#START7777
#2345678901234567890123456789012345678901234567890123456789012345678901234567890123456789012345678901234567890123456789012345678901234567890123456789012345678901234567890123456789012345678901234567890123456789012345678901234567890123456789012345678901234567890123456789012345678901234567890123456789012345678901234567890123
# YYMMDD STN   WS    WR  WD   WS   WS  WD   WS   WS    TA    TA   TA    TA   TA    TD    TS    TG    HM    HM   HM    PV  EV_S  EV_L    FG     PA     PS     PS   PS     PS   PS   CA   SS   SS   SS    SI    SI   SI     RN     RN    RN     RN   RN     RN   RN     RN   RN     SD   SD     SD   SD    TE    TE    TE    TE    TE
#    KST  ID  AVG   DAY MAX  MAX  MAX INS  INS  INS   AVG   MAX  MAX   MIN  MIN   AVG   AVG   MIN   AVG   MIN  MIN   AVG               DUR    AVG    AVG    MAX  MAX    MIN  MIN  TOT  DAY  DUR  CMB   DAY   60M  60M    DAY    D99   DUR    60M  60M    10M  10M    POW  POW    NEW  NEW    MAX  MAX     5    10    15    30    50
#             m/s     m  16  m/s   TM  16  m/s   TM     C     C   TM     C   TM     C     C     C     %     %   TM   hPa    mm    mm    hr    hPa    hPa    hPa   TM    hPa   TM    %   hr   hr   hr         MAX   TM     mm     mm    hr     mm   TM     mm   TM     mm   TM     cm   TM     cm   TM     C     C     C     C     C
20260512  90  2.1  1793  14  5.9 1402  25  9.7   10  19.0  22.9 1417  15.4 2304  11.6  25.1  12.4  63.3  47.0  939  13.7   6.7   4.7 -9.00 1006.2 1008.2 1010.0   26 1006.5 1940  3.5 12.7 14.2 -9.0 27.67  3.39 1300   -9.0   -9.0 -9.00   -9.0   -9   -9.0   -9   -9.0   -9   -9.0   -9   -9.0   -9 -99.0 -99.0 -99.0 -99.0 -99.0
20260512  93  0.8   729  20  3.3 1541  11  5.9 1451  18.9  25.8 1613  14.2  346  14.2  25.2  12.6  77.3  46.0 1622  16.2   5.5   3.9 -9.00  998.2 1009.4 1013.4    5 1005.7 1704  4.6  8.8 14.1 -9.0 23.39  2.88 1300   -9.0   -9.0 -9.00   -9.0   -9   -9.0   -9   -9.0   -9   -9.0   -9   -9.0   -9  17.5  16.2  14.6  12.3  12.0
20260512  95  0.9   747  34  2.2 1307  34  5.2 1259  17.8  23.6 1602  13.5  436  14.2  21.5  10.5  81.9  54.0 1630  16.2   4.8   3.4 -9.00  991.7 1009.8 1013.9    7 1006.6 1750  4.4  7.7 14.2 -9.0 22.28  3.54 1300    0.7   -9.0 -9.00    0.7    1    0.3   30   -9.0   -9   -9.0   -9   -9.0   -9 -99.0 -99.0 -99.0 -99.0 -99.0
20260512  98  0.8   656  29  2.5 1424  27  4.8 1635  18.0  24.8 1422  13.8  457  13.3  20.8  10.7  76.3  48.0 1455  15.3   5.3   3.7 -9.00  996.0 1009.5 1013.3    1 1006.3 1703  4.5  5.8 14.1 -9.0 20.20  3.21 1400    0.7   -9.0 -9.00    0.5  300    0.2  211   -9.0   -9   -9.0   -9   -9.0   -9 -99.0 -99.0 -99.0 -99.0 -99.0
20260512  99  0.9   767  34  3.0 1335  36  5.2 1338  17.2  23.7 1548  12.6 2352  14.1  21.6   9.1  84.4  56.0 1502  16.2   4.9   3.4 -9.00 1006.7 1010.3 1013.7    1 1007.4 1644  4.5  7.2 14.1 -9.0 20.26  3.61 1200    2.5   -9.0 -9.00    2.1  210    1.0  209   -9.0   -9   -9.0   -9   -9.0   -9 -99.0 -99.0 -99.0 -99.0 -99.0
20260512 100  2.2  1900  25  4.6  932  27  7.8   47  14.7  21.6 1210  11.3 2355  11.1  16.9   9.1  81.1  46.0 1156  13.2   4.1   2.8 -9.00  921.8 1009.1 1012.5    1 1005.8 1608  6.0  6.5 14.1 -9.0 19.40  3.58 1100    0.0   -9.0 -9.00    0.0   -9    0.0   -9   -9.0   -9   -9.0   -9   -9.0   -9 -99.0 -99.0 -99.0 -99.0 -99.0
20260512 101  1.2  1037  32  2.8 2156  20  4.6 1516  19.4  25.9 1638  14.7  332  13.7  25.3  11.2  73.0  43.0 1658  15.8   5.4   3.8 -9.00  999.5 1008.3 1012.5    2 1004.7 1657  4.1  8.0 14.1 -9.0 22.63  3.07 1400    0.0   -9.0 -9.00    0.0   -9    0.0   -9   -9.0   -9   -9.0   -9   -9.0   -9  16.8  14.8  13.6  13.3  15.3
20260512 102  1.6  1356  14  3.6  538  16  7.1  531  14.3  18.9 1421  11.2 2201  12.8  21.5   6.4  91.4  73.0 1412  14.8   3.3   2.3 10.08 1004.5 1008.8 1010.9  950 1007.1 1759  5.1  4.6 14.1 -9.0 16.84  3.34 1300    0.2   -9.0  3.33    0.1   -9    0.1    2   -9.0   -9   -9.0   -9   -9.0   -9 -99.0 -99.0 -99.0 -99.0 -99.0
20260512 104  1.5  1271  11  3.4 1605  23  5.9  200  19.8  23.8 1058  16.1 2144  13.0  21.4  12.0  66.1  48.0  909  15.0   5.1   3.6 -9.00  998.2 1006.9 1009.6    1 1004.8 1742  5.0  8.6 14.1 -9.0 20.77  3.19 1000   -9.0   -9.0 -9.00   -9.0   -9   -9.0   -9   -9.0   -9   -9.0   -9   -9.0   -9  18.2  15.3  13.7  11.9  13.0
20260512 105  2.1  1822   7  3.4 1141   5  7.6 1136  21.7  26.2 1059  18.7 2257  11.6  24.2  14.3  53.8  41.0 1036  13.7   6.2   4.4 -9.00 1005.0 1008.1 1010.8    1 1006.2 1737  5.1  8.6 14.1 -9.0 21.19  3.06 1100   -9.0   -9.0 -9.00   -9.0   -9   -9.0   -9   -9.0   -9   -9.0   -9   -9.0   -9  19.0  17.2  14.2  12.8  14.1
20260512 106  1.6  1364  14  3.6 1346  16  6.1 1347  19.6  24.8  906  16.5 2359  12.4  27.3  11.7  64.4  45.0 1340  14.4   5.9   4.1 -9.00 1004.0 1008.7 1011.4    1 1006.9 1758  5.5  7.3 14.1 -9.0 22.74  3.40 1300    0.0   -9.0 -9.00    0.0   -9    0.0   -9   -9.0   -9   -9.0   -9   -9.0   -9 -99.0 -99.0 -99.0 -99.0 -99.0
20260512 108  1.8  1591  29  4.1 1435  34  8.3  305  19.1  24.5 1557  15.4  330  13.9  22.1  11.4  74.1  47.0 1623  16.0   5.9   4.1 -9.00  999.6 1009.6 1013.1    2 1006.4 1654  4.8  6.9 14.1 -9.0 21.17  3.19 1200   18.1   -9.0  2.83   16.6  227    6.9  304   -9.0   -9   -9.0   -9   -9.0   -9  16.7  15.3  14.9  13.3  13.5
20260512 112  1.8  1578  29  3.7 1429  29  6.7 1705  18.3  22.9 1602  15.4    3  14.5  20.3   9.5  79.9  59.0 1619  16.6   5.5   3.8 -9.00 1001.5 1009.6 1012.6    1 1006.9 1651  4.5  7.5 14.1 -9.0 22.02  3.41 1200    1.8   -9.0  1.95    1.8  227    0.7  310   -9.0   -9   -9.0   -9   -9.0   -9  15.5  14.8  12.4  13.3  13.4
20260512 114  0.7   644  29  2.5 1520  34  4.5 1422  19.1  25.6 1709  15.0  448  14.4  22.4  10.2  76.8  48.0 1650  16.5   4.6   3.2 -9.00  991.7 1009.1 1013.2    1 1005.6 1704  5.8  6.0 14.1 -9.0 19.71  3.70 1200    1.7   -9.0 -9.00    1.7  311    0.8  318   -9.0   -9   -9.0   -9   -9.0   -9 -99.0 -99.0 -99.0 -99.0 -99.0
20260512 115  3.6  3135  25  7.4   47  27 13.5   21  18.8  22.2 1302  15.8 2353  14.2  22.2  13.6  75.4  65.0  134  16.3   5.7   4.0 -9.00  983.7 1009.2 1011.7    1 1007.7 1733  4.4  8.7 14.1 -9.0 23.54  3.27 1200    0.0   -9.0  0.33    0.0   -9    0.0   -9   -9.0   -9   -9.0   -9   -9.0   -9  16.5  13.4  12.9  11.8  13.2
20260512 119  1.7  1441  32  4.2 1557  29  8.2 1453  18.4  24.5 1648  14.2 2359  13.6  21.0  12.3  75.5  46.0 1704  15.6   5.1   3.6 -9.00 1004.6 1009.3 1013.1    1 1006.1 1650  5.4  7.2 14.1 -9.0 19.46  2.63 1500    0.0   -9.0  0.17    0.0   -9    0.0   -9   -9.0   -9   -9.0   -9   -9.0   -9  16.1  14.4  13.1  11.4  12.2
20260512 121  1.0   866  11  3.2 1354  32  5.1 1505  17.8  25.5 1201  12.8 2351  14.3  21.4   8.9  81.9  55.0 1153  16.4   3.8   2.7 -9.00  981.8 1009.7 1013.8    4 1006.5 1748  6.1  4.1 14.1 -9.0 17.98  2.98 1100    0.0   -9.0 -9.00    0.0   -9    0.0   -9   -9.0   -9   -9.0   -9   -9.0   -9 -99.0 -99.0 -99.0 -99.0 -99.0
20260512 127  1.1   940  34  3.8 1641  36  5.7 1636  19.1  25.8 1621  14.8 2359  13.3  22.4  11.1  71.5  40.0 1622  15.3   4.3   3.0 -9.00  995.2 1008.5 1012.5   11 1005.2 1624  6.1  4.1 14.1 -9.0 16.76  2.73 1500    0.0   -9.0 -9.00    0.0   -9    0.0   -9   -9.0   -9   -9.0   -9   -9.0   -9 -99.0 -99.0 -99.0 -99.0 -99.0
20260512 129  1.7  1508  32  5.6 1516  32  8.4 1507  17.8  23.4 1748  13.5 2355  14.0  21.3   9.7  81.3  50.0 1749  16.0   5.1   3.6 -9.00 1006.6 1009.5 1012.9    1 1007.0 1732  5.4  8.6 14.1 -9.0 21.80  3.22 1400   11.0   -9.0 -9.00    4.0  329    1.3  348   -9.0   -9   -9.0   -9   -9.0   -9  15.8  14.3  15.1  12.7  14.5
20260512 130  1.8  1555  16  3.9 1059  16  5.8 1040  18.3  21.9  804  15.2 2400  13.4  22.7  11.8  73.5  58.0  803  15.4  -9.0  -9.0 -9.00 1003.3 1009.1 1011.8    3 1007.1 1852  6.8  5.4 14.1 -9.0 -9.00 -9.00   -9    0.3   -9.0 -9.00    0.3 1449    0.3 1539   -9.0   -9   -9.0   -9   -9.0   -9 -99.0 -99.0 -99.0 -99.0 -99.0
20260512 131  1.3  1152   7  4.0 1252   5  7.1 1243  18.5  22.3 1402  15.8  744  14.3  20.4  14.3  77.9  55.0 1639  16.3   3.8   2.7 -9.00 1002.2 1009.1 1013.1    1 1006.4 1740  6.5  3.3 14.0 -9.0 14.18  2.25 1200   13.3    0.5  6.83    5.0  600    1.0  626   -9.0   -9   -9.0   -9   -9.0   -9 -99.0 -99.0 -99.0 -99.0 -99.0
20260512 133  1.0   837  16  3.2 1035  29  6.0 1201  17.2  21.2 1112  15.0 2325  15.5  18.5  12.9  90.4  65.0 1708  17.5   2.7   1.9 -9.00 1001.6 1009.6 1013.3    1 1007.1 1756  7.0  3.9 14.0 -9.0 10.47  2.42 1000   23.0    9.2  7.73    8.4 1211    2.9 1220   -9.0   -9   -9.0   -9   -9.0   -9  19.3  17.6  15.4  13.9  15.2
20260512 135  1.3  1094  29  5.5 1508  27  8.5 1500  16.3  22.4 1415  12.1 2329  13.3  19.2  10.6  84.0  57.0 1440  15.4   3.6   2.5 -9.00  980.9 1009.4 1013.2    1 1006.8 1444  6.4  3.8 14.0 -9.0 14.06  2.79 1100    5.2   -9.0 -9.00    4.1  136    1.8  216   -9.0   -9   -9.0   -9   -9.0   -9 -99.0 -99.0 -99.0 -99.0 -99.0
20260512 136  1.0   829  11  4.2 1722   7  7.4 1659  17.7  23.9 1250  13.8 2309  14.1  21.3  12.0  81.4  52.0 1419  16.2   3.3   2.3  0.25  993.9 1010.4 1013.4    1 1007.2 1505  6.5  1.4 14.0 -9.0 14.44  3.01 1100    3.2    0.0  2.25    3.2  111    2.6  110   -9.0   -9   -9.0   -9   -9.0   -9 -99.0 -99.0 -99.0 -99.0 -99.0
20260512 137  0.7   578  23  2.2 1532  34  5.4 1623  18.7  24.3 1216  14.5 2356  14.4  21.6  10.1  78.1  48.0 1503  16.4   3.6   2.5 -9.00  997.3 1008.6 1012.2   14 1005.7 1516  6.8  2.6 14.0 -9.0 14.11  2.73 1100    0.5   -9.0 -9.00    0.5    1    0.4    2   -9.0   -9   -9.0   -9   -9.0   -9 -99.0 -99.0 -99.0 -99.0 -99.0
20260512 138  2.2  1877  14  5.1 1315  14  9.1 1307  19.3  23.8 1153  16.3 2359  13.0  19.9  12.2  68.5  48.0 1125  15.0   3.6   2.5 -9.00 1008.6 1009.1 1011.9    1 1006.9 1628  6.6  2.5 14.0 -9.0 11.66  2.51 1000    4.6    4.6  3.75    2.8 1428    1.9 1435   -9.0   -9   -9.0   -9   -9.0   -9  18.4  16.2  15.4  14.7  15.6
20260512 140  2.5  2192  32  6.4  455  32  9.8  450  16.4  21.4 1614  13.5 2359  13.5  19.0  10.2  83.6  57.0 1607  15.5  -9.0  -9.0 -9.00 1007.1 1010.4 1013.7    1 1008.1 1802  5.9  5.7 14.0 -9.0 -9.00 -9.00   -9   26.6   -9.0 -9.00   11.5  526    4.4  603   -9.0   -9   -9.0   -9   -9.0   -9 -99.0 -99.0 -99.0 -99.0 -99.0
20260512 143  1.2  1052  18  4.0 1439  18  7.2 1437  18.9  24.4 1148  15.2 2350  13.3  21.9  11.4  71.9  41.0 1407  15.3   3.8   2.6 -9.00 1002.7 1009.0 1012.5  103 1006.5 1818  6.3  2.6 14.0 -9.0 14.48  2.83 1100    0.6   -9.0 -9.00    0.6  201    0.5  251   -9.0   -9   -9.0   -9   -9.0   -9 -99.0 -99.0 -99.0 -99.0 -99.0
20260512 146  2.0  1729  32  4.5  651  32  7.6  646  17.7  22.1 1745  14.1  708  13.7  18.3  10.6  78.5  55.0 1727  15.7   3.5   2.4 -9.00 1002.4 1009.5 1013.5    1 1006.8 1820  6.0  4.0 14.0 -9.0 13.98  2.88 1200   23.2    2.4  5.25   13.0  626    3.3  638   -9.0   -9   -9.0   -9   -9.0   -9 -99.0 -99.0 -99.0 -99.0 -99.0
20260512 152  1.6  1380  20  6.0 1520  23  9.8 1510  18.3  23.7 1154  14.0 2333  13.1  20.0  10.1  72.9  50.0 1057  15.1   4.1   2.9 -9.00  999.6 1009.1 1012.1    3 1006.9 1603  6.4  4.0 14.0 -9.0 15.88  2.94 1100    5.7   -9.0  0.77    5.7 1313    4.8 1350   -9.0   -9   -9.0   -9   -9.0   -9 -99.0 -99.0 -99.0 -99.0 -99.0
20260512 155  1.2  1051  16  4.5 1101  16  7.2 1412  16.7  21.5 1038  14.1 2335  14.8  18.7  11.3  89.4  71.0  919  16.8   2.4   1.7 -9.00 1005.7 1009.8 1013.6   46 1007.2 1805  7.0  0.8 13.9 -9.0  9.11  1.87 1000    2.4   -9.0  1.93    2.4 1142    2.4 1225   -9.0   -9   -9.0   -9   -9.0   -9 -99.0 -99.0 -99.0 -99.0 -99.0
20260512 156  1.3  1104   2  3.6  805  34  7.1  758  17.1  21.0 1636  14.2  856  14.0  18.2  11.6  82.8  63.0 1627  16.0   2.6   1.8 -9.00 1000.5 1008.7 1013.0    1 1006.0 1834  6.6  1.0 13.9 -9.0  8.97  1.60 1300   20.7   -9.0  4.23    9.4  725    2.2  757   -9.0   -9   -9.0   -9   -9.0   -9 -99.0 -99.0 -99.0 -99.0 -99.0
20260512 159  2.9  2527  23  6.8 1240  23  9.9 1227  17.7  22.6 1219  15.4 2355  14.4  20.2   9.0  81.5  65.0 1214  16.5   3.8   2.7 -9.00 1001.3 1009.4 1012.9   53 1006.9 1705  6.9  4.2 13.9 -9.0 16.52  2.71 1100    0.4    0.4  0.52    0.4 1312    0.3 1341   -9.0   -9   -9.0   -9   -9.0   -9  19.2  17.3  16.9  15.1  16.7
20260512 162  1.9  1632  18  6.8 1256  20 11.8 1249  16.6  19.4 1042  14.5 2349  14.8  19.1  11.6  89.4  78.0 1609  16.8   2.0   1.4 -9.00 1005.5 1009.2 1013.2   52 1006.7 1639  7.0  0.4 13.9 -9.0  7.90  1.58 1500    8.0   -9.0 -9.00    3.5 1234    2.7  930   -9.0   -9   -9.0   -9   -9.0   -9 -99.0 -99.0 -99.0 -99.0 -99.0
20260512 165  3.0  2612  29 10.5  750  32 15.4  743  16.7  19.3 1525  13.7  754  15.0  18.3   9.9  90.4  72.0 1558  17.0   2.8   2.0 -9.00 1004.7 1010.0 1014.0    1 1007.6 1803  6.0  2.6 13.9 -9.0 12.01  1.87 1300   58.3    5.2  6.58   29.3  557   10.9  635   -9.0   -9   -9.0   -9   -9.0   -9  17.8  16.8  15.0  14.4  14.3
20260512 168  2.3  2030   2  9.8 1142   2 14.7 1137  16.4  17.7    1  14.4 1122  14.8  17.2  12.6  91.0  87.0   45  16.9   1.5   1.1 -9.00 1002.2 1010.0 1014.2   43 1007.3 1651  8.5  0.5 13.9 -9.0  4.17  0.90 1400   50.0   49.4  6.90   29.6  944    7.6 1024   -9.0   -9   -9.0   -9   -9.0   -9  19.5  16.7  15.5  14.9  16.5
20260512 169  4.6  3950  16 11.1  421   5 16.6  832  16.2  20.9 1505  13.4  819  13.8  19.5  13.7  86.8  61.0 1645  15.8   4.9   3.4  3.67 1000.7 1009.6 1013.1    1 1007.9 1724  4.6  8.1 13.9 -9.0 21.81  3.63 1100    8.8   -9.0  4.93    5.1  711    2.7  724   -9.0   -9   -9.0   -9   -9.0   -9 -99.0 -99.0 -99.0 -99.0 -99.0
20260512 170  1.7  1456   9  7.0  825  11 18.2  817  16.7  20.3 1706  14.2 2353 -99.0  19.2  14.6  -9.0  68.0 1503  -9.0   1.9   1.4 -9.00   -9.0   -9.0 1014.0    8 1007.5 1721  6.3  2.4 13.9 -9.0  5.60  1.37 1400   27.6   -9.0 -9.00   27.0  800   17.4  813   -9.0   -9   -9.0   -9   -9.0   -9 -99.0 -99.0 -99.0 -99.0 -99.0
20260512 172  2.4  2079   7  7.5  758  34 12.0  700  16.6  20.4 1310  12.8 2354  14.0  16.2   9.6  86.0  62.0 1256  16.0   3.0   2.1 -9.00 1003.1 1009.3 1013.4    1 1006.9 1741  6.3  3.1 13.9 -9.0 12.64  2.77 1200   32.6   -9.0 -9.00   19.7  632    8.0  703   -9.0   -9   -9.0   -9   -9.0   -9 -99.0 -99.0 -99.0 -99.0 -99.0
20260512 174  1.1   908  29  4.9  916  29  9.8  908  14.4  19.4 1639  11.2 2349  12.7  17.0   9.2  90.4  64.0 1620  14.7  -9.0  -9.0 -9.00  989.1 1008.6 1013.1    7 1005.3 1739  6.8  2.3 13.9 -9.0 -9.00 -9.00   -9   16.4   -9.0 -9.00    5.6  827    1.6  919   -9.0   -9   -9.0   -9   -9.0   -9 -99.0 -99.0 -99.0 -99.0 -99.0
20260512 177  1.7  1497   9  3.6  635  18  6.8  231  17.7  24.3 1622  14.3  641  14.4  19.6  12.8  82.3  53.0 1557  16.4   4.2   2.9 -9.00 1005.1 1008.4 1011.6    1 1005.6 1734  5.8  5.8 14.0 -9.0 17.25  2.91 1400   32.1    0.1  9.25    7.6  240    2.2  243   -9.0   -9   -9.0   -9   -9.0   -9 -99.0 -99.0 -99.0 -99.0 -99.0
20260512 181  1.7  1484   2  5.3 1305  20  8.7 1408  17.1  22.5 1348  14.5 2349  14.8  18.4  10.6  87.1  59.0 1403  16.8   3.4   2.4 -9.00 1005.7 1009.6 1013.6    1 1006.9 1723  6.4  3.7 14.0 -9.0 14.21  2.70 1300   14.1   -9.0 -9.00    4.7  550    1.0  619   -9.0   -9   -9.0   -9   -9.0   -9 -99.0 -99.0 -99.0 -99.0 -99.0
20260512 184  2.1  1825   2 11.8 1044   2 17.6 1039  19.5  24.1 1443  16.1 1128  13.2  23.4  14.1  68.9  41.0 1435  15.3   4.2   3.0 -9.00 1006.9 1009.4 1012.8   31 1007.2 1641  6.5  6.1 13.8 -9.0 16.27  2.55  900    4.2    4.2  1.92    4.2 1045    2.1 1115   -9.0   -9   -9.0   -9   -9.0   -9  20.1  17.4  17.6  16.5  16.3
20260512 185  4.2  3636   5  7.9 1135   7 12.5 1122  17.7  21.4  918  13.9 1149  16.0  22.7  15.4  90.4  69.0 1402  18.2   3.5   2.4 -9.00 1001.4 1009.8 1013.5   13 1007.7 1707  5.5  6.1 13.8 -9.0 17.70  3.48 1300   14.4   -9.0 -9.00    8.5 1109    5.2 1144   -9.0   -9   -9.0   -9   -9.0   -9 -99.0 -99.0 -99.0 -99.0 -99.0
20260512 188  2.3  1960   7  5.2 1106  25 12.6 1050  17.8  21.5  834  14.5 2326  15.5 -99.0  16.2  86.9  71.0 1631  17.6  -9.0  -9.0 -9.00 1008.1 1010.5 1013.9   14 1008.2 1659  5.5  5.5 13.8 -9.0 -9.00 -9.00   -9   41.5   -9.0 -9.00   26.9 1028   12.3 1031   -9.0   -9   -9.0   -9   -9.0   -9 -99.0 -99.0 -99.0 -99.0 -99.0
20260512 189  1.4  1200  23  4.8 1115  23  8.3 1144  18.8  22.6 1014  15.8 1222  15.5  23.2  15.0  81.6  68.0 1536  17.6   3.7   2.6 -9.00 1004.3 1010.3 1014.0    1 1008.1 1817  5.9  5.7 13.8 -9.0 15.59  3.25 1400   18.1   18.1  2.83   18.1 1116   10.1 1157   -9.0   -9   -9.0   -9   -9.0   -9 -99.0 -99.0 -99.0 -99.0 -99.0
20260512 192  0.5   442  29  1.9 1516  32  3.6 1504  15.7  18.0 1019  13.3  454  14.5  18.2  11.4  93.1  83.0  113  16.6   1.2   0.8 -9.00 1006.4 1009.9 1013.8    3 1007.2 1808  7.3  0.4 13.9 -9.0  4.57  0.79  900   19.5   19.5 -9.00    8.3 1205    1.7 1244   -9.0   -9   -9.0   -9   -9.0   -9 -99.0 -99.0 -99.0 -99.0 -99.0
20260512 201  1.7  1472  29  4.4 2141  32  6.7 1320  17.2  22.4 1435  13.5  357  13.6  19.6   9.7  81.1  56.0 1809  15.6  -9.0  -9.0 -9.00 1004.7 1010.3 1013.8  133 1007.9 1738  4.4  7.7 14.1 -9.0 -9.00 -9.00   -9   22.6   -9.0 -9.00   20.4  121    7.7  122   -9.0   -9   -9.0   -9   -9.0   -9 -99.0 -99.0 -99.0 -99.0 -99.0
20260512 202  1.3  1099  29  2.7 1212  29  5.4 1550  19.3  25.0 1521  15.2  331  13.7  26.5  11.9  73.1  46.0 1642  15.7  -9.0  -9.0 -9.00 1003.9 1009.4 1013.4    4 1006.3 1726  5.4  8.4 14.1 -9.0 -9.00 -9.00   -9    0.5   -9.0 -9.00    0.3  138    0.2  224   -9.0   -9   -9.0   -9   -9.0   -9 -99.0 -99.0 -99.0 -99.0 -99.0
20260512 203  0.7   634  29  1.8 1446  34  4.3 1442  19.5  25.6 1613  15.7  114  15.1  21.7  14.5  78.5  46.0 1624  17.1  -9.0  -9.0 -9.00 1000.4 1009.7 1013.9    1 1006.4 1728  5.4  6.4 14.1 -9.0 -9.00 -9.00   -9   10.6   -9.0 -9.00    5.9  308    4.4  325   -9.0   -9   -9.0   -9   -9.0   -9 -99.0 -99.0 -99.0 -99.0 -99.0
20260512 211  0.9   746  23  2.7 1335  23  5.7 1329  17.7  24.6 1649  13.1  512  12.7  24.1   7.7  75.6  44.0 1718  14.7  -9.0  -9.0 -9.00  985.4 1008.8 1012.6   20 1004.9 1711  3.9  6.8 14.1 -9.0 -9.00 -9.00   -9    1.2   -9.0 -9.00    1.2   54    0.8  140   -9.0   -9   -9.0   -9   -9.0   -9 -99.0 -99.0 -99.0 -99.0 -99.0
20260512 212  0.8   719  32  2.5 1440  34  5.1 1437  18.6  25.0 1525  14.4  431  13.0  21.6  10.8  73.3  40.0 1630  15.0  -9.0  -9.0 -9.00  993.2 1009.5 1013.7    7 1005.9 1729  5.0  7.1 14.1 -9.0 -9.00 -9.00   -9    0.0   -9.0 -9.00    0.0   -9    0.0   -9   -9.0   -9   -9.0   -9   -9.0   -9 -99.0 -99.0 -99.0 -99.0 -99.0
20260512 216  1.1   939  20  2.9 1427  27  7.9   41  14.7  21.4 1033  11.1 2350  10.7  16.7  11.9  78.9  47.0 1035  12.9   2.9   2.0 -9.00  928.4 1009.5 1012.2    1 1007.4 1201  6.6  0.8 14.1 -9.0 11.23  2.51 1000    3.5   -9.0 -9.00    1.9 1421    1.5 1436   -9.0   -9   -9.0   -9   -9.0   -9 -99.0 -99.0 -99.0 -99.0 -99.0
20260512 217  1.2  1007  29  3.9 1523  29  7.0 1518  16.6  24.9 1253  11.9  512  12.5  24.7  11.8  79.5  42.0 1254  14.5  -9.0  -9.0 -9.00  973.7 1009.8 1013.6   38 1006.5 1526  6.8  5.1 14.1 -9.0 -9.00 -9.00   -9    0.7   -9.0 -9.00    0.5 1623    0.5 1713   -9.0   -9   -9.0   -9   -9.0   -9 -99.0 -99.0 -99.0 -99.0 -99.0
20260512 221  0.9   735  25  4.0 1458  23  6.5 1454  16.4  23.3 1320  12.2 2355  13.7  19.4  10.2  85.8  44.0 1340  15.7  -9.0  -9.0 -9.00  978.8 1009.5 1013.4    1 1006.6 1813  5.6  5.0 14.1 -9.0 -9.00 -9.00   -9    4.7   -9.0 -9.00    4.7 1456    3.1 1504   -9.0   -9   -9.0   -9   -9.0   -9 -99.0 -99.0 -99.0 -99.0 -99.0
20260512 226  0.9   777  27  4.0 1437  25  7.5 1451  16.6  23.4 1317  13.5 2328  14.3  18.6   8.0  88.3  55.0 1312  16.4  -9.0  -9.0 -9.00  989.7 1009.7 1013.6   11 1007.4 1407  6.8  1.8 14.0 -9.0 -9.00 -9.00   -9    0.5   -9.0 -9.00    0.2   -9    0.1   -9   -9.0   -9   -9.0   -9   -9.0   -9 -99.0 -99.0 -99.0 -99.0 -99.0
20260512 232  0.9   790  16  2.7 1532   5  4.9  952  17.9  24.0 1508  14.7 2334  14.8  21.9  12.1  84.8  48.0 1510  16.9  -9.0  -9.0 -9.00 1000.0 1009.9 1013.8    1 1007.0 1726  5.9  4.0 14.1 -9.0 -9.00 -9.00   -9   11.2   -9.0 -9.00    4.7  435    1.0  459   -9.0   -9   -9.0   -9   -9.0   -9 -99.0 -99.0 -99.0 -99.0 -99.0
20260512 235  1.1   984  16  4.6  729  16  6.9  726  15.8  21.8 1554  12.1 2339  13.9  18.3  10.1  89.0  66.0 1609  15.9   2.7   1.9 -9.00 1007.9 1009.1 1012.2    1 1006.8 1747  6.1  2.7 14.0 -9.0 10.06  2.31 1500   33.5   -9.0 -9.00   17.9  332    7.5  333   -9.0   -9   -9.0   -9   -9.0   -9 -99.0 -99.0 -99.0 -99.0 -99.0
20260512 236  0.8   690  32  4.3  437  32  8.0  430  16.7  21.5 1645  14.0 2352  14.5  17.9  11.5  88.3  60.0 1735  16.5  -9.0  -9.0 -9.00 1008.2 1009.8 1013.3    1 1007.4 1818  5.9  4.0 14.0 -9.0 -9.00 -9.00   -9   30.8   -9.0 -9.00   13.3  426    5.9  445   -9.0   -9   -9.0   -9   -9.0   -9 -99.0 -99.0 -99.0 -99.0 -99.0
20260512 238  0.8   714  29  2.7 1259  27  5.0 1252  16.6  21.2 1236  13.2 2337  14.2  17.5   8.8  87.6  64.0 1233  16.3  -9.0  -9.0 -9.00  989.2 1009.1 1012.9    1 1006.7 1730  5.9  2.7 14.0 -9.0 -9.00 -9.00   -9    1.5   -9.0 -9.00    0.8  723    0.3  734   -9.0   -9   -9.0   -9   -9.0   -9 -99.0 -99.0 -99.0 -99.0 -99.0
20260512 239  1.0   870  32  3.2  552  32  6.2  546  16.1  21.1 1722  14.2  741  15.5  17.6  12.3  96.6  74.0 1725  17.6   2.2   1.5 -9.00  998.7 1009.2 1012.9    1 1006.4 1747  6.1  3.1 14.0 -9.0  8.53  2.01 1500   34.1   -9.0 -9.00   13.8 1303    7.2 1320   -9.0   -9   -9.0   -9   -9.0   -9 -99.0 -99.0 -99.0 -99.0 -99.0
20260512 243  1.5  1323  16  4.0  859  16  6.7  852  16.6  20.6 1651  13.4 2359  13.9  17.8  11.3  85.1  63.0 1702  15.9  -9.0  -9.0 -9.00 1008.4 1009.8 1013.5    1 1007.7 1708  5.9  4.3 14.0 -9.0 -9.00 -9.00   -9   27.9   -9.0 -9.00   15.4  616    5.7  633   -9.0   -9   -9.0   -9   -9.0   -9 -99.0 -99.0 -99.0 -99.0 -99.0
20260512 244  1.1   956  32  3.1  808  27  6.5  749  16.5  21.0 1625  13.4 2259  13.0  18.6  10.3  81.5  56.0 1617  15.0  -9.0  -9.0 -9.00  980.8 1009.5 1013.6    1 1006.4 1623  6.5  4.6 14.0 -9.0 -9.00 -9.00   -9   15.2   -9.0 -9.00   13.0  752    5.8  756   -9.0   -9   -9.0   -9   -9.0   -9 -99.0 -99.0 -99.0 -99.0 -99.0
20260512 245  1.5  1318  34  6.7  652  36 12.1  648  17.3  21.3 1741  14.1  719  13.6  18.7  12.6  80.0  59.0 1746  15.6   3.4   2.4 -9.00 1001.5 1009.6 1013.6    1 1007.1 1805  6.5  5.0 14.0 -9.0 13.77  2.29 1100   22.7   -9.0 -9.00   11.0  642    4.4  700   -9.0   -9   -9.0   -9   -9.0   -9 -99.0 -99.0 -99.0 -99.0 -99.0
20260512 247  1.3  1161  29  3.1 1133  29  5.4  849  16.3  20.4 1712  14.1 2354  13.4  18.7  13.1  84.1  63.0 1718  15.4  -9.0  -9.0 -9.00  994.1 1009.7 1013.6   18 1006.6 1728  6.5  2.3 13.9 -9.0 -9.00 -9.00   -9    9.6   -9.0 -9.00    7.0  802    2.3  847   -9.0   -9   -9.0   -9   -9.0   -9 -99.0 -99.0 -99.0 -99.0 -99.0
20260512 248  1.3  1085  23  3.4  838  20  6.8  833  15.3  19.5 1650  11.3 2359  12.1  16.7   8.6  82.5  58.0 1637  14.1  -9.0  -9.0 -9.00  962.9 1009.9 1013.6    1 1006.4 1705  6.5  1.7 14.0 -9.0 -9.00 -9.00   -9    4.3   -9.0 -9.00    3.3  803    1.0  828   -9.0   -9   -9.0   -9   -9.0   -9 -99.0 -99.0 -99.0 -99.0 -99.0
20260512 251  1.2  1076  36  5.3  704  34 10.4  659  16.4  20.3 1723  12.8 2341  13.6  16.9  10.3  84.4  65.0 1726  15.6   3.0   2.1 -9.00 1002.2 1009.1 1013.1    1 1006.7 1809  6.4  3.6 13.9 -9.0 12.27  2.25 1200   28.5   -9.0 -9.00   14.8  645    5.5  713   -9.0   -9   -9.0   -9   -9.0   -9 -99.0 -99.0 -99.0 -99.0 -99.0
20260512 252  1.3  1094  34  5.3  700  32 11.7  651  16.3  20.6 1636  12.5 2357  13.5  17.5  10.1  84.5  61.0 1431  15.5   3.0   2.1 -9.00 1005.3 1009.7 1013.7    1 1007.3 1806  6.4  2.6 13.9 -9.0 12.97  2.11 1200   21.1   -9.0 -9.00    9.3  614    3.1  659   -9.0   -9   -9.0   -9   -9.0   -9 -99.0 -99.0 -99.0 -99.0 -99.0
20260512 253  1.6  1355  16  5.3 1311  16  9.9 1402  17.5  22.7 1156  14.2 2329  13.8  20.5  11.8  79.9  62.0 1253  15.9   3.7   2.6 -9.00 1004.1 1010.5 1014.1   34 1007.9 1625  6.9  2.7 13.9 -9.0 14.48  2.50 1100    0.1   -9.0 -9.00    0.1   -9    0.1   -9   -9.0   -9   -9.0   -9   -9.0   -9 -99.0 -99.0 -99.0 -99.0 -99.0
20260512 254  1.3  1103  36  5.8  808  29  9.7  759  16.1  20.9 1654  13.6 2355  13.1  17.7  10.8  83.5  58.0 1655  15.1   3.2   2.3 -9.00  995.1 1010.3 1014.3    1 1007.3 1621  7.0  3.9 13.9 -9.0 12.45  1.88 1300   22.9   -9.0 -9.00   14.2  732    5.2  804   -9.0   -9   -9.0   -9   -9.0   -9 -99.0 -99.0 -99.0 -99.0 -99.0
20260512 255  0.9   794  11  2.6 1521  16  6.0 1433  18.3  23.8 1126  15.0 2327  14.2  17.9  11.5  77.9  61.0 1103  16.2   2.7   1.9 -9.00 1003.5 1009.5 1013.5   23 1006.9 1626  7.1  0.6 13.9 -9.0  9.94  1.79 1100    0.3   -9.0 -9.00    0.3 1217    0.3 1255   -9.0   -9   -9.0   -9   -9.0   -9 -99.0 -99.0 -99.0 -99.0 -99.0
20260512 257  1.6  1395  25  5.4 1319  25 10.0 1310  18.4  24.3 1152  14.2 2318  14.5  20.1  10.8  79.5  56.0 1312  16.6   3.6   2.5 -9.00 1009.0 1009.7 1013.4   35 1007.0 1740  6.8  2.2 14.0 -9.0 13.50  2.46 1100    0.0   -9.0 -9.00    0.0   -9    0.0   -9   -9.0   -9   -9.0   -9   -9.0   -9 -99.0 -99.0 -99.0 -99.0 -99.0
20260512 258  1.7  1484  36  7.3  940   2 11.7  932  15.9  20.0 1737  13.0 2343  14.7  16.9  11.8  93.3  72.0 1549  16.7   2.1   1.4 -9.00 1010.0 1010.2 1014.6   22 1007.8 1654  6.4  2.1 13.9 -9.0  6.93  1.77 1500   29.3   -9.0 -9.00   15.3  848    7.4  922   -9.0   -9   -9.0   -9   -9.0   -9 -99.0 -99.0 -99.0 -99.0 -99.0
20260512 259  1.1   966  32  7.2  919  34 11.1  857  16.8  21.3 1628  14.1 2358  14.6  18.5  11.9  88.4  60.0 1724  16.6   2.6   1.8 -9.00 1007.9 1009.8 1013.9    1 1007.1 1727  6.4  2.4 13.9 -9.0  9.79  2.45 1500   17.1   -9.0 -9.00   11.4  854    7.1  903   -9.0   -9   -9.0   -9   -9.0   -9 -99.0 -99.0 -99.0 -99.0 -99.0
20260512 260  1.2  1032   2  5.5  909   2  9.4  902  16.0  21.4 1727  13.0 2253  13.8  17.6   9.7  87.8  61.0 1733  15.8  -9.0  -9.0 -9.00 1004.5 1009.7 1014.0    4 1007.0 1737  6.5  3.2 13.9 -9.0 -9.00 -9.00   -9   18.1   -9.0 -9.00    9.8  859    4.3  916   -9.0   -9   -9.0   -9   -9.0   -9 -99.0 -99.0 -99.0 -99.0 -99.0
20260512 261  2.2  1913  29 11.2  853  27 15.2  824  16.8  21.2 1552  12.3 2358  14.1  18.1   8.8  84.8  64.0 1542  16.1  -9.0  -9.0 -9.00 1008.0 1009.9 1014.2    3 1007.6 1807  6.1  3.2 13.9 -9.0 -9.00 -9.00   -9   14.1   -9.0 -9.00    7.9  651    5.0  702   -9.0   -9   -9.0   -9   -9.0   -9 -99.0 -99.0 -99.0 -99.0 -99.0
20260512 262  1.1   979  32  4.9  953   7  9.4  949  15.5  20.2 1609  12.1 2240  13.7  17.5  13.7  90.0  73.0 1610  15.8   2.1   1.5 -9.00 1003.6 1009.7 1014.0   16 1007.2 1657  6.5  1.4 13.9 -9.0  7.18  1.51 1500   33.1   -9.0 -9.00   18.4  856    9.2  856   -9.0   -9   -9.0   -9   -9.0   -9 -99.0 -99.0 -99.0 -99.0 -99.0
20260512 263  0.9   797  32  3.4 1523  11  4.8 1540  16.0  20.1 1052  13.2  515  13.5  18.9  10.5  85.9  69.0 1116  15.5   1.5   1.1 -9.00 1008.1 1009.8 1013.5    2 1007.2 1837  6.6  0.0 13.9 -9.0  6.46  1.01 1000    3.4   -9.0 -9.00    2.1 1256    0.7 1336   -9.0   -9   -9.0   -9   -9.0   -9 -99.0 -99.0 -99.0 -99.0 -99.0
20260512 264  1.1   975  11  3.6 1240  11  6.7 1235  16.8  22.4 1745  12.7  527  10.4  19.3  11.3  67.4  43.0 1756  12.6   4.2   2.9 -9.00  991.9 1009.6 1013.4    1 1006.4 1740  6.0  3.0 14.0 -9.0 15.00  2.72 1000    0.8   -9.0 -9.00    0.8  820    0.3  837   -9.0   -9   -9.0   -9   -9.0   -9 -99.0 -99.0 -99.0 -99.0 -99.0
20260512 266  1.0   900  29  4.4 1102  27  8.0 1051  17.2  19.6 1549  14.7 2351  15.8  19.1   0.0  93.1  76.0 1557  18.0   1.7   1.2 -9.00  999.8   -9.0 1009.4 1331 1007.4 1713  7.8  0.5 13.9 -9.0  6.02  1.80 1500   27.3   -9.0 -9.00   12.7  916    5.7  926   -9.0   -9   -9.0   -9   -9.0   -9 -99.0 -99.0 -99.0 -99.0 -99.0
20260512 268  1.9  1635   5  8.2  845   2 14.6  837  16.9  20.9 1404  13.2 2120  13.8  17.5  13.8  83.5  55.0 1549  15.8  -9.0  -9.0 -9.00 1007.7 1008.8 1012.7    1 1006.5 1735  6.3  4.3 13.9 -9.0 -9.00 -9.00   -9   21.1   -9.0 -9.00   12.8  834    8.1  836   -9.0   -9   -9.0   -9   -9.0   -9 -99.0 -99.0 -99.0 -99.0 -99.0
20260512 271  1.2  1004  14  5.0 1144  23 11.5 1239  16.0  24.2 1434  11.4 2400  12.3  22.4   9.9  82.3  45.0 1251  14.4  -9.0  -9.0 -9.00  972.3 1010.0 1013.2   18 1006.3 1430  5.6  4.7 14.1 -9.0 -9.00 -9.00   -9   24.4   -9.0 -9.00   18.1 1522    7.5 1537   -9.0   -9   -9.0   -9   -9.0   -9 -99.0 -99.0 -99.0 -99.0 -99.0
20260512 272  1.6  1393  32  5.1  207  29  8.1  204  17.1  23.3 1121  12.2 2358  13.7  21.7   9.8  82.9  53.0 1224  15.8  -9.0  -9.0 -9.00  985.0 1009.6 1012.5    1 1006.3 1530  6.0  4.6 14.1 -9.0 -9.00 -9.00   -9    6.7   -9.0 -9.00    5.4 1245    2.7 1323   -9.0   -9   -9.0   -9   -9.0   -9 -99.0 -99.0 -99.0 -99.0 -99.0
20260512 273  1.1   912  32  3.2   27  32  5.7   24  17.5  24.3 1413  12.8 2334  14.0  22.3   9.6  82.8  46.0 1535  16.0  -9.0  -9.0 -9.00  988.7 1008.8 1012.1    7 1005.4 1611  6.4  2.3 14.0 -9.0 -9.00 -9.00   -9    5.0   -9.0 -9.00    4.5 1814    1.8 1847   -9.0   -9   -9.0   -9   -9.0   -9 -99.0 -99.0 -99.0 -99.0 -99.0
20260512 276  1.1   937  14  6.3 1508  14 12.9 1507  17.0  23.5 1404  13.8 2105  14.3  19.6  11.4  86.1  51.0 1452  16.3   3.0   2.1 -9.00  985.0 1009.2 1012.5   29 1005.8 1444  6.9  1.8 14.0 -9.0 13.17  2.13 1200    9.1   -9.0 -9.00    3.8  229    1.6  233   -9.0   -9   -9.0   -9   -9.0   -9 -99.0 -99.0 -99.0 -99.0 -99.0
20260512 277  1.6  1347  16  5.0 1348  18 10.2 1352  18.3  24.7 1202  13.3 2336  13.8  22.8  11.3  76.9  50.0 1246  15.8  -9.0  -9.0 -9.00 1004.4 1009.2 1012.1    1 1007.0 1854  6.5  3.6 14.0 -9.0 -9.00 -9.00   -9    0.4   -9.0 -9.00    0.2   -9    0.2   -9   -9.0   -9   -9.0   -9   -9.0   -9 -99.0 -99.0 -99.0 -99.0 -99.0
20260512 278  0.8   670  27  2.6 1425  20  5.1 1555  17.7  23.9 1301  13.1 2332  15.0  20.5   9.7  86.5  49.0 1305  17.0  -9.0  -9.0 -9.00  999.1 1008.7 1012.0    9 1005.7 1455  6.8  1.6 14.0 -9.0 -9.00 -9.00   -9   17.9   -9.0 -9.00   11.4  317    7.3  325   -9.0   -9   -9.0   -9   -9.0   -9 -99.0 -99.0 -99.0 -99.0 -99.0
20260512 279  1.1   958  14  3.1 1203  11  6.2 1155  18.6  24.9 1326  13.9 2400  13.5  22.8  10.4  74.3  43.0 1302  15.5   3.9   2.7 -9.00 1003.4 1009.2 1012.8    1 1006.3 1510  6.5  1.9 14.0 -9.0 13.49  2.34 1200    0.0   -9.0 -9.00   -9.0   -9   -9.0   -9   -9.0   -9   -9.0   -9   -9.0   -9 -99.0 -99.0 -99.0 -99.0 -99.0
20260512 281  1.1   931  14  3.4 1316  14  8.1 1312  17.5  24.1 1247  13.8 2330  14.1  19.7  10.8  82.5  49.0 1252  16.2  -9.0  -9.0 -9.00  998.6 1009.9 1013.1    1 1007.5 1505  6.0  1.7 14.0 -9.0 -9.00 -9.00   -9    9.8   -9.0 -9.00    5.9 1314    3.3 1330   -9.0   -9   -9.0   -9   -9.0   -9 -99.0 -99.0 -99.0 -99.0 -99.0
20260512 283  1.9  1617  18  5.5 1506  16  9.0 1501  18.5  25.2 1209  13.2 2344  13.0  21.5   7.5  72.5  48.0 1215  15.0   4.3   3.0 -9.00 1005.0 1009.7 1013.0    5 1007.5 1442  6.5  3.6 14.0 -9.0 14.88  2.87 1100    0.0   -9.0 -9.00    0.0   -9    0.0   -9   -9.0   -9   -9.0   -9   -9.0   -9 -99.0 -99.0 -99.0 -99.0 -99.0
20260512 284  1.5  1306  14  5.2 1236  16  7.6 1229  16.7  23.0 1724  12.4 2359  12.7  20.0   9.2  78.5  54.0 1741  14.7   4.1   2.9 -9.00  981.8 1008.4 1012.1   37 1004.9 1724  6.0  3.8 14.0 -9.0 15.34  2.61 1000    0.2   -9.0 -9.00    0.1   -9    0.1   -9   -9.0   -9   -9.0   -9   -9.0   -9 -99.0 -99.0 -99.0 -99.0 -99.0
20260512 285  0.7   589  20  2.7 1221  20  6.0 1220  17.4  21.8 1040  14.5 2350  14.9  20.4  12.9  86.1  69.0 1542  16.9  -9.0  -9.0 -9.00 1006.5 1009.7 1013.3    1 1007.0 1758  6.5  1.3 14.0 -9.0 -9.00 -9.00   -9    0.5   -9.0 -9.00    0.5  836    0.3  850   -9.0   -9   -9.0   -9   -9.0   -9 -99.0 -99.0 -99.0 -99.0 -99.0
20260512 288  1.0   896  18  4.0 1307  14  6.9 1418  18.0  23.6 1219  14.3 2310  14.4  18.8  13.9  80.4  60.0 1220  16.4   3.0   2.1 -9.00 1007.4 1008.4 1012.1    1 1005.5 1830  6.3  2.9 14.0 -9.0 12.54  1.72 1200    8.4   -9.0 -9.00    8.4 1310    3.3 1336   -9.0   -9   -9.0   -9   -9.0   -9 -99.0 -99.0 -99.0 -99.0 -99.0
20260512 289  0.8   700   5  3.9 1213   7  6.6 1215  15.5  19.3 1004  12.8  521  14.2  18.0  10.9  92.6  74.0 1040  16.2  -9.0  -9.0 -9.00  994.2 1010.5 1014.2    1 1007.5 1754  6.5  1.2 13.9 -9.0 -9.00 -9.00   -9    4.3   -9.0 -9.00    2.5 1220    0.7 1221   -9.0   -9   -9.0   -9   -9.0   -9 -99.0 -99.0 -99.0 -99.0 -99.0
20260512 294  1.3  1092  14  5.2 1321  14  9.7 1312  17.2  22.1 1102  14.7 2341  14.0  20.4  12.6  82.0  65.0 1218  16.0  -9.0  -9.0 -9.00 1005.0 1010.3 1014.2   41 1007.8 1550  7.5  1.8 13.9 -9.0 -9.00 -9.00   -9    1.1   -9.0 -9.00    0.7 1206    0.4 1128   -9.0   -9   -9.0   -9   -9.0   -9 -99.0 -99.0 -99.0 -99.0 -99.0
20260512 295  0.9   756  32  3.8 1057  29  6.2 1104  16.1  18.1  200  14.2 2223  14.7  17.6  11.8  92.1  79.0    1  16.8  -9.0  -9.0 -9.00 1004.5 1009.9 1014.0   33 1007.3 1637  7.0  0.2 13.9 -9.0 -9.00 -9.00   -9  101.2   -9.0 -9.00   68.8 1021   16.5 1050   -9.0   -9   -9.0   -9   -9.0   -9 -99.0 -99.0 -99.0 -99.0 -99.0
20260512 296  1.9  1624  18  6.3 1341  18 10.7 1240  17.4  22.8 1221  13.3  506  14.5  18.6   8.3  83.8  61.0 1228  16.6   3.7   2.6 -9.00 1008.8 1009.2 1012.9   39 1006.6 1627  6.6  2.8 13.9 -9.0 15.45  2.74 1200    0.0   -9.0  1.02    0.0   -9    0.0   -9   -9.0   -9   -9.0   -9   -9.0   -9 -99.0 -99.0 -99.0 -99.0 -99.0
20260513  90  2.0  1750  14  5.9 1401  18  8.3 1541  18.6  24.7 1553  14.9  110  13.0  24.8  11.3  71.4  45.0 1531  15.0   6.7   4.7 -9.00 1006.3 1008.4 1011.9 2357 1006.8 1600  1.5 13.1 14.2 -9.0 28.48  3.46 1100   -9.0   -9.0 -9.00   -9.0   -9   -9.0   -9   -9.0   -9   -9.0   -9   -9.0   -9 -99.0 -99.0 -99.0 -99.0 -99.0
20260513  93  0.9   788  20  4.0 1702  20  6.5 1656  19.4  28.5 1540  11.5  510  13.1  25.2   9.6  72.0  35.0 1602  15.1   7.5   5.2 -9.00  998.3 1009.5 1011.6 2329 1006.5 1620  1.1  9.9 14.2 -9.0 26.30  3.54 1200   -9.0   -9.0 -9.00   -9.0   -9   -9.0   -9   -9.0   -9   -9.0   -9   -9.0   -9  18.6  16.3  14.7  12.3  12.0
20260513  95  1.1   932  23  3.2 1709  25  6.2 1559  18.6  26.4 1429  11.4  553  13.5  22.6   8.0  76.4  39.0 1643  15.5   7.3   5.1 -9.00  992.1 1010.2 1012.4 2334 1007.8 1538  1.4 10.3 14.2 -9.0 27.63  3.50 1200    0.0    0.0 -9.00    0.0   -9    0.0   -9   -9.0   -9   -9.0   -9   -9.0   -9 -99.0 -99.0 -99.0 -99.0 -99.0
20260513  98  0.9   775  29  3.2 1538  29  6.6 1529  18.4  28.7 1533  11.8  459  11.6  23.5  -9.0  65.4  29.0 1434  13.7   7.1   4.9 -9.00  996.2 1009.9 1011.8 2346 1007.9 1533  2.5 10.9 14.2 -9.0 27.41  3.54 1200   -9.0   -9.0 -9.00   -9.0   -9   -9.0   -9   -9.0   -9   -9.0   -9   -9.0   -9 -99.0 -99.0 -99.0 -99.0 -99.0
20260513  99  0.9   819  34  2.9 1350  34  5.6 1445  17.4  24.8 1041  10.0  518  13.1  23.3  -9.0  77.3  45.0 1326  15.2   6.0   4.2 -9.00 1007.1 1010.5 1012.5 2352 1009.2 1720  2.3  9.1 14.2 -9.0 25.12  3.53 1200    0.0   -9.0 -9.00    0.0   -9    0.0   -9   -9.0   -9   -9.0   -9   -9.0   -9 -99.0 -99.0 -99.0 -99.0 -99.0
20260513 100  1.5  1274  11  3.8 1348  11  6.5 1341  16.3  24.7 1417  10.7 2400  11.0  22.5   7.1  76.5  32.0 1434  13.2   6.0   4.2 -9.00  922.2 1008.9 1013.4 2354 1004.6 1459  1.3  7.8 14.1 -9.0 24.46  3.64 1200   -9.0   -9.0 -9.00   -9.0   -9   -9.0   -9   -9.0   -9   -9.0   -9   -9.0   -9 -99.0 -99.0 -99.0 -99.0 -99.0
20260513 101  1.4  1247  23  3.5 1718  23  6.3 1614  20.0  28.6 1534  12.6  351  13.0  25.0   7.8  68.6  34.0 1554  15.0   7.8   5.4 -9.00  999.6 1008.4 1010.7 2330 1005.5 1613  1.1  9.6 14.2 -9.0 25.62  3.46 1200   -9.0   -9.0 -9.00   -9.0   -9   -9.0   -9   -9.0   -9   -9.0   -9   -9.0   -9  17.4  14.9  13.7  13.4  15.2
20260513 102  2.3  1966  16  4.9 1315  16  8.8 1315  12.9  14.8 1256  11.6    6  11.9  16.7   7.4  94.0  85.0 1323  14.0   2.1   1.4  6.77 1004.9 1009.2 1010.6 2356 1008.0  541  9.1  0.0 14.2 -9.0 11.05  2.05 1300    0.0   -9.0  4.25    0.0   -9    0.0   -9   -9.0   -9   -9.0   -9   -9.0   -9 -99.0 -99.0 -99.0 -99.0 -99.0
20260513 104  1.6  1348  11  3.9 1554  11  6.5 1204  20.6  26.5 1347  15.9  503  13.7  24.3  11.7  67.0  44.0  952  15.7   7.1   5.0 -9.00  998.2 1006.8 1010.2 2350 1005.2 1524  0.8 13.3 14.1 -9.0 28.77  3.53 1200   -9.0   -9.0 -9.00   -9.0   -9   -9.0   -9   -9.0   -9   -9.0   -9   -9.0   -9  18.5  15.6  13.8  11.9  13.0
20260513 105  2.0  1710   9  3.5 1211   9  6.4 1209  22.7  28.0 1417  17.9  525  13.0  28.1  13.5  55.9  39.0 1117  15.0   7.3   5.1 -9.00 1004.9 1008.0 1011.1 2335 1006.4 1505  0.0 12.5 14.1 -9.0 26.99  3.39 1200   -9.0   -9.0 -9.00   -9.0   -9   -9.0   -9   -9.0   -9   -9.0   -9   -9.0   -9  19.6  17.6  14.0  12.6  13.8
20260513 106  1.8  1573  14  4.0 1437  18  6.9 1212  19.1  25.1 1258  15.2 2350  13.2  28.2  10.0  70.5  46.0 1251  15.2   7.0   4.9 -9.00 1004.0 1008.7 1011.4 2331 1007.3   31  0.0 12.6 14.1 -9.0 28.92  3.57 1200   -9.0   -9.0 -9.00   -9.0   -9   -9.0   -9   -9.0   -9   -9.0   -9   -9.0   -9 -99.0 -99.0 -99.0 -99.0 -99.0
20260513 108  2.0  1725  25  4.7 1507  25  8.0 1442  19.7  26.2 1440  13.4  533  12.2  22.6   9.7  64.0  41.0 1420  14.2   7.5   5.3 -9.00  999.8 1009.8 1011.5 2352 1008.4 1719  2.0 11.5 14.1 -9.0 28.33  3.63 1200    0.0    0.0  0.27    0.0   -9    0.0   -9   -9.0   -9   -9.0   -9   -9.0   -9  17.3  15.4  15.0  13.3  13.5
20260513 112  1.7  1493  25  3.9 1246  25  6.4 1305  17.7  21.9 1231  13.8  531  13.6  22.2   8.8  78.3  59.0 1440  15.6   6.0   4.2 -9.00 1002.0 1010.1 1011.6 2341 1008.9   36  1.9 11.3 14.1 -9.0 27.84  3.51 1200   -9.0   -9.0 -9.00   -9.0   -9   -9.0   -9   -9.0   -9   -9.0   -9   -9.0   -9  16.2  14.9  12.4  13.4  13.4
20260513 114  1.1   913  23  2.9 1902  25  5.6 1710  20.4  27.7 1558  13.2  517  13.4  25.3   7.8  68.0  34.0 1606  15.4   7.4   5.1 -9.00  992.0 1009.3 1011.4 2341 1006.7 1557  0.0  9.7 14.1 -9.0 26.98  3.55 1200   -9.0   -9.0 -9.00   -9.0   -9   -9.0   -9   -9.0   -9   -9.0   -9   -9.0   -9 -99.0 -99.0 -99.0 -99.0 -99.0
20260513 115  4.3  3682  23  6.6  327  20 10.2  323  18.9  22.8 1414  15.8    3  13.7  22.4  12.4  72.6  56.0 1515  15.7   6.6   4.6 -9.00  983.9 1009.5 1012.4 2347 1008.0 1519  0.8 12.6 14.1 -9.0 27.62  3.38 1200   -9.0   -9.0 -9.00   -9.0   -9   -9.0   -9   -9.0   -9   -9.0   -9   -9.0   -9  16.8  13.6  13.0  11.9  13.2
20260513 119  1.8  1529  29  5.2 1516  32  8.5 1450  18.1  25.2 1308  12.0  439  12.2  26.3   8.7  71.9  38.0 1508  14.2   7.0   4.9 -9.00 1005.2 1009.9 1011.7 2348 1008.4 1703  1.5 10.6 14.1 -9.0 27.71  3.50 1200   -9.0   -9.0 -9.00   -9.0   -9   -9.0   -9   -9.0   -9   -9.0   -9   -9.0   -9  16.8  14.6  13.2  11.5  12.2
20260513 121  1.1   952  27  3.5 1645  27  5.9 1751  19.0  28.8 1608  11.9  125  12.2  25.1   8.2  70.3  25.0 1420  14.3   7.2   5.0 -9.00  981.8 1009.6 1012.1 2342 1005.7 1629  2.3  8.7 14.1 -9.0 25.14  3.58 1200   -9.0   -9.0 -9.00   -9.0   -9   -9.0   -9   -9.0   -9   -9.0   -9   -9.0   -9 -99.0 -99.0 -99.0 -99.0 -99.0
20260513 127  1.1   950  25  3.0 1856  25  5.5 1851  20.0  28.4 1533  13.6  331  12.0  25.3  10.0  64.4  32.0 1501  14.1   7.5   5.3 -9.00  995.5 1008.8 1010.6 2359 1006.2 1716  2.1  9.8 14.1 -9.0 26.95  3.51 1200   -9.0   -9.0 -9.00   -9.0   -9   -9.0   -9   -9.0   -9   -9.0   -9   -9.0   -9 -99.0 -99.0 -99.0 -99.0 -99.0
20260513 129  1.6  1352  25  4.8 1219  25  7.5 1213  17.3  23.8 1416  12.0  611  12.9  22.4   8.3  78.0  49.0 1151  14.9   6.2   4.4 -9.00 1007.3 1010.3 1011.8 2300 1009.0 1709  2.0 10.3 14.1 -9.0 27.34  3.59 1200   -9.0   -9.0 -9.00   -9.0   -9   -9.0   -9   -9.0   -9   -9.0   -9   -9.0   -9  16.7  14.5  15.2  12.8  14.5
20260513 130  1.8  1557  16  4.8 1129  18  6.7 1128  16.9  21.9  805  12.2  521  12.7  24.6   9.8  77.3  59.0  803  14.8  -9.0  -9.0 -9.00 1003.1 1008.9 1011.4 2347 1007.6 1559  0.9 12.4 14.1 -9.0 -9.00 -9.00   -9   -9.0   -9.0 -9.00   -9.0   -9   -9.0   -9   -9.0   -9   -9.0   -9   -9.0   -9 -99.0 -99.0 -99.0 -99.0 -99.0
20260513 131  1.3  1128  27  2.9 1620  27  6.4 1736  20.4  28.2 1605  13.6  422  12.1  23.5  12.0  62.0  34.0 1555  14.1   7.8   5.5 -9.00 1002.5 1009.3 1011.1 2341 1007.1 1601  1.8 10.7 14.1 -9.0 29.02  3.73 1200   -9.0   -9.0 -9.00   -9.0   -9   -9.0   -9   -9.0   -9   -9.0   -9   -9.0   -9 -99.0 -99.0 -99.0 -99.0 -99.0
20260513 133  1.3  1114  32  4.0 1808  34  6.9 1750  20.0  27.7 1602  13.6  259  12.9  22.4  11.2  67.8  29.0 1636  14.9   7.4   5.2 -9.00 1001.8 1009.7 1011.6 2315 1007.6 1647  2.3 11.6 14.0 -9.0 28.79  3.60 1200   -9.0   -9.0 -9.00   -9.0   -9   -9.0   -9   -9.0   -9   -9.0   -9   -9.0   -9  19.1  17.7  15.9  14.3  15.6
20260513 135  1.5  1331  27  5.2  800  27  7.3  936  19.1  27.2 1600  10.9  430  11.8  22.6   9.0  66.6  37.0 1603  13.9   7.1   4.9 -9.00  980.7 1008.9 1011.0 2346 1006.1 1546  0.1 11.6 14.0 -9.0 28.22  3.69 1200   -9.0   -9.0 -9.00   -9.0   -9   -9.0   -9   -9.0   -9   -9.0   -9   -9.0   -9 -99.0 -99.0 -99.0 -99.0 -99.0
20260513 136  0.9   777  27  2.4 1658  29  4.2 1730  19.5  28.4 1549  13.1  615  12.9  25.9  14.1  70.5  32.0 1716  14.9   6.8   4.7  0.58  993.4 1009.8 1011.8  939 1007.0 1654  2.0  7.8 14.1 -9.0 24.42  3.62 1200   -9.0   -9.0 -9.00   -9.0   -9   -9.0   -9   -9.0   -9   -9.0   -9   -9.0   -9 -99.0 -99.0 -99.0 -99.0 -99.0
20260513 137  0.8   661  23  1.9 2026  27  4.1 1824  21.0  29.2 1557  12.8  258  12.8  27.9   8.6  64.4  28.0 1542  14.8   7.6   5.3 -9.00  997.0 1008.1 1009.8  743 1005.4 1721  0.0 10.4 14.0 -9.0 27.86  3.58 1200   -9.0   -9.0 -9.00   -9.0   -9   -9.0   -9   -9.0   -9   -9.0   -9   -9.0   -9 -99.0 -99.0 -99.0 -99.0 -99.0
20260513 138  2.4  2080  11  4.8 1259  11  6.9 1606  20.6  26.0 1452  14.0  518  11.9  23.7  10.9  60.9  34.0 1542  14.0   7.8   5.4 -9.00 1007.9 1008.4 1010.2 2353 1006.7 1533  0.1 13.0 14.0 -9.0 28.35  3.49 1200   -9.0   -9.0 -9.00   -9.0   -9   -9.0   -9   -9.0   -9   -9.0   -9   -9.0   -9  18.5  16.3  15.5  14.6  15.7
20260513 140  2.3  1980  27  6.4 1417  27  8.5 1341  16.1  22.1 1300  13.0  106  13.3  19.8  10.3  84.3  64.0 1204  15.3  -9.0  -9.0 -9.00 1007.7 1011.0 1012.9 2336 1009.7    1  3.5  8.0 14.0 -9.0 -9.00 -9.00   -9   -9.0   -9.0 -9.00   -9.0   -9   -9.0   -9   -9.0   -9   -9.0   -9   -9.0   -9 -99.0 -99.0 -99.0 -99.0 -99.0
20260513 143  1.1   923  11  2.5 1357  11  3.9 1350  20.9  28.5 1825  13.0  510  12.3  27.4   8.4  62.8  30.0 1851  14.4   6.7   4.7 -9.00 1001.9 1008.2 1010.1 2341 1005.8 1603  0.3  9.3 14.0 -9.0 25.21  3.52 1200   -9.0   -9.0 -9.00   -9.0   -9   -9.0   -9   -9.0   -9   -9.0   -9   -9.0   -9 -99.0 -99.0 -99.0 -99.0 -99.0
20260513 146  1.8  1593  27  5.9 1626  27  8.6 1627  18.9  26.9 1508  13.9  330  13.8  21.1   9.5  74.6  46.0 1511  15.8   6.8   4.8 -9.00 1002.8 1009.9 1012.0 2344 1007.9 1502  2.9  9.5 14.0 -9.0 26.41  3.55 1200   -9.0   -9.0 -9.00   -9.0   -9   -9.0   -9   -9.0   -9   -9.0   -9   -9.0   -9 -99.0 -99.0 -99.0 -99.0 -99.0
20260513 152  1.2  1072  16  3.3 1303  16  7.9 1228  18.1  23.8 1109  12.1  450  11.7  22.6   8.0  68.9  40.0 1432  13.7   6.8   4.8 -9.00  999.3 1008.7 1010.3 2324 1007.5 1531  0.0 13.1 14.0 -9.0 29.22  3.58 1200   -9.0   -9.0 -9.00   -9.0   -9   -9.0   -9   -9.0   -9   -9.0   -9   -9.0   -9 -99.0 -99.0 -99.0 -99.0 -99.0
20260513 155  1.8  1591  18  5.1 1242  20  8.5 1236  18.1  24.6 1135  13.0  552  13.3  24.4  10.1  76.0  49.0 1107  15.3   6.6   4.6 -9.00 1005.3 1009.4 1011.1 2347 1008.3 1524  0.1 11.2 14.0 -9.0 28.56  3.54 1200   -9.0   -9.0 -9.00   -9.0   -9   -9.0   -9   -9.0   -9   -9.0   -9   -9.0   -9 -99.0 -99.0 -99.0 -99.0 -99.0
20260513 156  1.6  1421  23  3.1 1941  23  7.2 1647  19.6  27.7 1529  13.0  457  14.7  22.9   9.7  75.6  47.0 1530  16.8   6.6   4.6 -9.00 1000.4 1008.6 1010.5 2354 1006.5 1559  2.4 10.5 14.0 -9.0 27.57  3.60 1200   -9.0   -9.0 -9.00   -9.0   -9   -9.0   -9   -9.0   -9   -9.0   -9   -9.0   -9 -99.0 -99.0 -99.0 -99.0 -99.0
20260513 159  2.4  2033  23  5.2 1211  23  7.1 1242  18.6  22.7 1429  14.2  351  13.1  25.8   7.3  71.4  49.0 1417  15.1   6.9   4.8 -9.00 1000.9 1009.0 1010.5 2327 1008.1  114  0.3 12.2 14.0 -9.0 30.00  3.72 1200   -9.0   -9.0 -9.00   -9.0   -9   -9.0   -9   -9.0   -9   -9.0   -9   -9.0   -9  18.9  17.5  17.0  15.1  16.7
20260513 162  1.8  1550  18  4.3 1517  18  7.4 1222  17.4  21.5 1735  13.6  548  14.4  22.4  10.3  83.6  66.0 1735  16.4   5.8   4.0 -9.00 1005.3 1009.0 1010.7 2345 1007.8 1642  0.0 10.6 13.9 -9.0 27.61  3.63 1200   -9.0   -9.0 -9.00   -9.0   -9   -9.0   -9   -9.0   -9   -9.0   -9   -9.0   -9 -99.0 -99.0 -99.0 -99.0 -99.0
20260513 165  2.3  1970  27  5.2 1643  27  7.9 1705  16.7  22.7 1613  12.8  457  14.9  21.9   8.6  90.3  66.0 1615  16.9   5.7   4.0 -9.00 1005.0 1010.3 1011.5 2334 1009.3  312  2.1  9.5 13.9 -9.0 27.27  3.63 1200   -9.0   -9.0 -9.00   -9.0   -9   -9.0   -9   -9.0   -9   -9.0   -9   -9.0   -9  17.7  17.0  15.3  14.6  14.3
20260513 168  2.0  1737  29  3.6  230  29  5.5  237  18.3  22.3 1447  14.4  530  14.8  22.6  10.8  81.0  63.0 1449  16.8   3.1   2.2 -9.00 1002.2 1009.9 1011.4 2337 1008.9  238  0.4  6.9 13.9 -9.0 12.61  2.63 1500   -9.0   -9.0 -9.00   -9.0   -9   -9.0   -9   -9.0   -9   -9.0   -9   -9.0   -9  18.4  17.0  15.6  15.0  16.6
20260513 169  1.7  1509  34  3.3 1636  34  4.6 1354  15.7  19.9 1211  12.1  330  13.3  21.9  12.7  86.6  68.0 1225  15.3   5.8   4.1  5.22 1001.4 1010.3 1011.7 2319 1009.0  219  5.0 11.3 13.9 -9.0 29.21  3.70 1200   -9.0   -9.0 -9.00   -9.0   -9   -9.0   -9   -9.0   -9   -9.0   -9   -9.0   -9 -99.0 -99.0 -99.0 -99.0 -99.0
20260513 170  1.5  1264  29  3.2 1654  36  5.9 1643  19.0  25.7 1447  12.4  428  14.2  22.4  12.6  75.3  47.0 1552  16.2   6.9   4.8 -9.00 1005.8 1010.0 1011.3 2347 1008.9 1533  0.0 12.9 13.9 -9.0 29.62  3.66 1200   -9.0   -9.0 -9.00   -9.0   -9   -9.0   -9   -9.0   -9   -9.0   -9   -9.0   -9 -99.0 -99.0 -99.0 -99.0 -99.0
20260513 172  2.2  1858  29  5.7 1444  29  7.8 1442  17.3  24.0 1403  12.5   58  14.3  20.0   9.4  84.8  60.0 1338  16.4   6.5   4.6 -9.00 1003.6 1009.8 1011.5 2309 1008.5 1446  2.5 10.3 14.0 -9.0 28.91  3.77 1200   -9.0   -9.0 -9.00   -9.0   -9   -9.0   -9   -9.0   -9   -9.0   -9   -9.0   -9 -99.0 -99.0 -99.0 -99.0 -99.0
20260513 174  1.4  1249  18  3.5 1459  16  6.3 1507  17.8  25.8 1446  10.5  200  13.1  21.2   9.1  76.9  46.0 1407  15.1  -9.0  -9.0 -9.00  988.9 1008.1 1010.3 2344 1006.0 1522  0.5  7.9 13.9 -9.0 -9.00 -9.00   -9   -9.0   -9.0 -9.00   -9.0   -9   -9.0   -9   -9.0   -9   -9.0   -9   -9.0   -9 -99.0 -99.0 -99.0 -99.0 -99.0
20260513 177  1.5  1293  20  4.2 1526  18  5.8 1315  18.7  25.9 1510  12.5  354  14.5  21.5  10.7  78.9  55.0 1220  16.6   6.1   4.3  3.58 1005.6 1008.9 1010.8 2330 1007.1 1712  3.8  8.5 14.1 -9.0 26.03  3.58 1200   -9.0   -9.0 -9.00   -9.0   -9   -9.0   -9   -9.0   -9   -9.0   -9   -9.0   -9 -99.0 -99.0 -99.0 -99.0 -99.0
20260513 181  1.7  1446  32  5.5 1725  29  9.0 1722  18.9  27.0 1557  12.9  137  13.1  21.5   9.3  72.6  35.0 1529  15.1   7.3   5.1 -9.00 1006.0 1009.9 1011.7 2334 1007.9 1511  1.5 10.3 14.1 -9.0 28.02  3.67 1200   -9.0   -9.0 -9.00   -9.0   -9   -9.0   -9   -9.0   -9   -9.0   -9   -9.0   -9 -99.0 -99.0 -99.0 -99.0 -99.0
20260513 184  2.1  1834   2  4.0 1307  27  6.1 1549  18.2  21.9 1607  16.0 2400  14.3  25.6  13.6  79.0  64.0 1415  16.3   6.1   4.3 -9.00 1007.3 1009.7 1011.1 2311 1008.3  302  3.6 10.6 13.9 -9.0 28.03  3.62 1200   -9.0   -9.0 -9.00   -9.0   -9   -9.0   -9   -9.0   -9   -9.0   -9   -9.0   -9  20.2  18.3  17.7  16.5  16.3
20260513 185  3.7  3160  32  6.8 1050  32  8.1 1043  17.6  21.4 1302  15.4 2400  15.0  22.8  15.0  85.6  67.0 1307  17.1   5.9   4.1 -9.00 1001.6 1010.0 1011.4 2242 1008.8  413  1.5 10.6 13.8 -9.0 27.74  3.66 1200   -9.0   -9.0 -9.00   -9.0   -9   -9.0   -9   -9.0   -9   -9.0   -9   -9.0   -9 -99.0 -99.0 -99.0 -99.0 -99.0
20260513 188  2.0  1733  18  4.6 1512  18  7.0 1427  18.1  22.2 1455  13.1  412  14.7 -99.0  11.6  81.9  63.0 1205  16.7  -9.0  -9.0 -9.00 1007.9 1010.3 1011.7 2320 1009.1  317  0.1 12.7 13.8 -9.0 -9.00 -9.00   -9   -9.0   -9.0 -9.00   -9.0   -9   -9.0   -9   -9.0   -9   -9.0   -9   -9.0   -9 -99.0 -99.0 -99.0 -99.0 -99.0
20260513 189  1.7  1437  23  3.9 1501  23  6.0 1457  18.7  22.7 1439  14.5  421  14.3  22.6  12.8  76.3  60.0 1751  16.3   6.2   4.3 -9.00 1004.2 1010.2 1011.7 2244 1008.9  318  1.9 10.8 13.8 -9.0 27.57  3.53 1100   -9.0   -9.0 -9.00   -9.0   -9   -9.0   -9   -9.0   -9   -9.0   -9   -9.0   -9 -99.0 -99.0 -99.0 -99.0 -99.0
20260513 192  0.8   705  25  2.6 1642  20  6.3 1559  18.3  26.2 1457  13.5  541  14.3  22.8  13.1  80.4  45.0 1512  16.3   6.1   4.3 -9.00 1006.0 1009.5 1011.3 2339 1007.8 1512  2.3  9.5 14.0 -9.0 26.15  3.64 1200   -9.0   -9.0 -9.00   -9.0   -9   -9.0   -9   -9.0   -9   -9.0   -9   -9.0   -9 -99.0 -99.0 -99.0 -99.0 -99.0
20260513 201  1.9  1639  27  4.9 1303  27  7.4 1259  16.0  21.5 1131  11.2  535  13.4  21.0   6.0  86.1  58.0 1111  15.4  -9.0  -9.0 -9.00 1005.2 1010.9 1012.4 2329 1009.6    1  2.3 10.2 14.1 -9.0 -9.00 -9.00   -9    0.0   -9.0 -9.00    0.0   -9    0.0   -9   -9.0   -9   -9.0   -9   -9.0   -9 -99.0 -99.0 -99.0 -99.0 -99.0
20260513 202  1.3  1122  29  2.8 1421  29  6.1 1745  19.9  28.0 1519  13.1  515  12.6  28.8   8.6  67.9  29.0 1547  14.7  -9.0  -9.0 -9.00 1004.1 1009.6 1011.4 2352 1007.7 1545  1.3  9.9 14.1 -9.0 -9.00 -9.00   -9   -9.0   -9.0 -9.00   -9.0   -9   -9.0   -9   -9.0   -9   -9.0   -9   -9.0   -9 -99.0 -99.0 -99.0 -99.0 -99.0
20260513 203  1.1   923  23  2.9 1715  25  6.1 1707  19.8  28.2 1559  12.2  554  13.8  25.9  10.3  71.6  41.0 1600  15.8  -9.0  -9.0 -9.00 1000.7 1010.0 1011.8 2352 1007.7 1600  0.8 10.5 14.1 -9.0 -9.00 -9.00   -9   -9.0   -9.0 -9.00   -9.0   -9   -9.0   -9   -9.0   -9   -9.0   -9   -9.0   -9 -99.0 -99.0 -99.0 -99.0 -99.0
20260513 211  1.1   938  20  2.9 1517  20  6.0 1551  18.9  28.2 1502  10.9  405  11.9  24.9   6.2  68.8  32.0 1524  14.0  -9.0  -9.0 -9.00  985.4 1008.8 1011.7 2350 1005.5 1551  0.4  9.2 14.2 -9.0 -9.00 -9.00   -9   -9.0   -9.0 -9.00   -9.0   -9   -9.0   -9   -9.0   -9   -9.0   -9   -9.0   -9 -99.0 -99.0 -99.0 -99.0 -99.0
20260513 212  1.0   884  34  3.0 1412  32  6.1 1710  20.0  29.4 1525  12.2  635  11.3  25.8   8.4  63.8  25.0 1500  13.5  -9.0  -9.0 -9.00  993.4 1009.6 1011.9 2315 1006.9 1623  0.8 10.8 14.1 -9.0 -9.00 -9.00   -9   -9.0   -9.0 -9.00   -9.0   -9   -9.0   -9   -9.0   -9   -9.0   -9   -9.0   -9 -99.0 -99.0 -99.0 -99.0 -99.0
20260513 216  1.0   865   7  3.2 1358   7  6.1 1511  16.6  26.9 1439   8.3  516   8.0  21.8   9.0  65.4  17.0 1223  10.9   6.9   4.9 -9.00  928.5 1009.0 1013.1 2337 1004.2 1442  1.5  9.1 14.1 -9.0 26.51  3.68 1200   -9.0   -9.0 -9.00   -9.0   -9   -9.0   -9   -9.0   -9   -9.0   -9   -9.0   -9 -99.0 -99.0 -99.0 -99.0 -99.0
20260513 217  1.5  1265   2  4.0 1729   5  9.2 1721  17.3  29.7 1522  12.0  615  11.8  25.2  13.5  75.9  27.0 1329  13.9  -9.0  -9.0 -9.00  973.8 1009.8 1013.0 2316 1004.8 1539  3.6  6.2 14.1 -9.0 -9.00 -9.00   -9    1.0   -9.0 -9.00    1.0 1647    0.6 1704   -9.0   -9   -9.0   -9   -9.0   -9 -99.0 -99.0 -99.0 -99.0 -99.0
20260513 221  1.1   924  23  4.2 1634  23  6.4 1554  17.8  26.0 1528  11.3  150  12.8  21.8   9.1  77.4  39.0 1736  14.9  -9.0  -9.0 -9.00  978.8 1009.4 1011.7 2341 1006.4 1533  2.3  8.4 14.1 -9.0 -9.00 -9.00   -9   -9.0   -9.0 -9.00   -9.0   -9   -9.0   -9   -9.0   -9   -9.0   -9   -9.0   -9 -99.0 -99.0 -99.0 -99.0 -99.0
20260513 226  0.9   795  27  2.8 1342  34  5.2 1454  19.1  27.2 1636  12.7  644  13.3  24.0   9.5  74.3  35.0 1654  15.3  -9.0  -9.0 -9.00  989.7 1009.6 1011.5 2333 1007.1 1547  0.8  9.8 14.1 -9.0 -9.00 -9.00   -9   -9.0   -9.0 -9.00   -9.0   -9   -9.0   -9   -9.0   -9   -9.0   -9   -9.0   -9 -99.0 -99.0 -99.0 -99.0 -99.0
20260513 232  1.0   870  25  2.9 1401  29  7.3 1629  18.2  26.6 1437  11.0  529  12.9  24.0   8.7  75.0  38.0 1409  14.9  -9.0  -9.0 -9.00 1000.4 1010.3 1012.2 2338 1008.4 1505  1.0 12.3 14.1 -9.0 -9.00 -9.00   -9   -9.0   -9.0 -9.00   -9.0   -9   -9.0   -9   -9.0   -9   -9.0   -9   -9.0   -9 -99.0 -99.0 -99.0 -99.0 -99.0
20260513 235  1.4  1248  20  3.8 1327  23  5.7 1322  16.2  22.6 1526  11.7  236  13.5  20.8   9.6  85.3  61.0 1531  15.5   5.8   4.1 -9.00 1008.5 1009.7 1011.0 2247 1008.4    1  0.9  9.8 14.0 -9.0 27.58  3.55 1200   -9.0   -9.0 -9.00   -9.0   -9   -9.0   -9   -9.0   -9   -9.0   -9   -9.0   -9 -99.0 -99.0 -99.0 -99.0 -99.0
20260513 236  1.0   854  27  3.9 1612  27  6.4 1610  19.1  26.9 1509  13.4   54  15.0  22.2  11.1  80.5  47.0 1510  17.1  -9.0  -9.0 -9.00 1008.5 1010.1 1012.1 2343 1008.4 1534  3.0  8.6 14.0 -9.0 -9.00 -9.00   -9   -9.0   -9.0 -9.00   -9.0   -9   -9.0   -9   -9.0   -9   -9.0   -9   -9.0   -9 -99.0 -99.0 -99.0 -99.0 -99.0
20260513 238  0.8   730  29  2.8 1528  27  6.0 1522  18.9  27.4 1610  12.3  308  13.9  23.4   8.6  77.6  36.0 1617  16.0  -9.0  -9.0 -9.00  989.4 1009.1 1011.2 2356 1006.5 1610  1.9  8.8 14.0 -9.0 -9.00 -9.00   -9   -9.0   -9.0 -9.00   -9.0   -9   -9.0   -9   -9.0   -9   -9.0   -9   -9.0   -9 -99.0 -99.0 -99.0 -99.0 -99.0
20260513 239  1.3  1097  32  3.8 1720  34  6.8 1706  19.1  27.1 1550  14.0  201  13.3  22.9  13.1  72.8  40.0 1630  15.3   7.1   5.0 -9.00  998.9 1009.3 1011.4 2351 1007.0 1529  1.9  9.7 14.1 -9.0 27.02  3.56 1200   -9.0   -9.0 -9.00   -9.0   -9   -9.0   -9   -9.0   -9   -9.0   -9   -9.0   -9 -99.0 -99.0 -99.0 -99.0 -99.0
20260513 243  1.5  1266  29  4.8 1416  29  7.9 1415  16.3  24.2 1343  12.4  346  13.6  19.0  10.1  85.6  53.0 1331  15.6  -9.0  -9.0 -9.00 1009.0 1010.4 1012.3 2340 1009.4    5  3.3  8.1 14.0 -9.0 -9.00 -9.00   -9   -9.0   -9.0 -9.00   -9.0   -9   -9.0   -9   -9.0   -9   -9.0   -9   -9.0   -9 -99.0 -99.0 -99.0 -99.0 -99.0
20260513 244  1.2  1062  34  4.0 1649  32  7.8 1642  19.0  26.9 1436  13.8  534  14.2  22.2  12.5  76.8  41.0 1250  16.2  -9.0  -9.0 -9.00  980.7 1009.1 1011.8 2336 1006.8 1530  2.8 10.2 14.0 -9.0 -9.00 -9.00   -9   -9.0   -9.0 -9.00   -9.0   -9   -9.0   -9   -9.0   -9   -9.0   -9   -9.0   -9 -99.0 -99.0 -99.0 -99.0 -99.0
20260513 245  1.8  1588  27  4.5 1545  32  7.1 1529  18.2  25.8 1428  13.4  641  14.6  22.6  12.2  81.1  51.0 1453  16.6   6.7   4.7 -9.00 1002.0 1010.1 1012.0 2329 1008.4 1450  3.4  9.9 14.0 -9.0 26.97  3.58 1200   -9.0   -9.0 -9.00   -9.0   -9   -9.0   -9   -9.0   -9   -9.0   -9   -9.0   -9 -99.0 -99.0 -99.0 -99.0 -99.0
20260513 247  1.3  1130  32  3.6 1652  27  8.2 1535  19.5  28.2 1537  12.7  200  14.8  23.7  11.4  76.6  45.0 1517  16.9  -9.0  -9.0 -9.00  993.6 1009.1 1011.5 2349 1006.5 1536  3.0  8.9 14.0 -9.0 -9.00 -9.00   -9   -9.0   -9.0 -9.00   -9.0   -9   -9.0   -9   -9.0   -9   -9.0   -9   -9.0   -9 -99.0 -99.0 -99.0 -99.0 -99.0
20260513 248  1.3  1089  27  4.4 1618  27  7.7 1614  17.9  26.0 1349  10.8  423  13.1  21.4   7.6  77.5  43.0 1457  15.1  -9.0  -9.0 -9.00  962.9 1009.4 1012.3 2333 1006.4 1456  1.8  9.2 14.0 -9.0 -9.00 -9.00   -9   -9.0   -9.0 -9.00   -9.0   -9   -9.0   -9   -9.0   -9   -9.0   -9   -9.0   -9 -99.0 -99.0 -99.0 -99.0 -99.0
20260513 251  1.5  1311  25  4.3 1457  25  6.7 1518  17.3  24.4 1419  12.5   47  13.9  21.0  10.6  82.3  59.0 1216  15.9   6.6   4.6 -9.00 1002.7 1009.6 1011.3 2330 1008.2 1442  1.3 10.1 14.0 -9.0 27.74  3.51 1300   -9.0   -9.0 -9.00   -9.0   -9   -9.0   -9   -9.0   -9   -9.0   -9   -9.0   -9 -99.0 -99.0 -99.0 -99.0 -99.0
20260513 252  1.3  1166  25  3.8 1146  23  6.2 1409  16.5  23.1 1407  12.1  139  13.9  21.9   9.5  85.9  62.0 1453  15.9   6.2   4.4 -9.00 1005.8 1010.2 1011.7 2310 1009.1 1445  2.9  9.1 14.0 -9.0 27.11  3.68 1200   -9.0   -9.0 -9.00   -9.0   -9   -9.0   -9   -9.0   -9   -9.0   -9   -9.0   -9 -99.0 -99.0 -99.0 -99.0 -99.0
20260513 253  1.5  1318  18  4.6 1252  16  7.9 1243  18.7  25.9 1206  12.4  529  13.3  24.6   9.6  73.4  48.0 1138  15.3   7.1   4.9 -9.00 1003.7 1010.1 1011.8 2345 1009.0 1541  0.0 11.8 14.0 -9.0 27.77  3.58 1200   -9.0   -9.0 -9.00   -9.0   -9   -9.0   -9   -9.0   -9   -9.0   -9   -9.0   -9 -99.0 -99.0 -99.0 -99.0 -99.0
20260513 254  1.5  1337  32  4.7 1451  32  8.2 1721  19.2  27.5 1403  12.8  202  13.7  23.5   9.8  73.3  40.0 1251  15.7   7.5   5.2 -9.00  994.8 1009.8 1012.3 2343 1007.6 1510  3.3 10.6 14.0 -9.0 28.00  3.76 1200   -9.0   -9.0 -9.00   -9.0   -9   -9.0   -9   -9.0   -9   -9.0   -9   -9.0   -9 -99.0 -99.0 -99.0 -99.0 -99.0
20260513 255  1.1   954  32  2.5  751  20  4.8 1323  19.8  27.4 1540  13.1  508  13.2  23.8   9.5  69.5  41.0 1209  15.2   6.7   4.7 -9.00 1003.1 1009.1 1011.0 2356 1007.1 1551  0.3 10.7 14.0 -9.0 25.70  3.25 1200   -9.0   -9.0 -9.00   -9.0   -9   -9.0   -9   -9.0   -9   -9.0   -9   -9.0   -9 -99.0 -99.0 -99.0 -99.0 -99.0
20260513 257  1.5  1280  25  3.8 1409  25  8.0 1340  19.3  27.8 1242  11.4  442  13.2  24.6   8.3  71.3  45.0 1215  15.2   7.5   5.2 -9.00 1008.4 1009.2 1010.9 2312 1007.6 1556  0.0 10.7 14.0 -9.0 27.38  3.49 1200   -9.0   -9.0 -9.00   -9.0   -9   -9.0   -9   -9.0   -9   -9.0   -9   -9.0   -9 -99.0 -99.0 -99.0 -99.0 -99.0
20260513 258  2.5  2175  18  4.4 1416  29  5.6  141  18.6  25.0 1550  11.9  530  14.3  21.6  10.6  78.8  51.0 1458  16.4   7.1   5.0 -9.00 1009.9 1010.1 1011.7 2357 1008.7 1521  0.0 12.8 13.9 -9.0 30.17  3.76 1200   -9.0   -9.0 -9.00   -9.0   -9   -9.0   -9   -9.0   -9   -9.0   -9   -9.0   -9 -99.0 -99.0 -99.0 -99.0 -99.0
20260513 259  1.1   988  27  2.9 1726  14  5.6 1323  18.7  26.4 1441  11.7  342  14.7  22.0  10.1  80.8  53.0 1237  16.8   6.7   4.7 -9.00 1007.8 1009.6 1011.2 2340 1008.0 1537  0.0 10.1 13.9 -9.0 27.42  3.70 1200   -9.0   -9.0 -9.00   -9.0   -9   -9.0   -9   -9.0   -9   -9.0   -9   -9.0   -9 -99.0 -99.0 -99.0 -99.0 -99.0
20260513 260  1.8  1517  16  5.3 1504  14  7.8 1455  18.6  25.3 1346  12.0  510  14.9  24.4   8.2  81.0  56.0 1348  17.0  -9.0  -9.0 -9.00 1004.5 1009.6 1011.3 2354 1007.9 1544  0.0 11.7 13.9 -9.0 -9.00 -9.00   -9   -9.0   -9.0 -9.00   -9.0   -9   -9.0   -9   -9.0   -9   -9.0   -9   -9.0   -9 -99.0 -99.0 -99.0 -99.0 -99.0
20260513 261  1.6  1391  23  6.6 1553  23  8.0 1544  16.8  25.3 1454   9.7  500  14.1  22.0   8.5  85.4  61.0 1524  16.2  -9.0  -9.0 -9.00 1008.4 1010.3 1011.8 2352 1008.9 1515  1.3  8.3 13.9 -9.0 -9.00 -9.00   -9   -9.0   -9.0 -9.00   -9.0   -9   -9.0   -9   -9.0   -9   -9.0   -9   -9.0   -9 -99.0 -99.0 -99.0 -99.0 -99.0
20260513 262  1.3  1109  27  3.8 1335  29  6.5 1626  17.9  25.9 1548  10.9  549  13.6  23.4  12.8  78.5  52.0 1558  15.6   6.1   4.3 -9.00 1003.4 1009.5 1011.2 2350 1008.2 1532  0.3 11.5 13.9 -9.0 25.95  3.19 1300   -9.0   -9.0 -9.00   -9.0   -9   -9.0   -9   -9.0   -9   -9.0   -9   -9.0   -9 -99.0 -99.0 -99.0 -99.0 -99.0
20260513 263  1.3  1106  20  4.0 1700  23  6.9 1655  18.6  27.8 1525  13.0  303  13.1  22.8  12.4  74.4  33.0 1519  15.1   6.4   4.5 -9.00 1007.7 1009.3 1011.2 2340 1007.2 1601  1.1  6.9 14.0 -9.0 23.52  3.66 1200   -9.0   -9.0 -9.00   -9.0   -9   -9.0   -9   -9.0   -9   -9.0   -9   -9.0   -9 -99.0 -99.0 -99.0 -99.0 -99.0
20260513 264  0.9   789  23  2.9 1154  23  5.1 1145  19.2  28.9 1505  10.2  417  11.4  24.5   8.4  64.0  32.0 1252  13.6   6.8   4.7 -9.00  991.4 1009.0 1011.3 2334 1006.2 1530  0.5  8.1 14.0 -9.0 25.86  3.69 1200   -9.0   -9.0 -9.00   -9.0   -9   -9.0   -9   -9.0   -9   -9.0   -9   -9.0   -9 -99.0 -99.0 -99.0 -99.0 -99.0
20260513 266  1.0   905  20  2.4 1441  16  5.1 1604  19.3  26.0 1413  12.9  540  15.0  22.9  10.5  79.0  49.0 1421  17.1   6.3   4.4 -9.00  999.6 1009.9 1011.6 2340 1008.5 1548  0.9 11.3 13.9 -9.0 27.90  3.61 1200   -9.0   -9.0 -9.00   -9.0   -9   -9.0   -9   -9.0   -9   -9.0   -9   -9.0   -9 -99.0 -99.0 -99.0 -99.0 -99.0
20260513 268  1.4  1190  29  3.9 1604  29  7.2 1526  15.9  24.7 1411  10.7  533  13.9  19.0  11.7  89.5  62.0 1406  16.0  -9.0  -9.0 -9.00 1008.0 1009.2 1010.4 2330 1008.0 1404  1.4  9.1 13.9 -9.0 -9.00 -9.00   -9   -9.0   -9.0 -9.00   -9.0   -9   -9.0   -9   -9.0   -9   -9.0   -9   -9.0   -9 -99.0 -99.0 -99.0 -99.0 -99.0
20260513 271  1.2  1059  16  3.7 1709  14  5.6 1702  17.5  26.8 1421   9.8  624  11.7  21.4  10.5  74.9  38.0 1438  13.8  -9.0  -9.0 -9.00  972.0 1009.5 1012.0 2352 1006.2 1458  2.0  7.4 14.1 -9.0 -9.00 -9.00   -9   -9.0   -9.0 -9.00   -9.0   -9   -9.0   -9   -9.0   -9   -9.0   -9   -9.0   -9 -99.0 -99.0 -99.0 -99.0 -99.0
20260513 272  1.5  1258  32  4.9 1723  29  7.1 1725  18.7  27.6 1608  10.7  249  12.1  23.3   8.2  70.6  33.0 1644  14.1  -9.0  -9.0 -9.00  984.5 1009.0 1011.0  819 1005.9 1636  0.5  9.4 14.1 -9.0 -9.00 -9.00   -9   -9.0   -9.0 -9.00   -9.0   -9   -9.0   -9   -9.0   -9   -9.0   -9   -9.0   -9 -99.0 -99.0 -99.0 -99.0 -99.0
20260513 273  1.3  1145  29  4.8 2134  32  8.0 2132  19.9  28.2 1557  12.0  233  13.7  23.0   7.7  71.9  40.0 1546  15.7  -9.0  -9.0 -9.00  988.4 1008.3 1010.2  800 1005.7 1542  1.3  8.3 14.1 -9.0 -9.00 -9.00   -9   -9.0   -9.0 -9.00   -9.0   -9   -9.0   -9   -9.0   -9   -9.0   -9   -9.0   -9 -99.0 -99.0 -99.0 -99.0 -99.0
20260513 276  1.2   999  32  2.8 1457  36  4.4 1205  19.0  28.9 1709  13.3  420  13.0  22.9  10.5  74.8  27.0 1634  15.1   6.8   4.7 -9.00  984.4 1008.5 1010.8 2336 1005.4 1638  1.0  8.6 14.1 -9.0 26.09  3.73 1200   -9.0   -9.0 -9.00   -9.0   -9   -9.0   -9   -9.0   -9   -9.0   -9   -9.0   -9 -99.0 -99.0 -99.0 -99.0 -99.0
20260513 277  2.1  1813  16  4.8 1347  16  8.0 1202  18.5  25.6 1107  12.5  332  12.0  25.3  10.6  68.9  44.0 1509  14.1  -9.0  -9.0 -9.00 1004.0 1008.8 1010.9 2341 1007.5 1540  0.4 12.6 14.1 -9.0 -9.00 -9.00   -9   -9.0   -9.0 -9.00   -9.0   -9   -9.0   -9   -9.0   -9   -9.0   -9   -9.0   -9 -99.0 -99.0 -99.0 -99.0 -99.0
20260513 278  0.8   721  27  2.1 1647  27  4.3 1640  18.7  28.4 1706  12.8  357  13.0  23.1  11.3  75.6  29.0 1442  15.1  -9.0  -9.0 -9.00  998.8 1008.3 1010.1  949 1005.5 1721  2.9  8.2 14.0 -9.0 -9.00 -9.00   -9   -9.0   -9.0 -9.00   -9.0   -9   -9.0   -9   -9.0   -9   -9.0   -9   -9.0   -9 -99.0 -99.0 -99.0 -99.0 -99.0
20260513 279  1.1   910  11  2.8 1420  11  4.9 1420  20.3  29.8 1624  12.3  405  12.2  30.5   8.3  64.6  27.0 1618  14.2   7.0   4.9 -9.00 1003.1 1008.8 1010.4  710 1006.3 1657  0.6 10.6 14.0 -9.0 27.48  3.48 1200   -9.0   -9.0 -9.00   -9.0   -9   -9.0   -9   -9.0   -9   -9.0   -9   -9.0   -9 -99.0 -99.0 -99.0 -99.0 -99.0
20260513 281  1.0   833  11  2.7 1734   9  4.9 1726  18.9  28.0 1547  11.9  622  13.0  22.6  11.7  74.1  33.0 1440  15.0  -9.0  -9.0 -9.00  998.1 1009.3 1011.2 2337 1007.0 1617  1.1  9.1 14.0 -9.0 -9.00 -9.00   -9   -9.0   -9.0 -9.00   -9.0   -9   -9.0   -9   -9.0   -9   -9.0   -9   -9.0   -9 -99.0 -99.0 -99.0 -99.0 -99.0
20260513 283  2.1  1800  18  5.1 1705  20  7.8 1703  19.7  28.8 1335  11.3  507  11.9  25.1   7.3  65.5  32.0 1238  13.9   8.1   5.6 -9.00 1004.5 1009.2 1011.1 2343 1007.1 1536  0.0 10.8 14.0 -9.0 28.14  3.65 1200   -9.0   -9.0 -9.00   -9.0   -9   -9.0   -9   -9.0   -9   -9.0   -9   -9.0   -9 -99.0 -99.0 -99.0 -99.0 -99.0
20260513 284  1.4  1226  14  4.1 1356  16  6.8 1347  19.3  28.0 1523   9.7  407  13.0  28.3   6.6  70.4  43.0 1548  15.1   7.1   5.0 -9.00  981.4 1007.7 1010.2 2350 1004.9 1527  0.4 10.0 14.0 -9.0 27.69  3.58 1200   -9.0   -9.0 -9.00   -9.0   -9   -9.0   -9   -9.0   -9   -9.0   -9   -9.0   -9 -99.0 -99.0 -99.0 -99.0 -99.0
20260513 285  0.9   767  20  2.1 1654  20  4.8 1706  20.1  29.3 1542  13.1  622  14.2  26.8  13.6  73.6  35.0 1522  16.2  -9.0  -9.0 -9.00 1006.0 1009.1 1011.2 2353 1006.8 1619  0.3  8.3 14.0 -9.0 -9.00 -9.00   -9   -9.0   -9.0 -9.00   -9.0   -9   -9.0   -9   -9.0   -9   -9.0   -9   -9.0   -9 -99.0 -99.0 -99.0 -99.0 -99.0
20260513 288  1.6  1404  16  4.5 1547  16  7.4 1637  19.4  28.8 1444  12.7  338  14.0  23.9  12.4  74.6  41.0 1336  16.0   7.2   5.1 -9.00 1006.8 1007.7 1009.8 2357 1005.6 1556  0.3 10.3 14.0 -9.0 27.52  3.53 1200   -9.0   -9.0 -9.00   -9.0   -9   -9.0   -9   -9.0   -9   -9.0   -9   -9.0   -9 -99.0 -99.0 -99.0 -99.0 -99.0
20260513 289  1.2  1046  25  3.7 1316   9  6.6 1631  19.3  27.8 1433  11.5  624  14.6  26.0  11.8  77.5  44.0 1402  16.7  -9.0  -9.0 -9.00  993.7 1009.8 1011.9 2345 1007.4 1523  0.0  9.6 14.0 -9.0 -9.00 -9.00   -9   -9.0   -9.0 -9.00   -9.0   -9   -9.0   -9   -9.0   -9   -9.0   -9   -9.0   -9 -99.0 -99.0 -99.0 -99.0 -99.0
20260513 294  1.2  1012  20  3.2 1251  18  6.2 1859  18.4  24.1 1447  14.3  239  14.1  28.1  11.6  77.6  54.0 1506  16.1  -9.0  -9.0 -9.00 1004.8 1010.1 1011.7 2334 1009.0 1555  0.3 10.5 13.9 -9.0 -9.00 -9.00   -9   -9.0   -9.0 -9.00   -9.0   -9   -9.0   -9   -9.0   -9   -9.0   -9   -9.0   -9 -99.0 -99.0 -99.0 -99.0 -99.0
20260513 295  1.0   886  34  2.3  847  14  3.8 1507  18.7  24.5 1608  14.8    1  15.1  23.2  12.5  81.4  54.0 1328  17.2  -9.0  -9.0 -9.00 1004.3 1009.7 1011.2 2321 1008.4 1632  0.6  9.3 13.9 -9.0 -9.00 -9.00   -9   -9.0   -9.0 -9.00   -9.0   -9   -9.0   -9   -9.0   -9   -9.0   -9   -9.0   -9 -99.0 -99.0 -99.0 -99.0 -99.0
20260513 296  1.9  1623  20  5.3 1318  18  8.9 1308  18.4  25.0 1200  11.4  447  14.1  22.5   6.5  78.1  56.0 1130  16.2   6.6   4.6 -9.00 1008.4 1008.7 1010.4 2329 1007.5 1544  0.0 11.8 14.0 -9.0 28.69  3.54 1200   -9.0   -9.0 -9.00   -9.0   -9   -9.0   -9   -9.0   -9   -9.0   -9   -9.0   -9 -99.0 -99.0 -99.0 -99.0 -99.0
20260514  90  2.1  1815  36  4.1 1442   2  8.1  434  15.4  17.4  306  14.2 2317  13.4  22.1  12.6  88.1  80.0  311  15.4   3.0   2.1 -9.00 1016.8 1018.9 1020.9 2130 1012.0    1  7.0  2.2 14.2 -9.0 14.79  2.51 1500    0.4   -9.0 -9.00    0.2   -9    0.1   -9   -9.0   -9   -9.0   -9   -9.0   -9 -99.0 -99.0 -99.0 -99.0 -99.0
20260514  93  1.1   965   7  4.3 1436   7  7.5 1430  21.7  29.5 1417  13.6  509  12.1  28.6  11.6  59.9  30.0 1327  14.2   8.3   5.8 -9.00 1004.3 1015.4 1019.7 2352 1011.5    1  0.9 12.7 14.2 -9.0 28.58  3.50 1200   -9.0   -9.0 -9.00   -9.0   -9   -9.0   -9   -9.0   -9   -9.0   -9   -9.0   -9  19.7  17.0  15.0  12.6  12.1
20260514  95  2.4  2048   5  5.0  756   5  8.8 1536  21.8  30.2 1512  14.2  228  13.1  24.3  10.7  62.3  25.0 1430  15.1   8.4   5.9 -9.00  997.3 1015.2 1019.3 2351 1012.1    3  0.8 12.8 14.2 -9.0 28.96  3.54 1200   -9.0   -9.0 -9.00   -9.0   -9   -9.0   -9   -9.0   -9   -9.0   -9   -9.0   -9 -99.0 -99.0 -99.0 -99.0 -99.0
20260514  98  0.8   648   9  2.4 1153   5  6.5 1331  22.3  31.0 1528  12.6  503  10.9  27.2   9.5  54.6  21.0 1330  13.1   8.1   5.7 -9.00 1001.1 1014.4 1018.4 2354 1011.6   14  0.1 12.0 14.2 -9.0 28.55  3.52 1200   -9.0   -9.0 -9.00   -9.0   -9   -9.0   -9   -9.0   -9   -9.0   -9   -9.0   -9 -99.0 -99.0 -99.0 -99.0 -99.0
20260514  99  1.1   918   9  3.2  917  23  6.9 1530  20.7  30.7 1523  11.0  527  13.2  25.6   0.0  66.3  29.0 1347  15.3   7.3   5.1 -9.00 1011.6 1014.8 1018.9 2359 1012.2   36  0.0 12.2 14.2 -9.0 27.26  3.44 1200   -9.0   -9.0 -9.00   -9.0   -9   -9.0   -9   -9.0   -9   -9.0   -9   -9.0   -9 -99.0 -99.0 -99.0 -99.0 -99.0
20260514 100  2.1  1841   9  4.4 1703   9  7.0 1744  11.9  17.5 1642   6.0 2350  10.5  18.2   2.5  92.1  69.0 1633  12.8   3.7   2.6 -9.00  929.6 1018.6 1023.8 2351 1013.2    4  3.0  6.9 14.2 -9.0 18.75  2.95 1300   -9.0   -9.0 -9.00   -9.0   -9   -9.0   -9   -9.0   -9   -9.0   -9   -9.0   -9 -99.0 -99.0 -99.0 -99.0 -99.0
20260514 101  2.4  2096   5  4.5 1039   2  7.3 1552  22.0  29.1 1433  15.1  456  12.1  28.0  11.4  57.6  33.0 1348  14.2   8.5   6.0 -9.00 1005.5 1014.3 1018.6 2349 1010.6    1  0.9 12.6 14.2 -9.0 27.64  3.40 1200   -9.0   -9.0 -9.00   -9.0   -9   -9.0   -9   -9.0   -9   -9.0   -9   -9.0   -9  18.2  15.1  13.8  13.5  15.3
20260514 102  2.0  1693  32  3.9 1820  16  7.3 1235  14.2  22.5 1221   9.4 1933  10.5  22.9   8.5  81.1  48.0 1223  12.7   6.2   4.4  0.17 1010.1 1014.4 1017.7 2358 1010.5    1  3.8  9.9 14.2 -9.0 28.26  3.56 1200   -9.0   -9.0 -9.00   -9.0   -9   -9.0   -9   -9.0   -9   -9.0   -9   -9.0   -9 -99.0 -99.0 -99.0 -99.0 -99.0
20260514 104  1.9  1612  32  4.6 1010  32  8.4 1002  16.2  19.3 1411  13.4 2354  14.5  23.2   9.5  90.3  78.0 1504  16.6   3.5   2.4 -9.00 1008.3 1017.3 1019.9 2145 1010.0    1  6.0  2.4 14.2 -9.0 17.17  2.54 1400   -9.0   -9.0 -9.00   -9.0   -9   -9.0   -9   -9.0   -9   -9.0   -9   -9.0   -9  19.5  15.9  14.0  12.1  13.1
20260514 105  2.1  1828   2  5.8 1112  27  8.6 1024  17.4  19.7 1445  15.3 2336  14.2  23.9  10.1  81.6  68.0    1  16.2   3.4   2.4 -9.00 1015.2 1018.5 1021.0 2143 1011.0    1  6.5  0.7 14.2 -9.0 14.40  2.19 1200    0.4   -9.0 -9.00    0.2   -9    0.1   -9   -9.0   -9   -9.0   -9   -9.0   -9  19.8  17.3  15.1  13.6  14.7
20260514 106  3.5  3032   2  8.1 1125  36 11.6 1024  17.1  20.6 1202  14.6  206  14.3  28.5   9.5  84.6  68.0 1156  16.3   5.0   3.5 -9.00 1013.5 1018.3 1021.4 2149 1011.3    1  4.6 10.0 14.2 -9.0 25.88  3.41 1300   -9.0   -9.0 -9.00   -9.0   -9   -9.0   -9   -9.0   -9   -9.0   -9   -9.0   -9 -99.0 -99.0 -99.0 -99.0 -99.0
20260514 108  1.7  1445  25  3.8 1756   2  7.6 1053  23.5  31.5 1630  15.1  526  12.6  26.7  11.2  54.0  27.0 1536  14.6   8.4   5.9 -9.00 1004.6 1014.4 1018.4 2359 1011.5    1  0.8 12.0 14.2 -9.0 28.12  3.59 1200   -9.0   -9.0 -9.00   -9.0   -9   -9.0   -9   -9.0   -9   -9.0   -9   -9.0   -9  18.0  15.6  15.1  13.4  13.5
20260514 112  1.9  1647  20  4.9 2351  23  7.0 2345  21.1  27.8 1642  14.2  140  14.4  24.3   9.2  68.5  47.0 1337  16.5   7.2   5.0 -9.00 1006.5 1014.5 1018.4 2400 1011.3  157  0.0 12.7 14.2 -9.0 27.47  3.37 1200   -9.0   -9.0 -9.00   -9.0   -9   -9.0   -9   -9.0   -9   -9.0   -9   -9.0   -9  16.9  15.1  12.5  13.5  13.3
20260514 114  1.4  1169   9  3.9 1341  11  7.4 1313  23.6  31.5 1443  15.2  517  11.2  28.3  10.5  51.3  20.0 1331  13.4   8.6   6.0 -9.00  997.1 1014.3 1018.8 2347 1011.2  125  0.0 12.6 14.1 -9.0 28.33  3.50 1200    0.0   -9.0 -9.00    0.0   -9    0.0   -9   -9.0   -9   -9.0   -9   -9.0   -9 -99.0 -99.0 -99.0 -99.0 -99.0
20260514 115  3.1  2656   5  6.2 1029   5  9.5 1027  16.8  21.3 1004  13.9 2340  14.1  21.9  10.3  84.4  73.0   14  16.2   4.1   2.9 -9.00  991.9 1017.8 1021.5 2157 1012.5    1  3.9  6.5 14.1 -9.0 22.20  3.34 1200   -9.0   -9.0 -9.00   -9.0   -9   -9.0   -9   -9.0   -9   -9.0   -9   -9.0   -9  17.1  13.7  13.1  11.9  13.2
20260514 119  1.6  1423  11  4.4 1000   9 10.6 1628  21.9  30.6 1608  12.3  543  12.4  28.7   9.5  60.8  24.0 1532  14.5   8.1   5.7 -9.00 1009.6 1014.3 1018.6 2357 1011.5  100  0.0 12.2 14.1 -9.0 27.26  3.46 1200   -9.0   -9.0 -9.00   -9.0   -9   -9.0   -9   -9.0   -9   -9.0   -9   -9.0   -9  17.7  14.8  13.4  11.6  12.3
20260514 121  1.6  1416   5  4.6 1507   5  8.9 1504  21.4  31.0 1336  12.8  546  11.7  29.2   9.3  59.9  24.0 1313  13.8   8.6   6.0 -9.00  987.8 1015.4 1020.7 2356 1012.0    4  1.4 12.5 14.1 -9.0 28.91  3.60 1300   -9.0   -9.0 -9.00   -9.0   -9   -9.0   -9   -9.0   -9   -9.0   -9   -9.0   -9 -99.0 -99.0 -99.0 -99.0 -99.0
20260514 127  1.6  1363  18  3.8 1647   2  6.9 1358  22.6  31.1 1508  13.4  501  10.3  27.7  10.3  51.1  18.0 1245  12.6   8.8   6.2 -9.00 1000.7 1014.0 1018.8 2345 1010.6    1  1.8 11.8 14.1 -9.0 28.18  3.59 1200    0.0   -9.0 -9.00    0.0   -9    0.0   -9   -9.0   -9   -9.0   -9   -9.0   -9 -99.0 -99.0 -99.0 -99.0 -99.0
20260514 129  1.8  1564  32  4.5 1551  29  6.4 1552  20.5  29.8 1506  11.1  459  13.3  24.4   7.6  69.0  32.0 1318  15.4   7.2   5.1 -9.00 1011.7 1014.7 1019.4 2350 1011.5  138  0.0 12.7 14.1 -9.0 27.29  3.47 1200   -9.0   -9.0 -9.00   -9.0   -9   -9.0   -9   -9.0   -9   -9.0   -9   -9.0   -9  17.4  14.8  15.4  12.8  14.6
20260514 130  1.8  1574   7  4.9 1210   5 11.0 1157  17.7  22.4 1404  13.1  218  14.4  25.7  10.0  82.3  63.0 1357  16.4  -9.0  -9.0 -9.00 1012.3 1018.1 1021.9 2357 1011.3    1  6.5  9.6 14.1 -9.0 -9.00 -9.00   -9   -9.0   -9.0 -9.00   -9.0   -9   -9.0   -9   -9.0   -9   -9.0   -9   -9.0   -9 -99.0 -99.0 -99.0 -99.0 -99.0
20260514 131  1.4  1249   9  3.4 1219  23  6.7 1536  24.0  31.1 1525  16.8  547  10.9  26.7  13.8  47.5  23.0 1227  13.1   8.9   6.2 -9.00 1007.4 1014.1 1019.0 2400 1010.8  244  0.6 10.7 14.1 -9.0 28.35  3.70 1200   -9.0   -9.0 -9.00   -9.0   -9   -9.0   -9   -9.0   -9   -9.0   -9   -9.0   -9 -99.0 -99.0 -99.0 -99.0 -99.0
20260514 133  2.4  2051  14  5.0 1518  16  8.5 1536  23.1  30.3 1433  15.1  516  12.3  24.2  13.0  55.1  27.0 1421  14.4   9.3   6.5 -9.00 1006.8 1014.6 1019.5 2400 1011.4  131  1.5 12.7 14.1 -9.0 28.45  3.53 1200   -9.0   -9.0 -9.00   -9.0   -9   -9.0   -9   -9.0   -9   -9.0   -9   -9.0   -9  20.1  17.9  16.1  14.4  15.6
20260514 135  2.3  2022   7  6.3 1253   7 10.8 1531  20.0  27.4 1440  13.0  546  12.2  25.2  11.6  64.0  35.0 1337  14.2   8.1   5.7 -9.00  986.8 1015.1 1020.6 2352 1010.8  100  1.1 12.0 14.1 -9.0 28.79  3.60 1200   -9.0   -9.0 -9.00   -9.0   -9   -9.0   -9   -9.0   -9   -9.0   -9   -9.0   -9 -99.0 -99.0 -99.0 -99.0 -99.0
20260514 136  2.5  2129  14  5.6 1533  11  9.7 1145  20.4  27.0 1321  14.3  440  12.3  28.0  12.8  63.0  38.0 1309  14.3   8.0   5.6 -9.00 1000.5 1016.9 1022.2 2345 1011.3    1  0.1 11.9 14.1 -9.0 29.21  3.61 1200   -9.0   -9.0 -9.00   -9.0   -9   -9.0   -9   -9.0   -9   -9.0   -9   -9.0   -9 -99.0 -99.0 -99.0 -99.0 -99.0
20260514 137  1.0   873  14  2.5 1911  14  6.7 1906  22.2  30.3 1404  15.8  522  12.5  30.7  11.3  58.3  29.0 1352  14.5   7.5   5.3 -9.00 1003.4 1014.6 1019.8 2330 1009.6    1  0.9 12.0 14.1 -9.0 28.69  3.60 1200    0.0   -9.0 -9.00    0.0   -9    0.0   -9   -9.0   -9   -9.0   -9   -9.0   -9 -99.0 -99.0 -99.0 -99.0 -99.0
20260514 138  2.7  2329   5  5.4 1420   2  9.8 1419  18.1  20.8 1110  16.4  457  14.7  23.8  12.1  81.4  57.0    1  16.8   5.2   3.7 -9.00 1016.5 1017.0 1021.1 2321 1010.1    1  7.1  6.3 14.0 -9.0 23.64  3.61 1200   -9.0   -9.0 -9.00   -9.0   -9   -9.0   -9   -9.0   -9   -9.0   -9   -9.0   -9  18.6  16.4  15.6  14.7  15.6
20260514 140  1.6  1407  23  4.1 1523  20  6.1 1529  19.0  27.3 1219  12.7  442  13.9  23.7   9.8  74.1  54.0 1239  16.0  -9.0  -9.0 -9.00 1012.2 1015.4 1020.1 2358 1012.1  312  2.1 11.1 14.1 -9.0 -9.00 -9.00   -9   -9.0   -9.0 -9.00   -9.0   -9   -9.0   -9   -9.0   -9   -9.0   -9   -9.0   -9 -99.0 -99.0 -99.0 -99.0 -99.0
20260514 143  3.4  2925   9  6.5 1518  11  9.9 1743  19.9  25.2 1336  15.2  533  12.5  26.7  11.1  64.5  42.0 1338  14.5   8.1   5.7 -9.00 1009.3 1015.6 1020.7 2301 1010.1    1  1.0 11.6 14.0 -9.0 28.14  3.52 1200   -9.0   -9.0 -9.00   -9.0   -9   -9.0   -9   -9.0   -9   -9.0   -9   -9.0   -9 -99.0 -99.0 -99.0 -99.0 -99.0
20260514 146  1.5  1320  23  4.7 1642  20  7.9 1637  20.9  30.8 1418  13.6  249  14.8  22.5   9.4  70.8  42.0 1353  16.9   5.5   3.9 -9.00 1007.4 1014.4 1019.4 2347 1011.5  203  1.6 -9.0 14.0 -9.0 -9.00  3.47 1200    0.0    0.0  0.33    0.0   -9    0.0   -9   -9.0   -9   -9.0   -9   -9.0   -9 -99.0 -99.0 -99.0 -99.0 -99.0
20260514 152  2.1  1792  11  5.2 1041  11  8.2 1316  18.2  23.0 1204  13.8  459  13.6  23.1  10.3  75.6  56.0 1036  15.6   5.9   4.1 -9.00 1006.5 1016.1 1020.6 2335 1010.3    1  4.1  9.2 14.0 -9.0 24.46  3.50 1100   -9.0   -9.0 -9.00   -9.0   -9   -9.0   -9   -9.0   -9   -9.0   -9   -9.0   -9 -99.0 -99.0 -99.0 -99.0 -99.0
20260514 155  2.0  1768  18  5.1 1423  20  7.7 1421  20.4  25.2 1513  14.6  429  13.7  25.5  11.0  67.3  50.0 1449  15.7   7.0   4.9 -9.00 1011.3 1015.4 1020.0 2335 1010.9  125  1.0 11.5 14.0 -9.0 26.93  3.49 1200   -9.0   -9.0 -9.00   -9.0   -9   -9.0   -9   -9.0   -9   -9.0   -9   -9.0   -9 -99.0 -99.0 -99.0 -99.0 -99.0
20260514 156  1.9  1643  16  5.0 1426  14  8.7 1537  22.1  29.8 1505  15.4  452  15.0  26.4  11.1  66.4  43.0 1508  17.1   7.5   5.2 -9.00 1005.1 1013.2 1018.0 2329 1010.1  218  0.6 10.5 14.0 -9.0 26.40  3.19 1200   -9.0   -9.0 -9.00   -9.0   -9   -9.0   -9   -9.0   -9   -9.0   -9   -9.0   -9 -99.0 -99.0 -99.0 -99.0 -99.0
20260514 159  2.7  2306  11  5.4 1457  11 10.9 1527  19.7  24.8 1404  15.5  457  13.4  25.2   9.4  68.4  50.0 1303  15.4   7.5   5.2 -9.00 1007.1 1015.3 1019.6 2337 1010.4  147  0.6 11.7 14.0 -9.0 29.01  3.70 1200   -9.0   -9.0 -9.00   -9.0   -9   -9.0   -9   -9.0   -9   -9.0   -9   -9.0   -9  19.4  17.6  17.1  15.1  16.7
20260514 162  2.0  1695  18  5.5 1237  18  7.7 1244  19.5  24.8 1418  14.1  508  13.6  24.2  10.7  71.1  45.0 1349  15.7   7.1   5.0 -9.00 1011.0 1014.7 1019.2 2347 1010.5    5  0.0 12.0 14.0 -9.0 28.36  3.61 1200   -9.0   -9.0 -9.00   -9.0   -9   -9.0   -9   -9.0   -9   -9.0   -9   -9.0   -9 -99.0 -99.0 -99.0 -99.0 -99.0
20260514 165  2.1  1837  18  5.9 1636  18  8.9 1725  19.7  26.1 1528  14.4  309  15.6  22.2  10.4  79.9  47.0 1521  17.7   6.7   4.7 -9.00 1009.4 1014.7 1019.1 2400 1011.1  416  0.1 12.7 14.0 -9.0 28.14  3.40 1300   -9.0   -9.0 -9.00   -9.0   -9   -9.0   -9   -9.0   -9   -9.0   -9   -9.0   -9  18.7  17.1  15.5  14.6  14.4
20260514 168  1.9  1624  14  5.5 1641  14  8.2 1632  19.2  24.1 1520  15.6  530  14.4  23.1  12.2  74.8  54.0 1604  16.4   6.9   4.8 -9.00 1007.7 1015.5 1019.7 2339 1011.1  113  0.0 12.1 14.0 -9.0 28.31  3.55 1200   -9.0   -9.0 -9.00   -9.0   -9   -9.0   -9   -9.0   -9   -9.0   -9   -9.0   -9  19.4  17.1  15.7  15.1  16.6
20260514 169  2.8  2432  16  5.8 2132  16  8.1 2114  17.7  24.0 1457  13.5  112  14.1  23.9  13.6  81.1  61.0 1619  16.1   6.5   4.5  1.03 1005.8 1014.6 1018.9 2351 1010.7  426  1.1 12.6 14.0 -9.0 29.03  3.57 1200   -9.0   -9.0 -9.00   -9.0   -9   -9.0   -9   -9.0   -9   -9.0   -9   -9.0   -9 -99.0 -99.0 -99.0 -99.0 -99.0
20260514 170  3.8  3302  14  7.8 2352  14 11.2 1847  19.9  25.8 1254  14.7  533  14.7  23.3  15.1  74.0  51.0 1528  16.8   7.9   5.5 -9.00 1011.0 1015.1 1019.2 2301 1011.0  200  0.0 12.5 13.9 -9.0 28.56  3.60 1200   -9.0   -9.0 -9.00   -9.0   -9   -9.0   -9   -9.0   -9   -9.0   -9   -9.0   -9 -99.0 -99.0 -99.0 -99.0 -99.0
20260514 172  1.7  1504  29  5.4 1338  29  7.1 1333  19.4  28.5 1302  12.8  156  15.3  22.1  10.8  79.6  46.0 1233  17.5   6.3   4.4 -9.00 1008.1 1014.2 1018.8 2359 1011.0  214  2.6  8.4 14.0 -9.0 25.29  3.46 1200    0.0   -9.0 -9.00    0.0   -9    0.0   -9   -9.0   -9   -9.0   -9   -9.0   -9 -99.0 -99.0 -99.0 -99.0 -99.0
20260514 174  1.6  1344  14  4.7 1102  11  9.0 1315  18.4  25.9 1245  11.6  547  13.1  22.9   9.6  74.5  44.0 1513  15.2  -9.0  -9.0 -9.00  994.3 1013.6 1018.6 2327 1009.9  120  0.1 11.5 14.0 -9.0 -9.00 -9.00   -9   -9.0   -9.0 -9.00   -9.0   -9   -9.0   -9   -9.0   -9   -9.0   -9   -9.0   -9 -99.0 -99.0 -99.0 -99.0 -99.0
20260514 177  1.7  1450  23  3.7 1732  23  5.3 1726  21.3  30.4 1542  12.7  504  15.5  23.1  10.2  72.5  41.0 1713  17.8   7.1   5.0  1.00 1010.1 1013.3 1017.9 2357 1010.3  153  0.0 10.9 14.1 -9.0 26.93  3.43 1200   -9.0   -9.0 -9.00   -9.0   -9   -9.0   -9   -9.0   -9   -9.0   -9   -9.0   -9 -99.0 -99.0 -99.0 -99.0 -99.0
20260514 181  2.0  1706  18  5.6 1507  16  9.9 1211  22.4  30.3 1620  13.6  558  11.5  23.0   9.8  55.8  25.0 1349  13.6   9.2   6.5 -9.00 1010.8 1014.7 1019.6 2357 1011.4  241  0.9 11.2 14.1 -9.0 28.14  3.61 1200   -9.0   -9.0 -9.00   -9.0   -9   -9.0   -9   -9.0   -9   -9.0   -9   -9.0   -9 -99.0 -99.0 -99.0 -99.0 -99.0
20260514 184  3.3  2835   5  8.0 1508   5 12.5 1411  19.3  23.5 1222  14.9  345  14.6  26.3  11.5  74.8  60.0 1236  16.7   6.4   4.5 -9.00 1011.3 1013.8 1017.7 2320 1010.4  244  0.0 13.1 13.9 -9.0 28.45  3.56 1200   -9.0   -9.0 -9.00   -9.0   -9   -9.0   -9   -9.0   -9   -9.0   -9   -9.0   -9  20.6  18.6  17.9  16.5  16.4
20260514 185  3.3  2878  34  5.5 1519  16  7.7 1026  18.4  22.2 1053  14.6  557  15.2  23.2  13.0  82.6  68.0 1057  17.4   5.9   4.1 -9.00 1005.7 1014.1 1017.6 2359 1010.7   41  1.3 11.5 13.9 -9.0 26.02  3.50 1300   -9.0   -9.0 -9.00   -9.0   -9   -9.0   -9   -9.0   -9   -9.0   -9   -9.0   -9 -99.0 -99.0 -99.0 -99.0 -99.0
20260514 188  2.1  1833   5  5.1 1722   5  7.9 1722  18.6  23.6 1256  12.9  459  15.8  22.4  10.9  84.5  66.0 1251  18.0  -9.0  -9.0 -9.00 1012.7 1015.1 1018.7 2356 1011.0  151  0.3 11.1 13.9 -9.0 -9.00 -9.00   -9   -9.0   -9.0 -9.00   -9.0   -9   -9.0   -9   -9.0   -9   -9.0   -9   -9.0   -9 -99.0 -99.0 -99.0 -99.0 -99.0
20260514 189  2.1  1837   7  4.6 1737   7  9.1 2349  20.2  25.0 1557  15.0  538  13.9  22.5  13.2  68.3  50.0 1447  15.9   7.0   4.9 -9.00 1008.5 1014.6 1018.1 2236 1010.9  322  0.1 12.1 13.9 -9.0 28.72  3.61 1200   -9.0   -9.0 -9.00   -9.0   -9   -9.0   -9   -9.0   -9   -9.0   -9   -9.0   -9 -99.0 -99.0 -99.0 -99.0 -99.0
20260514 192  0.9   783  11  3.2 1247   9  6.8 1558  19.1  27.1 1417  12.8  208  14.2  24.6  12.0  76.4  43.0 1253  16.3   6.4   4.5 -9.00 1011.9 1015.4 1020.2 2355 1011.2    6  0.5 11.2 14.0 -9.0 26.36  3.55 1200   -9.0   -9.0 -9.00   -9.0   -9   -9.0   -9   -9.0   -9   -9.0   -9   -9.0   -9 -99.0 -99.0 -99.0 -99.0 -99.0
20260514 201  1.4  1183  25  4.1 1533  25  5.8 1533  20.1  29.1 1427  11.3  315  13.4  23.7   6.8  69.1  36.0 1353  15.4  -9.0  -9.0 -9.00 1009.8 1015.5 1019.0 2354 1012.0  213  0.0 12.4 14.2 -9.0 -9.00 -9.00   -9   -9.0   -9.0 -9.00   -9.0   -9   -9.0   -9   -9.0   -9   -9.0   -9   -9.0   -9 -99.0 -99.0 -99.0 -99.0 -99.0
20260514 202  1.2  1018  18  3.2 1500  18  5.3 1554  23.0  30.7 1500  14.3  527  11.6  31.6  10.6  54.3  23.0 1550  13.8  -9.0  -9.0 -9.00 1009.2 1014.7 1019.1 2351 1011.4    1  0.0 12.0 14.2 -9.0 -9.00 -9.00   -9   -9.0   -9.0 -9.00   -9.0   -9   -9.0   -9   -9.0   -9   -9.0   -9   -9.0   -9 -99.0 -99.0 -99.0 -99.0 -99.0
20260514 203  1.1   913  16  3.3 2146  16  6.0 2145  23.2  31.1 1515  13.7  523  12.7  29.9  11.9  58.0  25.0 1503  14.8  -9.0  -9.0 -9.00 1005.8 1015.0 1019.5 2349 1011.7  117  0.0 10.5 14.1 -9.0 -9.00 -9.00   -9   -9.0   -9.0 -9.00   -9.0   -9   -9.0   -9   -9.0   -9   -9.0   -9   -9.0   -9 -99.0 -99.0 -99.0 -99.0 -99.0
20260514 211  2.6  2267   5  5.7 1229   2 10.3 1136  18.3  25.2 1543  13.0 2357  11.8  25.0   8.7  68.4  42.0 1622  13.9  -9.0  -9.0 -9.00  992.9 1016.5 1020.9 2359 1011.6    1  0.0 11.5 14.2 -9.0 -9.00 -9.00   -9   -9.0   -9.0 -9.00   -9.0   -9   -9.0   -9   -9.0   -9   -9.0   -9   -9.0   -9 -99.0 -99.0 -99.0 -99.0 -99.0
20260514 212  1.3  1111   7  3.0 1526   7  6.6 1549  22.2  31.0 1358  13.6  603  10.8  27.8  10.8  54.3  21.0 1551  13.0  -9.0  -9.0 -9.00  999.2 1015.4 1019.9 2347 1011.9    1  0.9 12.6 14.2 -9.0 -9.00 -9.00   -9   -9.0   -9.0 -9.00   -9.0   -9   -9.0   -9   -9.0   -9   -9.0   -9   -9.0   -9 -99.0 -99.0 -99.0 -99.0 -99.0
20260514 216  1.8  1566   2  4.6 1241   5  8.7 1217  15.0  20.9 1125   9.7 2400  10.8  21.1   8.9  77.6  52.0 1051  13.0   6.0   4.2 -9.00  936.0 1017.6 1022.9 2400 1013.1    1  2.5 10.7 14.1 -9.0 27.64  3.53 1100   -9.0   -9.0 -9.00   -9.0   -9   -9.0   -9   -9.0   -9   -9.0   -9   -9.0   -9 -99.0 -99.0 -99.0 -99.0 -99.0
20260514 217  2.0  1705   2  5.4 1209   5 10.0 1207  18.0  25.5 1546  12.0 2355  11.6  25.9   9.4  69.8  41.0 1540  13.7  -9.0  -9.0 -9.00  980.8 1017.0 1022.1 2340 1012.9    5  0.9 -9.0 14.1 -9.0 -9.00 -9.00   -9   -9.0   -9.0 -9.00   -9.0   -9   -9.0   -9   -9.0   -9   -9.0   -9   -9.0   -9 -99.0 -99.0 -99.0 -99.0 -99.0
20260514 221  1.6  1385   5  4.1  801   5  8.3 1452  20.3  28.7 1450  13.0  334  11.2  25.9  10.6  61.3  29.0 1345  13.3  -9.0  -9.0 -9.00  984.6 1015.1 1020.3 2339 1011.6    1  1.8 11.6 14.1 -9.0 -9.00 -9.00   -9   -9.0   -9.0 -9.00   -9.0   -9   -9.0   -9   -9.0   -9   -9.0   -9   -9.0   -9 -99.0 -99.0 -99.0 -99.0 -99.0
20260514 226  1.7  1510  16  4.7 1409  18  8.5 1303  21.3  28.4 1421  14.1  427  12.1  26.4   8.7  60.8  29.0 1240  14.2  -9.0  -9.0 -9.00  995.3 1015.1 1020.0 2355 1011.3   37  0.9 12.1 14.1 -9.0 -9.00 -9.00   -9   -9.0   -9.0 -9.00   -9.0   -9   -9.0   -9   -9.0   -9   -9.0   -9   -9.0   -9 -99.0 -99.0 -99.0 -99.0 -99.0
20260514 232  1.4  1175  11  4.7 1346   7  8.1 1326  21.4  30.2 1415  13.1  539  12.2  26.4  11.1  63.1  20.0 1342  14.4  -9.0  -9.0 -9.00 1005.3 1015.1 1019.9 2358 1011.9   25  0.9 11.3 14.1 -9.0 -9.00 -9.00   -9   -9.0   -9.0 -9.00   -9.0   -9   -9.0   -9   -9.0   -9   -9.0   -9   -9.0   -9 -99.0 -99.0 -99.0 -99.0 -99.0
20260514 235  1.5  1284  20  3.7 1230  20  5.7 1820  18.8  27.7 1648  12.2  444  14.7  22.1  10.3  79.0  44.0 1700  16.8   6.5   4.5 -9.00 1012.9 1014.1 1018.7 2348 1010.7  132  0.0 10.4 14.1 -9.0 27.14  3.48 1200   -9.0   -9.0 -9.00   -9.0   -9   -9.0   -9   -9.0   -9   -9.0   -9   -9.0   -9 -99.0 -99.0 -99.0 -99.0 -99.0
20260514 236  1.4  1192   9  3.4 1133  14  6.2 1130  21.5  30.9 1512  14.0  307  13.3  24.5  12.4  66.1  25.0 1507  15.3  -9.0  -9.0 -9.00 1013.1 1014.7 1019.6 2353 1011.6  139  1.3 11.8 14.1 -9.0 -9.00 -9.00   -9   -9.0   -9.0 -9.00   -9.0   -9   -9.0   -9   -9.0   -9   -9.0   -9   -9.0   -9 -99.0 -99.0 -99.0 -99.0 -99.0
20260514 238  1.3  1143   7  4.0 1519   7  7.7 1518  21.7  30.2 1443  14.0  506  13.1  26.4   9.4  63.6  26.0 1530  15.2  -9.0  -9.0 -9.00  994.5 1014.1 1019.4 2350 1010.9  135  2.1 11.1 14.1 -9.0 -9.00 -9.00   -9   -9.0   -9.0 -9.00   -9.0   -9   -9.0   -9   -9.0   -9   -9.0   -9   -9.0   -9 -99.0 -99.0 -99.0 -99.0 -99.0
20260514 239  1.6  1403  11  3.6 1214  14  6.8 2130  21.8  29.5 1525  13.7  433  12.5  23.9  12.5  61.1  28.0 1553  14.6   8.2   5.7 -9.00 1003.7 1014.1 1019.1 2359 1011.0  313  0.8 11.8 14.1 -9.0 27.99  3.52 1200   -9.0   -9.0 -9.00   -9.0   -9   -9.0   -9   -9.0   -9   -9.0   -9   -9.0   -9 -99.0 -99.0 -99.0 -99.0 -99.0
20260514 243  1.3  1123  27  4.4 1312  32  7.3 1434  19.1  28.5 1250  13.2  620  14.9  22.7  13.2  79.3  46.0 1258  17.0  -9.0  -9.0 -9.00 1013.4 1014.9 1019.6 2356 1011.5  137  4.0  7.6 14.0 -9.0 -9.00 -9.00   -9   -9.0   -9.0 -9.00   -9.0   -9   -9.0   -9   -9.0   -9   -9.0   -9   -9.0   -9 -99.0 -99.0 -99.0 -99.0 -99.0
20260514 244  1.1   978  23  4.1 1309  23  7.7 1317  20.6  29.2 1437  12.1  445  14.4  22.4   9.4  72.3  35.0 1428  16.5  -9.0  -9.0 -9.00  985.7 1014.1 1019.5 2341 1011.4  124  1.5 10.3 14.0 -9.0 -9.00 -9.00   -9   -9.0   -9.0 -9.00   -9.0   -9   -9.0   -9   -9.0   -9   -9.0   -9   -9.0   -9 -99.0 -99.0 -99.0 -99.0 -99.0
20260514 245  1.6  1364  29  4.2 1450  29  6.9 1516  19.7  28.9 1254  13.1  319  15.1  22.6  11.5  77.1  50.0 1213  17.3   5.6   3.9 -9.00 1006.5 1014.5 1019.3 2337 1011.4  159  1.4  8.8 14.0 -9.0 22.44  3.33 1100   -9.0   -9.0 -9.00   -9.0   -9   -9.0   -9   -9.0   -9   -9.0   -9   -9.0   -9 -99.0 -99.0 -99.0 -99.0 -99.0
20260514 247  1.3  1144  27  3.7 1307  29  9.1 1508  21.0  28.8 1356  13.4  549  15.1  24.2  11.8  72.0  47.0 1357  17.2  -9.0  -9.0 -9.00  998.7 1014.2 1019.3 2348 1011.0  102  1.3  9.3 14.0 -9.0 -9.00 -9.00   -9   -9.0   -9.0 -9.00   -9.0   -9   -9.0   -9   -9.0   -9   -9.0   -9   -9.0   -9 -99.0 -99.0 -99.0 -99.0 -99.0
20260514 248  1.2  1027   5  4.2 1221   5 11.0 1432  19.3  27.6 1426  11.7  430  11.9  22.9   8.3  68.9  28.0 1433  14.0  -9.0  -9.0 -9.00  968.3 1014.9 1020.7 2349 1012.2  114  0.3 11.1 14.0 -9.0 -9.00 -9.00   -9   -9.0   -9.0 -9.00   -9.0   -9   -9.0   -9   -9.0   -9   -9.0   -9   -9.0   -9 -99.0 -99.0 -99.0 -99.0 -99.0
20260514 251  1.2  1061  27  4.0 1418  27  5.9 1412  19.2  28.4 1317  12.3  451  15.3  21.1  11.5  80.3  50.0 1319  17.5   5.4   3.8 -9.00 1007.2 1014.1 1018.7 2358 1010.7  248  2.5  6.7 14.0 -9.0 22.19  3.27 1100    0.0   -9.0 -9.00    0.0   -9    0.0   -9   -9.0   -9   -9.0   -9   -9.0   -9 -99.0 -99.0 -99.0 -99.0 -99.0
20260514 252  1.4  1200  25  4.2 1332  23  7.0 1303  18.4  25.8 1106  12.3  109  15.2  24.7  11.2  83.6  60.0 1052  17.5   6.5   4.5 -9.00 1010.2 1014.6 1019.1 2400 1011.3  203  1.4  9.7 14.0 -9.0 27.07  3.54 1200   -9.0   -9.0 -9.00   -9.0   -9   -9.0   -9   -9.0   -9   -9.0   -9   -9.0   -9 -99.0 -99.0 -99.0 -99.0 -99.0
20260514 253  1.3  1136  11  5.0 1459  14  9.3 1506  20.4  28.4 1305  14.3  427  13.6  25.9  11.6  67.1  40.0 1253  15.6   7.5   5.2 -9.00 1009.8 1016.2 1020.9 2315 1011.6  142  0.9 11.3 14.0 -9.0 26.66  3.55 1200   -9.0   -9.0 -9.00   -9.0   -9   -9.0   -9   -9.0   -9   -9.0   -9   -9.0   -9 -99.0 -99.0 -99.0 -99.0 -99.0
20260514 254  1.4  1247  18  3.6 1322  18  6.4 1429  20.8  28.9 1428  12.7  550  13.5  25.1  10.1  67.0  38.0 1147  15.5   7.6   5.4 -9.00  999.8 1014.8 1019.9 2347 1011.8   50  0.3 11.4 14.0 -9.0 27.16  3.44 1100   -9.0   -9.0 -9.00   -9.0   -9   -9.0   -9   -9.0   -9   -9.0   -9   -9.0   -9 -99.0 -99.0 -99.0 -99.0 -99.0
20260514 255  1.5  1306   9  4.6 1707   7  9.0 1644  21.2  28.2 1135  15.3  447  13.5  23.6  11.5  63.5  44.0 1603  15.5   6.2   4.3 -9.00 1009.1 1015.0 1020.0 2315 1010.8  127  1.3  9.6 14.0 -9.0 20.88  3.05 1100   -9.0   -9.0 -9.00   -9.0   -9   -9.0   -9   -9.0   -9   -9.0   -9   -9.0   -9 -99.0 -99.0 -99.0 -99.0 -99.0
20260514 257  2.2  1932   5  4.1 1300  11  9.5 1529  20.6  28.6 1242  13.6  500  14.5  26.1  10.6  70.8  40.0 1245  16.5   7.5   5.3 -9.00 1014.9 1015.6 1020.2 2352 1010.8  156  1.3  9.5 14.0 -9.0 25.60  3.11 1300   -9.0   -9.0 -9.00   -9.0   -9   -9.0   -9   -9.0   -9   -9.0   -9   -9.0   -9 -99.0 -99.0 -99.0 -99.0 -99.0
20260514 258  2.5  2117  16  6.0 1213  16  8.3 1212  19.4  25.7 1501  13.5  336  14.4  22.1  12.1  75.9  47.0 1244  16.4   7.7   5.4 -9.00 1015.4 1015.6 1020.0 2349 1011.2  117  0.8 11.2 14.0 -9.0 28.58  3.70 1200   -9.0   -9.0 -9.00   -9.0   -9   -9.0   -9   -9.0   -9   -9.0   -9   -9.0   -9 -99.0 -99.0 -99.0 -99.0 -99.0
20260514 259  1.7  1480   9  4.6 1230   9  8.9 1217  19.9  26.4 1210  13.7  458  14.4  23.8  12.2  73.4  48.0 1212  16.4   7.5   5.3 -9.00 1012.9 1014.7 1019.0 2301 1010.8  129  0.0 12.0 14.0 -9.0 28.12  3.53 1200   -9.0   -9.0 -9.00   -9.0   -9   -9.0   -9   -9.0   -9   -9.0   -9   -9.0   -9 -99.0 -99.0 -99.0 -99.0 -99.0
20260514 260  2.0  1766  16  4.8 1338  18  9.0 1245  19.1  24.9 1259  13.1  458  14.7  25.5  10.2  77.6  59.0 1542  16.9  -9.0  -9.0 -9.00 1009.7 1014.9 1019.2 2359 1010.9  110  0.1 12.3 13.9 -9.0 -9.00 -9.00   -9   -9.0   -9.0 -9.00   -9.0   -9   -9.0   -9   -9.0   -9   -9.0   -9   -9.0   -9 -99.0 -99.0 -99.0 -99.0 -99.0
20260514 261  2.9  2542  11  8.0 1641  11 10.6 1701  19.0  24.9 1146  13.2  557  14.4  26.0  11.4  76.9  52.0 1308  16.5  -9.0  -9.0 -9.00 1013.1 1015.0 1019.3 2346 1011.4  119  1.3 11.6 13.9 -9.0 -9.00 -9.00   -9   -9.0   -9.0 -9.00   -9.0   -9   -9.0   -9   -9.0   -9   -9.0   -9   -9.0   -9 -99.0 -99.0 -99.0 -99.0 -99.0
20260514 262  1.7  1496  18  4.2 1406  20  7.6 1532  18.7  24.3 1157  12.2  439  13.5  24.1  13.4  74.4  48.0 1558  15.6   6.7   4.7 -9.00 1009.0 1015.1 1019.4 2348 1010.8  115  0.1 12.1 14.0 -9.0 26.32  3.21 1200   -9.0   -9.0 -9.00   -9.0   -9   -9.0   -9   -9.0   -9   -9.0   -9   -9.0   -9 -99.0 -99.0 -99.0 -99.0 -99.0
20260514 263  1.5  1262  14  4.1 1533   5  6.2 1254  19.8  28.1 1352  12.8  335  13.0  23.6  10.5  68.5  41.0 1335  15.0   6.4   4.5 -9.00 1013.6 1015.3 1020.4 2351 1011.1  122  0.9  7.2 14.0 -9.0 22.87  3.42 1100   -9.0   -9.0 -9.00   -9.0   -9   -9.0   -9   -9.0   -9   -9.0   -9   -9.0   -9 -99.0 -99.0 -99.0 -99.0 -99.0
20260514 264  1.3  1136  18  3.9 1707  14  7.4 1351  20.1  28.7 1511  13.2  336  12.0  25.7  11.3  63.5  34.0 1454  14.1   7.8   5.4 -9.00  997.4 1015.1 1020.7 2355 1011.3    1  1.5 10.7 14.0 -9.0 26.53  3.51 1100   -9.0   -9.0 -9.00   -9.0   -9   -9.0   -9   -9.0   -9   -9.0   -9   -9.0   -9 -99.0 -99.0 -99.0 -99.0 -99.0
20260514 266  1.7  1446   9  3.7 1113   7  6.5 1129  20.4  26.0 1502  15.1  558  14.9  23.1  12.6  73.0  46.0 1535  17.0   7.5   5.2 -9.00 1005.2 1015.5 1019.9 2333 1011.3  134  0.3 11.9 14.0 -9.0 27.39  3.49 1200   -9.0   -9.0 -9.00   -9.0   -9   -9.0   -9   -9.0   -9   -9.0   -9   -9.0   -9 -99.0 -99.0 -99.0 -99.0 -99.0
20260514 268  1.6  1365  18  4.2 1148  20  8.0 1331  18.3  23.9 1330  13.0  619  13.9  22.9  13.9  77.9  52.0 1455  15.9  -9.0  -9.0 -9.00 1012.5 1013.6 1017.8 2309 1009.9  327  0.3 11.5 13.9 -9.0 -9.00 -9.00   -9   -9.0   -9.0 -9.00   -9.0   -9   -9.0   -9   -9.0   -9   -9.0   -9   -9.0   -9 -99.0 -99.0 -99.0 -99.0 -99.0
20260514 271  2.0  1712  14  5.5 1431  16 10.3 1215  17.4  24.8 1348  10.9  440  10.8  22.7   8.2  70.1  36.0 1200  13.0  -9.0  -9.0 -9.00  979.2 1016.9 1022.6 2349 1012.0    1  0.8 10.8 14.1 -9.0 -9.00 -9.00   -9   -9.0   -9.0 -9.00   -9.0   -9   -9.0   -9   -9.0   -9   -9.0   -9   -9.0   -9 -99.0 -99.0 -99.0 -99.0 -99.0
20260514 272  1.8  1526  11  3.9 1118   9  6.8 1626  20.0  27.9 1422  13.4 2400  11.8  26.7  10.8  63.9  29.0 1109  13.9  -9.0  -9.0 -9.00  991.4 1015.9 1021.4 2345 1010.5    1  1.6 12.1 14.1 -9.0 -9.00 -9.00   -9   -9.0   -9.0 -9.00   -9.0   -9   -9.0   -9   -9.0   -9   -9.0   -9   -9.0   -9 -99.0 -99.0 -99.0 -99.0 -99.0
20260514 273  2.0  1727   9  5.3 1233  11  8.9 1230  20.9  28.6 1509  14.5  540  12.1  26.7   8.9  61.8  29.0 1235  14.2  -9.0  -9.0 -9.00  995.0 1015.0 1020.5 2344 1009.6    1  0.8 11.3 14.1 -9.0 -9.00 -9.00   -9   -9.0   -9.0 -9.00   -9.0   -9   -9.0   -9   -9.0   -9   -9.0   -9   -9.0   -9 -99.0 -99.0 -99.0 -99.0 -99.0
20260514 276  1.8  1571  14  5.3 1206  14 10.6 1158  17.9  25.1 1210  11.5 2349  11.8  24.0   6.9  72.1  41.0 1529  13.8   7.2   5.0 -9.00  991.9 1016.3 1021.6 2346 1010.8    1  2.3 11.3 14.1 -9.0 27.83  3.56 1100   -9.0   -9.0 -9.00   -9.0   -9   -9.0   -9   -9.0   -9   -9.0   -9   -9.0   -9 -99.0 -99.0 -99.0 -99.0 -99.0
20260514 277  3.4  2907   5  7.7 1401   5 13.6 1601  17.0  21.8 1320  12.5  238  14.1  25.5  10.1  83.9  67.0 1206  16.1  -9.0  -9.0 -9.00 1012.9 1017.8 1021.8 2344 1010.9   22  6.5  8.2 14.1 -9.0 -9.00 -9.00   -9   -9.0   -9.0 -9.00   -9.0   -9   -9.0   -9   -9.0   -9   -9.0   -9   -9.0   -9 -99.0 -99.0 -99.0 -99.0 -99.0
20260514 278  1.5  1295   9  4.6 1302   5  8.2 1143  19.9  28.0 1408  12.6  322  12.3  25.7   8.9  67.3  32.0 1316  14.3  -9.0  -9.0 -9.00 1005.5 1015.0 1020.4 2340 1009.9    1  1.6 11.7 14.1 -9.0 -9.00 -9.00   -9   -9.0   -9.0 -9.00   -9.0   -9   -9.0   -9   -9.0   -9   -9.0   -9   -9.0   -9 -99.0 -99.0 -99.0 -99.0 -99.0
20260514 279  1.5  1270   9  3.7 1253  11  7.3 1526  21.2  29.3 1413  14.9  427  12.0  28.7  11.2  59.4  27.0 1403  14.1   6.8   4.7 -9.00 1009.7 1015.4 1020.7 2330 1010.3    1  1.3  9.5 14.1 -9.0 23.40  3.19 1100   -9.0   -9.0 -9.00   -9.0   -9   -9.0   -9   -9.0   -9   -9.0   -9   -9.0   -9 -99.0 -99.0 -99.0 -99.0 -99.0
20260514 281  2.5  2188  11  5.4 1043  14  9.1 1430  18.3  23.9 1319  12.8  530  13.2  23.5  10.6  74.4  53.0 1419  15.2  -9.0  -9.0 -9.00 1005.6 1016.9 1021.6 2307 1011.2    1  1.8 11.2 14.0 -9.0 -9.00 -9.00   -9   -9.0   -9.0 -9.00   -9.0   -9   -9.0   -9   -9.0   -9   -9.0   -9   -9.0   -9 -99.0 -99.0 -99.0 -99.0 -99.0
20260514 283  3.1  2719  36  6.2 1326   2 10.2 1455  18.0  22.9 1036  13.1  412  13.9  24.2   8.3  78.1  62.0  945  15.9   5.5   3.9 -9.00 1012.5 1017.2 1021.5 2325 1011.0   10  4.6  7.6 14.0 -9.0 23.35  3.44 1000   -9.0   -9.0 -9.00   -9.0   -9   -9.0   -9   -9.0   -9   -9.0   -9   -9.0   -9 -99.0 -99.0 -99.0 -99.0 -99.0
20260514 284  1.7  1441  16  4.6 1208  14  8.0 1240  20.0  28.0 1428  12.7  551  12.6  27.3  10.1  65.9  40.0 1549  14.7   7.1   5.0 -9.00  987.7 1014.0 1019.8 2352 1010.1    1  1.9 11.4 14.0 -9.0 26.17  3.38 1200   -9.0   -9.0 -9.00   -9.0   -9   -9.0   -9   -9.0   -9   -9.0   -9   -9.0   -9 -99.0 -99.0 -99.0 -99.0 -99.0
20260514 285  1.1   924   2  3.4 1611   5  6.6 1624  21.2  29.2 1505  13.7  435  14.0  27.4  12.3  67.9  35.0 1702  16.0  -9.0  -9.0 -9.00 1012.2 1015.3 1020.6 2344 1011.0  136  2.4 10.0 14.0 -9.0 -9.00 -9.00   -9   -9.0   -9.0 -9.00   -9.0   -9   -9.0   -9   -9.0   -9   -9.0   -9   -9.0   -9 -99.0 -99.0 -99.0 -99.0 -99.0
20260514 288  1.8  1552   5  4.4 1633   2  8.1 1739  20.6  29.4 1430  13.6  422  13.5  24.3  13.3  67.3  38.0 1425  15.5   6.8   4.8 -9.00 1013.2 1014.1 1019.2 2357 1009.7  157  0.9  9.8 14.0 -9.0 24.61  3.48 1100   -9.0   -9.0 -9.00   -9.0   -9   -9.0   -9   -9.0   -9   -9.0   -9   -9.0   -9 -99.0 -99.0 -99.0 -99.0 -99.0
20260514 289  1.1   951   7  3.3 1100   5  7.0 1635  20.4  28.1 1336  13.9  521  14.7  27.7  12.4  73.1  46.0 1442  16.8  -9.0  -9.0 -9.00  999.7 1015.8 1021.1 2353 1011.9    1  2.9  9.0 14.0 -9.0 -9.00 -9.00   -9   -9.0   -9.0 -9.00   -9.0   -9   -9.0   -9   -9.0   -9   -9.0   -9   -9.0   -9 -99.0 -99.0 -99.0 -99.0 -99.0
20260514 294  1.8  1592  11  4.2 1436   9  8.6 1810  18.8  24.7 1336  13.3  526  13.5  28.2   9.7  73.0  48.0 1325  15.5  -9.0  -9.0 -9.00 1011.0 1016.2 1020.4 2341 1011.6   23  0.1 11.6 14.0 -9.0 -9.00 -9.00   -9   -9.0   -9.0 -9.00   -9.0   -9   -9.0   -9   -9.0   -9   -9.0   -9   -9.0   -9 -99.0 -99.0 -99.0 -99.0 -99.0
20260514 295  1.3  1127   9  3.6 1621   9  6.9 1620  19.3  25.7 1510  14.1  403  14.2  23.8  11.1  74.6  46.0 1534  16.2  -9.0  -9.0 -9.00 1010.1 1015.5 1020.0 2358 1011.0  131  0.0 10.8 14.0 -9.0 -9.00 -9.00   -9   -9.0   -9.0 -9.00   -9.0   -9   -9.0   -9   -9.0   -9   -9.0   -9   -9.0   -9 -99.0 -99.0 -99.0 -99.0 -99.0
20260514 296  2.6  2264   7  5.7 1528   7 10.5 1528  20.4  27.4 1253  12.5  510  14.9  22.3   8.1  72.9  48.0 1322  17.0   7.6   5.3 -9.00 1014.6 1015.0 1019.6 2316 1010.3  144  0.9 11.1 14.0 -9.0 27.44  3.47 1100   -9.0   -9.0 -9.00   -9.0   -9   -9.0   -9   -9.0   -9   -9.0   -9   -9.0   -9 -99.0 -99.0 -99.0 -99.0 -99.0
20260515  90  2.3  1961  14  6.0 1200  14  8.9 1154  17.2  22.7 1450  13.7  316  13.0  24.4  13.5  77.6  54.0 1450  15.0   6.4   4.5 -9.00 1018.1 1020.2 1022.1  753 1018.2 1557  2.5 11.7 14.2 -9.0 28.36  3.53 1200   -9.0   -9.0 -9.00   -9.0   -9   -9.0   -9   -9.0   -9   -9.0   -9   -9.0   -9 -99.0 -99.0 -99.0 -99.0 -99.0
20260515  93  0.8   673  23  3.2 1407  23  5.7 1552  21.8  31.4 1553  12.8  512  12.3  29.4  10.6  60.9  25.0 1626  14.4   8.2   5.8 -9.00 1009.5 1020.6 1023.5  755 1017.5 1631  0.0 12.7 14.2 -9.0 28.67  3.52 1200   -9.0   -9.0 -9.00   -9.0   -9   -9.0   -9   -9.0   -9   -9.0   -9   -9.0   -9  20.7  17.3  15.1  12.6  12.1
20260515  95  0.9   736  34  3.0 1513  34  7.0 1649  21.9  29.9 1424  13.8  539  14.3  25.0   9.9  66.6  30.0 1318  16.3   7.6   5.3 -9.00 1002.7 1020.7 1022.9  723 1017.9 1626  0.0 12.6 14.2 -9.0 27.88  3.51 1200   -9.0   -9.0 -9.00   -9.0   -9   -9.0   -9   -9.0   -9   -9.0   -9   -9.0   -9 -99.0 -99.0 -99.0 -99.0 -99.0
20260515  98  0.9   768  29  2.5 1832  27  5.3 1831  23.2  30.8 1546  16.1  550  13.2  28.9  11.9  56.6  26.0 1423  15.2   7.9   5.6 -9.00 1006.8 1020.1 1022.0  746 1017.6 1703  0.0 11.8 14.2 -9.0 27.53  3.43 1200   -9.0   -9.0 -9.00   -9.0   -9   -9.0   -9   -9.0   -9   -9.0   -9   -9.0   -9 -99.0 -99.0 -99.0 -99.0 -99.0
20260515  99  0.9   757  32  2.7 1533  34  6.0 1616  21.0  29.6 1412  14.1  543  14.5  27.5   9.8  70.5  39.0 1330  16.5   7.1   5.0 -9.00 1017.5 1021.1 1022.6  815 1018.9    1  0.0 12.2 14.2 -9.0 27.08  3.41 1200   -9.0   -9.0 -9.00   -9.0   -9   -9.0   -9   -9.0   -9   -9.0   -9   -9.0   -9 -99.0 -99.0 -99.0 -99.0 -99.0
20260515 100  1.3  1131  11  4.3 1141  11  6.8 1110  15.9  25.7 1427   3.0  444   7.5  21.0  -0.3  65.0  31.0 1211  10.5   8.5   6.0 -9.00  933.3 1021.3 1026.3  543 1016.4 1620  0.0 13.2 14.2 -9.0 29.96  3.65 1200   -9.0   -9.0 -9.00   -9.0   -9   -9.0   -9   -9.0   -9   -9.0   -9   -9.0   -9 -99.0 -99.0 -99.0 -99.0 -99.0
20260515 101  1.5  1275  23  3.2 1555  25  5.7 1554  22.1  31.3 1614  13.2  537  12.5  28.2   9.0  59.6  26.0 1601  14.5   8.2   5.7 -9.00 1010.7 1019.5 1022.3  705 1016.3 1628  0.0 12.6 14.2 -9.0 27.70  3.40 1200   -9.0   -9.0 -9.00   -9.0   -9   -9.0   -9   -9.0   -9   -9.0   -9   -9.0   -9  18.9  15.3  13.9  13.5  15.2
20260515 102  1.5  1296  32  3.7 1607  27  8.3 1422  17.6  23.2 1344  11.4  504  11.2  27.2   7.6  67.0  47.0 1315  13.4   7.2   5.0 -9.00 1016.2 1020.5 1021.6 1141 1017.7    1  0.0 13.0 14.2 -9.0 29.78  3.56 1200   -9.0   -9.0 -9.00   -9.0   -9   -9.0   -9   -9.0   -9   -9.0   -9   -9.0   -9 -99.0 -99.0 -99.0 -99.0 -99.0
20260515 104  1.2  1007  11  3.6 1606  11  5.0 1603  19.9  29.0 1546  10.7  504  13.0  24.2   6.1  68.5  33.0 1633  15.0   7.9   5.5 -9.00 1010.0 1018.8 1021.0  630 1016.2 1647  0.0 13.1 14.2 -9.0 28.99  3.54 1200   -9.0   -9.0 -9.00   -9.0   -9   -9.0   -9   -9.0   -9   -9.0   -9   -9.0   -9  19.1  16.2  14.2  12.1  13.0
20260515 105  1.3  1145  11  3.2 1620   7  5.8 1646  21.6  30.5 1506  11.9  416  11.5  28.0   8.1  57.5  25.0 1617  13.6   8.4   5.9 -9.00 1016.9 1020.1 1022.3  653 1017.5 1714  0.0 12.8 14.2 -9.0 27.43  3.37 1200   -9.0   -9.0 -9.00   -9.0   -9   -9.0   -9   -9.0   -9   -9.0   -9   -9.0   -9  19.8  18.0  14.4  12.8  13.9
20260515 106  1.6  1351  14  4.0 1312  16  7.1 1309  17.6  24.6 1632  11.3  527  12.6  27.9   6.5  73.8  47.0 1700  14.7   7.0   4.9 -9.00 1015.9 1020.7 1022.7  828 1018.4 1729  0.0 12.6 14.2 -9.0 28.64  3.56 1200   -9.0   -9.0 -9.00   -9.0   -9   -9.0   -9   -9.0   -9   -9.0   -9   -9.0   -9 -99.0 -99.0 -99.0 -99.0 -99.0
20260515 108  1.9  1624  27  5.0 1723  29  8.0 1552  24.2  31.3 1507  18.3  554  13.2  29.1  13.7  52.6  29.0 1502  15.3   9.0   6.3 -9.00 1010.4 1020.3 1021.9  736 1018.2 1513  0.0 12.6 14.2 -9.0 28.34  3.54 1200   -9.0   -9.0 -9.00   -9.0   -9   -9.0   -9   -9.0   -9   -9.0   -9   -9.0   -9  18.8  15.8  15.2  13.4  13.5
20260515 112  2.0  1761  20  4.4    1  32  7.0 1537  21.6  27.0 1427  16.1  519  13.3  25.4  10.9  61.1  43.0 1227  15.3   7.7   5.4 -9.00 1012.5 1020.6 1021.8  815 1018.4    1  0.0 12.7 14.2 -9.0 27.88  3.46 1200   -9.0   -9.0 -9.00   -9.0   -9   -9.0   -9   -9.0   -9   -9.0   -9   -9.0   -9  17.6  15.5  12.6  13.6  13.4
20260515 114  0.9   786  29  3.3 1604  32  6.0 1711  22.8  30.9 1537  14.9  524  11.6  28.3   9.3  52.5  26.0 1807  13.8   7.9   5.5 -9.00 1002.8 1020.2 1022.7  652 1017.1 1624  0.0 13.0 14.2 -9.0 28.31  3.45 1200   -9.0   -9.0 -9.00   -9.0   -9   -9.0   -9   -9.0   -9   -9.0   -9   -9.0   -9 -99.0 -99.0 -99.0 -99.0 -99.0
20260515 115  3.2  2738  20  5.6 1320  20  7.9 1419  16.3  19.7 1530  13.6  512  12.8  21.8  11.8  80.4  62.0 2332  14.9   5.6   3.9 -9.00  996.0 1022.1 1023.8  833 1020.7 1803  4.4  7.8 14.2 -9.0 23.57  3.26 1200   -9.0   -9.0 -9.00   -9.0   -9   -9.0   -9   -9.0   -9   -9.0   -9   -9.0   -9  17.4  13.9  13.2  11.9  13.2
20260515 119  1.7  1499  25  4.2 1629  25  6.9 1511  21.8  30.0 1403  15.4  544  12.7  30.3  12.0  59.8  31.0 1412  14.7   8.3   5.8 -9.00 1015.7 1020.3 1021.8  739 1018.1 1603  0.0 12.7 14.2 -9.0 27.92  3.47 1200   -9.0   -9.0 -9.00   -9.0   -9   -9.0   -9   -9.0   -9   -9.0   -9   -9.0   -9  18.6  15.2  13.5  11.6  12.3
20260515 121  0.9   800  11  2.4 1455  20  4.7 1817  20.7  32.4 1608  10.5  456   9.8  28.8   5.5  57.4  22.0 1559  12.2   8.6   6.0 -9.00  993.0 1020.9 1024.5  651 1016.7 1630  0.0 12.7 14.2 -9.0 28.97  3.57 1200   -9.0   -9.0 -9.00   -9.0   -9   -9.0   -9   -9.0   -9   -9.0   -9   -9.0   -9 -99.0 -99.0 -99.0 -99.0 -99.0
20260515 127  1.2  1031  23  2.9 1459  23  5.9 1446  21.5  31.3 1639  12.2  539   7.8  27.0   7.6  47.8  15.0 1802  10.8   9.1   6.4 -9.00 1006.5 1019.8 1022.1  704 1016.7 1657  0.0 12.7 14.1 -9.0 29.28  3.58 1200   -9.0   -9.0 -9.00   -9.0   -9   -9.0   -9   -9.0   -9   -9.0   -9   -9.0   -9 -99.0 -99.0 -99.0 -99.0 -99.0
20260515 129  2.0  1697  32  5.7 1624  32  7.8 1542  20.5  29.2 1351  13.8  506  12.2  25.4  10.0  63.8  23.0 1405  14.2   8.6   6.0 -9.00 1017.9 1020.9 1022.5 2344 1019.0 1547  0.0 12.8 14.1 -9.0 28.70  3.56 1200   -9.0   -9.0 -9.00   -9.0   -9   -9.0   -9   -9.0   -9   -9.0   -9   -9.0   -9  18.2  15.1  15.5  12.9  14.6
20260515 130  2.0  1692  16  4.7 1104  18  7.5 1315  16.6  19.4 1544  12.3  521  12.9  24.8   8.6  79.9  50.0 2346  15.0  -9.0  -9.0 -9.00 1015.6 1021.4 1023.2  916 1019.7 1722  0.0 13.2 14.1 -9.0 -9.00 -9.00   -9   -9.0   -9.0 -9.00   -9.0   -9   -9.0   -9   -9.0   -9   -9.0   -9   -9.0   -9 -99.0 -99.0 -99.0 -99.0 -99.0
20260515 131  1.2  1009  16  2.4 1225   9  4.6  350  24.0  31.5 1546  16.7  548  10.0  27.4  11.9  44.8  19.0 1741  12.4   9.1   6.4 -9.00 1013.3 1020.1 1021.9  650 1017.4 1608  0.0 12.7 14.1 -9.0 30.18  3.71 1200   -9.0   -9.0 -9.00   -9.0   -9   -9.0   -9   -9.0   -9   -9.0   -9   -9.0   -9 -99.0 -99.0 -99.0 -99.0 -99.0
20260515 133  2.0  1720  14  4.2   55  11  6.8 1318  23.2  30.6 1629  15.1  516  10.9  24.7  11.5  50.5  20.0 1456  13.2   9.2   6.5 -9.00 1012.7 1020.6 1022.5  808 1018.0 1634  0.0 13.1 14.1 -9.0 29.67  3.65 1200   -9.0   -9.0 -9.00   -9.0   -9   -9.0   -9   -9.0   -9   -9.0   -9   -9.0   -9  20.8  18.3  16.2  14.5  15.6
20260515 135  1.3  1159   7  4.9 1341  16  8.5 1247  19.4  27.8 1506  10.1  540  10.7  25.3   6.9  62.0  30.0 1733  12.9   8.3   5.8 -9.00  992.3 1020.8 1023.4  627 1017.8 1706  0.0 12.7 14.1 -9.0 29.79  3.65 1200   -9.0   -9.0 -9.00   -9.0   -9   -9.0   -9   -9.0   -9   -9.0   -9   -9.0   -9 -99.0 -99.0 -99.0 -99.0 -99.0
20260515 136  1.0   828  14  2.6 1347  16  4.9 1259  20.1  30.7 1528  11.8  435  10.4  29.4   8.1  59.8  24.0 1620  12.7   8.2   5.8 -9.00 1005.4 1021.9 1024.6  713 1018.8 1704  0.0 10.6 14.1 -9.0 28.54  3.66 1200   -9.0   -9.0 -9.00   -9.0   -9   -9.0   -9   -9.0   -9   -9.0   -9   -9.0   -9 -99.0 -99.0 -99.0 -99.0 -99.0
20260515 137  0.7   631   7  1.8 1415   2  4.8 1406  21.2  30.3 1522  12.5  500  12.1  29.6   7.7  61.1  26.0 1648  14.2   7.8   5.5 -9.00 1009.0 1020.2 1022.8  703 1017.4 1653  0.0 12.9 14.1 -9.0 29.51  3.61 1200   -9.0   -9.0 -9.00   -9.0   -9   -9.0   -9   -9.0   -9   -9.0   -9   -9.0   -9 -99.0 -99.0 -99.0 -99.0 -99.0
20260515 138  2.2  1908   5  5.0 1002   5  6.8 1247  18.4  22.1 1824  15.2 2339  13.2  25.1   5.2  72.4  44.0 1823  15.3   6.8   4.8 -9.00 1020.9 1021.4 1023.1  830 1019.7 1709  2.0 12.1 14.1 -9.0 28.70  3.59 1200   -9.0   -9.0 -9.00   -9.0   -9   -9.0   -9   -9.0   -9   -9.0   -9   -9.0   -9  18.9  16.5  15.7  14.7  15.6
20260515 140  1.9  1604  27  4.6 1444  27  7.0 1435  19.4  28.5 1345  14.1  533  13.6  24.1   9.6  71.8  25.0 1340  15.6  -9.0  -9.0 -9.00 1018.2 1021.4 1023.1 2328 1019.8 1527  0.0 12.8 14.1 -9.0 -9.00 -9.00   -9   -9.0   -9.0 -9.00   -9.0   -9   -9.0   -9   -9.0   -9   -9.0   -9   -9.0   -9 -99.0 -99.0 -99.0 -99.0 -99.0
20260515 143  2.1  1800   9  4.4 1821   9  5.9 1822  21.8  29.4 1513  14.0  540  10.0  29.5  11.1  51.0  23.0 1659  12.4   9.1   6.4 -9.00 1014.2 1020.5 1022.5  804 1017.9 1637  0.5 13.0 14.1 -9.0 29.15  3.59 1200   -9.0   -9.0 -9.00   -9.0   -9   -9.0   -9   -9.0   -9   -9.0   -9   -9.0   -9 -99.0 -99.0 -99.0 -99.0 -99.0
20260515 146  2.0  1686  27  5.9 1653  27  8.5 1627  22.6  30.9 1501  15.6  515  13.5  24.5  10.5  60.0  28.0 1436  15.5   9.1   6.4 -9.00 1013.3 1020.3 1022.5 2332 1017.7 1522  0.0 12.7 14.1 -9.0 29.08  3.58 1200   -9.0   -9.0 -9.00   -9.0   -9   -9.0   -9   -9.0   -9   -9.0   -9   -9.0   -9 -99.0 -99.0 -99.0 -99.0 -99.0
20260515 152  1.5  1330   9  3.7  920   9  6.0  913  19.0  25.5 1605  14.0 2358  10.8  25.8   8.7  62.5  26.0 1608  13.0   7.4   5.2 -9.00 1011.6 1021.2 1022.7  834 1019.5 1615  2.1 11.8 14.0 -9.0 29.29  3.63 1200   -9.0   -9.0 -9.00   -9.0   -9   -9.0   -9   -9.0   -9   -9.0   -9   -9.0   -9 -99.0 -99.0 -99.0 -99.0 -99.0
20260515 155  1.9  1673  14  4.2 1630  20  7.3 1133  18.8  23.7 1409  14.7 2326  12.8  26.7  10.1  69.0  49.0 1607  14.8   7.1   5.0 -9.00 1017.3 1021.4 1022.4  927 1019.7    4  0.0 12.4 14.0 -9.0 29.23  3.58 1200   -9.0   -9.0 -9.00   -9.0   -9   -9.0   -9   -9.0   -9   -9.0   -9   -9.0   -9 -99.0 -99.0 -99.0 -99.0 -99.0
20260515 156  1.8  1593  16  4.5 1527  14  7.9 1520  22.8  30.5 1453  15.7  549  12.1  27.7  10.4  56.0  24.0 1316  14.3   9.1   6.4 -9.00 1011.2 1019.4 1021.3 2317 1017.5 1556  0.0 12.6 14.0 -9.0 29.20  3.66 1200   -9.0   -9.0 -9.00   -9.0   -9   -9.0   -9   -9.0   -9   -9.0   -9   -9.0   -9 -99.0 -99.0 -99.0 -99.0 -99.0
20260515 159  2.3  2030  14  4.7  946   9  8.7  946  19.7  25.0 1613  15.7  527  11.5  26.8   7.5  60.5  40.0 1601  13.7   8.0   5.6 -9.00 1012.8 1021.0 1022.2  944 1019.5   15  0.8 12.2 14.0 -9.0 30.74  3.82 1200   -9.0   -9.0 -9.00   -9.0   -9   -9.0   -9   -9.0   -9   -9.0   -9   -9.0   -9  19.8  17.7  17.2  15.2  16.7
20260515 162  2.2  1910   5  4.6 1316   2  7.2 1302  19.6  26.0 1441  15.2 2338  11.8  25.1   9.4  62.8  38.0 1656  13.9   7.6   5.4 -9.00 1016.8 1020.5 1021.7 2306 1019.0 1619  0.0 12.2 14.0 -9.0 29.35  3.64 1200   -9.0   -9.0 -9.00   -9.0   -9   -9.0   -9   -9.0   -9   -9.0   -9   -9.0   -9 -99.0 -99.0 -99.0 -99.0 -99.0
20260515 165  2.3  1983  18  5.6 1322  18  8.7 1320  19.9  27.2 1353  15.8  418  14.1  22.9   9.8  72.0  34.0 1309  16.2   7.8   5.5 -9.00 1015.5 1020.8 1022.4 2256 1019.1    1  0.0 12.9 14.0 -9.0 29.81  3.65 1200   -9.0   -9.0 -9.00   -9.0   -9   -9.0   -9   -9.0   -9   -9.0   -9   -9.0   -9  19.2  17.5  15.6  14.7  14.4
20260515 168  2.8  2412   9  7.0  710   9 10.6  809  19.2  23.2 1437  16.4 2355  13.4  23.3  11.1  70.3  55.0 1456  15.4   6.9   4.9 -9.00 1013.4 1021.2 1022.6 2349 1019.6  236  0.0 12.8 14.0 -9.0 29.81  3.68 1200   -9.0   -9.0 -9.00   -9.0   -9   -9.0   -9   -9.0   -9   -9.0   -9   -9.0   -9  20.0  17.2  15.8  15.1  16.6
20260515 169  3.1  2714   5  5.8  640   5  7.5  640  18.6  23.6 1333  13.9  145  13.7  24.1  13.9  74.8  55.0 1501  15.7   7.1   5.0 -9.00 1011.9 1020.7 1022.4 2303 1018.9    1  0.0 13.1 14.0 -9.0 30.14  3.71 1200   -9.0   -9.0 -9.00   -9.0   -9   -9.0   -9   -9.0   -9   -9.0   -9   -9.0   -9 -99.0 -99.0 -99.0 -99.0 -99.0
20260515 170  3.1  2669  14  7.5    1  16  9.4    8  19.9  26.1 1330  14.5  321  13.7  24.6  11.7  69.8  48.0 1437  15.8   7.8   5.5 -9.00 1016.9 1021.0 1022.4 2256 1019.2    1  0.0 12.8 14.0 -9.0 29.60  3.68 1200   -9.0   -9.0 -9.00   -9.0   -9   -9.0   -9   -9.0   -9   -9.0   -9   -9.0   -9 -99.0 -99.0 -99.0 -99.0 -99.0
20260515 172  1.8  1538  27  6.3 1531  27 10.5 1523  20.2  29.0 1415  13.8  531  14.8  23.5   9.8  75.4  27.0 1356  16.9   8.4   5.9 -9.00 1014.1 1020.3 1022.2 2303 1018.5 1513  0.0 12.9 14.0 -9.0 30.05  3.73 1200   -9.0   -9.0 -9.00   -9.0   -9   -9.0   -9   -9.0   -9   -9.0   -9   -9.0   -9 -99.0 -99.0 -99.0 -99.0 -99.0
20260515 174  1.4  1224  14  4.5 1155  11  8.6 1212  17.9  27.1 1511   9.4  601   9.9  23.7   7.8  66.8  27.0 1512  12.3  -9.0  -9.0 -9.00 1000.2 1019.6 1021.7 2354 1017.7 1525  0.0 12.2 14.0 -9.0 -9.00 -9.00   -9   -9.0   -9.0 -9.00   -9.0   -9   -9.0   -9   -9.0   -9   -9.0   -9   -9.0   -9 -99.0 -99.0 -99.0 -99.0 -99.0
20260515 177  1.7  1441  32  3.8 1726  11  5.5 1243  21.7  30.4 1609  14.6  530  14.4  25.5  11.5  67.5  30.0 1515  16.5   8.1   5.7 -9.00 1016.2 1019.4 1021.1 2315 1016.9 1603  0.0 12.8 14.1 -9.0 28.72  3.54 1200   -9.0   -9.0 -9.00   -9.0   -9   -9.0   -9   -9.0   -9   -9.0   -9   -9.0   -9 -99.0 -99.0 -99.0 -99.0 -99.0
20260515 181  1.8  1513  14  4.5  324   7  7.6 1248  22.1  30.3 1610  12.9  537  11.0  23.9   7.9  53.8  22.0 1726  13.2   8.8   6.1 -9.00 1016.8 1020.7 1022.6  811 1017.9 1637  0.0 13.0 14.1 -9.0 29.51  3.61 1200   -9.0   -9.0 -9.00   -9.0   -9   -9.0   -9   -9.0   -9   -9.0   -9   -9.0   -9 -99.0 -99.0 -99.0 -99.0 -99.0
20260515 184  3.9  3352   5  8.8 1530   7 14.8 1534  20.0  25.0 1355  17.4  349  14.6  25.8  14.0  72.0  53.0 1318  16.7   6.5   4.5 -9.00 1017.1 1019.5 1021.2 2244 1017.6    1  2.6  8.0 13.9 -9.0 23.12  3.62 1200   -9.0   -9.0 -9.00   -9.0   -9   -9.0   -9   -9.0   -9   -9.0   -9   -9.0   -9  20.9  18.8  18.0  16.6  16.4
20260515 185  3.3  2841  32  6.9 1427  32  8.2 1321  19.6  23.5 1304  16.4  636  15.0  24.7  13.6  75.5  63.0 1335  17.2   6.7   4.7 -9.00 1011.1 1019.5 1021.7 2243 1017.3  303  0.0 12.7 13.9 -9.0 29.16  3.57 1200   -9.0   -9.0 -9.00   -9.0   -9   -9.0   -9   -9.0   -9   -9.0   -9   -9.0   -9 -99.0 -99.0 -99.0 -99.0 -99.0
20260515 188  2.8  2459   7  4.9 1010   5  8.4  932  18.9  21.7 1325  16.5 2358  16.0  20.5  14.3  83.9  73.0 1304  18.1  -9.0  -9.0 -9.00 1018.5 1020.9 1022.4 2229 1018.7    1  3.9  2.7 13.9 -9.0 -9.00 -9.00   -9   -9.0   -9.0 -9.00   -9.0   -9   -9.0   -9   -9.0   -9   -9.0   -9   -9.0   -9 -99.0 -99.0 -99.0 -99.0 -99.0
20260515 189  2.8  2456   7  6.3 1038   9 11.4 1038  20.3  24.5 1452  17.7  354  15.0  22.4  15.5  72.1  61.0 1442  17.1   6.5   4.5 -9.00 1014.2 1020.3 1022.1 2244 1018.0  232  3.1  7.6 13.9 -9.0 23.94  3.50 1300   -9.0   -9.0 -9.00   -9.0   -9   -9.0   -9   -9.0   -9   -9.0   -9   -9.0   -9 -99.0 -99.0 -99.0 -99.0 -99.0
20260515 192  0.9   755   9  2.9 1439   9  6.2 1430  18.6  27.9 1409  11.1  421  10.6  25.0   8.8  65.6  31.0 1556  12.9   7.5   5.3 -9.00 1017.8 1021.3 1022.6  650 1019.6 1541  0.0 11.9 14.0 -9.0 28.86  3.56 1200   -9.0   -9.0 -9.00   -9.0   -9   -9.0   -9   -9.0   -9   -9.0   -9   -9.0   -9 -99.0 -99.0 -99.0 -99.0 -99.0
20260515 201  2.3  1950  29  4.8 1531  23  7.5 1323  20.4  26.0 1328  13.4  514  13.7  26.1   8.8  67.4  47.0 1314  15.7  -9.0  -9.0 -9.00 1015.8 1021.4 1022.7  808 1019.0    1  0.0 12.2 14.2 -9.0 -9.00 -9.00   -9   -9.0   -9.0 -9.00   -9.0   -9   -9.0   -9   -9.0   -9   -9.0   -9   -9.0   -9 -99.0 -99.0 -99.0 -99.0 -99.0
20260515 202  1.3  1104  23  2.6 1518  23  4.5 1514  22.8  30.2 1521  15.4  523  11.7  31.8  11.1  54.6  19.0 1534  13.9  -9.0  -9.0 -9.00 1015.1 1020.6 1022.8  753 1018.3 1603  0.0 12.3 14.2 -9.0 -9.00 -9.00   -9   -9.0   -9.0 -9.00   -9.0   -9   -9.0   -9   -9.0   -9   -9.0   -9   -9.0   -9 -99.0 -99.0 -99.0 -99.0 -99.0
20260515 203  1.0   863  16  2.6   49  16  5.3  101  23.1  30.5 1616  14.7  438  12.9  30.8  11.5  56.5  30.0 1534  14.9  -9.0  -9.0 -9.00 1011.6 1020.9 1023.1  716 1018.4 1630  0.0 10.5 14.2 -9.0 -9.00 -9.00   -9   -9.0   -9.0 -9.00   -9.0   -9   -9.0   -9   -9.0   -9   -9.0   -9   -9.0   -9 -99.0 -99.0 -99.0 -99.0 -99.0
20260515 211  1.1   915  25  2.9 1419  23  6.3 1642  19.6  30.5 1517  10.2  517  11.1  26.3   6.5  62.9  29.0 1522  13.3  -9.0  -9.0 -9.00  996.9 1020.5 1023.8  659 1016.5 1551  0.0 11.2 14.2 -9.0 -9.00 -9.00   -9   -9.0   -9.0 -9.00   -9.0   -9   -9.0   -9   -9.0   -9   -9.0   -9   -9.0   -9 -99.0 -99.0 -99.0 -99.0 -99.0
20260515 212  1.1   922  29  3.2 1622  29  5.5 1713  21.9  31.3 1418  13.0  533  10.3  27.8  10.3  52.9  23.0 1317  12.5  -9.0  -9.0 -9.00 1004.6 1020.9 1023.7  701 1017.5 1619  0.0 12.6 14.2 -9.0 -9.00 -9.00   -9   -9.0   -9.0 -9.00   -9.0   -9   -9.0   -9   -9.0   -9   -9.0   -9   -9.0   -9 -99.0 -99.0 -99.0 -99.0 -99.0
20260515 216  1.1   925   5  3.2 1405   7  6.0 1416  17.5  27.6 1354   5.6  521   6.2  21.7   4.8  55.1  21.0 1048   9.6   8.5   5.9 -9.00  939.8 1021.1 1025.7  612 1016.3 1629  0.0 12.0 14.2 -9.0 28.83  3.59 1200   -9.0   -9.0 -9.00   -9.0   -9   -9.0   -9   -9.0   -9   -9.0   -9   -9.0   -9 -99.0 -99.0 -99.0 -99.0 -99.0
20260515 217  1.3  1125  16  3.0  618  29  5.5 1657  19.9  32.6 1436   9.5  636   8.9  28.0   9.2  56.4  22.0 1438  11.4  -9.0  -9.0 -9.00  985.0 1021.1 1025.5  656 1016.3 1610  0.0 10.8 14.2 -9.0 -9.00 -9.00   -9   -9.0   -9.0 -9.00   -9.0   -9   -9.0   -9   -9.0   -9   -9.0   -9   -9.0   -9 -99.0 -99.0 -99.0 -99.0 -99.0
20260515 221  1.1   912  25  3.0 1639  27  5.3 1710  19.5  29.7 1535  10.1  518   9.9  26.4   7.0  61.1  20.0 1521  12.2  -9.0  -9.0 -9.00  990.0 1020.8 1023.5  640 1017.2 1646  0.0 13.0 14.2 -9.0 -9.00 -9.00   -9   -9.0   -9.0 -9.00   -9.0   -9   -9.0   -9   -9.0   -9   -9.0   -9   -9.0   -9 -99.0 -99.0 -99.0 -99.0 -99.0
20260515 226  1.4  1235  18  4.5 1150  18  7.1 1303  20.2  28.8 1547  11.6  509  10.9  26.0   4.2  61.5  24.0 1605  13.1  -9.0  -9.0 -9.00 1001.0 1020.9 1023.2  655 1018.2 1623  0.0 12.5 14.1 -9.0 -9.00 -9.00   -9   -9.0   -9.0 -9.00   -9.0   -9   -9.0   -9   -9.0   -9   -9.0   -9   -9.0   -9 -99.0 -99.0 -99.0 -99.0 -99.0
20260515 232  1.2  1056   9  3.1 1420   7  5.0 1300  21.4  29.9 1614  12.4  526  11.2  27.2   9.1  58.5  24.0 1610  13.4  -9.0  -9.0 -9.00 1011.3 1021.2 1023.0  747 1018.6 1612  0.0 12.7 14.1 -9.0 -9.00 -9.00   -9   -9.0   -9.0 -9.00   -9.0   -9   -9.0   -9   -9.0   -9   -9.0   -9   -9.0   -9 -99.0 -99.0 -99.0 -99.0 -99.0
20260515 235  1.5  1305  20  4.4 1448  20  6.3 1447  19.1  27.4 1150  13.7  337  14.0  22.5  11.1  74.4  47.0 1134  16.0   7.1   5.0 -9.00 1019.0 1020.2 1021.8 2304 1018.7    1  0.0 11.8 14.1 -9.0 28.63  3.58 1200   -9.0   -9.0 -9.00   -9.0   -9   -9.0   -9   -9.0   -9   -9.0   -9   -9.0   -9 -99.0 -99.0 -99.0 -99.0 -99.0
20260515 236  1.2  1019  11  3.7 1323   9  6.3 1410  21.2  30.2 1546  13.0  517  13.3  25.8   9.7  66.9  24.0 1417  15.5  -9.0  -9.0 -9.00 1019.3 1020.8 1022.6 2333 1018.6 1550  0.0 12.9 14.1 -9.0 -9.00 -9.00   -9   -9.0   -9.0 -9.00   -9.0   -9   -9.0   -9   -9.0   -9   -9.0   -9   -9.0   -9 -99.0 -99.0 -99.0 -99.0 -99.0
20260515 238  1.0   840   7  2.8 1259   7  5.6 1254  21.0  30.5 1611  11.3  529  10.8  26.5   5.5  58.5  24.0 1425  12.9  -9.0  -9.0 -9.00 1000.4 1020.1 1022.3  632 1017.0 1737  0.0 11.8 14.1 -9.0 -9.00 -9.00   -9   -9.0   -9.0 -9.00   -9.0   -9   -9.0   -9   -9.0   -9   -9.0   -9   -9.0   -9 -99.0 -99.0 -99.0 -99.0 -99.0
20260515 239  1.3  1121   9  2.8  814   5  4.8 1207  21.7  30.2 1621  14.4  540  12.0  24.3  11.2  59.1  21.0 1639  14.1   8.3   5.8 -9.00 1009.7 1020.1 1021.9  710 1017.2 1722  0.0 12.1 14.1 -9.0 29.04  3.59 1200   -9.0   -9.0 -9.00   -9.0   -9   -9.0   -9   -9.0   -9   -9.0   -9   -9.0   -9 -99.0 -99.0 -99.0 -99.0 -99.0
20260515 243  1.3  1165  32  4.7 1611  32  8.4 1605  20.0  29.3 1354  14.5  504  13.8  24.3  10.6  70.5  34.0 1346  15.8  -9.0  -9.0 -9.00 1019.5 1021.0 1022.7 2316 1019.5 1405  0.0 12.6 14.1 -9.0 -9.00 -9.00   -9   -9.0   -9.0 -9.00   -9.0   -9   -9.0   -9   -9.0   -9   -9.0   -9   -9.0   -9 -99.0 -99.0 -99.0 -99.0 -99.0
20260515 244  1.2  1057  34  4.7 1827  34  7.6 1825  20.4  29.2 1422  11.5  517  10.9  22.0   7.6  62.5  21.0 1247  13.2  -9.0  -9.0 -9.00  991.7 1020.3 1022.9 2337 1017.6 1642  0.0 12.8 14.1 -9.0 -9.00 -9.00   -9   -9.0   -9.0 -9.00   -9.0   -9   -9.0   -9   -9.0   -9   -9.0   -9   -9.0   -9 -99.0 -99.0 -99.0 -99.0 -99.0
20260515 245  1.8  1554  18  5.3 1441  20  8.5 1435  21.2  30.3 1507  14.7  516  13.3  25.9  11.4  66.1  25.0 1432  15.4   8.5   5.9 -9.00 1012.6 1020.6 1022.6 2311 1018.5 1506  0.0 12.7 14.0 -9.0 28.09  3.50 1200   -9.0   -9.0 -9.00   -9.0   -9   -9.0   -9   -9.0   -9   -9.0   -9   -9.0   -9 -99.0 -99.0 -99.0 -99.0 -99.0
20260515 247  1.9  1680  27  4.4 1806  27  7.5 1757  21.2  30.1 1525  12.6  510  11.6  25.6   9.1  58.5  29.0 1510  13.6  -9.0  -9.0 -9.00 1004.7 1020.3 1022.6 2350 1017.8 1519  0.0 13.1 14.0 -9.0 -9.00 -9.00   -9   -9.0   -9.0 -9.00   -9.0   -9   -9.0   -9   -9.0   -9   -9.0   -9   -9.0   -9 -99.0 -99.0 -99.0 -99.0 -99.0
20260515 248  1.3  1125   5  5.2 1155   5 10.6 1135  18.7  28.5 1430   8.5  547   8.8  22.9   4.6  62.1  20.0 1420  11.6  -9.0  -9.0 -9.00  973.9 1020.9 1023.7 2352 1017.6 1523  0.0 12.4 14.1 -9.0 -9.00 -9.00   -9   -9.0   -9.0 -9.00   -9.0   -9   -9.0   -9   -9.0   -9   -9.0   -9   -9.0   -9 -99.0 -99.0 -99.0 -99.0 -99.0
20260515 251  1.3  1140  25  5.0 1610  20  8.7 1553  20.3  29.3 1441  14.0  538  13.8  21.8  11.1  70.5  31.0 1252  15.8   8.1   5.7 -9.00 1013.2 1020.1 1022.0 2332 1018.2 1511  0.0 11.6 14.0 -9.0 29.31  3.67 1200   -9.0   -9.0 -9.00   -9.0   -9   -9.0   -9   -9.0   -9   -9.0   -9   -9.0   -9 -99.0 -99.0 -99.0 -99.0 -99.0
20260515 252  1.3  1162  16  4.4 1353  16  9.1 1345  19.8  29.0 1357  14.2  426  14.3  25.9  10.9  74.9  31.0 1349  16.4   7.8   5.4 -9.00 1016.3 1020.7 1022.4 2315 1019.1    1  0.0 11.7 14.0 -9.0 29.48  3.67 1200   -9.0   -9.0 -9.00   -9.0   -9   -9.0   -9   -9.0   -9   -9.0   -9   -9.0   -9 -99.0 -99.0 -99.0 -99.0 -99.0
20260515 253  1.6  1395  14  4.1 1118  14  7.9 1144  20.8  28.5 1417  14.3  529  11.2  26.5  11.3  57.9  28.0 1512  13.3   8.4   5.9 -9.00 1015.5 1021.9 1023.1  800 1020.4 1819  0.0 11.7 14.0 -9.0 28.68  3.70 1200   -9.0   -9.0 -9.00   -9.0   -9   -9.0   -9   -9.0   -9   -9.0   -9   -9.0   -9 -99.0 -99.0 -99.0 -99.0 -99.0
20260515 254  1.4  1192  18  3.8 1626  18  6.1 1448  21.2  30.4 1439  12.8  533  10.7  26.8   9.0  59.3  19.0 1501  13.1   9.1   6.4 -9.00 1005.8 1020.9 1023.1 2346 1018.4 1537  0.0 12.3 14.0 -9.0 30.13  3.73 1200   -9.0   -9.0 -9.00   -9.0   -9   -9.0   -9   -9.0   -9   -9.0   -9   -9.0   -9 -99.0 -99.0 -99.0 -99.0 -99.0
20260515 255  1.4  1171  32  2.9   39   9  5.9 1138  20.7  29.0 1408  15.0  537  12.6  25.8  11.4  62.1  33.0 1446  14.6   7.3   5.1 -9.00 1014.9 1020.9 1022.3 2323 1019.0 1605  0.0 12.9 14.0 -9.0 26.91  3.35 1200   -9.0   -9.0 -9.00   -9.0   -9   -9.0   -9   -9.0   -9   -9.0   -9   -9.0   -9 -99.0 -99.0 -99.0 -99.0 -99.0
20260515 257  2.0  1716   5  3.7  727   7  7.8  724  21.1  28.9 1526  14.1 2345  10.8  26.7   9.6  55.8  29.0 1838  13.2   8.3   5.8 -9.00 1020.4 1021.1 1022.4 2317 1019.3 1817  0.0 10.6 14.0 -9.0 28.08  3.53 1200   -9.0   -9.0 -9.00   -9.0   -9   -9.0   -9   -9.0   -9   -9.0   -9   -9.0   -9 -99.0 -99.0 -99.0 -99.0 -99.0
20260515 258  2.4  2042  18  4.9 1115  18  7.0 1247  19.2  26.6 1439  12.2  520  13.4  22.2  10.8  73.0  39.0 1509  15.4   7.8   5.5 -9.00 1021.2 1021.4 1022.9 2325 1020.0    1  0.0 13.0 14.0 -9.0 30.46  3.76 1200   -9.0   -9.0 -9.00   -9.0   -9   -9.0   -9   -9.0   -9   -9.0   -9   -9.0   -9 -99.0 -99.0 -99.0 -99.0 -99.0
20260515 259  1.6  1342  11  5.4 1006   9  9.7 1029  19.8  27.3 1514  12.6  536  13.4  24.9  10.8  70.6  40.0 1325  15.4   8.0   5.6 -9.00 1018.8 1020.7 1022.3 2313 1019.0    1  0.0 12.0 14.0 -9.0 29.78  3.68 1200   -9.0   -9.0 -9.00   -9.0   -9   -9.0   -9   -9.0   -9   -9.0   -9   -9.0   -9 -99.0 -99.0 -99.0 -99.0 -99.0
20260515 260  1.9  1610  16  5.0 1210   9  8.1 1024  19.1  26.1 1604  11.4  527  13.5  27.2   8.1  73.1  43.0 1612  15.6  -9.0  -9.0 -9.00 1015.6 1020.8 1022.6 2311 1019.2    1  0.0 12.7 14.0 -9.0 -9.00 -9.00   -9   -9.0   -9.0 -9.00   -9.0   -9   -9.0   -9   -9.0   -9   -9.0   -9   -9.0   -9 -99.0 -99.0 -99.0 -99.0 -99.0
20260515 261  3.0  2592   9  6.1  944  11  9.7  932  19.8  25.6 1350  13.4  550  13.8  26.9  10.2  70.6  47.0 1300  15.8  -9.0  -9.0 -9.00 1019.0 1020.9 1022.7 2303 1019.2    1  0.0 12.9 14.0 -9.0 -9.00 -9.00   -9   -9.0   -9.0 -9.00   -9.0   -9   -9.0   -9   -9.0   -9   -9.0   -9   -9.0   -9 -99.0 -99.0 -99.0 -99.0 -99.0
20260515 262  1.5  1304  18  4.3 1245  20  6.9 1057  18.2  25.6 1610  11.6  418  13.0  24.8  12.9  74.6  44.0 1615  15.0   6.6   4.6 -9.00 1014.8 1020.9 1022.5 2323 1019.4    1  0.0 12.2 14.0 -9.0 27.12  3.24 1200   -9.0   -9.0 -9.00   -9.0   -9   -9.0   -9   -9.0   -9   -9.0   -9   -9.0   -9 -99.0 -99.0 -99.0 -99.0 -99.0
20260515 263  1.4  1182  23  3.8 1831   5  5.8 1101  19.3  29.1 1605  10.4  543  10.2  24.5   6.8  61.1  29.0 1513  12.5   8.1   5.7 -9.00 1019.5 1021.1 1022.7  707 1018.9 1606  0.0 11.3 14.0 -9.0 28.80  3.65 1200   -9.0   -9.0 -9.00   -9.0   -9   -9.0   -9   -9.0   -9   -9.0   -9   -9.0   -9 -99.0 -99.0 -99.0 -99.0 -99.0
20260515 264  1.2  1049  20  3.8 1357  16  6.9 1349  19.3  29.5 1543   9.6  530   9.8  25.4   7.2  60.6  24.0 1441  12.1   8.9   6.2 -9.00 1003.2 1021.0 1023.4  656 1018.3 1551  0.0 12.4 14.0 -9.0 30.46  3.71 1200   -9.0   -9.0 -9.00   -9.0   -9   -9.0   -9   -9.0   -9   -9.0   -9   -9.0   -9 -99.0 -99.0 -99.0 -99.0 -99.0
20260515 266  2.0  1731   9  4.0 1607   9  6.6  927  20.7  26.8 1441  15.4  518  11.9  22.6  11.9  59.1  32.0 1559  13.9   8.1   5.7 -9.00 1011.0 1021.3 1022.8 2354 1019.8    1  0.0 12.2 14.0 -9.0 29.60  3.67 1200   -9.0   -9.0 -9.00   -9.0   -9   -9.0   -9   -9.0   -9   -9.0   -9   -9.0   -9 -99.0 -99.0 -99.0 -99.0 -99.0
20260515 268  1.8  1564  18  5.3 1201  20  8.6 1354  18.2  24.7 1136  11.6  530  13.0  22.8  11.8  74.9  43.0  944  15.0  -9.0  -9.0 -9.00 1018.5 1019.7 1021.4 2311 1017.7    1  0.0 12.8 14.0 -9.0 -9.00 -9.00   -9   -9.0   -9.0 -9.00   -9.0   -9   -9.0   -9   -9.0   -9   -9.0   -9   -9.0   -9 -99.0 -99.0 -99.0 -99.0 -99.0
20260515 271  1.1   987  18  3.1 1240  14  6.1 1455  17.8  28.8 1549   7.8  521   8.4  24.0   4.8  62.1  25.0 1245  11.0  -9.0  -9.0 -9.00  983.9 1021.7 1025.0  656 1017.8 1639  0.0 12.0 14.1 -9.0 -9.00 -9.00   -9   -9.0   -9.0 -9.00   -9.0   -9   -9.0   -9   -9.0   -9   -9.0   -9   -9.0   -9 -99.0 -99.0 -99.0 -99.0 -99.0
20260515 272  1.6  1342  32  3.3 1921  20  5.6 1510  19.3  29.0 1552  10.1  524   9.3  27.1   5.9  60.1  20.0 1702  11.8  -9.0  -9.0 -9.00  996.5 1021.1 1023.7  650 1018.1 1648  0.0 13.0 14.1 -9.0 -9.00 -9.00   -9   -9.0   -9.0 -9.00   -9.0   -9   -9.0   -9   -9.0   -9   -9.0   -9   -9.0   -9 -99.0 -99.0 -99.0 -99.0 -99.0
20260515 273  1.3  1120   9  2.8 1511   9  4.8 1418  19.5  28.9 1538  11.4  535  11.4  26.7   6.0  65.0  26.0 1540  13.5  -9.0  -9.0 -9.00 1000.4 1020.6 1022.9  702 1017.9 1645  0.0 12.2 14.1 -9.0 -9.00 -9.00   -9   -9.0   -9.0 -9.00   -9.0   -9   -9.0   -9   -9.0   -9   -9.0   -9   -9.0   -9 -99.0 -99.0 -99.0 -99.0 -99.0
20260515 276  1.4  1198  16  3.5 1601  11  6.6 1204  18.4  29.7 1524   9.6  324   9.2  24.6   5.0  64.3  15.0 1532  11.7   9.2   6.4 -9.00  996.5 1020.9 1023.7  718 1017.8 1627  0.0 10.4 14.1 -9.0 29.13  3.75 1200   -9.0   -9.0 -9.00   -9.0   -9   -9.0   -9   -9.0   -9   -9.0   -9   -9.0   -9 -99.0 -99.0 -99.0 -99.0 -99.0
20260515 277  1.7  1510  16  3.8 1055  20  6.9 1435  17.0  23.8 1420  11.9  536  12.2  26.3   9.5  75.8  46.0 1618  14.3  -9.0  -9.0 -9.00 1016.9 1021.7 1023.4  906 1020.1 1724  0.0 13.0 14.1 -9.0 -9.00 -9.00   -9   -9.0   -9.0 -9.00   -9.0   -9   -9.0   -9   -9.0   -9   -9.0   -9   -9.0   -9 -99.0 -99.0 -99.0 -99.0 -99.0
20260515 278  0.9   767  23  3.1 1804  20  5.7 1729  19.5  30.6 1542   9.7  519  11.0  26.5   4.6  65.0  25.0 1657  13.2  -9.0  -9.0 -9.00 1010.6 1020.2 1022.8  655 1017.2 1701  0.0 12.9 14.1 -9.0 -9.00 -9.00   -9   -9.0   -9.0 -9.00   -9.0   -9   -9.0   -9   -9.0   -9   -9.0   -9   -9.0   -9 -99.0 -99.0 -99.0 -99.0 -99.0
20260515 279  1.1   989   9  2.5 1223  23  4.5 1312  21.3  31.0 1629  11.9  525  11.1  31.3   7.0  58.1  20.0 1701  13.3   8.1   5.7 -9.00 1015.1 1020.8 1023.2  640 1017.9 1649  0.0 12.2 14.1 -9.0 28.43  3.52 1200   -9.0   -9.0 -9.00   -9.0   -9   -9.0   -9   -9.0   -9   -9.0   -9   -9.0   -9 -99.0 -99.0 -99.0 -99.0 -99.0
20260515 281  1.6  1397   7  3.8 1508   9  7.0 1427  19.6  27.7 1510  12.2  546  10.9  25.9   9.4  61.9  32.0 1333  13.1  -9.0  -9.0 -9.00 1010.5 1021.8 1023.6  811 1019.7 1643  1.1 12.7 14.1 -9.0 -9.00 -9.00   -9   -9.0   -9.0 -9.00   -9.0   -9   -9.0   -9   -9.0   -9   -9.0   -9   -9.0   -9 -99.0 -99.0 -99.0 -99.0 -99.0
20260515 283  2.2  1936   9  4.0 1524   9  7.1 1525  20.4  28.3 1447  12.9 2400  10.8  26.8   7.8  58.8  28.0 1547  13.1   8.9   6.3 -9.00 1017.0 1021.7 1023.5  832 1019.8 1705  2.0 11.5 14.1 -9.0 29.25  3.67 1200   -9.0   -9.0 -9.00   -9.0   -9   -9.0   -9   -9.0   -9   -9.0   -9   -9.0   -9 -99.0 -99.0 -99.0 -99.0 -99.0
20260515 284  1.7  1432  14  5.0 1346  18  7.1 1207  18.9  28.5 1512   8.5  531  10.3  27.5   5.0  62.8  30.0 1601  12.6   8.6   6.0 -9.00  993.3 1020.0 1022.5  620 1017.1 1638  0.0 13.0 14.0 -9.0 29.54  3.64 1200   -9.0   -9.0 -9.00   -9.0   -9   -9.0   -9   -9.0   -9   -9.0   -9   -9.0   -9 -99.0 -99.0 -99.0 -99.0 -99.0
20260515 285  0.9   782   7  3.0 1227  14  5.7 1204  20.9  30.2 1502  11.6  542  11.7  27.9   8.3  60.9  28.0 1611  13.8  -9.0  -9.0 -9.00 1018.0 1021.1 1023.0  701 1018.7 1735  0.0 12.7 14.0 -9.0 -9.00 -9.00   -9   -9.0   -9.0 -9.00   -9.0   -9   -9.0   -9   -9.0   -9   -9.0   -9   -9.0   -9 -99.0 -99.0 -99.0 -99.0 -99.0
20260515 288  1.2  1072  16  3.4 1516  23  5.6 1625  21.0  30.4 1439  12.6  542  12.2  25.5  12.2  62.5  30.0 1442  14.3   8.3   5.8 -9.00 1018.7 1019.7 1021.2  645 1017.5 1549  0.0 11.9 14.0 -9.0 29.02  3.61 1200   -9.0   -9.0 -9.00   -9.0   -9   -9.0   -9   -9.0   -9   -9.0   -9   -9.0   -9 -99.0 -99.0 -99.0 -99.0 -99.0
20260515 289  1.0   898  29  2.9 1243   9  7.0 1102  19.5  28.5 1348  10.7  531  11.4  27.6   8.5  64.6  30.0 1356  13.5  -9.0  -9.0 -9.00 1005.5 1021.7 1023.8  650 1019.5 1555  0.0 11.9 14.0 -9.0 -9.00 -9.00   -9   -9.0   -9.0 -9.00   -9.0   -9   -9.0   -9   -9.0   -9   -9.0   -9   -9.0   -9 -99.0 -99.0 -99.0 -99.0 -99.0
20260515 294  1.5  1319   7  3.9 1217   5  8.0 1130  17.9  23.8 1536  12.9 2341  11.4  27.5   7.7  67.8  44.0 1550  13.7  -9.0  -9.0 -9.00 1016.8 1022.2 1023.5  955 1020.3    1  0.6 11.1 14.0 -9.0 -9.00 -9.00   -9   -9.0   -9.0 -9.00   -9.0   -9   -9.0   -9   -9.0   -9   -9.0   -9   -9.0   -9 -99.0 -99.0 -99.0 -99.0 -99.0
20260515 295  1.6  1387   9  3.8 1341   9  5.8 1338  19.6  25.7 1457  14.8  522  11.3  24.3  10.3  61.6  36.0 1703  13.5  -9.0  -9.0 -9.00 1015.9 1021.3 1022.5 2358 1019.7   35  0.0 12.3 14.0 -9.0 -9.00 -9.00   -9   -9.0   -9.0 -9.00   -9.0   -9   -9.0   -9   -9.0   -9   -9.0   -9   -9.0   -9 -99.0 -99.0 -99.0 -99.0 -99.0
20260515 296  2.1  1820   5  4.1  131  11  7.7 1257  20.3  27.7 1540  13.3 2357  12.0  24.0   6.6  63.1  33.0 1425  14.1   7.9   5.5 -9.00 1020.3 1020.6 1021.8 2310 1018.9 1604  0.0 11.8 14.0 -9.0 29.57  3.66 1200   -9.0   -9.0 -9.00   -9.0   -9   -9.0   -9   -9.0   -9   -9.0   -9   -9.0   -9 -99.0 -99.0 -99.0 -99.0 -99.0
20260516  90  2.0  1703  14  6.3 1206  16  8.4 1414  20.2  26.9 1153  15.1  302  13.2  26.0  12.3  65.8  40.0 1153  15.2   8.0   5.6 -9.00 1017.0 1019.1 1020.6  622 1017.5 1834  0.0 13.2 14.3 -9.0 29.35  3.53 1100   -9.0   -9.0 -9.00   -9.0   -9   -9.0   -9   -9.0   -9   -9.0   -9   -9.0   -9 -99.0 -99.0 -99.0 -99.0 -99.0
20260516  93  0.9   789  18  3.9 1529  20  7.2 1533  22.2  31.7 1543  13.4  521  12.7  30.1  11.1  61.3  25.0 1614  14.8   8.4   5.9 -9.00 1009.6 1020.8 1023.4  653 1017.6 1754  0.0 12.7 14.3 -9.0 28.75  3.51 1200   -9.0   -9.0 -9.00   -9.0   -9   -9.0   -9   -9.0   -9   -9.0   -9   -9.0   -9  21.6  18.0  15.3  12.6  12.1
20260516  95  1.3  1153  23  3.6 1701  23  7.0 1700  21.8  29.3 1409  14.2  548  13.0  26.0  10.0  62.5  28.0 1259  15.1   8.6   6.0 -9.00 1003.2 1021.3 1023.5  634 1018.6 1634  0.0 12.9 14.3 -9.0 29.23  3.61 1200   -9.0   -9.0 -9.00   -9.0   -9   -9.0   -9   -9.0   -9   -9.0   -9   -9.0   -9 -99.0 -99.0 -99.0 -99.0 -99.0
20260516  98  1.1   944  27  3.2 1525  27  7.2 1659  22.2  30.5 1401  14.8  532  11.3  29.2  10.5  54.5  22.0 1530  13.5   8.6   6.0 -9.00 1007.5 1020.9 1022.8  704 1018.7 1655  0.5 11.9 14.3 -9.0 28.62  3.51 1200   -9.0   -9.0 -9.00   -9.0   -9   -9.0   -9   -9.0   -9   -9.0   -9   -9.0   -9 -99.0 -99.0 -99.0 -99.0 -99.0
20260516  99  1.0   831  34  3.2 1559  29  6.4 1459  20.3  29.6 1342  12.4  542  12.5  27.3   7.5  66.6  23.0 1513  14.7   7.7   5.4 -9.00 1018.2 1021.8 1023.6  721 1019.8 1749  0.0 12.3 14.3 -9.0 27.85  3.49 1200   -9.0   -9.0 -9.00   -9.0   -9   -9.0   -9   -9.0   -9   -9.0   -9   -9.0   -9 -99.0 -99.0 -99.0 -99.0 -99.0
20260516 100  2.1  1823  27  5.1 1359  27  9.8 1333  18.6  28.6 1447   7.2  518   8.1  23.1   3.0  58.9  18.0 1313  10.9  10.3   7.2 -9.00  933.3 1020.3 1025.2  520 1015.5 1619  0.0 13.3 14.2 -9.0 30.68  3.75 1200   -9.0   -9.0 -9.00   -9.0   -9   -9.0   -9   -9.0   -9   -9.0   -9   -9.0   -9 -99.0 -99.0 -99.0 -99.0 -99.0
20260516 101  1.4  1203  23  3.6 1514  18  8.2 1513  22.4  31.4 1506  14.0  514  13.0  28.8   8.7  60.5  30.0 1432  15.0   8.3   5.8 -9.00 1010.9 1019.7 1022.4  658 1016.6 1636  0.5 12.7 14.3 -9.0 27.85  3.46 1200   -9.0   -9.0 -9.00   -9.0   -9   -9.0   -9   -9.0   -9   -9.0   -9   -9.0   -9  19.5  15.6  14.0  13.5  15.3
20260516 102  1.9  1672  29  4.9 1340  29  8.1 1317  18.6  23.9 1100  14.6  156  10.6  27.6   8.3  60.8  43.0 1101  12.8   7.2   5.1 -9.00 1016.8 1021.0 1022.6 1125 1019.1 1754  0.3 13.3 14.3 -9.0 30.70  3.65 1200   -9.0   -9.0 -9.00   -9.0   -9   -9.0   -9   -9.0   -9   -9.0   -9   -9.0   -9 -99.0 -99.0 -99.0 -99.0 -99.0
20260516 104  1.2  1057  11  4.0 1243  11  7.5 1240  23.8  30.2 1338  15.7  522  13.7  26.5  10.5  55.4  38.0  941  15.7   8.5   6.0 -9.00 1008.9 1017.6 1019.6  624 1015.5 1828  0.5 13.2 14.2 -9.0 28.95  3.44 1200   -9.0   -9.0 -9.00   -9.0   -9   -9.0   -9   -9.0   -9   -9.0   -9   -9.0   -9  20.0  16.3  14.3  12.0  13.0
20260516 105  1.9  1622   9  3.3 1204   9  6.0 1157  25.5  32.2 1347  17.8  554  12.8  31.1  13.2  46.9  33.0 1324  14.9   9.5   6.6 -9.00 1015.7 1018.8 1021.0  726 1016.7 1652  0.4 12.9 14.2 -9.0 27.42  3.36 1200   -9.0   -9.0 -9.00   -9.0   -9   -9.0   -9   -9.0   -9   -9.0   -9   -9.0   -9  21.0  18.5  14.2  12.5  13.6
20260516 106  2.2  1883  14  6.6 1411  14 10.5 1407  21.5  27.7 1437  16.6  210  11.8  28.8  10.1  56.1  33.0 1430  13.9   8.5   6.0 -9.00 1014.8 1019.5 1021.4  716 1017.4 1821  0.0 12.6 14.2 -9.0 28.28  3.45 1200   -9.0   -9.0 -9.00   -9.0   -9   -9.0   -9   -9.0   -9   -9.0   -9   -9.0   -9 -99.0 -99.0 -99.0 -99.0 -99.0
20260516 108  2.2  1871  25  4.4 1707  27  8.7 1704  23.1  29.9 1509  17.5  534  11.7  29.1  12.9  51.5  26.0 1330  13.9   9.9   6.9 -9.00 1011.2 1021.1 1022.6  644 1019.2 1757  0.0 13.0 14.2 -9.0 30.02  3.62 1200   -9.0   -9.0 -9.00   -9.0   -9   -9.0   -9   -9.0   -9   -9.0   -9   -9.0   -9  19.5  16.2  15.4  13.5  13.5
20260516 112  2.0  1699  25  4.5 1456  27  6.9 1328  20.7  26.6 1523  16.2  543  12.9  25.0  10.8  63.5  36.0 1537  15.0   7.9   5.5 -9.00 1013.3 1021.4 1023.0 1005 1019.5 1840  0.0 13.0 14.2 -9.0 29.60  3.61 1200   -9.0   -9.0 -9.00   -9.0   -9   -9.0   -9   -9.0   -9   -9.0   -9   -9.0   -9  18.1  15.9  12.6  13.7  13.2
20260516 114  1.0   825  29  3.4 1436  32  6.3 1410  23.2  30.8 1525  15.0  519  11.8  29.0   9.0  53.0  24.0 1403  13.9   8.7   6.1 -9.00 1003.2 1020.6 1023.1  635 1017.3 1734  0.0 12.9 14.2 -9.0 28.85  3.56 1200   -9.0   -9.0 -9.00   -9.0   -9   -9.0   -9   -9.0   -9   -9.0   -9   -9.0   -9 -99.0 -99.0 -99.0 -99.0 -99.0
20260516 115  4.9  4194  20  7.0  358  20  9.2 2354  18.0  20.7 1540  15.5  152  13.8  21.6  12.9  76.8  48.0 2200  15.9   6.6   4.7 -9.00  994.6 1020.6 1022.3  850 1018.6 1818  0.0 11.0 14.2 -9.0 26.23  3.36 1200   -9.0   -9.0 -9.00   -9.0   -9   -9.0   -9   -9.0   -9   -9.0   -9   -9.0   -9  17.5  14.0  13.3  11.9  13.2
20260516 119  1.7  1476  29  4.6 1435  29  8.1 1444  20.8  28.7 1321  14.1  529  11.6  30.4  10.7  59.8  26.0 1305  13.7   8.7   6.1 -9.00 1016.5 1021.2 1022.7  825 1019.2 1744  0.0 12.8 14.2 -9.0 29.09  3.53 1200   -9.0   -9.0 -9.00   -9.0   -9   -9.0   -9   -9.0   -9   -9.0   -9   -9.0   -9  19.3  15.5  13.7  11.7  12.3
20260516 121  1.1   927  29  3.4 1508  27  6.4 1406  20.9  32.2 1427  10.2  527   9.8  29.2   5.7  55.9  19.0 1407  12.1   8.9   6.2 -9.00  993.1 1021.0 1024.6  716 1016.8 1719  0.0 12.8 14.2 -9.0 28.97  3.50 1200   -9.0   -9.0 -9.00   -9.0   -9   -9.0   -9   -9.0   -9   -9.0   -9   -9.0   -9 -99.0 -99.0 -99.0 -99.0 -99.0
20260516 127  1.2  1018  27  3.0 1911  25  5.8 1843  22.0  31.5 1542  12.8  547   9.6  28.0   9.1  50.8  19.0 1458  12.0   9.1   6.4 -9.00 1006.8 1020.2 1022.6  822 1016.9 1742  0.0 12.5 14.2 -9.0 29.09  3.58 1200   -9.0   -9.0 -9.00   -9.0   -9   -9.0   -9   -9.0   -9   -9.0   -9   -9.0   -9 -99.0 -99.0 -99.0 -99.0 -99.0
20260516 129  1.4  1222  32  5.6 1657  32  8.9 1458  19.8  28.3 1347  12.5  520  12.1  26.4   8.4  65.3  35.0 1458  14.2   8.1   5.7 -9.00 1018.8 1021.8 1023.3  842 1020.4 1603  0.0 12.9 14.2 -9.0 29.10  3.55 1200   -9.0   -9.0 -9.00   -9.0   -9   -9.0   -9   -9.0   -9   -9.0   -9   -9.0   -9  18.6  15.4  15.7  12.9  14.6
20260516 130  1.6  1353  16  4.2 1540  16  5.5 1510  18.9  26.8 1326  12.2  417  12.7  26.5   9.7  70.9  35.0 1327  14.9  -9.0  -9.0 -9.00 1014.0 1019.8 1021.6  852 1018.0 2010  0.0 13.0 14.2 -9.0 -9.00 -9.00   -9   -9.0   -9.0 -9.00   -9.0   -9   -9.0   -9   -9.0   -9   -9.0   -9   -9.0   -9 -99.0 -99.0 -99.0 -99.0 -99.0
20260516 131  1.2  1060  29  3.4 1822  27  7.1 1810  23.9  31.6 1511  17.7  504  10.9  28.1  12.6  47.0  24.0 1530  13.1   9.2   6.4 -9.00 1013.8 1020.6 1022.7  818 1017.9 1643  0.1 12.7 14.1 -9.0 29.65  3.63 1200   -9.0   -9.0 -9.00   -9.0   -9   -9.0   -9   -9.0   -9   -9.0   -9   -9.0   -9 -99.0 -99.0 -99.0 -99.0 -99.0
20260516 133  1.4  1227  29  4.8 1817  34  8.4 1810  22.8  31.1 1512  15.2  539  11.4  25.8  12.6  52.8  25.0 1447  13.5   8.9   6.2 -9.00 1013.3 1021.2 1023.2  815 1018.2 1742  0.0 12.9 14.1 -9.0 28.97  3.56 1200   -9.0   -9.0 -9.00   -9.0   -9   -9.0   -9   -9.0   -9   -9.0   -9   -9.0   -9  21.2  18.6  16.5  14.6  15.7
20260516 135  2.1  1794  27  5.5  934  27  7.8  926  22.4  30.4 1437  13.9  541  10.3  26.8  10.8  50.0  23.0 1347  12.6   9.8   6.8 -9.00  992.1 1020.3 1022.5  619 1017.0 1735  0.0 12.8 14.1 -9.0 29.64  3.74 1200   -9.0   -9.0 -9.00   -9.0   -9   -9.0   -9   -9.0   -9   -9.0   -9   -9.0   -9 -99.0 -99.0 -99.0 -99.0 -99.0
20260516 136  1.0   877  32  2.9 1644  29  5.7 1453  22.5  32.0 1503  12.2  603  11.3  31.8   9.3  53.8  19.0 1444  13.4   8.6   6.0 -9.00 1004.6 1021.0 1023.8  711 1017.5 1754  0.0 12.3 14.1 -9.0 29.27  3.60 1200   -9.0   -9.0 -9.00   -9.0   -9   -9.0   -9   -9.0   -9   -9.0   -9   -9.0   -9 -99.0 -99.0 -99.0 -99.0 -99.0
20260516 137  1.0   831  27  2.5 1739  25  5.7 1642  23.8  33.0 1453  13.6  527  12.2  31.0   9.2  52.4  26.0 1331  14.2   9.0   6.3 -9.00 1008.3 1019.5 1021.9  705 1016.2 1738  0.0 12.9 14.1 -9.0 28.84  3.53 1200   -9.0   -9.0 -9.00   -9.0   -9   -9.0   -9   -9.0   -9   -9.0   -9   -9.0   -9 -99.0 -99.0 -99.0 -99.0 -99.0
20260516 138  2.4  2043  11  5.0 1644  27  7.0 2255  22.6  28.7 1624  14.9  331   9.8  26.2   8.1  45.9  27.0 1800  12.3   9.6   6.7 -9.00 1018.9 1019.4 1021.5    3 1016.8 1736  0.0 13.1 14.1 -9.0 28.38  3.55 1200   -9.0   -9.0 -9.00   -9.0   -9   -9.0   -9   -9.0   -9   -9.0   -9   -9.0   -9  19.2  16.6  15.7  14.7  15.6
20260516 140  1.7  1450  27  5.4 1645  27  7.4 1631  19.7  26.0 1115  13.8  443  14.1  25.6   8.7  72.0  44.0 1023  16.1  -9.0  -9.0 -9.00 1019.1 1022.4 1023.9  916 1020.1 1818  0.0 12.8 14.1 -9.0 -9.00 -9.00   -9   -9.0   -9.0 -9.00   -9.0   -9   -9.0   -9   -9.0   -9   -9.0   -9   -9.0   -9 -99.0 -99.0 -99.0 -99.0 -99.0
20260516 143  1.1   956  25  2.2 1055  27  3.6 1109  24.1  33.2 1549  13.7  541   8.5  30.2   9.0  43.4  14.0 1545  11.3   9.2   6.4 -9.00 1013.3 1019.5 1022.2  644 1016.1 1734  0.0 13.0 14.1 -9.0 28.57  3.54 1200   -9.0   -9.0 -9.00   -9.0   -9   -9.0   -9   -9.0   -9   -9.0   -9   -9.0   -9 -99.0 -99.0 -99.0 -99.0 -99.0
20260516 146  2.0  1700  27  4.9 1616  25  7.7 1444  22.2  30.7 1431  15.1  440  12.6  25.1  10.1  57.0  32.0 1408  14.6   8.8   6.2 -9.00 1014.2 1021.2 1022.8  754 1018.8 1653  0.0 12.8 14.1 -9.0 28.64  3.53 1200   -9.0   -9.0 -9.00   -9.0   -9   -9.0   -9   -9.0   -9   -9.0   -9   -9.0   -9 -99.0 -99.0 -99.0 -99.0 -99.0
20260516 152  1.1   951  32  2.8  153  16  4.9 1325  20.9  29.2 1218  11.6  509   8.8  25.9   6.8  48.4  27.0 1712  11.4   8.7   6.1 -9.00 1010.2 1019.7 1022.1    1 1017.4 1703  0.0 12.8 14.1 -9.0 28.92  3.51 1200   -9.0   -9.0 -9.00   -9.0   -9   -9.0   -9   -9.0   -9   -9.0   -9   -9.0   -9 -99.0 -99.0 -99.0 -99.0 -99.0
20260516 155  1.6  1369  18  4.2 1350  20  6.0 1457  21.8  30.2 1246  14.1  529  10.5  27.5   9.1  50.9  30.0 1708  12.7   8.8   6.2 -9.00 1016.5 1020.6 1022.5  706 1018.2 1714  0.0 12.3 14.0 -9.0 28.67  3.51 1200   -9.0   -9.0 -9.00   -9.0   -9   -9.0   -9   -9.0   -9   -9.0   -9   -9.0   -9 -99.0 -99.0 -99.0 -99.0 -99.0
20260516 156  1.3  1105  23  4.3 1554  25  7.9 1546  22.9  31.8 1523  16.0  540  12.4  28.2  10.6  55.3  27.0 1253  14.5   8.6   6.0 -9.00 1011.9 1020.1 1021.9  759 1017.5 1612  0.0 12.6 14.0 -9.0 28.33  3.60 1200   -9.0   -9.0 -9.00   -9.0   -9   -9.0   -9   -9.0   -9   -9.0   -9   -9.0   -9 -99.0 -99.0 -99.0 -99.0 -99.0
20260516 159  2.0  1731  23  5.2 1252  23  8.1 1412  20.5  26.3 1321  15.0  318   8.4  26.7   5.6  46.4  31.0 2241  11.2   8.9   6.3 -9.00 1011.9 1020.1 1021.8    1 1018.2 1709  0.0 12.2 14.0 -9.0 30.24  3.73 1200   -9.0   -9.0 -9.00   -9.0   -9   -9.0   -9   -9.0   -9   -9.0   -9   -9.0   -9  20.1  17.9  17.3  15.2  16.7
20260516 162  1.6  1412  18  3.2 1236  18  4.8 1218  18.7  26.7 1427  12.8  534  11.3  24.9   6.5  64.9  30.0 1424  13.5   7.5   5.3 -9.00 1016.6 1020.3 1021.9   27 1018.1 1721  0.0 12.1 14.0 -9.0 29.42  3.66 1200   -9.0   -9.0 -9.00   -9.0   -9   -9.0   -9   -9.0   -9   -9.0   -9   -9.0   -9 -99.0 -99.0 -99.0 -99.0 -99.0
20260516 165  2.2  1878  29  5.0 1539  32  6.5 1535  20.3  26.0 1408  15.4  555  14.5  23.4   9.2  73.3  27.0 1332  16.5   8.0   5.6 -9.00 1016.6 1021.9 1023.5  839 1020.1 1636  0.0 12.7 14.0 -9.0 29.14  3.58 1200   -9.0   -9.0 -9.00   -9.0   -9   -9.0   -9   -9.0   -9   -9.0   -9   -9.0   -9  19.7  17.8  15.7  14.7  14.5
20260516 168  2.4  2051  25  5.3 1634  23  6.9 1630  20.3  26.2 1334  14.9  549  12.0  25.0   9.3  61.3  35.0 1258  14.1   8.5   6.0 -9.00 1013.6 1021.3 1023.1  917 1019.1 1818  0.0 12.6 14.0 -9.0 29.47  3.63 1200   -9.0   -9.0 -9.00   -9.0   -9   -9.0   -9   -9.0   -9   -9.0   -9   -9.0   -9  20.4  17.5  16.0  15.1  16.6
20260516 169  2.2  1875  14  5.1  526  14  6.1  520  19.0  24.1 1605  14.3  549  13.6  24.6  14.1  72.9  36.0 1556  15.6   7.4   5.2 -9.00 1013.0 1021.9 1023.5 1035 1020.4 1706  0.0 13.1 14.0 -9.0 30.01  3.67 1200   -9.0   -9.0 -9.00   -9.0   -9   -9.0   -9   -9.0   -9   -9.0   -9   -9.0   -9 -99.0 -99.0 -99.0 -99.0 -99.0
20260516 170  1.5  1298  25  4.1 1941  27  6.7 1933  21.2  29.5 1500  13.3  522  11.5  25.6   8.5  59.0  25.0 1637  13.7   8.7   6.1 -9.00 1017.6 1021.7 1023.4  841 1019.7 1726  0.0 12.8 14.0 -9.0 29.60  3.68 1200   -9.0   -9.0 -9.00   -9.0   -9   -9.0   -9   -9.0   -9   -9.0   -9   -9.0   -9 -99.0 -99.0 -99.0 -99.0 -99.0
20260516 172  2.2  1875  29  6.1 1230  29  8.7 1248  19.9  27.7 1159  12.8  531  13.0  23.5   8.9  69.6  33.0 1137  15.1   8.7   6.1 -9.00 1015.2 1021.3 1022.6  757 1019.6 1545  0.0 13.0 14.0 -9.0 29.91  3.67 1200   -9.0   -9.0 -9.00   -9.0   -9   -9.0   -9   -9.0   -9   -9.0   -9   -9.0   -9 -99.0 -99.0 -99.0 -99.0 -99.0
20260516 174  1.0   901  16  4.0 1647  18  5.8 1616  19.6  29.8 1355   9.3  546  11.0  25.4   7.1  64.1  25.0 1220  13.2  -9.0  -9.0 -9.00 1000.4 1019.7 1021.8   30 1016.7 1744  0.0 12.2 14.0 -9.0 -9.00 -9.00   -9   -9.0   -9.0 -9.00   -9.0   -9   -9.0   -9   -9.0   -9   -9.0   -9   -9.0   -9 -99.0 -99.0 -99.0 -99.0 -99.0
20260516 177  1.5  1301  32  4.5 1700  20  6.9 1517  21.4  29.7 1454  14.1  522  14.3  25.8  11.0  66.9  38.0 1126  16.4   8.0   5.6 -9.00 1017.0 1020.2 1021.8  827 1018.2 1553  0.1 13.0 14.1 -9.0 28.81  3.52 1200   -9.0   -9.0 -9.00   -9.0   -9   -9.0   -9   -9.0   -9   -9.0   -9   -9.0   -9 -99.0 -99.0 -99.0 -99.0 -99.0
20260516 181  1.6  1392  34  5.9 1746  29  8.1 1251  21.2  30.2 1413  13.2  556  11.6  24.7   8.4  59.4  27.0 1509  13.7   9.0   6.3 -9.00 1017.4 1021.3 1023.3  815 1018.7 1644  0.0 12.9 14.1 -9.0 29.27  3.59 1200   -9.0   -9.0 -9.00   -9.0   -9   -9.0   -9   -9.0   -9   -9.0   -9   -9.0   -9 -99.0 -99.0 -99.0 -99.0 -99.0
20260516 184  1.7  1504   2  3.9 1222   2  5.3 1221  20.7  25.5 1635  15.9  603  11.0  27.1  11.3  56.9  24.0 1728  13.4   7.6   5.3 -9.00 1018.8 1021.2 1022.7 1031 1019.3 1835  0.0 13.0 13.9 -9.0 28.01  3.49 1200   -9.0   -9.0 -9.00   -9.0   -9   -9.0   -9   -9.0   -9   -9.0   -9   -9.0   -9  21.1  19.1  18.1  16.6  16.4
20260516 185  2.5  2152  11  4.4   41   9  5.9   35  19.4  23.4 1601  16.1  452  15.5  25.7  14.4  79.5  50.0 1549  17.7   6.7   4.7 -9.00 1013.1 1021.5 1022.9 1040 1019.9 1825  0.0 12.7 13.9 -9.0 28.95  3.60 1200   -9.0   -9.0 -9.00   -9.0   -9   -9.0   -9   -9.0   -9   -9.0   -9   -9.0   -9 -99.0 -99.0 -99.0 -99.0 -99.0
20260516 188  1.8  1569  11  4.7 1400  11  6.2 1353  18.9  23.7 1304  15.0  335  15.0  22.8  12.5  79.6  48.0 1246  17.1  -9.0  -9.0 -9.00 1019.6 1022.0 1023.4 1044 1020.4 1831  0.0 11.3 13.9 -9.0 -9.00 -9.00   -9   -9.0   -9.0 -9.00   -9.0   -9   -9.0   -9   -9.0   -9   -9.0   -9   -9.0   -9 -99.0 -99.0 -99.0 -99.0 -99.0
20260516 189  1.2  1073  36  2.2  510  20  3.9 1453  20.1  23.8 1318  16.9  555  13.4  24.1  13.6  65.9  45.0  708  15.6   6.7   4.7 -9.00 1015.8 1021.9 1023.3 1026 1020.5 1829  0.4 12.0 13.9 -9.0 28.37  3.59 1200   -9.0   -9.0 -9.00   -9.0   -9   -9.0   -9   -9.0   -9   -9.0   -9   -9.0   -9 -99.0 -99.0 -99.0 -99.0 -99.0
20260516 192  0.9   739  16  2.6 1539  25  5.4 1702  19.9  30.2 1416   9.8  532  11.0  25.8   8.1  61.4  25.0 1434  13.2   7.9   5.5 -9.00 1017.5 1020.9 1023.0  712 1018.2 1642  0.0 12.1 14.0 -9.0 28.33  3.51 1200   -9.0   -9.0 -9.00   -9.0   -9   -9.0   -9   -9.0   -9   -9.0   -9   -9.0   -9 -99.0 -99.0 -99.0 -99.0 -99.0
20260516 201  2.0  1704  25  4.8 1241  25  6.9 1224  19.2  26.2 1346  13.7  453  14.1  25.2   7.4  74.5  52.0 1337  16.2  -9.0  -9.0 -9.00 1016.5 1022.1 1023.7  844 1020.2 1853  0.0 12.5 14.2 -9.0 -9.00 -9.00   -9   -9.0   -9.0 -9.00   -9.0   -9   -9.0   -9   -9.0   -9   -9.0   -9   -9.0   -9 -99.0 -99.0 -99.0 -99.0 -99.0
20260516 202  1.4  1234  29  3.5 1733  27  6.8 1757  22.7  31.1 1424  14.7  530  10.6  31.3  10.5  51.3  22.0 1426  12.9  -9.0  -9.0 -9.00 1015.5 1021.1 1023.3  849 1018.5 1749  0.0 12.3 14.2 -9.0 -9.00 -9.00   -9   -9.0   -9.0 -9.00   -9.0   -9   -9.0   -9   -9.0   -9   -9.0   -9   -9.0   -9 -99.0 -99.0 -99.0 -99.0 -99.0
20260516 203  1.1   944  18  2.9 1432  18  5.8 1223  22.9  31.5 1447  14.2  532  12.9  30.9  11.5  56.9  28.0 1319  14.9  -9.0  -9.0 -9.00 1012.1 1021.4 1023.6  846 1018.7 1654  0.0 10.5 14.2 -9.0 -9.00 -9.00   -9   -9.0   -9.0 -9.00   -9.0   -9   -9.0   -9   -9.0   -9   -9.0   -9   -9.0   -9 -99.0 -99.0 -99.0 -99.0 -99.0
20260516 211  1.2  1000  20  3.9 1526  20  7.9 1332  20.8  29.8 1541  12.1  542  12.1  26.8   6.6  63.1  30.0 1307  14.1  -9.0  -9.0 -9.00  996.8 1020.3 1023.4  613 1016.6 1726  0.6 11.3 14.3 -9.0 -9.00 -9.00   -9   -9.0   -9.0 -9.00   -9.0   -9   -9.0   -9   -9.0   -9   -9.0   -9   -9.0   -9 -99.0 -99.0 -99.0 -99.0 -99.0
20260516 212  1.0   860  27  3.1 1526  29  5.8 1525  22.2  31.2 1411  13.3  521  10.6  27.5   9.8  53.4  21.0 1253  12.8  -9.0  -9.0 -9.00 1004.8 1021.1 1023.8  646 1017.9 1747  0.5 12.7 14.2 -9.0 -9.00 -9.00   -9   -9.0   -9.0 -9.00   -9.0   -9   -9.0   -9   -9.0   -9   -9.0   -9   -9.0   -9 -99.0 -99.0 -99.0 -99.0 -99.0
20260516 216  1.0   850  18  3.1 1359  20  6.3 1251  19.6  29.9 1436   8.9  504   7.7  23.6   6.8  52.1  22.0 1535  10.5   8.5   5.9 -9.00  939.6 1020.1 1025.0  536 1015.1 1537  0.0 11.9 14.2 -9.0 28.37  3.50 1200   -9.0   -9.0 -9.00   -9.0   -9   -9.0   -9   -9.0   -9   -9.0   -9   -9.0   -9 -99.0 -99.0 -99.0 -99.0 -99.0
20260516 217  1.1   979  18  4.9 1245  18  8.7 1515  20.3  31.9 1604   9.6  552   9.0  27.6   7.9  55.3  24.0 1414  11.5  -9.0  -9.0 -9.00  985.0 1021.1 1025.2  652 1016.3 1559  0.0 11.0 14.2 -9.0 -9.00 -9.00   -9   -9.0   -9.0 -9.00   -9.0   -9   -9.0   -9   -9.0   -9   -9.0   -9   -9.0   -9 -99.0 -99.0 -99.0 -99.0 -99.0
20260516 221  1.4  1210  20  4.3 1456  16  7.2 1241  20.6  29.9 1502  10.2  512   9.7  27.7   7.1  56.1  22.0 1645  12.1  -9.0  -9.0 -9.00  990.2 1020.8 1023.7  604 1017.3 1719  0.0 12.9 14.2 -9.0 -9.00 -9.00   -9   -9.0   -9.0 -9.00   -9.0   -9   -9.0   -9   -9.0   -9   -9.0   -9   -9.0   -9 -99.0 -99.0 -99.0 -99.0 -99.0
20260516 226  0.9   819  29  3.2 1443  36  5.9 1352  21.4  30.4 1545  11.8  516  11.7  26.9   5.5  60.0  28.0 1421  13.8  -9.0  -9.0 -9.00 1001.2 1021.1 1023.4  607 1017.9 1743  0.0 12.5 14.1 -9.0 -9.00 -9.00   -9   -9.0   -9.0 -9.00   -9.0   -9   -9.0   -9   -9.0   -9   -9.0   -9   -9.0   -9 -99.0 -99.0 -99.0 -99.0 -99.0
20260516 232  1.0   843  25  3.0 1351  25  6.1 1310  20.7  30.2 1443  12.7  533  11.8  27.5   9.5  63.0  27.0 1509  13.9  -9.0  -9.0 -9.00 1011.9 1021.8 1023.6  744 1019.5 1608  0.0 12.6 14.2 -9.0 -9.00 -9.00   -9   -9.0   -9.0 -9.00   -9.0   -9   -9.0   -9   -9.0   -9   -9.0   -9   -9.0   -9 -99.0 -99.0 -99.0 -99.0 -99.0
20260516 235  1.2  1017  20  3.5 1328  18  8.4 1145  20.1  27.0 1533  13.0  505  13.2  23.5  10.0  67.8  40.0 1534  15.2   7.3   5.1 -9.00 1019.9 1021.1 1022.6  920 1019.5 1821  0.0 11.8 14.1 -9.0 28.60  3.55 1200   -9.0   -9.0 -9.00   -9.0   -9   -9.0   -9   -9.0   -9   -9.0   -9   -9.0   -9 -99.0 -99.0 -99.0 -99.0 -99.0
20260516 236  0.9   801  20  4.3 1534  27  6.7 1701  21.3  30.2 1508  13.3  533  13.6  26.8   9.7  67.5  31.0 1501  15.7  -9.0  -9.0 -9.00 1020.0 1021.6 1023.5  926 1019.2 1636  0.0 12.8 14.1 -9.0 -9.00 -9.00   -9   -9.0   -9.0 -9.00   -9.0   -9   -9.0   -9   -9.0   -9   -9.0   -9   -9.0   -9 -99.0 -99.0 -99.0 -99.0 -99.0
20260516 238  0.9   799   5  2.5 1328  34  5.2 1404  21.7  30.6 1541  12.2  543  12.1  27.7   7.2  59.9  27.0 1542  14.2  -9.0  -9.0 -9.00 1000.9 1020.7 1023.0  710 1017.4 1712  0.0 11.8 14.1 -9.0 -9.00 -9.00   -9   -9.0   -9.0 -9.00   -9.0   -9   -9.0   -9   -9.0   -9   -9.0   -9   -9.0   -9 -99.0 -99.0 -99.0 -99.0 -99.0
20260516 239  1.3  1106  36  4.0 1727  34  6.9 1759  21.6  30.2 1519  13.7  601  12.4  24.8  11.7  60.6  30.0 1334  14.5   8.3   5.8 -9.00 1010.3 1020.7 1022.6  806 1017.6 1641  0.0 12.1 14.1 -9.0 28.34  3.48 1200   -9.0   -9.0 -9.00   -9.0   -9   -9.0   -9   -9.0   -9   -9.0   -9   -9.0   -9 -99.0 -99.0 -99.0 -99.0 -99.0
20260516 243  1.4  1191  29  4.6 1618  29  7.6 1256  20.3  28.1 1205  14.0  546  12.3  24.6   9.6  63.5  31.0 1110  14.4  -9.0  -9.0 -9.00 1020.5 1021.9 1023.4  915 1020.2 1644  0.0 12.5 14.1 -9.0 -9.00 -9.00   -9   -9.0   -9.0 -9.00   -9.0   -9   -9.0   -9   -9.0   -9   -9.0   -9   -9.0   -9 -99.0 -99.0 -99.0 -99.0 -99.0
20260516 244  1.1   921  34  3.3 1825  34  5.9 1915  20.3  30.1 1400  11.3  517  11.9  22.6   7.7  63.8  31.0 1245  14.0  -9.0  -9.0 -9.00  992.4 1021.1 1023.2  700 1017.8 1549  0.0 12.7 14.1 -9.0 -9.00 -9.00   -9   -9.0   -9.0 -9.00   -9.0   -9   -9.0   -9   -9.0   -9   -9.0   -9   -9.0   -9 -99.0 -99.0 -99.0 -99.0 -99.0
20260516 245  1.9  1633  34  5.1 1408  36  7.8 1400  20.9  28.9 1510  13.7  451  11.7  26.4  10.3  58.9  31.0 1131  13.8   8.6   6.0 -9.00 1013.5 1021.5 1023.0  734 1019.4 1540  0.0 12.9 14.1 -9.0 27.85  3.52 1200   -9.0   -9.0 -9.00   -9.0   -9   -9.0   -9   -9.0   -9   -9.0   -9   -9.0   -9 -99.0 -99.0 -99.0 -99.0 -99.0
20260516 247  1.4  1225  27  3.0 1710   2  5.7 1737  21.5  30.9 1623  12.6  541  13.1  27.0  10.3  62.5  34.0 1638  15.1  -9.0  -9.0 -9.00 1005.3 1020.8 1023.1  758 1017.3 1707  0.0 12.8 14.0 -9.0 -9.00 -9.00   -9   -9.0   -9.0 -9.00   -9.0   -9   -9.0   -9   -9.0   -9   -9.0   -9   -9.0   -9 -99.0 -99.0 -99.0 -99.0 -99.0
20260516 248  1.0   853  36  3.8 1031  36  6.0 1405  19.6  29.1 1550  10.3  517  12.3  24.0   6.6  68.4  32.0 1345  14.3  -9.0  -9.0 -9.00  974.5 1021.4 1024.3  638 1017.4 1554  0.0 12.4 14.1 -9.0 -9.00 -9.00   -9   -9.0   -9.0 -9.00   -9.0   -9   -9.0   -9   -9.0   -9   -9.0   -9   -9.0   -9 -99.0 -99.0 -99.0 -99.0 -99.0
20260516 251  1.3  1146  32  3.9 1210  29  6.7 1413  20.3  28.5 1301  13.0  541  12.6  22.4  10.3  64.8  36.0 1115  14.6   8.2   5.8 -9.00 1014.2 1021.1 1022.6  936 1019.1 1533  0.0 11.7 14.0 -9.0 28.94  3.56 1200   -9.0   -9.0 -9.00   -9.0   -9   -9.0   -9   -9.0   -9   -9.0   -9   -9.0   -9 -99.0 -99.0 -99.0 -99.0 -99.0
20260516 252  1.3  1134  25  4.5 1243  36  6.8 1446  19.6  26.8 1114  12.6  610  12.8  26.3   9.5  68.6  37.0 1500  14.9   8.0   5.6 -9.00 1017.3 1021.7 1023.1  846 1020.0 1649  0.0 11.8 14.1 -9.0 29.38  3.63 1200   -9.0   -9.0 -9.00   -9.0   -9   -9.0   -9   -9.0   -9   -9.0   -9   -9.0   -9 -99.0 -99.0 -99.0 -99.0 -99.0
20260516 253  1.5  1281  16  4.5 1623  16  7.4 1615  22.1  31.7 1246  13.2  438  11.0  26.8   9.9  51.4  28.0 1248  13.2   8.8   6.2 -9.00 1014.8 1021.2 1023.2  802 1018.9 1729  0.0 11.7 14.0 -9.0 27.94  3.57 1200   -9.0   -9.0 -9.00   -9.0   -9   -9.0   -9   -9.0   -9   -9.0   -9   -9.0   -9 -99.0 -99.0 -99.0 -99.0 -99.0
20260516 254  1.3  1146  32  4.2 1756  32  7.2 1755  21.3  31.1 1556  12.7  540  11.4  27.3   9.7  58.8  24.0 1413  13.5   9.0   6.3 -9.00 1006.5 1021.6 1023.6  715 1018.1 1700  0.0 12.9 14.0 -9.0 29.42  3.69 1200   -9.0   -9.0 -9.00   -9.0   -9   -9.0   -9   -9.0   -9   -9.0   -9   -9.0   -9 -99.0 -99.0 -99.0 -99.0 -99.0
20260516 255  0.8   726  29  2.6 1406  27  5.6 1359  22.8  32.4 1341  13.8  500  10.3  26.3   8.9  48.9  19.0 1241  12.6   7.9   5.6 -9.00 1014.3 1020.2 1022.5  707 1017.3 1656  0.0 12.8 14.0 -9.0 26.43  3.32 1200   -9.0   -9.0 -9.00   -9.0   -9   -9.0   -9   -9.0   -9   -9.0   -9   -9.0   -9 -99.0 -99.0 -99.0 -99.0 -99.0
20260516 257  1.6  1354  20  4.7 1435  20  7.3 1431  21.5  32.4 1306  11.1  448  10.0  26.1   7.6  51.5  26.0 1252  12.3   9.0   6.3 -9.00 1019.6 1020.3 1022.5  705 1017.7 1732  0.0 10.6 14.1 -9.0 27.39  3.48 1200   -9.0   -9.0 -9.00   -9.0   -9   -9.0   -9   -9.0   -9   -9.0   -9   -9.0   -9 -99.0 -99.0 -99.0 -99.0 -99.0
20260516 258  2.1  1854  20  4.5 1202  27  5.6 2335  21.0  28.5 1438  10.6  438  11.8  23.0   8.9  60.6  26.0 1334  13.9   9.3   6.5 -9.00 1021.5 1021.7 1023.5  836 1019.3 1820  0.0 12.8 14.0 -9.0 30.14  3.73 1200   -9.0   -9.0 -9.00   -9.0   -9   -9.0   -9   -9.0   -9   -9.0   -9   -9.0   -9 -99.0 -99.0 -99.0 -99.0 -99.0
20260516 259  1.1   935  20  3.5 1533  20  7.4 1604  20.5  29.6 1447  11.4  524  13.3  26.3   9.8  67.8  37.0 1340  15.3   8.2   5.7 -9.00 1019.4 1021.3 1023.1  833 1019.0 1729  0.0 12.0 14.0 -9.0 28.86  3.53 1200   -9.0   -9.0 -9.00   -9.0   -9   -9.0   -9   -9.0   -9   -9.0   -9   -9.0   -9 -99.0 -99.0 -99.0 -99.0 -99.0
20260516 260  1.5  1315  16  4.8 1311  16  8.0 1241  20.4  28.7 1452  10.5  546  12.4  28.1   6.2  65.6  32.0 1134  14.5  -9.0  -9.0 -9.00 1016.1 1021.3 1023.0  723 1018.8 1711  0.0 12.7 14.0 -9.0 -9.00 -9.00   -9   -9.0   -9.0 -9.00   -9.0   -9   -9.0   -9   -9.0   -9   -9.0   -9   -9.0   -9 -99.0 -99.0 -99.0 -99.0 -99.0
20260516 261  1.8  1559  23  5.0 1314  27  8.5 1237  19.4  28.4 1356  10.2  543  11.5  28.9   6.8  65.8  30.0 1814  13.7  -9.0  -9.0 -9.00 1020.0 1021.9 1023.3  812 1020.0 1642  0.0 12.8 14.0 -9.0 -9.00 -9.00   -9   -9.0   -9.0 -9.00   -9.0   -9   -9.0   -9   -9.0   -9   -9.0   -9   -9.0   -9 -99.0 -99.0 -99.0 -99.0 -99.0
20260516 262  1.2  1076  18  4.0 1611  23  6.4 1621  19.7  29.4 1521   9.5  541  11.3  26.9  11.1  64.5  19.0 1305  13.5   8.0   5.6 -9.00 1015.2 1021.3 1022.9  837 1019.0 1720  0.0 12.2 14.0 -9.0 26.90  3.18 1200   -9.0   -9.0 -9.00   -9.0   -9   -9.0   -9   -9.0   -9   -9.0   -9   -9.0   -9 -99.0 -99.0 -99.0 -99.0 -99.0
20260516 263  1.2  1034  23  5.5 1803  23  8.1 1802  21.0  32.0 1512   9.2  528   9.2  25.0   6.2  52.6  20.0 1625  11.6   9.0   6.3 -9.00 1018.9 1020.5 1023.0  730 1017.3 1720  0.0 11.3 14.1 -9.0 28.55  3.63 1200   -9.0   -9.0 -9.00   -9.0   -9   -9.0   -9   -9.0   -9   -9.0   -9   -9.0   -9 -99.0 -99.0 -99.0 -99.0 -99.0
20260516 264  1.0   836  29  2.8 1856  29  4.7 1858  22.0  33.4 1558  10.4  542  10.7  27.1   8.8  56.5  15.0 1339  13.1   9.5   6.7 -9.00 1003.0 1020.6 1023.6  643 1016.5 1734  0.0 12.2 14.1 -9.0 29.79  3.75 1200   -9.0   -9.0 -9.00   -9.0   -9   -9.0   -9   -9.0   -9   -9.0   -9   -9.0   -9 -99.0 -99.0 -99.0 -99.0 -99.0
20260516 266  1.1   940  25  2.9 1713  27  5.1 1718  22.1  30.0 1524  13.9  527  10.8  23.6  10.1  52.5  26.0 1401  13.0   8.6   6.0 -9.00 1011.1 1021.4 1023.2  815 1019.0 1702  0.0 12.1 14.0 -9.0 28.86  3.61 1200   -9.0   -9.0 -9.00   -9.0   -9   -9.0   -9   -9.0   -9   -9.0   -9   -9.0   -9 -99.0 -99.0 -99.0 -99.0 -99.0
20260516 268  1.2  1060  32  3.9 1139  32  5.3 1136  18.7  27.1 1359  11.0  532  11.6  24.2  11.4  68.4  30.0 1032  13.7  -9.0  -9.0 -9.00 1019.6 1020.7 1022.0  822 1018.9 1641  0.0 12.8 14.0 -9.0 -9.00 -9.00   -9   -9.0   -9.0 -9.00   -9.0   -9   -9.0   -9   -9.0   -9   -9.0   -9   -9.0   -9 -99.0 -99.0 -99.0 -99.0 -99.0
20260516 271  1.1   952  14  3.8 1202  16  6.4 1246  19.4  30.6 1349   7.6  533   9.3  25.8   4.5  59.5  24.0 1229  11.7  -9.0  -9.0 -9.00  983.2 1020.8 1024.3  249 1016.6 1748  0.0 12.2 14.2 -9.0 -9.00 -9.00   -9   -9.0   -9.0 -9.00   -9.0   -9   -9.0   -9   -9.0   -9   -9.0   -9   -9.0   -9 -99.0 -99.0 -99.0 -99.0 -99.0
20260516 272  2.1  1784  32  5.1 1620  29  7.5 2106  22.4  31.3 1523  11.0  539  10.5  28.7   8.6  51.6  25.0 1536  12.7  -9.0  -9.0 -9.00  995.7 1020.0 1022.9  710 1016.9 1750  0.0 13.1 14.2 -9.0 -9.00 -9.00   -9   -9.0   -9.0 -9.00   -9.0   -9   -9.0   -9   -9.0   -9   -9.0   -9   -9.0   -9 -99.0 -99.0 -99.0 -99.0 -99.0
20260516 273  1.7  1484  29  4.3 2125  29  9.1 2106  22.9  32.1 1427  11.5  520  11.0  28.7   6.5  52.6  25.0 1435  13.2  -9.0  -9.0 -9.00  999.7 1019.6 1022.2  642 1016.5 1752  0.0 12.2 14.1 -9.0 -9.00 -9.00   -9   -9.0   -9.0 -9.00   -9.0   -9   -9.0   -9   -9.0   -9   -9.0   -9   -9.0   -9 -99.0 -99.0 -99.0 -99.0 -99.0
20260516 276  1.1   947  32  3.0 1342  29  5.2 1600  20.2  32.5 1632   7.6  516   9.2  26.5   3.6  58.1  20.0 1656  11.7   9.1   6.4 -9.00  995.7 1019.9 1023.3  557 1015.8 1708  0.0 12.8 14.1 -9.0 29.79  3.67 1200   -9.0   -9.0 -9.00   -9.0   -9   -9.0   -9   -9.0   -9   -9.0   -9   -9.0   -9 -99.0 -99.0 -99.0 -99.0 -99.0
20260516 277  2.3  1976   7  4.1 1354   9  6.0 1347  21.5  30.8 1154  11.3  130  10.5  27.7   9.7  53.0  29.0 1226  12.8  -9.0  -9.0 -9.00 1014.9 1019.6 1021.5  114 1017.7 1834  0.0 13.0 14.1 -9.0 -9.00 -9.00   -9   -9.0   -9.0 -9.00   -9.0   -9   -9.0   -9   -9.0   -9   -9.0   -9   -9.0   -9 -99.0 -99.0 -99.0 -99.0 -99.0
20260516 278  0.8   660  27  2.6 1544  32  5.1 1421  21.1  32.7 1507   9.8  514  10.7  27.7   5.2  59.1  17.0 1650  12.9  -9.0  -9.0 -9.00 1010.0 1019.5 1022.1  626 1015.9 1806  0.0 12.9 14.1 -9.0 -9.00 -9.00   -9   -9.0   -9.0 -9.00   -9.0   -9   -9.0   -9   -9.0   -9   -9.0   -9   -9.0   -9 -99.0 -99.0 -99.0 -99.0 -99.0
20260516 279  1.1   990  14  2.7 1214   2  5.4 1223  24.0  33.9 1616  13.7  519  10.6  33.5   9.2  48.3  17.0 1614  12.9   9.1   6.4 -9.00 1014.3 1020.0 1022.4  638 1016.6 1744  0.0 12.2 14.1 -9.0 27.95  3.46 1200   -9.0   -9.0 -9.00   -9.0   -9   -9.0   -9   -9.0   -9   -9.0   -9   -9.0   -9 -99.0 -99.0 -99.0 -99.0 -99.0
20260516 281  1.0   895  25  2.3 1429  16  4.6 1636  21.1  32.0 1542   9.6  458   9.8  26.2   7.0  56.8  13.0 1533  12.3  -9.0  -9.0 -9.00 1009.4 1020.6 1023.3  706 1017.2 1824  0.0 12.6 14.1 -9.0 -9.00 -9.00   -9   -9.0   -9.0 -9.00   -9.0   -9   -9.0   -9   -9.0   -9   -9.0   -9   -9.0   -9 -99.0 -99.0 -99.0 -99.0 -99.0
20260516 283  2.1  1773  14  4.5 1609  14  6.9 1608  21.5  33.8 1517   9.6  505   9.8  26.4   4.9  53.4  16.0 1335  12.2   9.8   6.8 -9.00 1015.7 1020.4 1022.7    3 1017.4 1637  0.0 12.8 14.1 -9.0 29.35  3.62 1200   -9.0   -9.0 -9.00   -9.0   -9   -9.0   -9   -9.0   -9   -9.0   -9   -9.0   -9 -99.0 -99.0 -99.0 -99.0 -99.0
20260516 284  1.2  1069  14  3.2 1723  14  5.0 1534  21.4  32.5 1608  10.3  539  11.1  30.6   7.0  59.0  18.0 1507  13.4   8.8   6.2 -9.00  992.9 1019.4 1022.5  521 1015.2 1734  0.0 12.8 14.1 -9.0 28.71  3.57 1200   -9.0   -9.0 -9.00   -9.0   -9   -9.0   -9   -9.0   -9   -9.0   -9   -9.0   -9 -99.0 -99.0 -99.0 -99.0 -99.0
20260516 285  0.8   693  20  2.2 1830  18  4.4 1834  22.3  32.5 1538  11.4  541  11.2  29.3   9.6  55.4  18.0 1719  13.3  -9.0  -9.0 -9.00 1017.4 1020.6 1023.1  723 1017.1 1725  0.0  9.4 14.1 -9.0 -9.00 -9.00   -9   -9.0   -9.0 -9.00   -9.0   -9   -9.0   -9   -9.0   -9   -9.0   -9   -9.0   -9 -99.0 -99.0 -99.0 -99.0 -99.0
20260516 288  1.4  1173  14  4.4 1850  14  6.3 1848  22.6  33.7 1444  11.9  558  11.7  26.6   8.5  56.1  18.0 1340  13.8   9.2   6.4 -9.00 1018.0 1019.0 1021.5  714 1015.5 1727  0.0 12.0 14.1 -9.0 28.64  3.56 1200   -9.0   -9.0 -9.00   -9.0   -9   -9.0   -9   -9.0   -9   -9.0   -9   -9.0   -9 -99.0 -99.0 -99.0 -99.0 -99.0
20260516 289  0.9   817   7  2.9 1747   9  6.8 1746  21.5  31.9 1509  11.0  523  12.1  29.7   9.2  60.9  23.0 1359  14.2  -9.0  -9.0 -9.00 1005.3 1021.4 1024.2  711 1017.9 1704  0.0 11.7 14.1 -9.0 -9.00 -9.00   -9   -9.0   -9.0 -9.00   -9.0   -9   -9.0   -9   -9.0   -9   -9.0   -9   -9.0   -9 -99.0 -99.0 -99.0 -99.0 -99.0
20260516 294  1.2  1027  20  4.0 1628  20  8.1 1622  20.0  28.6 1437  10.6  500   7.8  28.1   5.9  48.0  27.0 1438  10.7  -9.0  -9.0 -9.00 1016.2 1021.4 1023.2  942 1019.2 1717  0.0 12.5 14.0 -9.0 -9.00 -9.00   -9   -9.0   -9.0 -9.00   -9.0   -9   -9.0   -9   -9.0   -9   -9.0   -9   -9.0   -9 -99.0 -99.0 -99.0 -99.0 -99.0
20260516 295  1.1   968  23  3.5 1646  20  5.6 1721  20.9  29.2 1454  12.9  537  10.5  24.9   8.3  54.1  25.0 1706  12.7  -9.0  -9.0 -9.00 1015.7 1021.1 1023.1  924 1018.6 1716  0.0 12.4 14.0 -9.0 -9.00 -9.00   -9   -9.0   -9.0 -9.00   -9.0   -9   -9.0   -9   -9.0   -9   -9.0   -9   -9.0   -9 -99.0 -99.0 -99.0 -99.0 -99.0
20260516 296  1.7  1440  18  4.9 1333  18  7.7 1426  20.2  30.0 1224  10.2  530  11.4  23.8   4.6  60.8  33.0 1729  13.6   8.6   6.0 -9.00 1019.5 1019.9 1021.9  714 1017.3 1736  0.0 11.8 14.0 -9.0 28.97  3.59 1200   -9.0   -9.0 -9.00   -9.0   -9   -9.0   -9   -9.0   -9   -9.0   -9   -9.0   -9 -99.0 -99.0 -99.0 -99.0 -99.0
20260517  90  2.0  1753  16  5.2 1753  18  9.4 1752  21.4  28.1 1354  15.5 2345  11.1  26.1  11.6  55.5  28.0 1340  13.3   8.6   6.0 -9.00 1014.9 1017.0 1018.7  717 1015.1 1729  3.5 11.4 14.3 -9.0 26.86  3.36 1200   -9.0   -9.0 -9.00   -9.0   -9   -9.0   -9   -9.0   -9   -9.0   -9   -9.0   -9 -99.0 -99.0 -99.0 -99.0 -99.0
20260517  93  1.1   923  20  4.3 1525  18  7.4 1603  21.3  30.7 1608  12.3  532  11.1  29.7   9.5  58.8  24.0 1511  13.3   8.8   6.1 -9.00 1007.7 1018.9 1021.9  642 1015.4 1811  1.8 12.5 14.3 -9.0 28.77  3.49 1200   -9.0   -9.0 -9.00   -9.0   -9   -9.0   -9   -9.0   -9   -9.0   -9   -9.0   -9  22.2  18.5  15.6  12.6  12.1
20260517  95  1.1   923  20  3.0 1337  16  7.3 1334  20.3  28.4 1509  12.5  527  10.4  25.5   7.5  59.3  23.0 1342  12.8   8.3   5.8 -9.00 1001.3 1019.4 1021.8  703 1016.3 1759  1.9 12.0 14.3 -9.0 28.73  3.62 1200   -9.0   -9.0 -9.00   -9.0   -9   -9.0   -9   -9.0   -9   -9.0   -9   -9.0   -9 -99.0 -99.0 -99.0 -99.0 -99.0
20260517  98  1.0   826  27  2.8 1454  25  5.9 1451  20.9  29.2 1332  12.8  528   9.3  28.6   8.6  50.8  25.0 1318  11.7   8.2   5.7 -9.00 1005.6 1019.1 1021.3    1 1016.1 1820  2.1 11.9 14.3 -9.0 28.12  3.41 1100   -9.0   -9.0 -9.00   -9.0   -9   -9.0   -9   -9.0   -9   -9.0   -9   -9.0   -9 -99.0 -99.0 -99.0 -99.0 -99.0
20260517  99  0.9   803  27  2.6 1254  29  6.3 1427  19.1  28.0 1451  10.8  509  11.0  26.8   6.1  64.9  31.0 1604  13.2   7.5   5.3 -9.00 1016.3 1019.9 1022.1  940 1017.2 1811  1.9 12.2 14.3 -9.0 27.51  3.55 1200   -9.0   -9.0 -9.00   -9.0   -9   -9.0   -9   -9.0   -9   -9.0   -9   -9.0   -9 -99.0 -99.0 -99.0 -99.0 -99.0
20260517 100  2.6  2271  29  5.2 1538  29  9.5 1530  19.1  28.0 1424   8.6  541   7.3  23.2   2.4  53.0  23.0 1300  10.3  10.3   7.2 -9.00  931.2 1017.9 1022.6  544 1013.5 1641  2.4 13.2 14.3 -9.0 29.31  3.51 1200   -9.0   -9.0 -9.00   -9.0   -9   -9.0   -9   -9.0   -9   -9.0   -9   -9.0   -9 -99.0 -99.0 -99.0 -99.0 -99.0
20260517 101  1.4  1170  20  3.2 1548  20  5.2 1508  21.5  30.6 1534  12.7  540  10.9  28.5   7.3  56.9  25.0 1435  13.1   8.4   5.8 -9.00 1009.1 1017.9 1021.0  649 1014.4 1715  2.1 12.5 14.3 -9.0 27.41  3.43 1200   -9.0   -9.0 -9.00   -9.0   -9   -9.0   -9   -9.0   -9   -9.0   -9   -9.0   -9  20.0  15.9  14.2  13.6  15.3
20260517 102  1.7  1435  18  3.4 1127  18  6.1 1119  17.5  23.3 1334  12.9  418  11.8  26.0   7.4  71.1  50.0 1346  13.8   6.4   4.5 -9.00 1013.9 1018.2 1020.5    1 1015.8 2343  3.3 12.3 14.3 -9.0 27.97  3.62 1300   -9.0   -9.0 -9.00   -9.0   -9   -9.0   -9   -9.0   -9   -9.0   -9   -9.0   -9 -99.0 -99.0 -99.0 -99.0 -99.0
20260517 104  1.3  1135  11  4.2 1559  11  7.1 1554  22.6  28.8 1458  16.7  503  11.6  26.4   9.7  52.0  33.0  924  13.8   8.3   5.8 -9.00 1006.9 1015.6 1017.5  641 1013.5 1705  3.1 12.9 14.3 -9.0 27.87  3.42 1200   -9.0   -9.0 -9.00   -9.0   -9   -9.0   -9   -9.0   -9   -9.0   -9   -9.0   -9  20.8  16.7  14.5  12.1  13.0
20260517 105  1.9  1607  23  3.3  419  23  6.1  412  25.9  30.5 1346  21.3  519  10.8  30.6  13.9  39.6  28.0  936  13.0   8.9   6.2 -9.00 1013.6 1016.7 1018.7  716 1014.6 1813  3.0 12.6 14.3 -9.0 26.14  3.21 1100   -9.0   -9.0 -9.00   -9.0   -9   -9.0   -9   -9.0   -9   -9.0   -9   -9.0   -9  21.8  18.8  14.5  12.7  13.7
20260517 106  1.6  1415  23  3.1  502  14  5.0 1134  21.7  27.3 1359  17.4  312  11.4  28.8   9.3  53.4  31.0  839  13.6   7.9   5.5 -9.00 1012.7 1017.5 1019.1  713 1015.6 1835  2.0 12.5 14.2 -9.0 27.41  3.45 1100   -9.0   -9.0 -9.00   -9.0   -9   -9.0   -9   -9.0   -9   -9.0   -9   -9.0   -9 -99.0 -99.0 -99.0 -99.0 -99.0
20260517 108  1.9  1653  20  3.7 1230  16  7.2 1230  22.6  29.4 1509  16.2  533  10.0  29.0  11.2  46.8  27.0 1345  12.3   9.7   6.8 -9.00 1009.4 1019.3 1021.3    1 1016.5 1731  1.9 12.9 14.2 -9.0 29.69  3.74 1200   -9.0   -9.0 -9.00   -9.0   -9   -9.0   -9   -9.0   -9   -9.0   -9   -9.0   -9  19.9  16.5  15.5  13.5  13.5
20260517 112  1.9  1614  23  4.0 1402  23  6.2 1441  20.5  25.7 1442  15.0  542  11.7  24.8   9.6  59.5  32.0 1612  13.8   8.0   5.6 -9.00 1011.3 1019.3 1021.3  848 1017.0 1758  2.9 12.8 14.2 -9.0 28.54  3.60 1200   -9.0   -9.0 -9.00   -9.0   -9   -9.0   -9   -9.0   -9   -9.0   -9   -9.0   -9  18.5  16.3  12.7  13.9  13.5
20260517 114  0.7   618  32  3.1 1344  32  5.8 1337  22.0  29.6 1527  14.2  525  11.1  27.3   7.6  54.0  28.0 1541  13.3   7.8   5.5 -9.00 1001.4 1018.8 1021.5  717 1015.5 1735  2.4 12.9 14.2 -9.0 27.99  3.44 1200   -9.0   -9.0 -9.00   -9.0   -9   -9.0   -9   -9.0   -9   -9.0   -9   -9.0   -9 -99.0 -99.0 -99.0 -99.0 -99.0
20260517 115  4.1  3525  20  6.2   20  23 10.5 2319  22.3  26.7 1403  17.2  352  13.3  23.9  14.5  58.4  39.0  144  15.3   8.8   6.2 -9.00  992.4 1017.8 1019.5   13 1016.4 1653  3.4 12.6 14.2 -9.0 26.90  3.27 1200   -9.0   -9.0 -9.00   -9.0   -9   -9.0   -9   -9.0   -9   -9.0   -9   -9.0   -9  17.7  14.2  13.5  11.9  13.2
20260517 119  1.5  1272  29  3.5 1617  16  6.6 1247  20.4  28.1 1432  12.7  533   9.8  30.0   9.7  56.0  27.0 1529  12.2   8.8   6.2 -9.00 1014.4 1019.1 1021.3    1 1016.4 1827  1.5 12.8 14.2 -9.0 28.91  3.47 1300   -9.0   -9.0 -9.00   -9.0   -9   -9.0   -9   -9.0   -9   -9.0   -9   -9.0   -9  19.6  15.9  13.9  11.8  12.3
20260517 121  1.1   968  23  3.7 1650  27  6.4 1323  20.7  31.2 1407  10.4  537  10.4  28.0   5.4  58.1  24.0 1544  12.7   8.2   5.8 -9.00  991.2 1019.0 1022.6  645 1015.2 1723  2.1 12.8 14.2 -9.0 27.79  3.46 1200   -9.0   -9.0 -9.00   -9.0   -9   -9.0   -9   -9.0   -9   -9.0   -9   -9.0   -9 -99.0 -99.0 -99.0 -99.0 -99.0
20260517 127  1.1   938  34  3.4 1549  34  6.0 1603  21.4  30.4 1501  11.4  531   9.9  27.8   7.3  52.5  27.0 1721  12.2   8.4   5.9 -9.00 1004.9 1018.3 1021.0  721 1015.2 1813  1.5 12.5 14.2 -9.0 28.37  3.59 1200   -9.0   -9.0 -9.00   -9.0   -9   -9.0   -9   -9.0   -9   -9.0   -9   -9.0   -9 -99.0 -99.0 -99.0 -99.0 -99.0
20260517 129  1.2  1071  29  3.6 1610  32  5.6 1604  20.2  28.2 1510  12.3  455  10.3  27.0   7.8  59.0  26.0 1606  12.6   8.3   5.8 -9.00 1016.6 1019.6 1021.7   56 1017.1 1728  1.8 12.2 14.2 -9.0 28.20  3.38 1200   -9.0   -9.0 -9.00   -9.0   -9   -9.0   -9   -9.0   -9   -9.0   -9   -9.0   -9  18.8  15.8  15.9  13.0  14.6
20260517 130  1.7  1493  18  3.3 1220   7  4.2  851  20.1  26.2  837  13.9  509  12.4  27.9  11.1  63.0  36.0  936  14.5  -9.0  -9.0 -9.00 1011.9 1017.7 1019.3  910 1016.0 1815  1.1 13.2 14.2 -9.0 -9.00 -9.00   -9   -9.0   -9.0 -9.00   -9.0   -9   -9.0   -9   -9.0   -9   -9.0   -9   -9.0   -9 -99.0 -99.0 -99.0 -99.0 -99.0
20260517 131  1.1   931  27  2.8 1610  27  5.5 1518  23.6  30.4 1528  16.2  601  10.0  27.9  11.1  44.5  27.0 1631  12.3   9.0   6.3 -9.00 1011.8 1018.6 1021.1  708 1015.6 1813  3.1 12.9 14.2 -9.0 29.45  3.64 1200   -9.0   -9.0 -9.00   -9.0   -9   -9.0   -9   -9.0   -9   -9.0   -9   -9.0   -9 -99.0 -99.0 -99.0 -99.0 -99.0
20260517 133  1.3  1129  32  2.9 1700  34  5.6 1658  22.7  30.4 1619  14.5  526  11.2  26.2  11.9  51.9  28.0 1431  13.4   8.5   5.9 -9.00 1011.2 1019.1 1021.5  741 1016.1 1819  1.8 13.1 14.2 -9.0 28.67  3.54 1200   -9.0   -9.0 -9.00   -9.0   -9   -9.0   -9   -9.0   -9   -9.0   -9   -9.0   -9  21.6  19.0  16.7  14.6  15.7
20260517 135  1.6  1387  27  4.8  942  25  7.5 1418  21.8  30.1 1547  12.6  604  11.0  27.5   9.9  52.8  30.0 1558  13.1   7.9   5.5 -9.00  990.1 1018.3 1020.9  605 1015.0 1654  0.1 12.9 14.1 -9.0 29.77  3.65 1200   -9.0   -9.0 -9.00   -9.0   -9   -9.0   -9   -9.0   -9   -9.0   -9   -9.0   -9 -99.0 -99.0 -99.0 -99.0 -99.0
20260517 136  1.1   944  27  3.4 1300  25  6.9 1422  23.1  32.1 1506  13.5  544  11.9  32.9  10.1  53.5  23.0 1531  13.9   8.9   6.3 -9.00 1002.5 1018.8 1021.6  728 1015.6 1742  0.8 11.9 14.2 -9.0 29.34  3.64 1200   -9.0   -9.0 -9.00   -9.0   -9   -9.0   -9   -9.0   -9   -9.0   -9   -9.0   -9 -99.0 -99.0 -99.0 -99.0 -99.0
20260517 137  1.2  1027  27  2.5 1435  27  5.7 1319  24.6  33.0 1612  15.7  607  11.7  32.4  11.1  47.3  27.0 1616  13.8   8.8   6.1 -9.00 1006.1 1017.2 1019.7   11 1014.3 1708  0.9 13.2 14.2 -9.0 29.05  3.57 1200   -9.0   -9.0 -9.00   -9.0   -9   -9.0   -9   -9.0   -9   -9.0   -9   -9.0   -9 -99.0 -99.0 -99.0 -99.0 -99.0
20260517 138  2.6  2243  14  5.0 1600   9  7.4 1450  25.2  30.3 1113  19.8  513  11.1  29.1  13.8  42.3  28.0 1105  13.3  10.2   7.1 -9.00 1016.5 1016.9 1018.6    1 1014.7 1750  0.6 12.9 14.1 -9.0 28.51  3.54 1200   -9.0   -9.0 -9.00   -9.0   -9   -9.0   -9   -9.0   -9   -9.0   -9   -9.0   -9  19.4  16.8  15.8  14.8  15.6
20260517 140  1.7  1482  27  5.1 1328  29  6.6 1319  20.5  27.2 1237  13.8  530  13.1  26.3   8.9  65.1  42.0 1240  15.1  -9.0  -9.0 -9.00 1016.9 1020.2 1022.3    1 1017.6 1753  0.8 12.6 14.1 -9.0 -9.00 -9.00   -9   -9.0   -9.0 -9.00   -9.0   -9   -9.0   -9   -9.0   -9   -9.0   -9   -9.0   -9 -99.0 -99.0 -99.0 -99.0 -99.0
20260517 143  1.1   948  32  2.4  940  29  4.3 1134  25.7  34.1 1505  15.9  546   9.4  32.0  10.2  40.5  17.0 1457  11.9   9.9   6.9 -9.00 1011.0 1017.2 1019.6  551 1014.0 1720  0.0 13.1 14.1 -9.0 29.11  3.59 1200   -9.0   -9.0 -9.00   -9.0   -9   -9.0   -9   -9.0   -9   -9.0   -9   -9.0   -9 -99.0 -99.0 -99.0 -99.0 -99.0
20260517 146  1.9  1680  27  4.3 1707  27  7.0 1645  22.7  30.9 1405  15.2  537  12.6  26.5  10.4  55.8  27.0 1533  14.6   9.1   6.4 -9.00 1012.0 1019.0 1021.7    1 1016.3 1626  0.6 12.8 14.1 -9.0 28.93  3.53 1200   -9.0   -9.0 -9.00   -9.0   -9   -9.0   -9   -9.0   -9   -9.0   -9   -9.0   -9 -99.0 -99.0 -99.0 -99.0 -99.0
20260517 152  1.3  1085   5  3.2 1006  16  6.5 1630  23.9  31.8 1159  16.5  426  10.3  28.2  11.4  44.6  25.0 1140  12.5   9.2   6.5 -9.00 1007.8 1017.1 1019.2    1 1015.2 1716  0.0 12.8 14.1 -9.0 28.87  3.52 1200   -9.0   -9.0 -9.00   -9.0   -9   -9.0   -9   -9.0   -9   -9.0   -9   -9.0   -9 -99.0 -99.0 -99.0 -99.0 -99.0
20260517 155  1.6  1424  14  4.2 1432  16  6.8 1545  23.7  32.2 1233  17.0  254  11.5  29.6  12.1  48.9  27.0 1726  13.6   9.2   6.4 -9.00 1014.1 1018.2 1020.2    1 1016.4 1658  0.5 12.4 14.1 -9.0 28.93  3.51 1200   -9.0   -9.0 -9.00   -9.0   -9   -9.0   -9   -9.0   -9   -9.0   -9   -9.0   -9 -99.0 -99.0 -99.0 -99.0 -99.0
20260517 156  1.2  1057  23  2.9 1730  25  5.6 1802  23.6  32.1 1435  15.9  536  12.9  29.6  10.8  54.0  26.0 1422  14.9   8.5   6.0 -9.00 1009.7 1017.9 1020.6    1 1014.7 1712  0.1 12.6 14.1 -9.0 28.58  3.56 1200   -9.0   -9.0 -9.00   -9.0   -9   -9.0   -9   -9.0   -9   -9.0   -9   -9.0   -9 -99.0 -99.0 -99.0 -99.0 -99.0
20260517 159  2.3  2022  27  4.5 1137  27  6.4 1134  21.7  27.5 1014  17.4  451  13.0  28.4  11.1  58.9  35.0    3  15.1   8.4   5.9 -9.00 1009.6 1017.7 1019.4    1 1016.1 1801  0.3 12.2 14.1 -9.0 30.30  3.73 1200   -9.0   -9.0 -9.00   -9.0   -9   -9.0   -9   -9.0   -9   -9.0   -9   -9.0   -9  20.4  18.1  17.4  15.2  16.7
20260517 162  1.3  1148  16  3.2 1400  16  5.0 1331  19.8  25.4 1526  14.5  515  13.9  26.4  10.0  70.1  52.0 1307  15.9   7.1   5.0 -9.00 1014.2 1017.9 1019.8    1 1016.2 1702  0.0 12.1 14.0 -9.0 29.38  3.68 1200   -9.0   -9.0 -9.00   -9.0   -9   -9.0   -9   -9.0   -9   -9.0   -9   -9.0   -9 -99.0 -99.0 -99.0 -99.0 -99.0
20260517 165  1.9  1666  29  4.5 1522  32  6.7 1607  20.5  26.7 1345  15.2  401  14.7  24.1   9.2  72.5  42.0 1715  16.8   7.9   5.6 -9.00 1014.3 1019.6 1021.7    1 1017.3 1750  0.1 12.8 14.0 -9.0 29.92  3.60 1200   -9.0   -9.0 -9.00   -9.0   -9   -9.0   -9   -9.0   -9   -9.0   -9   -9.0   -9  20.0  18.1  15.9  14.8  14.4
20260517 168  1.7  1440  23  3.4 1458  25  4.8 1459  21.7  27.9 1401  17.2  504  13.9  26.9  12.3  62.5  47.0 1328  15.9   8.1   5.7 -9.00 1011.2 1018.9 1020.8    1 1017.2 1813  0.3 12.9 14.0 -9.0 29.83  3.71 1200   -9.0   -9.0 -9.00   -9.0   -9   -9.0   -9   -9.0   -9   -9.0   -9   -9.0   -9  20.8  17.7  16.1  15.2  16.6
20260517 169  1.6  1412   2  3.5 1226   5  4.3 1222  20.5  26.6 1419  16.3 2334  10.7  25.4  13.2  54.6  37.0 1459  12.9   8.3   5.8 -9.00 1010.8 1019.6 1021.8    2 1017.4 1808  1.9 12.9 14.0 -9.0 29.66  3.66 1200   -9.0   -9.0 -9.00   -9.0   -9   -9.0   -9   -9.0   -9   -9.0   -9   -9.0   -9 -99.0 -99.0 -99.0 -99.0 -99.0
20260517 170  1.4  1231  27  4.2 1623  32  7.2 1600  21.9  30.7 1315  13.5  457  12.2  26.1   8.7  57.8  30.0 1319  14.3   9.1   6.4 -9.00 1015.1 1019.2 1021.4    1 1017.0 1810  0.0 12.8 14.0 -9.0 30.13  3.71 1200   -9.0   -9.0 -9.00   -9.0   -9   -9.0   -9   -9.0   -9   -9.0   -9   -9.0   -9 -99.0 -99.0 -99.0 -99.0 -99.0
20260517 172  1.8  1541  29  6.2 1520  27  8.3 1520  20.2  28.9 1428  12.4  521  12.5  22.9   8.5  66.4  28.0 1319  14.6   9.0   6.3 -9.00 1012.9 1019.0 1021.4    1 1016.6 1812  0.6 13.0 14.1 -9.0 30.22  3.74 1200   -9.0   -9.0 -9.00   -9.0   -9   -9.0   -9   -9.0   -9   -9.0   -9   -9.0   -9 -99.0 -99.0 -99.0 -99.0 -99.0
20260517 174  1.1   979  25  3.5 1146  18  5.8 1545  20.5  30.9 1435  11.4  533  11.0  26.8   8.7  60.5  27.0 1239  13.1  -9.0  -9.0 -9.00  998.2 1017.4 1020.2    2 1014.5 1700  0.4 12.4 14.0 -9.0 -9.00 -9.00   -9   -9.0   -9.0 -9.00   -9.0   -9   -9.0   -9   -9.0   -9   -9.0   -9   -9.0   -9 -99.0 -99.0 -99.0 -99.0 -99.0
20260517 177  1.5  1268   5  3.8 1749   2  5.7 1414  21.1  28.6 1637  13.3  520  13.4  25.2  10.2  65.0  37.0 1137  15.4   7.9   5.5 -9.00 1014.9 1018.2 1020.4   57 1015.4 1741  1.5 12.6 14.2 -9.0 28.02  3.35 1200   -9.0   -9.0 -9.00   -9.0   -9   -9.0   -9   -9.0   -9   -9.0   -9   -9.0   -9 -99.0 -99.0 -99.0 -99.0 -99.0
20260517 181  1.2  1072  32  4.2 1336  29  9.4 1329  21.0  29.4 1437  11.8  506  11.1  24.7   6.5  57.1  31.0 1413  13.2   8.6   6.0 -9.00 1015.4 1019.3 1021.7  713 1016.3 1818  1.8 12.6 14.2 -9.0 28.92  3.62 1200   -9.0   -9.0 -9.00   -9.0   -9   -9.0   -9   -9.0   -9   -9.0   -9   -9.0   -9 -99.0 -99.0 -99.0 -99.0 -99.0
20260517 184  1.8  1582  34  3.8 1424  32  5.3 1416  21.7  26.3 1617  17.6  541  11.2  29.1  15.4  52.1  36.0 1437  13.4   8.1   5.6 -9.00 1016.7 1019.1 1021.5    1 1017.2 1840  0.3 13.0 14.0 -9.0 29.33  3.63 1200   -9.0   -9.0 -9.00   -9.0   -9   -9.0   -9   -9.0   -9   -9.0   -9   -9.0   -9  21.4  19.3  18.4  16.8  16.4
20260517 185  3.3  2846  34  5.4 1430  34  6.2 1322  19.8  23.1 1400  17.5  248  13.5  26.1  14.3  67.9  38.0 1905  15.6   8.5   5.9 -9.00 1011.0 1019.4 1021.7    1 1017.3 1836  0.8 12.9 13.9 -9.0 29.84  3.70 1200   -9.0   -9.0 -9.00   -9.0   -9   -9.0   -9   -9.0   -9   -9.0   -9   -9.0   -9 -99.0 -99.0 -99.0 -99.0 -99.0
20260517 188  1.7  1493  18  3.5 1526  20  4.8 1522  20.4  25.3 1551  13.8  204  13.4  23.7  10.4  65.3  50.0 1338  15.6  -9.0  -9.0 -9.00 1017.4 1019.8 1022.0    1 1018.1 1724  0.0 13.0 13.9 -9.0 -9.00 -9.00   -9   -9.0   -9.0 -9.00   -9.0   -9   -9.0   -9   -9.0   -9   -9.0   -9   -9.0   -9 -99.0 -99.0 -99.0 -99.0 -99.0
20260517 189  1.2  1032  20  3.2 1306  23  5.6 1246  21.2  26.9 1532  16.2  452  12.6  26.0  13.0  59.0  43.0 1545  14.7   8.1   5.7 -9.00 1013.8 1019.8 1021.9    1 1018.0 1712  0.0 12.5 13.9 -9.0 29.63  3.64 1200   -9.0   -9.0 -9.00   -9.0   -9   -9.0   -9   -9.0   -9   -9.0   -9   -9.0   -9 -99.0 -99.0 -99.0 -99.0 -99.0
20260517 192  0.7   624  23  2.7 1604  25  6.1 1527  21.2  31.6 1509  11.6  513  12.0  26.9  10.0  62.6  26.0 1335  14.1   8.4   5.9 -9.00 1015.1 1018.5 1020.6    1 1016.2 1652  0.0 12.1 14.1 -9.0 29.15  3.66 1200   -9.0   -9.0 -9.00   -9.0   -9   -9.0   -9   -9.0   -9   -9.0   -9   -9.0   -9 -99.0 -99.0 -99.0 -99.0 -99.0
20260517 201  1.6  1382  25  3.6 1239  25  6.3 1239  18.7  25.3 1250  12.2  322  11.3  24.8   6.2  65.3  36.0 1404  13.5  -9.0  -9.0 -9.00 1014.5 1020.2 1022.1  907 1018.0 1803  2.6 12.4 14.3 -9.0 -9.00 -9.00   -9   -9.0   -9.0 -9.00   -9.0   -9   -9.0   -9   -9.0   -9   -9.0   -9   -9.0   -9 -99.0 -99.0 -99.0 -99.0 -99.0
20260517 202  1.2  1039  34  2.9 1402  27  6.2 1505  21.8  29.9 1448  13.5  507  10.6  31.4   8.3  54.1  25.0 1605  12.8  -9.0  -9.0 -9.00 1013.6 1019.1 1021.6  724 1016.1 1832  1.9 12.4 14.2 -9.0 -9.00 -9.00   -9   -9.0   -9.0 -9.00   -9.0   -9   -9.0   -9   -9.0   -9   -9.0   -9   -9.0   -9 -99.0 -99.0 -99.0 -99.0 -99.0
20260517 203  0.8   694  18  2.2 1300  23  6.3 1428  21.8  30.6 1459  12.4  506  11.1  29.7   9.3  55.3  27.0 1614  13.2  -9.0  -9.0 -9.00 1010.2 1019.5 1022.0  713 1016.5 1810  2.9 10.5 14.2 -9.0 -9.00 -9.00   -9   -9.0   -9.0 -9.00   -9.0   -9   -9.0   -9   -9.0   -9   -9.0   -9   -9.0   -9 -99.0 -99.0 -99.0 -99.0 -99.0
20260517 211  0.9   753  20  2.8 1042  23  6.3 1548  20.4  29.7 1510  12.0  524  10.3  27.3   6.1  58.8  24.0 1437  12.6  -9.0  -9.0 -9.00  995.0 1018.4 1021.9  706 1014.5 1743  3.0 10.7 14.3 -9.0 -9.00 -9.00   -9   -9.0   -9.0 -9.00   -9.0   -9   -9.0   -9   -9.0   -9   -9.0   -9   -9.0   -9 -99.0 -99.0 -99.0 -99.0 -99.0
20260517 212  1.0   826  32  3.1 1409  23  5.8 1740  21.2  30.4 1542  12.2  523   9.8  27.1   8.3  54.0  23.0 1617  12.1  -9.0  -9.0 -9.00 1002.9 1019.2 1022.3  631 1015.8 1820  2.4 12.6 14.3 -9.0 -9.00 -9.00   -9   -9.0   -9.0 -9.00   -9.0   -9   -9.0   -9   -9.0   -9   -9.0   -9   -9.0   -9 -99.0 -99.0 -99.0 -99.0 -99.0
20260517 216  1.0   902  18  2.9 1241  25  7.1 1655  20.1  30.9 1444   9.2  525   5.7  23.9   6.1  47.0  14.0 1154   9.4   9.1   6.4 -9.00  937.6 1017.8 1022.7  519 1013.3 1444  2.0 12.0 14.2 -9.0 28.16  3.55 1200   -9.0   -9.0 -9.00   -9.0   -9   -9.0   -9   -9.0   -9   -9.0   -9   -9.0   -9 -99.0 -99.0 -99.0 -99.0 -99.0
20260517 217  1.2  1004  18  4.2 1608  18  9.5 1553  20.1  31.0 1420   9.2  536   9.3  27.3   7.2  55.5  24.0 1621  11.7  -9.0  -9.0 -9.00  982.9 1019.0 1023.2  642 1014.5 1657  3.1 10.8 14.2 -9.0 -9.00 -9.00   -9   -9.0   -9.0 -9.00   -9.0   -9   -9.0   -9   -9.0   -9   -9.0   -9   -9.0   -9 -99.0 -99.0 -99.0 -99.0 -99.0
20260517 221  1.4  1181  23  4.9 1527  27  7.1 1454  19.7  28.6 1504  10.4  503  10.6  27.1   6.3  61.9  27.0 1630  12.8  -9.0  -9.0 -9.00  988.2 1018.9 1021.8  629 1015.7 1744  1.9 13.1 14.2 -9.0 -9.00 -9.00   -9   -9.0   -9.0 -9.00   -9.0   -9   -9.0   -9   -9.0   -9   -9.0   -9   -9.0   -9 -99.0 -99.0 -99.0 -99.0 -99.0
20260517 226  0.9   756  29  2.8 1529  27  5.6 1354  20.9  30.2 1418  11.7  604  11.6  27.3   4.8  61.0  29.0 1515  13.7  -9.0  -9.0 -9.00  999.2 1019.1 1021.8  650 1016.0 1806  0.8 12.5 14.2 -9.0 -9.00 -9.00   -9   -9.0   -9.0 -9.00   -9.0   -9   -9.0   -9   -9.0   -9   -9.0   -9   -9.0   -9 -99.0 -99.0 -99.0 -99.0 -99.0
20260517 232  0.8   660  25  2.4 1202  34  5.2 1145  20.4  28.7 1349  11.3  505  11.1  26.7   8.1  60.8  28.0 1648  13.2  -9.0  -9.0 -9.00 1009.9 1019.8 1022.2  718 1016.9 1816  2.4 12.7 14.2 -9.0 -9.00 -9.00   -9   -9.0   -9.0 -9.00   -9.0   -9   -9.0   -9   -9.0   -9   -9.0   -9   -9.0   -9 -99.0 -99.0 -99.0 -99.0 -99.0
20260517 235  1.0   842  36  3.0 1103   2  4.3 1100  20.6  29.2 1405  13.8  606  12.2  24.0  10.4  62.0  33.0 1704  14.2   7.7   5.4 -9.00 1017.7 1018.9 1020.9    1 1016.5 1825  1.4 11.7 14.2 -9.0 27.86  3.44 1100   -9.0   -9.0 -9.00   -9.0   -9   -9.0   -9   -9.0   -9   -9.0   -9   -9.0   -9 -99.0 -99.0 -99.0 -99.0 -99.0
20260517 236  0.7   608  20  3.2 1730  23  5.3 1729  21.1  30.1 1531  13.0  518  13.5  27.3   9.1  67.5  30.0 1538  15.6  -9.0  -9.0 -9.00 1017.9 1019.5 1021.8   17 1016.6 1830  2.4 12.7 14.1 -9.0 -9.00 -9.00   -9   -9.0   -9.0 -9.00   -9.0   -9   -9.0   -9   -9.0   -9   -9.0   -9   -9.0   -9 -99.0 -99.0 -99.0 -99.0 -99.0
20260517 238  0.9   749  36  2.7 1557  36  5.4 1448  21.5  30.5 1451  12.6  518  13.0  28.1   7.2  63.4  32.0 1400  15.0  -9.0  -9.0 -9.00  998.8 1018.6 1021.2    3 1015.4 1655  0.5 11.8 14.1 -9.0 -9.00 -9.00   -9   -9.0   -9.0 -9.00   -9.0   -9   -9.0   -9   -9.0   -9   -9.0   -9   -9.0   -9 -99.0 -99.0 -99.0 -99.0 -99.0
20260517 239  1.1   983  32  3.1 1646  34  4.9 1643  21.5  30.1 1634  13.4  518  11.6  25.3  11.0  56.9  30.0 1627  13.7   8.0   5.6 -9.00 1008.2 1018.6 1021.2   48 1015.4 1821  2.1 12.1 14.2 -9.0 28.11  3.46 1200   -9.0   -9.0 -9.00   -9.0   -9   -9.0   -9   -9.0   -9   -9.0   -9   -9.0   -9 -99.0 -99.0 -99.0 -99.0 -99.0
20260517 243  1.1   969  29  4.7 1406  29  7.3 1406  20.5  29.1 1354  13.7  537  12.3  24.8   9.6  62.5  34.0 1302  14.3  -9.0  -9.0 -9.00 1018.2 1019.7 1021.7    1 1017.4 1811  0.6 12.6 14.1 -9.0 -9.00 -9.00   -9   -9.0   -9.0 -9.00   -9.0   -9   -9.0   -9   -9.0   -9   -9.0   -9   -9.0   -9 -99.0 -99.0 -99.0 -99.0 -99.0
20260517 244  1.0   864  32  2.8 1420  34  5.1 1417  20.7  30.2 1540  11.3  523  12.7  22.5   8.4  65.3  32.0 1506  14.7  -9.0  -9.0 -9.00  990.3 1018.8 1021.9    2 1015.3 1727  0.0 12.8 14.1 -9.0 -9.00 -9.00   -9   -9.0   -9.0 -9.00   -9.0   -9   -9.0   -9   -9.0   -9   -9.0   -9   -9.0   -9 -99.0 -99.0 -99.0 -99.0 -99.0
20260517 245  1.6  1402  34  4.3 1557  36  6.4 1203  21.2  30.0 1510  13.5  514  11.4  26.2  10.1  56.9  31.0 1326  13.5   8.7   6.1 -9.00 1011.3 1019.3 1021.7    5 1016.8 1711  0.4 12.8 14.1 -9.0 28.61  3.62 1200   -9.0   -9.0 -9.00   -9.0   -9   -9.0   -9   -9.0   -9   -9.0   -9   -9.0   -9 -99.0 -99.0 -99.0 -99.0 -99.0
20260517 247  1.5  1263  27  3.3 1342  27  5.9 1351  22.4  31.8 1455  12.9  529  13.2  28.2  10.8  61.1  27.0 1424  15.2  -9.0  -9.0 -9.00 1003.1 1018.5 1021.5    1 1015.0 1703  0.0 13.1 14.1 -9.0 -9.00 -9.00   -9   -9.0   -9.0 -9.00   -9.0   -9   -9.0   -9   -9.0   -9   -9.0   -9   -9.0   -9 -99.0 -99.0 -99.0 -99.0 -99.0
20260517 248  1.0   848  36  3.6  924  36  5.1  916  20.2  29.8 1426  10.9  556  12.7  25.0   7.1  68.0  30.0 1332  14.7  -9.0  -9.0 -9.00  972.5 1019.1 1022.5    1 1015.1 1705  0.0 12.4 14.1 -9.0 -9.00 -9.00   -9   -9.0   -9.0 -9.00   -9.0   -9   -9.0   -9   -9.0   -9   -9.0   -9   -9.0   -9 -99.0 -99.0 -99.0 -99.0 -99.0
20260517 251  1.3  1145  32  4.1 1132  29  7.0 1528  20.4  29.5 1455  12.6  543  12.2  23.2  10.0  62.9  36.0 1455  14.2   8.2   5.8 -9.00 1011.9 1018.8 1021.3    1 1016.3 1752  1.1 11.6 14.1 -9.0 29.02  3.55 1200   -9.0   -9.0 -9.00   -9.0   -9   -9.0   -9   -9.0   -9   -9.0   -9   -9.0   -9 -99.0 -99.0 -99.0 -99.0 -99.0
20260517 252  1.0   855  34  3.3 1611  36  5.5 1532  19.9  28.5 1425  12.6  547  12.9  27.2   9.0  67.1  34.0 1712  14.9   8.0   5.6 -9.00 1015.0 1019.4 1021.6    1 1017.1 1750  0.1 11.9 14.1 -9.0 29.48  3.63 1200   -9.0   -9.0 -9.00   -9.0   -9   -9.0   -9   -9.0   -9   -9.0   -9   -9.0   -9 -99.0 -99.0 -99.0 -99.0 -99.0
20260517 253  1.5  1305  16  4.2 1601  16  7.4 1421  23.8  33.6 1223  16.2  550  13.1  28.4  12.7  53.4  25.0 1225  15.1   9.0   6.3 -9.00 1012.5 1018.8 1020.8    1 1017.0 1754  0.0 11.9 14.1 -9.0 28.16  3.60 1200   -9.0   -9.0 -9.00   -9.0   -9   -9.0   -9   -9.0   -9   -9.0   -9   -9.0   -9 -99.0 -99.0 -99.0 -99.0 -99.0
20260517 254  1.4  1191  32  3.5 1717  32  5.2 1716  21.8  32.1 1625  12.4  544  12.1  28.2  10.2  59.6  22.0 1546  14.2   9.0   6.3 -9.00 1004.2 1019.2 1022.2    1 1015.7 1716  0.6 12.9 14.1 -9.0 29.67  3.66 1200   -9.0   -9.0 -9.00   -9.0   -9   -9.0   -9   -9.0   -9   -9.0   -9   -9.0   -9 -99.0 -99.0 -99.0 -99.0 -99.0
20260517 255  0.9   752  16  2.6 1612  23  5.1 1510  25.0  33.8 1336  16.8  538  11.0  28.1  11.9  44.1  23.0 1306  13.2   8.4   5.9 -9.00 1011.8 1017.7 1020.0    1 1015.5 1551  0.0 13.1 14.1 -9.0 26.74  3.36 1200   -9.0   -9.0 -9.00   -9.0   -9   -9.0   -9   -9.0   -9   -9.0   -9   -9.0   -9 -99.0 -99.0 -99.0 -99.0 -99.0
20260517 257  1.5  1332  20  4.6 1423  23  7.8 1504  23.3  34.5 1239  14.1  513  12.0  27.8  10.6  54.1  22.0 1143  14.1   9.3   6.5 -9.00 1017.2 1017.9 1020.1    1 1015.9 1706  0.0 10.7 14.1 -9.0 27.62  3.50 1200   -9.0   -9.0 -9.00   -9.0   -9   -9.0   -9   -9.0   -9   -9.0   -9   -9.0   -9 -99.0 -99.0 -99.0 -99.0 -99.0
20260517 258  2.1  1801  20  4.4 1618  27  6.4   26  21.9  30.5 1507  13.4  454  14.3  24.4  10.4  66.0  25.0 1431  16.4   8.7   6.1 -9.00 1018.9 1019.1 1021.3    1 1016.9 1719  0.0 13.0 14.0 -9.0 30.23  3.76 1200   -9.0   -9.0 -9.00   -9.0   -9   -9.0   -9   -9.0   -9   -9.0   -9   -9.0   -9 -99.0 -99.0 -99.0 -99.0 -99.0
20260517 259  1.1   931  27  3.3 1617   2  7.4 1058  21.7  31.9 1501  12.8  514  13.0  26.8  10.7  62.3  32.0 1324  15.0   8.6   6.0 -9.00 1017.0 1018.9 1021.3    1 1016.4 1701  0.5 11.9 14.0 -9.0 29.25  3.58 1200   -9.0   -9.0 -9.00   -9.0   -9   -9.0   -9   -9.0   -9   -9.0   -9   -9.0   -9 -99.0 -99.0 -99.0 -99.0 -99.0
20260517 260  1.4  1188  16  5.1 1540  14  6.8 1525  21.5  31.7 1508  12.0  542  14.0  31.4   8.4  67.1  30.0 1323  16.1  -9.0  -9.0 -9.00 1013.7 1018.8 1021.6    1 1016.2 1706  0.6 12.7 14.0 -9.0 -9.00 -9.00   -9   -9.0   -9.0 -9.00   -9.0   -9   -9.0   -9   -9.0   -9   -9.0   -9   -9.0   -9 -99.0 -99.0 -99.0 -99.0 -99.0
20260517 261  1.7  1475  23  6.0 1610  23  8.1 1539  20.3  29.9 1415  10.5  541  12.6  30.0   7.3  66.5  31.0 1640  14.7  -9.0  -9.0 -9.00 1017.6 1019.6 1022.0    1 1017.2 1823  0.0 12.8 14.0 -9.0 -9.00 -9.00   -9   -9.0   -9.0 -9.00   -9.0   -9   -9.0   -9   -9.0   -9   -9.0   -9   -9.0   -9 -99.0 -99.0 -99.0 -99.0 -99.0
20260517 262  1.2  1013  23  3.8 1629  18  5.9 1507  21.1  31.8 1417  12.1  530  13.7  28.2  13.2  67.0  12.0 1400  15.7   7.7   5.4 -9.00 1012.6 1018.7 1021.1    1 1016.6 1754  0.4 12.3 14.0 -9.0 27.12  3.18 1200   -9.0   -9.0 -9.00   -9.0   -9   -9.0   -9   -9.0   -9   -9.0   -9   -9.0   -9 -99.0 -99.0 -99.0 -99.0 -99.0
20260517 263  1.2  1054  20  4.0 1754  18  7.6 1711  22.2  33.5 1538  11.8  533   9.5  26.5   8.4  51.1  17.0 1547  11.9   9.5   6.6 -9.00 1016.5 1018.2 1020.3    1 1015.4 1630  0.0 11.3 14.1 -9.0 29.03  3.63 1200   -9.0   -9.0 -9.00   -9.0   -9   -9.0   -9   -9.0   -9   -9.0   -9   -9.0   -9 -99.0 -99.0 -99.0 -99.0 -99.0
20260517 264  0.8   710  25  2.4 1746  14  4.8 1321  22.8  33.9 1602  12.6  533  11.9  28.4  10.4  56.8  21.0 1444  13.9   8.9   6.2 -9.00 1000.8 1018.3 1021.3  639 1014.5 1639  0.0 12.4 14.1 -9.0 29.41  3.61 1200   -9.0   -9.0 -9.00   -9.0   -9   -9.0   -9   -9.0   -9   -9.0   -9   -9.0   -9 -99.0 -99.0 -99.0 -99.0 -99.0
20260517 266  1.0   881  20  3.1 1640  25  5.1 1725  23.4  31.6 1355  16.6  508  13.4  25.7  12.6  57.0  22.0 1310  15.5   8.7   6.1 -9.00 1008.7 1018.9 1021.0    3 1016.9 1643  0.0 12.2 14.0 -9.0 29.24  3.67 1200   -9.0   -9.0 -9.00   -9.0   -9   -9.0   -9   -9.0   -9   -9.0   -9   -9.0   -9 -99.0 -99.0 -99.0 -99.0 -99.0
20260517 268  1.4  1216  32  4.9 1355  32  7.0 1351  19.1  27.6 1700  10.5  512  11.2  24.9  10.7  65.9  31.0 1426  13.3  -9.0  -9.0 -9.00 1017.3 1018.4 1020.7    1 1016.0 1820  1.3 12.8 14.0 -9.0 -9.00 -9.00   -9   -9.0   -9.0 -9.00   -9.0   -9   -9.0   -9   -9.0   -9   -9.0   -9   -9.0   -9 -99.0 -99.0 -99.0 -99.0 -99.0
20260517 271  1.2  1076  16  4.4 1236  16  7.5 1227  20.0  31.1 1422   8.6  540   9.9  25.9   4.7  59.3  22.0 1523  12.2  -9.0  -9.0 -9.00  981.2 1018.6 1022.2  544 1014.9 1647  1.1 12.2 14.2 -9.0 -9.00 -9.00   -9   -9.0   -9.0 -9.00   -9.0   -9   -9.0   -9   -9.0   -9   -9.0   -9   -9.0   -9 -99.0 -99.0 -99.0 -99.0 -99.0
20260517 272  2.4  2116  29  6.2 1236  32  9.1 1219  22.6  31.1 1520  11.6  535  10.4  29.6   7.9  50.9  19.0 1413  12.6  -9.0  -9.0 -9.00  993.6 1017.9 1020.6  530 1015.2 1656  2.0 12.8 14.2 -9.0 -9.00 -9.00   -9   -9.0   -9.0 -9.00   -9.0   -9   -9.0   -9   -9.0   -9   -9.0   -9   -9.0   -9 -99.0 -99.0 -99.0 -99.0 -99.0
20260517 273  1.7  1494  32  3.5 1018  32  7.1 1245  24.1  31.8 1443  14.1  551  10.6  29.7   7.8  44.5  26.0 1401  12.8  -9.0  -9.0 -9.00  997.5 1017.4 1019.8  656 1014.7 1647  1.3 12.2 14.2 -9.0 -9.00 -9.00   -9   -9.0   -9.0 -9.00   -9.0   -9   -9.0   -9   -9.0   -9   -9.0   -9   -9.0   -9 -99.0 -99.0 -99.0 -99.0 -99.0
20260517 276  1.2  1038  34  3.6 1143   2  6.9 1531  21.5  33.1 1522  10.4  525   9.8  28.0   5.1  56.6  18.0 1422  12.2   9.5   6.7 -9.00  993.6 1017.7 1020.8  556 1014.0 1652  0.8 12.7 14.2 -9.0 29.38  3.57 1200   -9.0   -9.0 -9.00   -9.0   -9   -9.0   -9   -9.0   -9   -9.0   -9   -9.0   -9 -99.0 -99.0 -99.0 -99.0 -99.0
20260517 277  2.0  1727  11  4.2 1212  11  6.7 1148  23.6  31.1 1103  17.3 2350  11.0  29.3  13.9  47.1  28.0 1051  13.2  -9.0  -9.0 -9.00 1012.7 1017.4 1019.1  916 1015.7 1756  1.5 12.4 14.2 -9.0 -9.00 -9.00   -9   -9.0   -9.0 -9.00   -9.0   -9   -9.0   -9   -9.0   -9   -9.0   -9   -9.0   -9 -99.0 -99.0 -99.0 -99.0 -99.0
20260517 278  0.9   750  25  3.0 1420  27  6.3 1209  21.8  32.6 1516  11.1  530  11.8  28.6   5.9  60.0  21.0 1530  13.9  -9.0  -9.0 -9.00 1007.8 1017.2 1019.8  659 1014.0 1755  0.0 12.9 14.2 -9.0 -9.00 -9.00   -9   -9.0   -9.0 -9.00   -9.0   -9   -9.0   -9   -9.0   -9   -9.0   -9   -9.0   -9 -99.0 -99.0 -99.0 -99.0 -99.0
20260517 279  1.2  1020  36  2.7 1422  34  4.8 1319  25.3  33.9 1617  15.7  541  10.8  34.7   9.8  44.1  21.0 1544  13.0   9.2   6.4 -9.00 1012.1 1017.8 1020.1  716 1014.7 1712  0.8 12.4 14.1 -9.0 28.26  3.49 1200   -9.0   -9.0 -9.00   -9.0   -9   -9.0   -9   -9.0   -9   -9.0   -9   -9.0   -9 -99.0 -99.0 -99.0 -99.0 -99.0
20260517 281  1.0   867  27  3.0 1204  29  5.5 1159  23.1  32.7 1414  12.1  512  11.0  27.8   8.0  54.4  20.0 1755  13.3  -9.0  -9.0 -9.00 1007.1 1018.3 1020.8  717 1015.2 1723  0.3 12.7 14.1 -9.0 -9.00 -9.00   -9   -9.0   -9.0 -9.00   -9.0   -9   -9.0   -9   -9.0   -9   -9.0   -9   -9.0   -9 -99.0 -99.0 -99.0 -99.0 -99.0
20260517 283  2.3  1994  18  5.1 1632   9  7.4 1506  23.9  34.8 1443  12.8  527  11.0  28.4   8.3  49.9  23.0 1414  13.2  10.5   7.3 -9.00 1013.2 1017.9 1020.1    1 1015.4 1634  0.0 12.9 14.1 -9.0 29.25  3.61 1200   -9.0   -9.0 -9.00   -9.0   -9   -9.0   -9   -9.0   -9   -9.0   -9   -9.0   -9 -99.0 -99.0 -99.0 -99.0 -99.0
20260517 284  1.4  1184  14  3.7 1704  14  5.3 1706  22.4  33.0 1537  11.9  530  12.6  28.4   7.9  59.6  30.0 1318  14.7   9.0   6.3 -9.00  990.9 1017.1 1020.3  552 1013.2 1707  0.0 13.1 14.1 -9.0 28.78  3.57 1200   -9.0   -9.0 -9.00   -9.0   -9   -9.0   -9   -9.0   -9   -9.0   -9   -9.0   -9 -99.0 -99.0 -99.0 -99.0 -99.0
20260517 285  0.9   743  20  2.5 1818  20  5.3 1909  23.7  33.8 1547  13.2  520  11.5  30.6  11.4  52.5  21.0 1405  13.6  -9.0  -9.0 -9.00 1015.1 1018.2 1020.5  643 1015.1 1702  0.3  8.0 14.1 -9.0 -9.00 -9.00   -9   -9.0   -9.0 -9.00   -9.0   -9   -9.0   -9   -9.0   -9   -9.0   -9   -9.0   -9 -99.0 -99.0 -99.0 -99.0 -99.0
20260517 288  1.4  1183  16  4.7 1657  16  8.6 1652  24.2  35.1 1524  14.0  537  12.8  28.6  11.7  54.0  23.0 1411  14.8   9.5   6.6 -9.00 1015.6 1016.5 1019.0    1 1013.7 1644  0.8 12.0 14.1 -9.0 28.79  3.58 1200   -9.0   -9.0 -9.00   -9.0   -9   -9.0   -9   -9.0   -9   -9.0   -9   -9.0   -9 -99.0 -99.0 -99.0 -99.0 -99.0
20260517 289  1.0   888   7  3.7 1735   5  6.7 1735  22.7  33.0 1418  13.4  527  13.0  31.1  11.0  59.8  23.0 1321  15.0  -9.0  -9.0 -9.00 1003.1 1019.1 1021.7  649 1015.8 1637  0.5 11.8 14.1 -9.0 -9.00 -9.00   -9   -9.0   -9.0 -9.00   -9.0   -9   -9.0   -9   -9.0   -9   -9.0   -9   -9.0   -9 -99.0 -99.0 -99.0 -99.0 -99.0
20260517 294  1.2  1008  20  3.7 1653  25  7.3 1600  21.8  31.5 1317  13.9  510  10.8  31.6   9.7  51.6  25.0 1248  13.0  -9.0  -9.0 -9.00 1013.8 1019.0 1020.9    1 1017.2 1659  0.0 12.6 14.0 -9.0 -9.00 -9.00   -9   -9.0   -9.0 -9.00   -9.0   -9   -9.0   -9   -9.0   -9   -9.0   -9   -9.0   -9 -99.0 -99.0 -99.0 -99.0 -99.0
20260517 295  1.1   923  20  2.5 1629  16  4.5 1548  22.1  30.7 1455  15.2  459   9.8  26.3   9.7  51.3  21.0 1720  12.6  -9.0  -9.0 -9.00 1013.4 1018.7 1020.5    1 1016.7 1800  0.0 12.3 14.0 -9.0 -9.00 -9.00   -9   -9.0   -9.0 -9.00   -9.0   -9   -9.0   -9   -9.0   -9   -9.0   -9   -9.0   -9 -99.0 -99.0 -99.0 -99.0 -99.0
20260517 296  1.6  1385  18  5.4 1314  18  7.9 1426  22.0  31.6 1205  13.2  505  13.9  25.6   7.8  63.1  33.0 1142  15.9   8.8   6.2 -9.00 1017.1 1017.4 1019.6    1 1015.5 1803  0.0 11.8 14.1 -9.0 29.22  3.57 1200   -9.0   -9.0 -9.00   -9.0   -9   -9.0   -9   -9.0   -9   -9.0   -9   -9.0   -9 -99.0 -99.0 -99.0 -99.0 -99.0
20260518  90  1.8  1581  14  4.6 1505  16  7.0 1512  20.4  25.5 1414  14.8  209  13.2  26.6  11.6  64.8  46.0 1413  15.3   6.9   4.8 -9.00 1012.3 1014.4 1016.1   20 1012.6 1759  4.1 11.4 14.3 -9.0 27.85  3.55 1100   -9.0   -9.0 -9.00   -9.0   -9   -9.0   -9   -9.0   -9   -9.0   -9   -9.0   -9 -99.0 -99.0 -99.0 -99.0 -99.0
20260518  93  1.2  1001  20  5.2 1436  20  8.0 1429  21.4  30.8 1442  11.4  527  10.1  29.3   8.8  55.4  22.0 1359  12.5   8.5   6.0 -9.00 1005.0 1016.2 1018.8  125 1013.2 1716  4.8 11.8 14.3 -9.0 28.01  3.49 1200   -9.0   -9.0 -9.00   -9.0   -9   -9.0   -9   -9.0   -9   -9.0   -9   -9.0   -9  22.7  19.0  15.8  12.7  12.1
20260518  95  1.1   945  25  2.8 1359  27  6.5 1507  20.5  29.0 1425  11.1  547   9.4  25.6   5.9  55.3  25.0 1038  11.9   7.4   5.2 -9.00  998.5 1016.6 1019.4   30 1013.9 1652  5.3 11.5 14.3 -9.0 27.27  3.36 1100   -9.0   -9.0 -9.00   -9.0   -9   -9.0   -9   -9.0   -9   -9.0   -9   -9.0   -9 -99.0 -99.0 -99.0 -99.0 -99.0
20260518  98  1.1   912  25  3.9 1545  25  8.9 1554  21.1  30.1 1408  11.6  517   8.6  28.3   7.1  48.6  18.0 1601  11.2   7.5   5.3 -9.00 1002.6 1016.0 1018.7    7 1013.8 1637  5.3 10.8 14.3 -9.0 26.65  3.24 1200   -9.0   -9.0 -9.00   -9.0   -9   -9.0   -9   -9.0   -9   -9.0   -9   -9.0   -9 -99.0 -99.0 -99.0 -99.0 -99.0
20260518  99  1.0   906  27  3.8 1521  27  8.4 1508  19.6  29.2 1455   9.8  502  10.2  26.8   4.8  60.4  25.0 1451  12.5   7.0   4.9 -9.00 1013.3 1016.9 1019.3    2 1015.0 1651  5.3 10.1 14.3 -9.0 26.25  3.54 1200   -9.0   -9.0 -9.00   -9.0   -9   -9.0   -9   -9.0   -9   -9.0   -9   -9.0   -9 -99.0 -99.0 -99.0 -99.0 -99.0
20260518 100  2.8  2460  27  6.0 1106  25 10.7 1444  20.1  28.6 1441  11.1  545   7.6  25.1   5.8  49.4  19.0 1107  10.5  10.6   7.4 -9.00  928.7 1014.8 1018.5  154 1010.7 1519  3.6 12.6 14.3 -9.0 29.95  3.73 1200   -9.0   -9.0 -9.00   -9.0   -9   -9.0   -9   -9.0   -9   -9.0   -9   -9.0   -9 -99.0 -99.0 -99.0 -99.0 -99.0
20260518 101  1.5  1310  25  3.6 1616  23  6.3 1614  21.6  30.5 1546  12.1  516   9.9  28.0   5.9  53.3  23.0 1430  12.3   8.2   5.8 -9.00 1006.3 1015.1 1017.8  118 1012.0 1724  4.4 11.3 14.3 -9.0 26.98  3.36 1200   -9.0   -9.0 -9.00   -9.0   -9   -9.0   -9   -9.0   -9   -9.0   -9   -9.0   -9  20.4  16.2  14.4  13.7  15.3
20260518 102  3.5  3003  16  6.1 2233  16 13.1 1612  16.5  20.3 1137  13.5  141  11.1  22.0   9.3  71.3  49.0 1138  13.2   5.0   3.5 -9.00 1010.1 1014.3 1016.1    4 1012.7 2218  6.9  7.4 14.3 -9.0 21.60  3.06 1100   -9.0   -9.0 -9.00   -9.0   -9   -9.0   -9   -9.0   -9   -9.0   -9   -9.0   -9 -99.0 -99.0 -99.0 -99.0 -99.0
20260518 104  1.2  1017   5  3.1 1354   2  5.0 1353  22.4  28.0 1011  16.1  508  13.4  26.7   9.9  58.4  34.0  943  15.6   7.2   5.1 -9.00 1004.3 1013.0 1014.7  151 1011.1 1648  3.4 12.1 14.3 -9.0 28.32  3.58 1200   -9.0   -9.0 -9.00   -9.0   -9   -9.0   -9   -9.0   -9   -9.0   -9   -9.0   -9  21.2  17.1  14.6  12.1  13.0
20260518 105  1.8  1513  32  4.2 1313  34  6.3 1316  24.7  29.3  946  19.9  415  12.8  31.4  11.7  48.8  31.0  944  15.0   8.2   5.7 -9.00 1011.0 1014.1 1015.6  230 1012.2 1709  3.4 11.8 14.3 -9.0 26.79  3.39 1200   -9.0   -9.0 -9.00   -9.0   -9   -9.0   -9   -9.0   -9   -9.0   -9   -9.0   -9  22.3  19.2  14.4  12.5  13.5
20260518 106  1.6  1390  14  2.9 1239  16  6.2 1435  21.7  27.7 1341  16.9  450  12.4  30.1  10.5  57.1  35.0 1131  14.5   7.3   5.1 -9.00 1010.0 1014.7 1016.3  936 1012.8 1711  3.0 11.8 14.3 -9.0 28.43  3.57 1200   -9.0   -9.0 -9.00   -9.0   -9   -9.0   -9   -9.0   -9   -9.0   -9   -9.0   -9 -99.0 -99.0 -99.0 -99.0 -99.0
20260518 108  2.1  1826  20  4.3 1411  23  8.4 1445  23.0  30.1 1351  15.7  603   8.2  28.7  10.1  41.4  19.0 1409  10.9   9.0   6.3 -9.00 1006.1 1016.0 1018.5   30 1014.0 1651  5.3 11.9 14.3 -9.0 28.31  3.62 1200   -9.0   -9.0 -9.00   -9.0   -9   -9.0   -9   -9.0   -9   -9.0   -9   -9.0   -9  20.1  16.9  15.7  13.6  13.5
20260518 112  1.8  1566  23  4.4 1527  25  6.1 1233  21.8  27.2 1331  16.3  522  10.6  25.5   8.8  52.1  24.0 1523  13.0   8.0   5.6 -9.00 1008.1 1016.1 1018.3    1 1014.6 1718  4.8 11.0 14.3 -9.0 28.05  3.51 1200   -9.0   -9.0 -9.00   -9.0   -9   -9.0   -9   -9.0   -9   -9.0   -9   -9.0   -9  18.7  16.6  12.7  14.1  13.4
20260518 114  1.1   914  29  4.6 1443  29  8.8 1456  23.4  31.5 1447  14.2  503  10.8  29.3   7.4  49.9  23.0 1504  13.0   8.0   5.6 -9.00  998.4 1015.6 1018.4  118 1012.8 1628  3.8 12.1 14.3 -9.0 28.43  3.56 1200   -9.0   -9.0 -9.00   -9.0   -9   -9.0   -9   -9.0   -9   -9.0   -9   -9.0   -9 -99.0 -99.0 -99.0 -99.0 -99.0
20260518 115  5.2  4494  23  7.8 2234  23 13.9 2232  22.8  27.4 1259  18.6  538  12.3  24.6  16.2  53.8  25.0 1640  14.5  11.6   8.1 -9.00  990.2 1015.5 1017.0  247 1014.0 1648  1.8 12.5 14.3 -9.0 28.54  3.46 1200   -9.0   -9.0 -9.00   -9.0   -9   -9.0   -9   -9.0   -9   -9.0   -9   -9.0   -9  18.0  14.4  13.6  12.0  13.2
20260518 119  1.8  1533  23  4.4 1345  23  7.7 1454  21.7  29.5 1356  13.1  450   9.4  29.2   8.9  49.8  21.0 1329  11.8   8.1   5.6 -9.00 1011.2 1015.9 1018.4   22 1013.8 1711  4.9 11.5 14.3 -9.0 27.72  3.54 1200   -9.0   -9.0 -9.00   -9.0   -9   -9.0   -9   -9.0   -9   -9.0   -9   -9.0   -9  19.9  16.3  14.1  11.8  12.3
20260518 121  1.3  1162  27  4.9 1413  25  8.4 1428  21.9  32.9 1505  10.9  512   9.8  29.8   6.0  53.4  20.0 1313  12.2   8.9   6.2 -9.00  988.4 1016.0 1019.5  148 1012.4 1655  3.3 12.0 14.2 -9.0 28.94  3.57 1200   -9.0   -9.0 -9.00   -9.0   -9   -9.0   -9   -9.0   -9   -9.0   -9   -9.0   -9 -99.0 -99.0 -99.0 -99.0 -99.0
20260518 127  1.2  1063  25  4.3 1513  25  7.9 1532  22.6  32.0 1359  12.4  531   9.8  29.0   7.8  50.3  19.0 1819  12.2   8.5   6.0 -9.00 1001.9 1015.2 1017.8  138 1012.3 1721  3.1 11.9 14.2 -9.0 28.56  3.68 1200   -9.0   -9.0 -9.00   -9.0   -9   -9.0   -9   -9.0   -9   -9.0   -9   -9.0   -9 -99.0 -99.0 -99.0 -99.0 -99.0
20260518 129  1.7  1467  23  4.4 1220  23  8.0 1333  20.3  27.9 1325  12.1  519   9.8  26.8   6.8  56.1  23.0 1231  12.2   7.6   5.3 -9.00 1013.4 1016.4 1018.7    1 1014.6 1706  3.6 12.2 14.2 -9.0 27.60  3.54 1200   -9.0   -9.0 -9.00   -9.0   -9   -9.0   -9   -9.0   -9   -9.0   -9   -9.0   -9  19.0  16.0  16.1  13.0  14.6
20260518 130  2.1  1851  16  5.6 1753  20  8.3 1512  21.4  30.2  918  15.7  541  12.2  28.6  12.3  57.3  32.0  919  14.2  -9.0  -9.0 -9.00 1008.9 1014.6 1016.5    1 1012.4 1526  2.5 12.6 14.2 -9.0 -9.00 -9.00   -9   -9.0   -9.0 -9.00   -9.0   -9   -9.0   -9   -9.0   -9   -9.0   -9   -9.0   -9 -99.0 -99.0 -99.0 -99.0 -99.0
20260518 131  1.1   976  27  3.1 1439  27  6.0 1544  24.6  31.5 1606  17.0  602   9.8  27.8  11.1  42.1  19.0 1529  12.2   8.5   6.0 -9.00 1008.8 1015.6 1018.1   29 1013.0 1716  4.3 12.3 14.2 -9.0 29.73  3.73 1200   -9.0   -9.0 -9.00   -9.0   -9   -9.0   -9   -9.0   -9   -9.0   -9   -9.0   -9 -99.0 -99.0 -99.0 -99.0 -99.0
20260518 133  1.5  1319  18  4.0 1126  34  6.7 1607  23.2  31.0 1454  15.2  550  11.0  27.0  11.6  50.4  23.0 1457  13.2   8.2   5.7 -9.00 1008.4 1016.2 1018.7   12 1013.6 1815  4.0 12.7 14.2 -9.0 28.13  3.64 1200   -9.0   -9.0 -9.00   -9.0   -9   -9.0   -9   -9.0   -9   -9.0   -9   -9.0   -9  22.0  19.3  16.9  14.7  15.7
20260518 135  1.0   869  29  4.2 2244  25  6.7 1048  22.4  31.8 1533  12.0  546  11.5  28.7   8.6  53.4  24.0 1543  13.5   8.2   5.7 -9.00  987.4 1015.4 1018.3   58 1012.1 1618  2.4 12.5 14.2 -9.0 29.37  3.63 1200   -9.0   -9.0 -9.00   -9.0   -9   -9.0   -9   -9.0   -9   -9.0   -9   -9.0   -9 -99.0 -99.0 -99.0 -99.0 -99.0
20260518 136  1.0   858  32  2.8 1247  29  5.4 1541  24.1  33.0 1527  13.6  502  12.5  34.2  11.3  52.3  22.0 1533  14.5   8.2   5.7 -9.00 1000.0 1016.2 1018.5   16 1013.0 1839  2.5 11.6 14.2 -9.0 29.39  3.64 1200   -9.0   -9.0 -9.00   -9.0   -9   -9.0   -9   -9.0   -9   -9.0   -9   -9.0   -9 -99.0 -99.0 -99.0 -99.0 -99.0
20260518 137  1.0   863  20  3.1 1353  20  5.9 1350  24.6  33.9 1412  15.1  525  12.0  33.3  10.1  48.6  24.0 1333  14.0   8.5   6.0 -9.00 1003.5 1014.6 1016.9   47 1011.6 1700  2.4 12.1 14.2 -9.0 29.07  3.72 1200   -9.0   -9.0 -9.00   -9.0   -9   -9.0   -9   -9.0   -9   -9.0   -9   -9.0   -9 -99.0 -99.0 -99.0 -99.0 -99.0
20260518 138  2.4  2110  25  4.2 2152  25  7.8 2118  26.7  33.7 1729  18.6  535   7.2  30.8   9.4  32.5   8.0 1742  10.5  11.4   8.0 -9.00 1014.0 1014.5 1016.4    1 1011.4 1658  0.6 12.8 14.1 -9.0 29.50  3.64 1200   -9.0   -9.0 -9.00   -9.0   -9   -9.0   -9   -9.0   -9   -9.0   -9   -9.0   -9  19.8  16.9  15.9  14.8  15.6
20260518 140  1.9  1620  29  5.8 1424  32  7.9 1353  20.8  28.5 1244  13.9  455  11.1  26.5   8.2  57.8  18.0 1132  13.3  -9.0  -9.0 -9.00 1013.9 1017.2 1019.6    1 1015.4 1751  2.9 12.1 14.2 -9.0 -9.00 -9.00   -9   -9.0   -9.0 -9.00   -9.0   -9   -9.0   -9   -9.0   -9   -9.0   -9   -9.0   -9 -99.0 -99.0 -99.0 -99.0 -99.0
20260518 143  1.4  1237  27  2.9 1304  23  5.0 2003  25.3  34.7 1503  16.1  532   7.1  32.1  10.4  37.9   9.0 1455  10.5  10.0   7.0 -9.00 1008.8 1015.1 1017.1   12 1011.8 1612  1.1 12.4 14.1 -9.0 29.46  3.59 1200   -9.0   -9.0 -9.00   -9.0   -9   -9.0   -9   -9.0   -9   -9.0   -9   -9.0   -9 -99.0 -99.0 -99.0 -99.0 -99.0
20260518 146  2.0  1696  27  4.3 1720  32  7.3 1610  23.0  31.4 1448  16.0  437  12.3  27.1   8.8  53.5  31.0 1454  14.3   8.8   6.1 -9.00 1009.0 1016.0 1018.9    1 1013.9 1636  2.3 12.4 14.1 -9.0 28.80  3.61 1200   -9.0   -9.0 -9.00   -9.0   -9   -9.0   -9   -9.0   -9   -9.0   -9   -9.0   -9 -99.0 -99.0 -99.0 -99.0 -99.0
20260518 152  1.4  1234  20  4.5 1926  23  7.5 1919  22.8  29.0 1606  15.0  547   9.2  28.2   8.4  43.8  21.0 1047  11.7   8.9   6.2 -9.00 1005.8 1015.1 1017.1   15 1012.6 1640  0.6 12.7 14.1 -9.0 30.22  3.68 1200   -9.0   -9.0 -9.00   -9.0   -9   -9.0   -9   -9.0   -9   -9.0   -9   -9.0   -9 -99.0 -99.0 -99.0 -99.0 -99.0
20260518 155  1.8  1590  14  5.0 1115  20  7.6 1602  22.5  29.7 1324  15.3  541  11.1  28.8   8.9  51.3  31.0 1314  13.3   8.7   6.1 -9.00 1012.5 1016.6 1018.1    1 1014.6 1638  1.4 12.3 14.1 -9.0 29.82  3.70 1200   -9.0   -9.0 -9.00   -9.0   -9   -9.0   -9   -9.0   -9   -9.0   -9   -9.0   -9 -99.0 -99.0 -99.0 -99.0 -99.0
20260518 156  1.8  1558  18  4.7 1840  25  7.7 1614  23.9  32.7 1515  16.3  606  11.0  29.4   9.4  48.8  23.0 1426  13.3   9.3   6.5 -9.00 1007.0 1015.1 1017.8    1 1012.5 1756  1.5 12.5 14.1 -9.0 29.01  3.68 1200   -9.0   -9.0 -9.00   -9.0   -9   -9.0   -9   -9.0   -9   -9.0   -9   -9.0   -9 -99.0 -99.0 -99.0 -99.0 -99.0
20260518 159  2.7  2340  23  6.0 1420  23  8.8 1409  21.4  26.6 1247  16.5  558  12.6  28.0   7.0  59.6  32.0  233  14.8   8.6   6.0 -9.00 1008.0 1016.1 1017.5    1 1014.4 1731  0.9 12.0 14.1 -9.0 30.99  3.85 1200   -9.0   -9.0 -9.00   -9.0   -9   -9.0   -9   -9.0   -9   -9.0   -9   -9.0   -9  20.9  18.2  17.5  15.3  16.7
20260518 162  1.3  1125  25  4.1 1406  25  6.1 1322  19.9  27.4 1410  13.7  556  12.8  26.4   8.1  66.1  26.0 1404  14.8   7.3   5.1 -9.00 1012.6 1016.3 1017.8    1 1014.4 1650  1.1 12.0 14.1 -9.0 29.80  3.71 1200   -9.0   -9.0 -9.00   -9.0   -9   -9.0   -9   -9.0   -9   -9.0   -9   -9.0   -9 -99.0 -99.0 -99.0 -99.0 -99.0
20260518 165  2.7  2319  23  6.4 1433  25  9.3 1425  22.0  28.3 1357  15.7  545  12.5  24.6   8.8  59.0  25.0 1419  14.6   8.9   6.2 -9.00 1011.3 1016.5 1019.1    1 1014.3 1750  1.8 12.2 14.1 -9.0 29.81  3.73 1200   -9.0   -9.0 -9.00   -9.0   -9   -9.0   -9   -9.0   -9   -9.0   -9   -9.0   -9  20.4  18.4  16.1  14.9  14.4
20260518 168  2.3  2026  25  4.3 1310  25  6.0 1540  21.4  26.5 1553  16.5  540  12.3  27.3  12.0  58.8  33.0 1601  14.3   8.4   5.9 -9.00 1009.5 1017.2 1018.6    1 1015.4 1853  0.8 12.7 14.1 -9.0 30.14  3.76 1200   -9.0   -9.0 -9.00   -9.0   -9   -9.0   -9   -9.0   -9   -9.0   -9   -9.0   -9  21.3  17.9  16.2  15.2  16.6
20260518 169  5.0  4277  16  7.7 1139  18 10.0 1220  19.5  26.8 1339  14.5  323  14.0  24.8  12.4  72.4  50.0 1350  16.1   7.4   5.2 -9.00 1007.1 1015.9 1018.7    1 1014.1 1752  2.9 13.0 14.1 -9.0 29.65  3.68 1200   -9.0   -9.0 -9.00   -9.0   -9   -9.0   -9   -9.0   -9   -9.0   -9   -9.0   -9 -99.0 -99.0 -99.0 -99.0 -99.0
20260518 170  2.2  1859  14  6.2 1342  14  9.4 1350  21.1  29.7 1337  14.0  542  13.6  26.9   8.7  65.9  35.0 1406  15.7   8.0   5.6 -9.00 1012.9 1017.0 1018.9    1 1015.1 1808  1.4 12.7 14.0 -9.0 29.99  3.74 1200   -9.0   -9.0 -9.00   -9.0   -9   -9.0   -9   -9.0   -9   -9.0   -9   -9.0   -9 -99.0 -99.0 -99.0 -99.0 -99.0
20260518 172  1.9  1626  29  6.0 1526  29  8.6 1524  21.3  30.8 1456  12.2  522  12.2  24.3   7.0  63.0  20.0 1350  14.3   9.4   6.6 -9.00 1009.8 1015.9 1018.9    1 1013.7 1756  1.3 13.0 14.1 -9.0 30.52  3.85 1200   -9.0   -9.0 -9.00   -9.0   -9   -9.0   -9   -9.0   -9   -9.0   -9   -9.0   -9 -99.0 -99.0 -99.0 -99.0 -99.0
20260518 174  1.3  1131  18  5.3 1408  18  8.9 1359  19.0  29.1 1247  10.1  508   8.9  26.2   6.8  59.8  17.0 1313  11.5  -9.0  -9.0 -9.00  996.2 1015.5 1017.9    1 1013.1 1556  2.0 12.7 14.1 -9.0 -9.00 -9.00   -9   -9.0   -9.0 -9.00   -9.0   -9   -9.0   -9   -9.0   -9   -9.0   -9   -9.0   -9 -99.0 -99.0 -99.0 -99.0 -99.0
20260518 177  2.0  1691  20  4.8 1337  18  7.7 1327  21.5  29.2 1248  12.9  521  11.0  25.8   9.4  57.3  22.0 1321  13.3   8.6   6.0 -9.00 1011.7 1014.9 1017.6   30 1013.0 1711  4.0 12.6 14.2 -9.0 28.59  3.67 1200   -9.0   -9.0 -9.00   -9.0   -9   -9.0   -9   -9.0   -9   -9.0   -9   -9.0   -9 -99.0 -99.0 -99.0 -99.0 -99.0
20260518 181  1.3  1131  25  4.1 1417  25  6.9 1442  21.9  30.4 1442  12.1  534  11.1  25.8   6.4  54.9  20.0 1510  13.3   8.4   5.8 -9.00 1012.4 1016.3 1018.7   25 1013.7 1717  3.5 12.4 14.2 -9.0 29.27  3.64 1200   -9.0   -9.0 -9.00   -9.0   -9   -9.0   -9   -9.0   -9   -9.0   -9   -9.0   -9 -99.0 -99.0 -99.0 -99.0 -99.0
20260518 184  1.8  1559  32  4.0 1554  32  7.2 1529  21.9  27.7 1422  16.8  517  11.3  29.7  11.9  52.0  32.0 1409  13.5   8.2   5.8 -9.00 1013.5 1015.9 1018.3   28 1013.9 1839  1.4 12.6 14.0 -9.0 29.72  3.68 1200   -9.0   -9.0 -9.00   -9.0   -9   -9.0   -9   -9.0   -9   -9.0   -9   -9.0   -9  21.6  19.5  18.6  16.9  16.3
20260518 185  5.5  4770  14 10.1 1348  14 12.6 1400  21.3  25.0 1135  16.8  549  12.5  25.5  13.6  58.5  37.0  941  14.7   8.7   6.1 -9.00 1007.9 1016.2 1018.6    3 1014.2 1755  0.0 12.6 13.9 -9.0 30.28  3.76 1200   -9.0   -9.0 -9.00   -9.0   -9   -9.0   -9   -9.0   -9   -9.0   -9   -9.0   -9 -99.0 -99.0 -99.0 -99.0 -99.0
20260518 188  2.3  2025  18  4.8 1549  18  7.2 1426  20.6  25.3 1418  12.9  504  14.8  24.1  10.5  70.8  46.0 1759  17.1  -9.0  -9.0 -9.00 1014.9 1017.3 1019.0    1 1015.5 1801  1.3 12.7 14.0 -9.0 -9.00 -9.00   -9   -9.0   -9.0 -9.00   -9.0   -9   -9.0   -9   -9.0   -9   -9.0   -9   -9.0   -9 -99.0 -99.0 -99.0 -99.0 -99.0
20260518 189  1.4  1240   2  2.5  447  20  4.2 1655  22.6  27.2 1703  17.6  235  12.2  26.7  13.5  52.5  36.0  931  14.4   7.5   5.2 -9.00 1011.3 1017.3 1019.1    1 1015.4 1814  1.3 12.4 14.0 -9.0 30.16  3.71 1200   -9.0   -9.0 -9.00   -9.0   -9   -9.0   -9   -9.0   -9   -9.0   -9   -9.0   -9 -99.0 -99.0 -99.0 -99.0 -99.0
20260518 192  0.8   732  18  2.7 1535  18  6.4 1409  20.4  29.7 1443  10.8  529  12.5  26.6   8.0  65.5  34.0 1519  14.6   7.5   5.2 -9.00 1013.3 1016.7 1018.4    1 1014.5 1619  0.8 12.0 14.1 -9.0 29.32  3.67 1200   -9.0   -9.0 -9.00   -9.0   -9   -9.0   -9   -9.0   -9   -9.0   -9   -9.0   -9 -99.0 -99.0 -99.0 -99.0 -99.0
20260518 201  1.6  1421  25  3.8 1208  23  6.2 1206  20.1  26.7 1149  12.7  518  10.5  25.9   6.4  56.3  32.0 1520  12.7  -9.0  -9.0 -9.00 1011.4 1017.0 1019.3    1 1015.5 1705  5.1 10.6 14.3 -9.0 -9.00 -9.00   -9   -9.0   -9.0 -9.00   -9.0   -9   -9.0   -9   -9.0   -9   -9.0   -9   -9.0   -9 -99.0 -99.0 -99.0 -99.0 -99.0
20260518 202  1.2  1067  29  3.2 1434  32  5.7 1429  22.5  31.4 1439  13.6  550   9.8  31.2   8.3  50.3  20.0 1440  12.2  -9.0  -9.0 -9.00 1010.6 1016.1 1018.5   52 1013.6 1726  4.8 11.8 14.3 -9.0 -9.00 -9.00   -9   -9.0   -9.0 -9.00   -9.0   -9   -9.0   -9   -9.0   -9   -9.0   -9   -9.0   -9 -99.0 -99.0 -99.0 -99.0 -99.0
20260518 203  0.9   795  18  2.6 1144  16  6.6 1138  22.5  31.8 1421  12.8  502  11.3  30.5   9.1  54.3  26.0 1428  13.5  -9.0  -9.0 -9.00 1007.2 1016.5 1018.8   22 1013.9 1731  4.0 10.1 14.3 -9.0 -9.00 -9.00   -9   -9.0   -9.0 -9.00   -9.0   -9   -9.0   -9   -9.0   -9   -9.0   -9   -9.0   -9 -99.0 -99.0 -99.0 -99.0 -99.0
20260518 211  1.1   919  25  3.9 1107  25  7.3 1523  20.8  29.7 1601  11.1  527  10.2  27.5   5.0  56.6  25.0 1358  12.5  -9.0  -9.0 -9.00  992.1 1015.5 1018.6  106 1012.3 1738  4.8 10.5 14.3 -9.0 -9.00 -9.00   -9   -9.0   -9.0 -9.00   -9.0   -9   -9.0   -9   -9.0   -9   -9.0   -9   -9.0   -9 -99.0 -99.0 -99.0 -99.0 -99.0
20260518 212  1.1   970  27  4.1 1306  29  8.3 1338  21.7  30.7 1510  11.7  537   9.1  27.9   7.9  51.0  18.0 1330  11.6  -9.0  -9.0 -9.00 1000.2 1016.4 1019.3  133 1013.4 1733  4.5 11.4 14.3 -9.0 -9.00 -9.00   -9   -9.0   -9.0 -9.00   -9.0   -9   -9.0   -9   -9.0   -9   -9.0   -9   -9.0   -9 -99.0 -99.0 -99.0 -99.0 -99.0
20260518 216  1.4  1202  18  3.8 1415  18 10.1 1415  21.6  30.6 1240  12.2  533   8.0  25.6   8.2  47.4  14.0 1025  10.8   9.1   6.4 -9.00  935.3 1014.9 1018.8    2 1010.4 1532  2.9 11.7 14.2 -9.0 29.06  3.67 1200   -9.0   -9.0 -9.00   -9.0   -9   -9.0   -9   -9.0   -9   -9.0   -9   -9.0   -9 -99.0 -99.0 -99.0 -99.0 -99.0
20260518 217  1.2  1072  16  4.3 1142  16  9.5 1323  20.8  32.3 1511   9.8  554   6.9  28.5   7.6  49.0  12.0 1523  10.1  -9.0  -9.0 -9.00  980.3 1016.1 1019.7  155 1011.9 1707  3.0 10.4 14.3 -9.0 -9.00 -9.00   -9   -9.0   -9.0 -9.00   -9.0   -9   -9.0   -9   -9.0   -9   -9.0   -9   -9.0   -9 -99.0 -99.0 -99.0 -99.0 -99.0
20260518 221  1.4  1171  27  4.5 1401  23  7.7 1414  20.9  30.4 1633  10.6  519   9.5  28.4   6.5  56.1  18.0 1514  12.0  -9.0  -9.0 -9.00  985.5 1016.0 1019.1  202 1012.8 1641  2.5 11.9 14.2 -9.0 -9.00 -9.00   -9   -9.0   -9.0 -9.00   -9.0   -9   -9.0   -9   -9.0   -9   -9.0   -9   -9.0   -9 -99.0 -99.0 -99.0 -99.0 -99.0
20260518 226  0.8   734  23  3.9 1204  25  9.5 1159  21.4  31.1 1455  12.0  507  11.7  28.1   4.9  59.8  28.0 1540  13.7  -9.0  -9.0 -9.00  996.4 1016.2 1018.9   33 1013.5 1751  3.0 11.6 14.2 -9.0 -9.00 -9.00   -9   -9.0   -9.0 -9.00   -9.0   -9   -9.0   -9   -9.0   -9   -9.0   -9   -9.0   -9 -99.0 -99.0 -99.0 -99.0 -99.0
20260518 232  0.9   765  23  3.4 1349  27  6.3 1238  21.5  29.8 1431  11.2  551  10.6  28.1   7.7  55.1  26.0 1337  12.7  -9.0  -9.0 -9.00 1006.8 1016.6 1019.2   21 1014.2 1719  3.4 12.2 14.2 -9.0 -9.00 -9.00   -9   -9.0   -9.0 -9.00   -9.0   -9   -9.0   -9   -9.0   -9   -9.0   -9   -9.0   -9 -99.0 -99.0 -99.0 -99.0 -99.0
20260518 235  1.7  1451  23  4.8 1224  23  6.7 1217  20.7  27.5 1429  13.7  552  10.3  24.3  10.2  55.0  26.0 1314  12.5   8.1   5.7 -9.00 1014.7 1015.9 1018.1   45 1014.2 1701  3.8 11.7 14.2 -9.0 28.55  3.62 1100   -9.0   -9.0 -9.00   -9.0   -9   -9.0   -9   -9.0   -9   -9.0   -9   -9.0   -9 -99.0 -99.0 -99.0 -99.0 -99.0
20260518 236  1.0   844  20  3.4 1731  23  6.1 1832  20.6  29.4 1338  12.6  531  11.6  26.2   8.5  62.6  27.0 1328  13.8  -9.0  -9.0 -9.00 1015.0 1016.6 1019.0    1 1014.3 1802  3.3 12.5 14.2 -9.0 -9.00 -9.00   -9   -9.0   -9.0 -9.00   -9.0   -9   -9.0   -9   -9.0   -9   -9.0   -9   -9.0   -9 -99.0 -99.0 -99.0 -99.0 -99.0
20260518 238  1.0   841  32  2.7 1600  34  7.4 1509  22.0  31.6 1430  12.6  533  12.8  28.7   7.1  60.9  29.0 1522  14.8  -9.0  -9.0 -9.00  996.0 1015.7 1018.7   38 1012.9 1625  2.3 11.6 14.2 -9.0 -9.00 -9.00   -9   -9.0   -9.0 -9.00   -9.0   -9   -9.0   -9   -9.0   -9   -9.0   -9   -9.0   -9 -99.0 -99.0 -99.0 -99.0 -99.0
20260518 239  1.1   939  25  3.1 1146  25  7.9 1333  22.1  29.4 1707  13.9  520  11.7  25.9  10.5  56.0  27.0 1409  13.8   7.5   5.2 -9.00 1005.2 1015.6 1018.3   21 1012.8 1803  3.5 11.8 14.2 -9.0 27.87  3.57 1200   -9.0   -9.0 -9.00   -9.0   -9   -9.0   -9   -9.0   -9   -9.0   -9   -9.0   -9 -99.0 -99.0 -99.0 -99.0 -99.0
20260518 243  1.3  1098  32  4.1 1426  27  7.6 1326  20.9  28.9 1202  14.1  603  11.6  25.5   8.5  59.5  26.0 1204  13.7  -9.0  -9.0 -9.00 1015.1 1016.5 1019.2    1 1014.8 1751  1.5 12.3 14.1 -9.0 -9.00 -9.00   -9   -9.0   -9.0 -9.00   -9.0   -9   -9.0   -9   -9.0   -9   -9.0   -9   -9.0   -9 -99.0 -99.0 -99.0 -99.0 -99.0
20260518 244  1.0   890  29  3.4 1316  34  5.9 1450  20.6  30.7 1539  11.4  531  11.7  22.6   7.5  63.8  25.0 1313  13.9  -9.0  -9.0 -9.00  987.7 1016.2 1019.4    9 1013.0 1614  2.6 12.5 14.1 -9.0 -9.00 -9.00   -9   -9.0   -9.0 -9.00   -9.0   -9   -9.0   -9   -9.0   -9   -9.0   -9   -9.0   -9 -99.0 -99.0 -99.0 -99.0 -99.0
20260518 245  1.7  1443  23  4.3 1253  27  7.4 1430  21.9  31.2 1404  13.8  433  11.5  26.5   9.1  55.6  22.0 1342  13.6   8.7   6.1 -9.00 1008.3 1016.3 1019.2    1 1014.3 1740  2.0 12.9 14.1 -9.0 28.46  3.72 1200   -9.0   -9.0 -9.00   -9.0   -9   -9.0   -9   -9.0   -9   -9.0   -9   -9.0   -9 -99.0 -99.0 -99.0 -99.0 -99.0
20260518 247  2.1  1830  27  4.9 1614  29  9.0 1513  22.5  32.1 1508  13.7  532  12.4  28.2  11.4  57.8  26.0 1509  14.4  -9.0  -9.0 -9.00 1000.5 1015.9 1018.8   15 1013.3 1600  2.0 13.1 14.1 -9.0 -9.00 -9.00   -9   -9.0   -9.0 -9.00   -9.0   -9   -9.0   -9   -9.0   -9   -9.0   -9   -9.0   -9 -99.0 -99.0 -99.0 -99.0 -99.0
20260518 248  1.4  1208  25  4.0 1351  25  6.7 1343  20.3  29.7 1457  11.2  516   9.9  25.2   6.7  60.8  20.0 1146  12.4  -9.0  -9.0 -9.00  970.0 1016.5 1020.0   29 1013.0 1638  2.3 11.7 14.1 -9.0 -9.00 -9.00   -9   -9.0   -9.0 -9.00   -9.0   -9   -9.0   -9   -9.0   -9   -9.0   -9   -9.0   -9 -99.0 -99.0 -99.0 -99.0 -99.0
20260518 251  1.2  1022  27  5.0 1539  29  7.2 1533  21.2  30.6 1451  12.6  505  11.7  25.3   9.1  59.6  27.0 1459  13.8   8.3   5.8 -9.00 1008.9 1015.7 1018.5    1 1013.7 1742  1.3 12.6 14.1 -9.0 29.69  3.71 1200   -9.0   -9.0 -9.00   -9.0   -9   -9.0   -9   -9.0   -9   -9.0   -9   -9.0   -9 -99.0 -99.0 -99.0 -99.0 -99.0
20260518 252  1.3  1085  25  3.6 1529  27  6.8 1436  21.1  29.4 1330  12.7  513  12.1  25.0   7.9  61.1  27.0 1156  14.2   8.4   5.9 -9.00 1011.8 1016.2 1019.0    7 1014.1 1743  0.8 11.8 14.1 -9.0 30.29  3.75 1200   -9.0   -9.0 -9.00   -9.0   -9   -9.0   -9   -9.0   -9   -9.0   -9   -9.0   -9 -99.0 -99.0 -99.0 -99.0 -99.0
20260518 253  1.5  1255  16  4.2 1439  16  8.0 1526  23.3  32.8 1349  14.8  426  11.2  28.4  10.5  49.1  16.0 1257  13.4   8.9   6.2 -9.00 1010.8 1017.1 1018.8    6 1015.1 1632  0.6 11.8 14.1 -9.0 29.17  3.72 1200   -9.0   -9.0 -9.00   -9.0   -9   -9.0   -9   -9.0   -9   -9.0   -9   -9.0   -9 -99.0 -99.0 -99.0 -99.0 -99.0
20260518 254  1.5  1325  20  4.0 1714  29  7.5 1440  21.7  31.7 1524  13.3  539  10.9  28.2   9.4  56.0  21.0 1600  13.1   8.8   6.1 -9.00 1001.7 1016.7 1019.6    4 1013.9 1551  2.0 13.0 14.1 -9.0 29.91  3.75 1200   -9.0   -9.0 -9.00   -9.0   -9   -9.0   -9   -9.0   -9   -9.0   -9   -9.0   -9 -99.0 -99.0 -99.0 -99.0 -99.0
20260518 255  1.0   843  18  2.5 1559  18  6.1 1448  24.1  32.7 1418  16.0  531  10.1  28.0  10.3  44.6  14.0 1110  12.5   8.2   5.8 -9.00 1010.2 1016.0 1017.9    1 1013.7 1642  0.5 12.4 14.1 -9.0 27.59  3.48 1200   -9.0   -9.0 -9.00   -9.0   -9   -9.0   -9   -9.0   -9   -9.0   -9   -9.0   -9 -99.0 -99.0 -99.0 -99.0 -99.0
20260518 257  2.0  1685  23  5.3 1456  20  9.0 1556  22.5  32.2 1318  12.9  530  11.8  27.2   8.6  56.5  19.0 1029  13.9   9.7   6.8 -9.00 1015.5 1016.2 1018.1    8 1013.9 1650  0.5 10.7 14.1 -9.0 28.60  3.57 1200   -9.0   -9.0 -9.00   -9.0   -9   -9.0   -9   -9.0   -9   -9.0   -9   -9.0   -9 -99.0 -99.0 -99.0 -99.0 -99.0
20260518 258  1.9  1665  18  4.8 1349  16  6.6 1406  20.7  28.4 1525  12.1  434  12.8  23.8   9.1  65.6  33.0 1237  14.8   8.4   5.9 -9.00 1017.1 1017.3 1019.0    1 1015.4 1824  1.3 12.9 14.1 -9.0 30.80  3.83 1200   -9.0   -9.0 -9.00   -9.0   -9   -9.0   -9   -9.0   -9   -9.0   -9   -9.0   -9 -99.0 -99.0 -99.0 -99.0 -99.0
20260518 259  1.2  1042  20  3.8 1412  23  6.8 1410  20.5  29.1 1454  11.9  544  12.3  26.4   9.9  64.1  29.0 1252  14.3   8.0   5.6 -9.00 1014.7 1016.6 1018.8    2 1014.4 1815  1.4 11.8 14.1 -9.0 29.60  3.67 1200   -9.0   -9.0 -9.00   -9.0   -9   -9.0   -9   -9.0   -9   -9.0   -9   -9.0   -9 -99.0 -99.0 -99.0 -99.0 -99.0
20260518 260  1.9  1640  14  6.7 1410  14  8.9 1354  19.9  27.9 1322  11.1  541  12.3  29.2   6.5  66.0  37.0 1159  14.4  -9.0  -9.0 -9.00 1011.6 1016.7 1019.0    1 1014.7 1746  1.9 12.5 14.0 -9.0 -9.00 -9.00   -9   -9.0   -9.0 -9.00   -9.0   -9   -9.0   -9   -9.0   -9   -9.0   -9   -9.0   -9 -99.0 -99.0 -99.0 -99.0 -99.0
20260518 261  1.8  1561  14  5.0 1814  23  7.7 1450  20.9  29.7 1450  10.6  522  12.8  30.8   6.9  65.6  28.0 1346  14.9  -9.0  -9.0 -9.00 1014.9 1016.8 1019.4    1 1014.7 1800  1.0 12.6 14.0 -9.0 -9.00 -9.00   -9   -9.0   -9.0 -9.00   -9.0   -9   -9.0   -9   -9.0   -9   -9.0   -9   -9.0   -9 -99.0 -99.0 -99.0 -99.0 -99.0
20260518 262  1.2  1066  20  4.1 1221  18  6.5 1226  19.8  29.2 1438  10.7  535  11.3  28.3  12.2  64.4  26.0 1138  13.5   7.3   5.1 -9.00 1010.8 1016.9 1018.6    1 1015.0 1813  1.8 12.3 14.1 -9.0 27.50  3.22 1200   -9.0   -9.0 -9.00   -9.0   -9   -9.0   -9   -9.0   -9   -9.0   -9   -9.0   -9 -99.0 -99.0 -99.0 -99.0 -99.0
20260518 263  1.9  1614  23  5.8 1759  23 10.8 1757  21.4  31.6 1340  10.5  519   9.4  25.8   6.0  53.1   9.0 1305  11.9  10.2   7.1 -9.00 1014.7 1016.3 1018.2    1 1013.9 1631  1.0 11.2 14.1 -9.0 30.13  3.78 1200   -9.0   -9.0 -9.00   -9.0   -9   -9.0   -9   -9.0   -9   -9.0   -9   -9.0   -9 -99.0 -99.0 -99.0 -99.0 -99.0
20260518 264  0.9   747  16  2.8 1552  14  7.4 1448  22.0  33.1 1537  12.2  551  10.7  28.3   9.8  55.8  15.0 1645  13.0   8.4   5.9 -9.00  998.5 1016.1 1018.8    1 1012.6 1608  1.9 11.6 14.1 -9.0 29.04  3.68 1200   -9.0   -9.0 -9.00   -9.0   -9   -9.0   -9   -9.0   -9   -9.0   -9   -9.0   -9 -99.0 -99.0 -99.0 -99.0 -99.0
20260518 266  1.3  1136  23  3.4 1104  25  6.0 1648  22.5  29.9 1509  15.3  551  12.9  26.0  10.4  57.8  28.0 1258  14.9   8.1   5.7 -9.00 1006.9 1017.1 1018.7    1 1015.2 1853  1.1 12.1 14.1 -9.0 29.31  3.72 1200   -9.0   -9.0 -9.00   -9.0   -9   -9.0   -9   -9.0   -9   -9.0   -9   -9.0   -9 -99.0 -99.0 -99.0 -99.0 -99.0
20260518 268  1.5  1315  18  4.5 1153  20  8.0 1146  19.6  27.6 1305  10.5  511  11.3  26.0  10.3  64.1  34.0 1214  13.5  -9.0  -9.0 -9.00 1014.4 1015.5 1018.0    1 1013.5 1747  1.5 12.9 14.0 -9.0 -9.00 -9.00   -9   -9.0   -9.0 -9.00   -9.0   -9   -9.0   -9   -9.0   -9   -9.0   -9   -9.0   -9 -99.0 -99.0 -99.0 -99.0 -99.0
20260518 271  1.3  1098  18  3.9 1506  16  7.3 1414  20.9  31.3 1556   9.9  531   9.4  26.3   5.8  56.4  17.0 1414  11.9  -9.0  -9.0 -9.00  978.9 1016.1 1019.2  102 1012.4 1559  1.9 -9.0 -9.0 -9.0 -9.00 -9.00   -9   -9.0   -9.0 -9.00   -9.0   -9   -9.0   -9   -9.0   -9   -9.0   -9   -9.0   -9 -99.0 -99.0 -99.0 -99.0 -99.0
20260518 272  1.6  1383  29  4.5 1647  29  8.3 1631  22.6  31.8 1432  12.7  545  11.8  30.7   9.5  55.0  28.0 1558  13.8  -9.0  -9.0 -9.00  991.1 1015.4 1018.0  217 1012.4 1539  3.4 11.8 14.2 -9.0 -9.00 -9.00   -9   -9.0   -9.0 -9.00   -9.0   -9   -9.0   -9   -9.0   -9   -9.0   -9   -9.0   -9 -99.0 -99.0 -99.0 -99.0 -99.0
20260518 273  1.5  1265   9  4.0 1250  16  6.4 1413  23.5  33.4 1533  13.1  535  11.3  30.7   7.2  50.3  17.0 1511  13.4  -9.0  -9.0 -9.00  995.0 1014.8 1017.1  147 1011.9 1604  3.1 11.7 14.2 -9.0 -9.00 -9.00   -9   -9.0   -9.0 -9.00   -9.0   -9   -9.0   -9   -9.0   -9   -9.0   -9   -9.0   -9 -99.0 -99.0 -99.0 -99.0 -99.0
20260518 276  1.3  1129  29  4.0 1227  34  7.3 1234  22.1  34.5 1608  11.0  525   7.5  28.9   5.5  50.5   8.0 1557  10.9  10.1   7.0 -9.00  991.1 1015.1 1018.0   56 1011.1 1656  2.1 12.3 14.2 -9.0 30.30  3.67 1200   -9.0   -9.0 -9.00   -9.0   -9   -9.0   -9   -9.0   -9   -9.0   -9   -9.0   -9 -99.0 -99.0 -99.0 -99.0 -99.0
20260518 277  2.2  1929  16  4.8 1426  16  8.4 1303  24.0  30.5 1245  15.5  453   9.8  29.6  11.5  43.8  22.0 1713  12.3  -9.0  -9.0 -9.00 1010.0 1014.7 1016.6    1 1012.5 1629  1.5 12.5 14.2 -9.0 -9.00 -9.00   -9   -9.0   -9.0 -9.00   -9.0   -9   -9.0   -9   -9.0   -9   -9.0   -9   -9.0   -9 -99.0 -99.0 -99.0 -99.0 -99.0
20260518 278  0.9   789  27  3.5 1539  25  8.1 1520  22.7  34.1 1539  11.8  519  11.3  29.5   6.3  57.4  15.0 1543  13.5  -9.0  -9.0 -9.00 1005.2 1014.7 1017.1   44 1011.2 1716  2.3 11.8 14.2 -9.0 -9.00 -9.00   -9   -9.0   -9.0 -9.00   -9.0   -9   -9.0   -9   -9.0   -9   -9.0   -9   -9.0   -9 -99.0 -99.0 -99.0 -99.0 -99.0
20260518 279  1.1   914  11  2.5 1150  25  5.4 1512  25.0  34.9 1443  15.2  522  10.6  35.1  10.2  46.4  14.0 1713  13.0   8.3   5.8 -9.00 1009.6 1015.2 1017.6  102 1012.1 1621  2.0 11.8 14.2 -9.0 27.79  3.45 1200   -9.0   -9.0 -9.00   -9.0   -9   -9.0   -9   -9.0   -9   -9.0   -9   -9.0   -9 -99.0 -99.0 -99.0 -99.0 -99.0
20260518 281  1.3  1118  25  3.0 1402  27  6.6 1522  23.6  33.7 1517  12.3  509   8.7  28.4   7.2  48.1   8.0 1603  11.6  -9.0  -9.0 -9.00 1004.9 1016.0 1018.2   17 1013.0 1638  0.8 12.4 14.1 -9.0 -9.00 -9.00   -9   -9.0   -9.0 -9.00   -9.0   -9   -9.0   -9   -9.0   -9   -9.0   -9   -9.0   -9 -99.0 -99.0 -99.0 -99.0 -99.0
20260518 283  2.4  2093  18  5.4 1846  18  7.7 1837  23.8  35.9 1439  12.5  513   9.3  29.3   5.2  48.4  10.0 1359  12.0  11.4   7.9 -9.00 1011.0 1015.6 1017.9   34 1012.5 1627  0.9 12.6 14.1 -9.0 30.62  3.69 1200   -9.0   -9.0 -9.00   -9.0   -9   -9.0   -9   -9.0   -9   -9.0   -9   -9.0   -9 -99.0 -99.0 -99.0 -99.0 -99.0
20260518 284  1.5  1293  14  3.9 1618  16  7.1 1451  21.9  33.2 1437  11.6  525  11.7  28.7   7.7  59.1  20.0 1259  13.8   8.7   6.1 -9.00  988.6 1014.8 1017.7    1 1011.1 1553  2.0 12.5 14.1 -9.0 29.21  3.64 1200   -9.0   -9.0 -9.00   -9.0   -9   -9.0   -9   -9.0   -9   -9.0   -9   -9.0   -9 -99.0 -99.0 -99.0 -99.0 -99.0
20260518 285  1.3  1106  20  3.6 1627  20  7.4 1627  23.2  33.1 1438  12.8  448  11.2  30.5  10.7  52.8  21.0 1311  13.3  -9.0  -9.0 -9.00 1013.0 1016.1 1018.3    7 1013.5 1626  1.3 12.1 14.1 -9.0 -9.00 -9.00   -9   -9.0   -9.0 -9.00   -9.0   -9   -9.0   -9   -9.0   -9   -9.0   -9   -9.0   -9 -99.0 -99.0 -99.0 -99.0 -99.0
20260518 288  1.5  1339  14  4.7 1918  16  7.3 1558  23.4  34.6 1445  12.7  539  10.8  27.5  12.6  51.3  16.0 1330  13.0   9.4   6.6 -9.00 1013.8 1014.8 1016.8    2 1011.9 1645  0.3 11.5 14.1 -9.0 29.45  3.69 1200   -9.0   -9.0 -9.00   -9.0   -9   -9.0   -9   -9.0   -9   -9.0   -9   -9.0   -9 -99.0 -99.0 -99.0 -99.0 -99.0
20260518 289  1.3  1113   7  3.4 1402   9  7.4 1511  22.0  31.8 1419  12.9  505  12.9  31.4  10.0  61.3  27.0 1532  14.9  -9.0  -9.0 -9.00 1000.9 1016.9 1019.4    2 1013.8 1604  2.0 11.5 14.1 -9.0 -9.00 -9.00   -9   -9.0   -9.0 -9.00   -9.0   -9   -9.0   -9   -9.0   -9   -9.0   -9   -9.0   -9 -99.0 -99.0 -99.0 -99.0 -99.0
20260518 294  1.3  1094  18  3.4 1443  25  7.1 1129  21.2  28.4 1346  12.5  506   9.0  31.5   6.4  47.6  30.0 1458  11.6  -9.0  -9.0 -9.00 1012.2 1017.4 1018.9    1 1015.6 1651  0.8 12.3 14.1 -9.0 -9.00 -9.00   -9   -9.0   -9.0 -9.00   -9.0   -9   -9.0   -9   -9.0   -9   -9.0   -9   -9.0   -9 -99.0 -99.0 -99.0 -99.0 -99.0
20260518 295  1.2  1023  27  3.5 1310  27  6.2 1309  21.3  29.0 1412  13.8  538  10.9  26.0   8.5  55.4  22.0 1328  13.1  -9.0  -9.0 -9.00 1011.6 1017.0 1018.5  840 1015.1 1617  0.5 11.7 14.1 -9.0 -9.00 -9.00   -9   -9.0   -9.0 -9.00   -9.0   -9   -9.0   -9   -9.0   -9   -9.0   -9   -9.0   -9 -99.0 -99.0 -99.0 -99.0 -99.0
20260518 296  1.8  1539  16  5.6 1411  18  8.8 1340  21.3  29.4 1511  11.9  538  13.3  25.3   5.2  63.5  39.0 1158  15.4   8.3   5.8 -9.00 1015.4 1015.7 1017.5    1 1013.6 1721  0.6 11.9 14.1 -9.0 30.05  3.72 1200   -9.0   -9.0 -9.00   -9.0   -9   -9.0   -9   -9.0   -9   -9.0   -9   -9.0   -9 -99.0 -99.0 -99.0 -99.0 -99.0
20260519  90  1.3  1090  11  2.7 1141  16  4.1 1146  20.6  24.8  851  18.0   57  12.9  24.0  16.1  62.6  41.0  817  14.9   3.6   2.6 -9.00 1012.3 1014.4 1016.2 2305 1013.3  346  9.6  2.7 14.4 -9.0 14.96  2.68 1200    0.0   -9.0 -9.00    0.0   -9    0.0   -9   -9.0   -9   -9.0   -9   -9.0   -9 -99.0 -99.0 -99.0 -99.0 -99.0
20260519  93  0.7   589  25  3.9 2128  25  6.7 2123  21.0  26.0 1253  15.6  556  12.1  26.1  14.6  58.5  36.0 1323  14.2   3.8   2.6 -9.00 1003.3 1014.5 1016.1  755 1012.4 1547  9.6  2.3 14.3 -9.0 14.10  2.55 1200   -9.0    0.9 -9.00   -9.0   -9   -9.0   -9   -9.0   -9   -9.0   -9   -9.0   -9  23.1  19.3  16.1  12.8  12.1
20260519  95  1.2  1034  36  3.9 2054  36  6.4 2052  19.6  23.5 1140  15.5  548  12.8  20.8  13.1  65.9  46.0 1115  14.8   3.2   2.3 -9.00  996.8 1014.9 1016.4    1 1013.3 2005 10.0  1.1 14.4 -9.0 11.07  2.18 1100   -9.0    1.2 -9.00   -9.0   -9   -9.0   -9   -9.0   -9   -9.0   -9   -9.0   -9 -99.0 -99.0 -99.0 -99.0 -99.0
20260519  98  0.7   601  36  2.2 1950   2  6.5 2245  20.2  24.8 1125  16.3  541  11.1  23.4  12.6  56.6  40.0 1128  13.2   3.0   2.1 -9.00 1000.7 1014.2 1015.8    9 1011.9 1942 10.0  0.2 14.3 -9.0 10.55  1.99 1100    0.0   -9.0 -9.00    0.0   -9    0.0   -9   -9.0   -9   -9.0   -9   -9.0   -9 -99.0 -99.0 -99.0 -99.0 -99.0
20260519  99  1.1   978   9  3.7 2209  23  8.9 1948  19.3  23.8 1115  15.1  518  13.2  22.2  12.0  68.8  53.0 1109  15.2   2.8   2.0 -9.00 1011.2 1014.7 1016.4 1006 1012.5 1938 10.0  0.2 14.3 -9.0  9.06  1.67 1100    0.0   -9.0 -9.00    0.0   -9    0.0   -9   -9.0   -9   -9.0   -9   -9.0   -9 -99.0 -99.0 -99.0 -99.0 -99.0
20260519 100  1.6  1374  11  4.8 1259  11  7.2 1250  17.0  24.7 1221  12.0  543   8.7  21.7   8.3  60.6  27.0 1213  11.2   4.4   3.1 -9.00  927.7 1014.7 1017.4 2249 1011.9 1207  9.1  6.3 14.3 -9.0 17.73  2.40 1100   -9.0   -9.0 -9.00   -9.0   -9   -9.0   -9   -9.0   -9   -9.0   -9   -9.0   -9 -99.0 -99.0 -99.0 -99.0 -99.0
20260519 101  1.4  1212  29  3.9 1629  29  5.4 2111  20.9  26.0 1255  15.6  533  12.5  24.8  13.1  60.4  38.0 1324  14.6   4.2   2.9 -9.00 1004.6 1013.4 1015.1  207 1011.2 1548  9.5  1.6 14.3 -9.0 13.56  2.42 1100    0.0    0.7 -9.00    0.0   -9    0.0   -9   -9.0   -9   -9.0   -9   -9.0   -9  20.7  16.5  14.5  13.7  15.2
20260519 102  3.4  2934  16  6.2 1142  14 12.1 1016  16.2  18.5 1550  14.3  207  12.7  17.2  13.8  80.4  65.0 1549  14.7   2.1   1.5 -9.00 1007.9 1012.2 1013.8  101 1010.8 1808 10.0  0.0 14.3 -9.0  4.44  0.76 1200    1.2   -9.0  9.25    0.7 1736    0.4 1852   -9.0   -9   -9.0   -9   -9.0   -9 -99.0 -99.0 -99.0 -99.0 -99.0
20260519 104  1.2  1019  14  3.6  708  14  5.0  704  21.5  25.6 1248  18.1 2346  11.4  25.7  13.9  53.3  39.0 1336  13.6   4.4   3.1 -9.00 1004.3 1013.0 1015.0 2115 1012.1  232  8.1  5.2 14.3 -9.0 17.81  2.71 1200   -9.0    2.3 -9.00   -9.0   -9   -9.0   -9   -9.0   -9   -9.0   -9   -9.0   -9  21.9  17.5  14.9  12.3  13.1
20260519 105  1.6  1376  25  4.2  455  27  7.0  450  23.6  27.2 1329  20.2 2357  10.6  19.4  17.3  44.6  30.0 1506  12.8   5.2   3.6 -9.00 1011.0 1014.2 1016.1 2112 1013.0  424  8.6  5.7 14.3 -9.0 18.09  2.74 1200   -9.0   -9.0 -9.00   -9.0   -9   -9.0   -9   -9.0   -9   -9.0   -9   -9.0   -9  22.9  19.6  14.6  12.5  13.5
20260519 106  1.4  1176   5  2.9 1234   5  4.3 1225  22.3  28.3  937  17.7  346   9.4  27.7  11.8  44.9  28.0  912  11.8   5.4   3.8 -9.00 1010.1 1014.8 1016.8 2151 1013.4  236  8.4  7.5 14.3 -9.0 20.66  2.97 1100   -9.0   -9.0 -9.00   -9.0   -9   -9.0   -9   -9.0   -9   -9.0   -9   -9.0   -9 -99.0 -99.0 -99.0 -99.0 -99.0
20260519 108  1.9  1646   5  4.4 2009   5 10.0 1901  22.1  25.5 1227  19.8  648  11.8  23.6  16.0  52.6  38.0 1133  13.9   4.2   3.0 -9.00 1003.9 1013.8 1015.8    1 1010.6 1902  9.9  0.4 14.3 -9.0 10.02  1.83 1100    0.0    2.9  0.25    0.0   -9    0.0   -9   -9.0   -9   -9.0   -9   -9.0   -9  20.3  17.2  15.9  13.6  13.5
20260519 112  2.1  1826   5  4.5 1839   5  9.0 1840  21.7  24.4 1059  19.9  619  12.4  21.5  15.7  55.8  45.0    1  14.4   3.8   2.7 -9.00 1005.8 1013.8 1015.4    1 1010.7 1837  9.9  0.4 14.3 -9.0 10.14  2.02 1000    0.0    2.8  0.58    0.0   -9    0.0   -9   -9.0   -9   -9.0   -9   -9.0   -9  19.0  16.8  12.8  14.3  13.4
20260519 114  1.0   848  32  3.3 1440  25  6.8 1346  22.6  27.8 1259  16.6  545  11.3  26.9  11.7  50.5  31.0 1340  13.4   4.9   3.4 -9.00  996.4 1013.7 1015.9    1 1011.4 1600  8.8  3.9 14.3 -9.0 17.41  3.22 1200   -9.0   -9.0 -9.00   -9.0   -9   -9.0   -9   -9.0   -9   -9.0   -9   -9.0   -9 -99.0 -99.0 -99.0 -99.0 -99.0
20260519 115  4.6  4015  23 10.1  332  23 16.6  338  22.3  24.8 1252  19.3 2344  10.7  24.6  15.5  49.3  31.0 1913  13.2   6.6   4.6 -9.00  988.4 1013.7 1015.3 2317 1012.6  431  7.0 10.7 14.3 -9.0 24.71  3.09 1100   -9.0   -9.0 -9.00   -9.0   -9   -9.0   -9   -9.0   -9   -9.0   -9   -9.0   -9  18.2  14.5  13.7  12.0  13.2
20260519 119  1.5  1328  29  3.7 1606   7  5.7 2127  21.8  25.8 1246  17.3  446  11.0  23.8  14.4  51.5  30.0 1236  13.1   4.5   3.2 -9.00 1008.9 1013.5 1015.7    1 1010.6 1945  9.8  1.3 14.3 -9.0 12.62  1.97 1000    0.0    2.9  0.17    0.0   -9    0.0   -9   -9.0   -9   -9.0   -9   -9.0   -9  20.3  16.5  14.2  11.8  12.3
20260519 121  1.3  1152  11  4.9 2351   9  9.1 2352  21.7  29.9 1304  13.7  514   9.8  27.8  10.7  50.1  26.0 1521  12.2   6.2   4.4 -9.00  986.4 1014.0 1016.7  552 1010.5 1623  8.8  5.7 14.3 -9.0 19.77  2.84 1100   -9.0   -9.0 -9.00   -9.0   -9   -9.0   -9   -9.0   -9   -9.0   -9   -9.0   -9 -99.0 -99.0 -99.0 -99.0 -99.0
20260519 127  1.3  1103   9  3.3 2332  11  6.5 2325  22.4  29.0 1354  14.6  534   9.3  28.0  11.1  45.8  26.0 1309  11.8   6.4   4.5 -9.00  999.7 1012.9 1015.6    1 1010.6 1540  8.6  4.1 14.2 -9.0 19.90  3.41 1200   -9.0   -9.0 -9.00   -9.0   -9   -9.0   -9   -9.0   -9   -9.0   -9   -9.0   -9 -99.0 -99.0 -99.0 -99.0 -99.0
20260519 129  1.5  1259  20  4.0 1014   7  7.4 1748  21.1  25.3 1203  16.2  428  11.3  23.4  11.6  56.0  32.0 1108  13.5   4.6   3.2 -9.00 1010.6 1013.5 1016.0    1 1011.0 1749  9.3  2.7 14.2 -9.0 15.11  2.61 1100   -9.0    6.4 -9.00   -9.0   -9   -9.0   -9   -9.0   -9   -9.0   -9   -9.0   -9  19.1  16.3  16.3  13.1  14.6
20260519 130  1.3  1147  16  3.0 1153   2  4.9 1445  21.7  28.3  943  16.0  432  10.7  28.2  12.3  51.0  28.0 1547  13.0  -9.0  -9.0 -9.00 1008.8 1014.5 1016.6 2233 1013.5  237  8.0  8.2 14.2 -9.0 -9.00 -9.00   -9   -9.0   -9.0 -9.00   -9.0   -9   -9.0   -9   -9.0   -9   -9.0   -9   -9.0   -9 -99.0 -99.0 -99.0 -99.0 -99.0
20260519 131  1.1   957   9  4.2 2041   5  6.0 1833  23.9  29.2 1341  18.7  458   9.7  26.4  13.8  42.3  23.0 1208  12.1   6.4   4.5 -9.00 1006.3 1013.0 1015.8    1 1010.6 2040  8.5  5.6 14.2 -9.0 20.18  3.62 1100    0.0    7.8  0.22    0.0   -9    0.0   -9   -9.0   -9   -9.0   -9   -9.0   -9 -99.0 -99.0 -99.0 -99.0 -99.0
20260519 133  1.3  1151  20  3.7 1222  18  6.0 1214  22.2  28.5 1308  15.7  531  10.6  25.6  12.0  50.5  26.0 1135  12.9   5.8   4.1 -9.00 1005.6 1013.5 1016.5    1 1011.2 1830  8.3  6.7 14.2 -9.0 20.59  3.41 1100   -9.0   14.7 -9.00   -9.0   -9   -9.0   -9   -9.0   -9   -9.0   -9   -9.0   -9  22.2  19.6  17.1  14.8  15.7
20260519 135  0.8   660   9  4.1 2400   7  6.2 2353  21.1  27.7 1437  12.1  550  11.7  26.3  10.6  56.9  41.0 1158  13.8   5.1   3.6 -9.00  985.0 1013.1 1016.0    1 1010.5 1637  8.0  7.6 14.2 -9.0 20.95  3.05 1200   -9.0   -9.0 -9.00   -9.0   -9   -9.0   -9   -9.0   -9   -9.0   -9   -9.0   -9 -99.0 -99.0 -99.0 -99.0 -99.0
20260519 136  1.4  1184  11  4.8 1759  11  9.1 1732  22.8  30.4 1430  15.3  413  10.5  31.3  12.3  48.4  32.0 1415  12.8   6.3   4.4 -9.00  998.2 1014.5 1016.5  623 1011.7 1538  8.0  8.3 14.2 -9.0 22.40  2.96 1200   -9.0   16.7 -9.00   -9.0   -9   -9.0   -9   -9.0   -9   -9.0   -9   -9.0   -9 -99.0 -99.0 -99.0 -99.0 -99.0
20260519 137  0.9   783  23  2.1  148  32  4.4 2049  23.4  30.6 1255  16.0  556  12.0  32.9  12.1  50.5  35.0 1300  14.1   5.4   3.8 -9.00 1001.5 1012.6 1014.9    1 1009.8 1740  7.5  7.6 14.2 -9.0 22.26  3.67 1200   -9.0   -9.0 -9.00   -9.0   -9   -9.0   -9   -9.0   -9   -9.0   -9   -9.0   -9 -99.0 -99.0 -99.0 -99.0 -99.0
20260519 138  2.6  2261  11  5.1 1424   7  7.9 1711  23.6  30.0 1318  19.2 2356   9.8  29.7  12.0  44.9  25.0 1043  12.4   7.6   5.3 -9.00 1012.9 1013.4 1015.3 2238 1010.8 1611  6.5 10.0 14.2 -9.0 24.69  3.09 1100   -9.0   13.6 -9.00   -9.0   -9   -9.0   -9   -9.0   -9   -9.0   -9   -9.0   -9  20.2  17.1  16.0  14.8  15.6
20260519 140  1.4  1233  11  3.9 1343  11  5.9 1337  21.8  27.1 1257  14.8  521  13.2  24.6   9.8  59.8  46.0 1138  15.3  -9.0  -9.0 -9.00 1010.7 1013.9 1017.0    1 1011.6 1734  8.8  5.7 14.2 -9.0 -9.00 -9.00   -9   -9.0   -9.0 -9.00   -9.0   -9   -9.0   -9   -9.0   -9   -9.0   -9   -9.0   -9 -99.0 -99.0 -99.0 -99.0 -99.0
20260519 143  1.7  1435  11  4.4 2317  14  6.9 2305  23.9  30.9 1512  16.5  456   9.1  30.8  10.8  41.6  24.0 1155  11.6   7.5   5.3 -9.00 1006.8 1013.1 1015.5    1 1010.3 1738  7.4  8.8 14.2 -9.0 24.53  3.30 1300   -9.0   -9.0 -9.00   -9.0   -9   -9.0   -9   -9.0   -9   -9.0   -9   -9.0   -9 -99.0 -99.0 -99.0 -99.0 -99.0
20260519 146  2.0  1733  20  3.9 1239  18  8.1 1236  23.0  28.8 1343  15.9  548  12.5  25.0  10.1  53.3  36.0  949  14.5   6.0   4.2 -9.00 1005.9 1012.9 1016.5    1 1010.6 1638  8.4  7.0 14.2 -9.0 21.18  3.40 1100    0.0   13.3  0.12    0.0   -9    0.0   -9   -9.0   -9   -9.0   -9   -9.0   -9 -99.0 -99.0 -99.0 -99.0 -99.0
20260519 152  1.5  1285  14  3.6 1259  18  6.8 1333  23.1  28.5 1355  17.0  601  10.3  27.5  11.0  46.3  26.0  939  12.6   7.2   5.0 -9.00 1003.8 1013.1 1015.6    4 1011.0 1611  5.6 11.1 14.1 -9.0 26.05  3.43 1200   -9.0   -9.0 -9.00   -9.0   -9   -9.0   -9   -9.0   -9   -9.0   -9   -9.0   -9 -99.0 -99.0 -99.0 -99.0 -99.0
20260519 155  1.6  1419  16  4.3 1216  18  8.3 1405  22.1  28.3 1321  16.0  409  13.4  27.4  11.2  60.1  40.0 1545  15.4   6.8   4.8 -9.00 1010.2 1014.2 1016.8    1 1012.6 1708  6.8 10.8 14.1 -9.0 27.07  3.65 1200    0.5   -9.0  0.77    0.5 2300    0.4 2305   -9.0   -9   -9.0   -9   -9.0   -9 -99.0 -99.0 -99.0 -99.0 -99.0
20260519 156  2.1  1818  14  4.7 1149  14  8.3 1140  22.2  27.9 1214  17.1  636  14.3  26.1  10.7  62.6  43.0 1313  16.5   5.4   3.8 -9.00 1004.2 1012.3 1015.3    1 1010.1 1710  8.3  6.6 14.1 -9.0 21.54  2.95 1300    0.7   -9.0  1.78    0.7 2350    0.3 2311   -9.0   -9   -9.0   -9   -9.0   -9 -99.0 -99.0 -99.0 -99.0 -99.0
20260519 159  2.6  2263  23  5.9 1342  25  8.2 1338  22.6  27.4 1216  17.4   23  12.4  28.8  10.5  53.0  37.0 1036  14.6   7.4   5.2 -9.00 1005.6 1013.7 1016.2    1 1012.3 1643  6.3 10.5 14.1 -9.0 27.95  3.74 1200    0.0    1.6  0.33    0.0   -9    0.0   -9   -9.0   -9   -9.0   -9   -9.0   -9  21.1  18.4  17.6  15.3  16.7
20260519 162  1.7  1447  20  4.3 1222  18  6.6 1222  20.7  25.5 1214  15.5  428  14.9  26.7  10.6  70.6  48.0 1612  17.0   5.4   3.8 -9.00 1010.1 1013.7 1016.5    6 1012.1 1701  6.5  9.4 14.1 -9.0 24.50  3.13 1200    0.4   -9.0 -9.00    0.4 2301    0.2   -9   -9.0   -9   -9.0   -9   -9.0   -9 -99.0 -99.0 -99.0 -99.0 -99.0
20260519 165  3.7  3182  16  6.5 1225  16 10.9 1220  21.8  25.7 1339  17.6  419  16.3  25.0  12.1  72.1  51.0 1220  18.5   5.2   3.7 -9.00 1007.9 1013.0 1016.2    1 1011.0 1748  8.5  6.8 14.1 -9.0 21.09  2.89 1200    0.0   11.0  1.60    0.0   -9    0.0   -9   -9.0   -9   -9.0   -9   -9.0   -9  20.7  18.6  16.4  14.8  14.5
20260519 168  1.8  1554   7  3.9 1255   9  5.6 1255  20.3  24.1 1559  16.7  606  15.5  25.5  12.2  74.5  59.0    1  17.7   3.8   2.7 -9.00 1006.9 1014.5 1017.2    1 1012.7 1733  7.4  5.5 14.1 -9.0 18.67  2.28 1000    1.5   42.0  1.13    1.5 2307    0.8 2351   -9.0   -9   -9.0   -9   -9.0   -9  21.6  18.3  16.3  15.3  16.6
20260519 169  9.6  8273  14 15.0 1639  16 21.1 1718  17.9  22.2 1313  15.2  411  15.8  21.4  14.4  88.1  71.0 1315  17.9   3.8   2.6  1.60 1003.2 1012.0 1015.4    1 1009.6 1703  8.4  4.5 14.1 -9.0 17.72  3.08 1300    2.0   -9.0  5.88    1.3 2114    0.4 2110   -9.0   -9   -9.0   -9   -9.0   -9 -99.0 -99.0 -99.0 -99.0 -99.0
20260519 170  3.4  2957  14  6.9 1327  14 11.0 1302  20.8  27.3 1118  16.1  120  17.4  23.5  12.6  82.0  63.0 1125  19.9   4.2   2.9 -9.00 1009.6 1013.8 1016.8    1 1011.9 1810  8.0  2.6 14.1 -9.0 14.65  2.94 1000    7.3   -9.0 -9.00    4.0 2151    2.1 2342   -9.0   -9   -9.0   -9   -9.0   -9 -99.0 -99.0 -99.0 -99.0 -99.0
20260519 172  2.9  2540  14  5.3 1133  14  8.7 1132  22.0  27.6 1349  14.9  439  13.9  23.1   9.8  62.3  40.0 1324  16.0   6.2   4.3 -9.00 1006.6 1012.7 1015.9    1 1010.7 1709  8.3  7.5 14.1 -9.0 23.09  3.20 1300    0.5   -9.0 -9.00    0.5 2119    0.5 2140   -9.0   -9   -9.0   -9   -9.0   -9 -99.0 -99.0 -99.0 -99.0 -99.0
20260519 174  1.4  1222  20  4.3 1627  16  8.0 1130  18.1  25.8 1447   9.0  558  12.2  24.2   7.0  72.3  36.0 1459  14.5  -9.0  -9.0 -9.00  993.6 1012.9 1016.2    1 1010.4 1657  7.3  8.7 14.1 -9.0 -9.00 -9.00   -9    0.4   -9.0 -9.00    0.4 2337    0.3 2310   -9.0   -9   -9.0   -9   -9.0   -9 -99.0 -99.0 -99.0 -99.0 -99.0
20260519 177  1.6  1383  32  4.2 1733  32  6.9 1731  21.1  26.9 1259  15.2  530  13.4  24.1  11.9  63.6  40.0 1125  15.4   4.9   3.4 -9.00 1009.0 1012.2 1014.9    1 1009.7 1755  9.5  4.2 14.2 -9.0 17.68  2.90 1200    0.0   13.4  0.50    0.0   -9    0.0   -9   -9.0   -9   -9.0   -9   -9.0   -9 -99.0 -99.0 -99.0 -99.0 -99.0
20260519 181  1.5  1336   9  3.9 2036   9  5.8 2032  21.4  28.3 1335  13.8  606  11.1  24.1   8.2  55.9  27.0 1156  13.4   6.1   4.3 -9.00 1009.8 1013.7 1016.5    1 1011.4 1840  8.6  5.8 14.2 -9.0 19.84  3.29 1100   -9.0   -9.0 -9.00   -9.0   -9   -9.0   -9   -9.0   -9   -9.0   -9   -9.0   -9 -99.0 -99.0 -99.0 -99.0 -99.0
20260519 184  2.5  2180  11  5.0 1855  11  9.4 1843  22.4  27.2 1245  17.7  537  14.9  28.9  14.2  63.9  42.0  952  17.2   6.7   4.7 -9.00 1009.3 1011.7 1015.3    1 1009.6 1820  6.8  9.4 14.0 -9.0 26.03  3.56 1100    0.0    0.0  1.62    0.0   -9    0.0   -9   -9.0   -9   -9.0   -9   -9.0   -9  22.0  19.8  18.7  17.0  16.3
20260519 185  6.5  5602  14  8.9 1150  11 14.6 1431  21.5  25.0 1124  19.3  114  18.9  25.0  17.9  86.5  64.0  957  21.9   4.5   3.1 -9.00 1003.7 1012.0 1015.7    1 1010.1 1724  7.4  4.3 14.0 -9.0 19.39  2.72 1000    2.5   -9.0 -9.00    1.2 1857    0.5 1944   -9.0   -9   -9.0   -9   -9.0   -9 -99.0 -99.0 -99.0 -99.0 -99.0
20260519 188  2.4  2110  14  4.7 1915  16  6.5  751  20.9  25.1 1052  17.6  248  18.6  23.0  13.4  87.5  71.0 1049  21.4  -9.0  -9.0 -9.00 1011.1 1013.5 1016.6    1 1011.8 1951  7.4  4.8 14.0 -9.0 -9.00 -9.00   -9   20.3   -9.0 -9.00    7.8 2222    3.9 2228   -9.0   -9   -9.0   -9   -9.0   -9 -99.0 -99.0 -99.0 -99.0 -99.0
20260519 189  1.3  1145  36  2.4    8  20  4.9 1837  22.1  25.7 1245  20.2   39  18.6  24.1  16.7  81.1  63.0    1  21.5   2.9   2.0 -9.00 1007.5 1013.5 1016.9    1 1011.7 1841  8.1  2.8 14.0 -9.0 13.07  2.61 1100   17.4   22.7  6.38    4.5 2246    2.0 1922   -9.0   -9   -9.0   -9   -9.0   -9 -99.0 -99.0 -99.0 -99.0 -99.0
20260519 192  0.8   688  27  3.3 1414  18  6.7 1249  19.7  26.8 1303  11.7  519  14.0  26.5   9.5  72.9  45.0 1509  16.1   5.6   3.9 -9.00 1011.1 1014.5 1016.9    1 1012.4 1701  6.3 10.9 14.1 -9.0 25.67  3.75 1200    0.3   34.8 -9.00    0.3 2221    0.2   -9   -9.0   -9   -9.0   -9   -9.0   -9 -99.0 -99.0 -99.0 -99.0 -99.0
20260519 201  1.2   999   5  4.3 2131  36  9.1 2125  20.1  22.8 1152  16.7  543  13.2  20.3  13.0  65.0  52.0 1447  15.2  -9.0  -9.0 -9.00 1009.1 1014.7 1016.2    2 1011.8 1900 10.0  0.1 14.3 -9.0 -9.00 -9.00   -9    0.0   -9.0 -9.00    0.0   -9    0.0   -9   -9.0   -9   -9.0   -9   -9.0   -9 -99.0 -99.0 -99.0 -99.0 -99.0
20260519 202  1.2  1074  23  5.2 2042  25  7.1 2039  21.6  26.4 1310  16.8  543  11.3  24.7  14.2  53.4  34.0 1154  13.4  -9.0  -9.0 -9.00 1008.5 1014.0 1015.9    1 1011.2 2026  9.6  2.4 14.3 -9.0 -9.00 -9.00   -9    0.0   -9.0 -9.00    0.0   -9    0.0   -9   -9.0   -9   -9.0   -9   -9.0   -9 -99.0 -99.0 -99.0 -99.0 -99.0
20260519 203  0.5   461  23  1.7 1210  32  4.6 1659  21.3  28.0 1217  15.9  516  12.6  24.1  12.3  59.4  33.0 1206  14.6  -9.0  -9.0 -9.00 1005.1 1014.4 1016.6    1 1012.2 1859  9.4  2.7 14.3 -9.0 -9.00 -9.00   -9   -9.0   -9.0 -9.00   -9.0   -9   -9.0   -9   -9.0   -9   -9.0   -9   -9.0   -9 -99.0 -99.0 -99.0 -99.0 -99.0
20260519 211  1.0   875   5  3.5 1740   2  6.3 2040  20.2  26.0 1321  14.9  528  11.1  23.8  11.5  57.4  33.0 1314  13.2  -9.0  -9.0 -9.00  990.9 1014.3 1015.9  654 1011.4 1617  9.6  1.1 14.3 -9.0 -9.00 -9.00   -9   -9.0   -9.0 -9.00   -9.0   -9   -9.0   -9   -9.0   -9   -9.0   -9   -9.0   -9 -99.0 -99.0 -99.0 -99.0 -99.0
20260519 212  1.0   840  27  2.7 1630   7  6.0 2207  21.3  27.5 1300  15.1  529  10.3  23.8  13.3  52.0  27.0 1439  12.6  -9.0  -9.0 -9.00  998.2 1014.4 1016.4    1 1012.2 1602  9.4  3.0 14.3 -9.0 -9.00 -9.00   -9    0.0   -9.0 -9.00    0.0   -9    0.0   -9   -9.0   -9   -9.0   -9   -9.0   -9 -99.0 -99.0 -99.0 -99.0 -99.0
20260519 216  1.3  1126   2  4.7 1323   5  7.9 1317  18.4  26.6 1245  11.3  532   7.5  22.4   9.0  52.5  26.0 1222  10.4   5.6   3.9 -9.00  934.2 1014.6 1017.3  507 1011.1 1245  8.5  7.2 14.3 -9.0 20.75  3.54 1300   -9.0   -9.0 -9.00   -9.0   -9   -9.0   -9   -9.0   -9   -9.0   -9   -9.0   -9 -99.0 -99.0 -99.0 -99.0 -99.0
20260519 217  1.3  1141   2  3.3 1600   5  7.3 1710  20.2  29.7 1340  12.8  542   7.8  26.5  11.6  48.3  23.0 1449  10.6  -9.0  -9.0 -9.00  978.7 1014.5 1017.1  610 1010.8 1522  8.3  4.8 14.3 -9.0 -9.00 -9.00   -9   -9.0   -9.0 -9.00   -9.0   -9   -9.0   -9   -9.0   -9   -9.0   -9   -9.0   -9 -99.0 -99.0 -99.0 -99.0 -99.0
20260519 221  1.4  1169   5  5.3 2147   5  8.2 2326  21.1  27.8 1324  13.4  525   9.1  27.2  10.6  49.9  26.0 1325  11.7  -9.0  -9.0 -9.00  983.4 1013.8 1016.2    1 1010.8 1603  9.1  5.9 14.3 -9.0 -9.00 -9.00   -9   -9.0   -9.0 -9.00   -9.0   -9   -9.0   -9   -9.0   -9   -9.0   -9   -9.0   -9 -99.0 -99.0 -99.0 -99.0 -99.0
20260519 226  0.9   772  16  2.8 2327  16  5.3 2325  21.2  28.4 1429  12.7  617  10.8  26.4   5.8  55.3  32.0 1303  13.0  -9.0  -9.0 -9.00  993.8 1013.5 1016.8    1 1010.8 1855  8.3  6.6 14.2 -9.0 -9.00 -9.00   -9   -9.0   -9.0 -9.00   -9.0   -9   -9.0   -9   -9.0   -9   -9.0   -9   -9.0   -9 -99.0 -99.0 -99.0 -99.0 -99.0
20260519 232  0.9   808   7  4.2 2029   7  7.2 2026  21.4  27.3 1358  13.6  548  10.7  25.1  10.3  54.6  27.0 1212  13.0  -9.0  -9.0 -9.00 1004.3 1014.1 1016.9    1 1011.1 2026  9.0  3.8 14.2 -9.0 -9.00 -9.00   -9   -9.0   -9.0 -9.00   -9.0   -9   -9.0   -9   -9.0   -9   -9.0   -9   -9.0   -9 -99.0 -99.0 -99.0 -99.0 -99.0
20260519 235  1.9  1615   2  4.5 1907   5  8.6 2034  22.5  26.8 1211  16.2  305  12.6  23.3  12.9  54.6  40.0 1316  14.6   5.3   3.7 -9.00 1011.5 1012.6 1015.6    2 1010.2 1732  9.1  5.3 14.2 -9.0 18.62  3.05 1200    0.0   -9.0 -9.00    0.0   -9    0.0   -9   -9.0   -9   -9.0   -9   -9.0   -9 -99.0 -99.0 -99.0 -99.0 -99.0
20260519 236  0.7   609  36  2.7 2348  36  5.3 1910  20.9  26.7 1322  13.5  523  13.1  24.9   9.9  63.9  40.0 1252  15.1  -9.0  -9.0 -9.00 1012.0 1013.5 1016.6    1 1011.1 1758  9.4  5.4 14.2 -9.0 -9.00 -9.00   -9   -9.0   -9.0 -9.00   -9.0   -9   -9.0   -9   -9.0   -9   -9.0   -9   -9.0   -9 -99.0 -99.0 -99.0 -99.0 -99.0
20260519 238  0.9   745  34  2.2 1137  27  4.1 1232  21.2  28.7 1351  12.6  534  12.3  26.2   8.0  60.4  33.0 1130  14.3  -9.0  -9.0 -9.00  993.3 1012.9 1016.5    1 1010.4 1650  8.3  6.3 14.2 -9.0 -9.00 -9.00   -9   -9.0   -9.0 -9.00   -9.0   -9   -9.0   -9   -9.0   -9   -9.0   -9   -9.0   -9 -99.0 -99.0 -99.0 -99.0 -99.0
20260519 239  1.2  1022  34  2.9 1911  29  5.4 1848  21.2  26.8 1237  14.9  547  11.6  24.7  11.9  56.4  33.0 1409  13.7   5.2   3.6 -9.00 1002.5 1012.9 1015.9    1 1010.7 1809  8.8  5.4 14.2 -9.0 19.48  3.21 1200   -9.0   -9.0 -9.00   -9.0   -9   -9.0   -9   -9.0   -9   -9.0   -9   -9.0   -9 -99.0 -99.0 -99.0 -99.0 -99.0
20260519 243  1.1   973  18  3.1  825  20  5.7 1137  21.3  27.5 1255  14.5  529  14.3  24.2   9.3  66.8  42.0 1305  16.4  -9.0  -9.0 -9.00 1011.9 1013.4 1016.5    5 1011.4 1711  8.6  5.8 14.2 -9.0 -9.00 -9.00   -9    0.0   -9.0 -9.00    0.0   -9    0.0   -9   -9.0   -9   -9.0   -9   -9.0   -9 -99.0 -99.0 -99.0 -99.0 -99.0
20260519 244  1.3  1145  27  4.3 1308  18  8.1 1139  19.9  27.3 1320  10.9  539  12.2  20.8   7.8  64.8  38.0 1342  14.3  -9.0  -9.0 -9.00  984.8 1013.3 1017.2    1 1010.7 1600  8.0  7.4 14.2 -9.0 -9.00 -9.00   -9    0.0   -9.0 -9.00    0.0   -9    0.0   -9   -9.0   -9   -9.0   -9   -9.0   -9 -99.0 -99.0 -99.0 -99.0 -99.0
20260519 245  1.7  1454  18  4.1 1148  18  7.3 1142  22.4  28.9 1420  14.3  506  13.0  25.6   9.6  57.4  37.0 1421  15.1   6.0   4.2 -9.00 1005.1 1013.1 1016.4    1 1011.0 1710  8.5  7.1 14.1 -9.0 21.55  3.38 1100    0.0   -9.0 -9.00    0.0   -9    0.0   -9   -9.0   -9   -9.0   -9   -9.0   -9 -99.0 -99.0 -99.0 -99.0 -99.0
20260519 247  2.5  2181  25  5.8 1152  25 10.2 1214  21.2  28.1 1317  13.1  454  13.0  27.4  11.1  61.6  35.0 1343  15.1  -9.0  -9.0 -9.00  997.9 1013.3 1016.7    1 1010.7 1615  7.1  8.9 14.1 -9.0 -9.00 -9.00   -9    0.2   -9.0 -9.00    0.2   -9    0.2   -9   -9.0   -9   -9.0   -9   -9.0   -9 -99.0 -99.0 -99.0 -99.0 -99.0
20260519 248  1.2  1045  25  3.5 1258  25  5.8 1300  19.2  26.0 1231   9.5  524  11.2  23.0   5.8  63.6  35.0  910  13.4  -9.0  -9.0 -9.00  967.2 1013.7 1017.9    1 1010.8 1616  7.9  7.0 14.2 -9.0 -9.00 -9.00   -9   -9.0   -9.0 -9.00   -9.0   -9   -9.0   -9   -9.0   -9   -9.0   -9   -9.0   -9 -99.0 -99.0 -99.0 -99.0 -99.0
20260519 251  2.3  1963  18  5.9 1154  18  9.7 1125  22.1  27.1 1354  14.6  426  13.8  23.8  10.5  60.8  43.0 1414  15.8   5.8   4.0 -9.00 1005.7 1012.5 1015.7    1 1010.5 1653  7.9  4.9 14.1 -9.0 22.56  3.12 1100   -9.0   -9.0 -9.00   -9.0   -9   -9.0   -9   -9.0   -9   -9.0   -9   -9.0   -9 -99.0 -99.0 -99.0 -99.0 -99.0
20260519 252  2.0  1717  16  4.0 1301  18  7.3 1142  21.7  27.5 1343  14.2  448  14.4  23.4   9.2  65.1  44.0 1302  16.5   5.5   3.8 -9.00 1008.7 1013.0 1016.0    1 1010.9 1801  7.5  6.2 14.1 -9.0 22.20  3.11 1200    0.5   -9.0 -9.00    0.5 2136    0.5 2136   -9.0   -9   -9.0   -9   -9.0   -9 -99.0 -99.0 -99.0 -99.0 -99.0
20260519 253  1.4  1203  16  4.0 1626  16  6.6 1416  22.6  29.9 1409  16.2  504  13.8  28.1  12.6  60.3  32.0 1017  15.8   6.6   4.6 -9.00 1008.5 1014.9 1017.3    1 1013.2 1547  6.4 10.9 14.1 -9.0 25.47  3.48 1200    0.6   -9.0 -9.00    0.6 2301    0.6 2325   -9.0   -9   -9.0   -9   -9.0   -9 -99.0 -99.0 -99.0 -99.0 -99.0
20260519 254  1.7  1484  18  4.3 1304  16  8.3 1156  20.5  27.4 1237  12.2  513  12.4  24.8   8.9  62.6  35.0 1513  14.5   6.1   4.2 -9.00  998.9 1013.9 1017.3    1 1011.5 1713  8.3  8.1 14.1 -9.0 23.83  3.32 1100    0.1   -9.0 -9.00    0.1   -9    0.1   -9   -9.0   -9   -9.0   -9   -9.0   -9 -99.0 -99.0 -99.0 -99.0 -99.0
20260519 255  1.0   881  18  3.2 1249  23  7.8 1249  23.0  29.7 1145  17.1  532  13.5  27.1  11.8  57.3  31.0  958  15.6   6.0   4.2 -9.00 1008.0 1013.9 1016.6    1 1011.9 1717  6.5 10.6 14.1 -9.0 24.06  3.33 1200    0.2   -9.0 -9.00    0.2   -9    0.2   -9   -9.0   -9   -9.0   -9   -9.0   -9 -99.0 -99.0 -99.0 -99.0 -99.0
20260519 257  1.9  1667  20  4.5 1331  23  7.6 1213  22.6  29.9 1228  14.5  443  13.5  27.3  10.9  59.9  32.0 1036  15.6   7.1   5.0 -9.00 1013.3 1014.0 1016.6    1 1012.1 1546  6.8  9.3 14.1 -9.0 25.41  3.40 1200    0.0   -9.0 -9.00    0.0   -9    0.0   -9   -9.0   -9   -9.0   -9   -9.0   -9 -99.0 -99.0 -99.0 -99.0 -99.0
20260519 258  2.2  1883  16  4.4 1636  20  5.5 1421  20.0  25.9 1249  13.1  606  15.7  23.1  10.5  77.8  58.0 1241  17.9   5.1   3.6 -9.00 1014.4 1014.6 1017.4    1 1012.6 1658  8.0  7.0 14.1 -9.0 22.92  3.19 1000    2.2   -9.0 -9.00    2.2 2301    1.7 2351   -9.0   -9   -9.0   -9   -9.0   -9 -99.0 -99.0 -99.0 -99.0 -99.0
20260519 259  1.8  1597  16  4.6 1213  16  7.8 1213  20.6  26.0 1343  14.0  232  16.3  24.8  11.6  78.0  56.0 1213  18.7   4.2   2.9 -9.00 1011.7 1013.5 1016.6    1 1011.7 1645  8.4  5.2 14.1 -9.0 18.71  2.93 1200    2.7   -9.0 -9.00    2.4 2210    1.0 2227   -9.0   -9   -9.0   -9   -9.0   -9 -99.0 -99.0 -99.0 -99.0 -99.0
20260519 260  2.2  1896  14  5.6 1236  14  9.1 1240  19.6  24.8 1227  12.6  412  16.2  26.1   9.1  81.4  67.0 1223  18.7  -9.0  -9.0 -9.00 1008.6 1013.8 1016.9    2 1011.9 1829  7.8  5.1 14.1 -9.0 -9.00 -9.00   -9    2.0   -9.0 -9.00    1.3 2256    0.6 2321   -9.0   -9   -9.0   -9   -9.0   -9 -99.0 -99.0 -99.0 -99.0 -99.0
20260519 261  4.1  3559  11  7.3 1226  11 10.1 1220  20.9  25.5 1207  15.0  226  17.3  27.0  10.8  80.9  62.0 1208  19.8  -9.0  -9.0 -9.00 1011.6 1013.5 1016.7    1 1011.6 1831  7.8  7.4 14.1 -9.0 -9.00 -9.00   -9    0.3   -9.0 -9.00    0.3 2132    0.3 2222   -9.0   -9   -9.0   -9   -9.0   -9 -99.0 -99.0 -99.0 -99.0 -99.0
20260519 262  1.3  1153  16  3.5 1130  20  7.0 1125  19.4  25.8 1301  11.8  401  15.6  23.2  13.4  79.6  56.0 1204  17.9   4.0   2.8 -9.00 1008.0 1014.1 1017.0    1 1012.1 1852  7.9  5.3 14.1 -9.0 17.79  2.62 1200    2.9   -9.0 -9.00    2.7 2301    1.1 2329   -9.0   -9   -9.0   -9   -9.0   -9 -99.0 -99.0 -99.0 -99.0 -99.0
20260519 263  1.8  1520  23  4.6 1406  20  8.4 1350  20.9  28.8 1438  11.9  541  11.9  25.6   8.8  60.3  29.0 1515  14.0   7.0   4.9 -9.00 1012.5 1014.1 1016.6    1 1012.1 1700  6.0  8.7 14.1 -9.0 25.54  3.62 1100    0.1   -9.0 -9.00    0.1   -9    0.1   -9   -9.0   -9   -9.0   -9   -9.0   -9 -99.0 -99.0 -99.0 -99.0 -99.0
20260519 264  1.4  1247  11  4.8 1245  11  9.4 1244  20.7  28.9 1333  11.2  548  10.7  25.9   9.2  56.6  30.0 1407  12.9   6.7   4.7 -9.00  996.3 1013.9 1017.0    1 1011.1 1624  7.0  8.0 14.1 -9.0 24.02  3.51 1200    0.0   -9.0 -9.00    0.0   -9    0.0   -9   -9.0   -9   -9.0   -9   -9.0   -9 -99.0 -99.0 -99.0 -99.0 -99.0
20260519 266  1.2  1005  23  3.5 1218  25  6.6 1212  21.4  26.7 1246  15.7  529  15.2  26.0  11.6  69.0  49.0 1551  17.4   5.5   3.8 -9.00 1004.4 1014.6 1017.4    1 1012.8 1710  7.0  9.4 14.1 -9.0 24.96  3.68 1100    0.4   -9.0 -9.00    0.3 2339    0.2 2339   -9.0   -9   -9.0   -9   -9.0   -9 -99.0 -99.0 -99.0 -99.0 -99.0
20260519 268  2.5  2176   9  5.7 1516   9 10.2 1514  20.8  24.6 1526  14.2  226  17.0  26.2  13.2  79.9  62.0 1159  19.4  -9.0  -9.0 -9.00 1010.7 1011.9 1015.2    1 1009.9 1834  8.4  7.2 14.1 -9.0 -9.00 -9.00   -9    3.1   -9.0 -9.00    2.4 2126    0.6 2150   -9.0   -9   -9.0   -9   -9.0   -9 -99.0 -99.0 -99.0 -99.0 -99.0
20260519 271  1.1   923   7  3.6 1559   7  6.7 1554  20.0  28.5 1349  11.0  520   8.2  26.2   7.7  51.5  25.0 1216  11.0  -9.0  -9.0 -9.00  977.3 1014.6 1017.0   31 1011.1 1535  8.6 -9.0 14.2 -9.0 -9.00 -9.00   -9   -9.0   -9.0 -9.00   -9.0   -9   -9.0   -9   -9.0   -9   -9.0   -9   -9.0   -9 -99.0 -99.0 -99.0 -99.0 -99.0
20260519 272  1.3  1150  20  3.3 1454  20  6.6 1451  21.5  29.2 1353  14.1  556  10.5  29.6  12.0  52.8  31.0 1404  12.8  -9.0  -9.0 -9.00  989.6 1013.9 1015.7  521 1010.9 1554  8.1  7.3 14.3 -9.0 -9.00 -9.00   -9   -9.0   -9.0 -9.00   -9.0   -9   -9.0   -9   -9.0   -9   -9.0   -9   -9.0   -9 -99.0 -99.0 -99.0 -99.0 -99.0
20260519 273  1.1   971   9  3.0 1233  32  6.2  116  22.2  28.8 1247  14.8  555  11.3  29.3   8.8  51.9  34.0 1248  13.5  -9.0  -9.0 -9.00  993.0 1012.9 1014.9   16 1010.2 1749  8.0  7.1 14.2 -9.0 -9.00 -9.00   -9   -9.0   -9.0 -9.00   -9.0   -9   -9.0   -9   -9.0   -9   -9.0   -9   -9.0   -9 -99.0 -99.0 -99.0 -99.0 -99.0
20260519 276  1.4  1192   9  4.5 1634  11  7.5 1634  20.8  30.7 1406  10.0  503   8.7  28.2   5.2  50.0  25.0 1531  11.3   6.9   4.8 -9.00  989.4 1013.5 1016.2  612 1010.0 1522  7.4  9.2 14.2 -9.0 24.37  3.56 1200   -9.0   -9.0 -9.00   -9.0   -9   -9.0   -9   -9.0   -9   -9.0   -9   -9.0   -9 -99.0 -99.0 -99.0 -99.0 -99.0
20260519 277  2.7  2335   5  5.8 2022   2  8.8 2020  22.0  30.2 1339  16.4  535   9.9  29.6  13.8  47.1  28.0 1408  12.2  -9.0  -9.0 -9.00 1009.3 1014.0 1015.5 2159 1012.9 1334  7.3  9.3 14.2 -9.0 -9.00 -9.00   -9   -9.0   -9.0 -9.00   -9.0   -9   -9.0   -9   -9.0   -9   -9.0   -9   -9.0   -9 -99.0 -99.0 -99.0 -99.0 -99.0
20260519 278  1.1   913  25  3.4 1353  25  6.5 1356  22.5  31.0 1431  11.9  547  10.2  28.8   6.7  50.3  27.0 1509  12.5  -9.0  -9.0 -9.00 1003.3 1012.7 1015.1    3 1009.9 1551  7.8  8.4 14.2 -9.0 -9.00 -9.00   -9   -9.0   -9.0 -9.00   -9.0   -9   -9.0   -9   -9.0   -9   -9.0   -9   -9.0   -9 -99.0 -99.0 -99.0 -99.0 -99.0
20260519 279  1.5  1327  11  3.6 1224  14  7.0 1607  23.9  30.4 1546  16.0  509  10.8  30.9  11.3  46.3  25.0 1442  12.9   6.5   4.6 -9.00 1007.5 1013.2 1015.7   28 1010.5 1753  7.6  8.4 14.2 -9.0 21.61  3.35 1200   -9.0   -9.0 -9.00   -9.0   -9   -9.0   -9   -9.0   -9   -9.0   -9   -9.0   -9 -99.0 -99.0 -99.0 -99.0 -99.0
20260519 281  1.4  1212  27  3.8 1507  29  6.8 1502  22.4  30.9 1429  12.2  521   9.7  27.7   7.5  49.1  23.0 1502  12.1  -9.0  -9.0 -9.00 1003.1 1014.2 1016.5    8 1011.3 1642  7.0  9.2 14.2 -9.0 -9.00 -9.00   -9   -9.0   -9.0 -9.00   -9.0   -9   -9.0   -9   -9.0   -9   -9.0   -9   -9.0   -9 -99.0 -99.0 -99.0 -99.0 -99.0
20260519 283  2.6  2259  36  6.4 2047  36  8.8 2040  22.7  32.0 1503  12.7  520  11.3  28.4   9.6  52.4  26.0 1027  13.4   8.3   5.8 -9.00 1009.2 1013.9 1016.2    1 1011.1 1614  6.6  9.6 14.2 -9.0 26.17  3.47 1200   -9.0   -9.0 -9.00   -9.0   -9   -9.0   -9   -9.0   -9   -9.0   -9   -9.0   -9 -99.0 -99.0 -99.0 -99.0 -99.0
20260519 284  1.7  1482  14  5.1 1423  14  7.8 1301  20.3  28.1 1251  11.2  521  12.4  25.6   7.5  63.4  40.0 1220  14.4   5.8   4.1 -9.00  986.4 1012.8 1016.0    1 1009.8 1645  7.8  8.0 14.1 -9.0 22.41  3.03 1200    0.0   -9.0 -9.00    0.0   -9    0.0   -9   -9.0   -9   -9.0   -9   -9.0   -9 -99.0 -99.0 -99.0 -99.0 -99.0
20260519 285  1.1   935  20  3.2 1343  20  6.3 1341  21.5  29.6 1318  12.6  532  12.7  28.1  10.8  61.1  32.0 1411  14.7  -9.0  -9.0 -9.00 1011.0 1014.1 1016.5    1 1011.7 1641  6.5  9.5 14.1 -9.0 -9.00 -9.00   -9    0.1   -9.0 -9.00    0.1   -9    0.1   -9   -9.0   -9   -9.0   -9   -9.0   -9 -99.0 -99.0 -99.0 -99.0 -99.0
20260519 288  1.4  1218  16  4.2 1204  23  8.5 1326  22.7  30.5 1420  13.8  530  12.5  25.8  13.4  56.1  30.0 1357  14.5   6.9   4.8 -9.00 1011.7 1012.7 1015.3    1 1010.4 1549  7.0  9.9 14.1 -9.0 25.73  3.42 1300    0.0   -9.0 -9.00    0.0   -9    0.0   -9   -9.0   -9   -9.0   -9   -9.0   -9 -99.0 -99.0 -99.0 -99.0 -99.0
20260519 289  1.8  1516   7  4.5 1239   5 10.1 1310  20.2  27.8 1341  12.0  525  13.5  28.2   9.7  68.6  38.0 1403  15.6  -9.0  -9.0 -9.00  998.7 1014.7 1017.7   34 1012.2 1649  7.5  8.2 14.1 -9.0 -9.00 -9.00   -9    0.7   -9.0 -9.00    1.0 2315    0.5 2319   -9.0   -9   -9.0   -9   -9.0   -9 -99.0 -99.0 -99.0 -99.0 -99.0
20260519 294  1.1   949  29  3.6 1123  27  9.2 1119  21.0  26.1 1057  14.7  456  12.7  31.4  10.2  60.8  43.0 1537  14.8  -9.0  -9.0 -9.00 1009.7 1015.0 1017.5   13 1013.4 1718  6.8 10.7 14.1 -9.0 -9.00 -9.00   -9    0.0   -9.0 -9.00    0.0   -9    0.0   -9   -9.0   -9   -9.0   -9   -9.0   -9 -99.0 -99.0 -99.0 -99.0 -99.0
20260519 295  1.0   891  16  3.5 1200  16  6.0 1207  20.3  26.0 1427  14.9  556  13.9  25.8   9.8  67.8  49.0 1449  16.1  -9.0  -9.0 -9.00 1009.1 1014.5 1017.0    1 1012.7 1732  7.1  9.0 14.1 -9.0 -9.00 -9.00   -9    1.1   -9.0 -9.00    1.1 2301    0.8 2332   -9.0   -9   -9.0   -9   -9.0   -9 -99.0 -99.0 -99.0 -99.0 -99.0
20260519 296  1.8  1515  18  5.0 1242  16  8.6 1326  21.9  28.3 1155  13.3  458  15.3  25.7   7.9  68.1  38.0 1040  17.5   6.6   4.6 -9.00 1013.1 1013.5 1016.1    1 1011.8 1541  6.4 10.8 14.1 -9.0 26.65  3.55 1200    0.9   -9.0  0.43    0.9   -9    0.6 2324   -9.0   -9   -9.0   -9   -9.0   -9 -99.0 -99.0 -99.0 -99.0 -99.0
20260520  90  1.6  1396  11  4.7 2317  14  8.0 2259  15.8  18.6   18  14.5 1902  14.4  17.8  15.4  91.8  64.0  144  16.4   1.0   0.7 -9.00 1011.0 1013.1 1015.4  905 1009.3 2341 10.0  0.0 14.4 -9.0  3.16  0.40 1000   51.7   -9.0 -9.00    7.0 1934    1.5 2024   -9.0   -9   -9.0   -9   -9.0   -9 -99.0 -99.0 -99.0 -99.0 -99.0
20260520  93  1.0   844   5  3.9 1511   5  8.1 1509  16.4  20.5   56  14.6 2127  14.3  17.7  14.3  88.0  54.0   57  16.3   0.9   0.6 -9.00  999.5 1010.8 1014.3   25 1007.2 2252 10.0  0.0 14.4 -9.0  2.67  0.41 1000   54.7   73.0 18.00    7.4 2126    2.0 2202   -9.0   -9   -9.0   -9   -9.0   -9  22.7  19.7  16.2  12.8  12.1
20260520  95  2.2  1873   2  4.9 2237   2  7.6 2259  16.2  19.6   25  14.4 2114  14.2  16.8  14.1  89.5  63.0  516  16.2   0.9   0.6 -9.00  992.2 1010.5 1013.9   56 1007.0 2223 10.0  0.0 14.4 -9.0  2.41  0.33 1000   50.8   54.2 -9.00    7.2 2021    1.9 2104   -9.0   -9   -9.0   -9   -9.0   -9 -99.0 -99.0 -99.0 -99.0 -99.0
20260520  98  0.7   595   9  2.3 1018   9  4.7 1015  16.2  20.0    1  14.6 2058  12.9  17.6  14.6  82.4  57.0    2  14.9   0.9   0.6 -9.00  995.6 1009.2 1013.2   13 1005.5 2008 10.0  0.0 14.4 -9.0  2.35  0.37 1000   56.6   -9.0 -9.00    6.9 1954    2.0 2251   -9.0   -9   -9.0   -9   -9.0   -9 -99.0 -99.0 -99.0 -99.0 -99.0
20260520  99  1.9  1678   9  3.3 1642   9  6.2 1618  16.0  18.9    1  14.6 2320  14.0  17.7  15.1  89.3  68.0    1  16.0   0.9   0.6 -9.00 1005.9 1009.5 1013.8    1 1005.8 1918 10.0  0.0 14.4 -9.0  2.43  0.33 1000   55.1   -9.0 -9.00    9.3 1938    2.9 2028   -9.0   -9   -9.0   -9   -9.0   -9 -99.0 -99.0 -99.0 -99.0 -99.0
20260520 100  2.3  1957   9  3.9 1657  11  7.8 2230  11.9  15.1  314  10.6 1801  10.0  13.6  10.6  89.6  54.0  327  12.3   0.8   0.6 -9.00  924.2 1012.7 1016.5    1 1008.4 2319 10.0  0.0 14.3 -9.0  2.82  0.45  900   55.4   -9.0 -9.00    5.8 1850    1.5 2331   -9.0   -9   -9.0   -9   -9.0   -9 -99.0 -99.0 -99.0 -99.0 -99.0
20260520 101  1.7  1476  32  3.3  403  29  4.7 1859  16.4  20.0    1  14.5 2214  14.0  18.3  14.4  86.5  63.0   44  16.0   1.0   0.7 -9.00 1001.0 1010.0 1013.3   21 1006.4 2335 10.0  0.0 14.4 -9.0  2.74  0.41 1000   54.7   75.8 -9.00    7.0 2134    1.5 2217   -9.0   -9   -9.0   -9   -9.0   -9  20.6  16.7  14.7  13.8  15.1
20260520 102  3.7  3172  14  6.5  808  14 13.0  927  14.8  18.3  249  13.2 2048  12.8  14.8  13.3  88.6  65.0  249  14.8   0.8   0.6  2.00 1001.3 1005.6 1011.4   17 1000.8 2256  9.8  0.0 14.4 -9.0  2.46  0.42 1300   47.6   -9.0 21.00    8.9 1658    2.2 1727   -9.0   -9   -9.0   -9   -9.0   -9 -99.0 -99.0 -99.0 -99.0 -99.0
20260520 104  0.8   674  16  2.3    5  14  4.1 2319  15.5  19.0   16  14.0 1807  14.1  18.7  14.3  93.1  55.0   16  16.1   0.8   0.6 -9.00 1002.8 1011.7 1014.3  845 1008.0 2320 10.0  0.0 14.3 -9.0  2.82  0.49 1100   63.0   82.4 19.92    7.0 1612    1.5 1617   -9.0   -9   -9.0   -9   -9.0   -9  21.7  17.9  15.2  12.4  13.2
20260520 105  0.9   784  20  2.5  111   9  4.4 2251  16.8  20.8   58  15.1 1723  13.5  17.3  14.8  82.9  49.0   55  15.6   0.9   0.7 -9.00 1009.6 1012.8 1015.5  900 1009.0 2328 10.0  0.0 14.3 -9.0  2.76  0.47 1100   60.1   -9.0 -9.00    7.2 1916    1.6 1950   -9.0   -9   -9.0   -9   -9.0   -9  21.4 -99.0  16.9  14.4 -99.0
20260520 106  1.3  1162  23  2.7   44  14  4.6 2321  16.1  19.7  113  14.7 1723  13.8  17.5  14.5  87.6  47.0  344  15.8   1.0   0.7 -9.00 1008.2 1013.0 1016.2    6 1009.1 2328 10.0  0.0 14.3 -9.0  3.31  0.56 1000   61.5   -9.0 -9.00    7.8 1815    2.3 2207   -9.0   -9   -9.0   -9   -9.0   -9 -99.0 -99.0 -99.0 -99.0 -99.0
20260520 108  3.6  3113   5  5.6 2045   5 10.7 2041  16.9  21.8    2  14.8 2310  13.8  17.8  14.6  84.3  52.0  455  15.9   1.0   0.7 -9.00  998.8 1008.8 1012.8    1 1004.9 2031 10.0  0.0 14.3 -9.0  2.94  0.44 1000   63.1   73.6 20.50    7.6 1918    1.9 1942   -9.0   -9   -9.0   -9   -9.0   -9  20.1  17.4  16.2  13.7  13.5
20260520 112  3.2  2730   9  5.3 1550   9  9.9 1924  17.1  21.2    5  15.6 2237  14.9  17.5  15.3  88.1  52.0  406  16.9   0.8   0.6 -9.00  999.9 1007.9 1012.4   23 1003.6 2000 10.0  0.0 14.3 -9.0  2.76  0.41 1300   56.0   58.2 21.42    6.4 1706    1.7 1909   -9.0   -9   -9.0   -9   -9.0   -9  18.7  17.0  12.8  14.4  13.4
20260520 114  1.3  1147   5  3.1  140  34  5.1 2350  16.8  22.5   51  14.6 2256  13.2  18.5  14.4  81.6  41.0   49  15.2   0.9   0.6 -9.00  992.2 1009.7 1013.3  816 1005.8 2400 10.0  0.0 14.3 -9.0  2.70  0.35 1100   55.7   -9.0 -9.00    8.3 1830    2.3 2243   -9.0   -9   -9.0   -9   -9.0   -9 -99.0 -99.0 -99.0 -99.0 -99.0
20260520 115  4.8  4144   2 11.3 1712   5 17.3 2000  17.3  20.6  241  14.4 1811  13.0  18.2  13.7  78.8  42.0  238  15.1   1.4   1.0  5.42  985.9 1011.7 1015.1    2 1008.3 2400 10.0  0.0 14.3 -9.0  4.32  0.56 1300   34.3   64.0 14.95    7.5 2115    2.5 2115   -9.0   -9   -9.0   -9   -9.0   -9  18.5  14.7  13.8  12.0  13.2
20260520 119  3.2  2724   9  5.5 1105  11  9.4 1057  16.7  22.3    1  15.1 2355  14.1  17.4  14.9  85.8  49.0   25  16.1   1.0   0.7 -9.00 1003.8 1008.5 1012.3   18 1004.4 2335  9.9  0.0 14.3 -9.0  2.53  0.35 1400   70.0   74.0 22.67    9.3 1842    2.4 1845   -9.0   -9   -9.0   -9   -9.0   -9  19.9  16.7  14.3  11.8  12.3
20260520 121  1.3  1140   9  5.5  451  11  9.4  434  15.5  20.5    1  13.6 2027  12.7  17.9  13.8  86.0  44.0    1  14.8   1.0   0.7 -9.00  983.1 1011.2 1015.6  757 1007.3 2302  9.9  0.0 14.3 -9.0  3.45  0.50 1100   52.1   -9.0 -9.00    6.3 1729    1.8 2338   -9.0   -9   -9.0   -9   -9.0   -9 -99.0 -99.0 -99.0 -99.0 -99.0
20260520 127  2.6  2287   9  5.7 1628   7 11.1 1722  16.5  23.0    1  15.1 2110  12.2  18.8  14.7  78.5  32.0  153  14.4   1.3   0.9 -9.00  995.6 1009.1 1012.8  823 1005.3 2211 10.0  0.0 14.3 -9.0  2.91  0.53 1100   49.8   -9.0 -9.00    6.2 1445    1.3 1524   -9.0   -9   -9.0   -9   -9.0   -9 -99.0 -99.0 -99.0 -99.0 -99.0
20260520 129  3.0  2568   7  5.4 1452   9  9.2 1247  16.9  21.0    1  16.1 1907  15.6  19.0  15.6  93.0  55.0    5  17.7   0.8   0.6 -9.00 1003.9 1006.9 1011.8    1 1002.8 2347  9.9  0.0 14.3 -9.0  2.70  0.43 1200   69.3   68.7 -9.00    8.6 1531    2.3 1900   -9.0   -9   -9.0   -9   -9.0   -9  19.0  16.4  16.4  13.0  14.6
20260520 130  1.5  1290  32  2.8 1746  29  7.0 1810  15.5  18.8   51  14.5 1412  13.7  17.8  14.2  91.0  53.0   39  15.8  -9.0  -9.0 -9.00 1006.8 1012.6 1015.6  823 1008.3 2359 10.0  0.0 14.3 -9.0 -9.00 -9.00   -9   57.9   -9.0 -9.00    8.6 1731    2.0 1744   -9.0   -9   -9.0   -9   -9.0   -9 -99.0 -99.0 -99.0 -99.0 -99.0
20260520 131  1.7  1451   9  3.9 1001  14  6.1  242  17.3  24.5    6  15.8 2224  13.4  18.3  15.6  79.6  34.0   58  15.4   1.1   0.8 -9.00 1001.7 1008.6 1012.4  708 1004.6 2354 10.0  0.0 14.2 -9.0  2.55  0.48 1100   64.9   59.8 21.35    8.6 2159    4.4 2207   -9.0   -9   -9.0   -9   -9.0   -9 -99.0 -99.0 -99.0 -99.0 -99.0
20260520 133  3.0  2632  14  5.7 2228  14  9.7 1649  16.4  22.4  159  14.9 2315  14.6  18.8  15.2  90.9  48.0  159  16.7   0.9   0.7 -9.00 1000.9 1008.9 1012.6  637 1004.9 2349 10.0  0.0 14.2 -9.0  2.91  0.48 1200   74.0   62.4 21.33    7.6 1535    2.6  649   -9.0   -9   -9.0   -9   -9.0   -9  22.1  19.9  16.9  14.4  15.2
20260520 135  3.8  3281   9  5.9 1828   9  9.0 1844  14.4  21.0    6  13.8 2029  13.1  17.6  14.3  92.1  53.0    4  15.1   1.0   0.7 -9.00  981.4 1010.2 1013.7  228 1006.0 2338 10.0  0.0 14.2 -9.0  2.74  0.50 1200   82.4   -9.0 -9.00   11.5 1512    2.7 1539   -9.0   -9   -9.0   -9   -9.0   -9 -99.0 -99.0 -99.0 -99.0 -99.0
20260520 136  1.1   960  11  3.0  943  11  5.5  939  14.8  21.3    1  13.9  716  13.1  16.6  14.2  90.0  40.0    1  15.1   0.9   0.6 -9.00  995.5 1012.2 1016.2  744 1007.4 2343 10.0  0.0 14.2 -9.0  2.08  0.35 1100   75.9   63.7 22.17    8.8 1729    2.0 1738   -9.0   -9   -9.0   -9   -9.0   -9 -99.0 -99.0 -99.0 -99.0 -99.0
20260520 137  1.0   888   5  2.2  717   5  5.2  708  14.8  21.8   38  13.8  856  14.1  16.6  14.3  96.4  41.0    1  16.1   0.7   0.5 -9.00  998.8 1010.2 1013.5  628 1005.7 2352 10.0  0.0 14.2 -9.0  1.99  0.33 1000   91.1   -9.0 -9.00   12.2 1523    3.4 1545   -9.0   -9   -9.0   -9   -9.0   -9 -99.0 -99.0 -99.0 -99.0 -99.0
20260520 138  2.6  2261   5  6.1 1814   5  9.2 1556  16.1  19.2    1  14.9  921  14.8  17.9  14.8  92.8  68.0  209  16.8   0.9   0.6 -9.00 1010.6 1011.1 1014.8  811 1006.4 2351 10.0  0.0 14.2 -9.0  3.04  0.62 1300   45.7   34.2 22.17    6.1  714    1.9 1139   -9.0   -9   -9.0   -9   -9.0   -9  20.6  17.3  16.1  14.9  15.6
20260520 140  2.6  2237   5  4.8 1326   7  9.9  545  17.5  21.0    1  16.7  503  15.6  18.2  15.2  89.1  67.0   22  17.7  -9.0  -9.0 -9.00 1004.6 1007.9 1012.5    1 1003.8 2354 10.0  0.0 14.2 -9.0 -9.00 -9.00   -9   65.8   -9.0 -9.00    8.3 1532    3.1 1618   -9.0   -9   -9.0   -9   -9.0   -9 -99.0 -99.0 -99.0 -99.0 -99.0
20260520 143  3.5  3038  14  6.1 1944   9 10.5 1254  15.6  21.9    1  14.9  524  14.4  17.6  14.7  92.6  43.0    1  16.4   1.1   0.8 -9.00 1003.8 1010.3 1013.9  313 1005.5 2347 10.0  0.0 14.2 -9.0  3.15  0.53 1300   57.0   -9.0 23.10    6.1  726    3.2  739   -9.0   -9   -9.0   -9   -9.0   -9 -99.0 -99.0 -99.0 -99.0 -99.0
20260520 146  1.7  1485  14  3.8  149  11  7.1  208  18.4  22.4    1  16.7  626  16.5  19.5  15.0  89.4  62.0   40  18.8   1.1   0.8 -9.00 1000.0 1007.1 1011.9   15 1003.2 2348 10.0  0.0 14.2 -9.0  2.82  0.59 1100   73.6   63.5 23.00   11.7 1727    3.2 1802   -9.0   -9   -9.0   -9   -9.0   -9 -99.0 -99.0 -99.0 -99.0 -99.0
20260520 152  2.0  1695   5  3.6  451   2  6.3 1826  15.9  20.0    1  14.9 1723  14.4  18.8  15.0  91.5  65.0    9  16.4   0.9   0.6 -9.00 1000.9 1010.5 1013.5    1 1006.1 2358 10.0  0.0 14.2 -9.0  2.65  0.40  900   34.3   -9.0 21.33    5.3 1916    1.7 1055   -9.0   -9   -9.0   -9   -9.0   -9 -99.0 -99.0 -99.0 -99.0 -99.0
20260520 155  1.1   968   5  2.2  323   5  4.7  814  17.4  19.3   28  16.6 2256  16.8  19.4  16.6  96.8  85.0   30  19.1   0.7   0.5 -9.00 1005.4 1009.5 1014.1   49 1005.8 2400 10.0  0.0 14.1 -9.0  1.54  0.22 1200   71.4   -9.0 23.77   10.5  442    3.3  455   -9.0   -9   -9.0   -9   -9.0   -9 -99.0 -99.0 -99.0 -99.0 -99.0
20260520 156  2.2  1879  14  5.2 1645  16  9.7 1658  19.0  20.4 1242  17.5  548  17.8  20.1  17.2  92.8  89.0    1  20.4   1.1   0.8 -9.00  997.7 1005.9 1011.4    1 1002.8 2400  9.8  0.0 14.1 -9.0  3.34  0.66 1100   35.7   -9.0 21.38    5.4  858    2.8 2129   -9.0   -9   -9.0   -9   -9.0   -9 -99.0 -99.0 -99.0 -99.0 -99.0
20260520 159  3.0  2564   9  5.5 1209   9  9.3 1420  17.4  21.9   56  16.0 1900  15.6  18.5  14.5  89.6  54.0   13  17.7   1.0   0.7 -9.00 1001.2 1009.4 1013.0    1 1006.2 2352 10.0  0.0 14.1 -9.0  2.60  0.45 1200   27.9   41.5 18.27    5.4 1756    2.2  927   -9.0   -9   -9.0   -9   -9.0   -9  21.5  18.6  17.7  15.3  16.7
20260520 162  2.5  2119   5  4.6  311   5  7.2  540  17.3  19.0    1  16.8 2246  16.6  19.4  17.2  96.0  80.0    1  18.9   0.8   0.6 -9.00 1004.8 1008.5 1013.2    3 1005.3 2400 10.0  0.0 14.1 -9.0  1.97  0.24 1300   63.8   -9.0 -9.00   14.7 1605    5.0  957   -9.0   -9   -9.0   -9   -9.0   -9 -99.0 -99.0 -99.0 -99.0 -99.0
20260520 165  3.6  3121  14  6.5 1629  16  9.8 1630  19.6  20.1 1453  18.8  642  19.1  20.2  17.8  97.5  86.0    1  22.1   0.8   0.6 -9.00 1001.2 1006.4 1011.4    1 1003.7 2021 10.0  0.0 14.1 -9.0  3.05  0.43 1200   34.8   26.6 20.33    5.3 1808    2.6  616   -9.0   -9   -9.0   -9   -9.0   -9  20.8  18.8  16.5  14.9  14.5
20260520 168  4.8  4112   9  8.5  754   9 13.2  750  17.3  18.3    1  17.0 1036  16.8  17.5  16.8  97.1  88.0    1  19.1   0.8   0.6 -9.00 1001.0 1008.7 1013.6    1 1005.3 2358 10.0  0.0 14.1 -9.0  2.02  0.32 1000  124.0  109.9 24.00   14.8 1425    4.9  852   -9.0   -9   -9.0   -9   -9.0   -9  21.4  18.4  16.5  15.3  16.6
20260520 169  8.2  7120  14 14.9  954  16 21.4  948  16.9  19.1 2315  15.4  210  16.5  17.6  16.8  97.9  97.0 1616  18.8   1.0   0.7 21.32  996.4 1005.2 1010.5    3 1002.3 1948  9.6  0.0 14.1 -9.0  2.97  0.66 1400   24.7   -9.0 20.65    5.3 1114    1.9 1817   -9.0   -9   -9.0   -9   -9.0   -9 -99.0 -99.0 -99.0 -99.0 -99.0
20260520 170  4.4  3773  14  8.0 1344  16 10.9 1207  18.6  19.4 1732  17.9  135  17.7  19.7  17.9  95.3  93.0    1  20.3   1.3   0.9 -9.00 1003.5 1007.6 1012.7    1 1004.8 2400 10.0  0.0 14.1 -9.0  3.00  0.45 1300  138.4   -9.0 -9.00   29.9 2146    9.1 2220   -9.0   -9   -9.0   -9   -9.0   -9 -99.0 -99.0 -99.0 -99.0 -99.0
20260520 172  4.1  3504  11  7.8 1546  11 13.3 1542  19.3  20.7    6  17.4  449  18.5  18.3  17.4  95.9  73.0    1  21.4   1.2   0.8 -9.00  999.8 1005.9 1011.5    1 1002.6 2400  9.9  0.0 14.2 -9.0  3.48  0.83 1100   35.6   -9.0 -9.00   10.7 1740    3.4 1827   -9.0   -9   -9.0   -9   -9.0   -9 -99.0 -99.0 -99.0 -99.0 -99.0
20260520 174  1.0   860  14  3.7 2227  16  6.1 2222  17.0  17.7    2  16.5  217  16.0  18.6  16.6  94.3  90.0 1133  18.2  -9.0  -9.0 -9.00  987.7 1007.0 1012.1    7 1003.8 2359 10.0  0.0 14.1 -9.0 -9.00 -9.00   -9   54.3   -9.0 -9.00    6.3 2203    2.0   11   -9.0   -9   -9.0   -9   -9.0   -9 -99.0 -99.0 -99.0 -99.0 -99.0
20260520 177  1.8  1538  36  3.5  619   2  5.0 1321  17.1  20.2   21  16.0 1843  15.6  18.5  15.8  91.5  70.0   19  17.7   0.9   0.6 -9.00 1003.1 1006.4 1010.7    1 1002.4 2352 10.0  0.0 14.2 -9.0  2.23  0.36 1200   89.8   82.6 22.00    8.8 1544    2.1 1606   -9.0   -9   -9.0   -9   -9.0   -9 -99.0 -99.0 -99.0 -99.0 -99.0
20260520 181  2.2  1890  16  4.6  322  14  8.5  601  16.5  22.2  243  15.0 2212  14.0  18.2  14.7  87.0  44.0  211  16.0   0.9   0.7 -9.00 1005.1 1009.1 1012.9  703 1005.1 2353  9.9  0.0 14.2 -9.0  2.96  0.48 1100   63.8   -9.0 -9.00    7.8 2157    3.5 2208   -9.0   -9   -9.0   -9   -9.0   -9 -99.0 -99.0 -99.0 -99.0 -99.0
20260520 184  2.0  1736  23  5.9 2323  23 11.4 2337  23.1  25.1 1251  20.8   29  20.0  25.0  20.6  82.8  74.0 1253  23.4   2.3   1.6 -9.00 1003.5 1005.9 1009.8    9 1003.4 1953 10.0  0.0 14.0 -9.0  6.31  1.11 1000    1.4    5.4 11.98    0.9 1817    0.3 1820   -9.0   -9   -9.0   -9   -9.0   -9  22.4  20.1  18.9  17.2  16.3
20260520 185  7.0  6060  20  9.5 2400  14 13.2  212  20.8  21.7 1021  20.4 2114  20.7  23.0  21.0 100.0  99.0    1  24.4   1.0   0.7 -9.00  998.3 1006.5 1010.2    1 1004.4 1937  9.9  0.0 14.0 -9.0  4.42  0.66 1000    5.2   -9.0 -9.00    1.5  335    0.8  415   -9.0   -9   -9.0   -9   -9.0   -9 -99.0 -99.0 -99.0 -99.0 -99.0
20260520 188  3.5  3010  20  6.0 2230  18  9.0 2227  21.0  21.9 2344  19.6  136  20.4  21.5  19.1  96.8  95.0 1233  24.0  -9.0  -9.0 -9.00 1005.0 1007.4 1011.8    1 1005.0 2248  9.6  0.0 14.0 -9.0 -9.00 -9.00   -9    4.9   -9.0 -9.00    1.7  334    0.9  405   -9.0   -9   -9.0   -9   -9.0   -9 -99.0 -99.0 -99.0 -99.0 -99.0
20260520 189  2.0  1726  20  3.5 1105  23  6.9 1300  21.8  22.6 1403  21.0    2  20.9  22.8  20.9  94.9  91.0 1809  24.7   1.3   0.9  2.07 1001.6 1007.6 1011.8    1 1005.6 2108 10.0  0.0 14.0 -9.0  3.51  0.53 1100    9.0    7.0 11.05    2.2  114    0.8    5   -9.0   -9   -9.0   -9   -9.0   -9 -99.0 -99.0 -99.0 -99.0 -99.0
20260520 192  0.6   544   7  1.6 1131   7  4.1 1128  16.4  18.4    2  15.6 2326  15.7  18.8  16.3  96.0  88.0    2  17.8   0.8   0.5 -9.00 1006.1 1009.6 1014.3    1 1006.2 2326  9.9  0.0 14.1 -9.0  1.89  0.25 1100  111.9   86.7 -9.00   12.3 1402    3.5 1105   -9.0   -9   -9.0   -9   -9.0   -9 -99.0 -99.0 -99.0 -99.0 -99.0
20260520 201  2.4  2048   7  3.9 2050   7  7.5 1226  16.4  20.4    9  15.0 2324  14.4  16.3  14.5  89.6  59.0  101  16.5  -9.0  -9.0 -9.00 1003.3 1009.0 1013.4   27 1005.0 1910  9.9  0.0 14.3 -9.0 -9.00 -9.00   -9   66.3   -9.0 -9.00   11.9 1959    3.6 2001   -9.0   -9   -9.0   -9   -9.0   -9 -99.0 -99.0 -99.0 -99.0 -99.0
20260520 202  1.6  1423  18  3.0 1141  16  5.8 1928  16.6  22.1   23  15.1 2153  13.9  17.9  14.8  85.1  49.0   32  15.9  -9.0  -9.0 -9.00 1004.0 1009.6 1013.3  748 1005.9 2324 10.0  0.0 14.3 -9.0 -9.00 -9.00   -9   59.8   -9.0 -9.00    8.2 2136    3.9 2146   -9.0   -9   -9.0   -9   -9.0   -9 -99.0 -99.0 -99.0 -99.0 -99.0
20260520 203  0.9   781   5  2.2 1056   7  4.4  849  16.4  20.3  128  14.9 2302  14.9  18.6  14.8  92.6  63.0  127  17.0  -9.0  -9.0 -9.00 1000.6 1010.0 1013.5    5 1006.3 2357  9.9  0.0 14.3 -9.0 -9.00 -9.00   -9   74.6   -9.0 -9.00    9.5 1757    3.3 2227   -9.0   -9   -9.0   -9   -9.0   -9 -99.0 -99.0 -99.0 -99.0 -99.0
20260520 211  1.5  1318   5  3.0 1239   5  5.7 1231  15.5  18.9    8  13.9 1903  12.8  17.3  13.5  85.5  57.0    5  14.9  -9.0  -9.0 -9.00  987.6 1011.3 1014.3    1 1007.5 2338 10.0  0.0 14.4 -9.0 -9.00 -9.00   -9   50.9   -9.0 -9.00    6.0 2200    1.3 2231   -9.0   -9   -9.0   -9   -9.0   -9 -99.0 -99.0 -99.0 -99.0 -99.0
20260520 212  1.0   841  11  2.2  256   9  4.5  224  16.1  21.1   14  14.4 2104  13.8  17.4  14.3  87.8  44.0   49  15.8  -9.0  -9.0 -9.00  994.3 1010.8 1014.4  816 1007.0 2352  9.9  0.0 14.3 -9.0 -9.00 -9.00   -9   55.4   -9.0 -9.00    6.8 1948    2.1 2212   -9.0   -9   -9.0   -9   -9.0   -9 -99.0 -99.0 -99.0 -99.0 -99.0
20260520 216  0.8   670   2  2.1 1817   7  4.4 1313  12.4  16.0    9  11.3 1930  10.1  14.4  11.3  87.1  57.0    9  12.4   0.8   0.6 -9.00  930.8 1012.9 1016.7  843 1008.7 2333 10.0  0.0 14.3 -9.0  2.49  0.48 1000   85.7   -9.0 -9.00   13.1 1742    2.7 1809   -9.0   -9   -9.0   -9   -9.0   -9 -99.0 -99.0 -99.0 -99.0 -99.0
20260520 217  1.5  1294   5  3.4 2341   5  6.4 1442  13.8  18.2   30  12.1 2017  11.1  16.6  13.5  85.4  50.0   31  13.2  -9.0  -9.0 -9.00  975.8 1012.4 1016.2  820 1008.3 2312 10.0  0.0 14.3 -9.0 -9.00 -9.00   -9   63.8   -9.0 -9.00    7.6 1741    1.5 1818   -9.0   -9   -9.0   -9   -9.0   -9 -99.0 -99.0 -99.0 -99.0 -99.0
20260520 221  2.6  2245   5  4.7 1952   5  7.5 1933  15.1  20.0    1  13.4 2015  11.9  16.7  13.7  83.8  46.0    5  14.1  -9.0  -9.0 -9.00  979.7 1010.6 1014.6  731 1006.8 2341 10.0  0.0 14.3 -9.0 -9.00 -9.00   -9   55.8   -9.0 -9.00    8.1 1701    1.6 1722   -9.0   -9   -9.0   -9   -9.0   -9 -99.0 -99.0 -99.0 -99.0 -99.0
20260520 226  2.0  1709  18  4.5 1727  20  8.1 1726  15.5  22.2   23  14.5  951  14.0  16.9  14.0  91.8  41.0   21  16.0  -9.0  -9.0 -9.00  989.7 1009.8 1013.2  834 1005.7 2305 10.0  0.0 14.2 -9.0 -9.00 -9.00   -9   63.3   -9.0 -9.00    8.8  900    2.3  910   -9.0   -9   -9.0   -9   -9.0   -9 -99.0 -99.0 -99.0 -99.0 -99.0
20260520 232  3.1  2660   7  4.7 1849  11  7.9 1519  16.7  22.7   10  15.2 2037  14.7  19.1  15.1  90.9  41.0  157  16.8  -9.0  -9.0 -9.00  999.3 1009.3 1013.3  706 1005.3 2336  9.9  0.0 14.3 -9.0 -9.00 -9.00   -9   46.3   -9.0 -9.00    6.1 1405    1.4 1420   -9.0   -9   -9.0   -9   -9.0   -9 -99.0 -99.0 -99.0 -99.0 -99.0
20260520 235  2.6  2214   9  4.9 1956  14 10.1 2022  18.3  21.9    1  17.4  648  16.3  18.9  16.6  88.9  54.0    1  18.6   1.1   0.7 -9.00 1004.8 1006.0 1011.1    1 1002.1 2355 10.0  0.0 14.2 -9.0  2.53  0.44 1100   62.4   -9.0 -9.00    6.9 1311    2.0 1321   -9.0   -9   -9.0   -9   -9.0   -9 -99.0 -99.0 -99.0 -99.0 -99.0
20260520 236  1.5  1256   9  3.3 1932   9  6.3 1942  16.7  20.7    1  16.2 2033  16.2  18.7  16.2  97.3  66.0    1  18.4  -9.0  -9.0 -9.00 1006.3 1007.9 1012.3  101 1004.0 2356 10.0  0.0 14.2 -9.0 -9.00 -9.00   -9   79.2   -9.0 -9.00    7.5 1354    2.6 2220   -9.0   -9   -9.0   -9   -9.0   -9 -99.0 -99.0 -99.0 -99.0 -99.0
20260520 238  1.1   934  16  2.7  226  14  4.5  225  16.3  20.5   20  15.3 2127  15.4  17.9  15.5  95.3  63.0   22  17.5  -9.0  -9.0 -9.00  988.4 1008.3 1011.9  137 1004.3 2249 10.0  0.0 14.2 -9.0 -9.00 -9.00   -9   66.2   -9.0 -9.00    7.8  843    2.2  821   -9.0   -9   -9.0   -9   -9.0   -9 -99.0 -99.0 -99.0 -99.0 -99.0
20260520 239  2.0  1738  11  3.7 1512  14  6.1 1642  16.0  20.0    2  14.8 2301  14.9  19.1  16.6  94.5  62.0    2  17.0   0.8   0.5 -9.00  997.8 1008.3 1012.2  642 1004.4 2350 10.0  0.0 14.2 -9.0  2.56  0.47 1200   80.1   -9.0 -9.00    8.7 2208    3.8 2258   -9.0   -9   -9.0   -9   -9.0   -9 -99.0 -99.0 -99.0 -99.0 -99.0
20260520 243  2.4  2109   7  4.0  703   5  6.8  703  18.3  20.5   12  16.9  614  17.5  18.4  16.2  95.4  73.0  150  20.0  -9.0  -9.0 -9.00 1005.5 1006.9 1012.0    1 1003.0 2353  9.8  0.0 14.2 -9.0 -9.00 -9.00   -9   60.7   -9.0 -9.00    9.3 1610    2.0 1627   -9.0   -9   -9.0   -9   -9.0   -9 -99.0 -99.0 -99.0 -99.0 -99.0
20260520 244  1.1   971  20  3.2  115  20  6.5  113  17.1  20.4    1  15.6  312  16.1  18.8  15.4  94.0  67.0    1  18.3  -9.0  -9.0 -9.00  978.8 1007.4 1012.6  105 1004.0 2235 10.0  0.0 14.2 -9.0 -9.00 -9.00   -9   33.6   -9.0 -9.00    6.0  859    1.8  859   -9.0   -9   -9.0   -9   -9.0   -9 -99.0 -99.0 -99.0 -99.0 -99.0
20260520 245  2.3  1998  16  5.3 2135  20 10.5 2132  19.0  22.1   16  16.9  503  17.4  19.9  16.4  90.6  57.0   16  19.9   1.2   0.8 -9.00  998.7 1006.6 1011.8    1 1002.9 2355  9.8  0.0 14.2 -9.0  2.67  0.54 1100   46.1   -9.0 -9.00    7.5 1720    3.0 2216   -9.0   -9   -9.0   -9   -9.0   -9 -99.0 -99.0 -99.0 -99.0 -99.0
20260520 247  3.0  2628   9  5.4  701   9  9.1  227  17.0  19.3    1  15.5  339  15.8  17.8  15.2  92.9  77.0  148  18.0  -9.0  -9.0 -9.00  992.0 1007.6 1013.2   32 1004.2 2356 10.0  0.0 14.2 -9.0 -9.00 -9.00   -9   38.5   -9.0 -9.00    6.0 1324    1.5 1000   -9.0   -9   -9.0   -9   -9.0   -9 -99.0 -99.0 -99.0 -99.0 -99.0
20260520 248  1.2  1039  25  3.6 1938  25  8.3 1644  16.1  18.7   29  14.2  343  15.3  17.3  14.3  95.4  60.0   28  17.4  -9.0  -9.0 -9.00  961.6 1008.4 1013.8  106 1004.6 2356 10.0  0.0 14.2 -9.0 -9.00 -9.00   -9   51.0   -9.0 -9.00    5.8  329    2.0 1943   -9.0   -9   -9.0   -9   -9.0   -9 -99.0 -99.0 -99.0 -99.0 -99.0
20260520 251  1.9  1644  16  4.7 2211  16  9.3 2205  19.2  20.3 1659  17.0  531  17.3  19.1  16.7  89.5  74.0    1  19.8   1.2   0.8 -9.00  999.0 1005.9 1011.3   12 1002.5 2357  9.9  0.0 14.2 -9.0  2.95  0.62 1100   37.5   -9.0 -9.00   11.0 1745    3.3 1830   -9.0   -9   -9.0   -9   -9.0   -9 -99.0 -99.0 -99.0 -99.0 -99.0
20260520 252  1.9  1679  14  3.8 1437  16  8.1 2142  18.9  20.2    1  17.3  518  17.9  19.6  17.1  94.3  81.0    2  20.6   1.0   0.7 -9.00 1001.9 1006.3 1011.7    2 1003.1 2342 10.0  0.0 14.1 -9.0  2.35  0.63 1100   43.1   -9.0 -9.00    8.1 1722    3.0  141   -9.0   -9   -9.0   -9   -9.0   -9 -99.0 -99.0 -99.0 -99.0 -99.0
20260520 253  0.8   665  29  2.7  116  29  4.6  112  17.0  19.1   52  16.0 2357  16.8  19.8  16.3  98.9  83.0    6  19.1   0.6   0.4 -9.00 1004.0 1010.4 1014.6    1 1006.7 2358 10.0  0.0 14.1 -9.0  0.87  0.17 1200   48.4   -9.0 -9.00   10.9  902    4.3  918   -9.0   -9   -9.0   -9   -9.0   -9 -99.0 -99.0 -99.0 -99.0 -99.0
20260520 254  1.8  1528  18  4.8 2331  18  9.3 2328  18.0  19.9 1632  15.8  320  16.4  18.9  15.4  90.8  79.0    1  18.7   1.0   0.7 -9.00  992.9 1008.0 1013.4    6 1004.4 2400  9.9  0.0 14.2 -9.0  2.73  0.63 1100   36.0   -9.0 -9.00    7.9  922    2.4  932   -9.0   -9   -9.0   -9   -9.0   -9 -99.0 -99.0 -99.0 -99.0 -99.0
20260520 255  1.4  1189   7  3.7 1311   7  7.8 1303  17.8  20.1    1  16.9 2339  17.3  18.2  16.3  97.8  80.0    8  19.8   0.7   0.5 -9.00 1003.5 1009.5 1013.9   54 1005.6 2400 10.0  0.0 14.1 -9.0  1.59  0.28 1200   64.1   -9.0 -9.00   13.2  453    3.7  516   -9.0   -9   -9.0   -9   -9.0   -9 -99.0 -99.0 -99.0 -99.0 -99.0
20260520 257  3.4  2903   9  5.4 1543   7 11.2 2139  17.3  21.5  114  16.3 1922  16.3  18.3  15.1  94.9  64.0  111  18.6   0.7   0.5 -9.00 1009.4 1010.1 1014.1    1 1006.2 2358 10.0  0.0 14.2 -9.0  2.07  0.26 1200   34.3   -9.0 -9.00    6.2  930    3.3  950   -9.0   -9   -9.0   -9   -9.0   -9 -99.0 -99.0 -99.0 -99.0 -99.0
20260520 258  3.1  2716   9  5.3 1130  11  7.2 1106  18.1  18.4    1  17.7  504  17.7  18.3  17.6  97.9  95.0    1  20.2   0.8   0.5 -9.00 1008.5 1008.7 1013.7    1 1005.6 2359 10.0  0.0 14.1 -9.0  1.54  0.24 1100   82.7   -9.0 -9.00   15.7 2148    6.0 2221   -9.0   -9   -9.0   -9   -9.0   -9 -99.0 -99.0 -99.0 -99.0 -99.0
20260520 259  2.0  1699   9  3.4  205   9  7.7  200  18.8  19.7 1820  18.0  157  18.5  19.4  18.0  98.5  96.0    3  21.3   0.8   0.5 -9.00 1005.5 1007.4 1012.3    1 1004.6 1807 10.0  0.0 14.1 -9.0  2.03  0.40 1000   76.4   -9.0 -9.00   14.4 2118    4.0 2159   -9.0   -9   -9.0   -9   -9.0   -9 -99.0 -99.0 -99.0 -99.0 -99.0
20260520 260  1.9  1637  14  5.7 1826  14  8.4 1823  19.0  20.2 1121  18.0  256  18.2  19.9  18.0  95.0  92.0  137  20.9  -9.0  -9.0 -9.00 1002.3 1007.4 1012.5    1 1004.5 2334 10.0  0.0 14.1 -9.0 -9.00 -9.00   -9   57.0   -9.0 -9.00   14.9 2124    4.3 2148   -9.0   -9   -9.0   -9   -9.0   -9 -99.0 -99.0 -99.0 -99.0 -99.0
20260520 261  4.5  3909  11  7.4 1420  11 10.5 1245  19.2  20.4 1050  18.6  441  18.3  19.8  12.9  94.6  90.0    1  21.0  -9.0  -9.0 -9.00 1005.2 1007.1 1012.0    1 1004.6 1750 10.0  0.0 14.1 -9.0 -9.00 -9.00   -9   51.8   -9.0 -9.00   18.1 2054    5.3 2116   -9.0   -9   -9.0   -9   -9.0   -9 -99.0 -99.0 -99.0 -99.0 -99.0
20260520 262  1.7  1444   9  3.0 1435  20  6.4 1503  18.3  19.2 1122  17.7  154  17.5  18.6  17.9  95.5  91.0    1  20.0   1.0   0.7 -9.00 1002.0 1008.1 1013.1    1 1004.7 2346 10.0  0.0 14.1 -9.0  1.98  0.31 1100   86.8   -9.0 -9.00   17.8 2301    6.0 2329   -9.0   -9   -9.0   -9   -9.0   -9 -99.0 -99.0 -99.0 -99.0 -99.0
20260520 263  1.1   979   5  2.5  850   5  4.5  849  16.7  18.6    1  16.0 2349  14.8  19.4  16.1  89.3  78.0    2  16.8   1.0   0.7 -9.00 1008.1 1009.8 1014.2   22 1005.9 2337 10.0  0.0 14.2 -9.0  2.29  0.40 1200   92.3   -9.0 -9.00    9.4 1600    2.6 1347   -9.0   -9   -9.0   -9   -9.0   -9 -99.0 -99.0 -99.0 -99.0 -99.0
20260520 264  1.4  1217  11  3.0 1614  14  5.2   10  16.3  20.3    1  15.5  427  13.8  18.8  15.3  85.5  64.0    1  15.8   1.2   0.8 -9.00  991.8 1009.6 1014.4  134 1005.9 2357 10.0  0.0 14.2 -9.0  2.47  0.41  900   48.8   -9.0 -9.00    6.5 1328    2.5 1409   -9.0   -9   -9.0   -9   -9.0   -9 -99.0 -99.0 -99.0 -99.0 -99.0
20260520 266  2.4  2088   7  4.9 1447   7  9.6  533  17.3  19.1    1  17.0  310  17.2  18.9  16.5 100.0  91.0    2  19.6   0.7   0.5 -9.00  998.8 1009.2 1013.9    8 1005.8 2343 10.0  0.0 14.1 -9.0  2.28  0.34 1000   98.4   -9.0 -9.00   12.4 1347    3.1 1318   -9.0   -9   -9.0   -9   -9.0   -9 -99.0 -99.0 -99.0 -99.0 -99.0
20260520 268  3.0  2577  11  5.4 1318  18 10.5 1702  19.8  20.7 1230  18.7  201  19.0  19.8  18.5  95.4  90.0  416  22.0  -9.0  -9.0 -9.00 1004.2 1005.3 1010.1    1 1002.6 2015 10.0  0.0 14.1 -9.0 -9.00 -9.00   -9   49.2   -9.0 -9.00   15.4 2043    4.5 2057   -9.0   -9   -9.0   -9   -9.0   -9 -99.0 -99.0 -99.0 -99.0 -99.0
20260520 271  1.0   824  16  2.4  922  20  4.8 1434  14.0  18.0   18  13.0  402  12.1  15.5  12.6  89.1  48.0   15  14.2  -9.0  -9.0 -9.00  974.2 1012.2 1016.2  806 1007.8 2347 10.0  0.0 14.3 -9.0 -9.00 -9.00   -9   66.5   -9.0 -9.00    9.7 1711    2.7 1707   -9.0   -9   -9.0   -9   -9.0   -9 -99.0 -99.0 -99.0 -99.0 -99.0
20260520 272  1.3  1141  32  2.9  345  27  5.2 1255  14.5  19.0   20  13.8  646  13.5  17.8  13.9  95.4  47.0   20  15.5  -9.0  -9.0 -9.00  986.9 1011.8 1015.8  731 1007.3 2359 10.0  0.0 14.3 -9.0 -9.00 -9.00   -9   87.2   -9.0 -9.00   10.8 1619    2.6 2330   -9.0   -9   -9.0   -9   -9.0   -9 -99.0 -99.0 -99.0 -99.0 -99.0
20260520 273  1.2   994  14  2.9 1806  14  5.7 1802  14.4  20.5  147  13.7  700  13.9  17.1  13.3  97.5  42.0  147  15.9  -9.0  -9.0 -9.00  990.2 1010.6 1014.4  642 1006.2 2359 10.0  0.0 14.2 -9.0 -9.00 -9.00   -9   79.2   -9.0 -9.00   10.5 1533    2.5 1549   -9.0   -9   -9.0   -9   -9.0   -9 -99.0 -99.0 -99.0 -99.0 -99.0
20260520 276  1.0   848  11  2.8  519  14  6.3 1100  14.6  17.6    6  13.5  708  13.5  16.9  13.3  93.8  55.0    3  15.5   0.9   0.6 -9.00  986.5 1011.0 1014.9  719 1006.3 2400 10.0  0.0 14.2 -9.0  2.61  0.48 1000   68.1   -9.0 -9.00   10.9  637    3.2  704   -9.0   -9   -9.0   -9   -9.0   -9 -99.0 -99.0 -99.0 -99.0 -99.0
20260520 277  2.2  1938   5  6.4 1724   2 10.4 1653  15.0  19.3  124  13.7  913  13.6  17.7  14.0  93.1  48.0  244  15.7  -9.0  -9.0 -9.00 1007.1 1012.0 1015.9  741 1007.3 2358 10.0  0.0 14.2 -9.0 -9.00 -9.00   -9   84.9   -9.0 -9.00   11.7  729    3.8  743   -9.0   -9   -9.0   -9   -9.0   -9 -99.0 -99.0 -99.0 -99.0 -99.0
20260520 278  0.9   792   5  2.3  924   5  4.5  920  15.4  20.2    1  14.7  729  14.9  17.9  14.5  97.4  52.0   47  17.0  -9.0  -9.0 -9.00 1000.5 1010.1 1013.7  336 1005.3 2356 10.0  0.0 14.2 -9.0 -9.00 -9.00   -9   68.1   -9.0 -9.00    9.4 1623    2.4  621   -9.0   -9   -9.0   -9   -9.0   -9 -99.0 -99.0 -99.0 -99.0 -99.0
20260520 279  1.1   918  14  2.7 1536   9  5.8 1528  15.9  23.3    3  15.0 2217  14.4  17.4  15.1  91.5  43.0   42  16.4   0.8   0.5 -9.00 1004.8 1010.6 1013.9  252 1006.1 2352 10.0  0.0 14.2 -9.0  1.72  0.23 1000   70.1   -9.0 -9.00    7.9 1648    2.0 2128   -9.0   -9   -9.0   -9   -9.0   -9 -99.0 -99.0 -99.0 -99.0 -99.0
20260520 281  1.4  1230  11  3.4 1322  14  6.4 1314  15.5  20.8    1  14.5  708  14.8  17.0  14.5  95.9  45.0    1  16.8  -9.0  -9.0 -9.00 1000.0 1011.4 1015.1  340 1006.8 2342 10.0  0.0 14.2 -9.0 -9.00 -9.00   -9   65.3   -9.0 -9.00    9.1  635    2.9  633   -9.0   -9   -9.0   -9   -9.0   -9 -99.0 -99.0 -99.0 -99.0 -99.0
20260520 283  2.5  2143  36  5.1  923   2  7.7 1002  15.8  20.4    3  14.8  712  14.5  18.3  14.8  93.1  60.0    5  16.6   0.8   0.6 -9.00 1006.7 1011.5 1014.8  740 1006.9 2347 10.0  0.0 14.2 -9.0  2.07  0.38 1200   51.0   -9.0 -9.00    8.8 1124    2.4 1153   -9.0   -9   -9.0   -9   -9.0   -9 -99.0 -99.0 -99.0 -99.0 -99.0
20260520 284  0.7   591  23  2.2  129  18  3.4  117  15.7  19.3    1  14.9 2232  14.4  17.5  14.5  92.0  71.0    1  16.4   1.0   0.7 -9.00  982.3 1008.9 1013.2  129 1005.2 2357 10.0  0.0 14.2 -9.0  2.04  0.29 1000   70.5   -9.0 -9.00    7.6 1341    2.2  626   -9.0   -9   -9.0   -9   -9.0   -9 -99.0 -99.0 -99.0 -99.0 -99.0
20260520 285  0.8   716   5  2.0  800   7  3.9  721  16.3  19.1    1  15.3 2158  16.0  18.5  15.4  98.3  77.0    1  18.1  -9.0  -9.0 -9.00 1007.0 1010.2 1014.4   35 1005.6 2322 10.0  0.0 14.2 -9.0 -9.00 -9.00   -9   81.1   -9.0 -9.00    9.6 1556    2.4  938   -9.0   -9   -9.0   -9   -9.0   -9 -99.0 -99.0 -99.0 -99.0 -99.0
20260520 288  1.1   959   5  2.9 1017   5  5.3 1313  16.8  20.9    8  16.0 2042  16.0  17.2  16.9  95.5  71.0   38  18.2   0.9   0.6 -9.00 1007.7 1008.7 1012.6   16 1003.8 2357 10.0  0.0 14.2 -9.0  2.55  0.52 1200   50.2   -9.0 -9.00    5.5  530    2.0  558   -9.0   -9   -9.0   -9   -9.0   -9 -99.0 -99.0 -99.0 -99.0 -99.0
20260520 289  1.1   932   5  3.4 1957   2  6.1 1954  16.1  18.2    1  15.3  423  15.7  18.1  15.1  97.9  84.0   13  17.8  -9.0  -9.0 -9.00  994.1 1010.3 1015.2    9 1006.0 2256 10.0  0.0 14.2 -9.0 -9.00 -9.00   -9   77.6   -9.0 -9.00    8.6  906    2.0 1513   -9.0   -9   -9.0   -9   -9.0   -9 -99.0 -99.0 -99.0 -99.0 -99.0
20260520 294  2.3  2015  14  5.4 1605  18 10.9 1425  17.1  19.5    4  16.3 1729  16.1  18.5  16.4  94.3  78.0   12  18.3  -9.0  -9.0 -9.00 1004.9 1010.2 1014.2   10 1006.8 2354 10.0  0.0 14.1 -9.0 -9.00 -9.00   -9   61.4   -9.0 -9.00   10.8 1629    3.3 1719   -9.0   -9   -9.0   -9   -9.0   -9 -99.0 -99.0 -99.0 -99.0 -99.0
20260520 295  1.2  1067  36  2.5  956   2  4.9  636  17.3  18.5    1  16.8 1556  16.9  18.9  16.7  98.3  92.0   25  19.2  -9.0  -9.0 -9.00 1003.8 1009.2 1013.8    5 1005.8 2345 -9.0  0.0 14.1 -9.0 -9.00 -9.00   -9  165.0   -9.0 -9.00   18.7 1330    5.3 2308   -9.0   -9   -9.0   -9   -9.0   -9 -99.0 -99.0 -99.0 -99.0 -99.0
20260520 296  3.1  2675   5  5.7 1311   5  8.2 1332  17.3  19.8  102  16.3 1939  16.4  18.3  15.6  94.6  82.0    1  18.6   0.8   0.6 -9.00 1008.8 1009.2 1013.4    1 1005.6 2357 10.0  0.0 14.1 -9.0  2.34  0.32 1200   42.2   -9.0 21.63    9.1  901    4.2  937   -9.0   -9   -9.0   -9   -9.0   -9 -99.0 -99.0 -99.0 -99.0 -99.0
20260521  90  3.8  3324   9  7.1  424   5 10.6 1349  15.3  16.0  248  14.5 2339  14.5  16.3  14.7  95.1  93.0  334  16.5   1.4   1.0 -9.00 1008.0 1010.1 1014.0 2234 1006.8  418  9.9  0.0 14.4 -9.0  2.11  0.31 1000   48.7   -9.0 -9.00   10.3 1520    2.5 1523   -9.0   -9   -9.0   -9   -9.0   -9 -99.0 -99.0 -99.0 -99.0 -99.0
20260521  93  1.1   967   7  2.9 1314   2  6.8 1530  17.0  20.2 1357  14.6  422  13.7  17.6  13.2  82.5  64.0 1717  15.8   2.6   1.8 -9.00  996.8 1008.0 1012.4 2340 1004.8  501  8.8  0.2 14.4 -9.0  7.68  1.09 1100   19.3    0.1 10.17    7.0  338    2.4  405   -9.0   -9   -9.0   -9   -9.0   -9  20.3  19.7  16.6  12.8  12.1
20260521  95  3.5  2996   5  4.8 1611   5 10.1 1616  16.3  19.3 1725  14.4   32  13.4  16.3  11.8  83.9  64.0 1726  15.4   2.8   2.0 -9.00  990.0 1008.3 1012.9 2340 1004.7  420  8.4  0.5 14.4 -9.0  6.44  0.83 1100    4.6   -9.0 -9.00    1.4    2    0.6  418   -9.0   -9   -9.0   -9   -9.0   -9 -99.0 -99.0 -99.0 -99.0 -99.0
20260521  98  0.7   630   5  1.9 1837   5  7.4 1837  16.6  20.7 1619  14.6    1  12.9  18.0  10.6  79.4  60.0 1622  14.9   2.6   1.9 -9.00  993.5 1007.0 1011.7 2310 1003.4  601  8.5  0.9 14.4 -9.0  8.02  1.40 1600    1.1   -9.0 -9.00    1.5 -2331    0.2   -9   -9.0   -9   -9.0   -9   -9.0   -9 -99.0 -99.0 -99.0 -99.0 -99.0
20260521  99  2.0  1769   9  4.6 1631   7 10.2 1629  16.5  20.1 1621  14.3 2357  13.5  17.9  11.6  83.5  64.0 1640  15.5   2.5   1.8 -9.00 1004.0 1007.7 1012.3 2306 1003.8  517  8.5  0.7 14.4 -9.0  7.63  1.20 1600    2.0   -9.0 -9.00    1.0 -2331    0.3    4   -9.0   -9   -9.0   -9   -9.0   -9 -99.0 -99.0 -99.0 -99.0 -99.0
20260521 100  3.3  2840   9  5.2  427   7  9.8 2007  12.0  13.1 1244  11.0 2344  11.5  14.4  10.8  97.4  95.0 1427  13.6   1.5   1.0 -9.00  920.6 1008.8 1013.0 2241 1006.0  428  9.8  0.0 14.4 -9.0  6.80  1.02 1400   37.7   -9.0 -9.00    3.6  310    2.2  343   -9.0   -9   -9.0   -9   -9.0   -9 -99.0 -99.0 -99.0 -99.0 -99.0
20260521 101  2.0  1738  32  3.8 1557   2  7.4 1817  16.7  19.8 1423  14.3 2353  13.5  17.7  11.0  82.4  63.0 1809  15.5   2.6   1.8 -9.00  998.3 1007.2 1011.6 2344 1003.9  459  8.8  0.2 14.4 -9.0  7.24  1.10 1100   22.0    0.2 -9.00    7.2  402    3.0  236   -9.0   -9   -9.0   -9   -9.0   -9  19.8  17.0  14.9  13.8  15.3
20260521 102  2.3  1995  36  5.3  746  14  9.6   44  15.3  18.4 1709  12.6  723  13.1  16.5  12.8  87.4  72.0 2346  15.1   2.8   1.9  4.00 1001.8 1006.0 1011.0 2313 1000.4  135  6.9  0.5 14.4 -9.0  9.92  2.19 1000    3.7   -9.0  9.53    1.1  717    0.6  740   -9.0   -9   -9.0   -9   -9.0   -9 -99.0 -99.0 -99.0 -99.0 -99.0
20260521 104  1.9  1682   2  3.6 1801  16  7.7  107  15.2  16.2 1039  14.3 2351  15.1  17.4  14.5 100.0  99.0 1100  17.2   1.2   0.8 -9.00  999.3 1008.2 1012.4 2341 1005.2  438  9.8  0.0 14.4 -9.0  3.09  0.49 1000   47.2   25.5 24.00    5.7 -2331    1.7    2   -9.0   -9   -9.0   -9   -9.0   -9  19.2  18.2  15.4  12.5  13.2
20260521 105  2.0  1755   9  3.7  333   7  8.2  430  15.9  16.9  956  15.0 2358  15.1  16.8  14.8  95.4  93.0  950  17.2   1.3   0.9 -9.00 1006.1 1009.3 1013.5 2348 1006.4  438  8.5  0.0 14.4 -9.0  3.37  0.50 1000   44.0   -9.0 -9.00    5.5 -2331    1.5  408   -9.0   -9   -9.0   -9   -9.0   -9  18.6 -99.0  17.0  14.4 -99.0
20260521 106  3.2  2759   2  5.7 1455   2  9.9 1317  15.7  16.7 1120  14.9 2056  15.2  16.9  14.8  97.4  96.0  646  17.3   1.3   0.9 -9.00 1004.3 1009.1 1013.1 2217 1006.5  525  8.4  0.0 14.4 -9.0  3.18  0.57 1200   28.1   -9.0 -9.00    6.2   22    1.7  101   -9.0   -9   -9.0   -9   -9.0   -9 -99.0 -99.0 -99.0 -99.0 -99.0
20260521 108  3.4  2905   7  4.6   15   7  9.4 1829  17.0  20.2 1644  14.7   55  13.9  17.7  13.4  83.1  62.0 1916  15.9   3.0   2.1 -9.00  996.8 1006.8 1011.3 2315 1003.2  359  8.5  0.0 14.3 -9.0  7.66  1.43 1500   14.0    0.6 12.92    8.7  230    4.1  313   -9.0   -9   -9.0   -9   -9.0   -9  19.0  17.6  16.4  13.8  13.5
20260521 112  2.9  2547   7  5.6 1435   7  9.6 1430  17.4  19.9 1704  15.4  206  15.3  18.2  15.3  88.6  71.0 2208  17.4   2.4   1.7 -9.00  998.1 1006.2 1010.8 2348 1002.1  345  9.1  0.2 14.3 -9.0  7.27  1.06 1100    5.9    0.9 12.17    2.2   15    0.9   57   -9.0   -9   -9.0   -9   -9.0   -9  17.8  17.3  12.9  14.7  13.3
20260521 114  1.8  1596   5  3.2 1747   7  6.2 1809  17.1  20.4 1742  14.6    1  14.3  18.1  13.1  84.8  68.0 1744  16.4   2.4   1.7 -9.00  989.1 1006.6 1011.0 2355 1003.7  608  8.3  0.1 14.3 -9.0  6.79  0.79 1300    6.0   -9.0 -9.00    2.1  633    1.3  647   -9.0   -9   -9.0   -9   -9.0   -9 -99.0 -99.0 -99.0 -99.0 -99.0
20260521 115  6.8  5867   5 10.0 1638   7 17.8 1758  15.3  16.4 1141  14.2 2307  14.8  16.1  13.7  97.0  96.0    1  16.8   1.1   0.7 23.33  980.9 1006.7 1010.6 2335 1004.9  738  9.5  0.0 14.3 -9.0  2.64  0.54 1300   48.7   19.1 22.75    9.4  132    3.2  335   -9.0   -9   -9.0   -9   -9.0   -9  18.4  15.1  14.2  12.0  13.2
20260521 119  2.4  2032   9  4.5   26   9  7.5   42  17.6  20.1 1743  15.1    1  14.3  18.1  14.9  82.3  66.0 1939  16.3   2.5   1.7 -9.00 1001.5 1006.2 1010.6 2341 1002.7  440  9.1  0.0 14.3 -9.0  6.41  0.82 1400    7.0    0.1  9.30    2.5  241    1.0  331   -9.0   -9   -9.0   -9   -9.0   -9  18.3  16.9  14.6  11.9  12.3
20260521 121  1.6  1367   5  4.7 1714   7 10.4 1711  17.0  20.7 1439  13.6    2  13.9  18.1  13.9  83.3  67.0 1549  15.9   3.1   2.2 -9.00  979.4 1007.3 1011.2 2328 1004.8  528  9.9  0.0 14.3 -9.0  8.30  1.14 1400   14.6   -9.0 -9.00    4.9 -2336    2.0  450   -9.0   -9   -9.0   -9   -9.0   -9 -99.0 -99.0 -99.0 -99.0 -99.0
20260521 127  1.9  1661   2  4.7 2028   2  8.9 2027  17.8  20.8 1644  15.0   11  13.8  19.1  14.8  78.6  63.0 2137  15.8   3.0   2.1 -9.00  992.3 1005.7 1009.7 2324 1002.6  534 10.0  0.0 14.3 -9.0  7.73  1.06 1400    6.9   -9.0 -9.00    1.8    1    0.8  620   -9.0   -9   -9.0   -9   -9.0   -9 -99.0 -99.0 -99.0 -99.0 -99.0
20260521 129  2.0  1703  20  3.8  746   7  6.9 1821  17.0  18.5 1532  16.0 1054  16.3  19.9  14.1  95.8  86.0 2353  18.5   1.9   1.4 -9.00 1002.9 1005.9 1010.3 2351 1001.8  401  6.9  0.0 14.3 -9.0  6.24  0.89 1100    6.4    0.6 -9.00    2.4  225    0.8  313   -9.0   -9   -9.0   -9   -9.0   -9  18.0  16.8  17.4  13.1  14.6
20260521 130  1.9  1620  27  4.3 1814  16  9.3 1645  16.0  17.8 1118  15.0   46  15.6  17.6  14.6  97.6  94.0 1134  17.7  -9.0  -9.0 -9.00 1002.2 1008.0 1012.0 2301 1005.7  527  9.9  0.0 14.3 -9.0 -9.00 -9.00   -9   15.2   -9.0 -9.00    4.3   27    1.5   46   -9.0   -9   -9.0   -9   -9.0   -9 -99.0 -99.0 -99.0 -99.0 -99.0
20260521 131  1.4  1221   7  3.9 1635  36  6.3 1626  17.9  19.8 1306  15.8   28  15.0  19.1  16.1  84.0  72.0 2215  17.1   2.4   1.7 -9.00  998.9 1005.7 1009.8 2336 1002.6  511  9.5  0.1 14.3 -9.0  5.96  1.11 1200    4.1    1.4 15.75    0.9 1020    0.4 1029   -9.0   -9   -9.0   -9   -9.0   -9 -99.0 -99.0 -99.0 -99.0 -99.0
20260521 133  1.4  1222  14  4.5    5  16  7.7   21  17.5  19.2 1429  15.1    1  16.2  19.1  15.3  93.0  81.0 1328  18.4   2.1   1.5  0.17  998.1 1006.1 1009.9 2326 1003.0  423  8.1  0.0 14.3 -9.0  5.96  1.20 1100    3.1    0.0 16.73    0.6  302    0.2   -9   -9.0   -9   -9.0   -9   -9.0   -9  20.5  19.9  17.1  14.4  15.2
20260521 135  1.5  1272   9  3.8  104   9  6.3 2020  15.9  18.3 1300  13.8    1  14.5  17.7  14.5  92.1  87.0 1252  16.6   2.0   1.4 -9.00  977.8 1006.3 1010.5 2349 1003.9  526  9.6  0.0 14.2 -9.0  5.32  1.02 1200    5.2   -9.0 -9.00    2.8    1    1.5    2   -9.0   -9   -9.0   -9   -9.0   -9 -99.0 -99.0 -99.0 -99.0 -99.0
20260521 136  1.2  1049  14  3.2 1845  14  4.7 1841  16.8  19.5 1624  14.3   41  14.9  18.8  14.3  89.1  80.0 2221  17.0   2.6   1.8 -9.00  991.1 1007.6 1011.3 2310 1005.4  517  8.9  0.0 14.3 -9.0  7.72  1.36 1100    4.6    0.1 11.33    2.2   20    1.4   52   -9.0   -9   -9.0   -9   -9.0   -9 -99.0 -99.0 -99.0 -99.0 -99.0
20260521 137  0.5   474  34  1.5    8   2  4.0    8  16.9  19.8 1547  14.3   10  15.9  20.4  14.3  94.0  81.0 2321  18.0   2.3   1.6 -9.00  994.6 1005.9 1009.8 2355 1003.6  548  9.6  0.0 14.3 -9.0  7.59  1.19  900   11.3   -9.0 -9.00    5.4    1    3.2    6   -9.0   -9   -9.0   -9   -9.0   -9 -99.0 -99.0 -99.0 -99.0 -99.0
20260521 138  2.7  2299   2  6.3 1650   2 10.7 1819  17.2  19.8 1336  16.2    1  16.0  19.2  15.9  92.9  82.0 1359  18.2   2.2   1.6 -9.00 1006.1 1006.6 1010.4 2311 1004.2  634  8.3  0.0 14.2 -9.0  7.73  1.60 1300    2.1    0.1 12.50    1.4  345    0.7  435   -9.0   -9   -9.0   -9   -9.0   -9  20.3  17.5  16.2  14.9  15.6
20260521 140  1.6  1374  20  3.9  630  23  7.5  733  17.4  18.6 1456  16.4  928  15.5  19.3  15.3  89.1  81.0 1505  17.7  -9.0  -9.0 -9.00 1003.3 1006.6 1010.2 2311 1003.2  215  9.0  0.0 14.2 -9.0 -9.00 -9.00   -9   10.8   -9.0 -9.00    4.6    2    1.2   37   -9.0   -9   -9.0   -9   -9.0   -9 -99.0 -99.0 -99.0 -99.0 -99.0
20260521 143  2.3  1993  11  4.4 2008  11  6.9 1949  17.5  19.7 1422  15.7   49  15.8  19.2  15.5  90.5  81.0 1228  18.0   2.3   1.6 -9.00  999.6 1005.9 1010.1 2307 1003.8  501  8.6  0.0 14.2 -9.0  6.72  1.45 1100    2.9   -9.0  9.13    1.3  321    0.6  337   -9.0   -9   -9.0   -9   -9.0   -9 -99.0 -99.0 -99.0 -99.0 -99.0
20260521 146  1.8  1592  25  5.5  659  25  9.5  647  18.0  19.8 1301  17.1 2038  16.5  19.6  17.6  91.5  85.0 1210  18.7   1.7   1.2 -9.00  998.8 1005.8 1009.6 2351 1002.4  224  9.5  0.0 14.2 -9.0  5.32  1.00 1100    5.3    2.1 12.75    1.5  340    0.5  342   -9.0   -9   -9.0   -9   -9.0   -9 -99.0 -99.0 -99.0 -99.0 -99.0
20260521 152  1.4  1173   5  3.3 1703   7  6.3 1701  17.0  19.3 1527  15.1  112  15.4  19.3  15.4  91.1  78.0 1554  17.6   1.8   1.2 -9.00  996.6 1006.0 1009.8 2330 1003.9  425  9.9  0.0 14.2 -9.0  5.43  0.94 1200    6.9   -9.0 10.10    2.6   20    1.2  325   -9.0   -9   -9.0   -9   -9.0   -9 -99.0 -99.0 -99.0 -99.0 -99.0
20260521 155  1.6  1361  16  4.2 1457  18  6.6 1449  17.9  19.7 1338  16.5   13  17.0  19.9  16.6  94.9  89.0 2338  19.4   1.6   1.1  0.18 1001.9 1006.0 1009.7 2330 1003.8  445  9.8  0.0 14.2 -9.0  5.39  0.97 1200   12.3   -9.0  8.92    5.5  109    1.9  252   -9.0   -9   -9.0   -9   -9.0   -9 -99.0 -99.0 -99.0 -99.0 -99.0
20260521 156  2.0  1696  23  4.4 1402  23  8.7 1422  17.9  19.5 1239  17.0 1935  16.8  20.7  17.2  93.1  82.0 1522  19.1   1.7   1.2 -9.00  997.0 1005.1 1008.4 2311 1002.1  307  8.9  0.0 14.2 -9.0  5.56  1.13 1200    4.5   -9.0 10.58    2.3  102    0.9  110   -9.0   -9   -9.0   -9   -9.0   -9 -99.0 -99.0 -99.0 -99.0 -99.0
20260521 159  1.8  1526   9  3.0 2145   5  6.4 2159  17.6  19.2 1115  16.1    5  15.7  18.6  14.6  89.1  81.0 1629  17.9   1.8   1.3 -9.00  997.6 1005.7 1009.4 2342 1003.5  438 10.0  0.0 14.2 -9.0  4.92  0.93 1000   15.2    0.0  6.80    6.6  202    2.5  220   -9.0   -9   -9.0   -9   -9.0   -9  20.3  18.8  17.8  15.4  16.7
20260521 162  1.9  1669  23  4.8 1509  23  7.3 1506  19.2  23.9 1436  17.0    1  16.7  22.7  17.2  86.5  65.0 1348  19.1   4.6   3.2 -9.00 1001.6 1005.2 1008.8 2248 1003.1  549  8.4  3.9 14.1 -9.0 18.76  3.31 1300   23.3   -9.0 -9.00   10.3  114    4.3  204   -9.0   -9   -9.0   -9   -9.0   -9 -99.0 -99.0 -99.0 -99.0 -99.0
20260521 165  2.9  2473  27  6.5 1347  27  9.2 1345  16.8  19.8  137  16.0 1730  16.4  19.3  15.9  97.8  84.0 1252  18.7   1.5   1.1 -9.00 1001.4 1006.7 1009.5 2250 1003.5  128  9.4  0.0 14.1 -9.0  6.68  1.42 1200    3.0    0.2  5.42    2.3    1    1.8   11   -9.0   -9   -9.0   -9   -9.0   -9  20.3  19.1  16.6  15.0  14.5
20260521 168  3.4  2933  25  6.9 1259  32 10.8  857  19.2  22.2 1235  16.9  447  16.7  20.3  16.8  86.0  68.0 1255  19.0   4.3   3.0  1.47  998.2 1005.9 1009.6 2303 1003.9  413  8.3  4.6 14.1 -9.0 17.45  2.95 1000   26.4   -9.0  3.62   16.6    8    5.0   44   -9.0   -9   -9.0   -9   -9.0   -9  19.6  19.1  17.2  15.4  16.5
20260521 169  4.5  3852  32  7.0 1511  34 13.8 1508  16.5  18.3 1111  15.1 1939  15.4  17.5  16.2  93.5  80.0 1118  17.5   2.1   1.5  6.45  997.6 1006.4 1009.5 2351 1003.3  122  9.4  0.3 14.1 -9.0  9.79  2.07 1000    0.3   -9.0  3.65    0.2   -9    0.1   -9   -9.0   -9   -9.0   -9   -9.0   -9 -99.0 -99.0 -99.0 -99.0 -99.0
20260521 170  3.2  2800  27  6.0 1011  27  9.7 1011  18.4  21.3  917  16.0 2238  16.2  20.3  14.5  87.9  76.0 1323  18.5   3.0   2.1 -9.00 1002.5 1006.6 1009.5 2331 1003.8  224  9.0  1.5 14.1 -9.0 12.66  2.24 1100    7.0   -9.0 -9.00    6.4    1    3.7   39   -9.0   -9   -9.0   -9   -9.0   -9 -99.0 -99.0 -99.0 -99.0 -99.0
20260521 172  3.2  2750  14  7.7   14  11 14.7    6  17.6  19.3    1  16.7 1535  16.8  18.3  17.2  95.3  85.0 1352  19.2   1.7   1.2 -9.00  999.7 1005.8 1009.3 2307 1002.4   43  9.1  0.0 14.2 -9.0  6.85  1.09 1100    1.9   -9.0 -9.00    0.9   24    0.6  114   -9.0   -9   -9.0   -9   -9.0   -9 -99.0 -99.0 -99.0 -99.0 -99.0
20260521 174  1.6  1421  32  4.3 1427  29  7.6 1234  17.9  22.6 1341  16.2 2351  15.1  19.9  16.0  85.1  64.0 1208  17.2  -9.0  -9.0 -9.00  985.3 1004.4 1008.1 2338 1002.3  505  9.0  2.4 14.1 -9.0 -9.00 -9.00   -9    7.9   -9.0 -9.00    3.7   36    1.3   38   -9.0   -9   -9.0   -9   -9.0   -9 -99.0 -99.0 -99.0 -99.0 -99.0
20260521 177  1.5  1265  20  4.0  810  18  6.7  806  17.3  18.7 1547  16.0   14  16.0  18.6  14.8  92.9  86.0 2340  18.2   1.9   1.3 -9.00 1001.5 1004.7 1009.1 2356 1001.0  522  9.1  0.0 14.3 -9.0  4.84  0.70 1200    7.1    0.9 15.92    2.2    4    1.0   41   -9.0   -9   -9.0   -9   -9.0   -9 -99.0 -99.0 -99.0 -99.0 -99.0
20260521 181  1.6  1411   5  4.0 1652   5  6.7 1643  17.2  20.0 1314  15.0   28  15.6  18.7  14.9  90.6  78.0 1339  17.7   2.4   1.7 -9.00 1002.3 1006.2 1010.3 2333 1003.2  425  6.1  0.4 14.3 -9.0  7.50  1.46 1200    5.6   -9.0 -9.00    1.3 1634    0.9 1647   -9.0   -9   -9.0   -9   -9.0   -9 -99.0 -99.0 -99.0 -99.0 -99.0
20260521 184  4.6  3940  27  7.0 1403  25 12.0 1346  19.4  24.7   52  16.9 2356  15.9  20.6  17.2  80.5  63.0  952  18.1   2.9   2.0 -9.00 1004.7 1007.1 1009.6 2213 1003.4   36  9.3  0.6 14.0 -9.0  8.10  1.93  900    4.0    0.2  3.50    3.0  151    1.9  241   -9.0   -9   -9.0   -9   -9.0   -9  22.5  20.3  19.1  17.6  16.3
20260521 185  8.3  7139  32 11.7 1536  32 13.7 1534  17.9  21.3 1055  15.9 2337  16.7  22.0  15.8  93.5  83.0 1420  19.1   2.6   1.8 -9.00  999.1 1007.5 1009.9 2159 1004.5   49  9.0  0.3 14.0 -9.0  9.12  1.60  900    0.5   -9.0 -9.00    0.5  120    0.3  210   -9.0   -9   -9.0   -9   -9.0   -9 -99.0 -99.0 -99.0 -99.0 -99.0
20260521 188  3.4  2965  29  8.2 1003  32 13.3  957  20.5  24.9 1045  17.4 2230  16.9  23.2  16.7  80.8  65.0 1038  19.5  -9.0  -9.0 -9.00 1004.6 1006.9 1009.9 2240 1004.3  223  8.5  6.9 14.0 -9.0 -9.00 -9.00   -9    0.6   -9.0 -9.00    0.6  239    0.4  323   -9.0   -9   -9.0   -9   -9.0   -9 -99.0 -99.0 -99.0 -99.0 -99.0
20260521 189  2.4  2108  27  5.5 1216   5 12.3 1519  21.4  25.0 1137  18.0 2339  17.0  24.4  17.9  77.4  59.0 1741  19.6   6.7   4.7  1.43 1000.6 1006.6 1009.6 2306 1004.4  437  6.5  8.9 14.0 -9.0 25.79  3.65 1200    3.3   -9.0  3.35    3.0  210    1.4  254   -9.0   -9   -9.0   -9   -9.0   -9 -99.0 -99.0 -99.0 -99.0 -99.0
20260521 192  0.8   718  -9 -9.0   -9  -9 -9.0   -9  18.7  25.0 1415  15.5  115  16.8  21.5  16.1  89.5  66.0 1417  19.2   3.8   2.7 -9.00 1002.3 1005.7 1009.9 2345 1003.7 1453  8.3  3.0 14.2 -9.0 14.71  3.60 1300   14.5    6.3 -9.00    6.3   45    3.1   57   -9.0   -9   -9.0   -9   -9.0   -9 -99.0 -99.0 -99.0 -99.0 -99.0
20260521 201  2.6  2237   7  4.3 1552   7  9.2 1559  16.9  20.2 1541  15.0    1  14.5  17.3  13.7  86.8  66.0 1746  16.6  -9.0  -9.0 -9.00 1001.7 1007.3 1011.9 2342 1003.1  503  8.3  0.6 14.4 -9.0 -9.00 -9.00   -9    3.9   -9.0 -9.00    1.0 -2331    0.2   -9   -9.0   -9   -9.0   -9   -9.0   -9 -99.0 -99.0 -99.0 -99.0 -99.0
20260521 202  1.7  1431  18  3.1  109  27  6.2 1628  17.5  20.4 1700  15.2    1  13.9  18.4  13.6  80.5  60.0 1726  15.9  -9.0  -9.0 -9.00 1001.4 1007.0 1011.3 2351 1003.7  509  8.9  0.0 14.3 -9.0 -9.00 -9.00   -9    8.3   -9.0 -9.00    3.2  512    1.3  553   -9.0   -9   -9.0   -9   -9.0   -9 -99.0 -99.0 -99.0 -99.0 -99.0
20260521 203  0.9   809  36  2.0 1818  36  7.1 1816  16.8  19.5 1802  14.7  152  15.5  18.4  14.8  92.8  77.0 2300  17.6  -9.0  -9.0 -9.00  997.9 1007.3 1011.4 2336 1004.1  518  8.1  0.2 14.3 -9.0 -9.00 -9.00   -9   15.2   -9.0 -9.00    2.5   51    0.9  142   -9.0   -9   -9.0   -9   -9.0   -9 -99.0 -99.0 -99.0 -99.0 -99.0
20260521 211  3.1  2690   2  5.5 1131   2 11.2 1250  15.4  17.5 1316  13.9 2358  12.7  17.0  12.8  84.8  72.0 1558  14.7  -9.0  -9.0 -9.00  984.6 1008.3 1012.7 2341 1004.8  519  9.6  0.0 14.4 -9.0 -9.00 -9.00   -9   18.5   -9.0 -9.00    5.5  415    2.0  416   -9.0   -9   -9.0   -9   -9.0   -9 -99.0 -99.0 -99.0 -99.0 -99.0
20260521 212  1.0   895   5  3.2 1447   5  5.8 1446  16.6  20.0 1303  14.3 2356  13.6  17.1  11.0  83.5  64.0 1641  15.6  -9.0  -9.0 -9.00  991.5 1007.9 1012.4 2344 1004.7  515  8.8  0.0 14.4 -9.0 -9.00 -9.00   -9   16.9   -9.0 -9.00    5.9  501    2.2  551   -9.0   -9   -9.0   -9   -9.0   -9 -99.0 -99.0 -99.0 -99.0 -99.0
20260521 216  1.6  1341  34  3.9 2306   2  8.2 2320  12.9  14.8 1231  11.7    1  12.1  14.6  11.7  95.1  89.0 1238  14.1   1.5   1.0 -9.00  926.8 1008.4 1012.5 2337 1005.9  700  9.9  0.0 14.3 -9.0  5.58  0.82 1200   36.5   -9.0 -9.00    8.8   31    3.0   33   -9.0   -9   -9.0   -9   -9.0   -9 -99.0 -99.0 -99.0 -99.0 -99.0
20260521 217  1.1   934   5  3.1 1042  36  4.4 2225  14.6  17.8 1330  12.4    6  12.4  17.4  13.6  87.6  74.0 1332  14.4  -9.0  -9.0 -9.00  972.1 1008.4 1012.4 2330 1006.1  509  9.8  0.0 14.3 -9.0 -9.00 -9.00   -9   18.6   -9.0 -9.00    6.6 -2348    1.9  450   -9.0   -9   -9.0   -9   -9.0   -9 -99.0 -99.0 -99.0 -99.0 -99.0
20260521 221  1.9  1640   5  3.4 1711   2  6.4 1707  16.5  19.5 1456  13.6    8  13.6  18.1  13.9  84.1  71.0 1454  15.6  -9.0  -9.0 -9.00  976.2 1006.8 1010.8 2335 1004.3  536  9.8  0.0 14.3 -9.0 -9.00 -9.00   -9   15.7   -9.0 -9.00    3.7  255    1.2  404   -9.0   -9   -9.0   -9   -9.0   -9 -99.0 -99.0 -99.0 -99.0 -99.0
20260521 226  0.8   718  18  2.7    9  20  5.7    8  16.8  19.5 1519  14.7  144  15.9  19.1  14.2  94.9  83.0 1520  18.1  -9.0  -9.0 -9.00  986.3 1006.2 1010.4 2343 1003.4  535  8.0  0.0 14.3 -9.0 -9.00 -9.00   -9    3.2   -9.0 -9.00    0.8 1749    0.5 1753   -9.0   -9   -9.0   -9   -9.0   -9 -99.0 -99.0 -99.0 -99.0 -99.0
20260521 232  1.5  1299   9  3.8   57   5  6.1  154  17.4  20.1 1559  15.2   26  16.3  20.1  15.2  93.8  81.0 1534  18.6  -9.0  -9.0 -9.00  996.6 1006.5 1010.6 2323 1003.4  556  7.8  0.0 14.3 -9.0 -9.00 -9.00   -9    5.4   -9.0 -9.00    1.6 1014    0.5 1038   -9.0   -9   -9.0   -9   -9.0   -9 -99.0 -99.0 -99.0 -99.0 -99.0
20260521 235  2.4  2099  20  5.9  703  20  8.9  700  17.1  19.0  106  15.9 1158  16.2  18.7  14.7  95.0  88.0 1644  18.4   1.6   1.1 -9.00 1004.0 1005.2 1009.0 2351 1001.3  202  8.0  0.0 14.3 -9.0  4.75  0.73 1300    2.9   -9.0 -9.00    1.2  229    0.5  249   -9.0   -9   -9.0   -9   -9.0   -9 -99.0 -99.0 -99.0 -99.0 -99.0
20260521 236  0.9   786  20  2.9  757  23  5.6  839  16.9  17.7 1754  15.8  323  16.3  18.7  15.9  96.9  89.0 1125  18.6  -9.0  -9.0 -9.00 1004.6 1006.2 1010.0 2329 1002.8  231  6.9  0.0 14.2 -9.0 -9.00 -9.00   -9   10.4   -9.0 -9.00    5.3    2    3.3   12   -9.0   -9   -9.0   -9   -9.0   -9 -99.0 -99.0 -99.0 -99.0 -99.0
20260521 238  0.8   652  34  1.8 1400  23  3.9 1034  17.6  20.1 1007  15.3    1  16.8  20.0  15.7  95.6  79.0 1028  19.1  -9.0  -9.0 -9.00  985.6 1005.4 1009.4 2344 1002.4  503  9.9  0.0 14.2 -9.0 -9.00 -9.00   -9    3.6   -9.0 -9.00    1.0  108    0.4 2012   -9.0   -9   -9.0   -9   -9.0   -9 -99.0 -99.0 -99.0 -99.0 -99.0
20260521 239  1.3  1082   9  2.4    8  20  4.9  954  16.9  18.5 1323  14.9    1  16.3  19.2  16.2  96.9  86.0 1214  18.6   2.0   1.4 -9.00  995.2 1005.7 1009.8 2351 1002.5  427  7.4  0.0 14.3 -9.0  5.78  1.19 1100    6.7   -9.0 -9.00    2.1   11    1.1   40   -9.0   -9   -9.0   -9   -9.0   -9 -99.0 -99.0 -99.0 -99.0 -99.0
20260521 243  1.6  1380  27  3.8  353  18  7.2 1415  18.3  19.9 1357  17.2  941  16.4  19.4  16.8  89.1  73.0 1358  18.7  -9.0  -9.0 -9.00 1004.5 1005.9 1009.6 2317 1002.5  200  9.3  0.6 14.2 -9.0 -9.00 -9.00   -9    1.1   -9.0 -9.00    0.5  234    0.3  316   -9.0   -9   -9.0   -9   -9.0   -9 -99.0 -99.0 -99.0 -99.0 -99.0
20260521 244  1.3  1155  32  3.2 1505  34  6.3 1504  17.7  20.4 1216  16.6 2218  16.3  19.9  16.6  92.1  77.0 1212  18.5  -9.0  -9.0 -9.00  976.9 1005.4 1009.1 2354 1002.8  521  9.8  0.2 14.2 -9.0 -9.00 -9.00   -9    2.1   -9.0 -9.00    1.0  123    0.5  200   -9.0   -9   -9.0   -9   -9.0   -9 -99.0 -99.0 -99.0 -99.0 -99.0
20260521 245  2.9  2507  23  7.7  555  23 11.4  602  18.2  20.2   12  17.2  624  16.5  20.2  17.0  90.3  78.0 1612  18.8   2.0   1.4 -9.00  997.8 1005.8 1009.5 2321 1002.4  201  9.1  0.0 14.2 -9.0  7.83  1.42 1200    0.4   -9.0 -9.00    0.2   -9    0.1   -9   -9.0   -9   -9.0   -9   -9.0   -9 -99.0 -99.0 -99.0 -99.0 -99.0
20260521 247  1.9  1647  27  4.1  903  27  6.6  900  18.7  22.6 1222  16.4  157  16.0  20.1  16.3  85.6  70.0 1221  18.2  -9.0  -9.0 -9.00  990.0 1005.4 1009.0 2326 1003.0  542  9.5  1.5 14.2 -9.0 -9.00 -9.00   -9    3.5   -9.0 -9.00    2.8  139    1.0  145   -9.0   -9   -9.0   -9   -9.0   -9 -99.0 -99.0 -99.0 -99.0 -99.0
20260521 248  1.6  1395  23  3.7  816  20  6.4  757  17.6  19.9 1418  16.3    1  16.0  19.3  15.8  90.9  75.0 1408  18.1  -9.0  -9.0 -9.00  959.1 1005.5 1009.4 2357 1002.7  551  9.8  0.1 14.2 -9.0 -9.00 -9.00   -9    3.9   -9.0 -9.00    2.8  152    1.1  217   -9.0   -9   -9.0   -9   -9.0   -9 -99.0 -99.0 -99.0 -99.0 -99.0
20260521 251  2.1  1799  23  4.6 1147  16  7.2  202  17.5  20.2    1  16.3 1630  16.3  19.1  16.7  92.9  84.0 1516  18.5   1.5   1.1 -9.00  998.6 1005.5 1008.9 2321 1002.1  139  9.1  0.0 14.2 -9.0  5.14  0.85 1400    1.7   -9.0 -9.00    0.8  301    0.4  112   -9.0   -9   -9.0   -9   -9.0   -9 -99.0 -99.0 -99.0 -99.0 -99.0
20260521 252  2.0  1718  25  4.8 1220  27  8.0  306  17.1  19.6  211  16.2 1518  16.1  19.1  16.1  94.4  85.0 1319  18.3   1.7   1.2 -9.00 1001.7 1006.1 1009.5 2309 1002.7  137  9.1  0.0 14.2 -9.0  5.98  1.29 1300    3.3   -9.0 -9.00    2.0   13    1.1   57   -9.0   -9   -9.0   -9   -9.0   -9 -99.0 -99.0 -99.0 -99.0 -99.0
20260521 253  0.9   817  16  3.4 1407  18  5.7 1401  18.0  20.5 1410  15.9    6  17.1  20.0  16.2  94.5  84.0 2134  19.5   1.5   1.1 -9.00 1000.3 1006.7 1010.5 2329 1004.4  503  9.1  0.0 14.2 -9.0  4.27  1.10 1100    8.2   -9.0 -9.00    4.0  131    1.1  141   -9.0   -9   -9.0   -9   -9.0   -9 -99.0 -99.0 -99.0 -99.0 -99.0
20260521 254  2.2  1898  32  5.4 1450  32  9.2  738  17.8  19.8 1417  16.4 2317  15.7  19.3  16.6  88.3  74.0 1603  17.8   2.0   1.4 -9.00  991.4 1006.5 1009.9 2310 1003.6  321  8.9  0.2 14.2 -9.0  6.29  1.30 1400    6.0   -9.0 -9.00    3.4  119    2.3  138   -9.0   -9   -9.0   -9   -9.0   -9 -99.0 -99.0 -99.0 -99.0 -99.0
20260521 255  0.9   768  32  2.5 1936   7  4.0 2221  18.7  22.7 1425  16.7  343  17.7  19.3  16.1  94.1  82.0 1429  20.2   1.7   1.2 -9.00  999.8 1005.8 1009.7 2329 1003.8  450  9.0  0.1 14.2 -9.0  5.49  1.10 1300   10.1   -9.0 -9.00    5.2  117    2.0  201   -9.0   -9   -9.0   -9   -9.0   -9 -99.0 -99.0 -99.0 -99.0 -99.0
20260521 257  1.7  1458   5  3.7 2136   2  7.4 2130  18.4  20.1 1248  16.4  101  17.6  18.5  15.4  95.6  86.0 2352  20.1   1.7   1.2 -9.00 1005.4 1006.1 1009.8 2331 1004.0  452  9.4  0.0 14.2 -9.0  3.69  0.61 1100   10.2   -9.0 -9.00    3.4  145    1.7  330   -9.0   -9   -9.0   -9   -9.0   -9 -99.0 -99.0 -99.0 -99.0 -99.0
20260521 258  2.4  2067  29  4.8 1553  29  7.3  733  19.4  23.1 1154  17.3 2345  16.7  20.4  16.8  85.4  70.0 1157  19.0   3.2   2.3 -9.00 1006.3 1006.5 1009.9 2330 1004.2  506  8.8  1.0 14.1 -9.0 12.23  2.37 1100    5.3   -9.0 -9.00    4.0    1    2.5    1   -9.0   -9   -9.0   -9   -9.0   -9 -99.0 -99.0 -99.0 -99.0 -99.0
20260521 259  1.6  1386  27  3.9 1403  29  8.9 1403  18.0  20.8 1358  16.5 2031  16.7  19.7  17.6  92.5  76.0 1405  19.0   2.0   1.4 -9.00 1004.5 1006.4 1009.3 2304 1003.8  207  8.9  0.3 14.1 -9.0  7.82  1.94 1300    2.1   -9.0 -9.00    1.2   16    0.5   28   -9.0   -9   -9.0   -9   -9.0   -9 -99.0 -99.0 -99.0 -99.0 -99.0
20260521 260  1.8  1552  27  4.1 1437  29  7.2 1422  18.5  20.8 1249  16.8 2120  16.6  21.6  17.1  89.4  79.0 1500  18.9  -9.0  -9.0 -9.00 1001.1 1006.2 1009.3 2312 1003.6  300  9.3  0.2 14.1 -9.0 -9.00 -9.00   -9    1.7   -9.0 -9.00    1.2    1    0.6   39   -9.0   -9   -9.0   -9   -9.0   -9 -99.0 -99.0 -99.0 -99.0 -99.0
20260521 261  2.7  2367  27  6.0 1404  25  9.6 1210  17.6  19.9  126  15.9 2050  16.5  20.8  14.2  94.0  83.0 1321  18.8  -9.0  -9.0 -9.00 1005.1 1007.0 1009.7 2239 1003.9  208  9.1  0.1 14.1 -9.0 -9.00 -9.00   -9    0.4   -9.0 -9.00    0.2   -9    0.1   -9   -9.0   -9   -9.0   -9   -9.0   -9 -99.0 -99.0 -99.0 -99.0 -99.0
20260521 262  2.4  2087  27  5.7 1435  27 11.0 1017  19.1  22.5 1205  17.0 2121  16.5  22.0  17.8  85.6  69.0 1439  18.8   3.7   2.6 -9.00 1000.0 1006.0 1009.3 2304 1003.7  234  7.8  3.0 14.1 -9.0 16.18  2.77 1100   13.4   -9.0 -9.00    7.3    1    5.3  130   -9.0   -9   -9.0   -9   -9.0   -9 -99.0 -99.0 -99.0 -99.0 -99.0
20260521 263  1.1   963   7  3.2 1731   7  5.2 1731  18.7  25.0 1404  15.9  521  16.0  21.3  16.1  85.1  60.0 1403  18.2   3.0   2.1 -9.00 1004.3 1005.9 1010.2 2354 1003.8 1442  9.0  0.4 14.2 -9.0  9.68  2.35 1300    8.1   -9.0 -9.00    2.3 1748    0.9  136   -9.0   -9   -9.0   -9   -9.0   -9 -99.0 -99.0 -99.0 -99.0 -99.0
20260521 264  1.8  1573  29  5.4 1004  32  8.5  956  19.3  24.4 1535  15.5  249  13.7  21.9  15.1  71.5  48.0 1557  15.7   5.4   3.8 -9.00  988.1 1005.6 1009.8 2343 1003.6 1522  9.3  3.7 14.2 -9.0 20.64  3.56 1200    5.6   -9.0 -9.00    4.0  215    2.9  218   -9.0   -9   -9.0   -9   -9.0   -9 -99.0 -99.0 -99.0 -99.0 -99.0
20260521 266  1.5  1316  25  3.4 1511  23  7.1 1224  19.5  23.2 1612  17.1  117  17.6  21.0  16.8  90.1  71.0 1651  20.1   3.6   2.5 -9.00  995.8 1006.0 1009.8 2251 1004.1  505  7.8  2.7 14.1 -9.0 12.95  2.07 1600   11.2   -9.0 -9.00    8.1   13    4.5   34   -9.0   -9   -9.0   -9   -9.0   -9 -99.0 -99.0 -99.0 -99.0 -99.0
20260521 268  2.2  1907  23  5.2  913  23  9.6  711  16.7  20.0   10  15.0 1935  15.9  19.8  17.6  95.3  80.0 1247  18.0  -9.0  -9.0 -9.00 1004.7 1005.8 1008.5 2230 1002.7  154  9.1  0.1 14.1 -9.0 -9.00 -9.00   -9    0.1   -9.0 -9.00    0.1   -9    0.1   -9   -9.0   -9   -9.0   -9   -9.0   -9 -99.0 -99.0 -99.0 -99.0 -99.0
20260521 271  1.2  1019  34  3.2 1717   9  7.4 2303  16.6  19.9 1457  13.4  331  12.9  17.5  13.0  80.4  62.0 1533  14.9  -9.0  -9.0 -9.00  969.6 1007.1 1010.8 2338 1005.1  737 10.0  0.0 14.3 -9.0 -9.00 -9.00   -9   14.7   -9.0 -9.00    7.1    1    2.2    1   -9.0   -9   -9.0   -9   -9.0   -9 -99.0 -99.0 -99.0 -99.0 -99.0
20260521 272  1.0   835  32  3.1   36  32  5.0    4  16.3  19.1 1548  13.9    1  15.6  18.7  13.9  96.5  85.0 1333  17.8  -9.0  -9.0 -9.00  982.3 1006.9 1010.7 2334 1004.9  514  8.8  0.0 14.3 -9.0 -9.00 -9.00   -9   11.3   -9.0 -9.00    3.4    1    2.2    2   -9.0   -9   -9.0   -9   -9.0   -9 -99.0 -99.0 -99.0 -99.0 -99.0
20260521 273  0.5   436   5  1.7 1644   2  2.7 1641  16.4  19.5 1621  14.2    1  16.0  19.0  13.5  97.9  85.0 1545  18.2  -9.0  -9.0 -9.00  986.0 1006.2 1010.1 2356 1003.9  519  9.3  0.0 14.3 -9.0 -9.00 -9.00   -9   10.3   -9.0 -9.00    2.9 1708    1.0    1   -9.0   -9   -9.0   -9   -9.0   -9 -99.0 -99.0 -99.0 -99.0 -99.0
20260521 276  0.8   671   2  3.2 1717   2  6.2 1758  16.7  20.2 1435  14.3    1  14.7  18.4  14.2  89.1  73.0 1759  16.8   2.3   1.6 -9.00  982.2 1006.4 1010.4 2302 1004.3  623  8.4  0.0 14.3 -9.0  6.33  1.20 1200    6.5   -9.0 -9.00    3.9  101    1.2  114   -9.0   -9   -9.0   -9   -9.0   -9 -99.0 -99.0 -99.0 -99.0 -99.0
20260521 277  3.6  3103   5  8.4 1456   5 12.8 1455  15.9  19.2 1333  14.8 2348  15.5  19.3  15.3  98.0  88.0 1346  17.7  -9.0  -9.0 -9.00 1002.4 1007.2 1011.1 2343 1004.9  522  9.5  0.0 14.3 -9.0 -9.00 -9.00   -9   11.3   -9.0 -9.00    4.7  133    1.8  211   -9.0   -9   -9.0   -9   -9.0   -9 -99.0 -99.0 -99.0 -99.0 -99.0
20260521 278  0.5   405   5  1.8 1715   2  3.9 1713  17.1  19.8 1359  15.0    1  16.3  18.8  14.8  95.8  81.0 2037  18.6  -9.0  -9.0 -9.00  996.2 1005.7 1009.6 2355 1003.4  611  7.5  0.0 14.2 -9.0 -9.00 -9.00   -9    4.7   -9.0 -9.00    3.1   39    1.1   56   -9.0   -9   -9.0   -9   -9.0   -9 -99.0 -99.0 -99.0 -99.0 -99.0
20260521 279  0.5   434   9  3.7 1925   9  6.0 1923  17.4  20.3 1706  15.1   56  15.7  19.2  12.9  90.0  80.0 1708  17.8   1.9   1.3 -9.00 1000.7 1006.4 1010.4 2400 1004.0  553  9.1  0.0 14.2 -9.0  5.16  0.61 1500    8.8   -9.0 -9.00    6.2   17    2.6   25   -9.0   -9   -9.0   -9   -9.0   -9 -99.0 -99.0 -99.0 -99.0 -99.0
20260521 281  1.1   982  11  2.4 1211  11  4.8 1751  16.8  18.9 1546  15.5  147  16.1  18.4  15.4  96.4  87.0 1537  18.3  -9.0  -9.0 -9.00  995.7 1007.0 1010.9 2331 1004.7  604  7.8  0.0 14.2 -9.0 -9.00 -9.00   -9    3.6   -9.0 -9.00    1.5 1815    0.8  357   -9.0   -9   -9.0   -9   -9.0   -9 -99.0 -99.0 -99.0 -99.0 -99.0
20260521 283  2.6  2219   5  5.2 1806   2  8.5 1801  17.3  20.4 1445  15.8    1  15.8  19.1  15.8  91.9  77.0 1449  18.0   1.8   1.2 -9.00 1002.4 1007.1 1011.0 2330 1004.9  418  9.4  0.0 14.2 -9.0  5.43  0.99 1100    5.9   -9.0 -9.00    3.0  329    1.6  414   -9.0   -9   -9.0   -9   -9.0   -9 -99.0 -99.0 -99.0 -99.0 -99.0
20260521 284  1.4  1243  25  4.4 1131  25  7.1 1130  18.6  23.9 1259  14.9  140  15.8  20.8  14.7  84.8  64.0 1335  17.9   3.7   2.6 -9.00  978.3 1004.6 1009.1 2350 1002.1 1506  9.0  1.3 14.2 -9.0 14.57  2.50 1200    8.3   -9.0 -9.00    3.1  225    1.2  251   -9.0   -9   -9.0   -9   -9.0   -9 -99.0 -99.0 -99.0 -99.0 -99.0
20260521 285  1.0   883   7  2.9 1635   7  6.2 1810  18.8  24.6 1243  15.3  102  17.0  21.8  15.6  90.0  71.0 1207  19.4  -9.0  -9.0 -9.00 1002.8 1005.9 1010.4 2359 1003.8  607  9.1  1.5 14.2 -9.0 -9.00 -9.00   -9    5.8   -9.0 -9.00    2.2 2228    0.7 2250   -9.0   -9   -9.0   -9   -9.0   -9 -99.0 -99.0 -99.0 -99.0 -99.0
20260521 288  1.2  1015   7  3.2 2306   7  5.9 2257  18.6  23.7 1523  16.0    7  17.1  21.5  16.9  91.9  78.0 1508  19.6   2.7   1.9 -9.00 1003.6 1004.6 1008.7 2317 1002.7  451  8.9  0.2 14.2 -9.0  8.03  1.45 1300    8.5   -9.0 -9.00    3.7  152    2.1  240   -9.0   -9   -9.0   -9   -9.0   -9 -99.0 -99.0 -99.0 -99.0 -99.0
20260521 289  1.0   842   9  2.9 2125   5  5.0    6  18.9  23.1 1552  15.6   12  16.7  21.1  15.2  87.9  68.0 1554  19.0  -9.0  -9.0 -9.00  990.2 1006.2 1010.5 2349 1004.3 1514  9.0  0.1 14.2 -9.0 -9.00 -9.00   -9    3.1   -9.0 -9.00    1.3  221    0.7  228   -9.0   -9   -9.0   -9   -9.0   -9 -99.0 -99.0 -99.0 -99.0 -99.0
20260521 294  1.5  1327  11  4.1 2051  23  8.5 1441  18.4  22.5 1427  16.7    1  16.6  21.5  16.9  89.8  72.0 1433  18.9  -9.0  -9.0 -9.00 1001.3 1006.5 1010.2 2256 1004.2  445  8.9  1.1 14.1 -9.0 -9.00 -9.00   -9   25.6   -9.0 -9.00   11.4    8    3.4    9   -9.0   -9   -9.0   -9   -9.0   -9 -99.0 -99.0 -99.0 -99.0 -99.0
20260521 295  1.4  1201  27  3.1 1120  27  6.4 1242  19.6  24.3 1332  16.6  215  16.7  21.7  16.5  84.1  62.0 1333  19.0  -9.0  -9.0 -9.00 1000.5 1005.8 1009.5 2307 1004.0  427 -9.0  5.4 14.1 -9.0 -9.00 -9.00   -9   22.0   -9.0 -9.00   15.3   18    5.4   32   -9.0   -9   -9.0   -9   -9.0   -9 -99.0 -99.0 -99.0 -99.0 -99.0
20260521 296  2.0  1704   2  4.7 2103   5  8.4 2342  18.5  20.9 1318  16.3  207  17.4  18.7  15.9  93.9  87.0 2356  19.9   1.9   1.4 -9.00 1005.0 1005.3 1009.1 2321 1003.2  508  9.1  0.0 14.2 -9.0  4.55  0.92 1100    8.6   -9.0  7.20    4.2  136    1.2  317   -9.0   -9   -9.0   -9   -9.0   -9 -99.0 -99.0 -99.0 -99.0 -99.0
20260522  90  2.2  1941  36  5.1 1226   5  7.3 1245  15.7  17.8 1036  14.3  522  12.4  22.0  13.4  81.4  73.0  841  14.4   5.1   3.6 -9.00 1013.9 1016.0 1017.5 1015 1013.5    1  5.8 11.7 14.4 -9.0 29.19  3.56 1200    0.0   -9.0 -9.00    0.0   -9    0.0   -9   -9.0   -9   -9.0   -9   -9.0   -9 -99.0 -99.0 -99.0 -99.0 -99.0
20260522  93  2.0  1700  11  6.5 1434  11 10.8 1609  18.7  24.9 1405  10.9  518   7.6  21.6  10.1  54.9  20.0 1602  10.7   8.8   6.2 -9.00 1002.2 1013.4 1014.9 1024 1011.8 1831  3.3 12.4 14.4 -9.0 29.47  3.55 1200   -9.0   -9.0 -9.00   -9.0   -9   -9.0   -9   -9.0   -9   -9.0   -9   -9.0   -9  19.7  19.5  16.8  13.0  12.1
20260522  95  2.8  2392  36  5.0  830   9  9.1 1205  19.1  26.2 1359  12.6  228   6.8  20.6   9.9  50.8  19.0 1445  10.1   8.7   6.1 -9.00  995.1 1013.1 1014.6  611 1011.6 1551  3.9 12.1 14.4 -9.0 29.36  3.59 1200   -9.0   -9.0 -9.00   -9.0   -9   -9.0   -9   -9.0   -9   -9.0   -9   -9.0   -9 -99.0 -99.0 -99.0 -99.0 -99.0
20260522  98  1.2  1027   7  3.5 1813  14  8.0 1419  19.7  26.7 1410  11.8  419   6.6  22.0   8.8  48.1  20.0 1601   9.9   8.0   5.6 -9.00  998.6 1012.1 1014.1 1020 1010.5 1824  3.4 12.0 14.4 -9.0 28.43  3.56 1200   -9.0   -9.0 -9.00   -9.0   -9   -9.0   -9   -9.0   -9   -9.0   -9   -9.0   -9 -99.0 -99.0 -99.0 -99.0 -99.0
20260522  99  1.7  1472  18  3.4 1432  16  8.1 1424  19.1  26.5 1353  11.8  333   9.2  21.1   8.8  56.9  28.0 1456  11.7   7.7   5.4 -9.00 1009.1 1012.7 1014.9 1011 1010.7 1922  4.6 12.0 14.4 -9.0 28.14  3.55 1200   -9.0   -9.0 -9.00   -9.0   -9   -9.0   -9   -9.0   -9   -9.0   -9   -9.0   -9 -99.0 -99.0 -99.0 -99.0 -99.0
20260522 100  2.6  2288  11  5.3 1143  11  8.9 1336  11.6  15.7 1322   8.6  520   9.2  17.1   5.3  86.3  63.0 1345  11.6   4.4   3.0 -9.00  926.3 1015.2 1016.9  853 1012.8    6  7.3  9.1 14.4 -9.0 25.68  3.75 1200    1.6   -9.0 -9.00    1.6 -2337    0.6   34   -9.0   -9   -9.0   -9   -9.0   -9 -99.0 -99.0 -99.0 -99.0 -99.0
20260522 101  2.5  2192   5  5.7 1502   5 11.2 1443  18.7  25.1 1427  11.0  448   7.5  20.0   7.0  54.4  21.0 1428  10.6   8.5   5.9 -9.00 1003.5 1012.4 1013.8  624 1010.7 1831  3.1 12.3 14.4 -9.0 28.46  3.52 1200   -9.0   -9.0 -9.00   -9.0   -9   -9.0   -9   -9.0   -9   -9.0   -9   -9.0   -9  19.2  17.1  15.0  13.8  15.2
20260522 102  2.9  2541  14  6.4 1214  14 12.6 1159  16.9  20.8 1107  13.6  506  12.2  21.5   8.8  75.3  55.0 1124  14.3   5.8   4.1 -9.00 1006.6 1010.9 1012.7  916 1009.3 2000  5.5 11.3 14.4 -9.0 29.03  3.66 1200   -9.0   -9.0 -9.00   -9.0   -9   -9.0   -9   -9.0   -9   -9.0   -9   -9.0   -9 -99.0 -99.0 -99.0 -99.0 -99.0
20260522 104  2.0  1695   7  4.9 1123  32  7.9  936  15.7  18.8 1414  13.5 2009  13.8  21.7  12.2  89.0  70.0 1607  15.8   4.6   3.2 -9.00 1005.5 1014.5 1016.0 1034 1012.0    8  5.9 10.1 14.4 -9.0 27.56  3.52 1200    0.0   -9.0  0.33    0.0   -9    0.0   -9   -9.0   -9   -9.0   -9   -9.0   -9  18.1  17.9  15.8  12.6  13.1
20260522 105  2.0  1715  29  4.4  847  29  7.1 1216  16.6  19.2 1412  14.5  431  13.0  21.6  11.8  80.3  56.0 1633  15.0   4.7   3.3 -9.00 1012.6 1015.8 1017.4 1029 1013.1   19  7.4  9.2 14.4 -9.0 24.89  3.34 1200    0.0   -9.0 -9.00    0.0   -9    0.0   -9   -9.0   -9   -9.0   -9   -9.0   -9  18.3 -99.0  16.8  14.1 -99.0
20260522 106  3.3  2877   2  8.3 1214   2 12.2 1216  16.3  19.0 1500  13.6  500  13.2  20.2  10.3  82.6  62.0 1512  15.2   4.8   3.3 -9.00 1010.8 1015.6 1016.9 1057 1013.0   14  7.6  8.4 14.4 -9.0 26.68  3.59 1200    0.0   -9.0 -9.00    0.0   -9    0.0   -9   -9.0   -9   -9.0   -9   -9.0   -9 -99.0 -99.0 -99.0 -99.0 -99.0
20260522 108  2.9  2504   5  4.3  325   5  9.8 1142  20.6  27.0 1611  15.1  226   8.5  20.8  11.9  48.6  28.0 1852  11.2   8.8   6.2 -9.00 1002.0 1011.9 1014.1 1021 1010.2 1801  3.1 12.8 14.4 -9.0 29.50  3.70 1200   -9.0    0.0 -9.00   -9.0   -9   -9.0   -9   -9.0   -9   -9.0   -9   -9.0   -9  18.7  17.6  16.6  13.8  13.5
20260522 112  2.3  1987   9  4.4  805  14  8.0 1653  20.6  26.6 1529  14.7  522  11.3  21.6  10.3  58.5  33.0 1735  13.5   7.6   5.3 -9.00 1003.5 1011.6 1013.6  923 1010.0 1811  4.1 12.7 14.4 -9.0 28.79  3.58 1200   -9.0    0.1 -9.00   -9.0   -9   -9.0   -9   -9.0   -9   -9.0   -9   -9.0   -9  17.7  16.9  12.9  14.8  13.3
20260522 114  1.4  1238   5  4.0 1429   7  7.3 1505  19.7  27.0 1554  12.6  422   9.1  22.8   8.2  56.4  20.0 1611  11.7   7.7   5.4 -9.00  994.7 1012.1 1013.8  658 1010.3 1645  3.0 12.8 14.4 -9.0 29.35  3.55 1200   -9.0   -9.0 -9.00   -9.0   -9   -9.0   -9   -9.0   -9   -9.0   -9   -9.0   -9 -99.0 -99.0 -99.0 -99.0 -99.0
20260522 115 -9.0    -9   5 12.2 1103   5 18.0 1056  14.7  17.0 1626  13.7  124  13.3  17.0  12.0  91.6  83.0 1216  15.3   2.9   2.0  0.33  987.8 1013.9 1015.5 2054 1010.0   19  8.8  4.9 14.4 -9.0 16.98  2.83 1200    0.1    0.5  0.67    0.1   -9    0.1   -9   -9.0   -9   -9.0   -9   -9.0   -9  17.9  15.4  14.8  12.0  13.1
20260522 119  2.6  2241   9  5.3 1237   9  9.1 1214  20.8  26.2 1548  14.1  549   9.3  21.5  10.7  50.8  29.0 1553  11.8   8.5   5.9 -9.00 1006.8 1011.5 1013.7  947 1009.6 1818  3.4 12.7 14.3 -9.0 28.68  3.58 1200   -9.0    0.0 -9.00   -9.0   -9   -9.0   -9   -9.0   -9   -9.0   -9   -9.0   -9  18.2  16.8  14.9  12.0  12.4
20260522 121  2.5  2176   5  5.1 1514   2  9.1 1929  18.8  25.7 1436  13.1  543   9.1  21.7   9.4  56.6  32.0 1422  11.6   7.7   5.4 -9.00  985.1 1013.0 1014.4  728 1011.0 1812  2.0 12.8 14.3 -9.0 29.44  3.59 1200   -9.0   -9.0 -9.00   -9.0   -9   -9.0   -9   -9.0   -9   -9.0   -9   -9.0   -9 -99.0 -99.0 -99.0 -99.0 -99.0
20260522 127  1.6  1401  11  2.9 1111   5  5.7  307  20.0  26.8 1543  13.6  609   9.4  23.0  11.6  54.0  31.0 1733  11.8   7.5   5.2 -9.00  997.9 1011.3 1012.8  806 1009.4 1742  3.4 11.6 14.3 -9.0 29.13  3.65 1200   -9.0   -9.0 -9.00   -9.0   -9   -9.0   -9   -9.0   -9   -9.0   -9   -9.0   -9 -99.0 -99.0 -99.0 -99.0 -99.0
20260522 129  1.9  1673  32  4.8 1704  29  6.8 1628  19.6  25.8 1403  14.5  338  14.7  23.0  11.4  74.8  46.0 1517  16.7   4.9   3.5 -9.00 1008.5 1011.5 1013.3 1033 1010.2 1938  5.1  8.5 14.3 -9.0 22.05  3.21 1300   -9.0    0.0 -9.00   -9.0   -9   -9.0   -9   -9.0   -9   -9.0   -9   -9.0   -9  17.9  16.7  17.2  13.2  14.6
20260522 130  2.4  2090  16  4.5 1016  18 10.6 1011  17.0  20.6 1311  14.0  445  13.4  20.9  12.2  80.6  61.0 1312  15.4  -9.0  -9.0 -9.00 1009.0 1014.8 1016.0 1047 1011.9    6  6.3 11.4 14.3 -9.0 -9.00 -9.00   -9    0.1   -9.0 -9.00    0.1   -9    0.1   -9   -9.0   -9   -9.0   -9   -9.0   -9 -99.0 -99.0 -99.0 -99.0 -99.0
20260522 131  1.9  1682   9  4.6 1541   9  8.0 1503  21.4  27.2 1535  16.2  535  11.0  22.1  15.3  54.6  28.0 1537  13.2   7.1   5.0 -9.00 1004.5 1011.3 1013.2  944 1009.8    1  3.3 10.2 14.3 -9.0 24.77  2.94  900   -9.0   -9.0 -9.00   -9.0   -9   -9.0   -9   -9.0   -9   -9.0   -9   -9.0   -9 -99.0 -99.0 -99.0 -99.0 -99.0
20260522 133  2.6  2284  14  5.5 2347  11  9.2 2342  20.9  26.6 1513  15.1  531  13.2  23.2  12.6  64.6  40.0 1547  15.3   7.7   5.4 -9.00 1003.7 1011.6 1013.3  948 1009.9    1  3.3 12.9 14.3 -9.0 28.67  3.36 1300   -9.0   -9.0 -9.00   -9.0   -9   -9.0   -9   -9.0   -9   -9.0   -9   -9.0   -9  20.2  19.5  17.7  14.9  15.6
20260522 135  2.3  2009   7  5.8 1028   9 10.5 1421  17.8  23.5 1438  12.6  449  12.0  21.9  12.1  71.1  40.0 1836  14.0   6.1   4.3 -9.00  983.8 1012.2 1013.5 2348 1010.2 1751  6.4 10.7 14.3 -9.0 26.70  3.12 1200   -9.0   -9.0 -9.00   -9.0   -9   -9.0   -9   -9.0   -9   -9.0   -9   -9.0   -9 -99.0 -99.0 -99.0 -99.0 -99.0
20260522 136  2.3  1953  14  5.3 1457  11  9.3 1452  18.6  24.8 1345  13.8  552  10.9  23.0  12.8  64.8  32.0 1453  13.1   7.6   5.3 -9.00  997.2 1013.7 1015.1 2231 1011.3    1  3.5 12.8 14.3 -9.0 30.24  3.64 1200   -9.0   -9.0 -9.00   -9.0   -9   -9.0   -9   -9.0   -9   -9.0   -9   -9.0   -9 -99.0 -99.0 -99.0 -99.0 -99.0
20260522 137  0.8   704  14  2.4 1554  16  6.6 1551  19.6  26.0 1452  14.6  331  12.5  25.8  12.8  67.1  33.0 1605  14.6   6.3   4.4 -9.00 1000.4 1011.6 1013.1 2355 1009.7    1  5.0 11.9 14.3 -9.0 28.24  3.68 1200   -9.0   -9.0 -9.00   -9.0   -9   -9.0   -9   -9.0   -9   -9.0   -9   -9.0   -9 -99.0 -99.0 -99.0 -99.0 -99.0
20260522 138  4.4  3761   7  7.5  921   5 12.3  951  17.3  19.1 1435  16.2  237  13.2  19.7  15.1  77.4  61.0 1617  15.2   4.4   3.1 -9.00 1013.0 1013.5 1015.3 1231 1010.3    1  9.3  5.0 14.3 -9.0 19.17  2.60 1400    0.1    0.0  4.08    0.1   -9    0.1   -9   -9.0   -9   -9.0   -9   -9.0   -9  19.7  17.5  16.3  15.0  15.6
20260522 140  2.0  1745  29  4.1 1318  32  7.1 1301  20.2  26.6 1459  16.5 2355  15.8  23.1  13.1  77.4  53.0 1451  18.0  -9.0  -9.0 -9.00 1008.6 1011.9 1013.8  957 1010.1    1  7.5  4.6 14.2 -9.0 -9.00 -9.00   -9   -9.0   -9.0 -9.00   -9.0   -9   -9.0   -9   -9.0   -9   -9.0   -9   -9.0   -9 -99.0 -99.0 -99.0 -99.0 -99.0
20260522 143  3.3  2866   9  6.5 1609   9  9.2 1532  18.4  22.1 1419  16.0  320  12.0  21.3  15.6  68.3  47.0 1606  14.1   6.2   4.4 -9.00 1006.2 1012.6 1014.1 1043 1010.1    1  6.9  9.7 14.2 -9.0 24.29  3.17 1300   -9.0   -9.0 -9.00   -9.0   -9   -9.0   -9   -9.0   -9   -9.0   -9   -9.0   -9 -99.0 -99.0 -99.0 -99.0 -99.0
20260522 146  1.3  1129  25  5.6 1750  25  7.9 1747  20.8  26.6 1556  17.1  537  16.2  23.4  11.7  76.8  51.0 1612  18.5   4.9   3.4  0.17 1004.0 1011.0 1012.8  805 1009.4    2  6.1  3.9 14.2 -9.0 19.19  3.57 1100   -9.0   -9.0 -9.00   -9.0   -9   -9.0   -9   -9.0   -9   -9.0   -9   -9.0   -9 -99.0 -99.0 -99.0 -99.0 -99.0
20260522 152  2.8  2454   5  5.3 1646   5  9.5 1606  16.9  19.9 1429  15.1  559  12.5  20.5  15.2  76.3  56.0 1428  14.5   3.9   2.7 -9.00 1003.3 1012.8 1014.5 1220 1009.6    1  8.5  3.2 14.2 -9.0 16.30  2.76 1400    0.3   -9.0  2.48    0.2   -9    0.1   -9   -9.0   -9   -9.0   -9   -9.0   -9 -99.0 -99.0 -99.0 -99.0 -99.0
20260522 155  1.8  1529   5  4.9 1314   7  8.8 1348  18.9  23.4 1701  16.6  549  13.5  20.9  13.8  72.4  49.0 1705  15.6   4.1   2.9 -9.00 1008.2 1012.3 1013.9 1146 1009.5   37  6.9  4.6 14.2 -9.0 15.06  2.61 1300    0.0   -9.0  0.07    0.0   -9    0.0   -9   -9.0   -9   -9.0   -9   -9.0   -9 -99.0 -99.0 -99.0 -99.0 -99.0
20260522 156  1.4  1176  16  3.9 1503  16  6.4 1501  19.8  24.6 1310  17.1  135  16.2  21.3  13.0  80.8  60.0 1604  18.5   3.4   2.4 -9.00 1002.1 1010.3 1012.0 1052 1008.2    1  6.9  2.3 14.2 -9.0 12.90  2.45 1200    0.0   -9.0  0.17    0.0   -9    0.0   -9   -9.0   -9   -9.0   -9   -9.0   -9 -99.0 -99.0 -99.0 -99.0 -99.0
20260522 159  3.0  2589  11  5.0 1829  14 10.3 1758  18.6  23.5 1550  16.8 2127  13.2  20.1  14.4  71.4  49.0 1347  15.2   5.0   3.5 -9.00 1003.7 1011.9 1013.2 2120 1009.2    1  7.4  5.0 14.2 -9.0 17.95  2.60 1500   -9.0   -9.0 -9.00   -9.0   -9   -9.0   -9   -9.0   -9   -9.0   -9   -9.0   -9  19.8  18.9  18.0  15.4  16.7
20260522 162  1.9  1628   5  4.7 1257   2  7.9 2236  19.0  23.5 1556  16.9 2116  13.3  21.9  14.8  70.3  50.0 1558  15.3   4.3   3.0 -9.00 1007.8 1011.4 1012.7 1150 1008.7    1  7.0  4.5 14.2 -9.0 16.30  2.21 1200   -9.0   -9.0 -9.00   -9.0   -9   -9.0   -9   -9.0   -9   -9.0   -9   -9.0   -9 -99.0 -99.0 -99.0 -99.0 -99.0
20260522 165  2.4  2067  16  5.7 1606  16  9.0 1604  19.0  23.4 1527  16.2   30  15.8  22.4  14.0  83.0  62.0 1518  18.0   4.6   3.2 -9.00 1006.1 1011.4 1013.0  811 1009.5    1  5.9  3.6 14.2 -9.0 17.32  2.62 1500   -9.0   -9.0 -9.00   -9.0   -9   -9.0   -9   -9.0   -9   -9.0   -9   -9.0   -9  19.7  19.0  16.9  15.1  14.6
20260522 168  3.5  3061   9  6.3  949  14  9.5 1851  18.5  21.3 1641  16.9 2244  14.4  21.5  15.9  77.6  64.0 1646  16.5   4.4   3.1 -9.00 1004.3 1012.0 1013.5 1111 1009.3    1  6.8  4.4 14.1 -9.0 15.27  2.64 1500   -9.0   -9.0 -9.00   -9.0   -9   -9.0   -9   -9.0   -9   -9.0   -9   -9.0   -9  20.5  19.0  17.2  15.6  16.6
20260522 169  6.4  5492  14 14.3 1946  16 17.7 1941  17.2  21.3 1216  14.4 2225  14.8  22.7  14.4  86.8  71.0 1429  16.9   6.0   4.2  7.17 1002.1 1010.9 1012.6 1044 1009.4    1  6.8  9.8 14.1 -9.0 27.20  3.69 1200    0.1   -9.0  0.35    0.1   -9    0.1   -9   -9.0   -9   -9.0   -9   -9.0   -9 -99.0 -99.0 -99.0 -99.0 -99.0
20260522 170  5.0  4355  14  9.4 2253  14 13.9 2249  19.1  23.7 1500  16.1 2314  15.2  22.8  14.0  79.4  60.0 1556  17.3   5.3   3.7 -9.00 1007.6 1011.7 1013.0 1049 1009.5    1  6.8  5.8 14.1 -9.0 18.51  2.62 1500    0.2   -9.0 -9.00    0.2   -9    0.2   -9   -9.0   -9   -9.0   -9   -9.0   -9 -99.0 -99.0 -99.0 -99.0 -99.0
20260522 172  1.3  1125  11  3.2 1646  16  5.0 1710  19.9  24.0 1724  16.8    1  16.5  19.7  13.5  82.5  58.0 1723  18.8   3.5   2.5 -9.00 1004.9 1011.0 1012.7 1023 1009.2    1  7.5  1.9 14.2 -9.0 13.98  2.32 1300   -9.0   -9.0 -9.00   -9.0   -9   -9.0   -9   -9.0   -9   -9.0   -9   -9.0   -9 -99.0 -99.0 -99.0 -99.0 -99.0
20260522 174  1.6  1370  14  4.7 1358  14  8.0 1352  18.1  23.1 1149  14.5 2137  13.9  19.8  13.5  78.1  54.0 1643  15.9  -9.0  -9.0 -9.00  991.0 1010.2 1011.4  836 1008.1    1  7.5  3.5 14.2 -9.0 -9.00 -9.00   -9    0.7   -9.0 -9.00    0.7   52    0.3   52   -9.0   -9   -9.0   -9   -9.0   -9 -99.0 -99.0 -99.0 -99.0 -99.0
20260522 177  2.1  1846   5  5.0 1728   5  7.5 1630  21.1  26.7 1545  15.6  528  15.1  23.2  13.6  70.6  45.0 1659  17.3   6.5   4.6 -9.00 1006.9 1010.1 1012.2 1021 1008.7 1755  4.9 11.3 14.3 -9.0 26.73  3.15 1000   -9.0    0.0 -9.00   -9.0   -9   -9.0   -9   -9.0   -9   -9.0   -9   -9.0   -9 -99.0 -99.0 -99.0 -99.0 -99.0
20260522 181  2.3  1961   5  4.2 1234  18  7.6 2250  20.2  26.3 1451  15.3  537  12.6  22.0  13.1  64.3  36.0 1546  14.7   7.0   4.9 -9.00 1007.9 1011.8 1013.8 1041 1010.3    1  2.5 10.9 14.3 -9.0 26.69  3.39 1300   -9.0   -9.0 -9.00   -9.0   -9   -9.0   -9   -9.0   -9   -9.0   -9   -9.0   -9 -99.0 -99.0 -99.0 -99.0 -99.0
20260522 184  3.1  2659   7  5.5 1406   9 10.6 1128  18.9  20.8 1347  16.7   22  15.1  19.9  17.2  79.3  70.0 1553  17.2   2.3   1.6 -9.00 1008.2 1010.6 1011.7  914 1009.3   30  9.1  0.1 14.1 -9.0  6.47  0.95 1500    0.4    0.2  3.08    0.2   -9    0.1   -9   -9.0   -9   -9.0   -9   -9.0   -9  21.9  20.4  19.3  17.3  16.4
20260522 185  4.1  3534  32  8.5   29  14 11.7 1719  18.9  23.9 1500  15.8    6  15.7  21.9  16.1  83.0  66.0 1453  17.9   4.4   3.1 -9.00 1002.1 1010.4 1012.0  909 1009.2 1720  8.1  4.1 14.0 -9.0 15.86  2.45 1400    0.6   -9.0 -9.00    0.3  115    0.1   -9   -9.0   -9   -9.0   -9   -9.0   -9 -99.0 -99.0 -99.0 -99.0 -99.0
20260522 188  3.5  2982   7  6.7 1229   7 10.6 1416  18.9  21.1 1231  16.6  556  15.9  20.4  15.7  83.3  77.0 1238  18.1  -9.0  -9.0 -9.00 1009.2 1011.6 1012.8 1202 1009.2    1  8.4  0.4 14.0 -9.0 -9.00 -9.00   -9    0.7   -9.0 -9.00    0.7  854    0.4  930   -9.0   -9   -9.0   -9   -9.0   -9 -99.0 -99.0 -99.0 -99.0 -99.0
20260522 189  2.7  2319   7  5.5 1755   9  9.8 1419  19.4  22.7 1020  17.9  500  15.7  21.4  17.8  79.4  64.0 1021  17.8   3.4   2.4 -9.00 1005.1 1011.2 1012.3 1108 1009.3    1  9.4  2.1 14.0 -9.0 12.65  1.83 1500    0.0    0.0  1.50    0.0   -9    0.0   -9   -9.0   -9   -9.0   -9   -9.0   -9 -99.0 -99.0 -99.0 -99.0 -99.0
20260522 192  0.9   751  -9 -9.0   -9  -9 -9.0   -9  18.0  23.0 1635  13.0 2340  14.0  21.3  11.5  79.3  53.0 1631  16.0  -9.0  -9.0 -9.00 1008.9 1012.3 1013.7 1051 1009.8   10  6.8  4.8 14.2 -9.0 15.91  1.82 1600    1.1   -9.0 -9.00    1.1 -2331    0.3    4   -9.0   -9   -9.0   -9   -9.0   -9 -99.0 -99.0 -99.0 -99.0 -99.0
20260522 201  2.3  2026  14  4.0 1232   5  7.4  527  19.3  26.5 1312  15.0 2214  11.6  20.6  10.9  64.3  29.0 1312  13.8  -9.0  -9.0 -9.00 1006.9 1012.6 1014.8  945 1011.0 1859  4.3 11.9 14.4 -9.0 -9.00 -9.00   -9   -9.0   -9.0 -9.00   -9.0   -9   -9.0   -9   -9.0   -9   -9.0   -9   -9.0   -9 -99.0 -99.0 -99.0 -99.0 -99.0
20260522 202  1.8  1523   5  3.6 1307  11  7.3 1541  20.3  27.1 1511  13.6  420   8.0  23.2  10.3  51.0  20.0 1653  11.0  -9.0  -9.0 -9.00 1006.8 1012.4 1014.3 1045 1010.6 1829  3.1 12.4 14.4 -9.0 -9.00 -9.00   -9   -9.0   -9.0 -9.00   -9.0   -9   -9.0   -9   -9.0   -9   -9.0   -9   -9.0   -9 -99.0 -99.0 -99.0 -99.0 -99.0
20260522 203  0.9   820   7  2.2 1254   5  5.6 1305  19.4  26.7 1552  12.6  517  11.2  23.5  10.4  62.8  31.0 1745  13.4  -9.0  -9.0 -9.00 1003.3 1012.7 1014.6 1031 1010.8 1758  3.1 10.5 14.3 -9.0 -9.00 -9.00   -9   -9.0   -9.0 -9.00   -9.0   -9   -9.0   -9   -9.0   -9   -9.0   -9   -9.0   -9 -99.0 -99.0 -99.0 -99.0 -99.0
20260522 211  2.2  1905   2  4.9 1352   5 11.4 1313  16.8  23.8 1515  11.4  531   8.1  20.5   6.7  61.4  24.0 1624  10.9  -9.0  -9.0 -9.00  990.3 1014.0 1015.2  755 1012.4 1610  3.9 11.6 14.4 -9.0 -9.00 -9.00   -9   -9.0   -9.0 -9.00   -9.0   -9   -9.0   -9   -9.0   -9   -9.0   -9   -9.0   -9 -99.0 -99.0 -99.0 -99.0 -99.0
20260522 212  1.7  1487   5  4.6 1343   5  9.1 1454  18.8  26.1 1430  11.4  446   7.3  19.9   8.5  55.1  19.0 1516  10.5  -9.0  -9.0 -9.00  996.8 1013.1 1014.8  803 1011.5 1653  3.1 12.3 14.4 -9.0 -9.00 -9.00   -9   -9.0   -9.0 -9.00   -9.0   -9   -9.0   -9   -9.0   -9   -9.0   -9   -9.0   -9 -99.0 -99.0 -99.0 -99.0 -99.0
20260522 216  2.3  1996   5  4.9 1201   2 10.3  114  12.6  18.0 1422   9.0  524   8.5  17.4   8.2  78.0  45.0 1318  11.1   4.8   3.4 -9.00  932.8 1014.9 1016.2  745 1012.3    1  5.9  7.1 14.3 -9.0 23.38  3.70 1200    1.0   -9.0 -9.00    0.6   54    0.2  136   -9.0   -9   -9.0   -9   -9.0   -9 -99.0 -99.0 -99.0 -99.0 -99.0
20260522 217  2.4  2108  36  5.9 1307   5 11.3 1326  15.6  22.1 1624  10.5  546   7.7  21.6  10.5  62.9  30.0 1319  10.6  -9.0  -9.0 -9.00  978.0 1014.4 1015.8  823 1012.3    1  4.6 11.0 14.4 -9.0 -9.00 -9.00   -9    0.0   -9.0 -9.00    0.0   -9    0.0   -9   -9.0   -9   -9.0   -9   -9.0   -9 -99.0 -99.0 -99.0 -99.0 -99.0
20260522 221  2.9  2495   5  5.5 1241   2  8.6 1300  18.3  24.0 1527  12.5  458   8.4  21.9  10.1  55.8  29.0 1530  11.1  -9.0  -9.0 -9.00  981.8 1012.5 1014.0  800 1010.7    1  3.0 12.9 14.3 -9.0 -9.00 -9.00   -9   -9.0   -9.0 -9.00   -9.0   -9   -9.0   -9   -9.0   -9   -9.0   -9   -9.0   -9 -99.0 -99.0 -99.0 -99.0 -99.0
20260522 226  1.8  1513  14  4.0 1312  14  7.3 1250  19.1  24.3 1538  13.8  539  11.6  22.4  10.8  65.8  37.0 1753  13.8  -9.0  -9.0 -9.00  992.2 1012.1 1013.7 1050 1010.4    1  2.5 12.2 14.3 -9.0 -9.00 -9.00   -9   -9.0   -9.0 -9.00   -9.0   -9   -9.0   -9   -9.0   -9   -9.0   -9   -9.0   -9 -99.0 -99.0 -99.0 -99.0 -99.0
20260522 232  1.8  1548   9  4.5 1618   7  8.4 1259  19.7  26.1 1547  14.6  535  12.6  22.9  12.1  67.6  36.0 1652  14.7  -9.0  -9.0 -9.00 1002.3 1012.2 1014.3 1034 1010.6    1  2.8 11.6 14.3 -9.0 -9.00 -9.00   -9   -9.0   -9.0 -9.00   -9.0   -9   -9.0   -9   -9.0   -9   -9.0   -9   -9.0   -9 -99.0 -99.0 -99.0 -99.0 -99.0
20260522 235  1.3  1093   2  2.8  229   5  4.6  237  19.6  24.8 1502  15.1  542  15.9  21.9  12.9  80.3  61.0 1112  18.0   4.2   3.0 -9.00 1009.5 1010.7 1012.6 1043 1008.9    1  6.6  4.3 14.3 -9.0 19.20  2.54 1100   -9.0   -9.0 -9.00   -9.0   -9   -9.0   -9   -9.0   -9   -9.0   -9   -9.0   -9 -99.0 -99.0 -99.0 -99.0 -99.0
20260522 236  1.6  1405   9  3.2 1620   9  5.7 1613  20.7  27.2 1510  15.5  510  15.0  22.8  13.0  72.8  44.0 1605  17.1  -9.0  -9.0 -9.00 1009.9 1011.4 1013.6 1032 1009.9    1  6.1  7.5 14.3 -9.0 -9.00 -9.00   -9   -9.0   -9.0 -9.00   -9.0   -9   -9.0   -9   -9.0   -9   -9.0   -9   -9.0   -9 -99.0 -99.0 -99.0 -99.0 -99.0
20260522 238  1.3  1101   9  3.8 1523   9  7.2 1615  19.7  25.8 1527  14.4  533  14.0  23.4  11.4  73.3  41.0 1551  16.0  -9.0  -9.0 -9.00  991.3 1011.0 1012.6  749 1009.3    1  4.9 10.3 14.3 -9.0 -9.00 -9.00   -9   -9.0   -9.0 -9.00   -9.0   -9   -9.0   -9   -9.0   -9   -9.0   -9   -9.0   -9 -99.0 -99.0 -99.0 -99.0 -99.0
20260522 239  1.9  1672  11  4.0 1621  16  7.5 1232  20.5  25.7 1500  15.1  544  13.4  24.1  13.5  66.9  42.0 1607  15.5   7.4   5.2 -9.00 1000.7 1011.0 1012.8  735 1009.5 1808  4.4 12.2 14.3 -9.0 29.13  3.68 1200   -9.0   -9.0 -9.00   -9.0   -9   -9.0   -9   -9.0   -9   -9.0   -9   -9.0   -9 -99.0 -99.0 -99.0 -99.0 -99.0
20260522 243  1.1   922  29  3.1 1537   5  5.5 1213  19.8  25.8 1406  16.7 2359  16.6  20.4  13.8  83.1  54.0 1407  18.9  -9.0  -9.0 -9.00 1010.0 1011.4 1013.3 1017 1009.5    1  7.3  3.4 14.2 -9.0 -9.00 -9.00   -9   -9.0   -9.0 -9.00   -9.0   -9   -9.0   -9   -9.0   -9   -9.0   -9   -9.0   -9 -99.0 -99.0 -99.0 -99.0 -99.0
20260522 244  1.2  1013  20  3.4 1516  16  5.8 1724  19.7  25.4 1528  14.8 2337  14.0  22.1  11.4  71.8  49.0 1551  16.1  -9.0  -9.0 -9.00  982.4 1010.8 1012.4  753 1009.0    6  6.1  7.9 14.2 -9.0 -9.00 -9.00   -9   -9.0   -9.0 -9.00   -9.0   -9   -9.0   -9   -9.0   -9   -9.0   -9   -9.0   -9 -99.0 -99.0 -99.0 -99.0 -99.0
20260522 245  1.3  1107  23  3.2 1621  25  5.5 1606  20.1  24.7 1423  16.7  518  16.9  21.3  14.0  83.1  60.0 1327  19.3   3.3   2.3 -9.00 1003.1 1011.1 1012.9 1009 1009.4    1  7.0  2.8 14.2 -9.0 12.23  2.68 1100    0.1   -9.0 -9.00    0.1   -9    0.1   -9   -9.0   -9   -9.0   -9   -9.0   -9 -99.0 -99.0 -99.0 -99.0 -99.0
20260522 247  2.6  2243  11  6.2 1346  14 10.4 1338  19.9  24.8 1445  15.5 2336  14.4  20.9  12.7  72.9  52.0 1728  16.5  -9.0  -9.0 -9.00  995.4 1010.9 1012.4  807 1009.0    1  5.9  8.3 14.2 -9.0 -9.00 -9.00   -9    4.0   -9.0 -9.00    3.8   50    1.2  109   -9.0   -9   -9.0   -9   -9.0   -9 -99.0 -99.0 -99.0 -99.0 -99.0
20260522 248  1.4  1203   7  4.0 1243   7  7.1 1235  17.7  23.5 1232  12.3 2356  12.4  20.9   9.3  74.0  45.0 1449  14.5  -9.0  -9.0 -9.00  964.9 1011.5 1013.0  805 1009.3   13  7.1  9.2 14.2 -9.0 -9.00 -9.00   -9   -9.0   -9.0 -9.00   -9.0   -9   -9.0   -9   -9.0   -9   -9.0   -9   -9.0   -9 -99.0 -99.0 -99.0 -99.0 -99.0
20260522 251  0.8   708  23  2.5 1500  20  3.9 1444  19.2  23.4 1301  15.6 2359  16.4  20.1  13.6  85.1  67.0 1705  18.7   3.0   2.1 -9.00 1003.8 1010.7 1012.5 1012 1008.8    1  7.8  1.1 14.2 -9.0 12.26  2.16 1200   -9.0   -9.0 -9.00   -9.0   -9   -9.0   -9   -9.0   -9   -9.0   -9   -9.0   -9 -99.0 -99.0 -99.0 -99.0 -99.0
20260522 252  0.7   582  23  3.2 1354  23  4.8 1347  19.2  23.4 1417  16.5  400  16.6  21.0  13.0  85.9  65.0 1732  19.0   2.8   1.9 -9.00 1006.8 1011.2 1012.8 1031 1009.3    1  7.8  1.1 14.2 -9.0 11.93  1.65 1300   -9.0   -9.0 -9.00   -9.0   -9   -9.0   -9   -9.0   -9   -9.0   -9   -9.0   -9 -99.0 -99.0 -99.0 -99.0 -99.0
20260522 253  0.9   782  29  1.9  714   2  5.6 1541  19.2  24.0 1443  16.5 2400  13.7  22.8  15.2  71.4  51.0 1512  15.7   4.2   2.9 -9.00 1006.7 1013.1 1014.6 1154 1010.2    6  7.9  4.9 14.2 -9.0 17.21  2.88 1400   -9.0   -9.0 -9.00   -9.0   -9   -9.0   -9   -9.0   -9   -9.0   -9   -9.0   -9 -99.0 -99.0 -99.0 -99.0 -99.0
20260522 254  1.4  1192  18  4.7 1522  18  7.2 1533  19.9  25.9 1319  15.7 2345  14.4  23.0  13.3  73.1  46.0 1320  16.5   6.3   4.4 -9.00  996.5 1011.5 1013.0  809 1009.8    1  6.8  7.5 14.2 -9.0 24.82  3.34 1000    0.7   -9.0 -9.00    0.5    1    0.2   32   -9.0   -9   -9.0   -9   -9.0   -9 -99.0 -99.0 -99.0 -99.0 -99.0
20260522 255  2.0  1742   9  4.5 1853   7  8.4 2057  19.7  24.3 1631  17.4  257  13.4  19.8  16.0  68.8  47.0 1647  15.5   4.3   3.0 -9.00 1006.1 1012.1 1013.6 1136 1009.5   29  6.6  4.7 14.2 -9.0 14.41  2.18 1300   -9.0   -9.0 -9.00   -9.0   -9   -9.0   -9   -9.0   -9   -9.0   -9   -9.0   -9 -99.0 -99.0 -99.0 -99.0 -99.0
20260522 257  3.1  2662   5  5.5 1434   5 11.4 1311  19.2  23.1 1527  17.4  527  14.0  20.6  16.0  72.6  52.0 1615  16.1   4.7   3.3 -9.00 1011.7 1012.4 1013.9 1152 1009.6    7  7.8  5.0 14.2 -9.0 18.03  2.51 1500   -9.0   -9.0 -9.00   -9.0   -9   -9.0   -9   -9.0   -9   -9.0   -9   -9.0   -9 -99.0 -99.0 -99.0 -99.0 -99.0
20260522 258  2.9  2534  16  5.2 1520  14  7.0 1519  19.4  22.9 1506  16.0 2327  15.6  20.6  14.1  79.9  63.0 1404  17.7   4.8   3.4 -9.00 1012.1 1012.3 1013.5 1101 1009.7    1  7.4  4.3 14.1 -9.0 18.09  2.47 1400    0.4   -9.0 -9.00    0.2   -9    0.1   -9   -9.0   -9   -9.0   -9   -9.0   -9 -99.0 -99.0 -99.0 -99.0 -99.0
20260522 259  2.0  1702  11  4.4 1123   9  8.5 1719  19.4  23.7 1439  16.5  211  15.8  21.6  15.6  81.1  61.0 1440  18.0   4.6   3.2 -9.00 1009.7 1011.6 1012.9 1056 1009.2    4  8.0  4.0 14.1 -9.0 16.61  2.50 1500    0.3   -9.0 -9.00    0.3  221    0.1   -9   -9.0   -9   -9.0   -9   -9.0   -9 -99.0 -99.0 -99.0 -99.0 -99.0
20260522 260  2.4  2043  14  4.3 1802  20  7.1 2247  19.0  22.4 1552  16.8  146  15.6  19.5  14.4  81.6  65.0 1742  17.8  -9.0  -9.0 -9.00 1006.4 1011.5 1012.9 1100 1009.2    1  8.1  2.3 14.1 -9.0 -9.00 -9.00   -9    0.1   -9.0 -9.00    0.1   -9    0.1   -9   -9.0   -9   -9.0   -9   -9.0   -9 -99.0 -99.0 -99.0 -99.0 -99.0
20260522 261  3.5  3048  14  6.7 1514  14 10.0 1519  19.1  22.7 1519  16.1    1  15.9  21.5  14.9  82.8  68.0 1525  18.1  -9.0  -9.0 -9.00 1009.8 1011.7 1013.1 1051 1009.7    1  5.9  5.4 14.1 -9.0 -9.00 -9.00   -9   -9.0   -9.0 -9.00   -9.0   -9   -9.0   -9   -9.0   -9   -9.0   -9   -9.0   -9 -99.0 -99.0 -99.0 -99.0 -99.0
20260522 262  1.8  1582  18  3.5 1144  23  7.6 1357  18.9  22.8 1456  15.8 2354  15.0  21.9  16.5  79.3  61.0 1430  17.1   4.7   3.3 -9.00 1005.6 1011.7 1013.0 1107 1009.1    4  7.8  5.3 14.1 -9.0 17.78  2.78 1400    0.3   -9.0 -9.00    0.2   -9    0.1   -9   -9.0   -9   -9.0   -9   -9.0   -9 -99.0 -99.0 -99.0 -99.0 -99.0
20260522 263  1.9  1675  11  4.2 1410   9  6.9 1402  18.2  23.1 1720  13.3 2356  12.7  21.8  10.8  72.4  43.0 1805  14.7   4.1   2.9 -9.00 1010.9 1012.6 1014.3 1131 1010.1    1  7.4  4.5 14.2 -9.0 17.17  2.21 1400    0.2   -9.0 -9.00    0.2   -9    0.1   -9   -9.0   -9   -9.0   -9   -9.0   -9 -99.0 -99.0 -99.0 -99.0 -99.0
20260522 264  1.6  1415  20  4.2 1353  16  7.5 1344  19.1  23.7 1609  15.1 2224  10.9  22.4  13.8  60.8  36.0 1819  13.1   5.8   4.0 -9.00  994.5 1012.1 1013.7  809 1009.8    1  6.9  5.8 14.2 -9.0 21.46  3.32 1300    0.7   -9.0 -9.00    0.8 -2337    0.3    8   -9.0   -9   -9.0   -9   -9.0   -9 -99.0 -99.0 -99.0 -99.0 -99.0
20260522 266  2.3  1966   9  4.4 1153   9  8.1  916  19.0  22.7 1219  16.0 2340  15.3  22.0  14.6  80.6  60.0 1209  17.4   4.6   3.2 -9.00 1001.9 1012.2 1013.7 1110 1009.7    1  6.6  6.1 14.2 -9.0 20.83  2.80  900    0.2   -9.0 -9.00    0.1   -9    0.1   -9   -9.0   -9   -9.0   -9   -9.0   -9 -99.0 -99.0 -99.0 -99.0 -99.0
20260522 268  1.8  1539   7  5.0 1352   7  8.9 1345  18.9  23.1 1428  15.3    2  14.8  21.6  16.3  79.0  59.0 1437  16.9  -9.0  -9.0 -9.00 1009.0 1010.2 1011.6  811 1008.4    1  6.4  7.4 14.1 -9.0 -9.00 -9.00   -9    0.0   -9.0 -9.00    0.0   -9    0.0   -9   -9.0   -9   -9.0   -9   -9.0   -9 -99.0 -99.0 -99.0 -99.0 -99.0
20260522 271  1.8  1569  36  3.9 1120   2  8.2 1031  16.6  23.3 1507  10.7  548   8.6  20.2   9.3  63.5  28.0 1449  11.3  -9.0  -9.0 -9.00  975.8 1013.5 1015.0 2322 1010.7    3  4.1 12.3 14.3 -9.0 -9.00 -9.00   -9   -9.0   -9.0 -9.00   -9.0   -9   -9.0   -9   -9.0   -9   -9.0   -9   -9.0   -9 -99.0 -99.0 -99.0 -99.0 -99.0
20260522 272  1.7  1447  11  3.8 1723  18  7.1 1411  17.9  24.9 1441  12.1  514  10.5  24.2   9.6  68.0  28.0 1516  12.9  -9.0  -9.0 -9.00  988.2 1012.8 1014.4 2232 1010.6    1  4.1 12.9 14.3 -9.0 -9.00 -9.00   -9   -9.0   -9.0 -9.00   -9.0   -9   -9.0   -9   -9.0   -9   -9.0   -9   -9.0   -9 -99.0 -99.0 -99.0 -99.0 -99.0
20260522 273  1.6  1363  11  4.1 1545   9  8.3 1349  18.6  25.0 1534  14.6  507  12.6  22.7  11.5  71.9  40.0 1801  14.7  -9.0  -9.0 -9.00  991.9 1012.0 1013.4 1039 1010.1    1  5.9 11.2 14.3 -9.0 -9.00 -9.00   -9   -9.0   -9.0 -9.00   -9.0   -9   -9.0   -9   -9.0   -9   -9.0   -9   -9.0   -9 -99.0 -99.0 -99.0 -99.0 -99.0
20260522 276  2.2  1893  11  5.1 1327  14  9.1 1247  17.5  22.3 1531  13.3  556  10.8  22.6  11.3  68.4  34.0 1433  13.0   7.6   5.3 -9.00  988.6 1012.9 1014.2 2104 1010.3    4  5.5 13.0 14.3 -9.0 30.68  3.69 1200   -9.0   -9.0 -9.00   -9.0   -9   -9.0   -9   -9.0   -9   -9.0   -9   -9.0   -9 -99.0 -99.0 -99.0 -99.0 -99.0
20260522 277  5.4  4698   5  9.2  940   2 14.7  939  16.6  20.6 1300  13.2  511  13.2  22.7  12.0  81.4  64.0 1528  15.2  -9.0  -9.0 -9.00 1009.4 1014.2 1015.7 1228 1011.0    9  6.1 11.4 14.3 -9.0 -9.00 -9.00   -9    0.2   -9.0 -9.00    0.1   -9    0.1   -9   -9.0   -9   -9.0   -9   -9.0   -9 -99.0 -99.0 -99.0 -99.0 -99.0
20260522 278  1.2  1050   7  3.7 1553   9  6.5 1309  19.1  25.7 1340  13.3 2255  12.3  22.8  10.4  68.8  30.0 1547  14.4  -9.0  -9.0 -9.00 1002.4 1011.9 1013.3 2158 1009.5    2  3.8 12.5 14.3 -9.0 -9.00 -9.00   -9   -9.0   -9.0 -9.00   -9.0   -9   -9.0   -9   -9.0   -9   -9.0   -9   -9.0   -9 -99.0 -99.0 -99.0 -99.0 -99.0
20260522 279  1.3  1145  11  3.0 2101  11  5.8 2038  19.4  25.9 1611  15.2  402  12.4  22.7  13.0  66.6  39.0 1657  14.5   5.4   3.8 -9.00 1006.8 1012.5 1013.8 1030 1010.4    1  4.9  8.1 14.3 -9.0 22.16  3.28 1100   -9.0   -9.0 -9.00   -9.0   -9   -9.0   -9   -9.0   -9   -9.0   -9   -9.0   -9 -99.0 -99.0 -99.0 -99.0 -99.0
20260522 281  2.4  2031  11  5.6 1414  11  9.9 1408  17.7  21.9 1322  15.0  524  12.2  20.8  12.0  72.4  52.0 1328  14.3  -9.0  -9.0 -9.00 1002.4 1013.7 1014.9 1131 1010.9    1  6.1 11.0 14.2 -9.0 -9.00 -9.00   -9   -9.0   -9.0 -9.00   -9.0   -9   -9.0   -9   -9.0   -9   -9.0   -9   -9.0   -9 -99.0 -99.0 -99.0 -99.0 -99.0
20260522 283  3.9  3394   5  6.3 1250   5 10.9 1047  17.3  20.2 1528  15.8  306  12.8  19.4  15.3  76.1  58.0 1526  14.8   3.8   2.6 -9.00 1009.3 1014.1 1015.6 1140 1010.9    1  9.5  3.2 14.2 -9.0 13.53  2.57 1400    0.0   -9.0 -9.00    0.0   -9    0.0   -9   -9.0   -9   -9.0   -9   -9.0   -9 -99.0 -99.0 -99.0 -99.0 -99.0
20260522 284  1.6  1407  14  4.5 1244  16  7.1 1345  18.1  23.4 1609  12.4 2400  13.6  22.0  10.3  76.3  49.0 1615  15.6   5.1   3.6 -9.00  984.8 1011.3 1012.7 2346 1009.1    1  6.9  7.0 14.2 -9.0 22.95  3.59 1200    0.1   -9.0 -9.00    0.1   -9    0.1   -9   -9.0   -9   -9.0   -9   -9.0   -9 -99.0 -99.0 -99.0 -99.0 -99.0
20260522 285  0.9   747   9  2.7 1241   9  6.0 1238  18.7  24.2 1535  13.6 2353  14.2  22.7  12.8  77.8  51.0 1833  16.3  -9.0  -9.0 -9.00 1009.5 1012.7 1014.5 1127 1010.3   21  6.5  7.8 14.2 -9.0 -9.00 -9.00   -9    0.2   -9.0 -9.00    0.2   -9    0.1   -9   -9.0   -9   -9.0   -9   -9.0   -9 -99.0 -99.0 -99.0 -99.0 -99.0
20260522 288  2.5  2119   5  4.3 1817   2  7.6 1556  19.2  23.7 1653  15.7 2354  13.1  23.1  15.0  69.1  48.0 1645  15.1   4.3   3.0 -9.00 1010.4 1011.4 1013.0 1137 1008.5    1  5.0  5.4 14.2 -9.0 18.35  3.10 1400   -9.0   -9.0 -9.00   -9.0   -9   -9.0   -9   -9.0   -9   -9.0   -9   -9.0   -9 -99.0 -99.0 -99.0 -99.0 -99.0
20260522 289  1.1   922   7  4.4 1213   5  7.2 1208  18.6  23.2 1623  14.6 2357  14.3  23.0  12.7  77.8  57.0 1624  16.4  -9.0  -9.0 -9.00  996.8 1012.9 1014.4 1038 1010.5    1  6.6  3.3 14.2 -9.0 -9.00 -9.00   -9    0.1   -9.0 -9.00    0.1   -9    0.1   -9   -9.0   -9   -9.0   -9   -9.0   -9 -99.0 -99.0 -99.0 -99.0 -99.0
20260522 294  1.8  1557  11  3.6 1741  14  8.2 1748  18.7  22.0 1533  16.8 1958  13.5  21.4  15.4  72.4  60.0 1238  15.5  -9.0  -9.0 -9.00 1007.6 1012.9 1014.3 1127 1010.1    1  8.3  4.2 14.2 -9.0 -9.00 -9.00   -9   -9.0   -9.0 -9.00   -9.0   -9   -9.0   -9   -9.0   -9   -9.0   -9   -9.0   -9 -99.0 -99.0 -99.0 -99.0 -99.0
20260522 295  1.9  1607   9  3.4 1113   5  5.9  851  18.8  21.7 1645  16.4 2347  14.6  21.1  13.1  77.4  62.0 1651  16.7  -9.0  -9.0 -9.00 1006.8 1012.2 1013.5 1126 1009.4    7 -9.0  1.9 14.2 -9.0 -9.00 -9.00   -9   -9.0   -9.0 -9.00   -9.0   -9   -9.0   -9   -9.0   -9   -9.0   -9   -9.0   -9 -99.0 -99.0 -99.0 -99.0 -99.0
20260522 296  4.3  3712  11  6.2 1343  20  9.9 1327  19.4  22.6 1520  17.4 2357  14.4  21.0  15.8  74.1  55.0 1635  16.5   5.3   3.7 -9.00 1011.3 1011.7 1013.2 1156 1008.9    9  7.5  6.6 14.2 -9.0 21.78  3.33 1400   -9.0   -9.0 -9.00   -9.0   -9   -9.0   -9   -9.0   -9   -9.0   -9   -9.0   -9 -99.0 -99.0 -99.0 -99.0 -99.0
20260523  90  1.3  1158  36  3.8 1428   2  6.5 1425  15.0  17.3 1404  12.5  340  12.5  17.4  12.3  85.4  78.0 1318  14.5   2.1   1.5 -9.00 1012.1 1014.2 1015.6    1 1013.5 1729  7.3  0.0 14.5 -9.0  6.95  1.28 1400    0.0   -9.0 -9.00    0.0   -9    0.0   -9   -9.0   -9   -9.0   -9   -9.0   -9 -99.0 -99.0 -99.0 -99.0 -99.0
20260523  93  0.8   679  25  2.4 1627  25  4.0 1438  16.3  23.2 1553  11.2  408  11.2  20.4  10.0  73.8  48.0 1538  13.3   4.8   3.4 -9.00 1001.8 1013.1 1014.7  921 1010.9 1731  6.0  6.8 14.4 -9.0 19.04  3.26 1400   -9.0   -9.0 -9.00   -9.0   -9   -9.0   -9   -9.0   -9   -9.0   -9   -9.0   -9  19.7  19.1  16.8  13.0  12.1
20260523  95  1.1   976  36  3.2 1204   5  5.1  741  15.3  20.9 1637  11.9  426  11.4  17.4   9.1  78.8  58.0 1817  13.6   3.5   2.4 -9.00  995.1 1013.4 1015.1  929 1011.5 1718  6.6  5.7 14.5 -9.0 13.39  2.26 1500    0.8    0.8 -9.00    0.4 1114    0.2   -9   -9.0   -9   -9.0   -9   -9.0   -9 -99.0 -99.0 -99.0 -99.0 -99.0
20260523  98  0.7   639   9  1.6  908   7  4.6 1144  16.9  23.2 1624  13.5  500   9.9  20.3  10.6  64.4  47.0    6  12.3   4.5   3.2 -9.00  998.8 1012.4 1014.3 2137 1010.6 1715  6.0  4.9 14.4 -9.0 17.07  3.17 1300    0.2   -9.0 -9.00    0.2   -9    0.2   -9   -9.0   -9   -9.0   -9   -9.0   -9 -99.0 -99.0 -99.0 -99.0 -99.0
20260523  99  1.6  1344   9  3.4   48  11  5.5 1121  16.2  22.0 1646  12.6 2357  10.7  19.9  10.3  71.0  52.0 1712  13.0   4.5   3.2 -9.00 1009.5 1013.2 1014.8 1040 1011.5 1706  6.0  6.0 14.4 -9.0 17.45  3.12 1300    0.2   -9.0 -9.00    0.2   -9    0.2   -9   -9.0   -9   -9.0   -9   -9.0   -9 -99.0 -99.0 -99.0 -99.0 -99.0
20260523 100  1.5  1316  11  4.2 1527  11  6.2 1520  10.6  13.7 1438   9.1  306   9.8  14.9   8.5  95.1  80.0 1345  12.2   2.2   1.6 -9.00  925.1 1014.1 1015.7 2233 1012.3 1519  7.6  1.9 14.4 -9.0  9.79  2.17 1500    0.0   -9.0 -9.00    0.0   -9    0.0   -9   -9.0   -9   -9.0   -9   -9.0   -9 -99.0 -99.0 -99.0 -99.0 -99.0
20260523 101  1.8  1557  32  3.5  644  29  5.2 1310  16.6  23.5 1743  11.6  527  10.3  19.5   8.4  68.8  42.0 1525  12.6   5.0   3.5 -9.00 1003.2 1012.1 1013.8 2208 1009.7 1731  5.3  6.1 14.4 -9.0 19.11  3.12 1300   -9.0   -9.0 -9.00   -9.0   -9   -9.0   -9   -9.0   -9   -9.0   -9   -9.0   -9  19.3  17.1  15.2  13.9  15.1
20260523 102  3.0  2608  14  5.6 1211  11 10.3 1206  15.5  18.3 1612  12.8 2359  13.0  18.2   9.8  85.6  70.0 1614  15.0   3.6   2.5 -9.00 1006.6 1010.9 1012.8 2343 1008.1  437  7.4  2.3 14.4 -9.0 15.98  3.02 1200    0.7   -9.0  6.17    0.7  626    0.3  656   -9.0   -9   -9.0   -9   -9.0   -9 -99.0 -99.0 -99.0 -99.0 -99.0
20260523 104  1.3  1080   5  3.3 1316   9  5.1 1142  15.0  17.1 1234  13.5  310  13.5  18.9  10.9  91.1  83.0 1235  15.5   2.0   1.4 -9.00 1004.1 1013.1 1014.2    6 1012.0 1807  8.3  0.0 14.4 -9.0  7.45  1.11 1200    0.0    0.0  0.33    0.0   -9    0.0   -9   -9.0   -9   -9.0   -9   -9.0   -9  19.0  17.6  15.9  12.6  13.2
20260523 105  1.4  1218  34  3.2 1439  32  5.0 1457  15.9  17.5 1310  14.6 2358  12.7  17.9  12.6  81.9  73.0 1723  14.7   2.1   1.5 -9.00 1011.1 1014.3 1015.3   12 1013.3 1803  7.9  0.0 14.4 -9.0  5.99  0.78 1300    0.0   -9.0 -9.00    0.0   -9    0.0   -9   -9.0   -9   -9.0   -9   -9.0   -9  19.3 -99.0  17.3  14.6 -99.0
20260523 106  1.9  1643   2  5.0 1454   2  7.6 1641  15.8  16.8 1549  14.8 1053  13.3  17.6  14.1  85.8  80.0  852  15.3   2.0   1.4 -9.00 1009.6 1014.4 1015.4 2156 1013.3 1548  9.1  0.0 14.4 -9.0  6.04  0.91 1300    0.6   -9.0 -9.00    0.6 1003    0.3 1043   -9.0   -9   -9.0   -9   -9.0   -9 -99.0 -99.0 -99.0 -99.0 -99.0
20260523 108  2.2  1925  25  3.9 1902   9  6.4  418  19.2  24.7 1644  16.0  627  10.2  20.9  13.3  56.9  38.0 1628  12.5   6.3   4.4 -9.00 1002.3 1012.3 1013.7 2212 1010.4 1722  5.0  6.7 14.4 -9.0 20.70  3.57 1300    0.0    0.0  0.83    0.0   -9    0.0   -9   -9.0   -9   -9.0   -9   -9.0   -9  19.2  17.5  16.8  13.9  13.5
20260523 112  2.3  2013  25  4.6 1737  14  8.6  340  19.0  22.7 1608  16.9  846  12.2  21.0  12.4  65.8  47.0    1  14.3   5.7   4.0 -9.00 1003.8 1011.9 1013.6 2121 1010.7  540  5.1  6.8 14.4 -9.0 20.81  3.45 1300    0.1    0.0  1.25    0.1   -9    0.1   -9   -9.0   -9   -9.0   -9   -9.0   -9  18.5  16.9  13.0  14.9  13.3
20260523 114  1.3  1109   2  3.1  108   2  4.9 1555  17.8  24.1 1653  12.9  519  11.4  21.6   8.3  67.9  46.0 1758  13.5   5.0   3.5 -9.00  994.8 1012.4 1013.9 2207 1010.0 1725  5.5  6.1 14.4 -9.0 19.21  3.15 1400    0.0   -9.0 -9.00    0.0   -9    0.0   -9   -9.0   -9   -9.0   -9   -9.0   -9 -99.0 -99.0 -99.0 -99.0 -99.0
20260523 115  2.2  1885   5  4.8  121   2  7.5  225  14.6  16.7 1231  13.0 2338  13.2  16.2   7.6  92.1  87.0 1821  15.2   1.8   1.3  0.83  987.8 1013.9 1015.2 2159 1012.3 1322  7.0  0.6 14.4 -9.0  5.77  1.31 1200    3.4    2.9  7.42    1.8 1011    1.3 1015   -9.0   -9   -9.0   -9   -9.0   -9  17.8  15.4  14.8  12.1  13.1
20260523 119  2.5  2150   9  5.0  656  14  7.7  231  18.7  24.9 1655  15.7 2357  11.4  21.2  13.5  63.6  40.0 1657  13.5   6.4   4.4 -9.00 1007.2 1011.8 1013.5 2132 1010.1 1716  5.3  7.7 14.4 -9.0 22.57  3.60 1200    0.0    0.0  0.68    0.0   -9    0.0   -9   -9.0   -9   -9.0   -9   -9.0   -9  18.9  16.7  14.9  12.0  12.3
20260523 121  1.0   846   9  2.7    1  32  4.0 1416  16.4  24.0 1640   9.4  510  10.6  22.0   7.1  72.0  42.0 1641  12.8   5.4   3.8 -9.00  985.0 1013.2 1015.1  140 1009.9 1745  4.9  5.6 14.4 -9.0 21.22  3.47 1400   -9.0   -9.0 -9.00   -9.0   -9   -9.0   -9   -9.0   -9   -9.0   -9   -9.0   -9 -99.0 -99.0 -99.0 -99.0 -99.0
20260523 127  1.4  1202   7  3.1  851   9  5.6  621  18.2  24.7 1618  12.3  450  10.6  21.6  10.6  63.1  41.0 1643  12.8   6.1   4.3 -9.00  998.1 1011.6 1013.1 2207 1009.4 1732  5.0  6.7 14.3 -9.0 22.34  3.65 1300   -9.0   -9.0 -9.00   -9.0   -9   -9.0   -9   -9.0   -9   -9.0   -9   -9.0   -9 -99.0 -99.0 -99.0 -99.0 -99.0
20260523 129  1.7  1472  32  4.8 1622  32  6.6 1617  18.1  23.4 1545  14.8 2359  13.7  22.4  12.3  76.6  56.0 1547  15.7   4.2   3.0 -9.00 1009.1 1012.1 1013.7 2115 1010.3  508  5.9  4.1 14.3 -9.0 15.74  3.58 1300    0.0   -9.0 -9.00    0.0   -9    0.0   -9   -9.0   -9   -9.0   -9   -9.0   -9  18.7  16.6  17.2  13.2  14.6
20260523 130  1.2  1046   7  4.1 1152   5  7.1 1153  15.9  18.8 1446  14.9  400  13.4  19.4  13.8  85.4  74.0 1020  15.4  -9.0  -9.0 -9.00 1008.3 1014.1 1015.4 2111 1012.8 1151  7.6  1.2 14.4 -9.0 -9.00 -9.00   -9   -9.0   -9.0 -9.00   -9.0   -9   -9.0   -9   -9.0   -9   -9.0   -9   -9.0   -9 -99.0 -99.0 -99.0 -99.0 -99.0
20260523 131  1.5  1295  11  3.6    1  14  6.7  130  20.5  25.3 1627  16.1  455  11.1  21.5  13.6  56.1  40.0 1617  13.2   6.5   4.6 -9.00 1004.8 1011.7 1013.2  904 1009.8 1553  4.6  6.5 14.3 -9.0 23.17  3.70 1200   -9.0   -9.0 -9.00   -9.0   -9   -9.0   -9   -9.0   -9   -9.0   -9   -9.0   -9 -99.0 -99.0 -99.0 -99.0 -99.0
20260523 133  2.3  2001  14  5.1    1  11  7.4   26  19.4  25.1 1556  14.9  408  11.4  22.3  12.1  61.9  40.0 1644  13.5   6.5   4.5 -9.00 1004.2 1012.1 1013.6  900 1010.1 1619  4.1  8.4 14.3 -9.0 24.26  3.76 1200   -9.0   -9.0 -9.00   -9.0   -9   -9.0   -9   -9.0   -9   -9.0   -9   -9.0   -9  20.9  19.5  17.5  14.7  15.4
20260523 135  1.2  1011   9  4.6 1022   7  7.0 1029  15.8  21.8 1607  11.6  509  11.6  20.3  11.3  77.5  57.0 1433  13.7   3.5   2.4 -9.00  983.9 1012.6 1014.1 2205 1010.4 1524  6.0  4.1 14.3 -9.0 16.22  2.60 1400    0.0   -9.0 -9.00    0.0   -9    0.0   -9   -9.0   -9   -9.0   -9   -9.0   -9 -99.0 -99.0 -99.0 -99.0 -99.0
20260523 136  1.1   976  11  3.3 2019   9  5.2 2016  17.2  21.7 1550  14.0 2355  12.2  19.7  12.7  73.4  53.0 1841  14.2   2.9   2.1 -9.00  997.3 1013.8 1015.6 2225 1012.0 1545  6.4  3.0 14.3 -9.0 12.31  2.48 1400   -9.0   -9.0 -9.00   -9.0   -9   -9.0   -9   -9.0   -9   -9.0   -9   -9.0   -9 -99.0 -99.0 -99.0 -99.0 -99.0
20260523 137  0.5   443  14  1.4 1749   9  3.0 1342  17.6  22.6 1703  14.3  517  12.9  22.5  12.5  75.4  53.0 1709  14.9   3.5   2.4 -9.00 1000.6 1012.0 1013.4 2210 1010.1 1658  6.1  4.3 14.3 -9.0 15.71  2.32 1400   -9.0   -9.0 -9.00   -9.0   -9   -9.0   -9   -9.0   -9   -9.0   -9   -9.0   -9 -99.0 -99.0 -99.0 -99.0 -99.0
20260523 138  2.4  2109   5  5.4    9   5  8.2    9  16.7  18.5 1221  15.2 2400  14.0  18.9  10.1  84.4  74.0  436  16.0   2.4   1.7 -9.00 1012.7 1013.2 1014.9 2124 1012.1 1237  8.6  0.2 14.3 -9.0  8.90  1.46 1200    0.9    0.9  5.08    0.8 1249    0.5 1339   -9.0   -9   -9.0   -9   -9.0   -9  19.5  17.5  16.4  15.0  15.6
20260523 140  1.7  1500  29  4.5 1749  29  6.4 1748  19.0  24.6 1725  15.8  500  13.5  21.0  12.4  72.1  51.0 1605  15.6  -9.0  -9.0 -9.00 1009.3 1012.6 1014.0  810 1010.8  531  5.8  6.9 14.3 -9.0 -9.00 -9.00   -9   -9.0   -9.0 -9.00   -9.0   -9   -9.0   -9   -9.0   -9   -9.0   -9   -9.0   -9 -99.0 -99.0 -99.0 -99.0 -99.0
20260523 143  3.0  2556  14  4.9 2305  11  7.6 2035  17.5  20.1 1612  15.5 2355  12.7  19.2  14.4  73.9  66.0 1556  14.7   3.5   2.4 -9.00 1006.2 1012.5 1014.0 2130 1010.8 1601  8.4  1.6 14.3 -9.0 11.85  1.88 1300    0.1   -9.0  1.75    0.1   -9    0.1   -9   -9.0   -9   -9.0   -9   -9.0   -9 -99.0 -99.0 -99.0 -99.0 -99.0
20260523 146  1.7  1448  27  3.2 1737  11  5.2  923  19.5  25.3 1519  14.3  437  12.7  21.6  11.2  66.9  45.0 1502  14.8   5.9   4.1 -9.00 1004.6 1011.7 1013.4 2357 1009.7 1644  5.9  7.4 14.3 -9.0 21.82  3.63 1200    0.0    0.0  1.53    0.0   -9    0.0   -9   -9.0   -9   -9.0   -9   -9.0   -9 -99.0 -99.0 -99.0 -99.0 -99.0
20260523 152  1.6  1378   7  2.9   34   2  5.8    4  16.1  17.6 1514  14.4 2357  13.1  18.0  11.9  82.5  72.0  245  15.1   1.8   1.3 -9.00 1003.1 1012.7 1014.4 2112 1011.4 1418  8.9  0.0 14.2 -9.0  4.62  0.66 1000    0.1   -9.0  1.35    0.1   -9    0.1   -9   -9.0   -9   -9.0   -9   -9.0   -9 -99.0 -99.0 -99.0 -99.0 -99.0
20260523 155  1.4  1197   5  3.6    3  18  5.1 1632  18.2  22.3 1509  15.9 2357  13.9  21.4  13.2  76.9  63.0 1432  15.9   3.1   2.2 -9.00 1008.3 1012.4 1013.8 2202 1010.8 1522  9.0  1.4 14.2 -9.0 11.00  2.77 1400    0.0   -9.0  0.98    0.0   -9    0.0   -9   -9.0   -9   -9.0   -9   -9.0   -9 -99.0 -99.0 -99.0 -99.0 -99.0
20260523 156  1.4  1232  29  3.0  704   5  5.1 1342  19.7  24.8 1501  15.4  515  15.0  23.1  12.2  75.1  57.0 1502  17.0   3.9   2.7 -9.00 1002.4 1010.6 1012.5 2335 1008.8 1523  7.5  2.9 14.2 -9.0 15.61  3.23 1200    0.2   -9.0  2.38    0.2 1108    0.2 1108   -9.0   -9   -9.0   -9   -9.0   -9 -99.0 -99.0 -99.0 -99.0 -99.0
20260523 159  2.5  2198   9  4.3    6   9  9.1   20  18.2  21.6 1607  16.4  511  13.4  19.5  13.7  74.0  65.0 1242  15.4   3.2   2.3 -9.00 1003.8 1012.0 1013.7 2328 1010.6 1617  9.1  1.2 14.2 -9.0 10.99  1.93 1500    0.0    0.0  0.80    0.0   -9    0.0   -9   -9.0   -9   -9.0   -9   -9.0   -9  19.8  18.9  18.1  15.4  16.7
20260523 162  2.1  1801   5  4.7 1229   2  7.5 1156  18.4  22.1 1528  16.0 2358  13.6  21.8  13.1  74.5  62.0 1504  15.6   3.5   2.5 -9.00 1007.9 1011.6 1013.1 2205 1010.1 1515  8.6  1.5 14.2 -9.0 12.82  2.70 1400    0.0   -9.0 -9.00    0.0   -9    0.0   -9   -9.0   -9   -9.0   -9   -9.0   -9 -99.0 -99.0 -99.0 -99.0 -99.0
20260523 165  2.2  1858   2  5.1 1909   2  7.3 1901  19.3  23.6 1333  16.1  414  15.0  20.9  11.5  76.9  60.0 1343  17.1   4.2   2.9 -9.00 1006.4 1011.7 1013.6 2322 1010.3 1504  8.4  2.6 14.2 -9.0 16.07  3.27 1200    0.0    0.0  1.48    0.0   -9    0.0   -9   -9.0   -9   -9.0   -9   -9.0   -9  19.9  18.8  17.0  15.3  14.6
20260523 168  3.5  3027   9  7.6 1007  11 11.4  951  18.2  21.5 1613  16.3  626  13.7  23.4  15.9  75.8  66.0 1527  15.7   4.1   2.8 -9.00 1004.5 1012.2 1013.9 2342 1010.9 1532  7.4  4.8 14.2 -9.0 16.03  2.93 1400    0.0    0.0  1.03    0.0   -9    0.0   -9   -9.0   -9   -9.0   -9   -9.0   -9  20.4  19.0  17.3  15.6  16.6
20260523 169  4.6  3961  14 13.1   57  16 17.3  205  16.8  21.9 1453  13.8  108  14.2  20.3  14.0  85.6  67.0 1458  16.3   4.9   3.4 -9.00 1002.5 1011.3 1013.5 2253 1009.4  510  6.5  6.9 14.2 -9.0 21.48  3.06 1400    1.6   -9.0  2.33    1.3  803    0.5  846   -9.0   -9   -9.0   -9   -9.0   -9 -99.0 -99.0 -99.0 -99.0 -99.0
20260523 170  3.1  2676  14  7.5   28  14 11.8   17  19.4  25.7 1458  15.7  337  14.6  23.2  13.5  75.1  56.0 1552  16.6   5.6   3.9 -9.00 1007.9 1012.0 1013.9 2209 1010.5 1520  6.6  6.6 14.1 -9.0 20.63  3.24 1300    0.0   -9.0 -9.00    0.0   -9    0.0   -9   -9.0   -9   -9.0   -9   -9.0   -9 -99.0 -99.0 -99.0 -99.0 -99.0
20260523 172  2.0  1687  27  4.3 1629  11  8.3  545  18.7  23.9 1403  15.4  309  14.0  18.2  11.7  76.3  51.0 1428  16.0   4.8   3.4 -9.00 1005.3 1011.4 1013.0 2312 1009.8 1512  7.0  4.5 14.2 -9.0 18.42  3.63 1200    0.0   -9.0 -9.00    0.0   -9    0.0   -9   -9.0   -9   -9.0   -9   -9.0   -9 -99.0 -99.0 -99.0 -99.0 -99.0
20260523 174  1.1   928  11  2.7 1003  14  4.7 1000  17.1  23.3 1402  12.7  503  12.7  20.6  12.3  76.9  54.0 1511  14.8  -9.0  -9.0 -9.00  991.4 1010.6 1012.5 2304 1008.5 1517  8.1  2.1 14.2 -9.0 -9.00 -9.00   -9    0.0   -9.0 -9.00    0.0   -9    0.0   -9   -9.0   -9   -9.0   -9   -9.0   -9 -99.0 -99.0 -99.0 -99.0 -99.0
20260523 177  1.7  1432   5  3.5 2238   5  5.3 2229  19.3  24.9 1711  16.3  522  14.0  20.8  14.1  72.8  55.0 1323  16.0   5.1   3.5 -9.00 1007.6 1010.9 1012.5 2339 1009.2  526  6.4  4.5 14.3 -9.0 19.23  3.23 1200    0.0    0.0  0.42    0.0   -9    0.0   -9   -9.0   -9   -9.0   -9   -9.0   -9 -99.0 -99.0 -99.0 -99.0 -99.0
20260523 181  1.5  1333  11  3.9  116  16  7.2   26  18.5  24.4 1713  12.9  501  12.2  20.9   9.4  69.3  41.0 1655  14.3   5.9   4.2 -9.00 1008.3 1012.3 1013.8  902 1010.4 1554  4.3  7.4 14.3 -9.0 22.73  3.64 1300   -9.0   -9.0 -9.00   -9.0   -9   -9.0   -9   -9.0   -9   -9.0   -9   -9.0   -9 -99.0 -99.0 -99.0 -99.0 -99.0
20260523 184  3.3  2835   5  5.7 1532   7 10.1 1524  19.3  22.9 1557  17.6  550  15.9  22.5  17.5  81.4  67.0 1639  18.1   3.7   2.6 -9.00 1008.3 1010.7 1012.4 2223 1009.2  527  8.1  3.7 14.1 -9.0 11.90  2.51 1500    0.0    0.0  8.10    0.0   -9    0.0   -9   -9.0   -9   -9.0   -9   -9.0   -9  21.5  20.3  19.4  17.2  16.5
20260523 185  2.8  2415  11  6.7    1  11  9.8    1  19.4  23.1 1542  17.5  630  16.1  21.8  15.5  81.5  68.0 1530  18.3   3.0   2.1 -9.00 1002.2 1010.6 1012.5 2211 1008.9  507  7.5  1.5 14.1 -9.0 11.97  1.60 1300   -9.0   -9.0 -9.00   -9.0   -9   -9.0   -9   -9.0   -9   -9.0   -9   -9.0   -9 -99.0 -99.0 -99.0 -99.0 -99.0
20260523 188  3.3  2870   5  5.5 1019   5  9.1 1257  19.3  21.0 1409  17.9  522  17.2  20.6  16.7  88.3  77.0   53  19.7  -9.0  -9.0 -9.00 1009.2 1011.6 1013.4 2321 1010.0  419  8.4  0.4 14.1 -9.0 -9.00 -9.00   -9    0.0   -9.0 -9.00    0.0   -9    0.0   -9   -9.0   -9   -9.0   -9   -9.0   -9 -99.0 -99.0 -99.0 -99.0 -99.0
20260523 189  2.6  2229   7  4.5 1016   9  8.1 1013  20.2  22.8 1459  18.2  549  16.6  21.9  17.6  80.4  70.0 1503  18.9   3.3   2.3 -9.00 1005.1 1011.2 1013.1 2317 1009.5  536  8.9  0.9 14.1 -9.0 12.12  1.82 1300    0.0    0.0  1.03    0.0   -9    0.0   -9   -9.0   -9   -9.0   -9   -9.0   -9 -99.0 -99.0 -99.0 -99.0 -99.0
20260523 192  0.7   621  -9 -9.0   -9  -9 -9.0   -9  17.7  22.8 1620  12.2  119  13.6  21.1  11.1  78.0  61.0 1538  15.7  -9.0  -9.0 -9.00 1009.0 1012.5 1013.9 2149 1010.7 1536  7.6  4.3 14.2 -9.0 14.85  2.74 1300    0.0    0.0 -9.00    0.0   -9    0.0   -9   -9.0   -9   -9.0   -9   -9.0   -9 -99.0 -99.0 -99.0 -99.0 -99.0
20260523 201  1.3  1165   5  3.5 1105   5  6.3 1101  17.8  22.1 1538  13.6 2347  12.0  20.3   9.7  70.1  52.0   47  14.1  -9.0  -9.0 -9.00 1007.3 1012.9 1014.5 2122 1011.3  712  5.9  5.7 14.4 -9.0 -9.00 -9.00   -9    0.0   -9.0 -9.00    0.0   -9    0.0   -9   -9.0   -9   -9.0   -9   -9.0   -9 -99.0 -99.0 -99.0 -99.0 -99.0
20260523 202  1.2  1008  18  2.5 1238  18  4.1 1236  17.8  23.1 1608  13.4  514  10.5  21.1  10.6  64.4  44.0 1429  12.8  -9.0  -9.0 -9.00 1007.1 1012.6 1013.9  803 1010.8 1711  4.9  6.7 14.4 -9.0 -9.00 -9.00   -9    0.0   -9.0 -9.00    0.0   -9    0.0   -9   -9.0   -9   -9.0   -9   -9.0   -9 -99.0 -99.0 -99.0 -99.0 -99.0
20260523 203  0.7   617   5  1.6 1119   7  4.2 1227  17.7  23.9 1620  13.1  535  11.9  20.8  11.4  71.3  44.0 1642  14.0  -9.0  -9.0 -9.00 1003.6 1013.0 1014.3  856 1011.2 1529  3.9  6.3 14.4 -9.0 -9.00 -9.00   -9   -9.0   -9.0 -9.00   -9.0   -9   -9.0   -9   -9.0   -9   -9.0   -9   -9.0   -9 -99.0 -99.0 -99.0 -99.0 -99.0
20260523 211  1.7  1482   2  3.6 1654   2  6.9 1642  15.0  21.4 1526   9.7  339  10.4  19.8   6.8  75.6  47.0 1506  12.6  -9.0  -9.0 -9.00  989.5 1013.3 1015.5 2230 1010.8 1618  5.8  3.8 14.4 -9.0 -9.00 -9.00   -9    0.0   -9.0 -9.00    0.0   -9    0.0   -9   -9.0   -9   -9.0   -9   -9.0   -9 -99.0 -99.0 -99.0 -99.0 -99.0
20260523 212  0.8   670  29  2.0 1824  11  4.3  124  16.6  23.8 1626  11.0  500  10.1  20.0   9.3  68.5  37.0 1630  12.4  -9.0  -9.0 -9.00  996.8 1013.3 1014.9 2209 1010.6 1744  5.8  6.5 14.4 -9.0 -9.00 -9.00   -9   -9.0   -9.0 -9.00   -9.0   -9   -9.0   -9   -9.0   -9   -9.0   -9   -9.0   -9 -99.0 -99.0 -99.0 -99.0 -99.0
20260523 216  1.6  1350   2  4.9 1634   9  7.7 1619  12.7  17.7 1519  10.8  501   9.9  16.3  11.5  83.9  62.0 1406  12.2   3.0   2.1 -9.00  931.7 1013.7 1015.3 2146 1010.6 1531  9.6  1.4 14.4 -9.0 12.16  1.96 1400   -9.0   -9.0 -9.00   -9.0   -9   -9.0   -9   -9.0   -9   -9.0   -9   -9.0   -9 -99.0 -99.0 -99.0 -99.0 -99.0
20260523 217  1.2  1024  36  3.0 1018  34  5.8 1008  15.0  22.8 1612  10.6  406   9.6  21.2  10.3  72.4  43.0 1614  11.9  -9.0  -9.0 -9.00  977.1 1013.6 1015.9 2313 1010.4 1612  6.0  4.5 14.4 -9.0 -9.00 -9.00   -9   -9.0   -9.0 -9.00   -9.0   -9   -9.0   -9   -9.0   -9   -9.0   -9   -9.0   -9 -99.0 -99.0 -99.0 -99.0 -99.0
20260523 221  1.0   891   5  4.0   14   5  5.5    5  15.8  22.1 1554   9.5  450  10.3  21.8   7.7  72.8  44.0 1615  12.5  -9.0  -9.0 -9.00  981.8 1012.7 1014.3  114 1009.9 1736  5.1  5.9 14.4 -9.0 -9.00 -9.00   -9   -9.0   -9.0 -9.00   -9.0   -9   -9.0   -9   -9.0   -9   -9.0   -9   -9.0   -9 -99.0 -99.0 -99.0 -99.0 -99.0
20260523 226  1.5  1307  18  3.7  918  14  6.8 1055  17.1  22.5 1542  11.9  514  12.1  21.0   8.1  74.1  51.0 1545  14.1  -9.0  -9.0 -9.00  992.4 1012.5 1014.1 2153 1010.5 1501  4.8  7.1 14.3 -9.0 -9.00 -9.00   -9    0.3   -9.0 -9.00    0.3  954    0.3 1044   -9.0   -9   -9.0   -9   -9.0   -9 -99.0 -99.0 -99.0 -99.0 -99.0
20260523 232  1.3  1162   9  3.6  120   7  5.8  132  18.1  24.1 1637  13.3  402  12.4  21.9  11.4  71.8  45.0 1646  14.5  -9.0  -9.0 -9.00 1002.7 1012.7 1014.2 2141 1010.9 1549  4.5  5.8 14.3 -9.0 -9.00 -9.00   -9    0.0   -9.0 -9.00    0.0   -9    0.0   -9   -9.0   -9   -9.0   -9   -9.0   -9 -99.0 -99.0 -99.0 -99.0 -99.0
20260523 235  1.2  1031  36  3.4 1121   2  5.1 1115  19.1  24.8 1526  16.3    2  14.1  21.6  14.2  73.9  52.0 1422  16.1   5.0   3.5 -9.00 1010.2 1011.4 1012.5 2121 1009.1  514  6.0  4.1 14.3 -9.0 18.48  2.98 1400    0.0   -9.0 -9.00    0.0   -9    0.0   -9   -9.0   -9   -9.0   -9   -9.0   -9 -99.0 -99.0 -99.0 -99.0 -99.0
20260523 236  1.0   880  32  2.3 1924  36  4.9 2249  18.8  24.4 1712  14.5  457  13.3  20.6  12.9  71.8  49.0 1800  15.3  -9.0  -9.0 -9.00 1010.6 1012.2 1013.6  831 1010.5 1615  5.0  4.1 14.3 -9.0 -9.00 -9.00   -9   -9.0   -9.0 -9.00   -9.0   -9   -9.0   -9   -9.0   -9   -9.0   -9   -9.0   -9 -99.0 -99.0 -99.0 -99.0 -99.0
20260523 238  0.9   758   9  2.1 1556  36  4.0 1719  17.6  24.2 1611  12.3  426  12.6  21.2   9.7  74.9  47.0 1453  14.6  -9.0  -9.0 -9.00  991.8 1011.7 1013.2 2350 1009.4 1616  4.8  6.3 14.3 -9.0 -9.00 -9.00   -9    0.0   -9.0 -9.00    0.0   -9    0.0   -9   -9.0   -9   -9.0   -9   -9.0   -9 -99.0 -99.0 -99.0 -99.0 -99.0
20260523 239  1.6  1362  11  3.4   53  16  5.6  208  18.6  24.9 1652  14.3  530  12.0  22.0  12.7  67.1  40.0 1555  14.0   5.7   4.0 -9.00 1001.1 1011.6 1013.3  852 1009.5 1606  4.4  6.4 14.3 -9.0 22.44  3.63 1300   -9.0   -9.0 -9.00   -9.0   -9   -9.0   -9   -9.0   -9   -9.0   -9   -9.0   -9 -99.0 -99.0 -99.0 -99.0 -99.0
20260523 243  1.3  1085  27  3.5 1827   9 10.3 1433  19.1  24.9 1647  16.1  552  13.7  20.4  13.4  72.8  45.0 1543  15.8  -9.0  -9.0 -9.00 1010.5 1011.9 1013.4 2346 1010.2  535  5.9  6.9 14.2 -9.0 -9.00 -9.00   -9    0.3   -9.0 -9.00    0.3  840    0.3  851   -9.0   -9   -9.0   -9   -9.0   -9 -99.0 -99.0 -99.0 -99.0 -99.0
20260523 244  0.9   766  34  2.5 1748  29  3.9 1341  17.2  24.6 1507  11.7  408  12.5  21.1   9.0  76.0  48.0 1454  14.5  -9.0  -9.0 -9.00  982.9 1011.7 1013.6 2339 1009.4 1517  6.8  5.4 14.2 -9.0 -9.00 -9.00   -9    0.0   -9.0 -9.00    0.0   -9    0.0   -9   -9.0   -9   -9.0   -9   -9.0   -9 -99.0 -99.0 -99.0 -99.0 -99.0
20260523 245  1.3  1147  11  3.0  554  16  6.7  552  19.1  25.1 1439  15.3  233  13.7  20.4  13.0  72.3  47.0 1414  15.7   4.7   3.3 -9.00 1003.6 1011.6 1013.4 2323 1010.0 1614  7.1  3.9 14.2 -9.0 18.14  3.65 1200    0.0   -9.0 -9.00    0.0   -9    0.0   -9   -9.0   -9   -9.0   -9   -9.0   -9 -99.0 -99.0 -99.0 -99.0 -99.0
20260523 247  1.9  1606   9  3.7   14   9  6.3   48  19.1  24.8 1713  14.6  512  13.0  21.4  12.9  69.3  51.0 1457  15.0  -9.0  -9.0 -9.00  996.0 1011.6 1013.4 2349 1009.5 1646  6.5  6.5 14.2 -9.0 -9.00 -9.00   -9    0.0   -9.0 -9.00    0.0   -9    0.0   -9   -9.0   -9   -9.0   -9   -9.0   -9 -99.0 -99.0 -99.0 -99.0 -99.0
20260523 248  0.8   729  23  2.8 1128  23  4.9 1122  16.3  22.4 1458   9.9  435  12.0  21.5   7.2  77.9  50.0 1440  14.0  -9.0  -9.0 -9.00  965.2 1012.2 1014.4 2346 1009.6 1453  7.6  4.9 14.2 -9.0 -9.00 -9.00   -9    0.1   -9.0 -9.00    0.1   -9    0.1   -9   -9.0   -9   -9.0   -9   -9.0   -9 -99.0 -99.0 -99.0 -99.0 -99.0
20260523 251  1.3  1142   9  3.6  855   9  5.8  849  18.4  24.1 1513  14.5  213  14.5  20.0  12.5  78.9  54.0 1514  16.5   4.1   2.9 -9.00 1004.3 1011.2 1012.9 2339 1009.6 1508  7.1  1.8 14.2 -9.0 16.67  3.07 1200    0.1   -9.0 -9.00    0.1   -9    0.1   -9   -9.0   -9   -9.0   -9   -9.0   -9 -99.0 -99.0 -99.0 -99.0 -99.0
20260523 252  0.9   807  18  2.5 1233  32  5.1 1742  18.2  24.8 1443  14.3  358  14.4  20.0  11.4  79.5  57.0 1359  16.4   4.4   3.1 -9.00 1007.2 1011.6 1013.2 2314 1010.1 1508  7.0  3.8 14.2 -9.0 17.40  3.50 1300    0.0   -9.0 -9.00    0.0   -9    0.0   -9   -9.0   -9   -9.0   -9   -9.0   -9 -99.0 -99.0 -99.0 -99.0 -99.0
20260523 253  0.7   591  27  2.0 1249   5  4.2   25  18.4  22.3 1457  15.9 2352  13.9  21.2  13.8  75.3  64.0 1509  15.9   2.4   1.7 -9.00 1006.6 1013.1 1014.6 2212 1011.6 1514  8.6  0.4 14.2 -9.0  7.46  1.85 1400    0.0   -9.0 -9.00    0.0   -9    0.0   -9   -9.0   -9   -9.0   -9   -9.0   -9 -99.0 -99.0 -99.0 -99.0 -99.0
20260523 254  1.2  1025  29  2.7   17  11  4.6  936  18.8  24.5 1721  15.0  118  13.0  23.6  12.7  71.0  43.0 1549  15.1   5.1   3.6 -9.00  997.0 1012.1 1014.1 2344 1010.2 1516  7.6  5.4 14.2 -9.0 19.80  3.68 1300    0.1   -9.0 -9.00    0.1   -9    0.1   -9   -9.0   -9   -9.0   -9   -9.0   -9 -99.0 -99.0 -99.0 -99.0 -99.0
20260523 255  1.2  1017  32  2.7  930  29  5.3 1536  19.1  23.2 1457  16.9  545  14.3  20.0  14.2  74.4  63.0 1452  16.3   2.7   1.9 -9.00 1006.1 1012.1 1013.7 2207 1010.5 1504  8.8  0.9 14.2 -9.0  9.20  2.58 1400    0.0   -9.0 -9.00    0.0   -9    0.0   -9   -9.0   -9   -9.0   -9   -9.0   -9 -99.0 -99.0 -99.0 -99.0 -99.0
20260523 257  2.3  2016   5  3.8  643   5  9.5   55  18.9  23.1 1550  16.9  621  14.9  20.9  15.1  78.3  66.0 1503  17.0   3.1   2.2 -9.00 1011.8 1012.5 1014.3 2121 1010.9 1525  8.4  0.8 14.2 -9.0 10.33  2.23 1400    0.0   -9.0 -9.00    0.0   -9    0.0   -9   -9.0   -9   -9.0   -9   -9.0   -9 -99.0 -99.0 -99.0 -99.0 -99.0
20260523 258  2.5  2191  18  4.3 1506  11  5.5  952  19.2  23.3 1714  15.9  500  14.6  21.1  15.3  76.0  57.0 1715  16.7   5.2   3.7 -9.00 1012.3 1012.5 1014.2 2229 1010.9 1512  7.3  5.2 14.2 -9.0 21.10  3.26 1400    0.0   -9.0 -9.00    0.0   -9    0.0   -9   -9.0   -9   -9.0   -9   -9.0   -9 -99.0 -99.0 -99.0 -99.0 -99.0
20260523 259  1.6  1384  11  3.8 1002   9  6.6  956  18.9  24.9 1544  14.3  400  14.8  22.3  13.6  78.4  58.0 1435  16.9   4.3   3.0 -9.00 1009.8 1011.7 1013.7 2325 1009.9 1515  6.8  2.7 14.2 -9.0 17.66  3.15 1300    0.1   -9.0 -9.00    0.1   -9    0.1   -9   -9.0   -9   -9.0   -9   -9.0   -9 -99.0 -99.0 -99.0 -99.0 -99.0
20260523 260  2.0  1770  11  4.8  255   9  8.6  241  19.0  23.7 1418  16.1 2354  15.0  21.7  13.1  78.4  63.0 1411  17.1  -9.0  -9.0 -9.00 1006.6 1011.7 1013.8 2347 1010.1 1518  6.9  1.9 14.2 -9.0 -9.00 -9.00   -9    0.0   -9.0 -9.00    0.0   -9    0.0   -9   -9.0   -9   -9.0   -9   -9.0   -9 -99.0 -99.0 -99.0 -99.0 -99.0
20260523 261  2.6  2259  11  6.6    4  11  9.7   13  18.7  24.2 1533  13.7  517  15.2  21.8  11.7  80.8  63.0 1420  17.3  -9.0  -9.0 -9.00 1010.0 1011.9 1013.9 2359 1010.3 1508  7.0  3.0 14.2 -9.0 -9.00 -9.00   -9    0.3   -9.0 -9.00    0.3 1001    0.3 1037   -9.0   -9   -9.0   -9   -9.0   -9 -99.0 -99.0 -99.0 -99.0 -99.0
20260523 262  1.6  1422  18  3.3 1327  11  8.6  136  18.8  24.0 1441  15.9  528  14.1  21.8  16.3  75.1  60.0 1444  16.1   4.0   2.8 -9.00 1005.8 1011.8 1013.7 2354 1010.3 1528  6.8  3.3 14.2 -9.0 16.18  2.09 1400    0.0   -9.0 -9.00    0.0   -9    0.0   -9   -9.0   -9   -9.0   -9   -9.0   -9 -99.0 -99.0 -99.0 -99.0 -99.0
20260523 263  1.1   960  14  2.8 1547   9  4.2 1046  17.6  22.3 1538  13.1  110  13.1  20.4  10.6  76.1  58.0 1619  15.1   3.3   2.3 -9.00 1010.9 1012.6 1014.0 2153 1011.0 1531  7.6  1.3 14.2 -9.0 12.68  2.55 1300    0.0   -9.0 -9.00    0.0   -9    0.0   -9   -9.0   -9   -9.0   -9   -9.0   -9 -99.0 -99.0 -99.0 -99.0 -99.0
20260523 264  1.0   855  11  3.0    1  16  5.1 1723  17.8  24.7 1601  11.8  254  11.7  21.8  11.4  68.9  36.0 1556  13.8   4.9   3.4 -9.00  994.7 1012.5 1013.9  227 1010.0 1514  7.6  5.1 14.2 -9.0 19.03  3.35 1400    0.2   -9.0 -9.00    0.2   -9    0.2   -9   -9.0   -9   -9.0   -9   -9.0   -9 -99.0 -99.0 -99.0 -99.0 -99.0
20260523 266  1.8  1597   7  3.6  508   7  7.6   11  18.7  23.0 1438  15.7   55  14.7  21.4  14.1  78.3  63.0 1345  16.8   4.3   3.0 -9.00 1002.2 1012.5 1014.2 2335 1010.9 1520  8.0  3.5 14.2 -9.0 17.56  3.34 1300    0.0   -9.0 -9.00    0.0   -9    0.0   -9   -9.0   -9   -9.0   -9   -9.0   -9 -99.0 -99.0 -99.0 -99.0 -99.0
20260523 268  1.5  1293  20  4.6 1616  20  7.7 1543  18.3  23.4 1514  14.0  307  14.7  19.5  14.2  80.4  63.0 1353  16.7  -9.0  -9.0 -9.00 1009.3 1010.5 1012.5 2352 1009.0 1506  7.5  4.8 14.1 -9.0 -9.00 -9.00   -9    1.2   -9.0 -9.00    1.2 1001    0.7 1016   -9.0   -9   -9.0   -9   -9.0   -9 -99.0 -99.0 -99.0 -99.0 -99.0
20260523 271  1.3  1165   7  3.5 1837   5  6.2 1819  14.7  21.5 1640  10.1  511  10.3  17.0   8.6  76.8  52.0 1642  12.5  -9.0  -9.0 -9.00  975.7 1013.7 1015.9 2255 1010.9 1551  7.3  2.5 14.4 -9.0 -9.00 -9.00   -9   -9.0   -9.0 -9.00   -9.0   -9   -9.0   -9   -9.0   -9   -9.0   -9   -9.0   -9 -99.0 -99.0 -99.0 -99.0 -99.0
20260523 272  1.3  1119  29  3.2  135  14  5.7 1507  16.4  21.8 1539  10.9  451  11.8  22.8   9.1  76.3  56.0 1421  13.8  -9.0  -9.0 -9.00  988.4 1013.1 1014.9 2216 1010.8 1531  6.6  5.5 14.3 -9.0 -9.00 -9.00   -9   -9.0   -9.0 -9.00   -9.0   -9   -9.0   -9   -9.0   -9   -9.0   -9   -9.0   -9 -99.0 -99.0 -99.0 -99.0 -99.0
20260523 273  1.1   989   9  3.1 1502   9  4.8 1459  17.0  22.0 1522  13.1 2352  12.5  21.0   9.4  76.3  55.0 1701  14.5  -9.0  -9.0 -9.00  992.1 1012.3 1013.9 2243 1010.4 1521  5.6  4.3 14.3 -9.0 -9.00 -9.00   -9   -9.0   -9.0 -9.00   -9.0   -9   -9.0   -9   -9.0   -9   -9.0   -9   -9.0   -9 -99.0 -99.0 -99.0 -99.0 -99.0
20260523 276  1.4  1206  14  3.8 1818  14  7.0 1858  15.9  20.4 1616  12.2 2355  12.1  18.8   9.3  79.1  60.0 1611  14.1   2.7   1.9 -9.00  988.4 1012.9 1015.1 2239 1010.9 1603  7.0  1.1 14.3 -9.0 10.02  1.87 1400    0.0   -9.0 -9.00    0.0   -9    0.0   -9   -9.0   -9   -9.0   -9   -9.0   -9 -99.0 -99.0 -99.0 -99.0 -99.0
20260523 277  2.5  2172   5  5.5 1546   5  8.1 1508  15.7  19.2 1514  13.0 2358  12.9  19.9  11.7  84.3  69.0 1511  14.9  -9.0  -9.0 -9.00 1008.9 1013.7 1015.4 2151 1012.6 1231  7.9  0.5 14.3 -9.0 -9.00 -9.00   -9    0.0   -9.0 -9.00    0.0   -9    0.0   -9   -9.0   -9   -9.0   -9   -9.0   -9 -99.0 -99.0 -99.0 -99.0 -99.0
20260523 278  0.8   664  18  2.0 1559   9  4.5  741  17.4  22.5 1631  13.4 2359  13.1  20.4   9.9  77.4  56.0 1632  15.1  -9.0  -9.0 -9.00 1002.5 1012.0 1013.8 2225 1010.2 1555  6.8  2.4 14.3 -9.0 -9.00 -9.00   -9    0.0   -9.0 -9.00    0.0   -9    0.0   -9   -9.0   -9   -9.0   -9   -9.0   -9 -99.0 -99.0 -99.0 -99.0 -99.0
20260523 279  0.9   771   9  2.3 1038   7  3.6 1039  17.6  22.7 1659  14.6  232  12.6  20.3  12.8  74.0  54.0 1746  14.6   2.8   2.0 -9.00 1007.0 1012.8 1014.0 2203 1011.0 1557  6.0  2.7 14.3 -9.0 11.70  2.03 1500    0.0   -9.0 -9.00    0.0   -9    0.0   -9   -9.0   -9   -9.0   -9   -9.0   -9 -99.0 -99.0 -99.0 -99.0 -99.0
20260523 281  1.5  1276  11  3.1 1617  14  5.2 1650  16.3  19.2 1702  13.2 2337  12.8  18.2   9.8  80.4  70.0 1516  14.8  -9.0  -9.0 -9.00 1002.2 1013.6 1015.5 2147 1012.2 1607  7.1  0.1 14.3 -9.0 -9.00 -9.00   -9    0.4   -9.0 -9.00    0.4 1303    0.3 1301   -9.0   -9   -9.0   -9   -9.0   -9 -99.0 -99.0 -99.0 -99.0 -99.0
20260523 283  2.4  2089  36  5.1 1510   2  7.6 1514  16.3  18.1 1609  14.1 2351  13.8  18.2  10.9  85.3  77.0  151  15.8   1.8   1.3 -9.00 1009.0 1013.8 1015.5 2112 1012.5 1347  8.6  0.0 14.3 -9.0  5.81  1.11 1400    0.8   -9.0 -9.00    0.7 1249    0.4 1339   -9.0   -9   -9.0   -9   -9.0   -9 -99.0 -99.0 -99.0 -99.0 -99.0
20260523 284  1.4  1252  14  4.0 1738  16  5.5 1703  16.9  23.4 1617  10.9  249  13.2  21.0   9.2  80.0  56.0 1502  15.2   4.4   3.0 -9.00  984.9 1011.5 1012.9  232 1008.9 1546  7.8  4.4 14.2 -9.0 18.48  3.30 1400    0.1   -9.0 -9.00    0.1   -9    0.1   -9   -9.0   -9   -9.0   -9   -9.0   -9 -99.0 -99.0 -99.0 -99.0 -99.0
20260523 285  0.7   573   7  1.9 1547   9  3.8 1554  17.3  23.1 1429  12.4  202  14.1  20.8  11.8  83.1  59.0 1436  16.2  -9.0  -9.0 -9.00 1009.5 1012.7 1014.0 2356 1011.0 1559  7.6  4.5 14.2 -9.0 -9.00 -9.00   -9    0.3   -9.0 -9.00    0.3 1121    0.3 1211   -9.0   -9   -9.0   -9   -9.0   -9 -99.0 -99.0 -99.0 -99.0 -99.0
20260523 288  1.4  1224   5  3.7 1736   5  6.3 1726  18.3  23.2 1532  14.4  114  14.3  20.6  14.2  77.8  61.0 1535  16.3   3.2   2.2 -9.00 1010.2 1011.2 1012.8 2142 1009.5 1600  8.5  0.8 14.2 -9.0 11.02  2.02 1500    0.1   -9.0 -9.00    0.1   -9    0.1   -9   -9.0   -9   -9.0   -9   -9.0   -9 -99.0 -99.0 -99.0 -99.0 -99.0
20260523 289  0.8   734   5  2.8 1316   7  4.9 1716  17.4  24.2 1540  11.9  304  13.8  21.4  10.7  81.0  57.0 1545  15.9  -9.0  -9.0 -9.00  996.9 1013.1 1014.3 2154 1010.8 1540  7.6  4.7 14.2 -9.0 -9.00 -9.00   -9    0.1   -9.0 -9.00    0.1   -9    0.1   -9   -9.0   -9   -9.0   -9   -9.0   -9 -99.0 -99.0 -99.0 -99.0 -99.0
20260523 294  1.6  1346   9  2.8 2100  11  6.6 2116  17.8  21.2 1558  16.5  455  13.8  21.6  14.9  77.6  68.0 1511  15.8  -9.0  -9.0 -9.00 1007.7 1013.0 1014.5 2208 1011.8 1514  8.5  1.5 14.2 -9.0 -9.00 -9.00   -9    0.2   -9.0 -9.00    0.2   -9    0.1   -9   -9.0   -9   -9.0   -9   -9.0   -9 -99.0 -99.0 -99.0 -99.0 -99.0
20260523 295  1.3  1126   9  3.3   51   9  5.2   45  17.9  21.9 1621  15.9  515  13.9  20.7  13.3  78.4  64.0 1622  15.9  -9.0  -9.0 -9.00 1007.1 1012.4 1013.9 2353 1011.1 1515 -9.0  4.7 14.2 -9.0 -9.00 -9.00   -9    0.0   -9.0 -9.00    0.0   -9    0.0   -9   -9.0   -9   -9.0   -9   -9.0   -9 -99.0 -99.0 -99.0 -99.0 -99.0
20260523 296  2.7  2370   5  4.3 1149   5  6.4 2138  18.8  22.5 1522  16.9  532  15.1  19.8  14.7  79.8  68.0 1515  17.2   2.9   2.0 -9.00 1011.4 1011.8 1013.5 2128 1010.2 1518  8.8  0.5 14.2 -9.0  9.54  1.75 1400    0.0   -9.0  1.00    0.0   -9    0.0   -9   -9.0   -9   -9.0   -9   -9.0   -9 -99.0 -99.0 -99.0 -99.0 -99.0
20260524  90  2.7  2336  14  6.1 1457  14  8.4 1449  16.9  21.8 1303  11.7  416  13.9  22.5  11.2  83.3  66.0 1305  15.9   6.0   4.2 -9.00 1011.7 1013.7 1015.3  704 1012.1 1807  2.0 12.5 14.5 -9.0 29.18  3.55 1200   -9.0   -9.0 -9.00   -9.0   -9   -9.0   -9   -9.0   -9   -9.0   -9   -9.0   -9 -99.0 -99.0 -99.0 -99.0 -99.0
20260524  93  0.7   619  23  2.9 1556  18  5.0 1511  19.7  28.4 1636  11.1  459  13.9  25.4  10.0  73.1  43.0 1717  15.9   7.0   4.9 -9.00 1002.6 1013.8 1016.9  755 1010.7 1753  1.6 12.3 14.4 -9.0 28.32  3.46 1200   -9.0   -9.0 -9.00   -9.0   -9   -9.0   -9   -9.0   -9   -9.0   -9   -9.0   -9  19.7  19.0  17.0  13.1  12.3
20260524  95  0.8   690  32  2.3 1633  29  4.3 1328  19.6  27.4 1613  11.2  456  13.9  22.9   8.3  73.4  45.0 1434  16.0   7.2   5.0 -9.00  995.9 1013.9 1016.7  651 1011.0 1804  1.9 12.9 14.5 -9.0 29.11  3.55 1200   -9.0   -9.0 -9.00   -9.0   -9   -9.0   -9   -9.0   -9   -9.0   -9   -9.0   -9 -99.0 -99.0 -99.0 -99.0 -99.0
20260524  98  0.6   508  23  1.9 1309  27  3.6 1449  20.1  28.2 1448  11.8  527  12.4  23.7   9.3  64.9  39.0 1626  14.5   7.0   4.9 -9.00  999.9 1013.4 1015.9  713 1010.8 1758  1.3 11.9 14.5 -9.0 27.71  3.51 1200   -9.0   -9.0 -9.00   -9.0   -9   -9.0   -9   -9.0   -9   -9.0   -9   -9.0   -9 -99.0 -99.0 -99.0 -99.0 -99.0
20260524  99  0.8   685  34  2.3 1902  36  4.8 1915  19.2  27.2 1630  11.1  458  13.9  23.3   8.3  74.6  45.0 1547  16.0   6.9   4.8 -9.00 1010.5 1014.1 1016.2  637 1011.9 1722  1.0 12.4 14.4 -9.0 28.18  3.46 1200   -9.0   -9.0 -9.00   -9.0   -9   -9.0   -9   -9.0   -9   -9.0   -9   -9.0   -9 -99.0 -99.0 -99.0 -99.0 -99.0
20260524 100  1.5  1289  11  4.8 1420   9  7.8 1413  15.6  25.5 1342   7.1  544  11.4  21.8   7.0  79.4  38.0 1223  13.6   7.3   5.1 -9.00  926.5 1013.9 1017.4  647 1010.3 1342  2.6 12.1 14.4 -9.0 29.93  3.70 1200   -9.0   -9.0 -9.00   -9.0   -9   -9.0   -9   -9.0   -9   -9.0   -9   -9.0   -9 -99.0 -99.0 -99.0 -99.0 -99.0
20260524 101  1.3  1130   5  2.6 1434   7  4.6 1505  20.1  29.3 1637  11.6  512  13.6  24.8   7.7  70.0  39.0 1630  15.7   7.1   5.0 -9.00 1003.9 1012.8 1015.8  712 1009.5 1708  1.6 12.6 14.4 -9.0 27.68  3.44 1200   -9.0   -9.0 -9.00   -9.0   -9   -9.0   -9   -9.0   -9   -9.0   -9   -9.0   -9  19.2  17.1  15.4  13.9  15.2
20260524 102  1.6  1381  18  3.6 1403  20  6.5 1359  17.0  22.5 1520  12.6  550  13.0  24.3   8.8  78.8  55.0 1502  15.0   6.3   4.4 -9.00 1008.7 1012.9 1014.6  857  919.0 1620  1.8 13.0 14.5 -9.0 29.18  3.55 1200   -9.0   -9.0 -9.00   -9.0   -9   -9.0   -9   -9.0   -9   -9.0   -9   -9.0   -9 -99.0 -99.0 -99.0 -99.0 -99.0
20260524 104  1.1   981  11  3.6 1438  11  7.3 1456  17.9  24.6 1557  10.7  418  14.9  21.9   8.0  84.8  59.0 1457  17.0   6.4   4.5 -9.00 1003.7 1012.5 1014.2  741 1010.5 1653  3.4 12.7 14.4 -9.0 28.28  3.54 1200   -9.0   -9.0 -9.00   -9.0   -9   -9.0   -9   -9.0   -9   -9.0   -9   -9.0   -9  18.3  17.5  15.9  12.6  13.1
20260524 105  1.3  1122  14  4.1 1515  14  9.5 1510  19.3  25.6 1250  12.0  511  14.0  22.2   9.7  73.4  45.0 1617  16.1   6.5   4.6 -9.00 1010.6 1013.8 1015.5  733 1011.7 1727  3.3 12.5 14.4 -9.0 26.48  3.32 1200   -9.0   -9.0 -9.00   -9.0   -9   -9.0   -9   -9.0   -9   -9.0   -9   -9.0   -9  19.2 -99.0  16.4  13.7 -99.0
20260524 106  1.9  1648  14  4.6 1323  32  8.9 1439  16.8  21.4 1303  11.8  519  14.4  22.2   9.2  86.9  68.0 1016  16.5   5.7   4.0 -9.00 1009.5 1014.3 1015.8  718 1012.9 1723  2.0 12.3 14.4 -9.0 28.65  3.38 1100   -9.0   -9.0 -9.00   -9.0   -9   -9.0   -9   -9.0   -9   -9.0   -9   -9.0   -9 -99.0 -99.0 -99.0 -99.0 -99.0
20260524 108  1.8  1538  25  3.3 1719  18  5.1 1232  22.1  29.2 1627  14.8  539  13.7  23.0  12.0  61.0  40.0 1510  15.7   8.3   5.8 -9.00 1003.3 1013.2 1015.6  650 1010.8 1744  1.1 12.9 14.4 -9.0 29.51  3.56 1200   -9.0   -9.0 -9.00   -9.0   -9   -9.0   -9   -9.0   -9   -9.0   -9   -9.0   -9  19.3  17.5  16.8  13.9  13.5
20260524 112  1.8  1523  25  4.0 1757  32  6.8 1310  21.1  26.6 1644  16.1  511  14.9  24.2  11.3  69.3  52.0 1234  17.0   7.5   5.3 -9.00 1005.2 1013.2 1015.2  702 1011.5 1740  0.9 13.0 14.4 -9.0 28.75  3.45 1200   -9.0   -9.0 -9.00   -9.0   -9   -9.0   -9   -9.0   -9   -9.0   -9   -9.0   -9  18.6  17.1  13.1  15.0  13.5
20260524 114  1.0   850  23  2.9 1829  32  5.1 1548  21.0  29.2 1719  12.8  419  13.3  25.9   7.7  64.9  37.0 1625  15.4   7.9   5.5 -9.00  996.0 1013.3 1016.2  755 1010.3 1641  1.5 13.3 14.4 -9.0 29.45  3.58 1200   -9.0   -9.0 -9.00   -9.0   -9   -9.0   -9   -9.0   -9   -9.0   -9   -9.0   -9 -99.0 -99.0 -99.0 -99.0 -99.0
20260524 115  1.7  1426  20  2.8 1038  18  4.5 1303  16.0  19.3 1345  12.7  117  13.7  19.3   6.1  86.9  77.0 1553  15.8   5.0   3.5 -9.00  989.3 1015.3 1016.5  900 1013.9 1715  2.1 12.6 14.4 -9.0 26.73  3.27 1100   -9.0   -9.0 -9.00   -9.0   -9   -9.0   -9   -9.0   -9   -9.0   -9   -9.0   -9  17.6  15.4  14.8  12.1  13.1
20260524 119  1.5  1255  25  4.1 1545  25  6.3 1537  20.5  27.9 1509  13.5  508  13.9  26.2  10.8  69.3  41.0 1451  15.9   7.6   5.3 -9.00 1008.5 1013.1 1015.3  723 1011.0 1607  1.4 12.8 14.4 -9.0 28.24  3.51 1200   -9.0   -9.0 -9.00   -9.0   -9   -9.0   -9   -9.0   -9   -9.0   -9   -9.0   -9  19.2  16.9  15.1  12.2  12.4
20260524 121  0.9   789  32  2.4 1223  23  4.2 1312  19.5  29.6 1647  10.2  454  12.3  25.9   8.0  69.1  32.0 1443  14.4   7.7   5.4 -9.00  986.0 1013.8 1017.5  700 1010.0 1650  1.8 12.0 14.4 -9.0 29.11  3.64 1200   -9.0   -9.0 -9.00   -9.0   -9   -9.0   -9   -9.0   -9   -9.0   -9   -9.0   -9 -99.0 -99.0 -99.0 -99.0 -99.0
20260524 127  1.0   825  32  2.3 1321  34  4.8 1320  20.6  28.9 1556  12.3  409  12.9  23.4  10.5  65.8  32.0 1729  14.9   7.8   5.5 -9.00  999.4 1012.7 1015.5  733 1010.0 1710  2.4 12.6 14.4 -9.0 29.29  3.61 1200   -9.0   -9.0 -9.00   -9.0   -9   -9.0   -9   -9.0   -9   -9.0   -9   -9.0   -9 -99.0 -99.0 -99.0 -99.0 -99.0
20260524 129  1.5  1338  32  5.1 1711  32  6.6 1539  20.0  27.3 1507  13.1  532  13.9  24.4   9.9  70.9  44.0 1514  15.9   7.0   4.9 -9.00 1010.4 1013.3 1015.3  726 1011.7 1752  2.6 13.0 14.4 -9.0 27.13  3.32 1100   -9.0   -9.0 -9.00   -9.0   -9   -9.0   -9   -9.0   -9   -9.0   -9   -9.0   -9  18.8  16.8  17.3  13.3  14.6
20260524 130  1.8  1588  16  3.8 1202  16  6.2 1309  16.7  20.6 1533  11.9  509  14.4  22.5  10.2  86.8  70.0  809  16.4  -9.0  -9.0 -9.00 1008.9 1014.7 1016.2  808 1013.5 1602  2.1 13.4 14.4 -9.0 -9.00 -9.00   -9   -9.0   -9.0 -9.00   -9.0   -9   -9.0   -9   -9.0   -9   -9.0   -9   -9.0   -9 -99.0 -99.0 -99.0 -99.0 -99.0
20260524 131  1.1   980   7  3.3 1140   5  7.0 1211  22.9  29.2 1638  16.2  512  13.4  24.1  13.3  57.1  39.0 1530  15.4   8.2   5.7 -9.00 1006.0 1012.8 1015.5  821 1010.3 1816  1.9 13.1 14.3 -9.0 29.78  3.72 1200   -9.0   -9.0 -9.00   -9.0   -9   -9.0   -9   -9.0   -9   -9.0   -9   -9.0   -9 -99.0 -99.0 -99.0 -99.0 -99.0
20260524 133  1.4  1187   7  2.9 1522   2  5.4 1337  21.6  28.5 1604  14.2  528  14.4  23.7  12.5  66.3  42.0 1730  16.4   7.5   5.3 -9.00 1005.4 1013.3 1015.9  757 1010.9 1806  3.1 13.3 14.3 -9.0 28.25  3.51 1100   -9.0   -9.0 -9.00   -9.0   -9   -9.0   -9   -9.0   -9   -9.0   -9   -9.0   -9  21.2  19.6  17.7  15.0  15.6
20260524 135  0.8   720   9  3.8 1612  16  6.2 1458  18.1  25.4 1456  11.6   58  13.4  22.3  10.5  76.6  42.0 1615  15.4   6.4   4.5 -9.00  985.3 1013.8 1016.5  833 1011.3 1538  5.8  9.1 14.3 -9.0 25.54  3.58 1200   -9.0   -9.0 -9.00   -9.0   -9   -9.0   -9   -9.0   -9   -9.0   -9   -9.0   -9 -99.0 -99.0 -99.0 -99.0 -99.0
20260524 136  0.8   660  14  2.9 1235  16  4.5 1231  19.5  27.9 1617  12.3  327  13.5  24.3  10.8  71.4  37.0 1601  15.5   7.0   4.9 -9.00  998.4 1014.9 1017.4  654 1012.1 1624  4.3  8.7 14.3 -9.0 26.57  3.67 1200   -9.0   -9.0 -9.00   -9.0   -9   -9.0   -9   -9.0   -9   -9.0   -9   -9.0   -9 -99.0 -99.0 -99.0 -99.0 -99.0
20260524 137  0.6   525  36  1.7 1300  14  4.1 1623  19.7  26.8 1530  13.1  217  14.6  24.7  11.1  75.4  41.0 1502  16.7   6.7   4.7 -9.00 1001.9 1013.2 1015.7  849 1010.7 1709  5.6  9.6 14.3 -9.0 26.45  3.62 1200   -9.0   -9.0 -9.00   -9.0   -9   -9.0   -9   -9.0   -9   -9.0   -9   -9.0   -9 -99.0 -99.0 -99.0 -99.0 -99.0
20260524 138  1.7  1511   5  4.7 1251   5  6.9 1245  18.5  22.8 1421  14.0  446  14.7  22.0   9.1  79.9  59.0 1432  16.7   5.9   4.1 -9.00 1013.7 1014.2 1015.9  753 1012.6 1731  4.4 10.0 14.3 -9.0 24.96  3.46 1200   -9.0   -9.0 -9.00   -9.0   -9   -9.0   -9   -9.0   -9   -9.0   -9   -9.0   -9  19.2  17.5  16.5  15.0  15.6
20260524 140  1.9  1644  27  5.6 1327  27  7.1 1342  19.5  25.8 1303  14.7  544  15.5  23.4  11.2  78.8  53.0 1235  17.7  -9.0  -9.0 -9.00 1010.8 1014.1 1016.1  750 1012.2 1819  3.8 12.0 14.3 -9.0 -9.00 -9.00   -9   -9.0   -9.0 -9.00   -9.0   -9   -9.0   -9   -9.0   -9   -9.0   -9   -9.0   -9 -99.0 -99.0 -99.0 -99.0 -99.0
20260524 143  1.6  1379  14  3.7 2349  11  5.5 2332  20.4  27.1 1600  12.9  535  13.6  24.1  10.4  68.0  44.0 1352  15.7   7.3   5.1 -9.00 1007.2 1013.5 1015.8  719 1010.9 1712  4.6 11.8 14.3 -9.0 27.62  3.51 1200   -9.0   -9.0 -9.00   -9.0   -9   -9.0   -9   -9.0   -9   -9.0   -9   -9.0   -9 -99.0 -99.0 -99.0 -99.0 -99.0
20260524 146  1.8  1558  27  4.7 1606  27  7.2 1602  21.7  28.4 1356  15.5  521  15.8  24.4  12.0  71.1  48.0 1234  18.0   6.9   4.8 -9.00 1006.0 1013.0 1015.4  745 1011.1 1538  5.8 11.6 14.3 -9.0 26.48  3.27 1100   -9.0   -9.0 -9.00   -9.0   -9   -9.0   -9   -9.0   -9   -9.0   -9   -9.0   -9 -99.0 -99.0 -99.0 -99.0 -99.0
20260524 152  1.3  1111   9  3.3 1455  11  6.1 1117  18.2  23.7 1332  12.4  518  13.3  21.9   9.5  74.8  51.0 1133  15.3   6.2   4.4 -9.00 1004.4 1013.9 1015.7  647 1012.5 1726  6.1 11.4 14.3 -9.0 26.67  3.59 1100   -9.0   -9.0 -9.00   -9.0   -9   -9.0   -9   -9.0   -9   -9.0   -9   -9.0   -9 -99.0 -99.0 -99.0 -99.0 -99.0
20260524 155  1.8  1595  16  4.6 1523  18  8.4 1253  19.5  24.4 1222  15.5  527  15.4  22.7  13.1  78.3  57.0 1223  17.5   5.7   4.0 -9.00 1010.0 1014.1 1015.8  847 1013.0 1711  8.1  9.0 14.2 -9.0 24.54  3.49 1200   -9.0   -9.0 -9.00   -9.0   -9   -9.0   -9   -9.0   -9   -9.0   -9   -9.0   -9 -99.0 -99.0 -99.0 -99.0 -99.0
20260524 156  1.6  1340  18  4.3 1706  18  7.0 1707  22.2  28.4 1407  17.1  139  16.8  24.8  13.3  73.5  48.0 1335  19.1   5.8   4.1 -9.00 1003.8 1012.0 1014.3  807 1010.2 1521  6.6  7.3 14.2 -9.0 23.72  3.50 1100   -9.0   -9.0 -9.00   -9.0   -9   -9.0   -9   -9.0   -9   -9.0   -9   -9.0   -9 -99.0 -99.0 -99.0 -99.0 -99.0
20260524 159  2.4  2042  14  3.7 1125  11  6.4 1414  19.4  24.6 1303  15.4  458  13.7  22.3  11.6  70.6  52.0 1250  15.7   6.0   4.2 -9.00 1005.7 1013.8 1015.1  912 1012.7 1800  8.0  4.5 14.2 -9.0 22.55  3.70 1200   -9.0   -9.0 -9.00   -9.0   -9   -9.0   -9   -9.0   -9   -9.0   -9   -9.0   -9  19.6  18.9  18.2  15.5  16.7
20260524 162  2.5  2199   5  4.8  801   2  7.4 1246  19.7  25.1 1428  15.2  243  15.0  24.1  11.6  75.5  52.0 1216  17.1   6.1   4.3 -9.00 1009.5 1013.2 1014.8  832 1011.8 1606  7.6  8.4 14.2 -9.0 24.66  3.57 1200   -9.0   -9.0 -9.00   -9.0   -9   -9.0   -9   -9.0   -9   -9.0   -9   -9.0   -9 -99.0 -99.0 -99.0 -99.0 -99.0
20260524 165  2.0  1741  25  5.1 1644  25  6.8 1643  20.1  25.2 1448  16.7  420  16.7  22.4  14.0  82.1  60.0 1210  19.0   5.1   3.5 -9.00 1008.2 1013.4 1015.6  749 1012.2 1803  7.1  6.5 14.2 -9.0 22.04  3.45 1100   -9.0   -9.0 -9.00   -9.0   -9   -9.0   -9   -9.0   -9   -9.0   -9   -9.0   -9  20.3  18.9  17.1  15.3  14.6
20260524 168  2.3  1968   9  6.7  901   9 10.1  856  19.5  23.5 1359  16.5  440  15.5  23.1  15.9  78.8  59.0 1404  17.6   5.3   3.7 -9.00 1006.2 1013.9 1015.5  829 1012.9 1733  7.9  7.0 14.2 -9.0 23.92  3.58 1200   -9.0    0.0 -9.00   -9.0   -9   -9.0   -9   -9.0   -9   -9.0   -9   -9.0   -9  20.3  18.9  17.3  15.6  16.6
20260524 169  4.0  3455  14  7.4  407  16  9.0  404  17.8  23.1 1228  14.6  438  15.1  22.5  15.3  84.6  67.0 1400  17.2   4.4   3.1 -9.00 1004.4 1013.3 1015.0  738 1012.0 1724  8.6  7.2 14.2 -9.0 21.71  3.02 1100   -9.0   -9.0 -9.00   -9.0   -9   -9.0   -9   -9.0   -9   -9.0   -9   -9.0   -9 -99.0 -99.0 -99.0 -99.0 -99.0
20260524 170  3.4  2971  16  6.5 1329  16  9.6 1331  20.4  25.9 1404  16.2  411  16.5  24.4  14.7  79.5  57.0 1332  18.7   5.6   3.9 -9.00 1009.6 1013.8 1015.4  740 1012.5 1805  8.3  7.3 14.2 -9.0 23.01  3.53 1200   -9.0   -9.0 -9.00   -9.0   -9   -9.0   -9   -9.0   -9   -9.0   -9   -9.0   -9 -99.0 -99.0 -99.0 -99.0 -99.0
20260524 172  1.8  1523  29  5.0 1415  27  7.0 1353  19.6  25.0 1252  14.4  459  16.3  21.6  11.5  82.4  58.0 1103  18.6   5.5   3.8 -9.00 1006.8 1012.9 1014.9  804 1011.5 1743  5.8  7.9 14.2 -9.0 24.10  3.49 1200   -9.0   -9.0 -9.00   -9.0   -9   -9.0   -9   -9.0   -9   -9.0   -9   -9.0   -9 -99.0 -99.0 -99.0 -99.0 -99.0
20260524 174  1.3  1087  20  4.1 1353  16  7.6 1421  19.2  25.8 1334  14.0  218  14.8  22.6  13.1  77.5  52.0 1331  16.9  -9.0  -9.0 -9.00  992.9 1012.0 1013.9  753 1010.4 1529  7.5  6.4 14.2 -9.0 -9.00 -9.00   -9   -9.0   -9.0 -9.00   -9.0   -9   -9.0   -9   -9.0   -9   -9.0   -9   -9.0   -9 -99.0 -99.0 -99.0 -99.0 -99.0
20260524 177  1.2  1009   5  3.3 1131   5  5.0 1205  21.1  28.0 1631  14.0  531  15.9  23.8  11.2  74.8  50.0 1342  18.2   6.9   4.9 -9.00 1008.8 1012.0 1014.2  737 1009.7 1757  2.9 13.1 14.3 -9.0 28.14  3.50 1200   -9.0   -9.0 -9.00   -9.0   -9   -9.0   -9   -9.0   -9   -9.0   -9   -9.0   -9 -99.0 -99.0 -99.0 -99.0 -99.0
20260524 181  1.1   918   5  3.5 1232   5  6.1 1227  20.6  28.4 1635  13.2  535  14.4  23.1   9.1  71.4  40.0 1639  16.5   7.2   5.0 -9.00 1009.5 1013.4 1016.1  819 1011.0 1815  2.5 13.3 14.3 -9.0 29.03  3.65 1200   -9.0   -9.0 -9.00   -9.0   -9   -9.0   -9   -9.0   -9   -9.0   -9   -9.0   -9 -99.0 -99.0 -99.0 -99.0 -99.0
20260524 184  3.9  3405   5  7.0 1223   5 11.1  923  20.8  23.9 1346  18.7   34  16.8  26.5  17.9  78.1  66.0 1345  19.1   5.3   3.7 -9.00 1009.5 1011.9 1013.4  756 1010.5 2243  8.9  7.7 14.1 -9.0 22.59  3.45 1100   -9.0    0.0 -9.00   -9.0   -9   -9.0   -9   -9.0   -9   -9.0   -9   -9.0   -9  21.3  20.2  19.5  17.1  16.5
20260524 185  2.8  2383  11  5.6 2233  11 11.0 2225  20.6  22.3 1257  17.7    1  17.5  22.8  15.7  83.4  72.0 1639  20.1   3.9   2.7 -9.00 1003.7 1012.0 1013.6  744 1010.8 2224  8.5  3.6 14.1 -9.0 17.02  2.33 1200   -9.0   -9.0 -9.00   -9.0   -9   -9.0   -9   -9.0   -9   -9.0   -9   -9.0   -9 -99.0 -99.0 -99.0 -99.0 -99.0
20260524 188  2.6  2282   7  5.3 1414   7  8.1 1056  20.0  21.4 1505  18.8  623  18.0  21.2  17.9  88.6  81.0 1350  20.7  -9.0  -9.0 -9.00 1011.0 1013.4 1014.9  809 1012.3 1752  9.6  0.0 14.1 -9.0 -9.00 -9.00   -9   -9.0   -9.0 -9.00   -9.0   -9   -9.0   -9   -9.0   -9   -9.0   -9   -9.0   -9 -99.0 -99.0 -99.0 -99.0 -99.0
20260524 189  2.7  2322   7  4.6 1017   9  8.4  831  21.3  24.1 1232  19.2  519  17.6  22.4  18.0  80.1  66.0 1202  20.1   3.4   2.4 -9.00 1006.8 1012.8 1014.2  802 1012.0 1737  9.5  1.3 14.1 -9.0 14.29  2.19 1300    0.0    1.7  1.25    0.0   -9    0.0   -9   -9.0   -9   -9.0   -9   -9.0   -9 -99.0 -99.0 -99.0 -99.0 -99.0
20260524 192  0.8   703  -9 -9.0   -9  -9 -9.0   -9  20.2  26.2 1527  14.4  523  15.9  25.0  13.0  78.1  55.0 1420  18.1  -9.0  -9.0 -9.00 1010.4 1013.9 1016.2  853 1012.2 1703  8.3  8.7 14.2 -9.0 24.77  3.46 1200   -9.0   -9.0 -9.00   -9.0   -9   -9.0   -9   -9.0   -9   -9.0   -9   -9.0   -9 -99.0 -99.0 -99.0 -99.0 -99.0
20260524 201  1.2  1044  25  3.4 1429  34  5.7 1530  19.1  26.0 1350  12.6  509  14.1  22.1   8.0  74.8  46.0 1601  16.1  -9.0  -9.0 -9.00 1008.6 1014.2 1016.1  801 1012.5 1736  1.6 12.3 14.4 -9.0 -9.00 -9.00   -9   -9.0   -9.0 -9.00   -9.0   -9   -9.0   -9   -9.0   -9   -9.0   -9   -9.0   -9 -99.0 -99.0 -99.0 -99.0 -99.0
20260524 202  1.0   880  29  2.8 1607  25  4.9 1705  20.5  28.3 1614  13.2  430  13.5  27.3   9.2  67.6  34.0 1720  15.5  -9.0  -9.0 -9.00 1008.2 1013.7 1016.2  709 1011.3 1634  1.8 12.4 14.4 -9.0 -9.00 -9.00   -9   -9.0   -9.0 -9.00   -9.0   -9   -9.0   -9   -9.0   -9   -9.0   -9   -9.0   -9 -99.0 -99.0 -99.0 -99.0 -99.0
20260524 203  0.7   565   7  1.8 1314  36  3.6 1206  20.6  28.3 1602  12.6  449  14.9  24.9  10.5  73.8  39.0 1422  17.0  -9.0  -9.0 -9.00 1004.7 1014.0 1016.6  746 1011.5 1633  1.0 10.5 14.4 -9.0 -9.00 -9.00   -9   -9.0   -9.0 -9.00   -9.0   -9   -9.0   -9   -9.0   -9   -9.0   -9   -9.0   -9 -99.0 -99.0 -99.0 -99.0 -99.0
20260524 211  1.2  1004  20  2.9 1201  23  6.1 1355  18.4  27.9 1530  10.7  200  12.2  24.5   6.7  71.4  38.0 1429  14.3  -9.0  -9.0 -9.00  990.2 1013.7 1016.8  807 1010.0 1639  2.3  9.3 14.5 -9.0 -9.00 -9.00   -9   -9.0   -9.0 -9.00   -9.0   -9   -9.0   -9   -9.0   -9   -9.0   -9   -9.0   -9 -99.0 -99.0 -99.0 -99.0 -99.0
20260524 212  0.8   712  32  2.5 1622  34  4.8 1619  19.5  28.8 1647  11.4  522  11.9  24.7   9.2  66.6  33.0 1647  14.0  -9.0  -9.0 -9.00  997.8 1014.1 1017.3  801 1011.0 1715  2.0 11.2 14.4 -9.0 -9.00 -9.00   -9   -9.0   -9.0 -9.00   -9.0   -9   -9.0   -9   -9.0   -9   -9.0   -9   -9.0   -9 -99.0 -99.0 -99.0 -99.0 -99.0
20260524 216  1.3  1108   2  4.4 1621   7  6.9 1621  17.4  27.3 1444   9.2  552  11.9  21.5  11.5  74.3  40.0 1045  14.0   7.0   4.9 -9.00  932.9 1013.5 1017.3  644 1009.6 1444  2.8 10.3 14.4 -9.0 27.41  3.71 1200   -9.0   -9.0 -9.00   -9.0   -9   -9.0   -9   -9.0   -9   -9.0   -9   -9.0   -9 -99.0 -99.0 -99.0 -99.0 -99.0
20260524 217  1.1   960  20  3.4 1432  16  5.4 1426  18.9  30.0 1615  10.9   32  11.7  26.4  10.8  67.5  33.0 1616  13.8  -9.0  -9.0 -9.00  978.0 1013.9 1017.6  710 1009.5 1633  2.4  9.7 14.4 -9.0 -9.00 -9.00   -9   -9.0   -9.0 -9.00   -9.0   -9   -9.0   -9   -9.0   -9   -9.0   -9   -9.0   -9 -99.0 -99.0 -99.0 -99.0 -99.0
20260524 221  0.9   793  25  3.1 1724  25  4.8 1715  18.8  27.7 1619  10.1  530  12.7  25.5   7.7  72.5  38.0 1450  14.7  -9.0  -9.0 -9.00  983.0 1013.6 1016.4  647 1010.3 1617  1.8 13.2 14.4 -9.0 -9.00 -9.00   -9   -9.0   -9.0 -9.00   -9.0   -9   -9.0   -9   -9.0   -9   -9.0   -9   -9.0   -9 -99.0 -99.0 -99.0 -99.0 -99.0
20260524 226  1.0   869  18  2.9 1548  18  5.2 1614  19.0  26.9 1537  11.6  426  14.0  22.4   7.3  76.1  45.0 1706  16.0  -9.0  -9.0 -9.00  993.8 1013.7 1016.3  715 1011.3 1546  3.3 12.7 14.3 -9.0 -9.00 -9.00   -9   -9.0   -9.0 -9.00   -9.0   -9   -9.0   -9   -9.0   -9   -9.0   -9   -9.0   -9 -99.0 -99.0 -99.0 -99.0 -99.0
20260524 232  0.9   780   9  3.5 1251  11  6.2 1242  20.1  27.6 1534  12.3  456  14.6  23.8  10.7  75.0  42.0 1525  16.7  -9.0  -9.0 -9.00 1004.0 1013.9 1016.4  805 1011.4 1815  2.1 12.7 14.4 -9.0 -9.00 -9.00   -9   -9.0   -9.0 -9.00   -9.0   -9   -9.0   -9   -9.0   -9   -9.0   -9   -9.0   -9 -99.0 -99.0 -99.0 -99.0 -99.0
20260524 235  1.4  1181  20  4.6 1138  23  5.9 1138  19.5  25.2 1348  14.6  451  15.2  22.9  12.0  78.0  56.0 1004  17.3   6.2   4.3 -9.00 1011.6 1012.8 1014.5  702 1011.4 1807  3.5 11.7 14.3 -9.0 26.69  3.36 1100   -9.0   -9.0 -9.00   -9.0   -9   -9.0   -9   -9.0   -9   -9.0   -9   -9.0   -9 -99.0 -99.0 -99.0 -99.0 -99.0
20260524 236  0.8   713  36  2.3 1350  36  5.8 1145  20.9  27.7 1614  13.6  459  15.5  23.8  11.5  75.5  43.0 1526  17.7  -9.0  -9.0 -9.00 1011.9 1013.5 1015.9  750 1011.3 1742  3.3 12.6 14.3 -9.0 -9.00 -9.00   -9   -9.0   -9.0 -9.00   -9.0   -9   -9.0   -9   -9.0   -9   -9.0   -9   -9.0   -9 -99.0 -99.0 -99.0 -99.0 -99.0
20260524 238  0.9   752   7  2.4 1519   9  4.6 1513  19.7  28.3 1601  11.8  539  14.4  22.6   9.6  75.4  42.0 1314  16.4  -9.0  -9.0 -9.00  993.2 1012.9 1015.9  808 1010.2 1656  4.6  9.1 14.3 -9.0 -9.00 -9.00   -9   -9.0   -9.0 -9.00   -9.0   -9   -9.0   -9   -9.0   -9   -9.0   -9   -9.0   -9 -99.0 -99.0 -99.0 -99.0 -99.0
20260524 239  1.0   839  11  2.8 1134   9  5.0 1213  20.8  27.8 1702  13.7  500  15.0  24.4  12.2  72.9  43.0 1525  17.1   7.0   4.9 -9.00 1002.3 1012.7 1015.3  808 1010.2 1749  3.6 12.4 14.3 -9.0 27.67  3.46 1100   -9.0   -9.0 -9.00   -9.0   -9   -9.0   -9   -9.0   -9   -9.0   -9   -9.0   -9 -99.0 -99.0 -99.0 -99.0 -99.0
20260524 243  1.3  1111  32  4.1 1610  32  7.3 1606  19.8  26.2 1257  14.8  519  15.7  23.0  12.1  79.0  53.0 1219  17.9  -9.0  -9.0 -9.00 1012.1 1013.5 1015.4  744 1012.0 1816  4.6 10.7 14.3 -9.0 -9.00 -9.00   -9   -9.0   -9.0 -9.00   -9.0   -9   -9.0   -9   -9.0   -9   -9.0   -9   -9.0   -9 -99.0 -99.0 -99.0 -99.0 -99.0
20260524 244  0.7   591  34  2.2 1711  34  3.8 1711  19.9  27.8 1450  12.1  501  15.4  22.6   9.1  77.8  49.0 1356  17.6  -9.0  -9.0 -9.00  984.4 1012.9 1015.6  622 1010.4 1618  5.9  9.2 14.3 -9.0 -9.00 -9.00   -9   -9.0   -9.0 -9.00   -9.0   -9   -9.0   -9   -9.0   -9   -9.0   -9   -9.0   -9 -99.0 -99.0 -99.0 -99.0 -99.0
20260524 245  1.8  1541  34  4.7 1452  36  7.3 1446  20.5  26.9 1332  14.5  326  16.0  22.6  12.1  77.1  53.0 1334  18.3   5.9   4.1 -9.00 1005.2 1013.2 1015.2  733 1011.7 1523  5.4  8.3 14.3 -9.0 23.99  3.36 1100   -9.0   -9.0 -9.00   -9.0   -9   -9.0   -9   -9.0   -9   -9.0   -9   -9.0   -9 -99.0 -99.0 -99.0 -99.0 -99.0
20260524 247  1.3  1128  27  3.0 1639  29  5.5 1343  20.8  28.0 1524  13.9  452  16.1  24.6  11.6  76.9  51.0 1328  18.3  -9.0  -9.0 -9.00  997.3 1012.8 1015.3  653 1010.6 1608  5.3  9.1 14.3 -9.0 -9.00 -9.00   -9   -9.0   -9.0 -9.00   -9.0   -9   -9.0   -9   -9.0   -9   -9.0   -9   -9.0   -9 -99.0 -99.0 -99.0 -99.0 -99.0
20260524 248  0.9   793  11  3.9 1406  14  7.1 1359  18.8  27.8 1446  11.2  510  13.8  21.7   8.2  77.0  36.0 1523  15.8  -9.0  -9.0 -9.00  966.8 1013.4 1016.4  638 1010.4 1626  4.6  9.5 14.3 -9.0 -9.00 -9.00   -9   -9.0   -9.0 -9.00   -9.0   -9   -9.0   -9   -9.0   -9   -9.0   -9   -9.0   -9 -99.0 -99.0 -99.0 -99.0 -99.0
20260524 251  1.2  1026  32  3.6 1209  34  5.6 1139  19.8  25.7 1251  14.3  519  16.6  22.1  12.5  83.3  60.0 1259  18.9   5.2   3.6 -9.00 1005.8 1012.7 1014.6  736 1011.1 1748  5.6  5.7 14.2 -9.0 22.66  3.13 1100   -9.0   -9.0 -9.00   -9.0   -9   -9.0   -9   -9.0   -9   -9.0   -9   -9.0   -9 -99.0 -99.0 -99.0 -99.0 -99.0
20260524 252  1.1   965  36  3.6 1429  32  5.5 1427  19.4  24.7 1128  14.8  203  16.0  21.5  11.8  82.1  61.0 1119  18.2   4.8   3.4 -9.00 1008.8 1013.2 1015.3  800 1011.7 1743  5.5  6.7 14.2 -9.0 21.65  2.90 1000   -9.0   -9.0 -9.00   -9.0   -9   -9.0   -9   -9.0   -9   -9.0   -9   -9.0   -9 -99.0 -99.0 -99.0 -99.0 -99.0
20260524 253  1.2  1000  16  3.3 1731  16  5.1 1541  20.2  27.2 1350  14.0  525  15.2  23.9  11.8  74.9  52.0 1355  17.3   5.7   4.0 -9.00 1008.3 1014.7 1016.3  839 1013.3 1700  7.6  7.9 14.2 -9.0 23.21  3.35 1200   -9.0   -9.0 -9.00   -9.0   -9   -9.0   -9   -9.0   -9   -9.0   -9   -9.0   -9 -99.0 -99.0 -99.0 -99.0 -99.0
20260524 254  1.2  1063  18  3.5 1741  20  5.6 1734  20.7  28.4 1512  14.0  425  14.7  25.2  11.3  71.8  42.0 1346  16.8   6.4   4.5 -9.00  998.5 1013.5 1016.0  756 1011.2 1721  5.6  8.0 14.2 -9.0 25.58  3.60 1200   -9.0   -9.0 -9.00   -9.0   -9   -9.0   -9   -9.0   -9   -9.0   -9   -9.0   -9 -99.0 -99.0 -99.0 -99.0 -99.0
20260524 255  1.1   975  32  2.8  844  34  4.8  840  20.4  27.1 1453  14.9  532  15.4  21.4  12.1  74.8  53.0 1338  17.6   5.3   3.7 -9.00 1007.8 1013.7 1015.6  856 1012.0 1628  7.4  8.5 14.2 -9.0 21.52  3.23 1100   -9.0   -9.0 -9.00   -9.0   -9   -9.0   -9   -9.0   -9   -9.0   -9   -9.0   -9 -99.0 -99.0 -99.0 -99.0 -99.0
20260524 257  1.9  1653   5  3.8  404   5  6.9   47  21.7  28.5 1316  15.4  531  16.1  23.5  13.9  71.9  51.0 1319  18.4   5.9   4.1 -9.00 1013.2 1013.9 1015.7  626 1012.0 1638  7.6  6.5 14.2 -9.0 22.57  3.17 1000   -9.0   -9.0 -9.00   -9.0   -9   -9.0   -9   -9.0   -9   -9.0   -9   -9.0   -9 -99.0 -99.0 -99.0 -99.0 -99.0
20260524 258  2.0  1704  18  4.6 1232  20  6.0 1232  20.6  25.2 1454  16.2  112  16.8  22.7  15.2  80.5  61.0 1415  19.2   5.2   3.6 -9.00 1013.9 1014.1 1016.0  825 1012.8 1814  8.1  5.6 14.2 -9.0 22.45  3.66 1200   -9.0   -9.0 -9.00   -9.0   -9   -9.0   -9   -9.0   -9   -9.0   -9   -9.0   -9 -99.0 -99.0 -99.0 -99.0 -99.0
20260524 259  1.5  1296   9  3.5 1004   9  7.0 1050  20.7  26.6 1311  15.4   55  16.9  23.3  14.3  79.9  56.0 1304  19.2   5.4   3.7 -9.00 1011.5 1013.4 1015.4  803 1011.9 1815  8.0  6.3 14.2 -9.0 22.71  3.50 1200   -9.0   -9.0 -9.00   -9.0   -9   -9.0   -9   -9.0   -9   -9.0   -9   -9.0   -9 -99.0 -99.0 -99.0 -99.0 -99.0
20260524 260  1.7  1472  16  4.8 1501  16  7.3 1102  20.4  25.3 1255  16.0    1  17.0  23.5  13.3  81.8  63.0 1231  19.3  -9.0  -9.0 -9.00 1008.3 1013.4 1015.4  808 1012.1 1825  8.0  5.1 14.2 -9.0 -9.00 -9.00   -9   -9.0   -9.0 -9.00   -9.0   -9   -9.0   -9   -9.0   -9   -9.0   -9   -9.0   -9 -99.0 -99.0 -99.0 -99.0 -99.0
20260524 261  3.2  2750  14  6.1 1503  16  8.6 1450  20.5  25.1 1322  16.7    1  16.9  23.3  13.4  80.6  65.0 1158  19.2  -9.0  -9.0 -9.00 1011.7 1013.6 1015.5  751 1012.3 1752  8.4  6.5 14.2 -9.0 -9.00 -9.00   -9   -9.0   -9.0 -9.00   -9.0   -9   -9.0   -9   -9.0   -9   -9.0   -9   -9.0   -9 -99.0 -99.0 -99.0 -99.0 -99.0
20260524 262  1.5  1281  18  3.6 1418  20  6.8 1325  19.9  25.2 1301  15.9   10  16.2  23.7  16.7  80.4  58.0 1304  18.4   4.8   3.4 -9.00 1007.5 1013.5 1015.3  820 1012.4 1823  8.0  6.2 14.2 -9.0 21.33  3.36 1200   -9.0   -9.0 -9.00   -9.0   -9   -9.0   -9   -9.0   -9   -9.0   -9   -9.0   -9 -99.0 -99.0 -99.0 -99.0 -99.0
20260524 263  1.2  1025  11  2.9 1410  11  4.7 1402  20.4  26.9 1621  14.1  532  14.9  23.6  12.1  72.9  47.0 1455  17.0   6.1   4.3 -9.00 1012.4 1014.0 1016.5  855 1011.9 1735  8.0  7.8 14.2 -9.0 25.38  3.55 1200   -9.0   -9.0 -9.00   -9.0   -9   -9.0   -9   -9.0   -9   -9.0   -9   -9.0   -9 -99.0 -99.0 -99.0 -99.0 -99.0
20260524 264  1.1   988  16  3.3 1552  16  5.8 1540  20.6  27.9 1534  14.1  423  13.1  23.3  13.1  65.1  35.0 1531  15.1   6.6   4.6 -9.00  996.0 1013.6 1016.0  831 1011.2 1638  6.9  8.3 14.3 -9.0 26.30  3.51 1200   -9.0   -9.0 -9.00   -9.0   -9   -9.0   -9   -9.0   -9   -9.0   -9   -9.0   -9 -99.0 -99.0 -99.0 -99.0 -99.0
20260524 266  1.5  1288  11  3.0 1011  11  6.1 1359  21.0  26.2 1504  16.6  520  16.8  25.1  15.0  78.8  56.0 1507  19.1   5.8   4.1 -9.00 1003.7 1014.0 1015.8  816 1012.5 1545  7.8  8.7 14.2 -9.0 25.45  3.57 1200   -9.0   -9.0 -9.00   -9.0   -9   -9.0   -9   -9.0   -9   -9.0   -9   -9.0   -9 -99.0 -99.0 -99.0 -99.0 -99.0
20260524 268  1.7  1457  16  4.6 1348  18  7.9 1347  19.2  24.1 1204  14.4  316  15.8  22.3  14.7  82.1  61.0 1148  18.0  -9.0  -9.0 -9.00 1011.1 1012.2 1014.0  734 1011.0 1739  8.4  7.7 14.2 -9.0 -9.00 -9.00   -9   -9.0   -9.0 -9.00   -9.0   -9   -9.0   -9   -9.0   -9   -9.0   -9   -9.0   -9 -99.0 -99.0 -99.0 -99.0 -99.0
20260524 271  1.0   860  16  2.9 1038  18  5.7 1248  18.6  27.5 1552  10.8    1  11.8  25.1   9.1  68.0  33.0 1633  13.9  -9.0  -9.0 -9.00  976.9 1014.3 1017.1  742 1010.6 1632  4.3 10.5 14.4 -9.0 -9.00 -9.00   -9   -9.0   -9.0 -9.00   -9.0   -9   -9.0   -9   -9.0   -9   -9.0   -9   -9.0   -9 -99.0 -99.0 -99.0 -99.0 -99.0
20260524 272  1.3  1132  18  3.5 1705  18  6.1 1700  19.6  27.1 1607  13.9    1  14.8  25.8  14.1  76.4  47.0 1611  16.9  -9.0  -9.0 -9.00  989.5 1014.0 1016.5  811 1010.8 1555  5.1 10.3 14.4 -9.0 -9.00 -9.00   -9   -9.0   -9.0 -9.00   -9.0   -9   -9.0   -9   -9.0   -9   -9.0   -9   -9.0   -9 -99.0 -99.0 -99.0 -99.0 -99.0
20260524 273  1.1   951  16  2.7 1615  14  5.0 1340  19.6  26.7 1510  13.2   11  14.5  23.6   9.4  75.0  48.0 1414  16.5  -9.0  -9.0 -9.00  993.3 1013.4 1015.8  728 1011.0 1544  5.4  9.6 14.4 -9.0 -9.00 -9.00   -9   -9.0   -9.0 -9.00   -9.0   -9   -9.0   -9   -9.0   -9   -9.0   -9   -9.0   -9 -99.0 -99.0 -99.0 -99.0 -99.0
20260524 276  1.3  1104  14  3.9 1645  14  6.8 1641  18.6  28.4 1540   9.9  315  13.6  24.0   7.1  76.5  39.0 1531  15.7   7.0   4.9 -9.00  989.5 1013.7 1016.6  759 1010.4 1600  3.8 10.8 14.3 -9.0 28.00  3.54 1100   -9.0   -9.0 -9.00   -9.0   -9   -9.0   -9   -9.0   -9   -9.0   -9   -9.0   -9 -99.0 -99.0 -99.0 -99.0 -99.0
20260524 277  1.7  1508  16  4.3 1604  18  7.4 1602  16.7  22.3 1209  10.8  533  13.4  22.4   9.9  82.5  62.0 1215  15.4  -9.0  -9.0 -9.00 1010.0 1014.8 1015.9  718 1013.3 1704  3.6 13.4 14.3 -9.0 -9.00 -9.00   -9   -9.0   -9.0 -9.00   -9.0   -9   -9.0   -9   -9.0   -9   -9.0   -9   -9.0   -9 -99.0 -99.0 -99.0 -99.0 -99.0
20260524 278  0.8   684  27  2.3  941  29  4.1 1634  19.2  27.9 1546  10.7  508  14.1  24.9   7.4  76.8  41.0 1434  16.3  -9.0  -9.0 -9.00 1003.6 1013.1 1015.7  642 1010.4 1728  3.3 11.6 14.3 -9.0 -9.00 -9.00   -9   -9.0   -9.0 -9.00   -9.0   -9   -9.0   -9   -9.0   -9   -9.0   -9   -9.0   -9 -99.0 -99.0 -99.0 -99.0 -99.0
20260524 279  0.9   809  11  2.3 1339  18  4.2 1650  19.8  28.0 1515  12.9  519  14.0  24.5  10.4  73.3  36.0 1510  16.1   6.3   4.4 -9.00 1008.1 1013.9 1016.6  916 1011.4 1715  4.1  8.0 14.3 -9.0 24.33  3.49 1100   -9.0   -9.0 -9.00   -9.0   -9   -9.0   -9   -9.0   -9   -9.0   -9   -9.0   -9 -99.0 -99.0 -99.0 -99.0 -99.0
20260524 281  1.2  1046  11  3.5 1643  14  5.6 1639  18.8  26.6 1411  10.4  531  13.8  23.4   7.6  75.8  46.0 1413  15.9  -9.0  -9.0 -9.00 1003.3 1014.6 1016.8  743 1012.4 1716  5.0 11.8 14.3 -9.0 -9.00 -9.00   -9   -9.0   -9.0 -9.00   -9.0   -9   -9.0   -9   -9.0   -9   -9.0   -9   -9.0   -9 -99.0 -99.0 -99.0 -99.0 -99.0
20260524 283  1.6  1400  11  4.1 1624  11  6.4 1505  19.3  27.3 1449  12.3  412  14.7  22.0   9.2  77.5  49.0 1335  16.8   6.7   4.7 -9.00 1009.9 1014.6 1016.8  756 1012.6 1651  5.3  8.9 14.3 -9.0 26.67  3.63 1200   -9.0   -9.0 -9.00   -9.0   -9   -9.0   -9   -9.0   -9   -9.0   -9   -9.0   -9 -99.0 -99.0 -99.0 -99.0 -99.0
20260524 284  1.5  1321  14  4.0 1605  16  5.8 1607  19.6  26.2 1508  13.5  342  15.1  23.5  11.0  77.0  56.0 1432  17.2   6.1   4.3 -9.00  986.2 1012.6 1015.0  831 1010.3 1639  6.6  9.2 14.3 -9.0 25.59  3.43 1100   -9.0   -9.0 -9.00   -9.0   -9   -9.0   -9   -9.0   -9   -9.0   -9   -9.0   -9 -99.0 -99.0 -99.0 -99.0 -99.0
20260524 285  0.8   652   9  2.1 1103   2  4.6 1412  20.2  27.3 1513  13.7  608  15.7  24.4  13.3  78.6  49.0 1446  18.0  -9.0  -9.0 -9.00 1010.9 1014.0 1016.7  858 1011.8 1651  7.0  7.1 14.3 -9.0 -9.00 -9.00   -9   -9.0   -9.0 -9.00   -9.0   -9   -9.0   -9   -9.0   -9   -9.0   -9   -9.0   -9 -99.0 -99.0 -99.0 -99.0 -99.0
20260524 288  1.2  1008  14  3.1 1843  23  4.9 1519  20.9  28.3 1526  13.1  510  16.1  24.5  12.7  76.1  53.0 1337  18.5   6.2   4.3 -9.00 1011.5 1012.5 1014.6  724 1010.4 1709  6.3  9.5 14.2 -9.0 25.89  3.44 1100   -9.0   -9.0 -9.00   -9.0   -9   -9.0   -9   -9.0   -9   -9.0   -9   -9.0   -9 -99.0 -99.0 -99.0 -99.0 -99.0
20260524 289  1.0   831   5  2.9 1241   9  5.6 1049  20.5  27.0 1356  14.4  423  16.1  24.5  12.2  77.9  51.0 1341  18.3  -9.0  -9.0 -9.00  998.2 1014.2 1016.9  847 1012.2 1646  7.4  7.7 14.3 -9.0 -9.00 -9.00   -9   -9.0   -9.0 -9.00   -9.0   -9   -9.0   -9   -9.0   -9   -9.0   -9   -9.0   -9 -99.0 -99.0 -99.0 -99.0 -99.0
20260524 294  2.0  1708   7  3.3 1229  11  6.7 1229  19.2  23.5 1303  15.6  414  14.8  24.1  12.9  76.6  55.0 1115  16.9  -9.0  -9.0 -9.00 1009.4 1014.7 1016.3  840 1013.6 1800  7.8  6.6 14.2 -9.0 -9.00 -9.00   -9   -9.0   -9.0 -9.00   -9.0   -9   -9.0   -9   -9.0   -9   -9.0   -9   -9.0   -9 -99.0 -99.0 -99.0 -99.0 -99.0
20260524 295  1.0   823   7  3.1 1420   7  5.0 1411  20.0  24.7 1353  15.1  407  15.8  23.6  11.9  78.1  56.0 1407  17.9  -9.0  -9.0 -9.00 1008.6 1013.9 1016.0  843 1012.6 1739 -9.0  6.9 14.2 -9.0 -9.00 -9.00   -9   -9.0   -9.0 -9.00   -9.0   -9   -9.0   -9   -9.0   -9   -9.0   -9   -9.0   -9 -99.0 -99.0 -99.0 -99.0 -99.0
20260524 296  1.7  1509   5  3.3  803   9  6.5 1553  21.1  27.6 1447  15.0  513  15.8  22.3  11.5  73.6  52.0 1427  18.0   5.9   4.1 -9.00 1013.0 1013.3 1015.0  840 1011.7 1553  7.8  7.0 14.2 -9.0 23.58  3.25 1200   -9.0   -9.0 -9.00   -9.0   -9   -9.0   -9   -9.0   -9   -9.0   -9   -9.0   -9 -99.0 -99.0 -99.0 -99.0 -99.0
20260525  90  2.0  1689  36  4.5 1215   2  6.5 1151  16.1  18.3 1512  13.5  415  14.9  21.5  12.3  93.1  83.0 1417  17.0   3.2   2.2 -9.00 1009.2 1011.3 1013.3    3 1009.1 1845  6.4  2.5 14.5 -9.0 18.86  2.37 1400   -9.0   -9.0 -9.00   -9.0   -9   -9.0   -9   -9.0   -9   -9.0   -9   -9.0   -9 -99.0 -99.0 -99.0 -99.0 -99.0
20260525  93  0.8   705  23  3.3 1509  23  6.2 1418  22.1  30.2 1642  13.8  551  16.3  27.1  12.8  73.4  40.0 1643  18.5   6.3   4.4 -9.00 1000.0 1011.0 1013.9  635 1007.9 1757  5.5 11.9 14.5 -9.0 26.41  3.10 1300   -9.0   -9.0 -9.00   -9.0   -9   -9.0   -9   -9.0   -9   -9.0   -9   -9.0   -9  20.7  19.0  17.0  13.3  12.3
20260525  95  0.9   780  27  2.7 1446  29  5.4 1446  22.2  29.0 1614  14.0  511  16.2  24.4  10.6  72.9  40.0 1603  18.6   6.0   4.2 -9.00  993.2 1011.0 1013.7  320 1008.0 1736  5.5 11.1 14.5 -9.0 25.63  2.91 1000   -9.0   -9.0 -9.00   -9.0   -9   -9.0   -9   -9.0   -9   -9.0   -9   -9.0   -9 -99.0 -99.0 -99.0 -99.0 -99.0
20260525  98  0.9   778  25  2.4 1715  27  5.4 1735  22.7  29.9 1407  14.6  522  15.5  26.4  11.6  66.8  38.0 1415  17.6   6.3   4.4 -9.00  997.2 1010.5 1012.9  747 1007.9 1746  5.1 11.3 14.5 -9.0 25.78  3.22 1200   -9.0   -9.0 -9.00   -9.0   -9   -9.0   -9   -9.0   -9   -9.0   -9   -9.0   -9 -99.0 -99.0 -99.0 -99.0 -99.0
20260525  99  0.9   746  34  2.6 1819  27  5.8 1247  21.9  28.7 1349  14.5  408  17.4  24.9  11.6  78.3  51.0 1358  19.9   5.6   3.9 -9.00 1007.6 1011.1 1013.6  823 1009.0 1732  4.8 10.5 14.5 -9.0 24.83  2.99 1300   -9.0   -9.0 -9.00   -9.0   -9   -9.0   -9   -9.0   -9   -9.0   -9   -9.0   -9 -99.0 -99.0 -99.0 -99.0 -99.0
20260525 100  1.2  1043  11  4.3 1305  11  6.7 1327  17.5  25.5 1150   7.1  509  12.9  22.6   3.8  77.6  41.0 1104  15.1   6.0   4.2 -9.00  924.7 1011.3 1016.6  508 1007.1 1802  5.4 12.5 14.5 -9.0 27.51  3.45 1100   -9.0   -9.0 -9.00   -9.0   -9   -9.0   -9   -9.0   -9   -9.0   -9   -9.0   -9 -99.0 -99.0 -99.0 -99.0 -99.0
20260525 101  1.3  1156  25  3.9 1624  25  6.1 1410  22.3  30.0 1638  14.3  539  15.5  26.9  10.7  68.9  40.0 1616  17.7   6.5   4.6 -9.00 1001.3 1010.0 1013.0  640 1006.7 1815  5.5 11.2 14.5 -9.0 26.16  3.17 1300   -9.0   -9.0 -9.00   -9.0   -9   -9.0   -9   -9.0   -9   -9.0   -9   -9.0   -9  19.7  17.2  15.5  14.0  15.2
20260525 102  1.8  1578  16  4.9 1302  18  9.8 1338  19.3  23.8 1208  14.2  314  15.3  26.7  10.3  79.0  58.0 1532  17.4   5.1   3.6  2.17 1005.3 1009.5 1011.7  929 1007.3 2350  5.3 10.0 14.5 -9.0 25.90  3.28 1400    1.5   -9.0  2.00    1.5 2102    0.9 2152   -9.0   -9   -9.0   -9   -9.0   -9 -99.0 -99.0 -99.0 -99.0 -99.0
20260525 104  1.0   852   5  3.0 1149   2  4.7  834  17.7  21.2 1509  13.8  449  16.5  22.9  10.7  93.5  80.0 1356  18.8   4.6   3.2 -9.00 1001.1 1009.9 1012.1   16 1007.8 1831  5.6 11.6 14.5 -9.0 26.44  3.27 1100   -9.0   -9.0 -9.00   -9.0   -9   -9.0   -9   -9.0   -9   -9.0   -9   -9.0   -9  19.2  17.4  15.9  12.7  13.1
20260525 105  1.1   925  34  2.8 1223   9  5.1 1149  19.5  22.5 1142  15.1  418  16.0  24.0  11.8  81.0  68.0 1354  18.2   4.9   3.4 -9.00 1007.9 1011.1 1013.2  912 1009.0 1827  5.5 11.5 14.5 -9.0 25.06  3.13 1100   -9.0   -9.0 -9.00   -9.0   -9   -9.0   -9   -9.0   -9   -9.0   -9   -9.0   -9  20.2 -99.0  16.4  13.5 -99.0
20260525 106  1.4  1251   2  4.2  943   5  5.5  941  17.6  21.2 1430  14.2  503  16.2  24.3  10.5  92.1  77.0 1035  18.5   4.1   2.9 -9.00 1006.6 1011.4 1013.5   27 1009.3 2358  6.0  7.6 14.4 -9.0 23.65  3.28 1100   -9.0   -9.0 -9.00   -9.0   -9   -9.0   -9   -9.0   -9   -9.0   -9   -9.0   -9 -99.0 -99.0 -99.0 -99.0 -99.0
20260525 108  1.9  1646  32  4.2 2047  32  8.1 2041  24.4  29.8 1632  17.9  522  16.6  24.0  14.8  63.6  44.0 1656  19.0   6.9   4.8 -9.00 1000.6 1010.4 1012.7  819 1007.9 1759  4.9 10.4 14.4 -9.0 24.64  3.19 1000   -9.0   -9.0 -9.00   -9.0   -9   -9.0   -9   -9.0   -9   -9.0   -9   -9.0   -9  20.0  17.6  16.9  14.0  13.5
20260525 112  1.9  1676  25  3.9 1158  25  6.3 1153  23.6  27.9 1642  18.0  526  17.9  26.0  13.5  71.8  55.0 1423  20.5   6.9   4.8 -9.00 1002.4 1010.3 1012.3    1 1008.2 1748  5.0 12.2 14.4 -9.0 27.22  3.49 1200   -9.0   -9.0 -9.00   -9.0   -9   -9.0   -9   -9.0   -9   -9.0   -9   -9.0   -9  19.2  17.3  13.2  15.1  13.4
20260525 114  1.0   880  29  3.5 1225  32  6.7 1218  23.2  29.6 1511  15.4  524  15.9  26.3  10.9  66.3  43.0 1506  18.1   6.3   4.4 -9.00  993.3 1010.5 1013.3  508 1007.6 1814  4.8 11.0 14.4 -9.0 24.86  3.17 1000   -9.0   -9.0 -9.00   -9.0   -9   -9.0   -9   -9.0   -9   -9.0   -9   -9.0   -9 -99.0 -99.0 -99.0 -99.0 -99.0
20260525 115  2.8  2408  23  4.6 2237  23  7.1 2313  18.6  21.4 1424  14.9    1  17.0  20.6  12.2  91.1  85.0 1428  19.4   4.0   2.8 -9.00  987.0 1012.7 1015.0    1 1011.0 1819  6.6  2.3 14.4 -9.0 18.32  2.29 1400   -9.0   -9.0 -9.00   -9.0   -9   -9.0   -9   -9.0   -9   -9.0   -9   -9.0   -9  17.7  15.5  14.8  12.1  13.1
20260525 119  1.5  1299  16  3.2 1130  23  5.5 1410  23.4  29.6 1635  15.7  447  16.9  26.6  13.0  69.0  45.0 1631  19.3   6.3   4.4 -9.00 1005.6 1010.1 1012.5    1 1007.5 1817  4.6 10.1 14.4 -9.0 24.32  2.89 1300   -9.0   -9.0 -9.00   -9.0   -9   -9.0   -9   -9.0   -9   -9.0   -9   -9.0   -9  20.0  17.1  15.2  12.3  12.4
20260525 121  0.8   709  32  2.4 1200  27  4.7 1210  21.4  29.5 1612  12.7  531  15.8  25.4  10.4  73.8  47.0 1200  18.0   5.1   3.5 -9.00  983.7 1011.3 1015.0  525 1007.9 1811  4.9  8.8 14.4 -9.0 22.15  3.52 1100   -9.0   -9.0 -9.00   -9.0   -9   -9.0   -9   -9.0   -9   -9.0   -9   -9.0   -9 -99.0 -99.0 -99.0 -99.0 -99.0
20260525 127  0.9   803  25  2.7 1242  25  4.9 1235  23.0  30.4 1550  14.3  505  16.0  24.3  12.3  67.5  42.0 1556  18.3   6.3   4.4 -9.00  996.6 1009.8 1012.6  413 1007.0 1800  4.4 10.3 14.4 -9.0 25.44  3.06 1000   -9.0   -9.0 -9.00   -9.0   -9   -9.0   -9   -9.0   -9   -9.0   -9   -9.0   -9 -99.0 -99.0 -99.0 -99.0 -99.0
20260525 129  1.6  1340  23  4.3 1250  23  6.4 1235  22.8  29.2 1511  14.6  514  17.6  26.4  11.7  74.5  51.0 1510  20.3   5.9   4.2 -9.00 1007.4 1010.3 1012.9    1 1008.1 1811  3.8  8.9 14.4 -9.0 24.04  3.30 1300   -9.0   -9.0 -9.00   -9.0   -9   -9.0   -9   -9.0   -9   -9.0   -9   -9.0   -9  19.5  17.0  17.4  13.4  14.7
20260525 130  2.3  1959  16  4.3  908  14  7.4 1401  18.0  20.7 1003  14.8  404  16.8  21.8  12.0  93.1  81.0 1004  19.2  -9.0  -9.0 -9.00 1005.7 1011.4 1013.9   54 1009.5 1827  3.8  6.1 14.4 -9.0 -9.00 -9.00   -9   -9.0   -9.0 -9.00   -9.0   -9   -9.0   -9   -9.0   -9   -9.0   -9   -9.0   -9 -99.0 -99.0 -99.0 -99.0 -99.0
20260525 131  0.9   804   7  2.3  931   9  4.4 1752  25.6  31.1 1537  18.6  438  16.8  26.9  15.1  59.9  42.0 1542  19.2   6.7   4.7 -9.00 1003.1 1009.8 1012.5   19 1007.3 1736  4.3 10.3 14.4 -9.0 27.07  3.17 1000   -9.0   -9.0 -9.00   -9.0   -9   -9.0   -9   -9.0   -9   -9.0   -9   -9.0   -9 -99.0 -99.0 -99.0 -99.0 -99.0
20260525 133  1.1   976  34  2.8 1606  34  4.7 1604  24.6  30.9 1600  16.7  528  17.6  25.9  14.5  67.0  48.0 1325  20.2   5.7   4.0 -9.00 1002.6 1010.4 1012.9    1 1007.8 1856  4.4  9.1 14.4 -9.0 24.02  3.06 1000   -9.0   -9.0 -9.00   -9.0   -9   -9.0   -9   -9.0   -9   -9.0   -9   -9.0   -9  21.8  19.8  17.9  15.2  15.7
20260525 135  0.8   665   7  4.2 1032   9  6.6 1023  21.5  28.4 1422  13.6  531  16.8  24.0  12.8  76.5  56.0 1609  19.3   5.0   3.5 -9.00  982.4 1010.5 1013.7   36 1007.6 1703  3.3 10.1 14.3 -9.0 25.07  3.23 1000   -9.0   -9.0 -9.00   -9.0   -9   -9.0   -9   -9.0   -9   -9.0   -9   -9.0   -9 -99.0 -99.0 -99.0 -99.0 -99.0
20260525 136  1.0   823  29  2.5 1226  25  4.5 1217  23.0  29.6 1501  14.8  529  17.3  29.6  14.0  72.8  50.0 1503  19.9   6.4   4.5 -9.00  995.5 1011.7 1014.8   40 1008.8 1726  4.6 10.5 14.4 -9.0 27.33  3.57 1200   -9.0   -9.0 -9.00   -9.0   -9   -9.0   -9   -9.0   -9   -9.0   -9   -9.0   -9 -99.0 -99.0 -99.0 -99.0 -99.0
20260525 137  0.6   505  14  1.8 1622  16  3.3 1622  22.7  29.9 1607  14.3  544  17.7  27.9  12.8  75.8  52.0 1529  20.5   6.2   4.3 -9.00  998.9 1010.0 1012.8   16 1007.1 1802  4.1 11.9 14.4 -9.0 27.67  3.56 1200   -9.0   -9.0 -9.00   -9.0   -9   -9.0   -9   -9.0   -9   -9.0   -9   -9.0   -9 -99.0 -99.0 -99.0 -99.0 -99.0
20260525 138  2.1  1837  11  5.1 1517  16  7.4 1646  22.3  27.2 1549  16.2  325  17.5  25.3  12.2  75.5  57.0 1741  20.1   5.6   3.9 -9.00 1010.5 1011.0 1014.2  128 1008.6 1657  3.9  9.8 14.3 -9.0 23.14  3.27 1100   -9.0   -9.0 -9.00   -9.0   -9   -9.0   -9   -9.0   -9   -9.0   -9   -9.0   -9  19.3  17.5  16.5  15.0  15.6
20260525 140  1.5  1283  18  4.1 1517  20  5.9 1517  23.4  29.9 1529  16.4  357  18.5  24.0  12.8  75.4  57.0 1312  21.4  -9.0  -9.0 -9.00 1007.6 1010.8 1013.8    1 1008.7 1807  3.3  6.6 14.3 -9.0 -9.00 -9.00   -9   -9.0   -9.0 -9.00   -9.0   -9   -9.0   -9   -9.0   -9   -9.0   -9   -9.0   -9 -99.0 -99.0 -99.0 -99.0 -99.0
20260525 143  1.6  1394  14  3.2   14  18  5.6 1846  24.2  31.8 1616  16.9  451  16.8  27.0  15.3  65.4  41.0 1620  19.2   6.4   4.5 -9.00 1004.2 1010.4 1013.5  100 1007.5 1713  3.5 10.3 14.3 -9.0 24.93  3.40 1100   -9.0   -9.0 -9.00   -9.0   -9   -9.0   -9   -9.0   -9   -9.0   -9   -9.0   -9 -99.0 -99.0 -99.0 -99.0 -99.0
20260525 146  1.9  1660  20  4.4 1348  16  8.8 1445  25.0  30.5 1424  18.0  517  17.9  26.9  14.3  66.8  48.0 1426  20.6   6.8   4.7 -9.00 1003.1 1010.0 1013.1   14 1007.9 1656  2.8 10.3 14.3 -9.0 25.21  3.44 1300   -9.0   -9.0 -9.00   -9.0   -9   -9.0   -9   -9.0   -9   -9.0   -9   -9.0   -9 -99.0 -99.0 -99.0 -99.0 -99.0
20260525 152  1.2  1060  14  3.2 1407  11  5.7 1117  21.7  27.2 1449  16.2  403  17.0  24.8  14.8  76.1  58.0 1508  19.5   6.2   4.4 -9.00 1001.8 1011.1 1013.7    1 1009.2 1649  4.3 11.2 14.3 -9.0 26.54  3.50 1200   -9.0   -9.0 -9.00   -9.0   -9   -9.0   -9   -9.0   -9   -9.0   -9   -9.0   -9 -99.0 -99.0 -99.0 -99.0 -99.0
20260525 155  1.5  1331  14  3.5 1207  16  5.8 1255  22.7  28.0 1425  17.6  316  18.5  27.1  15.8  78.4  63.0 1215  21.4   5.8   4.1 -9.00 1007.3 1011.3 1013.8    1 1009.2 1717  6.4  9.5 14.2 -9.0 24.62  3.25 1200   -9.0   -9.0 -9.00   -9.0   -9   -9.0   -9   -9.0   -9   -9.0   -9   -9.0   -9 -99.0 -99.0 -99.0 -99.0 -99.0
20260525 156  1.8  1528  16  5.0 1110  11  9.0 1102  24.1  28.7 1446  19.1  439  18.8  26.0  15.6  73.0  60.0 1741  21.8   4.6   3.2 -9.00 1001.2 1009.2 1012.1    7 1007.2 2358  6.4  2.4 14.3 -9.0 16.26  2.57 1000   -9.0   -9.0 -9.00   -9.0   -9   -9.0   -9   -9.0   -9   -9.0   -9   -9.0   -9 -99.0 -99.0 -99.0 -99.0 -99.0
20260525 159  1.9  1617  23  3.3 1458  18  5.1 1038  22.8  28.6 1446  18.5  426  17.9  27.0  15.4  74.6  57.0 1423  20.6   6.6   4.6 -9.00 1003.1 1011.1 1013.3    1 1009.2 1731  5.3 10.2 14.2 -9.0 26.98  3.64 1200   -9.0   -9.0 -9.00   -9.0   -9   -9.0   -9   -9.0   -9   -9.0   -9   -9.0   -9  20.1  18.9  18.2  15.5  16.7
20260525 162  2.1  1807   5  4.8  542   2  7.2  155  22.1  27.8 1319  18.4  331  18.0  27.1  16.7  78.5  60.0 1258  20.6   4.8   3.4 -9.00 1006.9 1010.6 1012.9    1 1008.6 1722  6.4  5.0 14.2 -9.0 21.20  2.92 1000   -9.0   -9.0 -9.00   -9.0   -9   -9.0   -9   -9.0   -9   -9.0   -9   -9.0   -9 -99.0 -99.0 -99.0 -99.0 -99.0
20260525 165  4.0  3487  14  7.9  907  16 11.8 1613  23.5  27.3 1332  18.6    1  18.9  24.9  17.1  76.0  62.0 1532  21.9   6.6   4.6 -9.00 1004.6 1009.7 1013.1   40 1007.5 2356  6.3  5.5 14.2 -9.0 22.22  3.06 1400   -9.0   -9.0 -9.00   -9.0   -9   -9.0   -9   -9.0   -9   -9.0   -9   -9.0   -9  20.8  19.1  17.0  15.4  14.5
20260525 168  2.5  2138   9  5.2  718   9  8.2  632  22.4  26.6 1543  18.9  308  18.5  27.6  18.7  79.1  65.0 1601  21.3   5.2   3.6 -9.00 1003.7 1011.3 1013.6    3 1009.5 1711  8.8  3.3 14.2 -9.0 20.64  3.20 1200    0.0   -9.0  0.10    0.0   -9    0.0   -9   -9.0   -9   -9.0   -9   -9.0   -9  21.1  18.9  17.4  15.7  16.5
20260525 169  8.3  7172  14 15.0 2256  14 20.5 1638  19.1  22.5 1455  16.1  345  16.8  21.9  16.2  87.4  76.0 1455  19.1   4.2   2.9 -9.00 1000.3 1009.0 1012.9   16 1006.4 2324  7.9  2.4 14.2 -9.0 16.45  2.54 1400   -9.0   -9.0 -9.00   -9.0   -9   -9.0   -9   -9.0   -9   -9.0   -9   -9.0   -9 -99.0 -99.0 -99.0 -99.0 -99.0
20260525 170  3.8  3307  11  6.7 1642  14  9.9 1650  22.8  27.7 1313  19.2    1  18.9  24.9  19.1  79.4  64.0 1317  21.8   4.7   3.3 -9.00 1006.4 1010.5 1013.2    1 1008.7 1641  8.6  1.7 14.2 -9.0 16.11  3.07 1100    0.0   -9.0 -9.00    0.0   -9    0.0   -9   -9.0   -9   -9.0   -9   -9.0   -9 -99.0 -99.0 -99.0 -99.0 -99.0
20260525 172  2.6  2211  16  5.4 1323  20 10.1  944  23.4  28.7 1325  16.7  102  18.0  22.9  13.0  73.4  55.0 1326  20.6   5.4   3.8 -9.00 1003.6 1009.6 1012.9    1 1007.7 2329  5.0  4.5 14.3 -9.0 17.59  3.14 1300   -9.0   -9.0 -9.00   -9.0   -9   -9.0   -9   -9.0   -9   -9.0   -9   -9.0   -9 -99.0 -99.0 -99.0 -99.0 -99.0
20260525 174  1.6  1415  14  4.7 1138  11  9.8 1344  21.7  27.2 1447  17.2  243  17.2  24.7  17.4  77.1  56.0 1432  19.6  -9.0  -9.0 -9.00  990.6 1009.5 1012.2   41 1007.6 1659  7.1  5.3 14.2 -9.0 -9.00 -9.00   -9   -9.0   -9.0 -9.00   -9.0   -9   -9.0   -9   -9.0   -9   -9.0   -9   -9.0   -9 -99.0 -99.0 -99.0 -99.0 -99.0
20260525 177  1.2  1025  16  2.7 1212  20  5.2 1320  23.7  30.4 1605  15.7  535  18.3  26.5  13.6  74.1  52.0 1419  21.2   5.7   4.0 -9.00 1005.8 1009.0 1011.8    1 1006.6 1747  5.1  8.9 14.4 -9.0 23.68  2.96 1000   -9.0   -9.0 -9.00   -9.0   -9   -9.0   -9   -9.0   -9   -9.0   -9   -9.0   -9 -99.0 -99.0 -99.0 -99.0 -99.0
20260525 181  0.9   759   2  2.8  852  16  4.2 1348  23.3  30.2 1602  15.2  533  17.4  24.6  11.4  72.1  48.0 1612  20.0   5.8   4.1 -9.00 1006.6 1010.5 1013.1    8 1008.0 1734  4.3  9.4 14.4 -9.0 25.00  3.01 1200   -9.0   -9.0 -9.00   -9.0   -9   -9.0   -9   -9.0   -9   -9.0   -9   -9.0   -9 -99.0 -99.0 -99.0 -99.0 -99.0
20260525 184  4.3  3752  16  7.8 1432  16 15.9 1640  23.9  27.9 1414  20.3  138  19.0  27.0  18.5  74.8  59.0 1415  22.1   6.1   4.3 -9.00 1005.8 1008.2 1010.8    2 1006.1 2356  7.0  5.5 14.1 -9.0 18.08  3.51 1300    0.0    0.0  4.83    0.0   -9    0.0   -9   -9.0   -9   -9.0   -9   -9.0   -9  21.6  20.2  19.6  17.3  16.4
20260525 185  7.5  6507  11 11.8 2357  11 18.3 1448  22.6  25.5 1432  21.4  945  20.4  24.5  21.1  87.9  74.0 1433  24.0   5.0   3.5 -9.00  999.8 1007.9 1011.3    1 1005.6 2355  8.3  5.2 14.1 -9.0 18.53  3.36 1300    1.2   -9.0 -9.00    1.2  852    0.3  858   -9.0   -9   -9.0   -9   -9.0   -9 -99.0 -99.0 -99.0 -99.0 -99.0
20260525 188  2.1  1800  11  4.7 2104  14  6.4 2356  21.8  23.3 1632  20.3   28  20.3  22.1  19.6  91.5  84.0 1530  23.8  -9.0  -9.0 -9.00 1007.8 1010.2 1012.7    1 1008.4 2355  9.4  0.0 14.1 -9.0 -9.00 -9.00   -9    0.8   -9.0 -9.00    0.8    1    0.7   10   -9.0   -9   -9.0   -9   -9.0   -9 -99.0 -99.0 -99.0 -99.0 -99.0
20260525 189  2.7  2310   7  3.7 1257   7  7.4 2036  22.1  22.6 1523  21.5 1249  20.5  22.3  21.1  91.1  82.0   49  24.2   1.2   0.8 -9.00 1004.0 1010.0 1012.1    1 1008.3 1807  9.9  0.0 14.1 -9.0  3.19  0.66 1400   14.8   41.7 11.12    5.5 1021    1.3 1000   -9.0   -9   -9.0   -9   -9.0   -9 -99.0 -99.0 -99.0 -99.0 -99.0
20260525 192  0.7   590  -9 -9.0   -9  -9 -9.0   -9  22.6  27.8 1129  17.2  420  18.5  26.0  16.8  78.8  59.0 1641  21.4   3.3   2.3 -9.00 1007.8 1011.2 1013.6   54 1009.1 1657  6.8  6.7 14.2 -9.0 20.14  2.69 1000   -9.0   -9.0 -9.00   -9.0   -9   -9.0   -9   -9.0   -9   -9.0   -9   -9.0   -9 -99.0 -99.0 -99.0 -99.0 -99.0
20260525 201  1.4  1180  27  3.5 1240  27  5.7 1418  21.6  26.9 1522  14.7  215  17.3  24.0  10.1  78.3  57.0 1432  19.8  -9.0  -9.0 -9.00 1005.7 1011.3 1013.3  800 1009.3 2400  4.6 11.6 14.5 -9.0 -9.00 -9.00   -9   -9.0   -9.0 -9.00   -9.0   -9   -9.0   -9   -9.0   -9   -9.0   -9   -9.0   -9 -99.0 -99.0 -99.0 -99.0 -99.0
20260525 202  0.9   755  18  2.9 1037  20  5.2 1331  22.5  28.8 1339  15.3  529  16.2  26.9  11.9  70.1  47.0 1656  18.4  -9.0  -9.0 -9.00 1005.4 1010.9 1013.4  835 1008.2 1827  4.5 10.5 14.4 -9.0 -9.00 -9.00   -9   -9.0   -9.0 -9.00   -9.0   -9   -9.0   -9   -9.0   -9   -9.0   -9   -9.0   -9 -99.0 -99.0 -99.0 -99.0 -99.0
20260525 203  0.5   456  16  1.8 1309  18  4.8 1342  22.9  29.6 1457  14.9  523  17.7  27.2  13.0  75.8  49.0 1651  20.4  -9.0  -9.0 -9.00 1001.8 1011.0 1013.6  802 1008.3 1834  4.5  8.1 14.4 -9.0 -9.00 -9.00   -9   -9.0   -9.0 -9.00   -9.0   -9   -9.0   -9   -9.0   -9   -9.0   -9   -9.0   -9 -99.0 -99.0 -99.0 -99.0 -99.0
20260525 211  1.0   840  25  2.7 1625  25  4.7 1616  20.6  29.0 1525  12.6  518  14.6  25.3   8.6  71.9  40.0 1333  16.7  -9.0  -9.0 -9.00  987.5 1010.8 1014.2  410 1007.4 1803  6.4  8.1 14.5 -9.0 -9.00 -9.00   -9   -9.0   -9.0 -9.00   -9.0   -9   -9.0   -9   -9.0   -9   -9.0   -9   -9.0   -9 -99.0 -99.0 -99.0 -99.0 -99.0
20260525 212  0.9   807  27  3.2 1454  25  6.5 1427  21.8  29.6 1535  13.7  536  14.8  26.2  10.7  68.0  40.0 1556  16.9  -9.0  -9.0 -9.00  995.1 1011.3 1014.2  622 1008.2 1810  5.6 10.6 14.5 -9.0 -9.00 -9.00   -9   -9.0   -9.0 -9.00   -9.0   -9   -9.0   -9   -9.0   -9   -9.0   -9   -9.0   -9 -99.0 -99.0 -99.0 -99.0 -99.0
20260525 216  1.0   884  16  3.1 1328  18  6.1 1233  19.1  27.1 1549   9.7  520  12.6  21.3   8.5  70.0  39.0 1550  14.7   6.5   4.5 -9.00  931.3 1011.3 1016.2  533 1007.4 1618  4.6 10.3 14.4 -9.0 25.92  3.57 1100   -9.0   -9.0 -9.00   -9.0   -9   -9.0   -9   -9.0   -9   -9.0   -9   -9.0   -9 -99.0 -99.0 -99.0 -99.0 -99.0
20260525 217  1.0   832  18  3.2 1641  25  6.0 1602  20.4  30.3 1432  11.4  528  13.9  28.6  10.5  70.3  40.0 1433  16.0  -9.0  -9.0 -9.00  975.9 1011.6 1015.8  522 1007.7 1704  5.6  9.6 14.4 -9.0 -9.00 -9.00   -9   -9.0   -9.0 -9.00   -9.0   -9   -9.0   -9   -9.0   -9   -9.0   -9   -9.0   -9 -99.0 -99.0 -99.0 -99.0 -99.0
20260525 221  1.0   860  23  3.3 1453  25  5.4 1426  21.1  28.4 1537  12.8  537  15.3  26.2  10.4  73.3  45.0 1515  17.5  -9.0  -9.0 -9.00  980.6 1010.9 1014.1  412 1007.8 1808  4.6 11.2 14.4 -9.0 -9.00 -9.00   -9   -9.0   -9.0 -9.00   -9.0   -9   -9.0   -9   -9.0   -9   -9.0   -9   -9.0   -9 -99.0 -99.0 -99.0 -99.0 -99.0
20260525 226  0.9   753  20  2.7 1149  18  4.8 1142  22.1  29.1 1418  13.6  521  17.1  24.3   9.4  76.0  49.0 1401  19.6  -9.0  -9.0 -9.00  991.1 1010.7 1013.6   16 1008.0 1737  4.1 10.5 14.4 -9.0 -9.00 -9.00   -9   -9.0   -9.0 -9.00   -9.0   -9   -9.0   -9   -9.0   -9   -9.0   -9   -9.0   -9 -99.0 -99.0 -99.0 -99.0 -99.0
20260525 232  0.8   720  14  2.4 1408  16  4.5 1158  22.8  29.3 1445  14.5  456  18.0  26.4  12.5  77.0  51.0 1448  20.8  -9.0  -9.0 -9.00 1001.2 1010.9 1013.6    1 1008.4 1747  3.1 11.0 14.4 -9.0 -9.00 -9.00   -9   -9.0   -9.0 -9.00   -9.0   -9   -9.0   -9   -9.0   -9   -9.0   -9   -9.0   -9 -99.0 -99.0 -99.0 -99.0 -99.0
20260525 235  1.2  1051  18  3.3 1438  23  5.0 1437  23.4  30.6 1356  16.6  226  18.7  24.7  13.8  76.8  52.0 1404  21.7   5.8   4.0 -9.00 1008.4 1009.5 1012.0    1 1007.4 1826  3.5  8.1 14.3 -9.0 22.92  3.46 1300   -9.0   -9.0 -9.00   -9.0   -9   -9.0   -9   -9.0   -9   -9.0   -9   -9.0   -9 -99.0 -99.0 -99.0 -99.0 -99.0
20260525 236  0.8   684  20  2.4 1651  18  4.4 1703  23.4  30.3 1528  16.2  523  19.0  25.8  14.4  78.8  54.0 1416  22.0  -9.0  -9.0 -9.00 1009.0 1010.6 1013.1    1 1008.3 1744  4.6  7.1 14.3 -9.0 -9.00 -9.00   -9   -9.0   -9.0 -9.00   -9.0   -9   -9.0   -9   -9.0   -9   -9.0   -9   -9.0   -9 -99.0 -99.0 -99.0 -99.0 -99.0
20260525 238  0.7   636  16  2.0 1146  16  3.5 1137  22.9  30.0 1510  14.6  444  17.8  24.9  11.8  75.5  51.0 1537  20.5  -9.0  -9.0 -9.00  990.4 1009.9 1013.0   32 1007.3 1659  3.5  8.1 14.3 -9.0 -9.00 -9.00   -9   -9.0   -9.0 -9.00   -9.0   -9   -9.0   -9   -9.0   -9   -9.0   -9   -9.0   -9 -99.0 -99.0 -99.0 -99.0 -99.0
20260525 239  1.0   860  25  2.2 1915   7  3.4  854  23.3  30.2 1642  15.8  532  18.1  25.8  14.1  75.0  49.0 1651  20.8   5.6   3.9 -9.00  999.6 1009.8 1012.7    4 1007.1 1733  4.6  8.6 14.4 -9.0 24.22  2.97 1100   -9.0   -9.0 -9.00   -9.0   -9   -9.0   -9   -9.0   -9   -9.0   -9   -9.0   -9 -99.0 -99.0 -99.0 -99.0 -99.0
20260525 243  1.4  1188  18  3.8 1157  18  6.1 1145  23.5  29.2 1531  16.7  236  17.7  24.4  13.4  71.5  54.0 1539  20.2  -9.0  -9.0 -9.00 1008.9 1010.3 1013.1    4 1008.3 2357  3.4  7.0 14.3 -9.0 -9.00 -9.00   -9   -9.0   -9.0 -9.00   -9.0   -9   -9.0   -9   -9.0   -9   -9.0   -9   -9.0   -9 -99.0 -99.0 -99.0 -99.0 -99.0
20260525 244  1.4  1225  27  4.0 1054  29  7.7 1352  22.4  28.3 1248  15.9  158  17.7  24.2  12.7  76.6  57.0 1343  20.2  -9.0  -9.0 -9.00  982.1 1010.2 1013.4   36 1008.1 1614  4.8 10.1 14.3 -9.0 -9.00 -9.00   -9   -9.0   -9.0 -9.00   -9.0   -9   -9.0   -9   -9.0   -9   -9.0   -9   -9.0   -9 -99.0 -99.0 -99.0 -99.0 -99.0
20260525 245  1.7  1438  16  4.9 1011  18  8.0  931  23.5  29.0 1526  16.6  354  18.0  23.0  14.4  72.9  55.0 1538  20.7   4.1   2.9 -9.00 1002.2 1010.1 1013.2   19 1008.2 1922  4.6  5.6 14.3 -9.0 14.47  1.79 1500   -9.0   -9.0 -9.00   -9.0   -9   -9.0   -9   -9.0   -9   -9.0   -9   -9.0   -9 -99.0 -99.0 -99.0 -99.0 -99.0
20260525 247  2.3  2016  25  5.6 1612  27  9.0 1610  23.3  28.5 1533  17.6   17  18.2  25.4  15.4  73.6  59.0 1534  20.9  -9.0  -9.0 -9.00  994.9 1010.1 1013.2   32 1008.1 1622  5.0  7.5 14.3 -9.0 -9.00 -9.00   -9   -9.0   -9.0 -9.00   -9.0   -9   -9.0   -9   -9.0   -9   -9.0   -9   -9.0   -9 -99.0 -99.0 -99.0 -99.0 -99.0
20260525 248  1.2  1067  25  3.8 1609  25  6.3 1606  21.0  27.9 1339  13.5  512  16.8  24.0  10.9  79.5  55.0 1212  19.2  -9.0  -9.0 -9.00  964.6 1010.7 1014.6   52 1008.0 1644  3.5 11.6 14.3 -9.0 -9.00 -9.00   -9   -9.0   -9.0 -9.00   -9.0   -9   -9.0   -9   -9.0   -9   -9.0   -9   -9.0   -9 -99.0 -99.0 -99.0 -99.0 -99.0
20260525 251  1.6  1410  11  4.3 1554  11  7.1 1550  23.4  27.4 1404  16.5  121  18.4  22.8  14.3  75.1  63.0 1504  21.3   4.1   2.9 -9.00 1002.7 1009.5 1012.7   26 1007.5 2349  4.6  2.9 14.3 -9.0 16.05  2.41  900   -9.0   -9.0 -9.00   -9.0   -9   -9.0   -9   -9.0   -9   -9.0   -9   -9.0   -9 -99.0 -99.0 -99.0 -99.0 -99.0
20260525 252  1.9  1603  16  3.9 1352  14  7.4  920  23.1  28.2 1331  16.3  216  18.1  22.2  13.5  74.9  59.0 1703  20.8   4.4   3.1 -9.00 1005.5 1009.8 1013.0    1 1007.9 2359  5.1  3.4 14.3 -9.0 16.12  1.98 1000   -9.0   -9.0 -9.00   -9.0   -9   -9.0   -9   -9.0   -9   -9.0   -9   -9.0   -9 -99.0 -99.0 -99.0 -99.0 -99.0
20260525 253  1.1   971  16  3.6 1557  16  6.0 1557  23.8  30.1 1421  18.5  411  19.0  28.7  16.6  75.6  56.0 1413  22.1   6.3   4.4 -9.00 1005.8 1012.1 1014.3    1 1010.0 1730  4.3 10.5 14.3 -9.0 25.64  3.48 1200   -9.0   -9.0 -9.00   -9.0   -9   -9.0   -9   -9.0   -9   -9.0   -9   -9.0   -9 -99.0 -99.0 -99.0 -99.0 -99.0
20260525 254  1.7  1470  18  4.8 1119  18  8.6 1115  23.1  29.0 1515  17.8  511  17.1  25.4  15.7  70.6  50.0 1522  19.5   5.0   3.5 -9.00  995.9 1010.7 1013.8   45 1008.8 1625  4.8  5.1 14.3 -9.0 18.90  2.52 1500   -9.0   -9.0 -9.00   -9.0   -9   -9.0   -9   -9.0   -9   -9.0   -9   -9.0   -9 -99.0 -99.0 -99.0 -99.0 -99.0
20260525 255  0.9   781  29  2.3 1142  16  4.7 1700  24.2  30.4 1400  18.4  535  18.7  24.6  16.1  73.3  52.0 1449  21.7   5.0   3.5 -9.00 1005.0 1010.9 1013.6  135 1008.5 1716  4.6  9.1 14.2 -9.0 20.73  2.60 1100   -9.0   -9.0 -9.00   -9.0   -9   -9.0   -9   -9.0   -9   -9.0   -9   -9.0   -9 -99.0 -99.0 -99.0 -99.0 -99.0
20260525 257  1.3  1126  25  3.1 1552  27  6.9 1550  24.8  31.7 1424  19.0  450  19.7  28.7  17.3  75.1  54.0 1425  23.0   6.6   4.6 -9.00 1010.4 1011.1 1013.7    1 1008.8 1738  4.1  9.0 14.2 -9.0 26.03  3.43 1200   -9.0   -9.0 -9.00   -9.0   -9   -9.0   -9   -9.0   -9   -9.0   -9   -9.0   -9 -99.0 -99.0 -99.0 -99.0 -99.0
20260525 258  2.3  1965  14  5.2 1410  16  7.0 1614  23.4  27.7 1342  18.7  155  19.5  22.9  17.8  79.9  62.0 1555  22.8   5.7   4.0 -9.00 1011.1 1011.3 1013.9   41 1009.5 1700  8.3  4.4 14.2 -9.0 20.80  3.11 1100    0.0   -9.0 -9.00    0.0   -9    0.0   -9   -9.0   -9   -9.0   -9   -9.0   -9 -99.0 -99.0 -99.0 -99.0 -99.0
20260525 259  2.6  2220  11  4.8 1327   9  8.7 1128  23.8  28.1 1525  19.7  129  19.1  24.0  18.1  75.9  59.0 1528  22.2   5.0   3.5 -9.00 1008.4 1010.3 1013.0    5 1008.5 2357  8.4  2.8 14.2 -9.0 17.88  3.06 1000   -9.0   -9.0 -9.00   -9.0   -9   -9.0   -9   -9.0   -9   -9.0   -9   -9.0   -9 -99.0 -99.0 -99.0 -99.0 -99.0
20260525 260  2.3  1967  16  5.7 1638  16  9.8 1326  23.3  27.3 1311  19.1  215  19.3  25.0  16.9  78.6  66.0 1630  22.4  -9.0  -9.0 -9.00 1005.3 1010.3 1013.1   50 1008.4 2359  8.1  5.7 14.2 -9.0 -9.00 -9.00   -9    0.0   -9.0 -9.00    0.0   -9    0.0   -9   -9.0   -9   -9.0   -9   -9.0   -9 -99.0 -99.0 -99.0 -99.0 -99.0
20260525 261  4.2  3608  11  7.7 1234  11 11.5 1228  23.2  26.9 1523  19.8  152  19.6  23.9  18.8  80.8  67.0 1452  22.9  -9.0  -9.0 -9.00 1008.4 1010.3 1013.2   36 1008.3 2400  7.3  2.5 14.2 -9.0 -9.00 -9.00   -9   -9.0   -9.0 -9.00   -9.0   -9   -9.0   -9   -9.0   -9   -9.0   -9   -9.0   -9 -99.0 -99.0 -99.0 -99.0 -99.0
20260525 262  1.4  1223  18  3.5 1645  20  6.4 1639  22.9  28.1 1323  18.0  209  18.8  27.0  18.8  79.1  60.0 1324  21.8   5.3   3.7 -9.00 1004.8 1010.8 1013.2    1 1009.0 2347  8.1  5.6 14.2 -9.0 20.52  3.38 1200    0.0   -9.0 -9.00    0.0   -9    0.0   -9   -9.0   -9   -9.0   -9   -9.0   -9 -99.0 -99.0 -99.0 -99.0 -99.0
20260525 263  1.3  1084  20  3.3 1457  16  5.6 1638  23.2  29.5 1551  17.3  520  17.8  26.3  15.5  73.6  51.0 1600  20.4   5.5   3.8 -9.00 1009.5 1011.2 1013.7    9 1008.9 1707  6.1  6.0 14.3 -9.0 22.09  3.02 1200    0.0   -9.0 -9.00    0.0   -9    0.0   -9   -9.0   -9   -9.0   -9   -9.0   -9 -99.0 -99.0 -99.0 -99.0 -99.0
20260525 264  1.4  1181  18  4.1 1632  14  7.0 1610  22.3  29.6 1546  15.2  424  15.2  25.1  14.3  65.9  43.0 1537  17.3   7.0   4.9 -9.00  993.5 1010.9 1014.0   44 1008.1 1630  5.9  8.8 14.3 -9.0 25.18  3.56 1300   -9.0   -9.0 -9.00   -9.0   -9   -9.0   -9   -9.0   -9   -9.0   -9   -9.0   -9 -99.0 -99.0 -99.0 -99.0 -99.0
20260525 266  1.2  1054   9  2.7  744  11  4.5 1046  23.6  27.6 1558  19.6  341  19.5  25.4  17.7  78.6  63.0 1504  22.7   3.9   2.7 -9.00 1001.3 1011.4 1013.8   27 1009.6 1702  8.8  2.3 14.2 -9.0 15.99  1.95  900   -9.0   -9.0 -9.00   -9.0   -9   -9.0   -9   -9.0   -9   -9.0   -9   -9.0   -9 -99.0 -99.0 -99.0 -99.0 -99.0
20260525 268  2.8  2402  11  6.5 1006  11 11.4 1001  23.1  26.0 1329  17.7    4  18.5  25.6  17.2  76.1  66.0 1424  21.3  -9.0  -9.0 -9.00 1007.3 1008.4 1011.8    9 1006.5 2343  6.6  6.4 14.2 -9.0 -9.00 -9.00   -9   -9.0   -9.0 -9.00   -9.0   -9   -9.0   -9   -9.0   -9   -9.0   -9   -9.0   -9 -99.0 -99.0 -99.0 -99.0 -99.0
20260525 271  1.1   935  18  3.4 1144  18  5.8 1140  19.9  28.1 1544  11.2  452  14.4  25.3   8.5  73.9  38.0 1631  16.5  -9.0  -9.0 -9.00  974.7 1011.9 1015.3   36 1008.5 1710  4.5  9.4 14.4 -9.0 -9.00 -9.00   -9   -9.0   -9.0 -9.00   -9.0   -9   -9.0   -9   -9.0   -9   -9.0   -9   -9.0   -9 -99.0 -99.0 -99.0 -99.0 -99.0
20260525 272  1.6  1412  14  3.7 1241  16  6.8 1234  21.9  28.4 1608  13.8  510  16.5  27.1  11.7  74.6  49.0 1606  18.8  -9.0  -9.0 -9.00  986.9 1011.1 1014.1   25 1008.1 1807  5.3 11.0 14.4 -9.0 -9.00 -9.00   -9   -9.0   -9.0 -9.00   -9.0   -9   -9.0   -9   -9.0   -9   -9.0   -9   -9.0   -9 -99.0 -99.0 -99.0 -99.0 -99.0
20260525 273  1.2  1002   9  2.8 1322  11  4.7 1156  21.9  29.1 1543  13.8  509  17.0  25.5  10.7  76.5  50.0 1550  19.5  -9.0  -9.0 -9.00  990.6 1010.4 1013.2    1 1007.5 1759  4.8 10.2 14.4 -9.0 -9.00 -9.00   -9   -9.0   -9.0 -9.00   -9.0   -9   -9.0   -9   -9.0   -9   -9.0   -9   -9.0   -9 -99.0 -99.0 -99.0 -99.0 -99.0
20260525 276  1.2  1071  14  3.7 1706  34  6.3 1557  21.6  29.7 1556  14.0  503  17.1  25.7  11.6  78.3  45.0 1349  19.7   5.6   3.9 -9.00  986.7 1010.7 1014.4  100 1007.6 1742  3.8  6.9 14.3 -9.0 22.34  2.81 1200   -9.0   -9.0 -9.00   -9.0   -9   -9.0   -9   -9.0   -9   -9.0   -9   -9.0   -9 -99.0 -99.0 -99.0 -99.0 -99.0
20260525 277  1.5  1308  16  4.1 1331  14  7.3 1314  19.4  25.3 1020  13.4  357  16.9  25.6  12.2  86.5  64.0 1002  19.3  -9.0  -9.0 -9.00 1006.8 1011.5 1014.5    1 1009.7 1755  3.8 10.8 14.4 -9.0 -9.00 -9.00   -9   -9.0   -9.0 -9.00   -9.0   -9   -9.0   -9   -9.0   -9   -9.0   -9   -9.0   -9 -99.0 -99.0 -99.0 -99.0 -99.0
20260525 278  0.9   769  23  2.8 1255  23  5.1 1200  23.0  30.8 1628  14.3  438  17.4  28.2  11.8  74.5  45.0 1633  19.9  -9.0  -9.0 -9.00 1000.6 1010.0 1013.1   48 1007.0 1729  3.8 11.8 14.3 -9.0 -9.00 -9.00   -9   -9.0   -9.0 -9.00   -9.0   -9   -9.0   -9   -9.0   -9   -9.0   -9   -9.0   -9 -99.0 -99.0 -99.0 -99.0 -99.0
20260525 279  1.0   871  25  2.8 1307  27  5.6 1205  23.5  30.4 1705  15.9  514  17.4  26.5  13.5  71.5  48.0 1555  20.0   5.5   3.8 -9.00 1004.9 1010.5 1013.6   38 1007.8 1716  3.0  8.2 14.3 -9.0 22.24  3.09 1000   -9.0   -9.0 -9.00   -9.0   -9   -9.0   -9   -9.0   -9   -9.0   -9   -9.0   -9 -99.0 -99.0 -99.0 -99.0 -99.0
20260525 281  1.2  1018  11  3.3 1615  11  5.5 1631  22.6  29.7 1419  14.4  526  17.3  26.0  13.0  74.6  50.0 1315  19.8  -9.0  -9.0 -9.00 1000.4 1011.5 1014.6  112 1008.7 1732  3.8  9.2 14.3 -9.0 -9.00 -9.00   -9   -9.0   -9.0 -9.00   -9.0   -9   -9.0   -9   -9.0   -9   -9.0   -9   -9.0   -9 -99.0 -99.0 -99.0 -99.0 -99.0
20260525 283  1.9  1683  20  5.1 1647  18  7.6 1632  22.9  30.8 1520  15.1  522  18.0  25.6  12.4  75.9  54.0 1434  20.7   6.7   4.7 -9.00 1006.9 1011.6 1014.6  128 1009.2 1653  3.9  9.6 14.3 -9.0 26.22  3.29 1000   -9.0   -9.0 -9.00   -9.0   -9   -9.0   -9   -9.0   -9   -9.0   -9   -9.0   -9 -99.0 -99.0 -99.0 -99.0 -99.0
20260525 284  1.6  1344  14  4.5 1527  14  7.7 1509  22.1  28.1 1608  16.2  429  18.0  24.3  14.2  78.8  60.0 1609  20.7   4.7   3.3 -9.00  983.8 1009.9 1013.1   28 1007.0 1642  6.3  5.6 14.3 -9.0 18.35  2.70 1300   -9.0   -9.0 -9.00   -9.0   -9   -9.0   -9   -9.0   -9   -9.0   -9   -9.0   -9 -99.0 -99.0 -99.0 -99.0 -99.0
20260525 285  0.8   707  23  2.6 1536  23  6.1 1545  23.3  29.9 1511  17.8  416  18.8  27.9  17.2  77.8  54.0 1456  21.7  -9.0  -9.0 -9.00 1008.1 1011.1 1013.7   41 1008.7 1727  5.8  8.1 14.3 -9.0 -9.00 -9.00   -9   -9.0   -9.0 -9.00   -9.0   -9   -9.0   -9   -9.0   -9   -9.0   -9   -9.0   -9 -99.0 -99.0 -99.0 -99.0 -99.0
20260525 288  1.4  1188  18  3.1 1513  16  5.6 1704  24.7  31.1 1353  18.3  508  19.4  29.9  18.2  74.3  54.0 1354  22.6   5.4   3.8 -9.00 1008.7 1009.7 1012.3  121 1007.2 1726  4.1  6.9 14.3 -9.0 21.23  2.99 1100    0.0   -9.0 -9.00    0.0   -9    0.0   -9   -9.0   -9   -9.0   -9   -9.0   -9 -99.0 -99.0 -99.0 -99.0 -99.0
20260525 289  1.4  1187   7  3.8 1129   9  8.2 1251  22.6  28.6 1528  17.0  451  18.4  24.9  15.8  78.9  60.0 1530  21.3  -9.0  -9.0 -9.00  995.7 1011.6 1014.3   40 1009.3 1637  5.8  6.2 14.3 -9.0 -9.00 -9.00   -9   -9.0   -9.0 -9.00   -9.0   -9   -9.0   -9   -9.0   -9   -9.0   -9   -9.0   -9 -99.0 -99.0 -99.0 -99.0 -99.0
20260525 294  1.3  1084   7  2.6  817   9  4.6  842  22.0  27.4 1621  18.0  510  18.1  26.3  16.7  79.3  63.0 1622  20.8  -9.0  -9.0 -9.00 1006.8 1012.0 1014.3    1 1009.9 1727  5.5  5.3 14.2 -9.0 -9.00 -9.00   -9   -9.0   -9.0 -9.00   -9.0   -9   -9.0   -9   -9.0   -9   -9.0   -9   -9.0   -9 -99.0 -99.0 -99.0 -99.0 -99.0
20260525 295  0.9   756   7  2.5 1419   7  3.8 1403  22.6  26.7 1543  18.4  231  18.5  25.4  16.4  78.8  67.0 1355  21.4  -9.0  -9.0 -9.00 1006.1 1011.3 1013.6   42 1009.4 1707 -9.0  2.8 14.2 -9.0 -9.00 -9.00   -9   -9.0   -9.0 -9.00   -9.0   -9   -9.0   -9   -9.0   -9   -9.0   -9   -9.0   -9 -99.0 -99.0 -99.0 -99.0 -99.0
20260525 296  1.6  1382  20  4.1 1518  18  6.8 1516  23.8  29.8 1426  18.4  441  19.9  25.9  14.9  79.5  63.0 1327  23.4   6.3   4.4 -9.00 1010.3 1010.6 1013.0    1 1008.5 1716  3.4  9.9 14.2 -9.0 25.39  3.57 1200   -9.0   -9.0 -9.00   -9.0   -9   -9.0   -9   -9.0   -9   -9.0   -9   -9.0   -9 -99.0 -99.0 -99.0 -99.0 -99.0
20260526  90  1.4  1236  36  3.8  910   2  6.4 1026  16.9  19.1 1137  15.6  250  15.5  20.2  16.4  91.9  80.0 1139  17.7   2.0   1.4 -9.00 1007.3 1009.4 1010.5 1153 1008.3 1833  9.8  0.4 14.5 -9.0 10.82  2.01 1100    0.0   -9.0 -9.00    0.0   -9    0.0   -9   -9.0   -9   -9.0   -9   -9.0   -9 -99.0 -99.0 -99.0 -99.0 -99.0
20260526  93  0.6   502  32  2.5 1441   9  5.0 1836  22.7  28.0 1307  18.9  347  19.1  24.9  18.2  81.5  61.0 1829  22.1   2.7   1.9 -9.00  996.7 1007.7 1009.9  635 1005.5 1717  9.4  1.2 14.5 -9.0 10.97  1.85 1200    0.0    0.6  6.25    0.0   -9    0.0   -9   -9.0   -9   -9.0   -9   -9.0   -9  21.7  19.2  17.0  13.3  12.3
20260526  95  1.1   938   2  4.4 1656   2  6.5 1650  22.0  26.2 1225  19.3  539  19.7  22.3  18.0  87.6  66.0 1218  23.0   2.2   1.5 -9.00  990.0 1007.8 1009.6  642 1006.0 1556  9.8  0.0 14.5 -9.0  8.72  1.60 1000    0.9    2.3 -9.00    0.7 1723    0.3 1746   -9.0   -9   -9.0   -9   -9.0   -9 -99.0 -99.0 -99.0 -99.0 -99.0
20260526  98  0.5   398  34  1.5 1219  36  4.1 1218  22.8  26.6 1108  19.7  253  18.7  24.2  18.2  78.5  59.0 1105  21.5   2.4   1.7 -9.00  993.6 1006.8 1008.8  714 1004.8 1755  9.8  0.0 14.5 -9.0  9.64  1.39 1000    0.3   -9.0 -9.00    0.2   -9    0.2   -9   -9.0   -9   -9.0   -9   -9.0   -9 -99.0 -99.0 -99.0 -99.0 -99.0
20260526  99  1.1   954   9  3.0 1419   9  5.3 1712  22.2  25.7 1317  19.5  412  20.0  23.8  19.0  87.6  72.0 1310  23.4   2.1   1.5 -9.00 1004.0 1007.5 1009.4  710 1005.5 1749  9.8  0.0 14.5 -9.0  8.91  1.40 1000    2.5   -9.0 -9.00    2.0 2157    1.2 2237   -9.0   -9   -9.0   -9   -9.0   -9 -99.0 -99.0 -99.0 -99.0 -99.0
20260526 100  1.5  1321  11  5.3 1347  11  7.8 1139  17.3  25.8 1115  13.6  313  15.3  20.5  11.3  88.8  60.0 1029  17.5   3.8   2.7 -9.00  922.5 1009.0 1011.3  539 1006.2 1105  9.3  4.2 14.5 -9.0 17.69  3.21 1100    0.5   -9.0 -9.00    0.5 2228    0.4 2301   -9.0   -9   -9.0   -9   -9.0   -9 -99.0 -99.0 -99.0 -99.0 -99.0
20260526 101  1.2  1071   2  3.2 1722  36  4.6 1718  22.7  27.6 1259  18.8  341  18.0  25.1  17.1  75.8  59.0 1246  20.7   3.2   2.2 -9.00  998.1 1006.8 1009.0  641 1004.6 1741  9.4  0.7 14.5 -9.0 11.55  1.88 1200    0.1    0.7 -9.00    0.1   -9    0.1   -9   -9.0   -9   -9.0   -9   -9.0   -9  20.4  17.3  15.6  14.1  15.2
20260526 102  1.9  1603   9  3.7  931   9  7.6 1601  19.6  21.1 1445  18.3  341  18.7  21.0  18.8  94.6  89.0 1750  21.6   1.4   1.0  3.33 1001.5 1005.7 1007.3    1 1004.1 1722  9.9  0.0 14.5 -9.0  5.51  0.92 1400   11.3   -9.0 21.42    2.4 2002    0.9 2009   -9.0   -9   -9.0   -9   -9.0   -9 -99.0 -99.0 -99.0 -99.0 -99.0
20260526 104  1.2  1010  11  4.2 1106  25  7.0 1126  18.7  22.8  925  15.9  531  17.3  22.9  16.4  91.9  79.0 1405  19.7   3.3   2.3  0.82  999.2 1008.0 1009.0 1134 1007.1  227  9.6  3.1 14.5 -9.0 17.74  3.41 1100    0.1    0.1  3.50    0.1   -9    0.1   -9   -9.0   -9   -9.0   -9   -9.0   -9  19.9  17.5  15.9  12.8  13.1
20260526 105  1.1   982   2  4.2 1022  27  6.8 1012  19.9  23.6 1458  17.1  432  16.5  23.1  16.6  81.5  65.0 1456  18.8   3.1   2.2 -9.00 1006.2 1009.3 1010.4 1132 1008.2  239  9.4  1.4 14.5 -9.0 14.31  1.85 1000    0.0   -9.0 -9.00    0.0   -9    0.0   -9   -9.0   -9   -9.0   -9   -9.0   -9  20.6 -99.0  16.8  14.0 -99.0
20260526 106  2.1  1799   2  7.1 1210   2 11.3 1154  18.2  23.0 1049  16.6   37  16.5  24.1  15.2  90.3  73.0 1047  18.8   3.7   2.6 -9.00 1004.6 1009.3 1010.3 2221 1008.0  247  8.8  4.6 14.5 -9.0 19.48  3.36 1200    0.0   -9.0 -9.00    0.0   -9    0.0   -9   -9.0   -9   -9.0   -9   -9.0   -9 -99.0 -99.0 -99.0 -99.0 -99.0
20260526 108  1.9  1640  11  3.7 2110   9  6.9 2108  24.9  29.0 1248  21.8  547  18.9  23.9  19.2  70.6  52.0 1214  22.0   3.8   2.7 -9.00  997.0 1006.7 1008.7    1 1004.6 1716  9.3  0.1 14.5 -9.0 11.93  2.03 1100    0.6    1.3  6.75    0.5 2116    0.2   -9   -9.0   -9   -9.0   -9   -9.0   -9  20.6  17.8  17.0  14.1  13.5
20260526 112  1.7  1509  16  4.6 1749  18  9.6 1742  24.2  28.9 1230  21.8  508  20.6  24.5  18.4  82.1  56.0 1158  24.4   3.0   2.1 -9.00  998.6 1006.5 1008.5    1 1004.4 1706  9.6  0.3 14.5 -9.0 10.57  1.96 1100   11.4   11.5  6.78    9.6 1748    3.7 1756   -9.0   -9   -9.0   -9   -9.0   -9  19.9  17.6  13.2  15.2  13.5
20260526 114  1.0   873  16  3.4 1908  14  6.6 1902  24.5  32.4 1436  19.7  439  18.2  28.0  16.8  71.5  37.0 1428  21.0   5.3   3.7 -9.00  989.6 1006.6 1009.2  709 1004.3 1432  9.1  5.2 14.5 -9.0 19.61  3.52 1100    4.5   -9.0 -9.00    4.2 1905    2.0 1908   -9.0   -9   -9.0   -9   -9.0   -9 -99.0 -99.0 -99.0 -99.0 -99.0
20260526 115  3.7  3228  23  5.7  317  23 10.0  338  21.3  24.6 1420  19.1    1  17.8  21.8  16.7  80.6  73.0 1427  20.4   4.4   3.0 -9.00  984.2 1009.5 1011.0    1 1008.3 1706  8.5  4.0 14.5 -9.0 17.53  2.38 1400   -9.0   -9.0 -9.00   -9.0   -9   -9.0   -9   -9.0   -9   -9.0   -9   -9.0   -9  18.0  15.5  14.8  12.2  13.1
20260526 119  1.8  1577  18  5.6 1617  18 10.8 1633  24.2  30.1 1240  20.6  251  19.5  26.9  18.7  77.0  45.0 1406  22.6   4.6   3.2 -9.00 1001.8 1006.3 1008.4    1 1004.1 1604  9.1  3.1 14.4 -9.0 16.53  3.14 1200    2.8    3.4  6.40    1.8 1839    0.7 1924   -9.0   -9   -9.0   -9   -9.0   -9  20.8  17.3  15.3  12.4  12.5
20260526 121  1.1   934   9  4.2 1659   7  6.4 1652  22.7  32.8 1237  16.6  509  18.1  25.4  14.6  77.9  44.0 1240  20.8   4.8   3.3 -9.00  980.4 1007.7 1010.8  540 1004.6 1639  8.5  3.1 14.4 -9.0 16.79  3.50 1100    0.0   -9.0 -9.00    0.0   -9    0.0   -9   -9.0   -9   -9.0   -9   -9.0   -9 -99.0 -99.0 -99.0 -99.0 -99.0
20260526 127  1.2  1002  20  4.1 1311   2  6.8 1210  25.1  31.5 1219  19.0  433  18.3  25.6  17.6  68.4  39.0 1300  21.0   5.9   4.1 -9.00  993.0 1006.0 1008.4  756 1003.6 1632  9.0  3.9 14.4 -9.0 20.07  3.19 1100    0.1   -9.0 -9.00    0.1   -9    0.1   -9   -9.0   -9   -9.0   -9   -9.0   -9 -99.0 -99.0 -99.0 -99.0 -99.0
20260526 129  2.2  1914  16  5.0 1513   7  7.9 2120  24.1  30.1 1307  19.6  407  19.3  25.6  16.9  76.3  44.0 1218  22.4   4.8   3.3 -9.00 1003.3 1006.2 1008.4    1 1004.7 1726  8.9  2.7 14.4 -9.0 16.51  3.22 1200    0.2    0.2 -9.00    0.2   -9    0.2   -9   -9.0   -9   -9.0   -9   -9.0   -9  20.4  17.2  17.4  13.4  14.6
20260526 130  1.5  1333   5  3.7 1341   5  7.2 1350  19.6  22.1 1340  17.4 2400  17.3  23.9  16.2  87.0  75.0  956  19.8  -9.0  -9.0 -9.00 1003.6 1009.3 1010.4  756 1008.4  341  8.1  5.2 14.4 -9.0 -9.00 -9.00   -9    0.4   -9.0 -9.00    0.3 2211    0.1   -9   -9.0   -9   -9.0   -9   -9.0   -9 -99.0 -99.0 -99.0 -99.0 -99.0
20260526 131  1.7  1502   5  4.2 2028   5  6.8 2028  26.3  30.7 1335  22.7  459  18.3  25.8  20.6  62.8  45.0 1145  21.1   5.4   3.8 -9.00  999.3 1006.0 1008.4  815 1003.8 1558  9.3  1.3 14.4 -9.0 15.27  3.72 1100    0.0    5.6  1.22    0.0   -9    0.0   -9   -9.0   -9   -9.0   -9   -9.0   -9 -99.0 -99.0 -99.0 -99.0 -99.0
20260526 133  1.8  1581  11  4.7 1821  23  8.6 1604  24.7  29.9 1304  21.2  410  19.0  24.6  19.5  71.4  52.0 1305  22.0   4.2   2.9 -9.00  998.7 1006.5 1008.8  811 1004.5 1735  9.5  1.2 14.4 -9.0 12.65  2.62 1000    0.3   17.1  2.17    0.2   -9    0.2   -9   -9.0   -9   -9.0   -9   -9.0   -9  22.6  20.1  17.8  15.1  15.5
20260526 135  1.8  1515  16  6.3 1628  16  9.4 1418  22.3  28.1 1222  17.2  345  17.7  24.0  16.8  76.4  57.0 1223  20.3   3.7   2.6 -9.00  979.1 1006.9 1009.3  703 1005.0 1451  8.9  1.7 14.4 -9.0 15.77  3.12 1200    0.2   -9.0 -9.00    0.2   -9    0.2   -9   -9.0   -9   -9.0   -9   -9.0   -9 -99.0 -99.0 -99.0 -99.0 -99.0
20260526 136  1.5  1290  11  4.2 2048  11  7.1 2047  23.7  31.0 1238  18.9  458  18.6  25.9  18.2  74.6  50.0 1239  21.5   4.7   3.3 -9.00  992.3 1008.4 1010.8  709 1005.8 1624  8.5  4.1 14.4 -9.0 16.40  3.51 1100   -9.0    2.2 -9.00   -9.0   -9   -9.0   -9   -9.0   -9   -9.0   -9   -9.0   -9 -99.0 -99.0 -99.0 -99.0 -99.0
20260526 137  0.9   743  23  3.3 1647  16  6.7 2241  23.5  30.1 1251  18.9  519  19.6  26.9  17.2  79.9  53.0 1408  22.8   3.9   2.7 -9.00  995.5 1006.5 1008.8  656 1003.9 1613  9.4  1.1 14.4 -9.0 15.67  3.22 1200    0.1   -9.0 -9.00    0.1   -9    0.1   -9   -9.0   -9   -9.0   -9   -9.0   -9 -99.0 -99.0 -99.0 -99.0 -99.0
20260526 138  2.5  2137   9  5.4 1345  14  9.3 1455  22.8  28.6 1425  19.5  457  18.4  27.4  15.3  78.0  56.0 1426  21.2   5.8   4.1 -9.00 1007.6 1008.0 1009.8    7 1005.7 1609  7.9  7.6 14.3 -9.0 23.47  3.45 1200    0.4    1.7  1.83    0.4 2258    0.2   -9   -9.0   -9   -9.0   -9   -9.0   -9  19.6  17.5  16.6  15.1  15.6
20260526 140  2.2  1866  11  5.0 2216  11  9.0 2209  24.5  27.2 1242  20.9  203  19.2  23.4  17.2  73.1  59.0 1046  22.3  -9.0  -9.0 -9.00 1003.2 1006.4 1009.3    1 1004.4 1735  9.3  0.1 14.3 -9.0 -9.00 -9.00   -9    0.0   -9.0 -9.00    0.0   -9    0.0   -9   -9.0   -9   -9.0   -9   -9.0   -9 -99.0 -99.0 -99.0 -99.0 -99.0
20260526 143  2.1  1836  11  4.3 2043  11  7.4 2043  23.9  30.1 1322  19.9  535  18.3  25.9  18.7  72.9  50.0 1243  21.0   4.8   3.4 -9.00 1000.8 1007.0 1009.3  734 1004.8 1546  8.9  4.2 14.3 -9.0 17.74  3.42 1100    1.5   -9.0  4.20    0.8 2253    0.3 2154   -9.0   -9   -9.0   -9   -9.0   -9 -99.0 -99.0 -99.0 -99.0 -99.0
20260526 146  1.7  1434  14  4.0 1234  14  9.6 1228  24.7  28.5 1144  21.5  334  18.2  24.4  16.2  67.6  52.0 1228  20.9   3.6   2.6 -9.00  998.9 1005.8 1008.4    5 1003.4 1731  9.1  0.3 14.3 -9.0 10.24  2.29 1100    0.0    0.0  5.53    0.0   -9    0.0   -9   -9.0   -9   -9.0   -9   -9.0   -9 -99.0 -99.0 -99.0 -99.0 -99.0
20260526 152  1.5  1313  14  3.2 1148  14  5.9 1052  22.1  26.4 1357  18.4  356  17.9  24.7  16.4  78.6  59.0 1506  20.5   4.7   3.3 -9.00  998.5 1007.8 1010.1    1 1006.0 1609  8.5  6.6 14.3 -9.0 21.32  3.30 1100    1.1   -9.0  2.67    0.8 2221    0.3 2231   -9.0   -9   -9.0   -9   -9.0   -9 -99.0 -99.0 -99.0 -99.0 -99.0
20260526 155  1.6  1344  14  3.9 1040  16  6.0 1038  22.5  27.5 1457  19.4  251  18.9  25.6  17.0  81.6  63.0 1458  21.9   3.8   2.7 -9.00 1003.6 1007.6 1010.2    5 1005.6 1712  9.0  1.9 14.3 -9.0 16.23  2.35 1000   29.2   -9.0  5.48   14.2 2107    4.0 2127   -9.0   -9   -9.0   -9   -9.0   -9 -99.0 -99.0 -99.0 -99.0 -99.0
20260526 156  2.2  1917  16  4.4 1441  14  9.4 1146  24.3  28.8 1141  20.6 2327  19.5  26.2  19.4  75.8  58.0 1144  22.7   3.8   2.7 -9.00  996.4 1004.4 1007.1    1 1002.7 1727  9.4  1.4 14.3 -9.0 13.08  3.14 1100    3.3   -9.0  6.33    1.3 2107    0.4 2126   -9.0   -9   -9.0   -9   -9.0   -9 -99.0 -99.0 -99.0 -99.0 -99.0
20260526 159  2.3  1963   9  3.6 2309   7  8.6 2352  22.5  26.6 1146  19.8 2236  18.7  23.8  15.6  80.0  66.0 1139  21.6   4.2   2.9 -9.00  999.5 1007.5 1009.9    1 1005.6 1745  8.5  2.5 14.3 -9.0 18.08  2.77 1100   21.1   32.1  5.08   12.9 2034    3.3 2106   -9.0   -9   -9.0   -9   -9.0   -9  21.1  18.9  18.3  15.5  16.7
20260526 162  2.4  2101   5  5.5 2243   5  9.8 2123  22.2  27.2 1407  18.8 2134  19.2  25.6  16.6  84.3  62.0 1342  22.2   3.3   2.3 -9.00 1003.1 1006.6 1009.1   11 1004.6 1608  9.3  0.5 14.2 -9.0 13.45  1.97 1200   27.5   -9.0 -9.00    8.8 1855    3.8 1940   -9.0   -9   -9.0   -9   -9.0   -9 -99.0 -99.0 -99.0 -99.0 -99.0
20260526 165  5.0  4318  11  7.9 1534  14 12.4  953  22.9  24.9 1040  21.6 2017  19.9  22.8  20.1  83.8  71.0    3  23.2   3.4   2.4 -9.00  999.7 1004.8 1007.6   11 1002.7 1950  9.1  0.7 14.2 -9.0 11.15  2.07 1000    3.0    3.0  5.03    1.2 1745    0.4 1818   -9.0   -9   -9.0   -9   -9.0   -9  21.5  19.3  17.2  15.4  14.6
20260526 168  3.6  3140   9  9.4 2135   9 14.5 2127  21.6  25.0 1150  19.4 2327  18.7  23.5  19.4  84.4  68.0 1235  21.5   2.7   1.9 -9.00  999.6 1007.2 1009.7    2 1005.6 2359 10.0  0.0 14.2 -9.0  9.39  1.69 1100   33.6   43.2  8.72    7.9 1952    4.2 2002   -9.0   -9   -9.0   -9   -9.0   -9  22.0  19.1  17.5  15.8  16.5
20260526 169 10.9  9378  14 14.5  122  16 21.5 1038  18.2  19.1  346  17.2 2257  17.2  19.1  17.7  94.4  87.0   48  19.6   1.5   1.0 -9.00  994.8 1003.6 1006.6    1 1001.1 1740  9.9  0.0 14.2 -9.0  4.93  0.83 1000    5.0   -9.0  7.58    2.0 1919    0.7 1930   -9.0   -9   -9.0   -9   -9.0   -9 -99.0 -99.0 -99.0 -99.0 -99.0
20260526 170  5.0  4322  14  7.6 1153  16 11.0 1146  20.6  21.9    1  20.1 2356  19.4  21.6  20.2  93.5  81.0    1  22.5   1.0   0.7 -9.00 1001.8 1005.9 1008.8    1 1004.1 2400  9.9  0.0 14.2 -9.0  3.00  0.47 1300   27.8   -9.0 -9.00    4.6  843    1.7  843   -9.0   -9   -9.0   -9   -9.0   -9 -99.0 -99.0 -99.0 -99.0 -99.0
20260526 172  2.9  2545  11  7.1 1318  11 12.3 1239  24.1  27.5 1215  21.8 2048  19.0  21.6  18.7  74.0  55.0 1220  22.0   3.4   2.3 -9.00  998.8 1004.8 1007.7    1 1002.7 2001  9.6  0.0 14.3 -9.0  8.47  1.55 1000    2.9   -9.0 -9.00    1.6 1839    0.4 1858   -9.0   -9   -9.0   -9   -9.0   -9 -99.0 -99.0 -99.0 -99.0 -99.0
20260526 174  2.1  1813  14  5.8 1232  14 10.4 1153  21.1  27.0 1131  18.1  416  17.6  24.0  17.5  82.0  57.0 1139  20.1  -9.0  -9.0 -9.00  986.4 1005.3 1008.1   14 1003.6 1512  9.6  0.6 14.3 -9.0 -9.00 -9.00   -9   18.5   -9.0 -9.00    8.3 1726    2.3 1802   -9.0   -9   -9.0   -9   -9.0   -9 -99.0 -99.0 -99.0 -99.0 -99.0
20260526 177  1.6  1415  14  5.9 1435  14  8.4 1430  23.9  30.3 1243  20.1  443  20.2  25.7  18.3  80.9  51.0 1156  23.7   4.3   3.0 -9.00 1001.9 1005.0 1007.4    1 1003.4 2348  8.9  1.2 14.4 -9.0 14.91  2.84 1100    0.3    0.6  5.02    0.3 1751    0.2   -9   -9.0   -9   -9.0   -9   -9.0   -9 -99.0 -99.0 -99.0 -99.0 -99.0
20260526 181  2.0  1690   7  4.7 2031   7  7.4 2050  24.4  29.7 1210  20.2  411  19.4  24.2  17.6  75.5  53.0 1222  22.6   4.6   3.2 -9.00 1002.7 1006.6 1009.0  811 1004.5 1623  8.8  0.7 14.4 -9.0 14.48  2.88 1100    0.0   -9.0 -9.00    0.0   -9    0.0   -9   -9.0   -9   -9.0   -9   -9.0   -9 -99.0 -99.0 -99.0 -99.0 -99.0
20260526 184  4.5  3870   7  6.8  952  11 15.1  127  25.3  31.0 1359  21.9 2323  19.9  27.5  21.1  73.8  51.0 1345  23.3   4.9   3.4 -9.00  999.9 1002.2 1006.1    1  999.7 1906  8.6  2.6 14.1 -9.0 15.65  2.95 1100   19.0   19.0  9.62   16.5 1707    5.8 1729   -9.0   -9   -9.0   -9   -9.0   -9  22.1  20.3  19.6  17.3  16.5
20260526 185  8.1  6981  11 11.6   54  11 18.0  913  22.2  24.3 1009  21.2  427  21.4  23.3  20.9  95.9  86.0  948  25.5   2.6   1.8 -9.00  994.4 1002.6 1005.6    1  999.9 1722  9.1  1.1 14.1 -9.0 10.60  2.32  900   28.2   -9.0 -9.00   18.5 1525    7.3 1600   -9.0   -9   -9.0   -9   -9.0   -9 -99.0 -99.0 -99.0 -99.0 -99.0
20260526 188  4.5  3888  14  8.1 1121  14 12.2 1048  21.7  22.1  522  21.1  954  20.7  21.3  20.4  95.0  88.0  524  24.5  -9.0  -9.0 -9.00 1002.5 1004.8 1008.4    1 1002.6 2342 10.0  0.0 14.1 -9.0 -9.00 -9.00   -9   72.9   -9.0 -9.00   29.3 2107    6.7 2110   -9.0   -9   -9.0   -9   -9.0   -9 -99.0 -99.0 -99.0 -99.0 -99.0
20260526 189  2.2  1904   2  3.1  233   7  7.5  623  22.1  22.7 2149  21.3  523  21.2  22.0  21.2  95.3  92.0  131  25.3   1.1   0.8 -9.00  998.8 1004.8 1008.4    1 1002.2 2145 10.0  0.0 14.1 -9.0  1.53  0.31 1000  107.4   79.5 20.97   15.9 1609    4.6 1952   -9.0   -9   -9.0   -9   -9.0   -9 -99.0 -99.0 -99.0 -99.0 -99.0
20260526 192  0.6   540  20  2.1 1808  25  6.4 1800  21.7  27.5 1422  18.1  425  18.8  25.5  17.2  84.9  64.0 1409  21.7   2.9   2.0 -9.00 1004.2 1007.6 1009.7    1 1005.2 1716  9.5  0.4 14.3 -9.0 12.17  1.55 1300   38.3   53.0 -9.00    9.9 2027    3.6 2045   -9.0   -9   -9.0   -9   -9.0   -9 -99.0 -99.0 -99.0 -99.0 -99.0
20260526 201  1.2  1022   2  2.9 1454   2  5.2 1447  22.7  26.0 1204  20.0  255  19.7  22.7  17.7  84.4  64.0 1023  23.0  -9.0  -9.0 -9.00 1001.9 1007.4 1009.4  806 1005.5 1719  9.8  0.1 14.5 -9.0 -9.00 -9.00   -9    1.3   -9.0 -9.00    0.5 1754    0.4 1840   -9.0   -9   -9.0   -9   -9.0   -9 -99.0 -99.0 -99.0 -99.0 -99.0
20260526 202  1.0   836  20  2.5 1035  14  5.5 2018  23.5  29.4 1408  19.2  402  19.0  27.7  17.0  77.8  52.0 1448  22.0  -9.0  -9.0 -9.00 1001.7 1007.1 1009.4  725 1004.7 1746  8.6  2.3 14.5 -9.0 -9.00 -9.00   -9    4.0   -9.0 -9.00    2.7 1944    0.8 2034   -9.0   -9   -9.0   -9   -9.0   -9 -99.0 -99.0 -99.0 -99.0 -99.0
20260526 203  0.7   644  16  2.9 1708   7  4.8 1334  24.1  30.7 1346  18.9  518  20.3  26.7  17.6  81.6  51.0 1353  23.8  -9.0  -9.0 -9.00  998.2 1007.3 1009.8  802 1004.9 1620  9.0  3.6 14.4 -9.0 -9.00 -9.00   -9    2.7   -9.0 -9.00    1.4 1859    0.4 1854   -9.0   -9   -9.0   -9   -9.0   -9 -99.0 -99.0 -99.0 -99.0 -99.0
20260526 211  1.3  1124   2  3.2 1426   2  7.2 1317  20.6  27.4 1305  17.0  356  16.4  22.8  13.7  78.0  55.0 1308  18.7  -9.0  -9.0 -9.00  984.9 1008.1 1010.1  640 1006.1 1322  9.6  0.0 14.5 -9.0 -9.00 -9.00   -9    1.0   -9.0 -9.00    0.8 2113    0.2   -9   -9.0   -9   -9.0   -9   -9.0   -9 -99.0 -99.0 -99.0 -99.0 -99.0
20260526 212  1.0   846  29  2.8 1456  29  4.4 1147  22.9  28.5 1406  18.2  412  17.7  25.4  17.0  74.4  56.0 1118  20.3  -9.0  -9.0 -9.00  991.7 1007.7 1010.3  718 1005.4 1622  9.1  2.4 14.5 -9.0 -9.00 -9.00   -9    0.4   -9.0 -9.00    0.3 2145    0.3 2235   -9.0   -9   -9.0   -9   -9.0   -9 -99.0 -99.0 -99.0 -99.0 -99.0
20260526 216  1.1   965   7  3.6 1513  11  6.0 1445  18.5  27.0 1052  14.3  453  15.3  19.9  13.9  83.1  44.0 1046  17.5   3.1   2.2 -9.00  929.0 1008.9 1011.5    5 1005.4 1310  8.9  2.0 14.4 -9.0 12.89  3.06 1000    0.1   -9.0 -9.00    0.1   -9    0.1   -9   -9.0   -9   -9.0   -9   -9.0   -9 -99.0 -99.0 -99.0 -99.0 -99.0
20260526 217  1.1   929  36  3.9 1519  32  7.0 1436  20.4  31.8 1325  15.6  510  16.2  23.7  15.4  79.6  40.0 1325  18.4  -9.0  -9.0 -9.00  973.1 1008.7 1011.5  544 1004.5 1336  8.8  4.2 14.5 -9.0 -9.00 -9.00   -9    1.1   -9.0 -9.00    0.8 1845    0.4 1906   -9.0   -9   -9.0   -9   -9.0   -9 -99.0 -99.0 -99.0 -99.0 -99.0
20260526 221  1.1   931  14  3.7 1741  14  7.8 1737  22.3  29.3 1319  16.8  529  17.7  25.3  15.6  78.6  44.0 1336  20.4  -9.0  -9.0 -9.00  977.3 1007.3 1010.0  716 1004.2 1643  8.9  4.0 14.4 -9.0 -9.00 -9.00   -9    3.9   -9.0 -9.00    2.8 1754    1.1 1754   -9.0   -9   -9.0   -9   -9.0   -9 -99.0 -99.0 -99.0 -99.0 -99.0
20260526 226  1.5  1291  18  5.3 1732  14  8.1 1359  23.5  28.6 1351  18.5  525  18.5  24.5  15.4  75.0  56.0 1500  21.2  -9.0  -9.0 -9.00  987.5 1007.0 1009.2  620 1004.7 1608  9.8  1.9 14.4 -9.0 -9.00 -9.00   -9    0.0   -9.0 -9.00    0.0   -9    0.0   -9   -9.0   -9   -9.0   -9   -9.0   -9 -99.0 -99.0 -99.0 -99.0 -99.0
20260526 232  1.7  1432   7  3.9 2039   9  7.4 2036  23.8  29.2 1243  19.2  434  20.0  25.3  18.0  80.4  51.0 1325  23.3  -9.0  -9.0 -9.00  997.3 1007.0 1009.3  802 1005.0 1625  9.0  1.2 14.4 -9.0 -9.00 -9.00   -9    0.7   -9.0 -9.00    0.6 1448    0.2   -9   -9.0   -9   -9.0   -9   -9.0   -9 -99.0 -99.0 -99.0 -99.0 -99.0
20260526 235  2.1  1779   2  4.2 1823  23  7.6 1217  24.6  29.7 1120  20.9  209  19.0  23.5  18.6  72.1  48.0 1102  22.1   3.7   2.6 -9.00 1004.0 1005.1 1007.9    7 1003.2 1717  8.8  0.0 14.4 -9.0 10.38  1.83 1100    0.2   -9.0 -9.00    0.2   -9    0.2   -9   -9.0   -9   -9.0   -9   -9.0   -9 -99.0 -99.0 -99.0 -99.0 -99.0
20260526 236  1.2  1073  14  4.1 1243  14  7.5 1427  23.4  28.0 1147  19.7  305  19.9  24.0  18.0  82.0  58.0 1152  23.2  -9.0  -9.0 -9.00 1004.9 1006.4 1009.0    1 1004.3 1814  9.0  0.5 14.4 -9.0 -9.00 -9.00   -9    3.5   -9.0 -9.00    3.4 1525    1.4 1601   -9.0   -9   -9.0   -9   -9.0   -9 -99.0 -99.0 -99.0 -99.0 -99.0
20260526 238  1.1   936  18  3.7 1455  18  6.0 1439  23.1  28.5 1308  18.5  419  18.4  22.9  15.8  76.5  56.0 1356  21.2  -9.0  -9.0 -9.00  986.7 1006.0 1008.6  625 1003.6 1740  9.3  0.0 14.3 -9.0 -9.00 -9.00   -9    0.0   -9.0 -9.00    0.0   -9    0.0   -9   -9.0   -9   -9.0   -9   -9.0   -9 -99.0 -99.0 -99.0 -99.0 -99.0
20260526 239  1.1   960   7  2.8 1907   7  5.3 1907  23.6  29.1 1329  20.3  421  19.5  24.7  18.9  79.3  54.0 1245  22.7   3.6   2.5 -9.00  995.7 1005.9 1008.3  758 1003.8 1754  9.3  0.9 14.4 -9.0 13.28  2.69 1000    0.0   -9.0 -9.00    0.0   -9    0.0   -9   -9.0   -9   -9.0   -9   -9.0   -9 -99.0 -99.0 -99.0 -99.0 -99.0
20260526 243  2.5  2138  14  4.7 1217  14  8.2 1217  24.7  29.1 1140  20.3  200  18.3  23.0  17.0  68.4  52.0 1144  21.0  -9.0  -9.0 -9.00 1004.3 1005.7 1008.3    1 1003.6 1719  9.5  0.7 14.3 -9.0 -9.00 -9.00   -9    0.0   -9.0 -9.00    0.0   -9    0.0   -9   -9.0   -9   -9.0   -9   -9.0   -9 -99.0 -99.0 -99.0 -99.0 -99.0
20260526 244  1.5  1331  18  3.7 1219  14  8.1 2132  22.2  27.1 1210  17.8  348  17.7  22.6  15.9  76.8  58.0 1210  20.2  -9.0  -9.0 -9.00  977.9 1005.9 1008.6    1 1003.5 1743  9.5  0.7 14.3 -9.0 -9.00 -9.00   -9    0.9   -9.0 -9.00    0.9 1959    0.3 2041   -9.0   -9   -9.0   -9   -9.0   -9 -99.0 -99.0 -99.0 -99.0 -99.0
20260526 245  2.4  2037  14  5.6 1356  14 11.1 1239  24.4  28.4 1209  21.2 2351  18.4  22.8  18.1  70.1  52.0 1350  21.1   4.2   2.9 -9.00  997.6 1005.4 1008.2    1 1003.3 1722  9.4  1.2 14.3 -9.0 12.09  2.95 1100    0.7   -9.0 -9.00    0.7 1930    0.2 1942   -9.0   -9   -9.0   -9   -9.0   -9 -99.0 -99.0 -99.0 -99.0 -99.0
20260526 247  2.1  1815  11  5.7 2240  14 11.0 2232  22.1  27.4 1533  18.9  530  18.6  23.7  17.3  81.5  62.0 1534  21.4  -9.0  -9.0 -9.00  990.8 1006.1 1008.6    1 1003.9 1603  9.6  0.0 14.3 -9.0 -9.00 -9.00   -9    6.6   -9.0 -9.00    2.1 1928    0.6 2014   -9.0   -9   -9.0   -9   -9.0   -9 -99.0 -99.0 -99.0 -99.0 -99.0
20260526 248  1.0   887   5  3.9 2309   5  6.8 2300  20.4  24.1 1600  16.2  441  17.0  20.7  14.1  82.4  59.0 1441  19.4  -9.0  -9.0 -9.00  961.0 1007.0 1009.7    1 1004.2 1757  9.9  0.0 14.3 -9.0 -9.00 -9.00   -9    6.8   -9.0 -9.00    3.9 1952    2.0 2017   -9.0   -9   -9.0   -9   -9.0   -9 -99.0 -99.0 -99.0 -99.0 -99.0
20260526 251  2.7  2340  14  6.3 1233  11 12.1 1934  24.0  27.7 1310  21.2  307  18.9  21.9  18.5  73.9  60.0 1154  21.8   4.0   2.8 -9.00  997.9 1004.6 1007.5    1 1002.4 2004  9.3  0.0 14.3 -9.0 11.90  2.41 1200    2.2   -9.0 -9.00    1.7 1910    0.4 1913   -9.0   -9   -9.0   -9   -9.0   -9 -99.0 -99.0 -99.0 -99.0 -99.0
20260526 252  2.6  2241  14  5.6 1255  18 11.9 1108  23.8  28.2 1313  21.3 2108  19.2  22.7  19.4  76.6  58.0 1316  22.3   4.0   2.8 -9.00 1000.7 1005.0 1007.9    1 1002.9 1950  9.6  1.4 14.3 -9.0 13.19  3.06 1000    2.1   -9.0 -9.00    0.8 1826    0.3 1831   -9.0   -9   -9.0   -9   -9.0   -9 -99.0 -99.0 -99.0 -99.0 -99.0
20260526 253  1.3  1136  11  3.5 1754  11  6.7 1730  23.2  29.0 1051  19.6  524  19.6  25.9  17.5  81.8  61.0 1054  22.8   4.0   2.8 -9.00 1002.1 1008.3 1010.8    1 1006.2 1713  8.4  2.4 14.3 -9.0 16.94  2.56 1000   20.8   -9.0 -9.00    9.7 2127    3.2 2203   -9.0   -9   -9.0   -9   -9.0   -9 -99.0 -99.0 -99.0 -99.0 -99.0
20260526 254  1.7  1459  14  4.2 1301  11  7.6 1301  22.8  28.0 1228  19.0  242  17.8  24.7  17.4  75.1  51.0 1229  20.3   3.8   2.7 -9.00  991.7 1006.4 1009.2    7 1004.4 1553  9.5  0.8 14.3 -9.0 12.43  2.57 1200    6.2   -9.0 -9.00    2.4 2104    0.5 1952   -9.0   -9   -9.0   -9   -9.0   -9 -99.0 -99.0 -99.0 -99.0 -99.0
20260526 255  1.0   904   9  3.5 1846   7  6.1 1826  24.0  29.7 1143  19.8  507  19.8  23.5  17.2  79.8  57.0 1141  23.1   3.7   2.6 -9.00 1001.4 1007.2 1009.9    1 1004.9 1704  8.8  1.9 14.3 -9.0 14.80  2.20 1100   30.8   -9.0 -9.00   14.4 2053    4.0 2053   -9.0   -9   -9.0   -9   -9.0   -9 -99.0 -99.0 -99.0 -99.0 -99.0
20260526 257  1.6  1367   7  3.7  932   7  8.0  930  23.9  30.5 1327  19.5  438  20.1  25.9  17.5  80.8  58.0 1330  23.5   4.2   2.9 -9.00 1006.9 1007.6 1010.3   14 1005.6 1612  8.0  3.2 14.3 -9.0 17.29  2.62 1100   13.4   -9.0 -9.00    6.5 2301    2.4 2350   -9.0   -9   -9.0   -9   -9.0   -9 -99.0 -99.0 -99.0 -99.0 -99.0
20260526 258  3.4  2932  14  5.8 1259  14  8.4 1256  21.8  24.8 1118  19.9 2222  19.7  21.6  19.4  88.6  70.0 1133  22.9   1.8   1.3 -9.00 1006.9 1007.1 1009.7    1 1005.6 2359  9.5  0.0 14.2 -9.0  6.40  0.93 1100   49.9   -9.0 -9.00   11.0 1549    2.9 1628   -9.0   -9   -9.0   -9   -9.0   -9 -99.0 -99.0 -99.0 -99.0 -99.0
20260526 259  2.8  2404   9  4.5 1053   9  9.2 1052  21.8  24.0 1144  20.1 2338  19.9  21.6  19.7  89.4  75.0    1  23.2   1.4   1.0 -9.00 1004.0 1005.8 1008.4    1 1004.1 1833 10.0  0.0 14.2 -9.0  4.36  0.93 1100    5.1   -9.0 -9.00    2.4 2142    1.5 2142   -9.0   -9   -9.0   -9   -9.0   -9 -99.0 -99.0 -99.0 -99.0 -99.0
20260526 260  3.2  2775  16  6.2  855  14  9.5 2358  22.3  24.0 1207  20.8 2344  19.8  22.8  19.7  86.4  76.0    1  23.1  -9.0  -9.0 -9.00 1000.9 1005.9 1008.4    1 1004.3 2339 10.0  0.0 14.2 -9.0 -9.00 -9.00   -9    8.0   -9.0 -9.00    4.4 2002    1.3 2023   -9.0   -9   -9.0   -9   -9.0   -9 -99.0 -99.0 -99.0 -99.0 -99.0
20260526 261  5.9  5078   9  8.9 2118  11 13.3 2316  21.5  23.3   43  20.6 2347  19.9  21.8  18.5  90.9  80.0   46  23.2  -9.0  -9.0 -9.00 1003.6 1005.5 1008.3    1 1003.5 1956  9.4  0.0 14.2 -9.0 -9.00 -9.00   -9    4.7   -9.0 -9.00    2.3 2029    1.2 2100   -9.0   -9   -9.0   -9   -9.0   -9 -99.0 -99.0 -99.0 -99.0 -99.0
20260526 262  1.9  1658   5  4.7 2208   9 10.1 2200  21.3  24.0 1016  19.7 2341  19.2  22.6  20.0  88.8  73.0 1019  22.3   1.9   1.3 -9.00 1000.5 1006.5 1009.1    1 1004.8 2351  9.4  0.0 14.2 -9.0  7.31  1.38 1200   50.9   -9.0 -9.00   15.8 1633    9.2 1652   -9.0   -9   -9.0   -9   -9.0   -9 -99.0 -99.0 -99.0 -99.0 -99.0
20260526 263  1.3  1097  20  3.9 1854  23  6.6 1846  22.9  28.5 1459  18.2  525  17.8  25.7  16.5  74.9  51.0 1452  20.4   3.9   2.7 -9.00 1006.0 1007.7 1009.8    1 1005.2 1738  9.0  1.3 14.3 -9.0 15.07  2.63  900   38.6   -9.0 -9.00   13.1 2142    4.6 2203   -9.0   -9   -9.0   -9   -9.0   -9 -99.0 -99.0 -99.0 -99.0 -99.0
20260526 264  1.4  1221   9  3.6 1019  11  6.8 1017  21.7  26.3 1002  18.0  140  16.1  23.3  17.1  71.5  51.0 1143  18.3   2.9   2.0 -9.00  990.2 1007.6 1009.6    1 1005.0 1616  9.5  0.7 14.3 -9.0 10.24  1.78  900   24.3   -9.0 -9.00   11.5 1908    3.7 1934   -9.0   -9   -9.0   -9   -9.0   -9 -99.0 -99.0 -99.0 -99.0 -99.0
20260526 266  2.2  1899   7  5.7 2207   5 10.3 2207  22.2  26.2 1144  18.9 2313  19.7  23.8  18.4  87.3  65.0 1152  23.0   2.5   1.7 -9.00  997.4 1007.6 1009.7    7 1005.8 1553  9.3  0.1 14.3 -9.0  9.99  1.95 1100   31.7   -9.0 -9.00    7.5 2206    3.3 2256   -9.0   -9   -9.0   -9   -9.0   -9 -99.0 -99.0 -99.0 -99.0 -99.0
20260526 268  3.4  2944  14  5.4 1201  11 10.2  409  21.9  23.6   50  20.9  637  19.4  21.6  20.1  86.3  73.0    5  22.5  -9.0  -9.0 -9.00 1002.6 1003.7 1006.5    1 1001.2 1903  9.6  0.0 14.2 -9.0 -9.00 -9.00   -9    3.4   -9.0 -9.00    2.1 1724    0.9 1752   -9.0   -9   -9.0   -9   -9.0   -9 -99.0 -99.0 -99.0 -99.0 -99.0
20260526 271  0.8   726  16  3.0 1200   5  5.3 1732  21.9  29.5 1235  16.3  530  16.5  24.2  14.4  73.6  38.0 1226  18.8  -9.0  -9.0 -9.00  971.6 1008.4 1011.0  556 1005.8 1315  8.1  4.5 14.4 -9.0 -9.00 -9.00   -9    0.0   -9.0 -9.00    0.0   -9    0.0   -9   -9.0   -9   -9.0   -9   -9.0   -9 -99.0 -99.0 -99.0 -99.0 -99.0
20260526 272  1.3  1099  11  3.9 1554  11  6.1 1549  23.3  29.6 1258  18.4  421  18.9  27.3  17.1  78.8  45.0 1324  21.9  -9.0  -9.0 -9.00  983.7 1007.6 1010.0  744 1005.0 1500  8.4  4.3 14.4 -9.0 -9.00 -9.00   -9    0.0   -9.0 -9.00    0.0   -9    0.0   -9   -9.0   -9   -9.0   -9   -9.0   -9 -99.0 -99.0 -99.0 -99.0 -99.0
20260526 273  1.1   977  11  3.9 1707  14  6.9 1704  22.7  30.1 1309  18.4  453  19.7  26.7  15.7  85.9  50.0 1349  23.0  -9.0  -9.0 -9.00  987.2 1006.9 1009.2  707 1003.8 1630  9.0  3.5 14.4 -9.0 -9.00 -9.00   -9   12.0   -9.0 -9.00   12.0 1657    6.0 1706   -9.0   -9   -9.0   -9   -9.0   -9 -99.0 -99.0 -99.0 -99.0 -99.0
20260526 276  1.8  1536  14  4.3 1727  11  6.9 1211  22.6  30.7 1225  16.4  514  17.8  25.0  14.2  77.0  45.0 1206  20.4   4.8   3.3 -9.00  983.9 1007.6 1009.9  546 1004.8 1614  8.0  4.7 14.4 -9.0 17.52  3.19 1100    0.1   -9.0 -9.00    0.1   -9    0.1   -9   -9.0   -9   -9.0   -9   -9.0   -9 -99.0 -99.0 -99.0 -99.0 -99.0
20260526 277  2.0  1727  16  4.9 1217  16  8.2 1212  20.5  26.5 1100  16.8  359  17.3  27.4  16.1  83.3  59.0 1120  19.8  -9.0  -9.0 -9.00 1004.1 1008.9 1010.2    8 1007.2 1503  7.4  8.0 14.4 -9.0 -9.00 -9.00   -9    0.0   -9.0 -9.00    0.0   -9    0.0   -9   -9.0   -9   -9.0   -9   -9.0   -9 -99.0 -99.0 -99.0 -99.0 -99.0
20260526 278  1.0   861  25  3.1 1735  23  6.2 1356  24.1  32.5 1354  17.8  518  19.4  28.7  15.7  78.3  42.0 1400  22.6  -9.0  -9.0 -9.00  997.2 1006.5 1009.0  658 1003.9 1634  8.8  4.6 14.4 -9.0 -9.00 -9.00   -9    0.2   -9.0 -9.00    0.2   -9    0.2   -9   -9.0   -9   -9.0   -9   -9.0   -9 -99.0 -99.0 -99.0 -99.0 -99.0
20260526 279  1.1   921  11  3.3 1217   9  6.0 1246  23.7  30.3 1201  19.7  514  19.6  25.7  18.1  79.5  49.0 1203  22.9   3.9   2.8 -9.00 1001.6 1007.2 1009.3  605 1005.1 1813  9.3  2.2 14.3 -9.0 14.94  3.33 1200    1.1   -9.0 -9.00    0.8 1512    0.8 1602   -9.0   -9   -9.0   -9   -9.0   -9 -99.0 -99.0 -99.0 -99.0 -99.0
20260526 281  1.9  1684   9  4.2 1956   5  8.2 1954  23.1  30.2 1405  17.9  522  18.4  26.7  15.6  77.8  48.0 1412  21.1  -9.0  -9.0 -9.00  997.3 1008.3 1010.4  752 1005.9 1546  8.3  6.4 14.3 -9.0 -9.00 -9.00   -9    1.2   -9.0 -9.00    0.8 2212    0.2   -9   -9.0   -9   -9.0   -9   -9.0   -9 -99.0 -99.0 -99.0 -99.0 -99.0
20260526 283  2.1  1852  18  4.9 1305  18  7.2 1256  23.3  30.1 1200  17.7  532  19.2  26.5  15.0  79.6  57.0 1103  22.3   5.6   3.9 -9.00 1003.9 1008.5 1010.5  809 1006.2 1559  7.5  6.5 14.3 -9.0 22.58  3.10 1100    0.8   -9.0 -9.00    0.6 2225    0.2   -9   -9.0   -9   -9.0   -9   -9.0   -9 -99.0 -99.0 -99.0 -99.0 -99.0
20260526 284  1.5  1284  14  4.0 1416  11  6.6 1231  21.4  26.5 1325  16.6  538  17.9  23.5  14.7  82.0  64.0 1334  20.6   3.3   2.3 -9.00  980.6 1006.7 1008.9    1 1004.0 1735  9.4  1.5 14.3 -9.0 13.58  2.13  900   13.2   -9.0 -9.00    6.8 2010    2.0 2044   -9.0   -9   -9.0   -9   -9.0   -9 -99.0 -99.0 -99.0 -99.0 -99.0
20260526 285  0.5   473  23  1.8 1253  23  4.6 1247  22.5  27.8 1253  18.0  437  19.8  26.1  17.2  86.1  62.0 1156  23.1  -9.0  -9.0 -9.00 1004.7 1007.7 1009.7    1 1005.2 1745  9.1  1.3 14.3 -9.0 -9.00 -9.00   -9   30.7   -9.0 -9.00    9.1 2244    3.2 2314   -9.0   -9   -9.0   -9   -9.0   -9 -99.0 -99.0 -99.0 -99.0 -99.0
20260526 288  1.4  1237  18  3.6 1317  16  6.0 2008  24.0  30.3 1301  19.2  500  20.0  25.4  18.5  80.0  54.0 1901  23.4   4.5   3.1 -9.00 1005.3 1006.2 1008.6    1 1003.7 1739  8.9  4.0 14.3 -9.0 17.94  2.84 1000   34.5   -9.0 -9.00   15.8 2146    3.6 2154   -9.0   -9   -9.0   -9   -9.0   -9 -99.0 -99.0 -99.0 -99.0 -99.0
20260526 289  1.3  1093   5  3.5 1336   5  7.1 1032  22.1  26.0 1440  18.1 2336  19.1  24.4  17.0  84.5  67.0 1328  22.1  -9.0  -9.0 -9.00  992.3 1008.1 1009.9    1 1005.6 1727  9.6  0.0 14.3 -9.0 -9.00 -9.00   -9   25.7   -9.0 -9.00    5.9 2130    1.8 1820   -9.0   -9   -9.0   -9   -9.0   -9 -99.0 -99.0 -99.0 -99.0 -99.0
20260526 294  1.3  1156  11  3.0  944  11  5.6  935  21.4  26.3 1436  18.4  304  18.5  26.3  16.0  84.8  64.0 1430  21.3  -9.0  -9.0 -9.00 1003.0 1008.2 1010.7   14 1006.4 1610  9.1  0.7 14.2 -9.0 -9.00 -9.00   -9   20.2   -9.0 -9.00    4.7 1952    1.8 1956   -9.0   -9   -9.0   -9   -9.0   -9 -99.0 -99.0 -99.0 -99.0 -99.0
20260526 295  1.1   920   7  3.5 1414   9  4.9 1350  21.7  25.9 1334  19.3 2245  19.1  24.8  17.9  86.5  64.0 1608  22.2  -9.0  -9.0 -9.00 1002.3 1007.6 1009.6    2 1005.6 1528 -9.0  0.0 14.2 -9.0 -9.00 -9.00   -9   55.2   -9.0 -9.00   20.9 1727    6.1 1808   -9.0   -9   -9.0   -9   -9.0   -9 -99.0 -99.0 -99.0 -99.0 -99.0
20260526 296  2.0  1742   9  3.5 1750   9  6.7 1713  23.6  28.7 1254  18.7  528  19.9  24.3  15.4  81.3  61.0 1412  23.3   4.3   3.0 -9.00 1006.7 1007.0 1009.5    3 1005.0 1610  7.8  2.5 14.3 -9.0 17.87  2.53 1000   23.6   -9.0  4.83    8.6 2057    3.3 2315   -9.0   -9   -9.0   -9   -9.0   -9 -99.0 -99.0 -99.0 -99.0 -99.0
20260527  90  1.5  1330  34  3.4  833   2  6.4  831  16.4  17.2   23  16.0 2002  15.7  18.1  16.5  95.5  91.0 1336  17.8   1.1   0.8 -9.00 1006.0 1008.1 1009.9  814 1005.6 2352  9.9  0.0 14.5 -9.0  3.51  0.57 1100    2.5   -9.0 -9.00    0.7 1653    0.3 1724   -9.0   -9   -9.0   -9   -9.0   -9 -99.0 -99.0 -99.0 -99.0 -99.0
20260527  93  1.0   822   7  3.0 1639   7  6.4 1634  20.3  23.4 1305  17.4 2344  17.9  21.7  18.0  87.3  70.0 1254  20.5   1.7   1.2 -9.00  994.8 1005.8 1007.5    4 1004.3 1420  9.9  0.0 14.5 -9.0  5.82  0.93 1000    1.3    1.9 14.92    0.7 2312    0.3  837   -9.0   -9   -9.0   -9   -9.0   -9  21.8  19.5  17.1  13.3  12.3
20260527  95  2.4  2106   2  4.6 1513   2  7.7 1820  19.1  21.3 1357  16.7 2348  17.3  19.9  17.2  90.0  80.0  337  19.8   1.5   1.0 -9.00  988.0 1006.0 1007.7  819 1004.7 1354  9.9  0.0 14.5 -9.0  5.09  0.81 1300    4.7    6.4 -9.00    1.3  741    0.8  822   -9.0   -9   -9.0   -9   -9.0   -9 -99.0 -99.0 -99.0 -99.0 -99.0
20260527  98  0.7   576   7  2.1  751   7  5.0 1016  20.1  23.7 1255  17.7 2139  17.0  22.1  18.8  82.9  64.0  549  19.4   1.8   1.2 -9.00  991.5 1004.8 1006.6  740 1003.6 1358  9.8  0.0 14.5 -9.0  6.52  1.76 1200    4.6   -9.0 -9.00    1.9  657    0.6  712   -9.0   -9   -9.0   -9   -9.0   -9 -99.0 -99.0 -99.0 -99.0 -99.0
20260527  99  1.9  1644   9  4.1 1019   9  7.6 1014  19.3  22.5 1340  17.1 2355  18.2  21.6  18.2  93.8  78.0 1345  20.9   1.6   1.1 -9.00 1001.9 1005.5 1007.0  746 1004.3 1347  9.9  0.0 14.5 -9.0  5.97  1.24 1200    5.8   -9.0 -9.00    1.6 1629    0.5  707   -9.0   -9   -9.0   -9   -9.0   -9 -99.0 -99.0 -99.0 -99.0 -99.0
20260527 100  1.8  1579  11  3.6  858  11  6.0  944  14.0  15.8  825  12.9 1906  13.4  15.6  13.3  96.9  90.0  521  15.4   1.0   0.7 -9.00  920.0 1007.4 1009.2   13 1005.5 2359  9.5  0.0 14.5 -9.0  4.23  0.64  900    0.7   -9.0 -9.00    0.5 1801    0.5 1842   -9.0   -9   -9.0   -9   -9.0   -9 -99.0 -99.0 -99.0 -99.0 -99.0
20260527 101  1.7  1438   2  3.7 1742   5  7.2 1708  20.2  23.0 1256  17.3 2400  16.8  21.5  17.6  81.6  69.0 1300  19.1   1.9   1.4 -9.00  996.2 1004.9 1006.7    1 1003.4 1426  9.8  0.0 14.5 -9.0  5.88  1.06 1200    3.0    4.5 -9.00    1.9 2314    0.7 2338   -9.0   -9   -9.0   -9   -9.0   -9  20.7  17.4  15.8  14.2  15.2
20260527 102  1.7  1434   7  3.1    1   9  7.1  118  18.8  20.0    1  17.1 2400  18.1  20.2  18.4  96.3  93.0    1  20.8   1.1   0.8 10.95  999.5 1003.7 1004.9    1 1002.7 1956  9.5  0.0 14.5 -9.0  4.03  0.68 1200    0.9   -9.0 18.25    0.2   -9    0.1   -9   -9.0   -9   -9.0   -9   -9.0   -9 -99.0 -99.0 -99.0 -99.0 -99.0
20260527 104  1.3  1096  36  3.5  932  34  5.9  933  16.8  18.0  854  16.0 2135  16.3  19.7  16.1  97.4  91.0 1437  18.6   1.1   0.8 -9.00  997.9 1006.7 1008.6    5 1004.4 2400  9.8  0.0 14.5 -9.0  4.37  0.64 1000    0.7    3.4  5.72    0.5 2052    0.2 2128   -9.0   -9   -9.0   -9   -9.0   -9  20.1  17.8  16.0  12.9  13.2
20260527 105  1.4  1199  32  3.7 1219  34  5.9 1139  17.8  18.8  910  16.9 2312  15.8  19.7  17.1  88.6  82.0 1459  18.0   1.3   0.9 -9.00 1004.8 1008.0 1009.9    1 1005.7 2358  9.8  0.0 14.5 -9.0  4.13  0.50  800    0.8   -9.0 -9.00    0.4 2106    0.2 2156   -9.0   -9   -9.0   -9   -9.0   -9  20.9 -99.0  17.6  14.7 -99.0
20260527 106  2.0  1732   2  5.2 1038   2  8.0 1031  17.6  18.8 1143  16.8    1  16.2  20.4  16.3  91.8  84.0 1516  18.4   1.7   1.2 -9.00 1003.0 1007.8 1009.7    1 1005.9 2355  9.6  0.0 14.5 -9.0  6.24  0.89  900    0.4   -9.0 -9.00    0.2   -9    0.1   -9   -9.0   -9   -9.0   -9   -9.0   -9 -99.0 -99.0 -99.0 -99.0 -99.0
20260527 108  2.5  2175   5  5.2 1029   5  9.9 1027  22.3  25.1 1311  20.1 2355  18.2  21.9  19.4  78.4  64.0 1302  20.9   2.5   1.8 -9.00  994.6 1004.5 1006.2  742 1003.2 1404  9.9  0.0 14.5 -9.0  7.89  1.72 1100    2.5    5.2  9.85    1.2 2035    0.4  446   -9.0   -9   -9.0   -9   -9.0   -9  21.0  18.1  17.1  14.1  13.5
20260527 112  2.4  2039   9  4.5  439   9  8.3  431  22.0  25.1 1301  19.4 2359  19.6  22.3  19.2  86.9  73.0 1318  22.8   1.9   1.3  0.38  996.2 1004.1 1005.6  734 1002.9 1407  9.8  0.0 14.5 -9.0  6.82  1.64 1100    4.3    6.1  8.33    2.5 1941    1.0 2021   -9.0   -9   -9.0   -9   -9.0   -9  20.2  18.0  13.3  15.4  13.5
20260527 114  1.4  1207  20  2.9 1423  18  5.7 1421  22.9  26.4 1342  20.4  519  18.3  23.0  20.3  76.5  62.0 1336  21.1   2.4   1.7 -9.00  987.3 1004.3 1006.4    1 1002.7 1445  9.5  0.1 14.5 -9.0  7.94  1.42 1100    0.4   -9.0 -9.00    0.3   22    0.3   31   -9.0   -9   -9.0   -9   -9.0   -9 -99.0 -99.0 -99.0 -99.0 -99.0
20260527 115  2.9  2472   5  5.4 1947   5  7.9 1947  20.0  22.5 1021  18.3 2017  17.2  21.3  15.5  84.4  78.0  147  19.6   2.8   1.9 -9.00  981.3 1006.6 1009.7    1 1004.8 1612  9.4  0.4 14.5 -9.0 12.01  1.68 1000    0.2    0.3  2.38    0.2   -9    0.2   -9   -9.0   -9   -9.0   -9   -9.0   -9  18.4  15.5  14.8  12.2  13.1
20260527 119  2.5  2176  11  5.3 1009   7  8.9  248  22.6  25.0 1346  20.6  709  18.9  22.7  19.7  80.3  66.0 1324  21.9   2.4   1.7 -9.00  999.4 1004.0 1005.6  729 1002.6 1729  9.5  0.1 14.5 -9.0  7.73  1.34 1000    0.7    3.8  4.08    0.4  143    0.2   -9   -9.0   -9   -9.0   -9   -9.0   -9  21.1  17.5  15.4  12.4  12.4
20260527 121  1.8  1568   9  3.8  109   7  6.3   27  21.1  24.6 1046  19.0  337  17.4  22.8  18.3  80.1  71.0 1417  19.9   2.1   1.5 -9.00  978.1 1005.5 1007.6  133 1003.8 1510  9.8  0.0 14.5 -9.0  7.38  1.30 1000    0.4   -9.0 -9.00    0.4   28    0.3  115   -9.0   -9   -9.0   -9   -9.0   -9 -99.0 -99.0 -99.0 -99.0 -99.0
20260527 127  1.8  1592   9  4.2 1129   5  7.2 1140  23.0  25.8 1312  21.2 2356  17.4  23.3  20.4  71.0  62.0  104  19.9   2.8   2.0 -9.00  990.7 1003.8 1005.3  905 1002.3 1432  9.8  0.0 14.4 -9.0 10.06  1.85 1200    0.0   -9.0 -9.00    0.0   -9    0.0   -9   -9.0   -9   -9.0   -9   -9.0   -9 -99.0 -99.0 -99.0 -99.0 -99.0
20260527 129  2.0  1725   7  4.7  940   7  7.5  938  22.6  24.8 1348  20.9 2256  20.3  24.3  20.6  87.1  73.0  444  23.8   1.8   1.3 -9.00 1001.0 1003.9 1004.7    1 1003.0 1758  9.9  0.0 14.4 -9.0  7.56  1.24 1300    2.2    3.2 -9.00    0.9 1859    0.4 1907   -9.0   -9   -9.0   -9   -9.0   -9  20.8  17.5  17.6  13.4  14.6
20260527 130  1.2  1058  14  3.2 1027   9  6.9 1025  17.8  19.4 1339  17.0 1945  17.1  20.3  16.8  95.8  93.0  822  19.5  -9.0  -9.0 -9.00 1001.6 1007.3 1009.7    7 1005.8 2357  9.6  0.0 14.4 -9.0 -9.00 -9.00   -9    8.4   -9.0 -9.00    2.3 1407    0.9 1430   -9.0   -9   -9.0   -9   -9.0   -9 -99.0 -99.0 -99.0 -99.0 -99.0
20260527 131  1.5  1307   9  3.8  142   9  6.8  154  23.1  25.5 1353  20.7  638  17.8  23.9  20.7  72.8  59.0  140  20.4   3.0   2.1 -9.00  997.2 1003.9 1005.3  706 1002.7 1422 10.0  0.1 14.4 -9.0 10.72  1.84 1100    5.6    5.5  6.88    2.9  432    0.7  443   -9.0   -9   -9.0   -9   -9.0   -9 -99.0 -99.0 -99.0 -99.0 -99.0
20260527 133  3.0  2569  14  5.8 1156  14  9.4 1150  22.3  25.7 1414  19.7  428  19.1  24.1  19.8  83.3  68.0  111  22.1   3.1   2.2 -9.00  996.5 1004.3 1005.6    1 1003.0 1447  9.8  0.1 14.4 -9.0 11.85  1.85 1100   16.8    4.9  7.33    5.5  447    2.2  733   -9.0   -9   -9.0   -9   -9.0   -9  22.7  20.4  17.9  15.1  15.4
20260527 135  2.4  2049   9  5.9 1220   9  8.8  606  19.5  20.9 1335  18.2  708  17.7  21.7  18.8  90.0  81.0    1  20.3   1.9   1.3 -9.00  976.8 1004.8 1006.7   23 1003.5 1511  9.8  0.0 14.4 -9.0  7.32  1.39 1200    1.8   -9.0 -9.00    0.6  218    0.2   -9   -9.0   -9   -9.0   -9   -9.0   -9 -99.0 -99.0 -99.0 -99.0 -99.0
20260527 136  1.5  1315  11  3.8    2  11  6.3 1245  20.5  22.1 1516  19.1  745  17.5  22.3  18.7  83.5  77.0  449  20.0   2.0   1.4 -9.00  990.2 1006.5 1008.3    1 1004.9 1525  9.4  0.0 14.4 -9.0  7.84  1.31 1200    3.9    1.7  6.17    1.3  558    0.6  601   -9.0   -9   -9.0   -9   -9.0   -9 -99.0 -99.0 -99.0 -99.0 -99.0
20260527 137  0.6   504   2  1.9  851   5  3.9  649  20.5  22.2    2  18.8  759  18.9  22.0  19.2  91.3  82.0    1  21.9   1.2   0.8 -9.00  993.4 1004.6 1006.2    1 1003.2 1736  9.8  0.0 14.4 -9.0  3.36  0.58 1200    1.8   -9.0 -9.00    0.9  312    0.5  319   -9.0   -9   -9.0   -9   -9.0   -9 -99.0 -99.0 -99.0 -99.0 -99.0
20260527 138  3.3  2884   2  5.3 1341   7 10.5 1202  18.8  19.7    1  18.0 2141  17.9  20.4  17.7  94.5  89.0 1602  20.5   1.5   1.0 -9.00 1005.4 1005.9 1008.1    1 1004.5 1609  9.9  0.0 14.4 -9.0  5.21  0.83 1300    1.7    0.4 13.33    1.0    7    0.3    7   -9.0   -9   -9.0   -9   -9.0   -9  20.2  17.6  16.6  15.1  15.7
20260527 140  2.2  1936  34  4.1 1430   9  7.1  116  22.1  25.5 1327  19.8  552  19.7  24.3  18.5  86.6  71.0  104  23.0  -9.0  -9.0 -9.00 1001.1 1004.3 1005.4 2136 1003.1 1441  9.9  0.4 14.4 -9.0 -9.00 -9.00   -9    2.1   -9.0 -9.00    1.1  431    0.4  444   -9.0   -9   -9.0   -9   -9.0   -9 -99.0 -99.0 -99.0 -99.0 -99.0
20260527 143  3.3  2884  11  5.9 1056  11  9.8 1052  20.4  21.9 1255  19.3  527  17.5  21.5  18.9  84.1  76.0 1422  20.0   2.5   1.8 -9.00  998.6 1004.9 1006.9    1 1003.2 1607  9.9  0.0 14.3 -9.0  7.17  1.05 1100    6.4   -9.0  6.33    2.4  147    1.0  207   -9.0   -9   -9.0   -9   -9.0   -9 -99.0 -99.0 -99.0 -99.0 -99.0
20260527 146  1.7  1475  32  3.5 1410  32  5.7 1544  23.9  29.2 1134  21.2  519  19.4  24.1  20.0  76.9  55.0 1138  22.6   2.8   1.9 -9.00  996.2 1003.1 1004.7    1 1001.7 1159  9.6  0.2 14.3 -9.0  8.95  2.24 1100    1.3    9.0  5.83    1.0 2252    0.3 2312   -9.0   -9   -9.0   -9   -9.0   -9 -99.0 -99.0 -99.0 -99.0 -99.0
20260527 152  1.8  1564   2  3.5 1551   5  6.3 1547  19.2  21.1 1403  18.1 1838  18.3  22.0  18.1  94.5  90.0    2  21.0   1.6   1.1 -9.00  995.7 1005.1 1007.4    1 1003.5 1452  9.8  0.0 14.3 -9.0  5.54  1.31 1300   12.5   -9.0 15.40    3.2  205    0.9  234   -9.0   -9   -9.0   -9   -9.0   -9 -99.0 -99.0 -99.0 -99.0 -99.0
20260527 155  1.1   993   2  2.3 1216   7  4.4 1330  21.3  22.4 1430  19.7   45  20.1  22.7  19.6  93.3  85.0 1807  23.5   1.5   1.1 -9.00 1000.2 1004.3 1007.0    1 1003.0 1626  9.9  0.0 14.3 -9.0  5.03  1.05 1100    6.5   -9.0 14.05    2.6    3    0.7   47   -9.0   -9   -9.0   -9   -9.0   -9 -99.0 -99.0 -99.0 -99.0 -99.0
20260527 156  1.9  1645   5  4.5   19   5  7.3    7  22.6  27.1 1250  20.2  134  20.8  24.0  20.0  90.4  72.0 1254  24.6   1.9   1.3 -9.00  994.2 1002.3 1004.0 2212 1001.0 1344  9.6  0.0 14.3 -9.0  8.07  1.29 1200    8.4   -9.0  9.73    2.2 2218    0.6 2158   -9.0   -9   -9.0   -9   -9.0   -9 -99.0 -99.0 -99.0 -99.0 -99.0
20260527 159  2.9  2520   9  4.3  306  11  9.8  324  20.4  21.4 1538  19.6 2243  18.7  21.1  18.1  90.4  83.0 2358  21.6   2.0   1.4 -9.00  996.0 1004.0 1006.7    7 1002.6 1539  9.8  0.0 14.3 -9.0  5.83  0.89 1200   14.4    3.4 13.33    3.0   34    0.7   45   -9.0   -9   -9.0   -9   -9.0   -9  21.4  19.1  18.3  15.6  16.7
20260527 162  2.2  1919   5  4.3   26   7  7.0 1348  20.7  22.2 1337  19.6    1  19.1  22.4  19.8  91.1  83.0 1406  22.1   1.7   1.2 -9.00  999.7 1003.3 1005.8    1 1002.1 1411  9.6  0.0 14.3 -9.0  5.95  0.99 1300   13.7   -9.0 -9.00    6.1    1    1.6    3   -9.0   -9   -9.0   -9   -9.0   -9 -99.0 -99.0 -99.0 -99.0 -99.0
20260527 165  2.0  1768  32  4.0 1719   9  6.4   38  22.4  25.5 1210  20.5 2359  20.6  23.8  20.0  90.3  76.0 1129  24.3   2.0   1.4  2.97  998.2 1003.4 1005.5 2209 1002.1  451  9.5  0.4 14.3 -9.0  8.91  1.47  800    1.1    6.5  6.38    0.6 2044    0.2   -9   -9.0   -9   -9.0   -9   -9.0   -9  21.4  19.5  17.4  15.5  14.7
20260527 168  5.6  4836   9  9.2  129   9 13.9  129  20.9  22.3 1349  19.3   15  19.5  21.9  19.4  91.9  86.0 1717  22.7   2.3   1.6 -9.00  996.1 1003.7 1005.7    1 1002.6 1352  9.5  0.0 14.3 -9.0  8.87  1.54 1300    9.7    0.1  9.37    3.4    1    1.3    9   -9.0   -9   -9.0   -9   -9.0   -9  21.7  19.3  17.5  15.7  16.5
20260527 169  2.7  2333  11  6.4  128  16  9.6  121  20.0  23.6 1232  17.3   10  18.9  21.5  18.1  94.1  81.0 1302  21.9   2.2   1.5  6.98  994.8 1003.5 1005.7 2331 1002.0  319  9.4  0.0 14.3 -9.0  9.54  1.69 1200    0.2   -9.0  1.83    0.1   -9    0.1   -9   -9.0   -9   -9.0   -9   -9.0   -9 -99.0 -99.0 -99.0 -99.0 -99.0
20260527 170  2.1  1827  11  5.1  113  14  8.9   36  21.6  24.5 1357  20.1    1  20.4  22.9  20.1  93.5  84.0 1428  24.0   1.6   1.1 -9.00  999.5 1003.6 1005.7 2202 1002.5  436  9.5  0.0 14.2 -9.0  5.59  1.03 1300    5.8   -9.0 -9.00    1.6  249    0.4  339   -9.0   -9   -9.0   -9   -9.0   -9 -99.0 -99.0 -99.0 -99.0 -99.0
20260527 172  1.9  1661   9  4.4    1   7  7.0   17  22.5  26.3 1257  20.6  337  21.0  22.8  20.2  91.5  70.0 1234  24.8   2.3   1.6 -9.00  997.1 1003.1 1004.8 2200 1002.2  322  9.5  0.1 14.3 -9.0  9.93  1.75  900   11.7   -9.0 -9.00    4.9  306    2.2  154   -9.0   -9   -9.0   -9   -9.0   -9 -99.0 -99.0 -99.0 -99.0 -99.0
20260527 174  1.2  1036  14  4.3 1248  14  7.9 1246  21.3  24.3 1206  18.6   43  18.7  23.5  18.9  85.9  72.0 1209  21.5  -9.0  -9.0 -9.00  983.4 1002.2 1004.1    1 1000.9 1504  9.6  0.0 14.3 -9.0 -9.00 -9.00   -9    2.5   -9.0 -9.00    1.2  126    0.4  112   -9.0   -9   -9.0   -9   -9.0   -9 -99.0 -99.0 -99.0 -99.0 -99.0
20260527 177  1.6  1404   5  4.1 1058   5  6.3 1052  23.1  25.4 1456  20.8  542  20.1  24.3  17.2  83.8  74.0 1223  23.5   2.3   1.6 -9.00  999.5 1002.7 1003.8  732 1001.5 1742  9.9  0.0 14.4 -9.0  9.18  1.70 1000    1.4    2.3  7.58    0.5 2134    0.2   -9   -9.0   -9   -9.0   -9   -9.0   -9 -99.0 -99.0 -99.0 -99.0 -99.0
20260527 181  1.9  1634  14  4.1  229  16  6.8  230  22.2  24.6 1316  19.8  529  18.9  23.5  19.7  82.1  67.0  143  21.8   2.8   2.0 -9.00 1000.6 1004.5 1005.9  802 1003.2 1705  9.9  0.0 14.4 -9.0 11.12  1.63 1100    3.7   -9.0 -9.00    2.6  432    1.2  435   -9.0   -9   -9.0   -9   -9.0   -9 -99.0 -99.0 -99.0 -99.0 -99.0
20260527 184  3.0  2571   5  4.8 1035   7  9.0   16  21.2  22.8 1251  20.1 2320  19.4  23.0  20.7  89.8  81.0 1219  22.6   2.1   1.5 -9.00 1000.2 1002.6 1005.4 2254 1000.3  118  9.5  0.1 14.1 -9.0  7.48  1.85 1000    0.5    0.5 14.65    0.3 2058    0.1   -9   -9.0   -9   -9.0   -9   -9.0   -9  22.6  20.6  19.8  17.3  16.5
20260527 185  2.4  2042  16  6.2 1148  14  7.8    6  21.9  25.2  931  20.2 2304  20.8  24.9  20.8  93.5  84.0 1318  24.5   3.6   2.5 -9.00  994.3 1002.4 1005.4 2252 1000.7  445  8.1  3.9 14.1 -9.0 18.67  3.07 1000   -9.0   -9.0 -9.00   -9.0   -9   -9.0   -9   -9.0   -9   -9.0   -9   -9.0   -9 -99.0 -99.0 -99.0 -99.0 -99.0
20260527 188  3.1  2677  11  6.7   18   9  8.9   17  20.8  21.8    7  19.6 1916  20.2  21.6  19.1  96.8  95.0 1350  23.7  -9.0  -9.0 -9.00 1000.8 1003.1 1006.0 2312 1000.9  427  8.6  0.0 14.1 -9.0 -9.00 -9.00   -9    2.1   -9.0 -9.00    0.5  541    0.2   -9   -9.0   -9   -9.0   -9   -9.0   -9 -99.0 -99.0 -99.0 -99.0 -99.0
20260527 189  1.4  1231   7  3.2  249   9  6.2 2230  22.6  25.0  858  21.2 2122  20.8  24.7  20.6  89.6  84.0  940  24.6   1.6   1.1 -9.00  996.8 1002.7 1005.5 2252 1000.5  419  8.8  0.7 14.1 -9.0  7.15  1.67  800    0.7    0.6  3.22    0.3    1    0.3    8   -9.0   -9   -9.0   -9   -9.0   -9 -99.0 -99.0 -99.0 -99.0 -99.0
20260527 192  0.6   478   2  1.7 1047   9  3.7 1043  20.2  21.8 1405  18.5    7  19.3  22.3  19.1  95.0  92.0 1349  22.4   1.4   1.0 -9.00 1001.1 1004.5 1007.0    1 1003.1 1604  9.9  0.0 14.3 -9.0  4.45  0.64 1200   15.6    0.9 -9.00    9.5    1    3.2   29   -9.0   -9   -9.0   -9   -9.0   -9 -99.0 -99.0 -99.0 -99.0 -99.0
20260527 201  1.9  1603   5  3.8  951   5  7.1  954  20.0  22.1   32  18.0 2232  18.9  20.7  17.9  93.8  81.0 1505  21.8  -9.0  -9.0 -9.00  999.7 1005.3 1006.7  819 1004.2 1845  9.9  0.0 14.5 -9.0 -9.00 -9.00   -9    4.5   -9.0 -9.00    1.9 1939    0.8 1606   -9.0   -9   -9.0   -9   -9.0   -9 -99.0 -99.0 -99.0 -99.0 -99.0
20260527 202  1.3  1163   9  3.6 1035  11  6.3 1032  22.3  25.6 1320  19.7 2400  18.1  23.9  19.4  78.1  63.0 1140  20.8  -9.0  -9.0 -9.00  999.3 1004.7 1006.4   13 1003.3 1749  9.6  0.2 14.5 -9.0 -9.00 -9.00   -9    0.2   -9.0 -9.00    0.3 2318    0.1   -9   -9.0   -9   -9.0   -9   -9.0   -9 -99.0 -99.0 -99.0 -99.0 -99.0
20260527 203  0.9   758   7  2.3 1129   7  4.8 1053  22.4  25.3 1100  20.2  609  20.1  24.5  20.7  87.6  71.0 1109  23.6  -9.0  -9.0 -9.00  995.8 1005.0 1006.5    1 1003.4 1742  9.8  0.1 14.5 -9.0 -9.00 -9.00   -9    0.7   -9.0 -9.00    0.7  510    0.3  540   -9.0   -9   -9.0   -9   -9.0   -9 -99.0 -99.0 -99.0 -99.0 -99.0
20260527 211  1.9  1678   7  4.6 1622   2  9.5 1655  17.7  20.4 1205  15.8 2304  15.2  19.7  15.5  85.8  73.0 1209  17.3  -9.0  -9.0 -9.00  983.0 1006.4 1008.4    1 1005.1 2349  9.9  0.0 14.5 -9.0 -9.00 -9.00   -9    1.8   -9.0 -9.00    1.4 1658    0.4 1735   -9.0   -9   -9.0   -9   -9.0   -9 -99.0 -99.0 -99.0 -99.0 -99.0
20260527 212  1.1   933   7  3.0 1322   7  6.0 1318  20.4  24.2 1301  17.2 2356  16.4  21.1  16.9  78.5  63.0 1312  18.6  -9.0  -9.0 -9.00  989.5 1005.6 1007.7    4 1003.9 1429  9.6  0.1 14.5 -9.0 -9.00 -9.00   -9    0.3   -9.0 -9.00    0.9 2314    0.3 2356   -9.0   -9   -9.0   -9   -9.0   -9 -99.0 -99.0 -99.0 -99.0 -99.0
20260527 216  1.1   946   7  2.3 1340   7  4.1 1337  15.5  17.1  847  14.3 2335  14.7  18.4  15.9  95.3  89.0  753  16.7   1.5   1.1 -9.00  926.5 1007.2 1009.0    1 1005.9 2354  9.9  0.0 14.5 -9.0  4.73  0.77 1200    5.9   -9.0 -9.00    1.9  930    0.8 1017   -9.0   -9   -9.0   -9   -9.0   -9 -99.0 -99.0 -99.0 -99.0 -99.0
20260527 217  1.4  1240  36  3.9 1428  36  6.6 1423  18.6  22.5 1153  16.4 2334  15.0  22.4  17.8  80.3  67.0 1200  17.1  -9.0  -9.0 -9.00  970.8 1006.6 1008.8    1 1005.0 1512  9.5  0.0 14.5 -9.0 -9.00 -9.00   -9    0.1   -9.0 -9.00    0.1   -9    0.1   -9   -9.0   -9   -9.0   -9   -9.0   -9 -99.0 -99.0 -99.0 -99.0 -99.0
20260527 221  2.3  1946   5  4.1 1149   2  7.0 1136  20.8  23.8 1130  19.2  521  17.0  21.6  19.1  79.5  70.0 1313  19.4  -9.0  -9.0 -9.00  974.8 1005.0 1007.0    5 1003.3 1500  9.6  0.2 14.5 -9.0 -9.00 -9.00   -9    0.0   -9.0 -9.00    0.0   -9    0.0   -9   -9.0   -9   -9.0   -9   -9.0   -9 -99.0 -99.0 -99.0 -99.0 -99.0
20260527 226  1.6  1350  16  3.1    1  16  5.7    1  20.5  22.6    1  19.1  656  18.5  21.4  18.6  88.9  76.0    1  21.4  -9.0  -9.0 -9.00  985.2 1004.8 1006.3  725 1003.6 1734  9.6  0.0 14.4 -9.0 -9.00 -9.00   -9    5.4   -9.0 -9.00    2.5  615    0.9  649   -9.0   -9   -9.0   -9   -9.0   -9 -99.0 -99.0 -99.0 -99.0 -99.0
20260527 232  2.1  1844   9  4.6 1058   7  7.6 1112  22.5  25.2 1419  20.0  556  19.6  25.2  19.7  84.3  72.0 1420  22.8  -9.0  -9.0 -9.00  995.0 1004.7 1006.2  723 1003.4 1754  9.8  0.6 14.4 -9.0 -9.00 -9.00   -9    1.2   -9.0 -9.00    0.9  457    0.3  508   -9.0   -9   -9.0   -9   -9.0   -9 -99.0 -99.0 -99.0 -99.0 -99.0
20260527 235  1.5  1265   9  3.2  126  14  5.6   20  23.5  26.8 1439  19.8 2354  19.3  24.3  19.7  78.3  60.0    1  22.5   2.4   1.6 -9.00 1001.8 1003.0 1004.1 2301 1002.1 1421  9.6  0.0 14.4 -9.0  8.85  1.59 1400    0.1   -9.0 -9.00    0.1   -9    0.1   -9   -9.0   -9   -9.0   -9   -9.0   -9 -99.0 -99.0 -99.0 -99.0 -99.0
20260527 236  1.3  1107   7  3.1 1101   9  5.6  155  22.5  25.8 1436  19.9  518  20.0  24.8  19.8  86.8  71.0 1112  23.5  -9.0  -9.0 -9.00 1002.5 1004.0 1005.1    1 1002.9 1816  9.6  0.0 14.4 -9.0 -9.00 -9.00   -9    0.9   -9.0 -9.00    0.4  338    0.2   -9   -9.0   -9   -9.0   -9   -9.0   -9 -99.0 -99.0 -99.0 -99.0 -99.0
20260527 238  1.6  1409   9  3.8 1251   9  6.8 1251  22.5  26.0 1235  19.4  246  19.0  24.0  18.9  81.3  66.0 1241  21.9  -9.0  -9.0 -9.00  984.1 1003.4 1005.1    3 1001.8 1458  9.3  0.3 14.4 -9.0 -9.00 -9.00   -9    0.9   -9.0 -9.00    0.8  130    0.6  219   -9.0   -9   -9.0   -9   -9.0   -9 -99.0 -99.0 -99.0 -99.0 -99.0
20260527 239  1.9  1636   9  3.6 1155   9  5.6 1130  21.6  24.9 1308  19.2  407  19.5  23.9  19.5  88.5  70.0 1315  22.6   2.8   2.0 -9.00  993.5 1003.8 1005.3  759 1002.4 1431  9.9  0.1 14.4 -9.0 11.18  2.07 1100   13.8   -9.0 -9.00    5.3  332    1.7  405   -9.0   -9   -9.0   -9   -9.0   -9 -99.0 -99.0 -99.0 -99.0 -99.0
20260527 243  1.7  1493  14  3.6   22  14  5.3   22  22.7  27.0 1144  20.3  545  19.6  23.6  19.1  84.3  61.0 1138  22.9  -9.0  -9.0 -9.00 1002.2 1003.6 1004.9 2153 1002.6 1448  9.8  0.3 14.3 -9.0 -9.00 -9.00   -9    0.8   -9.0 -9.00    0.4 2145    0.1   -9   -9.0   -9   -9.0   -9   -9.0   -9 -99.0 -99.0 -99.0 -99.0 -99.0
20260527 244  1.5  1253  16  3.1  228  18  6.9  134  23.3  27.6 1228  20.8   59  18.7  23.9  19.0  76.3  58.0 1244  21.7  -9.0  -9.0 -9.00  975.0 1002.8 1004.9    1 1001.2 1515  9.8  0.7 14.3 -9.0 -9.00 -9.00   -9    0.0   -9.0 -9.00    0.0   -9    0.0   -9   -9.0   -9   -9.0   -9   -9.0   -9 -99.0 -99.0 -99.0 -99.0 -99.0
20260527 245  1.5  1334  34  3.3 1721  34  4.9 1714  22.7  27.9 1147  20.1  224  20.1  23.4  19.2  86.0  64.0 1142  23.6   2.6   1.8 -9.00  995.5 1003.4 1004.8 2210 1002.2 1136  9.8  0.2 14.3 -9.0  9.85  2.00 1000    0.9   -9.0 -9.00    0.4 2202    0.2   -9   -9.0   -9   -9.0   -9   -9.0   -9 -99.0 -99.0 -99.0 -99.0 -99.0
20260527 247  3.3  2834   9  5.3 1005  11  9.5 1254  22.8  27.0 1232  19.2    1  18.8  22.2  18.1  78.9  68.0 1232  21.7  -9.0  -9.0 -9.00  987.9 1003.0 1005.3    4 1001.6 1528  9.6  0.4 14.3 -9.0 -9.00 -9.00   -9    1.1   -9.0 -9.00    1.0 2253    0.3 2327   -9.0   -9   -9.0   -9   -9.0   -9 -99.0 -99.0 -99.0 -99.0 -99.0
20260527 248  1.3  1145   7  3.5 1308   5  7.1 1144  21.5  24.8 1222  18.0   44  17.9  22.5  17.5  81.0  67.0 1229  20.6  -9.0  -9.0 -9.00  958.1 1003.7 1006.5    2 1001.9 1534  9.6  0.2 14.3 -9.0 -9.00 -9.00   -9   -9.0   -9.0 -9.00   -9.0   -9   -9.0   -9   -9.0   -9   -9.0   -9   -9.0   -9 -99.0 -99.0 -99.0 -99.0 -99.0
20260527 251  1.6  1384   9  3.1   17  11  7.2    8  22.2  26.6 1251  20.0  545  20.1  22.8  19.7  89.1  70.0 1212  23.6   2.1   1.5 -9.00  996.1 1002.8 1004.4 2201 1001.8 1252  9.6  0.0 14.3 -9.0  8.49  1.50 1200    9.6   -9.0 -9.00    4.9  145    2.1  145   -9.0   -9   -9.0   -9   -9.0   -9 -99.0 -99.0 -99.0 -99.0 -99.0
20260527 252  1.0   838  11  2.7   44   7  4.9   49  21.9  25.6 1137  19.9  346  20.3  22.9  19.6  91.3  75.0 1139  23.8   2.1   1.5 -9.00  999.0 1003.3 1004.9 2155 1002.3  430  9.6  0.0 14.3 -9.0  8.56  1.56 1100   10.6   -9.0 -9.00    7.5  344    2.3  311   -9.0   -9   -9.0   -9   -9.0   -9 -99.0 -99.0 -99.0 -99.0 -99.0
20260527 253  0.9   807  11  2.6  406  11  6.1  330  21.1  22.5 1452  20.0    1  19.9  22.5  19.6  93.4  82.0 2126  23.3   1.6   1.1 -9.00  998.8 1005.1 1007.7    1 1003.6 1632  9.5  0.0 14.3 -9.0  3.91  0.83 1200    5.8   -9.0 -9.00    2.1    1    0.6   15   -9.0   -9   -9.0   -9   -9.0   -9 -99.0 -99.0 -99.0 -99.0 -99.0
20260527 254  1.3  1088  14  3.0 1051  11  5.5 1057  22.7  28.1 1219  19.1  355  19.1  23.6  18.5  81.1  58.0 1222  22.2   3.1   2.1 -9.00  988.9 1003.6 1005.5    1 1002.1 1517  9.5  0.9 14.3 -9.0 11.64  2.75 1100    2.1   -9.0 -9.00    1.0 2233    0.5 1822   -9.0   -9   -9.0   -9   -9.0   -9 -99.0 -99.0 -99.0 -99.0 -99.0
20260527 255  1.3  1092   7  2.8  331   9  6.2  347  22.0  23.0 1506  20.2    3  20.1  21.0  19.3  89.8  81.0 1602  23.6   1.4   1.0 -9.00  998.3 1004.2 1006.8    1 1002.8 1623  9.5  0.0 14.3 -9.0  3.37  0.52 1100    6.1   -9.0 -9.00    2.5    2    0.7    3   -9.0   -9   -9.0   -9   -9.0   -9 -99.0 -99.0 -99.0 -99.0 -99.0
20260527 257  2.8  2424   5  4.4  520  36  9.2  922  21.2  22.9 1449  20.1 2245  20.3  22.5  19.0  94.9  89.0 1911  23.9   1.9   1.4 -9.00 1004.0 1004.7 1007.1    7 1003.1 1651  9.9  0.1 14.3 -9.0  6.70  1.32  900   15.5   -9.0 -9.00    6.3    1    1.8    2   -9.0   -9   -9.0   -9   -9.0   -9 -99.0 -99.0 -99.0 -99.0 -99.0
20260527 258  2.5  2138  11  4.7  228  11  6.9  236  22.0  24.3 1419  19.9  348  20.4  21.4  19.5  91.3  80.0 1423  24.0   2.0   1.4 -9.00 1003.9 1004.1 1005.8 2240 1003.0 1501  9.6  0.0 14.3 -9.0  5.00  0.68 1100    2.3   -9.0 -9.00    1.2  418    0.3  424   -9.0   -9   -9.0   -9   -9.0   -9 -99.0 -99.0 -99.0 -99.0 -99.0
20260527 259  1.6  1396   9  4.0  128   9  9.8  141  22.1  24.9 1338  20.0   33  20.8  22.8  19.5  93.3  79.0 1326  24.6   1.9   1.3 -9.00 1001.5 1003.4 1005.2 2204 1002.4 1334  9.6  0.0 14.2 -9.0  7.01  0.98 1000    2.6   -9.0 -9.00    0.7  453    0.4 1746   -9.0   -9   -9.0   -9   -9.0   -9 -99.0 -99.0 -99.0 -99.0 -99.0
20260527 260  2.4  2069  11  5.4  143   9 10.9  136  22.4  24.5 1428  20.9  255  20.3  22.6  19.7  88.4  81.0 1312  23.9  -9.0  -9.0 -9.00  998.3 1003.3 1005.3 2224 1002.3  430  9.4  0.0 14.3 -9.0 -9.00 -9.00   -9    0.0   -9.0 -9.00    0.0   -9    0.0   -9   -9.0   -9   -9.0   -9   -9.0   -9 -99.0 -99.0 -99.0 -99.0 -99.0
20260527 261  3.5  3019   9  8.6   24   9 11.8    6  22.5  25.2 1200  20.3  225  20.9  23.0  17.8  91.4  82.0 1122  24.7  -9.0  -9.0 -9.00 1001.6 1003.5 1005.8 2201 1002.2  423  9.4  0.0 14.2 -9.0 -9.00 -9.00   -9    1.6   -9.0 -9.00    0.8 1842    0.3 1852   -9.0   -9   -9.0   -9   -9.0   -9 -99.0 -99.0 -99.0 -99.0 -99.0
20260527 262  1.9  1603   5  3.8   41   7  8.6    6  21.7  24.1 1410  19.7    1  20.2  22.8  20.1  91.9  82.0 1345  23.7   1.8   1.3 -9.00  997.4 1003.4 1005.3 2254 1002.4 1433  9.5  0.0 14.2 -9.0  7.01  1.18 1200    8.5   -9.0 -9.00    3.3  315    1.4  321   -9.0   -9   -9.0   -9   -9.0   -9 -99.0 -99.0 -99.0 -99.0 -99.0
20260527 263  1.2  1047   2  3.0 1127   5  5.1 1121  20.9  22.7 1403  19.4    1  18.7  22.6  19.1  87.5  78.0 1413  21.6   1.6   1.1 -9.00 1003.0 1004.6 1007.1    1 1003.1 1611  9.4  0.0 14.3 -9.0  4.82  0.91 1100   12.9   -9.0 -9.00    9.0 -2332    3.0   20   -9.0   -9   -9.0   -9   -9.0   -9 -99.0 -99.0 -99.0 -99.0 -99.0
20260527 264  0.9   812  18  2.1 1736  14  3.5  313  20.7  23.6 1613  18.2    1  16.9  22.4  18.1  79.1  68.0 1640  19.2   2.2   1.6 -9.00  987.3 1004.8 1007.6    1 1003.0 1551  9.8  0.0 14.3 -9.0  7.56  1.12 1100    4.8   -9.0 -9.00    0.7  239    0.2   -9   -9.0   -9   -9.0   -9   -9.0   -9 -99.0 -99.0 -99.0 -99.0 -99.0
20260527 266  2.7  2335   7  5.8  336   9 11.1  329  21.7  24.5 1209  19.0    1  20.5  23.4  18.4  93.0  81.0 1243  24.1   3.2   2.2 -9.00  994.0 1004.1 1006.3    1 1003.0 1337  9.9  0.4 14.3 -9.0 13.56  2.69 1200    4.2   -9.0 -9.00    2.0  216    0.8  147   -9.0   -9   -9.0   -9   -9.0   -9 -99.0 -99.0 -99.0 -99.0 -99.0
20260527 268  1.9  1601   9  4.1  245   9  8.9  237  22.1  25.3 1125  20.4 2303  20.1  22.5  19.9  89.5  74.0 1122  23.6  -9.0  -9.0 -9.00 1001.1 1002.2 1004.5 2200 1000.4  432  8.8  0.2 14.2 -9.0 -9.00 -9.00   -9    0.7   -9.0 -9.00    0.4 2127    0.1   -9   -9.0   -9   -9.0   -9   -9.0   -9 -99.0 -99.0 -99.0 -99.0 -99.0
20260527 271  1.1   939  11  2.8 1513  11  5.3 1505  19.2  20.6 1459  17.6 2316  16.9  22.3  17.2  86.8  78.0  441  19.2  -9.0  -9.0 -9.00  969.3 1006.3 1008.7   14 1004.7 1755  9.8  0.3 14.4 -9.0 -9.00 -9.00   -9    8.6   -9.0 -9.00    3.1  748    1.0  827   -9.0   -9   -9.0   -9   -9.0   -9 -99.0 -99.0 -99.0 -99.0 -99.0
20260527 272  0.4   373  11  2.0 1356  14  3.6 1348  19.5  21.3    1  18.3 2245  19.0  22.3  19.0  98.0  76.0    2  22.0  -9.0  -9.0 -9.00  981.7 1006.0 1007.8    1 1004.6 1740  9.9  0.0 14.4 -9.0 -9.00 -9.00   -9    9.6   -9.0 -9.00    2.6 1017    0.7 1024   -9.0   -9   -9.0   -9   -9.0   -9 -99.0 -99.0 -99.0 -99.0 -99.0
20260527 273  0.8   657   9  3.2 1325   7  4.8 1346  19.7  21.3 1525  18.8  859  19.3  21.6  18.3  97.9  87.0 1519  22.4  -9.0  -9.0 -9.00  985.1 1005.0 1006.6    1 1003.6 1525  9.6  0.0 14.4 -9.0 -9.00 -9.00   -9   11.2   -9.0 -9.00    2.8  549    0.8  615   -9.0   -9   -9.0   -9   -9.0   -9 -99.0 -99.0 -99.0 -99.0 -99.0
20260527 276  1.1   971   9  3.1 1203   9  5.3 1200  19.5  21.7 1403  18.3 2338  17.4  21.4  17.5  88.1  77.0 1331  19.9   1.7   1.2 -9.00  981.6 1005.5 1007.8   24 1003.9 1539  9.8  0.0 14.4 -9.0  5.75  0.85 1200    2.2   -9.0 -9.00    1.1  710    0.4  727   -9.0   -9   -9.0   -9   -9.0   -9 -99.0 -99.0 -99.0 -99.0 -99.0
20260527 277  3.3  2818   5  5.7 1005   7  9.1 1856  18.4  20.0 1519  17.3   31  16.5  21.8  17.4  89.0  84.0 1205  18.7  -9.0  -9.0 -9.00 1001.9 1006.7 1009.0    1 1005.0 1540  9.9  0.0 14.4 -9.0 -9.00 -9.00   -9    0.1   -9.0 -9.00    0.1   -9    0.1   -9   -9.0   -9   -9.0   -9   -9.0   -9 -99.0 -99.0 -99.0 -99.0 -99.0
20260527 278  1.0   858   7  3.1 1432   5  6.0 1426  21.1  23.4 1413  19.1  659  19.1  22.5  19.4  89.0  75.0 1420  22.1  -9.0  -9.0 -9.00  995.1 1004.4 1006.4    1 1002.8 1530  9.5  0.0 14.4 -9.0 -9.00 -9.00   -9    6.6   -9.0 -9.00    3.8  604    1.0  622   -9.0   -9   -9.0   -9   -9.0   -9 -99.0 -99.0 -99.0 -99.0 -99.0
20260527 279  0.8   654   9  2.1  827   7  3.7  707  20.5  22.7 1646  19.4  613  19.0  22.3  19.4  91.3  84.0    1  21.9   1.4   1.0 -9.00  999.5 1005.2 1007.0    1 1003.6 1549  9.9  0.0 14.4 -9.0  4.06  0.61 1500    8.9   -9.0 -9.00    4.7  403    1.1  407   -9.0   -9   -9.0   -9   -9.0   -9 -99.0 -99.0 -99.0 -99.0 -99.0
20260527 281  1.8  1592   9  3.9 1229  11  7.2 1132  19.9  21.8 1414  18.5 2348  17.8  21.3  18.6  88.6  79.0 1415  20.4  -9.0  -9.0 -9.00  994.9 1006.0 1008.3    6 1004.3 1609  9.8  0.0 14.4 -9.0 -9.00 -9.00   -9    1.0   -9.0 -9.00    0.8  456    0.3  504   -9.0   -9   -9.0   -9   -9.0   -9 -99.0 -99.0 -99.0 -99.0 -99.0
20260527 283  3.3  2817  36  6.4 1444  36  9.1 1443  19.3  21.0 1414  18.1 2345  18.0  20.9  18.2  92.4  82.0 1417  20.6   1.6   1.1 -9.00 1001.6 1006.3 1008.2    1 1004.8 1625  9.8  0.0 14.3 -9.0  4.29  1.17 1300    2.5   -9.0 -9.00    1.7  423    0.6  431   -9.0   -9   -9.0   -9   -9.0   -9 -99.0 -99.0 -99.0 -99.0 -99.0
20260527 284  0.8   709  20  2.1 1538  20  3.0 1535  20.2  22.2 1418  18.2    5  18.6  21.7  17.8  90.5  83.0 1424  21.4   1.9   1.3 -9.00  977.7 1003.8 1006.6    1 1002.2 1540  9.8  0.0 14.3 -9.0  6.69  1.02 1000    4.9   -9.0 -9.00    1.3  517    0.4  242   -9.0   -9   -9.0   -9   -9.0   -9 -99.0 -99.0 -99.0 -99.0 -99.0
20260527 285  0.5   455   7  1.8 1314   2  3.7 1231  20.4  22.4 1346  18.7   41  19.6  22.0  19.0  95.5  85.0 1418  22.8  -9.0  -9.0 -9.00 1001.9 1005.0 1007.4    1 1003.4 1556  9.8  0.0 14.3 -9.0 -9.00 -9.00   -9    5.6   -9.0 -9.00    2.3   35    1.2  121   -9.0   -9   -9.0   -9   -9.0   -9 -99.0 -99.0 -99.0 -99.0 -99.0
20260527 288  1.2  1039   7  3.7 1613   5  6.2 1608  21.8  24.9 1412  20.2    8  19.4  23.1  20.1  87.0  76.0 1409  22.6   2.1   1.5 -9.00 1002.3 1003.3 1005.8    1 1001.6 1504  9.8  0.0 14.3 -9.0  6.17  1.27 1100   13.6   -9.0 -9.00    9.4    1    2.5   22   -9.0   -9   -9.0   -9   -9.0   -9 -99.0 -99.0 -99.0 -99.0 -99.0
20260527 289  0.5   395  11  1.6 2203  23  2.4 1224  20.2  22.3 1407  18.0  306  19.6  22.3  17.9  97.1  87.0 1346  22.9  -9.0  -9.0 -9.00  989.4 1005.3 1007.9    1 1003.8 1558  9.8  0.0 14.3 -9.0 -9.00 -9.00   -9    7.6   -9.0 -9.00    2.2    5    0.6   23   -9.0   -9   -9.0   -9   -9.0   -9 -99.0 -99.0 -99.0 -99.0 -99.0
20260527 294  2.0  1691  11  3.8 1204   9  8.2 1127  20.1  20.8 1210  19.4 2359  19.2  21.9  19.6  95.0  91.0 2307  22.2  -9.0  -9.0 -9.00  999.5 1004.7 1007.4    8 1003.5 1427  9.8  0.0 14.3 -9.0 -9.00 -9.00   -9   20.9   -9.0 -9.00    4.8    1    1.0    1   -9.0   -9   -9.0   -9   -9.0   -9 -99.0 -99.0 -99.0 -99.0 -99.0
20260527 295  1.2  1078  36  2.4 1053   5  5.0  715  20.4  21.4 1312  19.4    3  20.0  21.9  19.2  97.8  94.0 1616  23.4  -9.0  -9.0 -9.00  999.0 1004.3 1006.7    1 1003.2 1354  9.5  0.0 14.3 -9.0 -9.00 -9.00   -9   24.4   -9.0 -9.00    6.5  143    1.6   50   -9.0   -9   -9.0   -9   -9.0   -9 -99.0 -99.0 -99.0 -99.0 -99.0
20260527 296  2.9  2526   5  4.6  409   5  8.0  549  21.4  22.8 1450  20.3 2352  20.1  21.7  19.6  92.4  88.0 1706  23.5   2.0   1.4 -9.00 1003.5 1003.8 1006.4    1 1002.2 1651  9.6  0.0 14.3 -9.0  5.37  0.92 1200    6.9   -9.0 13.00    2.6   21    0.6   22   -9.0   -9   -9.0   -9   -9.0   -9 -99.0 -99.0 -99.0 -99.0 -99.0
20260528  90  2.3  1964  27  5.8 2033  36 12.2 2338  20.8  30.2 1524  15.4  225  15.2  23.9  15.6  73.3  37.0 1525  17.3   7.6   5.3 -9.00  999.8 1001.8 1005.6    1  998.7 1523  4.8  9.9 14.6 -9.0 26.92  3.57 1200    0.0   -9.0 -9.00    0.0   -9    0.0   -9   -9.0   -9   -9.0   -9   -9.0   -9 -99.0 -99.0 -99.0 -99.0 -99.0
20260528  93  1.0   824  25  4.3 1710  27  7.2 1708  20.8  28.1 1612  16.7  414  17.1  24.1  17.1  81.9  41.0 1642  19.5   5.1   3.5 -9.00  992.5 1003.5 1005.7 2359 1000.9 1604  6.1  6.2 14.6 -9.0 18.94  3.39 1300    1.2   -9.0  5.92    0.5  259    0.2   -9   -9.0   -9   -9.0   -9   -9.0   -9  21.0  19.7  17.2  13.5  12.3
20260528  95  1.2  1020  29  3.4 1531  29  7.1 1524  20.5  26.7 1615  16.3  430  17.1  23.4  15.3  83.5  49.0 1621  19.5   5.2   3.6 -9.00  986.1 1003.9 1006.6 2354 1001.7 1625  5.6  6.6 14.6 -9.0 20.02  3.45 1300    3.1   -9.0 -9.00    1.1  153    0.4  243   -9.0   -9   -9.0   -9   -9.0   -9 -99.0 -99.0 -99.0 -99.0 -99.0
20260528  98  1.1   927  25  3.7 1657  27  7.2 1753  20.4  27.6 1451  17.1  440  16.6  24.1  15.1  80.6  49.0 1603  18.9   4.5   3.2 -9.00  990.4 1003.7 1006.4 2344 1001.6 1546  5.8  4.2 14.5 -9.0 15.22  2.95 1300    3.0   -9.0 -9.00    1.6  153    0.4  203   -9.0   -9   -9.0   -9   -9.0   -9 -99.0 -99.0 -99.0 -99.0 -99.0
20260528  99  1.2  1036  27  3.1 1643  29  7.1 1737  20.1  27.0 1436  16.6 2334  17.2  24.1  15.3  85.5  58.0 1417  19.7   5.0   3.5 -9.00 1001.1 1004.6 1007.1 2340 1002.8 1625  4.9  6.1 14.5 -9.0 20.09  3.35 1200    2.4   -9.0 -9.00    1.5   57    0.6  140   -9.0   -9   -9.0   -9   -9.0   -9 -99.0 -99.0 -99.0 -99.0 -99.0
20260528 100  3.2  2770  27  7.2 1235  29 13.3 1248  18.1  23.7 1539  13.5    1  14.6  19.5  11.6  82.4  48.0 1533  16.7   6.0   4.2 -9.00  916.3 1001.9 1005.5    1  998.7 1537  6.0  7.1 14.5 -9.0 22.13  3.78 1200    0.7   -9.0 -9.00    0.3   23    0.2   34   -9.0   -9   -9.0   -9   -9.0   -9 -99.0 -99.0 -99.0 -99.0 -99.0
20260528 101  1.1   962  25  4.2 1646  27  7.0 1646  21.2  27.9 1625  16.9  446  16.7  24.2  14.9  78.0  44.0 1629  19.1   5.5   3.9 -9.00  993.8 1002.5 1004.8 2359 1000.0 1545  6.0  5.7 14.6 -9.0 19.27  3.19 1300    2.1   -9.0 -9.00    0.6  126    0.2   -9   -9.0   -9   -9.0   -9   -9.0   -9  20.6  17.7  15.9  14.2  15.1
20260528 102  3.1  2715  32  4.8 1609  32  8.3  904  16.4  18.4 1324  14.5  751  14.9  19.6  12.6  91.3  72.0 2358  17.0   4.1   2.9 12.57 1000.3 1004.5 1007.1 2332 1002.9  313  6.9  3.6 14.6 -9.0 18.83  2.73 1500    0.0   -9.0  5.50    0.0   -9    0.0   -9   -9.0   -9   -9.0   -9   -9.0   -9 -99.0 -99.0 -99.0 -99.0 -99.0
20260528 104  1.9  1626  27  5.4 2051  29 10.1 2047  22.1  29.5 1637  15.1  559  15.8  23.3  15.5  72.3  37.0 1703  18.2   7.3   5.1 -9.00  991.9 1000.5 1004.4    1  997.6 1641  4.0  8.5 14.5 -9.0 23.99  3.54 1200    2.7    0.0  3.08    2.1  152    0.9  200   -9.0   -9   -9.0   -9   -9.0   -9  19.3  17.9  16.1  13.0  13.2
20260528 105  1.6  1389  32  4.5 1725  34  8.4 1620  21.9  30.3 1617  15.9  558  15.1  25.9  16.4  70.0  30.0 1553  17.4  -9.0  -9.0 -9.00  998.8 1001.9 1005.7    1  999.0 1539  4.4 -9.0 14.5 -9.0 -9.00  3.39 1200    0.6   -9.0 -9.00    0.3  101    0.2  122   -9.0   -9   -9.0   -9   -9.0   -9  20.2 -99.0  17.7  14.8 -99.0
20260528 106  2.1  1836  27  4.4 2040  29 10.0 2122  21.0  27.3 1836  16.5  457  16.1  27.4  16.4  76.0  39.0 1836  18.3   6.8   4.7 -9.00  997.3 1002.0 1005.9    1  999.7 1517  5.6  8.3 14.5 -9.0 25.02  3.56 1200   -9.0   -9.0 -9.00   -9.0   -9   -9.0   -9   -9.0   -9   -9.0   -9   -9.0   -9 -99.0 -99.0 -99.0 -99.0 -99.0
20260528 108  2.4  2032  25  4.7 1706  27  8.4 1657  20.9  26.5 1526  17.6 2350  17.3  23.9  16.3  81.4  58.0 1451  19.8   4.8   3.3 -9.00  994.3 1004.1 1006.9 2306 1002.3 1536  6.3  3.8 14.5 -9.0 16.03  2.95 1400    3.5    0.1  7.75    1.2  230    0.4  203   -9.0   -9   -9.0   -9   -9.0   -9  21.0  18.3  17.2  14.2  13.5
20260528 112  2.4  2037  23  5.0 1929  23  7.3 1923  19.1  22.4 1233  16.3 1958  17.9  22.0  14.8  93.3  81.0 1635  20.6   4.4   3.1  4.07  996.4 1004.4 1006.7 2251 1003.0  515  5.6  6.3 14.5 -9.0 19.05  3.48 1300    1.9    0.0  6.67    1.5   22    0.6   43   -9.0   -9   -9.0   -9   -9.0   -9  20.1  18.2  13.3  15.5  13.4
20260528 114  1.7  1442  23  3.9 1919  25  7.3 1844  21.5  27.1 1700  18.7  301  18.1  23.3  15.9  82.4  53.0 1702  20.8   4.1   2.9 -9.00  986.3 1003.4 1006.2 2400 1001.4 1645  6.6  4.3 14.5 -9.0 14.28  2.57 1500    2.7   -9.0 -9.00    1.7  234    0.5  238   -9.0   -9   -9.0   -9   -9.0   -9 -99.0 -99.0 -99.0 -99.0 -99.0
20260528 115  2.0  1702   5  7.5 2254   5 10.7 2326  20.8  23.5 1544  18.4 2358  17.5  23.4  16.8  82.0  58.0 2129  20.0   6.0   4.2 -9.00  976.4 1001.5 1004.8    1  999.3 1526  5.4  6.7 14.5 -9.0 19.73  3.23 1300    0.1   -9.0  0.75    0.1   -9    0.1   -9   -9.0   -9   -9.0   -9   -9.0   -9  18.6  15.6  14.9  12.2  13.1
20260528 119  2.2  1919  25  4.2 1529  23  7.8 1631  19.9  25.0 1512  16.3 2300  17.9  23.5  16.4  89.0  63.0 1449  20.7   3.8   2.7 -9.00  999.7 1004.3 1007.2 2346 1002.7 1441  6.5  4.3 14.5 -9.0 14.80  2.88 1400    4.1    0.4  7.23    1.3  118    0.4  208   -9.0   -9   -9.0   -9   -9.0   -9  20.9  17.8  15.5  12.4  12.4
20260528 121  1.2  1055  25  3.7 1605  23  7.7 1528  20.7  26.4 1507  16.9  511  17.5  23.4  15.8  83.4  59.0 1656  20.1   4.0   2.8 -9.00  976.1 1003.5 1005.8 2347 1001.2 1628  6.3  4.2 14.5 -9.0 13.22  2.37 1500    1.6   -9.0 -9.00    0.9  348    0.3  412   -9.0   -9   -9.0   -9   -9.0   -9 -99.0 -99.0 -99.0 -99.0 -99.0
20260528 127  1.5  1315  25  4.5 1519  27  7.0 1509  21.6  25.9 1509  19.3  326  18.0  23.5  17.2  81.3  62.0 1618  20.7   3.4   2.4 -9.00  989.9 1003.0 1005.7 2358 1001.4 1619  7.8  3.6 14.5 -9.0 11.15  2.38 1500    3.6   -9.0 -9.00    2.0  227    0.6  307   -9.0   -9   -9.0   -9   -9.0   -9 -99.0 -99.0 -99.0 -99.0 -99.0
20260528 129  1.9  1641  25  4.1 1656  25  6.2 1653  20.1  24.9 1502  16.3 2355  18.5  24.7  14.4  90.9  69.0 1437  21.3   3.5   2.5 -9.00 1002.2 1005.2 1007.9 2332 1003.7  412  5.6  2.9 14.4 -9.0 14.38  2.75 1400    1.0   -9.0 -9.00    0.8  108    0.3  116   -9.0   -9   -9.0   -9   -9.0   -9  20.7  17.8  17.7  13.5  14.7
20260528 130  1.4  1172   7  3.1 1217  29  7.4 2155  20.1  25.7 1749  17.0  211  17.3  21.8  16.7  84.8  63.0 1754  19.8  -9.0  -9.0 -9.00  996.4 1002.0 1005.8    1  999.4 1604  4.9  7.5 14.5 -9.0 -9.00 -9.00   -9   -9.0   -9.0 -9.00   -9.0   -9   -9.0   -9   -9.0   -9   -9.0   -9   -9.0   -9 -99.0 -99.0 -99.0 -99.0 -99.0
20260528 131  1.4  1182  27  2.6 2343  27  5.1 1359  21.8  26.3 1732  19.1 2359  18.0  22.7  17.7  79.8  58.0 1735  20.7   2.9   2.1 -9.00  997.3 1004.0 1006.8 2354 1002.6 1614  7.5  2.3 14.4 -9.0  8.80  1.67 1200    5.5    0.0  9.58    1.4  235    0.9  144   -9.0   -9   -9.0   -9   -9.0   -9 -99.0 -99.0 -99.0 -99.0 -99.0
20260528 133  1.2  1073  20  3.9 1808  20  7.0 1801  21.1  26.5 1629  17.9 2400  19.3  22.8  16.5  90.1  59.0 1638  22.5   2.8   2.0 -9.00  996.8 1004.6 1007.4 2319 1003.1 1622  6.6  2.9 14.4 -9.0  9.43  2.15 1500    4.9    0.0 10.25    1.7  354    0.8  435   -9.0   -9   -9.0   -9   -9.0   -9  22.6  20.6  18.0  15.1  15.4
20260528 135  2.7  2370  29  6.3 2353  27  9.8 1748  19.9  23.5 1734  18.0  422  17.6  21.9  18.0  87.0  73.0 1755  20.2   3.2   2.2 -9.00  975.9 1003.9 1006.4 2309 1002.1 1658  7.1  2.4 14.4 -9.0  9.71  1.54 1500    3.0   -9.0 -9.00    1.0  529    0.3  552   -9.0   -9   -9.0   -9   -9.0   -9 -99.0 -99.0 -99.0 -99.0 -99.0
20260528 136  1.9  1656  29  4.7 1609  27  9.6 1556  21.6  26.8 1547  18.1  553  17.8  23.7  18.1  80.0  61.0 1619  20.5   4.8   3.4 -9.00  987.8 1004.0 1006.0 2330 1001.8 1619  5.9  4.4 14.4 -9.0 15.99  2.52 1400   -9.0   -9.0 -9.00   -9.0   -9   -9.0   -9   -9.0   -9   -9.0   -9   -9.0   -9 -99.0 -99.0 -99.0 -99.0 -99.0
20260528 137  1.3  1130  25  3.2 1450  25  9.6 1638  21.8  26.0 1718  18.8  538  19.0  23.9  18.2  85.3  63.0 1720  22.0   3.9   2.7 -9.00  991.8 1002.9 1005.2 2343 1001.2 1643  6.4  3.5 14.4 -9.0 13.25  1.92 1300    1.6   -9.0 -9.00    0.6  113    0.2   -9   -9.0   -9   -9.0   -9   -9.0   -9 -99.0 -99.0 -99.0 -99.0 -99.0
20260528 138  2.5  2134  25  5.5 1721  25 10.3 1619  23.3  28.4 1536  17.9  331  17.2  25.3  15.8  70.6  50.0 1713  19.7   7.1   4.9 -9.00 1001.7 1002.1 1005.1    1  999.8 1524  5.9  7.0 14.4 -9.0 21.22  3.03 1300    0.0   -9.0  0.58    0.0   -9    0.0   -9   -9.0   -9   -9.0   -9   -9.0   -9  20.2  17.7  16.7  15.2  15.7
20260528 140  3.4  2901  29  5.9 1714  27  8.8 1411  18.9  21.0 1228  17.2 2101  17.5  21.3  16.6  92.0  89.0 1230  20.0  -9.0  -9.0 -9.00 1003.0 1006.2 1009.1 2321 1004.7  303  9.3  0.3 14.4 -9.0 -9.00 -9.00   -9    3.1   -9.0 -9.00    0.8  521    0.4  542   -9.0   -9   -9.0   -9   -9.0   -9 -99.0 -99.0 -99.0 -99.0 -99.0
20260528 143  2.1  1838  29  5.0 1324  29  8.0 1309  23.3  28.1 1646  18.9  252  17.0  24.4  18.8  69.1  51.0 1718  19.4   5.6   3.9 -9.00  996.7 1002.9 1005.0 2344 1000.9 1547  6.3  5.1 14.4 -9.0 17.34  2.64 1500   -9.0   -9.0 -9.00   -9.0   -9   -9.0   -9   -9.0   -9   -9.0   -9   -9.0   -9 -99.0 -99.0 -99.0 -99.0 -99.0
20260528 146  2.5  2147  25  4.3 1944  25  7.1 1726  19.7  21.6    1  17.5 2253  18.5  21.4  16.6  92.9  88.0 1713  21.3   1.7   1.2 -9.00  998.6 1005.6 1008.6 2244 1004.0  508  9.1  0.0 14.4 -9.0  4.95  0.67 1300    8.2    0.5 11.38    1.7  556    0.6  622   -9.0   -9   -9.0   -9   -9.0   -9 -99.0 -99.0 -99.0 -99.0 -99.0
20260528 152  1.5  1315  29  3.9 1722  32  6.7 1712  22.5  28.5 1654  17.4  347  17.2  24.4  16.9  74.1  50.0 1713  19.6   5.7   4.0 -9.00  992.9 1002.2 1004.6    1  999.7 1553  5.4  5.3 14.3 -9.0 19.39  2.97 1000    0.0   -9.0  0.03    0.0   -9    0.0   -9   -9.0   -9   -9.0   -9   -9.0   -9 -99.0 -99.0 -99.0 -99.0 -99.0
20260528 155  1.4  1215  14  3.4 1336  29  7.3 1820  24.0  29.9 1512  19.7  223  19.1  25.8  17.5  75.6  55.0 1750  22.2   5.6   3.9 -9.00  999.2 1003.2 1005.3 2341 1001.0 1544  4.9  5.7 14.3 -9.0 19.49  3.24 1200   -9.0   -9.0 -9.00   -9.0   -9   -9.0   -9   -9.0   -9   -9.0   -9   -9.0   -9 -99.0 -99.0 -99.0 -99.0 -99.0
20260528 156  1.6  1374  27  2.8 1703  25  6.4 2052  20.9  24.2 1358  18.0 2400  19.3  22.9  15.7  91.0  81.0 1654  22.4   2.3   1.6 -9.00  996.6 1004.7 1007.9 2308 1003.1  448  8.9  1.4 14.3 -9.0  7.57  1.28 1300    3.2   -9.0  7.80    0.9   45    0.5  654   -9.0   -9   -9.0   -9   -9.0   -9 -99.0 -99.0 -99.0 -99.0 -99.0
20260528 159  2.6  2240  23  5.4 1336  23  7.5 1501  22.5  26.8 1532  19.3  433  18.3  24.8  16.9  77.9  58.0 2304  21.1   5.8   4.1 -9.00  994.6 1002.6 1004.2 2328 1000.4 1617  5.0  5.7 14.3 -9.0 20.87  3.18 1300   -9.0   -9.0 -9.00   -9.0   -9   -9.0   -9   -9.0   -9   -9.0   -9   -9.0   -9  21.2  19.3  18.5  15.6  16.7
20260528 162  2.1  1790  25  6.0 1427  25  9.0 1421  22.0  25.7 1646  19.4  757  18.7  24.3  16.4  82.6  70.0 1401  21.6   6.1   4.3 -9.00  999.4 1003.0 1005.1 2339 1001.1 1608  5.5  6.7 14.3 -9.0 22.38  3.64 1100   -9.0   -9.0 -9.00   -9.0   -9   -9.0   -9   -9.0   -9   -9.0   -9   -9.0   -9 -99.0 -99.0 -99.0 -99.0 -99.0
20260528 165  2.7  2318  32  5.7 1641  34  8.0 1728  18.9  20.6    4  17.0 2307  18.6  21.5  14.7  98.8  93.0 2050  21.5   2.0   1.4  6.67 1001.3 1006.5 1009.6 2249 1004.6  440  9.4  0.0 14.3 -9.0  6.79  1.28 1400    5.5    0.1 10.57    1.0   10    0.3   35   -9.0   -9   -9.0   -9   -9.0   -9  21.6  19.6  17.4  15.5  14.7
20260528 168  4.2  3614  32  8.3 1910  32 13.5 2329  23.1  26.9 1649  20.6  726  19.0  25.7  19.0  79.0  65.0 1816  22.1   6.7   4.7 -9.00  996.7 1004.3 1006.8 2307 1002.6 1557  4.8  4.8 14.3 -9.0 19.37  3.05 1100   -9.0   -9.0 -9.00   -9.0   -9   -9.0   -9   -9.0   -9   -9.0   -9   -9.0   -9  21.6  19.5  17.7  15.9  16.6
20260528 169  4.2  3607  32  7.3 2211  34 11.2 2155  18.4  20.7 1347  16.8 2012  17.5  21.1  16.3  94.9  86.0 1355  20.0   3.0   2.1 13.37  997.8 1006.6 1009.4 2229 1004.5  406  7.6  0.0 14.3 -9.0 11.12  1.76 1300    1.3   -9.0  2.42    0.9  516    0.3  614   -9.0   -9   -9.0   -9   -9.0   -9 -99.0 -99.0 -99.0 -99.0 -99.0
20260528 170  2.7  2307  27  4.5 1357  27  8.7 1102  21.2  25.0 1513  18.2 2359  19.0  24.3  16.9  87.6  75.0 1515  22.0   3.8   2.6 -9.00 1001.8 1005.9 1008.9 2302 1004.4  455  7.1  1.9 14.2 -9.0 13.30  2.43 1100    0.1   -9.0 -9.00    0.1   -9    0.1   -9   -9.0   -9   -9.0   -9   -9.0   -9 -99.0 -99.0 -99.0 -99.0 -99.0
20260528 172  2.5  2148  27  5.2 1127  29  6.9 1514  19.4  21.5 1343  17.7 2332  18.5  20.3  17.6  95.3  95.0    1  21.4   2.0   1.4 -9.00  999.8 1005.9 1008.9 2226 1004.2  436  9.0  0.0 14.3 -9.0  6.67  1.37 1200    5.2   -9.0 -9.00    1.2  328    0.7  350   -9.0   -9   -9.0   -9   -9.0   -9 -99.0 -99.0 -99.0 -99.0 -99.0
20260528 174  1.7  1489  32  4.0  858  34  8.3 1946  20.9  24.9 1651  17.9 2359  17.9  23.7  15.7  84.0  71.0 1651  20.6  -9.0  -9.0 -9.00  984.5 1003.4 1006.5 2307 1001.8 1525  7.1  1.7 14.3 -9.0 -9.00 -9.00   -9    0.5   -9.0 -9.00    0.4  718    0.2  717   -9.0   -9   -9.0   -9   -9.0   -9 -99.0 -99.0 -99.0 -99.0 -99.0
20260528 177  2.2  1928  23  5.4 2009  20  8.5 1953  20.5  24.8 1514  17.2 2143  18.5  23.1  15.5  89.1  77.0 1516  21.4   3.4   2.4 -9.00 1000.5 1003.7 1006.5 2236 1002.3  425  6.0  3.7 14.4 -9.0 12.30  2.65 1400    1.4    0.2  8.33    0.9  136    0.4  221   -9.0   -9   -9.0   -9   -9.0   -9 -99.0 -99.0 -99.0 -99.0 -99.0
20260528 181  2.0  1754  29  4.3 2143  32  7.0 2113  21.2  25.6 1651  18.1 2350  18.5  22.8  16.6  85.3  62.0 1655  21.3   3.6   2.5 -9.00 1000.7 1004.6 1007.4 2350 1003.1 1611  5.9  3.2 14.4 -9.0 12.05  1.95 1600    5.0   -9.0 -9.00    1.7  409    0.7  132   -9.0   -9   -9.0   -9   -9.0   -9 -99.0 -99.0 -99.0 -99.0 -99.0
20260528 184  2.8  2461  27  5.4 1331  32  8.4 1250  20.2  21.9 1138  18.5 2345  18.2  21.6  16.7  88.6  81.0 1420  21.0   2.5   1.8 -9.00 1003.9 1006.3 1009.8 2350 1004.0  531  8.5  0.2 14.2 -9.0  5.47  0.89 1100    0.0    0.0  4.63    0.0   -9    0.0   -9   -9.0   -9   -9.0   -9   -9.0   -9  22.6  20.8  20.0  18.0  16.4
20260528 185  6.4  5510  32 12.7 1909  32 15.0 1906  19.5  21.3 1232  17.1 2227  18.8  23.0  17.1  96.4  90.0 1240  21.8   2.3   1.6 -9.00  998.2 1006.5 1009.4 2242 1004.6  453  7.9  0.0 14.2 -9.0  6.72  1.07 1200   -9.0   -9.0 -9.00   -9.0   -9   -9.0   -9   -9.0   -9   -9.0   -9   -9.0   -9 -99.0 -99.0 -99.0 -99.0 -99.0
20260528 188  2.7  2290  29  7.3 2045  29 14.3 2348  21.6  25.9 1710  19.2 2318  19.0  22.5  18.3  86.4  66.0 2400  22.2  -9.0  -9.0 -9.00 1003.6 1005.9 1007.7 2246 1004.7 1614  5.5  3.9 14.2 -9.0 -9.00 -9.00   -9    0.2   -9.0 -9.00    0.2   -9    0.2   -9   -9.0   -9   -9.0   -9   -9.0   -9 -99.0 -99.0 -99.0 -99.0 -99.0
20260528 189  1.3  1130  23  3.0 1252  27  5.8 1234  23.2  27.9 1550  20.4  537  20.3  26.1  20.3  84.6  65.0 1604  23.8   6.0   4.2 -9.00  999.8 1005.7 1007.8 2233 1004.5 1657  6.4  6.5 14.1 -9.0 20.74  3.59 1300    0.6   -9.0  5.20    0.4  633    0.1   -9   -9.0   -9   -9.0   -9   -9.0   -9 -99.0 -99.0 -99.0 -99.0 -99.0
20260528 192  0.6   499  36  2.4 1740  36  5.0 1732  22.4  28.2 1536  17.4 2400  18.5  25.5  15.5  80.8  55.0 1738  21.5   4.2   3.0 -9.00 1000.3 1003.7 1006.4 2333 1001.6 1553  5.8  3.7 14.3 -9.0 15.46  2.36 1000   -9.0   -9.0 -9.00   -9.0   -9   -9.0   -9   -9.0   -9   -9.0   -9   -9.0   -9 -99.0 -99.0 -99.0 -99.0 -99.0
20260528 201  2.0  1714  27  4.9 1849  27  7.8 1930  19.4  24.2 1200  16.3 1931  18.0  22.8  13.4  92.4  70.0 1201  20.7  -9.0  -9.0 -9.00  999.4 1005.0 1007.1 2353 1003.6  537  4.8  6.1 14.5 -9.0 -9.00 -9.00   -9    0.9   -9.0 -9.00    0.5   19    0.3   48   -9.0   -9   -9.0   -9   -9.0   -9 -99.0 -99.0 -99.0 -99.0 -99.0
20260528 202  1.7  1489  25  4.9 1752  25  7.4 1745  21.6  26.9 1520  18.2  451  17.8  25.2  17.2  80.9  53.0 1534  20.5  -9.0  -9.0 -9.00  998.4 1003.8 1006.3 2320 1002.2 1614  6.4  4.9 14.5 -9.0 -9.00 -9.00   -9    2.5   -9.0 -9.00    0.7  119    0.3  141   -9.0   -9   -9.0   -9   -9.0   -9 -99.0 -99.0 -99.0 -99.0 -99.0
20260528 203  1.2  1044  23  3.1 2216  25  7.9 1800  21.3  27.0 1529  17.1 2351  19.0  24.9  15.7  87.9  61.0 1501  22.1  -9.0  -9.0 -9.00  995.1 1004.4 1007.4 2358 1002.5 1558  6.6  3.8 14.5 -9.0 -9.00 -9.00   -9    3.7   -9.0 -9.00    1.7  140    0.5  220   -9.0   -9   -9.0   -9   -9.0   -9 -99.0 -99.0 -99.0 -99.0 -99.0
20260528 211  1.2  1009  20  3.7 1614  23  7.6 1626  19.4  26.3 1631  15.3  425  15.7  22.5  12.2  82.0  48.0 1803  17.9  -9.0  -9.0 -9.00  979.6 1002.8 1005.5 2346  999.7 1619  5.5  4.3 14.6 -9.0 -9.00 -9.00   -9    3.5   -9.0 -9.00    2.2   40    0.7   41   -9.0   -9   -9.0   -9   -9.0   -9 -99.0 -99.0 -99.0 -99.0 -99.0
20260528 212  1.2  1052  25  3.3 1425  23  7.5 1425  21.2  27.2 1635  16.6  231  16.5  22.7  16.5  77.3  45.0 1635  18.7  -9.0  -9.0 -9.00  987.6 1003.6 1006.0 2355 1001.4 1627  5.6  5.9 14.5 -9.0 -9.00 -9.00   -9    3.6   -9.0 -9.00    2.0    1    0.8   10   -9.0   -9   -9.0   -9   -9.0   -9 -99.0 -99.0 -99.0 -99.0 -99.0
20260528 216  1.1   979  32  2.9 1404  36  8.3 1117  18.8  24.5 1601  14.3    1  14.5  20.9  14.2  78.4  49.0 1601  16.6   4.4   3.1 -9.00  922.9 1002.2 1005.9    1  999.2 1257  6.6  4.9 14.5 -9.0 16.19  2.57 1500   -9.0   -9.0 -9.00   -9.0   -9   -9.0   -9   -9.0   -9   -9.0   -9   -9.0   -9 -99.0 -99.0 -99.0 -99.0 -99.0
20260528 217  1.4  1210  18  4.1 1230  20  7.4 1346  19.7  27.5 1634  15.0  318  15.4  24.6  16.5  78.3  45.0 1638  17.5  -9.0  -9.0 -9.00  967.7 1003.2 1005.7    1 1000.2 1631  7.1  5.7 14.5 -9.0 -9.00 -9.00   -9    1.5   -9.0 -9.00    0.9  401    0.3  418   -9.0   -9   -9.0   -9   -9.0   -9 -99.0 -99.0 -99.0 -99.0 -99.0
20260528 221  1.8  1597  23  5.0 1610  23  7.8 1529  20.0  24.5 1639  17.2  434  17.5  22.8  16.4  87.1  62.0 1642  20.0  -9.0  -9.0 -9.00  973.1 1003.3 1005.8 2353 1001.3 1621  6.5  3.6 14.5 -9.0 -9.00 -9.00   -9    2.5   -9.0 -9.00    1.2  255    0.5  334   -9.0   -9   -9.0   -9   -9.0   -9 -99.0 -99.0 -99.0 -99.0 -99.0
20260528 226  1.1   979  29  3.3 1449  29  6.2 1501  20.7  24.4 1643  19.0 2350  18.7  22.1  16.8  89.4  70.0 1632  21.6  -9.0  -9.0 -9.00  984.8 1004.4 1007.1 2351 1003.0 1626  7.8  2.9 14.4 -9.0 -9.00 -9.00   -9    3.6   -9.0 -9.00    0.9  155    0.3  157   -9.0   -9   -9.0   -9   -9.0   -9 -99.0 -99.0 -99.0 -99.0 -99.0
20260528 232  1.1   985  27  3.2 2055  25  6.5 2040  20.7  24.7 1602  17.3 2346  19.3  24.0  16.0  92.1  72.0 1721  22.4  -9.0  -9.0 -9.00  995.2 1005.0 1007.8 2350 1003.5  455  6.9  2.9 14.4 -9.0 -9.00 -9.00   -9    6.3   -9.0 -9.00    2.0   48    0.7  215   -9.0   -9   -9.0   -9   -9.0   -9 -99.0 -99.0 -99.0 -99.0 -99.0
20260528 235  0.9   761  20  2.5 1242  23  4.4 1239  18.8  21.4 1443  16.6 2351  17.5  22.1  16.1  92.5  80.0 1514  20.1   2.0   1.4 -9.00 1003.8 1005.0 1007.6 2259 1003.3  434  9.1  0.0 14.4 -9.0  8.02  1.33 1100    4.8   -9.0 -9.00    1.9  119    1.0  154   -9.0   -9   -9.0   -9   -9.0   -9 -99.0 -99.0 -99.0 -99.0 -99.0
20260528 236  1.0   898  20  4.1 1721  23  6.8 1649  20.8  26.7 1602  16.9 2348  18.8  24.5  15.6  89.3  61.0 1535  21.8  -9.0  -9.0 -9.00 1003.7 1005.2 1008.2 2318 1003.8  413  6.3  4.2 14.4 -9.0 -9.00 -9.00   -9    4.0   -9.0 -9.00    1.7  350    0.9  355   -9.0   -9   -9.0   -9   -9.0   -9 -99.0 -99.0 -99.0 -99.0 -99.0
20260528 238  1.0   858  23  3.0 1518  23  5.7 1538  20.9  24.6 1633  17.8 2354  19.0  22.4  13.8  89.5  72.0 1634  22.0  -9.0  -9.0 -9.00  984.7 1004.2 1006.9 2206 1002.8  440  7.3  3.3 14.4 -9.0 -9.00 -9.00   -9    1.3   -9.0 -9.00    0.7  521    0.3  538   -9.0   -9   -9.0   -9   -9.0   -9 -99.0 -99.0 -99.0 -99.0 -99.0
20260528 239  1.4  1170  32  3.4 1839  27  6.0 1409  20.9  26.1 1634  17.0 2356  18.8  24.0  15.8  88.9  63.0 1627  21.8   3.4   2.4 -9.00  993.8 1004.1 1007.2 2334 1002.4 1614  5.5  4.0 14.4 -9.0 12.23  2.51 1500    1.3   -9.0 -9.00    0.7  330    0.3  418   -9.0   -9   -9.0   -9   -9.0   -9 -99.0 -99.0 -99.0 -99.0 -99.0
20260528 243  1.9  1678  27  3.9 1418  25  6.1 1633  19.1  21.0    5  17.6 2117  18.2  20.8  17.1  94.8  89.0 2346  20.9  -9.0  -9.0 -9.00 1004.5 1005.9 1008.7 2230 1004.3  308  9.3  0.0 14.4 -9.0 -9.00 -9.00   -9    3.2   -9.0 -9.00    1.0  455    0.3  131   -9.0   -9   -9.0   -9   -9.0   -9 -99.0 -99.0 -99.0 -99.0 -99.0
20260528 244  1.4  1232  34  3.3 1442  32  6.8 1456  19.6  21.8 1656  17.3 2358  18.3  22.1  16.8  92.4  83.0 1657  21.1  -9.0  -9.0 -9.00  976.8 1005.1 1008.1 2327 1003.5  341  9.0  0.4 14.3 -9.0 -9.00 -9.00   -9    3.2   -9.0 -9.00    1.4  224    0.4  227   -9.0   -9   -9.0   -9   -9.0   -9 -99.0 -99.0 -99.0 -99.0 -99.0
20260528 245  2.0  1748  27  3.8 1516  29  5.8 1515  19.7  22.0 1353  17.4 2356  18.7  22.0  16.8  94.0  87.0 1623  21.6   1.6   1.1 -9.00  997.8 1005.8 1008.8 2243 1004.0  512  9.3  0.0 14.3 -9.0  5.38  1.00 1300    4.8   -9.0 -9.00    1.3  650    0.4  502   -9.0   -9   -9.0   -9   -9.0   -9 -99.0 -99.0 -99.0 -99.0 -99.0
20260528 247  1.0   904  34  3.0 1631  32  5.6 1631  20.7  23.4 1746  18.0 2214  19.6  21.7  15.9  93.9  77.0 1747  22.9  -9.0  -9.0 -9.00  989.6 1004.9 1008.1 2238 1003.4  444  9.3  0.9 14.3 -9.0 -9.00 -9.00   -9    4.6   -9.0 -9.00    1.1  549    0.5  620   -9.0   -9   -9.0   -9   -9.0   -9 -99.0 -99.0 -99.0 -99.0 -99.0
20260528 248  1.1   942  36  2.9 1636  36  4.5 2001  19.8  22.4 1604  15.9 2202  17.9  21.4  13.8  89.3  73.0 1757  20.6  -9.0  -9.0 -9.00  958.9 1004.9 1008.1 2206 1003.5  444  9.5  0.3 14.3 -9.0 -9.00 -9.00   -9    1.1   -9.0 -9.00    0.4  535    0.2   -9   -9.0   -9   -9.0   -9   -9.0   -9 -99.0 -99.0 -99.0 -99.0 -99.0
20260528 251  1.7  1444  27  3.7 1409  27  5.6 1408  19.2  21.5 1331  17.5 2326  18.3  20.9  17.2  94.9  89.0 2217  21.1   1.8   1.3 -9.00  998.6 1005.4 1008.5 2237 1003.6  511  9.4  0.1 14.3 -9.0  6.22  1.17 1300    3.8   -9.0 -9.00    0.9  351    0.5  355   -9.0   -9   -9.0   -9   -9.0   -9 -99.0 -99.0 -99.0 -99.0 -99.0
20260528 252  1.4  1182  34  2.7 1538  36  5.4 1536  19.0  21.8 1246  16.9 2400  18.0  21.2  14.9  94.4  87.0 1252  20.7   2.0   1.4 -9.00 1001.7 1006.0 1009.1 2245 1004.3  309  9.3  0.1 14.3 -9.0  5.78  1.94 1200    3.9   -9.0 -9.00    0.9  345    0.2  347   -9.0   -9   -9.0   -9   -9.0   -9 -99.0 -99.0 -99.0 -99.0 -99.0
20260528 253  1.2  1012  32  3.6 1707  32  7.2 1626  24.1  30.3 1633  19.1  509  19.4  25.0  18.2  76.5  57.0 1654  22.6   4.8   3.4 -9.00  997.4 1003.6 1005.5 2349 1001.2 1559  5.3  3.9 14.3 -9.0 16.45  1.91 1300   -9.0   -9.0 -9.00   -9.0   -9   -9.0   -9   -9.0   -9   -9.0   -9   -9.0   -9 -99.0 -99.0 -99.0 -99.0 -99.0
20260528 254  2.3  2001   5  4.9 1614  36  6.8 1605  20.9  24.4 1426  18.6 2357  18.1  22.4  17.4  84.5  71.0 1430  20.9   2.7   1.9 -9.00  990.8 1005.6 1008.8 2238 1004.1  434  8.0  0.5 14.3 -9.0  8.32  1.45 1400    1.2   -9.0 -9.00    0.7    0    0.3   24   -9.0   -9   -9.0   -9   -9.0   -9 -99.0 -99.0 -99.0 -99.0 -99.0
20260528 255  1.2  1016  29  3.9 1726  29  7.8 1706  24.7  30.8 1454  19.8  220  19.3  23.6  17.1  73.5  52.0 1734  22.5   4.8   3.3 -9.00  997.1 1002.9 1005.2 2348 1000.4 1546  5.0  4.2 14.3 -9.0 14.86  2.24 1400   -9.0   -9.0 -9.00   -9.0   -9   -9.0   -9   -9.0   -9   -9.0   -9   -9.0   -9 -99.0 -99.0 -99.0 -99.0 -99.0
20260528 257  1.6  1393  20  3.0 1547   7  5.8  213  24.6  30.6 1424  19.4  435  20.0  25.0  18.3  77.0  60.0 1750  23.5   4.3   3.0 -9.00 1002.1 1002.8 1004.7    1 1000.3 1659  5.5  2.3 14.3 -9.0 14.66  2.47 1300   -9.0   -9.0 -9.00   -9.0   -9   -9.0   -9   -9.0   -9   -9.0   -9   -9.0   -9 -99.0 -99.0 -99.0 -99.0 -99.0
20260528 258  3.0  2591  32  5.9 2142  29  9.3 2137  22.5  26.1 1355  19.3 2357  19.4  23.1  17.0  83.4  72.0 1239  22.5   4.6   3.2 -9.00 1005.2 1005.4 1008.3 2331 1004.1 1444  5.9  1.7 14.3 -9.0 14.88  2.73 1300   -9.0   -9.0 -9.00   -9.0   -9   -9.0   -9   -9.0   -9   -9.0   -9   -9.0   -9 -99.0 -99.0 -99.0 -99.0 -99.0
20260528 259  1.9  1674  29  4.6 1759  29  9.1 1751  21.3  24.7 1455  18.8 2246  19.5  23.4  17.2  90.5  78.0 1544  22.8   3.0   2.1 -9.00 1003.8 1005.6 1008.8 2305 1004.1  504  8.9  0.6 14.3 -9.0 10.09  1.92 1400    2.0   -9.0 -9.00    0.5    1    0.3 1426   -9.0   -9   -9.0   -9   -9.0   -9 -99.0 -99.0 -99.0 -99.0 -99.0
20260528 260  1.7  1491  34  3.6 1745  34  8.2 2154  21.5  24.1 1209  18.6 2356  19.4  23.5  16.5  88.8  81.0 1847  22.7  -9.0  -9.0 -9.00 1000.4 1005.5 1008.6 2318 1003.9  513  7.8  0.6 14.3 -9.0 -9.00 -9.00   -9    0.6   -9.0 -9.00    0.2   -9    0.1   -9   -9.0   -9   -9.0   -9   -9.0   -9 -99.0 -99.0 -99.0 -99.0 -99.0
20260528 261  3.0  2578  29  5.8 1558  29  8.8 1652  19.9  21.9 1536  17.4 2348  19.0  22.0  16.2  95.3  89.0 1556  22.1  -9.0  -9.0 -9.00 1004.6 1006.5 1009.7 2247 1004.7  448  9.4  0.0 14.2 -9.0 -9.00 -9.00   -9    4.1   -9.0 -9.00    1.2  652    0.4  704   -9.0   -9   -9.0   -9   -9.0   -9 -99.0 -99.0 -99.0 -99.0 -99.0
20260528 262  2.4  2103  27  5.4 1113  25  9.5 1158  21.8  26.3 1606  18.7 2238  19.2  22.7  18.9  85.8  69.0 1614  22.3   4.0   2.8 -9.00  999.0 1004.9 1008.0 2326 1003.5 1452  6.0  2.3 14.3 -9.0 12.74  2.10 1100   -9.0   -9.0 -9.00   -9.0   -9   -9.0   -9   -9.0   -9   -9.0   -9   -9.0   -9 -99.0 -99.0 -99.0 -99.0 -99.0
20260528 263  1.8  1578  29  5.3 1721  32  8.9 1552  23.7  30.1 1525  19.4  445  17.7  25.8  17.1  71.0  47.0 1715  20.3   7.2   5.1 -9.00 1002.0 1003.6 1006.1 2338 1001.3 1543  5.0  6.3 14.3 -9.0 23.36  3.41 1300   -9.0   -9.0 -9.00   -9.0   -9   -9.0   -9   -9.0   -9   -9.0   -9   -9.0   -9 -99.0 -99.0 -99.0 -99.0 -99.0
20260528 264  2.5  2118  29  4.9 1553  36  8.5 1621  22.4  26.4 1638  19.2 2355  16.0  24.0  18.0  68.4  52.0 1742  18.3   6.7   4.7 -9.00  987.0 1004.4 1007.6 2316 1002.9 1556  5.5  5.9 14.3 -9.0 21.33  2.89 1000    0.0   -9.0 -9.00    0.0   -9    0.0   -9   -9.0   -9   -9.0   -9   -9.0   -9 -99.0 -99.0 -99.0 -99.0 -99.0
20260528 266  2.1  1804  29  4.4 2034  27  9.7 1156  23.4  27.9 1535  19.7 2359  20.0  26.0  17.6  82.3  64.0 1653  23.5   6.0   4.2 -9.00  994.4 1004.4 1007.3 2313 1002.6 1523  5.3  5.8 14.3 -9.0 21.39  3.27 1100   -9.0   -9.0 -9.00   -9.0   -9   -9.0   -9   -9.0   -9   -9.0   -9   -9.0   -9 -99.0 -99.0 -99.0 -99.0 -99.0
20260528 268  1.7  1503  32  4.3 1803  32  7.8 1802  18.7  21.2 1513  15.9 2351  18.3  21.6  16.5  98.1  88.0 1514  21.1  -9.0  -9.0 -9.00 1004.4 1005.5 1008.7 2229 1003.5  437  8.4  0.0 14.3 -9.0 -9.00 -9.00   -9    2.9   -9.0 -9.00    0.7   54    0.3  637   -9.0   -9   -9.0   -9   -9.0   -9 -99.0 -99.0 -99.0 -99.0 -99.0
20260528 271  1.3  1104  20  3.5 1302  23  7.4 1440  19.7  25.7 1413  15.9 2259  16.4  22.4  14.2  83.1  55.0 1621  18.7  -9.0  -9.0 -9.00  966.3 1003.2 1006.0 2355 1000.6 1421  5.9  4.7 14.5 -9.0 -9.00 -9.00   -9   -9.0   -9.0 -9.00   -9.0   -9   -9.0   -9   -9.0   -9   -9.0   -9   -9.0   -9 -99.0 -99.0 -99.0 -99.0 -99.0
20260528 272  2.4  2089  32  5.9 1419  29 10.2 1405  20.8  25.2 1525  17.6  451  17.5  23.6  18.2  83.1  59.0 1716  20.1  -9.0  -9.0 -9.00  979.0 1003.1 1005.2    1 1001.3 1639  6.1  3.9 14.5 -9.0 -9.00 -9.00   -9    0.9   -9.0 -9.00    0.3  630    0.2   -9   -9.0   -9   -9.0   -9   -9.0   -9 -99.0 -99.0 -99.0 -99.0 -99.0
20260528 273  2.0  1705  27  5.0 1555  29  9.6 1554  21.4  25.3 1459  18.5  317  18.3  23.7  16.9  84.1  64.0 1629  21.1  -9.0  -9.0 -9.00  983.2 1002.9 1005.2 2352 1001.2 1635  6.3  4.2 14.4 -9.0 -9.00 -9.00   -9    3.0   -9.0 -9.00    0.9  126    0.3  211   -9.0   -9   -9.0   -9   -9.0   -9 -99.0 -99.0 -99.0 -99.0 -99.0
20260528 276  2.5  2166  29  5.3 1702  29 11.2 1655  21.7  26.4 1536  17.7  358  17.5  23.6  17.4  78.1  55.0 1654  20.0   4.8   3.3 -9.00  978.8 1002.5 1005.0    1 1000.2 1534  5.5  3.5 14.4 -9.0 14.25  1.89 1500    0.0   -9.0 -9.00    0.0   -9    0.0   -9   -9.0   -9   -9.0   -9   -9.0   -9 -99.0 -99.0 -99.0 -99.0 -99.0
20260528 277  2.0  1737  27  5.1 1723  29  9.8 2339  22.5  28.0 1555  16.6  249  17.2  24.4  16.2  73.8  53.0 1550  19.7  -9.0  -9.0 -9.00  997.5 1002.2 1005.5    1 1000.0 1557  5.0  5.0 14.4 -9.0 -9.00 -9.00   -9   -9.0   -9.0 -9.00   -9.0   -9   -9.0   -9   -9.0   -9   -9.0   -9   -9.0   -9 -99.0 -99.0 -99.0 -99.0 -99.0
20260528 278  1.5  1294  27  3.9 1435  32  7.1 1830  21.7  27.1 1622  18.1 2400  18.5  23.2  15.5  83.4  59.0 1649  21.3  -9.0  -9.0 -9.00  993.2 1002.5 1004.8 2333 1000.5 1615  6.1  3.5 14.4 -9.0 -9.00 -9.00   -9    0.0   -9.0 -9.00    0.0   -9    0.0   -9   -9.0   -9   -9.0   -9   -9.0   -9 -99.0 -99.0 -99.0 -99.0 -99.0
20260528 279  1.2  1075  27  3.3 1345  29  7.1 1514  22.6  27.3 1551  19.2  457  18.1  23.5  18.7  76.9  59.0 1649  20.8   4.5   3.2 -9.00  997.9 1003.5 1005.8 2326 1001.8 1657  7.0  3.7 14.4 -9.0 14.94  2.23 1500    0.0   -9.0 -9.00    0.0   -9    0.0   -9   -9.0   -9   -9.0   -9   -9.0   -9 -99.0 -99.0 -99.0 -99.0 -99.0
20260528 281  1.9  1601  27  5.5 1701  29  9.4 1639  22.4  28.6 1453  18.1  500  17.5  24.6  17.9  75.6  55.0 1721  20.1  -9.0  -9.0 -9.00  992.6 1003.5 1005.6    1 1001.6 1454  6.5  4.3 14.4 -9.0 -9.00 -9.00   -9   -9.0   -9.0 -9.00   -9.0   -9   -9.0   -9   -9.0   -9   -9.0   -9   -9.0   -9 -99.0 -99.0 -99.0 -99.0 -99.0
20260528 283  2.1  1813  32  5.3 1659  29 10.0 1708  22.7  28.5 1512  18.0  353  17.9  23.1  15.6  76.3  54.0 1806  20.6   5.6   3.9 -9.00  998.6 1003.2 1005.8    1 1001.0 1525  5.6  4.0 14.4 -9.0 17.12  2.81 1200    0.0   -9.0 -9.00    0.0   -9    0.0   -9   -9.0   -9   -9.0   -9   -9.0   -9 -99.0 -99.0 -99.0 -99.0 -99.0
20260528 284  1.4  1194  23  3.6 1555  29  7.3 1416  21.5  28.0 1532  16.5 2343  18.3  22.9  13.9  82.4  55.0 1631  21.1   4.0   2.8 -9.00  976.9 1002.8 1006.1 2319 1000.6 1604  6.3  4.0 14.3 -9.0 13.22  2.72 1500    0.0   -9.0 -9.00    0.0   -9    0.0   -9   -9.0   -9   -9.0   -9   -9.0   -9 -99.0 -99.0 -99.0 -99.0 -99.0
20260528 285  0.9   805  25  2.4 1343  32  5.4 1157  23.1  29.1 1604  18.5 2357  19.0  26.0  17.5  79.8  56.0 1631  22.1  -9.0  -9.0 -9.00 1000.6 1003.7 1006.3 2350 1001.8 1611  5.3  6.1 14.3 -9.0 -9.00 -9.00   -9   -9.0   -9.0 -9.00   -9.0   -9   -9.0   -9   -9.0   -9   -9.0   -9   -9.0   -9 -99.0 -99.0 -99.0 -99.0 -99.0
20260528 288  1.6  1357  32  4.8 1605  34  7.6 1629  23.9  30.3 1505  19.3  344  19.0  27.2  18.8  75.5  54.0 1823  22.1   5.7   4.0 -9.00 1000.9 1001.9 1004.1 2341  999.4 1546  5.5  5.1 14.3 -9.0 19.25  2.59 1400   -9.0   -9.0 -9.00   -9.0   -9   -9.0   -9   -9.0   -9   -9.0   -9   -9.0   -9 -99.0 -99.0 -99.0 -99.0 -99.0
20260528 289  2.0  1755  27  5.4 1732  27  8.9 1727  22.6  27.7 1618  19.5  448  18.7  24.9  18.3  80.3  57.0 1638  21.7  -9.0  -9.0 -9.00  988.9 1004.6 1007.6 2326 1002.9 1456  5.4  4.3 14.3 -9.0 -9.00 -9.00   -9   -9.0   -9.0 -9.00   -9.0   -9   -9.0   -9   -9.0   -9   -9.0   -9   -9.0   -9 -99.0 -99.0 -99.0 -99.0 -99.0
20260528 294  1.7  1461  20  4.8 1435  18  8.9 1650  22.1  26.2 1247  18.6  206  18.7  26.4  17.2  81.8  66.0 2342  21.6  -9.0  -9.0 -9.00  998.9 1004.1 1006.0 2321 1002.2 1618  5.4  8.6 14.3 -9.0 -9.00 -9.00   -9   -9.0   -9.0 -9.00   -9.0   -9   -9.0   -9   -9.0   -9   -9.0   -9   -9.0   -9 -99.0 -99.0 -99.0 -99.0 -99.0
20260528 295  2.2  1908  29  5.4 1633  29  7.8 1627  23.5  27.8 1516  20.1  348  18.9  25.3  19.0  77.0  61.0 2153  22.0  -9.0  -9.0 -9.00  998.7 1003.9 1006.3 2311 1001.9 1547  5.1  6.3 14.3 -9.0 -9.00 -9.00   -9   -9.0   -9.0 -9.00   -9.0   -9   -9.0   -9   -9.0   -9   -9.0   -9   -9.0   -9 -99.0 -99.0 -99.0 -99.0 -99.0
20260528 296  1.9  1601  18  3.9 1258  32  7.6 1751  23.7  30.5 1726  19.3  419  20.4  24.5  16.2  83.0  56.0 1741  24.1   4.3   3.0 -9.00 1002.0 1002.3 1004.2 2353  999.7 1700  5.8  3.9 14.3 -9.0 16.80  2.03 1300   -9.0   -9.0 -9.00   -9.0   -9   -9.0   -9   -9.0   -9   -9.0   -9   -9.0   -9 -99.0 -99.0 -99.0 -99.0 -99.0
20260529  90  3.3  2836  27  7.2 2240  29 13.9 2212  22.9  29.5 1622  16.0  527  11.8  26.9  13.8  54.5  26.0 1604  14.2  13.4   9.4 -9.00 1004.4 1006.4 1009.0  558 1003.4 1659  0.8 13.4 14.6 -9.0 30.72  3.56 1200    0.0   -9.0 -9.00    0.0   -9    0.0   -9   -9.0   -9   -9.0   -9   -9.0   -9 -99.0 -99.0 -99.0 -99.0 -99.0
20260529  93  1.4  1235  29  5.0 1506  25  9.0 1612  21.4  29.1 1429  14.4  517  13.0  27.5  13.1  64.4  25.0 1403  15.1   8.8   6.2 -9.00  997.0 1008.0 1009.7  659 1005.3 1741  0.4 13.1 14.6 -9.0 30.14  3.64 1200   -9.0   -9.0 -9.00   -9.0   -9   -9.0   -9   -9.0   -9   -9.0   -9   -9.0   -9  21.7  19.7  17.3  13.6  12.5
20260529  95  1.3  1100  29  4.3 1456  27  8.8 1627  20.6  27.6 1616  14.9  425  13.5  24.7  12.0  69.1  29.0 1628  15.6   8.6   6.0 -9.00  990.7 1008.6 1010.6  751 1006.0 1707  0.1 11.5 14.6 -9.0 30.00  3.63 1200   -9.0   -9.0 -9.00   -9.0   -9   -9.0   -9   -9.0   -9   -9.0   -9   -9.0   -9 -99.0 -99.0 -99.0 -99.0 -99.0
20260529  98  1.1   989  25  3.8 1518  29  8.9 1604  21.4  28.1 1359  15.5  343  13.1  25.2  12.6  62.8  32.0 1402  15.1   8.2   5.8 -9.00  994.9 1008.3 1009.8  813 1006.1 1733  1.4 11.4 14.6 -9.0 29.35  3.61 1200   -9.0   -9.0 -9.00   -9.0   -9   -9.0   -9   -9.0   -9   -9.0   -9   -9.0   -9 -99.0 -99.0 -99.0 -99.0 -99.0
20260529  99  1.2  1056  27  3.9 1604  27  8.9 1535  20.0  27.3 1415  13.8  432  15.3  24.7  11.3  77.6  42.0 1251  17.4   7.6   5.3 -9.00 1005.6 1009.1 1010.9  937 1007.0   26  1.3 10.8 14.6 -9.0 28.62  3.55 1200   -9.0   -9.0 -9.00   -9.0   -9   -9.0   -9   -9.0   -9   -9.0   -9   -9.0   -9 -99.0 -99.0 -99.0 -99.0 -99.0
20260529 100  2.6  2239  29  7.1 1721  29 12.0 1721  18.1  25.1 1356  12.1  640   9.4  22.6   7.5  61.5  24.0 1232  11.9   9.6   6.7 -9.00  920.7 1006.8 1009.9 2316 1002.9 1734  1.8 13.1 14.5 -9.0 31.41  3.85 1200    0.0   -9.0 -9.00    0.0   -9    0.0   -9   -9.0   -9   -9.0   -9   -9.0   -9 -99.0 -99.0 -99.0 -99.0 -99.0
20260529 101  1.5  1257  27  4.9 1455  23 10.3 1602  21.7  28.6 1448  14.6  509  13.5  27.3  10.6  63.9  28.0 1415  15.5   8.6   6.0 -9.00  998.3 1007.0 1008.8  700 1004.3 1727  0.3 13.2 14.6 -9.0 29.81  3.59 1200   -9.0   -9.0 -9.00   -9.0   -9   -9.0   -9   -9.0   -9   -9.0   -9   -9.0   -9  20.9  17.8  15.9  14.2  15.2
20260529 102  3.6  3117  29  5.8 1409  27 11.6 1402  18.9  25.8 1234  13.4  311  12.2  23.8  11.1  66.4  30.0 1247  14.2   8.8   6.1 -9.00 1004.8 1009.0 1010.6  850 1006.9    1  0.0 14.0 14.6 -9.0 31.97  3.73 1200   -9.0   -9.0 -9.00   -9.0   -9   -9.0   -9   -9.0   -9   -9.0   -9   -9.0   -9 -99.0 -99.0 -99.0 -99.0 -99.0
20260529 104  2.5  2175  27  5.2 1737  32 10.6  144  23.4  29.7 1614  16.4  549  12.1 -99.0  11.8  53.3  27.0 1616  14.3   9.8   6.9 -9.00  996.8 1005.4 1008.0  635 1002.2 1727  1.8 -9.0 14.5 -9.0 -9.00  3.66 1200    0.0   -9.0  0.17    0.0   -9    0.0   -9   -9.0   -9   -9.0   -9   -9.0   -9  19.9  17.8  16.1  13.0  13.1
20260529 105  2.3  2003  27  6.1  150  36 13.0  149  23.6  29.9 1653  17.5  552  11.6  30.4  17.0  50.6  27.0 1650  13.8  10.4   7.3 -9.00 1003.5 1006.6 1009.2  614 1003.4 1713  1.8 12.0 14.5 -9.0 28.58  3.49 1200    0.0   -9.0 -9.00    0.0   -9    0.0   -9   -9.0   -9   -9.0   -9   -9.0   -9  21.1  18.7  17.7  14.8  14.5
20260529 106  2.7  2372  36  6.4  212  36 12.8  207  22.6  27.6 1826  17.3  554  12.3  29.8  14.8  54.6  33.0 1824  14.5  11.1   7.8 -9.00 1002.2 1006.9 1009.3  709 1003.4    1  1.3 12.1 14.5 -9.0 30.11  3.63 1200   -9.0   -9.0 -9.00   -9.0   -9   -9.0   -9   -9.0   -9   -9.0   -9   -9.0   -9 -99.0 -99.0 -99.0 -99.0 -99.0
20260529 108  2.4  2034  23  5.1 1444  25  9.4 1517  21.5  26.9 1503  16.6  436  13.3  24.2  15.1  62.8  34.0 1658  15.4   8.9   6.3 -9.00  998.9 1008.8 1010.0 2231 1006.6   26  0.4 12.5 14.5 -9.0 30.39  3.73 1200   -9.0   -9.0 -9.00   -9.0   -9   -9.0   -9   -9.0   -9   -9.0   -9   -9.0   -9  21.2  18.5  17.4  14.3  13.5
20260529 112  2.5  2202  23  4.7 1817  23  6.5 1816  19.6  23.9 1456  16.4   11  15.8  24.5  14.2  80.8  51.0 1609  18.1   6.9   4.8 -9.00 1000.9 1009.0 1010.4 1013 1006.5   42  2.5 12.0 14.5 -9.0 29.18  3.57 1200   -9.0   -9.0 -9.00   -9.0   -9   -9.0   -9   -9.0   -9   -9.0   -9   -9.0   -9  20.2  18.4  13.4  15.7  13.5
20260529 114  1.7  1503  27  4.5 1827  27  8.8 1519  21.8  28.0 1507  17.5  405  13.7  27.6  11.4  62.8  32.0 1616  15.7   8.2   5.7 -9.00  990.8 1008.0 1009.8 2353 1005.7 1727  3.1  9.9 14.5 -9.0 27.00  3.57 1200   -9.0   -9.0 -9.00   -9.0   -9   -9.0   -9   -9.0   -9   -9.0   -9   -9.0   -9 -99.0 -99.0 -99.0 -99.0 -99.0
20260529 115  5.0  4318   5  9.2  345   5 13.6  421  20.1  24.1 1453  16.3  522  10.8  26.9  14.7  56.6  36.0 1956  13.2  11.2   7.9 -9.00  981.1 1006.4 1008.0  824 1003.3    2  1.4 12.8 14.5 -9.0 29.35  3.48 1200   -9.0   -9.0 -9.00   -9.0   -9   -9.0   -9   -9.0   -9   -9.0   -9   -9.0   -9  18.9  15.7  15.0  12.3  13.1
20260529 119  2.1  1841  29  5.0 1615  29  9.6 1600  20.1  25.9 1533  15.7 2400  13.6  26.2  13.0  69.5  31.0 1709  15.7   7.5   5.3 -9.00 1004.2 1008.9 1010.4 2258 1006.8   36  2.8  9.3 14.5 -9.0 26.04  3.38 1300   -9.0   -9.0 -9.00   -9.0   -9   -9.0   -9   -9.0   -9   -9.0   -9   -9.0   -9  20.9  18.0  15.8  12.6  12.5
20260529 121  1.9  1643  27  4.6 1712  27  9.0 1427  21.3  27.7 1559  15.6  525  13.1  29.3  11.2  63.6  34.0 1711  15.2   7.9   5.6 -9.00  980.4 1007.9 1010.0 2400 1005.2 1737  1.6 10.1 14.5 -9.0 27.72  3.58 1100   -9.0   -9.0 -9.00   -9.0   -9   -9.0   -9   -9.0   -9   -9.0   -9   -9.0   -9 -99.0 -99.0 -99.0 -99.0 -99.0
20260529 127  1.8  1540  25  4.8 1709  23  8.4 1708  21.1  27.7 1520  15.8 2338  13.4  24.2  12.8  63.1  38.0 1831  15.5   7.1   5.0 -9.00  994.6 1007.8 1009.4  816 1005.6   53  3.9  7.4 14.5 -9.0 22.45  2.93 1400   -9.0   -9.0 -9.00   -9.0   -9   -9.0   -9   -9.0   -9   -9.0   -9   -9.0   -9 -99.0 -99.0 -99.0 -99.0 -99.0
20260529 129  1.8  1575  29  5.3 1450  29  8.8 1507  19.9  26.6 1701  15.2 2354  13.7  24.6  11.4  73.8  24.0 1717  16.1   8.1   5.6 -9.00 1006.8 1009.7 1011.1 2154 1007.3   38  3.4  9.9 14.5 -9.0 27.46  3.65 1200   -9.0   -9.0 -9.00   -9.0   -9   -9.0   -9   -9.0   -9   -9.0   -9   -9.0   -9  20.6  18.0  17.9  13.6  14.7
20260529 130  2.0  1725  23  4.5  353  32  9.9  313  20.6  23.6  854  17.4  538  14.8  25.4  14.9  70.5  43.0  853  16.9  -9.0  -9.0 -9.00 1001.5 1007.2 1009.1  737 1003.1    1  0.4 13.4 14.5 -9.0 -9.00 -9.00   -9   -9.0   -9.0 -9.00   -9.0   -9   -9.0   -9   -9.0   -9   -9.0   -9   -9.0   -9 -99.0 -99.0 -99.0 -99.0 -99.0
20260529 131  1.7  1452  27  3.7 1634  23  7.5 1654  22.1  28.0 1535  17.7  215  11.9  23.6  15.3  55.9  25.0 1719  14.1   7.9   5.5 -9.00 1001.9 1008.6 1010.0 2305 1006.7    5  4.4  7.7 14.4 -9.0 24.67  3.51 1300   -9.0   -9.0 -9.00   -9.0   -9   -9.0   -9   -9.0   -9   -9.0   -9   -9.0   -9 -99.0 -99.0 -99.0 -99.0 -99.0
20260529 133  1.6  1411  32  4.8 1710  34  8.8 1701  21.3  27.5 1542  17.3  133  13.9  23.4  13.4  65.6  30.0 1701  16.1   7.0   4.9 -9.00 1001.4 1009.2 1010.6 2205 1007.3   16  4.3  8.7 14.4 -9.0 22.94  3.63 1200   -9.0   -9.0 -9.00   -9.0   -9   -9.0   -9   -9.0   -9   -9.0   -9   -9.0   -9  22.3  20.6  18.2  15.2  15.4
20260529 135  3.4  2906  27  6.7  311  27 10.3 1543  20.3  24.7 1609  15.6 2400  13.1  23.0  14.1  64.9  41.0 1846  15.2   8.2   5.8 -9.00  980.1 1008.2 1010.0 2308 1006.2    1  2.1 11.0 14.4 -9.0 28.81  3.70 1200   -9.0   -9.0 -9.00   -9.0   -9   -9.0   -9   -9.0   -9   -9.0   -9   -9.0   -9 -99.0 -99.0 -99.0 -99.0 -99.0
20260529 136  2.0  1761  27  4.0 1447  25  8.2 1300  22.1  27.9 1527  17.0  512  13.5  28.6  14.5  60.4  39.0 1610  15.6   8.2   5.7 -9.00  992.1 1008.3 1009.9  905 1005.7    4  1.4 10.9 14.4 -9.0 28.81  3.39 1100   -9.0   -9.0 -9.00   -9.0   -9   -9.0   -9   -9.0   -9   -9.0   -9   -9.0   -9 -99.0 -99.0 -99.0 -99.0 -99.0
20260529 137  1.8  1533  27  3.0 1653  25  8.1 2306  22.2  28.1 1556  17.9  524  14.1  25.5  16.2  62.1  40.0 1602  16.4   7.4   5.2 -9.00  996.1 1007.2 1008.7 2340 1005.0   41  1.6 10.7 14.4 -9.0 25.47  3.66 1300   -9.0   -9.0 -9.00   -9.0   -9   -9.0   -9   -9.0   -9   -9.0   -9   -9.0   -9 -99.0 -99.0 -99.0 -99.0 -99.0
20260529 138  2.9  2469   5  5.8  516   7 12.5  618  22.7  26.7 1830  19.6  547  14.3  27.8  16.7  60.1  37.0 1850  16.4   8.6   6.0 -9.00 1006.3 1006.8 1008.8  911 1003.2    8  1.1 10.4 14.4 -9.0 28.05  3.59 1200   -9.0   -9.0 -9.00   -9.0   -9   -9.0   -9   -9.0   -9   -9.0   -9   -9.0   -9  20.3  17.8  16.8  15.2  15.6
20260529 140  2.2  1913  29  6.0 1736  29  8.9 1732  19.9  24.8 1727  16.8 2351  16.0  23.1  11.1  79.6  54.0 1737  18.2  -9.0  -9.0 -9.00 1007.3 1010.6 1012.1 2138 1008.5  105  3.1  8.5 14.4 -9.0 -9.00 -9.00   -9   -9.0   -9.0 -9.00   -9.0   -9   -9.0   -9   -9.0   -9   -9.0   -9   -9.0   -9 -99.0 -99.0 -99.0 -99.0 -99.0
20260529 143  2.4  2093  29  4.6 1659  27  7.7 1742  23.2  28.3 1530  19.2  557  12.5  25.9  14.1  53.4  32.0 1457  14.6   8.3   5.8 -9.00 1000.9 1007.1 1008.6 2332 1004.7  134  2.0  9.9 14.4 -9.0 25.48  3.21 1200   -9.0   -9.0 -9.00   -9.0   -9   -9.0   -9   -9.0   -9   -9.0   -9   -9.0   -9 -99.0 -99.0 -99.0 -99.0 -99.0
20260529 146  2.2  1921  25  5.1 1619  27  7.7 1616  21.1  26.9 1533  17.5  506  15.1  24.2  13.0  70.8  43.0 1451  17.3   7.2   5.0 -9.00 1002.6 1009.6 1011.6 2226 1007.9  129  4.5  8.0 14.4 -9.0 24.09  3.39 1200   -9.0   -9.0 -9.00   -9.0   -9   -9.0   -9   -9.0   -9   -9.0   -9   -9.0   -9 -99.0 -99.0 -99.0 -99.0 -99.0
20260529 152  2.2  1902   5  4.3  530  34  7.5  522  21.2  25.3 1459  16.8 2358  13.3  24.6  14.0  62.8  36.0 1723  15.3   8.4   5.9 -9.00  997.5 1006.9 1008.5 2209 1003.3  215  0.9 10.7 14.4 -9.0 28.40  3.76 1200   -9.0   -9.0 -9.00   -9.0   -9   -9.0   -9   -9.0   -9   -9.0   -9   -9.0   -9 -99.0 -99.0 -99.0 -99.0 -99.0
20260529 155  2.0  1711  18  5.9 1437  20  8.5 1421  21.5  27.3 1219  17.6 2335  14.8  24.8  14.5  67.5  42.0 1619  16.9   6.8   4.8 -9.00 1003.7 1007.8 1009.4 2135 1004.9  128  1.1 10.9 14.3 -9.0 25.80  3.31 1100   -9.0   -9.0 -9.00   -9.0   -9   -9.0   -9   -9.0   -9   -9.0   -9   -9.0   -9 -99.0 -99.0 -99.0 -99.0 -99.0
20260529 156  1.5  1291  36  4.6 1729   9  7.9 1724  21.8  28.4 1513  16.6  400  14.9  25.5  12.4  67.6  38.0 1454  17.0   7.8   5.5 -9.00 1000.2 1008.3 1010.2 2207 1007.0 1510  0.8 12.4 14.3 -9.0 27.79  3.60 1200   -9.0   -9.0 -9.00   -9.0   -9   -9.0   -9   -9.0   -9   -9.0   -9   -9.0   -9 -99.0 -99.0 -99.0 -99.0 -99.0
20260529 159  2.7  2314  34  5.8  332  32 10.5  328  22.0  26.1 1335  19.4 2231  13.5  24.4  13.7  60.0  36.0 1236  15.6   8.7   6.1 -9.00  999.2 1007.2 1009.0 2135 1003.5   57  1.4 10.6 14.3 -9.0 27.89  3.74 1200   -9.0   -9.0 -9.00   -9.0   -9   -9.0   -9   -9.0   -9   -9.0   -9   -9.0   -9  21.6  19.5  18.6  15.7  16.7
20260529 162  2.4  2048   5  4.4  850   2  6.9  902  20.8  25.3 1626  17.1  516  15.2  25.8  13.2  71.4  50.0 1710  17.3   6.6   4.6 -9.00 1003.7 1007.3 1009.2 2133 1004.4  148  0.9 11.3 14.3 -9.0 26.06  3.25 1300   -9.0   -9.0 -9.00   -9.0   -9   -9.0   -9   -9.0   -9   -9.0   -9   -9.0   -9 -99.0 -99.0 -99.0 -99.0 -99.0
20260529 165  3.6  3113  29  8.0 1703  32 10.8 1700  19.7  24.4 1320  16.3  458  16.4  23.8  11.9  82.6  65.0 1328  18.7   7.2   5.0 -9.00 1004.8 1010.0 1011.7 2157 1008.5  400  1.1 12.9 14.3 -9.0 30.41  3.66 1200   -9.0   -9.0 -9.00   -9.0   -9   -9.0   -9   -9.0   -9   -9.0   -9   -9.0   -9  20.8  19.8  17.7  15.6  14.8
20260529 168  4.0  3443  34  9.2  702  34 12.3  258  21.7  25.9 1421  18.2  518  14.8  28.0  16.7  65.9  50.0 1222  16.9   8.4   5.9 -9.00 1000.9 1008.5 1010.0 2209 1006.1  154  0.3 13.1 14.3 -9.0 29.20  3.61 1200   -9.0   -9.0 -9.00   -9.0   -9   -9.0   -9   -9.0   -9   -9.0   -9   -9.0   -9  22.1  19.6  17.8  15.9  16.6
20260529 169  6.1  5308  34  8.2 1328  36 10.9 1308  18.6  21.4 1405  16.0  538  15.4  23.8  14.7  82.4  71.0 2157  17.5   7.2   5.1 -9.00 1001.7 1010.4 1012.0 2117 1008.4  312  0.0 13.6 14.3 -9.0 31.04  3.73 1200   -9.0   -9.0 -9.00   -9.0   -9   -9.0   -9   -9.0   -9   -9.0   -9   -9.0   -9 -99.0 -99.0 -99.0 -99.0 -99.0
20260529 170  2.1  1851  29  4.8 1529  34  8.4 1551  22.1  29.0 1454  16.0  546  15.6  24.5  13.3  68.6  44.0 2309  17.9   8.1   5.6 -9.00 1005.3 1009.4 1011.3 2127 1008.1  140  0.6 12.7 14.3 -9.0 28.97  3.64 1200   -9.0   -9.0 -9.00   -9.0   -9   -9.0   -9   -9.0   -9   -9.0   -9   -9.0   -9 -99.0 -99.0 -99.0 -99.0 -99.0
20260529 172  2.2  1878  29  6.3 1335  29  8.8 1511  19.7  25.3 1251  15.1  601  16.3  22.8  11.8  82.3  55.0 1850  18.6   7.0   4.9 -9.00 1003.5 1009.6 1011.5 2200 1008.1   42  0.9 11.8 14.3 -9.0 29.66  3.67 1200   -9.0   -9.0 -9.00   -9.0   -9   -9.0   -9   -9.0   -9   -9.0   -9   -9.0   -9 -99.0 -99.0 -99.0 -99.0 -99.0
20260529 174  2.7  2316  29  5.2  457  27  8.3 1536  20.8  27.5 1437  15.4 2355  13.2  24.3  13.0  64.1  33.0 1641  15.3  -9.0  -9.0 -9.00  988.3 1007.2 1009.3 2348 1005.7  134  0.6 11.2 14.3 -9.0 -9.00 -9.00   -9   -9.0   -9.0 -9.00   -9.0   -9   -9.0   -9   -9.0   -9   -9.0   -9   -9.0   -9 -99.0 -99.0 -99.0 -99.0 -99.0
20260529 177  2.2  1926  20  4.9 1918  25  8.5 1637  20.9  27.7 1454  16.0 2358  14.4  24.9  14.2  70.8  29.0 1635  16.6   8.2   5.8 -9.00 1005.0 1008.2 1009.6 2210 1006.1   18  3.6  9.2 14.5 -9.0 26.64  3.52 1200   -9.0   -9.0 -9.00   -9.0   -9   -9.0   -9   -9.0   -9   -9.0   -9   -9.0   -9 -99.0 -99.0 -99.0 -99.0 -99.0
20260529 181  1.9  1670  32  4.8 1716  32  8.4 1333  20.5  26.7 1602  16.1 2354  13.5  23.3  11.1  67.1  30.0 1702  15.7   7.5   5.3 -9.00 1005.3 1009.2 1010.5 2314 1007.2   39  2.6  8.6 14.4 -9.0 25.51  3.73 1100   -9.0   -9.0 -9.00   -9.0   -9   -9.0   -9   -9.0   -9   -9.0   -9   -9.0   -9 -99.0 -99.0 -99.0 -99.0 -99.0
20260529 184  2.9  2527  32  5.1 1111  25  7.8  132  21.5  25.0 1521  17.7  606  14.3  26.1  13.3  64.4  52.0 1321  16.4   8.0   5.6 -9.00 1007.4 1009.8 1011.6 2129 1008.4  322  0.5 12.7 14.2 -9.0 28.87  3.57 1200   -9.0   -9.0 -9.00   -9.0   -9   -9.0   -9   -9.0   -9   -9.0   -9   -9.0   -9  22.3  20.9  20.0  18.2  16.5
20260529 185  6.1  5281  32  9.2 1353  32 10.9 1703  19.1  21.9 1313  17.4  326  15.9  23.6  15.8  82.1  61.0 2349  18.1   6.7   4.7 -9.00 1001.6 1010.0 1011.7 2247 1008.5  405  0.5 11.9 14.2 -9.0 29.57  3.64 1200   -9.0   -9.0 -9.00   -9.0   -9   -9.0   -9   -9.0   -9   -9.0   -9   -9.0   -9 -99.0 -99.0 -99.0 -99.0 -99.0
20260529 188  3.7  3160  29  9.2  103  29 16.8   55  22.7  27.2 1240  19.6 2109  12.9  22.6  17.8  54.9  42.0  847  15.0  -9.0  -9.0 -9.00 1007.0 1009.4 1011.1 2128 1006.8  102  0.0 13.1 14.2 -9.0 -9.00 -9.00   -9   -9.0   -9.0 -9.00   -9.0   -9   -9.0   -9   -9.0   -9   -9.0   -9   -9.0   -9 -99.0 -99.0 -99.0 -99.0 -99.0
20260529 189  1.8  1568  20  4.9 1534  27  8.7 1438  23.1  29.9 1425  19.6  455  15.1  25.4  17.6  63.1  32.0 1406  17.3   8.7   6.1 -9.00 1003.1 1009.1 1011.5 2258 1007.1  111  0.3 12.6 14.2 -9.0 30.25  3.66 1200   -9.0   -9.0 -9.00   -9.0   -9   -9.0   -9   -9.0   -9   -9.0   -9   -9.0   -9 -99.0 -99.0 -99.0 -99.0 -99.0
20260529 192  0.8   731  20  2.4 1515  16  6.3 1508  20.7  28.1 1422  14.1  523  16.1  27.2  11.4  77.4  45.0 1426  18.4   7.1   5.0 -9.00 1004.6 1008.0 1009.6 2132 1005.7  141  0.8 12.1 14.3 -9.0 28.82  3.46 1100   -9.0   -9.0 -9.00   -9.0   -9   -9.0   -9   -9.0   -9   -9.0   -9   -9.0   -9 -99.0 -99.0 -99.0 -99.0 -99.0
20260529 201  2.1  1823  25  4.7 1350  27  6.9 1333  19.8  23.5 1511  14.6  544  15.4  24.7  11.5  77.9  54.0 1633  17.6  -9.0  -9.0 -9.00 1003.9 1009.5 1011.2  931 1007.0    6  0.0 12.2 14.5 -9.0 -9.00 -9.00   -9   -9.0   -9.0 -9.00   -9.0   -9   -9.0   -9   -9.0   -9   -9.0   -9   -9.0   -9 -99.0 -99.0 -99.0 -99.0 -99.0
20260529 202  1.6  1422  25  4.1 1612  25  8.2 1608  21.9  28.3 1543  17.4  230  12.6  28.8  12.8  59.8  29.0 1420  14.7  -9.0  -9.0 -9.00 1003.1 1008.5 1010.1  903 1006.2    8  2.6 10.3 14.5 -9.0 -9.00 -9.00   -9   -9.0   -9.0 -9.00   -9.0   -9   -9.0   -9   -9.0   -9   -9.0   -9   -9.0   -9 -99.0 -99.0 -99.0 -99.0 -99.0
20260529 203  1.4  1206  23  3.5 1552  25  7.4 1607  21.7  28.8 1503  16.5  148  14.0  25.9  13.7  65.1  34.0 1526  16.1  -9.0  -9.0 -9.00  999.7 1009.0 1010.4  905 1007.0   34  3.4  9.4 14.5 -9.0 -9.00 -9.00   -9   -9.0   -9.0 -9.00   -9.0   -9   -9.0   -9   -9.0   -9   -9.0   -9   -9.0   -9 -99.0 -99.0 -99.0 -99.0 -99.0
20260529 211  1.5  1254  20  5.5 1532  23 11.6 1529  20.2  27.7 1537  13.5  545  11.2  25.7   9.0  61.5  27.0 1452  13.5  -9.0  -9.0 -9.00  984.1 1007.3 1009.5  604 1004.3 1528  0.1 11.8 14.6 -9.0 -9.00 -9.00   -9   -9.0   -9.0 -9.00   -9.0   -9   -9.0   -9   -9.0   -9   -9.0   -9   -9.0   -9 -99.0 -99.0 -99.0 -99.0 -99.0
20260529 212  1.3  1159  25  4.0 1515  34  9.6 1429  21.6  28.6 1539  16.4  448  12.2  27.0  12.9  60.5  25.0 1512  14.4  -9.0  -9.0 -9.00  992.1 1008.2 1010.0  758 1005.8 1737  0.1 11.4 14.5 -9.0 -9.00 -9.00   -9   -9.0   -9.0 -9.00   -9.0   -9   -9.0   -9   -9.0   -9   -9.0   -9   -9.0   -9 -99.0 -99.0 -99.0 -99.0 -99.0
20260529 216  1.6  1340   5  4.4  341  20  8.4 1750  19.1  25.0 1514  13.8  509   9.3  22.6  12.7  56.4  32.0 1633  11.8   8.3   5.8 -9.00  927.2 1006.8 1009.4  604 1003.7 1539  2.8 11.0 14.5 -9.0 29.38  3.61 1100    0.0   -9.0 -9.00    0.0   -9    0.0   -9   -9.0   -9   -9.0   -9   -9.0   -9 -99.0 -99.0 -99.0 -99.0 -99.0
20260529 217  1.6  1372  18  4.4 1213  20  8.2 1614  20.6  28.3 1417  15.1  426  10.8  29.2  12.8  57.4  29.0 1413  13.0  -9.0  -9.0 -9.00  972.0 1007.5 1009.9 2337 1004.7 1558  1.5  9.8 14.5 -9.0 -9.00 -9.00   -9   -9.0   -9.0 -9.00   -9.0   -9   -9.0   -9   -9.0   -9   -9.0   -9   -9.0   -9 -99.0 -99.0 -99.0 -99.0 -99.0
20260529 221  2.1  1796  25  5.3 1758  23  9.3 1749  20.0  26.7 1511  14.7  438  13.1  26.1  12.3  68.1  33.0 1644  15.2  -9.0  -9.0 -9.00  977.7 1008.0 1009.9 2400 1005.5 1734  2.6 10.2 14.5 -9.0 -9.00 -9.00   -9   -9.0   -9.0 -9.00   -9.0   -9   -9.0   -9   -9.0   -9   -9.0   -9   -9.0   -9 -99.0 -99.0 -99.0 -99.0 -99.0
20260529 226  1.3  1093  29  3.2 1539  34  8.2 1727  19.8  26.0 1553  14.0 2352  13.8  22.5   9.5  70.8  36.0 1828  15.9  -9.0  -9.0 -9.00  989.2 1009.0 1010.8 2352 1006.8   43  4.5  7.3 14.4 -9.0 -9.00 -9.00   -9   -9.0   -9.0 -9.00   -9.0   -9   -9.0   -9   -9.0   -9   -9.0   -9   -9.0   -9 -99.0 -99.0 -99.0 -99.0 -99.0
20260529 232  1.2  1037  27  3.0 1601  27  6.8 1414  20.6  26.5 1537  15.2 2357  13.6  24.9  12.1  68.3  30.0 1722  15.9  -9.0  -9.0 -9.00  999.7 1009.6 1011.0 2331 1007.4   52  2.8  8.2 14.5 -9.0 -9.00 -9.00   -9   -9.0   -9.0 -9.00   -9.0   -9   -9.0   -9   -9.0   -9   -9.0   -9   -9.0   -9 -99.0 -99.0 -99.0 -99.0 -99.0
20260529 235  0.9   793  23  2.4 1212  23  4.6 1204  19.2  25.7 1411  14.2 2358  15.4  23.7  11.4  80.1  51.0 1715  17.5   6.4   4.5 -9.00 1008.2 1009.3 1010.9 2146 1007.1   57  3.6  7.7 14.4 -9.0 24.77  3.55 1200   -9.0   -9.0 -9.00   -9.0   -9   -9.0   -9   -9.0   -9   -9.0   -9   -9.0   -9 -99.0 -99.0 -99.0 -99.0 -99.0
20260529 236  1.1   961  27  3.8 1646  27  6.5 1642  20.6  27.5 1456  14.4 2359  14.4  24.2  11.1  71.0  38.0 1416  16.5  -9.0  -9.0 -9.00 1008.2 1009.8 1011.3 2149 1007.8  111  3.8  8.2 14.4 -9.0 -9.00 -9.00   -9   -9.0   -9.0 -9.00   -9.0   -9   -9.0   -9   -9.0   -9   -9.0   -9   -9.0   -9 -99.0 -99.0 -99.0 -99.0 -99.0
20260529 238  1.0   890  27  3.0 1353   2  6.4 1516  20.4  26.9 1616  14.8 2356  14.8  25.1  10.6  73.3  41.0 1835  16.9  -9.0  -9.0 -9.00  989.1 1008.7 1010.5 2236 1006.9    1  4.4  7.7 14.4 -9.0 -9.00 -9.00   -9   -9.0   -9.0 -9.00   -9.0   -9   -9.0   -9   -9.0   -9   -9.0   -9   -9.0   -9 -99.0 -99.0 -99.0 -99.0 -99.0
20260529 239  1.5  1253  34  5.2 1732  32  8.1 1629  20.4  26.5 1500  16.2 2357  13.2  23.8  12.6  66.8  33.0 1625  15.4   6.7   4.7 -9.00  998.4 1008.7 1010.1 2145 1007.0   12  3.9  7.7 14.4 -9.0 22.82  3.64 1200   -9.0   -9.0 -9.00   -9.0   -9   -9.0   -9   -9.0   -9   -9.0   -9   -9.0   -9 -99.0 -99.0 -99.0 -99.0 -99.0
20260529 243  1.3  1163  29  4.1 1608  27  7.8 1603  19.7  25.0 1256  16.1 2340  15.1  22.5  11.8  75.8  57.0 1805  17.2  -9.0  -9.0 -9.00 1008.6 1010.0 1011.6 2148 1008.0  116  3.9  8.0 14.4 -9.0 -9.00 -9.00   -9   -9.0   -9.0 -9.00   -9.0   -9   -9.0   -9   -9.0   -9   -9.0   -9   -9.0   -9 -99.0 -99.0 -99.0 -99.0 -99.0
20260529 244  1.2  1025  34  3.6 1801   9  6.8 1457  19.7  26.2 1420  13.9 2354  14.9  23.4   9.6  76.3  42.0 1401  17.0  -9.0  -9.0 -9.00  980.7 1009.1 1011.4 2155 1007.6  134  4.3 10.3 14.4 -9.0 -9.00 -9.00   -9   -9.0   -9.0 -9.00   -9.0   -9   -9.0   -9   -9.0   -9   -9.0   -9   -9.0   -9 -99.0 -99.0 -99.0 -99.0 -99.0
20260529 245  1.9  1601  34  4.8 1722  36  7.7 1448  20.0  26.2 1432  14.4 2400  15.0  23.1  10.9  74.4  38.0 1918  17.1   6.9   4.9 -9.00 1001.8 1009.8 1011.6 2143 1008.1  136  4.4  9.0 14.4 -9.0 25.31  3.55 1300   -9.0   -9.0 -9.00   -9.0   -9   -9.0   -9   -9.0   -9   -9.0   -9   -9.0   -9 -99.0 -99.0 -99.0 -99.0 -99.0
20260529 247  1.4  1238  32  3.9 1605  29  8.4 1513  20.8  27.7 1432  15.7  327  15.5  23.2  13.9  75.4  41.0 1342  17.6  -9.0  -9.0 -9.00  993.5 1008.9 1010.9 2139 1007.3 1512  2.9 11.1 14.3 -9.0 -9.00 -9.00   -9   -9.0   -9.0 -9.00   -9.0   -9   -9.0   -9   -9.0   -9   -9.0   -9   -9.0   -9 -99.0 -99.0 -99.0 -99.0 -99.0
20260529 248  1.4  1171   2  4.4 1448   2  8.4 1441  18.3  25.8 1411  11.8  437  13.1  21.2   8.5  75.9  34.0 1554  15.1  -9.0  -9.0 -9.00  962.8 1009.3 1011.6 2340 1007.3 1528  3.8  9.1 14.4 -9.0 -9.00 -9.00   -9   -9.0   -9.0 -9.00   -9.0   -9   -9.0   -9   -9.0   -9   -9.0   -9   -9.0   -9 -99.0 -99.0 -99.0 -99.0 -99.0
20260529 251  1.4  1247  32  4.8 1516  32  7.9 1511  19.5  26.1 1429  14.6 2400  15.1  22.7  12.7  77.8  46.0 1919  17.2   7.0   4.9 -9.00 1002.4 1009.3 1011.2 2209 1007.6  258  1.8  9.8 14.3 -9.0 27.61  3.61 1200   -9.0   -9.0 -9.00   -9.0   -9   -9.0   -9   -9.0   -9   -9.0   -9   -9.0   -9 -99.0 -99.0 -99.0 -99.0 -99.0
20260529 252  1.3  1127  34  3.6 1550  36  7.4 1454  19.1  24.7 1306  14.3  539  15.8  22.8  11.6  82.6  61.0 1825  18.0   7.0   4.9 -9.00 1005.5 1009.8 1011.5 2132 1008.1  314  1.0 12.6 14.3 -9.0 30.60  3.74 1200   -9.0   -9.0 -9.00   -9.0   -9   -9.0   -9   -9.0   -9   -9.0   -9   -9.0   -9 -99.0 -99.0 -99.0 -99.0 -99.0
20260529 253  1.6  1350  18  4.4 1337  16  7.8 1608  21.8  27.2 1203  17.8 2323  15.8  24.6  14.8  69.6  46.0 1553  18.0   6.1   4.3 -9.00 1002.0 1008.3 1010.0 2139 1004.9  130  2.4  8.5 14.3 -9.0 21.49  3.20 1000   -9.0   -9.0 -9.00   -9.0   -9   -9.0   -9   -9.0   -9   -9.0   -9   -9.0   -9 -99.0 -99.0 -99.0 -99.0 -99.0
20260529 254  2.1  1797  34  6.1 1715   2  8.9 1717  20.3  27.0 1356  15.1 2352  13.8  24.7  12.4  68.8  34.0 1352  15.8   8.3   5.8 -9.00  994.7 1009.7 1011.8 2144 1008.3   21  3.1 10.1 14.3 -9.0 27.85  3.80 1200   -9.0   -9.0 -9.00   -9.0   -9   -9.0   -9   -9.0   -9   -9.0   -9   -9.0   -9 -99.0 -99.0 -99.0 -99.0 -99.0
20260529 255  1.2  1075  32  2.7  802  20  5.5 1632  22.5  28.2 1237  18.8  515  15.7  23.0  14.7  66.6  47.0 1242  17.9   5.9   4.1 -9.00 1001.5 1007.4 1009.1 2137 1004.8  126  2.0 10.4 14.3 -9.0 22.15  2.92 1400   -9.0   -9.0 -9.00   -9.0   -9   -9.0   -9   -9.0   -9   -9.0   -9   -9.0   -9 -99.0 -99.0 -99.0 -99.0 -99.0
20260529 257  1.7  1503  23  3.6 1520  27  7.9    5  22.1  28.5 1441  16.6 2358  15.5  23.9  13.9  68.8  42.0 1445  17.7   5.8   4.0 -9.00 1006.8 1007.5 1009.4 2157 1004.1  136  2.5  6.1 14.3 -9.0 19.24  3.06 1100   -9.0   -9.0 -9.00   -9.0   -9   -9.0   -9   -9.0   -9   -9.0   -9   -9.0   -9 -99.0 -99.0 -99.0 -99.0 -99.0
20260529 258  3.2  2806  34  6.4 1952  34  9.8 2002  22.5  29.3 1519  17.3  559  15.9  22.8  14.8  68.3  36.0 1815  18.1   8.4   5.9 -9.00 1008.8 1009.0 1010.7 2350 1007.5  323  0.9 11.9 14.3 -9.0 28.41  3.59 1100   -9.0   -9.0 -9.00   -9.0   -9   -9.0   -9   -9.0   -9   -9.0   -9   -9.0   -9 -99.0 -99.0 -99.0 -99.0 -99.0
20260529 259  2.2  1908  34  4.4 1234  11  8.6 1410  21.9  29.1 1434  16.2  512  15.7  23.8  14.0  70.1  47.0 1435  17.9   7.8   5.5 -9.00 1007.2 1009.1 1010.9 2233 1007.8  403  0.5 11.1 14.3 -9.0 28.49  3.63 1300   -9.0   -9.0 -9.00   -9.0   -9   -9.0   -9   -9.0   -9   -9.0   -9   -9.0   -9 -99.0 -99.0 -99.0 -99.0 -99.0
20260529 260  2.3  2013  32  4.5 1034  34  7.3 1415  21.7  28.6 1519  16.0  607  16.4  26.7  12.4  74.1  45.0 1552  18.7  -9.0  -9.0 -9.00 1003.9 1009.0 1010.9 2235 1007.6 1519  0.8 11.9 14.3 -9.0 -9.00 -9.00   -9   -9.0   -9.0 -9.00   -9.0   -9   -9.0   -9   -9.0   -9   -9.0   -9   -9.0   -9 -99.0 -99.0 -99.0 -99.0 -99.0
20260529 261  3.4  2896  29  7.4 1629  32 11.4 1350  20.6  26.4 1350  15.8 2359  16.8  24.9  11.6  80.0  61.0 1329  19.2  -9.0  -9.0 -9.00 1008.1 1010.0 1011.8 2318 1008.6  226  2.8 12.2 14.3 -9.0 -9.00 -9.00   -9   -9.0   -9.0 -9.00   -9.0   -9   -9.0   -9   -9.0   -9   -9.0   -9   -9.0   -9 -99.0 -99.0 -99.0 -99.0 -99.0
20260529 262  2.0  1730  23  4.6 1511   2  7.1  400  20.7  28.1 1342  15.7 2357  15.7  23.5  16.9  75.4  49.0 1335  17.8   6.5   4.6 -9.00 1002.7 1008.7 1010.5 2124 1007.1  136  0.6 11.8 14.3 -9.0 25.47  3.01 1300   -9.0   -9.0 -9.00   -9.0   -9   -9.0   -9   -9.0   -9   -9.0   -9   -9.0   -9 -99.0 -99.0 -99.0 -99.0 -99.0
20260529 263  1.6  1382  20  3.9 1710  29  6.3    5  21.7  28.3 1451  15.1  520  15.1  25.7  13.1  68.8  43.0 1435  17.2   7.0   4.9 -9.00 1006.2 1007.8 1009.3 2144 1005.4  142  1.6 10.0 14.3 -9.0 26.76  3.70 1100   -9.0   -9.0 -9.00   -9.0   -9   -9.0   -9   -9.0   -9   -9.0   -9   -9.0   -9 -99.0 -99.0 -99.0 -99.0 -99.0
20260529 264  1.9  1634  36  4.2 1742  11  9.5 1030  22.2  29.1 1531  15.3  600   9.3  23.5  14.2  49.3  13.0 1523  12.0   9.0   6.3 -9.00  991.0 1008.4 1010.4 2334 1006.6  136  1.5 12.3 14.4 -9.0 29.51  3.67 1100   -9.0   -9.0 -9.00   -9.0   -9   -9.0   -9   -9.0   -9   -9.0   -9   -9.0   -9 -99.0 -99.0 -99.0 -99.0 -99.0
20260529 266  1.4  1248  27  3.6  505  27  7.6  253  22.3  28.0 1347  16.5  551  15.1  25.1  13.8  65.4  37.0 1336  17.3   7.2   5.0 -9.00  998.4 1008.5 1010.1 2103 1006.5  151  0.6 11.4 14.3 -9.0 27.56  3.56 1200   -9.0   -9.0 -9.00   -9.0   -9   -9.0   -9   -9.0   -9   -9.0   -9   -9.0   -9 -99.0 -99.0 -99.0 -99.0 -99.0
20260529 268  1.9  1666  32  4.2 1652  23  7.0 1310  18.4  24.2 1354  13.8  536  15.6  23.3  13.9  85.3  65.0 1355  17.8  -9.0  -9.0 -9.00 1007.9 1009.1 1010.8 2332 1007.5  233  0.1 13.0 14.3 -9.0 -9.00 -9.00   -9   -9.0   -9.0 -9.00   -9.0   -9   -9.0   -9   -9.0   -9   -9.0   -9   -9.0   -9 -99.0 -99.0 -99.0 -99.0 -99.0
20260529 271  1.4  1180  29  3.8 1430  29  8.0 1424  19.3  27.0 1528  13.8  418  12.3  25.2  11.7  68.0  33.0 1440  14.3  -9.0  -9.0 -9.00  970.6 1007.7 1010.1 2335 1005.1 1732  1.4 10.1 14.5 -9.0 -9.00 -9.00   -9   -9.0   -9.0 -9.00   -9.0   -9   -9.0   -9   -9.0   -9   -9.0   -9   -9.0   -9 -99.0 -99.0 -99.0 -99.0 -99.0
20260529 272  3.2  2733  32  6.9   38  34 11.3 2129  21.4  26.5 1616  16.1  544  12.7  27.3  13.6  59.9  40.0 1643  14.8  -9.0  -9.0 -9.00  983.3 1007.5 1009.1  809 1004.7   38  1.5 12.2 14.5 -9.0 -9.00 -9.00   -9   -9.0   -9.0 -9.00   -9.0   -9   -9.0   -9   -9.0   -9   -9.0   -9   -9.0   -9 -99.0 -99.0 -99.0 -99.0 -99.0
20260529 273  2.4  2057  29  4.3 1906  29  8.8 1859  21.5  27.0 1604  17.2  357  13.1  22.3  12.2  61.1  40.0 2054  15.3  -9.0  -9.0 -9.00  987.5 1007.3 1008.9 2314 1005.0   20  1.9 11.0 14.4 -9.0 -9.00 -9.00   -9   -9.0   -9.0 -9.00   -9.0   -9   -9.0   -9   -9.0   -9   -9.0   -9   -9.0   -9 -99.0 -99.0 -99.0 -99.0 -99.0
20260529 276  2.1  1855  27  4.7 1629  27  9.6 1355  21.1  27.4 1552  14.5  516  12.9  26.9  10.8  63.6  35.0 1558  14.9   8.1   5.6 -9.00  983.1 1006.9 1009.0 2339 1004.4    1  1.5 11.4 14.4 -9.0 28.51  3.46 1000   -9.0   -9.0 -9.00   -9.0   -9   -9.0   -9   -9.0   -9   -9.0   -9   -9.0   -9 -99.0 -99.0 -99.0 -99.0 -99.0
20260529 277  2.9  2492   2  6.6  349   2 12.1  506  21.3  24.2 1303  17.7  435  13.3  30.2  16.3  61.4  38.0 1326  15.3  -9.0  -9.0 -9.00 1002.5 1007.2 1009.2  916 1003.4    1  1.8 13.4 14.4 -9.0 -9.00 -9.00   -9   -9.0   -9.0 -9.00   -9.0   -9   -9.0   -9   -9.0   -9   -9.0   -9   -9.0   -9 -99.0 -99.0 -99.0 -99.0 -99.0
20260529 278  1.4  1196  27  3.9 1734  25  8.2 1152  21.4  28.2 1441  15.0  535  14.4  26.3  11.3  68.6  34.0 1643  16.5  -9.0  -9.0 -9.00  997.4 1006.8 1008.7 2257 1004.5   24  1.4  9.1 14.4 -9.0 -9.00 -9.00   -9   -9.0   -9.0 -9.00   -9.0   -9   -9.0   -9   -9.0   -9   -9.0   -9   -9.0   -9 -99.0 -99.0 -99.0 -99.0 -99.0
20260529 279  1.7  1451  29  3.3 1934  29  7.9   13  22.9  28.8 1437  18.3 2354  13.4  27.2  13.6  56.9  36.0 2008  15.5   7.1   5.0 -9.00 1002.2 1007.8 1009.3 2139 1005.6   14  1.3 10.4 14.4 -9.0 25.53  3.49 1200   -9.0   -9.0 -9.00   -9.0   -9   -9.0   -9   -9.0   -9   -9.0   -9   -9.0   -9 -99.0 -99.0 -99.0 -99.0 -99.0
20260529 281  2.1  1825  27  4.7   57  27  8.9 1449  22.4  28.3 1506  17.8  652  13.3  25.8  15.3  58.4  36.0 1535  15.3  -9.0  -9.0 -9.00  996.8 1007.8 1009.4 2157 1005.0   43  1.8  8.3 14.4 -9.0 -9.00 -9.00   -9   -9.0   -9.0 -9.00   -9.0   -9   -9.0   -9   -9.0   -9   -9.0   -9   -9.0   -9 -99.0 -99.0 -99.0 -99.0 -99.0
20260529 283  2.3  1970  36  5.4  801   2  8.7  738  22.4  29.2 1457  16.7 2359  14.6  26.1  13.5  63.8  37.0 1711  16.7   7.4   5.2 -9.00 1003.0 1007.6 1009.2  823 1004.7   19  2.1 10.0 14.4 -9.0 27.39  3.66 1200   -9.0   -9.0 -9.00   -9.0   -9   -9.0   -9   -9.0   -9   -9.0   -9   -9.0   -9 -99.0 -99.0 -99.0 -99.0 -99.0
20260529 284  2.0  1735   5  4.4 1510   7  9.5 1412  20.9  28.6 1433  13.5  512  13.8  24.3   8.8  67.6  32.0 1455  15.8   7.8   5.5 -9.00  980.9 1007.0 1009.2 2349 1005.2 1411  1.4 12.6 14.4 -9.0 28.87  3.59 1100   -9.0   -9.0 -9.00   -9.0   -9   -9.0   -9   -9.0   -9   -9.0   -9   -9.0   -9 -99.0 -99.0 -99.0 -99.0 -99.0
20260529 285  1.1   908  34  3.1 1822  34  6.8 1800  21.5  29.3 1656  15.2  549  14.5  26.3  13.7  68.9  27.0 1748  16.7  -9.0  -9.0 -9.00 1004.8 1007.9 1009.6 2353 1005.5  155  1.5 12.8 14.4 -9.0 -9.00 -9.00   -9   -9.0   -9.0 -9.00   -9.0   -9   -9.0   -9   -9.0   -9   -9.0   -9   -9.0   -9 -99.0 -99.0 -99.0 -99.0 -99.0
20260529 288  1.6  1393  32  4.0 1743  34  6.4 1126  22.6  29.4 1557  17.2 2359  15.1  25.5  16.3  66.1  33.0 1806  17.3   7.0   4.9 -9.00 1005.2 1006.2 1007.8 2155 1003.4  201  2.9 10.4 14.4 -9.0 25.76  3.75 1200   -9.0   -9.0 -9.00   -9.0   -9   -9.0   -9   -9.0   -9   -9.0   -9   -9.0   -9 -99.0 -99.0 -99.0 -99.0 -99.0
20260529 289  2.2  1916  27  4.7 1643  29  8.5 1627  22.7  29.7 1512  15.7  552  13.7  25.2  13.6  59.5  31.0 1621  15.8  -9.0  -9.0 -9.00  992.9 1008.7 1010.3 2356 1006.6  146  2.3 11.9 14.3 -9.0 -9.00 -9.00   -9   -9.0   -9.0 -9.00   -9.0   -9   -9.0   -9   -9.0   -9   -9.0   -9   -9.0   -9 -99.0 -99.0 -99.0 -99.0 -99.0
20260529 294  1.6  1352  20  3.3 1733  23  7.2 1643  21.3  25.8 1535  17.1  521  15.2  28.5  14.0  69.3  49.0 1356  17.2  -9.0  -9.0 -9.00 1003.3 1008.5 1010.1 2148 1005.5   35  1.3 10.4 14.3 -9.0 -9.00 -9.00   -9   -9.0   -9.0 -9.00   -9.0   -9   -9.0   -9   -9.0   -9   -9.0   -9   -9.0   -9 -99.0 -99.0 -99.0 -99.0 -99.0
20260529 295  1.5  1271  27  4.4   15  25  6.4    6  21.1  26.6 1304  16.6  516  15.2  25.9  12.9  70.8  51.0 1224  17.3  -9.0  -9.0 -9.00 1002.9 1008.2 1009.8 2148 1005.6  134  0.6 12.4 14.3 -9.0 -9.00 -9.00   -9   -9.0   -9.0 -9.00   -9.0   -9   -9.0   -9   -9.0   -9   -9.0   -9   -9.0   -9 -99.0 -99.0 -99.0 -99.0 -99.0
20260529 296  1.9  1601  23  4.8 1334  34  7.7  918  21.8  27.3 1306  17.2 2400  16.2  23.1  12.2  72.0  45.0 1341  18.4   6.6   4.6 -9.00 1006.6 1006.9 1008.8 2139 1003.7  125  2.4  9.1 14.3 -9.0 24.09  3.10 1400   -9.0   -9.0 -9.00   -9.0   -9   -9.0   -9   -9.0   -9   -9.0   -9   -9.0   -9 -99.0 -99.0 -99.0 -99.0 -99.0
20260530  90  5.7  4962  27  8.8 1303  29 19.1 1222  28.8  32.7 1346  22.6  352   6.5  29.3  16.2  24.6  20.0  901   9.8  17.6  12.3 -9.00 1003.8 1005.8 1008.0 2354 1004.6 1435  0.0 13.7 14.6 -9.0 30.97  3.65 1200   -9.0   -9.0 -9.00   -9.0   -9   -9.0   -9   -9.0   -9   -9.0   -9   -9.0   -9 -99.0 -99.0 -99.0 -99.0 -99.0
20260530  93  1.5  1332  20  6.1 1432  20  9.8 1438  21.6  31.1 1650  12.2  456  12.3  27.6  10.5  61.0  27.0 1749  14.4   9.0   6.3 -9.00  998.8 1009.9 1012.3 2323 1007.2 1650  0.0 13.1 14.6 -9.0 29.48  3.54 1200   -9.0   -9.0 -9.00   -9.0   -9   -9.0   -9   -9.0   -9   -9.0   -9   -9.0   -9  22.1  20.0  17.5  13.6  12.5
20260530  95  1.7  1478  23  4.3 1645  20  9.1 1610  21.1  29.4 1532  11.6  513  12.8  24.6   9.8  63.4  34.0 1355  14.8   9.0   6.3 -9.00  992.2 1010.1 1012.7 2354 1007.7 1602  0.0 13.4 14.6 -9.0 30.40  3.54 1200   -9.0   -9.0 -9.00   -9.0   -9   -9.0   -9   -9.0   -9   -9.0   -9   -9.0   -9 -99.0 -99.0 -99.0 -99.0 -99.0
20260530  98  1.4  1234  25  4.0 1310  20  8.5 1609  21.5  28.9 1331  13.3  458  12.5  26.5  10.1  58.9  35.0 1339  14.5   8.4   5.9 -9.00  996.7 1010.0 1012.4 2326 1008.2 1521  0.0 12.0 14.6 -9.0 29.35  3.53 1200   -9.0   -9.0 -9.00   -9.0   -9   -9.0   -9   -9.0   -9   -9.0   -9   -9.0   -9 -99.0 -99.0 -99.0 -99.0 -99.0
20260530  99  1.3  1139  29  3.8 1617  29  7.5 1514  20.0  28.0 1439  12.5  511  14.9  25.0   9.3  75.3  48.0 1403  17.0   7.3   5.1 -9.00 1007.2 1010.8 1012.8 2322 1009.3 1543  0.0 12.5 14.6 -9.0 29.08  3.51 1200   -9.0   -9.0 -9.00   -9.0   -9   -9.0   -9   -9.0   -9   -9.0   -9   -9.0   -9 -99.0 -99.0 -99.0 -99.0 -99.0
20260530 100  3.9  3353  27  8.3 1400  27 14.2 1356  19.9  26.3 1306   9.8  229   7.4  22.6   4.9  49.0  24.0 1125  10.3  11.8   8.3 -9.00  922.9 1008.5 1011.8 2400 1005.4 1450  0.0 13.6 14.6 -9.0 31.64  3.72 1200   -9.0   -9.0 -9.00   -9.0   -9   -9.0   -9   -9.0   -9   -9.0   -9   -9.0   -9 -99.0 -99.0 -99.0 -99.0 -99.0
20260530 101  1.8  1548  20  5.4 1453  20  9.9 1454  21.8  30.2 1600  12.6  441  12.1  27.3   7.5  58.8  29.0 1826  14.1   9.1   6.4 -9.00 1000.1 1008.9 1011.5 2356 1006.2 1609  0.0 13.4 14.6 -9.0 29.66  3.53 1200   -9.0   -9.0 -9.00   -9.0   -9   -9.0   -9   -9.0   -9   -9.0   -9   -9.0   -9  21.3  18.0  16.1  14.3  15.2
20260530 102  2.6  2236  27  5.0 1228  29  9.8 1309  21.1  26.8 1454  14.5 2343  13.8  28.2  10.6  65.1  39.0 1655  15.8   5.2   3.6 -9.00   -9.0   -9.0 1009.4 1130 1000.7 1453  0.0 13.8 14.6 -9.0 31.54  3.70 1200   -9.0   -9.0 -9.00   -9.0   -9   -9.0   -9   -9.0   -9   -9.0   -9   -9.0   -9 -99.0 -99.0 -99.0 -99.0 -99.0
20260530 104  4.6  3956  25  7.5 1938  29 14.4 1110  28.3  32.7 1453  20.3  538   6.9  33.5  14.9  26.5  18.0 2320  10.0  15.6  10.9 -9.00  996.8 1005.3 1007.3 2334 1003.8 1547  0.0 -9.0 14.6 -9.0 -9.00  3.64 1200   -9.0   -9.0 -9.00   -9.0   -9   -9.0   -9   -9.0   -9   -9.0   -9   -9.0   -9  20.7  18.0  16.3  13.2  13.1
20260530 105  3.2  2787  27  5.1 1417  27 10.8 2035  28.0  33.5 1358  21.9  524   8.0  32.2  16.2  29.3  19.0 1021  10.7  14.2  10.0 -9.00 1003.4 1006.5 1008.7 2349 1005.1 1500  0.0 13.4 14.6 -9.0 29.16  3.47 1200   -9.0   -9.0 -9.00   -9.0   -9   -9.0   -9   -9.0   -9   -9.0   -9   -9.0   -9  21.7  18.8  17.8  14.9  14.5
20260530 106  4.7  4101  27  6.8 2014  29 13.9 2131  28.3  33.6 1351  21.4  556   7.0  32.6  15.7  27.1  18.0 1234  10.0  17.0  11.9 -9.00 1002.4 1007.0 1009.0 2333 1005.7 1615  0.0 12.8 14.5 -9.0 30.55  3.61 1200   -9.0   -9.0 -9.00   -9.0   -9   -9.0   -9   -9.0   -9   -9.0   -9   -9.0   -9 -99.0 -99.0 -99.0 -99.0 -99.0
20260530 108  2.3  1999  20  5.5 1613  27  9.5 1546  22.5  29.0 1453  15.8  525  13.6  25.2  13.5  59.3  38.0 1558  15.6   9.4   6.6 -9.00 1000.5 1010.4 1012.5 2324 1008.8 1611  0.0 13.5 14.6 -9.0 30.84  3.66 1200   -9.0   -9.0 -9.00   -9.0   -9   -9.0   -9   -9.0   -9   -9.0   -9   -9.0   -9  21.4  18.6  17.5  14.3  13.6
20260530 112  2.6  2253  20  5.0 1521  20  7.9 1415  20.0  24.1 1657  15.7  506  15.3  23.8  11.5  75.4  58.0 1333  17.4   7.4   5.2 -9.00 1002.5 1010.5 1012.3 2318 1009.0  254  0.0 13.5 14.5 -9.0 30.03  3.56 1200   -9.0   -9.0 -9.00   -9.0   -9   -9.0   -9   -9.0   -9   -9.0   -9   -9.0   -9  20.4  18.5  13.5  16.0  13.4
20260530 114  1.2  1057  29  3.6 1248  32  6.8 1240  22.4  30.2 1506  13.8  446  12.4  27.5   8.3  56.6  27.0 1826  14.4   8.7   6.1 -9.00  993.0 1010.3 1012.5 2354 1007.8 1653  0.0 13.5 14.5 -9.0 30.11  3.58 1200   -9.0   -9.0 -9.00   -9.0   -9   -9.0   -9   -9.0   -9   -9.0   -9   -9.0   -9 -99.0 -99.0 -99.0 -99.0 -99.0
20260530 115  6.5  5580  29  9.1  331  23 15.0 2001  25.6  28.1 1245  20.4    1   7.9  28.7  17.9  33.0  22.0 1004  10.7  16.2  11.3 -9.00  982.2 1007.1 1009.4 2320 1005.3  322  0.0 13.1 14.5 -9.0 29.04  3.48 1200   -9.0   -9.0 -9.00   -9.0   -9   -9.0   -9   -9.0   -9   -9.0   -9   -9.0   -9  19.0  15.9  15.0  12.3  13.1
20260530 119  1.9  1659  25  4.3 1240  25  7.1 1623  21.1  28.7 1533  13.4  429  14.0  29.5   9.9  67.4  39.0 1508  16.0   8.3   5.8 -9.00 1005.9 1010.5 1012.6 2334 1008.9 1612  0.0 13.1 14.5 -9.0 29.81  3.56 1200   -9.0   -9.0 -9.00   -9.0   -9   -9.0   -9   -9.0   -9   -9.0   -9   -9.0   -9  21.0  18.2  15.9  12.7  12.5
20260530 121  1.4  1245  32  6.5 1509  34 12.6 1456  20.9  30.4 1347  10.8  524  10.7  28.2   8.0  58.9  21.0 1423  12.9   9.4   6.6 -9.00  982.9 1010.5 1013.2 2342 1007.7 1503  0.0 12.9 14.5 -9.0 30.20  3.61 1200   -9.0   -9.0 -9.00   -9.0   -9   -9.0   -9   -9.0   -9   -9.0   -9   -9.0   -9 -99.0 -99.0 -99.0 -99.0 -99.0
20260530 127  1.5  1264  25  4.4 1413  25  8.4 1514  21.5  31.2 1505  11.4  523  10.5  25.1  10.0  54.8  23.0 1515  12.7   9.6   6.7 -9.00  996.6 1009.8 1011.9 2358 1007.7 1629  0.0 12.6 14.5 -9.0 30.62  3.65 1200   -9.0   -9.0 -9.00   -9.0   -9   -9.0   -9   -9.0   -9   -9.0   -9   -9.0   -9 -99.0 -99.0 -99.0 -99.0 -99.0
20260530 129  2.0  1694  20  4.1 1517  18  6.3 1253  20.1  26.4 1415  13.8  445  15.8  26.4  10.2  79.1  52.0 1425  18.0   7.5   5.3 -9.00 1008.4 1011.3 1012.9 2346 1009.9  219  0.0 13.2 14.5 -9.0 30.00  3.61 1200   -9.0   -9.0 -9.00   -9.0   -9   -9.0   -9   -9.0   -9   -9.0   -9   -9.0   -9  20.8  18.1  18.0  13.7  14.7
20260530 130  2.0  1727  32  4.0 1538  29  7.9 1601  25.7  33.2 1529  19.1  500  10.3  27.8  13.0  39.3  22.0 1549  12.6  -9.0  -9.0 -9.00 1002.2 1007.8 1009.7 2339 1006.2 1648  0.0 13.9 14.5 -9.0 -9.00 -9.00   -9   -9.0   -9.0 -9.00   -9.0   -9   -9.0   -9   -9.0   -9   -9.0   -9   -9.0   -9 -99.0 -99.0 -99.0 -99.0 -99.0
20260530 131  1.4  1171  29  2.9 1551  27  6.5 1549  23.8  31.5 1458  16.0  513  11.4  25.2  12.4  48.3  24.0 1550  13.5   9.6   6.7 -9.00 1003.6 1010.4 1012.3 2352 1008.6 1633  0.0 13.3 14.5 -9.0 31.93  4.16 1200   -9.0   -9.0 -9.00   -9.0   -9   -9.0   -9   -9.0   -9   -9.0   -9   -9.0   -9 -99.0 -99.0 -99.0 -99.0 -99.0
20260530 133  1.6  1375  32  4.1 1340  34  6.7 1334  22.4  30.0 1457  13.4  531  13.1  24.5  11.0  59.3  26.0 1332  15.1   8.8   6.2 -9.00 1003.2 1011.0 1012.9 2346 1009.4 1644  0.0 13.9 14.4 -9.0 30.43  3.63 1200   -9.0   -9.0 -9.00   -9.0   -9   -9.0   -9   -9.0   -9   -9.0   -9   -9.0   -9  22.4  20.7  18.6  15.6  15.7
20260530 135  2.1  1853  27  5.5 1304  27  9.9 1304  21.1  28.7 1429  12.1  459  10.7  23.4  10.3  55.1  28.0 1545  12.9   9.7   6.8 -9.00  982.4 1010.4 1012.8 2336 1008.5 1652  0.3 13.1 14.4 -9.0 31.27  3.73 1200   -9.0   -9.0 -9.00   -9.0   -9   -9.0   -9   -9.0   -9   -9.0   -9   -9.0   -9 -99.0 -99.0 -99.0 -99.0 -99.0
20260530 136  1.4  1174  29  3.9 1507  32  8.0 1504  22.4  31.1 1421  12.5  456  11.1  29.9  10.4  52.9  22.0 1510  13.2   9.4   6.6 -9.00  994.4 1010.6 1012.7 2340 1008.5 1643  0.0 13.2 14.5 -9.0 31.00  3.69 1200   -9.0   -9.0 -9.00   -9.0   -9   -9.0   -9   -9.0   -9   -9.0   -9   -9.0   -9 -99.0 -99.0 -99.0 -99.0 -99.0
20260530 137  1.7  1460  25  3.5 1308  27  8.1 1304  23.8  31.1 1603  15.8  559  12.2  27.5  12.1  50.1  29.0 1434  14.3   9.3   6.5 -9.00  998.2 1009.3 1011.3 2348 1007.6 1600  0.1 13.7 14.4 -9.0 30.89  3.66 1200   -9.0   -9.0 -9.00   -9.0   -9   -9.0   -9   -9.0   -9   -9.0   -9   -9.0   -9 -99.0 -99.0 -99.0 -99.0 -99.0
20260530 138  2.8  2437  23  5.0  957  27  8.3 1454  26.0  31.9 1533  19.2  530   8.6  28.8  15.2  34.9  20.0 1314  11.2  12.1   8.5 -9.00 1008.0 1008.5 1010.5 2355 1006.9 1640  0.6 13.5 14.4 -9.0 30.56  3.66 1200   -9.0   -9.0 -9.00   -9.0   -9   -9.0   -9   -9.0   -9   -9.0   -9   -9.0   -9  20.7  17.9  16.9  15.3  15.7
20260530 140  2.2  1861  29  5.1 1235  29  6.2 1229  20.4  26.1 1459  13.8  502  15.5  25.1  10.6  75.9  49.0 1450  17.7  -9.0  -9.0 -9.00 1009.1 1012.4 1013.8 2258 1011.1  204  0.1 13.3 14.4 -9.0 -9.00 -9.00   -9   -9.0   -9.0 -9.00   -9.0   -9   -9.0   -9   -9.0   -9   -9.0   -9   -9.0   -9 -99.0 -99.0 -99.0 -99.0 -99.0
20260530 143  1.7  1508  29  3.7 1759  29  7.5 1327  24.3  31.7 1525  15.3  532   9.1  28.3  11.3  42.6  20.0 1242  11.6  10.7   7.5 -9.00 1003.2 1009.4 1011.5 2355 1007.5 1616  1.0 13.6 14.4 -9.0 30.70  3.63 1200   -9.0   -9.0 -9.00   -9.0   -9   -9.0   -9   -9.0   -9   -9.0   -9   -9.0   -9 -99.0 -99.0 -99.0 -99.0 -99.0
20260530 146  1.8  1530  27  4.2 1505  29  6.4 1405  22.1  29.6 1429  13.8  456  13.0  24.6  11.0  59.3  29.0 1417  15.0   9.0   6.3 -9.00 1004.6 1011.5 1013.2 2342 1010.1 1622  0.8 13.3 14.4 -9.0 30.21  3.64 1200   -9.0   -9.0 -9.00   -9.0   -9   -9.0   -9   -9.0   -9   -9.0   -9   -9.0   -9 -99.0 -99.0 -99.0 -99.0 -99.0
20260530 152  1.8  1554   7  3.9 1136   7  8.8 1204  23.9  30.7 1417  16.9    1  10.0  24.4  13.1  43.5  19.0 1252  12.4   9.8   6.9 -9.00  999.5 1008.8 1010.6 2328 1007.4 1416  2.8 12.8 14.4 -9.0 29.89  3.71 1200   -9.0   -9.0 -9.00   -9.0   -9   -9.0   -9   -9.0   -9   -9.0   -9   -9.0   -9 -99.0 -99.0 -99.0 -99.0 -99.0
20260530 155  1.3  1138   7  4.8 1113  11  8.2 1115  23.9  31.4 1411  15.8  458  12.5  27.3  11.8  54.8  23.0 1243  14.7   8.7   6.1 -9.00 1006.0 1010.0 1011.7 2303 1008.3 1650  2.9 11.6 14.3 -9.0 28.65  3.75 1200   -9.0   -9.0 -9.00   -9.0   -9   -9.0   -9   -9.0   -9   -9.0   -9   -9.0   -9 -99.0 -99.0 -99.0 -99.0 -99.0
20260530 156  1.1   993  36  2.7 1357  25  5.7 1639  22.8  30.4 1346  15.2  545  12.2  26.1   9.6  55.6  27.0 1409  14.3   8.5   5.9 -9.00 1002.5 1010.6 1012.1 2352 1008.8 1619  1.6 12.9 14.3 -9.0 32.75  3.73 1200   -9.0   -9.0 -9.00   -9.0   -9   -9.0   -9   -9.0   -9   -9.0   -9   -9.0   -9 -99.0 -99.0 -99.0 -99.0 -99.0
20260530 159  2.9  2527  23  6.2 1320   7  9.7  654  23.7  30.7 1249  18.8  400  13.7  25.6  12.3  55.8  25.0 1250  15.8   9.1   6.4 -9.00 1001.2 1009.2 1010.8 2329 1008.0 1708  3.3 10.7 14.3 -9.0 29.12  3.78 1200   -9.0   -9.0 -9.00   -9.0   -9   -9.0   -9   -9.0   -9   -9.0   -9   -9.0   -9  21.7  19.6  18.7  15.7  16.7
20260530 162  1.5  1259  25  3.9 1343  25  7.7 1524  22.3  29.4 1450  16.0  522  13.4  27.3  12.6  62.8  25.0 1459  15.6   7.7   5.4 -9.00 1005.9 1009.6 1011.1 2336 1008.2 1612  2.9 10.4 14.3 -9.0 27.96  3.62 1200   -9.0   -9.0 -9.00   -9.0   -9   -9.0   -9   -9.0   -9   -9.0   -9   -9.0   -9 -99.0 -99.0 -99.0 -99.0 -99.0
20260530 165  2.0  1699  27  4.4 1308  25  5.2 1306  20.6  25.4 1609  16.3  524  16.0  22.9  11.8  76.8  54.0 1156  18.2   6.5   4.5 -9.00 1007.0 1012.2 1013.4 2302 1011.0 1758  1.8 11.7 14.3 -9.0 28.28  3.62 1100   -9.0   -9.0 -9.00   -9.0   -9   -9.0   -9   -9.0   -9   -9.0   -9   -9.0   -9  21.2  19.8  17.8  15.8  14.8
20260530 168  3.0  2609  25  6.9 1401  27  9.9 1430  23.3  29.3 1517  17.6  544  11.8  26.6  15.7  49.5  28.0 1427  14.0   8.9   6.2 -9.00 1003.1 1010.7 1012.1 2310 1009.3 1621  1.9 11.3 14.3 -9.0 27.80  3.63 1100   -9.0   -9.0 -9.00   -9.0   -9   -9.0   -9   -9.0   -9   -9.0   -9   -9.0   -9  22.4  19.7  17.9  16.0  16.6
20260530 169  3.6  3140  32  7.0   36  34 10.1  330  21.7  26.1 1456  17.2    8  13.9  28.4  14.6  62.0  48.0 1047  15.9   7.9   5.5 -9.00 1003.4 1012.0 1013.2 2249 1010.8  332  2.4 13.3 14.3 -9.0 27.95  3.32 1400   -9.0   -9.0 -9.00   -9.0   -9   -9.0   -9   -9.0   -9   -9.0   -9   -9.0   -9 -99.0 -99.0 -99.0 -99.0 -99.0
20260530 170  1.6  1396  25  3.6 1735  32  6.7 1403  22.4  29.4 1218  15.3  534  14.2  23.6  11.1  61.5  35.0 1303  16.2   6.9   4.8 -9.00 1007.7 1011.8 1012.9 2257 1010.4 1702  3.6  9.7 14.3 -9.0 24.92  3.54 1100   -9.0   -9.0 -9.00   -9.0   -9   -9.0   -9   -9.0   -9   -9.0   -9   -9.0   -9 -99.0 -99.0 -99.0 -99.0 -99.0
20260530 172  1.6  1381  27  4.9 1636  29  6.7 1207  20.8  28.3 1544  13.2  521  14.0  23.3   9.5  70.1  34.0 1607  16.1   8.1   5.6 -9.00 1005.4 1011.4 1012.8 2234 1010.0 1718  1.4 13.6 14.4 -9.0 30.67  3.66 1100   -9.0   -9.0 -9.00   -9.0   -9   -9.0   -9   -9.0   -9   -9.0   -9   -9.0   -9 -99.0 -99.0 -99.0 -99.0 -99.0
20260530 174  1.5  1289  32  4.4 1122  32  9.4 1252  19.8  28.8 1338   9.9  556   9.9  22.6   9.2  58.6  22.0 1339  12.2  -9.0  -9.0 -9.00  990.8 1009.9 1011.9 2256 1007.5 1624  2.5 11.8 14.3 -9.0 -9.00 -9.00   -9   -9.0   -9.0 -9.00   -9.0   -9   -9.0   -9   -9.0   -9   -9.0   -9   -9.0   -9 -99.0 -99.0 -99.0 -99.0 -99.0
20260530 177  2.7  2365  18  5.3 2200  20  7.8 2153  21.7  29.0 1518  14.1  458  14.9  26.8  12.5  68.1  43.0 1521  17.0   8.3   5.8 -9.00 1006.4 1009.6 1011.4 2319 1008.5  248  0.0 13.6 14.5 -9.0 30.45  3.62 1200   -9.0   -9.0 -9.00   -9.0   -9   -9.0   -9   -9.0   -9   -9.0   -9   -9.0   -9 -99.0 -99.0 -99.0 -99.0 -99.0
20260530 181  1.7  1506  32  4.4 1611  32  7.1 1527  21.3  30.3 1508  12.3  507  12.6  23.7   7.8  62.6  25.0 1531  14.7   8.2   5.7 -9.00 1007.1 1011.0 1013.0 2349 1009.4 1608  0.0 13.6 14.5 -9.0 30.84  3.65 1200   -9.0   -9.0 -9.00   -9.0   -9   -9.0   -9   -9.0   -9   -9.0   -9   -9.0   -9 -99.0 -99.0 -99.0 -99.0 -99.0
20260530 184  2.3  2018  32  4.6 1554  34  6.9 1553  22.4  27.0 1224  18.2  404  10.9  26.6  11.4  49.1  33.0 1130  13.2   7.0   4.9 -9.00 1009.6 1012.0 1013.2 2243 1010.9  238  3.4  7.6 14.2 -9.0 22.57  3.59 1100   -9.0   -9.0 -9.00   -9.0   -9   -9.0   -9   -9.0   -9   -9.0   -9   -9.0   -9  22.5  19.9  20.2  18.3  16.5
20260530 185  4.7  4040  32  7.1 1529  34  9.0  320  19.7  22.5 1121  17.7  441  15.5  23.3  15.8  77.1  60.0  914  17.6   5.8   4.1 -9.00 1003.9 1012.3 1013.6 2230 1011.2  403  4.3  6.8 14.2 -9.0 23.32  3.63 1100   -9.0   -9.0 -9.00   -9.0   -9   -9.0   -9   -9.0   -9   -9.0   -9   -9.0   -9 -99.0 -99.0 -99.0 -99.0 -99.0
20260530 188  2.8  2392  27  5.5  718  27  9.3  902  24.0  30.2 1250  18.2  340   9.7  22.1  12.4  41.6  24.0 1351  12.1  -9.0  -9.0 -9.00 1009.5 1011.9 1013.3 2301 1010.5  212  3.4  8.3 14.2 -9.0 -9.00 -9.00   -9   -9.0   -9.0 -9.00   -9.0   -9   -9.0   -9   -9.0   -9   -9.0   -9   -9.0   -9 -99.0 -99.0 -99.0 -99.0 -99.0
20260530 189  1.4  1180  20  3.4 1107   5  5.1  145  23.6  29.9 1347  18.2  451  10.6  24.6  15.2  45.4  29.0 1018  13.0   8.0   5.6 -9.00 1005.9 1011.8 1013.2 2242 1010.6  142  3.4  8.2 14.2 -9.0 25.41  3.61 1300   -9.0   -9.0 -9.00   -9.0   -9   -9.0   -9   -9.0   -9   -9.0   -9   -9.0   -9 -99.0 -99.0 -99.0 -99.0 -99.0
20260530 192  0.7   630  18  2.4 1523  29  4.9 1454  21.3  30.8 1414  12.8  521  13.3  29.1  10.3  66.8  23.0 1408  15.4   7.7   5.4 -9.00 1007.0 1010.4 1012.3 2254 1008.5 1645  2.1 12.4 14.3 -9.0 29.12  3.71 1200   -9.0   -9.0 -9.00   -9.0   -9   -9.0   -9   -9.0   -9   -9.0   -9   -9.0   -9 -99.0 -99.0 -99.0 -99.0 -99.0
20260530 201  2.5  2151  27  5.7 1515  27  9.9 1511  19.1  23.9 1422  12.3  505  14.5  24.3   7.9  76.3  57.0 1334  16.5  -9.0  -9.0 -9.00 1005.4 1011.0 1012.7 2213 1009.6  229  0.0 12.6 14.6 -9.0 -9.00 -9.00   -9   -9.0   -9.0 -9.00   -9.0   -9   -9.0   -9   -9.0   -9   -9.0   -9   -9.0   -9 -99.0 -99.0 -99.0 -99.0 -99.0
20260530 202  1.4  1209  25  3.8 1626  25  7.3 1622  21.7  30.2 1517  13.5  556  12.9  28.7  10.0  61.6  30.0 1605  14.9  -9.0  -9.0 -9.00 1005.1 1010.6 1012.5 2318 1008.7 1548  0.0 12.6 14.5 -9.0 -9.00 -9.00   -9   -9.0   -9.0 -9.00   -9.0   -9   -9.0   -9   -9.0   -9   -9.0   -9   -9.0   -9 -99.0 -99.0 -99.0 -99.0 -99.0
20260530 203  1.2   996  23  2.9 1359  25  6.9 1414  21.9  30.2 1609  12.6  534  14.2  28.0  10.6  65.1  35.0 1604  16.2  -9.0  -9.0 -9.00 1001.7 1011.0 1013.1 2334 1009.1 1630  0.0 10.7 14.5 -9.0 -9.00 -9.00   -9   -9.0   -9.0 -9.00   -9.0   -9   -9.0   -9   -9.0   -9   -9.0   -9   -9.0   -9 -99.0 -99.0 -99.0 -99.0 -99.0
20260530 211  1.6  1389  20  5.0 1435  20 10.6 1440  20.7  29.5 1535  11.3  504  10.9  26.1   6.4  58.6  31.0 1414  13.1  -9.0  -9.0 -9.00  986.0 1009.2 1012.3 2359 1006.0 1601  0.0 11.8 14.6 -9.0 -9.00 -9.00   -9   -9.0   -9.0 -9.00   -9.0   -9   -9.0   -9   -9.0   -9   -9.0   -9   -9.0   -9 -99.0 -99.0 -99.0 -99.0 -99.0
20260530 212  1.1   987  29  4.0 1716  27  7.8 1546  21.6  30.9 1543  12.3  504  11.0  27.2   9.5  57.0  20.0 1603  13.2  -9.0  -9.0 -9.00  994.3 1010.5 1012.9 2312 1007.9 1555  0.0 12.9 14.6 -9.0 -9.00 -9.00   -9   -9.0   -9.0 -9.00   -9.0   -9   -9.0   -9   -9.0   -9   -9.0   -9   -9.0   -9 -99.0 -99.0 -99.0 -99.0 -99.0
20260530 216  1.6  1381  32  3.7  848  32  9.1 1135  21.7  27.8 1428  11.9  446   5.8  23.0   9.6  37.3  23.0 1548   9.2   9.1   6.4 -9.00  929.5 1008.5 1011.5 2341 1005.9 1428  0.0 12.2 14.5 -9.0 30.25  3.68 1200   -9.0   -9.0 -9.00   -9.0   -9   -9.0   -9   -9.0   -9   -9.0   -9   -9.0   -9 -99.0 -99.0 -99.0 -99.0 -99.0
20260530 217  1.4  1200  18  4.6 1159  29  9.1 1454  20.3  30.9 1308  10.1  512   9.1  28.4   9.2  55.5  21.0 1248  11.6  -9.0  -9.0 -9.00  974.5 1010.2 1013.5 2349 1006.9 1542  0.0 11.2 14.5 -9.0 -9.00 -9.00   -9   -9.0   -9.0 -9.00   -9.0   -9   -9.0   -9   -9.0   -9   -9.0   -9   -9.0   -9 -99.0 -99.0 -99.0 -99.0 -99.0
20260530 221  1.6  1384  23  4.9 1312  25  9.0 1529  19.9  29.0 1518  10.5  458  11.1  26.1   7.9  63.5  27.0 1557  13.3  -9.0  -9.0 -9.00  980.1 1010.5 1013.1 2358 1007.9 1703  0.0 13.4 14.5 -9.0 -9.00 -9.00   -9   -9.0   -9.0 -9.00   -9.0   -9   -9.0   -9   -9.0   -9   -9.0   -9   -9.0   -9 -99.0 -99.0 -99.0 -99.0 -99.0
20260530 226  0.9   814  27  3.0 1759  29  6.0 1556  20.2  29.3 1453  10.8  529  11.8  23.6   6.2  64.9  32.0 1313  13.9  -9.0  -9.0 -9.00  991.3 1011.1 1013.3 2350 1009.1 1641  0.1 12.8 14.5 -9.0 -9.00 -9.00   -9   -9.0   -9.0 -9.00   -9.0   -9   -9.0   -9   -9.0   -9   -9.0   -9   -9.0   -9 -99.0 -99.0 -99.0 -99.0 -99.0
20260530 232  1.1   937  25  3.6 1407  23  6.8 1331  20.6  29.8 1522  11.2  452  13.1  25.6   9.3  68.5  29.0 1324  15.2  -9.0  -9.0 -9.00 1001.6 1011.4 1013.3 2354 1009.8 1559  0.0 13.2 14.5 -9.0 -9.00 -9.00   -9   -9.0   -9.0 -9.00   -9.0   -9   -9.0   -9   -9.0   -9   -9.0   -9   -9.0   -9 -99.0 -99.0 -99.0 -99.0 -99.0
20260530 235  1.8  1571  20  5.0 1203  23  7.2 1153  19.2  25.0 1355  13.0  436  15.0  23.3  10.1  78.6  55.0 1415  17.1   7.1   5.0 -9.00 1009.8 1011.0 1012.3 2212 1009.5  222  0.0 12.2 14.4 -9.0 29.95  3.65 1200   -9.0   -9.0 -9.00   -9.0   -9   -9.0   -9   -9.0   -9   -9.0   -9   -9.0   -9 -99.0 -99.0 -99.0 -99.0 -99.0
20260530 236  1.0   876  20  4.1 1419  18  7.4 1448  20.7  29.9 1545  12.5  323  14.4  25.2  10.1  71.4  31.0 1538  16.5  -9.0  -9.0 -9.00 1010.1 1011.6 1013.2 2342 1010.3 1648  0.0 12.2 14.4 -9.0 -9.00 -9.00   -9   -9.0   -9.0 -9.00   -9.0   -9   -9.0   -9   -9.0   -9   -9.0   -9   -9.0   -9 -99.0 -99.0 -99.0 -99.0 -99.0
20260530 238  0.9   796  25  2.8 1452  25  6.2 1339  20.9  29.3 1456  11.3  451  11.5  25.2   7.9  61.4  26.0 1530  13.6  -9.0  -9.0 -9.00  991.2 1010.8 1012.9 2339 1009.0 1636  0.1 13.2 14.4 -9.0 -9.00 -9.00   -9   -9.0   -9.0 -9.00   -9.0   -9   -9.0   -9   -9.0   -9   -9.0   -9   -9.0   -9 -99.0 -99.0 -99.0 -99.0 -99.0
20260530 239  1.2  1073  29  3.4 1234  23  5.6 1327  21.4  29.9 1551  12.3  530  13.1  24.9  10.3  63.6  25.0 1554  15.1   8.0   5.6 -9.00 1000.1 1010.4 1012.4 2321 1008.7 1622  0.0 12.4 14.5 -9.0 30.12  3.62 1200   -9.0   -9.0 -9.00   -9.0   -9   -9.0   -9   -9.0   -9   -9.0   -9   -9.0   -9 -99.0 -99.0 -99.0 -99.0 -99.0
20260530 243  1.0   902  29  2.9 1223  27  5.5 1514  20.9  27.9 1549  13.7  515  14.7  24.9  10.4  71.5  38.0 1533  16.8  -9.0  -9.0 -9.00 1010.4 1011.9 1013.1 2313 1010.7  156  1.0 12.8 14.4 -9.0 -9.00 -9.00   -9   -9.0   -9.0 -9.00   -9.0   -9   -9.0   -9   -9.0   -9   -9.0   -9   -9.0   -9 -99.0 -99.0 -99.0 -99.0 -99.0
20260530 244  0.8   728  36  2.8 1442  36  5.8 1241  19.7  29.7 1522  10.2  524  11.0  23.1   6.7  64.3  25.0 1618  13.2  -9.0  -9.0 -9.00  983.0 1011.5 1013.5 2352 1009.6 1426  0.5 12.7 14.4 -9.0 -9.00 -9.00   -9   -9.0   -9.0 -9.00   -9.0   -9   -9.0   -9   -9.0   -9   -9.0   -9   -9.0   -9 -99.0 -99.0 -99.0 -99.0 -99.0
20260530 245  1.5  1269  27  3.8 1502  25  5.8 1445  21.2  29.2 1442  12.2  526  13.2  24.9   9.2  63.9  34.0 1311  15.3   8.1   5.7 -9.00 1003.6 1011.6 1013.0 2220 1010.4 1627  0.5 13.6 14.4 -9.0 29.42  3.64 1200   -9.0   -9.0 -9.00   -9.0   -9   -9.0   -9   -9.0   -9   -9.0   -9   -9.0   -9 -99.0 -99.0 -99.0 -99.0 -99.0
20260530 247  1.8  1578  32  4.1 1720  34  6.7 1713  20.9  30.0 1420  12.0  531  11.9  24.3   9.8  61.1  29.0 1402  14.0  -9.0  -9.0 -9.00  995.8 1011.3 1013.0 2357 1009.1 1637  1.1 13.5 14.4 -9.0 -9.00 -9.00   -9   -9.0   -9.0 -9.00   -9.0   -9   -9.0   -9   -9.0   -9   -9.0   -9   -9.0   -9 -99.0 -99.0 -99.0 -99.0 -99.0
20260530 248  1.0   905  32  3.7 1146  32  7.6 1139  18.3  27.9 1447   9.0  501   9.5  22.3   5.7  63.6  26.0 1130  11.9  -9.0  -9.0 -9.00  965.4 1012.0 1014.6 2351 1009.5 1446  0.8 12.7 14.4 -9.0 -9.00 -9.00   -9   -9.0   -9.0 -9.00   -9.0   -9   -9.0   -9   -9.0   -9   -9.0   -9   -9.0   -9 -99.0 -99.0 -99.0 -99.0 -99.0
20260530 251  1.0   885  27  3.6 1542  27  5.8 1243  20.7  28.8 1325  12.8  539  14.5  22.7  10.8  71.3  34.0 1601  16.5   7.8   5.5 -9.00 1004.4 1011.2 1012.6 2346 1009.9 1721  1.4 13.4 14.4 -9.0 30.20  3.64 1200   -9.0   -9.0 -9.00   -9.0   -9   -9.0   -9   -9.0   -9   -9.0   -9   -9.0   -9 -99.0 -99.0 -99.0 -99.0 -99.0
20260530 252  1.2  1014  23  3.5 1447  29  5.8 1243  20.3  28.3 1243  13.1  502  15.0  23.0   9.3  74.9  40.0 1234  17.1   7.5   5.2 -9.00 1007.4 1011.7 1013.1 2353 1010.4 1716  1.5 13.2 14.4 -9.0 30.14  3.62 1100   -9.0   -9.0 -9.00   -9.0   -9   -9.0   -9   -9.0   -9   -9.0   -9   -9.0   -9 -99.0 -99.0 -99.0 -99.0 -99.0
20260530 253  1.3  1154  29  3.9 1349  27  7.5 1248  23.9  31.8 1541  15.3  417  13.1  25.9  12.6  56.0  24.0 1506  15.1   8.6   6.0 -9.00 1004.2 1010.5 1012.2 2326 1008.8 1643  3.3 11.2 14.3 -9.0 27.86  3.76 1200   -9.0   -9.0 -9.00   -9.0   -9   -9.0   -9   -9.0   -9   -9.0   -9   -9.0   -9 -99.0 -99.0 -99.0 -99.0 -99.0
20260530 254  1.6  1384  34  5.1 1702  34  8.0 1509  20.4  29.4 1626  11.4  523  11.2  24.9   9.4  61.9  24.0 1720  13.4   8.6   6.0 -9.00  997.0 1012.0 1013.8 2354 1009.9 1618  1.0 13.0 14.4 -9.0 29.77  3.61 1100   -9.0   -9.0 -9.00   -9.0   -9   -9.0   -9   -9.0   -9   -9.0   -9   -9.0   -9 -99.0 -99.0 -99.0 -99.0 -99.0
20260530 255  1.1   950  32  3.9 1514  34  8.3 1234  24.3  31.8 1501  16.7  510  12.9  25.2  12.4  54.6  24.0 1412  15.0   8.1   5.7 -9.00 1003.8 1009.7 1011.6 2309 1007.7 1633  2.6 12.0 14.3 -9.0 26.38  3.46 1200   -9.0   -9.0 -9.00   -9.0   -9   -9.0   -9   -9.0   -9   -9.0   -9   -9.0   -9 -99.0 -99.0 -99.0 -99.0 -99.0
20260530 257  1.5  1336  20  3.3  639  23  5.7 1733  23.9  33.5 1504  15.6  425  13.9  26.4  12.6  60.1  23.0 1458  16.0   8.3   5.8 -9.00 1008.9 1009.6 1011.6 2327 1007.7 1624  2.9  9.5 14.4 -9.0 27.89  3.66 1200   -9.0   -9.0 -9.00   -9.0   -9   -9.0   -9   -9.0   -9   -9.0   -9   -9.0   -9 -99.0 -99.0 -99.0 -99.0 -99.0
20260530 258  3.2  2722  29  5.4 1314  29  8.3 1330  23.1  30.2 1245  13.9  533  12.7  21.4  12.1  55.1  26.0 1240  14.7   9.0   6.3 -9.00 1011.2 1011.4 1012.6  816 1009.8 1609  2.4 11.4 14.3 -9.0 27.70  3.81 1100   -9.0   -9.0 -9.00   -9.0   -9   -9.0   -9   -9.0   -9   -9.0   -9   -9.0   -9 -99.0 -99.0 -99.0 -99.0 -99.0
20260530 259  1.2  1034  27  3.3 1210  27  6.2 1216  21.7  30.6 1224  12.8  529  14.2  22.8  11.7  67.4  31.0 1316  16.3   6.9   4.8 -9.00 1009.7 1011.6 1012.9 2307 1010.1 1724  2.9  9.8 14.3 -9.0 25.38  3.46 1200   -9.0   -9.0 -9.00   -9.0   -9   -9.0   -9   -9.0   -9   -9.0   -9   -9.0   -9 -99.0 -99.0 -99.0 -99.0 -99.0
20260530 260  1.4  1200   2  4.0 1340  34  7.1 1332  21.4  29.7 1316  12.0  531  13.9  26.0   9.2  67.4  31.0 1320  16.0  -9.0  -9.0 -9.00 1006.4 1011.6 1013.0 2314 1009.9 1733  2.8 10.7 14.3 -9.0 -9.00 -9.00   -9   -9.0   -9.0 -9.00   -9.0   -9   -9.0   -9   -9.0   -9   -9.0   -9   -9.0   -9 -99.0 -99.0 -99.0 -99.0 -99.0
20260530 261  1.6  1398  27  4.6 1419  32  6.3 1117  20.8  28.6 1309  12.9  541  16.3  24.5   9.8  78.3  37.0 1318  18.8  -9.0  -9.0 -9.00 1010.4 1012.3 1013.7 2308  936.6 1440  2.8 10.3 14.3 -9.0 -9.00 -9.00   -9   -9.0   -9.0 -9.00   -9.0   -9   -9.0   -9   -9.0   -9   -9.0   -9   -9.0   -9 -99.0 -99.0 -99.0 -99.0 -99.0
20260530 262  1.4  1229  29  4.6 1515  32  7.2 1420  21.0  29.9 1404  11.3  540  12.7  22.9  14.1  64.4  29.0 1357  14.7   7.1   5.0 -9.00 1005.1 1011.2 1012.5 2339 1009.6 1601  3.0 10.5 14.3 -9.0 25.24  3.05 1100   -9.0   -9.0 -9.00   -9.0   -9   -9.0   -9   -9.0   -9   -9.0   -9   -9.0   -9 -99.0 -99.0 -99.0 -99.0 -99.0
20260530 263  1.3  1122  23  4.0 1810  23  5.8 1806  22.3  31.6 1507  13.0  535  11.5  26.5  10.5  57.5  17.0 1456  13.7   8.2   5.8 -9.00 1008.6 1010.2 1012.1 2307 1008.1 1651  1.8 11.3 14.4 -9.0 28.61  3.56 1100   -9.0   -9.0 -9.00   -9.0   -9   -9.0   -9   -9.0   -9   -9.0   -9   -9.0   -9 -99.0 -99.0 -99.0 -99.0 -99.0
20260530 264  1.6  1401  27  5.0 1313  29  8.1 1321  21.1  30.5 1713  10.8  525   5.6  22.3   9.5  45.3  12.0 1441   9.4  10.6   7.4 -9.00  993.4 1010.9 1013.6 2333 1008.6 1647  1.4 12.7 14.4 -9.0 30.98  3.75 1200   -9.0   -9.0 -9.00   -9.0   -9   -9.0   -9   -9.0   -9   -9.0   -9   -9.0   -9 -99.0 -99.0 -99.0 -99.0 -99.0
20260530 266  1.3  1111  27  2.9 1219  27  6.9 1415  23.5  30.4 1400  15.3  600  11.8  24.5  11.3  49.9  26.0 1423  13.9   7.8   5.5 -9.00 1000.8 1010.9 1012.5 2316 1009.3 1626  2.1 10.7 14.3 -9.0 27.24  3.64 1100   -9.0   -9.0 -9.00   -9.0   -9   -9.0   -9   -9.0   -9   -9.0   -9   -9.0   -9 -99.0 -99.0 -99.0 -99.0 -99.0
20260530 268  0.5   416  23  2.8  404  29  3.7 1627  19.4  26.7 1141  12.6  547  14.6  22.7  13.5  77.1  42.0 1127  16.6  -9.0  -9.0 -9.00 1010.0 1011.2 1012.5 2318 1009.9 1707  2.3 10.4 14.3 -9.0 -9.00 -9.00   -9   -9.0   -9.0 -9.00   -9.0   -9   -9.0   -9   -9.0   -9   -9.0   -9   -9.0   -9 -99.0 -99.0 -99.0 -99.0 -99.0
20260530 271  1.8  1536  34  6.1 1146  32 11.7 1142  19.6  29.6 1353   9.7  516   9.2  25.3   7.1  59.6  20.0 1145  11.7  -9.0  -9.0 -9.00  973.1 1010.3 1013.6 2352 1007.2 1610  0.0 12.4 14.5 -9.0 -9.00 -9.00   -9   -9.0   -9.0 -9.00   -9.0   -9   -9.0   -9   -9.0   -9   -9.0   -9   -9.0   -9 -99.0 -99.0 -99.0 -99.0 -99.0
20260530 272  2.6  2282  29  8.4 1323  29 15.2 1355  21.4  29.1 1347  11.6  520  10.2  27.3   8.7  54.1  23.0 1243  12.4  -9.0  -9.0 -9.00  985.5 1009.7 1011.8 2344 1007.3 1659  0.0 13.5 14.5 -9.0 -9.00 -9.00   -9   -9.0   -9.0 -9.00   -9.0   -9   -9.0   -9   -9.0   -9   -9.0   -9   -9.0   -9 -99.0 -99.0 -99.0 -99.0 -99.0
20260530 273  1.7  1498  32  5.6 1542  27  9.5 1306  22.1  30.6 1452  12.1  534  10.7  25.0   8.8  53.0  22.0 1421  12.9  -9.0  -9.0 -9.00  989.6 1009.4 1011.6 2333 1007.6 1621  0.0 12.4 14.5 -9.0 -9.00 -9.00   -9   -9.0   -9.0 -9.00   -9.0   -9   -9.0   -9   -9.0   -9   -9.0   -9   -9.0   -9 -99.0 -99.0 -99.0 -99.0 -99.0
20260530 276  1.8  1544  32  4.8 1632  34  9.4 1315  20.7  31.0 1604  10.3  530  10.2  27.4   6.8  58.8  18.0 1614  12.5   9.8   6.9 -9.00  985.5 1009.5 1012.1 2342 1006.7 1601  0.5 13.2 14.5 -9.0 31.46  3.72 1200   -9.0   -9.0 -9.00   -9.0   -9   -9.0   -9   -9.0   -9   -9.0   -9   -9.0   -9 -99.0 -99.0 -99.0 -99.0 -99.0
20260530 277  3.3  2837  29  6.2  946  29 11.1  941  25.7  31.3 1457  19.2  404   9.3  31.4  16.4  36.9  21.0 1703  11.8  -9.0  -9.0 -9.00 1003.7 1008.4 1010.1 2328 1007.0 1636  0.0 13.8 14.5 -9.0 -9.00 -9.00   -9   -9.0   -9.0 -9.00   -9.0   -9   -9.0   -9   -9.0   -9   -9.0   -9   -9.0   -9 -99.0 -99.0 -99.0 -99.0 -99.0
20260530 278  1.2  1066  29  4.3 1540  34  8.5 1536  21.5  32.2 1531  10.9  527  11.3  27.6   7.2  61.1  19.0 1515  13.5  -9.0  -9.0 -9.00  999.8 1009.2 1011.4 2347 1007.0 1616  0.6 13.4 14.4 -9.0 -9.00 -9.00   -9   -9.0   -9.0 -9.00   -9.0   -9   -9.0   -9   -9.0   -9   -9.0   -9   -9.0   -9 -99.0 -99.0 -99.0 -99.0 -99.0
20260530 279  1.2  1037  29  3.3 1450  32  8.3 1531  23.5  32.1 1431  14.0  534  11.0  28.8  10.1  50.1  21.0 1438  13.2   9.2   6.4 -9.00 1004.4 1010.0 1011.9 2354 1008.3 1645  0.6 12.9 14.4 -9.0 29.90  3.63 1200   -9.0   -9.0 -9.00   -9.0   -9   -9.0   -9   -9.0   -9   -9.0   -9   -9.0   -9 -99.0 -99.0 -99.0 -99.0 -99.0
20260530 281  1.6  1340  32  4.3 1345  25  7.9 1242  22.7  31.6 1444  12.8  544  10.7  28.2   8.5  52.6  22.0 1329  12.9  -9.0  -9.0 -9.00  999.2 1010.2 1012.4 2351 1008.4 1633  1.0 13.1 14.4 -9.0 -9.00 -9.00   -9   -9.0   -9.0 -9.00   -9.0   -9   -9.0   -9   -9.0   -9   -9.0   -9   -9.0   -9 -99.0 -99.0 -99.0 -99.0 -99.0
20260530 283  2.6  2217  25  6.4 1401  25  9.6 1441  23.1  31.9 1415  13.3  501  12.0  26.1   9.7  56.4  24.0 1410  14.1   9.9   6.9 -9.00 1005.3 1009.9 1011.9 2355 1008.1 1626  1.0 13.2 14.4 -9.0 30.19  3.71 1200   -9.0   -9.0 -9.00   -9.0   -9   -9.0   -9   -9.0   -9   -9.0   -9   -9.0   -9 -99.0 -99.0 -99.0 -99.0 -99.0
20260530 284  1.6  1410  32  4.9 1708  34  6.8 1619  20.9  31.0 1541  10.7  525  11.6  25.0   7.8  61.3  28.0 1222  13.7   8.7   6.1 -9.00  983.5 1009.7 1012.6 2359 1007.0 1550  1.0 13.3 14.4 -9.0 29.88  3.67 1200   -9.0   -9.0 -9.00   -9.0   -9   -9.0   -9   -9.0   -9   -9.0   -9   -9.0   -9 -99.0 -99.0 -99.0 -99.0 -99.0
20260530 285  0.6   536   9  1.5 1439   9  2.9 1433  22.4  32.0 1434  13.3  534  12.9  27.7  11.5  62.3  25.0 1440  15.0  -9.0  -9.0 -9.00 1007.2 1010.3 1012.4 2351 1008.4 1624  1.4 11.0 14.4 -9.0 -9.00 -9.00   -9   -9.0   -9.0 -9.00   -9.0   -9   -9.0   -9   -9.0   -9   -9.0   -9   -9.0   -9 -99.0 -99.0 -99.0 -99.0 -99.0
20260530 288  1.5  1286  27  4.1 1645   7  6.2 1628  23.8  32.8 1447  14.6  427  12.4  26.7  14.1  55.3  21.0 1611  14.5   9.4   6.6 -9.00 1007.6 1008.6 1010.7 2358 1006.6 1641  1.6 12.2 14.4 -9.0 29.87  3.62 1200   -9.0   -9.0 -9.00   -9.0   -9   -9.0   -9   -9.0   -9   -9.0   -9   -9.0   -9 -99.0 -99.0 -99.0 -99.0 -99.0
20260530 289  1.4  1218  29  4.3 1603  29  8.0 1353  22.1  31.4 1501  12.9  511  11.6  26.7  10.1  57.4  24.0 1334  13.7  -9.0  -9.0 -9.00  995.5 1011.3 1013.8 2338 1009.2 1649  1.5 11.8 14.4 -9.0 -9.00 -9.00   -9   -9.0   -9.0 -9.00   -9.0   -9   -9.0   -9   -9.0   -9   -9.0   -9   -9.0   -9 -99.0 -99.0 -99.0 -99.0 -99.0
20260530 294  1.2  1039  18  4.0 1735  20  7.1 1624  22.5  30.4 1416  14.9  516  12.0  30.4  10.4  55.9  23.0 1332  14.1  -9.0  -9.0 -9.00 1005.6 1010.8 1012.5 2351 1009.6 1645  2.6 11.0 14.3 -9.0 -9.00 -9.00   -9   -9.0   -9.0 -9.00   -9.0   -9   -9.0   -9   -9.0   -9   -9.0   -9   -9.0   -9 -99.0 -99.0 -99.0 -99.0 -99.0
20260530 295  1.2  1048  23  2.6 1503   2  5.8 1229  23.2  30.1 1254  15.5  506  12.2  26.3  10.9  52.3  19.0 1259  14.2  -9.0  -9.0 -9.00 1005.3 1010.6 1012.2 2319 1009.0 1629  3.1 10.1 14.3 -9.0 -9.00 -9.00   -9   -9.0   -9.0 -9.00   -9.0   -9   -9.0   -9   -9.0   -9   -9.0   -9   -9.0   -9 -99.0 -99.0 -99.0 -99.0 -99.0
20260530 296  1.3  1112  32  4.2 1257  32  6.9 1127  23.2  32.3 1528  14.7  457  14.6  24.9   9.1  64.1  25.0 1545  16.7   8.4   5.9 -9.00 1008.7 1009.1 1011.0 2348 1007.4 1620  2.9 11.0 14.3 -9.0 28.58  3.63 1200   -9.0   -9.0 -9.00   -9.0   -9   -9.0   -9   -9.0   -9   -9.0   -9   -9.0   -9 -99.0 -99.0 -99.0 -99.0 -99.0
20260531  90  3.1  2651  27  5.8  156  29  9.7  151  25.4  28.0 1450  21.4  556   9.4  29.6  19.4  38.9  19.0   30  12.2   9.9   6.9 -9.00 1008.8 1010.8 1012.2 1022 1007.8   10  1.9 12.6 14.6 -9.0 30.54  3.64 1200   -9.0   -9.0 -9.00   -9.0   -9   -9.0   -9   -9.0   -9   -9.0   -9   -9.0   -9 -99.0 -99.0 -99.0 -99.0 -99.0
20260531  93  1.1   922  20  4.8 1459  18  8.1 1519  22.1  31.4 1458  13.4  526  12.1  29.2  11.5  60.1  22.0 1738  14.3   8.6   6.0 -9.00 1002.4 1013.5 1015.2  747 1011.0 1715  1.3 12.4 14.6 -9.0 29.29  3.55 1200   -9.0   -9.0 -9.00   -9.0   -9   -9.0   -9   -9.0   -9   -9.0   -9   -9.0   -9  22.5  20.2  17.7  13.8  12.5
20260531  95  1.2   997  23  4.1 1227  20  7.6 1241  21.7  29.9 1440  13.2  501   9.9  25.3  10.2  54.0  21.0 1240  12.4   9.0   6.3 -9.00  995.8 1013.8 1015.5 2338 1011.7 1706  1.6 12.4 14.6 -9.0 30.14  3.70 1200   -9.0   -9.0 -9.00   -9.0   -9   -9.0   -9   -9.0   -9   -9.0   -9   -9.0   -9 -99.0 -99.0 -99.0 -99.0 -99.0
20260531  98  1.0   875  27  3.4 1255  25  8.0 1444  22.3  30.9 1414  14.4  542  10.4  28.1  10.8  52.0  20.0 1451  12.7   9.0   6.3 -9.00  999.9 1013.2 1014.6 2341 1011.6 1657  1.3 12.1 14.6 -9.0 29.77  3.63 1200   -9.0   -9.0 -9.00   -9.0   -9   -9.0   -9   -9.0   -9   -9.0   -9   -9.0   -9 -99.0 -99.0 -99.0 -99.0 -99.0
20260531  99  0.9   750  29  3.1 1421  29  5.6 1409  20.8  29.8 1508  13.0  535  12.4  25.5   9.8  65.0  27.0 1518  14.5   8.0   5.6 -9.00 1010.4 1014.0 1015.3 2356 1012.7    1  1.0 11.9 14.6 -9.0 29.63  3.59 1200   -9.0   -9.0 -9.00   -9.0   -9   -9.0   -9   -9.0   -9   -9.0   -9   -9.0   -9 -99.0 -99.0 -99.0 -99.0 -99.0
20260531 100  2.7  2343  27  6.7 1259  27 10.8 1400  19.4  27.5 1424  10.6  539   7.8  24.1   5.8  53.6  21.0 1306  10.7  10.8   7.5 -9.00  926.7 1012.9 1016.1 2337 1009.5 1524  0.6 13.3 14.6 -9.0 31.63  3.75 1200   -9.0   -9.0 -9.00   -9.0   -9   -9.0   -9   -9.0   -9   -9.0   -9   -9.0   -9 -99.0 -99.0 -99.0 -99.0 -99.0
20260531 101  1.4  1230  20  3.5 1629  14  7.4 1407  22.3  31.3 1519  13.6  515  11.5  28.4   9.0  56.5  22.0 1737  13.7   8.7   6.1 -9.00 1003.7 1012.5 1014.2  800 1009.9 1715  1.9 12.7 14.6 -9.0 29.30  3.55 1200   -9.0   -9.0 -9.00   -9.0   -9   -9.0   -9   -9.0   -9   -9.0   -9   -9.0   -9  21.6  18.2  16.2  14.4  15.1
20260531 102  3.0  2623  16  4.8  645  16  8.8  913  18.3  21.4 1230  14.9   34  14.3  26.4  12.6  77.9  63.0 1244  16.3   5.9   4.1 -9.00   -9.0   -9.0 1012.8 2241 1010.8 1753  2.0 13.7 14.6 -9.0 30.06  3.57 1200   -9.0   -9.0 -9.00   -9.0   -9   -9.0   -9   -9.0   -9   -9.0   -9   -9.0   -9 -99.0 -99.0 -99.0 -99.0 -99.0
20260531 104  1.7  1452  27  3.8    9  27  8.5   20  26.4  32.0 1429  20.5 2218  11.2  29.6  13.9  39.3  19.0    4  13.4   9.5   6.7 -9.00 1001.4 1010.0 1011.5 2339 1007.2    2  0.8 13.3 14.6 -9.0 30.51  3.63 1200   -9.0   -9.0 -9.00   -9.0   -9   -9.0   -9   -9.0   -9   -9.0   -9   -9.0   -9  21.2  18.2  16.4  13.2  13.1
20260531 105  2.3  1949  25  4.5  124  27  9.0  209  28.9  33.6 1439  25.0  502   8.8  34.4  17.5  29.0  19.0 1438  11.4  10.6   7.5 -9.00 1007.8 1010.9 1012.2 2211 1008.6    8  0.8 13.4 14.6 -9.0 28.73  3.43 1200   -9.0   -9.0 -9.00   -9.0   -9   -9.0   -9   -9.0   -9   -9.0   -9   -9.0   -9  22.2  19.0  17.9  14.9  14.5
20260531 106  2.6  2252  14  5.8 1546  27  9.4    5  25.6  30.0 1224  21.4 2146   9.1  32.5  14.3  37.1  20.0   23  11.9   9.9   6.9 -9.00 1007.0 1011.7 1013.1 2252 1008.8   18  0.6 12.8 14.6 -9.0 30.37  3.61 1200   -9.0   -9.0 -9.00   -9.0   -9   -9.0   -9   -9.0   -9   -9.0   -9   -9.0   -9 -99.0 -99.0 -99.0 -99.0 -99.0
20260531 108  1.8  1592  27  4.1 1605  20  7.6 1518  24.3  30.9 1511  17.5  533   9.8  27.0  14.3  44.5  21.0 1425  12.4  10.8   7.5 -9.00 1003.4 1013.2 1014.2 2324 1011.7 1718  0.4 13.5 14.6 -9.0 31.45  3.69 1200   -9.0   -9.0 -9.00   -9.0   -9   -9.0   -9   -9.0   -9   -9.0   -9   -9.0   -9  21.6  18.8  17.7  14.4  13.6
20260531 112  1.8  1532  25  4.0 1146  25  5.5 1116  22.8  27.5 1413  17.7  511  13.6  25.3  12.2  58.8  30.0 1420  15.6   8.6   6.0 -9.00 1005.3 1013.3 1014.3 1034 1012.1   15  0.5 13.5 14.6 -9.0 30.93  3.68 1200   -9.0   -9.0 -9.00   -9.0   -9   -9.0   -9   -9.0   -9   -9.0   -9   -9.0   -9  20.5  18.7  13.5  16.0  13.4
20260531 114  1.1   982  29  3.5 1429  25  6.0 1400  23.6  31.5 1457  15.3  507  11.9  29.4  11.1  53.4  22.0 1424  14.1   8.9   6.2 -9.00  996.0 1013.1 1014.7  751 1010.9 1709  1.1 13.5 14.5 -9.0 30.37  3.63 1200   -9.0   -9.0 -9.00   -9.0   -9   -9.0   -9   -9.0   -9   -9.0   -9   -9.0   -9 -99.0 -99.0 -99.0 -99.0 -99.0
20260531 115  3.6  3094  27  9.1   24  27 13.2   22  26.5  29.8 1045  21.5 2342   9.5  30.6  18.1  35.6  20.0  653  12.2  11.1   7.8 -9.00  987.4 1012.4 1015.0 2314 1009.1  114  0.0 13.1 14.6 -9.0 28.97  3.39 1200   -9.0   -9.0 -9.00   -9.0   -9   -9.0   -9   -9.0   -9   -9.0   -9   -9.0   -9  19.1  16.0  15.1  12.3  13.1
20260531 119  1.5  1293  25  4.2 1238  32  8.0 1512  22.9  30.1 1532  15.2  519  11.2  32.0  11.9  53.9  21.0 1616  13.5   9.4   6.6 -9.00 1008.5 1013.1 1014.3 2331 1011.6 1719  1.4 13.0 14.5 -9.0 30.19  3.63 1200   -9.0   -9.0 -9.00   -9.0   -9   -9.0   -9   -9.0   -9   -9.0   -9   -9.0   -9  21.4  18.3  16.1  12.8  12.6
20260531 121  1.2  1001  27  4.2 1619  20  6.9 1520  22.0  31.8 1504  11.9  528  11.6  30.4   8.5  58.4  21.0 1505  13.7   9.0   6.3 -9.00  986.1 1013.7 1016.0  703 1010.6 1700  0.5 13.1 14.5 -9.0 30.52  3.63 1200   -9.0   -9.0 -9.00   -9.0   -9   -9.0   -9   -9.0   -9   -9.0   -9   -9.0   -9 -99.0 -99.0 -99.0 -99.0 -99.0
20260531 127  1.0   876  34  2.6 1236  34  5.3 1330  22.8  32.0 1600  14.1  530  11.3  26.9  12.1  54.5  21.0 1605  13.5   9.0   6.3 -9.00  999.4 1012.6 1014.1  756 1010.4 1651  1.8 12.5 14.5 -9.0 30.35  3.70 1200   -9.0   -9.0 -9.00   -9.0   -9   -9.0   -9   -9.0   -9   -9.0   -9   -9.0   -9 -99.0 -99.0 -99.0 -99.0 -99.0
20260531 129  1.3  1148  32  3.8 1640  29  6.2 1550  22.3  29.9 1432  14.4  528  12.3  27.6  11.1  59.9  21.0 1349  14.5   9.4   6.5 -9.00 1010.6 1013.5 1014.7 2303 1012.4 1656  0.9 13.7 14.5 -9.0 30.87  3.67 1200   -9.0   -9.0 -9.00   -9.0   -9   -9.0   -9   -9.0   -9   -9.0   -9   -9.0   -9  21.1  18.4  18.2  13.8  14.7
20260531 130  2.0  1712  16  3.8 1847  25  6.6  209  24.0  29.0  912  21.3 2212  13.1  28.6  16.1  52.4  25.0 1027  15.5  -9.0  -9.0 -9.00 1006.5 1012.1 1013.8 2327 1009.6   18  0.4 14.0 14.5 -9.0 -9.00 -9.00   -9   -9.0   -9.0 -9.00   -9.0   -9   -9.0   -9   -9.0   -9   -9.0   -9   -9.0   -9 -99.0 -99.0 -99.0 -99.0 -99.0
20260531 131  1.0   853  32  2.5 1402   5  4.7 1309  25.5  32.3 1603  17.8  526  10.8  27.9  14.1  43.8  22.0 1429  13.1   9.9   6.9 -9.00 1006.2 1012.9 1014.3 2346 1010.7 1728  1.4 13.3 14.5 -9.0 31.61  3.80 1200   -9.0   -9.0 -9.00   -9.0   -9   -9.0   -9   -9.0   -9   -9.0   -9   -9.0   -9 -99.0 -99.0 -99.0 -99.0 -99.0
20260531 133  1.1   988  36  2.9 1404  34  5.2 1335  24.0  31.7 1645  15.4  521  12.1  26.2  13.2  52.9  22.0 1338  14.3   9.1   6.4 -9.00 1005.6 1013.4 1014.8 2314 1011.3 1732  0.0 13.8 14.5 -9.0 30.70  3.65 1200   -9.0   -9.0 -9.00   -9.0   -9   -9.0   -9   -9.0   -9   -9.0   -9   -9.0   -9  22.8  20.8  18.7  15.7  15.7
20260531 135  1.4  1204  25  4.3 1401  27  6.8 1341  21.9  30.6 1506  11.3  509  11.0  25.1  10.3  54.6  23.0 1416  13.2   9.2   6.4 -9.00  984.9 1013.0 1015.0 2356 1010.5 1717  0.3 13.1 14.4 -9.0 31.07  3.71 1200   -9.0   -9.0 -9.00   -9.0   -9   -9.0   -9   -9.0   -9   -9.0   -9   -9.0   -9 -99.0 -99.0 -99.0 -99.0 -99.0
20260531 136  1.0   832  27  2.9 1415  29  5.4 1414  23.5  32.3 1501  13.5  452  13.0  31.8  11.3  56.3  23.0 1421  15.0   8.8   6.2 -9.00  997.5 1013.8 1015.2  658 1011.6 1731  0.4 12.9 14.5 -9.0 31.01  3.69 1200   -9.0   -9.0 -9.00   -9.0   -9   -9.0   -9   -9.0   -9   -9.0   -9   -9.0   -9 -99.0 -99.0 -99.0 -99.0 -99.0
20260531 137  0.8   660  27  2.3 1449  27  5.6 1358  24.3  32.8 1453  15.6  516  12.8  30.5  11.9  54.4  18.0 1555  15.0   8.6   6.0 -9.00 1001.0 1012.1 1013.6 2355 1010.0 1740  0.3 13.7 14.5 -9.0 30.79  3.63 1200   -9.0   -9.0 -9.00   -9.0   -9   -9.0   -9   -9.0   -9   -9.0   -9   -9.0   -9 -99.0 -99.0 -99.0 -99.0 -99.0
20260531 138  2.6  2244  14  5.7 1545  16  8.5 1816  26.5  31.6 1415  20.8  528   9.4  30.1  13.5  35.8  20.0 1124  11.8  11.5   8.1 -9.00 1011.5 1011.9 1013.9 2342 1010.4   33  0.3 13.6 14.4 -9.0 30.12  3.64 1200   -9.0   -9.0 -9.00   -9.0   -9   -9.0   -9   -9.0   -9   -9.0   -9   -9.0   -9  21.0  18.1  17.0  15.4  15.7
20260531 140  1.5  1312  29  4.6 1549  29  6.4 1548  21.9  28.1 1155  15.6  452  15.6  27.1   9.8  70.3  41.0 1502  17.8  -9.0  -9.0 -9.00 1011.1 1014.4 1015.6 2227 1012.9 1703  0.9 13.3 14.4 -9.0 -9.00 -9.00   -9   -9.0   -9.0 -9.00   -9.0   -9   -9.0   -9   -9.0   -9   -9.0   -9   -9.0   -9 -99.0 -99.0 -99.0 -99.0 -99.0
20260531 143  1.0   822  27  2.1 1149  29  3.9 1230  25.4  33.7 1605  15.8  523  10.2  30.4  10.7  43.6  15.0 1559  12.6   9.6   6.7 -9.00 1006.0 1012.2 1014.1 2342 1010.0 1727  0.3 13.4 14.4 -9.0 30.17  3.61 1200   -9.0   -9.0 -9.00   -9.0   -9   -9.0   -9   -9.0   -9   -9.0   -9   -9.0   -9 -99.0 -99.0 -99.0 -99.0 -99.0
20260531 146  1.9  1612  27  4.8 1758  27  7.3 1653  24.0  32.3 1517  15.6  534  12.5  27.4  11.0  52.4  23.0 1519  14.5   9.8   6.9 -9.00 1006.3 1013.2 1014.8 2247 1011.1 1701  0.8 13.3 14.4 -9.0 30.19  3.60 1200   -9.0   -9.0 -9.00   -9.0   -9   -9.0   -9   -9.0   -9   -9.0   -9   -9.0   -9 -99.0 -99.0 -99.0 -99.0 -99.0
20260531 152  1.4  1215  32  2.7  149  18  5.9 1527  24.6  31.1 1209  18.2 2355   9.8  26.4  12.7  42.8  20.0 1100  12.2   9.4   6.6 -9.00 1002.9 1012.2 1014.6 2351 1010.4  146  0.6 13.1 14.4 -9.0 30.75  3.66 1200   -9.0   -9.0 -9.00   -9.0   -9   -9.0   -9   -9.0   -9   -9.0   -9   -9.0   -9 -99.0 -99.0 -99.0 -99.0 -99.0
20260531 155  1.7  1440  14  4.4 1514  16  6.7 1510  24.4  32.1 1327  18.3  530  12.9  28.9  13.0  51.3  26.0 1132  14.9   8.8   6.2 -9.00 1009.1 1013.1 1015.2 2306 1011.3   30  0.4 12.7 14.4 -9.0 27.73  3.57 1300   -9.0   -9.0 -9.00   -9.0   -9   -9.0   -9   -9.0   -9   -9.0   -9   -9.0   -9 -99.0 -99.0 -99.0 -99.0 -99.0
20260531 156  1.0   886  23  3.1 1820  23  6.0 1818  24.9  33.0 1510  16.0  511  12.5  29.2  10.2  51.6  16.0 1424  14.7   9.5   6.6 -9.00 1004.2 1012.2 1014.0 2346 1009.9 1700  0.9 13.1 14.4 -9.0 31.47  3.68 1200   -9.0   -9.0 -9.00   -9.0   -9   -9.0   -9   -9.0   -9   -9.0   -9   -9.0   -9 -99.0 -99.0 -99.0 -99.0 -99.0
20260531 159  2.7  2291  23  5.9 1608  25  8.1 1134  25.1  29.5  957  20.6  537  12.5  28.3  12.2  46.8  31.0 1007  14.6  10.4   7.3 -9.00 1004.5 1012.5 1015.0 2230 1010.1  135  0.0 12.4 14.4 -9.0 31.46  3.79 1200   -9.0   -9.0 -9.00   -9.0   -9   -9.0   -9   -9.0   -9   -9.0   -9   -9.0   -9  22.1  19.7  18.8  15.8  16.8
20260531 162  1.6  1369   5  3.2 1025  18  5.4 1640  22.2  29.0 1046  17.3  506  15.1  28.5  12.6  66.1  28.0 1041  17.2   8.1   5.7 -9.00 1009.0 1012.6 1015.0 2241 1010.5  131  0.3 12.5 14.3 -9.0 30.69  3.72 1200   -9.0   -9.0 -9.00   -9.0   -9   -9.0   -9   -9.0   -9   -9.0   -9   -9.0   -9 -99.0 -99.0 -99.0 -99.0 -99.0
20260531 165  2.0  1733  32  4.5 1650  32  6.1 1315  22.6  28.5 1455  16.2  329  15.4  25.0  10.9  67.4  41.0 1834  17.7   8.5   6.0 -9.00 1008.5 1013.7 1015.2 2322 1012.6 1535  0.4 12.9 14.3 -9.0 30.57  3.67 1200   -9.0   -9.0 -9.00   -9.0   -9   -9.0   -9   -9.0   -9   -9.0   -9   -9.0   -9  21.5  19.9  17.9  15.8  14.8
20260531 168  1.5  1302   9  3.3  939  20  4.6 1331  23.8  29.5 1420  18.8  516  13.5  28.4  16.7  54.6  29.0 1645  15.5   9.1   6.4 -9.00 1005.9 1013.5 1015.8 2224 1011.6   35  0.4 13.4 14.3 -9.0 30.80  3.77 1200   -9.0   -9.0 -9.00   -9.0   -9   -9.0   -9   -9.0   -9   -9.0   -9   -9.0   -9  22.6  19.9  17.9  16.0  16.6
20260531 169  2.9  2543  34  5.4 1417  34  7.1 1416  22.6  26.7 1155  18.8  449  10.1  29.1  14.6  46.3  30.0 2134  12.6   9.7   6.8 -9.00 1004.9 1013.6 1015.0 1048 1012.3  313  0.9 13.7 14.3 -9.0 31.35  3.75 1200   -9.0   -9.0 -9.00   -9.0   -9   -9.0   -9   -9.0   -9   -9.0   -9   -9.0   -9 -99.0 -99.0 -99.0 -99.0 -99.0
20260531 170  1.5  1270  14  4.0 1604  14  6.0 1603  23.2  32.6 1440  15.8  501  14.8  26.9  11.7  62.8  32.0 1546  16.9   8.8   6.2 -9.00 1009.6 1013.7 1015.6 2209 1012.5  219  0.3 13.2 14.3 -9.0 30.83  3.72 1200   -9.0   -9.0 -9.00   -9.0   -9   -9.0   -9   -9.0   -9   -9.0   -9   -9.0   -9 -99.0 -99.0 -99.0 -99.0 -99.0
20260531 172  1.8  1530  27  5.2 1359  27  7.1 1315  21.8  29.3 1215  13.9  506  12.9  24.9   9.7  62.5  31.0 1550  14.9   9.7   6.8 -9.00 1007.1 1013.2 1014.7 2319 1011.7 1640  0.9 13.6 14.4 -9.0 31.60  3.76 1200   -9.0   -9.0 -9.00   -9.0   -9   -9.0   -9   -9.0   -9   -9.0   -9   -9.0   -9 -99.0 -99.0 -99.0 -99.0 -99.0
20260531 174  1.0   847  18  4.0 1437  16  5.9 1439  20.8  31.2 1325  10.8  531   9.7  25.3   9.6  58.6  17.0 1140  12.2  -9.0  -9.0 -9.00  993.1 1012.1 1014.9 2337 1010.0 1541  0.9 12.7 14.3 -9.0 -9.00 -9.00   -9   -9.0   -9.0 -9.00   -9.0   -9   -9.0   -9   -9.0   -9   -9.0   -9   -9.0   -9 -99.0 -99.0 -99.0 -99.0 -99.0
20260531 177  1.6  1340  25  3.8 1608  18  6.4 1443  23.4  31.6 1424  15.0  532  14.2  29.0  11.9  60.6  25.0 1553  16.3   9.1   6.4 -9.00 1008.9 1012.1 1013.5 2315 1010.5 1708  0.8 13.6 14.5 -9.0 30.54  3.59 1200   -9.0   -9.0 -9.00   -9.0   -9   -9.0   -9   -9.0   -9   -9.0   -9   -9.0   -9 -99.0 -99.0 -99.0 -99.0 -99.0
20260531 181  1.2   999  32  3.6 1846  32  5.5 1843  23.0  31.6 1533  14.3  509  12.1  24.5   9.5  56.4  25.0 1542  14.3   9.1   6.4 -9.00 1009.7 1013.6 1014.8  903 1011.5 1728  0.5 13.3 14.5 -9.0 30.70  3.69 1200   -9.0   -9.0 -9.00   -9.0   -9   -9.0   -9   -9.0   -9   -9.0   -9   -9.0   -9 -99.0 -99.0 -99.0 -99.0 -99.0
20260531 184  1.9  1635   2  3.6 1650   2  5.5 1621  22.1  25.6 1450  18.0  536  14.8  29.8  12.2  63.9  47.0  754  17.1   7.6   5.3 -9.00 1010.7 1013.1 1014.5 2207 1012.1  115  0.0 13.4 14.2 -9.0 29.82  3.63 1200   -9.0   -9.0 -9.00   -9.0   -9   -9.0   -9   -9.0   -9   -9.0   -9   -9.0   -9  22.5  21.0  20.3  18.2  16.4
20260531 185  3.4  2954  34  5.8 1310   5  6.6  403  20.5  24.1 1755  17.4  457  14.7  25.2  14.1  71.6  39.0 1758  17.0   7.4   5.2 -9.00 1005.1 1013.5 1014.9 2207 1012.3 1648  0.0 12.9 14.2 -9.0 30.98  3.76 1200   -9.0   -9.0 -9.00   -9.0   -9   -9.0   -9   -9.0   -9   -9.0   -9   -9.0   -9 -99.0 -99.0 -99.0 -99.0 -99.0
20260531 188  1.9  1605  29  4.7  149  32  6.2  142  22.8  29.7 1151  14.0  443  14.9  24.8  10.0  64.0  32.0 1152  17.1  -9.0  -9.0 -9.00 1011.4 1013.8 1015.6 2213 1012.0  147  0.0 13.3 14.2 -9.0 -9.00 -9.00   -9   -9.0   -9.0 -9.00   -9.0   -9   -9.0   -9   -9.0   -9   -9.0   -9   -9.0   -9 -99.0 -99.0 -99.0 -99.0 -99.0
20260531 189  1.7  1461  23  3.6 1412  23  5.0 1205  23.6  28.1 1528  18.8  458  12.3  24.8  14.7  50.5  33.0  759  15.0   8.3   5.8 -9.00 1007.9 1013.8 1015.5 2205 1012.2  348  0.0 12.7 14.2 -9.0 30.72  3.74 1200   -9.0   -9.0 -9.00   -9.0   -9   -9.0   -9   -9.0   -9   -9.0   -9   -9.0   -9 -99.0 -99.0 -99.0 -99.0 -99.0
20260531 192  0.7   626  20  2.3 1532  16  6.1 1558  22.2  32.0 1458  12.4  540  12.1  30.6  10.6  59.9  22.0 1415  14.2   8.7   6.1 -9.00 1009.9 1013.3 1015.6 2350 1011.8 1701  0.5 12.4 14.4 -9.0 30.81  3.72 1200   -9.0   -9.0 -9.00   -9.0   -9   -9.0   -9   -9.0   -9   -9.0   -9   -9.0   -9 -99.0 -99.0 -99.0 -99.0 -99.0
20260531 201  1.7  1440  25  4.0 1416  23  6.0 1416  20.4  26.8 1355  13.6  444  12.6  25.4   8.7  62.8  41.0 1450  14.8  -9.0  -9.0 -9.00 1008.5 1014.1 1015.2 2349 1012.5    1  1.4 12.6 14.6 -9.0 -9.00 -9.00   -9   -9.0   -9.0 -9.00   -9.0   -9   -9.0   -9   -9.0   -9   -9.0   -9   -9.0   -9 -99.0 -99.0 -99.0 -99.0 -99.0
20260531 202  1.2  1069  25  3.3 1621  25  6.8 1620  23.2  31.5 1521  15.3  524  11.9  30.4  11.4  55.3  20.0 1735  14.2  -9.0  -9.0 -9.00 1008.1 1013.6 1014.9  749 1011.7 1732  0.9 12.6 14.6 -9.0 -9.00 -9.00   -9   -9.0   -9.0 -9.00   -9.0   -9   -9.0   -9   -9.0   -9   -9.0   -9   -9.0   -9 -99.0 -99.0 -99.0 -99.0 -99.0
20260531 203  0.7   611  20  2.4 1657  20  5.1 1656  23.4  31.5 1431  15.1  515  13.3  29.6  12.6  58.5  25.0 1449  15.4  -9.0  -9.0 -9.00 1004.6 1013.8 1015.2  758 1011.9 1713  2.1 10.7 14.5 -9.0 -9.00 -9.00   -9   -9.0   -9.0 -9.00   -9.0   -9   -9.0   -9   -9.0   -9   -9.0   -9   -9.0   -9 -99.0 -99.0 -99.0 -99.0 -99.0
20260531 211  1.1   984  18  4.3 1344  14  9.5 1308  21.1  30.2 1539  12.1  501  10.9  27.2   6.6  59.1  25.0 1407  13.1  -9.0  -9.0 -9.00  989.8 1013.1 1015.2 2355 1010.3 1541  1.5 11.9 14.6 -9.0 -9.00 -9.00   -9   -9.0   -9.0 -9.00   -9.0   -9   -9.0   -9   -9.0   -9   -9.0   -9   -9.0   -9 -99.0 -99.0 -99.0 -99.0 -99.0
20260531 212  1.0   854  34  3.5 1223  32  6.3 1220  22.3  31.5 1600  13.3  518   9.8  28.4  11.7  52.1  20.0 1238  12.3  -9.0  -9.0 -9.00  997.7 1013.8 1015.5  747 1011.4 1653  1.4 12.9 14.6 -9.0 -9.00 -9.00   -9   -9.0   -9.0 -9.00   -9.0   -9   -9.0   -9   -9.0   -9   -9.0   -9   -9.0   -9 -99.0 -99.0 -99.0 -99.0 -99.0
20260531 216  1.1   964  18  2.9 1051  25  6.4 1242  21.5  29.7 1432  12.9  536   6.2  24.3   9.7  41.8  17.0 1054   9.6   9.1   6.4 -9.00  933.3 1012.7 1016.6 2334 1009.2 1519  0.4 12.2 14.5 -9.0 30.05  3.65 1200   -9.0   -9.0 -9.00   -9.0   -9   -9.0   -9   -9.0   -9   -9.0   -9   -9.0   -9 -99.0 -99.0 -99.0 -99.0 -99.0
20260531 217  1.0   864  16  4.1 1345  16  8.3 1517  20.7  32.2 1505  10.5  523   9.0  29.3   9.5  54.4  20.0 1746  11.6  -9.0  -9.0 -9.00  978.1 1013.8 1016.4  605 1010.2 1726  0.4 11.2 14.5 -9.0 -9.00 -9.00   -9   -9.0   -9.0 -9.00   -9.0   -9   -9.0   -9   -9.0   -9   -9.0   -9   -9.0   -9 -99.0 -99.0 -99.0 -99.0 -99.0
20260531 221  1.2  1008  23  4.3 1411  23  7.0 1334  21.0  30.5 1431  12.0  510  11.5  28.0   9.0  62.1  20.0 1528  13.7  -9.0  -9.0 -9.00  983.1 1013.5 1015.2 2357 1011.0 1709  0.5 13.4 14.5 -9.0 -9.00 -9.00   -9   -9.0   -9.0 -9.00   -9.0   -9   -9.0   -9   -9.0   -9   -9.0   -9   -9.0   -9 -99.0 -99.0 -99.0 -99.0 -99.0
20260531 226  0.7   641  36  3.1 1331  34  5.9 1422  21.8  30.8 1428  12.4  527  12.4  24.8   8.1  62.8  23.0 1430  14.5  -9.0  -9.0 -9.00  993.9 1013.6 1015.3 2342 1011.4 1736  0.5 12.7 14.5 -9.0 -9.00 -9.00   -9   -9.0   -9.0 -9.00   -9.0   -9   -9.0   -9   -9.0   -9   -9.0   -9   -9.0   -9 -99.0 -99.0 -99.0 -99.0 -99.0
20260531 232  0.8   654  25  2.5 1325  36  5.5 1805  22.4  31.3 1521  13.4  516  12.5  27.1  11.0  60.0  26.0 1531  14.6  -9.0  -9.0 -9.00 1004.2 1014.0 1015.4 2330 1011.9 1748  0.9 13.2 14.5 -9.0 -9.00 -9.00   -9   -9.0   -9.0 -9.00   -9.0   -9   -9.0   -9   -9.0   -9   -9.0   -9   -9.0   -9 -99.0 -99.0 -99.0 -99.0 -99.0
20260531 235  1.5  1265  20  4.2 1118  23  5.9 1137  21.4  28.3 1620  14.0  359  14.2  24.9  10.9  66.4  31.0 1642  16.2   8.0   5.6 -9.00 1011.8 1013.0 1014.1 1040 1011.8 1801  0.6 12.2 14.5 -9.0 30.38  3.67 1200   -9.0   -9.0 -9.00   -9.0   -9   -9.0   -9   -9.0   -9   -9.0   -9   -9.0   -9 -99.0 -99.0 -99.0 -99.0 -99.0
20260531 236  0.7   622  20  2.9 1635  18  4.9 1633  22.6  31.8 1530  13.6  518  13.7  27.4  11.0  64.0  25.0 1504  15.8  -9.0  -9.0 -9.00 1012.2 1013.8 1015.0 2225 1011.9 1719  0.6 13.5 14.4 -9.0 -9.00 -9.00   -9   -9.0   -9.0 -9.00   -9.0   -9   -9.0   -9   -9.0   -9   -9.0   -9   -9.0   -9 -99.0 -99.0 -99.0 -99.0 -99.0
20260531 238  0.8   718  36  2.3 1401  36  4.9 1224  22.3  31.1 1551  12.3  526  12.6  26.7   8.7  60.8  27.0 1310  14.7  -9.0  -9.0 -9.00  993.5 1013.1 1014.7 2318 1010.6 1701  0.5 13.3 14.4 -9.0 -9.00 -9.00   -9   -9.0   -9.0 -9.00   -9.0   -9   -9.0   -9   -9.0   -9   -9.0   -9   -9.0   -9 -99.0 -99.0 -99.0 -99.0 -99.0
20260531 239  1.0   869  32  3.6 1856  32  5.1 1854  23.0  31.7 1629  14.7  523  13.1  26.7  12.5  58.8  28.0 1622  15.2   8.5   6.0 -9.00 1002.5 1012.8 1014.3 2318 1010.5 1723  0.5 12.4 14.5 -9.0 30.19  3.63 1200   -9.0   -9.0 -9.00   -9.0   -9   -9.0   -9   -9.0   -9   -9.0   -9   -9.0   -9 -99.0 -99.0 -99.0 -99.0 -99.0
20260531 243  1.2  1025  29  3.8 1559  29  7.3 1704  22.1  29.5 1518  14.9  523  13.1  26.7  10.9  61.1  30.0 1525  15.3  -9.0  -9.0 -9.00 1012.4 1013.8 1014.9 2235 1012.6 1638  0.6 12.9 14.4 -9.0 -9.00 -9.00   -9   -9.0   -9.0 -9.00   -9.0   -9   -9.0   -9   -9.0   -9   -9.0   -9   -9.0   -9 -99.0 -99.0 -99.0 -99.0 -99.0
20260531 244  0.8   729  34  3.4 1823   5  5.8 1420  21.5  31.4 1340  11.3  500  11.2  24.0   7.5  60.5  20.0 1152  13.6  -9.0  -9.0 -9.00  985.0 1013.3 1015.5 2311 1010.6 1645  0.6 13.2 14.4 -9.0 -9.00 -9.00   -9   -9.0   -9.0 -9.00   -9.0   -9   -9.0   -9   -9.0   -9   -9.0   -9   -9.0   -9 -99.0 -99.0 -99.0 -99.0 -99.0
20260531 245  1.7  1426  34  4.5 1503   2  7.5 1458  22.8  31.5 1438  13.8  534  12.9  27.1  10.3  57.8  28.0 1236  14.9   9.3   6.5 -9.00 1005.5 1013.5 1015.0 2313 1011.8 1648  0.5 13.6 14.4 -9.0 29.40  3.67 1200   -9.0   -9.0 -9.00   -9.0   -9   -9.0   -9   -9.0   -9   -9.0   -9   -9.0   -9 -99.0 -99.0 -99.0 -99.0 -99.0
20260531 247  1.7  1496  23  4.3 1857  18  7.0 1855  23.0  32.4 1552  12.8  507  11.9  26.9  10.5  55.3  23.0 1310  14.0  -9.0  -9.0 -9.00  997.7 1013.1 1015.1 2316 1010.4 1708  0.6 13.6 14.4 -9.0 -9.00 -9.00   -9   -9.0   -9.0 -9.00   -9.0   -9   -9.0   -9   -9.0   -9   -9.0   -9   -9.0   -9 -99.0 -99.0 -99.0 -99.0 -99.0
20260531 248  0.7   645  25  2.8 1536  27  5.0 1349  20.2  30.4 1447   9.7  524  10.4  23.6   6.5  63.4  17.0 1139  12.9  -9.0  -9.0 -9.00  967.5 1013.9 1016.4 2351 1010.5 1658  0.4 12.7 14.4 -9.0 -9.00 -9.00   -9   -9.0   -9.0 -9.00   -9.0   -9   -9.0   -9   -9.0   -9   -9.0   -9   -9.0   -9 -99.0 -99.0 -99.0 -99.0 -99.0
20260531 251  1.1   950  27  3.9 1520  25  6.4 1402  21.7  30.7 1329  13.6  435  13.1  22.9  10.8  61.9  31.0 1321  15.1   8.8   6.1 -9.00 1006.1 1013.0 1014.3 2250 1011.4 1641  0.6 13.3 14.4 -9.0 30.32  3.61 1200   -9.0   -9.0 -9.00   -9.0   -9   -9.0   -9   -9.0   -9   -9.0   -9   -9.0   -9 -99.0 -99.0 -99.0 -99.0 -99.0
20260531 252  0.9   765  25  3.2 1342  23  7.1 1320  21.6  29.2 1301  13.6  544  13.2  24.9   9.6  63.9  28.0 1542  15.3   8.6   6.0 -9.00 1009.2 1013.5 1014.9 2315 1012.3 1627  1.3 13.0 14.4 -9.0 31.19  3.72 1200   -9.0   -9.0 -9.00   -9.0   -9   -9.0   -9   -9.0   -9   -9.0   -9   -9.0   -9 -99.0 -99.0 -99.0 -99.0 -99.0
20260531 253  1.7  1474  16  5.1 1637  16  7.8 1633  24.6  32.3 1312  17.4  547  13.0  28.0  13.6  50.9  29.0 1056  15.0   9.3   6.5 -9.00 1007.5 1013.8 1015.9 2317 1011.9  110  0.0 12.4 14.4 -9.0 29.78  3.68 1200   -9.0   -9.0 -9.00   -9.0   -9   -9.0   -9   -9.0   -9   -9.0   -9   -9.0   -9 -99.0 -99.0 -99.0 -99.0 -99.0
20260531 254  1.2   997   2  5.0 1824   5  7.0 1823  22.8  33.2 1649  12.2  526  10.0  27.8   9.7  54.3  13.0 1305  12.6  10.0   7.0 -9.00  998.8 1013.7 1015.7 2342 1010.9 1708  0.6 13.1 14.4 -9.0 31.51  3.73 1200   -9.0   -9.0 -9.00   -9.0   -9   -9.0   -9   -9.0   -9   -9.0   -9   -9.0   -9 -99.0 -99.0 -99.0 -99.0 -99.0
20260531 255  0.8   687  29  2.4 1240  14  5.0 1430  25.6  33.5 1440  17.9  542  12.1  26.4  12.7  47.1  20.0 1257  14.2   8.6   6.0 -9.00 1006.8 1012.7 1015.0 2347 1011.0 1501  0.3 13.2 14.4 -9.0 27.96  3.42 1200   -9.0   -9.0 -9.00   -9.0   -9   -9.0   -9   -9.0   -9   -9.0   -9   -9.0   -9 -99.0 -99.0 -99.0 -99.0 -99.0
20260531 257  1.3  1125  23  3.8 1608  20  7.4 1602  24.0  33.7 1353  15.4  452  13.2  27.7  12.1  56.8  28.0 1044  15.2   9.2   6.5 -9.00 1012.2 1012.9 1015.4 2326 1011.4   23  0.3 10.6 14.4 -9.0 28.81  3.63 1200   -9.0   -9.0 -9.00   -9.0   -9   -9.0   -9   -9.0   -9   -9.0   -9   -9.0   -9 -99.0 -99.0 -99.0 -99.0 -99.0
20260531 258  1.9  1599  18  3.9 1438  18  4.9 1432  22.9  31.3 1449  14.9  554  13.6  23.6  12.2  61.3  29.0 1419  15.6   9.5   6.7 -9.00 1013.5 1013.7 1016.0 2311 1012.3  120  0.9 13.6 14.3 -9.0 31.36  3.74 1200   -9.0   -9.0 -9.00   -9.0   -9   -9.0   -9   -9.0   -9   -9.0   -9   -9.0   -9 -99.0 -99.0 -99.0 -99.0 -99.0
20260531 259  0.9   804  20  3.1 1451  20  5.4 1438  22.9  32.2 1346  14.0  542  14.5  25.8  11.9  65.4  29.0 1223  16.6   8.8   6.1 -9.00 1011.4 1013.3 1015.4 2312 1011.8 1540  0.6 12.5 14.3 -9.0 30.10  3.65 1200   -9.0   -9.0 -9.00   -9.0   -9   -9.0   -9   -9.0   -9   -9.0   -9   -9.0   -9 -99.0 -99.0 -99.0 -99.0 -99.0
20260531 260  1.5  1296  16  4.9 1441  14  7.1 1416  22.5  31.3 1347  13.9  508  13.4  28.6  10.1  62.8  22.0 1303  15.5  -9.0  -9.0 -9.00 1008.2 1013.3 1015.5 2321 1011.8 1538  1.0 13.1 14.3 -9.0 -9.00 -9.00   -9   -9.0   -9.0 -9.00   -9.0   -9   -9.0   -9   -9.0   -9   -9.0   -9   -9.0   -9 -99.0 -99.0 -99.0 -99.0 -99.0
20260531 261  1.3  1127  27  4.8 1742  23  7.0 1347  21.9  30.8 1255  13.1  528  15.3  26.2   9.3  70.9  35.0 1532  17.5  -9.0  -9.0 -9.00 1011.9 1013.8 1015.6 2318 1012.3 1538  0.0 13.0 14.3 -9.0 -9.00 -9.00   -9   -9.0   -9.0 -9.00   -9.0   -9   -9.0   -9   -9.0   -9   -9.0   -9   -9.0   -9 -99.0 -99.0 -99.0 -99.0 -99.0
20260531 262  1.1   987  27  3.5 1257  29  7.0 1403  22.1  32.1 1550  12.8  525  13.3  25.0  14.8  63.8  24.0 1135  15.3   8.1   5.6 -9.00 1007.2 1013.3 1015.7 2228 1012.0  117  0.9 12.5 14.3 -9.0 27.70  3.13 1200   -9.0   -9.0 -9.00   -9.0   -9   -9.0   -9   -9.0   -9   -9.0   -9   -9.0   -9 -99.0 -99.0 -99.0 -99.0 -99.0
20260531 263  1.1   987  23  3.8 1740  18  5.3 1717  22.9  32.9 1557  12.9  533  10.6  27.5  10.4  54.0   9.0 1542  13.0   9.5   6.7 -9.00 1011.5 1013.2 1015.3 2350 1011.3 1654  0.3 11.6 14.4 -9.0 29.79  3.61 1200   -9.0   -9.0 -9.00   -9.0   -9   -9.0   -9   -9.0   -9   -9.0   -9   -9.0   -9 -99.0 -99.0 -99.0 -99.0 -99.0
20260531 264  0.9   802  23  2.8 1645  14  6.7 1459  21.9  33.2 1547  10.8  533   5.6  24.4   9.2  47.4   4.0 1448   9.8  11.1   7.7 -9.00  996.0 1013.5 1015.9 2355 1010.5 1704  0.6 12.8 14.4 -9.0 31.80  3.80 1200   -9.0   -9.0 -9.00   -9.0   -9   -9.0   -9   -9.0   -9   -9.0   -9   -9.0   -9 -99.0 -99.0 -99.0 -99.0 -99.0
20260531 266  1.0   896  20  2.5 1534  18  4.9 1532  24.4  31.9 1457  17.2  521  11.7  26.4  12.7  49.1  21.0 1321  13.9   9.3   6.5 -9.00 1003.5 1013.6 1016.0 2306 1012.2   34  0.3 12.4 14.3 -9.0 30.45  3.69 1200   -9.0   -9.0 -9.00   -9.0   -9   -9.0   -9   -9.0   -9   -9.0   -9   -9.0   -9 -99.0 -99.0 -99.0 -99.0 -99.0
20260531 268  1.0   882  32  4.4 1241  32  6.3 1436  20.6  28.3 1044  12.5  513  14.2  24.7  12.4  70.8  35.0 1040  16.3  -9.0  -9.0 -9.00 1011.4 1012.6 1014.2 2229 1011.4 1704  0.6 13.2 14.3 -9.0 -9.00 -9.00   -9   -9.0   -9.0 -9.00   -9.0   -9   -9.0   -9   -9.0   -9   -9.0   -9   -9.0   -9 -99.0 -99.0 -99.0 -99.0 -99.0
20260531 271  1.2   997  18  3.5 1526  20  6.7 1403  20.6  31.0 1444   9.7  553   9.4  27.3   7.4  57.9  18.0 1527  12.0  -9.0  -9.0 -9.00  976.5 1013.7 1016.3 2339 1010.7 1545  0.4 12.4 14.5 -9.0 -9.00 -9.00   -9   -9.0   -9.0 -9.00   -9.0   -9   -9.0   -9   -9.0   -9   -9.0   -9   -9.0   -9 -99.0 -99.0 -99.0 -99.0 -99.0
20260531 272  1.8  1526  32  5.6 1305  32  9.2 1256  22.3  31.3 1445  12.3  505  10.8  28.7   9.6  54.6  21.0 1157  13.1  -9.0  -9.0 -9.00  988.8 1013.0 1014.9 2303 1010.7 1715  0.4 13.4 14.5 -9.0 -9.00 -9.00   -9   -9.0   -9.0 -9.00   -9.0   -9   -9.0   -9   -9.0   -9   -9.0   -9   -9.0   -9 -99.0 -99.0 -99.0 -99.0 -99.0
20260531 273  1.4  1224  29  3.1 1431  32  6.3 1341  22.8  31.8 1445  13.9  533  12.5  27.1  10.1  56.9  22.0 1454  14.6  -9.0  -9.0 -9.00  992.5 1012.4 1014.1 2321 1010.4 1717  0.3 12.4 14.5 -9.0 -9.00 -9.00   -9   -9.0   -9.0 -9.00   -9.0   -9   -9.0   -9   -9.0   -9   -9.0   -9   -9.0   -9 -99.0 -99.0 -99.0 -99.0 -99.0
20260531 276  1.1   922  32  3.5 1241  34  6.3 1234  22.0  32.6 1708  10.8  513  10.8  29.1   7.2  58.1  15.0 1345  13.1   9.7   6.8 -9.00  988.7 1012.6 1014.6 2320 1009.9 1656  0.3 13.3 14.5 -9.0 31.36  3.74 1200   -9.0   -9.0 -9.00   -9.0   -9   -9.0   -9   -9.0   -9   -9.0   -9   -9.0   -9 -99.0 -99.0 -99.0 -99.0 -99.0
20260531 277  2.1  1779  27  4.9  333  29 10.2  332  25.1  31.9 1254  17.2 2354  10.5  32.8  15.1  42.3  22.0 1045  12.7  -9.0  -9.0 -9.00 1007.6 1012.3 1014.1 2213 1010.0    2  0.5 13.6 14.5 -9.0 -9.00 -9.00   -9   -9.0   -9.0 -9.00   -9.0   -9   -9.0   -9   -9.0   -9   -9.0   -9   -9.0   -9 -99.0 -99.0 -99.0 -99.0 -99.0
20260531 278  0.9   735  25  2.9 1407  27  5.0 1550  22.7  33.6 1516  12.1  512  12.5  28.9   8.5  61.4  14.0 1533  14.7  -9.0  -9.0 -9.00 1002.7 1012.1 1013.7 2351 1010.0 1712  0.3 13.3 14.5 -9.0 -9.00 -9.00   -9   -9.0   -9.0 -9.00   -9.0   -9   -9.0   -9   -9.0   -9   -9.0   -9   -9.0   -9 -99.0 -99.0 -99.0 -99.0 -99.0
20260531 279  1.0   875  29  2.4 1226  27  5.1 1222  24.0  33.8 1453  14.6  508  11.5  30.9  10.9  50.5  22.0 1434  13.6   9.1   6.3 -9.00 1007.1 1012.8 1014.3 2349 1010.6 1731  0.3 12.9 14.4 -9.0 29.92  3.62 1200   -9.0   -9.0 -9.00   -9.0   -9   -9.0   -9   -9.0   -9   -9.0   -9   -9.0   -9 -99.0 -99.0 -99.0 -99.0 -99.0
20260531 281  1.1   959  27  2.7 1131  27  7.0 1215  23.7  33.1 1407  13.2  527  11.0  29.6   9.6  53.1  17.0 1353  13.3  -9.0  -9.0 -9.00 1002.2 1013.3 1015.2 2331 1011.3 1753  0.3 13.2 14.4 -9.0 -9.00 -9.00   -9   -9.0   -9.0 -9.00   -9.0   -9   -9.0   -9   -9.0   -9   -9.0   -9   -9.0   -9 -99.0 -99.0 -99.0 -99.0 -99.0
20260531 283  2.1  1812  18  4.5 1748  11  7.7 1631  24.2  34.7 1508  14.8  425  12.1  28.1  11.0  55.0  15.0 1500  14.4  10.3   7.2 -9.00 1008.4 1013.0 1015.0 2333 1011.3 1602  0.3 13.3 14.4 -9.0 31.12  3.71 1200   -9.0   -9.0 -9.00   -9.0   -9   -9.0   -9   -9.0   -9   -9.0   -9   -9.0   -9 -99.0 -99.0 -99.0 -99.0 -99.0
20260531 284  1.3  1119  16  3.4 1538  14  5.8 1538  21.4  32.1 1430  10.5  535  11.3  26.3   7.6  59.3  22.0 1303  13.5   9.2   6.5 -9.00  986.1 1012.4 1014.8 2341 1009.4 1715  0.4 13.2 14.4 -9.0 30.85  3.70 1200   -9.0   -9.0 -9.00   -9.0   -9   -9.0   -9   -9.0   -9   -9.0   -9   -9.0   -9 -99.0 -99.0 -99.0 -99.0 -99.0
20260531 285  0.7   584   9  1.8 1558  16  3.9 1740  23.0  33.3 1453  13.1  451  11.6  29.8  11.5  57.4  15.0 1536  13.9  -9.0  -9.0 -9.00 1010.2 1013.3 1015.3 2330 1011.2 1729  0.4 11.1 14.4 -9.0 -9.00 -9.00   -9   -9.0   -9.0 -9.00   -9.0   -9   -9.0   -9   -9.0   -9   -9.0   -9   -9.0   -9 -99.0 -99.0 -99.0 -99.0 -99.0
20260531 288  1.4  1171  16  3.7 1725  18  6.0 1721  24.6  34.1 1517  15.0  555  12.1  28.9  14.8  52.9  15.0 1437  14.3   9.8   6.9 -9.00 1010.6 1011.6 1013.9 2348 1009.6 1655  0.4 12.3 14.4 -9.0 30.20  3.67 1200   -9.0   -9.0 -9.00   -9.0   -9   -9.0   -9   -9.0   -9   -9.0   -9   -9.0   -9 -99.0 -99.0 -99.0 -99.0 -99.0
20260531 289  0.9   783   5  3.2 1906   5  5.7 1906  22.5  32.7 1413  12.3  507  11.8  28.4   9.3  57.8  19.0 1257  13.9  -9.0  -9.0 -9.00  998.2 1014.2 1016.3 2353 1011.7 1714  0.6 11.9 14.4 -9.0 -9.00 -9.00   -9   -9.0   -9.0 -9.00   -9.0   -9   -9.0   -9   -9.0   -9   -9.0   -9   -9.0   -9 -99.0 -99.0 -99.0 -99.0 -99.0
20260531 294  1.1   975  20  3.7 2317  18  7.3 2238  23.9  30.8 1517  16.2  508  13.1  30.7  11.0  53.6  30.0 1439  15.1  -9.0  -9.0 -9.00 1008.6 1013.8 1015.8 2238 1011.9  133  0.3 12.9 14.3 -9.0 -9.00 -9.00   -9   -9.0   -9.0 -9.00   -9.0   -9   -9.0   -9   -9.0   -9   -9.0   -9   -9.0   -9 -99.0 -99.0 -99.0 -99.0 -99.0
20260531 295  1.2  1024   9  2.4 1359  11  3.8 1351  23.8  31.2 1451  17.3  451  10.6  27.9  12.0  45.4  26.0 1506  12.8  -9.0  -9.0 -9.00 1008.2 1013.4 1015.5 2336 1011.7   35  0.3 12.3 14.3 -9.0 -9.00 -9.00   -9   -9.0   -9.0 -9.00   -9.0   -9   -9.0   -9   -9.0   -9   -9.0   -9   -9.0   -9 -99.0 -99.0 -99.0 -99.0 -99.0
20260531 296  1.7  1458  18  4.3 1422  18  7.5 1415  23.6  31.9 1402  14.7  459  14.2  25.1   9.2  59.8  31.0 1552  16.2   9.4   6.6 -9.00 1012.0 1012.3 1014.6 2223 1010.7  112  0.0 12.2 14.4 -9.0 30.44  3.70 1200   -9.0   -9.0 -9.00   -9.0   -9   -9.0   -9   -9.0   -9   -9.0   -9   -9.0   -9 -99.0 -99.0 -99.0 -99.0 -99.0
20260601  90  1.8  1581  20  6.7 1637  23 13.1 1647  23.8  28.4 1219  17.5 2341   9.8  25.2  12.7  42.8  23.0    1  12.2   5.7   4.0 -9.00 1009.8 1011.8 1013.3 1017 1009.9 1706  6.5  2.3 14.7 -9.0 15.06  2.01 1100   -9.0   -9.0 -9.00   -9.0   -9   -9.0   -9   -9.0   -9   -9.0   -9   -9.0   -9 -99.0 -99.0 -99.0 -99.0 -99.0
20260601  93  0.4   334  34  2.3 1710  34  4.1 1704  20.0  27.6 1505  13.6  519  14.1  24.7  11.8  71.8  40.0 1509  16.1   4.3   3.0 -9.00 1003.1 1014.3 1016.3  857 1011.8 1754  7.1  4.4 14.6 -9.0 15.85  2.01 1000   -9.0   -9.0 -9.00   -9.0   -9   -9.0   -9   -9.0   -9   -9.0   -9   -9.0   -9  23.0  20.2  17.7  13.8  12.5
20260601  95  0.8   653  32  1.9 1601  20  3.7 1647  19.5  26.2 1513  13.3  438  12.3  21.7   9.9  66.0  37.0 1337  14.4   4.6   3.2 -9.00  996.3 1014.4 1016.1  828 1012.4 1710  6.1  7.5 14.6 -9.0 17.31  1.92 1200   -9.0   -9.0 -9.00   -9.0   -9   -9.0   -9   -9.0   -9   -9.0   -9   -9.0   -9 -99.0 -99.0 -99.0 -99.0 -99.0
20260601  98  0.7   576  27  3.3 1425  29  7.1 1331  20.4  27.7 1252  14.5  414  11.0  23.7  10.6  57.0  28.0 1259  13.2   4.8   3.4 -9.00 1000.2 1013.7 1015.4  848 1011.9 1734  5.9  2.7 14.6 -9.0 17.03  2.54 1200   -9.0   -9.0 -9.00   -9.0   -9   -9.0   -9   -9.0   -9   -9.0   -9   -9.0   -9 -99.0 -99.0 -99.0 -99.0 -99.0
20260601  99  0.7   596  27  2.8 1248  29  5.4 1241  18.7  26.3 1234  12.3  439  12.5  22.3   9.1  71.4  37.0 1835  14.5   4.7   3.3 -9.00 1010.8 1014.4 1016.1  845 1012.7 1821  5.5  4.2 14.6 -9.0 18.59  2.52 1100   -9.0   -9.0 -9.00   -9.0   -9   -9.0   -9   -9.0   -9   -9.0   -9   -9.0   -9 -99.0 -99.0 -99.0 -99.0 -99.0
20260601 100  2.8  2418  25  6.3 1930  29 10.4 1204  18.0  23.1 1235  10.9  320   9.8  19.4   6.9  61.3  34.0 1124  12.1   5.7   4.0 -9.00  926.8 1013.4 1016.3    9 1010.9 1542  8.9  3.6 14.6 -9.0 16.58  2.34 1200   -9.0   -9.0 -9.00   -9.0   -9   -9.0   -9   -9.0   -9   -9.0   -9   -9.0   -9 -99.0 -99.0 -99.0 -99.0 -99.0
20260601 101  1.2  1014  34  3.0 1656  34  5.3 1704  20.3  27.4 1504  14.1  431  13.5  24.2  10.1  67.8  40.0 1601  15.5   4.6   3.2 -9.00 1004.4 1013.2 1015.3  828 1010.6 1756  6.9  2.2 14.6 -9.0 16.25  2.22 1000   -9.0   -9.0 -9.00   -9.0   -9   -9.0   -9   -9.0   -9   -9.0   -9   -9.0   -9  22.0  18.4  16.3  14.4  15.1
20260601 102  2.3  1998  18  3.8 1407  16  8.0  938  17.7  20.7 1615  15.2  539  14.5  22.9  11.5  82.1  64.0   48  16.5   3.9   2.8  1.50 1007.7 1012.0 1013.5  919 1010.6 1800  7.0  5.9 14.6 -9.0 19.44  2.52 1400   -9.0   -9.0 -9.00   -9.0   -9   -9.0   -9   -9.0   -9   -9.0   -9   -9.0   -9 -99.0 -99.0 -99.0 -99.0 -99.0
20260601 104  1.4  1248  27  6.0 1255  25 10.3 1205  24.0  29.8 1322  19.3  426  13.1  26.0  13.5  51.5  28.0 1238  15.2   6.3   4.4 -9.00 1002.5 1011.1 1012.2  852 1009.6 1910  7.8  5.1 14.6 -9.0 18.65  2.76 1100   -9.0   -9.0 -9.00   -9.0   -9   -9.0   -9   -9.0   -9   -9.0   -9   -9.0   -9  22.2  18.6  16.5  13.3  13.1
20260601 105  2.1  1779  27  4.4 1141  27  8.7 1154  25.9  30.3 1226  21.3  554   9.7  28.7  16.2  36.9  26.0 1119  12.1   7.3   5.1 -9.00 1008.9 1012.0 1013.3  904 1010.6 1910  7.6  4.6 14.6 -9.0 17.78  2.54 1100   -9.0   -9.0 -9.00   -9.0   -9   -9.0   -9   -9.0   -9   -9.0   -9   -9.0   -9  22.9  19.3  18.0  15.0  14.5
20260601 106  1.7  1497  23  3.3   24  23  5.1   21  24.4  30.5 1039  19.0  530  12.7  30.5  13.0  48.9  30.0  939  14.8   7.0   4.9 -9.00 1007.8 1012.4 1013.8  852 1011.4 1703  7.8  7.2 14.6 -9.0 22.38  3.32 1200   -9.0   -9.0 -9.00   -9.0   -9   -9.0   -9   -9.0   -9   -9.0   -9   -9.0   -9 -99.0 -99.0 -99.0 -99.0 -99.0
20260601 108  1.9  1682  20  4.5 1202  25  7.7 1347  22.9  28.7 1255  18.3  552  10.2  23.6  14.2  45.4  31.0 1123  12.5   7.0   4.9 -9.00 1003.6 1013.5 1015.1  833 1011.8 1803  6.4  5.5 14.6 -9.0 19.76  3.08 1200   -9.0   -9.0 -9.00   -9.0   -9   -9.0   -9   -9.0   -9   -9.0   -9   -9.0   -9  21.9  19.0  17.8  14.5  13.6
20260601 112  1.7  1472  23  4.3 1058  23  6.6 1056  21.7  25.4 1046  18.3  537  13.6  23.2  13.2  61.9  42.0 1437  15.7   5.9   4.1 -9.00 1005.5 1013.5 1014.9  826 1011.7 1802  5.6  6.8 14.6 -9.0 20.40  3.24 1200   -9.0   -9.0 -9.00   -9.0   -9   -9.0   -9   -9.0   -9   -9.0   -9   -9.0   -9  20.8  18.8  13.7  16.2  13.3
20260601 114  1.3  1087  23  3.4 1210  23  5.9 1446  22.8  29.8 1435  16.0  518  12.3  27.1  11.9  55.5  28.0 1422  14.4   6.6   4.6 -9.00  996.3 1013.5 1015.7  856 1011.4 1741  8.0  5.3 14.6 -9.0 21.55  3.17 1100   -9.0   -9.0 -9.00   -9.0   -9   -9.0   -9   -9.0   -9   -9.0   -9   -9.0   -9 -99.0 -99.0 -99.0 -99.0 -99.0
20260601 115  5.8  5029  23  9.7 2220  23 18.9 2252  23.1  25.7 1420  21.4  602  14.7  26.1  18.6  60.5  36.0  350  17.0   6.3   4.4 -9.00  988.3 1013.5 1015.0 1000 1011.9 1716  8.1  5.0 14.6 -9.0 17.56  2.49 1400   -9.0   -9.0 -9.00   -9.0   -9   -9.0   -9   -9.0   -9   -9.0   -9   -9.0   -9  19.4  16.1  15.2  12.4  13.1
20260601 119  1.8  1550  25  5.3 1446  25  7.8 1438  21.8  28.8 1348  15.6  355  11.4  27.0  11.9  54.6  26.0 1447  13.5   7.0   4.9 -9.00 1008.7 1013.3 1015.0  833 1011.8 1920  7.3  7.2 14.6 -9.0 22.20  3.11 1300   -9.0   -9.0 -9.00   -9.0   -9   -9.0   -9   -9.0   -9   -9.0   -9   -9.0   -9  21.7  18.5  16.3  12.8  12.6
20260601 121  0.8   732  23  3.3 1529  20  5.6 1525  20.5  29.5 1547  13.0  533  12.7  26.8  10.0  64.8  33.0 1508  14.7   5.3   3.7 -9.00  986.5 1014.2 1017.0  814 1011.3 1623  8.5  4.1 14.5 -9.0 19.02  2.46 1100   -9.0   -9.0 -9.00   -9.0   -9   -9.0   -9   -9.0   -9   -9.0   -9   -9.0   -9 -99.0 -99.0 -99.0 -99.0 -99.0
20260601 127  1.2  1018  20  3.9 1215  20  6.8 1103  22.7  30.0 1454  14.8  455  12.0  25.8  12.8  54.9  25.0 1213  14.1   6.8   4.8 -9.00  999.6 1012.8 1015.1  805 1010.7 1727  8.0  5.6 14.5 -9.0 22.62  3.29 1100   -9.0   -9.0 -9.00   -9.0   -9   -9.0   -9   -9.0   -9   -9.0   -9   -9.0   -9 -99.0 -99.0 -99.0 -99.0 -99.0
20260601 129  1.6  1350  20  5.1 1045  20  7.8 1010  21.7  27.2 1341  14.8  530  12.3  26.6  11.6  58.3  31.0 1325  14.4   6.2   4.4 -9.00 1010.7 1013.7 1015.6 1033 1012.0 1940  8.5  6.8 14.5 -9.0 21.94  2.88 1300   -9.0   -9.0 -9.00   -9.0   -9   -9.0   -9   -9.0   -9   -9.0   -9   -9.0   -9  21.4  18.5  18.4  13.8  14.7
20260601 130  2.1  1853  16  4.1 1632  25  8.5 1200  24.2  32.4 1448  19.9  311  13.6  28.3  14.2  55.1  25.0 1413  15.8  -9.0  -9.0 -9.00 1007.3 1012.9 1014.5 1104 1011.5 1655  7.3  8.2 14.5 -9.0 -9.00 -9.00   -9   -9.0   -9.0 -9.00   -9.0   -9   -9.0   -9   -9.0   -9   -9.0   -9   -9.0   -9 -99.0 -99.0 -99.0 -99.0 -99.0
20260601 131  1.2  1042  27  3.6 1114  27  6.5 1138  24.9  29.8 1336  18.8  549  11.6  27.2  15.0  44.8  29.0 1242  13.7   7.5   5.2 -9.00 1006.4 1013.1 1015.3  846 1010.9 1721  7.8  8.6 14.5 -9.0 25.05  3.42 1000   -9.0   -9.0 -9.00   -9.0   -9   -9.0   -9   -9.0   -9   -9.0   -9   -9.0   -9 -99.0 -99.0 -99.0 -99.0 -99.0
20260601 133  1.4  1190  20  4.1 1039  20  7.3 1041  24.0  30.3 1502  16.8  554  13.8  26.6  14.7  55.4  31.0 1057  15.8   7.0   4.9 -9.00 1005.8 1013.6 1015.8  749 1011.2 1653  7.5  9.2 14.5 -9.0 25.20  3.62 1200   -9.0   -9.0 -9.00   -9.0   -9   -9.0   -9   -9.0   -9   -9.0   -9   -9.0   -9  23.4  21.1  18.8  15.7  15.7
20260601 135  1.0   870  18  3.1 1159  23  5.1 1500  21.8  29.4 1522  13.3  522  14.1  26.0  12.9  64.5  36.0 1159  16.3   6.2   4.3 -9.00  985.2 1013.3 1016.0  743 1010.3 1705  8.6  7.9 14.5 -9.0 24.10  3.37 1100   -9.0   -9.0 -9.00   -9.0   -9   -9.0   -9   -9.0   -9   -9.0   -9   -9.0   -9 -99.0 -99.0 -99.0 -99.0 -99.0
20260601 136  0.9   812  32  2.4 1310  34  4.6 1303  23.4  29.9 1544  15.3  420  14.9  28.8  14.0  61.0  39.0 1522  17.0   5.7   4.0 -9.00  998.1 1014.3 1017.1  823 1011.4 1743  7.6  5.5 14.5 -9.0 22.03  3.18 1300   -9.0   -9.0 -9.00   -9.0   -9   -9.0   -9   -9.0   -9   -9.0   -9   -9.0   -9 -99.0 -99.0 -99.0 -99.0 -99.0
20260601 137  0.6   559  23  2.1 1543  20  4.2 1228  23.3  30.4 1534  15.6  520  15.9  31.4  13.3  65.1  40.0 1409  18.2   5.8   4.0 -9.00 1001.5 1012.6 1015.3  756 1009.7 1715  7.9  7.8 14.5 -9.0 23.52  3.02 1300   -9.0   -9.0 -9.00   -9.0   -9   -9.0   -9   -9.0   -9   -9.0   -9   -9.0   -9 -99.0 -99.0 -99.0 -99.0 -99.0
20260601 138  2.8  2439  11  5.1 1536  11  7.6 1532  25.3  30.6 1424  19.9  519  13.1  28.7  14.7  47.6  35.0  908  15.4   7.4   5.2 -9.00 1012.6 1013.0 1015.3  832 1010.9 1604  7.4  6.6 14.5 -9.0 22.00  3.15 1200   -9.0    0.1 -9.00   -9.0   -9   -9.0   -9   -9.0   -9   -9.0   -9   -9.0   -9  21.4  18.2  17.1  15.4  15.7
20260601 140  1.6  1376  29  4.0 1457  27  5.7 1702  22.9  29.4 1309  16.1  434  16.1  26.0  11.3  67.3  44.0 1047  18.4  -9.0  -9.0 -9.00 1011.1 1014.3 1016.5 1020 1012.5 1745  8.0  7.9 14.4 -9.0 -9.00 -9.00   -9   -9.0   -9.0 -9.00   -9.0   -9   -9.0   -9   -9.0   -9   -9.0   -9   -9.0   -9 -99.0 -99.0 -99.0 -99.0 -99.0
20260601 143  1.4  1178  18  3.5 2056  25  6.7 1215  24.8  32.2 1636  16.9  508  14.2  29.5  12.2  53.3  38.0 1615  16.4   6.3   4.4 -9.00 1006.8 1013.0 1015.9  806 1010.2 1752  7.4  7.0 14.4 -9.0 22.43  3.25 1100   -9.0   -9.0 -9.00   -9.0   -9   -9.0   -9   -9.0   -9   -9.0   -9   -9.0   -9 -99.0 -99.0 -99.0 -99.0 -99.0
20260601 146  2.0  1709  27  4.5 1717  27  7.8 1722  24.7  31.3 1452  18.8  525  15.6  26.4  13.3  58.3  43.0 1429  18.0   6.5   4.5 -9.00 1006.3 1013.2 1015.7  839 1011.0 1655  7.8  7.5 14.4 -9.0 22.89  3.02 1300   -9.0    0.0 -9.00   -9.0   -9   -9.0   -9   -9.0   -9   -9.0   -9   -9.0   -9 -99.0 -99.0 -99.0 -99.0 -99.0
20260601 152  1.5  1321  20  5.5 1928  20  9.0 1919  22.6  27.7 1102  16.1  349  14.8  26.7  11.7  63.0  44.0 1002  17.0   6.1   4.3 -9.00 1004.1 1013.5 1015.3  744 1011.6 1745  8.0  9.2 14.4 -9.0 24.06  3.16 1300   -9.0   -9.0 -9.00   -9.0   -9   -9.0   -9   -9.0   -9   -9.0   -9   -9.0   -9 -99.0 -99.0 -99.0 -99.0 -99.0
20260601 155  2.0  1713  16  4.9 1611  23  8.3 1254  23.2  30.0 1236  17.8  521  16.9  28.2  13.1  69.1  48.0 1254  19.5   6.3   4.4 -9.00 1010.3 1014.3 1016.2  856 1012.7 1732  8.1 11.0 14.4 -9.0 25.47  3.46 1300    2.3   -9.0  1.17    2.3 2300    1.5 2338   -9.0   -9   -9.0   -9   -9.0   -9 -99.0 -99.0 -99.0 -99.0 -99.0
20260601 156  1.9  1610  18  4.6 1009  16  7.8 1018  24.4  31.7 1519  18.4  546  17.1  32.2  13.9  65.8  45.0 1452  19.6   5.9   4.1 -9.00 1004.3 1012.4 1014.8  836 1009.9 1721  6.9  7.9 14.4 -9.0 24.66  3.06 1000    0.9   -9.0  1.50    0.9 2300    0.8 2350   -9.0   -9   -9.0   -9   -9.0   -9 -99.0 -99.0 -99.0 -99.0 -99.0
20260601 159  2.7  2322  23  6.3 1309  25  9.6 2004  23.4  27.5 1224  20.2  249  15.6  28.3  12.0  62.5  42.0  749  17.9   5.8   4.1 -9.00 1006.0 1014.0 1015.6  913 1012.4 1707  8.3  8.3 14.4 -9.0 24.31  3.38 1300    0.7   14.3  2.35    0.7 2152    0.4 2232   -9.0   -9   -9.0   -9   -9.0   -9  22.4  19.9  18.9  15.8  16.8
20260601 162  1.7  1435  18  5.0 1815  20  7.6 1807  21.7  28.1 1539  17.6  331  17.0  27.3  14.3  76.6  54.0 1044  19.4   4.9   3.5 -9.00 1010.1 1013.7 1015.6  913 1012.1 1632  8.1  7.5 14.3 -9.0 22.24  3.25 1200    7.7   -9.0 -9.00    3.8 2213    1.4 2218   -9.0   -9   -9.0   -9   -9.0   -9 -99.0 -99.0 -99.0 -99.0 -99.0
20260601 165  3.2  2743  16  6.6 1948  14 11.5 1914  23.3  29.1 1455  18.2  541  17.8  25.5  13.7  72.6  52.0 1520  20.4   6.2   4.3 -9.00 1008.4 1013.6 1015.8  912 1011.5 1740  7.6  7.9 14.3 -9.0 24.31  3.17 1000    0.0   17.5  1.12    0.0   -9    0.0   -9   -9.0   -9   -9.0   -9   -9.0   -9  22.0  20.1  17.9  15.9  14.8
20260601 168  1.9  1652   7  5.2 2320   9  8.8 2352  22.4  27.6 1418  19.0  329  16.6  28.6  17.8  71.4  51.0 1019  19.0   5.0   3.5 -9.00 1007.0 1014.6 1016.4  811 1012.8 2349  8.1  6.9 14.3 -9.0 21.89  3.28 1300    8.1   55.2  4.72    3.7 2224    1.2 2307   -9.0   -9   -9.0   -9   -9.0   -9  23.3  20.0  18.1  16.1  16.5
20260601 169  5.3  4571  14  9.0 2149  16 12.4 2144  19.9  24.9 1140  16.2  459  16.3  25.3  14.8  81.0  49.0    1  18.6   4.7   3.3  0.95 1004.4 1013.2 1015.4  929 1011.3 1738  8.8  5.8 14.3 -9.0 20.60  3.04 1300    2.0   -9.0  1.90    1.7 2246    0.6 2318   -9.0   -9   -9.0   -9   -9.0   -9 -99.0 -99.0 -99.0 -99.0 -99.0
20260601 170  2.8  2376  14  7.7 1723  16 11.0 1719  21.8  29.7 1317  15.6  310  17.7  26.1  13.1  79.0  54.0 1600  20.4   5.5   3.8 -9.00 1010.0 1014.1 1016.1 1127 1012.2 2400  7.9  6.6 14.3 -9.0 21.52  3.09 1000   35.0   -9.0 -9.00   13.9 2130    3.3 2214   -9.0   -9   -9.0   -9   -9.0   -9 -99.0 -99.0 -99.0 -99.0 -99.0
20260601 172  2.3  1949  29  5.4 1644  29  7.9 1638  23.5  30.3 1602  15.8  504  16.2  25.3  12.4  66.5  43.0  848  18.5   6.5   4.5 -9.00 1007.1 1013.1 1015.3  806 1011.1 1540  7.3  7.5 14.4 -9.0 24.36  3.17 1000   -9.0   -9.0 -9.00   -9.0   -9   -9.0   -9   -9.0   -9   -9.0   -9   -9.0   -9 -99.0 -99.0 -99.0 -99.0 -99.0
20260601 174  1.4  1242  18  3.9 1902  18  7.6 1844  20.6  28.7 1341  12.0  517  14.9  25.0  11.1  72.9  46.0 1254  17.1  -9.0  -9.0 -9.00  993.8 1012.9 1015.3  646 1010.4 1747  7.6  7.9 14.4 -9.0 -9.00 -9.00   -9    3.9   -9.0 -9.00    3.9 2300    0.9 2314   -9.0   -9   -9.0   -9   -9.0   -9 -99.0 -99.0 -99.0 -99.0 -99.0
20260601 177  1.7  1446  18  4.8 1337  14  7.9 1114  22.6  29.2 1327  15.4  441  13.9  26.5  12.4  61.8  30.0 1300  16.0   6.7   4.7 -9.00 1009.1 1012.3 1013.9  809 1010.6 1812  7.8  7.3 14.5 -9.0 22.29  3.07 1300   -9.0   -9.0 -9.00   -9.0   -9   -9.0   -9   -9.0   -9   -9.0   -9   -9.0   -9 -99.0 -99.0 -99.0 -99.0 -99.0
20260601 181  1.4  1196  23  4.5 1131  25  6.4 1125  22.4  28.9 1533  15.0  534  13.3  23.6  10.6  60.0  31.0 1229  15.3   6.7   4.7 -9.00 1009.9 1013.8 1015.9  844 1011.6 1718  7.4  8.7 14.5 -9.0 24.10  3.05 1000   -9.0   -9.0 -9.00   -9.0   -9   -9.0   -9   -9.0   -9   -9.0   -9   -9.0   -9 -99.0 -99.0 -99.0 -99.0 -99.0
20260601 184  2.8  2433   5  6.2 2353  11 11.1 1342  21.8  27.7 1313  19.3  603  16.5  24.1  13.5  73.3  46.0  754  19.0   3.1   2.2 -9.00 1010.0 1012.4 1014.5  658 1010.3 2023  7.5  3.9 14.2 -9.0 11.55  2.61 1000   29.9   79.4 10.70   10.0 1842    4.7 1854   -9.0   -9   -9.0   -9   -9.0   -9  22.8  21.1  20.4  18.4  16.5
20260601 185  4.3  3702  11  8.6 1000  14 12.5 1035  21.7  25.6  935  18.3   20  19.3  22.8  14.2  86.9  55.0    8  22.5   2.1   1.5 -9.00 1004.1 1012.4 1014.5  649 1010.0 2359  8.5  1.3 14.2 -9.0  8.24  1.70  800   39.2   -9.0 -9.00   18.9 1750    7.6 1756   -9.0   -9   -9.0   -9   -9.0   -9 -99.0 -99.0 -99.0 -99.0 -99.0
20260601 188  2.3  1956   9  5.4 1650   9  8.0 1646  22.3  29.2 1125  16.1    1  19.8  22.4  12.4  87.1  64.0 1126  23.2  -9.0  -9.0 -9.00 1011.6 1013.9 1015.8  738 1011.8 2400  7.6  2.7 14.2 -9.0 -9.00 -9.00   -9   95.4   -9.0 -9.00   32.3 1842    8.1 2014   -9.0   -9   -9.0   -9   -9.0   -9 -99.0 -99.0 -99.0 -99.0 -99.0
20260601 189  2.4  2039   7  4.2 1943   9  9.0 2113  22.4  26.1 1111  19.9 1932  18.8  22.2  17.0  80.9  40.0    7  21.8   1.8   1.3 -9.00 1007.6 1013.6 1015.8  719 1011.4 2353  9.6  0.1 14.2 -9.0  6.18  1.13 1000   40.6   60.2 10.40   14.2 1756    5.7 1401   -9.0   -9   -9.0   -9   -9.0   -9 -99.0 -99.0 -99.0 -99.0 -99.0
20260601 192  0.9   807  18  3.2 1913  11  7.2 1330  21.8  29.2 1341  13.3  336  16.5  29.9  11.6  74.3  50.0 1508  18.9   6.1   4.3 -9.00 1011.0 1014.4 1016.5  755 1012.1 1738  7.5 10.6 14.4 -9.0 24.57  3.15 1300    2.7   29.9 -9.00    4.3 2330    1.0 2330   -9.0   -9   -9.0   -9   -9.0   -9 -99.0 -99.0 -99.0 -99.0 -99.0
20260601 201  1.1   972  27  3.9 1221  29  6.5 1220  18.9  25.1 1158  13.2  532  12.1  21.2   7.6  66.5  44.0 1151  14.2  -9.0  -9.0 -9.00 1008.8 1014.4 1015.8  831 1012.7 1729  5.8  6.2 14.6 -9.0 -9.00 -9.00   -9   -9.0   -9.0 -9.00   -9.0   -9   -9.0   -9   -9.0   -9   -9.0   -9   -9.0   -9 -99.0 -99.0 -99.0 -99.0 -99.0
20260601 202  1.0   876  20  2.9 1341  23  5.5 1340  21.8  29.0 1355  15.4  501  13.1  27.1  11.7  60.6  31.0 1511  15.1  -9.0  -9.0 -9.00 1008.5 1013.9 1016.0  900 1012.2 1714  7.6  5.0 14.6 -9.0 -9.00 -9.00   -9   -9.0   -9.0 -9.00   -9.0   -9   -9.0   -9   -9.0   -9   -9.0   -9   -9.0   -9 -99.0 -99.0 -99.0 -99.0 -99.0
20260601 203  0.7   606  18  3.1 1437  16  5.9 1438  21.9  29.7 1416  14.7  513  14.2  27.1  12.6  65.0  31.0 1327  16.2  -9.0  -9.0 -9.00 1005.0 1014.3 1016.3  829 1012.3 1717  7.6  6.1 14.6 -9.0 -9.00 -9.00   -9   -9.0   -9.0 -9.00   -9.0   -9   -9.0   -9   -9.0   -9   -9.0   -9   -9.0   -9 -99.0 -99.0 -99.0 -99.0 -99.0
20260601 211  0.6   497  18  1.9 1252  23  4.2 1250  18.8  26.0 1503  13.3  442  12.4  22.4   8.4  69.1  40.0 1522  14.4  -9.0  -9.0 -9.00  990.4 1013.9 1015.8  830 1011.4 1740  7.5  0.1 14.6 -9.0 -9.00 -9.00   -9   -9.0   -9.0 -9.00   -9.0   -9   -9.0   -9   -9.0   -9   -9.0   -9   -9.0   -9 -99.0 -99.0 -99.0 -99.0 -99.0
20260601 212  0.8   666  29  3.3 1227  25  6.5 1301  20.5  28.3 1423  13.7  525  12.9  24.2  12.3  65.1  28.0 1224  14.9  -9.0  -9.0 -9.00  998.2 1014.4 1016.5  853 1012.2 1720  7.3  3.1 14.6 -9.0 -9.00 -9.00   -9   -9.0   -9.0 -9.00   -9.0   -9   -9.0   -9   -9.0   -9   -9.0   -9   -9.0   -9 -99.0 -99.0 -99.0 -99.0 -99.0
20260601 216  1.1   918  20  3.3 1129  23  7.6 1026  19.4  27.1 1228  12.0  335  10.0  21.9  10.2  58.0  28.0 1058  12.3   5.7   4.0 -9.00  933.6 1013.7 1016.8   28 1010.6 1602  8.4  5.2 14.5 -9.0 20.29  3.20 1200   -9.0   -9.0 -9.00   -9.0   -9   -9.0   -9   -9.0   -9   -9.0   -9   -9.0   -9 -99.0 -99.0 -99.0 -99.0 -99.0
20260601 217  0.9   761  18  3.2 1415  29  6.5 1209  19.2  28.4 1523  11.6  357  10.0  25.0  10.8  59.3  31.0 1322  12.3  -9.0  -9.0 -9.00  978.5 1014.5 1017.1  721 1011.4 1630  9.0  2.3 14.6 -9.0 -9.00 -9.00   -9   -9.0   -9.0 -9.00   -9.0   -9   -9.0   -9   -9.0   -9   -9.0   -9   -9.0   -9 -99.0 -99.0 -99.0 -99.0 -99.0
20260601 221  1.0   877  25  4.0 1530  27  6.4 1516  20.3  28.2 1439  13.1  510  11.5  26.4  10.9  61.8  30.0 1454  13.6  -9.0  -9.0 -9.00  983.5 1013.9 1016.2  741 1011.5 1742  8.4  4.8 14.5 -9.0 -9.00 -9.00   -9   -9.0   -9.0 -9.00   -9.0   -9   -9.0   -9   -9.0   -9   -9.0   -9   -9.0   -9 -99.0 -99.0 -99.0 -99.0 -99.0
20260601 226  0.9   784  16  2.9 1128  20  8.0 1315  21.8  29.5 1502  13.9  544  14.3  24.8  10.5  66.4  39.0 1140  16.4  -9.0  -9.0 -9.00  994.1 1013.9 1016.5  757 1011.1 1702  7.5  8.9 14.5 -9.0 -9.00 -9.00   -9   -9.0   -9.0 -9.00   -9.0   -9   -9.0   -9   -9.0   -9   -9.0   -9   -9.0   -9 -99.0 -99.0 -99.0 -99.0 -99.0
20260601 232  0.9   748  16  3.4 1021  25  5.8 1134  21.9  29.1 1458  13.3  545  12.9  27.0  11.2  60.8  31.0 1311  15.0  -9.0  -9.0 -9.00 1004.4 1014.2 1016.3  840 1012.2 1718  7.5  8.1 14.5 -9.0 -9.00 -9.00   -9   -9.0   -9.0 -9.00   -9.0   -9   -9.0   -9   -9.0   -9   -9.0   -9   -9.0   -9 -99.0 -99.0 -99.0 -99.0 -99.0
20260601 235  1.6  1359  23  5.3 1222  25  8.3 1214  22.4  28.2 1616  14.8  521  14.1  23.8  11.6  61.6  33.0 1149  16.2   6.5   4.5 -9.00 1011.8 1013.0 1014.9  856 1011.4 1802  8.1  8.3 14.5 -9.0 22.67  3.32 1100   -9.0   -9.0 -9.00   -9.0   -9   -9.0   -9   -9.0   -9   -9.0   -9   -9.0   -9 -99.0 -99.0 -99.0 -99.0 -99.0
20260601 236  1.0   846  20  3.7 1222  23  6.2 1213  22.8  30.0 1411  14.5  502  15.1  26.6  12.0  66.6  36.0 1148  17.3  -9.0  -9.0 -9.00 1012.2 1013.8 1016.3  823 1011.9 1754  7.8  8.1 14.5 -9.0 -9.00 -9.00   -9   -9.0   -9.0 -9.00   -9.0   -9   -9.0   -9   -9.0   -9   -9.0   -9   -9.0   -9 -99.0 -99.0 -99.0 -99.0 -99.0
20260601 238  0.9   771  32  2.5 1503  36  5.9 1456  22.9  30.4 1422  14.8  446  15.7  28.1  11.6  66.8  44.0 1512  17.9  -9.0  -9.0 -9.00  993.6 1013.1 1015.8  748 1010.4 1703  8.0  8.9 14.4 -9.0 -9.00 -9.00   -9   -9.0   -9.0 -9.00   -9.0   -9   -9.0   -9   -9.0   -9   -9.0   -9   -9.0   -9 -99.0 -99.0 -99.0 -99.0 -99.0
20260601 239  1.1   959  34  2.7 2026  18  5.8 1114  22.8  29.1 1415  15.8  529  13.7  26.5  13.7  59.4  35.0 1135  15.7   6.5   4.6 -9.00 1002.7 1013.0 1015.3  744 1010.8 1656  8.0  8.7 14.5 -9.0 24.68  3.40 1200   -9.0   -9.0 -9.00   -9.0   -9   -9.0   -9   -9.0   -9   -9.0   -9   -9.0   -9 -99.0 -99.0 -99.0 -99.0 -99.0
20260601 243  1.3  1124  20  4.6 1108  20  7.0 1101  23.8  30.1 1434  17.6   45  15.6  25.8  13.3  61.8  39.0  925  17.9  -9.0  -9.0 -9.00 1012.2 1013.6 1016.0  843 1011.8 1812  8.3  7.4 14.4 -9.0 -9.00 -9.00   -9   -9.0   -9.0 -9.00   -9.0   -9   -9.0   -9   -9.0   -9   -9.0   -9   -9.0   -9 -99.0 -99.0 -99.0 -99.0 -99.0
20260601 244  1.1   936  18  3.3 1300  32  5.6 1557  22.2  29.2 1624  13.2  441  15.5  24.0  10.0  68.0  47.0  929  17.7  -9.0  -9.0 -9.00  985.3 1013.5 1016.3  752 1010.5 1756  7.9  7.9 14.4 -9.0 -9.00 -9.00   -9   -9.0   -9.0 -9.00   -9.0   -9   -9.0   -9   -9.0   -9   -9.0   -9   -9.0   -9 -99.0 -99.0 -99.0 -99.0 -99.0
20260601 245  2.0  1694  20  6.2 1003  25 10.9  958  24.2  31.3 1529  17.1  408  15.4  27.7  13.1  59.1  41.0  920  17.6   6.9   4.8 -9.00 1005.5 1013.4 1015.7  809 1011.4 1608  6.9  8.4 14.4 -9.0 24.12  3.45 1300   -9.0   -9.0 -9.00   -9.0   -9   -9.0   -9   -9.0   -9   -9.0   -9   -9.0   -9 -99.0 -99.0 -99.0 -99.0 -99.0
20260601 247  2.1  1812  27  4.1 1443  25  7.1 1319  23.3  30.6 1508  15.1  522  16.1  27.5  13.9  65.1  50.0 1506  18.6  -9.0  -9.0 -9.00  998.1 1013.4 1016.2  743 1010.6 1756  6.1  9.6 14.4 -9.0 -9.00 -9.00   -9   -9.0   -9.0 -9.00   -9.0   -9   -9.0   -9   -9.0   -9   -9.0   -9   -9.0   -9 -99.0 -99.0 -99.0 -99.0 -99.0
20260601 248  1.3  1112  25  4.5 1053  20  8.0 1128  21.4  28.4 1401  12.0  443  15.7  23.7   8.6  72.3  47.0 1353  17.9  -9.0  -9.0 -9.00  967.7 1013.9 1016.9  656 1010.8 1809  7.6  8.7 14.4 -9.0 -9.00 -9.00   -9   -9.0   -9.0 -9.00   -9.0   -9   -9.0   -9   -9.0   -9   -9.0   -9   -9.0   -9 -99.0 -99.0 -99.0 -99.0 -99.0
20260601 251 -9.0    -9  18  3.6  949  20  5.7  941 -99.0  25.6  958  16.1  323 -99.0 -99.0  12.6  -9.0  45.0  811  -9.0  -9.0  -9.0 -9.00   -9.0   -9.0 1015.2  811 1013.1  346  7.5 -9.0 14.4 -9.0 -9.00  2.44  900   -9.0   -9.0 -9.00   -9.0   -9   -9.0   -9   -9.0   -9   -9.0   -9   -9.0   -9 -99.0 -99.0 -99.0 -99.0 -99.0
20260601 252  1.2  1074  18  3.7 1023  23  7.7 1018  23.1  30.4 1451  16.3  242  15.7  25.5  12.5  64.6  45.0  856  18.0   5.9   4.1 -9.00 1009.0 1013.3 1015.8  928 1011.3 1757  7.9  7.2 14.4 -9.0 24.40  3.40 1200   -9.0   -9.0 -9.00   -9.0   -9   -9.0   -9   -9.0   -9   -9.0   -9   -9.0   -9 -99.0 -99.0 -99.0 -99.0 -99.0
20260601 253  1.5  1339  18  4.7 1549  16  8.0 1451  23.3  31.5 1403  17.6  405  17.1  28.4  14.1  69.9  45.0 1313  19.7   6.6   4.6 -9.00 1008.8 1015.1 1017.1  936 1013.3 1506  8.3  9.1 14.4 -9.0 25.69  3.48 1200   -9.0   -9.0 -9.00   -9.0   -9   -9.0   -9   -9.0   -9   -9.0   -9   -9.0   -9 -99.0 -99.0 -99.0 -99.0 -99.0
20260601 254  1.5  1254  18  4.1 1136  18  6.9 2012  23.1  30.7 1645  14.9  533  15.1  27.6  12.4  63.1  39.0 1554  17.2   6.6   4.6 -9.00  999.2 1014.0 1016.7  824 1011.1 1739  7.0  9.0 14.4 -9.0 24.61  3.39 1100   -9.0   -9.0 -9.00   -9.0   -9   -9.0   -9   -9.0   -9   -9.0   -9   -9.0   -9 -99.0 -99.0 -99.0 -99.0 -99.0
20260601 255  1.1   946  20  2.5 1308  16  5.6 1914  24.5  30.9 1424  18.7  434  16.4  25.7  13.3  62.3  46.0 1255  18.8   5.7   4.0 -9.00 1008.1 1013.9 1015.9  826 1011.8 1718  8.3  9.8 14.4 -9.0 22.54  3.28 1300    0.1   -9.0 -9.00    0.1   -9    0.1   -9   -9.0   -9   -9.0   -9   -9.0   -9 -99.0 -99.0 -99.0 -99.0 -99.0
20260601 257  1.7  1493  23  4.9 1421  23  8.6 1417  23.9  31.9 1306  15.9  328  17.3  28.5  13.1  68.6  47.0 1450  19.9   6.5   4.6 -9.00 1013.5 1014.2 1016.2  819 1012.1 1542  8.6  8.5 14.4 -9.0 24.35  3.27 1300   -9.0   -9.0 -9.00   -9.0   -9   -9.0   -9   -9.0   -9   -9.0   -9   -9.0   -9 -99.0 -99.0 -99.0 -99.0 -99.0
20260601 258  2.1  1830  20  6.3 1814  20  8.5 1806  22.1  28.7 1604  15.8  525  17.2  23.7  13.9  75.5  51.0 1607  19.8   5.8   4.1 -9.00 1014.5 1014.7 1016.6  748 1012.5 1735  8.6  7.8 14.3 -9.0 24.80  3.30 1300    7.3   -9.0 -9.00    4.8 2249    1.2 2249   -9.0   -9   -9.0   -9   -9.0   -9 -99.0 -99.0 -99.0 -99.0 -99.0
20260601 259  1.4  1170  14  4.5 1615  14  7.7 1555  21.8  29.1 1453  14.7  515  17.5  26.2  13.1  78.6  55.0 1442  20.1   5.1   3.6 -9.00 1012.0 1013.8 1015.8  708 1011.9 1701  8.1  6.0 14.3 -9.0 21.94  2.92 1100   11.5   -9.0 -9.00    5.4 2301    1.5 1826   -9.0   -9   -9.0   -9   -9.0   -9 -99.0 -99.0 -99.0 -99.0 -99.0
20260601 260  2.0  1697  14  5.7 1543  16  7.8 1548  21.4  27.9 1418  14.4  511  17.3  28.1  10.9  79.0  57.0 1426  20.0  -9.0  -9.0 -9.00 1008.9 1014.0 1015.9  708 1012.1 1708  8.4  7.4 14.3 -9.0 -9.00 -9.00   -9   10.2   -9.0 -9.00    5.3 2221    1.4 2338   -9.0   -9   -9.0   -9   -9.0   -9 -99.0 -99.0 -99.0 -99.0 -99.0
20260601 261  3.0  2579  14  7.9 1746  11 10.6 1615  21.5  28.5 1342  14.6  448  17.8  25.3  11.2  80.6  59.0 1347  20.5  -9.0  -9.0 -9.00 1012.1 1014.0 1015.9  930 1012.1 2400  8.3  6.6 14.3 -9.0 -9.00 -9.00   -9   11.8   -9.0 -9.00    5.9 2251    1.3 2315   -9.0   -9   -9.0   -9   -9.0   -9 -99.0 -99.0 -99.0 -99.0 -99.0
20260601 262  1.4  1227  18  4.9 1614  20  7.4 1640  21.8  29.5 1456  13.6  233  17.0  24.8  15.7  77.0  43.0 1423  19.5   4.8   3.4 -9.00 1008.2 1014.3 1016.0  753 1012.5 1640  8.3  6.5 14.3 -9.0 20.03  2.55 1100   14.7   -9.0 -9.00    6.8 2229    2.0 2248   -9.0   -9   -9.0   -9   -9.0   -9 -99.0 -99.0 -99.0 -99.0 -99.0
20260601 263  2.0  1701  23  5.4 1330  23  9.4 1614  22.8  31.1 1553  13.9  410  14.5  27.2  11.6  62.4  33.0 1521  16.6   7.3   5.1 -9.00 1012.5 1014.1 1016.4  841 1011.7 1711  7.3  8.7 14.4 -9.0 25.09  3.41 1300    0.2   -9.0 -9.00    1.1 2312    0.6 2356   -9.0   -9   -9.0   -9   -9.0   -9 -99.0 -99.0 -99.0 -99.0 -99.0
20260601 264  1.2  1006  18  3.1 1717  11  7.5 1424  22.4  31.1 1552  12.7  442  12.6  25.3  11.5  57.1  33.0 1228  14.6   6.9   4.9 -9.00  996.5 1014.0 1017.1  749 1010.7 1721  7.6  7.7 14.4 -9.0 25.36  3.77 1100   -9.0   -9.0 -9.00   -9.0   -9   -9.0   -9   -9.0   -9   -9.0   -9   -9.0   -9 -99.0 -99.0 -99.0 -99.0 -99.0
20260601 266  1.2  1014  11  3.4 1855  11  6.7 1748  23.3  29.4 1343  17.8  415  16.5  27.6  13.9  68.3  44.0 1459  18.9   5.8   4.1 -9.00 1004.5 1014.7 1016.7  824 1012.7 1751  7.5  8.4 14.4 -9.0 24.20  3.30 1300    6.8   -9.0 -9.00    4.8 2251    1.1 2302   -9.0   -9   -9.0   -9   -9.0   -9 -99.0 -99.0 -99.0 -99.0 -99.0
20260601 268  1.8  1541  14  5.8 1804  14 10.7 1746  20.6  27.4 1252  13.3  535  17.4  22.8  13.4  83.1  60.0 1353  20.1  -9.0  -9.0 -9.00 1011.3 1012.4 1014.5 1056 1010.6 1810  8.6  5.8 14.3 -9.0 -9.00 -9.00   -9   10.3   -9.0 -9.00    5.1 2251    1.2 2141   -9.0   -9   -9.0   -9   -9.0   -9 -99.0 -99.0 -99.0 -99.0 -99.0
20260601 271  0.9   787  20  2.9 1332  18  5.7 1436  19.7  28.5 1551  11.3  505  12.5  24.5   9.2  67.3  30.0 1404  14.6  -9.0  -9.0 -9.00  977.1 1014.4 1016.8  729 1011.4 1744  7.8  4.9 14.5 -9.0 -9.00 -9.00   -9   -9.0   -9.0 -9.00   -9.0   -9   -9.0   -9   -9.0   -9   -9.0   -9   -9.0   -9 -99.0 -99.0 -99.0 -99.0 -99.0
20260601 272  1.3  1139  29  3.7 1736  32  5.5 1716  21.2  28.5 1529  14.2  506  13.5  26.7  11.7  63.8  41.0 1424  15.5  -9.0  -9.0 -9.00  989.4 1013.7 1016.4  831 1011.1 1742  8.3  5.4 14.5 -9.0 -9.00 -9.00   -9   -9.0   -9.0 -9.00   -9.0   -9   -9.0   -9   -9.0   -9   -9.0   -9   -9.0   -9 -99.0 -99.0 -99.0 -99.0 -99.0
20260601 273  1.1   973  14  3.7 1427  16  7.1 1423  22.4  30.0 1521  14.3  440  14.6  26.4  11.3  63.4  43.0 2128  16.8  -9.0  -9.0 -9.00  993.1 1013.0 1015.7  758 1010.3 1715  7.8  6.7 14.5 -9.0 -9.00 -9.00   -9   -9.0   -9.0 -9.00   -9.0   -9   -9.0   -9   -9.0   -9   -9.0   -9   -9.0   -9 -99.0 -99.0 -99.0 -99.0 -99.0
20260601 276  1.1   932  29  3.5 1153  34  6.6 1210  21.7  30.5 1350  12.1  435  13.3  27.3   8.4  64.5  27.0 1352  15.5   6.2   4.4 -9.00  989.2 1013.2 1015.9  839 1010.4 1637  7.9  6.8 14.5 -9.0 22.61  3.19 1100   -9.0   -9.0 -9.00   -9.0   -9   -9.0   -9   -9.0   -9   -9.0   -9   -9.0   -9 -99.0 -99.0 -99.0 -99.0 -99.0
20260601 277  2.1  1856  29  4.5 1235  27  8.4 1234  23.0  31.3 1315  14.6  457  13.7  30.4  13.1  58.4  26.0 1235  15.9  -9.0  -9.0 -9.00 1008.4 1013.1 1015.0  832 1011.4 1615  7.3  7.9 14.5 -9.0 -9.00 -9.00   -9   -9.0   -9.0 -9.00   -9.0   -9   -9.0   -9   -9.0   -9   -9.0   -9   -9.0   -9 -99.0 -99.0 -99.0 -99.0 -99.0
20260601 278  0.8   653  27  2.4 1424  23  4.7 1620  22.8  31.6 1615  13.6  418  14.3  27.5  10.0  63.8  30.0 1303  16.4  -9.0  -9.0 -9.00 1003.2 1012.6 1015.5  826 1009.7 1740  8.0  6.6 14.5 -9.0 -9.00 -9.00   -9   -9.0   -9.0 -9.00   -9.0   -9   -9.0   -9   -9.0   -9   -9.0   -9   -9.0   -9 -99.0 -99.0 -99.0 -99.0 -99.0
20260601 279  1.2  1068  11  3.7 2300  11  6.4 2255  25.0  31.7 1448  16.7  350  14.0  31.0  13.3  53.0  28.0 1244  16.2   6.4   4.5 -9.00 1007.5 1013.1 1015.9  806 1010.5 1720  7.8  6.5 14.5 -9.0 22.51  3.26 1400   -9.0   -9.0 -9.00   -9.0   -9   -9.0   -9   -9.0   -9   -9.0   -9   -9.0   -9 -99.0 -99.0 -99.0 -99.0 -99.0
20260601 281  1.2  1078  27  3.8 1244  27  7.8 1458  22.8  30.8 1431  13.5  450  14.9  28.7  10.0  63.5  42.0 1040  17.2  -9.0  -9.0 -9.00 1003.1 1014.2 1016.9  752 1011.2 1818  7.3  7.3 14.4 -9.0 -9.00 -9.00   -9   -9.0   -9.0 -9.00   -9.0   -9   -9.0   -9   -9.0   -9   -9.0   -9   -9.0   -9 -99.0 -99.0 -99.0 -99.0 -99.0
20260601 283  2.1  1791  18  4.1 1622  20  6.8 1648  23.1  32.4 1526  13.8  440  15.2  27.5   8.7  63.1  40.0 1528  17.5   6.7   4.7 -9.00 1009.4 1014.0 1016.4  851 1011.4 1542  7.3  7.7 14.4 -9.0 23.75  3.19 1300   -9.0   -9.0 -9.00   -9.0   -9   -9.0   -9   -9.0   -9   -9.0   -9   -9.0   -9 -99.0 -99.0 -99.0 -99.0 -99.0
20260601 284  1.4  1217  14  4.5 1710  16  6.5 1329  22.0  30.4 1414  12.4  516  16.0  27.8   9.4  70.3  47.0 1419  18.4   6.1   4.2 -9.00  986.6 1012.8 1016.0  754 1009.4 1730  6.5  8.8 14.4 -9.0 24.82  3.17 1400   -9.0   -9.0 -9.00   -9.0   -9   -9.0   -9   -9.0   -9   -9.0   -9   -9.0   -9 -99.0 -99.0 -99.0 -99.0 -99.0
20260601 285  1.2  1046  18  2.8 1252  18  5.8 1636  23.0  30.8 1543  13.8  423  16.3  29.2  12.5  68.5  48.0 1508  18.7  -9.0  -9.0 -9.00 1011.0 1014.1 1016.6  745 1011.3 1712  6.3  8.8 14.4 -9.0 -9.00 -9.00   -9   -9.0   -9.0 -9.00   -9.0   -9   -9.0   -9   -9.0   -9   -9.0   -9   -9.0   -9 -99.0 -99.0 -99.0 -99.0 -99.0
20260601 288  1.5  1304  18  4.4 1925  20  7.7 1923  23.8  31.9 1601  15.7  408  15.7  26.8  15.5  62.5  43.0 1521  17.9   6.4   4.5 -9.00 1011.9 1012.9 1015.1  730 1010.1 1544  8.1  8.2 14.4 -9.0 23.84  3.32 1300   -9.0   -9.0 -9.00   -9.0   -9   -9.0   -9   -9.0   -9   -9.0   -9   -9.0   -9 -99.0 -99.0 -99.0 -99.0 -99.0
20260601 289  1.6  1384   5  4.6 1956  11  9.0 1928  22.1  30.3 1519  13.6  509  16.1  28.8  10.8  71.1  49.0 1456  18.4  -9.0  -9.0 -9.00  998.8 1014.8 1017.6  730 1011.8 1659  6.9  8.0 14.4 -9.0 -9.00 -9.00   -9    0.0   -9.0 -9.00    0.0   -9    0.0   -9   -9.0   -9   -9.0   -9   -9.0   -9 -99.0 -99.0 -99.0 -99.0 -99.0
20260601 294  1.2  1006  18  4.4 1858  20  7.6 1836  22.5  28.6 1300  17.0  401  16.3  30.3  12.4  69.5  50.0 1447  18.8  -9.0  -9.0 -9.00 1009.8 1015.0 1017.1  926 1013.4 1643  8.1  7.9 14.4 -9.0 -9.00 -9.00   -9    6.3   -9.0 -9.00    2.8 2122    1.1 2121   -9.0   -9   -9.0   -9   -9.0   -9 -99.0 -99.0 -99.0 -99.0 -99.0
20260601 295  1.1   920  20  3.2 1826  20  5.9 1816  22.2  28.7 1334  17.6  347  16.6  27.5  12.5  72.0  44.0 1651  19.1  -9.0  -9.0 -9.00 1009.2 1014.5 1016.5  844 1012.8 1723  7.9  7.1 14.3 -9.0 -9.00 -9.00   -9    8.0   -9.0 -9.00    4.3 2246    1.2 2329   -9.0   -9   -9.0   -9   -9.0   -9 -99.0 -99.0 -99.0 -99.0 -99.0
20260601 296  1.9  1626  16  5.8 1322  18  9.3 1414  23.3  30.0 1411  15.5  421  17.3  24.5  10.1  71.5  46.0  929  20.0   6.6   4.6 -9.00 1013.3 1013.7 1015.4  729 1011.7 1534  8.5  9.2 14.4 -9.0 25.58  3.69 1200    0.0   -9.0  0.60    0.0   -9    0.0   -9   -9.0   -9   -9.0   -9   -9.0   -9 -99.0 -99.0 -99.0 -99.0 -99.0
20260602  90  1.7  1508  14  4.8 1221  14  7.5 1348  21.1  28.9 1229  16.9  300  15.4  27.5  12.5  71.6  30.0 1233  17.8   7.6   5.3 -9.00 1004.5 1006.5 1011.4    5 1003.0 2359  1.9 13.5 14.7 -9.0 29.56  3.41 1200   -9.0   -9.0 -9.00   -9.0   -9   -9.0   -9   -9.0   -9   -9.0   -9   -9.0   -9 -99.0 -99.0 -99.0 -99.0 -99.0
20260602  93  0.7   632  23  2.5 1640  20  4.6 1358  23.3  32.5 1613  13.7  523  15.7  30.8  11.9  67.6  25.0 1532  17.9   8.1   5.7 -9.00  996.2 1007.2 1013.8   18 1002.8 1842  1.8 12.7 14.6 -9.0 29.61  3.43 1300   -9.0   -9.0 -9.00   -9.0   -9   -9.0   -9   -9.0   -9   -9.0   -9   -9.0   -9  22.6  20.7  17.8  14.0  12.6
20260602  95  1.2   999  34  3.5 1534  34  6.5 1656  22.1  30.4 1519  12.6  516  14.9  27.3   9.3  67.5  42.0 1551  17.1   8.3   5.8 -9.00  989.7 1007.5 1014.1    1 1003.5 1829  0.0 13.1 14.7 -9.0 30.25  3.59 1200   -9.0   -9.0 -9.00   -9.0   -9   -9.0   -9   -9.0   -9   -9.0   -9   -9.0   -9 -99.0 -99.0 -99.0 -99.0 -99.0
20260602  98  0.6   520   2  1.4 1254  36  3.6 1551  23.1  31.6 1444  12.8  518  14.1  29.6  10.1  59.6  37.0 1417  16.3   7.8   5.5 -9.00  993.5 1006.7 1013.3    1 1003.0 1834  0.1 12.0 14.6 -9.0 28.72  3.52 1200   -9.0   -9.0 -9.00   -9.0   -9   -9.0   -9   -9.0   -9   -9.0   -9   -9.0   -9 -99.0 -99.0 -99.0 -99.0 -99.0
20260602  99  1.0   850   7  2.5  634   7  6.6  656  22.1  30.5 1610  12.1  239  15.7  25.6   8.6  70.8  45.0 1521  18.0   7.6   5.3 -9.00 1004.0 1007.5 1013.8    7 1003.8 1835  0.6 12.5 14.6 -9.0 28.94  3.51 1200   -9.0   -9.0 -9.00   -9.0   -9   -9.0   -9   -9.0   -9   -9.0   -9   -9.0   -9 -99.0 -99.0 -99.0 -99.0 -99.0
20260602 100  1.2  1030   9  3.3 1508   9  6.2 1440  18.9  26.8 1359  10.3  504  13.0  23.6   6.3  72.4  37.0 1137  15.2   6.7   4.7 -9.00  921.4 1007.3 1014.4  114 1002.9 1707  5.6 11.8 14.6 -9.0 25.71  3.11 1100   -9.0   -9.0 -9.00   -9.0   -9   -9.0   -9   -9.0   -9   -9.0   -9   -9.0   -9 -99.0 -99.0 -99.0 -99.0 -99.0
20260602 101  1.5  1314  32  3.3  343  32  5.0  424  23.3  32.3 1513  14.5  517  15.1  29.5  10.5  64.6  33.0 1515  17.3   8.2   5.7 -9.00  997.5 1006.1 1012.9    8 1001.7 1849  1.8 12.6 14.6 -9.0 28.89  3.40 1300   -9.0   -9.0 -9.00   -9.0   -9   -9.0   -9   -9.0   -9   -9.0   -9   -9.0   -9  21.8  18.5  16.5  14.5  15.1
20260602 102  2.0  1738  32  3.1 1704  36  7.5 1322  19.3  25.0 1449  15.3  120  15.9  25.0  12.6  81.8  65.0 1450  18.1   2.5   1.7  2.17   -9.0   -9.0   -9.0   -9   -9.0   -9  4.0  6.7 14.6 -9.0 22.47  3.25 1300   -9.0   -9.0 -9.00   -9.0   -9   -9.0   -9   -9.0   -9   -9.0   -9   -9.0   -9 -99.0 -99.0 -99.0 -99.0 -99.0
20260602 104  1.2  1033   9  3.2 1312  11  7.5 1444  23.5  29.1 1158  18.4  453  16.2  28.0  11.7  65.9  41.0  118  18.9   6.7   4.7 -9.00  996.7 1005.3 1010.4    1 1002.3 1858  5.3 13.3 14.6 -9.0 26.04  3.07 1200   -9.0   -9.0 -9.00   -9.0   -9   -9.0   -9   -9.0   -9   -9.0   -9   -9.0   -9  22.0  18.9  16.7  13.4  13.1
20260602 105  1.5  1283  11  3.4 1357   9  6.6 1445  25.4  30.6 1404  20.3  527  14.5  30.9  13.8  52.1  35.0  117  16.8   6.7   4.7 -9.00 1003.0 1006.1 1011.3   14 1002.9 2358  5.5 11.9 14.6 -9.0 23.79  2.90 1200   -9.0   -9.0 -9.00   -9.0   -9   -9.0   -9   -9.0   -9   -9.0   -9   -9.0   -9  22.7  19.6  18.1  15.0  14.5
20260602 106  1.7  1489  14  5.3 1629  14  8.2 1621  23.0  27.6 1600  19.1  406  15.6  29.3  13.4  64.3  43.0  256  18.0   5.4   3.8 -9.00 1002.2 1006.9 1011.8    1 1003.8 2358  6.4  9.0 14.6 -9.0 20.84  2.55 1200   -9.0   -9.0 -9.00   -9.0   -9   -9.0   -9   -9.0   -9   -9.0   -9   -9.0   -9 -99.0 -99.0 -99.0 -99.0 -99.0
20260602 108  1.7  1497  25  3.7 1949  27  5.7 1945  25.4  31.8 1635  17.7  538  14.9  26.7  14.5  53.0  36.0 1607  17.1   7.2   5.0 -9.00  996.9 1006.6 1012.9    1 1003.1 1800  0.8  9.3 14.6 -9.0 24.20  3.52 1100   -9.0   -9.0 -9.00   -9.0   -9   -9.0   -9   -9.0   -9   -9.0   -9   -9.0   -9  21.7  19.2  18.0  14.6  13.6
20260602 112  2.1  1833  29  3.9 1347  32  7.2 1429  24.1  30.2 1605  18.1  533  17.0  26.4  13.4  66.5  49.0 1543  19.4   7.9   5.5 -9.00  998.8 1006.7 1012.6    1 1003.6 1809  0.5 12.9 14.6 -9.0 28.71  3.44 1200   -9.0   -9.0 -9.00   -9.0   -9   -9.0   -9   -9.0   -9   -9.0   -9   -9.0   -9  20.7  19.0  13.7  16.3  13.5
20260602 114  1.3  1132  32  3.2 1333  25  5.3 1533  23.6  30.6 1543  16.7  526  16.4  27.6  14.1  65.5  44.0 1217  18.8   6.2   4.3 -9.00  989.7 1006.8 1012.8    9 1003.4 1742  5.1  8.6 14.6 -9.0 22.48  3.15 1300   -9.0   -9.0 -9.00   -9.0   -9   -9.0   -9   -9.0   -9   -9.0   -9   -9.0   -9 -99.0 -99.0 -99.0 -99.0 -99.0
20260602 115  4.6  3985  23  8.7    7  23 15.2    7  20.9  22.5 1309  19.6 2031  18.2  21.8  16.3  84.9  75.0  159  20.9   2.8   2.0 -9.00  983.2 1008.5 1012.3    1 1004.1 2359  7.9  0.4 14.6 -9.0  7.54  1.00 1400   -9.0   -9.0 -9.00   -9.0   -9   -9.0   -9   -9.0   -9   -9.0   -9   -9.0   -9  19.4  16.2  15.3  12.4  13.1
20260602 119  1.8  1518  16  3.8 1310  23  6.7 1333  24.3  30.6 1440  16.7  320  14.5  31.0  14.3  55.9  38.0 1110  16.5   8.3   5.8 -9.00 1001.9 1006.4 1012.5    1 1003.4 1723  3.8 10.3 14.6 -9.0 26.67  3.46 1200   -9.0   -9.0 -9.00   -9.0   -9   -9.0   -9   -9.0   -9   -9.0   -9   -9.0   -9  21.6  18.7  16.4  12.9  12.6
20260602 121  1.3  1119  11  5.7 1443  11  8.4 1440  21.2  30.5 1303  14.6  539  15.1  26.8  12.9  70.6  46.0 1304  17.3   5.7   4.0 -9.00  980.4 1007.9 1013.7    1 1004.1 1823  6.8  7.0 14.6 -9.0 19.95  2.58 1200   -9.0   -9.0 -9.00   -9.0   -9   -9.0   -9   -9.0   -9   -9.0   -9   -9.0   -9 -99.0 -99.0 -99.0 -99.0 -99.0
20260602 127  1.1   912  16  4.1 1455  14  7.0 1501  22.3  28.9 1250  17.7  420  15.4  23.3  16.6  66.6  45.0 1152  17.6   5.3   3.7 -9.00  993.3 1006.5 1011.9   17 1003.5 1805  5.9  3.2 14.6 -9.0 16.87  2.69 1200   -9.0   -9.0 -9.00   -9.0   -9   -9.0   -9   -9.0   -9   -9.0   -9   -9.0   -9 -99.0 -99.0 -99.0 -99.0 -99.0
20260602 129  1.6  1340  25  3.6 1548  25  5.0 1547  23.9  30.1 1403  19.0  554  14.2  27.1  16.4  55.8  40.0 1007  16.2   7.2   5.1 -9.00 1003.9 1006.8 1012.8    1 1004.0 1753  4.8  7.6 14.5 -9.0 22.94  3.49 1200   -9.0   -9.0 -9.00   -9.0   -9   -9.0   -9   -9.0   -9   -9.0   -9   -9.0   -9  21.3  18.7  18.6  13.9  14.8
20260602 130  1.5  1300  16  3.4  940  20  7.7 1550  21.2  26.2 1623  18.2 2358  17.3  24.5  15.3  79.0  56.0 1623  19.7  -9.0  -9.0 -9.00 1002.0 1007.7 1012.0    1 1004.5 2359  7.5  3.1 14.6 -9.0 -9.00 -9.00   -9   -9.0   -9.0 -9.00   -9.0   -9   -9.0   -9   -9.0   -9   -9.0   -9   -9.0   -9 -99.0 -99.0 -99.0 -99.0 -99.0
20260602 131  1.7  1451  11  3.9 1528  23  6.8 1348  24.8  29.2 1529  20.9  627  15.5  26.6  19.2  56.8  44.0 1548  17.7   6.6   4.6 -9.00  999.7 1006.3 1011.9    1 1003.5 2354  6.0  5.2 14.5 -9.0 20.44  3.12 1200   -9.0   -9.0 -9.00   -9.0   -9   -9.0   -9   -9.0   -9   -9.0   -9   -9.0   -9 -99.0 -99.0 -99.0 -99.0 -99.0
20260602 133  1.7  1445  11  4.5 1648   9  7.1 1715  23.6  29.1 1505  20.0  522  17.0  26.6  18.2  67.4  52.0 1527  19.5   5.9   4.1 -9.00  999.0 1006.8 1012.2    1 1003.9 2355  6.3  5.5 14.5 -9.0 19.07  2.83 1400   -9.0   -9.0 -9.00   -9.0   -9   -9.0   -9   -9.0   -9   -9.0   -9   -9.0   -9  23.6  21.4  18.8  15.6  15.6
20260602 135  0.8   657   9  3.8 1524  14  6.7 1436  20.2  24.2 1414  16.1 2337  16.6  23.2  14.6  80.3  67.0 1806  18.9   3.1   2.2 -9.00  979.0 1007.1 1012.4   10 1004.3 2356  6.8  1.2 14.5 -9.0  9.31  1.69 1300    0.0   -9.0 -9.00    0.0   -9    0.0   -9   -9.0   -9   -9.0   -9   -9.0   -9 -99.0 -99.0 -99.0 -99.0 -99.0
20260602 136  0.7   624  14  3.9 1617  11  6.8 1558  21.8  26.2 1522  17.8 2317  17.2  26.2  15.8  75.9  58.0 1617  19.6   3.1   2.2 -9.00  992.0 1008.2 1012.9   14 1005.0 2357  7.0  0.9 14.5 -9.0 10.50  2.11 1400   -9.0   -9.0 -9.00   -9.0   -9   -9.0   -9   -9.0   -9   -9.0   -9   -9.0   -9 -99.0 -99.0 -99.0 -99.0 -99.0
20260602 137  0.4   380   5  1.7 1429   2  3.4 1428  21.4  26.1 1712  18.2 2359  17.5  24.4  15.5  79.1  66.0 1714  20.0   2.7   1.9 -9.00  995.4 1006.6 1011.4    1 1003.2 2356  7.1  0.4 14.5 -9.0  8.85  1.27 1400   -9.0   -9.0 -9.00   -9.0   -9   -9.0   -9   -9.0   -9   -9.0   -9   -9.0   -9 -99.0 -99.0 -99.0 -99.0 -99.0
20260602 138  2.1  1778  20  4.4  548  23  6.6  549  21.6  24.0    1  20.2 2357  18.2  22.3  19.2  82.1  57.0  218  21.0   1.9   1.4 -9.00 1006.8 1007.3 1012.1    1 1003.4 2400  9.0  0.0 14.5 -9.0  3.08  0.45 1600    6.8    6.7  9.83    1.9 1331    0.4 1150   -9.0   -9   -9.0   -9   -9.0   -9  21.5  18.4  17.2  15.4  15.7
20260602 140  1.4  1181  29  3.8 1750  32  5.5 1634  23.2  29.4 1551  19.9 2349  17.8  25.7  16.4  72.6  57.0 1311  20.4  -9.0  -9.0 -9.00 1004.1 1007.3 1012.9    1 1004.5 2326  6.5  4.1 14.5 -9.0 -9.00 -9.00   -9   -9.0   -9.0 -9.00   -9.0   -9   -9.0   -9   -9.0   -9   -9.0   -9   -9.0   -9 -99.0 -99.0 -99.0 -99.0 -99.0
20260602 143  1.5  1335  11  3.0  946  14  4.6  911  21.2  23.9    1  19.5 2356  18.3  23.0  17.2  84.3  62.0    1  21.0   2.2   1.5 -9.00 1000.8 1007.0 1012.4    1 1003.5 2357  7.8  0.5 14.5 -9.0  6.14  1.15 1600    7.6   -9.0  7.67    2.2 1237    0.6 1433   -9.0   -9   -9.0   -9   -9.0   -9 -99.0 -99.0 -99.0 -99.0 -99.0
20260602 146  1.4  1218   9  3.4 1519   9  5.8 1511  24.1  29.6 1608  21.0 2346  18.0  26.9  17.3  69.4  51.0 1536  20.6   4.3   3.0 -9.00  999.4 1006.3 1012.1    1 1003.7 1735  6.9  2.7 14.5 -9.0 13.01  2.67 1300    0.0   -9.0  0.07    0.0   -9    0.0   -9   -9.0   -9   -9.0   -9   -9.0   -9 -99.0 -99.0 -99.0 -99.0 -99.0
20260602 152  1.7  1462  23  4.3  231  36  7.6 1859  20.2  21.9   16  19.3 2047  18.7  22.2  19.0  91.3  68.0    1  21.5   1.7   1.2 -9.00  997.8 1007.2 1012.4    1 1002.6 2359  9.6  0.0 14.4 -9.0  3.74  0.66 1300   14.0   -9.0 14.42    2.4 1158    0.5  534   -9.0   -9   -9.0   -9   -9.0   -9 -99.0 -99.0 -99.0 -99.0 -99.0
20260602 155  1.5  1333   5  3.3 1522  18  6.4 1235  21.1  23.0 1907  19.5  327  19.3  22.6  18.9  90.1  76.0 1907  22.3   2.2   1.5 -9.00 1003.0 1007.0 1013.2    1 1002.8 2355  7.9  0.0 14.4 -9.0  5.31  0.86 1400   29.1   -9.0 16.25    4.4  832    1.0  911   -9.0   -9   -9.0   -9   -9.0   -9 -99.0 -99.0 -99.0 -99.0 -99.0
20260602 156  1.6  1370   5  4.1   25  14  6.6 1451  21.8  26.3 1620  19.8   30  19.7  24.7  16.1  88.5  71.0 1724  23.0   3.2   2.3 -9.00  997.3 1005.4 1011.6    1 1002.8 1805  6.8  3.3 14.4 -9.0 10.25  2.01 1400   14.3   -9.0 13.67    3.5  628    1.1  630   -9.0   -9   -9.0   -9   -9.0   -9 -99.0 -99.0 -99.0 -99.0 -99.0
20260602 159  2.4  2053   7  4.5 1819   5  9.0 1923  20.6  21.2 1650  20.1  225  19.0  21.3  18.0  91.0  81.0    6  22.0   2.2   1.6 -9.00  998.6 1006.6 1012.9    3 1002.2 2355  9.3  0.0 14.4 -9.0  4.67  0.57 1200   21.9    8.3 17.15    4.3  449    1.0  523   -9.0   -9   -9.0   -9   -9.0   -9  22.7  20.1  19.0  15.8  16.8
20260602 162  2.0  1698   5  4.8 1653   2  8.5 1650  20.4  21.8 1831  19.5  245  19.0  22.5  18.4  92.0  81.0 1851  22.0   2.2   1.5 -9.00 1002.5 1006.1 1012.4    7 1001.9 2353  9.0  0.3 14.4 -9.0  5.43  1.05 1400   44.1   -9.0 -9.00    5.5  425    1.3  841   -9.0   -9   -9.0   -9   -9.0   -9 -99.0 -99.0 -99.0 -99.0 -99.0
20260602 165  2.2  1889  14  5.8  750  14  8.4  750  21.2  24.5 1725  19.7  428  19.9  23.4  18.1  93.1  74.0 1822  23.2   2.7   1.9 -9.00 1001.5 1006.6 1012.3    1 1004.2 1821  7.0  1.2 14.4 -9.0  9.34  1.56 1400   23.8    6.3 12.52    6.7  701    1.4  711   -9.0   -9   -9.0   -9   -9.0   -9  22.5  20.3  18.0  15.9  14.8
20260602 168  4.3  3734   5  9.6 1814   9 14.1 1450  21.0  22.7 1732  19.5    5  18.5  21.8  19.7  86.8  71.0 2037  21.3   3.2   2.2 -9.00  999.2 1006.8 1013.0    1 1002.9 2351  7.5  1.9 14.3 -9.0  8.22  1.51 1600   74.7   27.6 14.23   11.2  516    3.0  543   -9.0   -9   -9.0   -9   -9.0   -9  23.4  20.4  18.2  16.1  16.5
20260602 169  3.8  3303   7  6.2  338   9  8.9  334  19.6  23.7 1457  17.7  848  18.4  23.7  18.5  93.3  79.0 1502  21.1   3.1   2.2 14.42  997.9 1006.6 1012.0    1 1004.7 1650  8.9  2.5 14.3 -9.0 12.40  2.88 1400   30.0   -9.0 10.97    7.7  313    2.2  331   -9.0   -9   -9.0   -9   -9.0   -9 -99.0 -99.0 -99.0 -99.0 -99.0
20260602 170  2.9  2541  14  6.8 1058  14 10.5 1005  20.9  23.0 1751  19.8    1  19.5  21.5  17.7  92.3  81.0 1751  22.6   2.0   1.4 -9.00 1002.6 1006.7 1012.2    1 1004.0 1752  7.3  0.2 14.3 -9.0  5.65  0.80 1300  120.6   -9.0 -9.00   23.0  633    6.5  655   -9.0   -9   -9.0   -9   -9.0   -9 -99.0 -99.0 -99.0 -99.0 -99.0
20260602 172  1.9  1684  11  5.0  716  29  7.1 1752  22.4  26.7 1650  19.3 2356  19.6  22.9  16.8  85.6  62.0 1536  22.9   3.9   2.7 -9.00 1000.1 1006.2 1012.0    1 1003.8 1740  6.9  3.8 14.4 -9.0 12.94  2.23 1300    0.7   -9.0 -9.00    0.6 1105    0.3 1126   -9.0   -9   -9.0   -9   -9.0   -9 -99.0 -99.0 -99.0 -99.0 -99.0
20260602 174  1.0   897  16  3.0 1019  16  5.9 1010  19.7  24.6 1710  17.3 2359  18.1  20.8  16.7  91.4  66.0 1819  20.7  -9.0  -9.0 -9.00  986.5 1005.5 1011.6    1 1002.2 2341  7.3  2.9 14.4 -9.0 -9.00 -9.00   -9   47.8   -9.0 -9.00    7.7  659    1.7  659   -9.0   -9   -9.0   -9   -9.0   -9 -99.0 -99.0 -99.0 -99.0 -99.0
20260602 177  1.3  1158  36  2.8 1533   7  4.3 1501  24.3  31.3 1651  19.1  519  17.2  29.5  17.3  66.3  43.0 1648  19.6   6.7   4.7 -9.00 1002.2 1005.4 1011.4    1 1002.4 1752  6.1  6.9 14.5 -9.0 22.40  3.29 1300   -9.0   -9.0 -9.00   -9.0   -9   -9.0   -9   -9.0   -9   -9.0   -9   -9.0   -9 -99.0 -99.0 -99.0 -99.0 -99.0
20260602 181  1.8  1528  16  4.6 1801  16  6.7 1756  23.0  28.8 1517  18.6  525  17.0  23.8  15.9  70.3  50.0 1613  19.4   6.1   4.3 -9.00 1003.1 1007.0 1012.5    1 1004.2 2354  5.8  6.1 14.5 -9.0 20.35  2.98 1200   -9.0   -9.0 -9.00   -9.0   -9   -9.0   -9   -9.0   -9   -9.0   -9   -9.0   -9 -99.0 -99.0 -99.0 -99.0 -99.0
20260602 184  3.2  2756   5  6.0    1  11 10.7 1242  21.4  24.6 1528  20.3 2400  18.3  23.2  19.6  83.3  66.0 1519  21.1   2.7   1.9 -9.00 1003.3 1005.7 1010.4    9 1003.7 1545  9.6  0.7 14.2 -9.0  8.39  2.20 1500   66.5   17.0 13.70   16.5  407    7.6  422   -9.0   -9   -9.0   -9   -9.0   -9  22.8  21.8  20.8  18.1  16.5
20260602 185  4.0  3491  23  8.3 1549   7 12.3 1731  21.7  26.9 1432  19.2 2358  19.3  23.7  19.6  86.9  63.0 1645  22.4   3.9   2.8 -9.00  996.2 1004.4 1010.1   16 1001.5 1642  9.9  0.9 14.2 -9.0 13.76  2.74 1300    0.7   -9.0 -9.00    0.3  830    0.2   -9   -9.0   -9   -9.0   -9   -9.0   -9 -99.0 -99.0 -99.0 -99.0 -99.0
20260602 188  4.0  3472   5  7.9 1026   5 14.6 1154  21.4  25.5 1427  20.4  357  19.4  21.7  19.3  89.0  70.0 1430  22.5  -9.0  -9.0 -9.00 1003.6 1005.9 1011.8    1 1003.6 1603  9.5  2.2 14.2 -9.0 -9.00 -9.00   -9   84.6   -9.0 -9.00   23.5  339    6.9  428   -9.0   -9   -9.0   -9   -9.0   -9 -99.0 -99.0 -99.0 -99.0 -99.0
20260602 189  3.5  3055   5  6.2 1434   9 12.9 1332  22.6  25.6 1724  21.0    1  19.1  23.3  20.5  81.5  62.0 1617  22.2   4.0   2.8 -9.00  999.5 1005.4 1011.4    1 1002.2 1657  9.5  2.3 14.2 -9.0 12.79  2.58 1400   21.9    2.3 13.00    7.7  303    6.0  317   -9.0   -9   -9.0   -9   -9.0   -9 -99.0 -99.0 -99.0 -99.0 -99.0
20260602 192  0.6   518  34  1.9 1517   5  4.8 1641  19.9  23.6 1622  17.7 2355  18.7  22.4  16.7  93.8  77.0 1630  21.6   2.3   1.6 -9.00 1003.8 1007.2 1013.4    1 1003.3 2355  7.9  1.5 14.4 -9.0  6.97  1.62 1500   33.4    6.2 -9.00    5.5  705    1.2  730   -9.0   -9   -9.0   -9   -9.0   -9 -99.0 -99.0 -99.0 -99.0 -99.0
20260602 201  1.7  1499  32  4.9 2207  32  7.7 2204  22.7  29.3 1458  12.9  106  15.1  26.2   7.3  64.5  42.0 1122  17.4  -9.0  -9.0 -9.00 1002.1 1007.6 1013.6    9 1004.4 1834  0.1 12.6 14.6 -9.0 -9.00 -9.00   -9   -9.0   -9.0 -9.00   -9.0   -9   -9.0   -9   -9.0   -9   -9.0   -9   -9.0   -9 -99.0 -99.0 -99.0 -99.0 -99.0
20260602 202  1.3  1118  16  3.8 1900  16  5.7 1902  23.5  30.0 1432  16.3  523  16.1  31.4  13.9  65.5  43.0 1433  18.3  -9.0  -9.0 -9.00 1001.7 1007.1 1013.1   12 1003.7 1848  3.9 11.1 14.6 -9.0 -9.00 -9.00   -9   -9.0   -9.0 -9.00   -9.0   -9   -9.0   -9   -9.0   -9   -9.0   -9   -9.0   -9 -99.0 -99.0 -99.0 -99.0 -99.0
20260602 203  1.0   859  16  3.2 1730  11  5.6 1642  23.7  31.1 1558  16.4  502  17.5  29.1  15.0  70.6  45.0 1202  20.0  -9.0  -9.0 -9.00  998.3 1007.5 1013.3    1 1004.2 1845  4.5  8.2 14.6 -9.0 -9.00 -9.00   -9   -9.0   -9.0 -9.00   -9.0   -9   -9.0   -9   -9.0   -9   -9.0   -9   -9.0   -9 -99.0 -99.0 -99.0 -99.0 -99.0
20260602 211  1.0   893  23  2.7 1557  23  5.0 1551  21.7  31.8 1610  12.3  424  13.6  27.8   7.5  64.9  31.0 1555  15.6  -9.0  -9.0 -9.00  983.9 1007.0 1014.2    1 1002.1 1746  1.8 10.6 14.7 -9.0 -9.00 -9.00   -9   -9.0   -9.0 -9.00   -9.0   -9   -9.0   -9   -9.0   -9   -9.0   -9   -9.0   -9 -99.0 -99.0 -99.0 -99.0 -99.0
20260602 212  0.8   715  29  2.8 1512  29  5.3 1512  23.0  31.7 1454  14.1  515  15.4  29.0  12.7  66.1  38.0 1503  17.6  -9.0  -9.0 -9.00  991.4 1007.4 1014.1    3 1003.3 1747  3.0 11.3 14.6 -9.0 -9.00 -9.00   -9   -9.0   -9.0 -9.00   -9.0   -9   -9.0   -9   -9.0   -9   -9.0   -9   -9.0   -9 -99.0 -99.0 -99.0 -99.0 -99.0
20260602 216  1.1   985  16  3.7 1330  18  7.7 1328  19.1  24.9 1250  14.0  505  13.3  22.4  13.3  70.5  55.0 1038  15.4   4.6   3.2 -9.00  928.1 1007.8 1014.4    1 1004.2 1751  6.8  3.4 14.6 -9.0 16.84  2.24 1500   -9.0   -9.0 -9.00   -9.0   -9   -9.0   -9   -9.0   -9   -9.0   -9   -9.0   -9 -99.0 -99.0 -99.0 -99.0 -99.0
20260602 217  1.1   942  20  4.8 1459  20  7.7 1450  20.5  30.7 1414  12.8  508  13.9  27.0  12.9  68.3  38.0 1305  16.1  -9.0  -9.0 -9.00  972.4 1008.0 1014.4   38 1003.8 1834  6.8  8.5 14.6 -9.0 -9.00 -9.00   -9   -9.0   -9.0 -9.00   -9.0   -9   -9.0   -9   -9.0   -9   -9.0   -9   -9.0   -9 -99.0 -99.0 -99.0 -99.0 -99.0
20260602 221  1.2  1028  20  3.3 1501  16  5.6 1433  20.8  26.9 1322  15.2  352  14.7  25.0  13.4  70.1  47.0 1129  16.9  -9.0  -9.0 -9.00  977.3 1007.5 1013.2    1 1004.1 1828  6.0  6.8 14.6 -9.0 -9.00 -9.00   -9   -9.0   -9.0 -9.00   -9.0   -9   -9.0   -9   -9.0   -9   -9.0   -9   -9.0   -9 -99.0 -99.0 -99.0 -99.0 -99.0
20260602 226  1.2  1036  14  4.0 1136  14  7.1 1130  21.0  25.4 1421  17.6  524  17.0  23.3  14.3  79.3  62.0 1652  19.5  -9.0  -9.0 -9.00  987.6 1007.2 1012.5    1 1004.4 2358  6.8  3.6 14.5 -9.0 -9.00 -9.00   -9   -9.0   -9.0 -9.00   -9.0   -9   -9.0   -9   -9.0   -9   -9.0   -9   -9.0   -9 -99.0 -99.0 -99.0 -99.0 -99.0
20260602 232  1.1   964   9  3.8 1649   9  6.8 1217  22.7  28.3 1341  17.5  502  17.4  25.3  16.3  74.0  52.0 1714  19.9  -9.0  -9.0 -9.00  997.7 1007.4 1013.2    1 1004.7 1744  5.8  5.3 14.5 -9.0 -9.00 -9.00   -9   -9.0   -9.0 -9.00   -9.0   -9   -9.0   -9   -9.0   -9   -9.0   -9   -9.0   -9 -99.0 -99.0 -99.0 -99.0 -99.0
20260602 235  1.1   991   5  2.7  728  25  4.3 1631  23.3  30.9 1524  19.3 2357  16.5  25.6  16.8  66.9  48.0 1528  18.9   5.2   3.6 -9.00 1005.0 1006.1 1011.8   10 1003.7 1907  5.3  4.3 14.5 -9.0 17.78  2.70 1200   -9.0   -9.0 -9.00   -9.0   -9   -9.0   -9   -9.0   -9   -9.0   -9   -9.0   -9 -99.0 -99.0 -99.0 -99.0 -99.0
20260602 236  0.9   809  36  2.7  227   9  4.6 1817  23.3  29.1 1643  18.9  539  17.7  26.9  17.1  71.9  54.0 1648  20.3  -9.0  -9.0 -9.00 1005.2 1006.8 1012.6    8 1004.1 2355  6.0  3.6 14.5 -9.0 -9.00 -9.00   -9   -9.0   -9.0 -9.00   -9.0   -9   -9.0   -9   -9.0   -9   -9.0   -9   -9.0   -9 -99.0 -99.0 -99.0 -99.0 -99.0
20260602 238  1.0   838   9  3.0 1521   9  5.5 1526  21.8  28.0 1511  18.0 2351  17.3  25.8  13.8  77.3  51.0 1537  19.7  -9.0  -9.0 -9.00  986.9 1006.3 1012.0    1 1003.8 1734  6.9  3.0 14.5 -9.0 -9.00 -9.00   -9   -9.0   -9.0 -9.00   -9.0   -9   -9.0   -9   -9.0   -9   -9.0   -9   -9.0   -9 -99.0 -99.0 -99.0 -99.0 -99.0
20260602 239  1.3  1086  14  3.3 1702  16  6.6 1702  23.0  28.9 1539  18.8  519  16.6  26.4  17.5  68.0  50.0 1648  18.9   5.8   4.1 -9.00  996.0 1006.2 1011.9    1 1003.6 1737  6.4  6.1 14.5 -9.0 20.25  2.94 1300   -9.0   -9.0 -9.00   -9.0   -9   -9.0   -9   -9.0   -9   -9.0   -9   -9.0   -9 -99.0 -99.0 -99.0 -99.0 -99.0
20260602 243  1.3  1148  14  3.1 1408  29  5.7 1856  23.3  28.4 1602  20.1 2356  17.9  26.2  16.2  72.6  52.0 1555  20.6  -9.0  -9.0 -9.00 1005.4 1006.8 1012.3   10 1004.1 2318  6.6  3.7 14.4 -9.0 -9.00 -9.00   -9   -9.0   -9.0 -9.00   -9.0   -9   -9.0   -9   -9.0   -9   -9.0   -9   -9.0   -9 -99.0 -99.0 -99.0 -99.0 -99.0
20260602 244  1.0   902  20  3.3 1626  20  6.9 1401  20.7  25.5 1612  17.0 2350  17.7  22.8  14.0  83.8  64.0 1551  20.2  -9.0  -9.0 -9.00  978.3 1006.5 1012.3    1 1003.8 2001  6.9  2.8 14.4 -9.0 -9.00 -9.00   -9    0.6   -9.0 -9.00    0.3  831    0.2   -9   -9.0   -9   -9.0   -9   -9.0   -9 -99.0 -99.0 -99.0 -99.0 -99.0
20260602 245  1.6  1402  11  3.7 1052  14  6.8 1046  23.4  28.6 1743  19.9 2358  18.3  25.8  16.4  74.0  55.0 1634  21.1   3.8   2.7 -9.00  998.6 1006.5 1012.1    1 1003.8 1808  6.8  3.5 14.4 -9.0 12.22  2.08 1500    0.0   -9.0 -9.00    0.0   -9    0.0   -9   -9.0   -9   -9.0   -9   -9.0   -9 -99.0 -99.0 -99.0 -99.0 -99.0
20260602 247  1.7  1444   7  5.1 1711   7  8.4 1708  20.8  24.7 1701  18.5 2344  18.8  23.1  17.3  89.8  69.0 1738  21.8  -9.0  -9.0 -9.00  991.2 1006.6 1012.5    3 1003.5 2005  7.1  3.2 14.4 -9.0 -9.00 -9.00   -9   12.1   -9.0 -9.00    3.5  114    1.2  142   -9.0   -9   -9.0   -9   -9.0   -9 -99.0 -99.0 -99.0 -99.0 -99.0
20260602 248  0.9   807  34  3.2  836   5  6.1 1609  19.7  23.7 1458  15.3 2342  17.1  22.2  12.5  85.9  68.0 1638  19.5  -9.0  -9.0 -9.00  961.0 1007.2 1012.9    4 1004.6 1846  6.9  1.4 14.4 -9.0 -9.00 -9.00   -9    1.9   -9.0 -9.00    1.2 1238    0.5 1303   -9.0   -9   -9.0   -9   -9.0   -9 -99.0 -99.0 -99.0 -99.0 -99.0
20260602 251 -9.0    -9  20  1.8 1925  20  2.8 1922 -99.0  23.8 1901  18.5 2353 -99.0 -99.0  18.1  -9.0  75.0 1901  -9.0  -9.0  -9.0 -9.00   -9.0   -9.0 1005.3 2112 1004.3 1905  6.5 -9.0 14.4 -9.0 -9.00 -9.00  900   -9.0   -9.0 -9.00   -9.0   -9   -9.0   -9   -9.0   -9   -9.0   -9   -9.0   -9 -99.0 -99.0 -99.0 -99.0 -99.0
20260602 252  1.1   911  36  3.0 1716  11  5.2 1431  21.9  26.3 1645  19.2 2342  18.8  23.9  16.4  83.5  65.0 1505  21.8   3.6   2.5 -9.00 1002.2 1006.5 1012.1    1 1004.0 1827  6.4  2.0 14.4 -9.0 12.36  2.29 1400    0.4   -9.0 -9.00    0.3 1038    0.2 1117   -9.0   -9   -9.0   -9   -9.0   -9 -99.0 -99.0 -99.0 -99.0 -99.0
20260602 253  1.1   917  11  3.8  714  14  6.6  708  20.6  21.5 1632  19.6  357  20.0  22.9  18.8  96.6  86.0  107  23.4   1.7   1.2 -9.00 1001.4 1007.7 1014.1    1 1003.5 2400  9.4  0.0 14.4 -9.0  3.59  0.68 1600   20.1   -9.0 -9.00    3.5 1058    1.0 1123   -9.0   -9   -9.0   -9   -9.0   -9 -99.0 -99.0 -99.0 -99.0 -99.0
20260602 254  1.0   893  14  2.5 1810  14  5.8 1753  21.0  26.4 1710  18.4 2343  17.9  22.7  16.3  83.8  58.0 1753  20.6   2.5   1.8 -9.00  992.2 1007.1 1013.1    1 1004.3 1753  6.4  2.5 14.4 -9.0  8.94  1.54 1400    7.8   -9.0 -9.00    2.1  713    0.6  713   -9.0   -9   -9.0   -9   -9.0   -9 -99.0 -99.0 -99.0 -99.0 -99.0
20260602 255  1.3  1132  32  3.4 2059  32  5.6 2020  21.5  23.2 1903  20.2  303  20.1  21.1  18.5  92.3  82.0 1901  23.5   1.9   1.3 -9.00 1001.0 1006.9 1013.0    1 1002.9 2400  8.6  0.0 14.4 -9.0  3.94  0.62 1300   23.7   -9.0 -9.00    4.2 1032    1.1 1040   -9.0   -9   -9.0   -9   -9.0   -9 -99.0 -99.0 -99.0 -99.0 -99.0
20260602 257  1.6  1399   5  4.1 1453   7  9.2 1406  21.5  22.2  107  20.3  358  20.4  22.3  19.3  93.9  82.0  127  24.0   1.8   1.3 -9.00 1006.4 1007.1 1013.2    3 1002.9 2358  8.5  0.0 14.4 -9.0  4.25  0.67 1600   15.8   -9.0 -9.00    2.4 1212    0.6 1046   -9.0   -9   -9.0   -9   -9.0   -9 -99.0 -99.0 -99.0 -99.0 -99.0
20260602 258  2.5  2153  11  5.8 1449  11  9.1 1441  21.5  25.6 1635  19.5  142  19.6  21.5  17.8  90.0  66.0 1648  22.9   3.2   2.2 -9.00 1007.0 1007.2 1013.3    3 1003.6 2354  7.0  2.3 14.4 -9.0  8.91  1.82 1600   77.2   -9.0 -9.00   14.4  237    4.4  325   -9.0   -9   -9.0   -9   -9.0   -9 -99.0 -99.0 -99.0 -99.0 -99.0
20260602 259  1.5  1321   9  3.5 1307  11  8.2 1010  21.2  25.0 1724  19.5  156  19.8  21.7  17.8  92.3  72.0 1726  23.1   2.5   1.8 -9.00 1004.5 1006.3 1012.3    1 1003.7 1749  7.6  1.3 14.3 -9.0  8.53  1.44 1300   85.2   -9.0 -9.00   17.0  603    6.2  634   -9.0   -9   -9.0   -9   -9.0   -9 -99.0 -99.0 -99.0 -99.0 -99.0
20260602 260  1.7  1502  16  5.4 1203  14  9.1 1237  21.3  25.9 1756  19.2 2338  19.5  21.5  17.1  90.1  70.0 1748  22.6  -9.0  -9.0 -9.00 1001.3 1006.3 1012.3    1 1003.6 1753  6.9  1.9 14.4 -9.0 -9.00 -9.00   -9   91.4   -9.0 -9.00   16.5  157    4.1  236   -9.0   -9   -9.0   -9   -9.0   -9 -99.0 -99.0 -99.0 -99.0 -99.0
20260602 261  3.4  2952   9  6.7 1115   9 10.6 1114  21.3  24.4 1816  19.7  159  19.8  22.5  18.3  91.3  77.0 1821  23.0  -9.0  -9.0 -9.00 1004.8 1006.7 1012.1    1 1004.2 1754  6.8  2.0 14.3 -9.0 -9.00 -9.00   -9  111.3   -9.0 -9.00   24.9  618    7.3  624   -9.0   -9   -9.0   -9   -9.0   -9 -99.0 -99.0 -99.0 -99.0 -99.0
20260602 262  1.7  1488   5  4.2 1823  11  8.4 1814  20.8  24.6 1713  17.7 2355  19.0  21.8  19.0  90.4  69.0 1753  22.0   2.7   1.9 -9.00 1000.6 1006.6 1012.7   13 1003.4 2013  7.6  2.4 14.3 -9.0  8.49  1.59 1700   94.0   -9.0 -9.00   15.8   28    4.5  208   -9.0   -9   -9.0   -9   -9.0   -9 -99.0 -99.0 -99.0 -99.0 -99.0
20260602 263  1.1   933   2  2.6 1543   7  4.7 1508  20.6  23.6 1615  18.4 2357  18.0  23.1  17.0  85.4  72.0 1850  20.6   2.2   1.6 -9.00 1005.6 1007.2 1013.2    1 1003.4 2355  7.5  0.2 14.4 -9.0  6.81  1.57 1500   24.0   -9.0 -9.00    3.3  854    0.9 -2359   -9.0   -9   -9.0   -9   -9.0   -9 -99.0 -99.0 -99.0 -99.0 -99.0
20260602 264  1.1   982  18  3.4  239  18  4.7  234  20.1  24.2 1904  16.9 2359  15.4  22.2  16.0  74.9  54.0   49  17.6   2.2   1.6 -9.00  990.1 1007.6 1013.3    1 1004.4 1930  7.6  0.9 14.4 -9.0  6.30  0.92 1500   10.6   -9.0 -9.00    2.1 1303    0.6  439   -9.0   -9   -9.0   -9   -9.0   -9 -99.0 -99.0 -99.0 -99.0 -99.0
20260602 266  1.4  1224   9  3.9 1633   7  9.0 1509  20.6  22.8 1605  19.4  225  19.4  22.4  17.2  94.0  75.0 1936  22.6   2.3   1.6 -9.00  997.1 1007.3 1013.3   34 1003.5 2359  8.1  0.0 14.4 -9.0  6.79  1.18 1400   39.2   -9.0 -9.00    6.8  557    1.5  632   -9.0   -9   -9.0   -9   -9.0   -9 -99.0 -99.0 -99.0 -99.0 -99.0
20260602 268  1.7  1439  14  5.6 1149  14 10.0 1215  20.7  23.8 1804  18.8 2334  19.4  21.1  18.6  93.1  76.0 1807  22.5  -9.0  -9.0 -9.00 1004.2 1005.3 1010.8   18 1003.0 1825  7.4  0.8 14.3 -9.0 -9.00 -9.00   -9  137.1   -9.0 -9.00   24.0  915    5.5  707   -9.0   -9   -9.0   -9   -9.0   -9 -99.0 -99.0 -99.0 -99.0 -99.0
20260602 271  0.9   757  16  2.5 1656  16  4.4 1656  19.4  25.1 1512  14.5 2359  14.8  23.8  11.3  76.5  57.0 1804  16.9  -9.0  -9.0 -9.00  971.2 1008.3 1013.6   11 1005.3 1812  6.9  0.8 14.6 -9.0 -9.00 -9.00   -9   -9.0   -9.0 -9.00   -9.0   -9   -9.0   -9   -9.0   -9   -9.0   -9   -9.0   -9 -99.0 -99.0 -99.0 -99.0 -99.0
20260602 272  1.2  1005  32  2.5    1  11  5.1 1705  20.8  25.5 1608  17.4  428  16.2  25.3  15.3  75.6  59.0 1611  18.4  -9.0  -9.0 -9.00  983.5 1007.7 1012.6   34 1004.3 2400  6.9  1.1 14.5 -9.0 -9.00 -9.00   -9   -9.0   -9.0 -9.00   -9.0   -9   -9.0   -9   -9.0   -9   -9.0   -9   -9.0   -9 -99.0 -99.0 -99.0 -99.0 -99.0
20260602 273  1.0   836  11  2.3 1105  11  3.7 1532  20.9  25.2 1532  17.3  456  16.9  24.3  14.1  78.5  65.0    1  19.3  -9.0  -9.0 -9.00  987.1 1006.9 1012.0    1 1003.5 2355  6.5  1.1 14.5 -9.0 -9.00 -9.00   -9   -9.0   -9.0 -9.00   -9.0   -9   -9.0   -9   -9.0   -9   -9.0   -9   -9.0   -9 -99.0 -99.0 -99.0 -99.0 -99.0
20260602 276  1.1   933  16  3.3 1520  14  6.4 1508  20.5  25.2 1608  15.6 2400  17.3  23.7  12.5  83.0  59.0 1611  19.7   2.9   2.1 -9.00  983.4 1007.3 1012.4    1 1004.3 2357  7.5  2.3 14.5 -9.0  9.35  1.61 1500   -9.0   -9.0 -9.00   -9.0   -9   -9.0   -9   -9.0   -9   -9.0   -9   -9.0   -9 -99.0 -99.0 -99.0 -99.0 -99.0
20260602 277  1.5  1312  11  3.6 1815  20  6.0 1359  21.1  24.9 1651  17.6 2316  17.3  24.5  15.3  79.4  59.0 1654  19.8  -9.0  -9.0 -9.00 1003.1 1007.8 1011.9    1 1004.2 2358  8.0  2.2 14.5 -9.0 -9.00 -9.00   -9   -9.0   -9.0 -9.00   -9.0   -9   -9.0   -9   -9.0   -9   -9.0   -9   -9.0   -9 -99.0 -99.0 -99.0 -99.0 -99.0
20260602 278  0.6   537  23  1.9 1525  25  3.4 1357  21.2  25.2 1744  16.9 2354  18.0  24.1  13.5  83.3  65.0 1744  20.6  -9.0  -9.0 -9.00  997.1 1006.5 1011.7    1 1003.3 2354  7.0  1.8 14.5 -9.0 -9.00 -9.00   -9    0.0   -9.0 -9.00    0.0   -9    0.0   -9   -9.0   -9   -9.0   -9   -9.0   -9 -99.0 -99.0 -99.0 -99.0 -99.0
20260602 279  1.1   944  11  2.8   13   9  4.8   21  22.0  25.7 1638  18.7 2338  17.1  25.7  15.5  74.4  56.0    1  19.5   2.7   1.9 -9.00 1001.4 1007.1 1012.2    1 1003.8 2400  7.1  0.3 14.5 -9.0  6.92  1.73 1400    0.0   -9.0 -9.00    0.0   -9    0.0   -9   -9.0   -9   -9.0   -9   -9.0   -9 -99.0 -99.0 -99.0 -99.0 -99.0
20260602 281  1.1   951  11  2.8 1414  11  4.5 1412  20.5  22.7 1710  18.2 2357  18.1  22.1  15.9  86.6  73.0 1653  20.7  -9.0  -9.0 -9.00  997.0 1008.2 1013.1    1 1004.4 2356  8.4  0.2 14.5 -9.0 -9.00 -9.00   -9    6.3   -9.0 -9.00    2.0 1233    0.5 1246   -9.0   -9   -9.0   -9   -9.0   -9 -99.0 -99.0 -99.0 -99.0 -99.0
20260602 283  2.1  1799  18  4.2  243  18  6.4  237  20.9  22.3    1  19.6  523  19.1  22.4  19.1  90.0  70.0    1  22.1   1.9   1.4 -9.00 1003.4 1008.0 1013.0    1 1003.9 2400  8.8  0.0 14.4 -9.0  4.24  0.65 1400    9.4   -9.0 -9.00    1.5  750    0.4  813   -9.0   -9   -9.0   -9   -9.0   -9 -99.0 -99.0 -99.0 -99.0 -99.0
20260602 284  1.1   930  16  2.9 1432  14  4.7 1513  20.0  23.3 1836  16.8 2359  17.8  21.5  14.5  88.0  75.0    5  20.5   2.0   1.4 -9.00  980.3 1006.5 1012.1    1 1003.3 1856  7.3  1.1 14.4 -9.0  5.61  0.96 1500    7.6   -9.0 -9.00    2.7 1336    0.8 1401   -9.0   -9   -9.0   -9   -9.0   -9 -99.0 -99.0 -99.0 -99.0 -99.0
20260602 285  0.5   439  32  1.4  325  23  3.9  200  20.5  23.3 1733  18.7 2400  19.7  22.6  18.8  95.9  77.0    3  23.0  -9.0  -9.0 -9.00 1004.4 1007.5 1013.4    1 1003.8 2358  7.8  0.5 14.4 -9.0 -9.00 -9.00   -9   12.8   -9.0 -9.00    3.1  732    0.9  744   -9.0   -9   -9.0   -9   -9.0   -9 -99.0 -99.0 -99.0 -99.0 -99.0
20260602 288  1.3  1121  14  3.0  240  23  5.9 2044  21.5  23.9 1644  19.8  508  19.2  21.8  19.7  87.4  71.0   23  22.3   2.1   1.5 -9.00 1004.9 1005.9 1011.9    1 1001.9 2400  8.4  0.5 14.4 -9.0  5.92  1.09 1600   13.5   -9.0 -9.00    2.5 1019    0.6 1040   -9.0   -9   -9.0   -9   -9.0   -9 -99.0 -99.0 -99.0 -99.0 -99.0
20260602 289  0.8   699   7  2.5 1005   5  5.4 1005  19.8  23.1 1820  17.8 2359  19.0  21.7  16.2  95.8  78.0    5  22.0  -9.0  -9.0 -9.00  992.1 1008.1 1014.0    1 1004.7 2355  7.8  0.0 14.4 -9.0 -9.00 -9.00   -9   19.5   -9.0 -9.00    5.1  637    1.2  644   -9.0   -9   -9.0   -9   -9.0   -9 -99.0 -99.0 -99.0 -99.0 -99.0
20260602 294  1.3  1125  11  2.9 1157   9  7.0 1514  20.3  21.5 2127  19.5  224  19.1  22.1  18.9  93.1  85.0 2125  22.1  -9.0  -9.0 -9.00 1002.3 1007.5 1013.6    1 1003.3 2359  8.6  0.0 14.4 -9.0 -9.00 -9.00   -9   37.1   -9.0 -9.00    6.0  433    1.2  214   -9.0   -9   -9.0   -9   -9.0   -9 -99.0 -99.0 -99.0 -99.0 -99.0
20260602 295  1.1   966  36  3.3 1544  34  6.1 1544  20.5  22.1 1842  19.5  122  19.2  22.3  18.6  92.8  83.0 1753  22.3  -9.0  -9.0 -9.00 1001.8 1007.1 1013.2   15 1003.3 2349  8.5  0.3 14.4 -9.0 -9.00 -9.00   -9   63.6   -9.0 -9.00    7.8  751    2.1  839   -9.0   -9   -9.0   -9   -9.0   -9 -99.0 -99.0 -99.0 -99.0 -99.0
20260602 296  1.7  1428   7  5.8 2143  16 10.7 2140  21.6  22.5 1701  20.6  327  20.0  22.0  18.6  90.5  86.0 2130  23.4   2.1   1.5 -9.00 1006.0 1006.3 1012.6    1 1002.1 2359  9.3  0.0 14.4 -9.0  4.47  0.59 1600   19.1   -9.0 15.40    2.7 1214    0.8  538   -9.0   -9   -9.0   -9   -9.0   -9 -99.0 -99.0 -99.0 -99.0 -99.0
20260603  90  1.7  1488  36  4.2 1336   2  6.1 1331  20.3  23.9 1033  17.6  250  17.5  26.9  15.4  84.8  64.0  833  20.0   4.6   3.2 -9.00 1002.9 1004.9 1006.5 2200 1002.3  107  5.1  8.7 14.7 -9.0 24.83  3.48 1100   -9.0   -9.0 -9.00   -9.0   -9   -9.0   -9   -9.0   -9   -9.0   -9   -9.0   -9 -99.0 -99.0 -99.0 -99.0 -99.0
20260603  93  0.7   635  23  2.9 1711  23  4.3 1705  24.3  31.8 1340  16.9  523  17.4  30.1  15.0  69.5  34.0 1457  19.9   5.9   4.1 -9.00  992.7 1003.6 1005.1  833 1001.7 1716  5.4 11.1 14.7 -9.0 23.99  3.26 1200   -9.0   -9.0 -9.00   -9.0   -9   -9.0   -9   -9.0   -9   -9.0   -9   -9.0   -9  23.7  20.7  18.1  14.1  12.6
20260603  95  0.9   756  29  2.1 1159  34  3.3  951  22.7  29.7 1329  15.1  523  15.6  25.4  12.0  68.0  20.0 1315  17.8   5.7   4.0 -9.00  986.6 1004.3 1005.4  532 1002.4 1643  5.8 11.0 14.7 -9.0 23.81  3.48 1200   -9.0    0.0 -9.00   -9.0   -9   -9.0   -9   -9.0   -9   -9.0   -9   -9.0   -9 -99.0 -99.0 -99.0 -99.0 -99.0
20260603  98  0.7   608  29  2.4 1805  27  5.1 1738  23.5  29.7 1241  16.2  519  15.1  28.1  12.8  61.8  34.0 1157  17.3   5.6   3.9 -9.00  990.6 1003.7 1004.7  759 1002.0 1726  5.3  9.3 14.6 -9.0 23.28  3.31 1100   -9.0   -9.0 -9.00   -9.0   -9   -9.0   -9   -9.0   -9   -9.0   -9   -9.0   -9 -99.0 -99.0 -99.0 -99.0 -99.0
20260603  99  0.7   611  34  2.4 1636  34  4.5 1751  22.5  29.0 1223  16.2  523  18.0  25.4  12.6  78.3  51.0 1254  20.7   4.9   3.4 -9.00 1001.0 1004.5 1005.4  747 1003.3 1607  5.5  7.2 14.7 -9.0 22.29  3.30 1100   -9.0   -9.0 -9.00   -9.0   -9   -9.0   -9   -9.0   -9   -9.0   -9   -9.0   -9 -99.0 -99.0 -99.0 -99.0 -99.0
20260603 100  1.7  1428   9  4.4 1306   7  6.9 1202  18.3  24.8  943  10.8  502  14.7  24.2   6.9  81.9  42.0 1026  16.8   6.0   4.2 -9.00  918.7 1004.4 1006.5  502 1002.3  943  5.0 10.4 14.6 -9.0 26.32  3.66 1200   -9.0   -9.0 -9.00   -9.0   -9   -9.0   -9   -9.0   -9   -9.0   -9   -9.0   -9 -99.0 -99.0 -99.0 -99.0 -99.0
20260603 101  1.2  1068  25  2.7 1311  27  5.0 1303  24.3  31.1 1420  17.0  508  16.7  28.9  13.1  66.0  34.0 1449  19.0   6.2   4.4 -9.00  994.0 1002.6 1004.0  549 1000.6 1717  4.8  9.1 14.7 -9.0 23.89  3.26 1200   -9.0   -9.0 -9.00   -9.0   -9   -9.0   -9   -9.0   -9   -9.0   -9   -9.0   -9  22.2  18.6  16.6  14.6  15.1
20260603 102  1.7  1475  29  4.2 1253  29  6.8 1250  19.5  24.0 1130  14.7  235  17.1  25.9  14.1  86.6  68.0 1131  19.5  -9.0  -9.0  1.42   -9.0   -9.0   -9.0   -9   -9.0   -9  7.1  5.0 14.7 -9.0 20.15  2.77 1100   -9.0   -9.0 -9.00   -9.0   -9   -9.0   -9   -9.0   -9   -9.0   -9   -9.0   -9 -99.0 -99.0 -99.0 -99.0 -99.0
20260603 104  1.1   927   5  2.7 1106  36  5.4 1150  21.3  26.3 1204  16.9  503  18.4  27.7  13.7  85.3  59.0 1152  21.2   5.2   3.6 -9.00  995.0 1003.6 1005.5 2329 1001.4  119  5.1  9.6 14.6 -9.0 26.03  3.47 1100    0.8    2.2  1.25    0.9 2311    0.3 2345   -9.0   -9   -9.0   -9   -9.0   -9  22.5  19.1  16.8  13.4  13.2
20260603 105  1.3  1084  32  3.3 1217  36  5.7 1209  22.3  27.2 1133  19.6  533  17.6  30.8  15.3  76.3  46.0 1155  20.1   5.2   3.6 -9.00 1001.4 1004.5 1006.4 2330 1002.2  117  4.9  9.0 14.6 -9.0 23.06  3.37 1200    0.3   -9.0 -9.00    0.3 2249    0.2 2339   -9.0   -9   -9.0   -9   -9.0   -9  23.2  19.8  18.2  15.0  14.5
20260603 106  1.5  1324   5  2.6 1111  11  5.0 1200  21.1  25.2  758  17.8  526  18.4  30.9  13.4  85.4  63.0  759  21.2   5.1   3.6 -9.00 1000.3 1005.0 1006.3 2350 1003.0  214  5.4  9.3 14.6 -9.0 25.74  3.41 1100   -9.0   -9.0 -9.00   -9.0   -9   -9.0   -9   -9.0   -9   -9.0   -9   -9.0   -9 -99.0 -99.0 -99.0 -99.0 -99.0
20260603 108  2.0  1691  25  3.8 1719  32  6.3 2145  25.5  30.8 1336  20.7  604  16.5  26.7  15.6  59.0  40.0 1211  18.8   7.0   4.9 -9.00  993.9 1003.6 1004.4  732 1002.4 1705  4.9  8.3 14.6 -9.0 23.85  3.59 1100   -9.0   -9.0 -9.00   -9.0   -9   -9.0   -9   -9.0   -9   -9.0   -9   -9.0   -9  22.1  19.3  18.1  14.6  13.6
20260603 112  1.9  1647  25  4.3 1639  25  5.8 1633  23.8  28.1 1219  20.6  510  18.3  25.9  15.6  72.3  55.0 1156  21.0   5.4   3.8 -9.00  996.0 1003.8 1004.6  749 1002.9 1731  5.4  7.8 14.6 -9.0 22.85  3.22 1100   -9.0    0.0 -9.00   -9.0   -9   -9.0   -9   -9.0   -9   -9.0   -9   -9.0   -9  21.1  19.1  13.8  16.4  13.4
20260603 114  1.2  1052  27  3.1 1514  27  5.7 1511  25.0  31.3 1315  18.3  510  16.7  28.7  14.8  63.0  38.0 1235  19.0   6.4   4.5 -9.00  986.3 1003.2 1004.4  617 1001.6 1739  4.0  9.1 14.6 -9.0 23.91  3.34 1200   -9.0   -9.0 -9.00   -9.0   -9   -9.0   -9   -9.0   -9   -9.0   -9   -9.0   -9 -99.0 -99.0 -99.0 -99.0 -99.0
20260603 115  2.4  2094   5  5.0  337   2  8.1  357  21.6  25.8 1039  18.8 2305  18.4  29.6  15.6  82.9  64.0 1447  21.2   5.6   3.9 -9.00  979.7 1004.9 1006.8 2330 1003.4  312  5.5 10.4 14.6 -9.0 26.74  3.35 1100   -9.0   -9.0 -9.00   -9.0   -9   -9.0   -9   -9.0   -9   -9.0   -9   -9.0   -9  19.4  16.4  15.4  12.4  13.1
20260603 119  1.6  1361  29  3.7 1540  32  7.2 1602  23.4  30.0 1331  18.1  526  16.5  28.6  15.8  66.9  43.0 1246  18.8   6.1   4.3 -9.00  999.0 1003.5 1004.6  757 1002.4 1721  4.8  8.6 14.6 -9.0 22.32  3.18 1100   -9.0   -9.0 -9.00   -9.0   -9   -9.0   -9   -9.0   -9   -9.0   -9   -9.0   -9  22.3  18.8  16.6  13.0  12.6
20260603 121  1.1   975  20  3.3 1738  18  5.6 1732  23.7  33.5 1326  15.6  433  16.9  29.0  11.9  70.0  35.0 1223  19.2   6.4   4.4 -9.00  976.7 1003.8 1005.8  840 1001.3 1503  4.3  6.1 14.6 -9.0 22.22  3.54 1100   -9.0   -9.0 -9.00   -9.0   -9   -9.0   -9   -9.0   -9   -9.0   -9   -9.0   -9 -99.0 -99.0 -99.0 -99.0 -99.0
20260603 127  1.0   875  18  2.6 1651  23  4.5 1514  24.5  31.3 1349  17.0  521  16.3  26.4  14.6  64.4  35.0 1554  18.6   6.8   4.8 -9.00  989.8 1002.8 1004.3  831 1001.2 1704  4.6  8.2 14.6 -9.0 24.37  3.63 1200   -9.0   -9.0 -9.00   -9.0   -9   -9.0   -9   -9.0   -9   -9.0   -9   -9.0   -9 -99.0 -99.0 -99.0 -99.0 -99.0
20260603 129  1.5  1259  32  3.7 1401  34  5.6 1358  23.5  29.7 1310  18.4  536  17.0  27.9  15.4  69.1  45.0 1225  19.4   5.7   4.0 -9.00 1001.2 1004.1 1005.2  758 1003.1 1707  5.5  8.9 14.5 -9.0 22.07  3.31 1100   -9.0   -9.0 -9.00   -9.0   -9   -9.0   -9   -9.0   -9   -9.0   -9   -9.0   -9  21.7  18.8  18.7  13.9  14.7
20260603 130  1.9  1646  18  3.8  953  16  4.9  938  20.3  24.9  842  16.2  459  18.1  27.7  13.9  88.1  62.0  829  20.8  -9.0  -9.0 -9.00  999.4 1005.0 1006.3 2351 1003.5  117  5.1 10.8 14.6 -9.0 -9.00 -9.00   -9   -9.0   -9.0 -9.00   -9.0   -9   -9.0   -9   -9.0   -9   -9.0   -9   -9.0   -9 -99.0 -99.0 -99.0 -99.0 -99.0
20260603 131  1.2   996   9  3.3 1211   9  6.1 1220  26.0  31.6 1535  20.3  520  16.6  28.5  17.3  57.9  37.0 1341  18.8   7.0   4.9 -9.00  996.6 1003.2 1004.6  831 1001.7 1747  4.9  8.8 14.5 -9.0 24.48  3.63 1200   -9.0   -9.0 -9.00   -9.0   -9   -9.0   -9   -9.0   -9   -9.0   -9   -9.0   -9 -99.0 -99.0 -99.0 -99.0 -99.0
20260603 133  1.1   921  14  2.4 1217  11  4.6 1309  25.2  30.9 1417  18.4  502  18.4  27.5  16.4  68.4  38.0 1516  21.2   6.1   4.2 -9.00  996.1 1003.8 1005.0  825 1002.4 1750  6.6  8.0 14.5 -9.0 22.63  3.48 1200    0.0    0.1  0.07    0.0   -9    0.0   -9   -9.0   -9   -9.0   -9   -9.0   -9  23.8  21.5  19.2  16.0  15.8
20260603 135  1.0   850  27  5.2  917  27  7.0  912  23.0  29.4 1335  15.0  151  17.1  26.0  14.1  71.9  45.0 1426  19.6   5.9   4.1 -9.00  975.9 1003.5 1004.4  557 1002.1 1718  6.0  9.5 14.5 -9.0 24.29  3.25 1100   -9.0   -9.0 -9.00   -9.0   -9   -9.0   -9   -9.0   -9   -9.0   -9   -9.0   -9 -99.0 -99.0 -99.0 -99.0 -99.0
20260603 136  1.4  1232  14  3.8 1402  16  8.0 1355  23.4  31.0 1343  15.8  442  17.0  30.4  13.6  70.0  44.0 1358  19.4   6.9   4.8 -9.00  988.7 1004.8 1006.1 2353 1003.1 1503  5.3  7.1 14.5 -9.0 23.68  3.69 1200   -9.0   -9.0 -9.00   -9.0   -9   -9.0   -9   -9.0   -9   -9.0   -9   -9.0   -9 -99.0 -99.0 -99.0 -99.0 -99.0
20260603 137  0.6   533  14  1.8 1435  16  3.5 1427  23.6  31.1 1318  16.8  457  18.5  30.0  13.5  75.6  44.0 1435  21.3   6.1   4.2 -9.00  992.0 1003.0 1004.2  839 1001.5 1715  5.6  9.5 14.5 -9.0 24.76  3.42 1200   -9.0   -9.0 -9.00   -9.0   -9   -9.0   -9   -9.0   -9   -9.0   -9   -9.0   -9 -99.0 -99.0 -99.0 -99.0 -99.0
20260603 138  1.7  1510   5  3.9 1308   5  5.6 1356  22.3  25.1 1020  18.6  527  18.5  26.7  14.7  80.1  65.0 1031  21.3   5.9   4.1 -9.00 1003.7 1004.2 1005.5 2225 1002.7   59  6.5  9.5 14.5 -9.0 25.83  3.18 1300   -9.0   -9.0 -9.00   -9.0   -9   -9.0   -9   -9.0   -9   -9.0   -9   -9.0   -9 -99.0 -99.0 -99.0 -99.0 -99.0
20260603 140  1.8  1574  29  4.6 1405  29  6.9 1521  22.6  28.2 1231  17.8  518  18.5  27.8  15.3  78.5  58.0 1232  21.3  -9.0  -9.0 -9.00 1001.7 1004.9 1006.0  832 1004.0 1755  7.6  7.8 14.5 -9.0 -9.00 -9.00   -9   -9.0   -9.0 -9.00   -9.0   -9   -9.0   -9   -9.0   -9   -9.0   -9   -9.0   -9 -99.0 -99.0 -99.0 -99.0 -99.0
20260603 143  1.9  1610  11  4.1 1751  11  6.5 1744  23.6  29.8 1523  17.3  449  17.9  28.2  14.6  72.5  43.0 1516  20.5   7.0   4.9 -9.00  997.4 1003.6 1004.7 2341 1002.2 1521  6.5  8.4 14.5 -9.0 25.50  3.35 1100   -9.0   -9.0 -9.00   -9.0   -9   -9.0   -9   -9.0   -9   -9.0   -9   -9.0   -9 -99.0 -99.0 -99.0 -99.0 -99.0
20260603 146  1.6  1416  27  5.0 1607  27  8.9 1600  24.6  32.0 1438  19.0  531  17.5  30.4  15.5  66.5  41.0 1510  20.0   7.0   4.9 -9.00  997.1 1004.0 1005.2  750 1002.2 1517  7.5  8.7 14.5 -9.0 23.63  3.37 1200   -9.0   -9.0 -9.00   -9.0   -9   -9.0   -9   -9.0   -9   -9.0   -9   -9.0   -9 -99.0 -99.0 -99.0 -99.0 -99.0
20260603 152  1.7  1459   9  3.6 1204  20  6.8   46  22.2  26.5 1506  18.3  505  18.4  26.0  16.4  80.0  62.0 1259  21.1   4.9   3.4 -9.00  994.7 1004.0 1005.6 2234 1002.0   48  7.4  4.9 14.4 -9.0 19.43  2.87 1200   -9.0   -9.0 -9.00   -9.0   -9   -9.0   -9   -9.0   -9   -9.0   -9   -9.0   -9 -99.0 -99.0 -99.0 -99.0 -99.0
20260603 155  1.8  1595  16  5.1 1422  18  8.2 1446  22.6  28.0 1123  18.5  534  19.1  26.9  16.3  81.9  55.0 1126  22.1   6.2   4.4 -9.00 1000.5 1004.5 1005.9 2229 1002.3   33  5.5 11.7 14.4 -9.0 27.46  3.42 1100   -9.0   -9.0 -9.00   -9.0   -9   -9.0   -9   -9.0   -9   -9.0   -9   -9.0   -9 -99.0 -99.0 -99.0 -99.0 -99.0
20260603 156  1.7  1466  16  5.2 1748  18  7.7 1730  24.2  31.0 1444  18.6  600  19.1  28.5  15.5  75.0  51.0 1517  22.2   6.2   4.3 -9.00  995.1 1003.1 1004.4  725 1001.6 1605  6.1  9.2 14.4 -9.0 24.00  3.43 1200   -9.0   -9.0 -9.00   -9.0   -9   -9.0   -9   -9.0   -9   -9.0   -9   -9.0   -9 -99.0 -99.0 -99.0 -99.0 -99.0
20260603 159  2.2  1898  18  5.1 1436  16  7.4 1319  22.8  26.9  931  19.5  503  18.7  25.5  15.6  78.6  61.0  914  21.7   5.6   3.9 -9.00  996.2 1004.2 1005.7 2146 1001.5   49  6.4  8.3 14.4 -9.0 24.98  2.99 1200   -9.0   -9.0 -9.00   -9.0   -9   -9.0   -9   -9.0   -9   -9.0   -9   -9.0   -9  22.1  20.2  19.2  15.9  16.8
20260603 162  1.9  1651  20  4.6 1329  20  6.9 1322  21.8  26.4 1442  17.9  510  18.2  26.7  16.1  81.1  61.0 1445  20.9   5.7   4.0 -9.00 1000.3 1003.9 1005.4 2157 1001.4  100  6.0 11.0 14.4 -9.0 26.76  3.29 1300   -9.0   -9.0 -9.00   -9.0   -9   -9.0   -9   -9.0   -9   -9.0   -9   -9.0   -9 -99.0 -99.0 -99.0 -99.0 -99.0
20260603 165  2.2  1887   2  4.1  919  25  5.8 1308  22.1  26.8 1423  18.4  449  19.1  25.5  16.2  84.3  65.0 1429  22.1   5.7   4.0  1.18  999.6 1004.7 1005.8  821 1004.0 1405  7.0  8.7 14.4 -9.0 25.45  3.57 1200   -9.0   -9.0 -9.00   -9.0   -9   -9.0   -9   -9.0   -9   -9.0   -9   -9.0   -9  22.2  20.6  18.2  16.1  14.8
20260603 168  1.9  1673   5  4.9    2   2  7.3    6  22.4  25.7 1309  19.4  509  18.9  28.9  18.5  81.4  63.0 1618  21.9   5.5   3.8 -9.00  997.3 1004.8 1006.1 2144 1002.9    1  6.1 10.6 14.4 -9.0 25.74  3.47 1200   -9.0    0.0 -9.00   -9.0   -9   -9.0   -9   -9.0   -9   -9.0   -9   -9.0   -9  22.5  20.8  18.5  16.2  16.6
20260603 169  2.9  2479  32  5.9  407  32  7.9  327  20.6  24.8 1414  17.3 2203  17.3  27.3  17.9  82.4  66.0 1417  19.8   5.7   4.0 -9.00  996.0 1004.7 1005.7  804 1003.6 1954  7.6  8.7 14.4 -9.0 25.53  3.56 1200   -9.0   -9.0 -9.00   -9.0   -9   -9.0   -9   -9.0   -9   -9.0   -9   -9.0   -9 -99.0 -99.0 -99.0 -99.0 -99.0
20260603 170  1.8  1581  14  4.3 1600  14  6.6 1555  23.1  29.2 1306  19.1  422  18.7  25.5  16.3  77.9  58.0 1537  21.6   6.0   4.2 -9.00 1000.8 1004.8 1005.4  822 1003.9   11  7.1  8.3 14.3 -9.0 24.33  3.62 1200   -9.0   -9.0 -9.00   -9.0   -9   -9.0   -9   -9.0   -9   -9.0   -9   -9.0   -9 -99.0 -99.0 -99.0 -99.0 -99.0
20260603 172  1.7  1461  27  5.7 1543  27  7.4 1537  22.7  30.1 1329  16.9  442  18.5  25.8  14.0  79.1  48.0 1331  21.5   6.8   4.7 -9.00  997.9 1003.9 1005.4  814 1002.9 1416  6.4  8.0 14.4 -9.0 25.13  3.56 1200   -9.0   -9.0 -9.00   -9.0   -9   -9.0   -9   -9.0   -9   -9.0   -9   -9.0   -9 -99.0 -99.0 -99.0 -99.0 -99.0
20260603 174  1.6  1358  18  4.2 1244  18  6.4 1241  21.4  27.9 1407  15.4  450  17.0  27.2  14.7  78.0  49.0 1347  19.4  -9.0  -9.0 -9.00  984.2 1003.0 1004.1 2145 1001.9 1516  5.8  9.5 14.4 -9.0 -9.00 -9.00   -9   -9.0   -9.0 -9.00   -9.0   -9   -9.0   -9   -9.0   -9   -9.0   -9   -9.0   -9 -99.0 -99.0 -99.0 -99.0 -99.0
20260603 177  1.6  1348  25  3.5 1517  20  5.6 1502  24.6  30.6 1351  18.8  509  19.0  29.4  16.5  72.9  48.0 1204  22.0   6.1   4.3 -9.00  999.4 1002.6 1003.8  827 1001.4 1752  6.4  8.4 14.5 -9.0 22.32  3.28 1200   -9.0   -9.0 -9.00   -9.0   -9   -9.0   -9   -9.0   -9   -9.0   -9   -9.0   -9 -99.0 -99.0 -99.0 -99.0 -99.0
20260603 181  1.3  1082  32  3.2 1752  34  4.6 1752  24.3  31.1 1421  17.5  458  17.4  24.9  13.7  67.9  39.0 1424  19.8   6.6   4.6 -9.00 1000.0 1003.8 1005.2  756 1002.5 1723  5.9  9.1 14.5 -9.0 24.44  3.50 1200   -9.0   -9.0 -9.00   -9.0   -9   -9.0   -9   -9.0   -9   -9.0   -9   -9.0   -9 -99.0 -99.0 -99.0 -99.0 -99.0
20260603 184  1.9  1601  34  3.6 1216  34  4.8 1200  22.6  26.5 1211  20.0   45  18.6  26.3  18.5  78.9  59.0 1215  21.4   4.9   3.4 -9.00 1002.1 1004.5 1005.6  829 1003.3 2321  8.9  4.1 14.3 -9.0 19.87  3.51 1200   -9.0    5.0 -9.00   -9.0   -9   -9.0   -9   -9.0   -9   -9.0   -9   -9.0   -9  22.6  21.8  21.2  18.8  16.5
20260603 185  3.8  3251  14  6.8 2330  11  9.9 2345  21.6  24.6 1157  18.7  312  19.7  24.7  18.8  89.6  76.0 1206  23.0   4.2   3.0 -9.00  996.4 1004.6 1005.7  809 1003.4 2355  9.0  6.2 14.2 -9.0 21.73  3.14 1100   -9.0   -9.0 -9.00   -9.0   -9   -9.0   -9   -9.0   -9   -9.0   -9   -9.0   -9 -99.0 -99.0 -99.0 -99.0 -99.0
20260603 188  2.7  2304  20  5.3 1229  18  7.1 1138  22.8  27.6  957  20.0  207  19.8  24.3  18.3  83.8  60.0 1021  23.1  -9.0  -9.0 -9.00 1002.8 1005.1 1005.8  842 1003.8   25  8.0  7.0 14.3 -9.0 -9.00 -9.00   -9   -9.0   -9.0 -9.00   -9.0   -9   -9.0   -9   -9.0   -9   -9.0   -9   -9.0   -9 -99.0 -99.0 -99.0 -99.0 -99.0
20260603 189  1.4  1223  23  4.3 1506  25  6.3 1455  23.1  26.8 1312  20.7  538  19.7  26.7  19.8  81.9  68.0 1310  23.0   5.0   3.5 -9.00  999.1 1005.1 1006.0  946 1003.9  138  8.5  6.9 14.2 -9.0 23.33  3.56 1200   -9.0   14.3 -9.00   -9.0   -9   -9.0   -9   -9.0   -9   -9.0   -9   -9.0   -9 -99.0 -99.0 -99.0 -99.0 -99.0
20260603 192  0.8   666  18  2.9 1526  16  6.0 1424  21.7  28.3 1248  15.6  458  17.9  27.2  14.3  80.9  58.0 1252  20.6   5.4   3.7 -9.00 1001.1 1004.5 1005.9 2157 1002.9  114  5.9 10.4 14.4 -9.0 25.25  3.18 1200   -9.0   -9.0 -9.00   -9.0   -9   -9.0   -9   -9.0   -9   -9.0   -9   -9.0   -9 -99.0 -99.0 -99.0 -99.0 -99.0
20260603 201  1.6  1382  29  3.7 1713   5  5.7  846  22.8  28.0 1243  17.9  443  17.6  25.1  13.3  73.3  55.0 1117  20.1  -9.0  -9.0 -9.00  999.2 1004.6 1005.4  856 1003.6 1730  5.4  8.1 14.6 -9.0 -9.00 -9.00   -9   -9.0   -9.0 -9.00   -9.0   -9   -9.0   -9   -9.0   -9   -9.0   -9   -9.0   -9 -99.0 -99.0 -99.0 -99.0 -99.0
20260603 202  1.1   931  25  2.9 1744  25  5.0 1736  24.8  30.8 1259  18.3  446  17.5  29.6  15.8  66.9  39.0 1301  20.0  -9.0  -9.0 -9.00  998.3 1003.7 1005.0  807 1002.2 1744  5.1  8.5 14.6 -9.0 -9.00 -9.00   -9   -9.0   -9.0 -9.00   -9.0   -9   -9.0   -9   -9.0   -9   -9.0   -9   -9.0   -9 -99.0 -99.0 -99.0 -99.0 -99.0
20260603 203  0.7   624  25  2.1 1710  25  4.4 1709  24.7  30.9 1601  18.0  520  18.6  28.6  14.9  71.8  44.0 1527  21.5  -9.0  -9.0 -9.00  994.9 1004.0 1005.4  809 1002.5 1717  4.8  6.7 14.6 -9.0 -9.00 -9.00   -9   -9.0   -9.0 -9.00   -9.0   -9   -9.0   -9   -9.0   -9   -9.0   -9   -9.0   -9 -99.0 -99.0 -99.0 -99.0 -99.0
20260603 211  1.7  1435   5  4.2 1310   2  7.2 1308  22.2  30.4 1331  15.0  513  15.6  27.1  10.7  69.6  38.0 1148  17.8  -9.0  -9.0 -9.00  980.7 1003.7 1005.3 2322 1001.7 1301  5.3  5.8 14.7 -9.0 -9.00 -9.00   -9   -9.0   -9.0 -9.00   -9.0   -9   -9.0   -9   -9.0   -9   -9.0   -9   -9.0   -9 -99.0 -99.0 -99.0 -99.0 -99.0
20260603 212  0.8   704  27  2.7 1528  25  5.4 1612  24.5  31.6 1315  17.5  543  16.0  28.6  14.7  63.5  30.0 1319  18.2  -9.0  -9.0 -9.00  987.9 1003.8 1005.2  554 1001.9 1651  4.8  7.5 14.6 -9.0 -9.00 -9.00   -9   -9.0   -9.0 -9.00   -9.0   -9   -9.0   -9   -9.0   -9   -9.0   -9   -9.0   -9 -99.0 -99.0 -99.0 -99.0 -99.0
20260603 216  1.3  1143   2  3.9 1321  16  7.8 1157  19.9  27.3 1232  12.3  454  14.9  23.5  10.9  75.1  47.0 1034  17.0   6.0   4.2 -9.00  925.2 1004.3 1006.1  530 1002.1 1117  5.4  8.4 14.6 -9.0 23.87  3.87 1200   -9.0   -9.0 -9.00   -9.0   -9   -9.0   -9   -9.0   -9   -9.0   -9   -9.0   -9 -99.0 -99.0 -99.0 -99.0 -99.0
20260603 217  1.3  1081   5  3.8 1417   5  6.1 1410  21.5  31.5 1308  14.9  313  15.4  26.3  13.8  72.4  37.0 1256  17.6  -9.0  -9.0 -9.00  969.1 1004.4 1006.1 2345 1001.5 1345  5.6  4.8 14.6 -9.0 -9.00 -9.00   -9    0.0   -9.0 -9.00    0.0   -9    0.0   -9   -9.0   -9   -9.0   -9   -9.0   -9 -99.0 -99.0 -99.0 -99.0 -99.0
20260603 221  1.0   838  23  3.2 1615  23  5.0 1601  22.6  30.3 1344  14.7  513  16.1  27.8  11.4  70.5  34.0 1256  18.3  -9.0  -9.0 -9.00  973.7 1003.6 1005.0  614 1001.7 1440  3.9  8.5 14.6 -9.0 -9.00 -9.00   -9   -9.0   -9.0 -9.00   -9.0   -9   -9.0   -9   -9.0   -9   -9.0   -9   -9.0   -9 -99.0 -99.0 -99.0 -99.0 -99.0
20260603 226  0.8   653  18  3.3 1307  16  5.4 1253  22.8  29.5 1315  15.8  510  17.2  25.2  11.7  74.4  41.0 1543  19.7  -9.0  -9.0 -9.00  984.5 1003.9 1005.4  800 1002.5 1731  5.8  6.7 14.5 -9.0 -9.00 -9.00   -9   -9.0   -9.0 -9.00   -9.0   -9   -9.0   -9   -9.0   -9   -9.0   -9   -9.0   -9 -99.0 -99.0 -99.0 -99.0 -99.0
20260603 232  0.7   621  16  1.8 1024  27  4.1 1651  23.7  30.8 1306  17.0  525  17.6  26.9  14.3  71.9  44.0 1310  20.2  -9.0  -9.0 -9.00  994.6 1004.3 1005.5  751 1003.0 1737  5.8  8.6 14.5 -9.0 -9.00 -9.00   -9   -9.0   -9.0 -9.00   -9.0   -9   -9.0   -9   -9.0   -9   -9.0   -9   -9.0   -9 -99.0 -99.0 -99.0 -99.0 -99.0
20260603 235  1.4  1168  20  3.5 1349  23  5.3 1157  22.7  26.6 1203  18.6  111  18.2  25.6  16.0  76.9  59.0 1633  20.9   4.8   3.4 -9.00 1002.5 1003.6 1004.6  754 1002.6 1755  7.6  7.3 14.5 -9.0 20.50  3.10 1100   -9.0   -9.0 -9.00   -9.0   -9   -9.0   -9   -9.0   -9   -9.0   -9   -9.0   -9 -99.0 -99.0 -99.0 -99.0 -99.0
20260603 236  0.9   749  27  2.5 1827  23  5.6 1535  23.9  30.1 1523  17.6  510  18.7  28.1  15.5  74.6  49.0 1524  21.5  -9.0  -9.0 -9.00 1002.6 1004.2 1005.5  813 1002.9 1720  6.8  7.3 14.5 -9.0 -9.00 -9.00   -9   -9.0   -9.0 -9.00   -9.0   -9   -9.0   -9   -9.0   -9   -9.0   -9   -9.0   -9 -99.0 -99.0 -99.0 -99.0 -99.0
20260603 238  0.8   706  18  2.1 1421  11  4.2 1253  24.0  30.7 1348  16.1  536  17.8  27.5  12.4  71.6  36.0 1411  20.5  -9.0  -9.0 -9.00  984.1 1003.4 1004.9  742 1001.6 1742  7.0  7.6 14.5 -9.0 -9.00 -9.00   -9   -9.0   -9.0 -9.00   -9.0   -9   -9.0   -9   -9.0   -9   -9.0   -9   -9.0   -9 -99.0 -99.0 -99.0 -99.0 -99.0
20260603 239  1.1   954  29  2.6 2154   9  4.3 1322  24.2  30.1 1528  17.9  518  18.2  28.0  16.3  71.6  43.0 1334  20.9   6.1   4.3 -9.00  993.0 1003.2 1004.7  818 1001.7 1748  6.3  7.7 14.5 -9.0 23.35  3.54 1200   -9.0   -9.0 -9.00   -9.0   -9   -9.0   -9   -9.0   -9   -9.0   -9   -9.0   -9 -99.0 -99.0 -99.0 -99.0 -99.0
20260603 243  1.2  1016  29  4.2 1534  29  7.5 1527  22.9  29.8 1409  18.1  504  17.5  27.6  14.9  73.3  54.0 1239  20.1  -9.0  -9.0 -9.00 1003.0 1004.4 1005.6  803 1003.6 1422  7.5  8.2 14.5 -9.0 -9.00 -9.00   -9   -9.0   -9.0 -9.00   -9.0   -9   -9.0   -9   -9.0   -9   -9.0   -9   -9.0   -9 -99.0 -99.0 -99.0 -99.0 -99.0
20260603 244  1.1   916  34  3.1 1825  27  5.9 1501  23.1  30.4 1345  15.6  510  17.5  24.7  12.7  73.4  43.0 1527  20.0  -9.0  -9.0 -9.00  975.8 1003.7 1005.3  744 1001.9 1736  7.3  7.5 14.4 -9.0 -9.00 -9.00   -9   -9.0   -9.0 -9.00   -9.0   -9   -9.0   -9   -9.0   -9   -9.0   -9   -9.0   -9 -99.0 -99.0 -99.0 -99.0 -99.0
20260603 245  1.4  1206  27  4.9 1604  29  7.4 1600  23.9  31.2 1428  17.7  502  18.1  29.3  15.2  72.3  47.0 1431  20.8   6.5   4.5 -9.00  996.3 1004.1 1005.5  759 1002.7 1447  6.6  7.9 14.4 -9.0 23.34  3.36 1200   -9.0   -9.0 -9.00   -9.0   -9   -9.0   -9   -9.0   -9   -9.0   -9   -9.0   -9 -99.0 -99.0 -99.0 -99.0 -99.0
20260603 247  1.7  1460  20  3.5 1713  27  6.4 1328  23.1  30.3 1425  15.9  538  18.5  25.5  14.6  77.1  55.0 1404  21.4  -9.0  -9.0 -9.00  988.6 1003.8 1005.3  802 1002.2 1528  6.6  8.9 14.4 -9.0 -9.00 -9.00   -9   -9.0   -9.0 -9.00   -9.0   -9   -9.0   -9   -9.0   -9   -9.0   -9   -9.0   -9 -99.0 -99.0 -99.0 -99.0 -99.0
20260603 248  1.4  1171  36  3.8 1032  36  6.3 1008  21.9  29.0 1356  14.2  425  17.2  24.9  12.4  77.4  44.0 1531  19.7  -9.0  -9.0 -9.00  958.4 1004.1 1006.3  759 1002.2 1455  7.9  6.4 14.4 -9.0 -9.00 -9.00   -9   -9.0   -9.0 -9.00   -9.0   -9   -9.0   -9   -9.0   -9   -9.0   -9   -9.0   -9 -99.0 -99.0 -99.0 -99.0 -99.0
20260603 251  1.0   841  25  4.2 1512  23  7.0 1507  22.4  29.5 1342  16.1  536  17.9  28.2  15.7  77.3  52.0 1343  20.6  -9.0  -9.0 -9.00  997.9 1004.6 1006.1  752 1003.4 1423  6.4 -9.0 14.4 -9.0 -9.00 -9.00   -9   -9.0   -9.0 -9.00   -9.0   -9   -9.0   -9   -9.0   -9   -9.0   -9   -9.0   -9 -99.0 -99.0 -99.0 -99.0 -99.0
20260603 252  1.1   983  25  4.1 1333  25  7.1 1332  22.3  29.2 1309  16.7  523  17.8  25.7  13.8  77.4  54.0 1236  20.5   6.3   4.4 -9.00 1000.0 1004.2 1005.6  817 1003.3 1827  5.6  9.6 14.4 -9.0 25.48  3.39 1100   -9.0   -9.0 -9.00   -9.0   -9   -9.0   -9   -9.0   -9   -9.0   -9   -9.0   -9 -99.0 -99.0 -99.0 -99.0 -99.0
20260603 253  1.5  1320  16  3.9 1420  18  7.0 1520  22.5  27.5 1118  18.3  457  19.7  25.9  16.7  85.4  62.0 1128  23.0   4.7   3.3 -9.00  999.0 1005.2 1006.7 2242 1002.8  101  5.9  7.7 14.4 -9.0 20.72  2.99 1400   -9.0   -9.0 -9.00   -9.0   -9   -9.0   -9   -9.0   -9   -9.0   -9   -9.0   -9 -99.0 -99.0 -99.0 -99.0 -99.0
20260603 254  1.3  1089  32  3.4 1620  18  6.4 1852  23.3  31.2 1524  17.0  443  17.5  26.8  15.7  73.0  43.0 1528  20.0   6.7   4.7 -9.00  989.7 1004.4 1006.1  818 1002.7 1531  7.3  6.9 14.4 -9.0 23.83  3.65 1200   -9.0   -9.0 -9.00   -9.0   -9   -9.0   -9   -9.0   -9   -9.0   -9   -9.0   -9 -99.0 -99.0 -99.0 -99.0 -99.0
20260603 255  1.1   913  32  2.8    6  14  4.9 1244  23.6  29.5 1346  18.7  444  19.1  24.3  15.3  77.4  56.0 1350  22.1   5.2   3.6 -9.00  998.3 1004.1 1005.7 2305 1002.4   37  5.4 10.0 14.4 -9.0 22.10  3.24 1300   -9.0   -9.0 -9.00   -9.0   -9   -9.0   -9   -9.0   -9   -9.0   -9   -9.0   -9 -99.0 -99.0 -99.0 -99.0 -99.0
20260603 257  1.2  1027  23  3.1 1528  11  7.1 1122  23.7  29.9 1145  18.1  518  20.3  25.0  15.9  83.0  55.0 1146  23.8   4.6   3.2 -9.00 1003.6 1004.3 1005.9 2237 1002.1  104  6.8  5.3 14.4 -9.0 18.59  2.84 1100   -9.0   -9.0 -9.00   -9.0   -9   -9.0   -9   -9.0   -9   -9.0   -9   -9.0   -9 -99.0 -99.0 -99.0 -99.0 -99.0
20260603 258  2.7  2342  29  5.1  209  29  7.0  207  23.5  28.6 1456  19.7  445  19.5  25.5  17.5  79.4  59.0 1254  22.7   6.4   4.5 -9.00 1004.7 1004.9 1005.8 2119 1003.5   28  6.5 10.5 14.4 -9.0 26.61  3.62 1300   -9.0   -9.0 -9.00   -9.0   -9   -9.0   -9   -9.0   -9   -9.0   -9   -9.0   -9 -99.0 -99.0 -99.0 -99.0 -99.0
20260603 259  1.2  1030  20  3.0 1539  20  6.3 1727  23.4  30.1 1425  17.7  528  18.8  25.9  16.4  78.1  53.0 1428  21.8   6.0   4.2 -9.00 1002.5 1004.4 1005.1  824 1003.5 1435  6.3  8.8 14.4 -9.0 25.38  3.47 1100   -9.0   -9.0 -9.00   -9.0   -9   -9.0   -9   -9.0   -9   -9.0   -9   -9.0   -9 -99.0 -99.0 -99.0 -99.0 -99.0
20260603 260  1.9  1653  14  4.9 1222  14  7.6 1548  22.6  28.1 1354  17.7  519  19.2  25.5  15.8  82.3  58.0 1308  22.3  -9.0  -9.0 -9.00  999.4 1004.5 1005.3 2102 1003.6 1443  6.3  9.8 14.4 -9.0 -9.00 -9.00   -9   -9.0   -9.0 -9.00   -9.0   -9   -9.0   -9   -9.0   -9   -9.0   -9   -9.0   -9 -99.0 -99.0 -99.0 -99.0 -99.0
20260603 261  2.3  2001  23  5.0 1444  25  6.4 1444  22.7  28.7 1256  18.5  526  19.3  25.8  16.7  82.0  60.0 1548  22.4  -9.0  -9.0 -9.00 1003.0 1004.9 1005.8  823 1004.0 1421  6.3  8.5 14.3 -9.0 -9.00 -9.00   -9   -9.0   -9.0 -9.00   -9.0   -9   -9.0   -9   -9.0   -9   -9.0   -9   -9.0   -9 -99.0 -99.0 -99.0 -99.0 -99.0
20260603 262  1.2  1020  18  3.0 1314  23  7.0 1446  22.5  28.8 1240  16.7  512  18.4  25.2  17.9  79.6  51.0 1203  21.2   5.5   3.9 -9.00  998.6 1004.5 1005.4 2113 1003.3    4  6.3 10.0 14.4 -9.0 24.39  3.20 1200   -9.0   -9.0 -9.00   -9.0   -9   -9.0   -9   -9.0   -9   -9.0   -9   -9.0   -9 -99.0 -99.0 -99.0 -99.0 -99.0
20260603 263  1.4  1243  23  4.2 1648  23  6.6 1558  22.8  29.6 1449  16.7  410  17.6  26.2  15.4  74.5  47.0 1446  20.2   6.4   4.5 -9.00 1002.8 1004.4 1005.8 2253 1002.9   44  5.3  7.9 14.4 -9.0 25.52  3.57 1100   -9.0   -9.0 -9.00   -9.0   -9   -9.0   -9   -9.0   -9   -9.0   -9   -9.0   -9 -99.0 -99.0 -99.0 -99.0 -99.0
20260603 264  1.3  1128  16  3.4 1654  14  5.5 1645  22.9  30.7 1548  16.2  127  15.9  26.1  15.1  67.1  31.0 1541  18.1   7.0   4.9 -9.00  986.8 1004.1 1005.7  814 1002.3 1517  6.8  8.0 14.5 -9.0 25.84  3.50 1300   -9.0   -9.0 -9.00   -9.0   -9   -9.0   -9   -9.0   -9   -9.0   -9   -9.0   -9 -99.0 -99.0 -99.0 -99.0 -99.0
20260603 266  1.1   954  18  2.6 1221  18  5.3 1443  23.1  28.8 1348  17.6  510  19.1  26.6  15.5  79.9  55.0 1210  22.2   5.7   4.0 -9.00  994.8 1004.9 1006.0 2158 1003.4   27  5.5 10.4 14.4 -9.0 25.93  3.37 1200   -9.0   -9.0 -9.00   -9.0   -9   -9.0   -9   -9.0   -9   -9.0   -9   -9.0   -9 -99.0 -99.0 -99.0 -99.0 -99.0
20260603 268  1.3  1161  32  3.3 1052  34  5.1 1030  21.6  27.2 1427  17.2  510  17.7  23.6  17.3  79.9  61.0 1154  20.2  -9.0  -9.0 -9.00 1002.5 1003.6 1004.7  802 1002.9 1731  7.3  6.8 14.3 -9.0 -9.00 -9.00   -9   -9.0   -9.0 -9.00   -9.0   -9   -9.0   -9   -9.0   -9   -9.0   -9   -9.0   -9 -99.0 -99.0 -99.0 -99.0 -99.0
20260603 271  1.1   985  16  3.6 1618  14  6.2 1321  21.1  29.1 1257  11.9  505  15.4  25.3   9.3  73.3  42.0 1318  17.6  -9.0  -9.0 -9.00  967.8 1004.6 1006.4 2351 1002.5 1421  5.0  6.6 14.6 -9.0 -9.00 -9.00   -9   -9.0   -9.0 -9.00   -9.0   -9   -9.0   -9   -9.0   -9   -9.0   -9   -9.0   -9 -99.0 -99.0 -99.0 -99.0 -99.0
20260603 272  1.3  1146  14  3.0 1828  16  5.3 1824  22.6  29.7 1350  14.5  446  17.3  29.2  11.7  74.5  45.0 1337  19.7  -9.0  -9.0 -9.00  980.0 1003.9 1005.7 2343 1002.2 1454  4.8  8.0 14.6 -9.0 -9.00 -9.00   -9   -9.0   -9.0 -9.00   -9.0   -9   -9.0   -9   -9.0   -9   -9.0   -9   -9.0   -9 -99.0 -99.0 -99.0 -99.0 -99.0
20260603 273  1.0   869  11  2.8 1201  11  4.8 1244  22.6  30.3 1405  15.7  508  18.2  27.6  12.3  78.8  44.0 1400  21.0  -9.0  -9.0 -9.00  983.7 1003.3 1004.7 2353 1001.9 1711  5.5  7.2 14.5 -9.0 -9.00 -9.00   -9   -9.0   -9.0 -9.00   -9.0   -9   -9.0   -9   -9.0   -9   -9.0   -9   -9.0   -9 -99.0 -99.0 -99.0 -99.0 -99.0
20260603 276  1.6  1367  14  4.2 1422  14  7.7 1417  21.9  29.5 1409  14.3  223  16.9  28.8  10.8  76.4  48.0 1326  19.3   6.5   4.5 -9.00  980.2 1003.9 1005.4 2356 1002.3 1521  5.3  7.3 14.5 -9.0 23.78  3.22 1000   -9.0   -9.0 -9.00   -9.0   -9   -9.0   -9   -9.0   -9   -9.0   -9   -9.0   -9 -99.0 -99.0 -99.0 -99.0 -99.0
20260603 277  1.5  1305   7  4.0 1247   7  6.7 1214  21.7  27.6 1109  16.0  427  17.8  32.0  14.4  80.3  57.0 1157  20.4  -9.0  -9.0 -9.00 1000.1 1004.8 1006.1 2245 1003.4   40  5.1 10.7 14.5 -9.0 -9.00 -9.00   -9   -9.0   -9.0 -9.00   -9.0   -9   -9.0   -9   -9.0   -9   -9.0   -9   -9.0   -9 -99.0 -99.0 -99.0 -99.0 -99.0
20260603 278  0.8   726  23  2.8 1615  18  5.0 1426  23.0  31.1 1414  14.8  416  17.5  28.4  11.4  74.5  46.0 1415  20.1  -9.0  -9.0 -9.00  993.8 1003.1 1004.3 2341 1001.6 1456  5.0  6.6 14.5 -9.0 -9.00 -9.00   -9    0.1   -9.0 -9.00    0.1   -9    0.1   -9   -9.0   -9   -9.0   -9   -9.0   -9 -99.0 -99.0 -99.0 -99.0 -99.0
20260603 279  1.3  1102   9  3.0 1510  11  6.2 1452  24.6  31.3 1325  16.9  514  17.6  31.0  14.0  67.9  46.0 1310  20.2   6.0   4.2 -9.00  998.0 1003.6 1004.6  756 1002.4 1740  6.3  8.8 14.5 -9.0 22.64  3.07 1200   -9.0   -9.0 -9.00   -9.0   -9   -9.0   -9   -9.0   -9   -9.0   -9   -9.0   -9 -99.0 -99.0 -99.0 -99.0 -99.0
20260603 281  1.5  1282   9  3.6 1615   7  7.8 1511  22.3  28.8 1453  16.5  448  17.9  26.4  14.1  78.5  49.0 1420  20.6  -9.0  -9.0 -9.00  993.8 1004.8 1005.9 2354 1003.4  140  6.5  7.1 14.5 -9.0 -9.00 -9.00   -9   -9.0   -9.0 -9.00   -9.0   -9   -9.0   -9   -9.0   -9   -9.0   -9   -9.0   -9 -99.0 -99.0 -99.0 -99.0 -99.0
20260603 283  1.6  1383  18  4.1 1817  18  5.6 1812  22.9  29.5 1329  17.6  453  18.9  24.5  14.3  79.6  55.0 1321  21.9   5.2   3.6 -9.00 1000.2 1004.8 1006.0 2222 1003.2  104  7.5  6.4 14.5 -9.0 20.45  2.80  900    0.0   -9.0 -9.00    0.0   -9    0.0   -9   -9.0   -9   -9.0   -9   -9.0   -9 -99.0 -99.0 -99.0 -99.0 -99.0
20260603 284  1.6  1367  14  4.3 1452  14  7.8 1428  22.3  28.9 1439  16.0  534  18.4  26.3  14.2  80.1  54.0 1546  21.3   6.1   4.3 -9.00  977.1 1003.0 1004.2  803 1001.3 1443  7.4  8.1 14.5 -9.0 25.22  3.34 1300   -9.0   -9.0 -9.00   -9.0   -9   -9.0   -9   -9.0   -9   -9.0   -9   -9.0   -9 -99.0 -99.0 -99.0 -99.0 -99.0
20260603 285  0.8   700  23  3.1 1704  20  5.5 1704  23.0  30.3 1433  17.3  512  19.3  27.0  17.9  82.0  52.0 1425  22.5  -9.0  -9.0 -9.00 1001.2 1004.3 1005.5 2217 1003.1 1507  5.9  7.1 14.4 -9.0 -9.00 -9.00   -9   -9.0   -9.0 -9.00   -9.0   -9   -9.0   -9   -9.0   -9   -9.0   -9   -9.0   -9 -99.0 -99.0 -99.0 -99.0 -99.0
20260603 288  1.5  1265  14  4.0 1610  14  6.7 1634  23.3  30.2 1353  17.4  509  19.0  25.6  17.2  78.5  50.0 1403  22.0   6.1   4.2 -9.00 1002.0 1002.9 1004.3 2217 1001.3   57  7.0  7.6 14.4 -9.0 22.67  3.16 1300   -9.0   -9.0 -9.00   -9.0   -9   -9.0   -9   -9.0   -9   -9.0   -9   -9.0   -9 -99.0 -99.0 -99.0 -99.0 -99.0
20260603 289  1.8  1551   5  4.3 1918   7  9.5 1801  22.6  30.2 1441  16.9  557  18.6  27.1  16.4  80.3  52.0 1444  21.5  -9.0  -9.0 -9.00  989.1 1004.9 1006.1  827 1003.5 1445  5.5  8.2 14.4 -9.0 -9.00 -9.00   -9   -9.0   -9.0 -9.00   -9.0   -9   -9.0   -9   -9.0   -9   -9.0   -9   -9.0   -9 -99.0 -99.0 -99.0 -99.0 -99.0
20260603 294  1.0   825   9  2.7 1535  20  5.4 1339  22.1  26.9 1243  17.8  446  18.1  27.7  15.2  79.3  59.0 1244  20.7  -9.0  -9.0 -9.00 1000.0 1005.2 1006.7 2200 1002.8  101  6.0  8.5 14.4 -9.0 -9.00 -9.00   -9   -9.0   -9.0 -9.00   -9.0   -9   -9.0   -9   -9.0   -9   -9.0   -9   -9.0   -9 -99.0 -99.0 -99.0 -99.0 -99.0
20260603 295  1.0   882  20  2.4 1626  23  4.7 1559  22.4  27.6 1341  17.8  505  18.1  26.4  15.1  77.9  59.0 1227  20.7  -9.0  -9.0 -9.00  999.4 1004.7 1005.9 2157 1003.0   55  6.3 10.1 14.4 -9.0 -9.00 -9.00   -9   -9.0   -9.0 -9.00   -9.0   -9   -9.0   -9   -9.0   -9   -9.0   -9   -9.0   -9 -99.0 -99.0 -99.0 -99.0 -99.0
20260603 296  1.4  1167  20  4.5 1443  20  7.0 1509  23.0  28.3 1218  17.6  505  19.9  25.5  13.6  84.0  63.0 1217  23.3   4.8   3.4 -9.00 1003.4 1003.7 1005.3 2244 1001.4  103  6.0  6.5 14.4 -9.0 20.12  2.82 1500   -9.0   -9.0 -9.00   -9.0   -9   -9.0   -9   -9.0   -9   -9.0   -9   -9.0   -9 -99.0 -99.0 -99.0 -99.0 -99.0
20260604  90  1.8  1548   2  6.4 2036   5 10.4 2029  18.7  20.8 1706  17.2 2236  17.6  21.3  17.0  93.6  87.0 1707  20.1   2.3   1.6 -9.00 1001.1 1003.1 1006.5  128  998.9 1736  8.0  0.0 14.7 -9.0  6.31  1.24 1100   14.9   -9.0 -9.00    8.1 1829    3.2 1917   -9.0   -9   -9.0   -9   -9.0   -9 -99.0 -99.0 -99.0 -99.0 -99.0
20260604  93  0.7   569  23  4.6 1647  25  8.2 1642  22.2  28.8 1413  19.6  518  19.1  27.4  18.7  84.1  60.0 1430  22.2   3.4   2.4 -9.00  991.1 1002.0 1004.7  101  997.9 1555  8.9  2.4 14.7 -9.0 12.27  2.04 1400   29.3   29.3  3.62   18.3 1628    7.6 2119   -9.0   -9   -9.0   -9   -9.0   -9  24.3  21.1  18.2  14.1  12.6
20260604  95  1.1   979  29  4.7 1504  25 10.8 1925  20.7  27.7 1411  17.7 2157  18.5  23.3  15.8  88.1  55.0 1402  21.3   2.2   1.6 -9.00  984.5 1002.3 1005.2   36  998.6 1414  8.5 -9.0 -9.0 -9.0 10.76  1.86  900   39.9   39.9 -9.00   17.6 1902   10.0 1923   -9.0   -9   -9.0   -9   -9.0   -9 -99.0 -99.0 -99.0 -99.0 -99.0
20260604  98  1.2  1075  25  5.3 1640  25 12.2 1729  21.4  28.4 1336  19.0 2156  17.9  24.5  17.7  81.3  55.0 1336  20.5   3.3   2.3 -9.00  988.5 1001.7 1004.4   15  998.7 1400  7.5  1.1 14.7 -9.0 11.76  1.79 1000   13.7   -9.0 -9.00   10.3 1403    6.6 1444   -9.0   -9   -9.0   -9   -9.0   -9 -99.0 -99.0 -99.0 -99.0 -99.0
20260604  99  1.2  1069  27  4.7 1553  29 10.1 1556  21.5  28.2 1425  18.7  136  18.9  25.6  16.7  86.6  60.0 1426  21.9   3.7   2.6 -9.00  998.9 1002.4 1005.2    7  999.5 1416  6.8  1.9 14.7 -9.0 12.52  2.58 1400    4.2   -9.0 -9.00    4.0 1724    1.9 1755   -9.0   -9   -9.0   -9   -9.0   -9 -99.0 -99.0 -99.0 -99.0 -99.0
20260604 100  2.6  2208  23  5.7 1710  23 10.4 1638  18.4  25.3 1655  15.0  521  16.2  24.3  15.5  88.5  52.0 1655  18.5   4.4   3.1 -9.00  916.5 1002.0 1006.5  123  996.5 1656  7.9  5.6 14.7 -9.0 18.37  2.19 1500   10.7   -9.0 -9.00    9.2 1946    2.8 2025   -9.0   -9   -9.0   -9   -9.0   -9 -99.0 -99.0 -99.0 -99.0 -99.0
20260604 101  1.4  1206  25  5.2 1639  20  9.8 1637  22.5  28.3 1429  19.8  516  18.4  26.5  17.8  78.8  58.0 1539  21.2   3.5   2.4 -9.00  992.4 1001.0 1003.7   30  996.9 1556  8.5  1.2 14.7 -9.0 11.48  1.94 1300   14.2   14.2 -9.00   13.1 1625    4.1 1640   -9.0   -9   -9.0   -9   -9.0   -9  22.7  18.9  16.8  14.6  15.0
20260604 102  2.3  1983  29  5.5 1511  34 11.3 2031  17.7  22.7 1310  14.0 2136  16.1  20.6  13.1  90.6  75.0 1242  18.4  -9.0  -9.0  2.08   -9.0   -9.0   -9.0   -9   -9.0   -9  8.4  1.2 14.7 -9.0 13.30  2.34 1100   13.2   -9.0  2.42   11.5 1501    3.8 1546   -9.0   -9   -9.0   -9   -9.0   -9 -99.0 -99.0 -99.0 -99.0 -99.0
20260604 104  1.4  1177  18  4.5 2138  25  8.2 2136  19.7  24.8 1559  16.1 2340  19.0  24.2  15.2  96.3  80.0 1600  22.1   2.8   2.0  0.75  993.1 1001.8 1005.6  128  997.4 1756  7.3  1.3 14.7 -9.0 10.08  1.96 1500    9.3    7.9 10.08    7.4 2031    2.4 2040   -9.0   -9   -9.0   -9   -9.0   -9  23.2  19.4  17.0  13.6  13.3
20260604 105  1.6  1381   5  5.9 2149  34 10.8 2142  20.8  25.8 1642  17.3 2356  18.3  25.2  17.0  86.4  63.0 1628  21.0   3.4   2.4 -9.00  999.5 1002.6 1006.5  127  998.2 1800  7.1  1.9 14.7 -9.0 10.95  1.78 1600    5.6   -9.0 -9.00    4.4 2019    1.0 2038   -9.0   -9   -9.0   -9   -9.0   -9  23.6  20.0  18.4  15.1  14.6
20260604 106  2.6  2267  14  8.6 1437   2 16.7 2222  20.3  24.0 1026  16.8 2359  18.4  27.8  15.8  89.5  70.0 1615  21.2   5.0   3.5 -9.00  998.3 1003.0 1006.5   14  998.7 1810  6.3  6.4 14.6 -9.0 21.34  2.88 1000    3.8   -9.0 -9.00    3.1 2058    2.4 2138   -9.0   -9   -9.0   -9   -9.0   -9 -99.0 -99.0 -99.0 -99.0 -99.0
20260604 108  2.4  2040  23  6.0 1634  23 13.6 1626  23.6  28.4 1246  20.0 2337  18.1  26.2  17.5  72.0  56.0 1110  20.8   4.1   2.9 -9.00  992.1 1001.9 1004.5   37  999.2 1451  7.5  1.7 14.6 -9.0 12.29  1.81 1000    2.9    2.9  3.28    1.8 1335    1.7 1349   -9.0   -9   -9.0   -9   -9.0   -9  22.5  19.5  18.3  14.7  13.6
20260604 112  2.8  2404  25  7.9 1804  23 11.9 1755  21.7  26.3 1334  18.2 2340  18.8  25.4  18.1  84.5  64.0 1333  21.7   4.6   3.2 -9.00  994.1 1002.0 1004.4    3  999.9 1422  7.4  2.8 14.6 -9.0 15.88  2.86 1300    0.9    0.9  2.83    0.9 1811    0.9 1901   -9.0   -9   -9.0   -9   -9.0   -9  21.5  19.3  13.9  16.6  13.5
20260604 114  2.0  1709  20  4.7 1603  29  9.2 1723  23.8  31.1 1527  20.1 1830  17.8  27.9  18.3  72.3  39.0 1358  20.5   5.6   3.9 -9.00  984.8 1001.7 1004.2  136  998.0 1529  8.3  3.7 14.6 -9.0 17.20  2.52 1300   22.4   -9.0 -9.00   19.1 1810    7.2 1826   -9.0   -9   -9.0   -9   -9.0   -9 -99.0 -99.0 -99.0 -99.0 -99.0
20260604 115  1.8  1568   5  4.0  816   5  5.2  810  19.9  23.6 1214  18.4  450  17.4  24.6  12.7  85.5  77.0 1252  19.8   3.8   2.7  0.83  979.2 1004.5 1006.7  147 1002.4 1732  6.1  3.6 14.6 -9.0 17.69  2.95 1100   -9.0   -9.0 -9.00   -9.0   -9   -9.0   -9   -9.0   -9   -9.0   -9   -9.0   -9  19.7  16.5  15.5  12.5  13.1
20260604 119  2.3  2016  27  6.9 1745  29 12.2 1740  22.6  29.2 1345  19.0 2348  17.3  26.4  18.7  73.1  49.0 1349  19.8   4.8   3.4 -9.00  997.4 1002.0 1004.4   31  998.9 1404  7.3  3.4 14.6 -9.0 15.76  2.10  900    0.0    0.0  3.10    0.0   -9    0.0   -9   -9.0   -9   -9.0   -9   -9.0   -9  22.6  19.1  16.7  13.1  12.7
20260604 121  1.8  1517  29  5.3 1927  16 10.1 1534  23.3  31.7 1437  17.4  456  17.1  32.5  14.2  72.1  39.0 1400  19.6   6.4   4.5 -9.00  975.1 1002.2 1005.5  202  998.5 1708  7.1  7.0 14.6 -9.0 22.04  2.88 1200   15.8   -9.0 -9.00   10.3 1931    6.3 1940   -9.0   -9   -9.0   -9   -9.0   -9 -99.0 -99.0 -99.0 -99.0 -99.0
20260604 127  1.4  1228  20  5.1 1118  25 10.4 1738  23.4  30.6 1428  19.4  424  17.7  27.9  17.3  73.5  41.0 1410  20.3   6.2   4.3 -9.00  988.4 1001.4 1003.7   13  998.0 1611  6.9  6.4 14.6 -9.0 22.23  3.42 1200   16.1   -9.0 -9.00   13.7 1803    5.1 1848   -9.0   -9   -9.0   -9   -9.0   -9 -99.0 -99.0 -99.0 -99.0 -99.0
20260604 129  2.8  2420  25  8.2 1617  25 12.3 1612  22.9  28.0 1203  19.2 2400  18.5  28.3  17.5  78.0  56.0 1046  21.3   6.8   4.7 -9.00  999.6 1002.5 1005.0   29 1000.6 1232  6.3  6.7 14.6 -9.0 23.77  3.27 1100    0.2    0.2 -9.00    0.2   -9    0.2   -9   -9.0   -9   -9.0   -9   -9.0   -9  22.0  19.0  18.8  14.0  14.8
20260604 130  1.9  1611  16  3.7 1104  14  8.2 2344  20.8  23.5 1144  18.7 2026  18.4  28.3  17.7  86.5  78.0 1145  21.2  -9.0  -9.0 -9.00  997.9 1003.5 1006.3    1 1000.1 1753  6.0  9.2 14.6 -9.0 -9.00 -9.00   -9   -9.0   -9.0 -9.00   -9.0   -9   -9.0   -9   -9.0   -9   -9.0   -9   -9.0   -9 -99.0 -99.0 -99.0 -99.0 -99.0
20260604 131  1.7  1497  14  3.7 1103  23  7.9 1507  25.7  30.7 1310  22.5  539  17.0  29.6  20.2  59.9  43.0 1249  19.4   6.7   4.7 -9.00  995.0 1001.6 1004.2   57  998.9 1449  5.8  6.6 14.6 -9.0 21.70  3.40 1200    6.1    6.1  0.87    6.1 1505    5.6 1531   -9.0   -9   -9.0   -9   -9.0   -9 -99.0 -99.0 -99.0 -99.0 -99.0
20260604 133  2.0  1711  20  6.2 1444  20  9.5 1444  24.4  28.7 1032  21.0  538  18.7  26.4  18.9  71.4  51.0 1437  21.6   5.0   3.5 -9.00  994.6 1002.2 1004.8   47 1000.0 1411  5.5  5.4 14.5 -9.0 17.03  2.80 1000    5.4    5.3  3.42    5.3 1502    3.7 1522   -9.0   -9   -9.0   -9   -9.0   -9  24.2  21.8  19.3  16.0  15.8
20260604 135  2.4  2036  16  6.8 1425  18 10.9 1417  23.0  27.2 1524  17.7  515  17.0  27.8  17.1  70.8  50.0 1431  19.4   7.3   5.1 -9.00  974.5 1002.1 1004.7   30  999.1 1734  4.5  8.6 14.5 -9.0 25.35  3.50 1100    0.0   -9.0 -9.00    0.0   -9    0.0   -9   -9.0   -9   -9.0   -9   -9.0   -9 -99.0 -99.0 -99.0 -99.0 -99.0
20260604 136 -9.0    -9  14  4.6 1516  16  7.4 1619  24.9  29.4 1502  20.1  541  17.4  32.2  19.0  64.5  44.0 1638  19.9   6.2   4.3 -9.00  987.3 1003.3 1006.2    4 1000.0 1742  4.6  6.6 14.6 -9.0 19.52  2.49  900    0.0    0.0  0.08    0.0   -9    0.0   -9   -9.0   -9   -9.0   -9   -9.0   -9 -99.0 -99.0 -99.0 -99.0 -99.0
20260604 137  1.3  1119  25  3.3 2051  25  8.2 2211  24.3  29.5 1314  19.2  507  18.3  29.2  16.7  71.0  47.0 1705  21.1   6.9   4.8 -9.00  990.5 1001.4 1004.2   18  998.4 1711  3.5  8.5 14.5 -9.0 23.65  3.20 1000   -9.0   -9.0 -9.00   -9.0   -9   -9.0   -9   -9.0   -9   -9.0   -9   -9.0   -9 -99.0 -99.0 -99.0 -99.0 -99.0
20260604 138  2.5  2183  16  5.1 1804  14  7.6 1729  22.2  24.9 1631  20.5  528  18.5  27.2  18.3  80.3  60.0 1634  21.3   5.5   3.8 -9.00 1002.6 1003.1 1005.7   26 1000.3 1759  5.6  8.9 14.5 -9.0 22.12  2.56 1300   -9.0   -9.0 -9.00   -9.0   -9   -9.0   -9   -9.0   -9   -9.0   -9   -9.0   -9  21.4  18.6  17.3  15.5  15.7
20260604 140  2.7  2322  29  6.8 1709  27 11.3 1802  23.0  29.2 1323  19.3  519  19.0  28.3  16.2  79.5  54.0 1324  22.0  -9.0  -9.0 -9.00 1000.3 1003.5 1005.6   42 1001.5 1314  6.1  5.5 14.5 -9.0 -9.00 -9.00   -9    0.0   -9.0 -9.00    0.0   -9    0.0   -9   -9.0   -9   -9.0   -9   -9.0   -9 -99.0 -99.0 -99.0 -99.0 -99.0
20260604 143  2.0  1761  11  3.7  853  11  5.5 1215  24.1  28.9 1628  20.2  552  17.2  28.4  19.7  67.1  44.0 1607  19.6   5.9   4.1 -9.00  996.0 1002.2 1005.0  316  999.3 1734  5.3  7.4 14.5 -9.0 20.40  2.52 1300   -9.0   -9.0 -9.00   -9.0   -9   -9.0   -9   -9.0   -9   -9.0   -9   -9.0   -9 -99.0 -99.0 -99.0 -99.0 -99.0
20260604 146  2.6  2286  27  6.2 1817  29 10.9 1847  24.8  29.5 1147  21.1 2356  18.0  32.2  14.2  67.9  47.0 1601  20.6   6.8   4.7 -9.00  995.7 1002.5 1004.8   47 1000.2 1653  6.9  7.8 14.5 -9.0 23.73  3.23 1100    0.0    0.0  0.47    0.0   -9    0.0   -9   -9.0   -9   -9.0   -9   -9.0   -9 -99.0 -99.0 -99.0 -99.0 -99.0
20260604 152  1.3  1151  11  3.2 1021   9  5.3 1133  21.7  25.8 1539  18.6 2342  17.3  25.4  16.9  77.9  56.0 1551  19.8   5.3   3.7 -9.00  993.7 1003.0 1005.7  100 1000.7 1802  6.6  7.1 14.4 -9.0 21.60  2.52 1500   -9.0   -9.0 -9.00   -9.0   -9   -9.0   -9   -9.0   -9   -9.0   -9   -9.0   -9 -99.0 -99.0 -99.0 -99.0 -99.0
20260604 155  1.7  1428  18  4.1 1430  20  7.4 1441  22.2  26.1 1329  19.5 2354  18.8  26.3  17.7  82.0  58.0 1422  21.7   4.6   3.2 -9.00  999.4 1003.4 1005.7  225 1001.2 1736  6.5  5.3 14.4 -9.0 17.79  3.38 1300    0.0   -9.0  0.05    0.0   -9    0.0   -9   -9.0   -9   -9.0   -9   -9.0   -9 -99.0 -99.0 -99.0 -99.0 -99.0
20260604 156  1.9  1616  16  4.6 1513  18  7.4 1459  23.5  28.3 1542  20.5  506  18.9  29.7  17.4  76.5  53.0 1603  21.9   4.3   3.0 -9.00  993.8 1001.9 1004.0  221  999.9 1527  6.9  3.2 14.4 -9.0 14.42  2.61 1400    0.0   -9.0  0.30    0.0   -9    0.0   -9   -9.0   -9   -9.0   -9   -9.0   -9 -99.0 -99.0 -99.0 -99.0 -99.0
20260604 159  1.9  1616  16  4.4  940  11  6.2 1310  21.8  24.4 1601  19.9 2342  18.3  22.8  14.7  80.8  67.0 1622  21.0   3.6   2.5 -9.00  995.1 1003.1 1005.5  224 1001.0 1757  7.0  3.1 14.4 -9.0 12.26  1.59 1500    0.0    0.0  0.12    0.0   -9    0.0   -9   -9.0   -9   -9.0   -9   -9.0   -9  22.6  20.3  19.3  15.9  16.8
20260604 162  1.4  1231   5  3.7 1548   2  6.2 1517  21.3  24.5 1646  19.0 2353  18.3  23.4  16.1  84.3  68.0 1647  21.1   3.0   2.1 -9.00  999.1 1002.7 1005.1  144 1000.3 1749  7.6  1.1 14.4 -9.0  9.90  1.52 1400    0.0   -9.0 -9.00    0.0   -9    0.0   -9   -9.0   -9   -9.0   -9   -9.0   -9 -99.0 -99.0 -99.0 -99.0 -99.0
20260604 165  2.7  2293  14  5.3 1304  14  8.1 1307  22.4  26.2 1554  19.7 2400  19.4  24.6  16.7  83.8  63.0 1655  22.5   5.0   3.5 -9.00  998.0 1003.2 1005.1 2219 1001.5 1507  6.8  3.7 14.4 -9.0 17.83  2.73 1500   -9.0    0.0 -9.00   -9.0   -9   -9.0   -9   -9.0   -9   -9.0   -9   -9.0   -9  23.0  20.7  18.4  16.1  14.9
20260604 168  2.7  2317  14  4.6 1004  14  7.2  845  21.5  24.4 1641  20.6 2237  18.9  25.3  20.3  85.5  68.0 1632  21.8   3.6   2.5 -9.00  995.9 1003.5 1005.6   14 1001.4 1647  8.3  1.4 14.4 -9.0 12.51  2.10 1600    0.0    0.0  1.73    0.0   -9    0.0   -9   -9.0   -9   -9.0   -9   -9.0   -9  23.5  20.7  18.6  16.3  16.5
20260604 169  4.1  3516  14 10.5 1145  16 13.4 1136  20.9  26.0 1553  17.4  531  18.3  25.7  17.8  86.0  69.0 1608  21.1   4.7   3.3  0.53  994.3 1003.0 1005.0 2215 1001.2 1142  7.1  5.4 14.4 -9.0 18.63  3.23 1400   -9.0   -9.0 -9.00   -9.0   -9   -9.0   -9   -9.0   -9   -9.0   -9   -9.0   -9 -99.0 -99.0 -99.0 -99.0 -99.0
20260604 170  2.9  2475  14  6.2 1447  14  8.9 1439  22.3  27.8 1437  20.4 2357  19.4  24.8  19.5  84.5  67.0 1448  22.5   3.8   2.6 -9.00  999.3 1003.3 1005.4   29 1001.8 1442  7.6  3.1 14.4 -9.0 11.20  3.21 1400    0.0   -9.0 -9.00    0.0   -9    0.0   -9   -9.0   -9   -9.0   -9   -9.0   -9 -99.0 -99.0 -99.0 -99.0 -99.0
20260604 172  3.0  2597  29  7.7 1724  27 10.2 1716  22.7  27.6 1627  19.6  408  19.2  23.5  16.1  81.9  50.0 1628  22.2   4.9   3.4 -9.00  996.7 1002.6 1004.5  104 1000.8 1632  7.1  3.5 14.4 -9.0 15.85  2.22 1200    0.0   -9.0 -9.00    0.0   -9    0.0   -9   -9.0   -9   -9.0   -9   -9.0   -9 -99.0 -99.0 -99.0 -99.0 -99.0
20260604 174  1.6  1420  11  4.5 1327  14  6.9 1321  20.7  26.0 1615  17.5  444  17.2  23.1  17.7  81.4  57.0 1652  19.6  -9.0  -9.0 -9.00  982.9 1001.8 1004.1  230  999.4 1544  8.6  2.8 14.4 -9.0 -9.00 -9.00   -9    0.2   -9.0 -9.00    0.2   -9    0.2   -9   -9.0   -9   -9.0   -9   -9.0   -9 -99.0 -99.0 -99.0 -99.0 -99.0
20260604 177  2.6  2289  20  7.8 1753  23 12.2 1713  23.6  29.4 1226  20.6  328  18.8  29.8  18.7  76.1  53.0 1208  21.8   6.8   4.8 -9.00  998.0 1001.1 1003.7   33  998.9 1249  6.8  6.8 14.6 -9.0 22.41  3.12 1200    2.3    2.3  3.08    2.3 1939    2.2 2029   -9.0   -9   -9.0   -9   -9.0   -9 -99.0 -99.0 -99.0 -99.0 -99.0
20260604 181  2.4  2103  25  6.4 1740  25 10.3 1740  24.2  29.5 1244  19.9  553  18.0  24.9  17.4  69.6  51.0 1234  20.7   6.5   4.6 -9.00  998.4 1002.2 1004.8   48  999.8 1352  5.8  6.2 14.6 -9.0 20.49  3.16 1100    0.0   -9.0 -9.00    0.0   -9    0.0   -9   -9.0   -9   -9.0   -9   -9.0   -9 -99.0 -99.0 -99.0 -99.0 -99.0
20260604 184  2.4  2108   5  5.3 1726  11  9.3 1403  22.2  25.3 1527  20.8 2351  18.6  24.3  19.3  80.4  61.0 1331  21.4   3.7   2.6 -9.00  999.9 1002.3 1004.8 2308 1000.0 1340  8.4  3.0 14.3 -9.0 11.94  2.62 1400    5.4    0.4  9.88    1.9  624    0.6  649   -9.0   -9   -9.0   -9   -9.0   -9  23.2  21.8  21.2  18.7  16.5
20260604 185  4.8  4106  14  8.9 1013  11 12.7 1050  21.1  23.8 1521  19.4 1055  19.6  23.4  18.6  91.3  78.0 1820  22.8   3.0   2.1 -9.00  994.4 1002.6 1005.0 2319 1000.4 1647  8.5  3.1 14.3 -9.0 10.97  2.04 1500    8.4   -9.0 -9.00    5.2  600    1.7  616   -9.0   -9   -9.0   -9   -9.0   -9 -99.0 -99.0 -99.0 -99.0 -99.0
20260604 188  2.3  1945  14  5.6 1148  16  8.7 1125  21.1  22.6 1603  19.0 2400  19.7  22.3  15.9  92.1  81.0 1654  23.0  -9.0  -9.0 -9.00 1000.9 1003.3 1005.1 2345 1001.4 1546  8.5  0.4 14.3 -9.0 -9.00 -9.00   -9    5.8   -9.0 -9.00    3.1  636    1.0  706   -9.0   -9   -9.0   -9   -9.0   -9 -99.0 -99.0 -99.0 -99.0 -99.0
20260604 189  1.9  1618   7  4.5 1334   9  8.6 1258  21.9  24.4 1528  20.5 1205  19.4  23.6  20.4  85.9  70.0 1526  22.5   2.7   1.9 -9.00  997.2 1003.1 1005.0    1 1001.0 1530  9.3  0.4 14.2 -9.0  8.85  1.82 1500   14.6    0.3 10.65    7.9  608    2.1  625   -9.0   -9   -9.0   -9   -9.0   -9 -99.0 -99.0 -99.0 -99.0 -99.0
20260604 192  0.8   673   9  2.3 1333   9  5.5 1244  21.6  26.0 1358  18.6  358  18.4  23.3  17.9  83.3  63.0 1754  21.2   3.8   2.7 -9.00  999.8 1003.2 1005.7   27 1001.0 1714  7.0  4.5 14.4 -9.0 13.33  2.84 1300    0.1    0.1 -9.00    0.1   -9    0.1   -9   -9.0   -9   -9.0   -9   -9.0   -9 -99.0 -99.0 -99.0 -99.0 -99.0
20260604 201  2.1  1780  25  7.2 1524  23 12.2 1510  21.1  26.2 1233  18.4  121  18.5  25.5  15.4  86.8  61.0 1214  21.3  -9.0  -9.0 -9.00  997.1 1002.6 1005.3   24 1000.6 1407  6.5  2.4 14.7 -9.0 -9.00 -9.00   -9    0.9   -9.0 -9.00    0.9 1636    0.9 1726   -9.0   -9   -9.0   -9   -9.0   -9 -99.0 -99.0 -99.0 -99.0 -99.0
20260604 202  1.7  1485  18  4.2 1410  27  9.1 1551  23.6  29.7 1501  20.8  514  18.5  28.8  19.6  74.9  45.0 1504  21.3  -9.0  -9.0 -9.00  996.7 1002.1 1004.5   52  998.4 1515  7.5  1.8 14.6 -9.0 -9.00 -9.00   -9    3.7   -9.0 -9.00    3.0 1509    2.6 1552   -9.0   -9   -9.0   -9   -9.0   -9 -99.0 -99.0 -99.0 -99.0 -99.0
20260604 203  1.5  1274  18  5.5 1527  23 10.1 1911  23.8  31.4 1430  20.2  426  19.3  27.7  18.1  77.9  46.0 1431  22.4  -9.0  -9.0 -9.00  993.3 1002.4 1004.8   20  999.0 1525  7.1  2.7 14.6 -9.0 -9.00 -9.00   -9    1.8   -9.0 -9.00    1.8 1616    0.8 1621   -9.0   -9   -9.0   -9   -9.0   -9 -99.0 -99.0 -99.0 -99.0 -99.0
20260604 211  1.7  1502   7  3.5 1359   9  7.1 1351  21.2  26.1 1635  17.6 2332  17.4  25.8  17.1  80.0  62.0 1151  19.9  -9.0  -9.0 -9.00  978.7 1001.6 1005.4   10  997.1 1648  8.4  2.0 14.7 -9.0 -9.00 -9.00   -9   17.2   -9.0 -9.00   13.8 1729    7.1 1728   -9.0   -9   -9.0   -9   -9.0   -9 -99.0 -99.0 -99.0 -99.0 -99.0
20260604 212  1.1   963  25  3.5 1648  25  8.6 1641  22.9  29.9 1438  19.6 2210  18.0  27.0  19.1  76.1  43.0 1439  20.6  -9.0  -9.0 -9.00  986.2 1002.1 1005.0   56  998.0 1605  7.3  2.0 14.6 -9.0 -9.00 -9.00   -9   17.9   -9.0 -9.00   12.8 1732    6.2 1822   -9.0   -9   -9.0   -9   -9.0   -9 -99.0 -99.0 -99.0 -99.0 -99.0
20260604 216  1.6  1380  16  3.9 1517  18  8.5 1553  19.9  25.3 1434  14.0  521  14.6  24.4  13.8  74.0  49.0 1538  16.6   5.8   4.0 -9.00  923.4 1002.4 1006.7  300  998.4 1748  6.5  7.7 14.6 -9.0 21.21  2.97 1300    6.7   -9.0 -9.00    4.5 2051    1.9 2059   -9.0   -9   -9.0   -9   -9.0   -9 -99.0 -99.0 -99.0 -99.0 -99.0
20260604 217  1.9  1635  18  6.2 1553  18  9.1 1550  21.9  29.1 1331  16.5  446  16.3  28.4  15.9  73.9  42.0 1252  18.5  -9.0  -9.0 -9.00  967.1 1002.3 1006.3  123  998.1 1729  7.5  5.8 14.6 -9.0 -9.00 -9.00   -9    7.2   -9.0 -9.00    6.8 1956    2.9 2046   -9.0   -9   -9.0   -9   -9.0   -9 -99.0 -99.0 -99.0 -99.0 -99.0
20260604 221  1.9  1622  25  5.1 1822  27 10.5 1815  22.3  28.3 1319  17.3  454  17.2  26.4  14.8  75.8  46.0 1321  19.6  -9.0  -9.0 -9.00  972.1 1002.0 1005.0  151  998.6 1639  7.0  3.8 14.6 -9.0 -9.00 -9.00   -9   24.2   -9.0 -9.00   19.5 1841    4.6 1902   -9.0   -9   -9.0   -9   -9.0   -9 -99.0 -99.0 -99.0 -99.0 -99.0
20260604 226  2.0  1766  18  5.1 1426  14  8.7 1516  23.4  27.9 1322  18.7  544  17.6  27.2  16.1  72.5  48.0 1304  20.2  -9.0  -9.0 -9.00  983.0 1002.4 1005.0  103  999.8 1519  4.5  7.4 14.5 -9.0 -9.00 -9.00   -9    0.0   -9.0 -9.00    0.0   -9    0.0   -9   -9.0   -9   -9.0   -9   -9.0   -9 -99.0 -99.0 -99.0 -99.0 -99.0
20260604 232  1.9  1602  27  5.5 1805  29  9.7 1758  23.6  29.0 1244  18.8  341  18.3  28.5  17.1  74.4  51.0 1246  21.1  -9.0  -9.0 -9.00  992.9 1002.6 1005.3   57 1000.0 1535  6.9  5.9 14.6 -9.0 -9.00 -9.00   -9    0.0   -9.0 -9.00    0.0   -9    0.0   -9   -9.0   -9   -9.0   -9   -9.0   -9 -99.0 -99.0 -99.0 -99.0 -99.0
20260604 235  1.9  1607  20  4.8 1553  23  7.6 1305  22.2  27.8 1025  19.4  320  18.5  26.2  16.9  80.4  57.0 1023  21.3   5.5   3.8 -9.00 1001.2 1002.3 1004.4   42 1000.5 1242  7.4  6.1 14.5 -9.0 20.61  2.90 1300   -9.0   -9.0 -9.00   -9.0   -9   -9.0   -9   -9.0   -9   -9.0   -9   -9.0   -9 -99.0 -99.0 -99.0 -99.0 -99.0
20260604 236  1.6  1402  20  5.0 1503  18  8.9 1459  23.7  29.1 1307  19.0  520  18.8  28.7  16.9  75.6  53.0 1442  21.8  -9.0  -9.0 -9.00 1001.2 1002.8 1004.9   19 1000.7 1500  4.3  7.7 14.5 -9.0 -9.00 -9.00   -9    0.0   -9.0 -9.00    0.0   -9    0.0   -9   -9.0   -9   -9.0   -9   -9.0   -9 -99.0 -99.0 -99.0 -99.0 -99.0
20260604 238  1.6  1401  18  4.6 1551  20  7.8 1448  24.2  29.2 1429  19.5  532  18.0  29.1  16.1  70.3  50.0 1401  20.7  -9.0  -9.0 -9.00  982.6 1001.8 1004.2    2  999.3 1528  4.9  7.2 14.5 -9.0 -9.00 -9.00   -9    0.0   -9.0 -9.00    0.0   -9    0.0   -9   -9.0   -9   -9.0   -9   -9.0   -9 -99.0 -99.0 -99.0 -99.0 -99.0
20260604 239  1.6  1355  16  5.1 1223  16  9.4 1218  23.8  28.7 1206  20.3  529  18.8  27.5  19.1  74.8  54.0 1109  21.7   6.1   4.3 -9.00  991.5 1001.7 1004.3   52  999.1 1522  5.0  8.6 14.5 -9.0 23.75  3.38 1100    3.7   -9.0 -9.00    3.7 1219    2.8 1229   -9.0   -9   -9.0   -9   -9.0   -9 -99.0 -99.0 -99.0 -99.0 -99.0
20260604 243  2.1  1774  29  6.5 1723  29  9.9 1737  23.3  28.7 1232  19.5  356  18.5  26.7  15.9  76.3  50.0 1236  21.3  -9.0  -9.0 -9.00 1001.7 1003.1 1005.2   41 1001.3 1633  5.5  4.9 14.5 -9.0 -9.00 -9.00   -9   -9.0   -9.0 -9.00   -9.0   -9   -9.0   -9   -9.0   -9   -9.0   -9   -9.0   -9 -99.0 -99.0 -99.0 -99.0 -99.0
20260604 244  1.5  1337  34  3.7 1701  34  6.8 1803  22.5  26.9 1626  19.0  537  18.1  25.2  16.6  77.4  54.0 1626  20.8  -9.0  -9.0 -9.00  974.6 1002.5 1004.9  117 1000.1 1652  6.0  5.7 14.5 -9.0 -9.00 -9.00   -9    0.0   -9.0 -9.00    0.0   -9    0.0   -9   -9.0   -9   -9.0   -9   -9.0   -9 -99.0 -99.0 -99.0 -99.0 -99.0
20260604 245  2.4  2086  25  6.0 1808  27 10.4 1806  23.5  28.3 1719  19.5  509  18.3  28.4  16.6  74.1  55.0 1456  21.1   4.8   3.4 -9.00  995.0 1002.9 1005.0   39 1000.9 1645  6.4  4.8 14.4 -9.0 15.86  2.63 1100    0.0   -9.0 -9.00    0.0   -9    0.0   -9   -9.0   -9   -9.0   -9   -9.0   -9 -99.0 -99.0 -99.0 -99.0 -99.0
20260604 247  1.4  1197  27  4.8 1627  23  7.9 1626  23.5  28.0 1514  19.9  506  18.5  26.4  18.6  75.0  55.0 1517  21.3  -9.0  -9.0 -9.00  987.3 1002.4 1005.0  104 1000.0 1543  7.3  3.7 14.4 -9.0 -9.00 -9.00   -9   -9.0   -9.0 -9.00   -9.0   -9   -9.0   -9   -9.0   -9   -9.0   -9   -9.0   -9 -99.0 -99.0 -99.0 -99.0 -99.0
20260604 248  1.3  1132  27  4.6 1913  27  8.6 1908  21.6  26.3 1548  17.4  544  17.2  25.3  15.0  77.3  56.0 1514  19.6  -9.0  -9.0 -9.00  957.1 1002.7 1005.3  117 1000.1 1548  7.5  3.9 14.5 -9.0 -9.00 -9.00   -9    0.0   -9.0 -9.00    0.0   -9    0.0   -9   -9.0   -9   -9.0   -9   -9.0   -9 -99.0 -99.0 -99.0 -99.0 -99.0
20260604 251  1.7  1482  27  5.8 1736  27  9.1 1735  22.0  26.6 1649  18.3  421  18.3  24.8  17.4  80.3  59.0 1715  21.0  -9.0  -9.0 -9.00  996.6 1003.0 1005.3   47 1001.2 1741  8.1 -9.0 14.4 -9.0 -9.00 -9.00   -9   -9.0   -9.0 -9.00   -9.0   -9   -9.0   -9   -9.0   -9   -9.0   -9   -9.0   -9 -99.0 -99.0 -99.0 -99.0 -99.0
20260604 252  1.7  1467  16  3.6 1049  25  7.2 1702  22.3  27.8 1618  19.0  421  18.6  24.2  15.8  80.8  57.0 1619  21.5   4.7   3.3 -9.00  998.7 1002.9 1004.7  102 1001.1 1640  7.0  4.0 14.4 -9.0 17.37  2.50 1300   -9.0   -9.0 -9.00   -9.0   -9   -9.0   -9   -9.0   -9   -9.0   -9   -9.0   -9 -99.0 -99.0 -99.0 -99.0 -99.0
20260604 253  1.4  1201  14  3.3 1043  14  6.2 1041  22.2  26.3 1333  19.7 2357  19.2  24.5  18.0  84.0  62.0 1338  22.2   4.0   2.8 -9.00  997.7 1004.0 1006.4   44 1001.7 1750  7.3  3.4 14.4 -9.0 14.63  2.35 1300   -9.0   -9.0 -9.00   -9.0   -9   -9.0   -9   -9.0   -9   -9.0   -9   -9.0   -9 -99.0 -99.0 -99.0 -99.0 -99.0
20260604 254  1.7  1453  32  4.1 1949  18  7.2 1511  22.9  27.4 1507  18.5  532  17.0  27.8  17.1  70.9  51.0 1555  19.4   4.8   3.3 -9.00  988.5 1003.2 1005.4   58 1001.2 1506  5.1  3.9 14.4 -9.0 14.96  2.76 1400   -9.0   -9.0 -9.00   -9.0   -9   -9.0   -9   -9.0   -9   -9.0   -9   -9.0   -9 -99.0 -99.0 -99.0 -99.0 -99.0
20260604 255  0.9   786  14  2.3 1406   9  5.3 1401  23.3  28.1 1344  20.4 2337  18.9  23.5  17.4  77.6  53.0 1348  21.9   4.3   3.0 -9.00  997.1 1002.9 1005.6  232 1000.3 1740  7.1  4.9 14.4 -9.0 15.33  2.82 1300   -9.0   -9.0 -9.00   -9.0   -9   -9.0   -9   -9.0   -9   -9.0   -9   -9.0   -9 -99.0 -99.0 -99.0 -99.0 -99.0
20260604 257  1.3  1083  16  4.1 1457  11  7.4 1100  23.1  28.9 1421  19.3 2357  19.3  25.9  17.2  80.8  54.0 1422  22.5   4.4   3.1 -9.00 1002.6 1003.3 1005.9  117 1000.7 1801  7.3  3.4 14.4 -9.0 16.46  2.89 1400   -9.0   -9.0 -9.00   -9.0   -9   -9.0   -9   -9.0   -9   -9.0   -9   -9.0   -9 -99.0 -99.0 -99.0 -99.0 -99.0
20260604 258  2.6  2232  14  5.0  900  14  7.2  852  22.6  25.8 1535  20.5  227  19.6  23.1  19.7  83.9  65.0 1730  22.8   4.3   3.0 -9.00 1003.5 1003.7 1005.8  223 1001.7 1530  8.0  2.4 14.4 -9.0 14.27  2.77 1500   -9.0   -9.0 -9.00   -9.0   -9   -9.0   -9   -9.0   -9   -9.0   -9   -9.0   -9 -99.0 -99.0 -99.0 -99.0 -99.0
20260604 259  1.8  1541  11  4.0 1358   9  7.7 1404  22.7  29.0 1319  20.2  126  19.4  23.3  19.8  82.5  57.0 1326  22.6   3.5   2.4 -9.00 1001.2 1003.0 1005.0   54 1001.3 1453  8.0  1.2 14.4 -9.0  9.18  2.33 1400    0.0   -9.0 -9.00    0.0   -9    0.0   -9   -9.0   -9   -9.0   -9   -9.0   -9 -99.0 -99.0 -99.0 -99.0 -99.0
20260604 260  1.8  1591  16  5.6  809  16  8.3  808  22.4  25.8 1527  20.3  337  19.7  24.3  19.4  85.0  69.0 1539  22.9  -9.0  -9.0 -9.00  998.0 1003.0 1005.1  226 1001.3 1506  7.5  1.7 14.4 -9.0 -9.00 -9.00   -9    0.0   -9.0 -9.00    0.0   -9    0.0   -9   -9.0   -9   -9.0   -9   -9.0   -9 -99.0 -99.0 -99.0 -99.0 -99.0
20260604 261  3.3  2834  11  7.1  824  11 10.2  817  22.3  26.2 1522  19.4 2357  19.6  24.4  15.6  85.0  68.0 1506  22.7  -9.0  -9.0 -9.00 1001.5 1003.4 1005.3 2236 1001.9 1508  7.4  3.0 14.4 -9.0 -9.00 -9.00   -9    0.0   -9.0 -9.00    0.0   -9    0.0   -9   -9.0   -9   -9.0   -9   -9.0   -9 -99.0 -99.0 -99.0 -99.0 -99.0
20260604 262  1.7  1487  27  4.6 2153  27  8.8 2151  21.8  25.5 1505  20.0 2109  19.2  24.4  20.9  85.8  71.0 1508  22.3   3.7   2.6 -9.00  997.2 1003.2 1005.2   35 1001.3 1535  8.0  2.1 14.4 -9.0 11.57  2.58 1500    0.0   -9.0 -9.00    0.0   -9    0.0   -9   -9.0   -9   -9.0   -9   -9.0   -9 -99.0 -99.0 -99.0 -99.0 -99.0
20260604 263  1.4  1198  14  4.1 1331  14  5.7 1325  22.6  26.9 1422  19.2  521  17.2  25.7  17.5  73.3  49.0 1843  19.6   5.3   3.7 -9.00 1001.5 1003.1 1005.7   56 1000.9 1720  6.4  4.2 14.4 -9.0 18.16  3.46 1300   -9.0   -9.0 -9.00   -9.0   -9   -9.0   -9   -9.0   -9   -9.0   -9   -9.0   -9 -99.0 -99.0 -99.0 -99.0 -99.0
20260604 264  1.8  1589  16  4.7 1355  18  9.4 1356  22.7  27.7 1620  17.9  538  16.2  25.8  17.2  67.6  48.0 1536  18.4   6.3   4.4 -9.00  985.7 1002.9 1005.6  128 1000.4 1623  6.1  3.9 14.5 -9.0 18.99  3.26 1300    0.0   -9.0 -9.00    0.0   -9    0.0   -9   -9.0   -9   -9.0   -9   -9.0   -9 -99.0 -99.0 -99.0 -99.0 -99.0
20260604 266  1.6  1364   9  4.4 1311   9  7.9 1303  22.2  26.6 1745  20.3  413  19.4  23.9  18.8  85.4  61.0 1736  22.6   3.7   2.6 -9.00  993.4 1003.5 1005.9  234 1001.3 1631  6.8  3.2 14.4 -9.0 12.45  2.74 1500    0.0   -9.0 -9.00    0.0   -9    0.0   -9   -9.0   -9   -9.0   -9   -9.0   -9 -99.0 -99.0 -99.0 -99.0 -99.0
20260604 268  1.5  1283   9  3.8 1244  11  8.4  651  21.3  25.4 1348  17.8 2337  18.9  23.1  18.9  86.9  66.0 1314  21.8  -9.0  -9.0 -9.00 1000.9 1002.0 1004.1 2244 1000.4 1245  6.6  4.9 14.4 -9.0 -9.00 -9.00   -9   -9.0   -9.0 -9.00   -9.0   -9   -9.0   -9   -9.0   -9   -9.0   -9   -9.0   -9 -99.0 -99.0 -99.0 -99.0 -99.0
20260604 271  1.8  1591  16  5.2 1203  16  8.1 1453  22.0  27.1 1329  15.4  418  15.3  27.2  13.2  68.6  46.0 1421  17.4  -9.0  -9.0 -9.00  966.2 1002.8 1006.6  158  999.1 1752  6.5  6.3 14.6 -9.0 -9.00 -9.00   -9   -9.0   -9.0 -9.00   -9.0   -9   -9.0   -9   -9.0   -9   -9.0   -9   -9.0   -9 -99.0 -99.0 -99.0 -99.0 -99.0
20260604 272  1.9  1641  32  7.1 2146  29 13.0 2200  22.9  28.0 1413  19.3  240  17.4  28.3  17.7  72.4  51.0 1709  19.8  -9.0  -9.0 -9.00  978.5 1002.4 1005.6    1  999.1 1734  5.8  5.5 14.6 -9.0 -9.00 -9.00   -9    0.0   -9.0 -9.00    0.0   -9    0.0   -9   -9.0   -9   -9.0   -9   -9.0   -9 -99.0 -99.0 -99.0 -99.0 -99.0
20260604 273  2.0  1729  29  6.0 2143  32 10.9 2134  24.0  28.9 1222  20.6  556  18.0  26.7  17.8  70.3  53.0 1651  20.6  -9.0  -9.0 -9.00  982.2 1001.7 1004.7   17  998.8 1723  5.4  4.6 14.5 -9.0 -9.00 -9.00   -9   -9.0   -9.0 -9.00   -9.0   -9   -9.0   -9   -9.0   -9   -9.0   -9   -9.0   -9 -99.0 -99.0 -99.0 -99.0 -99.0
20260604 276  1.9  1680  20  4.4 1412  14  7.7 1651  22.8  28.2 1422  16.4  501  16.8  32.0  14.2  71.9  42.0 1616  19.2   7.1   5.0 -9.00  978.7 1002.2 1005.6   45  999.1 1800  4.4 10.5 14.5 -9.0 26.19  3.35 1300   -9.0   -9.0 -9.00   -9.0   -9   -9.0   -9   -9.0   -9   -9.0   -9   -9.0   -9 -99.0 -99.0 -99.0 -99.0 -99.0
20260604 277  1.5  1297  14  4.1 1647  20  7.3 1741  21.2  24.7 1446  18.2 2332  18.2  34.1  16.2  84.0  68.0 1330  20.9  -9.0  -9.0 -9.00  998.9 1003.5 1006.3   44 1001.2 1801  4.5  8.0 14.5 -9.0 -9.00 -9.00   -9   -9.0   -9.0 -9.00   -9.0   -9   -9.0   -9   -9.0   -9   -9.0   -9   -9.0   -9 -99.0 -99.0 -99.0 -99.0 -99.0
20260604 278  1.2  1058  23  3.9 1607  18  7.6 1419  24.0  29.9 1402  17.5  538  17.4  29.5  15.7  69.5  44.0 1419  19.9  -9.0  -9.0 -9.00  992.3 1001.5 1004.6   42  998.7 1731  4.0  9.0 14.5 -9.0 -9.00 -9.00   -9   -9.0   -9.0 -9.00   -9.0   -9   -9.0   -9   -9.0   -9   -9.0   -9   -9.0   -9 -99.0 -99.0 -99.0 -99.0 -99.0
20260604 279  1.6  1351  11  3.1 1504  11  6.6 1459  24.7  28.6 1444  20.3  503  17.4  29.3  18.2  65.5  46.0 1635  19.9   5.8   4.0 -9.00  996.6 1002.2 1004.8  351  999.5 1756  4.6  6.2 14.5 -9.0 19.36  2.47 1200   -9.0   -9.0 -9.00   -9.0   -9   -9.0   -9   -9.0   -9   -9.0   -9   -9.0   -9 -99.0 -99.0 -99.0 -99.0 -99.0
20260604 281  1.9  1616  11  3.6 1129  14  6.7 1315  22.5  27.1 1531  19.2  452  17.5  25.7  18.4  75.0  50.0 1633  20.0  -9.0  -9.0 -9.00  992.4 1003.4 1006.1   35 1000.5 1744  4.9  7.9 14.5 -9.0 -9.00 -9.00   -9   -9.0   -9.0 -9.00   -9.0   -9   -9.0   -9   -9.0   -9   -9.0   -9   -9.0   -9 -99.0 -99.0 -99.0 -99.0 -99.0
20260604 283  2.0  1760  11  4.7 1208  14  7.4  958  22.5  27.6 1530  19.1  518  17.9  26.6  16.0  77.0  52.0 1549  20.5   6.0   4.2 -9.00  999.0 1003.6 1006.3   40 1000.8 1800  5.3  7.6 14.5 -9.0 22.45  2.85 1300   -9.0   -9.0 -9.00   -9.0   -9   -9.0   -9   -9.0   -9   -9.0   -9   -9.0   -9 -99.0 -99.0 -99.0 -99.0 -99.0
20260604 284  1.5  1265  14  4.3 1425  16  7.0 1416  21.8  26.7 1528  17.8  532  18.0  24.8  16.1  79.8  56.0 1547  20.6   4.3   3.0 -9.00  975.9 1001.8 1004.6  127  999.1 1738  5.0  3.8 14.5 -9.0 14.72  2.49 1500    0.0   -9.0 -9.00    0.0   -9    0.0   -9   -9.0   -9   -9.0   -9   -9.0   -9 -99.0 -99.0 -99.0 -99.0 -99.0
20260604 285  0.7   609   9  2.2 1305  20  5.8 1326  22.5  28.2 1539  19.0  453  18.9  26.8  18.7  81.5  54.0 1529  21.8  -9.0  -9.0 -9.00 1000.0 1003.0 1005.8  131 1000.7 1649  5.4  5.0 14.5 -9.0 -9.00 -9.00   -9   -9.0   -9.0 -9.00   -9.0   -9   -9.0   -9   -9.0   -9   -9.0   -9   -9.0   -9 -99.0 -99.0 -99.0 -99.0 -99.0
20260604 288  1.4  1222  16  3.7 1414  18  6.3 1501  23.4  28.6 1423  20.2 2356  18.5  27.2  17.9  75.9  49.0 1433  21.3   5.4   3.8 -9.00 1000.7 1001.6 1004.5  149  999.2 1736  6.4  6.4 14.5 -9.0 20.80  3.50 1300   -9.0   -9.0 -9.00   -9.0   -9   -9.0   -9   -9.0   -9   -9.0   -9   -9.0   -9 -99.0 -99.0 -99.0 -99.0 -99.0
20260604 289  1.3  1095   7  3.8  827   7  7.0  827  21.9  27.0 1527  18.8  522  18.7  24.3  17.2  82.8  62.0 1550  21.6  -9.0  -9.0 -9.00  987.9 1003.6 1006.1   53 1001.1 1743  7.0  2.9 14.4 -9.0 -9.00 -9.00   -9    0.3   -9.0 -9.00    0.3   -9    0.1   -9   -9.0   -9   -9.0   -9   -9.0   -9 -99.0 -99.0 -99.0 -99.0 -99.0
20260604 294  1.4  1194   9  3.1  942   9  6.0 1157  21.0  23.3 1731  17.8 2320  18.2  24.2  15.4  84.6  74.0 1737  20.9  -9.0  -9.0 -9.00  998.9 1004.1 1006.4  154 1001.9 1801  7.8  1.6 14.4 -9.0 -9.00 -9.00   -9    0.0   -9.0 -9.00    0.0   -9    0.0   -9   -9.0   -9   -9.0   -9   -9.0   -9 -99.0 -99.0 -99.0 -99.0 -99.0
20260604 295  1.0   892  11  3.1 1310  11  4.7 1312  21.6  24.9 1643  19.6 2326  18.5  23.5  17.6  83.0  68.0 1436  21.3  -9.0  -9.0 -9.00  998.1 1003.3 1005.7   50 1001.4 1647  7.8  1.8 14.4 -9.0 -9.00 -9.00   -9   -9.0   -9.0 -9.00   -9.0   -9   -9.0   -9   -9.0   -9   -9.0   -9   -9.0   -9 -99.0 -99.0 -99.0 -99.0 -99.0
20260604 296  1.4  1178  11  3.3 1034  11  6.4 1029  23.1  26.3 1655  19.5 2333  19.3  25.4  15.3  80.6  64.0 1659  22.4   4.0   2.8 -9.00 1002.3 1002.6 1005.1  159 1000.2 1801  7.3  3.8 14.4 -9.0 15.26  1.91 1400   -9.0   -9.0 -9.00   -9.0   -9   -9.0   -9   -9.0   -9   -9.0   -9   -9.0   -9 -99.0 -99.0 -99.0 -99.0 -99.0
20260605  90  2.2  1936  23  6.0 1232  27 11.7 1230  21.2  26.8 1504  16.2  454  12.7  24.7  14.3  63.4  29.0 1620  15.0   8.5   6.0 -9.00 1002.8 1004.9 1010.0 2335 1001.1  145  2.0 11.6 14.7 -9.0 28.78  3.73 1100    0.0   -9.0 -9.00    0.0   -9    0.0   -9   -9.0   -9   -9.0   -9   -9.0   -9 -99.0 -99.0 -99.0 -99.0 -99.0
20260605  93  2.1  1795  23  6.6 1219  25 10.3 1230  20.5  25.0 1651  14.3 2346  13.6  25.0  13.0  68.6  34.0 1602  15.9   7.7   5.4 -9.00  995.5 1006.6 1012.2 2349 1001.5  118  1.6 11.7 14.7 -9.0 29.46  3.85 1100   -9.0   -9.0 -9.00   -9.0   -9   -9.0   -9   -9.0   -9   -9.0   -9   -9.0   -9  23.8  21.5  18.3  14.1  12.6
20260605  95  1.5  1273  23  3.7 1421  25  8.4 1412  18.9  24.3 1633  13.8 2359  13.2  23.1  11.8  73.8  32.0 1819  15.4   5.9   4.1 -9.00  989.4 1007.4 1012.6 2351 1002.4    1  2.8  8.8 14.7 -9.0 23.71  3.63 1200   -9.0   -9.0 -9.00   -9.0   -9   -9.0   -9   -9.0   -9   -9.0   -9   -9.0   -9 -99.0 -99.0 -99.0 -99.0 -99.0
20260605  98  1.3  1160  29  3.6 1525  27  8.7 1506  19.4  25.5 1547  15.1 2356  12.2  23.8  11.9  66.3  34.0 1714  14.4   5.7   4.0 -9.00  993.8 1007.2 1012.0 2333 1001.7   40  2.4  5.7 14.7 -9.0 20.99  2.87 1200    0.8   -9.0 -9.00    0.8  119    0.7  205   -9.0   -9   -9.0   -9   -9.0   -9 -99.0 -99.0 -99.0 -99.0 -99.0
20260605  99  1.6  1387  34  4.3 1622  34  9.0 1512  19.2  25.6 1510  15.0 2400  12.6  24.9  10.8  70.1  29.0 1730  14.8   6.5   4.5 -9.00 1004.5 1008.0 1012.4 2321 1002.6   35  2.3  8.9 14.7 -9.0 24.87  3.75 1200   -9.0   -9.0 -9.00   -9.0   -9   -9.0   -9   -9.0   -9   -9.0   -9   -9.0   -9 -99.0 -99.0 -99.0 -99.0 -99.0
20260605 100  3.8  3324  27  8.6 1114  29 15.6 1112  16.6  20.6 1529  10.1 2344  10.8  20.7   6.5  70.5  44.0 1613  13.1   7.6   5.3 -9.00  919.1 1005.4 1013.0 2339 1001.1  206  1.9 12.5 14.7 -9.0 31.53  3.79 1100   -9.0   -9.0 -9.00   -9.0   -9   -9.0   -9   -9.0   -9   -9.0   -9   -9.0   -9 -99.0 -99.0 -99.0 -99.0 -99.0
20260605 101  2.3  1956  25  5.6 1232  25  9.3 1232  20.5  25.2 1544  14.3 2400  13.0  25.0  10.2  65.5  37.0 1539  15.3   8.1   5.7 -9.00  996.9 1005.7 1011.3 2349 1000.6  104  1.8 11.2 14.7 -9.0 29.77  3.78 1100    0.0   -9.0 -9.00    0.0   -9    0.0   -9   -9.0   -9   -9.0   -9   -9.0   -9  22.7  19.1  16.9  14.7  15.0
20260605 102  3.3  2827  29  5.8 1738  32  9.6 1336  17.3  20.6 1320  13.8  445  13.8  22.1  10.0  80.8  64.0 1307  15.9   1.2   0.8 -9.00   -9.0   -9.0 1010.9 2341 1008.1 1755  0.6 14.0 14.7 -9.0 32.08  3.73 1200   -9.0   -9.0 -9.00   -9.0   -9   -9.0   -9   -9.0   -9   -9.0   -9   -9.0   -9 -99.0 -99.0 -99.0 -99.0 -99.0
20260605 104  2.0  1716  25  5.4 1045  27  9.8 1045  20.4  27.1 1524  15.3  334  13.8  23.5  11.1  70.3  33.0 1648  16.1   8.4   5.9 -9.00  995.3 1004.0 1009.8 2344 1000.1  150  1.1 12.0 14.7 -9.0 28.38  3.72 1200   -9.0   -9.0 -9.00   -9.0   -9   -9.0   -9   -9.0   -9   -9.0   -9   -9.0   -9  22.2  19.6  17.1  13.6  13.2
20260605 105  2.4  2116  23  6.2 1334  25 12.2 1331  21.9  27.0 1528  16.4  443  11.6  26.2  13.4  56.5  30.0 1731  13.9   9.9   6.9 -9.00 1001.8 1005.0 1010.5 2341 1001.0  131  1.4 13.0 14.7 -9.0 29.58  3.50 1200   -9.0   -9.0 -9.00   -9.0   -9   -9.0   -9   -9.0   -9   -9.0   -9   -9.0   -9  23.0  20.2  18.5  15.2  14.6
20260605 106  1.8  1538   5  3.8 1245  29  7.4 1614  19.8  27.5 1631  15.7  350  15.3  25.7  12.4  76.5  32.0 1634  17.5   7.2   5.0 -9.00 1000.6 1005.3 1010.9 2337 1001.0  253  2.0 12.4 14.6 -9.0 28.50  3.42 1100   -9.0   -9.0 -9.00   -9.0   -9   -9.0   -9   -9.0   -9   -9.0   -9   -9.0   -9 -99.0 -99.0 -99.0 -99.0 -99.0
20260605 108  3.0  2569  29  4.7 1529  27 10.1 1547  20.6  25.2 1558  17.4  645  13.2  26.0  12.2  64.3  38.0 1522  15.3   7.2   5.0 -9.00  997.6 1007.5 1012.0 2259 1002.2    1  1.9  8.9 14.7 -9.0 25.16  3.17 1100   -9.0   -9.0 -9.00   -9.0   -9   -9.0   -9   -9.0   -9   -9.0   -9   -9.0   -9  22.4  19.7  18.4  14.8  13.6
20260605 112  3.0  2628  23  6.6 1556  25  9.5 1608  19.4  23.9 1400  16.3  539  14.0  24.0  14.2  72.3  48.0 1401  16.0   7.5   5.3 -9.00  999.8 1007.8 1012.0 2316 1002.4   17  1.1 12.0 14.6 -9.0 29.97  3.57 1100   -9.0   -9.0 -9.00   -9.0   -9   -9.0   -9   -9.0   -9   -9.0   -9   -9.0   -9  21.4  19.5  14.0  16.8  13.5
20260605 114  2.5  2121  23  4.3 1109  20  8.2 1103  20.8  25.0 1456  16.9 2350  13.3  25.6  12.1  64.5  37.0 1708  15.5   7.4   5.2 -9.00  989.6 1006.9 1012.1 2336 1001.9  108  3.1  9.4 14.6 -9.0 27.06  3.42 1100    0.0   -9.0 -9.00    0.0   -9    0.0   -9   -9.0   -9   -9.0   -9   -9.0   -9 -99.0 -99.0 -99.0 -99.0 -99.0
20260605 115  3.0  2626  32  5.7 2357  34 11.6 1953  21.4  25.0 1154  18.7  218  17.3  25.8  16.4  79.1  46.0 2149  20.1   7.3   5.1 -9.00  979.8 1005.0 1009.9 2354 1001.9  250  3.3  7.5 14.6 -9.0 22.18  3.27 1100   -9.0   -9.0 -9.00   -9.0   -9   -9.0   -9   -9.0   -9   -9.0   -9   -9.0   -9  19.8  16.6  15.6  12.5  13.1
20260605 119  3.1  2658  29  5.5 1631  29  9.7 1619  19.3  24.5 1436  15.4 2356  12.3  30.3  10.8  66.3  40.0 1636  14.4   7.5   5.2 -9.00 1003.2 1007.8 1012.1 2256 1002.4   15  4.0 10.2 14.6 -9.0 27.87  3.59 1200   -9.0   -9.0 -9.00   -9.0   -9   -9.0   -9   -9.0   -9   -9.0   -9   -9.0   -9  22.4  19.2  16.8  13.1  12.7
20260605 121  2.2  1858  23  5.4 1151  29  9.5 1119  19.3  24.5 1545  13.1 2339  13.0  24.3  10.5  70.3  39.0 1739  15.2   7.4   5.2 -9.00  979.3 1006.9 1012.9 2341 1002.5   50  2.9  9.3 14.6 -9.0 27.68  3.85 1200    0.0   -9.0 -9.00    0.0   -9    0.0   -9   -9.0   -9   -9.0   -9   -9.0   -9 -99.0 -99.0 -99.0 -99.0 -99.0
20260605 127  2.2  1918  25  4.6  949  25  8.8 1304  20.7  25.0 1610  14.7 2337  12.6  25.2  13.1  63.0  33.0 1706  14.9   7.2   5.0 -9.00  993.3 1006.5 1011.6 2343 1001.4  109  3.0  8.3 14.6 -9.0 25.45  3.67 1300   -9.0   -9.0 -9.00   -9.0   -9   -9.0   -9   -9.0   -9   -9.0   -9   -9.0   -9 -99.0 -99.0 -99.0 -99.0 -99.0
20260605 129  2.8  2445  29  6.2  954  32  9.9  954  18.9  24.2 1617  14.6  544  11.2  28.5  10.9  64.5  36.0 1643  13.4   8.4   5.9 -9.00 1006.0 1009.0 1012.7 2315 1003.3    1  0.5 12.9 14.6 -9.0 30.85  3.59 1100   -9.0   -9.0 -9.00   -9.0   -9   -9.0   -9   -9.0   -9   -9.0   -9   -9.0   -9  22.2  19.2  19.0  14.1  14.7
20260605 130  1.7  1458   7  4.8 1130   7  7.0 1125  20.6  26.9  849  16.2 2358  17.1  28.8  11.6  81.8  50.0  854  19.7  -9.0  -9.0 -9.00  999.6 1005.3 1010.7 2329 1001.3  359  2.0 13.8 14.6 -9.0 -9.00 -9.00   -9   -9.0   -9.0 -9.00   -9.0   -9   -9.0   -9   -9.0   -9   -9.0   -9   -9.0   -9 -99.0 -99.0 -99.0 -99.0 -99.0
20260605 131  2.1  1794  27  4.2 1456  27  9.5 1358  22.1  26.8 1420  18.5  658  10.9  27.3  14.3  51.1  25.0 1410  13.2   9.1   6.4 -9.00 1000.7 1007.4 1011.9 2400 1002.0  202  2.1 11.9 14.6 -9.0 31.22  3.86 1200   -9.0   -9.0 -9.00   -9.0   -9   -9.0   -9   -9.0   -9   -9.0   -9   -9.0   -9 -99.0 -99.0 -99.0 -99.0 -99.0
20260605 133  2.6  2249  32  5.8 1452  34 11.1 1444  21.3  26.2 1422  16.8 2400  11.1  26.0  11.8  55.8  25.0 1503  13.6   9.3   6.5 -9.00 1000.2 1008.1 1012.5 2350 1002.9   55  2.6 12.9 14.5 -9.0 30.91  3.74 1200   -9.0   -9.0 -9.00   -9.0   -9   -9.0   -9   -9.0   -9   -9.0   -9   -9.0   -9  24.1  22.0  19.5  16.1  15.8
20260605 135  3.2  2743  27  7.5 1012  27 12.4 1555  20.2  24.6 1501  13.2 2348  10.6  27.3  11.3  57.6  25.0 1645  13.2   8.0   5.6 -9.00  978.9 1006.9 1012.4 2344 1002.3    1  3.6 11.2 14.5 -9.0 29.27  3.57 1200    0.0   -9.0 -9.00    0.0   -9    0.0   -9   -9.0   -9   -9.0   -9   -9.0   -9 -99.0 -99.0 -99.0 -99.0 -99.0
20260605 136  2.3  1973  29  5.6 1310  29 10.5 1252  21.9  26.6 1633  16.7 2326  12.6  30.3  13.3  57.6  31.0 1643  14.8   8.5   5.9 -9.00  990.8 1007.0 1012.3 2322 1002.6    1  3.4 12.5 14.6 -9.0 28.95  3.63 1200   -9.0   -9.0 -9.00   -9.0   -9   -9.0   -9   -9.0   -9   -9.0   -9   -9.0   -9 -99.0 -99.0 -99.0 -99.0 -99.0
20260605 137  1.9  1679  27  3.8 1417  23  9.5 1416  22.7  27.2 1454  18.1 2339  12.2  31.4  13.6  54.3  23.0 1611  14.5   8.7   6.1 -9.00  994.9 1005.9 1011.0 2339 1001.2  127  2.9 13.0 14.5 -9.0 30.32  3.62 1100    0.0   -9.0 -9.00    0.0   -9    0.0   -9   -9.0   -9   -9.0   -9   -9.0   -9 -99.0 -99.0 -99.0 -99.0 -99.0
20260605 138  2.7  2328  27  6.1 1237  25  9.6 1020  24.0  29.0 1520  19.3  530  11.1  28.2  14.7  49.3  24.0 1446  13.8  10.2   7.1 -9.00 1004.5 1005.0 1010.2 2354 1001.5   49  4.3 13.3 14.5 -9.0 27.53  3.17 1400   -9.0   -9.0 -9.00   -9.0   -9   -9.0   -9   -9.0   -9   -9.0   -9   -9.0   -9  21.5  18.7  17.4  15.5  15.7
20260605 140  3.9  3381  29  6.7 1606  29  9.7 1445  18.8  22.2 1710  15.1 2348  14.0  25.7   9.2  75.5  57.0 1229  16.1  -9.0  -9.0 -9.00 1006.5 1009.7 1013.4 2333 1004.2   43  2.9 11.8 14.5 -9.0 -9.00 -9.00   -9    0.5   -9.0 -9.00    0.5   45    0.5   49   -9.0   -9   -9.0   -9   -9.0   -9 -99.0 -99.0 -99.0 -99.0 -99.0
20260605 143  2.8  2387  29  6.2 1346  29  9.7 1344  23.4  27.3 1653  18.8 2359   9.9  28.2  13.9  47.6  20.0 1836  13.0  10.4   7.2 -9.00  999.6 1005.7 1010.9 2348 1001.5   40  4.1 13.2 14.5 -9.0 27.76  3.73 1200   -9.0   -9.0 -9.00   -9.0   -9   -9.0   -9   -9.0   -9   -9.0   -9   -9.0   -9 -99.0 -99.0 -99.0 -99.0 -99.0
20260605 146  3.2  2774  27  5.5 1230  29  8.8 1031  20.5  25.6 1526  16.4  530  12.9  25.2  11.6  64.1  37.0 1513  15.0   8.2   5.8 -9.00 1001.6 1008.6 1012.7 2329 1003.6   28  3.8 11.1 14.5 -9.0 28.26  3.49 1200    0.0   -9.0  0.42    0.0   -9    0.0   -9   -9.0   -9   -9.0   -9   -9.0   -9 -99.0 -99.0 -99.0 -99.0 -99.0
20260605 152  1.8  1569   9  4.4 1602   5  9.7 1640  22.5  28.5 1407  17.3  410  11.0  24.7  12.7  53.9  21.0 1518  13.8   9.2   6.5 -9.00  995.8 1005.1 1010.0 2328 1001.8  124  3.4 12.5 14.5 -9.0 27.91  3.27 1200   -9.0   -9.0 -9.00   -9.0   -9   -9.0   -9   -9.0   -9   -9.0   -9   -9.0   -9 -99.0 -99.0 -99.0 -99.0 -99.0
20260605 155  1.4  1244  29  3.3 1156  32  8.0 1155  23.7  29.5 1342  18.2  439  12.2  27.6  15.7  54.6  24.0 1358  14.9   9.1   6.4 -9.00 1002.2 1006.2 1010.9 2346 1002.5  107  4.4 12.2 14.4 -9.0 27.98  3.55 1100   -9.0   -9.0 -9.00   -9.0   -9   -9.0   -9   -9.0   -9   -9.0   -9   -9.0   -9 -99.0 -99.0 -99.0 -99.0 -99.0
20260605 156  2.0  1762   5  4.0 1122   2  8.7 1115  21.8  26.4 1451  17.8 2346  11.3  27.3  11.3  55.1  26.0 1648  13.9   8.8   6.2 -9.00 1000.1 1008.2 1012.5 2321 1002.8   35  4.4 12.8 14.4 -9.0 30.11  3.74 1200    0.0   -9.0  0.05    0.0   -9    0.0   -9   -9.0   -9   -9.0   -9   -9.0   -9 -99.0 -99.0 -99.0 -99.0 -99.0
20260605 159  3.1  2708  23  7.1 1328  29  9.7 1254  24.1  29.6 1638  19.5  222  13.1  25.4  13.3  54.6  25.0 1720  15.8   9.6   6.7 -9.00  997.5 1005.4 1009.8 2352 1002.1  125  6.9 11.2 14.4 -9.0 27.43  3.53 1200   -9.0   -9.0 -9.00   -9.0   -9   -9.0   -9   -9.0   -9   -9.0   -9   -9.0   -9  22.3  20.4  19.4  16.0  16.8
20260605 162  2.1  1775  25  5.2 1414  29  8.4  936  22.6  28.2 1546  18.3  240  14.0  26.4  11.9  62.5  29.0 1757  16.4   8.3   5.8 -9.00 1002.2 1005.7 1010.2 2349 1002.2  115  4.4 11.2 14.4 -9.0 26.80  3.20 1100   -9.0   -9.0 -9.00   -9.0   -9   -9.0   -9   -9.0   -9   -9.0   -9   -9.0   -9 -99.0 -99.0 -99.0 -99.0 -99.0
20260605 165  5.5  4719   2  9.4 1448   2 12.8 1441  20.2  23.0 1414  17.1 2347  13.8  23.8  13.1  69.0  42.0 1633  16.0   8.5   6.0 -9.00 1004.0 1009.2 1012.6 2257 1004.4   18  4.8 11.5 14.4 -9.0 30.12  3.62 1100    0.0   -9.0  0.27    0.0   -9    0.0   -9   -9.0   -9   -9.0   -9   -9.0   -9  23.0  20.9  18.5  16.2  14.9
20260605 168  4.8  4180  34  9.5 1357  32 14.7 1356  22.9  26.5 1502  20.1  452  11.6  28.0  16.9  53.3  25.0 1736  14.3  10.8   7.6 -9.00  999.6 1007.2 1011.4 2332 1003.1  110  5.1 10.4 14.4 -9.0 26.63  3.66 1100   -9.0   -9.0 -9.00   -9.0   -9   -9.0   -9   -9.0   -9   -9.0   -9   -9.0   -9  23.3  20.8  18.7  16.3  16.5
20260605 169  5.0  4355  34  7.8  642  34 10.6  403  19.4  22.6 1544  16.9 2045  16.1  24.5  16.2  82.0  67.0 1658  18.3   6.7   4.7 -9.00 1000.9 1009.7 1012.8 2256 1004.4    2  4.5 13.0 14.4 -9.0 29.94  3.71 1200   -9.0   -9.0 -9.00   -9.0   -9   -9.0   -9   -9.0   -9   -9.0   -9   -9.0   -9 -99.0 -99.0 -99.0 -99.0 -99.0
20260605 170  2.3  1978  34  4.3 1104   2  9.3 1119  22.0  26.8 1511  17.2 2248  13.8  24.7  13.6  61.8  42.0 1805  16.1   7.8   5.5 -9.00 1004.5 1008.6 1012.4 2253 1004.2   39  5.6 11.5 14.4 -9.0 27.18  3.19 1000   -9.0   -9.0 -9.00   -9.0   -9   -9.0   -9   -9.0   -9   -9.0   -9   -9.0   -9 -99.0 -99.0 -99.0 -99.0 -99.0
20260605 172  3.3  2825  32  6.1 1523  29 10.1 1527  19.5  23.6 1633  14.5 2359  13.0  26.5  10.1  69.4  35.0 1511  15.2   8.2   5.7 -9.00 1002.8 1008.9 1012.5 2306 1003.5   39  4.1 13.3 14.4 -9.0 30.60  3.71 1300    0.0   -9.0 -9.00    0.0   -9    0.0   -9   -9.0   -9   -9.0   -9   -9.0   -9 -99.0 -99.0 -99.0 -99.0 -99.0
20260605 174  3.1  2649  32  6.1 1226  34 11.9 1613  20.1  24.8 1337  12.9 2345  10.2  25.1  11.4  56.1  28.0 1602  12.8  -9.0  -9.0 -9.00  987.5 1006.4 1011.4 2334 1001.9   12  3.8 11.6 14.4 -9.0 -9.00 -9.00   -9   -9.0   -9.0 -9.00   -9.0   -9   -9.0   -9   -9.0   -9   -9.0   -9   -9.0   -9 -99.0 -99.0 -99.0 -99.0 -99.0
20260605 177  3.0  2590  23  5.8  852  25 10.0  811  20.4  25.3 1451  16.1  529  12.1  26.6  12.8  62.3  34.0 1527  14.2   8.8   6.1 -9.00 1004.2 1007.4 1011.5 2340 1001.7   13  0.3 13.8 14.6 -9.0 31.53  3.62 1200    0.0   -9.0  0.50    0.0   -9    0.0   -9   -9.0   -9   -9.0   -9   -9.0   -9 -99.0 -99.0 -99.0 -99.0 -99.0
20260605 181  2.7  2303  34  5.7 1522  34 11.8 1237  20.8  25.1 1359  16.0 2357  11.9  27.1   9.9  58.9  31.0 1353  14.1   8.7   6.1 -9.00 1004.2 1008.1 1012.6 2400 1002.6  148  0.5 12.7 14.6 -9.0 31.16  3.70 1200   -9.0   -9.0 -9.00   -9.0   -9   -9.0   -9   -9.0   -9   -9.0   -9   -9.0   -9 -99.0 -99.0 -99.0 -99.0 -99.0
20260605 184  3.0  2574  29  5.3 1513  34  7.8 1459  21.5  25.2 1230  19.1 2357  15.7  25.6  14.8  70.8  45.0 1234  18.0   7.3   5.1 -9.00 1006.7 1009.1 1011.9 2233 1004.3   26  7.8  7.6 14.3 -9.0 24.97  3.90 1300    0.0   -9.0  0.25    0.0   -9    0.0   -9   -9.0   -9   -9.0   -9   -9.0   -9  23.3  21.9  21.3  19.0  16.6
20260605 185  6.8  5875  29 11.5 1508  34 14.6 1501  19.5  21.1 1303  18.5 2326  16.3  23.0  15.7  82.5  68.0 1220  18.7   6.4   4.5 -9.00 1000.7 1009.0 1012.0 2231 1004.7    8  6.8  7.7 14.3 -9.0 25.78  3.93 1200   -9.0   -9.0 -9.00   -9.0   -9   -9.0   -9   -9.0   -9   -9.0   -9   -9.0   -9 -99.0 -99.0 -99.0 -99.0 -99.0
20260605 188  2.5  2160  29  5.8 1245  29 10.5 1153  20.9  24.8 1448  17.4  259  13.3  21.2  14.2  64.6  43.0 1139  15.5  -9.0  -9.0 -9.00 1006.4 1008.8 1012.0 2236 1004.7   43  6.1  8.3 14.3 -9.0 -9.00 -9.00   -9   -9.0   -9.0 -9.00   -9.0   -9   -9.0   -9   -9.0   -9   -9.0   -9   -9.0   -9 -99.0 -99.0 -99.0 -99.0 -99.0
20260605 189  1.5  1286  23  4.3 1252  23  6.2 1200  22.5  26.0 1135  18.9  525  16.8  24.8  17.6  71.5  50.0 1705  19.3   6.6   4.6 -9.00 1002.6 1008.6 1011.8 2236 1004.6   21  7.6  7.3 14.3 -9.0 24.22  3.69 1200   -9.0   -9.0 -9.00   -9.0   -9   -9.0   -9   -9.0   -9   -9.0   -9   -9.0   -9 -99.0 -99.0 -99.0 -99.0 -99.0
20260605 192  1.2  1014  36  3.9 1245  36  8.2 1534  21.6  27.5 1451  15.5 2335  13.0  28.8  12.5  63.5  28.0 1217  15.3   7.9   5.5 -9.00 1003.4 1006.8 1011.6 2355 1002.6   29  3.4 11.6 14.4 -9.0 28.37  3.50 1100   -9.0   -9.0 -9.00   -9.0   -9   -9.0   -9   -9.0   -9   -9.0   -9   -9.0   -9 -99.0 -99.0 -99.0 -99.0 -99.0
20260605 201  3.1  2665  23  5.2 1445  27  9.8 1320  19.2  24.3 1347  15.2  526  14.2  25.4  12.5  74.4  42.0 1349  16.2  -9.0  -9.0 -9.00 1002.8 1008.4 1012.4 2337 1002.9    3  1.5 11.6 14.7 -9.0 -9.00 -9.00   -9   -9.0   -9.0 -9.00   -9.0   -9   -9.0   -9   -9.0   -9   -9.0   -9   -9.0   -9 -99.0 -99.0 -99.0 -99.0 -99.0
20260605 202  2.1  1779  25  4.3  957  27  8.9 1512  21.2  25.4 1457  17.8 2336  12.6  27.6  14.1  60.6  34.0 1508  14.8  -9.0  -9.0 -9.00 1001.8 1007.2 1012.0 2343 1001.9   58  2.0  8.7 14.7 -9.0 -9.00 -9.00   -9   -9.0   -9.0 -9.00   -9.0   -9   -9.0   -9   -9.0   -9   -9.0   -9   -9.0   -9 -99.0 -99.0 -99.0 -99.0 -99.0
20260605 203  1.8  1579  20  3.2 1126  20  7.4 1152  20.8  26.5 1516  16.5 2347  13.6  27.8  13.3  66.3  36.0 1610  15.6  -9.0  -9.0 -9.00  998.5 1007.8 1012.4 2347 1002.5   34  2.1  8.0 14.6 -9.0 -9.00 -9.00   -9   -9.0   -9.0 -9.00   -9.0   -9   -9.0   -9   -9.0   -9   -9.0   -9   -9.0   -9 -99.0 -99.0 -99.0 -99.0 -99.0
20260605 211  1.8  1572  18  5.1 1247  23 11.1 1355  19.5  24.2 1601  12.9 2357  12.1  23.3   8.0  65.8  35.0 1617  14.4  -9.0  -9.0 -9.00  982.3 1005.6 1012.0 2337 1001.0  139  2.6  7.7 14.7 -9.0 -9.00 -9.00   -9   -9.0   -9.0 -9.00   -9.0   -9   -9.0   -9   -9.0   -9   -9.0   -9   -9.0   -9 -99.0 -99.0 -99.0 -99.0 -99.0
20260605 212  1.6  1352  27  4.4 1235  27  8.8 1400  20.1  25.0 1528  14.6 2357  12.8  23.8  12.4  66.9  34.0 1639  15.1  -9.0  -9.0 -9.00  990.8 1006.9 1012.6 2359 1001.8  122  2.1  9.7 14.7 -9.0 -9.00 -9.00   -9   -9.0   -9.0 -9.00   -9.0   -9   -9.0   -9   -9.0   -9   -9.0   -9   -9.0   -9 -99.0 -99.0 -99.0 -99.0 -99.0
20260605 216  1.5  1320  32  4.0 1248  36  8.7 1254  17.2  22.5 1130  10.8 2347   9.8  23.0  10.2  64.8  39.0 1534  12.3   7.1   4.9 -9.00  925.9 1006.0 1013.3 2400 1001.8  147  3.1 12.0 14.6 -9.0 30.14  3.69 1100   -9.0   -9.0 -9.00   -9.0   -9   -9.0   -9   -9.0   -9   -9.0   -9   -9.0   -9 -99.0 -99.0 -99.0 -99.0 -99.0
20260605 217  1.8  1525  18  4.7 1603  20  8.7 1620  18.8  25.0 1632  11.6 2400  11.4  25.0  11.5  66.1  35.0 1710  13.8  -9.0  -9.0 -9.00  970.8 1006.5 1013.2 2400 1002.0  131  4.1  8.1 14.6 -9.0 -9.00 -9.00   -9    0.0   -9.0 -9.00    0.0   -9    0.0   -9   -9.0   -9   -9.0   -9   -9.0   -9 -99.0 -99.0 -99.0 -99.0 -99.0
20260605 221  2.2  1927  25  4.9  941  27  8.8 1331  18.7  23.5 1625  13.4 2346  12.8  23.5  11.7  72.1  37.0 1722  15.0  -9.0  -9.0 -9.00  976.5 1006.9 1012.3 2342 1002.1   42  1.9  9.1 14.6 -9.0 -9.00 -9.00   -9    0.0   -9.0 -9.00    0.0   -9    0.0   -9   -9.0   -9   -9.0   -9   -9.0   -9 -99.0 -99.0 -99.0 -99.0 -99.0
20260605 226  2.1  1832  27  5.1 1449  34 11.0 1338  20.3  25.5 1401  13.9 2345  11.8  27.4   8.0  61.5  26.0 1511  14.1  -9.0  -9.0 -9.00  988.0 1007.7 1012.7 2333 1002.6   58  2.4 11.8 14.6 -9.0 -9.00 -9.00   -9    0.0   -9.0 -9.00    0.0   -9    0.0   -9   -9.0   -9   -9.0   -9   -9.0   -9 -99.0 -99.0 -99.0 -99.0 -99.0
20260605 232  2.2  1894  25  4.6  946  27  8.5  955  20.1  24.7 1444  14.3 2356  12.5  29.4  10.5  64.8  38.0 1339  14.6  -9.0  -9.0 -9.00  998.7 1008.5 1013.0 2356 1002.9  134  1.6 10.7 14.6 -9.0 -9.00 -9.00   -9   -9.0   -9.0 -9.00   -9.0   -9   -9.0   -9   -9.0   -9   -9.0   -9   -9.0   -9 -99.0 -99.0 -99.0 -99.0 -99.0
20260605 235  1.0   862  23  2.5 1322  34  5.6 1014  19.0  24.7 1300  14.4  521  13.9  27.0  10.3  74.8  46.0 1221  15.9   7.1   5.0 -9.00 1007.5 1008.6 1012.3 2339 1003.0    1  1.1 11.6 14.5 -9.0 29.71  3.71 1200   -9.0   -9.0 -9.00   -9.0   -9   -9.0   -9   -9.0   -9   -9.0   -9   -9.0   -9 -99.0 -99.0 -99.0 -99.0 -99.0
20260605 236  2.1  1812  29  5.2 1442  27  9.4 1349  20.9  26.6 1428  15.3 2319  12.1  28.5  10.1  61.4  26.0 1435  14.3  -9.0  -9.0 -9.00 1007.2 1008.7 1012.7 2335 1003.4  113  1.9 13.3 14.5 -9.0 -9.00 -9.00   -9   -9.0   -9.0 -9.00   -9.0   -9   -9.0   -9   -9.0   -9   -9.0   -9   -9.0   -9 -99.0 -99.0 -99.0 -99.0 -99.0
20260605 238  1.7  1489  27  3.9 1514  29  8.4 1633  21.0  26.0 1449  14.7 2350  11.4  28.4   8.8  57.9  25.0 1645  13.8  -9.0  -9.0 -9.00  987.9 1007.4 1012.2 2329 1002.4  100  2.8 12.4 14.5 -9.0 -9.00 -9.00   -9    0.0   -9.0 -9.00    0.0   -9    0.0   -9   -9.0   -9   -9.0   -9   -9.0   -9 -99.0 -99.0 -99.0 -99.0 -99.0
20260605 239  2.3  1967  32  5.6 1428  34  9.6 1637  20.2  24.9 1357  15.7 2358  11.2  27.4  12.3  60.0  26.0 1433  13.7   8.5   6.0 -9.00  997.2 1007.6 1012.2 2357 1002.4   45  1.3 12.4 14.6 -9.0 30.93  3.69 1200   -9.0   -9.0 -9.00   -9.0   -9   -9.0   -9   -9.0   -9   -9.0   -9   -9.0   -9 -99.0 -99.0 -99.0 -99.0 -99.0
20260605 243  2.4  2094  29  4.5 1533  29  9.3 1427  19.8  23.8 1421  15.9 2352  13.3  27.2  11.3  68.6  39.0 1455  15.4  -9.0  -9.0 -9.00 1007.9 1009.3 1012.8 2320 1003.9   36  3.6 12.6 14.5 -9.0 -9.00 -9.00   -9    0.0   -9.0 -9.00    0.0   -9    0.0   -9   -9.0   -9   -9.0   -9   -9.0   -9 -99.0 -99.0 -99.0 -99.0 -99.0
20260605 244  1.9  1616  34  4.0  445  34  8.1 1650  19.5  24.7 1356  13.2 2355  11.8  24.5  10.1  64.5  32.0 1434  14.1  -9.0  -9.0 -9.00  979.8 1008.2 1012.9 2330 1003.3  105  3.8 11.4 14.5 -9.0 -9.00 -9.00   -9    0.0   -9.0 -9.00    0.0   -9    0.0   -9   -9.0   -9   -9.0   -9   -9.0   -9 -99.0 -99.0 -99.0 -99.0 -99.0
20260605 245  3.0  2563  34  6.2 1527  36 11.1 1459  20.2  24.4 1503  15.1 2345  12.3  28.0  10.4  63.5  28.0 1639  14.6   7.9   5.5 -9.00 1001.1 1009.1 1012.9 2306 1003.7   39  4.1 12.3 14.5 -9.0 27.56  3.58 1300    0.0   -9.0 -9.00    0.0   -9    0.0   -9   -9.0   -9   -9.0   -9   -9.0   -9 -99.0 -99.0 -99.0 -99.0 -99.0
20260605 247  1.9  1657  32  5.4 1452  34  9.0 1443  21.1  25.7 1501  15.5 2358  12.3  26.3  13.2  60.4  33.0 1444  14.6  -9.0  -9.0 -9.00  992.6 1008.0 1012.4 2327 1003.3   42  4.9 12.8 14.4 -9.0 -9.00 -9.00   -9   -9.0   -9.0 -9.00   -9.0   -9   -9.0   -9   -9.0   -9   -9.0   -9   -9.0   -9 -99.0 -99.0 -99.0 -99.0 -99.0
20260605 248  1.8  1595  29  4.8 1048  27  9.8 1011  19.0  23.6 1402  12.4 2350  11.5  25.3   8.8  64.6  38.0 1408  13.7  -9.0  -9.0 -9.00  961.8 1008.1 1013.5 2322 1003.3  143  6.5 12.1 14.5 -9.0 -9.00 -9.00   -9    0.0   -9.0 -9.00    0.0   -9    0.0   -9   -9.0   -9   -9.0   -9   -9.0   -9 -99.0 -99.0 -99.0 -99.0 -99.0
20260605 251 -9.0    -9  32  4.9  432  34  8.2  432 -99.0  24.4 1350  13.6 2400 -99.0 -99.0  13.3  -9.0  34.0 1351  -9.0  -9.0  -9.0 -9.00   -9.0   -9.0 1012.3 2308 1003.2   39  4.9 -9.0 14.4 -9.0 -9.00 -9.00   -9    0.0   -9.0 -9.00    0.0   -9    0.0   -9   -9.0   -9   -9.0   -9   -9.0   -9 -99.0 -99.0 -99.0 -99.0 -99.0
20260605 252  2.5  2173  34  5.2 1350  34  9.7 1406  19.5  23.5 1338  14.8 2338  12.8  25.3  10.6  67.8  36.0 1557  15.0   7.3   5.1 -9.00 1004.9 1009.2 1012.6 2304 1003.8   28  4.3 11.0 14.4 -9.0 29.45  3.65 1300   -9.0   -9.0 -9.00   -9.0   -9   -9.0   -9   -9.0   -9   -9.0   -9   -9.0   -9 -99.0 -99.0 -99.0 -99.0 -99.0
20260605 253  1.3  1161  27  5.0 1537  27  8.5 1536  23.8  29.7 1419  18.0  435  13.5  26.7  14.3  57.8  25.0 1630  16.1   8.1   5.7 -9.00 1000.5 1006.7 1011.4 2352 1003.1  112  3.1 11.9 14.4 -9.0 26.89  3.41 1200   -9.0   -9.0 -9.00   -9.0   -9   -9.0   -9   -9.0   -9   -9.0   -9   -9.0   -9 -99.0 -99.0 -99.0 -99.0 -99.0
20260605 254  2.9  2508  32  6.0 1501  36 11.6 1151  20.7  24.8 1539  15.6 2351  10.0  27.4  11.6  53.8  22.0 1710  12.6   8.8   6.2 -9.00  993.9 1008.8 1013.1 2320 1003.9   46  3.9 13.1 14.4 -9.0 30.40  3.70 1300   -9.0   -9.0 -9.00   -9.0   -9   -9.0   -9   -9.0   -9   -9.0   -9   -9.0   -9 -99.0 -99.0 -99.0 -99.0 -99.0
20260605 255  1.7  1477  32  4.8 1642  32  8.1 1219  24.3  29.7 1459  19.0  355  13.2  25.5  13.6  54.8  30.0 1234  15.6   8.4   5.9 -9.00 1000.0 1005.8 1010.7 2332 1002.4  115  3.5 12.6 14.4 -9.0 26.04  3.44 1200   -9.0   -9.0 -9.00   -9.0   -9   -9.0   -9   -9.0   -9   -9.0   -9   -9.0   -9 -99.0 -99.0 -99.0 -99.0 -99.0
20260605 257  1.7  1480  29  4.0 1725  27  7.3 1337  24.0  31.2 1414  17.1 2348  14.3  26.9  13.2  60.5  24.0 1515  16.9   8.0   5.6 -9.00 1005.1 1005.8 1010.8 2349 1002.5  121  3.3  9.7 14.5 -9.0 26.14  3.39 1200   -9.0   -9.0 -9.00   -9.0   -9   -9.0   -9   -9.0   -9   -9.0   -9   -9.0   -9 -99.0 -99.0 -99.0 -99.0 -99.0
20260605 258  3.5  3031  34  6.9 1204  34 11.2 1155  22.7  27.7 1430  17.4 2233  12.5  23.2  14.4  56.3  28.0 1637  15.0   9.7   6.8 -9.00 1008.0 1008.2 1012.3 2307 1003.9   54  4.0 11.6 14.4 -9.0 29.75  3.61 1100   -9.0   -9.0 -9.00   -9.0   -9   -9.0   -9   -9.0   -9   -9.0   -9   -9.0   -9 -99.0 -99.0 -99.0 -99.0 -99.0
20260605 259  2.6  2241  29  5.4 1150   5 10.2 1411  22.1  27.1 1448  16.7 2357  12.6  23.6  13.1  58.0  31.0 1620  15.0   8.2   5.7 -9.00 1006.5 1008.3 1012.1 2251 1003.9    4  4.8 11.5 14.4 -9.0 28.93  3.35 1100   -9.0   -9.0 -9.00   -9.0   -9   -9.0   -9   -9.0   -9   -9.0   -9   -9.0   -9 -99.0 -99.0 -99.0 -99.0 -99.0
20260605 260  2.7  2327  25  6.4 1419  34 10.1 1443  21.5  26.2 1500  15.0 2400  13.3  26.7  12.5  63.0  36.0 1648  15.6  -9.0  -9.0 -9.00 1003.1 1008.2 1012.4 2319 1003.9    3  3.9 11.2 14.4 -9.0 -9.00 -9.00   -9   -9.0   -9.0 -9.00   -9.0   -9   -9.0   -9   -9.0   -9   -9.0   -9   -9.0   -9 -99.0 -99.0 -99.0 -99.0 -99.0
20260605 261  2.9  2494  29  7.4 1353  29 13.2 1405  20.8  25.0 1533  15.3 2357  15.2  25.7  11.7  72.5  46.0 1703  17.4  -9.0  -9.0 -9.00 1007.2 1009.1 1012.6 2232 1004.6   29  5.0 11.6 14.4 -9.0 -9.00 -9.00   -9    0.0   -9.0 -9.00    0.0   -9    0.0   -9   -9.0   -9   -9.0   -9   -9.0   -9 -99.0 -99.0 -99.0 -99.0 -99.0
20260605 262  2.8  2462  32  6.5 1152  32  9.8  936  21.6  27.4 1638  14.5 2356  13.1  23.1  16.4  62.1  30.0 1724  15.5   7.5   5.2 -9.00 1001.8 1007.8 1011.9 2313 1003.5   35  5.5 11.8 14.4 -9.0 25.95  3.06 1100   -9.0   -9.0 -9.00   -9.0   -9   -9.0   -9   -9.0   -9   -9.0   -9   -9.0   -9 -99.0 -99.0 -99.0 -99.0 -99.0
20260605 263  1.8  1562  34  4.9 1314  29  8.0 1428  21.9  28.4 1442  14.8 2351  12.2  26.6  11.7  59.3  21.0 1309  14.5   8.3   5.8 -9.00 1004.9 1006.6 1011.6 2327 1002.4   52  3.5 11.0 14.5 -9.0 27.55  3.58 1100   -9.0   -9.0 -9.00   -9.0   -9   -9.0   -9   -9.0   -9   -9.0   -9   -9.0   -9 -99.0 -99.0 -99.0 -99.0 -99.0
20260605 264  3.1  2643  27  5.8  927  29 10.4  856  21.9  27.0 1625  14.4 2359   8.2  25.4  12.9  45.3  14.0 1652  11.2   9.9   6.9 -9.00  990.0 1007.4 1012.7 2343 1002.9   11  5.1 12.9 14.5 -9.0 30.93  3.57 1300   -9.0   -9.0 -9.00   -9.0   -9   -9.0   -9   -9.0   -9   -9.0   -9   -9.0   -9 -99.0 -99.0 -99.0 -99.0 -99.0
20260605 266  1.9  1640  29  4.6 1220  29  9.7 1136  22.3  27.3 1456  18.5  525  13.0  25.0  15.0  59.1  33.0 1713  15.3   8.0   5.6 -9.00  997.3 1007.4 1011.9 2347 1003.3   39  3.9 11.8 14.4 -9.0 28.37  3.59 1100   -9.0   -9.0 -9.00   -9.0   -9   -9.0   -9   -9.0   -9   -9.0   -9   -9.0   -9 -99.0 -99.0 -99.0 -99.0 -99.0
20260605 268  3.1  2672  29  6.3 1155   5 10.4 1154  19.9  23.4 1347  14.9 2358  14.5  24.6  16.1  73.4  47.0 1546  16.7  -9.0  -9.0 -9.00 1007.1 1008.2 1011.5 2240 1003.4    1  4.8 11.2 14.4 -9.0 -9.00 -9.00   -9   -9.0   -9.0 -9.00   -9.0   -9   -9.0   -9   -9.0   -9   -9.0   -9   -9.0   -9 -99.0 -99.0 -99.0 -99.0 -99.0
20260605 271  1.7  1441  32  4.4 1056  32  9.2 1054  18.9  24.7 1141  11.5 2400  11.3  27.6   8.1  65.4  34.0 1301  13.6  -9.0  -9.0 -9.00  969.4 1006.5 1013.0 2326 1002.1  119  2.3 11.4 14.6 -9.0 -9.00 -9.00   -9   -9.0   -9.0 -9.00   -9.0   -9   -9.0   -9   -9.0   -9   -9.0   -9   -9.0   -9 -99.0 -99.0 -99.0 -99.0 -99.0
20260605 272  3.8  3272  32  9.1 1153  32 14.7 1150  20.2  24.1 1554  15.6 2249  12.8  29.5  11.3  65.1  39.0 1530  15.0  -9.0  -9.0 -9.00  982.1 1006.3 1011.7 2356 1001.6   41  2.9 13.2 14.6 -9.0 -9.00 -9.00   -9   -9.0   -9.0 -9.00   -9.0   -9   -9.0   -9   -9.0   -9   -9.0   -9   -9.0   -9 -99.0 -99.0 -99.0 -99.0 -99.0
20260605 273  2.3  2018  29  5.7 1457  27 10.1 1334  21.0  26.3 1534  15.8 2355  12.2  28.6  10.2  60.0  28.0 1542  14.5  -9.0  -9.0 -9.00  986.3 1006.1 1011.3 2338 1001.3  113  2.8 12.1 14.6 -9.0 -9.00 -9.00   -9   -9.0   -9.0 -9.00   -9.0   -9   -9.0   -9   -9.0   -9   -9.0   -9   -9.0   -9 -99.0 -99.0 -99.0 -99.0 -99.0
20260605 276  2.9  2492  29  6.3 1221  29 12.9 1217  20.9  26.3 1357  13.0 2359  11.5  28.4   8.6  61.1  28.0 1810  14.0   9.1   6.4 -9.00  981.7 1005.5 1011.5 2330 1001.7   18  3.6 12.5 14.6 -9.0 29.23  3.59 1300   -9.0   -9.0 -9.00   -9.0   -9   -9.0   -9   -9.0   -9   -9.0   -9   -9.0   -9 -99.0 -99.0 -99.0 -99.0 -99.0
20260605 277  2.7  2310  29  6.8 1233  32 11.8 1231  22.1  27.9 1408  16.0  406  12.2  31.3  13.3  57.9  33.0 1227  14.5  -9.0  -9.0 -9.00 1000.5 1005.2 1010.6 2344 1001.6  407  3.1 13.5 14.5 -9.0 -9.00 -9.00   -9   -9.0   -9.0 -9.00   -9.0   -9   -9.0   -9   -9.0   -9   -9.0   -9   -9.0   -9 -99.0 -99.0 -99.0 -99.0 -99.0
20260605 278  2.0  1709  32  4.8  946  27  8.8 1138  21.7  27.2 1652  14.5 2353  12.4  28.9   9.4  60.9  23.0 1742  14.8  -9.0  -9.0 -9.00  996.1 1005.5 1010.9 2354 1001.2    1  4.0 12.5 14.5 -9.0 -9.00 -9.00   -9   -9.0   -9.0 -9.00   -9.0   -9   -9.0   -9   -9.0   -9   -9.0   -9   -9.0   -9 -99.0 -99.0 -99.0 -99.0 -99.0
20260605 279  2.0  1739  29  5.6  852  27  9.3 1035  23.1  27.7 1501  18.0 2345  10.4  28.9  13.5  48.4  20.0 1744  13.1   8.5   6.0 -9.00 1000.8 1006.5 1011.6 2353 1001.9    2  3.8 12.7 14.5 -9.0 27.49  3.12 1000   -9.0   -9.0 -9.00   -9.0   -9   -9.0   -9   -9.0   -9   -9.0   -9   -9.0   -9 -99.0 -99.0 -99.0 -99.0 -99.0
20260605 281  2.3  2005  27  5.8 1509  27 11.2 1505  21.9  28.0 1310  15.2 2349  11.1  26.3  10.7  56.4  25.0 1842  13.8  -9.0  -9.0 -9.00  995.5 1006.5 1011.8 2347 1002.6   28  4.3 11.5 14.5 -9.0 -9.00 -9.00   -9   -9.0   -9.0 -9.00   -9.0   -9   -9.0   -9   -9.0   -9   -9.0   -9   -9.0   -9 -99.0 -99.0 -99.0 -99.0 -99.0
20260605 283  2.9  2495  29  7.3 1224  29 11.1 1221  22.3  29.2 1357  16.2 2344  13.4  26.8  12.2  61.5  26.0 1402  15.6   9.6   6.7 -9.00 1001.5 1006.1 1011.3 2339 1002.5   56  3.8 12.7 14.5 -9.0 28.80  3.55 1300   -9.0   -9.0 -9.00   -9.0   -9   -9.0   -9   -9.0   -9   -9.0   -9   -9.0   -9 -99.0 -99.0 -99.0 -99.0 -99.0
20260605 284  2.4  2056  32  5.1 1442  32  8.6 1733  20.8  27.1 1628  12.7 2400  12.3  27.1   9.4  61.6  33.0 1733  14.5   8.2   5.8 -9.00  979.9 1006.0 1011.9 2400 1001.6    5  4.9 12.7 14.5 -9.0 28.38  3.26 1300    0.0   -9.0 -9.00    0.0   -9    0.0   -9   -9.0   -9   -9.0   -9   -9.0   -9 -99.0 -99.0 -99.0 -99.0 -99.0
20260605 285  1.4  1187  34  4.0 1718  34  7.0 1147  22.8  28.6 1258  15.5 2351  11.8  27.5  13.5  56.4  26.0 1840  14.3  -9.0  -9.0 -9.00 1003.7 1006.8 1011.8 2315 1002.4   27  4.0 13.0 14.5 -9.0 -9.00 -9.00   -9   -9.0   -9.0 -9.00   -9.0   -9   -9.0   -9   -9.0   -9   -9.0   -9   -9.0   -9 -99.0 -99.0 -99.0 -99.0 -99.0
20260605 288  1.8  1581  27  5.4 1250  27  9.0 1248  23.3  29.9 1457  17.8  454  12.9  28.3  17.4  57.9  20.0 1510  15.4   9.0   6.3 -9.00 1003.9 1004.9 1010.0 2346 1001.2   53  3.8 11.1 14.5 -9.0 27.25  3.45 1200   -9.0   -9.0 -9.00   -9.0   -9   -9.0   -9   -9.0   -9   -9.0   -9   -9.0   -9 -99.0 -99.0 -99.0 -99.0 -99.0
20260605 289  3.0  2632  27  6.5  802  27 10.5  920  22.3  26.7 1619  16.8 2358  12.5  26.6  12.7  56.9  35.0 1341  14.7  -9.0  -9.0 -9.00  991.9 1007.7 1012.8 2336 1003.3    5  4.5 11.8 14.4 -9.0 -9.00 -9.00   -9   -9.0   -9.0 -9.00   -9.0   -9   -9.0   -9   -9.0   -9   -9.0   -9   -9.0   -9 -99.0 -99.0 -99.0 -99.0 -99.0
20260605 294  1.3  1140  29  3.7 1442  29  7.4 1543  22.4  28.3 1528  17.5  118  14.1  27.3  13.0  63.9  29.0 1515  16.4  -9.0  -9.0 -9.00 1001.9 1007.1 1011.5 2358 1003.2  115  4.6 11.5 14.4 -9.0 -9.00 -9.00   -9   -9.0   -9.0 -9.00   -9.0   -9   -9.0   -9   -9.0   -9   -9.0   -9   -9.0   -9 -99.0 -99.0 -99.0 -99.0 -99.0
20260605 295  2.4  2041  32  4.9 1028  27  8.0 1406  23.0  27.5 1319  17.8 2353  12.6  26.3  13.2  54.8  32.0 1320  14.9  -9.0  -9.0 -9.00 1001.6 1006.8 1011.5 2348 1002.8   35  5.1 10.9 14.4 -9.0 -9.00 -9.00   -9   -9.0   -9.0 -9.00   -9.0   -9   -9.0   -9   -9.0   -9   -9.0   -9   -9.0   -9 -99.0 -99.0 -99.0 -99.0 -99.0
20260605 296  1.6  1380  32  4.9 1533  25  9.4 1045  23.0  30.4 1523  16.7 2400  15.5  25.5  10.2  66.9  27.0 1647  17.8   8.4   5.9 -9.00 1005.0 1005.3 1010.1 2349 1001.9  103  4.0 11.5 14.4 -9.0 28.16  3.53 1200   -9.0   -9.0 -9.00   -9.0   -9   -9.0   -9   -9.0   -9   -9.0   -9   -9.0   -9 -99.0 -99.0 -99.0 -99.0 -99.0
20260606  90  2.0  1751  14  4.6 2232  14  6.1 2228  21.3  25.3 1005  15.9  542  13.4  25.3  12.5  62.3  37.0 1009  15.7   5.9   4.1 -9.00 1011.7 1013.8 1015.1 2334 1009.7    1  5.6 11.3 14.7 -9.0 25.89  3.42 1100    0.0   -9.0 -9.00   -9.0   -9   -9.0   -9   -9.0   -9   -9.0   -9   -9.0   -9 -99.0 -99.0 -99.0 -99.0 -99.0
20260606  93  0.9   818   7  3.8 1944   5  7.5 1944  20.2  27.7 1442  11.0  511  11.1  23.8  10.6  60.9  25.0 1341  13.3   6.2   4.3 -9.00 1002.4 1013.6 1016.0  744 1011.8 1422  5.4 12.2 14.7 -9.0 25.09  3.59 1200   -9.0    0.0 -9.00   -9.0   -9   -9.0   -9   -9.0   -9   -9.0   -9   -9.0   -9  23.2  21.5  18.6  14.3  12.8
20260606  95  1.1   964  11  4.0 2227  25  6.4 1447  19.6  26.6 1505  10.9  427  11.4  22.4   9.4  63.0  33.0 1346  13.5   5.9   4.1 -9.00  995.4 1013.5 1015.8  822 1012.2 1513  7.0  8.7 14.7 -9.0 23.93  3.10 1200   -9.0   -9.0 -9.00   -9.0   -9   -9.0   -9   -9.0   -9   -9.0   -9   -9.0   -9 -99.0 -99.0 -99.0 -99.0 -99.0
20260606  98  0.8   677   7  2.5 2309   2  4.5 1928  20.6  27.6 1355  12.3  520  10.5  24.3   9.8  56.3  25.0 1436  12.8   6.1   4.2 -9.00  999.2 1012.6 1014.9  719 1011.2 2051  7.3  8.6 14.7 -9.0 23.84  3.29 1300   -9.0   -9.0 -9.00   -9.0   -9   -9.0   -9   -9.0   -9   -9.0   -9   -9.0   -9 -99.0 -99.0 -99.0 -99.0 -99.0
20260606  99  1.1   978   9  2.7 2322   7  5.4 1424  19.6  26.8 1447  11.9  451  13.3  24.0   8.5  70.1  42.0 1500  15.3   5.4   3.8 -9.00 1009.8 1013.4 1015.8 1005 1011.7 2037  7.5  5.8 14.7 -9.0 21.60  3.08 1200   -9.0   -9.0 -9.00   -9.0   -9   -9.0   -9   -9.0   -9   -9.0   -9   -9.0   -9 -99.0 -99.0 -99.0 -99.0 -99.0
20260606 100  1.6  1397   9  4.7 1439  11  8.7 1411  14.9  21.5 1217   5.6  525   6.9  20.1   2.4  62.9  34.0 1022   9.9   7.1   4.9 -9.00  926.5 1014.2 1016.9  542 1012.3 1340  4.6 11.5 14.7 -9.0 28.70  3.82 1300   -9.0   -9.0 -9.00   -9.0   -9   -9.0   -9   -9.0   -9   -9.0   -9   -9.0   -9 -99.0 -99.0 -99.0 -99.0 -99.0
20260606 101  1.6  1415  34  3.5 1602  34  6.2 1240  20.1  27.3 1423  11.4  519  11.0  24.2   7.7  59.6  29.0 1401  13.1   6.7   4.7 -9.00 1003.7 1012.5 1014.9  736 1010.7 1423  5.0  9.7 14.7 -9.0 25.19  3.58 1200   -9.0    0.0 -9.00   -9.0   -9   -9.0   -9   -9.0   -9   -9.0   -9   -9.0   -9  22.6  19.2  17.0  14.8  15.1
20260606 102  2.3  2027  11  4.7 2248   5  7.5 1955  16.2  19.9 1203  12.1  423  13.3  18.5   9.2  84.3  64.0 1155  15.3   2.9   2.1  5.52 1007.7 1012.0 1013.7 1107 1009.7 2241  8.6  1.1 14.7 -9.0 13.70  2.93 1100    0.4   -9.0  3.42    0.4 1609    0.3 1659   -9.0   -9   -9.0   -9   -9.0   -9 -99.0 -99.0 -99.0 -99.0 -99.0
20260606 104  1.8  1597  11  4.7 1311  11  8.2 1524  21.0  25.9 1203  14.9   37   9.7  25.7  10.3  50.3  33.0  930  12.0   8.4   5.9 -9.00 1003.9 1012.7 1014.2 2137 1009.5   12  4.1 11.7 14.7 -9.0 29.71  3.65 1200   -9.0   -9.0 -9.00   -9.0   -9   -9.0   -9   -9.0   -9   -9.0   -9   -9.0   -9  21.9  19.6  17.3  13.6  13.2
20260606 105  2.4  2059  14  4.7 1521  14  8.3 1614  21.7  26.6 1146  17.0   39   8.6  27.8  12.1  44.4  29.0 1048  11.2   8.6   6.0 -9.00 1010.4 1013.6 1014.9 2137 1010.2   14  3.9 11.1 14.7 -9.0 27.54  3.47 1200   -9.0   -9.0 -9.00   -9.0   -9   -9.0   -9   -9.0   -9   -9.0   -9   -9.0   -9  22.7  20.3  18.7  15.2  14.6
20260606 106  2.6  2227  14  6.0 1501  16 10.0 1441  20.5  25.9  916  15.2  335  11.0  28.9  10.1  56.5  30.0 1027  13.2   7.8   5.4 -9.00 1009.4 1014.2 1015.5 2205 1010.8    1  3.8 10.4 14.7 -9.0 28.33  3.63 1200   -9.0   -9.0 -9.00   -9.0   -9   -9.0   -9   -9.0   -9   -9.0   -9   -9.0   -9 -99.0 -99.0 -99.0 -99.0 -99.0
20260606 108  1.9  1644  32  3.8 1928  18  6.7 1220  22.3  27.5 1351  15.6  554  11.1  24.7   8.7  52.8  27.0 1345  13.3   7.8   5.5 -9.00 1002.7 1012.6 1014.7  750 1010.7 2133  5.8  8.1 14.7 -9.0 24.48  3.67 1200    0.0    0.0  1.28    0.0   -9    0.0   -9   -9.0   -9   -9.0   -9   -9.0   -9  22.3  19.8  18.6  14.8  13.6
20260606 112  2.2  1905   9  5.2 2107   9  9.0 2102  21.9  27.1 1359  16.7  528  14.6  24.6  12.9  66.0  33.0 1308  16.7   7.0   4.9 -9.00 1004.3 1012.2 1014.5  940 1009.8 2101  6.0  8.0 14.7 -9.0 23.48  3.49 1200    0.0    0.0  1.17    0.0   -9    0.0   -9   -9.0   -9   -9.0   -9   -9.0   -9  21.2  19.6  14.0  16.9  13.5
20260606 114  1.5  1328  11  3.8 1352  16  7.4 2226  22.0  29.1 1448  13.0  545  11.0  27.2   9.3  54.1  24.0 1421  13.2   8.5   5.9 -9.00  995.3 1012.5 1015.5  740 1010.6 1445  3.0 11.3 14.6 -9.0 28.83  3.62 1200   -9.0   -9.0 -9.00   -9.0   -9   -9.0   -9   -9.0   -9   -9.0   -9   -9.0   -9 -99.0 -99.0 -99.0 -99.0 -99.0
20260606 115  3.0  2588  32  6.0   20  34 11.8  316  20.6  23.7 1241  17.4 2216  13.3  29.8  13.4  64.1  39.0  219  15.4   6.7   4.7 -9.00  989.0 1014.5 1016.2 2140 1009.7    3  2.3 13.1 14.7 -9.0 28.93  3.43 1200   -9.0   -9.0 -9.00   -9.0   -9   -9.0   -9   -9.0   -9   -9.0   -9   -9.0   -9  20.0  16.7  15.7  12.5  13.1
20260606 119  2.0  1718   9  4.2 2157  11  7.5 1221  22.1  28.5 1627  13.7  534  10.3  31.2   9.2  52.6  20.0 1434  12.7   9.1   6.4 -9.00 1007.6 1012.2 1014.7  746 1010.2 2150  4.6 10.4 14.6 -9.0 27.42  3.61 1200   -9.0   -9.0 -9.00   -9.0   -9   -9.0   -9   -9.0   -9   -9.0   -9   -9.0   -9  22.3  19.4  17.0  13.2  12.7
20260606 121  1.9  1613  11  6.2 1659  11 10.4 1656  20.0  29.2 1331  10.1  521  11.1  27.1   7.9  60.9  31.0 1333  13.3   8.9   6.2 -9.00  985.9 1013.6 1016.9  711 1010.9 1454  2.9 12.1 14.6 -9.0 30.42  3.65 1200   -9.0   -9.0 -9.00   -9.0   -9   -9.0   -9   -9.0   -9   -9.0   -9   -9.0   -9 -99.0 -99.0 -99.0 -99.0 -99.0
20260606 127  1.5  1309   7  4.2 2311   7  8.2 2328  21.4  29.1 1613  11.4  526   9.8  25.9   9.8  52.8  26.0 1525  12.2   9.0   6.3 -9.00  998.8 1012.1 1014.8  726 1010.2 1712  2.6 12.0 14.6 -9.0 29.94  3.67 1200   -9.0   -9.0 -9.00   -9.0   -9   -9.0   -9   -9.0   -9   -9.0   -9   -9.0   -9 -99.0 -99.0 -99.0 -99.0 -99.0
20260606 129  1.7  1444  32  6.1 1607  32  9.2 1601  20.9  29.2 1540  12.1  442  11.3  29.0   8.8  59.9  25.0 1441  13.6   8.6   6.0 -9.00 1009.4 1012.4 1014.6  809 1010.1 2358  3.1 11.3 14.6 -9.0 29.02  3.65 1200   -9.0   -9.0 -9.00   -9.0   -9   -9.0   -9   -9.0   -9   -9.0   -9   -9.0   -9  22.0  19.4  19.1  14.1  14.8
20260606 130  1.6  1391  11  3.8 1251   9  6.3 1236  19.8  24.3  952  13.5  448  14.2  28.4  10.0  72.0  45.0  915  16.4  -9.0  -9.0 -9.00 1008.8 1014.5 1016.0 2222 1010.6    1  3.6 13.4 14.6 -9.0 -9.00 -9.00   -9   -9.0   -9.0 -9.00   -9.0   -9   -9.0   -9   -9.0   -9   -9.0   -9   -9.0   -9 -99.0 -99.0 -99.0 -99.0 -99.0
20260606 131  1.7  1481   9  4.7 1545   9 10.0 2226  23.7  30.1 1450  15.6  501   8.9  28.2  11.5  42.0  19.0 1443  11.5  10.4   7.3 -9.00 1005.2 1012.0 1014.6  738 1010.0 1813  2.4 12.6 14.6 -9.0 31.20  3.71 1200   -9.0   -9.0 -9.00   -9.0   -9   -9.0   -9   -9.0   -9   -9.0   -9   -9.0   -9 -99.0 -99.0 -99.0 -99.0 -99.0
20260606 133  2.6  2209  14  6.5 2226  14 11.1 2221  22.4  29.0 1602  12.8  511  10.3  26.4  10.1  50.0  23.0 1413  12.6  10.3   7.2 -9.00 1004.6 1012.4 1014.9  732 1010.4 1808  2.3 13.3 14.6 -9.0 30.83  3.74 1200   -9.0   -9.0 -9.00   -9.0   -9   -9.0   -9   -9.0   -9   -9.0   -9   -9.0   -9  24.0  22.1  19.6  16.2  15.8
20260606 135  1.8  1555   9  5.1 1836  16  8.9 1514  20.0  27.5 1631  10.5  525  10.4  27.0   9.1  56.6  31.0 1504  12.6   8.7   6.1 -9.00  984.5 1012.7 1015.1  609 1010.7 1749  1.9 13.2 14.5 -9.0 30.69  3.63 1200   -9.0   -9.0 -9.00   -9.0   -9   -9.0   -9   -9.0   -9   -9.0   -9   -9.0   -9 -99.0 -99.0 -99.0 -99.0 -99.0
20260606 136  2.0  1745  14  6.3 1500  14 10.4 1459  20.8  28.9 1338  11.8  541  11.0  29.6  10.3  57.4  32.0 1312  13.2   8.7   6.1 -9.00  997.9 1014.2 1016.0  631 1012.2    1  2.9 12.3 14.6 -9.0 30.38  3.66 1200   -9.0   -9.0 -9.00   -9.0   -9   -9.0   -9   -9.0   -9   -9.0   -9   -9.0   -9 -99.0 -99.0 -99.0 -99.0 -99.0
20260606 137  1.0   840  14  2.6 1644  16  6.3 1635  22.1  29.3 1505  13.0  531  11.8  33.5   8.8  54.4  32.0 1512  13.9   7.8   5.4 -9.00 1001.0 1012.2 1014.3  729 1010.4 1517  2.5 12.7 14.6 -9.0 29.90  3.59 1200   -9.0   -9.0 -9.00   -9.0   -9   -9.0   -9   -9.0   -9   -9.0   -9   -9.0   -9 -99.0 -99.0 -99.0 -99.0 -99.0
20260606 138  2.7  2350   5  4.8 1504   5  6.9 1609  21.2  23.8 1447  17.7  519  13.5  28.7  15.8  62.4  40.0   14  15.7   6.7   4.7 -9.00 1013.0 1013.5 1014.8 1116 1010.1    1  5.1 12.9 14.5 -9.0 29.93  3.55 1100   -9.0    0.0 -9.00   -9.0   -9   -9.0   -9   -9.0   -9   -9.0   -9   -9.0   -9  21.7  18.8  17.5  15.6  15.7
20260606 140  1.7  1506  32  3.9 1455  34  6.6 1215  21.3  29.8 1605  13.0  531  13.6  27.6   7.1  66.3  19.0 1545  15.7  -9.0  -9.0 -9.00 1009.5 1012.7 1015.1  744 1011.0 2036  0.9 12.7 14.5 -9.0 -9.00 -9.00   -9   -9.0   -9.0 -9.00   -9.0   -9   -9.0   -9   -9.0   -9   -9.0   -9   -9.0   -9 -99.0 -99.0 -99.0 -99.0 -99.0
20260606 143  2.7  2328   9  6.1 1811   9 10.2 1913  22.1  28.3 1426  14.7  522  10.3  28.8  10.7  49.5  29.0 1452  12.5   9.5   6.6 -9.00 1006.3 1012.6 1014.1  910 1010.9    1  4.6 13.1 14.5 -9.0 30.10  3.62 1200   -9.0   -9.0 -9.00   -9.0   -9   -9.0   -9   -9.0   -9   -9.0   -9   -9.0   -9 -99.0 -99.0 -99.0 -99.0 -99.0
20260606 146  1.7  1495  23  3.7 1938  16  6.7 1518  23.0  31.3 1546  14.0  534  11.0  29.4  14.2  51.9  22.0 1537  13.2   9.2   6.5 -9.00 1004.8 1011.7 1014.4  715 1009.8 1738  0.9 13.4 14.5 -9.0 30.45  3.60 1200   -9.0   -9.0 -9.00   -9.0   -9   -9.0   -9   -9.0   -9   -9.0   -9   -9.0   -9 -99.0 -99.0 -99.0 -99.0 -99.0
20260606 152  2.6  2250   9  6.6 1155   9 10.5 1131  21.3  25.3 1202  16.7  444  11.0  25.6  12.5  52.8  33.0 1207  13.1   7.8   5.5 -9.00 1003.5 1012.9 1014.2 2030 1010.0    1  5.8 12.4 14.5 -9.0 30.16  3.62 1200   -9.0   -9.0 -9.00   -9.0   -9   -9.0   -9   -9.0   -9   -9.0   -9   -9.0   -9 -99.0 -99.0 -99.0 -99.0 -99.0
20260606 155  2.3  1982  14  5.0 1303  36  9.4 1130  23.5  28.7 1357  18.0  520  11.2  28.3  13.6  46.5  31.0 1420  13.4   8.6   6.0 -9.00 1008.6 1012.7 1014.2  912 1010.7   48  6.0 11.1 14.5 -9.0 28.31  3.52 1300   -9.0   -9.0 -9.00   -9.0   -9   -9.0   -9   -9.0   -9   -9.0   -9   -9.0   -9 -99.0 -99.0 -99.0 -99.0 -99.0
20260606 156  1.9  1675  16  4.7 1741  14  7.4 1327  23.1  30.1 1427  14.9  515  11.0  27.9   9.0  49.8  26.0 1409  13.2   9.2   6.4 -9.00 1003.6 1011.7 1013.9  712 1010.2 1541  2.3 13.3 14.4 -9.0 31.87  3.71 1200   -9.0   -9.0 -9.00   -9.0   -9   -9.0   -9   -9.0   -9   -9.0   -9   -9.0   -9 -99.0 -99.0 -99.0 -99.0 -99.0
20260606 159  3.2  2736  36  5.7  205  11 10.8 1357  23.0  27.2 1210  18.5  529  11.2  26.3  10.1  48.0  33.0    1  13.5   8.2   5.7 -9.00 1004.2 1012.2 1013.5  951 1009.5  104  6.5 10.2 14.4 -9.0 27.73  3.66 1300   -9.0    0.0 -9.00   -9.0   -9   -9.0   -9   -9.0   -9   -9.0   -9   -9.0   -9  22.4  20.5  19.5  16.0  16.8
20260606 162  2.4  2036   5  3.9  828  18  6.9 1310  21.9  26.7 1324  17.2  544  11.5  25.6  10.9  52.4  35.0 1247  13.7   7.3   5.1 -9.00 1008.2 1011.8 1013.2  912 1009.7   59  6.1  8.4 14.4 -9.0 25.40  3.62 1300   -9.0   -9.0 -9.00   -9.0   -9   -9.0   -9   -9.0   -9   -9.0   -9   -9.0   -9 -99.0 -99.0 -99.0 -99.0 -99.0
20260606 165  2.7  2309   7  5.3  910   9  7.9  907  22.1  28.1 1601  15.8  525  12.3  24.9  10.9  56.5  33.0 1323  14.5   9.0   6.3 -9.00 1006.7 1011.9 1013.5  756 1010.2 2359  3.0 12.6 14.4 -9.0 31.23  3.71 1200   -9.0   -9.0 -9.00   -9.0   -9   -9.0   -9   -9.0   -9   -9.0   -9   -9.0   -9  22.3  21.1  18.7  16.3  15.0
20260606 168  4.2  3657   9  7.4 2310   9 11.5 2248  21.9  26.1 1443  17.7  444  11.6  24.9  15.4  52.5  42.0 1252  13.7   9.4   6.6 -9.00 1004.8 1012.4 1013.9  845 1010.8   43  6.1  9.6 14.4 -9.0 26.99  3.68 1200   -9.0   -9.0 -9.00   -9.0   -9   -9.0   -9   -9.0   -9   -9.0   -9   -9.0   -9  23.0  20.9  18.8  16.4  16.6
20260606 169  4.2  3599   5  7.8 2250   7 10.9 2231  19.8  25.0 1549  16.2  412  14.4  25.0  15.4  73.0  45.0 1420  16.4   7.5   5.3 -9.00 1003.0 1011.7 1013.6  835 1010.2 2339  4.1 13.0 14.4 -9.0 30.36  3.71 1200   -9.0   -9.0 -9.00   -9.0   -9   -9.0   -9   -9.0   -9   -9.0   -9   -9.0   -9 -99.0 -99.0 -99.0 -99.0 -99.0
20260606 170  3.4  2967  14  8.2 1517  16 11.1 1522  22.3  28.2 1333  14.8  454  13.7  24.7  11.9  59.8  44.0 1132  15.9   8.5   5.9 -9.00 1008.0 1012.1 1013.7  813 1010.8 2400  4.4 10.7 14.4 -9.0 27.96  3.74 1200   -9.0   -9.0 -9.00   -9.0   -9   -9.0   -9   -9.0   -9   -9.0   -9   -9.0   -9 -99.0 -99.0 -99.0 -99.0 -99.0
20260606 172  2.1  1782  25  5.1 1602  27  8.9 1556  21.1  29.9 1525  12.0  512  10.9  26.2   7.4  61.4  19.0 1205  13.4   9.6   6.7 -9.00 1005.3 1011.4 1013.5  704 1010.0 1444  1.5 13.4 14.5 -9.0 32.01  3.87 1200   -9.0   -9.0 -9.00   -9.0   -9   -9.0   -9   -9.0   -9   -9.0   -9   -9.0   -9 -99.0 -99.0 -99.0 -99.0 -99.0
20260606 174  1.7  1501  14  5.0 1253  14  9.1 1144  19.2  27.2 1518   9.8  537  10.4  24.8   9.2  61.8  32.0 1216  12.7  -9.0  -9.0 -9.00  991.9 1011.0 1012.7  734 1009.5 1558  4.6 11.7 14.4 -9.0 -9.00 -9.00   -9   -9.0   -9.0 -9.00   -9.0   -9   -9.0   -9   -9.0   -9   -9.0   -9   -9.0   -9 -99.0 -99.0 -99.0 -99.0 -99.0
20260606 177  1.6  1359  32  4.2 1803   2  7.4 1755  21.4  29.1 1619  12.7  505  13.4  28.5   9.1  64.1  24.0 1422  15.5   8.2   5.8 -9.00 1007.9 1011.1 1013.4  649 1009.4 1722  3.1 12.2 14.6 -9.0 29.55  3.58 1200    0.0    0.0  0.17    0.0   -9    0.0   -9   -9.0   -9   -9.0   -9   -9.0   -9 -99.0 -99.0 -99.0 -99.0 -99.0
20260606 181  2.0  1689  16  5.2 2302  16 10.3 2245  21.9  29.2 1541  11.7  449  10.4  26.6   5.8  52.6  23.0 1620  12.7   9.4   6.6 -9.00 1008.7 1012.6 1015.2  702 1010.7 1811  2.3 12.7 14.6 -9.0 30.48  3.63 1200   -9.0   -9.0 -9.00   -9.0   -9   -9.0   -9   -9.0   -9   -9.0   -9   -9.0   -9 -99.0 -99.0 -99.0 -99.0 -99.0
20260606 184  3.4  2979   5  7.5 1155   5 13.0 1207  22.2  27.7 1403  17.4  514  13.5  27.6  12.4  58.9  37.0 1256  16.0   7.2   5.0 -9.00 1008.4 1010.8 1012.6  905 1009.0 2209  7.3  8.2 14.3 -9.0 25.50  3.62 1100    0.0    0.0  0.17    0.0   -9    0.0   -9   -9.0   -9   -9.0   -9   -9.0   -9  23.4  22.0  21.4  18.8  16.5
20260606 185  3.6  3145  14  7.9 1641  14 11.9 1631  21.1  26.6 1333  17.4  647  14.4  23.3  14.3  66.6  44.0 1341  16.5   6.7   4.7 -9.00 1002.2 1010.5 1012.2  831 1008.6 1629  7.5  6.4 14.3 -9.0 24.37  3.52 1200   -9.0   -9.0 -9.00   -9.0   -9   -9.0   -9   -9.0   -9   -9.0   -9   -9.0   -9 -99.0 -99.0 -99.0 -99.0 -99.0
20260606 188  3.1  2705  29  6.1   56   5  8.4 1130  21.4  24.5 1458  17.0  524  15.7  22.0  15.3  71.5  46.0  153  18.5  -9.0  -9.0 -9.00 1009.4 1011.7 1013.4  917 1010.2 2023  7.3  8.6 14.3 -9.0 -9.00 -9.00   -9    0.0   -9.0 -9.00    0.0   -9    0.0   -9   -9.0   -9   -9.0   -9   -9.0   -9 -99.0 -99.0 -99.0 -99.0 -99.0
20260606 189  2.8  2437   7  5.2 1014   9  9.7 1015  22.7  26.5 1221  17.8  559  13.7  23.1  15.0  58.8  35.0  905  16.2   7.0   4.9 -9.00 1005.1 1011.1 1012.5  901 1009.7 2005  7.9  9.1 14.3 -9.0 24.89  3.26 1300    0.0    0.4  0.20    0.0   -9    0.0   -9   -9.0   -9   -9.0   -9   -9.0   -9 -99.0 -99.0 -99.0 -99.0 -99.0
20260606 192  1.0   872  11  2.9 1526   7  6.3 1715  20.3  28.4 1507  11.5  505  12.6  28.1  10.1  64.3  38.0 1339  14.7   7.2   5.0 -9.00 1009.4 1012.8 1014.5  757 1011.3   35  5.8 11.5 14.4 -9.0 29.39  3.68 1200   -9.0   -9.0 -9.00   -9.0   -9   -9.0   -9   -9.0   -9   -9.0   -9   -9.0   -9 -99.0 -99.0 -99.0 -99.0 -99.0
20260606 201  1.6  1346  34  3.4 1854  36  7.0 1914  19.9  25.7 1348  12.9  322  13.3  22.6   8.1  68.9  45.0 1356  15.4  -9.0  -9.0 -9.00 1007.8 1013.4 1015.8 1011 1011.3 2032  6.1  4.9 14.7 -9.0 -9.00 -9.00   -9    0.0   -9.0 -9.00    0.0   -9    0.0   -9   -9.0   -9   -9.0   -9   -9.0   -9 -99.0 -99.0 -99.0 -99.0 -99.0
20260606 202  1.4  1213  34  3.1 1718   5  7.0 2235  21.2  28.0 1639  13.5  546  11.7  27.1  10.1  58.9  29.0 1502  13.9  -9.0  -9.0 -9.00 1007.6 1013.1 1015.5  741 1011.2 2153  4.9  9.5 14.7 -9.0 -9.00 -9.00   -9   -9.0   -9.0 -9.00   -9.0   -9   -9.0   -9   -9.0   -9   -9.0   -9   -9.0   -9 -99.0 -99.0 -99.0 -99.0 -99.0
20260606 203  0.9   766   7  2.1 1216   5  5.6 1714  21.6  29.4 1451  12.2  528  12.2  29.3  10.0  59.3  25.0 1552  14.2  -9.0  -9.0 -9.00 1004.0 1013.3 1015.9  726 1011.5 1803  4.0  8.5 14.6 -9.0 -9.00 -9.00   -9   -9.0   -9.0 -9.00   -9.0   -9   -9.0   -9   -9.0   -9   -9.0   -9   -9.0   -9 -99.0 -99.0 -99.0 -99.0 -99.0
20260606 211  1.2  1055  36  4.3 1529  36  8.1 1549  18.6  26.6 1428  10.1  501   9.5  24.4   5.5  59.8  27.0 1236  11.9  -9.0  -9.0 -9.00  990.1 1013.6 1015.9  651 1011.1 1452  5.5  9.6 14.7 -9.0 -9.00 -9.00   -9    0.0   -9.0 -9.00    0.0   -9    0.0   -9   -9.0   -9   -9.0   -9   -9.0   -9 -99.0 -99.0 -99.0 -99.0 -99.0
20260606 212  1.1   967  29  3.1 1620  36  5.4 1136  20.2  28.5 1438  11.4  559   9.6  24.7   9.8  55.5  26.0 1259  12.0  -9.0  -9.0 -9.00  997.3 1013.6 1016.3  739 1011.4 1438  4.3  8.9 14.7 -9.0 -9.00 -9.00   -9    0.0   -9.0 -9.00    0.0   -9    0.0   -9   -9.0   -9   -9.0   -9   -9.0   -9 -99.0 -99.0 -99.0 -99.0 -99.0
20260606 216  1.3  1106   5  3.9 1240   9  7.5 1412  16.3  24.1 1206   8.0  509   7.8  21.8   6.8  62.3  28.0 1207  10.6   6.5   4.5 -9.00  933.3 1014.3 1016.7  543 1012.0 1222  4.1  9.5 14.6 -9.0 26.84  3.59 1100   -9.0   -9.0 -9.00   -9.0   -9   -9.0   -9   -9.0   -9   -9.0   -9   -9.0   -9 -99.0 -99.0 -99.0 -99.0 -99.0
20260606 217  1.4  1193   2  4.2 1423   5  7.7 1422  17.9  28.5 1350   8.3  523   8.5  26.1   8.5  59.5  27.0 1332  11.2  -9.0  -9.0 -9.00  978.1 1014.2 1017.1  644 1011.0 1350  4.3 10.2 14.6 -9.0 -9.00 -9.00   -9   -9.0   -9.0 -9.00   -9.0   -9   -9.0   -9   -9.0   -9   -9.0   -9   -9.0   -9 -99.0 -99.0 -99.0 -99.0 -99.0
20260606 221  1.2  1053  20  4.0 1504  20  7.3 1502  19.3  27.1 1523  10.3  514  10.6  24.8   7.7  62.6  28.0 1455  12.8  -9.0  -9.0 -9.00  982.6 1013.2 1015.8  705 1010.9 1455  2.9 12.1 14.6 -9.0 -9.00 -9.00   -9   -9.0   -9.0 -9.00   -9.0   -9   -9.0   -9   -9.0   -9   -9.0   -9   -9.0   -9 -99.0 -99.0 -99.0 -99.0 -99.0
20260606 226  1.6  1389  18  5.1 1236   9  9.2 1417  20.4  27.6 1720  10.2  531  10.2  26.4   4.5  58.0  28.0 1432  12.5  -9.0  -9.0 -9.00  993.2 1013.0 1015.5  600 1010.8 1828  1.9 12.4 14.6 -9.0 -9.00 -9.00   -9   -9.0   -9.0 -9.00   -9.0   -9   -9.0   -9   -9.0   -9   -9.0   -9   -9.0   -9 -99.0 -99.0 -99.0 -99.0 -99.0
20260606 232  1.5  1274   9  4.9 2355  11  7.5 2349  21.2  28.8 1649  10.8  434  10.5  29.1   7.1  56.5  21.0 1650  12.7  -9.0  -9.0 -9.00 1003.2 1013.0 1015.6  701 1011.3 1743  2.9 12.5 14.6 -9.0 -9.00 -9.00   -9   -9.0   -9.0 -9.00   -9.0   -9   -9.0   -9   -9.0   -9   -9.0   -9   -9.0   -9 -99.0 -99.0 -99.0 -99.0 -99.0
20260606 235  1.7  1462   2  5.1 2109   5  8.0 2103  21.6  29.8 1513  11.9  433  12.7  27.6   7.9  60.6  29.0 1129  14.8   9.0   6.3 -9.00 1010.4 1011.5 1013.8  806 1009.6 2332  3.4 12.0 14.6 -9.0 29.49  3.57 1200   -9.0   -9.0 -9.00   -9.0   -9   -9.0   -9   -9.0   -9   -9.0   -9   -9.0   -9 -99.0 -99.0 -99.0 -99.0 -99.0
20260606 236  1.1   918   9  3.3 1214   9  7.0 1205  21.4  29.7 1549  11.6  504  11.5  28.8   7.3  59.9  26.0 1248  13.7  -9.0  -9.0 -9.00 1010.9 1012.5 1014.9  718 1010.5 2026  2.5 12.6 14.5 -9.0 -9.00 -9.00   -9   -9.0   -9.0 -9.00   -9.0   -9   -9.0   -9   -9.0   -9   -9.0   -9   -9.0   -9 -99.0 -99.0 -99.0 -99.0 -99.0
20260606 238  1.2  1011  14  3.4 1724   5  5.8 1457  21.1  30.2 1608  10.5  504   9.8  27.9   5.2  54.6  24.0 1606  12.2  -9.0  -9.0 -9.00  992.3 1011.9 1014.9  554 1009.6 1558  1.1 12.9 14.5 -9.0 -9.00 -9.00   -9   -9.0   -9.0 -9.00   -9.0   -9   -9.0   -9   -9.0   -9   -9.0   -9   -9.0   -9 -99.0 -99.0 -99.0 -99.0 -99.0
20260606 239  1.4  1232  11  3.6 1345   9  6.2 1520  21.4  29.0 1641  11.9  535  10.6  27.6   9.8  55.0  25.0 1507  12.8   9.4   6.6 -9.00 1001.4 1011.8 1014.6  547 1009.6 1803  2.9 12.3 14.6 -9.0 29.84  3.58 1200   -9.0   -9.0 -9.00   -9.0   -9   -9.0   -9   -9.0   -9   -9.0   -9   -9.0   -9 -99.0 -99.0 -99.0 -99.0 -99.0
20260606 243  1.5  1279  27  4.5 1705  27  8.0 1704  21.6  31.1 1513  13.7  457  12.1  27.5   9.2  61.1  19.0 1419  14.4  -9.0  -9.0 -9.00 1010.7 1012.1 1014.5  807 1010.6 2350  1.0 12.7 14.5 -9.0 -9.00 -9.00   -9   -9.0   -9.0 -9.00   -9.0   -9   -9.0   -9   -9.0   -9   -9.0   -9   -9.0   -9 -99.0 -99.0 -99.0 -99.0 -99.0
20260606 244  1.3  1154  20  3.6 1151  20  6.8 1536  20.8  28.7 1451  10.5  527   9.7  24.6   7.2  55.5  22.0 1216  12.2  -9.0  -9.0 -9.00  983.5 1011.9 1014.5  551 1009.9 1517  2.5 13.3 14.5 -9.0 -9.00 -9.00   -9   -9.0   -9.0 -9.00   -9.0   -9   -9.0   -9   -9.0   -9   -9.0   -9   -9.0   -9 -99.0 -99.0 -99.0 -99.0 -99.0
20260606 245  1.8  1522  18  4.2 1443   5  7.7  953  22.1  31.2 1608  12.4  534  10.2  27.9   8.1  53.8  17.0 1238  12.6  10.1   7.1 -9.00 1003.9 1011.8 1014.2  717 1010.2 1729  0.9 13.4 14.5 -9.0 30.18  3.72 1200   -9.0   -9.0 -9.00   -9.0   -9   -9.0   -9   -9.0   -9   -9.0   -9   -9.0   -9 -99.0 -99.0 -99.0 -99.0 -99.0
20260606 247  1.9  1637   9  4.4 2337   9  7.3 2337  21.6  29.4 1453  11.9  534  12.4  26.1  10.6  59.5  34.0 1322  14.4  -9.0  -9.0 -9.00  996.5 1011.9 1014.1  716 1009.9 1616  2.9 13.4 14.5 -9.0 -9.00 -9.00   -9   -9.0   -9.0 -9.00   -9.0   -9   -9.0   -9   -9.0   -9   -9.0   -9   -9.0   -9 -99.0 -99.0 -99.0 -99.0 -99.0
20260606 248  1.2  1053   5  3.7 1045   5  6.3 1030  18.7  27.3 1526   9.1  507  10.2  24.5   6.1  64.6  26.0 1648  12.5  -9.0  -9.0 -9.00  966.2 1012.8 1015.8  557 1010.4 1526  3.0 12.8 14.5 -9.0 -9.00 -9.00   -9   -9.0   -9.0 -9.00   -9.0   -9   -9.0   -9   -9.0   -9   -9.0   -9   -9.0   -9 -99.0 -99.0 -99.0 -99.0 -99.0
20260606 251 -9.0    -9  25  3.1 1830  23  4.3 1827 -99.0  28.3 1730  12.5  235 -99.0 -99.0  11.8  -9.0  39.0 1731  -9.0  -9.0  -9.0 -9.00   -9.0   -9.0 1012.5  231 1010.3 1730  1.8 -9.0 14.5 -9.0 -9.00  0.55 1800   -9.0   -9.0 -9.00   -9.0   -9   -9.0   -9   -9.0   -9   -9.0   -9   -9.0   -9 -99.0 -99.0 -99.0 -99.0 -99.0
20260606 252  1.4  1222  14  3.4 1440  34  6.6 1645  20.8  29.9 1529  12.4  447  11.4  25.0   8.5  61.5  25.0 1109  13.6   9.2   6.5 -9.00 1007.4 1011.7 1013.7  656 1010.2 2355  1.3 12.3 14.5 -9.0 31.28  3.78 1200   -9.0   -9.0 -9.00   -9.0   -9   -9.0   -9   -9.0   -9   -9.0   -9   -9.0   -9 -99.0 -99.0 -99.0 -99.0 -99.0
20260606 253  1.7  1458  11  4.9 1320  14 10.1 1308  22.7  28.3 1216  16.2  448  11.8  26.7  12.1  51.0  37.0 1248  14.0   7.8   5.5 -9.00 1007.2 1013.5 1014.8  919 1011.1   34  5.5 11.2 14.4 -9.0 28.19  3.68 1200   -9.0   -9.0 -9.00   -9.0   -9   -9.0   -9   -9.0   -9   -9.0   -9   -9.0   -9 -99.0 -99.0 -99.0 -99.0 -99.0
20260606 254  1.5  1311  20  4.4 1843  20  6.5 1558  20.9  29.5 1534  11.7  517  10.3  28.3   9.1  57.5  23.0 1322  12.7   9.8   6.9 -9.00  997.4 1012.4 1014.8  716 1010.6 1518  2.8 13.1 14.5 -9.0 31.79  3.84 1200   -9.0   -9.0 -9.00   -9.0   -9   -9.0   -9   -9.0   -9   -9.0   -9   -9.0   -9 -99.0 -99.0 -99.0 -99.0 -99.0
20260606 255  1.7  1495   9  4.3 1444   9  9.5 1512  23.5  28.9 1336  16.9  514  11.5  25.3  11.6  47.9  33.0 1242  13.6   8.3   5.8 -9.00 1006.5 1012.4 1013.8  933 1010.6   47  6.0 11.7 14.5 -9.0 26.41  3.36 1200   -9.0   -9.0 -9.00   -9.0   -9   -9.0   -9   -9.0   -9   -9.0   -9   -9.0   -9 -99.0 -99.0 -99.0 -99.0 -99.0
20260606 257  2.3  1996   9  4.6 2147  11 12.2 2114  22.7  28.7 1410  14.7  453  12.2  27.0  11.6  53.6  34.0 1230  14.3   9.1   6.4 -9.00 1012.1 1012.8 1013.8  925 1010.6   19  5.5 10.2 14.5 -9.0 27.64  3.55 1200   -9.0   -9.0 -9.00   -9.0   -9   -9.0   -9   -9.0   -9   -9.0   -9   -9.0   -9 -99.0 -99.0 -99.0 -99.0 -99.0
20260606 258  3.2  2802  16  5.8 1434  16  8.4 1411  21.7  27.6 1425  14.8  537  13.0  22.4  12.9  58.9  42.0 1122  15.0   9.2   6.4 -9.00 1012.3 1012.5 1014.4  847 1011.5   29  5.1 11.2 14.4 -9.0 30.00  3.81 1200   -9.0   -9.0 -9.00   -9.0   -9   -9.0   -9   -9.0   -9   -9.0   -9   -9.0   -9 -99.0 -99.0 -99.0 -99.0 -99.0
20260606 259  2.1  1830  11  5.3 1635   9  9.6 1337  22.0  28.6 1424  12.4  524  13.0  24.5  11.1  59.9  38.0 1357  15.0   9.0   6.3 -9.00 1010.0 1011.8 1013.4  804 1010.5 2015  4.9 11.3 14.4 -9.0 29.80  3.62 1200   -9.0   -9.0 -9.00   -9.0   -9   -9.0   -9   -9.0   -9   -9.0   -9   -9.0   -9 -99.0 -99.0 -99.0 -99.0 -99.0
20260606 260  2.7  2327  14  5.5 1812  16  9.1 1546  21.6  27.2 1509  12.7  454  13.0  26.4  10.6  61.4  39.0 1710  15.1  -9.0  -9.0 -9.00 1006.8 1011.9 1013.4  741 1010.8 1636  4.8 11.9 14.4 -9.0 -9.00 -9.00   -9   -9.0   -9.0 -9.00   -9.0   -9   -9.0   -9   -9.0   -9   -9.0   -9   -9.0   -9 -99.0 -99.0 -99.0 -99.0 -99.0
20260606 261  3.0  2592  11  7.7 1629  11 10.7 1631  21.7  27.9 1356  11.8  528  13.6  25.7   8.5  63.5  37.0 1250  15.6  -9.0  -9.0 -9.00 1010.1 1012.1 1013.6  746 1010.6 2359  4.5 12.2 14.4 -9.0 -9.00 -9.00   -9   -9.0   -9.0 -9.00   -9.0   -9   -9.0   -9   -9.0   -9   -9.0   -9   -9.0   -9 -99.0 -99.0 -99.0 -99.0 -99.0
20260606 262  1.7  1507  18  4.3 1436  23  8.8 1418  20.7  27.3 1253  11.3  505  12.6  23.4  14.1  62.6  37.0 1223  14.6   7.3   5.1 -9.00 1005.9 1012.0 1013.6  758 1010.9 2359  5.4  9.1 14.4 -9.0 24.73  3.16 1200   -9.0   -9.0 -9.00   -9.0   -9   -9.0   -9   -9.0   -9   -9.0   -9   -9.0   -9 -99.0 -99.0 -99.0 -99.0 -99.0
20260606 263  2.0  1751  11  4.3 1609  11  6.7 1355  21.0  29.0 1506  11.4  522  10.1  26.5   9.6  53.3  27.0 1514  12.4   8.9   6.2 -9.00 1011.2 1012.8 1014.5  808 1011.5    1  4.8 11.6 14.5 -9.0 30.10  3.67 1100   -9.0   -9.0 -9.00   -9.0   -9   -9.0   -9   -9.0   -9   -9.0   -9   -9.0   -9 -99.0 -99.0 -99.0 -99.0 -99.0
20260606 264  1.6  1369   9  4.4 1439  11  8.5 1433  20.4  28.6 1612  10.2  519   6.7  25.2   8.8  47.8  14.0 1452  10.0   9.6   6.7 -9.00  995.3 1013.0 1015.3  608 1010.7 1611  3.1 12.9 14.5 -9.0 31.75  3.82 1200   -9.0   -9.0 -9.00   -9.0   -9   -9.0   -9   -9.0   -9   -9.0   -9   -9.0   -9 -99.0 -99.0 -99.0 -99.0 -99.0
20260606 266  2.3  1972   9  5.0 1623  11  9.1 1636  21.6  27.1 1323  14.9  550  12.0  23.0  11.4  55.5  39.0 1222  14.1   8.8   6.1 -9.00 1002.5 1012.7 1014.3  839 1011.3   34  6.1 10.1 14.4 -9.0 27.53  3.68 1200   -9.0   -9.0 -9.00   -9.0   -9   -9.0   -9   -9.0   -9   -9.0   -9   -9.0   -9 -99.0 -99.0 -99.0 -99.0 -99.0
20260606 268  1.8  1529   9  4.6 1232   7  8.7 1346  20.9  27.1 1424  12.8  412  12.7  24.0  13.3  63.5  36.0 1129  14.7  -9.0  -9.0 -9.00 1009.5 1010.7 1012.1  734 1009.2 2400  5.3 12.2 14.4 -9.0 -9.00 -9.00   -9   -9.0   -9.0 -9.00   -9.0   -9   -9.0   -9   -9.0   -9   -9.0   -9   -9.0   -9 -99.0 -99.0 -99.0 -99.0 -99.0
20260606 271  1.6  1363  14  4.6 1402  16  8.1 1330  17.7  26.1 1258   7.7  502   8.5  27.1   4.1  60.3  27.0 1018  11.1  -9.0  -9.0 -9.00  976.7 1014.3 1016.3 2340 1012.4 1338  3.9 11.7 14.6 -9.0 -9.00 -9.00   -9   -9.0   -9.0 -9.00   -9.0   -9   -9.0   -9   -9.0   -9   -9.0   -9   -9.0   -9 -99.0 -99.0 -99.0 -99.0 -99.0
20260606 272  1.7  1489  16  4.9 1629  18  9.4 1620  19.5  27.6 1427  10.8  523  10.5  28.5   7.0  60.5  32.0 1511  12.7  -9.0  -9.0 -9.00  989.1 1013.6 1015.4 2229 1011.6 1455  3.4 12.2 14.6 -9.0 -9.00 -9.00   -9   -9.0   -9.0 -9.00   -9.0   -9   -9.0   -9   -9.0   -9   -9.0   -9   -9.0   -9 -99.0 -99.0 -99.0 -99.0 -99.0
20260606 273  1.7  1447  11  3.9 1724  16  6.9 1643  20.2  28.2 1644  11.9  513  11.5  28.2   7.2  60.1  34.0 1633  13.6  -9.0  -9.0 -9.00  992.7 1012.7 1014.5  726 1010.7 1719  2.5 11.9 14.6 -9.0 -9.00 -9.00   -9   -9.0   -9.0 -9.00   -9.0   -9   -9.0   -9   -9.0   -9   -9.0   -9   -9.0   -9 -99.0 -99.0 -99.0 -99.0 -99.0
20260606 276  1.9  1651  14  4.9 1345  11  9.5 1449  18.6  27.6 1239   9.3  512  10.5  29.4   6.0  64.6  32.0 1104  12.7   8.4   5.9 -9.00  989.3 1013.6 1015.1  641 1011.5    1  2.6 13.2 14.6 -9.0 31.37  3.96 1200   -9.0   -9.0 -9.00   -9.0   -9   -9.0   -9   -9.0   -9   -9.0   -9   -9.0   -9 -99.0 -99.0 -99.0 -99.0 -99.0
20260606 277  1.6  1362  11  4.1 1228  14  6.6 1235  19.6  25.3 1345  14.1  531  13.1  31.2  12.0  67.8  43.0 1256  15.1  -9.0  -9.0 -9.00 1009.5 1014.3 1015.7 2241 1010.4    1  3.1 13.0 14.6 -9.0 -9.00 -9.00   -9   -9.0   -9.0 -9.00   -9.0   -9   -9.0   -9   -9.0   -9   -9.0   -9   -9.0   -9 -99.0 -99.0 -99.0 -99.0 -99.0
20260606 278  1.2  1021  11  3.4 1755  16  6.9 1526  20.0  29.2 1323  10.8  525  11.2  27.7   6.3  62.3  31.0 1324  13.3  -9.0  -9.0 -9.00 1003.0 1012.5 1014.3  629 1010.8    1  3.1 11.9 14.5 -9.0 -9.00 -9.00   -9   -9.0   -9.0 -9.00   -9.0   -9   -9.0   -9   -9.0   -9   -9.0   -9   -9.0   -9 -99.0 -99.0 -99.0 -99.0 -99.0
20260606 279  1.6  1373   9  4.2 1745   7  8.5 1750  22.1  29.8 1424  13.6  519  10.0  29.5   9.3  49.1  27.0 1349  12.3   8.6   6.0 -9.00 1007.1 1012.8 1014.7  746 1011.0 1556  3.0 12.9 14.5 -9.0 30.08  3.61 1200   -9.0   -9.0 -9.00   -9.0   -9   -9.0   -9   -9.0   -9   -9.0   -9   -9.0   -9 -99.0 -99.0 -99.0 -99.0 -99.0
20260606 281  1.9  1633   9  5.4 1523   9  9.1 1518  19.9  27.2 1358  11.6  510  11.4  27.6   8.9  61.5  36.0 1344  13.5  -9.0  -9.0 -9.00 1002.9 1014.0 1015.2  800 1011.7   30  4.8 12.5 14.5 -9.0 -9.00 -9.00   -9   -9.0   -9.0 -9.00   -9.0   -9   -9.0   -9   -9.0   -9   -9.0   -9   -9.0   -9 -99.0 -99.0 -99.0 -99.0 -99.0
20260606 283  2.2  1873  14  4.8 1449  14  8.3 1300  20.6  28.1 1233  13.2  444  12.5  27.1   9.6  62.8  35.0 1253  14.5   7.8   5.4 -9.00 1009.3 1013.9 1014.9  804 1011.3    1  4.9 12.6 14.5 -9.0 30.45  3.78 1200   -9.0   -9.0 -9.00   -9.0   -9   -9.0   -9   -9.0   -9   -9.0   -9   -9.0   -9 -99.0 -99.0 -99.0 -99.0 -99.0
20260606 284  1.7  1488  14  4.6 1852  16  7.2 1320  19.2  27.5 1602   9.1  451  11.5  26.9   6.2  64.1  38.0 1446  13.7   8.1   5.7 -9.00  985.6 1012.0 1014.3  611 1009.8 1639  3.1 13.3 14.5 -9.0 30.87  3.70 1200   -9.0   -9.0 -9.00   -9.0   -9   -9.0   -9   -9.0   -9   -9.0   -9   -9.0   -9 -99.0 -99.0 -99.0 -99.0 -99.0
20260606 285  0.9   786   7  2.5 1158  20  5.3 1635  21.0  29.2 1611  11.5  507  12.0  28.6  10.1  60.3  35.0 1415  14.0  -9.0  -9.0 -9.00 1010.0 1013.1 1015.0  747 1011.4 1623  3.8 12.6 14.5 -9.0 -9.00 -9.00   -9   -9.0   -9.0 -9.00   -9.0   -9   -9.0   -9   -9.0   -9   -9.0   -9   -9.0   -9 -99.0 -99.0 -99.0 -99.0 -99.0
20260606 288  1.8  1576  11  4.3 1647  11  6.9 1559  22.5  30.2 1329  14.5  416  11.5  27.9  13.9  52.8  32.0 1400  13.6   8.6   6.0 -9.00 1010.6 1011.5 1012.8  742 1009.9    3  5.1 11.2 14.5 -9.0 29.79  3.56 1100   -9.0   -9.0 -9.00   -9.0   -9   -9.0   -9   -9.0   -9   -9.0   -9   -9.0   -9 -99.0 -99.0 -99.0 -99.0 -99.0
20260606 289  1.3  1084  29  2.9 1236  25  6.6 1227  20.4  28.5 1533  11.5  536  12.3  27.4   9.7  63.5  36.0 1420  14.4  -9.0  -9.0 -9.00  997.6 1013.7 1015.9  758 1011.6 1624  3.8 10.9 14.5 -9.0 -9.00 -9.00   -9   -9.0   -9.0 -9.00   -9.0   -9   -9.0   -9   -9.0   -9   -9.0   -9   -9.0   -9 -99.0 -99.0 -99.0 -99.0 -99.0
20260606 294  2.0  1715   9  4.4 1320   5 10.0 1249  21.3  26.2 1054  16.0  545  12.7  27.2  11.2  58.8  39.0 1241  14.7  -9.0  -9.0 -9.00 1008.2 1013.4 1014.7  916 1011.1   45  6.6  9.3 14.4 -9.0 -9.00 -9.00   -9   -9.0   -9.0 -9.00   -9.0   -9   -9.0   -9   -9.0   -9   -9.0   -9   -9.0   -9 -99.0 -99.0 -99.0 -99.0 -99.0
20260606 295  1.8  1555   7  4.2 1407   9  6.3 1252  21.7  27.8 1444  16.2  510  12.4  25.9  11.8  56.6  37.0 1450  14.4  -9.0  -9.0 -9.00 1007.5 1012.8 1014.5  853 1011.1   46  6.1  8.6 14.4 -9.0 -9.00 -9.00   -9   -9.0   -9.0 -9.00   -9.0   -9   -9.0   -9   -9.0   -9   -9.0   -9   -9.0   -9 -99.0 -99.0 -99.0 -99.0 -99.0
20260606 296  3.0  2567   5  6.3 1326   7 10.1 1352  22.2  28.1 1239  13.3  521  12.9  24.0   5.2  57.8  39.0 1241  14.9   8.9   6.2 -9.00 1011.9 1012.2 1013.2  905 1009.9  100  6.1 10.7 14.4 -9.0 28.90  3.80 1200   -9.0   -9.0 -9.00   -9.0   -9   -9.0   -9   -9.0   -9   -9.0   -9   -9.0   -9 -99.0 -99.0 -99.0 -99.0 -99.0
20260607  90  2.9  2479  14  7.3 1517  16 11.4 1603  19.2  20.7 1059  17.7  458  16.1  20.8  17.5  82.1  73.0  124  18.2   2.3   1.6 -9.00 1009.6 1011.6 1014.8   12 1008.4 1738  9.8  0.1 14.7 -9.0  8.45  1.22 1100    0.2   -9.0 -9.00    0.2   -9    0.2   -9   -9.0   -9   -9.0   -9   -9.0   -9 -99.0 -99.0 -99.0 -99.0 -99.0
20260607  93  0.9   783  32  2.6 1132  11  5.7 1458  20.4  24.5 1701  16.9  520  14.6  21.9  16.1  70.6  54.0 1034  16.7   2.9   2.1 -9.00  998.8 1009.9 1013.2    7 1006.3 1714  9.1  2.6 14.7 -9.0 11.59  1.46 1500    1.6    1.6  1.50    1.6 2131    1.1 2152   -9.0   -9   -9.0   -9   -9.0   -9  23.0  21.4  18.7  14.3  12.8
20260607  95  1.7  1509  11  4.1  408  11  6.7  654  19.4  23.0 1721  16.2 2343  14.1  20.4  14.7  72.6  53.0 1257  16.2   2.9   2.0 -9.00  992.2 1010.2 1013.2  825 1007.1 1716  8.3  2.1 14.7 -9.0  9.31  1.06 1500    0.0    0.0 -9.00    0.0   -9    0.0   -9   -9.0   -9   -9.0   -9   -9.0   -9 -99.0 -99.0 -99.0 -99.0 -99.0
20260607  98  1.0   834  11  3.3 1409  11  8.2 1409  20.2  24.5 1615  16.5 2400  12.5  21.8  13.6  62.4  42.0   38  14.6   2.8   2.0 -9.00  995.9 1009.3 1011.8  814 1006.1 1554  7.5  1.4 14.7 -9.0 10.65  1.41 1700    0.0   -9.0 -9.00    0.0   -9    0.0   -9   -9.0   -9   -9.0   -9   -9.0   -9 -99.0 -99.0 -99.0 -99.0 -99.0
20260607  99  1.8  1536   9  3.8 1050   9  7.2  916  19.0  23.2 1642  14.8 2343  14.5  22.3  11.5  76.3  62.0 1345  16.6   2.8   1.9 -9.00 1006.3 1009.9 1012.5  858 1007.4 1602  6.8  1.2 14.7 -9.0 10.30  1.28 1600    0.0   -9.0 -9.00    0.0   -9    0.0   -9   -9.0   -9   -9.0   -9   -9.0   -9 -99.0 -99.0 -99.0 -99.0 -99.0
20260607 100  1.5  1294  11  3.9  722   9  6.4  752  13.9  16.7 1155  10.8  505  11.1  16.6   8.5  83.9  63.0  129  13.3   1.3   0.9 -9.00  923.7 1011.5 1015.1    4 1008.2 1826  9.4  1.3 14.7 -9.0  7.61  1.29  800    0.0   -9.0 -9.00    0.0   -9    0.0   -9   -9.0   -9   -9.0   -9   -9.0   -9 -99.0 -99.0 -99.0 -99.0 -99.0
20260607 101  1.8  1594  32  3.6 1210  32  5.5 1138  20.2  24.6 1651  17.1  530  15.0  22.4  15.2  72.5  52.0  124  17.1   3.1   2.1 -9.00 1000.1 1008.9 1012.2    9 1005.1 1715  9.0  0.8 14.7 -9.0 11.58  1.47 1100    4.7    4.7 -9.00    4.7 2101    4.7 2151   -9.0   -9   -9.0   -9   -9.0   -9  22.5  19.4  17.1  14.8  15.0
20260607 102  1.8  1520  14  3.9  435  14  5.6  428  16.3  18.4 1456  13.7 2334  13.8  17.6  10.1  85.8  68.0 1429  15.8   2.0   1.4 -9.00 1004.4 1008.7 1010.3  554 1007.5 1721  8.1  0.2 14.7 -9.0  5.54  0.80 1700    5.7   -9.0  9.08    2.5  508    1.3  922   -9.0   -9   -9.0   -9   -9.0   -9 -99.0 -99.0 -99.0 -99.0 -99.0
20260607 104  1.4  1248  11  3.7 1251  11  6.7 1559  18.5  20.8  939  15.7  454  15.6  22.4  13.8  83.6  68.0  129  17.9   2.0   1.4 -9.00 1001.7 1010.5 1013.7    1 1007.5 1827  9.6  0.2 14.7 -9.0 10.06  1.38  900    0.2    1.5  1.17    0.2   -9    0.2   -9   -9.0   -9   -9.0   -9   -9.0   -9  22.1  19.7  17.4  13.8  13.3
20260607 105  1.8  1544  11  3.7 1147  11  7.5 1332  19.0  21.2 1037  16.9  519  14.2  23.8  15.3  74.3  56.0   19  16.3   2.2   1.5 -9.00 1008.2 1011.4 1014.4    9 1008.4 1832  9.4  0.1 14.7 -9.0  9.13  1.03  800    0.0   -9.0 -9.00    0.0   -9    0.0   -9   -9.0   -9   -9.0   -9   -9.0   -9  23.0  20.4  18.8  15.3  14.6
20260607 106  1.8  1584   2  4.2 1030   2  6.9  955  18.6  22.7 1037  15.2  605  15.1  23.2  11.8  80.8  60.0  827  17.4   2.6   1.8 -9.00 1007.0 1011.7 1015.0    1 1009.1 2347  9.0  1.0 14.7 -9.0 11.99  2.06 1000    0.0   -9.0 -9.00    0.0   -9    0.0   -9   -9.0   -9   -9.0   -9   -9.0   -9 -99.0 -99.0 -99.0 -99.0 -99.0
20260607 108  2.4  2034   5  4.0 1001   7  6.6    5  22.1  24.9 1752  19.7 2354  12.6  23.1  14.2  55.6  46.0    2  14.7   3.5   2.4 -9.00  999.1 1009.0 1011.3    1 1005.8 1636  8.1  2.0 14.7 -9.0  9.17  1.02 1700    0.0    0.0  0.50    0.0   -9    0.0   -9   -9.0   -9   -9.0   -9   -9.0   -9  22.3  19.9  18.7  14.9  13.7
20260607 112  2.3  1961  27  4.0 1810   9  7.5  149  22.2  25.3 1711  19.4 2326  13.5  22.0  15.4  59.0  44.0  816  15.6   3.3   2.3 -9.00 1000.8 1008.7 1010.7  841 1005.6 1557  8.8  2.0 14.7 -9.0  9.49  1.28 1700    0.0    0.0  2.58    0.0   -9    0.0   -9   -9.0   -9   -9.0   -9   -9.0   -9  21.3  19.6  14.1  17.0  13.5
20260607 114  1.9  1604  14  4.0    3  18  8.7    2  22.2  25.9 1404  18.4  527  13.7  25.4  13.3  59.8  45.0  226  15.8   4.1   2.9 -9.00  991.6 1008.8 1012.1   19 1005.6 1728  8.9  2.5 14.7 -9.0 15.49  2.68 1000    0.0   -9.0 -9.00    0.0   -9    0.0   -9   -9.0   -9   -9.0   -9   -9.0   -9 -99.0 -99.0 -99.0 -99.0 -99.0
20260607 115  4.6  3989   5  8.3 1319   5 12.4 1457  18.4  21.1  859  17.0 1629  16.4  22.8  14.2  88.8  79.0  903  18.6   1.8   1.2  7.50  985.5 1011.2 1016.0   49 1008.1 2353  7.6  1.2 14.7 -9.0  7.65  1.57  800    1.1    5.6  2.83    0.9 1603    0.4 1609   -9.0   -9   -9.0   -9   -9.0   -9  20.1  16.9  15.8  12.6  13.1
20260607 119  2.4  2055  11  4.2 1523  11  6.4 1545  22.4  24.8 1738  19.5 2335  10.9  24.7  16.2  49.4  37.0  830  13.2   3.5   2.4 -9.00 1004.0 1008.6 1010.9    1 1005.4 1701  9.4  0.5 14.6 -9.0  9.98  1.09 1100   -9.0   -9.0 -9.00   -9.0   -9   -9.0   -9   -9.0   -9   -9.0   -9   -9.0   -9  22.7  19.5  17.1  13.3  12.7
20260607 121  2.0  1738   9  4.5 1524   9  8.3 1522  20.7  26.8 1213  14.4  538  13.6  28.8  11.9  65.5  44.0  858  15.6   5.2   3.6 -9.00  982.2 1009.8 1013.8    1 1007.1 1743  8.1  6.1 14.6 -9.0 21.23  3.03 1100   -9.0   -9.0 -9.00   -9.0   -9   -9.0   -9   -9.0   -9   -9.0   -9   -9.0   -9 -99.0 -99.0 -99.0 -99.0 -99.0
20260607 127  1.5  1260   7  3.7  231   7  6.2  223  22.6  27.7 1424  15.8  528  11.9  25.0  13.7  52.5  38.0  228  14.1   4.8   3.4 -9.00  994.8 1008.0 1011.5   19 1005.0 1756  7.5  3.3 14.6 -9.0 18.29  2.36  900   -9.0   -9.0 -9.00   -9.0   -9   -9.0   -9   -9.0   -9   -9.0   -9   -9.0   -9 -99.0 -99.0 -99.0 -99.0 -99.0
20260607 129  2.1  1802  32  4.8 1804  32  7.2 1801  22.3  25.2 1212  19.0 2346  12.8  26.0  15.6  56.3  43.0  908  14.8   3.7   2.6 -9.00 1005.7 1008.6 1010.2    5 1005.7 1646  9.0  1.4 14.6 -9.0 13.02  1.79 1200   -9.0   -9.0 -9.00   -9.0   -9   -9.0   -9   -9.0   -9   -9.0   -9   -9.0   -9  22.3  19.5  19.4  14.2  14.8
20260607 130  1.4  1196   5  3.6 1526   5  7.0 1548  18.4  20.9  942  14.5  449  16.0  21.2  12.4  86.0  77.0  949  18.3  -9.0  -9.0 -9.00 1005.6 1011.3 1015.6    1 1008.9 2305  8.4  0.1 14.6 -9.0 -9.00 -9.00   -9    0.0   -9.0 -9.00    0.0   -9    0.0   -9   -9.0   -9   -9.0   -9   -9.0   -9 -99.0 -99.0 -99.0 -99.0 -99.0
20260607 131  1.9  1623  11  4.3   15  14 10.0    6  24.3  28.6 1507  20.6  550  12.8  29.1  17.0  49.6  39.0   35  15.1   6.0   4.2 -9.00 1001.3 1008.0 1011.0    6 1005.1 1724  6.0  6.5 14.6 -9.0 22.51  3.37 1000    0.0    0.0  0.08    0.0   -9    0.0   -9   -9.0   -9   -9.0   -9   -9.0   -9 -99.0 -99.0 -99.0 -99.0 -99.0
20260607 133  2.8  2442  14  5.9  404  16  9.9  155  23.3  28.7 1323  18.2  555  14.2  27.9  15.3  57.3  45.0  105  16.4   6.7   4.7 -9.00 1000.7 1008.5 1011.7   30 1005.8 1718  5.6  7.7 14.6 -9.0 24.40  3.45 1100   -9.0   -9.0 -9.00   -9.0   -9   -9.0   -9   -9.0   -9   -9.0   -9   -9.0   -9  24.2  22.2  19.7  16.2  15.8
20260607 135  2.3  1991  11  4.9 1747   7  7.1  943  19.4  24.5 1242  13.3  531  14.2  25.0  12.0  72.5  60.0  812  16.4   3.8   2.7 -9.00  980.9 1009.1 1012.9    1 1006.7 1732  6.9  4.1 14.5 -9.0 17.52  2.95 1200    0.0   -9.0 -9.00    0.0   -9    0.0   -9   -9.0   -9   -9.0   -9   -9.0   -9 -99.0 -99.0 -99.0 -99.0 -99.0
20260607 136  1.7  1427  11  4.3 1752  14  7.5 1411  19.7  23.3 1247  14.5  540  14.0  24.0  12.8  70.3  62.0 1558  16.1   3.0   2.1 -9.00  994.4 1010.8 1015.2    3 1008.8 1740  7.8  1.9 14.6 -9.0 11.74  1.49 1600   -9.0   -9.0 -9.00   -9.0   -9   -9.0   -9   -9.0   -9   -9.0   -9   -9.0   -9 -99.0 -99.0 -99.0 -99.0 -99.0
20260607 137  0.7   604  14  2.2 1742  14  5.7 1734  21.2  27.3 1418  15.7  428  15.0  28.9  11.8  68.4  54.0  852  17.2   3.6   2.5 -9.00  997.6 1008.8 1012.5    1 1006.3 1733  7.4  3.5 14.6 -9.0 17.45  2.53 1100   -9.0   -9.0 -9.00   -9.0   -9   -9.0   -9   -9.0   -9   -9.0   -9   -9.0   -9 -99.0 -99.0 -99.0 -99.0 -99.0
20260607 138  2.9  2541   5  6.2 1103   2 12.0 1625  19.5  20.2 1108  18.8 1539  16.8  20.8  17.7  85.1  74.0    1  19.2   1.7   1.2 -9.00 1009.2 1009.7 1014.0   13 1007.5 2314  9.3  0.0 14.5 -9.0  5.77  1.15 1300    0.9    2.5  8.00    0.6 1440    0.3 1313   -9.0   -9   -9.0   -9   -9.0   -9  21.8  18.9  17.7  15.6  15.7
20260607 140  2.1  1773  29  6.3 1903  32 11.0 1850  22.5  28.2 1230  17.2  237  14.6  27.7  12.1  62.3  48.0 1235  16.8  -9.0  -9.0 -9.00 1005.7 1009.0 1011.7    1 1006.4 1652  6.4  6.6 14.5 -9.0 -9.00 -9.00   -9   -9.0   -9.0 -9.00   -9.0   -9   -9.0   -9   -9.0   -9   -9.0   -9   -9.0   -9 -99.0 -99.0 -99.0 -99.0 -99.0
20260607 143  2.6  2234  11  4.4   46  11  6.9   28  20.8  22.9 1051  18.5  413  15.7  23.5  17.4  73.0  60.0    1  17.9   2.1   1.5 -9.00 1002.8 1009.1 1013.0    1 1007.3 1722  8.8  0.1 14.5 -9.0  6.33  0.87  800    0.0   -9.0  1.75    0.0   -9    0.0   -9   -9.0   -9   -9.0   -9   -9.0   -9 -99.0 -99.0 -99.0 -99.0 -99.0
20260607 146  2.0  1704  27  6.5 1951  27 11.8 1947  23.6  30.1 1552  18.0  501  14.6  27.2  12.5  57.9  42.0 1526  16.6   6.6   4.7 -9.00 1000.9 1007.9 1010.5    4 1005.0 1707  5.8  6.7 14.5 -9.0 22.83  3.24 1100   -9.0   -9.0 -9.00   -9.0   -9   -9.0   -9   -9.0   -9   -9.0   -9   -9.0   -9 -99.0 -99.0 -99.0 -99.0 -99.0
20260607 152  2.4  2082   7  4.2 1123   5  7.9 1110  19.4  22.2 1111  17.9 2400  16.9  21.1  17.4  86.4  55.0    3  19.3   1.6   1.1 -9.00  999.4 1008.9 1013.2    1 1007.5 1854  9.3  0.2 14.5 -9.0  5.44  1.30 1100    1.1   -9.0  7.58    0.4 1251    0.3 1246   -9.0   -9   -9.0   -9   -9.0   -9 -99.0 -99.0 -99.0 -99.0 -99.0
20260607 155  1.9  1676   5  3.8  808   7  5.9  807  22.7  25.7 1144  20.7 2349  16.4  26.0  19.3  68.3  50.0    4  18.8   2.9   2.0 -9.00 1004.4 1008.4 1012.7    1 1006.9 1637  7.6  1.6 14.5 -9.0 11.37  1.92 1100    0.0   -9.0  0.03    0.0   -9    0.0   -9   -9.0   -9   -9.0   -9   -9.0   -9 -99.0 -99.0 -99.0 -99.0 -99.0
20260607 156  1.7  1512  18  4.7 2106  18  9.0 2113  23.9  29.9 1629  18.7  537  16.0  29.9  13.2  61.8  47.0 1559  18.3   5.1   3.5 -9.00  999.7 1007.7 1010.5    1 1005.3 1731  5.6  4.8 14.5 -9.0 18.90  2.78 1400   -9.0   -9.0 -9.00   -9.0   -9   -9.0   -9   -9.0   -9   -9.0   -9   -9.0   -9 -99.0 -99.0 -99.0 -99.0 -99.0
20260607 159  2.8  2404   7  4.1 1622   9  8.9  502  21.6  23.7 1612  20.0 2251  17.4  21.9  16.8  77.1  59.0    5  19.9   2.4   1.7 -9.00  999.9 1007.9 1012.1   14 1006.5 1843  9.1  0.2 14.4 -9.0  8.59  1.34 1000    0.2    2.2  4.22    0.2   -9    0.1   -9   -9.0   -9   -9.0   -9   -9.0   -9  22.5  20.6  19.6  16.1  16.8
20260607 162  2.2  1902   5  4.5  920   5  7.4  119  22.3  25.0 1532  19.9 2346  16.9  24.6  17.6  72.1  57.0   26  19.3   2.7   1.9 -9.00 1003.8 1007.4 1011.5    1 1006.0 1717  8.0  0.4 14.4 -9.0 10.95  1.70 1100   -9.0   -9.0 -9.00   -9.0   -9   -9.0   -9   -9.0   -9   -9.0   -9   -9.0   -9 -99.0 -99.0 -99.0 -99.0 -99.0
20260607 165  3.1  2664  34  6.1 1549  29  9.3 1540  23.0  28.0 1432  19.3  500  16.3  25.0  15.1  66.8  55.0 1436  18.6   6.2   4.3 -9.00 1003.1 1008.2 1010.3   36 1006.4 1713  5.9  6.7 14.4 -9.0 23.60  3.20 1100   -9.0    0.0 -9.00   -9.0   -9   -9.0   -9   -9.0   -9   -9.0   -9   -9.0   -9  22.6  21.0  18.8  16.4  15.0
20260607 168  4.3  3703   9  7.7  318   9 12.4  302  22.7  26.8 1425  20.6  515  16.2  26.8  17.9  67.6  53.0   42  18.7   5.7   4.0 -9.00 1000.5 1008.1 1011.7    1 1006.7 1728  6.5  6.2 14.4 -9.0 23.41  3.48 1300   -9.0    1.7 -9.00   -9.0   -9   -9.0   -9   -9.0   -9   -9.0   -9   -9.0   -9  23.0  20.9  19.0  16.5  16.6
20260607 169  3.7  3212  32  7.1 2126  34  9.5 2126  20.6  25.3 1530  17.2  352  15.6  26.6  16.2  74.0  44.0 1542  17.7   4.5   3.2 -9.00  999.8 1008.4 1010.5    1 1007.0 1701  7.5  4.5 14.4 -9.0 17.40  2.46 1500    0.0   -9.0  0.03   -9.0   -9   -9.0   -9   -9.0   -9   -9.0   -9   -9.0   -9 -99.0 -99.0 -99.0 -99.0 -99.0
20260607 170  2.1  1837  18  5.5 1820  18  8.2 1816  24.0  29.3 1603  19.2   34  18.1  27.4  17.1  70.5  53.0 1225  20.9   5.0   3.5 -9.00 1004.1 1008.1 1010.8    1 1006.8 1556  7.9  4.3 14.4 -9.0 19.08  2.78 1200   -9.0   -9.0 -9.00   -9.0   -9   -9.0   -9   -9.0   -9   -9.0   -9   -9.0   -9 -99.0 -99.0 -99.0 -99.0 -99.0
20260607 172  2.2  1884  29  6.0 1959  29  9.2 1950  21.9  28.8 1440  15.9  500  15.3  25.3  11.6  69.5  43.0 1432  17.4   6.0   4.2 -9.00 1001.8 1007.9 1010.2   26 1005.5 1652  6.9  4.5 14.5 -9.0 21.45  3.27 1300    0.0   -9.0 -9.00    0.0   -9    0.0   -9   -9.0   -9   -9.0   -9   -9.0   -9 -99.0 -99.0 -99.0 -99.0 -99.0
20260607 174  1.8  1531  29  4.1 2400  20  6.8 1256 -99.0  28.6 1050  20.4 2400 -99.0  26.5  18.8  -9.0  46.0 1123  -9.0  -9.0  -9.0 -9.00   -9.0   -9.0 1007.0 2327 1004.6 1429  6.9  1.5 14.4 -9.0 -9.00 -9.00  900    0.1   -9.0 -9.00    0.1   -9    0.1   -9   -9.0   -9   -9.0   -9   -9.0   -9 -99.0 -99.0 -99.0 -99.0 -99.0
20260607 177  1.4  1209  25  4.3 1902  25  7.9 1853  22.8  26.6 1623  17.7  545  14.9  27.6  14.0  62.6  49.0 1019  17.0   4.3   3.0 -9.00 1004.0 1007.2 1009.4    1 1004.2 1656  7.8  2.9 14.6 -9.0 16.36  2.19  900    0.0   -9.0  0.58    0.0   -9    0.0   -9   -9.0   -9   -9.0   -9   -9.0   -9 -99.0 -99.0 -99.0 -99.0 -99.0
20260607 181  2.0  1732  16  4.4 1826  16  7.2 1802  22.7  27.9 1356  16.0  528  14.0  27.2  11.9  59.4  45.0  217  16.2   5.8   4.1 -9.00 1004.8 1008.7 1011.7    8 1005.7 1722  6.6  6.5 14.6 -9.0 22.39  3.22 1100    0.0   -9.0 -9.00    0.0   -9    0.0   -9   -9.0   -9   -9.0   -9   -9.0   -9 -99.0 -99.0 -99.0 -99.0 -99.0
20260607 184  2.8  2440   7  5.0  941   7  8.0  122  21.9  23.5 1749  21.1  559  18.9  23.2  19.9  83.5  71.0 1602  21.8   2.0   1.4 -9.00 1004.8 1007.2 1009.9    1 1006.2  554  8.1  0.5 14.3 -9.0  5.63  0.93 1700    0.1    0.5  7.42    0.1   -9    0.1   -9   -9.0   -9   -9.0   -9   -9.0   -9  23.5  21.7  21.4  18.5  16.6
20260607 185  2.8  2452  34  6.2 1651  34  9.3 1653  22.1  25.7 1119  20.1   42  18.9  25.3  18.9  82.5  71.0 1111  21.9   4.8   3.3 -9.00  998.7 1006.9 1009.3    1 1005.7  608  7.3  6.0 14.3 -9.0 20.06  3.26 1100    0.0   -9.0 -9.00    0.0   -9    0.0   -9   -9.0   -9   -9.0   -9   -9.0   -9 -99.0 -99.0 -99.0 -99.0 -99.0
20260607 188  2.5  2123   2  4.4 1107   5  8.2 1021  21.4  22.1 1525  20.8 2349  20.2  22.1  20.0  93.1  86.0 1532  23.6  -9.0  -9.0 -9.00 1005.6 1008.0 1010.7    3 1006.9  453  8.8  0.0 14.3 -9.0 -9.00 -9.00   -9    4.8   -9.0 -9.00    2.0 1034    0.6 1116   -9.0   -9   -9.0   -9   -9.0   -9 -99.0 -99.0 -99.0 -99.0 -99.0
20260607 189  2.9  2505   7  4.9 1236   7 10.3 1655  23.3  26.9 1256  21.6  144  19.5  24.5  20.6  79.9  67.0 1256  22.7   4.3   3.0 -9.00 1001.6 1007.5 1010.1    1 1006.5  435  7.9  2.0 14.3 -9.0 16.41  2.98 1200    0.4    0.0  3.85    0.3    6    0.2   -9   -9.0   -9   -9.0   -9   -9.0   -9 -99.0 -99.0 -99.0 -99.0 -99.0
20260607 192  0.9   819  34  2.7 1122   7  6.3 1508  21.9  26.9 1312  15.7  251  16.3  26.2  14.6  71.5  60.0 1016  18.7   4.3   3.0 -9.00 1005.1 1008.5 1012.7    1 1006.8 1626  7.3  3.0 14.5 -9.0 18.30  3.15 1000   -9.0    0.2 -9.00   -9.0   -9   -9.0   -9   -9.0   -9   -9.0   -9   -9.0   -9 -99.0 -99.0 -99.0 -99.0 -99.0
20260607 201  1.6  1357   5  3.3  848  36  7.0 1817  19.8  24.2 1547  15.2 2340  13.8  20.8  10.2  69.6  52.0    1  15.8  -9.0  -9.0 -9.00 1004.3 1009.8 1012.1  831 1007.5 1505  6.9  2.2 14.7 -9.0 -9.00 -9.00   -9    0.0   -9.0 -9.00    0.0   -9    0.0   -9   -9.0   -9   -9.0   -9   -9.0   -9 -99.0 -99.0 -99.0 -99.0 -99.0
20260607 202  1.3  1099  16  2.5   52  16  4.3 1712  21.8  25.3 1812  18.1  530  13.9  25.1  16.0  62.1  45.0 1116  16.0  -9.0  -9.0 -9.00 1003.7 1009.2 1012.4    1 1006.0 1739  9.0  0.6 14.7 -9.0 -9.00 -9.00   -9    0.0   -9.0 -9.00    0.0   -9    0.0   -9   -9.0   -9   -9.0   -9   -9.0   -9 -99.0 -99.0 -99.0 -99.0 -99.0
20260607 203  0.8   652   5  1.8 1024   5  4.2 1231  21.5  25.3 1249  16.7  545  14.8  26.3  13.8  67.1  47.0  225  17.1  -9.0  -9.0 -9.00 1000.2 1009.4 1012.4    1 1006.3 1701  8.8  0.4 14.6 -9.0 -9.00 -9.00   -9    0.0   -9.0 -9.00    0.0   -9    0.0   -9   -9.0   -9   -9.0   -9   -9.0   -9 -99.0 -99.0 -99.0 -99.0 -99.0
20260607 211  1.6  1422   2  3.7 1837   2  6.5 1216  18.9  22.4 1633  15.4  418  13.1  21.3  13.7  69.9  56.0 1126  15.1  -9.0  -9.0 -9.00  986.8 1010.2 1013.6    1 1006.4 1724  9.5  0.7 14.7 -9.0 -9.00 -9.00   -9    0.4   -9.0 -9.00    0.4 2149    0.3 2235   -9.0   -9   -9.0   -9   -9.0   -9 -99.0 -99.0 -99.0 -99.0 -99.0
20260607 212  1.3  1112   9  2.8 1638   9  5.4 1631  21.0  25.7 1709  17.3  504  13.0  22.8  16.1  61.5  48.0 1154  15.1  -9.0  -9.0 -9.00  993.6 1009.8 1013.5   12 1006.2 1712  8.4  0.8 14.7 -9.0 -9.00 -9.00   -9    0.3   -9.0 -9.00    0.3 2133    0.3 2223   -9.0   -9   -9.0   -9   -9.0   -9 -99.0 -99.0 -99.0 -99.0 -99.0
20260607 216  1.1   941  34  3.3 1525   7  5.7 1017  13.9  18.8 1007   9.0  505  10.9  17.1   9.0  83.3  60.0  747  13.2   1.9   1.3 -9.00  930.4 1011.9 1016.3   16 1009.2 1828  9.4  2.3 14.6 -9.0  9.25  1.75 1000    0.1   -9.0 -9.00    0.1   -9    0.1   -9   -9.0   -9   -9.0   -9   -9.0   -9 -99.0 -99.0 -99.0 -99.0 -99.0
20260607 217  1.5  1306   5  5.4 1158   5  9.5 1158  17.0  22.9 1112  12.3  525  11.4  22.6  12.4  70.9  52.0  854  13.6  -9.0  -9.0 -9.00  975.0 1011.2 1015.0    1 1008.4 1822  8.8  0.8 14.7 -9.0 -9.00 -9.00   -9   -9.0   -9.0 -9.00   -9.0   -9   -9.0   -9   -9.0   -9   -9.0   -9   -9.0   -9 -99.0 -99.0 -99.0 -99.0 -99.0
20260607 221  2.1  1805   5  4.7 1409   5  8.8 1513  20.0  25.1 1311  14.0  538  12.6  24.8  12.7  63.6  44.0 1031  14.6  -9.0  -9.0 -9.00  979.0 1009.3 1013.3   23 1006.7 1729  8.1  4.9 14.6 -9.0 -9.00 -9.00   -9   -9.0   -9.0 -9.00   -9.0   -9   -9.0   -9   -9.0   -9   -9.0   -9   -9.0   -9 -99.0 -99.0 -99.0 -99.0 -99.0
20260607 226  1.7  1506  16  4.4 1140  18  8.5 1131  20.8  25.8 1431  14.9  516  14.2  26.7   9.6  66.8  52.0  114  16.4  -9.0  -9.0 -9.00  989.4 1009.1 1012.7   43 1006.5 1719  6.5  6.7 14.6 -9.0 -9.00 -9.00   -9   -9.0   -9.0 -9.00   -9.0   -9   -9.0   -9   -9.0   -9   -9.0   -9   -9.0   -9 -99.0 -99.0 -99.0 -99.0 -99.0
20260607 232  1.7  1485  11  4.0   19  11  7.9   10  21.9  26.9 1500  15.6  530  14.8  29.4  12.7  66.6  45.0   23  17.2  -9.0  -9.0 -9.00  999.4 1009.2 1012.1    1 1006.0 1713  7.3  3.9 14.6 -9.0 -9.00 -9.00   -9    0.2   -9.0 -9.00    0.2   -9    0.2   -9   -9.0   -9   -9.0   -9   -9.0   -9 -99.0 -99.0 -99.0 -99.0 -99.0
20260607 235  2.0  1693  36  4.6 1151   2  8.1 1148  23.3  29.5 1357  18.7  407  13.6  27.2  14.2  56.0  36.0 1037  15.7   6.0   4.2 -9.00 1006.6 1007.7 1009.8    1 1005.2 1640  7.1  6.9 14.6 -9.0 21.59  3.49 1300   -9.0   -9.0 -9.00   -9.0   -9   -9.0   -9   -9.0   -9   -9.0   -9   -9.0   -9 -99.0 -99.0 -99.0 -99.0 -99.0
20260607 236  1.3  1107  36  2.8  654   5  6.0 1231  23.0  28.7 1424  17.8  451  13.7  28.7  13.9  57.1  37.0 1429  15.7  -9.0  -9.0 -9.00 1007.0 1008.6 1011.2    1 1005.8 1708  7.1  7.2 14.6 -9.0 -9.00 -9.00   -9   -9.0   -9.0 -9.00   -9.0   -9   -9.0   -9   -9.0   -9   -9.0   -9   -9.0   -9 -99.0 -99.0 -99.0 -99.0 -99.0
20260607 238  1.1   978   9  3.3 1612   9  5.8 1608  22.1  28.2 1500  14.7  535  15.0  27.1   9.9  65.4  47.0 1501  17.2  -9.0  -9.0 -9.00  988.5 1007.9 1011.1    7 1005.4 1711  6.4  4.9 14.5 -9.0 -9.00 -9.00   -9   -9.0   -9.0 -9.00   -9.0   -9   -9.0   -9   -9.0   -9   -9.0   -9   -9.0   -9 -99.0 -99.0 -99.0 -99.0 -99.0
20260607 239  1.8  1571  11  2.9  126   9  5.3  302  22.9  27.8 1432  18.1  546  13.8  29.0  14.7  57.0  46.0  826  16.0   5.9   4.1 -9.00  997.6 1007.8 1010.8    1 1005.0 1712  6.3  7.2 14.6 -9.0 23.46  3.11 1000   -9.0   -9.0 -9.00   -9.0   -9   -9.0   -9   -9.0   -9   -9.0   -9   -9.0   -9 -99.0 -99.0 -99.0 -99.0 -99.0
20260607 243  1.7  1455  29  4.7 1929  29  8.4 1915  22.5  28.1 1247  17.3  438  14.1  25.7  12.8  60.5  40.0 1321  16.2  -9.0  -9.0 -9.00 1007.0 1008.4 1010.7   30 1006.1 1652  7.3  4.7 14.5 -9.0 -9.00 -9.00   -9   -9.0   -9.0 -9.00   -9.0   -9   -9.0   -9   -9.0   -9   -9.0   -9   -9.0   -9 -99.0 -99.0 -99.0 -99.0 -99.0
20260607 244  1.2  1016  34  3.4 2113  34  7.5 2111  21.9  28.1 1318  14.3  524  15.0  24.1  11.8  66.1  48.0 1600  17.1  -9.0  -9.0 -9.00  979.6 1007.7 1010.9    1 1005.1 1719  5.8  6.4 14.5 -9.0 -9.00 -9.00   -9    0.0   -9.0 -9.00    0.0   -9    0.0   -9   -9.0   -9   -9.0   -9   -9.0   -9 -99.0 -99.0 -99.0 -99.0 -99.0
20260607 245  2.2  1888  34  5.6 1458  36  8.6 1453  22.6  29.8 1422  17.0  354  14.4  27.3  13.2  61.5  42.0 1424  16.4   5.9   4.2 -9.00 1000.3 1008.2 1010.5   28 1005.7 1659  6.3  5.1 14.5 -9.0 21.15  3.03 1100   -9.0   -9.0 -9.00   -9.0   -9   -9.0   -9   -9.0   -9   -9.0   -9   -9.0   -9 -99.0 -99.0 -99.0 -99.0 -99.0
20260607 247  2.6  2254   9  4.7 1811  11  7.7  356  23.4  29.5 1346  17.8 2308  16.3  25.5  15.7  65.8  48.0 1355  18.8  -9.0  -9.0 -9.00  992.4 1007.6 1010.9    1 1005.2 1747  6.1  5.9 14.5 -9.0 -9.00 -9.00   -9   11.3   -9.0 -9.00   11.3 2240   10.1 2258   -9.0   -9   -9.0   -9   -9.0   -9 -99.0 -99.0 -99.0 -99.0 -99.0
20260607 248  1.0   835  36  4.5 1154  34  6.3 1136  19.7  26.1 1120  12.4  459  15.3  22.9   9.6  77.3  54.0 1121  17.5  -9.0  -9.0 -9.00  962.3 1008.5 1012.8    1 1005.6 1706  6.4  4.4 14.5 -9.0 -9.00 -9.00   -9    2.9   -9.0 -9.00    2.2 2135    1.8 2158   -9.0   -9   -9.0   -9   -9.0   -9 -99.0 -99.0 -99.0 -99.0 -99.0
20260607 251  1.9  1660  27  4.4 2001  27  8.0 1954  22.7  28.8 1417  16.2  139  16.2  26.6  12.7  68.9  47.0 1608  18.4   4.8   3.4 -9.00 1002.3 1008.0 1010.5    1 1005.5 1725  6.8  3.9 14.5 -9.0 17.98  3.03 1300    0.0   -9.0 -9.00    0.0   -9    0.0   -9   -9.0   -9   -9.0   -9   -9.0   -9 -99.0 -99.0 -99.0 -99.0 -99.0
20260607 252  1.4  1220  34  3.8 1324  36  7.1 1452  22.1  28.3 1423  16.2  117  15.1  25.9  12.5  66.8  46.0 1315  17.2   6.2   4.4 -9.00 1003.8 1008.1 1010.3    9 1006.1 1631  6.5  7.2 14.5 -9.0 25.00  3.44 1300   -9.0   -9.0 -9.00   -9.0   -9   -9.0   -9   -9.0   -9   -9.0   -9   -9.0   -9 -99.0 -99.0 -99.0 -99.0 -99.0
20260607 253  0.7   593   7  2.0 1055   7  5.5 1046  22.1  25.6 1153  19.5 2359  17.3  23.2  17.1  74.8  58.0    1  19.8   1.9   1.3 -9.00 1002.9 1009.2 1013.5    1 1007.7 1716  8.9  0.9 14.5 -9.0  7.74  1.43 1000   -9.0   -9.0 -9.00   -9.0   -9   -9.0   -9   -9.0   -9   -9.0   -9   -9.0   -9 -99.0 -99.0 -99.0 -99.0 -99.0
20260607 254  1.7  1427  36  3.8 1548  32  6.1 1339  22.7  28.8 1519  15.0  512  14.5  28.1  13.0  62.0  42.0 1600  16.6   5.7   4.0 -9.00  993.3 1008.1 1011.7    2 1005.5 1740  6.4  6.7 14.5 -9.0 20.73  2.91 1400   -9.0   -9.0 -9.00   -9.0   -9   -9.0   -9   -9.0   -9   -9.0   -9   -9.0   -9 -99.0 -99.0 -99.0 -99.0 -99.0
20260607 255  1.7  1480  32  3.5  710  34  6.8 1605  22.8  25.8 1141  20.8  401  16.6  21.5  17.1  68.6  51.0    1  19.1   2.3   1.6 -9.00 1002.3 1008.2 1012.6    1 1006.6 1728  8.6  1.3 14.5 -9.0  7.73  1.23 1600   -9.0   -9.0 -9.00   -9.0   -9   -9.0   -9   -9.0   -9   -9.0   -9   -9.0   -9 -99.0 -99.0 -99.0 -99.0 -99.0
20260607 257  3.3  2837   7  5.1 1741   2 11.9 1349  21.9  25.0 1042  20.1 2315  17.7  23.5  18.3  77.4  55.0    8  20.3   2.6   1.8 -9.00 1007.9 1008.6 1012.9    4 1007.2 1748  8.4  0.5 14.5 -9.0 10.43  1.72 1000    0.3   -9.0 -9.00    0.3 1219    0.3 1309   -9.0   -9   -9.0   -9   -9.0   -9 -99.0 -99.0 -99.0 -99.0 -99.0
20260607 258  2.5  2156  18  5.1 1300  14  6.8  903  23.7  28.0 1238  17.3  409  17.7  23.6  15.1  69.9  57.0 1555  20.5   6.3   4.4 -9.00 1008.1 1008.3 1011.8    1 1006.7 1554  6.6  6.5 14.4 -9.0 23.08  3.69 1200    0.0   -9.0 -9.00    0.0   -9    0.0   -9   -9.0   -9   -9.0   -9   -9.0   -9 -99.0 -99.0 -99.0 -99.0 -99.0
20260607 259  1.4  1198  20  3.2 1632  23  6.0 1628  23.5  28.3 1309  19.0  311  17.4  23.4  16.2  69.5  58.0 1434  20.0   3.8   2.6 -9.00 1005.9 1007.7 1010.7    1 1006.1 1553  6.5  2.0 14.4 -9.0 14.19  2.00 1100   -9.0   -9.0 -9.00   -9.0   -9   -9.0   -9   -9.0   -9   -9.0   -9   -9.0   -9 -99.0 -99.0 -99.0 -99.0 -99.0
20260607 260  2.1  1841  16  5.1 1736  11  6.5    1  23.6  28.9 1355  18.7  512  18.4  27.0  15.7  73.6  62.0 1121  21.4  -9.0  -9.0 -9.00 1002.7 1007.7 1010.8    1 1005.9 1659  6.4  5.6 14.4 -9.0 -9.00 -9.00   -9    0.0   -9.0 -9.00    0.0   -9    0.0   -9   -9.0   -9   -9.0   -9   -9.0   -9 -99.0 -99.0 -99.0 -99.0 -99.0
20260607 261  2.8  2379  23  4.9 1625  29  7.8 2254  23.6  28.4 1314  19.6  244  18.6  25.6  15.3  73.9  63.0 1320  21.5  -9.0  -9.0 -9.00 1006.3 1008.2 1010.6    1 1006.6 1550  6.3  4.3 14.4 -9.0 -9.00 -9.00   -9   -9.0   -9.0 -9.00   -9.0   -9   -9.0   -9   -9.0   -9   -9.0   -9   -9.0   -9 -99.0 -99.0 -99.0 -99.0 -99.0
20260607 262  2.1  1790   5  3.8  508   9  8.2 1037  23.5  30.1 1339  20.0   52  17.1  24.7  18.7  68.1  51.0 1314  19.6   5.3   3.7 -9.00 1001.9 1007.9 1010.9    1 1006.3 1400  6.4  5.9 14.4 -9.0 21.03  3.12 1200   -9.0   -9.0 -9.00   -9.0   -9   -9.0   -9   -9.0   -9   -9.0   -9   -9.0   -9 -99.0 -99.0 -99.0 -99.0 -99.0
20260607 263  1.8  1519   5  4.1 1604   5  8.1 1556  21.1  25.4 1136  15.8  311  15.1  23.7  13.9  69.5  56.0 1057  17.3   3.5   2.5 -9.00 1007.0 1008.7 1012.8    1 1007.0 1708  7.5  0.6 14.5 -9.0 12.62  2.79 1000   -9.0   -9.0 -9.00   -9.0   -9   -9.0   -9   -9.0   -9   -9.0   -9   -9.0   -9 -99.0 -99.0 -99.0 -99.0 -99.0
20260607 264  1.1   938  14  3.5 1504   9  6.6 1502  21.8  28.1 1452  14.9  125  12.4  26.4  13.7  56.6  39.0 1157  14.5   5.5   3.9 -9.00  991.1 1008.6 1013.0    1 1006.3 1519  8.6  3.6 14.5 -9.0 20.26  3.26 1200   10.7   -9.0 -9.00   10.7 2301    7.2 2344   -9.0   -9   -9.0   -9   -9.0   -9 -99.0 -99.0 -99.0 -99.0 -99.0
20260607 266  2.5  2154   7  4.5  816   7  8.5  123  23.9  28.5 1334  20.7  150  17.1  26.5  18.8  66.8  54.0  106  19.8   5.9   4.1 -9.00  998.1 1008.2 1012.1    1 1006.8 1438  5.6  7.6 14.4 -9.0 24.64  3.47 1100   -9.0   -9.0 -9.00   -9.0   -9   -9.0   -9   -9.0   -9   -9.0   -9   -9.0   -9 -99.0 -99.0 -99.0 -99.0 -99.0
20260607 268  1.9  1678  32  4.6 1130  32  7.0 1128  22.6  27.1 1535  17.2    5  16.9  25.7  17.3  71.1  56.0 1540  19.3  -9.0  -9.0 -9.00 1005.9 1007.0 1009.2    1 1005.4 1730  7.5  7.2 14.4 -9.0 -9.00 -9.00   -9   -9.0   -9.0 -9.00   -9.0   -9   -9.0   -9   -9.0   -9   -9.0   -9   -9.0   -9 -99.0 -99.0 -99.0 -99.0 -99.0
20260607 271  1.6  1359  36  4.0 1327  14  8.5 1214  17.2  24.1 1207  10.0  443  11.6  22.0   8.2  71.0  51.0 1208  13.8  -9.0  -9.0 -9.00  973.4 1010.9 1015.9    2 1008.6 1715  7.6  2.9 14.6 -9.0 -9.00 -9.00   -9   -9.0   -9.0 -9.00   -9.0   -9   -9.0   -9   -9.0   -9   -9.0   -9   -9.0   -9 -99.0 -99.0 -99.0 -99.0 -99.0
20260607 272  1.6  1417  34  2.9  107  14  4.7 1549  19.4  24.3 1154  12.8  430  13.1  24.7  10.9  68.3  51.0  855  15.2  -9.0  -9.0 -9.00  985.7 1010.1 1014.7    1 1007.6 1807  8.0  1.4 14.6 -9.0 -9.00 -9.00   -9    0.0   -9.0 -9.00    0.0   -9    0.0   -9   -9.0   -9   -9.0   -9   -9.0   -9 -99.0 -99.0 -99.0 -99.0 -99.0
20260607 273  1.6  1410  11  3.8 1701   9  5.9 1701  20.3  25.6 1431  14.3  342  14.2  25.9   9.3  68.5  55.0 1158  16.4  -9.0  -9.0 -9.00  989.2 1009.1 1013.2    1 1006.7 1701  7.1  2.5 14.6 -9.0 -9.00 -9.00   -9   -9.0   -9.0 -9.00   -9.0   -9   -9.0   -9   -9.0   -9   -9.0   -9   -9.0   -9 -99.0 -99.0 -99.0 -99.0 -99.0
20260607 276  1.3  1130  11  4.6 1527   9  8.9 1525  17.1  21.0 1102  11.5  408  14.5  20.2   8.9  85.3  71.0 1700  16.6   1.8   1.3 -9.00  985.7 1010.0 1014.7    2 1007.9 1805  7.8  1.2 14.6 -9.0  6.71  0.99 1000   -9.0   -9.0 -9.00   -9.0   -9   -9.0   -9   -9.0   -9   -9.0   -9   -9.0   -9 -99.0 -99.0 -99.0 -99.0 -99.0
20260607 277  2.9  2465   2  7.7 1409   2 12.9 1404  18.0  20.2 1553  13.8  151  15.7  21.6  11.6  86.8  81.0  856  17.8  -9.0  -9.0 -9.00 1005.9 1010.8 1015.3    1 1008.2 2311  8.3  0.0 14.6 -9.0 -9.00 -9.00   -9    0.0   -9.0 -9.00    0.0   -9    0.0   -9   -9.0   -9   -9.0   -9   -9.0   -9 -99.0 -99.0 -99.0 -99.0 -99.0
20260607 278  1.2  1075   9  3.6 1257   2  6.4 1649  19.3  24.2 1441  12.9  210  14.8  23.9   9.2  75.9  63.0 1442  17.0  -9.0  -9.0 -9.00  999.4 1008.9 1013.2    1 1007.0 2238  8.1  0.9 14.6 -9.0 -9.00 -9.00   -9    0.0   -9.0 -9.00    0.0   -9    0.0   -9   -9.0   -9   -9.0   -9   -9.0   -9 -99.0 -99.0 -99.0 -99.0 -99.0
20260607 279  1.3  1130   9  3.3 1847  11  6.1 1223  21.2  26.0 1201  15.0  525  14.7  25.6  12.2  67.4  52.0  948  16.9   3.4   2.4 -9.00 1003.6 1009.3 1013.4    1 1007.2 1756  8.3  1.1 14.5 -9.0 12.58  1.90 1100   -9.0   -9.0 -9.00   -9.0   -9   -9.0   -9   -9.0   -9   -9.0   -9   -9.0   -9 -99.0 -99.0 -99.0 -99.0 -99.0
20260607 281  1.5  1283   9  3.6  957   9  6.5 1010  19.7  23.6  951  14.5  457  15.3  22.2  12.1  76.0  67.0  952  17.4  -9.0  -9.0 -9.00  999.0 1010.1 1014.5    1 1008.2 2310  8.6  0.4 14.5 -9.0 -9.00 -9.00   -9    0.0   -9.0 -9.00    0.0   -9    0.0   -9   -9.0   -9   -9.0   -9   -9.0   -9 -99.0 -99.0 -99.0 -99.0 -99.0
20260607 283  2.5  2142  36  5.9 1303  36  9.2 1301  18.9  20.5 1247  16.1  159  16.7  20.3  13.2  87.5  79.0   14  19.1   1.2   0.8 -9.00 1005.5 1010.2 1014.4    1 1008.3 2311  9.3  0.0 14.5 -9.0  2.84  0.38 1200    0.1   -9.0 -9.00    0.1   -9    0.1   -9   -9.0   -9   -9.0   -9   -9.0   -9 -99.0 -99.0 -99.0 -99.0 -99.0
20260607 284  1.7  1448  14  4.7 1522  16  7.5 1533  20.8  26.7 1316  14.3  144  16.3  27.0  11.5  76.4  58.0  955  18.8   5.0   3.5 -9.00  981.6 1007.7 1012.3    8 1005.5 1524  8.5  5.0 14.5 -9.0 21.28  3.35 1300    1.3   -9.0 -9.00    1.3 2301    0.5 2323   -9.0   -9   -9.0   -9   -9.0   -9 -99.0 -99.0 -99.0 -99.0 -99.0
20260607 285  1.1   990   7  3.4 1219   5  6.7 1507  21.3  26.1 1503  15.2  328  16.9  27.1  14.3  77.0  62.0 1504  19.4  -9.0  -9.0 -9.00 1005.9 1009.0 1013.3    1 1007.3 1804  7.9  1.4 14.5 -9.0 -9.00 -9.00   -9    0.0   -9.0 -9.00    0.0   -9    0.0   -9   -9.0   -9   -9.0   -9   -9.0   -9 -99.0 -99.0 -99.0 -99.0 -99.0
20260607 288  1.9  1642   5  4.7 1659   5  8.4 1551  21.5  25.8 1132  16.8  401  16.8  24.2  17.3  74.8  55.0   26  19.2   2.9   2.0 -9.00 1006.5 1007.5 1011.8    1 1005.9 1837  7.6  1.5 14.5 -9.0 12.13  1.46 1000   -9.0   -9.0 -9.00   -9.0   -9   -9.0   -9   -9.0   -9   -9.0   -9   -9.0   -9 -99.0 -99.0 -99.0 -99.0 -99.0
20260607 289  1.0   840   9  3.0 1311   7  5.9 1311  21.4  27.5 1503  16.4   40  17.1  27.1  14.2  77.5  59.0 1138  19.8  -9.0  -9.0 -9.00  993.4 1009.2 1013.5    1 1007.2 1453  9.3  2.1 14.5 -9.0 -9.00 -9.00   -9    0.6   -9.0 -9.00    0.6 1705    0.5 1720   -9.0   -9   -9.0   -9   -9.0   -9 -99.0 -99.0 -99.0 -99.0 -99.0
20260607 294  1.6  1369   9  2.9 1127   9  6.0 1120  21.8  24.4 1642  19.7 2357  17.6  24.3  17.8  77.4  61.0   10  20.2  -9.0  -9.0 -9.00 1003.7 1008.9 1013.1    1 1007.6 1721  7.9  0.3 14.4 -9.0 -9.00 -9.00   -9    0.2   -9.0 -9.00    0.2   -9    0.2   -9   -9.0   -9   -9.0   -9   -9.0   -9 -99.0 -99.0 -99.0 -99.0 -99.0
20260607 295  1.5  1271  36  2.8  837   2  5.6 1003  22.5  26.8 1315  19.4  112  16.8  25.2  16.2  70.8  61.0    1  19.3  -9.0  -9.0 -9.00 1003.1 1008.4 1012.6    1 1006.6 1733 -9.0  2.6 14.4 -9.0 -9.00 -9.00   -9   -9.0   -9.0 -9.00   -9.0   -9   -9.0   -9   -9.0   -9   -9.0   -9   -9.0   -9 -99.0 -99.0 -99.0 -99.0 -99.0
20260607 296  3.6  3090   7  6.5 1739   5 10.1 1622  21.9  24.4 1117  19.9 2352  18.0  20.9  15.7  79.4  62.0    1  20.8   2.6   1.8 -9.00 1007.5 1007.8 1012.1    2 1006.5 1721  8.3  0.2 14.4 -9.0  9.03  1.61 1300    0.0   -9.0  0.78    0.0   -9    0.0   -9   -9.0   -9   -9.0   -9   -9.0   -9 -99.0 -99.0 -99.0 -99.0 -99.0
20260608  90  1.9  1637  34  5.3 1458   2 10.1 1439  17.3  19.9 1358  14.6 2302  15.2  19.6  14.0  88.1  73.0 1442  17.3   3.6   2.5 -9.00 1006.2 1008.3 1009.9    8 1007.2 1400  6.1  3.3 14.8 -9.0 13.47  1.83 1300    5.0   -9.0 -9.00    4.8 -2353    1.6   43   -9.0   -9   -9.0   -9   -9.0   -9 -99.0 -99.0 -99.0 -99.0 -99.0
20260608  93  1.0   887  34  6.1 1531  36 10.2 1530  20.0  26.1 1439  15.5 2349  14.7  24.2  13.7  75.5  41.0 1412  16.8   6.3   4.4 -9.00  995.9 1006.9 1008.6    1 1004.8 1709  6.1  7.7 14.7 -9.0 23.01  3.30 1300   -9.0   -9.0 -9.00   -9.0   -9   -9.0   -9   -9.0   -9   -9.0   -9   -9.0   -9  22.3  21.2  18.7  14.5  12.8
20260608  95  1.6  1343  18  3.3 1438  25  7.2 1429  19.5  25.5 1554  14.8  332  12.9  22.2  12.7  68.9  39.0 1655  14.9   6.4   4.5 -9.00  989.5 1007.5 1009.1    1 1005.4 1721  4.0  9.5 14.7 -9.0 25.56  3.80 1200   -9.0   -9.0 -9.00   -9.0   -9   -9.0   -9   -9.0   -9   -9.0   -9   -9.0   -9 -99.0 -99.0 -99.0 -99.0 -99.0
20260608  98  0.8   669  29  2.7 1619  27  6.6 1617  20.4  27.3 1450  15.1  443  11.8  25.3  12.8  61.4  33.0 1544  14.0   7.0   4.9 -9.00  993.7 1007.0 1008.5  817 1005.1 1631  4.3  8.1 14.7 -9.0 25.51  3.57 1300   -9.0   -9.0 -9.00   -9.0   -9   -9.0   -9   -9.0   -9   -9.0   -9   -9.0   -9 -99.0 -99.0 -99.0 -99.0 -99.0
20260608  99  1.2  1059  34  3.1 1633  36  6.0 1630  19.5  26.7 1524  13.8  515  12.8  25.1  10.6  69.0  37.0 1611  14.9   6.8   4.7 -9.00 1004.3 1007.8 1009.3  737 1006.1 1655  4.0 10.1 14.7 -9.0 26.22  3.12 1000   -9.0   -9.0 -9.00   -9.0   -9   -9.0   -9   -9.0   -9   -9.0   -9   -9.0   -9 -99.0 -99.0 -99.0 -99.0 -99.0
20260608 100  1.3  1147   9  4.5 1355   9  7.3 1348  13.1  20.8 1317   9.6 2348  11.9  17.1   8.7  92.9  58.0 1310  14.0   3.1   2.2 -9.00  920.3 1008.0 1010.2 2350 1004.2 1317  8.1  2.4 14.7 -9.0 13.99  2.89 1300    8.2   -9.0 -9.00    4.9 1714    4.8 1716   -9.0   -9   -9.0   -9   -9.0   -9 -99.0 -99.0 -99.0 -99.0 -99.0
20260608 101  1.5  1275   2  4.6 1549  32  7.3 1544  20.2  26.4 1455  15.8 2359  14.2  23.9  12.1  71.8  42.0 1431  16.3   6.7   4.7 -9.00  997.2 1006.0 1007.7    1 1003.8 1529  5.8  7.5 14.7 -9.0 22.94  3.29 1400   -9.0   -9.0 -9.00   -9.0   -9   -9.0   -9   -9.0   -9   -9.0   -9   -9.0   -9  22.2  19.5  17.3  14.9  15.0
20260608 102  3.3  2858  32  5.5 1617  32  7.5 1404  16.0  18.9 1655  13.8   16  13.5  21.7   9.1  85.3  69.0 1657  15.5   6.1   4.3 -9.00 1004.0 1008.2 1009.3 1108 1007.2 1729  1.6 13.4 14.7 -9.0 31.84  3.79 1200   -9.0   -9.0 -9.00   -9.0   -9   -9.0   -9   -9.0   -9   -9.0   -9   -9.0   -9 -99.0 -99.0 -99.0 -99.0 -99.0
20260608 104  1.4  1197  36  4.0 1343  29  7.6 1613  16.7  20.7 1303  12.9 2312  15.6  19.1   9.8  93.4  78.0 1835  17.8   2.8   2.0 -9.00  998.3 1007.1 1008.5    1 1005.8 1317  7.3  2.0 14.7 -9.0  9.76  2.06 1200    1.3    0.0  6.25    0.6  717    0.4  802   -9.0   -9   -9.0   -9   -9.0   -9  21.4  19.7  17.6  13.9  13.3
20260608 105  1.7  1458  32  5.2 1452  34  8.9 1445  17.4  20.1 1317  14.5 2400  14.7  19.3  12.7  84.4  69.0 1839  16.7   2.8   2.0 -9.00 1004.8 1008.0 1009.5    2 1006.8 1328  8.8  1.1 14.7 -9.0  7.58  1.21 1200    1.6   -9.0 -9.00    1.4  727    1.1  808   -9.0   -9   -9.0   -9   -9.0   -9  22.3  20.4  18.9  15.3  14.6
20260608 106  1.9  1681  36  4.8 1628   2  8.9 1533  18.1  21.2 1355  14.2 2356  15.5  23.0  11.3  85.4  74.0 1720  17.7   2.9   2.0 -9.00 1003.2 1008.0 1009.3   12 1006.7 1348  9.0  0.6 14.7 -9.0  9.30  1.52 1200    0.6   -9.0 -9.00    0.4 1512    0.4 1517   -9.0   -9   -9.0   -9   -9.0   -9 -99.0 -99.0 -99.0 -99.0 -99.0
20260608 108  2.6  2247  32  4.4 1343  29  8.5 1450  21.1  26.4 1614  16.9  637  13.4  26.9  14.0  63.0  38.0 1557  15.4   7.5   5.3 -9.00  997.3 1007.2 1008.4  742 1005.3 1707  5.3  7.2 14.7 -9.0 22.95  3.74 1200   -9.0   -9.0 -9.00   -9.0   -9   -9.0   -9   -9.0   -9   -9.0   -9   -9.0   -9  21.9  20.0  18.8  15.0  13.7
20260608 112  2.4  2038  27  4.4 1527  27  8.3 1526  20.9  25.1 1330  17.5  551  14.9  23.8  14.7  70.0  50.0 1607  17.0   7.8   5.5 -9.00  999.3 1007.3 1008.4  829 1005.9 1716  5.4  9.9 14.7 -9.0 26.67  3.70 1200   -9.0   -9.0 -9.00   -9.0   -9   -9.0   -9   -9.0   -9   -9.0   -9   -9.0   -9  20.8  19.6  14.2  17.1  13.4
20260608 114  1.8  1598  25  3.7 1653  25  6.8 1733  20.8  25.8 1608  18.0  557  14.9  25.8  13.5  71.3  44.0 1403  17.0   5.9   4.2 -9.00  989.4 1006.6 1007.8   16 1004.4 1719  7.9  5.7 14.7 -9.0 18.73  3.27 1300    0.1   -9.0 -9.00    0.1   -9    0.1   -9   -9.0   -9   -9.0   -9   -9.0   -9 -99.0 -99.0 -99.0 -99.0 -99.0
20260608 115  2.0  1750   5  6.8 1923   7 11.1 1857  19.0  21.3 1538  16.2 2204  17.0  21.6  13.4  88.8  78.0 1643  19.5   2.9   2.0  5.75  980.8 1006.3 1008.1    1 1004.9 1531  9.5  0.6 14.7 -9.0  9.78  1.41 1500    4.5   -9.0  4.25    3.1  202    1.0  231   -9.0   -9   -9.0   -9   -9.0   -9  19.9  17.0  15.9  12.6  13.1
20260608 119  2.4  2108  25  5.4 1547  27  8.3 1735  19.8  24.9 1429  16.6 2350  13.8  25.3  12.8  69.9  49.0 1410  15.8   6.1   4.3 -9.00 1002.5 1007.1 1008.4  844 1005.6 1617  7.5  7.4 14.7 -9.0 20.40  3.09 1300   -9.0   -9.0 -9.00   -9.0   -9   -9.0   -9   -9.0   -9   -9.0   -9   -9.0   -9  22.0  19.5  17.2  13.3  12.7
20260608 121  1.4  1185   9  3.7 2023  23  6.0 1325  19.5  24.0 1629  15.9  519  13.9  24.9  14.8  71.4  48.0 1534  15.9   4.6   3.2 -9.00  979.5 1007.1 1008.8    1 1004.7 1724  8.4  3.3 14.7 -9.0 16.60  2.42 1200    0.0   -9.0 -9.00    0.0   -9    0.0   -9   -9.0   -9   -9.0   -9   -9.0   -9 -99.0 -99.0 -99.0 -99.0 -99.0
20260608 127  1.6  1389  23  3.3 1530  23  6.1 1640  20.3  24.6 1640  16.6 2350  13.6  22.6  14.6  67.0  46.0 1540  15.7   4.9   3.4 -9.00  993.1 1006.3 1007.5  937 1004.6 1713  8.1  3.0 14.6 -9.0 15.11  2.66 1200   -9.0   -9.0 -9.00   -9.0   -9   -9.0   -9   -9.0   -9   -9.0   -9   -9.0   -9 -99.0 -99.0 -99.0 -99.0 -99.0
20260608 129  2.0  1727  32  5.2 1544  32  8.2 1445  19.3  23.8 1438  16.3  530  13.7  25.9  11.6  71.5  47.0 1453  15.7   6.0   4.2 -9.00 1005.3 1008.2 1009.2  806 1006.8 1738  7.6  7.0 14.6 -9.0 21.34  2.96 1400   -9.0   -9.0 -9.00   -9.0   -9   -9.0   -9   -9.0   -9   -9.0   -9   -9.0   -9  21.8  19.7  19.4  14.3  14.9
20260608 130  1.1   945   5  2.8 1548  14  6.7 1809  18.6  22.2 1313  16.2 2339  16.4  23.2  14.8  88.0  73.0 1320  18.7  -9.0  -9.0 -9.00 1002.0 1007.7 1009.1    2 1006.2 1500  9.4  0.6 14.6 -9.0 -9.00 -9.00   -9    1.3   -9.0 -9.00    1.3 1620    1.3 1631   -9.0   -9   -9.0   -9   -9.0   -9 -99.0 -99.0 -99.0 -99.0 -99.0
20260608 131  1.5  1283  27  2.8 1229  27  6.1 1226  21.4  24.8 1633  19.0  816  13.1  25.1  16.6  60.5  43.0 1429  15.2   5.2   3.6 -9.00 1000.3 1007.1 1008.3  830 1005.5 1758  8.6  3.0 14.6 -9.0 17.09  3.04 1200   -9.0   -9.0 -9.00   -9.0   -9   -9.0   -9   -9.0   -9   -9.0   -9   -9.0   -9 -99.0 -99.0 -99.0 -99.0 -99.0
20260608 133  1.8  1529  32  4.9  805  34  7.4  730  20.6  24.1 1429  17.7 2350  14.0  24.9  15.0  66.8  46.0 1432  16.0   4.0   2.8 -9.00  999.7 1007.5 1008.7  824 1006.4 1754  9.1  1.6 14.6 -9.0 13.76  2.19 1300   -9.0   -9.0 -9.00   -9.0   -9   -9.0   -9   -9.0   -9   -9.0   -9   -9.0   -9  24.5  22.4  19.6  16.0  15.6
20260608 135  1.3  1123  27  4.2 1439  27  8.4 1433  18.8  21.9 1554  16.2 2109  13.9  22.2  15.1  74.1  56.0 1549  16.0   3.5   2.5 -9.00  978.9 1007.1 1008.3 2202 1005.6 1557  9.3 -9.0 14.6 -9.0 10.88  1.88 1400    0.0   -9.0 -9.00    0.0   -9    0.0   -9   -9.0   -9   -9.0   -9   -9.0   -9 -99.0 -99.0 -99.0 -99.0 -99.0
20260608 136  1.2  1079  27  3.9 1455  25  7.5 1414  20.2  24.5 1455  16.6 2345  14.4  26.3  15.1  70.8  50.0 1459  16.4   4.2   2.9 -9.00  991.4 1007.6 1009.3    1 1005.9 1637  9.3  1.6 14.6 -9.0 14.35  2.44 1400   -9.0   -9.0 -9.00   -9.0   -9   -9.0   -9   -9.0   -9   -9.0   -9   -9.0   -9 -99.0 -99.0 -99.0 -99.0 -99.0
20260608 137  1.1   935  25  2.9 1904  25  7.0 1859  20.6  24.4 1436  18.7 2242  15.0  24.3  15.4  71.1  54.0 1437  17.2   3.8   2.7 -9.00  995.1 1006.2 1007.4    3 1004.8 1627  9.4  0.5 14.6 -9.0 12.53  2.11 1400   -9.0   -9.0 -9.00   -9.0   -9   -9.0   -9   -9.0   -9   -9.0   -9   -9.0   -9 -99.0 -99.0 -99.0 -99.0 -99.0
20260608 138  1.8  1527   5  3.9 1715   2  6.3 1952  19.4  21.5 1546  18.2 2350  16.8  21.4  16.7  85.3  76.0   59  19.1   2.7   1.9 -9.00 1006.3 1006.8 1008.5    5 1004.8 1633  9.9  0.6 14.6 -9.0  8.85  1.70 1500    4.8    3.2  7.48    3.2 1935    3.1 1951   -9.0   -9   -9.0   -9   -9.0   -9  21.5  19.0  17.8  15.7  15.7
20260608 140  2.8  2446  29  4.9  745  29  6.9 1514  18.8  21.4 1440  16.4 2348  15.1  24.8  11.9  79.4  68.0    1  17.2  -9.0  -9.0 -9.00 1005.7 1008.9 1010.0  936 1007.8 1728  9.3  1.7 14.5 -9.0 -9.00 -9.00   -9   -9.0   -9.0 -9.00   -9.0   -9   -9.0   -9   -9.0   -9   -9.0   -9   -9.0   -9 -99.0 -99.0 -99.0 -99.0 -99.0
20260608 143  1.4  1251  29  3.6 1634  27  5.8 1713  20.4  24.5 1510  18.0  311  15.4  22.4  16.6  75.0  46.0 1749  17.6   3.5   2.4 -9.00 1000.3 1006.5 1008.1    1 1004.6 1615  9.5  0.7 14.5 -9.0 10.43  1.64 1500    3.5   -9.0  6.42    1.8  213    0.5  306   -9.0   -9   -9.0   -9   -9.0   -9 -99.0 -99.0 -99.0 -99.0 -99.0
20260608 146  2.4  2054  25  4.2  632  25  7.3  657  19.8  23.1 1456  17.3 2355  14.5  26.1  12.5  72.4  50.0 1505  16.5   3.4   2.4 -9.00 1000.9 1007.9 1009.3  806 1006.7 1746  9.4  0.7 14.5 -9.0 10.95  2.11 1400   -9.0   -9.0 -9.00   -9.0   -9   -9.0   -9   -9.0   -9   -9.0   -9   -9.0   -9 -99.0 -99.0 -99.0 -99.0 -99.0
20260608 152  1.1   951   7  2.6 2159   2  4.5 2212  19.2  22.4 1631  17.1  514  17.3  21.3  17.2  89.0  75.0 1744  19.8   2.3   1.6 -9.00  997.0 1006.4 1007.8   21 1004.6 1643  9.8  0.4 14.5 -9.0  7.51  1.26 1600    5.1   -9.0 10.33    3.5  340    2.3  347   -9.0   -9   -9.0   -9   -9.0   -9 -99.0 -99.0 -99.0 -99.0 -99.0
20260608 155  1.0   868  18  3.5 1126  18  5.5 1123  20.5  23.5 1643  18.5 2208  17.8  22.6  16.3  84.8  70.0 1810  20.4   2.2   1.5 -9.00 1002.7 1006.8 1008.0    1 1005.3 1606  9.4  0.2 14.5 -9.0  6.64  0.92 1600    0.8   -9.0  5.87    0.5  620    0.2   -9   -9.0   -9   -9.0   -9   -9.0   -9 -99.0 -99.0 -99.0 -99.0 -99.0
20260608 156  1.5  1259  29  3.3 1847  36  6.5 1429  20.2  23.4 1506  17.9 2316  15.1  27.1  15.1  73.1  56.0 1513  17.2   3.5   2.4 -9.00  999.9 1008.1 1009.3  846 1006.7 1718  9.5  0.9 14.5 -9.0 12.05  1.98 1400    0.1   -9.0  1.85    0.1   -9    0.1   -9   -9.0   -9   -9.0   -9   -9.0   -9 -99.0 -99.0 -99.0 -99.0 -99.0
20260608 159  1.8  1564  23  3.9 1204  23  5.7 1326  20.2  22.3 1620  19.1 2241  17.4  20.6  14.7  84.4  75.0 2113  19.9   2.5   1.7 -9.00  998.3 1006.3 1007.6  758 1004.9 1747  9.6  0.2 14.5 -9.0  6.49  1.11 1600    2.1    0.1  5.33    1.4  804    0.5  828   -9.0   -9   -9.0   -9   -9.0   -9  22.2  20.7  19.7  16.1  16.8
20260608 162  1.2  1044   7  3.3 1714  18  5.3 1101  20.0  23.6 1658  17.6 2348  17.6  22.2  15.3  86.6  59.0 1704  20.2   2.4   1.7 -9.00 1002.6 1006.2 1007.4  813 1004.8 1655  9.9  0.8 14.4 -9.0  7.96  1.59 1600    1.4   -9.0 -9.00    1.1  632    0.5  646   -9.0   -9   -9.0   -9   -9.0   -9 -99.0 -99.0 -99.0 -99.0 -99.0
20260608 165  4.4  3797   2  7.4 1813  25 10.0 1515  19.5  21.9 1515  18.2 2342  15.9  22.6  16.3  80.3  61.0 1506  18.1   3.7   2.6 -9.00 1003.4 1008.6 1009.8 1101 1007.4 1735  9.1  0.5 14.4 -9.0 11.65  2.03 1500    0.0    0.0  2.62    0.0   -9    0.0   -9   -9.0   -9   -9.0   -9   -9.0   -9  23.0  21.0  18.7  16.4  15.0
20260608 168  3.0  2571  34  5.6 2016  34  7.7 2000  20.7  23.2 1616  19.2 2358  15.8  22.9  18.3  74.4  56.0 1707  18.1   3.6   2.5 -9.00  999.5 1007.1 1008.5 1113 1005.7 1710  9.9  0.9 14.4 -9.0  8.83  1.70 1500    1.7    0.0  8.92    1.2  145    0.5  145   -9.0   -9   -9.0   -9   -9.0   -9  23.6  20.9  19.0  16.4  16.5
20260608 169  5.4  4697  34  9.5 1458  34 12.1 1517  18.2  21.5 1127  16.6 2010  15.7  20.9  16.5  86.0  74.0 1131  17.9   3.9   2.7 -9.00 1000.2 1009.0 1010.0    8 1007.9 1851  9.5  2.5 14.4 -9.0 14.96  2.81 1300    0.2   -9.0  1.75    0.2   -9    0.1   -9   -9.0   -9   -9.0   -9   -9.0   -9 -99.0 -99.0 -99.0 -99.0 -99.0
20260608 170  1.7  1493  34  3.3 1749   2  6.6 1814  20.5  25.3 1518  17.6 2306  15.9  24.0  16.3  75.4  57.0 1522  18.0   3.3   2.3 -9.00 1004.0 1008.1 1009.4 1058 1006.8 1755  9.8  1.1 14.4 -9.0 10.47  2.12 1500    0.1   -9.0 -9.00    0.1   -9    0.1   -9   -9.0   -9   -9.0   -9   -9.0   -9 -99.0 -99.0 -99.0 -99.0 -99.0
20260608 172  2.4  2036  29  4.9 1558  29  7.4 1317  18.6  21.6 1420  16.0 2356  15.3  21.0  11.8  82.3  59.0 1427  17.4   3.3   2.3 -9.00 1002.0 1008.1 1009.2  755 1007.0 1733  9.0  0.5 14.5 -9.0 11.81  1.87 1300    0.0   -9.0 -9.00    0.0   -9    0.0   -9   -9.0   -9   -9.0   -9   -9.0   -9 -99.0 -99.0 -99.0 -99.0 -99.0
20260608 174  1.8  1556  32  4.4 1607  29  8.4 1600  18.4  22.7 1612  14.6 2312  14.1  21.9  14.5  76.5  54.0 1615  16.1  -9.0  -9.0 -9.00  987.1 1006.2 1007.6 1044 1004.5 1708  9.8  1.1 14.5 -9.0 -9.00 -9.00   -9    0.0   -9.0 -9.00   -9.0   -9   -9.0   -9   -9.0   -9   -9.0   -9   -9.0   -9 -99.0 -99.0 -99.0 -99.0 -99.0
20260608 177  1.9  1619  25  3.8 1500  23  7.2  445  20.2  25.2 1636  16.9 2359  13.8  25.0  14.1  68.3  46.0 1615  15.8   5.2   3.6 -9.00 1003.4 1006.6 1007.7 2237 1005.1 1648  8.5  4.8 14.6 -9.0 17.84  2.55 1100   -9.0   -9.0 -9.00   -9.0   -9   -9.0   -9   -9.0   -9   -9.0   -9   -9.0   -9 -99.0 -99.0 -99.0 -99.0 -99.0
20260608 181  1.7  1494  32  4.7  723  32  6.8  715  20.1  23.7 1716  18.0 2400  13.7  23.5  13.6  68.4  46.0 1452  15.8   4.7   3.3 -9.00 1003.7 1007.6 1008.8  825 1006.1 1802  9.0  2.6 14.6 -9.0 16.11  2.12 1200   -9.0   -9.0 -9.00   -9.0   -9   -9.0   -9   -9.0   -9   -9.0   -9   -9.0   -9 -99.0 -99.0 -99.0 -99.0 -99.0
20260608 184  2.3  2016  32  3.7 2355  34  6.1 2349  20.1  21.9 1100  18.7 2309  16.3  22.1  17.2  79.5  69.0 1108  18.6   2.5   1.8 -9.00 1005.6 1008.0 1009.8 1051 1007.0 1919  9.5  0.0 14.3 -9.0  7.60  1.15 1000    0.6    0.2  5.08    0.3  330    0.2   -9   -9.0   -9   -9.0   -9   -9.0   -9  23.3  22.1  21.5  19.0  16.6
20260608 185  6.4  5544  32 10.8  921  34 13.3 1753  19.5  20.7  716  18.1 1418  16.4  22.1  17.1  82.8  74.0  719  18.7   2.8   2.0 -9.00  999.7 1008.0 1009.2 1030 1007.2 1740  9.8  0.0 14.3 -9.0  8.72  1.18 1400    0.8   -9.0 -9.00    0.6 1259    0.2   -9   -9.0   -9   -9.0   -9   -9.0   -9 -99.0 -99.0 -99.0 -99.0 -99.0
20260608 188  2.0  1689  29  4.1 1123  29  7.9 1119  19.8  22.4  825  18.0 2334  16.6  20.6  17.0  82.4  70.0 1646  19.0  -9.0  -9.0 -9.00 1005.7 1008.1 1009.4 1057 1007.3 1813  9.9  0.1 14.3 -9.0 -9.00 -9.00   -9    0.0   -9.0 -9.00    0.0   -9    0.0   -9   -9.0   -9   -9.0   -9   -9.0   -9 -99.0 -99.0 -99.0 -99.0 -99.0
20260608 189  1.2  1069   7  3.0 1709   9  5.9 1734  21.7  23.7  831  19.1 2353  17.3  23.0  17.7  76.8  53.0 1608  19.9   2.3   1.6 -9.00 1001.7 1007.7 1008.9 1135 1006.7 1716  9.6  0.1 14.3 -9.0  7.36  1.23 1500    0.3    0.3  2.65    0.3 1247    0.2   -9   -9.0   -9   -9.0   -9   -9.0   -9 -99.0 -99.0 -99.0 -99.0 -99.0
20260608 192  0.5   458  32  2.2 1121  34  6.9 1117  19.4  23.1 1626  15.1 2357  16.2  22.9  14.7  82.9  58.0 1723  18.5   2.4   1.7 -9.00 1003.7 1007.1 1008.3 1116 1005.5 1729  9.6  1.4 14.5 -9.0  8.80  1.84 1500    0.2    0.0 -9.00    0.2   -9    0.1   -9   -9.0   -9   -9.0   -9   -9.0   -9 -99.0 -99.0 -99.0 -99.0 -99.0
20260608 201  1.9  1609  25  4.4 1601  27  8.0 1343  19.8  25.1 1458  14.2  251  13.9  23.8  10.0  71.3  44.0 1459  15.9  -9.0  -9.0 -9.00 1002.6 1008.2 1009.2  720 1006.8 1714  3.9  8.8 14.7 -9.0 -9.00 -9.00   -9   -9.0   -9.0 -9.00   -9.0   -9   -9.0   -9   -9.0   -9   -9.0   -9   -9.0   -9 -99.0 -99.0 -99.0 -99.0 -99.0
20260608 202  1.6  1342  29  4.0 1717  34  7.7 1507  21.6  27.1 1538  18.1  414  13.2  27.4  15.5  62.4  32.0 1540  15.4  -9.0  -9.0 -9.00 1001.5 1006.9 1008.1  853 1005.0 1729  6.5  6.2 14.7 -9.0 -9.00 -9.00   -9   -9.0   -9.0 -9.00   -9.0   -9   -9.0   -9   -9.0   -9   -9.0   -9   -9.0   -9 -99.0 -99.0 -99.0 -99.0 -99.0
20260608 203  1.3  1103  20  3.4 1828  20  6.0 1801  21.2  27.0 1447  18.0  339  15.5  28.4  15.4  72.1  47.0 1458  17.7  -9.0  -9.0 -9.00  998.2 1007.4 1008.6  829 1005.3 1726  8.0  5.8 14.7 -9.0 -9.00 -9.00   -9   -9.0   -9.0 -9.00   -9.0   -9   -9.0   -9   -9.0   -9   -9.0   -9   -9.0   -9 -99.0 -99.0 -99.0 -99.0 -99.0
20260608 211  1.6  1372   5  5.3 1448   7  9.8 1439  18.3  25.9 1433  14.9  342  13.4  23.3  12.5  75.1  35.0 1427  15.4  -9.0  -9.0 -9.00  983.6 1006.9 1009.0    1 1004.1 1400  6.5  4.6 14.7 -9.0 -9.00 -9.00   -9   -9.0   -9.0 -9.00   -9.0   -9   -9.0   -9   -9.0   -9   -9.0   -9   -9.0   -9 -99.0 -99.0 -99.0 -99.0 -99.0
20260608 212  1.1   937  29  3.5 1351  29  6.0 1348  20.5  26.3 1620  16.8  458  14.4  24.6  15.4  70.8  37.0 1707  16.5  -9.0  -9.0 -9.00  991.0 1007.1 1008.6   45 1004.7 1740  7.1  6.5 14.7 -9.0 -9.00 -9.00   -9    0.0   -9.0 -9.00    0.0   -9    0.0   -9   -9.0   -9   -9.0   -9   -9.0   -9 -99.0 -99.0 -99.0 -99.0 -99.0
20260608 216  1.4  1204   2  4.7 1616   9  9.3 1638  15.2  22.1 1345  12.5  222  12.6  19.3  13.1  85.5  43.0 1316  14.6   3.5   2.4 -9.00  926.8 1007.5 1009.9    6 1003.7 1345  9.0  0.9 14.6 -9.0 13.12  2.07 1300    0.2   -9.0 -9.00    0.2   -9    0.2   -9   -9.0   -9   -9.0   -9   -9.0   -9 -99.0 -99.0 -99.0 -99.0 -99.0
20260608 217  1.2  1072  18  3.9 1412  20  6.7 1402  17.3  24.0 1544  13.4 2348  12.4  24.0  13.7  75.0  50.0 1501  14.4  -9.0  -9.0 -9.00  971.7 1007.7 1009.8 2350 1004.6 1512  8.3  3.3 14.7 -9.0 -9.00 -9.00   -9    0.0   -9.0 -9.00    0.0   -9    0.0   -9   -9.0   -9   -9.0   -9   -9.0   -9 -99.0 -99.0 -99.0 -99.0 -99.0
20260608 221  1.7  1464  23  4.3 1205  25  7.2 1246  18.9  23.2 1639  15.6 2316  13.9  23.1  13.5  74.3  51.0 1620  15.9  -9.0  -9.0 -9.00  976.4 1006.8 1008.2    1 1004.7 1737  8.0  3.7 14.7 -9.0 -9.00 -9.00   -9    0.0   -9.0 -9.00    0.0   -9    0.0   -9   -9.0   -9   -9.0   -9   -9.0   -9 -99.0 -99.0 -99.0 -99.0 -99.0
20260608 226  1.0   864  29  3.0 1344  27  6.0 1337  19.1  23.4 1348  15.3 2354  14.7  23.7  10.9  77.1  50.0 1416  16.8  -9.0  -9.0 -9.00  987.7 1007.5 1008.8 2256 1006.2 1710  9.4  1.3 14.6 -9.0 -9.00 -9.00   -9   -9.0   -9.0 -9.00   -9.0   -9   -9.0   -9   -9.0   -9   -9.0   -9   -9.0   -9 -99.0 -99.0 -99.0 -99.0 -99.0
20260608 232  1.1   935  25  3.2 1615  25  6.1 1548  19.7  24.0 1628  16.8 2357  14.4  25.5  13.3  73.9  50.0 1720  16.6  -9.0  -9.0 -9.00  998.1 1008.0 1009.3 1028 1006.5 1659  8.3  3.7 14.6 -9.0 -9.00 -9.00   -9   -9.0   -9.0 -9.00   -9.0   -9   -9.0   -9   -9.0   -9   -9.0   -9   -9.0   -9 -99.0 -99.0 -99.0 -99.0 -99.0
20260608 235  0.9   744  23  2.2 1141  25  4.7 1140  19.2  24.4 1238  15.2 2358  15.0  24.2  12.3  77.6  57.0 1205  17.1   4.5   3.2 -9.00 1006.6 1007.7 1008.7  759 1006.6 1737  8.9  3.6 14.6 -9.0 17.95  3.09 1200   -9.0   -9.0 -9.00   -9.0   -9   -9.0   -9   -9.0   -9   -9.0   -9   -9.0   -9 -99.0 -99.0 -99.0 -99.0 -99.0
20260608 236  0.9   779  27  2.7 1710  32  4.9  631  19.8  24.7 1411  16.1 2345  14.8  25.4  13.0  74.3  47.0 1412  16.8  -9.0  -9.0 -9.00 1006.4 1008.0 1009.2 1008 1006.7 1744  9.3  1.2 14.6 -9.0 -9.00 -9.00   -9   -9.0   -9.0 -9.00   -9.0   -9   -9.0   -9   -9.0   -9   -9.0   -9   -9.0   -9 -99.0 -99.0 -99.0 -99.0 -99.0
20260608 238  1.0   896  20  2.7 1245  27  5.5 1120  19.7  22.8 1504  16.5 2400  14.3  24.8  12.5  71.8  56.0 1455  16.3  -9.0  -9.0 -9.00  987.5 1007.1 1008.5 2323 1005.9 1633  9.6  0.6 14.6 -9.0 -9.00 -9.00   -9   -9.0   -9.0 -9.00   -9.0   -9   -9.0   -9   -9.0   -9   -9.0   -9   -9.0   -9 -99.0 -99.0 -99.0 -99.0 -99.0
20260608 239  1.3  1101  32  2.9  653  32  5.1 1235  19.8  23.3 1730  16.9 2347  14.0  25.5  15.0  70.5  51.0 1249  16.0   4.3   3.0 -9.00  996.6 1007.0 1008.4 2308 1005.5 1752  9.3  2.1 14.6 -9.0 15.97  3.08 1200   -9.0   -9.0 -9.00   -9.0   -9   -9.0   -9   -9.0   -9   -9.0   -9   -9.0   -9 -99.0 -99.0 -99.0 -99.0 -99.0
20260608 243  2.1  1806  29  3.6 1601  29  6.7 1600  18.9  21.7 1448  16.8 2400  14.8  23.2  13.1  77.6  64.0 1448  16.9  -9.0  -9.0 -9.00 1007.2 1008.6 1009.5  753 1007.5 1736  9.3  1.1 14.5 -9.0 -9.00 -9.00   -9   -9.0   -9.0 -9.00   -9.0   -9   -9.0   -9   -9.0   -9   -9.0   -9   -9.0   -9 -99.0 -99.0 -99.0 -99.0 -99.0
20260608 244  1.2  1071  32  3.7 1417  34  6.0 1421  18.5  21.7 1551  16.4 2356  14.2  21.4  14.6  76.5  56.0 1551  16.2  -9.0  -9.0 -9.00  979.3 1007.8 1009.0  821 1006.3 1749  9.3  0.7 14.5 -9.0 -9.00 -9.00   -9    0.0   -9.0 -9.00    0.0   -9    0.0   -9   -9.0   -9   -9.0   -9   -9.0   -9 -99.0 -99.0 -99.0 -99.0 -99.0
20260608 245  1.8  1557  34  4.1 1532  34  6.1 1528  19.2  22.2 1438  16.3 2400  14.8  24.4  12.7  76.5  59.0 1452  16.9   3.0   2.1 -9.00 1000.4 1008.4 1009.5  806 1007.3 1738  9.0  0.5 14.5 -9.0  9.38  1.54 1400    0.0   -9.0 -9.00    0.0   -9    0.0   -9   -9.0   -9   -9.0   -9   -9.0   -9 -99.0 -99.0 -99.0 -99.0 -99.0
20260608 247  1.2  1027  11  3.0  258  32  5.2 1618  18.5  22.2 1555  16.0 2357  15.4  21.0  15.6  83.6  60.0 1556  17.5  -9.0  -9.0 -9.00  992.3 1007.8 1009.2 1023 1006.1 1748  9.5  0.9 14.5 -9.0 -9.00 -9.00   -9    0.6   -9.0 -9.00    0.3  434    0.2   -9   -9.0   -9   -9.0   -9   -9.0   -9 -99.0 -99.0 -99.0 -99.0 -99.0
20260608 248  1.1   922  32  3.6  927  29  6.5 1016  16.9  20.6 1614  13.7 2355  13.8  20.2  11.7  83.3  57.0 1616  15.8  -9.0  -9.0 -9.00  961.4 1008.1 1009.7 2335 1006.5 1608  9.6  0.7 14.5 -9.0 -9.00 -9.00   -9   -9.0   -9.0 -9.00   -9.0   -9   -9.0   -9   -9.0   -9   -9.0   -9   -9.0   -9 -99.0 -99.0 -99.0 -99.0 -99.0
20260608 251  1.7    -9  29  4.5 1422  29  6.6 1426  18.9  21.9 1353  15.8 2359  15.8  21.9  12.5  83.0  66.0 1357  18.0   2.5   1.8 -9.00 1002.5 1008.4 1009.6  759 1007.2 1730  9.3 -9.0 14.5 -9.0 -9.00  1.78 1400   -9.0   -9.0 -9.00   -9.0   -9   -9.0   -9   -9.0   -9   -9.0   -9   -9.0   -9 -99.0 -99.0 -99.0 -99.0 -99.0
20260608 252  1.6  1368  36  3.8 1754  34  6.7 1426  18.7  21.7 1357  16.5 2349  14.9  22.4  13.5  79.4  60.0 1358  16.9   3.4   2.4 -9.00 1003.9 1008.3 1009.4  930 1007.2 1753  9.0  0.4 14.5 -9.0 12.44  2.18 1300    0.1   -9.0 -9.00    0.1   -9    0.1   -9   -9.0   -9   -9.0   -9   -9.0   -9 -99.0 -99.0 -99.0 -99.0 -99.0
20260608 253  0.5   464  14  2.4 1136  14  4.9 1132  20.1  22.6 1729  18.7 2232  18.6  22.0  17.2  91.9  76.0 1736  21.5   1.9   1.3 -9.00 1001.1 1007.5 1008.8   18 1006.0 1744  9.4  0.1 14.5 -9.0  5.22  0.74 1300    1.7   -9.0 -9.00    0.6 1224    0.2   -9   -9.0   -9   -9.0   -9   -9.0   -9 -99.0 -99.0 -99.0 -99.0 -99.0
20260608 254  1.5  1268  32  4.0 1742  29  6.4 1742  19.0  22.2 1510  16.5 2351  13.7  23.2  14.4  72.3  53.0 1447  15.7   3.1   2.2 -9.00  993.3 1008.3 1009.7 1014 1007.0 1742  9.5  0.7 14.5 -9.0  9.94  1.94 1400    0.3   -9.0 -9.00    0.2   -9    0.1   -9   -9.0   -9   -9.0   -9   -9.0   -9 -99.0 -99.0 -99.0 -99.0 -99.0
20260608 255  0.6   528  32  3.3 1142  29  5.9 1134  21.1  24.5 1618  19.1 2339  18.1  20.4  15.8  83.4  67.0 1619  20.8   2.0   1.4 -9.00 1000.7 1006.6 1007.8    6 1004.9 1709  9.5  0.4 14.5 -9.0  5.93  1.04 1600    1.1   -9.0 -9.00    0.4  625    0.2   -9   -9.0   -9   -9.0   -9   -9.0   -9 -99.0 -99.0 -99.0 -99.0 -99.0
20260608 257  1.0   903  20  2.5 1133  34  4.3 1149  20.7  24.8 1654  19.0  604  19.0  21.6  17.2  90.8  70.0 1652  22.0   2.4   1.7 -9.00 1006.1 1006.8 1008.1   20 1005.1 1752  9.4  0.2 14.5 -9.0  7.44  1.46 1600    1.7   -9.0 -9.00    0.5 1227    0.2   -9   -9.0   -9   -9.0   -9   -9.0   -9 -99.0 -99.0 -99.0 -99.0 -99.0
20260608 258  2.9  2537  29  5.5  959  34  8.2 1514  21.0  24.3 1613  18.7 2331  15.4  21.7  16.6  71.3  52.0 1615  17.5   4.0   2.8 -9.00 1007.7 1007.9 1009.2 1025 1006.3 1657  9.6  1.2 14.4 -9.0 11.82  2.22 1500    0.1   -9.0 -9.00    0.1   -9    0.1   -9   -9.0   -9   -9.0   -9   -9.0   -9 -99.0 -99.0 -99.0 -99.0 -99.0
20260608 259  1.6  1340  29  3.3 1603  27  6.7 1603  20.5  24.6 1544  17.8 2356  15.6  22.5  16.5  74.0  56.0 1628  17.7   3.3   2.3 -9.00 1006.0 1007.9 1009.2 1019 1006.4 1644  9.8  1.1 14.4 -9.0 11.06  2.47 1500    0.0   -9.0 -9.00    0.0   -9    0.0   -9   -9.0   -9   -9.0   -9   -9.0   -9 -99.0 -99.0 -99.0 -99.0 -99.0
20260608 260  2.0  1757  27  4.7 1753  29  7.8 1636  20.2  23.5 1552  17.5 2210  15.8  23.5  15.0  76.6  59.0 1550  18.0  -9.0  -9.0 -9.00 1002.6 1007.7 1009.1 1025 1006.2 1619  9.9  0.9 14.4 -9.0 -9.00 -9.00   -9    0.0   -9.0 -9.00    0.0   -9    0.0   -9   -9.0   -9   -9.0   -9   -9.0   -9 -99.0 -99.0 -99.0 -99.0 -99.0
20260608 261  2.7  2323  27  5.8 1525  27 11.6 1547  20.0  23.0 1553  18.1 2359  16.2  22.8  16.1  79.5  61.0 1601  18.4  -9.0  -9.0 -9.00 1006.6 1008.5 1009.7    1 1007.1 1638  9.5  0.8 14.4 -9.0 -9.00 -9.00   -9    0.0   -9.0 -9.00    0.0   -9    0.0   -9   -9.0   -9   -9.0   -9   -9.0   -9 -99.0 -99.0 -99.0 -99.0 -99.0
20260608 262  1.6  1390  32  5.0 1625  34  7.2 1633  19.8  24.1 1601  16.4 2309  15.9  22.7  18.1  79.0  55.0 1614  18.1   3.0   2.1 -9.00 1001.5 1007.5 1008.8 1052 1006.0 1658  9.5  1.3 14.4 -9.0 10.03  2.02 1500    1.8   -9.0 -9.00    1.7  415    1.4  426   -9.0   -9   -9.0   -9   -9.0   -9 -99.0 -99.0 -99.0 -99.0 -99.0
20260608 263  1.0   853  34  3.1 1106  29  5.2 1216  20.0  25.1 1611  15.9 2348  15.6  22.8  14.7  78.0  46.0 1657  17.8   2.7   1.9 -9.00 1005.4 1007.0 1008.1  742 1005.1 1736  9.6  1.0 14.5 -9.0  9.03  1.81 1500    0.2   -9.0 -9.00    0.2   -9    0.2   -9   -9.0   -9   -9.0   -9   -9.0   -9 -99.0 -99.0 -99.0 -99.0 -99.0
20260608 264  1.5  1320  29  4.2 1408  29  6.8 1406  18.6  23.5 1428  15.2 2349  13.6  22.3  15.1  74.5  45.0 1314  15.6   3.1   2.2 -9.00  989.9 1007.6 1009.0 2336 1006.1 1732  9.6  1.0 14.5 -9.0 11.82  2.18 1400    5.6   -9.0 -9.00    5.2    1    2.0   21   -9.0   -9   -9.0   -9   -9.0   -9 -99.0 -99.0 -99.0 -99.0 -99.0
20260608 266  1.3  1115  29  3.1 1639  29  6.7 1455  20.5  24.0 1553  18.1 2331  15.8  22.8  16.0  75.1  54.0 1558  18.0   2.9   2.0 -9.00  997.3 1007.5 1008.5  738 1005.9 1710  9.4  0.9 14.4 -9.0  8.93  1.89 1500    0.0   -9.0 -9.00    0.0   -9    0.0   -9   -9.0   -9   -9.0   -9   -9.0   -9 -99.0 -99.0 -99.0 -99.0 -99.0
20260608 268  2.5  2134  32  5.1 1404  32  8.4 1548  18.9  21.3 1547  17.0 2330  15.8  21.6  17.5  82.4  71.0 1611  17.9  -9.0  -9.0 -9.00 1006.4 1007.5 1008.7  953 1006.4 1735  9.4  0.9 14.4 -9.0 -9.00 -9.00   -9    0.0   -9.0 -9.00    0.0   -9    0.0   -9   -9.0   -9   -9.0   -9   -9.0   -9 -99.0 -99.0 -99.0 -99.0 -99.0
20260608 271  1.1   921  18  2.8 1215   9  5.2 1904  18.4  23.3 1414  14.1  516  13.2  23.6  12.7  73.8  43.0 1652  15.2  -9.0  -9.0 -9.00  970.0 1007.2 1009.4    2 1004.6 1642  9.5  2.0 14.6 -9.0 -9.00 -9.00   -9   -9.0   -9.0 -9.00   -9.0   -9   -9.0   -9   -9.0   -9   -9.0   -9   -9.0   -9 -99.0 -99.0 -99.0 -99.0 -99.0
20260608 272  1.8  1560  29  5.6 1340  32  9.0 1342  19.5  23.8 1355  16.1  448  14.0  25.6  14.5  73.5  45.0 1354  16.1  -9.0  -9.0 -9.00  982.5 1006.8 1008.6    1 1004.9 1516  9.0  3.1 14.6 -9.0 -9.00 -9.00   -9   -9.0   -9.0 -9.00   -9.0   -9   -9.0   -9   -9.0   -9   -9.0   -9   -9.0   -9 -99.0 -99.0 -99.0 -99.0 -99.0
20260608 273  1.2  1033  29  3.1 1205  27  6.1 1258  20.0  24.0 1354  17.3 2337  14.4  24.8  13.7  71.5  50.0 1532  16.4  -9.0  -9.0 -9.00  986.5 1006.4 1007.8    8 1004.8 1717  9.1  1.5 14.6 -9.0 -9.00 -9.00   -9   -9.0   -9.0 -9.00   -9.0   -9   -9.0   -9   -9.0   -9   -9.0   -9   -9.0   -9 -99.0 -99.0 -99.0 -99.0 -99.0
20260608 276  1.3  1094  29  3.6 1627  27  7.8 1536  18.9  24.9 1621  15.0 2354  14.6  23.0  12.7  78.6  48.0 1623  16.7   3.7   2.6 -9.00  982.6 1006.6 1008.5    4 1004.1 1621  9.3  1.7 14.6 -9.0 12.27  1.85 1300    0.0   -9.0 -9.00    0.0   -9    0.0   -9   -9.0   -9   -9.0   -9   -9.0   -9 -99.0 -99.0 -99.0 -99.0 -99.0
20260608 277  1.4  1236   5  4.7 1817   2  7.8 1916  18.3  23.2 1342  16.1 2324  16.0  23.4  14.0  87.4  72.0 1345  18.2  -9.0  -9.0 -9.00 1002.6 1007.3 1008.7    1 1005.8 1507  9.4  0.1 14.6 -9.0 -9.00 -9.00   -9    0.1   -9.0 -9.00    0.1   -9    0.1   -9   -9.0   -9   -9.0   -9   -9.0   -9 -99.0 -99.0 -99.0 -99.0 -99.0
20260608 278  1.0   878  27  3.5 1519  32  5.8 1545  19.9  25.6 1609  15.3 2358  15.2  25.0  12.2  76.1  46.0 1615  17.3  -9.0  -9.0 -9.00  996.6 1006.0 1007.5    1 1004.2 1611  9.0  1.5 14.6 -9.0 -9.00 -9.00   -9    0.0   -9.0 -9.00    0.0   -9    0.0   -9   -9.0   -9   -9.0   -9   -9.0   -9 -99.0 -99.0 -99.0 -99.0 -99.0
20260608 279  1.2  1056  27  3.5 1537  27  6.5 1532  20.8  25.4 1602  18.1 2343  15.0  25.1  12.4  71.1  46.0 1520  17.1   4.2   2.9 -9.00 1001.1 1006.8 1007.8    4 1005.3 1651  9.1  1.6 14.6 -9.0 13.26  2.08 1400    0.5   -9.0 -9.00    0.5   54    0.5  144   -9.0   -9   -9.0   -9   -9.0   -9 -99.0 -99.0 -99.0 -99.0 -99.0
20260608 281  1.1   918  29  3.8 1614  29  6.3 1528  19.5  25.0 1550  17.0  440  16.3  21.4  14.8  83.9  50.0 1602  18.6  -9.0  -9.0 -9.00  996.2 1007.4 1008.9    1 1005.2 1623  9.4  0.8 14.5 -9.0 -9.00 -9.00   -9    2.2   -9.0 -9.00    0.7  230    0.4  541   -9.0   -9   -9.0   -9   -9.0   -9 -99.0 -99.0 -99.0 -99.0 -99.0
20260608 283  1.6  1420  36  5.0 1859  34  7.9 1854  19.9  24.7 1643  17.3  441  17.5  21.6  16.6  86.6  66.0 1645  20.0   2.8   2.0 -9.00 1002.7 1007.3 1009.0    1 1005.2 1650  9.8  0.5 14.5 -9.0  9.11  1.28 1500    2.1   -9.0 -9.00    1.0  334    0.3  342   -9.0   -9   -9.0   -9   -9.0   -9 -99.0 -99.0 -99.0 -99.0 -99.0
20260608 284  1.4  1224  32  3.4 1621  32  5.6 1618  18.9  23.2 1454  15.0 2349  15.2  21.7  13.4  80.6  56.0 1449  17.4   3.2   2.2 -9.00  979.9 1006.2 1007.8 2341 1004.4 1624  9.3  0.8 14.5 -9.0 11.14  1.91 1400    4.5   -9.0 -9.00    4.2    1    2.5   26   -9.0   -9   -9.0   -9   -9.0   -9 -99.0 -99.0 -99.0 -99.0 -99.0
20260608 285  0.7   593  29  2.3 1642  32  4.6 1642  19.9  24.6 1514  16.2 2359  17.2  23.1  16.1  86.1  56.0 1641  19.7  -9.0  -9.0 -9.00 1004.1 1007.2 1008.3  133 1005.5 1547  9.8  1.3 14.5 -9.0 -9.00 -9.00   -9    7.2   -9.0 -9.00    5.5   51    1.5  140   -9.0   -9   -9.0   -9   -9.0   -9 -99.0 -99.0 -99.0 -99.0 -99.0
20260608 288  0.9   803  11  2.1 1109   7  4.0   57  20.2  24.7 1644  17.7 2353  17.5  21.5  17.7  85.5  60.0 1653  20.0   2.5   1.8 -9.00 1004.6 1005.6 1006.9  811 1003.7 1703  9.4  0.7 14.5 -9.0  8.20  1.43 1500    2.7   -9.0 -9.00    1.9  217    0.8  235   -9.0   -9   -9.0   -9   -9.0   -9 -99.0 -99.0 -99.0 -99.0 -99.0
20260608 289  1.2  1060  29  4.2 1636  34  7.6 1418  18.7  23.4 1540  15.7 2331  15.6  21.4  15.1  83.8  53.0 1541  17.8  -9.0  -9.0 -9.00  992.0 1008.0 1009.3 2301 1006.5 1723  9.4  1.1 14.5 -9.0 -9.00 -9.00   -9    8.3   -9.0 -9.00    8.0   18    5.1   26   -9.0   -9   -9.0   -9   -9.0   -9 -99.0 -99.0 -99.0 -99.0 -99.0
20260608 294  0.7   638  18  2.3 1355  16  4.7 1324  19.9  22.7 1717  17.2 2202  17.4  22.0  15.3  86.1  67.0 1718  19.8  -9.0  -9.0 -9.00 1002.1 1007.3 1008.6 1003 1006.2 1700  9.9  0.8 14.4 -9.0 -9.00 -9.00   -9    1.5   -9.0 -9.00    1.2  631    0.4  656   -9.0   -9   -9.0   -9   -9.0   -9 -99.0 -99.0 -99.0 -99.0 -99.0
20260608 295  1.1   960  29  2.7 1054  29  5.8 1047  20.5  23.8 1621  18.3 2350  16.3  22.7  15.6  77.6  54.0 1643  18.7  -9.0  -9.0 -9.00 1001.7 1007.0 1008.2 1124 1005.6 1716  9.6  1.2 14.4 -9.0 -9.00 -9.00   -9    0.1   -9.0 -9.00    0.1   -9    0.1   -9   -9.0   -9   -9.0   -9   -9.0   -9 -99.0 -99.0 -99.0 -99.0 -99.0
20260608 296  1.0   881  18  2.5 1418  18  4.0 1418  20.4  23.2 1704  18.5 2217  18.7  21.1  13.6  90.0  79.0 1705  21.6   2.2   1.5 -9.00 1005.8 1006.1 1007.3   18 1004.5 1746  9.4  0.1 14.5 -9.0  6.35  0.87 1500    1.6   -9.0  8.83    0.5  714    0.2   -9   -9.0   -9   -9.0   -9   -9.0   -9 -99.0 -99.0 -99.0 -99.0 -99.0
20260609  90  2.4  2038  14  5.2 1220  14  7.6 1214  18.8  22.7 1415  13.2  533  14.4  24.5  12.3  76.9  50.0 2213  16.5   6.0   4.2 -9.00 1005.5 1007.6 1009.3    1 1006.3 1643  4.0 10.3 14.8 -9.0 27.24  3.59 1200   -9.0   -9.0 -9.00   -9.0   -9   -9.0   -9   -9.0   -9   -9.0   -9   -9.0   -9 -99.0 -99.0 -99.0 -99.0 -99.0
20260609  93  0.7   612  27  3.1 1453  29  5.4 1507  19.4  26.6 1341  12.4  522  12.3  24.0  11.1  67.5  38.0 1337  14.4   5.5   3.9 -9.00  996.9 1008.1 1009.9  707 1006.1 1409  4.1  8.5 14.7 -9.0 22.51  3.52 1100    0.1    0.1  1.87    0.1   -9    0.1   -9   -9.0   -9   -9.0   -9   -9.0   -9  22.5  21.2  18.8  14.6  12.8
20260609  95  0.9   782  23  2.5 1517  25  4.7 1305  18.3  24.9 1231  11.8  524  12.6  19.4   9.8  71.5  36.0 1243  14.6   4.5   3.1 -9.00  990.5 1008.6 1010.0  544 1007.1 1754  4.1  7.9 14.8 -9.0 19.06  3.36 1100    0.0    0.0 -9.00    0.0   -9    0.0   -9   -9.0   -9   -9.0   -9   -9.0   -9 -99.0 -99.0 -99.0 -99.0 -99.0
20260609  98  0.8   654  29  2.1 1202  27  4.6 1155  19.5  27.0 1223  13.1  533  10.1  24.8  10.8  57.3  30.0 1218  12.4   4.6   3.3 -9.00  994.7 1008.1 1009.5  707 1006.8 1727  4.6  6.9 14.7 -9.0 19.62  3.16 1000    0.0   -9.0 -9.00    0.0   -9    0.0   -9   -9.0   -9   -9.0   -9   -9.0   -9 -99.0 -99.0 -99.0 -99.0 -99.0
20260609  99  0.8   705  32  2.2 1640  29  4.4 1622  18.4  25.2 1117  11.8  534  11.4  22.9   8.8  67.4  35.0 1537  13.5   4.1   2.8 -9.00 1005.3 1008.8 1010.1  711 1007.8 1539  4.5  5.4 14.7 -9.0 17.47  3.07 1000    0.0   -9.0 -9.00    0.0   -9    0.0   -9   -9.0   -9   -9.0   -9   -9.0   -9 -99.0 -99.0 -99.0 -99.0 -99.0
20260609 100  1.9  1606  25  4.8 1311  25  8.6 1304  14.4  23.0 1413   6.6  532   9.9  19.5   6.9  77.5  39.0 1331  12.3   6.3   4.4 -9.00  920.8 1008.1 1011.6  601 1004.1 1413  4.8  8.5 14.7 -9.0 24.68  3.51 1100    0.0   -9.0 -9.00    0.0   -9    0.0   -9   -9.0   -9   -9.0   -9   -9.0   -9 -99.0 -99.0 -99.0 -99.0 -99.0
20260609 101  1.3  1158  27  4.1 1455  27  6.4 1448  19.7  26.8 1359  13.2  510  12.4  23.3   9.5  66.1  37.0 1430  14.5   5.6   3.9 -9.00  998.3 1007.1 1009.0  708 1004.9 1400  4.4  7.9 14.7 -9.0 21.60  3.43 1100    0.1    0.1 -9.00    0.1   -9    0.1   -9   -9.0   -9   -9.0   -9   -9.0   -9  22.3  19.5  17.4  14.9  15.0
20260609 102  2.3  2013  16  6.6 1047  16  9.6 1047  16.8  20.6 1545  13.6   27  14.7  21.0   8.1  87.9  71.0  450  16.7   3.0   2.1  1.75 1002.9 1007.2 1008.3  740 1005.3 1736  5.1  5.4 14.7 -9.0 15.65  2.26 1500    0.6   -9.0  3.30    0.6 1620    0.6 1710   -9.0   -9   -9.0   -9   -9.0   -9 -99.0 -99.0 -99.0 -99.0 -99.0
20260609 104  1.5  1267  11  4.1 1514   9  6.7 1436  18.6  24.9 1341  12.0  501  14.8  24.1   9.0  80.5  51.0 1349  17.0   5.9   4.1 -9.00  997.8 1006.5 1008.5   15 1004.8 1507  4.4 10.1 14.7 -9.0 26.00  3.47 1300    0.5    0.5  0.58    0.5 1645    0.5 1706   -9.0   -9   -9.0   -9   -9.0   -9  20.5  19.5  17.6  13.9  13.3
20260609 105  1.8  1597   9  3.3 1433   9  5.4 1432  19.5  25.7 1408  13.1  434  13.4  25.3  11.5  69.5  40.0 1309  15.5   6.2   4.4 -9.00 1004.4 1007.5 1009.3   22 1005.7 1516  4.8  9.4 14.7 -9.0 23.21  3.27 1100    0.4   -9.0 -9.00    0.4 1621    0.4 1711   -9.0   -9   -9.0   -9   -9.0   -9  21.4  20.4  19.1  15.4  14.6
20260609 106  2.0  1738  11  4.2 1313  16  8.2 1413  18.6  23.4 1234  12.4  440  14.3  27.4   9.6  77.5  59.0  933  16.5   6.8   4.7 -9.00 1003.3 1008.0 1009.5  641 1006.6 1551  4.6 10.0 14.7 -9.0 26.41  3.49 1100    0.0   -9.0 -9.00    0.0   -9    0.0   -9   -9.0   -9   -9.0   -9   -9.0   -9 -99.0 -99.0 -99.0 -99.0 -99.0
20260609 108  2.1  1782  27  4.2 1509  25  7.8 1927  21.6  27.7 1256  16.1  538  11.0  27.3   8.8  53.4  30.0 1224  13.2   7.7   5.4 -9.00  998.1 1008.0 1009.2  719 1006.6 1511  3.8  8.6 14.7 -9.0 25.89  3.57 1200    0.1    0.7  1.50    0.1   -9    0.1   -9   -9.0   -9   -9.0   -9   -9.0   -9  22.0  20.0  18.9  15.1  13.7
20260609 112  2.2  1859  25  3.8 1135  20  6.6 1214  20.9  24.8 1158  16.9  526  12.0  24.2  12.5  59.8  30.0 1450  14.2   6.2   4.3 -9.00 1000.1 1008.1 1009.2  808 1007.2 1714  4.4  8.2 14.7 -9.0 24.18  3.67 1100    0.0    0.0  1.67    0.0   -9    0.0   -9   -9.0   -9   -9.0   -9   -9.0   -9  21.0  19.6  14.3  17.2  13.4
20260609 114  1.6  1378  32  3.4 1842  25  6.3 1435  21.2  26.7 1705  14.8  521  11.9  26.2  10.8  58.9  37.0 1347  14.0   7.0   4.9 -9.00  990.3 1007.6 1009.5  654 1005.5 1715  3.8  9.7 14.7 -9.0 25.81  3.57 1200    0.0   -9.0 -9.00    0.0   -9    0.0   -9   -9.0   -9   -9.0   -9   -9.0   -9 -99.0 -99.0 -99.0 -99.0 -99.0
20260609 115  2.1  1805  25  5.3 2325  23  8.7 2321  18.1  20.6 1618  15.4  425  14.6  24.2   9.8  80.3  72.0 1109  16.6   4.0   2.8 -9.00  982.7 1008.3 1009.2 1019 1007.2  102  5.0  5.4 14.7 -9.0 18.50  2.25 1400   -9.0   -9.0 -9.00   -9.0   -9   -9.0   -9   -9.0   -9   -9.0   -9   -9.0   -9  19.7  17.0  16.0  12.6  13.2
20260609 119  1.8  1527  25  4.5 1421  32  7.8 1441  20.4  27.0 1332  14.5  518  11.3  30.8  10.2  60.3  28.0 1730  13.5   6.8   4.8 -9.00 1003.3 1007.9 1009.1  626 1006.3 1347  2.8  8.6 14.7 -9.0 24.33  3.50 1200    0.0    0.1  0.62    0.0   -9    0.0   -9   -9.0   -9   -9.0   -9   -9.0   -9  22.0  19.6  17.4  13.5  12.8
20260609 121  1.2  1055  23  4.3 1845  23  9.1 1845  19.1  28.3 1447  12.5  532  12.7  27.2   9.5  71.0  36.0 1444  14.7   6.6   4.6 -9.00  980.5 1008.2 1010.6  648 1005.0 1556  6.0  6.6 14.7 -9.0 25.53  3.50 1200    0.1   -9.0 -9.00    0.1   -9    0.1   -9   -9.0   -9   -9.0   -9   -9.0   -9 -99.0 -99.0 -99.0 -99.0 -99.0
20260609 127  1.2  1043  36  5.0 1748  34  8.2 1737  20.3  27.9 1522  13.0  511  11.7  26.4  11.3  61.5  32.0 1449  13.8   7.0   4.9 -9.00  994.0 1007.2 1008.9  656 1004.9 1703  5.1  9.6 14.7 -9.0 26.76  3.57 1200    0.0   -9.0 -9.00    0.0   -9    0.0   -9   -9.0   -9   -9.0   -9   -9.0   -9 -99.0 -99.0 -99.0 -99.0 -99.0
20260609 129  1.6  1396  25  3.9 1501  29  6.3 1438  20.4  27.3 1324  12.8  458  10.8  28.2   7.7  58.6  27.0 1722  13.1   7.3   5.1 -9.00 1005.7 1008.6 1009.6  916 1007.3 1340  3.4  9.6 14.6 -9.0 26.35  3.64 1200    0.0    0.0 -9.00    0.0   -9    0.0   -9   -9.0   -9   -9.0   -9   -9.0   -9  21.7  19.7  19.6  14.3  14.9
20260609 130  1.6  1350  11  3.7 1054  20  5.9 1756  18.3  22.3 1430  13.7  521  15.5  25.1  11.0  84.9  66.0  827  17.6  -9.0  -9.0 -9.00 1002.6 1008.4 1009.6  647 1007.0 1656  6.6 10.4 14.7 -9.0 -9.00 -9.00   -9    0.4   -9.0 -9.00    0.4   -9    0.4 1805   -9.0   -9   -9.0   -9   -9.0   -9 -99.0 -99.0 -99.0 -99.0 -99.0
20260609 131  1.4  1242  29  3.2 1907  32  7.0 1431  22.9  28.9 1437  17.1  512  10.2  29.6  13.1  47.8  27.0 1439  12.6   8.4   5.9 -9.00 1000.9 1007.6 1009.1  714 1005.5 1550  5.0 11.8 14.6 -9.0 29.01  3.65 1200    0.0    0.0  0.25    0.0   -9    0.0   -9   -9.0   -9   -9.0   -9   -9.0   -9 -99.0 -99.0 -99.0 -99.0 -99.0
20260609 133  1.5  1275  32  4.6 1905  34  8.9 1905  21.8  28.4 1617  15.2  453  12.8  28.0  12.7  60.0  32.0 1620  14.9   7.8   5.5 -9.00 1000.4 1008.2 1009.6  709 1006.2 1552  6.4 12.0 14.6 -9.0 28.23  3.55 1200   -9.0   -9.0 -9.00   -9.0   -9   -9.0   -9   -9.0   -9   -9.0   -9   -9.0   -9  23.8  22.4  20.0  16.4  15.8
20260609 135  2.0  1712  25  4.0 1518  27  7.4 1756  19.9  26.5 1517  13.2  530  11.4  25.3  12.0  61.3  36.0 1703  13.5   7.2   5.0 -9.00  979.6 1007.7 1009.1  632 1005.3 1641  6.1 10.5 14.6 -9.0 25.45  3.09 1100   -9.0   -9.0 -9.00   -9.0   -9   -9.0   -9   -9.0   -9   -9.0   -9   -9.0   -9 -99.0 -99.0 -99.0 -99.0 -99.0
20260609 136  1.1   955  27  3.8 1745  29  6.4 1534  21.3  27.7 1735  14.1  517  12.6  30.8  12.3  61.0  36.0 1718  14.6   7.1   4.9 -9.00  992.2 1008.4 1010.2  629 1005.8 1716  5.6 10.7 14.6 -9.0 26.97  3.53 1100   -9.0   -9.0 -9.00   -9.0   -9   -9.0   -9   -9.0   -9   -9.0   -9   -9.0   -9 -99.0 -99.0 -99.0 -99.0 -99.0
20260609 137  0.8   731  23  2.1 1526  23  4.3 1518  22.3  27.8 1719  15.0  512  12.7  28.3  12.3  57.5  34.0 1725  14.8   6.5   4.6 -9.00  995.7 1006.8 1008.5  722 1004.5 1704  6.6 10.9 14.6 -9.0 24.87  3.31 1200    0.0   -9.0 -9.00    0.0   -9    0.0   -9   -9.0   -9   -9.0   -9   -9.0   -9 -99.0 -99.0 -99.0 -99.0 -99.0
20260609 138  2.1  1814  14  6.2 1614  11  8.9 1537  20.2  24.1 1501  16.3  444  14.9  24.2  13.5  72.9  60.0 1500  17.0   5.9   4.1 -9.00 1007.3 1007.8 1009.4  824 1006.1 1641  6.3  8.6 14.6 -9.0 23.93  3.39 1300   -9.0   -9.0 -9.00   -9.0   -9   -9.0   -9   -9.0   -9   -9.0   -9   -9.0   -9  21.3  19.0  17.8  15.7  15.7
20260609 140  2.1  1812  29  5.6 1611  32  9.3 1605  20.0  25.5 1324  14.2  447  13.0  26.7   9.8  66.1  46.0 2049  15.1  -9.0  -9.0 -9.00 1006.1 1009.3 1010.5 2139 1008.0 1528  5.4 11.6 14.6 -9.0 -9.00 -9.00   -9   -9.0   -9.0 -9.00   -9.0   -9   -9.0   -9   -9.0   -9   -9.0   -9   -9.0   -9 -99.0 -99.0 -99.0 -99.0 -99.0
20260609 143  1.4  1211  14  3.1  849  14  4.6  850  21.6  27.6 1704  15.6  441  13.8  26.1  13.7  64.4  34.0 1645  15.8   6.4   4.4 -9.00 1001.0 1007.3 1009.1  800 1004.9 1709  6.3  9.0 14.5 -9.0 24.24  3.64 1200   -9.0   -9.0 -9.00   -9.0   -9   -9.0   -9   -9.0   -9   -9.0   -9   -9.0   -9 -99.0 -99.0 -99.0 -99.0 -99.0
20260609 146  1.8  1595  27  5.2 1724  29  8.8 1735  21.2  28.7 1643  15.6  531  12.7  27.5  10.3  61.4  30.0 1622  14.8   7.6   5.3 -9.00 1001.4 1008.4 1009.9 2226 1006.3 1556  6.4 11.7 14.5 -9.0 26.45  3.28 1100   -9.0   -9.0 -9.00   -9.0   -9   -9.0   -9   -9.0   -9   -9.0   -9   -9.0   -9 -99.0 -99.0 -99.0 -99.0 -99.0
20260609 152  1.6  1396  11  3.3 1114   9  5.3 1248  19.6  24.0 1425  15.4  525  14.8  22.9  13.3  75.3  53.0 1431  16.8   5.2   3.6 -9.00  998.3 1007.8 1008.9  755 1006.5 1542  6.4  8.7 14.5 -9.0 21.36  3.17 1200   -9.0   -9.0 -9.00   -9.0   -9   -9.0   -9   -9.0   -9   -9.0   -9   -9.0   -9 -99.0 -99.0 -99.0 -99.0 -99.0
20260609 155  1.8  1567  16  5.5 1531  18  8.6 1527  20.5  25.1 1234  16.8  459  15.0  26.0  13.8  71.5  54.0 1203  17.1   5.9   4.1 -9.00 1004.1 1008.2 1009.1  737 1006.8   17  7.0  9.6 14.5 -9.0 24.07  3.08 1300   -9.0   -9.0 -9.00   -9.0   -9   -9.0   -9   -9.0   -9   -9.0   -9   -9.0   -9 -99.0 -99.0 -99.0 -99.0 -99.0
20260609 156  1.4  1211   2  3.2 1525  34  5.8 1725  21.9  29.1 1643  16.2  309  12.7  28.4  12.0  59.0  28.0 1622  14.8   7.3   5.1 -9.00 1000.2 1008.3 1009.9 2212 1006.0 1704  4.6 10.9 14.5 -9.0 26.28  3.60 1200   -9.0   -9.0 -9.00   -9.0   -9   -9.0   -9   -9.0   -9   -9.0   -9   -9.0   -9 -99.0 -99.0 -99.0 -99.0 -99.0
20260609 159  2.5  2137  16  5.0 1417  16  8.0 1412  20.8  25.0 1226  17.9  523  15.0  24.0  13.2  70.1  59.0  957  17.1   6.6   4.6 -9.00  999.7 1007.8 1008.7 2145 1006.2   26  6.1  8.7 14.5 -9.0 25.56  3.70 1200   -9.0   -9.0 -9.00   -9.0   -9   -9.0   -9   -9.0   -9   -9.0   -9   -9.0   -9  21.8  20.7  19.7  16.2  16.8
20260609 162  1.9  1625  18  4.2 1219  18  5.8 1527  20.6  25.7 1338  17.3 2358  14.8  24.4  13.8  70.1  54.0 1126  16.9   6.1   4.3 -9.00 1003.8 1007.4 1008.8 2158 1006.1   10  7.0  8.9 14.5 -9.0 24.49  3.57 1200   -9.0   -9.0 -9.00   -9.0   -9   -9.0   -9   -9.0   -9   -9.0   -9   -9.0   -9 -99.0 -99.0 -99.0 -99.0 -99.0
20260609 165  2.6  2269  32  5.0 1650  32  7.6 1542  20.3  25.4 1519  16.2  456  14.9  25.6  11.1  72.9  51.0 1607  16.9   6.8   4.8 -9.00 1003.7 1008.9 1010.2 2123 1007.5 1542  4.8 10.1 14.4 -9.0 27.51  3.66 1300   -9.0   -9.0 -9.00   -9.0   -9   -9.0   -9   -9.0   -9   -9.0   -9   -9.0   -9  22.0  21.1  19.0  16.6  15.1
20260609 168  2.2  1894  14  4.7 1545  14  7.6 1545  21.1  25.2 1356  17.8  447  14.9  26.3  17.1  68.4  53.0 1359  16.9   6.5   4.5 -9.00 1000.8 1008.4 1009.7 2146 1007.1  145  4.8 10.2 14.4 -9.0 26.09  3.30 1200   -9.0   -9.0 -9.00   -9.0   -9   -9.0   -9   -9.0   -9   -9.0   -9   -9.0   -9  22.9  21.1  19.1  16.5  16.6
20260609 169  3.5  3023  34  5.4  425  36  7.3  423  19.8  24.9 1347  16.0  217  14.3  26.5  15.3  71.9  52.0 2342  16.5   6.6   4.6 -9.00 1000.4 1009.1 1010.2 2241 1008.0 1707  4.4 10.8 14.4 -9.0 26.90  3.50 1200   -9.0   -9.0 -9.00   -9.0   -9   -9.0   -9   -9.0   -9   -9.0   -9   -9.0   -9 -99.0 -99.0 -99.0 -99.0 -99.0
20260609 170  1.8  1541  14  5.9 1556  16  8.2 1553  21.6  28.3 1332  16.6  505  15.3  25.6  14.9  68.6  48.0 1156  17.4   6.7   4.7 -9.00 1004.7 1008.8 1010.1 2139 1007.8 1537  5.3 10.3 14.4 -9.0 24.69  3.29 1100   -9.0   -9.0 -9.00   -9.0   -9   -9.0   -9   -9.0   -9   -9.0   -9   -9.0   -9 -99.0 -99.0 -99.0 -99.0 -99.0
20260609 172  1.8  1551  29  5.3 1501  27  7.5 1657  19.6  27.1 1403  13.6  535  12.3  23.5   9.9  66.4  39.0 1206  14.4   7.7   5.4 -9.00 1002.3 1008.4 1009.8 2215 1006.7 1543  5.0 11.9 14.5 -9.0 28.93  3.71 1100   -9.0   -9.0 -9.00   -9.0   -9   -9.0   -9   -9.0   -9   -9.0   -9   -9.0   -9 -99.0 -99.0 -99.0 -99.0 -99.0
20260609 174  1.2  1043  14  3.8 1618  11  6.3 1610  19.0  26.9 1320  13.0  547  14.3  23.9  12.4  76.9  36.0 1323  16.3  -9.0  -9.0 -9.00  987.8 1006.9 1008.5 2143 1005.2 1532  5.6  6.5 14.5 -9.0 -9.00 -9.00   -9   -9.0   -9.0 -9.00   -9.0   -9   -9.0   -9   -9.0   -9   -9.0   -9   -9.0   -9 -99.0 -99.0 -99.0 -99.0 -99.0
20260609 177  1.8  1597  23  4.5 1542  23  7.2 1501  21.2  28.0 1412  13.9  523  12.3  28.0  11.3  59.6  38.0 1949  14.4   7.1   4.9 -9.00 1004.0 1007.2 1008.2  655 1005.4 1432  4.4  9.8 14.6 -9.0 25.24  3.45 1100    0.0    0.0  0.42    0.0   -9    0.0   -9   -9.0   -9   -9.0   -9   -9.0   -9 -99.0 -99.0 -99.0 -99.0 -99.0
20260609 181  1.8  1528  34  4.7 1856  34  7.9 1556  21.1  28.0 1529  13.7  539  11.5  28.8   8.2  58.4  30.0 1651  13.7   8.6   6.0 -9.00 1004.3 1008.2 1009.6  706 1006.2 1556  4.9 11.5 14.6 -9.0 29.07  3.74 1200    0.0   -9.0 -9.00    0.0   -9    0.0   -9   -9.0   -9   -9.0   -9   -9.0   -9 -99.0 -99.0 -99.0 -99.0 -99.0
20260609 184  2.8  2417   5  7.1 1436   5  9.7 1434  20.7  23.9 1516  18.4  544  16.1  26.3  15.8  75.3  64.0 1118  18.4   5.8   4.1 -9.00 1005.8 1008.2 1009.7 2245 1007.1 1639  5.6  6.7 14.3 -9.0 20.85  3.34 1100   -9.0   -9.0 -9.00   -9.0   -9   -9.0   -9   -9.0   -9   -9.0   -9   -9.0   -9  22.9  22.1  21.5  19.0  16.6
20260609 185  3.9  3391  34  7.4  353  34 13.1  143  20.1  23.5 1703  17.8  517  16.8  23.4  16.8  82.0  66.0 1646  19.2   5.2   3.6 -9.00 1000.0 1008.3 1010.1 2255 1006.8  319  6.0  5.9 14.3 -9.0 20.42  3.58 1100   -9.0   -9.0 -9.00   -9.0   -9   -9.0   -9   -9.0   -9   -9.0   -9   -9.0   -9 -99.0 -99.0 -99.0 -99.0 -99.0
20260609 188  2.4  2103   5  4.3 1513   2  7.7 1049  19.8  23.5 1305  17.3 2348  16.9  20.6  16.0  83.8  72.0 1049  19.3  -9.0  -9.0 -9.00 1006.3 1008.7 1010.3 2246 1007.3  339  6.4  2.7 14.3 -9.0 -9.00 -9.00   -9   -9.0   -9.0 -9.00   -9.0   -9   -9.0   -9   -9.0   -9   -9.0   -9   -9.0   -9 -99.0 -99.0 -99.0 -99.0 -99.0
20260609 189  1.7  1511   7  3.8 1102  11  7.9 1656  21.6  25.7 1211  18.7  546  15.8  21.7  16.9  70.3  56.0 1212  18.0   5.4   3.8 -9.00 1002.2 1008.2 1010.3 2304 1006.3  302  6.1  4.8 14.3 -9.0 18.44  2.97 1200   -9.0   -9.0 -9.00   -9.0   -9   -9.0   -9   -9.0   -9   -9.0   -9   -9.0   -9 -99.0 -99.0 -99.0 -99.0 -99.0
20260609 192  0.8   711  14  2.4 1442  14  5.8 1447  19.6  26.5 1433  13.1  414  15.0  26.5  11.8  76.5  45.0 1423  17.1   5.7   4.0 -9.00 1004.8 1008.2 1009.4  725 1006.9 1450  5.4  9.4 14.5 -9.0 23.75  3.36 1100   -9.0   -9.0 -9.00   -9.0   -9   -9.0   -9   -9.0   -9   -9.0   -9   -9.0   -9 -99.0 -99.0 -99.0 -99.0 -99.0
20260609 201  1.5  1300  27  3.4 1249  36  6.5   44  18.9  24.6 1128  12.6  451  11.8  23.1   7.6  66.1  35.0 1118  14.0  -9.0  -9.0 -9.00 1003.4 1008.9 1010.1  841 1007.6 2005  4.3  6.3 14.7 -9.0 -9.00 -9.00   -9    0.0   -9.0 -9.00    0.0   -9    0.0   -9   -9.0   -9   -9.0   -9   -9.0   -9 -99.0 -99.0 -99.0 -99.0 -99.0
20260609 202  1.3  1100  36  3.3 1535  27  6.6 1616  20.8  28.1 1348  14.3  520  11.7  27.4  10.8  59.5  31.0 1232  13.8  -9.0  -9.0 -9.00 1002.6 1008.1 1009.7  726 1006.3 1544  3.0  9.0 14.7 -9.0 -9.00 -9.00   -9    0.0   -9.0 -9.00    0.0   -9    0.0   -9   -9.0   -9   -9.0   -9   -9.0   -9 -99.0 -99.0 -99.0 -99.0 -99.0
20260609 203  0.9   816  18  2.3 1256  29  6.0 2056  21.4  29.2 1457  13.8  532  12.5  29.9  11.3  61.4  36.0 1322  14.6  -9.0  -9.0 -9.00  999.2 1008.4 1010.0  645 1006.4 1555  2.6  7.8 14.7 -9.0 -9.00 -9.00   -9    0.0   -9.0 -9.00    0.0   -9    0.0   -9   -9.0   -9   -9.0   -9   -9.0   -9 -99.0 -99.0 -99.0 -99.0 -99.0
20260609 211  1.4  1245  18  3.5 1440  20  8.0 1448  18.2  26.0 1335  12.7  238  11.6  24.4  10.1  68.5  37.0 1243  13.7  -9.0  -9.0 -9.00  984.4 1007.7 1009.8  656 1005.1 1431  5.0  5.3 14.8 -9.0 -9.00 -9.00   -9    0.0   -9.0 -9.00    0.0   -9    0.0   -9   -9.0   -9   -9.0   -9   -9.0   -9 -99.0 -99.0 -99.0 -99.0 -99.0
20260609 212  1.2  1047  29  3.5 1653  27  6.6 1505  19.8  26.7 1327  13.8  454  11.5  24.1  11.2  62.9  32.0 1253  13.6  -9.0  -9.0 -9.00  992.1 1008.3 1010.3  706 1006.3 1402  4.3  6.5 14.7 -9.0 -9.00 -9.00   -9    0.0   -9.0 -9.00    0.0   -9    0.0   -9   -9.0   -9   -9.0   -9   -9.0   -9 -99.0 -99.0 -99.0 -99.0 -99.0
20260609 216  1.2  1078  36  4.0 1318   5  7.0 1305  16.9  24.2 1322   8.5  524   9.8  22.3   7.4  66.4  32.0 1327  12.2   6.4   4.5 -9.00  927.3 1007.6 1011.0  536 1004.0 1439  6.1 10.2 14.7 -9.0 27.35  3.63 1200   -9.0   -9.0 -9.00   -9.0   -9   -9.0   -9   -9.0   -9   -9.0   -9   -9.0   -9 -99.0 -99.0 -99.0 -99.0 -99.0
20260609 217  1.3  1148  20  3.5 1309   5  7.2 1308  18.5  27.8 1522  12.3  402  10.4  27.8  13.2  63.4  28.0 1524  12.6  -9.0  -9.0 -9.00  972.4 1008.2 1011.1  707 1004.6 1514  5.4  6.2 14.7 -9.0 -9.00 -9.00   -9   -9.0   -9.0 -9.00   -9.0   -9   -9.0   -9   -9.0   -9   -9.0   -9   -9.0   -9 -99.0 -99.0 -99.0 -99.0 -99.0
20260609 221  1.3  1134  25  4.1 1343  23  7.3 1251  18.6  26.8 1531  11.9  504  12.3  26.8   9.3  72.0  32.0 1451  14.4  -9.0  -9.0 -9.00  977.5 1007.9 1009.9  640 1005.3 1528  5.3  8.9 14.7 -9.0 -9.00 -9.00   -9    0.0   -9.0 -9.00    0.0   -9    0.0   -9   -9.0   -9   -9.0   -9   -9.0   -9 -99.0 -99.0 -99.0 -99.0 -99.0
20260609 226  0.9   814  29  2.8 1412  32  6.7 1320  20.3  27.6 1446  12.4  533  11.5  26.6   6.9  62.1  31.0 1434  13.7  -9.0  -9.0 -9.00  988.4 1008.2 1009.9  645 1006.0 1553  5.9 11.0 14.6 -9.0 -9.00 -9.00   -9   -9.0   -9.0 -9.00   -9.0   -9   -9.0   -9   -9.0   -9   -9.0   -9   -9.0   -9 -99.0 -99.0 -99.0 -99.0 -99.0
20260609 232  1.1   980  34  3.7 1558  34  7.3 1557  20.4  27.7 1532  12.7  517  11.2  29.7   9.1  60.8  29.0 1343  13.5  -9.0  -9.0 -9.00  998.9 1008.7 1010.0  912 1006.8 1545  3.3 11.6 14.6 -9.0 -9.00 -9.00   -9   -9.0   -9.0 -9.00   -9.0   -9   -9.0   -9   -9.0   -9   -9.0   -9   -9.0   -9 -99.0 -99.0 -99.0 -99.0 -99.0
20260609 235  1.5  1267  20  4.1 1317  20  5.9 1317  19.7  24.9 1500  13.3  415  13.1  26.6   9.3  68.0  41.0 1646  15.2   6.7   4.7 -9.00 1007.0 1008.2 1009.2 2105 1007.0 1445  5.1 11.4 14.6 -9.0 28.50  3.49 1200    0.0   -9.0 -9.00    0.0   -9    0.0   -9   -9.0   -9   -9.0   -9   -9.0   -9 -99.0 -99.0 -99.0 -99.0 -99.0
20260609 236  1.0   852  27  3.6 1700  27  5.8 1657  20.3  28.0 1442  13.0  532  12.5  27.6   9.6  64.9  38.0 1451  14.7  -9.0  -9.0 -9.00 1007.1 1008.7 1010.0  838 1006.8 1533  5.4  9.8 14.6 -9.0 -9.00 -9.00   -9    0.0   -9.0 -9.00    0.0   -9    0.0   -9   -9.0   -9   -9.0   -9   -9.0   -9 -99.0 -99.0 -99.0 -99.0 -99.0
20260609 238  0.9   811  25  2.5 1403  36  5.5 1517  20.5  27.9 1523  13.2  453  13.0  27.4   8.8  66.8  32.0 1523  15.0  -9.0  -9.0 -9.00  988.2 1007.7 1009.4  701 1005.5 1609  6.0  9.9 14.6 -9.0 -9.00 -9.00   -9   -9.0   -9.0 -9.00   -9.0   -9   -9.0   -9   -9.0   -9   -9.0   -9   -9.0   -9 -99.0 -99.0 -99.0 -99.0 -99.0
20260609 239  1.4  1221  34  4.0 1728  27  7.0 1725  20.5  28.2 1605  13.9  449  12.7  28.4  11.4  64.4  31.0 1600  14.7   7.4   5.2 -9.00  997.3 1007.7 1009.2  705 1005.3 1548  5.8 11.0 14.6 -9.0 27.32  3.39 1200    0.0   -9.0 -9.00    0.0   -9    0.0   -9   -9.0   -9   -9.0   -9   -9.0   -9 -99.0 -99.0 -99.0 -99.0 -99.0
20260609 243  1.3  1133  29  4.1 1722  32  7.2 1616  20.0  26.3 1351  14.5  529  13.5  25.4  10.3  68.8  43.0 1646  15.5  -9.0  -9.0 -9.00 1007.4 1008.8 1010.2 2230 1007.6 1543  5.4 11.4 14.5 -9.0 -9.00 -9.00   -9   -9.0   -9.0 -9.00   -9.0   -9   -9.0   -9   -9.0   -9   -9.0   -9   -9.0   -9 -99.0 -99.0 -99.0 -99.0 -99.0
20260609 244  1.0   886  34  3.1 1848  36  5.8 1847  20.1  27.0 1426  14.1  608  12.2  24.4  11.3  65.4  35.0 1646  14.3  -9.0  -9.0 -9.00  979.7 1008.0 1009.9 2259 1005.6 1613  5.0 10.3 14.5 -9.0 -9.00 -9.00   -9   -9.0   -9.0 -9.00   -9.0   -9   -9.0   -9   -9.0   -9   -9.0   -9   -9.0   -9 -99.0 -99.0 -99.0 -99.0 -99.0
20260609 245  1.6  1400  27  4.0 1738  34  6.9 1549  20.4  28.3 1509  13.8  501  12.7  26.8  10.5  64.9  27.0 1629  14.7   7.6   5.3 -9.00 1000.6 1008.6 1010.2 2220 1006.7 1548  5.5 11.6 14.5 -9.0 26.53  3.31 1200   -9.0   -9.0 -9.00   -9.0   -9   -9.0   -9   -9.0   -9   -9.0   -9   -9.0   -9 -99.0 -99.0 -99.0 -99.0 -99.0
20260609 247  1.3  1096  32  3.5 1628  32  6.1 1649  20.7  28.5 1519  14.0  501  13.7  23.1  13.3  69.3  33.0 1521  15.7  -9.0  -9.0 -9.00  992.5 1007.9 1009.6  738 1005.4 1600  5.8 10.2 14.5 -9.0 -9.00 -9.00   -9   -9.0   -9.0 -9.00   -9.0   -9   -9.0   -9   -9.0   -9   -9.0   -9   -9.0   -9 -99.0 -99.0 -99.0 -99.0 -99.0
20260609 248  1.2  1049  36  3.6 1206  36  5.9 1444  18.6  26.1 1358  11.7  358  11.7  23.8   8.8  69.6  30.0 1459  13.8  -9.0  -9.0 -9.00  962.0 1008.4 1010.4  738 1005.7 1629  5.8 10.0 14.5 -9.0 -9.00 -9.00   -9   -9.0   -9.0 -9.00   -9.0   -9   -9.0   -9   -9.0   -9   -9.0   -9   -9.0   -9 -99.0 -99.0 -99.0 -99.0 -99.0
20260609 251  1.3  1108  29  4.6 1703  29  6.7 1659  19.7  28.0 1538  13.5  431  13.5  24.6  10.9  71.1  38.0 1622  15.5   7.0   4.9 -9.00 1002.8 1008.6 1010.2 2244 1006.5 1551  5.1 11.9 14.5 -9.0 26.37  3.45 1300   -9.0   -9.0 -9.00   -9.0   -9   -9.0   -9   -9.0   -9   -9.0   -9   -9.0   -9 -99.0 -99.0 -99.0 -99.0 -99.0
20260609 252  1.1   949  36  3.8 1552  25  5.5 1419  19.6  26.7 1343  14.1  539  13.3  24.3  11.1  69.9  44.0 1331  15.3   7.1   5.0 -9.00 1004.4 1008.7 1009.9 2300 1007.2 1540  4.4 10.7 14.5 -9.0 28.34  3.69 1100   -9.0   -9.0 -9.00   -9.0   -9   -9.0   -9   -9.0   -9   -9.0   -9   -9.0   -9 -99.0 -99.0 -99.0 -99.0 -99.0
20260609 253  1.2  1054  18  3.5 1556  18  6.4 1553  20.4  26.4 1243  16.5  505  15.8  23.7  14.8  76.5  52.0 1322  18.0   4.8   3.4 -9.00 1002.5 1008.9 1009.8  747 1007.5   41  6.1  6.2 14.5 -9.0 18.97  2.36 1200   -9.0   -9.0 -9.00   -9.0   -9   -9.0   -9   -9.0   -9   -9.0   -9   -9.0   -9 -99.0 -99.0 -99.0 -99.0 -99.0
20260609 254  1.5  1281   7  4.4 1915  25  7.0 1914  20.4  28.4 1556  13.8  515  11.1  26.3  11.9  60.9  24.0 1634  13.3   7.7   5.4 -9.00  993.7 1008.7 1010.4 2338 1006.2 1600  4.4 10.4 14.5 -9.0 26.44  3.64 1300   -9.0   -9.0 -9.00   -9.0   -9   -9.0   -9   -9.0   -9   -9.0   -9   -9.0   -9 -99.0 -99.0 -99.0 -99.0 -99.0
20260609 255  0.9   767  32  3.1 1104  29  5.4 1057  21.3  26.5 1441  17.0  527  15.8  22.3  13.3  72.1  55.0 1232  18.0   4.5   3.2 -9.00 1002.0 1007.8 1009.1 2313 1006.4 1640  6.8  7.6 14.5 -9.0 18.29  2.11  900   -9.0   -9.0 -9.00   -9.0   -9   -9.0   -9   -9.0   -9   -9.0   -9   -9.0   -9 -99.0 -99.0 -99.0 -99.0 -99.0
20260609 257  1.6  1405  14  3.0 1552   5  6.1  613  21.4  27.2 1341  17.5 2329  16.3  23.0  14.6  73.9  50.0 1345  18.5   5.1   3.5 -9.00 1007.3 1008.0 1009.2  801 1006.8 1518  6.0  5.1 14.5 -9.0 19.29  2.94 1100    0.0   -9.0 -9.00    0.0   -9    0.0   -9   -9.0   -9   -9.0   -9   -9.0   -9 -99.0 -99.0 -99.0 -99.0 -99.0
20260609 258  2.4  2071  20  4.4 1443  20  6.5 1404  21.1  26.4 1402  17.0  429  15.7  23.2  14.9  72.6  49.0 1354  17.9   6.7   4.7 -9.00 1008.5 1008.7 1010.2 2251 1007.6 1537  5.4  8.5 14.4 -9.0 25.43  3.64 1200   -9.0   -9.0 -9.00   -9.0   -9   -9.0   -9   -9.0   -9   -9.0   -9   -9.0   -9 -99.0 -99.0 -99.0 -99.0 -99.0
20260609 259  1.2  1056  20  3.2 1326  25  6.1 1325  20.6  27.6 1305  15.3  521  15.2  25.4  13.6  73.5  44.0 1256  17.3   6.6   4.6 -9.00 1006.6 1008.4 1010.0 2216 1007.1 1528  5.0  8.9 14.4 -9.0 25.85  3.27 1400   -9.0   -9.0 -9.00   -9.0   -9   -9.0   -9   -9.0   -9   -9.0   -9   -9.0   -9 -99.0 -99.0 -99.0 -99.0 -99.0
20260609 260  2.2  1871  14  6.0 1507  14  8.1 1507  20.3  26.3 1141  15.6  419  16.3  25.8  12.5  79.5  52.0 1124  18.6  -9.0  -9.0 -9.00 1003.3 1008.4 1010.0 2219 1007.0 1542  5.3  9.2 14.4 -9.0 -9.00 -9.00   -9   -9.0   -9.0 -9.00   -9.0   -9   -9.0   -9   -9.0   -9   -9.0   -9   -9.0   -9 -99.0 -99.0 -99.0 -99.0 -99.0
20260609 261  1.8  1514  20  5.4 1548  25  8.2 1525  20.4  26.5 1336  14.9  512  16.0  25.2  11.7  77.5  52.0 1257  18.3  -9.0  -9.0 -9.00 1007.1 1009.0 1010.6 2227 1007.6 1522  4.8 10.1 14.4 -9.0 -9.00 -9.00   -9   -9.0   -9.0 -9.00   -9.0   -9   -9.0   -9   -9.0   -9   -9.0   -9   -9.0   -9 -99.0 -99.0 -99.0 -99.0 -99.0
20260609 262  1.2   998  20  3.2 1442  27  5.5 1323  20.0  26.6 1251  14.3  522  15.3  23.9  16.4  76.8  49.0 1301  17.4   5.2   3.6 -9.00 1002.2 1008.3 1009.8 2246 1007.2  208  5.3  8.4 14.4 -9.0 20.09  2.44 1200   -9.0   -9.0 -9.00   -9.0   -9   -9.0   -9   -9.0   -9   -9.0   -9   -9.0   -9 -99.0 -99.0 -99.0 -99.0 -99.0
20260609 263  1.2  1008  20  3.6 1708  18  6.3 1707  20.2  27.1 1434  13.6  509  15.9  25.1  11.6  78.9  43.0 1446  18.2   5.7   4.0 -9.00 1006.5 1008.1 1009.5  731 1006.3 1559  5.9  6.6 14.5 -9.0 23.05  3.66 1200   -9.0   -9.0 -9.00   -9.0   -9   -9.0   -9   -9.0   -9   -9.0   -9   -9.0   -9 -99.0 -99.0 -99.0 -99.0 -99.0
20260609 264  1.0   874  16  3.1 1739  16  5.5 1735  20.1  28.8 1612  12.8  507  14.7  23.7  11.9  74.9  35.0 1622  16.7   7.4   5.2 -9.00  990.5 1008.1 1010.0  728 1005.2 1615  6.1 10.8 14.5 -9.0 28.16  3.71 1200   -9.0   -9.0 -9.00   -9.0   -9   -9.0   -9   -9.0   -9   -9.0   -9   -9.0   -9 -99.0 -99.0 -99.0 -99.0 -99.0
20260609 266  1.2  1069  20  3.1 1452  14  5.2 1239  21.0  26.9 1258  15.7  529  15.5  25.8  12.7  72.4  46.0 1409  17.7   6.0   4.2 -9.00  998.4 1008.5 1010.0 2153 1007.4 1531  6.1  7.8 14.5 -9.0 23.66  3.51 1200   -9.0   -9.0 -9.00   -9.0   -9   -9.0   -9   -9.0   -9   -9.0   -9   -9.0   -9 -99.0 -99.0 -99.0 -99.0 -99.0
20260609 268  1.8  1551  32  5.0 1305  32  7.5 1257  19.7  25.8 1504  14.4 2359  14.7  24.0  14.5  74.5  50.0 1118  16.7  -9.0  -9.0 -9.00 1006.6 1007.8 1009.3 2216 1006.5 1530  4.4 11.0 14.4 -9.0 -9.00 -9.00   -9   -9.0   -9.0 -9.00   -9.0   -9   -9.0   -9   -9.0   -9   -9.0   -9   -9.0   -9 -99.0 -99.0 -99.0 -99.0 -99.0
20260609 271  1.1   954  32  3.4 1247  32  7.5 1242  18.9  26.8 1432  11.9  512  11.5  26.1   8.5  66.6  31.0 1435  13.6  -9.0  -9.0 -9.00  970.7 1007.9 1010.2  640 1005.0 1431  6.3  7.6 14.6 -9.0 -9.00 -9.00   -9    0.0   -9.0 -9.00    0.0   -9    0.0   -9   -9.0   -9   -9.0   -9   -9.0   -9 -99.0 -99.0 -99.0 -99.0 -99.0
20260609 272  2.1  1836  29  7.6 1855  32 12.3 1852  19.7  27.6 1510  13.2  514  12.9  29.0  10.0  70.0  32.0 1609  15.0  -9.0  -9.0 -9.00  983.3 1007.6 1009.2  707 1005.0 1656  6.4 11.0 14.6 -9.0 -9.00 -9.00   -9    1.5   -9.0 -9.00    1.5 1903    1.2 1947   -9.0   -9   -9.0   -9   -9.0   -9 -99.0 -99.0 -99.0 -99.0 -99.0
20260609 273  1.3  1097  29  3.3 2345  29  6.3 2249  20.8  28.0 1455  13.2  427  12.6  27.5   9.5  62.6  33.0 1447  14.7  -9.0  -9.0 -9.00  987.2 1007.0 1008.8  724 1004.8 1559  5.9 10.2 14.6 -9.0 -9.00 -9.00   -9   -9.0   -9.0 -9.00   -9.0   -9   -9.0   -9   -9.0   -9   -9.0   -9   -9.0   -9 -99.0 -99.0 -99.0 -99.0 -99.0
20260609 276  1.4  1204  27  3.9 1450  29  6.7 1438  19.8  28.1 1607  12.5  519  13.1  29.9   9.2  70.8  28.0 1419  15.2   7.0   4.9 -9.00  983.3 1007.3 1009.3  640 1004.4 1551  6.6  9.9 14.6 -9.0 26.65  3.53 1200   -9.0   -9.0 -9.00   -9.0   -9   -9.0   -9   -9.0   -9   -9.0   -9   -9.0   -9 -99.0 -99.0 -99.0 -99.0 -99.0
20260609 277  1.5  1272  14  3.7 1337  16  6.9 1248  18.3  23.7 1410  13.4  450  14.5  29.5  10.2  79.9  57.0 1034  16.5  -9.0  -9.0 -9.00 1003.6 1008.3 1009.6  905 1007.1 1732  5.8 11.4 14.6 -9.0 -9.00 -9.00   -9   -9.0   -9.0 -9.00   -9.0   -9   -9.0   -9   -9.0   -9   -9.0   -9   -9.0   -9 -99.0 -99.0 -99.0 -99.0 -99.0
20260609 278  1.0   860  29  3.0 1607  29  5.8 1719  20.8  28.6 1536  13.0  521  13.2  28.7   9.4  66.1  33.0 1707  15.2  -9.0  -9.0 -9.00  997.4 1006.8 1008.5  706 1004.3 1644  6.0 10.4 14.6 -9.0 -9.00 -9.00   -9   -9.0   -9.0 -9.00   -9.0   -9   -9.0   -9   -9.0   -9   -9.0   -9   -9.0   -9 -99.0 -99.0 -99.0 -99.0 -99.0
20260609 279  0.9   816  27  2.7 1502   9  4.9 1041  22.8  29.2 1512  15.5  509  12.2  30.0  11.7  54.8  31.0 1530  14.3   7.3   5.1 -9.00 1001.8 1007.5 1009.1  809 1005.3 1657  6.1 11.2 14.6 -9.0 26.79  3.42 1100   -9.0   -9.0 -9.00   -9.0   -9   -9.0   -9   -9.0   -9   -9.0   -9   -9.0   -9 -99.0 -99.0 -99.0 -99.0 -99.0
20260609 281  1.1   963  16  2.2 1226  11  4.4 1811  20.3  27.4 1506  14.3  524  14.1  27.8  11.8  71.4  37.0 1512  16.2  -9.0  -9.0 -9.00  997.2 1008.3 1010.2  800 1006.0 1727  6.4  8.3 14.6 -9.0 -9.00 -9.00   -9   -9.0   -9.0 -9.00   -9.0   -9   -9.0   -9   -9.0   -9   -9.0   -9   -9.0   -9 -99.0 -99.0 -99.0 -99.0 -99.0
20260609 283  1.8  1524  18  5.0 1703  16  7.2 1648  20.2  27.0 1416  15.1  512  14.9  25.2  11.9  74.5  38.0 1410  16.9   6.4   4.5 -9.00 1003.8 1008.4 1010.1  803 1006.5 1546  6.4  8.3 14.5 -9.0 24.71  3.75 1200   -9.0   -9.0 -9.00   -9.0   -9   -9.0   -9   -9.0   -9   -9.0   -9   -9.0   -9 -99.0 -99.0 -99.0 -99.0 -99.0
20260609 284  1.2  1011  14  4.0 1459  11  5.4 1455  19.4  27.3 1404  12.0  505  14.3  24.8   8.7  74.8  43.0 1401  16.4   6.3   4.4 -9.00  980.7 1006.9 1008.6  729 1004.5 1623  6.3 10.1 14.5 -9.0 25.02  3.64 1200   -9.0   -9.0 -9.00   -9.0   -9   -9.0   -9   -9.0   -9   -9.0   -9   -9.0   -9 -99.0 -99.0 -99.0 -99.0 -99.0
20260609 285  0.8   657  20  2.3 1800  18  5.6 1808  20.6  27.1 1414  14.1  609  15.6  25.0  13.9  76.3  43.0 1612  17.8  -9.0  -9.0 -9.00 1005.0 1008.1 1009.7  736 1006.2 1704  5.6  8.6 14.5 -9.0 -9.00 -9.00   -9   -9.0   -9.0 -9.00   -9.0   -9   -9.0   -9   -9.0   -9   -9.0   -9   -9.0   -9 -99.0 -99.0 -99.0 -99.0 -99.0
20260609 288  1.3  1146  16  4.0 1657  14  7.5 1719  20.9  28.2 1345  15.4  459  15.3  24.6  15.1  72.6  41.0 1346  17.4   5.8   4.1 -9.00 1005.7 1006.7 1008.0  740 1004.8 1626  6.0  6.8 14.5 -9.0 21.69  3.61 1200   -9.0   -9.0 -9.00   -9.0   -9   -9.0   -9   -9.0   -9   -9.0   -9   -9.0   -9 -99.0 -99.0 -99.0 -99.0 -99.0
20260609 289  1.1   943   7  2.8 1824  11  7.1 1908  19.9  27.4 1412  13.4  533  14.9  25.1  12.1  76.5  42.0 1404  17.0  -9.0  -9.0 -9.00  992.8 1008.8 1010.5  736 1006.5 1618  5.8  8.6 14.5 -9.0 -9.00 -9.00   -9   -9.0   -9.0 -9.00   -9.0   -9   -9.0   -9   -9.0   -9   -9.0   -9   -9.0   -9 -99.0 -99.0 -99.0 -99.0 -99.0
20260609 294  1.2  1013   9  3.3 1720  11  6.1 1227  19.6  24.5 1346  15.7 2359  14.7  25.7  12.6  74.6  55.0 1652  16.8  -9.0  -9.0 -9.00 1003.6 1008.8 1010.0 2207 1007.3   17  6.5  8.2 14.4 -9.0 -9.00 -9.00   -9   -9.0   -9.0 -9.00   -9.0   -9   -9.0   -9   -9.0   -9   -9.0   -9   -9.0   -9 -99.0 -99.0 -99.0 -99.0 -99.0
20260609 295  1.3  1127  23  3.2 1540  23  5.7 1552  20.3  25.3 1409  16.5  510  15.0  25.6  13.8  72.1  53.0 1306  17.0  -9.0  -9.0 -9.00 1003.0 1008.3 1009.5 2146 1007.2   21  6.4  8.7 14.5 -9.0 -9.00 -9.00   -9   -9.0   -9.0 -9.00   -9.0   -9   -9.0   -9   -9.0   -9   -9.0   -9   -9.0   -9 -99.0 -99.0 -99.0 -99.0 -99.0
20260609 296  2.0  1722  18  3.8 1554  20  5.8 1838  20.8  26.1 1254  16.7 2400  16.2  22.3  12.3  76.5  52.0 1307  18.4   5.0   3.5 -9.00 1007.1 1007.5 1008.6 2227 1006.2   28  6.0  5.8 14.5 -9.0 19.76  2.82 1200   -9.0   -9.0 -9.00   -9.0   -9   -9.0   -9   -9.0   -9   -9.0   -9   -9.0   -9 -99.0 -99.0 -99.0 -99.0 -99.0
20260610  90  2.0  1689  14  5.2 1749  14  7.6 1748  19.9  23.5  934  16.6  438  14.0  25.1  13.8  69.6  48.0   43  16.1   5.9   4.1 -9.00 1005.5 1007.6 1008.9 2220 1006.5   52  4.1 10.7 14.8 -9.0 23.56  2.91 1400   -9.0   -9.0 -9.00   -9.0   -9   -9.0   -9   -9.0   -9   -9.0   -9   -9.0   -9 -99.0 -99.0 -99.0 -99.0 -99.0
20260610  93  1.3  1111  27  4.6 1625  18  7.1 1505  20.1  27.0 1545  12.9  436  13.6  26.4  11.8  69.6  40.0 1548  15.6   6.3   4.4 -9.00  997.5 1008.5 1010.1 2309 1006.2 1715  3.5 10.3 14.8 -9.0 23.85  3.08 1100    0.0    0.0  0.88    0.0   -9    0.0   -9   -9.0   -9   -9.0   -9   -9.0   -9  22.5  21.2  19.0  14.6  13.0
20260610  95  1.1   961  23  4.6 1826  25  9.1 1818  19.1  25.7 1504  13.2  538  14.1  24.0  11.9  76.1  43.0 1505  16.2   5.9   4.1 -9.00  990.9 1008.9 1010.6 2254 1006.5 1703  2.9  7.9 14.8 -9.0 23.75  3.29 1300    0.6    0.6 -9.00    0.6 1816    0.6 1906   -9.0   -9   -9.0   -9   -9.0   -9 -99.0 -99.0 -99.0 -99.0 -99.0
20260610  98  1.1   992  27  4.0 1825  25  8.3 1845  20.6  27.7 1415  15.1  247  12.6  27.9  12.3  62.4  35.0 1406  14.7   7.4   5.2 -9.00  995.1 1008.5 1010.3 2310 1006.4 1614  2.4  7.9 14.7 -9.0 25.38  3.45 1100   -9.0   -9.0 -9.00   -9.0   -9   -9.0   -9   -9.0   -9   -9.0   -9   -9.0   -9 -99.0 -99.0 -99.0 -99.0 -99.0
20260610  99  1.1   974  27  3.1 1448  27  6.5 1758  19.6  26.8 1508  13.6   55  14.4  27.1  11.6  73.9  45.0 1516  16.4   6.2   4.3 -9.00 1005.7 1009.3 1011.1 2340 1007.6 1615  3.0  8.2 14.8 -9.0 24.62  3.45 1100   -9.0   -9.0 -9.00   -9.0   -9   -9.0   -9   -9.0   -9   -9.0   -9   -9.0   -9 -99.0 -99.0 -99.0 -99.0 -99.0
20260610 100  3.1  2649  27  6.5 1106  27 11.9 1634  15.5  21.8 1529  10.8  621  10.7  19.4   7.9  74.9  48.0 1356  12.9   5.1   3.6 -9.00  921.2 1008.1 1011.1 2249 1005.2 1529  2.3  8.4 14.7 -9.0 22.18  2.97 1000    0.4   -9.0 -9.00    0.4 1623    0.3 1622   -9.0   -9   -9.0   -9   -9.0   -9 -99.0 -99.0 -99.0 -99.0 -99.0
20260610 101  1.6  1384  20  3.9 1415  20  6.0 1403  20.2  26.4 1633  13.2  525  13.1  25.5   9.7  66.6  41.0 1637  15.1   6.4   4.5 -9.00  998.8 1007.6 1009.2 2324 1005.2 1610  3.1  8.6 14.8 -9.0 22.72  3.59 1200   -9.0   -9.0 -9.00   -9.0   -9   -9.0   -9   -9.0   -9   -9.0   -9   -9.0   -9  22.2  19.6  17.6  15.0  15.0
20260610 102  2.7  2360  32  5.3 1547  34  6.8 1445  16.5  18.9 1305  14.1  444  14.6  24.1  12.1  89.3  74.0 1306  16.6   6.2   4.3  8.92 1004.2 1008.5 1010.1 2248 1006.8  303  3.4 10.8 14.8 -9.0 30.18  3.70 1200   -9.0   -9.0 -9.00   -9.0   -9   -9.0   -9   -9.0   -9   -9.0   -9   -9.0   -9 -99.0 -99.0 -99.0 -99.0 -99.0
20260610 104  1.2  1025   5  3.2 1038  11  4.9 1534  19.7  24.8 1021  14.7  359  14.0  23.5  11.3  70.6  46.0 1003  16.0   5.4   3.8 -9.00  997.9 1006.6 1008.2 2323 1005.7   28  4.5  9.1 14.7 -9.0 21.89  2.76 1200    0.0   -9.0  0.17    0.0   -9    0.0   -9   -9.0   -9   -9.0   -9   -9.0   -9  20.9  19.3  17.6  13.9  13.3
20260610 105  1.9  1630  23  3.5   47  25  6.3  620  21.3  25.6 1019  17.9 2257  11.8  25.3  14.6  55.4  39.0 1035  13.9   5.8   4.0 -9.00 1004.4 1007.6 1009.1 2244 1006.6  234  4.3  8.1 14.7 -9.0 19.66  2.56  900   -9.0   -9.0 -9.00   -9.0   -9   -9.0   -9   -9.0   -9   -9.0   -9   -9.0   -9  22.0  20.2  19.1  15.5  14.7
20260610 106  1.8  1533  32  4.0  245  32  7.1  527  20.7  26.2 1022  16.8 2336  13.3  26.2  11.8  64.1  41.0  936  15.4   5.2   3.6 -9.00 1003.3 1008.0 1009.2 2248 1006.6  147  4.5  8.2 14.7 -9.0 20.92  3.15 1000   -9.0   -9.0 -9.00   -9.0   -9   -9.0   -9   -9.0   -9   -9.0   -9   -9.0   -9 -99.0 -99.0 -99.0 -99.0 -99.0
20260610 108  2.5  2174  25  5.1 1557  23  9.2 1421  21.6  26.9 1410  17.9  359  13.8  28.1  11.5  63.4  35.0 1545  15.8   7.7   5.4 -9.00  998.8 1008.7 1010.6 2300 1007.1 1616  3.0  9.8 14.7 -9.0 26.06  3.41 1300    0.6   -9.0  1.08    0.6  420    0.3  438   -9.0   -9   -9.0   -9   -9.0   -9  22.1  20.0  19.0  15.1  13.7
20260610 112  2.7  2321  20  5.1 1521  23  8.1 1543  20.0  23.6 1444  17.4 2327  16.7  24.7  15.0  82.6  66.0 1347  19.1   6.4   4.5 -9.00 1001.0 1009.0 1010.5 2227 1007.8  348  2.0 10.5 14.7 -9.0 28.06  3.56 1200   -9.0   -9.0 -9.00   -9.0   -9   -9.0   -9   -9.0   -9   -9.0   -9   -9.0   -9  20.9  19.7  14.4  17.3  13.6
20260610 114  1.9  1604  29  4.1 1704  29  8.0 1541  21.1  26.9 1606  15.7  625  13.9  25.5  11.5  64.6  36.0 1705  15.9   5.6   4.0 -9.00  991.3 1008.6 1010.5 2324 1006.2 1623  4.0  8.5 14.7 -9.0 21.58  2.28 1200    1.9   -9.0 -9.00    1.9 1347    1.9 1437   -9.0   -9   -9.0   -9   -9.0   -9 -99.0 -99.0 -99.0 -99.0 -99.0
20260610 115  2.7  2355  23  5.2  148  25  8.4  154  20.2  24.4 1255  17.6  322  15.7  25.2  13.9  76.4  53.0 1604  17.9   6.5   4.5 -9.00  982.6 1008.0 1009.6 2151 1007.0  235  2.1 10.1 14.7 -9.0 25.77  3.46 1200   -9.0   -9.0 -9.00   -9.0   -9   -9.0   -9   -9.0   -9   -9.0   -9   -9.0   -9  19.6  17.1  16.1  12.7  13.2
20260610 119  2.4  2073  25  5.5 1611  25  8.8 1557  20.6  26.2 1459  15.9  208  14.1  31.3  12.1  68.6  38.0 1511  16.1   7.2   5.1 -9.00 1004.2 1008.9 1010.7 2305 1007.4 1708  1.8 11.7 14.7 -9.0 27.60  3.55 1200    0.1   -9.0  0.17    0.1   -9    0.1   -9   -9.0   -9   -9.0   -9   -9.0   -9  22.2  19.6  17.5  13.6  12.8
20260610 121  1.4  1197  36  3.8 1613   5  8.2 1610  17.7  25.7 1513  12.5  534  13.9  25.0  10.5  81.0  45.0 1359  15.9   4.8   3.4 -9.00  981.5 1009.3 1011.2  700 1006.9 1521  2.4  7.7 14.7 -9.0 21.32  3.09 1000    6.2   -9.0 -9.00    6.2 1526    4.7 1612   -9.0   -9   -9.0   -9   -9.0   -9 -99.0 -99.0 -99.0 -99.0 -99.0
20260610 127  1.6  1350  20  6.0 1443  20  9.9 1435  20.2  26.8 1407  14.1  233  12.1  23.2  12.6  61.5  40.0 1408  14.1   5.9   4.1 -9.00  995.0 1008.3 1010.0 2310 1006.3 1709  3.9  7.7 14.7 -9.0 22.10  3.25 1100    0.0   -9.0 -9.00    0.0   -9    0.0   -9   -9.0   -9   -9.0   -9   -9.0   -9 -99.0 -99.0 -99.0 -99.0 -99.0
20260610 129  2.4  2089  23  4.9 1309  23  7.4 1301  20.9  25.1 1459  17.1  101  15.7  29.0  12.8  73.8  48.0 1501  17.9   6.4   4.5 -9.00 1006.7 1009.6 1011.1 2332 1008.7  431  2.8  9.1 14.6 -9.0 25.63  3.34 1200    0.0   -9.0 -9.00    0.0   -9    0.0   -9   -9.0   -9   -9.0   -9   -9.0   -9  22.0  19.7  19.8  14.4  14.9
20260610 130  1.6  1380  11  4.5 1112  11  5.4 1157  20.1  24.8  948  16.1  452  14.4  25.5  13.2  71.3  41.0 1603  16.4  -9.0  -9.0 -9.00 1002.4 1008.1 1009.4 2254 1006.9  141  5.3  8.4 14.7 -9.0 -9.00 -9.00   -9    0.0   -9.0 -9.00    0.0   -9    0.0   -9   -9.0   -9   -9.0   -9   -9.0   -9 -99.0 -99.0 -99.0 -99.0 -99.0
20260610 131  1.6  1385  27  3.3 1459  27  8.3 1452  22.7  28.4 1504  18.5  616  10.2  29.7  11.9  46.6  25.0 1807  12.5   6.8   4.7 -9.00 1002.0 1008.7 1010.5 2303 1007.1 1530  5.6  8.9 14.6 -9.0 22.96  3.08 1000    0.0    0.0  0.33    0.0   -9    0.0   -9   -9.0   -9   -9.0   -9   -9.0   -9 -99.0 -99.0 -99.0 -99.0 -99.0
20260610 133  1.8  1596  20  4.1 1025  20  7.7 1357  21.8  27.3 1546  15.9  525  11.0  28.3  12.4  52.3  28.0 1738  13.3   7.0   4.9 -9.00 1001.7 1009.5 1011.2 2400 1008.1 1521  4.0  9.4 14.6 -9.0 25.55  3.12 1000   -9.0   -9.0 -9.00   -9.0   -9   -9.0   -9   -9.0   -9   -9.0   -9   -9.0   -9  24.2  22.4  20.1  16.5  15.8
20260610 135  2.6  2257  29  6.2 1622  27 10.2 1213  19.5  26.2 1413  13.1  236   9.5  25.4  10.5  54.5  30.0 1911  11.9   8.3   5.8 -9.00  980.7 1008.8 1011.0 2400 1006.9 1554  1.9 11.8 14.6 -9.0 27.54  3.50 1100   -9.0   -9.0 -9.00   -9.0   -9   -9.0   -9   -9.0   -9   -9.0   -9   -9.0   -9 -99.0 -99.0 -99.0 -99.0 -99.0
20260610 136  1.5  1299  27  4.5 1310  27  9.2 1224  20.7  27.2 1336  13.8  534  12.6  28.9  11.6  62.5  39.0 1339  14.7   6.5   4.5 -9.00  993.0 1009.3 1010.8 2245 1007.9 1507  2.8  8.7 14.6 -9.0 23.70  3.60 1100   -9.0   -9.0 -9.00   -9.0   -9   -9.0   -9   -9.0   -9   -9.0   -9   -9.0   -9 -99.0 -99.0 -99.0 -99.0 -99.0
20260610 137  1.5  1306  27  4.9 1337  27 11.3 1348  22.3  28.0 1308  16.3  317  10.7  26.8  11.6  48.4  36.0 1348  13.0   7.3   5.1 -9.00  996.8 1007.9 1009.5 2358 1006.3 1539  2.1 10.5 14.6 -9.0 25.88  3.61 1200    0.0   -9.0 -9.00    0.0   -9    0.0   -9   -9.0   -9   -9.0   -9   -9.0   -9 -99.0 -99.0 -99.0 -99.0 -99.0
20260610 138  2.2  1924  29  5.8 1452  29  9.7 1305  23.2  29.2 1428  17.5  523  12.7  25.6  14.0  55.6  25.0 1433  14.9   8.4   5.9 -9.00 1007.1 1007.5 1009.1 2225 1005.6 1545  4.5 10.8 14.6 -9.0 25.31  3.42 1100   -9.0   -9.0 -9.00   -9.0   -9   -9.0   -9   -9.0   -9   -9.0   -9   -9.0   -9  21.1  18.9  17.8  15.8  15.7
20260610 140  2.6  2209  27  5.8 1336  27  7.4 1335  21.0  25.2 1528  14.9  544  14.8  29.3  11.2  69.8  29.0 1802  17.0  -9.0  -9.0 -9.00 1007.4 1010.7 1012.0 2339 1009.5  259  2.1 11.5 14.6 -9.0 -9.00 -9.00   -9   -9.0   -9.0 -9.00   -9.0   -9   -9.0   -9   -9.0   -9   -9.0   -9   -9.0   -9 -99.0 -99.0 -99.0 -99.0 -99.0
20260610 143  2.1  1806  27  5.1 1221  27  8.8 1215  23.4  29.2 1626  16.6  526  10.5  26.9  13.2  48.9  26.0 1518  12.9   8.7   6.1 -9.00 1001.7 1007.9 1009.3 2347 1006.0 1525  2.9 10.8 14.5 -9.0 24.95  3.42 1100   -9.0   -9.0 -9.00   -9.0   -9   -9.0   -9   -9.0   -9   -9.0   -9   -9.0   -9 -99.0 -99.0 -99.0 -99.0 -99.0
20260610 146  2.2  1932  27  4.9 1228  27  8.3 1314  21.6  27.3 1301  15.3  547  12.0  27.9  10.1  57.1  30.0 1706  14.2   7.6   5.3 -9.00 1002.9 1009.9 1011.4 2243 1008.5   59  2.3  9.4 14.5 -9.0 24.38  3.03 1000   -9.0   -9.0 -9.00   -9.0   -9   -9.0   -9   -9.0   -9   -9.0   -9   -9.0   -9 -99.0 -99.0 -99.0 -99.0 -99.0
20260610 152  1.7  1438  23  3.7 2006  25  6.5  922  22.1  28.2 1404  15.3  356  12.6  23.3  11.9  58.5  29.0 1307  14.7   7.4   5.2 -9.00  998.3 1007.7 1009.0 2354 1006.1 1621  3.4 10.3 14.5 -9.0 24.99  3.30 1200   -9.0   -9.0 -9.00   -9.0   -9   -9.0   -9   -9.0   -9   -9.0   -9   -9.0   -9 -99.0 -99.0 -99.0 -99.0 -99.0
20260610 155  1.4  1193  23  4.2 1707  25  7.3 1532  22.6  29.0 1354  15.9  423  14.4  29.9  12.8  62.5  37.0 1337  16.5   7.2   5.0 -9.00 1004.7 1008.7 1010.2 2251 1007.4 1456  2.8 10.9 14.5 -9.0 25.76  3.48 1200   -9.0   -9.0 -9.00   -9.0   -9   -9.0   -9   -9.0   -9   -9.0   -9   -9.0   -9 -99.0 -99.0 -99.0 -99.0 -99.0
20260610 156  1.7  1429  23  4.2 1323  25  8.0 1458  22.2  27.7 1322  15.9  510  10.5  26.3   9.4  51.0  20.0 1701  12.9   7.4   5.2 -9.00 1001.9 1010.0 1011.6 2359 1008.8  234  2.8  9.5 14.5 -9.0 24.43  3.04 1000   -9.0   -9.0 -9.00   -9.0   -9   -9.0   -9   -9.0   -9   -9.0   -9   -9.0   -9 -99.0 -99.0 -99.0 -99.0 -99.0
20260610 159  3.4  2943  23  6.6 1416  29 10.6 1638  23.1  28.6 1234  17.9  407  13.9  26.6  12.6  58.3  36.0 1139  16.0   9.1   6.4 -9.00 1000.2 1008.1 1009.4 2250 1007.0 1533  2.8 10.9 14.5 -9.0 28.91  3.65 1200   -9.0   -9.0 -9.00   -9.0   -9   -9.0   -9   -9.0   -9   -9.0   -9   -9.0   -9  22.0  20.7  19.8  16.2  16.9
20260610 162  1.9  1627  25  5.3 1310  20  7.7 1545  22.0  27.6 1356  15.9  517  14.2  27.9  11.9  64.4  38.0 1303  16.3   7.9   5.5 -9.00 1004.8 1008.4 1009.9 2303 1007.1  331  2.8 10.5 14.5 -9.0 28.59  3.64 1200   -9.0   -9.0 -9.00   -9.0   -9   -9.0   -9   -9.0   -9   -9.0   -9   -9.0   -9 -99.0 -99.0 -99.0 -99.0 -99.0
20260610 165  2.1  1823  32  5.3 1256  34  7.2 1254  21.1  25.4 1303  16.2  406  12.8  24.8  10.7  64.0  29.0 1756  15.1   7.3   5.1 -9.00 1005.4 1010.6 1011.9 2359 1008.9  310  3.3 10.0 14.4 -9.0 26.96  3.56 1200   -9.0   -9.0 -9.00   -9.0   -9   -9.0   -9   -9.0   -9   -9.0   -9   -9.0   -9  22.2  21.1  19.1  16.6  15.1
20260610 168  2.9  2505  23  7.0 1432  27  9.7 1330  22.7  27.6 1302  17.9  542  12.3  27.1  17.0  55.3  27.0 2013  14.6   9.6   6.7 -9.00 1002.0 1009.6 1011.2 2307 1008.1  252  2.6 11.6 14.5 -9.0 28.62  3.67 1200   -9.0   -9.0 -9.00   -9.0   -9   -9.0   -9   -9.0   -9   -9.0   -9   -9.0   -9  23.2  21.1  19.2  16.6  16.6
20260610 169  2.7  2357  20  5.8 2103  23  9.1 2055  20.0  23.9 1423  15.3  517  15.5  25.4  14.0  76.5  43.0  409  17.9   5.6   3.9 -9.00 1001.7 1010.4 1011.6 2308 1008.6  308  3.8 11.3 14.4 -9.0 24.63  3.10 1400   -9.0   -9.0 -9.00   -9.0   -9   -9.0   -9   -9.0   -9   -9.0   -9   -9.0   -9 -99.0 -99.0 -99.0 -99.0 -99.0
20260610 170  2.1  1792  29  4.3 1406  32  8.6 1419  22.1  28.5 1245  15.2  551  10.4  26.4  12.2  50.9  28.0 1557  12.8   8.6   6.0 -9.00 1006.4 1010.5 1012.0 2312 1008.8  311  2.4 11.9 14.4 -9.0 28.74  3.56 1200   -9.0   -9.0 -9.00   -9.0   -9   -9.0   -9   -9.0   -9   -9.0   -9   -9.0   -9 -99.0 -99.0 -99.0 -99.0 -99.0
20260610 172  2.1  1807  29  4.5 1318  29  6.6 1256  20.6  26.8 1507  13.1  538   9.4  24.4   8.0  54.5  22.0 1511  12.0   8.1   5.7 -9.00 1003.8 1009.9 1011.3 2237 1008.7  203  2.4 10.8 14.5 -9.0 26.62  3.16 1000   -9.0   -9.0 -9.00   -9.0   -9   -9.0   -9   -9.0   -9   -9.0   -9   -9.0   -9 -99.0 -99.0 -99.0 -99.0 -99.0
20260610 174  1.4  1246  32  4.1 1303  29  7.9 1431  18.6  27.0 1414  11.4  538  10.3  25.2  10.6  63.6  27.0 1314  12.5  -9.0  -9.0 -9.00  989.4 1008.5 1010.7 2328 1006.9 1443  3.1 10.5 14.5 -9.0 -9.00 -9.00   -9   -9.0   -9.0 -9.00   -9.0   -9   -9.0   -9   -9.0   -9   -9.0   -9   -9.0   -9 -99.0 -99.0 -99.0 -99.0 -99.0
20260610 177  3.0  2629  20  5.8 1039  20  9.7 1334  21.3  25.8 1426  16.8  436  15.6  28.4  14.9  71.4  46.0 1627  17.8   7.4   5.2 -9.00 1005.0 1008.2 1009.7 2353 1007.1 1620  2.3 11.5 14.6 -9.0 28.56  3.41 1100    0.0   -9.0  0.50    0.0   -9    0.0   -9   -9.0   -9   -9.0   -9   -9.0   -9 -99.0 -99.0 -99.0 -99.0 -99.0
20260610 181  2.1  1827  25  5.0 1327  23  9.1 1325  21.2  27.2 1438  15.0  432  11.2  27.8  10.6  54.9  29.0 1731  13.4   6.6   4.6 -9.00 1005.5 1009.3 1011.1 2356 1007.8 1548  5.0  8.5 14.6 -9.0 22.67  2.90 1000   -9.0   -9.0 -9.00   -9.0   -9   -9.0   -9   -9.0   -9   -9.0   -9   -9.0   -9 -99.0 -99.0 -99.0 -99.0 -99.0
20260610 184  2.3  1952  34  3.8 1718  29  5.0 1758  22.0  26.8 1700  17.7  543  10.9  28.9  13.8  51.3  26.0 1633  13.3   8.5   5.9 -9.00 1008.1 1010.5 1011.8 2314 1008.7  129  2.8 11.8 14.3 -9.0 28.59  3.69 1200   -9.0   -9.0 -9.00   -9.0   -9   -9.0   -9   -9.0   -9   -9.0   -9   -9.0   -9  22.9  22.0  21.5  19.2  16.6
20260610 185  3.7  3228  27  6.8 1044  32  9.0 1055  20.6  23.8 1448  18.0  528  15.6  25.7  14.9  75.5  42.0 1152  17.9   7.0   4.9 -9.00 1002.5 1010.7 1012.5 2239 1008.9  244  1.5 12.0 14.3 -9.0 29.91  3.73 1200   -9.0   -9.0 -9.00   -9.0   -9   -9.0   -9   -9.0   -9   -9.0   -9   -9.0   -9 -99.0 -99.0 -99.0 -99.0 -99.0
20260610 188  2.0  1745  18  4.5 1527  34  8.2 1026  21.4  27.6 1336  16.2  413  13.5  23.8  12.6  63.9  28.0 1316  15.7  -9.0  -9.0 -9.00 1008.4 1010.7 1012.5 2244 1009.0  233  1.0 11.2 14.3 -9.0 -9.00 -9.00   -9   -9.0   -9.0 -9.00   -9.0   -9   -9.0   -9   -9.0   -9   -9.0   -9   -9.0   -9 -99.0 -99.0 -99.0 -99.0 -99.0
20260610 189  1.2  1068  23  3.3  933  25  4.7  932  22.9  27.8 1502  17.5  511  13.4  25.1  15.2  56.5  35.0 1508  15.7   7.6   5.3 -9.00 1004.7 1010.7 1012.4 2242 1008.9  259  1.4 11.1 14.3 -9.0 28.92  3.63 1200   -9.0   -9.0 -9.00   -9.0   -9   -9.0   -9   -9.0   -9   -9.0   -9   -9.0   -9 -99.0 -99.0 -99.0 -99.0 -99.0
20260610 192  1.0   825  25  3.5 1629  25  5.9 1623  21.1  28.8 1455  14.6  557  13.4  29.4  13.5  65.8  31.0 1508  15.4   6.8   4.7 -9.00 1005.7 1009.1 1010.7 2333 1007.5 1458  3.0 11.2 14.5 -9.0 25.67  3.51 1200   -9.0   -9.0 -9.00   -9.0   -9   -9.0   -9   -9.0   -9   -9.0   -9   -9.0   -9 -99.0 -99.0 -99.0 -99.0 -99.0
20260610 201  2.3  1990  25  5.2 1608  25  8.1 1605  18.8  23.0 1255  15.8  240  16.4  25.0  12.0  87.3  65.0 1411  18.7  -9.0  -9.0 -9.00 1004.0 1009.5 1011.1 2316 1008.4  358  1.8  9.3 14.7 -9.0 -9.00 -9.00   -9    2.5   -9.0 -9.00    2.5  303    2.4  353   -9.0   -9   -9.0   -9   -9.0   -9 -99.0 -99.0 -99.0 -99.0 -99.0
20260610 202  1.5  1331  25  4.6 1440  23  9.1 1628  21.0  27.5 1427  15.4  619  12.5  29.3  13.0  60.9  33.0 1702  14.5  -9.0  -9.0 -9.00 1003.5 1009.0 1010.6 2358 1007.0 1552  3.9  9.5 14.7 -9.0 -9.00 -9.00   -9    0.3   -9.0 -9.00    0.3  439    0.2   -9   -9.0   -9   -9.0   -9   -9.0   -9 -99.0 -99.0 -99.0 -99.0 -99.0
20260610 203  1.5  1257  23  3.5 1320  25  8.8 1436  21.8  28.5 1308  15.8  604  13.8  29.9  13.7  63.4  37.0 1519  15.9  -9.0  -9.0 -9.00 1000.1 1009.3 1011.2 2319 1007.5 1547  2.4  7.5 14.7 -9.0 -9.00 -9.00   -9   -9.0   -9.0 -9.00   -9.0   -9   -9.0   -9   -9.0   -9   -9.0   -9   -9.0   -9 -99.0 -99.0 -99.0 -99.0 -99.0
20260610 211  1.3  1156  18  3.8 1118  20  8.2 1033  18.6  25.4 1603  12.2  342  12.7  25.7   7.6  72.3  41.0 1608  14.7  -9.0  -9.0 -9.00  984.7 1008.0 1010.2 2344 1005.3 1622  5.1  9.3 14.8 -9.0 -9.00 -9.00   -9   19.3   -9.0 -9.00    9.4 2248    4.1 2048   -9.0   -9   -9.0   -9   -9.0   -9 -99.0 -99.0 -99.0 -99.0 -99.0
20260610 212  1.2  1068  29  3.1 1619  25  7.0 1652  20.0  26.5 1710  13.8  509  11.8  24.7  12.2  62.0  34.0 1638  13.9  -9.0  -9.0 -9.00  992.8 1009.0 1010.6  605 1006.5 1632  4.0  9.3 14.7 -9.0 -9.00 -9.00   -9   -9.0   -9.0 -9.00   -9.0   -9   -9.0   -9   -9.0   -9   -9.0   -9   -9.0   -9 -99.0 -99.0 -99.0 -99.0 -99.0
20260610 216  1.2  1023  32  3.5 1132  29  8.8 1002  17.1  23.0 1312  12.1  401   9.8  20.6  10.4  64.0  39.0 1147  12.1   5.3   3.7 -9.00  927.9 1008.1 1010.5 2203 1006.0 1311  2.5  7.7 14.7 -9.0 20.28  3.12 1000    0.0   -9.0 -9.00    0.0   -9    0.0   -9   -9.0   -9   -9.0   -9   -9.0   -9 -99.0 -99.0 -99.0 -99.0 -99.0
20260610 217  1.4  1179  16  4.5 1654  29  8.1 1336  16.7  25.6 1314  10.4  511  11.2  21.0  10.0  72.8  37.0 1325  13.3  -9.0  -9.0 -9.00  973.2 1009.3 1011.3 2308 1006.4 1723  3.4  7.2 14.7 -9.0 -9.00 -9.00   -9    0.6   -9.0 -9.00    0.3  714    0.3  717   -9.0   -9   -9.0   -9   -9.0   -9 -99.0 -99.0 -99.0 -99.0 -99.0
20260610 221  1.6  1389  20  4.7 1602  20  8.4 1558  18.7  25.4 1506  12.2  512  13.1  26.7   9.7  73.4  41.0 1459  15.1  -9.0  -9.0 -9.00  978.3 1008.8 1010.9 2351 1006.5 1621  3.5  9.7 14.7 -9.0 -9.00 -9.00   -9   -9.0   -9.0 -9.00   -9.0   -9   -9.0   -9   -9.0   -9   -9.0   -9   -9.0   -9 -99.0 -99.0 -99.0 -99.0 -99.0
20260610 226  1.3  1137  27  4.3 1650  23  8.3 1529  19.8  26.2 1507  12.3  526  11.0  26.0   7.0  59.8  36.0 1827  13.2  -9.0  -9.0 -9.00  989.7 1009.5 1011.4 2358 1007.6 1530  3.4  9.8 14.6 -9.0 -9.00 -9.00   -9   -9.0   -9.0 -9.00   -9.0   -9   -9.0   -9   -9.0   -9   -9.0   -9   -9.0   -9 -99.0 -99.0 -99.0 -99.0 -99.0
20260610 232  1.4  1223  25  4.0 1512  29  7.8 1520  20.6  26.5 1210  14.4  452  12.9  27.4  11.7  63.8  42.0 1803  15.0  -9.0  -9.0 -9.00  999.9 1009.7 1011.5 2358 1008.2 1602  3.9  8.7 14.6 -9.0 -9.00 -9.00   -9    0.4   -9.0 -9.00    0.4   -9    0.4 1314   -9.0   -9   -9.0   -9   -9.0   -9 -99.0 -99.0 -99.0 -99.0 -99.0
20260610 235  2.1  1821  20  5.5 1335  23  8.3 1334  20.0  24.0 1518  15.6  316  16.5  26.3  12.0  80.8  67.0    1  19.0   5.5   3.9 -9.00 1008.2 1009.4 1010.6 2341 1008.2  339  2.8  9.7 14.6 -9.0 24.59  3.00 1400   -9.0   -9.0 -9.00   -9.0   -9   -9.0   -9   -9.0   -9   -9.0   -9   -9.0   -9 -99.0 -99.0 -99.0 -99.0 -99.0
20260610 236  1.3  1099  20  3.7 1327  23  7.7 1306  20.1  26.9 1558  13.9  448  13.4  27.9  10.3  68.5  31.0 1624  15.4  -9.0  -9.0 -9.00 1008.5 1010.0 1011.5 2351 1009.0    1  3.0  9.3 14.6 -9.0 -9.00 -9.00   -9   -9.0   -9.0 -9.00   -9.0   -9   -9.0   -9   -9.0   -9   -9.0   -9   -9.0   -9 -99.0 -99.0 -99.0 -99.0 -99.0
20260610 238  1.3  1111  23  4.1 1440  20  7.9 1433  20.3  27.1 1516  13.1  506  10.8  27.7   8.0  58.0  29.0 1652  13.1  -9.0  -9.0 -9.00  989.6 1009.2 1010.9 2333 1007.5 1519  3.4 10.7 14.6 -9.0 -9.00 -9.00   -9    0.0   -9.0 -9.00    0.0   -9    0.0   -9   -9.0   -9   -9.0   -9   -9.0   -9 -99.0 -99.0 -99.0 -99.0 -99.0
20260610 239  1.4  1212  29  3.7 1536  32  7.2 1553  20.6  26.1 1523  15.1  504  11.7  27.9  12.5  58.8  29.0 1705  13.8   6.3   4.4 -9.00  998.5 1008.8 1010.6 2259 1007.2 1557  4.1  9.6 14.6 -9.0 24.43  3.07 1000   -9.0   -9.0 -9.00   -9.0   -9   -9.0   -9   -9.0   -9   -9.0   -9   -9.0   -9 -99.0 -99.0 -99.0 -99.0 -99.0
20260610 243  1.5  1293  27  4.4 1406  29  6.9 1353  21.2  26.3 1217  14.9  525  11.3  26.5  10.2  56.1  32.0 1705  13.5  -9.0  -9.0 -9.00 1008.8 1010.2 1011.4 2216 1009.0   42  2.8  9.7 14.5 -9.0 -9.00 -9.00   -9   -9.0   -9.0 -9.00   -9.0   -9   -9.0   -9   -9.0   -9   -9.0   -9   -9.0   -9 -99.0 -99.0 -99.0 -99.0 -99.0
20260610 244  1.3  1096  34  4.1 1549  32  7.8 1450  18.9  26.3 1336  11.0  511  10.2  23.1   8.1  61.1  31.0 1608  12.5  -9.0  -9.0 -9.00  981.3 1009.8 1011.6 2340 1008.2 1455  3.5 10.4 14.5 -9.0 -9.00 -9.00   -9   -9.0   -9.0 -9.00   -9.0   -9   -9.0   -9   -9.0   -9   -9.0   -9   -9.0   -9 -99.0 -99.0 -99.0 -99.0 -99.0
20260610 245  1.8  1592  27  4.1 1252  29  7.0 1200  21.0  27.4 1503  13.3  521  10.1  27.7   8.8  52.5  24.0 1631  12.4   7.1   5.0 -9.00 1002.2 1010.1 1011.5 2242 1008.8  120  2.9  9.4 14.5 -9.0 24.15  3.15 1100   -9.0   -9.0 -9.00   -9.0   -9   -9.0   -9   -9.0   -9   -9.0   -9   -9.0   -9 -99.0 -99.0 -99.0 -99.0 -99.0
20260610 247  1.6  1369  32  4.1 1459  34  6.9 1502  20.2  27.5 1417  12.9  522  11.5  23.6  11.5  61.5  32.0 1419  13.6  -9.0  -9.0 -9.00  994.2 1009.7 1011.2 2250 1008.1 1445  3.9  9.1 14.5 -9.0 -9.00 -9.00   -9   -9.0   -9.0 -9.00   -9.0   -9   -9.0   -9   -9.0   -9   -9.0   -9   -9.0   -9 -99.0 -99.0 -99.0 -99.0 -99.0
20260610 248  1.2  1009  25  4.1 1612  34  8.0 1442  17.9  25.4 1342  10.4  531  10.2  23.5   7.3  65.4  32.0 1631  12.5  -9.0  -9.0 -9.00  963.5 1010.1 1012.2 2257 1008.0 1505  3.4 11.1 14.5 -9.0 -9.00 -9.00   -9   -9.0   -9.0 -9.00   -9.0   -9   -9.0   -9   -9.0   -9   -9.0   -9   -9.0   -9 -99.0 -99.0 -99.0 -99.0 -99.0
20260610 251 -9.0    -9  29  4.1 1251  34  6.8 1301 -99.0  26.8 1513  12.6  523 -99.0 -99.0   9.1  -9.0  27.0 1518  -9.0   5.9   4.1 -9.00   -9.0   -9.0 1011.6 2245 1008.9 1756  2.4 -9.0 14.5 -9.0 -9.00  2.87 1000   -9.0   -9.0 -9.00   -9.0   -9   -9.0   -9   -9.0   -9   -9.0   -9   -9.0   -9 -99.0 -99.0 -99.0 -99.0 -99.0
20260610 252  1.3  1095  23  3.7 1245  23  6.0 1239  20.4  26.6 1316  13.1  510  11.0  24.0   9.1  59.4  26.0 1624  13.3   7.1   4.9 -9.00 1005.9 1010.2 1011.4 2232 1008.8  202  2.5  9.6 14.5 -9.0 25.95  3.12 1200   -9.0   -9.0 -9.00   -9.0   -9   -9.0   -9   -9.0   -9   -9.0   -9   -9.0   -9 -99.0 -99.0 -99.0 -99.0 -99.0
20260610 253  1.6  1367  29  5.1 1455  32  8.5 1506  23.1  29.8 1418  15.9  521  14.1  26.4  13.6  60.8  31.0 1349  16.2   7.8   5.5 -9.00 1003.0 1009.3 1010.7 2339 1007.7 1527  3.4 10.4 14.5 -9.0 26.42  3.51 1200   -9.0   -9.0 -9.00   -9.0   -9   -9.0   -9   -9.0   -9   -9.0   -9   -9.0   -9 -99.0 -99.0 -99.0 -99.0 -99.0
20260610 254  1.8  1528  32  5.6 1451  32  8.2 1445  19.8  27.3 1337  11.8  539   8.6  26.1   9.3  53.4  25.0 1725  11.2   7.6   5.3 -9.00  995.4 1010.4 1011.9 2259 1008.9 1439  3.3  9.8 14.5 -9.0 25.15  3.19 1000   -9.0   -9.0 -9.00   -9.0   -9   -9.0   -9   -9.0   -9   -9.0   -9   -9.0   -9 -99.0 -99.0 -99.0 -99.0 -99.0
20260610 255  1.0   866  27  3.8 1349  27  8.5 1345  23.2  30.2 1501  16.3  523  14.2  25.1  12.2  59.8  30.0 1338  16.2   7.0   4.9 -9.00 1002.6 1008.5 1010.0 2400 1006.5 1531  2.9 11.3 14.5 -9.0 24.97  3.35 1200   -9.0   -9.0 -9.00   -9.0   -9   -9.0   -9   -9.0   -9   -9.0   -9   -9.0   -9 -99.0 -99.0 -99.0 -99.0 -99.0
20260610 257  1.8  1566  20  4.5 1533  20  9.1 1529  23.1  31.3 1422  16.1  435  14.7  27.7  13.1  64.0  31.0 1333  16.8   7.9   5.6 -9.00 1007.7 1008.4 1010.0 2345 1006.7 1528  3.0  9.1 14.5 -9.0 26.39  3.44 1200   -9.0   -9.0 -9.00   -9.0   -9   -9.0   -9   -9.0   -9   -9.0   -9   -9.0   -9 -99.0 -99.0 -99.0 -99.0 -99.0
20260610 258  2.9  2517  34  5.8 1439  34  8.4 1430  22.0  28.6 1407  15.1  508  12.2  23.3  13.0  57.3  28.0 1315  14.2   8.7   6.1 -9.00 1010.0 1010.2 1011.9 2307 1008.8  213  3.3 12.0 14.5 -9.0 28.03  3.57 1200   -9.0   -9.0 -9.00   -9.0   -9   -9.0   -9   -9.0   -9   -9.0   -9   -9.0   -9 -99.0 -99.0 -99.0 -99.0 -99.0
20260610 259  1.3  1149  29  3.8 1528  32  7.1 1525  21.2  28.7 1324  13.2  520  11.0  24.9  10.9  57.8  27.0 1434  13.2   7.5   5.2 -9.00 1008.3 1010.1 1011.8 2306 1008.8  301  2.4 11.3 14.4 -9.0 26.57  3.28 1100   -9.0   -9.0 -9.00   -9.0   -9   -9.0   -9   -9.0   -9   -9.0   -9   -9.0   -9 -99.0 -99.0 -99.0 -99.0 -99.0
20260610 260  1.4  1231   2  4.5 1534   2  7.4 1533  20.5  28.1 1416  13.4  431  11.9  27.3   9.2  63.0  27.0 1244  14.0  -9.0  -9.0 -9.00 1005.0 1010.1 1011.9 2304 1008.9  302  2.8 11.7 14.4 -9.0 -9.00 -9.00   -9   -9.0   -9.0 -9.00   -9.0   -9   -9.0   -9   -9.0   -9   -9.0   -9   -9.0   -9 -99.0 -99.0 -99.0 -99.0 -99.0
20260610 261  1.7  1498  23  6.9 1351  23 10.6 1347  20.1  27.0 1244  12.9  517  12.7  25.8   9.2  66.4  32.0 1251  14.7  -9.0  -9.0 -9.00 1008.8 1010.8 1012.4 2311 1009.4  330  2.4 11.9 14.4 -9.0 -9.00 -9.00   -9   -9.0   -9.0 -9.00   -9.0   -9   -9.0   -9   -9.0   -9   -9.0   -9   -9.0   -9 -99.0 -99.0 -99.0 -99.0 -99.0
20260610 262  1.6  1352  27  4.4 1413  29  8.2 1504  20.6  28.3 1329  12.8  532  11.6  25.2  14.6  62.1  27.0 1458  13.7   7.4   5.2 -9.00 1003.9 1009.9 1011.5 2307 1008.4  233  3.1 11.4 14.4 -9.0 25.73  3.07 1100   -9.0   -9.0 -9.00   -9.0   -9   -9.0   -9   -9.0   -9   -9.0   -9   -9.0   -9 -99.0 -99.0 -99.0 -99.0 -99.0
20260610 263  1.5  1322  32  5.2 1457  34  9.0 1457  21.4  28.9 1402  14.5  457  14.1  26.4  12.0  67.9  33.0 1403  16.2   7.3   5.1 -9.00 1007.3 1008.9 1010.5 2358 1007.4 1504  3.5  8.7 14.5 -9.0 26.20  3.68 1200   -9.0   -9.0 -9.00   -9.0   -9   -9.0   -9   -9.0   -9   -9.0   -9   -9.0   -9 -99.0 -99.0 -99.0 -99.0 -99.0
20260610 264  1.6  1382  29  5.3 1214  29 10.3 1208  19.6  27.4 1356  12.1  521  11.9  22.7  10.9  65.8  32.0 1354  13.9   7.6   5.3 -9.00  992.0 1009.6 1011.6 2351 1007.9 1453  2.9 10.6 14.5 -9.0 27.26  3.48 1100   -9.0   -9.0 -9.00   -9.0   -9   -9.0   -9   -9.0   -9   -9.0   -9   -9.0   -9 -99.0 -99.0 -99.0 -99.0 -99.0
20260610 266  1.3  1155  27  3.6 1327  27  7.0 1620  22.2  28.9 1451  15.9  537  12.7  30.9  13.0  60.0  28.0 1510  15.0   7.8   5.4 -9.00  999.6 1009.7 1011.5 2347 1008.3  245  2.3 11.3 14.5 -9.0 27.50  3.54 1200   -9.0   -9.0 -9.00   -9.0   -9   -9.0   -9   -9.0   -9   -9.0   -9   -9.0   -9 -99.0 -99.0 -99.0 -99.0 -99.0
20260610 268  1.2  1010  32  3.0 1439  32  6.6 1419  19.2  25.9 1201  11.7  512  10.6  23.0  12.1  63.3  30.0 1102  12.9  -9.0  -9.0 -9.00 1008.4 1009.6 1011.0 2251 1008.1  301  2.1 12.8 14.4 -9.0 -9.00 -9.00   -9   -9.0   -9.0 -9.00   -9.0   -9   -9.0   -9   -9.0   -9   -9.0   -9   -9.0   -9 -99.0 -99.0 -99.0 -99.0 -99.0
20260610 271  1.3  1161  29  4.5 1428  23  8.5 1426  17.8  26.6 1503   9.9  507  11.5  25.2   6.8  71.8  31.0 1511  13.6  -9.0  -9.0 -9.00  971.6 1009.0 1011.2 2258 1006.4 1501  1.8  8.5 14.7 -9.0 -9.00 -9.00   -9    0.3   -9.0 -9.00    0.3 1558    0.3 1620   -9.0   -9   -9.0   -9   -9.0   -9 -99.0 -99.0 -99.0 -99.0 -99.0
20260610 272  2.6  2278  32  6.4 1315  32 10.4 1142  19.6  25.8 1335  12.4  310  12.5  24.5   9.9  66.4  41.0 1342  14.6  -9.0  -9.0 -9.00  984.2 1008.5 1010.3 2331 1007.0 1354  3.3  9.6 14.7 -9.0 -9.00 -9.00   -9    0.0   -9.0 -9.00    0.0   -9    0.0   -9   -9.0   -9   -9.0   -9   -9.0   -9 -99.0 -99.0 -99.0 -99.0 -99.0
20260610 273  1.5  1326  32  4.4 1539  32  7.7 1539  20.2  26.5 1249  14.9  523  11.8  26.1  10.4  59.8  40.0 1141  13.9  -9.0  -9.0 -9.00  988.2 1008.2 1010.0 2400 1006.7 1735  2.9  8.7 14.6 -9.0 -9.00 -9.00   -9    0.0   -9.0 -9.00    0.0   -9    0.0   -9   -9.0   -9   -9.0   -9   -9.0   -9 -99.0 -99.0 -99.0 -99.0 -99.0
20260610 276  1.6  1399  27  4.6 1126  29  8.6 1418  19.5  26.5 1425  13.4  556  12.0  28.0  10.1  67.0  34.0 1434  14.1   6.0   4.2 -9.00  984.1 1008.1 1010.2 2342 1006.1 1541  2.8  6.9 14.6 -9.0 19.91  3.14 1000    0.0   -9.0 -9.00    0.0   -9    0.0   -9   -9.0   -9   -9.0   -9   -9.0   -9 -99.0 -99.0 -99.0 -99.0 -99.0
20260610 277  2.7  2313  29  6.1 1056  29 10.5 1055  20.7  29.3 1246  14.2  441  13.3  28.1  12.3  66.1  33.0 1321  15.4  -9.0  -9.0 -9.00 1003.2 1007.9 1009.3 2157 1006.7 1346  3.5  9.5 14.6 -9.0 -9.00 -9.00   -9   -9.0   -9.0 -9.00   -9.0   -9   -9.0   -9   -9.0   -9   -9.0   -9   -9.0   -9 -99.0 -99.0 -99.0 -99.0 -99.0
20260610 278  1.5  1256  29  5.0 1456  32  9.0 1453  20.6  29.1 1329  12.3  512  12.2  27.3   7.9  63.3  32.0 1330  14.2  -9.0  -9.0 -9.00  998.3 1007.8 1009.4 2350 1006.0 1511  2.8 11.0 14.6 -9.0 -9.00 -9.00   -9   -9.0   -9.0 -9.00   -9.0   -9   -9.0   -9   -9.0   -9   -9.0   -9   -9.0   -9 -99.0 -99.0 -99.0 -99.0 -99.0
20260610 279  1.5  1273  27  4.0 1256  27  8.0 1214  22.7  29.7 1534  15.6  514  10.0  29.8  11.4  47.1  28.0 1808  12.3   8.2   5.8 -9.00 1002.8 1008.4 1010.1 2346 1006.5 1527  1.9 11.6 14.6 -9.0 25.95  3.10 1100   -9.0   -9.0 -9.00   -9.0   -9   -9.0   -9   -9.0   -9   -9.0   -9   -9.0   -9 -99.0 -99.0 -99.0 -99.0 -99.0
20260610 281  1.6  1356  27  4.3 1245  32  8.0 1409  21.5  29.0 1413  13.8  530  12.1  29.2   9.5  60.6  30.0 1414  14.2  -9.0  -9.0 -9.00  997.7 1008.8 1010.3 2351 1006.8 1533  3.9 10.6 14.6 -9.0 -9.00 -9.00   -9   -9.0   -9.0 -9.00   -9.0   -9   -9.0   -9   -9.0   -9   -9.0   -9   -9.0   -9 -99.0 -99.0 -99.0 -99.0 -99.0
20260610 283  2.1  1851  29  4.7 1052  34  9.2 1159  22.2  29.1 1617  14.7  516  13.5  25.7  10.4  63.1  34.0 1238  15.5   7.7   5.4 -9.00 1003.9 1008.5 1010.0 2234 1006.8 1621  3.6 10.1 14.5 -9.0 24.75  3.52 1100   -9.0   -9.0 -9.00   -9.0   -9   -9.0   -9   -9.0   -9   -9.0   -9   -9.0   -9 -99.0 -99.0 -99.0 -99.0 -99.0
20260610 284  1.9  1684  32  6.2 1202  29 10.0 1159  19.7  27.5 1545  12.6  533  11.9  25.3   9.7  65.5  37.0 1153  14.0   7.8   5.5 -9.00  982.0 1008.3 1010.4 2356 1006.1 1506  2.5 11.8 14.5 -9.0 27.10  3.55 1100   -9.0   -9.0 -9.00   -9.0   -9   -9.0   -9   -9.0   -9   -9.0   -9   -9.0   -9 -99.0 -99.0 -99.0 -99.0 -99.0
20260610 285  1.0   868  25  2.9 1820  27  6.1 1323  21.9  29.1 1329  15.1  600  13.5  26.5  14.1  64.0  31.0 1335  15.5  -9.0  -9.0 -9.00 1005.9 1009.0 1010.4  750 1007.5 1501  4.3  9.0 14.5 -9.0 -9.00 -9.00   -9   -9.0   -9.0 -9.00   -9.0   -9   -9.0   -9   -9.0   -9   -9.0   -9   -9.0   -9 -99.0 -99.0 -99.0 -99.0 -99.0
20260610 288  1.5  1295  29  4.2 1649  32  8.5 1647  22.6  30.1 1611  15.4  519  14.1  27.3  15.1  63.5  31.0 1617  16.2   7.8   5.5 -9.00 1006.3 1007.2 1008.8 2359 1005.4 1516  3.0 10.7 14.5 -9.0 26.90  3.35 1200   -9.0   -9.0 -9.00   -9.0   -9   -9.0   -9   -9.0   -9   -9.0   -9   -9.0   -9 -99.0 -99.0 -99.0 -99.0 -99.0
20260610 289  1.8  1529  27  5.8 1235  27  9.9 1221  20.5  27.7 1437  13.6  559  12.3  25.2  12.0  64.3  33.0 1213  14.4  -9.0  -9.0 -9.00  994.0 1010.0 1011.7 2347 1008.5 1435  3.0 11.0 14.5 -9.0 -9.00 -9.00   -9   -9.0   -9.0 -9.00   -9.0   -9   -9.0   -9   -9.0   -9   -9.0   -9   -9.0   -9 -99.0 -99.0 -99.0 -99.0 -99.0
20260610 294  1.5  1329  20  4.4 1606  16  8.7 1602  21.6  27.6 1237  14.9  507  13.6  30.1  11.1  62.5  38.0 1106  15.6  -9.0  -9.0 -9.00 1004.5 1009.7 1011.0 2256 1008.1  330  2.3 11.5 14.5 -9.0 -9.00 -9.00   -9   -9.0   -9.0 -9.00   -9.0   -9   -9.0   -9   -9.0   -9   -9.0   -9   -9.0   -9 -99.0 -99.0 -99.0 -99.0 -99.0
20260610 295  1.5  1309  29  4.3 1306  27  6.5 1303  22.3  28.5 1254  16.0  523  12.7  27.6  12.3  58.4  26.0 1258  14.9  -9.0  -9.0 -9.00 1004.1 1009.4 1011.0 2351 1007.9  318  2.1 10.5 14.5 -9.0 -9.00 -9.00   -9   -9.0   -9.0 -9.00   -9.0   -9   -9.0   -9   -9.0   -9   -9.0   -9   -9.0   -9 -99.0 -99.0 -99.0 -99.0 -99.0
20260610 296  1.7  1486  18  6.0 1535  16 10.0 1441  21.9  30.0 1403  14.5  512  15.6  24.2   9.8  70.3  32.0 1419  17.7   7.2   5.1 -9.00 1007.6 1007.9 1009.4 2310 1006.3 1528  3.0  9.5 14.5 -9.0 25.72  3.22 1100   -9.0   -9.0 -9.00   -9.0   -9   -9.0   -9   -9.0   -9   -9.0   -9   -9.0   -9 -99.0 -99.0 -99.0 -99.0 -99.0
20260611  90 -9.0    -9   9  3.5 1017  11  5.8  654 -99.0  23.0  934  17.0  416 -99.0 -99.0  14.5  -9.0  58.0  954  -9.0  -9.0  -9.0 -9.00   -9.0   -9.0 1009.8 1028 1008.3  308 -9.0 -9.0 14.8 -9.0 -9.00 -9.00   -9   -9.0   -9.0 -9.00   -9.0   -9   -9.0   -9   -9.0   -9   -9.0   -9   -9.0   -9 -99.0 -99.0 -99.0 -99.0 -99.0
20260611  93 -9.0    -9  18  1.7  911  27  3.2  931 -99.0  23.6 1103  13.7  547 -99.0 -99.0  12.5  -9.0  57.0 1039  -9.0  -9.0  -9.0 -9.00   -9.0   -9.0 1011.6  706 1010.0    1 -9.0 -9.0 14.8 -9.0 -9.00 -9.00   -9   -9.0   -9.0 -9.00   -9.0   -9   -9.0   -9   -9.0   -9   -9.0   -9   -9.0   -9  22.6  21.2  19.0  14.8  13.0
20260611  95 -9.0    -9  25  2.3 1054  25  4.5 1053 -99.0  22.8 1107  13.0  505 -99.0 -99.0  11.4  -9.0  58.0 1054  -9.0  -9.0  -9.0 -9.00   -9.0   -9.0 1011.9  618 1010.4    1 -9.0 -9.0 14.8 -9.0 -9.00 -9.00   -9   -9.0   -9.0 -9.00   -9.0   -9   -9.0   -9   -9.0   -9   -9.0   -9   -9.0   -9 -99.0 -99.0 -99.0 -99.0 -99.0
20260611  98 -9.0    -9  25  2.0 1042  25  4.4 1042 -99.0  25.4 1105  13.8  445 -99.0 -99.0   9.6  -9.0  45.0 1051  -9.0  -9.0  -9.0 -9.00   -9.0   -9.0 1011.6  904 1010.2    1 -9.0 -9.0 14.8 -9.0 -9.00 -9.00   -9   -9.0   -9.0 -9.00   -9.0   -9   -9.0   -9   -9.0   -9   -9.0   -9   -9.0   -9 -99.0 -99.0 -99.0 -99.0 -99.0
20260611  99 -9.0    -9  32  1.8 1114  34  4.2 1112 -99.0  24.3 1109  12.8  455 -99.0 -99.0  10.1  -9.0  55.0 1110  -9.0  -9.0  -9.0 -9.00   -9.0   -9.0 1012.6  853 1010.8  154 -9.0 -9.0 14.8 -9.0 -9.00 -9.00   -9   -9.0   -9.0 -9.00   -9.0   -9   -9.0   -9   -9.0   -9   -9.0   -9   -9.0   -9 -99.0 -99.0 -99.0 -99.0 -99.0
20260611 100 -9.0    -9  27  4.2 1110  27  7.8 1110 -99.0  20.6 1101   9.1  503 -99.0 -99.0   5.5  -9.0  52.0 1103  -9.0  -9.0  -9.0 -9.00   -9.0   -9.0 1011.8  535 1008.4 1101 -9.0 -9.0 14.7 -9.0 -9.00 -9.00   -9   -9.0   -9.0 -9.00   -9.0   -9   -9.0   -9   -9.0   -9   -9.0   -9   -9.0   -9 -99.0 -99.0 -99.0 -99.0 -99.0
20260611 101 -9.0    -9  23  2.2 1058  23  4.1 1107 -99.0  23.6 1105  14.1  535 -99.0 -99.0  10.4  -9.0  53.0 1111  -9.0  -9.0  -9.0 -9.00   -9.0   -9.0 1010.7  704 1009.1    1 -9.0 -9.0 14.8 -9.0 -9.00 -9.00   -9   -9.0   -9.0 -9.00   -9.0   -9   -9.0   -9   -9.0   -9   -9.0   -9   -9.0   -9  22.3  19.6  17.6  15.0  15.1
20260611 102 -9.0    -9  29  6.8 1012  32  9.3 1003 -99.0  20.9  953  16.2  240 -99.0 -99.0  11.8  -9.0  74.0  946  -9.0  -9.0  -9.0 -9.00   -9.0   -9.0 1011.2  917 1009.2  553 -9.0 -9.0 14.8 -9.0 -9.00 -9.00   -9   -9.0   -9.0 -9.00   -9.0   -9   -9.0   -9   -9.0   -9   -9.0   -9   -9.0   -9 -99.0 -99.0 -99.0 -99.0 -99.0
20260611 104 -9.0    -9  25  3.2  323  25  5.4  321 -99.0  25.4  920  15.8   30 -99.0 -99.0  12.0  -9.0  47.0  921  -9.0  -9.0  -9.0 -9.00   -9.0   -9.0 1008.4 1026 1007.3  307 -9.0 -9.0 14.7 -9.0 -9.00 -9.00   -9   -9.0   -9.0 -9.00   -9.0   -9   -9.0   -9   -9.0   -9   -9.0   -9   -9.0   -9  21.1  19.3  17.7  14.0  13.3
20260611 105 -9.0    -9  25  3.5  238  25  6.3  229 -99.0  25.4  939  18.4  100 -99.0 -99.0  13.1  -9.0  43.0  940  -9.0  -9.0  -9.0 -9.00   -9.0   -9.0 1009.4 1022 1008.3  313 -9.0 -9.0 14.7 -9.0 -9.00 -9.00   -9   -9.0   -9.0 -9.00   -9.0   -9   -9.0   -9   -9.0   -9   -9.0   -9   -9.0   -9  22.1  20.2  19.2  15.5  14.7
20260611 106 -9.0    -9  11  3.3 1019  14  5.7 1105 -99.0  25.3  903  16.1  318 -99.0 -99.0  10.9  -9.0  46.0  849  -9.0  -9.0  -9.0 -9.00   -9.0   -9.0 1009.8 1014 1008.5  332 -9.0 -9.0 14.7 -9.0 -9.00 -9.00   -9   -9.0   -9.0 -9.00   -9.0   -9   -9.0   -9   -9.0   -9   -9.0   -9   -9.0   -9 -99.0 -99.0 -99.0 -99.0 -99.0
20260611 108 -9.0    -9  27  3.3 1041  29  5.6 1037 -99.0  24.3 1107  16.2  549 -99.0 -99.0  10.3  -9.0  50.0 1106  -9.0  -9.0  -9.0 -9.00   -9.0   -9.0 1011.6 1003 1010.2  101 -9.0 -9.0 14.7 -9.0 -9.00 -9.00   -9   -9.0   -9.0 -9.00   -9.0   -9   -9.0   -9   -9.0   -9   -9.0   -9   -9.0   -9  22.3  20.1  19.1  15.2  13.7
20260611 112 -9.0    -9  23  4.2 1102  25  7.7 1046 -99.0  22.1 1040  16.1  505 -99.0 -99.0  12.4  -9.0  67.0 1108  -9.0  -9.0  -9.0 -9.00   -9.0   -9.0 1012.1 1049 1010.1   54 -9.0 -9.0 14.7 -9.0 -9.00 -9.00   -9   -9.0   -9.0 -9.00   -9.0   -9   -9.0   -9   -9.0   -9   -9.0   -9   -9.0   -9  21.2  19.7  14.5  17.4  13.6
20260611 114 -9.0    -9  29  2.9  945  32  5.6 1055 -99.0  23.8 1105  16.4  420 -99.0 -99.0  13.3  -9.0  51.0 1106  -9.0  -9.0  -9.0 -9.00   -9.0   -9.0 1011.1  602 1010.2   30 -9.0 -9.0 14.7 -9.0 -9.00 -9.00   -9   -9.0   -9.0 -9.00   -9.0   -9   -9.0   -9   -9.0   -9   -9.0   -9   -9.0   -9 -99.0 -99.0 -99.0 -99.0 -99.0
20260611 115 -9.0    -9  23  4.0   48  20  5.7  204 -99.0  24.8 1034  18.0    7 -99.0 -99.0  13.4  -9.0  65.0 1059  -9.0  -9.0  -9.0 -9.00   -9.0   -9.0 1009.3  835 1008.4  326 -9.0 -9.0 14.7 -9.0 -9.00 -9.00   -9   -9.0   -9.0 -9.00   -9.0   -9   -9.0   -9   -9.0   -9   -9.0   -9   -9.0   -9  19.8  17.2  16.2  12.7  13.2
20260611 119 -9.0    -9  23  3.5 1009  32  5.6 1055 -99.0  23.6 1105  14.5  526 -99.0 -99.0  11.3  -9.0  46.0 1108  -9.0  -9.0  -9.0 -9.00   -9.0   -9.0 1011.7  823 1010.4   54 -9.0 -9.0 14.7 -9.0 -9.00 -9.00   -9   -9.0   -9.0 -9.00   -9.0   -9   -9.0   -9   -9.0   -9   -9.0   -9   -9.0   -9  22.2  19.7  17.6  13.6  12.8
20260611 121 -9.0    -9  27  2.7 1102  27  5.2 1101 -99.0  23.5 1025  13.8  502 -99.0 -99.0  12.1  -9.0  54.0 1113  -9.0  -9.0  -9.0 -9.00   -9.0   -9.0 1012.4  624 1010.3 1107 -9.0 -9.0 14.7 -9.0 -9.00 -9.00   -9   -9.0   -9.0 -9.00   -9.0   -9   -9.0   -9   -9.0   -9   -9.0   -9   -9.0   -9 -99.0 -99.0 -99.0 -99.0 -99.0
20260611 127 -9.0    -9  20  2.7 1100  25  4.9  925 -99.0  23.2 1049  14.6  217 -99.0 -99.0  12.3  -9.0  52.0 1036  -9.0  -9.0  -9.0 -9.00   -9.0   -9.0 1011.0  947 1009.8   11 -9.0 -9.0 14.7 -9.0 -9.00 -9.00   -9   -9.0   -9.0 -9.00   -9.0   -9   -9.0   -9   -9.0   -9   -9.0   -9   -9.0   -9 -99.0 -99.0 -99.0 -99.0 -99.0
20260611 129 -9.0    -9  27  3.2 1010  29  4.9 1004 -99.0  24.0 1105  14.8  530 -99.0 -99.0   9.7  -9.0  48.0 1107  -9.0  -9.0  -9.0 -9.00   -9.0   -9.0 1012.6 1112 1010.6  133 -9.0 -9.0 14.6 -9.0 -9.00 -9.00   -9   -9.0   -9.0 -9.00   -9.0   -9   -9.0   -9   -9.0   -9   -9.0   -9   -9.0   -9 -99.0 -99.0 -99.0 -99.0 -99.0
20260611 130 -9.0    -9  11  3.3 1035  14  4.8 1040 -99.0  23.9  933  14.2  506 -99.0 -99.0  11.4  -9.0  42.0  924  -9.0  -9.0  -9.0 -9.00   -9.0   -9.0 1010.0 1057 1008.8  351 -9.0 -9.0 14.7 -9.0 -9.00 -9.00   -9   -9.0   -9.0 -9.00   -9.0   -9   -9.0   -9   -9.0   -9   -9.0   -9   -9.0   -9 -99.0 -99.0 -99.0 -99.0 -99.0
20260611 131 -9.0    -9  27  2.6  841  27  4.4  926 -99.0  24.6 1104  17.6  452 -99.0 -99.0  14.3  -9.0  47.0 1105  -9.0  -9.0  -9.0 -9.00   -9.0   -9.0 1011.6 1001 1010.2  113 -9.0 -9.0 14.6 -9.0 -9.00 -9.00   -9   -9.0   -9.0 -9.00   -9.0   -9   -9.0   -9   -9.0   -9   -9.0   -9   -9.0   -9 -99.0 -99.0 -99.0 -99.0 -99.0
20260611 133 -9.0    -9  32  3.8 1047  34  8.6 1113 -99.0  25.7 1104  15.7  517 -99.0 -99.0  14.1  -9.0  37.0 1044  -9.0  -9.0  -9.0 -9.00   -9.0   -9.0 1011.9 1007 1010.8  133 -9.0 -9.0 14.6 -9.0 -9.00 -9.00   -9   -9.0   -9.0 -9.00   -9.0   -9   -9.0   -9   -9.0   -9   -9.0   -9   -9.0   -9  24.3  22.4  20.2  16.6  15.9
20260611 135 -9.0    -9  27  6.1  201  25  8.8 1106 -99.0  23.4 1100  13.4    2 -99.0 -99.0  11.4  -9.0  52.0 1104  -9.0  -9.0  -9.0 -9.00   -9.0   -9.0 1011.5  758 1010.1  234 -9.0 -9.0 14.6 -9.0 -9.00 -9.00   -9   -9.0   -9.0 -9.00   -9.0   -9   -9.0   -9   -9.0   -9   -9.0   -9   -9.0   -9 -99.0 -99.0 -99.0 -99.0 -99.0
20260611 136 -9.0    -9  25  3.4 1046  25  6.4 1111 -99.0  24.7 1112  13.3  530 -99.0 -99.0  10.8  -9.0  50.0 1107  -9.0  -9.0  -9.0 -9.00   -9.0   -9.0 1012.1  614 1010.8    1 -9.0 -9.0 14.6 -9.0 -9.00 -9.00   -9   -9.0   -9.0 -9.00   -9.0   -9   -9.0   -9   -9.0   -9   -9.0   -9   -9.0   -9 -99.0 -99.0 -99.0 -99.0 -99.0
20260611 137 -9.0    -9  25  2.6  812  29  6.3 1059 -99.0  24.9 1058  15.0  532 -99.0 -99.0  11.6  -9.0  49.0    1  -9.0  -9.0  -9.0 -9.00   -9.0   -9.0 1010.5  602 1009.4  112 -9.0 -9.0 14.6 -9.0 -9.00 -9.00   -9   -9.0   -9.0 -9.00   -9.0   -9   -9.0   -9   -9.0   -9   -9.0   -9   -9.0   -9 -99.0 -99.0 -99.0 -99.0 -99.0
20260611 138 -9.0    -9  25  3.9  804  29  6.6  748 -99.0  25.9 1114  17.2  418 -99.0 -99.0  11.8  -9.0  41.0 1007  -9.0  -9.0  -9.0 -9.00   -9.0   -9.0 1009.7  701 1008.7  134 -9.0 -9.0 14.6 -9.0 -9.00 -9.00   -9   -9.0   -9.0 -9.00   -9.0   -9   -9.0   -9   -9.0   -9   -9.0   -9   -9.0   -9  21.2  19.0  17.9  15.8  15.7
20260611 140 -9.0    -9  27  4.8 1101  27  6.4 1033 -99.0  22.2 1114  17.2  537 -99.0 -99.0  13.1  -9.0  56.0 1110  -9.0  -9.0  -9.0 -9.00   -9.0   -9.0 1013.7 1057 1011.4  257 -9.0 -9.0 14.6 -9.0 -9.00 -9.00   -9   -9.0   -9.0 -9.00   -9.0   -9   -9.0   -9   -9.0   -9   -9.0   -9   -9.0   -9 -99.0 -99.0 -99.0 -99.0 -99.0
20260611 143 -9.0    -9  27  4.2 1048  25  6.4 1048 -99.0  25.6 1112  15.9  519 -99.0 -99.0  11.9  -9.0  37.0 1113  -9.0  -9.0  -9.0 -9.00   -9.0   -9.0 1010.5  641 1009.2  122 -9.0 -9.0 14.6 -9.0 -9.00 -9.00   -9   -9.0   -9.0 -9.00   -9.0   -9   -9.0   -9   -9.0   -9   -9.0   -9   -9.0   -9 -99.0 -99.0 -99.0 -99.0 -99.0
20260611 146 -9.0    -9  27  3.8 1041  25  7.1 1015 -99.0  25.2 1101  16.9  519 -99.0 -99.0  12.3  -9.0  45.0 1102  -9.0  -9.0  -9.0 -9.00   -9.0   -9.0 1012.3 1108 1010.6  347 -9.0 -9.0 14.6 -9.0 -9.00 -9.00   -9   -9.0   -9.0 -9.00   -9.0   -9   -9.0   -9   -9.0   -9   -9.0   -9   -9.0   -9 -99.0 -99.0 -99.0 -99.0 -99.0
20260611 152 -9.0    -9  29  2.9  602  23  5.3 1022 -99.0  25.3 1050  15.8  501 -99.0 -99.0  12.2  -9.0  36.0 1112  -9.0  -9.0  -9.0 -9.00   -9.0   -9.0 1009.9  633 1008.7  239 -9.0 -9.0 14.5 -9.0 -9.00 -9.00   -9   -9.0   -9.0 -9.00   -9.0   -9   -9.0   -9   -9.0   -9   -9.0   -9   -9.0   -9 -99.0 -99.0 -99.0 -99.0 -99.0
20260611 155 -9.0    -9   5  3.7 1015   7  5.9 1009 -99.0  26.1 1030  16.8  530 -99.0 -99.0  13.1  -9.0  44.0  847  -9.0  -9.0  -9.0 -9.00   -9.0   -9.0 1010.8  807 1009.7  250 -9.0 -9.0 14.5 -9.0 -9.00 -9.00   -9   -9.0   -9.0 -9.00   -9.0   -9   -9.0   -9   -9.0   -9   -9.0   -9   -9.0   -9 -99.0 -99.0 -99.0 -99.0 -99.0
20260611 156 -9.0    -9   2  2.7  920  23  5.6 1032 -99.0  25.3 1104  18.3  454 -99.0 -99.0  13.7  -9.0  44.0 1112  -9.0  -9.0  -9.0 -9.00   -9.0   -9.0 1012.4  817 1010.8  313 -9.0 -9.0 14.5 -9.0 -9.00 -9.00   -9   -9.0   -9.0 -9.00   -9.0   -9   -9.0   -9   -9.0   -9   -9.0   -9   -9.0   -9 -99.0 -99.0 -99.0 -99.0 -99.0
20260611 159 -9.0    -9  32  5.1 1025  32  8.9 1018 -99.0  26.8 1108  19.4  511 -99.0 -99.0  12.7  -9.0  37.0 1101  -9.0  -9.0  -9.0 -9.00   -9.0   -9.0 1010.0  653 1008.9  302 -9.0 -9.0 14.5 -9.0 -9.00 -9.00   -9   -9.0   -9.0 -9.00   -9.0   -9   -9.0   -9   -9.0   -9   -9.0   -9   -9.0   -9  22.4  20.7  19.9  16.2  16.9
20260611 162 -9.0    -9  20  4.4 1021  20  7.9 1109 -99.0  24.9 1101  17.1  530 -99.0 -99.0  11.8  -9.0  48.0 1028  -9.0  -9.0  -9.0 -9.00   -9.0   -9.0 1010.3  853 1009.4  244 -9.0 -9.0 14.5 -9.0 -9.00 -9.00   -9   -9.0   -9.0 -9.00   -9.0   -9   -9.0   -9   -9.0   -9   -9.0   -9   -9.0   -9 -99.0 -99.0 -99.0 -99.0 -99.0
20260611 165 -9.0    -9  29  4.7  954  32  7.1 1111 -99.0  23.4 1042  18.5  540 -99.0 -99.0  15.1  -9.0  63.0 1037  -9.0  -9.0  -9.0 -9.00   -9.0   -9.0 1013.2 1037 1011.1  318 -9.0 -9.0 14.5 -9.0 -9.00 -9.00   -9   -9.0   -9.0 -9.00   -9.0   -9   -9.0   -9   -9.0   -9   -9.0   -9   -9.0   -9 -99.0 -99.0 -99.0 -99.0 -99.0
20260611 168 -9.0    -9  32  6.0  323  32  9.3  326 -99.0  24.8 1111  18.9  526 -99.0 -99.0  17.2  -9.0  47.0    6  -9.0  -9.0  -9.0 -9.00   -9.0   -9.0 1011.8  809 1010.5  349 -9.0 -9.0 14.5 -9.0 -9.00 -9.00   -9   -9.0   -9.0 -9.00   -9.0   -9   -9.0   -9   -9.0   -9   -9.0   -9   -9.0   -9  23.6  21.1  19.2  16.7  16.6
20260611 169 -9.0    -9  32  5.1  445  34  7.7  337 -99.0  24.2 1049  17.4  514 -99.0 -99.0  16.7  -9.0  68.0 1053  -9.0  -9.0  -9.0 -9.00   -9.0   -9.0 1013.6 1008 1011.1  254 -9.0 -9.0 14.4 -9.0 -9.00 -9.00   -9   -9.0   -9.0 -9.00   -9.0   -9   -9.0   -9   -9.0   -9   -9.0   -9   -9.0   -9 -99.0 -99.0 -99.0 -99.0 -99.0
20260611 170 -9.0    -9  27  3.9  154  27  7.4   38 -99.0  26.5 1107  18.7  502 -99.0 -99.0  16.9  -9.0  53.0 1101  -9.0  -9.0  -9.0 -9.00   -9.0   -9.0 1012.7  820 1011.0  308 -9.0 -9.0 14.4 -9.0 -9.00 -9.00   -9   -9.0   -9.0 -9.00   -9.0   -9   -9.0   -9   -9.0   -9   -9.0   -9   -9.0   -9 -99.0 -99.0 -99.0 -99.0 -99.0
20260611 172 -9.0    -9  29  4.5 1100  29  6.6 1055 -99.0  24.6 1113  16.7  527 -99.0 -99.0  12.0  -9.0  43.0 1114  -9.0  -9.0  -9.0 -9.00   -9.0   -9.0 1012.3 1038 1010.4  236 -9.0 -9.0 14.5 -9.0 -9.00 -9.00   -9   -9.0   -9.0 -9.00   -9.0   -9   -9.0   -9   -9.0   -9   -9.0   -9   -9.0   -9 -99.0 -99.0 -99.0 -99.0 -99.0
20260611 174 -9.0    -9  27  3.8 1029  29  6.6  959 -99.0  23.7 1105  10.8  416 -99.0 -99.0  11.0  -9.0  48.0 1112  -9.0  -9.0  -9.0 -9.00   -9.0   -9.0 1010.5    1 1009.8 1110 -9.0 -9.0 14.5 -9.0 -9.00 -9.00   -9   -9.0   -9.0 -9.00   -9.0   -9   -9.0   -9   -9.0   -9   -9.0   -9   -9.0   -9 -99.0 -99.0 -99.0 -99.0 -99.0
20260611 177 -9.0    -9  23  3.4 1012  18  6.1 1059 -99.0  24.0 1112  16.4  512 -99.0 -99.0  13.4  -9.0  48.0 1021  -9.0  -9.0  -9.0 -9.00   -9.0   -9.0 1011.0 1107 1009.3  119 -9.0 -9.0 14.6 -9.0 -9.00 -9.00   -9   -9.0   -9.0 -9.00   -9.0   -9   -9.0   -9   -9.0   -9   -9.0   -9   -9.0   -9 -99.0 -99.0 -99.0 -99.0 -99.0
20260611 181 -9.0    -9  23  2.6  951  29  5.4 1029 -99.0  24.7 1103  14.7  434 -99.0 -99.0   9.4  -9.0  46.0 1105  -9.0  -9.0  -9.0 -9.00   -9.0   -9.0 1012.1  959 1010.8  251 -9.0 -9.0 14.6 -9.0 -9.00 -9.00   -9   -9.0   -9.0 -9.00   -9.0   -9   -9.0   -9   -9.0   -9   -9.0   -9   -9.0   -9 -99.0 -99.0 -99.0 -99.0 -99.0
20260611 184 -9.0    -9  25  4.5  635  32  7.1 1105 -99.0  24.5 1045  20.7  514 -99.0 -99.0  16.0  -9.0  36.0    1  -9.0  -9.0  -9.0 -9.00   -9.0   -9.0 1013.5 1101 1011.1  401 -9.0 -9.0 14.4 -9.0 -9.00 -9.00   -9   -9.0   -9.0 -9.00   -9.0   -9   -9.0   -9   -9.0   -9   -9.0   -9   -9.0   -9  23.2  22.0  21.6  19.4  16.7
20260611 185 -9.0    -9  32  7.9  606  34  9.3  559 -99.0  22.6 1059  18.8  402 -99.0 -99.0  16.1  -9.0  72.0 1101  -9.0  -9.0  -9.0 -9.00   -9.0   -9.0 1013.7 1046 1011.8  310 -9.0 -9.0 14.3 -9.0 -9.00 -9.00   -9   -9.0   -9.0 -9.00   -9.0   -9   -9.0   -9   -9.0   -9   -9.0   -9   -9.0   -9 -99.0 -99.0 -99.0 -99.0 -99.0
20260611 188 -9.0    -9  29  4.4  944  32  6.7  549 -99.0  25.3 1114  15.3  314 -99.0 -99.0  12.6  -9.0  47.0 1114  -9.0  -9.0  -9.0 -9.00   -9.0   -9.0 1013.4 1113 1011.6  248 -9.0 -9.0 14.3 -9.0 -9.00 -9.00   -9   -9.0   -9.0 -9.00   -9.0   -9   -9.0   -9   -9.0   -9   -9.0   -9   -9.0   -9 -99.0 -99.0 -99.0 -99.0 -99.0
20260611 189 -9.0    -9  23  3.0  943  25  6.6  827 -99.0  26.5 1101  19.5   13 -99.0 -99.0  15.5  -9.0  41.0    1  -9.0  -9.0  -9.0 -9.00   -9.0   -9.0 1013.1 1105 1011.5  245 -9.0 -9.0 14.3 -9.0 -9.00 -9.00   -9   -9.0   -9.0 -9.00   -9.0   -9   -9.0   -9   -9.0   -9   -9.0   -9   -9.0   -9 -99.0 -99.0 -99.0 -99.0 -99.0
20260611 192 -9.0    -9  32  1.4  947  29  2.9 1103 -99.0  24.8 1110  12.4  530 -99.0 -99.0  10.8  -9.0  46.0 1111  -9.0  -9.0  -9.0 -9.00   -9.0   -9.0 1011.4  857 1010.1  218 -9.0 -9.0 14.5 -9.0 -9.00 -9.00   -9   -9.0   -9.0 -9.00   -9.0   -9   -9.0   -9   -9.0   -9   -9.0   -9   -9.0   -9 -99.0 -99.0 -99.0 -99.0 -99.0
20260611 201 -9.0    -9  25  4.2 1104  25  6.9 1104 -99.0  22.0 1055  12.2  531 -99.0 -99.0   8.7  -9.0  60.0  925  -9.0  -9.0  -9.0 -9.00   -9.0   -9.0 1012.9 1104 1010.8    3 -9.0 -9.0 14.7 -9.0 -9.00 -9.00   -9   -9.0   -9.0 -9.00   -9.0   -9   -9.0   -9   -9.0   -9   -9.0   -9   -9.0   -9 -99.0 -99.0 -99.0 -99.0 -99.0
20260611 202 -9.0    -9  27  2.0 1105  27  4.2 1047 -99.0  24.0 1113  14.9  529 -99.0 -99.0  11.9  -9.0  50.0 1051  -9.0  -9.0  -9.0 -9.00   -9.0   -9.0 1011.8  918 1010.4  103 -9.0 -9.0 14.7 -9.0 -9.00 -9.00   -9   -9.0   -9.0 -9.00   -9.0   -9   -9.0   -9   -9.0   -9   -9.0   -9   -9.0   -9 -99.0 -99.0 -99.0 -99.0 -99.0
20260611 203 -9.0    -9  18  2.2 1049  18  4.7 1114 -99.0  24.3 1102  16.1  523 -99.0 -99.0  13.7  -9.0  53.0 1104  -9.0  -9.0  -9.0 -9.00   -9.0   -9.0 1012.2  827 1010.8  224 -9.0 -9.0 14.7 -9.0 -9.00 -9.00   -9   -9.0   -9.0 -9.00   -9.0   -9   -9.0   -9   -9.0   -9   -9.0   -9   -9.0   -9 -99.0 -99.0 -99.0 -99.0 -99.0
20260611 211 -9.0    -9  23  2.9 1110  23  5.3 1106 -99.0  22.1 1052  14.1  514 -99.0 -99.0  12.9  -9.0  59.0 1106  -9.0  -9.0  -9.0 -9.00   -9.0   -9.0 1011.1  720 1010.0  231 -9.0 -9.0 14.8 -9.0 -9.00 -9.00   -9    0.3   -9.0 -9.00    1.3   -9    0.3   18   -9.0   -9   -9.0   -9   -9.0   -9 -99.0 -99.0 -99.0 -99.0 -99.0
20260611 212 -9.0    -9  25  2.2 1112  29  4.5 1058 -99.0  23.7 1058  13.4  523 -99.0 -99.0  10.8  -9.0  47.0 1043  -9.0  -9.0  -9.0 -9.00   -9.0   -9.0 1011.9  629 1010.5   37 -9.0 -9.0 14.7 -9.0 -9.00 -9.00   -9   -9.0   -9.0 -9.00   -9.0   -9   -9.0   -9   -9.0   -9   -9.0   -9   -9.0   -9 -99.0 -99.0 -99.0 -99.0 -99.0
20260611 216 -9.0    -9  32  3.0 1051  32  5.7 1045 -99.0  22.8 1100  10.2  450 -99.0 -99.0   8.4  -9.0  37.0 1104  -9.0  -9.0  -9.0 -9.00   -9.0   -9.0 1011.7  532 1008.0 1102 -9.0 -9.0 14.7 -9.0 -9.00 -9.00   -9   -9.0   -9.0 -9.00   -9.0   -9   -9.0   -9   -9.0   -9   -9.0   -9   -9.0   -9 -99.0 -99.0 -99.0 -99.0 -99.0
20260611 217 -9.0    -9  16  3.6 1100  18  6.0 1054 -99.0  23.1 1108  11.0  534 -99.0 -99.0  10.9  -9.0  51.0 1109  -9.0  -9.0  -9.0 -9.00   -9.0   -9.0 1012.6  628 1009.5 1108 -9.0 -9.0 14.7 -9.0 -9.00 -9.00   -9   -9.0   -9.0 -9.00   -9.0   -9   -9.0   -9   -9.0   -9   -9.0   -9   -9.0   -9 -99.0 -99.0 -99.0 -99.0 -99.0
20260611 221 -9.0    -9  23  3.5 1049  25  6.1 1058 -99.0  22.6 1114  12.2  429 -99.0 -99.0   9.2  -9.0  56.0 1105  -9.0  -9.0  -9.0 -9.00   -9.0   -9.0 1011.8  618 1010.4 1102 -9.0 -9.0 14.7 -9.0 -9.00 -9.00   -9   -9.0   -9.0 -9.00   -9.0   -9   -9.0   -9   -9.0   -9   -9.0   -9   -9.0   -9 -99.0 -99.0 -99.0 -99.0 -99.0
20260611 226 -9.0    -9  34  3.3 1055  36  7.3 1053 -99.0  24.1 1053  12.3  434 -99.0 -99.0   7.0  -9.0  45.0 1104  -9.0  -9.0  -9.0 -9.00   -9.0   -9.0 1012.0  550 1011.2   12 -9.0 -9.0 14.6 -9.0 -9.00 -9.00   -9   -9.0   -9.0 -9.00   -9.0   -9   -9.0   -9   -9.0   -9   -9.0   -9   -9.0   -9 -99.0 -99.0 -99.0 -99.0 -99.0
20260611 232 -9.0    -9  27  3.1 1058  27  5.4 1106 -99.0  23.4 1047  13.8  451 -99.0 -99.0  10.4  -9.0  51.0 1100  -9.0  -9.0  -9.0 -9.00   -9.0   -9.0 1012.5 1052 1011.2  147 -9.0 -9.0 14.7 -9.0 -9.00 -9.00   -9   -9.0   -9.0 -9.00   -9.0   -9   -9.0   -9   -9.0   -9   -9.0   -9   -9.0   -9 -99.0 -99.0 -99.0 -99.0 -99.0
20260611 235 -9.0    -9  36  2.2  821  25  4.8  937 -99.0  24.2 1047  16.1  537 -99.0 -99.0  12.3  -9.0  59.0 1056  -9.0  -9.0  -9.0 -9.00   -9.0   -9.0 1012.6 1111 1010.1  137 -9.0 -9.0 14.6 -9.0 -9.00 -9.00   -9   -9.0   -9.0 -9.00   -9.0   -9   -9.0   -9   -9.0   -9   -9.0   -9   -9.0   -9 -99.0 -99.0 -99.0 -99.0 -99.0
20260611 236 -9.0    -9  32  1.9 1034  27  4.6 1027 -99.0  24.8 1112  14.1  534 -99.0 -99.0  10.7  -9.0  43.0 1112  -9.0  -9.0  -9.0 -9.00   -9.0   -9.0 1012.7  945 1010.9  222 -9.0 -9.0 14.6 -9.0 -9.00 -9.00   -9   -9.0   -9.0 -9.00   -9.0   -9   -9.0   -9   -9.0   -9   -9.0   -9   -9.0   -9 -99.0 -99.0 -99.0 -99.0 -99.0
20260611 238 -9.0    -9  27  2.5 1044  32  5.3 1050 -99.0  25.3 1058  14.7  539 -99.0 -99.0  11.0  -9.0  42.0 1112  -9.0  -9.0  -9.0 -9.00   -9.0   -9.0 1011.5  733 1010.4  227 -9.0 -9.0 14.6 -9.0 -9.00 -9.00   -9   -9.0   -9.0 -9.00   -9.0   -9   -9.0   -9   -9.0   -9   -9.0   -9   -9.0   -9 -99.0 -99.0 -99.0 -99.0 -99.0
20260611 239 -9.0    -9  29  2.7 1114  25  5.7 1114 -99.0  24.0 1056  15.0  426 -99.0 -99.0  12.7  -9.0  46.0 1112  -9.0  -9.0  -9.0 -9.00   -9.0   -9.0 1011.3  811 1010.4  119 -9.0 -9.0 14.6 -9.0 -9.00 -9.00   -9   -9.0   -9.0 -9.00   -9.0   -9   -9.0   -9   -9.0   -9   -9.0   -9   -9.0   -9 -99.0 -99.0 -99.0 -99.0 -99.0
20260611 243 -9.0    -9  29  3.1 1054  27  6.0 1003 -99.0  24.1 1112  16.9  324 -99.0 -99.0  13.2  -9.0  46.0  947  -9.0  -9.0  -9.0 -9.00   -9.0   -9.0 1013.2 1049 1010.8  307 -9.0 -9.0 14.5 -9.0 -9.00 -9.00   -9    0.2   -9.0 -9.00    0.2  104    0.2  154   -9.0   -9   -9.0   -9   -9.0   -9 -99.0 -99.0 -99.0 -99.0 -99.0
20260611 244 -9.0    -9  34  2.1 1103  36  4.9  957 -99.0  24.4 1110  13.3  148 -99.0 -99.0  10.4  -9.0  46.0 1110  -9.0  -9.0  -9.0 -9.00   -9.0   -9.0 1012.0  803 1010.9  306 -9.0 -9.0 14.5 -9.0 -9.00 -9.00   -9   -9.0   -9.0 -9.00   -9.0   -9   -9.0   -9   -9.0   -9   -9.0   -9   -9.0   -9 -99.0 -99.0 -99.0 -99.0 -99.0
20260611 245 -9.0    -9  29  3.3 1055  29  5.4 1051 -99.0  25.4 1114  16.7  537 -99.0 -99.0  12.9  -9.0  44.0 1110  -9.0  -9.0  -9.0 -9.00   -9.0   -9.0 1012.7 1050 1010.7  255 -9.0 -9.0 14.5 -9.0 -9.00 -9.00   -9    0.0   -9.0 -9.00   -9.0   -9   -9.0   -9   -9.0   -9   -9.0   -9   -9.0   -9 -99.0 -99.0 -99.0 -99.0 -99.0
20260611 247 -9.0    -9   5  2.3 1047  36  4.6 1011 -99.0  24.2 1114  15.3  100 -99.0 -99.0  13.2  -9.0  56.0 1036  -9.0  -9.0  -9.0 -9.00   -9.0   -9.0 1012.0  807 1010.7  330 -9.0 -9.0 14.5 -9.0 -9.00 -9.00   -9   -9.0   -9.0 -9.00   -9.0   -9   -9.0   -9   -9.0   -9   -9.0   -9   -9.0   -9 -99.0 -99.0 -99.0 -99.0 -99.0
20260611 248 -9.0    -9  36  4.3 1034  36  7.3 1031 -99.0  23.1 1052  12.3  155 -99.0 -99.0   9.5  -9.0  46.0 1055  -9.0  -9.0  -9.0 -9.00   -9.0   -9.0 1012.3   51 1011.0  949 -9.0 -9.0 14.5 -9.0 -9.00 -9.00   -9   -9.0   -9.0 -9.00   -9.0   -9   -9.0   -9   -9.0   -9   -9.0   -9   -9.0   -9 -99.0 -99.0 -99.0 -99.0 -99.0
20260611 251 -9.0    -9  25  2.9 1022  32  5.3 1112 -99.0  24.4 1113  16.1    1 -99.0 -99.0  13.4  -9.0  51.0 1114  -9.0  -9.0  -9.0 -9.00   -9.0   -9.0 1012.5 1044 1010.7  243 -9.0 -9.0 14.5 -9.0 -9.00 -9.00   -9   -9.0   -9.0 -9.00   -9.0   -9   -9.0   -9   -9.0   -9   -9.0   -9   -9.0   -9 -99.0 -99.0 -99.0 -99.0 -99.0
20260611 252 -9.0    -9  36  3.8 1104  36  5.6 1055 -99.0  23.7 1035  17.0  511 -99.0 -99.0  13.0  -9.0  42.0 1029  -9.0  -9.0  -9.0 -9.00   -9.0   -9.0 1012.9 1034 1010.6  238 -9.0 -9.0 14.5 -9.0 -9.00 -9.00   -9   -9.0   -9.0 -9.00   -9.0   -9   -9.0   -9   -9.0   -9   -9.0   -9   -9.0   -9 -99.0 -99.0 -99.0 -99.0 -99.0
20260611 253 -9.0    -9  29  3.3  957  34  6.2  926 -99.0  26.8 2400  17.8  437 -99.0 -99.0  14.1  -9.0  41.0 1110  -9.0  -9.0  -9.0 -9.00   -9.0   -9.0 1011.4  833 1010.2  257 -9.0 -9.0 14.5 -9.0 -9.00 -9.00   -9   -9.0   -9.0 -9.00   -9.0   -9   -9.0   -9   -9.0   -9   -9.0   -9   -9.0   -9 -99.0 -99.0 -99.0 -99.0 -99.0
20260611 254 -9.0    -9  34  4.2 1101  32  7.1 1045 -99.0  24.7 1110  13.3  536 -99.0 -99.0  10.8  -9.0  36.0 1111  -9.0  -9.0  -9.0 -9.00   -9.0   -9.0 1012.6  835 1011.5  303 -9.0 -9.0 14.5 -9.0 -9.00 -9.00   -9   -9.0   -9.0 -9.00   -9.0   -9   -9.0   -9   -9.0   -9   -9.0   -9   -9.0   -9 -99.0 -99.0 -99.0 -99.0 -99.0
20260611 255 -9.0    -9  32  4.4 1113  34  7.0 1106 -99.0  26.4 1057  17.8  516 -99.0 -99.0  12.7  -9.0  39.0 1112  -9.0  -9.0  -9.0 -9.00   -9.0   -9.0 1010.5  621 1009.5  249 -9.0 -9.0 14.5 -9.0 -9.00 -9.00   -9   -9.0   -9.0 -9.00   -9.0   -9   -9.0   -9   -9.0   -9   -9.0   -9   -9.0   -9 -99.0 -99.0 -99.0 -99.0 -99.0
20260611 257 -9.0    -9  34  2.4 1109   5  4.8 1106 -99.0  28.1 1054  16.2  456 -99.0 -99.0  13.3  -9.0  38.0 1110  -9.0  -9.0  -9.0 -9.00   -9.0   -9.0 1010.5  656 1009.5  254 -9.0 -9.0 14.5 -9.0 -9.00 -9.00   -9   -9.0   -9.0 -9.00   -9.0   -9   -9.0   -9   -9.0   -9   -9.0   -9   -9.0   -9 -99.0 -99.0 -99.0 -99.0 -99.0
20260611 258 -9.0    -9  34  4.1 1024  34  7.5 1018 -99.0  26.1 1112  15.8  506 -99.0 -99.0  13.7  -9.0  49.0 1059  -9.0  -9.0  -9.0 -9.00   -9.0   -9.0 1012.5  828 1011.1  328 -9.0 -9.0 14.5 -9.0 -9.00 -9.00   -9   -9.0   -9.0 -9.00   -9.0   -9   -9.0   -9   -9.0   -9   -9.0   -9   -9.0   -9 -99.0 -99.0 -99.0 -99.0 -99.0
20260611 259 -9.0    -9  29  3.4 1108  27  6.4 1105 -99.0  26.2 1103  14.5  428 -99.0 -99.0  12.4  -9.0  46.0 1058  -9.0  -9.0  -9.0 -9.00   -9.0   -9.0 1012.4  830 1011.0  324 -9.0 -9.0 14.5 -9.0 -9.00 -9.00   -9   -9.0   -9.0 -9.00   -9.0   -9   -9.0   -9   -9.0   -9   -9.0   -9   -9.0   -9 -99.0 -99.0 -99.0 -99.0 -99.0
20260611 260 -9.0    -9  34  4.4 1057   5  7.8 1049 -99.0  25.7 1112  14.2  528 -99.0 -99.0  11.2  -9.0  53.0 1107  -9.0  -9.0  -9.0 -9.00   -9.0   -9.0 1012.3  830 1011.0  332 -9.0 -9.0 14.4 -9.0 -9.00 -9.00   -9   -9.0   -9.0 -9.00   -9.0   -9   -9.0   -9   -9.0   -9   -9.0   -9   -9.0   -9 -99.0 -99.0 -99.0 -99.0 -99.0
20260611 261 -9.0    -9  27  5.2 1050  29  9.2 1044 -99.0  24.7 1114  15.1  110 -99.0 -99.0  11.8  -9.0  58.0 2400  -9.0  -9.0  -9.0 -9.00   -9.0   -9.0 1013.0  834 1011.4  325 -9.0 -9.0 14.4 -9.0 -9.00 -9.00   -9   -9.0   -9.0 -9.00   -9.0   -9   -9.0   -9   -9.0   -9   -9.0   -9   -9.0   -9 -99.0 -99.0 -99.0 -99.0 -99.0
20260611 262 -9.0    -9  32  4.4 1024  32  7.9 1112 -99.0  24.9 1054  13.9  210 -99.0 -99.0  15.4  -9.0  54.0 1102  -9.0  -9.0  -9.0 -9.00   -9.0   -9.0 1012.2  836 1010.8  328 -9.0 -9.0 14.5 -9.0 -9.00 -9.00   -9   -9.0   -9.0 -9.00   -9.0   -9   -9.0   -9   -9.0   -9   -9.0   -9   -9.0   -9 -99.0 -99.0 -99.0 -99.0 -99.0
20260611 263 -9.0    -9   5  2.6 1102   5  4.6 1100 -99.0  26.0 1108  13.1  517 -99.0 -99.0  10.9  -9.0  49.0 1113  -9.0  -9.0  -9.0 -9.00   -9.0   -9.0 1011.2  820 1010.0  118 -9.0 -9.0 14.5 -9.0 -9.00 -9.00   -9   -9.0   -9.0 -9.00   -9.0   -9   -9.0   -9   -9.0   -9   -9.0   -9   -9.0   -9 -99.0 -99.0 -99.0 -99.0 -99.0
20260611 264 -9.0    -9  27  4.7 1111  27  7.9 1102 -99.0  24.6 1051  11.6  512 -99.0 -99.0  10.6  -9.0  52.0 1053  -9.0  -9.0  -9.0 -9.00   -9.0   -9.0 1011.9  505 1010.6 1004 -9.0 -9.0 14.5 -9.0 -9.00 -9.00   -9   -9.0   -9.0 -9.00   -9.0   -9   -9.0   -9   -9.0   -9   -9.0   -9   -9.0   -9 -99.0 -99.0 -99.0 -99.0 -99.0
20260611 266 -9.0    -9  27  2.9 1049  29  6.1 1018 -99.0  26.0 1108  16.8  453 -99.0 -99.0  13.2  -9.0  45.0 1114  -9.0  -9.0  -9.0 -9.00   -9.0   -9.0 1011.9  846 1010.7  346 -9.0 -9.0 14.5 -9.0 -9.00 -9.00   -9   -9.0   -9.0 -9.00   -9.0   -9   -9.0   -9   -9.0   -9   -9.0   -9   -9.0   -9 -99.0 -99.0 -99.0 -99.0 -99.0
20260611 268 -9.0    -9  32  3.5 1008  29  6.2 1100 -99.0  23.1 1003  15.4   38 -99.0 -99.0  15.1  -9.0  67.0 1004  -9.0  -9.0  -9.0 -9.00   -9.0   -9.0 1012.2 1041 1010.1  317 -9.0 -9.0 14.4 -9.0 -9.00 -9.00   -9   -9.0   -9.0 -9.00   -9.0   -9   -9.0   -9   -9.0   -9   -9.0   -9   -9.0   -9 -99.0 -99.0 -99.0 -99.0 -99.0
20260611 271 -9.0    -9  32  3.8 2400  32  7.4 1113 -99.0  25.1 1034   9.5  504 -99.0 -99.0   5.5  -9.0  38.0 1108  -9.0  -9.0  -9.0 -9.00   -9.0   -9.0 1012.3  629 1009.4 1031 -9.0 -9.0 14.7 -9.0 -9.00 -9.00   -9   -9.0   -9.0 -9.00   -9.0   -9   -9.0   -9   -9.0   -9   -9.0   -9   -9.0   -9 -99.0 -99.0 -99.0 -99.0 -99.0
20260611 272 -9.0    -9  29  5.7 1100  29  9.8 1040 -99.0  23.7 2400  14.1  545 -99.0 -99.0  11.5  -9.0  44.0 1037  -9.0  -9.0  -9.0 -9.00   -9.0   -9.0 1011.2  615 1009.7  115 -9.0 -9.0 14.7 -9.0 -9.00 -9.00   -9   -9.0   -9.0 -9.00   -9.0   -9   -9.0   -9   -9.0   -9   -9.0   -9   -9.0   -9 -99.0 -99.0 -99.0 -99.0 -99.0
20260611 273 -9.0    -9  27  3.9 1107  27  7.9 1104 -99.0  24.9 1027  13.3  451 -99.0 -99.0   9.9  -9.0  47.0 1109  -9.0  -9.0  -9.0 -9.00   -9.0   -9.0 1010.8  551 1009.8  109 -9.0 -9.0 14.6 -9.0 -9.00 -9.00   -9   -9.0   -9.0 -9.00   -9.0   -9   -9.0   -9   -9.0   -9   -9.0   -9   -9.0   -9 -99.0 -99.0 -99.0 -99.0 -99.0
20260611 276 -9.0    -9  27  3.8  913  34  8.5 1104 -99.0  25.0 1105  10.1  509 -99.0 -99.0   6.7  -9.0  40.0 1106  -9.0  -9.0  -9.0 -9.00   -9.0   -9.0 1011.2  601 1009.2 1109 -9.0 -9.0 14.6 -9.0 -9.00 -9.00   -9   -9.0   -9.0 -9.00   -9.0   -9   -9.0   -9   -9.0   -9   -9.0   -9   -9.0   -9 -99.0 -99.0 -99.0 -99.0 -99.0
20260611 277 -9.0    -9  29  5.4  836  27  9.5  827 -99.0  26.0 1030  16.1  408 -99.0 -99.0  12.7  -9.0  40.0 1113  -9.0  -9.0  -9.0 -9.00   -9.0   -9.0 1010.1  707 1008.8  111 -9.0 -9.0 14.6 -9.0 -9.00 -9.00   -9   -9.0   -9.0 -9.00   -9.0   -9   -9.0   -9   -9.0   -9   -9.0   -9   -9.0   -9 -99.0 -99.0 -99.0 -99.0 -99.0
20260611 278 -9.0    -9  25  3.3 1050  27  6.0 1104 -99.0  25.6 1113  11.9  534 -99.0 -99.0   7.6  -9.0  48.0 1113  -9.0  -9.0  -9.0 -9.00   -9.0   -9.0 1010.6  605 1009.3  116 -9.0 -9.0 14.6 -9.0 -9.00 -9.00   -9   -9.0   -9.0 -9.00   -9.0   -9   -9.0   -9   -9.0   -9   -9.0   -9   -9.0   -9 -99.0 -99.0 -99.0 -99.0 -99.0
20260611 279 -9.0    -9  23  3.0 1042  32  5.9 1035 -99.0  26.5 1108  14.8  511 -99.0 -99.0  10.9  -9.0  43.0 1035  -9.0  -9.0  -9.0 -9.00   -9.0   -9.0 1011.2  805 1010.1    1 -9.0 -9.0 14.6 -9.0 -9.00 -9.00   -9   -9.0   -9.0 -9.00   -9.0   -9   -9.0   -9   -9.0   -9   -9.0   -9   -9.0   -9 -99.0 -99.0 -99.0 -99.0 -99.0
20260611 281 -9.0    -9  29  4.1  932  27  8.9 1058 -99.0  26.3 2400  13.2  502 -99.0 -99.0   9.5  -9.0  40.0 2400  -9.0  -9.0  -9.0 -9.00   -9.0   -9.0 1011.5  639 1010.2  157 -9.0 -9.0 14.6 -9.0 -9.00 -9.00   -9   -9.0   -9.0 -9.00   -9.0   -9   -9.0   -9   -9.0   -9   -9.0   -9   -9.0   -9 -99.0 -99.0 -99.0 -99.0 -99.0
20260611 283 -9.0    -9  29  5.3  900  27  8.8  840 -99.0  26.3 1048  15.1  358 -99.0 -99.0  10.8  -9.0  40.0 1054  -9.0  -9.0  -9.0 -9.00   -9.0   -9.0 1011.0  629 1009.9    1 -9.0 -9.0 14.6 -9.0 -9.00 -9.00   -9   -9.0   -9.0 -9.00   -9.0   -9   -9.0   -9   -9.0   -9   -9.0   -9   -9.0   -9 -99.0 -99.0 -99.0 -99.0 -99.0
20260611 284 -9.0    -9  11  2.5 1102   5  3.9 1017 -99.0  24.8 1056  10.7  527 -99.0 -99.0   7.9  -9.0  52.0 1108  -9.0  -9.0  -9.0 -9.00   -9.0   -9.0 1011.0  537 1009.0 1109 -9.0 -9.0 14.5 -9.0 -9.00 -9.00   -9   -9.0   -9.0 -9.00   -9.0   -9   -9.0   -9   -9.0   -9   -9.0   -9   -9.0   -9 -99.0 -99.0 -99.0 -99.0 -99.0
20260611 285 -9.0    -9   9  1.3  911  11  2.7 1105 -99.0  25.4 1109  13.2  504 -99.0 -99.0  11.8  -9.0  46.0 1106  -9.0  -9.0  -9.0 -9.00   -9.0   -9.0 1011.5  814 1010.2  113 -9.0 -9.0 14.5 -9.0 -9.00 -9.00   -9   -9.0   -9.0 -9.00   -9.0   -9   -9.0   -9   -9.0   -9   -9.0   -9   -9.0   -9 -99.0 -99.0 -99.0 -99.0 -99.0
20260611 288 -9.0    -9  32  2.8 1035  32  5.4 1027 -99.0  26.4 1107  15.0  532 -99.0 -99.0  15.4  -9.0  41.0  959  -9.0  -9.0  -9.0 -9.00   -9.0   -9.0 1009.6  817 1008.5  258 -9.0 -9.0 14.5 -9.0 -9.00 -9.00   -9   -9.0   -9.0 -9.00   -9.0   -9   -9.0   -9   -9.0   -9   -9.0   -9   -9.0   -9 -99.0 -99.0 -99.0 -99.0 -99.0
20260611 289 -9.0    -9  32  3.2 1109  29  6.5 1023 -99.0  25.4 1107  13.0  502 -99.0 -99.0  10.7  -9.0  46.0 1109  -9.0  -9.0  -9.0 -9.00   -9.0   -9.0 1012.2  539 1011.2  115 -9.0 -9.0 14.5 -9.0 -9.00 -9.00   -9   -9.0   -9.0 -9.00   -9.0   -9   -9.0   -9   -9.0   -9   -9.0   -9   -9.0   -9 -99.0 -99.0 -99.0 -99.0 -99.0
20260611 294 -9.0    -9  27  2.7  951  23  5.8  942 -99.0  25.1 1052  17.3  325 -99.0 -99.0  11.5  -9.0  48.0   17  -9.0  -9.0  -9.0 -9.00   -9.0   -9.0 1011.8  926 1010.4  248 -9.0 -9.0 14.5 -9.0 -9.00 -9.00   -9   -9.0   -9.0 -9.00   -9.0   -9   -9.0   -9   -9.0   -9   -9.0   -9   -9.0   -9 -99.0 -99.0 -99.0 -99.0 -99.0
20260611 295 -9.0    -9  25  3.2  857  27  5.8  635 -99.0  24.4 1105  17.4  235 -99.0 -99.0  12.4  -9.0  48.0   15  -9.0  -9.0  -9.0 -9.00   -9.0   -9.0 1011.5  853 1010.3  340 -9.0 -9.0 14.5 -9.0 -9.00 -9.00   -9   -9.0   -9.0 -9.00   -9.0   -9   -9.0   -9   -9.0   -9   -9.0   -9   -9.0   -9 -99.0 -99.0 -99.0 -99.0 -99.0
20260611 296 -9.0    -9  32  3.1  935  23  8.5 1041 -99.0  26.7 1101  14.9  507 -99.0 -99.0  10.3  -9.0  44.0  905  -9.0  -9.0  -9.0 -9.00   -9.0   -9.0 1009.9  652 1008.9  300 -9.0 -9.0 14.5 -9.0 -9.00 -9.00   -9   -9.0   -9.0 -9.00   -9.0   -9   -9.0   -9   -9.0   -9   -9.0   -9   -9.0   -9 -99.0 -99.0 -99.0 -99.0 -99.0
#7777END
