표준코드,facility_name,address,benefit_area,total_capacity,effective_capacity,basin_area,full_water_area,start_year,completion_year,source_file,본부,지사,sigungu
4413010010,천호,충청남도 천안시 동남구 신부동,4.0,1071.0,1071.0,850.0,33.0,1952-04-10,1957-12-30,농업기반시설_저수지_2021_v3.csv,,,천안시
4413010011,업성,충청남도 천안시 서북구 업성동,142.0,952.0,952.0,507.0,37.0,1965-12-06,1972-01-01,농업기반시설_저수지_2021_v3.csv,,,천안시
4413010016,문암,충청남도 천안시 동남구 안서동,53.0,562.0,562.0,168.0,7.0,1976-12-27,1978-01-01,농업기반시설_저수지_2021_v3.csv,,,천안시
4413010018,매주,충청남도 천안시 서북구 성환읍 매주리,27.0,192.0,177.0,130.0,8.0,1971-01-01,1972-12-30,농업기반시설_저수지_2021_v3.csv,,,천안시
4413010019,율금,충청남도 천안시 서북구 직산읍 석곡리,27.0,129.0,121.0,65.0,6.0,1970-12-31,1972-12-30,농업기반시설_저수지_2021_v3.csv,,,천안시
4413010020,왕림,충청남도 천안시 서북구 성환읍 왕림리,19.0,49.0,49.0,60.0,2.0,1970-12-31,1972-12-30,농업기반시설_저수지_2021_v3.csv,,,천안시
4413010021,어룡,충청남도 천안시 서북구 성환읍 어룡리,60.0,93.0,92.0,107.0,5.0,1939-11-09,1940-12-30,농업기반시설_저수지_2021_v3.csv,,,천안시
4413010022,학정,충청남도 천안시 서북구 성환읍 학정리,214.0,775.0,775.0,706.0,40.0,1927-12-26,1929-01-15,농업기반시설_저수지_2021_v3.csv,,,천안시
4413010023,남창,충청남도 천안시 서북구 성거읍 송남리,37.0,145.0,145.0,100.0,4.0,1956-01-12,1959-12-30,농업기반시설_저수지_2021_v3.csv,,,천안시
4413010024,천흥,충청남도 천안시 서북구 성거읍 천흥리,206.0,839.0,830.0,500.0,14.0,1956-02-02,1959-12-30,농업기반시설_저수지_2021_v3.csv,,,천안시
4413010025,성거,충청남도 천안시 서북구 성거읍 천흥리,15.0,72.0,72.0,100.0,4.0,1972-09-14,1973-11-15,농업기반시설_저수지_2021_v3.csv,,,천안시
4413010029,신월,충청남도 천안시 서북구 성거읍 신월리,27.0,207.0,196.0,94.0,8.0,1965-12-07,1972-01-01,농업기반시설_저수지_2021_v3.csv,,,천안시
4413010033,용연,충청남도 천안시 동남구 목천읍 서흥리,421.0,3050.0,3050.0,2070.0,49.0,1956-09-25,1962-12-31,농업기반시설_저수지_2021_v3.csv,,,천안시
4413010039,대정,충청남도 천안시 동남구 성남면 대정리,147.0,755.0,739.0,383.0,16.0,1952-04-02,1955-06-30,농업기반시설_저수지_2021_v3.csv,,,천안시
4413010045,발산,충청남도 천안시 동남구 수신면 발산리,11.0,76.0,64.0,69.0,2.0,1952-04-29,1955-06-30,농업기반시설_저수지_2021_v3.csv,,,천안시
4413010069,직산,충청남도 천안시 서북구 직산읍 삼은리,21.0,85.0,84.0,217.0,7.0,1937-12-31,1939-10-30,농업기반시설_저수지_2021_v3.csv,,,천안시
4413010070,양전,충청남도 천안시 서북구 직산읍 양당리,263.0,385.0,369.0,360.0,23.0,1944-10-25,1949-05-10,농업기반시설_저수지_2021_v3.csv,,,천안시
4413010072,마정,충청남도 천안시 서북구 직산읍 마정리,88.0,451.0,438.0,360.0,18.0,1944-10-30,1949-05-10,농업기반시설_저수지_2021_v3.csv,,,천안시
4413010074,입장,충청남도 천안시 서북구 입장면 기로리,352.0,636.0,622.0,752.0,18.0,1943-12-06,1952-05-31,농업기반시설_저수지_2021_v3.csv,,,천안시
4413010075,풍년,충청남도 천안시 서북구 입장면 시장리,292.0,1264.0,1172.0,683.0,31.0,1953-12-30,1957-12-30,농업기반시설_저수지_2021_v3.csv,,,천안시
4415010037,기산,충청남도 공주시 계룡면 기산리,140.0,648.0,643.0,303.0,12.0,1976-07-22,1978-12-30,농업기반시설_저수지_2021_v3.csv,,,공주시
4415010042,계룡,충청남도 공주시 계룡면 하대리,450.0,4717.0,4717.0,1574.0,72.0,1954-02-10,1964-12-31,농업기반시설_저수지_2021_v3.csv,,,공주시
4415010045,경천(양화),충청남도 공주시 계룡면 양화리,297.0,2030.0,2028.0,800.0,40.0,1963-01-10,1967-12-30,농업기반시설_저수지_2021_v3.csv,,,공주시
4415010062,월곡,충청남도 공주시 의당면 월곡리,36.0,175.0,175.0,253.0,5.0,1989-02-10,1989-12-30,농업기반시설_저수지_2021_v3.csv,,,공주시
4415010063,유계,충청남도 공주시 의당면 유계리,95.0,761.0,748.0,190.0,8.0,1982-09-09,1989-12-30,농업기반시설_저수지_2021_v3.csv,,,공주시
4415010066,중흥,충청남도 공주시 의당면 중흥리,275.0,2777.0,2680.0,920.0,34.0,1986-08-15,1999-04-17,농업기반시설_저수지_2021_v3.csv,,,공주시
4415010067,요룡,충청남도 공주시 의당면 요룡리,106.0,1495.0,1364.0,430.0,13.0,1982-02-08,1989-12-30,농업기반시설_저수지_2021_v3.csv,,,공주시
4415010070,평정,충청남도 공주시 정안면 평정리,83.0,566.0,558.0,294.0,7.0,1990-01-01,1997-01-01,농업기반시설_저수지_2021_v3.csv,,,공주시
4415010071,정안,충청남도 공주시 정안면 고성리,187.0,2461.0,2460.0,676.0,28.0,1968-11-01,1976-12-31,농업기반시설_저수지_2021_v3.csv,,,공주시
4415010080,영천(한천),충청남도 공주시 우성면 한천리,283.0,2585.0,2530.0,722.0,24.0,1957-01-08,1961-12-31,농업기반시설_저수지_2021_v3.csv,,,공주시
4415010083,우목,충청남도 공주시 우성면 용봉리,321.0,1453.0,1430.0,1750.0,26.0,1982-02-23,1988-12-30,농업기반시설_저수지_2021_v3.csv,,,공주시
4415010094,봉명,충청남도 공주시 계룡면 봉명리,15.0,18.0,18.0,50.0,1.0,1996-04-01,1997-12-31,농업기반시설_저수지_2021_v3.csv,,,공주시
4418010005,평리,충청남도 보령시 웅천읍 평리,26.0,189.0,187.0,141.0,3.0,1992-10-01,1998-12-31,농업기반시설_저수지_2021_v3.csv,,,보령시
4418010006,구,충청남도 보령시 웅천읍 수부리,17.0,45.0,43.0,109.0,1.0,1945-01-01,1946-12-31,농업기반시설_저수지_2021_v3.csv,,,보령시
4418010007,수부,충청남도 보령시 웅천읍 수부리,98.0,334.0,317.0,218.0,10.0,1957-01-01,1959-01-01,농업기반시설_저수지_2021_v3.csv,,,보령시
4418010014,구수,충청남도 보령시 주포면 마강리,80.0,230.0,228.0,169.0,10.0,1941-01-01,1942-12-31,농업기반시설_저수지_2021_v3.csv,,,보령시
4418010019,수지,충청남도 보령시 주포면 연지리,51.0,169.0,160.0,114.0,6.0,1945-01-01,1946-12-31,농업기반시설_저수지_2021_v3.csv,,,보령시
4418010040,진죽,충청남도 보령시 청소면 진죽리,101.0,688.0,654.0,557.0,45.0,1945-04-05,1946-12-31,농업기반시설_저수지_2021_v3.csv,,,보령시
4418010041,신송,충청남도 보령시 청소면 신송리,41.0,123.0,123.0,36.0,6.0,1959-01-01,1960-12-30,농업기반시설_저수지_2021_v3.csv,,,보령시
4418010042,죽림,충청남도 보령시 청소면 죽림리,43.0,177.0,168.0,163.0,4.0,1946-04-10,1947-12-31,농업기반시설_저수지_2021_v3.csv,,,보령시
4418010045,성연,충청남도 보령시 청소면 성연리,276.0,1789.0,1789.0,750.0,25.0,1972-01-01,1977-01-01,농업기반시설_저수지_2021_v3.csv,,,보령시
4418010046,야현,충청남도 보령시 청소면 야현리,3.0,14.0,14.0,52.0,1.0,1945-01-01,1946-12-31,농업기반시설_저수지_2021_v3.csv,,,보령시
4418010047,장곡,충청남도 보령시 청소면 장곡리,17.0,58.0,50.0,360.0,5.0,1945-05-09,1946-12-31,농업기반시설_저수지_2021_v3.csv,,,보령시
4418010048,월티,충청남도 보령시 청라면 나원리,98.0,522.0,496.0,344.0,9.0,1960-03-03,1961-12-31,농업기반시설_저수지_2021_v3.csv,,,보령시
4418010051,의평,충청남도 보령시 청라면 의평리,26.0,168.0,160.0,165.0,4.0,1961-03-01,1961-12-31,농업기반시설_저수지_2021_v3.csv,,,보령시
4418010052,청천,충청남도 보령시 죽정동,2638.0,20800.0,20753.0,7010.0,265.0,1952-01-01,1962-12-31,농업기반시설_저수지_2021_v3.csv,,,보령시
4418010058,옥계,충청남도 보령시 청라면 옥계리,115.0,904.0,829.0,220.0,10.0,1990-11-21,1996-12-31,농업기반시설_저수지_2021_v3.csv,,,보령시
4418010060,황룡,충청남도 보령시 청라면 황룡리,52.0,285.0,267.0,135.0,4.0,1990-11-21,1996-12-31,농업기반시설_저수지_2021_v3.csv,,,보령시
4418010061,장전,충청남도 보령시 청라면 장현리,135.0,744.0,707.0,436.0,11.0,1957-01-01,1961-12-31,농업기반시설_저수지_2021_v3.csv,,,보령시
4418010066,대야,충청남도 보령시 남포면 제석리,5.0,16.0,16.0,10.0,1.0,1945-01-01,1946-12-31,농업기반시설_저수지_2021_v3.csv,,,보령시
4418010069,옥서,충청남도 보령시 남포면 옥서리,226.0,1420.0,1350.0,800.0,29.0,1956-01-01,1961-01-01,농업기반시설_저수지_2021_v3.csv,,,보령시
4418010070,신흥2,충청남도 보령시 남포면 신흥리,5.0,1.0,1.0,60.0,1.0,1946-01-01,1947-12-31,농업기반시설_저수지_2021_v3.csv,,,보령시
4418010071,신흥1,충청남도 보령시 남포면 신흥리,6.0,11.0,10.0,70.0,2.0,1954-01-01,1955-12-30,농업기반시설_저수지_2021_v3.csv,,,보령시
4418010073,양기1,충청남도 보령시 남포면 양기리,25.0,70.0,67.0,85.0,3.0,1960-10-17,1961-12-29,농업기반시설_저수지_2021_v3.csv,,,보령시
4418010078,용제,충청남도 보령시 주산면 야룡리,50.0,205.0,195.0,188.0,9.0,1945-01-01,1947-12-30,농업기반시설_저수지_2021_v3.csv,,,보령시
4418010082,신구,충청남도 보령시 주산면 신구리,75.0,411.0,404.0,257.0,10.0,1956-04-04,1957-12-17,농업기반시설_저수지_2021_v3.csv,,,보령시
4418010084,유곡,충청남도 보령시 주산면 유곡리,18.0,110.0,110.0,108.0,5.0,1945-01-02,1948-12-30,농업기반시설_저수지_2021_v3.csv,,,보령시
4418010090,삼곡2,충청남도 보령시 주산면 삼곡리,20.0,6.0,6.0,27.0,1.0,1945-01-01,1948-01-01,농업기반시설_저수지_2021_v3.csv,,,보령시
4418010091,삼곡1,충청남도 보령시 주산면 삼곡리,26.0,8.0,8.0,61.0,1.0,1949-01-01,1952-12-30,농업기반시설_저수지_2021_v3.csv,,,보령시
4418010105,은포,충청남도 보령시 주교면 은포리,13.0,64.0,64.0,191.0,5.0,1946-07-26,1947-12-30,농업기반시설_저수지_2021_v3.csv,,,보령시
4418010106,해창,충청남도 보령시 주교면 관창리,60.0,96.0,96.0,19.0,5.0,1946-03-05,1947-12-30,농업기반시설_저수지_2021_v3.csv,,,보령시
4418010107,내현,충청남도 보령시 청라면 음현리,130.0,834.0,758.0,260.0,13.0,2000-11-27,2005-12-20,농업기반시설_저수지_2021_v3.csv,,,보령시
4420010001,마산,충청남도 아산시 방축동,149.0,2560.0,2560.0,1776.0,91.0,1926-01-01,1928-03-31,농업기반시설_저수지_2021_v3.csv,,,아산시
4420010006,가혜,충청남도 아산시 염치읍 동정리,593.0,3502.0,3494.0,1588.0,81.0,1946-01-01,1950-03-30,농업기반시설_저수지_2021_v3.csv,,,아산시
4420010010,궁평,충청남도 아산시 송악면 궁평리,1108.0,6717.0,6717.0,4333.0,112.0,1952-11-15,1961-12-30,농업기반시설_저수지_2021_v3.csv,,,아산시
4420010011,수철,충청남도 아산시 배방읍 수철리,106.0,354.0,353.0,442.0,8.0,1976-12-02,1978-11-30,농업기반시설_저수지_2021_v3.csv,,,아산시
4420010026,동천,충청남도 아산시 음봉면 신수리,18.0,91.0,90.0,107.0,3.0,1957-05-20,1960-12-31,농업기반시설_저수지_2021_v3.csv,,,아산시
4420010027,신정,충청남도 아산시 음봉면 신정리,31.0,134.0,132.0,80.0,6.0,1957-05-20,1960-12-30,농업기반시설_저수지_2021_v3.csv,,,아산시
4420010029,신휴,충청남도 아산시 음봉면 신휴리,218.0,1096.0,1090.0,842.0,53.0,1944-11-01,1954-03-31,농업기반시설_저수지_2021_v3.csv,,,아산시
4420010031,월랑,충청남도 아산시 음봉면 월랑리,135.0,528.0,524.0,421.0,22.0,1957-05-20,1960-12-31,농업기반시설_저수지_2021_v3.csv,,,아산시
4420010032,동암,충청남도 아산시 음봉면 동암리,63.0,387.0,387.0,234.0,12.0,1957-05-20,1960-12-31,농업기반시설_저수지_2021_v3.csv,,,아산시
4420010033,봉재,충청남도 아산시 둔포면 봉재리,389.0,1339.0,1338.0,793.0,46.0,1942-12-01,1944-03-25,농업기반시설_저수지_2021_v3.csv,,,아산시
4420010036,상성,충청남도 아산시 영인면 상성리,253.0,1112.0,1112.0,481.0,35.0,1955-01-01,1958-06-30,농업기반시설_저수지_2021_v3.csv,,,아산시
4420010038,신봉,충청남도 아산시 영인면 신봉리,56.0,161.0,158.0,228.0,8.0,1956-01-01,1958-12-31,농업기반시설_저수지_2021_v3.csv,,,아산시
4420010039,성내,충청남도 아산시 영인면 성내리,334.0,1321.0,1033.0,640.0,42.0,1952-01-01,1958-12-31,농업기반시설_저수지_2021_v3.csv,,,아산시
4420010040,문방,충청남도 아산시 인주면 문방리,61.0,201.0,198.0,228.0,17.0,1952-01-01,1952-05-30,농업기반시설_저수지_2021_v3.csv,,,아산시
4420010041,냉정,충청남도 아산시 인주면 냉정리,326.0,940.0,940.0,535.0,26.0,1940-01-01,1941-03-31,농업기반시설_저수지_2021_v3.csv,,,아산시
4420010042,죽산,충청남도 아산시 선장면 죽산리,128.0,621.0,615.0,143.0,24.0,1942-01-01,1942-12-26,농업기반시설_저수지_2021_v3.csv,,,아산시
4420010045,도고,충청남도 아산시 도고면 석당리,841.0,4294.0,4278.0,2097.0,97.0,1928-01-01,1929-11-30,농업기반시설_저수지_2021_v3.csv,,,아산시
4420010048,신창,충청남도 아산시 신창면 오목리,97.0,771.0,771.0,480.0,34.0,1950-01-01,1954-03-31,농업기반시설_저수지_2021_v3.csv,,,아산시
4421010002,잠홍,충청남도 서산시 음암면 부산리,363.0,1509.0,1485.0,1129.0,69.0,1951-11-05,1958-12-31,농업기반시설_저수지_2021_v3.csv,,,서산시
4421010005,대산,충청남도 서산시 대산읍 대로리,102.0,491.0,408.0,335.0,15.0,1976-01-01,1978-01-01,농업기반시설_저수지_2021_v3.csv,,,서산시
4421010014,모월,충청남도 서산시 인지면 산동리,109.0,601.0,601.0,262.0,31.0,1978-01-01,1982-01-01,농업기반시설_저수지_2021_v3.csv,,,서산시
4421010017,풍전,충청남도 서산시 인지면 풍전리,655.0,2623.0,2621.0,1110.0,70.0,1942-01-21,1944-12-29,농업기반시설_저수지_2021_v3.csv,,,서산시
4421010018,강수,충청남도 서산시 부석면 강수리,37.0,96.0,96.0,140.0,4.0,1957-04-08,1957-12-08,농업기반시설_저수지_2021_v3.csv,,,서산시
4421010028,마룡,충청남도 서산시 부석면 마룡리,40.0,350.0,346.0,114.0,20.0,1955-01-01,1961-01-01,농업기반시설_저수지_2021_v3.csv,,,서산시
4421010036,중왕,충청남도 서산시 지곡면 중왕리,204.0,1138.0,1120.0,910.0,51.0,1986-09-04,1996-12-01,농업기반시설_저수지_2021_v3.csv,,,서산시
4421010037,지곡,충청남도 서산시 지곡면 도성리,45.0,307.0,307.0,135.0,15.0,1946-08-30,1954-07-01,농업기반시설_저수지_2021_v3.csv,,,서산시
4421010039,고남,충청남도 서산시 성연면 고남리,93.0,1073.0,1073.0,430.0,20.0,1965-01-01,1968-01-01,농업기반시설_저수지_2021_v3.csv,,,서산시
4421010042,성암,충청남도 서산시 음암면 탑곡리,624.0,3157.0,3074.0,1936.0,104.0,1963-07-29,1966-12-31,농업기반시설_저수지_2021_v3.csv,,,서산시
4421010043,신창,충청남도 서산시 운산면 신창리,189.0,1835.0,1787.0,440.0,19.0,1976-04-01,1978-06-01,농업기반시설_저수지_2021_v3.csv,,,서산시
4421010044,용현,충청남도 서산시 운산면 용현리,33.0,357.0,357.0,123.0,7.0,1973-04-01,1974-06-01,농업기반시설_저수지_2021_v3.csv,,,서산시
4421010045,고풍,충청남도 서산시 운산면 고풍리,1294.0,8360.0,7822.0,2590.0,62.0,1967-04-05,1975-12-31,농업기반시설_저수지_2021_v3.csv,,,서산시
4421010052,산수,충청남도 서산시 해미면 산수리,639.0,3445.0,3316.0,1706.0,44.0,1953-03-04,1962-12-31,농업기반시설_저수지_2021_v3.csv,,,서산시
4421010053,황락,충청남도 서산시 해미면 황락리,77.0,1039.0,1039.0,420.0,11.0,1985-09-30,1991-11-30,농업기반시설_저수지_2021_v3.csv,,,서산시
4421010054,신송,충청남도 서산시 고북면 신송리,407.0,3220.0,3220.0,680.0,48.0,1978-11-10,1984-12-31,농업기반시설_저수지_2021_v3.csv,,,서산시
4423010001,소룡,충청남도 논산시 연무읍 소룡리,28.0,88.0,85.0,70.0,2.0,1961-01-01,1963-12-30,농업기반시설_저수지_2021_v3.csv,,,논산시
4423010002,양지,충청남도 논산시 연무읍 양지리,8.0,10.0,10.0,50.0,0.0,1965-01-01,1966-12-30,농업기반시설_저수지_2021_v3.csv,,,논산시
4423010005,고내,충청남도 논산시 연무읍 고내리,77.0,235.0,230.0,199.0,7.0,1956-01-01,1956-03-28,농업기반시설_저수지_2021_v3.csv,,,논산시
4423010007,고합,충청남도 논산시 연무읍 황화정리,64.0,277.0,273.0,152.0,5.0,1957-01-01,1957-12-30,농업기반시설_저수지_2021_v3.csv,,,논산시
4423010010,안심,충청남도 논산시 연무읍 안심리,5.0,10.0,10.0,40.0,2.0,1911-01-01,1913-12-30,농업기반시설_저수지_2021_v3.csv,,,논산시
4423010018,소곡,충청남도 논산시 노성면 송당리,18.0,35.0,27.0,120.0,3.0,1953-01-01,1957-12-30,농업기반시설_저수지_2021_v3.csv,,,논산시
4423010020,월명,충청남도 논산시 노성면 송당리,25.0,42.0,37.0,67.0,2.0,1953-03-20,1957-03-20,농업기반시설_저수지_2021_v3.csv,,,논산시
4423010022,가곡,충청남도 논산시 노성면 병사리,208.0,726.0,695.0,500.0,26.0,1953-01-01,1955-12-30,농업기반시설_저수지_2021_v3.csv,,,논산시
4423010030,지경,충청남도 논산시 상월면 지경리,11.0,17.0,15.0,50.0,3.0,1945-01-01,1945-12-31,농업기반시설_저수지_2021_v3.csv,,,논산시
4423010031,석종,충청남도 논산시 상월면 석종리,9.0,19.0,18.0,39.0,1.0,1940-01-01,1940-12-30,농업기반시설_저수지_2021_v3.csv,,,논산시
4423010037,띠울,충청남도 논산시 상월면 대명리,4.0,6.0,6.0,40.0,1.0,1940-01-01,1940-12-30,농업기반시설_저수지_2021_v3.csv,,,논산시
4423010041,한천,충청남도 논산시 상월면 한천리,7.0,1.0,1.0,50.0,1.0,1945-01-01,1945-12-31,농업기반시설_저수지_2021_v3.csv,,,논산시
4423010042,수정골,충청남도 논산시 상월면 숙진리,5.0,11.0,10.0,80.0,3.0,1945-01-01,1945-12-10,농업기반시설_저수지_2021_v3.csv,,,논산시
4423010043,도정골,충청남도 논산시 상월면 숙진리,5.0,2.0,2.0,15.0,1.0,1945-01-01,1945-12-30,농업기반시설_저수지_2021_v3.csv,,,논산시
4423010044,신풍,충청남도 논산시 부적면 신풍리,3.0,7.0,7.0,43.0,1.0,1965-01-01,1965-12-30,농업기반시설_저수지_2021_v3.csv,,,논산시
4423010045,탑정,충청남도 논산시 부적면 탑정리,5713.0,34983.0,34940.0,21880.0,662.0,1941-03-13,1944-08-31,농업기반시설_저수지_2021_v3.csv,,,논산시
4423010046,아곡,충청남도 논산시 부적면 신교리,45.0,151.0,138.0,50.0,7.0,1910-01-03,1910-12-30,농업기반시설_저수지_2021_v3.csv,,,논산시
4423010047,평촌,충청남도 논산시 부적면 반송리,10.0,19.0,15.0,15.0,2.0,1910-08-20,1911-03-22,농업기반시설_저수지_2021_v3.csv,,,논산시
4423010055,양동,충청남도 논산시 연산면 신양리,3.0,1.0,1.0,3.0,0.0,1945-01-01,1945-12-30,농업기반시설_저수지_2021_v3.csv,,,논산시
4423010067,임화,충청남도 논산시 양촌면 임화리,41.0,494.0,480.0,191.0,8.0,1976-01-01,1979-12-30,농업기반시설_저수지_2021_v3.csv,,,논산시
4423010073,서당,충청남도 논산시 양촌면 반곡리,12.0,17.0,13.0,19.0,1.0,1945-01-01,1945-12-30,농업기반시설_저수지_2021_v3.csv,,,논산시
4423010080,강청,충청남도 논산시 가야곡면 강청리,70.0,323.0,234.0,178.0,7.0,1975-12-01,1976-12-30,농업기반시설_저수지_2021_v3.csv,,,논산시
4423010081,국동,충청남도 논산시 가야곡면 함적리,9.0,12.0,10.0,43.0,1.0,1945-01-01,1946-12-30,농업기반시설_저수지_2021_v3.csv,,,논산시
4423010085,유와골,충청남도 논산시 은진면 용산리,14.0,8.0,8.0,35.0,1.0,1957-01-01,1961-12-30,농업기반시설_저수지_2021_v3.csv,,,논산시
4423010086,성덕,충청남도 논산시 은진면 성덕리,4.0,2.0,2.0,15.0,0.0,1935-01-01,1935-12-31,농업기반시설_저수지_2021_v3.csv,,,논산시
4423010087,수락,충청남도 논산시 벌곡면 수락리,192.0,921.0,856.0,621.0,12.0,2000-01-03,2002-12-31,농업기반시설_저수지_2021_v3.csv,,,논산시
4471010014,화림,충청남도 금산군 금성면 화림리,95.0,390.0,390.0,466.0,10.0,1950-04-20,1956-12-28,농업기반시설_저수지_2021_v3.csv,,,금산군
4471010057,홍도,충청남도 금산군 남일면 신정리,30.0,55.0,55.0,230.0,2.0,1971-10-01,1974-01-01,농업기반시설_저수지_2021_v3.csv,,,금산군
4471010058,신동,충청남도 금산군 남일면 신동리,60.0,1887.0,1881.0,670.0,20.0,1956-01-01,1961-01-01,농업기반시설_저수지_2021_v3.csv,,,금산군
4471010071,청림,충청남도 금산군 진산면 행정리,85.0,691.0,679.0,480.0,10.0,1967-01-01,1970-01-01,농업기반시설_저수지_2021_v3.csv,,,금산군
4471010082,지동,충청남도 금산군 추부면 용지리,59.0,164.0,164.0,280.0,7.0,1952-03-20,1958-01-01,농업기반시설_저수지_2021_v3.csv,,,금산군
4471010087,장산,충청남도 금산군 추부면 요광리,16.0,222.0,220.0,186.0,6.0,1952-03-20,1958-01-01,농업기반시설_저수지_2021_v3.csv,,,금산군
4471010088,동곡,충청남도 금산군 제원면 동곡리,124.0,848.0,826.0,450.0,9.0,1997-12-04,2002-12-31,농업기반시설_저수지_2021_v3.csv,,,금산군
4471010089,숭암,충청남도 금산군 추부면 장대리,95.0,438.0,414.0,358.0,10.0,1952-12-26,1958-01-01,농업기반시설_저수지_2021_v3.csv,,,금산군
4471010090,석동,충청남도 금산군 남이면 석동리,151.0,993.0,928.0,323.0,10.0,1998-12-24,2005-12-26,농업기반시설_저수지_2021_v3.csv,,,금산군
4476010006,반산,충청남도 부여군 규암면 석우리,765.0,5692.0,5652.0,1740.0,125.0,1946-06-01,1956-06-30,농업기반시설_저수지_2021_v3.csv,,,부여군
4476010042,상천,충청남도 부여군 홍산면 상천리,183.0,684.0,615.0,353.0,11.0,1942-01-01,1943-12-01,농업기반시설_저수지_2021_v3.csv,,,부여군
4476010046,옥산,충청남도 부여군 옥산면 봉산리,482.0,2682.0,2413.0,1700.0,73.0,1929-04-01,1930-09-01,농업기반시설_저수지_2021_v3.csv,,,부여군
4476010060,복심,충청남도 부여군 충화면 복금리,479.0,4711.0,4706.0,1761.0,96.0,1929-04-01,1930-09-01,농업기반시설_저수지_2021_v3.csv,,,부여군
4476010069,덕용,충청남도 부여군 양화면 송정리,1071.0,5661.0,5661.0,1580.0,86.0,1943-12-06,1955-05-31,농업기반시설_저수지_2021_v3.csv,,,부여군
4476010076,가신,충청남도 부여군 임천면 가신리,62.0,433.0,426.0,200.0,13.0,1940-11-01,1941-12-01,농업기반시설_저수지_2021_v3.csv,,,부여군
4476010084,두곡,충청남도 부여군 임천면 두곡리,22.0,111.0,100.0,92.0,3.0,1943-01-01,1944-12-01,농업기반시설_저수지_2021_v3.csv,,,부여군
4476010094,마하동,충청남도 부여군 세도면 귀덕리,36.0,137.0,129.0,65.0,6.0,1944-01-01,1945-05-31,농업기반시설_저수지_2021_v3.csv,,,부여군
4476010095,삼산,충청남도 부여군 외산면 삼산리,80.0,546.0,543.0,180.0,5.0,2001-12-17,2009-12-30,농업기반시설_저수지_2021_v3.csv,,,부여군
4476010096,화성,충청남도 부여군 외산면 화성리,80.0,724.0,721.0,205.0,9.0,2001-12-17,2009-12-30,농업기반시설_저수지_2021_v3.csv,,,부여군
4476010243,초촌,충청남도 부여군 초촌면 세탑리,0.0,1034.0,942.0,239.0,104.0,2017-05-15,2021-12-15,농업기반시설_저수지_2021_v3.csv,,,부여군
4477010004,축동,충청남도 서천군 한산면 축동리,370.0,1707.0,1491.0,752.0,82.0,1945-09-01,1955-05-31,농업기반시설_저수지_2021_v3.csv,,,서천군
4477010006,동부,충청남도 서천군 시초면 봉선리,2477.0,12182.0,10734.0,2834.0,244.0,1923-11-17,1926-06-10,농업기반시설_저수지_2021_v3.csv,,,서천군
4477010007,문산,충청남도 서천군 문산면 신농리,261.0,973.0,973.0,960.0,37.0,1957-12-15,1964-12-04,농업기반시설_저수지_2021_v3.csv,,,서천군
4477010010,종천,충청남도 서천군 판교면 상좌리,385.0,3381.0,3353.0,1200.0,50.0,1956-10-21,1962-05-31,농업기반시설_저수지_2021_v3.csv,,,서천군
4477010011,서부,충청남도 서천군 판교면 흥림리,1627.0,8018.0,7989.0,3039.0,125.0,1923-11-17,1926-06-10,농업기반시설_저수지_2021_v3.csv,,,서천군
4477010015,안치,충청남도 서천군 비인면 성북리,53.0,167.0,167.0,110.0,4.0,1943-09-04,1945-09-20,농업기반시설_저수지_2021_v3.csv,,,서천군
4477010020,주항,충청남도 서천군 서면 주항리,163.0,744.0,691.0,367.0,32.0,1946-11-01,1958-08-28,농업기반시설_저수지_2021_v3.csv,,,서천군
4479010002,적누,충청남도 청양군 청양읍 적누리,164.0,2626.0,2611.0,452.0,23.0,1985-08-12,1997-12-31,농업기반시설_저수지_2021_v3.csv,,,청양군
4479010014,모곡,충청남도 청양군 운곡면 모곡리,13.0,8.0,8.0,58.0,2.0,1977-01-01,1978-12-31,농업기반시설_저수지_2021_v3.csv,,,청양군
4479010015,신대(운곡),충청남도 청양군 운곡면 신대리,191.0,2990.0,2930.0,962.0,28.0,1975-11-17,1977-12-20,농업기반시설_저수지_2021_v3.csv,,,청양군
4479010033,천장,충청남도 청양군 정산면 천장리,551.0,2882.0,2878.0,1270.0,24.0,1972-12-14,1978-12-31,농업기반시설_저수지_2021_v3.csv,,,청양군
4479010038,내지곡,충청남도 청양군 목면 지곡리,18.0,3.0,3.0,32.0,1.0,1943-01-01,1945-12-31,농업기반시설_저수지_2021_v3.csv,,,청양군
4479010041,아산,충청남도 청양군 청남면 아산리,20.0,9.0,9.0,29.0,2.0,1943-01-01,1945-12-31,농업기반시설_저수지_2021_v3.csv,,,청양군
4479010044,도림,충청남도 청양군 장평면 적곡리,482.0,3829.0,3776.0,650.0,26.0,1987-12-01,2001-12-15,농업기반시설_저수지_2021_v3.csv,,,청양군
4479010046,관현(갓고개),충청남도 청양군 장평면 관현리,20.0,4.0,4.0,78.0,1.0,1943-01-01,1945-12-31,농업기반시설_저수지_2021_v3.csv,,,청양군
4479010061,화암,충청남도 청양군 화성면 화암리,69.0,414.0,401.0,170.0,7.0,1943-11-11,1945-03-30,농업기반시설_저수지_2021_v3.csv,,,청양군
4479010063,신리,충청남도 청양군 화성면 수정리,32.0,159.0,159.0,68.0,2.0,1944-01-01,1945-03-31,농업기반시설_저수지_2021_v3.csv,,,청양군
4479010065,수정,충청남도 청양군 화성면 수정리,53.0,337.0,337.0,106.0,5.0,1989-01-01,1994-12-31,농업기반시설_저수지_2021_v3.csv,,,청양군
4479010067,원당1,충청남도 청양군 화성면 용당리,10.0,14.0,14.0,25.0,1.0,1963-01-01,1965-12-31,농업기반시설_저수지_2021_v3.csv,,,청양군
4479010070,매산,충청남도 청양군 화성면 매산리,102.0,555.0,554.0,345.0,9.0,1976-12-01,1979-09-28,농업기반시설_저수지_2021_v3.csv,,,청양군
4479010075,사점,충청남도 청양군 비봉면 사점리,100.0,297.0,297.0,207.0,6.0,1944-01-03,1945-03-30,농업기반시설_저수지_2021_v3.csv,,,청양군
4479010076,관산2,충청남도 청양군 비봉면 관산리,12.0,29.0,29.0,143.0,2.0,1975-01-01,1977-12-31,농업기반시설_저수지_2021_v3.csv,,,청양군
4479010077,관산,충청남도 청양군 비봉면 관산리,156.0,1170.0,1170.0,250.0,11.0,1985-08-12,1997-12-31,농업기반시설_저수지_2021_v3.csv,,,청양군
4479010079,갈망골,충청남도 청양군 비봉면 강정리,28.0,189.0,155.0,55.0,4.0,2000-12-19,2004-12-20,농업기반시설_저수지_2021_v3.csv,,,청양군
4479010080,안골,충청남도 청양군 비봉면 강정리,15.0,15.0,15.0,35.0,1.0,1962-01-01,1964-12-31,농업기반시설_저수지_2021_v3.csv,,,청양군
4479010083,용천,충청남도 청양군 비봉면 용천리,36.0,156.0,150.0,102.0,5.0,1956-01-01,1958-12-31,농업기반시설_저수지_2021_v3.csv,,,청양군
4479010084,방한,충청남도 청양군 비봉면 방한리,70.0,140.0,119.0,100.0,3.0,1956-01-02,1958-12-31,농업기반시설_저수지_2021_v3.csv,,,청양군
4479010085,신정,충청남도 청양군 화성면 신정리,27.0,49.0,49.0,75.0,1.0,1970-01-01,1971-12-31,농업기반시설_저수지_2021_v3.csv,,,청양군
4479010086,원용두,충청남도 청양군 정산면 용두리,22.0,15.0,15.0,174.0,1.0,1954-01-01,1955-12-31,농업기반시설_저수지_2021_v3.csv,,,청양군
4479010087,은곡,충청남도 청양군 장평면 적곡리,125.0,922.0,867.0,168.0,11.0,1987-12-01,2001-12-31,농업기반시설_저수지_2021_v3.csv,,,청양군
4479010088,장재,충청남도 청양군 비봉면 장재리,11.0,12.0,12.0,29.0,2.0,1956-01-01,1958-12-31,농업기반시설_저수지_2021_v3.csv,,,청양군
4479010089,대박,충청남도 청양군 정산면 대박리,50.0,347.0,345.0,77.0,4.0,2002-09-10,2005-12-23,농업기반시설_저수지_2021_v3.csv,,,청양군
4479010090,칠갑,충청남도 청양군 대치면 광대리,682.0,5085.0,4760.0,1730.0,59.0,1991-08-12,2013-12-31,농업기반시설_저수지_2021_v3.csv,,,청양군
4479010157,온암,충청남도 청양군 남양면 온암리,0.0,2024.0,1747.0,750.0,25.0,2003-12-17,2017-12-31,농업기반시설_저수지_2021_v3.csv,,,청양군
4479010170,본의,충청남도 청양군 목면 본의리,0.0,1600.0,1390.0,380.0,18.0,2006-12-22,2018-12-20,농업기반시설_저수지_2021_v3.csv,,,청양군
4480010004,벽정,충청남도 홍성군 광천읍 벽계리,58.0,205.0,205.0,210.0,6.0,1941-01-01,1945-01-01,농업기반시설_저수지_2021_v3.csv,,,홍성군
4480010007,월암,충청남도 홍성군 금마면 봉서리,35.0,323.0,309.0,205.0,8.0,1981-03-07,1992-01-01,농업기반시설_저수지_2021_v3.csv,,,홍성군
4480010008,홍양,충청남도 홍성군 금마면 장성리,442.0,2057.0,2057.0,2410.0,67.0,1941-01-01,1945-01-01,농업기반시설_저수지_2021_v3.csv,,,홍성군
4480010011,장곡,충청남도 홍성군 장곡면 죽전리,255.0,1122.0,1122.0,1064.0,30.0,1976-01-01,1978-01-01,농업기반시설_저수지_2021_v3.csv,,,홍성군
4480010012,홍동,충청남도 홍성군 장곡면 지정리,235.0,1064.0,1064.0,1480.0,41.0,1945-01-01,1955-01-01,농업기반시설_저수지_2021_v3.csv,,,홍성군
4480010039,가곡,충청남도 홍성군 갈산면 가곡리,201.0,1575.0,1543.0,462.0,19.0,1982-01-01,1984-01-01,농업기반시설_저수지_2021_v3.csv,,,홍성군
4480010042,대사,충청남도 홍성군 갈산면 대사리,163.0,1376.0,1376.0,290.0,17.0,1978-01-01,1984-01-01,농업기반시설_저수지_2021_v3.csv,,,홍성군
4480010043,공리,충청남도 홍성군 구항면 공리,168.0,1507.0,1463.0,370.0,30.0,1983-01-01,1985-01-01,농업기반시설_저수지_2021_v3.csv,,,홍성군
4480010044,천태,충청남도 홍성군 장곡면 행정리,246.0,1477.0,1290.0,881.0,36.0,1996-12-27,2005-12-20,농업기반시설_저수지_2021_v3.csv,,,홍성군
4481010005,수철,충청남도 예산군 예산읍 수철리,202.0,785.0,783.0,490.0,14.0,1930-01-01,1931-08-31,농업기반시설_저수지_2021_v3.csv,,,예산군
4481010006,방산,충청남도 예산군 대술면 상항리,266.0,2065.0,2054.0,690.0,33.0,1976-11-09,1982-11-30,농업기반시설_저수지_2021_v3.csv,,,예산군
4481010007,송석,충청남도 예산군 대술면 송석리,171.0,1430.0,1416.0,560.0,24.0,1976-08-16,1982-11-30,농업기반시설_저수지_2021_v3.csv,,,예산군
4481010012,여래미,충청남도 예산군 신양면 여래미리,138.0,1366.0,1242.0,380.0,14.0,1985-08-10,1990-12-20,농업기반시설_저수지_2021_v3.csv,,,예산군
4481010019,산묵,충청남도 예산군 광시면 대리,98.0,730.0,714.0,220.0,9.0,1979-12-27,1982-12-20,농업기반시설_저수지_2021_v3.csv,,,예산군
4481010020,보강(대리),충청남도 예산군 광시면 대리,71.0,490.0,490.0,160.0,6.0,1979-12-27,1982-12-20,농업기반시설_저수지_2021_v3.csv,,,예산군
4481010021,예당(대흥),충청남도 예산군 응봉면 입침리,6917.0,47103.0,46070.0,37360.0,1089.0,1952-12-29,1964-12-31,농업기반시설_저수지_2021_v3.csv,,,예산군
4481010022,옥계,충청남도 예산군 덕산면 옥계리,297.0,3051.0,3014.0,1182.0,43.0,1952-10-04,1957-06-29,농업기반시설_저수지_2021_v3.csv,,,예산군
4481010023,상가,충청남도 예산군 덕산면 상가리,17.0,348.0,333.0,234.0,4.0,1985-10-10,1992-12-31,농업기반시설_저수지_2021_v3.csv,,,예산군
4481010024,용봉,충청남도 예산군 덕산면 둔리,92.0,521.0,517.0,420.0,17.0,1976-06-05,1978-12-20,농업기반시설_저수지_2021_v3.csv,,,예산군
4481010025,광천,충청남도 예산군 덕산면 광천리,65.0,318.0,318.0,120.0,4.0,1985-01-01,1988-01-01,농업기반시설_저수지_2021_v3.csv,,,예산군
4481010027,봉림,충청남도 예산군 봉산면 봉림리,234.0,2221.0,2217.0,745.0,27.0,1942-05-09,1944-03-28,농업기반시설_저수지_2021_v3.csv,,,예산군
4481010050,하천,충청남도 예산군 신양면 하천리,91.0,811.0,707.0,190.0,11.0,2005-12-13,2012-11-30,농업기반시설_저수지_2021_v3.csv,,,예산군
4482010002,인평,충청남도 태안군 태안읍 인평리,203.0,970.0,891.0,1062.0,44.0,1937-04-10,1938-12-30,농업기반시설_저수지_2021_v3.csv,,,태안군
4482010009,승언1호,충청남도 태안군 안면읍 승언리,42.0,246.0,244.0,176.0,21.0,1954-03-25,1959-12-31,농업기반시설_저수지_2021_v3.csv,,,태안군
4482010010,승언2호,충청남도 태안군 안면읍 승언리,98.0,618.0,618.0,283.0,49.0,1954-03-25,1959-12-31,농업기반시설_저수지_2021_v3.csv,,,태안군
4482010011,승언3호,충청남도 태안군 안면읍 승언리,41.0,229.0,228.0,104.0,16.0,1954-03-25,1959-12-31,농업기반시설_저수지_2021_v3.csv,,,태안군
4482010015,창기,충청남도 태안군 안면읍 창기리,33.0,309.0,265.0,88.0,11.0,1954-03-25,1959-12-31,농업기반시설_저수지_2021_v3.csv,,,태안군
4482010016,미포,충청남도 태안군 안면읍 창기리,167.0,1221.0,947.0,33.0,21.0,1979-01-01,1983-01-01,농업기반시설_저수지_2021_v3.csv,,,태안군
4482010019,신야,충청남도 태안군 안면읍 중장리,74.0,265.0,265.0,386.0,12.0,1978-11-07,1982-12-22,농업기반시설_저수지_2021_v3.csv,,,태안군
4482010021,지포,충청남도 태안군 안면읍 중장리,71.0,269.0,269.0,127.0,19.0,1956-06-25,1960-12-30,농업기반시설_저수지_2021_v3.csv,,,태안군
4482010027,수룡,충청남도 태안군 근흥면 수룡리,269.0,1287.0,1285.0,750.0,50.0,1957-06-27,1960-12-31,농업기반시설_저수지_2021_v3.csv,,,태안군
4482010033,송현,충청남도 태안군 소원면 송현리,88.0,221.0,220.0,258.0,11.0,1978-11-07,1982-12-30,농업기반시설_저수지_2021_v3.csv,,,태안군
4482010034,구들,충청남도 태안군 소원면 의항리,4.0,8.0,8.0,32.0,1.0,1975-01-01,1977-01-01,농업기반시설_저수지_2021_v3.csv,,,태안군
4482010036,반계1호,충청남도 태안군 원북면 반계리,83.0,447.0,445.0,287.0,25.0,1929-04-10,1930-12-30,농업기반시설_저수지_2021_v3.csv,,,태안군
4482010038,황촌3호,충청남도 태안군 원북면 황촌리,12.0,56.0,56.0,62.0,4.0,1929-04-10,1930-12-30,농업기반시설_저수지_2021_v3.csv,,,태안군
4482010039,신두2호,충청남도 태안군 원북면 신두리,37.0,182.0,181.0,138.0,13.0,1929-04-10,1930-12-30,농업기반시설_저수지_2021_v3.csv,,,태안군
4482010045,사창,충청남도 태안군 이원면 사창리,58.0,446.0,313.0,215.0,16.0,1948-01-01,1952-12-26,농업기반시설_저수지_2021_v3.csv,,,태안군
4482510001,중장,충청남도 태안군 안면읍 중장리,78.0,624.0,513.0,16.0,9.0,1999-12-11,2002-12-10,농업기반시설_저수지_2021_v3.csv,,,태안군
4482510002,대야,충청남도 태안군 안면읍 중장리,293.0,2086.0,1884.0,125.0,40.0,1999-03-15,2007-12-31,농업기반시설_저수지_2021_v3.csv,,,태안군
4482510003,장곡,충청남도 태안군 고남면 장곡리,47.0,395.0,365.0,74.0,9.0,1998-12-01,2007-12-31,농업기반시설_저수지_2021_v3.csv,,,태안군
4483010007,백미,충청남도 당진시 합덕읍 대전리,28.0,215.0,94.0,220.0,8.0,1935-03-01,1938-12-30,농업기반시설_저수지_2021_v3.csv,,,당진시
4483010008,온동,충청남도 당진시 고대면 당진포리,23.0,86.0,86.0,150.0,10.0,1925-01-01,1933-01-01,농업기반시설_저수지_2021_v3.csv,,,당진시
4483010009,항곡,충청남도 당진시 고대면 항곡리,30.0,94.0,82.0,104.0,4.0,1952-01-17,1955-06-30,농업기반시설_저수지_2021_v3.csv,,,당진시
4483010010,석문,충청남도 당진시 석문면 삼봉리,135.0,975.0,975.0,1750.0,59.0,1963-07-01,1968-06-21,농업기반시설_저수지_2021_v3.csv,,,당진시
4483010035,순성,충청남도 당진시 면천면 원동리,257.0,1428.0,1357.0,850.0,40.0,1953-03-01,1959-12-31,농업기반시설_저수지_2021_v3.csv,,,당진시
4483010043,초대,충청남도 당진시 신평면 초대리,147.0,1080.0,1026.0,470.0,24.0,1971-07-24,1975-12-30,농업기반시설_저수지_2021_v3.csv,,,당진시
4483010044,오봉,충청남도 당진시 신평면 상오리,367.0,875.0,875.0,2020.0,46.0,1921-04-12,1922-05-15,농업기반시설_저수지_2021_v3.csv,,,당진시
4483010047,송악,충청남도 당진시 송악읍 가교리,161.0,488.0,463.0,254.0,10.0,1952-04-01,1958-12-31,농업기반시설_저수지_2021_v3.csv,,,당진시
4483010048,전대,충청남도 당진시 송악읍 전대리,105.0,619.0,587.0,234.0,16.0,1957-02-01,1959-12-31,농업기반시설_저수지_2021_v3.csv,,,당진시
4483010049,당산,충청남도 당진시 송산면 당산리,30.0,37.0,37.0,170.0,5.0,1941-03-03,1944-12-29,농업기반시설_저수지_2021_v3.csv,,,당진시
4413010010,천호,충청남도 천안시 동남구 신부동,4.0,1071.0,1071.0,850.0,33.0,1952-04-10,1957-12-30,한국농어촌공사_농업기반시설 시설제원_저수지_2020.csv,,,천안시
4413010011,업성,충청남도 천안시 서북구 업성동,142.0,952.0,952.0,507.0,37.0,1965-12-06,1972-01-01,한국농어촌공사_농업기반시설 시설제원_저수지_2020.csv,,,천안시
4413010016,문암,충청남도 천안시 동남구 안서동,53.0,562.0,562.0,168.0,7.0,1976-12-27,1978-01-01,한국농어촌공사_농업기반시설 시설제원_저수지_2020.csv,,,천안시
4413010018,매주,충청남도 천안시 서북구 성환읍 매주리,27.0,192.0,177.0,130.0,8.0,1971-01-01,1972-12-30,한국농어촌공사_농업기반시설 시설제원_저수지_2020.csv,,,천안시
4413010019,율금,충청남도 천안시 서북구 직산읍 석곡리,27.0,129.0,121.0,65.0,6.0,1970-12-31,1972-12-30,한국농어촌공사_농업기반시설 시설제원_저수지_2020.csv,,,천안시
4413010020,왕림,충청남도 천안시 서북구 성환읍 왕림리,19.0,49.0,49.0,60.0,2.0,1970-12-31,1972-12-30,한국농어촌공사_농업기반시설 시설제원_저수지_2020.csv,,,천안시
4413010021,어룡,충청남도 천안시 서북구 성환읍 어룡리,60.0,93.0,92.0,107.0,5.0,1939-11-09,1940-12-30,한국농어촌공사_농업기반시설 시설제원_저수지_2020.csv,,,천안시
4413010022,학정,충청남도 천안시 서북구 성환읍 학정리,214.0,775.0,775.0,706.0,40.0,1927-12-26,1929-01-15,한국농어촌공사_농업기반시설 시설제원_저수지_2020.csv,,,천안시
4413010023,남창,충청남도 천안시 서북구 성거읍 송남리,37.0,145.0,145.0,100.0,4.0,1956-01-12,1959-12-30,한국농어촌공사_농업기반시설 시설제원_저수지_2020.csv,,,천안시
4413010024,천흥,충청남도 천안시 서북구 성거읍 천흥리,206.0,839.0,830.0,500.0,14.0,1956-02-02,1959-12-30,한국농어촌공사_농업기반시설 시설제원_저수지_2020.csv,,,천안시
4413010025,성거,충청남도 천안시 서북구 성거읍 천흥리,15.0,72.0,72.0,100.0,4.0,1972-09-14,1973-11-15,한국농어촌공사_농업기반시설 시설제원_저수지_2020.csv,,,천안시
4413010029,신월,충청남도 천안시 서북구 성거읍 신월리,27.0,207.0,196.0,94.0,8.0,1965-12-07,1972-01-01,한국농어촌공사_농업기반시설 시설제원_저수지_2020.csv,,,천안시
4413010033,용연,충청남도 천안시 동남구 목천읍 서흥리,421.0,3050.0,3050.0,2070.0,49.0,1956-09-25,1962-12-31,한국농어촌공사_농업기반시설 시설제원_저수지_2020.csv,,,천안시
4413010039,대정,충청남도 천안시 동남구 성남면 대정리,147.0,755.0,739.0,383.0,16.0,1952-04-02,1955-06-30,한국농어촌공사_농업기반시설 시설제원_저수지_2020.csv,,,천안시
4413010045,발산,충청남도 천안시 동남구 수신면 발산리,11.0,76.0,64.0,69.0,2.0,1952-04-29,1955-06-30,한국농어촌공사_농업기반시설 시설제원_저수지_2020.csv,,,천안시
4413010069,직산,충청남도 천안시 서북구 직산읍 삼은리,21.0,85.0,84.0,217.0,7.0,1937-12-31,1939-10-30,한국농어촌공사_농업기반시설 시설제원_저수지_2020.csv,,,천안시
4413010070,양전,충청남도 천안시 서북구 직산읍 양당리,263.0,385.0,369.0,360.0,23.0,1944-10-25,1949-05-10,한국농어촌공사_농업기반시설 시설제원_저수지_2020.csv,,,천안시
4413010072,마정,충청남도 천안시 서북구 직산읍 마정리,88.0,451.0,438.0,360.0,18.0,1944-10-30,1949-05-10,한국농어촌공사_농업기반시설 시설제원_저수지_2020.csv,,,천안시
4413010074,입장,충청남도 천안시 서북구 입장면 기로리,352.0,636.0,622.0,752.0,18.0,1943-12-06,1952-05-31,한국농어촌공사_농업기반시설 시설제원_저수지_2020.csv,,,천안시
4413010075,풍년,충청남도 천안시 서북구 입장면 시장리,292.0,1264.0,1172.0,683.0,31.0,1953-12-30,1957-12-30,한국농어촌공사_농업기반시설 시설제원_저수지_2020.csv,,,천안시
4415010037,기산,충청남도 공주시 계룡면 기산리,140.0,648.0,643.0,303.0,12.0,1976-07-22,1978-12-30,한국농어촌공사_농업기반시설 시설제원_저수지_2020.csv,,,공주시
4415010042,계룡,충청남도 공주시 계룡면 하대리,450.0,4717.0,4717.0,1574.0,72.0,1954-02-10,1964-12-31,한국농어촌공사_농업기반시설 시설제원_저수지_2020.csv,,,공주시
4415010045,경천(양화),충청남도 공주시 계룡면 양화리,297.0,2030.0,2028.0,800.0,40.0,1963-01-10,1967-12-30,한국농어촌공사_농업기반시설 시설제원_저수지_2020.csv,,,공주시
4415010062,월곡,충청남도 공주시 의당면 월곡리,36.0,175.0,175.0,253.0,5.0,1989-02-10,1989-12-30,한국농어촌공사_농업기반시설 시설제원_저수지_2020.csv,,,공주시
4415010063,유계,충청남도 공주시 의당면 유계리,95.0,761.0,748.0,190.0,8.0,1982-09-09,1989-12-30,한국농어촌공사_농업기반시설 시설제원_저수지_2020.csv,,,공주시
4415010066,중흥,충청남도 공주시 의당면 중흥리,275.0,2777.0,2680.0,920.0,34.0,1986-08-15,1999-04-17,한국농어촌공사_농업기반시설 시설제원_저수지_2020.csv,,,공주시
4415010067,요룡,충청남도 공주시 의당면 요룡리,106.0,1495.0,1364.0,430.0,13.0,1982-02-08,1989-12-30,한국농어촌공사_농업기반시설 시설제원_저수지_2020.csv,,,공주시
4415010070,평정,충청남도 공주시 정안면 평정리,83.0,566.0,558.0,294.0,7.0,1990-01-01,1997-01-01,한국농어촌공사_농업기반시설 시설제원_저수지_2020.csv,,,공주시
4415010071,정안,충청남도 공주시 정안면 고성리,187.0,2461.0,2460.0,676.0,28.0,1968-11-01,1976-12-31,한국농어촌공사_농업기반시설 시설제원_저수지_2020.csv,,,공주시
4415010080,영천(한천),충청남도 공주시 우성면 한천리,283.0,2585.0,2530.0,722.0,24.0,1957-01-08,1961-12-31,한국농어촌공사_농업기반시설 시설제원_저수지_2020.csv,,,공주시
4415010083,우목,충청남도 공주시 우성면 용봉리,321.0,1453.0,1430.0,1750.0,26.0,1982-02-23,1988-12-30,한국농어촌공사_농업기반시설 시설제원_저수지_2020.csv,,,공주시
4415010094,봉명,충청남도 공주시 계룡면 봉명리,15.0,18.0,18.0,50.0,1.0,1996-04-01,1997-12-31,한국농어촌공사_농업기반시설 시설제원_저수지_2020.csv,,,공주시
4418010005,평리,충청남도 보령시 웅천읍 평리,26.0,189.0,187.0,141.0,3.0,1992-10-01,1998-12-31,한국농어촌공사_농업기반시설 시설제원_저수지_2020.csv,,,보령시
4418010006,구,충청남도 보령시 웅천읍 수부리,17.0,45.0,43.0,109.0,1.0,1945-01-01,1946-12-31,한국농어촌공사_농업기반시설 시설제원_저수지_2020.csv,,,보령시
4418010007,수부,충청남도 보령시 웅천읍 수부리,98.0,334.0,317.0,218.0,10.0,1957-01-01,1959-01-01,한국농어촌공사_농업기반시설 시설제원_저수지_2020.csv,,,보령시
4418010014,구수,충청남도 보령시 주포면 마강리,80.0,230.0,228.0,169.0,10.0,1941-01-01,1942-12-31,한국농어촌공사_농업기반시설 시설제원_저수지_2020.csv,,,보령시
4418010019,수지,충청남도 보령시 주포면 연지리,51.0,169.0,160.0,114.0,6.0,1945-01-01,1946-12-31,한국농어촌공사_농업기반시설 시설제원_저수지_2020.csv,,,보령시
4418010040,진죽,충청남도 보령시 청소면 진죽리,101.0,688.0,654.0,557.0,45.0,1945-04-05,1946-12-31,한국농어촌공사_농업기반시설 시설제원_저수지_2020.csv,,,보령시
4418010041,신송,충청남도 보령시 청소면 신송리,41.0,123.0,123.0,36.0,6.0,1959-01-01,1960-12-30,한국농어촌공사_농업기반시설 시설제원_저수지_2020.csv,,,보령시
4418010042,죽림,충청남도 보령시 청소면 죽림리,43.0,177.0,168.0,163.0,4.0,1946-04-10,1947-12-31,한국농어촌공사_농업기반시설 시설제원_저수지_2020.csv,,,보령시
4418010045,성연,충청남도 보령시 청소면 성연리,276.0,1789.0,1789.0,750.0,25.0,1972-01-01,1977-01-01,한국농어촌공사_농업기반시설 시설제원_저수지_2020.csv,,,보령시
4418010046,야현,충청남도 보령시 청소면 야현리,3.0,14.0,14.0,52.0,1.0,1945-01-01,1946-12-31,한국농어촌공사_농업기반시설 시설제원_저수지_2020.csv,,,보령시
4418010047,장곡,충청남도 보령시 청소면 장곡리,17.0,58.0,50.0,360.0,5.0,1945-05-09,1946-12-31,한국농어촌공사_농업기반시설 시설제원_저수지_2020.csv,,,보령시
4418010048,월티,충청남도 보령시 청라면 나원리,98.0,522.0,496.0,344.0,9.0,1960-03-03,1961-12-31,한국농어촌공사_농업기반시설 시설제원_저수지_2020.csv,,,보령시
4418010051,의평,충청남도 보령시 청라면 의평리,26.0,168.0,160.0,165.0,4.0,1961-03-01,1961-12-31,한국농어촌공사_농업기반시설 시설제원_저수지_2020.csv,,,보령시
4418010052,청천,충청남도 보령시 죽정동,2638.0,20800.0,20753.0,7010.0,265.0,1952-01-01,1962-12-31,한국농어촌공사_농업기반시설 시설제원_저수지_2020.csv,,,보령시
4418010058,옥계,충청남도 보령시 청라면 옥계리,115.0,904.0,829.0,220.0,10.0,1990-11-21,1996-12-31,한국농어촌공사_농업기반시설 시설제원_저수지_2020.csv,,,보령시
4418010060,황룡,충청남도 보령시 청라면 황룡리,52.0,285.0,267.0,135.0,4.0,1990-11-21,1996-12-31,한국농어촌공사_농업기반시설 시설제원_저수지_2020.csv,,,보령시
4418010061,장전,충청남도 보령시 청라면 장현리,135.0,744.0,707.0,436.0,11.0,1957-01-01,1961-12-31,한국농어촌공사_농업기반시설 시설제원_저수지_2020.csv,,,보령시
4418010066,대야,충청남도 보령시 남포면 제석리,5.0,16.0,16.0,10.0,1.0,1945-01-01,1946-12-31,한국농어촌공사_농업기반시설 시설제원_저수지_2020.csv,,,보령시
4418010069,옥서,충청남도 보령시 남포면 옥서리,226.0,1420.0,1350.0,800.0,29.0,1956-01-01,1961-01-01,한국농어촌공사_농업기반시설 시설제원_저수지_2020.csv,,,보령시
4418010070,신흥2,충청남도 보령시 남포면 신흥리,5.0,1.0,1.0,60.0,1.0,1946-01-01,1947-12-31,한국농어촌공사_농업기반시설 시설제원_저수지_2020.csv,,,보령시
4418010071,신흥1,충청남도 보령시 남포면 신흥리,6.0,11.0,10.0,70.0,2.0,1954-01-01,1955-12-30,한국농어촌공사_농업기반시설 시설제원_저수지_2020.csv,,,보령시
4418010073,양기1,충청남도 보령시 남포면 양기리,25.0,70.0,67.0,85.0,3.0,1960-10-17,1961-12-29,한국농어촌공사_농업기반시설 시설제원_저수지_2020.csv,,,보령시
4418010078,용제,충청남도 보령시 주산면 야룡리,50.0,205.0,195.0,188.0,9.0,1945-01-01,1947-12-30,한국농어촌공사_농업기반시설 시설제원_저수지_2020.csv,,,보령시
4418010082,신구,충청남도 보령시 주산면 신구리,75.0,411.0,404.0,257.0,10.0,1956-04-04,1957-12-17,한국농어촌공사_농업기반시설 시설제원_저수지_2020.csv,,,보령시
4418010084,유곡,충청남도 보령시 주산면 유곡리,18.0,110.0,110.0,108.0,5.0,1945-01-02,1948-12-30,한국농어촌공사_농업기반시설 시설제원_저수지_2020.csv,,,보령시
4418010090,삼곡2,충청남도 보령시 주산면 삼곡리,20.0,6.0,6.0,27.0,1.0,1945-01-01,1948-01-01,한국농어촌공사_농업기반시설 시설제원_저수지_2020.csv,,,보령시
4418010091,삼곡1,충청남도 보령시 주산면 삼곡리,26.0,8.0,8.0,61.0,1.0,1949-01-01,1952-12-30,한국농어촌공사_농업기반시설 시설제원_저수지_2020.csv,,,보령시
4418010105,은포,충청남도 보령시 주교면 은포리,13.0,64.0,64.0,191.0,5.0,1946-07-26,1947-12-30,한국농어촌공사_농업기반시설 시설제원_저수지_2020.csv,,,보령시
4418010106,해창,충청남도 보령시 주교면 관창리,60.0,96.0,96.0,19.0,5.0,1946-03-05,1947-12-30,한국농어촌공사_농업기반시설 시설제원_저수지_2020.csv,,,보령시
4418010107,내현,충청남도 보령시 청라면 음현리,130.0,834.0,758.0,260.0,13.0,2000-11-27,2005-12-20,한국농어촌공사_농업기반시설 시설제원_저수지_2020.csv,,,보령시
4420010001,마산,충청남도 아산시 방축동,149.0,2560.0,2560.0,1776.0,91.0,1926-01-01,1928-03-31,한국농어촌공사_농업기반시설 시설제원_저수지_2020.csv,,,아산시
4420010006,가혜,충청남도 아산시 염치읍 동정리,593.0,3502.0,3494.0,1588.0,81.0,1946-01-01,1950-03-30,한국농어촌공사_농업기반시설 시설제원_저수지_2020.csv,,,아산시
4420010010,궁평,충청남도 아산시 송악면 궁평리,1108.0,6717.0,6717.0,4333.0,112.0,1952-11-15,1961-12-30,한국농어촌공사_농업기반시설 시설제원_저수지_2020.csv,,,아산시
4420010011,수철,충청남도 아산시 배방읍 수철리,106.0,354.0,353.0,442.0,8.0,1976-12-02,1978-11-30,한국농어촌공사_농업기반시설 시설제원_저수지_2020.csv,,,아산시
4420010026,동천,충청남도 아산시 음봉면 신수리,18.0,91.0,90.0,107.0,3.0,1957-05-20,1960-12-31,한국농어촌공사_농업기반시설 시설제원_저수지_2020.csv,,,아산시
4420010027,신정,충청남도 아산시 음봉면 신정리,31.0,134.0,132.0,80.0,6.0,1957-05-20,1960-12-30,한국농어촌공사_농업기반시설 시설제원_저수지_2020.csv,,,아산시
4420010029,신휴,충청남도 아산시 음봉면 신휴리,218.0,1096.0,1090.0,842.0,53.0,1944-11-01,1954-03-31,한국농어촌공사_농업기반시설 시설제원_저수지_2020.csv,,,아산시
4420010031,월랑,충청남도 아산시 음봉면 월랑리,135.0,528.0,524.0,421.0,22.0,1957-05-20,1960-12-31,한국농어촌공사_농업기반시설 시설제원_저수지_2020.csv,,,아산시
4420010032,동암,충청남도 아산시 음봉면 동암리,63.0,387.0,387.0,234.0,12.0,1957-05-20,1960-12-31,한국농어촌공사_농업기반시설 시설제원_저수지_2020.csv,,,아산시
4420010033,봉재,충청남도 아산시 둔포면 봉재리,389.0,1339.0,1338.0,793.0,46.0,1942-12-01,1944-03-25,한국농어촌공사_농업기반시설 시설제원_저수지_2020.csv,,,아산시
4420010036,상성,충청남도 아산시 영인면 상성리,253.0,1112.0,1112.0,481.0,35.0,1955-01-01,1958-06-30,한국농어촌공사_농업기반시설 시설제원_저수지_2020.csv,,,아산시
4420010038,신봉,충청남도 아산시 영인면 신봉리,56.0,161.0,158.0,228.0,8.0,1956-01-01,1958-12-31,한국농어촌공사_농업기반시설 시설제원_저수지_2020.csv,,,아산시
4420010039,성내,충청남도 아산시 영인면 성내리,334.0,1321.0,1033.0,640.0,42.0,1952-01-01,1958-12-31,한국농어촌공사_농업기반시설 시설제원_저수지_2020.csv,,,아산시
4420010040,문방,충청남도 아산시 인주면 문방리,61.0,201.0,198.0,228.0,17.0,1952-01-01,1952-05-30,한국농어촌공사_농업기반시설 시설제원_저수지_2020.csv,,,아산시
4420010041,냉정,충청남도 아산시 인주면 냉정리,326.0,940.0,940.0,535.0,26.0,1940-01-01,1941-03-31,한국농어촌공사_농업기반시설 시설제원_저수지_2020.csv,,,아산시
4420010042,죽산,충청남도 아산시 선장면 죽산리,128.0,621.0,615.0,143.0,24.0,1942-01-01,1942-12-26,한국농어촌공사_농업기반시설 시설제원_저수지_2020.csv,,,아산시
4420010045,도고,충청남도 아산시 도고면 석당리,841.0,4294.0,4278.0,2097.0,97.0,1928-01-01,1929-11-30,한국농어촌공사_농업기반시설 시설제원_저수지_2020.csv,,,아산시
4420010048,신창,충청남도 아산시 신창면 오목리,97.0,771.0,771.0,480.0,34.0,1950-01-01,1954-03-31,한국농어촌공사_농업기반시설 시설제원_저수지_2020.csv,,,아산시
4421010002,잠홍,충청남도 서산시 음암면 부산리,363.0,1509.0,1485.0,1129.0,69.0,1951-11-05,1958-12-31,한국농어촌공사_농업기반시설 시설제원_저수지_2020.csv,,,서산시
4421010005,대산,충청남도 서산시 대산읍 대로리,102.0,491.0,408.0,335.0,15.0,1976-01-01,1978-01-01,한국농어촌공사_농업기반시설 시설제원_저수지_2020.csv,,,서산시
4421010014,모월,충청남도 서산시 인지면 산동리,109.0,601.0,601.0,262.0,31.0,1978-01-01,1982-01-01,한국농어촌공사_농업기반시설 시설제원_저수지_2020.csv,,,서산시
4421010017,풍전,충청남도 서산시 인지면 풍전리,655.0,2623.0,2621.0,1110.0,70.0,1942-01-21,1944-12-29,한국농어촌공사_농업기반시설 시설제원_저수지_2020.csv,,,서산시
4421010018,강수,충청남도 서산시 부석면 강수리,37.0,96.0,96.0,140.0,4.0,1957-04-08,1957-12-08,한국농어촌공사_농업기반시설 시설제원_저수지_2020.csv,,,서산시
4421010028,마룡,충청남도 서산시 부석면 마룡리,40.0,350.0,346.0,114.0,20.0,1955-01-01,1961-01-01,한국농어촌공사_농업기반시설 시설제원_저수지_2020.csv,,,서산시
4421010036,중왕,충청남도 서산시 지곡면 중왕리,204.0,1138.0,1120.0,910.0,51.0,1986-09-04,1996-12-01,한국농어촌공사_농업기반시설 시설제원_저수지_2020.csv,,,서산시
4421010037,지곡,충청남도 서산시 지곡면 도성리,45.0,307.0,307.0,135.0,15.0,1946-08-30,1954-07-01,한국농어촌공사_농업기반시설 시설제원_저수지_2020.csv,,,서산시
4421010039,고남,충청남도 서산시 성연면 고남리,93.0,1073.0,1073.0,430.0,20.0,1965-01-01,1968-01-01,한국농어촌공사_농업기반시설 시설제원_저수지_2020.csv,,,서산시
4421010042,성암,충청남도 서산시 음암면 탑곡리,624.0,3157.0,3074.0,1936.0,104.0,1963-07-29,1966-12-31,한국농어촌공사_농업기반시설 시설제원_저수지_2020.csv,,,서산시
4421010043,신창,충청남도 서산시 운산면 신창리,189.0,1835.0,1787.0,440.0,19.0,1976-04-01,1978-06-01,한국농어촌공사_농업기반시설 시설제원_저수지_2020.csv,,,서산시
4421010044,용현,충청남도 서산시 운산면 용현리,33.0,357.0,357.0,123.0,7.0,1973-04-01,1974-06-01,한국농어촌공사_농업기반시설 시설제원_저수지_2020.csv,,,서산시
4421010045,고풍,충청남도 서산시 운산면 고풍리,1294.0,8360.0,7822.0,2590.0,62.0,1967-04-05,1975-12-31,한국농어촌공사_농업기반시설 시설제원_저수지_2020.csv,,,서산시
4421010052,산수,충청남도 서산시 해미면 산수리,639.0,3445.0,3316.0,1706.0,44.0,1953-03-04,1962-12-31,한국농어촌공사_농업기반시설 시설제원_저수지_2020.csv,,,서산시
4421010053,황락,충청남도 서산시 해미면 황락리,77.0,1039.0,1039.0,420.0,11.0,1985-09-30,1991-11-30,한국농어촌공사_농업기반시설 시설제원_저수지_2020.csv,,,서산시
4421010054,신송,충청남도 서산시 고북면 신송리,407.0,3220.0,3220.0,680.0,48.0,1978-11-10,1984-12-31,한국농어촌공사_농업기반시설 시설제원_저수지_2020.csv,,,서산시
4423010001,소룡,충청남도 논산시 연무읍 소룡리,28.0,88.0,85.0,70.0,2.0,1961-01-01,1963-12-30,한국농어촌공사_농업기반시설 시설제원_저수지_2020.csv,,,논산시
4423010002,양지,충청남도 논산시 연무읍 양지리,8.0,10.0,10.0,50.0,0.0,1965-01-01,1966-12-30,한국농어촌공사_농업기반시설 시설제원_저수지_2020.csv,,,논산시
4423010005,고내,충청남도 논산시 연무읍 고내리,77.0,235.0,230.0,199.0,7.0,1956-01-01,1956-03-28,한국농어촌공사_농업기반시설 시설제원_저수지_2020.csv,,,논산시
4423010007,고합,충청남도 논산시 연무읍 황화정리,64.0,277.0,273.0,152.0,5.0,1957-01-01,1957-12-30,한국농어촌공사_농업기반시설 시설제원_저수지_2020.csv,,,논산시
4423010010,안심,충청남도 논산시 연무읍 안심리,5.0,10.0,10.0,40.0,2.0,1911-01-01,1913-12-30,한국농어촌공사_농업기반시설 시설제원_저수지_2020.csv,,,논산시
4423010018,소곡,충청남도 논산시 노성면 송당리,18.0,35.0,27.0,120.0,3.0,1953-01-01,1957-12-30,한국농어촌공사_농업기반시설 시설제원_저수지_2020.csv,,,논산시
4423010020,월명,충청남도 논산시 노성면 송당리,25.0,42.0,37.0,67.0,2.0,1953-03-20,1957-03-20,한국농어촌공사_농업기반시설 시설제원_저수지_2020.csv,,,논산시
4423010022,가곡,충청남도 논산시 노성면 병사리,208.0,726.0,695.0,500.0,26.0,1953-01-01,1955-12-30,한국농어촌공사_농업기반시설 시설제원_저수지_2020.csv,,,논산시
4423010030,지경,충청남도 논산시 상월면 지경리,11.0,17.0,15.0,50.0,3.0,1945-01-01,1945-12-31,한국농어촌공사_농업기반시설 시설제원_저수지_2020.csv,,,논산시
4423010031,석종,충청남도 논산시 상월면 석종리,9.0,19.0,18.0,39.0,1.0,1940-01-01,1940-12-30,한국농어촌공사_농업기반시설 시설제원_저수지_2020.csv,,,논산시
4423010037,띠울,충청남도 논산시 상월면 대명리,4.0,6.0,6.0,40.0,1.0,1940-01-01,1940-12-30,한국농어촌공사_농업기반시설 시설제원_저수지_2020.csv,,,논산시
4423010041,한천,충청남도 논산시 상월면 한천리,7.0,1.0,1.0,50.0,1.0,1945-01-01,1945-12-31,한국농어촌공사_농업기반시설 시설제원_저수지_2020.csv,,,논산시
4423010042,수정골,충청남도 논산시 상월면 숙진리,5.0,11.0,10.0,80.0,3.0,1945-01-01,1945-12-10,한국농어촌공사_농업기반시설 시설제원_저수지_2020.csv,,,논산시
4423010043,도정골,충청남도 논산시 상월면 숙진리,5.0,2.0,2.0,15.0,1.0,1945-01-01,1945-12-30,한국농어촌공사_농업기반시설 시설제원_저수지_2020.csv,,,논산시
4423010044,신풍,충청남도 논산시 부적면 신풍리,3.0,7.0,7.0,43.0,1.0,1965-01-01,1965-12-30,한국농어촌공사_농업기반시설 시설제원_저수지_2020.csv,,,논산시
4423010045,탑정,충청남도 논산시 부적면 탑정리,5713.0,34983.0,34940.0,21880.0,662.0,1941-03-13,1944-08-31,한국농어촌공사_농업기반시설 시설제원_저수지_2020.csv,,,논산시
4423010046,아곡,충청남도 논산시 부적면 신교리,45.0,151.0,138.0,50.0,7.0,1910-01-03,1910-12-30,한국농어촌공사_농업기반시설 시설제원_저수지_2020.csv,,,논산시
4423010047,평촌,충청남도 논산시 부적면 반송리,10.0,19.0,15.0,15.0,2.0,1910-08-20,1911-03-22,한국농어촌공사_농업기반시설 시설제원_저수지_2020.csv,,,논산시
4423010055,양동,충청남도 논산시 연산면 신양리,3.0,1.0,1.0,3.0,0.0,1945-01-01,1945-12-30,한국농어촌공사_농업기반시설 시설제원_저수지_2020.csv,,,논산시
4423010067,임화,충청남도 논산시 양촌면 임화리,41.0,494.0,480.0,191.0,8.0,1976-01-01,1979-12-30,한국농어촌공사_농업기반시설 시설제원_저수지_2020.csv,,,논산시
4423010073,서당,충청남도 논산시 양촌면 반곡리,12.0,17.0,13.0,19.0,1.0,1945-01-01,1945-12-30,한국농어촌공사_농업기반시설 시설제원_저수지_2020.csv,,,논산시
4423010080,강청,충청남도 논산시 가야곡면 강청리,70.0,323.0,234.0,178.0,7.0,1975-12-01,1976-12-30,한국농어촌공사_농업기반시설 시설제원_저수지_2020.csv,,,논산시
4423010081,국동,충청남도 논산시 가야곡면 함적리,9.0,12.0,10.0,43.0,1.0,1945-01-01,1946-12-30,한국농어촌공사_농업기반시설 시설제원_저수지_2020.csv,,,논산시
4423010085,유와골,충청남도 논산시 은진면 용산리,14.0,8.0,8.0,35.0,1.0,1957-01-01,1961-12-30,한국농어촌공사_농업기반시설 시설제원_저수지_2020.csv,,,논산시
4423010086,성덕,충청남도 논산시 은진면 성덕리,4.0,2.0,2.0,15.0,0.0,1935-01-01,1935-12-31,한국농어촌공사_농업기반시설 시설제원_저수지_2020.csv,,,논산시
4423010087,수락,충청남도 논산시 벌곡면 수락리,192.0,921.0,856.0,621.0,12.0,2000-01-03,2002-12-31,한국농어촌공사_농업기반시설 시설제원_저수지_2020.csv,,,논산시
4471010014,화림,충청남도 금산군 금성면 화림리,95.0,390.0,390.0,466.0,10.0,1950-04-20,1956-12-28,한국농어촌공사_농업기반시설 시설제원_저수지_2020.csv,,,금산군
4471010057,홍도,충청남도 금산군 남일면 신정리,30.0,55.0,55.0,230.0,2.0,1971-10-01,1974-01-01,한국농어촌공사_농업기반시설 시설제원_저수지_2020.csv,,,금산군
4471010058,신동,충청남도 금산군 남일면 신동리,60.0,1887.0,1881.0,670.0,20.0,1956-01-01,1961-01-01,한국농어촌공사_농업기반시설 시설제원_저수지_2020.csv,,,금산군
4471010071,청림,충청남도 금산군 진산면 행정리,85.0,691.0,679.0,480.0,10.0,1967-01-01,1970-01-01,한국농어촌공사_농업기반시설 시설제원_저수지_2020.csv,,,금산군
4471010082,지동,충청남도 금산군 추부면 용지리,59.0,164.0,164.0,280.0,7.0,1952-03-20,1958-01-01,한국농어촌공사_농업기반시설 시설제원_저수지_2020.csv,,,금산군
4471010087,장산,충청남도 금산군 추부면 요광리,16.0,222.0,220.0,186.0,6.0,1952-03-20,1958-01-01,한국농어촌공사_농업기반시설 시설제원_저수지_2020.csv,,,금산군
4471010088,동곡,충청남도 금산군 제원면 동곡리,124.0,848.0,826.0,450.0,9.0,1997-12-04,2002-12-31,한국농어촌공사_농업기반시설 시설제원_저수지_2020.csv,,,금산군
4471010089,숭암,충청남도 금산군 추부면 장대리,95.0,438.0,414.0,358.0,10.0,1952-12-26,1958-01-01,한국농어촌공사_농업기반시설 시설제원_저수지_2020.csv,,,금산군
4471010090,석동,충청남도 금산군 남이면 석동리,151.0,993.0,928.0,323.0,10.0,1998-12-24,2005-12-26,한국농어촌공사_농업기반시설 시설제원_저수지_2020.csv,,,금산군
4476010006,반산,충청남도 부여군 규암면 석우리,765.0,5692.0,5652.0,1740.0,125.0,1946-06-01,1956-06-30,한국농어촌공사_농업기반시설 시설제원_저수지_2020.csv,,,부여군
4476010042,상천,충청남도 부여군 홍산면 상천리,183.0,684.0,615.0,353.0,11.0,1942-01-01,1943-12-01,한국농어촌공사_농업기반시설 시설제원_저수지_2020.csv,,,부여군
4476010046,옥산,충청남도 부여군 옥산면 봉산리,482.0,2682.0,2413.0,1700.0,73.0,1929-04-01,1930-09-01,한국농어촌공사_농업기반시설 시설제원_저수지_2020.csv,,,부여군
4476010060,복심,충청남도 부여군 충화면 복금리,479.0,4711.0,4706.0,1761.0,96.0,1929-04-01,1930-09-01,한국농어촌공사_농업기반시설 시설제원_저수지_2020.csv,,,부여군
4476010069,덕용,충청남도 부여군 양화면 송정리,1071.0,5661.0,5661.0,1580.0,86.0,1943-12-06,1955-05-31,한국농어촌공사_농업기반시설 시설제원_저수지_2020.csv,,,부여군
4476010076,가신,충청남도 부여군 임천면 가신리,62.0,433.0,426.0,200.0,13.0,1940-11-01,1941-12-01,한국농어촌공사_농업기반시설 시설제원_저수지_2020.csv,,,부여군
4476010084,두곡,충청남도 부여군 임천면 두곡리,22.0,111.0,100.0,92.0,3.0,1943-01-01,1944-12-01,한국농어촌공사_농업기반시설 시설제원_저수지_2020.csv,,,부여군
4476010094,마하동,충청남도 부여군 세도면 귀덕리,36.0,137.0,129.0,65.0,6.0,1944-01-01,1945-05-31,한국농어촌공사_농업기반시설 시설제원_저수지_2020.csv,,,부여군
4476010095,삼산,충청남도 부여군 외산면 삼산리,80.0,546.0,543.0,180.0,5.0,2001-12-17,2009-12-30,한국농어촌공사_농업기반시설 시설제원_저수지_2020.csv,,,부여군
4476010096,화성,충청남도 부여군 외산면 화성리,80.0,724.0,721.0,205.0,9.0,2001-12-17,2009-12-30,한국농어촌공사_농업기반시설 시설제원_저수지_2020.csv,,,부여군
4477010004,축동,충청남도 서천군 한산면 축동리,370.0,1707.0,1491.0,752.0,82.0,1945-09-01,1955-05-31,한국농어촌공사_농업기반시설 시설제원_저수지_2020.csv,,,서천군
4477010006,동부,충청남도 서천군 시초면 봉선리,2477.0,12182.0,10734.0,2834.0,244.0,1923-11-17,1926-06-10,한국농어촌공사_농업기반시설 시설제원_저수지_2020.csv,,,서천군
4477010007,문산,충청남도 서천군 문산면 신농리,261.0,973.0,973.0,960.0,37.0,1957-12-15,1964-12-04,한국농어촌공사_농업기반시설 시설제원_저수지_2020.csv,,,서천군
4477010010,종천,충청남도 서천군 판교면 상좌리,385.0,3381.0,3353.0,1200.0,50.0,1956-10-21,1962-05-31,한국농어촌공사_농업기반시설 시설제원_저수지_2020.csv,,,서천군
4477010011,서부,충청남도 서천군 판교면 흥림리,1627.0,8018.0,7989.0,3039.0,125.0,1923-11-17,1926-06-10,한국농어촌공사_농업기반시설 시설제원_저수지_2020.csv,,,서천군
4477010015,안치,충청남도 서천군 비인면 성북리,53.0,167.0,167.0,110.0,4.0,1943-09-04,1945-09-20,한국농어촌공사_농업기반시설 시설제원_저수지_2020.csv,,,서천군
4477010020,주항,충청남도 서천군 서면 주항리,163.0,744.0,691.0,367.0,32.0,1946-11-01,1958-08-28,한국농어촌공사_농업기반시설 시설제원_저수지_2020.csv,,,서천군
4479010002,적누,충청남도 청양군 청양읍 적누리,164.0,2626.0,2611.0,452.0,23.0,1985-08-12,1997-12-31,한국농어촌공사_농업기반시설 시설제원_저수지_2020.csv,,,청양군
4479010014,모곡,충청남도 청양군 운곡면 모곡리,13.0,8.0,8.0,58.0,2.0,1977-01-01,1978-12-31,한국농어촌공사_농업기반시설 시설제원_저수지_2020.csv,,,청양군
4479010015,신대(운곡),충청남도 청양군 운곡면 신대리,191.0,2990.0,2930.0,962.0,28.0,1975-11-17,1977-12-20,한국농어촌공사_농업기반시설 시설제원_저수지_2020.csv,,,청양군
4479010033,천장,충청남도 청양군 정산면 천장리,551.0,2882.0,2878.0,1270.0,24.0,1972-12-14,1978-12-31,한국농어촌공사_농업기반시설 시설제원_저수지_2020.csv,,,청양군
4479010038,내지곡,충청남도 청양군 목면 지곡리,18.0,3.0,3.0,32.0,1.0,1943-01-01,1945-12-31,한국농어촌공사_농업기반시설 시설제원_저수지_2020.csv,,,청양군
4479010041,아산,충청남도 청양군 청남면 아산리,20.0,9.0,9.0,29.0,2.0,1943-01-01,1945-12-31,한국농어촌공사_농업기반시설 시설제원_저수지_2020.csv,,,청양군
4479010044,도림,충청남도 청양군 장평면 적곡리,482.0,3829.0,3776.0,650.0,26.0,1987-12-01,2001-12-15,한국농어촌공사_농업기반시설 시설제원_저수지_2020.csv,,,청양군
4479010046,관현(갓고개),충청남도 청양군 장평면 관현리,20.0,4.0,4.0,78.0,1.0,1943-01-01,1945-12-31,한국농어촌공사_농업기반시설 시설제원_저수지_2020.csv,,,청양군
4479010061,화암,충청남도 청양군 화성면 화암리,69.0,414.0,401.0,170.0,7.0,1943-11-11,1945-03-30,한국농어촌공사_농업기반시설 시설제원_저수지_2020.csv,,,청양군
4479010063,신리,충청남도 청양군 화성면 수정리,32.0,159.0,159.0,68.0,2.0,1944-01-01,1945-03-31,한국농어촌공사_농업기반시설 시설제원_저수지_2020.csv,,,청양군
4479010065,수정,충청남도 청양군 화성면 수정리,53.0,337.0,337.0,106.0,5.0,1989-01-01,1994-12-31,한국농어촌공사_농업기반시설 시설제원_저수지_2020.csv,,,청양군
4479010067,원당1,충청남도 청양군 화성면 용당리,10.0,14.0,14.0,25.0,1.0,1963-01-01,1965-12-31,한국농어촌공사_농업기반시설 시설제원_저수지_2020.csv,,,청양군
4479010070,매산,충청남도 청양군 화성면 매산리,102.0,555.0,554.0,345.0,9.0,1976-12-01,1979-09-28,한국농어촌공사_농업기반시설 시설제원_저수지_2020.csv,,,청양군
4479010075,사점,충청남도 청양군 비봉면 사점리,100.0,297.0,297.0,207.0,6.0,1944-01-03,1945-03-30,한국농어촌공사_농업기반시설 시설제원_저수지_2020.csv,,,청양군
4479010076,관산2,충청남도 청양군 비봉면 관산리,12.0,29.0,29.0,143.0,2.0,1975-01-01,1977-12-31,한국농어촌공사_농업기반시설 시설제원_저수지_2020.csv,,,청양군
4479010077,관산,충청남도 청양군 비봉면 관산리,156.0,1170.0,1170.0,250.0,11.0,1985-08-12,1997-12-31,한국농어촌공사_농업기반시설 시설제원_저수지_2020.csv,,,청양군
4479010079,갈망골,충청남도 청양군 비봉면 강정리,28.0,189.0,155.0,55.0,4.0,2000-12-19,2004-12-20,한국농어촌공사_농업기반시설 시설제원_저수지_2020.csv,,,청양군
4479010080,안골,충청남도 청양군 비봉면 강정리,15.0,15.0,15.0,35.0,1.0,1962-01-01,1964-12-31,한국농어촌공사_농업기반시설 시설제원_저수지_2020.csv,,,청양군
4479010083,용천,충청남도 청양군 비봉면 용천리,36.0,156.0,150.0,102.0,5.0,1956-01-01,1958-12-31,한국농어촌공사_농업기반시설 시설제원_저수지_2020.csv,,,청양군
4479010084,방한,충청남도 청양군 비봉면 방한리,70.0,140.0,119.0,100.0,3.0,1956-01-02,1958-12-31,한국농어촌공사_농업기반시설 시설제원_저수지_2020.csv,,,청양군
4479010085,신정,충청남도 청양군 화성면 신정리,27.0,49.0,49.0,75.0,1.0,1970-01-01,1971-12-31,한국농어촌공사_농업기반시설 시설제원_저수지_2020.csv,,,청양군
4479010086,원용두,충청남도 청양군 정산면 용두리,22.0,15.0,15.0,174.0,1.0,1954-01-01,1955-12-31,한국농어촌공사_농업기반시설 시설제원_저수지_2020.csv,,,청양군
4479010087,은곡,충청남도 청양군 장평면 적곡리,125.0,922.0,867.0,168.0,11.0,1987-12-01,2001-12-31,한국농어촌공사_농업기반시설 시설제원_저수지_2020.csv,,,청양군
4479010088,장재,충청남도 청양군 비봉면 장재리,11.0,12.0,12.0,29.0,2.0,1956-01-01,1958-12-31,한국농어촌공사_농업기반시설 시설제원_저수지_2020.csv,,,청양군
4479010089,대박,충청남도 청양군 정산면 대박리,50.0,347.0,345.0,77.0,4.0,2002-09-10,2005-12-23,한국농어촌공사_농업기반시설 시설제원_저수지_2020.csv,,,청양군
4479010090,칠갑,충청남도 청양군 대치면 광대리,682.0,5085.0,4760.0,1730.0,59.0,1991-08-12,2013-12-31,한국농어촌공사_농업기반시설 시설제원_저수지_2020.csv,,,청양군
4479010157,온암,충청남도 청양군 남양면 온암리,,2024.0,1747.0,750.0,25.0,2003-12-17,2017-12-31,한국농어촌공사_농업기반시설 시설제원_저수지_2020.csv,,,청양군
4479010170,본의,충청남도 청양군 목면 본의리,,1600.0,1390.0,380.0,18.0,2006-12-22,2018-12-20,한국농어촌공사_농업기반시설 시설제원_저수지_2020.csv,,,청양군
4480010004,벽정,충청남도 홍성군 광천읍 벽계리,58.0,205.0,205.0,210.0,6.0,1941-01-01,1945-01-01,한국농어촌공사_농업기반시설 시설제원_저수지_2020.csv,,,홍성군
4480010007,월암,충청남도 홍성군 금마면 봉서리,35.0,323.0,309.0,205.0,8.0,1981-03-07,1992-01-01,한국농어촌공사_농업기반시설 시설제원_저수지_2020.csv,,,홍성군
4480010008,홍양,충청남도 홍성군 금마면 장성리,442.0,2057.0,2057.0,2410.0,67.0,1941-01-01,1945-01-01,한국농어촌공사_농업기반시설 시설제원_저수지_2020.csv,,,홍성군
4480010011,장곡,충청남도 홍성군 장곡면 죽전리,255.0,1122.0,1122.0,1064.0,30.0,1976-01-01,1978-01-01,한국농어촌공사_농업기반시설 시설제원_저수지_2020.csv,,,홍성군
4480010012,홍동,충청남도 홍성군 장곡면 지정리,235.0,1064.0,1064.0,1480.0,41.0,1945-01-01,1955-01-01,한국농어촌공사_농업기반시설 시설제원_저수지_2020.csv,,,홍성군
4480010039,가곡,충청남도 홍성군 갈산면 가곡리,201.0,1575.0,1543.0,462.0,19.0,1982-01-01,1984-01-01,한국농어촌공사_농업기반시설 시설제원_저수지_2020.csv,,,홍성군
4480010042,대사,충청남도 홍성군 갈산면 대사리,163.0,1376.0,1376.0,290.0,17.0,1978-01-01,1984-01-01,한국농어촌공사_농업기반시설 시설제원_저수지_2020.csv,,,홍성군
4480010043,공리,충청남도 홍성군 구항면 공리,168.0,1507.0,1463.0,370.0,30.0,1983-01-01,1985-01-01,한국농어촌공사_농업기반시설 시설제원_저수지_2020.csv,,,홍성군
4480010044,천태,충청남도 홍성군 장곡면 행정리,246.0,1477.0,1290.0,881.0,36.0,1996-12-27,2005-12-20,한국농어촌공사_농업기반시설 시설제원_저수지_2020.csv,,,홍성군
4481010005,수철,충청남도 예산군 예산읍 수철리,202.0,785.0,783.0,490.0,14.0,1930-01-01,1931-08-31,한국농어촌공사_농업기반시설 시설제원_저수지_2020.csv,,,예산군
4481010006,방산,충청남도 예산군 대술면 상항리,266.0,2065.0,2054.0,690.0,33.0,1976-11-09,1982-11-30,한국농어촌공사_농업기반시설 시설제원_저수지_2020.csv,,,예산군
4481010007,송석,충청남도 예산군 대술면 송석리,171.0,1430.0,1416.0,560.0,24.0,1976-08-16,1982-11-30,한국농어촌공사_농업기반시설 시설제원_저수지_2020.csv,,,예산군
4481010012,여래미,충청남도 예산군 신양면 여래미리,138.0,1366.0,1242.0,380.0,14.0,1985-08-10,1990-12-20,한국농어촌공사_농업기반시설 시설제원_저수지_2020.csv,,,예산군
4481010019,산묵,충청남도 예산군 광시면 대리,98.0,730.0,714.0,220.0,9.0,1979-12-27,1982-12-20,한국농어촌공사_농업기반시설 시설제원_저수지_2020.csv,,,예산군
4481010020,보강(대리),충청남도 예산군 광시면 대리,71.0,490.0,490.0,160.0,6.0,1979-12-27,1982-12-20,한국농어촌공사_농업기반시설 시설제원_저수지_2020.csv,,,예산군
4481010021,예당(대흥),충청남도 예산군 응봉면 입침리,6917.0,47103.0,46070.0,37360.0,1089.0,1952-12-29,1964-12-31,한국농어촌공사_농업기반시설 시설제원_저수지_2020.csv,,,예산군
4481010022,옥계,충청남도 예산군 덕산면 옥계리,297.0,3051.0,3014.0,1182.0,43.0,1952-10-04,1957-06-29,한국농어촌공사_농업기반시설 시설제원_저수지_2020.csv,,,예산군
4481010023,상가,충청남도 예산군 덕산면 상가리,17.0,348.0,333.0,234.0,4.0,1985-10-10,1992-12-31,한국농어촌공사_농업기반시설 시설제원_저수지_2020.csv,,,예산군
4481010024,용봉,충청남도 예산군 덕산면 둔리,92.0,521.0,517.0,420.0,17.0,1976-06-05,1978-12-20,한국농어촌공사_농업기반시설 시설제원_저수지_2020.csv,,,예산군
4481010025,광천,충청남도 예산군 덕산면 광천리,65.0,318.0,318.0,120.0,4.0,1985-01-01,1988-01-01,한국농어촌공사_농업기반시설 시설제원_저수지_2020.csv,,,예산군
4481010027,봉림,충청남도 예산군 봉산면 봉림리,234.0,2221.0,2217.0,745.0,27.0,1942-05-09,1944-03-28,한국농어촌공사_농업기반시설 시설제원_저수지_2020.csv,,,예산군
4481010050,하천,충청남도 예산군 신양면 하천리,91.0,811.0,707.0,190.0,11.0,2005-12-13,2012-11-30,한국농어촌공사_농업기반시설 시설제원_저수지_2020.csv,,,예산군
4482010002,인평,충청남도 태안군 태안읍 인평리,203.0,970.0,891.0,1062.0,44.0,1937-04-10,1938-12-30,한국농어촌공사_농업기반시설 시설제원_저수지_2020.csv,,,태안군
4482010009,승언1호,충청남도 태안군 안면읍 승언리,42.0,246.0,244.0,176.0,21.0,1954-03-25,1959-12-31,한국농어촌공사_농업기반시설 시설제원_저수지_2020.csv,,,태안군
4482010010,승언2호,충청남도 태안군 안면읍 승언리,98.0,618.0,618.0,283.0,49.0,1954-03-25,1959-12-31,한국농어촌공사_농업기반시설 시설제원_저수지_2020.csv,,,태안군
4482010011,승언3호,충청남도 태안군 안면읍 승언리,41.0,229.0,228.0,104.0,16.0,1954-03-25,1959-12-31,한국농어촌공사_농업기반시설 시설제원_저수지_2020.csv,,,태안군
4482010015,창기,충청남도 태안군 안면읍 창기리,33.0,309.0,265.0,88.0,11.0,1954-03-25,1959-12-31,한국농어촌공사_농업기반시설 시설제원_저수지_2020.csv,,,태안군
4482010016,미포,충청남도 태안군 안면읍 창기리,167.0,1221.0,947.0,33.0,21.0,1979-01-01,1983-01-01,한국농어촌공사_농업기반시설 시설제원_저수지_2020.csv,,,태안군
4482010019,신야,충청남도 태안군 안면읍 중장리,74.0,265.0,265.0,386.0,12.0,1978-11-07,1982-12-22,한국농어촌공사_농업기반시설 시설제원_저수지_2020.csv,,,태안군
4482010021,지포,충청남도 태안군 안면읍 중장리,71.0,269.0,269.0,127.0,19.0,1956-06-25,1960-12-30,한국농어촌공사_농업기반시설 시설제원_저수지_2020.csv,,,태안군
4482010027,수룡,충청남도 태안군 근흥면 수룡리,269.0,1287.0,1285.0,750.0,50.0,1957-06-27,1960-12-31,한국농어촌공사_농업기반시설 시설제원_저수지_2020.csv,,,태안군
4482010033,송현,충청남도 태안군 소원면 송현리,88.0,221.0,220.0,258.0,11.0,1978-11-07,1982-12-30,한국농어촌공사_농업기반시설 시설제원_저수지_2020.csv,,,태안군
4482010034,구들,충청남도 태안군 소원면 의항리,4.0,8.0,8.0,32.0,1.0,1975-01-01,1977-01-01,한국농어촌공사_농업기반시설 시설제원_저수지_2020.csv,,,태안군
4482010036,반계1호,충청남도 태안군 원북면 반계리,83.0,447.0,445.0,287.0,25.0,1929-04-10,1930-12-30,한국농어촌공사_농업기반시설 시설제원_저수지_2020.csv,,,태안군
4482010038,황촌3호,충청남도 태안군 원북면 황촌리,12.0,56.0,56.0,62.0,4.0,1929-04-10,1930-12-30,한국농어촌공사_농업기반시설 시설제원_저수지_2020.csv,,,태안군
4482010039,신두2호,충청남도 태안군 원북면 신두리,37.0,182.0,181.0,138.0,13.0,1929-04-10,1930-12-30,한국농어촌공사_농업기반시설 시설제원_저수지_2020.csv,,,태안군
4482010045,사창,충청남도 태안군 이원면 사창리,58.0,446.0,313.0,215.0,16.0,1948-01-01,1952-12-26,한국농어촌공사_농업기반시설 시설제원_저수지_2020.csv,,,태안군
4482510001,중장,충청남도 태안군 안면읍 중장리,78.0,624.0,513.0,16.0,9.0,1999-12-11,2002-12-10,한국농어촌공사_농업기반시설 시설제원_저수지_2020.csv,,,태안군
4482510002,대야,충청남도 태안군 안면읍 중장리,293.0,2086.0,1884.0,125.0,40.0,1999-03-15,2007-12-31,한국농어촌공사_농업기반시설 시설제원_저수지_2020.csv,,,태안군
4482510003,장곡,충청남도 태안군 고남면 장곡리,47.0,395.0,365.0,74.0,9.0,1998-12-01,2007-12-31,한국농어촌공사_농업기반시설 시설제원_저수지_2020.csv,,,태안군
4483010007,백미,충청남도 당진시 합덕읍 대전리,28.0,215.0,94.0,220.0,8.0,1935-03-01,1938-12-30,한국농어촌공사_농업기반시설 시설제원_저수지_2020.csv,,,당진시
4483010008,온동,충청남도 당진시 고대면 당진포리,23.0,86.0,86.0,150.0,10.0,1925-01-01,1933-01-01,한국농어촌공사_농업기반시설 시설제원_저수지_2020.csv,,,당진시
4483010009,항곡,충청남도 당진시 고대면 항곡리,30.0,94.0,82.0,104.0,4.0,1952-01-17,1955-06-30,한국농어촌공사_농업기반시설 시설제원_저수지_2020.csv,,,당진시
4483010010,석문,충청남도 당진시 석문면 삼봉리,135.0,975.0,975.0,1750.0,59.0,1963-07-01,1968-06-21,한국농어촌공사_농업기반시설 시설제원_저수지_2020.csv,,,당진시
4483010035,순성,충청남도 당진시 면천면 원동리,257.0,1428.0,1357.0,850.0,40.0,1953-03-01,1959-12-31,한국농어촌공사_농업기반시설 시설제원_저수지_2020.csv,,,당진시
4483010043,초대,충청남도 당진시 신평면 초대리,147.0,1080.0,1026.0,470.0,24.0,1971-07-24,1975-12-30,한국농어촌공사_농업기반시설 시설제원_저수지_2020.csv,,,당진시
4483010044,오봉,충청남도 당진시 신평면 상오리,367.0,875.0,875.0,2020.0,46.0,1921-04-12,1922-05-15,한국농어촌공사_농업기반시설 시설제원_저수지_2020.csv,,,당진시
4483010047,송악,충청남도 당진시 송악읍 가교리,161.0,488.0,463.0,254.0,10.0,1952-04-01,1958-12-31,한국농어촌공사_농업기반시설 시설제원_저수지_2020.csv,,,당진시
4483010048,전대,충청남도 당진시 송악읍 전대리,105.0,619.0,587.0,234.0,16.0,1957-02-01,1959-12-31,한국농어촌공사_농업기반시설 시설제원_저수지_2020.csv,,,당진시
4483010049,당산,충청남도 당진시 송산면 당산리,30.0,37.0,37.0,170.0,5.0,1941-03-03,1944-12-29,한국농어촌공사_농업기반시설 시설제원_저수지_2020.csv,,,당진시
4413010010,천호,충청남도 천안시 동남구 신부동,4.0,1071.02,1071.02,850.0,32.5,1952-04-10,1957-12-30,한국농어촌공사_농업기반시설 시설제원_저수지_20250925.csv,충남,천안,천안시
4413010011,업성,충청남도 천안시 서북구 업성동,142.0,952.03,952.03,507.0,37.37,1965-12-06,1972-01-01,한국농어촌공사_농업기반시설 시설제원_저수지_20250925.csv,충남,천안,천안시
4413010016,문암,충청남도 천안시 동남구 안서동,53.0,562.0,562.0,168.0,7.2,1976-12-27,1978-01-01,한국농어촌공사_농업기반시설 시설제원_저수지_20250925.csv,충남,천안,천안시
4413010018,매주,충청남도 천안시 서북구 성환읍 매주리,27.0,191.77,176.57,130.0,8.4,1971-01-01,1972-12-30,한국농어촌공사_농업기반시설 시설제원_저수지_20250925.csv,충남,천안,천안시
4413010019,율금,충청남도 천안시 서북구 직산읍 석곡리,27.0,128.85,121.0,65.0,5.69,1970-12-31,1972-12-30,한국농어촌공사_농업기반시설 시설제원_저수지_20250925.csv,충남,천안,천안시
4413010020,왕림,충청남도 천안시 서북구 성환읍 왕림리,19.0,49.08,49.08,60.0,2.41,1970-12-31,1972-12-30,한국농어촌공사_농업기반시설 시설제원_저수지_20250925.csv,충남,천안,천안시
4413010021,어룡,충청남도 천안시 서북구 성환읍 어룡리,60.3,92.76,92.02,107.0,4.64,1939-11-09,1940-12-30,한국농어촌공사_농업기반시설 시설제원_저수지_20250925.csv,충남,천안,천안시
4413010022,학정,충청남도 천안시 서북구 성환읍 대홍리,214.0,775.04,775.04,706.0,39.59,1927-12-26,1929-01-15,한국농어촌공사_농업기반시설 시설제원_저수지_20250925.csv,충남,천안,천안시
4413010023,남창,충청남도 천안시 서북구 성거읍 송남리,37.0,145.02,145.02,100.0,3.54,1956-01-12,1959-12-30,한국농어촌공사_농업기반시설 시설제원_저수지_20250925.csv,충남,천안,천안시
4413010024,천흥,충청남도 천안시 서북구 성거읍 천흥리,206.0,838.94,829.74,500.0,14.27,1956-02-02,1959-12-30,한국농어촌공사_농업기반시설 시설제원_저수지_20250925.csv,충남,천안,천안시
4413010025,성거,충청남도 천안시 서북구 성거읍 천흥리,15.0,72.01,72.01,100.0,3.79,1972-09-14,1973-11-15,한국농어촌공사_농업기반시설 시설제원_저수지_20250925.csv,충남,천안,천안시
4413010029,신월,충청남도 천안시 서북구 성거읍 소우리,27.0,207.15,196.01,94.0,8.13,1965-12-07,1972-01-01,한국농어촌공사_농업기반시설 시설제원_저수지_20250925.csv,충남,천안,천안시
4413010033,용연,충청남도 천안시 동남구 목천읍 교촌리,421.0,3050.0,3050.0,2002.0,49.21,1956-09-25,1962-12-31,한국농어촌공사_농업기반시설 시설제원_저수지_20250925.csv,충남,천안,천안시
4413010039,대정,충청남도 천안시 동남구 성남면 석곡리,147.0,845.1,829.0,370.0,16.1,1952-04-02,1955-06-30,한국농어촌공사_농업기반시설 시설제원_저수지_20250925.csv,충남,천안,천안시
4413010045,발산,충청남도 천안시 동남구 수신면 발산리,11.0,75.83,64.38,69.0,1.86,1952-04-29,1955-06-30,한국농어촌공사_농업기반시설 시설제원_저수지_20250925.csv,충남,천안,천안시
4413010069,직산,충청남도 천안시 서북구 직산읍 삼은리,21.0,142.0,84.0,153.0,7.0,1937-12-31,1939-10-30,한국농어촌공사_농업기반시설 시설제원_저수지_20250925.csv,충남,천안,천안시
4413010070,양전,충청남도 천안시 서북구 직산읍 양당리,263.0,385.12,369.01,360.0,23.24,1944-10-25,1949-05-10,한국농어촌공사_농업기반시설 시설제원_저수지_20250925.csv,충남,천안,천안시
4413010072,마정,충청남도 천안시 서북구 직산읍 마정리,88.1,451.0,438.0,371.0,18.09,1944-10-30,1949-05-10,한국농어촌공사_농업기반시설 시설제원_저수지_20250925.csv,충남,천안,천안시
4413010074,입장,충청남도 천안시 서북구 입장면 기로리,352.0,636.0,622.0,752.0,18.21,1943-12-06,1952-05-31,한국농어촌공사_농업기반시설 시설제원_저수지_20250925.csv,충남,천안,천안시
4413010075,풍년,충청남도 천안시 서북구 입장면 시장리,292.0,1264.2,1172.4,683.0,30.8,1953-12-30,1957-12-30,한국농어촌공사_농업기반시설 시설제원_저수지_20250925.csv,충남,천안,천안시
4415010037,기산,충청남도 공주시 계룡면 기산리,139.7,648.23,642.68,303.0,12.1,1976-07-22,1978-12-30,한국농어촌공사_농업기반시설 시설제원_저수지_20250925.csv,충남,공주,공주시
4415010042,계룡,충청남도 공주시 계룡면 하대리,450.2,4717.1,4717.1,1574.0,71.68,1954-02-10,1964-12-31,한국농어촌공사_농업기반시설 시설제원_저수지_20250925.csv,충남,공주,공주시
4415010045,경천(양화),충청남도 공주시 계룡면 양화리,296.6,2029.71,2028.3,800.0,39.7,1963-01-10,1967-12-30,한국농어촌공사_농업기반시설 시설제원_저수지_20250925.csv,충남,공주,공주시
4415010062,월곡,충청남도 공주시 의당면 월곡리,35.5,175.24,175.24,253.0,4.9,1989-02-10,1989-12-30,한국농어촌공사_농업기반시설 시설제원_저수지_20250925.csv,충남,공주,공주시
4415010063,유계,충청남도 공주시 의당면 유계리,95.0,760.83,747.74,190.0,8.1,1982-09-09,1989-12-30,한국농어촌공사_농업기반시설 시설제원_저수지_20250925.csv,충남,공주,공주시
4415010066,중흥,충청남도 공주시 의당면 중흥리,275.0,2777.0,2679.6,920.0,33.5,1986-08-15,1999-04-17,한국농어촌공사_농업기반시설 시설제원_저수지_20250925.csv,충남,공주,공주시
4415010067,요룡,충청남도 공주시 의당면 요룡리,105.7,1495.31,1363.99,430.0,13.0,1982-02-08,1989-12-30,한국농어촌공사_농업기반시설 시설제원_저수지_20250925.csv,충남,공주,공주시
4415010070,평정,충청남도 공주시 정안면 평정리,83.4,565.59,557.61,294.0,6.6,1990-01-01,1997-01-01,한국농어촌공사_농업기반시설 시설제원_저수지_20250925.csv,충남,공주,공주시
4415010071,정안,충청남도 공주시 정안면 고성리,187.2,2460.0,2460.0,676.0,27.8,1968-11-01,1976-12-31,한국농어촌공사_농업기반시설 시설제원_저수지_20250925.csv,충남,공주,공주시
4415010080,영천(한천),충청남도 공주시 우성면 내산리,282.8,2585.0,2530.0,722.0,24.4,1957-01-08,1961-12-31,한국농어촌공사_농업기반시설 시설제원_저수지_20250925.csv,충남,공주,공주시
4415010083,우목,충청남도 공주시 우성면 용봉리,321.3,1452.7,1430.1,1750.0,25.7,1982-02-23,1988-12-30,한국농어촌공사_농업기반시설 시설제원_저수지_20250925.csv,충남,공주,공주시
4415010094,봉명,충청남도 공주시 계룡면 봉명리,15.4,17.62,17.62,50.0,0.75,1996-04-01,1997-12-31,한국농어촌공사_농업기반시설 시설제원_저수지_20250925.csv,충남,공주,공주시
4415010197,쌍대,충청남도 공주시 신풍면 쌍대리,214.0,1747.0,1701.0,420.0,15.8,2014-06-25,2024-12-10,한국농어촌공사_농업기반시설 시설제원_저수지_20250925.csv,충남,공주,공주시
4418010005,평리,충청남도 보령시 웅천읍 평리,26.4,189.1,187.0,141.0,2.92,1992-10-01,1998-12-31,한국농어촌공사_농업기반시설 시설제원_저수지_20250925.csv,충남,보령,보령시
4418010006,구,충청남도 보령시 웅천읍 수부리,16.8,45.0,43.0,109.0,1.1,1945-01-01,1946-12-31,한국농어촌공사_농업기반시설 시설제원_저수지_20250925.csv,충남,보령,보령시
4418010007,수부,충청남도 보령시 웅천읍 수부리,97.7,334.3,317.0,218.0,10.45,1957-01-01,1959-01-01,한국농어촌공사_농업기반시설 시설제원_저수지_20250925.csv,충남,보령,보령시
4418010014,구수,충청남도 보령시 주포면 마강리,80.0,230.1,228.0,169.0,10.4,1941-01-01,1942-12-31,한국농어촌공사_농업기반시설 시설제원_저수지_20250925.csv,충남,보령,보령시
4418010019,수지,충청남도 보령시 주포면 연지리,51.1,168.9,160.0,114.0,6.3,1945-01-01,1946-12-31,한국농어촌공사_농업기반시설 시설제원_저수지_20250925.csv,충남,보령,보령시
4418010040,진죽,충청남도 보령시 청소면 진죽리,101.3,688.0,654.0,557.0,45.0,1945-04-05,1946-12-31,한국농어촌공사_농업기반시설 시설제원_저수지_20250925.csv,충남,보령,보령시
4418010041,신송,충청남도 보령시 청소면 신송리,40.7,122.5,122.5,36.0,6.4,1959-01-01,1960-12-30,한국농어촌공사_농업기반시설 시설제원_저수지_20250925.csv,충남,보령,보령시
4418010042,죽림,충청남도 보령시 청소면 죽림리,43.0,177.1,168.0,163.0,4.3,1946-04-10,1947-12-31,한국농어촌공사_농업기반시설 시설제원_저수지_20250925.csv,충남,보령,보령시
4418010045,성연,충청남도 보령시 청소면 성연리,275.7,1788.0,1788.0,750.0,25.3,1972-01-01,1977-01-01,한국농어촌공사_농업기반시설 시설제원_저수지_20250925.csv,충남,보령,보령시
4418010046,야현,충청남도 보령시 청소면 야현리,3.3,14.0,14.0,52.0,0.7,1945-01-01,1946-12-31,한국농어촌공사_농업기반시설 시설제원_저수지_20250925.csv,충남,보령,보령시
4418010047,장곡,충청남도 보령시 청소면 장곡리,17.3,58.4,50.0,360.0,4.7,1945-05-09,1946-12-31,한국농어촌공사_농업기반시설 시설제원_저수지_20250925.csv,충남,보령,보령시
4418010048,월티,충청남도 보령시 청라면 나원리,98.2,522.0,496.0,351.0,8.69,1960-03-03,1961-12-31,한국농어촌공사_농업기반시설 시설제원_저수지_20250925.csv,충남,보령,보령시
4418010051,의평,충청남도 보령시 청라면 의평리,25.9,168.2,160.0,165.0,3.54,1961-03-01,1961-12-31,한국농어촌공사_농업기반시설 시설제원_저수지_20250925.csv,충남,보령,보령시
4418010052,청천,충청남도 보령시 죽정동,2638.0,20800.0,20753.1,7010.0,265.0,1952-01-01,1962-12-31,한국농어촌공사_농업기반시설 시설제원_저수지_20250925.csv,충남,보령,보령시
4418010058,옥계,충청남도 보령시 청라면 옥계리,115.0,903.7,828.7,220.0,10.4,1990-11-21,1996-12-31,한국농어촌공사_농업기반시설 시설제원_저수지_20250925.csv,충남,보령,보령시
4418010060,황룡,충청남도 보령시 청라면 장현리,52.0,284.5,266.5,135.0,3.5,1990-11-21,1996-12-31,한국농어촌공사_농업기반시설 시설제원_저수지_20250925.csv,충남,보령,보령시
4418010061,장전,충청남도 보령시 청라면 장현리,134.6,744.2,707.0,436.0,10.99,1957-01-01,1961-12-31,한국농어촌공사_농업기반시설 시설제원_저수지_20250925.csv,충남,보령,보령시
4418010066,대야,충청남도 보령시 남포면 제석리,5.0,16.0,16.0,10.0,1.2,1945-01-01,1946-12-31,한국농어촌공사_농업기반시설 시설제원_저수지_20250925.csv,충남,보령,보령시
4418010069,옥서,충청남도 보령시 남포면 옥서리,225.8,1419.6,1350.0,800.0,28.87,1956-01-01,1961-01-01,한국농어촌공사_농업기반시설 시설제원_저수지_20250925.csv,충남,보령,보령시
4418010070,신흥2,충청남도 보령시 남포면 신흥리,5.0,0.8,0.8,60.0,1.02,1946-01-01,1947-12-31,한국농어촌공사_농업기반시설 시설제원_저수지_20250925.csv,충남,보령,보령시
4418010071,신흥1,충청남도 보령시 남포면 신흥리,6.0,10.8,10.0,70.0,2.3,1954-01-01,1955-12-30,한국농어촌공사_농업기반시설 시설제원_저수지_20250925.csv,충남,보령,보령시
4418010073,양기1,충청남도 보령시 남포면 양기리,25.0,70.4,67.0,85.0,2.56,1960-10-17,1961-12-29,한국농어촌공사_농업기반시설 시설제원_저수지_20250925.csv,충남,보령,보령시
4418010078,용제,충청남도 보령시 주산면 야룡리,50.1,205.0,195.0,188.0,8.8,1945-01-01,1947-12-30,한국농어촌공사_농업기반시설 시설제원_저수지_20250925.csv,충남,보령,보령시
4418010082,신구,충청남도 보령시 주산면 신구리,74.7,411.4,404.4,257.0,9.73,1956-04-04,1957-12-17,한국농어촌공사_농업기반시설 시설제원_저수지_20250925.csv,충남,보령,보령시
4418010084,유곡,충청남도 보령시 주산면 유곡리,17.9,109.5,109.5,108.0,4.6,1945-01-02,1948-12-30,한국농어촌공사_농업기반시설 시설제원_저수지_20250925.csv,충남,보령,보령시
4418010090,삼곡2,충청남도 보령시 주산면 삼곡리,20.0,6.1,6.1,27.0,0.7,1945-01-01,1948-01-01,한국농어촌공사_농업기반시설 시설제원_저수지_20250925.csv,충남,보령,보령시
4418010091,삼곡1,충청남도 보령시 주산면 삼곡리,25.8,7.8,7.8,61.0,0.7,1949-01-01,1952-12-30,한국농어촌공사_농업기반시설 시설제원_저수지_20250925.csv,충남,보령,보령시
4418010105,은포,충청남도 보령시 주교면 은포리,13.3,64.1,64.1,191.0,4.8,1946-07-26,1947-12-30,한국농어촌공사_농업기반시설 시설제원_저수지_20250925.csv,충남,보령,보령시
4418010106,해창,충청남도 보령시 주교면 관창리,60.0,96.0,96.0,19.0,4.6,1946-03-05,1947-12-30,한국농어촌공사_농업기반시설 시설제원_저수지_20250925.csv,충남,보령,보령시
4418010107,내현,충청남도 보령시 청라면 내현리,130.4,834.2,758.4,260.0,13.29,2000-11-27,2005-12-20,한국농어촌공사_농업기반시설 시설제원_저수지_20250925.csv,충남,보령,보령시
4420010001,마산,충청남도 아산시 득산동,149.1,2559.8,2559.8,1776.0,91.2,1926-01-01,1928-03-31,한국농어촌공사_농업기반시설 시설제원_저수지_20250925.csv,충남,아산,아산시
4420010006,가혜,충청남도 아산시 염치읍 석두리,592.8,3501.6,3493.7,1588.0,81.3,1946-01-01,1950-03-30,한국농어촌공사_농업기반시설 시설제원_저수지_20250925.csv,충남,아산,아산시
4420010010,궁평,충청남도 아산시 송악면 동화리,1108.0,6717.0,6717.0,4333.0,111.7,1952-11-15,1961-12-30,한국농어촌공사_농업기반시설 시설제원_저수지_20250925.csv,충남,아산,아산시
4420010011,수철,충청남도 아산시 배방읍 수철리,106.0,353.9,353.1,442.0,8.1,1976-12-02,1978-11-30,한국농어촌공사_농업기반시설 시설제원_저수지_20250925.csv,충남,아산,아산시
4420010026,동천,충청남도 아산시 음봉면 신수리,18.0,90.9,90.3,107.0,3.2,1957-05-20,1960-12-31,한국농어촌공사_농업기반시설 시설제원_저수지_20250925.csv,충남,아산,아산시
4420010027,신정,충청남도 아산시 음봉면 신정리,31.0,133.7,132.2,80.0,6.1,1957-05-20,1960-12-30,한국농어촌공사_농업기반시설 시설제원_저수지_20250925.csv,충남,아산,아산시
4420010029,신휴,충청남도 아산시 음봉면 신휴리,218.4,1095.7,1090.4,842.0,53.0,1944-11-01,1954-03-31,한국농어촌공사_농업기반시설 시설제원_저수지_20250925.csv,충남,아산,아산시
4420010031,월랑,충청남도 아산시 음봉면 월랑리,135.0,528.4,523.5,421.0,21.9,1957-05-20,1960-12-31,한국농어촌공사_농업기반시설 시설제원_저수지_20250925.csv,충남,아산,아산시
4420010032,동암,충청남도 아산시 음봉면 송촌리,63.0,387.0,387.0,234.0,12.0,1957-05-20,1960-12-31,한국농어촌공사_농업기반시설 시설제원_저수지_20250925.csv,충남,아산,아산시
4420010033,봉재,충청남도 아산시 둔포면 봉재리,389.0,1338.8,1337.8,793.0,46.2,1942-12-01,1944-03-25,한국농어촌공사_농업기반시설 시설제원_저수지_20250925.csv,충남,아산,아산시
4420010036,상성,충청남도 아산시 영인면 아산리,253.0,1200.0,1111.5,690.0,34.8,1955-01-01,1958-06-30,한국농어촌공사_농업기반시설 시설제원_저수지_20250925.csv,충남,아산,아산시
4420010038,신봉,충청남도 아산시 영인면 신봉리,55.9,161.0,158.2,228.0,8.4,1956-01-01,1958-12-31,한국농어촌공사_농업기반시설 시설제원_저수지_20250925.csv,충남,아산,아산시
4420010039,성내,충청남도 아산시 영인면 성내리,334.3,1320.8,1032.8,690.0,42.0,1952-01-01,1958-12-31,한국농어촌공사_농업기반시설 시설제원_저수지_20250925.csv,충남,아산,아산시
4420010040,문방,충청남도 아산시 인주면 문방리,61.0,200.8,197.5,228.0,16.6,1952-01-01,1952-05-30,한국농어촌공사_농업기반시설 시설제원_저수지_20250925.csv,충남,아산,아산시
4420010041,냉정,충청남도 아산시 인주면 신성리,326.0,940.1,940.1,535.0,25.8,1940-01-01,1941-03-31,한국농어촌공사_농업기반시설 시설제원_저수지_20250925.csv,충남,아산,아산시
4420010042,죽산,충청남도 아산시 선장면 선창리,128.0,621.0,294.47,143.0,23.8,1942-01-01,1942-12-26,한국농어촌공사_농업기반시설 시설제원_저수지_20250925.csv,충남,아산,아산시
4420010045,도고,충청남도 아산시 도고면 신유리,840.9,429.4,427.77,2097.0,97.4,1928-01-01,1929-11-30,한국농어촌공사_농업기반시설 시설제원_저수지_20250925.csv,충남,아산,아산시
4420010048,신창,충청남도 아산시 신창면 오목리,97.0,771.0,771.0,480.0,34.4,1950-01-01,1954-03-31,한국농어촌공사_농업기반시설 시설제원_저수지_20250925.csv,충남,아산,아산시
4421010002,잠홍,충청남도 서산시 잠홍동,363.4,1509.0,1485.0,1129.0,69.12,1951-11-05,1958-12-31,한국농어촌공사_농업기반시설 시설제원_저수지_20250925.csv,충남,서산.태안,서산시
4421010005,대산,충청남도 서산시 대산읍 대로리,101.9,491.0,408.0,335.0,14.76,1976-01-01,1978-01-01,한국농어촌공사_농업기반시설 시설제원_저수지_20250925.csv,충남,서산.태안,서산시
4421010014,모월,충청남도 서산시 양대동,108.8,601.0,601.0,262.0,31.45,1978-01-01,1982-01-01,한국농어촌공사_농업기반시설 시설제원_저수지_20250925.csv,충남,서산.태안,서산시
4421010017,풍전,충청남도 서산시 인지면 풍전리,655.1,2622.8,2621.2,1110.0,70.25,1942-01-21,1944-12-29,한국농어촌공사_농업기반시설 시설제원_저수지_20250925.csv,충남,서산.태안,서산시
4421010018,강수,충청남도 서산시 부석면 강수리,37.0,96.0,96.0,140.0,4.29,1957-04-08,1957-12-08,한국농어촌공사_농업기반시설 시설제원_저수지_20250925.csv,충남,서산.태안,서산시
4421010028,마룡,충청남도 서산시 부석면 마룡리,39.8,350.1,345.7,114.0,19.95,1955-01-01,1961-01-01,한국농어촌공사_농업기반시설 시설제원_저수지_20250925.csv,충남,서산.태안,서산시
4421010036,중왕,충청남도 서산시 지곡면 중왕리,203.8,1138.0,1120.0,910.0,51.05,1986-09-04,1996-12-01,한국농어촌공사_농업기반시설 시설제원_저수지_20250925.csv,충남,서산.태안,서산시
4421010037,지곡,충청남도 서산시 지곡면 도성리,44.6,306.63,306.63,135.0,15.15,1946-08-30,1954-07-01,한국농어촌공사_농업기반시설 시설제원_저수지_20250925.csv,충남,서산.태안,서산시
4421010039,고남,충청남도 서산시 성연면 고남리,92.6,1072.6,1072.5,430.0,20.4,1965-01-01,1968-01-01,한국농어촌공사_농업기반시설 시설제원_저수지_20250925.csv,충남,서산.태안,서산시
4421010042,성암,충청남도 서산시 음암면 부장리,624.1,3157.0,3074.0,1936.0,104.16,1963-07-29,1966-12-31,한국농어촌공사_농업기반시설 시설제원_저수지_20250925.csv,충남,서산.태안,서산시
4421010043,신창,충청남도 서산시 운산면 신창리,189.1,1835.4,1786.6,440.0,18.73,1976-04-01,1978-06-01,한국농어촌공사_농업기반시설 시설제원_저수지_20250925.csv,충남,서산.태안,서산시
4421010044,용현,충청남도 서산시 운산면 용현리,33.2,357.3,357.3,123.0,6.5,1973-04-01,1974-06-01,한국농어촌공사_농업기반시설 시설제원_저수지_20250925.csv,충남,서산.태안,서산시
4421010045,고풍,충청남도 서산시 운산면 고풍리,1293.8,8360.0,7822.0,2590.0,62.35,1967-04-05,1975-12-31,한국농어촌공사_농업기반시설 시설제원_저수지_20250925.csv,충남,서산.태안,서산시
4421010052,산수,충청남도 서산시 해미면 산수리,638.9,3445.37,3315.8,1706.0,43.6,1953-03-04,1962-12-31,한국농어촌공사_농업기반시설 시설제원_저수지_20250925.csv,충남,서산.태안,서산시
4421010053,황락,충청남도 서산시 해미면 황락리,77.1,1038.5,1038.5,420.0,10.87,1985-09-30,1991-11-30,한국농어촌공사_농업기반시설 시설제원_저수지_20250925.csv,충남,서산.태안,서산시
4421010054,신송,충청남도 서산시 고북면 신송리,406.8,3220.2,3220.2,680.0,47.5,1978-11-10,1984-12-31,한국농어촌공사_농업기반시설 시설제원_저수지_20250925.csv,충남,서산.태안,서산시
4423010001,소룡,충청남도 논산시 연무읍 소룡리,28.0,88.1,84.79,70.0,1.5,1961-01-01,1963-12-30,한국농어촌공사_농업기반시설 시설제원_저수지_20250925.csv,충남,논산,논산시
4423010002,양지,충청남도 논산시 연무읍 양지리,8.0,9.6,9.5,50.0,0.48,1965-01-01,1966-12-30,한국농어촌공사_농업기반시설 시설제원_저수지_20250925.csv,충남,논산,논산시
4423010005,고내,충청남도 논산시 연무읍 고내리,77.0,235.06,230.21,199.0,6.9,1956-01-01,1956-03-28,한국농어촌공사_농업기반시설 시설제원_저수지_20250925.csv,충남,논산,논산시
4423010007,고합,충청남도 논산시 연무읍 황화정리,63.6,276.59,272.95,152.0,5.3,1957-01-01,1957-12-30,한국농어촌공사_농업기반시설 시설제원_저수지_20250925.csv,충남,논산,논산시
4423010010,안심,충청남도 논산시 연무읍 안심리,4.7,10.05,10.03,40.0,2.21,1911-01-01,1913-12-30,한국농어촌공사_농업기반시설 시설제원_저수지_20250925.csv,충남,논산,논산시
4423010018,소곡,충청남도 논산시 노성면 송당리,18.4,34.5,26.9,120.0,2.7,1953-01-01,1957-12-30,한국농어촌공사_농업기반시설 시설제원_저수지_20250925.csv,충남,논산,논산시
4423010020,월명,충청남도 논산시 노성면 송당리,24.6,42.0,36.6,66.7,2.01,1953-03-20,1957-03-20,한국농어촌공사_농업기반시설 시설제원_저수지_20250925.csv,충남,논산,논산시
4423010022,가곡,충청남도 논산시 노성면 병사리,207.7,726.03,695.12,500.0,26.4,1953-01-01,1955-12-30,한국농어촌공사_농업기반시설 시설제원_저수지_20250925.csv,충남,논산,논산시
4423010030,지경,충청남도 논산시 상월면 지경리,11.0,17.2,15.0,50.0,2.5,1945-01-01,1945-12-31,한국농어촌공사_농업기반시설 시설제원_저수지_20250925.csv,충남,논산,논산시
4423010031,석종,충청남도 논산시 상월면 석종리,9.0,19.4,18.17,39.0,1.3,1940-01-01,1940-12-30,한국농어촌공사_농업기반시설 시설제원_저수지_20250925.csv,충남,논산,논산시
4423010037,띠울,충청남도 논산시 상월면 대명리,3.9,6.26,6.22,40.0,0.6,1940-01-01,1940-12-30,한국농어촌공사_농업기반시설 시설제원_저수지_20250925.csv,충남,논산,논산시
4423010041,한천,충청남도 논산시 상월면 한천리,7.0,1.39,1.39,50.0,0.5,1945-01-01,1945-12-31,한국농어촌공사_농업기반시설 시설제원_저수지_20250925.csv,충남,논산,논산시
4423010042,수정골,충청남도 논산시 상월면 숙진리,5.0,10.6,10.3,80.0,3.0,1945-01-01,1945-12-10,한국농어촌공사_농업기반시설 시설제원_저수지_20250925.csv,충남,논산,논산시
4423010043,도정골,충청남도 논산시 상월면 숙진리,5.0,2.23,2.0,15.0,0.78,1945-01-01,1945-12-30,한국농어촌공사_농업기반시설 시설제원_저수지_20250925.csv,충남,논산,논산시
4423010045,탑정,충청남도 논산시 가야곡면 종연리,5713.0,34983.0,34940.0,21880.0,662.0,1941-03-13,1944-08-31,한국농어촌공사_농업기반시설 시설제원_저수지_20250925.csv,충남,논산,논산시
4423010046,아곡,충청남도 논산시 부적면 신교리,44.6,151.09,137.86,50.0,7.0,1910-01-03,1910-12-30,한국농어촌공사_농업기반시설 시설제원_저수지_20250925.csv,충남,논산,논산시
4423010047,평촌,충청남도 논산시 부적면 반송리,10.0,19.0,15.0,15.0,1.5,1910-08-20,1911-03-22,한국농어촌공사_농업기반시설 시설제원_저수지_20250925.csv,충남,논산,논산시
4423010055,양동,충청남도 논산시 연산면 신양리,3.0,0.94,0.9,3.0,0.15,1945-01-01,1945-12-30,한국농어촌공사_농업기반시설 시설제원_저수지_20250925.csv,충남,논산,논산시
4423010067,임화,충청남도 논산시 양촌면 임화리,41.2,494.49,480.02,191.0,8.2,1976-01-01,1979-12-30,한국농어촌공사_농업기반시설 시설제원_저수지_20250925.csv,충남,논산,논산시
4423010073,서당,충청남도 논산시 양촌면 반곡리,12.0,16.85,12.62,19.0,1.0,1945-01-01,1945-12-30,한국농어촌공사_농업기반시설 시설제원_저수지_20250925.csv,충남,논산,논산시
4423010080,강청,충청남도 논산시 가야곡면 강청리,70.1,32.3,23.4,175.0,6.73,1975-12-01,1976-12-30,한국농어촌공사_농업기반시설 시설제원_저수지_20250925.csv,충남,논산,논산시
4423010081,국동,충청남도 논산시 가야곡면 함적리,8.7,11.57,10.36,43.0,0.8,1945-01-01,1946-12-30,한국농어촌공사_농업기반시설 시설제원_저수지_20250925.csv,충남,논산,논산시
4423010085,유와골,충청남도 논산시 은진면 용산리,14.1,8.27,7.78,35.0,0.7,1957-01-01,1961-12-30,한국농어촌공사_농업기반시설 시설제원_저수지_20250925.csv,충남,논산,논산시
4423010086,성덕,충청남도 논산시 은진면 성덕리,4.0,1.89,1.67,15.0,0.3,1935-01-01,1935-12-31,한국농어촌공사_농업기반시설 시설제원_저수지_20250925.csv,충남,논산,논산시
4423010087,수락,충청남도 논산시 벌곡면 수락리,192.0,921.07,856.31,621.0,12.3,2000-01-03,2002-12-31,한국농어촌공사_농업기반시설 시설제원_저수지_20250925.csv,충남,논산,논산시
4471010014,화림,충청남도 금산군 금성면 상가리,95.3,389.68,389.68,466.0,10.28,1950-04-20,1956-12-28,한국농어촌공사_농업기반시설 시설제원_저수지_20250925.csv,충남,세종.대전.금산,금산군
4471010057,홍도,충청남도 금산군 남일면 신정리,30.0,55.3,55.3,230.0,1.56,1971-10-01,1974-01-01,한국농어촌공사_농업기반시설 시설제원_저수지_20250925.csv,충남,세종.대전.금산,금산군
4471010058,신동,충청남도 금산군 남일면 신동리,59.7,1887.0,1881.0,670.0,19.5,1956-01-01,1961-01-01,한국농어촌공사_농업기반시설 시설제원_저수지_20250925.csv,충남,세종.대전.금산,금산군
4471010071,청림,충청남도 금산군 진산면 행정리,85.3,690.5,679.2,480.0,9.83,1967-01-01,1970-01-01,한국농어촌공사_농업기반시설 시설제원_저수지_20250925.csv,충남,세종.대전.금산,금산군
4471010082,지동,충청남도 금산군 추부면 용지리,58.9,164.0,164.0,280.0,7.3,1952-03-20,1958-01-01,한국농어촌공사_농업기반시설 시설제원_저수지_20250925.csv,충남,세종.대전.금산,금산군
4471010087,장산,충청남도 금산군 추부면 요광리,16.4,222.0,220.0,186.0,6.2,1952-03-20,1958-01-01,한국농어촌공사_농업기반시설 시설제원_저수지_20250925.csv,충남,세종.대전.금산,금산군
4471010088,동곡,충청남도 금산군 제원면 동곡리,123.7,848.2,826.4,450.0,9.1,1997-12-04,2002-12-31,한국농어촌공사_농업기반시설 시설제원_저수지_20250925.csv,충남,세종.대전.금산,금산군
4471010089,숭암,충청남도 금산군 추부면 장대리,95.4,437.5,414.3,358.0,10.4,1952-12-26,1958-01-01,한국농어촌공사_농업기반시설 시설제원_저수지_20250925.csv,충남,세종.대전.금산,금산군
4471010090,석동,충청남도 금산군 남이면 석동리,150.7,992.6,927.6,322.6,9.63,1998-12-24,2005-12-26,한국농어촌공사_농업기반시설 시설제원_저수지_20250925.csv,충남,세종.대전.금산,금산군
4476010006,반산,충청남도 부여군 규암면 합송리,765.1,5692.0,5652.0,1740.0,125.0,1946-06-01,1956-06-30,한국농어촌공사_농업기반시설 시설제원_저수지_20250925.csv,충남,부여,부여군
4476010042,상천,충청남도 부여군 홍산면 상천리,182.9,684.0,615.0,353.0,11.0,1942-01-01,1943-12-01,한국농어촌공사_농업기반시설 시설제원_저수지_20250925.csv,충남,부여,부여군
4476010046,옥산,충청남도 부여군 옥산면 안서리,481.6,2682.0,2413.0,1700.0,73.0,1929-04-01,1930-09-01,한국농어촌공사_농업기반시설 시설제원_저수지_20250925.csv,충남,부여,부여군
4476010060,복심,충청남도 부여군 충화면 만지리,479.0,4711.0,4706.4,1761.0,96.1,1929-04-01,1930-09-01,한국농어촌공사_농업기반시설 시설제원_저수지_20250925.csv,충남,부여,부여군
4476010069,덕용,충청남도 부여군 양화면 송정리,1071.0,5661.0,5661.0,1580.0,87.9,1943-12-06,1955-05-31,한국농어촌공사_농업기반시설 시설제원_저수지_20250925.csv,충남,서천,부여군
4476010076,가신,충청남도 부여군 임천면 가신리,62.3,433.0,426.0,200.0,13.0,1940-11-01,1941-12-01,한국농어촌공사_농업기반시설 시설제원_저수지_20250925.csv,충남,부여,부여군
4476010084,두곡,충청남도 부여군 임천면 두곡리,21.7,111.0,100.03,92.0,3.4,1943-01-01,1944-12-01,한국농어촌공사_농업기반시설 시설제원_저수지_20250925.csv,충남,부여,부여군
4476010094,마하동,충청남도 부여군 세도면 귀덕리,36.4,136.52,129.0,65.0,5.9,1944-01-01,1945-05-31,한국농어촌공사_농업기반시설 시설제원_저수지_20250925.csv,충남,부여,부여군
4476010095,삼산,충청남도 부여군 외산면 삼산리,80.0,546.2,543.2,180.0,5.18,2001-12-17,2009-12-30,한국농어촌공사_농업기반시설 시설제원_저수지_20250925.csv,충남,부여,부여군
4476010096,화성,충청남도 부여군 외산면 화성리,80.2,724.4,720.9,205.0,8.58,2001-12-17,2009-12-30,한국농어촌공사_농업기반시설 시설제원_저수지_20250925.csv,충남,부여,부여군
4476010243,초촌,충청남도 부여군 초촌면 세탑리,131.4,1034.0,942.0,238.8,103.5,2017-05-15,2021-12-15,한국농어촌공사_농업기반시설 시설제원_저수지_20250925.csv,충남,부여,부여군
4477010004,축동,충청남도 서천군 한산면 축동리,370.0,1707.0,1490.8,752.0,67.2,1945-09-01,1955-05-31,한국농어촌공사_농업기반시설 시설제원_저수지_20250925.csv,충남,서천,서천군
4477010006,동부,충청남도 서천군 마산면 이사리,2477.0,12182.0,10733.8,2834.0,244.08,1923-11-17,1926-06-10,한국농어촌공사_농업기반시설 시설제원_저수지_20250925.csv,충남,서천,서천군
4477010007,문산,충청남도 서천군 문산면 신농리,261.0,97.32,97.32,1116.0,36.7,1957-12-15,1964-12-04,한국농어촌공사_농업기반시설 시설제원_저수지_20250925.csv,충남,서천,서천군
4477010010,종천,충청남도 서천군 종천면 신검리,385.0,3381.0,3353.14,1200.0,50.1,1956-10-21,1962-05-31,한국농어촌공사_농업기반시설 시설제원_저수지_20250925.csv,충남,서천,서천군
4477010011,서부,충청남도 서천군 종천면 석촌리,1627.0,8018.0,7989.0,3039.0,124.8,1923-11-17,1926-06-10,한국농어촌공사_농업기반시설 시설제원_저수지_20250925.csv,충남,서천,서천군
4477010015,안치,충청남도 서천군 비인면 성북리,53.0,167.09,167.04,110.0,4.23,1943-09-04,1945-09-20,한국농어촌공사_농업기반시설 시설제원_저수지_20250925.csv,충남,서천,서천군
4477010020,주항,충청남도 서천군 서면 월리,163.0,744.0,690.69,367.0,32.2,1946-11-01,1958-08-28,한국농어촌공사_농업기반시설 시설제원_저수지_20250925.csv,충남,서천,서천군
4479010002,적누,충청남도 청양군 청양읍 적누리,164.3,2625.9,2610.8,452.0,23.15,1985-08-12,1997-12-31,한국농어촌공사_농업기반시설 시설제원_저수지_20250925.csv,충남,청양,청양군
4479010014,모곡,충청남도 청양군 운곡면 모곡리,13.0,7.5,7.5,58.0,1.5,1977-01-01,1978-12-31,한국농어촌공사_농업기반시설 시설제원_저수지_20250925.csv,충남,청양,청양군
4479010015,신대(운곡),충청남도 청양군 운곡면 신대리,191.0,2989.5,2929.5,962.0,27.68,1975-11-17,1977-12-20,한국농어촌공사_농업기반시설 시설제원_저수지_20250925.csv,충남,청양,청양군
4479010033,천장,충청남도 청양군 정산면 천장리,551.0,2882.0,2877.5,1270.0,24.14,1972-12-14,1978-12-31,한국농어촌공사_농업기반시설 시설제원_저수지_20250925.csv,충남,청양,청양군
4479010038,내지곡,충청남도 청양군 목면 지곡리,17.9,4.9,4.9,32.0,0.36,1943-01-01,1945-12-31,한국농어촌공사_농업기반시설 시설제원_저수지_20250925.csv,충남,청양,청양군
4479010041,아산,충청남도 청양군 청남면 아산리,20.0,9.0,8.6,29.0,2.0,1943-01-01,1945-12-31,한국농어촌공사_농업기반시설 시설제원_저수지_20250925.csv,충남,청양,청양군
4479010044,도림,충청남도 청양군 장평면 적곡리,482.0,3829.0,3776.0,650.0,26.27,1987-12-01,2001-12-15,한국농어촌공사_농업기반시설 시설제원_저수지_20250925.csv,충남,청양,청양군
4479010046,관현(갓고개),충청남도 청양군 장평면 관현리,20.0,4.31,4.31,78.0,1.1,1943-01-01,1945-12-31,한국농어촌공사_농업기반시설 시설제원_저수지_20250925.csv,충남,청양,청양군
4479010061,화암,충청남도 청양군 화성면 화암리,69.0,414.0,400.5,170.0,6.7,1943-11-11,1945-03-30,한국농어촌공사_농업기반시설 시설제원_저수지_20250925.csv,충남,청양,청양군
4479010063,신리,충청남도 청양군 화성면 수정리,32.0,158.5,158.5,68.0,1.99,1944-01-01,1945-03-31,한국농어촌공사_농업기반시설 시설제원_저수지_20250925.csv,충남,청양,청양군
4479010065,수정,충청남도 청양군 화성면 수정리,53.0,337.4,336.6,106.0,4.8,1989-01-01,1994-12-31,한국농어촌공사_농업기반시설 시설제원_저수지_20250925.csv,충남,청양,청양군
4479010067,원당1,충청남도 청양군 화성면 용당리,9.6,13.8,13.8,25.0,1.1,1963-01-01,1965-12-31,한국농어촌공사_농업기반시설 시설제원_저수지_20250925.csv,충남,청양,청양군
4479010070,매산,충청남도 청양군 화성면 매산리,101.9,555.0,554.4,345.0,8.96,1976-12-01,1979-09-28,한국농어촌공사_농업기반시설 시설제원_저수지_20250925.csv,충남,청양,청양군
4479010075,사점,충청남도 청양군 비봉면 사점리,99.9,296.9,296.9,206.7,6.0,1944-01-03,1945-03-30,한국농어촌공사_농업기반시설 시설제원_저수지_20250925.csv,충남,청양,청양군
4479010076,관산2,충청남도 청양군 비봉면 관산리,12.0,28.7,28.7,143.0,2.0,1975-01-01,1977-12-31,한국농어촌공사_농업기반시설 시설제원_저수지_20250925.csv,충남,청양,청양군
4479010077,관산,충청남도 청양군 비봉면 관산리,156.0,1169.9,1169.6,250.0,11.27,1985-08-12,1997-12-31,한국농어촌공사_농업기반시설 시설제원_저수지_20250925.csv,충남,청양,청양군
4479010079,갈망골,충청남도 청양군 비봉면 강정리,28.0,189.0,155.0,55.0,3.6,2000-12-19,2004-12-20,한국농어촌공사_농업기반시설 시설제원_저수지_20250925.csv,충남,청양,청양군
4479010080,안골,충청남도 청양군 비봉면 강정리,15.0,15.2,14.9,35.0,1.2,1962-01-01,1964-12-31,한국농어촌공사_농업기반시설 시설제원_저수지_20250925.csv,충남,청양,청양군
4479010083,용천,충청남도 청양군 비봉면 용천리,36.1,156.4,150.0,102.0,4.58,1956-01-01,1958-12-31,한국농어촌공사_농업기반시설 시설제원_저수지_20250925.csv,충남,청양,청양군
4479010084,방한,충청남도 청양군 비봉면 방한리,70.0,140.4,118.9,100.0,2.71,1956-01-02,1958-12-31,한국농어촌공사_농업기반시설 시설제원_저수지_20250925.csv,충남,청양,청양군
4479010085,신정,충청남도 청양군 화성면 신정리,26.6,48.8,48.8,75.0,1.36,1970-01-01,1971-12-31,한국농어촌공사_농업기반시설 시설제원_저수지_20250925.csv,충남,청양,청양군
4479010086,원용두,충청남도 청양군 정산면 용두리,22.0,14.6,14.6,174.0,1.24,1954-01-01,1955-12-31,한국농어촌공사_농업기반시설 시설제원_저수지_20250925.csv,충남,청양,청양군
4479010087,은곡,충청남도 청양군 장평면 적곡리,125.0,921.9,866.5,168.0,10.52,1987-12-01,2001-12-31,한국농어촌공사_농업기반시설 시설제원_저수지_20250925.csv,충남,청양,청양군
4479010088,장재,충청남도 청양군 비봉면 장재리,11.3,12.1,12.1,29.0,1.5,1956-01-01,1958-12-31,한국농어촌공사_농업기반시설 시설제원_저수지_20250925.csv,충남,청양,청양군
4479010089,대박,충청남도 청양군 정산면 대박리,50.0,347.0,345.0,77.0,4.1,2002-09-10,2005-12-23,한국농어촌공사_농업기반시설 시설제원_저수지_20250925.csv,충남,청양,청양군
4479010090,칠갑,충청남도 청양군 대치면 광대리,682.0,5084.5,4760.0,1730.0,58.6,1991-08-12,2013-12-31,한국농어촌공사_농업기반시설 시설제원_저수지_20250925.csv,충남,청양,청양군
4479010157,온암,충청남도 청양군 남양면 온암리,298.0,2024.4,1747.0,750.0,25.02,2003-12-17,2017-12-31,한국농어촌공사_농업기반시설 시설제원_저수지_20250925.csv,충남,청양,청양군
4479010170,본의,충청남도 청양군 목면 본의리,182.0,1600.0,1390.0,380.0,18.1,2006-12-22,2018-12-20,한국농어촌공사_농업기반시설 시설제원_저수지_20250925.csv,충남,청양,청양군
4480010004,벽정,충청남도 홍성군 광천읍 벽계리,57.9,205.0,205.0,210.0,6.36,1941-01-01,1945-01-01,한국농어촌공사_농업기반시설 시설제원_저수지_20250925.csv,충남,홍성,홍성군
4480010007,월암,충청남도 홍성군 금마면 봉서리,35.2,323.3,309.2,205.0,7.9,1981-03-07,1992-01-01,한국농어촌공사_농업기반시설 시설제원_저수지_20250925.csv,충남,홍성,홍성군
4480010008,홍양,충청남도 홍성군 홍성읍 구룡리,441.5,2057.0,2057.0,2133.0,67.46,1941-01-01,1945-01-01,한국농어촌공사_농업기반시설 시설제원_저수지_20250925.csv,충남,홍성,홍성군
4480010011,장곡,충청남도 홍성군 장곡면 화계리,255.4,1300.0,1300.0,1064.0,29.78,1976-01-01,1978-01-01,한국농어촌공사_농업기반시설 시설제원_저수지_20250925.csv,충남,홍성,홍성군
4480010012,홍동,충청남도 홍성군 장곡면 지정리,234.5,1063.8,1063.8,1480.0,40.7,1945-01-01,1955-01-01,한국농어촌공사_농업기반시설 시설제원_저수지_20250925.csv,충남,홍성,홍성군
4480010039,가곡,충청남도 홍성군 갈산면 가곡리,201.4,157.5,154.3,462.0,19.1,1982-01-01,1984-01-01,한국농어촌공사_농업기반시설 시설제원_저수지_20250925.csv,충남,홍성,홍성군
4480010042,대사,충청남도 홍성군 갈산면 대사리,162.9,1376.2,1376.2,290.0,16.6,1978-01-01,1984-01-01,한국농어촌공사_농업기반시설 시설제원_저수지_20250925.csv,충남,홍성,홍성군
4480010043,공리,충청남도 홍성군 구항면 공리,167.5,1507.2,1463.2,370.0,29.6,1983-01-01,1985-01-01,한국농어촌공사_농업기반시설 시설제원_저수지_20250925.csv,충남,홍성,홍성군
4480010044,천태,충청남도 홍성군 장곡면 천태리,246.1,1476.0,1290.0,881.0,35.53,1996-12-27,2005-12-20,한국농어촌공사_농업기반시설 시설제원_저수지_20250925.csv,충남,홍성,홍성군
4481010005,수철,충청남도 예산군 예산읍 수철리,201.5,785.0,782.5,490.0,14.1,1930-01-01,1931-08-31,한국농어촌공사_농업기반시설 시설제원_저수지_20250925.csv,충남,예산,예산군
4481010006,방산,충청남도 예산군 대술면 방산리,265.6,2065.0,2054.0,690.0,33.2,1976-11-09,1982-11-30,한국농어촌공사_농업기반시설 시설제원_저수지_20250925.csv,충남,예산,예산군
4481010007,송석,충청남도 예산군 대술면 송석리,171.4,1429.9,1415.6,560.0,23.5,1976-08-16,1982-11-30,한국농어촌공사_농업기반시설 시설제원_저수지_20250925.csv,충남,예산,예산군
4481010012,여래미,충청남도 예산군 신양면 여래미리,138.3,1366.0,1242.0,380.0,14.0,1985-08-10,1990-12-20,한국농어촌공사_농업기반시설 시설제원_저수지_20250925.csv,충남,예산,예산군
4481010019,산묵,충청남도 예산군 광시면 대리,98.3,730.1,714.4,220.0,9.3,1979-12-27,1982-12-20,한국농어촌공사_농업기반시설 시설제원_저수지_20250925.csv,충남,예산,예산군
4481010020,보강(대리),충청남도 예산군 광시면 대리,71.1,490.0,490.0,160.0,6.1,1979-12-27,1982-12-20,한국농어촌공사_농업기반시설 시설제원_저수지_20250925.csv,충남,예산,예산군
4481010021,예당(대흥),충청남도 예산군 응봉면 입침리,6971.4,47103.0,46070.0,37360.0,1088.7,1952-12-29,1964-12-31,한국농어촌공사_농업기반시설 시설제원_저수지_20250925.csv,충남,예산,예산군
4481010022,옥계,충청남도 예산군 덕산면 옥계리,296.8,3100.0,3000.0,1182.0,43.2,1952-10-04,1957-06-29,한국농어촌공사_농업기반시설 시설제원_저수지_20250925.csv,충남,예산,예산군
4481010023,상가,충청남도 예산군 덕산면 상가리,16.6,348.0,333.1,228.0,4.0,1985-10-10,1992-12-31,한국농어촌공사_농업기반시설 시설제원_저수지_20250925.csv,충남,예산,예산군
4481010024,용봉,충청남도 예산군 덕산면 둔리,91.9,521.3,516.7,420.0,16.7,1976-06-05,1978-12-20,한국농어촌공사_농업기반시설 시설제원_저수지_20250925.csv,충남,예산,예산군
4481010025,광천,충청남도 예산군 덕산면 광천리,64.7,317.9,317.9,120.0,3.9,1985-01-01,1988-01-01,한국농어촌공사_농업기반시설 시설제원_저수지_20250925.csv,충남,홍성,예산군
4481010027,봉림,충청남도 예산군 봉산면 사석리,234.0,2221.0,2217.0,745.0,26.59,1942-05-09,1944-03-28,한국농어촌공사_농업기반시설 시설제원_저수지_20250925.csv,충남,예산,예산군
4481010050,하천,충청남도 예산군 신양면 하천리,91.4,810.5,707.0,190.0,11.06,2005-12-13,2012-11-30,한국농어촌공사_농업기반시설 시설제원_저수지_20250925.csv,충남,예산,예산군
4482010002,인평,충청남도 태안군 태안읍 인평리,202.9,970.0,890.7,1062.0,43.81,1937-04-10,1938-12-30,한국농어촌공사_농업기반시설 시설제원_저수지_20250925.csv,충남,서산.태안,태안군
4482010009,승언1호,충청남도 태안군 안면읍 승언리,42.2,246.3,244.4,176.0,20.95,1954-03-25,1959-12-31,한국농어촌공사_농업기반시설 시설제원_저수지_20250925.csv,충남,서산.태안,태안군
4482010010,승언2호,충청남도 태안군 안면읍 승언리,97.9,617.88,617.88,282.8,48.87,1954-03-25,1959-12-31,한국농어촌공사_농업기반시설 시설제원_저수지_20250925.csv,충남,서산.태안,태안군
4482010011,승언3호,충청남도 태안군 안면읍 승언리,40.7,229.4,228.4,104.0,16.25,1954-03-25,1959-12-31,한국농어촌공사_농업기반시설 시설제원_저수지_20250925.csv,충남,서산.태안,태안군
4482010015,창기,충청남도 태안군 안면읍 창기리,32.9,309.0,265.0,88.4,11.06,1954-03-25,1959-12-31,한국농어촌공사_농업기반시설 시설제원_저수지_20250925.csv,충남,서산.태안,태안군
4482010016,미포,충청남도 태안군 안면읍 창기리,166.5,1221.4,946.8,32.7,20.8,1979-01-01,1983-01-01,한국농어촌공사_농업기반시설 시설제원_저수지_20250925.csv,충남,서산.태안,태안군
4482010019,신야,충청남도 태안군 안면읍 중장리,73.8,265.0,265.0,20.0,12.4,1978-11-07,1982-12-22,한국농어촌공사_농업기반시설 시설제원_저수지_20250925.csv,충남,서산.태안,태안군
4482010021,지포,충청남도 태안군 안면읍 중장리,70.8,269.2,268.7,127.0,18.5,1956-06-25,1960-12-30,한국농어촌공사_농업기반시설 시설제원_저수지_20250925.csv,충남,서산.태안,태안군
4482010027,수룡,충청남도 태안군 근흥면 수룡리,268.8,1286.73,1284.98,750.0,50.02,1957-06-27,1960-12-31,한국농어촌공사_농업기반시설 시설제원_저수지_20250925.csv,충남,서산.태안,태안군
4482010033,송현,충청남도 태안군 소원면 송현리,88.3,220.9,219.6,258.0,11.2,1978-11-07,1982-12-30,한국농어촌공사_농업기반시설 시설제원_저수지_20250925.csv,충남,서산.태안,태안군
4482010034,구들,충청남도 태안군 소원면 의항리,4.1,7.6,7.6,32.0,0.8,1975-01-01,1977-01-01,한국농어촌공사_농업기반시설 시설제원_저수지_20250925.csv,충남,서산.태안,태안군
4482010036,반계1호,충청남도 태안군 원북면 이곡리,83.2,446.56,445.04,287.0,24.98,1929-04-10,1930-12-30,한국농어촌공사_농업기반시설 시설제원_저수지_20250925.csv,충남,서산.태안,태안군
4482010038,황촌3호,충청남도 태안군 원북면 황촌리,11.5,56.0,56.0,92.0,4.23,1929-04-10,1930-12-30,한국농어촌공사_농업기반시설 시설제원_저수지_20250925.csv,충남,서산.태안,태안군
4482010039,신두2호,충청남도 태안군 원북면 신두리,36.8,182.3,181.0,138.0,13.03,1929-04-10,1930-12-30,한국농어촌공사_농업기반시설 시설제원_저수지_20250925.csv,충남,서산.태안,태안군
4482010045,사창,충청남도 태안군 이원면 사창리,57.7,446.1,312.8,215.0,15.53,1948-01-01,1952-12-26,한국농어촌공사_농업기반시설 시설제원_저수지_20250925.csv,충남,서산.태안,태안군
4482510001,중장,충청남도 태안군 안면읍 중장리,78.3,624.0,513.0,16.0,8.6,1999-12-11,2002-12-10,한국농어촌공사_농업기반시설 시설제원_저수지_20250925.csv,충남,서산.태안,태안군
4482510002,대야,충청남도 태안군 고남면 누동리,292.5,2086.0,1883.0,124.8,41.31,1999-03-15,2007-12-31,한국농어촌공사_농업기반시설 시설제원_저수지_20250925.csv,충남,서산.태안,태안군
4482510003,장곡,충청남도 태안군 고남면 장곡리,46.7,395.3,364.5,74.0,9.01,1998-12-01,2007-12-31,한국농어촌공사_농업기반시설 시설제원_저수지_20250925.csv,충남,서산.태안,태안군
4482510036,모항,충청남도 태안군 소원면 모항리,381.0,1086.0,973.0,67.0,18.3,2010-03-29,2020-12-21,한국농어촌공사_농업기반시설 시설제원_저수지_20250925.csv,충남,서산.태안,태안군
4483010007,백미,충청남도 당진시 합덕읍 대전리,28.0,215.0,93.5,220.0,7.6,1935-03-01,1938-12-30,한국농어촌공사_농업기반시설 시설제원_저수지_20250925.csv,충남,당진,당진시
4483010008,온동,충청남도 당진시 고대면 당진포리,23.0,86.2,86.2,150.0,9.8,1925-01-01,1933-01-01,한국농어촌공사_농업기반시설 시설제원_저수지_20250925.csv,충남,당진,당진시
4483010009,항곡,충청남도 당진시 고대면 항곡리,30.0,94.2,82.0,104.0,4.1,1952-01-17,1955-06-30,한국농어촌공사_농업기반시설 시설제원_저수지_20250925.csv,충남,당진,당진시
4483010010,석문,충청남도 당진시 석문면 삼봉리,135.0,975.0,975.0,1750.0,58.9,1963-07-01,1968-06-21,한국농어촌공사_농업기반시설 시설제원_저수지_20250925.csv,충남,당진,당진시
4483010035,순성,충청남도 당진시 면천면 원동리,257.0,1428.0,1356.0,827.0,39.7,1953-03-01,1959-12-31,한국농어촌공사_농업기반시설 시설제원_저수지_20250925.csv,충남,당진,당진시
4483010043,초대,충청남도 당진시 신평면 초대리,147.0,1080.0,1026.0,470.0,24.1,1971-07-24,1975-12-30,한국농어촌공사_농업기반시설 시설제원_저수지_20250925.csv,충남,당진,당진시
4483010044,오봉,충청남도 당진시 신평면 상오리,367.0,875.0,875.0,2020.0,46.2,1921-04-12,1922-05-15,한국농어촌공사_농업기반시설 시설제원_저수지_20250925.csv,충남,당진,당진시
4483010047,송악,충청남도 당진시 송악읍 가교리,161.0,488.0,463.0,254.0,10.1,1952-04-01,1958-12-31,한국농어촌공사_농업기반시설 시설제원_저수지_20250925.csv,충남,당진,당진시
4483010048,전대,충청남도 당진시 송악읍 전대리,105.0,619.0,587.0,234.0,15.58,1957-02-01,1959-12-31,한국농어촌공사_농업기반시설 시설제원_저수지_20250925.csv,충남,당진,당진시
4483010049,당산,충청남도 당진시 송산면 당산리,30.0,37.0,37.0,170.0,5.0,1941-03-03,1944-12-29,한국농어촌공사_농업기반시설 시설제원_저수지_20250925.csv,충남,당진,당진시
4413010010,천호,충청남도 천안시 동남구 신부동,4.0,1071.02,1071.02,850.0,32.5,1952-04-10,1957-12-30,한국농어촌공사_농업기반시설_시설제원_저수지_2024.csv,충남,천안,천안시
4413010011,업성,충청남도 천안시 서북구 업성동,142.0,952.03,952.03,507.0,37.37,1965-12-06,1972-01-01,한국농어촌공사_농업기반시설_시설제원_저수지_2024.csv,충남,천안,천안시
4413010016,문암,충청남도 천안시 동남구 안서동,53.0,562.0,562.0,168.0,7.2,1976-12-27,1978-01-01,한국농어촌공사_농업기반시설_시설제원_저수지_2024.csv,충남,천안,천안시
4413010018,매주,충청남도 천안시 서북구 성환읍 매주리,27.0,191.77,176.57,130.0,8.4,1971-01-01,1972-12-30,한국농어촌공사_농업기반시설_시설제원_저수지_2024.csv,충남,천안,천안시
4413010019,율금,충청남도 천안시 서북구 직산읍 석곡리,27.0,128.85,121.0,65.0,5.69,1970-12-31,1972-12-30,한국농어촌공사_농업기반시설_시설제원_저수지_2024.csv,충남,천안,천안시
4413010020,왕림,충청남도 천안시 서북구 성환읍 왕림리,19.0,49.08,49.08,60.0,2.41,1970-12-31,1972-12-30,한국농어촌공사_농업기반시설_시설제원_저수지_2024.csv,충남,천안,천안시
4413010021,어룡,충청남도 천안시 서북구 성환읍 어룡리,60.3,92.76,92.02,107.0,4.64,1939-11-09,1940-12-30,한국농어촌공사_농업기반시설_시설제원_저수지_2024.csv,충남,천안,천안시
4413010022,학정,충청남도 천안시 서북구 성환읍 대홍리,214.0,775.04,775.04,706.0,39.59,1927-12-26,1929-01-15,한국농어촌공사_농업기반시설_시설제원_저수지_2024.csv,충남,천안,천안시
4413010023,남창,충청남도 천안시 서북구 성거읍 송남리,37.0,145.02,145.02,100.0,3.54,1956-01-12,1959-12-30,한국농어촌공사_농업기반시설_시설제원_저수지_2024.csv,충남,천안,천안시
4413010024,천흥,충청남도 천안시 서북구 성거읍 천흥리,206.0,838.94,829.74,500.0,14.27,1956-02-02,1959-12-30,한국농어촌공사_농업기반시설_시설제원_저수지_2024.csv,충남,천안,천안시
4413010025,성거,충청남도 천안시 서북구 성거읍 천흥리,15.0,72.01,72.01,100.0,3.79,1972-09-14,1973-11-15,한국농어촌공사_농업기반시설_시설제원_저수지_2024.csv,충남,천안,천안시
4413010029,신월,충청남도 천안시 서북구 성거읍 소우리,27.0,207.15,196.01,94.0,8.13,1965-12-07,1972-01-01,한국농어촌공사_농업기반시설_시설제원_저수지_2024.csv,충남,천안,천안시
4413010033,용연,충청남도 천안시 동남구 목천읍 교촌리,421.0,3049.8,3049.8,2070.0,49.21,1956-09-25,1962-12-31,한국농어촌공사_농업기반시설_시설제원_저수지_2024.csv,충남,천안,천안시
4413010039,대정,충청남도 천안시 동남구 성남면 석곡리,147.0,78.14,73.9,370.0,16.14,1952-04-02,1955-06-30,한국농어촌공사_농업기반시설_시설제원_저수지_2024.csv,충남,천안,천안시
4413010045,발산,충청남도 천안시 동남구 수신면 발산리,11.0,75.83,64.38,69.0,1.86,1952-04-29,1955-06-30,한국농어촌공사_농업기반시설_시설제원_저수지_2024.csv,충남,천안,천안시
4413010069,직산,충청남도 천안시 서북구 직산읍 삼은리,21.0,85.21,84.03,217.0,7.0,1937-12-31,1939-10-30,한국농어촌공사_농업기반시설_시설제원_저수지_2024.csv,충남,천안,천안시
4413010070,양전,충청남도 천안시 서북구 직산읍 양당리,263.0,385.12,369.01,360.0,23.24,1944-10-25,1949-05-10,한국농어촌공사_농업기반시설_시설제원_저수지_2024.csv,충남,천안,천안시
4413010072,마정,충청남도 천안시 서북구 직산읍 마정리,88.1,450.61,438.05,360.0,18.09,1944-10-30,1949-05-10,한국농어촌공사_농업기반시설_시설제원_저수지_2024.csv,충남,천안,천안시
4413010074,입장,충청남도 천안시 서북구 입장면 기로리,352.0,636.33,622.0,752.0,18.21,1943-12-06,1952-05-31,한국농어촌공사_농업기반시설_시설제원_저수지_2024.csv,충남,천안,천안시
4413010075,풍년,충청남도 천안시 서북구 입장면 시장리,292.0,1264.26,1172.45,683.0,30.8,1953-12-30,1957-12-30,한국농어촌공사_농업기반시설_시설제원_저수지_2024.csv,충남,천안,천안시
4415010037,기산,충청남도 공주시 계룡면 기산리,139.7,648.23,642.68,303.0,12.1,1976-07-22,1978-12-30,한국농어촌공사_농업기반시설_시설제원_저수지_2024.csv,충남,공주,공주시
4415010042,계룡,충청남도 공주시 계룡면 하대리,450.2,4717.1,4716.8,1574.0,71.68,1954-02-10,1964-12-31,한국농어촌공사_농업기반시설_시설제원_저수지_2024.csv,충남,공주,공주시
4415010045,경천(양화),충청남도 공주시 계룡면 양화리,296.6,2029.71,2028.3,800.0,39.7,1963-01-10,1967-12-30,한국농어촌공사_농업기반시설_시설제원_저수지_2024.csv,충남,공주,공주시
4415010062,월곡,충청남도 공주시 의당면 월곡리,35.5,175.24,175.24,253.0,4.9,1989-02-10,1989-12-30,한국농어촌공사_농업기반시설_시설제원_저수지_2024.csv,충남,공주,공주시
4415010063,유계,충청남도 공주시 의당면 유계리,95.0,760.83,747.74,190.0,8.1,1982-09-09,1989-12-30,한국농어촌공사_농업기반시설_시설제원_저수지_2024.csv,충남,공주,공주시
4415010066,중흥,충청남도 공주시 의당면 중흥리,275.0,2777.0,2679.6,920.0,33.5,1986-08-15,1999-04-17,한국농어촌공사_농업기반시설_시설제원_저수지_2024.csv,충남,공주,공주시
4415010067,요룡,충청남도 공주시 의당면 요룡리,105.7,1495.31,1363.99,430.0,13.0,1982-02-08,1989-12-30,한국농어촌공사_농업기반시설_시설제원_저수지_2024.csv,충남,공주,공주시
4415010070,평정,충청남도 공주시 정안면 평정리,83.4,565.59,557.61,294.0,6.6,1990-01-01,1997-01-01,한국농어촌공사_농업기반시설_시설제원_저수지_2024.csv,충남,공주,공주시
4415010071,정안,충청남도 공주시 정안면 고성리,187.2,2460.87,2460.1,676.0,27.8,1968-11-01,1976-12-31,한국농어촌공사_농업기반시설_시설제원_저수지_2024.csv,충남,공주,공주시
4415010080,영천(한천),충청남도 공주시 우성면 내산리,282.8,2585.0,2530.0,722.0,24.4,1957-01-08,1961-12-31,한국농어촌공사_농업기반시설_시설제원_저수지_2024.csv,충남,공주,공주시
4415010083,우목,충청남도 공주시 우성면 용봉리,321.3,1452.69,1430.09,1750.0,25.7,1982-02-23,1988-12-30,한국농어촌공사_농업기반시설_시설제원_저수지_2024.csv,충남,공주,공주시
4415010094,봉명,충청남도 공주시 계룡면 봉명리,15.4,17.62,17.62,50.0,0.75,1996-04-01,1997-12-31,한국농어촌공사_농업기반시설_시설제원_저수지_2024.csv,충남,공주,공주시
4418010005,평리,충청남도 보령시 웅천읍 평리,26.4,189.1,187.0,141.0,2.92,1992-10-01,1998-12-31,한국농어촌공사_농업기반시설_시설제원_저수지_2024.csv,충남,보령,보령시
4418010006,구,충청남도 보령시 웅천읍 수부리,16.8,45.0,43.0,109.0,1.1,1945-01-01,1946-12-31,한국농어촌공사_농업기반시설_시설제원_저수지_2024.csv,충남,보령,보령시
4418010007,수부,충청남도 보령시 웅천읍 수부리,97.7,334.3,317.0,218.0,10.45,1957-01-01,1959-01-01,한국농어촌공사_농업기반시설_시설제원_저수지_2024.csv,충남,보령,보령시
4418010014,구수,충청남도 보령시 주포면 마강리,80.0,230.1,228.0,169.0,10.4,1941-01-01,1942-12-31,한국농어촌공사_농업기반시설_시설제원_저수지_2024.csv,충남,보령,보령시
4418010019,수지,충청남도 보령시 주포면 연지리,51.1,168.9,160.0,114.0,6.3,1945-01-01,1946-12-31,한국농어촌공사_농업기반시설_시설제원_저수지_2024.csv,충남,보령,보령시
4418010040,진죽,충청남도 보령시 청소면 진죽리,101.3,688.0,654.0,557.0,45.0,1945-04-05,1946-12-31,한국농어촌공사_농업기반시설_시설제원_저수지_2024.csv,충남,보령,보령시
4418010041,신송,충청남도 보령시 청소면 신송리,40.7,122.5,122.5,36.0,6.4,1959-01-01,1960-12-30,한국농어촌공사_농업기반시설_시설제원_저수지_2024.csv,충남,보령,보령시
4418010042,죽림,충청남도 보령시 청소면 죽림리,43.0,177.1,168.0,163.0,4.3,1946-04-10,1947-12-31,한국농어촌공사_농업기반시설_시설제원_저수지_2024.csv,충남,보령,보령시
4418010045,성연,충청남도 보령시 청소면 성연리,275.7,1788.9,1788.9,750.0,25.3,1972-01-01,1977-01-01,한국농어촌공사_농업기반시설_시설제원_저수지_2024.csv,충남,보령,보령시
4418010046,야현,충청남도 보령시 청소면 야현리,3.3,14.0,14.0,52.0,0.7,1945-01-01,1946-12-31,한국농어촌공사_농업기반시설_시설제원_저수지_2024.csv,충남,보령,보령시
4418010047,장곡,충청남도 보령시 청소면 장곡리,17.3,58.4,50.0,360.0,4.7,1945-05-09,1946-12-31,한국농어촌공사_농업기반시설_시설제원_저수지_2024.csv,충남,보령,보령시
4418010048,월티,충청남도 보령시 청라면 나원리,98.2,522.0,496.0,344.0,8.69,1960-03-03,1961-12-31,한국농어촌공사_농업기반시설_시설제원_저수지_2024.csv,충남,보령,보령시
4418010051,의평,충청남도 보령시 청라면 의평리,25.9,168.2,160.0,165.0,3.54,1961-03-01,1961-12-31,한국농어촌공사_농업기반시설_시설제원_저수지_2024.csv,충남,보령,보령시
4418010052,청천,충청남도 보령시 죽정동,2638.0,20800.0,20753.1,7010.0,265.0,1952-01-01,1962-12-31,한국농어촌공사_농업기반시설_시설제원_저수지_2024.csv,충남,보령,보령시
4418010058,옥계,충청남도 보령시 청라면 옥계리,115.0,903.7,828.7,220.0,10.4,1990-11-21,1996-12-31,한국농어촌공사_농업기반시설_시설제원_저수지_2024.csv,충남,보령,보령시
4418010060,황룡,충청남도 보령시 청라면 장현리,52.0,284.5,266.5,135.0,3.5,1990-11-21,1996-12-31,한국농어촌공사_농업기반시설_시설제원_저수지_2024.csv,충남,보령,보령시
4418010061,장전,충청남도 보령시 청라면 장현리,134.6,744.2,707.0,436.0,10.99,1957-01-01,1961-12-31,한국농어촌공사_농업기반시설_시설제원_저수지_2024.csv,충남,보령,보령시
4418010066,대야,충청남도 보령시 남포면 제석리,5.0,16.0,16.0,10.0,1.2,1945-01-01,1946-12-31,한국농어촌공사_농업기반시설_시설제원_저수지_2024.csv,충남,보령,보령시
4418010069,옥서,충청남도 보령시 남포면 옥서리,225.8,1419.6,1350.0,800.0,28.87,1956-01-01,1961-01-01,한국농어촌공사_농업기반시설_시설제원_저수지_2024.csv,충남,보령,보령시
4418010070,신흥2,충청남도 보령시 남포면 신흥리,5.0,0.8,0.8,60.0,1.02,1946-01-01,1947-12-31,한국농어촌공사_농업기반시설_시설제원_저수지_2024.csv,충남,보령,보령시
4418010071,신흥1,충청남도 보령시 남포면 신흥리,6.0,10.8,10.0,70.0,2.3,1954-01-01,1955-12-30,한국농어촌공사_농업기반시설_시설제원_저수지_2024.csv,충남,보령,보령시
4418010073,양기1,충청남도 보령시 남포면 양기리,25.0,70.4,67.0,85.0,2.56,1960-10-17,1961-12-29,한국농어촌공사_농업기반시설_시설제원_저수지_2024.csv,충남,보령,보령시
4418010078,용제,충청남도 보령시 주산면 야룡리,50.1,205.0,195.0,188.0,8.8,1945-01-01,1947-12-30,한국농어촌공사_농업기반시설_시설제원_저수지_2024.csv,충남,보령,보령시
4418010082,신구,충청남도 보령시 주산면 신구리,74.7,411.4,404.4,257.0,9.73,1956-04-04,1957-12-17,한국농어촌공사_농업기반시설_시설제원_저수지_2024.csv,충남,보령,보령시
4418010084,유곡,충청남도 보령시 주산면 유곡리,17.9,109.5,109.5,108.0,4.6,1945-01-02,1948-12-30,한국농어촌공사_농업기반시설_시설제원_저수지_2024.csv,충남,보령,보령시
4418010090,삼곡2,충청남도 보령시 주산면 삼곡리,20.0,6.1,6.1,27.0,0.7,1945-01-01,1948-01-01,한국농어촌공사_농업기반시설_시설제원_저수지_2024.csv,충남,보령,보령시
4418010091,삼곡1,충청남도 보령시 주산면 삼곡리,25.8,7.8,7.8,61.0,0.7,1949-01-01,1952-12-30,한국농어촌공사_농업기반시설_시설제원_저수지_2024.csv,충남,보령,보령시
4418010105,은포,충청남도 보령시 주교면 은포리,13.3,64.1,64.1,191.0,4.8,1946-07-26,1947-12-30,한국농어촌공사_농업기반시설_시설제원_저수지_2024.csv,충남,보령,보령시
4418010106,해창,충청남도 보령시 주교면 관창리,60.0,96.0,96.0,19.0,4.6,1946-03-05,1947-12-30,한국농어촌공사_농업기반시설_시설제원_저수지_2024.csv,충남,보령,보령시
4418010107,내현,충청남도 보령시 청라면 내현리,130.4,834.2,758.4,260.0,13.29,2000-11-27,2005-12-20,한국농어촌공사_농업기반시설_시설제원_저수지_2024.csv,충남,보령,보령시
4420010001,마산,충청남도 아산시 득산동,149.1,2559.8,2559.8,1776.0,91.2,1926-01-01,1928-03-31,한국농어촌공사_농업기반시설_시설제원_저수지_2024.csv,충남,아산,아산시
4420010006,가혜,충청남도 아산시 염치읍 석두리,592.8,3501.6,3493.7,1588.0,81.3,1946-01-01,1950-03-30,한국농어촌공사_농업기반시설_시설제원_저수지_2024.csv,충남,아산,아산시
4420010010,궁평,충청남도 아산시 송악면 동화리,1108.0,6717.3,6716.6,4333.0,111.7,1952-11-15,1961-12-30,한국농어촌공사_농업기반시설_시설제원_저수지_2024.csv,충남,아산,아산시
4420010011,수철,충청남도 아산시 배방읍 수철리,106.0,353.9,353.1,442.0,8.1,1976-12-02,1978-11-30,한국농어촌공사_농업기반시설_시설제원_저수지_2024.csv,충남,아산,아산시
4420010026,동천,충청남도 아산시 음봉면 신수리,18.0,90.9,90.3,107.0,3.2,1957-05-20,1960-12-31,한국농어촌공사_농업기반시설_시설제원_저수지_2024.csv,충남,아산,아산시
4420010027,신정,충청남도 아산시 음봉면 신정리,31.0,133.7,132.2,80.0,6.1,1957-05-20,1960-12-30,한국농어촌공사_농업기반시설_시설제원_저수지_2024.csv,충남,아산,아산시
4420010029,신휴,충청남도 아산시 음봉면 신휴리,218.4,1095.7,1090.4,842.0,53.0,1944-11-01,1954-03-31,한국농어촌공사_농업기반시설_시설제원_저수지_2024.csv,충남,아산,아산시
4420010031,월랑,충청남도 아산시 음봉면 월랑리,135.0,528.4,523.5,421.0,21.9,1957-05-20,1960-12-31,한국농어촌공사_농업기반시설_시설제원_저수지_2024.csv,충남,아산,아산시
4420010032,동암,충청남도 아산시 음봉면 송촌리,63.0,387.0,387.0,234.0,12.0,1957-05-20,1960-12-31,한국농어촌공사_농업기반시설_시설제원_저수지_2024.csv,충남,아산,아산시
4420010033,봉재,충청남도 아산시 둔포면 봉재리,389.0,1338.8,1337.8,793.0,46.2,1942-12-01,1944-03-25,한국농어촌공사_농업기반시설_시설제원_저수지_2024.csv,충남,아산,아산시
4420010036,상성,충청남도 아산시 영인면 아산리,253.0,1111.5,1111.5,481.0,34.8,1955-01-01,1958-06-30,한국농어촌공사_농업기반시설_시설제원_저수지_2024.csv,충남,아산,아산시
4420010038,신봉,충청남도 아산시 영인면 신봉리,55.9,161.0,158.2,228.0,8.4,1956-01-01,1958-12-31,한국농어촌공사_농업기반시설_시설제원_저수지_2024.csv,충남,아산,아산시
4420010039,성내,충청남도 아산시 영인면 성내리,334.3,1320.8,1032.8,640.0,42.0,1952-01-01,1958-12-31,한국농어촌공사_농업기반시설_시설제원_저수지_2024.csv,충남,아산,아산시
4420010040,문방,충청남도 아산시 인주면 문방리,61.0,200.8,197.5,228.0,16.6,1952-01-01,1952-05-30,한국농어촌공사_농업기반시설_시설제원_저수지_2024.csv,충남,아산,아산시
4420010041,냉정,충청남도 아산시 인주면 신성리,326.0,940.1,940.1,535.0,25.8,1940-01-01,1941-03-31,한국농어촌공사_농업기반시설_시설제원_저수지_2024.csv,충남,아산,아산시
4420010042,죽산,충청남도 아산시 선장면 선창리,128.0,296.17,294.47,143.0,23.8,1942-01-01,1942-12-26,한국농어촌공사_농업기반시설_시설제원_저수지_2024.csv,충남,아산,아산시
4420010045,도고,충청남도 아산시 도고면 신유리,840.9,4294.0,4277.7,2097.0,97.4,1928-01-01,1929-11-30,한국농어촌공사_농업기반시설_시설제원_저수지_2024.csv,충남,아산,아산시
4420010048,신창,충청남도 아산시 신창면 오목리,97.0,771.0,771.0,480.0,34.4,1950-01-01,1954-03-31,한국농어촌공사_농업기반시설_시설제원_저수지_2024.csv,충남,아산,아산시
4421010002,잠홍,충청남도 서산시 잠홍동,363.4,1509.0,1485.0,1129.0,69.12,1951-11-05,1958-12-31,한국농어촌공사_농업기반시설_시설제원_저수지_2024.csv,충남,서산.태안,서산시
4421010005,대산,충청남도 서산시 대산읍 대로리,101.9,491.0,408.0,335.0,14.76,1976-01-01,1978-01-01,한국농어촌공사_농업기반시설_시설제원_저수지_2024.csv,충남,서산.태안,서산시
4421010014,모월,충청남도 서산시 양대동,108.8,601.0,601.0,262.0,31.45,1978-01-01,1982-01-01,한국농어촌공사_농업기반시설_시설제원_저수지_2024.csv,충남,서산.태안,서산시
4421010017,풍전,충청남도 서산시 인지면 풍전리,655.1,2622.8,2621.2,1110.0,70.25,1942-01-21,1944-12-29,한국농어촌공사_농업기반시설_시설제원_저수지_2024.csv,충남,서산.태안,서산시
4421010018,강수,충청남도 서산시 부석면 강수리,37.0,96.0,96.0,140.0,4.29,1957-04-08,1957-12-08,한국농어촌공사_농업기반시설_시설제원_저수지_2024.csv,충남,서산.태안,서산시
4421010028,마룡,충청남도 서산시 부석면 마룡리,39.8,350.1,345.7,114.0,19.95,1955-01-01,1961-01-01,한국농어촌공사_농업기반시설_시설제원_저수지_2024.csv,충남,서산.태안,서산시
4421010036,중왕,충청남도 서산시 지곡면 중왕리,203.8,1138.0,1120.0,910.0,51.05,1986-09-04,1996-12-01,한국농어촌공사_농업기반시설_시설제원_저수지_2024.csv,충남,서산.태안,서산시
4421010037,지곡,충청남도 서산시 지곡면 도성리,44.6,306.63,306.63,135.0,15.15,1946-08-30,1954-07-01,한국농어촌공사_농업기반시설_시설제원_저수지_2024.csv,충남,서산.태안,서산시
4421010039,고남,충청남도 서산시 성연면 고남리,92.6,1072.6,1072.5,430.0,20.37,1965-01-01,1968-01-01,한국농어촌공사_농업기반시설_시설제원_저수지_2024.csv,충남,서산.태안,서산시
4421010042,성암,충청남도 서산시 음암면 부장리,624.1,3157.21,3073.7,1936.0,104.16,1963-07-29,1966-12-31,한국농어촌공사_농업기반시설_시설제원_저수지_2024.csv,충남,서산.태안,서산시
4421010043,신창,충청남도 서산시 운산면 신창리,189.1,1835.4,1786.6,440.0,18.73,1976-04-01,1978-06-01,한국농어촌공사_농업기반시설_시설제원_저수지_2024.csv,충남,서산.태안,서산시
4421010044,용현,충청남도 서산시 운산면 용현리,33.2,357.3,357.3,123.0,6.5,1973-04-01,1974-06-01,한국농어촌공사_농업기반시설_시설제원_저수지_2024.csv,충남,서산.태안,서산시
4421010045,고풍,충청남도 서산시 운산면 고풍리,1293.8,8360.0,7821.8,2590.0,62.35,1967-04-05,1975-12-31,한국농어촌공사_농업기반시설_시설제원_저수지_2024.csv,충남,서산.태안,서산시
4421010052,산수,충청남도 서산시 해미면 산수리,638.9,3445.37,3315.8,1706.0,43.6,1953-03-04,1962-12-31,한국농어촌공사_농업기반시설_시설제원_저수지_2024.csv,충남,서산.태안,서산시
4421010053,황락,충청남도 서산시 해미면 황락리,77.1,1038.5,1038.5,420.0,10.87,1985-09-30,1991-11-30,한국농어촌공사_농업기반시설_시설제원_저수지_2024.csv,충남,서산.태안,서산시
4421010054,신송,충청남도 서산시 고북면 신송리,406.8,3220.2,3220.2,680.0,47.5,1978-11-10,1984-12-31,한국농어촌공사_농업기반시설_시설제원_저수지_2024.csv,충남,서산.태안,서산시
4423010001,소룡,충청남도 논산시 연무읍 소룡리,28.0,88.1,84.79,70.0,1.5,1961-01-01,1963-12-30,한국농어촌공사_농업기반시설_시설제원_저수지_2024.csv,충남,논산,논산시
4423010002,양지,충청남도 논산시 연무읍 양지리,8.0,9.6,9.5,50.0,0.48,1965-01-01,1966-12-30,한국농어촌공사_농업기반시설_시설제원_저수지_2024.csv,충남,논산,논산시
4423010005,고내,충청남도 논산시 연무읍 고내리,77.0,235.06,230.21,199.0,6.9,1956-01-01,1956-03-28,한국농어촌공사_농업기반시설_시설제원_저수지_2024.csv,충남,논산,논산시
4423010007,고합,충청남도 논산시 연무읍 황화정리,63.6,276.59,272.95,152.0,5.3,1957-01-01,1957-12-30,한국농어촌공사_농업기반시설_시설제원_저수지_2024.csv,충남,논산,논산시
4423010010,안심,충청남도 논산시 연무읍 안심리,4.7,10.05,10.03,40.0,2.21,1911-01-01,1913-12-30,한국농어촌공사_농업기반시설_시설제원_저수지_2024.csv,충남,논산,논산시
4423010018,소곡,충청남도 논산시 노성면 송당리,18.4,34.5,26.9,120.0,2.7,1953-01-01,1957-12-30,한국농어촌공사_농업기반시설_시설제원_저수지_2024.csv,충남,논산,논산시
4423010020,월명,충청남도 논산시 노성면 송당리,24.6,42.0,36.6,66.7,2.01,1953-03-20,1957-03-20,한국농어촌공사_농업기반시설_시설제원_저수지_2024.csv,충남,논산,논산시
4423010022,가곡,충청남도 논산시 노성면 병사리,207.7,726.03,695.12,500.0,26.4,1953-01-01,1955-12-30,한국농어촌공사_농업기반시설_시설제원_저수지_2024.csv,충남,논산,논산시
4423010030,지경,충청남도 논산시 상월면 지경리,11.0,17.2,15.0,50.0,2.5,1945-01-01,1945-12-31,한국농어촌공사_농업기반시설_시설제원_저수지_2024.csv,충남,논산,논산시
4423010031,석종,충청남도 논산시 상월면 석종리,9.0,19.4,18.17,39.0,1.3,1940-01-01,1940-12-30,한국농어촌공사_농업기반시설_시설제원_저수지_2024.csv,충남,논산,논산시
4423010037,띠울,충청남도 논산시 상월면 대명리,3.9,6.26,6.22,40.0,0.6,1940-01-01,1940-12-30,한국농어촌공사_농업기반시설_시설제원_저수지_2024.csv,충남,논산,논산시
4423010041,한천,충청남도 논산시 상월면 한천리,7.0,1.39,1.39,50.0,0.5,1945-01-01,1945-12-31,한국농어촌공사_농업기반시설_시설제원_저수지_2024.csv,충남,논산,논산시
4423010042,수정골,충청남도 논산시 상월면 숙진리,5.0,10.6,10.3,80.0,3.0,1945-01-01,1945-12-10,한국농어촌공사_농업기반시설_시설제원_저수지_2024.csv,충남,논산,논산시
4423010043,도정골,충청남도 논산시 상월면 숙진리,5.0,2.23,2.0,15.0,0.78,1945-01-01,1945-12-30,한국농어촌공사_농업기반시설_시설제원_저수지_2024.csv,충남,논산,논산시
4423010045,탑정,충청남도 논산시 가야곡면 종연리,5713.3,34983.0,34940.0,21880.0,662.0,1941-03-13,1944-08-31,한국농어촌공사_농업기반시설_시설제원_저수지_2024.csv,충남,논산,논산시
4423010046,아곡,충청남도 논산시 부적면 신교리,44.6,151.09,137.86,50.0,7.0,1910-01-03,1910-12-30,한국농어촌공사_농업기반시설_시설제원_저수지_2024.csv,충남,논산,논산시
4423010047,평촌,충청남도 논산시 부적면 반송리,10.0,19.0,15.0,15.0,1.5,1910-08-20,1911-03-22,한국농어촌공사_농업기반시설_시설제원_저수지_2024.csv,충남,논산,논산시
4423010055,양동,충청남도 논산시 연산면 신양리,3.0,0.94,0.9,3.0,0.15,1945-01-01,1945-12-30,한국농어촌공사_농업기반시설_시설제원_저수지_2024.csv,충남,논산,논산시
4423010067,임화,충청남도 논산시 양촌면 임화리,41.2,494.49,480.02,191.0,8.2,1976-01-01,1979-12-30,한국농어촌공사_농업기반시설_시설제원_저수지_2024.csv,충남,논산,논산시
4423010073,서당,충청남도 논산시 양촌면 반곡리,12.0,16.85,12.62,19.0,1.0,1945-01-01,1945-12-30,한국농어촌공사_농업기반시설_시설제원_저수지_2024.csv,충남,논산,논산시
4423010080,강청,충청남도 논산시 가야곡면 강청리,70.1,323.0,234.39,178.0,6.73,1975-12-01,1976-12-30,한국농어촌공사_농업기반시설_시설제원_저수지_2024.csv,충남,논산,논산시
4423010081,국동,충청남도 논산시 가야곡면 함적리,8.7,11.57,10.36,43.0,0.8,1945-01-01,1946-12-30,한국농어촌공사_농업기반시설_시설제원_저수지_2024.csv,충남,논산,논산시
4423010085,유와골,충청남도 논산시 은진면 용산리,14.1,8.27,7.78,35.0,0.7,1957-01-01,1961-12-30,한국농어촌공사_농업기반시설_시설제원_저수지_2024.csv,충남,논산,논산시
4423010086,성덕,충청남도 논산시 은진면 성덕리,4.0,1.89,1.67,15.0,0.3,1935-01-01,1935-12-31,한국농어촌공사_농업기반시설_시설제원_저수지_2024.csv,충남,논산,논산시
4423010087,수락,충청남도 논산시 벌곡면 수락리,192.0,921.07,856.31,621.0,12.3,2000-01-03,2002-12-31,한국농어촌공사_농업기반시설_시설제원_저수지_2024.csv,충남,논산,논산시
4471010014,화림,충청남도 금산군 금성면 상가리,95.3,389.68,389.68,466.0,10.28,1950-04-20,1956-12-28,한국농어촌공사_농업기반시설_시설제원_저수지_2024.csv,충남,세종.대전.금산,금산군
4471010057,홍도,충청남도 금산군 남일면 신정리,30.0,55.3,55.3,230.0,1.56,1971-10-01,1974-01-01,한국농어촌공사_농업기반시설_시설제원_저수지_2024.csv,충남,세종.대전.금산,금산군
4471010058,신동,충청남도 금산군 남일면 신동리,59.7,1887.37,1880.86,670.0,19.5,1956-01-01,1961-01-01,한국농어촌공사_농업기반시설_시설제원_저수지_2024.csv,충남,세종.대전.금산,금산군
4471010071,청림,충청남도 금산군 진산면 행정리,85.3,690.5,679.2,480.0,9.83,1967-01-01,1970-01-01,한국농어촌공사_농업기반시설_시설제원_저수지_2024.csv,충남,세종.대전.금산,금산군
4471010082,지동,충청남도 금산군 추부면 용지리,58.9,164.0,164.0,280.0,7.3,1952-03-20,1958-01-01,한국농어촌공사_농업기반시설_시설제원_저수지_2024.csv,충남,세종.대전.금산,금산군
4471010087,장산,충청남도 금산군 추부면 요광리,16.4,222.0,220.0,186.0,6.2,1952-03-20,1958-01-01,한국농어촌공사_농업기반시설_시설제원_저수지_2024.csv,충남,세종.대전.금산,금산군
4471010088,동곡,충청남도 금산군 제원면 동곡리,123.7,848.2,826.4,450.0,9.1,1997-12-04,2002-12-31,한국농어촌공사_농업기반시설_시설제원_저수지_2024.csv,충남,세종.대전.금산,금산군
4471010089,숭암,충청남도 금산군 추부면 장대리,95.4,437.5,414.3,358.0,10.4,1952-12-26,1958-01-01,한국농어촌공사_농업기반시설_시설제원_저수지_2024.csv,충남,세종.대전.금산,금산군
4471010090,석동,충청남도 금산군 남이면 석동리,150.7,992.6,927.6,322.6,9.63,1998-12-24,2005-12-26,한국농어촌공사_농업기반시설_시설제원_저수지_2024.csv,충남,세종.대전.금산,금산군
4476010006,반산,충청남도 부여군 규암면 합송리,765.1,5692.0,5652.0,1740.0,125.0,1946-06-01,1956-06-30,한국농어촌공사_농업기반시설_시설제원_저수지_2024.csv,충남,부여,부여군
4476010042,상천,충청남도 부여군 홍산면 상천리,182.9,684.0,615.0,353.0,11.0,1942-01-01,1943-12-01,한국농어촌공사_농업기반시설_시설제원_저수지_2024.csv,충남,부여,부여군
4476010046,옥산,충청남도 부여군 옥산면 안서리,481.6,2682.0,2413.0,1700.0,73.0,1929-04-01,1930-09-01,한국농어촌공사_농업기반시설_시설제원_저수지_2024.csv,충남,부여,부여군
4476010060,복심,충청남도 부여군 충화면 만지리,479.0,4711.0,4706.4,1761.0,96.1,1929-04-01,1930-09-01,한국농어촌공사_농업기반시설_시설제원_저수지_2024.csv,충남,부여,부여군
4476010069,덕용,충청남도 부여군 양화면 송정리,1071.0,5660.9,5660.9,1580.0,86.4,1943-12-06,1955-05-31,한국농어촌공사_농업기반시설_시설제원_저수지_2024.csv,충남,서천,부여군
4476010076,가신,충청남도 부여군 임천면 가신리,62.3,433.0,426.0,200.0,13.0,1940-11-01,1941-12-01,한국농어촌공사_농업기반시설_시설제원_저수지_2024.csv,충남,부여,부여군
4476010084,두곡,충청남도 부여군 임천면 두곡리,21.7,111.0,100.03,92.0,3.4,1943-01-01,1944-12-01,한국농어촌공사_농업기반시설_시설제원_저수지_2024.csv,충남,부여,부여군
4476010094,마하동,충청남도 부여군 세도면 귀덕리,36.4,136.52,129.0,65.0,5.9,1944-01-01,1945-05-31,한국농어촌공사_농업기반시설_시설제원_저수지_2024.csv,충남,부여,부여군
4476010095,삼산,충청남도 부여군 외산면 삼산리,80.0,546.2,543.2,180.0,5.18,2001-12-17,2009-12-30,한국농어촌공사_농업기반시설_시설제원_저수지_2024.csv,충남,부여,부여군
4476010096,화성,충청남도 부여군 외산면 화성리,80.2,724.4,720.9,205.0,8.58,2001-12-17,2009-12-30,한국농어촌공사_농업기반시설_시설제원_저수지_2024.csv,충남,부여,부여군
4476010243,초촌,충청남도 부여군 초촌면 세탑리,0.0,1034.0,942.0,238.8,103.5,2017-05-15,2021-12-15,한국농어촌공사_농업기반시설_시설제원_저수지_2024.csv,충남,부여,부여군
4477010004,축동,충청남도 서천군 한산면 축동리,370.0,1707.0,1490.8,752.0,82.4,1945-09-01,1955-05-31,한국농어촌공사_농업기반시설_시설제원_저수지_2024.csv,충남,서천,서천군
4477010006,동부,충청남도 서천군 마산면 이사리,2477.0,12182.0,10733.8,2834.0,244.08,1923-11-17,1926-06-10,한국농어촌공사_농업기반시설_시설제원_저수지_2024.csv,충남,서천,서천군
4477010007,문산,충청남도 서천군 문산면 신농리,261.0,973.2,973.19,960.0,36.7,1957-12-15,1964-12-04,한국농어촌공사_농업기반시설_시설제원_저수지_2024.csv,충남,서천,서천군
4477010010,종천,충청남도 서천군 종천면 신검리,385.0,3381.0,3353.14,1200.0,50.1,1956-10-21,1962-05-31,한국농어촌공사_농업기반시설_시설제원_저수지_2024.csv,충남,서천,서천군
4477010011,서부,충청남도 서천군 종천면 석촌리,1627.0,8018.3,7989.0,3039.0,129.9,1923-11-17,1926-06-10,한국농어촌공사_농업기반시설_시설제원_저수지_2024.csv,충남,서천,서천군
4477010015,안치,충청남도 서천군 비인면 성북리,53.0,167.09,167.04,110.0,4.23,1943-09-04,1945-09-20,한국농어촌공사_농업기반시설_시설제원_저수지_2024.csv,충남,서천,서천군
4477010020,주항,충청남도 서천군 서면 월리,163.0,744.0,690.69,367.0,32.2,1946-11-01,1958-08-28,한국농어촌공사_농업기반시설_시설제원_저수지_2024.csv,충남,서천,서천군
4479010002,적누,충청남도 청양군 청양읍 적누리,164.3,2625.9,2610.8,452.0,23.15,1985-08-12,1997-12-31,한국농어촌공사_농업기반시설_시설제원_저수지_2024.csv,충남,청양,청양군
4479010014,모곡,충청남도 청양군 운곡면 모곡리,13.0,7.5,7.5,58.0,1.5,1977-01-01,1978-12-31,한국농어촌공사_농업기반시설_시설제원_저수지_2024.csv,충남,청양,청양군
4479010015,신대(운곡),충청남도 청양군 운곡면 신대리,191.0,2989.5,2929.5,962.0,27.68,1975-11-17,1977-12-20,한국농어촌공사_농업기반시설_시설제원_저수지_2024.csv,충남,청양,청양군
4479010033,천장,충청남도 청양군 정산면 천장리,551.0,2882.0,2877.5,1270.0,24.14,1972-12-14,1978-12-31,한국농어촌공사_농업기반시설_시설제원_저수지_2024.csv,충남,청양,청양군
4479010038,내지곡,충청남도 청양군 목면 지곡리,17.9,3.22,3.22,32.0,1.2,1943-01-01,1945-12-31,한국농어촌공사_농업기반시설_시설제원_저수지_2024.csv,충남,청양,청양군
4479010041,아산,충청남도 청양군 청남면 아산리,20.0,9.0,8.6,29.0,2.0,1943-01-01,1945-12-31,한국농어촌공사_농업기반시설_시설제원_저수지_2024.csv,충남,청양,청양군
4479010044,도림,충청남도 청양군 장평면 적곡리,482.0,3829.0,3776.0,650.0,26.27,1987-12-01,2001-12-15,한국농어촌공사_농업기반시설_시설제원_저수지_2024.csv,충남,청양,청양군
4479010046,관현(갓고개),충청남도 청양군 장평면 관현리,20.0,4.31,4.31,78.0,1.1,1943-01-01,1945-12-31,한국농어촌공사_농업기반시설_시설제원_저수지_2024.csv,충남,청양,청양군
4479010061,화암,충청남도 청양군 화성면 화암리,69.0,414.0,400.5,170.0,6.7,1943-11-11,1945-03-30,한국농어촌공사_농업기반시설_시설제원_저수지_2024.csv,충남,청양,청양군
4479010063,신리,충청남도 청양군 화성면 수정리,32.0,158.5,158.5,68.0,1.99,1944-01-01,1945-03-31,한국농어촌공사_농업기반시설_시설제원_저수지_2024.csv,충남,청양,청양군
4479010065,수정,충청남도 청양군 화성면 수정리,53.0,337.4,336.6,106.0,4.8,1989-01-01,1994-12-31,한국농어촌공사_농업기반시설_시설제원_저수지_2024.csv,충남,청양,청양군
4479010067,원당1,충청남도 청양군 화성면 용당리,9.6,13.8,13.8,25.0,1.1,1963-01-01,1965-12-31,한국농어촌공사_농업기반시설_시설제원_저수지_2024.csv,충남,청양,청양군
4479010070,매산,충청남도 청양군 화성면 매산리,101.9,555.0,554.4,345.0,8.96,1976-12-01,1979-09-28,한국농어촌공사_농업기반시설_시설제원_저수지_2024.csv,충남,청양,청양군
4479010075,사점,충청남도 청양군 비봉면 사점리,99.9,296.9,296.9,206.7,6.0,1944-01-03,1945-03-30,한국농어촌공사_농업기반시설_시설제원_저수지_2024.csv,충남,청양,청양군
4479010076,관산2,충청남도 청양군 비봉면 관산리,12.0,28.7,28.7,143.0,2.0,1975-01-01,1977-12-31,한국농어촌공사_농업기반시설_시설제원_저수지_2024.csv,충남,청양,청양군
4479010077,관산,충청남도 청양군 비봉면 관산리,156.0,1169.9,1169.6,250.0,11.27,1985-08-12,1997-12-31,한국농어촌공사_농업기반시설_시설제원_저수지_2024.csv,충남,청양,청양군
4479010079,갈망골,충청남도 청양군 비봉면 강정리,28.0,189.0,155.0,55.0,3.6,2000-12-19,2004-12-20,한국농어촌공사_농업기반시설_시설제원_저수지_2024.csv,충남,청양,청양군
4479010080,안골,충청남도 청양군 비봉면 강정리,15.0,15.2,14.9,35.0,1.2,1962-01-01,1964-12-31,한국농어촌공사_농업기반시설_시설제원_저수지_2024.csv,충남,청양,청양군
4479010083,용천,충청남도 청양군 비봉면 용천리,36.1,156.4,150.0,102.0,4.58,1956-01-01,1958-12-31,한국농어촌공사_농업기반시설_시설제원_저수지_2024.csv,충남,청양,청양군
4479010084,방한,충청남도 청양군 비봉면 방한리,70.0,140.4,118.9,100.0,2.71,1956-01-02,1958-12-31,한국농어촌공사_농업기반시설_시설제원_저수지_2024.csv,충남,청양,청양군
4479010085,신정,충청남도 청양군 화성면 신정리,26.6,48.8,48.8,75.0,1.36,1970-01-01,1971-12-31,한국농어촌공사_농업기반시설_시설제원_저수지_2024.csv,충남,청양,청양군
4479010086,원용두,충청남도 청양군 정산면 용두리,22.0,14.6,14.6,174.0,1.24,1954-01-01,1955-12-31,한국농어촌공사_농업기반시설_시설제원_저수지_2024.csv,충남,청양,청양군
4479010087,은곡,충청남도 청양군 장평면 적곡리,125.0,921.9,866.5,168.0,10.52,1987-12-01,2001-12-31,한국농어촌공사_농업기반시설_시설제원_저수지_2024.csv,충남,청양,청양군
4479010088,장재,충청남도 청양군 비봉면 장재리,11.3,12.1,12.1,29.0,1.5,1956-01-01,1958-12-31,한국농어촌공사_농업기반시설_시설제원_저수지_2024.csv,충남,청양,청양군
4479010089,대박,충청남도 청양군 정산면 대박리,50.0,347.0,345.0,77.0,4.1,2002-09-10,2005-12-23,한국농어촌공사_농업기반시설_시설제원_저수지_2024.csv,충남,청양,청양군
4479010090,칠갑,충청남도 청양군 대치면 광대리,682.0,5084.5,4760.0,1730.0,58.6,1991-08-12,2013-12-31,한국농어촌공사_농업기반시설_시설제원_저수지_2024.csv,충남,청양,청양군
4479010157,온암,충청남도 청양군 남양면 온암리,0.0,2024.4,1747.0,750.0,25.02,2003-12-17,2017-12-31,한국농어촌공사_농업기반시설_시설제원_저수지_2024.csv,충남,청양,청양군
4479010170,본의,충청남도 청양군 목면 본의리,0.0,1600.0,1390.0,380.0,18.1,2006-12-22,2018-12-20,한국농어촌공사_농업기반시설_시설제원_저수지_2024.csv,충남,청양,청양군
4480010004,벽정,충청남도 홍성군 광천읍 벽계리,57.9,205.0,205.0,210.0,6.36,1941-01-01,1945-01-01,한국농어촌공사_농업기반시설_시설제원_저수지_2024.csv,충남,홍성,홍성군
4480010007,월암,충청남도 홍성군 금마면 봉서리,35.2,323.3,309.2,205.0,7.9,1981-03-07,1992-01-01,한국농어촌공사_농업기반시설_시설제원_저수지_2024.csv,충남,홍성,홍성군
4480010008,홍양,충청남도 홍성군 홍성읍 구룡리,441.5,2057.4,2057.4,2410.0,67.46,1941-01-01,1945-01-01,한국농어촌공사_농업기반시설_시설제원_저수지_2024.csv,충남,홍성,홍성군
4480010011,장곡,충청남도 홍성군 장곡면 화계리,255.4,1121.7,1121.7,1064.0,29.78,1976-01-01,1978-01-01,한국농어촌공사_농업기반시설_시설제원_저수지_2024.csv,충남,홍성,홍성군
4480010012,홍동,충청남도 홍성군 장곡면 지정리,234.5,1063.8,1063.8,1480.0,40.7,1945-01-01,1955-01-01,한국농어촌공사_농업기반시설_시설제원_저수지_2024.csv,충남,홍성,홍성군
4480010039,가곡,충청남도 홍성군 갈산면 가곡리,201.4,1574.7,1542.7,462.0,19.1,1982-01-01,1984-01-01,한국농어촌공사_농업기반시설_시설제원_저수지_2024.csv,충남,홍성,홍성군
4480010042,대사,충청남도 홍성군 갈산면 대사리,162.9,1376.2,1376.2,290.0,16.6,1978-01-01,1984-01-01,한국농어촌공사_농업기반시설_시설제원_저수지_2024.csv,충남,홍성,홍성군
4480010043,공리,충청남도 홍성군 구항면 공리,167.5,1507.2,1463.2,370.0,29.6,1983-01-01,1985-01-01,한국농어촌공사_농업기반시설_시설제원_저수지_2024.csv,충남,홍성,홍성군
4480010044,천태,충청남도 홍성군 장곡면 천태리,246.1,1476.6,1290.0,881.0,35.53,1996-12-27,2005-12-20,한국농어촌공사_농업기반시설_시설제원_저수지_2024.csv,충남,홍성,홍성군
4481010005,수철,충청남도 예산군 예산읍 수철리,201.5,785.0,782.5,490.0,14.1,1930-01-01,1931-08-31,한국농어촌공사_농업기반시설_시설제원_저수지_2024.csv,충남,예산,예산군
4481010006,방산,충청남도 예산군 대술면 방산리,265.6,2065.0,2054.0,690.0,33.2,1976-11-09,1982-11-30,한국농어촌공사_농업기반시설_시설제원_저수지_2024.csv,충남,예산,예산군
4481010007,송석,충청남도 예산군 대술면 송석리,171.4,1429.9,1415.6,560.0,23.5,1976-08-16,1982-11-30,한국농어촌공사_농업기반시설_시설제원_저수지_2024.csv,충남,예산,예산군
4481010012,여래미,충청남도 예산군 신양면 여래미리,138.3,1366.2,1242.0,380.0,14.0,1985-08-10,1990-12-20,한국농어촌공사_농업기반시설_시설제원_저수지_2024.csv,충남,예산,예산군
4481010019,산묵,충청남도 예산군 광시면 대리,98.3,730.1,714.4,220.0,9.3,1979-12-27,1982-12-20,한국농어촌공사_농업기반시설_시설제원_저수지_2024.csv,충남,예산,예산군
4481010020,보강(대리),충청남도 예산군 광시면 대리,71.1,490.0,490.0,160.0,6.1,1979-12-27,1982-12-20,한국농어촌공사_농업기반시설_시설제원_저수지_2024.csv,충남,예산,예산군
4481010021,예당(대흥),충청남도 예산군 응봉면 입침리,6917.4,47103.2,46070.2,37360.0,1088.7,1952-12-29,1964-12-31,한국농어촌공사_농업기반시설_시설제원_저수지_2024.csv,충남,예산,예산군
4481010022,옥계,충청남도 예산군 덕산면 옥계리,296.8,3050.7,3013.7,1182.0,43.2,1952-10-04,1957-06-29,한국농어촌공사_농업기반시설_시설제원_저수지_2024.csv,충남,예산,예산군
4481010023,상가,충청남도 예산군 덕산면 상가리,16.6,348.0,333.1,234.0,4.0,1985-10-10,1992-12-31,한국농어촌공사_농업기반시설_시설제원_저수지_2024.csv,충남,예산,예산군
4481010024,용봉,충청남도 예산군 덕산면 둔리,91.9,521.3,516.7,420.0,16.7,1976-06-05,1978-12-20,한국농어촌공사_농업기반시설_시설제원_저수지_2024.csv,충남,예산,예산군
4481010025,광천,충청남도 예산군 덕산면 광천리,64.7,317.9,317.9,120.0,3.9,1985-01-01,1988-01-01,한국농어촌공사_농업기반시설_시설제원_저수지_2024.csv,충남,홍성,예산군
4481010027,봉림,충청남도 예산군 봉산면 사석리,234.0,2221.0,2217.0,745.0,26.59,1942-05-09,1944-03-28,한국농어촌공사_농업기반시설_시설제원_저수지_2024.csv,충남,예산,예산군
4481010050,하천,충청남도 예산군 신양면 하천리,91.4,810.5,707.0,190.0,11.06,2005-12-13,2012-11-30,한국농어촌공사_농업기반시설_시설제원_저수지_2024.csv,충남,예산,예산군
4482010002,인평,충청남도 태안군 태안읍 인평리,202.9,970.0,890.7,1062.0,43.81,1937-04-10,1938-12-30,한국농어촌공사_농업기반시설_시설제원_저수지_2024.csv,충남,서산.태안,태안군
4482010009,승언1호,충청남도 태안군 안면읍 승언리,42.2,246.3,244.4,176.0,20.95,1954-03-25,1959-12-31,한국농어촌공사_농업기반시설_시설제원_저수지_2024.csv,충남,서산.태안,태안군
4482010010,승언2호,충청남도 태안군 안면읍 승언리,97.9,617.88,617.88,282.8,48.87,1954-03-25,1959-12-31,한국농어촌공사_농업기반시설_시설제원_저수지_2024.csv,충남,서산.태안,태안군
4482010011,승언3호,충청남도 태안군 안면읍 승언리,40.7,229.4,228.4,104.0,16.25,1954-03-25,1959-12-31,한국농어촌공사_농업기반시설_시설제원_저수지_2024.csv,충남,서산.태안,태안군
4482010015,창기,충청남도 태안군 안면읍 창기리,32.9,309.0,265.0,88.4,11.06,1954-03-25,1959-12-31,한국농어촌공사_농업기반시설_시설제원_저수지_2024.csv,충남,서산.태안,태안군
4482010016,미포,충청남도 태안군 안면읍 창기리,166.5,1221.4,946.8,32.7,20.8,1979-01-01,1983-01-01,한국농어촌공사_농업기반시설_시설제원_저수지_2024.csv,충남,서산.태안,태안군
4482010019,신야,충청남도 태안군 안면읍 중장리,73.8,265.0,265.0,20.0,12.4,1978-11-07,1982-12-22,한국농어촌공사_농업기반시설_시설제원_저수지_2024.csv,충남,서산.태안,태안군
4482010021,지포,충청남도 태안군 안면읍 중장리,70.8,269.2,268.7,127.0,18.5,1956-06-25,1960-12-30,한국농어촌공사_농업기반시설_시설제원_저수지_2024.csv,충남,서산.태안,태안군
4482010027,수룡,충청남도 태안군 근흥면 수룡리,268.8,1286.73,1284.98,750.0,50.02,1957-06-27,1960-12-31,한국농어촌공사_농업기반시설_시설제원_저수지_2024.csv,충남,서산.태안,태안군
4482010033,송현,충청남도 태안군 소원면 송현리,88.3,220.9,219.6,258.0,11.2,1978-11-07,1982-12-30,한국농어촌공사_농업기반시설_시설제원_저수지_2024.csv,충남,서산.태안,태안군
4482010034,구들,충청남도 태안군 소원면 의항리,4.1,7.6,7.6,32.0,0.8,1975-01-01,1977-01-01,한국농어촌공사_농업기반시설_시설제원_저수지_2024.csv,충남,서산.태안,태안군
4482010036,반계1호,충청남도 태안군 원북면 이곡리,83.2,446.56,445.04,287.0,24.98,1929-04-10,1930-12-30,한국농어촌공사_농업기반시설_시설제원_저수지_2024.csv,충남,서산.태안,태안군
4482010038,황촌3호,충청남도 태안군 원북면 황촌리,11.5,56.0,56.0,62.0,4.23,1929-04-10,1930-12-30,한국농어촌공사_농업기반시설_시설제원_저수지_2024.csv,충남,서산.태안,태안군
4482010039,신두2호,충청남도 태안군 원북면 신두리,36.8,182.3,181.0,138.0,13.03,1929-04-10,1930-12-30,한국농어촌공사_농업기반시설_시설제원_저수지_2024.csv,충남,서산.태안,태안군
4482010045,사창,충청남도 태안군 이원면 사창리,57.7,446.1,312.8,215.0,15.53,1948-01-01,1952-12-26,한국농어촌공사_농업기반시설_시설제원_저수지_2024.csv,충남,서산.태안,태안군
4482510001,중장,충청남도 태안군 안면읍 중장리,78.3,624.0,513.0,16.0,8.6,1999-12-11,2002-12-10,한국농어촌공사_농업기반시설_시설제원_저수지_2024.csv,충남,서산.태안,태안군
4482510002,대야,충청남도 태안군 고남면 누동리,292.5,2086.1,1883.8,124.8,40.19,1999-03-15,2007-12-31,한국농어촌공사_농업기반시설_시설제원_저수지_2024.csv,충남,서산.태안,태안군
4482510003,장곡,충청남도 태안군 고남면 장곡리,46.7,395.3,364.5,74.0,9.01,1998-12-01,2007-12-31,한국농어촌공사_농업기반시설_시설제원_저수지_2024.csv,충남,서산.태안,태안군
4482510036,모항,충청남도 태안군 소원면 모항리,0.0,1086.0,973.0,67.0,18.3,2010-03-29,2020-12-21,한국농어촌공사_농업기반시설_시설제원_저수지_2024.csv,충남,서산.태안,태안군
4483010007,백미,충청남도 당진시 합덕읍 대전리,28.0,215.0,93.5,220.0,7.6,1935-03-01,1938-12-30,한국농어촌공사_농업기반시설_시설제원_저수지_2024.csv,충남,당진,당진시
4483010008,온동,충청남도 당진시 고대면 당진포리,23.0,86.2,86.2,150.0,9.8,1925-01-01,1933-01-01,한국농어촌공사_농업기반시설_시설제원_저수지_2024.csv,충남,당진,당진시
4483010009,항곡,충청남도 당진시 고대면 항곡리,30.0,94.2,82.0,104.0,4.1,1952-01-17,1955-06-30,한국농어촌공사_농업기반시설_시설제원_저수지_2024.csv,충남,당진,당진시
4483010010,석문,충청남도 당진시 석문면 삼봉리,135.0,975.0,975.0,1750.0,58.9,1963-07-01,1968-06-21,한국농어촌공사_농업기반시설_시설제원_저수지_2024.csv,충남,당진,당진시
4483010035,순성,충청남도 당진시 면천면 원동리,257.0,1428.0,1357.0,850.0,39.7,1953-03-01,1959-12-31,한국농어촌공사_농업기반시설_시설제원_저수지_2024.csv,충남,당진,당진시
4483010043,초대,충청남도 당진시 신평면 초대리,147.0,1080.0,1026.0,470.0,24.1,1971-07-24,1975-12-30,한국농어촌공사_농업기반시설_시설제원_저수지_2024.csv,충남,당진,당진시
4483010044,오봉,충청남도 당진시 신평면 상오리,367.0,875.0,875.0,2020.0,46.2,1921-04-12,1922-05-15,한국농어촌공사_농업기반시설_시설제원_저수지_2024.csv,충남,당진,당진시
4483010047,송악,충청남도 당진시 송악읍 가교리,161.0,488.0,463.0,254.0,10.1,1952-04-01,1958-12-31,한국농어촌공사_농업기반시설_시설제원_저수지_2024.csv,충남,당진,당진시
4483010048,전대,충청남도 당진시 송악읍 전대리,105.0,619.0,587.0,234.0,15.6,1957-02-01,1959-12-31,한국농어촌공사_농업기반시설_시설제원_저수지_2024.csv,충남,당진,당진시
4483010049,당산,충청남도 당진시 송산면 당산리,30.0,37.0,37.0,170.0,5.0,1941-03-03,1944-12-29,한국농어촌공사_농업기반시설_시설제원_저수지_2024.csv,충남,당진,당진시
4413010010,천호,충청남도 천안시 동남구 신부동,4.0,1071.0,1071.0,850.0,33.0,1952-04-10,1957-12-30,한국농어촌공사_농업기반시설제원_저수지_2022.csv,,,천안시
4413010011,업성,충청남도 천안시 서북구 업성동,142.0,952.0,952.0,507.0,37.0,1965-12-06,1972-01-01,한국농어촌공사_농업기반시설제원_저수지_2022.csv,,,천안시
4413010016,문암,충청남도 천안시 동남구 안서동,53.0,562.0,562.0,168.0,7.0,1976-12-27,1978-01-01,한국농어촌공사_농업기반시설제원_저수지_2022.csv,,,천안시
4413010018,매주,충청남도 천안시 서북구 성환읍 매주리,27.0,192.0,177.0,130.0,8.0,1971-01-01,1972-12-30,한국농어촌공사_농업기반시설제원_저수지_2022.csv,,,천안시
4413010019,율금,충청남도 천안시 서북구 직산읍 석곡리,27.0,129.0,121.0,65.0,6.0,1970-12-31,1972-12-30,한국농어촌공사_농업기반시설제원_저수지_2022.csv,,,천안시
4413010020,왕림,충청남도 천안시 서북구 성환읍 왕림리,19.0,49.0,49.0,60.0,2.0,1970-12-31,1972-12-30,한국농어촌공사_농업기반시설제원_저수지_2022.csv,,,천안시
4413010021,어룡,충청남도 천안시 서북구 성환읍 어룡리,60.0,93.0,92.0,107.0,5.0,1939-11-09,1940-12-30,한국농어촌공사_농업기반시설제원_저수지_2022.csv,,,천안시
4413010022,학정,충청남도 천안시 서북구 성환읍 학정리,214.0,775.0,775.0,706.0,40.0,1927-12-26,1929-01-15,한국농어촌공사_농업기반시설제원_저수지_2022.csv,,,천안시
4413010023,남창,충청남도 천안시 서북구 성거읍 송남리,37.0,145.0,145.0,100.0,4.0,1956-01-12,1959-12-30,한국농어촌공사_농업기반시설제원_저수지_2022.csv,,,천안시
4413010024,천흥,충청남도 천안시 서북구 성거읍 천흥리,206.0,839.0,830.0,500.0,14.0,1956-02-02,1959-12-30,한국농어촌공사_농업기반시설제원_저수지_2022.csv,,,천안시
4413010025,성거,충청남도 천안시 서북구 성거읍 천흥리,15.0,72.0,72.0,100.0,4.0,1972-09-14,1973-11-15,한국농어촌공사_농업기반시설제원_저수지_2022.csv,,,천안시
4413010029,신월,충청남도 천안시 서북구 성거읍 신월리,27.0,207.0,196.0,94.0,8.0,1965-12-07,1972-01-01,한국농어촌공사_농업기반시설제원_저수지_2022.csv,,,천안시
4413010033,용연,충청남도 천안시 동남구 목천읍 서흥리,421.0,3050.0,3050.0,2070.0,49.0,1956-09-25,1962-12-31,한국농어촌공사_농업기반시설제원_저수지_2022.csv,,,천안시
4413010039,대정,충청남도 천안시 동남구 성남면 대정리,147.0,755.0,739.0,383.0,16.0,1952-04-02,1955-06-30,한국농어촌공사_농업기반시설제원_저수지_2022.csv,,,천안시
4413010045,발산,충청남도 천안시 동남구 수신면 발산리,11.0,76.0,64.0,69.0,2.0,1952-04-29,1955-06-30,한국농어촌공사_농업기반시설제원_저수지_2022.csv,,,천안시
4413010069,직산,충청남도 천안시 서북구 직산읍 삼은리,21.0,85.0,84.0,217.0,7.0,1937-12-31,1939-10-30,한국농어촌공사_농업기반시설제원_저수지_2022.csv,,,천안시
4413010070,양전,충청남도 천안시 서북구 직산읍 양당리,263.0,385.0,369.0,360.0,23.0,1944-10-25,1949-05-10,한국농어촌공사_농업기반시설제원_저수지_2022.csv,,,천안시
4413010072,마정,충청남도 천안시 서북구 직산읍 마정리,88.0,451.0,438.0,360.0,18.0,1944-10-30,1949-05-10,한국농어촌공사_농업기반시설제원_저수지_2022.csv,,,천안시
4413010074,입장,충청남도 천안시 서북구 입장면 기로리,352.0,636.0,622.0,752.0,18.0,1943-12-06,1952-05-31,한국농어촌공사_농업기반시설제원_저수지_2022.csv,,,천안시
4413010075,풍년,충청남도 천안시 서북구 입장면 시장리,292.0,1264.0,1172.0,683.0,31.0,1953-12-30,1957-12-30,한국농어촌공사_농업기반시설제원_저수지_2022.csv,,,천안시
4415010037,기산,충청남도 공주시 계룡면 기산리,140.0,648.0,643.0,303.0,12.0,1976-07-22,1978-12-30,한국농어촌공사_농업기반시설제원_저수지_2022.csv,,,공주시
4415010042,계룡,충청남도 공주시 계룡면 하대리,450.0,4717.0,4717.0,1574.0,72.0,1954-02-10,1964-12-31,한국농어촌공사_농업기반시설제원_저수지_2022.csv,,,공주시
4415010045,경천(양화),충청남도 공주시 계룡면 양화리,297.0,2030.0,2028.0,800.0,40.0,1963-01-10,1967-12-30,한국농어촌공사_농업기반시설제원_저수지_2022.csv,,,공주시
4415010062,월곡,충청남도 공주시 의당면 월곡리,36.0,175.0,175.0,253.0,5.0,1989-02-10,1989-12-30,한국농어촌공사_농업기반시설제원_저수지_2022.csv,,,공주시
4415010063,유계,충청남도 공주시 의당면 유계리,95.0,761.0,748.0,190.0,8.0,1982-09-09,1989-12-30,한국농어촌공사_농업기반시설제원_저수지_2022.csv,,,공주시
4415010066,중흥,충청남도 공주시 의당면 중흥리,275.0,2777.0,2680.0,920.0,34.0,1986-08-15,1999-04-17,한국농어촌공사_농업기반시설제원_저수지_2022.csv,,,공주시
4415010067,요룡,충청남도 공주시 의당면 요룡리,106.0,1495.0,1364.0,430.0,13.0,1982-02-08,1989-12-30,한국농어촌공사_농업기반시설제원_저수지_2022.csv,,,공주시
4415010070,평정,충청남도 공주시 정안면 평정리,83.0,566.0,558.0,294.0,7.0,1990-01-01,1997-01-01,한국농어촌공사_농업기반시설제원_저수지_2022.csv,,,공주시
4415010071,정안,충청남도 공주시 정안면 고성리,187.0,2461.0,2460.0,676.0,28.0,1968-11-01,1976-12-31,한국농어촌공사_농업기반시설제원_저수지_2022.csv,,,공주시
4415010080,영천(한천),충청남도 공주시 우성면 한천리,283.0,2585.0,2530.0,722.0,24.0,1957-01-08,1961-12-31,한국농어촌공사_농업기반시설제원_저수지_2022.csv,,,공주시
4415010083,우목,충청남도 공주시 우성면 용봉리,321.0,1453.0,1430.0,1750.0,26.0,1982-02-23,1988-12-30,한국농어촌공사_농업기반시설제원_저수지_2022.csv,,,공주시
4415010094,봉명,충청남도 공주시 계룡면 봉명리,15.0,18.0,18.0,50.0,1.0,1996-04-01,1997-12-31,한국농어촌공사_농업기반시설제원_저수지_2022.csv,,,공주시
4418010005,평리,충청남도 보령시 웅천읍 평리,26.0,189.0,187.0,141.0,3.0,1992-10-01,1998-12-31,한국농어촌공사_농업기반시설제원_저수지_2022.csv,,,보령시
4418010006,구,충청남도 보령시 웅천읍 수부리,17.0,45.0,43.0,109.0,1.0,1945-01-01,1946-12-31,한국농어촌공사_농업기반시설제원_저수지_2022.csv,,,보령시
4418010007,수부,충청남도 보령시 웅천읍 수부리,98.0,334.0,317.0,218.0,10.0,1957-01-01,1959-01-01,한국농어촌공사_농업기반시설제원_저수지_2022.csv,,,보령시
4418010014,구수,충청남도 보령시 주포면 마강리,80.0,230.0,228.0,169.0,10.0,1941-01-01,1942-12-31,한국농어촌공사_농업기반시설제원_저수지_2022.csv,,,보령시
4418010019,수지,충청남도 보령시 주포면 연지리,51.0,169.0,160.0,114.0,6.0,1945-01-01,1946-12-31,한국농어촌공사_농업기반시설제원_저수지_2022.csv,,,보령시
4418010040,진죽,충청남도 보령시 청소면 진죽리,101.0,688.0,654.0,557.0,45.0,1945-04-05,1946-12-31,한국농어촌공사_농업기반시설제원_저수지_2022.csv,,,보령시
4418010041,신송,충청남도 보령시 청소면 신송리,41.0,123.0,123.0,36.0,6.0,1959-01-01,1960-12-30,한국농어촌공사_농업기반시설제원_저수지_2022.csv,,,보령시
4418010042,죽림,충청남도 보령시 청소면 죽림리,43.0,177.0,168.0,163.0,4.0,1946-04-10,1947-12-31,한국농어촌공사_농업기반시설제원_저수지_2022.csv,,,보령시
4418010045,성연,충청남도 보령시 청소면 성연리,276.0,1789.0,1789.0,750.0,25.0,1972-01-01,1977-01-01,한국농어촌공사_농업기반시설제원_저수지_2022.csv,,,보령시
4418010046,야현,충청남도 보령시 청소면 야현리,3.0,14.0,14.0,52.0,1.0,1945-01-01,1946-12-31,한국농어촌공사_농업기반시설제원_저수지_2022.csv,,,보령시
4418010047,장곡,충청남도 보령시 청소면 장곡리,17.0,58.0,50.0,360.0,5.0,1945-05-09,1946-12-31,한국농어촌공사_농업기반시설제원_저수지_2022.csv,,,보령시
4418010048,월티,충청남도 보령시 청라면 나원리,98.0,522.0,496.0,344.0,9.0,1960-03-03,1961-12-31,한국농어촌공사_농업기반시설제원_저수지_2022.csv,,,보령시
4418010051,의평,충청남도 보령시 청라면 의평리,26.0,168.0,160.0,165.0,4.0,1961-03-01,1961-12-31,한국농어촌공사_농업기반시설제원_저수지_2022.csv,,,보령시
4418010052,청천,충청남도 보령시 죽정동,2638.0,20800.0,20753.0,7010.0,265.0,1952-01-01,1962-12-31,한국농어촌공사_농업기반시설제원_저수지_2022.csv,,,보령시
4418010058,옥계,충청남도 보령시 청라면 옥계리,115.0,904.0,829.0,220.0,10.0,1990-11-21,1996-12-31,한국농어촌공사_농업기반시설제원_저수지_2022.csv,,,보령시
4418010060,황룡,충청남도 보령시 청라면 황룡리,52.0,285.0,267.0,135.0,4.0,1990-11-21,1996-12-31,한국농어촌공사_농업기반시설제원_저수지_2022.csv,,,보령시
4418010061,장전,충청남도 보령시 청라면 장현리,135.0,744.0,707.0,436.0,11.0,1957-01-01,1961-12-31,한국농어촌공사_농업기반시설제원_저수지_2022.csv,,,보령시
4418010066,대야,충청남도 보령시 남포면 제석리,5.0,16.0,16.0,10.0,1.0,1945-01-01,1946-12-31,한국농어촌공사_농업기반시설제원_저수지_2022.csv,,,보령시
4418010069,옥서,충청남도 보령시 남포면 옥서리,226.0,1420.0,1350.0,800.0,29.0,1956-01-01,1961-01-01,한국농어촌공사_농업기반시설제원_저수지_2022.csv,,,보령시
4418010070,신흥2,충청남도 보령시 남포면 신흥리,5.0,1.0,1.0,60.0,1.0,1946-01-01,1947-12-31,한국농어촌공사_농업기반시설제원_저수지_2022.csv,,,보령시
4418010071,신흥1,충청남도 보령시 남포면 신흥리,6.0,11.0,10.0,70.0,2.0,1954-01-01,1955-12-30,한국농어촌공사_농업기반시설제원_저수지_2022.csv,,,보령시
4418010073,양기1,충청남도 보령시 남포면 양기리,25.0,70.0,67.0,85.0,3.0,1960-10-17,1961-12-29,한국농어촌공사_농업기반시설제원_저수지_2022.csv,,,보령시
4418010078,용제,충청남도 보령시 주산면 야룡리,50.0,205.0,195.0,188.0,9.0,1945-01-01,1947-12-30,한국농어촌공사_농업기반시설제원_저수지_2022.csv,,,보령시
4418010082,신구,충청남도 보령시 주산면 신구리,75.0,411.0,404.0,257.0,10.0,1956-04-04,1957-12-17,한국농어촌공사_농업기반시설제원_저수지_2022.csv,,,보령시
4418010084,유곡,충청남도 보령시 주산면 유곡리,18.0,110.0,110.0,108.0,5.0,1945-01-02,1948-12-30,한국농어촌공사_농업기반시설제원_저수지_2022.csv,,,보령시
4418010090,삼곡2,충청남도 보령시 주산면 삼곡리,20.0,6.0,6.0,27.0,1.0,1945-01-01,1948-01-01,한국농어촌공사_농업기반시설제원_저수지_2022.csv,,,보령시
4418010091,삼곡1,충청남도 보령시 주산면 삼곡리,26.0,8.0,8.0,61.0,1.0,1949-01-01,1952-12-30,한국농어촌공사_농업기반시설제원_저수지_2022.csv,,,보령시
4418010105,은포,충청남도 보령시 주교면 은포리,13.0,64.0,64.0,191.0,5.0,1946-07-26,1947-12-30,한국농어촌공사_농업기반시설제원_저수지_2022.csv,,,보령시
4418010106,해창,충청남도 보령시 주교면 관창리,60.0,96.0,96.0,19.0,5.0,1946-03-05,1947-12-30,한국농어촌공사_농업기반시설제원_저수지_2022.csv,,,보령시
4418010107,내현,충청남도 보령시 청라면 음현리,130.0,834.0,758.0,260.0,13.0,2000-11-27,2005-12-20,한국농어촌공사_농업기반시설제원_저수지_2022.csv,,,보령시
4420010001,마산,충청남도 아산시 방축동,149.0,2560.0,2560.0,1776.0,91.0,1926-01-01,1928-03-31,한국농어촌공사_농업기반시설제원_저수지_2022.csv,,,아산시
4420010006,가혜,충청남도 아산시 염치읍 동정리,593.0,3502.0,3494.0,1588.0,81.0,1946-01-01,1950-03-30,한국농어촌공사_농업기반시설제원_저수지_2022.csv,,,아산시
4420010010,궁평,충청남도 아산시 송악면 궁평리,1108.0,6717.0,6717.0,4333.0,112.0,1952-11-15,1961-12-30,한국농어촌공사_농업기반시설제원_저수지_2022.csv,,,아산시
4420010011,수철,충청남도 아산시 배방읍 수철리,106.0,354.0,353.0,442.0,8.0,1976-12-02,1978-11-30,한국농어촌공사_농업기반시설제원_저수지_2022.csv,,,아산시
4420010026,동천,충청남도 아산시 음봉면 신수리,18.0,91.0,90.0,107.0,3.0,1957-05-20,1960-12-31,한국농어촌공사_농업기반시설제원_저수지_2022.csv,,,아산시
4420010027,신정,충청남도 아산시 음봉면 신정리,31.0,134.0,132.0,80.0,6.0,1957-05-20,1960-12-30,한국농어촌공사_농업기반시설제원_저수지_2022.csv,,,아산시
4420010029,신휴,충청남도 아산시 음봉면 신휴리,218.0,1096.0,1090.0,842.0,53.0,1944-11-01,1954-03-31,한국농어촌공사_농업기반시설제원_저수지_2022.csv,,,아산시
4420010031,월랑,충청남도 아산시 음봉면 월랑리,135.0,528.0,524.0,421.0,22.0,1957-05-20,1960-12-31,한국농어촌공사_농업기반시설제원_저수지_2022.csv,,,아산시
4420010032,동암,충청남도 아산시 음봉면 동암리,63.0,387.0,387.0,234.0,12.0,1957-05-20,1960-12-31,한국농어촌공사_농업기반시설제원_저수지_2022.csv,,,아산시
4420010033,봉재,충청남도 아산시 둔포면 봉재리,389.0,1339.0,1338.0,793.0,46.0,1942-12-01,1944-03-25,한국농어촌공사_농업기반시설제원_저수지_2022.csv,,,아산시
4420010036,상성,충청남도 아산시 영인면 상성리,253.0,1112.0,1112.0,481.0,35.0,1955-01-01,1958-06-30,한국농어촌공사_농업기반시설제원_저수지_2022.csv,,,아산시
4420010038,신봉,충청남도 아산시 영인면 신봉리,56.0,161.0,158.0,228.0,8.0,1956-01-01,1958-12-31,한국농어촌공사_농업기반시설제원_저수지_2022.csv,,,아산시
4420010039,성내,충청남도 아산시 영인면 성내리,334.0,1321.0,1033.0,640.0,42.0,1952-01-01,1958-12-31,한국농어촌공사_농업기반시설제원_저수지_2022.csv,,,아산시
4420010040,문방,충청남도 아산시 인주면 문방리,61.0,201.0,198.0,228.0,17.0,1952-01-01,1952-05-30,한국농어촌공사_농업기반시설제원_저수지_2022.csv,,,아산시
4420010041,냉정,충청남도 아산시 인주면 냉정리,326.0,940.0,940.0,535.0,26.0,1940-01-01,1941-03-31,한국농어촌공사_농업기반시설제원_저수지_2022.csv,,,아산시
4420010042,죽산,충청남도 아산시 선장면 죽산리,128.0,621.0,615.0,143.0,24.0,1942-01-01,1942-12-26,한국농어촌공사_농업기반시설제원_저수지_2022.csv,,,아산시
4420010045,도고,충청남도 아산시 도고면 석당리,841.0,4294.0,4278.0,2097.0,97.0,1928-01-01,1929-11-30,한국농어촌공사_농업기반시설제원_저수지_2022.csv,,,아산시
4420010048,신창,충청남도 아산시 신창면 오목리,97.0,771.0,771.0,480.0,34.0,1950-01-01,1954-03-31,한국농어촌공사_농업기반시설제원_저수지_2022.csv,,,아산시
4421010002,잠홍,충청남도 서산시 음암면 부산리,363.0,1509.0,1485.0,1129.0,69.0,1951-11-05,1958-12-31,한국농어촌공사_농업기반시설제원_저수지_2022.csv,,,서산시
4421010005,대산,충청남도 서산시 대산읍 대로리,102.0,491.0,408.0,335.0,15.0,1976-01-01,1978-01-01,한국농어촌공사_농업기반시설제원_저수지_2022.csv,,,서산시
4421010014,모월,충청남도 서산시 인지면 산동리,109.0,601.0,601.0,262.0,31.0,1978-01-01,1982-01-01,한국농어촌공사_농업기반시설제원_저수지_2022.csv,,,서산시
4421010017,풍전,충청남도 서산시 인지면 풍전리,655.0,2623.0,2621.0,1110.0,70.0,1942-01-21,1944-12-29,한국농어촌공사_농업기반시설제원_저수지_2022.csv,,,서산시
4421010018,강수,충청남도 서산시 부석면 강수리,37.0,96.0,96.0,140.0,4.0,1957-04-08,1957-12-08,한국농어촌공사_농업기반시설제원_저수지_2022.csv,,,서산시
4421010028,마룡,충청남도 서산시 부석면 마룡리,40.0,350.0,346.0,114.0,20.0,1955-01-01,1961-01-01,한국농어촌공사_농업기반시설제원_저수지_2022.csv,,,서산시
4421010036,중왕,충청남도 서산시 지곡면 중왕리,204.0,1138.0,1120.0,910.0,51.0,1986-09-04,1996-12-01,한국농어촌공사_농업기반시설제원_저수지_2022.csv,,,서산시
4421010037,지곡,충청남도 서산시 지곡면 도성리,45.0,307.0,307.0,135.0,15.0,1946-08-30,1954-07-01,한국농어촌공사_농업기반시설제원_저수지_2022.csv,,,서산시
4421010039,고남,충청남도 서산시 성연면 고남리,93.0,1073.0,1073.0,430.0,20.0,1965-01-01,1968-01-01,한국농어촌공사_농업기반시설제원_저수지_2022.csv,,,서산시
4421010042,성암,충청남도 서산시 음암면 탑곡리,624.0,3157.0,3074.0,1936.0,104.0,1963-07-29,1966-12-31,한국농어촌공사_농업기반시설제원_저수지_2022.csv,,,서산시
4421010043,신창,충청남도 서산시 운산면 신창리,189.0,1835.0,1787.0,440.0,19.0,1976-04-01,1978-06-01,한국농어촌공사_농업기반시설제원_저수지_2022.csv,,,서산시
4421010044,용현,충청남도 서산시 운산면 용현리,33.0,357.0,357.0,123.0,7.0,1973-04-01,1974-06-01,한국농어촌공사_농업기반시설제원_저수지_2022.csv,,,서산시
4421010045,고풍,충청남도 서산시 운산면 고풍리,1294.0,8360.0,7822.0,2590.0,62.0,1967-04-05,1975-12-31,한국농어촌공사_농업기반시설제원_저수지_2022.csv,,,서산시
4421010052,산수,충청남도 서산시 해미면 산수리,639.0,3445.0,3316.0,1706.0,44.0,1953-03-04,1962-12-31,한국농어촌공사_농업기반시설제원_저수지_2022.csv,,,서산시
4421010053,황락,충청남도 서산시 해미면 황락리,77.0,1039.0,1039.0,420.0,11.0,1985-09-30,1991-11-30,한국농어촌공사_농업기반시설제원_저수지_2022.csv,,,서산시
4421010054,신송,충청남도 서산시 고북면 신송리,407.0,3220.0,3220.0,680.0,48.0,1978-11-10,1984-12-31,한국농어촌공사_농업기반시설제원_저수지_2022.csv,,,서산시
4423010001,소룡,충청남도 논산시 연무읍 소룡리,28.0,88.0,85.0,70.0,2.0,1961-01-01,1963-12-30,한국농어촌공사_농업기반시설제원_저수지_2022.csv,,,논산시
4423010002,양지,충청남도 논산시 연무읍 양지리,8.0,10.0,10.0,50.0,0.0,1965-01-01,1966-12-30,한국농어촌공사_농업기반시설제원_저수지_2022.csv,,,논산시
4423010005,고내,충청남도 논산시 연무읍 고내리,77.0,235.0,230.0,199.0,7.0,1956-01-01,1956-03-28,한국농어촌공사_농업기반시설제원_저수지_2022.csv,,,논산시
4423010007,고합,충청남도 논산시 연무읍 황화정리,64.0,277.0,273.0,152.0,5.0,1957-01-01,1957-12-30,한국농어촌공사_농업기반시설제원_저수지_2022.csv,,,논산시
4423010010,안심,충청남도 논산시 연무읍 안심리,5.0,10.0,10.0,40.0,2.0,1911-01-01,1913-12-30,한국농어촌공사_농업기반시설제원_저수지_2022.csv,,,논산시
4423010018,소곡,충청남도 논산시 노성면 송당리,18.0,35.0,27.0,120.0,3.0,1953-01-01,1957-12-30,한국농어촌공사_농업기반시설제원_저수지_2022.csv,,,논산시
4423010020,월명,충청남도 논산시 노성면 송당리,25.0,42.0,37.0,67.0,2.0,1953-03-20,1957-03-20,한국농어촌공사_농업기반시설제원_저수지_2022.csv,,,논산시
4423010022,가곡,충청남도 논산시 노성면 병사리,208.0,726.0,695.0,500.0,26.0,1953-01-01,1955-12-30,한국농어촌공사_농업기반시설제원_저수지_2022.csv,,,논산시
4423010030,지경,충청남도 논산시 상월면 지경리,11.0,17.0,15.0,50.0,3.0,1945-01-01,1945-12-31,한국농어촌공사_농업기반시설제원_저수지_2022.csv,,,논산시
4423010031,석종,충청남도 논산시 상월면 석종리,9.0,19.0,18.0,39.0,1.0,1940-01-01,1940-12-30,한국농어촌공사_농업기반시설제원_저수지_2022.csv,,,논산시
4423010037,띠울,충청남도 논산시 상월면 대명리,4.0,6.0,6.0,40.0,1.0,1940-01-01,1940-12-30,한국농어촌공사_농업기반시설제원_저수지_2022.csv,,,논산시
4423010041,한천,충청남도 논산시 상월면 한천리,7.0,1.0,1.0,50.0,1.0,1945-01-01,1945-12-31,한국농어촌공사_농업기반시설제원_저수지_2022.csv,,,논산시
4423010042,수정골,충청남도 논산시 상월면 숙진리,5.0,11.0,10.0,80.0,3.0,1945-01-01,1945-12-10,한국농어촌공사_농업기반시설제원_저수지_2022.csv,,,논산시
4423010043,도정골,충청남도 논산시 상월면 숙진리,5.0,2.0,2.0,15.0,1.0,1945-01-01,1945-12-30,한국농어촌공사_농업기반시설제원_저수지_2022.csv,,,논산시
4423010044,신풍,충청남도 논산시 부적면 신풍리,3.0,7.0,7.0,43.0,1.0,1965-01-01,1965-12-30,한국농어촌공사_농업기반시설제원_저수지_2022.csv,,,논산시
4423010045,탑정,충청남도 논산시 부적면 탑정리,5713.0,34983.0,34940.0,21880.0,662.0,1941-03-13,1944-08-31,한국농어촌공사_농업기반시설제원_저수지_2022.csv,,,논산시
4423010046,아곡,충청남도 논산시 부적면 신교리,45.0,151.0,138.0,50.0,7.0,1910-01-03,1910-12-30,한국농어촌공사_농업기반시설제원_저수지_2022.csv,,,논산시
4423010047,평촌,충청남도 논산시 부적면 반송리,10.0,19.0,15.0,15.0,2.0,1910-08-20,1911-03-22,한국농어촌공사_농업기반시설제원_저수지_2022.csv,,,논산시
4423010055,양동,충청남도 논산시 연산면 신양리,3.0,1.0,1.0,3.0,0.0,1945-01-01,1945-12-30,한국농어촌공사_농업기반시설제원_저수지_2022.csv,,,논산시
4423010067,임화,충청남도 논산시 양촌면 임화리,41.0,494.0,480.0,191.0,8.0,1976-01-01,1979-12-30,한국농어촌공사_농업기반시설제원_저수지_2022.csv,,,논산시
4423010073,서당,충청남도 논산시 양촌면 반곡리,12.0,17.0,13.0,19.0,1.0,1945-01-01,1945-12-30,한국농어촌공사_농업기반시설제원_저수지_2022.csv,,,논산시
4423010080,강청,충청남도 논산시 가야곡면 강청리,70.0,323.0,234.0,178.0,7.0,1975-12-01,1976-12-30,한국농어촌공사_농업기반시설제원_저수지_2022.csv,,,논산시
4423010081,국동,충청남도 논산시 가야곡면 함적리,9.0,12.0,10.0,43.0,1.0,1945-01-01,1946-12-30,한국농어촌공사_농업기반시설제원_저수지_2022.csv,,,논산시
4423010085,유와골,충청남도 논산시 은진면 용산리,14.0,8.0,8.0,35.0,1.0,1957-01-01,1961-12-30,한국농어촌공사_농업기반시설제원_저수지_2022.csv,,,논산시
4423010086,성덕,충청남도 논산시 은진면 성덕리,4.0,2.0,2.0,15.0,0.0,1935-01-01,1935-12-31,한국농어촌공사_농업기반시설제원_저수지_2022.csv,,,논산시
4423010087,수락,충청남도 논산시 벌곡면 수락리,192.0,921.0,856.0,621.0,12.0,2000-01-03,2002-12-31,한국농어촌공사_농업기반시설제원_저수지_2022.csv,,,논산시
4471010014,화림,충청남도 금산군 금성면 화림리,95.0,390.0,390.0,466.0,10.0,1950-04-20,1956-12-28,한국농어촌공사_농업기반시설제원_저수지_2022.csv,,,금산군
4471010057,홍도,충청남도 금산군 남일면 신정리,30.0,55.0,55.0,230.0,2.0,1971-10-01,1974-01-01,한국농어촌공사_농업기반시설제원_저수지_2022.csv,,,금산군
4471010058,신동,충청남도 금산군 남일면 신동리,60.0,1887.0,1881.0,670.0,20.0,1956-01-01,1961-01-01,한국농어촌공사_농업기반시설제원_저수지_2022.csv,,,금산군
4471010071,청림,충청남도 금산군 진산면 행정리,85.0,691.0,679.0,480.0,10.0,1967-01-01,1970-01-01,한국농어촌공사_농업기반시설제원_저수지_2022.csv,,,금산군
4471010082,지동,충청남도 금산군 추부면 용지리,59.0,164.0,164.0,280.0,7.0,1952-03-20,1958-01-01,한국농어촌공사_농업기반시설제원_저수지_2022.csv,,,금산군
4471010087,장산,충청남도 금산군 추부면 요광리,16.0,222.0,220.0,186.0,6.0,1952-03-20,1958-01-01,한국농어촌공사_농업기반시설제원_저수지_2022.csv,,,금산군
4471010088,동곡,충청남도 금산군 제원면 동곡리,124.0,848.0,826.0,450.0,9.0,1997-12-04,2002-12-31,한국농어촌공사_농업기반시설제원_저수지_2022.csv,,,금산군
4471010089,숭암,충청남도 금산군 추부면 장대리,95.0,438.0,414.0,358.0,10.0,1952-12-26,1958-01-01,한국농어촌공사_농업기반시설제원_저수지_2022.csv,,,금산군
4471010090,석동,충청남도 금산군 남이면 석동리,151.0,993.0,928.0,323.0,10.0,1998-12-24,2005-12-26,한국농어촌공사_농업기반시설제원_저수지_2022.csv,,,금산군
4476010006,반산,충청남도 부여군 규암면 석우리,765.0,5692.0,5652.0,1740.0,125.0,1946-06-01,1956-06-30,한국농어촌공사_농업기반시설제원_저수지_2022.csv,,,부여군
4476010042,상천,충청남도 부여군 홍산면 상천리,183.0,684.0,615.0,353.0,11.0,1942-01-01,1943-12-01,한국농어촌공사_농업기반시설제원_저수지_2022.csv,,,부여군
4476010046,옥산,충청남도 부여군 옥산면 봉산리,482.0,2682.0,2413.0,1700.0,73.0,1929-04-01,1930-09-01,한국농어촌공사_농업기반시설제원_저수지_2022.csv,,,부여군
4476010060,복심,충청남도 부여군 충화면 복금리,479.0,4711.0,4706.0,1761.0,96.0,1929-04-01,1930-09-01,한국농어촌공사_농업기반시설제원_저수지_2022.csv,,,부여군
4476010069,덕용,충청남도 부여군 양화면 송정리,1071.0,5661.0,5661.0,1580.0,86.0,1943-12-06,1955-05-31,한국농어촌공사_농업기반시설제원_저수지_2022.csv,,,부여군
4476010076,가신,충청남도 부여군 임천면 가신리,62.0,433.0,426.0,200.0,13.0,1940-11-01,1941-12-01,한국농어촌공사_농업기반시설제원_저수지_2022.csv,,,부여군
4476010084,두곡,충청남도 부여군 임천면 두곡리,22.0,111.0,100.0,92.0,3.0,1943-01-01,1944-12-01,한국농어촌공사_농업기반시설제원_저수지_2022.csv,,,부여군
4476010094,마하동,충청남도 부여군 세도면 귀덕리,36.0,137.0,129.0,65.0,6.0,1944-01-01,1945-05-31,한국농어촌공사_농업기반시설제원_저수지_2022.csv,,,부여군
4476010095,삼산,충청남도 부여군 외산면 삼산리,80.0,546.0,543.0,180.0,5.0,2001-12-17,2009-12-30,한국농어촌공사_농업기반시설제원_저수지_2022.csv,,,부여군
4476010096,화성,충청남도 부여군 외산면 화성리,80.0,724.0,721.0,205.0,9.0,2001-12-17,2009-12-30,한국농어촌공사_농업기반시설제원_저수지_2022.csv,,,부여군
4476010243,초촌,충청남도 부여군 초촌면 세탑리,0.0,1034.0,942.0,239.0,104.0,2017-05-15,2021-12-15,한국농어촌공사_농업기반시설제원_저수지_2022.csv,,,부여군
4477010004,축동,충청남도 서천군 한산면 축동리,370.0,1707.0,1491.0,752.0,82.0,1945-09-01,1955-05-31,한국농어촌공사_농업기반시설제원_저수지_2022.csv,,,서천군
4477010006,동부,충청남도 서천군 시초면 봉선리,2477.0,12182.0,10734.0,2834.0,244.0,1923-11-17,1926-06-10,한국농어촌공사_농업기반시설제원_저수지_2022.csv,,,서천군
4477010007,문산,충청남도 서천군 문산면 신농리,261.0,973.0,973.0,960.0,37.0,1957-12-15,1964-12-04,한국농어촌공사_농업기반시설제원_저수지_2022.csv,,,서천군
4477010010,종천,충청남도 서천군 판교면 상좌리,385.0,3381.0,3353.0,1200.0,50.0,1956-10-21,1962-05-31,한국농어촌공사_농업기반시설제원_저수지_2022.csv,,,서천군
4477010011,서부,충청남도 서천군 판교면 흥림리,1627.0,8018.0,7989.0,3039.0,125.0,1923-11-17,1926-06-10,한국농어촌공사_농업기반시설제원_저수지_2022.csv,,,서천군
4477010015,안치,충청남도 서천군 비인면 성북리,53.0,167.0,167.0,110.0,4.0,1943-09-04,1945-09-20,한국농어촌공사_농업기반시설제원_저수지_2022.csv,,,서천군
4477010020,주항,충청남도 서천군 서면 주항리,163.0,744.0,691.0,367.0,32.0,1946-11-01,1958-08-28,한국농어촌공사_농업기반시설제원_저수지_2022.csv,,,서천군
4479010002,적누,충청남도 청양군 청양읍 적누리,164.0,2626.0,2611.0,452.0,23.0,1985-08-12,1997-12-31,한국농어촌공사_농업기반시설제원_저수지_2022.csv,,,청양군
4479010014,모곡,충청남도 청양군 운곡면 모곡리,13.0,8.0,8.0,58.0,2.0,1977-01-01,1978-12-31,한국농어촌공사_농업기반시설제원_저수지_2022.csv,,,청양군
4479010015,신대(운곡),충청남도 청양군 운곡면 신대리,191.0,2990.0,2930.0,962.0,28.0,1975-11-17,1977-12-20,한국농어촌공사_농업기반시설제원_저수지_2022.csv,,,청양군
4479010033,천장,충청남도 청양군 정산면 천장리,551.0,2882.0,2878.0,1270.0,24.0,1972-12-14,1978-12-31,한국농어촌공사_농업기반시설제원_저수지_2022.csv,,,청양군
4479010038,내지곡,충청남도 청양군 목면 지곡리,18.0,3.0,3.0,32.0,1.0,1943-01-01,1945-12-31,한국농어촌공사_농업기반시설제원_저수지_2022.csv,,,청양군
4479010041,아산,충청남도 청양군 청남면 아산리,20.0,9.0,9.0,29.0,2.0,1943-01-01,1945-12-31,한국농어촌공사_농업기반시설제원_저수지_2022.csv,,,청양군
4479010044,도림,충청남도 청양군 장평면 적곡리,482.0,3829.0,3776.0,650.0,26.0,1987-12-01,2001-12-15,한국농어촌공사_농업기반시설제원_저수지_2022.csv,,,청양군
4479010046,관현(갓고개),충청남도 청양군 장평면 관현리,20.0,4.0,4.0,78.0,1.0,1943-01-01,1945-12-31,한국농어촌공사_농업기반시설제원_저수지_2022.csv,,,청양군
4479010061,화암,충청남도 청양군 화성면 화암리,69.0,414.0,401.0,170.0,7.0,1943-11-11,1945-03-30,한국농어촌공사_농업기반시설제원_저수지_2022.csv,,,청양군
4479010063,신리,충청남도 청양군 화성면 수정리,32.0,159.0,159.0,68.0,2.0,1944-01-01,1945-03-31,한국농어촌공사_농업기반시설제원_저수지_2022.csv,,,청양군
4479010065,수정,충청남도 청양군 화성면 수정리,53.0,337.0,337.0,106.0,5.0,1989-01-01,1994-12-31,한국농어촌공사_농업기반시설제원_저수지_2022.csv,,,청양군
4479010067,원당1,충청남도 청양군 화성면 용당리,10.0,14.0,14.0,25.0,1.0,1963-01-01,1965-12-31,한국농어촌공사_농업기반시설제원_저수지_2022.csv,,,청양군
4479010070,매산,충청남도 청양군 화성면 매산리,102.0,555.0,554.0,345.0,9.0,1976-12-01,1979-09-28,한국농어촌공사_농업기반시설제원_저수지_2022.csv,,,청양군
4479010075,사점,충청남도 청양군 비봉면 사점리,100.0,297.0,297.0,207.0,6.0,1944-01-03,1945-03-30,한국농어촌공사_농업기반시설제원_저수지_2022.csv,,,청양군
4479010076,관산2,충청남도 청양군 비봉면 관산리,12.0,29.0,29.0,143.0,2.0,1975-01-01,1977-12-31,한국농어촌공사_농업기반시설제원_저수지_2022.csv,,,청양군
4479010077,관산,충청남도 청양군 비봉면 관산리,156.0,1170.0,1170.0,250.0,11.0,1985-08-12,1997-12-31,한국농어촌공사_농업기반시설제원_저수지_2022.csv,,,청양군
4479010079,갈망골,충청남도 청양군 비봉면 강정리,28.0,189.0,155.0,55.0,4.0,2000-12-19,2004-12-20,한국농어촌공사_농업기반시설제원_저수지_2022.csv,,,청양군
4479010080,안골,충청남도 청양군 비봉면 강정리,15.0,15.0,15.0,35.0,1.0,1962-01-01,1964-12-31,한국농어촌공사_농업기반시설제원_저수지_2022.csv,,,청양군
4479010083,용천,충청남도 청양군 비봉면 용천리,36.0,156.0,150.0,102.0,5.0,1956-01-01,1958-12-31,한국농어촌공사_농업기반시설제원_저수지_2022.csv,,,청양군
4479010084,방한,충청남도 청양군 비봉면 방한리,70.0,140.0,119.0,100.0,3.0,1956-01-02,1958-12-31,한국농어촌공사_농업기반시설제원_저수지_2022.csv,,,청양군
4479010085,신정,충청남도 청양군 화성면 신정리,27.0,49.0,49.0,75.0,1.0,1970-01-01,1971-12-31,한국농어촌공사_농업기반시설제원_저수지_2022.csv,,,청양군
4479010086,원용두,충청남도 청양군 정산면 용두리,22.0,15.0,15.0,174.0,1.0,1954-01-01,1955-12-31,한국농어촌공사_농업기반시설제원_저수지_2022.csv,,,청양군
4479010087,은곡,충청남도 청양군 장평면 적곡리,125.0,922.0,867.0,168.0,11.0,1987-12-01,2001-12-31,한국농어촌공사_농업기반시설제원_저수지_2022.csv,,,청양군
4479010088,장재,충청남도 청양군 비봉면 장재리,11.0,12.0,12.0,29.0,2.0,1956-01-01,1958-12-31,한국농어촌공사_농업기반시설제원_저수지_2022.csv,,,청양군
4479010089,대박,충청남도 청양군 정산면 대박리,50.0,347.0,345.0,77.0,4.0,2002-09-10,2005-12-23,한국농어촌공사_농업기반시설제원_저수지_2022.csv,,,청양군
4479010090,칠갑,충청남도 청양군 대치면 광대리,682.0,5085.0,4760.0,1730.0,59.0,1991-08-12,2013-12-31,한국농어촌공사_농업기반시설제원_저수지_2022.csv,,,청양군
4479010157,온암,충청남도 청양군 남양면 온암리,0.0,2024.0,1747.0,750.0,25.0,2003-12-17,2017-12-31,한국농어촌공사_농업기반시설제원_저수지_2022.csv,,,청양군
4479010170,본의,충청남도 청양군 목면 본의리,0.0,1600.0,1390.0,380.0,18.0,2006-12-22,2018-12-20,한국농어촌공사_농업기반시설제원_저수지_2022.csv,,,청양군
4480010004,벽정,충청남도 홍성군 광천읍 벽계리,58.0,205.0,205.0,210.0,6.0,1941-01-01,1945-01-01,한국농어촌공사_농업기반시설제원_저수지_2022.csv,,,홍성군
4480010007,월암,충청남도 홍성군 금마면 봉서리,35.0,323.0,309.0,205.0,8.0,1981-03-07,1992-01-01,한국농어촌공사_농업기반시설제원_저수지_2022.csv,,,홍성군
4480010008,홍양,충청남도 홍성군 금마면 장성리,442.0,2057.0,2057.0,2410.0,67.0,1941-01-01,1945-01-01,한국농어촌공사_농업기반시설제원_저수지_2022.csv,,,홍성군
4480010011,장곡,충청남도 홍성군 장곡면 죽전리,255.0,1122.0,1122.0,1064.0,30.0,1976-01-01,1978-01-01,한국농어촌공사_농업기반시설제원_저수지_2022.csv,,,홍성군
4480010012,홍동,충청남도 홍성군 장곡면 지정리,235.0,1064.0,1064.0,1480.0,41.0,1945-01-01,1955-01-01,한국농어촌공사_농업기반시설제원_저수지_2022.csv,,,홍성군
4480010039,가곡,충청남도 홍성군 갈산면 가곡리,201.0,1575.0,1543.0,462.0,19.0,1982-01-01,1984-01-01,한국농어촌공사_농업기반시설제원_저수지_2022.csv,,,홍성군
4480010042,대사,충청남도 홍성군 갈산면 대사리,163.0,1376.0,1376.0,290.0,17.0,1978-01-01,1984-01-01,한국농어촌공사_농업기반시설제원_저수지_2022.csv,,,홍성군
4480010043,공리,충청남도 홍성군 구항면 공리,168.0,1507.0,1463.0,370.0,30.0,1983-01-01,1985-01-01,한국농어촌공사_농업기반시설제원_저수지_2022.csv,,,홍성군
4480010044,천태,충청남도 홍성군 장곡면 행정리,246.0,1477.0,1290.0,881.0,36.0,1996-12-27,2005-12-20,한국농어촌공사_농업기반시설제원_저수지_2022.csv,,,홍성군
4481010005,수철,충청남도 예산군 예산읍 수철리,202.0,785.0,783.0,490.0,14.0,1930-01-01,1931-08-31,한국농어촌공사_농업기반시설제원_저수지_2022.csv,,,예산군
4481010006,방산,충청남도 예산군 대술면 상항리,266.0,2065.0,2054.0,690.0,33.0,1976-11-09,1982-11-30,한국농어촌공사_농업기반시설제원_저수지_2022.csv,,,예산군
4481010007,송석,충청남도 예산군 대술면 송석리,171.0,1430.0,1416.0,560.0,24.0,1976-08-16,1982-11-30,한국농어촌공사_농업기반시설제원_저수지_2022.csv,,,예산군
4481010012,여래미,충청남도 예산군 신양면 여래미리,138.0,1366.0,1242.0,380.0,14.0,1985-08-10,1990-12-20,한국농어촌공사_농업기반시설제원_저수지_2022.csv,,,예산군
4481010019,산묵,충청남도 예산군 광시면 대리,98.0,730.0,714.0,220.0,9.0,1979-12-27,1982-12-20,한국농어촌공사_농업기반시설제원_저수지_2022.csv,,,예산군
4481010020,보강(대리),충청남도 예산군 광시면 대리,71.0,490.0,490.0,160.0,6.0,1979-12-27,1982-12-20,한국농어촌공사_농업기반시설제원_저수지_2022.csv,,,예산군
4481010021,예당(대흥),충청남도 예산군 응봉면 입침리,6917.0,47103.0,46070.0,37360.0,1089.0,1952-12-29,1964-12-31,한국농어촌공사_농업기반시설제원_저수지_2022.csv,,,예산군
4481010022,옥계,충청남도 예산군 덕산면 옥계리,297.0,3051.0,3014.0,1182.0,43.0,1952-10-04,1957-06-29,한국농어촌공사_농업기반시설제원_저수지_2022.csv,,,예산군
4481010023,상가,충청남도 예산군 덕산면 상가리,17.0,348.0,333.0,234.0,4.0,1985-10-10,1992-12-31,한국농어촌공사_농업기반시설제원_저수지_2022.csv,,,예산군
4481010024,용봉,충청남도 예산군 덕산면 둔리,92.0,521.0,517.0,420.0,17.0,1976-06-05,1978-12-20,한국농어촌공사_농업기반시설제원_저수지_2022.csv,,,예산군
4481010025,광천,충청남도 예산군 덕산면 광천리,65.0,318.0,318.0,120.0,4.0,1985-01-01,1988-01-01,한국농어촌공사_농업기반시설제원_저수지_2022.csv,,,예산군
4481010027,봉림,충청남도 예산군 봉산면 봉림리,234.0,2221.0,2217.0,745.0,27.0,1942-05-09,1944-03-28,한국농어촌공사_농업기반시설제원_저수지_2022.csv,,,예산군
4481010050,하천,충청남도 예산군 신양면 하천리,91.0,811.0,707.0,190.0,11.0,2005-12-13,2012-11-30,한국농어촌공사_농업기반시설제원_저수지_2022.csv,,,예산군
4482010002,인평,충청남도 태안군 태안읍 인평리,203.0,970.0,891.0,1062.0,44.0,1937-04-10,1938-12-30,한국농어촌공사_농업기반시설제원_저수지_2022.csv,,,태안군
4482010009,승언1호,충청남도 태안군 안면읍 승언리,42.0,246.0,244.0,176.0,21.0,1954-03-25,1959-12-31,한국농어촌공사_농업기반시설제원_저수지_2022.csv,,,태안군
4482010010,승언2호,충청남도 태안군 안면읍 승언리,98.0,618.0,618.0,283.0,49.0,1954-03-25,1959-12-31,한국농어촌공사_농업기반시설제원_저수지_2022.csv,,,태안군
4482010011,승언3호,충청남도 태안군 안면읍 승언리,41.0,229.0,228.0,104.0,16.0,1954-03-25,1959-12-31,한국농어촌공사_농업기반시설제원_저수지_2022.csv,,,태안군
4482010015,창기,충청남도 태안군 안면읍 창기리,33.0,309.0,265.0,88.0,11.0,1954-03-25,1959-12-31,한국농어촌공사_농업기반시설제원_저수지_2022.csv,,,태안군
4482010016,미포,충청남도 태안군 안면읍 창기리,167.0,1221.0,947.0,33.0,21.0,1979-01-01,1983-01-01,한국농어촌공사_농업기반시설제원_저수지_2022.csv,,,태안군
4482010019,신야,충청남도 태안군 안면읍 중장리,74.0,265.0,265.0,386.0,12.0,1978-11-07,1982-12-22,한국농어촌공사_농업기반시설제원_저수지_2022.csv,,,태안군
4482010021,지포,충청남도 태안군 안면읍 중장리,71.0,269.0,269.0,127.0,19.0,1956-06-25,1960-12-30,한국농어촌공사_농업기반시설제원_저수지_2022.csv,,,태안군
4482010027,수룡,충청남도 태안군 근흥면 수룡리,269.0,1287.0,1285.0,750.0,50.0,1957-06-27,1960-12-31,한국농어촌공사_농업기반시설제원_저수지_2022.csv,,,태안군
4482010033,송현,충청남도 태안군 소원면 송현리,88.0,221.0,220.0,258.0,11.0,1978-11-07,1982-12-30,한국농어촌공사_농업기반시설제원_저수지_2022.csv,,,태안군
4482010034,구들,충청남도 태안군 소원면 의항리,4.0,8.0,8.0,32.0,1.0,1975-01-01,1977-01-01,한국농어촌공사_농업기반시설제원_저수지_2022.csv,,,태안군
4482010036,반계1호,충청남도 태안군 원북면 반계리,83.0,447.0,445.0,287.0,25.0,1929-04-10,1930-12-30,한국농어촌공사_농업기반시설제원_저수지_2022.csv,,,태안군
4482010038,황촌3호,충청남도 태안군 원북면 황촌리,12.0,56.0,56.0,62.0,4.0,1929-04-10,1930-12-30,한국농어촌공사_농업기반시설제원_저수지_2022.csv,,,태안군
4482010039,신두2호,충청남도 태안군 원북면 신두리,37.0,182.0,181.0,138.0,13.0,1929-04-10,1930-12-30,한국농어촌공사_농업기반시설제원_저수지_2022.csv,,,태안군
4482010045,사창,충청남도 태안군 이원면 사창리,58.0,446.0,313.0,215.0,16.0,1948-01-01,1952-12-26,한국농어촌공사_농업기반시설제원_저수지_2022.csv,,,태안군
4482510001,중장,충청남도 태안군 안면읍 중장리,78.0,624.0,513.0,16.0,9.0,1999-12-11,2002-12-10,한국농어촌공사_농업기반시설제원_저수지_2022.csv,,,태안군
4482510002,대야,충청남도 태안군 안면읍 중장리,293.0,2086.0,1884.0,125.0,40.0,1999-03-15,2007-12-31,한국농어촌공사_농업기반시설제원_저수지_2022.csv,,,태안군
4482510003,장곡,충청남도 태안군 고남면 장곡리,47.0,395.0,365.0,74.0,9.0,1998-12-01,2007-12-31,한국농어촌공사_농업기반시설제원_저수지_2022.csv,,,태안군
4483010007,백미,충청남도 당진시 합덕읍 대전리,28.0,215.0,94.0,220.0,8.0,1935-03-01,1938-12-30,한국농어촌공사_농업기반시설제원_저수지_2022.csv,,,당진시
4483010008,온동,충청남도 당진시 고대면 당진포리,23.0,86.0,86.0,150.0,10.0,1925-01-01,1933-01-01,한국농어촌공사_농업기반시설제원_저수지_2022.csv,,,당진시
4483010009,항곡,충청남도 당진시 고대면 항곡리,30.0,94.0,82.0,104.0,4.0,1952-01-17,1955-06-30,한국농어촌공사_농업기반시설제원_저수지_2022.csv,,,당진시
4483010010,석문,충청남도 당진시 석문면 삼봉리,135.0,975.0,975.0,1750.0,59.0,1963-07-01,1968-06-21,한국농어촌공사_농업기반시설제원_저수지_2022.csv,,,당진시
4483010035,순성,충청남도 당진시 면천면 원동리,257.0,1428.0,1357.0,850.0,40.0,1953-03-01,1959-12-31,한국농어촌공사_농업기반시설제원_저수지_2022.csv,,,당진시
4483010043,초대,충청남도 당진시 신평면 초대리,147.0,1080.0,1026.0,470.0,24.0,1971-07-24,1975-12-30,한국농어촌공사_농업기반시설제원_저수지_2022.csv,,,당진시
4483010044,오봉,충청남도 당진시 신평면 상오리,367.0,875.0,875.0,2020.0,46.0,1921-04-12,1922-05-15,한국농어촌공사_농업기반시설제원_저수지_2022.csv,,,당진시
4483010047,송악,충청남도 당진시 송악읍 가교리,161.0,488.0,463.0,254.0,10.0,1952-04-01,1958-12-31,한국농어촌공사_농업기반시설제원_저수지_2022.csv,,,당진시
4483010048,전대,충청남도 당진시 송악읍 전대리,105.0,619.0,587.0,234.0,16.0,1957-02-01,1959-12-31,한국농어촌공사_농업기반시설제원_저수지_2022.csv,,,당진시
4483010049,당산,충청남도 당진시 송산면 당산리,30.0,37.0,37.0,170.0,5.0,1941-03-03,1944-12-29,한국농어촌공사_농업기반시설제원_저수지_2022.csv,,,당진시
4155010016,청용,충청남도 천안시 서북구 입장면 도림리,291.2,1201.0,1200.0,730.0,16.6,1968-12-16,1974-12-28,한국농어촌공사_농업기반시설제원_저수지_2023.csv,경기,안성,천안시
4413010010,천호,충청남도 천안시 동남구 신부동,4.0,1071.02,1071.02,850.0,32.5,1952-04-10,1957-12-30,한국농어촌공사_농업기반시설제원_저수지_2023.csv,충남,천안,천안시
4413010011,업성,충청남도 천안시 서북구 업성동,142.0,952.03,952.03,507.0,37.37,1965-12-06,1972-01-01,한국농어촌공사_농업기반시설제원_저수지_2023.csv,충남,천안,천안시
4413010016,문암,충청남도 천안시 동남구 안서동,53.0,562.0,562.0,168.0,7.2,1976-12-27,1978-01-01,한국농어촌공사_농업기반시설제원_저수지_2023.csv,충남,천안,천안시
4413010018,매주,충청남도 천안시 서북구 성환읍 매주리,27.0,191.77,176.57,130.0,8.4,1971-01-01,1972-12-30,한국농어촌공사_농업기반시설제원_저수지_2023.csv,충남,천안,천안시
4413010019,율금,충청남도 천안시 서북구 직산읍 석곡리,27.0,128.85,121.0,65.0,5.69,1970-12-31,1972-12-30,한국농어촌공사_농업기반시설제원_저수지_2023.csv,충남,천안,천안시
4413010020,왕림,충청남도 천안시 서북구 성환읍 왕림리,19.0,49.08,49.08,60.0,2.41,1970-12-31,1972-12-30,한국농어촌공사_농업기반시설제원_저수지_2023.csv,충남,천안,천안시
4413010021,어룡,충청남도 천안시 서북구 성환읍 어룡리,60.3,92.76,92.02,107.0,4.64,1939-11-09,1940-12-30,한국농어촌공사_농업기반시설제원_저수지_2023.csv,충남,천안,천안시
4413010022,학정,충청남도 천안시 서북구 성환읍 대홍리,214.0,775.04,775.04,706.0,39.59,1927-12-26,1929-01-15,한국농어촌공사_농업기반시설제원_저수지_2023.csv,충남,천안,천안시
4413010023,남창,충청남도 천안시 서북구 성거읍 송남리,37.0,145.02,145.02,100.0,3.54,1956-01-12,1959-12-30,한국농어촌공사_농업기반시설제원_저수지_2023.csv,충남,천안,천안시
4413010024,천흥,충청남도 천안시 서북구 성거읍 천흥리,206.0,838.94,829.74,500.0,14.27,1956-02-02,1959-12-30,한국농어촌공사_농업기반시설제원_저수지_2023.csv,충남,천안,천안시
4413010025,성거,충청남도 천안시 서북구 성거읍 천흥리,15.0,72.01,72.01,100.0,3.79,1972-09-14,1973-11-15,한국농어촌공사_농업기반시설제원_저수지_2023.csv,충남,천안,천안시
4413010029,신월,충청남도 천안시 서북구 성거읍 소우리,27.0,207.15,196.01,94.0,8.13,1965-12-07,1972-01-01,한국농어촌공사_농업기반시설제원_저수지_2023.csv,충남,천안,천안시
4413010033,용연,충청남도 천안시 동남구 목천읍 교촌리,421.0,3049.8,3049.8,2070.0,49.21,1956-09-25,1962-12-31,한국농어촌공사_농업기반시설제원_저수지_2023.csv,충남,천안,천안시
4413010039,대정,충청남도 천안시 동남구 성남면 석곡리,147.0,78.14,73.9,370.0,16.14,1952-04-02,1955-06-30,한국농어촌공사_농업기반시설제원_저수지_2023.csv,충남,천안,천안시
4413010045,발산,충청남도 천안시 동남구 수신면 발산리,11.0,75.83,64.38,69.0,1.86,1952-04-29,1955-06-30,한국농어촌공사_농업기반시설제원_저수지_2023.csv,충남,천안,천안시
4413010069,직산,충청남도 천안시 서북구 직산읍 삼은리,21.0,85.21,84.03,217.0,7.0,1937-12-31,1939-10-30,한국농어촌공사_농업기반시설제원_저수지_2023.csv,충남,천안,천안시
4413010070,양전,충청남도 천안시 서북구 직산읍 양당리,263.0,385.12,369.01,360.0,23.24,1944-10-25,1949-05-10,한국농어촌공사_농업기반시설제원_저수지_2023.csv,충남,천안,천안시
4413010072,마정,충청남도 천안시 서북구 직산읍 마정리,88.1,450.61,438.05,360.0,18.09,1944-10-30,1949-05-10,한국농어촌공사_농업기반시설제원_저수지_2023.csv,충남,천안,천안시
4413010074,입장,충청남도 천안시 서북구 입장면 기로리,352.0,636.33,622.0,752.0,18.21,1943-12-06,1952-05-31,한국농어촌공사_농업기반시설제원_저수지_2023.csv,충남,천안,천안시
4413010075,풍년,충청남도 천안시 서북구 입장면 시장리,292.0,1264.26,1172.45,683.0,30.8,1953-12-30,1957-12-30,한국농어촌공사_농업기반시설제원_저수지_2023.csv,충남,천안,천안시
4415010037,기산,충청남도 공주시 계룡면 기산리,139.7,648.23,642.68,303.0,12.1,1976-07-22,1978-12-30,한국농어촌공사_농업기반시설제원_저수지_2023.csv,충남,공주,공주시
4415010042,계룡,충청남도 공주시 계룡면 하대리,450.2,4717.1,4716.8,1574.0,71.68,1954-02-10,1964-12-31,한국농어촌공사_농업기반시설제원_저수지_2023.csv,충남,공주,공주시
4415010045,경천(양화),충청남도 공주시 계룡면 양화리,296.6,2029.71,2028.3,800.0,39.7,1963-01-10,1967-12-30,한국농어촌공사_농업기반시설제원_저수지_2023.csv,충남,공주,공주시
4415010062,월곡,충청남도 공주시 의당면 월곡리,35.5,175.24,175.24,253.0,4.9,1989-02-10,1989-12-30,한국농어촌공사_농업기반시설제원_저수지_2023.csv,충남,공주,공주시
4415010063,유계,충청남도 공주시 의당면 유계리,95.0,760.83,747.74,190.0,8.1,1982-09-09,1989-12-30,한국농어촌공사_농업기반시설제원_저수지_2023.csv,충남,공주,공주시
4415010066,중흥,충청남도 공주시 의당면 중흥리,275.0,2777.0,2679.6,920.0,33.5,1986-08-15,1999-04-17,한국농어촌공사_농업기반시설제원_저수지_2023.csv,충남,공주,공주시
4415010067,요룡,충청남도 공주시 의당면 요룡리,105.7,1495.31,1363.99,430.0,13.0,1982-02-08,1989-12-30,한국농어촌공사_농업기반시설제원_저수지_2023.csv,충남,공주,공주시
4415010070,평정,충청남도 공주시 정안면 평정리,83.4,565.59,557.61,294.0,6.6,1990-01-01,1997-01-01,한국농어촌공사_농업기반시설제원_저수지_2023.csv,충남,공주,공주시
4415010071,정안,충청남도 공주시 정안면 고성리,187.2,2460.87,2460.1,676.0,27.8,1968-11-01,1976-12-31,한국농어촌공사_농업기반시설제원_저수지_2023.csv,충남,공주,공주시
4415010080,영천(한천),충청남도 공주시 우성면 내산리,282.8,2585.0,2530.0,722.0,24.4,1957-01-08,1961-12-31,한국농어촌공사_농업기반시설제원_저수지_2023.csv,충남,공주,공주시
4415010083,우목,충청남도 공주시 우성면 용봉리,321.3,1452.69,1430.09,1750.0,25.7,1982-02-23,1988-12-30,한국농어촌공사_농업기반시설제원_저수지_2023.csv,충남,공주,공주시
4415010094,봉명,충청남도 공주시 계룡면 봉명리,15.4,17.62,17.62,50.0,0.75,1996-04-01,1997-12-31,한국농어촌공사_농업기반시설제원_저수지_2023.csv,충남,공주,공주시
4418010005,평리,충청남도 보령시 웅천읍 평리,26.4,189.1,187.0,141.0,2.92,1992-10-01,1998-12-31,한국농어촌공사_농업기반시설제원_저수지_2023.csv,충남,보령,보령시
4418010006,구,충청남도 보령시 웅천읍 수부리,16.8,45.0,43.0,109.0,1.1,1945-01-01,1946-12-31,한국농어촌공사_농업기반시설제원_저수지_2023.csv,충남,보령,보령시
4418010007,수부,충청남도 보령시 웅천읍 수부리,97.7,334.3,317.0,218.0,10.45,1957-01-01,1959-01-01,한국농어촌공사_농업기반시설제원_저수지_2023.csv,충남,보령,보령시
4418010014,구수,충청남도 보령시 주포면 마강리,80.0,230.1,228.0,169.0,10.4,1941-01-01,1942-12-31,한국농어촌공사_농업기반시설제원_저수지_2023.csv,충남,보령,보령시
4418010019,수지,충청남도 보령시 주포면 연지리,51.1,168.9,160.0,114.0,6.3,1945-01-01,1946-12-31,한국농어촌공사_농업기반시설제원_저수지_2023.csv,충남,보령,보령시
4418010040,진죽,충청남도 보령시 청소면 진죽리,101.3,688.0,654.0,557.0,45.0,1945-04-05,1946-12-31,한국농어촌공사_농업기반시설제원_저수지_2023.csv,충남,보령,보령시
4418010041,신송,충청남도 보령시 청소면 신송리,40.7,122.5,122.5,36.0,6.4,1959-01-01,1960-12-30,한국농어촌공사_농업기반시설제원_저수지_2023.csv,충남,보령,보령시
4418010042,죽림,충청남도 보령시 청소면 죽림리,43.0,177.1,168.0,163.0,4.3,1946-04-10,1947-12-31,한국농어촌공사_농업기반시설제원_저수지_2023.csv,충남,보령,보령시
4418010045,성연,충청남도 보령시 청소면 성연리,275.7,1788.9,1788.9,750.0,25.3,1972-01-01,1977-01-01,한국농어촌공사_농업기반시설제원_저수지_2023.csv,충남,보령,보령시
4418010046,야현,충청남도 보령시 청소면 야현리,3.3,14.0,14.0,52.0,0.7,1945-01-01,1946-12-31,한국농어촌공사_농업기반시설제원_저수지_2023.csv,충남,보령,보령시
4418010047,장곡,충청남도 보령시 청소면 장곡리,17.3,58.4,50.0,360.0,4.7,1945-05-09,1946-12-31,한국농어촌공사_농업기반시설제원_저수지_2023.csv,충남,보령,보령시
4418010048,월티,충청남도 보령시 청라면 나원리,98.2,522.0,496.0,344.0,8.69,1960-03-03,1961-12-31,한국농어촌공사_농업기반시설제원_저수지_2023.csv,충남,보령,보령시
4418010051,의평,충청남도 보령시 청라면 의평리,25.9,168.2,160.0,165.0,3.54,1961-03-01,1961-12-31,한국농어촌공사_농업기반시설제원_저수지_2023.csv,충남,보령,보령시
4418010052,청천,충청남도 보령시 죽정동,2638.0,20800.0,20753.1,7010.0,265.0,1952-01-01,1962-12-31,한국농어촌공사_농업기반시설제원_저수지_2023.csv,충남,보령,보령시
4418010058,옥계,충청남도 보령시 청라면 옥계리,115.0,903.7,828.7,220.0,10.4,1990-11-21,1996-12-31,한국농어촌공사_농업기반시설제원_저수지_2023.csv,충남,보령,보령시
4418010060,황룡,충청남도 보령시 청라면 장현리,52.0,284.5,266.5,135.0,3.5,1990-11-21,1996-12-31,한국농어촌공사_농업기반시설제원_저수지_2023.csv,충남,보령,보령시
4418010061,장전,충청남도 보령시 청라면 장현리,134.6,744.2,707.0,436.0,10.99,1957-01-01,1961-12-31,한국농어촌공사_농업기반시설제원_저수지_2023.csv,충남,보령,보령시
4418010066,대야,충청남도 보령시 남포면 제석리,5.0,16.0,16.0,10.0,1.2,1945-01-01,1946-12-31,한국농어촌공사_농업기반시설제원_저수지_2023.csv,충남,보령,보령시
4418010069,옥서,충청남도 보령시 남포면 옥서리,225.8,1419.6,1350.0,800.0,28.87,1956-01-01,1961-01-01,한국농어촌공사_농업기반시설제원_저수지_2023.csv,충남,보령,보령시
4418010070,신흥2,충청남도 보령시 남포면 신흥리,5.0,0.8,0.8,60.0,1.02,1946-01-01,1947-12-31,한국농어촌공사_농업기반시설제원_저수지_2023.csv,충남,보령,보령시
4418010071,신흥1,충청남도 보령시 남포면 신흥리,6.0,10.8,10.0,70.0,2.3,1954-01-01,1955-12-30,한국농어촌공사_농업기반시설제원_저수지_2023.csv,충남,보령,보령시
4418010073,양기1,충청남도 보령시 남포면 양기리,25.0,70.4,67.0,85.0,2.56,1960-10-17,1961-12-29,한국농어촌공사_농업기반시설제원_저수지_2023.csv,충남,보령,보령시
4418010078,용제,충청남도 보령시 주산면 야룡리,50.1,205.0,195.0,188.0,8.8,1945-01-01,1947-12-30,한국농어촌공사_농업기반시설제원_저수지_2023.csv,충남,보령,보령시
4418010082,신구,충청남도 보령시 주산면 신구리,74.7,411.4,404.4,257.0,9.73,1956-04-04,1957-12-17,한국농어촌공사_농업기반시설제원_저수지_2023.csv,충남,보령,보령시
4418010084,유곡,충청남도 보령시 주산면 유곡리,17.9,109.5,109.5,108.0,4.6,1945-01-02,1948-12-30,한국농어촌공사_농업기반시설제원_저수지_2023.csv,충남,보령,보령시
4418010090,삼곡2,충청남도 보령시 주산면 삼곡리,20.0,6.1,6.1,27.0,0.7,1945-01-01,1948-01-01,한국농어촌공사_농업기반시설제원_저수지_2023.csv,충남,보령,보령시
4418010091,삼곡1,충청남도 보령시 주산면 삼곡리,25.8,7.8,7.8,61.0,0.7,1949-01-01,1952-12-30,한국농어촌공사_농업기반시설제원_저수지_2023.csv,충남,보령,보령시
4418010105,은포,충청남도 보령시 주교면 은포리,13.3,64.1,64.1,191.0,4.8,1946-07-26,1947-12-30,한국농어촌공사_농업기반시설제원_저수지_2023.csv,충남,보령,보령시
4418010106,해창,충청남도 보령시 주교면 관창리,60.0,96.0,96.0,19.0,4.6,1946-03-05,1947-12-30,한국농어촌공사_농업기반시설제원_저수지_2023.csv,충남,보령,보령시
4418010107,내현,충청남도 보령시 청라면 내현리,130.4,834.2,758.4,260.0,13.29,2000-11-27,2005-12-20,한국농어촌공사_농업기반시설제원_저수지_2023.csv,충남,보령,보령시
4420010001,마산,충청남도 아산시 득산동,149.1,2559.8,2559.8,1776.0,91.2,1926-01-01,1928-03-31,한국농어촌공사_농업기반시설제원_저수지_2023.csv,충남,아산,아산시
4420010006,가혜,충청남도 아산시 염치읍 석두리,592.8,3501.6,3493.7,1588.0,81.3,1946-01-01,1950-03-30,한국농어촌공사_농업기반시설제원_저수지_2023.csv,충남,아산,아산시
4420010010,궁평,충청남도 아산시 송악면 동화리,1108.0,6717.3,6716.6,4333.0,111.7,1952-11-15,1961-12-30,한국농어촌공사_농업기반시설제원_저수지_2023.csv,충남,아산,아산시
4420010011,수철,충청남도 아산시 배방읍 수철리,106.0,353.9,353.1,442.0,8.1,1976-12-02,1978-11-30,한국농어촌공사_농업기반시설제원_저수지_2023.csv,충남,아산,아산시
4420010026,동천,충청남도 아산시 음봉면 신수리,18.0,90.9,90.3,107.0,3.2,1957-05-20,1960-12-31,한국농어촌공사_농업기반시설제원_저수지_2023.csv,충남,아산,아산시
4420010027,신정,충청남도 아산시 음봉면 신정리,31.0,133.7,132.2,80.0,6.1,1957-05-20,1960-12-30,한국농어촌공사_농업기반시설제원_저수지_2023.csv,충남,아산,아산시
4420010029,신휴,충청남도 아산시 음봉면 신휴리,218.4,1095.7,1090.4,842.0,53.0,1944-11-01,1954-03-31,한국농어촌공사_농업기반시설제원_저수지_2023.csv,충남,아산,아산시
4420010031,월랑,충청남도 아산시 음봉면 월랑리,135.0,528.4,523.5,421.0,21.9,1957-05-20,1960-12-31,한국농어촌공사_농업기반시설제원_저수지_2023.csv,충남,아산,아산시
4420010032,동암,충청남도 아산시 음봉면 송촌리,63.0,387.0,387.0,234.0,12.0,1957-05-20,1960-12-31,한국농어촌공사_농업기반시설제원_저수지_2023.csv,충남,아산,아산시
4420010033,봉재,충청남도 아산시 둔포면 봉재리,389.0,1338.8,1337.8,793.0,46.2,1942-12-01,1944-03-25,한국농어촌공사_농업기반시설제원_저수지_2023.csv,충남,아산,아산시
4420010036,상성,충청남도 아산시 영인면 아산리,253.0,1111.5,1111.5,481.0,34.8,1955-01-01,1958-06-30,한국농어촌공사_농업기반시설제원_저수지_2023.csv,충남,아산,아산시
4420010038,신봉,충청남도 아산시 영인면 신봉리,55.9,161.0,158.2,228.0,8.4,1956-01-01,1958-12-31,한국농어촌공사_농업기반시설제원_저수지_2023.csv,충남,아산,아산시
4420010039,성내,충청남도 아산시 영인면 성내리,334.3,1320.8,1032.8,640.0,42.0,1952-01-01,1958-12-31,한국농어촌공사_농업기반시설제원_저수지_2023.csv,충남,아산,아산시
4420010040,문방,충청남도 아산시 인주면 문방리,61.0,200.8,197.5,228.0,16.6,1952-01-01,1952-05-30,한국농어촌공사_농업기반시설제원_저수지_2023.csv,충남,아산,아산시
4420010041,냉정,충청남도 아산시 인주면 신성리,326.0,940.1,940.1,535.0,25.8,1940-01-01,1941-03-31,한국농어촌공사_농업기반시설제원_저수지_2023.csv,충남,아산,아산시
4420010042,죽산,충청남도 아산시 선장면 선창리,128.0,621.3,615.0,143.0,23.8,1942-01-01,1942-12-26,한국농어촌공사_농업기반시설제원_저수지_2023.csv,충남,아산,아산시
4420010045,도고,충청남도 아산시 도고면 신유리,840.9,4294.0,4277.7,2097.0,97.4,1928-01-01,1929-11-30,한국농어촌공사_농업기반시설제원_저수지_2023.csv,충남,아산,아산시
4420010048,신창,충청남도 아산시 신창면 오목리,97.0,771.0,771.0,480.0,34.4,1950-01-01,1954-03-31,한국농어촌공사_농업기반시설제원_저수지_2023.csv,충남,아산,아산시
4421010002,잠홍,충청남도 서산시 잠홍동,363.4,1509.0,1485.0,1129.0,69.12,1951-11-05,1958-12-31,한국농어촌공사_농업기반시설제원_저수지_2023.csv,충남,서산.태안,서산시
4421010005,대산,충청남도 서산시 대산읍 대로리,101.9,491.0,408.0,335.0,14.76,1976-01-01,1978-01-01,한국농어촌공사_농업기반시설제원_저수지_2023.csv,충남,서산.태안,서산시
4421010014,모월,충청남도 서산시 양대동,108.8,601.0,601.0,262.0,31.45,1978-01-01,1982-01-01,한국농어촌공사_농업기반시설제원_저수지_2023.csv,충남,서산.태안,서산시
4421010017,풍전,충청남도 서산시 인지면 풍전리,655.1,2622.8,2621.2,1110.0,70.25,1942-01-21,1944-12-29,한국농어촌공사_농업기반시설제원_저수지_2023.csv,충남,서산.태안,서산시
4421010018,강수,충청남도 서산시 부석면 강수리,37.0,96.0,96.0,140.0,4.29,1957-04-08,1957-12-08,한국농어촌공사_농업기반시설제원_저수지_2023.csv,충남,서산.태안,서산시
4421010028,마룡,충청남도 서산시 부석면 마룡리,39.8,350.1,345.7,114.0,19.95,1955-01-01,1961-01-01,한국농어촌공사_농업기반시설제원_저수지_2023.csv,충남,서산.태안,서산시
4421010036,중왕,충청남도 서산시 지곡면 중왕리,203.8,1138.0,1120.0,910.0,51.05,1986-09-04,1996-12-01,한국농어촌공사_농업기반시설제원_저수지_2023.csv,충남,서산.태안,서산시
4421010037,지곡,충청남도 서산시 지곡면 도성리,44.6,306.63,306.63,135.0,15.15,1946-08-30,1954-07-01,한국농어촌공사_농업기반시설제원_저수지_2023.csv,충남,서산.태안,서산시
4421010039,고남,충청남도 서산시 성연면 고남리,92.6,1072.6,1072.5,430.0,20.37,1965-01-01,1968-01-01,한국농어촌공사_농업기반시설제원_저수지_2023.csv,충남,서산.태안,서산시
4421010042,성암,충청남도 서산시 음암면 부장리,624.1,3157.21,3073.7,1936.0,104.16,1963-07-29,1966-12-31,한국농어촌공사_농업기반시설제원_저수지_2023.csv,충남,서산.태안,서산시
4421010043,신창,충청남도 서산시 운산면 신창리,189.1,1835.4,1786.6,440.0,18.73,1976-04-01,1978-06-01,한국농어촌공사_농업기반시설제원_저수지_2023.csv,충남,서산.태안,서산시
4421010044,용현,충청남도 서산시 운산면 용현리,33.2,357.3,357.3,123.0,6.5,1973-04-01,1974-06-01,한국농어촌공사_농업기반시설제원_저수지_2023.csv,충남,서산.태안,서산시
4421010045,고풍,충청남도 서산시 운산면 고풍리,1293.8,8360.0,7821.8,2590.0,62.35,1967-04-05,1975-12-31,한국농어촌공사_농업기반시설제원_저수지_2023.csv,충남,서산.태안,서산시
4421010052,산수,충청남도 서산시 해미면 산수리,638.9,3445.37,3315.8,1706.0,43.6,1953-03-04,1962-12-31,한국농어촌공사_농업기반시설제원_저수지_2023.csv,충남,서산.태안,서산시
4421010053,황락,충청남도 서산시 해미면 황락리,77.1,1038.5,1038.5,420.0,10.87,1985-09-30,1991-11-30,한국농어촌공사_농업기반시설제원_저수지_2023.csv,충남,서산.태안,서산시
4421010054,신송,충청남도 서산시 고북면 신송리,406.8,3220.2,3220.2,680.0,47.5,1978-11-10,1984-12-31,한국농어촌공사_농업기반시설제원_저수지_2023.csv,충남,서산.태안,서산시
4423010001,소룡,충청남도 논산시 연무읍 소룡리,28.0,88.1,84.79,70.0,1.5,1961-01-01,1963-12-30,한국농어촌공사_농업기반시설제원_저수지_2023.csv,충남,논산,논산시
4423010002,양지,충청남도 논산시 연무읍 양지리,8.0,9.6,9.5,50.0,0.48,1965-01-01,1966-12-30,한국농어촌공사_농업기반시설제원_저수지_2023.csv,충남,논산,논산시
4423010005,고내,충청남도 논산시 연무읍 고내리,77.0,235.06,230.21,199.0,6.9,1956-01-01,1956-03-28,한국농어촌공사_농업기반시설제원_저수지_2023.csv,충남,논산,논산시
4423010007,고합,충청남도 논산시 연무읍 황화정리,63.6,276.59,272.95,152.0,5.3,1957-01-01,1957-12-30,한국농어촌공사_농업기반시설제원_저수지_2023.csv,충남,논산,논산시
4423010010,안심,충청남도 논산시 연무읍 안심리,4.7,10.05,10.03,40.0,2.21,1911-01-01,1913-12-30,한국농어촌공사_농업기반시설제원_저수지_2023.csv,충남,논산,논산시
4423010018,소곡,충청남도 논산시 노성면 송당리,18.4,34.5,26.9,120.0,2.7,1953-01-01,1957-12-30,한국농어촌공사_농업기반시설제원_저수지_2023.csv,충남,논산,논산시
4423010020,월명,충청남도 논산시 노성면 송당리,24.6,42.0,36.6,66.7,2.01,1953-03-20,1957-03-20,한국농어촌공사_농업기반시설제원_저수지_2023.csv,충남,논산,논산시
4423010022,가곡,충청남도 논산시 노성면 병사리,207.7,726.03,695.12,500.0,26.4,1953-01-01,1955-12-30,한국농어촌공사_농업기반시설제원_저수지_2023.csv,충남,논산,논산시
4423010030,지경,충청남도 논산시 상월면 지경리,11.0,17.2,15.0,50.0,2.5,1945-01-01,1945-12-31,한국농어촌공사_농업기반시설제원_저수지_2023.csv,충남,논산,논산시
4423010031,석종,충청남도 논산시 상월면 석종리,9.0,19.4,18.17,39.0,1.3,1940-01-01,1940-12-30,한국농어촌공사_농업기반시설제원_저수지_2023.csv,충남,논산,논산시
4423010037,띠울,충청남도 논산시 상월면 대명리,3.9,6.26,6.22,40.0,0.6,1940-01-01,1940-12-30,한국농어촌공사_농업기반시설제원_저수지_2023.csv,충남,논산,논산시
4423010041,한천,충청남도 논산시 상월면 한천리,7.0,1.39,1.39,50.0,0.5,1945-01-01,1945-12-31,한국농어촌공사_농업기반시설제원_저수지_2023.csv,충남,논산,논산시
4423010042,수정골,충청남도 논산시 상월면 숙진리,5.0,10.6,10.3,80.0,3.0,1945-01-01,1945-12-10,한국농어촌공사_농업기반시설제원_저수지_2023.csv,충남,논산,논산시
4423010043,도정골,충청남도 논산시 상월면 숙진리,5.0,2.23,2.0,15.0,0.78,1945-01-01,1945-12-30,한국농어촌공사_농업기반시설제원_저수지_2023.csv,충남,논산,논산시
4423010045,탑정,충청남도 논산시 가야곡면 종연리,5713.3,34983.0,34940.0,21880.0,662.0,1941-03-13,1944-08-31,한국농어촌공사_농업기반시설제원_저수지_2023.csv,충남,논산,논산시
4423010046,아곡,충청남도 논산시 부적면 신교리,44.6,151.09,137.86,50.0,7.0,1910-01-03,1910-12-30,한국농어촌공사_농업기반시설제원_저수지_2023.csv,충남,논산,논산시
4423010047,평촌,충청남도 논산시 부적면 반송리,10.0,19.0,15.0,15.0,1.5,1910-08-20,1911-03-22,한국농어촌공사_농업기반시설제원_저수지_2023.csv,충남,논산,논산시
4423010055,양동,충청남도 논산시 연산면 신양리,3.0,0.94,0.9,3.0,0.15,1945-01-01,1945-12-30,한국농어촌공사_농업기반시설제원_저수지_2023.csv,충남,논산,논산시
4423010067,임화,충청남도 논산시 양촌면 임화리,41.2,494.49,480.02,191.0,8.2,1976-01-01,1979-12-30,한국농어촌공사_농업기반시설제원_저수지_2023.csv,충남,논산,논산시
4423010073,서당,충청남도 논산시 양촌면 반곡리,12.0,16.85,12.62,19.0,1.0,1945-01-01,1945-12-30,한국농어촌공사_농업기반시설제원_저수지_2023.csv,충남,논산,논산시
4423010080,강청,충청남도 논산시 가야곡면 강청리,70.1,323.0,234.39,178.0,6.73,1975-12-01,1976-12-30,한국농어촌공사_농업기반시설제원_저수지_2023.csv,충남,논산,논산시
4423010081,국동,충청남도 논산시 가야곡면 함적리,8.7,11.57,10.36,43.0,0.8,1945-01-01,1946-12-30,한국농어촌공사_농업기반시설제원_저수지_2023.csv,충남,논산,논산시
4423010085,유와골,충청남도 논산시 은진면 용산리,14.1,8.27,7.78,35.0,0.7,1957-01-01,1961-12-30,한국농어촌공사_농업기반시설제원_저수지_2023.csv,충남,논산,논산시
4423010086,성덕,충청남도 논산시 은진면 성덕리,4.0,1.89,1.67,15.0,0.3,1935-01-01,1935-12-31,한국농어촌공사_농업기반시설제원_저수지_2023.csv,충남,논산,논산시
4423010087,수락,충청남도 논산시 벌곡면 수락리,192.0,921.07,856.31,621.0,12.3,2000-01-03,2002-12-31,한국농어촌공사_농업기반시설제원_저수지_2023.csv,충남,논산,논산시
4471010014,화림,충청남도 금산군 금성면 상가리,95.3,389.68,389.68,466.0,10.28,1950-04-20,1956-12-28,한국농어촌공사_농업기반시설제원_저수지_2023.csv,충남,세종.대전.금산,금산군
4471010057,홍도,충청남도 금산군 남일면 신정리,30.0,55.3,55.3,230.0,1.56,1971-10-01,1974-01-01,한국농어촌공사_농업기반시설제원_저수지_2023.csv,충남,세종.대전.금산,금산군
4471010058,신동,충청남도 금산군 남일면 신동리,59.7,1887.37,1880.86,670.0,19.5,1956-01-01,1961-01-01,한국농어촌공사_농업기반시설제원_저수지_2023.csv,충남,세종.대전.금산,금산군
4471010071,청림,충청남도 금산군 진산면 행정리,85.3,690.5,679.2,480.0,9.83,1967-01-01,1970-01-01,한국농어촌공사_농업기반시설제원_저수지_2023.csv,충남,세종.대전.금산,금산군
4471010082,지동,충청남도 금산군 추부면 용지리,58.9,164.0,164.0,280.0,7.3,1952-03-20,1958-01-01,한국농어촌공사_농업기반시설제원_저수지_2023.csv,충남,세종.대전.금산,금산군
4471010087,장산,충청남도 금산군 추부면 요광리,16.4,222.0,220.0,186.0,6.2,1952-03-20,1958-01-01,한국농어촌공사_농업기반시설제원_저수지_2023.csv,충남,세종.대전.금산,금산군
4471010088,동곡,충청남도 금산군 제원면 동곡리,123.7,848.2,826.4,450.0,9.1,1997-12-04,2002-12-31,한국농어촌공사_농업기반시설제원_저수지_2023.csv,충남,세종.대전.금산,금산군
4471010089,숭암,충청남도 금산군 추부면 장대리,95.4,437.5,414.3,358.0,10.4,1952-12-26,1958-01-01,한국농어촌공사_농업기반시설제원_저수지_2023.csv,충남,세종.대전.금산,금산군
4471010090,석동,충청남도 금산군 남이면 석동리,150.7,992.6,927.6,322.6,9.63,1998-12-24,2005-12-26,한국농어촌공사_농업기반시설제원_저수지_2023.csv,충남,세종.대전.금산,금산군
4476010006,반산,충청남도 부여군 규암면 합송리,765.1,5692.0,5652.0,1740.0,125.0,1946-06-01,1956-06-30,한국농어촌공사_농업기반시설제원_저수지_2023.csv,충남,부여,부여군
4476010042,상천,충청남도 부여군 홍산면 상천리,182.9,684.0,615.0,353.0,11.0,1942-01-01,1943-12-01,한국농어촌공사_농업기반시설제원_저수지_2023.csv,충남,부여,부여군
4476010046,옥산,충청남도 부여군 옥산면 안서리,481.6,2682.0,2413.0,1700.0,73.0,1929-04-01,1930-09-01,한국농어촌공사_농업기반시설제원_저수지_2023.csv,충남,부여,부여군
4476010060,복심,충청남도 부여군 충화면 만지리,479.0,4711.0,4706.4,1761.0,96.1,1929-04-01,1930-09-01,한국농어촌공사_농업기반시설제원_저수지_2023.csv,충남,부여,부여군
4476010069,덕용,충청남도 부여군 양화면 송정리,1071.0,5660.9,5660.9,1580.0,86.4,1943-12-06,1955-05-31,한국농어촌공사_농업기반시설제원_저수지_2023.csv,충남,서천,부여군
4476010076,가신,충청남도 부여군 임천면 가신리,62.3,433.0,426.0,200.0,13.0,1940-11-01,1941-12-01,한국농어촌공사_농업기반시설제원_저수지_2023.csv,충남,부여,부여군
4476010084,두곡,충청남도 부여군 임천면 두곡리,21.7,111.0,100.03,92.0,3.4,1943-01-01,1944-12-01,한국농어촌공사_농업기반시설제원_저수지_2023.csv,충남,부여,부여군
4476010094,마하동,충청남도 부여군 세도면 귀덕리,36.4,136.52,129.0,65.0,5.9,1944-01-01,1945-05-31,한국농어촌공사_농업기반시설제원_저수지_2023.csv,충남,부여,부여군
4476010095,삼산,충청남도 부여군 외산면 삼산리,80.0,546.2,543.2,180.0,5.18,2001-12-17,2009-12-30,한국농어촌공사_농업기반시설제원_저수지_2023.csv,충남,부여,부여군
4476010096,화성,충청남도 부여군 외산면 화성리,80.2,724.4,720.9,205.0,8.58,2001-12-17,2009-12-30,한국농어촌공사_농업기반시설제원_저수지_2023.csv,충남,부여,부여군
4476010243,초촌,충청남도 부여군 초촌면 세탑리,0.0,1034.0,942.0,238.8,103.5,2017-05-15,2021-12-15,한국농어촌공사_농업기반시설제원_저수지_2023.csv,충남,부여,부여군
4477010004,축동,충청남도 서천군 한산면 축동리,370.0,1707.0,1490.8,752.0,82.4,1945-09-01,1955-05-31,한국농어촌공사_농업기반시설제원_저수지_2023.csv,충남,서천,서천군
4477010006,동부,충청남도 서천군 마산면 이사리,2477.0,12182.0,10733.8,2834.0,244.08,1923-11-17,1926-06-10,한국농어촌공사_농업기반시설제원_저수지_2023.csv,충남,서천,서천군
4477010007,문산,충청남도 서천군 문산면 신농리,261.0,973.2,973.19,960.0,36.7,1957-12-15,1964-12-04,한국농어촌공사_농업기반시설제원_저수지_2023.csv,충남,서천,서천군
4477010010,종천,충청남도 서천군 종천면 신검리,385.0,3381.0,3353.14,1200.0,50.1,1956-10-21,1962-05-31,한국농어촌공사_농업기반시설제원_저수지_2023.csv,충남,서천,서천군
4477010011,서부,충청남도 서천군 종천면 석촌리,1627.0,8018.3,7989.0,3039.0,124.8,1923-11-17,1926-06-10,한국농어촌공사_농업기반시설제원_저수지_2023.csv,충남,서천,서천군
4477010015,안치,충청남도 서천군 비인면 성북리,53.0,167.09,167.04,110.0,4.23,1943-09-04,1945-09-20,한국농어촌공사_농업기반시설제원_저수지_2023.csv,충남,서천,서천군
4477010020,주항,충청남도 서천군 서면 월리,163.0,744.0,690.69,367.0,32.2,1946-11-01,1958-08-28,한국농어촌공사_농업기반시설제원_저수지_2023.csv,충남,서천,서천군
4479010002,적누,충청남도 청양군 청양읍 적누리,164.3,2625.9,2610.8,452.0,23.15,1985-08-12,1997-12-31,한국농어촌공사_농업기반시설제원_저수지_2023.csv,충남,청양,청양군
4479010014,모곡,충청남도 청양군 운곡면 모곡리,13.0,7.5,7.5,58.0,1.5,1977-01-01,1978-12-31,한국농어촌공사_농업기반시설제원_저수지_2023.csv,충남,청양,청양군
4479010015,신대(운곡),충청남도 청양군 운곡면 신대리,191.0,2989.5,2929.5,962.0,27.68,1975-11-17,1977-12-20,한국농어촌공사_농업기반시설제원_저수지_2023.csv,충남,청양,청양군
4479010033,천장,충청남도 청양군 정산면 천장리,551.0,2882.0,2877.5,1270.0,24.14,1972-12-14,1978-12-31,한국농어촌공사_농업기반시설제원_저수지_2023.csv,충남,청양,청양군
4479010038,내지곡,충청남도 청양군 목면 지곡리,17.9,3.22,3.22,32.0,1.2,1943-01-01,1945-12-31,한국농어촌공사_농업기반시설제원_저수지_2023.csv,충남,청양,청양군
4479010041,아산,충청남도 청양군 청남면 아산리,20.0,9.0,8.6,29.0,2.0,1943-01-01,1945-12-31,한국농어촌공사_농업기반시설제원_저수지_2023.csv,충남,청양,청양군
4479010044,도림,충청남도 청양군 장평면 적곡리,482.0,3829.0,3776.0,650.0,26.27,1987-12-01,2001-12-15,한국농어촌공사_농업기반시설제원_저수지_2023.csv,충남,청양,청양군
4479010046,관현(갓고개),충청남도 청양군 장평면 관현리,20.0,4.31,4.31,78.0,1.1,1943-01-01,1945-12-31,한국농어촌공사_농업기반시설제원_저수지_2023.csv,충남,청양,청양군
4479010061,화암,충청남도 청양군 화성면 화암리,69.0,414.0,400.5,170.0,6.7,1943-11-11,1945-03-30,한국농어촌공사_농업기반시설제원_저수지_2023.csv,충남,청양,청양군
4479010063,신리,충청남도 청양군 화성면 수정리,32.0,158.5,158.5,68.0,1.99,1944-01-01,1945-03-31,한국농어촌공사_농업기반시설제원_저수지_2023.csv,충남,청양,청양군
4479010065,수정,충청남도 청양군 화성면 수정리,53.0,337.4,336.6,106.0,4.8,1989-01-01,1994-12-31,한국농어촌공사_농업기반시설제원_저수지_2023.csv,충남,청양,청양군
4479010067,원당1,충청남도 청양군 화성면 용당리,9.6,13.8,13.8,25.0,1.1,1963-01-01,1965-12-31,한국농어촌공사_농업기반시설제원_저수지_2023.csv,충남,청양,청양군
4479010070,매산,충청남도 청양군 화성면 매산리,101.9,555.0,554.4,345.0,8.96,1976-12-01,1979-09-28,한국농어촌공사_농업기반시설제원_저수지_2023.csv,충남,청양,청양군
4479010075,사점,충청남도 청양군 비봉면 사점리,99.9,296.9,296.9,206.7,6.0,1944-01-03,1945-03-30,한국농어촌공사_농업기반시설제원_저수지_2023.csv,충남,청양,청양군
4479010076,관산2,충청남도 청양군 비봉면 관산리,12.0,28.7,28.7,143.0,2.0,1975-01-01,1977-12-31,한국농어촌공사_농업기반시설제원_저수지_2023.csv,충남,청양,청양군
4479010077,관산,충청남도 청양군 비봉면 관산리,156.0,1169.9,1169.6,250.0,11.27,1985-08-12,1997-12-31,한국농어촌공사_농업기반시설제원_저수지_2023.csv,충남,청양,청양군
4479010079,갈망골,충청남도 청양군 비봉면 강정리,28.0,189.0,155.0,55.0,3.6,2000-12-19,2004-12-20,한국농어촌공사_농업기반시설제원_저수지_2023.csv,충남,청양,청양군
4479010080,안골,충청남도 청양군 비봉면 강정리,15.0,15.2,14.9,35.0,1.2,1962-01-01,1964-12-31,한국농어촌공사_농업기반시설제원_저수지_2023.csv,충남,청양,청양군
4479010083,용천,충청남도 청양군 비봉면 용천리,36.1,156.4,150.0,102.0,4.58,1956-01-01,1958-12-31,한국농어촌공사_농업기반시설제원_저수지_2023.csv,충남,청양,청양군
4479010084,방한,충청남도 청양군 비봉면 방한리,70.0,140.4,118.9,100.0,2.71,1956-01-02,1958-12-31,한국농어촌공사_농업기반시설제원_저수지_2023.csv,충남,청양,청양군
4479010085,신정,충청남도 청양군 화성면 신정리,26.6,48.8,48.8,75.0,1.36,1970-01-01,1971-12-31,한국농어촌공사_농업기반시설제원_저수지_2023.csv,충남,청양,청양군
4479010086,원용두,충청남도 청양군 정산면 용두리,22.0,14.6,14.6,174.0,1.24,1954-01-01,1955-12-31,한국농어촌공사_농업기반시설제원_저수지_2023.csv,충남,청양,청양군
4479010087,은곡,충청남도 청양군 장평면 적곡리,125.0,921.9,866.5,168.0,10.52,1987-12-01,2001-12-31,한국농어촌공사_농업기반시설제원_저수지_2023.csv,충남,청양,청양군
4479010088,장재,충청남도 청양군 비봉면 장재리,11.3,12.1,12.1,29.0,1.5,1956-01-01,1958-12-31,한국농어촌공사_농업기반시설제원_저수지_2023.csv,충남,청양,청양군
4479010089,대박,충청남도 청양군 정산면 대박리,50.0,347.0,345.0,77.0,4.1,2002-09-10,2005-12-23,한국농어촌공사_농업기반시설제원_저수지_2023.csv,충남,청양,청양군
4479010090,칠갑,충청남도 청양군 대치면 광대리,682.0,5084.5,4760.0,1730.0,58.6,1991-08-12,2013-12-31,한국농어촌공사_농업기반시설제원_저수지_2023.csv,충남,청양,청양군
4479010157,온암,충청남도 청양군 남양면 온암리,0.0,2024.4,1747.0,750.0,25.02,2003-12-17,2017-12-31,한국농어촌공사_농업기반시설제원_저수지_2023.csv,충남,청양,청양군
4479010170,본의,충청남도 청양군 목면 본의리,0.0,1600.0,1390.0,380.0,18.1,2006-12-22,2018-12-20,한국농어촌공사_농업기반시설제원_저수지_2023.csv,충남,청양,청양군
4480010004,벽정,충청남도 홍성군 광천읍 벽계리,57.9,205.0,205.0,210.0,6.36,1941-01-01,1945-01-01,한국농어촌공사_농업기반시설제원_저수지_2023.csv,충남,홍성,홍성군
4480010007,월암,충청남도 홍성군 금마면 봉서리,35.2,323.3,309.2,205.0,7.9,1981-03-07,1992-01-01,한국농어촌공사_농업기반시설제원_저수지_2023.csv,충남,홍성,홍성군
4480010008,홍양,충청남도 홍성군 홍성읍 구룡리,441.5,2057.4,2057.4,2410.0,67.46,1941-01-01,1945-01-01,한국농어촌공사_농업기반시설제원_저수지_2023.csv,충남,홍성,홍성군
4480010011,장곡,충청남도 홍성군 장곡면 화계리,255.4,1121.7,1121.7,1064.0,29.78,1976-01-01,1978-01-01,한국농어촌공사_농업기반시설제원_저수지_2023.csv,충남,홍성,홍성군
4480010012,홍동,충청남도 홍성군 장곡면 지정리,234.5,1063.8,1063.8,1480.0,40.7,1945-01-01,1955-01-01,한국농어촌공사_농업기반시설제원_저수지_2023.csv,충남,홍성,홍성군
4480010039,가곡,충청남도 홍성군 갈산면 가곡리,201.4,1574.7,1542.7,462.0,19.1,1982-01-01,1984-01-01,한국농어촌공사_농업기반시설제원_저수지_2023.csv,충남,홍성,홍성군
4480010042,대사,충청남도 홍성군 갈산면 대사리,162.9,1376.2,1376.2,290.0,16.6,1978-01-01,1984-01-01,한국농어촌공사_농업기반시설제원_저수지_2023.csv,충남,홍성,홍성군
4480010043,공리,충청남도 홍성군 구항면 공리,167.5,1507.2,1463.2,370.0,29.6,1983-01-01,1985-01-01,한국농어촌공사_농업기반시설제원_저수지_2023.csv,충남,홍성,홍성군
4480010044,천태,충청남도 홍성군 장곡면 천태리,246.1,1476.6,1290.0,881.0,35.53,1996-12-27,2005-12-20,한국농어촌공사_농업기반시설제원_저수지_2023.csv,충남,홍성,홍성군
4481010005,수철,충청남도 예산군 예산읍 수철리,201.5,785.0,782.5,490.0,14.1,1930-01-01,1931-08-31,한국농어촌공사_농업기반시설제원_저수지_2023.csv,충남,예산,예산군
4481010006,방산,충청남도 예산군 대술면 방산리,265.6,2065.0,2054.0,690.0,33.2,1976-11-09,1982-11-30,한국농어촌공사_농업기반시설제원_저수지_2023.csv,충남,예산,예산군
4481010007,송석,충청남도 예산군 대술면 송석리,171.4,1429.9,1415.6,560.0,23.5,1976-08-16,1982-11-30,한국농어촌공사_농업기반시설제원_저수지_2023.csv,충남,예산,예산군
4481010012,여래미,충청남도 예산군 신양면 여래미리,138.3,1366.2,1242.0,380.0,14.0,1985-08-10,1990-12-20,한국농어촌공사_농업기반시설제원_저수지_2023.csv,충남,예산,예산군
4481010019,산묵,충청남도 예산군 광시면 대리,98.3,730.1,714.4,220.0,9.3,1979-12-27,1982-12-20,한국농어촌공사_농업기반시설제원_저수지_2023.csv,충남,예산,예산군
4481010020,보강(대리),충청남도 예산군 광시면 대리,71.1,490.0,490.0,160.0,6.1,1979-12-27,1982-12-20,한국농어촌공사_농업기반시설제원_저수지_2023.csv,충남,예산,예산군
4481010021,예당(대흥),충청남도 예산군 응봉면 입침리,6917.4,47103.2,46070.2,37360.0,1088.7,1952-12-29,1964-12-31,한국농어촌공사_농업기반시설제원_저수지_2023.csv,충남,예산,예산군
4481010022,옥계,충청남도 예산군 덕산면 옥계리,296.8,3050.7,3013.7,1182.0,43.2,1952-10-04,1957-06-29,한국농어촌공사_농업기반시설제원_저수지_2023.csv,충남,예산,예산군
4481010023,상가,충청남도 예산군 덕산면 상가리,16.6,348.0,333.1,234.0,4.0,1985-10-10,1992-12-31,한국농어촌공사_농업기반시설제원_저수지_2023.csv,충남,예산,예산군
4481010024,용봉,충청남도 예산군 덕산면 둔리,91.9,521.3,516.7,420.0,16.7,1976-06-05,1978-12-20,한국농어촌공사_농업기반시설제원_저수지_2023.csv,충남,예산,예산군
4481010025,광천,충청남도 예산군 덕산면 광천리,64.7,317.9,317.9,120.0,3.9,1985-01-01,1988-01-01,한국농어촌공사_농업기반시설제원_저수지_2023.csv,충남,홍성,예산군
4481010027,봉림,충청남도 예산군 봉산면 사석리,234.0,2221.0,2217.0,745.0,26.59,1942-05-09,1944-03-28,한국농어촌공사_농업기반시설제원_저수지_2023.csv,충남,예산,예산군
4481010050,하천,충청남도 예산군 신양면 하천리,91.4,810.5,707.0,190.0,11.06,2005-12-13,2012-11-30,한국농어촌공사_농업기반시설제원_저수지_2023.csv,충남,예산,예산군
4482010002,인평,충청남도 태안군 태안읍 인평리,202.9,970.0,890.7,1062.0,43.81,1937-04-10,1938-12-30,한국농어촌공사_농업기반시설제원_저수지_2023.csv,충남,서산.태안,태안군
4482010009,승언1호,충청남도 태안군 안면읍 승언리,42.2,246.3,244.4,176.0,20.95,1954-03-25,1959-12-31,한국농어촌공사_농업기반시설제원_저수지_2023.csv,충남,서산.태안,태안군
4482010010,승언2호,충청남도 태안군 안면읍 승언리,97.9,617.88,617.88,282.8,48.87,1954-03-25,1959-12-31,한국농어촌공사_농업기반시설제원_저수지_2023.csv,충남,서산.태안,태안군
4482010011,승언3호,충청남도 태안군 안면읍 승언리,40.7,229.4,228.4,104.0,16.25,1954-03-25,1959-12-31,한국농어촌공사_농업기반시설제원_저수지_2023.csv,충남,서산.태안,태안군
4482010015,창기,충청남도 태안군 안면읍 창기리,32.9,309.0,265.0,88.4,11.06,1954-03-25,1959-12-31,한국농어촌공사_농업기반시설제원_저수지_2023.csv,충남,서산.태안,태안군
4482010016,미포,충청남도 태안군 안면읍 창기리,166.5,1221.4,946.8,32.7,20.8,1979-01-01,1983-01-01,한국농어촌공사_농업기반시설제원_저수지_2023.csv,충남,서산.태안,태안군
4482010019,신야,충청남도 태안군 안면읍 중장리,73.8,265.0,265.0,20.0,12.4,1978-11-07,1982-12-22,한국농어촌공사_농업기반시설제원_저수지_2023.csv,충남,서산.태안,태안군
4482010021,지포,충청남도 태안군 안면읍 중장리,70.8,269.2,268.7,127.0,18.5,1956-06-25,1960-12-30,한국농어촌공사_농업기반시설제원_저수지_2023.csv,충남,서산.태안,태안군
4482010027,수룡,충청남도 태안군 근흥면 수룡리,268.8,1286.73,1284.98,750.0,50.02,1957-06-27,1960-12-31,한국농어촌공사_농업기반시설제원_저수지_2023.csv,충남,서산.태안,태안군
4482010033,송현,충청남도 태안군 소원면 송현리,88.3,220.9,219.6,258.0,11.2,1978-11-07,1982-12-30,한국농어촌공사_농업기반시설제원_저수지_2023.csv,충남,서산.태안,태안군
4482010034,구들,충청남도 태안군 소원면 의항리,4.1,7.6,7.6,32.0,0.8,1975-01-01,1977-01-01,한국농어촌공사_농업기반시설제원_저수지_2023.csv,충남,서산.태안,태안군
4482010036,반계1호,충청남도 태안군 원북면 이곡리,83.2,446.56,445.04,287.0,24.98,1929-04-10,1930-12-30,한국농어촌공사_농업기반시설제원_저수지_2023.csv,충남,서산.태안,태안군
4482010038,황촌3호,충청남도 태안군 원북면 황촌리,11.5,56.0,56.0,62.0,4.23,1929-04-10,1930-12-30,한국농어촌공사_농업기반시설제원_저수지_2023.csv,충남,서산.태안,태안군
4482010039,신두2호,충청남도 태안군 원북면 신두리,36.8,182.3,181.0,138.0,13.03,1929-04-10,1930-12-30,한국농어촌공사_농업기반시설제원_저수지_2023.csv,충남,서산.태안,태안군
4482010045,사창,충청남도 태안군 이원면 사창리,57.7,446.1,312.8,215.0,15.53,1948-01-01,1952-12-26,한국농어촌공사_농업기반시설제원_저수지_2023.csv,충남,서산.태안,태안군
4482510001,중장,충청남도 태안군 안면읍 중장리,78.3,624.0,513.0,16.0,8.6,1999-12-11,2002-12-10,한국농어촌공사_농업기반시설제원_저수지_2023.csv,충남,서산.태안,태안군
4482510002,대야,충청남도 태안군 고남면 누동리,292.5,2086.1,1883.8,124.8,40.19,1999-03-15,2007-12-31,한국농어촌공사_농업기반시설제원_저수지_2023.csv,충남,서산.태안,태안군
4482510003,장곡,충청남도 태안군 고남면 장곡리,46.7,395.3,364.5,74.0,9.01,1998-12-01,2007-12-31,한국농어촌공사_농업기반시설제원_저수지_2023.csv,충남,서산.태안,태안군
4482510036,모항,충청남도 태안군 소원면 모항리,0.0,1086.0,973.0,67.0,18.3,2010-03-29,2020-12-21,한국농어촌공사_농업기반시설제원_저수지_2023.csv,충남,서산.태안,태안군
4483010007,백미,충청남도 당진시 합덕읍 대전리,28.0,215.0,93.5,220.0,7.6,1935-03-01,1938-12-30,한국농어촌공사_농업기반시설제원_저수지_2023.csv,충남,당진,당진시
4483010008,온동,충청남도 당진시 고대면 당진포리,23.0,86.2,86.2,150.0,9.8,1925-01-01,1933-01-01,한국농어촌공사_농업기반시설제원_저수지_2023.csv,충남,당진,당진시
4483010009,항곡,충청남도 당진시 고대면 항곡리,30.0,94.2,82.0,104.0,4.1,1952-01-17,1955-06-30,한국농어촌공사_농업기반시설제원_저수지_2023.csv,충남,당진,당진시
4483010010,석문,충청남도 당진시 석문면 삼봉리,135.0,975.0,975.0,1750.0,58.9,1963-07-01,1968-06-21,한국농어촌공사_농업기반시설제원_저수지_2023.csv,충남,당진,당진시
4483010035,순성,충청남도 당진시 면천면 원동리,257.0,1428.0,1357.0,850.0,39.7,1953-03-01,1959-12-31,한국농어촌공사_농업기반시설제원_저수지_2023.csv,충남,당진,당진시
4483010043,초대,충청남도 당진시 신평면 초대리,147.0,1080.0,1026.0,470.0,24.1,1971-07-24,1975-12-30,한국농어촌공사_농업기반시설제원_저수지_2023.csv,충남,당진,당진시
4483010044,오봉,충청남도 당진시 신평면 상오리,367.0,875.0,875.0,2020.0,46.2,1921-04-12,1922-05-15,한국농어촌공사_농업기반시설제원_저수지_2023.csv,충남,당진,당진시
4483010047,송악,충청남도 당진시 송악읍 가교리,161.0,488.0,463.0,254.0,10.1,1952-04-01,1958-12-31,한국농어촌공사_농업기반시설제원_저수지_2023.csv,충남,당진,당진시
4483010048,전대,충청남도 당진시 송악읍 전대리,105.0,619.0,587.0,234.0,15.6,1957-02-01,1959-12-31,한국농어촌공사_농업기반시설제원_저수지_2023.csv,충남,당진,당진시
4483010049,당산,충청남도 당진시 송산면 당산리,30.0,37.0,37.0,170.0,5.0,1941-03-03,1944-12-29,한국농어촌공사_농업기반시설제원_저수지_2023.csv,충남,당진,당진시
