date,sigungu,drought_stage_score,avg_reservoir_rate_from_drought,avg_normal_rate,avg_normal_ratio,normal_ratio_deficit_score,avg_rainfall,record_count,reservoir_rate_risk_from_drought,weather_drought_risk_score,weather_drought_level
2022-01-01,계룡시,0,,,,,,1,,0.0,낮음
2022-01-01,공주시,0,,,,,,1,,0.0,낮음
2022-01-01,금산군,0,,,,,,1,,0.0,낮음
2022-01-01,논산시,0,,,,,,1,,0.0,낮음
2022-01-01,당진시,0,,,,,,1,,0.0,낮음
2022-01-01,보령시,0,,,,,,1,,0.0,낮음
2022-01-01,부여군,0,,,,,,1,,0.0,낮음
2022-01-01,서산시,0,,,,,,1,,0.0,낮음
2022-01-01,서천군,0,,,,,,1,,0.0,낮음
2022-01-01,아산시,0,,,,,,1,,0.0,낮음
2022-01-01,예산군,0,,,,,,1,,0.0,낮음
2022-01-01,천안시,0,,,,,,1,,0.0,낮음
2022-01-01,청양군,0,,,,,,1,,0.0,낮음
2022-01-01,태안군,0,,,,,,1,,0.0,낮음
2022-01-01,홍성군,0,,,,,,1,,0.0,낮음
2022-02-01,계룡시,0,,,,,,1,,0.0,낮음
2022-02-01,공주시,0,,,,,,1,,0.0,낮음
2022-02-01,금산군,0,,,,,,1,,0.0,낮음
2022-02-01,논산시,0,,,,,,1,,0.0,낮음
2022-02-01,당진시,0,,,,,,1,,0.0,낮음
2022-02-01,보령시,0,,,,,,1,,0.0,낮음
2022-02-01,부여군,0,,,,,,1,,0.0,낮음
2022-02-01,서산시,0,,,,,,1,,0.0,낮음
2022-02-01,서천군,0,,,,,,1,,0.0,낮음
2022-02-01,아산시,0,,,,,,1,,0.0,낮음
2022-02-01,예산군,0,,,,,,1,,0.0,낮음
2022-02-01,천안시,0,,,,,,1,,0.0,낮음
2022-02-01,청양군,0,,,,,,1,,0.0,낮음
2022-02-01,태안군,0,,,,,,1,,0.0,낮음
2022-02-01,홍성군,0,,,,,,1,,0.0,낮음
2022-03-01,계룡시,0,,,,,,1,,0.0,낮음
2022-03-01,공주시,0,,,,,,1,,0.0,낮음
2022-03-01,금산군,0,,,,,,1,,0.0,낮음
2022-03-01,논산시,0,,,,,,1,,0.0,낮음
2022-03-01,당진시,0,,,,,,1,,0.0,낮음
2022-03-01,보령시,0,,,,,,1,,0.0,낮음
2022-03-01,부여군,0,,,,,,1,,0.0,낮음
2022-03-01,서산시,0,,,,,,1,,0.0,낮음
2022-03-01,서천군,0,,,,,,1,,0.0,낮음
2022-03-01,아산시,0,,,,,,1,,0.0,낮음
2022-03-01,예산군,0,,,,,,1,,0.0,낮음
2022-03-01,천안시,0,,,,,,1,,0.0,낮음
2022-03-01,청양군,0,,,,,,1,,0.0,낮음
2022-03-01,태안군,0,,,,,,1,,0.0,낮음
2022-03-01,홍성군,0,,,,,,1,,0.0,낮음
2022-04-04,계룡시,0,,,,,,1,,0.0,낮음
2022-04-04,공주시,0,,,,,,1,,0.0,낮음
2022-04-04,금산군,0,,,,,,1,,0.0,낮음
2022-04-04,논산시,0,,,,,,1,,0.0,낮음
2022-04-04,당진시,0,,,,,,1,,0.0,낮음
2022-04-04,보령시,0,,,,,,1,,0.0,낮음
2022-04-04,부여군,0,,,,,,1,,0.0,낮음
2022-04-04,서산시,0,,,,,,1,,0.0,낮음
2022-04-04,서천군,0,,,,,,1,,0.0,낮음
2022-04-04,아산시,0,,,,,,1,,0.0,낮음
2022-04-04,예산군,0,,,,,,1,,0.0,낮음
2022-04-04,천안시,0,,,,,,1,,0.0,낮음
2022-04-04,청양군,0,,,,,,1,,0.0,낮음
2022-04-04,태안군,0,,,,,,1,,0.0,낮음
2022-04-04,홍성군,0,,,,,,1,,0.0,낮음
2022-04-30,계룡시,0,,,,,,1,,0.0,낮음
2022-04-30,공주시,0,,,,,,1,,0.0,낮음
2022-04-30,금산군,0,,,,,,1,,0.0,낮음
2022-04-30,논산시,0,,,,,,1,,0.0,낮음
2022-04-30,당진시,0,,,,,,1,,0.0,낮음
2022-04-30,보령시,0,,,,,,1,,0.0,낮음
2022-04-30,부여군,0,,,,,,1,,0.0,낮음
2022-04-30,서산시,0,,,,,,1,,0.0,낮음
2022-04-30,서천군,0,,,,,,1,,0.0,낮음
2022-04-30,아산시,0,,,,,,1,,0.0,낮음
2022-04-30,예산군,0,,,,,,1,,0.0,낮음
2022-04-30,천안시,0,,,,,,1,,0.0,낮음
2022-04-30,청양군,0,,,,,,1,,0.0,낮음
2022-04-30,태안군,0,,,,,,1,,0.0,낮음
2022-04-30,홍성군,0,,,,,,1,,0.0,낮음
2022-06-07,계룡시,0,,,,,,1,,0.0,낮음
2022-06-07,공주시,0,,,,,,1,,0.0,낮음
2022-06-07,금산군,0,,,,,,1,,0.0,낮음
2022-06-07,논산시,25,,,,,,1,,25.0,낮음
2022-06-07,당진시,0,,,,,,1,,0.0,낮음
2022-06-07,보령시,0,,,,,,1,,0.0,낮음
2022-06-07,부여군,0,,,,,,1,,0.0,낮음
2022-06-07,서산시,0,,,,,,1,,0.0,낮음
2022-06-07,서천군,0,,,,,,1,,0.0,낮음
2022-06-07,아산시,0,,,,,,1,,0.0,낮음
2022-06-07,예산군,0,,,,,,1,,0.0,낮음
2022-06-07,천안시,0,,,,,,1,,0.0,낮음
2022-06-07,청양군,0,,,,,,1,,0.0,낮음
2022-06-07,태안군,25,,,,,,1,,25.0,낮음
2022-06-07,홍성군,0,,,,,,1,,0.0,낮음
2022-07-01,계룡시,0,,,,,,1,,0.0,낮음
2022-07-01,공주시,0,,,,,,1,,0.0,낮음
2022-07-01,금산군,0,,,,,,1,,0.0,낮음
2022-07-01,논산시,0,,,,,,1,,0.0,낮음
2022-07-01,당진시,0,,,,,,1,,0.0,낮음
2022-07-01,보령시,0,,,,,,1,,0.0,낮음
2022-07-01,부여군,0,,,,,,1,,0.0,낮음
2022-07-01,서산시,0,,,,,,1,,0.0,낮음
2022-07-01,서천군,0,,,,,,1,,0.0,낮음
2022-07-01,아산시,0,,,,,,1,,0.0,낮음
2022-07-01,예산군,0,,,,,,1,,0.0,낮음
2022-07-01,천안시,0,,,,,,1,,0.0,낮음
2022-07-01,청양군,0,,,,,,1,,0.0,낮음
2022-07-01,태안군,0,,,,,,1,,0.0,낮음
2022-07-01,홍성군,0,,,,,,1,,0.0,낮음
2022-08-02,계룡시,0,,,,,,1,,0.0,낮음
2022-08-02,공주시,0,,,,,,1,,0.0,낮음
2022-08-02,금산군,0,,,,,,1,,0.0,낮음
2022-08-02,논산시,0,,,,,,1,,0.0,낮음
2022-08-02,당진시,0,,,,,,1,,0.0,낮음
2022-08-02,보령시,0,,,,,,1,,0.0,낮음
2022-08-02,부여군,0,,,,,,1,,0.0,낮음
2022-08-02,서산시,0,,,,,,1,,0.0,낮음
2022-08-02,서천군,0,,,,,,1,,0.0,낮음
2022-08-02,아산시,0,,,,,,1,,0.0,낮음
2022-08-02,예산군,0,,,,,,1,,0.0,낮음
2022-08-02,천안시,0,,,,,,1,,0.0,낮음
2022-08-02,청양군,0,,,,,,1,,0.0,낮음
2022-08-02,태안군,0,,,,,,1,,0.0,낮음
2022-08-02,홍성군,0,,,,,,1,,0.0,낮음
2022-09-11,계룡시,0,,,,,,1,,0.0,낮음
2022-09-11,공주시,0,,,,,,1,,0.0,낮음
2022-09-11,금산군,0,,,,,,1,,0.0,낮음
2022-09-11,논산시,0,,,,,,1,,0.0,낮음
2022-09-11,당진시,0,,,,,,1,,0.0,낮음
2022-09-11,보령시,0,,,,,,1,,0.0,낮음
2022-09-11,부여군,0,,,,,,1,,0.0,낮음
2022-09-11,서산시,0,,,,,,1,,0.0,낮음
2022-09-11,서천군,0,,,,,,1,,0.0,낮음
2022-09-11,아산시,0,,,,,,1,,0.0,낮음
2022-09-11,예산군,0,,,,,,1,,0.0,낮음
2022-09-11,천안시,0,,,,,,1,,0.0,낮음
2022-09-11,청양군,0,,,,,,1,,0.0,낮음
2022-09-11,태안군,0,,,,,,1,,0.0,낮음
2022-09-11,홍성군,0,,,,,,1,,0.0,낮음
2022-10-05,계룡시,0,,,,,,1,,0.0,낮음
2022-10-05,공주시,0,,,,,,1,,0.0,낮음
2022-10-05,금산군,0,,,,,,1,,0.0,낮음
2022-10-05,논산시,0,,,,,,1,,0.0,낮음
2022-10-05,당진시,0,,,,,,1,,0.0,낮음
2022-10-05,보령시,0,,,,,,1,,0.0,낮음
2022-10-05,부여군,0,,,,,,1,,0.0,낮음
2022-10-05,서산시,0,,,,,,1,,0.0,낮음
2022-10-05,서천군,0,,,,,,1,,0.0,낮음
2022-10-05,아산시,0,,,,,,1,,0.0,낮음
2022-10-05,예산군,0,,,,,,1,,0.0,낮음
2022-10-05,천안시,0,,,,,,1,,0.0,낮음
2022-10-05,청양군,0,,,,,,1,,0.0,낮음
2022-10-05,태안군,0,,,,,,1,,0.0,낮음
2022-10-05,홍성군,0,,,,,,1,,0.0,낮음
2022-11-01,계룡시,0,,,,,,1,,0.0,낮음
2022-11-01,공주시,0,,,,,,1,,0.0,낮음
2022-11-01,금산군,0,,,,,,1,,0.0,낮음
2022-11-01,논산시,0,,,,,,1,,0.0,낮음
2022-11-01,당진시,0,,,,,,1,,0.0,낮음
2022-11-01,보령시,0,,,,,,1,,0.0,낮음
2022-11-01,부여군,0,,,,,,1,,0.0,낮음
2022-11-01,서산시,0,,,,,,1,,0.0,낮음
2022-11-01,서천군,0,,,,,,1,,0.0,낮음
2022-11-01,아산시,0,,,,,,1,,0.0,낮음
2022-11-01,예산군,0,,,,,,1,,0.0,낮음
2022-11-01,천안시,0,,,,,,1,,0.0,낮음
2022-11-01,청양군,0,,,,,,1,,0.0,낮음
2022-11-01,태안군,0,,,,,,1,,0.0,낮음
2022-11-01,홍성군,0,,,,,,1,,0.0,낮음
2022-12-05,계룡시,0,,,,,,1,,0.0,낮음
2022-12-05,공주시,0,,,,,,1,,0.0,낮음
2022-12-05,금산군,0,,,,,,1,,0.0,낮음
2022-12-05,논산시,0,,,,,,1,,0.0,낮음
2022-12-05,당진시,0,,,,,,1,,0.0,낮음
2022-12-05,보령시,0,,,,,,1,,0.0,낮음
2022-12-05,부여군,0,,,,,,1,,0.0,낮음
2022-12-05,서산시,0,,,,,,1,,0.0,낮음
2022-12-05,서천군,0,,,,,,1,,0.0,낮음
2022-12-05,아산시,0,,,,,,1,,0.0,낮음
2022-12-05,예산군,0,,,,,,1,,0.0,낮음
2022-12-05,천안시,0,,,,,,1,,0.0,낮음
2022-12-05,청양군,0,,,,,,1,,0.0,낮음
2022-12-05,태안군,0,,,,,,1,,0.0,낮음
2022-12-05,홍성군,0,,,,,,1,,0.0,낮음
2023-01-01,계룡시,0,74.5,78.5,94.9,5.099999999999994,,1,25.5,10.199999999999998,낮음
2023-01-01,공주시,0,94.4,71.8,131.4,0.0,,1,5.599999999999994,1.8666666666666647,낮음
2023-01-01,금산군,0,88.4,71.1,124.3,0.0,,1,11.599999999999994,3.866666666666665,낮음
2023-01-01,논산시,0,90.7,79.3,114.4,0.0,,1,9.299999999999997,3.099999999999999,낮음
2023-01-01,당진시,0,74.9,80.7,92.9,7.099999999999994,,1,25.099999999999994,10.733333333333329,낮음
2023-01-01,보령시,0,91.0,80.7,112.8,0.0,,1,9.0,3.0,낮음
2023-01-01,부여군,0,95.3,74.4,128.1,0.0,,1,4.700000000000003,1.5666666666666675,낮음
2023-01-01,서산시,0,94.9,81.7,116.3,0.0,,1,5.099999999999994,1.6999999999999982,낮음
2023-01-01,서천군,0,91.3,79.5,114.8,0.0,,1,8.700000000000003,2.900000000000001,낮음
2023-01-01,아산시,0,98.0,85.1,115.2,0.0,,1,2.0,0.6666666666666666,낮음
2023-01-01,예산군,0,98.6,84.8,116.3,0.0,,1,1.4000000000000057,0.46666666666666856,낮음
2023-01-01,천안시,0,93.9,81.8,114.7,0.0,,1,6.099999999999994,2.0333333333333314,낮음
2023-01-01,청양군,0,97.6,79.6,122.5,0.0,,1,2.4000000000000057,0.8000000000000019,낮음
2023-01-01,태안군,0,93.0,86.5,107.5,0.0,,1,7.0,2.3333333333333335,낮음
2023-01-01,홍성군,0,92.2,79.1,116.6,0.0,,1,7.799999999999997,2.599999999999999,낮음
2023-01-02,계룡시,0,74.5,78.5,94.9,5.099999999999994,,2,25.5,10.199999999999998,낮음
2023-01-02,공주시,0,94.5,71.9,131.5,0.0,,2,5.5,1.8333333333333333,낮음
2023-01-02,금산군,0,88.5,71.1,124.5,0.0,,2,11.5,3.8333333333333335,낮음
2023-01-02,논산시,0,91.2,79.4,114.9,0.0,,2,8.799999999999997,2.9333333333333322,낮음
2023-01-02,당진시,0,75.1,80.7,93.0,7.0,,2,24.900000000000006,10.633333333333335,낮음
2023-01-02,보령시,0,91.3,80.7,113.1,0.0,,2,8.700000000000003,2.900000000000001,낮음
2023-01-02,부여군,0,95.7,74.4,128.6,0.0,,2,4.299999999999997,1.4333333333333325,낮음
2023-01-02,서산시,0,95.1,81.7,116.4,0.0,,2,4.900000000000006,1.6333333333333353,낮음
2023-01-02,서천군,0,91.5,79.6,114.9,0.0,,2,8.5,2.8333333333333335,낮음
2023-01-02,아산시,0,98.1,85.2,115.2,0.0,,2,1.9000000000000057,0.6333333333333352,낮음
2023-01-02,예산군,0,98.6,85.0,116.0,0.0,,2,1.4000000000000057,0.46666666666666856,낮음
2023-01-02,천안시,0,93.9,81.9,114.7,0.0,,2,6.099999999999994,2.0333333333333314,낮음
2023-01-02,청양군,0,97.6,79.7,122.5,0.0,,2,2.4000000000000057,0.8000000000000019,낮음
2023-01-02,태안군,0,93.0,86.5,107.5,0.0,,2,7.0,2.3333333333333335,낮음
2023-01-02,홍성군,0,92.4,79.2,116.8,0.0,,2,7.599999999999994,2.5333333333333314,낮음
2023-01-03,계룡시,0,96.0,100.0,96.0,4.0,,1,4.0,2.6666666666666665,낮음
2023-01-03,공주시,0,94.1,71.3,132.0,0.0,,1,5.900000000000006,1.9666666666666686,낮음
2023-01-03,금산군,0,88.6,71.1,124.5,0.0,,1,11.400000000000006,3.800000000000002,낮음
2023-01-03,논산시,0,91.6,79.6,115.0,0.0,,1,8.400000000000006,2.800000000000002,낮음
2023-01-03,당진시,0,75.3,80.8,93.1,6.900000000000006,,1,24.700000000000003,10.533333333333337,낮음
2023-01-03,보령시,0,91.8,81.1,113.1,0.0,,1,8.200000000000003,2.7333333333333343,낮음
2023-01-03,부여군,0,95.4,74.5,128.1,0.0,,1,4.599999999999994,1.5333333333333314,낮음
2023-01-03,서산시,0,94.8,81.5,116.4,0.0,,1,5.200000000000003,1.7333333333333343,낮음
2023-01-03,서천군,0,92.4,79.7,115.9,0.0,,1,7.599999999999994,2.5333333333333314,낮음
2023-01-03,아산시,0,98.2,85.4,115.0,0.0,,1,1.7999999999999972,0.5999999999999991,낮음
2023-01-03,예산군,0,98.6,85.2,115.8,0.0,,1,1.4000000000000057,0.46666666666666856,낮음
2023-01-03,천안시,0,94.1,82.1,114.6,0.0,,1,5.900000000000006,1.9666666666666686,낮음
2023-01-03,청양군,0,97.6,79.7,122.4,0.0,,1,2.4000000000000057,0.8000000000000019,낮음
2023-01-03,태안군,0,93.1,86.5,107.6,0.0,,1,6.900000000000006,2.300000000000002,낮음
2023-01-03,홍성군,0,92.5,79.2,116.8,0.0,,1,7.5,2.5,낮음
2023-01-04,계룡시,0,96.0,100.0,96.0,4.0,,1,4.0,2.6666666666666665,낮음
2023-01-04,공주시,0,94.1,71.3,132.0,0.0,,1,5.900000000000006,1.9666666666666686,낮음
2023-01-04,금산군,0,88.6,71.2,124.4,0.0,,1,11.400000000000006,3.800000000000002,낮음
2023-01-04,논산시,0,91.5,79.7,114.9,0.0,,1,8.5,2.8333333333333335,낮음
2023-01-04,당진시,0,75.3,80.8,93.1,6.900000000000006,,1,24.700000000000003,10.533333333333337,낮음
2023-01-04,보령시,0,91.9,81.2,113.2,0.0,,1,8.099999999999994,2.699999999999998,낮음
2023-01-04,부여군,0,95.7,74.5,128.5,0.0,,1,4.299999999999997,1.4333333333333325,낮음
2023-01-04,서산시,0,94.9,81.5,116.4,0.0,,1,5.099999999999994,1.6999999999999982,낮음
2023-01-04,서천군,0,92.4,79.8,115.8,0.0,,1,7.599999999999994,2.5333333333333314,낮음
2023-01-04,아산시,0,98.2,85.5,114.9,0.0,,1,1.7999999999999972,0.5999999999999991,낮음
2023-01-04,예산군,0,97.6,85.2,114.5,0.0,,1,2.4000000000000057,0.8000000000000019,낮음
2023-01-04,천안시,0,94.1,82.1,114.6,0.0,,1,5.900000000000006,1.9666666666666686,낮음
2023-01-04,청양군,0,97.6,79.7,122.4,0.0,,1,2.4000000000000057,0.8000000000000019,낮음
2023-01-04,태안군,0,93.0,86.5,107.6,0.0,,1,7.0,2.3333333333333335,낮음
2023-01-04,홍성군,0,92.5,79.3,116.7,0.0,,1,7.5,2.5,낮음
2023-01-05,계룡시,0,96.0,100.0,96.0,4.0,,1,4.0,2.6666666666666665,낮음
2023-01-05,공주시,0,94.2,71.4,132.1,0.0,,1,5.799999999999997,1.9333333333333325,낮음
2023-01-05,금산군,0,88.7,71.2,124.5,0.0,,1,11.299999999999997,3.7666666666666657,낮음
2023-01-05,논산시,0,91.5,79.8,114.7,0.0,,1,8.5,2.8333333333333335,낮음
2023-01-05,당진시,0,75.3,80.9,93.1,6.900000000000006,,1,24.700000000000003,10.533333333333337,낮음
2023-01-05,보령시,0,92.0,81.3,113.1,0.0,,1,8.0,2.6666666666666665,낮음
2023-01-05,부여군,0,95.7,74.5,128.4,0.0,,1,4.299999999999997,1.4333333333333325,낮음
2023-01-05,서산시,0,95.0,81.6,116.4,0.0,,1,5.0,1.6666666666666667,낮음
2023-01-05,서천군,0,92.4,79.8,115.8,0.0,,1,7.599999999999994,2.5333333333333314,낮음
2023-01-05,아산시,0,98.2,85.6,114.7,0.0,,1,1.7999999999999972,0.5999999999999991,낮음
2023-01-05,예산군,0,97.6,85.2,114.6,0.0,,1,2.4000000000000057,0.8000000000000019,낮음
2023-01-05,천안시,0,94.1,82.2,114.5,0.0,,1,5.900000000000006,1.9666666666666686,낮음
2023-01-05,청양군,0,97.6,79.8,122.4,0.0,,1,2.4000000000000057,0.8000000000000019,낮음
2023-01-05,태안군,0,93.0,86.4,107.6,0.0,,1,7.0,2.3333333333333335,낮음
2023-01-05,홍성군,0,92.6,79.4,116.7,0.0,,1,7.400000000000006,2.4666666666666686,낮음
2023-01-06,계룡시,0,96.0,100.0,96.0,4.0,,1,4.0,2.6666666666666665,낮음
2023-01-06,공주시,0,94.3,71.4,132.1,0.0,,1,5.700000000000003,1.900000000000001,낮음
2023-01-06,금산군,0,88.6,71.3,124.3,0.0,,1,11.400000000000006,3.800000000000002,낮음
2023-01-06,논산시,0,91.9,79.9,115.0,0.0,,1,8.099999999999994,2.699999999999998,낮음
2023-01-06,당진시,0,75.4,80.9,93.2,6.799999999999997,,1,24.599999999999994,10.466666666666663,낮음
2023-01-06,보령시,0,92.0,81.4,113.0,0.0,,1,8.0,2.6666666666666665,낮음
2023-01-06,부여군,0,95.8,74.6,128.4,0.0,,1,4.200000000000003,1.400000000000001,낮음
2023-01-06,서산시,0,95.0,81.7,116.3,0.0,,1,5.0,1.6666666666666667,낮음
2023-01-06,서천군,0,91.6,79.9,114.7,0.0,,1,8.400000000000006,2.800000000000002,낮음
2023-01-06,아산시,0,98.2,85.7,114.5,0.0,,1,1.7999999999999972,0.5999999999999991,낮음
2023-01-06,예산군,0,98.0,85.1,115.1,0.0,,1,2.0,0.6666666666666666,낮음
2023-01-06,천안시,0,94.1,82.2,114.5,0.0,,1,5.900000000000006,1.9666666666666686,낮음
2023-01-06,청양군,0,97.6,79.8,122.3,0.0,,1,2.4000000000000057,0.8000000000000019,낮음
2023-01-06,태안군,0,93.0,86.5,107.5,0.0,,1,7.0,2.3333333333333335,낮음
2023-01-06,홍성군,0,92.7,79.5,116.6,0.0,,1,7.299999999999997,2.4333333333333322,낮음
2023-01-07,계룡시,0,96.0,100.0,96.0,4.0,,1,4.0,2.6666666666666665,낮음
2023-01-07,공주시,0,94.3,71.5,132.0,0.0,,1,5.700000000000003,1.900000000000001,낮음
2023-01-07,금산군,0,88.6,71.3,124.2,0.0,,1,11.400000000000006,3.800000000000002,낮음
2023-01-07,논산시,0,91.9,80.0,114.8,0.0,,1,8.099999999999994,2.699999999999998,낮음
2023-01-07,당진시,0,75.4,81.0,93.1,6.900000000000006,,1,24.599999999999994,10.5,낮음
2023-01-07,보령시,0,92.0,81.6,112.8,0.0,,1,8.0,2.6666666666666665,낮음
2023-01-07,부여군,0,95.8,74.6,128.3,0.0,,1,4.200000000000003,1.400000000000001,낮음
2023-01-07,서산시,0,95.0,81.7,116.2,0.0,,1,5.0,1.6666666666666667,낮음
2023-01-07,서천군,0,91.6,80.0,114.5,0.0,,1,8.400000000000006,2.800000000000002,낮음
2023-01-07,아산시,0,98.2,85.9,114.4,0.0,,1,1.7999999999999972,0.5999999999999991,낮음
2023-01-07,예산군,0,98.0,85.1,115.2,0.0,,1,2.0,0.6666666666666666,낮음
2023-01-07,천안시,0,94.1,82.3,114.4,0.0,,1,5.900000000000006,1.9666666666666686,낮음
2023-01-07,청양군,0,97.6,79.9,122.3,0.0,,1,2.4000000000000057,0.8000000000000019,낮음
2023-01-07,태안군,0,93.0,86.5,107.5,0.0,,1,7.0,2.3333333333333335,낮음
2023-01-07,홍성군,0,92.7,79.6,116.4,0.0,,1,7.299999999999997,2.4333333333333322,낮음
2023-01-08,계룡시,0,96.0,100.0,96.0,4.0,,1,4.0,2.6666666666666665,낮음
2023-01-08,공주시,0,94.3,71.5,131.9,0.0,,1,5.700000000000003,1.900000000000001,낮음
2023-01-08,금산군,0,88.6,71.4,124.0,0.0,,1,11.400000000000006,3.800000000000002,낮음
2023-01-08,논산시,0,91.9,80.2,114.6,0.0,,1,8.099999999999994,2.699999999999998,낮음
2023-01-08,당진시,0,75.4,81.1,93.1,6.900000000000006,,1,24.599999999999994,10.5,낮음
2023-01-08,보령시,0,92.0,81.8,112.5,0.0,,1,8.0,2.6666666666666665,낮음
2023-01-08,부여군,0,95.8,74.7,128.2,0.0,,1,4.200000000000003,1.400000000000001,낮음
2023-01-08,서산시,0,95.0,81.8,116.2,0.0,,1,5.0,1.6666666666666667,낮음
2023-01-08,서천군,0,91.6,80.1,114.3,0.0,,1,8.400000000000006,2.800000000000002,낮음
2023-01-08,아산시,0,98.2,86.0,114.2,0.0,,1,1.7999999999999972,0.5999999999999991,낮음
2023-01-08,예산군,0,98.0,85.0,115.3,0.0,,1,2.0,0.6666666666666666,낮음
2023-01-08,천안시,0,94.1,82.3,114.3,0.0,,1,5.900000000000006,1.9666666666666686,낮음
2023-01-08,청양군,0,97.6,79.9,122.2,0.0,,1,2.4000000000000057,0.8000000000000019,낮음
2023-01-08,태안군,0,93.0,86.6,107.4,0.0,,1,7.0,2.3333333333333335,낮음
2023-01-08,홍성군,0,92.7,79.8,116.2,0.0,,1,7.299999999999997,2.4333333333333322,낮음
2023-01-09,계룡시,0,96.0,100.0,96.0,4.0,,1,4.0,2.6666666666666665,낮음
2023-01-09,공주시,0,94.3,71.6,131.8,0.0,,1,5.700000000000003,1.900000000000001,낮음
2023-01-09,금산군,0,88.2,71.5,123.4,0.0,,1,11.799999999999997,3.9333333333333322,낮음
2023-01-09,논산시,0,92.1,80.3,114.7,0.0,,1,7.900000000000006,2.633333333333335,낮음
2023-01-09,당진시,0,75.8,81.2,93.3,6.700000000000003,,1,24.200000000000003,10.300000000000002,낮음
2023-01-09,보령시,0,92.3,81.9,112.6,0.0,,1,7.700000000000003,2.5666666666666678,낮음
2023-01-09,부여군,0,95.8,74.8,128.1,0.0,,1,4.200000000000003,1.400000000000001,낮음
2023-01-09,서산시,0,95.4,81.8,116.5,0.0,,1,4.599999999999994,1.5333333333333314,낮음
2023-01-09,서천군,0,92.7,80.3,115.4,0.0,,1,7.299999999999997,2.4333333333333322,낮음
2023-01-09,아산시,0,98.3,86.1,114.2,0.0,,1,1.7000000000000028,0.5666666666666677,낮음
2023-01-09,예산군,0,98.7,85.1,116.0,0.0,,1,1.2999999999999972,0.4333333333333324,낮음
2023-01-09,천안시,0,94.2,82.4,114.4,0.0,,1,5.799999999999997,1.9333333333333325,낮음
2023-01-09,청양군,0,97.5,80.0,121.9,0.0,,1,2.5,0.8333333333333334,낮음
2023-01-09,태안군,0,93.1,86.6,107.5,0.0,,1,6.900000000000006,2.300000000000002,낮음
2023-01-09,홍성군,0,93.0,80.0,116.2,0.0,,1,7.0,2.3333333333333335,낮음
2023-01-10,계룡시,0,96.0,100.0,96.0,4.0,,1,4.0,2.6666666666666665,낮음
2023-01-10,공주시,0,94.3,71.6,131.6,0.0,,1,5.700000000000003,1.900000000000001,낮음
2023-01-10,금산군,0,88.3,71.5,123.5,0.0,,1,11.700000000000003,3.900000000000001,낮음
2023-01-10,논산시,0,92.0,80.4,114.4,0.0,,1,8.0,2.6666666666666665,낮음
2023-01-10,당진시,0,76.0,81.3,93.5,6.5,,1,24.0,10.166666666666666,낮음
2023-01-10,보령시,0,92.4,82.1,112.7,0.0,,1,7.599999999999994,2.5333333333333314,낮음
2023-01-10,부여군,0,95.9,74.9,128.1,0.0,,1,4.099999999999994,1.3666666666666647,낮음
2023-01-10,서산시,0,95.3,81.9,116.4,0.0,,1,4.700000000000003,1.5666666666666675,낮음
2023-01-10,서천군,0,92.9,80.4,115.5,0.0,,1,7.099999999999994,2.366666666666665,낮음
2023-01-10,아산시,0,97.9,86.2,113.7,0.0,,1,2.0999999999999943,0.6999999999999981,낮음
2023-01-10,예산군,0,98.7,85.3,115.8,0.0,,1,1.2999999999999972,0.4333333333333324,낮음
2023-01-10,천안시,0,94.7,82.4,115.0,0.0,,1,5.299999999999997,1.7666666666666657,낮음
2023-01-10,청양군,0,97.6,80.0,122.0,0.0,,1,2.4000000000000057,0.8000000000000019,낮음
2023-01-10,태안군,0,90.5,86.7,104.5,0.0,,1,9.5,3.1666666666666665,낮음
2023-01-10,홍성군,0,93.0,80.2,116.1,0.0,,1,7.0,2.3333333333333335,낮음
2023-01-11,계룡시,0,96.0,100.0,96.0,4.0,,1,4.0,2.6666666666666665,낮음
2023-01-11,공주시,0,94.3,71.7,131.6,0.0,,1,5.700000000000003,1.900000000000001,낮음
2023-01-11,금산군,0,88.2,71.5,123.3,0.0,,1,11.799999999999997,3.9333333333333322,낮음
2023-01-11,논산시,0,92.0,80.5,114.3,0.0,,1,8.0,2.6666666666666665,낮음
2023-01-11,당진시,0,75.9,81.3,93.3,6.700000000000003,,1,24.099999999999994,10.266666666666666,낮음
2023-01-11,보령시,0,92.7,82.1,112.8,0.0,,1,7.299999999999997,2.4333333333333322,낮음
2023-01-11,부여군,0,95.9,75.0,128.0,0.0,,1,4.099999999999994,1.3666666666666647,낮음
2023-01-11,서산시,0,95.5,82.0,116.4,0.0,,1,4.5,1.5,낮음
2023-01-11,서천군,0,92.9,80.5,115.4,0.0,,1,7.099999999999994,2.366666666666665,낮음
2023-01-11,아산시,0,97.9,86.3,113.5,0.0,,1,2.0999999999999943,0.6999999999999981,낮음
2023-01-11,예산군,0,98.7,85.4,115.6,0.0,,1,1.2999999999999972,0.4333333333333324,낮음
2023-01-11,천안시,0,94.7,82.4,115.0,0.0,,1,5.299999999999997,1.7666666666666657,낮음
2023-01-11,청양군,0,97.6,80.1,121.9,0.0,,1,2.4000000000000057,0.8000000000000019,낮음
2023-01-11,태안군,0,90.6,86.7,104.5,0.0,,1,9.400000000000006,3.133333333333335,낮음
2023-01-11,홍성군,0,93.1,80.2,116.1,0.0,,1,6.900000000000006,2.300000000000002,낮음
2023-01-12,계룡시,0,96.0,100.0,96.0,4.0,,1,4.0,2.6666666666666665,낮음
2023-01-12,공주시,0,94.3,71.7,131.5,0.0,,1,5.700000000000003,1.900000000000001,낮음
2023-01-12,금산군,0,88.0,71.5,123.1,0.0,,1,12.0,4.0,낮음
2023-01-12,논산시,0,92.2,80.6,114.3,0.0,,1,7.799999999999997,2.599999999999999,낮음
2023-01-12,당진시,0,76.3,81.4,93.8,6.200000000000003,,1,23.700000000000003,9.966666666666669,낮음
2023-01-12,보령시,0,92.7,82.2,112.7,0.0,,1,7.299999999999997,2.4333333333333322,낮음
2023-01-12,부여군,0,96.0,75.0,127.9,0.0,,1,4.0,1.3333333333333333,낮음
2023-01-12,서산시,0,95.6,82.1,116.4,0.0,,1,4.400000000000006,1.4666666666666686,낮음
2023-01-12,서천군,0,92.9,80.7,115.2,0.0,,1,7.099999999999994,2.366666666666665,낮음
2023-01-12,아산시,0,97.9,86.3,113.4,0.0,,1,2.0999999999999943,0.6999999999999981,낮음
2023-01-12,예산군,0,98.7,85.5,115.4,0.0,,1,1.2999999999999972,0.4333333333333324,낮음
2023-01-12,천안시,0,94.7,82.4,114.9,0.0,,1,5.299999999999997,1.7666666666666657,낮음
2023-01-12,청양군,0,97.6,80.1,121.9,0.0,,1,2.4000000000000057,0.8000000000000019,낮음
2023-01-12,태안군,0,90.6,86.7,104.5,0.0,,1,9.400000000000006,3.133333333333335,낮음
2023-01-12,홍성군,0,93.2,80.2,116.1,0.0,,1,6.799999999999997,2.2666666666666657,낮음
2023-01-13,계룡시,0,96.0,100.0,96.0,4.0,,1,4.0,2.6666666666666665,낮음
2023-01-13,공주시,0,95.1,72.0,132.1,0.0,,1,4.900000000000006,1.6333333333333353,낮음
2023-01-13,금산군,0,88.3,71.5,123.5,0.0,,1,11.700000000000003,3.900000000000001,낮음
2023-01-13,논산시,0,92.4,80.7,114.4,0.0,,1,7.599999999999994,2.5333333333333314,낮음
2023-01-13,당진시,0,77.4,81.4,95.1,4.900000000000006,,1,22.599999999999994,9.166666666666666,낮음
2023-01-13,보령시,0,92.8,82.3,112.7,0.0,,1,7.200000000000003,2.400000000000001,낮음
2023-01-13,부여군,0,96.3,75.2,128.1,0.0,,1,3.700000000000003,1.2333333333333343,낮음
2023-01-13,서산시,0,95.4,82.1,116.1,0.0,,1,4.599999999999994,1.5333333333333314,낮음
2023-01-13,서천군,0,93.2,80.8,115.3,0.0,,1,6.799999999999997,2.2666666666666657,낮음
2023-01-13,아산시,0,98.3,86.4,113.7,0.0,,1,1.7000000000000028,0.5666666666666677,낮음
2023-01-13,예산군,0,98.7,85.6,115.3,0.0,,1,1.2999999999999972,0.4333333333333324,낮음
2023-01-13,천안시,0,94.9,82.5,115.0,0.0,,1,5.099999999999994,1.6999999999999982,낮음
2023-01-13,청양군,0,97.8,80.2,122.0,0.0,,1,2.200000000000003,0.7333333333333343,낮음
2023-01-13,태안군,0,90.8,86.7,104.7,0.0,,1,9.200000000000003,3.0666666666666678,낮음
2023-01-13,홍성군,0,93.5,80.3,116.3,0.0,,1,6.5,2.1666666666666665,낮음
2023-01-14,계룡시,0,96.0,100.0,96.0,4.0,,1,4.0,2.6666666666666665,낮음
2023-01-14,공주시,0,95.1,72.2,131.7,0.0,,1,4.900000000000006,1.6333333333333353,낮음
2023-01-14,금산군,0,88.3,71.5,123.4,0.0,,1,11.700000000000003,3.900000000000001,낮음
2023-01-14,논산시,0,92.4,81.1,113.9,0.0,,1,7.599999999999994,2.5333333333333314,낮음
2023-01-14,당진시,0,77.4,81.5,95.0,5.0,,1,22.599999999999994,9.199999999999998,낮음
2023-01-14,보령시,0,92.8,82.4,112.6,0.0,,1,7.200000000000003,2.400000000000001,낮음
2023-01-14,부여군,0,96.3,75.5,127.5,0.0,,1,3.700000000000003,1.2333333333333343,낮음
2023-01-14,서산시,0,95.4,82.2,116.0,0.0,,1,4.599999999999994,1.5333333333333314,낮음
2023-01-14,서천군,0,93.2,80.9,115.2,0.0,,1,6.799999999999997,2.2666666666666657,낮음
2023-01-14,아산시,0,98.3,86.5,113.6,0.0,,1,1.7000000000000028,0.5666666666666677,낮음
2023-01-14,예산군,0,98.7,85.7,115.1,0.0,,1,1.2999999999999972,0.4333333333333324,낮음
2023-01-14,천안시,0,94.9,82.6,114.9,0.0,,1,5.099999999999994,1.6999999999999982,낮음
2023-01-14,청양군,0,97.8,80.2,121.9,0.0,,1,2.200000000000003,0.7333333333333343,낮음
2023-01-14,태안군,0,90.8,86.7,104.6,0.0,,1,9.200000000000003,3.0666666666666678,낮음
2023-01-14,홍성군,0,93.5,80.5,116.2,0.0,,1,6.5,2.1666666666666665,낮음
2023-01-15,계룡시,0,96.0,100.0,96.0,4.0,,1,4.0,2.6666666666666665,낮음
2023-01-15,공주시,0,95.1,71.5,133.0,0.0,,1,4.900000000000006,1.6333333333333353,낮음
2023-01-15,금산군,0,88.3,70.8,124.8,0.0,,1,11.700000000000003,3.900000000000001,낮음
2023-01-15,논산시,0,92.4,80.8,114.4,0.0,,1,7.599999999999994,2.5333333333333314,낮음
2023-01-15,당진시,0,77.4,82.1,94.3,5.700000000000003,,1,22.599999999999994,9.433333333333332,낮음
2023-01-15,보령시,0,92.8,82.1,113.0,0.0,,1,7.200000000000003,2.400000000000001,낮음
2023-01-15,부여군,0,96.3,75.0,128.3,0.0,,1,3.700000000000003,1.2333333333333343,낮음
2023-01-15,서산시,0,95.4,81.9,116.5,0.0,,1,4.599999999999994,1.5333333333333314,낮음
2023-01-15,서천군,0,93.2,80.5,115.7,0.0,,1,6.799999999999997,2.2666666666666657,낮음
2023-01-15,아산시,0,98.3,86.2,114.0,0.0,,1,1.7000000000000028,0.5666666666666677,낮음
2023-01-15,예산군,0,98.7,85.8,115.1,0.0,,1,1.2999999999999972,0.4333333333333324,낮음
2023-01-15,천안시,0,94.9,82.2,115.4,0.0,,1,5.099999999999994,1.6999999999999982,낮음
2023-01-15,청양군,0,97.8,79.7,122.7,0.0,,1,2.200000000000003,0.7333333333333343,낮음
2023-01-15,태안군,0,90.8,86.7,104.7,0.0,,1,9.200000000000003,3.0666666666666678,낮음
2023-01-15,홍성군,0,93.5,80.2,116.5,0.0,,1,6.5,2.1666666666666665,낮음
2023-01-16,계룡시,0,96.0,100.0,96.0,4.0,,1,4.0,2.6666666666666665,낮음
2023-01-16,공주시,0,95.7,71.6,133.6,0.0,,1,4.299999999999997,1.4333333333333325,낮음
2023-01-16,금산군,0,89.8,70.8,126.8,0.0,,1,10.200000000000003,3.400000000000001,낮음
2023-01-16,논산시,0,94.6,80.9,116.8,0.0,,1,5.400000000000006,1.8000000000000018,낮음
2023-01-16,당진시,0,78.2,82.2,95.1,4.900000000000006,,1,21.799999999999997,8.9,낮음
2023-01-16,보령시,0,94.0,82.2,114.3,0.0,,1,6.0,2.0,낮음
2023-01-16,부여군,0,96.6,75.1,128.6,0.0,,1,3.4000000000000057,1.1333333333333353,낮음
2023-01-16,서산시,0,96.1,82.0,117.3,0.0,,1,3.9000000000000057,1.3000000000000018,낮음
2023-01-16,서천군,0,94.2,80.6,116.8,0.0,,1,5.799999999999997,1.9333333333333325,낮음
2023-01-16,아산시,0,98.2,86.3,113.7,0.0,,1,1.7999999999999972,0.5999999999999991,낮음
2023-01-16,예산군,0,98.3,85.8,114.6,0.0,,1,1.7000000000000028,0.5666666666666677,낮음
2023-01-16,천안시,0,95.2,82.3,115.7,0.0,,1,4.799999999999997,1.599999999999999,낮음
2023-01-16,청양군,0,98.1,79.8,123.0,0.0,,1,1.9000000000000057,0.6333333333333352,낮음
2023-01-16,태안군,0,91.0,86.8,104.9,0.0,,1,9.0,3.0,낮음
2023-01-16,홍성군,0,94.2,80.4,117.1,0.0,,1,5.799999999999997,1.9333333333333325,낮음
2023-01-17,계룡시,0,96.0,100.0,96.0,4.0,,1,4.0,2.6666666666666665,낮음
2023-01-17,공주시,0,95.6,73.7,129.8,0.0,,1,4.400000000000006,1.4666666666666686,낮음
2023-01-17,금산군,0,89.5,72.9,122.8,0.0,,1,10.5,3.5,낮음
2023-01-17,논산시,0,94.8,82.3,115.2,0.0,,1,5.200000000000003,1.7333333333333343,낮음
2023-01-17,당진시,0,78.0,80.6,96.8,3.200000000000003,,1,22.0,8.4,낮음
2023-01-17,보령시,0,94.0,83.4,112.7,0.0,,1,6.0,2.0,낮음
2023-01-17,부여군,0,96.6,77.0,125.4,0.0,,1,3.4000000000000057,1.1333333333333353,낮음
2023-01-17,서산시,0,95.5,82.9,115.1,0.0,,1,4.5,1.5,낮음
2023-01-17,서천군,0,94.4,81.8,115.4,0.0,,1,5.599999999999994,1.8666666666666647,낮음
2023-01-17,아산시,0,98.2,87.4,112.3,0.0,,1,1.7999999999999972,0.5999999999999991,낮음
2023-01-17,예산군,0,98.5,86.1,114.4,0.0,,1,1.5,0.5,낮음
2023-01-17,천안시,0,95.2,83.5,114.0,0.0,,1,4.799999999999997,1.599999999999999,낮음
2023-01-17,청양군,0,98.1,81.4,120.6,0.0,,1,1.9000000000000057,0.6333333333333352,낮음
2023-01-17,태안군,0,90.9,86.9,104.6,0.0,,1,9.099999999999994,3.0333333333333314,낮음
2023-01-17,홍성군,0,94.3,81.5,115.8,0.0,,1,5.700000000000003,1.900000000000001,낮음
2023-01-18,계룡시,0,96.0,100.0,96.0,4.0,,1,4.0,2.6666666666666665,낮음
2023-01-18,공주시,0,95.6,72.4,132.1,0.0,,1,4.400000000000006,1.4666666666666686,낮음
2023-01-18,금산군,0,89.6,71.5,125.2,0.0,,1,10.400000000000006,3.4666666666666686,낮음
2023-01-18,논산시,0,95.2,81.7,116.4,0.0,,1,4.799999999999997,1.599999999999999,낮음
2023-01-18,당진시,0,77.8,81.7,95.3,4.700000000000003,,1,22.200000000000003,8.966666666666669,낮음
2023-01-18,보령시,0,94.3,82.8,113.8,0.0,,1,5.700000000000003,1.900000000000001,낮음
2023-01-18,부여군,0,96.6,76.0,127.1,0.0,,1,3.4000000000000057,1.1333333333333353,낮음
2023-01-18,서산시,0,95.2,82.4,115.6,0.0,,1,4.799999999999997,1.599999999999999,낮음
2023-01-18,서천군,0,94.3,81.2,116.2,0.0,,1,5.700000000000003,1.900000000000001,낮음
2023-01-18,아산시,0,98.1,86.9,112.9,0.0,,1,1.9000000000000057,0.6333333333333352,낮음
2023-01-18,예산군,0,98.9,86.2,114.7,0.0,,1,1.0999999999999943,0.36666666666666475,낮음
2023-01-18,천안시,0,95.3,82.8,115.0,0.0,,1,4.700000000000003,1.5666666666666675,낮음
2023-01-18,청양군,0,98.1,80.3,122.2,0.0,,1,1.9000000000000057,0.6333333333333352,낮음
2023-01-18,태안군,0,90.9,86.8,104.7,0.0,,1,9.099999999999994,3.0333333333333314,낮음
2023-01-18,홍성군,0,94.4,81.0,116.6,0.0,,1,5.599999999999994,1.8666666666666647,낮음
2023-01-19,계룡시,0,96.0,100.0,96.0,4.0,,1,4.0,2.6666666666666665,낮음
2023-01-19,공주시,0,95.6,72.4,132.0,0.0,,1,4.400000000000006,1.4666666666666686,낮음
2023-01-19,금산군,0,89.6,71.6,125.2,0.0,,1,10.400000000000006,3.4666666666666686,낮음
2023-01-19,논산시,0,95.3,81.9,116.4,0.0,,1,4.700000000000003,1.5666666666666675,낮음
2023-01-19,당진시,0,78.0,81.7,95.5,4.5,,1,22.0,8.833333333333334,낮음
2023-01-19,보령시,0,94.4,82.9,113.8,0.0,,1,5.599999999999994,1.8666666666666647,낮음
2023-01-19,부여군,0,96.6,76.1,126.9,0.0,,1,3.4000000000000057,1.1333333333333353,낮음
2023-01-19,서산시,0,95.3,82.4,115.6,0.0,,1,4.700000000000003,1.5666666666666675,낮음
2023-01-19,서천군,0,94.4,81.2,116.3,0.0,,1,5.599999999999994,1.8666666666666647,낮음
2023-01-19,아산시,0,98.1,87.0,112.7,0.0,,1,1.9000000000000057,0.6333333333333352,낮음
2023-01-19,예산군,0,98.9,86.4,114.5,0.0,,1,1.0999999999999943,0.36666666666666475,낮음
2023-01-19,천안시,0,95.4,82.9,115.0,0.0,,1,4.599999999999994,1.5333333333333314,낮음
2023-01-19,청양군,0,98.1,80.2,122.3,0.0,,1,1.9000000000000057,0.6333333333333352,낮음
2023-01-19,태안군,0,90.9,86.8,104.7,0.0,,1,9.099999999999994,3.0333333333333314,낮음
2023-01-19,홍성군,0,94.6,81.1,116.6,0.0,,1,5.400000000000006,1.8000000000000018,낮음
2023-01-20,계룡시,0,96.0,100.0,96.0,4.0,,1,4.0,2.6666666666666665,낮음
2023-01-20,공주시,0,95.6,72.4,132.0,0.0,,1,4.400000000000006,1.4666666666666686,낮음
2023-01-20,금산군,0,89.6,71.6,125.1,0.0,,1,10.400000000000006,3.4666666666666686,낮음
2023-01-20,논산시,0,95.3,82.0,116.2,0.0,,1,4.700000000000003,1.5666666666666675,낮음
2023-01-20,당진시,0,77.7,81.7,95.0,5.0,,1,22.299999999999997,9.1,낮음
2023-01-20,보령시,0,94.4,83.1,113.6,0.0,,1,5.599999999999994,1.8666666666666647,낮음
2023-01-20,부여군,0,96.6,76.2,126.6,0.0,,1,3.4000000000000057,1.1333333333333353,낮음
2023-01-20,서산시,0,95.5,82.5,115.7,0.0,,1,4.5,1.5,낮음
2023-01-20,서천군,0,94.5,81.3,116.3,0.0,,1,5.5,1.8333333333333333,낮음
2023-01-20,아산시,0,97.9,87.1,112.5,0.0,,1,2.0999999999999943,0.6999999999999981,낮음
2023-01-20,예산군,0,93.5,86.3,108.3,0.0,,1,6.5,2.1666666666666665,낮음
2023-01-20,천안시,0,95.4,83.0,114.9,0.0,,1,4.599999999999994,1.5333333333333314,낮음
2023-01-20,청양군,0,98.1,80.3,122.3,0.0,,1,1.9000000000000057,0.6333333333333352,낮음
2023-01-20,태안군,0,90.9,86.8,104.7,0.0,,1,9.099999999999994,3.0333333333333314,낮음
2023-01-20,홍성군,0,94.6,81.2,116.5,0.0,,1,5.400000000000006,1.8000000000000018,낮음
2023-01-21,계룡시,0,96.0,100.0,96.0,4.0,,1,4.0,2.6666666666666665,낮음
2023-01-21,공주시,0,95.6,72.5,131.9,0.0,,1,4.400000000000006,1.4666666666666686,낮음
2023-01-21,금산군,0,89.6,71.7,125.1,0.0,,1,10.400000000000006,3.4666666666666686,낮음
2023-01-21,논산시,0,95.3,82.1,116.0,0.0,,1,4.700000000000003,1.5666666666666675,낮음
2023-01-21,당진시,0,77.7,81.8,94.9,5.099999999999994,,1,22.299999999999997,9.133333333333331,낮음
2023-01-21,보령시,0,94.4,83.1,113.5,0.0,,1,5.599999999999994,1.8666666666666647,낮음
2023-01-21,부여군,0,96.6,76.3,126.5,0.0,,1,3.4000000000000057,1.1333333333333353,낮음
2023-01-21,서산시,0,95.5,82.6,115.6,0.0,,1,4.5,1.5,낮음
2023-01-21,서천군,0,94.5,81.3,116.2,0.0,,1,5.5,1.8333333333333333,낮음
2023-01-21,아산시,0,97.9,87.2,112.4,0.0,,1,2.0999999999999943,0.6999999999999981,낮음
2023-01-21,예산군,0,93.5,86.4,108.2,0.0,,1,6.5,2.1666666666666665,낮음
2023-01-21,천안시,0,95.4,83.0,114.9,0.0,,1,4.599999999999994,1.5333333333333314,낮음
2023-01-21,청양군,0,98.1,80.3,122.2,0.0,,1,1.9000000000000057,0.6333333333333352,낮음
2023-01-21,태안군,0,90.9,86.9,104.6,0.0,,1,9.099999999999994,3.0333333333333314,낮음
2023-01-21,홍성군,0,94.6,81.4,116.2,0.0,,1,5.400000000000006,1.8000000000000018,낮음
2023-01-22,계룡시,0,96.0,100.0,96.0,4.0,,1,4.0,2.6666666666666665,낮음
2023-01-22,공주시,0,95.6,72.6,131.8,0.0,,1,4.400000000000006,1.4666666666666686,낮음
2023-01-22,금산군,0,89.6,71.8,124.9,0.0,,1,10.400000000000006,3.4666666666666686,낮음
2023-01-22,논산시,0,95.3,82.3,115.8,0.0,,1,4.700000000000003,1.5666666666666675,낮음
2023-01-22,당진시,0,77.7,81.8,94.9,5.099999999999994,,1,22.299999999999997,9.133333333333331,낮음
2023-01-22,보령시,0,94.4,83.2,113.3,0.0,,1,5.599999999999994,1.8666666666666647,낮음
2023-01-22,부여군,0,96.6,76.4,126.4,0.0,,1,3.4000000000000057,1.1333333333333353,낮음
2023-01-22,서산시,0,95.5,82.7,115.5,0.0,,1,4.5,1.5,낮음
2023-01-22,서천군,0,94.5,81.3,116.2,0.0,,1,5.5,1.8333333333333333,낮음
2023-01-22,아산시,0,97.9,87.2,112.3,0.0,,1,2.0999999999999943,0.6999999999999981,낮음
2023-01-22,예산군,0,93.5,86.6,108.0,0.0,,1,6.5,2.1666666666666665,낮음
2023-01-22,천안시,0,95.4,83.1,114.8,0.0,,1,4.599999999999994,1.5333333333333314,낮음
2023-01-22,청양군,0,98.1,78.5,125.0,0.0,,1,1.9000000000000057,0.6333333333333352,낮음
2023-01-22,태안군,0,90.9,87.0,104.5,0.0,,1,9.099999999999994,3.0333333333333314,낮음
2023-01-22,홍성군,0,94.6,81.6,116.0,0.0,,1,5.400000000000006,1.8000000000000018,낮음
2023-01-23,계룡시,0,96.0,100.0,96.0,4.0,,1,4.0,2.6666666666666665,낮음
2023-01-23,공주시,0,95.6,72.6,131.7,0.0,,1,4.400000000000006,1.4666666666666686,낮음
2023-01-23,금산군,0,89.6,71.8,124.8,0.0,,1,10.400000000000006,3.4666666666666686,낮음
2023-01-23,논산시,0,95.3,82.4,115.6,0.0,,1,4.700000000000003,1.5666666666666675,낮음
2023-01-23,당진시,0,77.7,81.9,94.9,5.099999999999994,,1,22.299999999999997,9.133333333333331,낮음
2023-01-23,보령시,0,94.4,83.3,113.2,0.0,,1,5.599999999999994,1.8666666666666647,낮음
2023-01-23,부여군,0,96.6,76.5,126.3,0.0,,1,3.4000000000000057,1.1333333333333353,낮음
2023-01-23,서산시,0,95.5,82.7,115.5,0.0,,1,4.5,1.5,낮음
2023-01-23,서천군,0,94.5,81.4,116.1,0.0,,1,5.5,1.8333333333333333,낮음
2023-01-23,아산시,0,97.9,87.3,112.2,0.0,,1,2.0999999999999943,0.6999999999999981,낮음
2023-01-23,예산군,0,93.5,86.8,107.7,0.0,,1,6.5,2.1666666666666665,낮음
2023-01-23,천안시,0,95.4,83.1,114.8,0.0,,1,4.599999999999994,1.5333333333333314,낮음
2023-01-23,청양군,0,98.1,78.5,125.0,0.0,,1,1.9000000000000057,0.6333333333333352,낮음
2023-01-23,태안군,0,90.9,87.1,104.3,0.0,,1,9.099999999999994,3.0333333333333314,낮음
2023-01-23,홍성군,0,94.6,81.7,115.9,0.0,,1,5.400000000000006,1.8000000000000018,낮음
2023-01-24,계룡시,0,96.0,100.0,96.0,4.0,,1,4.0,2.6666666666666665,낮음
2023-01-24,공주시,0,95.6,72.6,131.6,0.0,,1,4.400000000000006,1.4666666666666686,낮음
2023-01-24,금산군,0,89.6,72.0,124.6,0.0,,1,10.400000000000006,3.4666666666666686,낮음
2023-01-24,논산시,0,95.3,82.5,115.5,0.0,,1,4.700000000000003,1.5666666666666675,낮음
2023-01-24,당진시,0,77.7,81.9,94.9,5.099999999999994,,1,22.299999999999997,9.133333333333331,낮음
2023-01-24,보령시,0,94.4,83.4,113.1,0.0,,1,5.599999999999994,1.8666666666666647,낮음
2023-01-24,부여군,0,96.6,76.5,126.2,0.0,,1,3.4000000000000057,1.1333333333333353,낮음
2023-01-24,서산시,0,95.5,82.7,115.4,0.0,,1,4.5,1.5,낮음
2023-01-24,서천군,0,94.5,81.4,116.1,0.0,,1,5.5,1.8333333333333333,낮음
2023-01-24,아산시,0,97.9,87.4,112.0,0.0,,1,2.0999999999999943,0.6999999999999981,낮음
2023-01-24,예산군,0,93.5,87.0,107.5,0.0,,1,6.5,2.1666666666666665,낮음
2023-01-24,천안시,0,95.4,83.2,114.7,0.0,,1,4.599999999999994,1.5333333333333314,낮음
2023-01-24,청양군,0,98.1,78.6,124.9,0.0,,1,1.9000000000000057,0.6333333333333352,낮음
2023-01-24,태안군,0,90.9,87.3,104.1,0.0,,1,9.099999999999994,3.0333333333333314,낮음
2023-01-24,홍성군,0,94.6,81.8,115.7,0.0,,1,5.400000000000006,1.8000000000000018,낮음
2023-01-25,계룡시,0,96.0,100.0,96.0,4.0,,1,4.0,2.6666666666666665,낮음
2023-01-25,공주시,0,95.5,72.7,131.4,0.0,,1,4.5,1.5,낮음
2023-01-25,금산군,0,89.7,72.0,124.5,0.0,,1,10.299999999999997,3.4333333333333322,낮음
2023-01-25,논산시,0,95.7,82.6,115.7,0.0,,1,4.299999999999997,1.4333333333333325,낮음
2023-01-25,당진시,0,84.1,82.1,102.5,0.0,,1,15.900000000000006,5.300000000000002,낮음
2023-01-25,보령시,0,95.3,83.6,114.0,0.0,,1,4.700000000000003,1.5666666666666675,낮음
2023-01-25,부여군,0,96.6,76.6,126.1,0.0,,1,3.4000000000000057,1.1333333333333353,낮음
2023-01-25,서산시,0,95.8,82.7,115.8,0.0,,1,4.200000000000003,1.400000000000001,낮음
2023-01-25,서천군,0,94.2,81.5,115.6,0.0,,1,5.799999999999997,1.9333333333333325,낮음
2023-01-25,아산시,0,97.9,87.5,111.9,0.0,,1,2.0999999999999943,0.6999999999999981,낮음
2023-01-25,예산군,0,94.8,87.2,108.7,0.0,,1,5.200000000000003,1.7333333333333343,낮음
2023-01-25,천안시,0,95.5,83.2,114.8,0.0,,1,4.5,1.5,낮음
2023-01-25,청양군,0,98.2,80.5,122.0,0.0,,1,1.7999999999999972,0.5999999999999991,낮음
2023-01-25,태안군,0,90.9,87.5,103.9,0.0,,1,9.099999999999994,3.0333333333333314,낮음
2023-01-25,홍성군,0,95.0,81.9,116.0,0.0,,1,5.0,1.6666666666666667,낮음
2023-01-26,계룡시,0,96.0,100.0,96.0,4.0,,1,4.0,2.6666666666666665,낮음
2023-01-26,공주시,0,95.5,72.8,131.2,0.0,,1,4.5,1.5,낮음
2023-01-26,금산군,0,90.1,72.4,124.4,0.0,,1,9.900000000000006,3.300000000000002,낮음
2023-01-26,논산시,0,95.3,82.8,115.2,0.0,,1,4.700000000000003,1.5666666666666675,낮음
2023-01-26,당진시,0,80.4,81.9,98.2,1.7999999999999972,,1,19.599999999999994,7.13333333333333,낮음
2023-01-26,보령시,0,95.3,83.7,113.9,0.0,,1,4.700000000000003,1.5666666666666675,낮음
2023-01-26,부여군,0,96.7,76.6,126.2,0.0,,1,3.299999999999997,1.099999999999999,낮음
2023-01-26,서산시,0,95.9,82.8,115.8,0.0,,1,4.099999999999994,1.3666666666666647,낮음
2023-01-26,서천군,0,95.0,81.6,116.5,0.0,,1,5.0,1.6666666666666667,낮음
2023-01-26,아산시,0,97.9,87.6,111.8,0.0,,1,2.0999999999999943,0.6999999999999981,낮음
2023-01-26,예산군,0,94.7,87.3,108.5,0.0,,1,5.299999999999997,1.7666666666666657,낮음
2023-01-26,천안시,0,95.6,83.3,114.7,0.0,,1,4.400000000000006,1.4666666666666686,낮음
2023-01-26,청양군,0,97.9,80.7,121.3,0.0,,1,2.0999999999999943,0.6999999999999981,낮음
2023-01-26,태안군,0,91.1,87.6,103.9,0.0,,1,8.900000000000006,2.9666666666666686,낮음
2023-01-26,홍성군,0,95.1,82.1,115.9,0.0,,1,4.900000000000006,1.6333333333333353,낮음
2023-01-27,계룡시,0,96.0,100.0,96.0,4.0,,1,4.0,2.6666666666666665,낮음
2023-01-27,공주시,0,95.5,72.8,131.2,0.0,,1,4.5,1.5,낮음
2023-01-27,금산군,0,90.0,72.4,124.3,0.0,,1,10.0,3.3333333333333335,낮음
2023-01-27,논산시,0,94.7,82.8,114.4,0.0,,1,5.299999999999997,1.7666666666666657,낮음
2023-01-27,당진시,0,77.0,81.8,94.2,5.799999999999997,,1,23.0,9.6,낮음
2023-01-27,보령시,0,95.5,83.8,114.0,0.0,,1,4.5,1.5,낮음
2023-01-27,부여군,0,96.3,76.7,125.7,0.0,,1,3.700000000000003,1.2333333333333343,낮음
2023-01-27,서산시,0,95.9,82.9,115.7,0.0,,1,4.099999999999994,1.3666666666666647,낮음
2023-01-27,서천군,0,94.9,81.7,116.2,0.0,,1,5.099999999999994,1.6999999999999982,낮음
2023-01-27,아산시,0,97.8,87.7,111.6,0.0,,1,2.200000000000003,0.7333333333333343,낮음
2023-01-27,예산군,0,96.0,87.5,109.7,0.0,,1,4.0,1.3333333333333333,낮음
2023-01-27,천안시,0,95.6,83.4,114.7,0.0,,1,4.400000000000006,1.4666666666666686,낮음
2023-01-27,청양군,0,98.3,80.7,121.8,0.0,,1,1.7000000000000028,0.5666666666666677,낮음
2023-01-27,태안군,0,91.2,87.7,104.0,0.0,,1,8.799999999999997,2.9333333333333322,낮음
2023-01-27,홍성군,0,95.2,82.2,115.9,0.0,,1,4.799999999999997,1.599999999999999,낮음
2023-01-28,계룡시,0,96.0,100.0,96.0,4.0,,1,4.0,2.6666666666666665,낮음
2023-01-28,공주시,0,95.5,72.8,131.2,0.0,,1,4.5,1.5,낮음
2023-01-28,금산군,0,90.0,72.5,124.2,0.0,,1,10.0,3.3333333333333335,낮음
2023-01-28,논산시,0,94.7,82.8,114.3,0.0,,1,5.299999999999997,1.7666666666666657,낮음
2023-01-28,당진시,0,77.0,81.7,94.2,5.799999999999997,,1,23.0,9.6,낮음
2023-01-28,보령시,0,95.5,83.9,113.8,0.0,,1,4.5,1.5,낮음
2023-01-28,부여군,0,96.3,76.7,125.6,0.0,,1,3.700000000000003,1.2333333333333343,낮음
2023-01-28,서산시,0,95.9,82.9,115.7,0.0,,1,4.099999999999994,1.3666666666666647,낮음
2023-01-28,서천군,0,94.9,81.7,116.1,0.0,,1,5.099999999999994,1.6999999999999982,낮음
2023-01-28,아산시,0,97.8,87.7,111.5,0.0,,1,2.200000000000003,0.7333333333333343,낮음
2023-01-28,예산군,0,96.0,87.6,109.5,0.0,,1,4.0,1.3333333333333333,낮음
2023-01-28,천안시,0,95.6,83.4,114.7,0.0,,1,4.400000000000006,1.4666666666666686,낮음
2023-01-28,청양군,0,98.3,80.7,121.8,0.0,,1,1.7000000000000028,0.5666666666666677,낮음
2023-01-28,태안군,0,91.2,87.7,103.9,0.0,,1,8.799999999999997,2.9333333333333322,낮음
2023-01-28,홍성군,0,95.2,82.2,115.8,0.0,,1,4.799999999999997,1.599999999999999,낮음
2023-01-29,계룡시,0,96.0,100.0,96.0,4.0,,1,4.0,2.6666666666666665,낮음
2023-01-29,공주시,0,95.5,72.9,131.1,0.0,,1,4.5,1.5,낮음
2023-01-29,금산군,0,90.0,72.6,124.1,0.0,,1,10.0,3.3333333333333335,낮음
2023-01-29,논산시,0,94.7,82.9,114.2,0.0,,1,5.299999999999997,1.7666666666666657,낮음
2023-01-29,당진시,0,77.0,81.7,94.2,5.799999999999997,,1,23.0,9.6,낮음
2023-01-29,보령시,0,95.5,84.0,113.7,0.0,,1,4.5,1.5,낮음
2023-01-29,부여군,0,96.3,76.8,125.5,0.0,,1,3.700000000000003,1.2333333333333343,낮음
2023-01-29,서산시,0,95.9,82.9,115.7,0.0,,1,4.099999999999994,1.3666666666666647,낮음
2023-01-29,서천군,0,94.9,81.8,116.0,0.0,,1,5.099999999999994,1.6999999999999982,낮음
2023-01-29,아산시,0,97.8,87.9,111.3,0.0,,1,2.200000000000003,0.7333333333333343,낮음
2023-01-29,예산군,0,96.0,87.7,109.4,0.0,,1,4.0,1.3333333333333333,낮음
2023-01-29,천안시,0,95.6,83.4,114.6,0.0,,1,4.400000000000006,1.4666666666666686,낮음
2023-01-29,청양군,0,98.3,80.7,121.7,0.0,,1,1.7000000000000028,0.5666666666666677,낮음
2023-01-29,태안군,0,91.2,87.8,103.8,0.0,,1,8.799999999999997,2.9333333333333322,낮음
2023-01-29,홍성군,0,95.2,82.4,115.6,0.0,,1,4.799999999999997,1.599999999999999,낮음
2023-01-30,계룡시,0,96.0,100.0,96.0,4.0,,1,4.0,2.6666666666666665,낮음
2023-01-30,공주시,0,95.3,72.9,130.8,0.0,,1,4.700000000000003,1.5666666666666675,낮음
2023-01-30,금산군,0,90.1,72.6,124.1,0.0,,1,9.900000000000006,3.300000000000002,낮음
2023-01-30,논산시,0,94.7,83.0,114.1,0.0,,1,5.299999999999997,1.7666666666666657,낮음
2023-01-30,당진시,0,77.0,81.8,94.1,5.900000000000006,,1,23.0,9.633333333333335,낮음
2023-01-30,보령시,0,95.4,84.0,113.5,0.0,,1,4.599999999999994,1.5333333333333314,낮음
2023-01-30,부여군,0,96.2,76.8,125.3,0.0,,1,3.799999999999997,1.2666666666666657,낮음
2023-01-30,서산시,0,96.1,82.9,115.8,0.0,,1,3.9000000000000057,1.3000000000000018,낮음
2023-01-30,서천군,0,95.1,81.9,116.1,0.0,,1,4.900000000000006,1.6333333333333353,낮음
2023-01-30,아산시,0,98.0,88.0,111.3,0.0,,1,2.0,0.6666666666666666,낮음
2023-01-30,예산군,0,95.4,87.8,108.7,0.0,,1,4.599999999999994,1.5333333333333314,낮음
2023-01-30,천안시,0,95.7,83.4,114.7,0.0,,1,4.299999999999997,1.4333333333333325,낮음
2023-01-30,청양군,0,98.2,80.7,121.8,0.0,,1,1.7999999999999972,0.5999999999999991,낮음
2023-01-30,태안군,0,91.1,87.7,103.9,0.0,,1,8.900000000000006,2.9666666666666686,낮음
2023-01-30,홍성군,0,95.4,82.5,115.7,0.0,,1,4.599999999999994,1.5333333333333314,낮음
2023-01-31,계룡시,0,96.0,100.0,96.0,4.0,,1,4.0,2.6666666666666665,낮음
2023-01-31,공주시,0,94.9,72.9,130.2,0.0,,1,5.099999999999994,1.6999999999999982,낮음
2023-01-31,금산군,0,90.0,72.7,123.9,0.0,,1,10.0,3.3333333333333335,낮음
2023-01-31,논산시,0,93.4,83.0,112.4,0.0,,1,6.599999999999994,2.199999999999998,낮음
2023-01-31,당진시,0,77.1,81.9,94.1,5.900000000000006,,1,22.900000000000006,9.600000000000003,낮음
2023-01-31,보령시,0,95.4,84.1,113.5,0.0,,1,4.599999999999994,1.5333333333333314,낮음
2023-01-31,부여군,0,96.4,76.8,125.5,0.0,,1,3.5999999999999943,1.1999999999999982,낮음
2023-01-31,서산시,0,96.0,83.0,115.7,0.0,,1,4.0,1.3333333333333333,낮음
2023-01-31,서천군,0,95.2,82.0,116.0,0.0,,1,4.799999999999997,1.599999999999999,낮음
2023-01-31,아산시,0,97.5,88.2,110.5,0.0,,1,2.5,0.8333333333333334,낮음
2023-01-31,예산군,0,97.0,88.0,110.3,0.0,,1,3.0,1.0,낮음
2023-01-31,천안시,0,95.7,83.5,114.7,0.0,,1,4.299999999999997,1.4333333333333325,낮음
2023-01-31,청양군,0,98.3,80.8,121.7,0.0,,1,1.7000000000000028,0.5666666666666677,낮음
2023-01-31,태안군,0,91.1,87.7,103.8,0.0,,1,8.900000000000006,2.9666666666666686,낮음
2023-01-31,홍성군,0,95.5,82.6,115.7,0.0,,1,4.5,1.5,낮음
2023-02-01,계룡시,0,96.0,100.0,96.0,4.0,,2,4.0,2.6666666666666665,낮음
2023-02-01,공주시,0,95.7,73.0,131.0,0.0,,2,4.299999999999997,1.4333333333333325,낮음
2023-02-01,금산군,0,90.1,72.7,124.0,0.0,,2,9.900000000000006,3.300000000000002,낮음
2023-02-01,논산시,0,94.9,83.1,114.2,0.0,,2,5.099999999999994,1.6999999999999982,낮음
2023-02-01,당진시,0,77.0,82.0,93.9,6.099999999999994,,2,23.0,9.699999999999998,낮음
2023-02-01,보령시,0,95.9,84.2,113.9,0.0,,2,4.099999999999994,1.3666666666666647,낮음
2023-02-01,부여군,0,96.9,76.9,126.0,0.0,,2,3.0999999999999943,1.0333333333333314,낮음
2023-02-01,서산시,0,96.3,83.1,115.9,0.0,,2,3.700000000000003,1.2333333333333343,낮음
2023-02-01,서천군,0,98.8,82.2,120.1,0.0,,2,1.2000000000000028,0.40000000000000097,낮음
2023-02-01,아산시,0,98.0,88.3,110.9,0.0,,2,2.0,0.6666666666666666,낮음
2023-02-01,예산군,0,97.2,88.0,110.4,0.0,,2,2.799999999999997,0.9333333333333323,낮음
2023-02-01,천안시,0,95.7,83.5,114.6,0.0,,2,4.299999999999997,1.4333333333333325,낮음
2023-02-01,청양군,0,98.3,80.8,121.7,0.0,,2,1.7000000000000028,0.5666666666666677,낮음
2023-02-01,태안군,0,91.1,87.7,103.9,0.0,,2,8.900000000000006,2.9666666666666686,낮음
2023-02-01,홍성군,0,95.6,82.7,115.6,0.0,,2,4.400000000000006,1.4666666666666686,낮음
2023-02-02,계룡시,0,96.0,100.0,96.0,4.0,,1,4.0,2.6666666666666665,낮음
2023-02-02,공주시,0,95.6,73.0,130.9,0.0,,1,4.400000000000006,1.4666666666666686,낮음
2023-02-02,금산군,0,90.0,72.7,123.9,0.0,,1,10.0,3.3333333333333335,낮음
2023-02-02,논산시,0,93.5,83.2,112.4,0.0,,1,6.5,2.1666666666666665,낮음
2023-02-02,당진시,0,77.0,82.1,93.8,6.200000000000003,,1,23.0,9.733333333333334,낮음
2023-02-02,보령시,0,96.1,84.3,114.0,0.0,,1,3.9000000000000057,1.3000000000000018,낮음
2023-02-02,부여군,0,96.9,77.0,125.9,0.0,,1,3.0999999999999943,1.0333333333333314,낮음
2023-02-02,서산시,0,96.3,83.1,115.8,0.0,,1,3.700000000000003,1.2333333333333343,낮음
2023-02-02,서천군,0,98.8,82.3,120.0,0.0,,1,1.2000000000000028,0.40000000000000097,낮음
2023-02-02,아산시,0,97.8,88.4,110.6,0.0,,1,2.200000000000003,0.7333333333333343,낮음
2023-02-02,예산군,0,97.2,87.9,110.6,0.0,,1,2.799999999999997,0.9333333333333323,낮음
2023-02-02,천안시,0,95.7,83.5,114.6,0.0,,1,4.299999999999997,1.4333333333333325,낮음
2023-02-02,청양군,0,98.3,80.8,121.7,0.0,,1,1.7000000000000028,0.5666666666666677,낮음
2023-02-02,태안군,0,91.0,87.7,103.8,0.0,,1,9.0,3.0,낮음
2023-02-02,홍성군,0,95.6,82.8,115.5,0.0,,1,4.400000000000006,1.4666666666666686,낮음
2023-02-03,계룡시,0,96.0,100.0,96.0,4.0,,1,4.0,2.6666666666666665,낮음
2023-02-03,공주시,0,95.5,73.0,130.9,0.0,,1,4.5,1.5,낮음
2023-02-03,금산군,0,90.0,72.7,123.8,0.0,,1,10.0,3.3333333333333335,낮음
2023-02-03,논산시,0,93.3,83.3,112.1,0.0,,1,6.700000000000003,2.2333333333333343,낮음
2023-02-03,당진시,0,76.9,82.2,93.6,6.400000000000006,,1,23.099999999999994,9.833333333333334,낮음
2023-02-03,보령시,0,96.2,84.3,114.1,0.0,,1,3.799999999999997,1.2666666666666657,낮음
2023-02-03,부여군,0,96.9,77.0,125.9,0.0,,1,3.0999999999999943,1.0333333333333314,낮음
2023-02-03,서산시,0,96.2,83.2,115.7,0.0,,1,3.799999999999997,1.2666666666666657,낮음
2023-02-03,서천군,0,98.8,82.3,119.9,0.0,,1,1.2000000000000028,0.40000000000000097,낮음
2023-02-03,아산시,0,97.7,88.4,110.5,0.0,,1,2.299999999999997,0.7666666666666657,낮음
2023-02-03,예산군,0,97.8,87.8,111.3,0.0,,1,2.200000000000003,0.7333333333333343,낮음
2023-02-03,천안시,0,95.7,83.5,114.6,0.0,,1,4.299999999999997,1.4333333333333325,낮음
2023-02-03,청양군,0,98.3,80.9,121.6,0.0,,1,1.7000000000000028,0.5666666666666677,낮음
2023-02-03,태안군,0,91.1,87.7,103.8,0.0,,1,8.900000000000006,2.9666666666666686,낮음
2023-02-03,홍성군,0,95.7,82.9,115.4,0.0,,1,4.299999999999997,1.4333333333333325,낮음
2023-02-04,계룡시,0,96.0,100.0,96.0,4.0,,1,4.0,2.6666666666666665,낮음
2023-02-04,공주시,0,95.5,73.0,130.8,0.0,,1,4.5,1.5,낮음
2023-02-04,금산군,0,90.0,72.8,123.7,0.0,,1,10.0,3.3333333333333335,낮음
2023-02-04,논산시,0,93.3,83.4,112.0,0.0,,1,6.700000000000003,2.2333333333333343,낮음
2023-02-04,당진시,0,76.9,82.3,93.5,6.5,,1,23.099999999999994,9.866666666666665,낮음
2023-02-04,보령시,0,96.2,84.3,114.1,0.0,,1,3.799999999999997,1.2666666666666657,낮음
2023-02-04,부여군,0,96.9,77.1,125.8,0.0,,1,3.0999999999999943,1.0333333333333314,낮음
2023-02-04,서산시,0,96.2,83.2,115.6,0.0,,1,3.799999999999997,1.2666666666666657,낮음
2023-02-04,서천군,0,98.8,82.4,119.9,0.0,,1,1.2000000000000028,0.40000000000000097,낮음
2023-02-04,아산시,0,97.7,88.5,110.5,0.0,,1,2.299999999999997,0.7666666666666657,낮음
2023-02-04,예산군,0,97.8,87.9,111.2,0.0,,1,2.200000000000003,0.7333333333333343,낮음
2023-02-04,천안시,0,95.7,83.5,114.6,0.0,,1,4.299999999999997,1.4333333333333325,낮음
2023-02-04,청양군,0,98.3,80.9,121.6,0.0,,1,1.7000000000000028,0.5666666666666677,낮음
2023-02-04,태안군,0,91.1,87.8,103.7,0.0,,1,8.900000000000006,2.9666666666666686,낮음
2023-02-04,홍성군,0,95.7,83.0,115.3,0.0,,1,4.299999999999997,1.4333333333333325,낮음
2023-02-05,계룡시,0,96.0,100.0,96.0,4.0,,1,4.0,2.6666666666666665,낮음
2023-02-05,공주시,0,95.5,73.1,130.7,0.0,,1,4.5,1.5,낮음
2023-02-05,금산군,0,90.0,72.8,123.6,0.0,,1,10.0,3.3333333333333335,낮음
2023-02-05,논산시,0,93.3,83.4,111.9,0.0,,1,6.700000000000003,2.2333333333333343,낮음
2023-02-05,당진시,0,76.9,82.3,93.5,6.5,,1,23.099999999999994,9.866666666666665,낮음
2023-02-05,보령시,0,96.2,84.4,114.0,0.0,,1,3.799999999999997,1.2666666666666657,낮음
2023-02-05,부여군,0,96.9,77.1,125.7,0.0,,1,3.0999999999999943,1.0333333333333314,낮음
2023-02-05,서산시,0,96.2,83.3,115.5,0.0,,1,3.799999999999997,1.2666666666666657,낮음
2023-02-05,서천군,0,98.8,82.4,119.8,0.0,,1,1.2000000000000028,0.40000000000000097,낮음
2023-02-05,아산시,0,97.7,88.5,110.4,0.0,,1,2.299999999999997,0.7666666666666657,낮음
2023-02-05,예산군,0,97.8,87.9,111.2,0.0,,1,2.200000000000003,0.7333333333333343,낮음
2023-02-05,천안시,0,95.7,83.5,114.6,0.0,,1,4.299999999999997,1.4333333333333325,낮음
2023-02-05,청양군,0,98.3,80.9,121.5,0.0,,1,1.7000000000000028,0.5666666666666677,낮음
2023-02-05,태안군,0,91.1,87.8,103.7,0.0,,1,8.900000000000006,2.9666666666666686,낮음
2023-02-05,홍성군,0,95.7,83.1,115.2,0.0,,1,4.299999999999997,1.4333333333333325,낮음
2023-02-06,계룡시,0,96.0,100.0,96.0,4.0,,1,4.0,2.6666666666666665,낮음
2023-02-06,공주시,0,95.6,73.1,130.8,0.0,,1,4.400000000000006,1.4666666666666686,낮음
2023-02-06,금산군,0,90.0,72.9,123.5,0.0,,1,10.0,3.3333333333333335,낮음
2023-02-06,논산시,0,91.4,83.5,109.5,0.0,,1,8.599999999999994,2.866666666666665,낮음
2023-02-06,당진시,0,77.0,82.2,93.6,6.400000000000006,,1,23.0,9.800000000000002,낮음
2023-02-06,보령시,0,96.5,84.4,114.4,0.0,,1,3.5,1.1666666666666667,낮음
2023-02-06,부여군,0,97.0,77.2,125.7,0.0,,1,3.0,1.0,낮음
2023-02-06,서산시,0,96.4,83.3,115.7,0.0,,1,3.5999999999999943,1.1999999999999982,낮음
2023-02-06,서천군,0,99.0,82.5,120.0,0.0,,1,1.0,0.3333333333333333,낮음
2023-02-06,아산시,0,97.8,88.6,110.4,0.0,,1,2.200000000000003,0.7333333333333343,낮음
2023-02-06,예산군,0,98.5,88.0,111.9,0.0,,1,1.5,0.5,낮음
2023-02-06,천안시,0,95.8,83.5,114.6,0.0,,1,4.200000000000003,1.400000000000001,낮음
2023-02-06,청양군,0,98.3,80.9,121.5,0.0,,1,1.7000000000000028,0.5666666666666677,낮음
2023-02-06,태안군,0,91.0,87.8,103.7,0.0,,1,9.0,3.0,낮음
2023-02-06,홍성군,0,95.9,83.2,115.3,0.0,,1,4.099999999999994,1.3666666666666647,낮음
2023-02-07,계룡시,0,96.0,100.0,96.0,4.0,,1,4.0,2.6666666666666665,낮음
2023-02-07,공주시,0,95.7,73.4,130.3,0.0,,1,4.299999999999997,1.4333333333333325,낮음
2023-02-07,금산군,0,90.2,72.9,123.7,0.0,,1,9.799999999999997,3.2666666666666657,낮음
2023-02-07,논산시,0,92.0,83.6,110.0,0.0,,1,8.0,2.6666666666666665,낮음
2023-02-07,당진시,0,76.2,82.2,92.7,7.299999999999997,,1,23.799999999999997,10.366666666666665,낮음
2023-02-07,보령시,0,96.7,84.4,114.5,0.0,,1,3.299999999999997,1.099999999999999,낮음
2023-02-07,부여군,0,97.0,77.2,125.6,0.0,,1,3.0,1.0,낮음
2023-02-07,서산시,0,96.5,83.4,115.8,0.0,,1,3.5,1.1666666666666667,낮음
2023-02-07,서천군,0,99.0,82.6,119.9,0.0,,1,1.0,0.3333333333333333,낮음
2023-02-07,아산시,0,97.8,88.6,110.4,0.0,,1,2.200000000000003,0.7333333333333343,낮음
2023-02-07,예산군,0,98.6,88.1,111.9,0.0,,1,1.4000000000000057,0.46666666666666856,낮음
2023-02-07,천안시,0,95.7,83.5,114.6,0.0,,1,4.299999999999997,1.4333333333333325,낮음
2023-02-07,청양군,0,98.4,81.1,121.3,0.0,,1,1.5999999999999943,0.5333333333333314,낮음
2023-02-07,태안군,0,91.1,87.8,103.7,0.0,,1,8.900000000000006,2.9666666666666686,낮음
2023-02-07,홍성군,0,95.7,83.3,115.0,0.0,,1,4.299999999999997,1.4333333333333325,낮음
2023-02-08,계룡시,0,96.0,100.0,96.0,4.0,,1,4.0,2.6666666666666665,낮음
2023-02-08,공주시,0,95.7,73.5,130.2,0.0,,1,4.299999999999997,1.4333333333333325,낮음
2023-02-08,금산군,0,90.1,72.8,123.6,0.0,,1,9.900000000000006,3.300000000000002,낮음
2023-02-08,논산시,0,91.1,83.6,108.9,0.0,,1,8.900000000000006,2.9666666666666686,낮음
2023-02-08,당진시,0,76.1,82.2,92.6,7.400000000000006,,1,23.900000000000006,10.433333333333337,낮음
2023-02-08,보령시,0,96.8,84.4,114.6,0.0,,1,3.200000000000003,1.0666666666666675,낮음
2023-02-08,부여군,0,97.0,77.3,125.5,0.0,,1,3.0,1.0,낮음
2023-02-08,서산시,0,96.5,83.4,115.7,0.0,,1,3.5,1.1666666666666667,낮음
2023-02-08,서천군,0,99.0,82.7,119.8,0.0,,1,1.0,0.3333333333333333,낮음
2023-02-08,아산시,0,97.9,88.6,110.4,0.0,,1,2.0999999999999943,0.6999999999999981,낮음
2023-02-08,예산군,0,98.7,88.1,112.0,0.0,,1,1.2999999999999972,0.4333333333333324,낮음
2023-02-08,천안시,0,95.8,83.6,114.6,0.0,,1,4.200000000000003,1.400000000000001,낮음
2023-02-08,청양군,0,98.4,81.1,121.4,0.0,,1,1.5999999999999943,0.5333333333333314,낮음
2023-02-08,태안군,0,91.1,87.7,103.8,0.0,,1,8.900000000000006,2.9666666666666686,낮음
2023-02-08,홍성군,0,95.8,83.4,114.9,0.0,,1,4.200000000000003,1.400000000000001,낮음
2023-02-09,계룡시,0,96.0,100.0,96.0,4.0,,1,4.0,2.6666666666666665,낮음
2023-02-09,공주시,0,95.7,73.4,130.3,0.0,,1,4.299999999999997,1.4333333333333325,낮음
2023-02-09,금산군,0,90.1,72.8,123.8,0.0,,1,9.900000000000006,3.300000000000002,낮음
2023-02-09,논산시,0,89.8,83.7,107.3,0.0,,1,10.200000000000003,3.400000000000001,낮음
2023-02-09,당진시,0,76.2,82.3,92.7,7.299999999999997,,1,23.799999999999997,10.366666666666665,낮음
2023-02-09,보령시,0,96.8,84.5,114.6,0.0,,1,3.200000000000003,1.0666666666666675,낮음
2023-02-09,부여군,0,96.9,77.4,125.3,0.0,,1,3.0999999999999943,1.0333333333333314,낮음
2023-02-09,서산시,0,96.5,83.5,115.7,0.0,,1,3.5,1.1666666666666667,낮음
2023-02-09,서천군,0,99.1,82.7,119.8,0.0,,1,0.9000000000000057,0.3000000000000019,낮음
2023-02-09,아산시,0,97.8,88.7,110.3,0.0,,1,2.200000000000003,0.7333333333333343,낮음
2023-02-09,예산군,0,99.0,88.2,112.2,0.0,,1,1.0,0.3333333333333333,낮음
2023-02-09,천안시,0,95.7,83.6,114.5,0.0,,1,4.299999999999997,1.4333333333333325,낮음
2023-02-09,청양군,0,98.4,81.0,121.5,0.0,,1,1.5999999999999943,0.5333333333333314,낮음
2023-02-09,태안군,0,91.1,87.8,103.8,0.0,,1,8.900000000000006,2.9666666666666686,낮음
2023-02-09,홍성군,0,95.9,83.4,114.9,0.0,,1,4.099999999999994,1.3666666666666647,낮음
2023-02-10,계룡시,0,96.0,100.0,96.0,4.0,,1,4.0,2.6666666666666665,낮음
2023-02-10,공주시,0,95.7,73.4,130.4,0.0,,1,4.299999999999997,1.4333333333333325,낮음
2023-02-10,금산군,0,90.1,72.8,123.7,0.0,,1,9.900000000000006,3.300000000000002,낮음
2023-02-10,논산시,0,89.2,83.8,106.4,0.0,,1,10.799999999999997,3.599999999999999,낮음
2023-02-10,당진시,0,76.2,82.3,92.6,7.400000000000006,,1,23.799999999999997,10.4,낮음
2023-02-10,보령시,0,96.8,84.5,114.6,0.0,,1,3.200000000000003,1.0666666666666675,낮음
2023-02-10,부여군,0,97.1,77.4,125.4,0.0,,1,2.9000000000000057,0.9666666666666686,낮음
2023-02-10,서산시,0,96.6,83.5,115.7,0.0,,1,3.4000000000000057,1.1333333333333353,낮음
2023-02-10,서천군,0,99.1,82.8,119.7,0.0,,1,0.9000000000000057,0.3000000000000019,낮음
2023-02-10,아산시,0,98.1,88.7,110.5,0.0,,1,1.9000000000000057,0.6333333333333352,낮음
2023-02-10,예산군,0,99.1,88.1,112.4,0.0,,1,0.9000000000000057,0.3000000000000019,낮음
2023-02-10,천안시,0,95.8,83.7,114.5,0.0,,1,4.200000000000003,1.400000000000001,낮음
2023-02-10,청양군,0,98.4,81.0,121.5,0.0,,1,1.5999999999999943,0.5333333333333314,낮음
2023-02-10,태안군,0,91.1,87.8,103.8,0.0,,1,8.900000000000006,2.9666666666666686,낮음
2023-02-10,홍성군,0,95.9,83.5,114.8,0.0,,1,4.099999999999994,1.3666666666666647,낮음
2023-02-11,계룡시,0,96.0,100.0,96.0,4.0,,1,4.0,2.6666666666666665,낮음
2023-02-11,공주시,0,95.7,73.5,130.3,0.0,,1,4.299999999999997,1.4333333333333325,낮음
2023-02-11,금산군,0,90.1,72.9,123.6,0.0,,1,9.900000000000006,3.300000000000002,낮음
2023-02-11,논산시,0,89.2,83.8,106.4,0.0,,1,10.799999999999997,3.599999999999999,낮음
2023-02-11,당진시,0,76.2,82.4,92.5,7.5,,1,23.799999999999997,10.433333333333332,낮음
2023-02-11,보령시,0,96.8,84.6,114.5,0.0,,1,3.200000000000003,1.0666666666666675,낮음
2023-02-11,부여군,0,97.1,77.5,125.3,0.0,,1,2.9000000000000057,0.9666666666666686,낮음
2023-02-11,서산시,0,96.6,83.5,115.6,0.0,,1,3.4000000000000057,1.1333333333333353,낮음
2023-02-11,서천군,0,99.1,82.9,119.7,0.0,,1,0.9000000000000057,0.3000000000000019,낮음
2023-02-11,아산시,0,98.1,88.8,110.5,0.0,,1,1.9000000000000057,0.6333333333333352,낮음
2023-02-11,예산군,0,99.1,88.0,112.5,0.0,,1,0.9000000000000057,0.3000000000000019,낮음
2023-02-11,천안시,0,95.8,83.7,114.4,0.0,,1,4.200000000000003,1.400000000000001,낮음
2023-02-11,청양군,0,98.4,81.0,121.5,0.0,,1,1.5999999999999943,0.5333333333333314,낮음
2023-02-11,태안군,0,91.1,87.8,103.8,0.0,,1,8.900000000000006,2.9666666666666686,낮음
2023-02-11,홍성군,0,95.9,83.6,114.7,0.0,,1,4.099999999999994,1.3666666666666647,낮음
2023-02-12,계룡시,0,96.0,100.0,96.0,4.0,,1,4.0,2.6666666666666665,낮음
2023-02-12,공주시,0,95.7,73.5,130.2,0.0,,1,4.299999999999997,1.4333333333333325,낮음
2023-02-12,금산군,0,90.1,72.9,123.5,0.0,,1,9.900000000000006,3.300000000000002,낮음
2023-02-12,논산시,0,89.2,83.9,106.3,0.0,,1,10.799999999999997,3.599999999999999,낮음
2023-02-12,당진시,0,76.2,82.5,92.4,7.599999999999994,,1,23.799999999999997,10.466666666666663,낮음
2023-02-12,보령시,0,96.8,84.6,114.4,0.0,,1,3.200000000000003,1.0666666666666675,낮음
2023-02-12,부여군,0,97.1,77.5,125.2,0.0,,1,2.9000000000000057,0.9666666666666686,낮음
2023-02-12,서산시,0,96.6,83.6,115.6,0.0,,1,3.4000000000000057,1.1333333333333353,낮음
2023-02-12,서천군,0,99.1,82.8,119.7,0.0,,1,0.9000000000000057,0.3000000000000019,낮음
2023-02-12,아산시,0,98.1,88.8,110.5,0.0,,1,1.9000000000000057,0.6333333333333352,낮음
2023-02-12,예산군,0,99.1,88.1,112.4,0.0,,1,0.9000000000000057,0.3000000000000019,낮음
2023-02-12,천안시,0,95.8,83.7,114.4,0.0,,1,4.200000000000003,1.400000000000001,낮음
2023-02-12,청양군,0,98.4,81.1,121.4,0.0,,1,1.5999999999999943,0.5333333333333314,낮음
2023-02-12,태안군,0,91.1,87.8,103.7,0.0,,1,8.900000000000006,2.9666666666666686,낮음
2023-02-12,홍성군,0,95.9,83.7,114.6,0.0,,1,4.099999999999994,1.3666666666666647,낮음
2023-02-13,계룡시,0,96.0,100.0,96.0,4.0,,1,4.0,2.6666666666666665,낮음
2023-02-13,공주시,0,95.8,73.6,130.2,0.0,,1,4.200000000000003,1.400000000000001,낮음
2023-02-13,금산군,0,90.1,73.0,123.5,0.0,,1,9.900000000000006,3.300000000000002,낮음
2023-02-13,논산시,0,86.9,83.9,103.7,0.0,,1,13.099999999999994,4.3666666666666645,낮음
2023-02-13,당진시,0,76.4,82.7,92.4,7.599999999999994,,1,23.599999999999994,10.399999999999997,낮음
2023-02-13,보령시,0,97.0,84.7,114.5,0.0,,1,3.0,1.0,낮음
2023-02-13,부여군,0,97.1,77.6,125.1,0.0,,1,2.9000000000000057,0.9666666666666686,낮음
2023-02-13,서산시,0,96.7,83.6,115.7,0.0,,1,3.299999999999997,1.099999999999999,낮음
2023-02-13,서천군,0,99.1,82.9,119.6,0.0,,1,0.9000000000000057,0.3000000000000019,낮음
2023-02-13,아산시,0,98.1,88.8,110.5,0.0,,1,1.9000000000000057,0.6333333333333352,낮음
2023-02-13,예산군,0,99.1,88.2,112.3,0.0,,1,0.9000000000000057,0.3000000000000019,낮음
2023-02-13,천안시,0,95.8,83.8,114.3,0.0,,1,4.200000000000003,1.400000000000001,낮음
2023-02-13,청양군,0,98.5,81.1,121.5,0.0,,1,1.5,0.5,낮음
2023-02-13,태안군,0,91.1,87.9,103.7,0.0,,1,8.900000000000006,2.9666666666666686,낮음
2023-02-13,홍성군,0,96.0,83.8,114.6,0.0,,1,4.0,1.3333333333333333,낮음
2023-02-14,계룡시,0,96.0,100.0,96.0,4.0,,1,4.0,2.6666666666666665,낮음
2023-02-14,공주시,0,95.9,73.6,130.3,0.0,,1,4.099999999999994,1.3666666666666647,낮음
2023-02-14,금산군,0,90.0,73.0,123.2,0.0,,1,10.0,3.3333333333333335,낮음
2023-02-14,논산시,0,87.6,84.0,104.4,0.0,,1,12.400000000000006,4.1333333333333355,낮음
2023-02-14,당진시,0,76.3,82.8,92.1,7.900000000000006,,1,23.700000000000003,10.533333333333337,낮음
2023-02-14,보령시,0,97.3,84.8,114.6,0.0,,1,2.700000000000003,0.9000000000000009,낮음
2023-02-14,부여군,0,97.1,77.7,125.0,0.0,,1,2.9000000000000057,0.9666666666666686,낮음
2023-02-14,서산시,0,96.7,83.7,115.4,0.0,,1,3.299999999999997,1.099999999999999,낮음
2023-02-14,서천군,0,99.2,82.9,119.6,0.0,,1,0.7999999999999972,0.2666666666666657,낮음
2023-02-14,아산시,0,98.1,88.9,110.3,0.0,,1,1.9000000000000057,0.6333333333333352,낮음
2023-02-14,예산군,0,99.1,88.3,112.2,0.0,,1,0.9000000000000057,0.3000000000000019,낮음
2023-02-14,천안시,0,95.8,83.8,114.3,0.0,,1,4.200000000000003,1.400000000000001,낮음
2023-02-14,청양군,0,98.6,81.2,121.5,0.0,,1,1.4000000000000057,0.46666666666666856,낮음
2023-02-14,태안군,0,90.8,88.0,103.2,0.0,,1,9.200000000000003,3.0666666666666678,낮음
2023-02-14,홍성군,0,96.1,83.9,114.6,0.0,,1,3.9000000000000057,1.3000000000000018,낮음
2023-02-15,계룡시,0,96.0,100.0,96.0,4.0,,1,4.0,2.6666666666666665,낮음
2023-02-15,공주시,0,95.6,73.6,129.9,0.0,,1,4.400000000000006,1.4666666666666686,낮음
2023-02-15,금산군,0,90.2,73.1,123.3,0.0,,1,9.799999999999997,3.2666666666666657,낮음
2023-02-15,논산시,0,87.6,84.2,104.1,0.0,,1,12.400000000000006,4.1333333333333355,낮음
2023-02-15,당진시,0,76.2,82.9,91.9,8.099999999999994,,1,23.799999999999997,10.633333333333331,낮음
2023-02-15,보령시,0,97.3,85.0,114.6,0.0,,1,2.700000000000003,0.9000000000000009,낮음
2023-02-15,부여군,0,97.2,77.8,125.0,0.0,,1,2.799999999999997,0.9333333333333323,낮음
2023-02-15,서산시,0,96.7,83.8,115.3,0.0,,1,3.299999999999997,1.099999999999999,낮음
2023-02-15,서천군,0,99.2,83.0,119.4,0.0,,1,0.7999999999999972,0.2666666666666657,낮음
2023-02-15,아산시,0,98.0,89.0,110.1,0.0,,1,2.0,0.6666666666666666,낮음
2023-02-15,예산군,0,99.1,88.5,112.0,0.0,,1,0.9000000000000057,0.3000000000000019,낮음
2023-02-15,천안시,0,95.8,83.9,114.2,0.0,,1,4.200000000000003,1.400000000000001,낮음
2023-02-15,청양군,0,98.6,81.2,121.4,0.0,,1,1.4000000000000057,0.46666666666666856,낮음
2023-02-15,태안군,0,90.8,88.0,103.1,0.0,,1,9.200000000000003,3.0666666666666678,낮음
2023-02-15,홍성군,0,96.2,84.0,114.5,0.0,,1,3.799999999999997,1.2666666666666657,낮음
2023-02-16,계룡시,0,96.0,100.0,96.0,4.0,,1,4.0,2.6666666666666665,낮음
2023-02-16,공주시,0,95.9,73.7,130.1,0.0,,1,4.099999999999994,1.3666666666666647,낮음
2023-02-16,금산군,0,90.1,73.2,123.2,0.0,,1,9.900000000000006,3.300000000000002,낮음
2023-02-16,논산시,0,87.7,84.4,103.9,0.0,,1,12.299999999999997,4.099999999999999,낮음
2023-02-16,당진시,0,76.3,83.0,91.9,8.099999999999994,,1,23.700000000000003,10.6,낮음
2023-02-16,보령시,0,97.4,85.1,114.5,0.0,,1,2.5999999999999943,0.8666666666666648,낮음
2023-02-16,부여군,0,97.2,77.9,124.9,0.0,,1,2.799999999999997,0.9333333333333323,낮음
2023-02-16,서산시,0,96.7,83.9,115.3,0.0,,1,3.299999999999997,1.099999999999999,낮음
2023-02-16,서천군,0,99.3,83.2,119.4,0.0,,1,0.7000000000000028,0.23333333333333428,낮음
2023-02-16,아산시,0,98.1,89.1,110.1,0.0,,1,1.9000000000000057,0.6333333333333352,낮음
2023-02-16,예산군,0,95.3,88.6,107.5,0.0,,1,4.700000000000003,1.5666666666666675,낮음
2023-02-16,천안시,0,95.9,84.0,114.2,0.0,,1,4.099999999999994,1.3666666666666647,낮음
2023-02-16,청양군,0,98.6,81.3,121.3,0.0,,1,1.4000000000000057,0.46666666666666856,낮음
2023-02-16,태안군,0,90.8,88.1,103.0,0.0,,1,9.200000000000003,3.0666666666666678,낮음
2023-02-16,홍성군,0,96.2,84.2,114.4,0.0,,1,3.799999999999997,1.2666666666666657,낮음
2023-02-17,계룡시,0,96.0,100.0,96.0,4.0,,1,4.0,2.6666666666666665,낮음
2023-02-17,공주시,0,95.9,73.7,130.0,0.0,,1,4.099999999999994,1.3666666666666647,낮음
2023-02-17,금산군,0,90.1,73.2,123.1,0.0,,1,9.900000000000006,3.300000000000002,낮음
2023-02-17,논산시,0,87.7,84.6,103.7,0.0,,1,12.299999999999997,4.099999999999999,낮음
2023-02-17,당진시,0,76.4,83.1,91.9,8.099999999999994,,1,23.599999999999994,10.566666666666663,낮음
2023-02-17,보령시,0,97.5,85.2,114.5,0.0,,1,2.5,0.8333333333333334,낮음
2023-02-17,부여군,0,97.3,77.9,124.8,0.0,,1,2.700000000000003,0.9000000000000009,낮음
2023-02-17,서산시,0,96.6,84.0,115.0,0.0,,1,3.4000000000000057,1.1333333333333353,낮음
2023-02-17,서천군,0,99.2,83.3,119.1,0.0,,1,0.7999999999999972,0.2666666666666657,낮음
2023-02-17,아산시,0,98.0,89.2,109.8,0.0,,1,2.0,0.6666666666666666,낮음
2023-02-17,예산군,0,95.3,88.8,107.3,0.0,,1,4.700000000000003,1.5666666666666675,낮음
2023-02-17,천안시,0,95.9,84.0,114.2,0.0,,1,4.099999999999994,1.3666666666666647,낮음
2023-02-17,청양군,0,98.6,81.3,121.2,0.0,,1,1.4000000000000057,0.46666666666666856,낮음
2023-02-17,태안군,0,90.8,88.1,103.0,0.0,,1,9.200000000000003,3.0666666666666678,낮음
2023-02-17,홍성군,0,96.3,84.3,114.2,0.0,,1,3.700000000000003,1.2333333333333343,낮음
2023-02-18,계룡시,0,96.0,100.0,96.0,4.0,,1,4.0,2.6666666666666665,낮음
2023-02-18,공주시,0,95.9,73.8,130.0,0.0,,1,4.099999999999994,1.3666666666666647,낮음
2023-02-18,금산군,0,90.1,73.3,122.9,0.0,,1,9.900000000000006,3.300000000000002,낮음
2023-02-18,논산시,0,87.7,84.7,103.6,0.0,,1,12.299999999999997,4.099999999999999,낮음
2023-02-18,당진시,0,76.4,83.2,91.8,8.200000000000003,,1,23.599999999999994,10.6,낮음
2023-02-18,보령시,0,97.5,85.3,114.4,0.0,,1,2.5,0.8333333333333334,낮음
2023-02-18,부여군,0,97.3,78.0,124.6,0.0,,1,2.700000000000003,0.9000000000000009,낮음
2023-02-18,서산시,0,96.6,84.1,114.9,0.0,,1,3.4000000000000057,1.1333333333333353,낮음
2023-02-18,서천군,0,99.2,83.4,119.0,0.0,,1,0.7999999999999972,0.2666666666666657,낮음
2023-02-18,아산시,0,98.0,89.4,109.6,0.0,,1,2.0,0.6666666666666666,낮음
2023-02-18,예산군,0,95.3,89.0,107.1,0.0,,1,4.700000000000003,1.5666666666666675,낮음
2023-02-18,천안시,0,95.9,84.0,114.1,0.0,,1,4.099999999999994,1.3666666666666647,낮음
2023-02-18,청양군,0,98.6,81.4,121.1,0.0,,1,1.4000000000000057,0.46666666666666856,낮음
2023-02-18,태안군,0,90.8,88.1,103.0,0.0,,1,9.200000000000003,3.0666666666666678,낮음
2023-02-18,홍성군,0,96.3,84.5,114.0,0.0,,1,3.700000000000003,1.2333333333333343,낮음
2023-02-19,계룡시,0,96.0,100.0,96.0,4.0,,1,4.0,2.6666666666666665,낮음
2023-02-19,공주시,0,95.9,73.8,129.9,0.0,,1,4.099999999999994,1.3666666666666647,낮음
2023-02-19,금산군,0,90.1,73.4,122.8,0.0,,1,9.900000000000006,3.300000000000002,낮음
2023-02-19,논산시,0,87.7,84.8,103.5,0.0,,1,12.299999999999997,4.099999999999999,낮음
2023-02-19,당진시,0,76.4,83.3,91.7,8.299999999999997,,1,23.599999999999994,10.633333333333331,낮음
2023-02-19,보령시,0,97.5,85.4,114.3,0.0,,1,2.5,0.8333333333333334,낮음
2023-02-19,부여군,0,97.3,78.1,124.5,0.0,,1,2.700000000000003,0.9000000000000009,낮음
2023-02-19,서산시,0,96.6,84.1,114.8,0.0,,1,3.4000000000000057,1.1333333333333353,낮음
2023-02-19,서천군,0,99.2,83.5,118.8,0.0,,1,0.7999999999999972,0.2666666666666657,낮음
2023-02-19,아산시,0,98.0,89.5,109.5,0.0,,1,2.0,0.6666666666666666,낮음
2023-02-19,예산군,0,95.3,89.1,106.9,0.0,,1,4.700000000000003,1.5666666666666675,낮음
2023-02-19,천안시,0,95.9,84.1,114.1,0.0,,1,4.099999999999994,1.3666666666666647,낮음
2023-02-19,청양군,0,98.6,81.5,121.0,0.0,,1,1.4000000000000057,0.46666666666666856,낮음
2023-02-19,태안군,0,90.8,88.2,102.9,0.0,,1,9.200000000000003,3.0666666666666678,낮음
2023-02-19,홍성군,0,96.3,84.6,113.8,0.0,,1,3.700000000000003,1.2333333333333343,낮음
2023-02-20,계룡시,0,96.0,100.0,96.0,4.0,,1,4.0,2.6666666666666665,낮음
2023-02-20,공주시,0,96.0,73.9,129.9,0.0,,1,4.0,1.3333333333333333,낮음
2023-02-20,금산군,0,90.3,73.5,122.8,0.0,,1,9.700000000000003,3.2333333333333343,낮음
2023-02-20,논산시,0,87.8,85.0,103.3,0.0,,1,12.200000000000003,4.066666666666667,낮음
2023-02-20,당진시,0,76.4,83.3,91.7,8.299999999999997,,1,23.599999999999994,10.633333333333331,낮음
2023-02-20,보령시,0,97.8,85.4,114.5,0.0,,1,2.200000000000003,0.7333333333333343,낮음
2023-02-20,부여군,0,97.6,79.1,123.3,0.0,,1,2.4000000000000057,0.8000000000000019,낮음
2023-02-20,서산시,0,96.6,84.3,114.6,0.0,,1,3.4000000000000057,1.1333333333333353,낮음
2023-02-20,서천군,0,99.3,83.6,118.8,0.0,,1,0.7000000000000028,0.23333333333333428,낮음
2023-02-20,아산시,0,98.1,89.7,109.4,0.0,,1,1.9000000000000057,0.6333333333333352,낮음
2023-02-20,예산군,0,95.9,89.3,107.4,0.0,,1,4.099999999999994,1.3666666666666647,낮음
2023-02-20,천안시,0,95.8,84.1,113.9,0.0,,1,4.200000000000003,1.400000000000001,낮음
2023-02-20,청양군,0,98.7,81.6,120.9,0.0,,1,1.2999999999999972,0.4333333333333324,낮음
2023-02-20,태안군,0,91.9,90.0,102.1,0.0,,1,8.099999999999994,2.699999999999998,낮음
2023-02-20,홍성군,0,96.3,84.8,113.6,0.0,,1,3.700000000000003,1.2333333333333343,낮음
2023-02-21,계룡시,0,96.0,100.0,96.0,4.0,,1,4.0,2.6666666666666665,낮음
2023-02-21,공주시,0,96.1,74.0,129.8,0.0,,1,3.9000000000000057,1.3000000000000018,낮음
2023-02-21,금산군,0,90.2,73.7,122.4,0.0,,1,9.799999999999997,3.2666666666666657,낮음
2023-02-21,논산시,0,87.9,85.2,103.2,0.0,,1,12.099999999999994,4.033333333333331,낮음
2023-02-21,당진시,0,76.0,83.5,91.0,9.0,,1,24.0,11.0,낮음
2023-02-21,보령시,0,97.9,85.5,114.5,0.0,,1,2.0999999999999943,0.6999999999999981,낮음
2023-02-21,부여군,0,97.6,79.2,123.2,0.0,,1,2.4000000000000057,0.8000000000000019,낮음
2023-02-21,서산시,0,96.8,84.4,114.7,0.0,,1,3.200000000000003,1.0666666666666675,낮음
2023-02-21,서천군,0,99.3,83.7,118.7,0.0,,1,0.7000000000000028,0.23333333333333428,낮음
2023-02-21,아산시,0,98.1,89.8,109.2,0.0,,1,1.9000000000000057,0.6333333333333352,낮음
2023-02-21,예산군,0,96.2,89.4,107.7,0.0,,1,3.799999999999997,1.2666666666666657,낮음
2023-02-21,천안시,0,95.8,84.1,113.8,0.0,,1,4.200000000000003,1.400000000000001,낮음
2023-02-21,청양군,0,98.6,81.6,120.8,0.0,,1,1.4000000000000057,0.46666666666666856,낮음
2023-02-21,태안군,0,91.9,90.0,102.1,0.0,,1,8.099999999999994,2.699999999999998,낮음
2023-02-21,홍성군,0,96.3,84.9,113.5,0.0,,1,3.700000000000003,1.2333333333333343,낮음
2023-02-22,계룡시,0,96.0,100.0,96.0,4.0,,1,4.0,2.6666666666666665,낮음
2023-02-22,공주시,0,96.0,74.1,129.6,0.0,,1,4.0,1.3333333333333333,낮음
2023-02-22,금산군,0,90.2,73.9,122.2,0.0,,1,9.799999999999997,3.2666666666666657,낮음
2023-02-22,논산시,0,88.1,85.3,103.3,0.0,,1,11.900000000000006,3.9666666666666686,낮음
2023-02-22,당진시,0,76.1,83.6,91.0,9.0,,1,23.900000000000006,10.966666666666669,낮음
2023-02-22,보령시,0,97.9,85.6,114.4,0.0,,1,2.0999999999999943,0.6999999999999981,낮음
2023-02-22,부여군,0,97.6,79.3,123.1,0.0,,1,2.4000000000000057,0.8000000000000019,낮음
2023-02-22,서산시,0,96.6,84.5,114.4,0.0,,1,3.4000000000000057,1.1333333333333353,낮음
2023-02-22,서천군,0,99.4,83.8,118.6,0.0,,1,0.5999999999999943,0.1999999999999981,낮음
2023-02-22,아산시,0,98.0,89.9,109.0,0.0,,1,2.0,0.6666666666666666,낮음
2023-02-22,예산군,0,96.4,89.5,107.8,0.0,,1,3.5999999999999943,1.1999999999999982,낮음
2023-02-22,천안시,0,95.8,84.2,113.8,0.0,,1,4.200000000000003,1.400000000000001,낮음
2023-02-22,청양군,0,98.6,81.7,120.7,0.0,,1,1.4000000000000057,0.46666666666666856,낮음
2023-02-22,태안군,0,91.9,90.1,102.0,0.0,,1,8.099999999999994,2.699999999999998,낮음
2023-02-22,홍성군,0,96.4,85.0,113.4,0.0,,1,3.5999999999999943,1.1999999999999982,낮음
2023-02-23,계룡시,0,96.0,100.0,96.0,4.0,,1,4.0,2.6666666666666665,낮음
2023-02-23,공주시,0,96.0,74.2,129.5,0.0,,1,4.0,1.3333333333333333,낮음
2023-02-23,금산군,0,90.2,74.0,121.8,0.0,,1,9.799999999999997,3.2666666666666657,낮음
2023-02-23,논산시,0,88.1,85.4,103.2,0.0,,1,11.900000000000006,3.9666666666666686,낮음
2023-02-23,당진시,0,76.1,83.7,90.9,9.099999999999994,,1,23.900000000000006,11.0,낮음
2023-02-23,보령시,0,98.0,85.6,114.5,0.0,,1,2.0,0.6666666666666666,낮음
2023-02-23,부여군,0,97.6,79.3,123.0,0.0,,1,2.4000000000000057,0.8000000000000019,낮음
2023-02-23,서산시,0,97.0,84.6,114.6,0.0,,1,3.0,1.0,낮음
2023-02-23,서천군,0,99.4,83.9,118.5,0.0,,1,0.5999999999999943,0.1999999999999981,낮음
2023-02-23,아산시,0,97.9,90.1,108.7,0.0,,1,2.0999999999999943,0.6999999999999981,낮음
2023-02-23,예산군,0,96.6,89.6,107.8,0.0,,1,3.4000000000000057,1.1333333333333353,낮음
2023-02-23,천안시,0,95.8,84.3,113.7,0.0,,1,4.200000000000003,1.400000000000001,낮음
2023-02-23,청양군,0,98.6,81.8,120.6,0.0,,1,1.4000000000000057,0.46666666666666856,낮음
2023-02-23,태안군,0,91.9,90.2,101.9,0.0,,1,8.099999999999994,2.699999999999998,낮음
2023-02-23,홍성군,0,96.5,85.1,113.4,0.0,,1,3.5,1.1666666666666667,낮음
2023-02-24,계룡시,0,96.0,100.0,96.0,4.0,,1,4.0,2.6666666666666665,낮음
2023-02-24,공주시,0,96.0,74.2,129.3,0.0,,1,4.0,1.3333333333333333,낮음
2023-02-24,금산군,0,90.2,74.2,121.6,0.0,,1,9.799999999999997,3.2666666666666657,낮음
2023-02-24,논산시,0,88.1,85.4,103.1,0.0,,1,11.900000000000006,3.9666666666666686,낮음
2023-02-24,당진시,0,75.9,83.8,90.6,9.400000000000006,,1,24.099999999999994,11.166666666666666,낮음
2023-02-24,보령시,0,98.1,85.7,114.5,0.0,,1,1.9000000000000057,0.6333333333333352,낮음
2023-02-24,부여군,0,97.7,79.4,123.0,0.0,,1,2.299999999999997,0.7666666666666657,낮음
2023-02-24,서산시,0,97.0,84.7,114.5,0.0,,1,3.0,1.0,낮음
2023-02-24,서천군,0,99.4,83.9,118.4,0.0,,1,0.5999999999999943,0.1999999999999981,낮음
2023-02-24,아산시,0,97.9,90.2,108.6,0.0,,1,2.0999999999999943,0.6999999999999981,낮음
2023-02-24,예산군,0,96.9,89.7,108.0,0.0,,1,3.0999999999999943,1.0333333333333314,낮음
2023-02-24,천안시,0,95.9,84.3,113.7,0.0,,1,4.099999999999994,1.3666666666666647,낮음
2023-02-24,청양군,0,98.6,81.8,120.5,0.0,,1,1.4000000000000057,0.46666666666666856,낮음
2023-02-24,태안군,0,91.8,90.2,101.8,0.0,,1,8.200000000000003,2.7333333333333343,낮음
2023-02-24,홍성군,0,96.6,85.2,113.3,0.0,,1,3.4000000000000057,1.1333333333333353,낮음
2023-02-25,계룡시,0,96.0,100.0,96.0,4.0,,1,4.0,2.6666666666666665,낮음
2023-02-25,공주시,0,96.0,74.3,129.2,0.0,,1,4.0,1.3333333333333333,낮음
2023-02-25,금산군,0,90.2,74.4,121.3,0.0,,1,9.799999999999997,3.2666666666666657,낮음
2023-02-25,논산시,0,88.1,85.7,102.8,0.0,,1,11.900000000000006,3.9666666666666686,낮음
2023-02-25,당진시,0,75.9,83.9,90.5,9.5,,1,24.099999999999994,11.199999999999998,낮음
2023-02-25,보령시,0,98.1,85.7,114.4,0.0,,1,1.9000000000000057,0.6333333333333352,낮음
2023-02-25,부여군,0,97.7,79.5,122.9,0.0,,1,2.299999999999997,0.7666666666666657,낮음
2023-02-25,서산시,0,97.0,84.8,114.4,0.0,,1,3.0,1.0,낮음
2023-02-25,서천군,0,99.4,84.0,118.3,0.0,,1,0.5999999999999943,0.1999999999999981,낮음
2023-02-25,아산시,0,97.9,90.3,108.5,0.0,,1,2.0999999999999943,0.6999999999999981,낮음
2023-02-25,예산군,0,96.9,89.8,107.9,0.0,,1,3.0999999999999943,1.0333333333333314,낮음
2023-02-25,천안시,0,95.9,84.4,113.6,0.0,,1,4.099999999999994,1.3666666666666647,낮음
2023-02-25,청양군,0,98.6,81.9,120.4,0.0,,1,1.4000000000000057,0.46666666666666856,낮음
2023-02-25,태안군,0,91.8,90.3,101.7,0.0,,1,8.200000000000003,2.7333333333333343,낮음
2023-02-25,홍성군,0,96.6,85.4,113.1,0.0,,1,3.4000000000000057,1.1333333333333353,낮음
2023-02-26,계룡시,0,96.0,100.0,96.0,4.0,,1,4.0,2.6666666666666665,낮음
2023-02-26,공주시,0,96.0,74.4,129.1,0.0,,1,4.0,1.3333333333333333,낮음
2023-02-26,금산군,0,90.2,74.5,121.1,0.0,,1,9.799999999999997,3.2666666666666657,낮음
2023-02-26,논산시,0,88.1,85.9,102.6,0.0,,1,11.900000000000006,3.9666666666666686,낮음
2023-02-26,당진시,0,75.9,84.0,90.4,9.599999999999994,,1,24.099999999999994,11.233333333333329,낮음
2023-02-26,보령시,0,98.1,85.7,114.4,0.0,,1,1.9000000000000057,0.6333333333333352,낮음
2023-02-26,부여군,0,97.7,79.6,122.7,0.0,,1,2.299999999999997,0.7666666666666657,낮음
2023-02-26,서산시,0,97.0,85.0,114.2,0.0,,1,3.0,1.0,낮음
2023-02-26,서천군,0,99.4,84.1,118.2,0.0,,1,0.5999999999999943,0.1999999999999981,낮음
2023-02-26,아산시,0,97.9,90.4,108.3,0.0,,1,2.0999999999999943,0.6999999999999981,낮음
2023-02-26,예산군,0,96.9,89.9,107.8,0.0,,1,3.0999999999999943,1.0333333333333314,낮음
2023-02-26,천안시,0,95.9,84.4,113.5,0.0,,1,4.099999999999994,1.3666666666666647,낮음
2023-02-26,청양군,0,98.6,82.0,120.3,0.0,,1,1.4000000000000057,0.46666666666666856,낮음
2023-02-26,태안군,0,91.8,90.3,101.7,0.0,,1,8.200000000000003,2.7333333333333343,낮음
2023-02-26,홍성군,0,96.6,85.5,113.0,0.0,,1,3.4000000000000057,1.1333333333333353,낮음
2023-02-27,계룡시,0,96.0,100.0,96.0,4.0,,1,4.0,2.6666666666666665,낮음
2023-02-27,공주시,0,96.0,74.4,129.0,0.0,,1,4.0,1.3333333333333333,낮음
2023-02-27,금산군,0,90.2,74.7,120.9,0.0,,1,9.799999999999997,3.2666666666666657,낮음
2023-02-27,논산시,0,88.5,86.0,102.9,0.0,,1,11.5,3.8333333333333335,낮음
2023-02-27,당진시,0,75.7,84.0,90.1,9.900000000000006,,1,24.299999999999997,11.4,낮음
2023-02-27,보령시,0,98.3,85.8,114.6,0.0,,1,1.7000000000000028,0.5666666666666677,낮음
2023-02-27,부여군,0,97.7,79.7,122.7,0.0,,1,2.299999999999997,0.7666666666666657,낮음
2023-02-27,서산시,0,96.8,85.1,113.7,0.0,,1,3.200000000000003,1.0666666666666675,낮음
2023-02-27,서천군,0,99.4,84.2,118.1,0.0,,1,0.5999999999999943,0.1999999999999981,낮음
2023-02-27,아산시,0,98.2,90.5,108.4,0.0,,1,1.7999999999999972,0.5999999999999991,낮음
2023-02-27,예산군,0,97.3,90.0,108.1,0.0,,1,2.700000000000003,0.9000000000000009,낮음
2023-02-27,천안시,0,95.8,84.5,113.4,0.0,,1,4.200000000000003,1.400000000000001,낮음
2023-02-27,청양군,0,98.7,82.0,120.3,0.0,,1,1.2999999999999972,0.4333333333333324,낮음
2023-02-27,태안군,0,91.8,90.4,101.6,0.0,,1,8.200000000000003,2.7333333333333343,낮음
2023-02-27,홍성군,0,96.7,85.6,112.9,0.0,,1,3.299999999999997,1.099999999999999,낮음
2023-02-28,계룡시,0,96.0,100.0,96.0,4.0,,1,4.0,2.6666666666666665,낮음
2023-02-28,공주시,0,96.1,74.5,129.0,0.0,,1,3.9000000000000057,1.3000000000000018,낮음
2023-02-28,금산군,0,90.5,74.8,120.9,0.0,,1,9.5,3.1666666666666665,낮음
2023-02-28,논산시,0,88.5,86.0,102.9,0.0,,1,11.5,3.8333333333333335,낮음
2023-02-28,당진시,0,76.0,84.1,90.3,9.700000000000003,,1,24.0,11.233333333333334,낮음
2023-02-28,보령시,0,98.3,85.9,114.4,0.0,,1,1.7000000000000028,0.5666666666666677,낮음
2023-02-28,부여군,0,97.8,79.7,122.7,0.0,,1,2.200000000000003,0.7333333333333343,낮음
2023-02-28,서산시,0,97.1,85.2,114.0,0.0,,1,2.9000000000000057,0.9666666666666686,낮음
2023-02-28,서천군,0,99.5,84.2,118.1,0.0,,1,0.5,0.16666666666666666,낮음
2023-02-28,아산시,0,97.9,90.6,108.0,0.0,,1,2.0999999999999943,0.6999999999999981,낮음
2023-02-28,예산군,0,97.4,90.1,108.1,0.0,,1,2.5999999999999943,0.8666666666666648,낮음
2023-02-28,천안시,0,95.8,84.6,113.2,0.0,,1,4.200000000000003,1.400000000000001,낮음
2023-02-28,청양군,0,98.7,82.1,120.2,0.0,,1,1.2999999999999972,0.4333333333333324,낮음
2023-02-28,태안군,0,90.6,90.4,100.1,0.0,,1,9.400000000000006,3.133333333333335,낮음
2023-02-28,홍성군,0,96.3,85.7,112.3,0.0,,1,3.700000000000003,1.2333333333333343,낮음
2023-03-01,계룡시,0,96.0,100.0,96.0,4.0,,1,4.0,2.6666666666666665,낮음
2023-03-01,공주시,0,96.1,74.5,128.9,0.0,,1,3.9000000000000057,1.3000000000000018,낮음
2023-03-01,금산군,0,90.5,75.0,120.5,0.0,,1,9.5,3.1666666666666665,낮음
2023-03-01,논산시,0,88.5,86.1,102.8,0.0,,1,11.5,3.8333333333333335,낮음
2023-03-01,당진시,0,76.0,84.2,90.2,9.799999999999997,,1,24.0,11.266666666666666,낮음
2023-03-01,보령시,0,98.3,86.0,114.2,0.0,,1,1.7000000000000028,0.5666666666666677,낮음
2023-03-01,부여군,0,97.8,79.8,122.4,0.0,,1,2.200000000000003,0.7333333333333343,낮음
2023-03-01,서산시,0,97.1,85.3,113.8,0.0,,1,2.9000000000000057,0.9666666666666686,낮음
2023-03-01,서천군,0,99.2,84.3,117.7,0.0,,1,0.7999999999999972,0.2666666666666657,낮음
2023-03-01,아산시,0,97.9,90.7,107.9,0.0,,1,2.0999999999999943,0.6999999999999981,낮음
2023-03-01,예산군,0,97.4,90.2,108.0,0.0,,1,2.5999999999999943,0.8666666666666648,낮음
2023-03-01,천안시,0,95.8,84.8,113.0,0.0,,1,4.200000000000003,1.400000000000001,낮음
2023-03-01,청양군,0,98.7,82.2,120.0,0.0,,1,1.2999999999999972,0.4333333333333324,낮음
2023-03-01,태안군,0,90.6,90.5,100.0,0.0,,1,9.400000000000006,3.133333333333335,낮음
2023-03-01,홍성군,0,96.3,85.9,112.1,0.0,,1,3.700000000000003,1.2333333333333343,낮음
2023-03-02,계룡시,0,96.0,100.0,96.0,4.0,,2,4.0,2.6666666666666665,낮음
2023-03-02,공주시,0,96.1,74.6,128.7,0.0,,2,3.9000000000000057,1.3000000000000018,낮음
2023-03-02,금산군,0,90.5,75.2,120.2,0.0,,2,9.5,3.1666666666666665,낮음
2023-03-02,논산시,0,88.5,86.3,102.5,0.0,,2,11.5,3.8333333333333335,낮음
2023-03-02,당진시,0,75.7,84.3,89.8,10.200000000000003,,2,24.299999999999997,11.5,낮음
2023-03-02,보령시,0,98.5,86.2,114.3,0.0,,2,1.5,0.5,낮음
2023-03-02,부여군,0,97.8,80.0,122.2,0.0,,2,2.200000000000003,0.7333333333333343,낮음
2023-03-02,서산시,0,97.2,85.5,113.7,0.0,,2,2.799999999999997,0.9333333333333323,낮음
2023-03-02,서천군,0,99.3,84.4,117.7,0.0,,2,0.7000000000000028,0.23333333333333428,낮음
2023-03-02,아산시,0,98.4,90.9,108.3,0.0,,2,1.5999999999999943,0.5333333333333314,낮음
2023-03-02,예산군,0,97.6,90.3,108.1,0.0,,2,2.4000000000000057,0.8000000000000019,낮음
2023-03-02,천안시,0,95.8,84.9,112.8,0.0,,2,4.200000000000003,1.400000000000001,낮음
2023-03-02,청양군,0,98.7,82.3,119.9,0.0,,2,1.2999999999999972,0.4333333333333324,낮음
2023-03-02,태안군,0,90.5,90.7,99.8,0.20000000000000284,,2,9.5,3.2333333333333343,낮음
2023-03-02,홍성군,0,96.3,86.0,111.9,0.0,,2,3.700000000000003,1.2333333333333343,낮음
2023-03-03,계룡시,0,96.0,100.0,96.0,4.0,,1,4.0,2.6666666666666665,낮음
2023-03-03,공주시,0,96.1,74.7,128.6,0.0,,1,3.9000000000000057,1.3000000000000018,낮음
2023-03-03,금산군,0,90.5,75.4,120.1,0.0,,1,9.5,3.1666666666666665,낮음
2023-03-03,논산시,0,88.6,86.6,102.3,0.0,,1,11.400000000000006,3.800000000000002,낮음
2023-03-03,당진시,0,75.7,84.4,89.7,10.299999999999997,,1,24.299999999999997,11.533333333333331,낮음
2023-03-03,보령시,0,98.6,86.3,114.3,0.0,,1,1.4000000000000057,0.46666666666666856,낮음
2023-03-03,부여군,0,97.9,80.1,122.3,0.0,,1,2.0999999999999943,0.6999999999999981,낮음
2023-03-03,서산시,0,97.2,85.5,113.6,0.0,,1,2.799999999999997,0.9333333333333323,낮음
2023-03-03,서천군,0,99.4,84.5,117.6,0.0,,1,0.5999999999999943,0.1999999999999981,낮음
2023-03-03,아산시,0,98.3,91.0,108.1,0.0,,1,1.7000000000000028,0.5666666666666677,낮음
2023-03-03,예산군,0,97.7,90.3,108.1,0.0,,1,2.299999999999997,0.7666666666666657,낮음
2023-03-03,천안시,0,95.8,85.1,112.6,0.0,,1,4.200000000000003,1.400000000000001,낮음
2023-03-03,청양군,0,98.7,82.3,120.0,0.0,,1,1.2999999999999972,0.4333333333333324,낮음
2023-03-03,태안군,0,90.5,90.8,99.7,0.29999999999999716,,1,9.5,3.2666666666666657,낮음
2023-03-03,홍성군,0,96.4,86.2,111.9,0.0,,1,3.5999999999999943,1.1999999999999982,낮음
2023-03-04,계룡시,0,96.0,100.0,96.0,4.0,,1,4.0,2.6666666666666665,낮음
2023-03-04,공주시,0,96.1,74.8,128.5,0.0,,1,3.9000000000000057,1.3000000000000018,낮음
2023-03-04,금산군,0,90.5,75.5,119.8,0.0,,1,9.5,3.1666666666666665,낮음
2023-03-04,논산시,0,88.6,86.7,102.2,0.0,,1,11.400000000000006,3.800000000000002,낮음
2023-03-04,당진시,0,75.7,84.5,89.6,10.400000000000006,,1,24.299999999999997,11.566666666666668,낮음
2023-03-04,보령시,0,98.6,86.4,114.1,0.0,,1,1.4000000000000057,0.46666666666666856,낮음
2023-03-04,부여군,0,97.9,80.1,122.1,0.0,,1,2.0999999999999943,0.6999999999999981,낮음
2023-03-04,서산시,0,97.2,85.6,113.5,0.0,,1,2.799999999999997,0.9333333333333323,낮음
2023-03-04,서천군,0,99.4,84.6,117.5,0.0,,1,0.5999999999999943,0.1999999999999981,낮음
2023-03-04,아산시,0,98.3,91.1,107.9,0.0,,1,1.7000000000000028,0.5666666666666677,낮음
2023-03-04,예산군,0,97.7,90.5,107.9,0.0,,1,2.299999999999997,0.7666666666666657,낮음
2023-03-04,천안시,0,95.8,85.2,112.5,0.0,,1,4.200000000000003,1.400000000000001,낮음
2023-03-04,청양군,0,98.7,82.4,119.8,0.0,,1,1.2999999999999972,0.4333333333333324,낮음
2023-03-04,태안군,0,90.5,90.9,99.5,0.5,,1,9.5,3.3333333333333335,낮음
2023-03-04,홍성군,0,96.4,86.3,111.7,0.0,,1,3.5999999999999943,1.1999999999999982,낮음
2023-03-05,계룡시,0,96.0,100.0,96.0,4.0,,1,4.0,2.6666666666666665,낮음
2023-03-05,공주시,0,96.1,74.9,128.3,0.0,,1,3.9000000000000057,1.3000000000000018,낮음
2023-03-05,금산군,0,90.5,75.7,119.5,0.0,,1,9.5,3.1666666666666665,낮음
2023-03-05,논산시,0,88.6,86.8,102.1,0.0,,1,11.400000000000006,3.800000000000002,낮음
2023-03-05,당진시,0,75.7,84.6,89.5,10.5,,1,24.299999999999997,11.6,낮음
2023-03-05,보령시,0,98.6,86.5,114.0,0.0,,1,1.4000000000000057,0.46666666666666856,낮음
2023-03-05,부여군,0,97.9,80.2,122.0,0.0,,1,2.0999999999999943,0.6999999999999981,낮음
2023-03-05,서산시,0,97.2,85.7,113.4,0.0,,1,2.799999999999997,0.9333333333333323,낮음
2023-03-05,서천군,0,99.4,84.7,117.4,0.0,,1,0.5999999999999943,0.1999999999999981,낮음
2023-03-05,아산시,0,98.3,91.2,107.8,0.0,,1,1.7000000000000028,0.5666666666666677,낮음
2023-03-05,예산군,0,97.7,90.7,107.7,0.0,,1,2.299999999999997,0.7666666666666657,낮음
2023-03-05,천안시,0,95.8,85.3,112.3,0.0,,1,4.200000000000003,1.400000000000001,낮음
2023-03-05,청양군,0,98.7,82.5,119.7,0.0,,1,1.2999999999999972,0.4333333333333324,낮음
2023-03-05,태안군,0,90.5,91.1,99.4,0.5999999999999943,,1,9.5,3.366666666666665,낮음
2023-03-05,홍성군,0,96.4,86.3,111.6,0.0,,1,3.5999999999999943,1.1999999999999982,낮음
2023-03-06,계룡시,0,96.0,100.0,96.0,4.0,,1,4.0,2.6666666666666665,낮음
2023-03-06,공주시,0,96.1,75.0,128.1,0.0,,1,3.9000000000000057,1.3000000000000018,낮음
2023-03-06,금산군,0,90.5,76.0,119.1,0.0,,1,9.5,3.1666666666666665,낮음
2023-03-06,논산시,0,88.8,86.9,102.2,0.0,,1,11.200000000000003,3.7333333333333343,낮음
2023-03-06,당진시,0,75.6,84.6,89.3,10.700000000000003,,1,24.400000000000006,11.700000000000003,낮음
2023-03-06,보령시,0,98.8,86.6,114.0,0.0,,1,1.2000000000000028,0.40000000000000097,낮음
2023-03-06,부여군,0,97.9,80.3,122.0,0.0,,1,2.0999999999999943,0.6999999999999981,낮음
2023-03-06,서산시,0,97.3,85.9,113.3,0.0,,1,2.700000000000003,0.9000000000000009,낮음
2023-03-06,서천군,0,99.1,84.8,116.9,0.0,,1,0.9000000000000057,0.3000000000000019,낮음
2023-03-06,아산시,0,98.6,91.4,108.0,0.0,,1,1.4000000000000057,0.46666666666666856,낮음
2023-03-06,예산군,0,98.1,90.8,108.0,0.0,,1,1.9000000000000057,0.6333333333333352,낮음
2023-03-06,천안시,0,95.8,85.4,112.2,0.0,,1,4.200000000000003,1.400000000000001,낮음
2023-03-06,청양군,0,98.7,82.6,119.5,0.0,,1,1.2999999999999972,0.4333333333333324,낮음
2023-03-06,태안군,0,90.4,91.2,99.1,0.9000000000000057,,1,9.599999999999994,3.5,낮음
2023-03-06,홍성군,0,96.5,86.4,111.6,0.0,,1,3.5,1.1666666666666667,낮음
2023-03-07,계룡시,0,96.0,100.0,96.0,4.0,,1,4.0,2.6666666666666665,낮음
2023-03-07,공주시,0,96.0,75.1,127.8,0.0,,1,4.0,1.3333333333333333,낮음
2023-03-07,금산군,0,90.9,76.2,119.3,0.0,,1,9.099999999999994,3.0333333333333314,낮음
2023-03-07,논산시,0,88.6,87.0,101.9,0.0,,1,11.400000000000006,3.800000000000002,낮음
2023-03-07,당진시,0,75.6,84.7,89.3,10.700000000000003,,1,24.400000000000006,11.700000000000003,낮음
2023-03-07,보령시,0,98.6,86.7,113.7,0.0,,1,1.4000000000000057,0.46666666666666856,낮음
2023-03-07,부여군,0,98.0,80.3,122.1,0.0,,1,2.0,0.6666666666666666,낮음
2023-03-07,서산시,0,97.3,86.0,113.1,0.0,,1,2.700000000000003,0.9000000000000009,낮음
2023-03-07,서천군,0,99.4,84.9,117.2,0.0,,1,0.5999999999999943,0.1999999999999981,낮음
2023-03-07,아산시,0,98.9,91.5,108.2,0.0,,1,1.0999999999999943,0.36666666666666475,낮음
2023-03-07,예산군,0,98.3,91.0,108.0,0.0,,1,1.7000000000000028,0.5666666666666677,낮음
2023-03-07,천안시,0,95.8,85.5,112.1,0.0,,1,4.200000000000003,1.400000000000001,낮음
2023-03-07,청양군,0,98.7,82.7,119.4,0.0,,1,1.2999999999999972,0.4333333333333324,낮음
2023-03-07,태안군,0,90.5,91.3,99.1,0.9000000000000057,,1,9.5,3.4666666666666686,낮음
2023-03-07,홍성군,0,96.6,86.5,111.6,0.0,,1,3.4000000000000057,1.1333333333333353,낮음
2023-03-08,계룡시,0,96.0,100.0,96.0,4.0,,1,4.0,2.6666666666666665,낮음
2023-03-08,공주시,0,95.9,75.2,127.5,0.0,,1,4.099999999999994,1.3666666666666647,낮음
2023-03-08,금산군,0,91.0,76.4,119.1,0.0,,1,9.0,3.0,낮음
2023-03-08,논산시,0,88.6,87.1,101.8,0.0,,1,11.400000000000006,3.800000000000002,낮음
2023-03-08,당진시,0,75.8,84.7,89.5,10.5,,1,24.200000000000003,11.566666666666668,낮음
2023-03-08,보령시,0,98.6,86.8,113.5,0.0,,1,1.4000000000000057,0.46666666666666856,낮음
2023-03-08,부여군,0,98.0,80.3,122.0,0.0,,1,2.0,0.6666666666666666,낮음
2023-03-08,서산시,0,97.2,86.1,112.9,0.0,,1,2.799999999999997,0.9333333333333323,낮음
2023-03-08,서천군,0,99.3,84.9,116.9,0.0,,1,0.7000000000000028,0.23333333333333428,낮음
2023-03-08,아산시,0,98.9,91.5,108.1,0.0,,1,1.0999999999999943,0.36666666666666475,낮음
2023-03-08,예산군,0,98.3,91.1,107.9,0.0,,1,1.7000000000000028,0.5666666666666677,낮음
2023-03-08,천안시,0,95.8,85.6,112.0,0.0,,1,4.200000000000003,1.400000000000001,낮음
2023-03-08,청양군,0,98.7,82.7,119.3,0.0,,1,1.2999999999999972,0.4333333333333324,낮음
2023-03-08,태안군,0,90.5,91.4,99.0,1.0,,1,9.5,3.5,낮음
2023-03-08,홍성군,0,96.6,86.6,111.5,0.0,,1,3.4000000000000057,1.1333333333333353,낮음
2023-03-09,계룡시,0,96.0,100.0,96.0,4.0,,1,4.0,2.6666666666666665,낮음
2023-03-09,공주시,0,95.9,75.4,127.3,0.0,,1,4.099999999999994,1.3666666666666647,낮음
2023-03-09,금산군,0,90.8,76.5,118.7,0.0,,1,9.200000000000003,3.0666666666666678,낮음
2023-03-09,논산시,0,88.6,87.1,101.7,0.0,,1,11.400000000000006,3.800000000000002,낮음
2023-03-09,당진시,0,75.6,84.7,89.2,10.799999999999997,,1,24.400000000000006,11.733333333333334,낮음
2023-03-09,보령시,0,98.8,87.0,113.6,0.0,,1,1.2000000000000028,0.40000000000000097,낮음
2023-03-09,부여군,0,98.0,80.4,121.9,0.0,,1,2.0,0.6666666666666666,낮음
2023-03-09,서산시,0,97.3,86.2,112.8,0.0,,1,2.700000000000003,0.9000000000000009,낮음
2023-03-09,서천군,0,99.3,84.9,116.9,0.0,,1,0.7000000000000028,0.23333333333333428,낮음
2023-03-09,아산시,0,99.0,91.6,108.1,0.0,,1,1.0,0.3333333333333333,낮음
2023-03-09,예산군,0,98.4,91.2,107.9,0.0,,1,1.5999999999999943,0.5333333333333314,낮음
2023-03-09,천안시,0,95.8,85.7,111.8,0.0,,1,4.200000000000003,1.400000000000001,낮음
2023-03-09,청양군,0,98.7,82.8,119.2,0.0,,1,1.2999999999999972,0.4333333333333324,낮음
2023-03-09,태안군,0,90.4,91.5,98.9,1.0999999999999943,,1,9.599999999999994,3.566666666666663,낮음
2023-03-09,홍성군,0,96.6,86.7,111.4,0.0,,1,3.4000000000000057,1.1333333333333353,낮음
2023-03-10,계룡시,0,96.0,100.0,96.0,4.0,,1,4.0,2.6666666666666665,낮음
2023-03-10,공주시,0,96.0,75.4,127.3,0.0,,1,4.0,1.3333333333333333,낮음
2023-03-10,금산군,0,90.6,76.6,118.3,0.0,,1,9.400000000000006,3.133333333333335,낮음
2023-03-10,논산시,0,88.8,87.2,101.9,0.0,,1,11.200000000000003,3.7333333333333343,낮음
2023-03-10,당진시,0,75.6,84.8,89.1,10.900000000000006,,1,24.400000000000006,11.766666666666671,낮음
2023-03-10,보령시,0,98.8,87.1,113.5,0.0,,1,1.2000000000000028,0.40000000000000097,낮음
2023-03-10,부여군,0,98.0,80.5,121.8,0.0,,1,2.0,0.6666666666666666,낮음
2023-03-10,서산시,0,97.3,86.3,112.7,0.0,,1,2.700000000000003,0.9000000000000009,낮음
2023-03-10,서천군,0,99.5,85.0,117.1,0.0,,1,0.5,0.16666666666666666,낮음
2023-03-10,아산시,0,99.1,91.6,108.2,0.0,,1,0.9000000000000057,0.3000000000000019,낮음
2023-03-10,예산군,0,98.4,91.3,107.8,0.0,,1,1.5999999999999943,0.5333333333333314,낮음
2023-03-10,천안시,0,95.8,85.8,111.7,0.0,,1,4.200000000000003,1.400000000000001,낮음
2023-03-10,청양군,0,98.7,82.9,119.1,0.0,,1,1.2999999999999972,0.4333333333333324,낮음
2023-03-10,태안군,0,90.5,91.5,98.9,1.0999999999999943,,1,9.5,3.5333333333333314,낮음
2023-03-10,홍성군,0,96.8,86.8,111.5,0.0,,1,3.200000000000003,1.0666666666666675,낮음
2023-03-11,계룡시,0,96.0,100.0,96.0,4.0,,1,4.0,2.6666666666666665,낮음
2023-03-11,공주시,0,96.0,75.5,127.2,0.0,,1,4.0,1.3333333333333333,낮음
2023-03-11,금산군,0,90.6,76.7,118.2,0.0,,1,9.400000000000006,3.133333333333335,낮음
2023-03-11,논산시,0,88.8,87.2,101.8,0.0,,1,11.200000000000003,3.7333333333333343,낮음
2023-03-11,당진시,0,75.6,84.9,89.1,10.900000000000006,,1,24.400000000000006,11.766666666666671,낮음
2023-03-11,보령시,0,98.8,87.2,113.4,0.0,,1,1.2000000000000028,0.40000000000000097,낮음
2023-03-11,부여군,0,98.0,80.5,121.7,0.0,,1,2.0,0.6666666666666666,낮음
2023-03-11,서산시,0,97.3,86.4,112.7,0.0,,1,2.700000000000003,0.9000000000000009,낮음
2023-03-11,서천군,0,99.5,85.0,117.1,0.0,,1,0.5,0.16666666666666666,낮음
2023-03-11,아산시,0,99.1,91.7,108.1,0.0,,1,0.9000000000000057,0.3000000000000019,낮음
2023-03-11,예산군,0,98.4,91.4,107.6,0.0,,1,1.5999999999999943,0.5333333333333314,낮음
2023-03-11,천안시,0,95.8,85.8,111.6,0.0,,1,4.200000000000003,1.400000000000001,낮음
2023-03-11,청양군,0,98.7,83.0,119.0,0.0,,1,1.2999999999999972,0.4333333333333324,낮음
2023-03-11,태안군,0,90.5,91.5,98.9,1.0999999999999943,,1,9.5,3.5333333333333314,낮음
2023-03-11,홍성군,0,96.8,86.8,111.4,0.0,,1,3.200000000000003,1.0666666666666675,낮음
2023-03-12,계룡시,0,96.0,100.0,96.0,4.0,,1,4.0,2.6666666666666665,낮음
2023-03-12,공주시,0,96.0,75.5,127.1,0.0,,1,4.0,1.3333333333333333,낮음
2023-03-12,금산군,0,90.6,76.8,118.1,0.0,,1,9.400000000000006,3.133333333333335,낮음
2023-03-12,논산시,0,88.8,87.3,101.8,0.0,,1,11.200000000000003,3.7333333333333343,낮음
2023-03-12,당진시,0,75.6,84.9,89.0,11.0,,1,24.400000000000006,11.800000000000002,낮음
2023-03-12,보령시,0,98.8,87.2,113.3,0.0,,1,1.2000000000000028,0.40000000000000097,낮음
2023-03-12,부여군,0,98.0,80.6,121.7,0.0,,1,2.0,0.6666666666666666,낮음
2023-03-12,서산시,0,97.3,86.4,112.6,0.0,,1,2.700000000000003,0.9000000000000009,낮음
2023-03-12,서천군,0,99.5,85.1,117.0,0.0,,1,0.5,0.16666666666666666,낮음
2023-03-12,아산시,0,99.1,91.8,108.0,0.0,,1,0.9000000000000057,0.3000000000000019,낮음
2023-03-12,예산군,0,98.4,91.6,107.5,0.0,,1,1.5999999999999943,0.5333333333333314,낮음
2023-03-12,천안시,0,95.8,85.9,111.5,0.0,,1,4.200000000000003,1.400000000000001,낮음
2023-03-12,청양군,0,98.7,83.0,118.9,0.0,,1,1.2999999999999972,0.4333333333333324,낮음
2023-03-12,태안군,0,90.5,91.6,98.8,1.2000000000000028,,1,9.5,3.5666666666666678,낮음
2023-03-12,홍성군,0,96.8,86.9,111.4,0.0,,1,3.200000000000003,1.0666666666666675,낮음
2023-03-13,계룡시,0,96.0,100.0,96.0,4.0,,1,4.0,2.6666666666666665,낮음
2023-03-13,공주시,0,96.0,75.6,127.0,0.0,,1,4.0,1.3333333333333333,낮음
2023-03-13,금산군,0,90.7,76.9,118.0,0.0,,1,9.299999999999997,3.099999999999999,낮음
2023-03-13,논산시,0,89.0,87.3,102.0,0.0,,1,11.0,3.6666666666666665,낮음
2023-03-13,당진시,0,75.3,85.0,88.6,11.400000000000006,,1,24.700000000000003,12.033333333333337,낮음
2023-03-13,보령시,0,98.8,87.3,113.2,0.0,,1,1.2000000000000028,0.40000000000000097,낮음
2023-03-13,부여군,0,98.1,80.6,121.7,0.0,,1,1.9000000000000057,0.6333333333333352,낮음
2023-03-13,서산시,0,97.4,86.5,112.6,0.0,,1,2.5999999999999943,0.8666666666666648,낮음
2023-03-13,서천군,0,99.7,85.2,117.0,0.0,,1,0.29999999999999716,0.09999999999999905,낮음
2023-03-13,아산시,0,99.2,91.9,107.9,0.0,,1,0.7999999999999972,0.2666666666666657,낮음
2023-03-13,예산군,0,99.0,91.8,107.9,0.0,,1,1.0,0.3333333333333333,낮음
2023-03-13,천안시,0,95.9,86.0,111.5,0.0,,1,4.099999999999994,1.3666666666666647,낮음
2023-03-13,청양군,0,98.7,83.0,118.8,0.0,,1,1.2999999999999972,0.4333333333333324,낮음
2023-03-13,태안군,0,90.5,91.6,98.8,1.2000000000000028,,1,9.5,3.5666666666666678,낮음
2023-03-13,홍성군,0,97.0,86.9,111.6,0.0,,1,3.0,1.0,낮음
2023-03-14,계룡시,0,96.0,100.0,96.0,4.0,,1,4.0,2.6666666666666665,낮음
2023-03-14,공주시,0,96.0,75.7,126.9,0.0,,1,4.0,1.3333333333333333,낮음
2023-03-14,금산군,0,91.0,77.1,118.1,0.0,,1,9.0,3.0,낮음
2023-03-14,논산시,0,89.3,87.4,102.1,0.0,,1,10.700000000000003,3.5666666666666678,낮음
2023-03-14,당진시,0,75.2,85.1,88.4,11.599999999999994,,1,24.799999999999997,12.133333333333331,낮음
2023-03-14,보령시,0,98.8,87.4,113.0,0.0,,1,1.2000000000000028,0.40000000000000097,낮음
2023-03-14,부여군,0,98.1,80.7,121.6,0.0,,1,1.9000000000000057,0.6333333333333352,낮음
2023-03-14,서산시,0,97.5,86.6,112.5,0.0,,1,2.5,0.8333333333333334,낮음
2023-03-14,서천군,0,99.7,85.3,116.9,0.0,,1,0.29999999999999716,0.09999999999999905,낮음
2023-03-14,아산시,0,99.2,92.0,107.8,0.0,,1,0.7999999999999972,0.2666666666666657,낮음
2023-03-14,예산군,0,99.1,91.9,107.9,0.0,,1,0.9000000000000057,0.3000000000000019,낮음
2023-03-14,천안시,0,95.9,86.1,111.4,0.0,,1,4.099999999999994,1.3666666666666647,낮음
2023-03-14,청양군,0,98.8,82.3,120.0,0.0,,1,1.2000000000000028,0.40000000000000097,낮음
2023-03-14,태안군,0,90.5,91.7,98.6,1.4000000000000057,,1,9.5,3.633333333333335,낮음
2023-03-14,홍성군,0,96.1,87.0,110.4,0.0,,1,3.9000000000000057,1.3000000000000018,낮음
2023-03-15,계룡시,0,96.0,100.0,96.0,4.0,,1,4.0,2.6666666666666665,낮음
2023-03-15,공주시,0,96.0,75.7,126.8,0.0,,1,4.0,1.3333333333333333,낮음
2023-03-15,금산군,0,90.9,77.8,116.8,0.0,,1,9.099999999999994,3.0333333333333314,낮음
2023-03-15,논산시,0,89.1,87.5,101.8,0.0,,1,10.900000000000006,3.633333333333335,낮음
2023-03-15,당진시,0,75.1,85.2,88.1,11.900000000000006,,1,24.900000000000006,12.266666666666671,낮음
2023-03-15,보령시,0,98.8,87.5,112.9,0.0,,1,1.2000000000000028,0.40000000000000097,낮음
2023-03-15,부여군,0,98.1,80.8,121.5,0.0,,1,1.9000000000000057,0.6333333333333352,낮음
2023-03-15,서산시,0,97.4,86.8,112.3,0.0,,1,2.5999999999999943,0.8666666666666648,낮음
2023-03-15,서천군,0,99.5,85.4,116.6,0.0,,1,0.5,0.16666666666666666,낮음
2023-03-15,아산시,0,99.1,92.1,107.7,0.0,,1,0.9000000000000057,0.3000000000000019,낮음
2023-03-15,예산군,0,99.1,92.0,107.6,0.0,,1,0.9000000000000057,0.3000000000000019,낮음
2023-03-15,천안시,0,95.9,86.5,110.9,0.0,,1,4.099999999999994,1.3666666666666647,낮음
2023-03-15,청양군,0,98.7,82.4,119.7,0.0,,1,1.2999999999999972,0.4333333333333324,낮음
2023-03-15,태안군,0,90.4,91.7,98.6,1.4000000000000057,,1,9.599999999999994,3.6666666666666665,낮음
2023-03-15,홍성군,0,96.1,86.5,111.1,0.0,,1,3.9000000000000057,1.3000000000000018,낮음
2023-03-16,계룡시,0,96.0,100.0,96.0,4.0,,1,4.0,2.6666666666666665,낮음
2023-03-16,공주시,0,96.0,75.7,126.8,0.0,,1,4.0,1.3333333333333333,낮음
2023-03-16,금산군,0,90.9,77.9,116.6,0.0,,1,9.099999999999994,3.0333333333333314,낮음
2023-03-16,논산시,0,89.1,87.6,101.8,0.0,,1,10.900000000000006,3.633333333333335,낮음
2023-03-16,당진시,0,74.8,85.3,87.7,12.299999999999997,,1,25.200000000000003,12.5,낮음
2023-03-16,보령시,0,98.8,87.6,112.8,0.0,,1,1.2000000000000028,0.40000000000000097,낮음
2023-03-16,부여군,0,98.1,80.9,121.4,0.0,,1,1.9000000000000057,0.6333333333333352,낮음
2023-03-16,서산시,0,97.4,86.8,112.2,0.0,,1,2.5999999999999943,0.8666666666666648,낮음
2023-03-16,서천군,0,99.5,85.4,116.4,0.0,,1,0.5,0.16666666666666666,낮음
2023-03-16,아산시,0,99.1,92.1,107.6,0.0,,1,0.9000000000000057,0.3000000000000019,낮음
2023-03-16,예산군,0,99.1,92.2,107.6,0.0,,1,0.9000000000000057,0.3000000000000019,낮음
2023-03-16,천안시,0,95.8,86.5,110.8,0.0,,1,4.200000000000003,1.400000000000001,낮음
2023-03-16,청양군,0,98.7,82.5,119.7,0.0,,1,1.2999999999999972,0.4333333333333324,낮음
2023-03-16,태안군,0,90.2,91.7,98.4,1.5999999999999943,,1,9.799999999999997,3.799999999999997,낮음
2023-03-16,홍성군,0,96.1,86.6,111.1,0.0,,1,3.9000000000000057,1.3000000000000018,낮음
2023-03-17,계룡시,0,96.0,100.0,96.0,4.0,,1,4.0,2.6666666666666665,낮음
2023-03-17,공주시,0,95.9,75.1,127.8,0.0,,1,4.099999999999994,1.3666666666666647,낮음
2023-03-17,금산군,0,90.9,77.3,117.5,0.0,,1,9.099999999999994,3.0333333333333314,낮음
2023-03-17,논산시,0,89.1,87.4,101.9,0.0,,1,10.900000000000006,3.633333333333335,낮음
2023-03-17,당진시,0,74.7,85.1,87.8,12.200000000000003,,1,25.299999999999997,12.5,낮음
2023-03-17,보령시,0,98.9,87.3,113.3,0.0,,1,1.0999999999999943,0.36666666666666475,낮음
2023-03-17,부여군,0,98.1,80.3,122.1,0.0,,1,1.9000000000000057,0.6333333333333352,낮음
2023-03-17,서산시,0,97.4,86.5,112.6,0.0,,1,2.5999999999999943,0.8666666666666648,낮음
2023-03-17,서천군,0,99.5,85.2,116.9,0.0,,1,0.5,0.16666666666666666,낮음
2023-03-17,아산시,0,99.1,91.9,107.8,0.0,,1,0.9000000000000057,0.3000000000000019,낮음
2023-03-17,예산군,0,99.1,92.0,107.7,0.0,,1,0.9000000000000057,0.3000000000000019,낮음
2023-03-17,천안시,0,95.8,86.2,111.1,0.0,,1,4.200000000000003,1.400000000000001,낮음
2023-03-17,청양군,0,98.7,81.8,120.7,0.0,,1,1.2999999999999972,0.4333333333333324,낮음
2023-03-17,태안군,0,90.2,91.5,98.6,1.4000000000000057,,1,9.799999999999997,3.7333333333333343,낮음
2023-03-17,홍성군,0,96.2,86.3,111.6,0.0,,1,3.799999999999997,1.2666666666666657,낮음
2023-03-18,계룡시,0,96.0,100.0,96.0,4.0,,1,4.0,2.6666666666666665,낮음
2023-03-18,공주시,0,95.9,76.5,125.5,0.0,,1,4.099999999999994,1.3666666666666647,낮음
2023-03-18,금산군,0,90.9,78.6,115.6,0.0,,1,9.099999999999994,3.0333333333333314,낮음
2023-03-18,논산시,0,89.1,88.0,101.3,0.0,,1,10.900000000000006,3.633333333333335,낮음
2023-03-18,당진시,0,74.7,85.7,87.2,12.799999999999997,,1,25.299999999999997,12.699999999999998,낮음
2023-03-18,보령시,0,98.9,88.1,112.2,0.0,,1,1.0999999999999943,0.36666666666666475,낮음
2023-03-18,부여군,0,98.1,81.5,120.3,0.0,,1,1.9000000000000057,0.6333333333333352,낮음
2023-03-18,서산시,0,97.4,87.3,111.6,0.0,,1,2.5999999999999943,0.8666666666666648,낮음
2023-03-18,서천군,0,99.5,86.2,115.5,0.0,,1,0.5,0.16666666666666666,낮음
2023-03-18,아산시,0,99.1,92.5,107.1,0.0,,1,0.9000000000000057,0.3000000000000019,낮음
2023-03-18,예산군,0,99.1,92.5,107.1,0.0,,1,0.9000000000000057,0.3000000000000019,낮음
2023-03-18,천안시,0,95.8,86.9,110.1,0.0,,1,4.200000000000003,1.400000000000001,낮음
2023-03-18,청양군,0,98.7,83.2,118.6,0.0,,1,1.2999999999999972,0.4333333333333324,낮음
2023-03-18,태안군,0,90.2,92.1,97.9,2.0999999999999943,,1,9.799999999999997,3.9666666666666637,낮음
2023-03-18,홍성군,0,96.2,87.1,110.5,0.0,,1,3.799999999999997,1.2666666666666657,낮음
2023-03-19,계룡시,0,96.0,100.0,96.0,4.0,,1,4.0,2.6666666666666665,낮음
2023-03-19,공주시,0,95.9,75.9,126.5,0.0,,1,4.099999999999994,1.3666666666666647,낮음
2023-03-19,금산군,0,90.9,78.1,116.3,0.0,,1,9.099999999999994,3.0333333333333314,낮음
2023-03-19,논산시,0,89.1,87.9,101.4,0.0,,1,10.900000000000006,3.633333333333335,낮음
2023-03-19,당진시,0,74.7,85.5,87.4,12.599999999999994,,1,25.299999999999997,12.633333333333331,낮음
2023-03-19,보령시,0,98.9,87.9,112.5,0.0,,1,1.0999999999999943,0.36666666666666475,낮음
2023-03-19,부여군,0,98.1,81.1,121.0,0.0,,1,1.9000000000000057,0.6333333333333352,낮음
2023-03-19,서산시,0,97.4,87.1,111.9,0.0,,1,2.5999999999999943,0.8666666666666648,낮음
2023-03-19,서천군,0,99.5,85.9,115.9,0.0,,1,0.5,0.16666666666666666,낮음
2023-03-19,아산시,0,99.1,92.4,107.3,0.0,,1,0.9000000000000057,0.3000000000000019,낮음
2023-03-19,예산군,0,99.1,92.4,107.3,0.0,,1,0.9000000000000057,0.3000000000000019,낮음
2023-03-19,천안시,0,95.8,86.7,110.5,0.0,,1,4.200000000000003,1.400000000000001,낮음
2023-03-19,청양군,0,98.7,82.6,119.4,0.0,,1,1.2999999999999972,0.4333333333333324,낮음
2023-03-19,태안군,0,90.2,91.8,98.2,1.7999999999999972,,1,9.799999999999997,3.866666666666665,낮음
2023-03-19,홍성군,0,96.2,86.8,110.9,0.0,,1,3.799999999999997,1.2666666666666657,낮음
2023-03-20,계룡시,0,96.0,100.0,96.0,4.0,,1,4.0,2.6666666666666665,낮음
2023-03-20,공주시,0,96.0,75.9,126.4,0.0,,1,4.0,1.3333333333333333,낮음
2023-03-20,금산군,0,90.9,78.2,116.1,0.0,,1,9.099999999999994,3.0333333333333314,낮음
2023-03-20,논산시,0,89.3,88.0,101.5,0.0,,1,10.700000000000003,3.5666666666666678,낮음
2023-03-20,당진시,0,74.5,85.6,87.1,12.900000000000006,,1,25.5,12.800000000000002,낮음
2023-03-20,보령시,0,97.8,87.9,111.2,0.0,,1,2.200000000000003,0.7333333333333343,낮음
2023-03-20,부여군,0,98.2,81.1,121.0,0.0,,1,1.7999999999999972,0.5999999999999991,낮음
2023-03-20,서산시,0,97.5,87.2,111.9,0.0,,1,2.5,0.8333333333333334,낮음
2023-03-20,서천군,0,99.5,85.9,115.8,0.0,,1,0.5,0.16666666666666666,낮음
2023-03-20,아산시,0,99.2,92.4,107.3,0.0,,1,0.7999999999999972,0.2666666666666657,낮음
2023-03-20,예산군,0,99.1,92.3,107.4,0.0,,1,0.9000000000000057,0.3000000000000019,낮음
2023-03-20,천안시,0,95.8,86.7,110.4,0.0,,1,4.200000000000003,1.400000000000001,낮음
2023-03-20,청양군,0,98.7,82.7,119.4,0.0,,1,1.2999999999999972,0.4333333333333324,낮음
2023-03-20,태안군,0,90.0,91.9,98.0,2.0,,1,10.0,4.0,낮음
2023-03-20,홍성군,0,96.4,86.8,111.0,0.0,,1,3.5999999999999943,1.1999999999999982,낮음
2023-03-21,계룡시,0,96.0,100.0,96.0,4.0,,1,4.0,2.6666666666666665,낮음
2023-03-21,공주시,0,96.0,76.0,126.3,0.0,,1,4.0,1.3333333333333333,낮음
2023-03-21,금산군,0,91.2,78.2,116.6,0.0,,1,8.799999999999997,2.9333333333333322,낮음
2023-03-21,논산시,0,89.3,88.1,101.4,0.0,,1,10.700000000000003,3.5666666666666678,낮음
2023-03-21,당진시,0,74.6,85.6,87.2,12.799999999999997,,1,25.400000000000006,12.733333333333334,낮음
2023-03-21,보령시,0,97.9,88.0,111.2,0.0,,1,2.0999999999999943,0.6999999999999981,낮음
2023-03-21,부여군,0,98.1,81.1,121.0,0.0,,1,1.9000000000000057,0.6333333333333352,낮음
2023-03-21,서산시,0,97.5,87.3,111.8,0.0,,1,2.5,0.8333333333333334,낮음
2023-03-21,서천군,0,99.3,86.0,115.4,0.0,,1,0.7000000000000028,0.23333333333333428,낮음
2023-03-21,아산시,0,99.2,92.5,107.3,0.0,,1,0.7999999999999972,0.2666666666666657,낮음
2023-03-21,예산군,0,99.2,92.1,107.6,0.0,,1,0.7999999999999972,0.2666666666666657,낮음
2023-03-21,천안시,0,95.8,86.7,110.4,0.0,,1,4.200000000000003,1.400000000000001,낮음
2023-03-21,청양군,0,98.7,82.8,119.3,0.0,,1,1.2999999999999972,0.4333333333333324,낮음
2023-03-21,태안군,0,90.9,91.9,98.9,1.0999999999999943,,1,9.099999999999994,3.3999999999999964,낮음
2023-03-21,홍성군,0,96.8,86.9,111.4,0.0,,1,3.200000000000003,1.0666666666666675,낮음
2023-03-22,계룡시,0,96.0,100.0,96.0,4.0,,1,4.0,2.6666666666666665,낮음
2023-03-22,공주시,0,96.0,76.0,126.3,0.0,,1,4.0,1.3333333333333333,낮음
2023-03-22,금산군,0,91.2,78.3,116.4,0.0,,1,8.799999999999997,2.9333333333333322,낮음
2023-03-22,논산시,0,89.1,88.2,101.1,0.0,,1,10.900000000000006,3.633333333333335,낮음
2023-03-22,당진시,0,74.7,85.7,87.2,12.799999999999997,,1,25.299999999999997,12.699999999999998,낮음
2023-03-22,보령시,0,97.9,88.1,111.1,0.0,,1,2.0999999999999943,0.6999999999999981,낮음
2023-03-22,부여군,0,98.1,81.2,120.9,0.0,,1,1.9000000000000057,0.6333333333333352,낮음
2023-03-22,서산시,0,97.6,87.3,111.7,0.0,,1,2.4000000000000057,0.8000000000000019,낮음
2023-03-22,서천군,0,99.3,86.1,115.4,0.0,,1,0.7000000000000028,0.23333333333333428,낮음
2023-03-22,아산시,0,99.2,92.5,107.2,0.0,,1,0.7999999999999972,0.2666666666666657,낮음
2023-03-22,예산군,0,99.1,91.9,107.9,0.0,,1,0.9000000000000057,0.3000000000000019,낮음
2023-03-22,천안시,0,95.8,86.8,110.4,0.0,,1,4.200000000000003,1.400000000000001,낮음
2023-03-22,청양군,0,98.7,82.8,119.3,0.0,,1,1.2999999999999972,0.4333333333333324,낮음
2023-03-22,태안군,0,91.4,91.9,99.4,0.5999999999999943,,1,8.599999999999994,3.066666666666663,낮음
2023-03-22,홍성군,0,96.7,86.9,111.3,0.0,,1,3.299999999999997,1.099999999999999,낮음
2023-03-23,계룡시,0,96.0,100.0,96.0,4.0,,1,4.0,2.6666666666666665,낮음
2023-03-23,공주시,0,96.0,76.1,126.3,0.0,,1,4.0,1.3333333333333333,낮음
2023-03-23,금산군,0,91.3,78.4,116.5,0.0,,1,8.700000000000003,2.900000000000001,낮음
2023-03-23,논산시,0,89.3,88.2,101.2,0.0,,1,10.700000000000003,3.5666666666666678,낮음
2023-03-23,당진시,0,74.6,85.8,87.0,13.0,,1,25.400000000000006,12.800000000000002,낮음
2023-03-23,보령시,0,98.1,88.2,111.2,0.0,,1,1.9000000000000057,0.6333333333333352,낮음
2023-03-23,부여군,0,98.3,81.2,121.0,0.0,,1,1.7000000000000028,0.5666666666666677,낮음
2023-03-23,서산시,0,97.6,87.4,111.6,0.0,,1,2.4000000000000057,0.8000000000000019,낮음
2023-03-23,서천군,0,99.6,86.2,115.5,0.0,,1,0.4000000000000057,0.13333333333333522,낮음
2023-03-23,아산시,0,99.2,92.6,107.2,0.0,,1,0.7999999999999972,0.2666666666666657,낮음
2023-03-23,예산군,0,95.3,91.7,103.9,0.0,,1,4.700000000000003,1.5666666666666675,낮음
2023-03-23,천안시,0,95.8,86.8,110.4,0.0,,1,4.200000000000003,1.400000000000001,낮음
2023-03-23,청양군,0,98.7,82.8,119.2,0.0,,1,1.2999999999999972,0.4333333333333324,낮음
2023-03-23,태안군,0,91.9,92.0,99.9,0.09999999999999432,,1,8.099999999999994,2.7333333333333294,낮음
2023-03-23,홍성군,0,96.9,87.0,111.3,0.0,,1,3.0999999999999943,1.0333333333333314,낮음
2023-03-24,계룡시,0,96.0,100.0,96.0,4.0,,1,4.0,2.6666666666666665,낮음
2023-03-24,공주시,0,96.1,76.1,126.2,0.0,,1,3.9000000000000057,1.3000000000000018,낮음
2023-03-24,금산군,0,91.3,78.5,116.4,0.0,,1,8.700000000000003,2.900000000000001,낮음
2023-03-24,논산시,0,89.5,88.3,101.4,0.0,,1,10.5,3.5,낮음
2023-03-24,당진시,0,74.4,85.9,86.6,13.400000000000006,,1,25.599999999999994,13.0,낮음
2023-03-24,보령시,0,98.2,88.3,111.2,0.0,,1,1.7999999999999972,0.5999999999999991,낮음
2023-03-24,부여군,0,98.3,81.3,120.9,0.0,,1,1.7000000000000028,0.5666666666666677,낮음
2023-03-24,서산시,0,97.6,87.5,111.6,0.0,,1,2.4000000000000057,0.8000000000000019,낮음
2023-03-24,서천군,0,99.6,86.3,115.4,0.0,,1,0.4000000000000057,0.13333333333333522,낮음
2023-03-24,아산시,0,99.3,92.7,107.1,0.0,,1,0.7000000000000028,0.23333333333333428,낮음
2023-03-24,예산군,0,96.0,91.7,104.6,0.0,,1,4.0,1.3333333333333333,낮음
2023-03-24,천안시,0,95.8,86.8,110.4,0.0,,1,4.200000000000003,1.400000000000001,낮음
2023-03-24,청양군,0,98.7,82.9,119.1,0.0,,1,1.2999999999999972,0.4333333333333324,낮음
2023-03-24,태안군,0,91.9,92.0,99.9,0.09999999999999432,,1,8.099999999999994,2.7333333333333294,낮음
2023-03-24,홍성군,0,96.8,87.1,111.1,0.0,,1,3.200000000000003,1.0666666666666675,낮음
2023-03-25,계룡시,0,96.0,100.0,96.0,4.0,,1,4.0,2.6666666666666665,낮음
2023-03-25,공주시,0,96.1,76.2,126.0,0.0,,1,3.9000000000000057,1.3000000000000018,낮음
2023-03-25,금산군,0,91.3,78.5,116.3,0.0,,1,8.700000000000003,2.900000000000001,낮음
2023-03-25,논산시,0,89.5,88.3,101.4,0.0,,1,10.5,3.5,낮음
2023-03-25,당진시,0,74.4,86.0,86.5,13.5,,1,25.599999999999994,13.033333333333331,낮음
2023-03-25,보령시,0,98.2,88.3,111.2,0.0,,1,1.7999999999999972,0.5999999999999991,낮음
2023-03-25,부여군,0,98.3,81.4,120.7,0.0,,1,1.7000000000000028,0.5666666666666677,낮음
2023-03-25,서산시,0,97.6,87.6,111.5,0.0,,1,2.4000000000000057,0.8000000000000019,낮음
2023-03-25,서천군,0,99.6,86.3,115.3,0.0,,1,0.4000000000000057,0.13333333333333522,낮음
2023-03-25,아산시,0,99.3,92.8,107.0,0.0,,1,0.7000000000000028,0.23333333333333428,낮음
2023-03-25,예산군,0,96.0,91.8,104.6,0.0,,1,4.0,1.3333333333333333,낮음
2023-03-25,천안시,0,95.8,86.9,110.3,0.0,,1,4.200000000000003,1.400000000000001,낮음
2023-03-25,청양군,0,98.7,83.1,118.7,0.0,,1,1.2999999999999972,0.4333333333333324,낮음
2023-03-25,태안군,0,91.9,92.0,99.9,0.09999999999999432,,1,8.099999999999994,2.7333333333333294,낮음
2023-03-25,홍성군,0,96.8,87.2,111.1,0.0,,1,3.200000000000003,1.0666666666666675,낮음
2023-03-26,계룡시,0,96.0,100.0,96.0,4.0,,1,4.0,2.6666666666666665,낮음
2023-03-26,공주시,0,96.1,76.3,125.9,0.0,,1,3.9000000000000057,1.3000000000000018,낮음
2023-03-26,금산군,0,91.3,78.6,116.2,0.0,,1,8.700000000000003,2.900000000000001,낮음
2023-03-26,논산시,0,89.5,88.3,101.4,0.0,,1,10.5,3.5,낮음
2023-03-26,당진시,0,74.4,86.0,86.5,13.5,,1,25.599999999999994,13.033333333333331,낮음
2023-03-26,보령시,0,98.2,88.3,111.2,0.0,,1,1.7999999999999972,0.5999999999999991,낮음
2023-03-26,부여군,0,98.3,81.5,120.6,0.0,,1,1.7000000000000028,0.5666666666666677,낮음
2023-03-26,서산시,0,97.6,87.6,111.4,0.0,,1,2.4000000000000057,0.8000000000000019,낮음
2023-03-26,서천군,0,99.6,86.4,115.3,0.0,,1,0.4000000000000057,0.13333333333333522,낮음
2023-03-26,아산시,0,99.3,92.8,107.0,0.0,,1,0.7000000000000028,0.23333333333333428,낮음
2023-03-26,예산군,0,96.0,91.8,104.5,0.0,,1,4.0,1.3333333333333333,낮음
2023-03-26,천안시,0,95.8,86.9,110.3,0.0,,1,4.200000000000003,1.400000000000001,낮음
2023-03-26,청양군,0,98.7,82.9,119.1,0.0,,1,1.2999999999999972,0.4333333333333324,낮음
2023-03-26,태안군,0,91.9,92.0,99.9,0.09999999999999432,,1,8.099999999999994,2.7333333333333294,낮음
2023-03-26,홍성군,0,96.8,87.3,111.0,0.0,,1,3.200000000000003,1.0666666666666675,낮음
2023-03-27,계룡시,0,96.0,100.0,96.0,4.0,,1,4.0,2.6666666666666665,낮음
2023-03-27,공주시,0,96.0,76.4,125.7,0.0,,1,4.0,1.3333333333333333,낮음
2023-03-27,금산군,0,91.4,78.8,116.0,0.0,,1,8.599999999999994,2.866666666666665,낮음
2023-03-27,논산시,0,89.5,88.4,101.3,0.0,,1,10.5,3.5,낮음
2023-03-27,당진시,0,74.3,86.1,86.4,13.599999999999994,,1,25.700000000000003,13.1,낮음
2023-03-27,보령시,0,98.2,88.4,111.2,0.0,,1,1.7999999999999972,0.5999999999999991,낮음
2023-03-27,부여군,0,98.2,81.5,120.4,0.0,,1,1.7999999999999972,0.5999999999999991,낮음
2023-03-27,서산시,0,97.6,87.7,111.2,0.0,,1,2.4000000000000057,0.8000000000000019,낮음
2023-03-27,서천군,0,99.5,86.4,115.1,0.0,,1,0.5,0.16666666666666666,낮음
2023-03-27,아산시,0,99.2,92.9,106.7,0.0,,1,0.7999999999999972,0.2666666666666657,낮음
2023-03-27,예산군,0,96.2,91.9,104.7,0.0,,1,3.799999999999997,1.2666666666666657,낮음
2023-03-27,천안시,0,95.8,86.9,110.2,0.0,,1,4.200000000000003,1.400000000000001,낮음
2023-03-27,청양군,0,98.7,82.9,119.1,0.0,,1,1.2999999999999972,0.4333333333333324,낮음
2023-03-27,태안군,0,91.6,92.1,99.5,0.5,,1,8.400000000000006,2.9666666666666686,낮음
2023-03-27,홍성군,0,96.9,87.3,110.9,0.0,,1,3.0999999999999943,1.0333333333333314,낮음
2023-03-28,계룡시,0,96.0,100.0,96.0,4.0,,1,4.0,2.6666666666666665,낮음
2023-03-28,공주시,0,96.1,76.5,125.6,0.0,,1,3.9000000000000057,1.3000000000000018,낮음
2023-03-28,금산군,0,91.5,78.9,116.0,0.0,,1,8.5,2.8333333333333335,낮음
2023-03-28,논산시,0,89.7,88.5,101.4,0.0,,1,10.299999999999997,3.4333333333333322,낮음
2023-03-28,당진시,0,74.4,86.1,86.4,13.599999999999994,,1,25.599999999999994,13.066666666666663,낮음
2023-03-28,보령시,0,98.4,88.4,111.2,0.0,,1,1.5999999999999943,0.5333333333333314,낮음
2023-03-28,부여군,0,98.2,81.6,120.3,0.0,,1,1.7999999999999972,0.5999999999999991,낮음
2023-03-28,서산시,0,97.6,87.8,111.1,0.0,,1,2.4000000000000057,0.8000000000000019,낮음
2023-03-28,서천군,0,99.4,86.5,114.8,0.0,,1,0.5999999999999943,0.1999999999999981,낮음
2023-03-28,아산시,0,99.2,93.0,106.7,0.0,,1,0.7999999999999972,0.2666666666666657,낮음
2023-03-28,예산군,0,96.2,92.0,104.6,0.0,,1,3.799999999999997,1.2666666666666657,낮음
2023-03-28,천안시,0,95.7,86.9,110.1,0.0,,1,4.299999999999997,1.4333333333333325,낮음
2023-03-28,청양군,0,98.8,82.9,119.1,0.0,,1,1.2000000000000028,0.40000000000000097,낮음
2023-03-28,태안군,0,91.0,92.1,98.8,1.2000000000000028,,1,9.0,3.400000000000001,낮음
2023-03-28,홍성군,0,96.9,87.4,110.8,0.0,,1,3.0999999999999943,1.0333333333333314,낮음
2023-03-29,계룡시,0,96.0,100.0,96.0,4.0,,1,4.0,2.6666666666666665,낮음
2023-03-29,공주시,0,96.1,76.6,125.4,0.0,,1,3.9000000000000057,1.3000000000000018,낮음
2023-03-29,금산군,0,91.6,79.0,115.9,0.0,,1,8.400000000000006,2.800000000000002,낮음
2023-03-29,논산시,0,89.6,88.6,101.1,0.0,,1,10.400000000000006,3.4666666666666686,낮음
2023-03-29,당진시,0,74.6,86.2,86.5,13.5,,1,25.400000000000006,12.966666666666669,낮음
2023-03-29,보령시,0,98.4,88.5,111.1,0.0,,1,1.5999999999999943,0.5333333333333314,낮음
2023-03-29,부여군,0,98.2,81.7,120.2,0.0,,1,1.7999999999999972,0.5999999999999991,낮음
2023-03-29,서산시,0,97.6,87.9,111.0,0.0,,1,2.4000000000000057,0.8000000000000019,낮음
2023-03-29,서천군,0,99.3,86.6,114.7,0.0,,1,0.7000000000000028,0.23333333333333428,낮음
2023-03-29,아산시,0,99.2,93.0,106.6,0.0,,1,0.7999999999999972,0.2666666666666657,낮음
2023-03-29,예산군,0,96.4,92.1,104.7,0.0,,1,3.5999999999999943,1.1999999999999982,낮음
2023-03-29,천안시,0,95.7,87.0,110.0,0.0,,1,4.299999999999997,1.4333333333333325,낮음
2023-03-29,청양군,0,98.7,83.0,119.0,0.0,,1,1.2999999999999972,0.4333333333333324,낮음
2023-03-29,태안군,0,91.2,92.1,99.0,1.0,,1,8.799999999999997,3.2666666666666657,낮음
2023-03-29,홍성군,0,97.0,87.5,110.9,0.0,,1,3.0,1.0,낮음
2023-03-30,계룡시,0,96.0,100.0,96.0,4.0,,1,4.0,2.6666666666666665,낮음
2023-03-30,공주시,0,96.1,76.7,125.4,0.0,,1,3.9000000000000057,1.3000000000000018,낮음
2023-03-30,금산군,0,91.6,79.1,115.8,0.0,,1,8.400000000000006,2.800000000000002,낮음
2023-03-30,논산시,0,89.6,88.6,101.1,0.0,,1,10.400000000000006,3.4666666666666686,낮음
2023-03-30,당진시,0,74.5,86.3,86.3,13.700000000000003,,1,25.5,13.066666666666668,낮음
2023-03-30,보령시,0,98.4,88.6,111.0,0.0,,1,1.5999999999999943,0.5333333333333314,낮음
2023-03-30,부여군,0,98.2,81.8,120.1,0.0,,1,1.7999999999999972,0.5999999999999991,낮음
2023-03-30,서산시,0,97.6,88.0,110.9,0.0,,1,2.4000000000000057,0.8000000000000019,낮음
2023-03-30,서천군,0,99.3,86.7,114.5,0.0,,1,0.7000000000000028,0.23333333333333428,낮음
2023-03-30,아산시,0,99.2,93.1,106.6,0.0,,1,0.7999999999999972,0.2666666666666657,낮음
2023-03-30,예산군,0,96.4,92.2,104.6,0.0,,1,3.5999999999999943,1.1999999999999982,낮음
2023-03-30,천안시,0,95.6,87.0,109.9,0.0,,1,4.400000000000006,1.4666666666666686,낮음
2023-03-30,청양군,0,98.8,83.3,118.6,0.0,,1,1.2000000000000028,0.40000000000000097,낮음
2023-03-30,태안군,0,91.0,92.1,98.8,1.2000000000000028,,1,9.0,3.400000000000001,낮음
2023-03-30,홍성군,0,97.0,87.6,110.8,0.0,,1,3.0,1.0,낮음
2023-03-31,계룡시,0,96.0,100.0,96.0,4.0,,1,4.0,2.6666666666666665,낮음
2023-03-31,공주시,0,96.1,76.7,125.2,0.0,,1,3.9000000000000057,1.3000000000000018,낮음
2023-03-31,금산군,0,91.7,79.2,115.8,0.0,,1,8.299999999999997,2.7666666666666657,낮음
2023-03-31,논산시,0,89.6,88.6,101.1,0.0,,1,10.400000000000006,3.4666666666666686,낮음
2023-03-31,당진시,0,74.4,86.4,86.1,13.900000000000006,,1,25.599999999999994,13.166666666666666,낮음
2023-03-31,보령시,0,98.4,88.7,110.9,0.0,,1,1.5999999999999943,0.5333333333333314,낮음
2023-03-31,부여군,0,98.2,81.8,120.0,0.0,,1,1.7999999999999972,0.5999999999999991,낮음
2023-03-31,서산시,0,97.6,88.2,110.7,0.0,,1,2.4000000000000057,0.8000000000000019,낮음
2023-03-31,서천군,0,99.2,86.7,114.3,0.0,,1,0.7999999999999972,0.2666666666666657,낮음
2023-03-31,아산시,0,99.2,93.1,106.5,0.0,,1,0.7999999999999972,0.2666666666666657,낮음
2023-03-31,예산군,0,96.6,92.3,104.6,0.0,,1,3.4000000000000057,1.1333333333333353,낮음
2023-03-31,천안시,0,95.5,87.0,109.8,0.0,,1,4.5,1.5,낮음
2023-03-31,청양군,0,98.7,83.3,118.5,0.0,,1,1.2999999999999972,0.4333333333333324,낮음
2023-03-31,태안군,0,91.1,92.1,98.9,1.0999999999999943,,1,8.900000000000006,3.3333333333333335,낮음
2023-03-31,홍성군,0,97.0,87.7,110.7,0.0,,1,3.0,1.0,낮음
2023-04-01,계룡시,0,96.0,100.0,96.0,4.0,,1,4.0,2.6666666666666665,낮음
2023-04-01,공주시,0,96.1,76.7,125.2,0.0,,1,3.9000000000000057,1.3000000000000018,낮음
2023-04-01,금산군,0,91.7,79.2,115.7,0.0,,1,8.299999999999997,2.7666666666666657,낮음
2023-04-01,논산시,0,89.6,88.6,101.0,0.0,,1,10.400000000000006,3.4666666666666686,낮음
2023-04-01,당진시,0,74.4,86.6,86.0,14.0,,1,25.599999999999994,13.199999999999998,낮음
2023-04-01,보령시,0,98.4,88.8,110.8,0.0,,1,1.5999999999999943,0.5333333333333314,낮음
2023-04-01,부여군,0,98.2,81.9,119.9,0.0,,1,1.7999999999999972,0.5999999999999991,낮음
2023-04-01,서산시,0,97.6,88.3,110.6,0.0,,1,2.4000000000000057,0.8000000000000019,낮음
2023-04-01,서천군,0,99.2,86.8,114.2,0.0,,1,0.7999999999999972,0.2666666666666657,낮음
2023-04-01,아산시,0,99.2,93.2,106.4,0.0,,1,0.7999999999999972,0.2666666666666657,낮음
2023-04-01,예산군,0,96.4,92.3,104.4,0.0,,1,3.5999999999999943,1.1999999999999982,낮음
2023-04-01,천안시,0,95.5,87.0,109.8,0.0,,1,4.5,1.5,낮음
2023-04-01,청양군,0,98.7,83.0,119.0,0.0,,1,1.2999999999999972,0.4333333333333324,낮음
2023-04-01,태안군,0,91.1,92.1,98.9,1.0999999999999943,,1,8.900000000000006,3.3333333333333335,낮음
2023-04-01,홍성군,0,97.0,87.7,110.6,0.0,,1,3.0,1.0,낮음
2023-04-02,계룡시,0,96.0,100.0,96.0,4.0,,1,4.0,2.6666666666666665,낮음
2023-04-02,공주시,0,96.1,76.8,125.1,0.0,,1,3.9000000000000057,1.3000000000000018,낮음
2023-04-02,금산군,0,91.7,79.3,115.6,0.0,,1,8.299999999999997,2.7666666666666657,낮음
2023-04-02,논산시,0,89.6,88.7,101.0,0.0,,1,10.400000000000006,3.4666666666666686,낮음
2023-04-02,당진시,0,74.4,86.8,85.8,14.200000000000003,,1,25.599999999999994,13.266666666666666,낮음
2023-04-02,보령시,0,98.4,88.9,110.7,0.0,,1,1.5999999999999943,0.5333333333333314,낮음
2023-04-02,부여군,0,98.2,81.9,119.9,0.0,,1,1.7999999999999972,0.5999999999999991,낮음
2023-04-02,서산시,0,97.6,88.4,110.4,0.0,,1,2.4000000000000057,0.8000000000000019,낮음
2023-04-02,서천군,0,99.2,86.9,114.2,0.0,,1,0.7999999999999972,0.2666666666666657,낮음
2023-04-02,아산시,0,99.2,93.3,106.3,0.0,,1,0.7999999999999972,0.2666666666666657,낮음
2023-04-02,예산군,0,96.4,92.3,104.4,0.0,,1,3.5999999999999943,1.1999999999999982,낮음
2023-04-02,천안시,0,95.5,87.0,109.7,0.0,,1,4.5,1.5,낮음
2023-04-02,청양군,0,98.7,83.1,118.8,0.0,,1,1.2999999999999972,0.4333333333333324,낮음
2023-04-02,태안군,0,91.1,92.1,98.9,1.0999999999999943,,1,8.900000000000006,3.3333333333333335,낮음
2023-04-02,홍성군,0,97.0,87.8,110.5,0.0,,1,3.0,1.0,낮음
2023-04-03,계룡시,0,96.0,100.0,96.0,4.0,,1,4.0,2.6666666666666665,낮음
2023-04-03,공주시,0,96.0,76.8,125.0,0.0,,1,4.0,1.3333333333333333,낮음
2023-04-03,금산군,0,91.6,79.3,115.5,0.0,,1,8.400000000000006,2.800000000000002,낮음
2023-04-03,논산시,0,89.6,88.7,101.0,0.0,,1,10.400000000000006,3.4666666666666686,낮음
2023-04-03,당진시,0,74.3,87.0,85.4,14.599999999999994,,1,25.700000000000003,13.433333333333332,낮음
2023-04-03,보령시,0,98.5,89.0,110.7,0.0,,1,1.5,0.5,낮음
2023-04-03,부여군,0,98.1,81.9,119.7,0.0,,1,1.9000000000000057,0.6333333333333352,낮음
2023-04-03,서산시,0,97.6,88.5,110.2,0.0,,1,2.4000000000000057,0.8000000000000019,낮음
2023-04-03,서천군,0,99.1,86.9,114.1,0.0,,1,0.9000000000000057,0.3000000000000019,낮음
2023-04-03,아산시,0,99.1,93.4,106.2,0.0,,1,0.9000000000000057,0.3000000000000019,낮음
2023-04-03,예산군,0,96.2,92.4,104.1,0.0,,1,3.799999999999997,1.2666666666666657,낮음
2023-04-03,천안시,0,95.4,87.1,109.5,0.0,,1,4.599999999999994,1.5333333333333314,낮음
2023-04-03,청양군,0,98.7,83.2,118.6,0.0,,1,1.2999999999999972,0.4333333333333324,낮음
2023-04-03,태안군,0,90.9,92.1,98.6,1.4000000000000057,,1,9.099999999999994,3.5,낮음
2023-04-03,홍성군,0,97.2,87.9,110.6,0.0,,1,2.799999999999997,0.9333333333333323,낮음
2023-04-04,계룡시,0,96.0,100.0,96.0,4.0,,1,4.0,2.6666666666666665,낮음
2023-04-04,공주시,0,96.1,76.9,125.0,0.0,,1,3.9000000000000057,1.3000000000000018,낮음
2023-04-04,금산군,0,91.7,79.4,115.4,0.0,,1,8.299999999999997,2.7666666666666657,낮음
2023-04-04,논산시,0,89.6,88.7,101.0,0.0,,1,10.400000000000006,3.4666666666666686,낮음
2023-04-04,당진시,0,74.2,87.1,85.2,14.799999999999997,,1,25.799999999999997,13.533333333333331,낮음
2023-04-04,보령시,0,98.5,89.1,110.6,0.0,,1,1.5,0.5,낮음
2023-04-04,부여군,0,98.1,82.0,119.7,0.0,,1,1.9000000000000057,0.6333333333333352,낮음
2023-04-04,서산시,0,97.6,88.7,110.1,0.0,,1,2.4000000000000057,0.8000000000000019,낮음
2023-04-04,서천군,0,99.1,87.0,114.0,0.0,,1,0.9000000000000057,0.3000000000000019,낮음
2023-04-04,아산시,0,99.1,93.4,106.0,0.0,,1,0.9000000000000057,0.3000000000000019,낮음
2023-04-04,예산군,0,96.4,92.5,104.2,0.0,,1,3.5999999999999943,1.1999999999999982,낮음
2023-04-04,천안시,0,95.3,87.1,109.4,0.0,,1,4.700000000000003,1.5666666666666675,낮음
2023-04-04,청양군,0,98.7,83.3,118.5,0.0,,1,1.2999999999999972,0.4333333333333324,낮음
2023-04-04,태안군,0,90.9,92.2,98.6,1.4000000000000057,,1,9.099999999999994,3.5,낮음
2023-04-04,홍성군,0,96.3,87.9,109.5,0.0,,1,3.700000000000003,1.2333333333333343,낮음
2023-04-05,계룡시,0,96.0,100.0,96.0,4.0,,2,4.0,2.6666666666666665,낮음
2023-04-05,공주시,0,96.3,77.0,125.1,0.0,,2,3.700000000000003,1.2333333333333343,낮음
2023-04-05,금산군,0,91.9,79.5,115.6,0.0,,2,8.099999999999994,2.699999999999998,낮음
2023-04-05,논산시,0,90.0,88.8,101.3,0.0,,2,10.0,3.3333333333333335,낮음
2023-04-05,당진시,0,76.2,87.3,87.3,12.700000000000003,,2,23.799999999999997,12.166666666666666,낮음
2023-04-05,보령시,0,98.8,89.2,110.8,0.0,,2,1.2000000000000028,0.40000000000000097,낮음
2023-04-05,부여군,0,98.4,82.1,120.0,0.0,,2,1.5999999999999943,0.5333333333333314,낮음
2023-04-05,서산시,0,98.0,88.8,110.3,0.0,,2,2.0,0.6666666666666666,낮음
2023-04-05,서천군,0,99.8,87.0,114.7,0.0,,2,0.20000000000000284,0.06666666666666761,낮음
2023-04-05,아산시,0,99.3,93.5,106.2,0.0,,2,0.7000000000000028,0.23333333333333428,낮음
2023-04-05,예산군,0,96.9,92.6,104.7,0.0,,2,3.0999999999999943,1.0333333333333314,낮음
2023-04-05,천안시,0,95.8,87.2,109.8,0.0,,2,4.200000000000003,1.400000000000001,낮음
2023-04-05,청양군,0,98.8,83.4,118.5,0.0,,2,1.2000000000000028,0.40000000000000097,낮음
2023-04-05,태안군,0,91.6,92.3,99.3,0.7000000000000028,,2,8.400000000000006,3.0333333333333363,낮음
2023-04-05,홍성군,0,96.4,88.0,109.5,0.0,,2,3.5999999999999943,1.1999999999999982,낮음
2023-04-06,계룡시,0,96.0,100.0,96.0,4.0,,1,4.0,2.6666666666666665,낮음
2023-04-06,공주시,0,96.6,77.0,125.5,0.0,,1,3.4000000000000057,1.1333333333333353,낮음
2023-04-06,금산군,0,92.2,79.6,115.8,0.0,,1,7.799999999999997,2.599999999999999,낮음
2023-04-06,논산시,0,90.5,88.9,101.8,0.0,,1,9.5,3.1666666666666665,낮음
2023-04-06,당진시,0,76.6,87.4,87.6,12.400000000000006,,1,23.400000000000006,11.933333333333337,낮음
2023-04-06,보령시,0,99.1,89.3,111.0,0.0,,1,0.9000000000000057,0.3000000000000019,낮음
2023-04-06,부여군,0,98.6,82.1,120.1,0.0,,1,1.4000000000000057,0.46666666666666856,낮음
2023-04-06,서산시,0,98.3,89.0,110.5,0.0,,1,1.7000000000000028,0.5666666666666677,낮음
2023-04-06,서천군,0,99.8,87.1,114.7,0.0,,1,0.20000000000000284,0.06666666666666761,낮음
2023-04-06,아산시,0,99.4,93.6,106.2,0.0,,1,0.5999999999999943,0.1999999999999981,낮음
2023-04-06,예산군,0,97.7,92.7,105.4,0.0,,1,2.299999999999997,0.7666666666666657,낮음
2023-04-06,천안시,0,96.0,87.2,110.0,0.0,,1,4.0,1.3333333333333333,낮음
2023-04-06,청양군,0,99.0,83.8,118.1,0.0,,1,1.0,0.3333333333333333,낮음
2023-04-06,태안군,0,92.4,92.3,100.1,0.0,,1,7.599999999999994,2.5333333333333314,낮음
2023-04-06,홍성군,0,96.8,88.1,109.9,0.0,,1,3.200000000000003,1.0666666666666675,낮음
2023-04-07,계룡시,0,96.0,100.0,96.0,4.0,,1,4.0,2.6666666666666665,낮음
2023-04-07,공주시,0,96.7,77.1,125.5,0.0,,1,3.299999999999997,1.099999999999999,낮음
2023-04-07,금산군,0,92.5,79.8,115.9,0.0,,1,7.5,2.5,낮음
2023-04-07,논산시,0,90.9,88.9,102.2,0.0,,1,9.099999999999994,3.0333333333333314,낮음
2023-04-07,당진시,0,76.4,87.5,87.3,12.700000000000003,,1,23.599999999999994,12.1,낮음
2023-04-07,보령시,0,99.1,89.4,110.9,0.0,,1,0.9000000000000057,0.3000000000000019,낮음
2023-04-07,부여군,0,98.6,82.2,119.9,0.0,,1,1.4000000000000057,0.46666666666666856,낮음
2023-04-07,서산시,0,98.3,89.1,110.3,0.0,,1,1.7000000000000028,0.5666666666666677,낮음
2023-04-07,서천군,0,99.8,87.1,114.6,0.0,,1,0.20000000000000284,0.06666666666666761,낮음
2023-04-07,아산시,0,99.5,93.7,106.2,0.0,,1,0.5,0.16666666666666666,낮음
2023-04-07,예산군,0,97.9,92.8,105.5,0.0,,1,2.0999999999999943,0.6999999999999981,낮음
2023-04-07,천안시,0,96.0,87.2,110.0,0.0,,1,4.0,1.3333333333333333,낮음
2023-04-07,청양군,0,99.0,83.9,118.0,0.0,,1,1.0,0.3333333333333333,낮음
2023-04-07,태안군,0,92.6,92.3,100.3,0.0,,1,7.400000000000006,2.4666666666666686,낮음
2023-04-07,홍성군,0,97.0,88.1,110.0,0.0,,1,3.0,1.0,낮음
2023-04-08,계룡시,0,96.0,100.0,96.0,4.0,,1,4.0,2.6666666666666665,낮음
2023-04-08,공주시,0,96.7,77.1,125.4,0.0,,1,3.299999999999997,1.099999999999999,낮음
2023-04-08,금산군,0,92.5,79.9,115.7,0.0,,1,7.5,2.5,낮음
2023-04-08,논산시,0,90.9,88.9,102.3,0.0,,1,9.099999999999994,3.0333333333333314,낮음
2023-04-08,당진시,0,76.4,87.5,87.2,12.799999999999997,,1,23.599999999999994,12.133333333333331,낮음
2023-04-08,보령시,0,99.1,89.4,110.9,0.0,,1,0.9000000000000057,0.3000000000000019,낮음
2023-04-08,부여군,0,98.6,82.3,119.9,0.0,,1,1.4000000000000057,0.46666666666666856,낮음
2023-04-08,서산시,0,98.3,89.2,110.2,0.0,,1,1.7000000000000028,0.5666666666666677,낮음
2023-04-08,서천군,0,99.8,87.1,114.6,0.0,,1,0.20000000000000284,0.06666666666666761,낮음
2023-04-08,아산시,0,99.5,93.8,106.1,0.0,,1,0.5,0.16666666666666666,낮음
2023-04-08,예산군,0,97.9,92.8,105.5,0.0,,1,2.0999999999999943,0.6999999999999981,낮음
2023-04-08,천안시,0,96.0,87.3,110.0,0.0,,1,4.0,1.3333333333333333,낮음
2023-04-08,청양군,0,99.0,83.7,118.3,0.0,,1,1.0,0.3333333333333333,낮음
2023-04-08,태안군,0,92.6,92.3,100.3,0.0,,1,7.400000000000006,2.4666666666666686,낮음
2023-04-08,홍성군,0,97.0,88.2,110.0,0.0,,1,3.0,1.0,낮음
2023-04-09,계룡시,0,96.0,100.0,96.0,4.0,,1,4.0,2.6666666666666665,낮음
2023-04-09,공주시,0,96.7,77.2,125.4,0.0,,1,3.299999999999997,1.099999999999999,낮음
2023-04-09,금산군,0,92.5,80.0,115.6,0.0,,1,7.5,2.5,낮음
2023-04-09,논산시,0,90.9,88.8,102.4,0.0,,1,9.099999999999994,3.0333333333333314,낮음
2023-04-09,당진시,0,76.4,87.6,87.2,12.799999999999997,,1,23.599999999999994,12.133333333333331,낮음
2023-04-09,보령시,0,99.1,89.3,111.0,0.0,,1,0.9000000000000057,0.3000000000000019,낮음
2023-04-09,부여군,0,98.6,82.3,119.8,0.0,,1,1.4000000000000057,0.46666666666666856,낮음
2023-04-09,서산시,0,98.3,89.4,110.0,0.0,,1,1.7000000000000028,0.5666666666666677,낮음
2023-04-09,서천군,0,99.8,87.0,114.7,0.0,,1,0.20000000000000284,0.06666666666666761,낮음
2023-04-09,아산시,0,99.5,93.8,106.0,0.0,,1,0.5,0.16666666666666666,낮음
2023-04-09,예산군,0,97.9,92.8,105.5,0.0,,1,2.0999999999999943,0.6999999999999981,낮음
2023-04-09,천안시,0,96.0,87.3,109.9,0.0,,1,4.0,1.3333333333333333,낮음
2023-04-09,청양군,0,99.0,83.8,118.2,0.0,,1,1.0,0.3333333333333333,낮음
2023-04-09,태안군,0,92.6,92.3,100.3,0.0,,1,7.400000000000006,2.4666666666666686,낮음
2023-04-09,홍성군,0,97.0,88.2,110.0,0.0,,1,3.0,1.0,낮음
2023-04-10,계룡시,0,96.0,100.0,96.0,4.0,,1,4.0,2.6666666666666665,낮음
2023-04-10,공주시,0,97.0,77.2,125.6,0.0,,1,3.0,1.0,낮음
2023-04-10,금산군,0,93.0,80.1,116.1,0.0,,1,7.0,2.3333333333333335,낮음
2023-04-10,논산시,0,92.8,88.8,104.6,0.0,,1,7.200000000000003,2.400000000000001,낮음
2023-04-10,당진시,0,75.7,87.6,86.4,13.599999999999994,,1,24.299999999999997,12.633333333333331,낮음
2023-04-10,보령시,0,99.1,89.3,111.0,0.0,,1,0.9000000000000057,0.3000000000000019,낮음
2023-04-10,부여군,0,98.5,82.3,119.6,0.0,,1,1.5,0.5,낮음
2023-04-10,서산시,0,98.2,89.5,109.8,0.0,,1,1.7999999999999972,0.5999999999999991,낮음
2023-04-10,서천군,0,99.8,87.0,114.7,0.0,,1,0.20000000000000284,0.06666666666666761,낮음
2023-04-10,아산시,0,99.2,93.9,105.6,0.0,,1,0.7999999999999972,0.2666666666666657,낮음
2023-04-10,예산군,0,98.2,92.8,105.8,0.0,,1,1.7999999999999972,0.5999999999999991,낮음
2023-04-10,천안시,0,95.6,87.3,109.5,0.0,,1,4.400000000000006,1.4666666666666686,낮음
2023-04-10,청양군,0,99.0,83.8,118.1,0.0,,1,1.0,0.3333333333333333,낮음
2023-04-10,태안군,0,92.5,92.3,100.2,0.0,,1,7.5,2.5,낮음
2023-04-10,홍성군,0,97.1,88.2,110.1,0.0,,1,2.9000000000000057,0.9666666666666686,낮음
2023-04-11,계룡시,0,96.0,100.0,96.0,4.0,,1,4.0,2.6666666666666665,낮음
2023-04-11,공주시,0,96.9,77.2,125.5,0.0,,1,3.0999999999999943,1.0333333333333314,낮음
2023-04-11,금산군,0,92.9,80.2,115.9,0.0,,1,7.099999999999994,2.366666666666665,낮음
2023-04-11,논산시,0,92.8,88.7,104.6,0.0,,1,7.200000000000003,2.400000000000001,낮음
2023-04-11,당진시,0,75.4,87.6,86.0,14.0,,1,24.599999999999994,12.866666666666665,낮음
2023-04-11,보령시,0,99.0,89.3,110.9,0.0,,1,1.0,0.3333333333333333,낮음
2023-04-11,부여군,0,98.4,82.4,119.5,0.0,,1,1.5999999999999943,0.5333333333333314,낮음
2023-04-11,서산시,0,98.1,89.5,109.6,0.0,,1,1.9000000000000057,0.6333333333333352,낮음
2023-04-11,서천군,0,99.7,87.0,114.7,0.0,,1,0.29999999999999716,0.09999999999999905,낮음
2023-04-11,아산시,0,99.1,94.0,105.5,0.0,,1,0.9000000000000057,0.3000000000000019,낮음
2023-04-11,예산군,0,98.7,92.8,106.3,0.0,,1,1.2999999999999972,0.4333333333333324,낮음
2023-04-11,천안시,0,95.6,87.3,109.4,0.0,,1,4.400000000000006,1.4666666666666686,낮음
2023-04-11,청양군,0,99.0,83.9,118.0,0.0,,1,1.0,0.3333333333333333,낮음
2023-04-11,태안군,0,92.2,92.3,99.9,0.09999999999999432,,1,7.799999999999997,2.6333333333333306,낮음
2023-04-11,홍성군,0,97.1,88.4,109.9,0.0,,1,2.9000000000000057,0.9666666666666686,낮음
2023-04-12,계룡시,0,96.0,100.0,96.0,4.0,,1,4.0,2.6666666666666665,낮음
2023-04-12,공주시,0,97.1,77.2,125.7,0.0,,1,2.9000000000000057,0.9666666666666686,낮음
2023-04-12,금산군,0,93.0,80.2,115.9,0.0,,1,7.0,2.3333333333333335,낮음
2023-04-12,논산시,0,93.5,88.5,105.6,0.0,,1,6.5,2.1666666666666665,낮음
2023-04-12,당진시,0,75.1,87.6,85.8,14.200000000000003,,1,24.900000000000006,13.033333333333337,낮음
2023-04-12,보령시,0,99.0,89.2,111.0,0.0,,1,1.0,0.3333333333333333,낮음
2023-04-12,부여군,0,98.4,82.4,119.5,0.0,,1,1.5999999999999943,0.5333333333333314,낮음
2023-04-12,서산시,0,98.2,89.6,109.6,0.0,,1,1.7999999999999972,0.5999999999999991,낮음
2023-04-12,서천군,0,99.7,86.9,114.7,0.0,,1,0.29999999999999716,0.09999999999999905,낮음
2023-04-12,아산시,0,99.1,94.0,105.4,0.0,,1,0.9000000000000057,0.3000000000000019,낮음
2023-04-12,예산군,0,98.4,92.8,106.0,0.0,,1,1.5999999999999943,0.5333333333333314,낮음
2023-04-12,천안시,0,95.5,87.3,109.4,0.0,,1,4.5,1.5,낮음
2023-04-12,청양군,0,99.0,83.9,117.9,0.0,,1,1.0,0.3333333333333333,낮음
2023-04-12,태안군,0,92.2,92.3,99.9,0.09999999999999432,,1,7.799999999999997,2.6333333333333306,낮음
2023-04-12,홍성군,0,97.2,88.4,109.9,0.0,,1,2.799999999999997,0.9333333333333323,낮음
2023-04-13,계룡시,0,96.0,100.0,96.0,4.0,,1,4.0,2.6666666666666665,낮음
2023-04-13,공주시,0,97.1,77.2,125.7,0.0,,1,2.9000000000000057,0.9666666666666686,낮음
2023-04-13,금산군,0,93.0,80.2,115.9,0.0,,1,7.0,2.3333333333333335,낮음
2023-04-13,논산시,0,93.5,88.4,105.8,0.0,,1,6.5,2.1666666666666665,낮음
2023-04-13,당진시,0,74.8,87.6,85.4,14.599999999999994,,1,25.200000000000003,13.266666666666666,낮음
2023-04-13,보령시,0,99.2,89.2,111.1,0.0,,1,0.7999999999999972,0.2666666666666657,낮음
2023-04-13,부여군,0,98.4,82.4,119.5,0.0,,1,1.5999999999999943,0.5333333333333314,낮음
2023-04-13,서산시,0,98.2,89.6,109.6,0.0,,1,1.7999999999999972,0.5999999999999991,낮음
2023-04-13,서천군,0,99.7,86.9,114.7,0.0,,1,0.29999999999999716,0.09999999999999905,낮음
2023-04-13,아산시,0,99.1,94.0,105.3,0.0,,1,0.9000000000000057,0.3000000000000019,낮음
2023-04-13,예산군,0,98.4,92.8,106.1,0.0,,1,1.5999999999999943,0.5333333333333314,낮음
2023-04-13,천안시,0,95.4,87.4,109.2,0.0,,1,4.599999999999994,1.5333333333333314,낮음
2023-04-13,청양군,0,99.0,84.0,117.9,0.0,,1,1.0,0.3333333333333333,낮음
2023-04-13,태안군,0,92.1,92.3,99.7,0.29999999999999716,,1,7.900000000000006,2.7333333333333343,낮음
2023-04-13,홍성군,0,97.2,88.4,109.9,0.0,,1,2.799999999999997,0.9333333333333323,낮음
2023-04-14,계룡시,0,96.0,100.0,96.0,4.0,,1,4.0,2.6666666666666665,낮음
2023-04-14,공주시,0,97.1,77.2,125.7,0.0,,1,2.9000000000000057,0.9666666666666686,낮음
2023-04-14,금산군,0,93.0,80.3,115.8,0.0,,1,7.0,2.3333333333333335,낮음
2023-04-14,논산시,0,93.7,88.2,106.2,0.0,,1,6.299999999999997,2.099999999999999,낮음
2023-04-14,당진시,0,74.6,87.6,85.1,14.900000000000006,,1,25.400000000000006,13.433333333333337,낮음
2023-04-14,보령시,0,99.2,89.2,111.2,0.0,,1,0.7999999999999972,0.2666666666666657,낮음
2023-04-14,부여군,0,98.4,82.4,119.5,0.0,,1,1.5999999999999943,0.5333333333333314,낮음
2023-04-14,서산시,0,98.2,89.6,109.5,0.0,,1,1.7999999999999972,0.5999999999999991,낮음
2023-04-14,서천군,0,99.7,86.9,114.8,0.0,,1,0.29999999999999716,0.09999999999999905,낮음
2023-04-14,아산시,0,99.1,94.0,105.4,0.0,,1,0.9000000000000057,0.3000000000000019,낮음
2023-04-14,예산군,0,98.4,92.7,106.1,0.0,,1,1.5999999999999943,0.5333333333333314,낮음
2023-04-14,천안시,0,95.3,87.4,109.1,0.0,,1,4.700000000000003,1.5666666666666675,낮음
2023-04-14,청양군,0,99.0,84.0,117.9,0.0,,1,1.0,0.3333333333333333,낮음
2023-04-14,태안군,0,92.0,92.3,99.6,0.4000000000000057,,1,8.0,2.800000000000002,낮음
2023-04-14,홍성군,0,97.3,88.5,109.9,0.0,,1,2.700000000000003,0.9000000000000009,낮음
2023-04-15,계룡시,0,96.0,100.0,96.0,4.0,,1,4.0,2.6666666666666665,낮음
2023-04-15,공주시,0,97.1,77.2,125.7,0.0,,1,2.9000000000000057,0.9666666666666686,낮음
2023-04-15,금산군,0,93.0,80.4,115.6,0.0,,1,7.0,2.3333333333333335,낮음
2023-04-15,논산시,0,93.7,88.2,106.2,0.0,,1,6.299999999999997,2.099999999999999,낮음
2023-04-15,당진시,0,74.6,87.6,85.1,14.900000000000006,,1,25.400000000000006,13.433333333333337,낮음
2023-04-15,보령시,0,99.2,89.2,111.2,0.0,,1,0.7999999999999972,0.2666666666666657,낮음
2023-04-15,부여군,0,98.4,82.4,119.4,0.0,,1,1.5999999999999943,0.5333333333333314,낮음
2023-04-15,서산시,0,98.2,89.7,109.5,0.0,,1,1.7999999999999972,0.5999999999999991,낮음
2023-04-15,서천군,0,99.7,86.8,114.8,0.0,,1,0.29999999999999716,0.09999999999999905,낮음
2023-04-15,아산시,0,99.1,94.0,105.4,0.0,,1,0.9000000000000057,0.3000000000000019,낮음
2023-04-15,예산군,0,98.4,92.7,106.2,0.0,,1,1.5999999999999943,0.5333333333333314,낮음
2023-04-15,천안시,0,95.3,87.4,109.1,0.0,,1,4.700000000000003,1.5666666666666675,낮음
2023-04-15,청양군,0,99.0,84.0,117.9,0.0,,1,1.0,0.3333333333333333,낮음
2023-04-15,태안군,0,92.0,92.3,99.6,0.4000000000000057,,1,8.0,2.800000000000002,낮음
2023-04-15,홍성군,0,97.3,88.5,109.9,0.0,,1,2.700000000000003,0.9000000000000009,낮음
2023-04-16,계룡시,0,96.0,100.0,96.0,4.0,,1,4.0,2.6666666666666665,낮음
2023-04-16,공주시,0,97.1,77.2,125.7,0.0,,1,2.9000000000000057,0.9666666666666686,낮음
2023-04-16,금산군,0,93.0,80.5,115.6,0.0,,1,7.0,2.3333333333333335,낮음
2023-04-16,논산시,0,93.7,88.1,106.3,0.0,,1,6.299999999999997,2.099999999999999,낮음
2023-04-16,당진시,0,74.6,87.7,85.1,14.900000000000006,,1,25.400000000000006,13.433333333333337,낮음
2023-04-16,보령시,0,99.2,89.2,111.2,0.0,,1,0.7999999999999972,0.2666666666666657,낮음
2023-04-16,부여군,0,98.4,82.4,119.4,0.0,,1,1.5999999999999943,0.5333333333333314,낮음
2023-04-16,서산시,0,98.2,89.7,109.4,0.0,,1,1.7999999999999972,0.5999999999999991,낮음
2023-04-16,서천군,0,99.7,86.8,114.9,0.0,,1,0.29999999999999716,0.09999999999999905,낮음
2023-04-16,아산시,0,99.1,94.0,105.4,0.0,,1,0.9000000000000057,0.3000000000000019,낮음
2023-04-16,예산군,0,98.4,92.6,106.3,0.0,,1,1.5999999999999943,0.5333333333333314,낮음
2023-04-16,천안시,0,95.3,87.4,109.1,0.0,,1,4.700000000000003,1.5666666666666675,낮음
2023-04-16,청양군,0,99.0,84.1,117.8,0.0,,1,1.0,0.3333333333333333,낮음
2023-04-16,태안군,0,92.0,92.4,99.6,0.4000000000000057,,1,8.0,2.800000000000002,낮음
2023-04-16,홍성군,0,97.3,88.6,109.9,0.0,,1,2.700000000000003,0.9000000000000009,낮음
2023-04-17,계룡시,0,96.0,100.0,96.0,4.0,,1,4.0,2.6666666666666665,낮음
2023-04-17,공주시,0,97.2,77.3,125.8,0.0,,1,2.799999999999997,0.9333333333333323,낮음
2023-04-17,금산군,0,93.1,80.6,115.6,0.0,,1,6.900000000000006,2.300000000000002,낮음
2023-04-17,논산시,0,94.5,88.2,107.2,0.0,,1,5.5,1.8333333333333333,낮음
2023-04-17,당진시,0,74.0,87.6,84.4,15.599999999999994,,1,26.0,13.866666666666665,낮음
2023-04-17,보령시,0,99.2,89.2,111.2,0.0,,1,0.7999999999999972,0.2666666666666657,낮음
2023-04-17,부여군,0,98.4,82.5,119.3,0.0,,1,1.5999999999999943,0.5333333333333314,낮음
2023-04-17,서산시,0,97.5,89.8,108.6,0.0,,1,2.5,0.8333333333333334,낮음
2023-04-17,서천군,0,99.7,86.8,114.8,0.0,,1,0.29999999999999716,0.09999999999999905,낮음
2023-04-17,아산시,0,99.1,93.9,105.5,0.0,,1,0.9000000000000057,0.3000000000000019,낮음
2023-04-17,예산군,0,98.8,92.5,106.8,0.0,,1,1.2000000000000028,0.40000000000000097,낮음
2023-04-17,천안시,0,95.3,87.4,109.0,0.0,,1,4.700000000000003,1.5666666666666675,낮음
2023-04-17,청양군,0,99.0,84.2,117.6,0.0,,1,1.0,0.3333333333333333,낮음
2023-04-17,태안군,0,91.9,92.4,99.4,0.5999999999999943,,1,8.099999999999994,2.8999999999999964,낮음
2023-04-17,홍성군,0,97.5,88.6,110.0,0.0,,1,2.5,0.8333333333333334,낮음
2023-04-18,계룡시,0,96.0,100.0,96.0,4.0,,1,4.0,2.6666666666666665,낮음
2023-04-18,공주시,0,97.2,77.3,125.8,0.0,,1,2.799999999999997,0.9333333333333323,낮음
2023-04-18,금산군,0,93.2,80.6,115.6,0.0,,1,6.799999999999997,2.2666666666666657,낮음
2023-04-18,논산시,0,94.6,88.1,107.4,0.0,,1,5.400000000000006,1.8000000000000018,낮음
2023-04-18,당진시,0,76.6,87.6,87.4,12.599999999999994,,1,23.400000000000006,12.0,낮음
2023-04-18,보령시,0,99.1,89.2,111.0,0.0,,1,0.9000000000000057,0.3000000000000019,낮음
2023-04-18,부여군,0,98.4,82.5,119.3,0.0,,1,1.5999999999999943,0.5333333333333314,낮음
2023-04-18,서산시,0,97.4,89.8,108.5,0.0,,1,2.5999999999999943,0.8666666666666648,낮음
2023-04-18,서천군,0,99.6,86.7,114.8,0.0,,1,0.4000000000000057,0.13333333333333522,낮음
2023-04-18,아산시,0,98.9,93.9,105.3,0.0,,1,1.0999999999999943,0.36666666666666475,낮음
2023-04-18,예산군,0,99.1,92.4,107.3,0.0,,1,0.9000000000000057,0.3000000000000019,낮음
2023-04-18,천안시,0,95.2,87.4,108.9,0.0,,1,4.799999999999997,1.599999999999999,낮음
2023-04-18,청양군,0,99.0,84.3,117.4,0.0,,1,1.0,0.3333333333333333,낮음
2023-04-18,태안군,0,91.8,92.4,99.3,0.7000000000000028,,1,8.200000000000003,2.9666666666666686,낮음
2023-04-18,홍성군,0,97.6,88.7,110.1,0.0,,1,2.4000000000000057,0.8000000000000019,낮음
2023-04-19,계룡시,0,96.0,100.0,96.0,4.0,,1,4.0,2.6666666666666665,낮음
2023-04-19,공주시,0,97.2,77.2,125.9,0.0,,1,2.799999999999997,0.9333333333333323,낮음
2023-04-19,금산군,0,93.2,80.7,115.4,0.0,,1,6.799999999999997,2.2666666666666657,낮음
2023-04-19,논산시,0,94.8,88.0,107.8,0.0,,1,5.200000000000003,1.7333333333333343,낮음
2023-04-19,당진시,0,78.9,87.7,90.0,10.0,,1,21.099999999999994,10.366666666666665,낮음
2023-04-19,보령시,0,99.1,89.2,111.1,0.0,,1,0.9000000000000057,0.3000000000000019,낮음
2023-04-19,부여군,0,98.5,82.3,119.6,0.0,,1,1.5,0.5,낮음
2023-04-19,서산시,0,97.5,89.9,108.5,0.0,,1,2.5,0.8333333333333334,낮음
2023-04-19,서천군,0,99.5,86.5,115.1,0.0,,1,0.5,0.16666666666666666,낮음
2023-04-19,아산시,0,98.9,93.9,105.4,0.0,,1,1.0999999999999943,0.36666666666666475,낮음
2023-04-19,예산군,0,99.1,92.2,107.5,0.0,,1,0.9000000000000057,0.3000000000000019,낮음
2023-04-19,천안시,0,95.0,87.4,108.6,0.0,,1,5.0,1.6666666666666667,낮음
2023-04-19,청양군,0,99.0,84.4,117.3,0.0,,1,1.0,0.3333333333333333,낮음
2023-04-19,태안군,0,91.9,92.5,99.4,0.5999999999999943,,1,8.099999999999994,2.8999999999999964,낮음
2023-04-19,홍성군,0,97.7,88.7,110.2,0.0,,1,2.299999999999997,0.7666666666666657,낮음
2023-04-20,계룡시,0,96.0,100.0,96.0,4.0,,1,4.0,2.6666666666666665,낮음
2023-04-20,공주시,0,97.2,77.1,126.2,0.0,,1,2.799999999999997,0.9333333333333323,낮음
2023-04-20,금산군,0,93.2,80.8,115.3,0.0,,1,6.799999999999997,2.2666666666666657,낮음
2023-04-20,논산시,0,95.0,87.9,108.1,0.0,,1,5.0,1.6666666666666667,낮음
2023-04-20,당진시,0,78.6,88.1,89.3,10.700000000000003,,1,21.400000000000006,10.700000000000003,낮음
2023-04-20,보령시,0,99.3,89.1,111.4,0.0,,1,0.7000000000000028,0.23333333333333428,낮음
2023-04-20,부여군,0,98.4,82.1,119.8,0.0,,1,1.5999999999999943,0.5333333333333314,낮음
2023-04-20,서산시,0,97.4,89.9,108.4,0.0,,1,2.5999999999999943,0.8666666666666648,낮음
2023-04-20,서천군,0,99.5,86.3,115.3,0.0,,1,0.5,0.16666666666666666,낮음
2023-04-20,아산시,0,98.8,93.9,105.3,0.0,,1,1.2000000000000028,0.40000000000000097,낮음
2023-04-20,예산군,0,99.3,92.1,107.8,0.0,,1,0.7000000000000028,0.23333333333333428,낮음
2023-04-20,천안시,0,95.0,87.5,108.6,0.0,,1,5.0,1.6666666666666667,낮음
2023-04-20,청양군,0,99.0,84.5,117.2,0.0,,1,1.0,0.3333333333333333,낮음
2023-04-20,태안군,0,91.8,92.5,99.2,0.7999999999999972,,1,8.200000000000003,3.0,낮음
2023-04-20,홍성군,0,97.8,88.7,110.2,0.0,,1,2.200000000000003,0.7333333333333343,낮음
2023-04-21,계룡시,0,96.0,100.0,96.0,4.0,,1,4.0,2.6666666666666665,낮음
2023-04-21,공주시,0,97.2,77.0,126.3,0.0,,1,2.799999999999997,0.9333333333333323,낮음
2023-04-21,금산군,0,93.2,80.9,115.2,0.0,,1,6.799999999999997,2.2666666666666657,낮음
2023-04-21,논산시,0,95.0,87.7,108.3,0.0,,1,5.0,1.6666666666666667,낮음
2023-04-21,당진시,0,78.6,87.1,90.2,9.799999999999997,,1,21.400000000000006,10.4,낮음
2023-04-21,보령시,0,99.3,89.0,111.6,0.0,,1,0.7000000000000028,0.23333333333333428,낮음
2023-04-21,부여군,0,98.4,82.1,119.9,0.0,,1,1.5999999999999943,0.5333333333333314,낮음
2023-04-21,서산시,0,97.4,89.9,108.3,0.0,,1,2.5999999999999943,0.8666666666666648,낮음
2023-04-21,서천군,0,99.5,86.2,115.4,0.0,,1,0.5,0.16666666666666666,낮음
2023-04-21,아산시,0,98.8,93.8,105.3,0.0,,1,1.2000000000000028,0.40000000000000097,낮음
2023-04-21,예산군,0,99.3,92.0,108.0,0.0,,1,0.7000000000000028,0.23333333333333428,낮음
2023-04-21,천안시,0,95.0,87.4,108.7,0.0,,1,5.0,1.6666666666666667,낮음
2023-04-21,청양군,0,99.0,84.5,117.1,0.0,,1,1.0,0.3333333333333333,낮음
2023-04-21,태안군,0,91.7,92.5,99.2,0.7999999999999972,,1,8.299999999999997,3.0333333333333314,낮음
2023-04-21,홍성군,0,97.7,88.7,110.1,0.0,,1,2.299999999999997,0.7666666666666657,낮음
2023-04-22,계룡시,0,96.0,100.0,96.0,4.0,,1,4.0,2.6666666666666665,낮음
2023-04-22,공주시,0,97.2,76.9,126.4,0.0,,1,2.799999999999997,0.9333333333333323,낮음
2023-04-22,금산군,0,93.2,80.9,115.1,0.0,,1,6.799999999999997,2.2666666666666657,낮음
2023-04-22,논산시,0,95.0,87.4,108.6,0.0,,1,5.0,1.6666666666666667,낮음
2023-04-22,당진시,0,78.6,86.9,90.4,9.599999999999994,,1,21.400000000000006,10.333333333333334,낮음
2023-04-22,보령시,0,99.3,88.9,111.7,0.0,,1,0.7000000000000028,0.23333333333333428,낮음
2023-04-22,부여군,0,98.4,82.0,120.0,0.0,,1,1.5999999999999943,0.5333333333333314,낮음
2023-04-22,서산시,0,97.4,89.9,108.3,0.0,,1,2.5999999999999943,0.8666666666666648,낮음
2023-04-22,서천군,0,99.5,86.1,115.5,0.0,,1,0.5,0.16666666666666666,낮음
2023-04-22,아산시,0,98.8,93.8,105.4,0.0,,1,1.2000000000000028,0.40000000000000097,낮음
2023-04-22,예산군,0,99.3,91.7,108.3,0.0,,1,0.7000000000000028,0.23333333333333428,낮음
2023-04-22,천안시,0,95.0,87.4,108.6,0.0,,1,5.0,1.6666666666666667,낮음
2023-04-22,청양군,0,99.0,84.8,116.8,0.0,,1,1.0,0.3333333333333333,낮음
2023-04-22,태안군,0,91.7,92.5,99.2,0.7999999999999972,,1,8.299999999999997,3.0333333333333314,낮음
2023-04-22,홍성군,0,97.7,88.7,110.1,0.0,,1,2.299999999999997,0.7666666666666657,낮음
2023-04-23,계룡시,0,96.0,100.0,96.0,4.0,,1,4.0,2.6666666666666665,낮음
2023-04-23,공주시,0,97.2,76.9,126.4,0.0,,1,2.799999999999997,0.9333333333333323,낮음
2023-04-23,금산군,0,93.2,81.0,115.1,0.0,,1,6.799999999999997,2.2666666666666657,낮음
2023-04-23,논산시,0,95.0,87.1,109.0,0.0,,1,5.0,1.6666666666666667,낮음
2023-04-23,당진시,0,78.6,87.1,90.2,9.799999999999997,,1,21.400000000000006,10.4,낮음
2023-04-23,보령시,0,99.3,88.8,111.8,0.0,,1,0.7000000000000028,0.23333333333333428,낮음
2023-04-23,부여군,0,98.4,81.9,120.2,0.0,,1,1.5999999999999943,0.5333333333333314,낮음
2023-04-23,서산시,0,97.4,90.0,108.2,0.0,,1,2.5999999999999943,0.8666666666666648,낮음
2023-04-23,서천군,0,99.5,86.0,115.7,0.0,,1,0.5,0.16666666666666666,낮음
2023-04-23,아산시,0,98.8,93.7,105.4,0.0,,1,1.2000000000000028,0.40000000000000097,낮음
2023-04-23,예산군,0,99.3,91.3,108.8,0.0,,1,0.7000000000000028,0.23333333333333428,낮음
2023-04-23,천안시,0,95.0,87.4,108.7,0.0,,1,5.0,1.6666666666666667,낮음
2023-04-23,청양군,0,99.0,84.8,116.8,0.0,,1,1.0,0.3333333333333333,낮음
2023-04-23,태안군,0,91.7,92.5,99.1,0.9000000000000057,,1,8.299999999999997,3.0666666666666678,낮음
2023-04-23,홍성군,0,97.7,89.3,109.3,0.0,,1,2.299999999999997,0.7666666666666657,낮음
2023-04-24,계룡시,0,96.0,100.0,96.0,4.0,,1,4.0,2.6666666666666665,낮음
2023-04-24,공주시,0,97.2,76.7,126.7,0.0,,1,2.799999999999997,0.9333333333333323,낮음
2023-04-24,금산군,0,93.1,81.0,115.0,0.0,,1,6.900000000000006,2.300000000000002,낮음
2023-04-24,논산시,0,95.3,86.7,109.9,0.0,,1,4.700000000000003,1.5666666666666675,낮음
2023-04-24,당진시,0,78.3,87.0,90.1,9.900000000000006,,1,21.700000000000003,10.533333333333337,낮음
2023-04-24,보령시,0,99.3,88.7,111.9,0.0,,1,0.7000000000000028,0.23333333333333428,낮음
2023-04-24,부여군,0,98.3,81.7,120.3,0.0,,1,1.7000000000000028,0.5666666666666677,낮음
2023-04-24,서산시,0,97.0,90.1,107.7,0.0,,1,3.0,1.0,낮음
2023-04-24,서천군,0,98.5,85.8,114.8,0.0,,1,1.5,0.5,낮음
2023-04-24,아산시,0,98.5,93.6,105.2,0.0,,1,1.5,0.5,낮음
2023-04-24,예산군,0,99.3,90.9,109.2,0.0,,1,0.7000000000000028,0.23333333333333428,낮음
2023-04-24,천안시,0,94.8,87.3,108.6,0.0,,1,5.200000000000003,1.7333333333333343,낮음
2023-04-24,청양군,0,99.0,84.8,116.8,0.0,,1,1.0,0.3333333333333333,낮음
2023-04-24,태안군,0,91.3,92.6,98.6,1.4000000000000057,,1,8.700000000000003,3.3666666666666694,낮음
2023-04-24,홍성군,0,97.7,89.4,109.3,0.0,,1,2.299999999999997,0.7666666666666657,낮음
2023-04-25,계룡시,0,96.0,100.0,96.0,4.0,,1,4.0,2.6666666666666665,낮음
2023-04-25,공주시,0,97.2,76.6,126.9,0.0,,1,2.799999999999997,0.9333333333333323,낮음
2023-04-25,금산군,0,93.2,81.0,115.0,0.0,,1,6.799999999999997,2.2666666666666657,낮음
2023-04-25,논산시,0,95.0,86.4,110.0,0.0,,1,5.0,1.6666666666666667,낮음
2023-04-25,당진시,0,77.0,86.7,88.8,11.200000000000003,,1,23.0,11.4,낮음
2023-04-25,보령시,0,99.3,88.6,112.0,0.0,,1,0.7000000000000028,0.23333333333333428,낮음
2023-04-25,부여군,0,98.1,81.6,120.2,0.0,,1,1.9000000000000057,0.6333333333333352,낮음
2023-04-25,서산시,0,96.9,90.1,107.6,0.0,,1,3.0999999999999943,1.0333333333333314,낮음
2023-04-25,서천군,0,98.5,85.7,114.9,0.0,,1,1.5,0.5,낮음
2023-04-25,아산시,0,98.3,93.6,105.1,0.0,,1,1.7000000000000028,0.5666666666666677,낮음
2023-04-25,예산군,0,99.2,90.6,109.5,0.0,,1,0.7999999999999972,0.2666666666666657,낮음
2023-04-25,천안시,0,94.8,87.2,108.7,0.0,,1,5.200000000000003,1.7333333333333343,낮음
2023-04-25,청양군,0,99.0,84.8,116.8,0.0,,1,1.0,0.3333333333333333,낮음
2023-04-25,태안군,0,91.4,92.6,98.7,1.2999999999999972,,1,8.599999999999994,3.299999999999997,낮음
2023-04-25,홍성군,0,97.7,89.4,109.2,0.0,,1,2.299999999999997,0.7666666666666657,낮음
2023-04-26,계룡시,0,96.0,100.0,96.0,4.0,,1,4.0,2.6666666666666665,낮음
2023-04-26,공주시,0,97.2,76.4,127.2,0.0,,1,2.799999999999997,0.9333333333333323,낮음
2023-04-26,금산군,0,93.2,81.0,115.0,0.0,,1,6.799999999999997,2.2666666666666657,낮음
2023-04-26,논산시,0,95.0,86.1,110.3,0.0,,1,5.0,1.6666666666666667,낮음
2023-04-26,당진시,0,76.8,86.4,88.9,11.099999999999994,,1,23.200000000000003,11.433333333333332,낮음
2023-04-26,보령시,0,99.3,88.4,112.3,0.0,,1,0.7000000000000028,0.23333333333333428,낮음
2023-04-26,부여군,0,98.0,81.5,120.3,0.0,,1,2.0,0.6666666666666666,낮음
2023-04-26,서산시,0,96.8,90.1,107.4,0.0,,1,3.200000000000003,1.0666666666666675,낮음
2023-04-26,서천군,0,98.5,85.6,115.1,0.0,,1,1.5,0.5,낮음
2023-04-26,아산시,0,98.1,93.5,105.0,0.0,,1,1.9000000000000057,0.6333333333333352,낮음
2023-04-26,예산군,0,98.7,90.3,109.3,0.0,,1,1.2999999999999972,0.4333333333333324,낮음
2023-04-26,천안시,0,94.8,87.1,108.8,0.0,,1,5.200000000000003,1.7333333333333343,낮음
2023-04-26,청양군,0,99.0,84.7,116.9,0.0,,1,1.0,0.3333333333333333,낮음
2023-04-26,태안군,0,91.4,92.6,98.7,1.2999999999999972,,1,8.599999999999994,3.299999999999997,낮음
2023-04-26,홍성군,0,97.7,89.4,109.3,0.0,,1,2.299999999999997,0.7666666666666657,낮음
2023-04-27,계룡시,0,96.0,100.0,96.0,4.0,,1,4.0,2.6666666666666665,낮음
2023-04-27,공주시,0,97.1,76.2,127.4,0.0,,1,2.9000000000000057,0.9666666666666686,낮음
2023-04-27,금산군,0,93.3,81.0,115.2,0.0,,1,6.700000000000003,2.2333333333333343,낮음
2023-04-27,논산시,0,94.3,85.7,109.9,0.0,,1,5.700000000000003,1.900000000000001,낮음
2023-04-27,당진시,0,76.1,86.0,88.5,11.5,,1,23.900000000000006,11.800000000000002,낮음
2023-04-27,보령시,0,99.2,88.2,112.5,0.0,,1,0.7999999999999972,0.2666666666666657,낮음
2023-04-27,부여군,0,97.7,81.3,120.2,0.0,,1,2.299999999999997,0.7666666666666657,낮음
2023-04-27,서산시,0,96.8,90.2,107.4,0.0,,1,3.200000000000003,1.0666666666666675,낮음
2023-04-27,서천군,0,98.1,85.5,114.8,0.0,,1,1.9000000000000057,0.6333333333333352,낮음
2023-04-27,아산시,0,98.0,93.3,105.0,0.0,,1,2.0,0.6666666666666666,낮음
2023-04-27,예산군,0,98.6,89.9,109.7,0.0,,1,1.4000000000000057,0.46666666666666856,낮음
2023-04-27,천안시,0,94.6,87.0,108.7,0.0,,1,5.400000000000006,1.8000000000000018,낮음
2023-04-27,청양군,0,99.0,84.7,116.9,0.0,,1,1.0,0.3333333333333333,낮음
2023-04-27,태안군,0,91.3,92.6,98.6,1.4000000000000057,,1,8.700000000000003,3.3666666666666694,낮음
2023-04-27,홍성군,0,97.6,89.3,109.3,0.0,,1,2.4000000000000057,0.8000000000000019,낮음
2023-04-28,계룡시,0,96.0,100.0,96.0,4.0,,1,4.0,2.6666666666666665,낮음
2023-04-28,공주시,0,96.9,76.1,127.4,0.0,,1,3.0999999999999943,1.0333333333333314,낮음
2023-04-28,금산군,0,93.3,81.0,115.2,0.0,,1,6.700000000000003,2.2333333333333343,낮음
2023-04-28,논산시,0,92.8,85.4,108.7,0.0,,1,7.200000000000003,2.400000000000001,낮음
2023-04-28,당진시,0,75.2,85.6,87.8,12.200000000000003,,1,24.799999999999997,12.333333333333334,낮음
2023-04-28,보령시,0,99.0,88.0,112.5,0.0,,1,1.0,0.3333333333333333,낮음
2023-04-28,부여군,0,97.1,81.0,119.8,0.0,,1,2.9000000000000057,0.9666666666666686,낮음
2023-04-28,서산시,0,96.6,90.2,107.1,0.0,,1,3.4000000000000057,1.1333333333333353,낮음
2023-04-28,서천군,0,97.9,85.3,114.8,0.0,,1,2.0999999999999943,0.6999999999999981,낮음
2023-04-28,아산시,0,97.5,93.2,104.6,0.0,,1,2.5,0.8333333333333334,낮음
2023-04-28,예산군,0,98.4,89.4,110.1,0.0,,1,1.5999999999999943,0.5333333333333314,낮음
2023-04-28,천안시,0,94.5,86.9,108.7,0.0,,1,5.5,1.8333333333333333,낮음
2023-04-28,청양군,0,99.0,84.6,117.1,0.0,,1,1.0,0.3333333333333333,낮음
2023-04-28,태안군,0,91.2,92.6,98.6,1.4000000000000057,,1,8.799999999999997,3.400000000000001,낮음
2023-04-28,홍성군,0,97.7,89.2,109.4,0.0,,1,2.299999999999997,0.7666666666666657,낮음
2023-04-29,계룡시,0,96.0,100.0,96.0,4.0,,1,4.0,2.6666666666666665,낮음
2023-04-29,공주시,0,96.9,75.9,127.7,0.0,,1,3.0999999999999943,1.0333333333333314,낮음
2023-04-29,금산군,0,93.3,81.0,115.2,0.0,,1,6.700000000000003,2.2333333333333343,낮음
2023-04-29,논산시,0,92.8,85.1,109.0,0.0,,1,7.200000000000003,2.400000000000001,낮음
2023-04-29,당진시,0,75.2,85.3,88.2,11.799999999999997,,1,24.799999999999997,12.199999999999998,낮음
2023-04-29,보령시,0,99.0,87.9,112.7,0.0,,1,1.0,0.3333333333333333,낮음
2023-04-29,부여군,0,97.1,80.8,120.2,0.0,,1,2.9000000000000057,0.9666666666666686,낮음
2023-04-29,서산시,0,96.6,90.2,107.1,0.0,,1,3.4000000000000057,1.1333333333333353,낮음
2023-04-29,서천군,0,97.9,85.2,114.9,0.0,,1,2.0999999999999943,0.6999999999999981,낮음
2023-04-29,아산시,0,97.5,93.1,104.7,0.0,,1,2.5,0.8333333333333334,낮음
2023-04-29,예산군,0,98.4,88.9,110.7,0.0,,1,1.5999999999999943,0.5333333333333314,낮음
2023-04-29,천안시,0,94.5,86.7,108.9,0.0,,1,5.5,1.8333333333333333,낮음
2023-04-29,청양군,0,99.0,84.4,117.3,0.0,,1,1.0,0.3333333333333333,낮음
2023-04-29,태안군,0,91.2,92.5,98.6,1.4000000000000057,,1,8.799999999999997,3.400000000000001,낮음
2023-04-29,홍성군,0,97.7,89.1,109.6,0.0,,1,2.299999999999997,0.7666666666666657,낮음
2023-04-30,계룡시,0,96.0,100.0,96.0,4.0,,1,4.0,2.6666666666666665,낮음
2023-04-30,공주시,0,96.9,75.7,128.0,0.0,,1,3.0999999999999943,1.0333333333333314,낮음
2023-04-30,금산군,0,93.3,81.0,115.2,0.0,,1,6.700000000000003,2.2333333333333343,낮음
2023-04-30,논산시,0,92.8,84.8,109.4,0.0,,1,7.200000000000003,2.400000000000001,낮음
2023-04-30,당진시,0,75.2,85.0,88.5,11.5,,1,24.799999999999997,12.1,낮음
2023-04-30,보령시,0,99.0,87.7,112.9,0.0,,1,1.0,0.3333333333333333,낮음
2023-04-30,부여군,0,97.1,80.6,120.5,0.0,,1,2.9000000000000057,0.9666666666666686,낮음
2023-04-30,서산시,0,96.6,90.2,107.1,0.0,,1,3.4000000000000057,1.1333333333333353,낮음
2023-04-30,서천군,0,97.9,85.1,115.0,0.0,,1,2.0999999999999943,0.6999999999999981,낮음
2023-04-30,아산시,0,97.5,92.9,104.9,0.0,,1,2.5,0.8333333333333334,낮음
2023-04-30,예산군,0,98.4,88.5,111.1,0.0,,1,1.5999999999999943,0.5333333333333314,낮음
2023-04-30,천안시,0,94.5,86.6,109.1,0.0,,1,5.5,1.8333333333333333,낮음
2023-04-30,청양군,0,99.0,84.4,117.4,0.0,,1,1.0,0.3333333333333333,낮음
2023-04-30,태안군,0,91.2,92.5,98.7,1.2999999999999972,,1,8.799999999999997,3.366666666666665,낮음
2023-04-30,홍성군,0,97.7,89.0,109.7,0.0,,1,2.299999999999997,0.7666666666666657,낮음
2023-05-01,계룡시,0,96.0,100.0,96.0,4.0,,1,4.0,2.6666666666666665,낮음
2023-05-01,공주시,0,96.9,75.6,128.3,0.0,,1,3.0999999999999943,1.0333333333333314,낮음
2023-05-01,금산군,0,93.3,81.0,115.1,0.0,,1,6.700000000000003,2.2333333333333343,낮음
2023-05-01,논산시,0,92.8,84.6,109.7,0.0,,1,7.200000000000003,2.400000000000001,낮음
2023-05-01,당진시,0,75.5,84.7,89.1,10.900000000000006,,1,24.5,11.800000000000002,낮음
2023-05-01,보령시,0,99.0,87.6,113.1,0.0,,1,1.0,0.3333333333333333,낮음
2023-05-01,부여군,0,97.1,80.4,120.8,0.0,,1,2.9000000000000057,0.9666666666666686,낮음
2023-05-01,서산시,0,96.6,90.3,107.1,0.0,,1,3.4000000000000057,1.1333333333333353,낮음
2023-05-01,서천군,0,97.9,85.1,115.2,0.0,,1,2.0999999999999943,0.6999999999999981,낮음
2023-05-01,아산시,0,97.5,92.7,105.2,0.0,,1,2.5,0.8333333333333334,낮음
2023-05-01,예산군,0,98.4,88.2,111.6,0.0,,1,1.5999999999999943,0.5333333333333314,낮음
2023-05-01,천안시,0,94.5,86.4,109.3,0.0,,1,5.5,1.8333333333333333,낮음
2023-05-01,청양군,0,99.0,84.3,117.5,0.0,,1,1.0,0.3333333333333333,낮음
2023-05-01,태안군,0,91.2,92.4,98.8,1.2000000000000028,,1,8.799999999999997,3.3333333333333335,낮음
2023-05-01,홍성군,0,97.7,89.0,109.7,0.0,,1,2.299999999999997,0.7666666666666657,낮음
2023-05-02,계룡시,0,96.0,100.0,96.0,4.0,,1,4.0,2.6666666666666665,낮음
2023-05-02,공주시,0,96.3,75.4,127.7,0.0,,1,3.700000000000003,1.2333333333333343,낮음
2023-05-02,금산군,0,93.2,81.1,115.0,0.0,,1,6.799999999999997,2.2666666666666657,낮음
2023-05-02,논산시,0,89.5,84.3,106.2,0.0,,1,10.5,3.5,낮음
2023-05-02,당진시,0,75.0,84.4,88.9,11.099999999999994,,1,25.0,12.033333333333331,낮음
2023-05-02,보령시,0,98.0,87.4,112.1,0.0,,1,2.0,0.6666666666666666,낮음
2023-05-02,부여군,0,95.6,80.1,119.3,0.0,,1,4.400000000000006,1.4666666666666686,낮음
2023-05-02,서산시,0,96.4,90.3,106.7,0.0,,1,3.5999999999999943,1.1999999999999982,낮음
2023-05-02,서천군,0,96.4,84.9,113.6,0.0,,1,3.5999999999999943,1.1999999999999982,낮음
2023-05-02,아산시,0,95.9,92.3,103.8,0.0,,1,4.099999999999994,1.3666666666666647,낮음
2023-05-02,예산군,0,98.3,87.8,112.0,0.0,,1,1.7000000000000028,0.5666666666666677,낮음
2023-05-02,천안시,0,93.3,86.1,108.3,0.0,,1,6.700000000000003,2.2333333333333343,낮음
2023-05-02,청양군,0,98.5,84.2,117.0,0.0,,1,1.5,0.5,낮음
2023-05-02,태안군,0,88.4,92.1,96.0,4.0,,1,11.599999999999994,5.199999999999998,낮음
2023-05-02,홍성군,0,97.3,89.0,109.4,0.0,,1,2.700000000000003,0.9000000000000009,낮음
2023-05-03,계룡시,0,96.0,100.0,96.0,4.0,,1,4.0,2.6666666666666665,낮음
2023-05-03,공주시,0,95.9,75.2,127.5,0.0,,1,4.099999999999994,1.3666666666666647,낮음
2023-05-03,금산군,0,93.2,81.0,115.0,0.0,,1,6.799999999999997,2.2666666666666657,낮음
2023-05-03,논산시,0,87.8,83.9,104.6,0.0,,1,12.200000000000003,4.066666666666667,낮음
2023-05-03,당진시,0,74.6,83.9,88.9,11.099999999999994,,1,25.400000000000006,12.166666666666666,낮음
2023-05-03,보령시,0,97.0,87.1,111.4,0.0,,1,3.0,1.0,낮음
2023-05-03,부여군,0,94.5,79.8,118.3,0.0,,1,5.5,1.8333333333333333,낮음
2023-05-03,서산시,0,96.2,90.3,106.6,0.0,,1,3.799999999999997,1.2666666666666657,낮음
2023-05-03,서천군,0,96.2,84.7,113.5,0.0,,1,3.799999999999997,1.2666666666666657,낮음
2023-05-03,아산시,0,94.6,91.9,103.0,0.0,,1,5.400000000000006,1.8000000000000018,낮음
2023-05-03,예산군,0,97.9,87.2,112.3,0.0,,1,2.0999999999999943,0.6999999999999981,낮음
2023-05-03,천안시,0,93.0,85.9,108.3,0.0,,1,7.0,2.3333333333333335,낮음
2023-05-03,청양군,0,98.3,84.1,117.0,0.0,,1,1.7000000000000028,0.5666666666666677,낮음
2023-05-03,태안군,0,88.0,91.9,95.8,4.200000000000003,,1,12.0,5.400000000000001,낮음
2023-05-03,홍성군,0,96.9,88.9,108.9,0.0,,1,3.0999999999999943,1.0333333333333314,낮음
2023-05-04,계룡시,0,96.0,100.0,96.0,4.0,,1,4.0,2.6666666666666665,낮음
2023-05-04,공주시,0,95.5,75.0,127.4,0.0,,1,4.5,1.5,낮음
2023-05-04,금산군,0,93.1,81.0,114.9,0.0,,1,6.900000000000006,2.300000000000002,낮음
2023-05-04,논산시,0,85.9,83.4,103.1,0.0,,1,14.099999999999994,4.699999999999998,낮음
2023-05-04,당진시,0,74.4,83.5,89.1,10.900000000000006,,1,25.599999999999994,12.166666666666666,낮음
2023-05-04,보령시,0,96.0,86.7,110.8,0.0,,1,4.0,1.3333333333333333,낮음
2023-05-04,부여군,0,94.1,79.6,118.3,0.0,,1,5.900000000000006,1.9666666666666686,낮음
2023-05-04,서산시,0,96.2,90.2,106.6,0.0,,1,3.799999999999997,1.2666666666666657,낮음
2023-05-04,서천군,0,96.1,84.5,113.8,0.0,,1,3.9000000000000057,1.3000000000000018,낮음
2023-05-04,아산시,0,93.2,91.4,101.9,0.0,,1,6.799999999999997,2.2666666666666657,낮음
2023-05-04,예산군,0,96.0,86.5,111.0,0.0,,1,4.0,1.3333333333333333,낮음
2023-05-04,천안시,0,92.6,85.6,108.2,0.0,,1,7.400000000000006,2.4666666666666686,낮음
2023-05-04,청양군,0,98.1,83.9,116.9,0.0,,1,1.9000000000000057,0.6333333333333352,낮음
2023-05-04,태안군,0,87.3,91.7,95.2,4.799999999999997,,1,12.700000000000003,5.833333333333333,낮음
2023-05-04,홍성군,0,96.4,88.8,108.6,0.0,,1,3.5999999999999943,1.1999999999999982,낮음
2023-05-05,계룡시,0,96.0,100.0,96.0,4.0,,1,4.0,2.6666666666666665,낮음
2023-05-05,공주시,0,95.5,74.7,127.7,0.0,,1,4.5,1.5,낮음
2023-05-05,금산군,0,93.1,81.0,115.0,0.0,,1,6.900000000000006,2.300000000000002,낮음
2023-05-05,논산시,0,85.9,82.9,103.7,0.0,,1,14.099999999999994,4.699999999999998,낮음
2023-05-05,당진시,0,75.0,83.2,90.1,9.900000000000006,,1,25.0,11.633333333333335,낮음
2023-05-05,보령시,0,96.0,86.3,111.3,0.0,,1,4.0,1.3333333333333333,낮음
2023-05-05,부여군,0,96.2,79.3,121.2,0.0,,1,3.799999999999997,1.2666666666666657,낮음
2023-05-05,서산시,0,96.2,90.2,106.7,0.0,,1,3.799999999999997,1.2666666666666657,낮음
2023-05-05,서천군,0,96.1,84.2,114.2,0.0,,1,3.9000000000000057,1.3000000000000018,낮음
2023-05-05,아산시,0,93.2,90.9,102.5,0.0,,1,6.799999999999997,2.2666666666666657,낮음
2023-05-05,예산군,0,96.0,85.7,111.9,0.0,,1,4.0,1.3333333333333333,낮음
2023-05-05,천안시,0,92.6,85.3,108.6,0.0,,1,7.400000000000006,2.4666666666666686,낮음
2023-05-05,청양군,0,98.1,83.8,117.1,0.0,,1,1.9000000000000057,0.6333333333333352,낮음
2023-05-05,태안군,0,87.3,91.4,95.5,4.5,,1,12.700000000000003,5.733333333333334,낮음
2023-05-05,홍성군,0,96.4,88.6,108.8,0.0,,1,3.5999999999999943,1.1999999999999982,낮음
2023-05-06,계룡시,0,96.0,100.0,96.0,4.0,,1,4.0,2.6666666666666665,낮음
2023-05-06,공주시,0,95.5,74.5,128.1,0.0,,1,4.5,1.5,낮음
2023-05-06,금산군,0,93.1,80.9,115.1,0.0,,1,6.900000000000006,2.300000000000002,낮음
2023-05-06,논산시,0,93.0,82.5,112.7,0.0,,1,7.0,2.3333333333333335,낮음
2023-05-06,당진시,0,75.0,82.8,90.5,9.5,,1,25.0,11.5,낮음
2023-05-06,보령시,0,96.0,85.8,112.0,0.0,,1,4.0,1.3333333333333333,낮음
2023-05-06,부여군,0,97.9,79.1,123.9,0.0,,1,2.0999999999999943,0.6999999999999981,낮음
2023-05-06,서산시,0,96.2,90.0,106.8,0.0,,1,3.799999999999997,1.2666666666666657,낮음
2023-05-06,서천군,0,96.1,83.9,114.6,0.0,,1,3.9000000000000057,1.3000000000000018,낮음
2023-05-06,아산시,0,93.2,90.3,103.2,0.0,,1,6.799999999999997,2.2666666666666657,낮음
2023-05-06,예산군,0,96.0,84.8,113.1,0.0,,1,4.0,1.3333333333333333,낮음
2023-05-06,천안시,0,92.6,84.8,109.2,0.0,,1,7.400000000000006,2.4666666666666686,낮음
2023-05-06,청양군,0,98.9,83.7,118.2,0.0,,1,1.0999999999999943,0.36666666666666475,낮음
2023-05-06,태안군,0,87.3,91.1,95.9,4.099999999999994,,1,12.700000000000003,5.599999999999999,낮음
2023-05-06,홍성군,0,96.4,88.3,109.2,0.0,,1,3.5999999999999943,1.1999999999999982,낮음
2023-05-07,계룡시,0,96.0,100.0,96.0,4.0,,1,4.0,2.6666666666666665,낮음
2023-05-07,공주시,0,95.5,74.5,128.2,0.0,,1,4.5,1.5,낮음
2023-05-07,금산군,0,93.1,80.8,115.2,0.0,,1,6.900000000000006,2.300000000000002,낮음
2023-05-07,논산시,0,97.5,82.0,118.9,0.0,,1,2.5,0.8333333333333334,낮음
2023-05-07,당진시,0,75.0,82.1,91.3,8.700000000000003,,1,25.0,11.233333333333334,낮음
2023-05-07,보령시,0,96.0,85.2,112.7,0.0,,1,4.0,1.3333333333333333,낮음
2023-05-07,부여군,0,97.9,78.9,124.2,0.0,,1,2.0999999999999943,0.6999999999999981,낮음
2023-05-07,서산시,0,96.2,89.8,107.0,0.0,,1,3.799999999999997,1.2666666666666657,낮음
2023-05-07,서천군,0,96.1,83.7,114.9,0.0,,1,3.9000000000000057,1.3000000000000018,낮음
2023-05-07,아산시,0,93.2,89.5,104.1,0.0,,1,6.799999999999997,2.2666666666666657,낮음
2023-05-07,예산군,0,96.0,83.8,114.6,0.0,,1,4.0,1.3333333333333333,낮음
2023-05-07,천안시,0,92.6,84.2,110.0,0.0,,1,7.400000000000006,2.4666666666666686,낮음
2023-05-07,청양군,0,98.9,83.6,118.3,0.0,,1,1.0999999999999943,0.36666666666666475,낮음
2023-05-07,태안군,0,87.3,90.4,96.6,3.4000000000000057,,1,12.700000000000003,5.36666666666667,낮음
2023-05-07,홍성군,0,96.4,87.7,110.0,0.0,,1,3.5999999999999943,1.1999999999999982,낮음
2023-05-08,계룡시,0,96.0,100.0,96.0,4.0,,2,4.0,2.6666666666666665,낮음
2023-05-08,공주시,0,97.6,74.3,131.4,0.0,,2,2.4000000000000057,0.8000000000000019,낮음
2023-05-08,금산군,0,99.0,80.9,122.3,0.0,,2,1.0,0.3333333333333333,낮음
2023-05-08,논산시,0,95.8,81.3,117.9,0.0,,2,4.200000000000003,1.400000000000001,낮음
2023-05-08,당진시,0,78.1,81.4,95.9,4.099999999999994,,2,21.900000000000006,8.666666666666666,낮음
2023-05-08,보령시,0,96.0,84.7,113.3,0.0,,2,4.0,1.3333333333333333,낮음
2023-05-08,부여군,0,98.6,78.7,125.3,0.0,,2,1.4000000000000057,0.46666666666666856,낮음
2023-05-08,서산시,0,96.6,89.6,107.8,0.0,,2,3.4000000000000057,1.1333333333333353,낮음
2023-05-08,서천군,0,99.8,83.5,119.5,0.0,,2,0.20000000000000284,0.06666666666666761,낮음
2023-05-08,아산시,0,92.5,88.6,104.5,0.0,,2,7.5,2.5,낮음
2023-05-08,예산군,0,93.7,82.5,113.6,0.0,,2,6.299999999999997,2.099999999999999,낮음
2023-05-08,천안시,0,93.8,83.4,112.5,0.0,,2,6.200000000000003,2.0666666666666678,낮음
2023-05-08,청양군,0,99.5,83.4,119.3,0.0,,2,0.5,0.16666666666666666,낮음
2023-05-08,태안군,0,87.5,89.6,97.7,2.299999999999997,,2,12.5,4.933333333333333,낮음
2023-05-08,홍성군,0,96.3,86.7,111.1,0.0,,2,3.700000000000003,1.2333333333333343,낮음
2023-05-09,계룡시,0,96.0,100.0,96.0,4.0,,1,4.0,2.6666666666666665,낮음
2023-05-09,공주시,0,97.4,73.9,131.8,0.0,,1,2.5999999999999943,0.8666666666666648,낮음
2023-05-09,금산군,0,98.1,80.8,121.4,0.0,,1,1.9000000000000057,0.6333333333333352,낮음
2023-05-09,논산시,0,96.5,80.6,119.7,0.0,,1,3.5,1.1666666666666667,낮음
2023-05-09,당진시,0,77.1,80.7,95.5,4.5,,1,22.900000000000006,9.133333333333335,낮음
2023-05-09,보령시,0,95.2,84.1,113.2,0.0,,1,4.799999999999997,1.599999999999999,낮음
2023-05-09,부여군,0,98.4,78.4,125.5,0.0,,1,1.5999999999999943,0.5333333333333314,낮음
2023-05-09,서산시,0,95.9,89.2,107.4,0.0,,1,4.099999999999994,1.3666666666666647,낮음
2023-05-09,서천군,0,99.7,83.0,120.2,0.0,,1,0.29999999999999716,0.09999999999999905,낮음
2023-05-09,아산시,0,91.1,87.6,104.1,0.0,,1,8.900000000000006,2.9666666666666686,낮음
2023-05-09,예산군,0,92.2,81.0,113.8,0.0,,1,7.799999999999997,2.599999999999999,낮음
2023-05-09,천안시,0,93.0,82.5,112.7,0.0,,1,7.0,2.3333333333333335,낮음
2023-05-09,청양군,0,99.3,83.1,119.4,0.0,,1,0.7000000000000028,0.23333333333333428,낮음
2023-05-09,태안군,0,87.0,88.7,98.1,1.9000000000000057,,1,13.0,4.966666666666669,낮음
2023-05-09,홍성군,0,95.5,85.6,111.5,0.0,,1,4.5,1.5,낮음
2023-05-10,계룡시,0,96.0,100.0,96.0,4.0,,1,4.0,2.6666666666666665,낮음
2023-05-10,공주시,0,97.0,73.4,132.1,0.0,,1,3.0,1.0,낮음
2023-05-10,금산군,0,98.2,80.6,121.7,0.0,,1,1.7999999999999972,0.5999999999999991,낮음
2023-05-10,논산시,0,95.9,79.9,120.0,0.0,,1,4.099999999999994,1.3666666666666647,낮음
2023-05-10,당진시,0,77.2,80.0,96.4,3.5999999999999943,,1,22.799999999999997,8.799999999999997,낮음
2023-05-10,보령시,0,94.4,83.6,112.9,0.0,,1,5.599999999999994,1.8666666666666647,낮음
2023-05-10,부여군,0,98.3,78.2,125.8,0.0,,1,1.7000000000000028,0.5666666666666677,낮음
2023-05-10,서산시,0,95.2,88.6,107.5,0.0,,1,4.799999999999997,1.599999999999999,낮음
2023-05-10,서천군,0,99.7,82.4,121.1,0.0,,1,0.29999999999999716,0.09999999999999905,낮음
2023-05-10,아산시,0,89.2,86.4,103.1,0.0,,1,10.799999999999997,3.599999999999999,낮음
2023-05-10,예산군,0,90.4,79.4,113.9,0.0,,1,9.599999999999994,3.199999999999998,낮음
2023-05-10,천안시,0,91.8,81.6,112.5,0.0,,1,8.200000000000003,2.7333333333333343,낮음
2023-05-10,청양군,0,98.8,82.8,119.4,0.0,,1,1.2000000000000028,0.40000000000000097,낮음
2023-05-10,태안군,0,86.2,87.4,98.6,1.4000000000000057,,1,13.799999999999997,5.066666666666667,낮음
2023-05-10,홍성군,0,94.7,84.4,112.2,0.0,,1,5.299999999999997,1.7666666666666657,낮음
2023-05-11,계룡시,0,96.0,100.0,96.0,4.0,,1,4.0,2.6666666666666665,낮음
2023-05-11,공주시,0,96.3,73.1,131.8,0.0,,1,3.700000000000003,1.2333333333333343,낮음
2023-05-11,금산군,0,98.1,80.5,121.9,0.0,,1,1.9000000000000057,0.6333333333333352,낮음
2023-05-11,논산시,0,94.5,79.2,119.3,0.0,,1,5.5,1.8333333333333333,낮음
2023-05-11,당진시,0,77.9,79.4,98.0,2.0,,1,22.099999999999994,8.033333333333331,낮음
2023-05-11,보령시,0,93.3,83.0,112.4,0.0,,1,6.700000000000003,2.2333333333333343,낮음
2023-05-11,부여군,0,97.8,77.9,125.6,0.0,,1,2.200000000000003,0.7333333333333343,낮음
2023-05-11,서산시,0,94.2,87.9,107.2,0.0,,1,5.799999999999997,1.9333333333333325,낮음
2023-05-11,서천군,0,99.4,81.9,121.4,0.0,,1,0.5999999999999943,0.1999999999999981,낮음
2023-05-11,아산시,0,87.4,85.3,102.4,0.0,,1,12.599999999999994,4.199999999999998,낮음
2023-05-11,예산군,0,88.4,77.7,113.7,0.0,,1,11.599999999999994,3.866666666666665,낮음
2023-05-11,천안시,0,90.4,80.8,111.8,0.0,,1,9.599999999999994,3.199999999999998,낮음
2023-05-11,청양군,0,98.3,82.4,119.3,0.0,,1,1.7000000000000028,0.5666666666666677,낮음
2023-05-11,태안군,0,85.3,86.1,99.0,1.0,,1,14.700000000000003,5.233333333333334,낮음
2023-05-11,홍성군,0,93.2,83.3,111.9,0.0,,1,6.799999999999997,2.2666666666666657,낮음
2023-05-12,계룡시,0,96.0,100.0,96.0,4.0,,1,4.0,2.6666666666666665,낮음
2023-05-12,공주시,0,95.6,72.7,131.6,0.0,,1,4.400000000000006,1.4666666666666686,낮음
2023-05-12,금산군,0,98.0,80.3,122.0,0.0,,1,2.0,0.6666666666666666,낮음
2023-05-12,논산시,0,92.8,78.4,118.4,0.0,,1,7.200000000000003,2.400000000000001,낮음
2023-05-12,당진시,0,78.2,78.8,99.3,0.7000000000000028,,1,21.799999999999997,7.5,낮음
2023-05-12,보령시,0,92.1,82.2,112.1,0.0,,1,7.900000000000006,2.633333333333335,낮음
2023-05-12,부여군,0,97.2,77.6,125.3,0.0,,1,2.799999999999997,0.9333333333333323,낮음
2023-05-12,서산시,0,92.5,87.1,106.2,0.0,,1,7.5,2.5,낮음
2023-05-12,서천군,0,98.5,81.3,121.2,0.0,,1,1.5,0.5,낮음
2023-05-12,아산시,0,85.3,84.1,101.5,0.0,,1,14.700000000000003,4.900000000000001,낮음
2023-05-12,예산군,0,85.7,76.0,112.7,0.0,,1,14.299999999999997,4.766666666666666,낮음
2023-05-12,천안시,0,89.0,80.0,111.3,0.0,,1,11.0,3.6666666666666665,낮음
2023-05-12,청양군,0,97.4,82.0,118.8,0.0,,1,2.5999999999999943,0.8666666666666648,낮음
2023-05-12,태안군,0,84.2,84.8,99.3,0.7000000000000028,,1,15.799999999999997,5.5,낮음
2023-05-12,홍성군,0,91.4,82.1,111.3,0.0,,1,8.599999999999994,2.866666666666665,낮음
2023-05-13,계룡시,0,96.0,100.0,96.0,4.0,,1,4.0,2.6666666666666665,낮음
2023-05-13,공주시,0,95.6,72.2,132.5,0.0,,1,4.400000000000006,1.4666666666666686,낮음
2023-05-13,금산군,0,98.0,80.1,122.4,0.0,,1,2.0,0.6666666666666666,낮음
2023-05-13,논산시,0,92.8,77.5,119.8,0.0,,1,7.200000000000003,2.400000000000001,낮음
2023-05-13,당진시,0,77.5,78.0,99.3,0.7000000000000028,,1,22.5,7.733333333333334,낮음
2023-05-13,보령시,0,92.1,81.3,113.4,0.0,,1,7.900000000000006,2.633333333333335,낮음
2023-05-13,부여군,0,97.2,77.0,126.1,0.0,,1,2.799999999999997,0.9333333333333323,낮음
2023-05-13,서산시,0,92.5,86.2,107.4,0.0,,1,7.5,2.5,낮음
2023-05-13,서천군,0,98.5,80.5,122.4,0.0,,1,1.5,0.5,낮음
2023-05-13,아산시,0,85.3,82.6,103.2,0.0,,1,14.700000000000003,4.900000000000001,낮음
2023-05-13,예산군,0,85.7,74.5,114.9,0.0,,1,14.299999999999997,4.766666666666666,낮음
2023-05-13,천안시,0,89.0,79.1,112.5,0.0,,1,11.0,3.6666666666666665,낮음
2023-05-13,청양군,0,96.7,81.4,118.8,0.0,,1,3.299999999999997,1.099999999999999,낮음
2023-05-13,태안군,0,84.2,83.5,100.9,0.0,,1,15.799999999999997,5.266666666666666,낮음
2023-05-13,홍성군,0,91.4,80.8,113.1,0.0,,1,8.599999999999994,2.866666666666665,낮음
2023-05-14,계룡시,0,96.0,100.0,96.0,4.0,,1,4.0,2.6666666666666665,낮음
2023-05-14,공주시,0,95.6,71.6,133.6,0.0,,1,4.400000000000006,1.4666666666666686,낮음
2023-05-14,금산군,0,98.0,79.8,122.8,0.0,,1,2.0,0.6666666666666666,낮음
2023-05-14,논산시,0,92.8,76.5,121.4,0.0,,1,7.200000000000003,2.400000000000001,낮음
2023-05-14,당진시,0,77.5,77.3,100.2,0.0,,1,22.5,7.5,낮음
2023-05-14,보령시,0,92.1,80.2,114.9,0.0,,1,7.900000000000006,2.633333333333335,낮음
2023-05-14,부여군,0,97.2,76.5,127.0,0.0,,1,2.799999999999997,0.9333333333333323,낮음
2023-05-14,서산시,0,92.5,85.0,108.8,0.0,,1,7.5,2.5,낮음
2023-05-14,서천군,0,98.5,79.6,123.7,0.0,,1,1.5,0.5,낮음
2023-05-14,아산시,0,85.3,81.1,105.2,0.0,,1,14.700000000000003,4.900000000000001,낮음
2023-05-14,예산군,0,85.7,73.1,117.2,0.0,,1,14.299999999999997,4.766666666666666,낮음
2023-05-14,천안시,0,89.0,78.0,114.2,0.0,,1,11.0,3.6666666666666665,낮음
2023-05-14,청양군,0,96.7,80.8,119.7,0.0,,1,3.299999999999997,1.099999999999999,낮음
2023-05-14,태안군,0,84.2,82.2,102.4,0.0,,1,15.799999999999997,5.266666666666666,낮음
2023-05-14,홍성군,0,91.4,79.6,114.9,0.0,,1,8.599999999999994,2.866666666666665,낮음
2023-05-15,계룡시,0,96.0,100.0,96.0,4.0,,1,4.0,2.6666666666666665,낮음
2023-05-15,공주시,0,92.2,70.9,129.9,0.0,,1,7.799999999999997,2.599999999999999,낮음
2023-05-15,금산군,0,96.4,79.5,121.3,0.0,,1,3.5999999999999943,1.1999999999999982,낮음
2023-05-15,논산시,0,88.5,75.3,117.5,0.0,,1,11.5,3.8333333333333335,낮음
2023-05-15,당진시,0,72.5,76.6,94.6,5.400000000000006,,1,27.5,10.966666666666669,낮음
2023-05-15,보령시,0,86.8,78.9,110.0,0.0,,1,13.200000000000003,4.400000000000001,낮음
2023-05-15,부여군,0,94.8,75.9,124.9,0.0,,1,5.200000000000003,1.7333333333333343,낮음
2023-05-15,서산시,0,85.7,83.4,102.8,0.0,,1,14.299999999999997,4.766666666666666,낮음
2023-05-15,서천군,0,97.0,78.6,123.5,0.0,,1,3.0,1.0,낮음
2023-05-15,아산시,0,78.6,79.4,98.9,1.0999999999999943,,1,21.400000000000006,7.5,낮음
2023-05-15,예산군,0,78.2,71.5,109.4,0.0,,1,21.799999999999997,7.266666666666666,낮음
2023-05-15,천안시,0,84.7,76.6,110.6,0.0,,1,15.299999999999997,5.099999999999999,낮음
2023-05-15,청양군,0,94.3,80.0,117.8,0.0,,1,5.700000000000003,1.900000000000001,낮음
2023-05-15,태안군,0,81.6,81.2,100.6,0.0,,1,18.400000000000006,6.1333333333333355,낮음
2023-05-15,홍성군,0,84.4,78.1,108.1,0.0,,1,15.599999999999994,5.199999999999998,낮음
2023-05-16,계룡시,0,90.0,100.0,90.0,10.0,,1,10.0,6.666666666666667,낮음
2023-05-16,공주시,0,92.0,70.3,130.8,0.0,,1,8.0,2.6666666666666665,낮음
2023-05-16,금산군,0,95.9,79.1,121.3,0.0,,1,4.099999999999994,1.3666666666666647,낮음
2023-05-16,논산시,0,87.8,74.3,118.2,0.0,,1,12.200000000000003,4.066666666666667,낮음
2023-05-16,당진시,0,72.4,76.2,95.1,4.900000000000006,,1,27.599999999999994,10.833333333333334,낮음
2023-05-16,보령시,0,86.3,77.7,111.1,0.0,,1,13.700000000000003,4.566666666666667,낮음
2023-05-16,부여군,0,94.0,75.2,124.9,0.0,,1,6.0,2.0,낮음
2023-05-16,서산시,0,84.7,82.0,103.3,0.0,,1,15.299999999999997,5.099999999999999,낮음
2023-05-16,서천군,0,94.8,77.4,122.5,0.0,,1,5.200000000000003,1.7333333333333343,낮음
2023-05-16,아산시,0,78.3,78.1,100.2,0.0,,1,21.700000000000003,7.233333333333334,낮음
2023-05-16,예산군,0,77.2,70.1,110.2,0.0,,1,22.799999999999997,7.599999999999999,낮음
2023-05-16,천안시,0,83.3,75.5,110.3,0.0,,1,16.700000000000003,5.566666666666667,낮음
2023-05-16,청양군,0,93.7,79.3,118.1,0.0,,1,6.299999999999997,2.099999999999999,낮음
2023-05-16,태안군,0,80.3,80.5,99.8,0.20000000000000284,,1,19.700000000000003,6.6333333333333355,낮음
2023-05-16,홍성군,0,82.9,76.9,107.8,0.0,,1,17.099999999999994,5.699999999999998,낮음
2023-05-17,계룡시,0,90.0,100.0,90.0,10.0,,1,10.0,6.666666666666667,낮음
2023-05-17,공주시,0,90.3,69.7,129.5,0.0,,1,9.700000000000003,3.2333333333333343,낮음
2023-05-17,금산군,0,95.5,78.6,121.5,0.0,,1,4.5,1.5,낮음
2023-05-17,논산시,0,85.0,73.1,116.3,0.0,,1,15.0,5.0,낮음
2023-05-17,당진시,0,72.1,75.7,95.3,4.700000000000003,,1,27.900000000000006,10.866666666666669,낮음
2023-05-17,보령시,0,84.2,76.4,110.2,0.0,,1,15.799999999999997,5.266666666666666,낮음
2023-05-17,부여군,0,92.2,74.5,123.7,0.0,,1,7.799999999999997,2.599999999999999,낮음
2023-05-17,서산시,0,82.2,80.6,102.0,0.0,,1,17.799999999999997,5.933333333333333,낮음
2023-05-17,서천군,0,92.8,76.1,121.9,0.0,,1,7.200000000000003,2.400000000000001,낮음
2023-05-17,아산시,0,76.9,76.8,100.2,0.0,,1,23.099999999999994,7.699999999999998,낮음
2023-05-17,예산군,0,74.4,68.9,108.0,0.0,,1,25.599999999999994,8.533333333333331,낮음
2023-05-17,천안시,0,81.3,74.6,109.0,0.0,,1,18.700000000000003,6.233333333333334,낮음
2023-05-17,청양군,0,92.1,78.5,117.2,0.0,,1,7.900000000000006,2.633333333333335,낮음
2023-05-17,태안군,0,78.7,79.6,98.9,1.0999999999999943,,1,21.299999999999997,7.466666666666664,낮음
2023-05-17,홍성군,0,80.2,75.6,106.1,0.0,,1,19.799999999999997,6.599999999999999,낮음
2023-05-18,계룡시,0,90.0,100.0,90.0,10.0,,1,10.0,6.666666666666667,낮음
2023-05-18,공주시,0,89.0,69.1,128.8,0.0,,1,11.0,3.6666666666666665,낮음
2023-05-18,금산군,0,94.7,78.1,121.3,0.0,,1,5.299999999999997,1.7666666666666657,낮음
2023-05-18,논산시,0,83.1,71.9,115.5,0.0,,1,16.900000000000006,5.6333333333333355,낮음
2023-05-18,당진시,0,72.1,75.2,95.8,4.200000000000003,,1,27.900000000000006,10.700000000000003,낮음
2023-05-18,보령시,0,82.8,75.1,110.2,0.0,,1,17.200000000000003,5.733333333333334,낮음
2023-05-18,부여군,0,91.0,73.9,123.2,0.0,,1,9.0,3.0,낮음
2023-05-18,서산시,0,80.3,79.1,101.5,0.0,,1,19.700000000000003,6.566666666666667,낮음
2023-05-18,서천군,0,91.5,74.9,122.1,0.0,,1,8.5,2.8333333333333335,낮음
2023-05-18,아산시,0,75.6,75.6,100.0,0.0,,1,24.400000000000006,8.133333333333335,낮음
2023-05-18,예산군,0,72.2,67.7,106.5,0.0,,1,27.799999999999997,9.266666666666666,낮음
2023-05-18,천안시,0,79.3,73.7,107.5,0.0,,1,20.700000000000003,6.900000000000001,낮음
2023-05-18,청양군,0,90.7,77.8,116.7,0.0,,1,9.299999999999997,3.099999999999999,낮음
2023-05-18,태안군,0,77.4,78.8,98.2,1.7999999999999972,,1,22.599999999999994,8.133333333333331,낮음
2023-05-18,홍성군,0,78.2,74.4,105.2,0.0,,1,21.799999999999997,7.266666666666666,낮음
2023-05-19,계룡시,0,90.0,100.0,90.0,10.0,,1,10.0,6.666666666666667,낮음
2023-05-19,공주시,0,87.7,68.5,128.0,0.0,,1,12.299999999999997,4.099999999999999,낮음
2023-05-19,금산군,0,93.9,77.4,121.2,0.0,,1,6.099999999999994,2.0333333333333314,낮음
2023-05-19,논산시,0,81.1,70.7,114.6,0.0,,1,18.900000000000006,6.300000000000002,낮음
2023-05-19,당진시,0,72.5,74.9,96.7,3.299999999999997,,1,27.5,10.266666666666666,낮음
2023-05-19,보령시,0,81.0,73.9,109.5,0.0,,1,19.0,6.333333333333333,낮음
2023-05-19,부여군,0,90.0,73.1,123.0,0.0,,1,10.0,3.3333333333333335,낮음
2023-05-19,서산시,0,79.0,77.7,101.7,0.0,,1,21.0,7.0,낮음
2023-05-19,서천군,0,89.4,73.7,121.3,0.0,,1,10.599999999999994,3.5333333333333314,낮음
2023-05-19,아산시,0,75.0,74.5,100.6,0.0,,1,25.0,8.333333333333334,낮음
2023-05-19,예산군,0,70.1,66.6,105.2,0.0,,1,29.900000000000006,9.966666666666669,낮음
2023-05-19,천안시,0,77.7,72.9,106.7,0.0,,1,22.299999999999997,7.433333333333333,낮음
2023-05-19,청양군,0,89.2,76.9,116.0,0.0,,1,10.799999999999997,3.599999999999999,낮음
2023-05-19,태안군,0,77.1,78.1,98.7,1.2999999999999972,,1,22.900000000000006,8.066666666666668,낮음
2023-05-19,홍성군,0,76.5,73.2,104.4,0.0,,1,23.5,7.833333333333333,낮음
2023-05-20,계룡시,0,90.0,100.0,90.0,10.0,,1,10.0,6.666666666666667,낮음
2023-05-20,공주시,0,87.7,67.8,129.4,0.0,,1,12.299999999999997,4.099999999999999,낮음
2023-05-20,금산군,0,93.9,76.7,122.3,0.0,,1,6.099999999999994,2.0333333333333314,낮음
2023-05-20,논산시,0,81.1,69.6,116.5,0.0,,1,18.900000000000006,6.300000000000002,낮음
2023-05-20,당진시,0,72.5,74.7,97.0,3.0,,1,27.5,10.166666666666666,낮음
2023-05-20,보령시,0,81.0,72.8,111.2,0.0,,1,19.0,6.333333333333333,낮음
2023-05-20,부여군,0,90.0,72.4,124.3,0.0,,1,10.0,3.3333333333333335,낮음
2023-05-20,서산시,0,79.0,76.2,103.6,0.0,,1,21.0,7.0,낮음
2023-05-20,서천군,0,89.4,72.5,123.4,0.0,,1,10.599999999999994,3.5333333333333314,낮음
2023-05-20,아산시,0,75.0,73.5,101.9,0.0,,1,25.0,8.333333333333334,낮음
2023-05-20,예산군,0,70.1,65.5,107.1,0.0,,1,29.900000000000006,9.966666666666669,낮음
2023-05-20,천안시,0,76.3,72.0,105.9,0.0,,1,23.700000000000003,7.900000000000001,낮음
2023-05-20,청양군,0,87.6,76.0,115.3,0.0,,1,12.400000000000006,4.1333333333333355,낮음
2023-05-20,태안군,0,77.1,77.4,99.6,0.4000000000000057,,1,22.900000000000006,7.76666666666667,낮음
2023-05-20,홍성군,0,76.5,72.1,106.0,0.0,,1,23.5,7.833333333333333,낮음
2023-05-21,계룡시,0,90.0,100.0,90.0,10.0,,1,10.0,6.666666666666667,낮음
2023-05-21,공주시,0,87.7,67.0,130.9,0.0,,1,12.299999999999997,4.099999999999999,낮음
2023-05-21,금산군,0,93.9,76.0,123.5,0.0,,1,6.099999999999994,2.0333333333333314,낮음
2023-05-21,논산시,0,81.1,68.5,118.3,0.0,,1,18.900000000000006,6.300000000000002,낮음
2023-05-21,당진시,0,72.5,74.5,97.4,2.5999999999999943,,1,27.5,10.033333333333331,낮음
2023-05-21,보령시,0,81.0,71.7,112.9,0.0,,1,19.0,6.333333333333333,낮음
2023-05-21,부여군,0,90.0,71.7,125.6,0.0,,1,10.0,3.3333333333333335,낮음
2023-05-21,서산시,0,79.0,74.9,105.4,0.0,,1,21.0,7.0,낮음
2023-05-21,서천군,0,89.4,71.3,125.4,0.0,,1,10.599999999999994,3.5333333333333314,낮음
2023-05-21,아산시,0,75.0,72.6,103.2,0.0,,1,25.0,8.333333333333334,낮음
2023-05-21,예산군,0,70.1,64.4,108.8,0.0,,1,29.900000000000006,9.966666666666669,낮음
2023-05-21,천안시,0,76.3,71.2,107.1,0.0,,1,23.700000000000003,7.900000000000001,낮음
2023-05-21,청양군,0,87.6,74.9,117.1,0.0,,1,12.400000000000006,4.1333333333333355,낮음
2023-05-21,태안군,0,77.1,76.8,100.5,0.0,,1,22.900000000000006,7.6333333333333355,낮음
2023-05-21,홍성군,0,76.5,71.1,107.6,0.0,,1,23.5,7.833333333333333,낮음
2023-05-22,계룡시,0,90.0,100.0,90.0,10.0,,1,10.0,6.666666666666667,낮음
2023-05-22,공주시,0,83.8,66.1,126.7,0.0,,1,16.200000000000003,5.400000000000001,낮음
2023-05-22,금산군,0,91.1,75.2,121.1,0.0,,1,8.900000000000006,2.9666666666666686,낮음
2023-05-22,논산시,0,77.4,67.4,114.9,0.0,,1,22.599999999999994,7.533333333333331,낮음
2023-05-22,당진시,0,70.1,74.0,94.7,5.299999999999997,,1,29.900000000000006,11.733333333333334,낮음
2023-05-22,보령시,0,76.9,70.6,109.0,0.0,,1,23.099999999999994,7.699999999999998,낮음
2023-05-22,부여군,0,86.8,70.8,122.6,0.0,,1,13.200000000000003,4.400000000000001,낮음
2023-05-22,서산시,0,74.9,73.6,101.9,0.0,,1,25.099999999999994,8.366666666666665,낮음
2023-05-22,서천군,0,84.1,70.1,120.0,0.0,,1,15.900000000000006,5.300000000000002,낮음
2023-05-22,아산시,0,71.2,71.6,99.5,0.5,,1,28.799999999999997,9.766666666666666,낮음
2023-05-22,예산군,0,63.6,63.3,100.6,0.0,,1,36.4,12.133333333333333,낮음
2023-05-22,천안시,0,73.0,70.3,103.8,0.0,,1,27.0,9.0,낮음
2023-05-22,청양군,0,85.0,73.9,115.0,0.0,,1,15.0,5.0,낮음
2023-05-22,태안군,0,74.0,76.0,97.4,2.5999999999999943,,1,26.0,9.533333333333331,낮음
2023-05-22,홍성군,0,70.8,69.8,101.3,0.0,,1,29.200000000000003,9.733333333333334,낮음
2023-05-23,계룡시,0,85.0,100.0,85.0,15.0,,1,15.0,10.0,낮음
2023-05-23,공주시,0,83.1,65.3,127.1,0.0,,1,16.900000000000006,5.6333333333333355,낮음
2023-05-23,금산군,0,88.4,74.5,118.6,0.0,,1,11.599999999999994,3.866666666666665,낮음
2023-05-23,논산시,0,76.0,66.3,114.7,0.0,,1,24.0,8.0,낮음
2023-05-23,당진시,0,69.0,73.6,93.7,6.299999999999997,,1,31.0,12.433333333333332,낮음
2023-05-23,보령시,0,75.2,69.6,108.1,0.0,,1,24.799999999999997,8.266666666666666,낮음
2023-05-23,부여군,0,85.9,70.0,122.7,0.0,,1,14.099999999999994,4.699999999999998,낮음
2023-05-23,서산시,0,74.0,72.4,102.2,0.0,,1,26.0,8.666666666666666,낮음
2023-05-23,서천군,0,82.8,69.1,119.8,0.0,,1,17.200000000000003,5.733333333333334,낮음
2023-05-23,아산시,0,69.3,70.6,98.1,1.9000000000000057,,1,30.700000000000003,10.866666666666669,낮음
2023-05-23,예산군,0,63.1,62.3,101.2,0.0,,1,36.9,12.299999999999999,낮음
2023-05-23,천안시,0,72.9,69.5,104.8,0.0,,1,27.099999999999994,9.033333333333331,낮음
2023-05-23,청양군,0,83.9,73.0,115.0,0.0,,1,16.099999999999994,5.3666666666666645,낮음
2023-05-23,태안군,0,74.0,75.4,98.2,1.7999999999999972,,1,26.0,9.266666666666666,낮음
2023-05-23,홍성군,0,69.9,68.8,101.7,0.0,,1,30.099999999999994,10.033333333333331,낮음
2023-05-24,계룡시,0,85.0,100.0,85.0,15.0,,1,15.0,10.0,낮음
2023-05-24,공주시,0,82.0,64.5,127.1,0.0,,1,18.0,6.0,낮음
2023-05-24,금산군,0,87.5,73.8,118.6,0.0,,1,12.5,4.166666666666667,낮음
2023-05-24,논산시,0,74.2,65.2,113.8,0.0,,1,25.799999999999997,8.6,낮음
2023-05-24,당진시,0,68.9,73.3,94.0,6.0,,1,31.099999999999994,12.366666666666665,낮음
2023-05-24,보령시,0,73.8,68.6,107.6,0.0,,1,26.200000000000003,8.733333333333334,낮음
2023-05-24,부여군,0,84.5,69.0,122.5,0.0,,1,15.5,5.166666666666667,낮음
2023-05-24,서산시,0,72.6,71.3,101.8,0.0,,1,27.400000000000006,9.133333333333335,낮음
2023-05-24,서천군,0,80.8,68.2,118.5,0.0,,1,19.200000000000003,6.400000000000001,낮음
2023-05-24,아산시,0,68.3,69.7,98.0,2.0,,1,31.700000000000003,11.233333333333334,낮음
2023-05-24,예산군,0,62.9,61.4,102.5,0.0,,1,37.1,12.366666666666667,낮음
2023-05-24,천안시,0,71.2,68.7,103.7,0.0,,1,28.799999999999997,9.6,낮음
2023-05-24,청양군,0,82.6,72.1,114.6,0.0,,1,17.400000000000006,5.800000000000002,낮음
2023-05-24,태안군,0,72.6,74.8,97.1,2.9000000000000057,,1,27.400000000000006,10.100000000000003,낮음
2023-05-24,홍성군,0,69.3,67.8,102.3,0.0,,1,30.700000000000003,10.233333333333334,낮음
2023-05-25,계룡시,0,85.0,100.0,85.0,15.0,,1,15.0,10.0,낮음
2023-05-25,공주시,0,80.8,63.7,126.9,0.0,,1,19.200000000000003,6.400000000000001,낮음
2023-05-25,금산군,0,86.5,73.1,118.4,0.0,,1,13.5,4.5,낮음
2023-05-25,논산시,0,72.3,64.1,112.7,0.0,,1,27.700000000000003,9.233333333333334,낮음
2023-05-25,당진시,0,68.8,73.1,94.2,5.799999999999997,,1,31.200000000000003,12.333333333333334,낮음
2023-05-25,보령시,0,72.2,67.6,106.8,0.0,,1,27.799999999999997,9.266666666666666,낮음
2023-05-25,부여군,0,83.5,68.3,122.4,0.0,,1,16.5,5.5,낮음
2023-05-25,서산시,0,71.3,70.3,101.3,0.0,,1,28.700000000000003,9.566666666666668,낮음
2023-05-25,서천군,0,79.9,67.3,118.7,0.0,,1,20.099999999999994,6.699999999999998,낮음
2023-05-25,아산시,0,67.6,68.9,98.0,2.0,,1,32.400000000000006,11.466666666666669,낮음
2023-05-25,예산군,0,62.9,60.4,104.1,0.0,,1,37.1,12.366666666666667,낮음
2023-05-25,천안시,0,69.9,67.8,103.2,0.0,,1,30.099999999999994,10.033333333333331,낮음
2023-05-25,청양군,0,81.4,71.4,114.0,0.0,,1,18.599999999999994,6.199999999999998,낮음
2023-05-25,태안군,0,71.2,74.3,95.9,4.099999999999994,,1,28.799999999999997,10.966666666666663,낮음
2023-05-25,홍성군,0,68.2,66.9,101.9,0.0,,1,31.799999999999997,10.6,낮음
2023-05-26,계룡시,0,85.0,100.0,85.0,15.0,,1,15.0,10.0,낮음
2023-05-26,공주시,0,79.6,62.3,127.8,0.0,,1,20.400000000000006,6.800000000000002,낮음
2023-05-26,금산군,0,85.3,72.1,118.2,0.0,,1,14.700000000000003,4.900000000000001,낮음
2023-05-26,논산시,0,70.1,62.7,111.7,0.0,,1,29.900000000000006,9.966666666666669,낮음
2023-05-26,당진시,0,68.0,72.7,93.5,6.5,,1,32.0,12.833333333333334,낮음
2023-05-26,보령시,0,70.8,66.8,105.9,0.0,,1,29.200000000000003,9.733333333333334,낮음
2023-05-26,부여군,0,82.0,67.1,122.3,0.0,,1,18.0,6.0,낮음
2023-05-26,서산시,0,69.8,69.0,101.1,0.0,,1,30.200000000000003,10.066666666666668,낮음
2023-05-26,서천군,0,78.2,66.3,117.9,0.0,,1,21.799999999999997,7.266666666666666,낮음
2023-05-26,아산시,0,66.6,67.9,98.1,1.9000000000000057,,1,33.400000000000006,11.766666666666671,낮음
2023-05-26,예산군,0,61.8,59.2,104.3,0.0,,1,38.2,12.733333333333334,낮음
2023-05-26,천안시,0,68.9,66.4,103.8,0.0,,1,31.099999999999994,10.366666666666665,낮음
2023-05-26,청양군,0,80.2,70.2,114.2,0.0,,1,19.799999999999997,6.599999999999999,낮음
2023-05-26,태안군,0,70.3,73.5,95.7,4.299999999999997,,1,29.700000000000003,11.333333333333334,낮음
2023-05-26,홍성군,0,66.5,65.6,101.4,0.0,,1,33.5,11.166666666666666,낮음
2023-05-27,계룡시,0,85.0,100.0,85.0,15.0,,1,15.0,10.0,낮음
2023-05-27,공주시,0,79.6,62.6,127.2,0.0,,1,20.400000000000006,6.800000000000002,낮음
2023-05-27,금산군,0,85.3,71.9,118.5,0.0,,1,14.700000000000003,4.900000000000001,낮음
2023-05-27,논산시,0,70.1,61.8,113.3,0.0,,1,29.900000000000006,9.966666666666669,낮음
2023-05-27,당진시,0,67.8,72.4,93.7,6.299999999999997,,1,32.2,12.833333333333334,낮음
2023-05-27,보령시,0,70.8,65.8,107.6,0.0,,1,29.200000000000003,9.733333333333334,낮음
2023-05-27,부여군,0,82.0,67.2,122.0,0.0,,1,18.0,6.0,낮음
2023-05-27,서산시,0,69.8,68.8,101.4,0.0,,1,30.200000000000003,10.066666666666668,낮음
2023-05-27,서천군,0,78.2,66.1,118.3,0.0,,1,21.799999999999997,7.266666666666666,낮음
2023-05-27,아산시,0,66.6,67.8,98.2,1.7999999999999972,,1,33.400000000000006,11.733333333333334,낮음
2023-05-27,예산군,0,61.8,59.3,104.2,0.0,,1,38.2,12.733333333333334,낮음
2023-05-27,천안시,0,68.9,66.7,103.3,0.0,,1,31.099999999999994,10.366666666666665,낮음
2023-05-27,청양군,0,80.2,70.3,113.9,0.0,,1,19.799999999999997,6.599999999999999,낮음
2023-05-27,태안군,0,70.3,73.8,95.3,4.700000000000003,,1,29.700000000000003,11.466666666666669,낮음
2023-05-27,홍성군,0,66.5,65.7,101.2,0.0,,1,33.5,11.166666666666666,낮음
2023-05-28,계룡시,0,85.0,100.0,85.0,15.0,,1,15.0,10.0,낮음
2023-05-28,공주시,0,78.5,61.3,128.0,0.0,,1,21.5,7.166666666666667,낮음
2023-05-28,금산군,0,84.2,71.0,118.5,0.0,,1,15.799999999999997,5.266666666666666,낮음
2023-05-28,논산시,0,68.6,60.7,113.1,0.0,,1,31.400000000000006,10.466666666666669,낮음
2023-05-28,당진시,0,71.1,72.3,98.4,1.5999999999999943,,1,28.900000000000006,10.166666666666666,낮음
2023-05-28,보령시,0,71.2,65.0,109.5,0.0,,1,28.799999999999997,9.6,낮음
2023-05-28,부여군,0,83.1,66.3,125.4,0.0,,1,16.900000000000006,5.6333333333333355,낮음
2023-05-28,서산시,0,70.5,67.6,104.3,0.0,,1,29.5,9.833333333333334,낮음
2023-05-28,서천군,0,78.8,65.3,120.7,0.0,,1,21.200000000000003,7.066666666666667,낮음
2023-05-28,아산시,0,76.4,67.1,113.9,0.0,,1,23.599999999999994,7.8666666666666645,낮음
2023-05-28,예산군,0,60.1,58.2,103.3,0.0,,1,39.9,13.299999999999999,낮음
2023-05-28,천안시,0,69.2,65.3,106.0,0.0,,1,30.799999999999997,10.266666666666666,낮음
2023-05-28,청양군,0,78.3,69.3,113.1,0.0,,1,21.700000000000003,7.233333333333334,낮음
2023-05-28,태안군,0,73.5,73.1,100.5,0.0,,1,26.5,8.833333333333334,낮음
2023-05-28,홍성군,0,68.0,64.7,105.1,0.0,,1,32.0,10.666666666666666,낮음
2023-05-29,계룡시,0,85.0,100.0,85.0,15.0,,1,15.0,10.0,낮음
2023-05-29,공주시,0,82.1,60.2,136.4,0.0,,1,17.900000000000006,5.966666666666669,낮음
2023-05-29,금산군,0,92.1,70.3,131.0,0.0,,1,7.900000000000006,2.633333333333335,낮음
2023-05-29,논산시,0,89.9,60.2,149.3,0.0,,1,10.099999999999994,3.366666666666665,낮음
2023-05-29,당진시,0,73.6,72.2,101.9,0.0,,1,26.400000000000006,8.800000000000002,낮음
2023-05-29,보령시,0,78.2,64.1,122.2,0.0,,1,21.799999999999997,7.266666666666666,낮음
2023-05-29,부여군,0,92.2,65.5,140.9,0.0,,1,7.799999999999997,2.599999999999999,낮음
2023-05-29,서산시,0,73.2,66.5,110.0,0.0,,1,26.799999999999997,8.933333333333332,낮음
2023-05-29,서천군,0,96.5,64.6,149.5,0.0,,1,3.5,1.1666666666666667,낮음
2023-05-29,아산시,0,78.4,66.2,118.4,0.0,,1,21.599999999999994,7.199999999999998,낮음
2023-05-29,예산군,0,66.9,57.4,116.7,0.0,,1,33.099999999999994,11.033333333333331,낮음
2023-05-29,천안시,0,71.0,64.1,110.9,0.0,,1,29.0,9.666666666666666,낮음
2023-05-29,청양군,0,80.6,68.1,118.4,0.0,,1,19.400000000000006,6.466666666666669,낮음
2023-05-29,태안군,0,81.0,72.3,112.0,0.0,,1,19.0,6.333333333333333,낮음
2023-05-29,홍성군,0,76.0,63.7,119.3,0.0,,1,24.0,8.0,낮음
2023-05-30,계룡시,0,80.0,100.0,80.0,20.0,,1,20.0,13.333333333333334,낮음
2023-05-30,공주시,0,83.9,60.7,138.3,0.0,,1,16.099999999999994,5.3666666666666645,낮음
2023-05-30,금산군,0,94.3,70.6,133.7,0.0,,1,5.700000000000003,1.900000000000001,낮음
2023-05-30,논산시,0,86.1,59.6,144.6,0.0,,1,13.900000000000006,4.6333333333333355,낮음
2023-05-30,당진시,0,72.5,71.9,100.9,0.0,,1,27.5,9.166666666666666,낮음
2023-05-30,보령시,0,82.0,63.8,128.5,0.0,,1,18.0,6.0,낮음
2023-05-30,부여군,0,92.7,66.1,140.3,0.0,,1,7.299999999999997,2.4333333333333322,낮음
2023-05-30,서산시,0,74.3,66.4,111.9,0.0,,1,25.700000000000003,8.566666666666668,낮음
2023-05-30,서천군,0,98.7,64.8,152.3,0.0,,1,1.2999999999999972,0.4333333333333324,낮음
2023-05-30,아산시,0,79.2,66.0,120.0,0.0,,1,20.799999999999997,6.933333333333333,낮음
2023-05-30,예산군,0,70.5,57.4,122.8,0.0,,1,29.5,9.833333333333334,낮음
2023-05-30,천안시,0,71.5,64.3,111.1,0.0,,1,28.5,9.5,낮음
2023-05-30,청양군,0,81.8,69.1,118.3,0.0,,1,18.200000000000003,6.066666666666667,낮음
2023-05-30,태안군,0,82.1,72.5,113.2,0.0,,1,17.900000000000006,5.966666666666669,낮음
2023-05-30,홍성군,0,76.6,63.6,120.4,0.0,,1,23.400000000000006,7.800000000000002,낮음
2023-05-31,계룡시,0,80.0,100.0,80.0,20.0,,1,20.0,13.333333333333334,낮음
2023-05-31,공주시,0,83.6,59.4,140.8,0.0,,1,16.400000000000006,5.466666666666669,낮음
2023-05-31,금산군,0,94.5,69.7,135.6,0.0,,1,5.5,1.8333333333333333,낮음
2023-05-31,논산시,0,89.2,58.4,152.8,0.0,,1,10.799999999999997,3.599999999999999,낮음
2023-05-31,당진시,0,72.3,71.6,100.9,0.0,,1,27.700000000000003,9.233333333333334,낮음
2023-05-31,보령시,0,82.7,62.7,131.8,0.0,,1,17.299999999999997,5.766666666666666,낮음
2023-05-31,부여군,0,93.3,64.8,143.9,0.0,,1,6.700000000000003,2.2333333333333343,낮음
2023-05-31,서산시,0,69.0,65.0,106.1,0.0,,1,31.0,10.333333333333334,낮음
2023-05-31,서천군,0,99.0,63.7,155.4,0.0,,1,1.0,0.3333333333333333,낮음
2023-05-31,아산시,0,71.0,64.8,109.6,0.0,,1,29.0,9.666666666666666,낮음
2023-05-31,예산군,0,71.6,56.3,127.1,0.0,,1,28.400000000000006,9.466666666666669,낮음
2023-05-31,천안시,0,71.4,63.0,113.3,0.0,,1,28.599999999999994,9.533333333333331,낮음
2023-05-31,청양군,0,81.7,67.8,120.5,0.0,,1,18.299999999999997,6.099999999999999,낮음
2023-05-31,태안군,0,82.7,71.7,115.4,0.0,,1,17.299999999999997,5.766666666666666,낮음
2023-05-31,홍성군,0,76.5,62.4,122.7,0.0,,1,23.5,7.833333333333333,낮음
2023-06-01,계룡시,0,80.0,100.0,80.0,20.0,,2,20.0,13.333333333333334,낮음
2023-06-01,공주시,0,82.7,58.6,141.1,0.0,,2,17.299999999999997,5.766666666666666,낮음
2023-06-01,금산군,0,94.4,69.1,136.6,0.0,,2,5.599999999999994,1.8666666666666647,낮음
2023-06-01,논산시,0,90.1,57.5,156.5,0.0,,2,9.900000000000006,3.300000000000002,낮음
2023-06-01,당진시,0,72.0,71.3,100.9,0.0,,2,28.0,9.333333333333334,낮음
2023-06-01,보령시,0,82.0,61.7,132.9,0.0,,2,18.0,6.0,낮음
2023-06-01,부여군,0,92.9,64.2,144.8,0.0,,2,7.099999999999994,2.366666666666665,낮음
2023-06-01,서산시,0,71.7,64.3,111.7,0.0,,2,28.299999999999997,9.433333333333332,낮음
2023-06-01,서천군,0,98.7,63.1,156.5,0.0,,2,1.2999999999999972,0.4333333333333324,낮음
2023-06-01,아산시,0,70.5,64.0,110.0,0.0,,2,29.5,9.833333333333334,낮음
2023-06-01,예산군,0,71.1,55.5,128.1,0.0,,2,28.900000000000006,9.633333333333335,낮음
2023-06-01,천안시,0,70.9,62.2,113.9,0.0,,2,29.099999999999994,9.699999999999998,낮음
2023-06-01,청양군,0,81.0,67.1,120.7,0.0,,2,19.0,6.333333333333333,낮음
2023-06-01,태안군,0,83.1,71.2,116.7,0.0,,2,16.900000000000006,5.6333333333333355,낮음
2023-06-01,홍성군,0,75.8,61.5,123.1,0.0,,2,24.200000000000003,8.066666666666668,낮음
2023-06-02,계룡시,0,80.0,100.0,80.0,20.0,,1,20.0,13.333333333333334,낮음
2023-06-02,공주시,0,81.7,57.8,141.5,0.0,,1,18.299999999999997,6.099999999999999,낮음
2023-06-02,금산군,0,94.3,68.5,137.7,0.0,,1,5.700000000000003,1.900000000000001,낮음
2023-06-02,논산시,0,89.3,56.7,157.4,0.0,,1,10.700000000000003,3.5666666666666678,낮음
2023-06-02,당진시,0,72.7,71.1,102.3,0.0,,1,27.299999999999997,9.1,낮음
2023-06-02,보령시,0,81.2,60.7,133.7,0.0,,1,18.799999999999997,6.266666666666666,낮음
2023-06-02,부여군,0,91.8,63.4,144.7,0.0,,1,8.200000000000003,2.7333333333333343,낮음
2023-06-02,서산시,0,71.0,63.3,112.1,0.0,,1,29.0,9.666666666666666,낮음
2023-06-02,서천군,0,98.0,62.4,157.0,0.0,,1,2.0,0.6666666666666666,낮음
2023-06-02,아산시,0,69.0,63.2,109.1,0.0,,1,31.0,10.333333333333334,낮음
2023-06-02,예산군,0,69.3,54.6,126.9,0.0,,1,30.700000000000003,10.233333333333334,낮음
2023-06-02,천안시,0,69.7,61.5,113.4,0.0,,1,30.299999999999997,10.1,낮음
2023-06-02,청양군,0,80.2,66.4,120.7,0.0,,1,19.799999999999997,6.599999999999999,낮음
2023-06-02,태안군,0,82.7,70.8,116.9,0.0,,1,17.299999999999997,5.766666666666666,낮음
2023-06-02,홍성군,0,74.5,60.6,122.8,0.0,,1,25.5,8.5,낮음
2023-06-03,계룡시,0,80.0,100.0,80.0,20.0,,1,20.0,13.333333333333334,낮음
2023-06-03,공주시,0,81.7,57.0,143.3,0.0,,1,18.299999999999997,6.099999999999999,낮음
2023-06-03,금산군,0,94.3,67.8,139.0,0.0,,1,5.700000000000003,1.900000000000001,낮음
2023-06-03,논산시,0,89.3,55.9,159.7,0.0,,1,10.700000000000003,3.5666666666666678,낮음
2023-06-03,당진시,0,72.7,70.8,102.7,0.0,,1,27.299999999999997,9.1,낮음
2023-06-03,보령시,0,81.2,59.6,136.2,0.0,,1,18.799999999999997,6.266666666666666,낮음
2023-06-03,부여군,0,91.8,62.7,146.4,0.0,,1,8.200000000000003,2.7333333333333343,낮음
2023-06-03,서산시,0,71.0,62.5,113.6,0.0,,1,29.0,9.666666666666666,낮음
2023-06-03,서천군,0,98.0,61.5,159.3,0.0,,1,2.0,0.6666666666666666,낮음
2023-06-03,아산시,0,69.0,62.4,110.5,0.0,,1,31.0,10.333333333333334,낮음
2023-06-03,예산군,0,69.3,53.6,129.2,0.0,,1,30.700000000000003,10.233333333333334,낮음
2023-06-03,천안시,0,69.7,60.8,114.6,0.0,,1,30.299999999999997,10.1,낮음
2023-06-03,청양군,0,79.3,65.8,120.4,0.0,,1,20.700000000000003,6.900000000000001,낮음
2023-06-03,태안군,0,82.7,70.3,117.7,0.0,,1,17.299999999999997,5.766666666666666,낮음
2023-06-03,홍성군,0,74.5,59.7,124.7,0.0,,1,25.5,8.5,낮음
2023-06-04,계룡시,0,80.0,100.0,80.0,20.0,,1,20.0,13.333333333333334,낮음
2023-06-04,공주시,0,81.7,56.4,145.0,0.0,,1,18.299999999999997,6.099999999999999,낮음
2023-06-04,금산군,0,94.3,67.1,140.4,0.0,,1,5.700000000000003,1.900000000000001,낮음
2023-06-04,논산시,0,89.3,55.1,161.9,0.0,,1,10.700000000000003,3.5666666666666678,낮음
2023-06-04,당진시,0,72.7,70.5,103.2,0.0,,1,27.299999999999997,9.1,낮음
2023-06-04,보령시,0,81.2,58.5,138.7,0.0,,1,18.799999999999997,6.266666666666666,낮음
2023-06-04,부여군,0,91.8,61.9,148.2,0.0,,1,8.200000000000003,2.7333333333333343,낮음
2023-06-04,서산시,0,71.0,61.7,115.1,0.0,,1,29.0,9.666666666666666,낮음
2023-06-04,서천군,0,98.0,60.6,161.7,0.0,,1,2.0,0.6666666666666666,낮음
2023-06-04,아산시,0,69.0,61.6,111.9,0.0,,1,31.0,10.333333333333334,낮음
2023-06-04,예산군,0,69.3,52.7,131.5,0.0,,1,30.700000000000003,10.233333333333334,낮음
2023-06-04,천안시,0,69.7,60.1,115.9,0.0,,1,30.299999999999997,10.1,낮음
2023-06-04,청양군,0,78.3,65.2,120.0,0.0,,1,21.700000000000003,7.233333333333334,낮음
2023-06-04,태안군,0,82.7,69.7,118.7,0.0,,1,17.299999999999997,5.766666666666666,낮음
2023-06-04,홍성군,0,74.5,58.8,126.7,0.0,,1,25.5,8.5,낮음
2023-06-05,계룡시,0,77.0,100.0,77.0,23.0,,1,23.0,15.333333333333334,낮음
2023-06-05,공주시,0,78.6,55.6,141.3,0.0,,1,21.400000000000006,7.1333333333333355,낮음
2023-06-05,금산군,0,91.7,66.3,138.3,0.0,,1,8.299999999999997,2.7666666666666657,낮음
2023-06-05,논산시,0,84.9,54.3,156.4,0.0,,1,15.099999999999994,5.033333333333331,낮음
2023-06-05,당진시,0,74.3,70.1,105.9,0.0,,1,25.700000000000003,8.566666666666668,낮음
2023-06-05,보령시,0,77.4,57.4,134.9,0.0,,1,22.599999999999994,7.533333333333331,낮음
2023-06-05,부여군,0,88.8,61.1,145.3,0.0,,1,11.200000000000003,3.7333333333333343,낮음
2023-06-05,서산시,0,67.7,60.8,111.4,0.0,,1,32.3,10.766666666666666,낮음
2023-06-05,서천군,0,90.9,59.5,152.7,0.0,,1,9.099999999999994,3.0333333333333314,낮음
2023-06-05,아산시,0,66.6,60.8,109.5,0.0,,1,33.400000000000006,11.133333333333335,낮음
2023-06-05,예산군,0,63.9,51.6,123.7,0.0,,1,36.1,12.033333333333333,낮음
2023-06-05,천안시,0,66.6,59.4,112.0,0.0,,1,33.400000000000006,11.133333333333335,낮음
2023-06-05,청양군,0,77.3,64.6,119.6,0.0,,1,22.700000000000003,7.566666666666667,낮음
2023-06-05,태안군,0,80.3,68.9,116.6,0.0,,1,19.700000000000003,6.566666666666667,낮음
2023-06-05,홍성군,0,70.4,57.8,121.8,0.0,,1,29.599999999999994,9.866666666666665,낮음
2023-06-06,계룡시,0,77.0,100.0,77.0,23.0,,1,23.0,15.333333333333334,낮음
2023-06-06,공주시,0,78.6,55.1,142.7,0.0,,1,21.400000000000006,7.1333333333333355,낮음
2023-06-06,금산군,0,91.7,65.8,139.3,0.0,,1,8.299999999999997,2.7666666666666657,낮음
2023-06-06,논산시,0,84.9,53.5,158.7,0.0,,1,15.099999999999994,5.033333333333331,낮음
2023-06-06,당진시,0,74.3,69.7,106.5,0.0,,1,25.700000000000003,8.566666666666668,낮음
2023-06-06,보령시,0,77.4,56.5,137.0,0.0,,1,22.599999999999994,7.533333333333331,낮음
2023-06-06,부여군,0,88.8,60.5,146.8,0.0,,1,11.200000000000003,3.7333333333333343,낮음
2023-06-06,서산시,0,67.7,60.0,112.9,0.0,,1,32.3,10.766666666666666,낮음
2023-06-06,서천군,0,90.9,58.7,154.7,0.0,,1,9.099999999999994,3.0333333333333314,낮음
2023-06-06,아산시,0,66.5,60.1,110.7,0.0,,1,33.5,11.166666666666666,낮음
2023-06-06,예산군,0,63.9,50.7,125.9,0.0,,1,36.1,12.033333333333333,낮음
2023-06-06,천안시,0,66.6,58.9,113.1,0.0,,1,33.400000000000006,11.133333333333335,낮음
2023-06-06,청양군,0,77.3,64.0,120.7,0.0,,1,22.700000000000003,7.566666666666667,낮음
2023-06-06,태안군,0,80.3,68.2,117.7,0.0,,1,19.700000000000003,6.566666666666667,낮음
2023-06-06,홍성군,0,70.4,57.0,123.6,0.0,,1,29.599999999999994,9.866666666666665,낮음
2023-06-07,계룡시,0,77.0,100.0,77.0,23.0,,1,23.0,15.333333333333334,낮음
2023-06-07,공주시,0,76.2,54.2,140.7,0.0,,1,23.799999999999997,7.933333333333333,낮음
2023-06-07,금산군,0,90.2,65.1,138.6,0.0,,1,9.799999999999997,3.2666666666666657,낮음
2023-06-07,논산시,0,81.1,52.5,154.4,0.0,,1,18.900000000000006,6.300000000000002,낮음
2023-06-07,당진시,0,68.1,69.1,98.5,1.5,,1,31.900000000000006,11.133333333333335,낮음
2023-06-07,보령시,0,74.6,55.3,134.9,0.0,,1,25.400000000000006,8.466666666666669,낮음
2023-06-07,부여군,0,86.0,59.6,144.3,0.0,,1,14.0,4.666666666666667,낮음
2023-06-07,서산시,0,65.8,58.9,111.7,0.0,,1,34.2,11.4,낮음
2023-06-07,서천군,0,88.2,57.8,152.6,0.0,,1,11.799999999999997,3.9333333333333322,낮음
2023-06-07,아산시,0,65.3,59.3,110.1,0.0,,1,34.7,11.566666666666668,낮음
2023-06-07,예산군,0,60.5,49.6,122.0,0.0,,1,39.5,13.166666666666666,낮음
2023-06-07,천안시,0,64.5,58.1,111.0,0.0,,1,35.5,11.833333333333334,낮음
2023-06-07,청양군,0,75.0,63.2,118.7,0.0,,1,25.0,8.333333333333334,낮음
2023-06-07,태안군,0,79.0,67.4,117.1,0.0,,1,21.0,7.0,낮음
2023-06-07,홍성군,0,67.1,55.9,120.1,0.0,,1,32.900000000000006,10.966666666666669,낮음
2023-06-08,계룡시,0,77.0,100.0,77.0,23.0,,1,23.0,15.333333333333334,낮음
2023-06-08,공주시,0,75.1,53.2,141.0,0.0,,1,24.900000000000006,8.300000000000002,낮음
2023-06-08,금산군,0,89.3,64.3,138.9,0.0,,1,10.700000000000003,3.5666666666666678,낮음
2023-06-08,논산시,0,79.3,51.6,153.6,0.0,,1,20.700000000000003,6.900000000000001,낮음
2023-06-08,당진시,0,67.7,68.7,98.5,1.5,,1,32.3,11.266666666666666,낮음
2023-06-08,보령시,0,73.2,54.1,135.2,0.0,,1,26.799999999999997,8.933333333333332,낮음
2023-06-08,부여군,0,85.0,58.8,144.5,0.0,,1,15.0,5.0,낮음
2023-06-08,서산시,0,65.0,57.9,112.4,0.0,,1,35.0,11.666666666666666,낮음
2023-06-08,서천군,0,87.1,56.8,153.4,0.0,,1,12.900000000000006,4.300000000000002,낮음
2023-06-08,아산시,0,63.4,58.4,108.5,0.0,,1,36.6,12.200000000000001,낮음
2023-06-08,예산군,0,58.7,48.6,120.9,0.0,,1,41.3,13.766666666666666,낮음
2023-06-08,천안시,0,63.6,57.3,110.9,0.0,,1,36.4,12.133333333333333,낮음
2023-06-08,청양군,0,73.7,62.4,118.2,0.0,,1,26.299999999999997,8.766666666666666,낮음
2023-06-08,태안군,0,78.1,66.7,117.1,0.0,,1,21.900000000000006,7.300000000000002,낮음
2023-06-08,홍성군,0,66.4,54.7,121.3,0.0,,1,33.599999999999994,11.199999999999998,낮음
2023-06-09,계룡시,0,77.0,100.0,77.0,23.0,,1,23.0,15.333333333333334,낮음
2023-06-09,공주시,0,74.0,52.4,141.1,0.0,,1,26.0,8.666666666666666,낮음
2023-06-09,금산군,0,89.3,63.8,140.1,0.0,,1,10.700000000000003,3.5666666666666678,낮음
2023-06-09,논산시,0,77.3,50.9,151.8,0.0,,1,22.700000000000003,7.566666666666667,낮음
2023-06-09,당진시,0,68.0,68.3,99.6,0.4000000000000057,,1,32.0,10.800000000000002,낮음
2023-06-09,보령시,0,71.7,53.2,134.7,0.0,,1,28.299999999999997,9.433333333333332,낮음
2023-06-09,부여군,0,84.8,58.2,145.7,0.0,,1,15.200000000000003,5.066666666666667,낮음
2023-06-09,서산시,0,64.6,57.0,113.4,0.0,,1,35.400000000000006,11.800000000000002,낮음
2023-06-09,서천군,0,86.0,56.0,153.6,0.0,,1,14.0,4.666666666666667,낮음
2023-06-09,아산시,0,61.8,57.7,107.1,0.0,,1,38.2,12.733333333333334,낮음
2023-06-09,예산군,0,58.2,47.8,121.9,0.0,,1,41.8,13.933333333333332,낮음
2023-06-09,천안시,0,63.1,56.8,111.1,0.0,,1,36.9,12.299999999999999,낮음
2023-06-09,청양군,0,72.7,61.7,118.0,0.0,,1,27.299999999999997,9.1,낮음
2023-06-09,태안군,0,78.1,66.0,118.4,0.0,,1,21.900000000000006,7.300000000000002,낮음
2023-06-09,홍성군,0,65.5,53.8,121.7,0.0,,1,34.5,11.5,낮음
2023-06-10,계룡시,0,77.0,100.0,77.0,23.0,,1,23.0,15.333333333333334,낮음
2023-06-10,공주시,0,74.0,51.8,142.9,0.0,,1,26.0,8.666666666666666,낮음
2023-06-10,금산군,0,89.3,63.2,141.2,0.0,,1,10.700000000000003,3.5666666666666678,낮음
2023-06-10,논산시,0,77.3,50.4,153.5,0.0,,1,22.700000000000003,7.566666666666667,낮음
2023-06-10,당진시,0,68.0,68.0,100.0,0.0,,1,32.0,10.666666666666666,낮음
2023-06-10,보령시,0,71.7,52.4,136.6,0.0,,1,28.299999999999997,9.433333333333332,낮음
2023-06-10,부여군,0,84.8,57.7,147.0,0.0,,1,15.200000000000003,5.066666666666667,낮음
2023-06-10,서산시,0,64.6,56.3,114.8,0.0,,1,35.400000000000006,11.800000000000002,낮음
2023-06-10,서천군,0,86.0,55.4,155.3,0.0,,1,14.0,4.666666666666667,낮음
2023-06-10,아산시,0,61.8,57.1,108.2,0.0,,1,38.2,12.733333333333334,낮음
2023-06-10,예산군,0,58.2,47.1,123.7,0.0,,1,41.8,13.933333333333332,낮음
2023-06-10,천안시,0,63.1,56.4,112.0,0.0,,1,36.9,12.299999999999999,낮음
2023-06-10,청양군,0,72.7,61.1,119.1,0.0,,1,27.299999999999997,9.1,낮음
2023-06-10,태안군,0,78.1,65.4,119.5,0.0,,1,21.900000000000006,7.300000000000002,낮음
2023-06-10,홍성군,0,65.5,53.1,123.4,0.0,,1,34.5,11.5,낮음
2023-06-11,계룡시,0,77.0,100.0,77.0,23.0,,1,23.0,15.333333333333334,낮음
2023-06-11,공주시,0,74.0,51.2,144.4,0.0,,1,26.0,8.666666666666666,낮음
2023-06-11,금산군,0,89.3,62.8,142.3,0.0,,1,10.700000000000003,3.5666666666666678,낮음
2023-06-11,논산시,0,77.3,50.0,154.6,0.0,,1,22.700000000000003,7.566666666666667,낮음
2023-06-11,당진시,0,68.0,67.9,100.1,0.0,,1,32.0,10.666666666666666,낮음
2023-06-11,보령시,0,71.7,52.0,137.9,0.0,,1,28.299999999999997,9.433333333333332,낮음
2023-06-11,부여군,0,84.8,57.3,147.9,0.0,,1,15.200000000000003,5.066666666666667,낮음
2023-06-11,서산시,0,64.6,55.8,115.9,0.0,,1,35.400000000000006,11.800000000000002,낮음
2023-06-11,서천군,0,86.0,55.0,156.4,0.0,,1,14.0,4.666666666666667,낮음
2023-06-11,아산시,0,61.8,56.6,109.2,0.0,,1,38.2,12.733333333333334,낮음
2023-06-11,예산군,0,58.2,46.7,124.7,0.0,,1,41.8,13.933333333333332,낮음
2023-06-11,천안시,0,63.1,55.9,112.8,0.0,,1,36.9,12.299999999999999,낮음
2023-06-11,청양군,0,72.7,60.5,120.2,0.0,,1,27.299999999999997,9.1,낮음
2023-06-11,태안군,0,78.1,64.9,120.3,0.0,,1,21.900000000000006,7.300000000000002,낮음
2023-06-11,홍성군,0,65.5,52.5,124.6,0.0,,1,34.5,11.5,낮음
2023-06-12,계룡시,0,77.0,100.0,77.0,23.0,,1,23.0,15.333333333333334,낮음
2023-06-12,공주시,0,70.8,50.7,139.8,0.0,,1,29.200000000000003,9.733333333333334,낮음
2023-06-12,금산군,0,84.5,62.3,135.7,0.0,,1,15.5,5.166666666666667,낮음
2023-06-12,논산시,0,73.5,49.6,148.1,0.0,,1,26.5,8.833333333333334,낮음
2023-06-12,당진시,0,65.4,67.8,96.5,3.5,,1,34.599999999999994,12.699999999999998,낮음
2023-06-12,보령시,0,68.0,51.4,132.3,0.0,,1,32.0,10.666666666666666,낮음
2023-06-12,부여군,0,81.6,56.9,143.3,0.0,,1,18.400000000000006,6.1333333333333355,낮음
2023-06-12,서산시,0,61.3,55.1,111.1,0.0,,1,38.7,12.9,낮음
2023-06-12,서천군,0,82.1,54.6,150.5,0.0,,1,17.900000000000006,5.966666666666669,낮음
2023-06-12,아산시,0,60.5,56.1,107.9,0.0,,1,39.5,13.166666666666666,낮음
2023-06-12,예산군,0,57.4,46.4,123.9,0.0,,1,42.6,14.200000000000001,낮음
2023-06-12,천안시,0,61.6,55.5,110.9,0.0,,1,38.4,12.799999999999999,낮음
2023-06-12,청양군,0,69.7,59.5,117.1,0.0,,1,30.299999999999997,10.1,낮음
2023-06-12,태안군,0,75.2,64.5,116.7,0.0,,1,24.799999999999997,8.266666666666666,낮음
2023-06-12,홍성군,0,62.6,52.0,120.4,0.0,,1,37.4,12.466666666666667,낮음
2023-06-13,계룡시,0,77.0,100.0,77.0,23.0,,1,23.0,15.333333333333334,낮음
2023-06-13,공주시,0,69.7,50.2,138.7,0.0,,1,30.299999999999997,10.1,낮음
2023-06-13,금산군,0,83.5,62.0,134.7,0.0,,1,16.5,5.5,낮음
2023-06-13,논산시,0,73.4,49.2,149.3,0.0,,1,26.599999999999994,8.866666666666665,낮음
2023-06-13,당진시,0,67.5,67.8,99.5,0.5,,1,32.5,11.0,낮음
2023-06-13,보령시,0,66.8,50.9,131.3,0.0,,1,33.2,11.066666666666668,낮음
2023-06-13,부여군,0,80.4,56.5,142.1,0.0,,1,19.599999999999994,6.533333333333331,낮음
2023-06-13,서산시,0,60.9,54.5,111.7,0.0,,1,39.1,13.033333333333333,낮음
2023-06-13,서천군,0,80.9,54.2,149.1,0.0,,1,19.099999999999994,6.3666666666666645,낮음
2023-06-13,아산시,0,60.0,55.6,108.0,0.0,,1,40.0,13.333333333333334,낮음
2023-06-13,예산군,0,55.2,45.9,120.2,0.0,,1,44.8,14.933333333333332,낮음
2023-06-13,천안시,0,61.3,55.2,111.1,0.0,,1,38.7,12.9,낮음
2023-06-13,청양군,0,68.5,58.7,116.8,0.0,,1,31.5,10.5,낮음
2023-06-13,태안군,0,75.1,64.0,117.5,0.0,,1,24.900000000000006,8.300000000000002,낮음
2023-06-13,홍성군,0,61.1,51.5,118.5,0.0,,1,38.9,12.966666666666667,낮음
2023-06-14,계룡시,0,77.0,100.0,77.0,23.0,,1,23.0,15.333333333333334,낮음
2023-06-14,공주시,0,68.5,49.8,137.6,0.0,,1,31.5,10.5,낮음
2023-06-14,금산군,0,82.1,61.7,133.1,0.0,,1,17.900000000000006,5.966666666666669,낮음
2023-06-14,논산시,0,71.4,48.9,145.9,0.0,,1,28.599999999999994,9.533333333333331,낮음
2023-06-14,당진시,0,64.7,67.5,95.9,4.099999999999994,,1,35.3,13.133333333333331,낮음
2023-06-14,보령시,0,65.4,50.3,130.0,0.0,,1,34.599999999999994,11.533333333333331,낮음
2023-06-14,부여군,0,78.6,56.1,140.1,0.0,,1,21.400000000000006,7.1333333333333355,낮음
2023-06-14,서산시,0,60.3,53.8,112.0,0.0,,1,39.7,13.233333333333334,낮음
2023-06-14,서천군,0,78.6,53.8,145.9,0.0,,1,21.400000000000006,7.1333333333333355,낮음
2023-06-14,아산시,0,58.5,55.0,106.3,0.0,,1,41.5,13.833333333333334,낮음
2023-06-14,예산군,0,52.8,45.5,116.0,0.0,,1,47.2,15.733333333333334,낮음
2023-06-14,천안시,0,59.9,54.8,109.2,0.0,,1,40.1,13.366666666666667,낮음
2023-06-14,청양군,0,67.4,58.0,116.2,0.0,,1,32.599999999999994,10.866666666666665,낮음
2023-06-14,태안군,0,74.0,63.4,116.7,0.0,,1,26.0,8.666666666666666,낮음
2023-06-14,홍성군,0,59.2,51.2,115.8,0.0,,1,40.8,13.6,낮음
2023-06-15,계룡시,0,77.0,100.0,77.0,23.0,,1,23.0,15.333333333333334,낮음
2023-06-15,공주시,0,67.2,49.3,136.3,0.0,,1,32.8,10.933333333333332,낮음
2023-06-15,금산군,0,80.6,61.8,130.5,0.0,,1,19.400000000000006,6.466666666666669,낮음
2023-06-15,논산시,0,69.6,49.0,142.0,0.0,,1,30.400000000000006,10.133333333333335,낮음
2023-06-15,당진시,0,64.1,67.4,95.2,4.799999999999997,,1,35.900000000000006,13.566666666666668,낮음
2023-06-15,보령시,0,63.9,49.8,128.3,0.0,,1,36.1,12.033333333333333,낮음
2023-06-15,부여군,0,77.4,55.7,139.1,0.0,,1,22.599999999999994,7.533333333333331,낮음
2023-06-15,서산시,0,59.3,53.2,111.4,0.0,,1,40.7,13.566666666666668,낮음
2023-06-15,서천군,0,77.7,53.6,145.0,0.0,,1,22.299999999999997,7.433333333333333,낮음
2023-06-15,아산시,0,57.0,54.5,104.5,0.0,,1,43.0,14.333333333333334,낮음
2023-06-15,예산군,0,50.8,45.2,112.5,0.0,,1,49.2,16.400000000000002,낮음
2023-06-15,천안시,0,59.5,54.6,109.0,0.0,,1,40.5,13.5,낮음
2023-06-15,청양군,0,66.3,57.4,115.6,0.0,,1,33.7,11.233333333333334,낮음
2023-06-15,태안군,0,73.3,62.8,116.7,0.0,,1,26.700000000000003,8.9,낮음
2023-06-15,홍성군,0,57.6,50.9,113.1,0.0,,1,42.4,14.133333333333333,낮음
2023-06-16,계룡시,0,77.0,100.0,77.0,23.0,,1,23.0,15.333333333333334,낮음
2023-06-16,공주시,0,66.0,49.0,134.9,0.0,,1,34.0,11.333333333333334,낮음
2023-06-16,금산군,0,80.6,61.7,130.7,0.0,,1,19.400000000000006,6.466666666666669,낮음
2023-06-16,논산시,0,67.8,48.8,139.0,0.0,,1,32.2,10.733333333333334,낮음
2023-06-16,당진시,0,63.6,67.2,94.5,5.5,,1,36.4,13.966666666666667,낮음
2023-06-16,보령시,0,62.5,49.3,126.6,0.0,,1,37.5,12.5,낮음
2023-06-16,부여군,0,76.3,55.2,138.0,0.0,,1,23.700000000000003,7.900000000000001,낮음
2023-06-16,서산시,0,58.1,52.6,110.5,0.0,,1,41.9,13.966666666666667,낮음
2023-06-16,서천군,0,76.0,53.4,142.2,0.0,,1,24.0,8.0,낮음
2023-06-16,아산시,0,56.0,54.0,103.6,0.0,,1,44.0,14.666666666666666,낮음
2023-06-16,예산군,0,50.4,45.0,112.0,0.0,,1,49.6,16.533333333333335,낮음
2023-06-16,천안시,0,58.7,54.5,107.9,0.0,,1,41.3,13.766666666666666,낮음
2023-06-16,청양군,0,65.3,56.8,114.9,0.0,,1,34.7,11.566666666666668,낮음
2023-06-16,태안군,0,71.6,62.2,115.1,0.0,,1,28.400000000000006,9.466666666666669,낮음
2023-06-16,홍성군,0,56.6,50.7,111.6,0.0,,1,43.4,14.466666666666667,낮음
2023-06-17,계룡시,0,77.0,100.0,77.0,23.0,,1,23.0,15.333333333333334,낮음
2023-06-17,공주시,0,66.0,48.7,135.7,0.0,,1,34.0,11.333333333333334,낮음
2023-06-17,금산군,0,80.6,61.4,131.4,0.0,,1,19.400000000000006,6.466666666666669,낮음
2023-06-17,논산시,0,67.8,48.6,139.4,0.0,,1,32.2,10.733333333333334,낮음
2023-06-17,당진시,0,64.3,67.1,95.8,4.200000000000003,,1,35.7,13.300000000000002,낮음
2023-06-17,보령시,0,62.5,49.0,127.4,0.0,,1,37.5,12.5,낮음
2023-06-17,부여군,0,76.3,54.9,138.8,0.0,,1,23.700000000000003,7.900000000000001,낮음
2023-06-17,서산시,0,58.1,51.9,111.9,0.0,,1,41.9,13.966666666666667,낮음
2023-06-17,서천군,0,76.0,53.2,142.9,0.0,,1,24.0,8.0,낮음
2023-06-17,아산시,0,56.0,53.6,104.5,0.0,,1,44.0,14.666666666666666,낮음
2023-06-17,예산군,0,50.4,44.9,112.3,0.0,,1,49.6,16.533333333333335,낮음
2023-06-17,천안시,0,58.7,54.4,108.0,0.0,,1,41.3,13.766666666666666,낮음
2023-06-17,청양군,0,65.3,56.2,116.1,0.0,,1,34.7,11.566666666666668,낮음
2023-06-17,태안군,0,71.6,61.7,116.1,0.0,,1,28.400000000000006,9.466666666666669,낮음
2023-06-17,홍성군,0,56.6,50.4,112.2,0.0,,1,43.4,14.466666666666667,낮음
2023-06-18,계룡시,0,77.0,100.0,77.0,23.0,,1,23.0,15.333333333333334,낮음
2023-06-18,공주시,0,66.0,48.5,136.3,0.0,,1,34.0,11.333333333333334,낮음
2023-06-18,금산군,0,80.6,61.1,131.9,0.0,,1,19.400000000000006,6.466666666666669,낮음
2023-06-18,논산시,0,67.8,48.5,139.9,0.0,,1,32.2,10.733333333333334,낮음
2023-06-18,당진시,0,64.3,66.9,96.0,4.0,,1,35.7,13.233333333333334,낮음
2023-06-18,보령시,0,62.5,48.7,128.3,0.0,,1,37.5,12.5,낮음
2023-06-18,부여군,0,76.3,54.7,139.4,0.0,,1,23.700000000000003,7.900000000000001,낮음
2023-06-18,서산시,0,58.1,51.4,113.1,0.0,,1,41.9,13.966666666666667,낮음
2023-06-18,서천군,0,76.0,53.1,143.1,0.0,,1,24.0,8.0,낮음
2023-06-18,아산시,0,56.0,53.2,105.2,0.0,,1,44.0,14.666666666666666,낮음
2023-06-18,예산군,0,50.4,44.8,112.5,0.0,,1,49.6,16.533333333333335,낮음
2023-06-18,천안시,0,58.7,54.2,108.3,0.0,,1,41.3,13.766666666666666,낮음
2023-06-18,청양군,0,65.3,55.7,117.1,0.0,,1,34.7,11.566666666666668,낮음
2023-06-18,태안군,0,71.6,61.5,116.4,0.0,,1,28.400000000000006,9.466666666666669,낮음
2023-06-18,홍성군,0,56.6,50.1,112.9,0.0,,1,43.4,14.466666666666667,낮음
2023-06-19,계룡시,0,77.0,100.0,77.0,23.0,,1,23.0,15.333333333333334,낮음
2023-06-19,공주시,0,62.9,48.3,130.1,0.0,,1,37.1,12.366666666666667,낮음
2023-06-19,금산군,0,77.9,61.0,127.8,0.0,,1,22.099999999999994,7.3666666666666645,낮음
2023-06-19,논산시,0,64.6,48.4,133.6,0.0,,1,35.400000000000006,11.800000000000002,낮음
2023-06-19,당진시,0,65.5,67.0,97.8,2.200000000000003,,1,34.5,12.233333333333334,낮음
2023-06-19,보령시,0,58.1,48.3,120.3,0.0,,1,41.9,13.966666666666667,낮음
2023-06-19,부여군,0,72.9,54.6,133.7,0.0,,1,27.099999999999994,9.033333333333331,낮음
2023-06-19,서산시,0,55.6,51.0,109.1,0.0,,1,44.4,14.799999999999999,낮음
2023-06-19,서천군,0,71.7,53.2,134.8,0.0,,1,28.299999999999997,9.433333333333332,낮음
2023-06-19,아산시,0,54.3,53.1,102.3,0.0,,1,45.7,15.233333333333334,낮음
2023-06-19,예산군,0,49.2,44.8,109.7,0.0,,1,50.8,16.933333333333334,낮음
2023-06-19,천안시,0,56.4,54.2,104.2,0.0,,1,43.6,14.533333333333333,낮음
2023-06-19,청양군,0,61.9,55.1,112.4,0.0,,1,38.1,12.700000000000001,낮음
2023-06-19,태안군,0,67.5,61.4,110.0,0.0,,1,32.5,10.833333333333334,낮음
2023-06-19,홍성군,0,53.8,49.9,107.7,0.0,,1,46.2,15.4,낮음
2023-06-20,계룡시,0,77.0,100.0,77.0,23.0,,1,23.0,15.333333333333334,낮음
2023-06-20,공주시,0,61.7,48.2,127.9,0.0,,1,38.3,12.766666666666666,낮음
2023-06-20,금산군,0,76.7,60.9,125.9,0.0,,1,23.299999999999997,7.766666666666666,낮음
2023-06-20,논산시,0,62.8,48.3,129.9,0.0,,1,37.2,12.4,낮음
2023-06-20,당진시,0,63.7,67.0,95.1,4.900000000000006,,1,36.3,13.733333333333334,낮음
2023-06-20,보령시,0,56.9,48.3,117.8,0.0,,1,43.1,14.366666666666667,낮음
2023-06-20,부여군,0,71.8,54.5,131.8,0.0,,1,28.200000000000003,9.4,낮음
2023-06-20,서산시,0,54.6,50.7,107.7,0.0,,1,45.4,15.133333333333333,낮음
2023-06-20,서천군,0,70.3,53.4,131.5,0.0,,1,29.700000000000003,9.9,낮음
2023-06-20,아산시,0,53.5,53.4,100.3,0.0,,1,46.5,15.5,낮음
2023-06-20,예산군,0,46.7,44.7,104.3,0.0,,1,53.3,17.766666666666666,낮음
2023-06-20,천안시,0,55.4,54.1,102.5,0.0,,1,44.6,14.866666666666667,낮음
2023-06-20,청양군,0,60.8,54.6,111.3,0.0,,1,39.2,13.066666666666668,낮음
2023-06-20,태안군,0,66.8,61.1,109.4,0.0,,1,33.2,11.066666666666668,낮음
2023-06-20,홍성군,0,52.1,50.0,104.2,0.0,,1,47.9,15.966666666666667,낮음
2023-06-21,계룡시,0,77.0,100.0,77.0,23.0,,1,23.0,15.333333333333334,낮음
2023-06-21,공주시,0,61.5,48.2,127.6,0.0,,1,38.5,12.833333333333334,낮음
2023-06-21,금산군,0,75.9,60.7,125.1,0.0,,1,24.099999999999994,8.033333333333331,낮음
2023-06-21,논산시,0,62.4,48.1,129.7,0.0,,1,37.6,12.533333333333333,낮음
2023-06-21,당진시,0,66.1,67.1,98.6,1.4000000000000057,,1,33.900000000000006,11.766666666666671,낮음
2023-06-21,보령시,0,57.3,48.3,118.5,0.0,,1,42.7,14.233333333333334,낮음
2023-06-21,부여군,0,71.8,54.4,131.8,0.0,,1,28.200000000000003,9.4,낮음
2023-06-21,서산시,0,54.7,50.4,108.6,0.0,,1,45.3,15.1,낮음
2023-06-21,서천군,0,70.1,53.3,131.4,0.0,,1,29.900000000000006,9.966666666666669,낮음
2023-06-21,아산시,0,53.7,53.4,100.4,0.0,,1,46.3,15.433333333333332,낮음
2023-06-21,예산군,0,46.8,44.8,104.4,0.0,,1,53.2,17.733333333333334,낮음
2023-06-21,천안시,0,56.1,53.9,104.1,0.0,,1,43.9,14.633333333333333,낮음
2023-06-21,청양군,0,60.3,54.3,111.0,0.0,,1,39.7,13.233333333333334,낮음
2023-06-21,태안군,0,67.8,60.7,111.6,0.0,,1,32.2,10.733333333333334,낮음
2023-06-21,홍성군,0,52.1,50.1,103.9,0.0,,1,47.9,15.966666666666667,낮음
2023-06-22,계룡시,0,77.0,100.0,77.0,23.0,,1,23.0,15.333333333333334,낮음
2023-06-22,공주시,0,61.6,48.3,127.7,0.0,,1,38.4,12.799999999999999,낮음
2023-06-22,금산군,0,74.9,60.5,123.8,0.0,,1,25.099999999999994,8.366666666666665,낮음
2023-06-22,논산시,0,61.7,47.9,128.8,0.0,,1,38.3,12.766666666666666,낮음
2023-06-22,당진시,0,68.1,67.0,101.7,0.0,,1,31.900000000000006,10.633333333333335,낮음
2023-06-22,보령시,0,57.6,48.2,119.7,0.0,,1,42.4,14.133333333333333,낮음
2023-06-22,부여군,0,71.6,54.4,131.6,0.0,,1,28.400000000000006,9.466666666666669,낮음
2023-06-22,서산시,0,55.2,50.3,109.9,0.0,,1,44.8,14.933333333333332,낮음
2023-06-22,서천군,0,69.8,53.1,131.5,0.0,,1,30.200000000000003,10.066666666666668,낮음
2023-06-22,아산시,0,54.4,53.4,101.9,0.0,,1,45.6,15.200000000000001,낮음
2023-06-22,예산군,0,47.4,44.8,105.8,0.0,,1,52.6,17.533333333333335,낮음
2023-06-22,천안시,0,56.0,53.8,104.0,0.0,,1,44.0,14.666666666666666,낮음
2023-06-22,청양군,0,59.8,54.0,110.9,0.0,,1,40.2,13.4,낮음
2023-06-22,태안군,0,68.6,60.7,113.2,0.0,,1,31.400000000000006,10.466666666666669,낮음
2023-06-22,홍성군,0,52.4,50.2,104.5,0.0,,1,47.6,15.866666666666667,낮음
2023-06-23,계룡시,0,77.0,100.0,77.0,23.0,,1,23.0,15.333333333333334,낮음
2023-06-23,공주시,0,61.1,48.1,127.0,0.0,,1,38.9,12.966666666666667,낮음
2023-06-23,금산군,0,73.9,60.5,122.1,0.0,,1,26.099999999999994,8.699999999999998,낮음
2023-06-23,논산시,0,60.0,47.9,125.0,0.0,,1,40.0,13.333333333333334,낮음
2023-06-23,당진시,0,67.2,67.1,100.1,0.0,,1,32.8,10.933333333333332,낮음
2023-06-23,보령시,0,57.6,48.3,119.3,0.0,,1,42.4,14.133333333333333,낮음
2023-06-23,부여군,0,71.1,54.3,130.8,0.0,,1,28.900000000000006,9.633333333333335,낮음
2023-06-23,서산시,0,55.1,50.4,109.3,0.0,,1,44.9,14.966666666666667,낮음
2023-06-23,서천군,0,68.6,53.0,129.4,0.0,,1,31.400000000000006,10.466666666666669,낮음
2023-06-23,아산시,0,54.4,53.6,101.3,0.0,,1,45.6,15.200000000000001,낮음
2023-06-23,예산군,0,47.8,44.9,106.3,0.0,,1,52.2,17.400000000000002,낮음
2023-06-23,천안시,0,55.5,53.9,102.8,0.0,,1,44.5,14.833333333333334,낮음
2023-06-23,청양군,0,59.3,53.8,110.3,0.0,,1,40.7,13.566666666666668,낮음
2023-06-23,태안군,0,68.1,61.0,111.7,0.0,,1,31.900000000000006,10.633333333333335,낮음
2023-06-23,홍성군,0,52.3,50.4,103.7,0.0,,1,47.7,15.9,낮음
2023-06-24,계룡시,0,77.0,100.0,77.0,23.0,,1,23.0,15.333333333333334,낮음
2023-06-24,공주시,0,61.1,48.2,126.7,0.0,,1,38.9,12.966666666666667,낮음
2023-06-24,금산군,0,73.9,61.0,121.2,0.0,,1,26.099999999999994,8.699999999999998,낮음
2023-06-24,논산시,0,60.0,48.3,124.0,0.0,,1,40.0,13.333333333333334,낮음
2023-06-24,당진시,0,65.8,67.5,97.5,2.5,,1,34.2,12.233333333333334,낮음
2023-06-24,보령시,0,57.6,48.5,118.7,0.0,,1,42.4,14.133333333333333,낮음
2023-06-24,부여군,0,71.1,54.4,130.6,0.0,,1,28.900000000000006,9.633333333333335,낮음
2023-06-24,서산시,0,55.1,50.9,108.3,0.0,,1,44.9,14.966666666666667,낮음
2023-06-24,서천군,0,68.6,53.1,129.1,0.0,,1,31.400000000000006,10.466666666666669,낮음
2023-06-24,아산시,0,54.4,54.1,100.5,0.0,,1,45.6,15.200000000000001,낮음
2023-06-24,예산군,0,47.8,45.2,105.5,0.0,,1,52.2,17.400000000000002,낮음
2023-06-24,천안시,0,55.5,54.3,102.2,0.0,,1,44.5,14.833333333333334,낮음
2023-06-24,청양군,0,59.3,53.7,110.4,0.0,,1,40.7,13.566666666666668,낮음
2023-06-24,태안군,0,68.1,61.7,110.5,0.0,,1,31.900000000000006,10.633333333333335,낮음
2023-06-24,홍성군,0,52.3,50.7,103.0,0.0,,1,47.7,15.9,낮음
2023-06-25,계룡시,0,77.0,100.0,77.0,23.0,,1,23.0,15.333333333333334,낮음
2023-06-25,공주시,0,61.1,48.6,125.7,0.0,,1,38.9,12.966666666666667,낮음
2023-06-25,금산군,0,73.9,61.6,120.0,0.0,,1,26.099999999999994,8.699999999999998,낮음
2023-06-25,논산시,0,60.0,49.1,122.1,0.0,,1,40.0,13.333333333333334,낮음
2023-06-25,당진시,0,65.8,68.1,96.7,3.299999999999997,,1,34.2,12.5,낮음
2023-06-25,보령시,0,57.6,49.0,117.6,0.0,,1,42.4,14.133333333333333,낮음
2023-06-25,부여군,0,69.4,54.7,127.0,0.0,,1,30.599999999999994,10.199999999999998,낮음
2023-06-25,서산시,0,55.1,51.6,106.9,0.0,,1,44.9,14.966666666666667,낮음
2023-06-25,서천군,0,68.6,53.5,128.3,0.0,,1,31.400000000000006,10.466666666666669,낮음
2023-06-25,아산시,0,54.4,54.8,99.2,0.7999999999999972,,1,45.6,15.466666666666667,낮음
2023-06-25,예산군,0,47.8,45.6,104.7,0.0,,1,52.2,17.400000000000002,낮음
2023-06-25,천안시,0,55.5,54.9,101.1,0.0,,1,44.5,14.833333333333334,낮음
2023-06-25,청양군,0,59.3,53.8,110.3,0.0,,1,40.7,13.566666666666668,낮음
2023-06-25,태안군,0,68.1,62.6,108.9,0.0,,1,31.900000000000006,10.633333333333335,낮음
2023-06-25,홍성군,0,52.3,51.2,102.0,0.0,,1,47.7,15.9,낮음
2023-06-26,계룡시,0,77.0,100.0,77.0,23.0,,1,23.0,15.333333333333334,낮음
2023-06-26,공주시,0,59.9,49.0,122.1,0.0,,1,40.1,13.366666666666667,낮음
2023-06-26,금산군,0,71.6,62.0,115.5,0.0,,1,28.400000000000006,9.466666666666669,낮음
2023-06-26,논산시,0,58.0,50.1,115.8,0.0,,1,42.0,14.0,낮음
2023-06-26,당진시,0,65.5,68.8,95.2,4.799999999999997,,1,34.5,13.1,낮음
2023-06-26,보령시,0,56.1,49.5,113.3,0.0,,1,43.9,14.633333333333333,낮음
2023-06-26,부여군,0,69.6,55.3,125.7,0.0,,1,30.400000000000006,10.133333333333335,낮음
2023-06-26,서산시,0,53.8,52.4,102.7,0.0,,1,46.2,15.4,낮음
2023-06-26,서천군,0,66.4,53.8,123.4,0.0,,1,33.599999999999994,11.199999999999998,낮음
2023-06-26,아산시,0,54.3,55.8,97.4,2.5999999999999943,,1,45.7,16.099999999999998,낮음
2023-06-26,예산군,0,48.9,46.1,106.0,0.0,,1,51.1,17.033333333333335,낮음
2023-06-26,천안시,0,55.2,55.7,99.1,0.9000000000000057,,1,44.8,15.233333333333334,낮음
2023-06-26,청양군,0,58.3,53.8,108.3,0.0,,1,41.7,13.9,낮음
2023-06-26,태안군,0,67.4,63.5,106.1,0.0,,1,32.599999999999994,10.866666666666665,낮음
2023-06-26,홍성군,0,50.8,51.9,97.9,2.0999999999999943,,1,49.2,17.099999999999998,낮음
2023-06-27,계룡시,0,77.0,100.0,77.0,23.0,,1,23.0,15.333333333333334,낮음
2023-06-27,공주시,0,62.1,49.6,125.2,0.0,,1,37.9,12.633333333333333,낮음
2023-06-27,금산군,0,73.9,62.7,117.9,0.0,,1,26.099999999999994,8.699999999999998,낮음
2023-06-27,논산시,0,59.0,51.0,115.5,0.0,,1,41.0,13.666666666666666,낮음
2023-06-27,당진시,0,67.2,69.5,96.6,3.4000000000000057,,1,32.8,12.066666666666668,낮음
2023-06-27,보령시,0,57.6,50.2,114.8,0.0,,1,42.4,14.133333333333333,낮음
2023-06-27,부여군,0,71.3,56.0,127.4,0.0,,1,28.700000000000003,9.566666666666668,낮음
2023-06-27,서산시,0,54.4,53.5,101.7,0.0,,1,45.6,15.200000000000001,낮음
2023-06-27,서천군,0,68.0,54.2,125.5,0.0,,1,32.0,10.666666666666666,낮음
2023-06-27,아산시,0,55.2,57.0,96.7,3.299999999999997,,1,44.8,16.03333333333333,낮음
2023-06-27,예산군,0,50.2,47.0,106.6,0.0,,1,49.8,16.599999999999998,낮음
2023-06-27,천안시,0,56.1,56.6,99.2,0.7999999999999972,,1,43.9,14.899999999999999,낮음
2023-06-27,청양군,0,59.2,54.0,109.6,0.0,,1,40.8,13.6,낮음
2023-06-27,태안군,0,69.0,64.8,106.5,0.0,,1,31.0,10.333333333333334,낮음
2023-06-27,홍성군,0,52.1,53.0,98.4,1.5999999999999943,,1,47.9,16.499999999999996,낮음
2023-06-28,계룡시,0,77.0,100.0,77.0,23.0,,1,23.0,15.333333333333334,낮음
2023-06-28,공주시,0,62.6,50.0,125.0,0.0,,1,37.4,12.466666666666667,낮음
2023-06-28,금산군,0,75.0,63.1,118.9,0.0,,1,25.0,8.333333333333334,낮음
2023-06-28,논산시,0,59.5,51.9,114.7,0.0,,1,40.5,13.5,낮음
2023-06-28,당진시,0,66.6,70.4,94.6,5.400000000000006,,1,33.400000000000006,12.933333333333337,낮음
2023-06-28,보령시,0,57.7,50.6,114.2,0.0,,1,42.3,14.1,낮음
2023-06-28,부여군,0,71.5,56.4,126.8,0.0,,1,28.5,9.5,낮음
2023-06-28,서산시,0,54.3,54.7,99.2,0.7999999999999972,,1,45.7,15.5,낮음
2023-06-28,서천군,0,68.7,54.5,125.9,0.0,,1,31.299999999999997,10.433333333333332,낮음
2023-06-28,아산시,0,54.4,58.0,93.9,6.099999999999994,,1,45.6,17.23333333333333,낮음
2023-06-28,예산군,0,50.9,47.9,106.2,0.0,,1,49.1,16.366666666666667,낮음
2023-06-28,천안시,0,56.0,57.2,97.9,2.0999999999999943,,1,44.0,15.366666666666665,낮음
2023-06-28,청양군,0,59.4,54.2,109.6,0.0,,1,40.6,13.533333333333333,낮음
2023-06-28,태안군,0,67.8,65.8,103.1,0.0,,1,32.2,10.733333333333334,낮음
2023-06-28,홍성군,0,52.3,53.8,97.3,2.700000000000003,,1,47.7,16.8,낮음
2023-06-29,계룡시,0,77.0,100.0,77.0,23.0,,1,23.0,15.333333333333334,낮음
2023-06-29,공주시,0,64.6,50.5,127.9,0.0,,1,35.400000000000006,11.800000000000002,낮음
2023-06-29,금산군,0,77.3,63.4,121.9,0.0,,1,22.700000000000003,7.566666666666667,낮음
2023-06-29,논산시,0,60.9,52.7,115.6,0.0,,1,39.1,13.033333333333333,낮음
2023-06-29,당진시,0,72.4,71.8,100.9,0.0,,1,27.599999999999994,9.199999999999998,낮음
2023-06-29,보령시,0,58.1,50.9,114.0,0.0,,1,41.9,13.966666666666667,낮음
2023-06-29,부여군,0,71.9,56.9,126.2,0.0,,1,28.099999999999994,9.366666666666665,낮음
2023-06-29,서산시,0,54.7,55.9,97.9,2.0999999999999943,,1,45.3,15.799999999999997,낮음
2023-06-29,서천군,0,70.2,54.9,127.9,0.0,,1,29.799999999999997,9.933333333333332,낮음
2023-06-29,아산시,0,55.9,58.8,95.1,4.900000000000006,,1,44.1,16.333333333333336,낮음
2023-06-29,예산군,0,51.4,48.6,105.7,0.0,,1,48.6,16.2,낮음
2023-06-29,천안시,0,56.1,57.9,96.8,3.200000000000003,,1,43.9,15.700000000000001,낮음
2023-06-29,청양군,0,59.5,54.3,109.6,0.0,,1,40.5,13.5,낮음
2023-06-29,태안군,0,68.4,66.8,102.3,0.0,,1,31.599999999999994,10.533333333333331,낮음
2023-06-29,홍성군,0,52.5,54.5,96.5,3.5,,1,47.5,17.0,낮음
2023-06-30,계룡시,0,77.0,100.0,77.0,23.0,,1,23.0,15.333333333333334,낮음
2023-06-30,공주시,0,66.6,51.1,130.3,0.0,,1,33.400000000000006,11.133333333333335,낮음
2023-06-30,금산군,0,86.8,63.8,136.0,0.0,,1,13.200000000000003,4.400000000000001,낮음
2023-06-30,논산시,0,75.4,54.0,139.8,0.0,,1,24.599999999999994,8.199999999999998,낮음
2023-06-30,당진시,0,74.4,73.0,101.9,0.0,,1,25.599999999999994,8.533333333333331,낮음
2023-06-30,보령시,0,61.4,51.8,118.5,0.0,,1,38.6,12.866666666666667,낮음
2023-06-30,부여군,0,79.4,57.9,137.3,0.0,,1,20.599999999999994,6.8666666666666645,낮음
2023-06-30,서산시,0,60.1,57.5,104.6,0.0,,1,39.9,13.299999999999999,낮음
2023-06-30,서천군,0,79.5,55.7,142.7,0.0,,1,20.5,6.833333333333333,낮음
2023-06-30,아산시,0,59.8,59.7,100.1,0.0,,1,40.2,13.4,낮음
2023-06-30,예산군,0,56.1,49.8,112.7,0.0,,1,43.9,14.633333333333333,낮음
2023-06-30,천안시,0,62.3,59.1,105.4,0.0,,1,37.7,12.566666666666668,낮음
2023-06-30,청양군,0,61.1,54.9,111.4,0.0,,1,38.9,12.966666666666667,낮음
2023-06-30,태안군,0,77.2,68.4,113.0,0.0,,1,22.799999999999997,7.599999999999999,낮음
2023-06-30,홍성군,0,55.1,55.7,98.8,1.2000000000000028,,1,44.9,15.366666666666667,낮음
2023-07-01,계룡시,0,77.0,100.0,77.0,23.0,,1,23.0,15.333333333333334,낮음
2023-07-01,공주시,0,66.6,51.7,128.9,0.0,,1,33.400000000000006,11.133333333333335,낮음
2023-07-01,금산군,0,86.8,64.0,135.6,0.0,,1,13.200000000000003,4.400000000000001,낮음
2023-07-01,논산시,0,79.8,55.5,143.7,0.0,,1,20.200000000000003,6.733333333333334,낮음
2023-07-01,당진시,0,73.4,73.4,99.9,0.09999999999999432,,1,26.599999999999994,8.899999999999997,낮음
2023-07-01,보령시,0,61.4,52.5,116.9,0.0,,1,38.6,12.866666666666667,낮음
2023-07-01,부여군,0,79.4,58.5,135.8,0.0,,1,20.599999999999994,6.8666666666666645,낮음
2023-07-01,서산시,0,60.1,58.6,102.6,0.0,,1,39.9,13.299999999999999,낮음
2023-07-01,서천군,0,79.5,56.8,140.0,0.0,,1,20.5,6.833333333333333,낮음
2023-07-01,아산시,0,59.8,60.5,98.8,1.2000000000000028,,1,40.2,13.800000000000002,낮음
2023-07-01,예산군,0,56.1,51.0,109.9,0.0,,1,43.9,14.633333333333333,낮음
2023-07-01,천안시,0,62.3,59.8,104.2,0.0,,1,37.7,12.566666666666668,낮음
2023-07-01,청양군,0,61.1,55.5,110.0,0.0,,1,38.9,12.966666666666667,낮음
2023-07-01,태안군,0,77.2,69.4,111.3,0.0,,1,22.799999999999997,7.599999999999999,낮음
2023-07-01,홍성군,0,55.1,57.1,96.4,3.5999999999999943,,1,44.9,16.166666666666664,낮음
2023-07-02,계룡시,0,77.0,100.0,77.0,23.0,,1,23.0,15.333333333333334,낮음
2023-07-02,공주시,0,68.7,52.3,131.5,0.0,,1,31.299999999999997,10.433333333333332,낮음
2023-07-02,금산군,0,86.0,64.5,133.4,0.0,,1,14.0,4.666666666666667,낮음
2023-07-02,논산시,0,81.6,56.7,143.9,0.0,,1,18.400000000000006,6.1333333333333355,낮음
2023-07-02,당진시,0,72.7,73.9,98.4,1.5999999999999943,,1,27.299999999999997,9.633333333333331,낮음
2023-07-02,보령시,0,62.3,53.5,116.6,0.0,,1,37.7,12.566666666666668,낮음
2023-07-02,부여군,0,78.3,59.2,132.3,0.0,,1,21.700000000000003,7.233333333333334,낮음
2023-07-02,서산시,0,63.1,59.4,106.2,0.0,,1,36.9,12.299999999999999,낮음
2023-07-02,서천군,0,81.1,58.1,139.5,0.0,,1,18.900000000000006,6.300000000000002,낮음
2023-07-02,아산시,0,59.7,61.8,96.7,3.299999999999997,,1,40.3,14.533333333333331,낮음
2023-07-02,예산군,0,58.4,52.2,112.0,0.0,,1,41.6,13.866666666666667,낮음
2023-07-02,천안시,0,62.6,60.3,103.9,0.0,,1,37.4,12.466666666666667,낮음
2023-07-02,청양군,0,59.7,56.1,106.4,0.0,,1,40.3,13.433333333333332,낮음
2023-07-02,태안군,0,78.3,70.3,111.5,0.0,,1,21.700000000000003,7.233333333333334,낮음
2023-07-02,홍성군,0,56.4,58.2,96.8,3.200000000000003,,1,43.6,15.600000000000001,낮음
2023-07-03,계룡시,0,77.0,100.0,77.0,23.0,,2,23.0,15.333333333333334,낮음
2023-07-03,공주시,0,68.9,52.9,130.3,0.0,,2,31.099999999999994,10.366666666666665,낮음
2023-07-03,금산군,0,84.7,65.0,130.2,0.0,,2,15.299999999999997,5.099999999999999,낮음
2023-07-03,논산시,0,82.0,57.2,143.5,0.0,,2,18.0,6.0,낮음
2023-07-03,당진시,0,72.5,74.0,98.0,2.0,,2,27.5,9.833333333333334,낮음
2023-07-03,보령시,0,62.5,54.3,115.2,0.0,,2,37.5,12.5,낮음
2023-07-03,부여군,0,77.4,60.1,128.9,0.0,,2,22.599999999999994,7.533333333333331,낮음
2023-07-03,서산시,0,61.3,60.1,102.0,0.0,,2,38.7,12.9,낮음
2023-07-03,서천군,0,81.0,59.0,137.4,0.0,,2,19.0,6.333333333333333,낮음
2023-07-03,아산시,0,61.6,63.3,97.2,2.799999999999997,,2,38.4,13.733333333333333,낮음
2023-07-03,예산군,0,58.8,53.0,111.0,0.0,,2,41.2,13.733333333333334,낮음
2023-07-03,천안시,0,62.5,60.9,102.6,0.0,,2,37.5,12.5,낮음
2023-07-03,청양군,0,62.8,56.7,110.7,0.0,,2,37.2,12.4,낮음
2023-07-03,태안군,0,78.7,71.0,110.8,0.0,,2,21.299999999999997,7.099999999999999,낮음
2023-07-03,홍성군,0,56.4,59.1,95.5,4.5,,2,43.6,16.033333333333335,낮음
2023-07-04,계룡시,0,77.0,100.0,77.0,23.0,,1,23.0,15.333333333333334,낮음
2023-07-04,공주시,0,68.7,53.8,127.5,0.0,,1,31.299999999999997,10.433333333333332,낮음
2023-07-04,금산군,0,80.5,65.7,122.4,0.0,,1,19.5,6.5,낮음
2023-07-04,논산시,0,81.4,57.6,141.3,0.0,,1,18.599999999999994,6.199999999999998,낮음
2023-07-04,당진시,0,80.1,74.3,107.8,0.0,,1,19.900000000000006,6.6333333333333355,낮음
2023-07-04,보령시,0,64.2,55.0,116.7,0.0,,1,35.8,11.933333333333332,낮음
2023-07-04,부여군,0,77.0,61.0,126.3,0.0,,1,23.0,7.666666666666667,낮음
2023-07-04,서산시,0,61.4,60.8,101.0,0.0,,1,38.6,12.866666666666667,낮음
2023-07-04,서천군,0,82.5,59.7,138.1,0.0,,1,17.5,5.833333333333333,낮음
2023-07-04,아산시,0,61.7,64.4,95.7,4.299999999999997,,1,38.3,14.199999999999998,낮음
2023-07-04,예산군,0,59.1,54.2,109.1,0.0,,1,40.9,13.633333333333333,낮음
2023-07-04,천안시,0,62.0,61.6,100.6,0.0,,1,38.0,12.666666666666666,낮음
2023-07-04,청양군,0,62.9,57.4,109.5,0.0,,1,37.1,12.366666666666667,낮음
2023-07-04,태안군,0,77.4,72.1,107.3,0.0,,1,22.599999999999994,7.533333333333331,낮음
2023-07-04,홍성군,0,56.7,60.4,93.9,6.099999999999994,,1,43.3,16.466666666666665,낮음
2023-07-05,계룡시,0,77.0,100.0,77.0,23.0,,1,23.0,15.333333333333334,낮음
2023-07-05,공주시,0,77.4,54.9,140.9,0.0,,1,22.599999999999994,7.533333333333331,낮음
2023-07-05,금산군,0,90.4,66.5,136.0,0.0,,1,9.599999999999994,3.199999999999998,낮음
2023-07-05,논산시,0,79.2,58.1,136.3,0.0,,1,20.799999999999997,6.933333333333333,낮음
2023-07-05,당진시,0,84.9,74.6,113.9,0.0,,1,15.099999999999994,5.033333333333331,낮음
2023-07-05,보령시,0,69.0,55.9,123.5,0.0,,1,31.0,10.333333333333334,낮음
2023-07-05,부여군,0,84.1,62.4,134.7,0.0,,1,15.900000000000006,5.300000000000002,낮음
2023-07-05,서산시,0,68.5,61.6,111.2,0.0,,1,31.5,10.5,낮음
2023-07-05,서천군,0,88.9,60.5,147.0,0.0,,1,11.099999999999994,3.699999999999998,낮음
2023-07-05,아산시,0,69.4,65.6,105.9,0.0,,1,30.599999999999994,10.199999999999998,낮음
2023-07-05,예산군,0,65.0,55.7,116.8,0.0,,1,35.0,11.666666666666666,낮음
2023-07-05,천안시,0,68.7,62.6,109.8,0.0,,1,31.299999999999997,10.433333333333332,낮음
2023-07-05,청양군,0,69.9,58.7,119.2,0.0,,1,30.099999999999994,10.033333333333331,낮음
2023-07-05,태안군,0,81.9,72.9,112.4,0.0,,1,18.099999999999994,6.033333333333331,낮음
2023-07-05,홍성군,0,67.4,61.9,108.8,0.0,,1,32.599999999999994,10.866666666666665,낮음
2023-07-06,계룡시,0,77.0,100.0,77.0,23.0,,1,23.0,15.333333333333334,낮음
2023-07-06,공주시,0,80.0,55.6,143.8,0.0,,1,20.0,6.666666666666667,낮음
2023-07-06,금산군,0,90.5,67.2,134.7,0.0,,1,9.5,3.1666666666666665,낮음
2023-07-06,논산시,0,73.8,59.2,124.7,0.0,,1,26.200000000000003,8.733333333333334,낮음
2023-07-06,당진시,0,80.5,74.5,108.2,0.0,,1,19.5,6.5,낮음
2023-07-06,보령시,0,71.3,56.7,125.8,0.0,,1,28.700000000000003,9.566666666666668,낮음
2023-07-06,부여군,0,82.9,63.1,131.4,0.0,,1,17.099999999999994,5.699999999999998,낮음
2023-07-06,서산시,0,70.5,62.2,113.3,0.0,,1,29.5,9.833333333333334,낮음
2023-07-06,서천군,0,88.4,60.9,145.0,0.0,,1,11.599999999999994,3.866666666666665,낮음
2023-07-06,아산시,0,71.8,66.4,108.2,0.0,,1,28.200000000000003,9.4,낮음
2023-07-06,예산군,0,59.5,56.2,105.9,0.0,,1,40.5,13.5,낮음
2023-07-06,천안시,0,71.5,63.4,112.6,0.0,,1,28.5,9.5,낮음
2023-07-06,청양군,0,71.5,59.3,120.7,0.0,,1,28.5,9.5,낮음
2023-07-06,태안군,0,80.3,73.3,109.6,0.0,,1,19.700000000000003,6.566666666666667,낮음
2023-07-06,홍성군,0,69.3,62.9,110.2,0.0,,1,30.700000000000003,10.233333333333334,낮음
2023-07-07,계룡시,0,77.0,100.0,77.0,23.0,,1,23.0,15.333333333333334,낮음
2023-07-07,공주시,0,79.2,56.1,141.3,0.0,,1,20.799999999999997,6.933333333333333,낮음
2023-07-07,금산군,0,87.5,67.6,129.3,0.0,,1,12.5,4.166666666666667,낮음
2023-07-07,논산시,0,73.9,60.3,122.6,0.0,,1,26.099999999999994,8.699999999999998,낮음
2023-07-07,당진시,0,77.8,74.5,104.4,0.0,,1,22.200000000000003,7.400000000000001,낮음
2023-07-07,보령시,0,72.2,57.4,125.8,0.0,,1,27.799999999999997,9.266666666666666,낮음
2023-07-07,부여군,0,80.8,63.4,127.4,0.0,,1,19.200000000000003,6.400000000000001,낮음
2023-07-07,서산시,0,70.7,62.7,112.6,0.0,,1,29.299999999999997,9.766666666666666,낮음
2023-07-07,서천군,0,86.7,61.3,141.5,0.0,,1,13.299999999999997,4.433333333333333,낮음
2023-07-07,아산시,0,72.1,67.0,107.5,0.0,,1,27.900000000000006,9.300000000000002,낮음
2023-07-07,예산군,0,60.5,56.8,106.5,0.0,,1,39.5,13.166666666666666,낮음
2023-07-07,천안시,0,71.5,64.0,111.8,0.0,,1,28.5,9.5,낮음
2023-07-07,청양군,0,71.3,59.9,119.1,0.0,,1,28.700000000000003,9.566666666666668,낮음
2023-07-07,태안군,0,79.5,73.8,107.8,0.0,,1,20.5,6.833333333333333,낮음
2023-07-07,홍성군,0,68.5,63.5,107.8,0.0,,1,31.5,10.5,낮음
2023-07-08,계룡시,0,77.0,100.0,77.0,23.0,,1,23.0,15.333333333333334,낮음
2023-07-08,공주시,0,79.2,56.6,140.1,0.0,,1,20.799999999999997,6.933333333333333,낮음
2023-07-08,금산군,0,87.5,68.0,128.6,0.0,,1,12.5,4.166666666666667,낮음
2023-07-08,논산시,0,80.2,60.9,131.8,0.0,,1,19.799999999999997,6.599999999999999,낮음
2023-07-08,당진시,0,77.8,74.7,104.0,0.0,,1,22.200000000000003,7.400000000000001,낮음
2023-07-08,보령시,0,72.2,57.9,124.7,0.0,,1,27.799999999999997,9.266666666666666,낮음
2023-07-08,부여군,0,81.0,63.8,127.0,0.0,,1,19.0,6.333333333333333,낮음
2023-07-08,서산시,0,70.7,63.2,111.8,0.0,,1,29.299999999999997,9.766666666666666,낮음
2023-07-08,서천군,0,87.1,61.7,141.2,0.0,,1,12.900000000000006,4.300000000000002,낮음
2023-07-08,아산시,0,72.1,67.6,106.6,0.0,,1,27.900000000000006,9.300000000000002,낮음
2023-07-08,예산군,0,60.5,57.4,105.5,0.0,,1,39.5,13.166666666666666,낮음
2023-07-08,천안시,0,71.5,64.3,111.2,0.0,,1,28.5,9.5,낮음
2023-07-08,청양군,0,71.3,60.3,118.3,0.0,,1,28.700000000000003,9.566666666666668,낮음
2023-07-08,태안군,0,79.5,74.2,107.1,0.0,,1,20.5,6.833333333333333,낮음
2023-07-08,홍성군,0,68.5,64.1,106.8,0.0,,1,31.5,10.5,낮음
2023-07-09,계룡시,0,77.0,100.0,77.0,23.0,,1,23.0,15.333333333333334,낮음
2023-07-09,공주시,0,79.2,57.1,138.7,0.0,,1,20.799999999999997,6.933333333333333,낮음
2023-07-09,금산군,0,87.5,68.5,127.6,0.0,,1,12.5,4.166666666666667,낮음
2023-07-09,논산시,0,80.2,61.6,130.3,0.0,,1,19.799999999999997,6.599999999999999,낮음
2023-07-09,당진시,0,75.2,75.1,100.2,0.0,,1,24.799999999999997,8.266666666666666,낮음
2023-07-09,보령시,0,72.2,58.4,123.6,0.0,,1,27.799999999999997,9.266666666666666,낮음
2023-07-09,부여군,0,81.0,64.2,126.2,0.0,,1,19.0,6.333333333333333,낮음
2023-07-09,서산시,0,70.7,63.7,111.0,0.0,,1,29.299999999999997,9.766666666666666,낮음
2023-07-09,서천군,0,87.1,62.4,139.6,0.0,,1,12.900000000000006,4.300000000000002,낮음
2023-07-09,아산시,0,72.1,68.1,105.8,0.0,,1,27.900000000000006,9.300000000000002,낮음
2023-07-09,예산군,0,60.5,57.8,104.6,0.0,,1,39.5,13.166666666666666,낮음
2023-07-09,천안시,0,71.5,64.8,110.4,0.0,,1,28.5,9.5,낮음
2023-07-09,청양군,0,71.3,60.6,117.6,0.0,,1,28.700000000000003,9.566666666666668,낮음
2023-07-09,태안군,0,79.5,74.5,106.7,0.0,,1,20.5,6.833333333333333,낮음
2023-07-09,홍성군,0,68.5,64.6,106.0,0.0,,1,31.5,10.5,낮음
2023-07-10,계룡시,0,77.0,100.0,77.0,23.0,,1,23.0,15.333333333333334,낮음
2023-07-10,공주시,0,84.5,57.8,146.2,0.0,,1,15.5,5.166666666666667,낮음
2023-07-10,금산군,0,87.1,68.9,126.4,0.0,,1,12.900000000000006,4.300000000000002,낮음
2023-07-10,논산시,0,67.8,62.1,109.2,0.0,,1,32.2,10.733333333333334,낮음
2023-07-10,당진시,0,74.9,75.4,99.3,0.7000000000000028,,1,25.099999999999994,8.6,낮음
2023-07-10,보령시,0,75.9,59.0,128.5,0.0,,1,24.099999999999994,8.033333333333331,낮음
2023-07-10,부여군,0,78.6,64.3,122.1,0.0,,1,21.400000000000006,7.1333333333333355,낮음
2023-07-10,서산시,0,70.8,64.2,110.3,0.0,,1,29.200000000000003,9.733333333333334,낮음
2023-07-10,서천군,0,78.4,62.9,124.7,0.0,,1,21.599999999999994,7.199999999999998,낮음
2023-07-10,아산시,0,72.4,68.6,105.6,0.0,,1,27.599999999999994,9.199999999999998,낮음
2023-07-10,예산군,0,66.1,58.5,113.2,0.0,,1,33.900000000000006,11.300000000000002,낮음
2023-07-10,천안시,0,72.6,65.5,110.9,0.0,,1,27.400000000000006,9.133333333333335,낮음
2023-07-10,청양군,0,76.9,61.5,125.0,0.0,,1,23.099999999999994,7.699999999999998,낮음
2023-07-10,태안군,0,78.4,74.7,104.9,0.0,,1,21.599999999999994,7.199999999999998,낮음
2023-07-10,홍성군,0,69.7,65.2,106.8,0.0,,1,30.299999999999997,10.1,낮음
2023-07-11,계룡시,0,77.0,100.0,77.0,23.0,,1,23.0,15.333333333333334,낮음
2023-07-11,공주시,0,89.7,58.5,153.4,0.0,,1,10.299999999999997,3.4333333333333322,낮음
2023-07-11,금산군,0,84.5,69.1,122.3,0.0,,1,15.5,5.166666666666667,낮음
2023-07-11,논산시,0,68.1,62.8,108.4,0.0,,1,31.900000000000006,10.633333333333335,낮음
2023-07-11,당진시,0,74.4,75.8,98.1,1.9000000000000057,,1,25.599999999999994,9.166666666666666,낮음
2023-07-11,보령시,0,78.6,59.8,131.4,0.0,,1,21.400000000000006,7.1333333333333355,낮음
2023-07-11,부여군,0,78.2,64.6,121.0,0.0,,1,21.799999999999997,7.266666666666666,낮음
2023-07-11,서산시,0,70.8,64.9,109.2,0.0,,1,29.200000000000003,9.733333333333334,낮음
2023-07-11,서천군,0,78.2,63.4,123.4,0.0,,1,21.799999999999997,7.266666666666666,낮음
2023-07-11,아산시,0,72.9,69.1,105.5,0.0,,1,27.099999999999994,9.033333333333331,낮음
2023-07-11,예산군,0,66.2,59.0,112.2,0.0,,1,33.8,11.266666666666666,낮음
2023-07-11,천안시,0,73.5,66.3,110.9,0.0,,1,26.5,8.833333333333334,낮음
2023-07-11,청양군,0,78.9,62.1,127.1,0.0,,1,21.099999999999994,7.033333333333331,낮음
2023-07-11,태안군,0,78.1,75.1,103.9,0.0,,1,21.900000000000006,7.300000000000002,낮음
2023-07-11,홍성군,0,69.4,65.9,105.4,0.0,,1,30.599999999999994,10.199999999999998,낮음
2023-07-12,계룡시,0,77.0,100.0,77.0,23.0,,1,23.0,15.333333333333334,낮음
2023-07-12,공주시,0,88.1,58.8,149.9,0.0,,1,11.900000000000006,3.9666666666666686,낮음
2023-07-12,금산군,0,85.7,69.6,123.2,0.0,,1,14.299999999999997,4.766666666666666,낮음
2023-07-12,논산시,0,72.6,63.4,114.6,0.0,,1,27.400000000000006,9.133333333333335,낮음
2023-07-12,당진시,0,74.1,76.3,97.0,3.0,,1,25.900000000000006,9.633333333333335,낮음
2023-07-12,보령시,0,80.2,60.7,132.2,0.0,,1,19.799999999999997,6.599999999999999,낮음
2023-07-12,부여군,0,76.1,65.0,117.2,0.0,,1,23.900000000000006,7.966666666666669,낮음
2023-07-12,서산시,0,70.8,65.8,107.6,0.0,,1,29.200000000000003,9.733333333333334,낮음
2023-07-12,서천군,0,78.3,64.1,122.1,0.0,,1,21.700000000000003,7.233333333333334,낮음
2023-07-12,아산시,0,74.4,70.0,106.3,0.0,,1,25.599999999999994,8.533333333333331,낮음
2023-07-12,예산군,0,60.1,59.6,100.9,0.0,,1,39.9,13.299999999999999,낮음
2023-07-12,천안시,0,75.0,67.1,111.8,0.0,,1,25.0,8.333333333333334,낮음
2023-07-12,청양군,0,85.1,63.0,135.1,0.0,,1,14.900000000000006,4.966666666666669,낮음
2023-07-12,태안군,0,78.3,75.7,103.4,0.0,,1,21.700000000000003,7.233333333333334,낮음
2023-07-12,홍성군,0,70.5,66.7,105.6,0.0,,1,29.5,9.833333333333334,낮음
2023-07-13,계룡시,0,77.0,100.0,77.0,23.0,,1,23.0,15.333333333333334,낮음
2023-07-13,공주시,0,87.4,59.3,147.4,0.0,,1,12.599999999999994,4.199999999999998,낮음
2023-07-13,금산군,0,83.4,69.9,119.5,0.0,,1,16.599999999999994,5.533333333333331,낮음
2023-07-13,논산시,0,75.2,63.8,117.8,0.0,,1,24.799999999999997,8.266666666666666,낮음
2023-07-13,당진시,0,73.9,76.9,96.1,3.9000000000000057,,1,26.099999999999994,10.0,낮음
2023-07-13,보령시,0,82.3,61.6,133.5,0.0,,1,17.700000000000003,5.900000000000001,낮음
2023-07-13,부여군,0,74.7,65.5,114.1,0.0,,1,25.299999999999997,8.433333333333332,낮음
2023-07-13,서산시,0,70.6,66.7,105.8,0.0,,1,29.400000000000006,9.800000000000002,낮음
2023-07-13,서천군,0,77.3,65.0,118.9,0.0,,1,22.700000000000003,7.566666666666667,낮음
2023-07-13,아산시,0,75.5,71.1,106.2,0.0,,1,24.5,8.166666666666666,낮음
2023-07-13,예산군,0,61.5,60.4,101.7,0.0,,1,38.5,12.833333333333334,낮음
2023-07-13,천안시,0,77.9,67.9,114.7,0.0,,1,22.099999999999994,7.3666666666666645,낮음
2023-07-13,청양군,0,84.9,63.4,134.0,0.0,,1,15.099999999999994,5.033333333333331,낮음
2023-07-13,태안군,0,77.6,76.3,101.7,0.0,,1,22.400000000000006,7.466666666666669,낮음
2023-07-13,홍성군,0,70.8,67.5,104.8,0.0,,1,29.200000000000003,9.733333333333334,낮음
2023-07-14,계룡시,0,77.0,100.0,77.0,23.0,,1,23.0,15.333333333333334,낮음
2023-07-14,공주시,0,93.7,60.4,155.2,0.0,,1,6.299999999999997,2.099999999999999,낮음
2023-07-14,금산군,0,93.8,70.4,133.3,0.0,,1,6.200000000000003,2.0666666666666678,낮음
2023-07-14,논산시,0,98.1,65.0,151.0,0.0,,1,1.9000000000000057,0.6333333333333352,낮음
2023-07-14,당진시,0,91.7,77.8,117.8,0.0,,1,8.299999999999997,2.7666666666666657,낮음
2023-07-14,보령시,0,84.7,62.7,135.1,0.0,,1,15.299999999999997,5.099999999999999,낮음
2023-07-14,부여군,0,96.5,67.8,142.4,0.0,,1,3.5,1.1666666666666667,낮음
2023-07-14,서산시,0,93.4,68.4,136.5,0.0,,1,6.599999999999994,2.199999999999998,낮음
2023-07-14,서천군,0,99.9,66.2,150.9,0.0,,1,0.09999999999999432,0.03333333333333144,낮음
2023-07-14,아산시,0,97.4,72.9,133.6,0.0,,1,2.5999999999999943,0.8666666666666648,낮음
2023-07-14,예산군,0,94.7,62.0,152.7,0.0,,1,5.299999999999997,1.7666666666666657,낮음
2023-07-14,천안시,0,94.9,69.1,137.3,0.0,,1,5.099999999999994,1.6999999999999982,낮음
2023-07-14,청양군,0,98.6,64.9,151.8,0.0,,1,1.4000000000000057,0.46666666666666856,낮음
2023-07-14,태안군,0,91.4,77.2,118.3,0.0,,1,8.599999999999994,2.866666666666665,낮음
2023-07-14,홍성군,0,88.6,68.7,128.9,0.0,,1,11.400000000000006,3.800000000000002,낮음
2023-07-15,계룡시,0,77.0,100.0,77.0,23.0,,1,23.0,15.333333333333334,낮음
2023-07-15,공주시,0,93.1,61.3,151.9,0.0,,1,6.900000000000006,2.300000000000002,낮음
2023-07-15,금산군,0,96.0,70.6,135.9,0.0,,1,4.0,1.3333333333333333,낮음
2023-07-15,논산시,0,62.9,64.2,98.0,2.0,,1,37.1,13.033333333333333,낮음
2023-07-15,당진시,0,84.2,77.9,108.1,0.0,,1,15.799999999999997,5.266666666666666,낮음
2023-07-15,보령시,0,78.5,63.3,124.0,0.0,,1,21.5,7.166666666666667,낮음
2023-07-15,부여군,0,95.1,68.1,139.6,0.0,,1,4.900000000000006,1.6333333333333353,낮음
2023-07-15,서산시,0,91.1,69.3,131.5,0.0,,1,8.900000000000006,2.9666666666666686,낮음
2023-07-15,서천군,0,99.9,66.6,150.1,0.0,,1,0.09999999999999432,0.03333333333333144,낮음
2023-07-15,아산시,0,97.2,74.1,131.1,0.0,,1,2.799999999999997,0.9333333333333323,낮음
2023-07-15,예산군,0,85.7,62.2,137.8,0.0,,1,14.299999999999997,4.766666666666666,낮음
2023-07-15,천안시,0,93.3,69.8,133.6,0.0,,1,6.700000000000003,2.2333333333333343,낮음
2023-07-15,청양군,0,98.6,65.5,150.6,0.0,,1,1.4000000000000057,0.46666666666666856,낮음
2023-07-15,태안군,0,93.2,78.1,119.3,0.0,,1,6.799999999999997,2.2666666666666657,낮음
2023-07-15,홍성군,0,90.1,69.2,130.2,0.0,,1,9.900000000000006,3.300000000000002,낮음
2023-07-16,계룡시,0,77.0,100.0,77.0,23.0,,1,23.0,15.333333333333334,낮음
2023-07-16,공주시,0,91.0,61.8,147.2,0.0,,1,9.0,3.0,낮음
2023-07-16,금산군,0,95.2,70.9,134.4,0.0,,1,4.799999999999997,1.599999999999999,낮음
2023-07-16,논산시,0,70.3,64.7,108.7,0.0,,1,29.700000000000003,9.9,낮음
2023-07-16,당진시,0,77.6,78.0,99.4,0.5999999999999943,,1,22.400000000000006,7.666666666666667,낮음
2023-07-16,보령시,0,81.0,63.9,126.8,0.0,,1,19.0,6.333333333333333,낮음
2023-07-16,부여군,0,85.3,68.1,125.2,0.0,,1,14.700000000000003,4.900000000000001,낮음
2023-07-16,서산시,0,88.9,70.0,127.0,0.0,,1,11.099999999999994,3.699999999999998,낮음
2023-07-16,서천군,0,95.8,66.6,143.8,0.0,,1,4.200000000000003,1.400000000000001,낮음
2023-07-16,아산시,0,86.1,74.9,114.9,0.0,,1,13.900000000000006,4.6333333333333355,낮음
2023-07-16,예산군,0,77.9,62.2,125.2,0.0,,1,22.099999999999994,7.3666666666666645,낮음
2023-07-16,천안시,0,90.9,70.5,128.8,0.0,,1,9.099999999999994,3.0333333333333314,낮음
2023-07-16,청양군,0,97.8,65.9,148.5,0.0,,1,2.200000000000003,0.7333333333333343,낮음
2023-07-16,태안군,0,91.1,79.0,115.3,0.0,,1,8.900000000000006,2.9666666666666686,낮음
2023-07-16,홍성군,0,87.6,69.5,126.0,0.0,,1,12.400000000000006,4.1333333333333355,낮음
2023-07-17,계룡시,0,77.0,100.0,77.0,23.0,,1,23.0,15.333333333333334,낮음
2023-07-17,공주시,0,90.4,62.2,145.4,0.0,,1,9.599999999999994,3.199999999999998,낮음
2023-07-17,금산군,0,94.6,71.0,133.3,0.0,,1,5.400000000000006,1.8000000000000018,낮음
2023-07-17,논산시,0,73.1,64.8,112.8,0.0,,1,26.900000000000006,8.966666666666669,낮음
2023-07-17,당진시,0,74.8,78.3,95.6,4.400000000000006,,1,25.200000000000003,9.866666666666669,낮음
2023-07-17,보령시,0,81.6,64.3,126.9,0.0,,1,18.400000000000006,6.1333333333333355,낮음
2023-07-17,부여군,0,81.5,68.2,119.6,0.0,,1,18.5,6.166666666666667,낮음
2023-07-17,서산시,0,89.3,70.6,126.6,0.0,,1,10.700000000000003,3.5666666666666678,낮음
2023-07-17,서천군,0,94.0,66.4,141.5,0.0,,1,6.0,2.0,낮음
2023-07-17,아산시,0,84.9,75.7,112.1,0.0,,1,15.099999999999994,5.033333333333331,낮음
2023-07-17,예산군,0,74.7,62.2,120.0,0.0,,1,25.299999999999997,8.433333333333332,낮음
2023-07-17,천안시,0,89.7,71.2,126.1,0.0,,1,10.299999999999997,3.4333333333333322,낮음
2023-07-17,청양군,0,97.3,66.2,147.0,0.0,,1,2.700000000000003,0.9000000000000009,낮음
2023-07-17,태안군,0,89.7,79.4,112.9,0.0,,1,10.299999999999997,3.4333333333333322,낮음
2023-07-17,홍성군,0,85.8,69.9,122.8,0.0,,1,14.200000000000003,4.733333333333334,낮음
2023-07-18,계룡시,0,77.0,100.0,77.0,23.0,,1,23.0,15.333333333333334,낮음
2023-07-18,공주시,0,89.9,62.5,143.9,0.0,,1,10.099999999999994,3.366666666666665,낮음
2023-07-18,금산군,0,92.2,70.9,130.0,0.0,,1,7.799999999999997,2.599999999999999,낮음
2023-07-18,논산시,0,77.3,65.2,118.5,0.0,,1,22.700000000000003,7.566666666666667,낮음
2023-07-18,당진시,0,73.0,78.4,93.1,6.900000000000006,,1,27.0,11.300000000000002,낮음
2023-07-18,보령시,0,88.5,64.9,136.3,0.0,,1,11.5,3.8333333333333335,낮음
2023-07-18,부여군,0,78.0,68.0,114.7,0.0,,1,22.0,7.333333333333333,낮음
2023-07-18,서산시,0,88.4,70.9,124.6,0.0,,1,11.599999999999994,3.866666666666665,낮음
2023-07-18,서천군,0,87.3,66.2,132.0,0.0,,1,12.700000000000003,4.233333333333334,낮음
2023-07-18,아산시,0,96.3,76.6,125.6,0.0,,1,3.700000000000003,1.2333333333333343,낮음
2023-07-18,예산군,0,79.7,62.7,127.2,0.0,,1,20.299999999999997,6.766666666666666,낮음
2023-07-18,천안시,0,93.9,71.7,131.0,0.0,,1,6.099999999999994,2.0333333333333314,낮음
2023-07-18,청양군,0,97.0,66.5,145.8,0.0,,1,3.0,1.0,낮음
2023-07-18,태안군,0,88.9,79.4,112.0,0.0,,1,11.099999999999994,3.699999999999998,낮음
2023-07-18,홍성군,0,93.8,70.7,132.7,0.0,,1,6.200000000000003,2.0666666666666678,낮음
2023-07-19,계룡시,0,77.0,100.0,77.0,23.0,,1,23.0,15.333333333333334,낮음
2023-07-19,공주시,0,90.5,62.9,143.9,0.0,,1,9.5,3.1666666666666665,낮음
2023-07-19,금산군,0,95.0,71.1,133.6,0.0,,1,5.0,1.6666666666666667,낮음
2023-07-19,논산시,0,77.5,65.5,118.3,0.0,,1,22.5,7.5,낮음
2023-07-19,당진시,0,73.5,78.6,93.6,6.400000000000006,,1,26.5,10.966666666666669,낮음
2023-07-19,보령시,0,88.9,65.4,135.9,0.0,,1,11.099999999999994,3.699999999999998,낮음
2023-07-19,부여군,0,83.0,68.6,121.0,0.0,,1,17.0,5.666666666666667,낮음
2023-07-19,서산시,0,86.9,71.3,122.0,0.0,,1,13.099999999999994,4.3666666666666645,낮음
2023-07-19,서천군,0,91.0,66.4,137.0,0.0,,1,9.0,3.0,낮음
2023-07-19,아산시,0,89.3,76.8,116.2,0.0,,1,10.700000000000003,3.5666666666666678,낮음
2023-07-19,예산군,0,76.2,62.9,121.1,0.0,,1,23.799999999999997,7.933333333333333,낮음
2023-07-19,천안시,0,92.4,71.9,128.5,0.0,,1,7.599999999999994,2.5333333333333314,낮음
2023-07-19,청양군,0,97.0,66.9,145.0,0.0,,1,3.0,1.0,낮음
2023-07-19,태안군,0,88.9,79.5,111.8,0.0,,1,11.099999999999994,3.699999999999998,낮음
2023-07-19,홍성군,0,92.0,71.1,129.5,0.0,,1,8.0,2.6666666666666665,낮음
2023-07-20,계룡시,0,77.0,100.0,77.0,23.0,,1,23.0,15.333333333333334,낮음
2023-07-20,공주시,0,90.4,63.2,143.0,0.0,,1,9.599999999999994,3.199999999999998,낮음
2023-07-20,금산군,0,93.8,71.0,132.1,0.0,,1,6.200000000000003,2.0666666666666678,낮음
2023-07-20,논산시,0,66.7,65.5,101.8,0.0,,1,33.3,11.1,낮음
2023-07-20,당진시,0,72.6,78.8,92.1,7.900000000000006,,1,27.400000000000006,11.766666666666671,낮음
2023-07-20,보령시,0,86.4,66.5,130.1,0.0,,1,13.599999999999994,4.533333333333331,낮음
2023-07-20,부여군,0,76.5,68.5,111.7,0.0,,1,23.5,7.833333333333333,낮음
2023-07-20,서산시,0,86.3,71.7,120.3,0.0,,1,13.700000000000003,4.566666666666667,낮음
2023-07-20,서천군,0,84.4,66.3,127.3,0.0,,1,15.599999999999994,5.199999999999998,낮음
2023-07-20,아산시,0,88.8,77.6,114.5,0.0,,1,11.200000000000003,3.7333333333333343,낮음
2023-07-20,예산군,0,69.9,62.9,111.2,0.0,,1,30.099999999999994,10.033333333333331,낮음
2023-07-20,천안시,0,88.9,72.1,123.2,0.0,,1,11.099999999999994,3.699999999999998,낮음
2023-07-20,청양군,0,95.4,67.1,142.1,0.0,,1,4.599999999999994,1.5333333333333314,낮음
2023-07-20,태안군,0,88.6,79.8,111.0,0.0,,1,11.400000000000006,3.800000000000002,낮음
2023-07-20,홍성군,0,90.8,71.3,127.4,0.0,,1,9.200000000000003,3.0666666666666678,낮음
2023-07-21,계룡시,0,77.0,100.0,77.0,23.0,,1,23.0,15.333333333333334,낮음
2023-07-21,공주시,0,89.6,63.5,141.1,0.0,,1,10.400000000000006,3.4666666666666686,낮음
2023-07-21,금산군,0,91.1,71.0,128.2,0.0,,1,8.900000000000006,2.9666666666666686,낮음
2023-07-21,논산시,0,63.7,65.7,97.1,2.9000000000000057,,1,36.3,13.066666666666668,낮음
2023-07-21,당진시,0,72.0,79.0,91.1,8.900000000000006,,1,28.0,12.300000000000002,낮음
2023-07-21,보령시,0,86.0,67.6,127.3,0.0,,1,14.0,4.666666666666667,낮음
2023-07-21,부여군,0,75.5,68.4,110.3,0.0,,1,24.5,8.166666666666666,낮음
2023-07-21,서산시,0,85.5,72.1,118.7,0.0,,1,14.5,4.833333333333333,낮음
2023-07-21,서천군,0,82.6,66.4,124.4,0.0,,1,17.400000000000006,5.800000000000002,낮음
2023-07-21,아산시,0,87.5,78.2,112.0,0.0,,1,12.5,4.166666666666667,낮음
2023-07-21,예산군,0,73.3,63.1,116.1,0.0,,1,26.700000000000003,8.9,낮음
2023-07-21,천안시,0,86.0,72.4,118.8,0.0,,1,14.0,4.666666666666667,낮음
2023-07-21,청양군,0,94.3,67.5,139.8,0.0,,1,5.700000000000003,1.900000000000001,낮음
2023-07-21,태안군,0,88.2,80.0,110.3,0.0,,1,11.799999999999997,3.9333333333333322,낮음
2023-07-21,홍성군,0,89.9,71.5,125.7,0.0,,1,10.099999999999994,3.366666666666665,낮음
2023-07-22,계룡시,0,77.0,100.0,77.0,23.0,,1,23.0,15.333333333333334,낮음
2023-07-22,공주시,0,86.9,63.9,135.9,0.0,,1,13.099999999999994,4.3666666666666645,낮음
2023-07-22,금산군,0,91.1,71.1,128.1,0.0,,1,8.900000000000006,2.9666666666666686,낮음
2023-07-22,논산시,0,63.7,65.8,96.9,3.0999999999999943,,1,36.3,13.133333333333331,낮음
2023-07-22,당진시,0,72.0,79.1,91.1,8.900000000000006,,1,28.0,12.300000000000002,낮음
2023-07-22,보령시,0,85.4,68.2,125.2,0.0,,1,14.599999999999994,4.8666666666666645,낮음
2023-07-22,부여군,0,75.7,68.2,111.0,0.0,,1,24.299999999999997,8.1,낮음
2023-07-22,서산시,0,83.1,72.3,114.9,0.0,,1,16.900000000000006,5.6333333333333355,낮음
2023-07-22,서천군,0,82.6,66.5,124.2,0.0,,1,17.400000000000006,5.800000000000002,낮음
2023-07-22,아산시,0,87.5,78.6,111.3,0.0,,1,12.5,4.166666666666667,낮음
2023-07-22,예산군,0,73.3,63.2,116.0,0.0,,1,26.700000000000003,8.9,낮음
2023-07-22,천안시,0,86.0,72.7,118.3,0.0,,1,14.0,4.666666666666667,낮음
2023-07-22,청양군,0,94.3,67.9,138.8,0.0,,1,5.700000000000003,1.900000000000001,낮음
2023-07-22,태안군,0,86.0,79.9,107.7,0.0,,1,14.0,4.666666666666667,낮음
2023-07-22,홍성군,0,89.9,71.8,125.1,0.0,,1,10.099999999999994,3.366666666666665,낮음
2023-07-23,계룡시,0,77.0,100.0,77.0,23.0,,1,23.0,15.333333333333334,낮음
2023-07-23,공주시,0,87.0,64.4,135.2,0.0,,1,13.0,4.333333333333333,낮음
2023-07-23,금산군,0,91.1,71.1,128.1,0.0,,1,8.900000000000006,2.9666666666666686,낮음
2023-07-23,논산시,0,63.7,65.8,96.8,3.200000000000003,,1,36.3,13.166666666666666,낮음
2023-07-23,당진시,0,72.0,79.4,90.7,9.299999999999997,,1,28.0,12.433333333333332,낮음
2023-07-23,보령시,0,84.9,68.9,123.2,0.0,,1,15.099999999999994,5.033333333333331,낮음
2023-07-23,부여군,0,81.0,68.3,118.5,0.0,,1,19.0,6.333333333333333,낮음
2023-07-23,서산시,0,84.8,72.9,116.3,0.0,,1,15.200000000000003,5.066666666666667,낮음
2023-07-23,서천군,0,82.6,66.5,124.2,0.0,,1,17.400000000000006,5.800000000000002,낮음
2023-07-23,아산시,0,87.5,79.5,110.2,0.0,,1,12.5,4.166666666666667,낮음
2023-07-23,예산군,0,71.2,63.4,112.4,0.0,,1,28.799999999999997,9.6,낮음
2023-07-23,천안시,0,85.4,73.3,116.6,0.0,,1,14.599999999999994,4.8666666666666645,낮음
2023-07-23,청양군,0,94.3,68.5,137.8,0.0,,1,5.700000000000003,1.900000000000001,낮음
2023-07-23,태안군,0,91.6,80.1,114.3,0.0,,1,8.400000000000006,2.800000000000002,낮음
2023-07-23,홍성군,0,89.9,72.1,124.7,0.0,,1,10.099999999999994,3.366666666666665,낮음
2023-07-24,계룡시,0,77.0,100.0,77.0,23.0,,1,23.0,15.333333333333334,낮음
2023-07-24,공주시,0,88.1,64.8,136.0,0.0,,1,11.900000000000006,3.9666666666666686,낮음
2023-07-24,금산군,0,82.0,70.9,115.6,0.0,,1,18.0,6.0,낮음
2023-07-24,논산시,0,60.3,65.8,91.7,8.299999999999997,,1,39.7,16.0,낮음
2023-07-24,당진시,0,83.4,80.3,103.8,0.0,,1,16.599999999999994,5.533333333333331,낮음
2023-07-24,보령시,0,83.7,69.8,119.9,0.0,,1,16.299999999999997,5.433333333333333,낮음
2023-07-24,부여군,0,84.2,68.6,122.7,0.0,,1,15.799999999999997,5.266666666666666,낮음
2023-07-24,서산시,0,91.6,73.7,124.3,0.0,,1,8.400000000000006,2.800000000000002,낮음
2023-07-24,서천군,0,83.2,66.6,124.9,0.0,,1,16.799999999999997,5.599999999999999,낮음
2023-07-24,아산시,0,88.9,80.3,110.7,0.0,,1,11.099999999999994,3.699999999999998,낮음
2023-07-24,예산군,0,77.2,63.7,121.2,0.0,,1,22.799999999999997,7.599999999999999,낮음
2023-07-24,천안시,0,85.5,74.2,115.2,0.0,,1,14.5,4.833333333333333,낮음
2023-07-24,청양군,0,95.2,68.8,138.2,0.0,,1,4.799999999999997,1.599999999999999,낮음
2023-07-24,태안군,0,92.2,80.3,114.7,0.0,,1,7.799999999999997,2.599999999999999,낮음
2023-07-24,홍성군,0,95.6,72.6,131.8,0.0,,1,4.400000000000006,1.4666666666666686,낮음
2023-07-25,계룡시,0,77.0,100.0,77.0,23.0,,1,23.0,15.333333333333334,낮음
2023-07-25,공주시,0,87.9,64.9,135.5,0.0,,1,12.099999999999994,4.033333333333331,낮음
2023-07-25,금산군,0,80.0,70.7,113.1,0.0,,1,20.0,6.666666666666667,낮음
2023-07-25,논산시,0,66.2,65.9,100.4,0.0,,1,33.8,11.266666666666666,낮음
2023-07-25,당진시,0,76.4,80.4,95.1,4.900000000000006,,1,23.599999999999994,9.5,낮음
2023-07-25,보령시,0,85.0,70.2,121.1,0.0,,1,15.0,5.0,낮음
2023-07-25,부여군,0,83.9,68.7,122.1,0.0,,1,16.099999999999994,5.3666666666666645,낮음
2023-07-25,서산시,0,89.8,74.1,121.1,0.0,,1,10.200000000000003,3.400000000000001,낮음
2023-07-25,서천군,0,79.4,66.4,119.6,0.0,,1,20.599999999999994,6.8666666666666645,낮음
2023-07-25,아산시,0,89.0,80.8,110.2,0.0,,1,11.0,3.6666666666666665,낮음
2023-07-25,예산군,0,70.3,63.4,110.9,0.0,,1,29.700000000000003,9.9,낮음
2023-07-25,천안시,0,84.9,74.9,113.4,0.0,,1,15.099999999999994,5.033333333333331,낮음
2023-07-25,청양군,0,95.8,69.0,138.9,0.0,,1,4.200000000000003,1.400000000000001,낮음
2023-07-25,태안군,0,89.7,80.3,111.6,0.0,,1,10.299999999999997,3.4333333333333322,낮음
2023-07-25,홍성군,0,93.9,72.6,129.3,0.0,,1,6.099999999999994,2.0333333333333314,낮음
2023-07-26,계룡시,0,77.0,100.0,77.0,23.0,,1,23.0,15.333333333333334,낮음
2023-07-26,공주시,0,88.5,65.0,136.2,0.0,,1,11.5,3.8333333333333335,낮음
2023-07-26,금산군,0,82.3,70.7,116.3,0.0,,1,17.700000000000003,5.900000000000001,낮음
2023-07-26,논산시,0,73.6,66.0,111.6,0.0,,1,26.400000000000006,8.800000000000002,낮음
2023-07-26,당진시,0,72.2,80.3,89.9,10.099999999999994,,1,27.799999999999997,12.633333333333331,낮음
2023-07-26,보령시,0,85.0,70.4,120.8,0.0,,1,15.0,5.0,낮음
2023-07-26,부여군,0,85.0,68.8,123.6,0.0,,1,15.0,5.0,낮음
2023-07-26,서산시,0,89.7,74.4,120.5,0.0,,1,10.299999999999997,3.4333333333333322,낮음
2023-07-26,서천군,0,80.5,66.3,121.5,0.0,,1,19.5,6.5,낮음
2023-07-26,아산시,0,88.3,81.2,108.8,0.0,,1,11.700000000000003,3.900000000000001,낮음
2023-07-26,예산군,0,72.4,63.5,114.0,0.0,,1,27.599999999999994,9.199999999999998,낮음
2023-07-26,천안시,0,84.8,75.4,112.5,0.0,,1,15.200000000000003,5.066666666666667,낮음
2023-07-26,청양군,0,94.9,69.0,137.4,0.0,,1,5.099999999999994,1.6999999999999982,낮음
2023-07-26,태안군,0,88.3,80.4,109.8,0.0,,1,11.700000000000003,3.900000000000001,낮음
2023-07-26,홍성군,0,92.2,72.7,126.9,0.0,,1,7.799999999999997,2.599999999999999,낮음
2023-07-27,계룡시,0,77.0,100.0,77.0,23.0,,1,23.0,15.333333333333334,낮음
2023-07-27,공주시,0,88.5,62.3,142.0,0.0,,1,11.5,3.8333333333333335,낮음
2023-07-27,금산군,0,84.4,68.4,123.4,0.0,,1,15.599999999999994,5.199999999999998,낮음
2023-07-27,논산시,0,76.5,65.1,117.6,0.0,,1,23.5,7.833333333333333,낮음
2023-07-27,당진시,0,72.6,79.4,91.4,8.599999999999994,,1,27.400000000000006,12.0,낮음
2023-07-27,보령시,0,84.8,69.2,122.6,0.0,,1,15.200000000000003,5.066666666666667,낮음
2023-07-27,부여군,0,80.7,65.7,122.7,0.0,,1,19.299999999999997,6.433333333333333,낮음
2023-07-27,서산시,0,89.4,72.5,123.4,0.0,,1,10.599999999999994,3.5333333333333314,낮음
2023-07-27,서천군,0,81.7,64.1,127.6,0.0,,1,18.299999999999997,6.099999999999999,낮음
2023-07-27,아산시,0,89.0,81.7,108.9,0.0,,1,11.0,3.6666666666666665,낮음
2023-07-27,예산군,0,75.3,61.5,122.4,0.0,,1,24.700000000000003,8.233333333333334,낮음
2023-07-27,천안시,0,90.3,74.5,121.3,0.0,,1,9.700000000000003,3.2333333333333343,낮음
2023-07-27,청양군,0,93.6,65.3,143.3,0.0,,1,6.400000000000006,2.133333333333335,낮음
2023-07-27,태안군,0,87.9,79.8,110.2,0.0,,1,12.099999999999994,4.033333333333331,낮음
2023-07-27,홍성군,0,92.3,70.7,130.6,0.0,,1,7.700000000000003,2.5666666666666678,낮음
2023-07-28,계룡시,0,77.0,100.0,77.0,23.0,,1,23.0,15.333333333333334,낮음
2023-07-28,공주시,0,87.0,64.9,134.0,0.0,,1,13.0,4.333333333333333,낮음
2023-07-28,금산군,0,83.8,70.5,118.8,0.0,,1,16.200000000000003,5.400000000000001,낮음
2023-07-28,논산시,0,77.2,65.8,117.4,0.0,,1,22.799999999999997,7.599999999999999,낮음
2023-07-28,당진시,0,72.8,80.3,90.6,9.400000000000006,,1,27.200000000000003,12.200000000000003,낮음
2023-07-28,보령시,0,84.3,70.3,119.9,0.0,,1,15.700000000000003,5.233333333333334,낮음
2023-07-28,부여군,0,80.8,68.7,117.7,0.0,,1,19.200000000000003,6.400000000000001,낮음
2023-07-28,서산시,0,88.7,74.6,118.9,0.0,,1,11.299999999999997,3.7666666666666657,낮음
2023-07-28,서천군,0,82.1,65.6,125.2,0.0,,1,17.900000000000006,5.966666666666669,낮음
2023-07-28,아산시,0,88.9,81.9,108.5,0.0,,1,11.099999999999994,3.699999999999998,낮음
2023-07-28,예산군,0,77.7,63.3,122.7,0.0,,1,22.299999999999997,7.433333333333333,낮음
2023-07-28,천안시,0,89.6,76.0,118.0,0.0,,1,10.400000000000006,3.4666666666666686,낮음
2023-07-28,청양군,0,91.9,68.8,133.5,0.0,,1,8.099999999999994,2.699999999999998,낮음
2023-07-28,태안군,0,87.2,80.2,108.6,0.0,,1,12.799999999999997,4.266666666666666,낮음
2023-07-28,홍성군,0,92.2,72.6,127.1,0.0,,1,7.799999999999997,2.599999999999999,낮음
2023-07-29,계룡시,0,77.0,100.0,77.0,23.0,,1,23.0,15.333333333333334,낮음
2023-07-29,공주시,0,84.3,64.8,130.1,0.0,,1,15.700000000000003,5.233333333333334,낮음
2023-07-29,금산군,0,82.1,70.3,116.7,0.0,,1,17.900000000000006,5.966666666666669,낮음
2023-07-29,논산시,0,78.0,65.5,119.1,0.0,,1,22.0,7.333333333333333,낮음
2023-07-29,당진시,0,72.8,80.2,90.7,9.299999999999997,,1,27.200000000000003,12.166666666666666,낮음
2023-07-29,보령시,0,83.5,70.2,119.0,0.0,,1,16.5,5.5,낮음
2023-07-29,부여군,0,80.6,68.5,117.6,0.0,,1,19.400000000000006,6.466666666666669,낮음
2023-07-29,서산시,0,87.3,74.7,116.9,0.0,,1,12.700000000000003,4.233333333333334,낮음
2023-07-29,서천군,0,82.5,65.3,126.3,0.0,,1,17.5,5.833333333333333,낮음
2023-07-29,아산시,0,88.9,82.1,108.2,0.0,,1,11.099999999999994,3.699999999999998,낮음
2023-07-29,예산군,0,79.9,63.4,126.0,0.0,,1,20.099999999999994,6.699999999999998,낮음
2023-07-29,천안시,0,87.7,76.1,115.4,0.0,,1,12.299999999999997,4.099999999999999,낮음
2023-07-29,청양군,0,90.6,68.7,131.9,0.0,,1,9.400000000000006,3.133333333333335,낮음
2023-07-29,태안군,0,85.5,79.9,107.0,0.0,,1,14.5,4.833333333333333,낮음
2023-07-29,홍성군,0,92.3,72.4,127.5,0.0,,1,7.700000000000003,2.5666666666666678,낮음
2023-07-30,계룡시,0,77.0,100.0,77.0,23.0,,1,23.0,15.333333333333334,낮음
2023-07-30,공주시,0,84.1,64.7,130.1,0.0,,1,15.900000000000006,5.300000000000002,낮음
2023-07-30,금산군,0,81.6,70.2,116.2,0.0,,1,18.400000000000006,6.1333333333333355,낮음
2023-07-30,논산시,0,78.1,65.2,119.7,0.0,,1,21.900000000000006,7.300000000000002,낮음
2023-07-30,당진시,0,75.4,80.3,93.9,6.099999999999994,,1,24.599999999999994,10.233333333333329,낮음
2023-07-30,보령시,0,83.5,70.2,119.0,0.0,,1,16.5,5.5,낮음
2023-07-30,부여군,0,80.6,68.3,118.0,0.0,,1,19.400000000000006,6.466666666666669,낮음
2023-07-30,서산시,0,87.3,74.7,116.8,0.0,,1,12.700000000000003,4.233333333333334,낮음
2023-07-30,서천군,0,82.5,65.0,126.9,0.0,,1,17.5,5.833333333333333,낮음
2023-07-30,아산시,0,88.9,82.2,108.1,0.0,,1,11.099999999999994,3.699999999999998,낮음
2023-07-30,예산군,0,80.0,63.2,126.5,0.0,,1,20.0,6.666666666666667,낮음
2023-07-30,천안시,0,87.7,76.4,114.9,0.0,,1,12.299999999999997,4.099999999999999,낮음
2023-07-30,청양군,0,90.6,68.6,132.0,0.0,,1,9.400000000000006,3.133333333333335,낮음
2023-07-30,태안군,0,85.1,79.6,107.0,0.0,,1,14.900000000000006,4.966666666666669,낮음
2023-07-30,홍성군,0,92.3,72.1,128.0,0.0,,1,7.700000000000003,2.5666666666666678,낮음
2023-07-31,계룡시,0,77.0,100.0,77.0,23.0,,1,23.0,15.333333333333334,낮음
2023-07-31,공주시,0,82.9,64.5,128.6,0.0,,1,17.099999999999994,5.699999999999998,낮음
2023-07-31,금산군,0,80.6,70.0,115.1,0.0,,1,19.400000000000006,6.466666666666669,낮음
2023-07-31,논산시,0,77.9,65.0,119.8,0.0,,1,22.099999999999994,7.3666666666666645,낮음
2023-07-31,당진시,0,76.8,80.3,95.7,4.299999999999997,,1,23.200000000000003,9.166666666666666,낮음
2023-07-31,보령시,0,83.0,69.9,118.7,0.0,,1,17.0,5.666666666666667,낮음
2023-07-31,부여군,0,80.8,67.9,119.1,0.0,,1,19.200000000000003,6.400000000000001,낮음
2023-07-31,서산시,0,85.5,74.6,114.6,0.0,,1,14.5,4.833333333333333,낮음
2023-07-31,서천군,0,83.3,64.7,128.7,0.0,,1,16.700000000000003,5.566666666666667,낮음
2023-07-31,아산시,0,88.9,82.2,108.1,0.0,,1,11.099999999999994,3.699999999999998,낮음
2023-07-31,예산군,0,81.2,62.9,129.0,0.0,,1,18.799999999999997,6.266666666666666,낮음
2023-07-31,천안시,0,86.6,76.6,113.0,0.0,,1,13.400000000000006,4.466666666666669,낮음
2023-07-31,청양군,0,89.5,68.4,130.8,0.0,,1,10.5,3.5,낮음
2023-07-31,태안군,0,83.2,79.2,105.0,0.0,,1,16.799999999999997,5.599999999999999,낮음
2023-07-31,홍성군,0,92.0,71.6,128.5,0.0,,1,8.0,2.6666666666666665,낮음
2023-08-01,계룡시,0,77.0,100.0,77.0,23.0,,2,23.0,15.333333333333334,낮음
2023-08-01,공주시,0,81.8,64.3,127.3,0.0,,2,18.200000000000003,6.066666666666667,낮음
2023-08-01,금산군,0,79.4,69.8,113.8,0.0,,2,20.599999999999994,6.8666666666666645,낮음
2023-08-01,논산시,0,78.0,64.8,120.5,0.0,,2,22.0,7.333333333333333,낮음
2023-08-01,당진시,0,78.8,80.3,98.2,1.7999999999999972,,2,21.200000000000003,7.666666666666667,낮음
2023-08-01,보령시,0,82.1,69.7,117.8,0.0,,2,17.900000000000006,5.966666666666669,낮음
2023-08-01,부여군,0,80.8,67.4,119.8,0.0,,2,19.200000000000003,6.400000000000001,낮음
2023-08-01,서산시,0,83.8,74.6,112.4,0.0,,2,16.200000000000003,5.400000000000001,낮음
2023-08-01,서천군,0,83.1,64.3,129.2,0.0,,2,16.900000000000006,5.6333333333333355,낮음
2023-08-01,아산시,0,85.5,82.1,104.1,0.0,,2,14.5,4.833333333333333,낮음
2023-08-01,예산군,0,79.9,62.5,127.7,0.0,,2,20.099999999999994,6.699999999999998,낮음
2023-08-01,천안시,0,86.2,76.7,112.5,0.0,,2,13.799999999999997,4.599999999999999,낮음
2023-08-01,청양군,0,88.8,68.2,130.1,0.0,,2,11.200000000000003,3.7333333333333343,낮음
2023-08-01,태안군,0,81.9,79.0,103.6,0.0,,2,18.099999999999994,6.033333333333331,낮음
2023-08-01,홍성군,0,91.0,71.2,127.9,0.0,,2,9.0,3.0,낮음
2023-08-02,계룡시,0,77.0,100.0,77.0,23.0,,1,23.0,15.333333333333334,낮음
2023-08-02,공주시,0,80.9,64.0,126.3,0.0,,1,19.099999999999994,6.3666666666666645,낮음
2023-08-02,금산군,0,78.7,69.7,113.0,0.0,,1,21.299999999999997,7.099999999999999,낮음
2023-08-02,논산시,0,78.0,64.3,121.4,0.0,,1,22.0,7.333333333333333,낮음
2023-08-02,당진시,0,78.9,80.3,98.3,1.7000000000000028,,1,21.099999999999994,7.599999999999999,낮음
2023-08-02,보령시,0,81.3,69.4,117.2,0.0,,1,18.700000000000003,6.233333333333334,낮음
2023-08-02,부여군,0,80.7,67.0,120.6,0.0,,1,19.299999999999997,6.433333333333333,낮음
2023-08-02,서산시,0,82.0,74.5,110.0,0.0,,1,18.0,6.0,낮음
2023-08-02,서천군,0,83.4,63.8,130.7,0.0,,1,16.599999999999994,5.533333333333331,낮음
2023-08-02,아산시,0,83.3,81.8,101.9,0.0,,1,16.700000000000003,5.566666666666667,낮음
2023-08-02,예산군,0,78.6,62.3,126.2,0.0,,1,21.400000000000006,7.1333333333333355,낮음
2023-08-02,천안시,0,85.6,76.6,111.7,0.0,,1,14.400000000000006,4.800000000000002,낮음
2023-08-02,청양군,0,88.1,68.0,129.4,0.0,,1,11.900000000000006,3.9666666666666686,낮음
2023-08-02,태안군,0,79.7,78.7,101.2,0.0,,1,20.299999999999997,6.766666666666666,낮음
2023-08-02,홍성군,0,90.1,70.8,127.2,0.0,,1,9.900000000000006,3.300000000000002,낮음
2023-08-03,계룡시,0,77.0,100.0,77.0,23.0,,1,23.0,15.333333333333334,낮음
2023-08-03,공주시,0,80.1,63.9,125.4,0.0,,1,19.900000000000006,6.6333333333333355,낮음
2023-08-03,금산군,0,78.3,69.7,112.3,0.0,,1,21.700000000000003,7.233333333333334,낮음
2023-08-03,논산시,0,77.3,63.8,121.2,0.0,,1,22.700000000000003,7.566666666666667,낮음
2023-08-03,당진시,0,78.3,80.4,97.3,2.700000000000003,,1,21.700000000000003,8.133333333333335,낮음
2023-08-03,보령시,0,80.5,68.9,116.8,0.0,,1,19.5,6.5,낮음
2023-08-03,부여군,0,80.8,66.5,121.4,0.0,,1,19.200000000000003,6.400000000000001,낮음
2023-08-03,서산시,0,80.0,74.4,107.6,0.0,,1,20.0,6.666666666666667,낮음
2023-08-03,서천군,0,83.1,63.3,131.2,0.0,,1,16.900000000000006,5.6333333333333355,낮음
2023-08-03,아산시,0,81.6,81.4,100.2,0.0,,1,18.400000000000006,6.1333333333333355,낮음
2023-08-03,예산군,0,76.3,61.9,123.3,0.0,,1,23.700000000000003,7.900000000000001,낮음
2023-08-03,천안시,0,84.2,76.5,110.1,0.0,,1,15.799999999999997,5.266666666666666,낮음
2023-08-03,청양군,0,87.1,67.9,128.2,0.0,,1,12.900000000000006,4.300000000000002,낮음
2023-08-03,태안군,0,77.2,78.4,98.4,1.5999999999999943,,1,22.799999999999997,8.133333333333331,낮음
2023-08-03,홍성군,0,88.2,70.3,125.5,0.0,,1,11.799999999999997,3.9333333333333322,낮음
2023-08-04,계룡시,0,77.0,100.0,77.0,23.0,,1,23.0,15.333333333333334,낮음
2023-08-04,공주시,0,78.8,63.7,123.6,0.0,,1,21.200000000000003,7.066666666666667,낮음
2023-08-04,금산군,0,77.8,69.7,111.7,0.0,,1,22.200000000000003,7.400000000000001,낮음
2023-08-04,논산시,0,76.6,63.4,120.7,0.0,,1,23.400000000000006,7.800000000000002,낮음
2023-08-04,당진시,0,77.4,80.6,96.1,3.9000000000000057,,1,22.599999999999994,8.833333333333334,낮음
2023-08-04,보령시,0,78.7,68.5,114.9,0.0,,1,21.299999999999997,7.099999999999999,낮음
2023-08-04,부여군,0,80.8,66.2,121.9,0.0,,1,19.200000000000003,6.400000000000001,낮음
2023-08-04,서산시,0,78.4,74.4,105.5,0.0,,1,21.599999999999994,7.199999999999998,낮음
2023-08-04,서천군,0,82.2,63.0,130.3,0.0,,1,17.799999999999997,5.933333333333333,낮음
2023-08-04,아산시,0,80.2,81.2,98.7,1.2999999999999972,,1,19.799999999999997,7.033333333333331,낮음
2023-08-04,예산군,0,74.8,61.5,121.6,0.0,,1,25.200000000000003,8.4,낮음
2023-08-04,천안시,0,83.1,76.5,108.6,0.0,,1,16.900000000000006,5.6333333333333355,낮음
2023-08-04,청양군,0,86.1,67.8,127.0,0.0,,1,13.900000000000006,4.6333333333333355,낮음
2023-08-04,태안군,0,74.8,78.2,95.6,4.400000000000006,,1,25.200000000000003,9.866666666666669,낮음
2023-08-04,홍성군,0,86.7,69.8,124.2,0.0,,1,13.299999999999997,4.433333333333333,낮음
2023-08-05,계룡시,0,77.0,100.0,77.0,23.0,,1,23.0,15.333333333333334,낮음
2023-08-05,공주시,0,78.8,63.7,123.7,0.0,,1,21.200000000000003,7.066666666666667,낮음
2023-08-05,금산군,0,77.8,69.6,111.8,0.0,,1,22.200000000000003,7.400000000000001,낮음
2023-08-05,논산시,0,76.6,63.2,121.1,0.0,,1,23.400000000000006,7.800000000000002,낮음
2023-08-05,당진시,0,77.4,80.8,95.8,4.200000000000003,,1,22.599999999999994,8.933333333333332,낮음
2023-08-05,보령시,0,78.7,68.1,115.5,0.0,,1,21.299999999999997,7.099999999999999,낮음
2023-08-05,부여군,0,80.8,66.0,122.4,0.0,,1,19.200000000000003,6.400000000000001,낮음
2023-08-05,서산시,0,78.4,74.3,105.6,0.0,,1,21.599999999999994,7.199999999999998,낮음
2023-08-05,서천군,0,82.2,62.7,131.0,0.0,,1,17.799999999999997,5.933333333333333,낮음
2023-08-05,아산시,0,80.2,81.2,98.7,1.2999999999999972,,1,19.799999999999997,7.033333333333331,낮음
2023-08-05,예산군,0,71.5,61.1,116.9,0.0,,1,28.5,9.5,낮음
2023-08-05,천안시,0,83.1,76.6,108.5,0.0,,1,16.900000000000006,5.6333333333333355,낮음
2023-08-05,청양군,0,84.9,67.5,125.8,0.0,,1,15.099999999999994,5.033333333333331,낮음
2023-08-05,태안군,0,74.8,78.0,95.8,4.200000000000003,,1,25.200000000000003,9.800000000000002,낮음
2023-08-05,홍성군,0,86.7,69.5,124.8,0.0,,1,13.299999999999997,4.433333333333333,낮음
2023-08-06,계룡시,0,77.0,100.0,77.0,23.0,,1,23.0,15.333333333333334,낮음
2023-08-06,공주시,0,78.8,63.6,124.0,0.0,,1,21.200000000000003,7.066666666666667,낮음
2023-08-06,금산군,0,77.8,69.5,111.9,0.0,,1,22.200000000000003,7.400000000000001,낮음
2023-08-06,논산시,0,76.6,63.1,121.4,0.0,,1,23.400000000000006,7.800000000000002,낮음
2023-08-06,당진시,0,77.4,81.0,95.6,4.400000000000006,,1,22.599999999999994,9.0,낮음
2023-08-06,보령시,0,78.7,67.7,116.4,0.0,,1,21.299999999999997,7.099999999999999,낮음
2023-08-06,부여군,0,80.8,65.7,123.0,0.0,,1,19.200000000000003,6.400000000000001,낮음
2023-08-06,서산시,0,78.4,74.1,105.9,0.0,,1,21.599999999999994,7.199999999999998,낮음
2023-08-06,서천군,0,82.2,62.4,131.6,0.0,,1,17.799999999999997,5.933333333333333,낮음
2023-08-06,아산시,0,80.2,81.1,98.8,1.2000000000000028,,1,19.799999999999997,7.0,낮음
2023-08-06,예산군,0,69.6,60.7,114.7,0.0,,1,30.400000000000006,10.133333333333335,낮음
2023-08-06,천안시,0,83.1,76.5,108.6,0.0,,1,16.900000000000006,5.6333333333333355,낮음
2023-08-06,청양군,0,84.9,67.2,126.4,0.0,,1,15.099999999999994,5.033333333333331,낮음
2023-08-06,태안군,0,74.8,77.9,96.0,4.0,,1,25.200000000000003,9.733333333333334,낮음
2023-08-06,홍성군,0,86.7,69.2,125.3,0.0,,1,13.299999999999997,4.433333333333333,낮음
2023-08-07,계룡시,0,77.0,100.0,77.0,23.0,,1,23.0,15.333333333333334,낮음
2023-08-07,공주시,0,77.5,63.5,122.1,0.0,,1,22.5,7.5,낮음
2023-08-07,금산군,0,76.3,69.2,110.3,0.0,,1,23.700000000000003,7.900000000000001,낮음
2023-08-07,논산시,0,75.4,62.9,119.9,0.0,,1,24.599999999999994,8.199999999999998,낮음
2023-08-07,당진시,0,75.3,81.1,92.8,7.200000000000003,,1,24.700000000000003,10.633333333333335,낮음
2023-08-07,보령시,0,74.3,67.2,110.6,0.0,,1,25.700000000000003,8.566666666666668,낮음
2023-08-07,부여군,0,79.1,65.5,120.8,0.0,,1,20.900000000000006,6.966666666666669,낮음
2023-08-07,서산시,0,73.6,73.7,99.8,0.20000000000000284,,1,26.400000000000006,8.866666666666669,낮음
2023-08-07,서천군,0,79.0,62.0,127.4,0.0,,1,21.0,7.0,낮음
2023-08-07,아산시,0,76.6,80.9,94.7,5.299999999999997,,1,23.400000000000006,9.566666666666668,낮음
2023-08-07,예산군,0,67.6,60.5,111.8,0.0,,1,32.400000000000006,10.800000000000002,낮음
2023-08-07,천안시,0,79.5,76.2,104.4,0.0,,1,20.5,6.833333333333333,낮음
2023-08-07,청양군,0,82.9,66.9,123.8,0.0,,1,17.099999999999994,5.699999999999998,낮음
2023-08-07,태안군,0,70.6,77.5,91.0,9.0,,1,29.400000000000006,12.800000000000002,낮음
2023-08-07,홍성군,0,80.6,68.6,117.5,0.0,,1,19.400000000000006,6.466666666666669,낮음
2023-08-08,계룡시,0,77.0,100.0,77.0,23.0,,1,23.0,15.333333333333334,낮음
2023-08-08,공주시,0,76.8,63.4,121.1,0.0,,1,23.200000000000003,7.733333333333334,낮음
2023-08-08,금산군,0,75.2,68.8,109.3,0.0,,1,24.799999999999997,8.266666666666666,낮음
2023-08-08,논산시,0,73.4,62.5,117.4,0.0,,1,26.599999999999994,8.866666666666665,낮음
2023-08-08,당진시,0,72.1,81.1,89.0,11.0,,1,27.900000000000006,12.966666666666669,낮음
2023-08-08,보령시,0,73.0,66.9,109.1,0.0,,1,27.0,9.0,낮음
2023-08-08,부여군,0,76.2,65.4,116.5,0.0,,1,23.799999999999997,7.933333333333333,낮음
2023-08-08,서산시,0,73.3,73.7,99.5,0.5,,1,26.700000000000003,9.066666666666668,낮음
2023-08-08,서천군,0,77.6,61.9,125.3,0.0,,1,22.400000000000006,7.466666666666669,낮음
2023-08-08,아산시,0,77.3,80.6,95.9,4.099999999999994,,1,22.700000000000003,8.933333333333332,낮음
2023-08-08,예산군,0,64.5,60.4,106.8,0.0,,1,35.5,11.833333333333334,낮음
2023-08-08,천안시,0,77.6,75.7,102.5,0.0,,1,22.400000000000006,7.466666666666669,낮음
2023-08-08,청양군,0,81.8,66.6,122.7,0.0,,1,18.200000000000003,6.066666666666667,낮음
2023-08-08,태안군,0,69.2,77.3,89.5,10.5,,1,30.799999999999997,13.766666666666666,낮음
2023-08-08,홍성군,0,79.6,68.2,116.8,0.0,,1,20.400000000000006,6.800000000000002,낮음
2023-08-09,계룡시,0,77.0,100.0,77.0,23.0,,1,23.0,15.333333333333334,낮음
2023-08-09,공주시,0,74.9,63.2,118.6,0.0,,1,25.099999999999994,8.366666666666665,낮음
2023-08-09,금산군,0,71.2,68.4,104.1,0.0,,1,28.799999999999997,9.6,낮음
2023-08-09,논산시,0,72.3,62.1,116.4,0.0,,1,27.700000000000003,9.233333333333334,낮음
2023-08-09,당진시,0,70.0,81.0,86.4,13.599999999999994,,1,30.0,14.533333333333331,낮음
2023-08-09,보령시,0,71.8,66.6,107.8,0.0,,1,28.200000000000003,9.4,낮음
2023-08-09,부여군,0,74.3,65.1,114.3,0.0,,1,25.700000000000003,8.566666666666668,낮음
2023-08-09,서산시,0,73.0,73.6,99.2,0.7999999999999972,,1,27.0,9.266666666666666,낮음
2023-08-09,서천군,0,74.4,61.6,120.8,0.0,,1,25.599999999999994,8.533333333333331,낮음
2023-08-09,아산시,0,76.4,80.1,95.4,4.599999999999994,,1,23.599999999999994,9.399999999999997,낮음
2023-08-09,예산군,0,62.8,60.2,104.4,0.0,,1,37.2,12.4,낮음
2023-08-09,천안시,0,77.0,75.4,102.0,0.0,,1,23.0,7.666666666666667,낮음
2023-08-09,청양군,0,80.5,66.2,121.6,0.0,,1,19.5,6.5,낮음
2023-08-09,태안군,0,68.1,77.1,88.3,11.700000000000003,,1,31.900000000000006,14.533333333333337,낮음
2023-08-09,홍성군,0,78.7,67.6,116.4,0.0,,1,21.299999999999997,7.099999999999999,낮음
2023-08-10,계룡시,0,77.0,100.0,77.0,23.0,,1,23.0,15.333333333333334,낮음
2023-08-10,공주시,0,90.4,63.8,141.8,0.0,,1,9.599999999999994,3.199999999999998,낮음
2023-08-10,금산군,0,73.6,68.2,107.8,0.0,,1,26.400000000000006,8.800000000000002,낮음
2023-08-10,논산시,0,68.5,61.7,111.0,0.0,,1,31.5,10.5,낮음
2023-08-10,당진시,0,75.4,81.0,93.1,6.900000000000006,,1,24.599999999999994,10.5,낮음
2023-08-10,보령시,0,72.8,66.6,109.3,0.0,,1,27.200000000000003,9.066666666666668,낮음
2023-08-10,부여군,0,78.0,65.7,118.8,0.0,,1,22.0,7.333333333333333,낮음
2023-08-10,서산시,0,73.2,73.5,99.6,0.4000000000000057,,1,26.799999999999997,9.066666666666668,낮음
2023-08-10,서천군,0,75.6,61.2,123.4,0.0,,1,24.400000000000006,8.133333333333335,낮음
2023-08-10,아산시,0,98.8,80.7,122.5,0.0,,1,1.2000000000000028,0.40000000000000097,낮음
2023-08-10,예산군,0,70.2,60.3,116.3,0.0,,1,29.799999999999997,9.933333333333332,낮음
2023-08-10,천안시,0,95.1,75.9,125.2,0.0,,1,4.900000000000006,1.6333333333333353,낮음
2023-08-10,청양군,0,80.7,66.1,122.2,0.0,,1,19.299999999999997,6.433333333333333,낮음
2023-08-10,태안군,0,67.9,77.1,88.1,11.900000000000006,,1,32.099999999999994,14.666666666666666,낮음
2023-08-10,홍성군,0,78.3,67.5,116.0,0.0,,1,21.700000000000003,7.233333333333334,낮음
2023-08-11,계룡시,0,77.0,100.0,77.0,23.0,,1,23.0,15.333333333333334,낮음
2023-08-11,공주시,0,91.3,64.0,142.8,0.0,,1,8.700000000000003,2.900000000000001,낮음
2023-08-11,금산군,0,93.4,69.0,135.3,0.0,,1,6.599999999999994,2.199999999999998,낮음
2023-08-11,논산시,0,64.8,61.5,105.4,0.0,,1,35.2,11.733333333333334,낮음
2023-08-11,당진시,0,86.8,81.1,107.1,0.0,,1,13.200000000000003,4.400000000000001,낮음
2023-08-11,보령시,0,77.1,66.7,115.5,0.0,,1,22.900000000000006,7.6333333333333355,낮음
2023-08-11,부여군,0,79.6,65.7,121.1,0.0,,1,20.400000000000006,6.800000000000002,낮음
2023-08-11,서산시,0,77.6,73.6,105.4,0.0,,1,22.400000000000006,7.466666666666669,낮음
2023-08-11,서천군,0,81.9,61.6,132.9,0.0,,1,18.099999999999994,6.033333333333331,낮음
2023-08-11,아산시,0,97.1,80.6,120.5,0.0,,1,2.9000000000000057,0.9666666666666686,낮음
2023-08-11,예산군,0,72.4,60.5,119.8,0.0,,1,27.599999999999994,9.199999999999998,낮음
2023-08-11,천안시,0,94.8,75.9,124.9,0.0,,1,5.200000000000003,1.7333333333333343,낮음
2023-08-11,청양군,0,90.5,67.6,133.9,0.0,,1,9.5,3.1666666666666665,낮음
2023-08-11,태안군,0,72.1,77.3,93.3,6.700000000000003,,1,27.900000000000006,11.533333333333337,낮음
2023-08-11,홍성군,0,85.4,67.8,125.9,0.0,,1,14.599999999999994,4.8666666666666645,낮음
2023-08-12,계룡시,0,77.0,100.0,77.0,23.0,,1,23.0,15.333333333333334,낮음
2023-08-12,공주시,0,91.3,64.0,142.7,0.0,,1,8.700000000000003,2.900000000000001,낮음
2023-08-12,금산군,0,93.4,69.4,134.6,0.0,,1,6.599999999999994,2.199999999999998,낮음
2023-08-12,논산시,0,64.8,61.8,104.8,0.0,,1,35.2,11.733333333333334,낮음
2023-08-12,당진시,0,86.8,81.0,107.2,0.0,,1,13.200000000000003,4.400000000000001,낮음
2023-08-12,보령시,0,77.1,66.4,116.1,0.0,,1,22.900000000000006,7.6333333333333355,낮음
2023-08-12,부여군,0,79.6,65.6,121.2,0.0,,1,20.400000000000006,6.800000000000002,낮음
2023-08-12,서산시,0,77.6,73.7,105.3,0.0,,1,22.400000000000006,7.466666666666669,낮음
2023-08-12,서천군,0,81.9,61.9,132.3,0.0,,1,18.099999999999994,6.033333333333331,낮음
2023-08-12,아산시,0,97.1,80.5,120.6,0.0,,1,2.9000000000000057,0.9666666666666686,낮음
2023-08-12,예산군,0,72.4,60.4,119.9,0.0,,1,27.599999999999994,9.199999999999998,낮음
2023-08-12,천안시,0,94.8,75.8,125.0,0.0,,1,5.200000000000003,1.7333333333333343,낮음
2023-08-12,청양군,0,90.5,68.4,132.4,0.0,,1,9.5,3.1666666666666665,낮음
2023-08-12,태안군,0,72.1,77.3,93.2,6.799999999999997,,1,27.900000000000006,11.566666666666668,낮음
2023-08-12,홍성군,0,85.4,68.0,125.6,0.0,,1,14.599999999999994,4.8666666666666645,낮음
2023-08-13,계룡시,0,77.0,100.0,77.0,23.0,,1,23.0,15.333333333333334,낮음
2023-08-13,공주시,0,91.3,64.0,142.7,0.0,,1,8.700000000000003,2.900000000000001,낮음
2023-08-13,금산군,0,93.4,69.5,134.4,0.0,,1,6.599999999999994,2.199999999999998,낮음
2023-08-13,논산시,0,64.8,62.0,104.5,0.0,,1,35.2,11.733333333333334,낮음
2023-08-13,당진시,0,86.8,80.9,107.3,0.0,,1,13.200000000000003,4.400000000000001,낮음
2023-08-13,보령시,0,77.1,66.1,116.7,0.0,,1,22.900000000000006,7.6333333333333355,낮음
2023-08-13,부여군,0,79.6,65.8,121.0,0.0,,1,20.400000000000006,6.800000000000002,낮음
2023-08-13,서산시,0,77.6,74.0,104.9,0.0,,1,22.400000000000006,7.466666666666669,낮음
2023-08-13,서천군,0,81.9,62.1,132.0,0.0,,1,18.099999999999994,6.033333333333331,낮음
2023-08-13,아산시,0,97.1,80.4,120.8,0.0,,1,2.9000000000000057,0.9666666666666686,낮음
2023-08-13,예산군,0,72.4,60.4,119.9,0.0,,1,27.599999999999994,9.199999999999998,낮음
2023-08-13,천안시,0,94.8,75.9,124.8,0.0,,1,5.200000000000003,1.7333333333333343,낮음
2023-08-13,청양군,0,90.5,68.5,132.2,0.0,,1,9.5,3.1666666666666665,낮음
2023-08-13,태안군,0,72.1,77.4,93.1,6.900000000000006,,1,27.900000000000006,11.600000000000003,낮음
2023-08-13,홍성군,0,85.4,68.3,125.1,0.0,,1,14.599999999999994,4.8666666666666645,낮음
2023-08-14,계룡시,0,77.0,100.0,77.0,23.0,,1,23.0,15.333333333333334,낮음
2023-08-14,공주시,0,88.3,64.2,137.6,0.0,,1,11.700000000000003,3.900000000000001,낮음
2023-08-14,금산군,0,83.7,69.4,120.6,0.0,,1,16.299999999999997,5.433333333333333,낮음
2023-08-14,논산시,0,77.4,62.4,124.1,0.0,,1,22.599999999999994,7.533333333333331,낮음
2023-08-14,당진시,0,76.5,80.7,94.7,5.299999999999997,,1,23.5,9.6,낮음
2023-08-14,보령시,0,81.0,66.3,122.3,0.0,,1,19.0,6.333333333333333,낮음
2023-08-14,부여군,0,83.8,65.6,127.8,0.0,,1,16.200000000000003,5.400000000000001,낮음
2023-08-14,서산시,0,81.6,74.4,109.7,0.0,,1,18.400000000000006,6.1333333333333355,낮음
2023-08-14,서천군,0,83.8,62.4,134.4,0.0,,1,16.200000000000003,5.400000000000001,낮음
2023-08-14,아산시,0,94.3,80.3,117.4,0.0,,1,5.700000000000003,1.900000000000001,낮음
2023-08-14,예산군,0,76.7,61.0,125.8,0.0,,1,23.299999999999997,7.766666666666666,낮음
2023-08-14,천안시,0,91.1,76.0,119.8,0.0,,1,8.900000000000006,2.9666666666666686,낮음
2023-08-14,청양군,0,93.4,69.2,134.9,0.0,,1,6.599999999999994,2.199999999999998,낮음
2023-08-14,태안군,0,74.2,77.7,95.5,4.5,,1,25.799999999999997,10.1,낮음
2023-08-14,홍성군,0,87.5,68.9,127.0,0.0,,1,12.5,4.166666666666667,낮음
2023-08-15,계룡시,0,77.0,100.0,77.0,23.0,,1,23.0,15.333333333333334,낮음
2023-08-15,공주시,0,88.3,64.6,136.8,0.0,,1,11.700000000000003,3.900000000000001,낮음
2023-08-15,금산군,0,83.7,69.7,120.2,0.0,,1,16.299999999999997,5.433333333333333,낮음
2023-08-15,논산시,0,77.4,62.4,124.0,0.0,,1,22.599999999999994,7.533333333333331,낮음
2023-08-15,당진시,0,76.5,80.7,94.7,5.299999999999997,,1,23.5,9.6,낮음
2023-08-15,보령시,0,81.0,66.4,122.0,0.0,,1,19.0,6.333333333333333,낮음
2023-08-15,부여군,0,83.8,65.9,127.2,0.0,,1,16.200000000000003,5.400000000000001,낮음
2023-08-15,서산시,0,81.6,74.7,109.3,0.0,,1,18.400000000000006,6.1333333333333355,낮음
2023-08-15,서천군,0,83.8,62.8,133.5,0.0,,1,16.200000000000003,5.400000000000001,낮음
2023-08-15,아산시,0,94.3,80.4,117.2,0.0,,1,5.700000000000003,1.900000000000001,낮음
2023-08-15,예산군,0,76.1,61.2,124.4,0.0,,1,23.900000000000006,7.966666666666669,낮음
2023-08-15,천안시,0,91.1,76.3,119.5,0.0,,1,8.900000000000006,2.9666666666666686,낮음
2023-08-15,청양군,0,93.4,69.8,133.8,0.0,,1,6.599999999999994,2.199999999999998,낮음
2023-08-15,태안군,0,74.2,77.8,95.3,4.700000000000003,,1,25.799999999999997,10.166666666666666,낮음
2023-08-15,홍성군,0,87.5,69.5,125.9,0.0,,1,12.5,4.166666666666667,낮음
2023-08-16,계룡시,0,77.0,100.0,77.0,23.0,,1,23.0,15.333333333333334,낮음
2023-08-16,공주시,0,84.1,64.8,129.9,0.0,,1,15.900000000000006,5.300000000000002,낮음
2023-08-16,금산군,0,83.3,69.8,119.4,0.0,,1,16.700000000000003,5.566666666666667,낮음
2023-08-16,논산시,0,79.0,62.6,126.3,0.0,,1,21.0,7.0,낮음
2023-08-16,당진시,0,75.4,80.4,93.8,6.200000000000003,,1,24.599999999999994,10.266666666666666,낮음
2023-08-16,보령시,0,79.4,67.5,117.6,0.0,,1,20.599999999999994,6.8666666666666645,낮음
2023-08-16,부여군,0,84.5,66.3,127.5,0.0,,1,15.5,5.166666666666667,낮음
2023-08-16,서산시,0,81.2,75.0,108.3,0.0,,1,18.799999999999997,6.266666666666666,낮음
2023-08-16,서천군,0,82.6,63.5,130.1,0.0,,1,17.400000000000006,5.800000000000002,낮음
2023-08-16,아산시,0,93.6,80.6,116.2,0.0,,1,6.400000000000006,2.133333333333335,낮음
2023-08-16,예산군,0,75.1,61.1,122.9,0.0,,1,24.900000000000006,8.300000000000002,낮음
2023-08-16,천안시,0,90.2,76.4,118.2,0.0,,1,9.799999999999997,3.2666666666666657,낮음
2023-08-16,청양군,0,92.0,70.1,131.2,0.0,,1,8.0,2.6666666666666665,낮음
2023-08-16,태안군,0,73.1,77.9,93.8,6.200000000000003,,1,26.900000000000006,11.033333333333337,낮음
2023-08-16,홍성군,0,86.0,69.8,123.2,0.0,,1,14.0,4.666666666666667,낮음
2023-08-17,계룡시,0,77.0,100.0,77.0,23.0,,1,23.0,15.333333333333334,낮음
2023-08-17,공주시,0,82.8,64.7,127.9,0.0,,1,17.200000000000003,5.733333333333334,낮음
2023-08-17,금산군,0,82.9,69.8,118.9,0.0,,1,17.099999999999994,5.699999999999998,낮음
2023-08-17,논산시,0,78.7,62.6,125.6,0.0,,1,21.299999999999997,7.099999999999999,낮음
2023-08-17,당진시,0,76.4,79.9,95.7,4.299999999999997,,1,23.599999999999994,9.299999999999997,낮음
2023-08-17,보령시,0,78.3,68.4,114.5,0.0,,1,21.700000000000003,7.233333333333334,낮음
2023-08-17,부여군,0,83.3,66.4,125.5,0.0,,1,16.700000000000003,5.566666666666667,낮음
2023-08-17,서산시,0,79.7,75.1,106.0,0.0,,1,20.299999999999997,6.766666666666666,낮음
2023-08-17,서천군,0,82.0,64.3,127.5,0.0,,1,18.0,6.0,낮음
2023-08-17,아산시,0,92.5,80.6,114.8,0.0,,1,7.5,2.5,낮음
2023-08-17,예산군,0,73.5,61.0,120.5,0.0,,1,26.5,8.833333333333334,낮음
2023-08-17,천안시,0,90.2,76.3,118.3,0.0,,1,9.799999999999997,3.2666666666666657,낮음
2023-08-17,청양군,0,91.0,70.0,130.0,0.0,,1,9.0,3.0,낮음
2023-08-17,태안군,0,72.3,77.8,92.9,7.099999999999994,,1,27.700000000000003,11.6,낮음
2023-08-17,홍성군,0,84.6,69.7,121.3,0.0,,1,15.400000000000006,5.1333333333333355,낮음
2023-08-18,계룡시,0,77.0,100.0,77.0,23.0,,1,23.0,15.333333333333334,낮음
2023-08-18,공주시,0,81.1,64.6,125.5,0.0,,1,18.900000000000006,6.300000000000002,낮음
2023-08-18,금산군,0,82.8,70.0,118.3,0.0,,1,17.200000000000003,5.733333333333334,낮음
2023-08-18,논산시,0,77.6,62.6,123.9,0.0,,1,22.400000000000006,7.466666666666669,낮음
2023-08-18,당진시,0,77.1,79.5,97.0,3.0,,1,22.900000000000006,8.633333333333335,낮음
2023-08-18,보령시,0,77.3,68.5,112.8,0.0,,1,22.700000000000003,7.566666666666667,낮음
2023-08-18,부여군,0,82.0,66.4,123.5,0.0,,1,18.0,6.0,낮음
2023-08-18,서산시,0,77.9,75.3,103.5,0.0,,1,22.099999999999994,7.3666666666666645,낮음
2023-08-18,서천군,0,81.0,64.8,125.0,0.0,,1,19.0,6.333333333333333,낮음
2023-08-18,아산시,0,91.2,80.4,113.3,0.0,,1,8.799999999999997,2.9333333333333322,낮음
2023-08-18,예산군,0,72.2,60.8,118.8,0.0,,1,27.799999999999997,9.266666666666666,낮음
2023-08-18,천안시,0,89.4,76.0,117.6,0.0,,1,10.599999999999994,3.5333333333333314,낮음
2023-08-18,청양군,0,90.2,69.8,129.2,0.0,,1,9.799999999999997,3.2666666666666657,낮음
2023-08-18,태안군,0,70.8,77.5,91.3,8.700000000000003,,1,29.200000000000003,12.633333333333335,낮음
2023-08-18,홍성군,0,82.8,69.6,118.9,0.0,,1,17.200000000000003,5.733333333333334,낮음
2023-08-19,계룡시,0,77.0,100.0,77.0,23.0,,1,23.0,15.333333333333334,낮음
2023-08-19,공주시,0,81.1,64.7,125.3,0.0,,1,18.900000000000006,6.300000000000002,낮음
2023-08-19,금산군,0,82.8,70.3,117.8,0.0,,1,17.200000000000003,5.733333333333334,낮음
2023-08-19,논산시,0,77.6,62.8,123.5,0.0,,1,22.400000000000006,7.466666666666669,낮음
2023-08-19,당진시,0,77.1,79.3,97.2,2.799999999999997,,1,22.900000000000006,8.566666666666668,낮음
2023-08-19,보령시,0,77.3,68.6,112.7,0.0,,1,22.700000000000003,7.566666666666667,낮음
2023-08-19,부여군,0,82.0,66.5,123.4,0.0,,1,18.0,6.0,낮음
2023-08-19,서산시,0,77.9,75.3,103.5,0.0,,1,22.099999999999994,7.3666666666666645,낮음
2023-08-19,서천군,0,81.0,65.1,124.3,0.0,,1,19.0,6.333333333333333,낮음
2023-08-19,아산시,0,91.2,80.5,113.2,0.0,,1,8.799999999999997,2.9333333333333322,낮음
2023-08-19,예산군,0,72.2,60.8,118.9,0.0,,1,27.799999999999997,9.266666666666666,낮음
2023-08-19,천안시,0,89.4,75.8,118.0,0.0,,1,10.599999999999994,3.5333333333333314,낮음
2023-08-19,청양군,0,90.2,69.7,129.4,0.0,,1,9.799999999999997,3.2666666666666657,낮음
2023-08-19,태안군,0,70.8,77.3,91.5,8.5,,1,29.200000000000003,12.566666666666668,낮음
2023-08-19,홍성군,0,82.8,69.7,118.8,0.0,,1,17.200000000000003,5.733333333333334,낮음
2023-08-20,계룡시,0,77.0,100.0,77.0,23.0,,1,23.0,15.333333333333334,낮음
2023-08-20,공주시,0,81.1,64.7,125.3,0.0,,1,18.900000000000006,6.300000000000002,낮음
2023-08-20,금산군,0,82.8,70.6,117.3,0.0,,1,17.200000000000003,5.733333333333334,낮음
2023-08-20,논산시,0,77.6,63.0,123.1,0.0,,1,22.400000000000006,7.466666666666669,낮음
2023-08-20,당진시,0,77.1,79.3,97.2,2.799999999999997,,1,22.900000000000006,8.566666666666668,낮음
2023-08-20,보령시,0,77.3,68.5,112.8,0.0,,1,22.700000000000003,7.566666666666667,낮음
2023-08-20,부여군,0,82.0,66.5,123.2,0.0,,1,18.0,6.0,낮음
2023-08-20,서산시,0,77.9,75.3,103.5,0.0,,1,22.099999999999994,7.3666666666666645,낮음
2023-08-20,서천군,0,81.0,65.4,123.9,0.0,,1,19.0,6.333333333333333,낮음
2023-08-20,아산시,0,91.2,80.5,113.2,0.0,,1,8.799999999999997,2.9333333333333322,낮음
2023-08-20,예산군,0,72.2,60.7,119.0,0.0,,1,27.799999999999997,9.266666666666666,낮음
2023-08-20,천안시,0,89.4,75.6,118.2,0.0,,1,10.599999999999994,3.5333333333333314,낮음
2023-08-20,청양군,0,90.2,69.7,129.5,0.0,,1,9.799999999999997,3.2666666666666657,낮음
2023-08-20,태안군,0,70.8,77.4,91.4,8.599999999999994,,1,29.200000000000003,12.6,낮음
2023-08-20,홍성군,0,82.8,69.9,118.5,0.0,,1,17.200000000000003,5.733333333333334,낮음
2023-08-21,계룡시,0,77.0,100.0,77.0,23.0,,1,23.0,15.333333333333334,낮음
2023-08-21,공주시,0,77.8,64.5,120.6,0.0,,1,22.200000000000003,7.400000000000001,낮음
2023-08-21,금산군,0,82.1,70.9,115.8,0.0,,1,17.900000000000006,5.966666666666669,낮음
2023-08-21,논산시,0,75.3,62.9,119.7,0.0,,1,24.700000000000003,8.233333333333334,낮음
2023-08-21,당진시,0,77.4,79.2,97.7,2.299999999999997,,1,22.599999999999994,8.299999999999997,낮음
2023-08-21,보령시,0,73.4,68.5,107.2,0.0,,1,26.599999999999994,8.866666666666665,낮음
2023-08-21,부여군,0,79.3,66.5,119.2,0.0,,1,20.700000000000003,6.900000000000001,낮음
2023-08-21,서산시,0,73.9,75.2,98.3,1.7000000000000028,,1,26.099999999999994,9.266666666666666,낮음
2023-08-21,서천군,0,76.4,65.4,116.9,0.0,,1,23.599999999999994,7.8666666666666645,낮음
2023-08-21,아산시,0,87.4,80.3,108.7,0.0,,1,12.599999999999994,4.199999999999998,낮음
2023-08-21,예산군,0,68.8,60.7,113.5,0.0,,1,31.200000000000003,10.4,낮음
2023-08-21,천안시,0,87.8,75.5,116.2,0.0,,1,12.200000000000003,4.066666666666667,낮음
2023-08-21,청양군,0,87.5,69.6,125.8,0.0,,1,12.5,4.166666666666667,낮음
2023-08-21,태안군,0,66.1,77.6,85.2,14.799999999999997,,1,33.900000000000006,16.233333333333334,낮음
2023-08-21,홍성군,0,77.2,69.8,110.6,0.0,,1,22.799999999999997,7.599999999999999,낮음
2023-08-22,계룡시,0,77.0,100.0,77.0,23.0,,1,23.0,15.333333333333334,낮음
2023-08-22,공주시,0,76.8,64.5,119.0,0.0,,1,23.200000000000003,7.733333333333334,낮음
2023-08-22,금산군,0,80.2,71.0,113.1,0.0,,1,19.799999999999997,6.599999999999999,낮음
2023-08-22,논산시,0,73.8,62.8,117.4,0.0,,1,26.200000000000003,8.733333333333334,낮음
2023-08-22,당진시,0,76.9,79.0,97.3,2.700000000000003,,1,23.099999999999994,8.6,낮음
2023-08-22,보령시,0,72.0,68.6,105.1,0.0,,1,28.0,9.333333333333334,낮음
2023-08-22,부여군,0,78.3,66.5,117.7,0.0,,1,21.700000000000003,7.233333333333334,낮음
2023-08-22,서산시,0,73.5,75.3,97.6,2.4000000000000057,,1,26.5,9.633333333333335,낮음
2023-08-22,서천군,0,74.6,65.4,114.2,0.0,,1,25.400000000000006,8.466666666666669,낮음
2023-08-22,아산시,0,85.5,80.3,106.5,0.0,,1,14.5,4.833333333333333,낮음
2023-08-22,예산군,0,67.7,60.7,111.4,0.0,,1,32.3,10.766666666666666,낮음
2023-08-22,천안시,0,86.7,75.5,114.8,0.0,,1,13.299999999999997,4.433333333333333,낮음
2023-08-22,청양군,0,86.6,69.7,124.2,0.0,,1,13.400000000000006,4.466666666666669,낮음
2023-08-22,태안군,0,65.9,77.8,84.7,15.299999999999997,,1,34.099999999999994,16.466666666666665,낮음
2023-08-22,홍성군,0,76.2,69.6,109.5,0.0,,1,23.799999999999997,7.933333333333333,낮음
2023-08-23,계룡시,0,77.0,100.0,77.0,23.0,,1,23.0,15.333333333333334,낮음
2023-08-23,공주시,0,78.4,64.6,121.5,0.0,,1,21.599999999999994,7.199999999999998,낮음
2023-08-23,금산군,0,78.6,71.1,110.6,0.0,,1,21.400000000000006,7.1333333333333355,낮음
2023-08-23,논산시,0,75.0,63.0,119.0,0.0,,1,25.0,8.333333333333334,낮음
2023-08-23,당진시,0,80.2,78.9,101.7,0.0,,1,19.799999999999997,6.599999999999999,낮음
2023-08-23,보령시,0,72.3,68.5,105.5,0.0,,1,27.700000000000003,9.233333333333334,낮음
2023-08-23,부여군,0,80.9,66.8,121.0,0.0,,1,19.099999999999994,6.3666666666666645,낮음
2023-08-23,서산시,0,73.9,75.3,98.2,1.7999999999999972,,1,26.099999999999994,9.299999999999997,낮음
2023-08-23,서천군,0,74.8,65.3,114.5,0.0,,1,25.200000000000003,8.4,낮음
2023-08-23,아산시,0,85.2,80.0,106.6,0.0,,1,14.799999999999997,4.933333333333333,낮음
2023-08-23,예산군,0,69.3,60.8,114.0,0.0,,1,30.700000000000003,10.233333333333334,낮음
2023-08-23,천안시,0,86.4,75.5,114.5,0.0,,1,13.599999999999994,4.533333333333331,낮음
2023-08-23,청양군,0,86.7,69.9,124.0,0.0,,1,13.299999999999997,4.433333333333333,낮음
2023-08-23,태안군,0,66.1,78.0,84.7,15.299999999999997,,1,33.900000000000006,16.400000000000002,낮음
2023-08-23,홍성군,0,76.3,69.4,109.9,0.0,,1,23.700000000000003,7.900000000000001,낮음
2023-08-24,계룡시,0,77.0,100.0,77.0,23.0,,1,23.0,15.333333333333334,낮음
2023-08-24,공주시,0,80.2,64.7,123.8,0.0,,1,19.799999999999997,6.599999999999999,낮음
2023-08-24,금산군,0,78.1,71.5,109.2,0.0,,1,21.900000000000006,7.300000000000002,낮음
2023-08-24,논산시,0,75.1,63.2,118.7,0.0,,1,24.900000000000006,8.300000000000002,낮음
2023-08-24,당진시,0,84.5,78.8,107.2,0.0,,1,15.5,5.166666666666667,낮음
2023-08-24,보령시,0,73.5,68.4,107.5,0.0,,1,26.5,8.833333333333334,낮음
2023-08-24,부여군,0,81.6,67.0,121.8,0.0,,1,18.400000000000006,6.1333333333333355,낮음
2023-08-24,서산시,0,79.8,75.4,105.8,0.0,,1,20.200000000000003,6.733333333333334,낮음
2023-08-24,서천군,0,75.6,65.2,115.9,0.0,,1,24.400000000000006,8.133333333333335,낮음
2023-08-24,아산시,0,86.7,79.7,108.8,0.0,,1,13.299999999999997,4.433333333333333,낮음
2023-08-24,예산군,0,68.0,60.7,112.0,0.0,,1,32.0,10.666666666666666,낮음
2023-08-24,천안시,0,88.6,75.5,117.3,0.0,,1,11.400000000000006,3.800000000000002,낮음
2023-08-24,청양군,0,86.4,70.3,122.9,0.0,,1,13.599999999999994,4.533333333333331,낮음
2023-08-24,태안군,0,76.7,78.5,97.7,2.299999999999997,,1,23.299999999999997,8.533333333333331,낮음
2023-08-24,홍성군,0,79.7,69.6,114.6,0.0,,1,20.299999999999997,6.766666666666666,낮음
2023-08-25,계룡시,0,77.0,100.0,77.0,23.0,,1,23.0,15.333333333333334,낮음
2023-08-25,공주시,0,80.5,64.9,124.1,0.0,,1,19.5,6.5,낮음
2023-08-25,금산군,0,77.8,72.1,108.0,0.0,,1,22.200000000000003,7.400000000000001,낮음
2023-08-25,논산시,0,74.3,63.6,116.8,0.0,,1,25.700000000000003,8.566666666666668,낮음
2023-08-25,당진시,0,81.5,78.6,103.8,0.0,,1,18.5,6.166666666666667,낮음
2023-08-25,보령시,0,74.1,68.4,108.4,0.0,,1,25.900000000000006,8.633333333333335,낮음
2023-08-25,부여군,0,81.0,66.9,121.1,0.0,,1,19.0,6.333333333333333,낮음
2023-08-25,서산시,0,80.5,75.5,106.7,0.0,,1,19.5,6.5,낮음
2023-08-25,서천군,0,75.3,65.1,115.7,0.0,,1,24.700000000000003,8.233333333333334,낮음
2023-08-25,아산시,0,88.9,79.5,111.8,0.0,,1,11.099999999999994,3.699999999999998,낮음
2023-08-25,예산군,0,69.3,61.0,113.6,0.0,,1,30.700000000000003,10.233333333333334,낮음
2023-08-25,천안시,0,91.8,75.5,121.5,0.0,,1,8.200000000000003,2.7333333333333343,낮음
2023-08-25,청양군,0,86.5,70.8,122.3,0.0,,1,13.5,4.5,낮음
2023-08-25,태안군,0,79.0,78.8,100.2,0.0,,1,21.0,7.0,낮음
2023-08-25,홍성군,0,79.7,69.7,114.3,0.0,,1,20.299999999999997,6.766666666666666,낮음
2023-08-26,계룡시,0,77.0,100.0,77.0,23.0,,1,23.0,15.333333333333334,낮음
2023-08-26,공주시,0,80.5,64.9,124.0,0.0,,1,19.5,6.5,낮음
2023-08-26,금산군,0,77.8,72.5,107.4,0.0,,1,22.200000000000003,7.400000000000001,낮음
2023-08-26,논산시,0,74.3,64.2,115.8,0.0,,1,25.700000000000003,8.566666666666668,낮음
2023-08-26,당진시,0,81.5,78.6,103.8,0.0,,1,18.5,6.166666666666667,낮음
2023-08-26,보령시,0,74.1,68.5,108.2,0.0,,1,25.900000000000006,8.633333333333335,낮음
2023-08-26,부여군,0,81.0,67.1,120.7,0.0,,1,19.0,6.333333333333333,낮음
2023-08-26,서산시,0,80.5,75.5,106.7,0.0,,1,19.5,6.5,낮음
2023-08-26,서천군,0,75.3,65.1,115.7,0.0,,1,24.700000000000003,8.233333333333334,낮음
2023-08-26,아산시,0,88.9,79.3,112.2,0.0,,1,11.099999999999994,3.699999999999998,낮음
2023-08-26,예산군,0,69.3,61.1,113.4,0.0,,1,30.700000000000003,10.233333333333334,낮음
2023-08-26,천안시,0,91.8,75.5,121.6,0.0,,1,8.200000000000003,2.7333333333333343,낮음
2023-08-26,청양군,0,86.5,71.1,121.6,0.0,,1,13.5,4.5,낮음
2023-08-26,태안군,0,79.0,79.0,100.0,0.0,,1,21.0,7.0,낮음
2023-08-26,홍성군,0,79.7,69.7,114.4,0.0,,1,20.299999999999997,6.766666666666666,낮음
2023-08-27,계룡시,0,77.0,100.0,77.0,23.0,,1,23.0,15.333333333333334,낮음
2023-08-27,공주시,0,80.5,65.0,123.9,0.0,,1,19.5,6.5,낮음
2023-08-27,금산군,0,77.8,72.8,107.0,0.0,,1,22.200000000000003,7.400000000000001,낮음
2023-08-27,논산시,0,74.3,64.6,114.9,0.0,,1,25.700000000000003,8.566666666666668,낮음
2023-08-27,당진시,0,81.5,78.7,103.7,0.0,,1,18.5,6.166666666666667,낮음
2023-08-27,보령시,0,74.1,68.5,108.1,0.0,,1,25.900000000000006,8.633333333333335,낮음
2023-08-27,부여군,0,81.0,67.4,120.2,0.0,,1,19.0,6.333333333333333,낮음
2023-08-27,서산시,0,80.5,75.4,106.8,0.0,,1,19.5,6.5,낮음
2023-08-27,서천군,0,75.3,65.3,115.4,0.0,,1,24.700000000000003,8.233333333333334,낮음
2023-08-27,아산시,0,88.9,79.1,112.4,0.0,,1,11.099999999999994,3.699999999999998,낮음
2023-08-27,예산군,0,69.3,61.1,113.4,0.0,,1,30.700000000000003,10.233333333333334,낮음
2023-08-27,천안시,0,91.8,75.6,121.3,0.0,,1,8.200000000000003,2.7333333333333343,낮음
2023-08-27,청양군,0,86.5,71.4,121.2,0.0,,1,13.5,4.5,낮음
2023-08-27,태안군,0,79.0,79.2,99.7,0.29999999999999716,,1,21.0,7.099999999999999,낮음
2023-08-27,홍성군,0,79.7,69.8,114.1,0.0,,1,20.299999999999997,6.766666666666666,낮음
2023-08-28,계룡시,0,77.0,100.0,77.0,23.0,,1,23.0,15.333333333333334,낮음
2023-08-28,공주시,0,78.7,65.1,120.8,0.0,,1,21.299999999999997,7.099999999999999,낮음
2023-08-28,금산군,0,76.2,72.8,104.7,0.0,,1,23.799999999999997,7.933333333333333,낮음
2023-08-28,논산시,0,69.2,64.6,107.1,0.0,,1,30.799999999999997,10.266666666666666,낮음
2023-08-28,당진시,0,80.0,78.8,101.6,0.0,,1,20.0,6.666666666666667,낮음
2023-08-28,보령시,0,72.6,68.7,105.7,0.0,,1,27.400000000000006,9.133333333333335,낮음
2023-08-28,부여군,0,79.8,67.7,117.9,0.0,,1,20.200000000000003,6.733333333333334,낮음
2023-08-28,서산시,0,81.5,75.5,107.9,0.0,,1,18.5,6.166666666666667,낮음
2023-08-28,서천군,0,74.5,65.4,113.9,0.0,,1,25.5,8.5,낮음
2023-08-28,아산시,0,90.6,79.4,114.1,0.0,,1,9.400000000000006,3.133333333333335,낮음
2023-08-28,예산군,0,71.1,61.4,115.7,0.0,,1,28.900000000000006,9.633333333333335,낮음
2023-08-28,천안시,0,91.8,76.0,120.7,0.0,,1,8.200000000000003,2.7333333333333343,낮음
2023-08-28,청양군,0,85.4,71.5,119.6,0.0,,1,14.599999999999994,4.8666666666666645,낮음
2023-08-28,태안군,0,78.4,79.6,98.5,1.5,,1,21.599999999999994,7.699999999999998,낮음
2023-08-28,홍성군,0,79.0,70.2,112.5,0.0,,1,21.0,7.0,낮음
2023-08-29,계룡시,0,77.0,100.0,77.0,23.0,,1,23.0,15.333333333333334,낮음
2023-08-29,공주시,0,78.3,65.4,119.7,0.0,,1,21.700000000000003,7.233333333333334,낮음
2023-08-29,금산군,0,75.6,72.7,104.0,0.0,,1,24.400000000000006,8.133333333333335,낮음
2023-08-29,논산시,0,67.5,64.8,104.1,0.0,,1,32.5,10.833333333333334,낮음
2023-08-29,당진시,0,77.8,78.9,98.7,1.2999999999999972,,1,22.200000000000003,7.833333333333333,낮음
2023-08-29,보령시,0,72.1,68.8,104.7,0.0,,1,27.900000000000006,9.300000000000002,낮음
2023-08-29,부여군,0,79.8,67.9,117.5,0.0,,1,20.200000000000003,6.733333333333334,낮음
2023-08-29,서산시,0,82.1,75.6,108.6,0.0,,1,17.900000000000006,5.966666666666669,낮음
2023-08-29,서천군,0,74.6,65.5,113.9,0.0,,1,25.400000000000006,8.466666666666669,낮음
2023-08-29,아산시,0,90.9,79.7,114.0,0.0,,1,9.099999999999994,3.0333333333333314,낮음
2023-08-29,예산군,0,72.2,61.7,117.1,0.0,,1,27.799999999999997,9.266666666666666,낮음
2023-08-29,천안시,0,91.8,76.3,120.3,0.0,,1,8.200000000000003,2.7333333333333343,낮음
2023-08-29,청양군,0,84.9,71.6,118.6,0.0,,1,15.099999999999994,5.033333333333331,낮음
2023-08-29,태안군,0,79.6,80.0,99.4,0.5999999999999943,,1,20.400000000000006,7.0,낮음
2023-08-29,홍성군,0,79.1,70.6,112.0,0.0,,1,20.900000000000006,6.966666666666669,낮음
2023-08-30,계룡시,0,77.0,100.0,77.0,23.0,,1,23.0,15.333333333333334,낮음
2023-08-30,공주시,0,78.4,65.6,119.4,0.0,,1,21.599999999999994,7.199999999999998,낮음
2023-08-30,금산군,0,77.1,72.7,106.1,0.0,,1,22.900000000000006,7.6333333333333355,낮음
2023-08-30,논산시,0,66.0,65.0,101.5,0.0,,1,34.0,11.333333333333334,낮음
2023-08-30,당진시,0,82.4,79.2,104.0,0.0,,1,17.599999999999994,5.8666666666666645,낮음
2023-08-30,보령시,0,72.8,69.0,105.5,0.0,,1,27.200000000000003,9.066666666666668,낮음
2023-08-30,부여군,0,80.2,68.0,117.9,0.0,,1,19.799999999999997,6.599999999999999,낮음
2023-08-30,서산시,0,85.5,75.9,112.7,0.0,,1,14.5,4.833333333333333,낮음
2023-08-30,서천군,0,75.3,65.7,114.5,0.0,,1,24.700000000000003,8.233333333333334,낮음
2023-08-30,아산시,0,91.8,80.0,114.7,0.0,,1,8.200000000000003,2.7333333333333343,낮음
2023-08-30,예산군,0,73.5,61.7,119.1,0.0,,1,26.5,8.833333333333334,낮음
2023-08-30,천안시,0,93.3,76.6,121.8,0.0,,1,6.700000000000003,2.2333333333333343,낮음
2023-08-30,청양군,0,84.6,71.7,118.0,0.0,,1,15.400000000000006,5.1333333333333355,낮음
2023-08-30,태안군,0,82.3,80.4,102.3,0.0,,1,17.700000000000003,5.900000000000001,낮음
2023-08-30,홍성군,0,80.2,71.0,113.1,0.0,,1,19.799999999999997,6.599999999999999,낮음
2023-08-31,계룡시,0,77.0,100.0,77.0,23.0,,1,23.0,15.333333333333334,낮음
2023-08-31,공주시,0,78.5,65.8,119.4,0.0,,1,21.5,7.166666666666667,낮음
2023-08-31,금산군,0,82.2,72.6,113.2,0.0,,1,17.799999999999997,5.933333333333333,낮음
2023-08-31,논산시,0,69.4,65.1,106.6,0.0,,1,30.599999999999994,10.199999999999998,낮음
2023-08-31,당진시,0,81.1,79.3,102.3,0.0,,1,18.900000000000006,6.300000000000002,낮음
2023-08-31,보령시,0,73.4,69.3,106.0,0.0,,1,26.599999999999994,8.866666666666665,낮음
2023-08-31,부여군,0,81.0,67.9,119.3,0.0,,1,19.0,6.333333333333333,낮음
2023-08-31,서산시,0,86.4,76.2,113.3,0.0,,1,13.599999999999994,4.533333333333331,낮음
2023-08-31,서천군,0,76.5,65.8,116.3,0.0,,1,23.5,7.833333333333333,낮음
2023-08-31,아산시,0,91.9,80.5,114.1,0.0,,1,8.099999999999994,2.699999999999998,낮음
2023-08-31,예산군,0,75.1,61.6,122.0,0.0,,1,24.900000000000006,8.300000000000002,낮음
2023-08-31,천안시,0,93.2,77.0,120.9,0.0,,1,6.799999999999997,2.2666666666666657,낮음
2023-08-31,청양군,0,84.4,72.0,117.2,0.0,,1,15.599999999999994,5.199999999999998,낮음
2023-08-31,태안군,0,83.3,80.7,103.1,0.0,,1,16.700000000000003,5.566666666666667,낮음
2023-08-31,홍성군,0,81.0,71.2,113.6,0.0,,1,19.0,6.333333333333333,낮음
2023-09-01,계룡시,0,77.0,100.0,77.0,23.0,,1,23.0,15.333333333333334,낮음
2023-09-01,공주시,0,77.3,65.7,117.6,0.0,,1,22.700000000000003,7.566666666666667,낮음
2023-09-01,금산군,0,82.7,72.3,114.4,0.0,,1,17.299999999999997,5.766666666666666,낮음
2023-09-01,논산시,0,72.1,64.8,111.3,0.0,,1,27.900000000000006,9.300000000000002,낮음
2023-09-01,당진시,0,80.3,79.5,100.9,0.0,,1,19.700000000000003,6.566666666666667,낮음
2023-09-01,보령시,0,73.7,69.4,106.2,0.0,,1,26.299999999999997,8.766666666666666,낮음
2023-09-01,부여군,0,81.1,67.7,119.8,0.0,,1,18.900000000000006,6.300000000000002,낮음
2023-09-01,서산시,0,85.9,76.4,112.4,0.0,,1,14.099999999999994,4.699999999999998,낮음
2023-09-01,서천군,0,76.5,65.6,116.6,0.0,,1,23.5,7.833333333333333,낮음
2023-09-01,아산시,0,89.9,80.8,111.2,0.0,,1,10.099999999999994,3.366666666666665,낮음
2023-09-01,예산군,0,75.4,61.4,122.7,0.0,,1,24.599999999999994,8.199999999999998,낮음
2023-09-01,천안시,0,91.0,77.4,117.7,0.0,,1,9.0,3.0,낮음
2023-09-01,청양군,0,83.7,72.3,115.8,0.0,,1,16.299999999999997,5.433333333333333,낮음
2023-09-01,태안군,0,83.2,81.0,102.8,0.0,,1,16.799999999999997,5.599999999999999,낮음
2023-09-01,홍성군,0,80.9,71.3,113.6,0.0,,1,19.099999999999994,6.3666666666666645,낮음
2023-09-02,계룡시,0,77.0,100.0,77.0,23.0,,1,23.0,15.333333333333334,낮음
2023-09-02,공주시,0,77.3,65.7,117.7,0.0,,1,22.700000000000003,7.566666666666667,낮음
2023-09-02,금산군,0,82.7,71.9,115.0,0.0,,1,17.299999999999997,5.766666666666666,낮음
2023-09-02,논산시,0,72.1,64.4,112.1,0.0,,1,27.900000000000006,9.300000000000002,낮음
2023-09-02,당진시,0,80.3,79.8,100.6,0.0,,1,19.700000000000003,6.566666666666667,낮음
2023-09-02,보령시,0,73.7,69.2,106.4,0.0,,1,26.299999999999997,8.766666666666666,낮음
2023-09-02,부여군,0,81.1,67.5,120.3,0.0,,1,18.900000000000006,6.300000000000002,낮음
2023-09-02,서산시,0,85.9,76.5,112.3,0.0,,1,14.099999999999994,4.699999999999998,낮음
2023-09-02,서천군,0,76.5,65.4,117.0,0.0,,1,23.5,7.833333333333333,낮음
2023-09-02,아산시,0,89.9,80.9,111.0,0.0,,1,10.099999999999994,3.366666666666665,낮음
2023-09-02,예산군,0,75.4,61.3,123.1,0.0,,1,24.599999999999994,8.199999999999998,낮음
2023-09-02,천안시,0,91.0,77.4,117.6,0.0,,1,9.0,3.0,낮음
2023-09-02,청양군,0,83.7,72.7,115.2,0.0,,1,16.299999999999997,5.433333333333333,낮음
2023-09-02,태안군,0,83.2,80.9,102.9,0.0,,1,16.799999999999997,5.599999999999999,낮음
2023-09-02,홍성군,0,80.9,71.1,113.8,0.0,,1,19.099999999999994,6.3666666666666645,낮음
2023-09-03,계룡시,0,77.0,100.0,77.0,23.0,,1,23.0,15.333333333333334,낮음
2023-09-03,공주시,0,77.3,65.6,117.7,0.0,,1,22.700000000000003,7.566666666666667,낮음
2023-09-03,금산군,0,82.7,71.5,115.7,0.0,,1,17.299999999999997,5.766666666666666,낮음
2023-09-03,논산시,0,72.1,63.8,113.1,0.0,,1,27.900000000000006,9.300000000000002,낮음
2023-09-03,당진시,0,80.3,79.8,100.5,0.0,,1,19.700000000000003,6.566666666666667,낮음
2023-09-03,보령시,0,73.7,69.3,106.3,0.0,,1,26.299999999999997,8.766666666666666,낮음
2023-09-03,부여군,0,81.1,67.2,120.8,0.0,,1,18.900000000000006,6.300000000000002,낮음
2023-09-03,서산시,0,85.9,76.6,112.1,0.0,,1,14.099999999999994,4.699999999999998,낮음
2023-09-03,서천군,0,76.5,65.2,117.3,0.0,,1,23.5,7.833333333333333,낮음
2023-09-03,아산시,0,89.9,80.9,111.1,0.0,,1,10.099999999999994,3.366666666666665,낮음
2023-09-03,예산군,0,75.4,61.1,123.5,0.0,,1,24.599999999999994,8.199999999999998,낮음
2023-09-03,천안시,0,91.0,77.2,117.8,0.0,,1,9.0,3.0,낮음
2023-09-03,청양군,0,83.7,72.9,114.8,0.0,,1,16.299999999999997,5.433333333333333,낮음
2023-09-03,태안군,0,83.2,80.9,102.9,0.0,,1,16.799999999999997,5.599999999999999,낮음
2023-09-03,홍성군,0,80.9,71.0,113.9,0.0,,1,19.099999999999994,6.3666666666666645,낮음
2023-09-04,계룡시,0,77.0,100.0,77.0,23.0,,2,23.0,15.333333333333334,낮음
2023-09-04,공주시,0,73.7,65.5,112.6,0.0,,2,26.299999999999997,8.766666666666666,낮음
2023-09-04,금산군,0,79.4,71.0,111.7,0.0,,2,20.599999999999994,6.8666666666666645,낮음
2023-09-04,논산시,0,75.4,63.3,119.1,0.0,,2,24.599999999999994,8.199999999999998,낮음
2023-09-04,당진시,0,80.7,79.7,101.2,0.0,,2,19.299999999999997,6.433333333333333,낮음
2023-09-04,보령시,0,71.9,69.5,103.5,0.0,,2,28.099999999999994,9.366666666666665,낮음
2023-09-04,부여군,0,79.5,66.9,118.8,0.0,,2,20.5,6.833333333333333,낮음
2023-09-04,서산시,0,86.2,76.6,112.5,0.0,,2,13.799999999999997,4.599999999999999,낮음
2023-09-04,서천군,0,75.7,64.9,116.6,0.0,,2,24.299999999999997,8.1,낮음
2023-09-04,아산시,0,87.1,80.6,108.1,0.0,,2,12.900000000000006,4.300000000000002,낮음
2023-09-04,예산군,0,71.9,60.8,118.2,0.0,,2,28.099999999999994,9.366666666666665,낮음
2023-09-04,천안시,0,85.0,76.9,110.5,0.0,,2,15.0,5.0,낮음
2023-09-04,청양군,0,80.9,73.0,110.9,0.0,,2,19.099999999999994,6.3666666666666645,낮음
2023-09-04,태안군,0,82.8,80.8,102.4,0.0,,2,17.200000000000003,5.733333333333334,낮음
2023-09-04,홍성군,0,80.1,70.9,112.9,0.0,,2,19.900000000000006,6.6333333333333355,낮음
2023-09-05,계룡시,0,77.0,100.0,77.0,23.0,,1,23.0,15.333333333333334,낮음
2023-09-05,공주시,0,72.2,65.4,110.4,0.0,,1,27.799999999999997,9.266666666666666,낮음
2023-09-05,금산군,0,78.3,70.8,110.6,0.0,,1,21.700000000000003,7.233333333333334,낮음
2023-09-05,논산시,0,74.9,62.9,119.1,0.0,,1,25.099999999999994,8.366666666666665,낮음
2023-09-05,당진시,0,79.7,79.7,100.0,0.0,,1,20.299999999999997,6.766666666666666,낮음
2023-09-05,보령시,0,71.0,69.4,102.3,0.0,,1,29.0,9.666666666666666,낮음
2023-09-05,부여군,0,78.1,66.7,117.1,0.0,,1,21.900000000000006,7.300000000000002,낮음
2023-09-05,서산시,0,85.2,76.5,111.4,0.0,,1,14.799999999999997,4.933333333333333,낮음
2023-09-05,서천군,0,75.0,64.6,116.0,0.0,,1,25.0,8.333333333333334,낮음
2023-09-05,아산시,0,85.7,80.4,106.6,0.0,,1,14.299999999999997,4.766666666666666,낮음
2023-09-05,예산군,0,71.0,60.7,117.0,0.0,,1,29.0,9.666666666666666,낮음
2023-09-05,천안시,0,88.1,76.9,114.5,0.0,,1,11.900000000000006,3.9666666666666686,낮음
2023-09-05,청양군,0,80.0,73.0,109.6,0.0,,1,20.0,6.666666666666667,낮음
2023-09-05,태안군,0,82.2,80.8,101.8,0.0,,1,17.799999999999997,5.933333333333333,낮음
2023-09-05,홍성군,0,79.5,70.8,112.2,0.0,,1,20.5,6.833333333333333,낮음
2023-09-06,계룡시,0,77.0,100.0,77.0,23.0,,1,23.0,15.333333333333334,낮음
2023-09-06,공주시,0,71.1,65.1,109.3,0.0,,1,28.900000000000006,9.633333333333335,낮음
2023-09-06,금산군,0,77.1,70.6,109.3,0.0,,1,22.900000000000006,7.6333333333333355,낮음
2023-09-06,논산시,0,73.5,62.6,117.4,0.0,,1,26.5,8.833333333333334,낮음
2023-09-06,당진시,0,77.3,79.6,97.2,2.799999999999997,,1,22.700000000000003,8.5,낮음
2023-09-06,보령시,0,69.8,69.0,101.2,0.0,,1,30.200000000000003,10.066666666666668,낮음
2023-09-06,부여군,0,76.4,66.6,114.7,0.0,,1,23.599999999999994,7.8666666666666645,낮음
2023-09-06,서산시,0,83.6,76.4,109.5,0.0,,1,16.400000000000006,5.466666666666669,낮음
2023-09-06,서천군,0,74.4,64.4,115.5,0.0,,1,25.599999999999994,8.533333333333331,낮음
2023-09-06,아산시,0,84.9,80.1,106.0,0.0,,1,15.099999999999994,5.033333333333331,낮음
2023-09-06,예산군,0,69.3,60.6,114.4,0.0,,1,30.700000000000003,10.233333333333334,낮음
2023-09-06,천안시,0,87.2,76.6,113.9,0.0,,1,12.799999999999997,4.266666666666666,낮음
2023-09-06,청양군,0,78.9,72.8,108.3,0.0,,1,21.099999999999994,7.033333333333331,낮음
2023-09-06,태안군,0,82.1,80.6,101.8,0.0,,1,17.900000000000006,5.966666666666669,낮음
2023-09-06,홍성군,0,78.2,70.7,110.6,0.0,,1,21.799999999999997,7.266666666666666,낮음
2023-09-07,계룡시,0,77.0,100.0,77.0,23.0,,1,23.0,15.333333333333334,낮음
2023-09-07,공주시,0,69.9,64.8,108.0,0.0,,1,30.099999999999994,10.033333333333331,낮음
2023-09-07,금산군,0,75.8,70.4,107.6,0.0,,1,24.200000000000003,8.066666666666668,낮음
2023-09-07,논산시,0,71.9,62.3,115.4,0.0,,1,28.099999999999994,9.366666666666665,낮음
2023-09-07,당진시,0,76.7,79.4,96.6,3.4000000000000057,,1,23.299999999999997,8.9,낮음
2023-09-07,보령시,0,68.2,68.4,99.6,0.4000000000000057,,1,31.799999999999997,10.733333333333334,낮음
2023-09-07,부여군,0,75.0,66.5,112.6,0.0,,1,25.0,8.333333333333334,낮음
2023-09-07,서산시,0,81.8,76.2,107.3,0.0,,1,18.200000000000003,6.066666666666667,낮음
2023-09-07,서천군,0,73.5,64.2,114.5,0.0,,1,26.5,8.833333333333334,낮음
2023-09-07,아산시,0,84.2,79.6,105.8,0.0,,1,15.799999999999997,5.266666666666666,낮음
2023-09-07,예산군,0,67.4,60.4,111.7,0.0,,1,32.599999999999994,10.866666666666665,낮음
2023-09-07,천안시,0,86.9,76.2,114.0,0.0,,1,13.099999999999994,4.3666666666666645,낮음
2023-09-07,청양군,0,77.6,72.8,106.7,0.0,,1,22.400000000000006,7.466666666666669,낮음
2023-09-07,태안군,0,81.5,80.5,101.2,0.0,,1,18.5,6.166666666666667,낮음
2023-09-07,홍성군,0,76.8,70.5,109.0,0.0,,1,23.200000000000003,7.733333333333334,낮음
2023-09-08,계룡시,0,77.0,100.0,77.0,23.0,,1,23.0,15.333333333333334,낮음
2023-09-08,공주시,0,68.9,64.5,106.9,0.0,,1,31.099999999999994,10.366666666666665,낮음
2023-09-08,금산군,0,75.0,70.1,107.1,0.0,,1,25.0,8.333333333333334,낮음
2023-09-08,논산시,0,70.3,62.0,113.3,0.0,,1,29.700000000000003,9.9,낮음
2023-09-08,당진시,0,77.3,79.3,97.4,2.5999999999999943,,1,22.700000000000003,8.433333333333332,낮음
2023-09-08,보령시,0,66.6,67.8,98.3,1.7000000000000028,,1,33.400000000000006,11.700000000000003,낮음
2023-09-08,부여군,0,73.5,66.3,110.8,0.0,,1,26.5,8.833333333333334,낮음
2023-09-08,서산시,0,80.3,76.0,105.6,0.0,,1,19.700000000000003,6.566666666666667,낮음
2023-09-08,서천군,0,72.5,63.9,113.4,0.0,,1,27.5,9.166666666666666,낮음
2023-09-08,아산시,0,83.2,79.1,105.2,0.0,,1,16.799999999999997,5.599999999999999,낮음
2023-09-08,예산군,0,66.2,60.2,110.1,0.0,,1,33.8,11.266666666666666,낮음
2023-09-08,천안시,0,85.6,75.7,113.0,0.0,,1,14.400000000000006,4.800000000000002,낮음
2023-09-08,청양군,0,76.5,72.7,105.3,0.0,,1,23.5,7.833333333333333,낮음
2023-09-08,태안군,0,80.2,80.2,100.0,0.0,,1,19.799999999999997,6.599999999999999,낮음
2023-09-08,홍성군,0,75.4,70.1,107.5,0.0,,1,24.599999999999994,8.199999999999998,낮음
2023-09-09,계룡시,0,77.0,100.0,77.0,23.0,,1,23.0,15.333333333333334,낮음
2023-09-09,공주시,0,68.9,64.2,107.3,0.0,,1,31.099999999999994,10.366666666666665,낮음
2023-09-09,금산군,0,75.0,69.7,107.7,0.0,,1,25.0,8.333333333333334,낮음
2023-09-09,논산시,0,70.3,61.8,113.8,0.0,,1,29.700000000000003,9.9,낮음
2023-09-09,당진시,0,77.3,79.3,97.5,2.5,,1,22.700000000000003,8.4,낮음
2023-09-09,보령시,0,66.6,67.3,99.0,1.0,,1,33.400000000000006,11.466666666666669,낮음
2023-09-09,부여군,0,73.5,66.1,111.2,0.0,,1,26.5,8.833333333333334,낮음
2023-09-09,서산시,0,80.3,75.9,105.8,0.0,,1,19.700000000000003,6.566666666666667,낮음
2023-09-09,서천군,0,72.5,64.0,113.4,0.0,,1,27.5,9.166666666666666,낮음
2023-09-09,아산시,0,83.2,78.7,105.8,0.0,,1,16.799999999999997,5.599999999999999,낮음
2023-09-09,예산군,0,66.2,60.3,109.9,0.0,,1,33.8,11.266666666666666,낮음
2023-09-09,천안시,0,85.6,75.3,113.7,0.0,,1,14.400000000000006,4.800000000000002,낮음
2023-09-09,청양군,0,76.5,72.5,105.5,0.0,,1,23.5,7.833333333333333,낮음
2023-09-09,태안군,0,80.2,80.0,100.2,0.0,,1,19.799999999999997,6.599999999999999,낮음
2023-09-09,홍성군,0,75.4,69.8,108.0,0.0,,1,24.599999999999994,8.199999999999998,낮음
2023-09-10,계룡시,0,77.0,100.0,77.0,23.0,,1,23.0,15.333333333333334,낮음
2023-09-10,공주시,0,68.9,64.1,107.5,0.0,,1,31.099999999999994,10.366666666666665,낮음
2023-09-10,금산군,0,75.0,69.4,108.2,0.0,,1,25.0,8.333333333333334,낮음
2023-09-10,논산시,0,70.3,61.6,114.2,0.0,,1,29.700000000000003,9.9,낮음
2023-09-10,당진시,0,77.3,79.1,97.6,2.4000000000000057,,1,22.700000000000003,8.366666666666669,낮음
2023-09-10,보령시,0,66.6,67.0,99.4,0.5999999999999943,,1,33.400000000000006,11.333333333333334,낮음
2023-09-10,부여군,0,72.4,65.8,110.0,0.0,,1,27.599999999999994,9.199999999999998,낮음
2023-09-10,서산시,0,80.3,75.7,106.0,0.0,,1,19.700000000000003,6.566666666666667,낮음
2023-09-10,서천군,0,72.5,63.8,113.7,0.0,,1,27.5,9.166666666666666,낮음
2023-09-10,아산시,0,83.2,78.4,106.1,0.0,,1,16.799999999999997,5.599999999999999,낮음
2023-09-10,예산군,0,66.2,60.3,109.8,0.0,,1,33.8,11.266666666666666,낮음
2023-09-10,천안시,0,85.6,74.9,114.2,0.0,,1,14.400000000000006,4.800000000000002,낮음
2023-09-10,청양군,0,76.5,72.3,105.8,0.0,,1,23.5,7.833333333333333,낮음
2023-09-10,태안군,0,80.2,79.8,100.5,0.0,,1,19.799999999999997,6.599999999999999,낮음
2023-09-10,홍성군,0,75.4,69.5,108.4,0.0,,1,24.599999999999994,8.199999999999998,낮음
2023-09-11,계룡시,0,77.0,100.0,77.0,23.0,,1,23.0,15.333333333333334,낮음
2023-09-11,공주시,0,65.3,63.9,102.2,0.0,,1,34.7,11.566666666666668,낮음
2023-09-11,금산군,0,73.3,69.1,106.1,0.0,,1,26.700000000000003,8.9,낮음
2023-09-11,논산시,0,66.9,61.3,109.2,0.0,,1,33.099999999999994,11.033333333333331,낮음
2023-09-11,당진시,0,77.3,78.9,98.0,2.0,,1,22.700000000000003,8.233333333333334,낮음
2023-09-11,보령시,0,62.4,66.6,93.6,6.400000000000006,,1,37.6,14.66666666666667,낮음
2023-09-11,부여군,0,70.7,65.6,107.8,0.0,,1,29.299999999999997,9.766666666666666,낮음
2023-09-11,서산시,0,78.7,75.6,104.2,0.0,,1,21.299999999999997,7.099999999999999,낮음
2023-09-11,서천군,0,68.1,63.6,107.0,0.0,,1,31.900000000000006,10.633333333333335,낮음
2023-09-11,아산시,0,80.9,78.2,103.6,0.0,,1,19.099999999999994,6.3666666666666645,낮음
2023-09-11,예산군,0,62.7,60.1,104.2,0.0,,1,37.3,12.433333333333332,낮음
2023-09-11,천안시,0,82.7,74.7,110.8,0.0,,1,17.299999999999997,5.766666666666666,낮음
2023-09-11,청양군,0,73.0,71.8,101.6,0.0,,1,27.0,9.0,낮음
2023-09-11,태안군,0,75.2,79.5,94.6,5.400000000000006,,1,24.799999999999997,10.066666666666668,낮음
2023-09-11,홍성군,0,72.0,69.3,103.9,0.0,,1,28.0,9.333333333333334,낮음
2023-09-12,계룡시,0,77.0,100.0,77.0,23.0,,1,23.0,15.333333333333334,낮음
2023-09-12,공주시,0,64.1,63.7,100.7,0.0,,1,35.900000000000006,11.966666666666669,낮음
2023-09-12,금산군,0,72.8,68.9,105.6,0.0,,1,27.200000000000003,9.066666666666668,낮음
2023-09-12,논산시,0,65.0,61.1,106.4,0.0,,1,35.0,11.666666666666666,낮음
2023-09-12,당진시,0,77.1,78.7,97.9,2.0999999999999943,,1,22.900000000000006,8.333333333333334,낮음
2023-09-12,보령시,0,60.5,66.4,91.1,8.900000000000006,,1,39.5,16.133333333333336,낮음
2023-09-12,부여군,0,69.1,65.4,105.6,0.0,,1,30.900000000000006,10.300000000000002,낮음
2023-09-12,서산시,0,78.0,75.4,103.5,0.0,,1,22.0,7.333333333333333,낮음
2023-09-12,서천군,0,67.2,63.5,105.8,0.0,,1,32.8,10.933333333333332,낮음
2023-09-12,아산시,0,80.4,77.9,103.2,0.0,,1,19.599999999999994,6.533333333333331,낮음
2023-09-12,예산군,0,60.0,60.0,100.0,0.0,,1,40.0,13.333333333333334,낮음
2023-09-12,천안시,0,82.1,74.4,110.4,0.0,,1,17.900000000000006,5.966666666666669,낮음
2023-09-12,청양군,0,72.2,71.5,101.1,0.0,,1,27.799999999999997,9.266666666666666,낮음
2023-09-12,태안군,0,75.4,79.7,94.6,5.400000000000006,,1,24.599999999999994,10.0,낮음
2023-09-12,홍성군,0,70.6,69.1,102.3,0.0,,1,29.400000000000006,9.800000000000002,낮음
2023-09-13,계룡시,0,77.0,100.0,77.0,23.0,,1,23.0,15.333333333333334,낮음
2023-09-13,공주시,0,63.1,63.5,99.4,0.5999999999999943,,1,36.9,12.499999999999998,낮음
2023-09-13,금산군,0,72.1,68.5,105.2,0.0,,1,27.900000000000006,9.300000000000002,낮음
2023-09-13,논산시,0,63.5,61.1,104.0,0.0,,1,36.5,12.166666666666666,낮음
2023-09-13,당진시,0,74.1,78.5,94.3,5.700000000000003,,1,25.900000000000006,10.533333333333337,낮음
2023-09-13,보령시,0,59.7,66.2,90.2,9.799999999999997,,1,40.3,16.7,낮음
2023-09-13,부여군,0,67.6,65.4,103.4,0.0,,1,32.400000000000006,10.800000000000002,낮음
2023-09-13,서산시,0,77.2,75.1,102.8,0.0,,1,22.799999999999997,7.599999999999999,낮음
2023-09-13,서천군,0,66.6,63.6,104.7,0.0,,1,33.400000000000006,11.133333333333335,낮음
2023-09-13,아산시,0,79.9,77.7,102.8,0.0,,1,20.099999999999994,6.699999999999998,낮음
2023-09-13,예산군,0,58.8,59.8,98.4,1.5999999999999943,,1,41.2,14.266666666666666,낮음
2023-09-13,천안시,0,81.8,74.0,110.4,0.0,,1,18.200000000000003,6.066666666666667,낮음
2023-09-13,청양군,0,71.2,70.9,100.4,0.0,,1,28.799999999999997,9.6,낮음
2023-09-13,태안군,0,75.4,79.8,94.6,5.400000000000006,,1,24.599999999999994,10.0,낮음
2023-09-13,홍성군,0,69.7,68.8,101.4,0.0,,1,30.299999999999997,10.1,낮음
2023-09-14,계룡시,0,77.0,100.0,77.0,23.0,,1,23.0,15.333333333333334,낮음
2023-09-14,공주시,0,64.2,63.4,101.3,0.0,,1,35.8,11.933333333333332,낮음
2023-09-14,금산군,0,72.1,68.1,105.8,0.0,,1,27.900000000000006,9.300000000000002,낮음
2023-09-14,논산시,0,64.0,61.0,104.9,0.0,,1,36.0,12.0,낮음
2023-09-14,당진시,0,78.1,78.7,99.3,0.7000000000000028,,1,21.900000000000006,7.533333333333336,낮음
2023-09-14,보령시,0,61.1,66.5,91.9,8.099999999999994,,1,38.9,15.666666666666664,낮음
2023-09-14,부여군,0,70.1,65.6,106.9,0.0,,1,29.900000000000006,9.966666666666669,낮음
2023-09-14,서산시,0,78.3,74.9,104.5,0.0,,1,21.700000000000003,7.233333333333334,낮음
2023-09-14,서천군,0,69.2,63.9,108.3,0.0,,1,30.799999999999997,10.266666666666666,낮음
2023-09-14,아산시,0,83.3,77.8,107.1,0.0,,1,16.700000000000003,5.566666666666667,낮음
2023-09-14,예산군,0,60.1,59.5,101.0,0.0,,1,39.9,13.299999999999999,낮음
2023-09-14,천안시,0,85.2,74.0,115.0,0.0,,1,14.799999999999997,4.933333333333333,낮음
2023-09-14,청양군,0,71.9,70.6,101.9,0.0,,1,28.099999999999994,9.366666666666665,낮음
2023-09-14,태안군,0,78.0,79.8,97.7,2.299999999999997,,1,22.0,8.1,낮음
2023-09-14,홍성군,0,73.1,68.7,106.4,0.0,,1,26.900000000000006,8.966666666666669,낮음
2023-09-15,계룡시,0,77.0,100.0,77.0,23.0,,1,23.0,15.333333333333334,낮음
2023-09-15,공주시,0,64.6,63.3,102.2,0.0,,1,35.400000000000006,11.800000000000002,낮음
2023-09-15,금산군,0,71.8,68.0,105.6,0.0,,1,28.200000000000003,9.4,낮음
2023-09-15,논산시,0,64.5,60.9,105.9,0.0,,1,35.5,11.833333333333334,낮음
2023-09-15,당진시,0,78.0,78.7,99.1,0.9000000000000057,,1,22.0,7.6333333333333355,낮음
2023-09-15,보령시,0,61.3,66.7,91.8,8.200000000000003,,1,38.7,15.633333333333335,낮음
2023-09-15,부여군,0,71.1,65.8,108.1,0.0,,1,28.900000000000006,9.633333333333335,낮음
2023-09-15,서산시,0,79.0,74.9,105.5,0.0,,1,21.0,7.0,낮음
2023-09-15,서천군,0,70.1,64.1,109.4,0.0,,1,29.900000000000006,9.966666666666669,낮음
2023-09-15,아산시,0,84.5,78.0,108.3,0.0,,1,15.5,5.166666666666667,낮음
2023-09-15,예산군,0,60.2,59.3,101.5,0.0,,1,39.8,13.266666666666666,낮음
2023-09-15,천안시,0,85.6,74.0,115.6,0.0,,1,14.400000000000006,4.800000000000002,낮음
2023-09-15,청양군,0,72.0,70.3,102.5,0.0,,1,28.0,9.333333333333334,낮음
2023-09-15,태안군,0,79.0,79.9,98.8,1.2000000000000028,,1,21.0,7.400000000000001,낮음
2023-09-15,홍성군,0,74.1,68.6,108.1,0.0,,1,25.900000000000006,8.633333333333335,낮음
2023-09-16,계룡시,0,77.0,100.0,77.0,23.0,,1,23.0,15.333333333333334,낮음
2023-09-16,공주시,0,67.5,63.3,106.6,0.0,,1,32.5,10.833333333333334,낮음
2023-09-16,금산군,0,71.8,67.8,105.8,0.0,,1,28.200000000000003,9.4,낮음
2023-09-16,논산시,0,66.0,60.8,108.4,0.0,,1,34.0,11.333333333333334,낮음
2023-09-16,당진시,0,78.0,78.8,99.0,1.0,,1,22.0,7.666666666666667,낮음
2023-09-16,보령시,0,61.3,66.8,91.7,8.299999999999997,,1,38.7,15.666666666666666,낮음
2023-09-16,부여군,0,77.4,66.4,116.6,0.0,,1,22.599999999999994,7.533333333333331,낮음
2023-09-16,서산시,0,79.0,74.8,105.6,0.0,,1,21.0,7.0,낮음
2023-09-16,서천군,0,70.1,64.3,109.0,0.0,,1,29.900000000000006,9.966666666666669,낮음
2023-09-16,아산시,0,84.5,78.4,107.8,0.0,,1,15.5,5.166666666666667,낮음
2023-09-16,예산군,0,60.2,59.2,101.7,0.0,,1,39.8,13.266666666666666,낮음
2023-09-16,천안시,0,85.6,74.1,115.6,0.0,,1,14.400000000000006,4.800000000000002,낮음
2023-09-16,청양군,0,72.0,70.2,102.6,0.0,,1,28.0,9.333333333333334,낮음
2023-09-16,태안군,0,79.0,80.0,98.8,1.2000000000000028,,1,21.0,7.400000000000001,낮음
2023-09-16,홍성군,0,74.1,68.8,107.8,0.0,,1,25.900000000000006,8.633333333333335,낮음
2023-09-17,계룡시,0,77.0,100.0,77.0,23.0,,1,23.0,15.333333333333334,낮음
2023-09-17,공주시,0,67.5,63.2,106.7,0.0,,1,32.5,10.833333333333334,낮음
2023-09-17,금산군,0,71.8,67.6,106.1,0.0,,1,28.200000000000003,9.4,낮음
2023-09-17,논산시,0,66.0,60.7,108.6,0.0,,1,34.0,11.333333333333334,낮음
2023-09-17,당진시,0,78.0,78.8,99.0,1.0,,1,22.0,7.666666666666667,낮음
2023-09-17,보령시,0,61.3,66.8,91.7,8.299999999999997,,1,38.7,15.666666666666666,낮음
2023-09-17,부여군,0,77.4,66.6,116.1,0.0,,1,22.599999999999994,7.533333333333331,낮음
2023-09-17,서산시,0,79.0,74.6,105.9,0.0,,1,21.0,7.0,낮음
2023-09-17,서천군,0,70.1,64.5,108.7,0.0,,1,29.900000000000006,9.966666666666669,낮음
2023-09-17,아산시,0,84.5,78.8,107.2,0.0,,1,15.5,5.166666666666667,낮음
2023-09-17,예산군,0,60.2,59.2,101.7,0.0,,1,39.8,13.266666666666666,낮음
2023-09-17,천안시,0,85.6,74.1,115.6,0.0,,1,14.400000000000006,4.800000000000002,낮음
2023-09-17,청양군,0,72.0,70.2,102.7,0.0,,1,28.0,9.333333333333334,낮음
2023-09-17,태안군,0,79.0,80.0,98.7,1.2999999999999972,,1,21.0,7.433333333333333,낮음
2023-09-17,홍성군,0,74.1,68.9,107.7,0.0,,1,25.900000000000006,8.633333333333335,낮음
2023-09-18,계룡시,0,77.0,100.0,77.0,23.0,,1,23.0,15.333333333333334,낮음
2023-09-18,공주시,0,73.2,63.3,115.7,0.0,,1,26.799999999999997,8.933333333333332,낮음
2023-09-18,금산군,0,77.8,67.6,115.1,0.0,,1,22.200000000000003,7.400000000000001,낮음
2023-09-18,논산시,0,72.4,60.7,119.2,0.0,,1,27.599999999999994,9.199999999999998,낮음
2023-09-18,당진시,0,81.4,78.9,103.1,0.0,,1,18.599999999999994,6.199999999999998,낮음
2023-09-18,보령시,0,66.9,67.0,99.8,0.20000000000000284,,1,33.099999999999994,11.1,낮음
2023-09-18,부여군,0,82.2,67.1,122.6,0.0,,1,17.799999999999997,5.933333333333333,낮음
2023-09-18,서산시,0,81.8,74.4,110.0,0.0,,1,18.200000000000003,6.066666666666667,낮음
2023-09-18,서천군,0,86.9,65.2,133.4,0.0,,1,13.099999999999994,4.3666666666666645,낮음
2023-09-18,아산시,0,91.2,79.2,115.2,0.0,,1,8.799999999999997,2.9333333333333322,낮음
2023-09-18,예산군,0,70.7,59.6,118.7,0.0,,1,29.299999999999997,9.766666666666666,낮음
2023-09-18,천안시,0,87.4,74.2,117.8,0.0,,1,12.599999999999994,4.199999999999998,낮음
2023-09-18,청양군,0,77.9,70.5,110.4,0.0,,1,22.099999999999994,7.3666666666666645,낮음
2023-09-18,태안군,0,82.3,80.1,102.7,0.0,,1,17.700000000000003,5.900000000000001,낮음
2023-09-18,홍성군,0,78.6,68.8,114.2,0.0,,1,21.400000000000006,7.1333333333333355,낮음
2023-09-19,계룡시,0,77.0,100.0,77.0,23.0,,1,23.0,15.333333333333334,낮음
2023-09-19,공주시,0,74.0,63.1,117.3,0.0,,1,26.0,8.666666666666666,낮음
2023-09-19,금산군,0,78.9,67.5,116.9,0.0,,1,21.099999999999994,7.033333333333331,낮음
2023-09-19,논산시,0,73.9,60.6,122.0,0.0,,1,26.099999999999994,8.699999999999998,낮음
2023-09-19,당진시,0,81.3,78.8,103.2,0.0,,1,18.700000000000003,6.233333333333334,낮음
2023-09-19,보령시,0,67.4,67.0,100.5,0.0,,1,32.599999999999994,10.866666666666665,낮음
2023-09-19,부여군,0,82.7,67.2,123.1,0.0,,1,17.299999999999997,5.766666666666666,낮음
2023-09-19,서산시,0,82.2,74.2,110.8,0.0,,1,17.799999999999997,5.933333333333333,낮음
2023-09-19,서천군,0,86.9,65.1,133.4,0.0,,1,13.099999999999994,4.3666666666666645,낮음
2023-09-19,아산시,0,92.0,79.2,116.2,0.0,,1,8.0,2.6666666666666665,낮음
2023-09-19,예산군,0,72.5,59.7,121.4,0.0,,1,27.5,9.166666666666666,낮음
2023-09-19,천안시,0,87.9,74.2,118.4,0.0,,1,12.099999999999994,4.033333333333331,낮음
2023-09-19,청양군,0,78.8,70.5,111.6,0.0,,1,21.200000000000003,7.066666666666667,낮음
2023-09-19,태안군,0,82.9,80.2,103.4,0.0,,1,17.099999999999994,5.699999999999998,낮음
2023-09-19,홍성군,0,78.6,68.7,114.5,0.0,,1,21.400000000000006,7.1333333333333355,낮음
2023-09-20,계룡시,0,77.0,100.0,77.0,23.0,,1,23.0,15.333333333333334,낮음
2023-09-20,공주시,0,74.5,63.1,118.0,0.0,,1,25.5,8.5,낮음
2023-09-20,금산군,0,85.8,67.6,126.9,0.0,,1,14.200000000000003,4.733333333333334,낮음
2023-09-20,논산시,0,86.4,61.0,141.6,0.0,,1,13.599999999999994,4.533333333333331,낮음
2023-09-20,당진시,0,91.5,79.1,115.7,0.0,,1,8.5,2.8333333333333335,낮음
2023-09-20,보령시,0,82.1,67.5,121.6,0.0,,1,17.900000000000006,5.966666666666669,낮음
2023-09-20,부여군,0,82.3,67.3,122.3,0.0,,1,17.700000000000003,5.900000000000001,낮음
2023-09-20,서산시,0,82.3,74.0,111.1,0.0,,1,17.700000000000003,5.900000000000001,낮음
2023-09-20,서천군,0,86.0,65.1,132.2,0.0,,1,14.0,4.666666666666667,낮음
2023-09-20,아산시,0,93.0,79.2,117.5,0.0,,1,7.0,2.3333333333333335,낮음
2023-09-20,예산군,0,83.7,60.3,138.9,0.0,,1,16.299999999999997,5.433333333333333,낮음
2023-09-20,천안시,0,90.3,74.4,121.4,0.0,,1,9.700000000000003,3.2333333333333343,낮음
2023-09-20,청양군,0,79.4,70.6,112.5,0.0,,1,20.599999999999994,6.8666666666666645,낮음
2023-09-20,태안군,0,83.7,80.2,104.3,0.0,,1,16.299999999999997,5.433333333333333,낮음
2023-09-20,홍성군,0,78.6,68.5,114.8,0.0,,1,21.400000000000006,7.1333333333333355,낮음
2023-09-21,계룡시,0,77.0,100.0,77.0,23.0,,1,23.0,15.333333333333334,낮음
2023-09-21,공주시,0,86.3,63.4,136.0,0.0,,1,13.700000000000003,4.566666666666667,낮음
2023-09-21,금산군,0,95.6,67.8,141.1,0.0,,1,4.400000000000006,1.4666666666666686,낮음
2023-09-21,논산시,0,75.8,60.7,124.9,0.0,,1,24.200000000000003,8.066666666666668,낮음
2023-09-21,당진시,0,91.5,78.9,115.8,0.0,,1,8.5,2.8333333333333335,낮음
2023-09-21,보령시,0,89.8,67.8,132.3,0.0,,1,10.200000000000003,3.400000000000001,낮음
2023-09-21,부여군,0,93.0,68.2,136.3,0.0,,1,7.0,2.3333333333333335,낮음
2023-09-21,서산시,0,92.1,74.3,123.9,0.0,,1,7.900000000000006,2.633333333333335,낮음
2023-09-21,서천군,0,97.0,65.7,147.6,0.0,,1,3.0,1.0,낮음
2023-09-21,아산시,0,98.8,79.4,124.5,0.0,,1,1.2000000000000028,0.40000000000000097,낮음
2023-09-21,예산군,0,79.6,60.3,132.0,0.0,,1,20.400000000000006,6.800000000000002,낮음
2023-09-21,천안시,0,97.0,74.6,129.9,0.0,,1,3.0,1.0,낮음
2023-09-21,청양군,0,95.5,71.8,133.2,0.0,,1,4.5,1.5,낮음
2023-09-21,태안군,0,92.8,80.5,115.2,0.0,,1,7.200000000000003,2.400000000000001,낮음
2023-09-21,홍성군,0,93.8,68.8,136.3,0.0,,1,6.200000000000003,2.0666666666666678,낮음
2023-09-22,계룡시,0,77.0,100.0,77.0,23.0,,1,23.0,15.333333333333334,낮음
2023-09-22,공주시,0,88.2,63.6,138.8,0.0,,1,11.799999999999997,3.9333333333333322,낮음
2023-09-22,금산군,0,95.9,67.9,141.3,0.0,,1,4.099999999999994,1.3666666666666647,낮음
2023-09-22,논산시,0,75.2,60.9,123.5,0.0,,1,24.799999999999997,8.266666666666666,낮음
2023-09-22,당진시,0,85.8,78.6,109.1,0.0,,1,14.200000000000003,4.733333333333334,낮음
2023-09-22,보령시,0,92.4,68.0,135.9,0.0,,1,7.599999999999994,2.5333333333333314,낮음
2023-09-22,부여군,0,91.9,68.1,134.9,0.0,,1,8.099999999999994,2.699999999999998,낮음
2023-09-22,서산시,0,88.2,74.1,119.0,0.0,,1,11.799999999999997,3.9333333333333322,낮음
2023-09-22,서천군,0,96.0,66.0,145.4,0.0,,1,4.0,1.3333333333333333,낮음
2023-09-22,아산시,0,98.0,79.4,123.4,0.0,,1,2.0,0.6666666666666666,낮음
2023-09-22,예산군,0,80.2,60.6,132.5,0.0,,1,19.799999999999997,6.599999999999999,낮음
2023-09-22,천안시,0,97.7,74.8,130.7,0.0,,1,2.299999999999997,0.7666666666666657,낮음
2023-09-22,청양군,0,95.7,72.0,133.1,0.0,,1,4.299999999999997,1.4333333333333325,낮음
2023-09-22,태안군,0,92.4,80.5,114.8,0.0,,1,7.599999999999994,2.5333333333333314,낮음
2023-09-22,홍성군,0,92.8,68.8,134.9,0.0,,1,7.200000000000003,2.400000000000001,낮음
2023-09-23,계룡시,0,77.0,100.0,77.0,23.0,,1,23.0,15.333333333333334,낮음
2023-09-23,공주시,0,88.2,63.7,138.5,0.0,,1,11.799999999999997,3.9333333333333322,낮음
2023-09-23,금산군,0,95.9,68.1,140.8,0.0,,1,4.099999999999994,1.3666666666666647,낮음
2023-09-23,논산시,0,75.2,61.6,122.2,0.0,,1,24.799999999999997,8.266666666666666,낮음
2023-09-23,당진시,0,85.8,78.5,109.2,0.0,,1,14.200000000000003,4.733333333333334,낮음
2023-09-23,보령시,0,92.4,68.2,135.5,0.0,,1,7.599999999999994,2.5333333333333314,낮음
2023-09-23,부여군,0,91.9,68.2,134.8,0.0,,1,8.099999999999994,2.699999999999998,낮음
2023-09-23,서산시,0,88.2,74.1,119.0,0.0,,1,11.799999999999997,3.9333333333333322,낮음
2023-09-23,서천군,0,96.0,66.1,145.2,0.0,,1,4.0,1.3333333333333333,낮음
2023-09-23,아산시,0,98.0,79.5,123.2,0.0,,1,2.0,0.6666666666666666,낮음
2023-09-23,예산군,0,80.2,61.0,131.5,0.0,,1,19.799999999999997,6.599999999999999,낮음
2023-09-23,천안시,0,97.7,74.9,130.4,0.0,,1,2.299999999999997,0.7666666666666657,낮음
2023-09-23,청양군,0,95.7,72.3,132.4,0.0,,1,4.299999999999997,1.4333333333333325,낮음
2023-09-23,태안군,0,92.4,80.6,114.6,0.0,,1,7.599999999999994,2.5333333333333314,낮음
2023-09-23,홍성군,0,92.8,68.8,134.8,0.0,,1,7.200000000000003,2.400000000000001,낮음
2023-09-24,계룡시,0,77.0,100.0,77.0,23.0,,1,23.0,15.333333333333334,낮음
2023-09-24,공주시,0,88.2,63.8,138.2,0.0,,1,11.799999999999997,3.9333333333333322,낮음
2023-09-24,금산군,0,95.9,68.1,140.8,0.0,,1,4.099999999999994,1.3666666666666647,낮음
2023-09-24,논산시,0,75.2,62.0,121.3,0.0,,1,24.799999999999997,8.266666666666666,낮음
2023-09-24,당진시,0,85.8,78.2,109.7,0.0,,1,14.200000000000003,4.733333333333334,낮음
2023-09-24,보령시,0,92.4,68.4,135.0,0.0,,1,7.599999999999994,2.5333333333333314,낮음
2023-09-24,부여군,0,91.9,68.3,134.7,0.0,,1,8.099999999999994,2.699999999999998,낮음
2023-09-24,서산시,0,88.2,74.0,119.1,0.0,,1,11.799999999999997,3.9333333333333322,낮음
2023-09-24,서천군,0,96.0,66.1,145.2,0.0,,1,4.0,1.3333333333333333,낮음
2023-09-24,아산시,0,98.0,79.5,123.2,0.0,,1,2.0,0.6666666666666666,낮음
2023-09-24,예산군,0,80.2,61.4,130.7,0.0,,1,19.799999999999997,6.599999999999999,낮음
2023-09-24,천안시,0,97.7,75.0,130.3,0.0,,1,2.299999999999997,0.7666666666666657,낮음
2023-09-24,청양군,0,95.7,72.5,132.1,0.0,,1,4.299999999999997,1.4333333333333325,낮음
2023-09-24,태안군,0,92.4,80.8,114.4,0.0,,1,7.599999999999994,2.5333333333333314,낮음
2023-09-24,홍성군,0,92.8,68.9,134.8,0.0,,1,7.200000000000003,2.400000000000001,낮음
2023-09-25,계룡시,0,77.0,100.0,77.0,23.0,,1,23.0,15.333333333333334,낮음
2023-09-25,공주시,0,87.9,63.9,137.5,0.0,,1,12.099999999999994,4.033333333333331,낮음
2023-09-25,금산군,0,94.5,68.0,139.1,0.0,,1,5.5,1.8333333333333333,낮음
2023-09-25,논산시,0,80.3,62.4,128.7,0.0,,1,19.700000000000003,6.566666666666667,낮음
2023-09-25,당진시,0,85.3,77.8,109.6,0.0,,1,14.700000000000003,4.900000000000001,낮음
2023-09-25,보령시,0,92.9,68.6,135.4,0.0,,1,7.099999999999994,2.366666666666665,낮음
2023-09-25,부여군,0,86.1,67.5,127.6,0.0,,1,13.900000000000006,4.6333333333333355,낮음
2023-09-25,서산시,0,87.8,73.9,118.9,0.0,,1,12.200000000000003,4.066666666666667,낮음
2023-09-25,서천군,0,84.9,65.8,129.0,0.0,,1,15.099999999999994,5.033333333333331,낮음
2023-09-25,아산시,0,96.3,79.4,121.3,0.0,,1,3.700000000000003,1.2333333333333343,낮음
2023-09-25,예산군,0,70.0,61.6,113.8,0.0,,1,30.0,10.0,낮음
2023-09-25,천안시,0,97.2,75.1,129.5,0.0,,1,2.799999999999997,0.9333333333333323,낮음
2023-09-25,청양군,0,96.2,72.6,132.4,0.0,,1,3.799999999999997,1.2666666666666657,낮음
2023-09-25,태안군,0,92.6,80.9,114.5,0.0,,1,7.400000000000006,2.4666666666666686,낮음
2023-09-25,홍성군,0,90.2,68.9,130.9,0.0,,1,9.799999999999997,3.2666666666666657,낮음
2023-09-26,계룡시,0,77.0,100.0,77.0,23.0,,1,23.0,15.333333333333334,낮음
2023-09-26,공주시,0,89.3,64.1,139.4,0.0,,1,10.700000000000003,3.5666666666666678,낮음
2023-09-26,금산군,0,94.7,67.9,139.3,0.0,,1,5.299999999999997,1.7666666666666657,낮음
2023-09-26,논산시,0,81.2,62.6,129.7,0.0,,1,18.799999999999997,6.266666666666666,낮음
2023-09-26,당진시,0,88.2,77.7,113.5,0.0,,1,11.799999999999997,3.9333333333333322,낮음
2023-09-26,보령시,0,93.5,68.8,135.9,0.0,,1,6.5,2.1666666666666665,낮음
2023-09-26,부여군,0,86.9,67.6,128.7,0.0,,1,13.099999999999994,4.3666666666666645,낮음
2023-09-26,서산시,0,89.2,73.8,120.8,0.0,,1,10.799999999999997,3.599999999999999,낮음
2023-09-26,서천군,0,84.7,65.7,128.9,0.0,,1,15.299999999999997,5.099999999999999,낮음
2023-09-26,아산시,0,97.6,79.4,122.9,0.0,,1,2.4000000000000057,0.8000000000000019,낮음
2023-09-26,예산군,0,71.2,62.1,114.7,0.0,,1,28.799999999999997,9.6,낮음
2023-09-26,천안시,0,98.5,75.2,131.1,0.0,,1,1.5,0.5,낮음
2023-09-26,청양군,0,96.6,72.8,132.8,0.0,,1,3.4000000000000057,1.1333333333333353,낮음
2023-09-26,태안군,0,93.8,80.9,115.9,0.0,,1,6.200000000000003,2.0666666666666678,낮음
2023-09-26,홍성군,0,91.9,69.1,133.0,0.0,,1,8.099999999999994,2.699999999999998,낮음
2023-09-27,계룡시,0,77.0,100.0,77.0,23.0,,1,23.0,15.333333333333334,낮음
2023-09-27,공주시,0,89.2,64.1,139.2,0.0,,1,10.799999999999997,3.599999999999999,낮음
2023-09-27,금산군,0,94.6,67.9,139.3,0.0,,1,5.400000000000006,1.8000000000000018,낮음
2023-09-27,논산시,0,82.2,62.9,130.5,0.0,,1,17.799999999999997,5.933333333333333,낮음
2023-09-27,당진시,0,90.2,77.6,116.2,0.0,,1,9.799999999999997,3.2666666666666657,낮음
2023-09-27,보령시,0,95.1,68.9,138.1,0.0,,1,4.900000000000006,1.6333333333333353,낮음
2023-09-27,부여군,0,87.1,67.6,128.9,0.0,,1,12.900000000000006,4.300000000000002,낮음
2023-09-27,서산시,0,91.0,73.9,123.2,0.0,,1,9.0,3.0,낮음
2023-09-27,서천군,0,85.8,65.7,130.5,0.0,,1,14.200000000000003,4.733333333333334,낮음
2023-09-27,아산시,0,96.8,79.2,122.2,0.0,,1,3.200000000000003,1.0666666666666675,낮음
2023-09-27,예산군,0,70.6,62.2,113.4,0.0,,1,29.400000000000006,9.800000000000002,낮음
2023-09-27,천안시,0,98.5,75.2,130.9,0.0,,1,1.5,0.5,낮음
2023-09-27,청양군,0,97.1,72.9,133.3,0.0,,1,2.9000000000000057,0.9666666666666686,낮음
2023-09-27,태안군,0,93.5,81.0,115.5,0.0,,1,6.5,2.1666666666666665,낮음
2023-09-27,홍성군,0,89.8,69.0,130.1,0.0,,1,10.200000000000003,3.400000000000001,낮음
2023-09-28,계룡시,0,77.0,100.0,77.0,23.0,,1,23.0,15.333333333333334,낮음
2023-09-28,공주시,0,89.2,64.1,139.2,0.0,,1,10.799999999999997,3.599999999999999,낮음
2023-09-28,금산군,0,94.6,67.8,139.4,0.0,,1,5.400000000000006,1.8000000000000018,낮음
2023-09-28,논산시,0,82.2,63.1,130.1,0.0,,1,17.799999999999997,5.933333333333333,낮음
2023-09-28,당진시,0,90.2,77.5,116.4,0.0,,1,9.799999999999997,3.2666666666666657,낮음
2023-09-28,보령시,0,95.1,68.9,138.0,0.0,,1,4.900000000000006,1.6333333333333353,낮음
2023-09-28,부여군,0,87.1,67.5,128.9,0.0,,1,12.900000000000006,4.300000000000002,낮음
2023-09-28,서산시,0,91.0,73.8,123.3,0.0,,1,9.0,3.0,낮음
2023-09-28,서천군,0,85.8,65.8,130.4,0.0,,1,14.200000000000003,4.733333333333334,낮음
2023-09-28,아산시,0,96.8,79.2,122.3,0.0,,1,3.200000000000003,1.0666666666666675,낮음
2023-09-28,예산군,0,70.6,62.2,113.4,0.0,,1,29.400000000000006,9.800000000000002,낮음
2023-09-28,천안시,0,98.5,75.3,130.8,0.0,,1,1.5,0.5,낮음
2023-09-28,청양군,0,97.1,73.0,133.1,0.0,,1,2.9000000000000057,0.9666666666666686,낮음
2023-09-28,태안군,0,93.5,80.9,115.5,0.0,,1,6.5,2.1666666666666665,낮음
2023-09-28,홍성군,0,89.8,69.0,130.2,0.0,,1,10.200000000000003,3.400000000000001,낮음
2023-09-29,계룡시,0,77.0,100.0,77.0,23.0,,1,23.0,15.333333333333334,낮음
2023-09-29,공주시,0,89.2,64.2,139.0,0.0,,1,10.799999999999997,3.599999999999999,낮음
2023-09-29,금산군,0,94.6,67.8,139.4,0.0,,1,5.400000000000006,1.8000000000000018,낮음
2023-09-29,논산시,0,82.2,63.2,129.9,0.0,,1,17.799999999999997,5.933333333333333,낮음
2023-09-29,당진시,0,90.2,77.3,116.6,0.0,,1,9.799999999999997,3.2666666666666657,낮음
2023-09-29,보령시,0,95.1,69.0,138.0,0.0,,1,4.900000000000006,1.6333333333333353,낮음
2023-09-29,부여군,0,87.1,67.5,129.0,0.0,,1,12.900000000000006,4.300000000000002,낮음
2023-09-29,서산시,0,91.0,73.8,123.3,0.0,,1,9.0,3.0,낮음
2023-09-29,서천군,0,85.8,65.9,130.3,0.0,,1,14.200000000000003,4.733333333333334,낮음
2023-09-29,아산시,0,96.8,79.2,122.2,0.0,,1,3.200000000000003,1.0666666666666675,낮음
2023-09-29,예산군,0,70.6,62.4,113.1,0.0,,1,29.400000000000006,9.800000000000002,낮음
2023-09-29,천안시,0,98.5,75.3,130.8,0.0,,1,1.5,0.5,낮음
2023-09-29,청양군,0,97.1,73.2,132.8,0.0,,1,2.9000000000000057,0.9666666666666686,낮음
2023-09-29,태안군,0,93.5,80.8,115.7,0.0,,1,6.5,2.1666666666666665,낮음
2023-09-29,홍성군,0,89.8,69.0,130.1,0.0,,1,10.200000000000003,3.400000000000001,낮음
2023-09-30,계룡시,0,77.0,100.0,77.0,23.0,,1,23.0,15.333333333333334,낮음
2023-09-30,공주시,0,89.2,64.2,138.9,0.0,,1,10.799999999999997,3.599999999999999,낮음
2023-09-30,금산군,0,94.6,67.8,139.5,0.0,,1,5.400000000000006,1.8000000000000018,낮음
2023-09-30,논산시,0,82.2,63.3,129.8,0.0,,1,17.799999999999997,5.933333333333333,낮음
2023-09-30,당진시,0,90.2,77.2,116.8,0.0,,1,9.799999999999997,3.2666666666666657,낮음
2023-09-30,보령시,0,95.1,69.0,137.9,0.0,,1,4.900000000000006,1.6333333333333353,낮음
2023-09-30,부여군,0,87.1,67.5,129.0,0.0,,1,12.900000000000006,4.300000000000002,낮음
2023-09-30,서산시,0,91.0,73.8,123.4,0.0,,1,9.0,3.0,낮음
2023-09-30,서천군,0,85.8,65.9,130.2,0.0,,1,14.200000000000003,4.733333333333334,낮음
2023-09-30,아산시,0,96.8,79.1,122.4,0.0,,1,3.200000000000003,1.0666666666666675,낮음
2023-09-30,예산군,0,70.6,62.6,112.7,0.0,,1,29.400000000000006,9.800000000000002,낮음
2023-09-30,천안시,0,98.5,75.2,130.9,0.0,,1,1.5,0.5,낮음
2023-09-30,청양군,0,97.1,73.4,132.3,0.0,,1,2.9000000000000057,0.9666666666666686,낮음
2023-09-30,태안군,0,93.5,80.8,115.7,0.0,,1,6.5,2.1666666666666665,낮음
2023-09-30,홍성군,0,89.8,69.1,130.0,0.0,,1,10.200000000000003,3.400000000000001,낮음
2023-10-01,계룡시,0,77.0,100.0,77.0,23.0,,1,23.0,15.333333333333334,낮음
2023-10-01,공주시,0,89.2,64.2,138.9,0.0,,1,10.799999999999997,3.599999999999999,낮음
2023-10-01,금산군,0,94.6,67.8,139.5,0.0,,1,5.400000000000006,1.8000000000000018,낮음
2023-10-01,논산시,0,82.2,63.4,129.5,0.0,,1,17.799999999999997,5.933333333333333,낮음
2023-10-01,당진시,0,90.2,77.2,116.8,0.0,,1,9.799999999999997,3.2666666666666657,낮음
2023-10-01,보령시,0,95.1,69.0,137.9,0.0,,1,4.900000000000006,1.6333333333333353,낮음
2023-10-01,부여군,0,87.1,67.5,129.0,0.0,,1,12.900000000000006,4.300000000000002,낮음
2023-10-01,서산시,0,91.0,73.8,123.4,0.0,,1,9.0,3.0,낮음
2023-10-01,서천군,0,85.8,66.0,130.0,0.0,,1,14.200000000000003,4.733333333333334,낮음
2023-10-01,아산시,0,96.8,79.0,122.5,0.0,,1,3.200000000000003,1.0666666666666675,낮음
2023-10-01,예산군,0,70.6,62.8,112.3,0.0,,1,29.400000000000006,9.800000000000002,낮음
2023-10-01,천안시,0,98.5,75.2,131.0,0.0,,1,1.5,0.5,낮음
2023-10-01,청양군,0,97.1,73.5,132.2,0.0,,1,2.9000000000000057,0.9666666666666686,낮음
2023-10-01,태안군,0,93.5,80.8,115.7,0.0,,1,6.5,2.1666666666666665,낮음
2023-10-01,홍성군,0,89.8,69.1,130.0,0.0,,1,10.200000000000003,3.400000000000001,낮음
2023-10-02,계룡시,0,77.0,100.0,77.0,23.0,,1,23.0,15.333333333333334,낮음
2023-10-02,공주시,0,89.2,64.3,138.8,0.0,,1,10.799999999999997,3.599999999999999,낮음
2023-10-02,금산군,0,94.6,67.8,139.5,0.0,,1,5.400000000000006,1.8000000000000018,낮음
2023-10-02,논산시,0,82.2,63.6,129.3,0.0,,1,17.799999999999997,5.933333333333333,낮음
2023-10-02,당진시,0,90.2,77.2,116.8,0.0,,1,9.799999999999997,3.2666666666666657,낮음
2023-10-02,보령시,0,95.1,69.0,137.9,0.0,,1,4.900000000000006,1.6333333333333353,낮음
2023-10-02,부여군,0,87.1,67.6,128.9,0.0,,1,12.900000000000006,4.300000000000002,낮음
2023-10-02,서산시,0,91.0,73.8,123.3,0.0,,1,9.0,3.0,낮음
2023-10-02,서천군,0,85.8,66.1,129.8,0.0,,1,14.200000000000003,4.733333333333334,낮음
2023-10-02,아산시,0,96.8,79.0,122.6,0.0,,1,3.200000000000003,1.0666666666666675,낮음
2023-10-02,예산군,0,70.6,63.0,112.0,0.0,,1,29.400000000000006,9.800000000000002,낮음
2023-10-02,천안시,0,98.5,75.4,130.6,0.0,,1,1.5,0.5,낮음
2023-10-02,청양군,0,97.1,73.6,132.0,0.0,,1,2.9000000000000057,0.9666666666666686,낮음
2023-10-02,태안군,0,93.5,80.9,115.6,0.0,,1,6.5,2.1666666666666665,낮음
2023-10-02,홍성군,0,89.8,69.0,130.1,0.0,,1,10.200000000000003,3.400000000000001,낮음
2023-10-03,계룡시,0,77.0,100.0,77.0,23.0,,1,23.0,15.333333333333334,낮음
2023-10-03,공주시,0,89.2,64.4,138.6,0.0,,1,10.799999999999997,3.599999999999999,낮음
2023-10-03,금산군,0,94.6,67.8,139.4,0.0,,1,5.400000000000006,1.8000000000000018,낮음
2023-10-03,논산시,0,82.2,63.7,128.9,0.0,,1,17.799999999999997,5.933333333333333,낮음
2023-10-03,당진시,0,90.2,77.3,116.6,0.0,,1,9.799999999999997,3.2666666666666657,낮음
2023-10-03,보령시,0,95.1,69.1,137.7,0.0,,1,4.900000000000006,1.6333333333333353,낮음
2023-10-03,부여군,0,87.1,67.8,128.5,0.0,,1,12.900000000000006,4.300000000000002,낮음
2023-10-03,서산시,0,91.0,73.9,123.1,0.0,,1,9.0,3.0,낮음
2023-10-03,서천군,0,85.8,66.3,129.3,0.0,,1,14.200000000000003,4.733333333333334,낮음
2023-10-03,아산시,0,96.8,79.0,122.5,0.0,,1,3.200000000000003,1.0666666666666675,낮음
2023-10-03,예산군,0,70.6,63.2,111.7,0.0,,1,29.400000000000006,9.800000000000002,낮음
2023-10-03,천안시,0,98.5,75.7,130.0,0.0,,1,1.5,0.5,낮음
2023-10-03,청양군,0,97.1,73.8,131.6,0.0,,1,2.9000000000000057,0.9666666666666686,낮음
2023-10-03,태안군,0,93.5,81.0,115.4,0.0,,1,6.5,2.1666666666666665,낮음
2023-10-03,홍성군,0,89.8,69.1,129.9,0.0,,1,10.200000000000003,3.400000000000001,낮음
2023-10-04,계룡시,0,77.0,100.0,77.0,23.0,,2,23.0,15.333333333333334,낮음
2023-10-04,공주시,0,85.4,64.5,132.4,0.0,,2,14.599999999999994,4.8666666666666645,낮음
2023-10-04,금산군,0,93.3,67.9,137.5,0.0,,2,6.700000000000003,2.2333333333333343,낮음
2023-10-04,논산시,0,84.4,64.0,132.0,0.0,,2,15.599999999999994,5.199999999999998,낮음
2023-10-04,당진시,0,85.7,77.3,110.7,0.0,,2,14.299999999999997,4.766666666666666,낮음
2023-10-04,보령시,0,90.4,69.2,130.7,0.0,,2,9.599999999999994,3.199999999999998,낮음
2023-10-04,부여군,0,89.0,68.3,130.4,0.0,,2,11.0,3.6666666666666665,낮음
2023-10-04,서산시,0,88.3,74.1,119.1,0.0,,2,11.700000000000003,3.900000000000001,낮음
2023-10-04,서천군,0,87.8,66.7,131.6,0.0,,2,12.200000000000003,4.066666666666667,낮음
2023-10-04,아산시,0,95.4,79.1,120.6,0.0,,2,4.599999999999994,1.5333333333333314,낮음
2023-10-04,예산군,0,81.2,63.6,127.6,0.0,,2,18.799999999999997,6.266666666666666,낮음
2023-10-04,천안시,0,97.7,76.0,128.5,0.0,,2,2.299999999999997,0.7666666666666657,낮음
2023-10-04,청양군,0,96.4,74.0,130.2,0.0,,2,3.5999999999999943,1.1999999999999982,낮음
2023-10-04,태안군,0,93.6,81.3,115.1,0.0,,2,6.400000000000006,2.133333333333335,낮음
2023-10-04,홍성군,0,87.5,69.3,126.3,0.0,,2,12.5,4.166666666666667,낮음
2023-10-05,계룡시,0,77.0,100.0,77.0,23.0,,1,23.0,15.333333333333334,낮음
2023-10-05,공주시,0,85.1,64.6,131.7,0.0,,1,14.900000000000006,4.966666666666669,낮음
2023-10-05,금산군,0,93.0,68.0,136.8,0.0,,1,7.0,2.3333333333333335,낮음
2023-10-05,논산시,0,84.4,64.2,131.4,0.0,,1,15.599999999999994,5.199999999999998,낮음
2023-10-05,당진시,0,85.7,77.4,110.7,0.0,,1,14.299999999999997,4.766666666666666,낮음
2023-10-05,보령시,0,90.7,69.4,130.6,0.0,,1,9.299999999999997,3.099999999999999,낮음
2023-10-05,부여군,0,89.1,68.4,130.2,0.0,,1,10.900000000000006,3.633333333333335,낮음
2023-10-05,서산시,0,86.1,74.4,115.7,0.0,,1,13.900000000000006,4.6333333333333355,낮음
2023-10-05,서천군,0,88.0,66.9,131.5,0.0,,1,12.0,4.0,낮음
2023-10-05,아산시,0,94.2,79.2,119.0,0.0,,1,5.799999999999997,1.9333333333333325,낮음
2023-10-05,예산군,0,72.3,63.3,114.3,0.0,,1,27.700000000000003,9.233333333333334,낮음
2023-10-05,천안시,0,97.7,76.2,128.2,0.0,,1,2.299999999999997,0.7666666666666657,낮음
2023-10-05,청양군,0,96.3,74.3,129.6,0.0,,1,3.700000000000003,1.2333333333333343,낮음
2023-10-05,태안군,0,93.5,81.5,114.7,0.0,,1,6.5,2.1666666666666665,낮음
2023-10-05,홍성군,0,86.4,69.5,124.4,0.0,,1,13.599999999999994,4.533333333333331,낮음
2023-10-06,계룡시,0,77.0,100.0,77.0,23.0,,1,23.0,15.333333333333334,낮음
2023-10-06,공주시,0,85.3,64.8,131.8,0.0,,1,14.700000000000003,4.900000000000001,낮음
2023-10-06,금산군,0,92.7,68.0,136.3,0.0,,1,7.299999999999997,2.4333333333333322,낮음
2023-10-06,논산시,0,85.1,64.5,131.9,0.0,,1,14.900000000000006,4.966666666666669,낮음
2023-10-06,당진시,0,85.5,77.4,110.4,0.0,,1,14.5,4.833333333333333,낮음
2023-10-06,보령시,0,91.1,69.7,130.7,0.0,,1,8.900000000000006,2.9666666666666686,낮음
2023-10-06,부여군,0,87.0,68.4,127.1,0.0,,1,13.0,4.333333333333333,낮음
2023-10-06,서산시,0,84.4,74.5,113.3,0.0,,1,15.599999999999994,5.199999999999998,낮음
2023-10-06,서천군,0,86.0,67.0,128.4,0.0,,1,14.0,4.666666666666667,낮음
2023-10-06,아산시,0,94.2,79.3,118.8,0.0,,1,5.799999999999997,1.9333333333333325,낮음
2023-10-06,예산군,0,68.4,63.1,108.4,0.0,,1,31.599999999999994,10.533333333333331,낮음
2023-10-06,천안시,0,97.6,76.1,128.3,0.0,,1,2.4000000000000057,0.8000000000000019,낮음
2023-10-06,청양군,0,96.3,74.5,129.3,0.0,,1,3.700000000000003,1.2333333333333343,낮음
2023-10-06,태안군,0,91.4,81.6,112.0,0.0,,1,8.599999999999994,2.866666666666665,낮음
2023-10-06,홍성군,0,85.4,69.6,122.8,0.0,,1,14.599999999999994,4.8666666666666645,낮음
2023-10-07,계룡시,0,77.0,100.0,77.0,23.0,,1,23.0,15.333333333333334,낮음
2023-10-07,공주시,0,85.3,64.9,131.4,0.0,,1,14.700000000000003,4.900000000000001,낮음
2023-10-07,금산군,0,92.7,68.1,136.2,0.0,,1,7.299999999999997,2.4333333333333322,낮음
2023-10-07,논산시,0,85.1,64.8,131.4,0.0,,1,14.900000000000006,4.966666666666669,낮음
2023-10-07,당진시,0,85.5,77.4,110.4,0.0,,1,14.5,4.833333333333333,낮음
2023-10-07,보령시,0,91.1,70.0,130.2,0.0,,1,8.900000000000006,2.9666666666666686,낮음
2023-10-07,부여군,0,87.0,68.5,127.1,0.0,,1,13.0,4.333333333333333,낮음
2023-10-07,서산시,0,84.4,74.8,112.9,0.0,,1,15.599999999999994,5.199999999999998,낮음
2023-10-07,서천군,0,86.0,67.2,128.1,0.0,,1,14.0,4.666666666666667,낮음
2023-10-07,아산시,0,94.2,79.3,118.8,0.0,,1,5.799999999999997,1.9333333333333325,낮음
2023-10-07,예산군,0,68.4,63.0,108.6,0.0,,1,31.599999999999994,10.533333333333331,낮음
2023-10-07,천안시,0,97.6,76.1,128.4,0.0,,1,2.4000000000000057,0.8000000000000019,낮음
2023-10-07,청양군,0,96.3,74.6,129.1,0.0,,1,3.700000000000003,1.2333333333333343,낮음
2023-10-07,태안군,0,91.4,81.8,111.8,0.0,,1,8.599999999999994,2.866666666666665,낮음
2023-10-07,홍성군,0,85.4,69.7,122.5,0.0,,1,14.599999999999994,4.8666666666666645,낮음
2023-10-08,계룡시,0,77.0,100.0,77.0,23.0,,1,23.0,15.333333333333334,낮음
2023-10-08,공주시,0,85.3,65.1,131.2,0.0,,1,14.700000000000003,4.900000000000001,낮음
2023-10-08,금산군,0,92.7,68.2,135.9,0.0,,1,7.299999999999997,2.4333333333333322,낮음
2023-10-08,논산시,0,85.1,65.2,130.5,0.0,,1,14.900000000000006,4.966666666666669,낮음
2023-10-08,당진시,0,85.5,77.4,110.4,0.0,,1,14.5,4.833333333333333,낮음
2023-10-08,보령시,0,91.1,70.2,129.7,0.0,,1,8.900000000000006,2.9666666666666686,낮음
2023-10-08,부여군,0,87.0,68.5,127.1,0.0,,1,13.0,4.333333333333333,낮음
2023-10-08,서산시,0,84.4,75.0,112.6,0.0,,1,15.599999999999994,5.199999999999998,낮음
2023-10-08,서천군,0,86.0,67.4,127.7,0.0,,1,14.0,4.666666666666667,낮음
2023-10-08,아산시,0,94.2,79.3,118.8,0.0,,1,5.799999999999997,1.9333333333333325,낮음
2023-10-08,예산군,0,68.4,63.0,108.7,0.0,,1,31.599999999999994,10.533333333333331,낮음
2023-10-08,천안시,0,97.6,76.1,128.2,0.0,,1,2.4000000000000057,0.8000000000000019,낮음
2023-10-08,청양군,0,96.3,74.7,129.0,0.0,,1,3.700000000000003,1.2333333333333343,낮음
2023-10-08,태안군,0,91.4,81.9,111.6,0.0,,1,8.599999999999994,2.866666666666665,낮음
2023-10-08,홍성군,0,85.4,69.8,122.3,0.0,,1,14.599999999999994,4.8666666666666645,낮음
2023-10-09,계룡시,0,77.0,100.0,77.0,23.0,,1,23.0,15.333333333333334,낮음
2023-10-09,공주시,0,85.3,65.1,131.0,0.0,,1,14.700000000000003,4.900000000000001,낮음
2023-10-09,금산군,0,92.7,68.4,135.6,0.0,,1,7.299999999999997,2.4333333333333322,낮음
2023-10-09,논산시,0,85.1,65.7,129.5,0.0,,1,14.900000000000006,4.966666666666669,낮음
2023-10-09,당진시,0,85.5,77.4,110.4,0.0,,1,14.5,4.833333333333333,낮음
2023-10-09,보령시,0,91.1,70.4,129.4,0.0,,1,8.900000000000006,2.9666666666666686,낮음
2023-10-09,부여군,0,87.0,68.5,127.0,0.0,,1,13.0,4.333333333333333,낮음
2023-10-09,서산시,0,84.4,75.1,112.5,0.0,,1,15.599999999999994,5.199999999999998,낮음
2023-10-09,서천군,0,86.0,67.5,127.4,0.0,,1,14.0,4.666666666666667,낮음
2023-10-09,아산시,0,94.2,79.3,118.8,0.0,,1,5.799999999999997,1.9333333333333325,낮음
2023-10-09,예산군,0,68.4,63.1,108.5,0.0,,1,31.599999999999994,10.533333333333331,낮음
2023-10-09,천안시,0,97.6,76.3,128.0,0.0,,1,2.4000000000000057,0.8000000000000019,낮음
2023-10-09,청양군,0,96.3,74.7,128.9,0.0,,1,3.700000000000003,1.2333333333333343,낮음
2023-10-09,태안군,0,91.4,82.1,111.4,0.0,,1,8.599999999999994,2.866666666666665,낮음
2023-10-09,홍성군,0,85.4,69.9,122.2,0.0,,1,14.599999999999994,4.8666666666666645,낮음
2023-10-10,계룡시,0,77.0,100.0,77.0,23.0,,1,23.0,15.333333333333334,낮음
2023-10-10,공주시,0,85.7,65.3,131.3,0.0,,1,14.299999999999997,4.766666666666666,낮음
2023-10-10,금산군,0,92.3,68.6,134.5,0.0,,1,7.700000000000003,2.5666666666666678,낮음
2023-10-10,논산시,0,83.1,65.9,126.1,0.0,,1,16.900000000000006,5.6333333333333355,낮음
2023-10-10,당진시,0,83.4,77.4,107.8,0.0,,1,16.599999999999994,5.533333333333331,낮음
2023-10-10,보령시,0,87.5,70.4,124.3,0.0,,1,12.5,4.166666666666667,낮음
2023-10-10,부여군,0,87.0,68.6,126.8,0.0,,1,13.0,4.333333333333333,낮음
2023-10-10,서산시,0,83.3,75.1,110.8,0.0,,1,16.700000000000003,5.566666666666667,낮음
2023-10-10,서천군,0,86.9,67.7,128.5,0.0,,1,13.099999999999994,4.3666666666666645,낮음
2023-10-10,아산시,0,94.3,79.4,118.9,0.0,,1,5.700000000000003,1.900000000000001,낮음
2023-10-10,예산군,0,71.3,63.3,112.7,0.0,,1,28.700000000000003,9.566666666666668,낮음
2023-10-10,천안시,0,97.6,76.4,127.8,0.0,,1,2.4000000000000057,0.8000000000000019,낮음
2023-10-10,청양군,0,96.5,74.8,128.9,0.0,,1,3.5,1.1666666666666667,낮음
2023-10-10,태안군,0,91.0,82.1,110.8,0.0,,1,9.0,3.0,낮음
2023-10-10,홍성군,0,83.5,69.9,119.5,0.0,,1,16.5,5.5,낮음
2023-10-11,계룡시,0,77.0,100.0,77.0,23.0,,1,23.0,15.333333333333334,낮음
2023-10-11,공주시,0,85.8,65.4,131.2,0.0,,1,14.200000000000003,4.733333333333334,낮음
2023-10-11,금산군,0,92.3,68.7,134.3,0.0,,1,7.700000000000003,2.5666666666666678,낮음
2023-10-11,논산시,0,82.0,66.0,124.3,0.0,,1,18.0,6.0,낮음
2023-10-11,당진시,0,83.2,77.3,107.6,0.0,,1,16.799999999999997,5.599999999999999,낮음
2023-10-11,보령시,0,86.7,70.6,122.8,0.0,,1,13.299999999999997,4.433333333333333,낮음
2023-10-11,부여군,0,87.3,68.7,127.0,0.0,,1,12.700000000000003,4.233333333333334,낮음
2023-10-11,서산시,0,82.9,75.2,110.3,0.0,,1,17.099999999999994,5.699999999999998,낮음
2023-10-11,서천군,0,87.1,67.8,128.6,0.0,,1,12.900000000000006,4.300000000000002,낮음
2023-10-11,아산시,0,93.9,79.3,118.4,0.0,,1,6.099999999999994,2.0333333333333314,낮음
2023-10-11,예산군,0,71.8,63.6,113.0,0.0,,1,28.200000000000003,9.4,낮음
2023-10-11,천안시,0,97.6,76.5,127.6,0.0,,1,2.4000000000000057,0.8000000000000019,낮음
2023-10-11,청양군,0,96.5,75.0,128.6,0.0,,1,3.5,1.1666666666666667,낮음
2023-10-11,태안군,0,90.8,82.1,110.6,0.0,,1,9.200000000000003,3.0666666666666678,낮음
2023-10-11,홍성군,0,83.3,69.9,119.2,0.0,,1,16.700000000000003,5.566666666666667,낮음
2023-10-12,계룡시,0,77.0,100.0,77.0,23.0,,1,23.0,15.333333333333334,낮음
2023-10-12,공주시,0,85.9,65.4,131.4,0.0,,1,14.099999999999994,4.699999999999998,낮음
2023-10-12,금산군,0,92.3,68.8,134.2,0.0,,1,7.700000000000003,2.5666666666666678,낮음
2023-10-12,논산시,0,81.6,66.0,123.5,0.0,,1,18.400000000000006,6.1333333333333355,낮음
2023-10-12,당진시,0,83.1,77.2,107.6,0.0,,1,16.900000000000006,5.6333333333333355,낮음
2023-10-12,보령시,0,85.3,70.7,120.7,0.0,,1,14.700000000000003,4.900000000000001,낮음
2023-10-12,부여군,0,87.6,68.8,127.3,0.0,,1,12.400000000000006,4.1333333333333355,낮음
2023-10-12,서산시,0,82.1,75.2,109.2,0.0,,1,17.900000000000006,5.966666666666669,낮음
2023-10-12,서천군,0,87.5,67.9,128.9,0.0,,1,12.5,4.166666666666667,낮음
2023-10-12,아산시,0,93.4,79.3,117.8,0.0,,1,6.599999999999994,2.199999999999998,낮음
2023-10-12,예산군,0,72.4,63.8,113.4,0.0,,1,27.599999999999994,9.199999999999998,낮음
2023-10-12,천안시,0,97.5,76.6,127.4,0.0,,1,2.5,0.8333333333333334,낮음
2023-10-12,청양군,0,96.5,75.2,128.4,0.0,,1,3.5,1.1666666666666667,낮음
2023-10-12,태안군,0,90.8,82.1,110.6,0.0,,1,9.200000000000003,3.0666666666666678,낮음
2023-10-12,홍성군,0,83.1,69.9,118.8,0.0,,1,16.900000000000006,5.6333333333333355,낮음
2023-10-13,계룡시,0,93.0,100.0,93.0,7.0,,1,7.0,4.666666666666667,낮음
2023-10-13,공주시,0,86.3,65.3,132.3,0.0,,1,13.700000000000003,4.566666666666667,낮음
2023-10-13,금산군,0,92.3,68.3,135.1,0.0,,1,7.700000000000003,2.5666666666666678,낮음
2023-10-13,논산시,0,80.3,66.0,121.7,0.0,,1,19.700000000000003,6.566666666666667,낮음
2023-10-13,당진시,0,79.8,77.1,103.5,0.0,,1,20.200000000000003,6.733333333333334,낮음
2023-10-13,보령시,0,84.1,70.6,119.0,0.0,,1,15.900000000000006,5.300000000000002,낮음
2023-10-13,부여군,0,88.5,68.8,128.6,0.0,,1,11.5,3.8333333333333335,낮음
2023-10-13,서산시,0,80.9,75.1,107.7,0.0,,1,19.099999999999994,6.3666666666666645,낮음
2023-10-13,서천군,0,87.9,67.9,129.4,0.0,,1,12.099999999999994,4.033333333333331,낮음
2023-10-13,아산시,0,92.7,79.3,117.0,0.0,,1,7.299999999999997,2.4333333333333322,낮음
2023-10-13,예산군,0,72.8,63.9,113.9,0.0,,1,27.200000000000003,9.066666666666668,낮음
2023-10-13,천안시,0,96.8,76.4,126.7,0.0,,1,3.200000000000003,1.0666666666666675,낮음
2023-10-13,청양군,0,96.2,75.2,128.0,0.0,,1,3.799999999999997,1.2666666666666657,낮음
2023-10-13,태안군,0,91.5,81.6,112.1,0.0,,1,8.5,2.8333333333333335,낮음
2023-10-13,홍성군,0,80.9,69.8,115.9,0.0,,1,19.099999999999994,6.3666666666666645,낮음
2023-10-14,계룡시,0,93.0,100.0,93.0,7.0,,1,7.0,4.666666666666667,낮음
2023-10-14,공주시,0,86.3,65.3,132.2,0.0,,1,13.700000000000003,4.566666666666667,낮음
2023-10-14,금산군,0,92.3,68.3,135.1,0.0,,1,7.700000000000003,2.5666666666666678,낮음
2023-10-14,논산시,0,80.3,66.0,121.7,0.0,,1,19.700000000000003,6.566666666666667,낮음
2023-10-14,당진시,0,79.8,77.0,103.6,0.0,,1,20.200000000000003,6.733333333333334,낮음
2023-10-14,보령시,0,84.1,70.8,118.8,0.0,,1,15.900000000000006,5.300000000000002,낮음
2023-10-14,부여군,0,88.5,68.8,128.5,0.0,,1,11.5,3.8333333333333335,낮음
2023-10-14,서산시,0,80.9,75.1,107.7,0.0,,1,19.099999999999994,6.3666666666666645,낮음
2023-10-14,서천군,0,87.9,68.0,129.3,0.0,,1,12.099999999999994,4.033333333333331,낮음
2023-10-14,아산시,0,92.7,79.3,117.0,0.0,,1,7.299999999999997,2.4333333333333322,낮음
2023-10-14,예산군,0,72.8,64.1,113.6,0.0,,1,27.200000000000003,9.066666666666668,낮음
2023-10-14,천안시,0,96.8,76.5,126.6,0.0,,1,3.200000000000003,1.0666666666666675,낮음
2023-10-14,청양군,0,96.2,75.3,127.8,0.0,,1,3.799999999999997,1.2666666666666657,낮음
2023-10-14,태안군,0,91.5,81.6,112.0,0.0,,1,8.5,2.8333333333333335,낮음
2023-10-14,홍성군,0,80.9,69.8,115.9,0.0,,1,19.099999999999994,6.3666666666666645,낮음
2023-10-15,계룡시,0,93.0,100.0,93.0,7.0,,1,7.0,4.666666666666667,낮음
2023-10-15,공주시,0,86.3,65.3,132.2,0.0,,1,13.700000000000003,4.566666666666667,낮음
2023-10-15,금산군,0,92.3,68.3,135.1,0.0,,1,7.700000000000003,2.5666666666666678,낮음
2023-10-15,논산시,0,80.3,66.0,121.6,0.0,,1,19.700000000000003,6.566666666666667,낮음
2023-10-15,당진시,0,79.8,77.0,103.6,0.0,,1,20.200000000000003,6.733333333333334,낮음
2023-10-15,보령시,0,84.1,70.9,118.6,0.0,,1,15.900000000000006,5.300000000000002,낮음
2023-10-15,부여군,0,88.5,68.9,128.5,0.0,,1,11.5,3.8333333333333335,낮음
2023-10-15,서산시,0,80.9,75.2,107.7,0.0,,1,19.099999999999994,6.3666666666666645,낮음
2023-10-15,서천군,0,87.9,68.0,129.3,0.0,,1,12.099999999999994,4.033333333333331,낮음
2023-10-15,아산시,0,92.7,79.2,117.0,0.0,,1,7.299999999999997,2.4333333333333322,낮음
2023-10-15,예산군,0,72.8,64.3,113.2,0.0,,1,27.200000000000003,9.066666666666668,낮음
2023-10-15,천안시,0,96.8,76.5,126.5,0.0,,1,3.200000000000003,1.0666666666666675,낮음
2023-10-15,청양군,0,96.2,75.4,127.6,0.0,,1,3.799999999999997,1.2666666666666657,낮음
2023-10-15,태안군,0,91.5,81.6,112.0,0.0,,1,8.5,2.8333333333333335,낮음
2023-10-15,홍성군,0,80.9,69.8,115.9,0.0,,1,19.099999999999994,6.3666666666666645,낮음
2023-10-16,계룡시,0,93.0,100.0,93.0,7.0,,1,7.0,4.666666666666667,낮음
2023-10-16,공주시,0,86.6,65.4,132.5,0.0,,1,13.400000000000006,4.466666666666669,낮음
2023-10-16,금산군,0,92.3,68.3,135.2,0.0,,1,7.700000000000003,2.5666666666666678,낮음
2023-10-16,논산시,0,78.3,66.0,118.7,0.0,,1,21.700000000000003,7.233333333333334,낮음
2023-10-16,당진시,0,80.6,76.9,104.8,0.0,,1,19.400000000000006,6.466666666666669,낮음
2023-10-16,보령시,0,83.6,71.0,117.8,0.0,,1,16.400000000000006,5.466666666666669,낮음
2023-10-16,부여군,0,89.3,68.9,129.6,0.0,,1,10.700000000000003,3.5666666666666678,낮음
2023-10-16,서산시,0,81.1,75.2,107.9,0.0,,1,18.900000000000006,6.300000000000002,낮음
2023-10-16,서천군,0,89.0,68.1,130.8,0.0,,1,11.0,3.6666666666666665,낮음
2023-10-16,아산시,0,91.1,79.2,115.1,0.0,,1,8.900000000000006,2.9666666666666686,낮음
2023-10-16,예산군,0,71.2,64.5,110.4,0.0,,1,28.799999999999997,9.6,낮음
2023-10-16,천안시,0,96.8,76.6,126.4,0.0,,1,3.200000000000003,1.0666666666666675,낮음
2023-10-16,청양군,0,96.2,75.5,127.4,0.0,,1,3.799999999999997,1.2666666666666657,낮음
2023-10-16,태안군,0,91.6,81.7,112.1,0.0,,1,8.400000000000006,2.800000000000002,낮음
2023-10-16,홍성군,0,81.0,69.8,116.0,0.0,,1,19.0,6.333333333333333,낮음
2023-10-17,계룡시,0,93.0,100.0,93.0,7.0,,1,7.0,4.666666666666667,낮음
2023-10-17,공주시,0,86.7,65.4,132.6,0.0,,1,13.299999999999997,4.433333333333333,낮음
2023-10-17,금산군,0,92.4,68.3,135.3,0.0,,1,7.599999999999994,2.5333333333333314,낮음
2023-10-17,논산시,0,78.9,65.9,119.7,0.0,,1,21.099999999999994,7.033333333333331,낮음
2023-10-17,당진시,0,80.4,76.7,104.8,0.0,,1,19.599999999999994,6.533333333333331,낮음
2023-10-17,보령시,0,84.0,71.1,118.1,0.0,,1,16.0,5.333333333333333,낮음
2023-10-17,부여군,0,89.5,68.9,130.0,0.0,,1,10.5,3.5,낮음
2023-10-17,서산시,0,81.3,75.2,108.0,0.0,,1,18.700000000000003,6.233333333333334,낮음
2023-10-17,서천군,0,89.1,68.1,130.8,0.0,,1,10.900000000000006,3.633333333333335,낮음
2023-10-17,아산시,0,91.4,79.2,115.3,0.0,,1,8.599999999999994,2.866666666666665,낮음
2023-10-17,예산군,0,60.2,64.4,93.5,6.5,,1,39.8,15.433333333333332,낮음
2023-10-17,천안시,0,96.7,76.6,126.3,0.0,,1,3.299999999999997,1.099999999999999,낮음
2023-10-17,청양군,0,96.1,75.5,127.2,0.0,,1,3.9000000000000057,1.3000000000000018,낮음
2023-10-17,태안군,0,91.5,81.8,112.0,0.0,,1,8.5,2.8333333333333335,낮음
2023-10-17,홍성군,0,80.8,69.8,115.8,0.0,,1,19.200000000000003,6.400000000000001,낮음
2023-10-18,계룡시,0,93.0,100.0,93.0,7.0,,1,7.0,4.666666666666667,낮음
2023-10-18,공주시,0,86.7,65.4,132.6,0.0,,1,13.299999999999997,4.433333333333333,낮음
2023-10-18,금산군,0,92.5,68.3,135.3,0.0,,1,7.5,2.5,낮음
2023-10-18,논산시,0,79.0,66.0,119.7,0.0,,1,21.0,7.0,낮음
2023-10-18,당진시,0,79.7,76.6,104.1,0.0,,1,20.299999999999997,6.766666666666666,낮음
2023-10-18,보령시,0,84.2,71.2,118.3,0.0,,1,15.799999999999997,5.266666666666666,낮음
2023-10-18,부여군,0,89.8,68.9,130.2,0.0,,1,10.200000000000003,3.400000000000001,낮음
2023-10-18,서산시,0,81.4,75.2,108.2,0.0,,1,18.599999999999994,6.199999999999998,낮음
2023-10-18,서천군,0,89.3,68.2,131.0,0.0,,1,10.700000000000003,3.5666666666666678,낮음
2023-10-18,아산시,0,91.5,79.3,115.5,0.0,,1,8.5,2.8333333333333335,낮음
2023-10-18,예산군,0,55.6,64.5,86.1,13.900000000000006,,1,44.4,19.433333333333334,낮음
2023-10-18,천안시,0,96.7,76.7,126.1,0.0,,1,3.299999999999997,1.099999999999999,낮음
2023-10-18,청양군,0,96.1,75.6,127.2,0.0,,1,3.9000000000000057,1.3000000000000018,낮음
2023-10-18,태안군,0,91.4,81.8,111.8,0.0,,1,8.599999999999994,2.866666666666665,낮음
2023-10-18,홍성군,0,80.5,69.7,115.5,0.0,,1,19.5,6.5,낮음
2023-10-19,계룡시,0,93.0,100.0,93.0,7.0,,1,7.0,4.666666666666667,낮음
2023-10-19,공주시,0,86.8,65.5,132.6,0.0,,1,13.200000000000003,4.400000000000001,낮음
2023-10-19,금산군,0,92.5,68.3,135.4,0.0,,1,7.5,2.5,낮음
2023-10-19,논산시,0,79.2,66.1,119.9,0.0,,1,20.799999999999997,6.933333333333333,낮음
2023-10-19,당진시,0,79.4,76.5,103.8,0.0,,1,20.599999999999994,6.8666666666666645,낮음
2023-10-19,보령시,0,83.1,71.2,116.7,0.0,,1,16.900000000000006,5.6333333333333355,낮음
2023-10-19,부여군,0,90.0,68.9,130.5,0.0,,1,10.0,3.3333333333333335,낮음
2023-10-19,서산시,0,81.6,75.3,108.4,0.0,,1,18.400000000000006,6.1333333333333355,낮음
2023-10-19,서천군,0,89.6,68.2,131.2,0.0,,1,10.400000000000006,3.4666666666666686,낮음
2023-10-19,아산시,0,91.7,79.3,115.6,0.0,,1,8.299999999999997,2.7666666666666657,낮음
2023-10-19,예산군,0,55.9,64.8,86.2,13.799999999999997,,1,44.1,19.3,낮음
2023-10-19,천안시,0,96.6,76.7,125.9,0.0,,1,3.4000000000000057,1.1333333333333353,낮음
2023-10-19,청양군,0,96.2,75.6,127.2,0.0,,1,3.799999999999997,1.2666666666666657,낮음
2023-10-19,태안군,0,91.5,81.9,111.7,0.0,,1,8.5,2.8333333333333335,낮음
2023-10-19,홍성군,0,80.2,69.6,115.1,0.0,,1,19.799999999999997,6.599999999999999,낮음
2023-10-20,계룡시,0,93.0,100.0,93.0,7.0,,1,7.0,4.666666666666667,낮음
2023-10-20,공주시,0,87.1,65.5,133.0,0.0,,1,12.900000000000006,4.300000000000002,낮음
2023-10-20,금산군,0,92.6,68.3,135.6,0.0,,1,7.400000000000006,2.4666666666666686,낮음
2023-10-20,논산시,0,79.9,66.2,120.8,0.0,,1,20.099999999999994,6.699999999999998,낮음
2023-10-20,당진시,0,80.3,76.5,105.0,0.0,,1,19.700000000000003,6.566666666666667,낮음
2023-10-20,보령시,0,82.6,71.3,115.8,0.0,,1,17.400000000000006,5.800000000000002,낮음
2023-10-20,부여군,0,90.5,69.0,131.2,0.0,,1,9.5,3.1666666666666665,낮음
2023-10-20,서산시,0,82.5,75.4,109.4,0.0,,1,17.5,5.833333333333333,낮음
2023-10-20,서천군,0,89.4,68.3,130.9,0.0,,1,10.599999999999994,3.5333333333333314,낮음
2023-10-20,아산시,0,92.2,79.3,116.2,0.0,,1,7.799999999999997,2.599999999999999,낮음
2023-10-20,예산군,0,56.5,65.1,86.8,13.200000000000003,,1,43.5,18.900000000000002,낮음
2023-10-20,천안시,0,96.8,76.8,125.9,0.0,,1,3.200000000000003,1.0666666666666675,낮음
2023-10-20,청양군,0,96.2,75.7,127.1,0.0,,1,3.799999999999997,1.2666666666666657,낮음
2023-10-20,태안군,0,91.8,81.9,112.1,0.0,,1,8.200000000000003,2.7333333333333343,낮음
2023-10-20,홍성군,0,80.6,69.7,115.7,0.0,,1,19.400000000000006,6.466666666666669,낮음
2023-10-21,계룡시,0,93.0,100.0,93.0,7.0,,1,7.0,4.666666666666667,낮음
2023-10-21,공주시,0,87.1,65.6,132.8,0.0,,1,12.900000000000006,4.300000000000002,낮음
2023-10-21,금산군,0,92.6,68.4,135.5,0.0,,1,7.400000000000006,2.4666666666666686,낮음
2023-10-21,논산시,0,79.9,66.3,120.6,0.0,,1,20.099999999999994,6.699999999999998,낮음
2023-10-21,당진시,0,80.3,76.6,104.8,0.0,,1,19.700000000000003,6.566666666666667,낮음
2023-10-21,보령시,0,82.6,71.6,115.4,0.0,,1,17.400000000000006,5.800000000000002,낮음
2023-10-21,부여군,0,90.5,69.1,131.1,0.0,,1,9.5,3.1666666666666665,낮음
2023-10-21,서산시,0,82.5,75.5,109.2,0.0,,1,17.5,5.833333333333333,낮음
2023-10-21,서천군,0,89.4,68.4,130.7,0.0,,1,10.599999999999994,3.5333333333333314,낮음
2023-10-21,아산시,0,92.2,79.5,116.1,0.0,,1,7.799999999999997,2.599999999999999,낮음
2023-10-21,예산군,0,56.5,65.3,86.5,13.5,,1,43.5,19.0,낮음
2023-10-21,천안시,0,96.8,76.9,125.8,0.0,,1,3.200000000000003,1.0666666666666675,낮음
2023-10-21,청양군,0,96.2,75.7,127.0,0.0,,1,3.799999999999997,1.2666666666666657,낮음
2023-10-21,태안군,0,91.8,82.0,112.0,0.0,,1,8.200000000000003,2.7333333333333343,낮음
2023-10-21,홍성군,0,80.6,69.8,115.5,0.0,,1,19.400000000000006,6.466666666666669,낮음
2023-10-22,계룡시,0,93.0,100.0,93.0,7.0,,1,7.0,4.666666666666667,낮음
2023-10-22,공주시,0,87.1,65.7,132.6,0.0,,1,12.900000000000006,4.300000000000002,낮음
2023-10-22,금산군,0,92.6,68.4,135.4,0.0,,1,7.400000000000006,2.4666666666666686,낮음
2023-10-22,논산시,0,79.9,66.5,120.3,0.0,,1,20.099999999999994,6.699999999999998,낮음
2023-10-22,당진시,0,80.3,76.8,104.5,0.0,,1,19.700000000000003,6.566666666666667,낮음
2023-10-22,보령시,0,82.6,71.8,115.0,0.0,,1,17.400000000000006,5.800000000000002,낮음
2023-10-22,부여군,0,90.5,69.2,130.8,0.0,,1,9.5,3.1666666666666665,낮음
2023-10-22,서산시,0,82.5,75.7,109.0,0.0,,1,17.5,5.833333333333333,낮음
2023-10-22,서천군,0,89.4,68.5,130.5,0.0,,1,10.599999999999994,3.5333333333333314,낮음
2023-10-22,아산시,0,92.2,79.6,115.8,0.0,,1,7.799999999999997,2.599999999999999,낮음
2023-10-22,예산군,0,56.5,65.5,86.2,13.799999999999997,,1,43.5,19.099999999999998,낮음
2023-10-22,천안시,0,96.8,77.0,125.6,0.0,,1,3.200000000000003,1.0666666666666675,낮음
2023-10-22,청양군,0,96.2,75.8,126.8,0.0,,1,3.799999999999997,1.2666666666666657,낮음
2023-10-22,태안군,0,91.8,82.0,111.9,0.0,,1,8.200000000000003,2.7333333333333343,낮음
2023-10-22,홍성군,0,80.6,70.0,115.1,0.0,,1,19.400000000000006,6.466666666666669,낮음
2023-10-23,계룡시,0,93.0,100.0,93.0,7.0,,1,7.0,4.666666666666667,낮음
2023-10-23,공주시,0,87.4,65.8,132.7,0.0,,1,12.599999999999994,4.199999999999998,낮음
2023-10-23,금산군,0,92.8,68.4,135.6,0.0,,1,7.200000000000003,2.400000000000001,낮음
2023-10-23,논산시,0,80.5,66.6,120.8,0.0,,1,19.5,6.5,낮음
2023-10-23,당진시,0,77.8,76.7,101.4,0.0,,1,22.200000000000003,7.400000000000001,낮음
2023-10-23,보령시,0,79.6,71.9,110.8,0.0,,1,20.400000000000006,6.800000000000002,낮음
2023-10-23,부여군,0,91.1,69.3,131.4,0.0,,1,8.900000000000006,2.9666666666666686,낮음
2023-10-23,서산시,0,82.5,75.8,108.9,0.0,,1,17.5,5.833333333333333,낮음
2023-10-23,서천군,0,86.7,68.5,126.6,0.0,,1,13.299999999999997,4.433333333333333,낮음
2023-10-23,아산시,0,92.8,79.8,116.3,0.0,,1,7.200000000000003,2.400000000000001,낮음
2023-10-23,예산군,0,57.9,65.8,88.0,12.0,,1,42.1,18.033333333333335,낮음
2023-10-23,천안시,0,96.4,77.1,125.1,0.0,,1,3.5999999999999943,1.1999999999999982,낮음
2023-10-23,청양군,0,96.2,75.9,126.8,0.0,,1,3.799999999999997,1.2666666666666657,낮음
2023-10-23,태안군,0,91.6,82.1,111.6,0.0,,1,8.400000000000006,2.800000000000002,낮음
2023-10-23,홍성군,0,80.3,70.2,114.4,0.0,,1,19.700000000000003,6.566666666666667,낮음
2023-10-24,계룡시,0,93.0,100.0,93.0,7.0,,1,7.0,4.666666666666667,낮음
2023-10-24,공주시,0,87.4,65.9,132.5,0.0,,1,12.599999999999994,4.199999999999998,낮음
2023-10-24,금산군,0,92.8,68.4,135.6,0.0,,1,7.200000000000003,2.400000000000001,낮음
2023-10-24,논산시,0,80.6,66.8,120.7,0.0,,1,19.400000000000006,6.466666666666669,낮음
2023-10-24,당진시,0,77.6,76.7,101.2,0.0,,1,22.400000000000006,7.466666666666669,낮음
2023-10-24,보령시,0,80.0,72.0,111.1,0.0,,1,20.0,6.666666666666667,낮음
2023-10-24,부여군,0,91.3,69.4,131.4,0.0,,1,8.700000000000003,2.900000000000001,낮음
2023-10-24,서산시,0,82.7,75.8,109.0,0.0,,1,17.299999999999997,5.766666666666666,낮음
2023-10-24,서천군,0,86.1,68.6,125.6,0.0,,1,13.900000000000006,4.6333333333333355,낮음
2023-10-24,아산시,0,93.0,79.9,116.3,0.0,,1,7.0,2.3333333333333335,낮음
2023-10-24,예산군,0,58.7,66.1,88.9,11.099999999999994,,1,41.3,17.466666666666665,낮음
2023-10-24,천안시,0,96.4,77.2,124.9,0.0,,1,3.5999999999999943,1.1999999999999982,낮음
2023-10-24,청양군,0,96.2,75.9,126.6,0.0,,1,3.799999999999997,1.2666666666666657,낮음
2023-10-24,태안군,0,91.6,82.1,111.5,0.0,,1,8.400000000000006,2.800000000000002,낮음
2023-10-24,홍성군,0,80.2,70.2,114.2,0.0,,1,19.799999999999997,6.599999999999999,낮음
2023-10-25,계룡시,0,93.0,100.0,93.0,7.0,,1,7.0,4.666666666666667,낮음
2023-10-25,공주시,0,87.4,66.0,132.5,0.0,,1,12.599999999999994,4.199999999999998,낮음
2023-10-25,금산군,0,92.9,68.4,135.8,0.0,,1,7.099999999999994,2.366666666666665,낮음
2023-10-25,논산시,0,80.8,66.9,120.7,0.0,,1,19.200000000000003,6.400000000000001,낮음
2023-10-25,당진시,0,77.0,76.6,100.6,0.0,,1,23.0,7.666666666666667,낮음
2023-10-25,보령시,0,80.1,72.1,111.2,0.0,,1,19.900000000000006,6.6333333333333355,낮음
2023-10-25,부여군,0,91.5,69.5,131.5,0.0,,1,8.5,2.8333333333333335,낮음
2023-10-25,서산시,0,82.8,75.9,109.1,0.0,,1,17.200000000000003,5.733333333333334,낮음
2023-10-25,서천군,0,86.1,68.7,125.4,0.0,,1,13.900000000000006,4.6333333333333355,낮음
2023-10-25,아산시,0,93.0,80.0,116.2,0.0,,1,7.0,2.3333333333333335,낮음
2023-10-25,예산군,0,59.1,66.3,89.0,11.0,,1,40.9,17.3,낮음
2023-10-25,천안시,0,95.8,77.2,124.1,0.0,,1,4.200000000000003,1.400000000000001,낮음
2023-10-25,청양군,0,96.1,76.0,126.5,0.0,,1,3.9000000000000057,1.3000000000000018,낮음
2023-10-25,태안군,0,91.7,82.2,111.5,0.0,,1,8.299999999999997,2.7666666666666657,낮음
2023-10-25,홍성군,0,80.2,70.3,114.0,0.0,,1,19.799999999999997,6.599999999999999,낮음
2023-10-26,계룡시,0,93.0,100.0,93.0,7.0,,1,7.0,4.666666666666667,낮음
2023-10-26,공주시,0,87.6,66.1,132.6,0.0,,1,12.400000000000006,4.1333333333333355,낮음
2023-10-26,금산군,0,93.0,68.4,136.1,0.0,,1,7.0,2.3333333333333335,낮음
2023-10-26,논산시,0,80.8,67.1,120.4,0.0,,1,19.200000000000003,6.400000000000001,낮음
2023-10-26,당진시,0,76.5,76.6,100.0,0.0,,1,23.5,7.833333333333333,낮음
2023-10-26,보령시,0,80.3,72.1,111.3,0.0,,1,19.700000000000003,6.566666666666667,낮음
2023-10-26,부여군,0,91.7,69.7,131.6,0.0,,1,8.299999999999997,2.7666666666666657,낮음
2023-10-26,서산시,0,82.9,76.0,109.1,0.0,,1,17.099999999999994,5.699999999999998,낮음
2023-10-26,서천군,0,85.8,68.8,124.8,0.0,,1,14.200000000000003,4.733333333333334,낮음
2023-10-26,아산시,0,93.3,80.1,116.4,0.0,,1,6.700000000000003,2.2333333333333343,낮음
2023-10-26,예산군,0,59.4,66.5,89.4,10.599999999999994,,1,40.6,17.066666666666666,낮음
2023-10-26,천안시,0,95.1,77.2,123.2,0.0,,1,4.900000000000006,1.6333333333333353,낮음
2023-10-26,청양군,0,96.3,76.1,126.6,0.0,,1,3.700000000000003,1.2333333333333343,낮음
2023-10-26,태안군,0,91.6,82.3,111.4,0.0,,1,8.400000000000006,2.800000000000002,낮음
2023-10-26,홍성군,0,80.1,70.4,113.8,0.0,,1,19.900000000000006,6.6333333333333355,낮음
2023-10-27,계룡시,0,93.0,100.0,93.0,7.0,,1,7.0,4.666666666666667,낮음
2023-10-27,공주시,0,87.6,66.2,132.4,0.0,,1,12.400000000000006,4.1333333333333355,낮음
2023-10-27,금산군,0,93.1,68.2,136.4,0.0,,1,6.900000000000006,2.300000000000002,낮음
2023-10-27,논산시,0,80.8,67.2,120.2,0.0,,1,19.200000000000003,6.400000000000001,낮음
2023-10-27,당진시,0,76.7,76.6,100.1,0.0,,1,23.299999999999997,7.766666666666666,낮음
2023-10-27,보령시,0,80.5,72.2,111.5,0.0,,1,19.5,6.5,낮음
2023-10-27,부여군,0,91.9,69.8,131.7,0.0,,1,8.099999999999994,2.699999999999998,낮음
2023-10-27,서산시,0,83.1,76.1,109.1,0.0,,1,16.900000000000006,5.6333333333333355,낮음
2023-10-27,서천군,0,85.7,68.8,124.4,0.0,,1,14.299999999999997,4.766666666666666,낮음
2023-10-27,아산시,0,93.3,80.2,116.4,0.0,,1,6.700000000000003,2.2333333333333343,낮음
2023-10-27,예산군,0,60.0,66.7,89.9,10.099999999999994,,1,40.0,16.7,낮음
2023-10-27,천안시,0,94.3,77.3,122.1,0.0,,1,5.700000000000003,1.900000000000001,낮음
2023-10-27,청양군,0,96.2,76.1,126.4,0.0,,1,3.799999999999997,1.2666666666666657,낮음
2023-10-27,태안군,0,91.6,82.3,111.3,0.0,,1,8.400000000000006,2.800000000000002,낮음
2023-10-27,홍성군,0,80.0,70.5,113.6,0.0,,1,20.0,6.666666666666667,낮음
2023-10-28,계룡시,0,93.0,100.0,93.0,7.0,,1,7.0,4.666666666666667,낮음
2023-10-28,공주시,0,87.6,66.3,132.3,0.0,,1,12.400000000000006,4.1333333333333355,낮음
2023-10-28,금산군,0,93.1,68.1,136.7,0.0,,1,6.900000000000006,2.300000000000002,낮음
2023-10-28,논산시,0,80.8,67.4,119.9,0.0,,1,19.200000000000003,6.400000000000001,낮음
2023-10-28,당진시,0,76.7,76.6,100.1,0.0,,1,23.299999999999997,7.766666666666666,낮음
2023-10-28,보령시,0,80.5,72.3,111.4,0.0,,1,19.5,6.5,낮음
2023-10-28,부여군,0,91.3,69.8,130.7,0.0,,1,8.700000000000003,2.900000000000001,낮음
2023-10-28,서산시,0,83.1,76.2,109.0,0.0,,1,16.900000000000006,5.6333333333333355,낮음
2023-10-28,서천군,0,85.8,69.0,124.4,0.0,,1,14.200000000000003,4.733333333333334,낮음
2023-10-28,아산시,0,93.3,80.3,116.2,0.0,,1,6.700000000000003,2.2333333333333343,낮음
2023-10-28,예산군,0,60.0,66.9,89.7,10.299999999999997,,1,40.0,16.766666666666666,낮음
2023-10-28,천안시,0,93.8,77.3,121.3,0.0,,1,6.200000000000003,2.0666666666666678,낮음
2023-10-28,청양군,0,96.2,76.2,126.3,0.0,,1,3.799999999999997,1.2666666666666657,낮음
2023-10-28,태안군,0,91.6,82.3,111.3,0.0,,1,8.400000000000006,2.800000000000002,낮음
2023-10-28,홍성군,0,80.0,70.5,113.5,0.0,,1,20.0,6.666666666666667,낮음
2023-10-29,계룡시,0,93.0,100.0,93.0,7.0,,1,7.0,4.666666666666667,낮음
2023-10-29,공주시,0,87.6,66.3,132.2,0.0,,1,12.400000000000006,4.1333333333333355,낮음
2023-10-29,금산군,0,93.2,68.1,136.9,0.0,,1,6.799999999999997,2.2666666666666657,낮음
2023-10-29,논산시,0,80.8,67.6,119.6,0.0,,1,19.200000000000003,6.400000000000001,낮음
2023-10-29,당진시,0,76.7,76.5,100.2,0.0,,1,23.299999999999997,7.766666666666666,낮음
2023-10-29,보령시,0,80.5,72.4,111.2,0.0,,1,19.5,6.5,낮음
2023-10-29,부여군,0,90.7,69.9,129.8,0.0,,1,9.299999999999997,3.099999999999999,낮음
2023-10-29,서산시,0,83.1,76.3,108.8,0.0,,1,16.900000000000006,5.6333333333333355,낮음
2023-10-29,서천군,0,85.9,69.1,124.3,0.0,,1,14.099999999999994,4.699999999999998,낮음
2023-10-29,아산시,0,93.3,80.4,116.1,0.0,,1,6.700000000000003,2.2333333333333343,낮음
2023-10-29,예산군,0,60.0,67.0,89.5,10.5,,1,40.0,16.833333333333332,낮음
2023-10-29,천안시,0,93.8,77.4,121.3,0.0,,1,6.200000000000003,2.0666666666666678,낮음
2023-10-29,청양군,0,96.2,76.2,126.2,0.0,,1,3.799999999999997,1.2666666666666657,낮음
2023-10-29,태안군,0,91.6,82.2,111.3,0.0,,1,8.400000000000006,2.800000000000002,낮음
2023-10-29,홍성군,0,80.0,70.5,113.5,0.0,,1,20.0,6.666666666666667,낮음
2023-10-30,계룡시,0,93.0,100.0,93.0,7.0,,1,7.0,4.666666666666667,낮음
2023-10-30,공주시,0,87.8,66.4,132.3,0.0,,1,12.200000000000003,4.066666666666667,낮음
2023-10-30,금산군,0,93.3,68.1,137.0,0.0,,1,6.700000000000003,2.2333333333333343,낮음
2023-10-30,논산시,0,81.4,67.7,120.2,0.0,,1,18.599999999999994,6.199999999999998,낮음
2023-10-30,당진시,0,77.3,76.4,101.1,0.0,,1,22.700000000000003,7.566666666666667,낮음
2023-10-30,보령시,0,81.0,72.5,111.8,0.0,,1,19.0,6.333333333333333,낮음
2023-10-30,부여군,0,91.1,70.0,130.1,0.0,,1,8.900000000000006,2.9666666666666686,낮음
2023-10-30,서산시,0,83.4,76.5,109.1,0.0,,1,16.599999999999994,5.533333333333331,낮음
2023-10-30,서천군,0,86.1,69.2,124.5,0.0,,1,13.900000000000006,4.6333333333333355,낮음
2023-10-30,아산시,0,93.8,80.4,116.6,0.0,,1,6.200000000000003,2.0666666666666678,낮음
2023-10-30,예산군,0,57.8,67.1,86.3,13.700000000000003,,1,42.2,18.633333333333336,낮음
2023-10-30,천안시,0,93.7,77.4,121.1,0.0,,1,6.299999999999997,2.099999999999999,낮음
2023-10-30,청양군,0,96.4,76.2,126.4,0.0,,1,3.5999999999999943,1.1999999999999982,낮음
2023-10-30,태안군,0,91.4,82.2,111.2,0.0,,1,8.599999999999994,2.866666666666665,낮음
2023-10-30,홍성군,0,80.3,70.5,113.8,0.0,,1,19.700000000000003,6.566666666666667,낮음
2023-10-31,계룡시,0,93.0,100.0,93.0,7.0,,1,7.0,4.666666666666667,낮음
2023-10-31,공주시,0,87.9,65.9,133.4,0.0,,1,12.099999999999994,4.033333333333331,낮음
2023-10-31,금산군,0,93.4,67.9,137.5,0.0,,1,6.599999999999994,2.199999999999998,낮음
2023-10-31,논산시,0,81.2,67.6,120.1,0.0,,1,18.799999999999997,6.266666666666666,낮음
2023-10-31,당진시,0,77.7,76.5,101.6,0.0,,1,22.299999999999997,7.433333333333333,낮음
2023-10-31,보령시,0,81.1,72.2,112.4,0.0,,1,18.900000000000006,6.300000000000002,낮음
2023-10-31,부여군,0,91.3,69.5,131.4,0.0,,1,8.700000000000003,2.900000000000001,낮음
2023-10-31,서산시,0,83.3,76.2,109.4,0.0,,1,16.700000000000003,5.566666666666667,낮음
2023-10-31,서천군,0,86.2,69.0,124.8,0.0,,1,13.799999999999997,4.599999999999999,낮음
2023-10-31,아산시,0,93.9,80.0,117.5,0.0,,1,6.099999999999994,2.0333333333333314,낮음
2023-10-31,예산군,0,58.3,66.8,87.2,12.799999999999997,,1,41.7,18.166666666666668,낮음
2023-10-31,천안시,0,93.7,77.5,120.8,0.0,,1,6.299999999999997,2.099999999999999,낮음
2023-10-31,청양군,0,96.4,75.7,127.3,0.0,,1,3.5999999999999943,1.1999999999999982,낮음
2023-10-31,태안군,0,91.0,82.0,111.0,0.0,,1,9.0,3.0,낮음
2023-10-31,홍성군,0,80.4,69.9,115.1,0.0,,1,19.599999999999994,6.533333333333331,낮음
2023-11-01,계룡시,0,93.0,100.0,93.0,7.0,,2,7.0,4.666666666666667,낮음
2023-11-01,공주시,0,87.9,66.0,133.1,0.0,,2,12.099999999999994,4.033333333333331,낮음
2023-11-01,금산군,0,93.5,68.0,137.5,0.0,,2,6.5,2.1666666666666665,낮음
2023-11-01,논산시,0,81.2,67.8,119.8,0.0,,2,18.799999999999997,6.266666666666666,낮음
2023-11-01,당진시,0,78.1,76.5,102.1,0.0,,2,21.900000000000006,7.300000000000002,낮음
2023-11-01,보령시,0,81.2,72.3,112.4,0.0,,2,18.799999999999997,6.266666666666666,낮음
2023-11-01,부여군,0,91.4,69.6,131.4,0.0,,2,8.599999999999994,2.866666666666665,낮음
2023-11-01,서산시,0,83.4,76.2,109.3,0.0,,2,16.599999999999994,5.533333333333331,낮음
2023-11-01,서천군,0,86.3,69.2,124.7,0.0,,2,13.700000000000003,4.566666666666667,낮음
2023-11-01,아산시,0,94.0,80.0,117.5,0.0,,2,6.0,2.0,낮음
2023-11-01,예산군,0,58.6,67.1,87.3,12.700000000000003,,2,41.4,18.033333333333335,낮음
2023-11-01,천안시,0,93.7,77.6,120.8,0.0,,2,6.299999999999997,2.099999999999999,낮음
2023-11-01,청양군,0,96.3,75.8,127.1,0.0,,2,3.700000000000003,1.2333333333333343,낮음
2023-11-01,태안군,0,90.9,82.0,110.8,0.0,,2,9.099999999999994,3.0333333333333314,낮음
2023-11-01,홍성군,0,80.5,69.9,115.1,0.0,,2,19.5,6.5,낮음
2023-11-02,계룡시,0,93.0,100.0,93.0,7.0,,1,7.0,4.666666666666667,낮음
2023-11-02,공주시,0,88.0,66.2,133.0,0.0,,1,12.0,4.0,낮음
2023-11-02,금산군,0,93.6,68.0,137.6,0.0,,1,6.400000000000006,2.133333333333335,낮음
2023-11-02,논산시,0,81.6,68.1,119.8,0.0,,1,18.400000000000006,6.1333333333333355,낮음
2023-11-02,당진시,0,78.5,76.4,102.7,0.0,,1,21.5,7.166666666666667,낮음
2023-11-02,보령시,0,81.3,72.4,112.4,0.0,,1,18.700000000000003,6.233333333333334,낮음
2023-11-02,부여군,0,91.6,69.7,131.4,0.0,,1,8.400000000000006,2.800000000000002,낮음
2023-11-02,서산시,0,83.3,76.3,109.2,0.0,,1,16.700000000000003,5.566666666666667,낮음
2023-11-02,서천군,0,86.5,69.4,124.7,0.0,,1,13.5,4.5,낮음
2023-11-02,아산시,0,94.1,80.0,117.6,0.0,,1,5.900000000000006,1.9666666666666686,낮음
2023-11-02,예산군,0,59.1,67.4,87.7,12.299999999999997,,1,40.9,17.73333333333333,낮음
2023-11-02,천안시,0,93.7,77.7,120.7,0.0,,1,6.299999999999997,2.099999999999999,낮음
2023-11-02,청양군,0,96.3,75.8,127.0,0.0,,1,3.700000000000003,1.2333333333333343,낮음
2023-11-02,태안군,0,90.4,82.0,110.2,0.0,,1,9.599999999999994,3.199999999999998,낮음
2023-11-02,홍성군,0,80.6,69.9,115.3,0.0,,1,19.400000000000006,6.466666666666669,낮음
2023-11-03,계룡시,0,93.0,100.0,93.0,7.0,,1,7.0,4.666666666666667,낮음
2023-11-03,공주시,0,88.1,68.4,128.8,0.0,,1,11.900000000000006,3.9666666666666686,낮음
2023-11-03,금산군,0,93.6,68.5,136.5,0.0,,1,6.400000000000006,2.133333333333335,낮음
2023-11-03,논산시,0,81.6,69.3,117.8,0.0,,1,18.400000000000006,6.1333333333333355,낮음
2023-11-03,당진시,0,78.7,76.0,103.5,0.0,,1,21.299999999999997,7.099999999999999,낮음
2023-11-03,보령시,0,81.6,74.0,110.2,0.0,,1,18.400000000000006,6.1333333333333355,낮음
2023-11-03,부여군,0,91.7,72.1,127.2,0.0,,1,8.299999999999997,2.7666666666666657,낮음
2023-11-03,서산시,0,83.3,77.6,107.3,0.0,,1,16.700000000000003,5.566666666666667,낮음
2023-11-03,서천군,0,86.7,70.4,123.1,0.0,,1,13.299999999999997,4.433333333333333,낮음
2023-11-03,아산시,0,94.2,81.7,115.3,0.0,,1,5.799999999999997,1.9333333333333325,낮음
2023-11-03,예산군,0,59.4,69.4,85.6,14.400000000000006,,1,40.6,18.333333333333336,낮음
2023-11-03,천안시,0,93.6,77.5,120.8,0.0,,1,6.400000000000006,2.133333333333335,낮음
2023-11-03,청양군,0,96.4,77.8,124.0,0.0,,1,3.5999999999999943,1.1999999999999982,낮음
2023-11-03,태안군,0,90.1,82.8,108.9,0.0,,1,9.900000000000006,3.300000000000002,낮음
2023-11-03,홍성군,0,80.4,72.1,111.6,0.0,,1,19.599999999999994,6.533333333333331,낮음
2023-11-04,계룡시,0,93.0,100.0,93.0,7.0,,1,7.0,4.666666666666667,낮음
2023-11-04,공주시,0,88.1,67.2,131.1,0.0,,1,11.900000000000006,3.9666666666666686,낮음
2023-11-04,금산군,0,93.6,68.2,137.1,0.0,,1,6.400000000000006,2.133333333333335,낮음
2023-11-04,논산시,0,81.6,68.8,118.6,0.0,,1,18.400000000000006,6.1333333333333355,낮음
2023-11-04,당진시,0,78.7,76.1,103.4,0.0,,1,21.299999999999997,7.099999999999999,낮음
2023-11-04,보령시,0,81.6,73.0,111.7,0.0,,1,18.400000000000006,6.1333333333333355,낮음
2023-11-04,부여군,0,91.7,70.5,130.1,0.0,,1,8.299999999999997,2.7666666666666657,낮음
2023-11-04,서산시,0,83.3,76.8,108.5,0.0,,1,16.700000000000003,5.566666666666667,낮음
2023-11-04,서천군,0,86.7,70.0,123.8,0.0,,1,13.299999999999997,4.433333333333333,낮음
2023-11-04,아산시,0,94.2,80.6,117.0,0.0,,1,5.799999999999997,1.9333333333333325,낮음
2023-11-04,예산군,0,59.4,68.5,86.8,13.200000000000003,,1,40.6,17.933333333333334,낮음
2023-11-04,천안시,0,93.6,77.7,120.5,0.0,,1,6.400000000000006,2.133333333333335,낮음
2023-11-04,청양군,0,96.4,76.5,126.1,0.0,,1,3.5999999999999943,1.1999999999999982,낮음
2023-11-04,태안군,0,90.1,82.3,109.5,0.0,,1,9.900000000000006,3.300000000000002,낮음
2023-11-04,홍성군,0,80.4,70.6,114.0,0.0,,1,19.599999999999994,6.533333333333331,낮음
2023-11-05,계룡시,0,93.0,100.0,93.0,7.0,,1,7.0,4.666666666666667,낮음
2023-11-05,공주시,0,88.1,67.3,130.8,0.0,,1,11.900000000000006,3.9666666666666686,낮음
2023-11-05,금산군,0,93.6,68.3,137.1,0.0,,1,6.400000000000006,2.133333333333335,낮음
2023-11-05,논산시,0,81.6,68.9,118.3,0.0,,1,18.400000000000006,6.1333333333333355,낮음
2023-11-05,당진시,0,78.7,75.9,103.6,0.0,,1,21.299999999999997,7.099999999999999,낮음
2023-11-05,보령시,0,81.6,73.1,111.5,0.0,,1,18.400000000000006,6.1333333333333355,낮음
2023-11-05,부여군,0,91.7,70.5,130.0,0.0,,1,8.299999999999997,2.7666666666666657,낮음
2023-11-05,서산시,0,83.3,76.8,108.4,0.0,,1,16.700000000000003,5.566666666666667,낮음
2023-11-05,서천군,0,86.7,70.2,123.5,0.0,,1,13.299999999999997,4.433333333333333,낮음
2023-11-05,아산시,0,94.2,80.6,116.9,0.0,,1,5.799999999999997,1.9333333333333325,낮음
2023-11-05,예산군,0,59.4,68.8,86.4,13.599999999999994,,1,40.6,18.066666666666666,낮음
2023-11-05,천안시,0,93.6,77.8,120.3,0.0,,1,6.400000000000006,2.133333333333335,낮음
2023-11-05,청양군,0,96.4,76.5,126.0,0.0,,1,3.5999999999999943,1.1999999999999982,낮음
2023-11-05,태안군,0,90.1,82.3,109.4,0.0,,1,9.900000000000006,3.300000000000002,낮음
2023-11-05,홍성군,0,80.4,70.6,113.9,0.0,,1,19.599999999999994,6.533333333333331,낮음
2023-11-06,계룡시,0,93.0,100.0,93.0,7.0,,1,7.0,4.666666666666667,낮음
2023-11-06,공주시,0,88.6,67.4,131.3,0.0,,1,11.400000000000006,3.800000000000002,낮음
2023-11-06,금산군,0,93.9,68.3,137.5,0.0,,1,6.099999999999994,2.0333333333333314,낮음
2023-11-06,논산시,0,82.4,69.2,119.1,0.0,,1,17.599999999999994,5.8666666666666645,낮음
2023-11-06,당진시,0,86.6,76.1,113.8,0.0,,1,13.400000000000006,4.466666666666669,낮음
2023-11-06,보령시,0,81.6,73.3,111.3,0.0,,1,18.400000000000006,6.1333333333333355,낮음
2023-11-06,부여군,0,93.2,70.7,131.8,0.0,,1,6.799999999999997,2.2666666666666657,낮음
2023-11-06,서산시,0,89.0,77.1,115.4,0.0,,1,11.0,3.6666666666666665,낮음
2023-11-06,서천군,0,88.3,70.4,125.4,0.0,,1,11.700000000000003,3.900000000000001,낮음
2023-11-06,아산시,0,96.2,80.7,119.2,0.0,,1,3.799999999999997,1.2666666666666657,낮음
2023-11-06,예산군,0,62.0,69.3,89.5,10.5,,1,38.0,16.166666666666668,낮음
2023-11-06,천안시,0,94.6,78.0,121.4,0.0,,1,5.400000000000006,1.8000000000000018,낮음
2023-11-06,청양군,0,96.8,76.6,126.3,0.0,,1,3.200000000000003,1.0666666666666675,낮음
2023-11-06,태안군,0,93.1,82.5,112.8,0.0,,1,6.900000000000006,2.300000000000002,낮음
2023-11-06,홍성군,0,82.6,70.7,116.8,0.0,,1,17.400000000000006,5.800000000000002,낮음
2023-11-07,계룡시,0,93.0,100.0,93.0,7.0,,1,7.0,4.666666666666667,낮음
2023-11-07,공주시,0,88.4,67.6,130.8,0.0,,1,11.599999999999994,3.866666666666665,낮음
2023-11-07,금산군,0,94.0,68.3,137.6,0.0,,1,6.0,2.0,낮음
2023-11-07,논산시,0,82.8,69.5,119.2,0.0,,1,17.200000000000003,5.733333333333334,낮음
2023-11-07,당진시,0,83.3,76.0,109.5,0.0,,1,16.700000000000003,5.566666666666667,낮음
2023-11-07,보령시,0,83.7,73.5,113.8,0.0,,1,16.299999999999997,5.433333333333333,낮음
2023-11-07,부여군,0,93.4,70.9,131.7,0.0,,1,6.599999999999994,2.199999999999998,낮음
2023-11-07,서산시,0,88.2,77.2,114.3,0.0,,1,11.799999999999997,3.9333333333333322,낮음
2023-11-07,서천군,0,88.4,70.7,125.0,0.0,,1,11.599999999999994,3.866666666666665,낮음
2023-11-07,아산시,0,96.7,80.8,119.7,0.0,,1,3.299999999999997,1.099999999999999,낮음
2023-11-07,예산군,0,57.5,69.5,82.7,17.299999999999997,,1,42.5,19.933333333333334,낮음
2023-11-07,천안시,0,94.7,78.1,121.3,0.0,,1,5.299999999999997,1.7666666666666657,낮음
2023-11-07,청양군,0,96.9,76.7,126.3,0.0,,1,3.0999999999999943,1.0333333333333314,낮음
2023-11-07,태안군,0,92.7,82.7,112.2,0.0,,1,7.299999999999997,2.4333333333333322,낮음
2023-11-07,홍성군,0,82.7,70.9,116.5,0.0,,1,17.299999999999997,5.766666666666666,낮음
2023-11-08,계룡시,0,93.0,100.0,93.0,7.0,,1,7.0,4.666666666666667,낮음
2023-11-08,공주시,0,88.4,67.8,130.4,0.0,,1,11.599999999999994,3.866666666666665,낮음
2023-11-08,금산군,0,94.0,68.3,137.7,0.0,,1,6.0,2.0,낮음
2023-11-08,논산시,0,83.5,69.8,119.7,0.0,,1,16.5,5.5,낮음
2023-11-08,당진시,0,81.6,76.1,107.2,0.0,,1,18.400000000000006,6.1333333333333355,낮음
2023-11-08,보령시,0,84.1,73.8,113.9,0.0,,1,15.900000000000006,5.300000000000002,낮음
2023-11-08,부여군,0,93.5,71.1,131.6,0.0,,1,6.5,2.1666666666666665,낮음
2023-11-08,서산시,0,86.3,77.2,111.8,0.0,,1,13.700000000000003,4.566666666666667,낮음
2023-11-08,서천군,0,88.5,70.9,124.8,0.0,,1,11.5,3.8333333333333335,낮음
2023-11-08,아산시,0,96.9,80.9,119.7,0.0,,1,3.0999999999999943,1.0333333333333314,낮음
2023-11-08,예산군,0,58.2,69.9,83.2,16.799999999999997,,1,41.8,19.53333333333333,낮음
2023-11-08,천안시,0,94.5,78.2,120.8,0.0,,1,5.5,1.8333333333333333,낮음
2023-11-08,청양군,0,97.0,76.8,126.3,0.0,,1,3.0,1.0,낮음
2023-11-08,태안군,0,92.4,82.8,111.5,0.0,,1,7.599999999999994,2.5333333333333314,낮음
2023-11-08,홍성군,0,82.3,71.2,115.7,0.0,,1,17.700000000000003,5.900000000000001,낮음
2023-11-09,계룡시,0,93.0,100.0,93.0,7.0,,1,7.0,4.666666666666667,낮음
2023-11-09,공주시,0,88.2,67.9,129.9,0.0,,1,11.799999999999997,3.9333333333333322,낮음
2023-11-09,금산군,0,94.1,68.3,137.7,0.0,,1,5.900000000000006,1.9666666666666686,낮음
2023-11-09,논산시,0,83.7,70.0,119.6,0.0,,1,16.299999999999997,5.433333333333333,낮음
2023-11-09,당진시,0,80.5,76.2,105.6,0.0,,1,19.5,6.5,낮음
2023-11-09,보령시,0,84.2,74.1,113.6,0.0,,1,15.799999999999997,5.266666666666666,낮음
2023-11-09,부여군,0,93.8,71.3,131.5,0.0,,1,6.200000000000003,2.0666666666666678,낮음
2023-11-09,서산시,0,86.0,77.4,111.2,0.0,,1,14.0,4.666666666666667,낮음
2023-11-09,서천군,0,88.6,71.2,124.5,0.0,,1,11.400000000000006,3.800000000000002,낮음
2023-11-09,아산시,0,96.8,81.0,119.5,0.0,,1,3.200000000000003,1.0666666666666675,낮음
2023-11-09,예산군,0,58.5,70.3,83.2,16.799999999999997,,1,41.5,19.433333333333334,낮음
2023-11-09,천안시,0,94.4,78.3,120.5,0.0,,1,5.599999999999994,1.8666666666666647,낮음
2023-11-09,청양군,0,97.0,76.9,126.2,0.0,,1,3.0,1.0,낮음
2023-11-09,태안군,0,92.1,83.0,110.9,0.0,,1,7.900000000000006,2.633333333333335,낮음
2023-11-09,홍성군,0,82.4,71.5,115.2,0.0,,1,17.599999999999994,5.8666666666666645,낮음
2023-11-10,계룡시,0,93.0,100.0,93.0,7.0,,1,7.0,4.666666666666667,낮음
2023-11-10,공주시,0,88.2,68.1,129.6,0.0,,1,11.799999999999997,3.9333333333333322,낮음
2023-11-10,금산군,0,94.2,68.4,137.7,0.0,,1,5.799999999999997,1.9333333333333325,낮음
2023-11-10,논산시,0,84.5,70.3,120.2,0.0,,1,15.5,5.166666666666667,낮음
2023-11-10,당진시,0,80.6,76.3,105.6,0.0,,1,19.400000000000006,6.466666666666669,낮음
2023-11-10,보령시,0,84.4,74.4,113.5,0.0,,1,15.599999999999994,5.199999999999998,낮음
2023-11-10,부여군,0,94.1,71.5,131.6,0.0,,1,5.900000000000006,1.9666666666666686,낮음
2023-11-10,서산시,0,85.4,77.5,110.2,0.0,,1,14.599999999999994,4.8666666666666645,낮음
2023-11-10,서천군,0,89.1,71.5,124.7,0.0,,1,10.900000000000006,3.633333333333335,낮음
2023-11-10,아산시,0,97.1,81.1,119.6,0.0,,1,2.9000000000000057,0.9666666666666686,낮음
2023-11-10,예산군,0,59.2,70.7,83.7,16.299999999999997,,1,40.8,19.03333333333333,낮음
2023-11-10,천안시,0,94.8,78.5,120.9,0.0,,1,5.200000000000003,1.7333333333333343,낮음
2023-11-10,청양군,0,96.8,77.0,125.8,0.0,,1,3.200000000000003,1.0666666666666675,낮음
2023-11-10,태안군,0,92.0,83.2,110.6,0.0,,1,8.0,2.6666666666666665,낮음
2023-11-10,홍성군,0,82.4,71.9,114.6,0.0,,1,17.599999999999994,5.8666666666666645,낮음
2023-11-11,계룡시,0,93.0,100.0,93.0,7.0,,1,7.0,4.666666666666667,낮음
2023-11-11,공주시,0,88.2,68.2,129.4,0.0,,1,11.799999999999997,3.9333333333333322,낮음
2023-11-11,금산군,0,94.2,68.4,137.7,0.0,,1,5.799999999999997,1.9333333333333325,낮음
2023-11-11,논산시,0,84.5,70.5,119.8,0.0,,1,15.5,5.166666666666667,낮음
2023-11-11,당진시,0,80.6,76.4,105.6,0.0,,1,19.400000000000006,6.466666666666669,낮음
2023-11-11,보령시,0,84.4,74.5,113.3,0.0,,1,15.599999999999994,5.199999999999998,낮음
2023-11-11,부여군,0,94.1,71.6,131.4,0.0,,1,5.900000000000006,1.9666666666666686,낮음
2023-11-11,서산시,0,85.4,77.6,110.1,0.0,,1,14.599999999999994,4.8666666666666645,낮음
2023-11-11,서천군,0,89.1,71.7,124.2,0.0,,1,10.900000000000006,3.633333333333335,낮음
2023-11-11,아산시,0,97.1,81.2,119.5,0.0,,1,2.9000000000000057,0.9666666666666686,낮음
2023-11-11,예산군,0,59.2,71.1,83.3,16.700000000000003,,1,40.8,19.166666666666668,낮음
2023-11-11,천안시,0,94.8,78.6,120.7,0.0,,1,5.200000000000003,1.7333333333333343,낮음
2023-11-11,청양군,0,96.8,77.1,125.6,0.0,,1,3.200000000000003,1.0666666666666675,낮음
2023-11-11,태안군,0,92.0,83.3,110.4,0.0,,1,8.0,2.6666666666666665,낮음
2023-11-11,홍성군,0,82.4,72.1,114.3,0.0,,1,17.599999999999994,5.8666666666666645,낮음
2023-11-12,계룡시,0,93.0,100.0,93.0,7.0,,1,7.0,4.666666666666667,낮음
2023-11-12,공주시,0,88.2,68.3,129.2,0.0,,1,11.799999999999997,3.9333333333333322,낮음
2023-11-12,금산군,0,94.2,68.4,137.7,0.0,,1,5.799999999999997,1.9333333333333325,낮음
2023-11-12,논산시,0,84.5,70.7,119.5,0.0,,1,15.5,5.166666666666667,낮음
2023-11-12,당진시,0,80.6,76.4,105.5,0.0,,1,19.400000000000006,6.466666666666669,낮음
2023-11-12,보령시,0,84.4,74.6,113.1,0.0,,1,15.599999999999994,5.199999999999998,낮음
2023-11-12,부여군,0,94.1,71.7,131.2,0.0,,1,5.900000000000006,1.9666666666666686,낮음
2023-11-12,서산시,0,85.4,77.7,109.9,0.0,,1,14.599999999999994,4.8666666666666645,낮음
2023-11-12,서천군,0,89.1,71.9,123.9,0.0,,1,10.900000000000006,3.633333333333335,낮음
2023-11-12,아산시,0,97.1,81.4,119.3,0.0,,1,2.9000000000000057,0.9666666666666686,낮음
2023-11-12,예산군,0,59.2,71.4,82.9,17.099999999999994,,1,40.8,19.299999999999997,낮음
2023-11-12,천안시,0,94.8,78.6,120.6,0.0,,1,5.200000000000003,1.7333333333333343,낮음
2023-11-12,청양군,0,96.8,77.2,125.5,0.0,,1,3.200000000000003,1.0666666666666675,낮음
2023-11-12,태안군,0,92.0,83.4,110.3,0.0,,1,8.0,2.6666666666666665,낮음
2023-11-12,홍성군,0,82.4,72.3,113.9,0.0,,1,17.599999999999994,5.8666666666666645,낮음
2023-11-13,계룡시,0,93.0,100.0,93.0,7.0,,1,7.0,4.666666666666667,낮음
2023-11-13,공주시,0,88.9,68.4,130.0,0.0,,1,11.099999999999994,3.699999999999998,낮음
2023-11-13,금산군,0,94.3,68.4,137.7,0.0,,1,5.700000000000003,1.900000000000001,낮음
2023-11-13,논산시,0,86.6,70.9,122.1,0.0,,1,13.400000000000006,4.466666666666669,낮음
2023-11-13,당진시,0,80.9,76.4,105.9,0.0,,1,19.099999999999994,6.3666666666666645,낮음
2023-11-13,보령시,0,84.9,74.8,113.6,0.0,,1,15.099999999999994,5.033333333333331,낮음
2023-11-13,부여군,0,94.6,71.7,132.0,0.0,,1,5.400000000000006,1.8000000000000018,낮음
2023-11-13,서산시,0,84.3,77.8,108.4,0.0,,1,15.700000000000003,5.233333333333334,낮음
2023-11-13,서천군,0,89.4,72.1,124.0,0.0,,1,10.599999999999994,3.5333333333333314,낮음
2023-11-13,아산시,0,97.3,81.5,119.4,0.0,,1,2.700000000000003,0.9000000000000009,낮음
2023-11-13,예산군,0,60.6,71.8,84.4,15.599999999999994,,1,39.4,18.333333333333332,낮음
2023-11-13,천안시,0,94.5,78.7,120.1,0.0,,1,5.5,1.8333333333333333,낮음
2023-11-13,청양군,0,97.0,77.2,125.6,0.0,,1,3.0,1.0,낮음
2023-11-13,태안군,0,91.7,83.5,109.8,0.0,,1,8.299999999999997,2.7666666666666657,낮음
2023-11-13,홍성군,0,82.6,72.5,113.9,0.0,,1,17.400000000000006,5.800000000000002,낮음
2023-11-14,계룡시,0,93.0,100.0,93.0,7.0,,1,7.0,4.666666666666667,낮음
2023-11-14,공주시,0,89.1,68.5,130.0,0.0,,1,10.900000000000006,3.633333333333335,낮음
2023-11-14,금산군,0,94.3,68.5,137.7,0.0,,1,5.700000000000003,1.900000000000001,낮음
2023-11-14,논산시,0,86.7,71.1,122.0,0.0,,1,13.299999999999997,4.433333333333333,낮음
2023-11-14,당진시,0,81.6,76.8,106.3,0.0,,1,18.400000000000006,6.1333333333333355,낮음
2023-11-14,보령시,0,84.9,74.9,113.4,0.0,,1,15.099999999999994,5.033333333333331,낮음
2023-11-14,부여군,0,94.6,71.7,132.0,0.0,,1,5.400000000000006,1.8000000000000018,낮음
2023-11-14,서산시,0,84.2,78.0,108.0,0.0,,1,15.799999999999997,5.266666666666666,낮음
2023-11-14,서천군,0,89.5,72.3,123.9,0.0,,1,10.5,3.5,낮음
2023-11-14,아산시,0,97.5,81.6,119.4,0.0,,1,2.5,0.8333333333333334,낮음
2023-11-14,예산군,0,60.9,72.1,84.4,15.599999999999994,,1,39.1,18.23333333333333,낮음
2023-11-14,천안시,0,94.5,78.8,119.9,0.0,,1,5.5,1.8333333333333333,낮음
2023-11-14,청양군,0,97.1,77.3,125.6,0.0,,1,2.9000000000000057,0.9666666666666686,낮음
2023-11-14,태안군,0,91.4,83.5,109.4,0.0,,1,8.599999999999994,2.866666666666665,낮음
2023-11-14,홍성군,0,82.7,72.6,113.8,0.0,,1,17.299999999999997,5.766666666666666,낮음
2023-11-15,계룡시,0,93.0,100.0,93.0,7.0,,1,7.0,4.666666666666667,낮음
2023-11-15,공주시,0,89.2,68.6,130.0,0.0,,1,10.799999999999997,3.599999999999999,낮음
2023-11-15,금산군,0,94.3,68.5,137.7,0.0,,1,5.700000000000003,1.900000000000001,낮음
2023-11-15,논산시,0,87.1,71.2,122.3,0.0,,1,12.900000000000006,4.300000000000002,낮음
2023-11-15,당진시,0,81.6,76.8,106.2,0.0,,1,18.400000000000006,6.1333333333333355,낮음
2023-11-15,보령시,0,85.3,75.0,113.6,0.0,,1,14.700000000000003,4.900000000000001,낮음
2023-11-15,부여군,0,94.7,71.8,131.9,0.0,,1,5.299999999999997,1.7666666666666657,낮음
2023-11-15,서산시,0,83.7,78.1,107.1,0.0,,1,16.299999999999997,5.433333333333333,낮음
2023-11-15,서천군,0,89.6,72.5,123.6,0.0,,1,10.400000000000006,3.4666666666666686,낮음
2023-11-15,아산시,0,97.3,81.8,119.0,0.0,,1,2.700000000000003,0.9000000000000009,낮음
2023-11-15,예산군,0,61.2,72.4,84.5,15.5,,1,38.8,18.099999999999998,낮음
2023-11-15,천안시,0,94.6,78.9,120.0,0.0,,1,5.400000000000006,1.8000000000000018,낮음
2023-11-15,청양군,0,97.2,77.3,125.6,0.0,,1,2.799999999999997,0.9333333333333323,낮음
2023-11-15,태안군,0,91.1,83.6,109.0,0.0,,1,8.900000000000006,2.9666666666666686,낮음
2023-11-15,홍성군,0,82.8,72.8,113.7,0.0,,1,17.200000000000003,5.733333333333334,낮음
2023-11-16,계룡시,0,93.0,100.0,93.0,7.0,,1,7.0,4.666666666666667,낮음
2023-11-16,공주시,0,89.4,68.8,130.0,0.0,,1,10.599999999999994,3.5333333333333314,낮음
2023-11-16,금산군,0,94.4,68.5,137.7,0.0,,1,5.599999999999994,1.8666666666666647,낮음
2023-11-16,논산시,0,87.1,71.3,122.2,0.0,,1,12.900000000000006,4.300000000000002,낮음
2023-11-16,당진시,0,82.0,76.9,106.6,0.0,,1,18.0,6.0,낮음
2023-11-16,보령시,0,86.3,75.1,114.8,0.0,,1,13.700000000000003,4.566666666666667,낮음
2023-11-16,부여군,0,94.8,71.9,131.9,0.0,,1,5.200000000000003,1.7333333333333343,낮음
2023-11-16,서산시,0,83.3,78.2,106.4,0.0,,1,16.700000000000003,5.566666666666667,낮음
2023-11-16,서천군,0,89.7,72.7,123.4,0.0,,1,10.299999999999997,3.4333333333333322,낮음
2023-11-16,아산시,0,97.5,81.9,119.1,0.0,,1,2.5,0.8333333333333334,낮음
2023-11-16,예산군,0,61.7,72.7,84.8,15.200000000000003,,1,38.3,17.833333333333332,낮음
2023-11-16,천안시,0,94.6,79.0,119.8,0.0,,1,5.400000000000006,1.8000000000000018,낮음
2023-11-16,청양군,0,97.3,77.5,125.6,0.0,,1,2.700000000000003,0.9000000000000009,낮음
2023-11-16,태안군,0,88.7,83.8,105.9,0.0,,1,11.299999999999997,3.7666666666666657,낮음
2023-11-16,홍성군,0,83.3,73.0,114.0,0.0,,1,16.700000000000003,5.566666666666667,낮음
2023-11-17,계룡시,0,93.0,100.0,93.0,7.0,,1,7.0,4.666666666666667,낮음
2023-11-17,공주시,0,89.6,68.9,130.0,0.0,,1,10.400000000000006,3.4666666666666686,낮음
2023-11-17,금산군,0,94.4,68.6,137.6,0.0,,1,5.599999999999994,1.8666666666666647,낮음
2023-11-17,논산시,0,87.9,71.4,123.1,0.0,,1,12.099999999999994,4.033333333333331,낮음
2023-11-17,당진시,0,83.6,77.0,108.5,0.0,,1,16.400000000000006,5.466666666666669,낮음
2023-11-17,보령시,0,87.0,75.3,115.5,0.0,,1,13.0,4.333333333333333,낮음
2023-11-17,부여군,0,95.3,72.1,132.2,0.0,,1,4.700000000000003,1.5666666666666675,낮음
2023-11-17,서산시,0,83.5,78.4,106.6,0.0,,1,16.5,5.5,낮음
2023-11-17,서천군,0,90.8,73.0,124.3,0.0,,1,9.200000000000003,3.0666666666666678,낮음
2023-11-17,아산시,0,97.8,82.1,119.0,0.0,,1,2.200000000000003,0.7333333333333343,낮음
2023-11-17,예산군,0,62.3,73.0,85.3,14.700000000000003,,1,37.7,17.46666666666667,낮음
2023-11-17,천안시,0,95.3,79.1,120.5,0.0,,1,4.700000000000003,1.5666666666666675,낮음
2023-11-17,청양군,0,97.3,77.6,125.5,0.0,,1,2.700000000000003,0.9000000000000009,낮음
2023-11-17,태안군,0,89.0,84.0,105.9,0.0,,1,11.0,3.6666666666666665,낮음
2023-11-17,홍성군,0,83.9,73.3,114.4,0.0,,1,16.099999999999994,5.3666666666666645,낮음
2023-11-18,계룡시,0,93.0,100.0,93.0,7.0,,1,7.0,4.666666666666667,낮음
2023-11-18,공주시,0,89.6,69.1,129.6,0.0,,1,10.400000000000006,3.4666666666666686,낮음
2023-11-18,금산군,0,94.4,68.7,137.4,0.0,,1,5.599999999999994,1.8666666666666647,낮음
2023-11-18,논산시,0,87.9,71.6,122.9,0.0,,1,12.099999999999994,4.033333333333331,낮음
2023-11-18,당진시,0,83.6,77.2,108.3,0.0,,1,16.400000000000006,5.466666666666669,낮음
2023-11-18,보령시,0,87.0,75.4,115.3,0.0,,1,13.0,4.333333333333333,낮음
2023-11-18,부여군,0,95.3,72.3,131.9,0.0,,1,4.700000000000003,1.5666666666666675,낮음
2023-11-18,서산시,0,83.5,78.5,106.4,0.0,,1,16.5,5.5,낮음
2023-11-18,서천군,0,90.8,73.3,123.8,0.0,,1,9.200000000000003,3.0666666666666678,낮음
2023-11-18,아산시,0,97.8,82.3,118.8,0.0,,1,2.200000000000003,0.7333333333333343,낮음
2023-11-18,예산군,0,62.3,73.4,84.8,15.200000000000003,,1,37.7,17.633333333333336,낮음
2023-11-18,천안시,0,95.3,79.3,120.3,0.0,,1,4.700000000000003,1.5666666666666675,낮음
2023-11-18,청양군,0,97.3,77.7,125.3,0.0,,1,2.700000000000003,0.9000000000000009,낮음
2023-11-18,태안군,0,89.0,84.2,105.7,0.0,,1,11.0,3.6666666666666665,낮음
2023-11-18,홍성군,0,83.9,73.6,113.9,0.0,,1,16.099999999999994,5.3666666666666645,낮음
2023-11-19,계룡시,0,93.0,100.0,93.0,7.0,,1,7.0,4.666666666666667,낮음
2023-11-19,공주시,0,89.6,69.2,129.4,0.0,,1,10.400000000000006,3.4666666666666686,낮음
2023-11-19,금산군,0,94.4,68.8,137.2,0.0,,1,5.599999999999994,1.8666666666666647,낮음
2023-11-19,논산시,0,87.9,71.6,122.7,0.0,,1,12.099999999999994,4.033333333333331,낮음
2023-11-19,당진시,0,83.6,77.4,108.0,0.0,,1,16.400000000000006,5.466666666666669,낮음
2023-11-19,보령시,0,87.0,75.6,115.1,0.0,,1,13.0,4.333333333333333,낮음
2023-11-19,부여군,0,95.3,72.4,131.8,0.0,,1,4.700000000000003,1.5666666666666675,낮음
2023-11-19,서산시,0,83.5,78.6,106.3,0.0,,1,16.5,5.5,낮음
2023-11-19,서천군,0,90.8,73.5,123.5,0.0,,1,9.200000000000003,3.0666666666666678,낮음
2023-11-19,아산시,0,97.8,82.5,118.5,0.0,,1,2.200000000000003,0.7333333333333343,낮음
2023-11-19,예산군,0,62.3,73.9,84.3,15.700000000000003,,1,37.7,17.8,낮음
2023-11-19,천안시,0,95.3,79.4,120.0,0.0,,1,4.700000000000003,1.5666666666666675,낮음
2023-11-19,청양군,0,97.3,77.8,125.1,0.0,,1,2.700000000000003,0.9000000000000009,낮음
2023-11-19,태안군,0,89.0,84.3,105.5,0.0,,1,11.0,3.6666666666666665,낮음
2023-11-19,홍성군,0,83.9,73.9,113.5,0.0,,1,16.099999999999994,5.3666666666666645,낮음
2023-11-20,계룡시,0,93.0,100.0,93.0,7.0,,1,7.0,4.666666666666667,낮음
2023-11-20,공주시,0,89.8,69.3,129.6,0.0,,1,10.200000000000003,3.400000000000001,낮음
2023-11-20,금산군,0,94.5,68.9,137.3,0.0,,1,5.5,1.8333333333333333,낮음
2023-11-20,논산시,0,89.6,71.8,124.8,0.0,,1,10.400000000000006,3.4666666666666686,낮음
2023-11-20,당진시,0,84.8,77.5,109.4,0.0,,1,15.200000000000003,5.066666666666667,낮음
2023-11-20,보령시,0,87.9,75.8,116.1,0.0,,1,12.099999999999994,4.033333333333331,낮음
2023-11-20,부여군,0,96.0,72.5,132.5,0.0,,1,4.0,1.3333333333333333,낮음
2023-11-20,서산시,0,82.9,78.6,105.5,0.0,,1,17.099999999999994,5.699999999999998,낮음
2023-11-20,서천군,0,91.5,73.8,124.0,0.0,,1,8.5,2.8333333333333335,낮음
2023-11-20,아산시,0,98.1,82.6,118.7,0.0,,1,1.9000000000000057,0.6333333333333352,낮음
2023-11-20,예산군,0,63.9,74.3,86.1,13.900000000000006,,1,36.1,16.666666666666668,낮음
2023-11-20,천안시,0,94.9,79.5,119.3,0.0,,1,5.099999999999994,1.6999999999999982,낮음
2023-11-20,청양군,0,97.4,77.9,125.1,0.0,,1,2.5999999999999943,0.8666666666666648,낮음
2023-11-20,태안군,0,89.3,84.4,105.8,0.0,,1,10.700000000000003,3.5666666666666678,낮음
2023-11-20,홍성군,0,84.6,74.1,114.2,0.0,,1,15.400000000000006,5.1333333333333355,낮음
2023-11-21,계룡시,0,93.0,100.0,93.0,7.0,,1,7.0,4.666666666666667,낮음
2023-11-21,공주시,0,89.9,69.3,129.6,0.0,,1,10.099999999999994,3.366666666666665,낮음
2023-11-21,금산군,0,94.5,68.9,137.2,0.0,,1,5.5,1.8333333333333333,낮음
2023-11-21,논산시,0,90.1,71.9,125.3,0.0,,1,9.900000000000006,3.300000000000002,낮음
2023-11-21,당진시,0,85.0,77.3,109.9,0.0,,1,15.0,5.0,낮음
2023-11-21,보령시,0,88.1,75.9,116.2,0.0,,1,11.900000000000006,3.9666666666666686,낮음
2023-11-21,부여군,0,96.1,72.5,132.5,0.0,,1,3.9000000000000057,1.3000000000000018,낮음
2023-11-21,서산시,0,82.8,78.6,105.3,0.0,,1,17.200000000000003,5.733333333333334,낮음
2023-11-21,서천군,0,91.6,74.0,123.9,0.0,,1,8.400000000000006,2.800000000000002,낮음
2023-11-21,아산시,0,98.2,82.7,118.8,0.0,,1,1.7999999999999972,0.5999999999999991,낮음
2023-11-21,예산군,0,64.4,74.6,86.3,13.700000000000003,,1,35.599999999999994,16.433333333333334,낮음
2023-11-21,천안시,0,94.7,79.6,119.0,0.0,,1,5.299999999999997,1.7666666666666657,낮음
2023-11-21,청양군,0,97.5,77.9,125.1,0.0,,1,2.5,0.8333333333333334,낮음
2023-11-21,태안군,0,89.3,84.5,105.7,0.0,,1,10.700000000000003,3.5666666666666678,낮음
2023-11-21,홍성군,0,84.6,74.2,114.0,0.0,,1,15.400000000000006,5.1333333333333355,낮음
2023-11-22,계룡시,0,93.0,100.0,93.0,7.0,,1,7.0,4.666666666666667,낮음
2023-11-22,공주시,0,90.0,69.4,129.7,0.0,,1,10.0,3.3333333333333335,낮음
2023-11-22,금산군,0,94.5,68.9,137.1,0.0,,1,5.5,1.8333333333333333,낮음
2023-11-22,논산시,0,90.4,72.0,125.5,0.0,,1,9.599999999999994,3.199999999999998,낮음
2023-11-22,당진시,0,85.2,77.4,110.1,0.0,,1,14.799999999999997,4.933333333333333,낮음
2023-11-22,보령시,0,88.4,76.0,116.3,0.0,,1,11.599999999999994,3.866666666666665,낮음
2023-11-22,부여군,0,96.1,72.6,132.4,0.0,,1,3.9000000000000057,1.3000000000000018,낮음
2023-11-22,서산시,0,82.7,78.6,105.1,0.0,,1,17.299999999999997,5.766666666666666,낮음
2023-11-22,서천군,0,91.7,74.1,123.6,0.0,,1,8.299999999999997,2.7666666666666657,낮음
2023-11-22,아산시,0,98.3,82.7,118.8,0.0,,1,1.7000000000000028,0.5666666666666677,낮음
2023-11-22,예산군,0,64.5,74.9,86.2,13.799999999999997,,1,35.5,16.433333333333334,낮음
2023-11-22,천안시,0,93.5,79.6,117.4,0.0,,1,6.5,2.1666666666666665,낮음
2023-11-22,청양군,0,97.5,78.0,125.1,0.0,,1,2.5,0.8333333333333334,낮음
2023-11-22,태안군,0,89.3,84.7,105.5,0.0,,1,10.700000000000003,3.5666666666666678,낮음
2023-11-22,홍성군,0,84.9,74.3,114.3,0.0,,1,15.099999999999994,5.033333333333331,낮음
2023-11-23,계룡시,0,93.0,100.0,93.0,7.0,,1,7.0,4.666666666666667,낮음
2023-11-23,공주시,0,90.1,69.5,129.7,0.0,,1,9.900000000000006,3.300000000000002,낮음
2023-11-23,금산군,0,94.5,69.0,137.0,0.0,,1,5.5,1.8333333333333333,낮음
2023-11-23,논산시,0,90.6,72.2,125.5,0.0,,1,9.400000000000006,3.133333333333335,낮음
2023-11-23,당진시,0,85.1,77.5,109.8,0.0,,1,14.900000000000006,4.966666666666669,낮음
2023-11-23,보령시,0,88.5,76.1,116.3,0.0,,1,11.5,3.8333333333333335,낮음
2023-11-23,부여군,0,96.2,72.7,132.4,0.0,,1,3.799999999999997,1.2666666666666657,낮음
2023-11-23,서산시,0,82.6,78.7,105.0,0.0,,1,17.400000000000006,5.800000000000002,낮음
2023-11-23,서천군,0,91.7,74.3,123.4,0.0,,1,8.299999999999997,2.7666666666666657,낮음
2023-11-23,아산시,0,98.1,82.8,118.5,0.0,,1,1.9000000000000057,0.6333333333333352,낮음
2023-11-23,예산군,0,64.9,75.2,86.4,13.599999999999994,,1,35.099999999999994,16.23333333333333,낮음
2023-11-23,천안시,0,93.4,79.7,117.3,0.0,,1,6.599999999999994,2.199999999999998,낮음
2023-11-23,청양군,0,97.6,78.1,125.0,0.0,,1,2.4000000000000057,0.8000000000000019,낮음
2023-11-23,태안군,0,89.4,84.8,105.4,0.0,,1,10.599999999999994,3.5333333333333314,낮음
2023-11-23,홍성군,0,85.3,74.4,114.6,0.0,,1,14.700000000000003,4.900000000000001,낮음
2023-11-24,계룡시,0,93.0,100.0,93.0,7.0,,1,7.0,4.666666666666667,낮음
2023-11-24,공주시,0,90.2,69.6,129.7,0.0,,1,9.799999999999997,3.2666666666666657,낮음
2023-11-24,금산군,0,94.4,69.0,136.8,0.0,,1,5.599999999999994,1.8666666666666647,낮음
2023-11-24,논산시,0,91.1,72.3,126.0,0.0,,1,8.900000000000006,2.9666666666666686,낮음
2023-11-24,당진시,0,84.7,77.6,109.1,0.0,,1,15.299999999999997,5.099999999999999,낮음
2023-11-24,보령시,0,88.8,76.2,116.5,0.0,,1,11.200000000000003,3.7333333333333343,낮음
2023-11-24,부여군,0,96.3,72.8,132.3,0.0,,1,3.700000000000003,1.2333333333333343,낮음
2023-11-24,서산시,0,82.3,78.7,104.6,0.0,,1,17.700000000000003,5.900000000000001,낮음
2023-11-24,서천군,0,91.2,74.4,122.5,0.0,,1,8.799999999999997,2.9333333333333322,낮음
2023-11-24,아산시,0,99.1,82.9,119.6,0.0,,1,0.9000000000000057,0.3000000000000019,낮음
2023-11-24,예산군,0,65.3,75.5,86.4,13.599999999999994,,1,34.7,16.099999999999998,낮음
2023-11-24,천안시,0,93.4,79.7,117.1,0.0,,1,6.599999999999994,2.199999999999998,낮음
2023-11-24,청양군,0,97.6,78.1,124.9,0.0,,1,2.4000000000000057,0.8000000000000019,낮음
2023-11-24,태안군,0,89.4,85.0,105.2,0.0,,1,10.599999999999994,3.5333333333333314,낮음
2023-11-24,홍성군,0,85.5,74.5,114.8,0.0,,1,14.5,4.833333333333333,낮음
2023-11-25,계룡시,0,93.0,100.0,93.0,7.0,,1,7.0,4.666666666666667,낮음
2023-11-25,공주시,0,90.2,69.6,129.6,0.0,,1,9.799999999999997,3.2666666666666657,낮음
2023-11-25,금산군,0,94.4,69.1,136.6,0.0,,1,5.599999999999994,1.8666666666666647,낮음
2023-11-25,논산시,0,91.1,72.5,125.7,0.0,,1,8.900000000000006,2.9666666666666686,낮음
2023-11-25,당진시,0,84.7,77.7,109.0,0.0,,1,15.299999999999997,5.099999999999999,낮음
2023-11-25,보령시,0,88.8,76.3,116.4,0.0,,1,11.200000000000003,3.7333333333333343,낮음
2023-11-25,부여군,0,96.3,72.9,132.1,0.0,,1,3.700000000000003,1.2333333333333343,낮음
2023-11-25,서산시,0,82.3,78.8,104.5,0.0,,1,17.700000000000003,5.900000000000001,낮음
2023-11-25,서천군,0,91.2,74.6,122.3,0.0,,1,8.799999999999997,2.9333333333333322,낮음
2023-11-25,아산시,0,99.1,83.0,119.5,0.0,,1,0.9000000000000057,0.3000000000000019,낮음
2023-11-25,예산군,0,65.3,76.0,85.9,14.099999999999994,,1,34.7,16.266666666666666,낮음
2023-11-25,천안시,0,93.4,79.8,117.0,0.0,,1,6.599999999999994,2.199999999999998,낮음
2023-11-25,청양군,0,97.6,78.1,124.9,0.0,,1,2.4000000000000057,0.8000000000000019,낮음
2023-11-25,태안군,0,89.4,85.1,105.0,0.0,,1,10.599999999999994,3.5333333333333314,낮음
2023-11-25,홍성군,0,85.5,74.6,114.6,0.0,,1,14.5,4.833333333333333,낮음
2023-11-26,계룡시,0,93.0,100.0,93.0,7.0,,1,7.0,4.666666666666667,낮음
2023-11-26,공주시,0,90.2,69.7,129.5,0.0,,1,9.799999999999997,3.2666666666666657,낮음
2023-11-26,금산군,0,94.4,69.3,136.3,0.0,,1,5.599999999999994,1.8666666666666647,낮음
2023-11-26,논산시,0,91.1,72.7,125.4,0.0,,1,8.900000000000006,2.9666666666666686,낮음
2023-11-26,당진시,0,84.7,77.9,108.7,0.0,,1,15.299999999999997,5.099999999999999,낮음
2023-11-26,보령시,0,88.8,76.4,116.3,0.0,,1,11.200000000000003,3.7333333333333343,낮음
2023-11-26,부여군,0,96.3,73.0,131.9,0.0,,1,3.700000000000003,1.2333333333333343,낮음
2023-11-26,서산시,0,82.3,78.9,104.4,0.0,,1,17.700000000000003,5.900000000000001,낮음
2023-11-26,서천군,0,91.2,74.7,122.1,0.0,,1,8.799999999999997,2.9333333333333322,낮음
2023-11-26,아산시,0,99.1,83.1,119.3,0.0,,1,0.9000000000000057,0.3000000000000019,낮음
2023-11-26,예산군,0,65.3,76.4,85.5,14.5,,1,34.7,16.400000000000002,낮음
2023-11-26,천안시,0,93.4,79.9,116.9,0.0,,1,6.599999999999994,2.199999999999998,낮음
2023-11-26,청양군,0,97.6,78.2,124.8,0.0,,1,2.4000000000000057,0.8000000000000019,낮음
2023-11-26,태안군,0,89.4,85.2,104.9,0.0,,1,10.599999999999994,3.5333333333333314,낮음
2023-11-26,홍성군,0,85.5,74.7,114.4,0.0,,1,14.5,4.833333333333333,낮음
2023-11-27,계룡시,0,93.0,100.0,93.0,7.0,,1,7.0,4.666666666666667,낮음
2023-11-27,공주시,0,90.6,69.7,129.9,0.0,,1,9.400000000000006,3.133333333333335,낮음
2023-11-27,금산군,0,94.6,69.4,136.2,0.0,,1,5.400000000000006,1.8000000000000018,낮음
2023-11-27,논산시,0,92.2,72.9,126.4,0.0,,1,7.799999999999997,2.599999999999999,낮음
2023-11-27,당진시,0,85.1,78.0,109.1,0.0,,1,14.900000000000006,4.966666666666669,낮음
2023-11-27,보령시,0,89.2,76.5,116.6,0.0,,1,10.799999999999997,3.599999999999999,낮음
2023-11-27,부여군,0,96.6,73.1,132.2,0.0,,1,3.4000000000000057,1.1333333333333353,낮음
2023-11-27,서산시,0,81.9,78.9,103.7,0.0,,1,18.099999999999994,6.033333333333331,낮음
2023-11-27,서천군,0,91.5,74.9,122.2,0.0,,1,8.5,2.8333333333333335,낮음
2023-11-27,아산시,0,99.1,83.2,119.1,0.0,,1,0.9000000000000057,0.3000000000000019,낮음
2023-11-27,예산군,0,65.8,76.6,85.9,14.099999999999994,,1,34.2,16.099999999999998,낮음
2023-11-27,천안시,0,93.5,80.0,116.9,0.0,,1,6.5,2.1666666666666665,낮음
2023-11-27,청양군,0,97.7,78.2,124.9,0.0,,1,2.299999999999997,0.7666666666666657,낮음
2023-11-27,태안군,0,89.4,85.3,104.8,0.0,,1,10.599999999999994,3.5333333333333314,낮음
2023-11-27,홍성군,0,85.8,74.9,114.7,0.0,,1,14.200000000000003,4.733333333333334,낮음
2023-11-28,계룡시,0,93.0,100.0,93.0,7.0,,1,7.0,4.666666666666667,낮음
2023-11-28,공주시,0,90.7,69.8,129.9,0.0,,1,9.299999999999997,3.099999999999999,낮음
2023-11-28,금산군,0,94.5,69.6,135.8,0.0,,1,5.5,1.8333333333333333,낮음
2023-11-28,논산시,0,91.7,73.1,125.4,0.0,,1,8.299999999999997,2.7666666666666657,낮음
2023-11-28,당진시,0,85.7,78.3,109.5,0.0,,1,14.299999999999997,4.766666666666666,낮음
2023-11-28,보령시,0,89.4,76.7,116.6,0.0,,1,10.599999999999994,3.5333333333333314,낮음
2023-11-28,부여군,0,96.8,73.3,132.1,0.0,,1,3.200000000000003,1.0666666666666675,낮음
2023-11-28,서산시,0,81.9,78.9,103.8,0.0,,1,18.099999999999994,6.033333333333331,낮음
2023-11-28,서천군,0,92.2,75.0,122.8,0.0,,1,7.799999999999997,2.599999999999999,낮음
2023-11-28,아산시,0,99.2,83.3,119.0,0.0,,1,0.7999999999999972,0.2666666666666657,낮음
2023-11-28,예산군,0,65.8,76.9,85.6,14.400000000000006,,1,34.2,16.200000000000003,낮음
2023-11-28,천안시,0,93.5,80.1,116.7,0.0,,1,6.5,2.1666666666666665,낮음
2023-11-28,청양군,0,97.7,78.3,124.7,0.0,,1,2.299999999999997,0.7666666666666657,낮음
2023-11-28,태안군,0,89.5,85.4,104.9,0.0,,1,10.5,3.5,낮음
2023-11-28,홍성군,0,86.2,75.0,114.9,0.0,,1,13.799999999999997,4.599999999999999,낮음
2023-11-29,계룡시,0,93.0,100.0,93.0,7.0,,1,7.0,4.666666666666667,낮음
2023-11-29,공주시,0,90.9,69.9,129.9,0.0,,1,9.099999999999994,3.0333333333333314,낮음
2023-11-29,금산군,0,94.5,69.8,135.4,0.0,,1,5.5,1.8333333333333333,낮음
2023-11-29,논산시,0,91.0,73.4,124.0,0.0,,1,9.0,3.0,낮음
2023-11-29,당진시,0,85.9,78.4,109.5,0.0,,1,14.099999999999994,4.699999999999998,낮음
2023-11-29,보령시,0,89.6,76.9,116.6,0.0,,1,10.400000000000006,3.4666666666666686,낮음
2023-11-29,부여군,0,96.8,73.4,131.9,0.0,,1,3.200000000000003,1.0666666666666675,낮음
2023-11-29,서산시,0,82.1,79.0,103.9,0.0,,1,17.900000000000006,5.966666666666669,낮음
2023-11-29,서천군,0,92.2,75.2,122.7,0.0,,1,7.799999999999997,2.599999999999999,낮음
2023-11-29,아산시,0,99.0,83.4,118.7,0.0,,1,1.0,0.3333333333333333,낮음
2023-11-29,예산군,0,66.8,77.2,86.6,13.400000000000006,,1,33.2,15.533333333333337,낮음
2023-11-29,천안시,0,93.6,80.3,116.6,0.0,,1,6.400000000000006,2.133333333333335,낮음
2023-11-29,청양군,0,97.7,78.3,124.7,0.0,,1,2.299999999999997,0.7666666666666657,낮음
2023-11-29,태안군,0,89.6,85.4,104.8,0.0,,1,10.400000000000006,3.4666666666666686,낮음
2023-11-29,홍성군,0,86.5,75.2,115.0,0.0,,1,13.5,4.5,낮음
2023-11-30,계룡시,0,93.0,100.0,93.0,7.0,,1,7.0,4.666666666666667,낮음
2023-11-30,공주시,0,90.9,70.1,129.8,0.0,,1,9.099999999999994,3.0333333333333314,낮음
2023-11-30,금산군,0,94.7,69.9,135.3,0.0,,1,5.299999999999997,1.7666666666666657,낮음
2023-11-30,논산시,0,90.3,73.6,122.6,0.0,,1,9.700000000000003,3.2333333333333343,낮음
2023-11-30,당진시,0,85.7,78.5,109.1,0.0,,1,14.299999999999997,4.766666666666666,낮음
2023-11-30,보령시,0,89.7,77.1,116.4,0.0,,1,10.299999999999997,3.4333333333333322,낮음
2023-11-30,부여군,0,96.9,73.6,131.7,0.0,,1,3.0999999999999943,1.0333333333333314,낮음
2023-11-30,서산시,0,82.3,79.2,103.9,0.0,,1,17.700000000000003,5.900000000000001,낮음
2023-11-30,서천군,0,92.8,75.4,123.1,0.0,,1,7.200000000000003,2.400000000000001,낮음
2023-11-30,아산시,0,99.3,83.6,118.9,0.0,,1,0.7000000000000028,0.23333333333333428,낮음
2023-11-30,예산군,0,66.9,77.5,86.2,13.799999999999997,,1,33.099999999999994,15.633333333333331,낮음
2023-11-30,천안시,0,93.6,80.3,116.6,0.0,,1,6.400000000000006,2.133333333333335,낮음
2023-11-30,청양군,0,97.6,78.4,124.4,0.0,,1,2.4000000000000057,0.8000000000000019,낮음
2023-11-30,태안군,0,89.6,85.6,104.7,0.0,,1,10.400000000000006,3.4666666666666686,낮음
2023-11-30,홍성군,0,86.8,75.4,115.1,0.0,,1,13.200000000000003,4.400000000000001,낮음
2023-12-01,계룡시,0,93.0,100.0,93.0,7.0,,2,7.0,4.666666666666667,낮음
2023-12-01,공주시,0,91.5,70.2,130.4,0.0,,2,8.5,2.8333333333333335,낮음
2023-12-01,금산군,0,94.7,70.1,135.1,0.0,,2,5.299999999999997,1.7666666666666657,낮음
2023-12-01,논산시,0,89.6,73.8,121.4,0.0,,2,10.400000000000006,3.4666666666666686,낮음
2023-12-01,당진시,0,85.7,78.6,109.1,0.0,,2,14.299999999999997,4.766666666666666,낮음
2023-12-01,보령시,0,89.9,77.3,116.3,0.0,,2,10.099999999999994,3.366666666666665,낮음
2023-12-01,부여군,0,97.0,73.7,131.5,0.0,,2,3.0,1.0,낮음
2023-12-01,서산시,0,82.4,79.3,103.9,0.0,,2,17.599999999999994,5.8666666666666645,낮음
2023-12-01,서천군,0,92.9,75.6,123.0,0.0,,2,7.099999999999994,2.366666666666665,낮음
2023-12-01,아산시,0,99.3,83.8,118.6,0.0,,2,0.7000000000000028,0.23333333333333428,낮음
2023-12-01,예산군,0,67.2,77.8,86.3,13.700000000000003,,2,32.8,15.5,낮음
2023-12-01,천안시,0,93.7,80.4,116.6,0.0,,2,6.299999999999997,2.099999999999999,낮음
2023-12-01,청양군,0,97.6,78.5,124.3,0.0,,2,2.4000000000000057,0.8000000000000019,낮음
2023-12-01,태안군,0,89.6,85.8,104.5,0.0,,2,10.400000000000006,3.4666666666666686,낮음
2023-12-01,홍성군,0,87.0,75.5,115.2,0.0,,2,13.0,4.333333333333333,낮음
2023-12-02,계룡시,0,93.0,100.0,93.0,7.0,,1,7.0,4.666666666666667,낮음
2023-12-02,공주시,0,91.5,70.1,130.4,0.0,,1,8.5,2.8333333333333335,낮음
2023-12-02,금산군,0,94.7,70.2,134.8,0.0,,1,5.299999999999997,1.7666666666666657,낮음
2023-12-02,논산시,0,89.6,74.0,121.1,0.0,,1,10.400000000000006,3.4666666666666686,낮음
2023-12-02,당진시,0,85.7,78.6,109.1,0.0,,1,14.299999999999997,4.766666666666666,낮음
2023-12-02,보령시,0,89.9,77.5,115.9,0.0,,1,10.099999999999994,3.366666666666665,낮음
2023-12-02,부여군,0,97.0,73.8,131.4,0.0,,1,3.0,1.0,낮음
2023-12-02,서산시,0,82.4,79.4,103.8,0.0,,1,17.599999999999994,5.8666666666666645,낮음
2023-12-02,서천군,0,92.9,75.8,122.6,0.0,,1,7.099999999999994,2.366666666666665,낮음
2023-12-02,아산시,0,99.3,83.9,118.4,0.0,,1,0.7000000000000028,0.23333333333333428,낮음
2023-12-02,예산군,0,67.2,77.9,86.2,13.799999999999997,,1,32.8,15.533333333333331,낮음
2023-12-02,천안시,0,93.7,80.5,116.4,0.0,,1,6.299999999999997,2.099999999999999,낮음
2023-12-02,청양군,0,97.6,78.6,124.2,0.0,,1,2.4000000000000057,0.8000000000000019,낮음
2023-12-02,태안군,0,89.6,85.9,104.3,0.0,,1,10.400000000000006,3.4666666666666686,낮음
2023-12-02,홍성군,0,87.0,75.6,115.1,0.0,,1,13.0,4.333333333333333,낮음
2023-12-03,계룡시,0,93.0,100.0,93.0,7.0,,1,7.0,4.666666666666667,낮음
2023-12-03,공주시,0,91.5,70.1,130.5,0.0,,1,8.5,2.8333333333333335,낮음
2023-12-03,금산군,0,94.7,70.4,134.6,0.0,,1,5.299999999999997,1.7666666666666657,낮음
2023-12-03,논산시,0,89.6,74.2,120.7,0.0,,1,10.400000000000006,3.4666666666666686,낮음
2023-12-03,당진시,0,85.7,78.6,109.1,0.0,,1,14.299999999999997,4.766666666666666,낮음
2023-12-03,보령시,0,89.9,77.7,115.7,0.0,,1,10.099999999999994,3.366666666666665,낮음
2023-12-03,부여군,0,97.0,73.9,131.2,0.0,,1,3.0,1.0,낮음
2023-12-03,서산시,0,82.4,79.6,103.6,0.0,,1,17.599999999999994,5.8666666666666645,낮음
2023-12-03,서천군,0,92.9,76.0,122.3,0.0,,1,7.099999999999994,2.366666666666665,낮음
2023-12-03,아산시,0,99.3,84.0,118.3,0.0,,1,0.7000000000000028,0.23333333333333428,낮음
2023-12-03,예산군,0,67.2,78.0,86.1,13.900000000000006,,1,32.8,15.566666666666668,낮음
2023-12-03,천안시,0,93.7,80.6,116.2,0.0,,1,6.299999999999997,2.099999999999999,낮음
2023-12-03,청양군,0,97.6,78.6,124.1,0.0,,1,2.4000000000000057,0.8000000000000019,낮음
2023-12-03,태안군,0,89.6,86.0,104.1,0.0,,1,10.400000000000006,3.4666666666666686,낮음
2023-12-03,홍성군,0,87.0,75.8,114.8,0.0,,1,13.0,4.333333333333333,낮음
2023-12-04,계룡시,0,93.0,100.0,93.0,7.0,,1,7.0,4.666666666666667,낮음
2023-12-04,공주시,0,91.8,70.1,131.0,0.0,,1,8.200000000000003,2.7333333333333343,낮음
2023-12-04,금산군,0,94.7,70.4,134.6,0.0,,1,5.299999999999997,1.7666666666666657,낮음
2023-12-04,논산시,0,90.0,74.5,120.9,0.0,,1,10.0,3.3333333333333335,낮음
2023-12-04,당진시,0,85.6,78.7,108.8,0.0,,1,14.400000000000006,4.800000000000002,낮음
2023-12-04,보령시,0,90.2,77.9,115.9,0.0,,1,9.799999999999997,3.2666666666666657,낮음
2023-12-04,부여군,0,97.2,74.0,131.2,0.0,,1,2.799999999999997,0.9333333333333323,낮음
2023-12-04,서산시,0,82.8,79.7,103.8,0.0,,1,17.200000000000003,5.733333333333334,낮음
2023-12-04,서천군,0,93.1,76.2,122.2,0.0,,1,6.900000000000006,2.300000000000002,낮음
2023-12-04,아산시,0,99.2,84.1,118.0,0.0,,1,0.7999999999999972,0.2666666666666657,낮음
2023-12-04,예산군,0,68.4,78.3,87.4,12.599999999999994,,1,31.599999999999994,14.733333333333329,낮음
2023-12-04,천안시,0,93.7,80.8,116.0,0.0,,1,6.299999999999997,2.099999999999999,낮음
2023-12-04,청양군,0,97.5,78.7,124.0,0.0,,1,2.5,0.8333333333333334,낮음
2023-12-04,태안군,0,89.6,86.1,104.0,0.0,,1,10.400000000000006,3.4666666666666686,낮음
2023-12-04,홍성군,0,87.2,76.0,114.8,0.0,,1,12.799999999999997,4.266666666666666,낮음
2023-12-05,계룡시,0,93.0,100.0,93.0,7.0,,1,7.0,4.666666666666667,낮음
2023-12-05,공주시,0,92.0,70.1,131.2,0.0,,1,8.0,2.6666666666666665,낮음
2023-12-05,금산군,0,94.8,70.5,134.4,0.0,,1,5.200000000000003,1.7333333333333343,낮음
2023-12-05,논산시,0,90.2,74.8,120.7,0.0,,1,9.799999999999997,3.2666666666666657,낮음
2023-12-05,당진시,0,85.1,78.6,108.3,0.0,,1,14.900000000000006,4.966666666666669,낮음
2023-12-05,보령시,0,90.3,78.1,115.7,0.0,,1,9.700000000000003,3.2333333333333343,낮음
2023-12-05,부여군,0,97.2,74.1,131.2,0.0,,1,2.799999999999997,0.9333333333333323,낮음
2023-12-05,서산시,0,82.8,79.8,103.7,0.0,,1,17.200000000000003,5.733333333333334,낮음
2023-12-05,서천군,0,93.3,76.4,122.1,0.0,,1,6.700000000000003,2.2333333333333343,낮음
2023-12-05,아산시,0,99.3,84.2,117.9,0.0,,1,0.7000000000000028,0.23333333333333428,낮음
2023-12-05,예산군,0,68.5,78.5,87.4,12.599999999999994,,1,31.5,14.699999999999998,낮음
2023-12-05,천안시,0,93.8,80.9,115.9,0.0,,1,6.200000000000003,2.0666666666666678,낮음
2023-12-05,청양군,0,97.5,78.7,123.8,0.0,,1,2.5,0.8333333333333334,낮음
2023-12-05,태안군,0,89.6,86.2,103.9,0.0,,1,10.400000000000006,3.4666666666666686,낮음
2023-12-05,홍성군,0,87.2,76.0,114.7,0.0,,1,12.799999999999997,4.266666666666666,낮음
2023-12-06,계룡시,0,93.0,100.0,93.0,7.0,,1,7.0,4.666666666666667,낮음
2023-12-06,공주시,0,92.2,70.2,131.3,0.0,,1,7.799999999999997,2.599999999999999,낮음
2023-12-06,금산군,0,94.8,70.5,134.4,0.0,,1,5.200000000000003,1.7333333333333343,낮음
2023-12-06,논산시,0,90.3,75.0,120.4,0.0,,1,9.700000000000003,3.2333333333333343,낮음
2023-12-06,당진시,0,85.2,78.7,108.3,0.0,,1,14.799999999999997,4.933333333333333,낮음
2023-12-06,보령시,0,90.5,78.3,115.7,0.0,,1,9.5,3.1666666666666665,낮음
2023-12-06,부여군,0,97.2,74.1,131.1,0.0,,1,2.799999999999997,0.9333333333333323,낮음
2023-12-06,서산시,0,83.0,79.9,103.8,0.0,,1,17.0,5.666666666666667,낮음
2023-12-06,서천군,0,93.5,76.6,122.1,0.0,,1,6.5,2.1666666666666665,낮음
2023-12-06,아산시,0,99.2,84.3,117.6,0.0,,1,0.7999999999999972,0.2666666666666657,낮음
2023-12-06,예산군,0,69.4,78.7,88.3,11.700000000000003,,1,30.599999999999994,14.1,낮음
2023-12-06,천안시,0,93.8,81.0,115.8,0.0,,1,6.200000000000003,2.0666666666666678,낮음
2023-12-06,청양군,0,97.5,78.8,123.8,0.0,,1,2.5,0.8333333333333334,낮음
2023-12-06,태안군,0,89.5,86.3,103.7,0.0,,1,10.5,3.5,낮음
2023-12-06,홍성군,0,87.3,76.1,114.7,0.0,,1,12.700000000000003,4.233333333333334,낮음
2023-12-07,계룡시,0,93.0,100.0,93.0,7.0,,1,7.0,4.666666666666667,낮음
2023-12-07,공주시,0,92.3,70.4,131.1,0.0,,1,7.700000000000003,2.5666666666666678,낮음
2023-12-07,금산군,0,94.8,70.6,134.3,0.0,,1,5.200000000000003,1.7333333333333343,낮음
2023-12-07,논산시,0,90.5,75.2,120.3,0.0,,1,9.5,3.1666666666666665,낮음
2023-12-07,당진시,0,84.8,78.8,107.6,0.0,,1,15.200000000000003,5.066666666666667,낮음
2023-12-07,보령시,0,90.7,78.5,115.7,0.0,,1,9.299999999999997,3.099999999999999,낮음
2023-12-07,부여군,0,97.2,74.2,131.0,0.0,,1,2.799999999999997,0.9333333333333323,낮음
2023-12-07,서산시,0,83.1,80.1,103.8,0.0,,1,16.900000000000006,5.6333333333333355,낮음
2023-12-07,서천군,0,94.0,76.8,122.4,0.0,,1,6.0,2.0,낮음
2023-12-07,아산시,0,99.2,84.4,117.5,0.0,,1,0.7999999999999972,0.2666666666666657,낮음
2023-12-07,예산군,0,69.2,78.8,87.7,12.299999999999997,,1,30.799999999999997,14.366666666666665,낮음
2023-12-07,천안시,0,93.9,81.1,115.8,0.0,,1,6.099999999999994,2.0333333333333314,낮음
2023-12-07,청양군,0,97.5,78.8,123.7,0.0,,1,2.5,0.8333333333333334,낮음
2023-12-07,태안군,0,89.6,86.4,103.7,0.0,,1,10.400000000000006,3.4666666666666686,낮음
2023-12-07,홍성군,0,87.6,76.2,115.0,0.0,,1,12.400000000000006,4.1333333333333355,낮음
2023-12-08,계룡시,0,93.0,100.0,93.0,7.0,,1,7.0,4.666666666666667,낮음
2023-12-08,공주시,0,92.3,70.6,130.7,0.0,,1,7.700000000000003,2.5666666666666678,낮음
2023-12-08,금산군,0,94.8,70.8,133.9,0.0,,1,5.200000000000003,1.7333333333333343,낮음
2023-12-08,논산시,0,90.5,75.4,120.0,0.0,,1,9.5,3.1666666666666665,낮음
2023-12-08,당진시,0,84.8,79.0,107.4,0.0,,1,15.200000000000003,5.066666666666667,낮음
2023-12-08,보령시,0,90.7,78.6,115.5,0.0,,1,9.299999999999997,3.099999999999999,낮음
2023-12-08,부여군,0,97.2,74.3,130.8,0.0,,1,2.799999999999997,0.9333333333333323,낮음
2023-12-08,서산시,0,83.1,80.2,103.7,0.0,,1,16.900000000000006,5.6333333333333355,낮음
2023-12-08,서천군,0,94.0,77.0,122.1,0.0,,1,6.0,2.0,낮음
2023-12-08,아산시,0,99.2,84.5,117.4,0.0,,1,0.7999999999999972,0.2666666666666657,낮음
2023-12-08,예산군,0,69.2,78.8,87.7,12.299999999999997,,1,30.799999999999997,14.366666666666665,낮음
2023-12-08,천안시,0,93.9,81.2,115.7,0.0,,1,6.099999999999994,2.0333333333333314,낮음
2023-12-08,청양군,0,97.5,78.9,123.6,0.0,,1,2.5,0.8333333333333334,낮음
2023-12-08,태안군,0,89.6,86.5,103.6,0.0,,1,10.400000000000006,3.4666666666666686,낮음
2023-12-08,홍성군,0,87.6,76.3,114.9,0.0,,1,12.400000000000006,4.1333333333333355,낮음
2023-12-09,계룡시,0,93.0,100.0,93.0,7.0,,1,7.0,4.666666666666667,낮음
2023-12-09,공주시,0,92.3,70.8,130.3,0.0,,1,7.700000000000003,2.5666666666666678,낮음
2023-12-09,금산군,0,94.8,71.0,133.6,0.0,,1,5.200000000000003,1.7333333333333343,낮음
2023-12-09,논산시,0,90.5,75.6,119.7,0.0,,1,9.5,3.1666666666666665,낮음
2023-12-09,당진시,0,84.8,79.1,107.2,0.0,,1,15.200000000000003,5.066666666666667,낮음
2023-12-09,보령시,0,90.7,78.7,115.3,0.0,,1,9.299999999999997,3.099999999999999,낮음
2023-12-09,부여군,0,97.2,74.4,130.7,0.0,,1,2.799999999999997,0.9333333333333323,낮음
2023-12-09,서산시,0,83.1,80.2,103.6,0.0,,1,16.900000000000006,5.6333333333333355,낮음
2023-12-09,서천군,0,94.0,77.3,121.7,0.0,,1,6.0,2.0,낮음
2023-12-09,아산시,0,99.2,84.6,117.3,0.0,,1,0.7999999999999972,0.2666666666666657,낮음
2023-12-09,예산군,0,69.2,78.8,87.8,12.200000000000003,,1,30.799999999999997,14.333333333333334,낮음
2023-12-09,천안시,0,93.9,81.3,115.6,0.0,,1,6.099999999999994,2.0333333333333314,낮음
2023-12-09,청양군,0,97.5,78.9,123.6,0.0,,1,2.5,0.8333333333333334,낮음
2023-12-09,태안군,0,89.6,86.6,103.4,0.0,,1,10.400000000000006,3.4666666666666686,낮음
2023-12-09,홍성군,0,87.6,76.3,114.7,0.0,,1,12.400000000000006,4.1333333333333355,낮음
2023-12-10,계룡시,0,93.0,100.0,93.0,7.0,,1,7.0,4.666666666666667,낮음
2023-12-10,공주시,0,92.3,70.9,130.1,0.0,,1,7.700000000000003,2.5666666666666678,낮음
2023-12-10,금산군,0,94.8,71.2,133.2,0.0,,1,5.200000000000003,1.7333333333333343,낮음
2023-12-10,논산시,0,90.5,75.8,119.4,0.0,,1,9.5,3.1666666666666665,낮음
2023-12-10,당진시,0,84.8,79.2,107.0,0.0,,1,15.200000000000003,5.066666666666667,낮음
2023-12-10,보령시,0,90.7,78.8,115.1,0.0,,1,9.299999999999997,3.099999999999999,낮음
2023-12-10,부여군,0,97.2,74.5,130.6,0.0,,1,2.799999999999997,0.9333333333333323,낮음
2023-12-10,서산시,0,83.1,80.3,103.5,0.0,,1,16.900000000000006,5.6333333333333355,낮음
2023-12-10,서천군,0,94.0,77.5,121.4,0.0,,1,6.0,2.0,낮음
2023-12-10,아산시,0,99.2,84.7,117.2,0.0,,1,0.7999999999999972,0.2666666666666657,낮음
2023-12-10,예산군,0,69.2,78.8,87.8,12.200000000000003,,1,30.799999999999997,14.333333333333334,낮음
2023-12-10,천안시,0,93.9,81.4,115.4,0.0,,1,6.099999999999994,2.0333333333333314,낮음
2023-12-10,청양군,0,97.5,78.9,123.5,0.0,,1,2.5,0.8333333333333334,낮음
2023-12-10,태안군,0,89.6,86.7,103.3,0.0,,1,10.400000000000006,3.4666666666666686,낮음
2023-12-10,홍성군,0,87.6,76.5,114.5,0.0,,1,12.400000000000006,4.1333333333333355,낮음
2023-12-11,계룡시,0,93.0,100.0,93.0,7.0,,1,7.0,4.666666666666667,낮음
2023-12-11,공주시,0,92.7,71.0,130.5,0.0,,1,7.299999999999997,2.4333333333333322,낮음
2023-12-11,금산군,0,94.9,71.3,133.0,0.0,,1,5.099999999999994,1.6999999999999982,낮음
2023-12-11,논산시,0,90.9,76.0,119.6,0.0,,1,9.099999999999994,3.0333333333333314,낮음
2023-12-11,당진시,0,84.9,79.3,107.0,0.0,,1,15.099999999999994,5.033333333333331,낮음
2023-12-11,보령시,0,91.3,79.0,115.6,0.0,,1,8.700000000000003,2.900000000000001,낮음
2023-12-11,부여군,0,97.3,74.5,130.5,0.0,,1,2.700000000000003,0.9000000000000009,낮음
2023-12-11,서산시,0,83.1,80.3,103.5,0.0,,1,16.900000000000006,5.6333333333333355,낮음
2023-12-11,서천군,0,95.3,77.6,122.7,0.0,,1,4.700000000000003,1.5666666666666675,낮음
2023-12-11,아산시,0,99.0,84.7,116.8,0.0,,1,1.0,0.3333333333333333,낮음
2023-12-11,예산군,0,70.1,79.0,88.8,11.200000000000003,,1,29.900000000000006,13.700000000000003,낮음
2023-12-11,천안시,0,94.1,81.5,115.5,0.0,,1,5.900000000000006,1.9666666666666686,낮음
2023-12-11,청양군,0,97.7,79.0,123.7,0.0,,1,2.299999999999997,0.7666666666666657,낮음
2023-12-11,태안군,0,89.6,86.8,103.2,0.0,,1,10.400000000000006,3.4666666666666686,낮음
2023-12-11,홍성군,0,88.0,76.6,114.9,0.0,,1,12.0,4.0,낮음
2023-12-12,계룡시,0,93.0,100.0,93.0,7.0,,1,7.0,4.666666666666667,낮음
2023-12-12,공주시,0,93.4,71.1,131.3,0.0,,1,6.599999999999994,2.199999999999998,낮음
2023-12-12,금산군,0,95.3,71.4,133.5,0.0,,1,4.700000000000003,1.5666666666666675,낮음
2023-12-12,논산시,0,91.9,76.2,120.7,0.0,,1,8.099999999999994,2.699999999999998,낮음
2023-12-12,당진시,0,86.3,79.4,108.6,0.0,,1,13.700000000000003,4.566666666666667,낮음
2023-12-12,보령시,0,92.1,79.1,116.4,0.0,,1,7.900000000000006,2.633333333333335,낮음
2023-12-12,부여군,0,98.1,74.6,131.5,0.0,,1,1.9000000000000057,0.6333333333333352,낮음
2023-12-12,서산시,0,84.7,80.4,105.4,0.0,,1,15.299999999999997,5.099999999999999,낮음
2023-12-12,서천군,0,96.6,77.8,124.2,0.0,,1,3.4000000000000057,1.1333333333333353,낮음
2023-12-12,아산시,0,99.5,84.8,117.3,0.0,,1,0.5,0.16666666666666666,낮음
2023-12-12,예산군,0,70.1,79.2,88.5,11.5,,1,29.900000000000006,13.800000000000002,낮음
2023-12-12,천안시,0,95.2,81.5,116.8,0.0,,1,4.799999999999997,1.599999999999999,낮음
2023-12-12,청양군,0,98.0,79.0,124.0,0.0,,1,2.0,0.6666666666666666,낮음
2023-12-12,태안군,0,89.8,86.9,103.4,0.0,,1,10.200000000000003,3.400000000000001,낮음
2023-12-12,홍성군,0,89.0,76.7,116.0,0.0,,1,11.0,3.6666666666666665,낮음
2023-12-13,계룡시,0,93.0,100.0,93.0,7.0,,1,7.0,4.666666666666667,낮음
2023-12-13,공주시,0,93.8,71.2,131.7,0.0,,1,6.200000000000003,2.0666666666666678,낮음
2023-12-13,금산군,0,95.5,71.4,133.7,0.0,,1,4.5,1.5,낮음
2023-12-13,논산시,0,93.3,76.4,122.1,0.0,,1,6.700000000000003,2.2333333333333343,낮음
2023-12-13,당진시,0,87.6,79.4,110.3,0.0,,1,12.400000000000006,4.1333333333333355,낮음
2023-12-13,보령시,0,92.4,79.3,116.6,0.0,,1,7.599999999999994,2.5333333333333314,낮음
2023-12-13,부여군,0,98.2,74.7,131.4,0.0,,1,1.7999999999999972,0.5999999999999991,낮음
2023-12-13,서산시,0,85.1,80.4,105.9,0.0,,1,14.900000000000006,4.966666666666669,낮음
2023-12-13,서천군,0,97.9,77.9,125.6,0.0,,1,2.0999999999999943,0.6999999999999981,낮음
2023-12-13,아산시,0,99.2,84.8,117.0,0.0,,1,0.7999999999999972,0.2666666666666657,낮음
2023-12-13,예산군,0,73.1,79.6,91.9,8.099999999999994,,1,26.900000000000006,11.666666666666666,낮음
2023-12-13,천안시,0,95.1,81.6,116.7,0.0,,1,4.900000000000006,1.6333333333333353,낮음
2023-12-13,청양군,0,98.1,79.1,124.1,0.0,,1,1.9000000000000057,0.6333333333333352,낮음
2023-12-13,태안군,0,89.8,86.9,103.3,0.0,,1,10.200000000000003,3.400000000000001,낮음
2023-12-13,홍성군,0,89.1,76.8,116.0,0.0,,1,10.900000000000006,3.633333333333335,낮음
2023-12-14,계룡시,0,93.0,100.0,93.0,7.0,,1,7.0,4.666666666666667,낮음
2023-12-14,공주시,0,94.1,71.3,131.9,0.0,,1,5.900000000000006,1.9666666666666686,낮음
2023-12-14,금산군,0,95.6,71.5,133.7,0.0,,1,4.400000000000006,1.4666666666666686,낮음
2023-12-14,논산시,0,93.6,76.6,122.2,0.0,,1,6.400000000000006,2.133333333333335,낮음
2023-12-14,당진시,0,87.2,79.5,109.7,0.0,,1,12.799999999999997,4.266666666666666,낮음
2023-12-14,보령시,0,92.5,79.4,116.5,0.0,,1,7.5,2.5,낮음
2023-12-14,부여군,0,98.1,74.8,131.2,0.0,,1,1.9000000000000057,0.6333333333333352,낮음
2023-12-14,서산시,0,85.5,80.4,106.3,0.0,,1,14.5,4.833333333333333,낮음
2023-12-14,서천군,0,98.0,78.1,125.5,0.0,,1,2.0,0.6666666666666666,낮음
2023-12-14,아산시,0,99.3,84.9,117.0,0.0,,1,0.7000000000000028,0.23333333333333428,낮음
2023-12-14,예산군,0,73.2,79.8,91.6,8.400000000000006,,1,26.799999999999997,11.733333333333334,낮음
2023-12-14,천안시,0,95.1,81.6,116.6,0.0,,1,4.900000000000006,1.6333333333333353,낮음
2023-12-14,청양군,0,98.2,79.1,124.1,0.0,,1,1.7999999999999972,0.5999999999999991,낮음
2023-12-14,태안군,0,89.8,87.0,103.2,0.0,,1,10.200000000000003,3.400000000000001,낮음
2023-12-14,홍성군,0,89.2,76.9,116.0,0.0,,1,10.799999999999997,3.599999999999999,낮음
2023-12-15,계룡시,0,93.0,100.0,93.0,7.0,,1,7.0,4.666666666666667,낮음
2023-12-15,공주시,0,95.3,71.5,133.3,0.0,,1,4.700000000000003,1.5666666666666675,낮음
2023-12-15,금산군,0,96.0,71.6,134.1,0.0,,1,4.0,1.3333333333333333,낮음
2023-12-15,논산시,0,95.9,76.8,124.9,0.0,,1,4.099999999999994,1.3666666666666647,낮음
2023-12-15,당진시,0,89.3,79.6,112.1,0.0,,1,10.700000000000003,3.5666666666666678,낮음
2023-12-15,보령시,0,95.3,79.5,119.8,0.0,,1,4.700000000000003,1.5666666666666675,낮음
2023-12-15,부여군,0,98.4,74.9,131.4,0.0,,1,1.5999999999999943,0.5333333333333314,낮음
2023-12-15,서산시,0,87.8,80.6,109.0,0.0,,1,12.200000000000003,4.066666666666667,낮음
2023-12-15,서천군,0,98.2,78.2,125.6,0.0,,1,1.7999999999999972,0.5999999999999991,낮음
2023-12-15,아산시,0,99.6,85.0,117.1,0.0,,1,0.4000000000000057,0.13333333333333522,낮음
2023-12-15,예산군,0,73.4,80.1,91.6,8.400000000000006,,1,26.599999999999994,11.666666666666666,낮음
2023-12-15,천안시,0,96.4,81.6,118.1,0.0,,1,3.5999999999999943,1.1999999999999982,낮음
2023-12-15,청양군,0,98.8,79.3,124.7,0.0,,1,1.2000000000000028,0.40000000000000097,낮음
2023-12-15,태안군,0,90.0,87.1,103.4,0.0,,1,10.0,3.3333333333333335,낮음
2023-12-15,홍성군,0,91.7,77.1,119.0,0.0,,1,8.299999999999997,2.7666666666666657,낮음
2023-12-16,계룡시,0,93.0,100.0,93.0,7.0,,1,7.0,4.666666666666667,낮음
2023-12-16,공주시,0,95.3,71.6,133.2,0.0,,1,4.700000000000003,1.5666666666666675,낮음
2023-12-16,금산군,0,96.0,71.6,134.1,0.0,,1,4.0,1.3333333333333333,낮음
2023-12-16,논산시,0,95.1,76.9,123.6,0.0,,1,4.900000000000006,1.6333333333333353,낮음
2023-12-16,당진시,0,89.3,79.7,112.0,0.0,,1,10.700000000000003,3.5666666666666678,낮음
2023-12-16,보령시,0,95.3,79.7,119.7,0.0,,1,4.700000000000003,1.5666666666666675,낮음
2023-12-16,부여군,0,98.4,75.0,131.3,0.0,,1,1.5999999999999943,0.5333333333333314,낮음
2023-12-16,서산시,0,87.8,80.6,108.9,0.0,,1,12.200000000000003,4.066666666666667,낮음
2023-12-16,서천군,0,98.2,78.3,125.5,0.0,,1,1.7999999999999972,0.5999999999999991,낮음
2023-12-16,아산시,0,99.6,85.1,117.0,0.0,,1,0.4000000000000057,0.13333333333333522,낮음
2023-12-16,예산군,0,73.4,80.5,91.2,8.799999999999997,,1,26.599999999999994,11.799999999999997,낮음
2023-12-16,천안시,0,96.4,81.7,118.0,0.0,,1,3.5999999999999943,1.1999999999999982,낮음
2023-12-16,청양군,0,98.8,79.3,124.6,0.0,,1,1.2000000000000028,0.40000000000000097,낮음
2023-12-16,태안군,0,90.0,87.2,103.2,0.0,,1,10.0,3.3333333333333335,낮음
2023-12-16,홍성군,0,91.7,77.2,118.7,0.0,,1,8.299999999999997,2.7666666666666657,낮음
2023-12-17,계룡시,0,93.0,100.0,93.0,7.0,,1,7.0,4.666666666666667,낮음
2023-12-17,공주시,0,95.3,71.6,133.1,0.0,,1,4.700000000000003,1.5666666666666675,낮음
2023-12-17,금산군,0,96.0,71.7,134.0,0.0,,1,4.0,1.3333333333333333,낮음
2023-12-17,논산시,0,95.1,77.1,123.3,0.0,,1,4.900000000000006,1.6333333333333353,낮음
2023-12-17,당진시,0,89.3,79.7,112.0,0.0,,1,10.700000000000003,3.5666666666666678,낮음
2023-12-17,보령시,0,95.3,79.8,119.5,0.0,,1,4.700000000000003,1.5666666666666675,낮음
2023-12-17,부여군,0,98.4,75.0,131.2,0.0,,1,1.5999999999999943,0.5333333333333314,낮음
2023-12-17,서산시,0,87.8,80.7,108.8,0.0,,1,12.200000000000003,4.066666666666667,낮음
2023-12-17,서천군,0,98.2,78.4,125.3,0.0,,1,1.7999999999999972,0.5999999999999991,낮음
2023-12-17,아산시,0,99.6,85.2,116.9,0.0,,1,0.4000000000000057,0.13333333333333522,낮음
2023-12-17,예산군,0,73.7,80.9,91.1,8.900000000000006,,1,26.299999999999997,11.733333333333334,낮음
2023-12-17,천안시,0,96.4,81.7,118.0,0.0,,1,3.5999999999999943,1.1999999999999982,낮음
2023-12-17,청양군,0,98.8,79.4,124.5,0.0,,1,1.2000000000000028,0.40000000000000097,낮음
2023-12-17,태안군,0,90.0,87.3,103.1,0.0,,1,10.0,3.3333333333333335,낮음
2023-12-17,홍성군,0,91.7,77.4,118.5,0.0,,1,8.299999999999997,2.7666666666666657,낮음
2023-12-18,계룡시,0,93.0,100.0,93.0,7.0,,1,7.0,4.666666666666667,낮음
2023-12-18,공주시,0,98.4,71.8,137.1,0.0,,1,1.5999999999999943,0.5333333333333314,낮음
2023-12-18,금산군,0,96.1,71.7,134.0,0.0,,1,3.9000000000000057,1.3000000000000018,낮음
2023-12-18,논산시,0,95.6,77.3,123.7,0.0,,1,4.400000000000006,1.4666666666666686,낮음
2023-12-18,당진시,0,87.2,79.7,109.5,0.0,,1,12.799999999999997,4.266666666666666,낮음
2023-12-18,보령시,0,99.5,80.0,124.3,0.0,,1,0.5,0.16666666666666666,낮음
2023-12-18,부여군,0,99.5,75.1,132.5,0.0,,1,0.5,0.16666666666666666,낮음
2023-12-18,서산시,0,90.0,80.8,111.4,0.0,,1,10.0,3.3333333333333335,낮음
2023-12-18,서천군,0,99.9,78.5,127.3,0.0,,1,0.09999999999999432,0.03333333333333144,낮음
2023-12-18,아산시,0,99.4,85.3,116.6,0.0,,1,0.5999999999999943,0.1999999999999981,낮음
2023-12-18,예산군,0,73.5,81.1,90.6,9.400000000000006,,1,26.5,11.966666666666669,낮음
2023-12-18,천안시,0,96.7,81.7,118.4,0.0,,1,3.299999999999997,1.099999999999999,낮음
2023-12-18,청양군,0,98.3,79.3,123.8,0.0,,1,1.7000000000000028,0.5666666666666677,낮음
2023-12-18,태안군,0,90.1,87.4,103.1,0.0,,1,9.900000000000006,3.300000000000002,낮음
2023-12-18,홍성군,0,94.3,77.6,121.5,0.0,,1,5.700000000000003,1.900000000000001,낮음
2023-12-19,계룡시,0,93.0,100.0,93.0,7.0,,1,7.0,4.666666666666667,낮음
2023-12-19,공주시,0,98.5,71.8,137.2,0.0,,1,1.5,0.5,낮음
2023-12-19,금산군,0,96.1,71.7,133.9,0.0,,1,3.9000000000000057,1.3000000000000018,낮음
2023-12-19,논산시,0,95.6,77.5,123.4,0.0,,1,4.400000000000006,1.4666666666666686,낮음
2023-12-19,당진시,0,86.1,80.1,107.6,0.0,,1,13.900000000000006,4.6333333333333355,낮음
2023-12-19,보령시,0,99.4,80.1,124.2,0.0,,1,0.5999999999999943,0.1999999999999981,낮음
2023-12-19,부여군,0,98.6,75.1,131.3,0.0,,1,1.4000000000000057,0.46666666666666856,낮음
2023-12-19,서산시,0,89.9,80.8,111.2,0.0,,1,10.099999999999994,3.366666666666665,낮음
2023-12-19,서천군,0,99.9,78.6,127.1,0.0,,1,0.09999999999999432,0.03333333333333144,낮음
2023-12-19,아산시,0,99.4,85.4,116.5,0.0,,1,0.5999999999999943,0.1999999999999981,낮음
2023-12-19,예산군,0,81.8,81.6,100.3,0.0,,1,18.200000000000003,6.066666666666667,낮음
2023-12-19,천안시,0,96.6,81.7,118.3,0.0,,1,3.4000000000000057,1.1333333333333353,낮음
2023-12-19,청양군,0,98.3,79.4,123.8,0.0,,1,1.7000000000000028,0.5666666666666677,낮음
2023-12-19,태안군,0,90.1,87.5,102.9,0.0,,1,9.900000000000006,3.300000000000002,낮음
2023-12-19,홍성군,0,94.1,77.7,121.2,0.0,,1,5.900000000000006,1.9666666666666686,낮음
2023-12-20,계룡시,0,93.0,100.0,93.0,7.0,,1,7.0,4.666666666666667,낮음
2023-12-20,공주시,0,98.6,71.9,137.2,0.0,,1,1.4000000000000057,0.46666666666666856,낮음
2023-12-20,금산군,0,96.1,71.8,133.9,0.0,,1,3.9000000000000057,1.3000000000000018,낮음
2023-12-20,논산시,0,94.9,77.6,122.2,0.0,,1,5.099999999999994,1.6999999999999982,낮음
2023-12-20,당진시,0,86.5,80.2,107.9,0.0,,1,13.5,4.5,낮음
2023-12-20,보령시,0,99.4,80.2,124.0,0.0,,1,0.5999999999999943,0.1999999999999981,낮음
2023-12-20,부여군,0,98.6,75.2,131.1,0.0,,1,1.4000000000000057,0.46666666666666856,낮음
2023-12-20,서산시,0,89.8,80.9,111.1,0.0,,1,10.200000000000003,3.400000000000001,낮음
2023-12-20,서천군,0,99.9,78.8,126.9,0.0,,1,0.09999999999999432,0.03333333333333144,낮음
2023-12-20,아산시,0,99.3,85.4,116.2,0.0,,1,0.7000000000000028,0.23333333333333428,낮음
2023-12-20,예산군,0,87.4,81.9,106.7,0.0,,1,12.599999999999994,4.199999999999998,낮음
2023-12-20,천안시,0,96.6,81.7,118.1,0.0,,1,3.4000000000000057,1.1333333333333353,낮음
2023-12-20,청양군,0,98.3,79.5,123.7,0.0,,1,1.7000000000000028,0.5666666666666677,낮음
2023-12-20,태안군,0,90.1,87.6,102.8,0.0,,1,9.900000000000006,3.300000000000002,낮음
2023-12-20,홍성군,0,94.3,77.8,121.3,0.0,,1,5.700000000000003,1.900000000000001,낮음
2023-12-21,계룡시,0,93.0,100.0,93.0,7.0,,1,7.0,4.666666666666667,낮음
2023-12-21,공주시,0,98.6,71.9,137.1,0.0,,1,1.4000000000000057,0.46666666666666856,낮음
2023-12-21,금산군,0,96.0,71.8,133.7,0.0,,1,4.0,1.3333333333333333,낮음
2023-12-21,논산시,0,94.0,77.8,120.8,0.0,,1,6.0,2.0,낮음
2023-12-21,당진시,0,86.5,80.2,107.8,0.0,,1,13.5,4.5,낮음
2023-12-21,보령시,0,99.4,80.3,123.9,0.0,,1,0.5999999999999943,0.1999999999999981,낮음
2023-12-21,부여군,0,98.6,75.2,131.0,0.0,,1,1.4000000000000057,0.46666666666666856,낮음
2023-12-21,서산시,0,89.7,80.9,110.9,0.0,,1,10.299999999999997,3.4333333333333322,낮음
2023-12-21,서천군,0,99.9,78.9,126.7,0.0,,1,0.09999999999999432,0.03333333333333144,낮음
2023-12-21,아산시,0,99.3,85.5,116.1,0.0,,1,0.7000000000000028,0.23333333333333428,낮음
2023-12-21,예산군,0,90.9,82.3,110.5,0.0,,1,9.099999999999994,3.0333333333333314,낮음
2023-12-21,천안시,0,96.5,81.8,117.9,0.0,,1,3.5,1.1666666666666667,낮음
2023-12-21,청양군,0,98.3,79.6,123.4,0.0,,1,1.7000000000000028,0.5666666666666677,낮음
2023-12-21,태안군,0,90.1,87.7,102.8,0.0,,1,9.900000000000006,3.300000000000002,낮음
2023-12-21,홍성군,0,94.3,77.9,121.0,0.0,,1,5.700000000000003,1.900000000000001,낮음
2023-12-22,계룡시,0,93.0,100.0,93.0,7.0,,1,7.0,4.666666666666667,낮음
2023-12-22,공주시,0,98.6,72.0,137.0,0.0,,1,1.4000000000000057,0.46666666666666856,낮음
2023-12-22,금산군,0,96.0,71.8,133.7,0.0,,1,4.0,1.3333333333333333,낮음
2023-12-22,논산시,0,92.8,78.0,119.1,0.0,,1,7.200000000000003,2.400000000000001,낮음
2023-12-22,당진시,0,86.5,80.4,107.6,0.0,,1,13.5,4.5,낮음
2023-12-22,보령시,0,99.2,80.4,123.3,0.0,,1,0.7999999999999972,0.2666666666666657,낮음
2023-12-22,부여군,0,98.6,75.3,130.8,0.0,,1,1.4000000000000057,0.46666666666666856,낮음
2023-12-22,서산시,0,89.5,81.0,110.5,0.0,,1,10.5,3.5,낮음
2023-12-22,서천군,0,99.9,79.0,126.5,0.0,,1,0.09999999999999432,0.03333333333333144,낮음
2023-12-22,아산시,0,99.3,85.6,116.0,0.0,,1,0.7000000000000028,0.23333333333333428,낮음
2023-12-22,예산군,0,93.0,82.7,112.5,0.0,,1,7.0,2.3333333333333335,낮음
2023-12-22,천안시,0,96.4,81.9,117.7,0.0,,1,3.5999999999999943,1.1999999999999982,낮음
2023-12-22,청양군,0,98.3,79.8,123.2,0.0,,1,1.7000000000000028,0.5666666666666677,낮음
2023-12-22,태안군,0,90.1,87.7,102.7,0.0,,1,9.900000000000006,3.300000000000002,낮음
2023-12-22,홍성군,0,94.6,78.2,121.0,0.0,,1,5.400000000000006,1.8000000000000018,낮음
2023-12-23,계룡시,0,93.0,100.0,93.0,7.0,,1,7.0,4.666666666666667,낮음
2023-12-23,공주시,0,98.6,72.0,136.9,0.0,,1,1.4000000000000057,0.46666666666666856,낮음
2023-12-23,금산군,0,96.0,71.9,133.6,0.0,,1,4.0,1.3333333333333333,낮음
2023-12-23,논산시,0,92.8,78.1,118.8,0.0,,1,7.200000000000003,2.400000000000001,낮음
2023-12-23,당진시,0,86.5,80.4,107.5,0.0,,1,13.5,4.5,낮음
2023-12-23,보령시,0,99.2,80.5,123.2,0.0,,1,0.7999999999999972,0.2666666666666657,낮음
2023-12-23,부여군,0,98.6,75.4,130.7,0.0,,1,1.4000000000000057,0.46666666666666856,낮음
2023-12-23,서산시,0,89.5,81.1,110.4,0.0,,1,10.5,3.5,낮음
2023-12-23,서천군,0,99.9,79.1,126.3,0.0,,1,0.09999999999999432,0.03333333333333144,낮음
2023-12-23,아산시,0,99.3,85.7,115.9,0.0,,1,0.7000000000000028,0.23333333333333428,낮음
2023-12-23,예산군,0,93.0,82.9,112.2,0.0,,1,7.0,2.3333333333333335,낮음
2023-12-23,천안시,0,96.4,81.9,117.7,0.0,,1,3.5999999999999943,1.1999999999999982,낮음
2023-12-23,청양군,0,98.3,79.9,123.0,0.0,,1,1.7000000000000028,0.5666666666666677,낮음
2023-12-23,태안군,0,90.1,87.8,102.6,0.0,,1,9.900000000000006,3.300000000000002,낮음
2023-12-23,홍성군,0,94.6,78.4,120.7,0.0,,1,5.400000000000006,1.8000000000000018,낮음
2023-12-24,계룡시,0,93.0,100.0,93.0,7.0,,1,7.0,4.666666666666667,낮음
2023-12-24,공주시,0,98.6,72.1,136.8,0.0,,1,1.4000000000000057,0.46666666666666856,낮음
2023-12-24,금산군,0,96.0,71.9,133.5,0.0,,1,4.0,1.3333333333333333,낮음
2023-12-24,논산시,0,92.8,78.3,118.6,0.0,,1,7.200000000000003,2.400000000000001,낮음
2023-12-24,당진시,0,86.5,80.5,107.5,0.0,,1,13.5,4.5,낮음
2023-12-24,보령시,0,99.2,80.6,123.1,0.0,,1,0.7999999999999972,0.2666666666666657,낮음
2023-12-24,부여군,0,98.6,75.5,130.6,0.0,,1,1.4000000000000057,0.46666666666666856,낮음
2023-12-24,서산시,0,89.5,81.1,110.3,0.0,,1,10.5,3.5,낮음
2023-12-24,서천군,0,99.9,79.2,126.2,0.0,,1,0.09999999999999432,0.03333333333333144,낮음
2023-12-24,아산시,0,99.3,85.8,115.8,0.0,,1,0.7000000000000028,0.23333333333333428,낮음
2023-12-24,예산군,0,93.0,83.1,111.9,0.0,,1,7.0,2.3333333333333335,낮음
2023-12-24,천안시,0,96.4,82.0,117.6,0.0,,1,3.5999999999999943,1.1999999999999982,낮음
2023-12-24,청양군,0,98.3,79.9,123.0,0.0,,1,1.7000000000000028,0.5666666666666677,낮음
2023-12-24,태안군,0,90.1,87.8,102.6,0.0,,1,9.900000000000006,3.300000000000002,낮음
2023-12-24,홍성군,0,94.6,78.5,120.5,0.0,,1,5.400000000000006,1.8000000000000018,낮음
2023-12-25,계룡시,0,93.0,100.0,93.0,7.0,,1,7.0,4.666666666666667,낮음
2023-12-25,공주시,0,98.6,72.1,136.7,0.0,,1,1.4000000000000057,0.46666666666666856,낮음
2023-12-25,금산군,0,96.0,71.9,133.5,0.0,,1,4.0,1.3333333333333333,낮음
2023-12-25,논산시,0,92.8,78.4,118.4,0.0,,1,7.200000000000003,2.400000000000001,낮음
2023-12-25,당진시,0,86.5,80.6,107.4,0.0,,1,13.5,4.5,낮음
2023-12-25,보령시,0,99.2,80.7,122.9,0.0,,1,0.7999999999999972,0.2666666666666657,낮음
2023-12-25,부여군,0,98.6,75.6,130.4,0.0,,1,1.4000000000000057,0.46666666666666856,낮음
2023-12-25,서산시,0,89.5,81.2,110.2,0.0,,1,10.5,3.5,낮음
2023-12-25,서천군,0,99.9,79.3,126.0,0.0,,1,0.09999999999999432,0.03333333333333144,낮음
2023-12-25,아산시,0,99.3,85.9,115.7,0.0,,1,0.7000000000000028,0.23333333333333428,낮음
2023-12-25,예산군,0,93.0,83.3,111.6,0.0,,1,7.0,2.3333333333333335,낮음
2023-12-25,천안시,0,96.4,82.0,117.6,0.0,,1,3.5999999999999943,1.1999999999999982,낮음
2023-12-25,청양군,0,98.3,80.0,122.9,0.0,,1,1.7000000000000028,0.5666666666666677,낮음
2023-12-25,태안군,0,90.1,87.9,102.6,0.0,,1,9.900000000000006,3.300000000000002,낮음
2023-12-25,홍성군,0,94.6,78.6,120.3,0.0,,1,5.400000000000006,1.8000000000000018,낮음
2023-12-26,계룡시,0,93.0,100.0,93.0,7.0,,1,7.0,4.666666666666667,낮음
2023-12-26,공주시,0,97.9,72.1,135.7,0.0,,1,2.0999999999999943,0.6999999999999981,낮음
2023-12-26,금산군,0,96.1,72.0,133.5,0.0,,1,3.9000000000000057,1.3000000000000018,낮음
2023-12-26,논산시,0,92.0,78.6,117.1,0.0,,1,8.0,2.6666666666666665,낮음
2023-12-26,당진시,0,86.3,80.7,107.0,0.0,,1,13.700000000000003,4.566666666666667,낮음
2023-12-26,보령시,0,95.7,80.7,118.6,0.0,,1,4.299999999999997,1.4333333333333325,낮음
2023-12-26,부여군,0,98.5,75.6,130.2,0.0,,1,1.5,0.5,낮음
2023-12-26,서산시,0,89.7,81.2,110.4,0.0,,1,10.299999999999997,3.4333333333333322,낮음
2023-12-26,서천군,0,99.9,79.4,125.9,0.0,,1,0.09999999999999432,0.03333333333333144,낮음
2023-12-26,아산시,0,99.4,86.0,115.6,0.0,,1,0.5999999999999943,0.1999999999999981,낮음
2023-12-26,예산군,0,95.2,83.7,113.7,0.0,,1,4.799999999999997,1.599999999999999,낮음
2023-12-26,천안시,0,96.4,82.0,117.6,0.0,,1,3.5999999999999943,1.1999999999999982,낮음
2023-12-26,청양군,0,98.4,79.7,123.4,0.0,,1,1.5999999999999943,0.5333333333333314,낮음
2023-12-26,태안군,0,90.1,87.9,102.5,0.0,,1,9.900000000000006,3.300000000000002,낮음
2023-12-26,홍성군,0,95.1,78.8,120.7,0.0,,1,4.900000000000006,1.6333333333333353,낮음
2023-12-27,계룡시,0,93.0,100.0,93.0,7.0,,1,7.0,4.666666666666667,낮음
2023-12-27,공주시,0,98.5,72.2,136.5,0.0,,1,1.5,0.5,낮음
2023-12-27,금산군,0,96.0,72.0,133.3,0.0,,1,4.0,1.3333333333333333,낮음
2023-12-27,논산시,0,91.0,78.8,115.6,0.0,,1,9.0,3.0,낮음
2023-12-27,당진시,0,87.4,81.0,107.9,0.0,,1,12.599999999999994,4.199999999999998,낮음
2023-12-27,보령시,0,93.8,80.7,116.3,0.0,,1,6.200000000000003,2.0666666666666678,낮음
2023-12-27,부여군,0,98.5,75.7,130.2,0.0,,1,1.5,0.5,낮음
2023-12-27,서산시,0,89.6,81.3,110.2,0.0,,1,10.400000000000006,3.4666666666666686,낮음
2023-12-27,서천군,0,99.9,79.5,125.7,0.0,,1,0.09999999999999432,0.03333333333333144,낮음
2023-12-27,아산시,0,99.2,86.0,115.3,0.0,,1,0.7999999999999972,0.2666666666666657,낮음
2023-12-27,예산군,0,96.2,84.0,114.5,0.0,,1,3.799999999999997,1.2666666666666657,낮음
2023-12-27,천안시,0,96.4,82.0,117.5,0.0,,1,3.5999999999999943,1.1999999999999982,낮음
2023-12-27,청양군,0,98.4,79.4,124.0,0.0,,1,1.5999999999999943,0.5333333333333314,낮음
2023-12-27,태안군,0,90.1,87.9,102.4,0.0,,1,9.900000000000006,3.300000000000002,낮음
2023-12-27,홍성군,0,94.2,78.9,119.3,0.0,,1,5.799999999999997,1.9333333333333325,낮음
2023-12-28,계룡시,0,93.0,100.0,93.0,7.0,,1,7.0,4.666666666666667,낮음
2023-12-28,공주시,0,98.4,72.2,136.3,0.0,,1,1.5999999999999943,0.5333333333333314,낮음
2023-12-28,금산군,0,96.0,72.0,133.3,0.0,,1,4.0,1.3333333333333333,낮음
2023-12-28,논산시,0,90.5,78.9,114.6,0.0,,1,9.5,3.1666666666666665,낮음
2023-12-28,당진시,0,85.9,80.8,106.3,0.0,,1,14.099999999999994,4.699999999999998,낮음
2023-12-28,보령시,0,92.7,80.7,114.9,0.0,,1,7.299999999999997,2.4333333333333322,낮음
2023-12-28,부여군,0,98.5,75.8,129.9,0.0,,1,1.5,0.5,낮음
2023-12-28,서산시,0,89.6,81.4,110.1,0.0,,1,10.400000000000006,3.4666666666666686,낮음
2023-12-28,서천군,0,99.9,79.6,125.6,0.0,,1,0.09999999999999432,0.03333333333333144,낮음
2023-12-28,아산시,0,99.3,86.2,115.2,0.0,,1,0.7000000000000028,0.23333333333333428,낮음
2023-12-28,예산군,0,96.7,84.3,114.7,0.0,,1,3.299999999999997,1.099999999999999,낮음
2023-12-28,천안시,0,96.4,82.1,117.5,0.0,,1,3.5999999999999943,1.1999999999999982,낮음
2023-12-28,청양군,0,98.5,79.8,123.3,0.0,,1,1.5,0.5,낮음
2023-12-28,태안군,0,92.8,88.1,105.3,0.0,,1,7.200000000000003,2.400000000000001,낮음
2023-12-28,홍성군,0,92.6,78.9,117.3,0.0,,1,7.400000000000006,2.4666666666666686,낮음
2023-12-29,계룡시,0,93.0,100.0,93.0,7.0,,1,7.0,4.666666666666667,낮음
2023-12-29,공주시,0,98.3,72.2,136.1,0.0,,1,1.7000000000000028,0.5666666666666677,낮음
2023-12-29,금산군,0,96.0,72.1,133.2,0.0,,1,4.0,1.3333333333333333,낮음
2023-12-29,논산시,0,90.1,79.0,114.0,0.0,,1,9.900000000000006,3.300000000000002,낮음
2023-12-29,당진시,0,85.1,80.8,105.3,0.0,,1,14.900000000000006,4.966666666666669,낮음
2023-12-29,보령시,0,91.4,80.8,113.1,0.0,,1,8.599999999999994,2.866666666666665,낮음
2023-12-29,부여군,0,98.5,76.1,129.3,0.0,,1,1.5,0.5,낮음
2023-12-29,서산시,0,89.8,81.4,110.3,0.0,,1,10.200000000000003,3.400000000000001,낮음
2023-12-29,서천군,0,99.9,79.7,125.4,0.0,,1,0.09999999999999432,0.03333333333333144,낮음
2023-12-29,아산시,0,99.3,86.3,115.0,0.0,,1,0.7000000000000028,0.23333333333333428,낮음
2023-12-29,예산군,0,89.9,84.3,106.6,0.0,,1,10.099999999999994,3.366666666666665,낮음
2023-12-29,천안시,0,96.4,82.2,117.3,0.0,,1,3.5999999999999943,1.1999999999999982,낮음
2023-12-29,청양군,0,98.5,80.1,122.9,0.0,,1,1.5,0.5,낮음
2023-12-29,태안군,0,92.8,88.2,105.3,0.0,,1,7.200000000000003,2.400000000000001,낮음
2023-12-29,홍성군,0,91.8,79.0,116.2,0.0,,1,8.200000000000003,2.7333333333333343,낮음
2023-12-30,계룡시,0,93.0,100.0,93.0,7.0,,1,7.0,4.666666666666667,낮음
2023-12-30,공주시,0,98.3,72.2,136.1,0.0,,1,1.7000000000000028,0.5666666666666677,낮음
2023-12-30,금산군,0,96.0,72.1,133.2,0.0,,1,4.0,1.3333333333333333,낮음
2023-12-30,논산시,0,90.1,79.1,113.9,0.0,,1,9.900000000000006,3.300000000000002,낮음
2023-12-30,당진시,0,85.1,80.9,105.2,0.0,,1,14.900000000000006,4.966666666666669,낮음
2023-12-30,보령시,0,91.4,80.8,113.0,0.0,,1,8.599999999999994,2.866666666666665,낮음
2023-12-30,부여군,0,98.5,76.5,128.7,0.0,,1,1.5,0.5,낮음
2023-12-30,서산시,0,89.8,81.5,110.2,0.0,,1,10.200000000000003,3.400000000000001,낮음
2023-12-30,서천군,0,99.9,79.8,125.2,0.0,,1,0.09999999999999432,0.03333333333333144,낮음
2023-12-30,아산시,0,99.3,86.5,114.8,0.0,,1,0.7000000000000028,0.23333333333333428,낮음
2023-12-30,예산군,0,89.9,84.5,106.4,0.0,,1,10.099999999999994,3.366666666666665,낮음
2023-12-30,천안시,0,96.4,82.2,117.3,0.0,,1,3.5999999999999943,1.1999999999999982,낮음
2023-12-30,청양군,0,98.5,80.2,122.9,0.0,,1,1.5,0.5,낮음
2023-12-30,태안군,0,92.8,88.2,105.2,0.0,,1,7.200000000000003,2.400000000000001,낮음
2023-12-30,홍성군,0,91.8,79.1,116.0,0.0,,1,8.200000000000003,2.7333333333333343,낮음
2023-12-31,계룡시,0,93.0,100.0,93.0,7.0,,1,7.0,4.666666666666667,낮음
2023-12-31,공주시,0,98.3,72.3,136.0,0.0,,1,1.7000000000000028,0.5666666666666677,낮음
2023-12-31,금산군,0,96.0,72.1,133.1,0.0,,1,4.0,1.3333333333333333,낮음
2023-12-31,논산시,0,90.1,79.2,113.7,0.0,,1,9.900000000000006,3.300000000000002,낮음
2023-12-31,당진시,0,85.1,80.9,105.2,0.0,,1,14.900000000000006,4.966666666666669,낮음
2023-12-31,보령시,0,91.4,80.9,112.9,0.0,,1,8.599999999999994,2.866666666666665,낮음
2023-12-31,부여군,0,98.5,76.8,128.2,0.0,,1,1.5,0.5,낮음
2023-12-31,서산시,0,89.8,81.5,110.2,0.0,,1,10.200000000000003,3.400000000000001,낮음
2023-12-31,서천군,0,99.9,79.9,125.1,0.0,,1,0.09999999999999432,0.03333333333333144,낮음
2023-12-31,아산시,0,99.3,86.6,114.6,0.0,,1,0.7000000000000028,0.23333333333333428,낮음
2023-12-31,예산군,0,89.9,84.7,106.1,0.0,,1,10.099999999999994,3.366666666666665,낮음
2023-12-31,천안시,0,96.4,82.3,117.1,0.0,,1,3.5999999999999943,1.1999999999999982,낮음
2023-12-31,청양군,0,98.5,80.2,122.8,0.0,,1,1.5,0.5,낮음
2023-12-31,태안군,0,92.8,88.3,105.2,0.0,,1,7.200000000000003,2.400000000000001,낮음
2023-12-31,홍성군,0,91.8,79.2,115.9,0.0,,1,8.200000000000003,2.7333333333333343,낮음
2024-01-01,계룡시,0,93.0,100.0,93.0,7.0,,1,7.0,4.666666666666667,낮음
2024-01-01,공주시,0,98.3,72.2,136.1,0.0,,1,1.7000000000000028,0.5666666666666677,낮음
2024-01-01,금산군,0,96.0,72.1,133.2,0.0,,1,4.0,1.3333333333333333,낮음
2024-01-01,논산시,0,90.1,79.3,113.5,0.0,,1,9.900000000000006,3.300000000000002,낮음
2024-01-01,당진시,0,85.1,80.9,105.2,0.0,,1,14.900000000000006,4.966666666666669,낮음
2024-01-01,보령시,0,91.4,80.9,112.9,0.0,,1,8.599999999999994,2.866666666666665,낮음
2024-01-01,부여군,0,98.5,76.9,128.1,0.0,,1,1.5,0.5,낮음
2024-01-01,서산시,0,89.8,81.6,110.1,0.0,,1,10.200000000000003,3.400000000000001,낮음
2024-01-01,서천군,0,99.9,79.9,125.1,0.0,,1,0.09999999999999432,0.03333333333333144,낮음
2024-01-01,아산시,0,99.3,85.7,115.9,0.0,,1,0.7000000000000028,0.23333333333333428,낮음
2024-01-01,예산군,0,89.9,84.9,105.8,0.0,,1,10.099999999999994,3.366666666666665,낮음
2024-01-01,천안시,0,96.4,82.4,117.0,0.0,,1,3.5999999999999943,1.1999999999999982,낮음
2024-01-01,청양군,0,98.5,80.5,122.4,0.0,,1,1.5,0.5,낮음
2024-01-01,태안군,0,92.8,88.4,105.0,0.0,,1,7.200000000000003,2.400000000000001,낮음
2024-01-01,홍성군,0,91.8,79.3,115.7,0.0,,1,8.200000000000003,2.7333333333333343,낮음
2024-01-02,계룡시,0,93.0,100.0,93.0,7.0,,2,7.0,4.666666666666667,낮음
2024-01-02,공주시,0,98.3,72.3,136.0,0.0,,2,1.7000000000000028,0.5666666666666677,낮음
2024-01-02,금산군,0,96.1,72.1,133.2,0.0,,2,3.9000000000000057,1.3000000000000018,낮음
2024-01-02,논산시,0,88.1,79.4,110.9,0.0,,2,11.900000000000006,3.9666666666666686,낮음
2024-01-02,당진시,0,85.1,81.0,105.0,0.0,,2,14.900000000000006,4.966666666666669,낮음
2024-01-02,보령시,0,87.0,80.8,107.6,0.0,,2,13.0,4.333333333333333,낮음
2024-01-02,부여군,0,98.5,76.9,128.1,0.0,,2,1.5,0.5,낮음
2024-01-02,서산시,0,90.7,81.7,111.0,0.0,,2,9.299999999999997,3.099999999999999,낮음
2024-01-02,서천군,0,99.9,80.0,125.0,0.0,,2,0.09999999999999432,0.03333333333333144,낮음
2024-01-02,아산시,0,99.5,85.8,116.0,0.0,,2,0.5,0.16666666666666666,낮음
2024-01-02,예산군,0,89.5,85.1,105.2,0.0,,2,10.5,3.5,낮음
2024-01-02,천안시,0,96.6,82.5,117.1,0.0,,2,3.4000000000000057,1.1333333333333353,낮음
2024-01-02,청양군,0,98.7,80.5,122.5,0.0,,2,1.2999999999999972,0.4333333333333324,낮음
2024-01-02,태안군,0,93.1,88.4,105.3,0.0,,2,6.900000000000006,2.300000000000002,낮음
2024-01-02,홍성군,0,91.1,79.4,114.7,0.0,,2,8.900000000000006,2.9666666666666686,낮음
2024-01-03,계룡시,0,93.0,100.0,93.0,7.0,,1,7.0,4.666666666666667,낮음
2024-01-03,공주시,0,98.3,72.3,135.9,0.0,,1,1.7000000000000028,0.5666666666666677,낮음
2024-01-03,금산군,0,96.0,72.1,133.1,0.0,,1,4.0,1.3333333333333333,낮음
2024-01-03,논산시,0,89.0,79.6,111.9,0.0,,1,11.0,3.6666666666666665,낮음
2024-01-03,당진시,0,85.2,81.0,105.2,0.0,,1,14.799999999999997,4.933333333333333,낮음
2024-01-03,보령시,0,86.3,80.8,106.8,0.0,,1,13.700000000000003,4.566666666666667,낮음
2024-01-03,부여군,0,98.5,76.9,128.0,0.0,,1,1.5,0.5,낮음
2024-01-03,서산시,0,90.8,81.7,111.1,0.0,,1,9.200000000000003,3.0666666666666678,낮음
2024-01-03,서천군,0,99.9,80.0,124.9,0.0,,1,0.09999999999999432,0.03333333333333144,낮음
2024-01-03,아산시,0,99.5,85.9,115.9,0.0,,1,0.5,0.16666666666666666,낮음
2024-01-03,예산군,0,90.3,85.3,105.9,0.0,,1,9.700000000000003,3.2333333333333343,낮음
2024-01-03,천안시,0,96.6,82.5,117.1,0.0,,1,3.4000000000000057,1.1333333333333353,낮음
2024-01-03,청양군,0,98.7,80.6,122.4,0.0,,1,1.2999999999999972,0.4333333333333324,낮음
2024-01-03,태안군,0,92.5,88.4,104.7,0.0,,1,7.5,2.5,낮음
2024-01-03,홍성군,0,91.0,79.4,114.5,0.0,,1,9.0,3.0,낮음
2024-01-04,계룡시,0,93.0,100.0,93.0,7.0,,1,7.0,4.666666666666667,낮음
2024-01-04,공주시,0,98.3,72.3,135.8,0.0,,1,1.7000000000000028,0.5666666666666677,낮음
2024-01-04,금산군,0,96.0,72.2,133.0,0.0,,1,4.0,1.3333333333333333,낮음
2024-01-04,논산시,0,89.9,79.7,112.7,0.0,,1,10.099999999999994,3.366666666666665,낮음
2024-01-04,당진시,0,85.2,81.0,105.2,0.0,,1,14.799999999999997,4.933333333333333,낮음
2024-01-04,보령시,0,85.3,80.9,105.5,0.0,,1,14.700000000000003,4.900000000000001,낮음
2024-01-04,부여군,0,98.5,77.0,128.0,0.0,,1,1.5,0.5,낮음
2024-01-04,서산시,0,90.9,81.7,111.3,0.0,,1,9.099999999999994,3.0333333333333314,낮음
2024-01-04,서천군,0,99.9,80.1,124.8,0.0,,1,0.09999999999999432,0.03333333333333144,낮음
2024-01-04,아산시,0,99.3,86.0,115.5,0.0,,1,0.7000000000000028,0.23333333333333428,낮음
2024-01-04,예산군,0,90.9,85.4,106.5,0.0,,1,9.099999999999994,3.0333333333333314,낮음
2024-01-04,천안시,0,96.7,82.6,117.1,0.0,,1,3.299999999999997,1.099999999999999,낮음
2024-01-04,청양군,0,98.7,80.6,122.4,0.0,,1,1.2999999999999972,0.4333333333333324,낮음
2024-01-04,태안군,0,92.6,88.4,104.8,0.0,,1,7.400000000000006,2.4666666666666686,낮음
2024-01-04,홍성군,0,90.6,79.5,114.0,0.0,,1,9.400000000000006,3.133333333333335,낮음
2024-01-05,계룡시,0,93.0,100.0,93.0,7.0,,1,7.0,4.666666666666667,낮음
2024-01-05,공주시,0,98.3,72.4,135.8,0.0,,1,1.7000000000000028,0.5666666666666677,낮음
2024-01-05,금산군,0,96.0,72.2,132.9,0.0,,1,4.0,1.3333333333333333,낮음
2024-01-05,논산시,0,90.2,79.8,113.0,0.0,,1,9.799999999999997,3.2666666666666657,낮음
2024-01-05,당진시,0,85.2,81.0,105.1,0.0,,1,14.799999999999997,4.933333333333333,낮음
2024-01-05,보령시,0,85.4,81.0,105.5,0.0,,1,14.599999999999994,4.8666666666666645,낮음
2024-01-05,부여군,0,98.5,77.0,127.9,0.0,,1,1.5,0.5,낮음
2024-01-05,서산시,0,87.0,81.7,106.5,0.0,,1,13.0,4.333333333333333,낮음
2024-01-05,서천군,0,99.9,80.2,124.7,0.0,,1,0.09999999999999432,0.03333333333333144,낮음
2024-01-05,아산시,0,99.5,86.1,115.5,0.0,,1,0.5,0.16666666666666666,낮음
2024-01-05,예산군,0,91.4,85.3,107.1,0.0,,1,8.599999999999994,2.866666666666665,낮음
2024-01-05,천안시,0,96.7,82.6,117.0,0.0,,1,3.299999999999997,1.099999999999999,낮음
2024-01-05,청양군,0,98.7,80.7,122.4,0.0,,1,1.2999999999999972,0.4333333333333324,낮음
2024-01-05,태안군,0,92.6,88.4,104.8,0.0,,1,7.400000000000006,2.4666666666666686,낮음
2024-01-05,홍성군,0,90.2,79.6,113.4,0.0,,1,9.799999999999997,3.2666666666666657,낮음
2024-01-06,계룡시,0,93.0,100.0,93.0,7.0,,1,7.0,4.666666666666667,낮음
2024-01-06,공주시,0,98.3,72.4,135.7,0.0,,1,1.7000000000000028,0.5666666666666677,낮음
2024-01-06,금산군,0,96.0,72.3,132.9,0.0,,1,4.0,1.3333333333333333,낮음
2024-01-06,논산시,0,90.2,79.9,112.9,0.0,,1,9.799999999999997,3.2666666666666657,낮음
2024-01-06,당진시,0,85.2,81.1,105.0,0.0,,1,14.799999999999997,4.933333333333333,낮음
2024-01-06,보령시,0,85.4,81.1,105.3,0.0,,1,14.599999999999994,4.8666666666666645,낮음
2024-01-06,부여군,0,98.5,77.0,127.8,0.0,,1,1.5,0.5,낮음
2024-01-06,서산시,0,87.0,81.7,106.4,0.0,,1,13.0,4.333333333333333,낮음
2024-01-06,서천군,0,99.9,80.2,124.6,0.0,,1,0.09999999999999432,0.03333333333333144,낮음
2024-01-06,아산시,0,99.5,86.2,115.4,0.0,,1,0.5,0.16666666666666666,낮음
2024-01-06,예산군,0,91.4,85.2,107.2,0.0,,1,8.599999999999994,2.866666666666665,낮음
2024-01-06,천안시,0,96.7,82.7,116.9,0.0,,1,3.299999999999997,1.099999999999999,낮음
2024-01-06,청양군,0,98.7,80.7,122.3,0.0,,1,1.2999999999999972,0.4333333333333324,낮음
2024-01-06,태안군,0,92.6,88.4,104.8,0.0,,1,7.400000000000006,2.4666666666666686,낮음
2024-01-06,홍성군,0,90.2,79.7,113.2,0.0,,1,9.799999999999997,3.2666666666666657,낮음
2024-01-07,계룡시,0,93.0,100.0,93.0,7.0,,1,7.0,4.666666666666667,낮음
2024-01-07,공주시,0,98.3,72.5,135.5,0.0,,1,1.7000000000000028,0.5666666666666677,낮음
2024-01-07,금산군,0,96.0,72.3,132.7,0.0,,1,4.0,1.3333333333333333,낮음
2024-01-07,논산시,0,90.2,80.1,112.7,0.0,,1,9.799999999999997,3.2666666666666657,낮음
2024-01-07,당진시,0,85.2,81.2,105.0,0.0,,1,14.799999999999997,4.933333333333333,낮음
2024-01-07,보령시,0,85.4,81.2,105.1,0.0,,1,14.599999999999994,4.8666666666666645,낮음
2024-01-07,부여군,0,98.5,77.1,127.8,0.0,,1,1.5,0.5,낮음
2024-01-07,서산시,0,87.0,81.8,106.3,0.0,,1,13.0,4.333333333333333,낮음
2024-01-07,서천군,0,99.9,80.3,124.4,0.0,,1,0.09999999999999432,0.03333333333333144,낮음
2024-01-07,아산시,0,99.5,86.3,115.2,0.0,,1,0.5,0.16666666666666666,낮음
2024-01-07,예산군,0,91.4,85.2,107.3,0.0,,1,8.599999999999994,2.866666666666665,낮음
2024-01-07,천안시,0,96.7,82.7,116.9,0.0,,1,3.299999999999997,1.099999999999999,낮음
2024-01-07,청양군,0,98.7,80.8,122.2,0.0,,1,1.2999999999999972,0.4333333333333324,낮음
2024-01-07,태안군,0,92.6,88.5,104.7,0.0,,1,7.400000000000006,2.4666666666666686,낮음
2024-01-07,홍성군,0,90.2,79.8,113.1,0.0,,1,9.799999999999997,3.2666666666666657,낮음
2024-01-08,계룡시,0,93.0,100.0,93.0,7.0,,1,7.0,4.666666666666667,낮음
2024-01-08,공주시,0,98.2,72.6,135.4,0.0,,1,1.7999999999999972,0.5999999999999991,낮음
2024-01-08,금산군,0,95.9,72.4,132.5,0.0,,1,4.099999999999994,1.3666666666666647,낮음
2024-01-08,논산시,0,91.8,80.3,114.3,0.0,,1,8.200000000000003,2.7333333333333343,낮음
2024-01-08,당진시,0,84.7,81.2,104.3,0.0,,1,15.299999999999997,5.099999999999999,낮음
2024-01-08,보령시,0,86.2,81.5,105.8,0.0,,1,13.799999999999997,4.599999999999999,낮음
2024-01-08,부여군,0,98.4,77.1,127.6,0.0,,1,1.5999999999999943,0.5333333333333314,낮음
2024-01-08,서산시,0,87.0,81.9,106.2,0.0,,1,13.0,4.333333333333333,낮음
2024-01-08,서천군,0,99.9,80.5,124.2,0.0,,1,0.09999999999999432,0.03333333333333144,낮음
2024-01-08,아산시,0,99.4,86.5,115.0,0.0,,1,0.5999999999999943,0.1999999999999981,낮음
2024-01-08,예산군,0,93.1,85.1,109.4,0.0,,1,6.900000000000006,2.300000000000002,낮음
2024-01-08,천안시,0,96.8,82.8,116.9,0.0,,1,3.200000000000003,1.0666666666666675,낮음
2024-01-08,청양군,0,98.7,80.8,122.1,0.0,,1,1.2999999999999972,0.4333333333333324,낮음
2024-01-08,태안군,0,92.7,88.5,104.7,0.0,,1,7.299999999999997,2.4333333333333322,낮음
2024-01-08,홍성군,0,89.2,79.9,111.7,0.0,,1,10.799999999999997,3.599999999999999,낮음
2024-01-09,계룡시,0,93.0,100.0,93.0,7.0,,1,7.0,4.666666666666667,낮음
2024-01-09,공주시,0,98.3,72.6,135.3,0.0,,1,1.7000000000000028,0.5666666666666677,낮음
2024-01-09,금산군,0,96.0,72.6,132.3,0.0,,1,4.0,1.3333333333333333,낮음
2024-01-09,논산시,0,92.3,80.3,114.9,0.0,,1,7.700000000000003,2.5666666666666678,낮음
2024-01-09,당진시,0,84.1,81.7,103.0,0.0,,1,15.900000000000006,5.300000000000002,낮음
2024-01-09,보령시,0,86.5,81.7,106.0,0.0,,1,13.5,4.5,낮음
2024-01-09,부여군,0,98.4,77.2,127.5,0.0,,1,1.5999999999999943,0.5333333333333314,낮음
2024-01-09,서산시,0,87.2,81.9,106.4,0.0,,1,12.799999999999997,4.266666666666666,낮음
2024-01-09,서천군,0,99.9,80.7,123.9,0.0,,1,0.09999999999999432,0.03333333333333144,낮음
2024-01-09,아산시,0,99.3,86.5,114.7,0.0,,1,0.7000000000000028,0.23333333333333428,낮음
2024-01-09,예산군,0,93.6,85.2,109.9,0.0,,1,6.400000000000006,2.133333333333335,낮음
2024-01-09,천안시,0,96.8,82.8,116.9,0.0,,1,3.200000000000003,1.0666666666666675,낮음
2024-01-09,청양군,0,98.7,80.8,122.1,0.0,,1,1.2999999999999972,0.4333333333333324,낮음
2024-01-09,태안군,0,92.8,88.6,104.8,0.0,,1,7.200000000000003,2.400000000000001,낮음
2024-01-09,홍성군,0,88.9,80.1,111.0,0.0,,1,11.099999999999994,3.699999999999998,낮음
2024-01-10,계룡시,0,93.0,100.0,93.0,7.0,,1,7.0,4.666666666666667,낮음
2024-01-10,공주시,0,98.3,72.7,135.2,0.0,,1,1.7000000000000028,0.5666666666666677,낮음
2024-01-10,금산군,0,96.0,72.6,132.2,0.0,,1,4.0,1.3333333333333333,낮음
2024-01-10,논산시,0,92.9,80.5,115.4,0.0,,1,7.099999999999994,2.366666666666665,낮음
2024-01-10,당진시,0,83.9,81.8,102.6,0.0,,1,16.099999999999994,5.3666666666666645,낮음
2024-01-10,보령시,0,86.8,81.8,106.2,0.0,,1,13.200000000000003,4.400000000000001,낮음
2024-01-10,부여군,0,98.4,77.3,127.4,0.0,,1,1.5999999999999943,0.5333333333333314,낮음
2024-01-10,서산시,0,87.2,82.0,106.4,0.0,,1,12.799999999999997,4.266666666666666,낮음
2024-01-10,서천군,0,99.9,80.8,123.7,0.0,,1,0.09999999999999432,0.03333333333333144,낮음
2024-01-10,아산시,0,99.5,86.6,114.8,0.0,,1,0.5,0.16666666666666666,낮음
2024-01-10,예산군,0,94.4,85.4,110.4,0.0,,1,5.599999999999994,1.8666666666666647,낮음
2024-01-10,천안시,0,96.9,82.8,117.0,0.0,,1,3.0999999999999943,1.0333333333333314,낮음
2024-01-10,청양군,0,98.7,80.9,122.0,0.0,,1,1.2999999999999972,0.4333333333333324,낮음
2024-01-10,태안군,0,92.9,88.6,104.8,0.0,,1,7.099999999999994,2.366666666666665,낮음
2024-01-10,홍성군,0,88.5,80.3,110.2,0.0,,1,11.5,3.8333333333333335,낮음
2024-01-11,계룡시,0,93.0,100.0,93.0,7.0,,1,7.0,4.666666666666667,낮음
2024-01-11,공주시,0,98.2,72.7,135.1,0.0,,1,1.7999999999999972,0.5999999999999991,낮음
2024-01-11,금산군,0,96.0,72.6,132.3,0.0,,1,4.0,1.3333333333333333,낮음
2024-01-11,논산시,0,93.3,80.6,115.7,0.0,,1,6.700000000000003,2.2333333333333343,낮음
2024-01-11,당진시,0,84.0,81.8,102.7,0.0,,1,16.0,5.333333333333333,낮음
2024-01-11,보령시,0,87.0,81.9,106.2,0.0,,1,13.0,4.333333333333333,낮음
2024-01-11,부여군,0,98.4,77.4,127.2,0.0,,1,1.5999999999999943,0.5333333333333314,낮음
2024-01-11,서산시,0,87.2,82.1,106.3,0.0,,1,12.799999999999997,4.266666666666666,낮음
2024-01-11,서천군,0,99.9,80.9,123.5,0.0,,1,0.09999999999999432,0.03333333333333144,낮음
2024-01-11,아산시,0,98.6,86.7,113.7,0.0,,1,1.4000000000000057,0.46666666666666856,낮음
2024-01-11,예산군,0,94.4,85.6,110.3,0.0,,1,5.599999999999994,1.8666666666666647,낮음
2024-01-11,천안시,0,96.9,82.9,116.9,0.0,,1,3.0999999999999943,1.0333333333333314,낮음
2024-01-11,청양군,0,98.7,80.9,121.9,0.0,,1,1.2999999999999972,0.4333333333333324,낮음
2024-01-11,태안군,0,92.9,88.6,104.8,0.0,,1,7.099999999999994,2.366666666666665,낮음
2024-01-11,홍성군,0,88.1,80.3,109.7,0.0,,1,11.900000000000006,3.9666666666666686,낮음
2024-01-12,계룡시,0,93.0,100.0,93.0,7.0,,1,7.0,4.666666666666667,낮음
2024-01-12,공주시,0,98.2,72.8,135.0,0.0,,1,1.7999999999999972,0.5999999999999991,낮음
2024-01-12,금산군,0,96.0,72.6,132.2,0.0,,1,4.0,1.3333333333333333,낮음
2024-01-12,논산시,0,93.6,80.7,116.0,0.0,,1,6.400000000000006,2.133333333333335,낮음
2024-01-12,당진시,0,83.8,81.8,102.4,0.0,,1,16.200000000000003,5.400000000000001,낮음
2024-01-12,보령시,0,87.2,81.9,106.5,0.0,,1,12.799999999999997,4.266666666666666,낮음
2024-01-12,부여군,0,98.4,77.4,127.1,0.0,,1,1.5999999999999943,0.5333333333333314,낮음
2024-01-12,서산시,0,87.4,82.2,106.4,0.0,,1,12.599999999999994,4.199999999999998,낮음
2024-01-12,서천군,0,99.9,81.0,123.3,0.0,,1,0.09999999999999432,0.03333333333333144,낮음
2024-01-12,아산시,0,99.5,86.8,114.6,0.0,,1,0.5,0.16666666666666666,낮음
2024-01-12,예산군,0,94.9,85.7,110.8,0.0,,1,5.099999999999994,1.6999999999999982,낮음
2024-01-12,천안시,0,96.9,82.9,116.9,0.0,,1,3.0999999999999943,1.0333333333333314,낮음
2024-01-12,청양군,0,98.6,81.0,121.8,0.0,,1,1.4000000000000057,0.46666666666666856,낮음
2024-01-12,태안군,0,92.8,88.6,104.7,0.0,,1,7.200000000000003,2.400000000000001,낮음
2024-01-12,홍성군,0,87.6,80.3,109.1,0.0,,1,12.400000000000006,4.1333333333333355,낮음
2024-01-13,계룡시,0,93.0,100.0,93.0,7.0,,1,7.0,4.666666666666667,낮음
2024-01-13,공주시,0,98.2,73.0,134.5,0.0,,1,1.7999999999999972,0.5999999999999991,낮음
2024-01-13,금산군,0,96.0,72.6,132.2,0.0,,1,4.0,1.3333333333333333,낮음
2024-01-13,논산시,0,93.6,80.8,115.8,0.0,,1,6.400000000000006,2.133333333333335,낮음
2024-01-13,당진시,0,83.8,81.9,102.3,0.0,,1,16.200000000000003,5.400000000000001,낮음
2024-01-13,보령시,0,87.2,82.1,106.3,0.0,,1,12.799999999999997,4.266666666666666,낮음
2024-01-13,부여군,0,98.4,77.6,126.9,0.0,,1,1.5999999999999943,0.5333333333333314,낮음
2024-01-13,서산시,0,87.4,82.2,106.3,0.0,,1,12.599999999999994,4.199999999999998,낮음
2024-01-13,서천군,0,99.9,81.1,123.1,0.0,,1,0.09999999999999432,0.03333333333333144,낮음
2024-01-13,아산시,0,99.5,86.9,114.5,0.0,,1,0.5,0.16666666666666666,낮음
2024-01-13,예산군,0,94.9,85.8,110.6,0.0,,1,5.099999999999994,1.6999999999999982,낮음
2024-01-13,천안시,0,96.9,83.0,116.8,0.0,,1,3.0999999999999943,1.0333333333333314,낮음
2024-01-13,청양군,0,98.6,81.0,121.7,0.0,,1,1.4000000000000057,0.46666666666666856,낮음
2024-01-13,태안군,0,92.8,88.7,104.7,0.0,,1,7.200000000000003,2.400000000000001,낮음
2024-01-13,홍성군,0,87.6,80.5,108.9,0.0,,1,12.400000000000006,4.1333333333333355,낮음
2024-01-14,계룡시,0,93.0,100.0,93.0,7.0,,1,7.0,4.666666666666667,낮음
2024-01-14,공주시,0,98.2,73.2,134.2,0.0,,1,1.7999999999999972,0.5999999999999991,낮음
2024-01-14,금산군,0,96.0,72.6,132.1,0.0,,1,4.0,1.3333333333333333,낮음
2024-01-14,논산시,0,93.6,81.2,115.3,0.0,,1,6.400000000000006,2.133333333333335,낮음
2024-01-14,당진시,0,83.8,82.0,102.2,0.0,,1,16.200000000000003,5.400000000000001,낮음
2024-01-14,보령시,0,87.2,82.1,106.2,0.0,,1,12.799999999999997,4.266666666666666,낮음
2024-01-14,부여군,0,98.4,77.9,126.4,0.0,,1,1.5999999999999943,0.5333333333333314,낮음
2024-01-14,서산시,0,87.4,82.3,106.2,0.0,,1,12.599999999999994,4.199999999999998,낮음
2024-01-14,서천군,0,99.9,81.2,123.0,0.0,,1,0.09999999999999432,0.03333333333333144,낮음
2024-01-14,아산시,0,99.5,87.0,114.4,0.0,,1,0.5,0.16666666666666666,낮음
2024-01-14,예산군,0,94.9,85.9,110.5,0.0,,1,5.099999999999994,1.6999999999999982,낮음
2024-01-14,천안시,0,96.9,83.0,116.7,0.0,,1,3.0999999999999943,1.0333333333333314,낮음
2024-01-14,청양군,0,98.6,81.1,121.7,0.0,,1,1.4000000000000057,0.46666666666666856,낮음
2024-01-14,태안군,0,92.8,88.7,104.7,0.0,,1,7.200000000000003,2.400000000000001,낮음
2024-01-14,홍성군,0,87.6,80.6,108.8,0.0,,1,12.400000000000006,4.1333333333333355,낮음
2024-01-15,계룡시,0,93.0,100.0,93.0,7.0,,1,7.0,4.666666666666667,낮음
2024-01-15,공주시,0,98.2,72.6,135.3,0.0,,1,1.7999999999999972,0.5999999999999991,낮음
2024-01-15,금산군,0,96.0,71.9,133.5,0.0,,1,4.0,1.3333333333333333,낮음
2024-01-15,논산시,0,92.1,80.8,113.9,0.0,,1,7.900000000000006,2.633333333333335,낮음
2024-01-15,당진시,0,83.6,82.6,101.2,0.0,,1,16.400000000000006,5.466666666666669,낮음
2024-01-15,보령시,0,87.8,81.8,107.3,0.0,,1,12.200000000000003,4.066666666666667,낮음
2024-01-15,부여군,0,98.4,77.5,127.1,0.0,,1,1.5999999999999943,0.5333333333333314,낮음
2024-01-15,서산시,0,87.9,82.0,107.2,0.0,,1,12.099999999999994,4.033333333333331,낮음
2024-01-15,서천군,0,99.9,80.9,123.5,0.0,,1,0.09999999999999432,0.03333333333333144,낮음
2024-01-15,아산시,0,99.5,86.7,114.7,0.0,,1,0.5,0.16666666666666666,낮음
2024-01-15,예산군,0,95.2,86.0,110.8,0.0,,1,4.799999999999997,1.599999999999999,낮음
2024-01-15,천안시,0,97.2,82.7,117.4,0.0,,1,2.799999999999997,0.9333333333333323,낮음
2024-01-15,청양군,0,98.6,80.6,122.4,0.0,,1,1.4000000000000057,0.46666666666666856,낮음
2024-01-15,태안군,0,92.8,88.7,104.6,0.0,,1,7.200000000000003,2.400000000000001,낮음
2024-01-15,홍성군,0,86.4,80.3,107.6,0.0,,1,13.599999999999994,4.533333333333331,낮음
2024-01-16,계룡시,0,93.0,100.0,93.0,7.0,,1,7.0,4.666666666666667,낮음
2024-01-16,공주시,0,98.1,72.6,135.1,0.0,,1,1.9000000000000057,0.6333333333333352,낮음
2024-01-16,금산군,0,95.9,71.8,133.7,0.0,,1,4.099999999999994,1.3666666666666647,낮음
2024-01-16,논산시,0,91.7,81.0,113.2,0.0,,1,8.299999999999997,2.7666666666666657,낮음
2024-01-16,당진시,0,83.7,82.5,101.4,0.0,,1,16.299999999999997,5.433333333333333,낮음
2024-01-16,보령시,0,88.1,81.6,108.0,0.0,,1,11.900000000000006,3.9666666666666686,낮음
2024-01-16,부여군,0,98.4,77.6,126.9,0.0,,1,1.5999999999999943,0.5333333333333314,낮음
2024-01-16,서산시,0,87.7,82.0,106.9,0.0,,1,12.299999999999997,4.099999999999999,낮음
2024-01-16,서천군,0,99.9,80.9,123.5,0.0,,1,0.09999999999999432,0.03333333333333144,낮음
2024-01-16,아산시,0,99.3,86.8,114.4,0.0,,1,0.7000000000000028,0.23333333333333428,낮음
2024-01-16,예산군,0,89.3,85.8,104.0,0.0,,1,10.700000000000003,3.5666666666666678,낮음
2024-01-16,천안시,0,97.1,82.8,117.2,0.0,,1,2.9000000000000057,0.9666666666666686,낮음
2024-01-16,청양군,0,98.6,80.6,122.3,0.0,,1,1.4000000000000057,0.46666666666666856,낮음
2024-01-16,태안군,0,92.8,88.3,105.1,0.0,,1,7.200000000000003,2.400000000000001,낮음
2024-01-16,홍성군,0,87.4,80.4,108.6,0.0,,1,12.599999999999994,4.199999999999998,낮음
2024-01-17,계룡시,0,93.0,100.0,93.0,7.0,,1,7.0,4.666666666666667,낮음
2024-01-17,공주시,0,98.1,74.6,131.4,0.0,,1,1.9000000000000057,0.6333333333333352,낮음
2024-01-17,금산군,0,96.0,73.9,129.9,0.0,,1,4.0,1.3333333333333333,낮음
2024-01-17,논산시,0,91.0,82.3,110.5,0.0,,1,9.0,3.0,낮음
2024-01-17,당진시,0,83.7,80.8,103.6,0.0,,1,16.299999999999997,5.433333333333333,낮음
2024-01-17,보령시,0,88.2,82.8,106.4,0.0,,1,11.799999999999997,3.9333333333333322,낮음
2024-01-17,부여군,0,98.4,79.2,124.2,0.0,,1,1.5999999999999943,0.5333333333333314,낮음
2024-01-17,서산시,0,87.9,83.0,105.8,0.0,,1,12.099999999999994,4.033333333333331,낮음
2024-01-17,서천군,0,99.9,82.1,121.8,0.0,,1,0.09999999999999432,0.03333333333333144,낮음
2024-01-17,아산시,0,99.3,87.8,113.1,0.0,,1,0.7000000000000028,0.23333333333333428,낮음
2024-01-17,예산군,0,87.1,86.0,101.3,0.0,,1,12.900000000000006,4.300000000000002,낮음
2024-01-17,천안시,0,97.1,84.0,115.6,0.0,,1,2.9000000000000057,0.9666666666666686,낮음
2024-01-17,청양군,0,98.6,82.2,120.0,0.0,,1,1.4000000000000057,0.46666666666666856,낮음
2024-01-17,태안군,0,92.8,88.4,105.0,0.0,,1,7.200000000000003,2.400000000000001,낮음
2024-01-17,홍성군,0,87.6,81.5,107.4,0.0,,1,12.400000000000006,4.1333333333333355,낮음
2024-01-18,계룡시,0,93.0,100.0,93.0,7.0,,1,7.0,4.666666666666667,낮음
2024-01-18,공주시,0,98.2,73.4,133.8,0.0,,1,1.7999999999999972,0.5999999999999991,낮음
2024-01-18,금산군,0,96.0,72.6,132.3,0.0,,1,4.0,1.3333333333333333,낮음
2024-01-18,논산시,0,91.0,81.8,111.3,0.0,,1,9.0,3.0,낮음
2024-01-18,당진시,0,84.6,81.9,103.3,0.0,,1,15.400000000000006,5.1333333333333355,낮음
2024-01-18,보령시,0,89.0,82.2,108.2,0.0,,1,11.0,3.6666666666666665,낮음
2024-01-18,부여군,0,98.4,78.3,125.7,0.0,,1,1.5999999999999943,0.5333333333333314,낮음
2024-01-18,서산시,0,88.7,82.5,107.6,0.0,,1,11.299999999999997,3.7666666666666657,낮음
2024-01-18,서천군,0,99.9,81.4,122.7,0.0,,1,0.09999999999999432,0.03333333333333144,낮음
2024-01-18,아산시,0,99.6,87.3,114.0,0.0,,1,0.4000000000000057,0.13333333333333522,낮음
2024-01-18,예산군,0,88.3,86.2,102.5,0.0,,1,11.700000000000003,3.900000000000001,낮음
2024-01-18,천안시,0,97.4,83.3,116.9,0.0,,1,2.5999999999999943,0.8666666666666648,낮음
2024-01-18,청양군,0,98.7,81.2,121.6,0.0,,1,1.2999999999999972,0.4333333333333324,낮음
2024-01-18,태안군,0,93.1,88.4,105.3,0.0,,1,6.900000000000006,2.300000000000002,낮음
2024-01-18,홍성군,0,88.9,81.1,109.7,0.0,,1,11.099999999999994,3.699999999999998,낮음
2024-01-19,계룡시,0,93.0,100.0,93.0,7.0,,1,7.0,4.666666666666667,낮음
2024-01-19,공주시,0,98.2,73.4,133.7,0.0,,1,1.7999999999999972,0.5999999999999991,낮음
2024-01-19,금산군,0,96.1,72.7,132.2,0.0,,1,3.9000000000000057,1.3000000000000018,낮음
2024-01-19,논산시,0,93.3,82.0,113.8,0.0,,1,6.700000000000003,2.2333333333333343,낮음
2024-01-19,당진시,0,84.7,82.0,103.3,0.0,,1,15.299999999999997,5.099999999999999,낮음
2024-01-19,보령시,0,89.5,82.4,108.7,0.0,,1,10.5,3.5,낮음
2024-01-19,부여군,0,98.6,78.5,125.7,0.0,,1,1.4000000000000057,0.46666666666666856,낮음
2024-01-19,서산시,0,89.1,82.5,108.0,0.0,,1,10.900000000000006,3.633333333333335,낮음
2024-01-19,서천군,0,99.9,81.5,122.6,0.0,,1,0.09999999999999432,0.03333333333333144,낮음
2024-01-19,아산시,0,99.5,87.4,113.8,0.0,,1,0.5,0.16666666666666666,낮음
2024-01-19,예산군,0,88.5,86.4,102.5,0.0,,1,11.5,3.8333333333333335,낮음
2024-01-19,천안시,0,97.4,83.4,116.8,0.0,,1,2.5999999999999943,0.8666666666666648,낮음
2024-01-19,청양군,0,98.8,81.1,121.7,0.0,,1,1.2000000000000028,0.40000000000000097,낮음
2024-01-19,태안군,0,93.0,88.4,105.3,0.0,,1,7.0,2.3333333333333335,낮음
2024-01-19,홍성군,0,89.3,81.2,109.9,0.0,,1,10.700000000000003,3.5666666666666678,낮음
2024-01-20,계룡시,0,93.0,100.0,93.0,7.0,,1,7.0,4.666666666666667,낮음
2024-01-20,공주시,0,98.2,73.5,133.6,0.0,,1,1.7999999999999972,0.5999999999999991,낮음
2024-01-20,금산군,0,96.1,72.7,132.1,0.0,,1,3.9000000000000057,1.3000000000000018,낮음
2024-01-20,논산시,0,93.3,82.1,113.6,0.0,,1,6.700000000000003,2.2333333333333343,낮음
2024-01-20,당진시,0,84.7,82.0,103.3,0.0,,1,15.299999999999997,5.099999999999999,낮음
2024-01-20,보령시,0,89.5,82.5,108.5,0.0,,1,10.5,3.5,낮음
2024-01-20,부여군,0,98.6,78.6,125.5,0.0,,1,1.4000000000000057,0.46666666666666856,낮음
2024-01-20,서산시,0,89.1,82.6,107.9,0.0,,1,10.900000000000006,3.633333333333335,낮음
2024-01-20,서천군,0,99.9,81.5,122.6,0.0,,1,0.09999999999999432,0.03333333333333144,낮음
2024-01-20,아산시,0,99.5,87.5,113.7,0.0,,1,0.5,0.16666666666666666,낮음
2024-01-20,예산군,0,88.5,86.3,102.6,0.0,,1,11.5,3.8333333333333335,낮음
2024-01-20,천안시,0,97.4,83.5,116.7,0.0,,1,2.5999999999999943,0.8666666666666648,낮음
2024-01-20,청양군,0,98.8,81.2,121.7,0.0,,1,1.2000000000000028,0.40000000000000097,낮음
2024-01-20,태안군,0,93.0,88.4,105.3,0.0,,1,7.0,2.3333333333333335,낮음
2024-01-20,홍성군,0,89.3,81.4,109.7,0.0,,1,10.700000000000003,3.5666666666666678,낮음
2024-01-21,계룡시,0,93.0,100.0,93.0,7.0,,1,7.0,4.666666666666667,낮음
2024-01-21,공주시,0,98.2,73.5,133.5,0.0,,1,1.7999999999999972,0.5999999999999991,낮음
2024-01-21,금산군,0,96.1,72.8,132.0,0.0,,1,3.9000000000000057,1.3000000000000018,낮음
2024-01-21,논산시,0,93.3,82.3,113.5,0.0,,1,6.700000000000003,2.2333333333333343,낮음
2024-01-21,당진시,0,84.7,82.1,103.2,0.0,,1,15.299999999999997,5.099999999999999,낮음
2024-01-21,보령시,0,89.5,82.6,108.4,0.0,,1,10.5,3.5,낮음
2024-01-21,부여군,0,98.6,78.7,125.4,0.0,,1,1.4000000000000057,0.46666666666666856,낮음
2024-01-21,서산시,0,89.1,82.7,107.8,0.0,,1,10.900000000000006,3.633333333333335,낮음
2024-01-21,서천군,0,99.9,81.6,122.5,0.0,,1,0.09999999999999432,0.03333333333333144,낮음
2024-01-21,아산시,0,99.5,87.6,113.6,0.0,,1,0.5,0.16666666666666666,낮음
2024-01-21,예산군,0,88.5,86.3,102.5,0.0,,1,11.5,3.8333333333333335,낮음
2024-01-21,천안시,0,97.4,83.5,116.6,0.0,,1,2.5999999999999943,0.8666666666666648,낮음
2024-01-21,청양군,0,98.8,81.2,121.6,0.0,,1,1.2000000000000028,0.40000000000000097,낮음
2024-01-21,태안군,0,93.0,88.4,105.3,0.0,,1,7.0,2.3333333333333335,낮음
2024-01-21,홍성군,0,89.3,81.5,109.5,0.0,,1,10.700000000000003,3.5666666666666678,낮음
2024-01-22,계룡시,0,93.0,100.0,93.0,7.0,,1,7.0,4.666666666666667,낮음
2024-01-22,공주시,0,98.3,73.6,133.6,0.0,,1,1.7000000000000028,0.5666666666666677,낮음
2024-01-22,금산군,0,96.1,72.8,131.9,0.0,,1,3.9000000000000057,1.3000000000000018,낮음
2024-01-22,논산시,0,94.3,82.5,114.4,0.0,,1,5.700000000000003,1.900000000000001,낮음
2024-01-22,당진시,0,84.3,82.1,102.7,0.0,,1,15.700000000000003,5.233333333333334,낮음
2024-01-22,보령시,0,91.7,82.7,110.8,0.0,,1,8.299999999999997,2.7666666666666657,낮음
2024-01-22,부여군,0,98.6,78.8,125.2,0.0,,1,1.4000000000000057,0.46666666666666856,낮음
2024-01-22,서산시,0,88.6,82.8,107.1,0.0,,1,11.400000000000006,3.800000000000002,낮음
2024-01-22,서천군,0,99.9,81.6,122.5,0.0,,1,0.09999999999999432,0.03333333333333144,낮음
2024-01-22,아산시,0,99.4,87.7,113.4,0.0,,1,0.5999999999999943,0.1999999999999981,낮음
2024-01-22,예산군,0,93.3,86.7,107.6,0.0,,1,6.700000000000003,2.2333333333333343,낮음
2024-01-22,천안시,0,97.3,83.6,116.4,0.0,,1,2.700000000000003,0.9000000000000009,낮음
2024-01-22,청양군,0,99.0,79.9,123.9,0.0,,1,1.0,0.3333333333333333,낮음
2024-01-22,태안군,0,93.0,88.5,105.1,0.0,,1,7.0,2.3333333333333335,낮음
2024-01-22,홍성군,0,90.4,81.7,110.7,0.0,,1,9.599999999999994,3.199999999999998,낮음
2024-01-23,계룡시,0,91.0,100.0,91.0,9.0,,1,9.0,6.0,낮음
2024-01-23,공주시,0,97.8,73.7,132.8,0.0,,1,2.200000000000003,0.7333333333333343,낮음
2024-01-23,금산군,0,95.7,73.2,130.8,0.0,,1,4.299999999999997,1.4333333333333325,낮음
2024-01-23,논산시,0,92.8,82.5,112.4,0.0,,1,7.200000000000003,2.400000000000001,낮음
2024-01-23,당진시,0,82.0,81.5,100.7,0.0,,1,18.0,6.0,낮음
2024-01-23,보령시,0,92.1,83.2,110.6,0.0,,1,7.900000000000006,2.633333333333335,낮음
2024-01-23,부여군,0,98.4,78.8,124.7,0.0,,1,1.5999999999999943,0.5333333333333314,낮음
2024-01-23,서산시,0,89.0,82.9,107.5,0.0,,1,11.0,3.6666666666666665,낮음
2024-01-23,서천군,0,99.9,81.6,122.4,0.0,,1,0.09999999999999432,0.03333333333333144,낮음
2024-01-23,아산시,0,99.4,87.8,113.3,0.0,,1,0.5999999999999943,0.1999999999999981,낮음
2024-01-23,예산군,0,93.3,86.8,107.5,0.0,,1,6.700000000000003,2.2333333333333343,낮음
2024-01-23,천안시,0,97.3,83.6,116.4,0.0,,1,2.700000000000003,0.9000000000000009,낮음
2024-01-23,청양군,0,98.9,79.9,123.7,0.0,,1,1.0999999999999943,0.36666666666666475,낮음
2024-01-23,태안군,0,93.5,89.2,104.9,0.0,,1,6.5,2.1666666666666665,낮음
2024-01-23,홍성군,0,90.7,81.9,110.7,0.0,,1,9.299999999999997,3.099999999999999,낮음
2024-01-24,계룡시,0,91.0,100.0,91.0,9.0,,1,9.0,6.0,낮음
2024-01-24,공주시,0,97.7,73.7,132.6,0.0,,1,2.299999999999997,0.7666666666666657,낮음
2024-01-24,금산군,0,95.7,73.3,130.6,0.0,,1,4.299999999999997,1.4333333333333325,낮음
2024-01-24,논산시,0,92.5,82.7,111.9,0.0,,1,7.5,2.5,낮음
2024-01-24,당진시,0,82.0,81.5,100.6,0.0,,1,18.0,6.0,낮음
2024-01-24,보령시,0,92.1,83.3,110.5,0.0,,1,7.900000000000006,2.633333333333335,낮음
2024-01-24,부여군,0,98.3,78.9,124.6,0.0,,1,1.7000000000000028,0.5666666666666677,낮음
2024-01-24,서산시,0,89.3,82.9,107.8,0.0,,1,10.700000000000003,3.5666666666666678,낮음
2024-01-24,서천군,0,99.7,81.7,122.1,0.0,,1,0.29999999999999716,0.09999999999999905,낮음
2024-01-24,아산시,0,99.4,87.9,113.2,0.0,,1,0.5999999999999943,0.1999999999999981,낮음
2024-01-24,예산군,0,94.4,87.1,108.5,0.0,,1,5.599999999999994,1.8666666666666647,낮음
2024-01-24,천안시,0,97.3,83.7,116.3,0.0,,1,2.700000000000003,0.9000000000000009,낮음
2024-01-24,청양군,0,98.9,80.0,123.7,0.0,,1,1.0999999999999943,0.36666666666666475,낮음
2024-01-24,태안군,0,93.4,89.3,104.6,0.0,,1,6.599999999999994,2.199999999999998,낮음
2024-01-24,홍성군,0,90.9,82.0,110.9,0.0,,1,9.099999999999994,3.0333333333333314,낮음
2024-01-25,계룡시,0,91.0,100.0,91.0,9.0,,1,9.0,6.0,낮음
2024-01-25,공주시,0,97.7,73.7,132.4,0.0,,1,2.299999999999997,0.7666666666666657,낮음
2024-01-25,금산군,0,95.7,73.4,130.4,0.0,,1,4.299999999999997,1.4333333333333325,낮음
2024-01-25,논산시,0,92.6,82.8,111.8,0.0,,1,7.400000000000006,2.4666666666666686,낮음
2024-01-25,당진시,0,81.8,81.7,100.1,0.0,,1,18.200000000000003,6.066666666666667,낮음
2024-01-25,보령시,0,92.9,83.4,111.3,0.0,,1,7.099999999999994,2.366666666666665,낮음
2024-01-25,부여군,0,98.4,78.9,124.7,0.0,,1,1.5999999999999943,0.5333333333333314,낮음
2024-01-25,서산시,0,89.5,82.9,108.0,0.0,,1,10.5,3.5,낮음
2024-01-25,서천군,0,99.6,81.7,121.9,0.0,,1,0.4000000000000057,0.13333333333333522,낮음
2024-01-25,아산시,0,99.4,87.9,113.0,0.0,,1,0.5999999999999943,0.1999999999999981,낮음
2024-01-25,예산군,0,95.5,87.3,109.4,0.0,,1,4.5,1.5,낮음
2024-01-25,천안시,0,97.3,83.7,116.2,0.0,,1,2.700000000000003,0.9000000000000009,낮음
2024-01-25,청양군,0,99.0,81.4,121.6,0.0,,1,1.0,0.3333333333333333,낮음
2024-01-25,태안군,0,93.4,89.4,104.5,0.0,,1,6.599999999999994,2.199999999999998,낮음
2024-01-25,홍성군,0,91.2,82.2,111.1,0.0,,1,8.799999999999997,2.9333333333333322,낮음
2024-01-26,계룡시,0,91.0,100.0,91.0,9.0,,1,9.0,6.0,낮음
2024-01-26,공주시,0,97.6,73.8,132.3,0.0,,1,2.4000000000000057,0.8000000000000019,낮음
2024-01-26,금산군,0,95.7,73.5,130.2,0.0,,1,4.299999999999997,1.4333333333333325,낮음
2024-01-26,논산시,0,93.6,82.9,113.0,0.0,,1,6.400000000000006,2.133333333333335,낮음
2024-01-26,당진시,0,81.9,81.6,100.4,0.0,,1,18.099999999999994,6.033333333333331,낮음
2024-01-26,보령시,0,93.2,83.5,111.6,0.0,,1,6.799999999999997,2.2666666666666657,낮음
2024-01-26,부여군,0,98.5,79.0,124.8,0.0,,1,1.5,0.5,낮음
2024-01-26,서산시,0,89.6,83.0,108.0,0.0,,1,10.400000000000006,3.4666666666666686,낮음
2024-01-26,서천군,0,99.4,81.8,121.5,0.0,,1,0.5999999999999943,0.1999999999999981,낮음
2024-01-26,아산시,0,99.4,88.0,113.0,0.0,,1,0.5999999999999943,0.1999999999999981,낮음
2024-01-26,예산군,0,96.1,87.4,109.9,0.0,,1,3.9000000000000057,1.3000000000000018,낮음
2024-01-26,천안시,0,97.3,83.8,116.1,0.0,,1,2.700000000000003,0.9000000000000009,낮음
2024-01-26,청양군,0,99.0,81.5,121.6,0.0,,1,1.0,0.3333333333333333,낮음
2024-01-26,태안군,0,93.4,89.5,104.4,0.0,,1,6.599999999999994,2.199999999999998,낮음
2024-01-26,홍성군,0,91.5,82.2,111.2,0.0,,1,8.5,2.8333333333333335,낮음
2024-01-27,계룡시,0,91.0,100.0,91.0,9.0,,1,9.0,6.0,낮음
2024-01-27,공주시,0,97.6,73.8,132.2,0.0,,1,2.4000000000000057,0.8000000000000019,낮음
2024-01-27,금산군,0,95.7,73.5,130.1,0.0,,1,4.299999999999997,1.4333333333333325,낮음
2024-01-27,논산시,0,93.6,82.9,113.0,0.0,,1,6.400000000000006,2.133333333333335,낮음
2024-01-27,당진시,0,81.9,81.4,100.6,0.0,,1,18.099999999999994,6.033333333333331,낮음
2024-01-27,보령시,0,93.2,83.6,111.5,0.0,,1,6.799999999999997,2.2666666666666657,낮음
2024-01-27,부여군,0,98.5,79.0,124.7,0.0,,1,1.5,0.5,낮음
2024-01-27,서산시,0,89.6,83.0,107.9,0.0,,1,10.400000000000006,3.4666666666666686,낮음
2024-01-27,서천군,0,99.4,81.9,121.3,0.0,,1,0.5999999999999943,0.1999999999999981,낮음
2024-01-27,아산시,0,99.4,88.1,112.9,0.0,,1,0.5999999999999943,0.1999999999999981,낮음
2024-01-27,예산군,0,96.1,87.6,109.7,0.0,,1,3.9000000000000057,1.3000000000000018,낮음
2024-01-27,천안시,0,97.3,83.9,116.0,0.0,,1,2.700000000000003,0.9000000000000009,낮음
2024-01-27,청양군,0,99.0,81.5,121.5,0.0,,1,1.0,0.3333333333333333,낮음
2024-01-27,태안군,0,93.4,89.5,104.4,0.0,,1,6.599999999999994,2.199999999999998,낮음
2024-01-27,홍성군,0,91.5,82.3,111.1,0.0,,1,8.5,2.8333333333333335,낮음
2024-01-28,계룡시,0,91.0,100.0,91.0,9.0,,1,9.0,6.0,낮음
2024-01-28,공주시,0,97.6,73.8,132.2,0.0,,1,2.4000000000000057,0.8000000000000019,낮음
2024-01-28,금산군,0,95.7,73.6,130.0,0.0,,1,4.299999999999997,1.4333333333333325,낮음
2024-01-28,논산시,0,93.6,83.0,112.9,0.0,,1,6.400000000000006,2.133333333333335,낮음
2024-01-28,당진시,0,81.9,81.4,100.7,0.0,,1,18.099999999999994,6.033333333333331,낮음
2024-01-28,보령시,0,93.2,83.7,111.4,0.0,,1,6.799999999999997,2.2666666666666657,낮음
2024-01-28,부여군,0,98.5,79.1,124.6,0.0,,1,1.5,0.5,낮음
2024-01-28,서산시,0,89.6,83.0,107.9,0.0,,1,10.400000000000006,3.4666666666666686,낮음
2024-01-28,서천군,0,99.4,81.9,121.2,0.0,,1,0.5999999999999943,0.1999999999999981,낮음
2024-01-28,아산시,0,99.4,88.2,112.8,0.0,,1,0.5999999999999943,0.1999999999999981,낮음
2024-01-28,예산군,0,96.1,87.7,109.5,0.0,,1,3.9000000000000057,1.3000000000000018,낮음
2024-01-28,천안시,0,97.3,83.9,116.0,0.0,,1,2.700000000000003,0.9000000000000009,낮음
2024-01-28,청양군,0,99.0,81.5,121.5,0.0,,1,1.0,0.3333333333333333,낮음
2024-01-28,태안군,0,93.4,89.6,104.3,0.0,,1,6.599999999999994,2.199999999999998,낮음
2024-01-28,홍성군,0,91.5,82.4,111.0,0.0,,1,8.5,2.8333333333333335,낮음
2024-01-29,계룡시,0,91.0,100.0,91.0,9.0,,1,9.0,6.0,낮음
2024-01-29,공주시,0,97.7,73.8,132.3,0.0,,1,2.299999999999997,0.7666666666666657,낮음
2024-01-29,금산군,0,95.7,73.6,129.9,0.0,,1,4.299999999999997,1.4333333333333325,낮음
2024-01-29,논산시,0,93.3,83.0,112.3,0.0,,1,6.700000000000003,2.2333333333333343,낮음
2024-01-29,당진시,0,81.9,81.4,100.7,0.0,,1,18.099999999999994,6.033333333333331,낮음
2024-01-29,보령시,0,94.1,83.8,112.3,0.0,,1,5.900000000000006,1.9666666666666686,낮음
2024-01-29,부여군,0,98.8,79.1,124.9,0.0,,1,1.2000000000000028,0.40000000000000097,낮음
2024-01-29,서산시,0,90.1,83.1,108.5,0.0,,1,9.900000000000006,3.300000000000002,낮음
2024-01-29,서천군,0,99.4,82.0,121.2,0.0,,1,0.5999999999999943,0.1999999999999981,낮음
2024-01-29,아산시,0,99.2,88.3,112.4,0.0,,1,0.7999999999999972,0.2666666666666657,낮음
2024-01-29,예산군,0,97.8,87.9,111.3,0.0,,1,2.200000000000003,0.7333333333333343,낮음
2024-01-29,천안시,0,97.3,83.9,116.0,0.0,,1,2.700000000000003,0.9000000000000009,낮음
2024-01-29,청양군,0,99.1,81.6,121.5,0.0,,1,0.9000000000000057,0.3000000000000019,낮음
2024-01-29,태안군,0,93.4,89.6,104.2,0.0,,1,6.599999999999994,2.199999999999998,낮음
2024-01-29,홍성군,0,92.1,82.6,111.6,0.0,,1,7.900000000000006,2.633333333333335,낮음
2024-01-30,계룡시,0,91.5,100.0,91.5,8.5,,1,8.5,5.666666666666667,낮음
2024-01-30,공주시,0,97.5,73.9,132.1,0.0,,1,2.5,0.8333333333333334,낮음
2024-01-30,금산군,0,95.8,73.6,130.1,0.0,,1,4.200000000000003,1.400000000000001,낮음
2024-01-30,논산시,0,93.0,83.1,111.9,0.0,,1,7.0,2.3333333333333335,낮음
2024-01-30,당진시,0,82.1,81.5,100.7,0.0,,1,17.900000000000006,5.966666666666669,낮음
2024-01-30,보령시,0,94.5,83.9,112.6,0.0,,1,5.5,1.8333333333333333,낮음
2024-01-30,부여군,0,99.0,79.1,125.1,0.0,,1,1.0,0.3333333333333333,낮음
2024-01-30,서산시,0,90.3,83.1,108.7,0.0,,1,9.700000000000003,3.2333333333333343,낮음
2024-01-30,서천군,0,99.8,82.1,121.5,0.0,,1,0.20000000000000284,0.06666666666666761,낮음
2024-01-30,아산시,0,99.2,88.4,112.1,0.0,,1,0.7999999999999972,0.2666666666666657,낮음
2024-01-30,예산군,0,90.0,87.7,102.6,0.0,,1,10.0,3.3333333333333335,낮음
2024-01-30,천안시,0,97.4,83.9,116.1,0.0,,1,2.5999999999999943,0.8666666666666648,낮음
2024-01-30,청양군,0,99.1,81.5,121.5,0.0,,1,0.9000000000000057,0.3000000000000019,낮음
2024-01-30,태안군,0,93.4,89.5,104.4,0.0,,1,6.599999999999994,2.199999999999998,낮음
2024-01-30,홍성군,0,91.8,82.6,111.1,0.0,,1,8.200000000000003,2.7333333333333343,낮음
2024-01-31,계룡시,0,91.5,100.0,91.5,8.5,,1,8.5,5.666666666666667,낮음
2024-01-31,공주시,0,97.7,73.9,132.2,0.0,,1,2.299999999999997,0.7666666666666657,낮음
2024-01-31,금산군,0,95.8,73.7,130.0,0.0,,1,4.200000000000003,1.400000000000001,낮음
2024-01-31,논산시,0,92.5,83.1,111.4,0.0,,1,7.5,2.5,낮음
2024-01-31,당진시,0,81.9,81.6,100.5,0.0,,1,18.099999999999994,6.033333333333331,낮음
2024-01-31,보령시,0,94.7,84.0,112.7,0.0,,1,5.299999999999997,1.7666666666666657,낮음
2024-01-31,부여군,0,99.0,79.2,125.1,0.0,,1,1.0,0.3333333333333333,낮음
2024-01-31,서산시,0,90.5,83.2,108.8,0.0,,1,9.5,3.1666666666666665,낮음
2024-01-31,서천군,0,100.0,82.2,121.5,0.0,,1,0.0,0.0,낮음
2024-01-31,아산시,0,99.5,88.6,112.3,0.0,,1,0.5,0.16666666666666666,낮음
2024-01-31,예산군,0,86.8,87.7,99.0,1.0,,1,13.200000000000003,4.733333333333334,낮음
2024-01-31,천안시,0,97.4,83.9,116.1,0.0,,1,2.5999999999999943,0.8666666666666648,낮음
2024-01-31,청양군,0,99.1,81.6,121.5,0.0,,1,0.9000000000000057,0.3000000000000019,낮음
2024-01-31,태안군,0,93.4,89.5,104.4,0.0,,1,6.599999999999994,2.199999999999998,낮음
2024-01-31,홍성군,0,92.0,82.8,111.2,0.0,,1,8.0,2.6666666666666665,낮음
2024-02-01,계룡시,0,91.5,100.0,91.5,8.5,,2,8.5,5.666666666666667,낮음
2024-02-01,공주시,0,97.7,74.0,132.0,0.0,,2,2.299999999999997,0.7666666666666657,낮음
2024-02-01,금산군,0,95.8,73.6,130.1,0.0,,2,4.200000000000003,1.400000000000001,낮음
2024-02-01,논산시,0,91.9,83.2,110.5,0.0,,2,8.099999999999994,2.699999999999998,낮음
2024-02-01,당진시,0,81.8,81.6,100.3,0.0,,2,18.200000000000003,6.066666666666667,낮음
2024-02-01,보령시,0,94.8,84.1,112.8,0.0,,2,5.200000000000003,1.7333333333333343,낮음
2024-02-01,부여군,0,99.1,79.2,125.1,0.0,,2,0.9000000000000057,0.3000000000000019,낮음
2024-02-01,서산시,0,90.6,83.2,108.9,0.0,,2,9.400000000000006,3.133333333333335,낮음
2024-02-01,서천군,0,100.0,82.4,121.2,0.0,,2,0.0,0.0,낮음
2024-02-01,아산시,0,99.4,88.7,112.0,0.0,,2,0.5999999999999943,0.1999999999999981,낮음
2024-02-01,예산군,0,87.7,87.8,99.9,0.09999999999999432,,2,12.299999999999997,4.13333333333333,낮음
2024-02-01,천안시,0,97.4,84.0,115.9,0.0,,2,2.5999999999999943,0.8666666666666648,낮음
2024-02-01,청양군,0,99.1,81.7,121.4,0.0,,2,0.9000000000000057,0.3000000000000019,낮음
2024-02-01,태안군,0,93.5,89.5,104.4,0.0,,2,6.5,2.1666666666666665,낮음
2024-02-01,홍성군,0,92.3,82.9,111.4,0.0,,2,7.700000000000003,2.5666666666666678,낮음
2024-02-02,계룡시,0,91.5,100.0,91.5,8.5,,1,8.5,5.666666666666667,낮음
2024-02-02,공주시,0,97.6,74.0,131.9,0.0,,1,2.4000000000000057,0.8000000000000019,낮음
2024-02-02,금산군,0,95.8,73.7,130.0,0.0,,1,4.200000000000003,1.400000000000001,낮음
2024-02-02,논산시,0,91.4,83.2,109.8,0.0,,1,8.599999999999994,2.866666666666665,낮음
2024-02-02,당진시,0,81.7,81.7,100.0,0.0,,1,18.299999999999997,6.099999999999999,낮음
2024-02-02,보령시,0,95.1,84.2,113.0,0.0,,1,4.900000000000006,1.6333333333333353,낮음
2024-02-02,부여군,0,99.2,79.3,125.1,0.0,,1,0.7999999999999972,0.2666666666666657,낮음
2024-02-02,서산시,0,90.9,83.3,109.1,0.0,,1,9.099999999999994,3.0333333333333314,낮음
2024-02-02,서천군,0,100.0,82.5,121.2,0.0,,1,0.0,0.0,낮음
2024-02-02,아산시,0,99.2,88.8,111.8,0.0,,1,0.7999999999999972,0.2666666666666657,낮음
2024-02-02,예산군,0,87.8,87.7,100.1,0.0,,1,12.200000000000003,4.066666666666667,낮음
2024-02-02,천안시,0,97.4,84.0,116.0,0.0,,1,2.5999999999999943,0.8666666666666648,낮음
2024-02-02,청양군,0,99.1,81.7,121.3,0.0,,1,0.9000000000000057,0.3000000000000019,낮음
2024-02-02,태안군,0,93.4,89.5,104.4,0.0,,1,6.599999999999994,2.199999999999998,낮음
2024-02-02,홍성군,0,92.6,83.0,111.6,0.0,,1,7.400000000000006,2.4666666666666686,낮음
2024-02-03,계룡시,0,91.5,100.0,91.5,8.5,,1,8.5,5.666666666666667,낮음
2024-02-03,공주시,0,97.6,74.0,132.0,0.0,,1,2.4000000000000057,0.8000000000000019,낮음
2024-02-03,금산군,0,95.8,73.7,129.9,0.0,,1,4.200000000000003,1.400000000000001,낮음
2024-02-03,논산시,0,91.4,83.3,109.7,0.0,,1,8.599999999999994,2.866666666666665,낮음
2024-02-03,당진시,0,81.7,81.9,99.8,0.20000000000000284,,1,18.299999999999997,6.166666666666667,낮음
2024-02-03,보령시,0,95.1,84.2,112.9,0.0,,1,4.900000000000006,1.6333333333333353,낮음
2024-02-03,부여군,0,99.2,79.3,125.0,0.0,,1,0.7999999999999972,0.2666666666666657,낮음
2024-02-03,서산시,0,90.9,83.4,109.0,0.0,,1,9.099999999999994,3.0333333333333314,낮음
2024-02-03,서천군,0,100.0,82.5,121.1,0.0,,1,0.0,0.0,낮음
2024-02-03,아산시,0,99.2,88.8,111.7,0.0,,1,0.7999999999999972,0.2666666666666657,낮음
2024-02-03,예산군,0,87.8,87.6,100.2,0.0,,1,12.200000000000003,4.066666666666667,낮음
2024-02-03,천안시,0,97.4,84.0,116.0,0.0,,1,2.5999999999999943,0.8666666666666648,낮음
2024-02-03,청양군,0,99.1,81.7,121.3,0.0,,1,0.9000000000000057,0.3000000000000019,낮음
2024-02-03,태안군,0,93.4,89.6,104.3,0.0,,1,6.599999999999994,2.199999999999998,낮음
2024-02-03,홍성군,0,92.6,83.1,111.4,0.0,,1,7.400000000000006,2.4666666666666686,낮음
2024-02-04,계룡시,0,91.5,100.0,91.5,8.5,,1,8.5,5.666666666666667,낮음
2024-02-04,공주시,0,97.6,74.0,131.9,0.0,,1,2.4000000000000057,0.8000000000000019,낮음
2024-02-04,금산군,0,95.8,73.7,129.9,0.0,,1,4.200000000000003,1.400000000000001,낮음
2024-02-04,논산시,0,91.4,83.4,109.6,0.0,,1,8.599999999999994,2.866666666666665,낮음
2024-02-04,당진시,0,81.7,81.9,99.8,0.20000000000000284,,1,18.299999999999997,6.166666666666667,낮음
2024-02-04,보령시,0,95.1,84.2,112.9,0.0,,1,4.900000000000006,1.6333333333333353,낮음
2024-02-04,부여군,0,99.2,79.4,124.9,0.0,,1,0.7999999999999972,0.2666666666666657,낮음
2024-02-04,서산시,0,90.9,83.4,109.0,0.0,,1,9.099999999999994,3.0333333333333314,낮음
2024-02-04,서천군,0,100.0,82.6,121.0,0.0,,1,0.0,0.0,낮음
2024-02-04,아산시,0,99.2,88.8,111.7,0.0,,1,0.7999999999999972,0.2666666666666657,낮음
2024-02-04,예산군,0,87.8,87.7,100.1,0.0,,1,12.200000000000003,4.066666666666667,낮음
2024-02-04,천안시,0,97.4,84.0,116.0,0.0,,1,2.5999999999999943,0.8666666666666648,낮음
2024-02-04,청양군,0,99.1,81.8,121.2,0.0,,1,0.9000000000000057,0.3000000000000019,낮음
2024-02-04,태안군,0,93.4,89.6,104.3,0.0,,1,6.599999999999994,2.199999999999998,낮음
2024-02-04,홍성군,0,92.6,83.2,111.3,0.0,,1,7.400000000000006,2.4666666666666686,낮음
2024-02-05,계룡시,0,91.5,100.0,91.5,8.5,,1,8.5,5.666666666666667,낮음
2024-02-05,공주시,0,97.7,74.1,131.9,0.0,,1,2.299999999999997,0.7666666666666657,낮음
2024-02-05,금산군,0,95.8,73.8,129.8,0.0,,1,4.200000000000003,1.400000000000001,낮음
2024-02-05,논산시,0,89.9,83.4,107.7,0.0,,1,10.099999999999994,3.366666666666665,낮음
2024-02-05,당진시,0,82.0,81.9,100.1,0.0,,1,18.0,6.0,낮음
2024-02-05,보령시,0,96.3,84.3,114.2,0.0,,1,3.700000000000003,1.2333333333333343,낮음
2024-02-05,부여군,0,99.2,79.5,124.9,0.0,,1,0.7999999999999972,0.2666666666666657,낮음
2024-02-05,서산시,0,91.4,83.5,109.6,0.0,,1,8.599999999999994,2.866666666666665,낮음
2024-02-05,서천군,0,100.0,82.6,121.0,0.0,,1,0.0,0.0,낮음
2024-02-05,아산시,0,99.5,88.9,111.9,0.0,,1,0.5,0.16666666666666666,낮음
2024-02-05,예산군,0,89.6,87.8,102.1,0.0,,1,10.400000000000006,3.4666666666666686,낮음
2024-02-05,천안시,0,97.5,84.0,116.1,0.0,,1,2.5,0.8333333333333334,낮음
2024-02-05,청양군,0,99.3,81.8,121.3,0.0,,1,0.7000000000000028,0.23333333333333428,낮음
2024-02-05,태안군,0,93.7,89.6,104.6,0.0,,1,6.299999999999997,2.099999999999999,낮음
2024-02-05,홍성군,0,93.5,83.3,112.3,0.0,,1,6.5,2.1666666666666665,낮음
2024-02-06,계룡시,0,100.0,100.0,100.0,0.0,,1,0.0,0.0,낮음
2024-02-06,공주시,0,97.8,74.1,131.9,0.0,,1,2.200000000000003,0.7333333333333343,낮음
2024-02-06,금산군,0,95.8,73.8,129.8,0.0,,1,4.200000000000003,1.400000000000001,낮음
2024-02-06,논산시,0,91.3,83.5,109.4,0.0,,1,8.700000000000003,2.900000000000001,낮음
2024-02-06,당진시,0,82.8,81.9,101.1,0.0,,1,17.200000000000003,5.733333333333334,낮음
2024-02-06,보령시,0,97.3,84.4,115.3,0.0,,1,2.700000000000003,0.9000000000000009,낮음
2024-02-06,부여군,0,99.4,79.5,125.0,0.0,,1,0.5999999999999943,0.1999999999999981,낮음
2024-02-06,서산시,0,91.5,83.5,109.6,0.0,,1,8.5,2.8333333333333335,낮음
2024-02-06,서천군,0,100.0,82.7,120.9,0.0,,1,0.0,0.0,낮음
2024-02-06,아산시,0,99.6,88.9,112.0,0.0,,1,0.4000000000000057,0.13333333333333522,낮음
2024-02-06,예산군,0,91.6,87.9,104.3,0.0,,1,8.400000000000006,2.800000000000002,낮음
2024-02-06,천안시,0,97.7,84.0,116.3,0.0,,1,2.299999999999997,0.7666666666666657,낮음
2024-02-06,청양군,0,99.3,81.9,121.2,0.0,,1,0.7000000000000028,0.23333333333333428,낮음
2024-02-06,태안군,0,93.7,89.7,104.5,0.0,,1,6.299999999999997,2.099999999999999,낮음
2024-02-06,홍성군,0,94.1,83.5,112.8,0.0,,1,5.900000000000006,1.9666666666666686,낮음
2024-02-07,계룡시,0,100.0,100.0,100.0,0.0,,1,0.0,0.0,낮음
2024-02-07,공주시,0,97.8,74.4,131.4,0.0,,1,2.200000000000003,0.7333333333333343,낮음
2024-02-07,금산군,0,95.8,73.9,129.6,0.0,,1,4.200000000000003,1.400000000000001,낮음
2024-02-07,논산시,0,92.2,83.6,110.3,0.0,,1,7.799999999999997,2.599999999999999,낮음
2024-02-07,당진시,0,82.6,81.9,100.9,0.0,,1,17.400000000000006,5.800000000000002,낮음
2024-02-07,보령시,0,97.9,84.4,116.0,0.0,,1,2.0999999999999943,0.6999999999999981,낮음
2024-02-07,부여군,0,99.3,79.6,124.7,0.0,,1,0.7000000000000028,0.23333333333333428,낮음
2024-02-07,서산시,0,91.7,83.6,109.7,0.0,,1,8.299999999999997,2.7666666666666657,낮음
2024-02-07,서천군,0,100.0,82.8,120.8,0.0,,1,0.0,0.0,낮음
2024-02-07,아산시,0,99.5,89.0,111.8,0.0,,1,0.5,0.16666666666666666,낮음
2024-02-07,예산군,0,92.7,88.0,105.3,0.0,,1,7.299999999999997,2.4333333333333322,낮음
2024-02-07,천안시,0,97.6,84.0,116.2,0.0,,1,2.4000000000000057,0.8000000000000019,낮음
2024-02-07,청양군,0,99.3,82.1,121.0,0.0,,1,0.7000000000000028,0.23333333333333428,낮음
2024-02-07,태안군,0,93.6,89.7,104.4,0.0,,1,6.400000000000006,2.133333333333335,낮음
2024-02-07,홍성군,0,94.4,83.6,113.0,0.0,,1,5.599999999999994,1.8666666666666647,낮음
2024-02-08,계룡시,0,100.0,100.0,100.0,0.0,,1,0.0,0.0,낮음
2024-02-08,공주시,0,97.8,74.5,131.3,0.0,,1,2.200000000000003,0.7333333333333343,낮음
2024-02-08,금산군,0,95.8,73.8,129.8,0.0,,1,4.200000000000003,1.400000000000001,낮음
2024-02-08,논산시,0,92.9,83.7,110.9,0.0,,1,7.099999999999994,2.366666666666665,낮음
2024-02-08,당진시,0,82.6,81.9,100.9,0.0,,1,17.400000000000006,5.800000000000002,낮음
2024-02-08,보령시,0,97.2,84.4,115.2,0.0,,1,2.799999999999997,0.9333333333333323,낮음
2024-02-08,부여군,0,99.2,79.6,124.6,0.0,,1,0.7999999999999972,0.2666666666666657,낮음
2024-02-08,서산시,0,91.9,83.6,110.0,0.0,,1,8.099999999999994,2.699999999999998,낮음
2024-02-08,서천군,0,99.9,82.9,120.6,0.0,,1,0.09999999999999432,0.03333333333333144,낮음
2024-02-08,아산시,0,99.3,89.0,111.5,0.0,,1,0.7000000000000028,0.23333333333333428,낮음
2024-02-08,예산군,0,93.1,88.1,105.7,0.0,,1,6.900000000000006,2.300000000000002,낮음
2024-02-08,천안시,0,97.7,84.1,116.2,0.0,,1,2.299999999999997,0.7666666666666657,낮음
2024-02-08,청양군,0,99.4,82.0,121.1,0.0,,1,0.5999999999999943,0.1999999999999981,낮음
2024-02-08,태안군,0,93.6,89.7,104.3,0.0,,1,6.400000000000006,2.133333333333335,낮음
2024-02-08,홍성군,0,94.4,83.7,112.9,0.0,,1,5.599999999999994,1.8666666666666647,낮음
2024-02-09,계룡시,0,100.0,100.0,100.0,0.0,,1,0.0,0.0,낮음
2024-02-09,공주시,0,97.8,74.4,131.3,0.0,,1,2.200000000000003,0.7333333333333343,낮음
2024-02-09,금산군,0,95.8,73.8,129.8,0.0,,1,4.200000000000003,1.400000000000001,낮음
2024-02-09,논산시,0,92.9,83.8,110.8,0.0,,1,7.099999999999994,2.366666666666665,낮음
2024-02-09,당진시,0,82.6,82.0,100.8,0.0,,1,17.400000000000006,5.800000000000002,낮음
2024-02-09,보령시,0,97.2,84.5,115.1,0.0,,1,2.799999999999997,0.9333333333333323,낮음
2024-02-09,부여군,0,99.2,79.7,124.5,0.0,,1,0.7999999999999972,0.2666666666666657,낮음
2024-02-09,서산시,0,91.9,83.7,109.9,0.0,,1,8.099999999999994,2.699999999999998,낮음
2024-02-09,서천군,0,99.9,83.0,120.5,0.0,,1,0.09999999999999432,0.03333333333333144,낮음
2024-02-09,아산시,0,99.3,89.1,111.5,0.0,,1,0.7000000000000028,0.23333333333333428,낮음
2024-02-09,예산군,0,93.1,88.1,105.6,0.0,,1,6.900000000000006,2.300000000000002,낮음
2024-02-09,천안시,0,97.7,84.1,116.1,0.0,,1,2.299999999999997,0.7666666666666657,낮음
2024-02-09,청양군,0,99.4,82.0,121.1,0.0,,1,0.5999999999999943,0.1999999999999981,낮음
2024-02-09,태안군,0,93.6,89.7,104.3,0.0,,1,6.400000000000006,2.133333333333335,낮음
2024-02-09,홍성군,0,94.4,83.7,112.8,0.0,,1,5.599999999999994,1.8666666666666647,낮음
2024-02-10,계룡시,0,100.0,100.0,100.0,0.0,,1,0.0,0.0,낮음
2024-02-10,공주시,0,97.8,74.4,131.4,0.0,,1,2.200000000000003,0.7333333333333343,낮음
2024-02-10,금산군,0,95.8,73.8,129.8,0.0,,1,4.200000000000003,1.400000000000001,낮음
2024-02-10,논산시,0,92.9,83.8,110.8,0.0,,1,7.099999999999994,2.366666666666665,낮음
2024-02-10,당진시,0,82.6,82.0,100.7,0.0,,1,17.400000000000006,5.800000000000002,낮음
2024-02-10,보령시,0,97.2,84.5,115.0,0.0,,1,2.799999999999997,0.9333333333333323,낮음
2024-02-10,부여군,0,99.2,79.8,124.4,0.0,,1,0.7999999999999972,0.2666666666666657,낮음
2024-02-10,서산시,0,91.9,83.7,109.8,0.0,,1,8.099999999999994,2.699999999999998,낮음
2024-02-10,서천군,0,99.9,83.0,120.4,0.0,,1,0.09999999999999432,0.03333333333333144,낮음
2024-02-10,아산시,0,99.3,89.1,111.4,0.0,,1,0.7000000000000028,0.23333333333333428,낮음
2024-02-10,예산군,0,93.1,88.0,105.7,0.0,,1,6.900000000000006,2.300000000000002,낮음
2024-02-10,천안시,0,97.7,84.2,116.0,0.0,,1,2.299999999999997,0.7666666666666657,낮음
2024-02-10,청양군,0,99.4,82.0,121.2,0.0,,1,0.5999999999999943,0.1999999999999981,낮음
2024-02-10,태안군,0,93.6,89.7,104.3,0.0,,1,6.400000000000006,2.133333333333335,낮음
2024-02-10,홍성군,0,94.4,83.8,112.7,0.0,,1,5.599999999999994,1.8666666666666647,낮음
2024-02-11,계룡시,0,100.0,100.0,100.0,0.0,,1,0.0,0.0,낮음
2024-02-11,공주시,0,97.8,74.5,131.3,0.0,,1,2.200000000000003,0.7333333333333343,낮음
2024-02-11,금산군,0,95.8,73.8,129.7,0.0,,1,4.200000000000003,1.400000000000001,낮음
2024-02-11,논산시,0,92.9,83.9,110.7,0.0,,1,7.099999999999994,2.366666666666665,낮음
2024-02-11,당진시,0,82.6,82.1,100.6,0.0,,1,17.400000000000006,5.800000000000002,낮음
2024-02-11,보령시,0,97.2,84.6,115.0,0.0,,1,2.799999999999997,0.9333333333333323,낮음
2024-02-11,부여군,0,99.2,79.8,124.3,0.0,,1,0.7999999999999972,0.2666666666666657,낮음
2024-02-11,서산시,0,91.9,83.7,109.8,0.0,,1,8.099999999999994,2.699999999999998,낮음
2024-02-11,서천군,0,99.9,83.1,120.3,0.0,,1,0.09999999999999432,0.03333333333333144,낮음
2024-02-11,아산시,0,99.3,89.1,111.4,0.0,,1,0.7000000000000028,0.23333333333333428,낮음
2024-02-11,예산군,0,93.1,88.0,105.8,0.0,,1,6.900000000000006,2.300000000000002,낮음
2024-02-11,천안시,0,97.7,84.2,116.0,0.0,,1,2.299999999999997,0.7666666666666657,낮음
2024-02-11,청양군,0,99.4,82.0,121.2,0.0,,1,0.5999999999999943,0.1999999999999981,낮음
2024-02-11,태안군,0,93.6,89.8,104.3,0.0,,1,6.400000000000006,2.133333333333335,낮음
2024-02-11,홍성군,0,94.4,83.9,112.6,0.0,,1,5.599999999999994,1.8666666666666647,낮음
2024-02-12,계룡시,0,100.0,100.0,100.0,0.0,,1,0.0,0.0,낮음
2024-02-12,공주시,0,97.8,74.5,131.2,0.0,,1,2.200000000000003,0.7333333333333343,낮음
2024-02-12,금산군,0,95.8,73.9,129.6,0.0,,1,4.200000000000003,1.400000000000001,낮음
2024-02-12,논산시,0,92.9,83.9,110.6,0.0,,1,7.099999999999994,2.366666666666665,낮음
2024-02-12,당진시,0,82.6,82.2,100.5,0.0,,1,17.400000000000006,5.800000000000002,낮음
2024-02-12,보령시,0,97.2,84.6,114.9,0.0,,1,2.799999999999997,0.9333333333333323,낮음
2024-02-12,부여군,0,99.2,79.8,124.3,0.0,,1,0.7999999999999972,0.2666666666666657,낮음
2024-02-12,서산시,0,91.9,83.8,109.8,0.0,,1,8.099999999999994,2.699999999999998,낮음
2024-02-12,서천군,0,99.9,83.1,120.3,0.0,,1,0.09999999999999432,0.03333333333333144,낮음
2024-02-12,아산시,0,99.3,89.2,111.4,0.0,,1,0.7000000000000028,0.23333333333333428,낮음
2024-02-12,예산군,0,93.1,88.0,105.7,0.0,,1,6.900000000000006,2.300000000000002,낮음
2024-02-12,천안시,0,97.7,84.2,115.9,0.0,,1,2.299999999999997,0.7666666666666657,낮음
2024-02-12,청양군,0,99.4,82.0,121.1,0.0,,1,0.5999999999999943,0.1999999999999981,낮음
2024-02-12,태안군,0,93.6,89.8,104.2,0.0,,1,6.400000000000006,2.133333333333335,낮음
2024-02-12,홍성군,0,94.4,84.0,112.4,0.0,,1,5.599999999999994,1.8666666666666647,낮음
2024-02-13,계룡시,0,100.0,100.0,100.0,0.0,,1,0.0,0.0,낮음
2024-02-13,공주시,0,97.6,74.5,131.0,0.0,,1,2.4000000000000057,0.8000000000000019,낮음
2024-02-13,금산군,0,95.8,73.9,129.5,0.0,,1,4.200000000000003,1.400000000000001,낮음
2024-02-13,논산시,0,92.7,83.9,110.5,0.0,,1,7.299999999999997,2.4333333333333322,낮음
2024-02-13,당진시,0,82.6,82.4,100.3,0.0,,1,17.400000000000006,5.800000000000002,낮음
2024-02-13,보령시,0,98.3,84.8,116.0,0.0,,1,1.7000000000000028,0.5666666666666677,낮음
2024-02-13,부여군,0,99.2,79.9,124.1,0.0,,1,0.7999999999999972,0.2666666666666657,낮음
2024-02-13,서산시,0,92.6,83.8,110.4,0.0,,1,7.400000000000006,2.4666666666666686,낮음
2024-02-13,서천군,0,99.9,83.1,120.2,0.0,,1,0.09999999999999432,0.03333333333333144,낮음
2024-02-13,아산시,0,99.4,89.2,111.4,0.0,,1,0.5999999999999943,0.1999999999999981,낮음
2024-02-13,예산군,0,92.9,88.1,105.4,0.0,,1,7.099999999999994,2.366666666666665,낮음
2024-02-13,천안시,0,97.6,84.3,115.8,0.0,,1,2.4000000000000057,0.8000000000000019,낮음
2024-02-13,청양군,0,99.5,82.1,121.2,0.0,,1,0.5,0.16666666666666666,낮음
2024-02-13,태안군,0,93.5,89.9,104.0,0.0,,1,6.5,2.1666666666666665,낮음
2024-02-13,홍성군,0,94.4,84.1,112.2,0.0,,1,5.599999999999994,1.8666666666666647,낮음
2024-02-14,계룡시,0,100.0,100.0,100.0,0.0,,1,0.0,0.0,낮음
2024-02-14,공주시,0,97.6,74.6,130.9,0.0,,1,2.4000000000000057,0.8000000000000019,낮음
2024-02-14,금산군,0,95.8,74.1,129.3,0.0,,1,4.200000000000003,1.400000000000001,낮음
2024-02-14,논산시,0,91.8,84.0,109.3,0.0,,1,8.200000000000003,2.7333333333333343,낮음
2024-02-14,당진시,0,82.8,82.5,100.4,0.0,,1,17.200000000000003,5.733333333333334,낮음
2024-02-14,보령시,0,97.1,84.8,114.4,0.0,,1,2.9000000000000057,0.9666666666666686,낮음
2024-02-14,부여군,0,99.2,80.0,124.0,0.0,,1,0.7999999999999972,0.2666666666666657,낮음
2024-02-14,서산시,0,92.5,83.9,110.2,0.0,,1,7.5,2.5,낮음
2024-02-14,서천군,0,99.8,83.1,120.1,0.0,,1,0.20000000000000284,0.06666666666666761,낮음
2024-02-14,아산시,0,99.5,89.3,111.4,0.0,,1,0.5,0.16666666666666666,낮음
2024-02-14,예산군,0,93.1,88.3,105.5,0.0,,1,6.900000000000006,2.300000000000002,낮음
2024-02-14,천안시,0,97.7,84.4,115.8,0.0,,1,2.299999999999997,0.7666666666666657,낮음
2024-02-14,청양군,0,99.5,82.2,121.1,0.0,,1,0.5,0.16666666666666666,낮음
2024-02-14,태안군,0,93.5,90.0,103.9,0.0,,1,6.5,2.1666666666666665,낮음
2024-02-14,홍성군,0,94.4,84.2,112.1,0.0,,1,5.599999999999994,1.8666666666666647,낮음
2024-02-15,계룡시,0,100.0,100.0,100.0,0.0,,1,0.0,0.0,낮음
2024-02-15,공주시,0,97.6,74.6,130.7,0.0,,1,2.4000000000000057,0.8000000000000019,낮음
2024-02-15,금산군,0,95.8,74.1,129.3,0.0,,1,4.200000000000003,1.400000000000001,낮음
2024-02-15,논산시,0,91.5,84.2,108.6,0.0,,1,8.5,2.8333333333333335,낮음
2024-02-15,당진시,0,82.8,82.6,100.3,0.0,,1,17.200000000000003,5.733333333333334,낮음
2024-02-15,보령시,0,96.3,84.9,113.4,0.0,,1,3.700000000000003,1.2333333333333343,낮음
2024-02-15,부여군,0,99.5,80.1,124.2,0.0,,1,0.5,0.16666666666666666,낮음
2024-02-15,서산시,0,92.5,84.1,110.1,0.0,,1,7.5,2.5,낮음
2024-02-15,서천군,0,99.9,83.2,120.0,0.0,,1,0.09999999999999432,0.03333333333333144,낮음
2024-02-15,아산시,0,99.5,89.4,111.2,0.0,,1,0.5,0.16666666666666666,낮음
2024-02-15,예산군,0,97.7,88.6,110.3,0.0,,1,2.299999999999997,0.7666666666666657,낮음
2024-02-15,천안시,0,97.7,84.4,115.7,0.0,,1,2.299999999999997,0.7666666666666657,낮음
2024-02-15,청양군,0,99.5,82.2,121.0,0.0,,1,0.5,0.16666666666666666,낮음
2024-02-15,태안군,0,93.5,90.0,103.9,0.0,,1,6.5,2.1666666666666665,낮음
2024-02-15,홍성군,0,94.5,84.4,112.1,0.0,,1,5.5,1.8333333333333333,낮음
2024-02-16,계룡시,0,100.0,100.0,100.0,0.0,,1,0.0,0.0,낮음
2024-02-16,공주시,0,97.6,74.7,130.6,0.0,,1,2.4000000000000057,0.8000000000000019,낮음
2024-02-16,금산군,0,95.8,74.2,129.2,0.0,,1,4.200000000000003,1.400000000000001,낮음
2024-02-16,논산시,0,91.5,84.5,108.3,0.0,,1,8.5,2.8333333333333335,낮음
2024-02-16,당진시,0,82.8,82.7,100.1,0.0,,1,17.200000000000003,5.733333333333334,낮음
2024-02-16,보령시,0,94.9,85.0,111.6,0.0,,1,5.099999999999994,1.6999999999999982,낮음
2024-02-16,부여군,0,99.5,80.2,124.1,0.0,,1,0.5,0.16666666666666666,낮음
2024-02-16,서산시,0,92.7,84.1,110.2,0.0,,1,7.299999999999997,2.4333333333333322,낮음
2024-02-16,서천군,0,99.9,83.4,119.8,0.0,,1,0.09999999999999432,0.03333333333333144,낮음
2024-02-16,아산시,0,99.5,89.5,111.2,0.0,,1,0.5,0.16666666666666666,낮음
2024-02-16,예산군,0,92.7,88.5,104.8,0.0,,1,7.299999999999997,2.4333333333333322,낮음
2024-02-16,천안시,0,97.7,84.5,115.7,0.0,,1,2.299999999999997,0.7666666666666657,낮음
2024-02-16,청양군,0,99.5,82.3,120.9,0.0,,1,0.5,0.16666666666666666,낮음
2024-02-16,태안군,0,93.5,90.1,103.8,0.0,,1,6.5,2.1666666666666665,낮음
2024-02-16,홍성군,0,94.8,84.5,112.2,0.0,,1,5.200000000000003,1.7333333333333343,낮음
2024-02-17,계룡시,0,100.0,100.0,100.0,0.0,,1,0.0,0.0,낮음
2024-02-17,공주시,0,97.6,74.7,130.6,0.0,,1,2.4000000000000057,0.8000000000000019,낮음
2024-02-17,금산군,0,95.8,74.2,129.1,0.0,,1,4.200000000000003,1.400000000000001,낮음
2024-02-17,논산시,0,91.5,84.6,108.1,0.0,,1,8.5,2.8333333333333335,낮음
2024-02-17,당진시,0,82.8,82.8,100.0,0.0,,1,17.200000000000003,5.733333333333334,낮음
2024-02-17,보령시,0,94.9,85.1,111.5,0.0,,1,5.099999999999994,1.6999999999999982,낮음
2024-02-17,부여군,0,99.5,80.3,124.0,0.0,,1,0.5,0.16666666666666666,낮음
2024-02-17,서산시,0,92.7,84.2,110.1,0.0,,1,7.299999999999997,2.4333333333333322,낮음
2024-02-17,서천군,0,99.9,83.5,119.6,0.0,,1,0.09999999999999432,0.03333333333333144,낮음
2024-02-17,아산시,0,99.5,89.6,111.1,0.0,,1,0.5,0.16666666666666666,낮음
2024-02-17,예산군,0,92.7,88.7,104.6,0.0,,1,7.299999999999997,2.4333333333333322,낮음
2024-02-17,천안시,0,97.7,84.5,115.7,0.0,,1,2.299999999999997,0.7666666666666657,낮음
2024-02-17,청양군,0,99.5,82.3,120.8,0.0,,1,0.5,0.16666666666666666,낮음
2024-02-17,태안군,0,93.5,87.7,106.6,0.0,,1,6.5,2.1666666666666665,낮음
2024-02-17,홍성군,0,94.8,84.6,112.0,0.0,,1,5.200000000000003,1.7333333333333343,낮음
2024-02-18,계룡시,0,100.0,100.0,100.0,0.0,,1,0.0,0.0,낮음
2024-02-18,공주시,0,97.6,74.8,130.5,0.0,,1,2.4000000000000057,0.8000000000000019,낮음
2024-02-18,금산군,0,95.8,74.3,129.0,0.0,,1,4.200000000000003,1.400000000000001,낮음
2024-02-18,논산시,0,91.5,84.7,108.0,0.0,,1,8.5,2.8333333333333335,낮음
2024-02-18,당진시,0,82.8,82.9,99.9,0.09999999999999432,,1,17.200000000000003,5.766666666666666,낮음
2024-02-18,보령시,0,94.9,85.2,111.4,0.0,,1,5.099999999999994,1.6999999999999982,낮음
2024-02-18,부여군,0,99.5,80.4,123.9,0.0,,1,0.5,0.16666666666666666,낮음
2024-02-18,서산시,0,92.7,84.3,110.0,0.0,,1,7.299999999999997,2.4333333333333322,낮음
2024-02-18,서천군,0,99.9,83.6,119.5,0.0,,1,0.09999999999999432,0.03333333333333144,낮음
2024-02-18,아산시,0,99.5,89.7,110.9,0.0,,1,0.5,0.16666666666666666,낮음
2024-02-18,예산군,0,92.7,88.8,104.4,0.0,,1,7.299999999999997,2.4333333333333322,낮음
2024-02-18,천안시,0,97.7,84.5,115.6,0.0,,1,2.299999999999997,0.7666666666666657,낮음
2024-02-18,청양군,0,99.5,82.4,120.7,0.0,,1,0.5,0.16666666666666666,낮음
2024-02-18,태안군,0,93.5,87.8,106.6,0.0,,1,6.5,2.1666666666666665,낮음
2024-02-18,홍성군,0,94.8,84.8,111.8,0.0,,1,5.200000000000003,1.7333333333333343,낮음
2024-02-19,계룡시,0,100.0,100.0,100.0,0.0,,1,0.0,0.0,낮음
2024-02-19,공주시,0,98.0,74.9,130.9,0.0,,1,2.0,0.6666666666666666,낮음
2024-02-19,금산군,0,95.9,74.4,128.9,0.0,,1,4.099999999999994,1.3666666666666647,낮음
2024-02-19,논산시,0,91.7,84.8,108.2,0.0,,1,8.299999999999997,2.7666666666666657,낮음
2024-02-19,당진시,0,84.6,83.0,101.8,0.0,,1,15.400000000000006,5.1333333333333355,낮음
2024-02-19,보령시,0,94.9,85.3,111.3,0.0,,1,5.099999999999994,1.6999999999999982,낮음
2024-02-19,부여군,0,99.5,80.4,123.7,0.0,,1,0.5,0.16666666666666666,낮음
2024-02-19,서산시,0,93.6,84.4,110.9,0.0,,1,6.400000000000006,2.133333333333335,낮음
2024-02-19,서천군,0,100.0,83.7,119.5,0.0,,1,0.0,0.0,낮음
2024-02-19,아산시,0,99.7,89.9,110.9,0.0,,1,0.29999999999999716,0.09999999999999905,낮음
2024-02-19,예산군,0,93.6,89.0,105.1,0.0,,1,6.400000000000006,2.133333333333335,낮음
2024-02-19,천안시,0,98.2,84.6,116.1,0.0,,1,1.7999999999999972,0.5999999999999991,낮음
2024-02-19,청양군,0,99.6,82.5,120.7,0.0,,1,0.4000000000000057,0.13333333333333522,낮음
2024-02-19,태안군,0,93.8,87.4,107.2,0.0,,1,6.200000000000003,2.0666666666666678,낮음
2024-02-19,홍성군,0,96.1,85.0,113.0,0.0,,1,3.9000000000000057,1.3000000000000018,낮음
2024-02-20,계룡시,0,100.0,100.0,100.0,0.0,,1,0.0,0.0,낮음
2024-02-20,공주시,0,97.9,74.9,130.7,0.0,,1,2.0999999999999943,0.6999999999999981,낮음
2024-02-20,금산군,0,95.9,74.5,128.8,0.0,,1,4.099999999999994,1.3666666666666647,낮음
2024-02-20,논산시,0,98.7,85.2,115.8,0.0,,1,1.2999999999999972,0.4333333333333324,낮음
2024-02-20,당진시,0,86.2,83.1,103.8,0.0,,1,13.799999999999997,4.599999999999999,낮음
2024-02-20,보령시,0,96.2,85.4,112.7,0.0,,1,3.799999999999997,1.2666666666666657,낮음
2024-02-20,부여군,0,99.5,80.5,123.6,0.0,,1,0.5,0.16666666666666666,낮음
2024-02-20,서산시,0,92.2,84.4,109.3,0.0,,1,7.799999999999997,2.599999999999999,낮음
2024-02-20,서천군,0,100.0,83.8,119.3,0.0,,1,0.0,0.0,낮음
2024-02-20,아산시,0,99.6,90.0,110.6,0.0,,1,0.4000000000000057,0.13333333333333522,낮음
2024-02-20,예산군,0,91.7,89.1,103.0,0.0,,1,8.299999999999997,2.7666666666666657,낮음
2024-02-20,천안시,0,98.1,84.6,116.0,0.0,,1,1.9000000000000057,0.6333333333333352,낮음
2024-02-20,청양군,0,99.6,82.6,120.6,0.0,,1,0.4000000000000057,0.13333333333333522,낮음
2024-02-20,태안군,0,93.8,87.5,107.1,0.0,,1,6.200000000000003,2.0666666666666678,낮음
2024-02-20,홍성군,0,96.5,85.1,113.3,0.0,,1,3.5,1.1666666666666667,낮음
2024-02-21,계룡시,0,100.0,100.0,100.0,0.0,,1,0.0,0.0,낮음
2024-02-21,공주시,0,97.8,75.0,130.5,0.0,,1,2.200000000000003,0.7333333333333343,낮음
2024-02-21,금산군,0,95.9,74.6,128.5,0.0,,1,4.099999999999994,1.3666666666666647,낮음
2024-02-21,논산시,0,95.9,85.4,112.4,0.0,,1,4.099999999999994,1.3666666666666647,낮음
2024-02-21,당진시,0,86.5,83.2,104.0,0.0,,1,13.5,4.5,낮음
2024-02-21,보령시,0,97.4,85.5,113.9,0.0,,1,2.5999999999999943,0.8666666666666648,낮음
2024-02-21,부여군,0,99.5,80.6,123.5,0.0,,1,0.5,0.16666666666666666,낮음
2024-02-21,서산시,0,93.0,84.5,110.1,0.0,,1,7.0,2.3333333333333335,낮음
2024-02-21,서천군,0,100.0,83.9,119.2,0.0,,1,0.0,0.0,낮음
2024-02-21,아산시,0,99.6,90.2,110.5,0.0,,1,0.4000000000000057,0.13333333333333522,낮음
2024-02-21,예산군,0,96.7,89.4,108.2,0.0,,1,3.299999999999997,1.099999999999999,낮음
2024-02-21,천안시,0,98.3,84.7,116.1,0.0,,1,1.7000000000000028,0.5666666666666677,낮음
2024-02-21,청양군,0,99.6,82.6,120.6,0.0,,1,0.4000000000000057,0.13333333333333522,낮음
2024-02-21,태안군,0,93.9,87.7,107.1,0.0,,1,6.099999999999994,2.0333333333333314,낮음
2024-02-21,홍성군,0,97.1,85.3,113.9,0.0,,1,2.9000000000000057,0.9666666666666686,낮음
2024-02-22,계룡시,0,100.0,100.0,100.0,0.0,,1,0.0,0.0,낮음
2024-02-22,공주시,0,97.9,75.1,130.4,0.0,,1,2.0999999999999943,0.6999999999999981,낮음
2024-02-22,금산군,0,95.9,74.8,128.3,0.0,,1,4.099999999999994,1.3666666666666647,낮음
2024-02-22,논산시,0,95.9,85.5,112.2,0.0,,1,4.099999999999994,1.3666666666666647,낮음
2024-02-22,당진시,0,86.9,83.4,104.2,0.0,,1,13.099999999999994,4.3666666666666645,낮음
2024-02-22,보령시,0,99.3,85.6,116.0,0.0,,1,0.7000000000000028,0.23333333333333428,낮음
2024-02-22,부여군,0,99.5,80.6,123.4,0.0,,1,0.5,0.16666666666666666,낮음
2024-02-22,서산시,0,95.0,84.6,112.2,0.0,,1,5.0,1.6666666666666667,낮음
2024-02-22,서천군,0,100.0,84.0,119.1,0.0,,1,0.0,0.0,낮음
2024-02-22,아산시,0,99.7,90.3,110.4,0.0,,1,0.29999999999999716,0.09999999999999905,낮음
2024-02-22,예산군,0,93.6,89.4,104.7,0.0,,1,6.400000000000006,2.133333333333335,낮음
2024-02-22,천안시,0,98.3,84.7,116.0,0.0,,1,1.7000000000000028,0.5666666666666677,낮음
2024-02-22,청양군,0,99.6,82.7,120.4,0.0,,1,0.4000000000000057,0.13333333333333522,낮음
2024-02-22,태안군,0,94.2,87.7,107.3,0.0,,1,5.799999999999997,1.9333333333333325,낮음
2024-02-22,홍성군,0,99.1,85.4,116.0,0.0,,1,0.9000000000000057,0.3000000000000019,낮음
2024-02-23,계룡시,0,100.0,100.0,100.0,0.0,,1,0.0,0.0,낮음
2024-02-23,공주시,0,97.9,75.2,130.3,0.0,,1,2.0999999999999943,0.6999999999999981,낮음
2024-02-23,금산군,0,95.9,74.9,127.9,0.0,,1,4.099999999999994,1.3666666666666647,낮음
2024-02-23,논산시,0,95.9,85.5,112.1,0.0,,1,4.099999999999994,1.3666666666666647,낮음
2024-02-23,당진시,0,86.3,83.4,103.5,0.0,,1,13.700000000000003,4.566666666666667,낮음
2024-02-23,보령시,0,99.7,85.7,116.3,0.0,,1,0.29999999999999716,0.09999999999999905,낮음
2024-02-23,부여군,0,99.5,80.7,123.3,0.0,,1,0.5,0.16666666666666666,낮음
2024-02-23,서산시,0,94.0,84.7,110.9,0.0,,1,6.0,2.0,낮음
2024-02-23,서천군,0,100.0,84.0,118.9,0.0,,1,0.0,0.0,낮음
2024-02-23,아산시,0,99.7,90.4,110.2,0.0,,1,0.29999999999999716,0.09999999999999905,낮음
2024-02-23,예산군,0,84.5,89.2,94.7,5.299999999999997,,1,15.5,6.933333333333333,낮음
2024-02-23,천안시,0,98.2,84.8,115.9,0.0,,1,1.7999999999999972,0.5999999999999991,낮음
2024-02-23,청양군,0,99.6,82.8,120.4,0.0,,1,0.4000000000000057,0.13333333333333522,낮음
2024-02-23,태안군,0,94.0,87.8,107.1,0.0,,1,6.0,2.0,낮음
2024-02-23,홍성군,0,99.5,85.6,116.3,0.0,,1,0.5,0.16666666666666666,낮음
2024-02-24,계룡시,0,100.0,100.0,100.0,0.0,,1,0.0,0.0,낮음
2024-02-24,공주시,0,97.9,75.2,130.2,0.0,,1,2.0999999999999943,0.6999999999999981,낮음
2024-02-24,금산군,0,95.9,75.1,127.7,0.0,,1,4.099999999999994,1.3666666666666647,낮음
2024-02-24,논산시,0,95.9,85.6,112.0,0.0,,1,4.099999999999994,1.3666666666666647,낮음
2024-02-24,당진시,0,86.3,83.5,103.4,0.0,,1,13.700000000000003,4.566666666666667,낮음
2024-02-24,보령시,0,99.7,85.8,116.2,0.0,,1,0.29999999999999716,0.09999999999999905,낮음
2024-02-24,부여군,0,99.5,80.8,123.2,0.0,,1,0.5,0.16666666666666666,낮음
2024-02-24,서산시,0,94.0,84.8,110.8,0.0,,1,6.0,2.0,낮음
2024-02-24,서천군,0,100.0,84.1,118.9,0.0,,1,0.0,0.0,낮음
2024-02-24,아산시,0,99.7,90.5,110.1,0.0,,1,0.29999999999999716,0.09999999999999905,낮음
2024-02-24,예산군,0,84.5,89.3,94.6,5.400000000000006,,1,15.5,6.966666666666669,낮음
2024-02-24,천안시,0,98.2,84.8,115.8,0.0,,1,1.7999999999999972,0.5999999999999991,낮음
2024-02-24,청양군,0,99.6,82.8,120.3,0.0,,1,0.4000000000000057,0.13333333333333522,낮음
2024-02-24,태안군,0,94.0,87.8,107.1,0.0,,1,6.0,2.0,낮음
2024-02-24,홍성군,0,99.5,85.7,116.1,0.0,,1,0.5,0.16666666666666666,낮음
2024-02-25,계룡시,0,100.0,100.0,100.0,0.0,,1,0.0,0.0,낮음
2024-02-25,공주시,0,97.9,75.3,130.0,0.0,,1,2.0999999999999943,0.6999999999999981,낮음
2024-02-25,금산군,0,95.9,75.2,127.4,0.0,,1,4.099999999999994,1.3666666666666647,낮음
2024-02-25,논산시,0,95.9,85.8,111.7,0.0,,1,4.099999999999994,1.3666666666666647,낮음
2024-02-25,당진시,0,86.3,83.6,103.3,0.0,,1,13.700000000000003,4.566666666666667,낮음
2024-02-25,보령시,0,99.7,85.8,116.2,0.0,,1,0.29999999999999716,0.09999999999999905,낮음
2024-02-25,부여군,0,99.5,80.9,123.0,0.0,,1,0.5,0.16666666666666666,낮음
2024-02-25,서산시,0,94.0,84.9,110.6,0.0,,1,6.0,2.0,낮음
2024-02-25,서천군,0,100.0,84.1,118.8,0.0,,1,0.0,0.0,낮음
2024-02-25,아산시,0,99.7,90.6,110.0,0.0,,1,0.29999999999999716,0.09999999999999905,낮음
2024-02-25,예산군,0,84.5,89.4,94.5,5.5,,1,15.5,7.0,낮음
2024-02-25,천안시,0,98.2,84.9,115.7,0.0,,1,1.7999999999999972,0.5999999999999991,낮음
2024-02-25,청양군,0,99.6,82.9,120.2,0.0,,1,0.4000000000000057,0.13333333333333522,낮음
2024-02-25,태안군,0,94.0,87.8,107.1,0.0,,1,6.0,2.0,낮음
2024-02-25,홍성군,0,99.5,85.8,116.0,0.0,,1,0.5,0.16666666666666666,낮음
2024-02-26,계룡시,0,100.0,100.0,100.0,0.0,,1,0.0,0.0,낮음
2024-02-26,공주시,0,97.8,75.4,129.7,0.0,,1,2.200000000000003,0.7333333333333343,낮음
2024-02-26,금산군,0,95.8,75.4,127.1,0.0,,1,4.200000000000003,1.400000000000001,낮음
2024-02-26,논산시,0,92.5,85.9,107.6,0.0,,1,7.5,2.5,낮음
2024-02-26,당진시,0,81.3,83.5,97.3,2.700000000000003,,1,18.700000000000003,7.1333333333333355,낮음
2024-02-26,보령시,0,99.4,85.8,115.9,0.0,,1,0.5999999999999943,0.1999999999999981,낮음
2024-02-26,부여군,0,99.5,81.0,122.9,0.0,,1,0.5,0.16666666666666666,낮음
2024-02-26,서산시,0,94.9,85.1,111.5,0.0,,1,5.099999999999994,1.6999999999999982,낮음
2024-02-26,서천군,0,100.0,84.2,118.7,0.0,,1,0.0,0.0,낮음
2024-02-26,아산시,0,99.5,90.7,109.7,0.0,,1,0.5,0.16666666666666666,낮음
2024-02-26,예산군,0,88.7,89.7,98.9,1.0999999999999943,,1,11.299999999999997,4.13333333333333,낮음
2024-02-26,천안시,0,98.1,85.0,115.5,0.0,,1,1.9000000000000057,0.6333333333333352,낮음
2024-02-26,청양군,0,99.6,82.9,120.1,0.0,,1,0.4000000000000057,0.13333333333333522,낮음
2024-02-26,태안군,0,94.7,87.9,107.7,0.0,,1,5.299999999999997,1.7666666666666657,낮음
2024-02-26,홍성군,0,99.5,85.9,115.8,0.0,,1,0.5,0.16666666666666666,낮음
2024-02-27,계룡시,0,100.0,100.0,100.0,0.0,,1,0.0,0.0,낮음
2024-02-27,공주시,0,97.7,75.4,129.5,0.0,,1,2.299999999999997,0.7666666666666657,낮음
2024-02-27,금산군,0,95.9,75.6,126.9,0.0,,1,4.099999999999994,1.3666666666666647,낮음
2024-02-27,논산시,0,92.9,86.0,108.0,0.0,,1,7.099999999999994,2.366666666666665,낮음
2024-02-27,당진시,0,81.9,83.6,98.0,2.0,,1,18.099999999999994,6.699999999999998,낮음
2024-02-27,보령시,0,98.5,85.8,114.8,0.0,,1,1.5,0.5,낮음
2024-02-27,부여군,0,99.5,81.0,122.8,0.0,,1,0.5,0.16666666666666666,낮음
2024-02-27,서산시,0,95.0,85.2,111.5,0.0,,1,5.0,1.6666666666666667,낮음
2024-02-27,서천군,0,99.9,84.3,118.5,0.0,,1,0.09999999999999432,0.03333333333333144,낮음
2024-02-27,아산시,0,99.4,90.9,109.4,0.0,,1,0.5999999999999943,0.1999999999999981,낮음
2024-02-27,예산군,0,90.2,89.8,100.4,0.0,,1,9.799999999999997,3.2666666666666657,낮음
2024-02-27,천안시,0,98.1,85.0,115.3,0.0,,1,1.9000000000000057,0.6333333333333352,낮음
2024-02-27,청양군,0,99.7,83.0,120.1,0.0,,1,0.29999999999999716,0.09999999999999905,낮음
2024-02-27,태안군,0,94.9,88.0,107.9,0.0,,1,5.099999999999994,1.6999999999999982,낮음
2024-02-27,홍성군,0,99.3,86.1,115.4,0.0,,1,0.7000000000000028,0.23333333333333428,낮음
2024-02-28,계룡시,0,100.0,100.0,100.0,0.0,,1,0.0,0.0,낮음
2024-02-28,공주시,0,97.7,75.4,129.5,0.0,,1,2.299999999999997,0.7666666666666657,낮음
2024-02-28,금산군,0,95.9,75.8,126.5,0.0,,1,4.099999999999994,1.3666666666666647,낮음
2024-02-28,논산시,0,93.3,86.1,108.3,0.0,,1,6.700000000000003,2.2333333333333343,낮음
2024-02-28,당진시,0,81.8,83.7,97.7,2.299999999999997,,1,18.200000000000003,6.833333333333333,낮음
2024-02-28,보령시,0,97.7,85.9,113.7,0.0,,1,2.299999999999997,0.7666666666666657,낮음
2024-02-28,부여군,0,99.5,81.1,122.7,0.0,,1,0.5,0.16666666666666666,낮음
2024-02-28,서산시,0,93.3,85.3,109.4,0.0,,1,6.700000000000003,2.2333333333333343,낮음
2024-02-28,서천군,0,99.9,84.4,118.4,0.0,,1,0.09999999999999432,0.03333333333333144,낮음
2024-02-28,아산시,0,99.5,91.0,109.4,0.0,,1,0.5,0.16666666666666666,낮음
2024-02-28,예산군,0,91.4,90.0,101.5,0.0,,1,8.599999999999994,2.866666666666665,낮음
2024-02-28,천안시,0,98.1,85.1,115.3,0.0,,1,1.9000000000000057,0.6333333333333352,낮음
2024-02-28,청양군,0,99.7,83.1,120.0,0.0,,1,0.29999999999999716,0.09999999999999905,낮음
2024-02-28,태안군,0,93.8,88.4,106.1,0.0,,1,6.200000000000003,2.0666666666666678,낮음
2024-02-28,홍성군,0,99.3,86.2,115.2,0.0,,1,0.7000000000000028,0.23333333333333428,낮음
2024-02-29,계룡시,0,100.0,100.0,100.0,0.0,,1,0.0,0.0,낮음
2024-02-29,공주시,0,97.6,72.8,134.2,0.0,,1,2.4000000000000057,0.8000000000000019,낮음
2024-02-29,금산군,0,95.9,72.9,131.5,0.0,,1,4.099999999999994,1.3666666666666647,낮음
2024-02-29,논산시,0,93.6,87.2,107.3,0.0,,1,6.400000000000006,2.133333333333335,낮음
2024-02-29,당진시,0,81.1,90.6,89.5,10.5,,1,18.900000000000006,9.800000000000002,낮음
2024-02-29,보령시,0,96.8,88.6,109.3,0.0,,1,3.200000000000003,1.0666666666666675,낮음
2024-02-29,부여군,0,99.5,79.4,125.4,0.0,,1,0.5,0.16666666666666666,낮음
2024-02-29,서산시,0,90.6,88.5,102.4,0.0,,1,9.400000000000006,3.133333333333335,낮음
2024-02-29,서천군,0,99.9,86.8,115.1,0.0,,1,0.09999999999999432,0.03333333333333144,낮음
2024-02-29,아산시,0,99.5,93.1,107.0,0.0,,1,0.5,0.16666666666666666,낮음
2024-02-29,예산군,0,96.1,91.8,104.6,0.0,,1,3.9000000000000057,1.3000000000000018,낮음
2024-02-29,천안시,0,98.0,85.5,114.7,0.0,,1,2.0,0.6666666666666666,낮음
2024-02-29,청양군,0,99.7,79.6,125.1,0.0,,1,0.29999999999999716,0.09999999999999905,낮음
2024-02-29,태안군,0,95.0,92.8,102.4,0.0,,1,5.0,1.6666666666666667,낮음
2024-02-29,홍성군,0,99.3,88.3,112.5,0.0,,1,0.7000000000000028,0.23333333333333428,낮음
2024-03-01,계룡시,0,100.0,100.0,100.0,0.0,,1,0.0,0.0,낮음
2024-03-01,공주시,0,97.6,75.5,129.3,0.0,,1,2.4000000000000057,0.8000000000000019,낮음
2024-03-01,금산군,0,95.9,76.0,126.2,0.0,,1,4.099999999999994,1.3666666666666647,낮음
2024-03-01,논산시,0,93.6,86.2,108.6,0.0,,1,6.400000000000006,2.133333333333335,낮음
2024-03-01,당진시,0,81.1,83.8,96.8,3.200000000000003,,1,18.900000000000006,7.36666666666667,낮음
2024-03-01,보령시,0,96.8,86.0,112.6,0.0,,1,3.200000000000003,1.0666666666666675,낮음
2024-03-01,부여군,0,99.5,81.2,122.5,0.0,,1,0.5,0.16666666666666666,낮음
2024-03-01,서산시,0,90.6,85.3,106.2,0.0,,1,9.400000000000006,3.133333333333335,낮음
2024-03-01,서천군,0,99.9,84.4,118.3,0.0,,1,0.09999999999999432,0.03333333333333144,낮음
2024-03-01,아산시,0,99.5,91.1,109.3,0.0,,1,0.5,0.16666666666666666,낮음
2024-03-01,예산군,0,96.1,90.3,106.5,0.0,,1,3.9000000000000057,1.3000000000000018,낮음
2024-03-01,천안시,0,98.0,85.3,115.0,0.0,,1,2.0,0.6666666666666666,낮음
2024-03-01,청양군,0,99.7,83.2,119.8,0.0,,1,0.29999999999999716,0.09999999999999905,낮음
2024-03-01,태안군,0,95.0,88.5,107.4,0.0,,1,5.0,1.6666666666666667,낮음
2024-03-01,홍성군,0,99.3,86.3,115.0,0.0,,1,0.7000000000000028,0.23333333333333428,낮음
2024-03-02,계룡시,0,100.0,100.0,100.0,0.0,,1,0.0,0.0,낮음
2024-03-02,공주시,0,97.6,75.6,129.1,0.0,,1,2.4000000000000057,0.8000000000000019,낮음
2024-03-02,금산군,0,95.9,76.1,125.9,0.0,,1,4.099999999999994,1.3666666666666647,낮음
2024-03-02,논산시,0,93.6,86.4,108.3,0.0,,1,6.400000000000006,2.133333333333335,낮음
2024-03-02,당진시,0,81.1,83.9,96.7,3.299999999999997,,1,18.900000000000006,7.400000000000001,낮음
2024-03-02,보령시,0,96.8,86.2,112.4,0.0,,1,3.200000000000003,1.0666666666666675,낮음
2024-03-02,부여군,0,99.5,81.3,122.3,0.0,,1,0.5,0.16666666666666666,낮음
2024-03-02,서산시,0,90.6,85.4,106.1,0.0,,1,9.400000000000006,3.133333333333335,낮음
2024-03-02,서천군,0,99.9,84.5,118.2,0.0,,1,0.09999999999999432,0.03333333333333144,낮음
2024-03-02,아산시,0,99.5,91.2,109.2,0.0,,1,0.5,0.16666666666666666,낮음
2024-03-02,예산군,0,96.1,90.3,106.4,0.0,,1,3.9000000000000057,1.3000000000000018,낮음
2024-03-02,천안시,0,98.0,85.4,114.8,0.0,,1,2.0,0.6666666666666666,낮음
2024-03-02,청양군,0,99.7,83.3,119.7,0.0,,1,0.29999999999999716,0.09999999999999905,낮음
2024-03-02,태안군,0,95.0,88.6,107.2,0.0,,1,5.0,1.6666666666666667,낮음
2024-03-02,홍성군,0,99.3,86.5,114.8,0.0,,1,0.7000000000000028,0.23333333333333428,낮음
2024-03-03,계룡시,0,100.0,100.0,100.0,0.0,,1,0.0,0.0,낮음
2024-03-03,공주시,0,97.6,75.7,128.9,0.0,,1,2.4000000000000057,0.8000000000000019,낮음
2024-03-03,금산군,0,95.9,76.3,125.6,0.0,,1,4.099999999999994,1.3666666666666647,낮음
2024-03-03,논산시,0,93.6,86.7,107.9,0.0,,1,6.400000000000006,2.133333333333335,낮음
2024-03-03,당진시,0,81.1,84.0,96.6,3.4000000000000057,,1,18.900000000000006,7.433333333333337,낮음
2024-03-03,보령시,0,96.8,86.3,112.2,0.0,,1,3.200000000000003,1.0666666666666675,낮음
2024-03-03,부여군,0,99.5,81.4,122.2,0.0,,1,0.5,0.16666666666666666,낮음
2024-03-03,서산시,0,90.6,85.5,106.0,0.0,,1,9.400000000000006,3.133333333333335,낮음
2024-03-03,서천군,0,99.9,84.7,118.0,0.0,,1,0.09999999999999432,0.03333333333333144,낮음
2024-03-03,아산시,0,99.5,91.3,109.1,0.0,,1,0.5,0.16666666666666666,낮음
2024-03-03,예산군,0,96.1,90.4,106.4,0.0,,1,3.9000000000000057,1.3000000000000018,낮음
2024-03-03,천안시,0,98.0,85.6,114.6,0.0,,1,2.0,0.6666666666666666,낮음
2024-03-03,청양군,0,99.7,83.2,119.8,0.0,,1,0.29999999999999716,0.09999999999999905,낮음
2024-03-03,태안군,0,95.0,88.7,107.1,0.0,,1,5.0,1.6666666666666667,낮음
2024-03-03,홍성군,0,99.3,86.6,114.7,0.0,,1,0.7000000000000028,0.23333333333333428,낮음
2024-03-04,계룡시,0,100.0,100.0,100.0,0.0,,2,0.0,0.0,낮음
2024-03-04,공주시,0,97.4,75.8,128.5,0.0,,2,2.5999999999999943,0.8666666666666648,낮음
2024-03-04,금산군,0,97.9,76.4,128.1,0.0,,2,2.0999999999999943,0.6999999999999981,낮음
2024-03-04,논산시,0,93.0,86.8,107.1,0.0,,2,7.0,2.3333333333333335,낮음
2024-03-04,당진시,0,79.5,84.0,94.6,5.400000000000006,,2,20.5,8.633333333333335,낮음
2024-03-04,보령시,0,95.7,86.4,110.8,0.0,,2,4.299999999999997,1.4333333333333325,낮음
2024-03-04,부여군,0,99.5,81.5,122.1,0.0,,2,0.5,0.16666666666666666,낮음
2024-03-04,서산시,0,91.4,85.6,106.9,0.0,,2,8.599999999999994,2.866666666666665,낮음
2024-03-04,서천군,0,99.7,84.7,117.7,0.0,,2,0.29999999999999716,0.09999999999999905,낮음
2024-03-04,아산시,0,99.5,91.4,108.9,0.0,,2,0.5,0.16666666666666666,낮음
2024-03-04,예산군,0,99.6,90.6,109.9,0.0,,2,0.4000000000000057,0.13333333333333522,낮음
2024-03-04,천안시,0,97.9,85.7,114.3,0.0,,2,2.0999999999999943,0.6999999999999981,낮음
2024-03-04,청양군,0,99.7,83.3,119.6,0.0,,2,0.29999999999999716,0.09999999999999905,낮음
2024-03-04,태안군,0,93.8,89.1,105.3,0.0,,2,6.200000000000003,2.0666666666666678,낮음
2024-03-04,홍성군,0,99.2,86.7,114.4,0.0,,2,0.7999999999999972,0.2666666666666657,낮음
2024-03-05,계룡시,0,100.0,100.0,100.0,0.0,,1,0.0,0.0,낮음
2024-03-05,공주시,0,97.4,75.9,128.4,0.0,,1,2.5999999999999943,0.8666666666666648,낮음
2024-03-05,금산군,0,97.9,76.6,127.7,0.0,,1,2.0999999999999943,0.6999999999999981,낮음
2024-03-05,논산시,0,92.6,86.9,106.6,0.0,,1,7.400000000000006,2.4666666666666686,낮음
2024-03-05,당진시,0,79.7,84.1,94.8,5.200000000000003,,1,20.299999999999997,8.5,낮음
2024-03-05,보령시,0,96.1,86.5,111.1,0.0,,1,3.9000000000000057,1.3000000000000018,낮음
2024-03-05,부여군,0,99.4,81.6,121.9,0.0,,1,0.5999999999999943,0.1999999999999981,낮음
2024-03-05,서산시,0,91.7,85.7,107.0,0.0,,1,8.299999999999997,2.7666666666666657,낮음
2024-03-05,서천군,0,99.7,84.8,117.5,0.0,,1,0.29999999999999716,0.09999999999999905,낮음
2024-03-05,아산시,0,99.4,91.5,108.6,0.0,,1,0.5999999999999943,0.1999999999999981,낮음
2024-03-05,예산군,0,99.7,90.8,109.8,0.0,,1,0.29999999999999716,0.09999999999999905,낮음
2024-03-05,천안시,0,97.8,85.8,114.0,0.0,,1,2.200000000000003,0.7333333333333343,낮음
2024-03-05,청양군,0,99.7,83.4,119.5,0.0,,1,0.29999999999999716,0.09999999999999905,낮음
2024-03-05,태안군,0,95.1,89.3,106.5,0.0,,1,4.900000000000006,1.6333333333333353,낮음
2024-03-05,홍성군,0,99.2,86.8,114.3,0.0,,1,0.7999999999999972,0.2666666666666657,낮음
2024-03-06,계룡시,0,100.0,100.0,100.0,0.0,,1,0.0,0.0,낮음
2024-03-06,공주시,0,97.4,76.0,128.2,0.0,,1,2.5999999999999943,0.8666666666666648,낮음
2024-03-06,금산군,0,97.9,76.9,127.3,0.0,,1,2.0999999999999943,0.6999999999999981,낮음
2024-03-06,논산시,0,92.4,87.0,106.2,0.0,,1,7.599999999999994,2.5333333333333314,낮음
2024-03-06,당진시,0,79.9,84.2,94.9,5.099999999999994,,1,20.099999999999994,8.399999999999997,낮음
2024-03-06,보령시,0,96.4,86.6,111.4,0.0,,1,3.5999999999999943,1.1999999999999982,낮음
2024-03-06,부여군,0,99.5,81.6,121.9,0.0,,1,0.5,0.16666666666666666,낮음
2024-03-06,서산시,0,91.9,85.8,107.1,0.0,,1,8.099999999999994,2.699999999999998,낮음
2024-03-06,서천군,0,99.7,84.9,117.4,0.0,,1,0.29999999999999716,0.09999999999999905,낮음
2024-03-06,아산시,0,99.5,91.6,108.6,0.0,,1,0.5,0.16666666666666666,낮음
2024-03-06,예산군,0,93.5,90.8,103.0,0.0,,1,6.5,2.1666666666666665,낮음
2024-03-06,천안시,0,97.8,85.9,113.9,0.0,,1,2.200000000000003,0.7333333333333343,낮음
2024-03-06,청양군,0,99.6,83.5,119.3,0.0,,1,0.4000000000000057,0.13333333333333522,낮음
2024-03-06,태안군,0,95.1,89.4,106.3,0.0,,1,4.900000000000006,1.6333333333333353,낮음
2024-03-06,홍성군,0,99.2,86.9,114.1,0.0,,1,0.7999999999999972,0.2666666666666657,낮음
2024-03-07,계룡시,0,100.0,100.0,100.0,0.0,,1,0.0,0.0,낮음
2024-03-07,공주시,0,97.4,76.0,128.1,0.0,,1,2.5999999999999943,0.8666666666666648,낮음
2024-03-07,금산군,0,97.8,77.1,126.9,0.0,,1,2.200000000000003,0.7333333333333343,낮음
2024-03-07,논산시,0,91.8,87.0,105.5,0.0,,1,8.200000000000003,2.7333333333333343,낮음
2024-03-07,당진시,0,79.9,84.2,94.9,5.099999999999994,,1,20.099999999999994,8.399999999999997,낮음
2024-03-07,보령시,0,96.7,86.7,111.5,0.0,,1,3.299999999999997,1.099999999999999,낮음
2024-03-07,부여군,0,99.5,81.7,121.8,0.0,,1,0.5,0.16666666666666666,낮음
2024-03-07,서산시,0,92.1,85.9,107.2,0.0,,1,7.900000000000006,2.633333333333335,낮음
2024-03-07,서천군,0,99.7,85.0,117.3,0.0,,1,0.29999999999999716,0.09999999999999905,낮음
2024-03-07,아산시,0,99.4,91.7,108.3,0.0,,1,0.5999999999999943,0.1999999999999981,낮음
2024-03-07,예산군,0,90.5,90.8,99.7,0.29999999999999716,,1,9.5,3.2666666666666657,낮음
2024-03-07,천안시,0,97.8,86.0,113.8,0.0,,1,2.200000000000003,0.7333333333333343,낮음
2024-03-07,청양군,0,99.7,83.6,119.2,0.0,,1,0.29999999999999716,0.09999999999999905,낮음
2024-03-07,태안군,0,95.0,89.6,106.1,0.0,,1,5.0,1.6666666666666667,낮음
2024-03-07,홍성군,0,99.2,87.0,114.0,0.0,,1,0.7999999999999972,0.2666666666666657,낮음
2024-03-08,계룡시,0,100.0,100.0,100.0,0.0,,1,0.0,0.0,낮음
2024-03-08,공주시,0,97.4,76.2,127.9,0.0,,1,2.5999999999999943,0.8666666666666648,낮음
2024-03-08,금산군,0,97.8,77.2,126.7,0.0,,1,2.200000000000003,0.7333333333333343,낮음
2024-03-08,논산시,0,91.6,87.1,105.2,0.0,,1,8.400000000000006,2.800000000000002,낮음
2024-03-08,당진시,0,79.8,84.2,94.8,5.200000000000003,,1,20.200000000000003,8.466666666666669,낮음
2024-03-08,보령시,0,96.9,86.8,111.6,0.0,,1,3.0999999999999943,1.0333333333333314,낮음
2024-03-08,부여군,0,99.5,81.7,121.7,0.0,,1,0.5,0.16666666666666666,낮음
2024-03-08,서산시,0,92.2,86.0,107.2,0.0,,1,7.799999999999997,2.599999999999999,낮음
2024-03-08,서천군,0,99.7,85.1,117.2,0.0,,1,0.29999999999999716,0.09999999999999905,낮음
2024-03-08,아산시,0,99.5,91.8,108.4,0.0,,1,0.5,0.16666666666666666,낮음
2024-03-08,예산군,0,91.4,90.9,100.5,0.0,,1,8.599999999999994,2.866666666666665,낮음
2024-03-08,천안시,0,97.7,86.1,113.6,0.0,,1,2.299999999999997,0.7666666666666657,낮음
2024-03-08,청양군,0,99.6,83.7,119.1,0.0,,1,0.4000000000000057,0.13333333333333522,낮음
2024-03-08,태안군,0,95.0,89.6,106.0,0.0,,1,5.0,1.6666666666666667,낮음
2024-03-08,홍성군,0,99.1,87.1,113.9,0.0,,1,0.9000000000000057,0.3000000000000019,낮음
2024-03-09,계룡시,0,100.0,100.0,100.0,0.0,,1,0.0,0.0,낮음
2024-03-09,공주시,0,97.4,76.3,127.6,0.0,,1,2.5999999999999943,0.8666666666666648,낮음
2024-03-09,금산군,0,97.8,77.3,126.5,0.0,,1,2.200000000000003,0.7333333333333343,낮음
2024-03-09,논산시,0,91.6,87.2,105.1,0.0,,1,8.400000000000006,2.800000000000002,낮음
2024-03-09,당진시,0,79.8,84.2,94.8,5.200000000000003,,1,20.200000000000003,8.466666666666669,낮음
2024-03-09,보령시,0,96.9,86.9,111.5,0.0,,1,3.0999999999999943,1.0333333333333314,낮음
2024-03-09,부여군,0,99.5,81.8,121.7,0.0,,1,0.5,0.16666666666666666,낮음
2024-03-09,서산시,0,92.2,86.2,107.1,0.0,,1,7.799999999999997,2.599999999999999,낮음
2024-03-09,서천군,0,99.7,85.1,117.2,0.0,,1,0.29999999999999716,0.09999999999999905,낮음
2024-03-09,아산시,0,99.5,91.9,108.3,0.0,,1,0.5,0.16666666666666666,낮음
2024-03-09,예산군,0,91.4,91.1,100.3,0.0,,1,8.599999999999994,2.866666666666665,낮음
2024-03-09,천안시,0,97.7,86.2,113.4,0.0,,1,2.299999999999997,0.7666666666666657,낮음
2024-03-09,청양군,0,99.6,83.7,119.0,0.0,,1,0.4000000000000057,0.13333333333333522,낮음
2024-03-09,태안군,0,95.0,89.7,105.9,0.0,,1,5.0,1.6666666666666667,낮음
2024-03-09,홍성군,0,99.1,87.1,113.8,0.0,,1,0.9000000000000057,0.3000000000000019,낮음
2024-03-10,계룡시,0,100.0,100.0,100.0,0.0,,1,0.0,0.0,낮음
2024-03-10,공주시,0,97.4,76.4,127.5,0.0,,1,2.5999999999999943,0.8666666666666648,낮음
2024-03-10,금산군,0,97.8,77.4,126.4,0.0,,1,2.200000000000003,0.7333333333333343,낮음
2024-03-10,논산시,0,91.6,87.2,105.1,0.0,,1,8.400000000000006,2.800000000000002,낮음
2024-03-10,당진시,0,79.8,84.3,94.7,5.299999999999997,,1,20.200000000000003,8.5,낮음
2024-03-10,보령시,0,96.9,87.0,111.4,0.0,,1,3.0999999999999943,1.0333333333333314,낮음
2024-03-10,부여군,0,99.5,81.8,121.6,0.0,,1,0.5,0.16666666666666666,낮음
2024-03-10,서산시,0,92.2,86.2,107.0,0.0,,1,7.799999999999997,2.599999999999999,낮음
2024-03-10,서천군,0,99.7,85.1,117.1,0.0,,1,0.29999999999999716,0.09999999999999905,낮음
2024-03-10,아산시,0,99.5,91.9,108.3,0.0,,1,0.5,0.16666666666666666,낮음
2024-03-10,예산군,0,91.4,91.2,100.2,0.0,,1,8.599999999999994,2.866666666666665,낮음
2024-03-10,천안시,0,97.7,86.2,113.3,0.0,,1,2.299999999999997,0.7666666666666657,낮음
2024-03-10,청양군,0,99.6,83.8,118.8,0.0,,1,0.4000000000000057,0.13333333333333522,낮음
2024-03-10,태안군,0,95.0,89.9,105.7,0.0,,1,5.0,1.6666666666666667,낮음
2024-03-10,홍성군,0,99.1,87.2,113.7,0.0,,1,0.9000000000000057,0.3000000000000019,낮음
2024-03-11,계룡시,0,100.0,100.0,100.0,0.0,,1,0.0,0.0,낮음
2024-03-11,공주시,0,97.3,76.4,127.3,0.0,,1,2.700000000000003,0.9000000000000009,낮음
2024-03-11,금산군,0,97.9,77.5,126.3,0.0,,1,2.0999999999999943,0.6999999999999981,낮음
2024-03-11,논산시,0,90.0,87.2,103.1,0.0,,1,10.0,3.3333333333333335,낮음
2024-03-11,당진시,0,79.8,84.4,94.6,5.400000000000006,,1,20.200000000000003,8.533333333333337,낮음
2024-03-11,보령시,0,97.8,87.2,112.2,0.0,,1,2.200000000000003,0.7333333333333343,낮음
2024-03-11,부여군,0,99.5,81.9,121.5,0.0,,1,0.5,0.16666666666666666,낮음
2024-03-11,서산시,0,92.6,86.3,107.3,0.0,,1,7.400000000000006,2.4666666666666686,낮음
2024-03-11,서천군,0,99.2,85.1,116.5,0.0,,1,0.7999999999999972,0.2666666666666657,낮음
2024-03-11,아산시,0,99.1,92.0,107.8,0.0,,1,0.9000000000000057,0.3000000000000019,낮음
2024-03-11,예산군,0,92.9,91.3,101.7,0.0,,1,7.099999999999994,2.366666666666665,낮음
2024-03-11,천안시,0,97.7,86.3,113.2,0.0,,1,2.299999999999997,0.7666666666666657,낮음
2024-03-11,청양군,0,99.6,83.9,118.7,0.0,,1,0.4000000000000057,0.13333333333333522,낮음
2024-03-11,태안군,0,95.0,89.9,105.6,0.0,,1,5.0,1.6666666666666667,낮음
2024-03-11,홍성군,0,99.2,87.3,113.6,0.0,,1,0.7999999999999972,0.2666666666666657,낮음
2024-03-12,계룡시,0,100.0,100.0,100.0,0.0,,1,0.0,0.0,낮음
2024-03-12,공주시,0,97.3,76.5,127.2,0.0,,1,2.700000000000003,0.9000000000000009,낮음
2024-03-12,금산군,0,97.8,77.6,126.1,0.0,,1,2.200000000000003,0.7333333333333343,낮음
2024-03-12,논산시,0,89.5,87.2,102.6,0.0,,1,10.5,3.5,낮음
2024-03-12,당진시,0,80.2,84.5,95.0,5.0,,1,19.799999999999997,8.266666666666666,낮음
2024-03-12,보령시,0,97.8,87.2,112.2,0.0,,1,2.200000000000003,0.7333333333333343,낮음
2024-03-12,부여군,0,99.5,81.9,121.5,0.0,,1,0.5,0.16666666666666666,낮음
2024-03-12,서산시,0,92.7,86.4,107.4,0.0,,1,7.299999999999997,2.4333333333333322,낮음
2024-03-12,서천군,0,99.7,85.2,117.0,0.0,,1,0.29999999999999716,0.09999999999999905,낮음
2024-03-12,아산시,0,99.2,92.1,107.8,0.0,,1,0.7999999999999972,0.2666666666666657,낮음
2024-03-12,예산군,0,93.7,91.5,102.4,0.0,,1,6.299999999999997,2.099999999999999,낮음
2024-03-12,천안시,0,97.7,86.4,113.1,0.0,,1,2.299999999999997,0.7666666666666657,낮음
2024-03-12,청양군,0,99.6,83.9,118.6,0.0,,1,0.4000000000000057,0.13333333333333522,낮음
2024-03-12,태안군,0,94.7,90.0,105.3,0.0,,1,5.299999999999997,1.7666666666666657,낮음
2024-03-12,홍성군,0,99.2,87.3,113.6,0.0,,1,0.7999999999999972,0.2666666666666657,낮음
2024-03-13,계룡시,0,100.0,100.0,100.0,0.0,,1,0.0,0.0,낮음
2024-03-13,공주시,0,97.3,76.6,127.1,0.0,,1,2.700000000000003,0.9000000000000009,낮음
2024-03-13,금산군,0,97.8,77.6,125.9,0.0,,1,2.200000000000003,0.7333333333333343,낮음
2024-03-13,논산시,0,89.0,87.3,102.0,0.0,,1,11.0,3.6666666666666665,낮음
2024-03-13,당진시,0,80.4,84.5,95.1,4.900000000000006,,1,19.599999999999994,8.166666666666666,낮음
2024-03-13,보령시,0,98.1,87.3,112.4,0.0,,1,1.9000000000000057,0.6333333333333352,낮음
2024-03-13,부여군,0,99.5,82.0,121.4,0.0,,1,0.5,0.16666666666666666,낮음
2024-03-13,서산시,0,92.9,86.4,107.5,0.0,,1,7.099999999999994,2.366666666666665,낮음
2024-03-13,서천군,0,99.7,85.3,116.8,0.0,,1,0.29999999999999716,0.09999999999999905,낮음
2024-03-13,아산시,0,99.4,92.2,107.8,0.0,,1,0.5999999999999943,0.1999999999999981,낮음
2024-03-13,예산군,0,94.1,91.7,102.6,0.0,,1,5.900000000000006,1.9666666666666686,낮음
2024-03-13,천안시,0,97.7,86.5,113.0,0.0,,1,2.299999999999997,0.7666666666666657,낮음
2024-03-13,청양군,0,99.6,84.0,118.6,0.0,,1,0.4000000000000057,0.13333333333333522,낮음
2024-03-13,태안군,0,94.7,90.0,105.2,0.0,,1,5.299999999999997,1.7666666666666657,낮음
2024-03-13,홍성군,0,99.2,87.4,113.5,0.0,,1,0.7999999999999972,0.2666666666666657,낮음
2024-03-14,계룡시,0,100.0,100.0,100.0,0.0,,1,0.0,0.0,낮음
2024-03-14,공주시,0,97.3,76.6,127.0,0.0,,1,2.700000000000003,0.9000000000000009,낮음
2024-03-14,금산군,0,97.8,77.8,125.8,0.0,,1,2.200000000000003,0.7333333333333343,낮음
2024-03-14,논산시,0,88.4,87.4,101.1,0.0,,1,11.599999999999994,3.866666666666665,낮음
2024-03-14,당진시,0,80.5,84.6,95.2,4.799999999999997,,1,19.5,8.1,낮음
2024-03-14,보령시,0,98.3,87.4,112.4,0.0,,1,1.7000000000000028,0.5666666666666677,낮음
2024-03-14,부여군,0,99.5,82.0,121.3,0.0,,1,0.5,0.16666666666666666,낮음
2024-03-14,서산시,0,93.2,86.6,107.6,0.0,,1,6.799999999999997,2.2666666666666657,낮음
2024-03-14,서천군,0,99.3,85.4,116.3,0.0,,1,0.7000000000000028,0.23333333333333428,낮음
2024-03-14,아산시,0,99.3,92.3,107.7,0.0,,1,0.7000000000000028,0.23333333333333428,낮음
2024-03-14,예산군,0,94.7,91.8,103.1,0.0,,1,5.299999999999997,1.7666666666666657,낮음
2024-03-14,천안시,0,97.8,86.5,113.0,0.0,,1,2.200000000000003,0.7333333333333343,낮음
2024-03-14,청양군,0,99.6,83.4,119.5,0.0,,1,0.4000000000000057,0.13333333333333522,낮음
2024-03-14,태안군,0,94.7,90.1,105.1,0.0,,1,5.299999999999997,1.7666666666666657,낮음
2024-03-14,홍성군,0,99.2,87.4,113.4,0.0,,1,0.7999999999999972,0.2666666666666657,낮음
2024-03-15,계룡시,0,100.0,100.0,100.0,0.0,,1,0.0,0.0,낮음
2024-03-15,공주시,0,97.2,76.6,126.8,0.0,,1,2.799999999999997,0.9333333333333323,낮음
2024-03-15,금산군,0,97.8,78.5,124.5,0.0,,1,2.200000000000003,0.7333333333333343,낮음
2024-03-15,논산시,0,88.4,87.5,101.0,0.0,,1,11.599999999999994,3.866666666666665,낮음
2024-03-15,당진시,0,80.6,84.7,95.2,4.799999999999997,,1,19.400000000000006,8.066666666666668,낮음
2024-03-15,보령시,0,98.5,87.5,112.5,0.0,,1,1.5,0.5,낮음
2024-03-15,부여군,0,99.5,82.1,121.2,0.0,,1,0.5,0.16666666666666666,낮음
2024-03-15,서산시,0,93.3,86.7,107.6,0.0,,1,6.700000000000003,2.2333333333333343,낮음
2024-03-15,서천군,0,99.2,85.5,116.0,0.0,,1,0.7999999999999972,0.2666666666666657,낮음
2024-03-15,아산시,0,99.4,92.3,107.7,0.0,,1,0.5999999999999943,0.1999999999999981,낮음
2024-03-15,예산군,0,91.5,91.8,99.6,0.4000000000000057,,1,8.5,2.9666666666666686,낮음
2024-03-15,천안시,0,97.8,86.9,112.5,0.0,,1,2.200000000000003,0.7333333333333343,낮음
2024-03-15,청양군,0,99.6,83.5,119.3,0.0,,1,0.4000000000000057,0.13333333333333522,낮음
2024-03-15,태안군,0,94.7,90.1,105.1,0.0,,1,5.299999999999997,1.7666666666666657,낮음
2024-03-15,홍성군,0,99.2,86.9,114.1,0.0,,1,0.7999999999999972,0.2666666666666657,낮음
2024-03-16,계룡시,0,100.0,100.0,100.0,0.0,,1,0.0,0.0,낮음
2024-03-16,공주시,0,97.2,76.7,126.8,0.0,,1,2.799999999999997,0.9333333333333323,낮음
2024-03-16,금산군,0,97.8,78.6,124.4,0.0,,1,2.200000000000003,0.7333333333333343,낮음
2024-03-16,논산시,0,88.4,87.5,101.0,0.0,,1,11.599999999999994,3.866666666666665,낮음
2024-03-16,당진시,0,80.6,84.8,95.1,4.900000000000006,,1,19.400000000000006,8.100000000000003,낮음
2024-03-16,보령시,0,98.5,87.6,112.4,0.0,,1,1.5,0.5,낮음
2024-03-16,부여군,0,99.5,82.2,121.1,0.0,,1,0.5,0.16666666666666666,낮음
2024-03-16,서산시,0,93.3,86.8,107.5,0.0,,1,6.700000000000003,2.2333333333333343,낮음
2024-03-16,서천군,0,99.2,85.6,115.9,0.0,,1,0.7999999999999972,0.2666666666666657,낮음
2024-03-16,아산시,0,99.4,92.4,107.6,0.0,,1,0.5999999999999943,0.1999999999999981,낮음
2024-03-16,예산군,0,91.5,92.0,99.4,0.5999999999999943,,1,8.5,3.0333333333333314,낮음
2024-03-16,천안시,0,97.8,87.0,112.4,0.0,,1,2.200000000000003,0.7333333333333343,낮음
2024-03-16,청양군,0,99.6,83.5,119.2,0.0,,1,0.4000000000000057,0.13333333333333522,낮음
2024-03-16,태안군,0,94.7,90.1,105.1,0.0,,1,5.299999999999997,1.7666666666666657,낮음
2024-03-16,홍성군,0,99.2,87.0,114.0,0.0,,1,0.7999999999999972,0.2666666666666657,낮음
2024-03-17,계룡시,0,100.0,100.0,100.0,0.0,,1,0.0,0.0,낮음
2024-03-17,공주시,0,97.2,76.1,127.8,0.0,,1,2.799999999999997,0.9333333333333323,낮음
2024-03-17,금산군,0,97.8,78.0,125.3,0.0,,1,2.200000000000003,0.7333333333333343,낮음
2024-03-17,논산시,0,88.4,87.4,101.1,0.0,,1,11.599999999999994,3.866666666666665,낮음
2024-03-17,당진시,0,80.6,84.6,95.3,4.700000000000003,,1,19.400000000000006,8.033333333333337,낮음
2024-03-17,보령시,0,98.5,87.3,112.8,0.0,,1,1.5,0.5,낮음
2024-03-17,부여군,0,99.5,81.7,121.8,0.0,,1,0.5,0.16666666666666666,낮음
2024-03-17,서산시,0,93.3,86.5,107.8,0.0,,1,6.700000000000003,2.2333333333333343,낮음
2024-03-17,서천군,0,99.2,85.3,116.3,0.0,,1,0.7999999999999972,0.2666666666666657,낮음
2024-03-17,아산시,0,99.4,92.2,107.8,0.0,,1,0.5999999999999943,0.1999999999999981,낮음
2024-03-17,예산군,0,91.5,91.8,99.6,0.4000000000000057,,1,8.5,2.9666666666666686,낮음
2024-03-17,천안시,0,97.8,86.7,112.8,0.0,,1,2.200000000000003,0.7333333333333343,낮음
2024-03-17,청양군,0,99.6,82.9,120.1,0.0,,1,0.4000000000000057,0.13333333333333522,낮음
2024-03-17,태안군,0,94.7,89.9,105.3,0.0,,1,5.299999999999997,1.7666666666666657,낮음
2024-03-17,홍성군,0,99.2,86.7,114.4,0.0,,1,0.7999999999999972,0.2666666666666657,낮음
2024-03-18,계룡시,0,100.0,100.0,100.0,0.0,,1,0.0,0.0,낮음
2024-03-18,공주시,0,97.1,77.4,125.5,0.0,,1,2.9000000000000057,0.9666666666666686,낮음
2024-03-18,금산군,0,97.7,79.3,123.3,0.0,,1,2.299999999999997,0.7666666666666657,낮음
2024-03-18,논산시,0,89.2,88.0,101.5,0.0,,1,10.799999999999997,3.599999999999999,낮음
2024-03-18,당진시,0,80.8,85.2,94.8,5.200000000000003,,1,19.200000000000003,8.133333333333335,낮음
2024-03-18,보령시,0,99.2,88.2,112.5,0.0,,1,0.7999999999999972,0.2666666666666657,낮음
2024-03-18,부여군,0,99.5,82.8,120.1,0.0,,1,0.5,0.16666666666666666,낮음
2024-03-18,서산시,0,93.6,87.3,107.2,0.0,,1,6.400000000000006,2.133333333333335,낮음
2024-03-18,서천군,0,99.3,86.3,115.1,0.0,,1,0.7000000000000028,0.23333333333333428,낮음
2024-03-18,아산시,0,99.5,92.8,107.3,0.0,,1,0.5,0.16666666666666666,낮음
2024-03-18,예산군,0,96.5,92.5,104.3,0.0,,1,3.5,1.1666666666666667,낮음
2024-03-18,천안시,0,97.7,87.4,111.8,0.0,,1,2.299999999999997,0.7666666666666657,낮음
2024-03-18,청양군,0,99.6,84.2,118.3,0.0,,1,0.4000000000000057,0.13333333333333522,낮음
2024-03-18,태안군,0,94.6,90.4,104.7,0.0,,1,5.400000000000006,1.8000000000000018,낮음
2024-03-18,홍성군,0,99.2,87.4,113.4,0.0,,1,0.7999999999999972,0.2666666666666657,낮음
2024-03-19,계룡시,0,100.0,100.0,100.0,0.0,,1,0.0,0.0,낮음
2024-03-19,공주시,0,97.0,76.9,126.3,0.0,,1,3.0,1.0,낮음
2024-03-19,금산군,0,97.8,79.0,123.9,0.0,,1,2.200000000000003,0.7333333333333343,낮음
2024-03-19,논산시,0,89.4,87.9,101.6,0.0,,1,10.599999999999994,3.5333333333333314,낮음
2024-03-19,당진시,0,80.5,85.1,94.7,5.299999999999997,,1,19.5,8.266666666666666,낮음
2024-03-19,보령시,0,98.1,87.9,111.6,0.0,,1,1.9000000000000057,0.6333333333333352,낮음
2024-03-19,부여군,0,99.5,82.4,120.7,0.0,,1,0.5,0.16666666666666666,낮음
2024-03-19,서산시,0,93.7,87.0,107.6,0.0,,1,6.299999999999997,2.099999999999999,낮음
2024-03-19,서천군,0,99.7,86.0,115.9,0.0,,1,0.29999999999999716,0.09999999999999905,낮음
2024-03-19,아산시,0,99.0,92.6,106.9,0.0,,1,1.0,0.3333333333333333,낮음
2024-03-19,예산군,0,96.9,92.4,104.8,0.0,,1,3.0999999999999943,1.0333333333333314,낮음
2024-03-19,천안시,0,98.2,87.2,112.7,0.0,,1,1.7999999999999972,0.5999999999999991,낮음
2024-03-19,청양군,0,99.5,83.7,118.9,0.0,,1,0.5,0.16666666666666666,낮음
2024-03-19,태안군,0,94.0,90.2,104.2,0.0,,1,6.0,2.0,낮음
2024-03-19,홍성군,0,99.1,87.2,113.7,0.0,,1,0.9000000000000057,0.3000000000000019,낮음
2024-03-20,계룡시,0,100.0,100.0,100.0,0.0,,1,0.0,0.0,낮음
2024-03-20,공주시,0,97.0,76.9,126.1,0.0,,1,3.0,1.0,낮음
2024-03-20,금산군,0,97.8,79.1,123.7,0.0,,1,2.200000000000003,0.7333333333333343,낮음
2024-03-20,논산시,0,89.7,88.0,101.9,0.0,,1,10.299999999999997,3.4333333333333322,낮음
2024-03-20,당진시,0,80.7,85.1,94.8,5.200000000000003,,1,19.299999999999997,8.166666666666666,낮음
2024-03-20,보령시,0,96.9,87.9,110.2,0.0,,1,3.0999999999999943,1.0333333333333314,낮음
2024-03-20,부여군,0,99.4,82.5,120.5,0.0,,1,0.5999999999999943,0.1999999999999981,낮음
2024-03-20,서산시,0,93.6,87.1,107.5,0.0,,1,6.400000000000006,2.133333333333335,낮음
2024-03-20,서천군,0,99.3,86.1,115.4,0.0,,1,0.7000000000000028,0.23333333333333428,낮음
2024-03-20,아산시,0,99.3,92.7,107.1,0.0,,1,0.7000000000000028,0.23333333333333428,낮음
2024-03-20,예산군,0,97.1,92.4,105.2,0.0,,1,2.9000000000000057,0.9666666666666686,낮음
2024-03-20,천안시,0,98.2,87.2,112.7,0.0,,1,1.7999999999999972,0.5999999999999991,낮음
2024-03-20,청양군,0,99.5,83.7,118.8,0.0,,1,0.5,0.16666666666666666,낮음
2024-03-20,태안군,0,94.0,90.3,104.1,0.0,,1,6.0,2.0,낮음
2024-03-20,홍성군,0,99.1,87.3,113.6,0.0,,1,0.9000000000000057,0.3000000000000019,낮음
2024-03-21,계룡시,0,100.0,100.0,100.0,0.0,,1,0.0,0.0,낮음
2024-03-21,공주시,0,97.0,77.0,126.0,0.0,,1,3.0,1.0,낮음
2024-03-21,금산군,0,97.8,79.2,123.5,0.0,,1,2.200000000000003,0.7333333333333343,낮음
2024-03-21,논산시,0,90.1,88.1,102.2,0.0,,1,9.900000000000006,3.300000000000002,낮음
2024-03-21,당진시,0,80.8,85.2,94.8,5.200000000000003,,1,19.200000000000003,8.133333333333335,낮음
2024-03-21,보령시,0,96.7,88.0,109.9,0.0,,1,3.299999999999997,1.099999999999999,낮음
2024-03-21,부여군,0,99.5,82.5,120.5,0.0,,1,0.5,0.16666666666666666,낮음
2024-03-21,서산시,0,93.7,87.2,107.5,0.0,,1,6.299999999999997,2.099999999999999,낮음
2024-03-21,서천군,0,99.3,86.1,115.3,0.0,,1,0.7000000000000028,0.23333333333333428,낮음
2024-03-21,아산시,0,99.6,92.7,107.3,0.0,,1,0.4000000000000057,0.13333333333333522,낮음
2024-03-21,예산군,0,97.5,92.2,105.8,0.0,,1,2.5,0.8333333333333334,낮음
2024-03-21,천안시,0,98.3,87.3,112.6,0.0,,1,1.7000000000000028,0.5666666666666677,낮음
2024-03-21,청양군,0,99.5,83.8,118.8,0.0,,1,0.5,0.16666666666666666,낮음
2024-03-21,태안군,0,94.0,90.4,104.0,0.0,,1,6.0,2.0,낮음
2024-03-21,홍성군,0,99.1,87.3,113.5,0.0,,1,0.9000000000000057,0.3000000000000019,낮음
2024-03-22,계룡시,0,100.0,100.0,100.0,0.0,,1,0.0,0.0,낮음
2024-03-22,공주시,0,96.9,77.0,125.8,0.0,,1,3.0999999999999943,1.0333333333333314,낮음
2024-03-22,금산군,0,97.9,79.3,123.5,0.0,,1,2.0999999999999943,0.6999999999999981,낮음
2024-03-22,논산시,0,90.1,88.2,102.2,0.0,,1,9.900000000000006,3.300000000000002,낮음
2024-03-22,당진시,0,75.9,85.1,89.2,10.799999999999997,,1,24.099999999999994,11.633333333333331,낮음
2024-03-22,보령시,0,96.9,88.1,110.0,0.0,,1,3.0999999999999943,1.0333333333333314,낮음
2024-03-22,부여군,0,99.5,82.6,120.5,0.0,,1,0.5,0.16666666666666666,낮음
2024-03-22,서산시,0,93.7,87.3,107.3,0.0,,1,6.299999999999997,2.099999999999999,낮음
2024-03-22,서천군,0,99.6,86.2,115.5,0.0,,1,0.4000000000000057,0.13333333333333522,낮음
2024-03-22,아산시,0,99.1,92.8,106.8,0.0,,1,0.9000000000000057,0.3000000000000019,낮음
2024-03-22,예산군,0,97.8,92.0,106.4,0.0,,1,2.200000000000003,0.7333333333333343,낮음
2024-03-22,천안시,0,98.3,87.3,112.6,0.0,,1,1.7000000000000028,0.5666666666666677,낮음
2024-03-22,청양군,0,99.5,83.8,118.7,0.0,,1,0.5,0.16666666666666666,낮음
2024-03-22,태안군,0,94.0,90.5,104.0,0.0,,1,6.0,2.0,낮음
2024-03-22,홍성군,0,99.1,87.4,113.4,0.0,,1,0.9000000000000057,0.3000000000000019,낮음
2024-03-23,계룡시,0,100.0,100.0,100.0,0.0,,1,0.0,0.0,낮음
2024-03-23,공주시,0,96.9,77.1,125.7,0.0,,1,3.0999999999999943,1.0333333333333314,낮음
2024-03-23,금산군,0,97.9,79.3,123.3,0.0,,1,2.0999999999999943,0.6999999999999981,낮음
2024-03-23,논산시,0,90.1,88.3,102.1,0.0,,1,9.900000000000006,3.300000000000002,낮음
2024-03-23,당진시,0,75.9,85.2,89.0,11.0,,1,24.099999999999994,11.699999999999998,낮음
2024-03-23,보령시,0,96.9,88.1,109.9,0.0,,1,3.0999999999999943,1.0333333333333314,낮음
2024-03-23,부여군,0,99.4,82.6,120.3,0.0,,1,0.5999999999999943,0.1999999999999981,낮음
2024-03-23,서산시,0,93.7,87.4,107.2,0.0,,1,6.299999999999997,2.099999999999999,낮음
2024-03-23,서천군,0,99.6,86.3,115.4,0.0,,1,0.4000000000000057,0.13333333333333522,낮음
2024-03-23,아산시,0,99.1,92.8,106.8,0.0,,1,0.9000000000000057,0.3000000000000019,낮음
2024-03-23,예산군,0,97.8,91.8,106.6,0.0,,1,2.200000000000003,0.7333333333333343,낮음
2024-03-23,천안시,0,98.3,87.3,112.5,0.0,,1,1.7000000000000028,0.5666666666666677,낮음
2024-03-23,청양군,0,99.5,83.9,118.7,0.0,,1,0.5,0.16666666666666666,낮음
2024-03-23,태안군,0,94.0,90.5,103.9,0.0,,1,6.0,2.0,낮음
2024-03-23,홍성군,0,99.1,87.5,113.3,0.0,,1,0.9000000000000057,0.3000000000000019,낮음
2024-03-24,계룡시,0,100.0,100.0,100.0,0.0,,1,0.0,0.0,낮음
2024-03-24,공주시,0,96.9,77.1,125.6,0.0,,1,3.0999999999999943,1.0333333333333314,낮음
2024-03-24,금산군,0,97.9,79.4,123.2,0.0,,1,2.0999999999999943,0.6999999999999981,낮음
2024-03-24,논산시,0,90.1,88.3,102.0,0.0,,1,9.900000000000006,3.300000000000002,낮음
2024-03-24,당진시,0,75.9,85.3,88.9,11.099999999999994,,1,24.099999999999994,11.733333333333329,낮음
2024-03-24,보령시,0,96.9,88.2,109.8,0.0,,1,3.0999999999999943,1.0333333333333314,낮음
2024-03-24,부여군,0,99.4,82.7,120.2,0.0,,1,0.5999999999999943,0.1999999999999981,낮음
2024-03-24,서산시,0,93.7,87.4,107.2,0.0,,1,6.299999999999997,2.099999999999999,낮음
2024-03-24,서천군,0,99.6,86.4,115.3,0.0,,1,0.4000000000000057,0.13333333333333522,낮음
2024-03-24,아산시,0,99.1,92.9,106.7,0.0,,1,0.9000000000000057,0.3000000000000019,낮음
2024-03-24,예산군,0,97.8,91.8,106.6,0.0,,1,2.200000000000003,0.7333333333333343,낮음
2024-03-24,천안시,0,98.3,87.4,112.5,0.0,,1,1.7000000000000028,0.5666666666666677,낮음
2024-03-24,청양군,0,99.5,83.9,118.6,0.0,,1,0.5,0.16666666666666666,낮음
2024-03-24,태안군,0,94.0,90.7,103.7,0.0,,1,6.0,2.0,낮음
2024-03-24,홍성군,0,99.1,87.6,113.2,0.0,,1,0.9000000000000057,0.3000000000000019,낮음
2024-03-25,계룡시,0,100.0,100.0,100.0,0.0,,1,0.0,0.0,낮음
2024-03-25,공주시,0,96.7,77.2,125.3,0.0,,1,3.299999999999997,1.099999999999999,낮음
2024-03-25,금산군,0,97.9,79.5,123.1,0.0,,1,2.0999999999999943,0.6999999999999981,낮음
2024-03-25,논산시,0,90.5,88.3,102.5,0.0,,1,9.5,3.1666666666666665,낮음
2024-03-25,당진시,0,76.4,85.4,89.4,10.599999999999994,,1,23.599999999999994,11.399999999999997,낮음
2024-03-25,보령시,0,97.3,88.2,110.2,0.0,,1,2.700000000000003,0.9000000000000009,낮음
2024-03-25,부여군,0,99.4,82.8,120.1,0.0,,1,0.5999999999999943,0.1999999999999981,낮음
2024-03-25,서산시,0,93.7,87.5,107.0,0.0,,1,6.299999999999997,2.099999999999999,낮음
2024-03-25,서천군,0,99.5,86.5,115.1,0.0,,1,0.5,0.16666666666666666,낮음
2024-03-25,아산시,0,98.8,93.0,106.3,0.0,,1,1.2000000000000028,0.40000000000000097,낮음
2024-03-25,예산군,0,99.4,91.9,108.2,0.0,,1,0.5999999999999943,0.1999999999999981,낮음
2024-03-25,천안시,0,98.1,87.4,112.3,0.0,,1,1.9000000000000057,0.6333333333333352,낮음
2024-03-25,청양군,0,99.5,84.2,118.2,0.0,,1,0.5,0.16666666666666666,낮음
2024-03-25,태안군,0,94.0,90.7,103.6,0.0,,1,6.0,2.0,낮음
2024-03-25,홍성군,0,99.1,87.6,113.1,0.0,,1,0.9000000000000057,0.3000000000000019,낮음
2024-03-26,계룡시,0,99.4,100.0,99.4,0.5999999999999943,,1,0.5999999999999943,0.3999999999999962,낮음
2024-03-26,공주시,0,96.9,77.3,125.4,0.0,,1,3.0999999999999943,1.0333333333333314,낮음
2024-03-26,금산군,0,97.9,79.4,123.2,0.0,,1,2.0999999999999943,0.6999999999999981,낮음
2024-03-26,논산시,0,91.3,88.3,103.4,0.0,,1,8.700000000000003,2.900000000000001,낮음
2024-03-26,당진시,0,83.1,85.6,97.1,2.9000000000000057,,1,16.900000000000006,6.600000000000004,낮음
2024-03-26,보령시,0,98.3,88.3,111.3,0.0,,1,1.7000000000000028,0.5666666666666677,낮음
2024-03-26,부여군,0,99.5,82.8,120.1,0.0,,1,0.5,0.16666666666666666,낮음
2024-03-26,서산시,0,94.1,87.6,107.4,0.0,,1,5.900000000000006,1.9666666666666686,낮음
2024-03-26,서천군,0,99.7,86.5,115.2,0.0,,1,0.29999999999999716,0.09999999999999905,낮음
2024-03-26,아산시,0,99.6,93.1,107.0,0.0,,1,0.4000000000000057,0.13333333333333522,낮음
2024-03-26,예산군,0,93.8,91.7,102.3,0.0,,1,6.200000000000003,2.0666666666666678,낮음
2024-03-26,천안시,0,98.6,87.4,112.8,0.0,,1,1.4000000000000057,0.46666666666666856,낮음
2024-03-26,청양군,0,99.6,83.9,118.7,0.0,,1,0.4000000000000057,0.13333333333333522,낮음
2024-03-26,태안군,0,94.2,90.7,103.9,0.0,,1,5.799999999999997,1.9333333333333325,낮음
2024-03-26,홍성군,0,99.2,87.7,113.1,0.0,,1,0.7999999999999972,0.2666666666666657,낮음
2024-03-27,계룡시,0,99.4,100.0,99.4,0.5999999999999943,,1,0.5999999999999943,0.3999999999999962,낮음
2024-03-27,공주시,0,97.0,77.4,125.3,0.0,,1,3.0,1.0,낮음
2024-03-27,금산군,0,97.9,79.6,123.0,0.0,,1,2.0999999999999943,0.6999999999999981,낮음
2024-03-27,논산시,0,92.3,88.5,104.3,0.0,,1,7.700000000000003,2.5666666666666678,낮음
2024-03-27,당진시,0,82.5,85.6,96.3,3.700000000000003,,1,17.5,7.066666666666667,낮음
2024-03-27,보령시,0,98.9,88.4,111.9,0.0,,1,1.0999999999999943,0.36666666666666475,낮음
2024-03-27,부여군,0,99.5,82.9,120.0,0.0,,1,0.5,0.16666666666666666,낮음
2024-03-27,서산시,0,94.2,87.7,107.4,0.0,,1,5.799999999999997,1.9333333333333325,낮음
2024-03-27,서천군,0,99.7,86.6,115.2,0.0,,1,0.29999999999999716,0.09999999999999905,낮음
2024-03-27,아산시,0,99.5,93.2,106.8,0.0,,1,0.5,0.16666666666666666,낮음
2024-03-27,예산군,0,91.2,91.7,99.5,0.5,,1,8.799999999999997,3.099999999999999,낮음
2024-03-27,천안시,0,98.5,87.4,112.7,0.0,,1,1.5,0.5,낮음
2024-03-27,청양군,0,99.6,83.9,118.7,0.0,,1,0.4000000000000057,0.13333333333333522,낮음
2024-03-27,태안군,0,94.3,90.8,103.8,0.0,,1,5.700000000000003,1.900000000000001,낮음
2024-03-27,홍성군,0,99.1,87.8,113.0,0.0,,1,0.9000000000000057,0.3000000000000019,낮음
2024-03-28,계룡시,0,99.4,100.0,99.4,0.5999999999999943,,1,0.5999999999999943,0.3999999999999962,낮음
2024-03-28,공주시,0,97.0,77.5,125.2,0.0,,1,3.0,1.0,낮음
2024-03-28,금산군,0,97.9,79.7,122.8,0.0,,1,2.0999999999999943,0.6999999999999981,낮음
2024-03-28,논산시,0,93.3,88.6,105.3,0.0,,1,6.700000000000003,2.2333333333333343,낮음
2024-03-28,당진시,0,82.4,85.7,96.2,3.799999999999997,,1,17.599999999999994,7.13333333333333,낮음
2024-03-28,보령시,0,99.0,88.5,111.9,0.0,,1,1.0,0.3333333333333333,낮음
2024-03-28,부여군,0,99.5,83.0,119.8,0.0,,1,0.5,0.16666666666666666,낮음
2024-03-28,서산시,0,94.3,87.8,107.4,0.0,,1,5.700000000000003,1.900000000000001,낮음
2024-03-28,서천군,0,99.7,86.7,115.1,0.0,,1,0.29999999999999716,0.09999999999999905,낮음
2024-03-28,아산시,0,99.5,93.2,106.7,0.0,,1,0.5,0.16666666666666666,낮음
2024-03-28,예산군,0,92.4,91.8,100.6,0.0,,1,7.599999999999994,2.5333333333333314,낮음
2024-03-28,천안시,0,98.4,87.4,112.6,0.0,,1,1.5999999999999943,0.5333333333333314,낮음
2024-03-28,청양군,0,99.6,83.9,118.6,0.0,,1,0.4000000000000057,0.13333333333333522,낮음
2024-03-28,태안군,0,94.3,90.8,103.8,0.0,,1,5.700000000000003,1.900000000000001,낮음
2024-03-28,홍성군,0,99.2,87.8,112.9,0.0,,1,0.7999999999999972,0.2666666666666657,낮음
2024-03-29,계룡시,0,99.4,100.0,99.4,0.5999999999999943,,1,0.5999999999999943,0.3999999999999962,낮음
2024-03-29,공주시,0,97.2,77.6,125.3,0.0,,1,2.799999999999997,0.9333333333333323,낮음
2024-03-29,금산군,0,97.9,79.8,122.8,0.0,,1,2.0999999999999943,0.6999999999999981,낮음
2024-03-29,논산시,0,97.1,88.8,109.3,0.0,,1,2.9000000000000057,0.9666666666666686,낮음
2024-03-29,당진시,0,82.3,85.8,96.0,4.0,,1,17.700000000000003,7.233333333333334,낮음
2024-03-29,보령시,0,98.7,88.6,111.5,0.0,,1,1.2999999999999972,0.4333333333333324,낮음
2024-03-29,부여군,0,99.5,83.1,119.7,0.0,,1,0.5,0.16666666666666666,낮음
2024-03-29,서산시,0,94.4,87.9,107.4,0.0,,1,5.599999999999994,1.8666666666666647,낮음
2024-03-29,서천군,0,99.7,86.7,114.9,0.0,,1,0.29999999999999716,0.09999999999999905,낮음
2024-03-29,아산시,0,99.5,93.3,106.6,0.0,,1,0.5,0.16666666666666666,낮음
2024-03-29,예산군,0,93.6,92.0,101.8,0.0,,1,6.400000000000006,2.133333333333335,낮음
2024-03-29,천안시,0,98.5,87.4,112.6,0.0,,1,1.5,0.5,낮음
2024-03-29,청양군,0,99.5,84.0,118.5,0.0,,1,0.5,0.16666666666666666,낮음
2024-03-29,태안군,0,94.2,90.8,103.7,0.0,,1,5.799999999999997,1.9333333333333325,낮음
2024-03-29,홍성군,0,99.1,87.9,112.8,0.0,,1,0.9000000000000057,0.3000000000000019,낮음
2024-03-30,계룡시,0,99.4,100.0,99.4,0.5999999999999943,,1,0.5999999999999943,0.3999999999999962,낮음
2024-03-30,공주시,0,97.2,77.6,125.2,0.0,,1,2.799999999999997,0.9333333333333323,낮음
2024-03-30,금산군,0,97.9,79.9,122.6,0.0,,1,2.0999999999999943,0.6999999999999981,낮음
2024-03-30,논산시,0,97.1,88.8,109.3,0.0,,1,2.9000000000000057,0.9666666666666686,낮음
2024-03-30,당진시,0,82.3,85.9,95.9,4.099999999999994,,1,17.700000000000003,7.266666666666666,낮음
2024-03-30,보령시,0,98.7,88.7,111.4,0.0,,1,1.2999999999999972,0.4333333333333324,낮음
2024-03-30,부여군,0,99.5,83.1,119.6,0.0,,1,0.5,0.16666666666666666,낮음
2024-03-30,서산시,0,94.4,88.0,107.2,0.0,,1,5.599999999999994,1.8666666666666647,낮음
2024-03-30,서천군,0,99.7,86.8,114.8,0.0,,1,0.29999999999999716,0.09999999999999905,낮음
2024-03-30,아산시,0,99.5,93.3,106.6,0.0,,1,0.5,0.16666666666666666,낮음
2024-03-30,예산군,0,93.6,92.1,101.6,0.0,,1,6.400000000000006,2.133333333333335,낮음
2024-03-30,천안시,0,98.5,87.5,112.6,0.0,,1,1.5,0.5,낮음
2024-03-30,청양군,0,99.5,84.3,118.1,0.0,,1,0.5,0.16666666666666666,낮음
2024-03-30,태안군,0,94.2,90.8,103.7,0.0,,1,5.799999999999997,1.9333333333333325,낮음
2024-03-30,홍성군,0,99.1,88.0,112.7,0.0,,1,0.9000000000000057,0.3000000000000019,낮음
2024-03-31,계룡시,0,99.4,100.0,99.4,0.5999999999999943,,1,0.5999999999999943,0.3999999999999962,낮음
2024-03-31,공주시,0,97.2,77.7,125.1,0.0,,1,2.799999999999997,0.9333333333333323,낮음
2024-03-31,금산군,0,97.9,80.0,122.5,0.0,,1,2.0999999999999943,0.6999999999999981,낮음
2024-03-31,논산시,0,97.1,88.8,109.3,0.0,,1,2.9000000000000057,0.9666666666666686,낮음
2024-03-31,당진시,0,82.3,86.0,95.7,4.299999999999997,,1,17.700000000000003,7.333333333333333,낮음
2024-03-31,보령시,0,98.7,88.8,111.2,0.0,,1,1.2999999999999972,0.4333333333333324,낮음
2024-03-31,부여군,0,99.5,83.2,119.6,0.0,,1,0.5,0.16666666666666666,낮음
2024-03-31,서산시,0,94.4,88.1,107.1,0.0,,1,5.599999999999994,1.8666666666666647,낮음
2024-03-31,서천군,0,99.7,86.9,114.8,0.0,,1,0.29999999999999716,0.09999999999999905,낮음
2024-03-31,아산시,0,99.5,93.4,106.5,0.0,,1,0.5,0.16666666666666666,낮음
2024-03-31,예산군,0,93.6,92.2,101.6,0.0,,1,6.400000000000006,2.133333333333335,낮음
2024-03-31,천안시,0,98.5,87.5,112.6,0.0,,1,1.5,0.5,낮음
2024-03-31,청양군,0,99.5,84.3,118.0,0.0,,1,0.5,0.16666666666666666,낮음
2024-03-31,태안군,0,94.2,90.8,103.7,0.0,,1,5.799999999999997,1.9333333333333325,낮음
2024-03-31,홍성군,0,99.1,88.1,112.6,0.0,,1,0.9000000000000057,0.3000000000000019,낮음
2024-04-01,계룡시,0,99.4,100.0,99.4,0.5999999999999943,,2,0.5999999999999943,0.3999999999999962,낮음
2024-04-01,공주시,0,97.5,77.7,125.4,0.0,,2,2.5,0.8333333333333334,낮음
2024-04-01,금산군,0,97.9,80.0,122.3,0.0,,2,2.0999999999999943,0.6999999999999981,낮음
2024-04-01,논산시,0,91.9,88.7,103.6,0.0,,2,8.099999999999994,2.699999999999998,낮음
2024-04-01,당진시,0,82.2,86.1,95.4,4.599999999999994,,2,17.799999999999997,7.466666666666664,낮음
2024-04-01,보령시,0,99.4,88.9,111.8,0.0,,2,0.5999999999999943,0.1999999999999981,낮음
2024-04-01,부여군,0,99.4,83.2,119.5,0.0,,2,0.5999999999999943,0.1999999999999981,낮음
2024-04-01,서산시,0,94.8,88.3,107.4,0.0,,2,5.200000000000003,1.7333333333333343,낮음
2024-04-01,서천군,0,99.3,86.9,114.3,0.0,,2,0.7000000000000028,0.23333333333333428,낮음
2024-04-01,아산시,0,99.4,93.4,106.4,0.0,,2,0.5999999999999943,0.1999999999999981,낮음
2024-04-01,예산군,0,95.2,92.3,103.2,0.0,,2,4.799999999999997,1.599999999999999,낮음
2024-04-01,천안시,0,98.3,87.5,112.4,0.0,,2,1.7000000000000028,0.5666666666666677,낮음
2024-04-01,청양군,0,99.5,84.0,118.5,0.0,,2,0.5,0.16666666666666666,낮음
2024-04-01,태안군,0,94.0,90.9,103.5,0.0,,2,6.0,2.0,낮음
2024-04-01,홍성군,0,99.2,88.1,112.5,0.0,,2,0.7999999999999972,0.2666666666666657,낮음
2024-04-02,계룡시,0,100.0,100.0,100.0,0.0,,1,0.0,0.0,낮음
2024-04-02,공주시,0,97.4,77.8,125.3,0.0,,1,2.5999999999999943,0.8666666666666648,낮음
2024-04-02,금산군,0,98.7,80.1,123.2,0.0,,1,1.2999999999999972,0.4333333333333324,낮음
2024-04-02,논산시,0,93.1,88.8,104.9,0.0,,1,6.900000000000006,2.300000000000002,낮음
2024-04-02,당진시,0,81.3,86.4,94.2,5.799999999999997,,1,18.700000000000003,8.166666666666666,낮음
2024-04-02,보령시,0,99.4,89.0,111.7,0.0,,1,0.5999999999999943,0.1999999999999981,낮음
2024-04-02,부여군,0,99.4,83.3,119.4,0.0,,1,0.5999999999999943,0.1999999999999981,낮음
2024-04-02,서산시,0,95.0,88.4,107.5,0.0,,1,5.0,1.6666666666666667,낮음
2024-04-02,서천군,0,99.5,87.0,114.4,0.0,,1,0.5,0.16666666666666666,낮음
2024-04-02,아산시,0,99.4,93.5,106.3,0.0,,1,0.5999999999999943,0.1999999999999981,낮음
2024-04-02,예산군,0,95.8,92.3,103.8,0.0,,1,4.200000000000003,1.400000000000001,낮음
2024-04-02,천안시,0,98.2,87.6,112.2,0.0,,1,1.7999999999999972,0.5999999999999991,낮음
2024-04-02,청양군,0,99.5,84.1,118.3,0.0,,1,0.5,0.16666666666666666,낮음
2024-04-02,태안군,0,93.8,90.9,103.2,0.0,,1,6.200000000000003,2.0666666666666678,낮음
2024-04-02,홍성군,0,99.1,88.2,112.4,0.0,,1,0.9000000000000057,0.3000000000000019,낮음
2024-04-03,계룡시,0,100.0,100.0,100.0,0.0,,1,0.0,0.0,낮음
2024-04-03,공주시,0,97.4,77.8,125.2,0.0,,1,2.5999999999999943,0.8666666666666648,낮음
2024-04-03,금산군,0,98.7,80.1,123.2,0.0,,1,1.2999999999999972,0.4333333333333324,낮음
2024-04-03,논산시,0,93.9,88.8,105.8,0.0,,1,6.099999999999994,2.0333333333333314,낮음
2024-04-03,당진시,0,81.7,86.6,94.4,5.599999999999994,,1,18.299999999999997,7.966666666666664,낮음
2024-04-03,보령시,0,98.9,89.0,111.1,0.0,,1,1.0999999999999943,0.36666666666666475,낮음
2024-04-03,부여군,0,99.5,83.3,119.4,0.0,,1,0.5,0.16666666666666666,낮음
2024-04-03,서산시,0,95.2,88.5,107.6,0.0,,1,4.799999999999997,1.599999999999999,낮음
2024-04-03,서천군,0,99.8,87.1,114.6,0.0,,1,0.20000000000000284,0.06666666666666761,낮음
2024-04-03,아산시,0,99.4,93.6,106.2,0.0,,1,0.5999999999999943,0.1999999999999981,낮음
2024-04-03,예산군,0,96.1,92.4,104.0,0.0,,1,3.9000000000000057,1.3000000000000018,낮음
2024-04-03,천안시,0,98.2,87.6,112.1,0.0,,1,1.7999999999999972,0.5999999999999991,낮음
2024-04-03,청양군,0,99.5,84.2,118.2,0.0,,1,0.5,0.16666666666666666,낮음
2024-04-03,태안군,0,93.9,90.9,103.3,0.0,,1,6.099999999999994,2.0333333333333314,낮음
2024-04-03,홍성군,0,99.1,88.3,112.3,0.0,,1,0.9000000000000057,0.3000000000000019,낮음
2024-04-04,계룡시,0,100.0,100.0,100.0,0.0,,1,0.0,0.0,낮음
2024-04-04,공주시,0,97.4,77.9,125.1,0.0,,1,2.5999999999999943,0.8666666666666648,낮음
2024-04-04,금산군,0,98.7,80.2,123.1,0.0,,1,1.2999999999999972,0.4333333333333324,낮음
2024-04-04,논산시,0,94.7,88.9,106.5,0.0,,1,5.299999999999997,1.7666666666666657,낮음
2024-04-04,당진시,0,78.9,86.6,91.0,9.0,,1,21.099999999999994,10.033333333333331,낮음
2024-04-04,보령시,0,98.4,89.1,110.5,0.0,,1,1.5999999999999943,0.5333333333333314,낮음
2024-04-04,부여군,0,99.5,83.4,119.3,0.0,,1,0.5,0.16666666666666666,낮음
2024-04-04,서산시,0,95.3,88.6,107.5,0.0,,1,4.700000000000003,1.5666666666666675,낮음
2024-04-04,서천군,0,99.8,87.1,114.5,0.0,,1,0.20000000000000284,0.06666666666666761,낮음
2024-04-04,아산시,0,99.6,93.7,106.4,0.0,,1,0.4000000000000057,0.13333333333333522,낮음
2024-04-04,예산군,0,96.7,92.5,104.6,0.0,,1,3.299999999999997,1.099999999999999,낮음
2024-04-04,천안시,0,98.2,87.7,112.0,0.0,,1,1.7999999999999972,0.5999999999999991,낮음
2024-04-04,청양군,0,99.5,84.3,118.1,0.0,,1,0.5,0.16666666666666666,낮음
2024-04-04,태안군,0,93.9,91.0,103.2,0.0,,1,6.099999999999994,2.0333333333333314,낮음
2024-04-04,홍성군,0,99.1,88.3,112.2,0.0,,1,0.9000000000000057,0.3000000000000019,낮음
2024-04-05,계룡시,0,100.0,100.0,100.0,0.0,,1,0.0,0.0,낮음
2024-04-05,공주시,0,97.4,77.9,125.0,0.0,,1,2.5999999999999943,0.8666666666666648,낮음
2024-04-05,금산군,0,98.7,80.3,122.9,0.0,,1,1.2999999999999972,0.4333333333333324,낮음
2024-04-05,논산시,0,95.3,89.0,107.1,0.0,,1,4.700000000000003,1.5666666666666675,낮음
2024-04-05,당진시,0,76.3,86.7,88.0,12.0,,1,23.700000000000003,11.9,낮음
2024-04-05,보령시,0,97.6,89.1,109.5,0.0,,1,2.4000000000000057,0.8000000000000019,낮음
2024-04-05,부여군,0,99.5,83.4,119.2,0.0,,1,0.5,0.16666666666666666,낮음
2024-04-05,서산시,0,95.4,88.8,107.4,0.0,,1,4.599999999999994,1.5333333333333314,낮음
2024-04-05,서천군,0,99.8,87.2,114.4,0.0,,1,0.20000000000000284,0.06666666666666761,낮음
2024-04-05,아산시,0,99.5,93.7,106.1,0.0,,1,0.5,0.16666666666666666,낮음
2024-04-05,예산군,0,97.4,92.6,105.2,0.0,,1,2.5999999999999943,0.8666666666666648,낮음
2024-04-05,천안시,0,98.2,87.7,111.9,0.0,,1,1.7999999999999972,0.5999999999999991,낮음
2024-04-05,청양군,0,99.5,84.4,117.9,0.0,,1,0.5,0.16666666666666666,낮음
2024-04-05,태안군,0,93.8,91.0,103.0,0.0,,1,6.200000000000003,2.0666666666666678,낮음
2024-04-05,홍성군,0,99.1,88.4,112.1,0.0,,1,0.9000000000000057,0.3000000000000019,낮음
2024-04-06,계룡시,0,100.0,100.0,100.0,0.0,,1,0.0,0.0,낮음
2024-04-06,공주시,0,97.4,78.0,124.9,0.0,,1,2.5999999999999943,0.8666666666666648,낮음
2024-04-06,금산군,0,98.7,80.4,122.8,0.0,,1,1.2999999999999972,0.4333333333333324,낮음
2024-04-06,논산시,0,95.3,89.1,106.9,0.0,,1,4.700000000000003,1.5666666666666675,낮음
2024-04-06,당진시,0,76.3,86.8,87.9,12.099999999999994,,1,23.700000000000003,11.933333333333332,낮음
2024-04-06,보령시,0,97.6,89.3,109.4,0.0,,1,2.4000000000000057,0.8000000000000019,낮음
2024-04-06,부여군,0,99.5,83.5,119.1,0.0,,1,0.5,0.16666666666666666,낮음
2024-04-06,서산시,0,95.4,89.0,107.2,0.0,,1,4.599999999999994,1.5333333333333314,낮음
2024-04-06,서천군,0,99.8,87.2,114.4,0.0,,1,0.20000000000000284,0.06666666666666761,낮음
2024-04-06,아산시,0,99.5,93.8,106.0,0.0,,1,0.5,0.16666666666666666,낮음
2024-04-06,예산군,0,97.4,92.7,105.1,0.0,,1,2.5999999999999943,0.8666666666666648,낮음
2024-04-06,천안시,0,98.2,87.7,111.9,0.0,,1,1.7999999999999972,0.5999999999999991,낮음
2024-04-06,청양군,0,99.5,84.8,117.4,0.0,,1,0.5,0.16666666666666666,낮음
2024-04-06,태안군,0,93.8,91.1,102.9,0.0,,1,6.200000000000003,2.0666666666666678,낮음
2024-04-06,홍성군,0,99.1,88.5,112.0,0.0,,1,0.9000000000000057,0.3000000000000019,낮음
2024-04-07,계룡시,0,100.0,100.0,100.0,0.0,,1,0.0,0.0,낮음
2024-04-07,공주시,0,97.4,78.0,124.8,0.0,,1,2.5999999999999943,0.8666666666666648,낮음
2024-04-07,금산군,0,98.7,80.5,122.6,0.0,,1,1.2999999999999972,0.4333333333333324,낮음
2024-04-07,논산시,0,95.3,89.1,106.9,0.0,,1,4.700000000000003,1.5666666666666675,낮음
2024-04-07,당진시,0,76.3,86.9,87.8,12.200000000000003,,1,23.700000000000003,11.966666666666669,낮음
2024-04-07,보령시,0,97.6,89.4,109.3,0.0,,1,2.4000000000000057,0.8000000000000019,낮음
2024-04-07,부여군,0,99.5,83.6,119.0,0.0,,1,0.5,0.16666666666666666,낮음
2024-04-07,서산시,0,95.4,89.1,107.0,0.0,,1,4.599999999999994,1.5333333333333314,낮음
2024-04-07,서천군,0,99.8,87.3,114.3,0.0,,1,0.20000000000000284,0.06666666666666761,낮음
2024-04-07,아산시,0,99.5,93.9,106.0,0.0,,1,0.5,0.16666666666666666,낮음
2024-04-07,예산군,0,97.4,92.8,105.0,0.0,,1,2.5999999999999943,0.8666666666666648,낮음
2024-04-07,천안시,0,98.2,87.8,111.9,0.0,,1,1.7999999999999972,0.5999999999999991,낮음
2024-04-07,청양군,0,99.5,84.9,117.2,0.0,,1,0.5,0.16666666666666666,낮음
2024-04-07,태안군,0,93.8,91.1,102.9,0.0,,1,6.200000000000003,2.0666666666666678,낮음
2024-04-07,홍성군,0,99.1,88.6,111.9,0.0,,1,0.9000000000000057,0.3000000000000019,낮음
2024-04-08,계룡시,0,100.0,100.0,100.0,0.0,,1,0.0,0.0,낮음
2024-04-08,공주시,0,97.3,78.1,124.7,0.0,,1,2.700000000000003,0.9000000000000009,낮음
2024-04-08,금산군,0,98.7,80.7,122.3,0.0,,1,1.2999999999999972,0.4333333333333324,낮음
2024-04-08,논산시,0,97.5,89.1,109.4,0.0,,1,2.5,0.8333333333333334,낮음
2024-04-08,당진시,0,76.3,87.0,87.8,12.200000000000003,,1,23.700000000000003,11.966666666666669,낮음
2024-04-08,보령시,0,98.3,89.4,110.0,0.0,,1,1.7000000000000028,0.5666666666666677,낮음
2024-04-08,부여군,0,99.4,83.6,118.9,0.0,,1,0.5999999999999943,0.1999999999999981,낮음
2024-04-08,서산시,0,95.6,89.2,107.1,0.0,,1,4.400000000000006,1.4666666666666686,낮음
2024-04-08,서천군,0,99.5,87.2,114.1,0.0,,1,0.5,0.16666666666666666,낮음
2024-04-08,아산시,0,99.5,94.0,105.8,0.0,,1,0.5,0.16666666666666666,낮음
2024-04-08,예산군,0,98.8,92.8,106.4,0.0,,1,1.2000000000000028,0.40000000000000097,낮음
2024-04-08,천안시,0,98.0,87.8,111.6,0.0,,1,2.0,0.6666666666666666,낮음
2024-04-08,청양군,0,99.5,84.7,117.5,0.0,,1,0.5,0.16666666666666666,낮음
2024-04-08,태안군,0,93.7,91.3,102.6,0.0,,1,6.299999999999997,2.099999999999999,낮음
2024-04-08,홍성군,0,99.1,88.6,111.9,0.0,,1,0.9000000000000057,0.3000000000000019,낮음
2024-04-09,계룡시,0,100.0,100.0,100.0,0.0,,1,0.0,0.0,낮음
2024-04-09,공주시,0,97.3,78.1,124.6,0.0,,1,2.700000000000003,0.9000000000000009,낮음
2024-04-09,금산군,0,98.8,80.6,122.6,0.0,,1,1.2000000000000028,0.40000000000000097,낮음
2024-04-09,논산시,0,97.2,89.0,109.2,0.0,,1,2.799999999999997,0.9333333333333323,낮음
2024-04-09,당진시,0,77.1,86.9,88.8,11.200000000000003,,1,22.900000000000006,11.366666666666669,낮음
2024-04-09,보령시,0,98.6,89.4,110.3,0.0,,1,1.4000000000000057,0.46666666666666856,낮음
2024-04-09,부여군,0,99.4,83.7,118.8,0.0,,1,0.5999999999999943,0.1999999999999981,낮음
2024-04-09,서산시,0,95.6,89.3,107.0,0.0,,1,4.400000000000006,1.4666666666666686,낮음
2024-04-09,서천군,0,99.5,87.2,114.2,0.0,,1,0.5,0.16666666666666666,낮음
2024-04-09,아산시,0,99.4,94.0,105.7,0.0,,1,0.5999999999999943,0.1999999999999981,낮음
2024-04-09,예산군,0,99.1,92.9,106.8,0.0,,1,0.9000000000000057,0.3000000000000019,낮음
2024-04-09,천안시,0,98.1,87.8,111.7,0.0,,1,1.9000000000000057,0.6333333333333352,낮음
2024-04-09,청양군,0,99.5,84.7,117.4,0.0,,1,0.5,0.16666666666666666,낮음
2024-04-09,태안군,0,93.9,91.5,102.7,0.0,,1,6.099999999999994,2.0333333333333314,낮음
2024-04-09,홍성군,0,99.1,88.6,111.9,0.0,,1,0.9000000000000057,0.3000000000000019,낮음
2024-04-10,계룡시,0,100.0,100.0,100.0,0.0,,1,0.0,0.0,낮음
2024-04-10,공주시,0,97.3,78.1,124.6,0.0,,1,2.700000000000003,0.9000000000000009,낮음
2024-04-10,금산군,0,98.8,80.7,122.4,0.0,,1,1.2000000000000028,0.40000000000000097,낮음
2024-04-10,논산시,0,97.2,89.0,109.2,0.0,,1,2.799999999999997,0.9333333333333323,낮음
2024-04-10,당진시,0,77.1,86.9,88.8,11.200000000000003,,1,22.900000000000006,11.366666666666669,낮음
2024-04-10,보령시,0,98.6,89.4,110.3,0.0,,1,1.4000000000000057,0.46666666666666856,낮음
2024-04-10,부여군,0,99.4,83.7,118.8,0.0,,1,0.5999999999999943,0.1999999999999981,낮음
2024-04-10,서산시,0,95.6,89.4,106.9,0.0,,1,4.400000000000006,1.4666666666666686,낮음
2024-04-10,서천군,0,99.5,87.1,114.2,0.0,,1,0.5,0.16666666666666666,낮음
2024-04-10,아산시,0,99.4,94.1,105.6,0.0,,1,0.5999999999999943,0.1999999999999981,낮음
2024-04-10,예산군,0,99.1,92.8,106.8,0.0,,1,0.9000000000000057,0.3000000000000019,낮음
2024-04-10,천안시,0,98.1,87.8,111.7,0.0,,1,1.9000000000000057,0.6333333333333352,낮음
2024-04-10,청양군,0,99.5,84.7,117.4,0.0,,1,0.5,0.16666666666666666,낮음
2024-04-10,태안군,0,93.9,91.6,102.5,0.0,,1,6.099999999999994,2.0333333333333314,낮음
2024-04-10,홍성군,0,99.1,88.6,111.9,0.0,,1,0.9000000000000057,0.3000000000000019,낮음
2024-04-11,계룡시,0,100.0,100.0,100.0,0.0,,1,0.0,0.0,낮음
2024-04-11,공주시,0,97.3,78.2,124.5,0.0,,1,2.700000000000003,0.9000000000000009,낮음
2024-04-11,금산군,0,98.8,80.8,122.3,0.0,,1,1.2000000000000028,0.40000000000000097,낮음
2024-04-11,논산시,0,97.1,88.9,109.2,0.0,,1,2.9000000000000057,0.9666666666666686,낮음
2024-04-11,당진시,0,77.1,86.9,88.8,11.200000000000003,,1,22.900000000000006,11.366666666666669,낮음
2024-04-11,보령시,0,98.9,89.4,110.7,0.0,,1,1.0999999999999943,0.36666666666666475,낮음
2024-04-11,부여군,0,99.4,83.7,118.8,0.0,,1,0.5999999999999943,0.1999999999999981,낮음
2024-04-11,서산시,0,95.7,89.5,107.0,0.0,,1,4.299999999999997,1.4333333333333325,낮음
2024-04-11,서천군,0,99.3,87.1,114.1,0.0,,1,0.7000000000000028,0.23333333333333428,낮음
2024-04-11,아산시,0,99.4,94.2,105.6,0.0,,1,0.5999999999999943,0.1999999999999981,낮음
2024-04-11,예산군,0,99.6,92.9,107.3,0.0,,1,0.4000000000000057,0.13333333333333522,낮음
2024-04-11,천안시,0,98.0,87.8,111.6,0.0,,1,2.0,0.6666666666666666,낮음
2024-04-11,청양군,0,99.5,84.8,117.3,0.0,,1,0.5,0.16666666666666666,낮음
2024-04-11,태안군,0,93.8,91.7,102.3,0.0,,1,6.200000000000003,2.0666666666666678,낮음
2024-04-11,홍성군,0,99.1,88.8,111.7,0.0,,1,0.9000000000000057,0.3000000000000019,낮음
2024-04-12,계룡시,0,100.0,100.0,100.0,0.0,,1,0.0,0.0,낮음
2024-04-12,공주시,0,97.3,78.2,124.5,0.0,,1,2.700000000000003,0.9000000000000009,낮음
2024-04-12,금산군,0,98.7,80.8,122.2,0.0,,1,1.2999999999999972,0.4333333333333324,낮음
2024-04-12,논산시,0,96.6,88.8,108.7,0.0,,1,3.4000000000000057,1.1333333333333353,낮음
2024-04-12,당진시,0,77.1,86.9,88.8,11.200000000000003,,1,22.900000000000006,11.366666666666669,낮음
2024-04-12,보령시,0,99.2,89.4,111.0,0.0,,1,0.7999999999999972,0.2666666666666657,낮음
2024-04-12,부여군,0,99.4,83.7,118.8,0.0,,1,0.5999999999999943,0.1999999999999981,낮음
2024-04-12,서산시,0,95.8,89.5,107.0,0.0,,1,4.200000000000003,1.400000000000001,낮음
2024-04-12,서천군,0,99.3,87.1,114.0,0.0,,1,0.7000000000000028,0.23333333333333428,낮음
2024-04-12,아산시,0,99.4,94.2,105.6,0.0,,1,0.5999999999999943,0.1999999999999981,낮음
2024-04-12,예산군,0,99.7,92.9,107.3,0.0,,1,0.29999999999999716,0.09999999999999905,낮음
2024-04-12,천안시,0,98.0,87.9,111.6,0.0,,1,2.0,0.6666666666666666,낮음
2024-04-12,청양군,0,99.5,84.9,117.2,0.0,,1,0.5,0.16666666666666666,낮음
2024-04-12,태안군,0,93.8,91.7,102.3,0.0,,1,6.200000000000003,2.0666666666666678,낮음
2024-04-12,홍성군,0,99.1,88.8,111.6,0.0,,1,0.9000000000000057,0.3000000000000019,낮음
2024-04-13,계룡시,0,100.0,100.0,100.0,0.0,,1,0.0,0.0,낮음
2024-04-13,공주시,0,97.3,78.2,124.5,0.0,,1,2.700000000000003,0.9000000000000009,낮음
2024-04-13,금산군,0,98.7,80.8,122.2,0.0,,1,1.2999999999999972,0.4333333333333324,낮음
2024-04-13,논산시,0,96.6,88.6,108.9,0.0,,1,3.4000000000000057,1.1333333333333353,낮음
2024-04-13,당진시,0,77.1,86.9,88.8,11.200000000000003,,1,22.900000000000006,11.366666666666669,낮음
2024-04-13,보령시,0,99.2,89.4,111.0,0.0,,1,0.7999999999999972,0.2666666666666657,낮음
2024-04-13,부여군,0,99.4,83.7,118.7,0.0,,1,0.5999999999999943,0.1999999999999981,낮음
2024-04-13,서산시,0,95.8,89.6,106.9,0.0,,1,4.200000000000003,1.400000000000001,낮음
2024-04-13,서천군,0,99.3,87.1,114.1,0.0,,1,0.7000000000000028,0.23333333333333428,낮음
2024-04-13,아산시,0,99.4,94.2,105.5,0.0,,1,0.5999999999999943,0.1999999999999981,낮음
2024-04-13,예산군,0,99.7,92.9,107.3,0.0,,1,0.29999999999999716,0.09999999999999905,낮음
2024-04-13,천안시,0,98.0,87.9,111.5,0.0,,1,2.0,0.6666666666666666,낮음
2024-04-13,청양군,0,99.5,84.9,117.2,0.0,,1,0.5,0.16666666666666666,낮음
2024-04-13,태안군,0,93.8,91.7,102.3,0.0,,1,6.200000000000003,2.0666666666666678,낮음
2024-04-13,홍성군,0,99.1,88.9,111.6,0.0,,1,0.9000000000000057,0.3000000000000019,낮음
2024-04-14,계룡시,0,100.0,100.0,100.0,0.0,,1,0.0,0.0,낮음
2024-04-14,공주시,0,97.3,78.2,124.5,0.0,,1,2.700000000000003,0.9000000000000009,낮음
2024-04-14,금산군,0,98.7,80.9,122.1,0.0,,1,1.2999999999999972,0.4333333333333324,낮음
2024-04-14,논산시,0,96.6,88.6,109.0,0.0,,1,3.4000000000000057,1.1333333333333353,낮음
2024-04-14,당진시,0,77.1,86.9,88.8,11.200000000000003,,1,22.900000000000006,11.366666666666669,낮음
2024-04-14,보령시,0,99.2,89.4,111.0,0.0,,1,0.7999999999999972,0.2666666666666657,낮음
2024-04-14,부여군,0,99.4,83.7,118.7,0.0,,1,0.5999999999999943,0.1999999999999981,낮음
2024-04-14,서산시,0,95.8,89.6,106.9,0.0,,1,4.200000000000003,1.400000000000001,낮음
2024-04-14,서천군,0,99.3,87.0,114.1,0.0,,1,0.7000000000000028,0.23333333333333428,낮음
2024-04-14,아산시,0,99.4,94.2,105.5,0.0,,1,0.5999999999999943,0.1999999999999981,낮음
2024-04-14,예산군,0,99.7,92.8,107.4,0.0,,1,0.29999999999999716,0.09999999999999905,낮음
2024-04-14,천안시,0,98.0,87.9,111.5,0.0,,1,2.0,0.6666666666666666,낮음
2024-04-14,청양군,0,99.5,84.9,117.1,0.0,,1,0.5,0.16666666666666666,낮음
2024-04-14,태안군,0,93.8,91.7,102.3,0.0,,1,6.200000000000003,2.0666666666666678,낮음
2024-04-14,홍성군,0,99.1,88.9,111.5,0.0,,1,0.9000000000000057,0.3000000000000019,낮음
2024-04-15,계룡시,0,100.0,100.0,100.0,0.0,,1,0.0,0.0,낮음
2024-04-15,공주시,0,97.2,78.2,124.4,0.0,,1,2.799999999999997,0.9333333333333323,낮음
2024-04-15,금산군,0,98.7,81.0,121.9,0.0,,1,1.2999999999999972,0.4333333333333324,낮음
2024-04-15,논산시,0,95.2,88.5,107.5,0.0,,1,4.799999999999997,1.599999999999999,낮음
2024-04-15,당진시,0,77.1,86.8,88.8,11.200000000000003,,1,22.900000000000006,11.366666666666669,낮음
2024-04-15,보령시,0,99.1,89.3,110.9,0.0,,1,0.9000000000000057,0.3000000000000019,낮음
2024-04-15,부여군,0,99.4,83.8,118.7,0.0,,1,0.5999999999999943,0.1999999999999981,낮음
2024-04-15,서산시,0,96.0,89.7,107.1,0.0,,1,4.0,1.3333333333333333,낮음
2024-04-15,서천군,0,99.3,87.0,114.1,0.0,,1,0.7000000000000028,0.23333333333333428,낮음
2024-04-15,아산시,0,99.2,94.2,105.4,0.0,,1,0.7999999999999972,0.2666666666666657,낮음
2024-04-15,예산군,0,99.6,92.7,107.4,0.0,,1,0.4000000000000057,0.13333333333333522,낮음
2024-04-15,천안시,0,98.0,87.9,111.4,0.0,,1,2.0,0.6666666666666666,낮음
2024-04-15,청양군,0,99.4,84.9,117.1,0.0,,1,0.5999999999999943,0.1999999999999981,낮음
2024-04-15,태안군,0,94.0,91.9,102.3,0.0,,1,6.0,2.0,낮음
2024-04-15,홍성군,0,99.1,88.9,111.5,0.0,,1,0.9000000000000057,0.3000000000000019,낮음
2024-04-16,계룡시,0,100.0,100.0,100.0,0.0,,1,0.0,0.0,낮음
2024-04-16,공주시,0,97.4,78.2,124.5,0.0,,1,2.5999999999999943,0.8666666666666648,낮음
2024-04-16,금산군,0,98.5,81.2,121.3,0.0,,1,1.5,0.5,낮음
2024-04-16,논산시,0,94.9,88.6,107.2,0.0,,1,5.099999999999994,1.6999999999999982,낮음
2024-04-16,당진시,0,78.8,87.1,90.5,9.5,,1,21.200000000000003,10.233333333333334,낮음
2024-04-16,보령시,0,99.1,89.3,110.9,0.0,,1,0.9000000000000057,0.3000000000000019,낮음
2024-04-16,부여군,0,99.5,83.8,118.7,0.0,,1,0.5,0.16666666666666666,낮음
2024-04-16,서산시,0,96.4,89.8,107.4,0.0,,1,3.5999999999999943,1.1999999999999982,낮음
2024-04-16,서천군,0,99.9,87.0,114.8,0.0,,1,0.09999999999999432,0.03333333333333144,낮음
2024-04-16,아산시,0,99.5,94.2,105.7,0.0,,1,0.5,0.16666666666666666,낮음
2024-04-16,예산군,0,97.9,92.6,105.6,0.0,,1,2.0999999999999943,0.6999999999999981,낮음
2024-04-16,천안시,0,98.6,88.0,112.1,0.0,,1,1.4000000000000057,0.46666666666666856,낮음
2024-04-16,청양군,0,99.5,85.0,117.0,0.0,,1,0.5,0.16666666666666666,낮음
2024-04-16,태안군,0,94.2,92.2,102.2,0.0,,1,5.799999999999997,1.9333333333333325,낮음
2024-04-16,홍성군,0,99.2,89.0,111.4,0.0,,1,0.7999999999999972,0.2666666666666657,낮음
2024-04-17,계룡시,0,100.0,100.0,100.0,0.0,,1,0.0,0.0,낮음
2024-04-17,공주시,0,97.4,78.3,124.4,0.0,,1,2.5999999999999943,0.8666666666666648,낮음
2024-04-17,금산군,0,98.5,81.3,121.2,0.0,,1,1.5,0.5,낮음
2024-04-17,논산시,0,94.4,88.6,106.6,0.0,,1,5.599999999999994,1.8666666666666647,낮음
2024-04-17,당진시,0,78.7,87.0,90.4,9.599999999999994,,1,21.299999999999997,10.299999999999997,낮음
2024-04-17,보령시,0,99.0,89.4,110.8,0.0,,1,1.0,0.3333333333333333,낮음
2024-04-17,부여군,0,99.4,83.9,118.6,0.0,,1,0.5999999999999943,0.1999999999999981,낮음
2024-04-17,서산시,0,96.5,89.8,107.4,0.0,,1,3.5,1.1666666666666667,낮음
2024-04-17,서천군,0,99.6,87.0,114.5,0.0,,1,0.4000000000000057,0.13333333333333522,낮음
2024-04-17,아산시,0,99.4,94.1,105.6,0.0,,1,0.5999999999999943,0.1999999999999981,낮음
2024-04-17,예산군,0,97.8,92.6,105.7,0.0,,1,2.200000000000003,0.7333333333333343,낮음
2024-04-17,천안시,0,98.5,88.0,111.9,0.0,,1,1.5,0.5,낮음
2024-04-17,청양군,0,99.4,85.1,116.8,0.0,,1,0.5999999999999943,0.1999999999999981,낮음
2024-04-17,태안군,0,94.1,92.4,101.9,0.0,,1,5.900000000000006,1.9666666666666686,낮음
2024-04-17,홍성군,0,99.2,89.1,111.3,0.0,,1,0.7999999999999972,0.2666666666666657,낮음
2024-04-18,계룡시,0,100.0,100.0,100.0,0.0,,1,0.0,0.0,낮음
2024-04-18,공주시,0,97.3,78.3,124.4,0.0,,1,2.700000000000003,0.9000000000000009,낮음
2024-04-18,금산군,0,98.5,81.4,121.1,0.0,,1,1.5,0.5,낮음
2024-04-18,논산시,0,93.7,88.5,105.8,0.0,,1,6.299999999999997,2.099999999999999,낮음
2024-04-18,당진시,0,78.7,87.1,90.4,9.599999999999994,,1,21.299999999999997,10.299999999999997,낮음
2024-04-18,보령시,0,98.9,89.4,110.6,0.0,,1,1.0999999999999943,0.36666666666666475,낮음
2024-04-18,부여군,0,99.4,83.9,118.5,0.0,,1,0.5999999999999943,0.1999999999999981,낮음
2024-04-18,서산시,0,96.6,89.9,107.5,0.0,,1,3.4000000000000057,1.1333333333333353,낮음
2024-04-18,서천군,0,99.6,86.9,114.6,0.0,,1,0.4000000000000057,0.13333333333333522,낮음
2024-04-18,아산시,0,99.3,94.1,105.5,0.0,,1,0.7000000000000028,0.23333333333333428,낮음
2024-04-18,예산군,0,98.2,92.5,106.2,0.0,,1,1.7999999999999972,0.5999999999999991,낮음
2024-04-18,천안시,0,98.4,88.0,111.8,0.0,,1,1.5999999999999943,0.5333333333333314,낮음
2024-04-18,청양군,0,99.4,85.3,116.6,0.0,,1,0.5999999999999943,0.1999999999999981,낮음
2024-04-18,태안군,0,94.1,92.6,101.6,0.0,,1,5.900000000000006,1.9666666666666686,낮음
2024-04-18,홍성군,0,99.1,89.1,111.2,0.0,,1,0.9000000000000057,0.3000000000000019,낮음
2024-04-19,계룡시,0,100.0,100.0,100.0,0.0,,1,0.0,0.0,낮음
2024-04-19,공주시,0,97.3,78.2,124.4,0.0,,1,2.700000000000003,0.9000000000000009,낮음
2024-04-19,금산군,0,98.5,81.5,120.9,0.0,,1,1.5,0.5,낮음
2024-04-19,논산시,0,93.1,88.5,105.3,0.0,,1,6.900000000000006,2.300000000000002,낮음
2024-04-19,당진시,0,78.7,87.2,90.3,9.700000000000003,,1,21.299999999999997,10.333333333333334,낮음
2024-04-19,보령시,0,99.0,89.4,110.8,0.0,,1,1.0,0.3333333333333333,낮음
2024-04-19,부여군,0,99.4,83.8,118.7,0.0,,1,0.5999999999999943,0.1999999999999981,낮음
2024-04-19,서산시,0,96.6,89.9,107.4,0.0,,1,3.4000000000000057,1.1333333333333353,낮음
2024-04-19,서천군,0,98.8,86.7,113.9,0.0,,1,1.2000000000000028,0.40000000000000097,낮음
2024-04-19,아산시,0,99.2,94.1,105.5,0.0,,1,0.7999999999999972,0.2666666666666657,낮음
2024-04-19,예산군,0,98.5,92.5,106.6,0.0,,1,1.5,0.5,낮음
2024-04-19,천안시,0,98.3,88.0,111.8,0.0,,1,1.7000000000000028,0.5666666666666677,낮음
2024-04-19,청양군,0,99.4,85.4,116.5,0.0,,1,0.5999999999999943,0.1999999999999981,낮음
2024-04-19,태안군,0,94.1,92.7,101.5,0.0,,1,5.900000000000006,1.9666666666666686,낮음
2024-04-19,홍성군,0,99.1,89.1,111.2,0.0,,1,0.9000000000000057,0.3000000000000019,낮음
2024-04-20,계룡시,0,100.0,100.0,100.0,0.0,,1,0.0,0.0,낮음
2024-04-20,공주시,0,97.3,78.1,124.6,0.0,,1,2.700000000000003,0.9000000000000009,낮음
2024-04-20,금산군,0,98.5,81.6,120.7,0.0,,1,1.5,0.5,낮음
2024-04-20,논산시,0,93.1,88.4,105.3,0.0,,1,6.900000000000006,2.300000000000002,낮음
2024-04-20,당진시,0,78.7,87.6,89.9,10.099999999999994,,1,21.299999999999997,10.466666666666663,낮음
2024-04-20,보령시,0,99.0,89.3,110.9,0.0,,1,1.0,0.3333333333333333,낮음
2024-04-20,부여군,0,99.4,83.6,118.9,0.0,,1,0.5999999999999943,0.1999999999999981,낮음
2024-04-20,서산시,0,96.6,90.0,107.3,0.0,,1,3.4000000000000057,1.1333333333333353,낮음
2024-04-20,서천군,0,98.8,86.6,114.0,0.0,,1,1.2000000000000028,0.40000000000000097,낮음
2024-04-20,아산시,0,99.2,94.0,105.5,0.0,,1,0.7999999999999972,0.2666666666666657,낮음
2024-04-20,예산군,0,98.5,92.4,106.6,0.0,,1,1.5,0.5,낮음
2024-04-20,천안시,0,98.3,88.0,111.7,0.0,,1,1.7000000000000028,0.5666666666666677,낮음
2024-04-20,청양군,0,99.4,85.4,116.4,0.0,,1,0.5999999999999943,0.1999999999999981,낮음
2024-04-20,태안군,0,94.1,92.7,101.5,0.0,,1,5.900000000000006,1.9666666666666686,낮음
2024-04-20,홍성군,0,99.1,89.2,111.2,0.0,,1,0.9000000000000057,0.3000000000000019,낮음
2024-04-21,계룡시,0,100.0,100.0,100.0,0.0,,1,0.0,0.0,낮음
2024-04-21,공주시,0,97.3,78.0,124.7,0.0,,1,2.700000000000003,0.9000000000000009,낮음
2024-04-21,금산군,0,98.5,81.7,120.7,0.0,,1,1.5,0.5,낮음
2024-04-21,논산시,0,93.1,88.3,105.5,0.0,,1,6.900000000000006,2.300000000000002,낮음
2024-04-21,당진시,0,78.7,86.7,90.8,9.200000000000003,,1,21.299999999999997,10.166666666666666,낮음
2024-04-21,보령시,0,99.0,89.2,111.0,0.0,,1,1.0,0.3333333333333333,낮음
2024-04-21,부여군,0,99.4,83.6,119.0,0.0,,1,0.5999999999999943,0.1999999999999981,낮음
2024-04-21,서산시,0,96.6,90.0,107.3,0.0,,1,3.4000000000000057,1.1333333333333353,낮음
2024-04-21,서천군,0,98.8,86.5,114.1,0.0,,1,1.2000000000000028,0.40000000000000097,낮음
2024-04-21,아산시,0,99.2,94.0,105.6,0.0,,1,0.7999999999999972,0.2666666666666657,낮음
2024-04-21,예산군,0,98.5,92.3,106.7,0.0,,1,1.5,0.5,낮음
2024-04-21,천안시,0,98.6,88.0,112.1,0.0,,1,1.4000000000000057,0.46666666666666856,낮음
2024-04-21,청양군,0,99.4,85.4,116.4,0.0,,1,0.5999999999999943,0.1999999999999981,낮음
2024-04-21,태안군,0,94.1,92.7,101.4,0.0,,1,5.900000000000006,1.9666666666666686,낮음
2024-04-21,홍성군,0,99.1,89.2,111.2,0.0,,1,0.9000000000000057,0.3000000000000019,낮음
2024-04-22,계룡시,0,100.0,100.0,100.0,0.0,,1,0.0,0.0,낮음
2024-04-22,공주시,0,97.2,78.0,124.7,0.0,,1,2.799999999999997,0.9333333333333323,낮음
2024-04-22,금산군,0,98.5,81.7,120.6,0.0,,1,1.5,0.5,낮음
2024-04-22,논산시,0,93.8,88.1,106.5,0.0,,1,6.200000000000003,2.0666666666666678,낮음
2024-04-22,당진시,0,78.8,86.5,91.1,8.900000000000006,,1,21.200000000000003,10.033333333333337,낮음
2024-04-22,보령시,0,99.1,89.1,111.2,0.0,,1,0.9000000000000057,0.3000000000000019,낮음
2024-04-22,부여군,0,99.4,83.5,119.1,0.0,,1,0.5999999999999943,0.1999999999999981,낮음
2024-04-22,서산시,0,97.0,90.0,107.7,0.0,,1,3.0,1.0,낮음
2024-04-22,서천군,0,99.3,86.5,114.8,0.0,,1,0.7000000000000028,0.23333333333333428,낮음
2024-04-22,아산시,0,99.3,94.0,105.7,0.0,,1,0.7000000000000028,0.23333333333333428,낮음
2024-04-22,예산군,0,99.7,92.1,108.2,0.0,,1,0.29999999999999716,0.09999999999999905,낮음
2024-04-22,천안시,0,98.5,88.0,111.9,0.0,,1,1.5,0.5,낮음
2024-04-22,청양군,0,99.4,85.7,116.0,0.0,,1,0.5999999999999943,0.1999999999999981,낮음
2024-04-22,태안군,0,93.9,92.8,101.2,0.0,,1,6.099999999999994,2.0333333333333314,낮음
2024-04-22,홍성군,0,99.2,89.2,111.2,0.0,,1,0.7999999999999972,0.2666666666666657,낮음
2024-04-23,계룡시,0,100.0,100.0,100.0,0.0,,1,0.0,0.0,낮음
2024-04-23,공주시,0,97.2,78.0,124.7,0.0,,1,2.799999999999997,0.9333333333333323,낮음
2024-04-23,금산군,0,98.7,81.7,120.8,0.0,,1,1.2999999999999972,0.4333333333333324,낮음
2024-04-23,논산시,0,94.1,87.8,107.2,0.0,,1,5.900000000000006,1.9666666666666686,낮음
2024-04-23,당진시,0,78.6,86.7,90.7,9.299999999999997,,1,21.400000000000006,10.233333333333334,낮음
2024-04-23,보령시,0,99.1,89.1,111.2,0.0,,1,0.9000000000000057,0.3000000000000019,낮음
2024-04-23,부여군,0,99.4,83.4,119.3,0.0,,1,0.5999999999999943,0.1999999999999981,낮음
2024-04-23,서산시,0,96.9,90.1,107.5,0.0,,1,3.0999999999999943,1.0333333333333314,낮음
2024-04-23,서천군,0,98.7,86.3,114.4,0.0,,1,1.2999999999999972,0.4333333333333324,낮음
2024-04-23,아산시,0,99.1,93.9,105.5,0.0,,1,0.9000000000000057,0.3000000000000019,낮음
2024-04-23,예산군,0,99.7,91.8,108.6,0.0,,1,0.29999999999999716,0.09999999999999905,낮음
2024-04-23,천안시,0,98.4,88.0,111.7,0.0,,1,1.5999999999999943,0.5333333333333314,낮음
2024-04-23,청양군,0,99.4,85.7,116.0,0.0,,1,0.5999999999999943,0.1999999999999981,낮음
2024-04-23,태안군,0,94.3,92.8,101.5,0.0,,1,5.700000000000003,1.900000000000001,낮음
2024-04-23,홍성군,0,99.1,89.8,110.3,0.0,,1,0.9000000000000057,0.3000000000000019,낮음
2024-04-24,계룡시,0,100.0,100.0,100.0,0.0,,1,0.0,0.0,낮음
2024-04-24,공주시,0,97.3,77.8,125.0,0.0,,1,2.700000000000003,0.9000000000000009,낮음
2024-04-24,금산군,0,98.7,81.8,120.7,0.0,,1,1.2999999999999972,0.4333333333333324,낮음
2024-04-24,논산시,0,94.6,87.5,108.1,0.0,,1,5.400000000000006,1.8000000000000018,낮음
2024-04-24,당진시,0,79.4,86.6,91.7,8.299999999999997,,1,20.599999999999994,9.633333333333331,낮음
2024-04-24,보령시,0,99.3,89.0,111.5,0.0,,1,0.7000000000000028,0.23333333333333428,낮음
2024-04-24,부여군,0,99.4,83.2,119.4,0.0,,1,0.5999999999999943,0.1999999999999981,낮음
2024-04-24,서산시,0,97.1,90.2,107.7,0.0,,1,2.9000000000000057,0.9666666666666686,낮음
2024-04-24,서천군,0,98.8,86.1,114.7,0.0,,1,1.2000000000000028,0.40000000000000097,낮음
2024-04-24,아산시,0,99.2,93.8,105.7,0.0,,1,0.7999999999999972,0.2666666666666657,낮음
2024-04-24,예산군,0,99.7,91.4,109.0,0.0,,1,0.29999999999999716,0.09999999999999905,낮음
2024-04-24,천안시,0,98.5,87.9,112.0,0.0,,1,1.5,0.5,낮음
2024-04-24,청양군,0,99.4,85.7,116.0,0.0,,1,0.5999999999999943,0.1999999999999981,낮음
2024-04-24,태안군,0,94.7,92.9,102.0,0.0,,1,5.299999999999997,1.7666666666666657,낮음
2024-04-24,홍성군,0,99.1,89.9,110.3,0.0,,1,0.9000000000000057,0.3000000000000019,낮음
2024-04-25,계룡시,0,100.0,100.0,100.0,0.0,,1,0.0,0.0,낮음
2024-04-25,공주시,0,97.3,77.7,125.2,0.0,,1,2.700000000000003,0.9000000000000009,낮음
2024-04-25,금산군,0,98.7,81.8,120.7,0.0,,1,1.2999999999999972,0.4333333333333324,낮음
2024-04-25,논산시,0,94.6,87.2,108.5,0.0,,1,5.400000000000006,1.8000000000000018,낮음
2024-04-25,당진시,0,78.7,86.3,91.2,8.799999999999997,,1,21.299999999999997,10.033333333333331,낮음
2024-04-25,보령시,0,99.3,88.9,111.7,0.0,,1,0.7000000000000028,0.23333333333333428,낮음
2024-04-25,부여군,0,99.4,83.1,119.6,0.0,,1,0.5999999999999943,0.1999999999999981,낮음
2024-04-25,서산시,0,96.9,90.2,107.3,0.0,,1,3.0999999999999943,1.0333333333333314,낮음
2024-04-25,서천군,0,99.1,86.0,115.2,0.0,,1,0.9000000000000057,0.3000000000000019,낮음
2024-04-25,아산시,0,99.2,93.8,105.8,0.0,,1,0.7999999999999972,0.2666666666666657,낮음
2024-04-25,예산군,0,99.6,91.1,109.3,0.0,,1,0.4000000000000057,0.13333333333333522,낮음
2024-04-25,천안시,0,98.5,87.8,112.1,0.0,,1,1.5,0.5,낮음
2024-04-25,청양군,0,99.4,85.7,116.0,0.0,,1,0.5999999999999943,0.1999999999999981,낮음
2024-04-25,태안군,0,94.7,92.9,101.9,0.0,,1,5.299999999999997,1.7666666666666657,낮음
2024-04-25,홍성군,0,99.1,89.9,110.3,0.0,,1,0.9000000000000057,0.3000000000000019,낮음
2024-04-26,계룡시,0,100.0,100.0,100.0,0.0,,1,0.0,0.0,낮음
2024-04-26,공주시,0,97.2,77.6,125.4,0.0,,1,2.799999999999997,0.9333333333333323,낮음
2024-04-26,금산군,0,98.7,81.8,120.7,0.0,,1,1.2999999999999972,0.4333333333333324,낮음
2024-04-26,논산시,0,94.3,87.0,108.4,0.0,,1,5.700000000000003,1.900000000000001,낮음
2024-04-26,당진시,0,78.9,86.0,91.7,8.299999999999997,,1,21.099999999999994,9.799999999999997,낮음
2024-04-26,보령시,0,99.1,88.7,111.7,0.0,,1,0.9000000000000057,0.3000000000000019,낮음
2024-04-26,부여군,0,99.4,83.0,119.8,0.0,,1,0.5999999999999943,0.1999999999999981,낮음
2024-04-26,서산시,0,96.8,90.3,107.2,0.0,,1,3.200000000000003,1.0666666666666675,낮음
2024-04-26,서천군,0,99.1,85.9,115.3,0.0,,1,0.9000000000000057,0.3000000000000019,낮음
2024-04-26,아산시,0,99.0,93.7,105.7,0.0,,1,1.0,0.3333333333333333,낮음
2024-04-26,예산군,0,99.6,90.8,109.7,0.0,,1,0.4000000000000057,0.13333333333333522,낮음
2024-04-26,천안시,0,98.4,87.8,112.1,0.0,,1,1.5999999999999943,0.5333333333333314,낮음
2024-04-26,청양군,0,99.4,85.6,116.1,0.0,,1,0.5999999999999943,0.1999999999999981,낮음
2024-04-26,태안군,0,94.4,92.9,101.6,0.0,,1,5.599999999999994,1.8666666666666647,낮음
2024-04-26,홍성군,0,99.1,89.9,110.2,0.0,,1,0.9000000000000057,0.3000000000000019,낮음
2024-04-27,계룡시,0,100.0,100.0,100.0,0.0,,1,0.0,0.0,낮음
2024-04-27,공주시,0,97.2,77.4,125.7,0.0,,1,2.799999999999997,0.9333333333333323,낮음
2024-04-27,금산군,0,98.7,81.8,120.7,0.0,,1,1.2999999999999972,0.4333333333333324,낮음
2024-04-27,논산시,0,94.3,86.6,108.8,0.0,,1,5.700000000000003,1.900000000000001,낮음
2024-04-27,당진시,0,78.9,85.6,92.2,7.799999999999997,,1,21.099999999999994,9.633333333333331,낮음
2024-04-27,보령시,0,99.1,88.6,111.9,0.0,,1,0.9000000000000057,0.3000000000000019,낮음
2024-04-27,부여군,0,99.4,82.8,120.1,0.0,,1,0.5999999999999943,0.1999999999999981,낮음
2024-04-27,서산시,0,96.8,90.3,107.1,0.0,,1,3.200000000000003,1.0666666666666675,낮음
2024-04-27,서천군,0,99.1,85.8,115.5,0.0,,1,0.9000000000000057,0.3000000000000019,낮음
2024-04-27,아산시,0,99.0,93.5,105.8,0.0,,1,1.0,0.3333333333333333,낮음
2024-04-27,예산군,0,99.6,90.5,110.1,0.0,,1,0.4000000000000057,0.13333333333333522,낮음
2024-04-27,천안시,0,98.4,87.7,112.2,0.0,,1,1.5999999999999943,0.5333333333333314,낮음
2024-04-27,청양군,0,99.4,85.6,116.2,0.0,,1,0.5999999999999943,0.1999999999999981,낮음
2024-04-27,태안군,0,94.4,92.9,101.6,0.0,,1,5.599999999999994,1.8666666666666647,낮음
2024-04-27,홍성군,0,99.1,89.9,110.3,0.0,,1,0.9000000000000057,0.3000000000000019,낮음
2024-04-28,계룡시,0,100.0,100.0,100.0,0.0,,1,0.0,0.0,낮음
2024-04-28,공주시,0,97.2,77.2,125.9,0.0,,1,2.799999999999997,0.9333333333333323,낮음
2024-04-28,금산군,0,98.7,81.7,120.8,0.0,,1,1.2999999999999972,0.4333333333333324,낮음
2024-04-28,논산시,0,94.3,86.3,109.3,0.0,,1,5.700000000000003,1.900000000000001,낮음
2024-04-28,당진시,0,78.9,85.2,92.6,7.400000000000006,,1,21.099999999999994,9.5,낮음
2024-04-28,보령시,0,99.1,88.4,112.2,0.0,,1,0.9000000000000057,0.3000000000000019,낮음
2024-04-28,부여군,0,99.4,82.6,120.4,0.0,,1,0.5999999999999943,0.1999999999999981,낮음
2024-04-28,서산시,0,96.8,90.3,107.1,0.0,,1,3.200000000000003,1.0666666666666675,낮음
2024-04-28,서천군,0,99.1,85.7,115.7,0.0,,1,0.9000000000000057,0.3000000000000019,낮음
2024-04-28,아산시,0,99.0,93.4,106.0,0.0,,1,1.0,0.3333333333333333,낮음
2024-04-28,예산군,0,99.6,90.0,110.7,0.0,,1,0.4000000000000057,0.13333333333333522,낮음
2024-04-28,천안시,0,98.4,87.5,112.4,0.0,,1,1.5999999999999943,0.5333333333333314,낮음
2024-04-28,청양군,0,99.4,85.5,116.3,0.0,,1,0.5999999999999943,0.1999999999999981,낮음
2024-04-28,태안군,0,94.4,92.9,101.6,0.0,,1,5.599999999999994,1.8666666666666647,낮음
2024-04-28,홍성군,0,99.1,89.8,110.4,0.0,,1,0.9000000000000057,0.3000000000000019,낮음
2024-04-29,계룡시,0,100.0,100.0,100.0,0.0,,1,0.0,0.0,낮음
2024-04-29,공주시,0,97.2,77.1,126.1,0.0,,1,2.799999999999997,0.9333333333333323,낮음
2024-04-29,금산군,0,98.7,81.8,120.7,0.0,,1,1.2999999999999972,0.4333333333333324,낮음
2024-04-29,논산시,0,93.9,86.0,109.1,0.0,,1,6.099999999999994,2.0333333333333314,낮음
2024-04-29,당진시,0,76.8,84.9,90.5,9.5,,1,23.200000000000003,10.9,낮음
2024-04-29,보령시,0,99.0,88.3,112.2,0.0,,1,1.0,0.3333333333333333,낮음
2024-04-29,부여군,0,99.3,82.3,120.6,0.0,,1,0.7000000000000028,0.23333333333333428,낮음
2024-04-29,서산시,0,97.2,90.4,107.5,0.0,,1,2.799999999999997,0.9333333333333323,낮음
2024-04-29,서천군,0,97.6,85.5,114.1,0.0,,1,2.4000000000000057,0.8000000000000019,낮음
2024-04-29,아산시,0,98.1,93.3,105.2,0.0,,1,1.9000000000000057,0.6333333333333352,낮음
2024-04-29,예산군,0,99.6,89.6,111.2,0.0,,1,0.4000000000000057,0.13333333333333522,낮음
2024-04-29,천안시,0,98.0,87.4,112.1,0.0,,1,2.0,0.6666666666666666,낮음
2024-04-29,청양군,0,99.4,85.4,116.4,0.0,,1,0.5999999999999943,0.1999999999999981,낮음
2024-04-29,태안군,0,93.8,92.8,101.1,0.0,,1,6.200000000000003,2.0666666666666678,낮음
2024-04-29,홍성군,0,99.1,89.7,110.5,0.0,,1,0.9000000000000057,0.3000000000000019,낮음
2024-04-30,계룡시,0,98.7,100.0,98.7,1.2999999999999972,,1,1.2999999999999972,0.8666666666666648,낮음
2024-04-30,공주시,0,97.2,76.9,126.3,0.0,,1,2.799999999999997,0.9333333333333323,낮음
2024-04-30,금산군,0,98.6,81.8,120.6,0.0,,1,1.4000000000000057,0.46666666666666856,낮음
2024-04-30,논산시,0,93.0,85.8,108.4,0.0,,1,7.0,2.3333333333333335,낮음
2024-04-30,당진시,0,77.0,84.5,91.1,8.900000000000006,,1,23.0,10.633333333333335,낮음
2024-04-30,보령시,0,99.0,88.2,112.3,0.0,,1,1.0,0.3333333333333333,낮음
2024-04-30,부여군,0,99.2,82.1,120.8,0.0,,1,0.7999999999999972,0.2666666666666657,낮음
2024-04-30,서산시,0,97.0,90.4,107.3,0.0,,1,3.0,1.0,낮음
2024-04-30,서천군,0,97.8,85.4,114.4,0.0,,1,2.200000000000003,0.7333333333333343,낮음
2024-04-30,아산시,0,97.9,93.1,105.2,0.0,,1,2.0999999999999943,0.6999999999999981,낮음
2024-04-30,예산군,0,99.6,89.3,111.6,0.0,,1,0.4000000000000057,0.13333333333333522,낮음
2024-04-30,천안시,0,97.7,87.2,112.0,0.0,,1,2.299999999999997,0.7666666666666657,낮음
2024-04-30,청양군,0,99.3,85.3,116.4,0.0,,1,0.7000000000000028,0.23333333333333428,낮음
2024-04-30,태안군,0,93.4,92.8,100.6,0.0,,1,6.599999999999994,2.199999999999998,낮음
2024-04-30,홍성군,0,99.1,89.5,110.7,0.0,,1,0.9000000000000057,0.3000000000000019,낮음
2024-05-01,계룡시,0,98.7,100.0,98.7,1.2999999999999972,,1,1.2999999999999972,0.8666666666666648,낮음
2024-05-01,공주시,0,97.2,76.8,126.6,0.0,,1,2.799999999999997,0.9333333333333323,낮음
2024-05-01,금산군,0,98.6,81.8,120.5,0.0,,1,1.4000000000000057,0.46666666666666856,낮음
2024-05-01,논산시,0,93.0,85.6,108.7,0.0,,1,7.0,2.3333333333333335,낮음
2024-05-01,당진시,0,77.0,84.3,91.4,8.599999999999994,,1,23.0,10.533333333333331,낮음
2024-05-01,보령시,0,99.0,88.0,112.5,0.0,,1,1.0,0.3333333333333333,낮음
2024-05-01,부여군,0,99.2,81.9,121.1,0.0,,1,0.7999999999999972,0.2666666666666657,낮음
2024-05-01,서산시,0,97.0,90.4,107.2,0.0,,1,3.0,1.0,낮음
2024-05-01,서천군,0,97.8,85.4,114.5,0.0,,1,2.200000000000003,0.7333333333333343,낮음
2024-05-01,아산시,0,97.9,92.8,105.5,0.0,,1,2.0999999999999943,0.6999999999999981,낮음
2024-05-01,예산군,0,99.6,89.0,112.0,0.0,,1,0.4000000000000057,0.13333333333333522,낮음
2024-05-01,천안시,0,97.7,87.0,112.2,0.0,,1,2.299999999999997,0.7666666666666657,낮음
2024-05-01,청양군,0,99.3,85.3,116.4,0.0,,1,0.7000000000000028,0.23333333333333428,낮음
2024-05-01,태안군,0,93.4,92.7,100.7,0.0,,1,6.599999999999994,2.199999999999998,낮음
2024-05-01,홍성군,0,99.1,89.5,110.8,0.0,,1,0.9000000000000057,0.3000000000000019,낮음
2024-05-02,계룡시,0,98.7,100.0,98.7,1.2999999999999972,,2,1.2999999999999972,0.8666666666666648,낮음
2024-05-02,공주시,0,97.0,76.6,126.7,0.0,,2,3.0,1.0,낮음
2024-05-02,금산군,0,98.5,81.9,120.4,0.0,,2,1.5,0.5,낮음
2024-05-02,논산시,0,91.0,85.2,106.8,0.0,,2,9.0,3.0,낮음
2024-05-02,당진시,0,75.5,84.0,89.9,10.099999999999994,,2,24.5,11.533333333333331,낮음
2024-05-02,보령시,0,98.1,87.8,111.7,0.0,,2,1.9000000000000057,0.6333333333333352,낮음
2024-05-02,부여군,0,98.8,81.7,121.0,0.0,,2,1.2000000000000028,0.40000000000000097,낮음
2024-05-02,서산시,0,96.6,90.4,106.8,0.0,,2,3.4000000000000057,1.1333333333333353,낮음
2024-05-02,서천군,0,97.0,85.2,113.9,0.0,,2,3.0,1.0,낮음
2024-05-02,아산시,0,96.8,92.5,104.7,0.0,,2,3.200000000000003,1.0666666666666675,낮음
2024-05-02,예산군,0,99.6,88.6,112.4,0.0,,2,0.4000000000000057,0.13333333333333522,낮음
2024-05-02,천안시,0,96.6,86.8,111.4,0.0,,2,3.4000000000000057,1.1333333333333353,낮음
2024-05-02,청양군,0,99.2,85.2,116.4,0.0,,2,0.7999999999999972,0.2666666666666657,낮음
2024-05-02,태안군,0,91.8,92.4,99.3,0.7000000000000028,,2,8.200000000000003,2.9666666666666686,낮음
2024-05-02,홍성군,0,99.1,89.5,110.7,0.0,,2,0.9000000000000057,0.3000000000000019,낮음
2024-05-03,계룡시,0,98.7,100.0,98.7,1.2999999999999972,,1,1.2999999999999972,0.8666666666666648,낮음
2024-05-03,공주시,0,96.7,76.4,126.5,0.0,,1,3.299999999999997,1.099999999999999,낮음
2024-05-03,금산군,0,98.4,81.9,120.2,0.0,,1,1.5999999999999943,0.5333333333333314,낮음
2024-05-03,논산시,0,89.6,84.7,105.7,0.0,,1,10.400000000000006,3.4666666666666686,낮음
2024-05-03,당진시,0,74.4,83.5,89.0,11.0,,1,25.599999999999994,12.199999999999998,낮음
2024-05-03,보령시,0,96.8,87.6,110.6,0.0,,1,3.200000000000003,1.0666666666666675,낮음
2024-05-03,부여군,0,98.5,81.3,121.2,0.0,,1,1.5,0.5,낮음
2024-05-03,서산시,0,97.2,90.5,107.4,0.0,,1,2.799999999999997,0.9333333333333323,낮음
2024-05-03,서천군,0,96.9,85.1,114.0,0.0,,1,3.0999999999999943,1.0333333333333314,낮음
2024-05-03,아산시,0,96.2,92.1,104.4,0.0,,1,3.799999999999997,1.2666666666666657,낮음
2024-05-03,예산군,0,98.3,88.0,111.7,0.0,,1,1.7000000000000028,0.5666666666666677,낮음
2024-05-03,천안시,0,96.1,86.5,111.0,0.0,,1,3.9000000000000057,1.3000000000000018,낮음
2024-05-03,청양군,0,99.1,85.0,116.6,0.0,,1,0.9000000000000057,0.3000000000000019,낮음
2024-05-03,태안군,0,90.9,92.3,98.5,1.5,,1,9.099999999999994,3.5333333333333314,낮음
2024-05-03,홍성군,0,98.9,89.4,110.6,0.0,,1,1.0999999999999943,0.36666666666666475,낮음
2024-05-04,계룡시,0,98.7,100.0,98.7,1.2999999999999972,,1,1.2999999999999972,0.8666666666666648,낮음
2024-05-04,공주시,0,96.7,76.2,126.9,0.0,,1,3.299999999999997,1.099999999999999,낮음
2024-05-04,금산군,0,98.4,81.8,120.3,0.0,,1,1.5999999999999943,0.5333333333333314,낮음
2024-05-04,논산시,0,89.6,84.2,106.4,0.0,,1,10.400000000000006,3.4666666666666686,낮음
2024-05-04,당진시,0,74.4,83.1,89.5,10.5,,1,25.599999999999994,12.033333333333331,낮음
2024-05-04,보령시,0,96.8,87.2,111.1,0.0,,1,3.200000000000003,1.0666666666666675,낮음
2024-05-04,부여군,0,98.5,81.1,121.6,0.0,,1,1.5,0.5,낮음
2024-05-04,서산시,0,97.2,90.5,107.4,0.0,,1,2.799999999999997,0.9333333333333323,낮음
2024-05-04,서천군,0,96.9,84.8,114.3,0.0,,1,3.0999999999999943,1.0333333333333314,낮음
2024-05-04,아산시,0,96.2,91.6,105.0,0.0,,1,3.799999999999997,1.2666666666666657,낮음
2024-05-04,예산군,0,98.3,87.4,112.6,0.0,,1,1.7000000000000028,0.5666666666666677,낮음
2024-05-04,천안시,0,96.1,86.3,111.3,0.0,,1,3.9000000000000057,1.3000000000000018,낮음
2024-05-04,청양군,0,99.1,84.9,116.8,0.0,,1,0.9000000000000057,0.3000000000000019,낮음
2024-05-04,태안군,0,90.9,92.1,98.7,1.2999999999999972,,1,9.099999999999994,3.4666666666666637,낮음
2024-05-04,홍성군,0,98.9,89.3,110.7,0.0,,1,1.0999999999999943,0.36666666666666475,낮음
2024-05-05,계룡시,0,98.7,100.0,98.7,1.2999999999999972,,1,1.2999999999999972,0.8666666666666648,낮음
2024-05-05,공주시,0,96.7,75.9,127.3,0.0,,1,3.299999999999997,1.099999999999999,낮음
2024-05-05,금산군,0,98.4,81.8,120.3,0.0,,1,1.5999999999999943,0.5333333333333314,낮음
2024-05-05,논산시,0,88.7,83.6,106.0,0.0,,1,11.299999999999997,3.7666666666666657,낮음
2024-05-05,당진시,0,87.5,83.3,105.1,0.0,,1,12.5,4.166666666666667,낮음
2024-05-05,보령시,0,96.8,86.8,111.5,0.0,,1,3.200000000000003,1.0666666666666675,낮음
2024-05-05,부여군,0,98.5,80.9,121.9,0.0,,1,1.5,0.5,낮음
2024-05-05,서산시,0,97.2,90.4,107.5,0.0,,1,2.799999999999997,0.9333333333333323,낮음
2024-05-05,서천군,0,96.9,84.6,114.6,0.0,,1,3.0999999999999943,1.0333333333333314,낮음
2024-05-05,아산시,0,96.2,91.1,105.5,0.0,,1,3.799999999999997,1.2666666666666657,낮음
2024-05-05,예산군,0,95.1,86.5,109.9,0.0,,1,4.900000000000006,1.6333333333333353,낮음
2024-05-05,천안시,0,96.1,86.0,111.7,0.0,,1,3.9000000000000057,1.3000000000000018,낮음
2024-05-05,청양군,0,99.1,84.8,116.9,0.0,,1,0.9000000000000057,0.3000000000000019,낮음
2024-05-05,태안군,0,90.9,91.9,98.9,1.0999999999999943,,1,9.099999999999994,3.3999999999999964,낮음
2024-05-05,홍성군,0,98.9,89.1,111.0,0.0,,1,1.0999999999999943,0.36666666666666475,낮음
2024-05-06,계룡시,0,98.7,100.0,98.7,1.2999999999999972,,1,1.2999999999999972,0.8666666666666648,낮음
2024-05-06,공주시,0,96.7,75.7,127.7,0.0,,1,3.299999999999997,1.099999999999999,낮음
2024-05-06,금산군,0,98.4,81.7,120.5,0.0,,1,1.5999999999999943,0.5333333333333314,낮음
2024-05-06,논산시,0,88.6,83.3,106.4,0.0,,1,11.400000000000006,3.800000000000002,낮음
2024-05-06,당진시,0,87.5,82.9,105.5,0.0,,1,12.5,4.166666666666667,낮음
2024-05-06,보령시,0,96.8,86.3,112.2,0.0,,1,3.200000000000003,1.0666666666666675,낮음
2024-05-06,부여군,0,99.3,80.6,123.2,0.0,,1,0.7000000000000028,0.23333333333333428,낮음
2024-05-06,서산시,0,97.2,90.3,107.6,0.0,,1,2.799999999999997,0.9333333333333323,낮음
2024-05-06,서천군,0,96.9,84.3,114.9,0.0,,1,3.0999999999999943,1.0333333333333314,낮음
2024-05-06,아산시,0,96.2,90.5,106.2,0.0,,1,3.799999999999997,1.2666666666666657,낮음
2024-05-06,예산군,0,95.1,85.7,111.0,0.0,,1,4.900000000000006,1.6333333333333353,낮음
2024-05-06,천안시,0,96.1,85.6,112.3,0.0,,1,3.9000000000000057,1.3000000000000018,낮음
2024-05-06,청양군,0,99.1,84.7,117.0,0.0,,1,0.9000000000000057,0.3000000000000019,낮음
2024-05-06,태안군,0,90.9,91.6,99.2,0.7999999999999972,,1,9.099999999999994,3.299999999999997,낮음
2024-05-06,홍성군,0,98.9,88.8,111.3,0.0,,1,1.0999999999999943,0.36666666666666475,낮음
2024-05-07,계룡시,0,99.2,100.0,99.2,0.7999999999999972,,1,0.7999999999999972,0.5333333333333314,낮음
2024-05-07,공주시,0,97.4,75.8,128.5,0.0,,1,2.5999999999999943,0.8666666666666648,낮음
2024-05-07,금산군,0,98.1,81.6,120.2,0.0,,1,1.9000000000000057,0.6333333333333352,낮음
2024-05-07,논산시,0,92.7,83.0,111.7,0.0,,1,7.299999999999997,2.4333333333333322,낮음
2024-05-07,당진시,0,89.7,82.7,108.4,0.0,,1,10.299999999999997,3.4333333333333322,낮음
2024-05-07,보령시,0,97.3,85.9,113.3,0.0,,1,2.700000000000003,0.9000000000000009,낮음
2024-05-07,부여군,0,99.5,80.5,123.5,0.0,,1,0.5,0.16666666666666666,낮음
2024-05-07,서산시,0,97.4,90.2,107.9,0.0,,1,2.5999999999999943,0.8666666666666648,낮음
2024-05-07,서천군,0,99.9,84.3,118.5,0.0,,1,0.09999999999999432,0.03333333333333144,낮음
2024-05-07,아산시,0,96.1,89.8,107.1,0.0,,1,3.9000000000000057,1.3000000000000018,낮음
2024-05-07,예산군,0,97.2,84.8,114.6,0.0,,1,2.799999999999997,0.9333333333333323,낮음
2024-05-07,천안시,0,95.7,85.1,112.5,0.0,,1,4.299999999999997,1.4333333333333325,낮음
2024-05-07,청양군,0,99.2,84.6,117.2,0.0,,1,0.7999999999999972,0.2666666666666657,낮음
2024-05-07,태안군,0,91.5,90.8,100.8,0.0,,1,8.5,2.8333333333333335,낮음
2024-05-07,홍성군,0,99.1,88.3,112.2,0.0,,1,0.9000000000000057,0.3000000000000019,낮음
2024-05-08,계룡시,0,99.2,100.0,99.2,0.7999999999999972,,1,0.7999999999999972,0.5333333333333314,낮음
2024-05-08,공주시,0,97.3,75.6,128.8,0.0,,1,2.700000000000003,0.9000000000000009,낮음
2024-05-08,금산군,0,98.1,81.8,120.0,0.0,,1,1.9000000000000057,0.6333333333333352,낮음
2024-05-08,논산시,0,93.0,82.3,112.9,0.0,,1,7.0,2.3333333333333335,낮음
2024-05-08,당진시,0,88.9,82.0,108.4,0.0,,1,11.099999999999994,3.699999999999998,낮음
2024-05-08,보령시,0,98.7,85.5,115.5,0.0,,1,1.2999999999999972,0.4333333333333324,낮음
2024-05-08,부여군,0,99.5,80.4,123.8,0.0,,1,0.5,0.16666666666666666,낮음
2024-05-08,서산시,0,97.2,90.1,107.8,0.0,,1,2.799999999999997,0.9333333333333323,낮음
2024-05-08,서천군,0,100.0,84.2,118.7,0.0,,1,0.0,0.0,낮음
2024-05-08,아산시,0,95.9,88.9,107.9,0.0,,1,4.099999999999994,1.3666666666666647,낮음
2024-05-08,예산군,0,97.1,83.6,116.2,0.0,,1,2.9000000000000057,0.9666666666666686,낮음
2024-05-08,천안시,0,95.7,84.3,113.5,0.0,,1,4.299999999999997,1.4333333333333325,낮음
2024-05-08,청양군,0,99.2,84.5,117.5,0.0,,1,0.7999999999999972,0.2666666666666657,낮음
2024-05-08,태안군,0,91.0,89.9,101.2,0.0,,1,9.0,3.0,낮음
2024-05-08,홍성군,0,99.1,87.5,113.3,0.0,,1,0.9000000000000057,0.3000000000000019,낮음
2024-05-09,계룡시,0,99.2,100.0,99.2,0.7999999999999972,,1,0.7999999999999972,0.5333333333333314,낮음
2024-05-09,공주시,0,97.3,75.2,129.3,0.0,,1,2.700000000000003,0.9000000000000009,낮음
2024-05-09,금산군,0,98.0,81.6,120.1,0.0,,1,2.0,0.6666666666666666,낮음
2024-05-09,논산시,0,93.6,81.7,114.6,0.0,,1,6.400000000000006,2.133333333333335,낮음
2024-05-09,당진시,0,87.1,81.3,107.1,0.0,,1,12.900000000000006,4.300000000000002,낮음
2024-05-09,보령시,0,99.2,85.0,116.7,0.0,,1,0.7999999999999972,0.2666666666666657,낮음
2024-05-09,부여군,0,99.5,80.1,124.3,0.0,,1,0.5,0.16666666666666666,낮음
2024-05-09,서산시,0,96.8,89.8,107.9,0.0,,1,3.200000000000003,1.0666666666666675,낮음
2024-05-09,서천군,0,99.9,83.7,119.4,0.0,,1,0.09999999999999432,0.03333333333333144,낮음
2024-05-09,아산시,0,95.0,87.9,108.1,0.0,,1,5.0,1.6666666666666667,낮음
2024-05-09,예산군,0,96.2,82.1,117.1,0.0,,1,3.799999999999997,1.2666666666666657,낮음
2024-05-09,천안시,0,94.9,83.5,113.7,0.0,,1,5.099999999999994,1.6999999999999982,낮음
2024-05-09,청양군,0,99.1,84.1,117.7,0.0,,1,0.9000000000000057,0.3000000000000019,낮음
2024-05-09,태안군,0,90.8,88.8,102.2,0.0,,1,9.200000000000003,3.0666666666666678,낮음
2024-05-09,홍성군,0,98.9,86.5,114.4,0.0,,1,1.0999999999999943,0.36666666666666475,낮음
2024-05-10,계룡시,0,99.2,100.0,99.2,0.7999999999999972,,1,0.7999999999999972,0.5333333333333314,낮음
2024-05-10,공주시,0,97.0,74.8,129.7,0.0,,1,3.0,1.0,낮음
2024-05-10,금산군,0,97.9,81.5,120.1,0.0,,1,2.0999999999999943,0.6999999999999981,낮음
2024-05-10,논산시,0,93.2,80.9,115.1,0.0,,1,6.799999999999997,2.2666666666666657,낮음
2024-05-10,당진시,0,86.5,80.6,107.3,0.0,,1,13.5,4.5,낮음
2024-05-10,보령시,0,99.0,84.5,117.3,0.0,,1,1.0,0.3333333333333333,낮음
2024-05-10,부여군,0,99.5,79.8,124.7,0.0,,1,0.5,0.16666666666666666,낮음
2024-05-10,서산시,0,95.9,89.2,107.5,0.0,,1,4.099999999999994,1.3666666666666647,낮음
2024-05-10,서천군,0,99.4,83.2,119.6,0.0,,1,0.5999999999999943,0.1999999999999981,낮음
2024-05-10,아산시,0,93.2,86.7,107.5,0.0,,1,6.799999999999997,2.2666666666666657,낮음
2024-05-10,예산군,0,94.4,80.5,117.3,0.0,,1,5.599999999999994,1.8666666666666647,낮음
2024-05-10,천안시,0,94.0,82.7,113.6,0.0,,1,6.0,2.0,낮음
2024-05-10,청양군,0,98.7,83.8,117.8,0.0,,1,1.2999999999999972,0.4333333333333324,낮음
2024-05-10,태안군,0,90.5,87.7,103.2,0.0,,1,9.5,3.1666666666666665,낮음
2024-05-10,홍성군,0,98.6,85.4,115.4,0.0,,1,1.4000000000000057,0.46666666666666856,낮음
2024-05-11,계룡시,0,99.2,100.0,99.2,0.7999999999999972,,1,0.7999999999999972,0.5333333333333314,낮음
2024-05-11,공주시,0,97.0,74.4,130.4,0.0,,1,3.0,1.0,낮음
2024-05-11,금산군,0,97.9,81.3,120.3,0.0,,1,2.0999999999999943,0.6999999999999981,낮음
2024-05-11,논산시,0,93.2,80.2,116.1,0.0,,1,6.799999999999997,2.2666666666666657,낮음
2024-05-11,당진시,0,86.9,80.1,108.5,0.0,,1,13.099999999999994,4.3666666666666645,낮음
2024-05-11,보령시,0,99.0,83.9,118.1,0.0,,1,1.0,0.3333333333333333,낮음
2024-05-11,부여군,0,99.5,79.6,125.0,0.0,,1,0.5,0.16666666666666666,낮음
2024-05-11,서산시,0,95.9,88.6,108.2,0.0,,1,4.099999999999994,1.3666666666666647,낮음
2024-05-11,서천군,0,99.4,82.7,120.3,0.0,,1,0.5999999999999943,0.1999999999999981,낮음
2024-05-11,아산시,0,93.2,85.6,108.9,0.0,,1,6.799999999999997,2.2666666666666657,낮음
2024-05-11,예산군,0,94.4,78.8,119.8,0.0,,1,5.599999999999994,1.8666666666666647,낮음
2024-05-11,천안시,0,94.0,81.9,114.7,0.0,,1,6.0,2.0,낮음
2024-05-11,청양군,0,98.7,83.4,118.2,0.0,,1,1.2999999999999972,0.4333333333333324,낮음
2024-05-11,태안군,0,90.5,86.5,104.6,0.0,,1,9.5,3.1666666666666665,낮음
2024-05-11,홍성군,0,98.6,84.3,116.9,0.0,,1,1.4000000000000057,0.46666666666666856,낮음
2024-05-12,계룡시,0,99.2,100.0,99.2,0.7999999999999972,,1,0.7999999999999972,0.5333333333333314,낮음
2024-05-12,공주시,0,97.0,74.0,131.1,0.0,,1,3.0,1.0,낮음
2024-05-12,금산군,0,97.9,81.2,120.6,0.0,,1,2.0999999999999943,0.6999999999999981,낮음
2024-05-12,논산시,0,93.2,79.4,117.3,0.0,,1,6.799999999999997,2.2666666666666657,낮음
2024-05-12,당진시,0,86.9,79.5,109.3,0.0,,1,13.099999999999994,4.3666666666666645,낮음
2024-05-12,보령시,0,99.0,83.2,119.1,0.0,,1,1.0,0.3333333333333333,낮음
2024-05-12,부여군,0,99.5,79.2,125.6,0.0,,1,0.5,0.16666666666666666,낮음
2024-05-12,서산시,0,95.9,87.9,109.1,0.0,,1,4.099999999999994,1.3666666666666647,낮음
2024-05-12,서천군,0,99.4,82.1,121.1,0.0,,1,0.5999999999999943,0.1999999999999981,낮음
2024-05-12,아산시,0,93.2,84.4,110.4,0.0,,1,6.799999999999997,2.2666666666666657,낮음
2024-05-12,예산군,0,92.4,77.1,119.8,0.0,,1,7.599999999999994,2.5333333333333314,낮음
2024-05-12,천안시,0,94.0,81.1,115.8,0.0,,1,6.0,2.0,낮음
2024-05-12,청양군,0,98.7,83.0,118.8,0.0,,1,1.2999999999999972,0.4333333333333324,낮음
2024-05-12,태안군,0,90.5,84.8,106.8,0.0,,1,9.5,3.1666666666666665,낮음
2024-05-12,홍성군,0,98.6,83.2,118.5,0.0,,1,1.4000000000000057,0.46666666666666856,낮음
2024-05-13,계룡시,0,98.2,100.0,98.2,1.7999999999999972,,1,1.7999999999999972,1.1999999999999982,낮음
2024-05-13,공주시,0,96.1,73.4,130.9,0.0,,1,3.9000000000000057,1.3000000000000018,낮음
2024-05-13,금산군,0,97.8,81.0,120.8,0.0,,1,2.200000000000003,0.7333333333333343,낮음
2024-05-13,논산시,0,93.6,78.4,119.4,0.0,,1,6.400000000000006,2.133333333333335,낮음
2024-05-13,당진시,0,89.6,78.6,114.0,0.0,,1,10.400000000000006,3.4666666666666686,낮음
2024-05-13,보령시,0,99.0,82.2,120.4,0.0,,1,1.0,0.3333333333333333,낮음
2024-05-13,부여군,0,99.1,78.6,126.0,0.0,,1,0.9000000000000057,0.3000000000000019,낮음
2024-05-13,서산시,0,96.1,87.0,110.5,0.0,,1,3.9000000000000057,1.3000000000000018,낮음
2024-05-13,서천군,0,99.1,81.3,121.8,0.0,,1,0.9000000000000057,0.3000000000000019,낮음
2024-05-13,아산시,0,90.9,82.9,109.7,0.0,,1,9.099999999999994,3.0333333333333314,낮음
2024-05-13,예산군,0,91.4,75.5,121.1,0.0,,1,8.599999999999994,2.866666666666665,낮음
2024-05-13,천안시,0,91.9,80.0,114.8,0.0,,1,8.099999999999994,2.699999999999998,낮음
2024-05-13,청양군,0,97.5,82.4,118.3,0.0,,1,2.5,0.8333333333333334,낮음
2024-05-13,태안군,0,91.0,83.3,109.2,0.0,,1,9.0,3.0,낮음
2024-05-13,홍성군,0,98.6,81.9,120.3,0.0,,1,1.4000000000000057,0.46666666666666856,낮음
2024-05-14,계룡시,0,98.2,100.0,98.2,1.7999999999999972,,1,1.7999999999999972,1.1999999999999982,낮음
2024-05-14,공주시,0,95.6,72.8,131.2,0.0,,1,4.400000000000006,1.4666666666666686,낮음
2024-05-14,금산군,0,97.6,80.7,120.9,0.0,,1,2.4000000000000057,0.8000000000000019,낮음
2024-05-14,논산시,0,92.5,77.3,119.6,0.0,,1,7.5,2.5,낮음
2024-05-14,당진시,0,89.5,78.0,114.8,0.0,,1,10.5,3.5,낮음
2024-05-14,보령시,0,98.9,81.2,121.8,0.0,,1,1.0999999999999943,0.36666666666666475,낮음
2024-05-14,부여군,0,98.6,78.1,126.3,0.0,,1,1.4000000000000057,0.46666666666666856,낮음
2024-05-14,서산시,0,95.5,85.9,111.2,0.0,,1,4.5,1.5,낮음
2024-05-14,서천군,0,97.4,80.4,121.0,0.0,,1,2.5999999999999943,0.8666666666666648,낮음
2024-05-14,아산시,0,89.3,81.4,109.7,0.0,,1,10.700000000000003,3.5666666666666678,낮음
2024-05-14,예산군,0,89.7,74.1,121.2,0.0,,1,10.299999999999997,3.4333333333333322,낮음
2024-05-14,천안시,0,90.4,78.9,114.7,0.0,,1,9.599999999999994,3.199999999999998,낮음
2024-05-14,청양군,0,96.7,81.8,118.2,0.0,,1,3.299999999999997,1.099999999999999,낮음
2024-05-14,태안군,0,90.4,82.0,110.2,0.0,,1,9.599999999999994,3.199999999999998,낮음
2024-05-14,홍성군,0,97.8,80.7,121.2,0.0,,1,2.200000000000003,0.7333333333333343,낮음
2024-05-15,계룡시,0,98.2,100.0,98.2,1.7999999999999972,,1,1.7999999999999972,1.1999999999999982,낮음
2024-05-15,공주시,0,95.6,72.2,132.4,0.0,,1,4.400000000000006,1.4666666666666686,낮음
2024-05-15,금산군,0,97.6,80.4,121.4,0.0,,1,2.4000000000000057,0.8000000000000019,낮음
2024-05-15,논산시,0,92.5,76.2,121.4,0.0,,1,7.5,2.5,낮음
2024-05-15,당진시,0,89.5,77.3,115.8,0.0,,1,10.5,3.5,낮음
2024-05-15,보령시,0,98.9,79.8,123.8,0.0,,1,1.0999999999999943,0.36666666666666475,낮음
2024-05-15,부여군,0,98.6,77.4,127.3,0.0,,1,1.4000000000000057,0.46666666666666856,낮음
2024-05-15,서산시,0,95.5,84.3,113.3,0.0,,1,4.5,1.5,낮음
2024-05-15,서천군,0,97.4,79.4,122.6,0.0,,1,2.5999999999999943,0.8666666666666648,낮음
2024-05-15,아산시,0,89.3,79.7,112.0,0.0,,1,10.700000000000003,3.5666666666666678,낮음
2024-05-15,예산군,0,89.7,72.4,123.9,0.0,,1,10.299999999999997,3.4333333333333322,낮음
2024-05-15,천안시,0,89.2,77.4,115.1,0.0,,1,10.799999999999997,3.599999999999999,낮음
2024-05-15,청양군,0,96.7,81.1,119.3,0.0,,1,3.299999999999997,1.099999999999999,낮음
2024-05-15,태안군,0,90.4,81.1,111.5,0.0,,1,9.599999999999994,3.199999999999998,낮음
2024-05-15,홍성군,0,97.8,79.2,123.4,0.0,,1,2.200000000000003,0.7333333333333343,낮음
2024-05-16,계룡시,0,98.2,100.0,98.2,1.7999999999999972,,1,1.7999999999999972,1.1999999999999982,낮음
2024-05-16,공주시,0,94.4,71.5,132.0,0.0,,1,5.599999999999994,1.8666666666666647,낮음
2024-05-16,금산군,0,96.9,80.0,121.2,0.0,,1,3.0999999999999943,1.0333333333333314,낮음
2024-05-16,논산시,0,90.2,75.1,120.1,0.0,,1,9.799999999999997,3.2666666666666657,낮음
2024-05-16,당진시,0,90.3,76.8,117.5,0.0,,1,9.700000000000003,3.2333333333333343,낮음
2024-05-16,보령시,0,97.7,78.7,124.2,0.0,,1,2.299999999999997,0.7666666666666657,낮음
2024-05-16,부여군,0,97.1,76.7,126.6,0.0,,1,2.9000000000000057,0.9666666666666686,낮음
2024-05-16,서산시,0,94.4,82.9,114.0,0.0,,1,5.599999999999994,1.8666666666666647,낮음
2024-05-16,서천군,0,95.8,78.2,122.5,0.0,,1,4.200000000000003,1.400000000000001,낮음
2024-05-16,아산시,0,87.6,78.4,111.8,0.0,,1,12.400000000000006,4.1333333333333355,낮음
2024-05-16,예산군,0,87.4,71.0,123.1,0.0,,1,12.599999999999994,4.199999999999998,낮음
2024-05-16,천안시,0,89.9,76.4,117.7,0.0,,1,10.099999999999994,3.366666666666665,낮음
2024-05-16,청양군,0,95.0,80.3,118.3,0.0,,1,5.0,1.6666666666666667,낮음
2024-05-16,태안군,0,90.0,80.3,112.0,0.0,,1,10.0,3.3333333333333335,낮음
2024-05-16,홍성군,0,95.7,77.9,122.9,0.0,,1,4.299999999999997,1.4333333333333325,낮음
2024-05-17,계룡시,0,98.2,100.0,98.2,1.7999999999999972,,1,1.7999999999999972,1.1999999999999982,낮음
2024-05-17,공주시,0,93.6,70.9,132.1,0.0,,1,6.400000000000006,2.133333333333335,낮음
2024-05-17,금산군,0,96.3,79.5,121.2,0.0,,1,3.700000000000003,1.2333333333333343,낮음
2024-05-17,논산시,0,88.5,73.9,119.8,0.0,,1,11.5,3.8333333333333335,낮음
2024-05-17,당진시,0,90.0,76.3,117.9,0.0,,1,10.0,3.3333333333333335,낮음
2024-05-17,보령시,0,96.8,77.4,125.1,0.0,,1,3.200000000000003,1.0666666666666675,낮음
2024-05-17,부여군,0,96.6,76.0,127.1,0.0,,1,3.4000000000000057,1.1333333333333353,낮음
2024-05-17,서산시,0,93.2,81.4,114.4,0.0,,1,6.799999999999997,2.2666666666666657,낮음
2024-05-17,서천군,0,94.6,76.9,123.0,0.0,,1,5.400000000000006,1.8000000000000018,낮음
2024-05-17,아산시,0,86.9,77.1,112.7,0.0,,1,13.099999999999994,4.3666666666666645,낮음
2024-05-17,예산군,0,86.1,69.7,123.5,0.0,,1,13.900000000000006,4.6333333333333355,낮음
2024-05-17,천안시,0,89.5,75.5,118.5,0.0,,1,10.5,3.5,낮음
2024-05-17,청양군,0,94.2,79.5,118.4,0.0,,1,5.799999999999997,1.9333333333333325,낮음
2024-05-17,태안군,0,90.4,79.5,113.7,0.0,,1,9.599999999999994,3.199999999999998,낮음
2024-05-17,홍성군,0,94.6,76.5,123.7,0.0,,1,5.400000000000006,1.8000000000000018,낮음
2024-05-18,계룡시,0,98.2,100.0,98.2,1.7999999999999972,,1,1.7999999999999972,1.1999999999999982,낮음
2024-05-18,공주시,0,93.6,70.3,133.2,0.0,,1,6.400000000000006,2.133333333333335,낮음
2024-05-18,금산군,0,96.3,78.9,122.0,0.0,,1,3.700000000000003,1.2333333333333343,낮음
2024-05-18,논산시,0,88.5,72.8,121.7,0.0,,1,11.5,3.8333333333333335,낮음
2024-05-18,당진시,0,90.0,75.9,118.6,0.0,,1,10.0,3.3333333333333335,낮음
2024-05-18,보령시,0,96.8,76.1,127.2,0.0,,1,3.200000000000003,1.0666666666666675,낮음
2024-05-18,부여군,0,96.6,75.3,128.2,0.0,,1,3.4000000000000057,1.1333333333333353,낮음
2024-05-18,서산시,0,93.2,80.0,116.4,0.0,,1,6.799999999999997,2.2666666666666657,낮음
2024-05-18,서천군,0,94.6,75.7,124.9,0.0,,1,5.400000000000006,1.8000000000000018,낮음
2024-05-18,아산시,0,86.9,76.0,114.4,0.0,,1,13.099999999999994,4.3666666666666645,낮음
2024-05-18,예산군,0,84.1,68.6,122.6,0.0,,1,15.900000000000006,5.300000000000002,낮음
2024-05-18,천안시,0,89.5,74.6,119.9,0.0,,1,10.5,3.5,낮음
2024-05-18,청양군,0,94.2,78.8,119.5,0.0,,1,5.799999999999997,1.9333333333333325,낮음
2024-05-18,태안군,0,90.4,78.8,114.7,0.0,,1,9.599999999999994,3.199999999999998,낮음
2024-05-18,홍성군,0,94.6,75.3,125.6,0.0,,1,5.400000000000006,1.8000000000000018,낮음
2024-05-19,계룡시,0,98.2,100.0,98.2,1.7999999999999972,,1,1.7999999999999972,1.1999999999999982,낮음
2024-05-19,공주시,0,93.6,69.7,134.4,0.0,,1,6.400000000000006,2.133333333333335,낮음
2024-05-19,금산군,0,96.3,78.4,123.0,0.0,,1,3.700000000000003,1.2333333333333343,낮음
2024-05-19,논산시,0,88.5,71.7,123.6,0.0,,1,11.5,3.8333333333333335,낮음
2024-05-19,당진시,0,90.0,75.7,119.0,0.0,,1,10.0,3.3333333333333335,낮음
2024-05-19,보령시,0,96.8,74.9,129.2,0.0,,1,3.200000000000003,1.0666666666666675,낮음
2024-05-19,부여군,0,96.6,74.6,129.4,0.0,,1,3.4000000000000057,1.1333333333333353,낮음
2024-05-19,서산시,0,93.2,78.6,118.6,0.0,,1,6.799999999999997,2.2666666666666657,낮음
2024-05-19,서천군,0,94.6,74.5,126.9,0.0,,1,5.400000000000006,1.8000000000000018,낮음
2024-05-19,아산시,0,86.9,74.9,116.0,0.0,,1,13.099999999999994,4.3666666666666645,낮음
2024-05-19,예산군,0,84.1,67.4,124.7,0.0,,1,15.900000000000006,5.300000000000002,낮음
2024-05-19,천안시,0,89.5,73.8,121.2,0.0,,1,10.5,3.5,낮음
2024-05-19,청양군,0,94.2,78.0,120.7,0.0,,1,5.799999999999997,1.9333333333333325,낮음
2024-05-19,태안군,0,90.4,78.1,115.7,0.0,,1,9.599999999999994,3.199999999999998,낮음
2024-05-19,홍성군,0,94.6,74.2,127.6,0.0,,1,5.400000000000006,1.8000000000000018,낮음
2024-05-20,계룡시,0,96.1,100.0,96.1,3.9000000000000057,,1,3.9000000000000057,2.6000000000000036,낮음
2024-05-20,공주시,0,91.5,68.9,132.8,0.0,,1,8.5,2.8333333333333335,낮음
2024-05-20,금산군,0,94.1,77.7,121.0,0.0,,1,5.900000000000006,1.9666666666666686,낮음
2024-05-20,논산시,0,85.3,70.5,121.1,0.0,,1,14.700000000000003,4.900000000000001,낮음
2024-05-20,당진시,0,76.3,75.0,101.6,0.0,,1,23.700000000000003,7.900000000000001,낮음
2024-05-20,보령시,0,93.3,73.7,126.6,0.0,,1,6.700000000000003,2.2333333333333343,낮음
2024-05-20,부여군,0,94.0,73.8,127.5,0.0,,1,6.0,2.0,낮음
2024-05-20,서산시,0,89.2,77.0,115.8,0.0,,1,10.799999999999997,3.599999999999999,낮음
2024-05-20,서천군,0,90.8,73.2,124.1,0.0,,1,9.200000000000003,3.0666666666666678,낮음
2024-05-20,아산시,0,83.8,73.9,113.4,0.0,,1,16.200000000000003,5.400000000000001,낮음
2024-05-20,예산군,0,82.0,66.2,123.8,0.0,,1,18.0,6.0,낮음
2024-05-20,천안시,0,86.8,72.8,119.2,0.0,,1,13.200000000000003,4.400000000000001,낮음
2024-05-20,청양군,0,91.2,77.0,118.4,0.0,,1,8.799999999999997,2.9333333333333322,낮음
2024-05-20,태안군,0,89.7,77.5,115.7,0.0,,1,10.299999999999997,3.4333333333333322,낮음
2024-05-20,홍성군,0,89.9,73.0,123.2,0.0,,1,10.099999999999994,3.366666666666665,낮음
2024-05-21,계룡시,0,96.1,100.0,96.1,3.9000000000000057,,1,3.9000000000000057,2.6000000000000036,낮음
2024-05-21,공주시,0,90.5,68.1,133.0,0.0,,1,9.5,3.1666666666666665,낮음
2024-05-21,금산군,0,93.1,77.0,120.9,0.0,,1,6.900000000000006,2.300000000000002,낮음
2024-05-21,논산시,0,83.4,69.3,120.3,0.0,,1,16.599999999999994,5.533333333333331,낮음
2024-05-21,당진시,0,74.6,74.7,99.8,0.20000000000000284,,1,25.400000000000006,8.533333333333337,낮음
2024-05-21,보령시,0,92.0,72.6,126.8,0.0,,1,8.0,2.6666666666666665,낮음
2024-05-21,부여군,0,92.8,73.0,127.2,0.0,,1,7.200000000000003,2.400000000000001,낮음
2024-05-21,서산시,0,87.8,75.7,116.0,0.0,,1,12.200000000000003,4.066666666666667,낮음
2024-05-21,서천군,0,89.2,72.0,123.9,0.0,,1,10.799999999999997,3.599999999999999,낮음
2024-05-21,아산시,0,82.5,72.9,113.0,0.0,,1,17.5,5.833333333333333,낮음
2024-05-21,예산군,0,80.5,65.2,123.5,0.0,,1,19.5,6.5,낮음
2024-05-21,천안시,0,85.4,72.0,118.7,0.0,,1,14.599999999999994,4.8666666666666645,낮음
2024-05-21,청양군,0,89.9,75.9,118.5,0.0,,1,10.099999999999994,3.366666666666665,낮음
2024-05-21,태안군,0,89.6,76.8,116.6,0.0,,1,10.400000000000006,3.4666666666666686,낮음
2024-05-21,홍성군,0,88.2,71.9,122.7,0.0,,1,11.799999999999997,3.9333333333333322,낮음
2024-05-22,계룡시,0,96.1,100.0,96.1,3.9000000000000057,,1,3.9000000000000057,2.6000000000000036,낮음
2024-05-22,공주시,0,89.4,67.2,133.1,0.0,,1,10.599999999999994,3.5333333333333314,낮음
2024-05-22,금산군,0,92.1,76.2,120.8,0.0,,1,7.900000000000006,2.633333333333335,낮음
2024-05-22,논산시,0,81.5,68.2,119.5,0.0,,1,18.5,6.166666666666667,낮음
2024-05-22,당진시,0,74.6,74.3,100.4,0.0,,1,25.400000000000006,8.466666666666669,낮음
2024-05-22,보령시,0,90.6,71.4,126.8,0.0,,1,9.400000000000006,3.133333333333335,낮음
2024-05-22,부여군,0,92.0,72.1,127.6,0.0,,1,8.0,2.6666666666666665,낮음
2024-05-22,서산시,0,86.5,74.3,116.4,0.0,,1,13.5,4.5,낮음
2024-05-22,서천군,0,87.9,70.7,124.2,0.0,,1,12.099999999999994,4.033333333333331,낮음
2024-05-22,아산시,0,81.2,71.9,112.9,0.0,,1,18.799999999999997,6.266666666666666,낮음
2024-05-22,예산군,0,79.1,64.0,123.5,0.0,,1,20.900000000000006,6.966666666666669,낮음
2024-05-22,천안시,0,84.7,71.1,119.1,0.0,,1,15.299999999999997,5.099999999999999,낮음
2024-05-22,청양군,0,88.4,74.8,118.1,0.0,,1,11.599999999999994,3.866666666666665,낮음
2024-05-22,태안군,0,89.0,76.0,117.2,0.0,,1,11.0,3.6666666666666665,낮음
2024-05-22,홍성군,0,86.4,70.6,122.4,0.0,,1,13.599999999999994,4.533333333333331,낮음
2024-05-23,계룡시,0,96.1,100.0,96.1,3.9000000000000057,,1,3.9000000000000057,2.6000000000000036,낮음
2024-05-23,공주시,0,88.3,66.4,133.0,0.0,,1,11.700000000000003,3.900000000000001,낮음
2024-05-23,금산군,0,91.1,75.4,120.8,0.0,,1,8.900000000000006,2.9666666666666686,낮음
2024-05-23,논산시,0,79.5,67.1,118.5,0.0,,1,20.5,6.833333333333333,낮음
2024-05-23,당진시,0,73.6,73.8,99.7,0.29999999999999716,,1,26.400000000000006,8.9,낮음
2024-05-23,보령시,0,89.0,70.4,126.5,0.0,,1,11.0,3.6666666666666665,낮음
2024-05-23,부여군,0,91.2,71.3,127.9,0.0,,1,8.799999999999997,2.9333333333333322,낮음
2024-05-23,서산시,0,85.0,73.1,116.3,0.0,,1,15.0,5.0,낮음
2024-05-23,서천군,0,86.5,69.7,124.2,0.0,,1,13.5,4.5,낮음
2024-05-23,아산시,0,80.3,71.0,113.1,0.0,,1,19.700000000000003,6.566666666666667,낮음
2024-05-23,예산군,0,77.4,63.1,122.7,0.0,,1,22.599999999999994,7.533333333333331,낮음
2024-05-23,천안시,0,83.1,70.3,118.2,0.0,,1,16.900000000000006,5.6333333333333355,낮음
2024-05-23,청양군,0,87.2,73.9,117.9,0.0,,1,12.799999999999997,4.266666666666666,낮음
2024-05-23,태안군,0,88.0,75.3,116.9,0.0,,1,12.0,4.0,낮음
2024-05-23,홍성군,0,84.8,69.5,122.0,0.0,,1,15.200000000000003,5.066666666666667,낮음
2024-05-24,계룡시,0,96.1,100.0,96.1,3.9000000000000057,,1,3.9000000000000057,2.6000000000000036,낮음
2024-05-24,공주시,0,87.1,65.5,132.9,0.0,,1,12.900000000000006,4.300000000000002,낮음
2024-05-24,금산군,0,90.0,74.6,120.6,0.0,,1,10.0,3.3333333333333335,낮음
2024-05-24,논산시,0,77.6,66.0,117.7,0.0,,1,22.400000000000006,7.466666666666669,낮음
2024-05-24,당진시,0,74.0,73.6,100.6,0.0,,1,26.0,8.666666666666666,낮음
2024-05-24,보령시,0,87.7,69.4,126.5,0.0,,1,12.299999999999997,4.099999999999999,낮음
2024-05-24,부여군,0,89.8,70.3,127.7,0.0,,1,10.200000000000003,3.400000000000001,낮음
2024-05-24,서산시,0,83.4,72.0,115.9,0.0,,1,16.599999999999994,5.533333333333331,낮음
2024-05-24,서천군,0,85.0,68.7,123.7,0.0,,1,15.0,5.0,낮음
2024-05-24,아산시,0,79.4,70.0,113.3,0.0,,1,20.599999999999994,6.8666666666666645,낮음
2024-05-24,예산군,0,75.5,62.1,121.7,0.0,,1,24.5,8.166666666666666,낮음
2024-05-24,천안시,0,81.9,69.4,118.0,0.0,,1,18.099999999999994,6.033333333333331,낮음
2024-05-24,청양군,0,85.8,73.0,117.5,0.0,,1,14.200000000000003,4.733333333333334,낮음
2024-05-24,태안군,0,87.1,74.7,116.5,0.0,,1,12.900000000000006,4.300000000000002,낮음
2024-05-24,홍성군,0,83.6,68.5,122.0,0.0,,1,16.400000000000006,5.466666666666669,낮음
2024-05-25,계룡시,0,96.1,100.0,96.1,3.9000000000000057,,1,3.9000000000000057,2.6000000000000036,낮음
2024-05-25,공주시,0,87.1,64.7,134.6,0.0,,1,12.900000000000006,4.300000000000002,낮음
2024-05-25,금산군,0,90.0,74.0,121.7,0.0,,1,10.0,3.3333333333333335,낮음
2024-05-25,논산시,0,77.6,64.9,119.6,0.0,,1,22.400000000000006,7.466666666666669,낮음
2024-05-25,당진시,0,88.4,73.8,119.8,0.0,,1,11.599999999999994,3.866666666666665,낮음
2024-05-25,보령시,0,87.7,68.4,128.2,0.0,,1,12.299999999999997,4.099999999999999,낮음
2024-05-25,부여군,0,89.8,69.6,129.0,0.0,,1,10.200000000000003,3.400000000000001,낮음
2024-05-25,서산시,0,83.4,71.0,117.4,0.0,,1,16.599999999999994,5.533333333333331,낮음
2024-05-25,서천군,0,85.0,67.9,125.2,0.0,,1,15.0,5.0,낮음
2024-05-25,아산시,0,79.4,69.3,114.6,0.0,,1,20.599999999999994,6.8666666666666645,낮음
2024-05-25,예산군,0,75.5,61.2,123.4,0.0,,1,24.5,8.166666666666666,낮음
2024-05-25,천안시,0,81.9,68.6,119.4,0.0,,1,18.099999999999994,6.033333333333331,낮음
2024-05-25,청양군,0,85.8,72.4,118.5,0.0,,1,14.200000000000003,4.733333333333334,낮음
2024-05-25,태안군,0,87.1,74.3,117.2,0.0,,1,12.900000000000006,4.300000000000002,낮음
2024-05-25,홍성군,0,83.6,67.7,123.6,0.0,,1,16.400000000000006,5.466666666666669,낮음
2024-05-26,계룡시,0,96.1,100.0,96.1,3.9000000000000057,,1,3.9000000000000057,2.6000000000000036,낮음
2024-05-26,공주시,0,87.1,63.3,137.5,0.0,,1,12.900000000000006,4.300000000000002,낮음
2024-05-26,금산군,0,90.0,73.0,123.3,0.0,,1,10.0,3.3333333333333335,낮음
2024-05-26,논산시,0,77.6,63.7,121.9,0.0,,1,22.400000000000006,7.466666666666669,낮음
2024-05-26,당진시,0,88.4,73.5,120.4,0.0,,1,11.599999999999994,3.866666666666665,낮음
2024-05-26,보령시,0,87.7,67.7,129.6,0.0,,1,12.299999999999997,4.099999999999999,낮음
2024-05-26,부여군,0,89.8,68.5,131.1,0.0,,1,10.200000000000003,3.400000000000001,낮음
2024-05-26,서산시,0,83.4,69.7,119.6,0.0,,1,16.599999999999994,5.533333333333331,낮음
2024-05-26,서천군,0,85.0,66.9,127.0,0.0,,1,15.0,5.0,낮음
2024-05-26,아산시,0,79.4,68.3,116.2,0.0,,1,20.599999999999994,6.8666666666666645,낮음
2024-05-26,예산군,0,75.5,60.1,125.7,0.0,,1,24.5,8.166666666666666,낮음
2024-05-26,천안시,0,81.9,67.2,121.8,0.0,,1,18.099999999999994,6.033333333333331,낮음
2024-05-26,청양군,0,85.8,71.3,120.3,0.0,,1,14.200000000000003,4.733333333333334,낮음
2024-05-26,태안군,0,87.1,73.3,118.7,0.0,,1,12.900000000000006,4.300000000000002,낮음
2024-05-26,홍성군,0,83.6,66.5,125.8,0.0,,1,16.400000000000006,5.466666666666669,낮음
2024-05-27,계룡시,0,95.0,100.0,95.0,5.0,,1,5.0,3.3333333333333335,낮음
2024-05-27,공주시,0,86.1,63.6,135.4,0.0,,1,13.900000000000006,4.6333333333333355,낮음
2024-05-27,금산군,0,89.9,72.8,123.5,0.0,,1,10.099999999999994,3.366666666666665,낮음
2024-05-27,논산시,0,74.6,62.6,119.1,0.0,,1,25.400000000000006,8.466666666666669,낮음
2024-05-27,당진시,0,77.4,72.7,106.4,0.0,,1,22.599999999999994,7.533333333333331,낮음
2024-05-27,보령시,0,86.0,66.5,129.2,0.0,,1,14.0,4.666666666666667,낮음
2024-05-27,부여군,0,90.2,68.6,131.5,0.0,,1,9.799999999999997,3.2666666666666657,낮음
2024-05-27,서산시,0,81.6,69.4,117.6,0.0,,1,18.400000000000006,6.1333333333333355,낮음
2024-05-27,서천군,0,83.2,66.6,124.9,0.0,,1,16.799999999999997,5.599999999999999,낮음
2024-05-27,아산시,0,80.5,68.2,117.9,0.0,,1,19.5,6.5,낮음
2024-05-27,예산군,0,78.7,60.2,130.7,0.0,,1,21.299999999999997,7.099999999999999,낮음
2024-05-27,천안시,0,81.6,67.5,120.9,0.0,,1,18.400000000000006,6.1333333333333355,낮음
2024-05-27,청양군,0,83.0,71.2,116.6,0.0,,1,17.0,5.666666666666667,낮음
2024-05-27,태안군,0,90.6,73.6,123.2,0.0,,1,9.400000000000006,3.133333333333335,낮음
2024-05-27,홍성군,0,85.9,66.5,129.1,0.0,,1,14.099999999999994,4.699999999999998,낮음
2024-05-28,계룡시,0,95.0,100.0,95.0,5.0,,1,5.0,3.3333333333333335,낮음
2024-05-28,공주시,0,85.5,62.4,137.0,0.0,,1,14.5,4.833333333333333,낮음
2024-05-28,금산군,0,89.1,71.9,124.0,0.0,,1,10.900000000000006,3.633333333333335,낮음
2024-05-28,논산시,0,73.6,61.5,119.7,0.0,,1,26.400000000000006,8.800000000000002,낮음
2024-05-28,당진시,0,75.1,72.6,103.5,0.0,,1,24.900000000000006,8.300000000000002,낮음
2024-05-28,보령시,0,85.1,65.8,129.4,0.0,,1,14.900000000000006,4.966666666666669,낮음
2024-05-28,부여군,0,90.0,67.7,132.9,0.0,,1,10.0,3.3333333333333335,낮음
2024-05-28,서산시,0,81.2,68.2,119.0,0.0,,1,18.799999999999997,6.266666666666666,낮음
2024-05-28,서천군,0,82.7,65.8,125.7,0.0,,1,17.299999999999997,5.766666666666666,낮음
2024-05-28,아산시,0,81.0,67.6,119.9,0.0,,1,19.0,6.333333333333333,낮음
2024-05-28,예산군,0,79.2,59.2,133.9,0.0,,1,20.799999999999997,6.933333333333333,낮음
2024-05-28,천안시,0,80.9,66.2,122.3,0.0,,1,19.099999999999994,6.3666666666666645,낮음
2024-05-28,청양군,0,82.3,70.2,117.3,0.0,,1,17.700000000000003,5.900000000000001,낮음
2024-05-28,태안군,0,90.8,72.8,124.9,0.0,,1,9.200000000000003,3.0666666666666678,낮음
2024-05-28,홍성군,0,86.1,65.6,131.3,0.0,,1,13.900000000000006,4.6333333333333355,낮음
2024-05-29,계룡시,0,95.0,100.0,95.0,5.0,,1,5.0,3.3333333333333335,낮음
2024-05-29,공주시,0,84.5,61.2,137.9,0.0,,1,15.5,5.166666666666667,낮음
2024-05-29,금산군,0,88.0,71.2,123.6,0.0,,1,12.0,4.0,낮음
2024-05-29,논산시,0,71.7,61.1,117.3,0.0,,1,28.299999999999997,9.433333333333332,낮음
2024-05-29,당진시,0,75.1,72.5,103.5,0.0,,1,24.900000000000006,8.300000000000002,낮음
2024-05-29,보령시,0,83.9,64.8,129.5,0.0,,1,16.099999999999994,5.3666666666666645,낮음
2024-05-29,부여군,0,88.9,66.8,133.1,0.0,,1,11.099999999999994,3.699999999999998,낮음
2024-05-29,서산시,0,80.4,67.1,119.8,0.0,,1,19.599999999999994,6.533333333333331,낮음
2024-05-29,서천군,0,81.7,65.1,125.5,0.0,,1,18.299999999999997,6.099999999999999,낮음
2024-05-29,아산시,0,80.8,66.7,121.1,0.0,,1,19.200000000000003,6.400000000000001,낮음
2024-05-29,예산군,0,77.9,58.4,133.4,0.0,,1,22.099999999999994,7.3666666666666645,낮음
2024-05-29,천안시,0,79.9,65.0,123.0,0.0,,1,20.099999999999994,6.699999999999998,낮음
2024-05-29,청양군,0,81.3,69.0,117.8,0.0,,1,18.700000000000003,6.233333333333334,낮음
2024-05-29,태안군,0,90.2,72.0,125.3,0.0,,1,9.799999999999997,3.2666666666666657,낮음
2024-05-29,홍성군,0,84.9,64.7,131.2,0.0,,1,15.099999999999994,5.033333333333331,낮음
2024-05-30,계룡시,0,95.0,100.0,95.0,5.0,,1,5.0,3.3333333333333335,낮음
2024-05-30,공주시,0,83.2,61.7,134.8,0.0,,1,16.799999999999997,5.599999999999999,낮음
2024-05-30,금산군,0,87.2,71.5,121.8,0.0,,1,12.799999999999997,4.266666666666666,낮음
2024-05-30,논산시,0,70.2,60.5,116.1,0.0,,1,29.799999999999997,9.933333333333332,낮음
2024-05-30,당진시,0,74.8,72.2,103.5,0.0,,1,25.200000000000003,8.4,낮음
2024-05-30,보령시,0,82.5,64.5,128.0,0.0,,1,17.5,5.833333333333333,낮음
2024-05-30,부여군,0,88.0,67.3,130.8,0.0,,1,12.0,4.0,낮음
2024-05-30,서산시,0,78.9,67.0,117.9,0.0,,1,21.099999999999994,7.033333333333331,낮음
2024-05-30,서천군,0,80.4,65.3,123.2,0.0,,1,19.599999999999994,6.533333333333331,낮음
2024-05-30,아산시,0,79.2,66.5,119.2,0.0,,1,20.799999999999997,6.933333333333333,낮음
2024-05-30,예산군,0,75.7,58.4,129.7,0.0,,1,24.299999999999997,8.1,낮음
2024-05-30,천안시,0,78.6,65.2,120.6,0.0,,1,21.400000000000006,7.1333333333333355,낮음
2024-05-30,청양군,0,80.1,69.9,114.7,0.0,,1,19.900000000000006,6.6333333333333355,낮음
2024-05-30,태안군,0,89.4,72.2,123.9,0.0,,1,10.599999999999994,3.5333333333333314,낮음
2024-05-30,홍성군,0,83.3,64.6,129.0,0.0,,1,16.700000000000003,5.566666666666667,낮음
2024-05-31,계룡시,0,95.0,100.0,95.0,5.0,,1,5.0,3.3333333333333335,낮음
2024-05-31,공주시,0,82.2,60.4,136.1,0.0,,1,17.799999999999997,5.933333333333333,낮음
2024-05-31,금산군,0,86.3,70.7,122.1,0.0,,1,13.700000000000003,4.566666666666667,낮음
2024-05-31,논산시,0,68.3,59.3,115.2,0.0,,1,31.700000000000003,10.566666666666668,낮음
2024-05-31,당진시,0,74.5,71.9,103.5,0.0,,1,25.5,8.5,낮음
2024-05-31,보령시,0,81.0,63.4,127.8,0.0,,1,19.0,6.333333333333333,낮음
2024-05-31,부여군,0,87.0,66.0,131.9,0.0,,1,13.0,4.333333333333333,낮음
2024-05-31,서산시,0,77.7,65.6,118.5,0.0,,1,22.299999999999997,7.433333333333333,낮음
2024-05-31,서천군,0,79.1,64.2,123.3,0.0,,1,20.900000000000006,6.966666666666669,낮음
2024-05-31,아산시,0,77.8,65.3,119.1,0.0,,1,22.200000000000003,7.400000000000001,낮음
2024-05-31,예산군,0,74.0,57.3,129.0,0.0,,1,26.0,8.666666666666666,낮음
2024-05-31,천안시,0,77.6,63.9,121.3,0.0,,1,22.400000000000006,7.466666666666669,낮음
2024-05-31,청양군,0,79.0,68.5,115.3,0.0,,1,21.0,7.0,낮음
2024-05-31,태안군,0,88.9,71.4,124.5,0.0,,1,11.099999999999994,3.699999999999998,낮음
2024-05-31,홍성군,0,82.0,63.4,129.3,0.0,,1,18.0,6.0,낮음
2024-06-01,계룡시,0,95.0,100.0,95.0,5.0,,1,5.0,3.3333333333333335,낮음
2024-06-01,공주시,0,82.2,59.6,137.8,0.0,,1,17.799999999999997,5.933333333333333,낮음
2024-06-01,금산군,0,86.3,70.1,123.1,0.0,,1,13.700000000000003,4.566666666666667,낮음
2024-06-01,논산시,0,68.3,58.5,116.8,0.0,,1,31.700000000000003,10.566666666666668,낮음
2024-06-01,당진시,0,74.5,71.7,103.9,0.0,,1,25.5,8.5,낮음
2024-06-01,보령시,0,81.0,62.4,129.8,0.0,,1,19.0,6.333333333333333,낮음
2024-06-01,부여군,0,87.0,65.4,133.1,0.0,,1,13.0,4.333333333333333,낮음
2024-06-01,서산시,0,77.7,64.8,119.9,0.0,,1,22.299999999999997,7.433333333333333,낮음
2024-06-01,서천군,0,79.1,63.6,124.5,0.0,,1,20.900000000000006,6.966666666666669,낮음
2024-06-01,아산시,0,77.8,64.5,120.5,0.0,,1,22.200000000000003,7.400000000000001,낮음
2024-06-01,예산군,0,74.0,56.5,130.9,0.0,,1,26.0,8.666666666666666,낮음
2024-06-01,천안시,0,77.6,63.1,122.8,0.0,,1,22.400000000000006,7.466666666666669,낮음
2024-06-01,청양군,0,77.5,67.8,114.3,0.0,,1,22.5,7.5,낮음
2024-06-01,태안군,0,88.9,71.0,125.2,0.0,,1,11.099999999999994,3.699999999999998,낮음
2024-06-01,홍성군,0,82.0,62.6,130.9,0.0,,1,18.0,6.0,낮음
2024-06-02,계룡시,0,95.0,100.0,95.0,5.0,,1,5.0,3.3333333333333335,낮음
2024-06-02,공주시,0,82.2,58.8,139.7,0.0,,1,17.799999999999997,5.933333333333333,낮음
2024-06-02,금산군,0,86.3,69.5,124.2,0.0,,1,13.700000000000003,4.566666666666667,낮음
2024-06-02,논산시,0,68.3,57.7,118.4,0.0,,1,31.700000000000003,10.566666666666668,낮음
2024-06-02,당진시,0,74.5,71.4,104.3,0.0,,1,25.5,8.5,낮음
2024-06-02,보령시,0,81.0,61.4,131.9,0.0,,1,19.0,6.333333333333333,낮음
2024-06-02,부여군,0,87.0,64.7,134.6,0.0,,1,13.0,4.333333333333333,낮음
2024-06-02,서산시,0,77.7,63.9,121.6,0.0,,1,22.299999999999997,7.433333333333333,낮음
2024-06-02,서천군,0,79.1,62.9,125.8,0.0,,1,20.900000000000006,6.966666666666669,낮음
2024-06-02,아산시,0,77.8,63.7,122.0,0.0,,1,22.200000000000003,7.400000000000001,낮음
2024-06-02,예산군,0,74.0,55.6,132.9,0.0,,1,26.0,8.666666666666666,낮음
2024-06-02,천안시,0,77.6,62.4,124.2,0.0,,1,22.400000000000006,7.466666666666669,낮음
2024-06-02,청양군,0,76.6,67.1,114.2,0.0,,1,23.400000000000006,7.800000000000002,낮음
2024-06-02,태안군,0,88.9,70.3,126.4,0.0,,1,11.099999999999994,3.699999999999998,낮음
2024-06-02,홍성군,0,82.0,61.7,132.8,0.0,,1,18.0,6.0,낮음
2024-06-03,계룡시,0,96.0,100.0,96.0,4.0,,2,4.0,2.6666666666666665,낮음
2024-06-03,공주시,0,79.1,58.0,136.4,0.0,,2,20.900000000000006,6.966666666666669,낮음
2024-06-03,금산군,0,84.0,68.7,122.3,0.0,,2,16.0,5.333333333333333,낮음
2024-06-03,논산시,0,65.2,56.8,114.8,0.0,,2,34.8,11.6,낮음
2024-06-03,당진시,0,74.3,71.1,104.5,0.0,,2,25.700000000000003,8.566666666666668,낮음
2024-06-03,보령시,0,76.9,60.2,127.6,0.0,,2,23.099999999999994,7.699999999999998,낮음
2024-06-03,부여군,0,83.4,63.7,130.9,0.0,,2,16.599999999999994,5.533333333333331,낮음
2024-06-03,서산시,0,73.7,62.9,117.1,0.0,,2,26.299999999999997,8.766666666666666,낮음
2024-06-03,서천군,0,74.8,61.9,120.7,0.0,,2,25.200000000000003,8.4,낮음
2024-06-03,아산시,0,74.8,62.8,119.1,0.0,,2,25.200000000000003,8.4,낮음
2024-06-03,예산군,0,69.2,54.7,126.6,0.0,,2,30.799999999999997,10.266666666666666,낮음
2024-06-03,천안시,0,74.4,61.7,120.6,0.0,,2,25.599999999999994,8.533333333333331,낮음
2024-06-03,청양군,0,75.4,66.4,113.6,0.0,,2,24.599999999999994,8.199999999999998,낮음
2024-06-03,태안군,0,86.6,69.7,124.3,0.0,,2,13.400000000000006,4.466666666666669,낮음
2024-06-03,홍성군,0,78.2,60.7,128.9,0.0,,2,21.799999999999997,7.266666666666666,낮음
2024-06-04,계룡시,0,96.0,100.0,96.0,4.0,,1,4.0,2.6666666666666665,낮음
2024-06-04,공주시,0,77.8,57.3,135.8,0.0,,1,22.200000000000003,7.400000000000001,낮음
2024-06-04,금산군,0,83.1,68.1,122.1,0.0,,1,16.900000000000006,5.6333333333333355,낮음
2024-06-04,논산시,0,63.4,56.0,113.2,0.0,,1,36.6,12.200000000000001,낮음
2024-06-04,당진시,0,74.2,70.8,104.7,0.0,,1,25.799999999999997,8.6,낮음
2024-06-04,보령시,0,75.4,59.2,127.4,0.0,,1,24.599999999999994,8.199999999999998,낮음
2024-06-04,부여군,0,82.2,63.0,130.5,0.0,,1,17.799999999999997,5.933333333333333,낮음
2024-06-04,서산시,0,72.0,62.1,116.0,0.0,,1,28.0,9.333333333333334,낮음
2024-06-04,서천군,0,73.5,61.1,120.3,0.0,,1,26.5,8.833333333333334,낮음
2024-06-04,아산시,0,73.6,62.0,118.6,0.0,,1,26.400000000000006,8.800000000000002,낮음
2024-06-04,예산군,0,67.2,53.7,125.0,0.0,,1,32.8,10.933333333333332,낮음
2024-06-04,천안시,0,73.1,61.0,119.8,0.0,,1,26.900000000000006,8.966666666666669,낮음
2024-06-04,청양군,0,74.4,65.7,113.1,0.0,,1,25.599999999999994,8.533333333333331,낮음
2024-06-04,태안군,0,86.0,69.0,124.7,0.0,,1,14.0,4.666666666666667,낮음
2024-06-04,홍성군,0,76.6,59.7,128.3,0.0,,1,23.400000000000006,7.800000000000002,낮음
2024-06-05,계룡시,0,96.0,100.0,96.0,4.0,,1,4.0,2.6666666666666665,낮음
2024-06-05,공주시,0,76.5,56.6,135.3,0.0,,1,23.5,7.833333333333333,낮음
2024-06-05,금산군,0,82.2,67.4,122.0,0.0,,1,17.799999999999997,5.933333333333333,낮음
2024-06-05,논산시,0,61.8,55.1,112.2,0.0,,1,38.2,12.733333333333334,낮음
2024-06-05,당진시,0,73.6,70.5,104.4,0.0,,1,26.400000000000006,8.800000000000002,낮음
2024-06-05,보령시,0,74.2,58.1,127.7,0.0,,1,25.799999999999997,8.6,낮음
2024-06-05,부여군,0,80.5,62.1,129.6,0.0,,1,19.5,6.5,낮음
2024-06-05,서산시,0,70.6,61.2,115.4,0.0,,1,29.400000000000006,9.800000000000002,낮음
2024-06-05,서천군,0,72.3,60.0,120.4,0.0,,1,27.700000000000003,9.233333333333334,낮음
2024-06-05,아산시,0,72.4,61.2,118.2,0.0,,1,27.599999999999994,9.199999999999998,낮음
2024-06-05,예산군,0,64.9,52.7,123.3,0.0,,1,35.099999999999994,11.699999999999998,낮음
2024-06-05,천안시,0,71.7,60.3,118.9,0.0,,1,28.299999999999997,9.433333333333332,낮음
2024-06-05,청양군,0,73.2,65.1,112.4,0.0,,1,26.799999999999997,8.933333333333332,낮음
2024-06-05,태안군,0,84.7,68.2,124.2,0.0,,1,15.299999999999997,5.099999999999999,낮음
2024-06-05,홍성군,0,74.9,58.7,127.7,0.0,,1,25.099999999999994,8.366666666666665,낮음
2024-06-06,계룡시,0,96.0,100.0,96.0,4.0,,1,4.0,2.6666666666666665,낮음
2024-06-06,공주시,0,74.6,56.0,133.4,0.0,,1,25.400000000000006,8.466666666666669,낮음
2024-06-06,금산군,0,82.2,66.9,122.9,0.0,,1,17.799999999999997,5.933333333333333,낮음
2024-06-06,논산시,0,61.8,54.4,113.7,0.0,,1,38.2,12.733333333333334,낮음
2024-06-06,당진시,0,86.9,70.5,123.2,0.0,,1,13.099999999999994,4.3666666666666645,낮음
2024-06-06,보령시,0,74.2,57.2,129.5,0.0,,1,25.799999999999997,8.6,낮음
2024-06-06,부여군,0,80.5,61.6,130.8,0.0,,1,19.5,6.5,낮음
2024-06-06,서산시,0,70.6,60.4,116.9,0.0,,1,29.400000000000006,9.800000000000002,낮음
2024-06-06,서천군,0,72.3,59.3,121.8,0.0,,1,27.700000000000003,9.233333333333334,낮음
2024-06-06,아산시,0,72.4,60.5,119.5,0.0,,1,27.599999999999994,9.199999999999998,낮음
2024-06-06,예산군,0,64.9,51.8,125.3,0.0,,1,35.099999999999994,11.699999999999998,낮음
2024-06-06,천안시,0,70.6,59.7,118.1,0.0,,1,29.400000000000006,9.800000000000002,낮음
2024-06-06,청양군,0,73.2,64.6,113.3,0.0,,1,26.799999999999997,8.933333333333332,낮음
2024-06-06,태안군,0,84.7,67.6,125.3,0.0,,1,15.299999999999997,5.099999999999999,낮음
2024-06-06,홍성군,0,74.9,57.9,129.4,0.0,,1,25.099999999999994,8.366666666666665,낮음
2024-06-07,계룡시,0,96.0,100.0,96.0,4.0,,1,4.0,2.6666666666666665,낮음
2024-06-07,공주시,0,74.0,55.1,134.2,0.0,,1,26.0,8.666666666666666,낮음
2024-06-07,금산군,0,80.2,66.2,121.2,0.0,,1,19.799999999999997,6.599999999999999,낮음
2024-06-07,논산시,0,58.4,53.4,109.5,0.0,,1,41.6,13.866666666666667,낮음
2024-06-07,당진시,0,72.6,69.5,104.5,0.0,,1,27.400000000000006,9.133333333333335,낮음
2024-06-07,보령시,0,71.5,56.1,127.6,0.0,,1,28.5,9.5,낮음
2024-06-07,부여군,0,78.1,60.6,128.8,0.0,,1,21.900000000000006,7.300000000000002,낮음
2024-06-07,서산시,0,67.8,59.3,114.3,0.0,,1,32.2,10.733333333333334,낮음
2024-06-07,서천군,0,69.3,58.4,118.7,0.0,,1,30.700000000000003,10.233333333333334,낮음
2024-06-07,아산시,0,69.6,59.6,116.7,0.0,,1,30.400000000000006,10.133333333333335,낮음
2024-06-07,예산군,0,60.5,50.6,119.6,0.0,,1,39.5,13.166666666666666,낮음
2024-06-07,천안시,0,69.8,59.0,118.4,0.0,,1,30.200000000000003,10.066666666666668,낮음
2024-06-07,청양군,0,71.1,63.7,111.7,0.0,,1,28.900000000000006,9.633333333333335,낮음
2024-06-07,태안군,0,83.9,66.9,125.4,0.0,,1,16.099999999999994,5.3666666666666645,낮음
2024-06-07,홍성군,0,72.1,56.7,127.0,0.0,,1,27.900000000000006,9.300000000000002,낮음
2024-06-08,계룡시,0,96.0,100.0,96.0,4.0,,1,4.0,2.6666666666666665,낮음
2024-06-08,공주시,0,74.0,54.2,136.6,0.0,,1,26.0,8.666666666666666,낮음
2024-06-08,금산군,0,80.2,65.5,122.5,0.0,,1,19.799999999999997,6.599999999999999,낮음
2024-06-08,논산시,0,58.4,52.5,111.4,0.0,,1,41.6,13.866666666666667,낮음
2024-06-08,당진시,0,82.8,69.4,119.2,0.0,,1,17.200000000000003,5.733333333333334,낮음
2024-06-08,보령시,0,71.5,54.9,130.2,0.0,,1,28.5,9.5,낮음
2024-06-08,부여군,0,78.1,59.9,130.4,0.0,,1,21.900000000000006,7.300000000000002,낮음
2024-06-08,서산시,0,67.8,58.3,116.3,0.0,,1,32.2,10.733333333333334,낮음
2024-06-08,서천군,0,69.3,57.5,120.6,0.0,,1,30.700000000000003,10.233333333333334,낮음
2024-06-08,아산시,0,69.6,58.8,118.4,0.0,,1,30.400000000000006,10.133333333333335,낮음
2024-06-08,예산군,0,60.5,49.6,121.9,0.0,,1,39.5,13.166666666666666,낮음
2024-06-08,천안시,0,69.8,58.3,119.9,0.0,,1,30.200000000000003,10.066666666666668,낮음
2024-06-08,청양군,0,71.1,62.9,112.9,0.0,,1,28.900000000000006,9.633333333333335,낮음
2024-06-08,태안군,0,83.9,66.2,126.6,0.0,,1,16.099999999999994,5.3666666666666645,낮음
2024-06-08,홍성군,0,72.1,55.6,129.5,0.0,,1,27.900000000000006,9.300000000000002,낮음
2024-06-09,계룡시,0,96.0,100.0,96.0,4.0,,1,4.0,2.6666666666666665,낮음
2024-06-09,공주시,0,74.0,53.4,138.5,0.0,,1,26.0,8.666666666666666,낮음
2024-06-09,금산군,0,80.2,65.0,123.4,0.0,,1,19.799999999999997,6.599999999999999,낮음
2024-06-09,논산시,0,58.4,51.8,112.8,0.0,,1,41.6,13.866666666666667,낮음
2024-06-09,당진시,0,82.8,69.0,119.9,0.0,,1,17.200000000000003,5.733333333333334,낮음
2024-06-09,보령시,0,71.5,54.0,132.4,0.0,,1,28.5,9.5,낮음
2024-06-09,부여군,0,78.1,59.3,131.8,0.0,,1,21.900000000000006,7.300000000000002,낮음
2024-06-09,서산시,0,67.8,57.5,118.0,0.0,,1,32.2,10.733333333333334,낮음
2024-06-09,서천군,0,69.3,56.8,122.1,0.0,,1,30.700000000000003,10.233333333333334,낮음
2024-06-09,아산시,0,69.6,58.1,119.7,0.0,,1,30.400000000000006,10.133333333333335,낮음
2024-06-09,예산군,0,60.5,48.9,123.8,0.0,,1,39.5,13.166666666666666,낮음
2024-06-09,천안시,0,67.8,57.7,117.5,0.0,,1,32.2,10.733333333333334,낮음
2024-06-09,청양군,0,71.1,62.2,114.2,0.0,,1,28.900000000000006,9.633333333333335,낮음
2024-06-09,태안군,0,83.9,65.3,128.5,0.0,,1,16.099999999999994,5.3666666666666645,낮음
2024-06-09,홍성군,0,72.1,54.7,131.7,0.0,,1,27.900000000000006,9.300000000000002,낮음
2024-06-10,계룡시,0,90.0,90.0,100.0,0.0,,1,10.0,3.3333333333333335,낮음
2024-06-10,공주시,0,70.5,52.6,133.9,0.0,,1,29.5,9.833333333333334,낮음
2024-06-10,금산군,0,77.6,64.4,120.5,0.0,,1,22.400000000000006,7.466666666666669,낮음
2024-06-10,논산시,0,56.3,51.2,110.0,0.0,,1,43.7,14.566666666666668,낮음
2024-06-10,당진시,0,67.6,68.3,99.0,1.0,,1,32.400000000000006,11.133333333333335,낮음
2024-06-10,보령시,0,67.9,53.2,127.5,0.0,,1,32.099999999999994,10.699999999999998,낮음
2024-06-10,부여군,0,75.6,58.7,128.8,0.0,,1,24.400000000000006,8.133333333333335,낮음
2024-06-10,서산시,0,65.5,56.7,115.5,0.0,,1,34.5,11.5,낮음
2024-06-10,서천군,0,67.9,56.2,120.9,0.0,,1,32.099999999999994,10.699999999999998,낮음
2024-06-10,아산시,0,67.2,57.5,116.9,0.0,,1,32.8,10.933333333333332,낮음
2024-06-10,예산군,0,59.5,48.1,123.8,0.0,,1,40.5,13.5,낮음
2024-06-10,천안시,0,67.1,57.3,117.2,0.0,,1,32.900000000000006,10.966666666666669,낮음
2024-06-10,청양군,0,68.2,61.5,111.0,0.0,,1,31.799999999999997,10.6,낮음
2024-06-10,태안군,0,81.9,64.6,126.8,0.0,,1,18.099999999999994,6.033333333333331,낮음
2024-06-10,홍성군,0,69.1,53.9,128.2,0.0,,1,30.900000000000006,10.300000000000002,낮음
2024-06-11,계룡시,0,90.0,90.0,100.0,0.0,,1,10.0,3.3333333333333335,낮음
2024-06-11,공주시,0,69.0,52.0,132.6,0.0,,1,31.0,10.333333333333334,낮음
2024-06-11,금산군,0,76.8,63.9,120.1,0.0,,1,23.200000000000003,7.733333333333334,낮음
2024-06-11,논산시,0,54.3,50.8,107.0,0.0,,1,45.7,15.233333333333334,낮음
2024-06-11,당진시,0,67.0,68.2,98.2,1.7999999999999972,,1,33.0,11.6,낮음
2024-06-11,보령시,0,66.5,52.7,126.1,0.0,,1,33.5,11.166666666666666,낮음
2024-06-11,부여군,0,74.3,58.3,127.5,0.0,,1,25.700000000000003,8.566666666666668,낮음
2024-06-11,서산시,0,64.5,56.2,114.8,0.0,,1,35.5,11.833333333333334,낮음
2024-06-11,서천군,0,65.3,55.7,117.2,0.0,,1,34.7,11.566666666666668,낮음
2024-06-11,아산시,0,66.2,56.9,116.3,0.0,,1,33.8,11.266666666666666,낮음
2024-06-11,예산군,0,57.4,47.6,120.6,0.0,,1,42.6,14.200000000000001,낮음
2024-06-11,천안시,0,65.9,56.8,115.9,0.0,,1,34.099999999999994,11.366666666666665,낮음
2024-06-11,청양군,0,67.3,60.9,110.5,0.0,,1,32.7,10.9,낮음
2024-06-11,태안군,0,81.9,64.2,127.5,0.0,,1,18.099999999999994,6.033333333333331,낮음
2024-06-11,홍성군,0,67.8,53.3,127.0,0.0,,1,32.2,10.733333333333334,낮음
2024-06-12,계룡시,0,90.0,90.0,100.0,0.0,,1,10.0,3.3333333333333335,낮음
2024-06-12,공주시,0,67.7,51.5,131.6,0.0,,1,32.3,10.766666666666666,낮음
2024-06-12,금산군,0,76.1,63.4,120.1,0.0,,1,23.900000000000006,7.966666666666669,낮음
2024-06-12,논산시,0,52.6,50.3,104.6,0.0,,1,47.4,15.799999999999999,낮음
2024-06-12,당진시,0,66.3,68.1,97.3,2.700000000000003,,1,33.7,12.133333333333335,낮음
2024-06-12,보령시,0,65.2,52.2,125.0,0.0,,1,34.8,11.6,낮음
2024-06-12,부여군,0,73.2,57.8,126.6,0.0,,1,26.799999999999997,8.933333333333332,낮음
2024-06-12,서산시,0,63.1,55.6,113.6,0.0,,1,36.9,12.299999999999999,낮음
2024-06-12,서천군,0,63.6,55.2,115.1,0.0,,1,36.4,12.133333333333333,낮음
2024-06-12,아산시,0,64.5,56.4,114.5,0.0,,1,35.5,11.833333333333334,낮음
2024-06-12,예산군,0,55.2,47.2,117.0,0.0,,1,44.8,14.933333333333332,낮음
2024-06-12,천안시,0,64.5,56.4,114.5,0.0,,1,35.5,11.833333333333334,낮음
2024-06-12,청양군,0,66.3,59.9,110.7,0.0,,1,33.7,11.233333333333334,낮음
2024-06-12,태안군,0,80.5,63.6,126.5,0.0,,1,19.5,6.5,낮음
2024-06-12,홍성군,0,66.5,52.8,126.0,0.0,,1,33.5,11.166666666666666,낮음
2024-06-13,계룡시,0,90.0,90.0,100.0,0.0,,1,10.0,3.3333333333333335,낮음
2024-06-13,공주시,0,66.4,51.0,130.2,0.0,,1,33.599999999999994,11.199999999999998,낮음
2024-06-13,금산군,0,75.2,62.9,119.5,0.0,,1,24.799999999999997,8.266666666666666,낮음
2024-06-13,논산시,0,50.9,49.8,102.2,0.0,,1,49.1,16.366666666666667,낮음
2024-06-13,당진시,0,65.6,68.0,96.5,3.5,,1,34.400000000000006,12.633333333333335,낮음
2024-06-13,보령시,0,63.8,51.6,123.6,0.0,,1,36.2,12.066666666666668,낮음
2024-06-13,부여군,0,72.0,57.4,125.5,0.0,,1,28.0,9.333333333333334,낮음
2024-06-13,서산시,0,61.5,54.9,112.0,0.0,,1,38.5,12.833333333333334,낮음
2024-06-13,서천군,0,62.3,54.8,113.7,0.0,,1,37.7,12.566666666666668,낮음
2024-06-13,아산시,0,63.0,55.8,112.9,0.0,,1,37.0,12.333333333333334,낮음
2024-06-13,예산군,0,52.9,46.7,113.3,0.0,,1,47.1,15.700000000000001,낮음
2024-06-13,천안시,0,63.3,56.0,112.9,0.0,,1,36.7,12.233333333333334,낮음
2024-06-13,청양군,0,65.3,59.1,110.5,0.0,,1,34.7,11.566666666666668,낮음
2024-06-13,태안군,0,80.5,63.1,127.5,0.0,,1,19.5,6.5,낮음
2024-06-13,홍성군,0,64.9,52.4,124.0,0.0,,1,35.099999999999994,11.699999999999998,낮음
2024-06-14,계룡시,0,90.0,90.0,100.0,0.0,,1,10.0,3.3333333333333335,낮음
2024-06-14,공주시,0,65.0,50.5,128.8,0.0,,1,35.0,11.666666666666666,낮음
2024-06-14,금산군,0,74.4,62.6,118.7,0.0,,1,25.599999999999994,8.533333333333331,낮음
2024-06-14,논산시,0,49.1,49.5,99.2,0.7999999999999972,,1,50.9,17.23333333333333,낮음
2024-06-14,당진시,0,65.1,67.8,96.1,3.9000000000000057,,1,34.900000000000006,12.933333333333337,낮음
2024-06-14,보령시,0,62.4,51.1,122.2,0.0,,1,37.6,12.533333333333333,낮음
2024-06-14,부여군,0,70.0,56.9,123.1,0.0,,1,30.0,10.0,낮음
2024-06-14,서산시,0,60.1,54.2,110.8,0.0,,1,39.9,13.299999999999999,낮음
2024-06-14,서천군,0,63.8,54.5,117.0,0.0,,1,36.2,12.066666666666668,낮음
2024-06-14,아산시,0,61.8,55.2,111.9,0.0,,1,38.2,12.733333333333334,낮음
2024-06-14,예산군,0,51.5,46.2,111.4,0.0,,1,48.5,16.166666666666668,낮음
2024-06-14,천안시,0,62.1,55.7,111.6,0.0,,1,37.9,12.633333333333333,낮음
2024-06-14,청양군,0,64.1,58.4,109.9,0.0,,1,35.900000000000006,11.966666666666669,낮음
2024-06-14,태안군,0,79.5,62.6,126.9,0.0,,1,20.5,6.833333333333333,낮음
2024-06-14,홍성군,0,63.1,52.0,121.5,0.0,,1,36.9,12.299999999999999,낮음
2024-06-15,계룡시,0,90.0,90.0,100.0,0.0,,1,10.0,3.3333333333333335,낮음
2024-06-15,공주시,0,65.0,50.1,129.9,0.0,,1,35.0,11.666666666666666,낮음
2024-06-15,금산군,0,74.4,62.7,118.7,0.0,,1,25.599999999999994,8.533333333333331,낮음
2024-06-15,논산시,0,49.1,49.6,99.1,0.9000000000000057,,1,50.9,17.26666666666667,낮음
2024-06-15,당진시,0,65.1,67.7,96.2,3.799999999999997,,1,34.900000000000006,12.9,낮음
2024-06-15,보령시,0,62.4,50.5,123.4,0.0,,1,37.6,12.533333333333333,낮음
2024-06-15,부여군,0,70.0,56.5,123.9,0.0,,1,30.0,10.0,낮음
2024-06-15,서산시,0,60.1,53.7,111.9,0.0,,1,39.9,13.299999999999999,낮음
2024-06-15,서천군,0,63.8,54.3,117.4,0.0,,1,36.2,12.066666666666668,낮음
2024-06-15,아산시,0,61.8,54.7,113.0,0.0,,1,38.2,12.733333333333334,낮음
2024-06-15,예산군,0,51.5,45.9,112.2,0.0,,1,48.5,16.166666666666668,낮음
2024-06-15,천안시,0,62.1,55.5,112.0,0.0,,1,37.9,12.633333333333333,낮음
2024-06-15,청양군,0,64.1,57.8,110.9,0.0,,1,35.900000000000006,11.966666666666669,낮음
2024-06-15,태안군,0,79.5,62.1,127.9,0.0,,1,20.5,6.833333333333333,낮음
2024-06-15,홍성군,0,63.1,51.7,122.0,0.0,,1,36.9,12.299999999999999,낮음
2024-06-16,계룡시,0,90.0,90.0,100.0,0.0,,1,10.0,3.3333333333333335,낮음
2024-06-16,공주시,0,65.0,49.7,130.7,0.0,,1,35.0,11.666666666666666,낮음
2024-06-16,금산군,0,74.4,62.6,118.7,0.0,,1,25.599999999999994,8.533333333333331,낮음
2024-06-16,논산시,0,49.1,49.3,99.5,0.5,,1,50.9,17.133333333333333,낮음
2024-06-16,당진시,0,65.1,67.6,96.4,3.5999999999999943,,1,34.900000000000006,12.833333333333334,낮음
2024-06-16,보령시,0,62.4,50.1,124.4,0.0,,1,37.6,12.533333333333333,낮음
2024-06-16,부여군,0,70.0,56.1,124.8,0.0,,1,30.0,10.0,낮음
2024-06-16,서산시,0,60.1,53.1,113.2,0.0,,1,39.9,13.299999999999999,낮음
2024-06-16,서천군,0,63.8,54.1,117.8,0.0,,1,36.2,12.066666666666668,낮음
2024-06-16,아산시,0,61.8,54.3,113.9,0.0,,1,38.2,12.733333333333334,낮음
2024-06-16,예산군,0,51.5,45.8,112.5,0.0,,1,48.5,16.166666666666668,낮음
2024-06-16,천안시,0,62.1,55.4,112.2,0.0,,1,37.9,12.633333333333333,낮음
2024-06-16,청양군,0,64.1,57.3,112.0,0.0,,1,35.900000000000006,11.966666666666669,낮음
2024-06-16,태안군,0,79.5,61.6,129.0,0.0,,1,20.5,6.833333333333333,낮음
2024-06-16,홍성군,0,63.1,51.5,122.5,0.0,,1,36.9,12.299999999999999,낮음
2024-06-17,계룡시,0,75.0,80.0,93.8,6.200000000000003,,1,25.0,10.4,낮음
2024-06-17,공주시,0,60.7,49.4,122.9,0.0,,1,39.3,13.1,낮음
2024-06-17,금산군,0,70.9,62.3,113.8,0.0,,1,29.099999999999994,9.699999999999998,낮음
2024-06-17,논산시,0,46.5,49.1,94.5,5.5,,1,53.5,19.666666666666668,낮음
2024-06-17,당진시,0,63.2,67.4,93.8,6.200000000000003,,1,36.8,14.333333333333334,낮음
2024-06-17,보령시,0,58.3,49.7,117.2,0.0,,1,41.7,13.9,낮음
2024-06-17,부여군,0,67.3,55.7,121.0,0.0,,1,32.7,10.9,낮음
2024-06-17,서산시,0,58.3,52.4,111.2,0.0,,1,41.7,13.9,낮음
2024-06-17,서천군,0,58.0,53.7,107.9,0.0,,1,42.0,14.0,낮음
2024-06-17,아산시,0,59.5,53.8,110.5,0.0,,1,40.5,13.5,낮음
2024-06-17,예산군,0,50.1,45.6,110.0,0.0,,1,49.9,16.633333333333333,낮음
2024-06-17,천안시,0,58.8,55.2,106.5,0.0,,1,41.2,13.733333333333334,낮음
2024-06-17,청양군,0,61.2,56.6,108.2,0.0,,1,38.8,12.933333333333332,낮음
2024-06-17,태안군,0,75.4,61.0,123.5,0.0,,1,24.599999999999994,8.199999999999998,낮음
2024-06-17,홍성군,0,58.7,51.2,114.8,0.0,,1,41.3,13.766666666666666,낮음
2024-06-18,계룡시,0,75.0,80.0,93.8,6.200000000000003,,1,25.0,10.4,낮음
2024-06-18,공주시,0,59.4,49.1,120.9,0.0,,1,40.6,13.533333333333333,낮음
2024-06-18,금산군,0,70.2,62.1,113.1,0.0,,1,29.799999999999997,9.933333333333332,낮음
2024-06-18,논산시,0,44.3,48.9,90.7,9.299999999999997,,1,55.7,21.666666666666668,낮음
2024-06-18,당진시,0,63.2,67.3,93.9,6.099999999999994,,1,36.8,14.299999999999997,낮음
2024-06-18,보령시,0,56.8,49.3,115.1,0.0,,1,43.2,14.4,낮음
2024-06-18,부여군,0,66.0,55.4,119.2,0.0,,1,34.0,11.333333333333334,낮음
2024-06-18,서산시,0,57.0,51.9,109.8,0.0,,1,43.0,14.333333333333334,낮음
2024-06-18,서천군,0,57.0,53.6,106.4,0.0,,1,43.0,14.333333333333334,낮음
2024-06-18,아산시,0,58.5,53.4,109.6,0.0,,1,41.5,13.833333333333334,낮음
2024-06-18,예산군,0,48.1,45.4,105.8,0.0,,1,51.9,17.3,낮음
2024-06-18,천안시,0,57.8,55.1,105.0,0.0,,1,42.2,14.066666666666668,낮음
2024-06-18,청양군,0,60.2,56.0,107.4,0.0,,1,39.8,13.266666666666666,낮음
2024-06-18,태안군,0,74.2,60.7,122.2,0.0,,1,25.799999999999997,8.6,낮음
2024-06-18,홍성군,0,57.4,50.8,112.9,0.0,,1,42.6,14.200000000000001,낮음
2024-06-19,계룡시,0,75.0,80.0,93.8,6.200000000000003,,1,25.0,10.4,낮음
2024-06-19,공주시,0,58.3,49.0,119.0,0.0,,1,41.7,13.9,낮음
2024-06-19,금산군,0,69.7,61.9,112.7,0.0,,1,30.299999999999997,10.1,낮음
2024-06-19,논산시,0,42.3,48.7,86.9,13.099999999999994,,1,57.7,23.599999999999998,낮음
2024-06-19,당진시,0,63.5,67.3,94.4,5.599999999999994,,1,36.5,14.033333333333331,낮음
2024-06-19,보령시,0,55.5,48.9,113.4,0.0,,1,44.5,14.833333333333334,낮음
2024-06-19,부여군,0,64.4,55.2,116.7,0.0,,1,35.599999999999994,11.866666666666665,낮음
2024-06-19,서산시,0,55.6,51.5,108.2,0.0,,1,44.4,14.799999999999999,낮음
2024-06-19,서천군,0,54.8,53.6,102.3,0.0,,1,45.2,15.066666666666668,낮음
2024-06-19,아산시,0,57.5,53.3,108.0,0.0,,1,42.5,14.166666666666666,낮음
2024-06-19,예산군,0,46.1,45.4,101.6,0.0,,1,53.9,17.966666666666665,낮음
2024-06-19,천안시,0,56.6,55.0,103.0,0.0,,1,43.4,14.466666666666667,낮음
2024-06-19,청양군,0,59.2,55.4,106.9,0.0,,1,40.8,13.6,낮음
2024-06-19,태안군,0,72.9,60.4,120.5,0.0,,1,27.099999999999994,9.033333333333331,낮음
2024-06-19,홍성군,0,56.0,50.6,110.6,0.0,,1,44.0,14.666666666666666,낮음
2024-06-20,계룡시,0,75.0,80.0,93.8,6.200000000000003,,1,25.0,10.4,낮음
2024-06-20,공주시,0,57.2,48.9,117.1,0.0,,1,42.8,14.266666666666666,낮음
2024-06-20,금산군,0,69.0,61.8,111.8,0.0,,1,31.0,10.333333333333334,낮음
2024-06-20,논산시,0,40.4,48.6,83.0,17.0,,1,59.6,25.53333333333333,낮음
2024-06-20,당진시,0,63.9,67.3,94.9,5.099999999999994,,1,36.1,13.733333333333333,낮음
2024-06-20,보령시,0,54.0,48.9,110.5,0.0,,1,46.0,15.333333333333334,낮음
2024-06-20,부여군,0,63.4,55.1,115.0,0.0,,1,36.6,12.200000000000001,낮음
2024-06-20,서산시,0,54.7,51.2,106.9,0.0,,1,45.3,15.1,낮음
2024-06-20,서천군,0,54.5,53.8,101.3,0.0,,1,45.5,15.166666666666666,낮음
2024-06-20,아산시,0,56.2,53.5,105.2,0.0,,1,43.8,14.6,낮음
2024-06-20,예산군,0,43.9,45.2,97.0,3.0,,1,56.1,19.7,낮음
2024-06-20,천안시,0,55.3,54.9,100.8,0.0,,1,44.7,14.9,낮음
2024-06-20,청양군,0,58.2,54.9,106.1,0.0,,1,41.8,13.933333333333332,낮음
2024-06-20,태안군,0,71.9,60.1,119.7,0.0,,1,28.099999999999994,9.366666666666665,낮음
2024-06-20,홍성군,0,54.4,50.7,107.3,0.0,,1,45.6,15.200000000000001,낮음
2024-06-21,계룡시,0,75.0,80.0,93.8,6.200000000000003,,1,25.0,10.4,낮음
2024-06-21,공주시,0,56.0,48.8,114.8,0.0,,1,44.0,14.666666666666666,낮음
2024-06-21,금산군,0,68.1,61.5,110.6,0.0,,1,31.900000000000006,10.633333333333335,낮음
2024-06-21,논산시,0,38.2,48.4,79.0,21.0,,1,61.8,27.599999999999998,낮음
2024-06-21,당진시,0,63.5,67.4,94.3,5.700000000000003,,1,36.5,14.066666666666668,낮음
2024-06-21,보령시,0,52.6,48.9,107.6,0.0,,1,47.4,15.799999999999999,낮음
2024-06-21,부여군,0,62.7,55.0,114.1,0.0,,1,37.3,12.433333333333332,낮음
2024-06-21,서산시,0,53.8,50.8,105.8,0.0,,1,46.2,15.4,낮음
2024-06-21,서천군,0,54.4,53.7,101.2,0.0,,1,45.6,15.200000000000001,낮음
2024-06-21,아산시,0,54.3,53.5,101.6,0.0,,1,45.7,15.233333333333334,낮음
2024-06-21,예산군,0,43.4,45.2,96.0,4.0,,1,56.6,20.2,낮음
2024-06-21,천안시,0,54.7,54.7,100.0,0.0,,1,45.3,15.1,낮음
2024-06-21,청양군,0,57.3,54.5,105.0,0.0,,1,42.7,14.233333333333334,낮음
2024-06-21,태안군,0,71.0,61.7,115.2,0.0,,1,29.0,9.666666666666666,낮음
2024-06-21,홍성군,0,53.0,50.7,104.5,0.0,,1,47.0,15.666666666666666,낮음
2024-06-22,계룡시,0,75.0,80.0,93.8,6.200000000000003,,1,25.0,10.4,낮음
2024-06-22,공주시,0,56.0,48.8,114.8,0.0,,1,44.0,14.666666666666666,낮음
2024-06-22,금산군,0,68.1,61.3,111.0,0.0,,1,31.900000000000006,10.633333333333335,낮음
2024-06-22,논산시,0,38.2,48.1,79.5,20.5,,1,61.8,27.433333333333334,낮음
2024-06-22,당진시,0,63.5,67.3,94.3,5.700000000000003,,1,36.5,14.066666666666668,낮음
2024-06-22,보령시,0,52.6,48.7,108.0,0.0,,1,47.4,15.799999999999999,낮음
2024-06-22,부여군,0,62.7,55.0,114.1,0.0,,1,37.3,12.433333333333332,낮음
2024-06-22,서산시,0,53.8,50.7,106.2,0.0,,1,46.2,15.4,낮음
2024-06-22,서천군,0,54.4,53.4,101.7,0.0,,1,45.6,15.200000000000001,낮음
2024-06-22,아산시,0,54.3,53.5,101.6,0.0,,1,45.7,15.233333333333334,낮음
2024-06-22,예산군,0,45.0,45.3,99.4,0.5999999999999943,,1,55.0,18.53333333333333,낮음
2024-06-22,천안시,0,54.7,54.5,100.3,0.0,,1,45.3,15.1,낮음
2024-06-22,청양군,0,57.3,54.3,105.6,0.0,,1,42.7,14.233333333333334,낮음
2024-06-22,태안군,0,71.0,61.6,115.3,0.0,,1,29.0,9.666666666666666,낮음
2024-06-22,홍성군,0,53.0,50.8,104.4,0.0,,1,47.0,15.666666666666666,낮음
2024-06-23,계룡시,0,75.0,80.0,93.8,6.200000000000003,,1,25.0,10.4,낮음
2024-06-23,공주시,0,56.0,48.7,115.1,0.0,,1,44.0,14.666666666666666,낮음
2024-06-23,금산군,0,68.1,61.3,111.1,0.0,,1,31.900000000000006,10.633333333333335,낮음
2024-06-23,논산시,0,38.2,48.0,79.6,20.400000000000006,,1,61.8,27.400000000000002,낮음
2024-06-23,당진시,0,63.5,67.4,94.2,5.799999999999997,,1,36.5,14.1,낮음
2024-06-23,보령시,0,52.6,48.7,107.9,0.0,,1,47.4,15.799999999999999,낮음
2024-06-23,부여군,0,62.7,54.9,114.3,0.0,,1,37.3,12.433333333333332,낮음
2024-06-23,서산시,0,53.8,50.8,105.9,0.0,,1,46.2,15.4,낮음
2024-06-23,서천군,0,54.4,53.3,101.9,0.0,,1,45.6,15.200000000000001,낮음
2024-06-23,아산시,0,54.3,53.7,101.2,0.0,,1,45.7,15.233333333333334,낮음
2024-06-23,예산군,0,48.0,45.4,105.7,0.0,,1,52.0,17.333333333333332,낮음
2024-06-23,천안시,0,54.7,54.6,100.2,0.0,,1,45.3,15.1,낮음
2024-06-23,청양군,0,57.3,54.1,106.0,0.0,,1,42.7,14.233333333333334,낮음
2024-06-23,태안군,0,71.0,60.0,118.3,0.0,,1,29.0,9.666666666666666,낮음
2024-06-23,홍성군,0,53.0,51.0,104.0,0.0,,1,47.0,15.666666666666666,낮음
2024-06-24,계룡시,0,72.8,80.0,91.0,9.0,,1,27.200000000000003,12.066666666666668,낮음
2024-06-24,공주시,0,57.5,48.7,118.0,0.0,,1,42.5,14.166666666666666,낮음
2024-06-24,금산군,0,67.2,61.6,109.1,0.0,,1,32.8,10.933333333333332,낮음
2024-06-24,논산시,0,38.1,48.2,79.0,21.0,,1,61.9,27.633333333333336,낮음
2024-06-24,당진시,0,58.7,67.5,87.0,13.0,,1,41.3,18.099999999999998,낮음
2024-06-24,보령시,0,53.5,48.9,109.3,0.0,,1,46.5,15.5,낮음
2024-06-24,부여군,0,64.2,55.0,116.9,0.0,,1,35.8,11.933333333333332,낮음
2024-06-24,서산시,0,57.1,51.3,111.4,0.0,,1,42.9,14.299999999999999,낮음
2024-06-24,서천군,0,54.6,53.4,102.1,0.0,,1,45.4,15.133333333333333,낮음
2024-06-24,아산시,0,57.0,54.2,105.2,0.0,,1,43.0,14.333333333333334,낮음
2024-06-24,예산군,0,48.1,45.5,105.6,0.0,,1,51.9,17.3,낮음
2024-06-24,천안시,0,59.8,54.9,109.1,0.0,,1,40.2,13.4,낮음
2024-06-24,청양군,0,60.8,54.3,111.9,0.0,,1,39.2,13.066666666666668,낮음
2024-06-24,태안군,0,74.5,60.8,122.7,0.0,,1,25.5,8.5,낮음
2024-06-24,홍성군,0,60.2,51.5,117.1,0.0,,1,39.8,13.266666666666666,낮음
2024-06-25,계룡시,0,72.8,80.0,91.0,9.0,,1,27.200000000000003,12.066666666666668,낮음
2024-06-25,공주시,0,57.1,49.0,116.6,0.0,,1,42.9,14.299999999999999,낮음
2024-06-25,금산군,0,66.8,62.2,107.4,0.0,,1,33.2,11.066666666666668,낮음
2024-06-25,논산시,0,36.1,48.7,74.0,26.0,,1,63.9,29.96666666666667,낮음
2024-06-25,당진시,0,58.3,67.9,85.7,14.299999999999997,,1,41.7,18.666666666666668,낮음
2024-06-25,보령시,0,52.8,49.3,107.2,0.0,,1,47.2,15.733333333333334,낮음
2024-06-25,부여군,0,64.1,55.2,116.0,0.0,,1,35.900000000000006,11.966666666666669,낮음
2024-06-25,서산시,0,57.3,51.9,110.4,0.0,,1,42.7,14.233333333333334,낮음
2024-06-25,서천군,0,54.7,53.8,101.8,0.0,,1,45.3,15.1,낮음
2024-06-25,아산시,0,57.0,54.9,104.0,0.0,,1,43.0,14.333333333333334,낮음
2024-06-25,예산군,0,48.2,45.7,105.3,0.0,,1,51.8,17.266666666666666,낮음
2024-06-25,천안시,0,59.8,55.3,108.2,0.0,,1,40.2,13.4,낮음
2024-06-25,청양군,0,56.3,54.0,104.4,0.0,,1,43.7,14.566666666666668,낮음
2024-06-25,태안군,0,74.5,61.5,121.1,0.0,,1,25.5,8.5,낮음
2024-06-25,홍성군,0,60.0,51.9,115.5,0.0,,1,40.0,13.333333333333334,낮음
2024-06-26,계룡시,0,72.8,80.0,91.0,9.0,,1,27.200000000000003,12.066666666666668,낮음
2024-06-26,공주시,0,56.4,49.3,114.3,0.0,,1,43.6,14.533333333333333,낮음
2024-06-26,금산군,0,66.1,62.5,105.8,0.0,,1,33.900000000000006,11.300000000000002,낮음
2024-06-26,논산시,25,34.3,49.4,69.4,30.599999999999994,,1,65.7,40.43333333333333,주의
2024-06-26,당진시,0,59.6,68.5,86.9,13.099999999999994,,1,40.4,17.833333333333332,낮음
2024-06-26,보령시,0,51.7,49.7,104.0,0.0,,1,48.3,16.099999999999998,낮음
2024-06-26,부여군,0,63.1,55.8,113.0,0.0,,1,36.9,12.299999999999999,낮음
2024-06-26,서산시,0,56.8,52.6,107.9,0.0,,1,43.2,14.4,낮음
2024-06-26,서천군,0,54.7,54.0,101.2,0.0,,1,45.3,15.1,낮음
2024-06-26,아산시,0,56.9,55.8,101.9,0.0,,1,43.1,14.366666666666667,낮음
2024-06-26,예산군,0,46.9,46.0,102.1,0.0,,1,53.1,17.7,낮음
2024-06-26,천안시,0,59.0,55.9,105.7,0.0,,1,41.0,13.666666666666666,낮음
2024-06-26,청양군,0,55.8,53.9,103.5,0.0,,1,44.2,14.733333333333334,낮음
2024-06-26,태안군,0,72.2,62.2,116.0,0.0,,1,27.799999999999997,9.266666666666666,낮음
2024-06-26,홍성군,0,59.1,52.5,112.6,0.0,,1,40.9,13.633333333333333,낮음
2024-06-27,계룡시,0,72.8,80.0,91.0,9.0,,1,27.200000000000003,12.066666666666668,낮음
2024-06-27,공주시,0,55.3,49.8,111.1,0.0,,1,44.7,14.9,낮음
2024-06-27,금산군,0,65.6,62.9,104.3,0.0,,1,34.400000000000006,11.466666666666669,낮음
2024-06-27,논산시,25,32.5,50.1,65.0,35.0,,1,67.5,42.5,주의
2024-06-27,당진시,0,58.2,69.1,84.2,15.799999999999997,,1,41.8,19.2,낮음
2024-06-27,보령시,0,50.7,50.2,101.1,0.0,,1,49.3,16.433333333333334,낮음
2024-06-27,부여군,0,62.4,56.4,110.8,0.0,,1,37.6,12.533333333333333,낮음
2024-06-27,서산시,0,55.7,53.6,103.9,0.0,,1,44.3,14.766666666666666,낮음
2024-06-27,서천군,0,54.0,54.4,99.2,0.7999999999999972,,1,46.0,15.6,낮음
2024-06-27,아산시,0,56.8,57.0,99.6,0.4000000000000057,,1,43.2,14.533333333333337,낮음
2024-06-27,예산군,0,45.4,46.7,97.3,2.700000000000003,,1,54.6,19.1,낮음
2024-06-27,천안시,0,58.7,56.5,104.0,0.0,,1,41.3,13.766666666666666,낮음
2024-06-27,청양군,0,55.3,54.0,102.3,0.0,,1,44.7,14.9,낮음
2024-06-27,태안군,0,70.2,63.1,111.2,0.0,,1,29.799999999999997,9.933333333333332,낮음
2024-06-27,홍성군,0,58.2,53.4,109.0,0.0,,1,41.8,13.933333333333332,낮음
2024-06-28,계룡시,0,72.8,80.0,91.0,9.0,,1,27.200000000000003,12.066666666666668,낮음
2024-06-28,공주시,0,54.4,50.1,108.5,0.0,,1,45.6,15.200000000000001,낮음
2024-06-28,금산군,0,65.0,63.3,102.8,0.0,,1,35.0,11.666666666666666,낮음
2024-06-28,논산시,25,31.7,50.7,62.4,37.6,,1,68.3,43.63333333333333,주의
2024-06-28,당진시,0,57.9,69.9,82.7,17.299999999999997,,1,42.1,19.8,낮음
2024-06-28,보령시,0,49.7,50.4,98.6,1.4000000000000057,,1,50.3,17.233333333333334,낮음
2024-06-28,부여군,0,61.9,56.8,109.1,0.0,,1,38.1,12.700000000000001,낮음
2024-06-28,서산시,0,55.3,54.7,101.1,0.0,,1,44.7,14.9,낮음
2024-06-28,서천군,0,53.3,54.7,97.5,2.5,,1,46.7,16.400000000000002,낮음
2024-06-28,아산시,0,56.4,57.9,97.3,2.700000000000003,,1,43.6,15.433333333333335,낮음
2024-06-28,예산군,0,45.3,47.4,95.6,4.400000000000006,,1,54.7,19.700000000000003,낮음
2024-06-28,천안시,0,58.3,56.9,102.6,0.0,,1,41.7,13.9,낮음
2024-06-28,청양군,0,54.5,54.1,100.7,0.0,,1,45.5,15.166666666666666,낮음
2024-06-28,태안군,0,69.5,63.9,108.8,0.0,,1,30.5,10.166666666666666,낮음
2024-06-28,홍성군,0,57.9,54.2,106.9,0.0,,1,42.1,14.033333333333333,낮음
2024-06-29,계룡시,0,72.8,80.0,91.0,9.0,,1,27.200000000000003,12.066666666666668,낮음
2024-06-29,공주시,0,54.4,50.5,107.6,0.0,,1,45.6,15.200000000000001,낮음
2024-06-29,금산군,0,65.0,63.5,102.4,0.0,,1,35.0,11.666666666666666,낮음
2024-06-29,논산시,25,31.7,51.3,61.7,38.3,,1,68.3,43.86666666666667,주의
2024-06-29,당진시,0,67.7,71.6,94.6,5.400000000000006,,1,32.3,12.566666666666668,낮음
2024-06-29,보령시,0,50.1,50.7,98.7,1.2999999999999972,,1,49.9,17.066666666666666,낮음
2024-06-29,부여군,0,62.0,57.4,108.1,0.0,,1,38.0,12.666666666666666,낮음
2024-06-29,서산시,0,55.0,55.8,98.7,1.2999999999999972,,1,45.0,15.433333333333332,낮음
2024-06-29,서천군,0,53.3,55.0,97.0,3.0,,1,46.7,16.566666666666666,낮음
2024-06-29,아산시,0,56.4,58.7,96.0,4.0,,1,43.6,15.866666666666667,낮음
2024-06-29,예산군,0,46.3,48.0,96.6,3.4000000000000057,,1,53.7,19.033333333333335,낮음
2024-06-29,천안시,0,58.3,57.5,101.5,0.0,,1,41.7,13.9,낮음
2024-06-29,청양군,0,54.5,54.2,100.4,0.0,,1,45.5,15.166666666666666,낮음
2024-06-29,태안군,0,68.6,64.8,105.9,0.0,,1,31.400000000000006,10.466666666666669,낮음
2024-06-29,홍성군,0,57.9,54.8,105.7,0.0,,1,42.1,14.033333333333333,낮음
2024-06-30,계룡시,0,72.8,80.0,91.0,9.0,,1,27.200000000000003,12.066666666666668,낮음
2024-06-30,공주시,0,56.6,51.1,110.7,0.0,,1,43.4,14.466666666666667,낮음
2024-06-30,금산군,0,66.1,64.0,103.3,0.0,,1,33.900000000000006,11.300000000000002,낮음
2024-06-30,논산시,25,31.7,52.5,60.3,39.7,,1,68.3,44.333333333333336,주의
2024-06-30,당진시,0,61.0,72.4,84.3,15.700000000000003,,1,39.0,18.233333333333334,낮음
2024-06-30,보령시,0,50.9,51.5,98.8,1.2000000000000028,,1,49.1,16.76666666666667,낮음
2024-06-30,부여군,0,65.6,58.4,112.3,0.0,,1,34.400000000000006,11.466666666666669,낮음
2024-06-30,서산시,0,55.0,57.3,96.1,3.9000000000000057,,1,45.0,16.3,낮음
2024-06-30,서천군,0,54.3,55.8,97.2,2.799999999999997,,1,45.7,16.166666666666668,낮음
2024-06-30,아산시,0,59.1,59.7,99.0,1.0,,1,40.9,13.966666666666667,낮음
2024-06-30,예산군,0,46.3,49.1,94.4,5.599999999999994,,1,53.7,19.766666666666666,낮음
2024-06-30,천안시,0,63.3,58.7,107.8,0.0,,1,36.7,12.233333333333334,낮음
2024-06-30,청양군,0,55.2,54.8,100.8,0.0,,1,44.8,14.933333333333332,낮음
2024-06-30,태안군,0,68.6,66.2,103.7,0.0,,1,31.400000000000006,10.466666666666669,낮음
2024-06-30,홍성군,0,57.9,56.0,103.5,0.0,,1,42.1,14.033333333333333,낮음
2024-07-01,계룡시,0,75.0,80.0,93.8,6.200000000000003,,2,25.0,10.4,낮음
2024-07-01,공주시,0,58.2,51.8,112.5,0.0,,2,41.8,13.933333333333332,낮음
2024-07-01,금산군,0,70.5,64.3,109.6,0.0,,2,29.5,9.833333333333334,낮음
2024-07-01,논산시,0,39.3,54.3,72.4,27.599999999999994,,2,60.7,29.433333333333334,낮음
2024-07-01,당진시,0,58.2,72.7,80.0,20.0,,2,41.8,20.599999999999998,낮음
2024-07-01,보령시,0,52.8,52.2,101.2,0.0,,2,47.2,15.733333333333334,낮음
2024-07-01,부여군,0,66.0,59.0,111.7,0.0,,2,34.0,11.333333333333334,낮음
2024-07-01,서산시,0,58.1,58.5,99.4,0.5999999999999943,,2,41.9,14.166666666666664,낮음
2024-07-01,서천군,0,58.0,57.0,101.9,0.0,,2,42.0,14.0,낮음
2024-07-01,아산시,0,59.4,60.5,98.2,1.7999999999999972,,2,40.6,14.133333333333333,낮음
2024-07-01,예산군,0,49.0,50.4,97.3,2.700000000000003,,2,51.0,17.900000000000002,낮음
2024-07-01,천안시,0,63.7,59.4,107.4,0.0,,2,36.3,12.1,낮음
2024-07-01,청양군,0,57.2,55.5,103.0,0.0,,2,42.8,14.266666666666666,낮음
2024-07-01,태안군,0,72.0,65.8,109.3,0.0,,2,28.0,9.333333333333334,낮음
2024-07-01,홍성군,0,64.1,57.5,111.5,0.0,,2,35.900000000000006,11.966666666666669,낮음
2024-07-02,계룡시,0,75.0,80.0,93.8,6.200000000000003,,1,25.0,10.4,낮음
2024-07-02,공주시,0,59.6,52.4,113.8,0.0,,1,40.4,13.466666666666667,낮음
2024-07-02,금산군,0,72.4,64.8,111.7,0.0,,1,27.599999999999994,9.199999999999998,낮음
2024-07-02,논산시,0,41.3,55.5,74.4,25.599999999999994,,1,58.7,28.099999999999998,낮음
2024-07-02,당진시,0,55.5,73.1,76.0,24.0,,1,44.5,22.833333333333332,낮음
2024-07-02,보령시,0,53.6,53.2,100.9,0.0,,1,46.4,15.466666666666667,낮음
2024-07-02,부여군,0,70.2,60.0,117.0,0.0,,1,29.799999999999997,9.933333333333332,낮음
2024-07-02,서산시,0,58.6,59.2,98.8,1.2000000000000028,,1,41.4,14.200000000000001,낮음
2024-07-02,서천군,0,59.0,58.3,101.3,0.0,,1,41.0,13.666666666666666,낮음
2024-07-02,아산시,0,60.2,61.7,97.6,2.4000000000000057,,1,39.8,14.066666666666668,낮음
2024-07-02,예산군,0,50.0,51.6,97.0,3.0,,1,50.0,17.666666666666668,낮음
2024-07-02,천안시,0,64.6,59.9,107.9,0.0,,1,35.400000000000006,11.800000000000002,낮음
2024-07-02,청양군,0,57.7,56.1,103.0,0.0,,1,42.3,14.1,낮음
2024-07-02,태안군,0,71.5,66.6,107.2,0.0,,1,28.5,9.5,낮음
2024-07-02,홍성군,0,65.8,58.6,112.1,0.0,,1,34.2,11.4,낮음
2024-07-03,계룡시,0,75.0,80.0,93.8,6.200000000000003,,1,25.0,10.4,낮음
2024-07-03,공주시,0,68.7,53.3,128.9,0.0,,1,31.299999999999997,10.433333333333332,낮음
2024-07-03,금산군,0,77.2,65.5,117.8,0.0,,1,22.799999999999997,7.599999999999999,낮음
2024-07-03,논산시,0,47.1,56.2,83.9,16.099999999999994,,1,52.9,23.0,낮음
2024-07-03,당진시,0,63.3,73.4,86.1,13.900000000000006,,1,36.7,16.86666666666667,낮음
2024-07-03,보령시,0,56.3,54.0,104.3,0.0,,1,43.7,14.566666666666668,낮음
2024-07-03,부여군,0,71.2,60.8,117.1,0.0,,1,28.799999999999997,9.6,낮음
2024-07-03,서산시,0,61.8,59.9,103.1,0.0,,1,38.2,12.733333333333334,낮음
2024-07-03,서천군,0,63.8,59.2,107.8,0.0,,1,36.2,12.066666666666668,낮음
2024-07-03,아산시,0,63.7,63.3,100.6,0.0,,1,36.3,12.1,낮음
2024-07-03,예산군,0,53.8,52.6,102.3,0.0,,1,46.2,15.4,낮음
2024-07-03,천안시,0,69.6,60.7,114.7,0.0,,1,30.400000000000006,10.133333333333335,낮음
2024-07-03,청양군,0,65.4,57.3,114.3,0.0,,1,34.599999999999994,11.533333333333331,낮음
2024-07-03,태안군,0,76.2,67.3,113.1,0.0,,1,23.799999999999997,7.933333333333333,낮음
2024-07-03,홍성군,0,69.3,59.6,116.3,0.0,,1,30.700000000000003,10.233333333333334,낮음
2024-07-04,계룡시,0,75.0,80.0,93.8,6.200000000000003,,1,25.0,10.4,낮음
2024-07-04,공주시,0,71.2,54.3,131.2,0.0,,1,28.799999999999997,9.6,낮음
2024-07-04,금산군,0,80.5,66.1,121.8,0.0,,1,19.5,6.5,낮음
2024-07-04,논산시,0,54.0,56.8,95.0,5.0,,1,46.0,17.0,낮음
2024-07-04,당진시,0,57.4,73.6,78.1,21.900000000000006,,1,42.6,21.5,낮음
2024-07-04,보령시,0,57.1,54.7,104.4,0.0,,1,42.9,14.299999999999999,낮음
2024-07-04,부여군,0,69.4,61.6,112.7,0.0,,1,30.599999999999994,10.199999999999998,낮음
2024-07-04,서산시,0,61.9,60.5,102.2,0.0,,1,38.1,12.700000000000001,낮음
2024-07-04,서천군,0,64.4,59.9,107.5,0.0,,1,35.599999999999994,11.866666666666665,낮음
2024-07-04,아산시,0,63.9,64.4,99.3,0.7000000000000028,,1,36.1,12.266666666666667,낮음
2024-07-04,예산군,0,55.2,53.8,102.5,0.0,,1,44.8,14.933333333333332,낮음
2024-07-04,천안시,0,69.8,61.3,113.7,0.0,,1,30.200000000000003,10.066666666666668,낮음
2024-07-04,청양군,0,61.7,57.5,107.3,0.0,,1,38.3,12.766666666666666,낮음
2024-07-04,태안군,0,76.3,67.8,112.5,0.0,,1,23.700000000000003,7.900000000000001,낮음
2024-07-04,홍성군,0,69.7,60.7,114.9,0.0,,1,30.299999999999997,10.1,낮음
2024-07-05,계룡시,0,75.0,80.0,93.8,6.200000000000003,,1,25.0,10.4,낮음
2024-07-05,공주시,0,72.2,55.4,130.3,0.0,,1,27.799999999999997,9.266666666666666,낮음
2024-07-05,금산군,0,79.1,66.9,118.3,0.0,,1,20.900000000000006,6.966666666666669,낮음
2024-07-05,논산시,0,56.4,57.4,98.2,1.7999999999999972,,1,43.6,15.133333333333333,낮음
2024-07-05,당진시,0,55.5,73.8,75.3,24.700000000000003,,1,44.5,23.066666666666666,낮음
2024-07-05,보령시,0,57.5,55.5,103.5,0.0,,1,42.5,14.166666666666666,낮음
2024-07-05,부여군,0,69.3,62.9,110.2,0.0,,1,30.700000000000003,10.233333333333334,낮음
2024-07-05,서산시,0,62.2,61.3,101.5,0.0,,1,37.8,12.6,낮음
2024-07-05,서천군,0,64.6,60.6,106.6,0.0,,1,35.400000000000006,11.800000000000002,낮음
2024-07-05,아산시,0,64.0,65.5,97.6,2.4000000000000057,,1,36.0,12.800000000000002,낮음
2024-07-05,예산군,0,55.8,55.3,100.8,0.0,,1,44.2,14.733333333333334,낮음
2024-07-05,천안시,0,69.5,62.3,111.6,0.0,,1,30.5,10.166666666666666,낮음
2024-07-05,청양군,0,62.1,58.7,105.8,0.0,,1,37.9,12.633333333333333,낮음
2024-07-05,태안군,0,76.0,68.6,110.8,0.0,,1,24.0,8.0,낮음
2024-07-05,홍성군,0,69.5,62.2,111.8,0.0,,1,30.5,10.166666666666666,낮음
2024-07-06,계룡시,0,75.0,80.0,93.8,6.200000000000003,,1,25.0,10.4,낮음
2024-07-06,공주시,0,72.2,56.1,128.7,0.0,,1,27.799999999999997,9.266666666666666,낮음
2024-07-06,금산군,0,79.1,67.5,117.2,0.0,,1,20.900000000000006,6.966666666666669,낮음
2024-07-06,논산시,0,56.4,58.6,96.3,3.700000000000003,,1,43.6,15.766666666666667,낮음
2024-07-06,당진시,0,68.2,74.0,92.1,7.900000000000006,,1,31.799999999999997,13.233333333333334,낮음
2024-07-06,보령시,0,57.5,56.3,102.1,0.0,,1,42.5,14.166666666666666,낮음
2024-07-06,부여군,0,69.3,63.5,109.1,0.0,,1,30.700000000000003,10.233333333333334,낮음
2024-07-06,서산시,0,62.2,61.9,100.5,0.0,,1,37.8,12.6,낮음
2024-07-06,서천군,0,64.6,60.9,106.0,0.0,,1,35.400000000000006,11.800000000000002,낮음
2024-07-06,아산시,0,64.0,66.3,96.5,3.5,,1,36.0,13.166666666666666,낮음
2024-07-06,예산군,0,55.8,56.0,99.7,0.29999999999999716,,1,44.2,14.833333333333334,낮음
2024-07-06,천안시,0,69.5,63.2,110.0,0.0,,1,30.5,10.166666666666666,낮음
2024-07-06,청양군,0,62.1,59.3,104.7,0.0,,1,37.9,12.633333333333333,낮음
2024-07-06,태안군,0,76.0,68.9,110.3,0.0,,1,24.0,8.0,낮음
2024-07-06,홍성군,0,69.5,63.1,110.2,0.0,,1,30.5,10.166666666666666,낮음
2024-07-07,계룡시,0,75.0,80.0,93.8,6.200000000000003,,1,25.0,10.4,낮음
2024-07-07,공주시,0,73.7,56.6,130.3,0.0,,1,26.299999999999997,8.766666666666666,낮음
2024-07-07,금산군,0,75.0,67.8,110.6,0.0,,1,25.0,8.333333333333334,낮음
2024-07-07,논산시,0,56.4,59.7,94.5,5.5,,1,43.6,16.366666666666667,낮음
2024-07-07,당진시,0,68.2,74.0,92.1,7.900000000000006,,1,31.799999999999997,13.233333333333334,낮음
2024-07-07,보령시,0,65.8,57.2,115.0,0.0,,1,34.2,11.4,낮음
2024-07-07,부여군,0,68.7,63.8,107.8,0.0,,1,31.299999999999997,10.433333333333332,낮음
2024-07-07,서산시,0,62.2,62.4,99.8,0.20000000000000284,,1,37.8,12.666666666666666,낮음
2024-07-07,서천군,0,64.6,61.2,105.6,0.0,,1,35.400000000000006,11.800000000000002,낮음
2024-07-07,아산시,0,64.0,66.9,95.6,4.400000000000006,,1,36.0,13.466666666666669,낮음
2024-07-07,예산군,0,74.9,57.2,130.8,0.0,,1,25.099999999999994,8.366666666666665,낮음
2024-07-07,천안시,0,74.2,63.9,116.2,0.0,,1,25.799999999999997,8.6,낮음
2024-07-07,청양군,0,64.2,59.9,107.1,0.0,,1,35.8,11.933333333333332,낮음
2024-07-07,태안군,0,76.0,69.1,109.9,0.0,,1,24.0,8.0,낮음
2024-07-07,홍성군,0,69.5,63.7,109.2,0.0,,1,30.5,10.166666666666666,낮음
2024-07-08,계룡시,0,82.0,80.0,102.5,0.0,,1,18.0,6.0,낮음
2024-07-08,공주시,0,79.9,56.5,141.3,0.0,,1,20.099999999999994,6.699999999999998,낮음
2024-07-08,금산군,0,89.4,67.8,131.7,0.0,,1,10.599999999999994,3.5333333333333314,낮음
2024-07-08,논산시,0,77.7,60.8,127.8,0.0,,1,22.299999999999997,7.433333333333333,낮음
2024-07-08,당진시,0,58.5,74.8,78.2,21.799999999999997,,1,41.5,21.099999999999998,낮음
2024-07-08,보령시,0,76.3,57.9,131.8,0.0,,1,23.700000000000003,7.900000000000001,낮음
2024-07-08,부여군,0,83.1,63.7,130.4,0.0,,1,16.900000000000006,5.6333333333333355,낮음
2024-07-08,서산시,0,65.2,63.2,103.3,0.0,,1,34.8,11.6,낮음
2024-07-08,서천군,0,83.7,61.7,135.7,0.0,,1,16.299999999999997,5.433333333333333,낮음
2024-07-08,아산시,0,81.7,67.6,120.9,0.0,,1,18.299999999999997,6.099999999999999,낮음
2024-07-08,예산군,0,73.0,57.4,127.3,0.0,,1,27.0,9.0,낮음
2024-07-08,천안시,0,80.3,64.2,124.9,0.0,,1,19.700000000000003,6.566666666666667,낮음
2024-07-08,청양군,0,77.1,60.3,127.9,0.0,,1,22.900000000000006,7.6333333333333355,낮음
2024-07-08,태안군,0,81.1,74.2,109.3,0.0,,1,18.900000000000006,6.300000000000002,낮음
2024-07-08,홍성군,0,89.2,64.0,139.4,0.0,,1,10.799999999999997,3.599999999999999,낮음
2024-07-09,계룡시,0,82.0,80.0,102.5,0.0,,1,18.0,6.0,낮음
2024-07-09,공주시,0,89.6,57.1,157.0,0.0,,1,10.400000000000006,3.4666666666666686,낮음
2024-07-09,금산군,0,95.0,68.3,139.1,0.0,,1,5.0,1.6666666666666667,낮음
2024-07-09,논산시,0,75.6,61.5,123.0,0.0,,1,24.400000000000006,8.133333333333335,낮음
2024-07-09,당진시,0,81.1,75.1,108.0,0.0,,1,18.900000000000006,6.300000000000002,낮음
2024-07-09,보령시,0,83.5,58.4,143.1,0.0,,1,16.5,5.5,낮음
2024-07-09,부여군,0,82.6,64.1,128.8,0.0,,1,17.400000000000006,5.800000000000002,낮음
2024-07-09,서산시,0,81.8,63.6,128.5,0.0,,1,18.200000000000003,6.066666666666667,낮음
2024-07-09,서천군,0,88.6,62.4,142.0,0.0,,1,11.400000000000006,3.800000000000002,낮음
2024-07-09,아산시,0,89.8,68.1,131.9,0.0,,1,10.200000000000003,3.400000000000001,낮음
2024-07-09,예산군,0,75.5,57.8,130.6,0.0,,1,24.5,8.166666666666666,낮음
2024-07-09,천안시,0,87.2,64.7,134.7,0.0,,1,12.799999999999997,4.266666666666666,낮음
2024-07-09,청양군,0,87.6,60.6,144.5,0.0,,1,12.400000000000006,4.1333333333333355,낮음
2024-07-09,태안군,0,86.2,74.4,115.9,0.0,,1,13.799999999999997,4.599999999999999,낮음
2024-07-09,홍성군,0,93.6,64.5,145.1,0.0,,1,6.400000000000006,2.133333333333335,낮음
2024-07-10,계룡시,0,82.0,80.0,102.5,0.0,,1,18.0,6.0,낮음
2024-07-10,공주시,0,92.5,57.8,160.1,0.0,,1,7.5,2.5,낮음
2024-07-10,금산군,0,99.7,68.7,145.1,0.0,,1,0.29999999999999716,0.09999999999999905,낮음
2024-07-10,논산시,0,91.0,62.0,146.8,0.0,,1,9.0,3.0,낮음
2024-07-10,당진시,0,77.4,75.4,102.6,0.0,,1,22.599999999999994,7.533333333333331,낮음
2024-07-10,보령시,0,89.7,59.0,151.9,0.0,,1,10.299999999999997,3.4333333333333322,낮음
2024-07-10,부여군,0,95.6,64.3,148.6,0.0,,1,4.400000000000006,1.4666666666666686,낮음
2024-07-10,서산시,0,89.7,64.2,139.8,0.0,,1,10.299999999999997,3.4333333333333322,낮음
2024-07-10,서천군,0,87.4,62.9,139.1,0.0,,1,12.599999999999994,4.199999999999998,낮음
2024-07-10,아산시,0,94.9,68.6,138.5,0.0,,1,5.099999999999994,1.6999999999999982,낮음
2024-07-10,예산군,0,84.4,58.4,144.4,0.0,,1,15.599999999999994,5.199999999999998,낮음
2024-07-10,천안시,0,90.4,65.4,138.3,0.0,,1,9.599999999999994,3.199999999999998,낮음
2024-07-10,청양군,0,96.0,61.6,155.9,0.0,,1,4.0,1.3333333333333333,낮음
2024-07-10,태안군,0,92.3,74.6,123.7,0.0,,1,7.700000000000003,2.5666666666666678,낮음
2024-07-10,홍성군,0,97.4,65.1,149.5,0.0,,1,2.5999999999999943,0.8666666666666648,낮음
2024-07-11,계룡시,0,82.0,80.0,102.5,0.0,,1,18.0,6.0,낮음
2024-07-11,공주시,0,91.5,58.4,156.5,0.0,,1,8.5,2.8333333333333335,낮음
2024-07-11,금산군,0,99.5,68.8,144.5,0.0,,1,0.5,0.16666666666666666,낮음
2024-07-11,논산시,0,78.6,62.7,125.4,0.0,,1,21.400000000000006,7.1333333333333355,낮음
2024-07-11,당진시,0,73.7,75.8,97.2,2.799999999999997,,1,26.299999999999997,9.699999999999998,낮음
2024-07-11,보령시,0,83.1,59.8,139.0,0.0,,1,16.900000000000006,5.6333333333333355,낮음
2024-07-11,부여군,0,86.3,64.6,133.6,0.0,,1,13.700000000000003,4.566666666666667,낮음
2024-07-11,서산시,0,86.2,64.9,132.8,0.0,,1,13.799999999999997,4.599999999999999,낮음
2024-07-11,서천군,0,87.5,63.4,138.0,0.0,,1,12.5,4.166666666666667,낮음
2024-07-11,아산시,0,89.8,69.1,130.0,0.0,,1,10.200000000000003,3.400000000000001,낮음
2024-07-11,예산군,0,63.7,58.9,108.1,0.0,,1,36.3,12.1,낮음
2024-07-11,천안시,0,86.1,66.2,130.1,0.0,,1,13.900000000000006,4.6333333333333355,낮음
2024-07-11,청양군,0,94.1,62.1,151.5,0.0,,1,5.900000000000006,1.9666666666666686,낮음
2024-07-11,태안군,0,89.0,75.0,118.6,0.0,,1,11.0,3.6666666666666665,낮음
2024-07-11,홍성군,0,93.6,65.7,142.4,0.0,,1,6.400000000000006,2.133333333333335,낮음
2024-07-12,계룡시,0,82.0,80.0,102.5,0.0,,1,18.0,6.0,낮음
2024-07-12,공주시,0,90.6,58.8,154.1,0.0,,1,9.400000000000006,3.133333333333335,낮음
2024-07-12,금산군,0,98.3,69.4,141.7,0.0,,1,1.7000000000000028,0.5666666666666677,낮음
2024-07-12,논산시,0,69.6,63.3,110.0,0.0,,1,30.400000000000006,10.133333333333335,낮음
2024-07-12,당진시,0,70.6,76.3,92.5,7.5,,1,29.400000000000006,12.300000000000002,낮음
2024-07-12,보령시,0,79.5,60.7,131.1,0.0,,1,20.5,6.833333333333333,낮음
2024-07-12,부여군,0,82.0,64.9,126.3,0.0,,1,18.0,6.0,낮음
2024-07-12,서산시,0,83.7,65.8,127.2,0.0,,1,16.299999999999997,5.433333333333333,낮음
2024-07-12,서천군,0,87.4,64.1,136.3,0.0,,1,12.599999999999994,4.199999999999998,낮음
2024-07-12,아산시,0,82.5,70.0,117.8,0.0,,1,17.5,5.833333333333333,낮음
2024-07-12,예산군,0,63.2,59.6,106.0,0.0,,1,36.8,12.266666666666666,낮음
2024-07-12,천안시,0,84.3,67.0,125.8,0.0,,1,15.700000000000003,5.233333333333334,낮음
2024-07-12,청양군,0,93.0,63.0,147.5,0.0,,1,7.0,2.3333333333333335,낮음
2024-07-12,태안군,0,86.5,75.6,114.5,0.0,,1,13.5,4.5,낮음
2024-07-12,홍성군,0,90.3,66.6,135.5,0.0,,1,9.700000000000003,3.2333333333333343,낮음
2024-07-13,계룡시,0,82.0,80.0,102.5,0.0,,1,18.0,6.0,낮음
2024-07-13,공주시,0,89.9,59.3,151.7,0.0,,1,10.099999999999994,3.366666666666665,낮음
2024-07-13,금산군,0,96.8,69.6,139.1,0.0,,1,3.200000000000003,1.0666666666666675,낮음
2024-07-13,논산시,0,66.5,63.7,104.4,0.0,,1,33.5,11.166666666666666,낮음
2024-07-13,당진시,0,70.1,76.9,91.1,8.900000000000006,,1,29.900000000000006,12.933333333333337,낮음
2024-07-13,보령시,0,79.4,61.6,128.8,0.0,,1,20.599999999999994,6.8666666666666645,낮음
2024-07-13,부여군,0,80.7,65.4,123.3,0.0,,1,19.299999999999997,6.433333333333333,낮음
2024-07-13,서산시,0,82.1,66.7,123.1,0.0,,1,17.900000000000006,5.966666666666669,낮음
2024-07-13,서천군,0,99.4,65.0,153.0,0.0,,1,0.5999999999999943,0.1999999999999981,낮음
2024-07-13,아산시,0,81.6,71.0,114.9,0.0,,1,18.400000000000006,6.1333333333333355,낮음
2024-07-13,예산군,0,64.2,60.4,106.2,0.0,,1,35.8,11.933333333333332,낮음
2024-07-13,천안시,0,83.4,67.8,122.9,0.0,,1,16.599999999999994,5.533333333333331,낮음
2024-07-13,청양군,0,92.2,63.4,145.4,0.0,,1,7.799999999999997,2.599999999999999,낮음
2024-07-13,태안군,0,85.5,76.1,112.3,0.0,,1,14.5,4.833333333333333,낮음
2024-07-13,홍성군,0,89.3,67.4,132.6,0.0,,1,10.700000000000003,3.5666666666666678,낮음
2024-07-14,계룡시,0,82.0,80.0,102.5,0.0,,1,18.0,6.0,낮음
2024-07-14,공주시,0,86.2,60.4,142.7,0.0,,1,13.799999999999997,4.599999999999999,낮음
2024-07-14,금산군,0,96.8,70.2,137.9,0.0,,1,3.200000000000003,1.0666666666666675,낮음
2024-07-14,논산시,0,66.5,64.9,102.4,0.0,,1,33.5,11.166666666666666,낮음
2024-07-14,당진시,0,70.1,77.9,90.0,10.0,,1,29.900000000000006,13.300000000000002,낮음
2024-07-14,보령시,0,79.4,62.7,126.6,0.0,,1,20.599999999999994,6.8666666666666645,낮음
2024-07-14,부여군,0,80.7,67.7,119.1,0.0,,1,19.299999999999997,6.433333333333333,낮음
2024-07-14,서산시,0,82.1,68.4,120.1,0.0,,1,17.900000000000006,5.966666666666669,낮음
2024-07-14,서천군,0,99.4,66.2,150.2,0.0,,1,0.5999999999999943,0.1999999999999981,낮음
2024-07-14,아산시,0,81.6,72.9,112.0,0.0,,1,18.400000000000006,6.1333333333333355,낮음
2024-07-14,예산군,0,64.2,62.0,103.4,0.0,,1,35.8,11.933333333333332,낮음
2024-07-14,천안시,0,83.4,69.1,120.7,0.0,,1,16.599999999999994,5.533333333333331,낮음
2024-07-14,청양군,0,92.2,65.0,141.9,0.0,,1,7.799999999999997,2.599999999999999,낮음
2024-07-14,태안군,0,85.5,77.2,110.7,0.0,,1,14.5,4.833333333333333,낮음
2024-07-14,홍성군,0,89.3,68.6,130.2,0.0,,1,10.700000000000003,3.5666666666666678,낮음
2024-07-15,계룡시,0,82.0,80.0,102.5,0.0,,1,18.0,6.0,낮음
2024-07-15,공주시,0,84.3,61.3,137.5,0.0,,1,15.700000000000003,5.233333333333334,낮음
2024-07-15,금산군,0,76.0,70.5,107.8,0.0,,1,24.0,8.0,낮음
2024-07-15,논산시,0,60.6,64.1,94.6,5.400000000000006,,1,39.4,14.933333333333335,낮음
2024-07-15,당진시,0,66.3,77.9,85.2,14.799999999999997,,1,33.7,16.166666666666668,낮음
2024-07-15,보령시,0,77.3,63.3,122.2,0.0,,1,22.700000000000003,7.566666666666667,낮음
2024-07-15,부여군,0,79.7,68.1,117.0,0.0,,1,20.299999999999997,6.766666666666666,낮음
2024-07-15,서산시,0,80.8,69.3,116.6,0.0,,1,19.200000000000003,6.400000000000001,낮음
2024-07-15,서천군,0,90.9,66.6,136.7,0.0,,1,9.099999999999994,3.0333333333333314,낮음
2024-07-15,아산시,0,79.1,74.1,106.8,0.0,,1,20.900000000000006,6.966666666666669,낮음
2024-07-15,예산군,0,70.7,62.2,113.8,0.0,,1,29.299999999999997,9.766666666666666,낮음
2024-07-15,천안시,0,78.4,69.8,112.4,0.0,,1,21.599999999999994,7.199999999999998,낮음
2024-07-15,청양군,0,89.3,65.6,136.2,0.0,,1,10.700000000000003,3.5666666666666678,낮음
2024-07-15,태안군,0,81.0,78.1,103.8,0.0,,1,19.0,6.333333333333333,낮음
2024-07-15,홍성군,0,85.1,69.1,123.1,0.0,,1,14.900000000000006,4.966666666666669,낮음
2024-07-16,계룡시,0,82.0,80.0,102.5,0.0,,1,18.0,6.0,낮음
2024-07-16,공주시,0,83.7,61.8,135.4,0.0,,1,16.299999999999997,5.433333333333333,낮음
2024-07-16,금산군,0,72.9,70.7,103.1,0.0,,1,27.099999999999994,9.033333333333331,낮음
2024-07-16,논산시,0,61.3,64.5,95.0,5.0,,1,38.7,14.566666666666668,낮음
2024-07-16,당진시,0,65.7,78.0,84.3,15.700000000000003,,1,34.3,16.666666666666668,낮음
2024-07-16,보령시,0,77.5,63.8,121.4,0.0,,1,22.5,7.5,낮음
2024-07-16,부여군,0,77.2,68.1,113.4,0.0,,1,22.799999999999997,7.599999999999999,낮음
2024-07-16,서산시,0,78.4,70.0,112.0,0.0,,1,21.599999999999994,7.199999999999998,낮음
2024-07-16,서천군,0,87.3,66.6,131.1,0.0,,1,12.700000000000003,4.233333333333334,낮음
2024-07-16,아산시,0,78.5,74.9,104.9,0.0,,1,21.5,7.166666666666667,낮음
2024-07-16,예산군,0,72.1,62.2,115.9,0.0,,1,27.900000000000006,9.300000000000002,낮음
2024-07-16,천안시,0,77.2,70.5,109.4,0.0,,1,22.799999999999997,7.599999999999999,낮음
2024-07-16,청양군,0,87.9,65.9,133.3,0.0,,1,12.099999999999994,4.033333333333331,낮음
2024-07-16,태안군,0,80.3,78.9,101.7,0.0,,1,19.700000000000003,6.566666666666667,낮음
2024-07-16,홍성군,0,83.2,69.4,119.9,0.0,,1,16.799999999999997,5.599999999999999,낮음
2024-07-17,계룡시,0,82.0,80.0,102.5,0.0,,1,18.0,6.0,낮음
2024-07-17,공주시,0,88.5,62.1,142.4,0.0,,1,11.5,3.8333333333333335,낮음
2024-07-17,금산군,0,74.8,70.8,105.7,0.0,,1,25.200000000000003,8.4,낮음
2024-07-17,논산시,0,68.6,64.7,106.0,0.0,,1,31.400000000000006,10.466666666666669,낮음
2024-07-17,당진시,0,74.2,78.3,94.8,5.200000000000003,,1,25.799999999999997,10.333333333333334,낮음
2024-07-17,보령시,0,80.4,64.3,125.1,0.0,,1,19.599999999999994,6.533333333333331,낮음
2024-07-17,부여군,0,81.1,68.1,119.1,0.0,,1,18.900000000000006,6.300000000000002,낮음
2024-07-17,서산시,0,82.2,70.6,116.5,0.0,,1,17.799999999999997,5.933333333333333,낮음
2024-07-17,서천군,0,85.4,66.4,128.6,0.0,,1,14.599999999999994,4.8666666666666645,낮음
2024-07-17,아산시,0,85.8,75.7,113.4,0.0,,1,14.200000000000003,4.733333333333334,낮음
2024-07-17,예산군,0,69.4,62.2,111.6,0.0,,1,30.599999999999994,10.199999999999998,낮음
2024-07-17,천안시,0,81.4,71.1,114.5,0.0,,1,18.599999999999994,6.199999999999998,낮음
2024-07-17,청양군,0,89.6,66.2,135.3,0.0,,1,10.400000000000006,3.4666666666666686,낮음
2024-07-17,태안군,0,82.7,79.3,104.3,0.0,,1,17.299999999999997,5.766666666666666,낮음
2024-07-17,홍성군,0,87.2,69.8,125.0,0.0,,1,12.799999999999997,4.266666666666666,낮음
2024-07-18,계룡시,0,82.0,80.0,102.5,0.0,,1,18.0,6.0,낮음
2024-07-18,공주시,0,90.5,62.5,144.8,0.0,,1,9.5,3.1666666666666665,낮음
2024-07-18,금산군,0,71.7,70.8,101.3,0.0,,1,28.299999999999997,9.433333333333332,낮음
2024-07-18,논산시,0,66.3,65.1,101.9,0.0,,1,33.7,11.233333333333334,낮음
2024-07-18,당진시,0,93.5,78.4,119.2,0.0,,1,6.5,2.1666666666666665,낮음
2024-07-18,보령시,0,83.5,64.9,128.6,0.0,,1,16.5,5.5,낮음
2024-07-18,부여군,0,79.5,68.0,116.9,0.0,,1,20.5,6.833333333333333,낮음
2024-07-18,서산시,0,85.0,70.9,119.8,0.0,,1,15.0,5.0,낮음
2024-07-18,서천군,0,80.2,66.2,121.2,0.0,,1,19.799999999999997,6.599999999999999,낮음
2024-07-18,아산시,0,80.1,76.6,104.5,0.0,,1,19.900000000000006,6.6333333333333355,낮음
2024-07-18,예산군,0,64.2,62.7,102.4,0.0,,1,35.8,11.933333333333332,낮음
2024-07-18,천안시,0,90.7,71.6,126.6,0.0,,1,9.299999999999997,3.099999999999999,낮음
2024-07-18,청양군,0,92.1,66.6,138.3,0.0,,1,7.900000000000006,2.633333333333335,낮음
2024-07-18,태안군,0,85.5,79.2,108.0,0.0,,1,14.5,4.833333333333333,낮음
2024-07-18,홍성군,0,84.7,70.6,120.0,0.0,,1,15.299999999999997,5.099999999999999,낮음
2024-07-19,계룡시,0,82.0,80.0,102.5,0.0,,1,18.0,6.0,낮음
2024-07-19,공주시,0,90.3,62.9,143.6,0.0,,1,9.700000000000003,3.2333333333333343,낮음
2024-07-19,금산군,0,73.9,70.9,104.2,0.0,,1,26.099999999999994,8.699999999999998,낮음
2024-07-19,논산시,0,66.8,65.4,102.0,0.0,,1,33.2,11.066666666666668,낮음
2024-07-19,당진시,0,84.3,78.6,107.3,0.0,,1,15.700000000000003,5.233333333333334,낮음
2024-07-19,보령시,0,83.4,65.4,127.5,0.0,,1,16.599999999999994,5.533333333333331,낮음
2024-07-19,부여군,0,78.7,68.6,114.8,0.0,,1,21.299999999999997,7.099999999999999,낮음
2024-07-19,서산시,0,87.4,71.2,122.7,0.0,,1,12.599999999999994,4.199999999999998,낮음
2024-07-19,서천군,0,80.7,66.4,121.6,0.0,,1,19.299999999999997,6.433333333333333,낮음
2024-07-19,아산시,0,86.7,76.8,112.8,0.0,,1,13.299999999999997,4.433333333333333,낮음
2024-07-19,예산군,0,66.7,62.9,106.1,0.0,,1,33.3,11.1,낮음
2024-07-19,천안시,0,87.8,71.8,122.3,0.0,,1,12.200000000000003,4.066666666666667,낮음
2024-07-19,청양군,0,93.3,67.0,139.2,0.0,,1,6.700000000000003,2.2333333333333343,낮음
2024-07-19,태안군,0,85.2,79.4,107.4,0.0,,1,14.799999999999997,4.933333333333333,낮음
2024-07-19,홍성군,0,89.9,71.0,126.6,0.0,,1,10.099999999999994,3.366666666666665,낮음
2024-07-20,계룡시,0,82.0,80.0,102.5,0.0,,1,18.0,6.0,낮음
2024-07-20,공주시,0,90.3,63.2,142.9,0.0,,1,9.700000000000003,3.2333333333333343,낮음
2024-07-20,금산군,0,73.9,70.8,104.4,0.0,,1,26.099999999999994,8.699999999999998,낮음
2024-07-20,논산시,0,66.8,65.4,102.1,0.0,,1,33.2,11.066666666666668,낮음
2024-07-20,당진시,0,84.3,78.8,107.0,0.0,,1,15.700000000000003,5.233333333333334,낮음
2024-07-20,보령시,0,83.4,66.4,125.5,0.0,,1,16.599999999999994,5.533333333333331,낮음
2024-07-20,부여군,0,78.7,68.5,114.9,0.0,,1,21.299999999999997,7.099999999999999,낮음
2024-07-20,서산시,0,87.4,71.7,122.0,0.0,,1,12.599999999999994,4.199999999999998,낮음
2024-07-20,서천군,0,80.7,66.3,121.8,0.0,,1,19.299999999999997,6.433333333333333,낮음
2024-07-20,아산시,0,86.7,77.6,111.7,0.0,,1,13.299999999999997,4.433333333333333,낮음
2024-07-20,예산군,0,66.7,62.9,106.2,0.0,,1,33.3,11.1,낮음
2024-07-20,천안시,0,87.8,72.1,121.9,0.0,,1,12.200000000000003,4.066666666666667,낮음
2024-07-20,청양군,0,93.3,67.2,138.8,0.0,,1,6.700000000000003,2.2333333333333343,낮음
2024-07-20,태안군,0,85.2,79.7,107.0,0.0,,1,14.799999999999997,4.933333333333333,낮음
2024-07-20,홍성군,0,89.9,71.2,126.2,0.0,,1,10.099999999999994,3.366666666666665,낮음
2024-07-21,계룡시,0,82.0,80.0,102.5,0.0,,1,18.0,6.0,낮음
2024-07-21,공주시,0,90.3,63.5,142.1,0.0,,1,9.700000000000003,3.2333333333333343,낮음
2024-07-21,금산군,0,73.9,70.9,104.3,0.0,,1,26.099999999999994,8.699999999999998,낮음
2024-07-21,논산시,0,66.8,65.6,101.8,0.0,,1,33.2,11.066666666666668,낮음
2024-07-21,당진시,0,84.3,79.0,106.7,0.0,,1,15.700000000000003,5.233333333333334,낮음
2024-07-21,보령시,0,83.4,67.6,123.4,0.0,,1,16.599999999999994,5.533333333333331,낮음
2024-07-21,부여군,0,78.7,68.3,115.1,0.0,,1,21.299999999999997,7.099999999999999,낮음
2024-07-21,서산시,0,87.4,72.0,121.3,0.0,,1,12.599999999999994,4.199999999999998,낮음
2024-07-21,서천군,0,80.7,66.4,121.7,0.0,,1,19.299999999999997,6.433333333333333,낮음
2024-07-21,아산시,0,86.7,78.2,110.8,0.0,,1,13.299999999999997,4.433333333333333,낮음
2024-07-21,예산군,0,66.7,63.1,105.7,0.0,,1,33.3,11.1,낮음
2024-07-21,천안시,0,87.8,72.4,121.4,0.0,,1,12.200000000000003,4.066666666666667,낮음
2024-07-21,청양군,0,93.3,67.5,138.1,0.0,,1,6.700000000000003,2.2333333333333343,낮음
2024-07-21,태안군,0,85.2,79.8,106.9,0.0,,1,14.799999999999997,4.933333333333333,낮음
2024-07-21,홍성군,0,89.9,71.4,125.8,0.0,,1,10.099999999999994,3.366666666666665,낮음
2024-07-22,계룡시,0,82.0,80.0,102.5,0.0,,1,18.0,6.0,낮음
2024-07-22,공주시,0,87.4,63.7,137.2,0.0,,1,12.599999999999994,4.199999999999998,낮음
2024-07-22,금산군,0,80.0,70.8,112.9,0.0,,1,20.0,6.666666666666667,낮음
2024-07-22,논산시,0,61.7,65.6,94.0,6.0,,1,38.3,14.766666666666666,낮음
2024-07-22,당진시,0,66.6,78.9,84.4,15.599999999999994,,1,33.400000000000006,16.333333333333332,낮음
2024-07-22,보령시,0,78.9,68.1,115.9,0.0,,1,21.099999999999994,7.033333333333331,낮음
2024-07-22,부여군,0,77.0,68.1,113.0,0.0,,1,23.0,7.666666666666667,낮음
2024-07-22,서산시,0,84.9,72.2,117.7,0.0,,1,15.099999999999994,5.033333333333331,낮음
2024-07-22,서천군,0,78.1,66.5,117.6,0.0,,1,21.900000000000006,7.300000000000002,낮음
2024-07-22,아산시,0,81.2,78.5,103.3,0.0,,1,18.799999999999997,6.266666666666666,낮음
2024-07-22,예산군,0,74.3,63.2,117.5,0.0,,1,25.700000000000003,8.566666666666668,낮음
2024-07-22,천안시,0,80.8,72.4,111.5,0.0,,1,19.200000000000003,6.400000000000001,낮음
2024-07-22,청양군,0,91.0,67.9,134.0,0.0,,1,9.0,3.0,낮음
2024-07-22,태안군,0,81.2,79.3,102.3,0.0,,1,18.799999999999997,6.266666666666666,낮음
2024-07-22,홍성군,0,85.6,71.5,119.7,0.0,,1,14.400000000000006,4.800000000000002,낮음
2024-07-23,계룡시,0,82.0,80.0,102.5,0.0,,1,18.0,6.0,낮음
2024-07-23,공주시,0,86.1,64.2,134.1,0.0,,1,13.900000000000006,4.6333333333333355,낮음
2024-07-23,금산군,0,79.2,70.8,111.8,0.0,,1,20.799999999999997,6.933333333333333,낮음
2024-07-23,논산시,0,60.4,65.6,92.0,8.0,,1,39.6,15.866666666666667,낮음
2024-07-23,당진시,0,69.6,79.2,87.8,12.200000000000003,,1,30.400000000000006,14.200000000000003,낮음
2024-07-23,보령시,0,78.7,68.8,114.4,0.0,,1,21.299999999999997,7.099999999999999,낮음
2024-07-23,부여군,0,77.7,68.3,113.8,0.0,,1,22.299999999999997,7.433333333333333,낮음
2024-07-23,서산시,0,82.9,72.7,114.0,0.0,,1,17.099999999999994,5.699999999999998,낮음
2024-07-23,서천군,0,78.6,66.5,118.3,0.0,,1,21.400000000000006,7.1333333333333355,낮음
2024-07-23,아산시,0,80.0,79.4,100.7,0.0,,1,20.0,6.666666666666667,낮음
2024-07-23,예산군,0,76.9,63.4,121.4,0.0,,1,23.099999999999994,7.699999999999998,낮음
2024-07-23,천안시,0,80.5,73.0,110.2,0.0,,1,19.5,6.5,낮음
2024-07-23,청양군,0,89.7,68.4,131.2,0.0,,1,10.299999999999997,3.4333333333333322,낮음
2024-07-23,태안군,0,81.1,79.7,101.8,0.0,,1,18.900000000000006,6.300000000000002,낮음
2024-07-23,홍성군,0,85.9,71.8,119.7,0.0,,1,14.099999999999994,4.699999999999998,낮음
2024-07-24,계룡시,0,82.0,80.0,102.5,0.0,,1,18.0,6.0,낮음
2024-07-24,공주시,0,85.4,64.6,132.2,0.0,,1,14.599999999999994,4.8666666666666645,낮음
2024-07-24,금산군,0,76.2,70.6,108.0,0.0,,1,23.799999999999997,7.933333333333333,낮음
2024-07-24,논산시,0,59.3,65.5,90.5,9.5,,1,40.7,16.733333333333334,낮음
2024-07-24,당진시,0,69.4,80.1,86.7,13.299999999999997,,1,30.599999999999994,14.633333333333331,낮음
2024-07-24,보령시,0,80.0,69.6,114.9,0.0,,1,20.0,6.666666666666667,낮음
2024-07-24,부여군,0,77.9,68.6,113.6,0.0,,1,22.099999999999994,7.3666666666666645,낮음
2024-07-24,서산시,0,84.9,73.6,115.4,0.0,,1,15.099999999999994,5.033333333333331,낮음
2024-07-24,서천군,0,79.1,66.6,118.8,0.0,,1,20.900000000000006,6.966666666666669,낮음
2024-07-24,아산시,0,83.1,80.2,103.6,0.0,,1,16.900000000000006,5.6333333333333355,낮음
2024-07-24,예산군,0,70.8,63.7,111.2,0.0,,1,29.200000000000003,9.733333333333334,낮음
2024-07-24,천안시,0,82.1,73.9,111.0,0.0,,1,17.900000000000006,5.966666666666669,낮음
2024-07-24,청양군,0,86.5,68.8,125.6,0.0,,1,13.5,4.5,낮음
2024-07-24,태안군,0,84.5,79.9,105.8,0.0,,1,15.5,5.166666666666667,낮음
2024-07-24,홍성군,0,87.9,72.3,121.6,0.0,,1,12.099999999999994,4.033333333333331,낮음
2024-07-25,계룡시,0,82.0,80.0,102.5,0.0,,1,18.0,6.0,낮음
2024-07-25,공주시,0,84.4,64.7,130.4,0.0,,1,15.599999999999994,5.199999999999998,낮음
2024-07-25,금산군,0,73.1,70.3,104.0,0.0,,1,26.900000000000006,8.966666666666669,낮음
2024-07-25,논산시,0,59.5,65.7,90.7,9.299999999999997,,1,40.5,16.599999999999998,낮음
2024-07-25,당진시,0,69.3,80.1,86.4,13.599999999999994,,1,30.700000000000003,14.766666666666666,낮음
2024-07-25,보령시,0,80.1,70.0,114.4,0.0,,1,19.900000000000006,6.6333333333333355,낮음
2024-07-25,부여군,0,78.0,68.6,113.7,0.0,,1,22.0,7.333333333333333,낮음
2024-07-25,서산시,0,84.7,74.0,114.5,0.0,,1,15.299999999999997,5.099999999999999,낮음
2024-07-25,서천군,0,79.3,66.4,119.4,0.0,,1,20.700000000000003,6.900000000000001,낮음
2024-07-25,아산시,0,84.7,80.7,105.0,0.0,,1,15.299999999999997,5.099999999999999,낮음
2024-07-25,예산군,0,70.5,63.4,111.3,0.0,,1,29.5,9.833333333333334,낮음
2024-07-25,천안시,0,82.1,74.6,110.0,0.0,,1,17.900000000000006,5.966666666666669,낮음
2024-07-25,청양군,0,84.9,69.0,123.0,0.0,,1,15.099999999999994,5.033333333333331,낮음
2024-07-25,태안군,0,83.7,79.8,104.9,0.0,,1,16.299999999999997,5.433333333333333,낮음
2024-07-25,홍성군,0,88.3,72.3,122.1,0.0,,1,11.700000000000003,3.900000000000001,낮음
2024-07-26,계룡시,0,82.0,80.0,102.5,0.0,,1,18.0,6.0,낮음
2024-07-26,공주시,0,83.4,64.8,128.7,0.0,,1,16.599999999999994,5.533333333333331,낮음
2024-07-26,금산군,0,71.1,70.4,101.0,0.0,,1,28.900000000000006,9.633333333333335,낮음
2024-07-26,논산시,0,60.6,65.8,92.1,7.900000000000006,,1,39.4,15.766666666666667,낮음
2024-07-26,당진시,0,68.5,80.1,85.6,14.400000000000006,,1,31.5,15.300000000000002,낮음
2024-07-26,보령시,0,81.0,70.2,115.3,0.0,,1,19.0,6.333333333333333,낮음
2024-07-26,부여군,0,78.5,68.8,114.2,0.0,,1,21.5,7.166666666666667,낮음
2024-07-26,서산시,0,85.2,74.3,114.8,0.0,,1,14.799999999999997,4.933333333333333,낮음
2024-07-26,서천군,0,79.9,66.3,120.6,0.0,,1,20.099999999999994,6.699999999999998,낮음
2024-07-26,아산시,0,84.2,81.1,103.9,0.0,,1,15.799999999999997,5.266666666666666,낮음
2024-07-26,예산군,0,73.0,63.4,115.0,0.0,,1,27.0,9.0,낮음
2024-07-26,천안시,0,81.3,75.1,108.2,0.0,,1,18.700000000000003,6.233333333333334,낮음
2024-07-26,청양군,0,83.1,69.0,120.5,0.0,,1,16.900000000000006,5.6333333333333355,낮음
2024-07-26,태안군,0,80.6,79.9,100.9,0.0,,1,19.400000000000006,6.466666666666669,낮음
2024-07-26,홍성군,0,89.3,72.4,123.3,0.0,,1,10.700000000000003,3.5666666666666678,낮음
2024-07-27,계룡시,0,82.0,80.0,102.5,0.0,,1,18.0,6.0,낮음
2024-07-27,공주시,0,83.4,64.8,128.7,0.0,,1,16.599999999999994,5.533333333333331,낮음
2024-07-27,금산군,0,71.1,70.4,101.0,0.0,,1,28.900000000000006,9.633333333333335,낮음
2024-07-27,논산시,0,60.6,65.7,92.2,7.799999999999997,,1,39.4,15.733333333333333,낮음
2024-07-27,당진시,0,68.5,80.1,85.6,14.400000000000006,,1,31.5,15.300000000000002,낮음
2024-07-27,보령시,0,81.0,70.1,115.5,0.0,,1,19.0,6.333333333333333,낮음
2024-07-27,부여군,0,78.5,68.6,114.4,0.0,,1,21.5,7.166666666666667,낮음
2024-07-27,서산시,0,85.2,74.3,114.6,0.0,,1,14.799999999999997,4.933333333333333,낮음
2024-07-27,서천군,0,79.9,65.8,121.4,0.0,,1,20.099999999999994,6.699999999999998,낮음
2024-07-27,아산시,0,84.2,81.5,103.4,0.0,,1,15.799999999999997,5.266666666666666,낮음
2024-07-27,예산군,0,73.0,63.3,115.2,0.0,,1,27.0,9.0,낮음
2024-07-27,천안시,0,81.3,75.6,107.6,0.0,,1,18.700000000000003,6.233333333333334,낮음
2024-07-27,청양군,0,83.1,68.9,120.6,0.0,,1,16.900000000000006,5.6333333333333355,낮음
2024-07-27,태안군,0,80.6,80.0,100.8,0.0,,1,19.400000000000006,6.466666666666669,낮음
2024-07-27,홍성군,0,89.3,72.4,123.3,0.0,,1,10.700000000000003,3.5666666666666678,낮음
2024-07-28,계룡시,0,82.0,80.0,102.5,0.0,,1,18.0,6.0,낮음
2024-07-28,공주시,0,83.4,64.7,128.8,0.0,,1,16.599999999999994,5.533333333333331,낮음
2024-07-28,금산군,0,71.1,70.2,101.2,0.0,,1,28.900000000000006,9.633333333333335,낮음
2024-07-28,논산시,0,60.6,65.6,92.4,7.599999999999994,,1,39.4,15.666666666666664,낮음
2024-07-28,당진시,0,68.5,80.1,85.6,14.400000000000006,,1,31.5,15.300000000000002,낮음
2024-07-28,보령시,0,81.0,70.1,115.5,0.0,,1,19.0,6.333333333333333,낮음
2024-07-28,부여군,0,78.5,68.6,114.4,0.0,,1,21.5,7.166666666666667,낮음
2024-07-28,서산시,0,85.2,74.5,114.4,0.0,,1,14.799999999999997,4.933333333333333,낮음
2024-07-28,서천군,0,79.9,65.6,121.9,0.0,,1,20.099999999999994,6.699999999999998,낮음
2024-07-28,아산시,0,84.2,81.8,103.0,0.0,,1,15.799999999999997,5.266666666666666,낮음
2024-07-28,예산군,0,73.0,63.3,115.3,0.0,,1,27.0,9.0,낮음
2024-07-28,천안시,0,81.3,75.7,107.3,0.0,,1,18.700000000000003,6.233333333333334,낮음
2024-07-28,청양군,0,83.1,68.8,120.8,0.0,,1,16.900000000000006,5.6333333333333355,낮음
2024-07-28,태안군,0,80.6,79.8,101.1,0.0,,1,19.400000000000006,6.466666666666669,낮음
2024-07-28,홍성군,0,89.3,72.3,123.5,0.0,,1,10.700000000000003,3.5666666666666678,낮음
2024-07-29,계룡시,0,80.0,80.0,100.0,0.0,,1,20.0,6.666666666666667,낮음
2024-07-29,공주시,0,80.7,64.8,124.6,0.0,,1,19.299999999999997,6.433333333333333,낮음
2024-07-29,금산군,0,76.7,70.1,109.5,0.0,,1,23.299999999999997,7.766666666666666,낮음
2024-07-29,논산시,0,62.5,65.4,95.5,4.5,,1,37.5,14.0,낮음
2024-07-29,당진시,0,70.3,80.2,87.7,12.299999999999997,,1,29.700000000000003,14.0,낮음
2024-07-29,보령시,0,83.0,70.2,118.2,0.0,,1,17.0,5.666666666666667,낮음
2024-07-29,부여군,0,79.8,68.5,116.4,0.0,,1,20.200000000000003,6.733333333333334,낮음
2024-07-29,서산시,0,84.6,74.6,113.4,0.0,,1,15.400000000000006,5.1333333333333355,낮음
2024-07-29,서천군,0,82.1,65.3,125.7,0.0,,1,17.900000000000006,5.966666666666669,낮음
2024-07-29,아산시,0,82.1,82.1,100.0,0.0,,1,17.900000000000006,5.966666666666669,낮음
2024-07-29,예산군,0,77.4,63.4,122.0,0.0,,1,22.599999999999994,7.533333333333331,낮음
2024-07-29,천안시,0,80.5,76.0,105.9,0.0,,1,19.5,6.5,낮음
2024-07-29,청양군,0,82.0,68.7,119.2,0.0,,1,18.0,6.0,낮음
2024-07-29,태안군,0,80.4,79.7,100.9,0.0,,1,19.599999999999994,6.533333333333331,낮음
2024-07-29,홍성군,0,82.8,72.3,114.5,0.0,,1,17.200000000000003,5.733333333333334,낮음
2024-07-30,계룡시,0,80.0,80.0,100.0,0.0,,1,20.0,6.666666666666667,낮음
2024-07-30,공주시,0,80.0,64.7,123.7,0.0,,1,20.0,6.666666666666667,낮음
2024-07-30,금산군,0,75.8,70.0,108.3,0.0,,1,24.200000000000003,8.066666666666668,낮음
2024-07-30,논산시,0,63.0,65.1,96.9,3.0999999999999943,,1,37.0,13.366666666666665,낮음
2024-07-30,당진시,0,70.1,80.3,87.3,12.700000000000003,,1,29.900000000000006,14.200000000000003,낮음
2024-07-30,보령시,0,82.3,70.1,117.4,0.0,,1,17.700000000000003,5.900000000000001,낮음
2024-07-30,부여군,0,80.0,68.3,117.2,0.0,,1,20.0,6.666666666666667,낮음
2024-07-30,서산시,0,83.0,74.7,111.2,0.0,,1,17.0,5.666666666666667,낮음
2024-07-30,서천군,0,82.4,65.0,126.8,0.0,,1,17.599999999999994,5.8666666666666645,낮음
2024-07-30,아산시,0,80.2,82.2,97.5,2.5,,1,19.799999999999997,7.433333333333333,낮음
2024-07-30,예산군,0,76.7,63.2,121.4,0.0,,1,23.299999999999997,7.766666666666666,낮음
2024-07-30,천안시,0,80.0,76.3,104.9,0.0,,1,20.0,6.666666666666667,낮음
2024-07-30,청양군,0,81.6,68.7,118.8,0.0,,1,18.400000000000006,6.1333333333333355,낮음
2024-07-30,태안군,0,78.5,79.4,98.9,1.0999999999999943,,1,21.5,7.533333333333331,낮음
2024-07-30,홍성군,0,82.6,72.0,114.7,0.0,,1,17.400000000000006,5.800000000000002,낮음
2024-07-31,계룡시,0,80.0,80.0,100.0,0.0,,1,20.0,6.666666666666667,낮음
2024-07-31,공주시,0,78.9,64.4,122.5,0.0,,1,21.099999999999994,7.033333333333331,낮음
2024-07-31,금산군,0,74.9,69.8,107.4,0.0,,1,25.099999999999994,8.366666666666665,낮음
2024-07-31,논산시,0,63.3,64.9,97.5,2.5,,1,36.7,13.066666666666668,낮음
2024-07-31,당진시,0,72.3,80.3,90.1,9.900000000000006,,1,27.700000000000003,12.533333333333337,낮음
2024-07-31,보령시,0,81.7,69.9,116.9,0.0,,1,18.299999999999997,6.099999999999999,낮음
2024-07-31,부여군,0,80.0,67.8,117.9,0.0,,1,20.0,6.666666666666667,낮음
2024-07-31,서산시,0,81.2,74.6,108.8,0.0,,1,18.799999999999997,6.266666666666666,낮음
2024-07-31,서천군,0,82.9,64.7,128.1,0.0,,1,17.099999999999994,5.699999999999998,낮음
2024-07-31,아산시,0,79.1,82.2,96.2,3.799999999999997,,1,20.900000000000006,8.233333333333334,낮음
2024-07-31,예산군,0,76.0,62.9,120.8,0.0,,1,24.0,8.0,낮음
2024-07-31,천안시,0,79.7,76.6,104.0,0.0,,1,20.299999999999997,6.766666666666666,낮음
2024-07-31,청양군,0,81.3,68.5,118.8,0.0,,1,18.700000000000003,6.233333333333334,낮음
2024-07-31,태안군,0,77.5,79.0,98.1,1.9000000000000057,,1,22.5,8.133333333333335,낮음
2024-07-31,홍성군,0,82.7,71.5,115.6,0.0,,1,17.299999999999997,5.766666666666666,낮음
2024-08-01,계룡시,0,80.0,80.0,100.0,0.0,,2,20.0,6.666666666666667,낮음
2024-08-01,공주시,0,77.7,64.2,121.0,0.0,,2,22.299999999999997,7.433333333333333,낮음
2024-08-01,금산군,0,73.9,69.5,106.3,0.0,,2,26.099999999999994,8.699999999999998,낮음
2024-08-01,논산시,0,62.9,64.7,97.2,2.799999999999997,,2,37.1,13.299999999999999,낮음
2024-08-01,당진시,0,72.7,80.3,90.6,9.400000000000006,,2,27.299999999999997,12.233333333333334,낮음
2024-08-01,보령시,0,80.3,69.7,115.3,0.0,,2,19.700000000000003,6.566666666666667,낮음
2024-08-01,부여군,0,79.1,67.4,117.3,0.0,,2,20.900000000000006,6.966666666666669,낮음
2024-08-01,서산시,0,79.3,74.5,106.4,0.0,,2,20.700000000000003,6.900000000000001,낮음
2024-08-01,서천군,0,82.3,64.3,128.0,0.0,,2,17.700000000000003,5.900000000000001,낮음
2024-08-01,아산시,0,78.4,82.1,95.6,4.400000000000006,,2,21.599999999999994,8.666666666666666,낮음
2024-08-01,예산군,0,75.1,62.5,120.1,0.0,,2,24.900000000000006,8.300000000000002,낮음
2024-08-01,천안시,0,78.8,76.6,102.9,0.0,,2,21.200000000000003,7.066666666666667,낮음
2024-08-01,청양군,0,80.8,68.3,118.4,0.0,,2,19.200000000000003,6.400000000000001,낮음
2024-08-01,태안군,0,75.4,78.8,95.7,4.299999999999997,,2,24.599999999999994,9.633333333333331,낮음
2024-08-01,홍성군,0,82.1,71.1,115.5,0.0,,2,17.900000000000006,5.966666666666669,낮음
2024-08-02,계룡시,0,80.0,80.0,100.0,0.0,,1,20.0,6.666666666666667,낮음
2024-08-02,공주시,0,76.4,64.0,119.4,0.0,,1,23.599999999999994,7.8666666666666645,낮음
2024-08-02,금산군,0,72.8,69.4,104.9,0.0,,1,27.200000000000003,9.066666666666668,낮음
2024-08-02,논산시,0,62.0,64.2,96.6,3.4000000000000057,,1,38.0,13.800000000000002,낮음
2024-08-02,당진시,0,73.2,80.3,91.1,8.900000000000006,,1,26.799999999999997,11.9,낮음
2024-08-02,보령시,0,79.2,69.4,114.3,0.0,,1,20.799999999999997,6.933333333333333,낮음
2024-08-02,부여군,0,78.1,66.9,116.8,0.0,,1,21.900000000000006,7.300000000000002,낮음
2024-08-02,서산시,0,77.2,74.5,103.7,0.0,,1,22.799999999999997,7.599999999999999,낮음
2024-08-02,서천군,0,81.2,63.8,127.3,0.0,,1,18.799999999999997,6.266666666666666,낮음
2024-08-02,아산시,0,77.5,81.8,94.7,5.299999999999997,,1,22.5,9.266666666666666,낮음
2024-08-02,예산군,0,73.6,62.2,118.2,0.0,,1,26.400000000000006,8.800000000000002,낮음
2024-08-02,천안시,0,77.6,76.5,101.5,0.0,,1,22.400000000000006,7.466666666666669,낮음
2024-08-02,청양군,0,80.5,68.1,118.2,0.0,,1,19.5,6.5,낮음
2024-08-02,태안군,0,74.6,78.5,95.1,4.900000000000006,,1,25.400000000000006,10.100000000000003,낮음
2024-08-02,홍성군,0,80.9,70.7,114.4,0.0,,1,19.099999999999994,6.3666666666666645,낮음
2024-08-03,계룡시,0,80.0,80.0,100.0,0.0,,1,20.0,6.666666666666667,낮음
2024-08-03,공주시,0,76.4,63.8,119.7,0.0,,1,23.599999999999994,7.8666666666666645,낮음
2024-08-03,금산군,0,72.8,69.4,104.9,0.0,,1,27.200000000000003,9.066666666666668,낮음
2024-08-03,논산시,0,62.0,63.7,97.4,2.5999999999999943,,1,38.0,13.533333333333331,낮음
2024-08-03,당진시,0,73.2,80.4,91.0,9.0,,1,26.799999999999997,11.933333333333332,낮음
2024-08-03,보령시,0,79.2,68.9,115.0,0.0,,1,20.799999999999997,6.933333333333333,낮음
2024-08-03,부여군,0,78.1,66.5,117.5,0.0,,1,21.900000000000006,7.300000000000002,낮음
2024-08-03,서산시,0,77.2,74.4,103.9,0.0,,1,22.799999999999997,7.599999999999999,낮음
2024-08-03,서천군,0,81.2,63.3,128.2,0.0,,1,18.799999999999997,6.266666666666666,낮음
2024-08-03,아산시,0,77.5,81.4,95.2,4.799999999999997,,1,22.5,9.1,낮음
2024-08-03,예산군,0,71.4,61.9,115.4,0.0,,1,28.599999999999994,9.533333333333331,낮음
2024-08-03,천안시,0,77.6,76.4,101.6,0.0,,1,22.400000000000006,7.466666666666669,낮음
2024-08-03,청양군,0,80.5,68.0,118.4,0.0,,1,19.5,6.5,낮음
2024-08-03,태안군,0,74.6,78.1,95.5,4.5,,1,25.400000000000006,9.966666666666669,낮음
2024-08-03,홍성군,0,80.9,70.2,115.3,0.0,,1,19.099999999999994,6.3666666666666645,낮음
2024-08-04,계룡시,0,80.0,80.0,100.0,0.0,,1,20.0,6.666666666666667,낮음
2024-08-04,공주시,0,76.4,63.7,119.9,0.0,,1,23.599999999999994,7.8666666666666645,낮음
2024-08-04,금산군,0,72.8,69.4,105.0,0.0,,1,27.200000000000003,9.066666666666668,낮음
2024-08-04,논산시,0,62.0,63.3,97.9,2.0999999999999943,,1,38.0,13.366666666666665,낮음
2024-08-04,당진시,0,73.2,80.6,90.8,9.200000000000003,,1,26.799999999999997,12.0,낮음
2024-08-04,보령시,0,79.2,68.5,115.7,0.0,,1,20.799999999999997,6.933333333333333,낮음
2024-08-04,부여군,0,78.1,66.2,118.0,0.0,,1,21.900000000000006,7.300000000000002,낮음
2024-08-04,서산시,0,77.2,74.3,103.9,0.0,,1,22.799999999999997,7.599999999999999,낮음
2024-08-04,서천군,0,81.2,63.0,128.8,0.0,,1,18.799999999999997,6.266666666666666,낮음
2024-08-04,아산시,0,77.5,81.2,95.5,4.5,,1,22.5,9.0,낮음
2024-08-04,예산군,0,71.4,61.5,116.1,0.0,,1,28.599999999999994,9.533333333333331,낮음
2024-08-04,천안시,0,74.8,76.5,97.8,2.200000000000003,,1,25.200000000000003,9.133333333333335,낮음
2024-08-04,청양군,0,80.5,67.8,118.7,0.0,,1,19.5,6.5,낮음
2024-08-04,태안군,0,74.6,77.9,95.8,4.200000000000003,,1,25.400000000000006,9.866666666666669,낮음
2024-08-04,홍성군,0,80.9,69.7,116.1,0.0,,1,19.099999999999994,6.3666666666666645,낮음
2024-08-05,계룡시,0,85.0,80.0,106.3,0.0,,1,15.0,5.0,낮음
2024-08-05,공주시,0,73.0,63.6,114.7,0.0,,1,27.0,9.0,낮음
2024-08-05,금산군,0,72.0,67.9,106.0,0.0,,1,28.0,9.333333333333334,낮음
2024-08-05,논산시,0,58.8,63.1,93.1,6.900000000000006,,1,41.2,16.033333333333335,낮음
2024-08-05,당진시,0,72.5,80.9,89.6,10.400000000000006,,1,27.5,12.633333333333335,낮음
2024-08-05,보령시,0,74.9,68.1,110.0,0.0,,1,25.099999999999994,8.366666666666665,낮음
2024-08-05,부여군,0,75.9,65.9,115.0,0.0,,1,24.099999999999994,8.033333333333331,낮음
2024-08-05,서산시,0,74.4,74.2,100.2,0.0,,1,25.599999999999994,8.533333333333331,낮음
2024-08-05,서천군,0,76.9,62.7,122.5,0.0,,1,23.099999999999994,7.699999999999998,낮음
2024-08-05,아산시,0,74.5,81.2,91.8,8.200000000000003,,1,25.5,11.233333333333334,낮음
2024-08-05,예산군,0,69.1,61.1,113.0,0.0,,1,30.900000000000006,10.300000000000002,낮음
2024-08-05,천안시,0,74.2,76.5,97.0,3.0,,1,25.799999999999997,9.6,낮음
2024-08-05,청양군,0,78.4,67.5,116.2,0.0,,1,21.599999999999994,7.199999999999998,낮음
2024-08-05,태안군,0,71.8,77.7,92.4,7.599999999999994,,1,28.200000000000003,11.933333333333332,낮음
2024-08-05,홍성군,0,76.5,69.4,110.3,0.0,,1,23.5,7.833333333333333,낮음
2024-08-06,계룡시,0,85.0,80.0,106.3,0.0,,1,15.0,5.0,낮음
2024-08-06,공주시,0,72.7,63.5,114.4,0.0,,1,27.299999999999997,9.1,낮음
2024-08-06,금산군,0,71.5,67.8,105.4,0.0,,1,28.5,9.5,낮음
2024-08-06,논산시,0,57.7,63.0,91.6,8.400000000000006,,1,42.3,16.900000000000002,낮음
2024-08-06,당진시,0,75.0,81.0,92.5,7.5,,1,25.0,10.833333333333334,낮음
2024-08-06,보령시,0,73.5,67.6,108.6,0.0,,1,26.5,8.833333333333334,낮음
2024-08-06,부여군,0,75.1,65.6,114.5,0.0,,1,24.900000000000006,8.300000000000002,낮음
2024-08-06,서산시,0,72.8,74.0,98.3,1.7000000000000028,,1,27.200000000000003,9.633333333333335,낮음
2024-08-06,서천군,0,75.7,62.4,121.2,0.0,,1,24.299999999999997,8.1,낮음
2024-08-06,아산시,0,76.2,81.1,93.9,6.099999999999994,,1,23.799999999999997,9.966666666666663,낮음
2024-08-06,예산군,0,68.8,60.6,113.5,0.0,,1,31.200000000000003,10.4,낮음
2024-08-06,천안시,0,76.7,76.5,100.3,0.0,,1,23.299999999999997,7.766666666666666,낮음
2024-08-06,청양군,0,78.2,67.2,116.4,0.0,,1,21.799999999999997,7.266666666666666,낮음
2024-08-06,태안군,0,70.2,77.5,90.5,9.5,,1,29.799999999999997,13.1,낮음
2024-08-06,홍성군,0,75.4,69.1,109.1,0.0,,1,24.599999999999994,8.199999999999998,낮음
2024-08-07,계룡시,0,85.0,80.0,106.3,0.0,,1,15.0,5.0,낮음
2024-08-07,공주시,0,71.5,63.4,112.8,0.0,,1,28.5,9.5,낮음
2024-08-07,금산군,0,70.3,67.5,104.2,0.0,,1,29.700000000000003,9.9,낮음
2024-08-07,논산시,0,56.0,62.8,89.3,10.700000000000003,,1,44.0,18.233333333333334,낮음
2024-08-07,당진시,0,75.4,81.1,93.0,7.0,,1,24.599999999999994,10.533333333333331,낮음
2024-08-07,보령시,0,72.0,67.2,107.2,0.0,,1,28.0,9.333333333333334,낮음
2024-08-07,부여군,0,73.6,65.5,112.5,0.0,,1,26.400000000000006,8.800000000000002,낮음
2024-08-07,서산시,0,72.5,73.7,98.4,1.5999999999999943,,1,27.5,9.699999999999998,낮음
2024-08-07,서천군,0,74.4,62.0,119.9,0.0,,1,25.599999999999994,8.533333333333331,낮음
2024-08-07,아산시,0,76.3,80.9,94.4,5.599999999999994,,1,23.700000000000003,9.766666666666666,낮음
2024-08-07,예산군,0,67.2,60.5,111.2,0.0,,1,32.8,10.933333333333332,낮음
2024-08-07,천안시,0,75.9,76.1,99.8,0.20000000000000284,,1,24.099999999999994,8.1,낮음
2024-08-07,청양군,0,77.8,66.9,116.3,0.0,,1,22.200000000000003,7.400000000000001,낮음
2024-08-07,태안군,0,69.4,77.2,89.8,10.200000000000003,,1,30.599999999999994,13.6,낮음
2024-08-07,홍성군,0,74.0,68.5,108.0,0.0,,1,26.0,8.666666666666666,낮음
2024-08-08,계룡시,0,85.0,80.0,106.3,0.0,,1,15.0,5.0,낮음
2024-08-08,공주시,0,70.4,63.3,111.2,0.0,,1,29.599999999999994,9.866666666666665,낮음
2024-08-08,금산군,0,69.2,67.1,103.2,0.0,,1,30.799999999999997,10.266666666666666,낮음
2024-08-08,논산시,0,54.1,62.4,86.8,13.200000000000003,,1,45.9,19.7,낮음
2024-08-08,당진시,0,80.3,81.1,99.0,1.0,,1,19.700000000000003,6.900000000000001,낮음
2024-08-08,보령시,0,70.6,66.9,105.6,0.0,,1,29.400000000000006,9.800000000000002,낮음
2024-08-08,부여군,0,72.3,65.3,110.6,0.0,,1,27.700000000000003,9.233333333333334,낮음
2024-08-08,서산시,0,71.5,73.6,97.2,2.799999999999997,,1,28.5,10.433333333333332,낮음
2024-08-08,서천군,0,73.0,61.9,118.0,0.0,,1,27.0,9.0,낮음
2024-08-08,아산시,0,75.6,80.6,93.8,6.200000000000003,,1,24.400000000000006,10.200000000000003,낮음
2024-08-08,예산군,0,65.9,60.4,109.1,0.0,,1,34.099999999999994,11.366666666666665,낮음
2024-08-08,천안시,0,75.5,75.6,99.8,0.20000000000000284,,1,24.5,8.233333333333334,낮음
2024-08-08,청양군,0,77.1,66.7,115.7,0.0,,1,22.900000000000006,7.6333333333333355,낮음
2024-08-08,태안군,0,68.5,76.9,89.0,11.0,,1,31.5,14.166666666666666,낮음
2024-08-08,홍성군,0,72.5,68.0,106.7,0.0,,1,27.5,9.166666666666666,낮음
2024-08-09,계룡시,0,85.0,80.0,106.3,0.0,,1,15.0,5.0,낮음
2024-08-09,공주시,0,69.4,63.2,109.9,0.0,,1,30.599999999999994,10.199999999999998,낮음
2024-08-09,금산군,0,68.1,66.6,102.2,0.0,,1,31.900000000000006,10.633333333333335,낮음
2024-08-09,논산시,0,52.2,62.0,84.2,15.799999999999997,,1,47.8,21.2,낮음
2024-08-09,당진시,0,78.9,81.0,97.3,2.700000000000003,,1,21.099999999999994,7.933333333333333,낮음
2024-08-09,보령시,0,69.1,66.6,103.8,0.0,,1,30.900000000000006,10.300000000000002,낮음
2024-08-09,부여군,0,72.4,65.0,111.3,0.0,,1,27.599999999999994,9.199999999999998,낮음
2024-08-09,서산시,0,71.4,73.5,97.2,2.799999999999997,,1,28.599999999999994,10.466666666666663,낮음
2024-08-09,서천군,0,72.6,61.6,118.0,0.0,,1,27.400000000000006,9.133333333333335,낮음
2024-08-09,아산시,0,74.7,80.1,93.3,6.700000000000003,,1,25.299999999999997,10.666666666666666,낮음
2024-08-09,예산군,0,65.0,60.1,108.1,0.0,,1,35.0,11.666666666666666,낮음
2024-08-09,천안시,0,75.3,75.3,99.9,0.09999999999999432,,1,24.700000000000003,8.266666666666666,낮음
2024-08-09,청양군,0,76.3,66.2,115.1,0.0,,1,23.700000000000003,7.900000000000001,낮음
2024-08-09,태안군,0,67.5,76.7,88.1,11.900000000000006,,1,32.5,14.800000000000002,낮음
2024-08-09,홍성군,0,72.5,67.5,107.4,0.0,,1,27.5,9.166666666666666,낮음
2024-08-10,계룡시,0,85.0,80.0,106.3,0.0,,1,15.0,5.0,낮음
2024-08-10,공주시,0,69.4,63.7,108.8,0.0,,1,30.599999999999994,10.199999999999998,낮음
2024-08-10,금산군,0,68.1,66.5,102.5,0.0,,1,31.900000000000006,10.633333333333335,낮음
2024-08-10,논산시,0,52.2,61.6,84.7,15.299999999999997,,1,47.8,21.03333333333333,낮음
2024-08-10,당진시,0,78.9,81.0,97.4,2.5999999999999943,,1,21.099999999999994,7.899999999999996,낮음
2024-08-10,보령시,0,69.1,66.6,103.7,0.0,,1,30.900000000000006,10.300000000000002,낮음
2024-08-10,부여군,0,72.4,65.7,110.2,0.0,,1,27.599999999999994,9.199999999999998,낮음
2024-08-10,서산시,0,71.4,73.5,97.3,2.700000000000003,,1,28.599999999999994,10.433333333333332,낮음
2024-08-10,서천군,0,72.6,61.2,118.6,0.0,,1,27.400000000000006,9.133333333333335,낮음
2024-08-10,아산시,0,74.7,80.7,92.6,7.400000000000006,,1,25.299999999999997,10.9,낮음
2024-08-10,예산군,0,65.0,60.3,107.7,0.0,,1,35.0,11.666666666666666,낮음
2024-08-10,천안시,0,75.3,75.9,99.1,0.9000000000000057,,1,24.700000000000003,8.533333333333337,낮음
2024-08-10,청양군,0,76.3,66.1,115.4,0.0,,1,23.700000000000003,7.900000000000001,낮음
2024-08-10,태안군,0,67.5,76.7,88.1,11.900000000000006,,1,32.5,14.800000000000002,낮음
2024-08-10,홍성군,0,72.5,67.3,107.7,0.0,,1,27.5,9.166666666666666,낮음
2024-08-11,계룡시,0,85.0,80.0,106.3,0.0,,1,15.0,5.0,낮음
2024-08-11,공주시,0,69.4,63.9,108.5,0.0,,1,30.599999999999994,10.199999999999998,낮음
2024-08-11,금산군,0,68.1,67.4,101.0,0.0,,1,31.900000000000006,10.633333333333335,낮음
2024-08-11,논산시,0,52.2,61.4,85.1,14.900000000000006,,1,47.8,20.900000000000002,낮음
2024-08-11,당진시,0,78.9,81.1,97.2,2.799999999999997,,1,21.099999999999994,7.966666666666664,낮음
2024-08-11,보령시,0,69.1,66.7,103.6,0.0,,1,30.900000000000006,10.300000000000002,낮음
2024-08-11,부여군,0,72.4,65.7,110.2,0.0,,1,27.599999999999994,9.199999999999998,낮음
2024-08-11,서산시,0,71.4,73.6,97.1,2.9000000000000057,,1,28.599999999999994,10.5,낮음
2024-08-11,서천군,0,72.6,61.6,117.9,0.0,,1,27.400000000000006,9.133333333333335,낮음
2024-08-11,아산시,0,74.7,80.6,92.7,7.299999999999997,,1,25.299999999999997,10.866666666666665,낮음
2024-08-11,예산군,0,65.0,60.4,107.5,0.0,,1,35.0,11.666666666666666,낮음
2024-08-11,천안시,0,75.3,75.8,99.2,0.7999999999999972,,1,24.700000000000003,8.5,낮음
2024-08-11,청양군,0,76.3,67.6,112.8,0.0,,1,23.700000000000003,7.900000000000001,낮음
2024-08-11,태안군,0,67.5,76.9,87.8,12.200000000000003,,1,32.5,14.9,낮음
2024-08-11,홍성군,0,72.5,67.7,107.1,0.0,,1,27.5,9.166666666666666,낮음
2024-08-12,계룡시,0,80.0,80.0,100.0,0.0,,1,20.0,6.666666666666667,낮음
2024-08-12,공주시,0,64.8,64.0,101.2,0.0,,1,35.2,11.733333333333334,낮음
2024-08-12,금산군,0,65.8,69.2,95.1,4.900000000000006,,1,34.2,13.033333333333337,낮음
2024-08-12,논산시,0,47.2,61.7,76.5,23.5,,1,52.8,25.433333333333334,낮음
2024-08-12,당진시,0,75.7,81.0,93.4,6.599999999999994,,1,24.299999999999997,10.299999999999997,낮음
2024-08-12,보령시,0,64.9,66.4,97.7,2.299999999999997,,1,35.099999999999994,12.466666666666663,낮음
2024-08-12,부여군,0,68.9,65.6,105.2,0.0,,1,31.099999999999994,10.366666666666665,낮음
2024-08-12,서산시,0,69.4,73.7,94.2,5.799999999999997,,1,30.599999999999994,12.133333333333331,낮음
2024-08-12,서천군,0,68.0,61.9,109.8,0.0,,1,32.0,10.666666666666666,낮음
2024-08-12,아산시,0,73.2,80.5,91.0,9.0,,1,26.799999999999997,11.933333333333332,낮음
2024-08-12,예산군,0,61.4,60.4,101.6,0.0,,1,38.6,12.866666666666667,낮음
2024-08-12,천안시,0,72.5,75.8,95.7,4.299999999999997,,1,27.5,10.6,낮음
2024-08-12,청양군,0,73.8,68.4,107.9,0.0,,1,26.200000000000003,8.733333333333334,낮음
2024-08-12,태안군,0,66.6,76.9,86.5,13.5,,1,33.400000000000006,15.633333333333335,낮음
2024-08-12,홍성군,0,69.1,67.9,101.8,0.0,,1,30.900000000000006,10.300000000000002,낮음
2024-08-13,계룡시,0,80.0,80.0,100.0,0.0,,1,20.0,6.666666666666667,낮음
2024-08-13,공주시,0,63.5,64.0,99.2,0.7999999999999972,,1,36.5,12.433333333333332,낮음
2024-08-13,금산군,0,64.8,69.3,93.5,6.5,,1,35.2,13.9,낮음
2024-08-13,논산시,0,45.1,61.9,72.9,27.099999999999994,,1,54.9,27.333333333333332,낮음
2024-08-13,당진시,0,75.5,81.0,93.3,6.700000000000003,,1,24.5,10.4,낮음
2024-08-13,보령시,0,63.5,66.1,96.1,3.9000000000000057,,1,36.5,13.466666666666669,낮음
2024-08-13,부여군,0,67.1,65.7,102.2,0.0,,1,32.900000000000006,10.966666666666669,낮음
2024-08-13,서산시,0,67.8,73.9,91.8,8.200000000000003,,1,32.2,13.466666666666669,낮음
2024-08-13,서천군,0,66.4,62.0,107.0,0.0,,1,33.599999999999994,11.199999999999998,낮음
2024-08-13,아산시,0,71.9,80.4,89.4,10.599999999999994,,1,28.099999999999994,12.899999999999997,낮음
2024-08-13,예산군,0,59.3,60.4,98.1,1.9000000000000057,,1,40.7,14.200000000000003,낮음
2024-08-13,천안시,0,71.2,75.9,93.9,6.099999999999994,,1,28.799999999999997,11.633333333333331,낮음
2024-08-13,청양군,0,72.9,68.5,106.3,0.0,,1,27.099999999999994,9.033333333333331,낮음
2024-08-13,태안군,0,66.1,77.1,85.7,14.299999999999997,,1,33.900000000000006,16.066666666666666,낮음
2024-08-13,홍성군,0,67.2,68.2,98.6,1.4000000000000057,,1,32.8,11.4,낮음
2024-08-14,계룡시,0,80.0,80.0,100.0,0.0,,1,20.0,6.666666666666667,낮음
2024-08-14,공주시,0,63.0,64.1,98.3,1.7000000000000028,,1,37.0,12.9,낮음
2024-08-14,금산군,0,64.1,69.2,92.6,7.400000000000006,,1,35.900000000000006,14.433333333333337,낮음
2024-08-14,논산시,25,43.4,62.3,69.7,30.299999999999997,,1,56.6,37.300000000000004,낮음
2024-08-14,당진시,0,75.5,80.7,93.5,6.5,,1,24.5,10.333333333333334,낮음
2024-08-14,보령시,0,62.0,66.2,93.6,6.400000000000006,,1,38.0,14.800000000000002,낮음
2024-08-14,부여군,0,65.3,65.5,99.7,0.29999999999999716,,1,34.7,11.666666666666666,낮음
2024-08-14,서산시,0,66.6,74.3,89.6,10.400000000000006,,1,33.400000000000006,14.600000000000003,낮음
2024-08-14,서천군,0,64.9,62.4,104.1,0.0,,1,35.099999999999994,11.699999999999998,낮음
2024-08-14,아산시,0,69.8,80.3,86.9,13.099999999999994,,1,30.200000000000003,14.433333333333332,낮음
2024-08-14,예산군,0,57.0,61.0,93.5,6.5,,1,43.0,16.5,낮음
2024-08-14,천안시,0,70.6,76.0,92.9,7.099999999999994,,1,29.400000000000006,12.166666666666666,낮음
2024-08-14,청양군,0,72.0,69.3,103.9,0.0,,1,28.0,9.333333333333334,낮음
2024-08-14,태안군,0,65.8,77.4,85.1,14.900000000000006,,1,34.2,16.36666666666667,낮음
2024-08-14,홍성군,0,65.3,68.8,94.9,5.099999999999994,,1,34.7,13.266666666666666,낮음
2024-08-15,계룡시,0,80.0,80.0,100.0,0.0,,1,20.0,6.666666666666667,낮음
2024-08-15,공주시,0,61.4,64.5,95.2,4.799999999999997,,1,38.6,14.466666666666667,낮음
2024-08-15,금산군,0,62.8,69.4,90.5,9.5,,1,37.2,15.566666666666668,낮음
2024-08-15,논산시,25,40.5,62.3,65.1,34.900000000000006,,1,59.5,39.800000000000004,주의
2024-08-15,당진시,0,74.6,80.7,92.4,7.599999999999994,,1,25.400000000000006,11.0,낮음
2024-08-15,보령시,0,60.1,66.4,90.6,9.400000000000006,,1,39.9,16.433333333333334,낮음
2024-08-15,부여군,0,63.5,65.8,96.4,3.5999999999999943,,1,36.5,13.366666666666665,낮음
2024-08-15,서산시,0,65.5,74.7,87.7,12.299999999999997,,1,34.5,15.6,낮음
2024-08-15,서천군,0,62.9,62.8,100.3,0.0,,1,37.1,12.366666666666667,낮음
2024-08-15,아산시,0,67.9,80.4,84.4,15.599999999999994,,1,32.099999999999994,15.899999999999997,낮음
2024-08-15,예산군,0,55.2,61.2,90.2,9.799999999999997,,1,44.8,18.2,낮음
2024-08-15,천안시,0,69.1,76.2,90.7,9.299999999999997,,1,30.900000000000006,13.4,낮음
2024-08-15,청양군,0,70.6,69.9,101.0,0.0,,1,29.400000000000006,9.800000000000002,낮음
2024-08-15,태안군,0,65.2,77.5,84.1,15.900000000000006,,1,34.8,16.900000000000002,낮음
2024-08-15,홍성군,0,63.6,69.4,91.7,8.299999999999997,,1,36.4,14.899999999999999,낮음
2024-08-16,계룡시,0,80.0,80.0,100.0,0.0,,1,20.0,6.666666666666667,낮음
2024-08-16,공주시,0,60.8,64.7,94.0,6.0,,1,39.2,15.066666666666668,낮음
2024-08-16,금산군,0,62.2,69.5,89.6,10.400000000000006,,1,37.8,16.066666666666666,낮음
2024-08-16,논산시,25,40.5,62.5,64.8,35.2,,1,59.5,39.9,주의
2024-08-16,당진시,0,74.2,80.4,92.3,7.700000000000003,,1,25.799999999999997,11.166666666666666,낮음
2024-08-16,보령시,0,59.5,67.4,88.3,11.700000000000003,,1,40.5,17.400000000000002,낮음
2024-08-16,부여군,0,62.8,66.2,94.9,5.099999999999994,,1,37.2,14.1,낮음
2024-08-16,서산시,0,65.5,75.0,87.4,12.599999999999994,,1,34.5,15.699999999999998,낮음
2024-08-16,서천군,0,62.1,63.5,97.8,2.200000000000003,,1,37.9,13.366666666666667,낮음
2024-08-16,아산시,0,67.1,80.6,83.2,16.799999999999997,,1,32.900000000000006,16.566666666666666,낮음
2024-08-16,예산군,0,55.3,61.1,90.5,9.5,,1,44.7,18.066666666666666,낮음
2024-08-16,천안시,0,68.9,76.3,90.3,9.700000000000003,,1,31.099999999999994,13.6,낮음
2024-08-16,청양군,0,69.4,70.1,99.0,1.0,,1,30.599999999999994,10.533333333333331,낮음
2024-08-16,태안군,0,65.5,77.6,84.5,15.5,,1,34.5,16.666666666666668,낮음
2024-08-16,홍성군,0,63.3,69.6,90.9,9.099999999999994,,1,36.7,15.266666666666666,낮음
2024-08-17,계룡시,0,80.0,80.0,100.0,0.0,,1,20.0,6.666666666666667,낮음
2024-08-17,공주시,0,60.8,64.7,94.1,5.900000000000006,,1,39.2,15.033333333333337,낮음
2024-08-17,금산군,0,62.2,69.5,89.5,10.5,,1,37.8,16.099999999999998,낮음
2024-08-17,논산시,25,40.5,62.5,64.7,35.3,,1,59.5,39.93333333333333,주의
2024-08-17,당진시,0,74.2,79.9,92.8,7.200000000000003,,1,25.799999999999997,11.0,낮음
2024-08-17,보령시,0,59.5,68.4,87.0,13.0,,1,40.5,17.833333333333332,낮음
2024-08-17,부여군,0,62.8,66.3,94.7,5.299999999999997,,1,37.2,14.166666666666666,낮음
2024-08-17,서산시,0,65.5,75.1,87.3,12.700000000000003,,1,34.5,15.733333333333334,낮음
2024-08-17,서천군,0,62.1,64.2,96.6,3.4000000000000057,,1,37.9,13.766666666666667,낮음
2024-08-17,아산시,0,67.1,80.6,83.2,16.799999999999997,,1,32.900000000000006,16.566666666666666,낮음
2024-08-17,예산군,0,55.3,61.0,90.8,9.200000000000003,,1,44.7,17.96666666666667,낮음
2024-08-17,천안시,0,68.9,76.2,90.4,9.599999999999994,,1,31.099999999999994,13.566666666666663,낮음
2024-08-17,청양군,0,69.4,70.0,99.2,0.7999999999999972,,1,30.599999999999994,10.466666666666663,낮음
2024-08-17,태안군,0,65.5,77.5,84.6,15.400000000000006,,1,34.5,16.633333333333336,낮음
2024-08-17,홍성군,0,63.3,69.6,90.9,9.099999999999994,,1,36.7,15.266666666666666,낮음
2024-08-18,계룡시,0,80.0,80.0,100.0,0.0,,1,20.0,6.666666666666667,낮음
2024-08-18,공주시,0,60.8,64.5,94.3,5.700000000000003,,1,39.2,14.966666666666669,낮음
2024-08-18,금산군,0,62.2,69.8,89.2,10.799999999999997,,1,37.8,16.2,낮음
2024-08-18,논산시,25,40.5,62.5,64.8,35.2,,1,59.5,39.9,주의
2024-08-18,당진시,0,74.2,79.5,93.3,6.700000000000003,,1,25.799999999999997,10.833333333333334,낮음
2024-08-18,보령시,0,59.5,68.5,86.9,13.099999999999994,,1,40.5,17.866666666666664,낮음
2024-08-18,부여군,0,61.9,66.3,93.3,6.700000000000003,,1,38.1,14.933333333333335,낮음
2024-08-18,서산시,0,65.5,75.2,87.1,12.900000000000006,,1,34.5,15.800000000000002,낮음
2024-08-18,서천군,0,62.1,64.8,95.9,4.099999999999994,,1,37.9,13.999999999999998,낮음
2024-08-18,아산시,0,67.1,80.4,83.4,16.599999999999994,,1,32.900000000000006,16.5,낮음
2024-08-18,예산군,0,55.3,60.8,91.0,9.0,,1,44.7,17.900000000000002,낮음
2024-08-18,천안시,0,67.5,75.9,88.9,11.099999999999994,,1,32.5,14.533333333333331,낮음
2024-08-18,청양군,0,69.4,69.8,99.4,0.5999999999999943,,1,30.599999999999994,10.399999999999997,낮음
2024-08-18,태안군,0,65.5,77.2,85.0,15.0,,1,34.5,16.5,낮음
2024-08-18,홍성군,0,63.3,69.5,91.0,9.0,,1,36.7,15.233333333333334,낮음
2024-08-19,계룡시,0,75.0,80.0,93.8,6.200000000000003,,1,25.0,10.4,낮음
2024-08-19,공주시,0,58.2,64.6,90.1,9.900000000000006,,1,41.8,17.233333333333334,낮음
2024-08-19,금산군,0,60.2,70.1,85.9,14.099999999999994,,1,39.8,17.966666666666665,낮음
2024-08-19,논산시,25,40.8,62.7,65.0,35.0,,1,59.2,39.733333333333334,주의
2024-08-19,당진시,0,71.5,79.3,90.1,9.900000000000006,,1,28.5,12.800000000000002,낮음
2024-08-19,보령시,0,56.6,68.5,82.6,17.400000000000006,,1,43.4,20.26666666666667,낮음
2024-08-19,부여군,0,61.5,66.4,92.6,7.400000000000006,,1,38.5,15.300000000000002,낮음
2024-08-19,서산시,0,63.0,75.3,83.7,16.299999999999997,,1,37.0,17.766666666666666,낮음
2024-08-19,서천군,0,58.9,65.1,90.4,9.599999999999994,,1,41.1,16.9,낮음
2024-08-19,아산시,0,63.2,80.5,78.5,21.5,,1,36.8,19.433333333333334,낮음
2024-08-19,예산군,0,55.9,60.7,92.0,8.0,,1,44.1,17.366666666666667,낮음
2024-08-19,천안시,0,67.5,75.7,89.1,10.900000000000006,,1,32.5,14.466666666666669,낮음
2024-08-19,청양군,0,67.4,69.7,96.6,3.4000000000000057,,1,32.599999999999994,12.0,낮음
2024-08-19,태안군,0,65.2,77.0,84.7,15.299999999999997,,1,34.8,16.7,낮음
2024-08-19,홍성군,0,61.4,69.5,88.2,11.799999999999997,,1,38.6,16.8,낮음
2024-08-20,계룡시,0,75.0,80.0,93.8,6.200000000000003,,1,25.0,10.4,낮음
2024-08-20,공주시,0,57.1,64.6,88.4,11.599999999999994,,1,42.9,18.166666666666664,낮음
2024-08-20,금산군,0,59.3,70.4,84.2,15.799999999999997,,1,40.7,18.833333333333332,낮음
2024-08-20,논산시,25,38.7,62.9,61.6,38.4,,1,61.3,41.56666666666666,주의
2024-08-20,당진시,0,70.8,79.3,89.3,10.700000000000003,,1,29.200000000000003,13.300000000000002,낮음
2024-08-20,보령시,0,55.1,68.5,80.4,19.599999999999994,,1,44.9,21.5,낮음
2024-08-20,부여군,0,61.0,66.5,91.8,8.200000000000003,,1,39.0,15.733333333333334,낮음
2024-08-20,서산시,0,62.7,75.2,83.4,16.599999999999994,,1,37.3,17.966666666666665,낮음
2024-08-20,서천군,0,57.9,65.3,88.6,11.400000000000006,,1,42.1,17.833333333333336,낮음
2024-08-20,아산시,0,62.3,80.5,77.3,22.700000000000003,,1,37.7,20.133333333333336,낮음
2024-08-20,예산군,0,53.8,60.7,88.7,11.299999999999997,,1,46.2,19.166666666666668,낮음
2024-08-20,천안시,0,66.9,75.6,88.6,11.400000000000006,,1,33.099999999999994,14.833333333333334,낮음
2024-08-20,청양군,0,66.3,69.7,95.1,4.900000000000006,,1,33.7,12.866666666666669,낮음
2024-08-20,태안군,0,64.6,77.1,83.7,16.299999999999997,,1,35.400000000000006,17.233333333333334,낮음
2024-08-20,홍성군,0,60.6,69.7,87.0,13.0,,1,39.4,17.466666666666665,낮음
2024-08-21,계룡시,0,75.0,80.0,93.8,6.200000000000003,,1,25.0,10.4,낮음
2024-08-21,공주시,0,57.3,64.4,89.0,11.0,,1,42.7,17.900000000000002,낮음
2024-08-21,금산군,0,58.9,70.7,83.4,16.599999999999994,,1,41.1,19.23333333333333,낮음
2024-08-21,논산시,25,38.3,62.8,60.9,39.1,,1,61.7,41.93333333333333,주의
2024-08-21,당진시,0,87.2,79.2,110.1,0.0,,1,12.799999999999997,4.266666666666666,낮음
2024-08-21,보령시,0,57.0,68.4,83.2,16.799999999999997,,1,43.0,19.933333333333334,낮음
2024-08-21,부여군,0,61.7,66.5,92.8,7.200000000000003,,1,38.3,15.166666666666666,낮음
2024-08-21,서산시,0,73.1,75.2,97.2,2.799999999999997,,1,26.900000000000006,9.9,낮음
2024-08-21,서천군,0,58.8,65.3,90.0,10.0,,1,41.2,17.066666666666666,낮음
2024-08-21,아산시,0,63.3,80.3,78.8,21.200000000000003,,1,36.7,19.3,낮음
2024-08-21,예산군,0,55.5,60.6,91.6,8.400000000000006,,1,44.5,17.633333333333336,낮음
2024-08-21,천안시,0,68.8,75.5,91.2,8.799999999999997,,1,31.200000000000003,13.333333333333334,낮음
2024-08-21,청양군,0,67.2,69.6,96.5,3.5,,1,32.8,12.1,낮음
2024-08-21,태안군,0,75.6,77.2,98.0,2.0,,1,24.400000000000006,8.800000000000002,낮음
2024-08-21,홍성군,0,62.9,69.7,90.4,9.599999999999994,,1,37.1,15.566666666666665,낮음
2024-08-22,계룡시,0,75.0,80.0,93.8,6.200000000000003,,1,25.0,10.4,낮음
2024-08-22,공주시,0,57.5,64.4,89.3,10.700000000000003,,1,42.5,17.733333333333334,낮음
2024-08-22,금산군,0,58.5,70.7,82.8,17.200000000000003,,1,41.5,19.566666666666666,낮음
2024-08-22,논산시,25,38.3,62.7,61.0,39.0,,1,61.7,41.9,주의
2024-08-22,당진시,0,80.7,79.0,102.2,0.0,,1,19.299999999999997,6.433333333333333,낮음
2024-08-22,보령시,0,58.7,68.5,85.7,14.299999999999997,,1,41.3,18.53333333333333,낮음
2024-08-22,부여군,0,62.3,66.5,93.7,6.299999999999997,,1,37.7,14.666666666666666,낮음
2024-08-22,서산시,0,82.5,75.3,109.6,0.0,,1,17.5,5.833333333333333,낮음
2024-08-22,서천군,0,59.5,65.3,91.1,8.900000000000006,,1,40.5,16.46666666666667,낮음
2024-08-22,아산시,0,67.1,80.3,83.6,16.400000000000006,,1,32.900000000000006,16.433333333333337,낮음
2024-08-22,예산군,0,64.0,60.7,105.4,0.0,,1,36.0,12.0,낮음
2024-08-22,천안시,0,70.9,75.5,94.0,6.0,,1,29.099999999999994,11.699999999999998,낮음
2024-08-22,청양군,0,67.5,69.7,96.8,3.200000000000003,,1,32.5,11.9,낮음
2024-08-22,태안군,0,79.3,77.4,102.5,0.0,,1,20.700000000000003,6.900000000000001,낮음
2024-08-22,홍성군,0,71.8,69.5,103.3,0.0,,1,28.200000000000003,9.4,낮음
2024-08-23,계룡시,0,75.0,80.0,93.8,6.200000000000003,,1,25.0,10.4,낮음
2024-08-23,공주시,0,57.9,64.5,89.7,10.299999999999997,,1,42.1,17.466666666666665,낮음
2024-08-23,금산군,0,58.1,70.8,82.0,18.0,,1,41.9,19.966666666666665,낮음
2024-08-23,논산시,25,38.5,62.9,61.3,38.7,,1,61.5,41.733333333333334,주의
2024-08-23,당진시,0,74.4,78.9,94.4,5.599999999999994,,1,25.599999999999994,10.399999999999997,낮음
2024-08-23,보령시,0,60.0,68.5,87.7,12.299999999999997,,1,40.0,17.433333333333334,낮음
2024-08-23,부여군,0,63.1,66.8,94.5,5.5,,1,36.9,14.133333333333333,낮음
2024-08-23,서산시,0,83.4,75.3,110.8,0.0,,1,16.599999999999994,5.533333333333331,낮음
2024-08-23,서천군,0,60.2,65.3,92.3,7.700000000000003,,1,39.8,15.833333333333334,낮음
2024-08-23,아산시,0,68.2,79.9,85.4,14.599999999999994,,1,31.799999999999997,15.466666666666663,낮음
2024-08-23,예산군,0,66.0,60.8,108.6,0.0,,1,34.0,11.333333333333334,낮음
2024-08-23,천안시,0,71.0,75.4,94.2,5.799999999999997,,1,29.0,11.6,낮음
2024-08-23,청양군,0,67.8,69.9,97.0,3.0,,1,32.2,11.733333333333334,낮음
2024-08-23,태안군,0,76.7,77.6,98.8,1.2000000000000028,,1,23.299999999999997,8.166666666666666,낮음
2024-08-23,홍성군,0,72.4,69.2,104.6,0.0,,1,27.599999999999994,9.199999999999998,낮음
2024-08-24,계룡시,0,75.0,80.0,93.8,6.200000000000003,,1,25.0,10.4,낮음
2024-08-24,공주시,0,57.9,64.7,89.5,10.5,,1,42.1,17.533333333333335,낮음
2024-08-24,금산군,0,58.1,71.2,81.6,18.400000000000006,,1,41.9,20.1,낮음
2024-08-24,논산시,25,38.5,63.1,61.1,38.9,,1,61.5,41.800000000000004,주의
2024-08-24,당진시,0,74.4,78.8,94.5,5.5,,1,25.599999999999994,10.366666666666665,낮음
2024-08-24,보령시,0,60.0,68.3,87.9,12.099999999999994,,1,40.0,17.366666666666664,낮음
2024-08-24,부여군,0,63.1,66.9,94.2,5.799999999999997,,1,36.9,14.233333333333333,낮음
2024-08-24,서산시,0,83.4,75.4,110.6,0.0,,1,16.599999999999994,5.533333333333331,낮음
2024-08-24,서천군,0,60.2,65.2,92.4,7.599999999999994,,1,39.8,15.799999999999997,낮음
2024-08-24,아산시,0,68.2,79.7,85.6,14.400000000000006,,1,31.799999999999997,15.4,낮음
2024-08-24,예산군,0,66.0,60.7,108.7,0.0,,1,34.0,11.333333333333334,낮음
2024-08-24,천안시,0,71.0,75.4,94.1,5.900000000000006,,1,29.0,11.633333333333335,낮음
2024-08-24,청양군,0,67.8,70.3,96.4,3.5999999999999943,,1,32.2,11.933333333333332,낮음
2024-08-24,태안군,0,76.7,78.2,98.1,1.9000000000000057,,1,23.299999999999997,8.4,낮음
2024-08-24,홍성군,0,72.4,69.4,104.3,0.0,,1,27.599999999999994,9.199999999999998,낮음
2024-08-25,계룡시,0,75.0,80.0,93.8,6.200000000000003,,1,25.0,10.4,낮음
2024-08-25,공주시,0,57.9,64.8,89.3,10.700000000000003,,1,42.1,17.6,낮음
2024-08-25,금산군,0,58.1,71.8,81.0,19.0,,1,41.9,20.3,낮음
2024-08-25,논산시,25,38.5,63.5,60.7,39.3,,1,61.5,41.93333333333333,주의
2024-08-25,당진시,0,74.4,78.5,94.8,5.200000000000003,,1,25.599999999999994,10.266666666666666,낮음
2024-08-25,보령시,0,60.0,68.3,87.9,12.099999999999994,,1,40.0,17.366666666666664,낮음
2024-08-25,부여군,0,63.1,66.9,94.3,5.700000000000003,,1,36.9,14.200000000000001,낮음
2024-08-25,서산시,0,83.4,75.4,110.5,0.0,,1,16.599999999999994,5.533333333333331,낮음
2024-08-25,서천군,0,60.2,65.1,92.5,7.5,,1,39.8,15.766666666666666,낮음
2024-08-25,아산시,0,68.2,79.5,85.8,14.200000000000003,,1,31.799999999999997,15.333333333333334,낮음
2024-08-25,예산군,0,66.0,60.9,108.3,0.0,,1,34.0,11.333333333333334,낮음
2024-08-25,천안시,0,74.2,75.4,98.4,1.5999999999999943,,1,25.799999999999997,9.133333333333331,낮음
2024-08-25,청양군,0,67.8,70.8,95.7,4.299999999999997,,1,32.2,12.166666666666666,낮음
2024-08-25,태안군,0,76.7,78.5,97.7,2.299999999999997,,1,23.299999999999997,8.533333333333331,낮음
2024-08-25,홍성군,0,72.4,69.5,104.2,0.0,,1,27.599999999999994,9.199999999999998,낮음
2024-08-26,계룡시,0,73.5,80.0,91.9,8.099999999999994,,1,26.5,11.533333333333331,낮음
2024-08-26,공주시,0,57.9,64.9,89.3,10.700000000000003,,1,42.1,17.6,낮음
2024-08-26,금산군,0,57.0,72.2,79.0,21.0,,1,43.0,21.333333333333332,낮음
2024-08-26,논산시,25,39.1,64.0,61.0,39.0,,1,60.9,41.63333333333333,주의
2024-08-26,당진시,0,80.9,78.5,103.0,0.0,,1,19.099999999999994,6.3666666666666645,낮음
2024-08-26,보령시,0,58.8,68.4,85.9,14.099999999999994,,1,41.2,18.433333333333334,낮음
2024-08-26,부여군,0,62.8,67.1,93.7,6.299999999999997,,1,37.2,14.5,낮음
2024-08-26,서산시,0,78.0,75.4,103.5,0.0,,1,22.0,7.333333333333333,낮음
2024-08-26,서천군,0,60.9,65.1,93.6,6.400000000000006,,1,39.1,15.16666666666667,낮음
2024-08-26,아산시,0,71.9,79.3,90.7,9.299999999999997,,1,28.099999999999994,12.466666666666663,낮음
2024-08-26,예산군,0,67.9,61.1,111.1,0.0,,1,32.099999999999994,10.699999999999998,낮음
2024-08-26,천안시,0,73.5,75.4,97.5,2.5,,1,26.5,9.666666666666666,낮음
2024-08-26,청양군,0,66.7,71.1,93.7,6.299999999999997,,1,33.3,13.199999999999998,낮음
2024-08-26,태안군,0,73.9,78.7,93.9,6.099999999999994,,1,26.099999999999994,10.733333333333329,낮음
2024-08-26,홍성군,0,71.1,69.5,102.3,0.0,,1,28.900000000000006,9.633333333333335,낮음
2024-08-27,계룡시,0,73.5,80.0,91.9,8.099999999999994,,1,26.5,11.533333333333331,낮음
2024-08-27,공주시,0,57.0,64.9,87.8,12.200000000000003,,1,43.0,18.400000000000002,낮음
2024-08-27,금산군,0,56.6,72.5,78.0,22.0,,1,43.4,21.8,낮음
2024-08-27,논산시,25,39.1,64.5,60.6,39.4,,1,60.9,41.76666666666667,주의
2024-08-27,당진시,0,80.8,78.6,102.8,0.0,,1,19.200000000000003,6.400000000000001,낮음
2024-08-27,보령시,0,57.9,68.5,84.5,15.5,,1,42.1,19.2,낮음
2024-08-27,부여군,0,62.1,67.4,92.3,7.700000000000003,,1,37.9,15.200000000000001,낮음
2024-08-27,서산시,0,76.8,75.3,101.9,0.0,,1,23.200000000000003,7.733333333333334,낮음
2024-08-27,서천군,0,60.0,65.3,91.9,8.099999999999994,,1,40.0,16.03333333333333,낮음
2024-08-27,아산시,0,71.3,79.1,90.1,9.900000000000006,,1,28.700000000000003,12.866666666666669,낮음
2024-08-27,예산군,0,66.0,61.1,108.1,0.0,,1,34.0,11.333333333333334,낮음
2024-08-27,천안시,0,73.1,75.5,96.7,3.299999999999997,,1,26.900000000000006,10.066666666666668,낮음
2024-08-27,청양군,0,66.3,71.4,92.9,7.099999999999994,,1,33.7,13.6,낮음
2024-08-27,태안군,0,73.4,78.9,93.0,7.0,,1,26.599999999999994,11.199999999999998,낮음
2024-08-27,홍성군,0,70.9,69.6,101.8,0.0,,1,29.099999999999994,9.699999999999998,낮음
2024-08-28,계룡시,0,73.5,80.0,91.9,8.099999999999994,,1,26.5,11.533333333333331,낮음
2024-08-28,공주시,0,56.1,65.1,86.1,13.900000000000006,,1,43.9,19.26666666666667,낮음
2024-08-28,금산군,0,55.8,72.4,77.0,23.0,,1,44.2,22.400000000000002,낮음
2024-08-28,논산시,50,35.1,64.5,54.5,45.5,,1,64.9,53.46666666666667,주의
2024-08-28,당진시,0,79.9,78.7,101.5,0.0,,1,20.099999999999994,6.699999999999998,낮음
2024-08-28,보령시,0,56.6,68.6,82.6,17.400000000000006,,1,43.4,20.26666666666667,낮음
2024-08-28,부여군,0,61.0,67.6,90.3,9.700000000000003,,1,39.0,16.233333333333334,낮음
2024-08-28,서산시,0,75.7,75.4,100.3,0.0,,1,24.299999999999997,8.1,낮음
2024-08-28,서천군,0,59.2,65.4,90.6,9.400000000000006,,1,40.8,16.733333333333334,낮음
2024-08-28,아산시,0,70.1,79.4,88.3,11.700000000000003,,1,29.900000000000006,13.866666666666669,낮음
2024-08-28,예산군,0,64.9,61.4,105.7,0.0,,1,35.099999999999994,11.699999999999998,낮음
2024-08-28,천안시,0,72.3,75.9,95.2,4.799999999999997,,1,27.700000000000003,10.833333333333334,낮음
2024-08-28,청양군,0,65.4,71.5,91.5,8.5,,1,34.599999999999994,14.366666666666665,낮음
2024-08-28,태안군,0,72.2,79.2,91.2,8.799999999999997,,1,27.799999999999997,12.199999999999998,낮음
2024-08-28,홍성군,0,70.3,70.0,100.4,0.0,,1,29.700000000000003,9.9,낮음
2024-08-29,계룡시,0,73.5,80.0,91.9,8.099999999999994,,1,26.5,11.533333333333331,낮음
2024-08-29,공주시,0,55.1,65.4,84.2,15.799999999999997,,1,44.9,20.23333333333333,낮음
2024-08-29,금산군,0,55.1,72.3,76.2,23.799999999999997,,1,44.9,22.899999999999995,낮음
2024-08-29,논산시,50,33.1,64.7,51.2,48.8,,1,66.9,55.23333333333333,주의
2024-08-29,당진시,0,75.3,78.8,95.5,4.5,,1,24.700000000000003,9.733333333333334,낮음
2024-08-29,보령시,0,55.4,68.8,80.6,19.400000000000006,,1,44.6,21.333333333333332,낮음
2024-08-29,부여군,0,59.8,67.8,88.1,11.900000000000006,,1,40.2,17.36666666666667,낮음
2024-08-29,서산시,0,74.1,75.6,98.0,2.0,,1,25.900000000000006,9.300000000000002,낮음
2024-08-29,서천군,0,58.0,65.5,88.5,11.5,,1,42.0,17.833333333333332,낮음
2024-08-29,아산시,0,68.7,79.7,86.1,13.900000000000006,,1,31.299999999999997,15.066666666666668,낮음
2024-08-29,예산군,0,62.7,61.7,101.6,0.0,,1,37.3,12.433333333333332,낮음
2024-08-29,천안시,0,70.9,76.2,93.0,7.0,,1,29.099999999999994,12.033333333333331,낮음
2024-08-29,청양군,0,64.5,71.6,90.1,9.900000000000006,,1,35.5,15.133333333333335,낮음
2024-08-29,태안군,0,71.0,79.6,89.2,10.799999999999997,,1,29.0,13.266666666666666,낮음
2024-08-29,홍성군,0,68.8,70.4,97.7,2.299999999999997,,1,31.200000000000003,11.166666666666666,낮음
2024-08-30,계룡시,0,73.5,80.0,91.9,8.099999999999994,,1,26.5,11.533333333333331,낮음
2024-08-30,공주시,0,54.0,65.6,82.4,17.599999999999994,,1,46.0,21.2,낮음
2024-08-30,금산군,0,54.5,72.3,75.4,24.599999999999994,,1,45.5,23.366666666666664,낮음
2024-08-30,논산시,75,32.4,64.8,50.0,50.0,,1,67.6,64.2,경계
2024-08-30,당진시,0,73.4,79.1,92.7,7.299999999999997,,1,26.599999999999994,11.299999999999997,낮음
2024-08-30,보령시,0,54.1,68.9,78.6,21.400000000000006,,1,45.9,22.433333333333337,낮음
2024-08-30,부여군,0,57.9,67.9,85.2,14.799999999999997,,1,42.1,18.966666666666665,낮음
2024-08-30,서산시,0,72.5,75.8,95.6,4.400000000000006,,1,27.5,10.633333333333335,낮음
2024-08-30,서천군,0,57.1,65.7,86.8,13.200000000000003,,1,42.9,18.7,낮음
2024-08-30,아산시,0,67.7,80.0,84.6,15.400000000000006,,1,32.3,15.9,낮음
2024-08-30,예산군,0,62.1,61.7,100.7,0.0,,1,37.9,12.633333333333333,낮음
2024-08-30,천안시,0,69.8,76.5,91.2,8.799999999999997,,1,30.200000000000003,13.0,낮음
2024-08-30,청양군,0,63.6,71.7,88.7,11.299999999999997,,1,36.4,15.899999999999999,낮음
2024-08-30,태안군,0,70.2,80.0,87.8,12.200000000000003,,1,29.799999999999997,14.0,낮음
2024-08-30,홍성군,0,67.1,70.8,94.9,5.099999999999994,,1,32.900000000000006,12.666666666666666,낮음
2024-08-31,계룡시,0,73.5,80.0,91.9,8.099999999999994,,1,26.5,11.533333333333331,낮음
2024-08-31,공주시,0,54.0,65.7,82.2,17.799999999999997,,1,46.0,21.266666666666666,낮음
2024-08-31,금산군,0,54.5,72.3,75.4,24.599999999999994,,1,45.5,23.366666666666664,낮음
2024-08-31,논산시,75,32.4,64.9,49.9,50.1,,1,67.6,64.23333333333333,경계
2024-08-31,당진시,0,73.4,79.2,92.6,7.400000000000006,,1,26.599999999999994,11.333333333333334,낮음
2024-08-31,보령시,0,54.1,69.2,78.3,21.700000000000003,,1,45.9,22.53333333333333,낮음
2024-08-31,부여군,0,57.9,67.9,85.3,14.700000000000003,,1,42.1,18.933333333333334,낮음
2024-08-31,서산시,0,72.5,76.2,95.2,4.799999999999997,,1,27.5,10.766666666666666,낮음
2024-08-31,서천군,0,57.1,65.8,86.8,13.200000000000003,,1,42.9,18.7,낮음
2024-08-31,아산시,0,67.7,80.5,84.2,15.799999999999997,,1,32.3,16.03333333333333,낮음
2024-08-31,예산군,0,62.1,61.5,100.9,0.0,,1,37.9,12.633333333333333,낮음
2024-08-31,천안시,0,68.8,76.9,89.5,10.5,,1,31.200000000000003,13.9,낮음
2024-08-31,청양군,0,63.6,72.0,88.4,11.599999999999994,,1,36.4,15.999999999999998,낮음
2024-08-31,태안군,0,70.2,80.3,87.5,12.5,,1,29.799999999999997,14.1,낮음
2024-08-31,홍성군,0,67.1,71.0,94.5,5.5,,1,32.900000000000006,12.800000000000002,낮음
2024-09-01,계룡시,0,73.5,80.0,91.9,8.099999999999994,,1,26.5,11.533333333333331,낮음
2024-09-01,공주시,0,54.0,65.6,82.3,17.700000000000003,,1,46.0,21.233333333333334,낮음
2024-09-01,금산군,0,54.5,72.0,75.7,24.299999999999997,,1,45.5,23.266666666666666,낮음
2024-09-01,논산시,50,32.4,64.7,50.1,49.9,,1,67.6,55.833333333333336,주의
2024-09-01,당진시,0,73.4,79.4,92.4,7.599999999999994,,1,26.599999999999994,11.399999999999997,낮음
2024-09-01,보령시,0,54.1,69.3,78.1,21.900000000000006,,1,45.9,22.600000000000005,낮음
2024-09-01,부여군,0,57.9,67.7,85.5,14.5,,1,42.1,18.866666666666667,낮음
2024-09-01,서산시,0,72.5,76.4,94.9,5.099999999999994,,1,27.5,10.866666666666665,낮음
2024-09-01,서천군,0,57.1,65.6,87.0,13.0,,1,42.9,18.633333333333333,낮음
2024-09-01,아산시,0,67.7,80.8,83.8,16.200000000000003,,1,32.3,16.166666666666668,낮음
2024-09-01,예산군,0,62.1,61.4,101.1,0.0,,1,37.9,12.633333333333333,낮음
2024-09-01,천안시,0,68.8,77.3,89.1,10.900000000000006,,1,31.200000000000003,14.033333333333337,낮음
2024-09-01,청양군,0,63.6,72.3,88.0,12.0,,1,36.4,16.133333333333333,낮음
2024-09-01,태안군,0,70.2,80.4,87.3,12.700000000000003,,1,29.799999999999997,14.166666666666666,낮음
2024-09-01,홍성군,0,67.1,71.0,94.5,5.5,,1,32.900000000000006,12.800000000000002,낮음
2024-09-02,계룡시,0,73.5,80.0,91.9,8.099999999999994,,2,26.5,11.533333333333331,낮음
2024-09-02,공주시,0,50.7,65.6,77.4,22.599999999999994,,2,49.3,23.966666666666665,낮음
2024-09-02,금산군,0,51.9,71.6,72.5,27.5,,2,48.1,25.2,낮음
2024-09-02,논산시,50,32.5,64.2,50.7,49.3,,2,67.5,55.6,주의
2024-09-02,당진시,0,72.5,79.7,91.0,9.0,,2,27.5,12.166666666666666,낮음
2024-09-02,보령시,0,50.0,69.2,72.3,27.700000000000003,,2,50.0,25.900000000000002,낮음
2024-09-02,부여군,0,53.9,67.4,79.9,20.099999999999994,,2,46.1,22.066666666666663,낮음
2024-09-02,서산시,0,68.5,76.5,89.6,10.400000000000006,,2,31.5,13.966666666666669,낮음
2024-09-02,서천군,0,54.2,65.4,82.9,17.099999999999994,,2,45.8,20.966666666666665,낮음
2024-09-02,아산시,0,66.2,80.9,81.9,18.099999999999994,,2,33.8,17.299999999999997,낮음
2024-09-02,예산군,0,59.2,61.2,96.7,3.299999999999997,,2,40.8,14.699999999999998,낮음
2024-09-02,천안시,0,67.4,77.3,87.3,12.700000000000003,,2,32.599999999999994,15.1,낮음
2024-09-02,청양군,0,60.4,72.7,83.1,16.900000000000006,,2,39.6,18.833333333333336,낮음
2024-09-02,태안군,0,65.4,80.4,81.3,18.700000000000003,,2,34.599999999999994,17.766666666666666,낮음
2024-09-02,홍성군,0,62.7,70.9,88.5,11.5,,2,37.3,16.266666666666666,낮음
2024-09-03,계룡시,0,75.0,80.0,93.8,6.200000000000003,,1,25.0,10.4,낮음
2024-09-03,공주시,0,49.8,65.6,76.0,24.0,,1,50.2,24.733333333333334,낮음
2024-09-03,금산군,25,47.4,71.2,66.6,33.400000000000006,,1,52.6,37.0,낮음
2024-09-03,논산시,50,32.5,63.6,51.1,48.9,,1,67.5,55.46666666666667,주의
2024-09-03,당진시,0,72.0,79.7,90.3,9.700000000000003,,1,28.0,12.566666666666668,낮음
2024-09-03,보령시,0,48.8,69.2,70.5,29.5,,1,51.2,26.900000000000002,낮음
2024-09-03,부여군,0,53.1,67.1,79.2,20.799999999999997,,1,46.9,22.566666666666663,낮음
2024-09-03,서산시,0,68.6,76.5,89.6,10.400000000000006,,1,31.400000000000006,13.933333333333337,낮음
2024-09-03,서천군,0,52.9,65.2,81.2,18.799999999999997,,1,47.1,21.96666666666667,낮음
2024-09-03,아산시,0,66.0,80.9,81.6,18.400000000000006,,1,34.0,17.46666666666667,낮음
2024-09-03,예산군,0,58.0,61.0,95.0,5.0,,1,42.0,15.666666666666666,낮음
2024-09-03,천안시,0,67.0,77.1,86.9,13.099999999999994,,1,33.0,15.366666666666665,낮음
2024-09-03,청양군,0,59.8,72.9,82.0,18.0,,1,40.2,19.400000000000002,낮음
2024-09-03,태안군,0,65.9,80.4,82.0,18.0,,1,34.099999999999994,17.366666666666664,낮음
2024-09-03,홍성군,0,62.8,70.8,88.7,11.299999999999997,,1,37.2,16.166666666666668,낮음
2024-09-04,계룡시,0,75.0,80.0,93.8,6.200000000000003,,1,25.0,10.4,낮음
2024-09-04,공주시,0,48.6,65.4,74.3,25.700000000000003,,1,51.4,25.7,낮음
2024-09-04,금산군,25,46.6,70.7,65.9,34.099999999999994,,1,53.4,37.5,낮음
2024-09-04,논산시,75,30.3,63.2,48.0,52.0,,1,69.7,65.56666666666666,경계
2024-09-04,당진시,0,72.7,79.7,91.3,8.700000000000003,,1,27.299999999999997,12.0,낮음
2024-09-04,보령시,25,47.6,69.4,68.6,31.400000000000006,,1,52.4,36.26666666666667,낮음
2024-09-04,부여군,0,52.2,66.9,78.1,21.900000000000006,,1,47.8,23.233333333333334,낮음
2024-09-04,서산시,0,68.1,76.6,89.0,11.0,,1,31.900000000000006,14.300000000000002,낮음
2024-09-04,서천군,0,51.6,64.9,79.5,20.5,,1,48.4,22.96666666666667,낮음
2024-09-04,아산시,0,64.8,80.6,80.4,19.599999999999994,,1,35.2,18.266666666666666,낮음
2024-09-04,예산군,0,56.2,60.8,92.6,7.400000000000006,,1,43.8,17.066666666666666,낮음
2024-09-04,천안시,0,66.5,76.8,86.5,13.5,,1,33.5,15.666666666666666,낮음
2024-09-04,청양군,0,58.8,73.0,80.6,19.400000000000006,,1,41.2,20.200000000000003,낮음
2024-09-04,태안군,0,65.7,80.4,81.6,18.400000000000006,,1,34.3,17.566666666666666,낮음
2024-09-04,홍성군,0,61.5,70.7,87.0,13.0,,1,38.5,17.166666666666668,낮음
2024-09-05,계룡시,0,75.0,80.0,93.8,6.200000000000003,,1,25.0,10.4,낮음
2024-09-05,공주시,0,47.3,65.3,72.4,27.599999999999994,,1,52.7,26.766666666666666,낮음
2024-09-05,금산군,25,46.1,70.4,65.4,34.599999999999994,,1,53.9,37.833333333333336,낮음
2024-09-05,논산시,75,28.2,62.8,45.0,55.0,,1,71.8,67.26666666666667,경계
2024-09-05,당진시,0,73.1,79.6,91.9,8.099999999999994,,1,26.900000000000006,11.666666666666666,낮음
2024-09-05,보령시,25,46.5,69.3,67.0,33.0,,1,53.5,37.166666666666664,낮음
2024-09-05,부여군,0,50.9,66.7,76.2,23.799999999999997,,1,49.1,24.3,낮음
2024-09-05,서산시,0,67.4,76.5,88.2,11.799999999999997,,1,32.599999999999994,14.799999999999997,낮음
2024-09-05,서천군,0,50.8,64.6,78.7,21.299999999999997,,1,49.2,23.5,낮음
2024-09-05,아산시,0,63.8,80.4,79.4,20.599999999999994,,1,36.2,18.933333333333334,낮음
2024-09-05,예산군,0,54.2,60.6,89.4,10.599999999999994,,1,45.8,18.799999999999997,낮음
2024-09-05,천안시,0,65.9,76.8,85.8,14.200000000000003,,1,34.099999999999994,16.099999999999998,낮음
2024-09-05,청양군,0,57.8,72.9,79.3,20.700000000000003,,1,42.2,20.96666666666667,낮음
2024-09-05,태안군,0,64.6,80.3,80.4,19.599999999999994,,1,35.400000000000006,18.333333333333332,낮음
2024-09-05,홍성군,0,60.5,70.6,85.7,14.299999999999997,,1,39.5,17.933333333333334,낮음
2024-09-06,계룡시,0,75.0,80.0,93.8,6.200000000000003,,1,25.0,10.4,낮음
2024-09-06,공주시,0,46.3,65.0,71.2,28.799999999999997,,1,53.7,27.5,낮음
2024-09-06,금산군,25,45.4,70.2,64.6,35.400000000000006,,1,54.6,38.333333333333336,낮음
2024-09-06,논산시,75,27.4,62.5,43.9,56.1,,1,72.6,67.89999999999999,경계
2024-09-06,당진시,0,70.9,79.5,89.3,10.700000000000003,,1,29.099999999999994,13.266666666666666,낮음
2024-09-06,보령시,25,45.6,68.9,66.1,33.900000000000006,,1,54.4,37.76666666666667,낮음
2024-09-06,부여군,0,50.0,66.6,75.1,24.900000000000006,,1,50.0,24.96666666666667,낮음
2024-09-06,서산시,0,66.9,76.3,87.7,12.299999999999997,,1,33.099999999999994,15.133333333333331,낮음
2024-09-06,서천군,0,50.9,64.3,79.0,21.0,,1,49.1,23.366666666666664,낮음
2024-09-06,아산시,0,62.8,80.1,78.4,21.599999999999994,,1,37.2,19.599999999999998,낮음
2024-09-06,예산군,0,54.4,60.5,89.8,10.200000000000003,,1,45.6,18.6,낮음
2024-09-06,천안시,0,65.4,76.4,85.6,14.400000000000006,,1,34.599999999999994,16.333333333333332,낮음
2024-09-06,청양군,0,57.1,72.8,78.4,21.599999999999994,,1,42.9,21.5,낮음
2024-09-06,태안군,0,64.8,80.2,80.8,19.200000000000003,,1,35.2,18.133333333333336,낮음
2024-09-06,홍성군,0,59.3,70.5,84.1,15.900000000000006,,1,40.7,18.86666666666667,낮음
2024-09-07,계룡시,0,75.0,80.0,93.8,6.200000000000003,,1,25.0,10.4,낮음
2024-09-07,공주시,0,46.3,64.7,71.6,28.400000000000006,,1,53.7,27.36666666666667,낮음
2024-09-07,금산군,25,45.4,70.0,64.8,35.2,,1,54.6,38.26666666666667,낮음
2024-09-07,논산시,75,27.4,62.2,44.2,55.8,,1,72.6,67.8,경계
2024-09-07,당진시,0,70.9,79.3,89.5,10.5,,1,29.099999999999994,13.199999999999998,낮음
2024-09-07,보령시,25,45.6,68.4,66.7,33.3,,1,54.4,37.56666666666666,낮음
2024-09-07,부여군,0,50.0,66.5,75.2,24.799999999999997,,1,50.0,24.933333333333334,낮음
2024-09-07,서산시,0,66.9,76.1,87.9,12.099999999999994,,1,33.099999999999994,15.066666666666663,낮음
2024-09-07,서천군,0,50.9,64.2,79.3,20.700000000000003,,1,49.1,23.26666666666667,낮음
2024-09-07,아산시,0,62.8,79.6,78.9,21.099999999999994,,1,37.2,19.433333333333334,낮음
2024-09-07,예산군,0,54.4,60.3,90.1,9.900000000000006,,1,45.6,18.500000000000004,낮음
2024-09-07,천안시,0,65.4,76.1,86.0,14.0,,1,34.599999999999994,16.2,낮음
2024-09-07,청양군,0,57.1,72.7,78.5,21.5,,1,42.9,21.46666666666667,낮음
2024-09-07,태안군,0,64.8,80.0,80.9,19.099999999999994,,1,35.2,18.099999999999998,낮음
2024-09-07,홍성군,0,59.3,70.2,84.4,15.599999999999994,,1,40.7,18.766666666666666,낮음
2024-09-08,계룡시,0,75.0,80.0,93.8,6.200000000000003,,1,25.0,10.4,낮음
2024-09-08,공주시,0,46.3,64.4,71.9,28.099999999999994,,1,53.7,27.266666666666666,낮음
2024-09-08,금산군,25,45.4,69.7,65.2,34.8,,1,54.6,38.13333333333333,낮음
2024-09-08,논산시,75,27.4,61.9,44.3,55.7,,1,72.6,67.76666666666667,경계
2024-09-08,당진시,0,70.9,79.2,89.6,10.400000000000006,,1,29.099999999999994,13.166666666666666,낮음
2024-09-08,보령시,25,45.6,67.7,67.3,32.7,,1,54.4,37.36666666666667,낮음
2024-09-08,부여군,0,50.0,66.3,75.4,24.599999999999994,,1,50.0,24.866666666666664,낮음
2024-09-08,서산시,0,66.9,76.0,88.1,11.900000000000006,,1,33.099999999999994,15.0,낮음
2024-09-08,서천군,0,50.9,63.9,79.6,20.400000000000006,,1,49.1,23.166666666666668,낮음
2024-09-08,아산시,0,62.8,79.1,79.4,20.599999999999994,,1,37.2,19.266666666666666,낮음
2024-09-08,예산군,0,54.4,60.1,90.4,9.599999999999994,,1,45.6,18.4,낮음
2024-09-08,천안시,0,65.4,75.6,86.6,13.400000000000006,,1,34.599999999999994,16.0,낮음
2024-09-08,청양군,0,57.1,72.6,78.6,21.400000000000006,,1,42.9,21.433333333333337,낮음
2024-09-08,태안군,0,64.8,79.7,81.2,18.799999999999997,,1,35.2,18.0,낮음
2024-09-08,홍성군,0,59.3,69.9,84.8,15.200000000000003,,1,40.7,18.633333333333336,낮음
2024-09-09,계룡시,0,72.0,77.0,93.5,6.5,,1,28.0,11.5,낮음
2024-09-09,공주시,0,45.2,64.1,70.5,29.5,,1,54.8,28.099999999999998,낮음
2024-09-09,금산군,25,44.2,69.1,63.9,36.1,,1,55.8,38.96666666666667,낮음
2024-09-09,논산시,75,27.8,61.6,45.1,54.9,,1,72.2,67.36666666666667,경계
2024-09-09,당진시,0,69.8,78.7,88.6,11.400000000000006,,1,30.200000000000003,13.866666666666669,낮음
2024-09-09,보령시,25,42.2,67.2,62.7,37.3,,1,57.8,40.03333333333333,주의
2024-09-09,부여군,0,49.1,66.0,74.4,25.599999999999994,,1,50.9,25.5,낮음
2024-09-09,서산시,0,62.9,75.7,83.0,17.0,,1,37.1,18.033333333333335,낮음
2024-09-09,서천군,0,48.8,63.9,76.4,23.599999999999994,,1,51.2,24.933333333333334,낮음
2024-09-09,아산시,0,59.4,78.7,75.5,24.5,,1,40.6,21.7,낮음
2024-09-09,예산군,0,54.2,60.2,90.0,10.0,,1,45.8,18.599999999999998,낮음
2024-09-09,천안시,0,63.8,75.1,85.0,15.0,,1,36.2,17.066666666666666,낮음
2024-09-09,청양군,0,55.3,72.4,76.4,23.599999999999994,,1,44.7,22.766666666666666,낮음
2024-09-09,태안군,0,63.1,79.1,79.7,20.299999999999997,,1,36.9,19.066666666666666,낮음
2024-09-09,홍성군,0,57.1,69.4,82.2,17.799999999999997,,1,42.9,20.23333333333333,낮음
2024-09-10,계룡시,0,72.0,77.0,93.5,6.5,,1,28.0,11.5,낮음
2024-09-10,공주시,25,44.5,63.9,69.6,30.400000000000006,,1,55.5,36.96666666666667,낮음
2024-09-10,금산군,25,43.2,68.8,62.8,37.2,,1,56.8,39.666666666666664,주의
2024-09-10,논산시,75,27.4,61.4,44.7,55.3,,1,72.6,67.63333333333334,경계
2024-09-10,당진시,0,69.4,78.6,88.3,11.700000000000003,,1,30.599999999999994,14.1,낮음
2024-09-10,보령시,25,41.0,66.9,61.2,38.8,,1,59.0,40.93333333333333,주의
2024-09-10,부여군,0,48.4,65.7,73.7,26.299999999999997,,1,51.6,25.96666666666667,낮음
2024-09-10,서산시,0,61.8,75.6,81.8,18.200000000000003,,1,38.2,18.8,낮음
2024-09-10,서천군,0,48.6,63.8,76.2,23.799999999999997,,1,51.4,25.066666666666663,낮음
2024-09-10,아산시,0,58.1,78.4,74.1,25.900000000000006,,1,41.9,22.600000000000005,낮음
2024-09-10,예산군,0,51.8,60.2,86.1,13.900000000000006,,1,48.2,20.700000000000003,낮음
2024-09-10,천안시,0,63.1,74.8,84.4,15.599999999999994,,1,36.9,17.499999999999996,낮음
2024-09-10,청양군,0,54.9,72.2,76.1,23.900000000000006,,1,45.1,23.0,낮음
2024-09-10,태안군,0,63.2,78.9,80.0,20.0,,1,36.8,18.933333333333334,낮음
2024-09-10,홍성군,0,56.1,69.2,81.1,18.900000000000006,,1,43.9,20.933333333333334,낮음
2024-09-11,계룡시,0,72.0,77.0,93.5,6.5,,1,28.0,11.5,낮음
2024-09-11,공주시,25,43.6,63.7,68.4,31.599999999999994,,1,56.4,37.666666666666664,낮음
2024-09-11,금산군,25,42.5,68.5,61.9,38.1,,1,57.5,40.199999999999996,주의
2024-09-11,논산시,75,25.4,61.1,41.5,58.5,,1,74.6,69.36666666666666,경계
2024-09-11,당진시,0,70.7,78.4,90.1,9.900000000000006,,1,29.299999999999997,13.066666666666668,낮음
2024-09-11,보령시,50,39.7,66.5,59.7,40.3,,1,60.3,50.199999999999996,주의
2024-09-11,부여군,0,47.4,65.4,72.5,27.5,,1,52.6,26.7,낮음
2024-09-11,서산시,0,61.8,75.4,81.9,18.099999999999994,,1,38.2,18.766666666666666,낮음
2024-09-11,서천군,0,48.3,63.5,76.0,24.0,,1,51.7,25.233333333333334,낮음
2024-09-11,아산시,0,57.8,78.1,73.9,26.099999999999994,,1,42.2,22.766666666666666,낮음
2024-09-11,예산군,0,49.7,60.0,82.8,17.200000000000003,,1,50.3,22.5,낮음
2024-09-11,천안시,0,62.8,74.5,84.3,15.700000000000003,,1,37.2,17.633333333333336,낮음
2024-09-11,청양군,0,54.2,71.6,75.6,24.400000000000006,,1,45.8,23.400000000000002,낮음
2024-09-11,태안군,0,63.2,78.6,80.3,19.700000000000003,,1,36.8,18.833333333333332,낮음
2024-09-11,홍성군,0,55.0,68.9,79.8,20.200000000000003,,1,45.0,21.733333333333334,낮음
2024-09-12,계룡시,0,72.0,77.0,93.5,6.5,,1,28.0,11.5,낮음
2024-09-12,공주시,25,43.7,63.5,68.9,31.099999999999994,,1,56.3,37.46666666666666,낮음
2024-09-12,금산군,25,41.8,68.3,61.2,38.8,,1,58.2,40.666666666666664,주의
2024-09-12,논산시,75,25.2,60.9,41.3,58.7,,1,74.8,69.5,경계
2024-09-12,당진시,0,72.9,78.2,93.2,6.799999999999997,,1,27.099999999999994,11.299999999999997,낮음
2024-09-12,보령시,25,41.4,66.2,62.5,37.5,,1,58.6,40.36666666666667,주의
2024-09-12,부여군,0,47.4,65.3,72.7,27.299999999999997,,1,52.6,26.633333333333336,낮음
2024-09-12,서산시,0,62.7,75.2,83.4,16.599999999999994,,1,37.3,17.966666666666665,낮음
2024-09-12,서천군,0,49.4,63.5,77.7,22.299999999999997,,1,50.6,24.3,낮음
2024-09-12,아산시,0,61.6,77.9,79.1,20.900000000000006,,1,38.4,19.76666666666667,낮음
2024-09-12,예산군,0,53.5,59.9,89.3,10.700000000000003,,1,46.5,19.066666666666666,낮음
2024-09-12,천안시,0,71.9,74.2,97.0,3.0,,1,28.099999999999994,10.366666666666665,낮음
2024-09-12,청양군,0,54.4,71.3,76.4,23.599999999999994,,1,45.6,23.066666666666663,낮음
2024-09-12,태안군,0,62.7,78.8,79.5,20.5,,1,37.3,19.266666666666666,낮음
2024-09-12,홍성군,0,58.6,68.7,85.3,14.700000000000003,,1,41.4,18.7,낮음
2024-09-13,계룡시,0,72.0,77.0,93.5,6.5,,1,28.0,11.5,낮음
2024-09-13,공주시,25,44.3,63.3,70.0,30.0,,1,55.7,36.9,낮음
2024-09-13,금산군,25,41.5,67.9,61.1,38.9,,1,58.5,40.800000000000004,주의
2024-09-13,논산시,75,24.9,60.9,40.9,59.1,,1,75.1,69.73333333333333,경계
2024-09-13,당진시,0,78.1,78.0,100.1,0.0,,1,21.900000000000006,7.300000000000002,낮음
2024-09-13,보령시,25,41.6,66.1,62.9,37.1,,1,58.4,40.166666666666664,주의
2024-09-13,부여군,0,47.6,65.2,73.0,27.0,,1,52.4,26.46666666666667,낮음
2024-09-13,서산시,0,65.7,74.9,87.7,12.299999999999997,,1,34.3,15.533333333333331,낮음
2024-09-13,서천군,0,49.9,63.5,78.5,21.5,,1,50.1,23.866666666666664,낮음
2024-09-13,아산시,0,62.3,77.7,80.2,19.799999999999997,,1,37.7,19.166666666666668,낮음
2024-09-13,예산군,0,55.5,59.7,92.9,7.099999999999994,,1,44.5,17.2,낮음
2024-09-13,천안시,0,79.1,73.8,107.2,0.0,,1,20.900000000000006,6.966666666666669,낮음
2024-09-13,청양군,0,54.6,70.8,77.2,22.799999999999997,,1,45.4,22.73333333333333,낮음
2024-09-13,태안군,0,64.8,78.9,82.1,17.900000000000006,,1,35.2,17.700000000000003,낮음
2024-09-13,홍성군,0,60.8,68.4,88.9,11.099999999999994,,1,39.2,16.766666666666666,낮음
2024-09-14,계룡시,0,72.0,77.0,93.5,6.5,,1,28.0,11.5,낮음
2024-09-14,공주시,0,44.3,63.2,70.1,29.900000000000006,,1,55.7,28.533333333333335,낮음
2024-09-14,금산군,25,41.5,67.5,61.4,38.6,,1,58.5,40.699999999999996,주의
2024-09-14,논산시,75,24.9,60.8,40.9,59.1,,1,75.1,69.73333333333333,경계
2024-09-14,당진시,0,78.1,78.2,99.9,0.09999999999999432,,1,21.900000000000006,7.333333333333333,낮음
2024-09-14,보령시,25,41.6,66.4,62.7,37.3,,1,58.4,40.23333333333333,주의
2024-09-14,부여군,0,47.6,65.5,72.8,27.200000000000003,,1,52.4,26.53333333333333,낮음
2024-09-14,서산시,0,65.7,74.8,87.8,12.200000000000003,,1,34.3,15.5,낮음
2024-09-14,서천군,0,49.9,63.8,78.2,21.799999999999997,,1,50.1,23.96666666666667,낮음
2024-09-14,아산시,0,62.3,77.8,80.1,19.900000000000006,,1,37.7,19.200000000000003,낮음
2024-09-14,예산군,0,56.7,59.4,95.5,4.5,,1,43.3,15.933333333333332,낮음
2024-09-14,천안시,0,79.1,73.8,107.2,0.0,,1,20.900000000000006,6.966666666666669,낮음
2024-09-14,청양군,0,54.6,70.4,77.6,22.400000000000006,,1,45.4,22.600000000000005,낮음
2024-09-14,태안군,0,64.8,78.9,82.1,17.900000000000006,,1,35.2,17.700000000000003,낮음
2024-09-14,홍성군,0,60.8,68.3,89.0,11.0,,1,39.2,16.733333333333334,낮음
2024-09-15,계룡시,0,72.0,77.0,93.5,6.5,,1,28.0,11.5,낮음
2024-09-15,공주시,0,44.3,63.1,70.2,29.799999999999997,,1,55.7,28.5,낮음
2024-09-15,금산군,25,41.5,67.3,61.6,38.4,,1,58.5,40.63333333333333,주의
2024-09-15,논산시,75,24.9,60.7,41.0,59.0,,1,75.1,69.7,경계
2024-09-15,당진시,0,78.1,78.3,99.8,0.20000000000000284,,1,21.900000000000006,7.36666666666667,낮음
2024-09-15,보령시,25,41.6,66.6,62.5,37.5,,1,58.4,40.300000000000004,주의
2024-09-15,부여군,0,47.6,65.6,72.5,27.5,,1,52.4,26.633333333333336,낮음
2024-09-15,서산시,0,65.7,74.7,87.9,12.099999999999994,,1,34.3,15.466666666666663,낮음
2024-09-15,서천군,0,49.9,64.0,77.9,22.099999999999994,,1,50.1,24.066666666666663,낮음
2024-09-15,아산시,0,62.3,78.0,79.8,20.200000000000003,,1,37.7,19.3,낮음
2024-09-15,예산군,0,56.7,59.2,95.8,4.200000000000003,,1,43.3,15.833333333333334,낮음
2024-09-15,천안시,0,79.1,73.8,107.1,0.0,,1,20.900000000000006,6.966666666666669,낮음
2024-09-15,청양군,0,54.6,70.2,77.9,22.099999999999994,,1,45.4,22.5,낮음
2024-09-15,태안군,0,64.8,79.0,82.0,18.0,,1,35.2,17.733333333333334,낮음
2024-09-15,홍성군,0,60.8,68.2,89.1,10.900000000000006,,1,39.2,16.700000000000003,낮음
2024-09-16,계룡시,0,72.0,77.0,93.5,6.5,,1,28.0,11.5,낮음
2024-09-16,공주시,0,44.3,63.1,70.2,29.799999999999997,,1,55.7,28.5,낮음
2024-09-16,금산군,25,41.5,67.2,61.7,38.3,,1,58.5,40.6,주의
2024-09-16,논산시,75,24.9,60.7,41.0,59.0,,1,75.1,69.7,경계
2024-09-16,당진시,0,78.1,78.3,99.7,0.29999999999999716,,1,21.900000000000006,7.400000000000001,낮음
2024-09-16,보령시,25,41.6,66.7,62.4,37.6,,1,58.4,40.333333333333336,주의
2024-09-16,부여군,0,47.6,66.2,71.9,28.099999999999994,,1,52.4,26.833333333333332,낮음
2024-09-16,서산시,0,65.7,74.6,88.0,12.0,,1,34.3,15.433333333333332,낮음
2024-09-16,서천군,0,49.9,64.3,77.6,22.400000000000006,,1,50.1,24.166666666666668,낮음
2024-09-16,아산시,0,62.3,78.4,79.4,20.599999999999994,,1,37.7,19.433333333333334,낮음
2024-09-16,예산군,0,56.7,59.2,95.9,4.099999999999994,,1,43.3,15.799999999999997,낮음
2024-09-16,천안시,0,79.1,73.9,107.1,0.0,,1,20.900000000000006,6.966666666666669,낮음
2024-09-16,청양군,0,54.6,70.1,78.0,22.0,,1,45.4,22.46666666666667,낮음
2024-09-16,태안군,0,64.8,79.1,81.9,18.099999999999994,,1,35.2,17.766666666666666,낮음
2024-09-16,홍성군,0,60.8,68.4,88.8,11.200000000000003,,1,39.2,16.8,낮음
2024-09-17,계룡시,0,72.0,77.0,93.5,6.5,,1,28.0,11.5,낮음
2024-09-17,공주시,0,44.3,63.0,70.3,29.700000000000003,,1,55.7,28.46666666666667,낮음
2024-09-17,금산군,25,41.5,67.0,61.9,38.1,,1,58.5,40.53333333333333,주의
2024-09-17,논산시,75,24.9,60.5,41.1,58.9,,1,75.1,69.66666666666667,경계
2024-09-17,당진시,0,78.1,78.3,99.7,0.29999999999999716,,1,21.900000000000006,7.400000000000001,낮음
2024-09-17,보령시,25,41.6,66.7,62.4,37.6,,1,58.4,40.333333333333336,주의
2024-09-17,부여군,0,47.6,66.5,71.6,28.400000000000006,,1,52.4,26.933333333333337,낮음
2024-09-17,서산시,0,65.7,74.4,88.2,11.799999999999997,,1,34.3,15.366666666666665,낮음
2024-09-17,서천군,0,49.9,64.5,77.4,22.599999999999994,,1,50.1,24.23333333333333,낮음
2024-09-17,아산시,0,62.3,78.8,79.1,20.900000000000006,,1,37.7,19.533333333333335,낮음
2024-09-17,예산군,0,56.7,59.1,95.9,4.099999999999994,,1,43.3,15.799999999999997,낮음
2024-09-17,천안시,0,79.1,73.9,107.1,0.0,,1,20.900000000000006,6.966666666666669,낮음
2024-09-17,청양군,0,54.6,70.0,78.0,22.0,,1,45.4,22.46666666666667,낮음
2024-09-17,태안군,0,64.8,79.1,81.9,18.099999999999994,,1,35.2,17.766666666666666,낮음
2024-09-17,홍성군,0,60.8,68.5,88.7,11.299999999999997,,1,39.2,16.833333333333332,낮음
2024-09-18,계룡시,0,72.0,77.0,93.5,6.5,,1,28.0,11.5,낮음
2024-09-18,공주시,0,44.3,63.1,70.2,29.799999999999997,,1,55.7,28.5,낮음
2024-09-18,금산군,25,41.5,67.1,61.9,38.1,,1,58.5,40.53333333333333,주의
2024-09-18,논산시,75,24.9,60.5,41.1,58.9,,1,75.1,69.66666666666667,경계
2024-09-18,당진시,0,78.1,78.4,99.6,0.4000000000000057,,1,21.900000000000006,7.433333333333337,낮음
2024-09-18,보령시,25,41.6,66.9,62.2,37.8,,1,58.4,40.4,주의
2024-09-18,부여군,0,47.6,66.9,71.1,28.900000000000006,,1,52.4,27.100000000000005,낮음
2024-09-18,서산시,0,65.7,74.2,88.5,11.5,,1,34.3,15.266666666666666,낮음
2024-09-18,서천군,0,49.9,65.1,76.6,23.400000000000006,,1,50.1,24.5,낮음
2024-09-18,아산시,0,62.3,79.1,78.7,21.299999999999997,,1,37.7,19.666666666666668,낮음
2024-09-18,예산군,0,56.7,59.5,95.4,4.599999999999994,,1,43.3,15.966666666666663,낮음
2024-09-18,천안시,0,79.1,74.0,106.9,0.0,,1,20.900000000000006,6.966666666666669,낮음
2024-09-18,청양군,0,54.6,70.4,77.6,22.400000000000006,,1,45.4,22.600000000000005,낮음
2024-09-18,태안군,0,64.8,79.2,81.7,18.299999999999997,,1,35.2,17.833333333333332,낮음
2024-09-18,홍성군,0,60.8,68.4,88.8,11.200000000000003,,1,39.2,16.8,낮음
2024-09-19,계룡시,0,72.0,77.0,93.5,6.5,,1,28.0,11.5,낮음
2024-09-19,공주시,0,44.9,63.0,71.3,28.700000000000003,,1,55.1,27.933333333333337,낮음
2024-09-19,금산군,25,40.3,67.0,60.1,39.9,,1,59.7,41.53333333333334,주의
2024-09-19,논산시,75,25.7,60.4,42.5,57.5,,1,74.3,68.93333333333334,경계
2024-09-19,당진시,0,69.9,78.3,89.3,10.700000000000003,,1,30.099999999999994,13.6,낮음
2024-09-19,보령시,50,40.0,66.9,59.8,40.2,,1,60.0,50.06666666666666,주의
2024-09-19,부여군,0,47.2,67.1,70.4,29.599999999999994,,1,52.8,27.466666666666665,낮음
2024-09-19,서산시,0,70.1,74.0,94.7,5.299999999999997,,1,29.900000000000006,11.733333333333334,낮음
2024-09-19,서천군,0,50.8,65.1,78.1,21.900000000000006,,1,49.2,23.700000000000003,낮음
2024-09-19,아산시,0,65.5,79.1,82.8,17.200000000000003,,1,34.5,17.233333333333334,낮음
2024-09-19,예산군,0,61.4,59.6,103.1,0.0,,1,38.6,12.866666666666667,낮음
2024-09-19,천안시,0,79.6,74.0,107.6,0.0,,1,20.400000000000006,6.800000000000002,낮음
2024-09-19,청양군,0,54.6,70.4,77.6,22.400000000000006,,1,45.4,22.600000000000005,낮음
2024-09-19,태안군,0,68.5,79.3,86.4,13.599999999999994,,1,31.5,15.033333333333331,낮음
2024-09-19,홍성군,0,61.9,68.3,90.6,9.400000000000006,,1,38.1,15.833333333333336,낮음
2024-09-20,계룡시,0,72.0,77.0,93.5,6.5,,1,28.0,11.5,낮음
2024-09-20,공주시,0,45.0,62.9,71.5,28.5,,1,55.0,27.833333333333332,낮음
2024-09-20,금산군,25,40.5,67.2,60.2,39.8,,1,59.5,41.43333333333333,주의
2024-09-20,논산시,75,26.1,60.9,42.8,57.2,,1,73.9,68.7,경계
2024-09-20,당진시,0,70.0,78.6,89.1,10.900000000000006,,1,30.0,13.633333333333335,낮음
2024-09-20,보령시,50,40.3,67.4,59.8,40.2,,1,59.7,49.96666666666667,주의
2024-09-20,부여군,0,47.1,67.2,70.1,29.900000000000006,,1,52.9,27.600000000000005,낮음
2024-09-20,서산시,0,70.3,73.9,95.1,4.900000000000006,,1,29.700000000000003,11.533333333333337,낮음
2024-09-20,서천군,0,51.2,65.0,78.8,21.200000000000003,,1,48.8,23.333333333333332,낮음
2024-09-20,아산시,0,65.8,79.2,83.2,16.799999999999997,,1,34.2,17.0,낮음
2024-09-20,예산군,0,62.2,60.2,103.4,0.0,,1,37.8,12.6,낮음
2024-09-20,천안시,0,78.9,74.2,106.3,0.0,,1,21.099999999999994,7.033333333333331,낮음
2024-09-20,청양군,0,54.9,70.4,77.9,22.099999999999994,,1,45.1,22.399999999999995,낮음
2024-09-20,태안군,0,69.0,79.3,86.9,13.099999999999994,,1,31.0,14.699999999999998,낮음
2024-09-20,홍성군,0,61.8,68.1,90.7,9.299999999999997,,1,38.2,15.833333333333334,낮음
2024-09-21,계룡시,0,72.0,77.0,93.5,6.5,,1,28.0,11.5,낮음
2024-09-21,공주시,0,62.9,63.3,99.4,0.5999999999999943,,1,37.1,12.566666666666665,낮음
2024-09-21,금산군,25,40.5,67.4,60.1,39.9,,1,59.5,41.46666666666667,주의
2024-09-21,논산시,75,26.1,60.5,43.1,56.9,,1,73.9,68.60000000000001,경계
2024-09-21,당진시,0,95.8,78.4,122.1,0.0,,1,4.200000000000003,1.400000000000001,낮음
2024-09-21,보령시,0,59.6,67.7,87.9,12.099999999999994,,1,40.4,17.499999999999996,낮음
2024-09-21,부여군,0,60.9,68.1,89.5,10.5,,1,39.1,16.533333333333335,낮음
2024-09-21,서산시,0,70.3,74.2,94.7,5.299999999999997,,1,29.700000000000003,11.666666666666666,낮음
2024-09-21,서천군,0,51.2,65.7,78.0,22.0,,1,48.8,23.599999999999998,낮음
2024-09-21,아산시,0,97.0,79.4,122.3,0.0,,1,3.0,1.0,낮음
2024-09-21,예산군,0,79.2,60.2,131.6,0.0,,1,20.799999999999997,6.933333333333333,낮음
2024-09-21,천안시,0,97.0,74.5,130.3,0.0,,1,3.0,1.0,낮음
2024-09-21,청양군,0,61.2,71.7,85.4,14.599999999999994,,1,38.8,17.799999999999997,낮음
2024-09-21,태안군,0,69.0,79.7,86.5,13.5,,1,31.0,14.833333333333334,낮음
2024-09-21,홍성군,0,83.5,68.5,121.8,0.0,,1,16.5,5.5,낮음
2024-09-22,계룡시,0,72.0,77.0,93.5,6.5,,1,28.0,11.5,낮음
2024-09-22,공주시,0,63.6,63.4,100.2,0.0,,1,36.4,12.133333333333333,낮음
2024-09-22,금산군,50,40.5,67.5,59.9,40.1,,1,59.5,49.86666666666667,주의
2024-09-22,논산시,0,73.7,60.8,121.4,0.0,,1,26.299999999999997,8.766666666666666,낮음
2024-09-22,당진시,0,95.8,78.1,122.6,0.0,,1,4.200000000000003,1.400000000000001,낮음
2024-09-22,보령시,0,59.6,67.9,87.7,12.299999999999997,,1,40.4,17.566666666666666,낮음
2024-09-22,부여군,0,60.9,68.0,89.6,10.400000000000006,,1,39.1,16.500000000000004,낮음
2024-09-22,서산시,0,70.3,74.0,95.0,5.0,,1,29.700000000000003,11.566666666666668,낮음
2024-09-22,서천군,0,51.2,66.0,77.6,22.400000000000006,,1,48.8,23.733333333333334,낮음
2024-09-22,아산시,0,97.0,79.4,122.2,0.0,,1,3.0,1.0,낮음
2024-09-22,예산군,0,67.7,60.5,112.0,0.0,,1,32.3,10.766666666666666,낮음
2024-09-22,천안시,0,97.0,74.6,130.0,0.0,,1,3.0,1.0,낮음
2024-09-22,청양군,0,61.2,71.9,85.1,14.900000000000006,,1,38.8,17.900000000000002,낮음
2024-09-22,태안군,0,69.0,79.7,86.5,13.5,,1,31.0,14.833333333333334,낮음
2024-09-22,홍성군,0,83.5,68.5,121.9,0.0,,1,16.5,5.5,낮음
2024-09-23,계룡시,0,75.0,80.0,93.8,6.200000000000003,,1,25.0,10.4,낮음
2024-09-23,공주시,0,66.5,63.7,104.5,0.0,,1,33.5,11.166666666666666,낮음
2024-09-23,금산군,0,80.0,67.8,118.0,0.0,,1,20.0,6.666666666666667,낮음
2024-09-23,논산시,0,77.5,61.4,126.3,0.0,,1,22.5,7.5,낮음
2024-09-23,당진시,0,73.0,78.4,93.1,6.900000000000006,,1,27.0,11.300000000000002,낮음
2024-09-23,보령시,0,70.5,68.2,103.5,0.0,,1,29.5,9.833333333333334,낮음
2024-09-23,부여군,0,71.0,68.2,104.1,0.0,,1,29.0,9.666666666666666,낮음
2024-09-23,서산시,0,80.9,74.0,109.2,0.0,,1,19.099999999999994,6.3666666666666645,낮음
2024-09-23,서천군,0,78.4,66.1,118.6,0.0,,1,21.599999999999994,7.199999999999998,낮음
2024-09-23,아산시,0,90.9,79.5,114.3,0.0,,1,9.099999999999994,3.0333333333333314,낮음
2024-09-23,예산군,0,57.0,61.0,93.4,6.599999999999994,,1,43.0,16.53333333333333,낮음
2024-09-23,천안시,0,89.6,74.9,119.8,0.0,,1,10.400000000000006,3.4666666666666686,낮음
2024-09-23,청양군,0,80.1,72.3,110.8,0.0,,1,19.900000000000006,6.6333333333333355,낮음
2024-09-23,태안군,0,81.8,80.2,102.0,0.0,,1,18.200000000000003,6.066666666666667,낮음
2024-09-23,홍성군,0,85.1,68.7,124.0,0.0,,1,14.900000000000006,4.966666666666669,낮음
2024-09-24,계룡시,0,75.0,80.0,93.8,6.200000000000003,,1,25.0,10.4,낮음
2024-09-24,공주시,0,66.8,63.8,104.7,0.0,,1,33.2,11.066666666666668,낮음
2024-09-24,금산군,0,80.4,67.9,118.6,0.0,,1,19.599999999999994,6.533333333333331,낮음
2024-09-24,논산시,0,79.5,61.9,128.5,0.0,,1,20.5,6.833333333333333,낮음
2024-09-24,당진시,0,70.7,78.0,90.6,9.400000000000006,,1,29.299999999999997,12.9,낮음
2024-09-24,보령시,0,71.4,68.4,104.4,0.0,,1,28.599999999999994,9.533333333333331,낮음
2024-09-24,부여군,0,70.9,68.2,104.0,0.0,,1,29.099999999999994,9.699999999999998,낮음
2024-09-24,서산시,0,79.5,74.0,107.4,0.0,,1,20.5,6.833333333333333,낮음
2024-09-24,서천군,0,78.7,66.1,119.0,0.0,,1,21.299999999999997,7.099999999999999,낮음
2024-09-24,아산시,0,90.5,79.5,113.8,0.0,,1,9.5,3.1666666666666665,낮음
2024-09-24,예산군,0,58.9,61.4,96.0,4.0,,1,41.1,15.033333333333333,낮음
2024-09-24,천안시,0,88.4,74.9,117.9,0.0,,1,11.599999999999994,3.866666666666665,낮음
2024-09-24,청양군,0,80.8,72.5,111.4,0.0,,1,19.200000000000003,6.400000000000001,낮음
2024-09-24,태안군,0,80.6,80.3,100.3,0.0,,1,19.400000000000006,6.466666666666669,낮음
2024-09-24,홍성군,0,84.0,68.7,122.3,0.0,,1,16.0,5.333333333333333,낮음
2024-09-25,계룡시,0,75.0,80.0,93.8,6.200000000000003,,1,25.0,10.4,낮음
2024-09-25,공주시,0,66.7,63.9,104.4,0.0,,1,33.3,11.1,낮음
2024-09-25,금산군,0,81.0,67.7,119.7,0.0,,1,19.0,6.333333333333333,낮음
2024-09-25,논산시,0,80.7,62.3,129.5,0.0,,1,19.299999999999997,6.433333333333333,낮음
2024-09-25,당진시,0,69.9,77.7,90.0,10.0,,1,30.099999999999994,13.366666666666665,낮음
2024-09-25,보령시,0,72.0,68.6,105.1,0.0,,1,28.0,9.333333333333334,낮음
2024-09-25,부여군,0,70.3,67.5,104.3,0.0,,1,29.700000000000003,9.9,낮음
2024-09-25,서산시,0,77.3,73.8,104.8,0.0,,1,22.700000000000003,7.566666666666667,낮음
2024-09-25,서천군,0,78.9,65.7,120.0,0.0,,1,21.099999999999994,7.033333333333331,낮음
2024-09-25,아산시,0,90.2,79.4,113.6,0.0,,1,9.799999999999997,3.2666666666666657,낮음
2024-09-25,예산군,0,60.8,61.5,98.9,1.0999999999999943,,1,39.2,13.433333333333332,낮음
2024-09-25,천안시,0,86.6,75.0,115.5,0.0,,1,13.400000000000006,4.466666666666669,낮음
2024-09-25,청양군,0,74.3,72.7,102.3,0.0,,1,25.700000000000003,8.566666666666668,낮음
2024-09-25,태안군,0,80.0,80.4,99.4,0.5999999999999943,,1,20.0,6.8666666666666645,낮음
2024-09-25,홍성군,0,82.6,68.7,120.2,0.0,,1,17.400000000000006,5.800000000000002,낮음
2024-09-26,계룡시,0,75.0,80.0,93.8,6.200000000000003,,1,25.0,10.4,낮음
2024-09-26,공주시,0,67.2,64.0,105.0,0.0,,1,32.8,10.933333333333332,낮음
2024-09-26,금산군,0,81.5,67.7,120.5,0.0,,1,18.5,6.166666666666667,낮음
2024-09-26,논산시,0,81.4,62.5,130.2,0.0,,1,18.599999999999994,6.199999999999998,낮음
2024-09-26,당진시,0,69.4,77.6,89.5,10.5,,1,30.599999999999994,13.699999999999998,낮음
2024-09-26,보령시,0,72.5,68.7,105.5,0.0,,1,27.5,9.166666666666666,낮음
2024-09-26,부여군,0,70.3,67.5,104.2,0.0,,1,29.700000000000003,9.9,낮음
2024-09-26,서산시,0,76.5,73.8,103.8,0.0,,1,23.5,7.833333333333333,낮음
2024-09-26,서천군,0,78.8,65.7,120.0,0.0,,1,21.200000000000003,7.066666666666667,낮음
2024-09-26,아산시,0,89.7,79.4,113.1,0.0,,1,10.299999999999997,3.4333333333333322,낮음
2024-09-26,예산군,0,61.9,62.1,99.6,0.4000000000000057,,1,38.1,12.833333333333336,낮음
2024-09-26,천안시,0,85.5,75.1,113.9,0.0,,1,14.5,4.833333333333333,낮음
2024-09-26,청양군,0,81.2,72.8,111.5,0.0,,1,18.799999999999997,6.266666666666666,낮음
2024-09-26,태안군,0,79.8,80.5,99.2,0.7999999999999972,,1,20.200000000000003,7.0,낮음
2024-09-26,홍성군,0,81.6,68.9,118.4,0.0,,1,18.400000000000006,6.1333333333333355,낮음
2024-09-27,계룡시,0,75.0,80.0,93.8,6.200000000000003,,1,25.0,10.4,낮음
2024-09-27,공주시,0,67.7,64.0,105.8,0.0,,1,32.3,10.766666666666666,낮음
2024-09-27,금산군,0,81.8,67.6,121.0,0.0,,1,18.200000000000003,6.066666666666667,낮음
2024-09-27,논산시,0,82.2,62.8,130.9,0.0,,1,17.799999999999997,5.933333333333333,낮음
2024-09-27,당진시,0,69.4,77.5,89.6,10.400000000000006,,1,30.599999999999994,13.666666666666666,낮음
2024-09-27,보령시,0,72.7,68.8,105.7,0.0,,1,27.299999999999997,9.1,낮음
2024-09-27,부여군,0,70.3,67.5,104.1,0.0,,1,29.700000000000003,9.9,낮음
2024-09-27,서산시,0,76.3,73.8,103.4,0.0,,1,23.700000000000003,7.900000000000001,낮음
2024-09-27,서천군,0,78.8,65.7,120.0,0.0,,1,21.200000000000003,7.066666666666667,낮음
2024-09-27,아산시,0,89.1,79.2,112.5,0.0,,1,10.900000000000006,3.633333333333335,낮음
2024-09-27,예산군,0,63.0,62.2,101.3,0.0,,1,37.0,12.333333333333334,낮음
2024-09-27,천안시,0,85.0,75.1,113.1,0.0,,1,15.0,5.0,낮음
2024-09-27,청양군,0,81.5,72.9,111.8,0.0,,1,18.5,6.166666666666667,낮음
2024-09-27,태안군,0,79.9,80.6,99.1,0.9000000000000057,,1,20.099999999999994,7.0,낮음
2024-09-27,홍성군,0,80.9,68.8,117.5,0.0,,1,19.099999999999994,6.3666666666666645,낮음
2024-09-28,계룡시,0,75.0,80.0,93.8,6.200000000000003,,1,25.0,10.4,낮음
2024-09-28,공주시,0,67.7,64.0,105.7,0.0,,1,32.3,10.766666666666666,낮음
2024-09-28,금산군,0,81.8,67.6,121.1,0.0,,1,18.200000000000003,6.066666666666667,낮음
2024-09-28,논산시,0,82.2,63.0,130.5,0.0,,1,17.799999999999997,5.933333333333333,낮음
2024-09-28,당진시,0,69.4,77.3,89.8,10.200000000000003,,1,30.599999999999994,13.6,낮음
2024-09-28,보령시,0,72.7,68.9,105.6,0.0,,1,27.299999999999997,9.1,낮음
2024-09-28,부여군,0,70.3,67.5,104.2,0.0,,1,29.700000000000003,9.9,낮음
2024-09-28,서산시,0,76.3,73.8,103.4,0.0,,1,23.700000000000003,7.900000000000001,낮음
2024-09-28,서천군,0,78.8,65.8,119.8,0.0,,1,21.200000000000003,7.066666666666667,낮음
2024-09-28,아산시,0,89.1,79.1,112.6,0.0,,1,10.900000000000006,3.633333333333335,낮음
2024-09-28,예산군,0,63.0,62.2,101.3,0.0,,1,37.0,12.333333333333334,낮음
2024-09-28,천안시,0,85.0,75.2,113.0,0.0,,1,15.0,5.0,낮음
2024-09-28,청양군,0,81.5,73.0,111.7,0.0,,1,18.5,6.166666666666667,낮음
2024-09-28,태안군,0,79.9,80.5,99.2,0.7999999999999972,,1,20.099999999999994,6.966666666666664,낮음
2024-09-28,홍성군,0,80.9,68.8,117.6,0.0,,1,19.099999999999994,6.3666666666666645,낮음
2024-09-29,계룡시,0,75.0,80.0,93.8,6.200000000000003,,1,25.0,10.4,낮음
2024-09-29,공주시,0,67.7,64.1,105.6,0.0,,1,32.3,10.766666666666666,낮음
2024-09-29,금산군,0,81.8,67.6,121.1,0.0,,1,18.200000000000003,6.066666666666667,낮음
2024-09-29,논산시,0,82.2,63.1,130.3,0.0,,1,17.799999999999997,5.933333333333333,낮음
2024-09-29,당진시,0,69.4,77.2,90.0,10.0,,1,30.599999999999994,13.533333333333331,낮음
2024-09-29,보령시,0,72.7,68.9,105.6,0.0,,1,27.299999999999997,9.1,낮음
2024-09-29,부여군,0,70.3,67.5,104.2,0.0,,1,29.700000000000003,9.9,낮음
2024-09-29,서산시,0,76.3,73.7,103.5,0.0,,1,23.700000000000003,7.900000000000001,낮음
2024-09-29,서천군,0,78.8,65.8,119.7,0.0,,1,21.200000000000003,7.066666666666667,낮음
2024-09-29,아산시,0,89.1,79.2,112.5,0.0,,1,10.900000000000006,3.633333333333335,낮음
2024-09-29,예산군,0,63.0,62.3,101.1,0.0,,1,37.0,12.333333333333334,낮음
2024-09-29,천안시,0,85.0,75.2,113.0,0.0,,1,15.0,5.0,낮음
2024-09-29,청양군,0,81.5,73.2,111.4,0.0,,1,18.5,6.166666666666667,낮음
2024-09-29,태안군,0,79.9,80.4,99.4,0.5999999999999943,,1,20.099999999999994,6.899999999999996,낮음
2024-09-29,홍성군,0,80.9,68.8,117.5,0.0,,1,19.099999999999994,6.3666666666666645,낮음
2024-09-30,계룡시,0,75.0,80.0,93.8,6.200000000000003,,1,25.0,10.4,낮음
2024-09-30,공주시,0,67.9,64.1,105.9,0.0,,1,32.099999999999994,10.699999999999998,낮음
2024-09-30,금산군,0,72.8,67.6,107.7,0.0,,1,27.200000000000003,9.066666666666668,낮음
2024-09-30,논산시,0,82.6,63.2,130.7,0.0,,1,17.400000000000006,5.800000000000002,낮음
2024-09-30,당진시,0,72.3,77.1,93.8,6.200000000000003,,1,27.700000000000003,11.300000000000002,낮음
2024-09-30,보령시,0,73.6,68.9,106.8,0.0,,1,26.400000000000006,8.800000000000002,낮음
2024-09-30,부여군,0,69.6,67.5,103.2,0.0,,1,30.400000000000006,10.133333333333335,낮음
2024-09-30,서산시,0,75.9,73.7,103.0,0.0,,1,24.099999999999994,8.033333333333331,낮음
2024-09-30,서천군,0,77.9,65.9,118.2,0.0,,1,22.099999999999994,7.3666666666666645,낮음
2024-09-30,아산시,0,87.1,79.1,110.2,0.0,,1,12.900000000000006,4.300000000000002,낮음
2024-09-30,예산군,0,65.2,62.6,104.3,0.0,,1,34.8,11.6,낮음
2024-09-30,천안시,0,79.9,75.1,106.3,0.0,,1,20.099999999999994,6.699999999999998,낮음
2024-09-30,청양군,0,81.5,73.4,111.0,0.0,,1,18.5,6.166666666666667,낮음
2024-09-30,태안군,0,79.4,80.3,98.8,1.2000000000000028,,1,20.599999999999994,7.266666666666666,낮음
2024-09-30,홍성군,0,78.8,68.9,114.4,0.0,,1,21.200000000000003,7.066666666666667,낮음
2024-10-01,계룡시,0,75.0,80.0,93.8,6.200000000000003,,1,25.0,10.4,낮음
2024-10-01,공주시,0,67.9,64.2,105.8,0.0,,1,32.099999999999994,10.699999999999998,낮음
2024-10-01,금산군,0,72.8,67.5,107.8,0.0,,1,27.200000000000003,9.066666666666668,낮음
2024-10-01,논산시,0,82.6,63.3,130.5,0.0,,1,17.400000000000006,5.800000000000002,낮음
2024-10-01,당진시,0,72.3,77.0,93.9,6.099999999999994,,1,27.700000000000003,11.266666666666666,낮음
2024-10-01,보령시,0,73.6,68.9,106.8,0.0,,1,26.400000000000006,8.800000000000002,낮음
2024-10-01,부여군,0,69.6,67.5,103.2,0.0,,1,30.400000000000006,10.133333333333335,낮음
2024-10-01,서산시,0,75.9,73.7,103.0,0.0,,1,24.099999999999994,8.033333333333331,낮음
2024-10-01,서천군,0,77.9,66.0,118.1,0.0,,1,22.099999999999994,7.3666666666666645,낮음
2024-10-01,아산시,0,87.1,79.0,110.3,0.0,,1,12.900000000000006,4.300000000000002,낮음
2024-10-01,예산군,0,65.2,62.8,103.9,0.0,,1,34.8,11.6,낮음
2024-10-01,천안시,0,79.9,75.1,106.4,0.0,,1,20.099999999999994,6.699999999999998,낮음
2024-10-01,청양군,0,81.5,73.5,110.9,0.0,,1,18.5,6.166666666666667,낮음
2024-10-01,태안군,0,79.4,80.4,98.8,1.2000000000000028,,1,20.599999999999994,7.266666666666666,낮음
2024-10-01,홍성군,0,78.8,68.9,114.3,0.0,,1,21.200000000000003,7.066666666666667,낮음
2024-10-02,계룡시,0,75.0,80.0,93.8,6.200000000000003,,2,25.0,10.4,낮음
2024-10-02,공주시,0,67.8,64.2,105.6,0.0,,2,32.2,10.733333333333334,낮음
2024-10-02,금산군,0,71.6,67.6,106.0,0.0,,2,28.400000000000006,9.466666666666669,낮음
2024-10-02,논산시,0,81.7,63.4,128.8,0.0,,2,18.299999999999997,6.099999999999999,낮음
2024-10-02,당진시,0,73.5,77.0,95.4,4.599999999999994,,2,26.5,10.366666666666665,낮음
2024-10-02,보령시,0,74.2,68.9,107.7,0.0,,2,25.799999999999997,8.6,낮음
2024-10-02,부여군,0,69.1,67.5,102.4,0.0,,2,30.900000000000006,10.300000000000002,낮음
2024-10-02,서산시,0,76.1,73.7,103.2,0.0,,2,23.900000000000006,7.966666666666669,낮음
2024-10-02,서천군,0,78.4,66.1,118.7,0.0,,2,21.599999999999994,7.199999999999998,낮음
2024-10-02,아산시,0,84.7,78.9,107.2,0.0,,2,15.299999999999997,5.099999999999999,낮음
2024-10-02,예산군,0,66.6,62.9,105.8,0.0,,2,33.400000000000006,11.133333333333335,낮음
2024-10-02,천안시,0,78.2,75.3,103.9,0.0,,2,21.799999999999997,7.266666666666666,낮음
2024-10-02,청양군,0,81.8,73.6,111.2,0.0,,2,18.200000000000003,6.066666666666667,낮음
2024-10-02,태안군,0,79.3,80.4,98.7,1.2999999999999972,,2,20.700000000000003,7.333333333333333,낮음
2024-10-02,홍성군,0,76.0,68.9,110.4,0.0,,2,24.0,8.0,낮음
2024-10-03,계룡시,0,75.0,80.0,93.8,6.200000000000003,,1,25.0,10.4,낮음
2024-10-03,공주시,0,67.8,64.3,105.4,0.0,,1,32.2,10.733333333333334,낮음
2024-10-03,금산군,0,71.6,67.6,105.9,0.0,,1,28.400000000000006,9.466666666666669,낮음
2024-10-03,논산시,0,81.7,63.6,128.5,0.0,,1,18.299999999999997,6.099999999999999,낮음
2024-10-03,당진시,0,73.5,77.2,95.2,4.799999999999997,,1,26.5,10.433333333333332,낮음
2024-10-03,보령시,0,74.2,69.0,107.5,0.0,,1,25.799999999999997,8.6,낮음
2024-10-03,부여군,0,69.1,67.7,102.1,0.0,,1,30.900000000000006,10.300000000000002,낮음
2024-10-03,서산시,0,76.1,73.8,103.0,0.0,,1,23.900000000000006,7.966666666666669,낮음
2024-10-03,서천군,0,78.4,66.3,118.2,0.0,,1,21.599999999999994,7.199999999999998,낮음
2024-10-03,아산시,0,84.7,79.0,107.2,0.0,,1,15.299999999999997,5.099999999999999,낮음
2024-10-03,예산군,0,66.6,63.1,105.6,0.0,,1,33.400000000000006,11.133333333333335,낮음
2024-10-03,천안시,0,78.2,75.7,103.4,0.0,,1,21.799999999999997,7.266666666666666,낮음
2024-10-03,청양군,0,81.8,73.8,110.8,0.0,,1,18.200000000000003,6.066666666666667,낮음
2024-10-03,태안군,0,79.3,80.6,98.5,1.5,,1,20.700000000000003,7.400000000000001,낮음
2024-10-03,홍성군,0,76.0,68.9,110.2,0.0,,1,24.0,8.0,낮음
2024-10-04,계룡시,0,75.0,80.0,93.8,6.200000000000003,,1,25.0,10.4,낮음
2024-10-04,공주시,0,67.4,64.4,104.7,0.0,,1,32.599999999999994,10.866666666666665,낮음
2024-10-04,금산군,0,71.7,67.6,106.1,0.0,,1,28.299999999999997,9.433333333333332,낮음
2024-10-04,논산시,0,76.8,63.8,120.2,0.0,,1,23.200000000000003,7.733333333333334,낮음
2024-10-04,당진시,0,74.1,77.2,96.0,4.0,,1,25.900000000000006,9.966666666666669,낮음
2024-10-04,보령시,0,74.3,69.1,107.5,0.0,,1,25.700000000000003,8.566666666666668,낮음
2024-10-04,부여군,0,69.5,68.2,101.9,0.0,,1,30.5,10.166666666666666,낮음
2024-10-04,서산시,0,75.6,74.1,102.1,0.0,,1,24.400000000000006,8.133333333333335,낮음
2024-10-04,서천군,0,78.9,66.7,118.3,0.0,,1,21.099999999999994,7.033333333333331,낮음
2024-10-04,아산시,0,83.9,79.1,106.1,0.0,,1,16.099999999999994,5.3666666666666645,낮음
2024-10-04,예산군,0,67.7,63.6,106.5,0.0,,1,32.3,10.766666666666666,낮음
2024-10-04,천안시,0,77.2,75.9,101.6,0.0,,1,22.799999999999997,7.599999999999999,낮음
2024-10-04,청양군,0,81.9,74.0,110.6,0.0,,1,18.099999999999994,6.033333333333331,낮음
2024-10-04,태안군,0,79.1,80.8,97.8,2.200000000000003,,1,20.900000000000006,7.700000000000003,낮음
2024-10-04,홍성군,0,75.0,69.1,108.5,0.0,,1,25.0,8.333333333333334,낮음
2024-10-05,계룡시,0,75.0,80.0,93.8,6.200000000000003,,1,25.0,10.4,낮음
2024-10-05,공주시,0,67.4,64.5,104.5,0.0,,1,32.599999999999994,10.866666666666665,낮음
2024-10-05,금산군,0,71.7,67.7,105.9,0.0,,1,28.299999999999997,9.433333333333332,낮음
2024-10-05,논산시,0,76.8,64.1,119.7,0.0,,1,23.200000000000003,7.733333333333334,낮음
2024-10-05,당진시,0,74.1,77.2,96.0,4.0,,1,25.900000000000006,9.966666666666669,낮음
2024-10-05,보령시,0,74.3,69.3,107.1,0.0,,1,25.700000000000003,8.566666666666668,낮음
2024-10-05,부여군,0,69.5,68.4,101.7,0.0,,1,30.5,10.166666666666666,낮음
2024-10-05,서산시,0,75.6,74.3,101.8,0.0,,1,24.400000000000006,8.133333333333335,낮음
2024-10-05,서천군,0,78.9,66.9,118.0,0.0,,1,21.099999999999994,7.033333333333331,낮음
2024-10-05,아산시,0,83.9,79.2,105.9,0.0,,1,16.099999999999994,5.3666666666666645,낮음
2024-10-05,예산군,0,67.7,63.2,107.0,0.0,,1,32.3,10.766666666666666,낮음
2024-10-05,천안시,0,77.2,76.1,101.4,0.0,,1,22.799999999999997,7.599999999999999,낮음
2024-10-05,청양군,0,81.9,74.3,110.2,0.0,,1,18.099999999999994,6.033333333333331,낮음
2024-10-05,태안군,0,79.1,81.1,97.6,2.4000000000000057,,1,20.900000000000006,7.76666666666667,낮음
2024-10-05,홍성군,0,75.0,69.3,108.3,0.0,,1,25.0,8.333333333333334,낮음
2024-10-06,계룡시,0,75.0,80.0,93.8,6.200000000000003,,1,25.0,10.4,낮음
2024-10-06,공주시,0,67.4,64.7,104.2,0.0,,1,32.599999999999994,10.866666666666665,낮음
2024-10-06,금산군,0,71.7,67.8,105.8,0.0,,1,28.299999999999997,9.433333333333332,낮음
2024-10-06,논산시,0,76.8,64.4,119.2,0.0,,1,23.200000000000003,7.733333333333334,낮음
2024-10-06,당진시,0,74.1,77.2,95.9,4.099999999999994,,1,25.900000000000006,10.0,낮음
2024-10-06,보령시,0,74.3,69.6,106.7,0.0,,1,25.700000000000003,8.566666666666668,낮음
2024-10-06,부여군,0,69.5,68.4,101.6,0.0,,1,30.5,10.166666666666666,낮음
2024-10-06,서산시,0,75.6,74.4,101.6,0.0,,1,24.400000000000006,8.133333333333335,낮음
2024-10-06,서천군,0,78.9,67.0,117.8,0.0,,1,21.099999999999994,7.033333333333331,낮음
2024-10-06,아산시,0,83.9,79.3,105.8,0.0,,1,16.099999999999994,5.3666666666666645,낮음
2024-10-06,예산군,0,67.7,63.0,107.4,0.0,,1,32.3,10.766666666666666,낮음
2024-10-06,천안시,0,77.2,76.1,101.5,0.0,,1,22.799999999999997,7.599999999999999,낮음
2024-10-06,청양군,0,81.9,74.5,110.0,0.0,,1,18.099999999999994,6.033333333333331,낮음
2024-10-06,태안군,0,79.1,81.2,97.5,2.5,,1,20.900000000000006,7.800000000000002,낮음
2024-10-06,홍성군,0,75.0,69.4,108.1,0.0,,1,25.0,8.333333333333334,낮음
2024-10-07,계룡시,0,80.0,80.0,100.0,0.0,,1,20.0,6.666666666666667,낮음
2024-10-07,공주시,0,68.3,64.8,105.4,0.0,,1,31.700000000000003,10.566666666666668,낮음
2024-10-07,금산군,0,72.0,67.8,106.2,0.0,,1,28.0,9.333333333333334,낮음
2024-10-07,논산시,0,77.7,64.7,120.1,0.0,,1,22.299999999999997,7.433333333333333,낮음
2024-10-07,당진시,0,73.7,77.3,95.4,4.599999999999994,,1,26.299999999999997,10.299999999999997,낮음
2024-10-07,보령시,0,74.8,69.9,107.0,0.0,,1,25.200000000000003,8.4,낮음
2024-10-07,부여군,0,70.3,68.4,102.8,0.0,,1,29.700000000000003,9.9,낮음
2024-10-07,서산시,0,75.1,74.7,100.5,0.0,,1,24.900000000000006,8.300000000000002,낮음
2024-10-07,서천군,0,80.0,67.2,119.2,0.0,,1,20.0,6.666666666666667,낮음
2024-10-07,아산시,0,83.4,79.3,105.2,0.0,,1,16.599999999999994,5.533333333333331,낮음
2024-10-07,예산군,0,69.2,63.0,109.9,0.0,,1,30.799999999999997,10.266666666666666,낮음
2024-10-07,천안시,0,77.4,76.0,101.9,0.0,,1,22.599999999999994,7.533333333333331,낮음
2024-10-07,청양군,0,82.0,74.6,110.0,0.0,,1,18.0,6.0,낮음
2024-10-07,태안군,0,80.3,81.4,98.7,1.2999999999999972,,1,19.700000000000003,7.0,낮음
2024-10-07,홍성군,0,76.3,69.5,109.7,0.0,,1,23.700000000000003,7.900000000000001,낮음
2024-10-08,계룡시,0,80.0,80.0,100.0,0.0,,1,20.0,6.666666666666667,낮음
2024-10-08,공주시,0,68.8,65.0,105.9,0.0,,1,31.200000000000003,10.4,낮음
2024-10-08,금산군,0,72.1,67.9,106.1,0.0,,1,27.900000000000006,9.300000000000002,낮음
2024-10-08,논산시,0,78.0,65.1,119.7,0.0,,1,22.0,7.333333333333333,낮음
2024-10-08,당진시,0,73.5,77.2,95.1,4.900000000000006,,1,26.5,10.466666666666669,낮음
2024-10-08,보령시,0,75.1,70.2,107.1,0.0,,1,24.900000000000006,8.300000000000002,낮음
2024-10-08,부여군,0,70.7,68.4,103.4,0.0,,1,29.299999999999997,9.766666666666666,낮음
2024-10-08,서산시,0,74.9,74.9,100.0,0.0,,1,25.099999999999994,8.366666666666665,낮음
2024-10-08,서천군,0,80.2,67.4,119.1,0.0,,1,19.799999999999997,6.599999999999999,낮음
2024-10-08,아산시,0,83.6,79.3,105.4,0.0,,1,16.400000000000006,5.466666666666669,낮음
2024-10-08,예산군,0,69.5,62.9,110.5,0.0,,1,30.5,10.166666666666666,낮음
2024-10-08,천안시,0,77.0,76.1,101.2,0.0,,1,23.0,7.666666666666667,낮음
2024-10-08,청양군,0,82.2,74.7,110.0,0.0,,1,17.799999999999997,5.933333333333333,낮음
2024-10-08,태안군,0,80.6,81.5,98.9,1.0999999999999943,,1,19.400000000000006,6.833333333333333,낮음
2024-10-08,홍성군,0,76.4,69.7,109.6,0.0,,1,23.599999999999994,7.8666666666666645,낮음
2024-10-09,계룡시,0,80.0,80.0,100.0,0.0,,1,20.0,6.666666666666667,낮음
2024-10-09,공주시,0,68.8,65.1,105.7,0.0,,1,31.200000000000003,10.4,낮음
2024-10-09,금산군,0,72.1,68.1,105.8,0.0,,1,27.900000000000006,9.300000000000002,낮음
2024-10-09,논산시,0,78.0,65.6,118.9,0.0,,1,22.0,7.333333333333333,낮음
2024-10-09,당진시,0,73.5,77.3,95.1,4.900000000000006,,1,26.5,10.466666666666669,낮음
2024-10-09,보령시,0,75.1,70.3,106.9,0.0,,1,24.900000000000006,8.300000000000002,낮음
2024-10-09,부여군,0,70.7,68.4,103.4,0.0,,1,29.299999999999997,9.766666666666666,낮음
2024-10-09,서산시,0,74.9,75.0,99.9,0.09999999999999432,,1,25.099999999999994,8.399999999999997,낮음
2024-10-09,서천군,0,80.2,67.5,118.8,0.0,,1,19.799999999999997,6.599999999999999,낮음
2024-10-09,아산시,0,83.6,79.3,105.4,0.0,,1,16.400000000000006,5.466666666666669,낮음
2024-10-09,예산군,0,69.5,63.0,110.3,0.0,,1,30.5,10.166666666666666,낮음
2024-10-09,천안시,0,77.0,76.2,101.0,0.0,,1,23.0,7.666666666666667,낮음
2024-10-09,청양군,0,82.2,74.7,110.0,0.0,,1,17.799999999999997,5.933333333333333,낮음
2024-10-09,태안군,0,80.6,81.6,98.7,1.2999999999999972,,1,19.400000000000006,6.900000000000001,낮음
2024-10-09,홍성군,0,76.4,69.7,109.5,0.0,,1,23.599999999999994,7.8666666666666645,낮음
2024-10-10,계룡시,0,80.0,80.0,100.0,0.0,,1,20.0,6.666666666666667,낮음
2024-10-10,공주시,0,69.3,65.2,106.2,0.0,,1,30.700000000000003,10.233333333333334,낮음
2024-10-10,금산군,0,72.2,68.3,105.7,0.0,,1,27.799999999999997,9.266666666666666,낮음
2024-10-10,논산시,0,78.1,65.8,118.8,0.0,,1,21.900000000000006,7.300000000000002,낮음
2024-10-10,당진시,0,77.3,77.2,100.1,0.0,,1,22.700000000000003,7.566666666666667,낮음
2024-10-10,보령시,0,75.4,70.3,107.2,0.0,,1,24.599999999999994,8.199999999999998,낮음
2024-10-10,부여군,0,71.1,68.6,103.6,0.0,,1,28.900000000000006,9.633333333333335,낮음
2024-10-10,서산시,0,74.7,75.0,99.5,0.5,,1,25.299999999999997,8.6,낮음
2024-10-10,서천군,0,80.7,67.6,119.4,0.0,,1,19.299999999999997,6.433333333333333,낮음
2024-10-10,아산시,0,83.7,79.3,105.5,0.0,,1,16.299999999999997,5.433333333333333,낮음
2024-10-10,예산군,0,72.1,63.2,114.0,0.0,,1,27.900000000000006,9.300000000000002,낮음
2024-10-10,천안시,0,76.7,76.3,100.4,0.0,,1,23.299999999999997,7.766666666666666,낮음
2024-10-10,청양군,0,82.3,74.9,110.0,0.0,,1,17.700000000000003,5.900000000000001,낮음
2024-10-10,태안군,0,80.3,81.7,98.3,1.7000000000000028,,1,19.700000000000003,7.1333333333333355,낮음
2024-10-10,홍성군,0,76.4,69.7,109.6,0.0,,1,23.599999999999994,7.8666666666666645,낮음
2024-10-11,계룡시,0,80.0,80.0,100.0,0.0,,1,20.0,6.666666666666667,낮음
2024-10-11,공주시,0,69.6,65.3,106.6,0.0,,1,30.400000000000006,10.133333333333335,낮음
2024-10-11,금산군,0,72.2,68.4,105.5,0.0,,1,27.799999999999997,9.266666666666666,낮음
2024-10-11,논산시,0,78.5,65.8,119.2,0.0,,1,21.5,7.166666666666667,낮음
2024-10-11,당진시,0,77.4,77.2,100.4,0.0,,1,22.599999999999994,7.533333333333331,낮음
2024-10-11,보령시,0,75.7,70.5,107.4,0.0,,1,24.299999999999997,8.1,낮음
2024-10-11,부여군,0,71.3,68.7,103.8,0.0,,1,28.700000000000003,9.566666666666668,낮음
2024-10-11,서산시,0,74.8,75.1,99.6,0.4000000000000057,,1,25.200000000000003,8.533333333333337,낮음
2024-10-11,서천군,0,80.7,67.7,119.2,0.0,,1,19.299999999999997,6.433333333333333,낮음
2024-10-11,아산시,0,83.9,79.3,105.8,0.0,,1,16.099999999999994,5.3666666666666645,낮음
2024-10-11,예산군,0,72.5,63.5,114.1,0.0,,1,27.5,9.166666666666666,낮음
2024-10-11,천안시,0,76.6,76.4,100.2,0.0,,1,23.400000000000006,7.800000000000002,낮음
2024-10-11,청양군,0,82.4,75.0,109.8,0.0,,1,17.599999999999994,5.8666666666666645,낮음
2024-10-11,태안군,0,80.2,81.7,98.2,1.7999999999999972,,1,19.799999999999997,7.199999999999998,낮음
2024-10-11,홍성군,0,76.0,69.7,109.0,0.0,,1,24.0,8.0,낮음
2024-10-12,계룡시,0,80.0,80.0,100.0,0.0,,1,20.0,6.666666666666667,낮음
2024-10-12,공주시,0,69.6,65.3,106.6,0.0,,1,30.400000000000006,10.133333333333335,낮음
2024-10-12,금산군,0,72.2,68.5,105.4,0.0,,1,27.799999999999997,9.266666666666666,낮음
2024-10-12,논산시,0,78.5,65.9,119.0,0.0,,1,21.5,7.166666666666667,낮음
2024-10-12,당진시,0,77.4,77.1,100.5,0.0,,1,22.599999999999994,7.533333333333331,낮음
2024-10-12,보령시,0,75.7,70.6,107.3,0.0,,1,24.299999999999997,8.1,낮음
2024-10-12,부여군,0,71.3,68.7,103.7,0.0,,1,28.700000000000003,9.566666666666668,낮음
2024-10-12,서산시,0,74.8,75.1,99.6,0.4000000000000057,,1,25.200000000000003,8.533333333333337,낮음
2024-10-12,서천군,0,80.7,67.8,119.0,0.0,,1,19.299999999999997,6.433333333333333,낮음
2024-10-12,아산시,0,83.9,79.3,105.9,0.0,,1,16.099999999999994,5.3666666666666645,낮음
2024-10-12,예산군,0,72.5,63.8,113.6,0.0,,1,27.5,9.166666666666666,낮음
2024-10-12,천안시,0,76.6,76.5,100.1,0.0,,1,23.400000000000006,7.800000000000002,낮음
2024-10-12,청양군,0,82.4,75.2,109.6,0.0,,1,17.599999999999994,5.8666666666666645,낮음
2024-10-12,태안군,0,80.2,81.6,98.2,1.7999999999999972,,1,19.799999999999997,7.199999999999998,낮음
2024-10-12,홍성군,0,76.0,69.8,108.9,0.0,,1,24.0,8.0,낮음
2024-10-13,계룡시,0,80.0,80.0,100.0,0.0,,1,20.0,6.666666666666667,낮음
2024-10-13,공주시,0,69.6,65.3,106.5,0.0,,1,30.400000000000006,10.133333333333335,낮음
2024-10-13,금산군,0,72.2,68.5,105.4,0.0,,1,27.799999999999997,9.266666666666666,낮음
2024-10-13,논산시,0,78.5,66.0,119.0,0.0,,1,21.5,7.166666666666667,낮음
2024-10-13,당진시,0,77.4,77.1,100.5,0.0,,1,22.599999999999994,7.533333333333331,낮음
2024-10-13,보령시,0,75.7,70.6,107.2,0.0,,1,24.299999999999997,8.1,낮음
2024-10-13,부여군,0,71.3,68.8,103.6,0.0,,1,28.700000000000003,9.566666666666668,낮음
2024-10-13,서산시,0,74.8,75.1,99.5,0.5,,1,25.200000000000003,8.566666666666668,낮음
2024-10-13,서천군,0,80.7,67.9,118.9,0.0,,1,19.299999999999997,6.433333333333333,낮음
2024-10-13,아산시,0,83.9,79.3,105.9,0.0,,1,16.099999999999994,5.3666666666666645,낮음
2024-10-13,예산군,0,72.5,63.9,113.4,0.0,,1,27.5,9.166666666666666,낮음
2024-10-13,천안시,0,76.6,76.5,100.1,0.0,,1,23.400000000000006,7.800000000000002,낮음
2024-10-13,청양군,0,82.4,75.3,109.5,0.0,,1,17.599999999999994,5.8666666666666645,낮음
2024-10-13,태안군,0,80.2,81.7,98.1,1.9000000000000057,,1,19.799999999999997,7.233333333333334,낮음
2024-10-13,홍성군,0,76.0,69.8,108.8,0.0,,1,24.0,8.0,낮음
2024-10-14,계룡시,0,80.0,80.0,100.0,0.0,,1,20.0,6.666666666666667,낮음
2024-10-14,공주시,0,70.1,65.3,107.4,0.0,,1,29.900000000000006,9.966666666666669,낮음
2024-10-14,금산군,0,72.2,68.3,105.7,0.0,,1,27.799999999999997,9.266666666666666,낮음
2024-10-14,논산시,0,78.5,65.9,119.1,0.0,,1,21.5,7.166666666666667,낮음
2024-10-14,당진시,0,77.4,77.1,100.5,0.0,,1,22.599999999999994,7.533333333333331,낮음
2024-10-14,보령시,0,76.1,70.7,107.6,0.0,,1,23.900000000000006,7.966666666666669,낮음
2024-10-14,부여군,0,71.7,68.8,104.2,0.0,,1,28.299999999999997,9.433333333333332,낮음
2024-10-14,서산시,0,74.9,75.1,99.8,0.20000000000000284,,1,25.099999999999994,8.433333333333332,낮음
2024-10-14,서천군,0,81.1,68.0,119.4,0.0,,1,18.900000000000006,6.300000000000002,낮음
2024-10-14,아산시,0,84.2,79.3,106.2,0.0,,1,15.799999999999997,5.266666666666666,낮음
2024-10-14,예산군,0,73.5,64.0,114.8,0.0,,1,26.5,8.833333333333334,낮음
2024-10-14,천안시,0,76.2,76.5,99.5,0.5,,1,23.799999999999997,8.1,낮음
2024-10-14,청양군,0,82.7,75.3,109.8,0.0,,1,17.299999999999997,5.766666666666666,낮음
2024-10-14,태안군,0,79.7,81.6,97.6,2.4000000000000057,,1,20.299999999999997,7.566666666666667,낮음
2024-10-14,홍성군,0,75.7,69.8,108.5,0.0,,1,24.299999999999997,8.1,낮음
2024-10-15,계룡시,0,80.0,80.0,100.0,0.0,,1,20.0,6.666666666666667,낮음
2024-10-15,공주시,0,70.7,65.3,108.2,0.0,,1,29.299999999999997,9.766666666666666,낮음
2024-10-15,금산군,0,72.6,68.3,106.2,0.0,,1,27.400000000000006,9.133333333333335,낮음
2024-10-15,논산시,0,79.5,65.9,120.5,0.0,,1,20.5,6.833333333333333,낮음
2024-10-15,당진시,0,78.4,77.0,101.7,0.0,,1,21.599999999999994,7.199999999999998,낮음
2024-10-15,보령시,0,76.6,70.9,108.2,0.0,,1,23.400000000000006,7.800000000000002,낮음
2024-10-15,부여군,0,73.3,68.8,106.4,0.0,,1,26.700000000000003,8.9,낮음
2024-10-15,서산시,0,75.6,75.1,100.6,0.0,,1,24.400000000000006,8.133333333333335,낮음
2024-10-15,서천군,0,83.4,68.0,122.7,0.0,,1,16.599999999999994,5.533333333333331,낮음
2024-10-15,아산시,0,85.3,79.3,107.6,0.0,,1,14.700000000000003,4.900000000000001,낮음
2024-10-15,예산군,0,74.5,64.3,115.9,0.0,,1,25.5,8.5,낮음
2024-10-15,천안시,0,76.7,76.6,100.1,0.0,,1,23.299999999999997,7.766666666666666,낮음
2024-10-15,청양군,0,83.0,75.4,110.0,0.0,,1,17.0,5.666666666666667,낮음
2024-10-15,태안군,0,80.4,81.7,98.4,1.5999999999999943,,1,19.599999999999994,7.066666666666663,낮음
2024-10-15,홍성군,0,76.1,69.8,109.1,0.0,,1,23.900000000000006,7.966666666666669,낮음
2024-10-16,계룡시,0,80.0,80.0,100.0,0.0,,1,20.0,6.666666666666667,낮음
2024-10-16,공주시,0,71.0,65.4,108.7,0.0,,1,29.0,9.666666666666666,낮음
2024-10-16,금산군,0,72.7,68.4,106.4,0.0,,1,27.299999999999997,9.1,낮음
2024-10-16,논산시,0,79.8,65.9,121.2,0.0,,1,20.200000000000003,6.733333333333334,낮음
2024-10-16,당진시,0,78.0,76.9,101.4,0.0,,1,22.0,7.333333333333333,낮음
2024-10-16,보령시,0,76.8,71.0,108.2,0.0,,1,23.200000000000003,7.733333333333334,낮음
2024-10-16,부여군,0,74.2,68.9,107.8,0.0,,1,25.799999999999997,8.6,낮음
2024-10-16,서산시,0,75.6,75.2,100.6,0.0,,1,24.400000000000006,8.133333333333335,낮음
2024-10-16,서천군,0,83.7,68.1,123.0,0.0,,1,16.299999999999997,5.433333333333333,낮음
2024-10-16,아산시,0,85.5,79.2,108.0,0.0,,1,14.5,4.833333333333333,낮음
2024-10-16,예산군,0,75.1,64.5,116.4,0.0,,1,24.900000000000006,8.300000000000002,낮음
2024-10-16,천안시,0,76.8,76.6,100.2,0.0,,1,23.200000000000003,7.733333333333334,낮음
2024-10-16,청양군,0,83.0,75.5,110.0,0.0,,1,17.0,5.666666666666667,낮음
2024-10-16,태안군,0,80.4,81.7,98.4,1.5999999999999943,,1,19.599999999999994,7.066666666666663,낮음
2024-10-16,홍성군,0,75.9,69.8,108.7,0.0,,1,24.099999999999994,8.033333333333331,낮음
2024-10-17,계룡시,0,80.0,80.0,100.0,0.0,,1,20.0,6.666666666666667,낮음
2024-10-17,공주시,0,71.3,65.4,109.0,0.0,,1,28.700000000000003,9.566666666666668,낮음
2024-10-17,금산군,0,72.8,68.4,106.4,0.0,,1,27.200000000000003,9.066666666666668,낮음
2024-10-17,논산시,0,79.9,65.9,121.3,0.0,,1,20.099999999999994,6.699999999999998,낮음
2024-10-17,당진시,0,77.3,76.8,100.7,0.0,,1,22.700000000000003,7.566666666666667,낮음
2024-10-17,보령시,0,77.0,71.1,108.4,0.0,,1,23.0,7.666666666666667,낮음
2024-10-17,부여군,0,73.9,68.9,107.2,0.0,,1,26.099999999999994,8.699999999999998,낮음
2024-10-17,서산시,0,75.5,75.2,100.4,0.0,,1,24.5,8.166666666666666,낮음
2024-10-17,서천군,0,83.9,68.1,123.2,0.0,,1,16.099999999999994,5.3666666666666645,낮음
2024-10-17,아산시,0,85.7,79.2,108.2,0.0,,1,14.299999999999997,4.766666666666666,낮음
2024-10-17,예산군,0,75.7,64.4,117.6,0.0,,1,24.299999999999997,8.1,낮음
2024-10-17,천안시,0,76.5,76.6,99.8,0.20000000000000284,,1,23.5,7.900000000000001,낮음
2024-10-17,청양군,0,83.1,75.6,110.0,0.0,,1,16.900000000000006,5.6333333333333355,낮음
2024-10-17,태안군,0,80.6,81.8,98.5,1.5,,1,19.400000000000006,6.966666666666669,낮음
2024-10-17,홍성군,0,74.1,69.8,106.2,0.0,,1,25.900000000000006,8.633333333333335,낮음
2024-10-18,계룡시,0,80.0,80.0,100.0,0.0,,1,20.0,6.666666666666667,낮음
2024-10-18,공주시,0,71.6,65.4,109.3,0.0,,1,28.400000000000006,9.466666666666669,낮음
2024-10-18,금산군,0,72.9,68.4,106.6,0.0,,1,27.099999999999994,9.033333333333331,낮음
2024-10-18,논산시,0,76.0,65.9,115.3,0.0,,1,24.0,8.0,낮음
2024-10-18,당진시,0,77.2,76.6,100.8,0.0,,1,22.799999999999997,7.599999999999999,낮음
2024-10-18,보령시,0,77.2,71.2,108.5,0.0,,1,22.799999999999997,7.599999999999999,낮음
2024-10-18,부여군,0,75.1,68.9,109.0,0.0,,1,24.900000000000006,8.300000000000002,낮음
2024-10-18,서산시,0,75.3,75.2,100.1,0.0,,1,24.700000000000003,8.233333333333334,낮음
2024-10-18,서천군,0,84.1,68.2,123.3,0.0,,1,15.900000000000006,5.300000000000002,낮음
2024-10-18,아산시,0,86.1,79.3,108.6,0.0,,1,13.900000000000006,4.6333333333333355,낮음
2024-10-18,예산군,0,76.0,64.5,117.8,0.0,,1,24.0,8.0,낮음
2024-10-18,천안시,0,77.8,76.7,101.4,0.0,,1,22.200000000000003,7.400000000000001,낮음
2024-10-18,청양군,0,83.1,75.6,110.0,0.0,,1,16.900000000000006,5.6333333333333355,낮음
2024-10-18,태안군,0,80.8,81.9,98.7,1.2999999999999972,,1,19.200000000000003,6.833333333333333,낮음
2024-10-18,홍성군,0,73.6,69.7,105.5,0.0,,1,26.400000000000006,8.800000000000002,낮음
2024-10-19,계룡시,0,80.0,80.0,100.0,0.0,,1,20.0,6.666666666666667,낮음
2024-10-19,공주시,0,71.6,65.5,109.3,0.0,,1,28.400000000000006,9.466666666666669,낮음
2024-10-19,금산군,0,72.9,68.4,106.6,0.0,,1,27.099999999999994,9.033333333333331,낮음
2024-10-19,논산시,0,76.0,66.0,115.1,0.0,,1,24.0,8.0,낮음
2024-10-19,당진시,0,77.2,76.5,100.9,0.0,,1,22.799999999999997,7.599999999999999,낮음
2024-10-19,보령시,0,77.2,71.2,108.4,0.0,,1,22.799999999999997,7.599999999999999,낮음
2024-10-19,부여군,0,75.1,68.9,108.9,0.0,,1,24.900000000000006,8.300000000000002,낮음
2024-10-19,서산시,0,75.3,75.3,100.0,0.0,,1,24.700000000000003,8.233333333333334,낮음
2024-10-19,서천군,0,84.1,68.2,123.2,0.0,,1,15.900000000000006,5.300000000000002,낮음
2024-10-19,아산시,0,86.1,79.3,108.6,0.0,,1,13.900000000000006,4.6333333333333355,낮음
2024-10-19,예산군,0,76.0,64.8,117.3,0.0,,1,24.0,8.0,낮음
2024-10-19,천안시,0,77.8,76.8,101.3,0.0,,1,22.200000000000003,7.400000000000001,낮음
2024-10-19,청양군,0,83.1,75.6,109.9,0.0,,1,16.900000000000006,5.6333333333333355,낮음
2024-10-19,태안군,0,80.8,81.9,98.7,1.2999999999999972,,1,19.200000000000003,6.833333333333333,낮음
2024-10-19,홍성군,0,73.6,69.6,105.6,0.0,,1,26.400000000000006,8.800000000000002,낮음
2024-10-20,계룡시,0,80.0,80.0,100.0,0.0,,1,20.0,6.666666666666667,낮음
2024-10-20,공주시,0,71.6,65.5,109.2,0.0,,1,28.400000000000006,9.466666666666669,낮음
2024-10-20,금산군,0,72.9,68.4,106.6,0.0,,1,27.099999999999994,9.033333333333331,낮음
2024-10-20,논산시,0,76.0,66.1,115.0,0.0,,1,24.0,8.0,낮음
2024-10-20,당진시,0,77.2,76.5,101.0,0.0,,1,22.799999999999997,7.599999999999999,낮음
2024-10-20,보령시,0,77.2,71.3,108.3,0.0,,1,22.799999999999997,7.599999999999999,낮음
2024-10-20,부여군,0,75.1,69.0,108.9,0.0,,1,24.900000000000006,8.300000000000002,낮음
2024-10-20,서산시,0,75.3,75.4,99.9,0.09999999999999432,,1,24.700000000000003,8.266666666666666,낮음
2024-10-20,서천군,0,84.1,68.3,123.1,0.0,,1,15.900000000000006,5.300000000000002,낮음
2024-10-20,아산시,0,86.1,79.4,108.5,0.0,,1,13.900000000000006,4.6333333333333355,낮음
2024-10-20,예산군,0,76.0,65.1,116.8,0.0,,1,24.0,8.0,낮음
2024-10-20,천안시,0,77.8,76.9,101.2,0.0,,1,22.200000000000003,7.400000000000001,낮음
2024-10-20,청양군,0,83.1,75.7,109.9,0.0,,1,16.900000000000006,5.6333333333333355,낮음
2024-10-20,태안군,0,80.8,81.9,98.6,1.4000000000000057,,1,19.200000000000003,6.86666666666667,낮음
2024-10-20,홍성군,0,73.6,69.7,105.6,0.0,,1,26.400000000000006,8.800000000000002,낮음
2024-10-21,계룡시,0,80.0,80.0,100.0,0.0,,1,20.0,6.666666666666667,낮음
2024-10-21,공주시,0,74.9,65.7,114.1,0.0,,1,25.099999999999994,8.366666666666665,낮음
2024-10-21,금산군,0,75.3,68.6,109.8,0.0,,1,24.700000000000003,8.233333333333334,낮음
2024-10-21,논산시,0,76.6,66.3,115.6,0.0,,1,23.400000000000006,7.800000000000002,낮음
2024-10-21,당진시,0,80.1,76.6,104.6,0.0,,1,19.900000000000006,6.6333333333333355,낮음
2024-10-21,보령시,0,79.3,71.6,110.8,0.0,,1,20.700000000000003,6.900000000000001,낮음
2024-10-21,부여군,0,77.5,69.1,112.2,0.0,,1,22.5,7.5,낮음
2024-10-21,서산시,0,84.6,75.5,112.1,0.0,,1,15.400000000000006,5.1333333333333355,낮음
2024-10-21,서천군,0,85.7,68.4,125.4,0.0,,1,14.299999999999997,4.766666666666666,낮음
2024-10-21,아산시,0,92.9,79.5,116.9,0.0,,1,7.099999999999994,2.366666666666665,낮음
2024-10-21,예산군,0,81.4,65.3,124.7,0.0,,1,18.599999999999994,6.199999999999998,낮음
2024-10-21,천안시,0,84.2,77.0,109.3,0.0,,1,15.799999999999997,5.266666666666666,낮음
2024-10-21,청양군,0,84.7,75.8,111.7,0.0,,1,15.299999999999997,5.099999999999999,낮음
2024-10-21,태안군,0,84.4,82.0,102.8,0.0,,1,15.599999999999994,5.199999999999998,낮음
2024-10-21,홍성군,0,77.2,69.7,110.6,0.0,,1,22.799999999999997,7.599999999999999,낮음
2024-10-22,계룡시,0,80.0,80.0,100.0,0.0,,1,20.0,6.666666666666667,낮음
2024-10-22,공주시,0,75.3,65.8,114.4,0.0,,1,24.700000000000003,8.233333333333334,낮음
2024-10-22,금산군,0,75.4,68.6,110.0,0.0,,1,24.599999999999994,8.199999999999998,낮음
2024-10-22,논산시,0,76.9,66.5,115.7,0.0,,1,23.099999999999994,7.699999999999998,낮음
2024-10-22,당진시,0,77.6,76.8,101.0,0.0,,1,22.400000000000006,7.466666666666669,낮음
2024-10-22,보령시,0,79.5,71.8,110.6,0.0,,1,20.5,6.833333333333333,낮음
2024-10-22,부여군,0,77.7,69.2,112.3,0.0,,1,22.299999999999997,7.433333333333333,낮음
2024-10-22,서산시,0,83.7,75.7,110.6,0.0,,1,16.299999999999997,5.433333333333333,낮음
2024-10-22,서천군,0,86.0,68.5,125.7,0.0,,1,14.0,4.666666666666667,낮음
2024-10-22,아산시,0,93.0,79.6,116.8,0.0,,1,7.0,2.3333333333333335,낮음
2024-10-22,예산군,0,72.0,65.5,109.8,0.0,,1,28.0,9.333333333333334,낮음
2024-10-22,천안시,0,83.9,77.1,108.8,0.0,,1,16.099999999999994,5.3666666666666645,낮음
2024-10-22,청양군,0,84.8,75.9,111.8,0.0,,1,15.200000000000003,5.066666666666667,낮음
2024-10-22,태안군,0,83.3,82.1,101.4,0.0,,1,16.700000000000003,5.566666666666667,낮음
2024-10-22,홍성군,0,77.4,70.0,110.6,0.0,,1,22.599999999999994,7.533333333333331,낮음
2024-10-23,계룡시,0,80.0,80.0,100.0,0.0,,1,20.0,6.666666666666667,낮음
2024-10-23,공주시,0,75.9,65.9,115.2,0.0,,1,24.099999999999994,8.033333333333331,낮음
2024-10-23,금산군,0,85.0,68.6,123.8,0.0,,1,15.0,5.0,낮음
2024-10-23,논산시,0,79.2,66.7,118.8,0.0,,1,20.799999999999997,6.933333333333333,낮음
2024-10-23,당진시,0,77.0,76.7,100.4,0.0,,1,23.0,7.666666666666667,낮음
2024-10-23,보령시,0,80.1,71.9,111.4,0.0,,1,19.900000000000006,6.6333333333333355,낮음
2024-10-23,부여군,0,78.2,69.4,112.7,0.0,,1,21.799999999999997,7.266666666666666,낮음
2024-10-23,서산시,0,82.6,75.8,109.1,0.0,,1,17.400000000000006,5.800000000000002,낮음
2024-10-23,서천군,0,86.5,68.5,126.3,0.0,,1,13.5,4.5,낮음
2024-10-23,아산시,0,92.7,79.8,116.2,0.0,,1,7.299999999999997,2.4333333333333322,낮음
2024-10-23,예산군,0,68.4,65.8,104.0,0.0,,1,31.599999999999994,10.533333333333331,낮음
2024-10-23,천안시,0,84.1,77.2,109.0,0.0,,1,15.900000000000006,5.300000000000002,낮음
2024-10-23,청양군,0,85.0,75.9,112.0,0.0,,1,15.0,5.0,낮음
2024-10-23,태안군,0,83.0,82.2,101.0,0.0,,1,17.0,5.666666666666667,낮음
2024-10-23,홍성군,0,77.5,70.1,110.6,0.0,,1,22.5,7.5,낮음
2024-10-24,계룡시,0,80.0,80.0,100.0,0.0,,1,20.0,6.666666666666667,낮음
2024-10-24,공주시,0,76.4,66.0,115.8,0.0,,1,23.599999999999994,7.8666666666666645,낮음
2024-10-24,금산군,0,86.4,68.6,126.0,0.0,,1,13.599999999999994,4.533333333333331,낮음
2024-10-24,논산시,0,82.7,66.8,123.8,0.0,,1,17.299999999999997,5.766666666666666,낮음
2024-10-24,당진시,0,76.3,76.6,99.6,0.4000000000000057,,1,23.700000000000003,8.033333333333337,낮음
2024-10-24,보령시,0,80.6,72.0,111.9,0.0,,1,19.400000000000006,6.466666666666669,낮음
2024-10-24,부여군,0,78.6,69.5,113.1,0.0,,1,21.400000000000006,7.1333333333333355,낮음
2024-10-24,서산시,0,80.3,75.8,105.9,0.0,,1,19.700000000000003,6.566666666666667,낮음
2024-10-24,서천군,0,85.8,68.6,125.1,0.0,,1,14.200000000000003,4.733333333333334,낮음
2024-10-24,아산시,0,92.2,79.9,115.4,0.0,,1,7.799999999999997,2.599999999999999,낮음
2024-10-24,예산군,0,69.4,66.1,105.1,0.0,,1,30.599999999999994,10.199999999999998,낮음
2024-10-24,천안시,0,84.0,77.2,108.8,0.0,,1,16.0,5.333333333333333,낮음
2024-10-24,청양군,0,85.0,76.0,111.8,0.0,,1,15.0,5.0,낮음
2024-10-24,태안군,0,83.2,82.2,101.3,0.0,,1,16.799999999999997,5.599999999999999,낮음
2024-10-24,홍성군,0,75.7,70.2,107.8,0.0,,1,24.299999999999997,8.1,낮음
2024-10-25,계룡시,0,80.0,80.0,100.0,0.0,,1,20.0,6.666666666666667,낮음
2024-10-25,공주시,0,76.7,66.0,116.2,0.0,,1,23.299999999999997,7.766666666666666,낮음
2024-10-25,금산군,0,78.7,68.6,114.7,0.0,,1,21.299999999999997,7.099999999999999,낮음
2024-10-25,논산시,0,84.1,66.9,125.7,0.0,,1,15.900000000000006,5.300000000000002,낮음
2024-10-25,당진시,0,75.7,76.6,98.8,1.2000000000000028,,1,24.299999999999997,8.5,낮음
2024-10-25,보령시,0,80.8,72.1,112.0,0.0,,1,19.200000000000003,6.400000000000001,낮음
2024-10-25,부여군,0,78.8,69.6,113.4,0.0,,1,21.200000000000003,7.066666666666667,낮음
2024-10-25,서산시,0,80.0,75.9,105.4,0.0,,1,20.0,6.666666666666667,낮음
2024-10-25,서천군,0,85.9,68.7,125.1,0.0,,1,14.099999999999994,4.699999999999998,낮음
2024-10-25,아산시,0,91.3,80.0,114.1,0.0,,1,8.700000000000003,2.900000000000001,낮음
2024-10-25,예산군,0,70.2,66.3,105.8,0.0,,1,29.799999999999997,9.933333333333332,낮음
2024-10-25,천안시,0,84.2,77.3,108.9,0.0,,1,15.799999999999997,5.266666666666666,낮음
2024-10-25,청양군,0,85.2,76.0,112.1,0.0,,1,14.799999999999997,4.933333333333333,낮음
2024-10-25,태안군,0,83.0,82.2,100.9,0.0,,1,17.0,5.666666666666667,낮음
2024-10-25,홍성군,0,75.1,70.3,106.8,0.0,,1,24.900000000000006,8.300000000000002,낮음
2024-10-26,계룡시,0,80.0,80.0,100.0,0.0,,1,20.0,6.666666666666667,낮음
2024-10-26,공주시,0,76.7,66.1,116.0,0.0,,1,23.299999999999997,7.766666666666666,낮음
2024-10-26,금산군,0,78.7,68.6,114.7,0.0,,1,21.299999999999997,7.099999999999999,낮음
2024-10-26,논산시,0,84.1,67.1,125.4,0.0,,1,15.900000000000006,5.300000000000002,낮음
2024-10-26,당진시,0,75.7,76.5,98.9,1.0999999999999943,,1,24.299999999999997,8.466666666666663,낮음
2024-10-26,보령시,0,80.8,72.1,112.0,0.0,,1,19.200000000000003,6.400000000000001,낮음
2024-10-26,부여군,0,78.8,69.7,113.2,0.0,,1,21.200000000000003,7.066666666666667,낮음
2024-10-26,서산시,0,80.0,76.0,105.2,0.0,,1,20.0,6.666666666666667,낮음
2024-10-26,서천군,0,85.9,68.8,125.0,0.0,,1,14.099999999999994,4.699999999999998,낮음
2024-10-26,아산시,0,91.3,80.1,113.9,0.0,,1,8.700000000000003,2.900000000000001,낮음
2024-10-26,예산군,0,70.2,66.5,105.5,0.0,,1,29.799999999999997,9.933333333333332,낮음
2024-10-26,천안시,0,84.2,77.3,108.9,0.0,,1,15.799999999999997,5.266666666666666,낮음
2024-10-26,청양군,0,85.2,76.1,112.0,0.0,,1,14.799999999999997,4.933333333333333,낮음
2024-10-26,태안군,0,83.0,82.3,100.9,0.0,,1,17.0,5.666666666666667,낮음
2024-10-26,홍성군,0,75.1,70.3,106.7,0.0,,1,24.900000000000006,8.300000000000002,낮음
2024-10-27,계룡시,0,80.0,80.0,100.0,0.0,,1,20.0,6.666666666666667,낮음
2024-10-27,공주시,0,76.7,66.2,115.9,0.0,,1,23.299999999999997,7.766666666666666,낮음
2024-10-27,금산군,0,78.7,68.4,115.0,0.0,,1,21.299999999999997,7.099999999999999,낮음
2024-10-27,논산시,0,84.1,67.3,125.1,0.0,,1,15.900000000000006,5.300000000000002,낮음
2024-10-27,당진시,0,75.7,76.6,98.8,1.2000000000000028,,1,24.299999999999997,8.5,낮음
2024-10-27,보령시,0,80.8,72.2,111.9,0.0,,1,19.200000000000003,6.400000000000001,낮음
2024-10-27,부여군,0,78.8,69.8,113.0,0.0,,1,21.200000000000003,7.066666666666667,낮음
2024-10-27,서산시,0,80.0,76.1,105.1,0.0,,1,20.0,6.666666666666667,낮음
2024-10-27,서천군,0,85.9,68.9,124.8,0.0,,1,14.099999999999994,4.699999999999998,낮음
2024-10-27,아산시,0,91.3,80.2,113.8,0.0,,1,8.700000000000003,2.900000000000001,낮음
2024-10-27,예산군,0,70.2,66.7,105.2,0.0,,1,29.799999999999997,9.933333333333332,낮음
2024-10-27,천안시,0,84.2,77.3,108.9,0.0,,1,15.799999999999997,5.266666666666666,낮음
2024-10-27,청양군,0,85.2,76.2,111.9,0.0,,1,14.799999999999997,4.933333333333333,낮음
2024-10-27,태안군,0,83.0,82.4,100.8,0.0,,1,17.0,5.666666666666667,낮음
2024-10-27,홍성군,0,75.1,70.4,106.6,0.0,,1,24.900000000000006,8.300000000000002,낮음
2024-10-28,계룡시,0,80.2,80.0,100.2,0.0,,1,19.799999999999997,6.599999999999999,낮음
2024-10-28,공주시,0,77.4,66.3,116.8,0.0,,1,22.599999999999994,7.533333333333331,낮음
2024-10-28,금산군,0,78.1,68.3,114.4,0.0,,1,21.900000000000006,7.300000000000002,낮음
2024-10-28,논산시,0,86.1,67.4,127.7,0.0,,1,13.900000000000006,4.6333333333333355,낮음
2024-10-28,당진시,0,73.8,76.5,96.5,3.5,,1,26.200000000000003,9.9,낮음
2024-10-28,보령시,0,81.6,72.3,112.8,0.0,,1,18.400000000000006,6.1333333333333355,낮음
2024-10-28,부여군,0,79.4,69.8,113.7,0.0,,1,20.599999999999994,6.8666666666666645,낮음
2024-10-28,서산시,0,79.2,76.2,103.9,0.0,,1,20.799999999999997,6.933333333333333,낮음
2024-10-28,서천군,0,86.7,69.0,125.7,0.0,,1,13.299999999999997,4.433333333333333,낮음
2024-10-28,아산시,0,91.7,80.3,114.1,0.0,,1,8.299999999999997,2.7666666666666657,낮음
2024-10-28,예산군,0,71.8,66.9,107.4,0.0,,1,28.200000000000003,9.4,낮음
2024-10-28,천안시,0,84.0,77.4,108.6,0.0,,1,16.0,5.333333333333333,낮음
2024-10-28,청양군,0,85.5,76.2,112.2,0.0,,1,14.5,4.833333333333333,낮음
2024-10-28,태안군,0,83.1,82.4,100.9,0.0,,1,16.900000000000006,5.6333333333333355,낮음
2024-10-28,홍성군,0,75.0,70.5,106.4,0.0,,1,25.0,8.333333333333334,낮음
2024-10-29,계룡시,0,80.2,80.0,100.2,0.0,,1,19.799999999999997,6.599999999999999,낮음
2024-10-29,공주시,0,77.6,66.3,117.0,0.0,,1,22.400000000000006,7.466666666666669,낮음
2024-10-29,금산군,0,77.9,68.3,114.1,0.0,,1,22.099999999999994,7.3666666666666645,낮음
2024-10-29,논산시,0,85.7,67.6,126.8,0.0,,1,14.299999999999997,4.766666666666666,낮음
2024-10-29,당진시,0,72.9,76.5,95.4,4.599999999999994,,1,27.099999999999994,10.566666666666663,낮음
2024-10-29,보령시,0,81.6,72.4,112.8,0.0,,1,18.400000000000006,6.1333333333333355,낮음
2024-10-29,부여군,0,79.2,69.9,113.2,0.0,,1,20.799999999999997,6.933333333333333,낮음
2024-10-29,서산시,0,79.2,76.3,103.7,0.0,,1,20.799999999999997,6.933333333333333,낮음
2024-10-29,서천군,0,86.8,69.1,125.7,0.0,,1,13.200000000000003,4.400000000000001,낮음
2024-10-29,아산시,0,91.7,80.4,114.1,0.0,,1,8.299999999999997,2.7666666666666657,낮음
2024-10-29,예산군,0,72.2,67.0,107.8,0.0,,1,27.799999999999997,9.266666666666666,낮음
2024-10-29,천안시,0,84.2,77.4,108.7,0.0,,1,15.799999999999997,5.266666666666666,낮음
2024-10-29,청양군,0,85.5,76.2,112.2,0.0,,1,14.5,4.833333333333333,낮음
2024-10-29,태안군,0,82.9,82.3,100.7,0.0,,1,17.099999999999994,5.699999999999998,낮음
2024-10-29,홍성군,0,75.1,70.5,106.5,0.0,,1,24.900000000000006,8.300000000000002,낮음
2024-10-30,계룡시,0,80.2,80.0,100.2,0.0,,1,19.799999999999997,6.599999999999999,낮음
2024-10-30,공주시,0,77.9,66.4,117.3,0.0,,1,22.099999999999994,7.3666666666666645,낮음
2024-10-30,금산군,0,77.8,68.3,114.0,0.0,,1,22.200000000000003,7.400000000000001,낮음
2024-10-30,논산시,0,85.3,67.7,125.9,0.0,,1,14.700000000000003,4.900000000000001,낮음
2024-10-30,당진시,0,72.1,76.4,94.4,5.599999999999994,,1,27.900000000000006,11.166666666666666,낮음
2024-10-30,보령시,0,81.9,72.5,112.9,0.0,,1,18.099999999999994,6.033333333333331,낮음
2024-10-30,부여군,0,78.9,70.1,112.6,0.0,,1,21.099999999999994,7.033333333333331,낮음
2024-10-30,서산시,0,79.3,76.5,103.7,0.0,,1,20.700000000000003,6.900000000000001,낮음
2024-10-30,서천군,0,87.2,69.2,126.0,0.0,,1,12.799999999999997,4.266666666666666,낮음
2024-10-30,아산시,0,91.8,80.4,114.2,0.0,,1,8.200000000000003,2.7333333333333343,낮음
2024-10-30,예산군,0,72.5,67.1,108.0,0.0,,1,27.5,9.166666666666666,낮음
2024-10-30,천안시,0,84.0,77.5,108.5,0.0,,1,16.0,5.333333333333333,낮음
2024-10-30,청양군,0,85.6,76.3,112.3,0.0,,1,14.400000000000006,4.800000000000002,낮음
2024-10-30,태안군,0,82.7,82.3,100.4,0.0,,1,17.299999999999997,5.766666666666666,낮음
2024-10-30,홍성군,0,75.1,70.5,106.5,0.0,,1,24.900000000000006,8.300000000000002,낮음
2024-10-31,계룡시,0,80.2,80.0,100.2,0.0,,1,19.799999999999997,6.599999999999999,낮음
2024-10-31,공주시,0,78.0,65.9,118.3,0.0,,1,22.0,7.333333333333333,낮음
2024-10-31,금산군,0,77.6,68.1,114.0,0.0,,1,22.400000000000006,7.466666666666669,낮음
2024-10-31,논산시,0,84.7,67.6,125.3,0.0,,1,15.299999999999997,5.099999999999999,낮음
2024-10-31,당진시,0,71.4,76.5,93.4,6.599999999999994,,1,28.599999999999994,11.733333333333329,낮음
2024-10-31,보령시,0,82.0,72.2,113.6,0.0,,1,18.0,6.0,낮음
2024-10-31,부여군,0,78.6,69.5,113.1,0.0,,1,21.400000000000006,7.1333333333333355,낮음
2024-10-31,서산시,0,80.0,76.2,105.1,0.0,,1,20.0,6.666666666666667,낮음
2024-10-31,서천군,0,87.3,69.1,126.4,0.0,,1,12.700000000000003,4.233333333333334,낮음
2024-10-31,아산시,0,91.9,80.0,114.9,0.0,,1,8.099999999999994,2.699999999999998,낮음
2024-10-31,예산군,0,72.9,66.8,109.1,0.0,,1,27.099999999999994,9.033333333333331,낮음
2024-10-31,천안시,0,83.7,77.6,107.8,0.0,,1,16.299999999999997,5.433333333333333,낮음
2024-10-31,청양군,0,85.7,75.8,113.1,0.0,,1,14.299999999999997,4.766666666666666,낮음
2024-10-31,태안군,0,82.5,82.0,100.6,0.0,,1,17.5,5.833333333333333,낮음
2024-10-31,홍성군,0,75.1,69.9,107.5,0.0,,1,24.900000000000006,8.300000000000002,낮음
2024-11-01,계룡시,0,80.2,80.0,100.2,0.0,,2,19.799999999999997,6.599999999999999,낮음
2024-11-01,공주시,0,78.2,66.0,118.4,0.0,,2,21.799999999999997,7.266666666666666,낮음
2024-11-01,금산군,0,77.6,68.2,113.8,0.0,,2,22.400000000000006,7.466666666666669,낮음
2024-11-01,논산시,0,84.0,67.8,124.0,0.0,,2,16.0,5.333333333333333,낮음
2024-11-01,당진시,0,70.8,76.5,92.5,7.5,,2,29.200000000000003,12.233333333333334,낮음
2024-11-01,보령시,0,82.3,72.2,114.0,0.0,,2,17.700000000000003,5.900000000000001,낮음
2024-11-01,부여군,0,78.3,69.6,112.5,0.0,,2,21.700000000000003,7.233333333333334,낮음
2024-11-01,서산시,0,80.1,76.2,105.1,0.0,,2,19.900000000000006,6.6333333333333355,낮음
2024-11-01,서천군,0,87.4,69.2,126.4,0.0,,2,12.599999999999994,4.199999999999998,낮음
2024-11-01,아산시,0,92.1,80.0,115.1,0.0,,2,7.900000000000006,2.633333333333335,낮음
2024-11-01,예산군,0,73.4,67.1,109.3,0.0,,2,26.599999999999994,8.866666666666665,낮음
2024-11-01,천안시,0,83.6,77.7,107.7,0.0,,2,16.400000000000006,5.466666666666669,낮음
2024-11-01,청양군,0,85.7,75.8,113.1,0.0,,2,14.299999999999997,4.766666666666666,낮음
2024-11-01,태안군,0,82.6,82.1,100.7,0.0,,2,17.400000000000006,5.800000000000002,낮음
2024-11-01,홍성군,0,75.2,69.9,107.5,0.0,,2,24.799999999999997,8.266666666666666,낮음
2024-11-02,계룡시,0,80.2,80.0,100.2,0.0,,1,19.799999999999997,6.599999999999999,낮음
2024-11-02,공주시,0,78.2,66.2,118.1,0.0,,1,21.799999999999997,7.266666666666666,낮음
2024-11-02,금산군,0,77.6,68.2,113.7,0.0,,1,22.400000000000006,7.466666666666669,낮음
2024-11-02,논산시,0,84.0,68.1,123.4,0.0,,1,16.0,5.333333333333333,낮음
2024-11-02,당진시,0,70.8,76.4,92.6,7.400000000000006,,1,29.200000000000003,12.200000000000003,낮음
2024-11-02,보령시,0,82.3,72.4,113.8,0.0,,1,17.700000000000003,5.900000000000001,낮음
2024-11-02,부여군,0,78.3,69.7,112.4,0.0,,1,21.700000000000003,7.233333333333334,낮음
2024-11-02,서산시,0,80.1,76.3,105.0,0.0,,1,19.900000000000006,6.6333333333333355,낮음
2024-11-02,서천군,0,87.4,69.4,126.0,0.0,,1,12.599999999999994,4.199999999999998,낮음
2024-11-02,아산시,0,92.1,80.0,115.1,0.0,,1,7.900000000000006,2.633333333333335,낮음
2024-11-02,예산군,0,73.4,67.4,108.9,0.0,,1,26.599999999999994,8.866666666666665,낮음
2024-11-02,천안시,0,83.6,77.7,107.6,0.0,,1,16.400000000000006,5.466666666666669,낮음
2024-11-02,청양군,0,85.7,75.9,113.0,0.0,,1,14.299999999999997,4.766666666666666,낮음
2024-11-02,태안군,0,82.6,82.1,100.7,0.0,,1,17.400000000000006,5.800000000000002,낮음
2024-11-02,홍성군,0,75.2,70.0,107.5,0.0,,1,24.799999999999997,8.266666666666666,낮음
2024-11-03,계룡시,0,80.2,80.0,100.2,0.0,,1,19.799999999999997,6.599999999999999,낮음
2024-11-03,공주시,0,78.2,68.5,114.1,0.0,,1,21.799999999999997,7.266666666666666,낮음
2024-11-03,금산군,0,77.6,68.9,112.6,0.0,,1,22.400000000000006,7.466666666666669,낮음
2024-11-03,논산시,0,84.0,69.3,121.3,0.0,,1,16.0,5.333333333333333,낮음
2024-11-03,당진시,0,70.8,75.9,93.2,6.799999999999997,,1,29.200000000000003,12.0,낮음
2024-11-03,보령시,0,82.3,74.1,111.2,0.0,,1,17.700000000000003,5.900000000000001,낮음
2024-11-03,부여군,0,78.3,72.2,108.5,0.0,,1,21.700000000000003,7.233333333333334,낮음
2024-11-03,서산시,0,80.1,77.7,103.1,0.0,,1,19.900000000000006,6.6333333333333355,낮음
2024-11-03,서천군,0,87.4,70.4,124.2,0.0,,1,12.599999999999994,4.199999999999998,낮음
2024-11-03,아산시,0,92.1,81.7,112.7,0.0,,1,7.900000000000006,2.633333333333335,낮음
2024-11-03,예산군,0,73.4,69.4,105.7,0.0,,1,26.599999999999994,8.866666666666665,낮음
2024-11-03,천안시,0,83.6,77.6,107.8,0.0,,1,16.400000000000006,5.466666666666669,낮음
2024-11-03,청양군,0,85.7,77.9,110.1,0.0,,1,14.299999999999997,4.766666666666666,낮음
2024-11-03,태안군,0,82.6,83.0,99.6,0.4000000000000057,,1,17.400000000000006,5.933333333333337,낮음
2024-11-03,홍성군,0,75.2,72.3,104.0,0.0,,1,24.799999999999997,8.266666666666666,낮음
2024-11-04,계룡시,0,80.0,80.0,100.0,0.0,,1,20.0,6.666666666666667,낮음
2024-11-04,공주시,0,78.5,67.3,116.8,0.0,,1,21.5,7.166666666666667,낮음
2024-11-04,금산군,0,76.8,68.5,112.2,0.0,,1,23.200000000000003,7.733333333333334,낮음
2024-11-04,논산시,0,82.3,68.8,119.7,0.0,,1,17.700000000000003,5.900000000000001,낮음
2024-11-04,당진시,0,69.6,76.1,91.5,8.5,,1,30.400000000000006,12.966666666666669,낮음
2024-11-04,보령시,0,82.6,73.0,113.1,0.0,,1,17.400000000000006,5.800000000000002,낮음
2024-11-04,부여군,0,78.2,70.5,111.0,0.0,,1,21.799999999999997,7.266666666666666,낮음
2024-11-04,서산시,0,80.7,76.8,105.0,0.0,,1,19.299999999999997,6.433333333333333,낮음
2024-11-04,서천군,0,87.8,70.0,125.3,0.0,,1,12.200000000000003,4.066666666666667,낮음
2024-11-04,아산시,0,92.3,80.6,114.6,0.0,,1,7.700000000000003,2.5666666666666678,낮음
2024-11-04,예산군,0,74.6,68.5,108.9,0.0,,1,25.400000000000006,8.466666666666669,낮음
2024-11-04,천안시,0,82.4,77.4,106.5,0.0,,1,17.599999999999994,5.8666666666666645,낮음
2024-11-04,청양군,0,85.6,76.5,111.8,0.0,,1,14.400000000000006,4.800000000000002,낮음
2024-11-04,태안군,0,82.5,82.4,100.1,0.0,,1,17.5,5.833333333333333,낮음
2024-11-04,홍성군,0,73.7,70.7,104.2,0.0,,1,26.299999999999997,8.766666666666666,낮음
2024-11-05,계룡시,0,80.0,80.0,100.0,0.0,,1,20.0,6.666666666666667,낮음
2024-11-05,공주시,0,78.7,67.4,116.7,0.0,,1,21.299999999999997,7.099999999999999,낮음
2024-11-05,금산군,0,76.9,68.5,112.3,0.0,,1,23.099999999999994,7.699999999999998,낮음
2024-11-05,논산시,0,81.7,69.0,118.4,0.0,,1,18.299999999999997,6.099999999999999,낮음
2024-11-05,당진시,0,69.4,75.9,91.5,8.5,,1,30.599999999999994,13.033333333333331,낮음
2024-11-05,보령시,0,82.8,73.1,113.3,0.0,,1,17.200000000000003,5.733333333333334,낮음
2024-11-05,부여군,0,78.5,70.6,111.2,0.0,,1,21.5,7.166666666666667,낮음
2024-11-05,서산시,0,80.9,76.8,105.2,0.0,,1,19.099999999999994,6.3666666666666645,낮음
2024-11-05,서천군,0,88.3,70.2,125.8,0.0,,1,11.700000000000003,3.900000000000001,낮음
2024-11-05,아산시,0,92.4,80.6,114.6,0.0,,1,7.599999999999994,2.5333333333333314,낮음
2024-11-05,예산군,0,74.9,68.8,108.8,0.0,,1,25.099999999999994,8.366666666666665,낮음
2024-11-05,천안시,0,82.6,77.5,106.6,0.0,,1,17.400000000000006,5.800000000000002,낮음
2024-11-05,청양군,0,85.7,76.6,111.8,0.0,,1,14.299999999999997,4.766666666666666,낮음
2024-11-05,태안군,0,82.6,82.5,100.2,0.0,,1,17.400000000000006,5.800000000000002,낮음
2024-11-05,홍성군,0,73.6,70.7,104.1,0.0,,1,26.400000000000006,8.800000000000002,낮음
2024-11-06,계룡시,0,80.0,80.0,100.0,0.0,,1,20.0,6.666666666666667,낮음
2024-11-06,공주시,0,78.8,67.5,116.7,0.0,,1,21.200000000000003,7.066666666666667,낮음
2024-11-06,금산군,0,77.1,68.5,112.5,0.0,,1,22.900000000000006,7.6333333333333355,낮음
2024-11-06,논산시,0,81.0,69.2,117.0,0.0,,1,19.0,6.333333333333333,낮음
2024-11-06,당진시,0,69.3,76.1,91.2,8.799999999999997,,1,30.700000000000003,13.166666666666666,낮음
2024-11-06,보령시,0,82.9,73.3,113.2,0.0,,1,17.099999999999994,5.699999999999998,낮음
2024-11-06,부여군,0,78.3,70.8,110.6,0.0,,1,21.700000000000003,7.233333333333334,낮음
2024-11-06,서산시,0,81.0,77.1,105.0,0.0,,1,19.0,6.333333333333333,낮음
2024-11-06,서천군,0,88.4,70.4,125.5,0.0,,1,11.599999999999994,3.866666666666665,낮음
2024-11-06,아산시,0,92.4,80.7,114.4,0.0,,1,7.599999999999994,2.5333333333333314,낮음
2024-11-06,예산군,0,75.4,69.3,108.9,0.0,,1,24.599999999999994,8.199999999999998,낮음
2024-11-06,천안시,0,82.5,77.6,106.3,0.0,,1,17.5,5.833333333333333,낮음
2024-11-06,청양군,0,85.7,76.7,111.7,0.0,,1,14.299999999999997,4.766666666666666,낮음
2024-11-06,태안군,0,82.7,82.6,100.1,0.0,,1,17.299999999999997,5.766666666666666,낮음
2024-11-06,홍성군,0,73.6,70.8,103.9,0.0,,1,26.400000000000006,8.800000000000002,낮음
2024-11-07,계룡시,0,80.0,80.0,100.0,0.0,,1,20.0,6.666666666666667,낮음
2024-11-07,공주시,0,78.9,67.6,116.6,0.0,,1,21.099999999999994,7.033333333333331,낮음
2024-11-07,금산군,0,77.1,68.5,112.6,0.0,,1,22.900000000000006,7.6333333333333355,낮음
2024-11-07,논산시,0,80.1,69.5,115.4,0.0,,1,19.900000000000006,6.6333333333333355,낮음
2024-11-07,당진시,0,69.4,76.0,91.3,8.700000000000003,,1,30.599999999999994,13.1,낮음
2024-11-07,보령시,0,83.1,73.5,113.0,0.0,,1,16.900000000000006,5.6333333333333355,낮음
2024-11-07,부여군,0,78.4,70.9,110.5,0.0,,1,21.599999999999994,7.199999999999998,낮음
2024-11-07,서산시,0,81.1,77.2,105.0,0.0,,1,18.900000000000006,6.300000000000002,낮음
2024-11-07,서천군,0,88.5,70.6,125.2,0.0,,1,11.5,3.8333333333333335,낮음
2024-11-07,아산시,0,92.4,80.8,114.3,0.0,,1,7.599999999999994,2.5333333333333314,낮음
2024-11-07,예산군,0,75.6,69.5,108.8,0.0,,1,24.400000000000006,8.133333333333335,낮음
2024-11-07,천안시,0,82.3,77.7,105.9,0.0,,1,17.700000000000003,5.900000000000001,낮음
2024-11-07,청양군,0,85.7,76.8,111.7,0.0,,1,14.299999999999997,4.766666666666666,낮음
2024-11-07,태안군,0,82.3,82.7,99.5,0.5,,1,17.700000000000003,6.066666666666667,낮음
2024-11-07,홍성군,0,73.6,70.9,103.7,0.0,,1,26.400000000000006,8.800000000000002,낮음
2024-11-08,계룡시,0,80.0,80.0,100.0,0.0,,1,20.0,6.666666666666667,낮음
2024-11-08,공주시,0,78.9,67.8,116.4,0.0,,1,21.099999999999994,7.033333333333331,낮음
2024-11-08,금산군,0,77.3,68.5,112.8,0.0,,1,22.700000000000003,7.566666666666667,낮음
2024-11-08,논산시,0,80.1,69.8,114.8,0.0,,1,19.900000000000006,6.6333333333333355,낮음
2024-11-08,당진시,0,69.5,76.0,91.5,8.5,,1,30.5,13.0,낮음
2024-11-08,보령시,0,83.2,73.8,112.7,0.0,,1,16.799999999999997,5.599999999999999,낮음
2024-11-08,부여군,0,78.5,71.1,110.4,0.0,,1,21.5,7.166666666666667,낮음
2024-11-08,서산시,0,81.4,77.2,105.3,0.0,,1,18.599999999999994,6.199999999999998,낮음
2024-11-08,서천군,0,88.5,70.9,124.9,0.0,,1,11.5,3.8333333333333335,낮음
2024-11-08,아산시,0,92.5,80.9,114.2,0.0,,1,7.5,2.5,낮음
2024-11-08,예산군,0,75.9,69.9,108.6,0.0,,1,24.099999999999994,8.033333333333331,낮음
2024-11-08,천안시,0,81.9,77.8,105.2,0.0,,1,18.099999999999994,6.033333333333331,낮음
2024-11-08,청양군,0,86.4,76.8,112.5,0.0,,1,13.599999999999994,4.533333333333331,낮음
2024-11-08,태안군,0,82.7,82.9,99.8,0.20000000000000284,,1,17.299999999999997,5.833333333333333,낮음
2024-11-08,홍성군,0,73.6,71.2,103.4,0.0,,1,26.400000000000006,8.800000000000002,낮음
2024-11-09,계룡시,0,80.0,80.0,100.0,0.0,,1,20.0,6.666666666666667,낮음
2024-11-09,공주시,0,78.9,68.0,116.1,0.0,,1,21.099999999999994,7.033333333333331,낮음
2024-11-09,금산군,0,77.3,68.5,112.8,0.0,,1,22.700000000000003,7.566666666666667,낮음
2024-11-09,논산시,0,80.1,70.0,114.3,0.0,,1,19.900000000000006,6.6333333333333355,낮음
2024-11-09,당진시,0,69.5,76.1,91.3,8.700000000000003,,1,30.5,13.066666666666668,낮음
2024-11-09,보령시,0,83.2,74.1,112.2,0.0,,1,16.799999999999997,5.599999999999999,낮음
2024-11-09,부여군,0,78.5,71.3,110.1,0.0,,1,21.5,7.166666666666667,낮음
2024-11-09,서산시,0,81.4,77.4,105.1,0.0,,1,18.599999999999994,6.199999999999998,낮음
2024-11-09,서천군,0,88.5,71.1,124.4,0.0,,1,11.5,3.8333333333333335,낮음
2024-11-09,아산시,0,92.5,81.1,114.1,0.0,,1,7.5,2.5,낮음
2024-11-09,예산군,0,75.9,70.3,108.0,0.0,,1,24.099999999999994,8.033333333333331,낮음
2024-11-09,천안시,0,81.9,78.0,105.0,0.0,,1,18.099999999999994,6.033333333333331,낮음
2024-11-09,청양군,0,86.4,76.9,112.3,0.0,,1,13.599999999999994,4.533333333333331,낮음
2024-11-09,태안군,0,82.7,83.1,99.5,0.5,,1,17.299999999999997,5.933333333333333,낮음
2024-11-09,홍성군,0,73.6,71.5,102.9,0.0,,1,26.400000000000006,8.800000000000002,낮음
2024-11-10,계룡시,0,80.0,80.0,100.0,0.0,,1,20.0,6.666666666666667,낮음
2024-11-10,공주시,0,78.9,68.1,115.9,0.0,,1,21.099999999999994,7.033333333333331,낮음
2024-11-10,금산군,0,77.3,68.6,112.7,0.0,,1,22.700000000000003,7.566666666666667,낮음
2024-11-10,논산시,0,80.1,70.3,113.9,0.0,,1,19.900000000000006,6.6333333333333355,낮음
2024-11-10,당진시,0,69.5,76.2,91.2,8.799999999999997,,1,30.5,13.1,낮음
2024-11-10,보령시,0,83.2,74.4,111.8,0.0,,1,16.799999999999997,5.599999999999999,낮음
2024-11-10,부여군,0,78.5,71.5,109.9,0.0,,1,21.5,7.166666666666667,낮음
2024-11-10,서산시,0,81.4,77.5,105.0,0.0,,1,18.599999999999994,6.199999999999998,낮음
2024-11-10,서천군,0,88.5,71.4,124.0,0.0,,1,11.5,3.8333333333333335,낮음
2024-11-10,아산시,0,92.5,81.2,113.9,0.0,,1,7.5,2.5,낮음
2024-11-10,예산군,0,75.9,70.7,107.4,0.0,,1,24.099999999999994,8.033333333333331,낮음
2024-11-10,천안시,0,81.9,78.2,104.8,0.0,,1,18.099999999999994,6.033333333333331,낮음
2024-11-10,청양군,0,86.4,77.0,112.2,0.0,,1,13.599999999999994,4.533333333333331,낮음
2024-11-10,태안군,0,82.7,83.3,99.3,0.7000000000000028,,1,17.299999999999997,6.0,낮음
2024-11-10,홍성군,0,73.6,71.9,102.4,0.0,,1,26.400000000000006,8.800000000000002,낮음
2024-11-11,계룡시,0,80.0,80.0,100.0,0.0,,1,20.0,6.666666666666667,낮음
2024-11-11,공주시,0,77.5,68.2,113.6,0.0,,1,22.5,7.5,낮음
2024-11-11,금산군,0,77.4,68.6,112.8,0.0,,1,22.599999999999994,7.533333333333331,낮음
2024-11-11,논산시,0,80.5,70.5,114.2,0.0,,1,19.5,6.5,낮음
2024-11-11,당진시,0,70.6,76.2,92.6,7.400000000000006,,1,29.400000000000006,12.266666666666671,낮음
2024-11-11,보령시,0,83.7,74.5,112.3,0.0,,1,16.299999999999997,5.433333333333333,낮음
2024-11-11,부여군,0,78.9,71.6,110.2,0.0,,1,21.099999999999994,7.033333333333331,낮음
2024-11-11,서산시,0,81.8,77.6,105.5,0.0,,1,18.200000000000003,6.066666666666667,낮음
2024-11-11,서천군,0,88.9,71.7,124.0,0.0,,1,11.099999999999994,3.699999999999998,낮음
2024-11-11,아산시,0,92.4,81.3,113.7,0.0,,1,7.599999999999994,2.5333333333333314,낮음
2024-11-11,예산군,0,76.8,71.0,108.1,0.0,,1,23.200000000000003,7.733333333333334,낮음
2024-11-11,천안시,0,82.1,78.6,104.4,0.0,,1,17.900000000000006,5.966666666666669,낮음
2024-11-11,청양군,0,86.6,77.1,112.3,0.0,,1,13.400000000000006,4.466666666666669,낮음
2024-11-11,태안군,0,82.6,83.4,99.1,0.9000000000000057,,1,17.400000000000006,6.100000000000004,낮음
2024-11-11,홍성군,0,73.2,72.1,101.5,0.0,,1,26.799999999999997,8.933333333333332,낮음
2024-11-12,계룡시,0,80.0,80.0,100.0,0.0,,1,20.0,6.666666666666667,낮음
2024-11-12,공주시,0,77.3,68.3,113.2,0.0,,1,22.700000000000003,7.566666666666667,낮음
2024-11-12,금산군,0,77.5,68.6,112.9,0.0,,1,22.5,7.5,낮음
2024-11-12,논산시,0,80.6,70.7,114.0,0.0,,1,19.400000000000006,6.466666666666669,낮음
2024-11-12,당진시,0,70.3,76.3,92.2,7.799999999999997,,1,29.700000000000003,12.5,낮음
2024-11-12,보령시,0,83.8,74.6,112.4,0.0,,1,16.200000000000003,5.400000000000001,낮음
2024-11-12,부여군,0,79.0,71.7,110.3,0.0,,1,21.0,7.0,낮음
2024-11-12,서산시,0,81.9,77.7,105.4,0.0,,1,18.099999999999994,6.033333333333331,낮음
2024-11-12,서천군,0,89.1,71.8,124.0,0.0,,1,10.900000000000006,3.633333333333335,낮음
2024-11-12,아산시,0,92.1,81.4,113.2,0.0,,1,7.900000000000006,2.633333333333335,낮음
2024-11-12,예산군,0,77.0,71.4,107.9,0.0,,1,23.0,7.666666666666667,낮음
2024-11-12,천안시,0,82.0,78.7,104.1,0.0,,1,18.0,6.0,낮음
2024-11-12,청양군,0,86.7,77.2,112.3,0.0,,1,13.299999999999997,4.433333333333333,낮음
2024-11-12,태안군,0,82.8,83.5,99.1,0.9000000000000057,,1,17.200000000000003,6.033333333333336,낮음
2024-11-12,홍성군,0,73.1,72.3,101.1,0.0,,1,26.900000000000006,8.966666666666669,낮음
2024-11-13,계룡시,0,80.0,80.0,100.0,0.0,,1,20.0,6.666666666666667,낮음
2024-11-13,공주시,0,77.4,68.5,113.1,0.0,,1,22.599999999999994,7.533333333333331,낮음
2024-11-13,금산군,0,77.6,68.6,113.0,0.0,,1,22.400000000000006,7.466666666666669,낮음
2024-11-13,논산시,0,80.8,70.9,113.9,0.0,,1,19.200000000000003,6.400000000000001,낮음
2024-11-13,당진시,0,70.1,76.3,92.0,8.0,,1,29.900000000000006,12.633333333333335,낮음
2024-11-13,보령시,0,84.0,74.8,112.3,0.0,,1,16.0,5.333333333333333,낮음
2024-11-13,부여군,0,79.2,71.7,110.5,0.0,,1,20.799999999999997,6.933333333333333,낮음
2024-11-13,서산시,0,82.1,77.8,105.5,0.0,,1,17.900000000000006,5.966666666666669,낮음
2024-11-13,서천군,0,88.9,72.0,123.5,0.0,,1,11.099999999999994,3.699999999999998,낮음
2024-11-13,아산시,0,92.1,81.5,113.0,0.0,,1,7.900000000000006,2.633333333333335,낮음
2024-11-13,예산군,0,77.3,71.8,107.7,0.0,,1,22.700000000000003,7.566666666666667,낮음
2024-11-13,천안시,0,81.7,78.8,103.7,0.0,,1,18.299999999999997,6.099999999999999,낮음
2024-11-13,청양군,0,86.7,77.3,112.3,0.0,,1,13.299999999999997,4.433333333333333,낮음
2024-11-13,태안군,0,82.9,83.5,99.2,0.7999999999999972,,1,17.099999999999994,5.966666666666664,낮음
2024-11-13,홍성군,0,72.8,72.5,100.4,0.0,,1,27.200000000000003,9.066666666666668,낮음
2024-11-14,계룡시,0,80.0,80.0,100.0,0.0,,1,20.0,6.666666666666667,낮음
2024-11-14,공주시,0,77.4,68.6,112.9,0.0,,1,22.599999999999994,7.533333333333331,낮음
2024-11-14,금산군,0,77.7,68.7,113.1,0.0,,1,22.299999999999997,7.433333333333333,낮음
2024-11-14,논산시,0,80.8,71.0,113.7,0.0,,1,19.200000000000003,6.400000000000001,낮음
2024-11-14,당진시,0,70.1,76.3,91.9,8.099999999999994,,1,29.900000000000006,12.666666666666666,낮음
2024-11-14,보령시,0,84.0,74.9,112.2,0.0,,1,16.0,5.333333333333333,낮음
2024-11-14,부여군,0,79.4,71.7,110.7,0.0,,1,20.599999999999994,6.8666666666666645,낮음
2024-11-14,서산시,0,82.1,77.9,105.4,0.0,,1,17.900000000000006,5.966666666666669,낮음
2024-11-14,서천군,0,88.9,72.2,123.2,0.0,,1,11.099999999999994,3.699999999999998,낮음
2024-11-14,아산시,0,91.9,81.7,112.5,0.0,,1,8.099999999999994,2.699999999999998,낮음
2024-11-14,예산군,0,77.7,72.1,107.7,0.0,,1,22.299999999999997,7.433333333333333,낮음
2024-11-14,천안시,0,81.6,78.9,103.4,0.0,,1,18.400000000000006,6.1333333333333355,낮음
2024-11-14,청양군,0,86.8,77.3,112.3,0.0,,1,13.200000000000003,4.400000000000001,낮음
2024-11-14,태안군,0,82.9,83.6,99.1,0.9000000000000057,,1,17.099999999999994,6.0,낮음
2024-11-14,홍성군,0,72.7,72.7,100.1,0.0,,1,27.299999999999997,9.1,낮음
2024-11-15,계룡시,0,80.0,80.0,100.0,0.0,,1,20.0,6.666666666666667,낮음
2024-11-15,공주시,0,77.6,68.7,113.0,0.0,,1,22.400000000000006,7.466666666666669,낮음
2024-11-15,금산군,0,77.8,68.7,113.2,0.0,,1,22.200000000000003,7.400000000000001,낮음
2024-11-15,논산시,0,81.0,71.2,113.8,0.0,,1,19.0,6.333333333333333,낮음
2024-11-15,당진시,0,70.4,76.3,92.2,7.799999999999997,,1,29.599999999999994,12.466666666666663,낮음
2024-11-15,보령시,0,84.3,75.0,112.3,0.0,,1,15.700000000000003,5.233333333333334,낮음
2024-11-15,부여군,0,79.6,71.8,110.9,0.0,,1,20.400000000000006,6.800000000000002,낮음
2024-11-15,서산시,0,82.2,78.0,105.4,0.0,,1,17.799999999999997,5.933333333333333,낮음
2024-11-15,서천군,0,89.4,72.4,123.5,0.0,,1,10.599999999999994,3.5333333333333314,낮음
2024-11-15,아산시,0,92.0,81.8,112.5,0.0,,1,8.0,2.6666666666666665,낮음
2024-11-15,예산군,0,78.0,72.4,107.7,0.0,,1,22.0,7.333333333333333,낮음
2024-11-15,천안시,0,81.8,78.9,103.7,0.0,,1,18.200000000000003,6.066666666666667,낮음
2024-11-15,청양군,0,86.9,77.4,112.3,0.0,,1,13.099999999999994,4.3666666666666645,낮음
2024-11-15,태안군,0,83.2,83.7,99.5,0.5,,1,16.799999999999997,5.766666666666666,낮음
2024-11-15,홍성군,0,73.1,72.8,100.4,0.0,,1,26.900000000000006,8.966666666666669,낮음
2024-11-16,계룡시,0,80.0,80.0,100.0,0.0,,1,20.0,6.666666666666667,낮음
2024-11-16,공주시,0,77.6,68.8,112.8,0.0,,1,22.400000000000006,7.466666666666669,낮음
2024-11-16,금산군,0,77.8,68.7,113.1,0.0,,1,22.200000000000003,7.400000000000001,낮음
2024-11-16,논산시,0,81.0,71.3,113.6,0.0,,1,19.0,6.333333333333333,낮음
2024-11-16,당진시,0,70.4,76.4,92.1,7.900000000000006,,1,29.599999999999994,12.5,낮음
2024-11-16,보령시,0,84.3,75.1,112.2,0.0,,1,15.700000000000003,5.233333333333334,낮음
2024-11-16,부여군,0,79.6,71.9,110.6,0.0,,1,20.400000000000006,6.800000000000002,낮음
2024-11-16,서산시,0,82.2,78.1,105.2,0.0,,1,17.799999999999997,5.933333333333333,낮음
2024-11-16,서천군,0,89.4,72.6,123.1,0.0,,1,10.599999999999994,3.5333333333333314,낮음
2024-11-16,아산시,0,92.0,81.9,112.2,0.0,,1,8.0,2.6666666666666665,낮음
2024-11-16,예산군,0,78.0,72.7,107.3,0.0,,1,22.0,7.333333333333333,낮음
2024-11-16,천안시,0,81.8,79.0,103.6,0.0,,1,18.200000000000003,6.066666666666667,낮음
2024-11-16,청양군,0,86.9,77.5,112.1,0.0,,1,13.099999999999994,4.3666666666666645,낮음
2024-11-16,태안군,0,83.2,83.8,99.3,0.7000000000000028,,1,16.799999999999997,5.833333333333333,낮음
2024-11-16,홍성군,0,73.1,73.0,100.1,0.0,,1,26.900000000000006,8.966666666666669,낮음
2024-11-17,계룡시,0,80.0,80.0,100.0,0.0,,1,20.0,6.666666666666667,낮음
2024-11-17,공주시,0,77.6,69.0,112.6,0.0,,1,22.400000000000006,7.466666666666669,낮음
2024-11-17,금산군,0,77.8,68.8,113.0,0.0,,1,22.200000000000003,7.400000000000001,낮음
2024-11-17,논산시,0,81.0,71.4,113.4,0.0,,1,19.0,6.333333333333333,낮음
2024-11-17,당진시,0,70.4,76.5,92.0,8.0,,1,29.599999999999994,12.533333333333331,낮음
2024-11-17,보령시,0,84.3,75.3,111.9,0.0,,1,15.700000000000003,5.233333333333334,낮음
2024-11-17,부여군,0,79.6,72.2,110.3,0.0,,1,20.400000000000006,6.800000000000002,낮음
2024-11-17,서산시,0,82.2,78.3,105.0,0.0,,1,17.799999999999997,5.933333333333333,낮음
2024-11-17,서천군,0,89.4,73.0,122.5,0.0,,1,10.599999999999994,3.5333333333333314,낮음
2024-11-17,아산시,0,92.0,82.1,112.0,0.0,,1,8.0,2.6666666666666665,낮음
2024-11-17,예산군,0,78.0,73.0,106.8,0.0,,1,22.0,7.333333333333333,낮음
2024-11-17,천안시,0,81.8,79.2,103.4,0.0,,1,18.200000000000003,6.066666666666667,낮음
2024-11-17,청양군,0,86.9,77.6,112.0,0.0,,1,13.099999999999994,4.3666666666666645,낮음
2024-11-17,태안군,0,83.2,84.1,99.0,1.0,,1,16.799999999999997,5.933333333333333,낮음
2024-11-17,홍성군,0,73.1,73.3,99.7,0.29999999999999716,,1,26.900000000000006,9.066666666666668,낮음
2024-11-18,계룡시,0,80.0,80.0,100.0,0.0,,1,20.0,6.666666666666667,낮음
2024-11-18,공주시,0,80.0,69.1,115.7,0.0,,1,20.0,6.666666666666667,낮음
2024-11-18,금산군,0,77.2,68.9,112.1,0.0,,1,22.799999999999997,7.599999999999999,낮음
2024-11-18,논산시,0,81.5,71.5,113.9,0.0,,1,18.5,6.166666666666667,낮음
2024-11-18,당진시,0,70.3,76.7,91.7,8.299999999999997,,1,29.700000000000003,12.666666666666666,낮음
2024-11-18,보령시,0,84.9,75.4,112.6,0.0,,1,15.099999999999994,5.033333333333331,낮음
2024-11-18,부여군,0,79.9,72.3,110.5,0.0,,1,20.099999999999994,6.699999999999998,낮음
2024-11-18,서산시,0,82.2,78.4,104.9,0.0,,1,17.799999999999997,5.933333333333333,낮음
2024-11-18,서천군,0,90.1,73.2,123.0,0.0,,1,9.900000000000006,3.300000000000002,낮음
2024-11-18,아산시,0,91.6,82.3,111.3,0.0,,1,8.400000000000006,2.800000000000002,낮음
2024-11-18,예산군,0,78.8,73.4,107.3,0.0,,1,21.200000000000003,7.066666666666667,낮음
2024-11-18,천안시,0,81.7,79.3,103.0,0.0,,1,18.299999999999997,6.099999999999999,낮음
2024-11-18,청양군,0,87.0,77.7,111.9,0.0,,1,13.0,4.333333333333333,낮음
2024-11-18,태안군,0,83.4,84.2,99.0,1.0,,1,16.599999999999994,5.8666666666666645,낮음
2024-11-18,홍성군,0,72.8,73.6,98.9,1.0999999999999943,,1,27.200000000000003,9.433333333333332,낮음
2024-11-19,계룡시,0,80.0,80.0,100.0,0.0,,1,20.0,6.666666666666667,낮음
2024-11-19,공주시,0,80.1,69.3,115.6,0.0,,1,19.900000000000006,6.6333333333333355,낮음
2024-11-19,금산군,0,77.3,69.0,112.1,0.0,,1,22.700000000000003,7.566666666666667,낮음
2024-11-19,논산시,0,81.8,71.6,114.3,0.0,,1,18.200000000000003,6.066666666666667,낮음
2024-11-19,당진시,0,70.4,76.9,91.5,8.5,,1,29.599999999999994,12.699999999999998,낮음
2024-11-19,보령시,0,85.1,75.6,112.5,0.0,,1,14.900000000000006,4.966666666666669,낮음
2024-11-19,부여군,0,79.6,72.4,109.9,0.0,,1,20.400000000000006,6.800000000000002,낮음
2024-11-19,서산시,0,82.4,78.5,105.1,0.0,,1,17.599999999999994,5.8666666666666645,낮음
2024-11-19,서천군,0,90.2,73.4,122.8,0.0,,1,9.799999999999997,3.2666666666666657,낮음
2024-11-19,아산시,0,91.5,82.5,110.9,0.0,,1,8.5,2.8333333333333335,낮음
2024-11-19,예산군,0,79.1,73.9,107.0,0.0,,1,20.900000000000006,6.966666666666669,낮음
2024-11-19,천안시,0,81.7,79.5,102.8,0.0,,1,18.299999999999997,6.099999999999999,낮음
2024-11-19,청양군,0,86.5,77.8,111.1,0.0,,1,13.5,4.5,낮음
2024-11-19,태안군,0,83.4,84.3,98.8,1.2000000000000028,,1,16.599999999999994,5.933333333333333,낮음
2024-11-19,홍성군,0,73.1,73.9,99.0,1.0,,1,26.900000000000006,9.300000000000002,낮음
2024-11-20,계룡시,0,80.0,80.0,100.0,0.0,,1,20.0,6.666666666666667,낮음
2024-11-20,공주시,0,80.1,69.3,115.6,0.0,,1,19.900000000000006,6.6333333333333355,낮음
2024-11-20,금산군,0,77.4,69.1,112.1,0.0,,1,22.599999999999994,7.533333333333331,낮음
2024-11-20,논산시,0,81.8,71.8,114.1,0.0,,1,18.200000000000003,6.066666666666667,낮음
2024-11-20,당진시,0,64.2,77.0,83.3,16.700000000000003,,1,35.8,17.5,낮음
2024-11-20,보령시,0,85.1,75.8,112.3,0.0,,1,14.900000000000006,4.966666666666669,낮음
2024-11-20,부여군,0,79.4,72.5,109.5,0.0,,1,20.599999999999994,6.8666666666666645,낮음
2024-11-20,서산시,0,82.5,78.5,105.0,0.0,,1,17.5,5.833333333333333,낮음
2024-11-20,서천군,0,90.6,73.7,123.0,0.0,,1,9.400000000000006,3.133333333333335,낮음
2024-11-20,아산시,0,91.4,82.6,110.7,0.0,,1,8.599999999999994,2.866666666666665,낮음
2024-11-20,예산군,0,79.1,74.3,106.6,0.0,,1,20.900000000000006,6.966666666666669,낮음
2024-11-20,천안시,0,81.8,79.6,102.8,0.0,,1,18.200000000000003,6.066666666666667,낮음
2024-11-20,청양군,0,86.5,77.9,111.1,0.0,,1,13.5,4.5,낮음
2024-11-20,태안군,0,83.4,84.4,98.8,1.2000000000000028,,1,16.599999999999994,5.933333333333333,낮음
2024-11-20,홍성군,0,73.4,74.1,99.0,1.0,,1,26.599999999999994,9.199999999999998,낮음
2024-11-21,계룡시,0,80.0,80.0,100.0,0.0,,1,20.0,6.666666666666667,낮음
2024-11-21,공주시,0,80.2,69.4,115.6,0.0,,1,19.799999999999997,6.599999999999999,낮음
2024-11-21,금산군,0,77.5,69.1,112.2,0.0,,1,22.5,7.5,낮음
2024-11-21,논산시,0,81.9,71.9,114.0,0.0,,1,18.099999999999994,6.033333333333331,낮음
2024-11-21,당진시,0,64.4,77.1,83.5,16.5,,1,35.599999999999994,17.366666666666664,낮음
2024-11-21,보령시,0,85.2,75.9,112.3,0.0,,1,14.799999999999997,4.933333333333333,낮음
2024-11-21,부여군,0,79.0,72.5,108.9,0.0,,1,21.0,7.0,낮음
2024-11-21,서산시,0,82.6,78.5,105.2,0.0,,1,17.400000000000006,5.800000000000002,낮음
2024-11-21,서천군,0,91.0,73.9,123.2,0.0,,1,9.0,3.0,낮음
2024-11-21,아산시,0,91.5,82.7,110.7,0.0,,1,8.5,2.8333333333333335,낮음
2024-11-21,예산군,0,79.4,74.6,106.4,0.0,,1,20.599999999999994,6.8666666666666645,낮음
2024-11-21,천안시,0,82.0,79.6,103.0,0.0,,1,18.0,6.0,낮음
2024-11-21,청양군,0,86.6,78.0,111.1,0.0,,1,13.400000000000006,4.466666666666669,낮음
2024-11-21,태안군,0,83.5,84.6,98.8,1.2000000000000028,,1,16.5,5.900000000000001,낮음
2024-11-21,홍성군,0,73.7,74.3,99.2,0.7999999999999972,,1,26.299999999999997,9.033333333333331,낮음
2024-11-22,계룡시,0,80.0,80.0,100.0,0.0,,1,20.0,6.666666666666667,낮음
2024-11-22,공주시,0,80.3,69.5,115.7,0.0,,1,19.700000000000003,6.566666666666667,낮음
2024-11-22,금산군,0,77.6,69.1,112.2,0.0,,1,22.400000000000006,7.466666666666669,낮음
2024-11-22,논산시,0,82.0,72.0,113.8,0.0,,1,18.0,6.0,낮음
2024-11-22,당진시,0,63.3,77.2,82.0,18.0,,1,36.7,18.233333333333334,낮음
2024-11-22,보령시,0,85.4,75.9,112.4,0.0,,1,14.599999999999994,4.8666666666666645,낮음
2024-11-22,부여군,0,79.0,72.6,108.8,0.0,,1,21.0,7.0,낮음
2024-11-22,서산시,0,82.6,78.6,105.1,0.0,,1,17.400000000000006,5.800000000000002,낮음
2024-11-22,서천군,0,91.0,74.1,122.9,0.0,,1,9.0,3.0,낮음
2024-11-22,아산시,0,91.5,82.7,110.6,0.0,,1,8.5,2.8333333333333335,낮음
2024-11-22,예산군,0,79.5,74.8,106.3,0.0,,1,20.5,6.833333333333333,낮음
2024-11-22,천안시,0,81.9,79.6,102.8,0.0,,1,18.099999999999994,6.033333333333331,낮음
2024-11-22,청양군,0,86.6,78.0,111.0,0.0,,1,13.400000000000006,4.466666666666669,낮음
2024-11-22,태안군,0,83.5,84.7,98.6,1.4000000000000057,,1,16.5,5.966666666666669,낮음
2024-11-22,홍성군,0,73.9,74.3,99.4,0.5999999999999943,,1,26.099999999999994,8.899999999999997,낮음
2024-11-23,계룡시,0,80.0,80.0,100.0,0.0,,1,20.0,6.666666666666667,낮음
2024-11-23,공주시,0,80.3,69.5,115.6,0.0,,1,19.700000000000003,6.566666666666667,낮음
2024-11-23,금산군,0,77.6,69.2,112.1,0.0,,1,22.400000000000006,7.466666666666669,낮음
2024-11-23,논산시,0,82.0,72.2,113.6,0.0,,1,18.0,6.0,낮음
2024-11-23,당진시,0,63.3,77.3,81.9,18.099999999999994,,1,36.7,18.266666666666666,낮음
2024-11-23,보령시,0,85.4,76.1,112.3,0.0,,1,14.599999999999994,4.8666666666666645,낮음
2024-11-23,부여군,0,79.0,72.7,108.7,0.0,,1,21.0,7.0,낮음
2024-11-23,서산시,0,82.6,78.6,105.1,0.0,,1,17.400000000000006,5.800000000000002,낮음
2024-11-23,서천군,0,91.0,74.2,122.6,0.0,,1,9.0,3.0,낮음
2024-11-23,아산시,0,91.5,82.8,110.5,0.0,,1,8.5,2.8333333333333335,낮음
2024-11-23,예산군,0,79.5,75.2,105.8,0.0,,1,20.5,6.833333333333333,낮음
2024-11-23,천안시,0,81.9,79.7,102.8,0.0,,1,18.099999999999994,6.033333333333331,낮음
2024-11-23,청양군,0,86.6,78.1,110.9,0.0,,1,13.400000000000006,4.466666666666669,낮음
2024-11-23,태안군,0,83.5,84.9,98.5,1.5,,1,16.5,6.0,낮음
2024-11-23,홍성군,0,73.9,74.4,99.3,0.7000000000000028,,1,26.099999999999994,8.933333333333332,낮음
2024-11-24,계룡시,0,80.0,80.0,100.0,0.0,,1,20.0,6.666666666666667,낮음
2024-11-24,공주시,0,80.3,69.6,115.4,0.0,,1,19.700000000000003,6.566666666666667,낮음
2024-11-24,금산군,0,77.6,69.2,112.1,0.0,,1,22.400000000000006,7.466666666666669,낮음
2024-11-24,논산시,0,82.0,72.3,113.3,0.0,,1,18.0,6.0,낮음
2024-11-24,당진시,0,63.3,77.4,81.8,18.200000000000003,,1,36.7,18.3,낮음
2024-11-24,보령시,0,85.4,76.2,112.1,0.0,,1,14.599999999999994,4.8666666666666645,낮음
2024-11-24,부여군,0,79.0,72.8,108.5,0.0,,1,21.0,7.0,낮음
2024-11-24,서산시,0,82.6,78.6,105.0,0.0,,1,17.400000000000006,5.800000000000002,낮음
2024-11-24,서천군,0,91.0,74.4,122.4,0.0,,1,9.0,3.0,낮음
2024-11-24,아산시,0,91.5,82.9,110.4,0.0,,1,8.5,2.8333333333333335,낮음
2024-11-24,예산군,0,79.5,75.5,105.3,0.0,,1,20.5,6.833333333333333,낮음
2024-11-24,천안시,0,81.9,79.8,102.7,0.0,,1,18.099999999999994,6.033333333333331,낮음
2024-11-24,청양군,0,86.6,78.1,110.9,0.0,,1,13.400000000000006,4.466666666666669,낮음
2024-11-24,태안군,0,83.5,85.0,98.3,1.7000000000000028,,1,16.5,6.066666666666667,낮음
2024-11-24,홍성군,0,73.9,74.6,99.1,0.9000000000000057,,1,26.099999999999994,9.0,낮음
2024-11-25,계룡시,0,80.0,80.0,100.0,0.0,,1,20.0,6.666666666666667,낮음
2024-11-25,공주시,0,80.8,69.7,116.0,0.0,,1,19.200000000000003,6.400000000000001,낮음
2024-11-25,금산군,0,77.3,69.4,111.5,0.0,,1,22.700000000000003,7.566666666666667,낮음
2024-11-25,논산시,0,82.4,72.5,113.7,0.0,,1,17.599999999999994,5.8666666666666645,낮음
2024-11-25,당진시,0,64.5,77.5,83.2,16.799999999999997,,1,35.5,17.433333333333334,낮음
2024-11-25,보령시,0,85.8,76.3,112.5,0.0,,1,14.200000000000003,4.733333333333334,낮음
2024-11-25,부여군,0,79.4,72.9,109.0,0.0,,1,20.599999999999994,6.8666666666666645,낮음
2024-11-25,서산시,0,82.2,78.7,104.4,0.0,,1,17.799999999999997,5.933333333333333,낮음
2024-11-25,서천군,0,91.8,74.5,123.2,0.0,,1,8.200000000000003,2.7333333333333343,낮음
2024-11-25,아산시,0,91.8,83.0,110.6,0.0,,1,8.200000000000003,2.7333333333333343,낮음
2024-11-25,예산군,0,80.2,75.9,105.6,0.0,,1,19.799999999999997,6.599999999999999,낮음
2024-11-25,천안시,0,82.1,79.8,102.8,0.0,,1,17.900000000000006,5.966666666666669,낮음
2024-11-25,청양군,0,86.8,78.2,111.0,0.0,,1,13.200000000000003,4.400000000000001,낮음
2024-11-25,태안군,0,83.8,85.2,98.3,1.7000000000000028,,1,16.200000000000003,5.966666666666669,낮음
2024-11-25,홍성군,0,74.6,74.6,99.9,0.09999999999999432,,1,25.400000000000006,8.5,낮음
2024-11-26,계룡시,0,80.0,80.0,100.0,0.0,,1,20.0,6.666666666666667,낮음
2024-11-26,공주시,0,81.3,69.7,116.6,0.0,,1,18.700000000000003,6.233333333333334,낮음
2024-11-26,금산군,0,77.5,69.5,111.4,0.0,,1,22.5,7.5,낮음
2024-11-26,논산시,0,82.9,72.7,114.1,0.0,,1,17.099999999999994,5.699999999999998,낮음
2024-11-26,당진시,0,65.9,77.7,84.9,15.099999999999994,,1,34.099999999999994,16.399999999999995,낮음
2024-11-26,보령시,0,86.4,76.4,113.1,0.0,,1,13.599999999999994,4.533333333333331,낮음
2024-11-26,부여군,0,80.3,73.0,110.0,0.0,,1,19.700000000000003,6.566666666666667,낮음
2024-11-26,서산시,0,82.9,78.8,105.3,0.0,,1,17.099999999999994,5.699999999999998,낮음
2024-11-26,서천군,0,93.5,74.7,125.2,0.0,,1,6.5,2.1666666666666665,낮음
2024-11-26,아산시,0,92.3,83.1,111.1,0.0,,1,7.700000000000003,2.5666666666666678,낮음
2024-11-26,예산군,0,81.0,76.3,106.1,0.0,,1,19.0,6.333333333333333,낮음
2024-11-26,천안시,0,82.6,79.9,103.3,0.0,,1,17.400000000000006,5.800000000000002,낮음
2024-11-26,청양군,0,88.4,78.2,113.0,0.0,,1,11.599999999999994,3.866666666666665,낮음
2024-11-26,태안군,0,84.4,85.3,99.0,1.0,,1,15.599999999999994,5.533333333333331,낮음
2024-11-26,홍성군,0,75.4,74.8,100.9,0.0,,1,24.599999999999994,8.199999999999998,낮음
2024-11-27,계룡시,0,80.0,80.0,100.0,0.0,,1,20.0,6.666666666666667,낮음
2024-11-27,공주시,0,81.6,69.8,116.9,0.0,,1,18.400000000000006,6.1333333333333355,낮음
2024-11-27,금산군,0,77.7,69.7,111.5,0.0,,1,22.299999999999997,7.433333333333333,낮음
2024-11-27,논산시,0,83.3,72.9,114.2,0.0,,1,16.700000000000003,5.566666666666667,낮음
2024-11-27,당진시,0,66.5,77.8,85.5,14.5,,1,33.5,16.0,낮음
2024-11-27,보령시,0,86.7,76.5,113.4,0.0,,1,13.299999999999997,4.433333333333333,낮음
2024-11-27,부여군,0,80.7,73.1,110.4,0.0,,1,19.299999999999997,6.433333333333333,낮음
2024-11-27,서산시,0,83.3,78.8,105.7,0.0,,1,16.700000000000003,5.566666666666667,낮음
2024-11-27,서천군,0,93.8,74.8,125.3,0.0,,1,6.200000000000003,2.0666666666666678,낮음
2024-11-27,아산시,0,92.4,83.2,111.0,0.0,,1,7.599999999999994,2.5333333333333314,낮음
2024-11-27,예산군,0,82.0,76.6,107.0,0.0,,1,18.0,6.0,낮음
2024-11-27,천안시,0,82.9,80.0,103.5,0.0,,1,17.099999999999994,5.699999999999998,낮음
2024-11-27,청양군,0,88.5,78.3,113.1,0.0,,1,11.5,3.8333333333333335,낮음
2024-11-27,태안군,0,84.5,85.3,99.0,1.0,,1,15.5,5.5,낮음
2024-11-27,홍성군,0,75.7,74.9,101.1,0.0,,1,24.299999999999997,8.1,낮음
2024-11-28,계룡시,0,80.0,80.0,100.0,0.0,,1,20.0,6.666666666666667,낮음
2024-11-28,공주시,0,82.0,69.9,117.4,0.0,,1,18.0,6.0,낮음
2024-11-28,금산군,0,77.9,69.8,111.5,0.0,,1,22.099999999999994,7.3666666666666645,낮음
2024-11-28,논산시,0,83.6,73.1,114.3,0.0,,1,16.400000000000006,5.466666666666669,낮음
2024-11-28,당진시,0,68.1,77.9,87.3,12.700000000000003,,1,31.900000000000006,14.866666666666669,낮음
2024-11-28,보령시,0,86.9,76.7,113.4,0.0,,1,13.099999999999994,4.3666666666666645,낮음
2024-11-28,부여군,0,81.1,73.3,110.6,0.0,,1,18.900000000000006,6.300000000000002,낮음
2024-11-28,서산시,0,83.6,78.9,105.9,0.0,,1,16.400000000000006,5.466666666666669,낮음
2024-11-28,서천군,0,93.8,75.0,125.2,0.0,,1,6.200000000000003,2.0666666666666678,낮음
2024-11-28,아산시,0,92.5,83.3,111.1,0.0,,1,7.5,2.5,낮음
2024-11-28,예산군,0,82.7,76.9,107.6,0.0,,1,17.299999999999997,5.766666666666666,낮음
2024-11-28,천안시,0,83.5,80.2,104.2,0.0,,1,16.5,5.5,낮음
2024-11-28,청양군,0,88.6,78.3,113.1,0.0,,1,11.400000000000006,3.800000000000002,낮음
2024-11-28,태안군,0,84.6,85.4,99.1,0.9000000000000057,,1,15.400000000000006,5.433333333333337,낮음
2024-11-28,홍성군,0,76.1,75.0,101.4,0.0,,1,23.900000000000006,7.966666666666669,낮음
2024-11-29,계룡시,0,80.0,80.0,100.0,0.0,,1,20.0,6.666666666666667,낮음
2024-11-29,공주시,0,82.4,70.0,117.7,0.0,,1,17.599999999999994,5.8666666666666645,낮음
2024-11-29,금산군,0,77.5,70.0,110.6,0.0,,1,22.5,7.5,낮음
2024-11-29,논산시,0,83.8,73.4,114.3,0.0,,1,16.200000000000003,5.400000000000001,낮음
2024-11-29,당진시,0,69.3,78.1,88.8,11.200000000000003,,1,30.700000000000003,13.966666666666669,낮음
2024-11-29,보령시,0,87.6,76.9,114.0,0.0,,1,12.400000000000006,4.1333333333333355,낮음
2024-11-29,부여군,0,81.6,73.4,111.1,0.0,,1,18.400000000000006,6.1333333333333355,낮음
2024-11-29,서산시,0,84.4,79.0,106.9,0.0,,1,15.599999999999994,5.199999999999998,낮음
2024-11-29,서천군,0,94.1,75.1,125.3,0.0,,1,5.900000000000006,1.9666666666666686,낮음
2024-11-29,아산시,0,92.8,83.4,111.3,0.0,,1,7.200000000000003,2.400000000000001,낮음
2024-11-29,예산군,0,83.8,77.2,108.5,0.0,,1,16.200000000000003,5.400000000000001,낮음
2024-11-29,천안시,0,84.5,80.3,105.2,0.0,,1,15.5,5.166666666666667,낮음
2024-11-29,청양군,0,88.8,78.4,113.3,0.0,,1,11.200000000000003,3.7333333333333343,낮음
2024-11-29,태안군,0,84.9,85.5,99.3,0.7000000000000028,,1,15.099999999999994,5.266666666666666,낮음
2024-11-29,홍성군,0,76.6,75.2,101.9,0.0,,1,23.400000000000006,7.800000000000002,낮음
2024-11-30,계룡시,0,80.0,80.0,100.0,0.0,,1,20.0,6.666666666666667,낮음
2024-11-30,공주시,0,82.4,70.1,117.6,0.0,,1,17.599999999999994,5.8666666666666645,낮음
2024-11-30,금산군,0,77.5,70.2,110.4,0.0,,1,22.5,7.5,낮음
2024-11-30,논산시,0,83.8,73.6,113.9,0.0,,1,16.200000000000003,5.400000000000001,낮음
2024-11-30,당진시,0,69.3,78.2,88.6,11.400000000000006,,1,30.700000000000003,14.033333333333337,낮음
2024-11-30,보령시,0,87.6,77.1,113.7,0.0,,1,12.400000000000006,4.1333333333333355,낮음
2024-11-30,부여군,0,81.6,73.6,110.9,0.0,,1,18.400000000000006,6.1333333333333355,낮음
2024-11-30,서산시,0,84.4,79.1,106.7,0.0,,1,15.599999999999994,5.199999999999998,낮음
2024-11-30,서천군,0,94.1,75.3,125.0,0.0,,1,5.900000000000006,1.9666666666666686,낮음
2024-11-30,아산시,0,92.8,83.6,111.1,0.0,,1,7.200000000000003,2.400000000000001,낮음
2024-11-30,예산군,0,83.8,77.5,108.1,0.0,,1,16.200000000000003,5.400000000000001,낮음
2024-11-30,천안시,0,84.5,80.4,105.1,0.0,,1,15.5,5.166666666666667,낮음
2024-11-30,청양군,0,88.8,78.5,113.1,0.0,,1,11.200000000000003,3.7333333333333343,낮음
2024-11-30,태안군,0,84.9,85.6,99.2,0.7999999999999972,,1,15.099999999999994,5.299999999999997,낮음
2024-11-30,홍성군,0,76.6,75.4,101.6,0.0,,1,23.400000000000006,7.800000000000002,낮음
2024-12-01,계룡시,0,80.0,80.0,100.0,0.0,,1,20.0,6.666666666666667,낮음
2024-12-01,공주시,0,82.4,70.2,117.4,0.0,,1,17.599999999999994,5.8666666666666645,낮음
2024-12-01,금산군,0,77.5,70.3,110.1,0.0,,1,22.5,7.5,낮음
2024-12-01,논산시,0,83.8,73.8,113.6,0.0,,1,16.200000000000003,5.400000000000001,낮음
2024-12-01,당진시,0,69.3,78.2,88.6,11.400000000000006,,1,30.700000000000003,14.033333333333337,낮음
2024-12-01,보령시,0,87.6,77.3,113.3,0.0,,1,12.400000000000006,4.1333333333333355,낮음
2024-12-01,부여군,0,81.6,73.8,110.6,0.0,,1,18.400000000000006,6.1333333333333355,낮음
2024-12-01,서산시,0,84.4,79.3,106.5,0.0,,1,15.599999999999994,5.199999999999998,낮음
2024-12-01,서천군,0,94.1,75.5,124.6,0.0,,1,5.900000000000006,1.9666666666666686,낮음
2024-12-01,아산시,0,92.8,83.8,110.8,0.0,,1,7.200000000000003,2.400000000000001,낮음
2024-12-01,예산군,0,83.8,77.8,107.6,0.0,,1,16.200000000000003,5.400000000000001,낮음
2024-12-01,천안시,0,84.5,80.4,105.0,0.0,,1,15.5,5.166666666666667,낮음
2024-12-01,청양군,0,88.8,78.6,113.0,0.0,,1,11.200000000000003,3.7333333333333343,낮음
2024-12-01,태안군,0,84.9,85.8,98.9,1.0999999999999943,,1,15.099999999999994,5.399999999999996,낮음
2024-12-01,홍성군,0,76.6,75.5,101.5,0.0,,1,23.400000000000006,7.800000000000002,낮음
2024-12-02,계룡시,0,80.0,80.0,100.0,0.0,,2,20.0,6.666666666666667,낮음
2024-12-02,공주시,0,83.3,70.2,118.6,0.0,,2,16.700000000000003,5.566666666666667,낮음
2024-12-02,금산군,0,78.2,70.5,110.9,0.0,,2,21.799999999999997,7.266666666666666,낮음
2024-12-02,논산시,0,84.5,74.0,114.2,0.0,,2,15.5,5.166666666666667,낮음
2024-12-02,당진시,0,69.1,78.2,88.3,11.700000000000003,,2,30.900000000000006,14.200000000000003,낮음
2024-12-02,보령시,0,88.4,77.5,114.0,0.0,,2,11.599999999999994,3.866666666666665,낮음
2024-12-02,부여군,0,81.9,73.8,111.0,0.0,,2,18.099999999999994,6.033333333333331,낮음
2024-12-02,서산시,0,85.1,79.4,107.1,0.0,,2,14.900000000000006,4.966666666666669,낮음
2024-12-02,서천군,0,94.6,75.7,125.0,0.0,,2,5.400000000000006,1.8000000000000018,낮음
2024-12-02,아산시,0,92.7,83.9,110.4,0.0,,2,7.299999999999997,2.4333333333333322,낮음
2024-12-02,예산군,0,85.9,77.9,110.3,0.0,,2,14.099999999999994,4.699999999999998,낮음
2024-12-02,천안시,0,85.4,80.5,106.0,0.0,,2,14.599999999999994,4.8666666666666645,낮음
2024-12-02,청양군,0,89.0,78.6,113.2,0.0,,2,11.0,3.6666666666666665,낮음
2024-12-02,태안군,0,85.0,86.0,98.9,1.0999999999999943,,2,15.0,5.3666666666666645,낮음
2024-12-02,홍성군,0,78.0,75.6,103.1,0.0,,2,22.0,7.333333333333333,낮음
2024-12-03,계룡시,0,80.0,80.0,100.0,0.0,,1,20.0,6.666666666666667,낮음
2024-12-03,공주시,0,83.5,70.2,119.0,0.0,,1,16.5,5.5,낮음
2024-12-03,금산군,0,78.4,70.6,111.1,0.0,,1,21.599999999999994,7.199999999999998,낮음
2024-12-03,논산시,0,84.8,74.2,114.2,0.0,,1,15.200000000000003,5.066666666666667,낮음
2024-12-03,당진시,0,69.3,78.2,88.6,11.400000000000006,,1,30.700000000000003,14.033333333333337,낮음
2024-12-03,보령시,0,88.7,77.7,114.2,0.0,,1,11.299999999999997,3.7666666666666657,낮음
2024-12-03,부여군,0,82.1,73.9,111.0,0.0,,1,17.900000000000006,5.966666666666669,낮음
2024-12-03,서산시,0,85.3,79.5,107.2,0.0,,1,14.700000000000003,4.900000000000001,낮음
2024-12-03,서천군,0,94.2,75.9,124.2,0.0,,1,5.799999999999997,1.9333333333333325,낮음
2024-12-03,아산시,0,92.7,84.0,110.3,0.0,,1,7.299999999999997,2.4333333333333322,낮음
2024-12-03,예산군,0,86.3,78.0,110.5,0.0,,1,13.700000000000003,4.566666666666667,낮음
2024-12-03,천안시,0,85.5,80.7,105.9,0.0,,1,14.5,4.833333333333333,낮음
2024-12-03,청양군,0,89.1,78.7,113.2,0.0,,1,10.900000000000006,3.633333333333335,낮음
2024-12-03,태안군,0,85.1,86.1,98.9,1.0999999999999943,,1,14.900000000000006,5.333333333333333,낮음
2024-12-03,홍성군,0,78.0,75.8,102.9,0.0,,1,22.0,7.333333333333333,낮음
2024-12-04,계룡시,0,80.0,80.0,100.0,0.0,,1,20.0,6.666666666666667,낮음
2024-12-04,공주시,0,83.6,70.2,119.2,0.0,,1,16.400000000000006,5.466666666666669,낮음
2024-12-04,금산군,0,78.7,70.7,111.3,0.0,,1,21.299999999999997,7.099999999999999,낮음
2024-12-04,논산시,0,85.1,74.5,114.3,0.0,,1,14.900000000000006,4.966666666666669,낮음
2024-12-04,당진시,0,69.4,78.3,88.7,11.299999999999997,,1,30.599999999999994,13.966666666666663,낮음
2024-12-04,보령시,0,89.0,77.9,114.2,0.0,,1,11.0,3.6666666666666665,낮음
2024-12-04,부여군,0,82.3,74.1,111.1,0.0,,1,17.700000000000003,5.900000000000001,낮음
2024-12-04,서산시,0,85.4,79.7,107.1,0.0,,1,14.599999999999994,4.8666666666666645,낮음
2024-12-04,서천군,0,94.3,76.1,123.9,0.0,,1,5.700000000000003,1.900000000000001,낮음
2024-12-04,아산시,0,92.7,84.1,110.3,0.0,,1,7.299999999999997,2.4333333333333322,낮음
2024-12-04,예산군,0,86.8,78.3,110.9,0.0,,1,13.200000000000003,4.400000000000001,낮음
2024-12-04,천안시,0,85.5,80.9,105.8,0.0,,1,14.5,4.833333333333333,낮음
2024-12-04,청양군,0,88.4,78.7,112.3,0.0,,1,11.599999999999994,3.866666666666665,낮음
2024-12-04,태안군,0,85.1,86.2,98.8,1.2000000000000028,,1,14.900000000000006,5.36666666666667,낮음
2024-12-04,홍성군,0,78.0,76.0,102.7,0.0,,1,22.0,7.333333333333333,낮음
2024-12-05,계룡시,0,80.0,80.0,100.0,0.0,,1,20.0,6.666666666666667,낮음
2024-12-05,공주시,0,83.9,70.2,119.5,0.0,,1,16.099999999999994,5.3666666666666645,낮음
2024-12-05,금산군,0,78.8,70.7,111.5,0.0,,1,21.200000000000003,7.066666666666667,낮음
2024-12-05,논산시,0,85.2,74.8,114.0,0.0,,1,14.799999999999997,4.933333333333333,낮음
2024-12-05,당진시,0,69.6,78.4,88.8,11.200000000000003,,1,30.400000000000006,13.866666666666669,낮음
2024-12-05,보령시,0,89.1,78.1,114.1,0.0,,1,10.900000000000006,3.633333333333335,낮음
2024-12-05,부여군,0,82.4,74.1,111.2,0.0,,1,17.599999999999994,5.8666666666666645,낮음
2024-12-05,서산시,0,85.4,79.8,107.0,0.0,,1,14.599999999999994,4.8666666666666645,낮음
2024-12-05,서천군,0,91.8,76.3,120.3,0.0,,1,8.200000000000003,2.7333333333333343,낮음
2024-12-05,아산시,0,92.7,84.2,110.1,0.0,,1,7.299999999999997,2.4333333333333322,낮음
2024-12-05,예산군,0,87.0,78.4,110.8,0.0,,1,13.0,4.333333333333333,낮음
2024-12-05,천안시,0,85.7,81.0,105.8,0.0,,1,14.299999999999997,4.766666666666666,낮음
2024-12-05,청양군,0,89.5,78.8,113.6,0.0,,1,10.5,3.5,낮음
2024-12-05,태안군,0,85.2,86.3,98.8,1.2000000000000028,,1,14.799999999999997,5.333333333333333,낮음
2024-12-05,홍성군,0,77.7,76.1,102.2,0.0,,1,22.299999999999997,7.433333333333333,낮음
2024-12-06,계룡시,0,80.0,80.0,100.0,0.0,,1,20.0,6.666666666666667,낮음
2024-12-06,공주시,0,83.9,70.3,119.4,0.0,,1,16.099999999999994,5.3666666666666645,낮음
2024-12-06,금산군,0,78.8,70.8,111.4,0.0,,1,21.200000000000003,7.066666666666667,낮음
2024-12-06,논산시,0,85.2,75.0,113.6,0.0,,1,14.799999999999997,4.933333333333333,낮음
2024-12-06,당진시,0,69.6,78.5,88.6,11.400000000000006,,1,30.400000000000006,13.933333333333337,낮음
2024-12-06,보령시,0,89.1,78.3,113.8,0.0,,1,10.900000000000006,3.633333333333335,낮음
2024-12-06,부여군,0,82.6,74.2,111.4,0.0,,1,17.400000000000006,5.800000000000002,낮음
2024-12-06,서산시,0,85.4,79.9,106.9,0.0,,1,14.599999999999994,4.8666666666666645,낮음
2024-12-06,서천군,0,91.8,76.5,120.0,0.0,,1,8.200000000000003,2.7333333333333343,낮음
2024-12-06,아산시,0,92.7,84.3,110.0,0.0,,1,7.299999999999997,2.4333333333333322,낮음
2024-12-06,예산군,0,87.0,78.7,110.5,0.0,,1,13.0,4.333333333333333,낮음
2024-12-06,천안시,0,85.7,81.1,105.7,0.0,,1,14.299999999999997,4.766666666666666,낮음
2024-12-06,청양군,0,89.5,78.8,113.5,0.0,,1,10.5,3.5,낮음
2024-12-06,태안군,0,85.2,86.3,98.7,1.2999999999999972,,1,14.799999999999997,5.3666666666666645,낮음
2024-12-06,홍성군,0,77.7,76.1,102.1,0.0,,1,22.299999999999997,7.433333333333333,낮음
2024-12-07,계룡시,0,80.0,80.0,100.0,0.0,,1,20.0,6.666666666666667,낮음
2024-12-07,공주시,0,83.9,70.4,119.1,0.0,,1,16.099999999999994,5.3666666666666645,낮음
2024-12-07,금산군,0,78.8,70.9,111.2,0.0,,1,21.200000000000003,7.066666666666667,낮음
2024-12-07,논산시,0,85.2,75.2,113.3,0.0,,1,14.799999999999997,4.933333333333333,낮음
2024-12-07,당진시,0,69.6,78.7,88.5,11.5,,1,30.400000000000006,13.966666666666669,낮음
2024-12-07,보령시,0,89.1,78.5,113.5,0.0,,1,10.900000000000006,3.633333333333335,낮음
2024-12-07,부여군,0,82.6,74.3,111.2,0.0,,1,17.400000000000006,5.800000000000002,낮음
2024-12-07,서산시,0,85.4,80.0,106.7,0.0,,1,14.599999999999994,4.8666666666666645,낮음
2024-12-07,서천군,0,91.8,76.7,119.6,0.0,,1,8.200000000000003,2.7333333333333343,낮음
2024-12-07,아산시,0,92.7,84.4,109.8,0.0,,1,7.299999999999997,2.4333333333333322,낮음
2024-12-07,예산군,0,87.0,78.8,110.3,0.0,,1,13.0,4.333333333333333,낮음
2024-12-07,천안시,0,85.7,81.2,105.6,0.0,,1,14.299999999999997,4.766666666666666,낮음
2024-12-07,청양군,0,89.5,78.9,113.5,0.0,,1,10.5,3.5,낮음
2024-12-07,태안군,0,85.2,86.4,98.6,1.4000000000000057,,1,14.799999999999997,5.400000000000001,낮음
2024-12-07,홍성군,0,77.7,76.2,102.0,0.0,,1,22.299999999999997,7.433333333333333,낮음
2024-12-08,계룡시,0,80.0,80.0,100.0,0.0,,1,20.0,6.666666666666667,낮음
2024-12-08,공주시,0,83.9,70.6,118.7,0.0,,1,16.099999999999994,5.3666666666666645,낮음
2024-12-08,금산군,0,78.8,71.0,111.0,0.0,,1,21.200000000000003,7.066666666666667,낮음
2024-12-08,논산시,0,85.2,75.4,113.0,0.0,,1,14.799999999999997,4.933333333333333,낮음
2024-12-08,당진시,0,69.6,78.8,88.3,11.700000000000003,,1,30.400000000000006,14.033333333333337,낮음
2024-12-08,보령시,0,89.1,78.6,113.4,0.0,,1,10.900000000000006,3.633333333333335,낮음
2024-12-08,부여군,0,82.6,74.3,111.1,0.0,,1,17.400000000000006,5.800000000000002,낮음
2024-12-08,서산시,0,85.4,80.1,106.6,0.0,,1,14.599999999999994,4.8666666666666645,낮음
2024-12-08,서천군,0,91.8,76.9,119.3,0.0,,1,8.200000000000003,2.7333333333333343,낮음
2024-12-08,아산시,0,92.7,84.5,109.7,0.0,,1,7.299999999999997,2.4333333333333322,낮음
2024-12-08,예산군,0,88.3,78.8,112.0,0.0,,1,11.700000000000003,3.900000000000001,낮음
2024-12-08,천안시,0,85.7,81.2,105.5,0.0,,1,14.299999999999997,4.766666666666666,낮음
2024-12-08,청양군,0,89.5,78.9,113.4,0.0,,1,10.5,3.5,낮음
2024-12-08,태안군,0,85.2,86.5,98.5,1.5,,1,14.799999999999997,5.433333333333333,낮음
2024-12-08,홍성군,0,77.7,76.3,101.9,0.0,,1,22.299999999999997,7.433333333333333,낮음
2024-12-09,계룡시,0,100.0,100.0,100.0,0.0,,1,0.0,0.0,낮음
2024-12-09,공주시,0,84.2,70.9,118.9,0.0,,1,15.799999999999997,5.266666666666666,낮음
2024-12-09,금산군,0,79.1,71.2,111.1,0.0,,1,20.900000000000006,6.966666666666669,낮음
2024-12-09,논산시,0,86.8,75.6,114.8,0.0,,1,13.200000000000003,4.400000000000001,낮음
2024-12-09,당진시,0,68.3,79.0,86.5,13.5,,1,31.700000000000003,15.066666666666668,낮음
2024-12-09,보령시,0,90.0,78.7,114.3,0.0,,1,10.0,3.3333333333333335,낮음
2024-12-09,부여군,0,83.1,74.4,111.7,0.0,,1,16.900000000000006,5.6333333333333355,낮음
2024-12-09,서산시,0,85.7,80.2,106.8,0.0,,1,14.299999999999997,4.766666666666666,낮음
2024-12-09,서천군,0,92.2,77.2,119.5,0.0,,1,7.799999999999997,2.599999999999999,낮음
2024-12-09,아산시,0,92.6,84.6,109.5,0.0,,1,7.400000000000006,2.4666666666666686,낮음
2024-12-09,예산군,0,88.5,78.8,112.4,0.0,,1,11.5,3.8333333333333335,낮음
2024-12-09,천안시,0,86.3,81.3,106.2,0.0,,1,13.700000000000003,4.566666666666667,낮음
2024-12-09,청양군,0,89.4,78.9,113.3,0.0,,1,10.599999999999994,3.5333333333333314,낮음
2024-12-09,태안군,0,85.2,86.6,98.4,1.5999999999999943,,1,14.799999999999997,5.466666666666664,낮음
2024-12-09,홍성군,0,77.0,76.4,100.9,0.0,,1,23.0,7.666666666666667,낮음
2024-12-10,계룡시,0,100.0,100.0,100.0,0.0,,1,0.0,0.0,낮음
2024-12-10,공주시,0,84.3,71.0,118.7,0.0,,1,15.700000000000003,5.233333333333334,낮음
2024-12-10,금산군,0,79.2,71.4,110.9,0.0,,1,20.799999999999997,6.933333333333333,낮음
2024-12-10,논산시,0,87.1,75.8,114.9,0.0,,1,12.900000000000006,4.300000000000002,낮음
2024-12-10,당진시,0,68.3,79.1,86.4,13.599999999999994,,1,31.700000000000003,15.1,낮음
2024-12-10,보령시,0,90.2,78.8,114.4,0.0,,1,9.799999999999997,3.2666666666666657,낮음
2024-12-10,부여군,0,83.3,74.5,111.8,0.0,,1,16.700000000000003,5.566666666666667,낮음
2024-12-10,서산시,0,85.8,80.2,106.9,0.0,,1,14.200000000000003,4.733333333333334,낮음
2024-12-10,서천군,0,92.4,77.4,119.4,0.0,,1,7.599999999999994,2.5333333333333314,낮음
2024-12-10,아산시,0,92.6,84.7,109.3,0.0,,1,7.400000000000006,2.4666666666666686,낮음
2024-12-10,예산군,0,88.7,78.8,112.5,0.0,,1,11.299999999999997,3.7666666666666657,낮음
2024-12-10,천안시,0,86.2,81.4,105.8,0.0,,1,13.799999999999997,4.599999999999999,낮음
2024-12-10,청양군,0,89.5,79.0,113.3,0.0,,1,10.5,3.5,낮음
2024-12-10,태안군,0,85.3,86.7,98.3,1.7000000000000028,,1,14.700000000000003,5.466666666666669,낮음
2024-12-10,홍성군,0,77.0,76.5,100.7,0.0,,1,23.0,7.666666666666667,낮음
2024-12-11,계룡시,0,100.0,100.0,100.0,0.0,,1,0.0,0.0,낮음
2024-12-11,공주시,0,84.5,71.1,118.8,0.0,,1,15.5,5.166666666666667,낮음
2024-12-11,금산군,0,79.8,71.6,111.6,0.0,,1,20.200000000000003,6.733333333333334,낮음
2024-12-11,논산시,0,87.3,76.0,114.9,0.0,,1,12.700000000000003,4.233333333333334,낮음
2024-12-11,당진시,0,68.4,79.2,86.4,13.599999999999994,,1,31.599999999999994,15.066666666666663,낮음
2024-12-11,보령시,0,90.3,79.0,114.4,0.0,,1,9.700000000000003,3.2333333333333343,낮음
2024-12-11,부여군,0,83.4,74.5,111.8,0.0,,1,16.599999999999994,5.533333333333331,낮음
2024-12-11,서산시,0,85.8,80.3,106.8,0.0,,1,14.200000000000003,4.733333333333334,낮음
2024-12-11,서천군,0,92.3,77.6,119.0,0.0,,1,7.700000000000003,2.5666666666666678,낮음
2024-12-11,아산시,0,92.6,84.7,109.2,0.0,,1,7.400000000000006,2.4666666666666686,낮음
2024-12-11,예산군,0,89.1,79.0,112.9,0.0,,1,10.900000000000006,3.633333333333335,낮음
2024-12-11,천안시,0,86.2,81.5,105.7,0.0,,1,13.799999999999997,4.599999999999999,낮음
2024-12-11,청양군,0,89.5,79.0,113.3,0.0,,1,10.5,3.5,낮음
2024-12-11,태안군,0,85.3,86.8,98.3,1.7000000000000028,,1,14.700000000000003,5.466666666666669,낮음
2024-12-11,홍성군,0,77.1,76.6,100.6,0.0,,1,22.900000000000006,7.6333333333333355,낮음
2024-12-12,계룡시,0,100.0,100.0,100.0,0.0,,1,0.0,0.0,낮음
2024-12-12,공주시,0,84.7,71.2,118.9,0.0,,1,15.299999999999997,5.099999999999999,낮음
2024-12-12,금산군,0,79.9,71.6,111.6,0.0,,1,20.099999999999994,6.699999999999998,낮음
2024-12-12,논산시,0,87.7,76.2,115.1,0.0,,1,12.299999999999997,4.099999999999999,낮음
2024-12-12,당진시,0,68.4,79.3,86.3,13.700000000000003,,1,31.599999999999994,15.1,낮음
2024-12-12,보령시,0,90.6,79.1,114.5,0.0,,1,9.400000000000006,3.133333333333335,낮음
2024-12-12,부여군,0,83.5,74.7,111.9,0.0,,1,16.5,5.5,낮음
2024-12-12,서산시,0,84.7,80.3,105.5,0.0,,1,15.299999999999997,5.099999999999999,낮음
2024-12-12,서천군,0,92.5,77.7,119.1,0.0,,1,7.5,2.5,낮음
2024-12-12,아산시,0,92.6,84.8,109.2,0.0,,1,7.400000000000006,2.4666666666666686,낮음
2024-12-12,예산군,0,89.5,79.2,113.0,0.0,,1,10.5,3.5,낮음
2024-12-12,천안시,0,86.2,81.6,105.7,0.0,,1,13.799999999999997,4.599999999999999,낮음
2024-12-12,청양군,0,89.6,79.1,113.3,0.0,,1,10.400000000000006,3.4666666666666686,낮음
2024-12-12,태안군,0,85.3,86.9,98.2,1.7999999999999972,,1,14.700000000000003,5.5,낮음
2024-12-12,홍성군,0,77.0,76.7,100.4,0.0,,1,23.0,7.666666666666667,낮음
2024-12-13,계룡시,0,100.0,100.0,100.0,0.0,,1,0.0,0.0,낮음
2024-12-13,공주시,0,84.8,71.3,118.9,0.0,,1,15.200000000000003,5.066666666666667,낮음
2024-12-13,금산군,0,80.1,71.7,111.7,0.0,,1,19.900000000000006,6.6333333333333355,낮음
2024-12-13,논산시,0,87.8,76.4,115.0,0.0,,1,12.200000000000003,4.066666666666667,낮음
2024-12-13,당진시,0,68.5,79.4,86.3,13.700000000000003,,1,31.5,15.066666666666668,낮음
2024-12-13,보령시,0,90.6,79.3,114.3,0.0,,1,9.400000000000006,3.133333333333335,낮음
2024-12-13,부여군,0,83.6,74.7,111.8,0.0,,1,16.400000000000006,5.466666666666669,낮음
2024-12-13,서산시,0,83.6,80.3,104.1,0.0,,1,16.400000000000006,5.466666666666669,낮음
2024-12-13,서천군,0,92.6,77.9,118.9,0.0,,1,7.400000000000006,2.4666666666666686,낮음
2024-12-13,아산시,0,92.6,84.8,109.1,0.0,,1,7.400000000000006,2.4666666666666686,낮음
2024-12-13,예산군,0,89.8,79.6,112.9,0.0,,1,10.200000000000003,3.400000000000001,낮음
2024-12-13,천안시,0,86.0,81.6,105.4,0.0,,1,14.0,4.666666666666667,낮음
2024-12-13,청양군,0,89.6,79.1,113.2,0.0,,1,10.400000000000006,3.4666666666666686,낮음
2024-12-13,태안군,0,85.3,87.0,98.1,1.9000000000000057,,1,14.700000000000003,5.533333333333336,낮음
2024-12-13,홍성군,0,77.2,76.8,100.5,0.0,,1,22.799999999999997,7.599999999999999,낮음
2024-12-14,계룡시,0,100.0,100.0,100.0,0.0,,1,0.0,0.0,낮음
2024-12-14,공주시,0,84.8,71.4,118.7,0.0,,1,15.200000000000003,5.066666666666667,낮음
2024-12-14,금산군,0,80.1,71.7,111.6,0.0,,1,19.900000000000006,6.6333333333333355,낮음
2024-12-14,논산시,0,87.8,76.6,114.7,0.0,,1,12.200000000000003,4.066666666666667,낮음
2024-12-14,당진시,0,68.5,79.5,86.2,13.799999999999997,,1,31.5,15.1,낮음
2024-12-14,보령시,0,90.6,79.4,114.2,0.0,,1,9.400000000000006,3.133333333333335,낮음
2024-12-14,부여군,0,83.6,74.8,111.7,0.0,,1,16.400000000000006,5.466666666666669,낮음
2024-12-14,서산시,0,83.6,80.4,104.0,0.0,,1,16.400000000000006,5.466666666666669,낮음
2024-12-14,서천군,0,92.6,78.0,118.7,0.0,,1,7.400000000000006,2.4666666666666686,낮음
2024-12-14,아산시,0,92.6,84.9,109.1,0.0,,1,7.400000000000006,2.4666666666666686,낮음
2024-12-14,예산군,0,89.8,79.8,112.5,0.0,,1,10.200000000000003,3.400000000000001,낮음
2024-12-14,천안시,0,86.0,81.6,105.4,0.0,,1,14.0,4.666666666666667,낮음
2024-12-14,청양군,0,89.6,79.2,113.1,0.0,,1,10.400000000000006,3.4666666666666686,낮음
2024-12-14,태안군,0,85.3,87.1,98.0,2.0,,1,14.700000000000003,5.566666666666667,낮음
2024-12-14,홍성군,0,77.2,76.9,100.3,0.0,,1,22.799999999999997,7.599999999999999,낮음
2024-12-15,계룡시,0,100.0,100.0,100.0,0.0,,1,0.0,0.0,낮음
2024-12-15,공주시,0,84.8,71.6,118.5,0.0,,1,15.200000000000003,5.066666666666667,낮음
2024-12-15,금산군,0,80.1,71.8,111.5,0.0,,1,19.900000000000006,6.6333333333333355,낮음
2024-12-15,논산시,0,87.8,76.8,114.4,0.0,,1,12.200000000000003,4.066666666666667,낮음
2024-12-15,당진시,0,68.5,79.6,86.1,13.900000000000006,,1,31.5,15.133333333333335,낮음
2024-12-15,보령시,0,90.6,79.5,113.9,0.0,,1,9.400000000000006,3.133333333333335,낮음
2024-12-15,부여군,0,83.6,74.9,111.6,0.0,,1,16.400000000000006,5.466666666666669,낮음
2024-12-15,서산시,0,83.6,80.5,103.8,0.0,,1,16.400000000000006,5.466666666666669,낮음
2024-12-15,서천군,0,92.6,78.1,118.6,0.0,,1,7.400000000000006,2.4666666666666686,낮음
2024-12-15,아산시,0,92.6,85.0,108.9,0.0,,1,7.400000000000006,2.4666666666666686,낮음
2024-12-15,예산군,0,89.8,80.1,112.1,0.0,,1,10.200000000000003,3.400000000000001,낮음
2024-12-15,천안시,0,86.0,81.7,105.3,0.0,,1,14.0,4.666666666666667,낮음
2024-12-15,청양군,0,89.6,79.3,112.9,0.0,,1,10.400000000000006,3.4666666666666686,낮음
2024-12-15,태안군,0,85.3,87.2,97.9,2.0999999999999943,,1,14.700000000000003,5.599999999999999,낮음
2024-12-15,홍성군,0,77.2,77.1,100.1,0.0,,1,22.799999999999997,7.599999999999999,낮음
2024-12-16,계룡시,0,100.0,100.0,100.0,0.0,,1,0.0,0.0,낮음
2024-12-16,공주시,0,85.9,71.6,120.0,0.0,,1,14.099999999999994,4.699999999999998,낮음
2024-12-16,금산군,0,80.3,71.9,111.7,0.0,,1,19.700000000000003,6.566666666666667,낮음
2024-12-16,논산시,0,88.5,76.9,115.0,0.0,,1,11.5,3.8333333333333335,낮음
2024-12-16,당진시,0,69.1,79.7,86.7,13.299999999999997,,1,30.900000000000006,14.733333333333334,낮음
2024-12-16,보령시,0,91.5,79.7,114.8,0.0,,1,8.5,2.8333333333333335,낮음
2024-12-16,부여군,0,84.1,75.0,112.2,0.0,,1,15.900000000000006,5.300000000000002,낮음
2024-12-16,서산시,0,84.0,80.6,104.2,0.0,,1,16.0,5.333333333333333,낮음
2024-12-16,서천군,0,92.8,78.2,118.7,0.0,,1,7.200000000000003,2.400000000000001,낮음
2024-12-16,아산시,0,92.7,85.1,108.9,0.0,,1,7.299999999999997,2.4333333333333322,낮음
2024-12-16,예산군,0,90.9,80.5,113.0,0.0,,1,9.099999999999994,3.0333333333333314,낮음
2024-12-16,천안시,0,85.9,81.7,105.1,0.0,,1,14.099999999999994,4.699999999999998,낮음
2024-12-16,청양군,0,89.7,79.4,113.1,0.0,,1,10.299999999999997,3.4333333333333322,낮음
2024-12-16,태안군,0,85.8,87.3,98.4,1.5999999999999943,,1,14.200000000000003,5.266666666666666,낮음
2024-12-16,홍성군,0,78.5,77.3,101.7,0.0,,1,21.5,7.166666666666667,낮음
2024-12-17,계룡시,0,100.0,100.0,100.0,0.0,,1,0.0,0.0,낮음
2024-12-17,공주시,0,85.3,71.7,119.0,0.0,,1,14.700000000000003,4.900000000000001,낮음
2024-12-17,금산군,0,80.4,71.9,111.9,0.0,,1,19.599999999999994,6.533333333333331,낮음
2024-12-17,논산시,0,88.6,77.1,114.9,0.0,,1,11.400000000000006,3.800000000000002,낮음
2024-12-17,당진시,0,69.1,79.7,86.7,13.299999999999997,,1,30.900000000000006,14.733333333333334,낮음
2024-12-17,보령시,0,91.6,79.8,114.8,0.0,,1,8.400000000000006,2.800000000000002,낮음
2024-12-17,부여군,0,84.3,75.0,112.3,0.0,,1,15.700000000000003,5.233333333333334,낮음
2024-12-17,서산시,0,84.2,80.6,104.4,0.0,,1,15.799999999999997,5.266666666666666,낮음
2024-12-17,서천군,0,92.9,78.3,118.7,0.0,,1,7.099999999999994,2.366666666666665,낮음
2024-12-17,아산시,0,92.7,85.2,108.8,0.0,,1,7.299999999999997,2.4333333333333322,낮음
2024-12-17,예산군,0,91.3,80.9,113.0,0.0,,1,8.700000000000003,2.900000000000001,낮음
2024-12-17,천안시,0,86.0,81.7,105.2,0.0,,1,14.0,4.666666666666667,낮음
2024-12-17,청양군,0,89.8,79.4,113.0,0.0,,1,10.200000000000003,3.400000000000001,낮음
2024-12-17,태안군,0,85.9,87.4,98.4,1.5999999999999943,,1,14.099999999999994,5.23333333333333,낮음
2024-12-17,홍성군,0,79.0,77.4,102.1,0.0,,1,21.0,7.0,낮음
2024-12-18,계룡시,0,100.0,100.0,100.0,0.0,,1,0.0,0.0,낮음
2024-12-18,공주시,0,85.4,71.8,118.9,0.0,,1,14.599999999999994,4.8666666666666645,낮음
2024-12-18,금산군,0,80.5,71.9,111.9,0.0,,1,19.5,6.5,낮음
2024-12-18,논산시,0,88.7,77.3,114.8,0.0,,1,11.299999999999997,3.7666666666666657,낮음
2024-12-18,당진시,0,69.1,79.7,86.7,13.299999999999997,,1,30.900000000000006,14.733333333333334,낮음
2024-12-18,보령시,0,91.9,80.0,114.9,0.0,,1,8.099999999999994,2.699999999999998,낮음
2024-12-18,부여군,0,84.4,75.1,112.3,0.0,,1,15.599999999999994,5.199999999999998,낮음
2024-12-18,서산시,0,84.3,80.8,104.4,0.0,,1,15.700000000000003,5.233333333333334,낮음
2024-12-18,서천군,0,93.0,78.5,118.6,0.0,,1,7.0,2.3333333333333335,낮음
2024-12-18,아산시,0,92.7,85.3,108.7,0.0,,1,7.299999999999997,2.4333333333333322,낮음
2024-12-18,예산군,0,91.7,81.1,113.1,0.0,,1,8.299999999999997,2.7666666666666657,낮음
2024-12-18,천안시,0,86.0,81.7,105.3,0.0,,1,14.0,4.666666666666667,낮음
2024-12-18,청양군,0,89.8,79.4,113.2,0.0,,1,10.200000000000003,3.400000000000001,낮음
2024-12-18,태안군,0,85.9,87.5,98.2,1.7999999999999972,,1,14.099999999999994,5.299999999999997,낮음
2024-12-18,홍성군,0,79.4,77.6,102.4,0.0,,1,20.599999999999994,6.8666666666666645,낮음
2024-12-19,계룡시,0,100.0,100.0,100.0,0.0,,1,0.0,0.0,낮음
2024-12-19,공주시,0,85.6,71.9,119.1,0.0,,1,14.400000000000006,4.800000000000002,낮음
2024-12-19,금산군,0,80.4,72.0,111.7,0.0,,1,19.599999999999994,6.533333333333331,낮음
2024-12-19,논산시,0,89.1,77.5,115.0,0.0,,1,10.900000000000006,3.633333333333335,낮음
2024-12-19,당진시,0,69.1,79.7,86.7,13.299999999999997,,1,30.900000000000006,14.733333333333334,낮음
2024-12-19,보령시,0,92.0,80.1,114.8,0.0,,1,8.0,2.6666666666666665,낮음
2024-12-19,부여군,0,84.5,75.1,112.6,0.0,,1,15.5,5.166666666666667,낮음
2024-12-19,서산시,0,84.4,80.8,104.5,0.0,,1,15.599999999999994,5.199999999999998,낮음
2024-12-19,서천군,0,93.1,78.6,118.4,0.0,,1,6.900000000000006,2.300000000000002,낮음
2024-12-19,아산시,0,92.6,85.4,108.5,0.0,,1,7.400000000000006,2.4666666666666686,낮음
2024-12-19,예산군,0,91.8,81.5,112.6,0.0,,1,8.200000000000003,2.7333333333333343,낮음
2024-12-19,천안시,0,86.1,81.7,105.3,0.0,,1,13.900000000000006,4.6333333333333355,낮음
2024-12-19,청양군,0,89.9,79.4,113.2,0.0,,1,10.099999999999994,3.366666666666665,낮음
2024-12-19,태안군,0,86.0,87.6,98.2,1.7999999999999972,,1,14.0,5.266666666666666,낮음
2024-12-19,홍성군,0,79.8,77.7,102.7,0.0,,1,20.200000000000003,6.733333333333334,낮음
2024-12-20,계룡시,0,100.0,100.0,100.0,0.0,,1,0.0,0.0,낮음
2024-12-20,공주시,0,85.7,71.9,119.1,0.0,,1,14.299999999999997,4.766666666666666,낮음
2024-12-20,금산군,0,80.4,72.0,111.7,0.0,,1,19.599999999999994,6.533333333333331,낮음
2024-12-20,논산시,0,89.3,77.6,115.0,0.0,,1,10.700000000000003,3.5666666666666678,낮음
2024-12-20,당진시,0,69.0,79.8,86.5,13.5,,1,31.0,14.833333333333334,낮음
2024-12-20,보령시,0,92.2,80.2,115.0,0.0,,1,7.799999999999997,2.599999999999999,낮음
2024-12-20,부여군,0,84.7,75.2,112.6,0.0,,1,15.299999999999997,5.099999999999999,낮음
2024-12-20,서산시,0,84.5,80.8,104.5,0.0,,1,15.5,5.166666666666667,낮음
2024-12-20,서천군,0,93.2,78.7,118.4,0.0,,1,6.799999999999997,2.2666666666666657,낮음
2024-12-20,아산시,0,92.6,85.4,108.4,0.0,,1,7.400000000000006,2.4666666666666686,낮음
2024-12-20,예산군,0,92.2,81.9,112.6,0.0,,1,7.799999999999997,2.599999999999999,낮음
2024-12-20,천안시,0,86.1,81.8,105.2,0.0,,1,13.900000000000006,4.6333333333333355,낮음
2024-12-20,청양군,0,90.0,79.5,113.2,0.0,,1,10.0,3.3333333333333335,낮음
2024-12-20,태안군,0,86.0,87.6,98.2,1.7999999999999972,,1,14.0,5.266666666666666,낮음
2024-12-20,홍성군,0,80.1,77.8,102.9,0.0,,1,19.900000000000006,6.6333333333333355,낮음
2024-12-21,계룡시,0,100.0,100.0,100.0,0.0,,1,0.0,0.0,낮음
2024-12-21,공주시,0,85.7,72.0,119.0,0.0,,1,14.299999999999997,4.766666666666666,낮음
2024-12-21,금산군,0,80.4,72.0,111.7,0.0,,1,19.599999999999994,6.533333333333331,낮음
2024-12-21,논산시,0,89.3,77.8,114.7,0.0,,1,10.700000000000003,3.5666666666666678,낮음
2024-12-21,당진시,0,69.0,79.8,86.4,13.599999999999994,,1,31.0,14.866666666666665,낮음
2024-12-21,보령시,0,92.2,80.3,114.9,0.0,,1,7.799999999999997,2.599999999999999,낮음
2024-12-21,부여군,0,84.7,75.3,112.5,0.0,,1,15.299999999999997,5.099999999999999,낮음
2024-12-21,서산시,0,84.5,80.9,104.5,0.0,,1,15.5,5.166666666666667,낮음
2024-12-21,서천군,0,93.2,78.8,118.2,0.0,,1,6.799999999999997,2.2666666666666657,낮음
2024-12-21,아산시,0,92.6,85.5,108.3,0.0,,1,7.400000000000006,2.4666666666666686,낮음
2024-12-21,예산군,0,92.2,82.3,112.0,0.0,,1,7.799999999999997,2.599999999999999,낮음
2024-12-21,천안시,0,86.1,81.9,105.2,0.0,,1,13.900000000000006,4.6333333333333355,낮음
2024-12-21,청양군,0,90.0,79.6,113.0,0.0,,1,10.0,3.3333333333333335,낮음
2024-12-21,태안군,0,86.0,87.7,98.1,1.9000000000000057,,1,14.0,5.300000000000002,낮음
2024-12-21,홍성군,0,80.1,78.0,102.7,0.0,,1,19.900000000000006,6.6333333333333355,낮음
2024-12-22,계룡시,0,100.0,100.0,100.0,0.0,,1,0.0,0.0,낮음
2024-12-22,공주시,0,85.7,72.0,119.0,0.0,,1,14.299999999999997,4.766666666666666,낮음
2024-12-22,금산군,0,80.4,72.1,111.6,0.0,,1,19.599999999999994,6.533333333333331,낮음
2024-12-22,논산시,0,89.3,78.0,114.5,0.0,,1,10.700000000000003,3.5666666666666678,낮음
2024-12-22,당진시,0,69.0,80.0,86.3,13.700000000000003,,1,31.0,14.9,낮음
2024-12-22,보령시,0,92.2,80.4,114.7,0.0,,1,7.799999999999997,2.599999999999999,낮음
2024-12-22,부여군,0,84.7,75.4,112.4,0.0,,1,15.299999999999997,5.099999999999999,낮음
2024-12-22,서산시,0,84.5,81.0,104.3,0.0,,1,15.5,5.166666666666667,낮음
2024-12-22,서천군,0,93.2,78.9,118.0,0.0,,1,6.799999999999997,2.2666666666666657,낮음
2024-12-22,아산시,0,92.6,85.6,108.1,0.0,,1,7.400000000000006,2.4666666666666686,낮음
2024-12-22,예산군,0,92.8,82.7,112.2,0.0,,1,7.200000000000003,2.400000000000001,낮음
2024-12-22,천안시,0,86.1,81.9,105.0,0.0,,1,13.900000000000006,4.6333333333333355,낮음
2024-12-22,청양군,0,90.0,79.8,112.7,0.0,,1,10.0,3.3333333333333335,낮음
2024-12-22,태안군,0,86.0,87.8,98.0,2.0,,1,14.0,5.333333333333333,낮음
2024-12-22,홍성군,0,80.1,78.2,102.4,0.0,,1,19.900000000000006,6.6333333333333355,낮음
2024-12-23,계룡시,0,100.0,100.0,100.0,0.0,,1,0.0,0.0,낮음
2024-12-23,공주시,0,86.1,72.1,119.4,0.0,,1,13.900000000000006,4.6333333333333355,낮음
2024-12-23,금산군,0,80.5,72.1,111.7,0.0,,1,19.5,6.5,낮음
2024-12-23,논산시,0,89.8,78.1,114.9,0.0,,1,10.200000000000003,3.400000000000001,낮음
2024-12-23,당진시,0,68.6,80.1,85.6,14.400000000000006,,1,31.400000000000006,15.266666666666671,낮음
2024-12-23,보령시,0,92.7,80.5,115.2,0.0,,1,7.299999999999997,2.4333333333333322,낮음
2024-12-23,부여군,0,84.9,75.4,112.6,0.0,,1,15.099999999999994,5.033333333333331,낮음
2024-12-23,서산시,0,84.8,81.1,104.6,0.0,,1,15.200000000000003,5.066666666666667,낮음
2024-12-23,서천군,0,93.4,79.1,118.1,0.0,,1,6.599999999999994,2.199999999999998,낮음
2024-12-23,아산시,0,92.6,85.7,108.0,0.0,,1,7.400000000000006,2.4666666666666686,낮음
2024-12-23,예산군,0,90.3,82.9,108.8,0.0,,1,9.700000000000003,3.2333333333333343,낮음
2024-12-23,천안시,0,86.0,82.0,104.9,0.0,,1,14.0,4.666666666666667,낮음
2024-12-23,청양군,0,90.0,79.9,112.6,0.0,,1,10.0,3.3333333333333335,낮음
2024-12-23,태안군,0,86.1,87.8,98.0,2.0,,1,13.900000000000006,5.300000000000002,낮음
2024-12-23,홍성군,0,80.5,78.4,102.7,0.0,,1,19.5,6.5,낮음
2024-12-24,계룡시,0,100.0,100.0,100.0,0.0,,1,0.0,0.0,낮음
2024-12-24,공주시,0,86.1,72.2,119.3,0.0,,1,13.900000000000006,4.6333333333333355,낮음
2024-12-24,금산군,0,80.9,72.2,112.1,0.0,,1,19.099999999999994,6.3666666666666645,낮음
2024-12-24,논산시,0,89.8,78.3,114.7,0.0,,1,10.200000000000003,3.400000000000001,낮음
2024-12-24,당진시,0,68.5,80.1,85.6,14.400000000000006,,1,31.5,15.300000000000002,낮음
2024-12-24,보령시,0,92.9,80.6,115.3,0.0,,1,7.099999999999994,2.366666666666665,낮음
2024-12-24,부여군,0,85.1,75.5,112.7,0.0,,1,14.900000000000006,4.966666666666669,낮음
2024-12-24,서산시,0,84.9,81.1,104.6,0.0,,1,15.099999999999994,5.033333333333331,낮음
2024-12-24,서천군,0,93.3,79.2,117.9,0.0,,1,6.700000000000003,2.2333333333333343,낮음
2024-12-24,아산시,0,92.6,85.8,107.9,0.0,,1,7.400000000000006,2.4666666666666686,낮음
2024-12-24,예산군,0,79.3,83.1,95.4,4.599999999999994,,1,20.700000000000003,8.433333333333332,낮음
2024-12-24,천안시,0,86.0,82.0,104.9,0.0,,1,14.0,4.666666666666667,낮음
2024-12-24,청양군,0,90.1,80.0,112.7,0.0,,1,9.900000000000006,3.300000000000002,낮음
2024-12-24,태안군,0,86.1,87.9,98.0,2.0,,1,13.900000000000006,5.300000000000002,낮음
2024-12-24,홍성군,0,80.6,78.5,102.6,0.0,,1,19.400000000000006,6.466666666666669,낮음
2024-12-25,계룡시,0,100.0,100.0,100.0,0.0,,1,0.0,0.0,낮음
2024-12-25,공주시,0,86.1,72.2,119.3,0.0,,1,13.900000000000006,4.6333333333333355,낮음
2024-12-25,금산군,0,80.9,72.2,112.0,0.0,,1,19.099999999999994,6.3666666666666645,낮음
2024-12-25,논산시,0,89.8,78.4,114.5,0.0,,1,10.200000000000003,3.400000000000001,낮음
2024-12-25,당진시,0,68.5,80.2,85.5,14.5,,1,31.5,15.333333333333334,낮음
2024-12-25,보령시,0,92.9,80.7,115.2,0.0,,1,7.099999999999994,2.366666666666665,낮음
2024-12-25,부여군,0,85.1,75.6,112.6,0.0,,1,14.900000000000006,4.966666666666669,낮음
2024-12-25,서산시,0,84.9,81.2,104.5,0.0,,1,15.099999999999994,5.033333333333331,낮음
2024-12-25,서천군,0,93.3,79.2,117.7,0.0,,1,6.700000000000003,2.2333333333333343,낮음
2024-12-25,아산시,0,92.6,85.9,107.8,0.0,,1,7.400000000000006,2.4666666666666686,낮음
2024-12-25,예산군,0,79.3,83.3,95.2,4.799999999999997,,1,20.700000000000003,8.5,낮음
2024-12-25,천안시,0,86.0,82.0,104.8,0.0,,1,14.0,4.666666666666667,낮음
2024-12-25,청양군,0,90.1,80.0,112.6,0.0,,1,9.900000000000006,3.300000000000002,낮음
2024-12-25,태안군,0,86.1,87.9,98.0,2.0,,1,13.900000000000006,5.300000000000002,낮음
2024-12-25,홍성군,0,80.6,78.7,102.4,0.0,,1,19.400000000000006,6.466666666666669,낮음
2024-12-26,계룡시,0,100.0,100.0,100.0,0.0,,1,0.0,0.0,낮음
2024-12-26,공주시,0,86.3,72.2,119.5,0.0,,1,13.700000000000003,4.566666666666667,낮음
2024-12-26,금산군,0,81.1,72.2,112.3,0.0,,1,18.900000000000006,6.300000000000002,낮음
2024-12-26,논산시,0,90.2,78.6,114.7,0.0,,1,9.799999999999997,3.2666666666666657,낮음
2024-12-26,당진시,0,68.4,80.3,85.2,14.799999999999997,,1,31.599999999999994,15.466666666666663,낮음
2024-12-26,보령시,0,93.1,80.7,115.4,0.0,,1,6.900000000000006,2.300000000000002,낮음
2024-12-26,부여군,0,85.2,75.6,112.6,0.0,,1,14.799999999999997,4.933333333333333,낮음
2024-12-26,서산시,0,85.1,81.2,104.8,0.0,,1,14.900000000000006,4.966666666666669,낮음
2024-12-26,서천군,0,93.3,79.3,117.6,0.0,,1,6.700000000000003,2.2333333333333343,낮음
2024-12-26,아산시,0,92.7,86.0,107.8,0.0,,1,7.299999999999997,2.4333333333333322,낮음
2024-12-26,예산군,0,80.0,83.7,95.5,4.5,,1,20.0,8.166666666666666,낮음
2024-12-26,천안시,0,86.0,82.0,104.9,0.0,,1,14.0,4.666666666666667,낮음
2024-12-26,청양군,0,90.1,79.8,113.0,0.0,,1,9.900000000000006,3.300000000000002,낮음
2024-12-26,태안군,0,86.2,87.9,98.0,2.0,,1,13.799999999999997,5.266666666666666,낮음
2024-12-26,홍성군,0,81.0,78.8,102.7,0.0,,1,19.0,6.333333333333333,낮음
2024-12-27,계룡시,0,100.0,100.0,100.0,0.0,,1,0.0,0.0,낮음
2024-12-27,공주시,0,83.9,72.2,116.1,0.0,,1,16.099999999999994,5.3666666666666645,낮음
2024-12-27,금산군,0,73.4,72.2,101.6,0.0,,1,26.599999999999994,8.866666666666665,낮음
2024-12-27,논산시,0,85.6,78.8,108.7,0.0,,1,14.400000000000006,4.800000000000002,낮음
2024-12-27,당진시,0,66.6,80.4,82.8,17.200000000000003,,1,33.400000000000006,16.86666666666667,낮음
2024-12-27,보령시,0,93.3,80.7,115.6,0.0,,1,6.700000000000003,2.2333333333333343,낮음
2024-12-27,부여군,0,76.8,75.7,101.5,0.0,,1,23.200000000000003,7.733333333333334,낮음
2024-12-27,서산시,0,73.6,81.3,90.5,9.5,,1,26.400000000000006,11.966666666666669,낮음
2024-12-27,서천군,0,93.1,79.4,117.2,0.0,,1,6.900000000000006,2.300000000000002,낮음
2024-12-27,아산시,0,77.6,86.0,90.2,9.799999999999997,,1,22.400000000000006,10.733333333333334,낮음
2024-12-27,예산군,0,62.0,84.0,73.8,26.200000000000003,,1,38.0,21.400000000000002,낮음
2024-12-27,천안시,0,68.2,82.1,83.1,16.900000000000006,,1,31.799999999999997,16.233333333333334,낮음
2024-12-27,청양군,0,83.7,79.5,105.2,0.0,,1,16.299999999999997,5.433333333333333,낮음
2024-12-27,태안군,0,75.4,88.0,85.7,14.299999999999997,,1,24.599999999999994,12.966666666666663,낮음
2024-12-27,홍성군,0,68.8,78.9,87.2,12.799999999999997,,1,31.200000000000003,14.666666666666666,낮음
2024-12-28,계룡시,0,100.0,100.0,100.0,0.0,,1,0.0,0.0,낮음
2024-12-28,공주시,0,86.5,72.3,119.7,0.0,,1,13.5,4.5,낮음
2024-12-28,금산군,0,81.0,72.3,112.1,0.0,,1,19.0,6.333333333333333,낮음
2024-12-28,논산시,0,90.3,78.9,114.5,0.0,,1,9.700000000000003,3.2333333333333343,낮음
2024-12-28,당진시,0,68.3,80.2,85.1,14.900000000000006,,1,31.700000000000003,15.533333333333337,낮음
2024-12-28,보령시,0,93.3,80.7,115.6,0.0,,1,6.700000000000003,2.2333333333333343,낮음
2024-12-28,부여군,0,85.4,75.8,112.7,0.0,,1,14.599999999999994,4.8666666666666645,낮음
2024-12-28,서산시,0,85.1,81.4,104.6,0.0,,1,14.900000000000006,4.966666666666669,낮음
2024-12-28,서천군,0,93.5,79.5,117.6,0.0,,1,6.5,2.1666666666666665,낮음
2024-12-28,아산시,0,92.5,86.2,107.4,0.0,,1,7.5,2.5,낮음
2024-12-28,예산군,0,80.3,84.3,95.2,4.799999999999997,,1,19.700000000000003,8.166666666666666,낮음
2024-12-28,천안시,0,86.0,82.1,104.8,0.0,,1,14.0,4.666666666666667,낮음
2024-12-28,청양군,0,90.2,79.9,112.9,0.0,,1,9.799999999999997,3.2666666666666657,낮음
2024-12-28,태안군,0,86.2,88.2,97.7,2.299999999999997,,1,13.799999999999997,5.3666666666666645,낮음
2024-12-28,홍성군,0,81.3,79.0,102.9,0.0,,1,18.700000000000003,6.233333333333334,낮음
2024-12-29,계룡시,0,100.0,100.0,100.0,0.0,,1,0.0,0.0,낮음
2024-12-29,공주시,0,86.5,72.3,119.6,0.0,,1,13.5,4.5,낮음
2024-12-29,금산군,0,81.0,72.3,112.0,0.0,,1,19.0,6.333333333333333,낮음
2024-12-29,논산시,0,90.3,79.0,114.4,0.0,,1,9.700000000000003,3.2333333333333343,낮음
2024-12-29,당진시,0,68.3,80.3,85.1,14.900000000000006,,1,31.700000000000003,15.533333333333337,낮음
2024-12-29,보령시,0,93.3,80.7,115.5,0.0,,1,6.700000000000003,2.2333333333333343,낮음
2024-12-29,부여군,0,85.4,76.2,112.2,0.0,,1,14.599999999999994,4.8666666666666645,낮음
2024-12-29,서산시,0,85.1,81.4,104.5,0.0,,1,14.900000000000006,4.966666666666669,낮음
2024-12-29,서천군,0,93.5,79.6,117.5,0.0,,1,6.5,2.1666666666666665,낮음
2024-12-29,아산시,0,92.5,86.3,107.2,0.0,,1,7.5,2.5,낮음
2024-12-29,예산군,0,80.3,84.3,95.3,4.700000000000003,,1,19.700000000000003,8.133333333333335,낮음
2024-12-29,천안시,0,86.0,82.2,104.6,0.0,,1,14.0,4.666666666666667,낮음
2024-12-29,청양군,0,90.2,80.2,112.4,0.0,,1,9.799999999999997,3.2666666666666657,낮음
2024-12-29,태안군,0,86.2,88.2,97.7,2.299999999999997,,1,13.799999999999997,5.3666666666666645,낮음
2024-12-29,홍성군,0,81.3,79.0,102.9,0.0,,1,18.700000000000003,6.233333333333334,낮음
2024-12-30,계룡시,0,100.0,100.0,100.0,0.0,,1,0.0,0.0,낮음
2024-12-30,공주시,0,86.9,72.3,120.2,0.0,,1,13.099999999999994,4.3666666666666645,낮음
2024-12-30,금산군,0,81.3,72.3,112.5,0.0,,1,18.700000000000003,6.233333333333334,낮음
2024-12-30,논산시,0,91.0,79.1,115.1,0.0,,1,9.0,3.0,낮음
2024-12-30,당진시,0,68.9,80.3,85.7,14.299999999999997,,1,31.099999999999994,15.133333333333331,낮음
2024-12-30,보령시,0,93.7,80.8,115.9,0.0,,1,6.299999999999997,2.099999999999999,낮음
2024-12-30,부여군,0,85.8,76.5,112.1,0.0,,1,14.200000000000003,4.733333333333334,낮음
2024-12-30,서산시,0,85.4,81.5,104.8,0.0,,1,14.599999999999994,4.8666666666666645,낮음
2024-12-30,서천군,0,93.9,79.7,117.8,0.0,,1,6.099999999999994,2.0333333333333314,낮음
2024-12-30,아산시,0,92.5,86.5,107.0,0.0,,1,7.5,2.5,낮음
2024-12-30,예산군,0,81.4,84.5,96.3,3.700000000000003,,1,18.599999999999994,7.433333333333333,낮음
2024-12-30,천안시,0,86.4,82.3,105.0,0.0,,1,13.599999999999994,4.533333333333331,낮음
2024-12-30,청양군,0,90.3,80.2,112.5,0.0,,1,9.700000000000003,3.2333333333333343,낮음
2024-12-30,태안군,0,86.5,88.3,98.0,2.0,,1,13.5,5.166666666666667,낮음
2024-12-30,홍성군,0,81.7,79.1,103.3,0.0,,1,18.299999999999997,6.099999999999999,낮음
2024-12-31,계룡시,0,100.0,100.0,100.0,0.0,,1,0.0,0.0,낮음
2024-12-31,공주시,0,87.0,72.3,120.3,0.0,,1,13.0,4.333333333333333,낮음
2024-12-31,금산군,0,81.3,72.4,112.4,0.0,,1,18.700000000000003,6.233333333333334,낮음
2024-12-31,논산시,0,91.2,79.2,115.2,0.0,,1,8.799999999999997,2.9333333333333322,낮음
2024-12-31,당진시,0,68.8,80.4,85.6,14.400000000000006,,1,31.200000000000003,15.200000000000003,낮음
2024-12-31,보령시,0,94.0,80.9,116.2,0.0,,1,6.0,2.0,낮음
2024-12-31,부여군,0,85.9,76.9,111.8,0.0,,1,14.099999999999994,4.699999999999998,낮음
2024-12-31,서산시,0,85.6,81.5,105.0,0.0,,1,14.400000000000006,4.800000000000002,낮음
2024-12-31,서천군,0,93.9,79.8,117.6,0.0,,1,6.099999999999994,2.0333333333333314,낮음
2024-12-31,아산시,0,92.6,86.6,106.8,0.0,,1,7.400000000000006,2.4666666666666686,낮음
2024-12-31,예산군,0,81.7,84.7,96.5,3.5,,1,18.299999999999997,7.266666666666666,낮음
2024-12-31,천안시,0,86.4,82.4,104.9,0.0,,1,13.599999999999994,4.533333333333331,낮음
2024-12-31,청양군,0,90.3,80.3,112.6,0.0,,1,9.700000000000003,3.2333333333333343,낮음
2024-12-31,태안군,0,86.5,88.3,98.0,2.0,,1,13.5,5.166666666666667,낮음
2024-12-31,홍성군,0,81.7,79.2,103.2,0.0,,1,18.299999999999997,6.099999999999999,낮음
,계룡시,25,0.0,0.0,100.0,0.0,,19,100.0,41.666666666666664,주의
,공주시,25,86.7278947368421,66.81421052631579,129.70000000000002,0.0,,19,13.272105263157897,12.757368421052632,낮음
,금산군,25,90.89631578947369,70.20157894736842,130.2526315789474,0.0,,19,9.10368421052631,11.367894736842103,낮음
,논산시,25,87.21421052631578,74.92368421052632,117.80526315789474,0.0,,19,12.785789473684218,12.59526315789474,낮음
,당진시,25,79.35368421052631,81.03263157894736,98.12631578947368,7.552631578947368,,19,20.64631578947369,17.732982456140352,낮음
,보령시,25,87.7578947368421,77.02052631578947,114.48421052631578,0.405263157894737,,19,12.242105263157896,12.549122807017545,낮음
,부여군,25,90.11631578947369,71.69105263157894,126.18947368421053,0.0,,19,9.883684210526312,11.627894736842103,낮음
,서산시,25,86.4621052631579,78.31736842105263,111.16315789473684,0.6684210526315784,,19,13.537894736842105,13.068771929824562,낮음
,서천군,25,88.02684210526316,75.79842105263158,116.63684210526316,0.689473684210526,,19,11.973157894736843,12.55421052631579,낮음
,아산시,25,91.53210526315789,82.39999999999999,111.3,0.07894736842105263,,19,8.467894736842112,11.182280701754388,낮음
,예산군,25,86.2321052631579,77.48894736842105,112.24736842105263,0.17894736842105294,,19,13.767894736842095,12.982280701754382,낮음
,천안시,25,88.93315789473684,78.24842105263158,113.89473684210526,0.08421052631578918,,19,11.066842105263163,12.050350877192983,낮음
,청양군,25,89.72315789473684,73.00631578947369,123.13684210526316,0.0,,19,10.276842105263157,11.758947368421053,낮음
,태안군,25,87.60105263157895,81.25210526315789,108.22105263157894,0.8736842105263163,,19,12.398947368421048,12.757543859649124,낮음
,홍성군,25,85.37894736842105,75.91105263157894,112.62105263157896,0.0,,19,14.621052631578948,13.20701754385965,낮음
