date,station_id,lat,lon,height,sigungu,nearest_sigungu_distance_km,rainfall
2026-05-30,133,36.37199,127.3721,67.79,계룡시,15.48188562910234,0.0
2026-05-31,133,36.37199,127.3721,67.79,계룡시,15.48188562910234,0.0
2026-06-01,133,36.37199,127.3721,67.79,계룡시,15.48188562910234,0.0
2026-06-02,133,36.37199,127.3721,67.79,계룡시,15.48188562910234,0.0
2026-06-03,133,36.37199,127.3721,67.79,계룡시,15.48188562910234,0.0
2026-06-04,133,36.37199,127.3721,67.79,계룡시,15.48188562910234,5.4
2026-06-05,133,36.37199,127.3721,67.79,계룡시,15.48188562910234,0.0
2026-06-06,133,36.37199,127.3721,67.79,계룡시,15.48188562910234,0.0
2026-06-07,133,36.37199,127.3721,67.79,계룡시,15.48188562910234,0.0
2026-06-08,133,36.37199,127.3721,67.79,계룡시,15.48188562910234,0.0
2026-06-09,133,36.37199,127.3721,67.79,계룡시,15.48188562910234,0.0
2026-06-10,133,36.37199,127.3721,67.79,계룡시,15.48188562910234,0.0
2026-06-11,133,36.37199,127.3721,67.79,계룡시,15.48188562910234,0.0
2026-06-12,133,36.37199,127.3721,67.79,계룡시,15.48188562910234,0.0
2026-06-13,133,36.37199,127.3721,67.79,계룡시,15.48188562910234,0.0
2026-06-14,133,36.37199,127.3721,67.79,계룡시,15.48188562910234,3.1
2026-06-15,133,36.37199,127.3721,67.79,계룡시,15.48188562910234,0.0
2026-06-16,133,36.37199,127.3721,67.79,계룡시,15.48188562910234,0.0
2026-06-17,133,36.37199,127.3721,67.79,계룡시,15.48188562910234,17.8
2026-06-18,133,36.37199,127.3721,67.79,계룡시,15.48188562910234,0.9
2026-06-19,133,36.37199,127.3721,67.79,계룡시,15.48188562910234,10.3
2026-06-20,133,36.37199,127.3721,67.79,계룡시,15.48188562910234,61.2
2026-06-21,133,36.37199,127.3721,67.79,계룡시,15.48188562910234,0.7
2026-06-22,133,36.37199,127.3721,67.79,계룡시,15.48188562910234,1.2
2026-06-23,133,36.37199,127.3721,67.79,계룡시,15.48188562910234,0.0
2026-06-24,133,36.37199,127.3721,67.79,계룡시,15.48188562910234,0.0
2026-06-25,133,36.37199,127.3721,67.79,계룡시,15.48188562910234,0.3
2026-06-26,133,36.37199,127.3721,67.79,계룡시,15.48188562910234,0.0
2026-06-27,133,36.37199,127.3721,67.79,계룡시,15.48188562910234,0.0
2026-06-28,133,36.37199,127.3721,67.79,계룡시,15.48188562910234,0.3
2026-06-29,133,36.37199,127.3721,67.79,계룡시,15.48188562910234,0.0
2026-05-30,378,36.30361,127.36278,71.19,계룡시,10.730044552088028,0.0
2026-05-31,378,36.30361,127.36278,71.19,계룡시,10.730044552088028,0.0
2026-06-01,378,36.30361,127.36278,71.19,계룡시,10.730044552088028,0.0
2026-06-02,378,36.30361,127.36278,71.19,계룡시,10.730044552088028,0.0
2026-06-03,378,36.30361,127.36278,71.19,계룡시,10.730044552088028,5.5
2026-06-04,378,36.30361,127.36278,71.19,계룡시,10.730044552088028,8.0
2026-06-05,378,36.30361,127.36278,71.19,계룡시,10.730044552088028,0.0
2026-06-06,378,36.30361,127.36278,71.19,계룡시,10.730044552088028,0.0
2026-06-07,378,36.30361,127.36278,71.19,계룡시,10.730044552088028,0.0
2026-06-08,378,36.30361,127.36278,71.19,계룡시,10.730044552088028,0.0
2026-06-09,378,36.30361,127.36278,71.19,계룡시,10.730044552088028,0.0
2026-06-10,378,36.30361,127.36278,71.19,계룡시,10.730044552088028,0.0
2026-06-11,378,36.30361,127.36278,71.19,계룡시,10.730044552088028,0.0
2026-06-12,378,36.30361,127.36278,71.19,계룡시,10.730044552088028,0.0
2026-06-13,378,36.30361,127.36278,71.19,계룡시,10.730044552088028,0.0
2026-06-14,378,36.30361,127.36278,71.19,계룡시,10.730044552088028,0.0
2026-06-15,378,36.30361,127.36278,71.19,계룡시,10.730044552088028,0.0
2026-06-16,378,36.30361,127.36278,71.19,계룡시,10.730044552088028,0.0
2026-06-17,378,36.30361,127.36278,71.19,계룡시,10.730044552088028,11.5
2026-06-18,378,36.30361,127.36278,71.19,계룡시,10.730044552088028,4.0
2026-06-19,378,36.30361,127.36278,71.19,계룡시,10.730044552088028,9.5
2026-06-20,378,36.30361,127.36278,71.19,계룡시,10.730044552088028,53.5
2026-06-21,378,36.30361,127.36278,71.19,계룡시,10.730044552088028,2.0
2026-06-22,378,36.30361,127.36278,71.19,계룡시,10.730044552088028,1.0
2026-06-23,378,36.30361,127.36278,71.19,계룡시,10.730044552088028,0.0
2026-06-24,378,36.30361,127.36278,71.19,계룡시,10.730044552088028,0.0
2026-06-25,378,36.30361,127.36278,71.19,계룡시,10.730044552088028,0.0
2026-06-26,378,36.30361,127.36278,71.19,계룡시,10.730044552088028,0.0
2026-06-27,378,36.30361,127.36278,71.19,계룡시,10.730044552088028,0.0
2026-06-28,378,36.30361,127.36278,71.19,계룡시,10.730044552088028,11.5
2026-06-29,378,36.30361,127.36278,71.19,계룡시,10.730044552088028,0.0
2026-05-30,636,36.3132,127.2407,132.0,계룡시,4.350128156934797,0.0
2026-05-31,636,36.3132,127.2407,132.0,계룡시,4.350128156934797,0.0
2026-06-01,636,36.3132,127.2407,132.0,계룡시,4.350128156934797,0.0
2026-06-02,636,36.3132,127.2407,132.0,계룡시,4.350128156934797,0.0
2026-06-03,636,36.3132,127.2407,132.0,계룡시,4.350128156934797,0.0
2026-06-04,636,36.3132,127.2407,132.0,계룡시,4.350128156934797,14.5
2026-06-05,636,36.3132,127.2407,132.0,계룡시,4.350128156934797,0.0
2026-06-06,636,36.3132,127.2407,132.0,계룡시,4.350128156934797,0.0
2026-06-07,636,36.3132,127.2407,132.0,계룡시,4.350128156934797,0.0
2026-06-08,636,36.3132,127.2407,132.0,계룡시,4.350128156934797,0.0
2026-06-09,636,36.3132,127.2407,132.0,계룡시,4.350128156934797,0.0
2026-06-10,636,36.3132,127.2407,132.0,계룡시,4.350128156934797,0.0
2026-06-11,636,36.3132,127.2407,132.0,계룡시,4.350128156934797,0.0
2026-06-12,636,36.3132,127.2407,132.0,계룡시,4.350128156934797,0.0
2026-06-13,636,36.3132,127.2407,132.0,계룡시,4.350128156934797,0.0
2026-06-14,636,36.3132,127.2407,132.0,계룡시,4.350128156934797,4.0
2026-06-15,636,36.3132,127.2407,132.0,계룡시,4.350128156934797,0.0
2026-06-16,636,36.3132,127.2407,132.0,계룡시,4.350128156934797,0.0
2026-06-17,636,36.3132,127.2407,132.0,계룡시,4.350128156934797,18.0
2026-06-18,636,36.3132,127.2407,132.0,계룡시,4.350128156934797,2.0
2026-06-19,636,36.3132,127.2407,132.0,계룡시,4.350128156934797,14.0
2026-06-20,636,36.3132,127.2407,132.0,계룡시,4.350128156934797,72.0
2026-06-21,636,36.3132,127.2407,132.0,계룡시,4.350128156934797,1.0
2026-06-22,636,36.3132,127.2407,132.0,계룡시,4.350128156934797,0.0
2026-06-23,636,36.3132,127.2407,132.0,계룡시,4.350128156934797,0.0
2026-06-24,636,36.3132,127.2407,132.0,계룡시,4.350128156934797,0.0
2026-06-25,636,36.3132,127.2407,132.0,계룡시,4.350128156934797,0.0
2026-06-26,636,36.3132,127.2407,132.0,계룡시,4.350128156934797,0.0
2026-06-27,636,36.3132,127.2407,132.0,계룡시,4.350128156934797,0.0
2026-06-28,636,36.3132,127.2407,132.0,계룡시,4.350128156934797,0.0
2026-06-29,636,36.3132,127.2407,132.0,계룡시,4.350128156934797,0.0
2026-05-30,642,36.29129,127.39586,148.61,계룡시,13.329434351061767,0.0
2026-05-31,642,36.29129,127.39586,148.61,계룡시,13.329434351061767,0.0
2026-06-01,642,36.29129,127.39586,148.61,계룡시,13.329434351061767,0.0
2026-06-02,642,36.29129,127.39586,148.61,계룡시,13.329434351061767,0.0
2026-06-03,642,36.29129,127.39586,148.61,계룡시,13.329434351061767,0.0
2026-06-04,642,36.29129,127.39586,148.61,계룡시,13.329434351061767,3.5
2026-06-05,642,36.29129,127.39586,148.61,계룡시,13.329434351061767,0.0
2026-06-06,642,36.29129,127.39586,148.61,계룡시,13.329434351061767,0.0
2026-06-07,642,36.29129,127.39586,148.61,계룡시,13.329434351061767,0.0
2026-06-08,642,36.29129,127.39586,148.61,계룡시,13.329434351061767,0.0
2026-06-09,642,36.29129,127.39586,148.61,계룡시,13.329434351061767,0.0
2026-06-10,642,36.29129,127.39586,148.61,계룡시,13.329434351061767,0.0
2026-06-11,642,36.29129,127.39586,148.61,계룡시,13.329434351061767,0.0
2026-06-12,642,36.29129,127.39586,148.61,계룡시,13.329434351061767,0.0
2026-06-13,642,36.29129,127.39586,148.61,계룡시,13.329434351061767,0.0
2026-06-14,642,36.29129,127.39586,148.61,계룡시,13.329434351061767,0.0
2026-06-15,642,36.29129,127.39586,148.61,계룡시,13.329434351061767,0.0
2026-06-16,642,36.29129,127.39586,148.61,계룡시,13.329434351061767,0.0
2026-06-17,642,36.29129,127.39586,148.61,계룡시,13.329434351061767,17.5
2026-06-18,642,36.29129,127.39586,148.61,계룡시,13.329434351061767,19.0
2026-06-19,642,36.29129,127.39586,148.61,계룡시,13.329434351061767,9.5
2026-06-20,642,36.29129,127.39586,148.61,계룡시,13.329434351061767,48.0
2026-06-21,642,36.29129,127.39586,148.61,계룡시,13.329434351061767,2.5
2026-06-22,642,36.29129,127.39586,148.61,계룡시,13.329434351061767,0.0
2026-06-23,642,36.29129,127.39586,148.61,계룡시,13.329434351061767,0.0
2026-06-24,642,36.29129,127.39586,148.61,계룡시,13.329434351061767,0.0
2026-06-25,642,36.29129,127.39586,148.61,계룡시,13.329434351061767,0.0
2026-06-26,642,36.29129,127.39586,148.61,계룡시,13.329434351061767,0.0
2026-06-27,642,36.29129,127.39586,148.61,계룡시,13.329434351061767,0.0
2026-06-28,642,36.29129,127.39586,148.61,계룡시,13.329434351061767,0.5
2026-06-29,642,36.29129,127.39586,148.61,계룡시,13.329434351061767,0.0
2026-05-30,643,36.34019,127.49378,91.34,계룡시,23.14868541841225,0.0
2026-05-31,643,36.34019,127.49378,91.34,계룡시,23.14868541841225,0.0
2026-06-01,643,36.34019,127.49378,91.34,계룡시,23.14868541841225,0.0
2026-06-02,643,36.34019,127.49378,91.34,계룡시,23.14868541841225,0.0
2026-06-03,643,36.34019,127.49378,91.34,계룡시,23.14868541841225,0.0
2026-06-04,643,36.34019,127.49378,91.34,계룡시,23.14868541841225,0.0
2026-06-05,643,36.34019,127.49378,91.34,계룡시,23.14868541841225,0.0
2026-06-06,643,36.34019,127.49378,91.34,계룡시,23.14868541841225,0.0
2026-06-07,643,36.34019,127.49378,91.34,계룡시,23.14868541841225,0.0
2026-06-08,643,36.34019,127.49378,91.34,계룡시,23.14868541841225,0.0
2026-06-09,643,36.34019,127.49378,91.34,계룡시,23.14868541841225,0.0
2026-06-10,643,36.34019,127.49378,91.34,계룡시,23.14868541841225,0.0
2026-06-11,643,36.34019,127.49378,91.34,계룡시,23.14868541841225,0.0
2026-06-12,643,36.34019,127.49378,91.34,계룡시,23.14868541841225,0.0
2026-06-13,643,36.34019,127.49378,91.34,계룡시,23.14868541841225,0.0
2026-06-14,643,36.34019,127.49378,91.34,계룡시,23.14868541841225,0.0
2026-06-15,643,36.34019,127.49378,91.34,계룡시,23.14868541841225,0.0
2026-06-16,643,36.34019,127.49378,91.34,계룡시,23.14868541841225,0.0
2026-06-17,643,36.34019,127.49378,91.34,계룡시,23.14868541841225,15.5
2026-06-18,643,36.34019,127.49378,91.34,계룡시,23.14868541841225,1.0
2026-06-19,643,36.34019,127.49378,91.34,계룡시,23.14868541841225,11.5
2026-06-20,643,36.34019,127.49378,91.34,계룡시,23.14868541841225,52.0
2026-06-21,643,36.34019,127.49378,91.34,계룡시,23.14868541841225,0.5
2026-06-22,643,36.34019,127.49378,91.34,계룡시,23.14868541841225,1.0
2026-06-23,643,36.34019,127.49378,91.34,계룡시,23.14868541841225,0.0
2026-06-24,643,36.34019,127.49378,91.34,계룡시,23.14868541841225,0.0
2026-06-25,643,36.34019,127.49378,91.34,계룡시,23.14868541841225,0.0
2026-06-26,643,36.34019,127.49378,91.34,계룡시,23.14868541841225,0.0
2026-06-27,643,36.34019,127.49378,91.34,계룡시,23.14868541841225,0.0
2026-06-28,643,36.34019,127.49378,91.34,계룡시,23.14868541841225,0.0
2026-06-29,643,36.34019,127.49378,91.34,계룡시,23.14868541841225,0.0
2026-05-30,648,36.41347,127.43821,99.9,계룡시,22.95306581998811,0.0
2026-05-31,648,36.41347,127.43821,99.9,계룡시,22.95306581998811,0.0
2026-06-01,648,36.41347,127.43821,99.9,계룡시,22.95306581998811,0.0
2026-06-02,648,36.41347,127.43821,99.9,계룡시,22.95306581998811,0.0
2026-06-03,648,36.41347,127.43821,99.9,계룡시,22.95306581998811,0.0
2026-06-04,648,36.41347,127.43821,99.9,계룡시,22.95306581998811,3.0
2026-06-05,648,36.41347,127.43821,99.9,계룡시,22.95306581998811,0.0
2026-06-06,648,36.41347,127.43821,99.9,계룡시,22.95306581998811,0.0
2026-06-07,648,36.41347,127.43821,99.9,계룡시,22.95306581998811,0.0
2026-06-08,648,36.41347,127.43821,99.9,계룡시,22.95306581998811,0.0
2026-06-09,648,36.41347,127.43821,99.9,계룡시,22.95306581998811,0.0
2026-06-10,648,36.41347,127.43821,99.9,계룡시,22.95306581998811,0.0
2026-06-11,648,36.41347,127.43821,99.9,계룡시,22.95306581998811,0.0
2026-06-12,648,36.41347,127.43821,99.9,계룡시,22.95306581998811,0.0
2026-06-13,648,36.41347,127.43821,99.9,계룡시,22.95306581998811,0.0
2026-06-14,648,36.41347,127.43821,99.9,계룡시,22.95306581998811,3.0
2026-06-15,648,36.41347,127.43821,99.9,계룡시,22.95306581998811,0.0
2026-06-16,648,36.41347,127.43821,99.9,계룡시,22.95306581998811,0.0
2026-06-17,648,36.41347,127.43821,99.9,계룡시,22.95306581998811,10.5
2026-06-18,648,36.41347,127.43821,99.9,계룡시,22.95306581998811,0.5
2026-06-19,648,36.41347,127.43821,99.9,계룡시,22.95306581998811,9.0
2026-06-20,648,36.41347,127.43821,99.9,계룡시,22.95306581998811,50.5
2026-06-21,648,36.41347,127.43821,99.9,계룡시,22.95306581998811,0.0
2026-06-22,648,36.41347,127.43821,99.9,계룡시,22.95306581998811,0.0
2026-06-23,648,36.41347,127.43821,99.9,계룡시,22.95306581998811,0.0
2026-06-24,648,36.41347,127.43821,99.9,계룡시,22.95306581998811,0.0
2026-06-25,648,36.41347,127.43821,99.9,계룡시,22.95306581998811,4.0
2026-06-26,648,36.41347,127.43821,99.9,계룡시,22.95306581998811,0.0
2026-06-27,648,36.41347,127.43821,99.9,계룡시,22.95306581998811,0.0
2026-06-28,648,36.41347,127.43821,99.9,계룡시,22.95306581998811,0.0
2026-06-29,648,36.41347,127.43821,99.9,계룡시,22.95306581998811,0.0
2026-06-01,659,36.343,127.2057,831.7,계룡시,8.521967640602146,0.0
2026-06-02,659,36.343,127.2057,831.7,계룡시,8.521967640602146,0.0
2026-06-03,659,36.343,127.2057,831.7,계룡시,8.521967640602146,0.0
2026-06-04,659,36.343,127.2057,831.7,계룡시,8.521967640602146,7.0
2026-06-05,659,36.343,127.2057,831.7,계룡시,8.521967640602146,0.0
2026-06-06,659,36.343,127.2057,831.7,계룡시,8.521967640602146,0.0
2026-06-07,659,36.343,127.2057,831.7,계룡시,8.521967640602146,0.0
2026-06-08,659,36.343,127.2057,831.7,계룡시,8.521967640602146,0.0
2026-06-09,659,36.343,127.2057,831.7,계룡시,8.521967640602146,0.0
2026-06-10,659,36.343,127.2057,831.7,계룡시,8.521967640602146,0.0
2026-06-11,659,36.343,127.2057,831.7,계룡시,8.521967640602146,0.0
2026-06-12,659,36.343,127.2057,831.7,계룡시,8.521967640602146,0.0
2026-06-13,659,36.343,127.2057,831.7,계룡시,8.521967640602146,0.0
2026-06-14,659,36.343,127.2057,831.7,계룡시,8.521967640602146,1.0
2026-06-15,659,36.343,127.2057,831.7,계룡시,8.521967640602146,0.0
2026-06-16,659,36.343,127.2057,831.7,계룡시,8.521967640602146,0.0
2026-06-17,659,36.343,127.2057,831.7,계룡시,8.521967640602146,14.5
2026-06-18,659,36.343,127.2057,831.7,계룡시,8.521967640602146,2.5
2026-06-19,659,36.343,127.2057,831.7,계룡시,8.521967640602146,19.5
2026-06-20,659,36.343,127.2057,831.7,계룡시,8.521967640602146,42.0
2026-06-21,659,36.343,127.2057,831.7,계룡시,8.521967640602146,1.0
2026-06-22,659,36.343,127.2057,831.7,계룡시,8.521967640602146,0.0
2026-06-23,659,36.343,127.2057,831.7,계룡시,8.521967640602146,0.0
2026-06-24,659,36.343,127.2057,831.7,계룡시,8.521967640602146,0.0
2026-06-25,659,36.343,127.2057,831.7,계룡시,8.521967640602146,0.0
2026-06-26,659,36.343,127.2057,831.7,계룡시,8.521967640602146,0.0
2026-06-27,659,36.343,127.2057,831.7,계룡시,8.521967640602146,0.0
2026-06-28,659,36.343,127.2057,831.7,계룡시,8.521967640602146,0.0
2026-06-29,659,36.343,127.2057,831.7,계룡시,8.521967640602146,0.0
2026-05-30,888,36.46267,127.49074,96.8,계룡시,30.12247894815934,0.0
2026-05-31,888,36.46267,127.49074,96.8,계룡시,30.12247894815934,0.0
2026-06-01,888,36.46267,127.49074,96.8,계룡시,30.12247894815934,0.0
2026-06-02,888,36.46267,127.49074,96.8,계룡시,30.12247894815934,0.0
2026-06-03,888,36.46267,127.49074,96.8,계룡시,30.12247894815934,0.0
2026-06-04,888,36.46267,127.49074,96.8,계룡시,30.12247894815934,0.5
2026-06-05,888,36.46267,127.49074,96.8,계룡시,30.12247894815934,0.0
2026-06-06,888,36.46267,127.49074,96.8,계룡시,30.12247894815934,0.0
2026-06-07,888,36.46267,127.49074,96.8,계룡시,30.12247894815934,0.0
2026-06-08,888,36.46267,127.49074,96.8,계룡시,30.12247894815934,0.0
2026-06-09,888,36.46267,127.49074,96.8,계룡시,30.12247894815934,0.0
2026-06-10,888,36.46267,127.49074,96.8,계룡시,30.12247894815934,0.0
2026-06-11,888,36.46267,127.49074,96.8,계룡시,30.12247894815934,0.0
2026-06-12,888,36.46267,127.49074,96.8,계룡시,30.12247894815934,0.0
2026-06-13,888,36.46267,127.49074,96.8,계룡시,30.12247894815934,0.0
2026-06-14,888,36.46267,127.49074,96.8,계룡시,30.12247894815934,1.5
2026-06-15,888,36.46267,127.49074,96.8,계룡시,30.12247894815934,0.0
2026-06-16,888,36.46267,127.49074,96.8,계룡시,30.12247894815934,0.0
2026-06-17,888,36.46267,127.49074,96.8,계룡시,30.12247894815934,8.5
2026-06-18,888,36.46267,127.49074,96.8,계룡시,30.12247894815934,0.5
2026-06-19,888,36.46267,127.49074,96.8,계룡시,30.12247894815934,8.0
2026-06-20,888,36.46267,127.49074,96.8,계룡시,30.12247894815934,50.5
2026-06-21,888,36.46267,127.49074,96.8,계룡시,30.12247894815934,0.0
2026-06-22,888,36.46267,127.49074,96.8,계룡시,30.12247894815934,0.0
2026-06-23,888,36.46267,127.49074,96.8,계룡시,30.12247894815934,0.0
2026-06-24,888,36.46267,127.49074,96.8,계룡시,30.12247894815934,0.0
2026-06-25,888,36.46267,127.49074,96.8,계룡시,30.12247894815934,2.5
2026-06-26,888,36.46267,127.49074,96.8,계룡시,30.12247894815934,0.0
2026-06-27,888,36.46267,127.49074,96.8,계룡시,30.12247894815934,0.0
2026-06-28,888,36.46267,127.49074,96.8,계룡시,30.12247894815934,0.0
2026-06-29,888,36.46267,127.49074,96.8,계룡시,30.12247894815934,0.0
2026-05-30,239,36.48522,127.24438,89.5,공주시,12.01024986671249,0.0
2026-05-31,239,36.48522,127.24438,89.5,공주시,12.01024986671249,0.0
2026-06-01,239,36.48522,127.24438,89.5,공주시,12.01024986671249,0.0
2026-06-02,239,36.48522,127.24438,89.5,공주시,12.01024986671249,0.0
2026-06-03,239,36.48522,127.24438,89.5,공주시,12.01024986671249,0.0
2026-06-04,239,36.48522,127.24438,89.5,공주시,12.01024986671249,3.7
2026-06-05,239,36.48522,127.24438,89.5,공주시,12.01024986671249,0.0
2026-06-06,239,36.48522,127.24438,89.5,공주시,12.01024986671249,0.0
2026-06-07,239,36.48522,127.24438,89.5,공주시,12.01024986671249,0.0
2026-06-08,239,36.48522,127.24438,89.5,공주시,12.01024986671249,0.0
2026-06-09,239,36.48522,127.24438,89.5,공주시,12.01024986671249,0.0
2026-06-10,239,36.48522,127.24438,89.5,공주시,12.01024986671249,0.0
2026-06-11,239,36.48522,127.24438,89.5,공주시,12.01024986671249,0.0
2026-06-12,239,36.48522,127.24438,89.5,공주시,12.01024986671249,0.0
2026-06-13,239,36.48522,127.24438,89.5,공주시,12.01024986671249,0.0
2026-06-14,239,36.48522,127.24438,89.5,공주시,12.01024986671249,9.2
2026-06-15,239,36.48522,127.24438,89.5,공주시,12.01024986671249,0.0
2026-06-16,239,36.48522,127.24438,89.5,공주시,12.01024986671249,0.0
2026-06-17,239,36.48522,127.24438,89.5,공주시,12.01024986671249,2.9
2026-06-18,239,36.48522,127.24438,89.5,공주시,12.01024986671249,0.9
2026-06-19,239,36.48522,127.24438,89.5,공주시,12.01024986671249,10.2
2026-06-20,239,36.48522,127.24438,89.5,공주시,12.01024986671249,48.3
2026-06-21,239,36.48522,127.24438,89.5,공주시,12.01024986671249,0.0
2026-06-22,239,36.48522,127.24438,89.5,공주시,12.01024986671249,21.1
2026-06-23,239,36.48522,127.24438,89.5,공주시,12.01024986671249,0.0
2026-06-24,239,36.48522,127.24438,89.5,공주시,12.01024986671249,0.0
2026-06-25,239,36.48522,127.24438,89.5,공주시,12.01024986671249,0.0
2026-06-26,239,36.48522,127.24438,89.5,공주시,12.01024986671249,0.0
2026-06-27,239,36.48522,127.24438,89.5,공주시,12.01024986671249,0.0
2026-06-28,239,36.48522,127.24438,89.5,공주시,12.01024986671249,0.0
2026-06-29,239,36.48522,127.24438,89.5,공주시,12.01024986671249,0.0
2026-05-30,494,36.53083,127.24028,106.02,공주시,14.334647280005473,0.0
2026-05-31,494,36.53083,127.24028,106.02,공주시,14.334647280005473,0.0
2026-06-01,494,36.53083,127.24028,106.02,공주시,14.334647280005473,0.0
2026-06-02,494,36.53083,127.24028,106.02,공주시,14.334647280005473,0.0
2026-06-03,494,36.53083,127.24028,106.02,공주시,14.334647280005473,0.0
2026-06-04,494,36.53083,127.24028,106.02,공주시,14.334647280005473,1.5
2026-06-05,494,36.53083,127.24028,106.02,공주시,14.334647280005473,0.0
2026-06-06,494,36.53083,127.24028,106.02,공주시,14.334647280005473,0.0
2026-06-07,494,36.53083,127.24028,106.02,공주시,14.334647280005473,0.0
2026-06-08,494,36.53083,127.24028,106.02,공주시,14.334647280005473,0.0
2026-06-09,494,36.53083,127.24028,106.02,공주시,14.334647280005473,0.0
2026-06-10,494,36.53083,127.24028,106.02,공주시,14.334647280005473,0.0
2026-06-11,494,36.53083,127.24028,106.02,공주시,14.334647280005473,0.0
2026-06-12,494,36.53083,127.24028,106.02,공주시,14.334647280005473,0.0
2026-06-13,494,36.53083,127.24028,106.02,공주시,14.334647280005473,0.0
2026-06-14,494,36.53083,127.24028,106.02,공주시,14.334647280005473,14.5
2026-06-15,494,36.53083,127.24028,106.02,공주시,14.334647280005473,0.0
2026-06-16,494,36.53083,127.24028,106.02,공주시,14.334647280005473,0.0
2026-06-17,494,36.53083,127.24028,106.02,공주시,14.334647280005473,3.5
2026-06-18,494,36.53083,127.24028,106.02,공주시,14.334647280005473,1.0
2026-06-19,494,36.53083,127.24028,106.02,공주시,14.334647280005473,12.5
2026-06-20,494,36.53083,127.24028,106.02,공주시,14.334647280005473,52.0
2026-06-21,494,36.53083,127.24028,106.02,공주시,14.334647280005473,0.0
2026-06-22,494,36.53083,127.24028,106.02,공주시,14.334647280005473,0.0
2026-06-23,494,36.53083,127.24028,106.02,공주시,14.334647280005473,0.0
2026-06-24,494,36.53083,127.24028,106.02,공주시,14.334647280005473,0.0
2026-06-25,494,36.53083,127.24028,106.02,공주시,14.334647280005473,0.0
2026-06-26,494,36.53083,127.24028,106.02,공주시,14.334647280005473,0.0
2026-06-27,494,36.53083,127.24028,106.02,공주시,14.334647280005473,0.0
2026-06-28,494,36.53083,127.24028,106.02,공주시,14.334647280005473,0.0
2026-06-29,494,36.53083,127.24028,106.02,공주시,14.334647280005473,0.0
2026-05-30,496,36.45853,127.26876,27.23,공주시,13.461101096136053,0.0
2026-05-31,496,36.45853,127.26876,27.23,공주시,13.461101096136053,0.0
2026-06-01,496,36.45853,127.26876,27.23,공주시,13.461101096136053,0.0
2026-06-02,496,36.45853,127.26876,27.23,공주시,13.461101096136053,0.0
2026-06-03,496,36.45853,127.26876,27.23,공주시,13.461101096136053,0.0
2026-06-04,496,36.45853,127.26876,27.23,공주시,13.461101096136053,3.5
2026-06-05,496,36.45853,127.26876,27.23,공주시,13.461101096136053,0.0
2026-06-06,496,36.45853,127.26876,27.23,공주시,13.461101096136053,0.0
2026-06-07,496,36.45853,127.26876,27.23,공주시,13.461101096136053,0.0
2026-06-08,496,36.45853,127.26876,27.23,공주시,13.461101096136053,0.0
2026-06-09,496,36.45853,127.26876,27.23,공주시,13.461101096136053,0.0
2026-06-10,496,36.45853,127.26876,27.23,공주시,13.461101096136053,0.0
2026-06-11,496,36.45853,127.26876,27.23,공주시,13.461101096136053,0.0
2026-06-12,496,36.45853,127.26876,27.23,공주시,13.461101096136053,0.0
2026-06-13,496,36.45853,127.26876,27.23,공주시,13.461101096136053,0.0
2026-06-14,496,36.45853,127.26876,27.23,공주시,13.461101096136053,2.5
2026-06-15,496,36.45853,127.26876,27.23,공주시,13.461101096136053,0.0
2026-06-16,496,36.45853,127.26876,27.23,공주시,13.461101096136053,0.0
2026-06-17,496,36.45853,127.26876,27.23,공주시,13.461101096136053,8.0
2026-06-18,496,36.45853,127.26876,27.23,공주시,13.461101096136053,0.5
2026-06-19,496,36.45853,127.26876,27.23,공주시,13.461101096136053,9.5
2026-06-20,496,36.45853,127.26876,27.23,공주시,13.461101096136053,44.0
2026-06-21,496,36.45853,127.26876,27.23,공주시,13.461101096136053,0.0
2026-06-22,496,36.45853,127.26876,27.23,공주시,13.461101096136053,0.0
2026-06-23,496,36.45853,127.26876,27.23,공주시,13.461101096136053,0.0
2026-06-24,496,36.45853,127.26876,27.23,공주시,13.461101096136053,0.0
2026-06-25,496,36.45853,127.26876,27.23,공주시,13.461101096136053,1.0
2026-06-26,496,36.45853,127.26876,27.23,공주시,13.461101096136053,0.0
2026-06-27,496,36.45853,127.26876,27.23,공주시,13.461101096136053,0.0
2026-06-28,496,36.45853,127.26876,27.23,공주시,13.461101096136053,0.0
2026-06-29,496,36.45853,127.26876,27.23,공주시,13.461101096136053,0.0
2026-05-30,611,36.56667,127.28056,51.0,공주시,19.67378787340301,0.0
2026-05-31,611,36.56667,127.28056,51.0,공주시,19.67378787340301,0.0
2026-06-01,611,36.56667,127.28056,51.0,공주시,19.67378787340301,0.0
2026-06-02,611,36.56667,127.28056,51.0,공주시,19.67378787340301,0.0
2026-06-03,611,36.56667,127.28056,51.0,공주시,19.67378787340301,0.0
2026-06-04,611,36.56667,127.28056,51.0,공주시,19.67378787340301,0.0
2026-06-05,611,36.56667,127.28056,51.0,공주시,19.67378787340301,0.0
2026-06-06,611,36.56667,127.28056,51.0,공주시,19.67378787340301,0.0
2026-06-07,611,36.56667,127.28056,51.0,공주시,19.67378787340301,0.0
2026-06-08,611,36.56667,127.28056,51.0,공주시,19.67378787340301,0.0
2026-06-09,611,36.56667,127.28056,51.0,공주시,19.67378787340301,0.0
2026-06-10,611,36.56667,127.28056,51.0,공주시,19.67378787340301,0.0
2026-06-11,611,36.56667,127.28056,51.0,공주시,19.67378787340301,0.0
2026-06-12,611,36.56667,127.28056,51.0,공주시,19.67378787340301,0.0
2026-06-13,611,36.56667,127.28056,51.0,공주시,19.67378787340301,0.0
2026-06-14,611,36.56667,127.28056,51.0,공주시,19.67378787340301,6.5
2026-06-15,611,36.56667,127.28056,51.0,공주시,19.67378787340301,0.5
2026-06-16,611,36.56667,127.28056,51.0,공주시,19.67378787340301,0.0
2026-06-17,611,36.56667,127.28056,51.0,공주시,19.67378787340301,3.0
2026-06-18,611,36.56667,127.28056,51.0,공주시,19.67378787340301,0.0
2026-06-19,611,36.56667,127.28056,51.0,공주시,19.67378787340301,10.5
2026-06-20,611,36.56667,127.28056,51.0,공주시,19.67378787340301,52.5
2026-06-21,611,36.56667,127.28056,51.0,공주시,19.67378787340301,0.0
2026-06-22,611,36.56667,127.28056,51.0,공주시,19.67378787340301,0.0
2026-06-23,611,36.56667,127.28056,51.0,공주시,19.67378787340301,0.0
2026-06-24,611,36.56667,127.28056,51.0,공주시,19.67378787340301,0.0
2026-06-25,611,36.56667,127.28056,51.0,공주시,19.67378787340301,0.0
2026-06-26,611,36.56667,127.28056,51.0,공주시,19.67378787340301,0.0
2026-06-27,611,36.56667,127.28056,51.0,공주시,19.67378787340301,0.0
2026-06-28,611,36.56667,127.28056,51.0,공주시,19.67378787340301,0.0
2026-06-29,611,36.56667,127.28056,51.0,공주시,19.67378787340301,0.0
2026-05-30,612,36.48284,127.13646,24.0,공주시,4.331989522069018,0.0
2026-05-31,612,36.48284,127.13646,24.0,공주시,4.331989522069018,0.0
2026-06-01,612,36.48284,127.13646,24.0,공주시,4.331989522069018,0.0
2026-06-02,612,36.48284,127.13646,24.0,공주시,4.331989522069018,0.0
2026-06-03,612,36.48284,127.13646,24.0,공주시,4.331989522069018,0.0
2026-06-04,612,36.48284,127.13646,24.0,공주시,4.331989522069018,0.0
2026-06-05,612,36.48284,127.13646,24.0,공주시,4.331989522069018,0.0
2026-06-06,612,36.48284,127.13646,24.0,공주시,4.331989522069018,0.0
2026-06-07,612,36.48284,127.13646,24.0,공주시,4.331989522069018,0.0
2026-06-08,612,36.48284,127.13646,24.0,공주시,4.331989522069018,0.0
2026-06-09,612,36.48284,127.13646,24.0,공주시,4.331989522069018,0.0
2026-06-10,612,36.48284,127.13646,24.0,공주시,4.331989522069018,0.0
2026-06-11,612,36.48284,127.13646,24.0,공주시,4.331989522069018,0.0
2026-06-12,612,36.48284,127.13646,24.0,공주시,4.331989522069018,0.0
2026-06-13,612,36.48284,127.13646,24.0,공주시,4.331989522069018,0.0
2026-06-14,612,36.48284,127.13646,24.0,공주시,4.331989522069018,15.5
2026-06-15,612,36.48284,127.13646,24.0,공주시,4.331989522069018,0.0
2026-06-16,612,36.48284,127.13646,24.0,공주시,4.331989522069018,0.0
2026-06-17,612,36.48284,127.13646,24.0,공주시,4.331989522069018,4.0
2026-06-18,612,36.48284,127.13646,24.0,공주시,4.331989522069018,1.0
2026-06-19,612,36.48284,127.13646,24.0,공주시,4.331989522069018,15.0
2026-06-20,612,36.48284,127.13646,24.0,공주시,4.331989522069018,57.0
2026-06-21,612,36.48284,127.13646,24.0,공주시,4.331989522069018,0.0
2026-06-22,612,36.48284,127.13646,24.0,공주시,4.331989522069018,0.0
2026-06-23,612,36.48284,127.13646,24.0,공주시,4.331989522069018,0.0
2026-06-24,612,36.48284,127.13646,24.0,공주시,4.331989522069018,0.0
2026-06-25,612,36.48284,127.13646,24.0,공주시,4.331989522069018,0.0
2026-06-26,612,36.48284,127.13646,24.0,공주시,4.331989522069018,0.0
2026-06-27,612,36.48284,127.13646,24.0,공주시,4.331989522069018,0.0
2026-06-28,612,36.48284,127.13646,24.0,공주시,4.331989522069018,0.0
2026-06-29,612,36.48284,127.13646,24.0,공주시,4.331989522069018,0.0
2026-05-30,633,36.55114,127.09383,75.76,공주시,11.850958506691946,0.0
2026-05-31,633,36.55114,127.09383,75.76,공주시,11.850958506691946,0.0
2026-06-01,633,36.55114,127.09383,75.76,공주시,11.850958506691946,0.0
2026-06-02,633,36.55114,127.09383,75.76,공주시,11.850958506691946,0.0
2026-06-03,633,36.55114,127.09383,75.76,공주시,11.850958506691946,0.0
2026-06-04,633,36.55114,127.09383,75.76,공주시,11.850958506691946,0.5
2026-06-05,633,36.55114,127.09383,75.76,공주시,11.850958506691946,0.0
2026-06-06,633,36.55114,127.09383,75.76,공주시,11.850958506691946,0.0
2026-06-07,633,36.55114,127.09383,75.76,공주시,11.850958506691946,0.0
2026-06-08,633,36.55114,127.09383,75.76,공주시,11.850958506691946,0.0
2026-06-09,633,36.55114,127.09383,75.76,공주시,11.850958506691946,0.0
2026-06-10,633,36.55114,127.09383,75.76,공주시,11.850958506691946,0.0
2026-06-11,633,36.55114,127.09383,75.76,공주시,11.850958506691946,0.0
2026-06-12,633,36.55114,127.09383,75.76,공주시,11.850958506691946,0.0
2026-06-13,633,36.55114,127.09383,75.76,공주시,11.850958506691946,0.0
2026-06-14,633,36.55114,127.09383,75.76,공주시,11.850958506691946,5.0
2026-06-15,633,36.55114,127.09383,75.76,공주시,11.850958506691946,0.0
2026-06-16,633,36.55114,127.09383,75.76,공주시,11.850958506691946,0.0
2026-06-17,633,36.55114,127.09383,75.76,공주시,11.850958506691946,4.5
2026-06-18,633,36.55114,127.09383,75.76,공주시,11.850958506691946,0.5
2026-06-19,633,36.55114,127.09383,75.76,공주시,11.850958506691946,16.0
2026-06-20,633,36.55114,127.09383,75.76,공주시,11.850958506691946,82.0
2026-06-21,633,36.55114,127.09383,75.76,공주시,11.850958506691946,0.0
2026-06-22,633,36.55114,127.09383,75.76,공주시,11.850958506691946,9.5
2026-06-23,633,36.55114,127.09383,75.76,공주시,11.850958506691946,0.0
2026-06-24,633,36.55114,127.09383,75.76,공주시,11.850958506691946,0.0
2026-06-25,633,36.55114,127.09383,75.76,공주시,11.850958506691946,0.0
2026-06-26,633,36.55114,127.09383,75.76,공주시,11.850958506691946,0.0
2026-06-27,633,36.55114,127.09383,75.76,공주시,11.850958506691946,0.0
2026-06-28,633,36.55114,127.09383,75.76,공주시,11.850958506691946,0.0
2026-06-29,633,36.55114,127.09383,75.76,공주시,11.850958506691946,0.0
2026-05-30,238,36.10563,127.48175,170.17,금산군,0.67823442083201,0.0
2026-05-31,238,36.10563,127.48175,170.17,금산군,0.67823442083201,0.0
2026-06-01,238,36.10563,127.48175,170.17,금산군,0.67823442083201,0.0
2026-06-02,238,36.10563,127.48175,170.17,금산군,0.67823442083201,0.0
2026-06-03,238,36.10563,127.48175,170.17,금산군,0.67823442083201,0.0
2026-06-04,238,36.10563,127.48175,170.17,금산군,0.67823442083201,0.0
2026-06-05,238,36.10563,127.48175,170.17,금산군,0.67823442083201,0.0
2026-06-06,238,36.10563,127.48175,170.17,금산군,0.67823442083201,0.0
2026-06-07,238,36.10563,127.48175,170.17,금산군,0.67823442083201,0.0
2026-06-08,238,36.10563,127.48175,170.17,금산군,0.67823442083201,0.0
2026-06-09,238,36.10563,127.48175,170.17,금산군,0.67823442083201,0.0
2026-06-10,238,36.10563,127.48175,170.17,금산군,0.67823442083201,0.0
2026-06-11,238,36.10563,127.48175,170.17,금산군,0.67823442083201,0.0
2026-06-12,238,36.10563,127.48175,170.17,금산군,0.67823442083201,0.0
2026-06-13,238,36.10563,127.48175,170.17,금산군,0.67823442083201,0.0
2026-06-14,238,36.10563,127.48175,170.17,금산군,0.67823442083201,0.0
2026-06-15,238,36.10563,127.48175,170.17,금산군,0.67823442083201,0.0
2026-06-16,238,36.10563,127.48175,170.17,금산군,0.67823442083201,0.0
2026-06-17,238,36.10563,127.48175,170.17,금산군,0.67823442083201,12.9
2026-06-18,238,36.10563,127.48175,170.17,금산군,0.67823442083201,5.5
2026-06-19,238,36.10563,127.48175,170.17,금산군,0.67823442083201,10.1
2026-06-20,238,36.10563,127.48175,170.17,금산군,0.67823442083201,54.0
2026-06-21,238,36.10563,127.48175,170.17,금산군,0.67823442083201,0.6
2026-06-22,238,36.10563,127.48175,170.17,금산군,0.67823442083201,0.2
2026-06-23,238,36.10563,127.48175,170.17,금산군,0.67823442083201,0.0
2026-06-24,238,36.10563,127.48175,170.17,금산군,0.67823442083201,0.0
2026-06-25,238,36.10563,127.48175,170.17,금산군,0.67823442083201,0.0
2026-06-26,238,36.10563,127.48175,170.17,금산군,0.67823442083201,0.0
2026-06-27,238,36.10563,127.48175,170.17,금산군,0.67823442083201,0.0
2026-06-28,238,36.10563,127.48175,170.17,금산군,0.67823442083201,0.0
2026-06-29,238,36.10563,127.48175,170.17,금산군,0.67823442083201,0.0
2026-05-30,604,36.29995,127.59654,118.05,금산군,23.37230823297208,0.0
2026-05-31,604,36.29995,127.59654,118.05,금산군,23.37230823297208,0.0
2026-06-01,604,36.29995,127.59654,118.05,금산군,23.37230823297208,0.0
2026-06-02,604,36.29995,127.59654,118.05,금산군,23.37230823297208,0.0
2026-06-03,604,36.29995,127.59654,118.05,금산군,23.37230823297208,0.0
2026-06-04,604,36.29995,127.59654,118.05,금산군,23.37230823297208,0.0
2026-06-05,604,36.29995,127.59654,118.05,금산군,23.37230823297208,0.0
2026-06-06,604,36.29995,127.59654,118.05,금산군,23.37230823297208,0.0
2026-06-07,604,36.29995,127.59654,118.05,금산군,23.37230823297208,0.0
2026-06-08,604,36.29995,127.59654,118.05,금산군,23.37230823297208,0.0
2026-06-09,604,36.29995,127.59654,118.05,금산군,23.37230823297208,0.0
2026-06-10,604,36.29995,127.59654,118.05,금산군,23.37230823297208,0.0
2026-06-11,604,36.29995,127.59654,118.05,금산군,23.37230823297208,0.0
2026-06-12,604,36.29995,127.59654,118.05,금산군,23.37230823297208,0.0
2026-06-13,604,36.29995,127.59654,118.05,금산군,23.37230823297208,0.0
2026-06-14,604,36.29995,127.59654,118.05,금산군,23.37230823297208,0.5
2026-06-15,604,36.29995,127.59654,118.05,금산군,23.37230823297208,0.0
2026-06-16,604,36.29995,127.59654,118.05,금산군,23.37230823297208,0.0
2026-06-17,604,36.29995,127.59654,118.05,금산군,23.37230823297208,26.0
2026-06-18,604,36.29995,127.59654,118.05,금산군,23.37230823297208,1.5
2026-06-19,604,36.29995,127.59654,118.05,금산군,23.37230823297208,9.0
2026-06-20,604,36.29995,127.59654,118.05,금산군,23.37230823297208,44.5
2026-06-21,604,36.29995,127.59654,118.05,금산군,23.37230823297208,0.5
2026-06-22,604,36.29995,127.59654,118.05,금산군,23.37230823297208,0.0
2026-06-23,604,36.29995,127.59654,118.05,금산군,23.37230823297208,0.0
2026-06-24,604,36.29995,127.59654,118.05,금산군,23.37230823297208,0.0
2026-06-25,604,36.29995,127.59654,118.05,금산군,23.37230823297208,0.0
2026-06-26,604,36.29995,127.59654,118.05,금산군,23.37230823297208,0.0
2026-06-27,604,36.29995,127.59654,118.05,금산군,23.37230823297208,0.0
2026-06-28,604,36.29995,127.59654,118.05,금산군,23.37230823297208,0.0
2026-06-29,604,36.29995,127.59654,118.05,금산군,23.37230823297208,0.0
2026-05-30,605,36.16,127.755,143.0,금산군,24.627068622586954,0.0
2026-05-31,605,36.16,127.755,143.0,금산군,24.627068622586954,0.0
2026-06-01,605,36.16,127.755,143.0,금산군,24.627068622586954,0.0
2026-06-02,605,36.16,127.755,143.0,금산군,24.627068622586954,0.0
2026-06-03,605,36.16,127.755,143.0,금산군,24.627068622586954,0.0
2026-06-04,605,36.16,127.755,143.0,금산군,24.627068622586954,0.0
2026-06-05,605,36.16,127.755,143.0,금산군,24.627068622586954,0.0
2026-06-06,605,36.16,127.755,143.0,금산군,24.627068622586954,0.0
2026-06-07,605,36.16,127.755,143.0,금산군,24.627068622586954,0.0
2026-06-08,605,36.16,127.755,143.0,금산군,24.627068622586954,0.0
2026-06-09,605,36.16,127.755,143.0,금산군,24.627068622586954,0.0
2026-06-10,605,36.16,127.755,143.0,금산군,24.627068622586954,0.0
2026-06-11,605,36.16,127.755,143.0,금산군,24.627068622586954,0.5
2026-06-12,605,36.16,127.755,143.0,금산군,24.627068622586954,0.0
2026-06-13,605,36.16,127.755,143.0,금산군,24.627068622586954,0.0
2026-06-14,605,36.16,127.755,143.0,금산군,24.627068622586954,0.0
2026-06-15,605,36.16,127.755,143.0,금산군,24.627068622586954,0.0
2026-06-16,605,36.16,127.755,143.0,금산군,24.627068622586954,0.0
2026-06-17,605,36.16,127.755,143.0,금산군,24.627068622586954,13.5
2026-06-18,605,36.16,127.755,143.0,금산군,24.627068622586954,6.0
2026-06-19,605,36.16,127.755,143.0,금산군,24.627068622586954,10.0
2026-06-20,605,36.16,127.755,143.0,금산군,24.627068622586954,26.5
2026-06-21,605,36.16,127.755,143.0,금산군,24.627068622586954,0.5
2026-06-22,605,36.16,127.755,143.0,금산군,24.627068622586954,0.0
2026-06-23,605,36.16,127.755,143.0,금산군,24.627068622586954,0.0
2026-06-24,605,36.16,127.755,143.0,금산군,24.627068622586954,0.0
2026-06-25,605,36.16,127.755,143.0,금산군,24.627068622586954,0.0
2026-06-26,605,36.16,127.755,143.0,금산군,24.627068622586954,0.0
2026-06-27,605,36.16,127.755,143.0,금산군,24.627068622586954,0.0
2026-06-28,605,36.16,127.755,143.0,금산군,24.627068622586954,0.0
2026-06-29,605,36.16,127.755,143.0,금산군,24.627068622586954,0.0
2026-05-30,647,36.12474,127.68507,118.4,금산군,17.772486984058947,0.0
2026-05-31,647,36.12474,127.68507,118.4,금산군,17.772486984058947,0.0
2026-06-01,647,36.12474,127.68507,118.4,금산군,17.772486984058947,0.0
2026-06-02,647,36.12474,127.68507,118.4,금산군,17.772486984058947,0.0
2026-06-03,647,36.12474,127.68507,118.4,금산군,17.772486984058947,0.0
2026-06-04,647,36.12474,127.68507,118.4,금산군,17.772486984058947,0.0
2026-06-05,647,36.12474,127.68507,118.4,금산군,17.772486984058947,0.0
2026-06-06,647,36.12474,127.68507,118.4,금산군,17.772486984058947,0.0
2026-06-07,647,36.12474,127.68507,118.4,금산군,17.772486984058947,0.0
2026-06-08,647,36.12474,127.68507,118.4,금산군,17.772486984058947,0.0
2026-06-09,647,36.12474,127.68507,118.4,금산군,17.772486984058947,0.5
2026-06-10,647,36.12474,127.68507,118.4,금산군,17.772486984058947,0.0
2026-06-11,647,36.12474,127.68507,118.4,금산군,17.772486984058947,0.0
2026-06-12,647,36.12474,127.68507,118.4,금산군,17.772486984058947,0.0
2026-06-13,647,36.12474,127.68507,118.4,금산군,17.772486984058947,0.0
2026-06-14,647,36.12474,127.68507,118.4,금산군,17.772486984058947,0.0
2026-06-15,647,36.12474,127.68507,118.4,금산군,17.772486984058947,0.0
2026-06-16,647,36.12474,127.68507,118.4,금산군,17.772486984058947,0.0
2026-06-17,647,36.12474,127.68507,118.4,금산군,17.772486984058947,8.0
2026-06-18,647,36.12474,127.68507,118.4,금산군,17.772486984058947,6.5
2026-06-19,647,36.12474,127.68507,118.4,금산군,17.772486984058947,8.5
2026-06-20,647,36.12474,127.68507,118.4,금산군,17.772486984058947,31.5
2026-06-21,647,36.12474,127.68507,118.4,금산군,17.772486984058947,1.0
2026-06-22,647,36.12474,127.68507,118.4,금산군,17.772486984058947,0.0
2026-06-23,647,36.12474,127.68507,118.4,금산군,17.772486984058947,0.0
2026-06-24,647,36.12474,127.68507,118.4,금산군,17.772486984058947,0.0
2026-06-25,647,36.12474,127.68507,118.4,금산군,17.772486984058947,0.0
2026-06-26,647,36.12474,127.68507,118.4,금산군,17.772486984058947,0.0
2026-06-27,647,36.12474,127.68507,118.4,금산군,17.772486984058947,0.0
2026-06-28,647,36.12474,127.68507,118.4,금산군,17.772486984058947,0.0
2026-06-29,647,36.12474,127.68507,118.4,금산군,17.772486984058947,0.0
2026-05-30,701,36.00168,127.66836,212.0,금산군,20.104059139250346,0.0
2026-05-31,701,36.00168,127.66836,212.0,금산군,20.104059139250346,0.0
2026-06-01,701,36.00168,127.66836,212.0,금산군,20.104059139250346,0.0
2026-06-02,701,36.00168,127.66836,212.0,금산군,20.104059139250346,0.0
2026-06-03,701,36.00168,127.66836,212.0,금산군,20.104059139250346,0.0
2026-06-04,701,36.00168,127.66836,212.0,금산군,20.104059139250346,0.0
2026-06-05,701,36.00168,127.66836,212.0,금산군,20.104059139250346,0.0
2026-06-06,701,36.00168,127.66836,212.0,금산군,20.104059139250346,0.0
2026-06-07,701,36.00168,127.66836,212.0,금산군,20.104059139250346,0.0
2026-06-08,701,36.00168,127.66836,212.0,금산군,20.104059139250346,0.0
2026-06-09,701,36.00168,127.66836,212.0,금산군,20.104059139250346,0.0
2026-06-10,701,36.00168,127.66836,212.0,금산군,20.104059139250346,0.0
2026-06-11,701,36.00168,127.66836,212.0,금산군,20.104059139250346,0.0
2026-06-12,701,36.00168,127.66836,212.0,금산군,20.104059139250346,0.0
2026-06-13,701,36.00168,127.66836,212.0,금산군,20.104059139250346,0.0
2026-06-14,701,36.00168,127.66836,212.0,금산군,20.104059139250346,0.0
2026-06-15,701,36.00168,127.66836,212.0,금산군,20.104059139250346,0.0
2026-06-16,701,36.00168,127.66836,212.0,금산군,20.104059139250346,0.0
2026-06-17,701,36.00168,127.66836,212.0,금산군,20.104059139250346,4.0
2026-06-18,701,36.00168,127.66836,212.0,금산군,20.104059139250346,7.5
2026-06-19,701,36.00168,127.66836,212.0,금산군,20.104059139250346,7.5
2026-06-20,701,36.00168,127.66836,212.0,금산군,20.104059139250346,24.0
2026-06-21,701,36.00168,127.66836,212.0,금산군,20.104059139250346,4.5
2026-06-22,701,36.00168,127.66836,212.0,금산군,20.104059139250346,0.0
2026-06-23,701,36.00168,127.66836,212.0,금산군,20.104059139250346,0.0
2026-06-24,701,36.00168,127.66836,212.0,금산군,20.104059139250346,0.0
2026-06-25,701,36.00168,127.66836,212.0,금산군,20.104059139250346,0.0
2026-06-26,701,36.00168,127.66836,212.0,금산군,20.104059139250346,0.0
2026-06-27,701,36.00168,127.66836,212.0,금산군,20.104059139250346,0.0
2026-06-28,701,36.00168,127.66836,212.0,금산군,20.104059139250346,0.0
2026-06-29,701,36.00168,127.66836,212.0,금산군,20.104059139250346,0.0
2026-05-30,734,35.98551,127.24573,64.36,금산군,25.751651136135298,0.0
2026-05-31,734,35.98551,127.24573,64.36,금산군,25.751651136135298,0.0
2026-06-01,734,35.98551,127.24573,64.36,금산군,25.751651136135298,0.0
2026-06-02,734,35.98551,127.24573,64.36,금산군,25.751651136135298,0.0
2026-06-03,734,35.98551,127.24573,64.36,금산군,25.751651136135298,0.0
2026-06-04,734,35.98551,127.24573,64.36,금산군,25.751651136135298,0.0
2026-06-05,734,35.98551,127.24573,64.36,금산군,25.751651136135298,0.0
2026-06-06,734,35.98551,127.24573,64.36,금산군,25.751651136135298,0.0
2026-06-07,734,35.98551,127.24573,64.36,금산군,25.751651136135298,0.0
2026-06-08,734,35.98551,127.24573,64.36,금산군,25.751651136135298,0.0
2026-06-09,734,35.98551,127.24573,64.36,금산군,25.751651136135298,0.0
2026-06-10,734,35.98551,127.24573,64.36,금산군,25.751651136135298,0.0
2026-06-11,734,35.98551,127.24573,64.36,금산군,25.751651136135298,0.0
2026-06-12,734,35.98551,127.24573,64.36,금산군,25.751651136135298,0.0
2026-06-13,734,35.98551,127.24573,64.36,금산군,25.751651136135298,0.0
2026-06-14,734,35.98551,127.24573,64.36,금산군,25.751651136135298,2.6
2026-06-15,734,35.98551,127.24573,64.36,금산군,25.751651136135298,0.0
2026-06-16,734,35.98551,127.24573,64.36,금산군,25.751651136135298,0.0
2026-06-17,734,35.98551,127.24573,64.36,금산군,25.751651136135298,11.3
2026-06-18,734,35.98551,127.24573,64.36,금산군,25.751651136135298,5.7
2026-06-19,734,35.98551,127.24573,64.36,금산군,25.751651136135298,8.3
2026-06-20,734,35.98551,127.24573,64.36,금산군,25.751651136135298,42.7
2026-06-21,734,35.98551,127.24573,64.36,금산군,25.751651136135298,5.8
2026-06-22,734,35.98551,127.24573,64.36,금산군,25.751651136135298,21.8
2026-06-23,734,35.98551,127.24573,64.36,금산군,25.751651136135298,0.0
2026-06-24,734,35.98551,127.24573,64.36,금산군,25.751651136135298,0.0
2026-06-25,734,35.98551,127.24573,64.36,금산군,25.751651136135298,0.0
2026-06-26,734,35.98551,127.24573,64.36,금산군,25.751651136135298,0.0
2026-06-27,734,35.98551,127.24573,64.36,금산군,25.751651136135298,0.0
2026-06-28,734,35.98551,127.24573,64.36,금산군,25.751651136135298,0.0
2026-06-29,734,35.98551,127.24573,64.36,금산군,25.751651136135298,0.0
2026-05-30,757,35.97436,127.43596,269.51,금산군,15.669567862302083,0.0
2026-05-31,757,35.97436,127.43596,269.51,금산군,15.669567862302083,0.0
2026-06-01,757,35.97436,127.43596,269.51,금산군,15.669567862302083,0.0
2026-06-02,757,35.97436,127.43596,269.51,금산군,15.669567862302083,0.0
2026-06-03,757,35.97436,127.43596,269.51,금산군,15.669567862302083,0.0
2026-06-04,757,35.97436,127.43596,269.51,금산군,15.669567862302083,2.5
2026-06-05,757,35.97436,127.43596,269.51,금산군,15.669567862302083,0.0
2026-06-06,757,35.97436,127.43596,269.51,금산군,15.669567862302083,0.0
2026-06-07,757,35.97436,127.43596,269.51,금산군,15.669567862302083,0.0
2026-06-08,757,35.97436,127.43596,269.51,금산군,15.669567862302083,0.0
2026-06-09,757,35.97436,127.43596,269.51,금산군,15.669567862302083,0.0
2026-06-10,757,35.97436,127.43596,269.51,금산군,15.669567862302083,0.0
2026-06-11,757,35.97436,127.43596,269.51,금산군,15.669567862302083,0.0
2026-06-12,757,35.97436,127.43596,269.51,금산군,15.669567862302083,0.0
2026-06-13,757,35.97436,127.43596,269.51,금산군,15.669567862302083,0.0
2026-06-14,757,35.97436,127.43596,269.51,금산군,15.669567862302083,1.0
2026-06-15,757,35.97436,127.43596,269.51,금산군,15.669567862302083,0.0
2026-06-16,757,35.97436,127.43596,269.51,금산군,15.669567862302083,0.0
2026-06-17,757,35.97436,127.43596,269.51,금산군,15.669567862302083,4.0
2026-06-18,757,35.97436,127.43596,269.51,금산군,15.669567862302083,4.0
2026-06-19,757,35.97436,127.43596,269.51,금산군,15.669567862302083,11.0
2026-06-20,757,35.97436,127.43596,269.51,금산군,15.669567862302083,70.0
2026-06-21,757,35.97436,127.43596,269.51,금산군,15.669567862302083,2.5
2026-06-22,757,35.97436,127.43596,269.51,금산군,15.669567862302083,34.0
2026-06-23,757,35.97436,127.43596,269.51,금산군,15.669567862302083,0.0
2026-06-24,757,35.97436,127.43596,269.51,금산군,15.669567862302083,0.0
2026-06-25,757,35.97436,127.43596,269.51,금산군,15.669567862302083,0.0
2026-06-26,757,35.97436,127.43596,269.51,금산군,15.669567862302083,0.0
2026-06-27,757,35.97436,127.43596,269.51,금산군,15.669567862302083,0.0
2026-06-28,757,35.97436,127.43596,269.51,금산군,15.669567862302083,0.0
2026-06-29,757,35.97436,127.43596,269.51,금산군,15.669567862302083,0.0
2026-05-30,615,36.21164,127.10815,8.15,논산시,2.8574391369340826,0.0
2026-05-31,615,36.21164,127.10815,8.15,논산시,2.8574391369340826,0.0
2026-06-01,615,36.21164,127.10815,8.15,논산시,2.8574391369340826,0.0
2026-06-02,615,36.21164,127.10815,8.15,논산시,2.8574391369340826,0.0
2026-06-03,615,36.21164,127.10815,8.15,논산시,2.8574391369340826,0.0
2026-06-04,615,36.21164,127.10815,8.15,논산시,2.8574391369340826,0.0
2026-06-05,615,36.21164,127.10815,8.15,논산시,2.8574391369340826,0.0
2026-06-06,615,36.21164,127.10815,8.15,논산시,2.8574391369340826,0.0
2026-06-07,615,36.21164,127.10815,8.15,논산시,2.8574391369340826,0.0
2026-06-08,615,36.21164,127.10815,8.15,논산시,2.8574391369340826,0.0
2026-06-09,615,36.21164,127.10815,8.15,논산시,2.8574391369340826,0.0
2026-06-10,615,36.21164,127.10815,8.15,논산시,2.8574391369340826,0.0
2026-06-11,615,36.21164,127.10815,8.15,논산시,2.8574391369340826,0.0
2026-06-12,615,36.21164,127.10815,8.15,논산시,2.8574391369340826,0.0
2026-06-13,615,36.21164,127.10815,8.15,논산시,2.8574391369340826,0.0
2026-06-14,615,36.21164,127.10815,8.15,논산시,2.8574391369340826,0.5
2026-06-15,615,36.21164,127.10815,8.15,논산시,2.8574391369340826,0.0
2026-06-16,615,36.21164,127.10815,8.15,논산시,2.8574391369340826,0.0
2026-06-17,615,36.21164,127.10815,8.15,논산시,2.8574391369340826,17.0
2026-06-18,615,36.21164,127.10815,8.15,논산시,2.8574391369340826,3.5
2026-06-19,615,36.21164,127.10815,8.15,논산시,2.8574391369340826,11.5
2026-06-20,615,36.21164,127.10815,8.15,논산시,2.8574391369340826,42.0
2026-06-21,615,36.21164,127.10815,8.15,논산시,2.8574391369340826,0.0
2026-06-22,615,36.21164,127.10815,8.15,논산시,2.8574391369340826,0.0
2026-06-23,615,36.21164,127.10815,8.15,논산시,2.8574391369340826,0.0
2026-06-24,615,36.21164,127.10815,8.15,논산시,2.8574391369340826,0.0
2026-06-25,615,36.21164,127.10815,8.15,논산시,2.8574391369340826,0.0
2026-06-26,615,36.21164,127.10815,8.15,논산시,2.8574391369340826,0.0
2026-06-27,615,36.21164,127.10815,8.15,논산시,2.8574391369340826,0.0
2026-06-28,615,36.21164,127.10815,8.15,논산시,2.8574391369340826,0.0
2026-06-29,615,36.21164,127.10815,8.15,논산시,2.8574391369340826,0.0
2026-05-30,644,36.13662,127.09004,24.5,논산시,5.666703336984743,0.0
2026-05-31,644,36.13662,127.09004,24.5,논산시,5.666703336984743,0.0
2026-06-01,644,36.13662,127.09004,24.5,논산시,5.666703336984743,0.0
2026-06-02,644,36.13662,127.09004,24.5,논산시,5.666703336984743,0.0
2026-06-03,644,36.13662,127.09004,24.5,논산시,5.666703336984743,0.0
2026-06-04,644,36.13662,127.09004,24.5,논산시,5.666703336984743,0.0
2026-06-05,644,36.13662,127.09004,24.5,논산시,5.666703336984743,0.0
2026-06-06,644,36.13662,127.09004,24.5,논산시,5.666703336984743,0.0
2026-06-07,644,36.13662,127.09004,24.5,논산시,5.666703336984743,0.0
2026-06-08,644,36.13662,127.09004,24.5,논산시,5.666703336984743,0.0
2026-06-09,644,36.13662,127.09004,24.5,논산시,5.666703336984743,0.0
2026-06-10,644,36.13662,127.09004,24.5,논산시,5.666703336984743,0.0
2026-06-11,644,36.13662,127.09004,24.5,논산시,5.666703336984743,0.0
2026-06-12,644,36.13662,127.09004,24.5,논산시,5.666703336984743,0.0
2026-06-13,644,36.13662,127.09004,24.5,논산시,5.666703336984743,0.0
2026-06-14,644,36.13662,127.09004,24.5,논산시,5.666703336984743,2.5
2026-06-17,644,36.13662,127.09004,24.5,논산시,5.666703336984743,46.5
2026-06-18,644,36.13662,127.09004,24.5,논산시,5.666703336984743,2.5
2026-06-19,644,36.13662,127.09004,24.5,논산시,5.666703336984743,12.0
2026-06-20,644,36.13662,127.09004,24.5,논산시,5.666703336984743,29.5
2026-06-21,644,36.13662,127.09004,24.5,논산시,5.666703336984743,0.5
2026-06-22,644,36.13662,127.09004,24.5,논산시,5.666703336984743,0.0
2026-06-23,644,36.13662,127.09004,24.5,논산시,5.666703336984743,0.0
2026-06-24,644,36.13662,127.09004,24.5,논산시,5.666703336984743,0.0
2026-06-25,644,36.13662,127.09004,24.5,논산시,5.666703336984743,0.0
2026-06-26,644,36.13662,127.09004,24.5,논산시,5.666703336984743,0.0
2026-06-27,644,36.13662,127.09004,24.5,논산시,5.666703336984743,0.0
2026-06-28,644,36.13662,127.09004,24.5,논산시,5.666703336984743,0.0
2026-06-29,644,36.13662,127.09004,24.5,논산시,5.666703336984743,0.0
2026-05-30,702,35.93807,126.99252,11.0,논산시,29.289522216497577,0.0
2026-05-31,702,35.93807,126.99252,11.0,논산시,29.289522216497577,0.0
2026-06-01,702,35.93807,126.99252,11.0,논산시,29.289522216497577,0.0
2026-06-02,702,35.93807,126.99252,11.0,논산시,29.289522216497577,0.0
2026-06-03,702,35.93807,126.99252,11.0,논산시,29.289522216497577,0.0
2026-06-04,702,35.93807,126.99252,11.0,논산시,29.289522216497577,0.0
2026-06-05,702,35.93807,126.99252,11.0,논산시,29.289522216497577,0.0
2026-06-06,702,35.93807,126.99252,11.0,논산시,29.289522216497577,0.0
2026-06-07,702,35.93807,126.99252,11.0,논산시,29.289522216497577,0.0
2026-06-08,702,35.93807,126.99252,11.0,논산시,29.289522216497577,0.0
2026-06-09,702,35.93807,126.99252,11.0,논산시,29.289522216497577,0.0
2026-06-10,702,35.93807,126.99252,11.0,논산시,29.289522216497577,0.0
2026-06-11,702,35.93807,126.99252,11.0,논산시,29.289522216497577,0.0
2026-06-12,702,35.93807,126.99252,11.0,논산시,29.289522216497577,0.0
2026-06-13,702,35.93807,126.99252,11.0,논산시,29.289522216497577,0.0
2026-06-14,702,35.93807,126.99252,11.0,논산시,29.289522216497577,9.2
2026-06-15,702,35.93807,126.99252,11.0,논산시,29.289522216497577,0.0
2026-06-16,702,35.93807,126.99252,11.0,논산시,29.289522216497577,0.0
2026-06-17,702,35.93807,126.99252,11.0,논산시,29.289522216497577,9.9
2026-06-18,702,35.93807,126.99252,11.0,논산시,29.289522216497577,3.3
2026-06-19,702,35.93807,126.99252,11.0,논산시,29.289522216497577,11.5
2026-06-20,702,35.93807,126.99252,11.0,논산시,29.289522216497577,32.7
2026-06-21,702,35.93807,126.99252,11.0,논산시,29.289522216497577,0.1
2026-06-22,702,35.93807,126.99252,11.0,논산시,29.289522216497577,0.0
2026-06-23,702,35.93807,126.99252,11.0,논산시,29.289522216497577,0.0
2026-06-24,702,35.93807,126.99252,11.0,논산시,29.289522216497577,0.0
2026-06-25,702,35.93807,126.99252,11.0,논산시,29.289522216497577,0.0
2026-06-26,702,35.93807,126.99252,11.0,논산시,29.289522216497577,0.0
2026-06-27,702,35.93807,126.99252,11.0,논산시,29.289522216497577,0.0
2026-06-28,702,35.93807,126.99252,11.0,논산시,29.289522216497577,0.0
2026-06-29,702,35.93807,126.99252,11.0,논산시,29.289522216497577,0.0
2026-05-30,763,36.0592,127.062,38.0,논산시,14.598841500451297,0.0
2026-05-31,763,36.0592,127.062,38.0,논산시,14.598841500451297,0.0
2026-06-01,763,36.0592,127.062,38.0,논산시,14.598841500451297,0.0
2026-06-02,763,36.0592,127.062,38.0,논산시,14.598841500451297,0.0
2026-06-03,763,36.0592,127.062,38.0,논산시,14.598841500451297,0.0
2026-06-04,763,36.0592,127.062,38.0,논산시,14.598841500451297,0.0
2026-06-05,763,36.0592,127.062,38.0,논산시,14.598841500451297,0.0
2026-06-06,763,36.0592,127.062,38.0,논산시,14.598841500451297,0.0
2026-06-07,763,36.0592,127.062,38.0,논산시,14.598841500451297,0.0
2026-06-08,763,36.0592,127.062,38.0,논산시,14.598841500451297,0.0
2026-06-09,763,36.0592,127.062,38.0,논산시,14.598841500451297,0.0
2026-06-10,763,36.0592,127.062,38.0,논산시,14.598841500451297,0.0
2026-06-11,763,36.0592,127.062,38.0,논산시,14.598841500451297,0.0
2026-06-12,763,36.0592,127.062,38.0,논산시,14.598841500451297,0.0
2026-06-13,763,36.0592,127.062,38.0,논산시,14.598841500451297,0.0
2026-06-14,763,36.0592,127.062,38.0,논산시,14.598841500451297,17.5
2026-06-15,763,36.0592,127.062,38.0,논산시,14.598841500451297,0.0
2026-06-16,763,36.0592,127.062,38.0,논산시,14.598841500451297,0.0
2026-06-17,763,36.0592,127.062,38.0,논산시,14.598841500451297,12.5
2026-06-18,763,36.0592,127.062,38.0,논산시,14.598841500451297,4.0
2026-06-19,763,36.0592,127.062,38.0,논산시,14.598841500451297,11.5
2026-06-20,763,36.0592,127.062,38.0,논산시,14.598841500451297,33.0
2026-06-21,763,36.0592,127.062,38.0,논산시,14.598841500451297,0.5
2026-06-22,763,36.0592,127.062,38.0,논산시,14.598841500451297,0.0
2026-06-23,763,36.0592,127.062,38.0,논산시,14.598841500451297,0.0
2026-06-24,763,36.0592,127.062,38.0,논산시,14.598841500451297,0.0
2026-06-25,763,36.0592,127.062,38.0,논산시,14.598841500451297,0.0
2026-06-26,763,36.0592,127.062,38.0,논산시,14.598841500451297,0.0
2026-06-27,763,36.0592,127.062,38.0,논산시,14.598841500451297,0.0
2026-06-28,763,36.0592,127.062,38.0,논산시,14.598841500451297,0.0
2026-06-29,763,36.0592,127.062,38.0,논산시,14.598841500451297,0.0
2026-05-30,472,36.9845,126.85475,18.99,당진시,22.506387806263813,0.0
2026-05-31,472,36.9845,126.85475,18.99,당진시,22.506387806263813,0.0
2026-06-01,472,36.9845,126.85475,18.99,당진시,22.506387806263813,0.0
2026-06-02,472,36.9845,126.85475,18.99,당진시,22.506387806263813,0.0
2026-06-03,472,36.9845,126.85475,18.99,당진시,22.506387806263813,0.0
2026-06-04,472,36.9845,126.85475,18.99,당진시,22.506387806263813,4.0
2026-06-05,472,36.9845,126.85475,18.99,당진시,22.506387806263813,0.0
2026-06-06,472,36.9845,126.85475,18.99,당진시,22.506387806263813,0.0
2026-06-07,472,36.9845,126.85475,18.99,당진시,22.506387806263813,0.0
2026-06-08,472,36.9845,126.85475,18.99,당진시,22.506387806263813,0.0
2026-06-09,472,36.9845,126.85475,18.99,당진시,22.506387806263813,0.0
2026-06-10,472,36.9845,126.85475,18.99,당진시,22.506387806263813,0.0
2026-06-11,472,36.9845,126.85475,18.99,당진시,22.506387806263813,0.0
2026-06-12,472,36.9845,126.85475,18.99,당진시,22.506387806263813,0.0
2026-06-13,472,36.9845,126.85475,18.99,당진시,22.506387806263813,0.0
2026-06-14,472,36.9845,126.85475,18.99,당진시,22.506387806263813,0.0
2026-06-15,472,36.9845,126.85475,18.99,당진시,22.506387806263813,0.0
2026-06-16,472,36.9845,126.85475,18.99,당진시,22.506387806263813,0.0
2026-06-17,472,36.9845,126.85475,18.99,당진시,22.506387806263813,0.0
2026-06-18,472,36.9845,126.85475,18.99,당진시,22.506387806263813,0.0
2026-06-19,472,36.9845,126.85475,18.99,당진시,22.506387806263813,5.5
2026-06-20,472,36.9845,126.85475,18.99,당진시,22.506387806263813,8.0
2026-06-23,472,36.9845,126.85475,18.99,당진시,22.506387806263813,0.0
2026-06-24,472,36.9845,126.85475,18.99,당진시,22.506387806263813,0.0
2026-06-25,472,36.9845,126.85475,18.99,당진시,22.506387806263813,0.0
2026-06-26,472,36.9845,126.85475,18.99,당진시,22.506387806263813,0.0
2026-06-27,472,36.9845,126.85475,18.99,당진시,22.506387806263813,0.0
2026-06-28,472,36.9845,126.85475,18.99,당진시,22.506387806263813,0.0
2026-06-29,472,36.9845,126.85475,18.99,당진시,22.506387806263813,0.0
2026-05-30,489,37.16658,126.70881,25.46,당진시,31.15151688322955,0.0
2026-05-31,489,37.16658,126.70881,25.46,당진시,31.15151688322955,0.0
2026-06-01,489,37.16658,126.70881,25.46,당진시,31.15151688322955,0.0
2026-06-02,489,37.16658,126.70881,25.46,당진시,31.15151688322955,0.0
2026-06-03,489,37.16658,126.70881,25.46,당진시,31.15151688322955,0.0
2026-06-04,489,37.16658,126.70881,25.46,당진시,31.15151688322955,0.5
2026-06-05,489,37.16658,126.70881,25.46,당진시,31.15151688322955,0.0
2026-06-06,489,37.16658,126.70881,25.46,당진시,31.15151688322955,0.0
2026-06-07,489,37.16658,126.70881,25.46,당진시,31.15151688322955,0.0
2026-06-08,489,37.16658,126.70881,25.46,당진시,31.15151688322955,0.0
2026-06-09,489,37.16658,126.70881,25.46,당진시,31.15151688322955,0.0
2026-06-10,489,37.16658,126.70881,25.46,당진시,31.15151688322955,0.0
2026-06-11,489,37.16658,126.70881,25.46,당진시,31.15151688322955,0.0
2026-06-12,489,37.16658,126.70881,25.46,당진시,31.15151688322955,0.0
2026-06-13,489,37.16658,126.70881,25.46,당진시,31.15151688322955,0.0
2026-06-14,489,37.16658,126.70881,25.46,당진시,31.15151688322955,0.0
2026-06-15,489,37.16658,126.70881,25.46,당진시,31.15151688322955,0.0
2026-06-16,489,37.16658,126.70881,25.46,당진시,31.15151688322955,0.0
2026-06-17,489,37.16658,126.70881,25.46,당진시,31.15151688322955,0.0
2026-06-18,489,37.16658,126.70881,25.46,당진시,31.15151688322955,0.0
2026-06-19,489,37.16658,126.70881,25.46,당진시,31.15151688322955,1.5
2026-06-20,489,37.16658,126.70881,25.46,당진시,31.15151688322955,66.5
2026-06-21,489,37.16658,126.70881,25.46,당진시,31.15151688322955,0.0
2026-06-22,489,37.16658,126.70881,25.46,당진시,31.15151688322955,0.0
2026-06-23,489,37.16658,126.70881,25.46,당진시,31.15151688322955,0.0
2026-06-24,489,37.16658,126.70881,25.46,당진시,31.15151688322955,0.0
2026-06-25,489,37.16658,126.70881,25.46,당진시,31.15151688322955,0.0
2026-06-26,489,37.16658,126.70881,25.46,당진시,31.15151688322955,0.0
2026-06-27,489,37.16658,126.70881,25.46,당진시,31.15151688322955,0.0
2026-06-28,489,37.16658,126.70881,25.46,당진시,31.15151688322955,0.0
2026-06-29,489,37.16658,126.70881,25.46,당진시,31.15151688322955,0.0
2026-05-30,515,37.08453,126.77389,10.47,당진시,24.829875964312116,0.0
2026-05-31,515,37.08453,126.77389,10.47,당진시,24.829875964312116,0.0
2026-06-01,515,37.08453,126.77389,10.47,당진시,24.829875964312116,0.0
2026-06-02,515,37.08453,126.77389,10.47,당진시,24.829875964312116,0.0
2026-06-03,515,37.08453,126.77389,10.47,당진시,24.829875964312116,0.0
2026-06-04,515,37.08453,126.77389,10.47,당진시,24.829875964312116,0.0
2026-06-05,515,37.08453,126.77389,10.47,당진시,24.829875964312116,0.0
2026-06-06,515,37.08453,126.77389,10.47,당진시,24.829875964312116,0.0
2026-06-07,515,37.08453,126.77389,10.47,당진시,24.829875964312116,0.0
2026-06-08,515,37.08453,126.77389,10.47,당진시,24.829875964312116,0.0
2026-06-09,515,37.08453,126.77389,10.47,당진시,24.829875964312116,0.0
2026-06-10,515,37.08453,126.77389,10.47,당진시,24.829875964312116,0.0
2026-06-11,515,37.08453,126.77389,10.47,당진시,24.829875964312116,0.0
2026-06-12,515,37.08453,126.77389,10.47,당진시,24.829875964312116,0.0
2026-06-13,515,37.08453,126.77389,10.47,당진시,24.829875964312116,0.0
2026-06-14,515,37.08453,126.77389,10.47,당진시,24.829875964312116,0.0
2026-06-15,515,37.08453,126.77389,10.47,당진시,24.829875964312116,0.0
2026-06-16,515,37.08453,126.77389,10.47,당진시,24.829875964312116,0.0
2026-06-17,515,37.08453,126.77389,10.47,당진시,24.829875964312116,0.0
2026-06-18,515,37.08453,126.77389,10.47,당진시,24.829875964312116,0.0
2026-06-19,515,37.08453,126.77389,10.47,당진시,24.829875964312116,4.5
2026-06-20,515,37.08453,126.77389,10.47,당진시,24.829875964312116,41.0
2026-06-21,515,37.08453,126.77389,10.47,당진시,24.829875964312116,0.0
2026-06-22,515,37.08453,126.77389,10.47,당진시,24.829875964312116,0.0
2026-06-23,515,37.08453,126.77389,10.47,당진시,24.829875964312116,0.0
2026-06-24,515,37.08453,126.77389,10.47,당진시,24.829875964312116,0.0
2026-06-25,515,37.08453,126.77389,10.47,당진시,24.829875964312116,0.0
2026-06-26,515,37.08453,126.77389,10.47,당진시,24.829875964312116,0.0
2026-06-27,515,37.08453,126.77389,10.47,당진시,24.829875964312116,0.0
2026-06-28,515,37.08453,126.77389,10.47,당진시,24.829875964312116,0.0
2026-06-29,515,37.08453,126.77389,10.47,당진시,24.829875964312116,0.0
2026-05-30,544,37.18565,126.6544,10.96,당진시,32.52372602698006,0.0
2026-05-31,544,37.18565,126.6544,10.96,당진시,32.52372602698006,0.0
2026-06-01,544,37.18565,126.6544,10.96,당진시,32.52372602698006,0.0
2026-06-02,544,37.18565,126.6544,10.96,당진시,32.52372602698006,0.0
2026-06-03,544,37.18565,126.6544,10.96,당진시,32.52372602698006,0.0
2026-06-04,544,37.18565,126.6544,10.96,당진시,32.52372602698006,0.5
2026-06-05,544,37.18565,126.6544,10.96,당진시,32.52372602698006,0.0
2026-06-06,544,37.18565,126.6544,10.96,당진시,32.52372602698006,0.0
2026-06-07,544,37.18565,126.6544,10.96,당진시,32.52372602698006,0.0
2026-06-08,544,37.18565,126.6544,10.96,당진시,32.52372602698006,0.0
2026-06-09,544,37.18565,126.6544,10.96,당진시,32.52372602698006,0.0
2026-06-10,544,37.18565,126.6544,10.96,당진시,32.52372602698006,0.0
2026-06-11,544,37.18565,126.6544,10.96,당진시,32.52372602698006,0.0
2026-06-12,544,37.18565,126.6544,10.96,당진시,32.52372602698006,0.0
2026-06-13,544,37.18565,126.6544,10.96,당진시,32.52372602698006,0.0
2026-06-14,544,37.18565,126.6544,10.96,당진시,32.52372602698006,0.0
2026-06-15,544,37.18565,126.6544,10.96,당진시,32.52372602698006,0.0
2026-06-16,544,37.18565,126.6544,10.96,당진시,32.52372602698006,0.0
2026-06-17,544,37.18565,126.6544,10.96,당진시,32.52372602698006,0.0
2026-06-18,544,37.18565,126.6544,10.96,당진시,32.52372602698006,0.0
2026-06-19,544,37.18565,126.6544,10.96,당진시,32.52372602698006,3.5
2026-06-20,544,37.18565,126.6544,10.96,당진시,32.52372602698006,42.5
2026-06-21,544,37.18565,126.6544,10.96,당진시,32.52372602698006,0.0
2026-06-22,544,37.18565,126.6544,10.96,당진시,32.52372602698006,0.0
2026-06-23,544,37.18565,126.6544,10.96,당진시,32.52372602698006,0.0
2026-06-24,544,37.18565,126.6544,10.96,당진시,32.52372602698006,0.0
2026-06-25,544,37.18565,126.6544,10.96,당진시,32.52372602698006,0.0
2026-06-26,544,37.18565,126.6544,10.96,당진시,32.52372602698006,0.0
2026-06-27,544,37.18565,126.6544,10.96,당진시,32.52372602698006,0.0
2026-06-28,544,37.18565,126.6544,10.96,당진시,32.52372602698006,0.0
2026-06-29,544,37.18565,126.6544,10.96,당진시,32.52372602698006,0.0
2026-05-30,606,37.01061,126.38808,23.22,당진시,24.98130159237199,0.0
2026-05-31,606,37.01061,126.38808,23.22,당진시,24.98130159237199,0.0
2026-06-01,606,37.01061,126.38808,23.22,당진시,24.98130159237199,0.0
2026-06-02,606,37.01061,126.38808,23.22,당진시,24.98130159237199,0.0
2026-06-03,606,37.01061,126.38808,23.22,당진시,24.98130159237199,0.0
2026-06-04,606,37.01061,126.38808,23.22,당진시,24.98130159237199,0.0
2026-06-05,606,37.01061,126.38808,23.22,당진시,24.98130159237199,0.0
2026-06-06,606,37.01061,126.38808,23.22,당진시,24.98130159237199,0.0
2026-06-07,606,37.01061,126.38808,23.22,당진시,24.98130159237199,0.0
2026-06-08,606,37.01061,126.38808,23.22,당진시,24.98130159237199,0.0
2026-06-09,606,37.01061,126.38808,23.22,당진시,24.98130159237199,0.0
2026-06-10,606,37.01061,126.38808,23.22,당진시,24.98130159237199,0.0
2026-06-11,606,37.01061,126.38808,23.22,당진시,24.98130159237199,0.0
2026-06-12,606,37.01061,126.38808,23.22,당진시,24.98130159237199,0.0
2026-06-13,606,37.01061,126.38808,23.22,당진시,24.98130159237199,0.0
2026-06-14,606,37.01061,126.38808,23.22,당진시,24.98130159237199,0.0
2026-06-15,606,37.01061,126.38808,23.22,당진시,24.98130159237199,0.0
2026-06-16,606,37.01061,126.38808,23.22,당진시,24.98130159237199,0.0
2026-06-17,606,37.01061,126.38808,23.22,당진시,24.98130159237199,0.0
2026-06-18,606,37.01061,126.38808,23.22,당진시,24.98130159237199,0.0
2026-06-19,606,37.01061,126.38808,23.22,당진시,24.98130159237199,6.0
2026-06-20,606,37.01061,126.38808,23.22,당진시,24.98130159237199,30.5
2026-06-21,606,37.01061,126.38808,23.22,당진시,24.98130159237199,0.0
2026-06-22,606,37.01061,126.38808,23.22,당진시,24.98130159237199,0.0
2026-06-23,606,37.01061,126.38808,23.22,당진시,24.98130159237199,0.0
2026-06-24,606,37.01061,126.38808,23.22,당진시,24.98130159237199,0.0
2026-06-25,606,37.01061,126.38808,23.22,당진시,24.98130159237199,0.0
2026-06-26,606,37.01061,126.38808,23.22,당진시,24.98130159237199,0.0
2026-06-27,606,37.01061,126.38808,23.22,당진시,24.98130159237199,0.0
2026-06-28,606,37.01061,126.38808,23.22,당진시,24.98130159237199,0.0
2026-06-29,606,37.01061,126.38808,23.22,당진시,24.98130159237199,0.0
2026-05-30,616,36.88936,126.61739,52.4,당진시,1.0937095759127864,0.0
2026-05-31,616,36.88936,126.61739,52.4,당진시,1.0937095759127864,0.0
2026-06-01,616,36.88936,126.61739,52.4,당진시,1.0937095759127864,0.0
2026-06-02,616,36.88936,126.61739,52.4,당진시,1.0937095759127864,0.0
2026-06-03,616,36.88936,126.61739,52.4,당진시,1.0937095759127864,0.0
2026-06-04,616,36.88936,126.61739,52.4,당진시,1.0937095759127864,0.0
2026-06-05,616,36.88936,126.61739,52.4,당진시,1.0937095759127864,0.0
2026-06-06,616,36.88936,126.61739,52.4,당진시,1.0937095759127864,0.0
2026-06-07,616,36.88936,126.61739,52.4,당진시,1.0937095759127864,0.0
2026-06-08,616,36.88936,126.61739,52.4,당진시,1.0937095759127864,0.0
2026-06-09,616,36.88936,126.61739,52.4,당진시,1.0937095759127864,0.0
2026-06-10,616,36.88936,126.61739,52.4,당진시,1.0937095759127864,0.0
2026-06-11,616,36.88936,126.61739,52.4,당진시,1.0937095759127864,0.0
2026-06-12,616,36.88936,126.61739,52.4,당진시,1.0937095759127864,0.0
2026-06-13,616,36.88936,126.61739,52.4,당진시,1.0937095759127864,0.0
2026-06-14,616,36.88936,126.61739,52.4,당진시,1.0937095759127864,0.0
2026-06-15,616,36.88936,126.61739,52.4,당진시,1.0937095759127864,0.0
2026-06-16,616,36.88936,126.61739,52.4,당진시,1.0937095759127864,0.0
2026-06-17,616,36.88936,126.61739,52.4,당진시,1.0937095759127864,0.0
2026-06-18,616,36.88936,126.61739,52.4,당진시,1.0937095759127864,0.0
2026-06-19,616,36.88936,126.61739,52.4,당진시,1.0937095759127864,5.5
2026-06-20,616,36.88936,126.61739,52.4,당진시,1.0937095759127864,52.0
2026-06-21,616,36.88936,126.61739,52.4,당진시,1.0937095759127864,0.0
2026-06-22,616,36.88936,126.61739,52.4,당진시,1.0937095759127864,0.0
2026-06-23,616,36.88936,126.61739,52.4,당진시,1.0937095759127864,0.0
2026-06-24,616,36.88936,126.61739,52.4,당진시,1.0937095759127864,0.0
2026-06-25,616,36.88936,126.61739,52.4,당진시,1.0937095759127864,0.0
2026-06-26,616,36.88936,126.61739,52.4,당진시,1.0937095759127864,0.0
2026-06-27,616,36.88936,126.61739,52.4,당진시,1.0937095759127864,0.0
2026-06-28,616,36.88936,126.61739,52.4,당진시,1.0937095759127864,0.0
2026-06-29,616,36.88936,126.61739,52.4,당진시,1.0937095759127864,0.0
2026-05-30,637,36.87895,126.82381,9.01,당진시,17.467293229624335,0.0
2026-05-31,637,36.87895,126.82381,9.01,당진시,17.467293229624335,0.0
2026-06-01,637,36.87895,126.82381,9.01,당진시,17.467293229624335,0.0
2026-06-02,637,36.87895,126.82381,9.01,당진시,17.467293229624335,0.0
2026-06-03,637,36.87895,126.82381,9.01,당진시,17.467293229624335,0.0
2026-06-04,637,36.87895,126.82381,9.01,당진시,17.467293229624335,0.0
2026-06-05,637,36.87895,126.82381,9.01,당진시,17.467293229624335,0.0
2026-06-06,637,36.87895,126.82381,9.01,당진시,17.467293229624335,0.0
2026-06-07,637,36.87895,126.82381,9.01,당진시,17.467293229624335,0.0
2026-06-08,637,36.87895,126.82381,9.01,당진시,17.467293229624335,0.0
2026-06-09,637,36.87895,126.82381,9.01,당진시,17.467293229624335,0.0
2026-06-10,637,36.87895,126.82381,9.01,당진시,17.467293229624335,0.0
2026-06-11,637,36.87895,126.82381,9.01,당진시,17.467293229624335,0.0
2026-06-12,637,36.87895,126.82381,9.01,당진시,17.467293229624335,0.0
2026-06-13,637,36.87895,126.82381,9.01,당진시,17.467293229624335,0.0
2026-06-14,637,36.87895,126.82381,9.01,당진시,17.467293229624335,0.5
2026-06-15,637,36.87895,126.82381,9.01,당진시,17.467293229624335,0.0
2026-06-16,637,36.87895,126.82381,9.01,당진시,17.467293229624335,0.0
2026-06-17,637,36.87895,126.82381,9.01,당진시,17.467293229624335,0.0
2026-06-18,637,36.87895,126.82381,9.01,당진시,17.467293229624335,0.0
2026-06-19,637,36.87895,126.82381,9.01,당진시,17.467293229624335,6.5
2026-06-20,637,36.87895,126.82381,9.01,당진시,17.467293229624335,28.5
2026-06-21,637,36.87895,126.82381,9.01,당진시,17.467293229624335,0.0
2026-06-22,637,36.87895,126.82381,9.01,당진시,17.467293229624335,0.0
2026-06-23,637,36.87895,126.82381,9.01,당진시,17.467293229624335,0.0
2026-06-24,637,36.87895,126.82381,9.01,당진시,17.467293229624335,0.0
2026-06-25,637,36.87895,126.82381,9.01,당진시,17.467293229624335,0.0
2026-06-26,637,36.87895,126.82381,9.01,당진시,17.467293229624335,0.0
2026-06-27,637,36.87895,126.82381,9.01,당진시,17.467293229624335,0.0
2026-06-28,637,36.87895,126.82381,9.01,당진시,17.467293229624335,0.0
2026-06-29,637,36.87895,126.82381,9.01,당진시,17.467293229624335,0.0
2026-05-30,966,37.1161,126.3856,38.0,당진시,32.78598385374533,0.0
2026-05-31,966,37.1161,126.3856,38.0,당진시,32.78598385374533,0.0
2026-06-01,966,37.1161,126.3856,38.0,당진시,32.78598385374533,0.0
2026-06-02,966,37.1161,126.3856,38.0,당진시,32.78598385374533,0.0
2026-06-03,966,37.1161,126.3856,38.0,당진시,32.78598385374533,0.0
2026-06-04,966,37.1161,126.3856,38.0,당진시,32.78598385374533,0.0
2026-06-05,966,37.1161,126.3856,38.0,당진시,32.78598385374533,0.0
2026-06-06,966,37.1161,126.3856,38.0,당진시,32.78598385374533,0.0
2026-06-07,966,37.1161,126.3856,38.0,당진시,32.78598385374533,0.0
2026-06-08,966,37.1161,126.3856,38.0,당진시,32.78598385374533,0.0
2026-06-09,966,37.1161,126.3856,38.0,당진시,32.78598385374533,0.0
2026-06-10,966,37.1161,126.3856,38.0,당진시,32.78598385374533,0.0
2026-06-11,966,37.1161,126.3856,38.0,당진시,32.78598385374533,0.0
2026-06-12,966,37.1161,126.3856,38.0,당진시,32.78598385374533,0.0
2026-06-13,966,37.1161,126.3856,38.0,당진시,32.78598385374533,0.0
2026-06-14,966,37.1161,126.3856,38.0,당진시,32.78598385374533,0.0
2026-06-15,966,37.1161,126.3856,38.0,당진시,32.78598385374533,0.0
2026-06-16,966,37.1161,126.3856,38.0,당진시,32.78598385374533,0.0
2026-06-17,966,37.1161,126.3856,38.0,당진시,32.78598385374533,0.0
2026-06-18,966,37.1161,126.3856,38.0,당진시,32.78598385374533,0.0
2026-06-19,966,37.1161,126.3856,38.0,당진시,32.78598385374533,2.0
2026-06-20,966,37.1161,126.3856,38.0,당진시,32.78598385374533,23.0
2026-06-21,966,37.1161,126.3856,38.0,당진시,32.78598385374533,0.0
2026-06-22,966,37.1161,126.3856,38.0,당진시,32.78598385374533,0.0
2026-06-23,966,37.1161,126.3856,38.0,당진시,32.78598385374533,0.0
2026-06-24,966,37.1161,126.3856,38.0,당진시,32.78598385374533,0.0
2026-06-25,966,37.1161,126.3856,38.0,당진시,32.78598385374533,0.0
2026-06-26,966,37.1161,126.3856,38.0,당진시,32.78598385374533,0.0
2026-06-27,966,37.1161,126.3856,38.0,당진시,32.78598385374533,0.0
2026-06-28,966,37.1161,126.3856,38.0,당진시,32.78598385374533,0.0
2026-06-29,966,37.1161,126.3856,38.0,당진시,32.78598385374533,0.0
2026-05-30,967,37.1189,126.6128,70.0,당진시,25.056687964176334,0.0
2026-05-31,967,37.1189,126.6128,70.0,당진시,25.056687964176334,0.0
2026-06-01,967,37.1189,126.6128,70.0,당진시,25.056687964176334,0.0
2026-06-02,967,37.1189,126.6128,70.0,당진시,25.056687964176334,0.0
2026-06-03,967,37.1189,126.6128,70.0,당진시,25.056687964176334,0.0
2026-06-04,967,37.1189,126.6128,70.0,당진시,25.056687964176334,0.0
2026-06-05,967,37.1189,126.6128,70.0,당진시,25.056687964176334,0.0
2026-06-06,967,37.1189,126.6128,70.0,당진시,25.056687964176334,0.0
2026-06-07,967,37.1189,126.6128,70.0,당진시,25.056687964176334,0.0
2026-06-08,967,37.1189,126.6128,70.0,당진시,25.056687964176334,0.0
2026-06-09,967,37.1189,126.6128,70.0,당진시,25.056687964176334,0.0
2026-06-10,967,37.1189,126.6128,70.0,당진시,25.056687964176334,0.0
2026-06-11,967,37.1189,126.6128,70.0,당진시,25.056687964176334,0.0
2026-06-12,967,37.1189,126.6128,70.0,당진시,25.056687964176334,0.0
2026-06-13,967,37.1189,126.6128,70.0,당진시,25.056687964176334,0.0
2026-06-14,967,37.1189,126.6128,70.0,당진시,25.056687964176334,0.0
2026-06-15,967,37.1189,126.6128,70.0,당진시,25.056687964176334,0.0
2026-06-16,967,37.1189,126.6128,70.0,당진시,25.056687964176334,0.0
2026-06-17,967,37.1189,126.6128,70.0,당진시,25.056687964176334,0.0
2026-06-18,967,37.1189,126.6128,70.0,당진시,25.056687964176334,0.0
2026-06-19,967,37.1189,126.6128,70.0,당진시,25.056687964176334,1.5
2026-06-20,967,37.1189,126.6128,70.0,당진시,25.056687964176334,28.0
2026-06-21,967,37.1189,126.6128,70.0,당진시,25.056687964176334,0.0
2026-06-22,967,37.1189,126.6128,70.0,당진시,25.056687964176334,0.0
2026-06-23,967,37.1189,126.6128,70.0,당진시,25.056687964176334,0.0
2026-06-24,967,37.1189,126.6128,70.0,당진시,25.056687964176334,0.0
2026-06-25,967,37.1189,126.6128,70.0,당진시,25.056687964176334,0.0
2026-06-26,967,37.1189,126.6128,70.0,당진시,25.056687964176334,0.0
2026-06-27,967,37.1189,126.6128,70.0,당진시,25.056687964176334,0.0
2026-06-28,967,37.1189,126.6128,70.0,당진시,25.056687964176334,0.0
2026-06-29,967,37.1189,126.6128,70.0,당진시,25.056687964176334,0.0
2026-05-30,235,36.32724,126.55744,9.98,보령시,5.006244651252971,0.0
2026-05-31,235,36.32724,126.55744,9.98,보령시,5.006244651252971,0.0
2026-06-01,235,36.32724,126.55744,9.98,보령시,5.006244651252971,0.0
2026-06-02,235,36.32724,126.55744,9.98,보령시,5.006244651252971,0.0
2026-06-03,235,36.32724,126.55744,9.98,보령시,5.006244651252971,0.0
2026-06-04,235,36.32724,126.55744,9.98,보령시,5.006244651252971,0.0
2026-06-05,235,36.32724,126.55744,9.98,보령시,5.006244651252971,0.0
2026-06-06,235,36.32724,126.55744,9.98,보령시,5.006244651252971,0.0
2026-06-07,235,36.32724,126.55744,9.98,보령시,5.006244651252971,0.0
2026-06-08,235,36.32724,126.55744,9.98,보령시,5.006244651252971,0.0
2026-06-09,235,36.32724,126.55744,9.98,보령시,5.006244651252971,0.0
2026-06-10,235,36.32724,126.55744,9.98,보령시,5.006244651252971,0.0
2026-06-11,235,36.32724,126.55744,9.98,보령시,5.006244651252971,0.0
2026-06-12,235,36.32724,126.55744,9.98,보령시,5.006244651252971,0.0
2026-06-13,235,36.32724,126.55744,9.98,보령시,5.006244651252971,0.0
2026-06-14,235,36.32724,126.55744,9.98,보령시,5.006244651252971,8.9
2026-06-15,235,36.32724,126.55744,9.98,보령시,5.006244651252971,0.0
2026-06-16,235,36.32724,126.55744,9.98,보령시,5.006244651252971,0.0
2026-06-17,235,36.32724,126.55744,9.98,보령시,5.006244651252971,9.0
2026-06-18,235,36.32724,126.55744,9.98,보령시,5.006244651252971,0.0
2026-06-19,235,36.32724,126.55744,9.98,보령시,5.006244651252971,10.9
2026-06-20,235,36.32724,126.55744,9.98,보령시,5.006244651252971,40.5
2026-06-21,235,36.32724,126.55744,9.98,보령시,5.006244651252971,0.2
2026-06-22,235,36.32724,126.55744,9.98,보령시,5.006244651252971,0.0
2026-06-23,235,36.32724,126.55744,9.98,보령시,5.006244651252971,0.0
2026-06-24,235,36.32724,126.55744,9.98,보령시,5.006244651252971,0.0
2026-06-25,235,36.32724,126.55744,9.98,보령시,5.006244651252971,0.0
2026-06-26,235,36.32724,126.55744,9.98,보령시,5.006244651252971,0.0
2026-06-27,235,36.32724,126.55744,9.98,보령시,5.006244651252971,0.0
2026-06-28,235,36.32724,126.55744,9.98,보령시,5.006244651252971,0.0
2026-06-29,235,36.32724,126.55744,9.98,보령시,5.006244651252971,0.0
2026-05-30,578,36.3012,126.26628,8.09,보령시,31.252309638638703,0.0
2026-05-31,578,36.3012,126.26628,8.09,보령시,31.252309638638703,0.0
2026-06-01,578,36.3012,126.26628,8.09,보령시,31.252309638638703,0.0
2026-06-02,578,36.3012,126.26628,8.09,보령시,31.252309638638703,0.0
2026-06-03,578,36.3012,126.26628,8.09,보령시,31.252309638638703,0.0
2026-06-04,578,36.3012,126.26628,8.09,보령시,31.252309638638703,0.0
2026-06-05,578,36.3012,126.26628,8.09,보령시,31.252309638638703,0.0
2026-06-06,578,36.3012,126.26628,8.09,보령시,31.252309638638703,0.0
2026-06-07,578,36.3012,126.26628,8.09,보령시,31.252309638638703,0.0
2026-06-08,578,36.3012,126.26628,8.09,보령시,31.252309638638703,0.0
2026-06-09,578,36.3012,126.26628,8.09,보령시,31.252309638638703,0.0
2026-06-10,578,36.3012,126.26628,8.09,보령시,31.252309638638703,0.0
2026-06-11,578,36.3012,126.26628,8.09,보령시,31.252309638638703,0.0
2026-06-12,578,36.3012,126.26628,8.09,보령시,31.252309638638703,0.0
2026-06-13,578,36.3012,126.26628,8.09,보령시,31.252309638638703,0.0
2026-06-14,578,36.3012,126.26628,8.09,보령시,31.252309638638703,0.0
2026-06-15,578,36.3012,126.26628,8.09,보령시,31.252309638638703,0.0
2026-06-16,578,36.3012,126.26628,8.09,보령시,31.252309638638703,0.0
2026-06-17,578,36.3012,126.26628,8.09,보령시,31.252309638638703,5.5
2026-06-18,578,36.3012,126.26628,8.09,보령시,31.252309638638703,0.5
2026-06-19,578,36.3012,126.26628,8.09,보령시,31.252309638638703,16.5
2026-06-20,578,36.3012,126.26628,8.09,보령시,31.252309638638703,30.5
2026-06-21,578,36.3012,126.26628,8.09,보령시,31.252309638638703,0.0
2026-06-22,578,36.3012,126.26628,8.09,보령시,31.252309638638703,0.0
2026-06-23,578,36.3012,126.26628,8.09,보령시,31.252309638638703,0.0
2026-06-24,578,36.3012,126.26628,8.09,보령시,31.252309638638703,0.0
2026-06-25,578,36.3012,126.26628,8.09,보령시,31.252309638638703,0.0
2026-06-26,578,36.3012,126.26628,8.09,보령시,31.252309638638703,0.0
2026-06-27,578,36.3012,126.26628,8.09,보령시,31.252309638638703,0.0
2026-06-28,578,36.3012,126.26628,8.09,보령시,31.252309638638703,0.0
2026-06-29,578,36.3012,126.26628,8.09,보령시,31.252309638638703,0.0
2026-05-30,609,36.33796,126.35623,39.65,보령시,22.98761928757212,0.0
2026-05-31,609,36.33796,126.35623,39.65,보령시,22.98761928757212,0.0
2026-06-01,609,36.33796,126.35623,39.65,보령시,22.98761928757212,0.0
2026-06-02,609,36.33796,126.35623,39.65,보령시,22.98761928757212,0.0
2026-06-03,609,36.33796,126.35623,39.65,보령시,22.98761928757212,0.0
2026-06-04,609,36.33796,126.35623,39.65,보령시,22.98761928757212,0.0
2026-06-05,609,36.33796,126.35623,39.65,보령시,22.98761928757212,0.0
2026-06-06,609,36.33796,126.35623,39.65,보령시,22.98761928757212,0.0
2026-06-07,609,36.33796,126.35623,39.65,보령시,22.98761928757212,0.0
2026-06-08,609,36.33796,126.35623,39.65,보령시,22.98761928757212,0.0
2026-06-09,609,36.33796,126.35623,39.65,보령시,22.98761928757212,0.0
2026-06-10,609,36.33796,126.35623,39.65,보령시,22.98761928757212,0.0
2026-06-11,609,36.33796,126.35623,39.65,보령시,22.98761928757212,0.0
2026-06-12,609,36.33796,126.35623,39.65,보령시,22.98761928757212,0.0
2026-06-13,609,36.33796,126.35623,39.65,보령시,22.98761928757212,0.0
2026-06-14,609,36.33796,126.35623,39.65,보령시,22.98761928757212,0.0
2026-06-15,609,36.33796,126.35623,39.65,보령시,22.98761928757212,0.0
2026-06-16,609,36.33796,126.35623,39.65,보령시,22.98761928757212,0.0
2026-06-17,609,36.33796,126.35623,39.65,보령시,22.98761928757212,6.5
2026-06-18,609,36.33796,126.35623,39.65,보령시,22.98761928757212,0.0
2026-06-19,609,36.33796,126.35623,39.65,보령시,22.98761928757212,18.0
2026-06-20,609,36.33796,126.35623,39.65,보령시,22.98761928757212,32.5
2026-06-21,609,36.33796,126.35623,39.65,보령시,22.98761928757212,0.0
2026-06-22,609,36.33796,126.35623,39.65,보령시,22.98761928757212,0.0
2026-06-23,609,36.33796,126.35623,39.65,보령시,22.98761928757212,0.0
2026-06-24,609,36.33796,126.35623,39.65,보령시,22.98761928757212,0.0
2026-06-25,609,36.33796,126.35623,39.65,보령시,22.98761928757212,0.0
2026-06-26,609,36.33796,126.35623,39.65,보령시,22.98761928757212,0.0
2026-06-27,609,36.33796,126.35623,39.65,보령시,22.98761928757212,0.0
2026-06-28,609,36.33796,126.35623,39.65,보령시,22.98761928757212,0.0
2026-06-29,609,36.33796,126.35623,39.65,보령시,22.98761928757212,0.0
2026-05-30,657,36.32435,126.50213,31.65,보령시,9.964975356479204,0.0
2026-05-31,657,36.32435,126.50213,31.65,보령시,9.964975356479204,0.0
2026-06-01,657,36.32435,126.50213,31.65,보령시,9.964975356479204,0.0
2026-06-02,657,36.32435,126.50213,31.65,보령시,9.964975356479204,0.0
2026-06-03,657,36.32435,126.50213,31.65,보령시,9.964975356479204,0.0
2026-06-04,657,36.32435,126.50213,31.65,보령시,9.964975356479204,0.0
2026-06-05,657,36.32435,126.50213,31.65,보령시,9.964975356479204,0.0
2026-06-06,657,36.32435,126.50213,31.65,보령시,9.964975356479204,0.0
2026-06-07,657,36.32435,126.50213,31.65,보령시,9.964975356479204,0.0
2026-06-08,657,36.32435,126.50213,31.65,보령시,9.964975356479204,0.0
2026-06-09,657,36.32435,126.50213,31.65,보령시,9.964975356479204,0.0
2026-06-10,657,36.32435,126.50213,31.65,보령시,9.964975356479204,0.0
2026-06-11,657,36.32435,126.50213,31.65,보령시,9.964975356479204,0.0
2026-06-12,657,36.32435,126.50213,31.65,보령시,9.964975356479204,0.0
2026-06-13,657,36.32435,126.50213,31.65,보령시,9.964975356479204,0.0
2026-06-14,657,36.32435,126.50213,31.65,보령시,9.964975356479204,0.0
2026-06-15,657,36.32435,126.50213,31.65,보령시,9.964975356479204,0.0
2026-06-16,657,36.32435,126.50213,31.65,보령시,9.964975356479204,0.0
2026-06-17,657,36.32435,126.50213,31.65,보령시,9.964975356479204,6.0
2026-06-18,657,36.32435,126.50213,31.65,보령시,9.964975356479204,0.0
2026-06-19,657,36.32435,126.50213,31.65,보령시,9.964975356479204,13.0
2026-06-20,657,36.32435,126.50213,31.65,보령시,9.964975356479204,32.0
2026-06-21,657,36.32435,126.50213,31.65,보령시,9.964975356479204,0.0
2026-06-22,657,36.32435,126.50213,31.65,보령시,9.964975356479204,0.0
2026-06-23,657,36.32435,126.50213,31.65,보령시,9.964975356479204,0.0
2026-06-24,657,36.32435,126.50213,31.65,보령시,9.964975356479204,0.0
2026-06-25,657,36.32435,126.50213,31.65,보령시,9.964975356479204,0.0
2026-06-26,657,36.32435,126.50213,31.65,보령시,9.964975356479204,0.0
2026-06-27,657,36.32435,126.50213,31.65,보령시,9.964975356479204,0.0
2026-06-28,657,36.32435,126.50213,31.65,보령시,9.964975356479204,0.0
2026-06-29,657,36.32435,126.50213,31.65,보령시,9.964975356479204,0.0
2026-05-30,236,36.27242,126.92079,13.42,부여군,1.0394317847864871,0.0
2026-05-31,236,36.27242,126.92079,13.42,부여군,1.0394317847864871,0.0
2026-06-01,236,36.27242,126.92079,13.42,부여군,1.0394317847864871,0.0
2026-06-02,236,36.27242,126.92079,13.42,부여군,1.0394317847864871,0.0
2026-06-03,236,36.27242,126.92079,13.42,부여군,1.0394317847864871,0.0
2026-06-04,236,36.27242,126.92079,13.42,부여군,1.0394317847864871,0.0
2026-06-05,236,36.27242,126.92079,13.42,부여군,1.0394317847864871,0.0
2026-06-06,236,36.27242,126.92079,13.42,부여군,1.0394317847864871,0.0
2026-06-07,236,36.27242,126.92079,13.42,부여군,1.0394317847864871,0.0
2026-06-08,236,36.27242,126.92079,13.42,부여군,1.0394317847864871,0.0
2026-06-09,236,36.27242,126.92079,13.42,부여군,1.0394317847864871,0.0
2026-06-10,236,36.27242,126.92079,13.42,부여군,1.0394317847864871,0.0
2026-06-11,236,36.27242,126.92079,13.42,부여군,1.0394317847864871,0.0
2026-06-12,236,36.27242,126.92079,13.42,부여군,1.0394317847864871,0.0
2026-06-13,236,36.27242,126.92079,13.42,부여군,1.0394317847864871,0.0
2026-06-14,236,36.27242,126.92079,13.42,부여군,1.0394317847864871,37.6
2026-06-15,236,36.27242,126.92079,13.42,부여군,1.0394317847864871,0.0
2026-06-16,236,36.27242,126.92079,13.42,부여군,1.0394317847864871,0.0
2026-06-17,236,36.27242,126.92079,13.42,부여군,1.0394317847864871,14.8
2026-06-18,236,36.27242,126.92079,13.42,부여군,1.0394317847864871,1.1
2026-06-19,236,36.27242,126.92079,13.42,부여군,1.0394317847864871,16.0
2026-06-20,236,36.27242,126.92079,13.42,부여군,1.0394317847864871,47.8
2026-06-21,236,36.27242,126.92079,13.42,부여군,1.0394317847864871,0.1
2026-06-22,236,36.27242,126.92079,13.42,부여군,1.0394317847864871,0.0
2026-06-23,236,36.27242,126.92079,13.42,부여군,1.0394317847864871,0.0
2026-06-24,236,36.27242,126.92079,13.42,부여군,1.0394317847864871,0.0
2026-06-25,236,36.27242,126.92079,13.42,부여군,1.0394317847864871,0.0
2026-06-26,236,36.27242,126.92079,13.42,부여군,1.0394317847864871,0.0
2026-06-27,236,36.27242,126.92079,13.42,부여군,1.0394317847864871,0.0
2026-06-28,236,36.27242,126.92079,13.42,부여군,1.0394317847864871,0.0
2026-06-29,236,36.27242,126.92079,13.42,부여군,1.0394317847864871,0.0
2026-05-30,691,36.38617,126.95652,23.83,부여군,13.00867469808044,0.0
2026-05-31,691,36.38617,126.95652,23.83,부여군,13.00867469808044,0.0
2026-06-01,691,36.38617,126.95652,23.83,부여군,13.00867469808044,0.0
2026-06-02,691,36.38617,126.95652,23.83,부여군,13.00867469808044,0.0
2026-06-03,691,36.38617,126.95652,23.83,부여군,13.00867469808044,0.0
2026-06-04,691,36.38617,126.95652,23.83,부여군,13.00867469808044,0.0
2026-06-05,691,36.38617,126.95652,23.83,부여군,13.00867469808044,0.0
2026-06-06,691,36.38617,126.95652,23.83,부여군,13.00867469808044,0.0
2026-06-07,691,36.38617,126.95652,23.83,부여군,13.00867469808044,0.0
2026-06-08,691,36.38617,126.95652,23.83,부여군,13.00867469808044,0.0
2026-06-09,691,36.38617,126.95652,23.83,부여군,13.00867469808044,0.0
2026-06-10,691,36.38617,126.95652,23.83,부여군,13.00867469808044,0.0
2026-06-11,691,36.38617,126.95652,23.83,부여군,13.00867469808044,0.0
2026-06-12,691,36.38617,126.95652,23.83,부여군,13.00867469808044,0.0
2026-06-13,691,36.38617,126.95652,23.83,부여군,13.00867469808044,0.0
2026-06-14,691,36.38617,126.95652,23.83,부여군,13.00867469808044,12.0
2026-06-15,691,36.38617,126.95652,23.83,부여군,13.00867469808044,0.0
2026-06-16,691,36.38617,126.95652,23.83,부여군,13.00867469808044,0.0
2026-06-17,691,36.38617,126.95652,23.83,부여군,13.00867469808044,3.5
2026-06-18,691,36.38617,126.95652,23.83,부여군,13.00867469808044,0.5
2026-06-19,691,36.38617,126.95652,23.83,부여군,13.00867469808044,18.5
2026-06-20,691,36.38617,126.95652,23.83,부여군,13.00867469808044,60.5
2026-06-21,691,36.38617,126.95652,23.83,부여군,13.00867469808044,0.0
2026-06-22,691,36.38617,126.95652,23.83,부여군,13.00867469808044,0.0
2026-06-23,691,36.38617,126.95652,23.83,부여군,13.00867469808044,0.0
2026-06-24,691,36.38617,126.95652,23.83,부여군,13.00867469808044,0.0
2026-06-25,691,36.38617,126.95652,23.83,부여군,13.00867469808044,0.0
2026-06-26,691,36.38617,126.95652,23.83,부여군,13.00867469808044,0.0
2026-06-27,691,36.38617,126.95652,23.83,부여군,13.00867469808044,0.0
2026-06-28,691,36.38617,126.95652,23.83,부여군,13.00867469808044,0.0
2026-06-29,691,36.38617,126.95652,23.83,부여군,13.00867469808044,0.0
2026-05-30,129,36.77658,126.4939,25.25,서산시,3.9891291459797436,0.0
2026-05-31,129,36.77658,126.4939,25.25,서산시,3.9891291459797436,0.0
2026-06-01,129,36.77658,126.4939,25.25,서산시,3.9891291459797436,0.0
2026-06-02,129,36.77658,126.4939,25.25,서산시,3.9891291459797436,0.0
2026-06-03,129,36.77658,126.4939,25.25,서산시,3.9891291459797436,0.0
2026-06-04,129,36.77658,126.4939,25.25,서산시,3.9891291459797436,0.2
2026-06-05,129,36.77658,126.4939,25.25,서산시,3.9891291459797436,0.0
2026-06-06,129,36.77658,126.4939,25.25,서산시,3.9891291459797436,0.0
2026-06-07,129,36.77658,126.4939,25.25,서산시,3.9891291459797436,0.0
2026-06-08,129,36.77658,126.4939,25.25,서산시,3.9891291459797436,0.0
2026-06-09,129,36.77658,126.4939,25.25,서산시,3.9891291459797436,0.0
2026-06-10,129,36.77658,126.4939,25.25,서산시,3.9891291459797436,0.0
2026-06-11,129,36.77658,126.4939,25.25,서산시,3.9891291459797436,0.0
2026-06-12,129,36.77658,126.4939,25.25,서산시,3.9891291459797436,0.0
2026-06-13,129,36.77658,126.4939,25.25,서산시,3.9891291459797436,0.0
2026-06-14,129,36.77658,126.4939,25.25,서산시,3.9891291459797436,0.0
2026-06-15,129,36.77658,126.4939,25.25,서산시,3.9891291459797436,0.0
2026-06-16,129,36.77658,126.4939,25.25,서산시,3.9891291459797436,0.0
2026-06-17,129,36.77658,126.4939,25.25,서산시,3.9891291459797436,0.0
2026-06-18,129,36.77658,126.4939,25.25,서산시,3.9891291459797436,0.0
2026-06-19,129,36.77658,126.4939,25.25,서산시,3.9891291459797436,10.0
2026-06-20,129,36.77658,126.4939,25.25,서산시,3.9891291459797436,64.4
2026-06-21,129,36.77658,126.4939,25.25,서산시,3.9891291459797436,0.0
2026-06-22,129,36.77658,126.4939,25.25,서산시,3.9891291459797436,0.0
2026-06-23,129,36.77658,126.4939,25.25,서산시,3.9891291459797436,0.0
2026-06-24,129,36.77658,126.4939,25.25,서산시,3.9891291459797436,0.0
2026-06-25,129,36.77658,126.4939,25.25,서산시,3.9891291459797436,0.0
2026-06-26,129,36.77658,126.4939,25.25,서산시,3.9891291459797436,0.0
2026-06-27,129,36.77658,126.4939,25.25,서산시,3.9891291459797436,0.0
2026-06-28,129,36.77658,126.4939,25.25,서산시,3.9891291459797436,0.0
2026-06-29,129,36.77658,126.4939,25.25,서산시,3.9891291459797436,0.0
2026-05-30,42,35.93638,126.59722,2.12,서천군,18.128159402330716,0.0
2026-05-31,42,35.93638,126.59722,2.12,서천군,18.128159402330716,0.0
2026-06-01,42,35.93638,126.59722,2.12,서천군,18.128159402330716,0.0
2026-06-02,42,35.93638,126.59722,2.12,서천군,18.128159402330716,0.0
2026-06-03,42,35.93638,126.59722,2.12,서천군,18.128159402330716,0.0
2026-06-04,42,35.93638,126.59722,2.12,서천군,18.128159402330716,0.0
2026-06-05,42,35.93638,126.59722,2.12,서천군,18.128159402330716,0.0
2026-06-06,42,35.93638,126.59722,2.12,서천군,18.128159402330716,0.0
2026-06-07,42,35.93638,126.59722,2.12,서천군,18.128159402330716,0.0
2026-06-08,42,35.93638,126.59722,2.12,서천군,18.128159402330716,0.0
2026-06-09,42,35.93638,126.59722,2.12,서천군,18.128159402330716,0.0
2026-06-10,42,35.93638,126.59722,2.12,서천군,18.128159402330716,0.0
2026-06-11,42,35.93638,126.59722,2.12,서천군,18.128159402330716,0.0
2026-06-12,42,35.93638,126.59722,2.12,서천군,18.128159402330716,0.0
2026-06-13,42,35.93638,126.59722,2.12,서천군,18.128159402330716,0.0
2026-06-14,42,35.93638,126.59722,2.12,서천군,18.128159402330716,0.0
2026-06-15,42,35.93638,126.59722,2.12,서천군,18.128159402330716,0.0
2026-06-16,42,35.93638,126.59722,2.12,서천군,18.128159402330716,0.0
2026-06-17,42,35.93638,126.59722,2.12,서천군,18.128159402330716,40.8
2026-06-18,42,35.93638,126.59722,2.12,서천군,18.128159402330716,7.7
2026-06-19,42,35.93638,126.59722,2.12,서천군,18.128159402330716,11.3
2026-06-20,42,35.93638,126.59722,2.12,서천군,18.128159402330716,39.3
2026-06-21,42,35.93638,126.59722,2.12,서천군,18.128159402330716,0.3
2026-06-22,42,35.93638,126.59722,2.12,서천군,18.128159402330716,0.0
2026-06-23,42,35.93638,126.59722,2.12,서천군,18.128159402330716,0.0
2026-06-24,42,35.93638,126.59722,2.12,서천군,18.128159402330716,0.0
2026-06-25,42,35.93638,126.59722,2.12,서천군,18.128159402330716,0.0
2026-06-26,42,35.93638,126.59722,2.12,서천군,18.128159402330716,0.0
2026-06-27,42,35.93638,126.59722,2.12,서천군,18.128159402330716,0.0
2026-06-28,42,35.93638,126.59722,2.12,서천군,18.128159402330716,0.0
2026-06-29,42,35.93638,126.59722,2.12,서천군,18.128159402330716,0.0
2026-05-30,140,36.0053,126.76135,27.85,서천군,10.418236952972949,0.0
2026-05-31,140,36.0053,126.76135,27.85,서천군,10.418236952972949,0.0
2026-06-01,140,36.0053,126.76135,27.85,서천군,10.418236952972949,0.0
2026-06-02,140,36.0053,126.76135,27.85,서천군,10.418236952972949,0.0
2026-06-03,140,36.0053,126.76135,27.85,서천군,10.418236952972949,0.0
2026-06-04,140,36.0053,126.76135,27.85,서천군,10.418236952972949,0.0
2026-06-05,140,36.0053,126.76135,27.85,서천군,10.418236952972949,0.5
2026-06-06,140,36.0053,126.76135,27.85,서천군,10.418236952972949,0.0
2026-06-07,140,36.0053,126.76135,27.85,서천군,10.418236952972949,0.0
2026-06-08,140,36.0053,126.76135,27.85,서천군,10.418236952972949,0.0
2026-06-09,140,36.0053,126.76135,27.85,서천군,10.418236952972949,0.0
2026-06-10,140,36.0053,126.76135,27.85,서천군,10.418236952972949,0.0
2026-06-11,140,36.0053,126.76135,27.85,서천군,10.418236952972949,0.0
2026-06-12,140,36.0053,126.76135,27.85,서천군,10.418236952972949,0.0
2026-06-13,140,36.0053,126.76135,27.85,서천군,10.418236952972949,0.0
2026-06-14,140,36.0053,126.76135,27.85,서천군,10.418236952972949,3.6
2026-06-15,140,36.0053,126.76135,27.85,서천군,10.418236952972949,0.0
2026-06-16,140,36.0053,126.76135,27.85,서천군,10.418236952972949,0.0
2026-06-17,140,36.0053,126.76135,27.85,서천군,10.418236952972949,34.4
2026-06-18,140,36.0053,126.76135,27.85,서천군,10.418236952972949,3.6
2026-06-19,140,36.0053,126.76135,27.85,서천군,10.418236952972949,15.8
2026-06-20,140,36.0053,126.76135,27.85,서천군,10.418236952972949,41.4
2026-06-21,140,36.0053,126.76135,27.85,서천군,10.418236952972949,0.0
2026-06-22,140,36.0053,126.76135,27.85,서천군,10.418236952972949,0.0
2026-06-23,140,36.0053,126.76135,27.85,서천군,10.418236952972949,0.0
2026-06-24,140,36.0053,126.76135,27.85,서천군,10.418236952972949,0.0
2026-06-25,140,36.0053,126.76135,27.85,서천군,10.418236952972949,0.0
2026-06-26,140,36.0053,126.76135,27.85,서천군,10.418236952972949,0.0
2026-06-27,140,36.0053,126.76135,27.85,서천군,10.418236952972949,0.0
2026-06-28,140,36.0053,126.76135,27.85,서천군,10.418236952972949,0.0
2026-06-29,140,36.0053,126.76135,27.85,서천군,10.418236952972949,0.0
2026-05-30,614,36.06248,126.70411,9.59,서천군,2.265083154456159,0.0
2026-05-31,614,36.06248,126.70411,9.59,서천군,2.265083154456159,0.0
2026-06-01,614,36.06248,126.70411,9.59,서천군,2.265083154456159,0.0
2026-06-02,614,36.06248,126.70411,9.59,서천군,2.265083154456159,0.0
2026-06-03,614,36.06248,126.70411,9.59,서천군,2.265083154456159,0.0
2026-06-04,614,36.06248,126.70411,9.59,서천군,2.265083154456159,0.0
2026-06-05,614,36.06248,126.70411,9.59,서천군,2.265083154456159,0.0
2026-06-06,614,36.06248,126.70411,9.59,서천군,2.265083154456159,0.0
2026-06-07,614,36.06248,126.70411,9.59,서천군,2.265083154456159,0.0
2026-06-08,614,36.06248,126.70411,9.59,서천군,2.265083154456159,0.0
2026-06-09,614,36.06248,126.70411,9.59,서천군,2.265083154456159,0.0
2026-06-10,614,36.06248,126.70411,9.59,서천군,2.265083154456159,0.0
2026-06-11,614,36.06248,126.70411,9.59,서천군,2.265083154456159,0.0
2026-06-12,614,36.06248,126.70411,9.59,서천군,2.265083154456159,0.0
2026-06-13,614,36.06248,126.70411,9.59,서천군,2.265083154456159,0.0
2026-06-14,614,36.06248,126.70411,9.59,서천군,2.265083154456159,4.5
2026-06-15,614,36.06248,126.70411,9.59,서천군,2.265083154456159,0.0
2026-06-16,614,36.06248,126.70411,9.59,서천군,2.265083154456159,0.0
2026-06-17,614,36.06248,126.70411,9.59,서천군,2.265083154456159,29.5
2026-06-18,614,36.06248,126.70411,9.59,서천군,2.265083154456159,1.0
2026-06-19,614,36.06248,126.70411,9.59,서천군,2.265083154456159,15.5
2026-06-20,614,36.06248,126.70411,9.59,서천군,2.265083154456159,43.0
2026-06-21,614,36.06248,126.70411,9.59,서천군,2.265083154456159,0.0
2026-06-22,614,36.06248,126.70411,9.59,서천군,2.265083154456159,0.0
2026-06-23,614,36.06248,126.70411,9.59,서천군,2.265083154456159,0.0
2026-06-24,614,36.06248,126.70411,9.59,서천군,2.265083154456159,0.0
2026-06-25,614,36.06248,126.70411,9.59,서천군,2.265083154456159,0.0
2026-06-26,614,36.06248,126.70411,9.59,서천군,2.265083154456159,0.0
2026-06-27,614,36.06248,126.70411,9.59,서천군,2.265083154456159,0.0
2026-06-28,614,36.06248,126.70411,9.59,서천군,2.265083154456159,0.0
2026-06-29,614,36.06248,126.70411,9.59,서천군,2.265083154456159,0.0
2026-05-30,635,36.1319,126.86024,10.73,서천군,16.175062544160674,0.0
2026-05-31,635,36.1319,126.86024,10.73,서천군,16.175062544160674,0.0
2026-06-01,635,36.1319,126.86024,10.73,서천군,16.175062544160674,0.0
2026-06-02,635,36.1319,126.86024,10.73,서천군,16.175062544160674,0.0
2026-06-03,635,36.1319,126.86024,10.73,서천군,16.175062544160674,0.0
2026-06-04,635,36.1319,126.86024,10.73,서천군,16.175062544160674,0.0
2026-06-05,635,36.1319,126.86024,10.73,서천군,16.175062544160674,0.0
2026-06-06,635,36.1319,126.86024,10.73,서천군,16.175062544160674,0.0
2026-06-07,635,36.1319,126.86024,10.73,서천군,16.175062544160674,0.0
2026-06-08,635,36.1319,126.86024,10.73,서천군,16.175062544160674,0.0
2026-06-09,635,36.1319,126.86024,10.73,서천군,16.175062544160674,0.0
2026-06-10,635,36.1319,126.86024,10.73,서천군,16.175062544160674,0.0
2026-06-11,635,36.1319,126.86024,10.73,서천군,16.175062544160674,0.0
2026-06-12,635,36.1319,126.86024,10.73,서천군,16.175062544160674,0.0
2026-06-13,635,36.1319,126.86024,10.73,서천군,16.175062544160674,0.0
2026-06-14,635,36.1319,126.86024,10.73,서천군,16.175062544160674,45.5
2026-06-15,635,36.1319,126.86024,10.73,서천군,16.175062544160674,0.0
2026-06-16,635,36.1319,126.86024,10.73,서천군,16.175062544160674,0.0
2026-06-17,635,36.1319,126.86024,10.73,서천군,16.175062544160674,26.0
2026-06-18,635,36.1319,126.86024,10.73,서천군,16.175062544160674,0.5
2026-06-19,635,36.1319,126.86024,10.73,서천군,16.175062544160674,23.5
2026-06-20,635,36.1319,126.86024,10.73,서천군,16.175062544160674,46.5
2026-06-21,635,36.1319,126.86024,10.73,서천군,16.175062544160674,0.0
2026-06-22,635,36.1319,126.86024,10.73,서천군,16.175062544160674,0.0
2026-06-23,635,36.1319,126.86024,10.73,서천군,16.175062544160674,0.0
2026-06-24,635,36.1319,126.86024,10.73,서천군,16.175062544160674,0.0
2026-06-25,635,36.1319,126.86024,10.73,서천군,16.175062544160674,0.0
2026-06-26,635,36.1319,126.86024,10.73,서천군,16.175062544160674,0.0
2026-06-27,635,36.1319,126.86024,10.73,서천군,16.175062544160674,0.0
2026-06-28,635,36.1319,126.86024,10.73,서천군,16.175062544160674,0.0
2026-06-29,635,36.1319,126.86024,10.73,서천군,16.175062544160674,0.0
2026-05-30,646,36.17406,126.52845,7.74,서천군,18.00543192048682,0.0
2026-05-31,646,36.17406,126.52845,7.74,서천군,18.00543192048682,0.0
2026-06-01,646,36.17406,126.52845,7.74,서천군,18.00543192048682,0.0
2026-06-02,646,36.17406,126.52845,7.74,서천군,18.00543192048682,0.0
2026-06-03,646,36.17406,126.52845,7.74,서천군,18.00543192048682,0.0
2026-06-04,646,36.17406,126.52845,7.74,서천군,18.00543192048682,0.0
2026-06-05,646,36.17406,126.52845,7.74,서천군,18.00543192048682,0.0
2026-06-06,646,36.17406,126.52845,7.74,서천군,18.00543192048682,0.0
2026-06-07,646,36.17406,126.52845,7.74,서천군,18.00543192048682,0.0
2026-06-08,646,36.17406,126.52845,7.74,서천군,18.00543192048682,0.0
2026-06-09,646,36.17406,126.52845,7.74,서천군,18.00543192048682,0.0
2026-06-10,646,36.17406,126.52845,7.74,서천군,18.00543192048682,0.0
2026-06-11,646,36.17406,126.52845,7.74,서천군,18.00543192048682,0.0
2026-06-12,646,36.17406,126.52845,7.74,서천군,18.00543192048682,0.0
2026-06-13,646,36.17406,126.52845,7.74,서천군,18.00543192048682,0.0
2026-06-14,646,36.17406,126.52845,7.74,서천군,18.00543192048682,0.0
2026-06-15,646,36.17406,126.52845,7.74,서천군,18.00543192048682,0.0
2026-06-16,646,36.17406,126.52845,7.74,서천군,18.00543192048682,0.0
2026-06-17,646,36.17406,126.52845,7.74,서천군,18.00543192048682,5.5
2026-06-18,646,36.17406,126.52845,7.74,서천군,18.00543192048682,0.5
2026-06-19,646,36.17406,126.52845,7.74,서천군,18.00543192048682,13.5
2026-06-20,646,36.17406,126.52845,7.74,서천군,18.00543192048682,39.0
2026-06-21,646,36.17406,126.52845,7.74,서천군,18.00543192048682,0.5
2026-06-22,646,36.17406,126.52845,7.74,서천군,18.00543192048682,0.0
2026-06-23,646,36.17406,126.52845,7.74,서천군,18.00543192048682,0.0
2026-06-24,646,36.17406,126.52845,7.74,서천군,18.00543192048682,0.0
2026-06-25,646,36.17406,126.52845,7.74,서천군,18.00543192048682,0.0
2026-06-26,646,36.17406,126.52845,7.74,서천군,18.00543192048682,0.0
2026-06-27,646,36.17406,126.52845,7.74,서천군,18.00543192048682,0.0
2026-06-28,646,36.17406,126.52845,7.74,서천군,18.00543192048682,0.0
2026-06-29,646,36.17406,126.52845,7.74,서천군,18.00543192048682,0.0
2026-05-30,733,36.0461,126.8917,49.12,서천군,18.357518180857564,0.0
2026-05-31,733,36.0461,126.8917,49.12,서천군,18.357518180857564,0.0
2026-06-01,733,36.0461,126.8917,49.12,서천군,18.357518180857564,0.0
2026-06-02,733,36.0461,126.8917,49.12,서천군,18.357518180857564,0.0
2026-06-03,733,36.0461,126.8917,49.12,서천군,18.357518180857564,0.0
2026-06-04,733,36.0461,126.8917,49.12,서천군,18.357518180857564,0.0
2026-06-05,733,36.0461,126.8917,49.12,서천군,18.357518180857564,0.0
2026-06-06,733,36.0461,126.8917,49.12,서천군,18.357518180857564,0.0
2026-06-07,733,36.0461,126.8917,49.12,서천군,18.357518180857564,0.0
2026-06-08,733,36.0461,126.8917,49.12,서천군,18.357518180857564,0.0
2026-06-09,733,36.0461,126.8917,49.12,서천군,18.357518180857564,0.0
2026-06-10,733,36.0461,126.8917,49.12,서천군,18.357518180857564,0.0
2026-06-11,733,36.0461,126.8917,49.12,서천군,18.357518180857564,0.0
2026-06-12,733,36.0461,126.8917,49.12,서천군,18.357518180857564,0.0
2026-06-13,733,36.0461,126.8917,49.12,서천군,18.357518180857564,0.0
2026-06-14,733,36.0461,126.8917,49.12,서천군,18.357518180857564,15.5
2026-06-15,733,36.0461,126.8917,49.12,서천군,18.357518180857564,0.0
2026-06-16,733,36.0461,126.8917,49.12,서천군,18.357518180857564,0.0
2026-06-17,733,36.0461,126.8917,49.12,서천군,18.357518180857564,20.5
2026-06-18,733,36.0461,126.8917,49.12,서천군,18.357518180857564,3.5
2026-06-19,733,36.0461,126.8917,49.12,서천군,18.357518180857564,15.0
2026-06-20,733,36.0461,126.8917,49.12,서천군,18.357518180857564,44.5
2026-06-21,733,36.0461,126.8917,49.12,서천군,18.357518180857564,0.0
2026-06-22,733,36.0461,126.8917,49.12,서천군,18.357518180857564,0.0
2026-06-23,733,36.0461,126.8917,49.12,서천군,18.357518180857564,0.0
2026-06-24,733,36.0461,126.8917,49.12,서천군,18.357518180857564,0.0
2026-06-25,733,36.0461,126.8917,49.12,서천군,18.357518180857564,0.0
2026-06-26,733,36.0461,126.8917,49.12,서천군,18.357518180857564,0.0
2026-06-27,733,36.0461,126.8917,49.12,서천군,18.357518180857564,0.0
2026-06-28,733,36.0461,126.8917,49.12,서천군,18.357518180857564,0.0
2026-06-29,733,36.0461,126.8917,49.12,서천군,18.357518180857564,0.0
2026-05-30,886,35.95048,126.59117,5.79,서천군,17.042821490233397,0.0
2026-05-31,886,35.95048,126.59117,5.79,서천군,17.042821490233397,0.0
2026-06-01,886,35.95048,126.59117,5.79,서천군,17.042821490233397,0.0
2026-06-02,886,35.95048,126.59117,5.79,서천군,17.042821490233397,0.0
2026-06-03,886,35.95048,126.59117,5.79,서천군,17.042821490233397,0.0
2026-06-04,886,35.95048,126.59117,5.79,서천군,17.042821490233397,0.0
2026-06-05,886,35.95048,126.59117,5.79,서천군,17.042821490233397,0.0
2026-06-06,886,35.95048,126.59117,5.79,서천군,17.042821490233397,0.0
2026-06-07,886,35.95048,126.59117,5.79,서천군,17.042821490233397,0.0
2026-06-08,886,35.95048,126.59117,5.79,서천군,17.042821490233397,0.0
2026-06-09,886,35.95048,126.59117,5.79,서천군,17.042821490233397,0.0
2026-06-10,886,35.95048,126.59117,5.79,서천군,17.042821490233397,0.0
2026-06-11,886,35.95048,126.59117,5.79,서천군,17.042821490233397,0.0
2026-06-12,886,35.95048,126.59117,5.79,서천군,17.042821490233397,0.0
2026-06-13,886,35.95048,126.59117,5.79,서천군,17.042821490233397,0.0
2026-06-14,886,35.95048,126.59117,5.79,서천군,17.042821490233397,0.0
2026-06-15,886,35.95048,126.59117,5.79,서천군,17.042821490233397,0.0
2026-06-16,886,35.95048,126.59117,5.79,서천군,17.042821490233397,0.0
2026-06-17,886,35.95048,126.59117,5.79,서천군,17.042821490233397,40.5
2026-06-18,886,35.95048,126.59117,5.79,서천군,17.042821490233397,5.5
2026-06-19,886,35.95048,126.59117,5.79,서천군,17.042821490233397,11.0
2026-06-20,886,35.95048,126.59117,5.79,서천군,17.042821490233397,39.0
2026-06-21,886,35.95048,126.59117,5.79,서천군,17.042821490233397,0.5
2026-06-22,886,35.95048,126.59117,5.79,서천군,17.042821490233397,0.0
2026-06-23,886,35.95048,126.59117,5.79,서천군,17.042821490233397,0.0
2026-06-24,886,35.95048,126.59117,5.79,서천군,17.042821490233397,0.0
2026-06-25,886,35.95048,126.59117,5.79,서천군,17.042821490233397,0.0
2026-06-26,886,35.95048,126.59117,5.79,서천군,17.042821490233397,0.0
2026-06-27,886,35.95048,126.59117,5.79,서천군,17.042821490233397,0.0
2026-06-28,886,35.95048,126.59117,5.79,서천군,17.042821490233397,0.0
2026-06-29,886,35.95048,126.59117,5.79,서천군,17.042821490233397,0.0
2026-05-30,358,36.9672,126.9214,35.0,아산시,21.00660283844124,0.0
2026-05-31,358,36.9672,126.9214,35.0,아산시,21.00660283844124,0.0
2026-06-01,358,36.9672,126.9214,35.0,아산시,21.00660283844124,0.0
2026-06-02,358,36.9672,126.9214,35.0,아산시,21.00660283844124,0.0
2026-06-03,358,36.9672,126.9214,35.0,아산시,21.00660283844124,0.0
2026-06-04,358,36.9672,126.9214,35.0,아산시,21.00660283844124,0.5
2026-06-05,358,36.9672,126.9214,35.0,아산시,21.00660283844124,0.0
2026-06-06,358,36.9672,126.9214,35.0,아산시,21.00660283844124,0.0
2026-06-07,358,36.9672,126.9214,35.0,아산시,21.00660283844124,0.0
2026-06-08,358,36.9672,126.9214,35.0,아산시,21.00660283844124,0.0
2026-06-09,358,36.9672,126.9214,35.0,아산시,21.00660283844124,0.0
2026-06-10,358,36.9672,126.9214,35.0,아산시,21.00660283844124,0.0
2026-06-11,358,36.9672,126.9214,35.0,아산시,21.00660283844124,0.0
2026-06-12,358,36.9672,126.9214,35.0,아산시,21.00660283844124,0.0
2026-06-13,358,36.9672,126.9214,35.0,아산시,21.00660283844124,0.0
2026-06-14,358,36.9672,126.9214,35.0,아산시,21.00660283844124,0.0
2026-06-15,358,36.9672,126.9214,35.0,아산시,21.00660283844124,0.0
2026-06-16,358,36.9672,126.9214,35.0,아산시,21.00660283844124,0.0
2026-06-17,358,36.9672,126.9214,35.0,아산시,21.00660283844124,0.0
2026-06-18,358,36.9672,126.9214,35.0,아산시,21.00660283844124,0.0
2026-06-19,358,36.9672,126.9214,35.0,아산시,21.00660283844124,6.0
2026-06-20,358,36.9672,126.9214,35.0,아산시,21.00660283844124,35.0
2026-06-21,358,36.9672,126.9214,35.0,아산시,21.00660283844124,0.0
2026-06-22,358,36.9672,126.9214,35.0,아산시,21.00660283844124,0.0
2026-06-23,358,36.9672,126.9214,35.0,아산시,21.00660283844124,0.0
2026-06-24,358,36.9672,126.9214,35.0,아산시,21.00660283844124,0.0
2026-06-25,358,36.9672,126.9214,35.0,아산시,21.00660283844124,0.0
2026-06-26,358,36.9672,126.9214,35.0,아산시,21.00660283844124,0.0
2026-06-27,358,36.9672,126.9214,35.0,아산시,21.00660283844124,0.0
2026-06-28,358,36.9672,126.9214,35.0,아산시,21.00660283844124,0.0
2026-06-29,358,36.9672,126.9214,35.0,아산시,21.00660283844124,0.0
2026-05-30,374,37.0467,126.9706,50.4,아산시,28.707277841865267,0.0
2026-05-31,374,37.0467,126.9706,50.4,아산시,28.707277841865267,0.0
2026-06-01,374,37.0467,126.9706,50.4,아산시,28.707277841865267,0.0
2026-06-02,374,37.0467,126.9706,50.4,아산시,28.707277841865267,0.0
2026-06-03,374,37.0467,126.9706,50.4,아산시,28.707277841865267,0.0
2026-06-04,374,37.0467,126.9706,50.4,아산시,28.707277841865267,6.5
2026-06-05,374,37.0467,126.9706,50.4,아산시,28.707277841865267,0.0
2026-06-06,374,37.0467,126.9706,50.4,아산시,28.707277841865267,0.0
2026-06-07,374,37.0467,126.9706,50.4,아산시,28.707277841865267,0.0
2026-06-08,374,37.0467,126.9706,50.4,아산시,28.707277841865267,0.0
2026-06-09,374,37.0467,126.9706,50.4,아산시,28.707277841865267,0.0
2026-06-10,374,37.0467,126.9706,50.4,아산시,28.707277841865267,0.0
2026-06-11,374,37.0467,126.9706,50.4,아산시,28.707277841865267,0.0
2026-06-12,374,37.0467,126.9706,50.4,아산시,28.707277841865267,0.0
2026-06-13,374,37.0467,126.9706,50.4,아산시,28.707277841865267,0.0
2026-06-14,374,37.0467,126.9706,50.4,아산시,28.707277841865267,0.0
2026-06-15,374,37.0467,126.9706,50.4,아산시,28.707277841865267,0.0
2026-06-16,374,37.0467,126.9706,50.4,아산시,28.707277841865267,0.0
2026-06-17,374,37.0467,126.9706,50.4,아산시,28.707277841865267,0.0
2026-06-18,374,37.0467,126.9706,50.4,아산시,28.707277841865267,0.0
2026-06-19,374,37.0467,126.9706,50.4,아산시,28.707277841865267,4.5
2026-06-20,374,37.0467,126.9706,50.4,아산시,28.707277841865267,43.5
2026-06-21,374,37.0467,126.9706,50.4,아산시,28.707277841865267,0.0
2026-06-22,374,37.0467,126.9706,50.4,아산시,28.707277841865267,0.0
2026-06-23,374,37.0467,126.9706,50.4,아산시,28.707277841865267,0.0
2026-06-24,374,37.0467,126.9706,50.4,아산시,28.707277841865267,0.0
2026-06-25,374,37.0467,126.9706,50.4,아산시,28.707277841865267,0.0
2026-06-26,374,37.0467,126.9706,50.4,아산시,28.707277841865267,0.0
2026-06-27,374,37.0467,126.9706,50.4,아산시,28.707277841865267,0.0
2026-06-28,374,37.0467,126.9706,50.4,아산시,28.707277841865267,0.0
2026-06-29,374,37.0467,126.9706,50.4,아산시,28.707277841865267,0.0
2026-05-30,493,36.73615,127.00805,35.0,아산시,5.985329961054943,0.0
2026-05-31,493,36.73615,127.00805,35.0,아산시,5.985329961054943,0.0
2026-06-01,493,36.73615,127.00805,35.0,아산시,5.985329961054943,0.0
2026-06-02,493,36.73615,127.00805,35.0,아산시,5.985329961054943,0.0
2026-06-03,493,36.73615,127.00805,35.0,아산시,5.985329961054943,0.0
2026-06-04,493,36.73615,127.00805,35.0,아산시,5.985329961054943,1.5
2026-06-05,493,36.73615,127.00805,35.0,아산시,5.985329961054943,0.0
2026-06-06,493,36.73615,127.00805,35.0,아산시,5.985329961054943,0.0
2026-06-07,493,36.73615,127.00805,35.0,아산시,5.985329961054943,0.0
2026-06-08,493,36.73615,127.00805,35.0,아산시,5.985329961054943,0.0
2026-06-09,493,36.73615,127.00805,35.0,아산시,5.985329961054943,0.0
2026-06-10,493,36.73615,127.00805,35.0,아산시,5.985329961054943,0.0
2026-06-11,493,36.73615,127.00805,35.0,아산시,5.985329961054943,0.0
2026-06-12,493,36.73615,127.00805,35.0,아산시,5.985329961054943,0.0
2026-06-13,493,36.73615,127.00805,35.0,아산시,5.985329961054943,0.0
2026-06-14,493,36.73615,127.00805,35.0,아산시,5.985329961054943,2.0
2026-06-15,493,36.73615,127.00805,35.0,아산시,5.985329961054943,0.0
2026-06-16,493,36.73615,127.00805,35.0,아산시,5.985329961054943,0.0
2026-06-17,493,36.73615,127.00805,35.0,아산시,5.985329961054943,1.5
2026-06-18,493,36.73615,127.00805,35.0,아산시,5.985329961054943,0.0
2026-06-19,493,36.73615,127.00805,35.0,아산시,5.985329961054943,6.5
2026-06-20,493,36.73615,127.00805,35.0,아산시,5.985329961054943,38.5
2026-06-21,493,36.73615,127.00805,35.0,아산시,5.985329961054943,0.0
2026-06-22,493,36.73615,127.00805,35.0,아산시,5.985329961054943,8.5
2026-06-23,493,36.73615,127.00805,35.0,아산시,5.985329961054943,0.0
2026-06-24,493,36.73615,127.00805,35.0,아산시,5.985329961054943,0.0
2026-06-25,493,36.73615,127.00805,35.0,아산시,5.985329961054943,0.0
2026-06-26,493,36.73615,127.00805,35.0,아산시,5.985329961054943,0.0
2026-06-27,493,36.73615,127.00805,35.0,아산시,5.985329961054943,0.0
2026-06-28,493,36.73615,127.00805,35.0,아산시,5.985329961054943,0.0
2026-06-29,493,36.73615,127.00805,35.0,아산시,5.985329961054943,0.0
2026-05-30,634,36.84578,126.86536,29.5,아산시,13.711050844616357,0.0
2026-05-31,634,36.84578,126.86536,29.5,아산시,13.711050844616357,0.0
2026-06-01,634,36.84578,126.86536,29.5,아산시,13.711050844616357,0.0
2026-06-02,634,36.84578,126.86536,29.5,아산시,13.711050844616357,0.0
2026-06-03,634,36.84578,126.86536,29.5,아산시,13.711050844616357,0.0
2026-06-04,634,36.84578,126.86536,29.5,아산시,13.711050844616357,0.0
2026-06-05,634,36.84578,126.86536,29.5,아산시,13.711050844616357,0.0
2026-06-06,634,36.84578,126.86536,29.5,아산시,13.711050844616357,0.0
2026-06-07,634,36.84578,126.86536,29.5,아산시,13.711050844616357,0.0
2026-06-08,634,36.84578,126.86536,29.5,아산시,13.711050844616357,0.0
2026-06-09,634,36.84578,126.86536,29.5,아산시,13.711050844616357,0.0
2026-06-10,634,36.84578,126.86536,29.5,아산시,13.711050844616357,0.0
2026-06-11,634,36.84578,126.86536,29.5,아산시,13.711050844616357,0.0
2026-06-12,634,36.84578,126.86536,29.5,아산시,13.711050844616357,0.0
2026-06-13,634,36.84578,126.86536,29.5,아산시,13.711050844616357,0.0
2026-06-14,634,36.84578,126.86536,29.5,아산시,13.711050844616357,0.5
2026-06-15,634,36.84578,126.86536,29.5,아산시,13.711050844616357,0.0
2026-06-16,634,36.84578,126.86536,29.5,아산시,13.711050844616357,0.0
2026-06-17,634,36.84578,126.86536,29.5,아산시,13.711050844616357,0.0
2026-06-18,634,36.84578,126.86536,29.5,아산시,13.711050844616357,1.0
2026-06-19,634,36.84578,126.86536,29.5,아산시,13.711050844616357,8.0
2026-06-20,634,36.84578,126.86536,29.5,아산시,13.711050844616357,32.5
2026-06-21,634,36.84578,126.86536,29.5,아산시,13.711050844616357,0.0
2026-06-22,634,36.84578,126.86536,29.5,아산시,13.711050844616357,0.0
2026-06-23,634,36.84578,126.86536,29.5,아산시,13.711050844616357,0.0
2026-06-24,634,36.84578,126.86536,29.5,아산시,13.711050844616357,0.0
2026-06-25,634,36.84578,126.86536,29.5,아산시,13.711050844616357,0.0
2026-06-26,634,36.84578,126.86536,29.5,아산시,13.711050844616357,0.0
2026-06-27,634,36.84578,126.86536,29.5,아산시,13.711050844616357,0.0
2026-06-28,634,36.84578,126.86536,29.5,아산시,13.711050844616357,0.0
2026-06-29,634,36.84578,126.86536,29.5,아산시,13.711050844616357,0.0
2026-05-30,628,36.73925,126.8199,29.22,예산군,6.802250449645044,0.0
2026-05-31,628,36.73925,126.8199,29.22,예산군,6.802250449645044,0.0
2026-06-01,628,36.73925,126.8199,29.22,예산군,6.802250449645044,0.0
2026-06-02,628,36.73925,126.8199,29.22,예산군,6.802250449645044,0.0
2026-06-03,628,36.73925,126.8199,29.22,예산군,6.802250449645044,0.0
2026-06-04,628,36.73925,126.8199,29.22,예산군,6.802250449645044,0.5
2026-06-05,628,36.73925,126.8199,29.22,예산군,6.802250449645044,0.0
2026-06-06,628,36.73925,126.8199,29.22,예산군,6.802250449645044,0.0
2026-06-07,628,36.73925,126.8199,29.22,예산군,6.802250449645044,0.0
2026-06-08,628,36.73925,126.8199,29.22,예산군,6.802250449645044,0.0
2026-06-09,628,36.73925,126.8199,29.22,예산군,6.802250449645044,0.0
2026-06-10,628,36.73925,126.8199,29.22,예산군,6.802250449645044,0.0
2026-06-11,628,36.73925,126.8199,29.22,예산군,6.802250449645044,0.0
2026-06-12,628,36.73925,126.8199,29.22,예산군,6.802250449645044,0.0
2026-06-13,628,36.73925,126.8199,29.22,예산군,6.802250449645044,0.0
2026-06-14,628,36.73925,126.8199,29.22,예산군,6.802250449645044,0.0
2026-06-15,628,36.73925,126.8199,29.22,예산군,6.802250449645044,0.0
2026-06-16,628,36.73925,126.8199,29.22,예산군,6.802250449645044,0.0
2026-06-17,628,36.73925,126.8199,29.22,예산군,6.802250449645044,0.0
2026-06-18,628,36.73925,126.8199,29.22,예산군,6.802250449645044,0.0
2026-06-19,628,36.73925,126.8199,29.22,예산군,6.802250449645044,7.5
2026-06-20,628,36.73925,126.8199,29.22,예산군,6.802250449645044,38.5
2026-06-21,628,36.73925,126.8199,29.22,예산군,6.802250449645044,0.5
2026-06-22,628,36.73925,126.8199,29.22,예산군,6.802250449645044,0.0
2026-06-23,628,36.73925,126.8199,29.22,예산군,6.802250449645044,0.0
2026-06-24,628,36.73925,126.8199,29.22,예산군,6.802250449645044,0.0
2026-06-25,628,36.73925,126.8199,29.22,예산군,6.802250449645044,0.0
2026-06-26,628,36.73925,126.8199,29.22,예산군,6.802250449645044,0.0
2026-06-27,628,36.73925,126.8199,29.22,예산군,6.802250449645044,0.0
2026-06-28,628,36.73925,126.8199,29.22,예산군,6.802250449645044,0.0
2026-06-29,628,36.73925,126.8199,29.22,예산군,6.802250449645044,0.0
2026-05-30,181,36.63994,127.38458,33.55,천안시,31.00461867699678,0.0
2026-05-31,181,36.63994,127.38458,33.55,천안시,31.00461867699678,0.0
2026-06-01,181,36.63994,127.38458,33.55,천안시,31.00461867699678,0.0
2026-06-02,181,36.63994,127.38458,33.55,천안시,31.00461867699678,0.0
2026-06-03,181,36.63994,127.38458,33.55,천안시,31.00461867699678,0.0
2026-06-04,181,36.63994,127.38458,33.55,천안시,31.00461867699678,0.0
2026-06-05,181,36.63994,127.38458,33.55,천안시,31.00461867699678,0.0
2026-06-06,181,36.63994,127.38458,33.55,천안시,31.00461867699678,0.0
2026-06-07,181,36.63994,127.38458,33.55,천안시,31.00461867699678,0.0
2026-06-08,181,36.63994,127.38458,33.55,천안시,31.00461867699678,0.0
2026-06-09,181,36.63994,127.38458,33.55,천안시,31.00461867699678,0.0
2026-06-10,181,36.63994,127.38458,33.55,천안시,31.00461867699678,0.0
2026-06-11,181,36.63994,127.38458,33.55,천안시,31.00461867699678,0.0
2026-06-12,181,36.63994,127.38458,33.55,천안시,31.00461867699678,0.0
2026-06-13,181,36.63994,127.38458,33.55,천안시,31.00461867699678,0.0
2026-06-14,181,36.63994,127.38458,33.55,천안시,31.00461867699678,15.4
2026-06-15,181,36.63994,127.38458,33.55,천안시,31.00461867699678,0.0
2026-06-16,181,36.63994,127.38458,33.55,천안시,31.00461867699678,0.0
2026-06-17,181,36.63994,127.38458,33.55,천안시,31.00461867699678,3.0
2026-06-18,181,36.63994,127.38458,33.55,천안시,31.00461867699678,0.0
2026-06-19,181,36.63994,127.38458,33.55,천안시,31.00461867699678,8.7
2026-06-20,181,36.63994,127.38458,33.55,천안시,31.00461867699678,44.6
2026-06-21,181,36.63994,127.38458,33.55,천안시,31.00461867699678,0.0
2026-06-22,181,36.63994,127.38458,33.55,천안시,31.00461867699678,0.0
2026-06-23,181,36.63994,127.38458,33.55,천안시,31.00461867699678,0.0
2026-06-24,181,36.63994,127.38458,33.55,천안시,31.00461867699678,0.0
2026-06-25,181,36.63994,127.38458,33.55,천안시,31.00461867699678,0.0
2026-06-26,181,36.63994,127.38458,33.55,천안시,31.00461867699678,0.0
2026-06-27,181,36.63994,127.38458,33.55,천안시,31.00461867699678,0.0
2026-06-28,181,36.63994,127.38458,33.55,천안시,31.00461867699678,0.0
2026-06-29,181,36.63994,127.38458,33.55,천안시,31.00461867699678,0.0
2026-05-30,232,36.76217,127.29282,84.78,천안시,16.98520555818182,0.0
2026-05-31,232,36.76217,127.29282,84.78,천안시,16.98520555818182,0.0
2026-06-01,232,36.76217,127.29282,84.78,천안시,16.98520555818182,0.0
2026-06-02,232,36.76217,127.29282,84.78,천안시,16.98520555818182,0.0
2026-06-03,232,36.76217,127.29282,84.78,천안시,16.98520555818182,0.0
2026-06-04,232,36.76217,127.29282,84.78,천안시,16.98520555818182,0.0
2026-06-05,232,36.76217,127.29282,84.78,천안시,16.98520555818182,0.0
2026-06-06,232,36.76217,127.29282,84.78,천안시,16.98520555818182,0.0
2026-06-07,232,36.76217,127.29282,84.78,천안시,16.98520555818182,0.2
2026-06-08,232,36.76217,127.29282,84.78,천안시,16.98520555818182,0.0
2026-06-09,232,36.76217,127.29282,84.78,천안시,16.98520555818182,0.0
2026-06-10,232,36.76217,127.29282,84.78,천안시,16.98520555818182,0.4
2026-06-11,232,36.76217,127.29282,84.78,천안시,16.98520555818182,0.0
2026-06-12,232,36.76217,127.29282,84.78,천안시,16.98520555818182,0.0
2026-06-13,232,36.76217,127.29282,84.78,천안시,16.98520555818182,0.0
2026-06-14,232,36.76217,127.29282,84.78,천안시,16.98520555818182,30.5
2026-06-15,232,36.76217,127.29282,84.78,천안시,16.98520555818182,0.0
2026-06-16,232,36.76217,127.29282,84.78,천안시,16.98520555818182,0.0
2026-06-17,232,36.76217,127.29282,84.78,천안시,16.98520555818182,4.7
2026-06-18,232,36.76217,127.29282,84.78,천안시,16.98520555818182,0.1
2026-06-19,232,36.76217,127.29282,84.78,천안시,16.98520555818182,7.8
2026-06-20,232,36.76217,127.29282,84.78,천안시,16.98520555818182,51.7
2026-06-21,232,36.76217,127.29282,84.78,천안시,16.98520555818182,0.0
2026-06-22,232,36.76217,127.29282,84.78,천안시,16.98520555818182,0.0
2026-06-23,232,36.76217,127.29282,84.78,천안시,16.98520555818182,0.0
2026-06-24,232,36.76217,127.29282,84.78,천안시,16.98520555818182,0.0
2026-06-25,232,36.76217,127.29282,84.78,천안시,16.98520555818182,0.0
2026-06-26,232,36.76217,127.29282,84.78,천안시,16.98520555818182,0.0
2026-06-27,232,36.76217,127.29282,84.78,천안시,16.98520555818182,0.0
2026-06-28,232,36.76217,127.29282,84.78,천안시,16.98520555818182,0.0
2026-06-29,232,36.76217,127.29282,84.78,천안시,16.98520555818182,0.0
2026-05-30,355,37.1136,127.0364,39.0,천안시,33.89835590187016,0.0
2026-05-31,355,37.1136,127.0364,39.0,천안시,33.89835590187016,0.0
2026-06-01,355,37.1136,127.0364,39.0,천안시,33.89835590187016,0.0
2026-06-02,355,37.1136,127.0364,39.0,천안시,33.89835590187016,0.0
2026-06-03,355,37.1136,127.0364,39.0,천안시,33.89835590187016,0.0
2026-06-04,355,37.1136,127.0364,39.0,천안시,33.89835590187016,1.0
2026-06-05,355,37.1136,127.0364,39.0,천안시,33.89835590187016,0.0
2026-06-06,355,37.1136,127.0364,39.0,천안시,33.89835590187016,0.0
2026-06-07,355,37.1136,127.0364,39.0,천안시,33.89835590187016,0.0
2026-06-08,355,37.1136,127.0364,39.0,천안시,33.89835590187016,0.0
2026-06-09,355,37.1136,127.0364,39.0,천안시,33.89835590187016,0.0
2026-06-10,355,37.1136,127.0364,39.0,천안시,33.89835590187016,0.0
2026-06-11,355,37.1136,127.0364,39.0,천안시,33.89835590187016,0.0
2026-06-12,355,37.1136,127.0364,39.0,천안시,33.89835590187016,0.0
2026-06-13,355,37.1136,127.0364,39.0,천안시,33.89835590187016,0.0
2026-06-14,355,37.1136,127.0364,39.0,천안시,33.89835590187016,0.0
2026-06-15,355,37.1136,127.0364,39.0,천안시,33.89835590187016,0.0
2026-06-16,355,37.1136,127.0364,39.0,천안시,33.89835590187016,0.0
2026-06-17,355,37.1136,127.0364,39.0,천안시,33.89835590187016,0.0
2026-06-18,355,37.1136,127.0364,39.0,천안시,33.89835590187016,0.0
2026-06-19,355,37.1136,127.0364,39.0,천안시,33.89835590187016,3.0
2026-06-20,355,37.1136,127.0364,39.0,천안시,33.89835590187016,43.0
2026-06-21,355,37.1136,127.0364,39.0,천안시,33.89835590187016,0.0
2026-06-22,355,37.1136,127.0364,39.0,천안시,33.89835590187016,0.0
2026-06-23,355,37.1136,127.0364,39.0,천안시,33.89835590187016,0.0
2026-06-24,355,37.1136,127.0364,39.0,천안시,33.89835590187016,0.0
2026-06-25,355,37.1136,127.0364,39.0,천안시,33.89835590187016,0.0
2026-06-26,355,37.1136,127.0364,39.0,천안시,33.89835590187016,0.0
2026-06-27,355,37.1136,127.0364,39.0,천안시,33.89835590187016,0.0
2026-06-28,355,37.1136,127.0364,39.0,천안시,33.89835590187016,0.0
2026-06-29,355,37.1136,127.0364,39.0,천안시,33.89835590187016,0.0
2026-05-30,356,37.0481,127.0183,32.0,천안시,27.266283134434975,0.0
2026-05-31,356,37.0481,127.0183,32.0,천안시,27.266283134434975,0.0
2026-06-01,356,37.0481,127.0183,32.0,천안시,27.266283134434975,0.0
2026-06-02,356,37.0481,127.0183,32.0,천안시,27.266283134434975,0.0
2026-06-03,356,37.0481,127.0183,32.0,천안시,27.266283134434975,0.0
2026-06-04,356,37.0481,127.0183,32.0,천안시,27.266283134434975,15.0
2026-06-05,356,37.0481,127.0183,32.0,천안시,27.266283134434975,0.0
2026-06-06,356,37.0481,127.0183,32.0,천안시,27.266283134434975,0.0
2026-06-07,356,37.0481,127.0183,32.0,천안시,27.266283134434975,0.0
2026-06-08,356,37.0481,127.0183,32.0,천안시,27.266283134434975,0.0
2026-06-09,356,37.0481,127.0183,32.0,천안시,27.266283134434975,0.0
2026-06-10,356,37.0481,127.0183,32.0,천안시,27.266283134434975,0.0
2026-06-11,356,37.0481,127.0183,32.0,천안시,27.266283134434975,0.0
2026-06-12,356,37.0481,127.0183,32.0,천안시,27.266283134434975,0.0
2026-06-13,356,37.0481,127.0183,32.0,천안시,27.266283134434975,0.0
2026-06-14,356,37.0481,127.0183,32.0,천안시,27.266283134434975,0.0
2026-06-15,356,37.0481,127.0183,32.0,천안시,27.266283134434975,0.0
2026-06-16,356,37.0481,127.0183,32.0,천안시,27.266283134434975,0.0
2026-06-17,356,37.0481,127.0183,32.0,천안시,27.266283134434975,0.0
2026-06-18,356,37.0481,127.0183,32.0,천안시,27.266283134434975,0.0
2026-06-19,356,37.0481,127.0183,32.0,천안시,27.266283134434975,4.0
2026-06-20,356,37.0481,127.0183,32.0,천안시,27.266283134434975,41.5
2026-06-21,356,37.0481,127.0183,32.0,천안시,27.266283134434975,0.0
2026-06-22,356,37.0481,127.0183,32.0,천안시,27.266283134434975,0.0
2026-06-23,356,37.0481,127.0183,32.0,천안시,27.266283134434975,0.0
2026-06-24,356,37.0481,127.0183,32.0,천안시,27.266283134434975,0.0
2026-06-25,356,37.0481,127.0183,32.0,천안시,27.266283134434975,0.0
2026-06-26,356,37.0481,127.0183,32.0,천안시,27.266283134434975,0.0
2026-06-27,356,37.0481,127.0183,32.0,천안시,27.266283134434975,0.0
2026-06-28,356,37.0481,127.0183,32.0,천안시,27.266283134434975,0.0
2026-06-29,356,37.0481,127.0183,32.0,천안시,27.266283134434975,0.0
2026-05-30,370,37.11568,127.22159,55.38,천안시,34.76542636688876,0.0
2026-05-31,370,37.11568,127.22159,55.38,천안시,34.76542636688876,0.0
2026-06-01,370,37.11568,127.22159,55.38,천안시,34.76542636688876,0.0
2026-06-02,370,37.11568,127.22159,55.38,천안시,34.76542636688876,0.0
2026-06-03,370,37.11568,127.22159,55.38,천안시,34.76542636688876,0.0
2026-06-04,370,37.11568,127.22159,55.38,천안시,34.76542636688876,4.0
2026-06-05,370,37.11568,127.22159,55.38,천안시,34.76542636688876,0.0
2026-06-06,370,37.11568,127.22159,55.38,천안시,34.76542636688876,0.0
2026-06-07,370,37.11568,127.22159,55.38,천안시,34.76542636688876,0.0
2026-06-08,370,37.11568,127.22159,55.38,천안시,34.76542636688876,0.0
2026-06-09,370,37.11568,127.22159,55.38,천안시,34.76542636688876,0.0
2026-06-10,370,37.11568,127.22159,55.38,천안시,34.76542636688876,0.0
2026-06-11,370,37.11568,127.22159,55.38,천안시,34.76542636688876,0.0
2026-06-12,370,37.11568,127.22159,55.38,천안시,34.76542636688876,0.0
2026-06-13,370,37.11568,127.22159,55.38,천안시,34.76542636688876,0.0
2026-06-14,370,37.11568,127.22159,55.38,천안시,34.76542636688876,2.5
2026-06-15,370,37.11568,127.22159,55.38,천안시,34.76542636688876,0.0
2026-06-16,370,37.11568,127.22159,55.38,천안시,34.76542636688876,0.0
2026-06-17,370,37.11568,127.22159,55.38,천안시,34.76542636688876,0.0
2026-06-18,370,37.11568,127.22159,55.38,천안시,34.76542636688876,0.0
2026-06-19,370,37.11568,127.22159,55.38,천안시,34.76542636688876,4.0
2026-06-20,370,37.11568,127.22159,55.38,천안시,34.76542636688876,57.5
2026-06-21,370,37.11568,127.22159,55.38,천안시,34.76542636688876,0.0
2026-06-22,370,37.11568,127.22159,55.38,천안시,34.76542636688876,0.0
2026-06-23,370,37.11568,127.22159,55.38,천안시,34.76542636688876,0.0
2026-06-24,370,37.11568,127.22159,55.38,천안시,34.76542636688876,0.0
2026-06-25,370,37.11568,127.22159,55.38,천안시,34.76542636688876,0.0
2026-06-26,370,37.11568,127.22159,55.38,천안시,34.76542636688876,0.0
2026-06-27,370,37.11568,127.22159,55.38,천안시,34.76542636688876,0.0
2026-06-28,370,37.11568,127.22159,55.38,천안시,34.76542636688876,0.0
2026-06-29,370,37.11568,127.22159,55.38,천안시,34.76542636688876,0.0
2026-05-30,443,37.03307,127.30633,66.04,천안시,29.66549821170959,0.0
2026-05-31,443,37.03307,127.30633,66.04,천안시,29.66549821170959,0.0
2026-06-01,443,37.03307,127.30633,66.04,천안시,29.66549821170959,0.0
2026-06-02,443,37.03307,127.30633,66.04,천안시,29.66549821170959,0.0
2026-06-03,443,37.03307,127.30633,66.04,천안시,29.66549821170959,0.0
2026-06-04,443,37.03307,127.30633,66.04,천안시,29.66549821170959,4.0
2026-06-05,443,37.03307,127.30633,66.04,천안시,29.66549821170959,0.0
2026-06-06,443,37.03307,127.30633,66.04,천안시,29.66549821170959,0.0
2026-06-07,443,37.03307,127.30633,66.04,천안시,29.66549821170959,0.0
2026-06-08,443,37.03307,127.30633,66.04,천안시,29.66549821170959,0.0
2026-06-09,443,37.03307,127.30633,66.04,천안시,29.66549821170959,0.0
2026-06-10,443,37.03307,127.30633,66.04,천안시,29.66549821170959,0.0
2026-06-11,443,37.03307,127.30633,66.04,천안시,29.66549821170959,0.0
2026-06-12,443,37.03307,127.30633,66.04,천안시,29.66549821170959,0.0
2026-06-13,443,37.03307,127.30633,66.04,천안시,29.66549821170959,0.0
2026-06-14,443,37.03307,127.30633,66.04,천안시,29.66549821170959,11.0
2026-06-15,443,37.03307,127.30633,66.04,천안시,29.66549821170959,0.0
2026-06-16,443,37.03307,127.30633,66.04,천안시,29.66549821170959,0.0
2026-06-17,443,37.03307,127.30633,66.04,천안시,29.66549821170959,0.0
2026-06-18,443,37.03307,127.30633,66.04,천안시,29.66549821170959,0.0
2026-06-19,443,37.03307,127.30633,66.04,천안시,29.66549821170959,3.0
2026-06-20,443,37.03307,127.30633,66.04,천안시,29.66549821170959,67.0
2026-06-21,443,37.03307,127.30633,66.04,천안시,29.66549821170959,0.0
2026-06-22,443,37.03307,127.30633,66.04,천안시,29.66549821170959,0.0
2026-06-23,443,37.03307,127.30633,66.04,천안시,29.66549821170959,0.0
2026-06-24,443,37.03307,127.30633,66.04,천안시,29.66549821170959,0.0
2026-06-25,443,37.03307,127.30633,66.04,천안시,29.66549821170959,0.0
2026-06-26,443,37.03307,127.30633,66.04,천안시,29.66549821170959,0.0
2026-06-27,443,37.03307,127.30633,66.04,천안시,29.66549821170959,0.0
2026-06-28,443,37.03307,127.30633,66.04,천안시,29.66549821170959,0.0
2026-06-29,443,37.03307,127.30633,66.04,천안시,29.66549821170959,0.0
2026-05-30,467,37.09414,127.21575,45.78,천안시,32.320741529185064,0.0
2026-05-31,467,37.09414,127.21575,45.78,천안시,32.320741529185064,0.0
2026-06-01,467,37.09414,127.21575,45.78,천안시,32.320741529185064,0.0
2026-06-02,467,37.09414,127.21575,45.78,천안시,32.320741529185064,0.0
2026-06-03,467,37.09414,127.21575,45.78,천안시,32.320741529185064,0.0
2026-06-04,467,37.09414,127.21575,45.78,천안시,32.320741529185064,7.0
2026-06-05,467,37.09414,127.21575,45.78,천안시,32.320741529185064,0.0
2026-06-06,467,37.09414,127.21575,45.78,천안시,32.320741529185064,0.0
2026-06-07,467,37.09414,127.21575,45.78,천안시,32.320741529185064,0.0
2026-06-08,467,37.09414,127.21575,45.78,천안시,32.320741529185064,0.0
2026-06-09,467,37.09414,127.21575,45.78,천안시,32.320741529185064,0.0
2026-06-10,467,37.09414,127.21575,45.78,천안시,32.320741529185064,0.0
2026-06-11,467,37.09414,127.21575,45.78,천안시,32.320741529185064,0.0
2026-06-12,467,37.09414,127.21575,45.78,천안시,32.320741529185064,0.0
2026-06-13,467,37.09414,127.21575,45.78,천안시,32.320741529185064,0.0
2026-06-14,467,37.09414,127.21575,45.78,천안시,32.320741529185064,4.5
2026-06-15,467,37.09414,127.21575,45.78,천안시,32.320741529185064,0.0
2026-06-16,467,37.09414,127.21575,45.78,천안시,32.320741529185064,0.0
2026-06-17,467,37.09414,127.21575,45.78,천안시,32.320741529185064,0.0
2026-06-18,467,37.09414,127.21575,45.78,천안시,32.320741529185064,0.0
2026-06-19,467,37.09414,127.21575,45.78,천안시,32.320741529185064,7.5
2026-06-20,467,37.09414,127.21575,45.78,천안시,32.320741529185064,59.0
2026-06-21,467,37.09414,127.21575,45.78,천안시,32.320741529185064,0.0
2026-06-22,467,37.09414,127.21575,45.78,천안시,32.320741529185064,0.0
2026-06-23,467,37.09414,127.21575,45.78,천안시,32.320741529185064,0.0
2026-06-24,467,37.09414,127.21575,45.78,천안시,32.320741529185064,0.0
2026-06-25,467,37.09414,127.21575,45.78,천안시,32.320741529185064,0.0
2026-06-26,467,37.09414,127.21575,45.78,천안시,32.320741529185064,0.0
2026-06-27,467,37.09414,127.21575,45.78,천안시,32.320741529185064,0.0
2026-06-28,467,37.09414,127.21575,45.78,천안시,32.320741529185064,0.0
2026-06-29,467,37.09414,127.21575,45.78,천안시,32.320741529185064,0.0
2026-05-30,468,36.94309,127.25925,53.8,천안시,19.227144610066514,0.0
2026-05-31,468,36.94309,127.25925,53.8,천안시,19.227144610066514,0.0
2026-06-01,468,36.94309,127.25925,53.8,천안시,19.227144610066514,0.0
2026-06-02,468,36.94309,127.25925,53.8,천안시,19.227144610066514,0.0
2026-06-03,468,36.94309,127.25925,53.8,천안시,19.227144610066514,0.0
2026-06-04,468,36.94309,127.25925,53.8,천안시,19.227144610066514,26.0
2026-06-05,468,36.94309,127.25925,53.8,천안시,19.227144610066514,0.0
2026-06-06,468,36.94309,127.25925,53.8,천안시,19.227144610066514,0.0
2026-06-07,468,36.94309,127.25925,53.8,천안시,19.227144610066514,0.0
2026-06-08,468,36.94309,127.25925,53.8,천안시,19.227144610066514,0.0
2026-06-09,468,36.94309,127.25925,53.8,천안시,19.227144610066514,0.0
2026-06-10,468,36.94309,127.25925,53.8,천안시,19.227144610066514,0.0
2026-06-11,468,36.94309,127.25925,53.8,천안시,19.227144610066514,0.0
2026-06-12,468,36.94309,127.25925,53.8,천안시,19.227144610066514,0.0
2026-06-13,468,36.94309,127.25925,53.8,천안시,19.227144610066514,0.0
2026-06-14,468,36.94309,127.25925,53.8,천안시,19.227144610066514,4.5
2026-06-15,468,36.94309,127.25925,53.8,천안시,19.227144610066514,0.0
2026-06-16,468,36.94309,127.25925,53.8,천안시,19.227144610066514,0.0
2026-06-17,468,36.94309,127.25925,53.8,천안시,19.227144610066514,0.0
2026-06-18,468,36.94309,127.25925,53.8,천안시,19.227144610066514,0.0
2026-06-19,468,36.94309,127.25925,53.8,천안시,19.227144610066514,3.5
2026-06-20,468,36.94309,127.25925,53.8,천안시,19.227144610066514,39.0
2026-06-21,468,36.94309,127.25925,53.8,천안시,19.227144610066514,0.0
2026-06-22,468,36.94309,127.25925,53.8,천안시,19.227144610066514,0.0
2026-06-23,468,36.94309,127.25925,53.8,천안시,19.227144610066514,0.0
2026-06-24,468,36.94309,127.25925,53.8,천안시,19.227144610066514,0.0
2026-06-25,468,36.94309,127.25925,53.8,천안시,19.227144610066514,0.0
2026-06-26,468,36.94309,127.25925,53.8,천안시,19.227144610066514,0.0
2026-06-27,468,36.94309,127.25925,53.8,천안시,19.227144610066514,0.0
2026-06-28,468,36.94309,127.25925,53.8,천안시,19.227144610066514,0.0
2026-06-29,468,36.94309,127.25925,53.8,천안시,19.227144610066514,0.0
2026-05-30,470,37.08056,127.26962,41.0,천안시,32.60049365203868,0.0
2026-05-31,470,37.08056,127.26962,41.0,천안시,32.60049365203868,0.0
2026-06-01,470,37.08056,127.26962,41.0,천안시,32.60049365203868,0.0
2026-06-02,470,37.08056,127.26962,41.0,천안시,32.60049365203868,0.0
2026-06-03,470,37.08056,127.26962,41.0,천안시,32.60049365203868,0.0
2026-06-04,470,37.08056,127.26962,41.0,천안시,32.60049365203868,6.5
2026-06-05,470,37.08056,127.26962,41.0,천안시,32.60049365203868,0.0
2026-06-06,470,37.08056,127.26962,41.0,천안시,32.60049365203868,0.0
2026-06-07,470,37.08056,127.26962,41.0,천안시,32.60049365203868,0.0
2026-06-08,470,37.08056,127.26962,41.0,천안시,32.60049365203868,0.0
2026-06-09,470,37.08056,127.26962,41.0,천안시,32.60049365203868,0.0
2026-06-10,470,37.08056,127.26962,41.0,천안시,32.60049365203868,0.0
2026-06-11,470,37.08056,127.26962,41.0,천안시,32.60049365203868,0.0
2026-06-12,470,37.08056,127.26962,41.0,천안시,32.60049365203868,0.0
2026-06-13,470,37.08056,127.26962,41.0,천안시,32.60049365203868,0.0
2026-06-14,470,37.08056,127.26962,41.0,천안시,32.60049365203868,32.0
2026-06-15,470,37.08056,127.26962,41.0,천안시,32.60049365203868,0.0
2026-06-16,470,37.08056,127.26962,41.0,천안시,32.60049365203868,0.0
2026-06-17,470,37.08056,127.26962,41.0,천안시,32.60049365203868,0.0
2026-06-18,470,37.08056,127.26962,41.0,천안시,32.60049365203868,0.0
2026-06-19,470,37.08056,127.26962,41.0,천안시,32.60049365203868,3.0
2026-06-20,470,37.08056,127.26962,41.0,천안시,32.60049365203868,67.5
2026-06-21,470,37.08056,127.26962,41.0,천안시,32.60049365203868,0.0
2026-06-22,470,37.08056,127.26962,41.0,천안시,32.60049365203868,0.0
2026-06-23,470,37.08056,127.26962,41.0,천안시,32.60049365203868,0.0
2026-06-24,470,37.08056,127.26962,41.0,천안시,32.60049365203868,0.0
2026-06-25,470,37.08056,127.26962,41.0,천안시,32.60049365203868,0.0
2026-06-26,470,37.08056,127.26962,41.0,천안시,32.60049365203868,0.0
2026-06-27,470,37.08056,127.26962,41.0,천안시,32.60049365203868,0.0
2026-06-28,470,37.08056,127.26962,41.0,천안시,32.60049365203868,0.0
2026-06-29,470,37.08056,127.26962,41.0,천안시,32.60049365203868,0.0
2026-05-30,471,37.06639,127.06491,63.05,천안시,28.27934687737264,0.0
2026-05-31,471,37.06639,127.06491,63.05,천안시,28.27934687737264,0.0
2026-06-01,471,37.06639,127.06491,63.05,천안시,28.27934687737264,0.0
2026-06-02,471,37.06639,127.06491,63.05,천안시,28.27934687737264,0.0
2026-06-03,471,37.06639,127.06491,63.05,천안시,28.27934687737264,0.0
2026-06-04,471,37.06639,127.06491,63.05,천안시,28.27934687737264,7.0
2026-06-05,471,37.06639,127.06491,63.05,천안시,28.27934687737264,0.0
2026-06-06,471,37.06639,127.06491,63.05,천안시,28.27934687737264,0.0
2026-06-07,471,37.06639,127.06491,63.05,천안시,28.27934687737264,0.0
2026-06-08,471,37.06639,127.06491,63.05,천안시,28.27934687737264,0.0
2026-06-09,471,37.06639,127.06491,63.05,천안시,28.27934687737264,0.0
2026-06-10,471,37.06639,127.06491,63.05,천안시,28.27934687737264,0.0
2026-06-11,471,37.06639,127.06491,63.05,천안시,28.27934687737264,0.0
2026-06-12,471,37.06639,127.06491,63.05,천안시,28.27934687737264,0.0
2026-06-13,471,37.06639,127.06491,63.05,천안시,28.27934687737264,0.0
2026-06-14,471,37.06639,127.06491,63.05,천안시,28.27934687737264,0.0
2026-06-15,471,37.06639,127.06491,63.05,천안시,28.27934687737264,0.0
2026-06-16,471,37.06639,127.06491,63.05,천안시,28.27934687737264,0.0
2026-06-17,471,37.06639,127.06491,63.05,천안시,28.27934687737264,0.0
2026-06-18,471,37.06639,127.06491,63.05,천안시,28.27934687737264,0.0
2026-06-19,471,37.06639,127.06491,63.05,천안시,28.27934687737264,4.5
2026-06-20,471,37.06639,127.06491,63.05,천안시,28.27934687737264,48.5
2026-06-21,471,37.06639,127.06491,63.05,천안시,28.27934687737264,0.0
2026-06-22,471,37.06639,127.06491,63.05,천안시,28.27934687737264,0.0
2026-06-23,471,37.06639,127.06491,63.05,천안시,28.27934687737264,0.0
2026-06-24,471,37.06639,127.06491,63.05,천안시,28.27934687737264,0.0
2026-06-25,471,37.06639,127.06491,63.05,천안시,28.27934687737264,0.0
2026-06-26,471,37.06639,127.06491,63.05,천안시,28.27934687737264,0.0
2026-06-27,471,37.06639,127.06491,63.05,천안시,28.27934687737264,0.0
2026-06-28,471,37.06639,127.06491,63.05,천안시,28.27934687737264,0.0
2026-06-29,471,37.06639,127.06491,63.05,천안시,28.27934687737264,0.0
2026-05-30,495,36.98062,127.16254,13.0,천안시,18.906375866251583,0.0
2026-05-31,495,36.98062,127.16254,13.0,천안시,18.906375866251583,0.0
2026-06-01,495,36.98062,127.16254,13.0,천안시,18.906375866251583,0.0
2026-06-02,495,36.98062,127.16254,13.0,천안시,18.906375866251583,0.0
2026-06-03,495,36.98062,127.16254,13.0,천안시,18.906375866251583,0.0
2026-06-04,495,36.98062,127.16254,13.0,천안시,18.906375866251583,19.5
2026-06-05,495,36.98062,127.16254,13.0,천안시,18.906375866251583,0.0
2026-06-06,495,36.98062,127.16254,13.0,천안시,18.906375866251583,0.0
2026-06-07,495,36.98062,127.16254,13.0,천안시,18.906375866251583,0.0
2026-06-08,495,36.98062,127.16254,13.0,천안시,18.906375866251583,0.0
2026-06-09,495,36.98062,127.16254,13.0,천안시,18.906375866251583,0.0
2026-06-10,495,36.98062,127.16254,13.0,천안시,18.906375866251583,0.0
2026-06-11,495,36.98062,127.16254,13.0,천안시,18.906375866251583,0.0
2026-06-12,495,36.98062,127.16254,13.0,천안시,18.906375866251583,0.0
2026-06-13,495,36.98062,127.16254,13.0,천안시,18.906375866251583,0.0
2026-06-14,495,36.98062,127.16254,13.0,천안시,18.906375866251583,0.0
2026-06-15,495,36.98062,127.16254,13.0,천안시,18.906375866251583,0.0
2026-06-16,495,36.98062,127.16254,13.0,천안시,18.906375866251583,0.0
2026-06-17,495,36.98062,127.16254,13.0,천안시,18.906375866251583,0.0
2026-06-18,495,36.98062,127.16254,13.0,천안시,18.906375866251583,0.0
2026-06-19,495,36.98062,127.16254,13.0,천안시,18.906375866251583,5.5
2026-06-20,495,36.98062,127.16254,13.0,천안시,18.906375866251583,46.0
2026-06-21,495,36.98062,127.16254,13.0,천안시,18.906375866251583,0.0
2026-06-22,495,36.98062,127.16254,13.0,천안시,18.906375866251583,0.0
2026-06-23,495,36.98062,127.16254,13.0,천안시,18.906375866251583,0.0
2026-06-24,495,36.98062,127.16254,13.0,천안시,18.906375866251583,0.0
2026-06-25,495,36.98062,127.16254,13.0,천안시,18.906375866251583,0.0
2026-06-26,495,36.98062,127.16254,13.0,천안시,18.906375866251583,0.0
2026-06-27,495,36.98062,127.16254,13.0,천안시,18.906375866251583,0.0
2026-06-28,495,36.98062,127.16254,13.0,천안시,18.906375866251583,0.0
2026-06-29,495,36.98062,127.16254,13.0,천안시,18.906375866251583,0.0
2026-05-30,516,37.00371,127.25017,23.92,천안시,24.220566337143854,0.0
2026-05-31,516,37.00371,127.25017,23.92,천안시,24.220566337143854,0.0
2026-06-01,516,37.00371,127.25017,23.92,천안시,24.220566337143854,0.0
2026-06-02,516,37.00371,127.25017,23.92,천안시,24.220566337143854,0.0
2026-06-03,516,37.00371,127.25017,23.92,천안시,24.220566337143854,0.0
2026-06-04,516,37.00371,127.25017,23.92,천안시,24.220566337143854,4.5
2026-06-05,516,37.00371,127.25017,23.92,천안시,24.220566337143854,0.0
2026-06-06,516,37.00371,127.25017,23.92,천안시,24.220566337143854,0.0
2026-06-07,516,37.00371,127.25017,23.92,천안시,24.220566337143854,0.0
2026-06-08,516,37.00371,127.25017,23.92,천안시,24.220566337143854,0.0
2026-06-09,516,37.00371,127.25017,23.92,천안시,24.220566337143854,0.0
2026-06-10,516,37.00371,127.25017,23.92,천안시,24.220566337143854,0.0
2026-06-11,516,37.00371,127.25017,23.92,천안시,24.220566337143854,0.0
2026-06-12,516,37.00371,127.25017,23.92,천안시,24.220566337143854,0.0
2026-06-13,516,37.00371,127.25017,23.92,천안시,24.220566337143854,0.0
2026-06-14,516,37.00371,127.25017,23.92,천안시,24.220566337143854,2.5
2026-06-15,516,37.00371,127.25017,23.92,천안시,24.220566337143854,0.0
2026-06-16,516,37.00371,127.25017,23.92,천안시,24.220566337143854,0.0
2026-06-17,516,37.00371,127.25017,23.92,천안시,24.220566337143854,0.0
2026-06-18,516,37.00371,127.25017,23.92,천안시,24.220566337143854,0.0
2026-06-19,516,37.00371,127.25017,23.92,천안시,24.220566337143854,3.5
2026-06-20,516,37.00371,127.25017,23.92,천안시,24.220566337143854,51.0
2026-06-21,516,37.00371,127.25017,23.92,천안시,24.220566337143854,0.0
2026-06-22,516,37.00371,127.25017,23.92,천안시,24.220566337143854,0.5
2026-06-23,516,37.00371,127.25017,23.92,천안시,24.220566337143854,0.0
2026-06-24,516,37.00371,127.25017,23.92,천안시,24.220566337143854,0.0
2026-06-25,516,37.00371,127.25017,23.92,천안시,24.220566337143854,0.0
2026-06-26,516,37.00371,127.25017,23.92,천안시,24.220566337143854,0.0
2026-06-27,516,37.00371,127.25017,23.92,천안시,24.220566337143854,0.0
2026-06-28,516,37.00371,127.25017,23.92,천안시,24.220566337143854,0.0
2026-06-29,516,37.00371,127.25017,23.92,천안시,24.220566337143854,0.0
2026-05-30,551,36.98769,127.10879,27.14,천안시,19.196510640554433,0.0
2026-05-31,551,36.98769,127.10879,27.14,천안시,19.196510640554433,0.0
2026-06-01,551,36.98769,127.10879,27.14,천안시,19.196510640554433,0.0
2026-06-02,551,36.98769,127.10879,27.14,천안시,19.196510640554433,0.0
2026-06-03,551,36.98769,127.10879,27.14,천안시,19.196510640554433,0.0
2026-06-04,551,36.98769,127.10879,27.14,천안시,19.196510640554433,28.0
2026-06-05,551,36.98769,127.10879,27.14,천안시,19.196510640554433,0.0
2026-06-06,551,36.98769,127.10879,27.14,천안시,19.196510640554433,0.0
2026-06-07,551,36.98769,127.10879,27.14,천안시,19.196510640554433,0.0
2026-06-08,551,36.98769,127.10879,27.14,천안시,19.196510640554433,0.0
2026-06-09,551,36.98769,127.10879,27.14,천안시,19.196510640554433,0.0
2026-06-10,551,36.98769,127.10879,27.14,천안시,19.196510640554433,0.0
2026-06-11,551,36.98769,127.10879,27.14,천안시,19.196510640554433,0.0
2026-06-12,551,36.98769,127.10879,27.14,천안시,19.196510640554433,0.0
2026-06-13,551,36.98769,127.10879,27.14,천안시,19.196510640554433,0.0
2026-06-14,551,36.98769,127.10879,27.14,천안시,19.196510640554433,3.0
2026-06-15,551,36.98769,127.10879,27.14,천안시,19.196510640554433,0.0
2026-06-16,551,36.98769,127.10879,27.14,천안시,19.196510640554433,0.0
2026-06-17,551,36.98769,127.10879,27.14,천안시,19.196510640554433,0.0
2026-06-18,551,36.98769,127.10879,27.14,천안시,19.196510640554433,0.0
2026-06-19,551,36.98769,127.10879,27.14,천안시,19.196510640554433,4.5
2026-06-20,551,36.98769,127.10879,27.14,천안시,19.196510640554433,39.0
2026-06-21,551,36.98769,127.10879,27.14,천안시,19.196510640554433,0.0
2026-06-22,551,36.98769,127.10879,27.14,천안시,19.196510640554433,0.0
2026-06-23,551,36.98769,127.10879,27.14,천안시,19.196510640554433,0.0
2026-06-24,551,36.98769,127.10879,27.14,천안시,19.196510640554433,0.0
2026-06-25,551,36.98769,127.10879,27.14,천안시,19.196510640554433,0.0
2026-06-26,551,36.98769,127.10879,27.14,천안시,19.196510640554433,0.0
2026-06-27,551,36.98769,127.10879,27.14,천안시,19.196510640554433,0.0
2026-06-28,551,36.98769,127.10879,27.14,천안시,19.196510640554433,0.0
2026-06-29,551,36.98769,127.10879,27.14,천안시,19.196510640554433,0.0
2026-05-30,575,37.1058,127.18766,51.18,천안시,32.98202642417814,0.0
2026-05-31,575,37.1058,127.18766,51.18,천안시,32.98202642417814,0.0
2026-06-01,575,37.1058,127.18766,51.18,천안시,32.98202642417814,0.0
2026-06-02,575,37.1058,127.18766,51.18,천안시,32.98202642417814,0.0
2026-06-03,575,37.1058,127.18766,51.18,천안시,32.98202642417814,0.0
2026-06-04,575,37.1058,127.18766,51.18,천안시,32.98202642417814,6.5
2026-06-05,575,37.1058,127.18766,51.18,천안시,32.98202642417814,0.0
2026-06-06,575,37.1058,127.18766,51.18,천안시,32.98202642417814,0.0
2026-06-07,575,37.1058,127.18766,51.18,천안시,32.98202642417814,0.0
2026-06-08,575,37.1058,127.18766,51.18,천안시,32.98202642417814,0.0
2026-06-09,575,37.1058,127.18766,51.18,천안시,32.98202642417814,0.0
2026-06-10,575,37.1058,127.18766,51.18,천안시,32.98202642417814,0.0
2026-06-11,575,37.1058,127.18766,51.18,천안시,32.98202642417814,0.0
2026-06-12,575,37.1058,127.18766,51.18,천안시,32.98202642417814,0.0
2026-06-13,575,37.1058,127.18766,51.18,천안시,32.98202642417814,0.0
2026-06-14,575,37.1058,127.18766,51.18,천안시,32.98202642417814,6.5
2026-06-15,575,37.1058,127.18766,51.18,천안시,32.98202642417814,0.0
2026-06-16,575,37.1058,127.18766,51.18,천안시,32.98202642417814,0.0
2026-06-17,575,37.1058,127.18766,51.18,천안시,32.98202642417814,0.0
2026-06-18,575,37.1058,127.18766,51.18,천안시,32.98202642417814,0.0
2026-06-19,575,37.1058,127.18766,51.18,천안시,32.98202642417814,5.0
2026-06-20,575,37.1058,127.18766,51.18,천안시,32.98202642417814,55.0
2026-06-21,575,37.1058,127.18766,51.18,천안시,32.98202642417814,0.0
2026-06-22,575,37.1058,127.18766,51.18,천안시,32.98202642417814,0.0
2026-06-23,575,37.1058,127.18766,51.18,천안시,32.98202642417814,0.0
2026-06-24,575,37.1058,127.18766,51.18,천안시,32.98202642417814,0.0
2026-06-25,575,37.1058,127.18766,51.18,천안시,32.98202642417814,0.0
2026-06-26,575,37.1058,127.18766,51.18,천안시,32.98202642417814,0.0
2026-06-27,575,37.1058,127.18766,51.18,천안시,32.98202642417814,0.0
2026-06-28,575,37.1058,127.18766,51.18,천안시,32.98202642417814,0.0
2026-06-29,575,37.1058,127.18766,51.18,천안시,32.98202642417814,0.0
2026-05-30,602,36.86338,127.46231,68.0,천안시,31.466887787873596,0.0
2026-05-31,602,36.86338,127.46231,68.0,천안시,31.466887787873596,0.0
2026-06-01,602,36.86338,127.46231,68.0,천안시,31.466887787873596,0.0
2026-06-02,602,36.86338,127.46231,68.0,천안시,31.466887787873596,0.0
2026-06-03,602,36.86338,127.46231,68.0,천안시,31.466887787873596,0.0
2026-06-04,602,36.86338,127.46231,68.0,천안시,31.466887787873596,4.5
2026-06-05,602,36.86338,127.46231,68.0,천안시,31.466887787873596,0.0
2026-06-06,602,36.86338,127.46231,68.0,천안시,31.466887787873596,0.0
2026-06-07,602,36.86338,127.46231,68.0,천안시,31.466887787873596,1.0
2026-06-08,602,36.86338,127.46231,68.0,천안시,31.466887787873596,0.0
2026-06-09,602,36.86338,127.46231,68.0,천안시,31.466887787873596,0.0
2026-06-10,602,36.86338,127.46231,68.0,천안시,31.466887787873596,0.0
2026-06-11,602,36.86338,127.46231,68.0,천안시,31.466887787873596,0.0
2026-06-12,602,36.86338,127.46231,68.0,천안시,31.466887787873596,0.0
2026-06-13,602,36.86338,127.46231,68.0,천안시,31.466887787873596,0.0
2026-06-14,602,36.86338,127.46231,68.0,천안시,31.466887787873596,17.0
2026-06-15,602,36.86338,127.46231,68.0,천안시,31.466887787873596,0.0
2026-06-16,602,36.86338,127.46231,68.0,천안시,31.466887787873596,0.0
2026-06-17,602,36.86338,127.46231,68.0,천안시,31.466887787873596,1.0
2026-06-18,602,36.86338,127.46231,68.0,천안시,31.466887787873596,1.0
2026-06-19,602,36.86338,127.46231,68.0,천안시,31.466887787873596,5.5
2026-06-20,602,36.86338,127.46231,68.0,천안시,31.466887787873596,51.0
2026-06-21,602,36.86338,127.46231,68.0,천안시,31.466887787873596,0.0
2026-06-22,602,36.86338,127.46231,68.0,천안시,31.466887787873596,0.0
2026-06-23,602,36.86338,127.46231,68.0,천안시,31.466887787873596,0.0
2026-06-24,602,36.86338,127.46231,68.0,천안시,31.466887787873596,0.0
2026-06-25,602,36.86338,127.46231,68.0,천안시,31.466887787873596,0.5
2026-06-26,602,36.86338,127.46231,68.0,천안시,31.466887787873596,0.0
2026-06-27,602,36.86338,127.46231,68.0,천안시,31.466887787873596,0.0
2026-06-28,602,36.86338,127.46231,68.0,천안시,31.466887787873596,0.0
2026-06-29,602,36.86338,127.46231,68.0,천안시,31.466887787873596,0.0
2026-05-30,617,36.89056,127.14556,27.0,천안시,8.851008282218721,0.0
2026-05-31,617,36.89056,127.14556,27.0,천안시,8.851008282218721,0.0
2026-06-01,617,36.89056,127.14556,27.0,천안시,8.851008282218721,0.0
2026-06-02,617,36.89056,127.14556,27.0,천안시,8.851008282218721,0.0
2026-06-03,617,36.89056,127.14556,27.0,천안시,8.851008282218721,0.0
2026-06-04,617,36.89056,127.14556,27.0,천안시,8.851008282218721,3.0
2026-06-05,617,36.89056,127.14556,27.0,천안시,8.851008282218721,0.0
2026-06-06,617,36.89056,127.14556,27.0,천안시,8.851008282218721,0.0
2026-06-07,617,36.89056,127.14556,27.0,천안시,8.851008282218721,0.0
2026-06-08,617,36.89056,127.14556,27.0,천안시,8.851008282218721,0.0
2026-06-09,617,36.89056,127.14556,27.0,천안시,8.851008282218721,0.0
2026-06-10,617,36.89056,127.14556,27.0,천안시,8.851008282218721,0.0
2026-06-11,617,36.89056,127.14556,27.0,천안시,8.851008282218721,0.0
2026-06-12,617,36.89056,127.14556,27.0,천안시,8.851008282218721,0.0
2026-06-13,617,36.89056,127.14556,27.0,천안시,8.851008282218721,0.0
2026-06-14,617,36.89056,127.14556,27.0,천안시,8.851008282218721,0.0
2026-06-15,617,36.89056,127.14556,27.0,천안시,8.851008282218721,0.0
2026-06-16,617,36.89056,127.14556,27.0,천안시,8.851008282218721,0.0
2026-06-17,617,36.89056,127.14556,27.0,천안시,8.851008282218721,0.0
2026-06-18,617,36.89056,127.14556,27.0,천안시,8.851008282218721,0.0
2026-06-19,617,36.89056,127.14556,27.0,천안시,8.851008282218721,4.5
2026-06-20,617,36.89056,127.14556,27.0,천안시,8.851008282218721,37.0
2026-06-21,617,36.89056,127.14556,27.0,천안시,8.851008282218721,0.0
2026-06-22,617,36.89056,127.14556,27.0,천안시,8.851008282218721,0.0
2026-06-23,617,36.89056,127.14556,27.0,천안시,8.851008282218721,0.0
2026-06-24,617,36.89056,127.14556,27.0,천안시,8.851008282218721,0.0
2026-06-25,617,36.89056,127.14556,27.0,천안시,8.851008282218721,0.0
2026-06-26,617,36.89056,127.14556,27.0,천안시,8.851008282218721,0.0
2026-06-27,617,36.89056,127.14556,27.0,천안시,8.851008282218721,0.0
2026-06-28,617,36.89056,127.14556,27.0,천안시,8.851008282218721,0.0
2026-06-29,617,36.89056,127.14556,27.0,천안시,8.851008282218721,0.0
2026-05-30,629,36.69076,127.20047,84.56,천안시,15.831714247143774,0.0
2026-05-31,629,36.69076,127.20047,84.56,천안시,15.831714247143774,0.0
2026-06-01,629,36.69076,127.20047,84.56,천안시,15.831714247143774,0.0
2026-06-02,629,36.69076,127.20047,84.56,천안시,15.831714247143774,0.0
2026-06-03,629,36.69076,127.20047,84.56,천안시,15.831714247143774,0.0
2026-06-04,629,36.69076,127.20047,84.56,천안시,15.831714247143774,0.5
2026-06-05,629,36.69076,127.20047,84.56,천안시,15.831714247143774,0.0
2026-06-06,629,36.69076,127.20047,84.56,천안시,15.831714247143774,0.0
2026-06-07,629,36.69076,127.20047,84.56,천안시,15.831714247143774,0.0
2026-06-08,629,36.69076,127.20047,84.56,천안시,15.831714247143774,0.0
2026-06-09,629,36.69076,127.20047,84.56,천안시,15.831714247143774,0.0
2026-06-10,629,36.69076,127.20047,84.56,천안시,15.831714247143774,0.0
2026-06-11,629,36.69076,127.20047,84.56,천안시,15.831714247143774,0.0
2026-06-12,629,36.69076,127.20047,84.56,천안시,15.831714247143774,0.0
2026-06-13,629,36.69076,127.20047,84.56,천안시,15.831714247143774,0.0
2026-06-14,629,36.69076,127.20047,84.56,천안시,15.831714247143774,19.0
2026-06-15,629,36.69076,127.20047,84.56,천안시,15.831714247143774,0.5
2026-06-16,629,36.69076,127.20047,84.56,천안시,15.831714247143774,0.0
2026-06-17,629,36.69076,127.20047,84.56,천안시,15.831714247143774,7.5
2026-06-18,629,36.69076,127.20047,84.56,천안시,15.831714247143774,0.0
2026-06-19,629,36.69076,127.20047,84.56,천안시,15.831714247143774,12.0
2026-06-20,629,36.69076,127.20047,84.56,천안시,15.831714247143774,58.0
2026-06-21,629,36.69076,127.20047,84.56,천안시,15.831714247143774,0.0
2026-06-22,629,36.69076,127.20047,84.56,천안시,15.831714247143774,0.0
2026-06-23,629,36.69076,127.20047,84.56,천안시,15.831714247143774,0.0
2026-06-24,629,36.69076,127.20047,84.56,천안시,15.831714247143774,0.0
2026-06-25,629,36.69076,127.20047,84.56,천안시,15.831714247143774,0.0
2026-06-26,629,36.69076,127.20047,84.56,천안시,15.831714247143774,0.0
2026-06-27,629,36.69076,127.20047,84.56,천안시,15.831714247143774,0.0
2026-06-28,629,36.69076,127.20047,84.56,천안시,15.831714247143774,0.0
2026-06-29,629,36.69076,127.20047,84.56,천안시,15.831714247143774,0.0
2026-05-30,676,36.9906,127.42985,143.77,천안시,34.206232649138705,0.0
2026-05-31,676,36.9906,127.42985,143.77,천안시,34.206232649138705,0.0
2026-06-01,676,36.9906,127.42985,143.77,천안시,34.206232649138705,0.0
2026-06-02,676,36.9906,127.42985,143.77,천안시,34.206232649138705,0.0
2026-06-03,676,36.9906,127.42985,143.77,천안시,34.206232649138705,0.0
2026-06-04,676,36.9906,127.42985,143.77,천안시,34.206232649138705,28.0
2026-06-05,676,36.9906,127.42985,143.77,천안시,34.206232649138705,0.5
2026-06-06,676,36.9906,127.42985,143.77,천안시,34.206232649138705,0.0
2026-06-07,676,36.9906,127.42985,143.77,천안시,34.206232649138705,6.0
2026-06-08,676,36.9906,127.42985,143.77,천안시,34.206232649138705,0.0
2026-06-09,676,36.9906,127.42985,143.77,천안시,34.206232649138705,0.0
2026-06-10,676,36.9906,127.42985,143.77,천안시,34.206232649138705,0.0
2026-06-11,676,36.9906,127.42985,143.77,천안시,34.206232649138705,0.0
2026-06-12,676,36.9906,127.42985,143.77,천안시,34.206232649138705,0.0
2026-06-13,676,36.9906,127.42985,143.77,천안시,34.206232649138705,0.0
2026-06-14,676,36.9906,127.42985,143.77,천안시,34.206232649138705,5.0
2026-06-15,676,36.9906,127.42985,143.77,천안시,34.206232649138705,0.0
2026-06-16,676,36.9906,127.42985,143.77,천안시,34.206232649138705,0.0
2026-06-17,676,36.9906,127.42985,143.77,천안시,34.206232649138705,0.0
2026-06-18,676,36.9906,127.42985,143.77,천안시,34.206232649138705,0.0
2026-06-19,676,36.9906,127.42985,143.77,천안시,34.206232649138705,4.0
2026-06-20,676,36.9906,127.42985,143.77,천안시,34.206232649138705,73.5
2026-06-21,676,36.9906,127.42985,143.77,천안시,34.206232649138705,0.0
2026-06-22,676,36.9906,127.42985,143.77,천안시,34.206232649138705,0.0
2026-06-23,676,36.9906,127.42985,143.77,천안시,34.206232649138705,0.0
2026-06-24,676,36.9906,127.42985,143.77,천안시,34.206232649138705,0.0
2026-06-25,676,36.9906,127.42985,143.77,천안시,34.206232649138705,0.5
2026-06-26,676,36.9906,127.42985,143.77,천안시,34.206232649138705,0.0
2026-06-27,676,36.9906,127.42985,143.77,천안시,34.206232649138705,0.0
2026-06-28,676,36.9906,127.42985,143.77,천안시,34.206232649138705,0.0
2026-06-29,676,36.9906,127.42985,143.77,천안시,34.206232649138705,0.0
2026-05-30,977,36.72455,127.46688,40.35,천안시,33.013602632646865,0.0
2026-05-31,977,36.72455,127.46688,40.35,천안시,33.013602632646865,0.0
2026-06-01,977,36.72455,127.46688,40.35,천안시,33.013602632646865,0.0
2026-06-02,977,36.72455,127.46688,40.35,천안시,33.013602632646865,0.0
2026-06-03,977,36.72455,127.46688,40.35,천안시,33.013602632646865,0.0
2026-06-04,977,36.72455,127.46688,40.35,천안시,33.013602632646865,0.0
2026-06-05,977,36.72455,127.46688,40.35,천안시,33.013602632646865,0.0
2026-06-06,977,36.72455,127.46688,40.35,천안시,33.013602632646865,0.0
2026-06-07,977,36.72455,127.46688,40.35,천안시,33.013602632646865,0.0
2026-06-08,977,36.72455,127.46688,40.35,천안시,33.013602632646865,0.0
2026-06-09,977,36.72455,127.46688,40.35,천안시,33.013602632646865,0.0
2026-06-10,977,36.72455,127.46688,40.35,천안시,33.013602632646865,0.0
2026-06-11,977,36.72455,127.46688,40.35,천안시,33.013602632646865,0.0
2026-06-12,977,36.72455,127.46688,40.35,천안시,33.013602632646865,0.0
2026-06-13,977,36.72455,127.46688,40.35,천안시,33.013602632646865,0.0
2026-06-14,977,36.72455,127.46688,40.35,천안시,33.013602632646865,28.3
2026-06-15,977,36.72455,127.46688,40.35,천안시,33.013602632646865,0.0
2026-06-16,977,36.72455,127.46688,40.35,천안시,33.013602632646865,0.0
2026-06-17,977,36.72455,127.46688,40.35,천안시,33.013602632646865,2.5
2026-06-18,977,36.72455,127.46688,40.35,천안시,33.013602632646865,0.0
2026-06-19,977,36.72455,127.46688,40.35,천안시,33.013602632646865,8.0
2026-06-20,977,36.72455,127.46688,40.35,천안시,33.013602632646865,41.8
2026-06-21,977,36.72455,127.46688,40.35,천안시,33.013602632646865,0.0
2026-06-22,977,36.72455,127.46688,40.35,천안시,33.013602632646865,0.0
2026-06-23,977,36.72455,127.46688,40.35,천안시,33.013602632646865,0.0
2026-06-24,977,36.72455,127.46688,40.35,천안시,33.013602632646865,0.0
2026-06-25,977,36.72455,127.46688,40.35,천안시,33.013602632646865,0.0
2026-06-26,977,36.72455,127.46688,40.35,천안시,33.013602632646865,0.0
2026-06-27,977,36.72455,127.46688,40.35,천안시,33.013602632646865,0.0
2026-06-28,977,36.72455,127.46688,40.35,천안시,33.013602632646865,0.0
2026-06-29,977,36.72455,127.46688,40.35,천안시,33.013602632646865,0.0
2026-05-30,618,36.42371,126.77906,98.75,청양군,4.460387486744847,0.0
2026-05-31,618,36.42371,126.77906,98.75,청양군,4.460387486744847,0.0
2026-06-01,618,36.42371,126.77906,98.75,청양군,4.460387486744847,0.0
2026-06-02,618,36.42371,126.77906,98.75,청양군,4.460387486744847,0.0
2026-06-03,618,36.42371,126.77906,98.75,청양군,4.460387486744847,0.0
2026-06-04,618,36.42371,126.77906,98.75,청양군,4.460387486744847,0.0
2026-06-05,618,36.42371,126.77906,98.75,청양군,4.460387486744847,0.0
2026-06-06,618,36.42371,126.77906,98.75,청양군,4.460387486744847,0.0
2026-06-07,618,36.42371,126.77906,98.75,청양군,4.460387486744847,0.0
2026-06-08,618,36.42371,126.77906,98.75,청양군,4.460387486744847,0.0
2026-06-09,618,36.42371,126.77906,98.75,청양군,4.460387486744847,0.0
2026-06-10,618,36.42371,126.77906,98.75,청양군,4.460387486744847,0.0
2026-06-11,618,36.42371,126.77906,98.75,청양군,4.460387486744847,0.0
2026-06-12,618,36.42371,126.77906,98.75,청양군,4.460387486744847,0.0
2026-06-13,618,36.42371,126.77906,98.75,청양군,4.460387486744847,0.0
2026-06-14,618,36.42371,126.77906,98.75,청양군,4.460387486744847,4.5
2026-06-15,618,36.42371,126.77906,98.75,청양군,4.460387486744847,0.0
2026-06-16,618,36.42371,126.77906,98.75,청양군,4.460387486744847,0.0
2026-06-17,618,36.42371,126.77906,98.75,청양군,4.460387486744847,5.5
2026-06-18,618,36.42371,126.77906,98.75,청양군,4.460387486744847,0.0
2026-06-19,618,36.42371,126.77906,98.75,청양군,4.460387486744847,14.0
2026-06-20,618,36.42371,126.77906,98.75,청양군,4.460387486744847,68.0
2026-06-21,618,36.42371,126.77906,98.75,청양군,4.460387486744847,0.0
2026-06-22,618,36.42371,126.77906,98.75,청양군,4.460387486744847,0.0
2026-06-23,618,36.42371,126.77906,98.75,청양군,4.460387486744847,0.0
2026-06-24,618,36.42371,126.77906,98.75,청양군,4.460387486744847,0.0
2026-06-25,618,36.42371,126.77906,98.75,청양군,4.460387486744847,0.0
2026-06-26,618,36.42371,126.77906,98.75,청양군,4.460387486744847,0.0
2026-06-27,618,36.42371,126.77906,98.75,청양군,4.460387486744847,0.0
2026-06-28,618,36.42371,126.77906,98.75,청양군,4.460387486744847,0.0
2026-06-29,618,36.42371,126.77906,98.75,청양군,4.460387486744847,0.0
2026-05-30,632,36.54056,126.94722,57.67,청양군,15.800072594198479,0.0
2026-05-31,632,36.54056,126.94722,57.67,청양군,15.800072594198479,0.0
2026-06-01,632,36.54056,126.94722,57.67,청양군,15.800072594198479,0.0
2026-06-02,632,36.54056,126.94722,57.67,청양군,15.800072594198479,0.0
2026-06-03,632,36.54056,126.94722,57.67,청양군,15.800072594198479,0.0
2026-06-04,632,36.54056,126.94722,57.67,청양군,15.800072594198479,0.0
2026-06-05,632,36.54056,126.94722,57.67,청양군,15.800072594198479,0.0
2026-06-06,632,36.54056,126.94722,57.67,청양군,15.800072594198479,0.0
2026-06-07,632,36.54056,126.94722,57.67,청양군,15.800072594198479,0.0
2026-06-08,632,36.54056,126.94722,57.67,청양군,15.800072594198479,0.0
2026-06-09,632,36.54056,126.94722,57.67,청양군,15.800072594198479,0.0
2026-06-10,632,36.54056,126.94722,57.67,청양군,15.800072594198479,0.0
2026-06-11,632,36.54056,126.94722,57.67,청양군,15.800072594198479,0.0
2026-06-12,632,36.54056,126.94722,57.67,청양군,15.800072594198479,0.0
2026-06-13,632,36.54056,126.94722,57.67,청양군,15.800072594198479,0.0
2026-06-14,632,36.54056,126.94722,57.67,청양군,15.800072594198479,25.0
2026-06-15,632,36.54056,126.94722,57.67,청양군,15.800072594198479,0.0
2026-06-16,632,36.54056,126.94722,57.67,청양군,15.800072594198479,0.0
2026-06-17,632,36.54056,126.94722,57.67,청양군,15.800072594198479,4.0
2026-06-18,632,36.54056,126.94722,57.67,청양군,15.800072594198479,1.0
2026-06-19,632,36.54056,126.94722,57.67,청양군,15.800072594198479,10.5
2026-06-20,632,36.54056,126.94722,57.67,청양군,15.800072594198479,54.0
2026-06-21,632,36.54056,126.94722,57.67,청양군,15.800072594198479,0.0
2026-06-22,632,36.54056,126.94722,57.67,청양군,15.800072594198479,0.0
2026-06-23,632,36.54056,126.94722,57.67,청양군,15.800072594198479,0.0
2026-06-24,632,36.54056,126.94722,57.67,청양군,15.800072594198479,0.0
2026-06-25,632,36.54056,126.94722,57.67,청양군,15.800072594198479,0.0
2026-06-26,632,36.54056,126.94722,57.67,청양군,15.800072594198479,0.0
2026-06-27,632,36.54056,126.94722,57.67,청양군,15.800072594198479,0.0
2026-06-28,632,36.54056,126.94722,57.67,청양군,15.800072594198479,0.0
2026-06-29,632,36.54056,126.94722,57.67,청양군,15.800072594198479,0.0
2026-05-30,607,36.67309,126.13541,6.71,태안군,16.57758541520283,0.0
2026-05-31,607,36.67309,126.13541,6.71,태안군,16.57758541520283,0.0
2026-06-01,607,36.67309,126.13541,6.71,태안군,16.57758541520283,0.0
2026-06-02,607,36.67309,126.13541,6.71,태안군,16.57758541520283,0.0
2026-06-03,607,36.67309,126.13541,6.71,태안군,16.57758541520283,0.0
2026-06-04,607,36.67309,126.13541,6.71,태안군,16.57758541520283,0.0
2026-06-05,607,36.67309,126.13541,6.71,태안군,16.57758541520283,0.0
2026-06-06,607,36.67309,126.13541,6.71,태안군,16.57758541520283,0.0
2026-06-07,607,36.67309,126.13541,6.71,태안군,16.57758541520283,0.0
2026-06-08,607,36.67309,126.13541,6.71,태안군,16.57758541520283,0.0
2026-06-09,607,36.67309,126.13541,6.71,태안군,16.57758541520283,0.0
2026-06-10,607,36.67309,126.13541,6.71,태안군,16.57758541520283,0.0
2026-06-11,607,36.67309,126.13541,6.71,태안군,16.57758541520283,0.0
2026-06-12,607,36.67309,126.13541,6.71,태안군,16.57758541520283,0.0
2026-06-13,607,36.67309,126.13541,6.71,태안군,16.57758541520283,0.0
2026-06-14,607,36.67309,126.13541,6.71,태안군,16.57758541520283,0.0
2026-06-15,607,36.67309,126.13541,6.71,태안군,16.57758541520283,0.0
2026-06-16,607,36.67309,126.13541,6.71,태안군,16.57758541520283,0.0
2026-06-17,607,36.67309,126.13541,6.71,태안군,16.57758541520283,0.0
2026-06-18,607,36.67309,126.13541,6.71,태안군,16.57758541520283,0.0
2026-06-19,607,36.67309,126.13541,6.71,태안군,16.57758541520283,8.0
2026-06-20,607,36.67309,126.13541,6.71,태안군,16.57758541520283,39.5
2026-06-21,607,36.67309,126.13541,6.71,태안군,16.57758541520283,0.0
2026-06-22,607,36.67309,126.13541,6.71,태안군,16.57758541520283,0.0
2026-06-23,607,36.67309,126.13541,6.71,태안군,16.57758541520283,0.0
2026-06-24,607,36.67309,126.13541,6.71,태안군,16.57758541520283,0.0
2026-06-25,607,36.67309,126.13541,6.71,태안군,16.57758541520283,0.0
2026-06-26,607,36.67309,126.13541,6.71,태안군,16.57758541520283,0.0
2026-06-27,607,36.67309,126.13541,6.71,태안군,16.57758541520283,0.0
2026-06-28,607,36.67309,126.13541,6.71,태안군,16.57758541520283,0.0
2026-06-29,607,36.67309,126.13541,6.71,태안군,16.57758541520283,0.0
2026-05-30,627,36.754,126.32952,14.94,태안군,2.968005419726946,0.0
2026-05-31,627,36.754,126.32952,14.94,태안군,2.968005419726946,0.0
2026-06-01,627,36.754,126.32952,14.94,태안군,2.968005419726946,0.0
2026-06-02,627,36.754,126.32952,14.94,태안군,2.968005419726946,0.0
2026-06-03,627,36.754,126.32952,14.94,태안군,2.968005419726946,0.0
2026-06-04,627,36.754,126.32952,14.94,태안군,2.968005419726946,0.0
2026-06-05,627,36.754,126.32952,14.94,태안군,2.968005419726946,0.0
2026-06-06,627,36.754,126.32952,14.94,태안군,2.968005419726946,0.0
2026-06-07,627,36.754,126.32952,14.94,태안군,2.968005419726946,0.0
2026-06-08,627,36.754,126.32952,14.94,태안군,2.968005419726946,0.0
2026-06-09,627,36.754,126.32952,14.94,태안군,2.968005419726946,0.0
2026-06-10,627,36.754,126.32952,14.94,태안군,2.968005419726946,0.0
2026-06-11,627,36.754,126.32952,14.94,태안군,2.968005419726946,0.0
2026-06-12,627,36.754,126.32952,14.94,태안군,2.968005419726946,0.0
2026-06-13,627,36.754,126.32952,14.94,태안군,2.968005419726946,0.0
2026-06-14,627,36.754,126.32952,14.94,태안군,2.968005419726946,0.0
2026-06-15,627,36.754,126.32952,14.94,태안군,2.968005419726946,0.0
2026-06-16,627,36.754,126.32952,14.94,태안군,2.968005419726946,0.0
2026-06-17,627,36.754,126.32952,14.94,태안군,2.968005419726946,0.0
2026-06-18,627,36.754,126.32952,14.94,태안군,2.968005419726946,0.0
2026-06-19,627,36.754,126.32952,14.94,태안군,2.968005419726946,11.5
2026-06-20,627,36.754,126.32952,14.94,태안군,2.968005419726946,49.0
2026-06-21,627,36.754,126.32952,14.94,태안군,2.968005419726946,0.0
2026-06-22,627,36.754,126.32952,14.94,태안군,2.968005419726946,0.0
2026-06-23,627,36.754,126.32952,14.94,태안군,2.968005419726946,0.0
2026-06-24,627,36.754,126.32952,14.94,태안군,2.968005419726946,0.0
2026-06-25,627,36.754,126.32952,14.94,태안군,2.968005419726946,0.0
2026-06-26,627,36.754,126.32952,14.94,태안군,2.968005419726946,0.0
2026-06-27,627,36.754,126.32952,14.94,태안군,2.968005419726946,0.0
2026-06-28,627,36.754,126.32952,14.94,태안군,2.968005419726946,0.0
2026-06-29,627,36.754,126.32952,14.94,태안군,2.968005419726946,0.0
2026-05-30,658,36.7683,126.12143,10.0,태안군,15.92257257669979,0.0
2026-05-31,658,36.7683,126.12143,10.0,태안군,15.92257257669979,0.0
2026-06-01,658,36.7683,126.12143,10.0,태안군,15.92257257669979,0.0
2026-06-02,658,36.7683,126.12143,10.0,태안군,15.92257257669979,0.0
2026-06-03,658,36.7683,126.12143,10.0,태안군,15.92257257669979,0.0
2026-06-04,658,36.7683,126.12143,10.0,태안군,15.92257257669979,0.0
2026-06-05,658,36.7683,126.12143,10.0,태안군,15.92257257669979,0.0
2026-06-06,658,36.7683,126.12143,10.0,태안군,15.92257257669979,0.0
2026-06-07,658,36.7683,126.12143,10.0,태안군,15.92257257669979,0.0
2026-06-08,658,36.7683,126.12143,10.0,태안군,15.92257257669979,0.0
2026-06-09,658,36.7683,126.12143,10.0,태안군,15.92257257669979,0.0
2026-06-10,658,36.7683,126.12143,10.0,태안군,15.92257257669979,0.0
2026-06-11,658,36.7683,126.12143,10.0,태안군,15.92257257669979,0.0
2026-06-12,658,36.7683,126.12143,10.0,태안군,15.92257257669979,0.0
2026-06-13,658,36.7683,126.12143,10.0,태안군,15.92257257669979,0.0
2026-06-14,658,36.7683,126.12143,10.0,태안군,15.92257257669979,0.0
2026-06-15,658,36.7683,126.12143,10.0,태안군,15.92257257669979,0.0
2026-06-16,658,36.7683,126.12143,10.0,태안군,15.92257257669979,0.0
2026-06-17,658,36.7683,126.12143,10.0,태안군,15.92257257669979,0.0
2026-06-18,658,36.7683,126.12143,10.0,태안군,15.92257257669979,0.0
2026-06-19,658,36.7683,126.12143,10.0,태안군,15.92257257669979,4.5
2026-06-20,658,36.7683,126.12143,10.0,태안군,15.92257257669979,30.5
2026-06-21,658,36.7683,126.12143,10.0,태안군,15.92257257669979,0.0
2026-06-22,658,36.7683,126.12143,10.0,태안군,15.92257257669979,0.0
2026-06-23,658,36.7683,126.12143,10.0,태안군,15.92257257669979,0.0
2026-06-24,658,36.7683,126.12143,10.0,태안군,15.92257257669979,0.0
2026-06-25,658,36.7683,126.12143,10.0,태안군,15.92257257669979,0.0
2026-06-26,658,36.7683,126.12143,10.0,태안군,15.92257257669979,0.0
2026-06-27,658,36.7683,126.12143,10.0,태안군,15.92257257669979,0.0
2026-06-28,658,36.7683,126.12143,10.0,태안군,15.92257257669979,0.0
2026-06-29,658,36.7683,126.12143,10.0,태안군,15.92257257669979,0.0
2026-05-30,666,36.95872,126.16832,32.47,태안군,26.353740479509753,0.0
2026-05-31,666,36.95872,126.16832,32.47,태안군,26.353740479509753,0.0
2026-06-01,666,36.95872,126.16832,32.47,태안군,26.353740479509753,0.0
2026-06-02,666,36.95872,126.16832,32.47,태안군,26.353740479509753,0.0
2026-06-03,666,36.95872,126.16832,32.47,태안군,26.353740479509753,0.0
2026-06-04,666,36.95872,126.16832,32.47,태안군,26.353740479509753,0.0
2026-06-05,666,36.95872,126.16832,32.47,태안군,26.353740479509753,0.0
2026-06-06,666,36.95872,126.16832,32.47,태안군,26.353740479509753,0.0
2026-06-07,666,36.95872,126.16832,32.47,태안군,26.353740479509753,0.0
2026-06-08,666,36.95872,126.16832,32.47,태안군,26.353740479509753,0.0
2026-06-09,666,36.95872,126.16832,32.47,태안군,26.353740479509753,0.0
2026-06-10,666,36.95872,126.16832,32.47,태안군,26.353740479509753,0.0
2026-06-11,666,36.95872,126.16832,32.47,태안군,26.353740479509753,0.0
2026-06-12,666,36.95872,126.16832,32.47,태안군,26.353740479509753,0.0
2026-06-13,666,36.95872,126.16832,32.47,태안군,26.353740479509753,0.0
2026-06-14,666,36.95872,126.16832,32.47,태안군,26.353740479509753,0.0
2026-06-15,666,36.95872,126.16832,32.47,태안군,26.353740479509753,0.0
2026-06-16,666,36.95872,126.16832,32.47,태안군,26.353740479509753,0.0
2026-06-17,666,36.95872,126.16832,32.47,태안군,26.353740479509753,0.0
2026-06-18,666,36.95872,126.16832,32.47,태안군,26.353740479509753,0.5
2026-06-19,666,36.95872,126.16832,32.47,태안군,26.353740479509753,5.0
2026-06-20,666,36.95872,126.16832,32.47,태안군,26.353740479509753,22.0
2026-06-21,666,36.95872,126.16832,32.47,태안군,26.353740479509753,0.0
2026-06-22,666,36.95872,126.16832,32.47,태안군,26.353740479509753,0.0
2026-06-23,666,36.95872,126.16832,32.47,태안군,26.353740479509753,0.0
2026-06-24,666,36.95872,126.16832,32.47,태안군,26.353740479509753,0.0
2026-06-25,666,36.95872,126.16832,32.47,태안군,26.353740479509753,0.0
2026-06-26,666,36.95872,126.16832,32.47,태안군,26.353740479509753,0.0
2026-06-27,666,36.95872,126.16832,32.47,태안군,26.353740479509753,0.0
2026-06-28,666,36.95872,126.16832,32.47,태안군,26.353740479509753,0.0
2026-06-29,666,36.95872,126.16832,32.47,태안군,26.353740479509753,0.0
2026-05-30,667,36.6476,126.0093,58.0,태안군,27.943160631617655,0.0
2026-05-31,667,36.6476,126.0093,58.0,태안군,27.943160631617655,0.0
2026-06-01,667,36.6476,126.0093,58.0,태안군,27.943160631617655,0.0
2026-06-02,667,36.6476,126.0093,58.0,태안군,27.943160631617655,0.0
2026-06-03,667,36.6476,126.0093,58.0,태안군,27.943160631617655,0.0
2026-06-04,667,36.6476,126.0093,58.0,태안군,27.943160631617655,0.0
2026-06-05,667,36.6476,126.0093,58.0,태안군,27.943160631617655,0.0
2026-06-06,667,36.6476,126.0093,58.0,태안군,27.943160631617655,0.0
2026-06-07,667,36.6476,126.0093,58.0,태안군,27.943160631617655,0.0
2026-06-08,667,36.6476,126.0093,58.0,태안군,27.943160631617655,0.0
2026-06-09,667,36.6476,126.0093,58.0,태안군,27.943160631617655,0.0
2026-06-10,667,36.6476,126.0093,58.0,태안군,27.943160631617655,0.0
2026-06-11,667,36.6476,126.0093,58.0,태안군,27.943160631617655,0.0
2026-06-12,667,36.6476,126.0093,58.0,태안군,27.943160631617655,0.0
2026-06-13,667,36.6476,126.0093,58.0,태안군,27.943160631617655,0.0
2026-06-14,667,36.6476,126.0093,58.0,태안군,27.943160631617655,0.0
2026-06-15,667,36.6476,126.0093,58.0,태안군,27.943160631617655,0.0
2026-06-16,667,36.6476,126.0093,58.0,태안군,27.943160631617655,0.0
2026-06-17,667,36.6476,126.0093,58.0,태안군,27.943160631617655,0.0
2026-06-18,667,36.6476,126.0093,58.0,태안군,27.943160631617655,0.0
2026-06-19,667,36.6476,126.0093,58.0,태안군,27.943160631617655,15.5
2026-06-20,667,36.6476,126.0093,58.0,태안군,27.943160631617655,34.0
2026-06-21,667,36.6476,126.0093,58.0,태안군,27.943160631617655,0.0
2026-06-22,667,36.6476,126.0093,58.0,태안군,27.943160631617655,0.0
2026-06-23,667,36.6476,126.0093,58.0,태안군,27.943160631617655,0.0
2026-06-24,667,36.6476,126.0093,58.0,태안군,27.943160631617655,0.0
2026-06-25,667,36.6476,126.0093,58.0,태안군,27.943160631617655,0.0
2026-06-26,667,36.6476,126.0093,58.0,태안군,27.943160631617655,0.0
2026-06-27,667,36.6476,126.0093,58.0,태안군,27.943160631617655,0.0
2026-06-28,667,36.6476,126.0093,58.0,태안군,27.943160631617655,0.0
2026-06-29,667,36.6476,126.0093,58.0,태안군,27.943160631617655,0.0
2026-05-30,177,36.65759,126.68772,27.74,홍성군,6.704306574791265,0.0
2026-05-31,177,36.65759,126.68772,27.74,홍성군,6.704306574791265,0.0
2026-06-01,177,36.65759,126.68772,27.74,홍성군,6.704306574791265,0.0
2026-06-02,177,36.65759,126.68772,27.74,홍성군,6.704306574791265,0.0
2026-06-03,177,36.65759,126.68772,27.74,홍성군,6.704306574791265,0.0
2026-06-04,177,36.65759,126.68772,27.74,홍성군,6.704306574791265,2.3
2026-06-05,177,36.65759,126.68772,27.74,홍성군,6.704306574791265,0.0
2026-06-06,177,36.65759,126.68772,27.74,홍성군,6.704306574791265,0.0
2026-06-07,177,36.65759,126.68772,27.74,홍성군,6.704306574791265,0.0
2026-06-08,177,36.65759,126.68772,27.74,홍성군,6.704306574791265,0.0
2026-06-09,177,36.65759,126.68772,27.74,홍성군,6.704306574791265,0.0
2026-06-10,177,36.65759,126.68772,27.74,홍성군,6.704306574791265,0.0
2026-06-11,177,36.65759,126.68772,27.74,홍성군,6.704306574791265,0.0
2026-06-12,177,36.65759,126.68772,27.74,홍성군,6.704306574791265,0.0
2026-06-13,177,36.65759,126.68772,27.74,홍성군,6.704306574791265,0.0
2026-06-14,177,36.65759,126.68772,27.74,홍성군,6.704306574791265,0.0
2026-06-15,177,36.65759,126.68772,27.74,홍성군,6.704306574791265,0.0
2026-06-16,177,36.65759,126.68772,27.74,홍성군,6.704306574791265,0.0
2026-06-17,177,36.65759,126.68772,27.74,홍성군,6.704306574791265,0.0
2026-06-18,177,36.65759,126.68772,27.74,홍성군,6.704306574791265,0.0
2026-06-19,177,36.65759,126.68772,27.74,홍성군,6.704306574791265,0.0
2026-06-20,177,36.65759,126.68772,27.74,홍성군,6.704306574791265,52.5
2026-06-21,177,36.65759,126.68772,27.74,홍성군,6.704306574791265,0.0
2026-06-22,177,36.65759,126.68772,27.74,홍성군,6.704306574791265,0.0
2026-06-23,177,36.65759,126.68772,27.74,홍성군,6.704306574791265,0.0
2026-06-24,177,36.65759,126.68772,27.74,홍성군,6.704306574791265,0.0
2026-06-25,177,36.65759,126.68772,27.74,홍성군,6.704306574791265,0.0
2026-06-26,177,36.65759,126.68772,27.74,홍성군,6.704306574791265,0.0
2026-06-27,177,36.65759,126.68772,27.74,홍성군,6.704306574791265,0.0
2026-06-28,177,36.65759,126.68772,27.74,홍성군,6.704306574791265,0.0
2026-06-29,177,36.65759,126.68772,27.74,홍성군,6.704306574791265,0.0
2026-05-30,610,36.52003,126.44237,16.88,홍성군,21.500355920838782,0.0
2026-05-31,610,36.52003,126.44237,16.88,홍성군,21.500355920838782,0.0
2026-06-01,610,36.52003,126.44237,16.88,홍성군,21.500355920838782,0.0
2026-06-02,610,36.52003,126.44237,16.88,홍성군,21.500355920838782,0.0
2026-06-03,610,36.52003,126.44237,16.88,홍성군,21.500355920838782,0.0
2026-06-04,610,36.52003,126.44237,16.88,홍성군,21.500355920838782,0.0
2026-06-05,610,36.52003,126.44237,16.88,홍성군,21.500355920838782,0.0
2026-06-06,610,36.52003,126.44237,16.88,홍성군,21.500355920838782,0.0
2026-06-07,610,36.52003,126.44237,16.88,홍성군,21.500355920838782,0.0
2026-06-08,610,36.52003,126.44237,16.88,홍성군,21.500355920838782,0.0
2026-06-09,610,36.52003,126.44237,16.88,홍성군,21.500355920838782,0.0
2026-06-10,610,36.52003,126.44237,16.88,홍성군,21.500355920838782,0.0
2026-06-11,610,36.52003,126.44237,16.88,홍성군,21.500355920838782,0.0
2026-06-12,610,36.52003,126.44237,16.88,홍성군,21.500355920838782,0.0
2026-06-13,610,36.52003,126.44237,16.88,홍성군,21.500355920838782,0.0
2026-06-14,610,36.52003,126.44237,16.88,홍성군,21.500355920838782,0.0
2026-06-15,610,36.52003,126.44237,16.88,홍성군,21.500355920838782,0.0
2026-06-16,610,36.52003,126.44237,16.88,홍성군,21.500355920838782,0.0
2026-06-17,610,36.52003,126.44237,16.88,홍성군,21.500355920838782,3.0
2026-06-18,610,36.52003,126.44237,16.88,홍성군,21.500355920838782,1.5
2026-06-19,610,36.52003,126.44237,16.88,홍성군,21.500355920838782,12.0
2026-06-20,610,36.52003,126.44237,16.88,홍성군,21.500355920838782,38.0
2026-06-21,610,36.52003,126.44237,16.88,홍성군,21.500355920838782,0.0
2026-06-22,610,36.52003,126.44237,16.88,홍성군,21.500355920838782,0.0
2026-06-23,610,36.52003,126.44237,16.88,홍성군,21.500355920838782,0.0
2026-06-24,610,36.52003,126.44237,16.88,홍성군,21.500355920838782,0.0
2026-06-25,610,36.52003,126.44237,16.88,홍성군,21.500355920838782,0.0
2026-06-26,610,36.52003,126.44237,16.88,홍성군,21.500355920838782,0.0
2026-06-27,610,36.52003,126.44237,16.88,홍성군,21.500355920838782,0.0
2026-06-28,610,36.52003,126.44237,16.88,홍성군,21.500355920838782,0.0
2026-06-29,610,36.52003,126.44237,16.88,홍성군,21.500355920838782,0.0
2026-05-30,645,36.57887,126.51099,16.9,홍성군,13.605694565468935,0.0
2026-05-31,645,36.57887,126.51099,16.9,홍성군,13.605694565468935,0.0
2026-06-01,645,36.57887,126.51099,16.9,홍성군,13.605694565468935,0.0
2026-06-02,645,36.57887,126.51099,16.9,홍성군,13.605694565468935,0.0
2026-06-03,645,36.57887,126.51099,16.9,홍성군,13.605694565468935,0.0
2026-06-04,645,36.57887,126.51099,16.9,홍성군,13.605694565468935,0.0
2026-06-05,645,36.57887,126.51099,16.9,홍성군,13.605694565468935,0.0
2026-06-06,645,36.57887,126.51099,16.9,홍성군,13.605694565468935,0.0
2026-06-07,645,36.57887,126.51099,16.9,홍성군,13.605694565468935,0.0
2026-06-08,645,36.57887,126.51099,16.9,홍성군,13.605694565468935,0.0
2026-06-09,645,36.57887,126.51099,16.9,홍성군,13.605694565468935,0.0
2026-06-10,645,36.57887,126.51099,16.9,홍성군,13.605694565468935,0.0
2026-06-11,645,36.57887,126.51099,16.9,홍성군,13.605694565468935,0.0
2026-06-12,645,36.57887,126.51099,16.9,홍성군,13.605694565468935,0.0
2026-06-13,645,36.57887,126.51099,16.9,홍성군,13.605694565468935,0.0
2026-06-14,645,36.57887,126.51099,16.9,홍성군,13.605694565468935,0.0
2026-06-15,645,36.57887,126.51099,16.9,홍성군,13.605694565468935,0.0
2026-06-16,645,36.57887,126.51099,16.9,홍성군,13.605694565468935,0.0
2026-06-17,645,36.57887,126.51099,16.9,홍성군,13.605694565468935,2.0
2026-06-18,645,36.57887,126.51099,16.9,홍성군,13.605694565468935,3.0
2026-06-19,645,36.57887,126.51099,16.9,홍성군,13.605694565468935,12.0
2026-06-20,645,36.57887,126.51099,16.9,홍성군,13.605694565468935,41.5
2026-06-21,645,36.57887,126.51099,16.9,홍성군,13.605694565468935,0.5
2026-06-22,645,36.57887,126.51099,16.9,홍성군,13.605694565468935,0.0
2026-06-23,645,36.57887,126.51099,16.9,홍성군,13.605694565468935,0.0
2026-06-24,645,36.57887,126.51099,16.9,홍성군,13.605694565468935,0.0
2026-06-25,645,36.57887,126.51099,16.9,홍성군,13.605694565468935,0.0
2026-06-26,645,36.57887,126.51099,16.9,홍성군,13.605694565468935,0.0
2026-06-27,645,36.57887,126.51099,16.9,홍성군,13.605694565468935,0.0
2026-06-28,645,36.57887,126.51099,16.9,홍성군,13.605694565468935,0.0
2026-06-29,645,36.57887,126.51099,16.9,홍성군,13.605694565468935,0.0
2026-05-30,694,36.70435,126.60936,677.32,홍성군,12.343338875735752,0.0
2026-05-31,694,36.70435,126.60936,677.32,홍성군,12.343338875735752,0.0
2026-06-01,694,36.70435,126.60936,677.32,홍성군,12.343338875735752,0.0
2026-06-02,694,36.70435,126.60936,677.32,홍성군,12.343338875735752,0.0
2026-06-03,694,36.70435,126.60936,677.32,홍성군,12.343338875735752,0.0
2026-06-04,694,36.70435,126.60936,677.32,홍성군,12.343338875735752,2.0
2026-06-05,694,36.70435,126.60936,677.32,홍성군,12.343338875735752,0.5
2026-06-06,694,36.70435,126.60936,677.32,홍성군,12.343338875735752,0.0
2026-06-07,694,36.70435,126.60936,677.32,홍성군,12.343338875735752,0.0
2026-06-08,694,36.70435,126.60936,677.32,홍성군,12.343338875735752,0.0
2026-06-09,694,36.70435,126.60936,677.32,홍성군,12.343338875735752,0.0
2026-06-10,694,36.70435,126.60936,677.32,홍성군,12.343338875735752,0.0
2026-06-11,694,36.70435,126.60936,677.32,홍성군,12.343338875735752,0.0
2026-06-12,694,36.70435,126.60936,677.32,홍성군,12.343338875735752,0.0
2026-06-13,694,36.70435,126.60936,677.32,홍성군,12.343338875735752,0.0
2026-06-14,694,36.70435,126.60936,677.32,홍성군,12.343338875735752,0.0
2026-06-15,694,36.70435,126.60936,677.32,홍성군,12.343338875735752,0.0
2026-06-16,694,36.70435,126.60936,677.32,홍성군,12.343338875735752,0.0
2026-06-17,694,36.70435,126.60936,677.32,홍성군,12.343338875735752,0.0
2026-06-18,694,36.70435,126.60936,677.32,홍성군,12.343338875735752,1.0
2026-06-19,694,36.70435,126.60936,677.32,홍성군,12.343338875735752,8.5
2026-06-20,694,36.70435,126.60936,677.32,홍성군,12.343338875735752,45.5
2026-06-21,694,36.70435,126.60936,677.32,홍성군,12.343338875735752,0.0
2026-06-22,694,36.70435,126.60936,677.32,홍성군,12.343338875735752,0.0
2026-06-23,694,36.70435,126.60936,677.32,홍성군,12.343338875735752,0.0
2026-06-24,694,36.70435,126.60936,677.32,홍성군,12.343338875735752,0.0
2026-06-25,694,36.70435,126.60936,677.32,홍성군,12.343338875735752,0.0
2026-06-26,694,36.70435,126.60936,677.32,홍성군,12.343338875735752,0.0
2026-06-27,694,36.70435,126.60936,677.32,홍성군,12.343338875735752,0.0
2026-06-28,694,36.70435,126.60936,677.32,홍성군,12.343338875735752,0.0
2026-06-29,694,36.70435,126.60936,677.32,홍성군,12.343338875735752,0.0
