sigungu,facility_name,address,benefit_area,effective_capacity,total_capacity,basin_area,full_water_area,reservoir_latest_date,sigungu_avg_reservoir_rate,sigungu_min_reservoir_rate,sigungu_reservoir_risk_score,sigungu_final_water_risk_score,sigungu_final_water_risk_level,inspection_priority_score,reservoir_status_note,source_file
공주시,계룡,충청남도 공주시 계룡면 하대리,450.2,4717.1,4717.1,1574.0,71.68,2025-12-31,89.50833333333333,47.9,10.491666666666674,27.63335036807564,낮음,9.419631919946873,일반 모니터링,한국농어촌공사_농업기반시설 시설제원_저수지_20250925.csv
공주시,계룡,충청남도 공주시 계룡면 하대리,450.2,4716.8,4717.1,1574.0,71.68,2025-12-31,89.50833333333333,47.9,10.491666666666674,27.63335036807564,낮음,9.419469122081045,일반 모니터링,한국농어촌공사_농업기반시설_시설제원_저수지_2024.csv
공주시,계룡,충청남도 공주시 계룡면 하대리,450.2,4716.8,4717.1,1574.0,71.68,2025-12-31,89.50833333333333,47.9,10.491666666666674,27.63335036807564,낮음,9.419469122081045,일반 모니터링,한국농어촌공사_농업기반시설제원_저수지_2023.csv
공주시,계룡,충청남도 공주시 계룡면 하대리,450.0,4717.0,4717.0,1574.0,72.0,2025-12-31,89.50833333333333,47.9,10.491666666666674,27.63335036807564,낮음,9.418860437937433,일반 모니터링,농업기반시설_저수지_2021_v3.csv
공주시,계룡,충청남도 공주시 계룡면 하대리,450.0,4717.0,4717.0,1574.0,72.0,2025-12-31,89.50833333333333,47.9,10.491666666666674,27.63335036807564,낮음,9.418860437937433,일반 모니터링,한국농어촌공사_농업기반시설 시설제원_저수지_2020.csv
공주시,계룡,충청남도 공주시 계룡면 하대리,450.0,4717.0,4717.0,1574.0,72.0,2025-12-31,89.50833333333333,47.9,10.491666666666674,27.63335036807564,낮음,9.418860437937433,일반 모니터링,한국농어촌공사_농업기반시설제원_저수지_2022.csv
공주시,중흥,충청남도 공주시 의당면 중흥리,275.0,2680.0,2777.0,920.0,34.0,2025-12-31,89.50833333333333,47.9,10.491666666666674,27.63335036807564,낮음,7.685898881568207,일반 모니터링,농업기반시설_저수지_2021_v3.csv
공주시,중흥,충청남도 공주시 의당면 중흥리,275.0,2680.0,2777.0,920.0,34.0,2025-12-31,89.50833333333333,47.9,10.491666666666674,27.63335036807564,낮음,7.685898881568207,일반 모니터링,한국농어촌공사_농업기반시설 시설제원_저수지_2020.csv
공주시,중흥,충청남도 공주시 의당면 중흥리,275.0,2680.0,2777.0,920.0,34.0,2025-12-31,89.50833333333333,47.9,10.491666666666674,27.63335036807564,낮음,7.685898881568207,일반 모니터링,한국농어촌공사_농업기반시설제원_저수지_2022.csv
공주시,중흥,충청남도 공주시 의당면 중흥리,275.0,2679.6,2777.0,920.0,33.5,2025-12-31,89.50833333333333,47.9,10.491666666666674,27.63335036807564,낮음,7.685681817747103,일반 모니터링,한국농어촌공사_농업기반시설 시설제원_저수지_20250925.csv
공주시,중흥,충청남도 공주시 의당면 중흥리,275.0,2679.6,2777.0,920.0,33.5,2025-12-31,89.50833333333333,47.9,10.491666666666674,27.63335036807564,낮음,7.685681817747103,일반 모니터링,한국농어촌공사_농업기반시설_시설제원_저수지_2024.csv
공주시,중흥,충청남도 공주시 의당면 중흥리,275.0,2679.6,2777.0,920.0,33.5,2025-12-31,89.50833333333333,47.9,10.491666666666674,27.63335036807564,낮음,7.685681817747103,일반 모니터링,한국농어촌공사_농업기반시설제원_저수지_2023.csv
공주시,영천(한천),충청남도 공주시 우성면 한천리,283.0,2530.0,2585.0,722.0,24.0,2025-12-31,89.50833333333333,47.9,10.491666666666674,27.63335036807564,낮음,7.6331885908205175,일반 모니터링,농업기반시설_저수지_2021_v3.csv
공주시,영천(한천),충청남도 공주시 우성면 한천리,283.0,2530.0,2585.0,722.0,24.0,2025-12-31,89.50833333333333,47.9,10.491666666666674,27.63335036807564,낮음,7.6331885908205175,일반 모니터링,한국농어촌공사_농업기반시설 시설제원_저수지_2020.csv
공주시,영천(한천),충청남도 공주시 우성면 한천리,283.0,2530.0,2585.0,722.0,24.0,2025-12-31,89.50833333333333,47.9,10.491666666666674,27.63335036807564,낮음,7.6331885908205175,일반 모니터링,한국농어촌공사_농업기반시설제원_저수지_2022.csv
공주시,영천(한천),충청남도 공주시 우성면 내산리,282.8,2530.0,2585.0,722.0,24.4,2025-12-31,89.50833333333333,47.9,10.491666666666674,27.63335036807564,낮음,7.632471374766354,일반 모니터링,한국농어촌공사_농업기반시설 시설제원_저수지_20250925.csv
공주시,영천(한천),충청남도 공주시 우성면 내산리,282.8,2530.0,2585.0,722.0,24.4,2025-12-31,89.50833333333333,47.9,10.491666666666674,27.63335036807564,낮음,7.632471374766354,일반 모니터링,한국농어촌공사_농업기반시설_시설제원_저수지_2024.csv
공주시,영천(한천),충청남도 공주시 우성면 내산리,282.8,2530.0,2585.0,722.0,24.4,2025-12-31,89.50833333333333,47.9,10.491666666666674,27.63335036807564,낮음,7.632471374766354,일반 모니터링,한국농어촌공사_농업기반시설제원_저수지_2023.csv
공주시,경천(양화),충청남도 공주시 계룡면 양화리,297.0,2028.0,2030.0,800.0,40.0,2025-12-31,89.50833333333333,47.9,10.491666666666674,27.63335036807564,낮음,7.4109786191256335,일반 모니터링,농업기반시설_저수지_2021_v3.csv
공주시,경천(양화),충청남도 공주시 계룡면 양화리,297.0,2028.0,2030.0,800.0,40.0,2025-12-31,89.50833333333333,47.9,10.491666666666674,27.63335036807564,낮음,7.4109786191256335,일반 모니터링,한국농어촌공사_농업기반시설 시설제원_저수지_2020.csv
공주시,경천(양화),충청남도 공주시 계룡면 양화리,297.0,2028.0,2030.0,800.0,40.0,2025-12-31,89.50833333333333,47.9,10.491666666666674,27.63335036807564,낮음,7.4109786191256335,일반 모니터링,한국농어촌공사_농업기반시설제원_저수지_2022.csv
공주시,경천(양화),충청남도 공주시 계룡면 양화리,296.6,2028.3,2029.71,800.0,39.7,2025-12-31,89.50833333333333,47.9,10.491666666666674,27.63335036807564,낮음,7.409706984883134,일반 모니터링,한국농어촌공사_농업기반시설 시설제원_저수지_20250925.csv
공주시,경천(양화),충청남도 공주시 계룡면 양화리,296.6,2028.3,2029.71,800.0,39.7,2025-12-31,89.50833333333333,47.9,10.491666666666674,27.63335036807564,낮음,7.409706984883134,일반 모니터링,한국농어촌공사_농업기반시설_시설제원_저수지_2024.csv
공주시,경천(양화),충청남도 공주시 계룡면 양화리,296.6,2028.3,2029.71,800.0,39.7,2025-12-31,89.50833333333333,47.9,10.491666666666674,27.63335036807564,낮음,7.409706984883134,일반 모니터링,한국농어촌공사_농업기반시설제원_저수지_2023.csv
공주시,정안,충청남도 공주시 정안면 고성리,187.2,2460.1,2460.87,676.0,27.8,2025-12-31,89.50833333333333,47.9,10.491666666666674,27.63335036807564,낮음,7.251710198137844,일반 모니터링,한국농어촌공사_농업기반시설_시설제원_저수지_2024.csv
공주시,정안,충청남도 공주시 정안면 고성리,187.2,2460.1,2460.87,676.0,27.8,2025-12-31,89.50833333333333,47.9,10.491666666666674,27.63335036807564,낮음,7.251710198137844,일반 모니터링,한국농어촌공사_농업기반시설제원_저수지_2023.csv
공주시,정안,충청남도 공주시 정안면 고성리,187.2,2460.0,2460.0,676.0,27.8,2025-12-31,89.50833333333333,47.9,10.491666666666674,27.63335036807564,낮음,7.251655932182568,일반 모니터링,한국농어촌공사_농업기반시설 시설제원_저수지_20250925.csv
공주시,정안,충청남도 공주시 정안면 고성리,187.0,2460.0,2461.0,676.0,28.0,2025-12-31,89.50833333333333,47.9,10.491666666666674,27.63335036807564,낮음,7.250938716128403,일반 모니터링,농업기반시설_저수지_2021_v3.csv
공주시,정안,충청남도 공주시 정안면 고성리,187.0,2460.0,2461.0,676.0,28.0,2025-12-31,89.50833333333333,47.9,10.491666666666674,27.63335036807564,낮음,7.250938716128403,일반 모니터링,한국농어촌공사_농업기반시설 시설제원_저수지_2020.csv
공주시,정안,충청남도 공주시 정안면 고성리,187.0,2460.0,2461.0,676.0,28.0,2025-12-31,89.50833333333333,47.9,10.491666666666674,27.63335036807564,낮음,7.250938716128403,일반 모니터링,한국농어촌공사_농업기반시설제원_저수지_2022.csv
공주시,우목,충청남도 공주시 우성면 용봉리,321.3,1430.1,1452.7,1750.0,25.7,2025-12-31,89.50833333333333,47.9,10.491666666666674,27.63335036807564,낮음,7.1736642231103565,일반 모니터링,한국농어촌공사_농업기반시설 시설제원_저수지_20250925.csv
공주시,우목,충청남도 공주시 우성면 용봉리,321.3,1430.09,1452.69,1750.0,25.7,2025-12-31,89.50833333333333,47.9,10.491666666666674,27.63335036807564,낮음,7.173658796514829,일반 모니터링,한국농어촌공사_농업기반시설_시설제원_저수지_2024.csv
공주시,우목,충청남도 공주시 우성면 용봉리,321.3,1430.09,1452.69,1750.0,25.7,2025-12-31,89.50833333333333,47.9,10.491666666666674,27.63335036807564,낮음,7.173658796514829,일반 모니터링,한국농어촌공사_농업기반시설제원_저수지_2023.csv
공주시,우목,충청남도 공주시 우성면 용봉리,321.0,1430.0,1453.0,1750.0,26.0,2025-12-31,89.50833333333333,47.9,10.491666666666674,27.63335036807564,낮음,7.172534133073834,일반 모니터링,농업기반시설_저수지_2021_v3.csv
공주시,우목,충청남도 공주시 우성면 용봉리,321.0,1430.0,1453.0,1750.0,26.0,2025-12-31,89.50833333333333,47.9,10.491666666666674,27.63335036807564,낮음,7.172534133073834,일반 모니터링,한국농어촌공사_농업기반시설 시설제원_저수지_2020.csv
공주시,우목,충청남도 공주시 우성면 용봉리,321.0,1430.0,1453.0,1750.0,26.0,2025-12-31,89.50833333333333,47.9,10.491666666666674,27.63335036807564,낮음,7.172534133073834,일반 모니터링,한국농어촌공사_농업기반시설제원_저수지_2022.csv
공주시,쌍대,충청남도 공주시 신풍면 쌍대리,214.0,1701.0,1747.0,420.0,15.8,2025-12-31,89.50833333333333,47.9,10.491666666666674,27.63335036807564,낮음,6.935884282894432,일반 모니터링,한국농어촌공사_농업기반시설 시설제원_저수지_20250925.csv
공주시,요룡,충청남도 공주시 의당면 요룡리,106.0,1364.0,1495.0,430.0,13.0,2025-12-31,89.50833333333333,47.9,10.491666666666674,27.63335036807564,낮음,6.365711344365094,일반 모니터링,농업기반시설_저수지_2021_v3.csv
공주시,요룡,충청남도 공주시 의당면 요룡리,106.0,1364.0,1495.0,430.0,13.0,2025-12-31,89.50833333333333,47.9,10.491666666666674,27.63335036807564,낮음,6.365711344365094,일반 모니터링,한국농어촌공사_농업기반시설 시설제원_저수지_2020.csv
공주시,요룡,충청남도 공주시 의당면 요룡리,106.0,1364.0,1495.0,430.0,13.0,2025-12-31,89.50833333333333,47.9,10.491666666666674,27.63335036807564,낮음,6.365711344365094,일반 모니터링,한국농어촌공사_농업기반시설제원_저수지_2022.csv
공주시,요룡,충청남도 공주시 의당면 요룡리,105.7,1363.99,1495.31,430.0,13.0,2025-12-31,89.50833333333333,47.9,10.491666666666674,27.63335036807564,낮음,6.36463009368832,일반 모니터링,한국농어촌공사_농업기반시설 시설제원_저수지_20250925.csv
공주시,요룡,충청남도 공주시 의당면 요룡리,105.7,1363.99,1495.31,430.0,13.0,2025-12-31,89.50833333333333,47.9,10.491666666666674,27.63335036807564,낮음,6.36463009368832,일반 모니터링,한국농어촌공사_농업기반시설_시설제원_저수지_2024.csv
공주시,요룡,충청남도 공주시 의당면 요룡리,105.7,1363.99,1495.31,430.0,13.0,2025-12-31,89.50833333333333,47.9,10.491666666666674,27.63335036807564,낮음,6.36463009368832,일반 모니터링,한국농어촌공사_농업기반시설제원_저수지_2023.csv
공주시,기산,충청남도 공주시 계룡면 기산리,140.0,643.0,648.0,303.0,12.0,2025-12-31,89.50833333333333,47.9,10.491666666666674,27.63335036807564,낮음,6.096380536031813,일반 모니터링,농업기반시설_저수지_2021_v3.csv
공주시,기산,충청남도 공주시 계룡면 기산리,140.0,643.0,648.0,303.0,12.0,2025-12-31,89.50833333333333,47.9,10.491666666666674,27.63335036807564,낮음,6.096380536031813,일반 모니터링,한국농어촌공사_농업기반시설 시설제원_저수지_2020.csv
공주시,기산,충청남도 공주시 계룡면 기산리,140.0,643.0,648.0,303.0,12.0,2025-12-31,89.50833333333333,47.9,10.491666666666674,27.63335036807564,낮음,6.096380536031813,일반 모니터링,한국농어촌공사_농업기반시설제원_저수지_2022.csv
공주시,기산,충청남도 공주시 계룡면 기산리,139.7,642.68,648.23,303.0,12.1,2025-12-31,89.50833333333333,47.9,10.491666666666674,27.63335036807564,낮음,6.0951310608936815,일반 모니터링,한국농어촌공사_농업기반시설 시설제원_저수지_20250925.csv
공주시,기산,충청남도 공주시 계룡면 기산리,139.7,642.68,648.23,303.0,12.1,2025-12-31,89.50833333333333,47.9,10.491666666666674,27.63335036807564,낮음,6.0951310608936815,일반 모니터링,한국농어촌공사_농업기반시설_시설제원_저수지_2024.csv
공주시,기산,충청남도 공주시 계룡면 기산리,139.7,642.68,648.23,303.0,12.1,2025-12-31,89.50833333333333,47.9,10.491666666666674,27.63335036807564,낮음,6.0951310608936815,일반 모니터링,한국농어촌공사_농업기반시설제원_저수지_2023.csv
공주시,유계,충청남도 공주시 의당면 유계리,95.0,748.0,761.0,190.0,8.0,2025-12-31,89.50833333333333,47.9,10.491666666666674,27.63335036807564,낮음,5.991986176884856,일반 모니터링,농업기반시설_저수지_2021_v3.csv
공주시,유계,충청남도 공주시 의당면 유계리,95.0,748.0,761.0,190.0,8.0,2025-12-31,89.50833333333333,47.9,10.491666666666674,27.63335036807564,낮음,5.991986176884856,일반 모니터링,한국농어촌공사_농업기반시설 시설제원_저수지_2020.csv
공주시,유계,충청남도 공주시 의당면 유계리,95.0,748.0,761.0,190.0,8.0,2025-12-31,89.50833333333333,47.9,10.491666666666674,27.63335036807564,낮음,5.991986176884856,일반 모니터링,한국농어촌공사_농업기반시설제원_저수지_2022.csv
공주시,유계,충청남도 공주시 의당면 유계리,95.0,747.74,760.83,190.0,8.1,2025-12-31,89.50833333333333,47.9,10.491666666666674,27.63335036807564,낮음,5.991845085401138,일반 모니터링,한국농어촌공사_농업기반시설 시설제원_저수지_20250925.csv
공주시,유계,충청남도 공주시 의당면 유계리,95.0,747.74,760.83,190.0,8.1,2025-12-31,89.50833333333333,47.9,10.491666666666674,27.63335036807564,낮음,5.991845085401138,일반 모니터링,한국농어촌공사_농업기반시설_시설제원_저수지_2024.csv
공주시,유계,충청남도 공주시 의당면 유계리,95.0,747.74,760.83,190.0,8.1,2025-12-31,89.50833333333333,47.9,10.491666666666674,27.63335036807564,낮음,5.991845085401138,일반 모니터링,한국농어촌공사_농업기반시설제원_저수지_2023.csv
공주시,평정,충청남도 공주시 정안면 평정리,83.4,557.61,565.59,294.0,6.6,2025-12-31,89.50833333333333,47.9,10.491666666666674,27.63335036807564,낮음,5.847070693493034,일반 모니터링,한국농어촌공사_농업기반시설 시설제원_저수지_20250925.csv
공주시,평정,충청남도 공주시 정안면 평정리,83.4,557.61,565.59,294.0,6.6,2025-12-31,89.50833333333333,47.9,10.491666666666674,27.63335036807564,낮음,5.847070693493034,일반 모니터링,한국농어촌공사_농업기반시설_시설제원_저수지_2024.csv
공주시,평정,충청남도 공주시 정안면 평정리,83.4,557.61,565.59,294.0,6.6,2025-12-31,89.50833333333333,47.9,10.491666666666674,27.63335036807564,낮음,5.847070693493034,일반 모니터링,한국농어촌공사_농업기반시설제원_저수지_2023.csv
공주시,평정,충청남도 공주시 정안면 평정리,83.0,558.0,566.0,294.0,7.0,2025-12-31,89.50833333333333,47.9,10.491666666666674,27.63335036807564,낮음,5.845847898610283,일반 모니터링,농업기반시설_저수지_2021_v3.csv
공주시,평정,충청남도 공주시 정안면 평정리,83.0,558.0,566.0,294.0,7.0,2025-12-31,89.50833333333333,47.9,10.491666666666674,27.63335036807564,낮음,5.845847898610283,일반 모니터링,한국농어촌공사_농업기반시설 시설제원_저수지_2020.csv
공주시,평정,충청남도 공주시 정안면 평정리,83.0,558.0,566.0,294.0,7.0,2025-12-31,89.50833333333333,47.9,10.491666666666674,27.63335036807564,낮음,5.845847898610283,일반 모니터링,한국농어촌공사_농업기반시설제원_저수지_2022.csv
공주시,월곡,충청남도 공주시 의당면 월곡리,36.0,175.0,175.0,253.0,5.0,2025-12-31,89.50833333333333,47.9,10.491666666666674,27.63335036807564,낮음,5.469463517173973,일반 모니터링,농업기반시설_저수지_2021_v3.csv
공주시,월곡,충청남도 공주시 의당면 월곡리,36.0,175.0,175.0,253.0,5.0,2025-12-31,89.50833333333333,47.9,10.491666666666674,27.63335036807564,낮음,5.469463517173973,일반 모니터링,한국농어촌공사_농업기반시설 시설제원_저수지_2020.csv
공주시,월곡,충청남도 공주시 의당면 월곡리,36.0,175.0,175.0,253.0,5.0,2025-12-31,89.50833333333333,47.9,10.491666666666674,27.63335036807564,낮음,5.469463517173973,일반 모니터링,한국농어촌공사_농업기반시설제원_저수지_2022.csv
공주시,월곡,충청남도 공주시 의당면 월곡리,35.5,175.24,175.24,253.0,4.9,2025-12-31,89.50833333333333,47.9,10.491666666666674,27.63335036807564,낮음,5.467800715331227,일반 모니터링,한국농어촌공사_농업기반시설 시설제원_저수지_20250925.csv
공주시,월곡,충청남도 공주시 의당면 월곡리,35.5,175.24,175.24,253.0,4.9,2025-12-31,89.50833333333333,47.9,10.491666666666674,27.63335036807564,낮음,5.467800715331227,일반 모니터링,한국농어촌공사_농업기반시설_시설제원_저수지_2024.csv
공주시,월곡,충청남도 공주시 의당면 월곡리,35.5,175.24,175.24,253.0,4.9,2025-12-31,89.50833333333333,47.9,10.491666666666674,27.63335036807564,낮음,5.467800715331227,일반 모니터링,한국농어촌공사_농업기반시설제원_저수지_2023.csv
공주시,봉명,충청남도 공주시 계룡면 봉명리,15.4,17.62,17.62,50.0,0.75,2025-12-31,89.50833333333333,47.9,10.491666666666674,27.63335036807564,낮음,5.310186503181429,일반 모니터링,한국농어촌공사_농업기반시설 시설제원_저수지_20250925.csv
공주시,봉명,충청남도 공주시 계룡면 봉명리,15.4,17.62,17.62,50.0,0.75,2025-12-31,89.50833333333333,47.9,10.491666666666674,27.63335036807564,낮음,5.310186503181429,일반 모니터링,한국농어촌공사_농업기반시설_시설제원_저수지_2024.csv
공주시,봉명,충청남도 공주시 계룡면 봉명리,15.4,17.62,17.62,50.0,0.75,2025-12-31,89.50833333333333,47.9,10.491666666666674,27.63335036807564,낮음,5.310186503181429,일반 모니터링,한국농어촌공사_농업기반시설제원_저수지_2023.csv
공주시,봉명,충청남도 공주시 계룡면 봉명리,15.0,18.0,18.0,50.0,1.0,2025-12-31,89.50833333333333,47.9,10.491666666666674,27.63335036807564,낮음,5.30895828170315,일반 모니터링,농업기반시설_저수지_2021_v3.csv
공주시,봉명,충청남도 공주시 계룡면 봉명리,15.0,18.0,18.0,50.0,1.0,2025-12-31,89.50833333333333,47.9,10.491666666666674,27.63335036807564,낮음,5.30895828170315,일반 모니터링,한국농어촌공사_농업기반시설 시설제원_저수지_2020.csv
공주시,봉명,충청남도 공주시 계룡면 봉명리,15.0,18.0,18.0,50.0,1.0,2025-12-31,89.50833333333333,47.9,10.491666666666674,27.63335036807564,낮음,5.30895828170315,일반 모니터링,한국농어촌공사_농업기반시설제원_저수지_2022.csv
금산군,신동,충청남도 금산군 남일면 신동리,60.0,1881.0,1887.0,670.0,20.0,2025-12-31,86.55555555555556,72.7,13.444444444444445,19.204248734570253,낮음,7.957695529574023,일반 모니터링,농업기반시설_저수지_2021_v3.csv
금산군,신동,충청남도 금산군 남일면 신동리,60.0,1881.0,1887.0,670.0,20.0,2025-12-31,86.55555555555556,72.7,13.444444444444445,19.204248734570253,낮음,7.957695529574023,일반 모니터링,한국농어촌공사_농업기반시설 시설제원_저수지_2020.csv
금산군,신동,충청남도 금산군 남일면 신동리,60.0,1881.0,1887.0,670.0,20.0,2025-12-31,86.55555555555556,72.7,13.444444444444445,19.204248734570253,낮음,7.957695529574023,일반 모니터링,한국농어촌공사_농업기반시설제원_저수지_2022.csv
금산군,신동,충청남도 금산군 남일면 신동리,59.7,1881.0,1887.0,670.0,19.5,2025-12-31,86.55555555555556,72.7,13.444444444444445,19.204248734570253,낮음,7.956619705492777,일반 모니터링,한국농어촌공사_농업기반시설 시설제원_저수지_20250925.csv
금산군,신동,충청남도 금산군 남일면 신동리,59.7,1880.86,1887.37,670.0,19.5,2025-12-31,86.55555555555556,72.7,13.444444444444445,19.204248734570253,낮음,7.9565437331553905,일반 모니터링,한국농어촌공사_농업기반시설_시설제원_저수지_2024.csv
금산군,신동,충청남도 금산군 남일면 신동리,59.7,1880.86,1887.37,670.0,19.5,2025-12-31,86.55555555555556,72.7,13.444444444444445,19.204248734570253,낮음,7.9565437331553905,일반 모니터링,한국농어촌공사_농업기반시설제원_저수지_2023.csv
금산군,석동,충청남도 금산군 남이면 석동리,151.0,928.0,993.0,323.0,10.0,2025-12-31,86.55555555555556,72.7,13.444444444444445,19.204248734570253,낮음,7.766874280436811,일반 모니터링,농업기반시설_저수지_2021_v3.csv
금산군,석동,충청남도 금산군 남이면 석동리,151.0,928.0,993.0,323.0,10.0,2025-12-31,86.55555555555556,72.7,13.444444444444445,19.204248734570253,낮음,7.766874280436811,일반 모니터링,한국농어촌공사_농업기반시설 시설제원_저수지_2020.csv
금산군,석동,충청남도 금산군 남이면 석동리,151.0,928.0,993.0,323.0,10.0,2025-12-31,86.55555555555556,72.7,13.444444444444445,19.204248734570253,낮음,7.766874280436811,일반 모니터링,한국농어촌공사_농업기반시설제원_저수지_2022.csv
금산군,석동,충청남도 금산군 남이면 석동리,150.7,927.6,992.6,322.6,9.63,2025-12-31,86.55555555555556,72.7,13.444444444444445,19.204248734570253,낮음,7.765581392534461,일반 모니터링,한국농어촌공사_농업기반시설 시설제원_저수지_20250925.csv
금산군,석동,충청남도 금산군 남이면 석동리,150.7,927.6,992.6,322.6,9.63,2025-12-31,86.55555555555556,72.7,13.444444444444445,19.204248734570253,낮음,7.765581392534461,일반 모니터링,한국농어촌공사_농업기반시설_시설제원_저수지_2024.csv
금산군,석동,충청남도 금산군 남이면 석동리,150.7,927.6,992.6,322.6,9.63,2025-12-31,86.55555555555556,72.7,13.444444444444445,19.204248734570253,낮음,7.765581392534461,일반 모니터링,한국농어촌공사_농업기반시설제원_저수지_2023.csv
금산군,동곡,충청남도 금산군 제원면 동곡리,124.0,826.0,848.0,450.0,9.0,2025-12-31,86.55555555555556,72.7,13.444444444444445,19.204248734570253,낮음,7.614698838742957,일반 모니터링,농업기반시설_저수지_2021_v3.csv
금산군,동곡,충청남도 금산군 제원면 동곡리,124.0,826.0,848.0,450.0,9.0,2025-12-31,86.55555555555556,72.7,13.444444444444445,19.204248734570253,낮음,7.614698838742957,일반 모니터링,한국농어촌공사_농업기반시설 시설제원_저수지_2020.csv
금산군,동곡,충청남도 금산군 제원면 동곡리,124.0,826.0,848.0,450.0,9.0,2025-12-31,86.55555555555556,72.7,13.444444444444445,19.204248734570253,낮음,7.614698838742957,일반 모니터링,한국농어촌공사_농업기반시설제원_저수지_2022.csv
금산군,동곡,충청남도 금산군 제원면 동곡리,123.7,826.4,848.2,450.0,9.1,2025-12-31,86.55555555555556,72.7,13.444444444444445,19.204248734570253,낮음,7.6138400784828155,일반 모니터링,한국농어촌공사_농업기반시설 시설제원_저수지_20250925.csv
금산군,동곡,충청남도 금산군 제원면 동곡리,123.7,826.4,848.2,450.0,9.1,2025-12-31,86.55555555555556,72.7,13.444444444444445,19.204248734570253,낮음,7.6138400784828155,일반 모니터링,한국농어촌공사_농업기반시설_시설제원_저수지_2024.csv
금산군,동곡,충청남도 금산군 제원면 동곡리,123.7,826.4,848.2,450.0,9.1,2025-12-31,86.55555555555556,72.7,13.444444444444445,19.204248734570253,낮음,7.6138400784828155,일반 모니터링,한국농어촌공사_농업기반시설제원_저수지_2023.csv
금산군,청림,충청남도 금산군 진산면 행정리,85.3,679.2,690.5,480.0,9.83,2025-12-31,86.55555555555556,72.7,13.444444444444445,19.204248734570253,낮음,7.396255109916774,일반 모니터링,한국농어촌공사_농업기반시설 시설제원_저수지_20250925.csv
금산군,청림,충청남도 금산군 진산면 행정리,85.3,679.2,690.5,480.0,9.83,2025-12-31,86.55555555555556,72.7,13.444444444444445,19.204248734570253,낮음,7.396255109916774,일반 모니터링,한국농어촌공사_농업기반시설_시설제원_저수지_2024.csv
금산군,청림,충청남도 금산군 진산면 행정리,85.3,679.2,690.5,480.0,9.83,2025-12-31,86.55555555555556,72.7,13.444444444444445,19.204248734570253,낮음,7.396255109916774,일반 모니터링,한국농어촌공사_농업기반시설제원_저수지_2023.csv
금산군,청림,충청남도 금산군 진산면 행정리,85.0,679.0,691.0,480.0,10.0,2025-12-31,86.55555555555556,72.7,13.444444444444445,19.204248734570253,낮음,7.395070753924976,일반 모니터링,농업기반시설_저수지_2021_v3.csv
금산군,청림,충청남도 금산군 진산면 행정리,85.0,679.0,691.0,480.0,10.0,2025-12-31,86.55555555555556,72.7,13.444444444444445,19.204248734570253,낮음,7.395070753924976,일반 모니터링,한국농어촌공사_농업기반시설 시설제원_저수지_2020.csv
금산군,청림,충청남도 금산군 진산면 행정리,85.0,679.0,691.0,480.0,10.0,2025-12-31,86.55555555555556,72.7,13.444444444444445,19.204248734570253,낮음,7.395070753924976,일반 모니터링,한국농어촌공사_농업기반시설제원_저수지_2022.csv
금산군,숭암,충청남도 금산군 추부면 장대리,95.4,414.3,437.5,358.0,10.4,2025-12-31,86.55555555555556,72.7,13.444444444444445,19.204248734570253,낮음,7.28872400512549,일반 모니터링,한국농어촌공사_농업기반시설 시설제원_저수지_20250925.csv
금산군,숭암,충청남도 금산군 추부면 장대리,95.4,414.3,437.5,358.0,10.4,2025-12-31,86.55555555555556,72.7,13.444444444444445,19.204248734570253,낮음,7.28872400512549,일반 모니터링,한국농어촌공사_농업기반시설_시설제원_저수지_2024.csv
금산군,숭암,충청남도 금산군 추부면 장대리,95.4,414.3,437.5,358.0,10.4,2025-12-31,86.55555555555556,72.7,13.444444444444445,19.204248734570253,낮음,7.28872400512549,일반 모니터링,한국농어촌공사_농업기반시설제원_저수지_2023.csv
금산군,숭암,충청남도 금산군 추부면 장대리,95.0,414.0,438.0,358.0,10.0,2025-12-31,86.55555555555556,72.7,13.444444444444445,19.204248734570253,낮음,7.287126775151332,일반 모니터링,농업기반시설_저수지_2021_v3.csv
금산군,숭암,충청남도 금산군 추부면 장대리,95.0,414.0,438.0,358.0,10.0,2025-12-31,86.55555555555556,72.7,13.444444444444445,19.204248734570253,낮음,7.287126775151332,일반 모니터링,한국농어촌공사_농업기반시설 시설제원_저수지_2020.csv
금산군,숭암,충청남도 금산군 추부면 장대리,95.0,414.0,438.0,358.0,10.0,2025-12-31,86.55555555555556,72.7,13.444444444444445,19.204248734570253,낮음,7.287126775151332,일반 모니터링,한국농어촌공사_농업기반시설제원_저수지_2022.csv
금산군,화림,충청남도 금산군 금성면 상가리,95.3,389.68,389.68,466.0,10.28,2025-12-31,86.55555555555556,72.7,13.444444444444445,19.204248734570253,낮음,7.275005118909414,일반 모니터링,한국농어촌공사_농업기반시설 시설제원_저수지_20250925.csv
금산군,화림,충청남도 금산군 금성면 상가리,95.3,389.68,389.68,466.0,10.28,2025-12-31,86.55555555555556,72.7,13.444444444444445,19.204248734570253,낮음,7.275005118909414,일반 모니터링,한국농어촌공사_농업기반시설_시설제원_저수지_2024.csv
금산군,화림,충청남도 금산군 금성면 상가리,95.3,389.68,389.68,466.0,10.28,2025-12-31,86.55555555555556,72.7,13.444444444444445,19.204248734570253,낮음,7.275005118909414,일반 모니터링,한국농어촌공사_농업기반시설제원_저수지_2023.csv
금산군,화림,충청남도 금산군 금성면 화림리,95.0,390.0,390.0,466.0,10.0,2025-12-31,86.55555555555556,72.7,13.444444444444445,19.204248734570253,낮음,7.274102945885052,일반 모니터링,농업기반시설_저수지_2021_v3.csv
금산군,화림,충청남도 금산군 금성면 화림리,95.0,390.0,390.0,466.0,10.0,2025-12-31,86.55555555555556,72.7,13.444444444444445,19.204248734570253,낮음,7.274102945885052,일반 모니터링,한국농어촌공사_농업기반시설 시설제원_저수지_2020.csv
금산군,화림,충청남도 금산군 금성면 화림리,95.0,390.0,390.0,466.0,10.0,2025-12-31,86.55555555555556,72.7,13.444444444444445,19.204248734570253,낮음,7.274102945885052,일반 모니터링,한국농어촌공사_농업기반시설제원_저수지_2022.csv
금산군,지동,충청남도 금산군 추부면 용지리,59.0,164.0,164.0,280.0,7.0,2025-12-31,86.55555555555556,72.7,13.444444444444445,19.204248734570253,낮음,7.022362997211358,일반 모니터링,농업기반시설_저수지_2021_v3.csv
금산군,지동,충청남도 금산군 추부면 용지리,59.0,164.0,164.0,280.0,7.0,2025-12-31,86.55555555555556,72.7,13.444444444444445,19.204248734570253,낮음,7.022362997211358,일반 모니터링,한국농어촌공사_농업기반시설 시설제원_저수지_2020.csv
금산군,지동,충청남도 금산군 추부면 용지리,59.0,164.0,164.0,280.0,7.0,2025-12-31,86.55555555555556,72.7,13.444444444444445,19.204248734570253,낮음,7.022362997211358,일반 모니터링,한국농어촌공사_농업기반시설제원_저수지_2022.csv
금산군,지동,충청남도 금산군 추부면 용지리,58.9,164.0,164.0,280.0,7.3,2025-12-31,86.55555555555556,72.7,13.444444444444445,19.204248734570253,낮음,7.022004389184276,일반 모니터링,한국농어촌공사_농업기반시설 시설제원_저수지_20250925.csv
금산군,지동,충청남도 금산군 추부면 용지리,58.9,164.0,164.0,280.0,7.3,2025-12-31,86.55555555555556,72.7,13.444444444444445,19.204248734570253,낮음,7.022004389184276,일반 모니터링,한국농어촌공사_농업기반시설_시설제원_저수지_2024.csv
금산군,지동,충청남도 금산군 추부면 용지리,58.9,164.0,164.0,280.0,7.3,2025-12-31,86.55555555555556,72.7,13.444444444444445,19.204248734570253,낮음,7.022004389184276,일반 모니터링,한국농어촌공사_농업기반시설제원_저수지_2023.csv
금산군,장산,충청남도 금산군 추부면 요광리,16.4,220.0,222.0,186.0,6.2,2025-12-31,86.55555555555556,72.7,13.444444444444445,19.204248734570253,낮음,6.899984912629049,일반 모니터링,한국농어촌공사_농업기반시설 시설제원_저수지_20250925.csv
금산군,장산,충청남도 금산군 추부면 요광리,16.4,220.0,222.0,186.0,6.2,2025-12-31,86.55555555555556,72.7,13.444444444444445,19.204248734570253,낮음,6.899984912629049,일반 모니터링,한국농어촌공사_농업기반시설_시설제원_저수지_2024.csv
금산군,장산,충청남도 금산군 추부면 요광리,16.4,220.0,222.0,186.0,6.2,2025-12-31,86.55555555555556,72.7,13.444444444444445,19.204248734570253,낮음,6.899984912629049,일반 모니터링,한국농어촌공사_농업기반시설제원_저수지_2023.csv
금산군,장산,충청남도 금산군 추부면 요광리,16.0,220.0,222.0,186.0,6.0,2025-12-31,86.55555555555556,72.7,13.444444444444445,19.204248734570253,낮음,6.89855048052072,일반 모니터링,농업기반시설_저수지_2021_v3.csv
금산군,장산,충청남도 금산군 추부면 요광리,16.0,220.0,222.0,186.0,6.0,2025-12-31,86.55555555555556,72.7,13.444444444444445,19.204248734570253,낮음,6.89855048052072,일반 모니터링,한국농어촌공사_농업기반시설 시설제원_저수지_2020.csv
금산군,장산,충청남도 금산군 추부면 요광리,16.0,220.0,222.0,186.0,6.0,2025-12-31,86.55555555555556,72.7,13.444444444444445,19.204248734570253,낮음,6.89855048052072,일반 모니터링,한국농어촌공사_농업기반시설제원_저수지_2022.csv
금산군,홍도,충청남도 금산군 남일면 신정리,30.0,55.3,55.3,230.0,1.56,2025-12-31,86.55555555555556,72.7,13.444444444444445,19.204248734570253,낮음,6.859379575972359,일반 모니터링,한국농어촌공사_농업기반시설 시설제원_저수지_20250925.csv
금산군,홍도,충청남도 금산군 남일면 신정리,30.0,55.3,55.3,230.0,1.56,2025-12-31,86.55555555555556,72.7,13.444444444444445,19.204248734570253,낮음,6.859379575972359,일반 모니터링,한국농어촌공사_농업기반시설_시설제원_저수지_2024.csv
금산군,홍도,충청남도 금산군 남일면 신정리,30.0,55.3,55.3,230.0,1.56,2025-12-31,86.55555555555556,72.7,13.444444444444445,19.204248734570253,낮음,6.859379575972359,일반 모니터링,한국농어촌공사_농업기반시설제원_저수지_2023.csv
금산군,홍도,충청남도 금산군 남일면 신정리,30.0,55.0,55.0,230.0,2.0,2025-12-31,86.55555555555556,72.7,13.444444444444445,19.204248734570253,낮음,6.85921677810653,일반 모니터링,농업기반시설_저수지_2021_v3.csv
금산군,홍도,충청남도 금산군 남일면 신정리,30.0,55.0,55.0,230.0,2.0,2025-12-31,86.55555555555556,72.7,13.444444444444445,19.204248734570253,낮음,6.85921677810653,일반 모니터링,한국농어촌공사_농업기반시설 시설제원_저수지_2020.csv
금산군,홍도,충청남도 금산군 남일면 신정리,30.0,55.0,55.0,230.0,2.0,2025-12-31,86.55555555555556,72.7,13.444444444444445,19.204248734570253,낮음,6.85921677810653,일반 모니터링,한국농어촌공사_농업기반시설제원_저수지_2022.csv
논산시,탑정,충청남도 논산시 가야곡면 종연리,5713.3,34940.0,34983.0,21880.0,662.0,2025-12-31,94.66,48.0,5.340000000000003,30.908296511411507,낮음,42.11844305713207,일반 모니터링,한국농어촌공사_농업기반시설_시설제원_저수지_2024.csv
논산시,탑정,충청남도 논산시 가야곡면 종연리,5713.3,34940.0,34983.0,21880.0,662.0,2025-12-31,94.66,48.0,5.340000000000003,30.908296511411507,낮음,42.11844305713207,일반 모니터링,한국농어촌공사_농업기반시설제원_저수지_2023.csv
논산시,탑정,충청남도 논산시 부적면 탑정리,5713.0,34940.0,34983.0,21880.0,662.0,2025-12-31,94.66,48.0,5.340000000000003,30.908296511411507,낮음,42.11736723305083,일반 모니터링,농업기반시설_저수지_2021_v3.csv
논산시,탑정,충청남도 논산시 부적면 탑정리,5713.0,34940.0,34983.0,21880.0,662.0,2025-12-31,94.66,48.0,5.340000000000003,30.908296511411507,낮음,42.11736723305083,일반 모니터링,한국농어촌공사_농업기반시설 시설제원_저수지_2020.csv
논산시,탑정,충청남도 논산시 가야곡면 종연리,5713.0,34940.0,34983.0,21880.0,662.0,2025-12-31,94.66,48.0,5.340000000000003,30.908296511411507,낮음,42.11736723305083,일반 모니터링,한국농어촌공사_농업기반시설 시설제원_저수지_20250925.csv
논산시,탑정,충청남도 논산시 부적면 탑정리,5713.0,34940.0,34983.0,21880.0,662.0,2025-12-31,94.66,48.0,5.340000000000003,30.908296511411507,낮음,42.11736723305083,일반 모니터링,한국농어촌공사_농업기반시설제원_저수지_2022.csv
논산시,수락,충청남도 논산시 벌곡면 수락리,192.0,856.31,921.07,621.0,12.3,2025-12-31,94.66,48.0,5.340000000000003,30.908296511411507,낮음,3.8227780859807567,일반 모니터링,한국농어촌공사_농업기반시설 시설제원_저수지_20250925.csv
논산시,수락,충청남도 논산시 벌곡면 수락리,192.0,856.31,921.07,621.0,12.3,2025-12-31,94.66,48.0,5.340000000000003,30.908296511411507,낮음,3.8227780859807567,일반 모니터링,한국농어촌공사_농업기반시설_시설제원_저수지_2024.csv
논산시,수락,충청남도 논산시 벌곡면 수락리,192.0,856.31,921.07,621.0,12.3,2025-12-31,94.66,48.0,5.340000000000003,30.908296511411507,낮음,3.8227780859807567,일반 모니터링,한국농어촌공사_농업기반시설제원_저수지_2023.csv
논산시,수락,충청남도 논산시 벌곡면 수락리,192.0,856.0,921.0,621.0,12.0,2025-12-31,94.66,48.0,5.340000000000003,30.908296511411507,낮음,3.8226098615194006,일반 모니터링,농업기반시설_저수지_2021_v3.csv
논산시,수락,충청남도 논산시 벌곡면 수락리,192.0,856.0,921.0,621.0,12.0,2025-12-31,94.66,48.0,5.340000000000003,30.908296511411507,낮음,3.8226098615194006,일반 모니터링,한국농어촌공사_농업기반시설 시설제원_저수지_2020.csv
논산시,수락,충청남도 논산시 벌곡면 수락리,192.0,856.0,921.0,621.0,12.0,2025-12-31,94.66,48.0,5.340000000000003,30.908296511411507,낮음,3.8226098615194006,일반 모니터링,한국농어촌공사_농업기반시설제원_저수지_2022.csv
논산시,가곡,충청남도 논산시 노성면 병사리,208.0,695.0,726.0,500.0,26.0,2025-12-31,94.66,48.0,5.340000000000003,30.908296511411507,낮음,3.792618957857899,일반 모니터링,농업기반시설_저수지_2021_v3.csv
논산시,가곡,충청남도 논산시 노성면 병사리,208.0,695.0,726.0,500.0,26.0,2025-12-31,94.66,48.0,5.340000000000003,30.908296511411507,낮음,3.792618957857899,일반 모니터링,한국농어촌공사_농업기반시설 시설제원_저수지_2020.csv
논산시,가곡,충청남도 논산시 노성면 병사리,208.0,695.0,726.0,500.0,26.0,2025-12-31,94.66,48.0,5.340000000000003,30.908296511411507,낮음,3.792618957857899,일반 모니터링,한국농어촌공사_농업기반시설제원_저수지_2022.csv
논산시,가곡,충청남도 논산시 노성면 병사리,207.7,695.12,726.03,500.0,26.4,2025-12-31,94.66,48.0,5.340000000000003,30.908296511411507,낮음,3.7916082529229835,일반 모니터링,한국농어촌공사_농업기반시설 시설제원_저수지_20250925.csv
논산시,가곡,충청남도 논산시 노성면 병사리,207.7,695.12,726.03,500.0,26.4,2025-12-31,94.66,48.0,5.340000000000003,30.908296511411507,낮음,3.7916082529229835,일반 모니터링,한국농어촌공사_농업기반시설_시설제원_저수지_2024.csv
논산시,가곡,충청남도 논산시 노성면 병사리,207.7,695.12,726.03,500.0,26.4,2025-12-31,94.66,48.0,5.340000000000003,30.908296511411507,낮음,3.7916082529229835,일반 모니터링,한국농어촌공사_농업기반시설제원_저수지_2023.csv
논산시,임화,충청남도 논산시 양촌면 임화리,41.2,480.02,494.49,191.0,8.2,2025-12-31,94.66,48.0,5.340000000000003,30.908296511411507,낮음,3.0777998180322816,일반 모니터링,한국농어촌공사_농업기반시설 시설제원_저수지_20250925.csv
논산시,임화,충청남도 논산시 양촌면 임화리,41.2,480.02,494.49,191.0,8.2,2025-12-31,94.66,48.0,5.340000000000003,30.908296511411507,낮음,3.0777998180322816,일반 모니터링,한국농어촌공사_농업기반시설_시설제원_저수지_2024.csv
논산시,임화,충청남도 논산시 양촌면 임화리,41.2,480.02,494.49,191.0,8.2,2025-12-31,94.66,48.0,5.340000000000003,30.908296511411507,낮음,3.0777998180322816,일반 모니터링,한국농어촌공사_농업기반시설제원_저수지_2023.csv
논산시,임화,충청남도 논산시 양촌면 임화리,41.0,480.0,494.0,191.0,8.0,2025-12-31,94.66,48.0,5.340000000000003,30.908296511411507,낮음,3.077071748787062,일반 모니터링,농업기반시설_저수지_2021_v3.csv
논산시,임화,충청남도 논산시 양촌면 임화리,41.0,480.0,494.0,191.0,8.0,2025-12-31,94.66,48.0,5.340000000000003,30.908296511411507,낮음,3.077071748787062,일반 모니터링,한국농어촌공사_농업기반시설 시설제원_저수지_2020.csv
논산시,임화,충청남도 논산시 양촌면 임화리,41.0,480.0,494.0,191.0,8.0,2025-12-31,94.66,48.0,5.340000000000003,30.908296511411507,낮음,3.077071748787062,일반 모니터링,한국농어촌공사_농업기반시설제원_저수지_2022.csv
논산시,고내,충청남도 논산시 연무읍 고내리,77.0,230.21,235.06,199.0,6.9,2025-12-31,94.66,48.0,5.340000000000003,30.908296511411507,낮음,3.070619708852264,일반 모니터링,한국농어촌공사_농업기반시설 시설제원_저수지_20250925.csv
논산시,고내,충청남도 논산시 연무읍 고내리,77.0,230.21,235.06,199.0,6.9,2025-12-31,94.66,48.0,5.340000000000003,30.908296511411507,낮음,3.070619708852264,일반 모니터링,한국농어촌공사_농업기반시설_시설제원_저수지_2024.csv
논산시,고내,충청남도 논산시 연무읍 고내리,77.0,230.21,235.06,199.0,6.9,2025-12-31,94.66,48.0,5.340000000000003,30.908296511411507,낮음,3.070619708852264,일반 모니터링,한국농어촌공사_농업기반시설제원_저수지_2023.csv
논산시,고내,충청남도 논산시 연무읍 고내리,77.0,230.0,235.0,199.0,7.0,2025-12-31,94.66,48.0,5.340000000000003,30.908296511411507,낮음,3.0705057503461846,일반 모니터링,농업기반시설_저수지_2021_v3.csv
논산시,고내,충청남도 논산시 연무읍 고내리,77.0,230.0,235.0,199.0,7.0,2025-12-31,94.66,48.0,5.340000000000003,30.908296511411507,낮음,3.0705057503461846,일반 모니터링,한국농어촌공사_농업기반시설 시설제원_저수지_2020.csv
논산시,고내,충청남도 논산시 연무읍 고내리,77.0,230.0,235.0,199.0,7.0,2025-12-31,94.66,48.0,5.340000000000003,30.908296511411507,낮음,3.0705057503461846,일반 모니터링,한국농어촌공사_농업기반시설제원_저수지_2022.csv
논산시,강청,충청남도 논산시 가야곡면 강청리,70.1,234.39,323.0,178.0,6.73,2025-12-31,94.66,48.0,5.340000000000003,30.908296511411507,낮음,3.0481440719141446,일반 모니터링,한국농어촌공사_농업기반시설_시설제원_저수지_2024.csv
논산시,강청,충청남도 논산시 가야곡면 강청리,70.1,234.39,323.0,178.0,6.73,2025-12-31,94.66,48.0,5.340000000000003,30.908296511411507,낮음,3.0481440719141446,일반 모니터링,한국농어촌공사_농업기반시설제원_저수지_2023.csv
논산시,강청,충청남도 논산시 가야곡면 강청리,70.0,234.0,323.0,178.0,7.0,2025-12-31,94.66,48.0,5.340000000000003,30.908296511411507,낮음,3.047573826661486,일반 모니터링,농업기반시설_저수지_2021_v3.csv
논산시,강청,충청남도 논산시 가야곡면 강청리,70.0,234.0,323.0,178.0,7.0,2025-12-31,94.66,48.0,5.340000000000003,30.908296511411507,낮음,3.047573826661486,일반 모니터링,한국농어촌공사_농업기반시설 시설제원_저수지_2020.csv
논산시,강청,충청남도 논산시 가야곡면 강청리,70.0,234.0,323.0,178.0,7.0,2025-12-31,94.66,48.0,5.340000000000003,30.908296511411507,낮음,3.047573826661486,일반 모니터링,한국농어촌공사_농업기반시설제원_저수지_2022.csv
논산시,고합,충청남도 논산시 연무읍 황화정리,64.0,273.0,277.0,152.0,5.0,2025-12-31,94.66,48.0,5.340000000000003,30.908296511411507,낮음,3.0472210675942675,일반 모니터링,농업기반시설_저수지_2021_v3.csv
논산시,고합,충청남도 논산시 연무읍 황화정리,64.0,273.0,277.0,152.0,5.0,2025-12-31,94.66,48.0,5.340000000000003,30.908296511411507,낮음,3.0472210675942675,일반 모니터링,한국농어촌공사_농업기반시설 시설제원_저수지_2020.csv
논산시,고합,충청남도 논산시 연무읍 황화정리,64.0,273.0,277.0,152.0,5.0,2025-12-31,94.66,48.0,5.340000000000003,30.908296511411507,낮음,3.0472210675942675,일반 모니터링,한국농어촌공사_농업기반시설제원_저수지_2022.csv
논산시,고합,충청남도 논산시 연무읍 황화정리,63.6,272.95,276.59,152.0,5.3,2025-12-31,94.66,48.0,5.340000000000003,30.908296511411507,낮음,3.0457595025083006,일반 모니터링,한국농어촌공사_농업기반시설 시설제원_저수지_20250925.csv
논산시,고합,충청남도 논산시 연무읍 황화정리,63.6,272.95,276.59,152.0,5.3,2025-12-31,94.66,48.0,5.340000000000003,30.908296511411507,낮음,3.0457595025083006,일반 모니터링,한국농어촌공사_농업기반시설_시설제원_저수지_2024.csv
논산시,고합,충청남도 논산시 연무읍 황화정리,63.6,272.95,276.59,152.0,5.3,2025-12-31,94.66,48.0,5.340000000000003,30.908296511411507,낮음,3.0457595025083006,일반 모니터링,한국농어촌공사_농업기반시설제원_저수지_2023.csv
논산시,강청,충청남도 논산시 가야곡면 강청리,70.1,23.4,32.3,175.0,6.73,2025-12-31,94.66,48.0,5.340000000000003,30.908296511411507,낮음,2.933648332876953,일반 모니터링,한국농어촌공사_농업기반시설 시설제원_저수지_20250925.csv
논산시,아곡,충청남도 논산시 부적면 신교리,45.0,138.0,151.0,50.0,7.0,2025-12-31,94.66,48.0,5.340000000000003,30.908296511411507,낮음,2.9058265028258425,일반 모니터링,농업기반시설_저수지_2021_v3.csv
논산시,아곡,충청남도 논산시 부적면 신교리,45.0,138.0,151.0,50.0,7.0,2025-12-31,94.66,48.0,5.340000000000003,30.908296511411507,낮음,2.9058265028258425,일반 모니터링,한국농어촌공사_농업기반시설 시설제원_저수지_2020.csv
논산시,아곡,충청남도 논산시 부적면 신교리,45.0,138.0,151.0,50.0,7.0,2025-12-31,94.66,48.0,5.340000000000003,30.908296511411507,낮음,2.9058265028258425,일반 모니터링,한국농어촌공사_농업기반시설제원_저수지_2022.csv
논산시,아곡,충청남도 논산시 부적면 신교리,44.6,137.86,151.09,50.0,7.0,2025-12-31,94.66,48.0,5.340000000000003,30.908296511411507,낮음,2.9043160983801273,일반 모니터링,한국농어촌공사_농업기반시설 시설제원_저수지_20250925.csv
논산시,아곡,충청남도 논산시 부적면 신교리,44.6,137.86,151.09,50.0,7.0,2025-12-31,94.66,48.0,5.340000000000003,30.908296511411507,낮음,2.9043160983801273,일반 모니터링,한국농어촌공사_농업기반시설_시설제원_저수지_2024.csv
논산시,아곡,충청남도 논산시 부적면 신교리,44.6,137.86,151.09,50.0,7.0,2025-12-31,94.66,48.0,5.340000000000003,30.908296511411507,낮음,2.9043160983801273,일반 모니터링,한국농어촌공사_농업기반시설제원_저수지_2023.csv
논산시,소룡,충청남도 논산시 연무읍 소룡리,28.0,85.0,88.0,70.0,2.0,2025-12-31,94.66,48.0,5.340000000000003,30.908296511411507,낮음,2.816102181925519,일반 모니터링,농업기반시설_저수지_2021_v3.csv
논산시,소룡,충청남도 논산시 연무읍 소룡리,28.0,85.0,88.0,70.0,2.0,2025-12-31,94.66,48.0,5.340000000000003,30.908296511411507,낮음,2.816102181925519,일반 모니터링,한국농어촌공사_농업기반시설 시설제원_저수지_2020.csv
논산시,소룡,충청남도 논산시 연무읍 소룡리,28.0,85.0,88.0,70.0,2.0,2025-12-31,94.66,48.0,5.340000000000003,30.908296511411507,낮음,2.816102181925519,일반 모니터링,한국농어촌공사_농업기반시설제원_저수지_2022.csv
논산시,소룡,충청남도 논산시 연무읍 소룡리,28.0,84.79,88.1,70.0,1.5,2025-12-31,94.66,48.0,5.340000000000003,30.908296511411507,낮음,2.815988223419439,일반 모니터링,한국농어촌공사_농업기반시설 시설제원_저수지_20250925.csv
논산시,소룡,충청남도 논산시 연무읍 소룡리,28.0,84.79,88.1,70.0,1.5,2025-12-31,94.66,48.0,5.340000000000003,30.908296511411507,낮음,2.815988223419439,일반 모니터링,한국농어촌공사_농업기반시설_시설제원_저수지_2024.csv
논산시,소룡,충청남도 논산시 연무읍 소룡리,28.0,84.79,88.1,70.0,1.5,2025-12-31,94.66,48.0,5.340000000000003,30.908296511411507,낮음,2.815988223419439,일반 모니터링,한국농어촌공사_농업기반시설제원_저수지_2023.csv
논산시,월명,충청남도 논산시 노성면 송당리,25.0,37.0,42.0,67.0,2.0,2025-12-31,94.66,48.0,5.340000000000003,30.908296511411507,낮음,2.779296282580495,일반 모니터링,농업기반시설_저수지_2021_v3.csv
논산시,월명,충청남도 논산시 노성면 송당리,25.0,37.0,42.0,67.0,2.0,2025-12-31,94.66,48.0,5.340000000000003,30.908296511411507,낮음,2.779296282580495,일반 모니터링,한국농어촌공사_농업기반시설 시설제원_저수지_2020.csv
논산시,월명,충청남도 논산시 노성면 송당리,25.0,37.0,42.0,67.0,2.0,2025-12-31,94.66,48.0,5.340000000000003,30.908296511411507,낮음,2.779296282580495,일반 모니터링,한국농어촌공사_농업기반시설제원_저수지_2022.csv
논산시,월명,충청남도 논산시 노성면 송당리,24.6,36.6,42.0,66.7,2.01,2025-12-31,94.66,48.0,5.340000000000003,30.908296511411507,낮음,2.777644786651062,일반 모니터링,한국농어촌공사_농업기반시설 시설제원_저수지_20250925.csv
논산시,월명,충청남도 논산시 노성면 송당리,24.6,36.6,42.0,66.7,2.01,2025-12-31,94.66,48.0,5.340000000000003,30.908296511411507,낮음,2.777644786651062,일반 모니터링,한국농어촌공사_농업기반시설_시설제원_저수지_2024.csv
논산시,월명,충청남도 논산시 노성면 송당리,24.6,36.6,42.0,66.7,2.01,2025-12-31,94.66,48.0,5.340000000000003,30.908296511411507,낮음,2.777644786651062,일반 모니터링,한국농어촌공사_농업기반시설제원_저수지_2023.csv
논산시,소곡,충청남도 논산시 노성면 송당리,18.4,26.9,34.5,120.0,2.7,2025-12-31,94.66,48.0,5.340000000000003,30.908296511411507,낮음,2.7501472913101845,일반 모니터링,한국농어촌공사_농업기반시설 시설제원_저수지_20250925.csv
논산시,소곡,충청남도 논산시 노성면 송당리,18.4,26.9,34.5,120.0,2.7,2025-12-31,94.66,48.0,5.340000000000003,30.908296511411507,낮음,2.7501472913101845,일반 모니터링,한국농어촌공사_농업기반시설_시설제원_저수지_2024.csv
논산시,소곡,충청남도 논산시 노성면 송당리,18.4,26.9,34.5,120.0,2.7,2025-12-31,94.66,48.0,5.340000000000003,30.908296511411507,낮음,2.7501472913101845,일반 모니터링,한국농어촌공사_농업기반시설제원_저수지_2023.csv
논산시,소곡,충청남도 논산시 노성면 송당리,18.0,27.0,35.0,120.0,3.0,2025-12-31,94.66,48.0,5.340000000000003,30.908296511411507,낮음,2.748767125157132,일반 모니터링,농업기반시설_저수지_2021_v3.csv
논산시,소곡,충청남도 논산시 노성면 송당리,18.0,27.0,35.0,120.0,3.0,2025-12-31,94.66,48.0,5.340000000000003,30.908296511411507,낮음,2.748767125157132,일반 모니터링,한국농어촌공사_농업기반시설 시설제원_저수지_2020.csv
논산시,소곡,충청남도 논산시 노성면 송당리,18.0,27.0,35.0,120.0,3.0,2025-12-31,94.66,48.0,5.340000000000003,30.908296511411507,낮음,2.748767125157132,일반 모니터링,한국농어촌공사_농업기반시설제원_저수지_2022.csv
논산시,유와골,충청남도 논산시 은진면 용산리,14.1,7.78,8.27,35.0,0.7,2025-12-31,94.66,48.0,5.340000000000003,30.908296511411507,낮음,2.7243514954968515,일반 모니터링,한국농어촌공사_농업기반시설 시설제원_저수지_20250925.csv
논산시,유와골,충청남도 논산시 은진면 용산리,14.1,7.78,8.27,35.0,0.7,2025-12-31,94.66,48.0,5.340000000000003,30.908296511411507,낮음,2.7243514954968515,일반 모니터링,한국농어촌공사_농업기반시설_시설제원_저수지_2024.csv
논산시,유와골,충청남도 논산시 은진면 용산리,14.1,7.78,8.27,35.0,0.7,2025-12-31,94.66,48.0,5.340000000000003,30.908296511411507,낮음,2.7243514954968515,일반 모니터링,한국농어촌공사_농업기반시설제원_저수지_2023.csv
논산시,유와골,충청남도 논산시 은진면 용산리,14.0,8.0,8.0,35.0,1.0,2025-12-31,94.66,48.0,5.340000000000003,30.908296511411507,낮음,2.724112272571377,일반 모니터링,농업기반시설_저수지_2021_v3.csv
논산시,유와골,충청남도 논산시 은진면 용산리,14.0,8.0,8.0,35.0,1.0,2025-12-31,94.66,48.0,5.340000000000003,30.908296511411507,낮음,2.724112272571377,일반 모니터링,한국농어촌공사_농업기반시설 시설제원_저수지_2020.csv
논산시,유와골,충청남도 논산시 은진면 용산리,14.0,8.0,8.0,35.0,1.0,2025-12-31,94.66,48.0,5.340000000000003,30.908296511411507,낮음,2.724112272571377,일반 모니터링,한국농어촌공사_농업기반시설제원_저수지_2022.csv
논산시,서당,충청남도 논산시 양촌면 반곡리,12.0,13.0,17.0,19.0,1.0,2025-12-31,94.66,48.0,5.340000000000003,30.908296511411507,낮음,2.719653409793544,일반 모니터링,농업기반시설_저수지_2021_v3.csv
논산시,서당,충청남도 논산시 양촌면 반곡리,12.0,13.0,17.0,19.0,1.0,2025-12-31,94.66,48.0,5.340000000000003,30.908296511411507,낮음,2.719653409793544,일반 모니터링,한국농어촌공사_농업기반시설 시설제원_저수지_2020.csv
논산시,서당,충청남도 논산시 양촌면 반곡리,12.0,13.0,17.0,19.0,1.0,2025-12-31,94.66,48.0,5.340000000000003,30.908296511411507,낮음,2.719653409793544,일반 모니터링,한국농어촌공사_농업기반시설제원_저수지_2022.csv
논산시,서당,충청남도 논산시 양촌면 반곡리,12.0,12.62,16.85,19.0,1.0,2025-12-31,94.66,48.0,5.340000000000003,30.908296511411507,낮음,2.7194471991634943,일반 모니터링,한국농어촌공사_농업기반시설 시설제원_저수지_20250925.csv
논산시,서당,충청남도 논산시 양촌면 반곡리,12.0,12.62,16.85,19.0,1.0,2025-12-31,94.66,48.0,5.340000000000003,30.908296511411507,낮음,2.7194471991634943,일반 모니터링,한국농어촌공사_농업기반시설_시설제원_저수지_2024.csv
논산시,서당,충청남도 논산시 양촌면 반곡리,12.0,12.62,16.85,19.0,1.0,2025-12-31,94.66,48.0,5.340000000000003,30.908296511411507,낮음,2.7194471991634943,일반 모니터링,한국농어촌공사_농업기반시설제원_저수지_2023.csv
논산시,지경,충청남도 논산시 상월면 지경리,11.0,15.0,17.0,50.0,3.0,2025-12-31,94.66,48.0,5.340000000000003,30.908296511411507,낮음,2.7171526486282462,일반 모니터링,농업기반시설_저수지_2021_v3.csv
논산시,지경,충청남도 논산시 상월면 지경리,11.0,15.0,17.0,50.0,3.0,2025-12-31,94.66,48.0,5.340000000000003,30.908296511411507,낮음,2.7171526486282462,일반 모니터링,한국농어촌공사_농업기반시설 시설제원_저수지_2020.csv
논산시,지경,충청남도 논산시 상월면 지경리,11.0,15.0,17.2,50.0,2.5,2025-12-31,94.66,48.0,5.340000000000003,30.908296511411507,낮음,2.7171526486282462,일반 모니터링,한국농어촌공사_농업기반시설 시설제원_저수지_20250925.csv
논산시,지경,충청남도 논산시 상월면 지경리,11.0,15.0,17.2,50.0,2.5,2025-12-31,94.66,48.0,5.340000000000003,30.908296511411507,낮음,2.7171526486282462,일반 모니터링,한국농어촌공사_농업기반시설_시설제원_저수지_2024.csv
논산시,지경,충청남도 논산시 상월면 지경리,11.0,15.0,17.0,50.0,3.0,2025-12-31,94.66,48.0,5.340000000000003,30.908296511411507,낮음,2.7171526486282462,일반 모니터링,한국농어촌공사_농업기반시설제원_저수지_2022.csv
논산시,지경,충청남도 논산시 상월면 지경리,11.0,15.0,17.2,50.0,2.5,2025-12-31,94.66,48.0,5.340000000000003,30.908296511411507,낮음,2.7171526486282462,일반 모니터링,한국농어촌공사_농업기반시설제원_저수지_2023.csv
논산시,평촌,충청남도 논산시 부적면 반송리,10.0,15.0,19.0,15.0,2.0,2025-12-31,94.66,48.0,5.340000000000003,30.908296511411507,낮음,2.7135665683574257,일반 모니터링,농업기반시설_저수지_2021_v3.csv
논산시,평촌,충청남도 논산시 부적면 반송리,10.0,15.0,19.0,15.0,2.0,2025-12-31,94.66,48.0,5.340000000000003,30.908296511411507,낮음,2.7135665683574257,일반 모니터링,한국농어촌공사_농업기반시설 시설제원_저수지_2020.csv
논산시,평촌,충청남도 논산시 부적면 반송리,10.0,15.0,19.0,15.0,1.5,2025-12-31,94.66,48.0,5.340000000000003,30.908296511411507,낮음,2.7135665683574257,일반 모니터링,한국농어촌공사_농업기반시설 시설제원_저수지_20250925.csv
논산시,평촌,충청남도 논산시 부적면 반송리,10.0,15.0,19.0,15.0,1.5,2025-12-31,94.66,48.0,5.340000000000003,30.908296511411507,낮음,2.7135665683574257,일반 모니터링,한국농어촌공사_농업기반시설_시설제원_저수지_2024.csv
논산시,평촌,충청남도 논산시 부적면 반송리,10.0,15.0,19.0,15.0,2.0,2025-12-31,94.66,48.0,5.340000000000003,30.908296511411507,낮음,2.7135665683574257,일반 모니터링,한국농어촌공사_농업기반시설제원_저수지_2022.csv
논산시,평촌,충청남도 논산시 부적면 반송리,10.0,15.0,19.0,15.0,1.5,2025-12-31,94.66,48.0,5.340000000000003,30.908296511411507,낮음,2.7135665683574257,일반 모니터링,한국농어촌공사_농업기반시설제원_저수지_2023.csv
논산시,석종,충청남도 논산시 상월면 석종리,9.0,18.17,19.4,39.0,1.3,2025-12-31,94.66,48.0,5.340000000000003,30.908296511411507,낮음,2.7117007188688595,일반 모니터링,한국농어촌공사_농업기반시설 시설제원_저수지_20250925.csv
논산시,석종,충청남도 논산시 상월면 석종리,9.0,18.17,19.4,39.0,1.3,2025-12-31,94.66,48.0,5.340000000000003,30.908296511411507,낮음,2.7117007188688595,일반 모니터링,한국농어촌공사_농업기반시설_시설제원_저수지_2024.csv
논산시,석종,충청남도 논산시 상월면 석종리,9.0,18.17,19.4,39.0,1.3,2025-12-31,94.66,48.0,5.340000000000003,30.908296511411507,낮음,2.7117007188688595,일반 모니터링,한국농어촌공사_농업기반시설제원_저수지_2023.csv
논산시,석종,충청남도 논산시 상월면 석종리,9.0,18.0,19.0,39.0,1.0,2025-12-31,94.66,48.0,5.340000000000003,30.908296511411507,낮음,2.71160846674489,일반 모니터링,농업기반시설_저수지_2021_v3.csv
논산시,석종,충청남도 논산시 상월면 석종리,9.0,18.0,19.0,39.0,1.0,2025-12-31,94.66,48.0,5.340000000000003,30.908296511411507,낮음,2.71160846674489,일반 모니터링,한국농어촌공사_농업기반시설 시설제원_저수지_2020.csv
논산시,석종,충청남도 논산시 상월면 석종리,9.0,18.0,19.0,39.0,1.0,2025-12-31,94.66,48.0,5.340000000000003,30.908296511411507,낮음,2.71160846674489,일반 모니터링,한국농어촌공사_농업기반시설제원_저수지_2022.csv
논산시,국동,충청남도 논산시 가야곡면 함적리,9.0,10.0,12.0,43.0,1.0,2025-12-31,94.66,48.0,5.340000000000003,30.908296511411507,낮음,2.7072671903227965,일반 모니터링,농업기반시설_저수지_2021_v3.csv
논산시,국동,충청남도 논산시 가야곡면 함적리,9.0,10.0,12.0,43.0,1.0,2025-12-31,94.66,48.0,5.340000000000003,30.908296511411507,낮음,2.7072671903227965,일반 모니터링,한국농어촌공사_농업기반시설 시설제원_저수지_2020.csv
논산시,국동,충청남도 논산시 가야곡면 함적리,9.0,10.0,12.0,43.0,1.0,2025-12-31,94.66,48.0,5.340000000000003,30.908296511411507,낮음,2.7072671903227965,일반 모니터링,한국농어촌공사_농업기반시설제원_저수지_2022.csv
논산시,국동,충청남도 논산시 가야곡면 함적리,8.7,10.36,11.57,43.0,0.8,2025-12-31,94.66,48.0,5.340000000000003,30.908296511411507,낮음,2.7063867236805446,일반 모니터링,한국농어촌공사_농업기반시설 시설제원_저수지_20250925.csv
논산시,국동,충청남도 논산시 가야곡면 함적리,8.7,10.36,11.57,43.0,0.8,2025-12-31,94.66,48.0,5.340000000000003,30.908296511411507,낮음,2.7063867236805446,일반 모니터링,한국농어촌공사_농업기반시설_시설제원_저수지_2024.csv
논산시,국동,충청남도 논산시 가야곡면 함적리,8.7,10.36,11.57,43.0,0.8,2025-12-31,94.66,48.0,5.340000000000003,30.908296511411507,낮음,2.7063867236805446,일반 모니터링,한국농어촌공사_농업기반시설제원_저수지_2023.csv
논산시,양지,충청남도 논산시 연무읍 양지리,8.0,10.0,10.0,50.0,0.0,2025-12-31,94.66,48.0,5.340000000000003,30.908296511411507,낮음,2.703681110051976,일반 모니터링,농업기반시설_저수지_2021_v3.csv
논산시,양지,충청남도 논산시 연무읍 양지리,8.0,10.0,10.0,50.0,0.0,2025-12-31,94.66,48.0,5.340000000000003,30.908296511411507,낮음,2.703681110051976,일반 모니터링,한국농어촌공사_농업기반시설 시설제원_저수지_2020.csv
논산시,양지,충청남도 논산시 연무읍 양지리,8.0,10.0,10.0,50.0,0.0,2025-12-31,94.66,48.0,5.340000000000003,30.908296511411507,낮음,2.703681110051976,일반 모니터링,한국농어촌공사_농업기반시설제원_저수지_2022.csv
논산시,양지,충청남도 논산시 연무읍 양지리,8.0,9.5,9.6,50.0,0.48,2025-12-31,94.66,48.0,5.340000000000003,30.908296511411507,낮음,2.703409780275595,일반 모니터링,한국농어촌공사_농업기반시설 시설제원_저수지_20250925.csv
논산시,양지,충청남도 논산시 연무읍 양지리,8.0,9.5,9.6,50.0,0.48,2025-12-31,94.66,48.0,5.340000000000003,30.908296511411507,낮음,2.703409780275595,일반 모니터링,한국농어촌공사_농업기반시설_시설제원_저수지_2024.csv
논산시,양지,충청남도 논산시 연무읍 양지리,8.0,9.5,9.6,50.0,0.48,2025-12-31,94.66,48.0,5.340000000000003,30.908296511411507,낮음,2.703409780275595,일반 모니터링,한국농어촌공사_농업기반시설제원_저수지_2023.csv
논산시,한천,충청남도 논산시 상월면 한천리,7.0,1.39,1.39,50.0,0.5,2025-12-31,94.66,48.0,5.340000000000003,30.908296511411507,낮음,2.6954227310318766,일반 모니터링,한국농어촌공사_농업기반시설 시설제원_저수지_20250925.csv
논산시,한천,충청남도 논산시 상월면 한천리,7.0,1.39,1.39,50.0,0.5,2025-12-31,94.66,48.0,5.340000000000003,30.908296511411507,낮음,2.6954227310318766,일반 모니터링,한국농어촌공사_농업기반시설_시설제원_저수지_2024.csv
논산시,한천,충청남도 논산시 상월면 한천리,7.0,1.39,1.39,50.0,0.5,2025-12-31,94.66,48.0,5.340000000000003,30.908296511411507,낮음,2.6954227310318766,일반 모니터링,한국농어촌공사_농업기반시설제원_저수지_2023.csv
논산시,한천,충청남도 논산시 상월면 한천리,7.0,1.0,1.0,50.0,1.0,2025-12-31,94.66,48.0,5.340000000000003,30.908296511411507,낮음,2.6952110938062996,일반 모니터링,농업기반시설_저수지_2021_v3.csv
논산시,한천,충청남도 논산시 상월면 한천리,7.0,1.0,1.0,50.0,1.0,2025-12-31,94.66,48.0,5.340000000000003,30.908296511411507,낮음,2.6952110938062996,일반 모니터링,한국농어촌공사_농업기반시설 시설제원_저수지_2020.csv
논산시,한천,충청남도 논산시 상월면 한천리,7.0,1.0,1.0,50.0,1.0,2025-12-31,94.66,48.0,5.340000000000003,30.908296511411507,낮음,2.6952110938062996,일반 모니터링,한국농어촌공사_농업기반시설제원_저수지_2022.csv
논산시,수정골,충청남도 논산시 상월면 숙진리,5.0,10.3,10.6,80.0,3.0,2025-12-31,94.66,48.0,5.340000000000003,30.908296511411507,낮음,2.693085667105342,일반 모니터링,한국농어촌공사_농업기반시설 시설제원_저수지_20250925.csv
논산시,수정골,충청남도 논산시 상월면 숙진리,5.0,10.3,10.6,80.0,3.0,2025-12-31,94.66,48.0,5.340000000000003,30.908296511411507,낮음,2.693085667105342,일반 모니터링,한국농어촌공사_농업기반시설_시설제원_저수지_2024.csv
논산시,수정골,충청남도 논산시 상월면 숙진리,5.0,10.3,10.6,80.0,3.0,2025-12-31,94.66,48.0,5.340000000000003,30.908296511411507,낮음,2.693085667105342,일반 모니터링,한국농어촌공사_농업기반시설제원_저수지_2023.csv
논산시,안심,충청남도 논산시 연무읍 안심리,5.0,10.0,10.0,40.0,2.0,2025-12-31,94.66,48.0,5.340000000000003,30.908296511411507,낮음,2.6929228692395135,일반 모니터링,농업기반시설_저수지_2021_v3.csv
논산시,수정골,충청남도 논산시 상월면 숙진리,5.0,10.0,11.0,80.0,3.0,2025-12-31,94.66,48.0,5.340000000000003,30.908296511411507,낮음,2.6929228692395135,일반 모니터링,농업기반시설_저수지_2021_v3.csv
논산시,안심,충청남도 논산시 연무읍 안심리,5.0,10.0,10.0,40.0,2.0,2025-12-31,94.66,48.0,5.340000000000003,30.908296511411507,낮음,2.6929228692395135,일반 모니터링,한국농어촌공사_농업기반시설 시설제원_저수지_2020.csv
논산시,수정골,충청남도 논산시 상월면 숙진리,5.0,10.0,11.0,80.0,3.0,2025-12-31,94.66,48.0,5.340000000000003,30.908296511411507,낮음,2.6929228692395135,일반 모니터링,한국농어촌공사_농업기반시설 시설제원_저수지_2020.csv
논산시,안심,충청남도 논산시 연무읍 안심리,5.0,10.0,10.0,40.0,2.0,2025-12-31,94.66,48.0,5.340000000000003,30.908296511411507,낮음,2.6929228692395135,일반 모니터링,한국농어촌공사_농업기반시설제원_저수지_2022.csv
논산시,수정골,충청남도 논산시 상월면 숙진리,5.0,10.0,11.0,80.0,3.0,2025-12-31,94.66,48.0,5.340000000000003,30.908296511411507,낮음,2.6929228692395135,일반 모니터링,한국농어촌공사_농업기반시설제원_저수지_2022.csv
논산시,안심,충청남도 논산시 연무읍 안심리,4.7,10.03,10.05,40.0,2.21,2025-12-31,94.66,48.0,5.340000000000003,30.908296511411507,낮음,2.6918633249448503,일반 모니터링,한국농어촌공사_농업기반시설 시설제원_저수지_20250925.csv
논산시,안심,충청남도 논산시 연무읍 안심리,4.7,10.03,10.05,40.0,2.21,2025-12-31,94.66,48.0,5.340000000000003,30.908296511411507,낮음,2.6918633249448503,일반 모니터링,한국농어촌공사_농업기반시설_시설제원_저수지_2024.csv
논산시,안심,충청남도 논산시 연무읍 안심리,4.7,10.03,10.05,40.0,2.21,2025-12-31,94.66,48.0,5.340000000000003,30.908296511411507,낮음,2.6918633249448503,일반 모니터링,한국농어촌공사_농업기반시설제원_저수지_2023.csv
논산시,도정골,충청남도 논산시 상월면 숙진리,5.0,2.0,2.0,15.0,1.0,2025-12-31,94.66,48.0,5.340000000000003,30.908296511411507,낮음,2.6885815928174197,일반 모니터링,농업기반시설_저수지_2021_v3.csv
논산시,도정골,충청남도 논산시 상월면 숙진리,5.0,2.0,2.0,15.0,1.0,2025-12-31,94.66,48.0,5.340000000000003,30.908296511411507,낮음,2.6885815928174197,일반 모니터링,한국농어촌공사_농업기반시설 시설제원_저수지_2020.csv
논산시,도정골,충청남도 논산시 상월면 숙진리,5.0,2.0,2.23,15.0,0.78,2025-12-31,94.66,48.0,5.340000000000003,30.908296511411507,낮음,2.6885815928174197,일반 모니터링,한국농어촌공사_농업기반시설 시설제원_저수지_20250925.csv
논산시,도정골,충청남도 논산시 상월면 숙진리,5.0,2.0,2.23,15.0,0.78,2025-12-31,94.66,48.0,5.340000000000003,30.908296511411507,낮음,2.6885815928174197,일반 모니터링,한국농어촌공사_농업기반시설_시설제원_저수지_2024.csv
논산시,도정골,충청남도 논산시 상월면 숙진리,5.0,2.0,2.0,15.0,1.0,2025-12-31,94.66,48.0,5.340000000000003,30.908296511411507,낮음,2.6885815928174197,일반 모니터링,한국농어촌공사_농업기반시설제원_저수지_2022.csv
논산시,도정골,충청남도 논산시 상월면 숙진리,5.0,2.0,2.23,15.0,0.78,2025-12-31,94.66,48.0,5.340000000000003,30.908296511411507,낮음,2.6885815928174197,일반 모니터링,한국농어촌공사_농업기반시설제원_저수지_2023.csv
논산시,띠울,충청남도 논산시 상월면 대명리,4.0,6.0,6.0,40.0,1.0,2025-12-31,94.66,48.0,5.340000000000003,30.908296511411507,낮음,2.6871661507576454,일반 모니터링,농업기반시설_저수지_2021_v3.csv
논산시,띠울,충청남도 논산시 상월면 대명리,4.0,6.0,6.0,40.0,1.0,2025-12-31,94.66,48.0,5.340000000000003,30.908296511411507,낮음,2.6871661507576454,일반 모니터링,한국농어촌공사_농업기반시설 시설제원_저수지_2020.csv
논산시,띠울,충청남도 논산시 상월면 대명리,4.0,6.0,6.0,40.0,1.0,2025-12-31,94.66,48.0,5.340000000000003,30.908296511411507,낮음,2.6871661507576454,일반 모니터링,한국농어촌공사_농업기반시설제원_저수지_2022.csv
논산시,띠울,충청남도 논산시 상월면 대명리,3.9,6.22,6.26,40.0,0.6,2025-12-31,94.66,48.0,5.340000000000003,30.908296511411507,낮음,2.6869269278321712,일반 모니터링,한국농어촌공사_농업기반시설 시설제원_저수지_20250925.csv
논산시,띠울,충청남도 논산시 상월면 대명리,3.9,6.22,6.26,40.0,0.6,2025-12-31,94.66,48.0,5.340000000000003,30.908296511411507,낮음,2.6869269278321712,일반 모니터링,한국농어촌공사_농업기반시설_시설제원_저수지_2024.csv
논산시,띠울,충청남도 논산시 상월면 대명리,3.9,6.22,6.26,40.0,0.6,2025-12-31,94.66,48.0,5.340000000000003,30.908296511411507,낮음,2.6869269278321712,일반 모니터링,한국농어촌공사_농업기반시설제원_저수지_2023.csv
논산시,성덕,충청남도 논산시 은진면 성덕리,4.0,2.0,2.0,15.0,0.0,2025-12-31,94.66,48.0,5.340000000000003,30.908296511411507,낮음,2.6849955125465987,일반 모니터링,농업기반시설_저수지_2021_v3.csv
논산시,성덕,충청남도 논산시 은진면 성덕리,4.0,2.0,2.0,15.0,0.0,2025-12-31,94.66,48.0,5.340000000000003,30.908296511411507,낮음,2.6849955125465987,일반 모니터링,한국농어촌공사_농업기반시설 시설제원_저수지_2020.csv
논산시,성덕,충청남도 논산시 은진면 성덕리,4.0,2.0,2.0,15.0,0.0,2025-12-31,94.66,48.0,5.340000000000003,30.908296511411507,낮음,2.6849955125465987,일반 모니터링,한국농어촌공사_농업기반시설제원_저수지_2022.csv
논산시,성덕,충청남도 논산시 은진면 성덕리,4.0,1.67,1.89,15.0,0.3,2025-12-31,94.66,48.0,5.340000000000003,30.908296511411507,낮음,2.6848164348941874,일반 모니터링,한국농어촌공사_농업기반시설 시설제원_저수지_20250925.csv
논산시,성덕,충청남도 논산시 은진면 성덕리,4.0,1.67,1.89,15.0,0.3,2025-12-31,94.66,48.0,5.340000000000003,30.908296511411507,낮음,2.6848164348941874,일반 모니터링,한국농어촌공사_농업기반시설_시설제원_저수지_2024.csv
논산시,성덕,충청남도 논산시 은진면 성덕리,4.0,1.67,1.89,15.0,0.3,2025-12-31,94.66,48.0,5.340000000000003,30.908296511411507,낮음,2.6848164348941874,일반 모니터링,한국농어촌공사_농업기반시설제원_저수지_2023.csv
논산시,신풍,충청남도 논산시 부적면 신풍리,3.0,7.0,7.0,43.0,1.0,2025-12-31,94.66,48.0,5.340000000000003,30.908296511411507,낮음,2.684122730039587,일반 모니터링,농업기반시설_저수지_2021_v3.csv
논산시,신풍,충청남도 논산시 부적면 신풍리,3.0,7.0,7.0,43.0,1.0,2025-12-31,94.66,48.0,5.340000000000003,30.908296511411507,낮음,2.684122730039587,일반 모니터링,한국농어촌공사_농업기반시설 시설제원_저수지_2020.csv
논산시,신풍,충청남도 논산시 부적면 신풍리,3.0,7.0,7.0,43.0,1.0,2025-12-31,94.66,48.0,5.340000000000003,30.908296511411507,낮음,2.684122730039587,일반 모니터링,한국농어촌공사_농업기반시설제원_저수지_2022.csv
논산시,양동,충청남도 논산시 연산면 신양리,3.0,1.0,1.0,3.0,0.0,2025-12-31,94.66,48.0,5.340000000000003,30.908296511411507,낮음,2.6808667727230167,일반 모니터링,농업기반시설_저수지_2021_v3.csv
논산시,양동,충청남도 논산시 연산면 신양리,3.0,1.0,1.0,3.0,0.0,2025-12-31,94.66,48.0,5.340000000000003,30.908296511411507,낮음,2.6808667727230167,일반 모니터링,한국농어촌공사_농업기반시설 시설제원_저수지_2020.csv
논산시,양동,충청남도 논산시 연산면 신양리,3.0,1.0,1.0,3.0,0.0,2025-12-31,94.66,48.0,5.340000000000003,30.908296511411507,낮음,2.6808667727230167,일반 모니터링,한국농어촌공사_농업기반시설제원_저수지_2022.csv
논산시,양동,충청남도 논산시 연산면 신양리,3.0,0.9,0.94,3.0,0.15,2025-12-31,94.66,48.0,5.340000000000003,30.908296511411507,낮음,2.68081250676774,일반 모니터링,한국농어촌공사_농업기반시설 시설제원_저수지_20250925.csv
논산시,양동,충청남도 논산시 연산면 신양리,3.0,0.9,0.94,3.0,0.15,2025-12-31,94.66,48.0,5.340000000000003,30.908296511411507,낮음,2.68081250676774,일반 모니터링,한국농어촌공사_농업기반시설_시설제원_저수지_2024.csv
논산시,양동,충청남도 논산시 연산면 신양리,3.0,0.9,0.94,3.0,0.15,2025-12-31,94.66,48.0,5.340000000000003,30.908296511411507,낮음,2.68081250676774,일반 모니터링,한국농어촌공사_농업기반시설제원_저수지_2023.csv
당진시,오봉,충청남도 당진시 신평면 상오리,367.0,875.0,875.0,2020.0,46.0,2025-12-31,68.91666666666667,0.1,31.08333333333333,41.018313990061024,주의,17.332151107082172,일반 모니터링,농업기반시설_저수지_2021_v3.csv
당진시,오봉,충청남도 당진시 신평면 상오리,367.0,875.0,875.0,2020.0,46.0,2025-12-31,68.91666666666667,0.1,31.08333333333333,41.018313990061024,주의,17.332151107082172,일반 모니터링,한국농어촌공사_농업기반시설 시설제원_저수지_2020.csv
당진시,오봉,충청남도 당진시 신평면 상오리,367.0,875.0,875.0,2020.0,46.2,2025-12-31,68.91666666666667,0.1,31.08333333333333,41.018313990061024,주의,17.332151107082172,일반 모니터링,한국농어촌공사_농업기반시설 시설제원_저수지_20250925.csv
당진시,오봉,충청남도 당진시 신평면 상오리,367.0,875.0,875.0,2020.0,46.2,2025-12-31,68.91666666666667,0.1,31.08333333333333,41.018313990061024,주의,17.332151107082172,일반 모니터링,한국농어촌공사_농업기반시설_시설제원_저수지_2024.csv
당진시,오봉,충청남도 당진시 신평면 상오리,367.0,875.0,875.0,2020.0,46.0,2025-12-31,68.91666666666667,0.1,31.08333333333333,41.018313990061024,주의,17.332151107082172,일반 모니터링,한국농어촌공사_농업기반시설제원_저수지_2022.csv
당진시,오봉,충청남도 당진시 신평면 상오리,367.0,875.0,875.0,2020.0,46.2,2025-12-31,68.91666666666667,0.1,31.08333333333333,41.018313990061024,주의,17.332151107082172,일반 모니터링,한국농어촌공사_농업기반시설제원_저수지_2023.csv
당진시,순성,충청남도 당진시 면천면 원동리,257.0,1357.0,1428.0,850.0,40.0,2025-12-31,68.91666666666667,0.1,31.08333333333333,41.018313990061024,주의,17.199244181723024,일반 모니터링,농업기반시설_저수지_2021_v3.csv
당진시,순성,충청남도 당진시 면천면 원동리,257.0,1357.0,1428.0,850.0,40.0,2025-12-31,68.91666666666667,0.1,31.08333333333333,41.018313990061024,주의,17.199244181723024,일반 모니터링,한국농어촌공사_농업기반시설 시설제원_저수지_2020.csv
당진시,순성,충청남도 당진시 면천면 원동리,257.0,1357.0,1428.0,850.0,39.7,2025-12-31,68.91666666666667,0.1,31.08333333333333,41.018313990061024,주의,17.199244181723024,일반 모니터링,한국농어촌공사_농업기반시설_시설제원_저수지_2024.csv
당진시,순성,충청남도 당진시 면천면 원동리,257.0,1357.0,1428.0,850.0,40.0,2025-12-31,68.91666666666667,0.1,31.08333333333333,41.018313990061024,주의,17.199244181723024,일반 모니터링,한국농어촌공사_농업기반시설제원_저수지_2022.csv
당진시,순성,충청남도 당진시 면천면 원동리,257.0,1357.0,1428.0,850.0,39.7,2025-12-31,68.91666666666667,0.1,31.08333333333333,41.018313990061024,주의,17.199244181723024,일반 모니터링,한국농어촌공사_농업기반시설제원_저수지_2023.csv
당진시,순성,충청남도 당진시 면천면 원동리,257.0,1356.0,1428.0,827.0,39.7,2025-12-31,68.91666666666667,0.1,31.08333333333333,41.018313990061024,주의,17.198701522170264,일반 모니터링,한국농어촌공사_농업기반시설 시설제원_저수지_20250925.csv
당진시,초대,충청남도 당진시 신평면 초대리,147.0,1026.0,1080.0,470.0,24.0,2025-12-31,68.91666666666667,0.1,31.08333333333333,41.018313990061024,주의,16.625155039968618,일반 모니터링,농업기반시설_저수지_2021_v3.csv
당진시,초대,충청남도 당진시 신평면 초대리,147.0,1026.0,1080.0,470.0,24.0,2025-12-31,68.91666666666667,0.1,31.08333333333333,41.018313990061024,주의,16.625155039968618,일반 모니터링,한국농어촌공사_농업기반시설 시설제원_저수지_2020.csv
당진시,초대,충청남도 당진시 신평면 초대리,147.0,1026.0,1080.0,470.0,24.1,2025-12-31,68.91666666666667,0.1,31.08333333333333,41.018313990061024,주의,16.625155039968618,일반 모니터링,한국농어촌공사_농업기반시설 시설제원_저수지_20250925.csv
당진시,초대,충청남도 당진시 신평면 초대리,147.0,1026.0,1080.0,470.0,24.1,2025-12-31,68.91666666666667,0.1,31.08333333333333,41.018313990061024,주의,16.625155039968618,일반 모니터링,한국농어촌공사_농업기반시설_시설제원_저수지_2024.csv
당진시,초대,충청남도 당진시 신평면 초대리,147.0,1026.0,1080.0,470.0,24.0,2025-12-31,68.91666666666667,0.1,31.08333333333333,41.018313990061024,주의,16.625155039968618,일반 모니터링,한국농어촌공사_농업기반시설제원_저수지_2022.csv
당진시,초대,충청남도 당진시 신평면 초대리,147.0,1026.0,1080.0,470.0,24.1,2025-12-31,68.91666666666667,0.1,31.08333333333333,41.018313990061024,주의,16.625155039968618,일반 모니터링,한국농어촌공사_농업기반시설제원_저수지_2023.csv
당진시,석문,충청남도 당진시 석문면 삼봉리,135.0,975.0,975.0,1750.0,59.0,2025-12-31,68.91666666666667,0.1,31.08333333333333,41.018313990061024,주의,16.554446439527922,일반 모니터링,농업기반시설_저수지_2021_v3.csv
당진시,석문,충청남도 당진시 석문면 삼봉리,135.0,975.0,975.0,1750.0,59.0,2025-12-31,68.91666666666667,0.1,31.08333333333333,41.018313990061024,주의,16.554446439527922,일반 모니터링,한국농어촌공사_농업기반시설 시설제원_저수지_2020.csv
당진시,석문,충청남도 당진시 석문면 삼봉리,135.0,975.0,975.0,1750.0,58.9,2025-12-31,68.91666666666667,0.1,31.08333333333333,41.018313990061024,주의,16.554446439527922,일반 모니터링,한국농어촌공사_농업기반시설 시설제원_저수지_20250925.csv
당진시,석문,충청남도 당진시 석문면 삼봉리,135.0,975.0,975.0,1750.0,58.9,2025-12-31,68.91666666666667,0.1,31.08333333333333,41.018313990061024,주의,16.554446439527922,일반 모니터링,한국농어촌공사_농업기반시설_시설제원_저수지_2024.csv
당진시,석문,충청남도 당진시 석문면 삼봉리,135.0,975.0,975.0,1750.0,59.0,2025-12-31,68.91666666666667,0.1,31.08333333333333,41.018313990061024,주의,16.554446439527922,일반 모니터링,한국농어촌공사_농업기반시설제원_저수지_2022.csv
당진시,석문,충청남도 당진시 석문면 삼봉리,135.0,975.0,975.0,1750.0,58.9,2025-12-31,68.91666666666667,0.1,31.08333333333333,41.018313990061024,주의,16.554446439527922,일반 모니터링,한국농어촌공사_농업기반시설제원_저수지_2023.csv
당진시,송악,충청남도 당진시 송악읍 가교리,161.0,463.0,488.0,254.0,10.0,2025-12-31,68.91666666666667,0.1,31.08333333333333,41.018313990061024,주의,16.369842835555268,일반 모니터링,농업기반시설_저수지_2021_v3.csv
당진시,송악,충청남도 당진시 송악읍 가교리,161.0,463.0,488.0,254.0,10.0,2025-12-31,68.91666666666667,0.1,31.08333333333333,41.018313990061024,주의,16.369842835555268,일반 모니터링,한국농어촌공사_농업기반시설 시설제원_저수지_2020.csv
당진시,송악,충청남도 당진시 송악읍 가교리,161.0,463.0,488.0,254.0,10.1,2025-12-31,68.91666666666667,0.1,31.08333333333333,41.018313990061024,주의,16.369842835555268,일반 모니터링,한국농어촌공사_농업기반시설 시설제원_저수지_20250925.csv
당진시,송악,충청남도 당진시 송악읍 가교리,161.0,463.0,488.0,254.0,10.1,2025-12-31,68.91666666666667,0.1,31.08333333333333,41.018313990061024,주의,16.369842835555268,일반 모니터링,한국농어촌공사_농업기반시설_시설제원_저수지_2024.csv
당진시,송악,충청남도 당진시 송악읍 가교리,161.0,463.0,488.0,254.0,10.0,2025-12-31,68.91666666666667,0.1,31.08333333333333,41.018313990061024,주의,16.369842835555268,일반 모니터링,한국농어촌공사_농업기반시설제원_저수지_2022.csv
당진시,송악,충청남도 당진시 송악읍 가교리,161.0,463.0,488.0,254.0,10.1,2025-12-31,68.91666666666667,0.1,31.08333333333333,41.018313990061024,주의,16.369842835555268,일반 모니터링,한국농어촌공사_농업기반시설제원_저수지_2023.csv
당진시,전대,충청남도 당진시 송악읍 전대리,105.0,587.0,619.0,234.0,16.0,2025-12-31,68.91666666666667,0.1,31.08333333333333,41.018313990061024,주의,16.236312124931757,일반 모니터링,농업기반시설_저수지_2021_v3.csv
당진시,전대,충청남도 당진시 송악읍 전대리,105.0,587.0,619.0,234.0,16.0,2025-12-31,68.91666666666667,0.1,31.08333333333333,41.018313990061024,주의,16.236312124931757,일반 모니터링,한국농어촌공사_농업기반시설 시설제원_저수지_2020.csv
당진시,전대,충청남도 당진시 송악읍 전대리,105.0,587.0,619.0,234.0,15.58,2025-12-31,68.91666666666667,0.1,31.08333333333333,41.018313990061024,주의,16.236312124931757,일반 모니터링,한국농어촌공사_농업기반시설 시설제원_저수지_20250925.csv
당진시,전대,충청남도 당진시 송악읍 전대리,105.0,587.0,619.0,234.0,15.6,2025-12-31,68.91666666666667,0.1,31.08333333333333,41.018313990061024,주의,16.236312124931757,일반 모니터링,한국농어촌공사_농업기반시설_시설제원_저수지_2024.csv
당진시,전대,충청남도 당진시 송악읍 전대리,105.0,587.0,619.0,234.0,16.0,2025-12-31,68.91666666666667,0.1,31.08333333333333,41.018313990061024,주의,16.236312124931757,일반 모니터링,한국농어촌공사_농업기반시설제원_저수지_2022.csv
당진시,전대,충청남도 당진시 송악읍 전대리,105.0,587.0,619.0,234.0,15.6,2025-12-31,68.91666666666667,0.1,31.08333333333333,41.018313990061024,주의,16.236312124931757,일반 모니터링,한국농어촌공사_농업기반시설제원_저수지_2023.csv
당진시,항곡,충청남도 당진시 고대면 항곡리,30.0,82.0,94.0,104.0,4.0,2025-12-31,68.91666666666667,0.1,31.08333333333333,41.018313990061024,주의,15.693313030475537,일반 모니터링,농업기반시설_저수지_2021_v3.csv
당진시,항곡,충청남도 당진시 고대면 항곡리,30.0,82.0,94.0,104.0,4.0,2025-12-31,68.91666666666667,0.1,31.08333333333333,41.018313990061024,주의,15.693313030475537,일반 모니터링,한국농어촌공사_농업기반시설 시설제원_저수지_2020.csv
당진시,항곡,충청남도 당진시 고대면 항곡리,30.0,82.0,94.2,104.0,4.1,2025-12-31,68.91666666666667,0.1,31.08333333333333,41.018313990061024,주의,15.693313030475537,일반 모니터링,한국농어촌공사_농업기반시설 시설제원_저수지_20250925.csv
당진시,항곡,충청남도 당진시 고대면 항곡리,30.0,82.0,94.2,104.0,4.1,2025-12-31,68.91666666666667,0.1,31.08333333333333,41.018313990061024,주의,15.693313030475537,일반 모니터링,한국농어촌공사_농업기반시설_시설제원_저수지_2024.csv
당진시,항곡,충청남도 당진시 고대면 항곡리,30.0,82.0,94.0,104.0,4.0,2025-12-31,68.91666666666667,0.1,31.08333333333333,41.018313990061024,주의,15.693313030475537,일반 모니터링,한국농어촌공사_농업기반시설제원_저수지_2022.csv
당진시,항곡,충청남도 당진시 고대면 항곡리,30.0,82.0,94.2,104.0,4.1,2025-12-31,68.91666666666667,0.1,31.08333333333333,41.018313990061024,주의,15.693313030475537,일반 모니터링,한국농어촌공사_농업기반시설제원_저수지_2023.csv
당진시,백미,충청남도 당진시 합덕읍 대전리,28.0,94.0,215.0,220.0,8.0,2025-12-31,68.91666666666667,0.1,31.08333333333333,41.018313990061024,주의,15.692652784567036,일반 모니터링,농업기반시설_저수지_2021_v3.csv
당진시,백미,충청남도 당진시 합덕읍 대전리,28.0,94.0,215.0,220.0,8.0,2025-12-31,68.91666666666667,0.1,31.08333333333333,41.018313990061024,주의,15.692652784567036,일반 모니터링,한국농어촌공사_농업기반시설 시설제원_저수지_2020.csv
당진시,백미,충청남도 당진시 합덕읍 대전리,28.0,94.0,215.0,220.0,8.0,2025-12-31,68.91666666666667,0.1,31.08333333333333,41.018313990061024,주의,15.692652784567036,일반 모니터링,한국농어촌공사_농업기반시설제원_저수지_2022.csv
당진시,백미,충청남도 당진시 합덕읍 대전리,28.0,93.5,215.0,220.0,7.6,2025-12-31,68.91666666666667,0.1,31.08333333333333,41.018313990061024,주의,15.692381454790656,일반 모니터링,한국농어촌공사_농업기반시설 시설제원_저수지_20250925.csv
당진시,백미,충청남도 당진시 합덕읍 대전리,28.0,93.5,215.0,220.0,7.6,2025-12-31,68.91666666666667,0.1,31.08333333333333,41.018313990061024,주의,15.692381454790656,일반 모니터링,한국농어촌공사_농업기반시설_시설제원_저수지_2024.csv
당진시,백미,충청남도 당진시 합덕읍 대전리,28.0,93.5,215.0,220.0,7.6,2025-12-31,68.91666666666667,0.1,31.08333333333333,41.018313990061024,주의,15.692381454790656,일반 모니터링,한국농어촌공사_농업기반시설제원_저수지_2023.csv
당진시,온동,충청남도 당진시 고대면 당진포리,23.0,86.2,86.2,150.0,9.8,2025-12-31,68.91666666666667,0.1,31.08333333333333,41.018313990061024,주의,15.670489638701392,일반 모니터링,한국농어촌공사_농업기반시설 시설제원_저수지_20250925.csv
당진시,온동,충청남도 당진시 고대면 당진포리,23.0,86.2,86.2,150.0,9.8,2025-12-31,68.91666666666667,0.1,31.08333333333333,41.018313990061024,주의,15.670489638701392,일반 모니터링,한국농어촌공사_농업기반시설_시설제원_저수지_2024.csv
당진시,온동,충청남도 당진시 고대면 당진포리,23.0,86.2,86.2,150.0,9.8,2025-12-31,68.91666666666667,0.1,31.08333333333333,41.018313990061024,주의,15.670489638701392,일반 모니터링,한국농어촌공사_농업기반시설제원_저수지_2023.csv
당진시,온동,충청남도 당진시 고대면 당진포리,23.0,86.0,86.0,150.0,10.0,2025-12-31,68.91666666666667,0.1,31.08333333333333,41.018313990061024,주의,15.67038110679084,일반 모니터링,농업기반시설_저수지_2021_v3.csv
당진시,온동,충청남도 당진시 고대면 당진포리,23.0,86.0,86.0,150.0,10.0,2025-12-31,68.91666666666667,0.1,31.08333333333333,41.018313990061024,주의,15.67038110679084,일반 모니터링,한국농어촌공사_농업기반시설 시설제원_저수지_2020.csv
당진시,온동,충청남도 당진시 고대면 당진포리,23.0,86.0,86.0,150.0,10.0,2025-12-31,68.91666666666667,0.1,31.08333333333333,41.018313990061024,주의,15.67038110679084,일반 모니터링,한국농어촌공사_농업기반시설제원_저수지_2022.csv
당진시,당산,충청남도 당진시 송산면 당산리,30.0,37.0,37.0,170.0,5.0,2025-12-31,68.91666666666667,0.1,31.08333333333333,41.018313990061024,주의,15.66889335060126,일반 모니터링,농업기반시설_저수지_2021_v3.csv
당진시,당산,충청남도 당진시 송산면 당산리,30.0,37.0,37.0,170.0,5.0,2025-12-31,68.91666666666667,0.1,31.08333333333333,41.018313990061024,주의,15.66889335060126,일반 모니터링,한국농어촌공사_농업기반시설 시설제원_저수지_2020.csv
당진시,당산,충청남도 당진시 송산면 당산리,30.0,37.0,37.0,170.0,5.0,2025-12-31,68.91666666666667,0.1,31.08333333333333,41.018313990061024,주의,15.66889335060126,일반 모니터링,한국농어촌공사_농업기반시설 시설제원_저수지_20250925.csv
당진시,당산,충청남도 당진시 송산면 당산리,30.0,37.0,37.0,170.0,5.0,2025-12-31,68.91666666666667,0.1,31.08333333333333,41.018313990061024,주의,15.66889335060126,일반 모니터링,한국농어촌공사_농업기반시설_시설제원_저수지_2024.csv
당진시,당산,충청남도 당진시 송산면 당산리,30.0,37.0,37.0,170.0,5.0,2025-12-31,68.91666666666667,0.1,31.08333333333333,41.018313990061024,주의,15.66889335060126,일반 모니터링,한국농어촌공사_농업기반시설제원_저수지_2022.csv
당진시,당산,충청남도 당진시 송산면 당산리,30.0,37.0,37.0,170.0,5.0,2025-12-31,68.91666666666667,0.1,31.08333333333333,41.018313990061024,주의,15.66889335060126,일반 모니터링,한국농어촌공사_농업기반시설제원_저수지_2023.csv
보령시,청천,충청남도 보령시 죽정동,2638.0,20753.1,20800.0,7010.0,265.0,2025-12-31,87.13333333333334,0.0,12.86666666666666,28.65925899931384,낮음,27.154846924535242,일반 모니터링,한국농어촌공사_농업기반시설 시설제원_저수지_20250925.csv
보령시,청천,충청남도 보령시 죽정동,2638.0,20753.1,20800.0,7010.0,265.0,2025-12-31,87.13333333333334,0.0,12.86666666666666,28.65925899931384,낮음,27.154846924535242,일반 모니터링,한국농어촌공사_농업기반시설_시설제원_저수지_2024.csv
보령시,청천,충청남도 보령시 죽정동,2638.0,20753.1,20800.0,7010.0,265.0,2025-12-31,87.13333333333334,0.0,12.86666666666666,28.65925899931384,낮음,27.154846924535242,일반 모니터링,한국농어촌공사_농업기반시설제원_저수지_2023.csv
보령시,청천,충청남도 보령시 죽정동,2638.0,20753.0,20800.0,7010.0,265.0,2025-12-31,87.13333333333334,0.0,12.86666666666666,28.65925899931384,낮음,27.15479265857997,일반 모니터링,농업기반시설_저수지_2021_v3.csv
보령시,청천,충청남도 보령시 죽정동,2638.0,20753.0,20800.0,7010.0,265.0,2025-12-31,87.13333333333334,0.0,12.86666666666666,28.65925899931384,낮음,27.15479265857997,일반 모니터링,한국농어촌공사_농업기반시설 시설제원_저수지_2020.csv
보령시,청천,충청남도 보령시 죽정동,2638.0,20753.0,20800.0,7010.0,265.0,2025-12-31,87.13333333333334,0.0,12.86666666666666,28.65925899931384,낮음,27.15479265857997,일반 모니터링,한국농어촌공사_농업기반시설제원_저수지_2022.csv
보령시,성연,충청남도 보령시 청소면 성연리,276.0,1789.0,1789.0,750.0,25.0,2025-12-31,87.13333333333334,0.0,12.86666666666666,28.65925899931384,낮음,8.393475300328344,일반 모니터링,농업기반시설_저수지_2021_v3.csv
보령시,성연,충청남도 보령시 청소면 성연리,276.0,1789.0,1789.0,750.0,25.0,2025-12-31,87.13333333333334,0.0,12.86666666666666,28.65925899931384,낮음,8.393475300328344,일반 모니터링,한국농어촌공사_농업기반시설 시설제원_저수지_2020.csv
보령시,성연,충청남도 보령시 청소면 성연리,276.0,1789.0,1789.0,750.0,25.0,2025-12-31,87.13333333333334,0.0,12.86666666666666,28.65925899931384,낮음,8.393475300328344,일반 모니터링,한국농어촌공사_농업기반시설제원_저수지_2022.csv
보령시,성연,충청남도 보령시 청소면 성연리,275.7,1788.9,1788.9,750.0,25.3,2025-12-31,87.13333333333334,0.0,12.86666666666666,28.65925899931384,낮음,8.392345210291822,일반 모니터링,한국농어촌공사_농업기반시설_시설제원_저수지_2024.csv
보령시,성연,충청남도 보령시 청소면 성연리,275.7,1788.9,1788.9,750.0,25.3,2025-12-31,87.13333333333334,0.0,12.86666666666666,28.65925899931384,낮음,8.392345210291822,일반 모니터링,한국농어촌공사_농업기반시설제원_저수지_2023.csv
보령시,성연,충청남도 보령시 청소면 성연리,275.7,1788.0,1788.0,750.0,25.3,2025-12-31,87.13333333333334,0.0,12.86666666666666,28.65925899931384,낮음,8.391856816694336,일반 모니터링,한국농어촌공사_농업기반시설 시설제원_저수지_20250925.csv
보령시,옥서,충청남도 보령시 남포면 옥서리,226.0,1350.0,1420.0,800.0,29.0,2025-12-31,87.13333333333334,0.0,12.86666666666666,28.65925899931384,낮음,7.975943743124917,일반 모니터링,농업기반시설_저수지_2021_v3.csv
보령시,옥서,충청남도 보령시 남포면 옥서리,226.0,1350.0,1420.0,800.0,29.0,2025-12-31,87.13333333333334,0.0,12.86666666666666,28.65925899931384,낮음,7.975943743124917,일반 모니터링,한국농어촌공사_농업기반시설 시설제원_저수지_2020.csv
보령시,옥서,충청남도 보령시 남포면 옥서리,226.0,1350.0,1420.0,800.0,29.0,2025-12-31,87.13333333333334,0.0,12.86666666666666,28.65925899931384,낮음,7.975943743124917,일반 모니터링,한국농어촌공사_농업기반시설제원_저수지_2022.csv
보령시,옥서,충청남도 보령시 남포면 옥서리,225.8,1350.0,1419.6,800.0,28.87,2025-12-31,87.13333333333334,0.0,12.86666666666666,28.65925899931384,낮음,7.9752265270707525,일반 모니터링,한국농어촌공사_농업기반시설 시설제원_저수지_20250925.csv
보령시,옥서,충청남도 보령시 남포면 옥서리,225.8,1350.0,1419.6,800.0,28.87,2025-12-31,87.13333333333334,0.0,12.86666666666666,28.65925899931384,낮음,7.9752265270707525,일반 모니터링,한국농어촌공사_농업기반시설_시설제원_저수지_2024.csv
보령시,옥서,충청남도 보령시 남포면 옥서리,225.8,1350.0,1419.6,800.0,28.87,2025-12-31,87.13333333333334,0.0,12.86666666666666,28.65925899931384,낮음,7.9752265270707525,일반 모니터링,한국농어촌공사_농업기반시설제원_저수지_2023.csv
보령시,내현,충청남도 보령시 청라면 내현리,130.4,758.4,834.2,260.0,13.29,2025-12-31,87.13333333333334,0.0,12.86666666666666,28.65925899931384,낮음,7.312077077820627,일반 모니터링,한국농어촌공사_농업기반시설 시설제원_저수지_20250925.csv
보령시,내현,충청남도 보령시 청라면 내현리,130.4,758.4,834.2,260.0,13.29,2025-12-31,87.13333333333334,0.0,12.86666666666666,28.65925899931384,낮음,7.312077077820627,일반 모니터링,한국농어촌공사_농업기반시설_시설제원_저수지_2024.csv
보령시,내현,충청남도 보령시 청라면 내현리,130.4,758.4,834.2,260.0,13.29,2025-12-31,87.13333333333334,0.0,12.86666666666666,28.65925899931384,낮음,7.312077077820627,일반 모니터링,한국농어촌공사_농업기반시설제원_저수지_2023.csv
보령시,내현,충청남도 보령시 청라면 음현리,130.0,758.0,834.0,260.0,13.0,2025-12-31,87.13333333333334,0.0,12.86666666666666,28.65925899931384,낮음,7.310425581891193,일반 모니터링,농업기반시설_저수지_2021_v3.csv
보령시,내현,충청남도 보령시 청라면 음현리,130.0,758.0,834.0,260.0,13.0,2025-12-31,87.13333333333334,0.0,12.86666666666666,28.65925899931384,낮음,7.310425581891193,일반 모니터링,한국농어촌공사_농업기반시설 시설제원_저수지_2020.csv
보령시,내현,충청남도 보령시 청라면 음현리,130.0,758.0,834.0,260.0,13.0,2025-12-31,87.13333333333334,0.0,12.86666666666666,28.65925899931384,낮음,7.310425581891193,일반 모니터링,한국농어촌공사_농업기반시설제원_저수지_2022.csv
보령시,장전,충청남도 보령시 청라면 장현리,135.0,707.0,744.0,436.0,11.0,2025-12-31,87.13333333333334,0.0,12.86666666666666,28.65925899931384,낮음,7.30068034605445,일반 모니터링,농업기반시설_저수지_2021_v3.csv
보령시,장전,충청남도 보령시 청라면 장현리,135.0,707.0,744.0,436.0,11.0,2025-12-31,87.13333333333334,0.0,12.86666666666666,28.65925899931384,낮음,7.30068034605445,일반 모니터링,한국농어촌공사_농업기반시설 시설제원_저수지_2020.csv
보령시,장전,충청남도 보령시 청라면 장현리,135.0,707.0,744.0,436.0,11.0,2025-12-31,87.13333333333334,0.0,12.86666666666666,28.65925899931384,낮음,7.30068034605445,일반 모니터링,한국농어촌공사_농업기반시설제원_저수지_2022.csv
보령시,장전,충청남도 보령시 청라면 장현리,134.6,707.0,744.2,436.0,10.99,2025-12-31,87.13333333333334,0.0,12.86666666666666,28.65925899931384,낮음,7.299245913946121,일반 모니터링,한국농어촌공사_농업기반시설 시설제원_저수지_20250925.csv
보령시,장전,충청남도 보령시 청라면 장현리,134.6,707.0,744.2,436.0,10.99,2025-12-31,87.13333333333334,0.0,12.86666666666666,28.65925899931384,낮음,7.299245913946121,일반 모니터링,한국농어촌공사_농업기반시설_시설제원_저수지_2024.csv
보령시,장전,충청남도 보령시 청라면 장현리,134.6,707.0,744.2,436.0,10.99,2025-12-31,87.13333333333334,0.0,12.86666666666666,28.65925899931384,낮음,7.299245913946121,일반 모니터링,한국농어촌공사_농업기반시설제원_저수지_2023.csv
보령시,옥계,충청남도 보령시 청라면 옥계리,115.0,829.0,904.0,220.0,10.0,2025-12-31,87.13333333333334,0.0,12.86666666666666,28.65925899931384,낮음,7.295163206074962,일반 모니터링,농업기반시설_저수지_2021_v3.csv
보령시,옥계,충청남도 보령시 청라면 옥계리,115.0,829.0,904.0,220.0,10.0,2025-12-31,87.13333333333334,0.0,12.86666666666666,28.65925899931384,낮음,7.295163206074962,일반 모니터링,한국농어촌공사_농업기반시설 시설제원_저수지_2020.csv
보령시,옥계,충청남도 보령시 청라면 옥계리,115.0,829.0,904.0,220.0,10.0,2025-12-31,87.13333333333334,0.0,12.86666666666666,28.65925899931384,낮음,7.295163206074962,일반 모니터링,한국농어촌공사_농업기반시설제원_저수지_2022.csv
보령시,옥계,충청남도 보령시 청라면 옥계리,115.0,828.7,903.7,220.0,10.4,2025-12-31,87.13333333333334,0.0,12.86666666666666,28.65925899931384,낮음,7.295000408209134,일반 모니터링,한국농어촌공사_농업기반시설 시설제원_저수지_20250925.csv
보령시,옥계,충청남도 보령시 청라면 옥계리,115.0,828.7,903.7,220.0,10.4,2025-12-31,87.13333333333334,0.0,12.86666666666666,28.65925899931384,낮음,7.295000408209134,일반 모니터링,한국농어촌공사_농업기반시설_시설제원_저수지_2024.csv
보령시,옥계,충청남도 보령시 청라면 옥계리,115.0,828.7,903.7,220.0,10.4,2025-12-31,87.13333333333334,0.0,12.86666666666666,28.65925899931384,낮음,7.295000408209134,일반 모니터링,한국농어촌공사_농업기반시설제원_저수지_2023.csv
보령시,진죽,충청남도 보령시 청소면 진죽리,101.3,654.0,688.0,557.0,45.0,2025-12-31,87.13333333333334,0.0,12.86666666666666,28.65925899931384,낮음,7.151068484631419,일반 모니터링,한국농어촌공사_농업기반시설 시설제원_저수지_20250925.csv
보령시,진죽,충청남도 보령시 청소면 진죽리,101.3,654.0,688.0,557.0,45.0,2025-12-31,87.13333333333334,0.0,12.86666666666666,28.65925899931384,낮음,7.151068484631419,일반 모니터링,한국농어촌공사_농업기반시설_시설제원_저수지_2024.csv
보령시,진죽,충청남도 보령시 청소면 진죽리,101.3,654.0,688.0,557.0,45.0,2025-12-31,87.13333333333334,0.0,12.86666666666666,28.65925899931384,낮음,7.151068484631419,일반 모니터링,한국농어촌공사_농업기반시설제원_저수지_2023.csv
보령시,진죽,충청남도 보령시 청소면 진죽리,101.0,654.0,688.0,557.0,45.0,2025-12-31,87.13333333333334,0.0,12.86666666666666,28.65925899931384,낮음,7.149992660550173,일반 모니터링,농업기반시설_저수지_2021_v3.csv
보령시,진죽,충청남도 보령시 청소면 진죽리,101.0,654.0,688.0,557.0,45.0,2025-12-31,87.13333333333334,0.0,12.86666666666666,28.65925899931384,낮음,7.149992660550173,일반 모니터링,한국농어촌공사_농업기반시설 시설제원_저수지_2020.csv
보령시,진죽,충청남도 보령시 청소면 진죽리,101.0,654.0,688.0,557.0,45.0,2025-12-31,87.13333333333334,0.0,12.86666666666666,28.65925899931384,낮음,7.149992660550173,일반 모니터링,한국농어촌공사_농업기반시설제원_저수지_2022.csv
보령시,월티,충청남도 보령시 청라면 나원리,98.2,496.0,522.0,351.0,8.69,2025-12-31,87.13333333333334,0.0,12.86666666666666,28.65925899931384,낮음,7.0542114264555265,일반 모니터링,한국농어촌공사_농업기반시설 시설제원_저수지_20250925.csv
보령시,월티,충청남도 보령시 청라면 나원리,98.2,496.0,522.0,344.0,8.69,2025-12-31,87.13333333333334,0.0,12.86666666666666,28.65925899931384,낮음,7.0542114264555265,일반 모니터링,한국농어촌공사_농업기반시설_시설제원_저수지_2024.csv
보령시,월티,충청남도 보령시 청라면 나원리,98.2,496.0,522.0,344.0,8.69,2025-12-31,87.13333333333334,0.0,12.86666666666666,28.65925899931384,낮음,7.0542114264555265,일반 모니터링,한국농어촌공사_농업기반시설제원_저수지_2023.csv
보령시,월티,충청남도 보령시 청라면 나원리,98.0,496.0,522.0,344.0,9.0,2025-12-31,87.13333333333334,0.0,12.86666666666666,28.65925899931384,낮음,7.053494210401362,일반 모니터링,농업기반시설_저수지_2021_v3.csv
보령시,월티,충청남도 보령시 청라면 나원리,98.0,496.0,522.0,344.0,9.0,2025-12-31,87.13333333333334,0.0,12.86666666666666,28.65925899931384,낮음,7.053494210401362,일반 모니터링,한국농어촌공사_농업기반시설 시설제원_저수지_2020.csv
보령시,월티,충청남도 보령시 청라면 나원리,98.0,496.0,522.0,344.0,9.0,2025-12-31,87.13333333333334,0.0,12.86666666666666,28.65925899931384,낮음,7.053494210401362,일반 모니터링,한국농어촌공사_농업기반시설제원_저수지_2022.csv
보령시,수부,충청남도 보령시 웅천읍 수부리,98.0,317.0,334.0,218.0,10.0,2025-12-31,87.13333333333334,0.0,12.86666666666666,28.65925899931384,낮음,6.956358150457016,일반 모니터링,농업기반시설_저수지_2021_v3.csv
보령시,수부,충청남도 보령시 웅천읍 수부리,98.0,317.0,334.0,218.0,10.0,2025-12-31,87.13333333333334,0.0,12.86666666666666,28.65925899931384,낮음,6.956358150457016,일반 모니터링,한국농어촌공사_농업기반시설 시설제원_저수지_2020.csv
보령시,수부,충청남도 보령시 웅천읍 수부리,98.0,317.0,334.0,218.0,10.0,2025-12-31,87.13333333333334,0.0,12.86666666666666,28.65925899931384,낮음,6.956358150457016,일반 모니터링,한국농어촌공사_농업기반시설제원_저수지_2022.csv
보령시,수부,충청남도 보령시 웅천읍 수부리,97.7,317.0,334.3,218.0,10.45,2025-12-31,87.13333333333334,0.0,12.86666666666666,28.65925899931384,낮음,6.95528232637577,일반 모니터링,한국농어촌공사_농업기반시설 시설제원_저수지_20250925.csv
보령시,수부,충청남도 보령시 웅천읍 수부리,97.7,317.0,334.3,218.0,10.45,2025-12-31,87.13333333333334,0.0,12.86666666666666,28.65925899931384,낮음,6.95528232637577,일반 모니터링,한국농어촌공사_농업기반시설_시설제원_저수지_2024.csv
보령시,수부,충청남도 보령시 웅천읍 수부리,97.7,317.0,334.3,218.0,10.45,2025-12-31,87.13333333333334,0.0,12.86666666666666,28.65925899931384,낮음,6.95528232637577,일반 모니터링,한국농어촌공사_농업기반시설제원_저수지_2023.csv
보령시,신구,충청남도 보령시 주산면 신구리,75.0,404.0,411.0,257.0,10.0,2025-12-31,87.13333333333334,0.0,12.86666666666666,28.65925899931384,낮음,6.921089685318408,일반 모니터링,농업기반시설_저수지_2021_v3.csv
보령시,신구,충청남도 보령시 주산면 신구리,75.0,404.0,411.0,257.0,10.0,2025-12-31,87.13333333333334,0.0,12.86666666666666,28.65925899931384,낮음,6.921089685318408,일반 모니터링,한국농어촌공사_농업기반시설 시설제원_저수지_2020.csv
보령시,신구,충청남도 보령시 주산면 신구리,75.0,404.0,411.0,257.0,10.0,2025-12-31,87.13333333333334,0.0,12.86666666666666,28.65925899931384,낮음,6.921089685318408,일반 모니터링,한국농어촌공사_농업기반시설제원_저수지_2022.csv
보령시,신구,충청남도 보령시 주산면 신구리,74.7,404.4,411.4,257.0,9.73,2025-12-31,87.13333333333334,0.0,12.86666666666666,28.65925899931384,낮음,6.9202309250582665,일반 모니터링,한국농어촌공사_농업기반시설 시설제원_저수지_20250925.csv
보령시,신구,충청남도 보령시 주산면 신구리,74.7,404.4,411.4,257.0,9.73,2025-12-31,87.13333333333334,0.0,12.86666666666666,28.65925899931384,낮음,6.9202309250582665,일반 모니터링,한국농어촌공사_농업기반시설_시설제원_저수지_2024.csv
보령시,신구,충청남도 보령시 주산면 신구리,74.7,404.4,411.4,257.0,9.73,2025-12-31,87.13333333333334,0.0,12.86666666666666,28.65925899931384,낮음,6.9202309250582665,일반 모니터링,한국농어촌공사_농업기반시설제원_저수지_2023.csv
보령시,구수,충청남도 보령시 주포면 마강리,80.0,228.0,230.0,169.0,10.0,2025-12-31,87.13333333333334,0.0,12.86666666666666,28.65925899931384,낮음,6.843512005386451,일반 모니터링,농업기반시설_저수지_2021_v3.csv
보령시,구수,충청남도 보령시 주포면 마강리,80.0,228.0,230.0,169.0,10.0,2025-12-31,87.13333333333334,0.0,12.86666666666666,28.65925899931384,낮음,6.843512005386451,일반 모니터링,한국농어촌공사_농업기반시설 시설제원_저수지_2020.csv
보령시,구수,충청남도 보령시 주포면 마강리,80.0,228.0,230.1,169.0,10.4,2025-12-31,87.13333333333334,0.0,12.86666666666666,28.65925899931384,낮음,6.843512005386451,일반 모니터링,한국농어촌공사_농업기반시설 시설제원_저수지_20250925.csv
보령시,구수,충청남도 보령시 주포면 마강리,80.0,228.0,230.1,169.0,10.4,2025-12-31,87.13333333333334,0.0,12.86666666666666,28.65925899931384,낮음,6.843512005386451,일반 모니터링,한국농어촌공사_농업기반시설_시설제원_저수지_2024.csv
보령시,구수,충청남도 보령시 주포면 마강리,80.0,228.0,230.0,169.0,10.0,2025-12-31,87.13333333333334,0.0,12.86666666666666,28.65925899931384,낮음,6.843512005386451,일반 모니터링,한국농어촌공사_농업기반시설제원_저수지_2022.csv
보령시,구수,충청남도 보령시 주포면 마강리,80.0,228.0,230.1,169.0,10.4,2025-12-31,87.13333333333334,0.0,12.86666666666666,28.65925899931384,낮음,6.843512005386451,일반 모니터링,한국농어촌공사_농업기반시설제원_저수지_2023.csv
보령시,황룡,충청남도 보령시 청라면 황룡리,52.0,267.0,285.0,135.0,4.0,2025-12-31,87.13333333333334,0.0,12.86666666666666,28.65925899931384,낮음,6.764265480361176,일반 모니터링,농업기반시설_저수지_2021_v3.csv
보령시,황룡,충청남도 보령시 청라면 황룡리,52.0,267.0,285.0,135.0,4.0,2025-12-31,87.13333333333334,0.0,12.86666666666666,28.65925899931384,낮음,6.764265480361176,일반 모니터링,한국농어촌공사_농업기반시설 시설제원_저수지_2020.csv
보령시,황룡,충청남도 보령시 청라면 황룡리,52.0,267.0,285.0,135.0,4.0,2025-12-31,87.13333333333334,0.0,12.86666666666666,28.65925899931384,낮음,6.764265480361176,일반 모니터링,한국농어촌공사_농업기반시설제원_저수지_2022.csv
보령시,황룡,충청남도 보령시 청라면 장현리,52.0,266.5,284.5,135.0,3.5,2025-12-31,87.13333333333334,0.0,12.86666666666666,28.65925899931384,낮음,6.763994150584795,일반 모니터링,한국농어촌공사_농업기반시설 시설제원_저수지_20250925.csv
보령시,황룡,충청남도 보령시 청라면 장현리,52.0,266.5,284.5,135.0,3.5,2025-12-31,87.13333333333334,0.0,12.86666666666666,28.65925899931384,낮음,6.763994150584795,일반 모니터링,한국농어촌공사_농업기반시설_시설제원_저수지_2024.csv
보령시,황룡,충청남도 보령시 청라면 장현리,52.0,266.5,284.5,135.0,3.5,2025-12-31,87.13333333333334,0.0,12.86666666666666,28.65925899931384,낮음,6.763994150584795,일반 모니터링,한국농어촌공사_농업기반시설제원_저수지_2023.csv
보령시,용제,충청남도 보령시 주산면 야룡리,50.1,195.0,205.0,188.0,8.8,2025-12-31,87.13333333333334,0.0,12.86666666666666,28.65925899931384,낮음,6.718380440047774,일반 모니터링,한국농어촌공사_농업기반시설 시설제원_저수지_20250925.csv
보령시,용제,충청남도 보령시 주산면 야룡리,50.1,195.0,205.0,188.0,8.8,2025-12-31,87.13333333333334,0.0,12.86666666666666,28.65925899931384,낮음,6.718380440047774,일반 모니터링,한국농어촌공사_농업기반시설_시설제원_저수지_2024.csv
보령시,용제,충청남도 보령시 주산면 야룡리,50.1,195.0,205.0,188.0,8.8,2025-12-31,87.13333333333334,0.0,12.86666666666666,28.65925899931384,낮음,6.718380440047774,일반 모니터링,한국농어촌공사_농업기반시설제원_저수지_2023.csv
보령시,용제,충청남도 보령시 주산면 야룡리,50.0,195.0,205.0,188.0,9.0,2025-12-31,87.13333333333334,0.0,12.86666666666666,28.65925899931384,낮음,6.718021832020693,일반 모니터링,농업기반시설_저수지_2021_v3.csv
보령시,용제,충청남도 보령시 주산면 야룡리,50.0,195.0,205.0,188.0,9.0,2025-12-31,87.13333333333334,0.0,12.86666666666666,28.65925899931384,낮음,6.718021832020693,일반 모니터링,한국농어촌공사_농업기반시설 시설제원_저수지_2020.csv
보령시,용제,충청남도 보령시 주산면 야룡리,50.0,195.0,205.0,188.0,9.0,2025-12-31,87.13333333333334,0.0,12.86666666666666,28.65925899931384,낮음,6.718021832020693,일반 모니터링,한국농어촌공사_농업기반시설제원_저수지_2022.csv
보령시,수지,충청남도 보령시 주포면 연지리,51.1,160.0,168.9,114.0,6.3,2025-12-31,87.13333333333334,0.0,12.86666666666666,28.65925899931384,낮음,6.702973435971936,일반 모니터링,한국농어촌공사_농업기반시설 시설제원_저수지_20250925.csv
보령시,수지,충청남도 보령시 주포면 연지리,51.1,160.0,168.9,114.0,6.3,2025-12-31,87.13333333333334,0.0,12.86666666666666,28.65925899931384,낮음,6.702973435971936,일반 모니터링,한국농어촌공사_농업기반시설_시설제원_저수지_2024.csv
보령시,수지,충청남도 보령시 주포면 연지리,51.1,160.0,168.9,114.0,6.3,2025-12-31,87.13333333333334,0.0,12.86666666666666,28.65925899931384,낮음,6.702973435971936,일반 모니터링,한국농어촌공사_농업기반시설제원_저수지_2023.csv
보령시,수지,충청남도 보령시 주포면 연지리,51.0,160.0,169.0,114.0,6.0,2025-12-31,87.13333333333334,0.0,12.86666666666666,28.65925899931384,낮음,6.702614827944853,일반 모니터링,농업기반시설_저수지_2021_v3.csv
보령시,수지,충청남도 보령시 주포면 연지리,51.0,160.0,169.0,114.0,6.0,2025-12-31,87.13333333333334,0.0,12.86666666666666,28.65925899931384,낮음,6.702614827944853,일반 모니터링,한국농어촌공사_농업기반시설 시설제원_저수지_2020.csv
보령시,수지,충청남도 보령시 주포면 연지리,51.0,160.0,169.0,114.0,6.0,2025-12-31,87.13333333333334,0.0,12.86666666666666,28.65925899931384,낮음,6.702614827944853,일반 모니터링,한국농어촌공사_농업기반시설제원_저수지_2022.csv
보령시,해창,충청남도 보령시 주교면 관창리,60.0,96.0,96.0,19.0,5.0,2025-12-31,87.13333333333334,0.0,12.86666666666666,28.65925899931384,낮음,6.7001593390054905,일반 모니터링,농업기반시설_저수지_2021_v3.csv
보령시,해창,충청남도 보령시 주교면 관창리,60.0,96.0,96.0,19.0,5.0,2025-12-31,87.13333333333334,0.0,12.86666666666666,28.65925899931384,낮음,6.7001593390054905,일반 모니터링,한국농어촌공사_농업기반시설 시설제원_저수지_2020.csv
보령시,해창,충청남도 보령시 주교면 관창리,60.0,96.0,96.0,19.0,4.6,2025-12-31,87.13333333333334,0.0,12.86666666666666,28.65925899931384,낮음,6.7001593390054905,일반 모니터링,한국농어촌공사_농업기반시설 시설제원_저수지_20250925.csv
보령시,해창,충청남도 보령시 주교면 관창리,60.0,96.0,96.0,19.0,4.6,2025-12-31,87.13333333333334,0.0,12.86666666666666,28.65925899931384,낮음,6.7001593390054905,일반 모니터링,한국농어촌공사_농업기반시설_시설제원_저수지_2024.csv
보령시,해창,충청남도 보령시 주교면 관창리,60.0,96.0,96.0,19.0,5.0,2025-12-31,87.13333333333334,0.0,12.86666666666666,28.65925899931384,낮음,6.7001593390054905,일반 모니터링,한국농어촌공사_농업기반시설제원_저수지_2022.csv
보령시,해창,충청남도 보령시 주교면 관창리,60.0,96.0,96.0,19.0,4.6,2025-12-31,87.13333333333334,0.0,12.86666666666666,28.65925899931384,낮음,6.7001593390054905,일반 모니터링,한국농어촌공사_농업기반시설제원_저수지_2023.csv
보령시,죽림,충청남도 보령시 청소면 죽림리,43.0,168.0,177.0,163.0,4.0,2025-12-31,87.13333333333334,0.0,12.86666666666666,28.65925899931384,낮음,6.678267462200381,일반 모니터링,농업기반시설_저수지_2021_v3.csv
보령시,죽림,충청남도 보령시 청소면 죽림리,43.0,168.0,177.0,163.0,4.0,2025-12-31,87.13333333333334,0.0,12.86666666666666,28.65925899931384,낮음,6.678267462200381,일반 모니터링,한국농어촌공사_농업기반시설 시설제원_저수지_2020.csv
보령시,죽림,충청남도 보령시 청소면 죽림리,43.0,168.0,177.1,163.0,4.3,2025-12-31,87.13333333333334,0.0,12.86666666666666,28.65925899931384,낮음,6.678267462200381,일반 모니터링,한국농어촌공사_농업기반시설 시설제원_저수지_20250925.csv
보령시,죽림,충청남도 보령시 청소면 죽림리,43.0,168.0,177.1,163.0,4.3,2025-12-31,87.13333333333334,0.0,12.86666666666666,28.65925899931384,낮음,6.678267462200381,일반 모니터링,한국농어촌공사_농업기반시설_시설제원_저수지_2024.csv
보령시,죽림,충청남도 보령시 청소면 죽림리,43.0,168.0,177.0,163.0,4.0,2025-12-31,87.13333333333334,0.0,12.86666666666666,28.65925899931384,낮음,6.678267462200381,일반 모니터링,한국농어촌공사_농업기반시설제원_저수지_2022.csv
보령시,죽림,충청남도 보령시 청소면 죽림리,43.0,168.0,177.1,163.0,4.3,2025-12-31,87.13333333333334,0.0,12.86666666666666,28.65925899931384,낮음,6.678267462200381,일반 모니터링,한국농어촌공사_농업기반시설제원_저수지_2023.csv
보령시,신송,충청남도 보령시 청소면 신송리,41.0,123.0,123.0,36.0,6.0,2025-12-31,87.13333333333334,0.0,12.86666666666666,28.65925899931384,낮음,6.646675621784462,일반 모니터링,농업기반시설_저수지_2021_v3.csv
보령시,신송,충청남도 보령시 청소면 신송리,41.0,123.0,123.0,36.0,6.0,2025-12-31,87.13333333333334,0.0,12.86666666666666,28.65925899931384,낮음,6.646675621784462,일반 모니터링,한국농어촌공사_농업기반시설 시설제원_저수지_2020.csv
보령시,신송,충청남도 보령시 청소면 신송리,41.0,123.0,123.0,36.0,6.0,2025-12-31,87.13333333333334,0.0,12.86666666666666,28.65925899931384,낮음,6.646675621784462,일반 모니터링,한국농어촌공사_농업기반시설제원_저수지_2022.csv
보령시,신송,충청남도 보령시 청소면 신송리,40.7,122.5,122.5,36.0,6.4,2025-12-31,87.13333333333334,0.0,12.86666666666666,28.65925899931384,낮음,6.645328467926835,일반 모니터링,한국농어촌공사_농업기반시설 시설제원_저수지_20250925.csv
보령시,신송,충청남도 보령시 청소면 신송리,40.7,122.5,122.5,36.0,6.4,2025-12-31,87.13333333333334,0.0,12.86666666666666,28.65925899931384,낮음,6.645328467926835,일반 모니터링,한국농어촌공사_농업기반시설_시설제원_저수지_2024.csv
보령시,신송,충청남도 보령시 청소면 신송리,40.7,122.5,122.5,36.0,6.4,2025-12-31,87.13333333333334,0.0,12.86666666666666,28.65925899931384,낮음,6.645328467926835,일반 모니터링,한국농어촌공사_농업기반시설제원_저수지_2023.csv
보령시,평리,충청남도 보령시 웅천읍 평리,26.4,187.0,189.1,141.0,2.92,2025-12-31,87.13333333333334,0.0,12.86666666666666,28.65925899931384,낮음,6.629049061207227,일반 모니터링,한국농어촌공사_농업기반시설 시설제원_저수지_20250925.csv
보령시,평리,충청남도 보령시 웅천읍 평리,26.4,187.0,189.1,141.0,2.92,2025-12-31,87.13333333333334,0.0,12.86666666666666,28.65925899931384,낮음,6.629049061207227,일반 모니터링,한국농어촌공사_농업기반시설_시설제원_저수지_2024.csv
보령시,평리,충청남도 보령시 웅천읍 평리,26.4,187.0,189.1,141.0,2.92,2025-12-31,87.13333333333334,0.0,12.86666666666666,28.65925899931384,낮음,6.629049061207227,일반 모니터링,한국농어촌공사_농업기반시설제원_저수지_2023.csv
보령시,평리,충청남도 보령시 웅천읍 평리,26.0,187.0,189.0,141.0,3.0,2025-12-31,87.13333333333334,0.0,12.86666666666666,28.65925899931384,낮음,6.6276146290988995,일반 모니터링,농업기반시설_저수지_2021_v3.csv
보령시,평리,충청남도 보령시 웅천읍 평리,26.0,187.0,189.0,141.0,3.0,2025-12-31,87.13333333333334,0.0,12.86666666666666,28.65925899931384,낮음,6.6276146290988995,일반 모니터링,한국농어촌공사_농업기반시설 시설제원_저수지_2020.csv
보령시,평리,충청남도 보령시 웅천읍 평리,26.0,187.0,189.0,141.0,3.0,2025-12-31,87.13333333333334,0.0,12.86666666666666,28.65925899931384,낮음,6.6276146290988995,일반 모니터링,한국농어촌공사_농업기반시설제원_저수지_2022.csv
보령시,의평,충청남도 보령시 청라면 의평리,26.0,160.0,168.0,165.0,4.0,2025-12-31,87.13333333333334,0.0,12.86666666666666,28.65925899931384,낮음,6.612962821174333,일반 모니터링,농업기반시설_저수지_2021_v3.csv
보령시,의평,충청남도 보령시 청라면 의평리,26.0,160.0,168.0,165.0,4.0,2025-12-31,87.13333333333334,0.0,12.86666666666666,28.65925899931384,낮음,6.612962821174333,일반 모니터링,한국농어촌공사_농업기반시설 시설제원_저수지_2020.csv
보령시,의평,충청남도 보령시 청라면 의평리,26.0,160.0,168.0,165.0,4.0,2025-12-31,87.13333333333334,0.0,12.86666666666666,28.65925899931384,낮음,6.612962821174333,일반 모니터링,한국농어촌공사_농업기반시설제원_저수지_2022.csv
보령시,의평,충청남도 보령시 청라면 의평리,25.9,160.0,168.2,165.0,3.54,2025-12-31,87.13333333333334,0.0,12.86666666666666,28.65925899931384,낮음,6.612604213147252,일반 모니터링,한국농어촌공사_농업기반시설 시설제원_저수지_20250925.csv
보령시,의평,충청남도 보령시 청라면 의평리,25.9,160.0,168.2,165.0,3.54,2025-12-31,87.13333333333334,0.0,12.86666666666666,28.65925899931384,낮음,6.612604213147252,일반 모니터링,한국농어촌공사_농업기반시설_시설제원_저수지_2024.csv
보령시,의평,충청남도 보령시 청라면 의평리,25.9,160.0,168.2,165.0,3.54,2025-12-31,87.13333333333334,0.0,12.86666666666666,28.65925899931384,낮음,6.612604213147252,일반 모니터링,한국농어촌공사_농업기반시설제원_저수지_2023.csv
보령시,양기1,충청남도 보령시 남포면 양기리,25.0,67.0,70.0,85.0,3.0,2025-12-31,87.13333333333334,0.0,12.86666666666666,28.65925899931384,낮음,6.558909402496674,일반 모니터링,농업기반시설_저수지_2021_v3.csv
보령시,양기1,충청남도 보령시 남포면 양기리,25.0,67.0,70.0,85.0,3.0,2025-12-31,87.13333333333334,0.0,12.86666666666666,28.65925899931384,낮음,6.558909402496674,일반 모니터링,한국농어촌공사_농업기반시설 시설제원_저수지_2020.csv
보령시,양기1,충청남도 보령시 남포면 양기리,25.0,67.0,70.4,85.0,2.56,2025-12-31,87.13333333333334,0.0,12.86666666666666,28.65925899931384,낮음,6.558909402496674,일반 모니터링,한국농어촌공사_농업기반시설 시설제원_저수지_20250925.csv
보령시,양기1,충청남도 보령시 남포면 양기리,25.0,67.0,70.4,85.0,2.56,2025-12-31,87.13333333333334,0.0,12.86666666666666,28.65925899931384,낮음,6.558909402496674,일반 모니터링,한국농어촌공사_농업기반시설_시설제원_저수지_2024.csv
보령시,양기1,충청남도 보령시 남포면 양기리,25.0,67.0,70.0,85.0,3.0,2025-12-31,87.13333333333334,0.0,12.86666666666666,28.65925899931384,낮음,6.558909402496674,일반 모니터링,한국농어촌공사_농업기반시설제원_저수지_2022.csv
보령시,양기1,충청남도 보령시 남포면 양기리,25.0,67.0,70.4,85.0,2.56,2025-12-31,87.13333333333334,0.0,12.86666666666666,28.65925899931384,낮음,6.558909402496674,일반 모니터링,한국농어촌공사_농업기반시설제원_저수지_2023.csv
보령시,유곡,충청남도 보령시 주산면 유곡리,18.0,110.0,110.0,108.0,5.0,2025-12-31,87.13333333333334,0.0,12.86666666666666,28.65925899931384,낮음,6.5571412013696815,일반 모니터링,농업기반시설_저수지_2021_v3.csv
보령시,유곡,충청남도 보령시 주산면 유곡리,18.0,110.0,110.0,108.0,5.0,2025-12-31,87.13333333333334,0.0,12.86666666666666,28.65925899931384,낮음,6.5571412013696815,일반 모니터링,한국농어촌공사_농업기반시설 시설제원_저수지_2020.csv
보령시,유곡,충청남도 보령시 주산면 유곡리,18.0,110.0,110.0,108.0,5.0,2025-12-31,87.13333333333334,0.0,12.86666666666666,28.65925899931384,낮음,6.5571412013696815,일반 모니터링,한국농어촌공사_농업기반시설제원_저수지_2022.csv
보령시,유곡,충청남도 보령시 주산면 유곡리,17.9,109.5,109.5,108.0,4.6,2025-12-31,87.13333333333334,0.0,12.86666666666666,28.65925899931384,낮음,6.556511263566219,일반 모니터링,한국농어촌공사_농업기반시설 시설제원_저수지_20250925.csv
보령시,유곡,충청남도 보령시 주산면 유곡리,17.9,109.5,109.5,108.0,4.6,2025-12-31,87.13333333333334,0.0,12.86666666666666,28.65925899931384,낮음,6.556511263566219,일반 모니터링,한국농어촌공사_농업기반시설_시설제원_저수지_2024.csv
보령시,유곡,충청남도 보령시 주산면 유곡리,17.9,109.5,109.5,108.0,4.6,2025-12-31,87.13333333333334,0.0,12.86666666666666,28.65925899931384,낮음,6.556511263566219,일반 모니터링,한국농어촌공사_농업기반시설제원_저수지_2023.csv
보령시,삼곡1,충청남도 보령시 주산면 삼곡리,26.0,8.0,8.0,61.0,1.0,2025-12-31,87.13333333333334,0.0,12.86666666666666,28.65925899931384,낮음,6.530478569154555,일반 모니터링,농업기반시설_저수지_2021_v3.csv
보령시,삼곡1,충청남도 보령시 주산면 삼곡리,26.0,8.0,8.0,61.0,1.0,2025-12-31,87.13333333333334,0.0,12.86666666666666,28.65925899931384,낮음,6.530478569154555,일반 모니터링,한국농어촌공사_농업기반시설 시설제원_저수지_2020.csv
보령시,삼곡1,충청남도 보령시 주산면 삼곡리,26.0,8.0,8.0,61.0,1.0,2025-12-31,87.13333333333334,0.0,12.86666666666666,28.65925899931384,낮음,6.530478569154555,일반 모니터링,한국농어촌공사_농업기반시설제원_저수지_2022.csv
보령시,삼곡1,충청남도 보령시 주산면 삼곡리,25.8,7.8,7.8,61.0,0.7,2025-12-31,87.13333333333334,0.0,12.86666666666666,28.65925899931384,낮음,6.529652821189838,일반 모니터링,한국농어촌공사_농업기반시설 시설제원_저수지_20250925.csv
보령시,삼곡1,충청남도 보령시 주산면 삼곡리,25.8,7.8,7.8,61.0,0.7,2025-12-31,87.13333333333334,0.0,12.86666666666666,28.65925899931384,낮음,6.529652821189838,일반 모니터링,한국농어촌공사_농업기반시설_시설제원_저수지_2024.csv
보령시,삼곡1,충청남도 보령시 주산면 삼곡리,25.8,7.8,7.8,61.0,0.7,2025-12-31,87.13333333333334,0.0,12.86666666666666,28.65925899931384,낮음,6.529652821189838,일반 모니터링,한국농어촌공사_농업기반시설제원_저수지_2023.csv
보령시,장곡,충청남도 보령시 청소면 장곡리,17.3,50.0,58.4,360.0,4.7,2025-12-31,87.13333333333334,0.0,12.86666666666666,28.65925899931384,낮음,6.5220713720144055,일반 모니터링,한국농어촌공사_농업기반시설 시설제원_저수지_20250925.csv
보령시,장곡,충청남도 보령시 청소면 장곡리,17.3,50.0,58.4,360.0,4.7,2025-12-31,87.13333333333334,0.0,12.86666666666666,28.65925899931384,낮음,6.5220713720144055,일반 모니터링,한국농어촌공사_농업기반시설_시설제원_저수지_2024.csv
보령시,장곡,충청남도 보령시 청소면 장곡리,17.3,50.0,58.4,360.0,4.7,2025-12-31,87.13333333333334,0.0,12.86666666666666,28.65925899931384,낮음,6.5220713720144055,일반 모니터링,한국농어촌공사_농업기반시설제원_저수지_2023.csv
보령시,장곡,충청남도 보령시 청소면 장곡리,17.0,50.0,58.0,360.0,5.0,2025-12-31,87.13333333333334,0.0,12.86666666666666,28.65925899931384,낮음,6.520995547933159,일반 모니터링,농업기반시설_저수지_2021_v3.csv
보령시,장곡,충청남도 보령시 청소면 장곡리,17.0,50.0,58.0,360.0,5.0,2025-12-31,87.13333333333334,0.0,12.86666666666666,28.65925899931384,낮음,6.520995547933159,일반 모니터링,한국농어촌공사_농업기반시설 시설제원_저수지_2020.csv
보령시,장곡,충청남도 보령시 청소면 장곡리,17.0,50.0,58.0,360.0,5.0,2025-12-31,87.13333333333334,0.0,12.86666666666666,28.65925899931384,낮음,6.520995547933159,일반 모니터링,한국농어촌공사_농업기반시설제원_저수지_2022.csv
보령시,구,충청남도 보령시 웅천읍 수부리,17.0,43.0,45.0,109.0,1.0,2025-12-31,87.13333333333334,0.0,12.86666666666666,28.65925899931384,낮음,6.517196931063827,일반 모니터링,농업기반시설_저수지_2021_v3.csv
보령시,구,충청남도 보령시 웅천읍 수부리,17.0,43.0,45.0,109.0,1.0,2025-12-31,87.13333333333334,0.0,12.86666666666666,28.65925899931384,낮음,6.517196931063827,일반 모니터링,한국농어촌공사_농업기반시설 시설제원_저수지_2020.csv
보령시,구,충청남도 보령시 웅천읍 수부리,17.0,43.0,45.0,109.0,1.0,2025-12-31,87.13333333333334,0.0,12.86666666666666,28.65925899931384,낮음,6.517196931063827,일반 모니터링,한국농어촌공사_농업기반시설제원_저수지_2022.csv
보령시,구,충청남도 보령시 웅천읍 수부리,16.8,43.0,45.0,109.0,1.1,2025-12-31,87.13333333333334,0.0,12.86666666666666,28.65925899931384,낮음,6.5164797150096625,일반 모니터링,한국농어촌공사_농업기반시설 시설제원_저수지_20250925.csv
보령시,구,충청남도 보령시 웅천읍 수부리,16.8,43.0,45.0,109.0,1.1,2025-12-31,87.13333333333334,0.0,12.86666666666666,28.65925899931384,낮음,6.5164797150096625,일반 모니터링,한국농어촌공사_농업기반시설_시설제원_저수지_2024.csv
보령시,구,충청남도 보령시 웅천읍 수부리,16.8,43.0,45.0,109.0,1.1,2025-12-31,87.13333333333334,0.0,12.86666666666666,28.65925899931384,낮음,6.5164797150096625,일반 모니터링,한국농어촌공사_농업기반시설제원_저수지_2023.csv
보령시,은포,충청남도 보령시 주교면 은포리,13.3,64.1,64.1,191.0,4.8,2025-12-31,87.13333333333334,0.0,12.86666666666666,28.65925899931384,낮음,6.515378550625062,일반 모니터링,한국농어촌공사_농업기반시설 시설제원_저수지_20250925.csv
보령시,은포,충청남도 보령시 주교면 은포리,13.3,64.1,64.1,191.0,4.8,2025-12-31,87.13333333333334,0.0,12.86666666666666,28.65925899931384,낮음,6.515378550625062,일반 모니터링,한국농어촌공사_농업기반시설_시설제원_저수지_2024.csv
보령시,은포,충청남도 보령시 주교면 은포리,13.3,64.1,64.1,191.0,4.8,2025-12-31,87.13333333333334,0.0,12.86666666666666,28.65925899931384,낮음,6.515378550625062,일반 모니터링,한국농어촌공사_농업기반시설제원_저수지_2023.csv
보령시,은포,충청남도 보령시 주교면 은포리,13.0,64.0,64.0,191.0,5.0,2025-12-31,87.13333333333334,0.0,12.86666666666666,28.65925899931384,낮음,6.51424846058854,일반 모니터링,농업기반시설_저수지_2021_v3.csv
보령시,은포,충청남도 보령시 주교면 은포리,13.0,64.0,64.0,191.0,5.0,2025-12-31,87.13333333333334,0.0,12.86666666666666,28.65925899931384,낮음,6.51424846058854,일반 모니터링,한국농어촌공사_농업기반시설 시설제원_저수지_2020.csv
보령시,은포,충청남도 보령시 주교면 은포리,13.0,64.0,64.0,191.0,5.0,2025-12-31,87.13333333333334,0.0,12.86666666666666,28.65925899931384,낮음,6.51424846058854,일반 모니터링,한국농어촌공사_농업기반시설제원_저수지_2022.csv
보령시,삼곡2,충청남도 보령시 주산면 삼곡리,20.0,6.1,6.1,27.0,0.7,2025-12-31,87.13333333333334,0.0,12.86666666666666,28.65925899931384,낮음,6.507931034379383,일반 모니터링,한국농어촌공사_농업기반시설 시설제원_저수지_20250925.csv
보령시,삼곡2,충청남도 보령시 주산면 삼곡리,20.0,6.1,6.1,27.0,0.7,2025-12-31,87.13333333333334,0.0,12.86666666666666,28.65925899931384,낮음,6.507931034379383,일반 모니터링,한국농어촌공사_농업기반시설_시설제원_저수지_2024.csv
보령시,삼곡2,충청남도 보령시 주산면 삼곡리,20.0,6.1,6.1,27.0,0.7,2025-12-31,87.13333333333334,0.0,12.86666666666666,28.65925899931384,낮음,6.507931034379383,일반 모니터링,한국농어촌공사_농업기반시설제원_저수지_2023.csv
보령시,삼곡2,충청남도 보령시 주산면 삼곡리,20.0,6.0,6.0,27.0,1.0,2025-12-31,87.13333333333334,0.0,12.86666666666666,28.65925899931384,낮음,6.507876768424107,일반 모니터링,농업기반시설_저수지_2021_v3.csv
보령시,삼곡2,충청남도 보령시 주산면 삼곡리,20.0,6.0,6.0,27.0,1.0,2025-12-31,87.13333333333334,0.0,12.86666666666666,28.65925899931384,낮음,6.507876768424107,일반 모니터링,한국농어촌공사_농업기반시설 시설제원_저수지_2020.csv
보령시,삼곡2,충청남도 보령시 주산면 삼곡리,20.0,6.0,6.0,27.0,1.0,2025-12-31,87.13333333333334,0.0,12.86666666666666,28.65925899931384,낮음,6.507876768424107,일반 모니터링,한국농어촌공사_농업기반시설제원_저수지_2022.csv
보령시,신흥1,충청남도 보령시 남포면 신흥리,6.0,10.0,11.0,70.0,2.0,2025-12-31,87.13333333333334,0.0,12.86666666666666,28.65925899931384,낮음,6.459842282843662,일반 모니터링,농업기반시설_저수지_2021_v3.csv
보령시,신흥1,충청남도 보령시 남포면 신흥리,6.0,10.0,11.0,70.0,2.0,2025-12-31,87.13333333333334,0.0,12.86666666666666,28.65925899931384,낮음,6.459842282843662,일반 모니터링,한국농어촌공사_농업기반시설 시설제원_저수지_2020.csv
보령시,신흥1,충청남도 보령시 남포면 신흥리,6.0,10.0,10.8,70.0,2.3,2025-12-31,87.13333333333334,0.0,12.86666666666666,28.65925899931384,낮음,6.459842282843662,일반 모니터링,한국농어촌공사_농업기반시설 시설제원_저수지_20250925.csv
보령시,신흥1,충청남도 보령시 남포면 신흥리,6.0,10.0,10.8,70.0,2.3,2025-12-31,87.13333333333334,0.0,12.86666666666666,28.65925899931384,낮음,6.459842282843662,일반 모니터링,한국농어촌공사_농업기반시설_시설제원_저수지_2024.csv
보령시,신흥1,충청남도 보령시 남포면 신흥리,6.0,10.0,11.0,70.0,2.0,2025-12-31,87.13333333333334,0.0,12.86666666666666,28.65925899931384,낮음,6.459842282843662,일반 모니터링,한국농어촌공사_농업기반시설제원_저수지_2022.csv
보령시,신흥1,충청남도 보령시 남포면 신흥리,6.0,10.0,10.8,70.0,2.3,2025-12-31,87.13333333333334,0.0,12.86666666666666,28.65925899931384,낮음,6.459842282843662,일반 모니터링,한국농어촌공사_농업기반시설제원_저수지_2023.csv
보령시,대야,충청남도 보령시 남포면 제석리,5.0,16.0,16.0,10.0,1.0,2025-12-31,87.13333333333334,0.0,12.86666666666666,28.65925899931384,낮음,6.459512159889411,일반 모니터링,농업기반시설_저수지_2021_v3.csv
보령시,대야,충청남도 보령시 남포면 제석리,5.0,16.0,16.0,10.0,1.0,2025-12-31,87.13333333333334,0.0,12.86666666666666,28.65925899931384,낮음,6.459512159889411,일반 모니터링,한국농어촌공사_농업기반시설 시설제원_저수지_2020.csv
보령시,대야,충청남도 보령시 남포면 제석리,5.0,16.0,16.0,10.0,1.2,2025-12-31,87.13333333333334,0.0,12.86666666666666,28.65925899931384,낮음,6.459512159889411,일반 모니터링,한국농어촌공사_농업기반시설 시설제원_저수지_20250925.csv
보령시,대야,충청남도 보령시 남포면 제석리,5.0,16.0,16.0,10.0,1.2,2025-12-31,87.13333333333334,0.0,12.86666666666666,28.65925899931384,낮음,6.459512159889411,일반 모니터링,한국농어촌공사_농업기반시설_시설제원_저수지_2024.csv
보령시,대야,충청남도 보령시 남포면 제석리,5.0,16.0,16.0,10.0,1.0,2025-12-31,87.13333333333334,0.0,12.86666666666666,28.65925899931384,낮음,6.459512159889411,일반 모니터링,한국농어촌공사_농업기반시설제원_저수지_2022.csv
보령시,대야,충청남도 보령시 남포면 제석리,5.0,16.0,16.0,10.0,1.2,2025-12-31,87.13333333333334,0.0,12.86666666666666,28.65925899931384,낮음,6.459512159889411,일반 모니터링,한국농어촌공사_농업기반시설제원_저수지_2023.csv
보령시,야현,충청남도 보령시 청소면 야현리,3.3,14.0,14.0,52.0,0.7,2025-12-31,87.13333333333334,0.0,12.86666666666666,28.65925899931384,낮음,6.452330504323493,일반 모니터링,한국농어촌공사_농업기반시설 시설제원_저수지_20250925.csv
보령시,야현,충청남도 보령시 청소면 야현리,3.3,14.0,14.0,52.0,0.7,2025-12-31,87.13333333333334,0.0,12.86666666666666,28.65925899931384,낮음,6.452330504323493,일반 모니터링,한국농어촌공사_농업기반시설_시설제원_저수지_2024.csv
보령시,야현,충청남도 보령시 청소면 야현리,3.3,14.0,14.0,52.0,0.7,2025-12-31,87.13333333333334,0.0,12.86666666666666,28.65925899931384,낮음,6.452330504323493,일반 모니터링,한국농어촌공사_농업기반시설제원_저수지_2023.csv
보령시,신흥2,충청남도 보령시 남포면 신흥리,5.0,1.0,1.0,60.0,1.0,2025-12-31,87.13333333333334,0.0,12.86666666666666,28.65925899931384,낮음,6.451372266597986,일반 모니터링,농업기반시설_저수지_2021_v3.csv
보령시,신흥2,충청남도 보령시 남포면 신흥리,5.0,1.0,1.0,60.0,1.0,2025-12-31,87.13333333333334,0.0,12.86666666666666,28.65925899931384,낮음,6.451372266597986,일반 모니터링,한국농어촌공사_농업기반시설 시설제원_저수지_2020.csv
보령시,신흥2,충청남도 보령시 남포면 신흥리,5.0,1.0,1.0,60.0,1.0,2025-12-31,87.13333333333334,0.0,12.86666666666666,28.65925899931384,낮음,6.451372266597986,일반 모니터링,한국농어촌공사_농업기반시설제원_저수지_2022.csv
보령시,신흥2,충청남도 보령시 남포면 신흥리,5.0,0.8,0.8,60.0,1.02,2025-12-31,87.13333333333334,0.0,12.86666666666666,28.65925899931384,낮음,6.4512637346874335,일반 모니터링,한국농어촌공사_농업기반시설 시설제원_저수지_20250925.csv
보령시,신흥2,충청남도 보령시 남포면 신흥리,5.0,0.8,0.8,60.0,1.02,2025-12-31,87.13333333333334,0.0,12.86666666666666,28.65925899931384,낮음,6.4512637346874335,일반 모니터링,한국농어촌공사_농업기반시설_시설제원_저수지_2024.csv
보령시,신흥2,충청남도 보령시 남포면 신흥리,5.0,0.8,0.8,60.0,1.02,2025-12-31,87.13333333333334,0.0,12.86666666666666,28.65925899931384,낮음,6.4512637346874335,일반 모니터링,한국농어촌공사_농업기반시설제원_저수지_2023.csv
보령시,야현,충청남도 보령시 청소면 야현리,3.0,14.0,14.0,52.0,1.0,2025-12-31,87.13333333333334,0.0,12.86666666666666,28.65925899931384,낮음,6.451254680242247,일반 모니터링,농업기반시설_저수지_2021_v3.csv
보령시,야현,충청남도 보령시 청소면 야현리,3.0,14.0,14.0,52.0,1.0,2025-12-31,87.13333333333334,0.0,12.86666666666666,28.65925899931384,낮음,6.451254680242247,일반 모니터링,한국농어촌공사_농업기반시설 시설제원_저수지_2020.csv
보령시,야현,충청남도 보령시 청소면 야현리,3.0,14.0,14.0,52.0,1.0,2025-12-31,87.13333333333334,0.0,12.86666666666666,28.65925899931384,낮음,6.451254680242247,일반 모니터링,한국농어촌공사_농업기반시설제원_저수지_2022.csv
부여군,덕용,충청남도 부여군 양화면 송정리,1071.0,5661.0,5661.0,1580.0,86.0,2025-12-31,90.6,45.0,9.399999999999991,33.85620851433136,낮음,11.612253570590845,일반 모니터링,농업기반시설_저수지_2021_v3.csv
부여군,덕용,충청남도 부여군 양화면 송정리,1071.0,5661.0,5661.0,1580.0,86.0,2025-12-31,90.6,45.0,9.399999999999991,33.85620851433136,낮음,11.612253570590845,일반 모니터링,한국농어촌공사_농업기반시설 시설제원_저수지_2020.csv
부여군,덕용,충청남도 부여군 양화면 송정리,1071.0,5661.0,5661.0,1580.0,87.9,2025-12-31,90.6,45.0,9.399999999999991,33.85620851433136,낮음,11.612253570590845,일반 모니터링,한국농어촌공사_농업기반시설 시설제원_저수지_20250925.csv
부여군,덕용,충청남도 부여군 양화면 송정리,1071.0,5661.0,5661.0,1580.0,86.0,2025-12-31,90.6,45.0,9.399999999999991,33.85620851433136,낮음,11.612253570590845,일반 모니터링,한국농어촌공사_농업기반시설제원_저수지_2022.csv
부여군,덕용,충청남도 부여군 양화면 송정리,1071.0,5660.9,5660.9,1580.0,86.4,2025-12-31,90.6,45.0,9.399999999999991,33.85620851433136,낮음,11.612199304635569,일반 모니터링,한국농어촌공사_농업기반시설_시설제원_저수지_2024.csv
부여군,덕용,충청남도 부여군 양화면 송정리,1071.0,5660.9,5660.9,1580.0,86.4,2025-12-31,90.6,45.0,9.399999999999991,33.85620851433136,낮음,11.612199304635569,일반 모니터링,한국농어촌공사_농업기반시설제원_저수지_2023.csv
부여군,반산,충청남도 부여군 규암면 합송리,765.1,5652.0,5692.0,1740.0,125.0,2025-12-31,90.6,45.0,9.399999999999991,33.85620851433136,낮음,10.510387679771913,일반 모니터링,한국농어촌공사_농업기반시설 시설제원_저수지_20250925.csv
부여군,반산,충청남도 부여군 규암면 합송리,765.1,5652.0,5692.0,1740.0,125.0,2025-12-31,90.6,45.0,9.399999999999991,33.85620851433136,낮음,10.510387679771913,일반 모니터링,한국농어촌공사_농업기반시설_시설제원_저수지_2024.csv
부여군,반산,충청남도 부여군 규암면 합송리,765.1,5652.0,5692.0,1740.0,125.0,2025-12-31,90.6,45.0,9.399999999999991,33.85620851433136,낮음,10.510387679771913,일반 모니터링,한국농어촌공사_농업기반시설제원_저수지_2023.csv
부여군,반산,충청남도 부여군 규암면 석우리,765.0,5652.0,5692.0,1740.0,125.0,2025-12-31,90.6,45.0,9.399999999999991,33.85620851433136,낮음,10.510029071744832,일반 모니터링,농업기반시설_저수지_2021_v3.csv
부여군,반산,충청남도 부여군 규암면 석우리,765.0,5652.0,5692.0,1740.0,125.0,2025-12-31,90.6,45.0,9.399999999999991,33.85620851433136,낮음,10.510029071744832,일반 모니터링,한국농어촌공사_농업기반시설 시설제원_저수지_2020.csv
부여군,반산,충청남도 부여군 규암면 석우리,765.0,5652.0,5692.0,1740.0,125.0,2025-12-31,90.6,45.0,9.399999999999991,33.85620851433136,낮음,10.510029071744832,일반 모니터링,한국농어촌공사_농업기반시설제원_저수지_2022.csv
부여군,복심,충청남도 부여군 충화면 만지리,479.0,4706.4,4711.0,1761.0,96.1,2025-12-31,90.6,45.0,9.399999999999991,33.85620851433136,낮음,8.97127124119862,일반 모니터링,한국농어촌공사_농업기반시설 시설제원_저수지_20250925.csv
부여군,복심,충청남도 부여군 충화면 만지리,479.0,4706.4,4711.0,1761.0,96.1,2025-12-31,90.6,45.0,9.399999999999991,33.85620851433136,낮음,8.97127124119862,일반 모니터링,한국농어촌공사_농업기반시설_시설제원_저수지_2024.csv
부여군,복심,충청남도 부여군 충화면 만지리,479.0,4706.4,4711.0,1761.0,96.1,2025-12-31,90.6,45.0,9.399999999999991,33.85620851433136,낮음,8.97127124119862,일반 모니터링,한국농어촌공사_농업기반시설제원_저수지_2023.csv
부여군,복심,충청남도 부여군 충화면 복금리,479.0,4706.0,4711.0,1761.0,96.0,2025-12-31,90.6,45.0,9.399999999999991,33.85620851433136,낮음,8.971054177377516,일반 모니터링,농업기반시설_저수지_2021_v3.csv
부여군,복심,충청남도 부여군 충화면 복금리,479.0,4706.0,4711.0,1761.0,96.0,2025-12-31,90.6,45.0,9.399999999999991,33.85620851433136,낮음,8.971054177377516,일반 모니터링,한국농어촌공사_농업기반시설 시설제원_저수지_2020.csv
부여군,복심,충청남도 부여군 충화면 복금리,479.0,4706.0,4711.0,1761.0,96.0,2025-12-31,90.6,45.0,9.399999999999991,33.85620851433136,낮음,8.971054177377516,일반 모니터링,한국농어촌공사_농업기반시설제원_저수지_2022.csv
부여군,옥산,충청남도 부여군 옥산면 봉산리,482.0,2413.0,2682.0,1700.0,73.0,2025-12-31,90.6,45.0,9.399999999999991,33.85620851433136,낮음,7.737494063707393,일반 모니터링,농업기반시설_저수지_2021_v3.csv
부여군,옥산,충청남도 부여군 옥산면 봉산리,482.0,2413.0,2682.0,1700.0,73.0,2025-12-31,90.6,45.0,9.399999999999991,33.85620851433136,낮음,7.737494063707393,일반 모니터링,한국농어촌공사_농업기반시설 시설제원_저수지_2020.csv
부여군,옥산,충청남도 부여군 옥산면 봉산리,482.0,2413.0,2682.0,1700.0,73.0,2025-12-31,90.6,45.0,9.399999999999991,33.85620851433136,낮음,7.737494063707393,일반 모니터링,한국농어촌공사_농업기반시설제원_저수지_2022.csv
부여군,옥산,충청남도 부여군 옥산면 안서리,481.6,2413.0,2682.0,1700.0,73.0,2025-12-31,90.6,45.0,9.399999999999991,33.85620851433136,낮음,7.736059631599065,일반 모니터링,한국농어촌공사_농업기반시설 시설제원_저수지_20250925.csv
부여군,옥산,충청남도 부여군 옥산면 안서리,481.6,2413.0,2682.0,1700.0,73.0,2025-12-31,90.6,45.0,9.399999999999991,33.85620851433136,낮음,7.736059631599065,일반 모니터링,한국농어촌공사_농업기반시설_시설제원_저수지_2024.csv
부여군,옥산,충청남도 부여군 옥산면 안서리,481.6,2413.0,2682.0,1700.0,73.0,2025-12-31,90.6,45.0,9.399999999999991,33.85620851433136,낮음,7.736059631599065,일반 모니터링,한국농어촌공사_농업기반시설제원_저수지_2023.csv
부여군,상천,충청남도 부여군 홍산면 상천리,183.0,615.0,684.0,353.0,11.0,2025-12-31,90.6,45.0,9.399999999999991,33.85620851433136,낮음,5.689554186866436,일반 모니터링,농업기반시설_저수지_2021_v3.csv
부여군,상천,충청남도 부여군 홍산면 상천리,183.0,615.0,684.0,353.0,11.0,2025-12-31,90.6,45.0,9.399999999999991,33.85620851433136,낮음,5.689554186866436,일반 모니터링,한국농어촌공사_농업기반시설 시설제원_저수지_2020.csv
부여군,상천,충청남도 부여군 홍산면 상천리,183.0,615.0,684.0,353.0,11.0,2025-12-31,90.6,45.0,9.399999999999991,33.85620851433136,낮음,5.689554186866436,일반 모니터링,한국농어촌공사_농업기반시설제원_저수지_2022.csv
부여군,상천,충청남도 부여군 홍산면 상천리,182.9,615.0,684.0,353.0,11.0,2025-12-31,90.6,45.0,9.399999999999991,33.85620851433136,낮음,5.689195578839355,일반 모니터링,한국농어촌공사_농업기반시설 시설제원_저수지_20250925.csv
부여군,상천,충청남도 부여군 홍산면 상천리,182.9,615.0,684.0,353.0,11.0,2025-12-31,90.6,45.0,9.399999999999991,33.85620851433136,낮음,5.689195578839355,일반 모니터링,한국농어촌공사_농업기반시설_시설제원_저수지_2024.csv
부여군,상천,충청남도 부여군 홍산면 상천리,182.9,615.0,684.0,353.0,11.0,2025-12-31,90.6,45.0,9.399999999999991,33.85620851433136,낮음,5.689195578839355,일반 모니터링,한국농어촌공사_농업기반시설제원_저수지_2023.csv
부여군,초촌,충청남도 부여군 초촌면 세탑리,131.4,942.0,1034.0,238.8,103.5,2025-12-31,90.6,45.0,9.399999999999991,33.85620851433136,낮음,5.681962118645162,일반 모니터링,한국농어촌공사_농업기반시설 시설제원_저수지_20250925.csv
부여군,화성,충청남도 부여군 외산면 화성리,80.2,720.9,724.4,205.0,8.58,2025-12-31,90.6,45.0,9.399999999999991,33.85620851433136,낮음,5.378372781663525,일반 모니터링,한국농어촌공사_농업기반시설 시설제원_저수지_20250925.csv
부여군,화성,충청남도 부여군 외산면 화성리,80.2,720.9,724.4,205.0,8.58,2025-12-31,90.6,45.0,9.399999999999991,33.85620851433136,낮음,5.378372781663525,일반 모니터링,한국농어촌공사_농업기반시설_시설제원_저수지_2024.csv
부여군,화성,충청남도 부여군 외산면 화성리,80.2,720.9,724.4,205.0,8.58,2025-12-31,90.6,45.0,9.399999999999991,33.85620851433136,낮음,5.378372781663525,일반 모니터링,한국농어촌공사_농업기반시설제원_저수지_2023.csv
부여군,화성,충청남도 부여군 외산면 화성리,80.0,721.0,724.0,205.0,9.0,2025-12-31,90.6,45.0,9.399999999999991,33.85620851433136,낮음,5.377709831564637,일반 모니터링,농업기반시설_저수지_2021_v3.csv
부여군,화성,충청남도 부여군 외산면 화성리,80.0,721.0,724.0,205.0,9.0,2025-12-31,90.6,45.0,9.399999999999991,33.85620851433136,낮음,5.377709831564637,일반 모니터링,한국농어촌공사_농업기반시설 시설제원_저수지_2020.csv
부여군,화성,충청남도 부여군 외산면 화성리,80.0,721.0,724.0,205.0,9.0,2025-12-31,90.6,45.0,9.399999999999991,33.85620851433136,낮음,5.377709831564637,일반 모니터링,한국농어촌공사_농업기반시설제원_저수지_2022.csv
부여군,삼산,충청남도 부여군 외산면 삼산리,80.0,543.2,546.2,180.0,5.18,2025-12-31,90.6,45.0,9.399999999999991,33.85620851433136,낮음,5.281224963083606,일반 모니터링,한국농어촌공사_농업기반시설 시설제원_저수지_20250925.csv
부여군,삼산,충청남도 부여군 외산면 삼산리,80.0,543.2,546.2,180.0,5.18,2025-12-31,90.6,45.0,9.399999999999991,33.85620851433136,낮음,5.281224963083606,일반 모니터링,한국농어촌공사_농업기반시설_시설제원_저수지_2024.csv
부여군,삼산,충청남도 부여군 외산면 삼산리,80.0,543.2,546.2,180.0,5.18,2025-12-31,90.6,45.0,9.399999999999991,33.85620851433136,낮음,5.281224963083606,일반 모니터링,한국농어촌공사_농업기반시설제원_저수지_2023.csv
부여군,삼산,충청남도 부여군 외산면 삼산리,80.0,543.0,546.0,180.0,5.0,2025-12-31,90.6,45.0,9.399999999999991,33.85620851433136,낮음,5.281116431173054,일반 모니터링,농업기반시설_저수지_2021_v3.csv
부여군,삼산,충청남도 부여군 외산면 삼산리,80.0,543.0,546.0,180.0,5.0,2025-12-31,90.6,45.0,9.399999999999991,33.85620851433136,낮음,5.281116431173054,일반 모니터링,한국농어촌공사_농업기반시설 시설제원_저수지_2020.csv
부여군,삼산,충청남도 부여군 외산면 삼산리,80.0,543.0,546.0,180.0,5.0,2025-12-31,90.6,45.0,9.399999999999991,33.85620851433136,낮음,5.281116431173054,일반 모니터링,한국농어촌공사_농업기반시설제원_저수지_2022.csv
부여군,초촌,충청남도 부여군 초촌면 세탑리,0.0,942.0,1034.0,239.0,104.0,2025-12-31,90.6,45.0,9.399999999999991,33.85620851433136,낮음,5.210751171059311,일반 모니터링,농업기반시설_저수지_2021_v3.csv
부여군,초촌,충청남도 부여군 초촌면 세탑리,0.0,942.0,1034.0,238.8,103.5,2025-12-31,90.6,45.0,9.399999999999991,33.85620851433136,낮음,5.210751171059311,일반 모니터링,한국농어촌공사_농업기반시설_시설제원_저수지_2024.csv
부여군,초촌,충청남도 부여군 초촌면 세탑리,0.0,942.0,1034.0,239.0,104.0,2025-12-31,90.6,45.0,9.399999999999991,33.85620851433136,낮음,5.210751171059311,일반 모니터링,한국농어촌공사_농업기반시설제원_저수지_2022.csv
부여군,초촌,충청남도 부여군 초촌면 세탑리,0.0,942.0,1034.0,238.8,103.5,2025-12-31,90.6,45.0,9.399999999999991,33.85620851433136,낮음,5.210751171059311,일반 모니터링,한국농어촌공사_농업기반시설제원_저수지_2023.csv
부여군,가신,충청남도 부여군 임천면 가신리,62.3,426.0,433.0,200.0,13.0,2025-12-31,90.6,45.0,9.399999999999991,33.85620851433136,낮음,5.154151642706406,일반 모니터링,한국농어촌공사_농업기반시설 시설제원_저수지_20250925.csv
부여군,가신,충청남도 부여군 임천면 가신리,62.3,426.0,433.0,200.0,13.0,2025-12-31,90.6,45.0,9.399999999999991,33.85620851433136,낮음,5.154151642706406,일반 모니터링,한국농어촌공사_농업기반시설_시설제원_저수지_2024.csv
부여군,가신,충청남도 부여군 임천면 가신리,62.3,426.0,433.0,200.0,13.0,2025-12-31,90.6,45.0,9.399999999999991,33.85620851433136,낮음,5.154151642706406,일반 모니터링,한국농어촌공사_농업기반시설제원_저수지_2023.csv
부여군,가신,충청남도 부여군 임천면 가신리,62.0,426.0,433.0,200.0,13.0,2025-12-31,90.6,45.0,9.399999999999991,33.85620851433136,낮음,5.15307581862516,일반 모니터링,농업기반시설_저수지_2021_v3.csv
부여군,가신,충청남도 부여군 임천면 가신리,62.0,426.0,433.0,200.0,13.0,2025-12-31,90.6,45.0,9.399999999999991,33.85620851433136,낮음,5.15307581862516,일반 모니터링,한국농어촌공사_농업기반시설 시설제원_저수지_2020.csv
부여군,가신,충청남도 부여군 임천면 가신리,62.0,426.0,433.0,200.0,13.0,2025-12-31,90.6,45.0,9.399999999999991,33.85620851433136,낮음,5.15307581862516,일반 모니터링,한국농어촌공사_농업기반시설제원_저수지_2022.csv
부여군,마하동,충청남도 부여군 세도면 귀덕리,36.4,129.0,136.52,65.0,5.9,2025-12-31,90.6,45.0,9.399999999999991,33.85620851433136,낮음,4.900102276521922,일반 모니터링,한국농어촌공사_농업기반시설 시설제원_저수지_20250925.csv
부여군,마하동,충청남도 부여군 세도면 귀덕리,36.4,129.0,136.52,65.0,5.9,2025-12-31,90.6,45.0,9.399999999999991,33.85620851433136,낮음,4.900102276521922,일반 모니터링,한국농어촌공사_농업기반시설_시설제원_저수지_2024.csv
부여군,마하동,충청남도 부여군 세도면 귀덕리,36.4,129.0,136.52,65.0,5.9,2025-12-31,90.6,45.0,9.399999999999991,33.85620851433136,낮음,4.900102276521922,일반 모니터링,한국농어촌공사_농업기반시설제원_저수지_2023.csv
부여군,마하동,충청남도 부여군 세도면 귀덕리,36.0,129.0,137.0,65.0,6.0,2025-12-31,90.6,45.0,9.399999999999991,33.85620851433136,낮음,4.898667844413594,일반 모니터링,농업기반시설_저수지_2021_v3.csv
부여군,마하동,충청남도 부여군 세도면 귀덕리,36.0,129.0,137.0,65.0,6.0,2025-12-31,90.6,45.0,9.399999999999991,33.85620851433136,낮음,4.898667844413594,일반 모니터링,한국농어촌공사_농업기반시설 시설제원_저수지_2020.csv
부여군,마하동,충청남도 부여군 세도면 귀덕리,36.0,129.0,137.0,65.0,6.0,2025-12-31,90.6,45.0,9.399999999999991,33.85620851433136,낮음,4.898667844413594,일반 모니터링,한국농어촌공사_농업기반시설제원_저수지_2022.csv
부여군,두곡,충청남도 부여군 임천면 두곡리,22.0,100.0,111.0,92.0,3.0,2025-12-31,90.6,45.0,9.399999999999991,33.85620851433136,낮음,4.832725593592014,일반 모니터링,농업기반시설_저수지_2021_v3.csv
부여군,두곡,충청남도 부여군 임천면 두곡리,22.0,100.0,111.0,92.0,3.0,2025-12-31,90.6,45.0,9.399999999999991,33.85620851433136,낮음,4.832725593592014,일반 모니터링,한국농어촌공사_농업기반시설 시설제원_저수지_2020.csv
부여군,두곡,충청남도 부여군 임천면 두곡리,22.0,100.0,111.0,92.0,3.0,2025-12-31,90.6,45.0,9.399999999999991,33.85620851433136,낮음,4.832725593592014,일반 모니터링,한국농어촌공사_농업기반시설제원_저수지_2022.csv
부여군,두곡,충청남도 부여군 임천면 두곡리,21.7,100.03,111.0,92.0,3.4,2025-12-31,90.6,45.0,9.399999999999991,33.85620851433136,낮음,4.83166604929735,일반 모니터링,한국농어촌공사_농업기반시설 시설제원_저수지_20250925.csv
부여군,두곡,충청남도 부여군 임천면 두곡리,21.7,100.03,111.0,92.0,3.4,2025-12-31,90.6,45.0,9.399999999999991,33.85620851433136,낮음,4.83166604929735,일반 모니터링,한국농어촌공사_농업기반시설_시설제원_저수지_2024.csv
부여군,두곡,충청남도 부여군 임천면 두곡리,21.7,100.03,111.0,92.0,3.4,2025-12-31,90.6,45.0,9.399999999999991,33.85620851433136,낮음,4.83166604929735,일반 모니터링,한국농어촌공사_농업기반시설제원_저수지_2023.csv
서산시,고풍,충청남도 서산시 운산면 고풍리,1294.0,7822.0,8360.0,2590.0,62.0,2025-12-31,77.09333333333333,11.4,22.906666666666663,33.59612856571879,낮음,20.337970097835257,일반 모니터링,농업기반시설_저수지_2021_v3.csv
서산시,고풍,충청남도 서산시 운산면 고풍리,1294.0,7822.0,8360.0,2590.0,62.0,2025-12-31,77.09333333333333,11.4,22.906666666666663,33.59612856571879,낮음,20.337970097835257,일반 모니터링,한국농어촌공사_농업기반시설 시설제원_저수지_2020.csv
서산시,고풍,충청남도 서산시 운산면 고풍리,1294.0,7822.0,8360.0,2590.0,62.0,2025-12-31,77.09333333333333,11.4,22.906666666666663,33.59612856571879,낮음,20.337970097835257,일반 모니터링,한국농어촌공사_농업기반시설제원_저수지_2022.csv
서산시,고풍,충청남도 서산시 운산면 고풍리,1293.8,7822.0,8360.0,2590.0,62.35,2025-12-31,77.09333333333333,11.4,22.906666666666663,33.59612856571879,낮음,20.337252881781094,일반 모니터링,한국농어촌공사_농업기반시설 시설제원_저수지_20250925.csv
서산시,고풍,충청남도 서산시 운산면 고풍리,1293.8,7821.8,8360.0,2590.0,62.35,2025-12-31,77.09333333333333,11.4,22.906666666666663,33.59612856571879,낮음,20.33714434987054,일반 모니터링,한국농어촌공사_농업기반시설_시설제원_저수지_2024.csv
서산시,고풍,충청남도 서산시 운산면 고풍리,1293.8,7821.8,8360.0,2590.0,62.35,2025-12-31,77.09333333333333,11.4,22.906666666666663,33.59612856571879,낮음,20.33714434987054,일반 모니터링,한국농어촌공사_농업기반시설제원_저수지_2023.csv
서산시,산수,충청남도 서산시 해미면 산수리,639.0,3316.0,3445.0,1706.0,44.0,2025-12-31,77.09333333333333,11.4,22.906666666666663,33.59612856571879,낮음,15.543863575703408,일반 모니터링,농업기반시설_저수지_2021_v3.csv
서산시,산수,충청남도 서산시 해미면 산수리,639.0,3316.0,3445.0,1706.0,44.0,2025-12-31,77.09333333333333,11.4,22.906666666666663,33.59612856571879,낮음,15.543863575703408,일반 모니터링,한국농어촌공사_농업기반시설 시설제원_저수지_2020.csv
서산시,산수,충청남도 서산시 해미면 산수리,639.0,3316.0,3445.0,1706.0,44.0,2025-12-31,77.09333333333333,11.4,22.906666666666663,33.59612856571879,낮음,15.543863575703408,일반 모니터링,한국농어촌공사_농업기반시설제원_저수지_2022.csv
서산시,산수,충청남도 서산시 해미면 산수리,638.9,3315.8,3445.37,1706.0,43.6,2025-12-31,77.09333333333333,11.4,22.906666666666663,33.59612856571879,낮음,15.543396435765775,일반 모니터링,한국농어촌공사_농업기반시설 시설제원_저수지_20250925.csv
서산시,산수,충청남도 서산시 해미면 산수리,638.9,3315.8,3445.37,1706.0,43.6,2025-12-31,77.09333333333333,11.4,22.906666666666663,33.59612856571879,낮음,15.543396435765775,일반 모니터링,한국농어촌공사_농업기반시설_시설제원_저수지_2024.csv
서산시,산수,충청남도 서산시 해미면 산수리,638.9,3315.8,3445.37,1706.0,43.6,2025-12-31,77.09333333333333,11.4,22.906666666666663,33.59612856571879,낮음,15.543396435765775,일반 모니터링,한국농어촌공사_농업기반시설제원_저수지_2023.csv
서산시,성암,충청남도 서산시 음암면 부장리,624.1,3074.0,3157.0,1936.0,104.16,2025-12-31,77.09333333333333,11.4,22.906666666666663,33.59612856571879,낮음,15.359107367899847,일반 모니터링,한국농어촌공사_농업기반시설 시설제원_저수지_20250925.csv
서산시,성암,충청남도 서산시 음암면 부장리,624.1,3073.7,3157.21,1936.0,104.16,2025-12-31,77.09333333333333,11.4,22.906666666666663,33.59612856571879,낮음,15.35894457003402,일반 모니터링,한국농어촌공사_농업기반시설_시설제원_저수지_2024.csv
서산시,성암,충청남도 서산시 음암면 부장리,624.1,3073.7,3157.21,1936.0,104.16,2025-12-31,77.09333333333333,11.4,22.906666666666663,33.59612856571879,낮음,15.35894457003402,일반 모니터링,한국농어촌공사_농업기반시설제원_저수지_2023.csv
서산시,성암,충청남도 서산시 음암면 탑곡리,624.0,3074.0,3157.0,1936.0,104.0,2025-12-31,77.09333333333333,11.4,22.906666666666663,33.59612856571879,낮음,15.358748759872766,일반 모니터링,농업기반시설_저수지_2021_v3.csv
서산시,성암,충청남도 서산시 음암면 탑곡리,624.0,3074.0,3157.0,1936.0,104.0,2025-12-31,77.09333333333333,11.4,22.906666666666663,33.59612856571879,낮음,15.358748759872766,일반 모니터링,한국농어촌공사_농업기반시설 시설제원_저수지_2020.csv
서산시,성암,충청남도 서산시 음암면 탑곡리,624.0,3074.0,3157.0,1936.0,104.0,2025-12-31,77.09333333333333,11.4,22.906666666666663,33.59612856571879,낮음,15.358748759872766,일반 모니터링,한국농어촌공사_농업기반시설제원_저수지_2022.csv
서산시,풍전,충청남도 서산시 인지면 풍전리,655.1,2621.2,2622.8,1110.0,70.25,2025-12-31,77.09333333333333,11.4,22.906666666666663,33.59612856571879,낮음,15.224559610804793,일반 모니터링,한국농어촌공사_농업기반시설 시설제원_저수지_20250925.csv
서산시,풍전,충청남도 서산시 인지면 풍전리,655.1,2621.2,2622.8,1110.0,70.25,2025-12-31,77.09333333333333,11.4,22.906666666666663,33.59612856571879,낮음,15.224559610804793,일반 모니터링,한국농어촌공사_농업기반시설_시설제원_저수지_2024.csv
서산시,풍전,충청남도 서산시 인지면 풍전리,655.1,2621.2,2622.8,1110.0,70.25,2025-12-31,77.09333333333333,11.4,22.906666666666663,33.59612856571879,낮음,15.224559610804793,일반 모니터링,한국농어촌공사_농업기반시설제원_저수지_2023.csv
서산시,풍전,충청남도 서산시 인지면 풍전리,655.0,2621.0,2623.0,1110.0,70.0,2025-12-31,77.09333333333333,11.4,22.906666666666663,33.59612856571879,낮음,15.22409247086716,일반 모니터링,농업기반시설_저수지_2021_v3.csv
서산시,풍전,충청남도 서산시 인지면 풍전리,655.0,2621.0,2623.0,1110.0,70.0,2025-12-31,77.09333333333333,11.4,22.906666666666663,33.59612856571879,낮음,15.22409247086716,일반 모니터링,한국농어촌공사_농업기반시설 시설제원_저수지_2020.csv
서산시,풍전,충청남도 서산시 인지면 풍전리,655.0,2621.0,2623.0,1110.0,70.0,2025-12-31,77.09333333333333,11.4,22.906666666666663,33.59612856571879,낮음,15.22409247086716,일반 모니터링,한국농어촌공사_농업기반시설제원_저수지_2022.csv
서산시,신송,충청남도 서산시 고북면 신송리,407.0,3220.0,3220.0,680.0,48.0,2025-12-31,77.09333333333333,11.4,22.906666666666663,33.59612856571879,낮음,14.659797635807864,일반 모니터링,농업기반시설_저수지_2021_v3.csv
서산시,신송,충청남도 서산시 고북면 신송리,407.0,3220.0,3220.0,680.0,48.0,2025-12-31,77.09333333333333,11.4,22.906666666666663,33.59612856571879,낮음,14.659797635807864,일반 모니터링,한국농어촌공사_농업기반시설 시설제원_저수지_2020.csv
서산시,신송,충청남도 서산시 고북면 신송리,407.0,3220.0,3220.0,680.0,48.0,2025-12-31,77.09333333333333,11.4,22.906666666666663,33.59612856571879,낮음,14.659797635807864,일반 모니터링,한국농어촌공사_농업기반시설제원_저수지_2022.csv
서산시,신송,충청남도 서산시 고북면 신송리,406.8,3220.2,3220.2,680.0,47.5,2025-12-31,77.09333333333333,11.4,22.906666666666663,33.59612856571879,낮음,14.659188951664252,일반 모니터링,한국농어촌공사_농업기반시설 시설제원_저수지_20250925.csv
서산시,신송,충청남도 서산시 고북면 신송리,406.8,3220.2,3220.2,680.0,47.5,2025-12-31,77.09333333333333,11.4,22.906666666666663,33.59612856571879,낮음,14.659188951664252,일반 모니터링,한국농어촌공사_농업기반시설_시설제원_저수지_2024.csv
서산시,신송,충청남도 서산시 고북면 신송리,406.8,3220.2,3220.2,680.0,47.5,2025-12-31,77.09333333333333,11.4,22.906666666666663,33.59612856571879,낮음,14.659188951664252,일반 모니터링,한국농어촌공사_농업기반시설제원_저수지_2023.csv
서산시,잠홍,충청남도 서산시 잠홍동,363.4,1485.0,1509.0,1129.0,69.12,2025-12-31,77.09333333333333,11.4,22.906666666666663,33.59612856571879,낮음,13.561930211958524,일반 모니터링,한국농어촌공사_농업기반시설 시설제원_저수지_20250925.csv
서산시,잠홍,충청남도 서산시 잠홍동,363.4,1485.0,1509.0,1129.0,69.12,2025-12-31,77.09333333333333,11.4,22.906666666666663,33.59612856571879,낮음,13.561930211958524,일반 모니터링,한국농어촌공사_농업기반시설_시설제원_저수지_2024.csv
서산시,잠홍,충청남도 서산시 잠홍동,363.4,1485.0,1509.0,1129.0,69.12,2025-12-31,77.09333333333333,11.4,22.906666666666663,33.59612856571879,낮음,13.561930211958524,일반 모니터링,한국농어촌공사_농업기반시설제원_저수지_2023.csv
서산시,잠홍,충청남도 서산시 음암면 부산리,363.0,1485.0,1509.0,1129.0,69.0,2025-12-31,77.09333333333333,11.4,22.906666666666663,33.59612856571879,낮음,13.560495779850195,일반 모니터링,농업기반시설_저수지_2021_v3.csv
서산시,잠홍,충청남도 서산시 음암면 부산리,363.0,1485.0,1509.0,1129.0,69.0,2025-12-31,77.09333333333333,11.4,22.906666666666663,33.59612856571879,낮음,13.560495779850195,일반 모니터링,한국농어촌공사_농업기반시설 시설제원_저수지_2020.csv
서산시,잠홍,충청남도 서산시 음암면 부산리,363.0,1485.0,1509.0,1129.0,69.0,2025-12-31,77.09333333333333,11.4,22.906666666666663,33.59612856571879,낮음,13.560495779850195,일반 모니터링,한국농어촌공사_농업기반시설제원_저수지_2022.csv
서산시,신창,충청남도 서산시 운산면 신창리,189.1,1786.6,1835.4,440.0,18.73,2025-12-31,77.09333333333333,11.4,22.906666666666663,33.59612856571879,낮음,13.10054254186739,일반 모니터링,한국농어촌공사_농업기반시설 시설제원_저수지_20250925.csv
서산시,신창,충청남도 서산시 운산면 신창리,189.1,1786.6,1835.4,440.0,18.73,2025-12-31,77.09333333333333,11.4,22.906666666666663,33.59612856571879,낮음,13.10054254186739,일반 모니터링,한국농어촌공사_농업기반시설_시설제원_저수지_2024.csv
서산시,신창,충청남도 서산시 운산면 신창리,189.1,1786.6,1835.4,440.0,18.73,2025-12-31,77.09333333333333,11.4,22.906666666666663,33.59612856571879,낮음,13.10054254186739,일반 모니터링,한국농어촌공사_농업기반시설제원_저수지_2023.csv
서산시,신창,충청남도 서산시 운산면 신창리,189.0,1787.0,1835.0,440.0,19.0,2025-12-31,77.09333333333333,11.4,22.906666666666663,33.59612856571879,낮음,13.100400997661414,일반 모니터링,농업기반시설_저수지_2021_v3.csv
서산시,신창,충청남도 서산시 운산면 신창리,189.0,1787.0,1835.0,440.0,19.0,2025-12-31,77.09333333333333,11.4,22.906666666666663,33.59612856571879,낮음,13.100400997661414,일반 모니터링,한국농어촌공사_농업기반시설 시설제원_저수지_2020.csv
서산시,신창,충청남도 서산시 운산면 신창리,189.0,1787.0,1835.0,440.0,19.0,2025-12-31,77.09333333333333,11.4,22.906666666666663,33.59612856571879,낮음,13.100400997661414,일반 모니터링,한국농어촌공사_농업기반시설제원_저수지_2022.csv
서산시,중왕,충청남도 서산시 지곡면 중왕리,204.0,1120.0,1138.0,910.0,51.0,2025-12-31,77.09333333333333,11.4,22.906666666666663,33.59612856571879,낮음,12.79223828003167,일반 모니터링,농업기반시설_저수지_2021_v3.csv
서산시,중왕,충청남도 서산시 지곡면 중왕리,204.0,1120.0,1138.0,910.0,51.0,2025-12-31,77.09333333333333,11.4,22.906666666666663,33.59612856571879,낮음,12.79223828003167,일반 모니터링,한국농어촌공사_농업기반시설 시설제원_저수지_2020.csv
서산시,중왕,충청남도 서산시 지곡면 중왕리,204.0,1120.0,1138.0,910.0,51.0,2025-12-31,77.09333333333333,11.4,22.906666666666663,33.59612856571879,낮음,12.79223828003167,일반 모니터링,한국농어촌공사_농업기반시설제원_저수지_2022.csv
서산시,중왕,충청남도 서산시 지곡면 중왕리,203.8,1120.0,1138.0,910.0,51.05,2025-12-31,77.09333333333333,11.4,22.906666666666663,33.59612856571879,낮음,12.791521063977505,일반 모니터링,한국농어촌공사_농업기반시설 시설제원_저수지_20250925.csv
서산시,중왕,충청남도 서산시 지곡면 중왕리,203.8,1120.0,1138.0,910.0,51.05,2025-12-31,77.09333333333333,11.4,22.906666666666663,33.59612856571879,낮음,12.791521063977505,일반 모니터링,한국농어촌공사_농업기반시설_시설제원_저수지_2024.csv
서산시,중왕,충청남도 서산시 지곡면 중왕리,203.8,1120.0,1138.0,910.0,51.05,2025-12-31,77.09333333333333,11.4,22.906666666666663,33.59612856571879,낮음,12.791521063977505,일반 모니터링,한국농어촌공사_농업기반시설제원_저수지_2023.csv
서산시,고남,충청남도 서산시 성연면 고남리,93.0,1073.0,1073.0,430.0,20.0,2025-12-31,77.09333333333333,11.4,22.906666666666663,33.59612856571879,낮음,12.368678370990763,일반 모니터링,농업기반시설_저수지_2021_v3.csv
서산시,고남,충청남도 서산시 성연면 고남리,93.0,1073.0,1073.0,430.0,20.0,2025-12-31,77.09333333333333,11.4,22.906666666666663,33.59612856571879,낮음,12.368678370990763,일반 모니터링,한국농어촌공사_농업기반시설 시설제원_저수지_2020.csv
서산시,고남,충청남도 서산시 성연면 고남리,93.0,1073.0,1073.0,430.0,20.0,2025-12-31,77.09333333333333,11.4,22.906666666666663,33.59612856571879,낮음,12.368678370990763,일반 모니터링,한국농어촌공사_농업기반시설제원_저수지_2022.csv
서산시,고남,충청남도 서산시 성연면 고남리,92.6,1072.5,1072.6,430.0,20.4,2025-12-31,77.09333333333333,11.4,22.906666666666663,33.59612856571879,낮음,12.366972609106053,일반 모니터링,한국농어촌공사_농업기반시설 시설제원_저수지_20250925.csv
서산시,고남,충청남도 서산시 성연면 고남리,92.6,1072.5,1072.6,430.0,20.37,2025-12-31,77.09333333333333,11.4,22.906666666666663,33.59612856571879,낮음,12.366972609106053,일반 모니터링,한국농어촌공사_농업기반시설_시설제원_저수지_2024.csv
서산시,고남,충청남도 서산시 성연면 고남리,92.6,1072.5,1072.6,430.0,20.37,2025-12-31,77.09333333333333,11.4,22.906666666666663,33.59612856571879,낮음,12.366972609106053,일반 모니터링,한국농어촌공사_농업기반시설제원_저수지_2023.csv
서산시,황락,충청남도 서산시 해미면 황락리,77.1,1038.5,1038.5,420.0,10.87,2025-12-31,77.09333333333333,11.4,22.906666666666663,33.59612856571879,낮음,12.292937940114433,일반 모니터링,한국농어촌공사_농업기반시설 시설제원_저수지_20250925.csv
서산시,황락,충청남도 서산시 해미면 황락리,77.1,1038.5,1038.5,420.0,10.87,2025-12-31,77.09333333333333,11.4,22.906666666666663,33.59612856571879,낮음,12.292937940114433,일반 모니터링,한국농어촌공사_농업기반시설_시설제원_저수지_2024.csv
서산시,황락,충청남도 서산시 해미면 황락리,77.1,1038.5,1038.5,420.0,10.87,2025-12-31,77.09333333333333,11.4,22.906666666666663,33.59612856571879,낮음,12.292937940114433,일반 모니터링,한국농어촌공사_농업기반시설제원_저수지_2023.csv
서산시,황락,충청남도 서산시 해미면 황락리,77.0,1039.0,1039.0,420.0,11.0,2025-12-31,77.09333333333333,11.4,22.906666666666663,33.59612856571879,낮음,12.292850661863731,일반 모니터링,농업기반시설_저수지_2021_v3.csv
서산시,황락,충청남도 서산시 해미면 황락리,77.0,1039.0,1039.0,420.0,11.0,2025-12-31,77.09333333333333,11.4,22.906666666666663,33.59612856571879,낮음,12.292850661863731,일반 모니터링,한국농어촌공사_농업기반시설 시설제원_저수지_2020.csv
서산시,황락,충청남도 서산시 해미면 황락리,77.0,1039.0,1039.0,420.0,11.0,2025-12-31,77.09333333333333,11.4,22.906666666666663,33.59612856571879,낮음,12.292850661863731,일반 모니터링,한국농어촌공사_농업기반시설제원_저수지_2022.csv
서산시,모월,충청남도 서산시 인지면 산동리,109.0,601.0,601.0,262.0,31.0,2025-12-31,77.09333333333333,11.4,22.906666666666663,33.59612856571879,낮음,12.169920346420371,일반 모니터링,농업기반시설_저수지_2021_v3.csv
서산시,모월,충청남도 서산시 인지면 산동리,109.0,601.0,601.0,262.0,31.0,2025-12-31,77.09333333333333,11.4,22.906666666666663,33.59612856571879,낮음,12.169920346420371,일반 모니터링,한국농어촌공사_농업기반시설 시설제원_저수지_2020.csv
서산시,모월,충청남도 서산시 인지면 산동리,109.0,601.0,601.0,262.0,31.0,2025-12-31,77.09333333333333,11.4,22.906666666666663,33.59612856571879,낮음,12.169920346420371,일반 모니터링,한국농어촌공사_농업기반시설제원_저수지_2022.csv
서산시,모월,충청남도 서산시 양대동,108.8,601.0,601.0,262.0,31.45,2025-12-31,77.09333333333333,11.4,22.906666666666663,33.59612856571879,낮음,12.169203130366208,일반 모니터링,한국농어촌공사_농업기반시설 시설제원_저수지_20250925.csv
서산시,모월,충청남도 서산시 양대동,108.8,601.0,601.0,262.0,31.45,2025-12-31,77.09333333333333,11.4,22.906666666666663,33.59612856571879,낮음,12.169203130366208,일반 모니터링,한국농어촌공사_농업기반시설_시설제원_저수지_2024.csv
서산시,모월,충청남도 서산시 양대동,108.8,601.0,601.0,262.0,31.45,2025-12-31,77.09333333333333,11.4,22.906666666666663,33.59612856571879,낮음,12.169203130366208,일반 모니터링,한국농어촌공사_농업기반시설제원_저수지_2023.csv
서산시,대산,충청남도 서산시 대산읍 대로리,102.0,408.0,491.0,335.0,15.0,2025-12-31,77.09333333333333,11.4,22.906666666666663,33.59612856571879,낮음,12.040084490841616,일반 모니터링,농업기반시설_저수지_2021_v3.csv
서산시,대산,충청남도 서산시 대산읍 대로리,102.0,408.0,491.0,335.0,15.0,2025-12-31,77.09333333333333,11.4,22.906666666666663,33.59612856571879,낮음,12.040084490841616,일반 모니터링,한국농어촌공사_농업기반시설 시설제원_저수지_2020.csv
서산시,대산,충청남도 서산시 대산읍 대로리,102.0,408.0,491.0,335.0,15.0,2025-12-31,77.09333333333333,11.4,22.906666666666663,33.59612856571879,낮음,12.040084490841616,일반 모니터링,한국농어촌공사_농업기반시설제원_저수지_2022.csv
서산시,대산,충청남도 서산시 대산읍 대로리,101.9,408.0,491.0,335.0,14.76,2025-12-31,77.09333333333333,11.4,22.906666666666663,33.59612856571879,낮음,12.039725882814533,일반 모니터링,한국농어촌공사_농업기반시설 시설제원_저수지_20250925.csv
서산시,대산,충청남도 서산시 대산읍 대로리,101.9,408.0,491.0,335.0,14.76,2025-12-31,77.09333333333333,11.4,22.906666666666663,33.59612856571879,낮음,12.039725882814533,일반 모니터링,한국농어촌공사_농업기반시설_시설제원_저수지_2024.csv
서산시,대산,충청남도 서산시 대산읍 대로리,101.9,408.0,491.0,335.0,14.76,2025-12-31,77.09333333333333,11.4,22.906666666666663,33.59612856571879,낮음,12.039725882814533,일반 모니터링,한국농어촌공사_농업기반시설제원_저수지_2023.csv
서산시,마룡,충청남도 서산시 부석면 마룡리,40.0,346.0,350.0,114.0,20.0,2025-12-31,77.09333333333333,11.4,22.906666666666663,33.59612856571879,낮음,11.784102621779503,일반 모니터링,농업기반시설_저수지_2021_v3.csv
서산시,마룡,충청남도 서산시 부석면 마룡리,40.0,346.0,350.0,114.0,20.0,2025-12-31,77.09333333333333,11.4,22.906666666666663,33.59612856571879,낮음,11.784102621779503,일반 모니터링,한국농어촌공사_농업기반시설 시설제원_저수지_2020.csv
서산시,마룡,충청남도 서산시 부석면 마룡리,40.0,346.0,350.0,114.0,20.0,2025-12-31,77.09333333333333,11.4,22.906666666666663,33.59612856571879,낮음,11.784102621779503,일반 모니터링,한국농어촌공사_농업기반시설제원_저수지_2022.csv
서산시,마룡,충청남도 서산시 부석면 마룡리,39.8,345.7,350.1,114.0,19.95,2025-12-31,77.09333333333333,11.4,22.906666666666663,33.59612856571879,낮음,11.78322260785951,일반 모니터링,한국농어촌공사_농업기반시설 시설제원_저수지_20250925.csv
서산시,마룡,충청남도 서산시 부석면 마룡리,39.8,345.7,350.1,114.0,19.95,2025-12-31,77.09333333333333,11.4,22.906666666666663,33.59612856571879,낮음,11.78322260785951,일반 모니터링,한국농어촌공사_농업기반시설_시설제원_저수지_2024.csv
서산시,마룡,충청남도 서산시 부석면 마룡리,39.8,345.7,350.1,114.0,19.95,2025-12-31,77.09333333333333,11.4,22.906666666666663,33.59612856571879,낮음,11.78322260785951,일반 모니터링,한국농어촌공사_농업기반시설제원_저수지_2023.csv
서산시,지곡,충청남도 서산시 지곡면 도성리,45.0,307.0,307.0,135.0,15.0,2025-12-31,77.09333333333333,11.4,22.906666666666663,33.59612856571879,낮음,11.7808693005759,일반 모니터링,농업기반시설_저수지_2021_v3.csv
서산시,지곡,충청남도 서산시 지곡면 도성리,45.0,307.0,307.0,135.0,15.0,2025-12-31,77.09333333333333,11.4,22.906666666666663,33.59612856571879,낮음,11.7808693005759,일반 모니터링,한국농어촌공사_농업기반시설 시설제원_저수지_2020.csv
서산시,지곡,충청남도 서산시 지곡면 도성리,45.0,307.0,307.0,135.0,15.0,2025-12-31,77.09333333333333,11.4,22.906666666666663,33.59612856571879,낮음,11.7808693005759,일반 모니터링,한국농어촌공사_농업기반시설제원_저수지_2022.csv
서산시,지곡,충청남도 서산시 지곡면 도성리,44.6,306.63,306.63,135.0,15.15,2025-12-31,77.09333333333333,11.4,22.906666666666663,33.59612856571879,낮음,11.779234084433051,일반 모니터링,한국농어촌공사_농업기반시설 시설제원_저수지_20250925.csv
서산시,지곡,충청남도 서산시 지곡면 도성리,44.6,306.63,306.63,135.0,15.15,2025-12-31,77.09333333333333,11.4,22.906666666666663,33.59612856571879,낮음,11.779234084433051,일반 모니터링,한국농어촌공사_농업기반시설_시설제원_저수지_2024.csv
서산시,지곡,충청남도 서산시 지곡면 도성리,44.6,306.63,306.63,135.0,15.15,2025-12-31,77.09333333333333,11.4,22.906666666666663,33.59612856571879,낮음,11.779234084433051,일반 모니터링,한국농어촌공사_농업기반시설제원_저수지_2023.csv
서산시,용현,충청남도 서산시 운산면 용현리,33.2,357.3,357.3,123.0,6.5,2025-12-31,77.09333333333333,11.4,22.906666666666663,33.59612856571879,낮음,11.765849328884128,일반 모니터링,한국농어촌공사_농업기반시설 시설제원_저수지_20250925.csv
서산시,용현,충청남도 서산시 운산면 용현리,33.2,357.3,357.3,123.0,6.5,2025-12-31,77.09333333333333,11.4,22.906666666666663,33.59612856571879,낮음,11.765849328884128,일반 모니터링,한국농어촌공사_농업기반시설_시설제원_저수지_2024.csv
서산시,용현,충청남도 서산시 운산면 용현리,33.2,357.3,357.3,123.0,6.5,2025-12-31,77.09333333333333,11.4,22.906666666666663,33.59612856571879,낮음,11.765849328884128,일반 모니터링,한국농어촌공사_농업기반시설제원_저수지_2023.csv
서산시,용현,충청남도 서산시 운산면 용현리,33.0,357.0,357.0,123.0,7.0,2025-12-31,77.09333333333333,11.4,22.906666666666663,33.59612856571879,낮음,11.764969314964135,일반 모니터링,농업기반시설_저수지_2021_v3.csv
서산시,용현,충청남도 서산시 운산면 용현리,33.0,357.0,357.0,123.0,7.0,2025-12-31,77.09333333333333,11.4,22.906666666666663,33.59612856571879,낮음,11.764969314964135,일반 모니터링,한국농어촌공사_농업기반시설 시설제원_저수지_2020.csv
서산시,용현,충청남도 서산시 운산면 용현리,33.0,357.0,357.0,123.0,7.0,2025-12-31,77.09333333333333,11.4,22.906666666666663,33.59612856571879,낮음,11.764969314964135,일반 모니터링,한국농어촌공사_농업기반시설제원_저수지_2022.csv
서산시,강수,충청남도 서산시 부석면 강수리,37.0,96.0,96.0,140.0,4.0,2025-12-31,77.09333333333333,11.4,22.906666666666663,33.59612856571879,낮음,11.637679492776615,일반 모니터링,농업기반시설_저수지_2021_v3.csv
서산시,강수,충청남도 서산시 부석면 강수리,37.0,96.0,96.0,140.0,4.0,2025-12-31,77.09333333333333,11.4,22.906666666666663,33.59612856571879,낮음,11.637679492776615,일반 모니터링,한국농어촌공사_농업기반시설 시설제원_저수지_2020.csv
서산시,강수,충청남도 서산시 부석면 강수리,37.0,96.0,96.0,140.0,4.29,2025-12-31,77.09333333333333,11.4,22.906666666666663,33.59612856571879,낮음,11.637679492776615,일반 모니터링,한국농어촌공사_농업기반시설 시설제원_저수지_20250925.csv
서산시,강수,충청남도 서산시 부석면 강수리,37.0,96.0,96.0,140.0,4.29,2025-12-31,77.09333333333333,11.4,22.906666666666663,33.59612856571879,낮음,11.637679492776615,일반 모니터링,한국농어촌공사_농업기반시설_시설제원_저수지_2024.csv
서산시,강수,충청남도 서산시 부석면 강수리,37.0,96.0,96.0,140.0,4.0,2025-12-31,77.09333333333333,11.4,22.906666666666663,33.59612856571879,낮음,11.637679492776615,일반 모니터링,한국농어촌공사_농업기반시설제원_저수지_2022.csv
서산시,강수,충청남도 서산시 부석면 강수리,37.0,96.0,96.0,140.0,4.29,2025-12-31,77.09333333333333,11.4,22.906666666666663,33.59612856571879,낮음,11.637679492776615,일반 모니터링,한국농어촌공사_농업기반시설제원_저수지_2023.csv
서천군,동부,충청남도 서천군 시초면 봉선리,2477.0,10734.0,12182.0,2834.0,244.0,2025-12-31,97.0375,86.3,2.9625000000000057,25.707339741641896,낮음,16.188444342524992,일반 모니터링,농업기반시설_저수지_2021_v3.csv
서천군,동부,충청남도 서천군 시초면 봉선리,2477.0,10734.0,12182.0,2834.0,244.0,2025-12-31,97.0375,86.3,2.9625000000000057,25.707339741641896,낮음,16.188444342524992,일반 모니터링,한국농어촌공사_농업기반시설 시설제원_저수지_2020.csv
서천군,동부,충청남도 서천군 시초면 봉선리,2477.0,10734.0,12182.0,2834.0,244.0,2025-12-31,97.0375,86.3,2.9625000000000057,25.707339741641896,낮음,16.188444342524992,일반 모니터링,한국농어촌공사_농업기반시설제원_저수지_2022.csv
서천군,동부,충청남도 서천군 마산면 이사리,2477.0,10733.8,12182.0,2834.0,244.08,2025-12-31,97.0375,86.3,2.9625000000000057,25.707339741641896,낮음,16.18833581061444,일반 모니터링,한국농어촌공사_농업기반시설 시설제원_저수지_20250925.csv
서천군,동부,충청남도 서천군 마산면 이사리,2477.0,10733.8,12182.0,2834.0,244.08,2025-12-31,97.0375,86.3,2.9625000000000057,25.707339741641896,낮음,16.18833581061444,일반 모니터링,한국농어촌공사_농업기반시설_시설제원_저수지_2024.csv
서천군,동부,충청남도 서천군 마산면 이사리,2477.0,10733.8,12182.0,2834.0,244.08,2025-12-31,97.0375,86.3,2.9625000000000057,25.707339741641896,낮음,16.18833581061444,일반 모니터링,한국농어촌공사_농업기반시설제원_저수지_2023.csv
서천군,서부,충청남도 서천군 판교면 흥림리,1627.0,7989.0,8018.0,3039.0,125.0,2025-12-31,97.0375,86.3,2.9625000000000057,25.707339741641896,낮음,11.65067563999645,일반 모니터링,농업기반시설_저수지_2021_v3.csv
서천군,서부,충청남도 서천군 판교면 흥림리,1627.0,7989.0,8018.0,3039.0,125.0,2025-12-31,97.0375,86.3,2.9625000000000057,25.707339741641896,낮음,11.65067563999645,일반 모니터링,한국농어촌공사_농업기반시설 시설제원_저수지_2020.csv
서천군,서부,충청남도 서천군 종천면 석촌리,1627.0,7989.0,8018.0,3039.0,124.8,2025-12-31,97.0375,86.3,2.9625000000000057,25.707339741641896,낮음,11.65067563999645,일반 모니터링,한국농어촌공사_농업기반시설 시설제원_저수지_20250925.csv
서천군,서부,충청남도 서천군 종천면 석촌리,1627.0,7989.0,8018.3,3039.0,129.9,2025-12-31,97.0375,86.3,2.9625000000000057,25.707339741641896,낮음,11.65067563999645,일반 모니터링,한국농어촌공사_농업기반시설_시설제원_저수지_2024.csv
서천군,서부,충청남도 서천군 판교면 흥림리,1627.0,7989.0,8018.0,3039.0,125.0,2025-12-31,97.0375,86.3,2.9625000000000057,25.707339741641896,낮음,11.65067563999645,일반 모니터링,한국농어촌공사_농업기반시설제원_저수지_2022.csv
서천군,서부,충청남도 서천군 종천면 석촌리,1627.0,7989.0,8018.3,3039.0,124.8,2025-12-31,97.0375,86.3,2.9625000000000057,25.707339741641896,낮음,11.65067563999645,일반 모니터링,한국농어촌공사_농업기반시설제원_저수지_2023.csv
서천군,종천,충청남도 서천군 종천면 신검리,385.0,3353.14,3381.0,1200.0,50.1,2025-12-31,97.0375,86.3,2.9625000000000057,25.707339741641896,낮음,4.681070229371171,일반 모니터링,한국농어촌공사_농업기반시설 시설제원_저수지_20250925.csv
서천군,종천,충청남도 서천군 종천면 신검리,385.0,3353.14,3381.0,1200.0,50.1,2025-12-31,97.0375,86.3,2.9625000000000057,25.707339741641896,낮음,4.681070229371171,일반 모니터링,한국농어촌공사_농업기반시설_시설제원_저수지_2024.csv
서천군,종천,충청남도 서천군 종천면 신검리,385.0,3353.14,3381.0,1200.0,50.1,2025-12-31,97.0375,86.3,2.9625000000000057,25.707339741641896,낮음,4.681070229371171,일반 모니터링,한국농어촌공사_농업기반시설제원_저수지_2023.csv
서천군,종천,충청남도 서천군 판교면 상좌리,385.0,3353.0,3381.0,1200.0,50.0,2025-12-31,97.0375,86.3,2.9625000000000057,25.707339741641896,낮음,4.680994257033785,일반 모니터링,농업기반시설_저수지_2021_v3.csv
서천군,종천,충청남도 서천군 판교면 상좌리,385.0,3353.0,3381.0,1200.0,50.0,2025-12-31,97.0375,86.3,2.9625000000000057,25.707339741641896,낮음,4.680994257033785,일반 모니터링,한국농어촌공사_농업기반시설 시설제원_저수지_2020.csv
서천군,종천,충청남도 서천군 판교면 상좌리,385.0,3353.0,3381.0,1200.0,50.0,2025-12-31,97.0375,86.3,2.9625000000000057,25.707339741641896,낮음,4.680994257033785,일반 모니터링,한국농어촌공사_농업기반시설제원_저수지_2022.csv
서천군,축동,충청남도 서천군 한산면 축동리,370.0,1491.0,1707.0,752.0,82.0,2025-12-31,97.0375,86.3,2.9625000000000057,25.707339741641896,낮음,3.616770965729182,일반 모니터링,농업기반시설_저수지_2021_v3.csv
서천군,축동,충청남도 서천군 한산면 축동리,370.0,1491.0,1707.0,752.0,82.0,2025-12-31,97.0375,86.3,2.9625000000000057,25.707339741641896,낮음,3.616770965729182,일반 모니터링,한국농어촌공사_농업기반시설 시설제원_저수지_2020.csv
서천군,축동,충청남도 서천군 한산면 축동리,370.0,1491.0,1707.0,752.0,82.0,2025-12-31,97.0375,86.3,2.9625000000000057,25.707339741641896,낮음,3.616770965729182,일반 모니터링,한국농어촌공사_농업기반시설제원_저수지_2022.csv
서천군,축동,충청남도 서천군 한산면 축동리,370.0,1490.8,1707.0,752.0,67.2,2025-12-31,97.0375,86.3,2.9625000000000057,25.707339741641896,낮음,3.6166624338186297,일반 모니터링,한국농어촌공사_농업기반시설 시설제원_저수지_20250925.csv
서천군,축동,충청남도 서천군 한산면 축동리,370.0,1490.8,1707.0,752.0,82.4,2025-12-31,97.0375,86.3,2.9625000000000057,25.707339741641896,낮음,3.6166624338186297,일반 모니터링,한국농어촌공사_농업기반시설_시설제원_저수지_2024.csv
서천군,축동,충청남도 서천군 한산면 축동리,370.0,1490.8,1707.0,752.0,82.4,2025-12-31,97.0375,86.3,2.9625000000000057,25.707339741641896,낮음,3.6166624338186297,일반 모니터링,한국농어촌공사_농업기반시설제원_저수지_2023.csv
서천군,문산,충청남도 서천군 문산면 신농리,261.0,973.19,973.2,960.0,36.7,2025-12-31,97.0375,86.3,2.9625000000000057,25.707339741641896,낮음,2.9448936731941795,일반 모니터링,한국농어촌공사_농업기반시설_시설제원_저수지_2024.csv
서천군,문산,충청남도 서천군 문산면 신농리,261.0,973.19,973.2,960.0,36.7,2025-12-31,97.0375,86.3,2.9625000000000057,25.707339741641896,낮음,2.9448936731941795,일반 모니터링,한국농어촌공사_농업기반시설제원_저수지_2023.csv
서천군,문산,충청남도 서천군 문산면 신농리,261.0,973.0,973.0,960.0,37.0,2025-12-31,97.0375,86.3,2.9625000000000057,25.707339741641896,낮음,2.9447905678791546,일반 모니터링,농업기반시설_저수지_2021_v3.csv
서천군,문산,충청남도 서천군 문산면 신농리,261.0,973.0,973.0,960.0,37.0,2025-12-31,97.0375,86.3,2.9625000000000057,25.707339741641896,낮음,2.9447905678791546,일반 모니터링,한국농어촌공사_농업기반시설 시설제원_저수지_2020.csv
서천군,문산,충청남도 서천군 문산면 신농리,261.0,973.0,973.0,960.0,37.0,2025-12-31,97.0375,86.3,2.9625000000000057,25.707339741641896,낮음,2.9447905678791546,일반 모니터링,한국농어촌공사_농업기반시설제원_저수지_2022.csv
서천군,문산,충청남도 서천군 문산면 신농리,261.0,97.32,97.32,1116.0,36.7,2025-12-31,97.0375,86.3,2.9625000000000057,25.707339741641896,낮음,2.469594450716787,일반 모니터링,한국농어촌공사_농업기반시설 시설제원_저수지_20250925.csv
서천군,주항,충청남도 서천군 서면 주항리,163.0,691.0,744.0,367.0,32.0,2025-12-31,97.0375,86.3,2.9625000000000057,25.707339741641896,낮음,2.440324707459918,일반 모니터링,농업기반시설_저수지_2021_v3.csv
서천군,주항,충청남도 서천군 서면 주항리,163.0,691.0,744.0,367.0,32.0,2025-12-31,97.0375,86.3,2.9625000000000057,25.707339741641896,낮음,2.440324707459918,일반 모니터링,한국농어촌공사_농업기반시설 시설제원_저수지_2020.csv
서천군,주항,충청남도 서천군 서면 주항리,163.0,691.0,744.0,367.0,32.0,2025-12-31,97.0375,86.3,2.9625000000000057,25.707339741641896,낮음,2.440324707459918,일반 모니터링,한국농어촌공사_농업기반시설제원_저수지_2022.csv
서천군,주항,충청남도 서천군 서면 월리,163.0,690.69,744.0,367.0,32.2,2025-12-31,97.0375,86.3,2.9625000000000057,25.707339741641896,낮음,2.440156482998562,일반 모니터링,한국농어촌공사_농업기반시설 시설제원_저수지_20250925.csv
서천군,주항,충청남도 서천군 서면 월리,163.0,690.69,744.0,367.0,32.2,2025-12-31,97.0375,86.3,2.9625000000000057,25.707339741641896,낮음,2.440156482998562,일반 모니터링,한국농어촌공사_농업기반시설_시설제원_저수지_2024.csv
서천군,주항,충청남도 서천군 서면 월리,163.0,690.69,744.0,367.0,32.2,2025-12-31,97.0375,86.3,2.9625000000000057,25.707339741641896,낮음,2.440156482998562,일반 모니터링,한국농어촌공사_농업기반시설제원_저수지_2023.csv
서천군,안치,충청남도 서천군 비인면 성북리,53.0,167.04,167.09,110.0,4.23,2025-12-31,97.0375,86.3,2.9625000000000057,25.707339741641896,낮음,1.76152397840461,일반 모니터링,한국농어촌공사_농업기반시설 시설제원_저수지_20250925.csv
서천군,안치,충청남도 서천군 비인면 성북리,53.0,167.04,167.09,110.0,4.23,2025-12-31,97.0375,86.3,2.9625000000000057,25.707339741641896,낮음,1.76152397840461,일반 모니터링,한국농어촌공사_농업기반시설_시설제원_저수지_2024.csv
서천군,안치,충청남도 서천군 비인면 성북리,53.0,167.04,167.09,110.0,4.23,2025-12-31,97.0375,86.3,2.9625000000000057,25.707339741641896,낮음,1.76152397840461,일반 모니터링,한국농어촌공사_농업기반시설제원_저수지_2023.csv
서천군,안치,충청남도 서천군 비인면 성북리,53.0,167.0,167.0,110.0,4.0,2025-12-31,97.0375,86.3,2.9625000000000057,25.707339741641896,낮음,1.7615022720224993,일반 모니터링,농업기반시설_저수지_2021_v3.csv
서천군,안치,충청남도 서천군 비인면 성북리,53.0,167.0,167.0,110.0,4.0,2025-12-31,97.0375,86.3,2.9625000000000057,25.707339741641896,낮음,1.7615022720224993,일반 모니터링,한국농어촌공사_농업기반시설 시설제원_저수지_2020.csv
서천군,안치,충청남도 서천군 비인면 성북리,53.0,167.0,167.0,110.0,4.0,2025-12-31,97.0375,86.3,2.9625000000000057,25.707339741641896,낮음,1.7615022720224993,일반 모니터링,한국농어촌공사_농업기반시설제원_저수지_2022.csv
아산시,궁평,충청남도 아산시 송악면 궁평리,1108.0,6717.0,6717.0,4333.0,112.0,2025-12-31,95.98333333333332,64.8,4.016666666666666,25.42061510730572,낮음,9.626320361660909,일반 모니터링,농업기반시설_저수지_2021_v3.csv
아산시,궁평,충청남도 아산시 송악면 궁평리,1108.0,6717.0,6717.0,4333.0,112.0,2025-12-31,95.98333333333332,64.8,4.016666666666666,25.42061510730572,낮음,9.626320361660909,일반 모니터링,한국농어촌공사_농업기반시설 시설제원_저수지_2020.csv
아산시,궁평,충청남도 아산시 송악면 동화리,1108.0,6717.0,6717.0,4333.0,111.7,2025-12-31,95.98333333333332,64.8,4.016666666666666,25.42061510730572,낮음,9.626320361660909,일반 모니터링,한국농어촌공사_농업기반시설 시설제원_저수지_20250925.csv
아산시,궁평,충청남도 아산시 송악면 궁평리,1108.0,6717.0,6717.0,4333.0,112.0,2025-12-31,95.98333333333332,64.8,4.016666666666666,25.42061510730572,낮음,9.626320361660909,일반 모니터링,한국농어촌공사_농업기반시설제원_저수지_2022.csv
아산시,궁평,충청남도 아산시 송악면 동화리,1108.0,6716.6,6717.3,4333.0,111.7,2025-12-31,95.98333333333332,64.8,4.016666666666666,25.42061510730572,낮음,9.626103297839805,일반 모니터링,한국농어촌공사_농업기반시설_시설제원_저수지_2024.csv
아산시,궁평,충청남도 아산시 송악면 동화리,1108.0,6716.6,6717.3,4333.0,111.7,2025-12-31,95.98333333333332,64.8,4.016666666666666,25.42061510730572,낮음,9.626103297839805,일반 모니터링,한국농어촌공사_농업기반시설제원_저수지_2023.csv
아산시,도고,충청남도 아산시 도고면 석당리,841.0,4278.0,4294.0,2097.0,97.0,2025-12-31,95.98333333333332,64.8,4.016666666666666,25.42061510730572,낮음,7.345290280165967,일반 모니터링,농업기반시설_저수지_2021_v3.csv
아산시,도고,충청남도 아산시 도고면 석당리,841.0,4278.0,4294.0,2097.0,97.0,2025-12-31,95.98333333333332,64.8,4.016666666666666,25.42061510730572,낮음,7.345290280165967,일반 모니터링,한국농어촌공사_농업기반시설 시설제원_저수지_2020.csv
아산시,도고,충청남도 아산시 도고면 석당리,841.0,4278.0,4294.0,2097.0,97.0,2025-12-31,95.98333333333332,64.8,4.016666666666666,25.42061510730572,낮음,7.345290280165967,일반 모니터링,한국농어촌공사_농업기반시설제원_저수지_2022.csv
아산시,도고,충청남도 아산시 도고면 신유리,840.9,4277.7,4294.0,2097.0,97.4,2025-12-31,95.98333333333332,64.8,4.016666666666666,25.42061510730572,낮음,7.344768874273056,일반 모니터링,한국농어촌공사_농업기반시설_시설제원_저수지_2024.csv
아산시,도고,충청남도 아산시 도고면 신유리,840.9,4277.7,4294.0,2097.0,97.4,2025-12-31,95.98333333333332,64.8,4.016666666666666,25.42061510730572,낮음,7.344768874273056,일반 모니터링,한국농어촌공사_농업기반시설제원_저수지_2023.csv
아산시,가혜,충청남도 아산시 염치읍 동정리,593.0,3494.0,3502.0,1588.0,81.0,2025-12-31,95.98333333333332,64.8,4.016666666666666,25.42061510730572,낮음,6.030497283637239,일반 모니터링,농업기반시설_저수지_2021_v3.csv
아산시,가혜,충청남도 아산시 염치읍 동정리,593.0,3494.0,3502.0,1588.0,81.0,2025-12-31,95.98333333333332,64.8,4.016666666666666,25.42061510730572,낮음,6.030497283637239,일반 모니터링,한국농어촌공사_농업기반시설 시설제원_저수지_2020.csv
아산시,가혜,충청남도 아산시 염치읍 동정리,593.0,3494.0,3502.0,1588.0,81.0,2025-12-31,95.98333333333332,64.8,4.016666666666666,25.42061510730572,낮음,6.030497283637239,일반 모니터링,한국농어촌공사_농업기반시설제원_저수지_2022.csv
아산시,가혜,충청남도 아산시 염치읍 석두리,592.8,3493.7,3501.6,1588.0,81.3,2025-12-31,95.98333333333332,64.8,4.016666666666666,25.42061510730572,낮음,6.029617269717245,일반 모니터링,한국농어촌공사_농업기반시설 시설제원_저수지_20250925.csv
아산시,가혜,충청남도 아산시 염치읍 석두리,592.8,3493.7,3501.6,1588.0,81.3,2025-12-31,95.98333333333332,64.8,4.016666666666666,25.42061510730572,낮음,6.029617269717245,일반 모니터링,한국농어촌공사_농업기반시설_시설제원_저수지_2024.csv
아산시,가혜,충청남도 아산시 염치읍 석두리,592.8,3493.7,3501.6,1588.0,81.3,2025-12-31,95.98333333333332,64.8,4.016666666666666,25.42061510730572,낮음,6.029617269717245,일반 모니터링,한국농어촌공사_농업기반시설제원_저수지_2023.csv
아산시,도고,충청남도 아산시 도고면 신유리,840.9,427.77,429.4,2097.0,97.4,2025-12-31,95.98333333333332,64.8,4.016666666666666,25.42061510730572,낮음,5.255567582309192,일반 모니터링,한국농어촌공사_농업기반시설 시설제원_저수지_20250925.csv
아산시,봉재,충청남도 아산시 둔포면 봉재리,389.0,1338.0,1339.0,793.0,46.0,2025-12-31,95.98333333333332,64.8,4.016666666666666,25.42061510730572,낮음,4.128962912635567,일반 모니터링,농업기반시설_저수지_2021_v3.csv
아산시,봉재,충청남도 아산시 둔포면 봉재리,389.0,1338.0,1339.0,793.0,46.0,2025-12-31,95.98333333333332,64.8,4.016666666666666,25.42061510730572,낮음,4.128962912635567,일반 모니터링,한국농어촌공사_농업기반시설 시설제원_저수지_2020.csv
아산시,봉재,충청남도 아산시 둔포면 봉재리,389.0,1338.0,1339.0,793.0,46.0,2025-12-31,95.98333333333332,64.8,4.016666666666666,25.42061510730572,낮음,4.128962912635567,일반 모니터링,한국농어촌공사_농업기반시설제원_저수지_2022.csv
아산시,봉재,충청남도 아산시 둔포면 봉재리,389.0,1337.8,1338.8,793.0,46.2,2025-12-31,95.98333333333332,64.8,4.016666666666666,25.42061510730572,낮음,4.128854380725014,일반 모니터링,한국농어촌공사_농업기반시설 시설제원_저수지_20250925.csv
아산시,봉재,충청남도 아산시 둔포면 봉재리,389.0,1337.8,1338.8,793.0,46.2,2025-12-31,95.98333333333332,64.8,4.016666666666666,25.42061510730572,낮음,4.128854380725014,일반 모니터링,한국농어촌공사_농업기반시설_시설제원_저수지_2024.csv
아산시,봉재,충청남도 아산시 둔포면 봉재리,389.0,1337.8,1338.8,793.0,46.2,2025-12-31,95.98333333333332,64.8,4.016666666666666,25.42061510730572,낮음,4.128854380725014,일반 모니터링,한국농어촌공사_농업기반시설제원_저수지_2023.csv
아산시,마산,충청남도 아산시 득산동,149.1,2559.8,2559.8,1776.0,91.2,2025-12-31,95.98333333333332,64.8,4.016666666666666,25.42061510730572,낮음,3.93168369722991,일반 모니터링,한국농어촌공사_농업기반시설 시설제원_저수지_20250925.csv
아산시,마산,충청남도 아산시 득산동,149.1,2559.8,2559.8,1776.0,91.2,2025-12-31,95.98333333333332,64.8,4.016666666666666,25.42061510730572,낮음,3.93168369722991,일반 모니터링,한국농어촌공사_농업기반시설_시설제원_저수지_2024.csv
아산시,마산,충청남도 아산시 득산동,149.1,2559.8,2559.8,1776.0,91.2,2025-12-31,95.98333333333332,64.8,4.016666666666666,25.42061510730572,낮음,3.93168369722991,일반 모니터링,한국농어촌공사_농업기반시설제원_저수지_2023.csv
아산시,마산,충청남도 아산시 방축동,149.0,2560.0,2560.0,1776.0,91.0,2025-12-31,95.98333333333332,64.8,4.016666666666666,25.42061510730572,낮음,3.9314336211133796,일반 모니터링,농업기반시설_저수지_2021_v3.csv
아산시,마산,충청남도 아산시 방축동,149.0,2560.0,2560.0,1776.0,91.0,2025-12-31,95.98333333333332,64.8,4.016666666666666,25.42061510730572,낮음,3.9314336211133796,일반 모니터링,한국농어촌공사_농업기반시설 시설제원_저수지_2020.csv
아산시,마산,충청남도 아산시 방축동,149.0,2560.0,2560.0,1776.0,91.0,2025-12-31,95.98333333333332,64.8,4.016666666666666,25.42061510730572,낮음,3.9314336211133796,일반 모니터링,한국농어촌공사_농업기반시설제원_저수지_2022.csv
아산시,성내,충청남도 아산시 영인면 성내리,334.3,1032.8,1320.8,690.0,42.0,2025-12-31,95.98333333333332,64.8,4.016666666666666,25.42061510730572,낮음,3.7671846263187976,일반 모니터링,한국농어촌공사_농업기반시설 시설제원_저수지_20250925.csv
아산시,성내,충청남도 아산시 영인면 성내리,334.3,1032.8,1320.8,640.0,42.0,2025-12-31,95.98333333333332,64.8,4.016666666666666,25.42061510730572,낮음,3.7671846263187976,일반 모니터링,한국농어촌공사_농업기반시설_시설제원_저수지_2024.csv
아산시,성내,충청남도 아산시 영인면 성내리,334.3,1032.8,1320.8,640.0,42.0,2025-12-31,95.98333333333332,64.8,4.016666666666666,25.42061510730572,낮음,3.7671846263187976,일반 모니터링,한국농어촌공사_농업기반시설제원_저수지_2023.csv
아산시,성내,충청남도 아산시 영인면 성내리,334.0,1033.0,1321.0,640.0,42.0,2025-12-31,95.98333333333332,64.8,4.016666666666666,25.42061510730572,낮음,3.766217334148104,일반 모니터링,농업기반시설_저수지_2021_v3.csv
아산시,성내,충청남도 아산시 영인면 성내리,334.0,1033.0,1321.0,640.0,42.0,2025-12-31,95.98333333333332,64.8,4.016666666666666,25.42061510730572,낮음,3.766217334148104,일반 모니터링,한국농어촌공사_농업기반시설 시설제원_저수지_2020.csv
아산시,성내,충청남도 아산시 영인면 성내리,334.0,1033.0,1321.0,640.0,42.0,2025-12-31,95.98333333333332,64.8,4.016666666666666,25.42061510730572,낮음,3.766217334148104,일반 모니터링,한국농어촌공사_농업기반시설제원_저수지_2022.csv
아산시,냉정,충청남도 아산시 인주면 신성리,326.0,940.1,940.1,535.0,25.8,2025-12-31,95.98333333333332,64.8,4.016666666666666,25.42061510730572,낮음,3.6871156195299757,일반 모니터링,한국농어촌공사_농업기반시설 시설제원_저수지_20250925.csv
아산시,냉정,충청남도 아산시 인주면 신성리,326.0,940.1,940.1,535.0,25.8,2025-12-31,95.98333333333332,64.8,4.016666666666666,25.42061510730572,낮음,3.6871156195299757,일반 모니터링,한국농어촌공사_농업기반시설_시설제원_저수지_2024.csv
아산시,냉정,충청남도 아산시 인주면 신성리,326.0,940.1,940.1,535.0,25.8,2025-12-31,95.98333333333332,64.8,4.016666666666666,25.42061510730572,낮음,3.6871156195299757,일반 모니터링,한국농어촌공사_농업기반시설제원_저수지_2023.csv
아산시,냉정,충청남도 아산시 인주면 냉정리,326.0,940.0,940.0,535.0,26.0,2025-12-31,95.98333333333332,64.8,4.016666666666666,25.42061510730572,낮음,3.6870613535746997,일반 모니터링,농업기반시설_저수지_2021_v3.csv
아산시,냉정,충청남도 아산시 인주면 냉정리,326.0,940.0,940.0,535.0,26.0,2025-12-31,95.98333333333332,64.8,4.016666666666666,25.42061510730572,낮음,3.6870613535746997,일반 모니터링,한국농어촌공사_농업기반시설 시설제원_저수지_2020.csv
아산시,냉정,충청남도 아산시 인주면 냉정리,326.0,940.0,940.0,535.0,26.0,2025-12-31,95.98333333333332,64.8,4.016666666666666,25.42061510730572,낮음,3.6870613535746997,일반 모니터링,한국농어촌공사_농업기반시설제원_저수지_2022.csv
아산시,상성,충청남도 아산시 영인면 상성리,253.0,1112.0,1112.0,481.0,35.0,2025-12-31,95.98333333333332,64.8,4.016666666666666,25.42061510730572,낮음,3.5186149368797954,일반 모니터링,농업기반시설_저수지_2021_v3.csv
아산시,상성,충청남도 아산시 영인면 상성리,253.0,1112.0,1112.0,481.0,35.0,2025-12-31,95.98333333333332,64.8,4.016666666666666,25.42061510730572,낮음,3.5186149368797954,일반 모니터링,한국농어촌공사_농업기반시설 시설제원_저수지_2020.csv
아산시,상성,충청남도 아산시 영인면 상성리,253.0,1112.0,1112.0,481.0,35.0,2025-12-31,95.98333333333332,64.8,4.016666666666666,25.42061510730572,낮음,3.5186149368797954,일반 모니터링,한국농어촌공사_농업기반시설제원_저수지_2022.csv
아산시,상성,충청남도 아산시 영인면 아산리,253.0,1111.5,1200.0,690.0,34.8,2025-12-31,95.98333333333332,64.8,4.016666666666666,25.42061510730572,낮음,3.5183436071034144,일반 모니터링,한국농어촌공사_농업기반시설 시설제원_저수지_20250925.csv
아산시,상성,충청남도 아산시 영인면 아산리,253.0,1111.5,1111.5,481.0,34.8,2025-12-31,95.98333333333332,64.8,4.016666666666666,25.42061510730572,낮음,3.5183436071034144,일반 모니터링,한국농어촌공사_농업기반시설_시설제원_저수지_2024.csv
아산시,상성,충청남도 아산시 영인면 아산리,253.0,1111.5,1111.5,481.0,34.8,2025-12-31,95.98333333333332,64.8,4.016666666666666,25.42061510730572,낮음,3.5183436071034144,일반 모니터링,한국농어촌공사_농업기반시설제원_저수지_2023.csv
아산시,신휴,충청남도 아산시 음봉면 신휴리,218.4,1090.4,1095.7,842.0,53.0,2025-12-31,95.98333333333332,64.8,4.016666666666666,25.42061510730572,낮음,3.3828151131697433,일반 모니터링,한국농어촌공사_농업기반시설 시설제원_저수지_20250925.csv
아산시,신휴,충청남도 아산시 음봉면 신휴리,218.4,1090.4,1095.7,842.0,53.0,2025-12-31,95.98333333333332,64.8,4.016666666666666,25.42061510730572,낮음,3.3828151131697433,일반 모니터링,한국농어촌공사_농업기반시설_시설제원_저수지_2024.csv
아산시,신휴,충청남도 아산시 음봉면 신휴리,218.4,1090.4,1095.7,842.0,53.0,2025-12-31,95.98333333333332,64.8,4.016666666666666,25.42061510730572,낮음,3.3828151131697433,일반 모니터링,한국농어촌공사_농업기반시설제원_저수지_2023.csv
아산시,신휴,충청남도 아산시 음봉면 신휴리,218.0,1090.0,1096.0,842.0,53.0,2025-12-31,95.98333333333332,64.8,4.016666666666666,25.42061510730572,낮음,3.3811636172403103,일반 모니터링,농업기반시설_저수지_2021_v3.csv
아산시,신휴,충청남도 아산시 음봉면 신휴리,218.0,1090.0,1096.0,842.0,53.0,2025-12-31,95.98333333333332,64.8,4.016666666666666,25.42061510730572,낮음,3.3811636172403103,일반 모니터링,한국농어촌공사_농업기반시설 시설제원_저수지_2020.csv
아산시,신휴,충청남도 아산시 음봉면 신휴리,218.0,1090.0,1096.0,842.0,53.0,2025-12-31,95.98333333333332,64.8,4.016666666666666,25.42061510730572,낮음,3.3811636172403103,일반 모니터링,한국농어촌공사_농업기반시설제원_저수지_2022.csv
아산시,죽산,충청남도 아산시 선장면 죽산리,128.0,615.0,621.0,143.0,24.0,2025-12-31,95.98333333333332,64.8,4.016666666666666,25.42061510730572,낮음,2.800653105304631,일반 모니터링,농업기반시설_저수지_2021_v3.csv
아산시,죽산,충청남도 아산시 선장면 죽산리,128.0,615.0,621.0,143.0,24.0,2025-12-31,95.98333333333332,64.8,4.016666666666666,25.42061510730572,낮음,2.800653105304631,일반 모니터링,한국농어촌공사_농업기반시설 시설제원_저수지_2020.csv
아산시,죽산,충청남도 아산시 선장면 죽산리,128.0,615.0,621.0,143.0,24.0,2025-12-31,95.98333333333332,64.8,4.016666666666666,25.42061510730572,낮음,2.800653105304631,일반 모니터링,한국농어촌공사_농업기반시설제원_저수지_2022.csv
아산시,죽산,충청남도 아산시 선장면 선창리,128.0,615.0,621.3,143.0,23.8,2025-12-31,95.98333333333332,64.8,4.016666666666666,25.42061510730572,낮음,2.800653105304631,일반 모니터링,한국농어촌공사_농업기반시설제원_저수지_2023.csv
아산시,월랑,충청남도 아산시 음봉면 월랑리,135.0,524.0,528.0,421.0,22.0,2025-12-31,95.98333333333332,64.8,4.016666666666666,25.42061510730572,낮음,2.7763736478990615,일반 모니터링,농업기반시설_저수지_2021_v3.csv
아산시,월랑,충청남도 아산시 음봉면 월랑리,135.0,524.0,528.0,421.0,22.0,2025-12-31,95.98333333333332,64.8,4.016666666666666,25.42061510730572,낮음,2.7763736478990615,일반 모니터링,한국농어촌공사_농업기반시설 시설제원_저수지_2020.csv
아산시,월랑,충청남도 아산시 음봉면 월랑리,135.0,524.0,528.0,421.0,22.0,2025-12-31,95.98333333333332,64.8,4.016666666666666,25.42061510730572,낮음,2.7763736478990615,일반 모니터링,한국농어촌공사_농업기반시설제원_저수지_2022.csv
아산시,월랑,충청남도 아산시 음봉면 월랑리,135.0,523.5,528.4,421.0,21.9,2025-12-31,95.98333333333332,64.8,4.016666666666666,25.42061510730572,낮음,2.7761023181226805,일반 모니터링,한국농어촌공사_농업기반시설 시설제원_저수지_20250925.csv
아산시,월랑,충청남도 아산시 음봉면 월랑리,135.0,523.5,528.4,421.0,21.9,2025-12-31,95.98333333333332,64.8,4.016666666666666,25.42061510730572,낮음,2.7761023181226805,일반 모니터링,한국농어촌공사_농업기반시설_시설제원_저수지_2024.csv
아산시,월랑,충청남도 아산시 음봉면 월랑리,135.0,523.5,528.4,421.0,21.9,2025-12-31,95.98333333333332,64.8,4.016666666666666,25.42061510730572,낮음,2.7761023181226805,일반 모니터링,한국농어촌공사_농업기반시설제원_저수지_2023.csv
아산시,신창,충청남도 아산시 신창면 오목리,97.0,771.0,771.0,480.0,34.0,2025-12-31,95.98333333333332,64.8,4.016666666666666,25.42061510730572,낮음,2.774139507140012,일반 모니터링,농업기반시설_저수지_2021_v3.csv
아산시,신창,충청남도 아산시 신창면 오목리,97.0,771.0,771.0,480.0,34.0,2025-12-31,95.98333333333332,64.8,4.016666666666666,25.42061510730572,낮음,2.774139507140012,일반 모니터링,한국농어촌공사_농업기반시설 시설제원_저수지_2020.csv
아산시,신창,충청남도 아산시 신창면 오목리,97.0,771.0,771.0,480.0,34.4,2025-12-31,95.98333333333332,64.8,4.016666666666666,25.42061510730572,낮음,2.774139507140012,일반 모니터링,한국농어촌공사_농업기반시설 시설제원_저수지_20250925.csv
아산시,신창,충청남도 아산시 신창면 오목리,97.0,771.0,771.0,480.0,34.4,2025-12-31,95.98333333333332,64.8,4.016666666666666,25.42061510730572,낮음,2.774139507140012,일반 모니터링,한국농어촌공사_농업기반시설_시설제원_저수지_2024.csv
아산시,신창,충청남도 아산시 신창면 오목리,97.0,771.0,771.0,480.0,34.0,2025-12-31,95.98333333333332,64.8,4.016666666666666,25.42061510730572,낮음,2.774139507140012,일반 모니터링,한국농어촌공사_농업기반시설제원_저수지_2022.csv
아산시,신창,충청남도 아산시 신창면 오목리,97.0,771.0,771.0,480.0,34.4,2025-12-31,95.98333333333332,64.8,4.016666666666666,25.42061510730572,낮음,2.774139507140012,일반 모니터링,한국농어촌공사_농업기반시설제원_저수지_2023.csv
아산시,죽산,충청남도 아산시 선장면 선창리,128.0,294.47,621.0,143.0,23.8,2025-12-31,95.98333333333332,64.8,4.016666666666666,25.42061510730572,낮음,2.626714438857922,일반 모니터링,한국농어촌공사_농업기반시설 시설제원_저수지_20250925.csv
아산시,죽산,충청남도 아산시 선장면 선창리,128.0,294.47,296.17,143.0,23.8,2025-12-31,95.98333333333332,64.8,4.016666666666666,25.42061510730572,낮음,2.626714438857922,일반 모니터링,한국농어촌공사_농업기반시설_시설제원_저수지_2024.csv
아산시,수철,충청남도 아산시 배방읍 수철리,106.0,353.1,353.9,442.0,8.1,2025-12-31,95.98333333333332,64.8,4.016666666666666,25.42061510730572,낮음,2.579636802478284,일반 모니터링,한국농어촌공사_농업기반시설 시설제원_저수지_20250925.csv
아산시,수철,충청남도 아산시 배방읍 수철리,106.0,353.1,353.9,442.0,8.1,2025-12-31,95.98333333333332,64.8,4.016666666666666,25.42061510730572,낮음,2.579636802478284,일반 모니터링,한국농어촌공사_농업기반시설_시설제원_저수지_2024.csv
아산시,수철,충청남도 아산시 배방읍 수철리,106.0,353.1,353.9,442.0,8.1,2025-12-31,95.98333333333332,64.8,4.016666666666666,25.42061510730572,낮음,2.579636802478284,일반 모니터링,한국농어촌공사_농업기반시설제원_저수지_2023.csv
아산시,수철,충청남도 아산시 배방읍 수철리,106.0,353.0,354.0,442.0,8.0,2025-12-31,95.98333333333332,64.8,4.016666666666666,25.42061510730572,낮음,2.5795825365230076,일반 모니터링,농업기반시설_저수지_2021_v3.csv
아산시,수철,충청남도 아산시 배방읍 수철리,106.0,353.0,354.0,442.0,8.0,2025-12-31,95.98333333333332,64.8,4.016666666666666,25.42061510730572,낮음,2.5795825365230076,일반 모니터링,한국농어촌공사_농업기반시설 시설제원_저수지_2020.csv
아산시,수철,충청남도 아산시 배방읍 수철리,106.0,353.0,354.0,442.0,8.0,2025-12-31,95.98333333333332,64.8,4.016666666666666,25.42061510730572,낮음,2.5795825365230076,일반 모니터링,한국농어촌공사_농업기반시설제원_저수지_2022.csv
아산시,동암,충청남도 아산시 음봉면 동암리,63.0,387.0,387.0,234.0,12.0,2025-12-31,95.98333333333332,64.8,4.016666666666666,25.42061510730572,낮음,2.443831509671612,일반 모니터링,농업기반시설_저수지_2021_v3.csv
아산시,동암,충청남도 아산시 음봉면 동암리,63.0,387.0,387.0,234.0,12.0,2025-12-31,95.98333333333332,64.8,4.016666666666666,25.42061510730572,낮음,2.443831509671612,일반 모니터링,한국농어촌공사_농업기반시설 시설제원_저수지_2020.csv
아산시,동암,충청남도 아산시 음봉면 송촌리,63.0,387.0,387.0,234.0,12.0,2025-12-31,95.98333333333332,64.8,4.016666666666666,25.42061510730572,낮음,2.443831509671612,일반 모니터링,한국농어촌공사_농업기반시설 시설제원_저수지_20250925.csv
아산시,동암,충청남도 아산시 음봉면 송촌리,63.0,387.0,387.0,234.0,12.0,2025-12-31,95.98333333333332,64.8,4.016666666666666,25.42061510730572,낮음,2.443831509671612,일반 모니터링,한국농어촌공사_농업기반시설_시설제원_저수지_2024.csv
아산시,동암,충청남도 아산시 음봉면 동암리,63.0,387.0,387.0,234.0,12.0,2025-12-31,95.98333333333332,64.8,4.016666666666666,25.42061510730572,낮음,2.443831509671612,일반 모니터링,한국농어촌공사_농업기반시설제원_저수지_2022.csv
아산시,동암,충청남도 아산시 음봉면 송촌리,63.0,387.0,387.0,234.0,12.0,2025-12-31,95.98333333333332,64.8,4.016666666666666,25.42061510730572,낮음,2.443831509671612,일반 모니터링,한국농어촌공사_농업기반시설제원_저수지_2023.csv
아산시,문방,충청남도 아산시 인주면 문방리,61.0,198.0,201.0,228.0,17.0,2025-12-31,95.98333333333332,64.8,4.016666666666666,25.42061510730572,낮음,2.334096693658008,일반 모니터링,농업기반시설_저수지_2021_v3.csv
아산시,문방,충청남도 아산시 인주면 문방리,61.0,198.0,201.0,228.0,17.0,2025-12-31,95.98333333333332,64.8,4.016666666666666,25.42061510730572,낮음,2.334096693658008,일반 모니터링,한국농어촌공사_농업기반시설 시설제원_저수지_2020.csv
아산시,문방,충청남도 아산시 인주면 문방리,61.0,198.0,201.0,228.0,17.0,2025-12-31,95.98333333333332,64.8,4.016666666666666,25.42061510730572,낮음,2.334096693658008,일반 모니터링,한국농어촌공사_농업기반시설제원_저수지_2022.csv
아산시,문방,충청남도 아산시 인주면 문방리,61.0,197.5,200.8,228.0,16.6,2025-12-31,95.98333333333332,64.8,4.016666666666666,25.42061510730572,낮음,2.3338253638816275,일반 모니터링,한국농어촌공사_농업기반시설 시설제원_저수지_20250925.csv
아산시,문방,충청남도 아산시 인주면 문방리,61.0,197.5,200.8,228.0,16.6,2025-12-31,95.98333333333332,64.8,4.016666666666666,25.42061510730572,낮음,2.3338253638816275,일반 모니터링,한국농어촌공사_농업기반시설_시설제원_저수지_2024.csv
아산시,문방,충청남도 아산시 인주면 문방리,61.0,197.5,200.8,228.0,16.6,2025-12-31,95.98333333333332,64.8,4.016666666666666,25.42061510730572,낮음,2.3338253638816275,일반 모니터링,한국농어촌공사_농업기반시설제원_저수지_2023.csv
아산시,신봉,충청남도 아산시 영인면 신봉리,56.0,158.0,161.0,228.0,8.0,2025-12-31,95.98333333333332,64.8,4.016666666666666,25.42061510730572,낮음,2.2944599101934364,일반 모니터링,농업기반시설_저수지_2021_v3.csv
아산시,신봉,충청남도 아산시 영인면 신봉리,56.0,158.0,161.0,228.0,8.0,2025-12-31,95.98333333333332,64.8,4.016666666666666,25.42061510730572,낮음,2.2944599101934364,일반 모니터링,한국농어촌공사_농업기반시설 시설제원_저수지_2020.csv
아산시,신봉,충청남도 아산시 영인면 신봉리,56.0,158.0,161.0,228.0,8.0,2025-12-31,95.98333333333332,64.8,4.016666666666666,25.42061510730572,낮음,2.2944599101934364,일반 모니터링,한국농어촌공사_농업기반시설제원_저수지_2022.csv
아산시,신봉,충청남도 아산시 영인면 신봉리,55.9,158.2,161.0,228.0,8.4,2025-12-31,95.98333333333332,64.8,4.016666666666666,25.42061510730572,낮음,2.2942098340769066,일반 모니터링,한국농어촌공사_농업기반시설 시설제원_저수지_20250925.csv
아산시,신봉,충청남도 아산시 영인면 신봉리,55.9,158.2,161.0,228.0,8.4,2025-12-31,95.98333333333332,64.8,4.016666666666666,25.42061510730572,낮음,2.2942098340769066,일반 모니터링,한국농어촌공사_농업기반시설_시설제원_저수지_2024.csv
아산시,신봉,충청남도 아산시 영인면 신봉리,55.9,158.2,161.0,228.0,8.4,2025-12-31,95.98333333333332,64.8,4.016666666666666,25.42061510730572,낮음,2.2942098340769066,일반 모니터링,한국농어촌공사_농업기반시설제원_저수지_2023.csv
아산시,신정,충청남도 아산시 음봉면 신정리,31.0,132.2,133.7,80.0,6.1,2025-12-31,95.98333333333332,64.8,4.016666666666666,25.42061510730572,낮음,2.190807286961665,일반 모니터링,한국농어촌공사_농업기반시설 시설제원_저수지_20250925.csv
아산시,신정,충청남도 아산시 음봉면 신정리,31.0,132.2,133.7,80.0,6.1,2025-12-31,95.98333333333332,64.8,4.016666666666666,25.42061510730572,낮음,2.190807286961665,일반 모니터링,한국농어촌공사_농업기반시설_시설제원_저수지_2024.csv
아산시,신정,충청남도 아산시 음봉면 신정리,31.0,132.2,133.7,80.0,6.1,2025-12-31,95.98333333333332,64.8,4.016666666666666,25.42061510730572,낮음,2.190807286961665,일반 모니터링,한국농어촌공사_농업기반시설제원_저수지_2023.csv
아산시,신정,충청남도 아산시 음봉면 신정리,31.0,132.0,134.0,80.0,6.0,2025-12-31,95.98333333333332,64.8,4.016666666666666,25.42061510730572,낮음,2.1906987550511126,일반 모니터링,농업기반시설_저수지_2021_v3.csv
아산시,신정,충청남도 아산시 음봉면 신정리,31.0,132.0,134.0,80.0,6.0,2025-12-31,95.98333333333332,64.8,4.016666666666666,25.42061510730572,낮음,2.1906987550511126,일반 모니터링,한국농어촌공사_농업기반시설 시설제원_저수지_2020.csv
아산시,신정,충청남도 아산시 음봉면 신정리,31.0,132.0,134.0,80.0,6.0,2025-12-31,95.98333333333332,64.8,4.016666666666666,25.42061510730572,낮음,2.1906987550511126,일반 모니터링,한국농어촌공사_농업기반시설제원_저수지_2022.csv
아산시,동천,충청남도 아산시 음봉면 신수리,18.0,90.3,90.9,107.0,3.2,2025-12-31,95.98333333333332,64.8,4.016666666666666,25.42061510730572,낮음,2.121450808180279,일반 모니터링,한국농어촌공사_농업기반시설 시설제원_저수지_20250925.csv
아산시,동천,충청남도 아산시 음봉면 신수리,18.0,90.3,90.9,107.0,3.2,2025-12-31,95.98333333333332,64.8,4.016666666666666,25.42061510730572,낮음,2.121450808180279,일반 모니터링,한국농어촌공사_농업기반시설_시설제원_저수지_2024.csv
아산시,동천,충청남도 아산시 음봉면 신수리,18.0,90.3,90.9,107.0,3.2,2025-12-31,95.98333333333332,64.8,4.016666666666666,25.42061510730572,낮음,2.121450808180279,일반 모니터링,한국농어촌공사_농업기반시설제원_저수지_2023.csv
아산시,동천,충청남도 아산시 음봉면 신수리,18.0,90.0,91.0,107.0,3.0,2025-12-31,95.98333333333332,64.8,4.016666666666666,25.42061510730572,낮음,2.1212880103144505,일반 모니터링,농업기반시설_저수지_2021_v3.csv
아산시,동천,충청남도 아산시 음봉면 신수리,18.0,90.0,91.0,107.0,3.0,2025-12-31,95.98333333333332,64.8,4.016666666666666,25.42061510730572,낮음,2.1212880103144505,일반 모니터링,한국농어촌공사_농업기반시설 시설제원_저수지_2020.csv
아산시,동천,충청남도 아산시 음봉면 신수리,18.0,90.0,91.0,107.0,3.0,2025-12-31,95.98333333333332,64.8,4.016666666666666,25.42061510730572,낮음,2.1212880103144505,일반 모니터링,한국농어촌공사_농업기반시설제원_저수지_2022.csv
예산군,예당(대흥),충청남도 예산군 응봉면 입침리,6971.4,46070.0,47103.0,37360.0,1088.7,2025-12-31,90.82307692307693,73.2,9.176923076923076,25.918204251683136,낮음,54.58835300655099,일반 모니터링,한국농어촌공사_농업기반시설 시설제원_저수지_20250925.csv
예산군,예당(대흥),충청남도 예산군 응봉면 입침리,6917.4,46070.2,47103.2,37360.0,1088.7,2025-12-31,90.82307692307693,73.2,9.176923076923076,25.918204251683136,낮음,54.39481320383722,일반 모니터링,한국농어촌공사_농업기반시설_시설제원_저수지_2024.csv
예산군,예당(대흥),충청남도 예산군 응봉면 입침리,6917.4,46070.2,47103.2,37360.0,1088.7,2025-12-31,90.82307692307693,73.2,9.176923076923076,25.918204251683136,낮음,54.39481320383722,일반 모니터링,한국농어촌공사_농업기반시설제원_저수지_2023.csv
예산군,예당(대흥),충청남도 예산군 응봉면 입침리,6917.0,46070.0,47103.0,37360.0,1089.0,2025-12-31,90.82307692307693,73.2,9.176923076923076,25.918204251683136,낮음,54.393270239818335,일반 모니터링,농업기반시설_저수지_2021_v3.csv
예산군,예당(대흥),충청남도 예산군 응봉면 입침리,6917.0,46070.0,47103.0,37360.0,1089.0,2025-12-31,90.82307692307693,73.2,9.176923076923076,25.918204251683136,낮음,54.393270239818335,일반 모니터링,한국농어촌공사_농업기반시설 시설제원_저수지_2020.csv
예산군,예당(대흥),충청남도 예산군 응봉면 입침리,6917.0,46070.0,47103.0,37360.0,1089.0,2025-12-31,90.82307692307693,73.2,9.176923076923076,25.918204251683136,낮음,54.393270239818335,일반 모니터링,한국농어촌공사_농업기반시설제원_저수지_2022.csv
예산군,옥계,충청남도 예산군 덕산면 옥계리,297.0,3014.0,3051.0,1182.0,43.0,2025-12-31,90.82307692307693,73.2,9.176923076923076,25.918204251683136,낮음,7.2886691432768735,일반 모니터링,농업기반시설_저수지_2021_v3.csv
예산군,옥계,충청남도 예산군 덕산면 옥계리,297.0,3014.0,3051.0,1182.0,43.0,2025-12-31,90.82307692307693,73.2,9.176923076923076,25.918204251683136,낮음,7.2886691432768735,일반 모니터링,한국농어촌공사_농업기반시설 시설제원_저수지_2020.csv
예산군,옥계,충청남도 예산군 덕산면 옥계리,297.0,3014.0,3051.0,1182.0,43.0,2025-12-31,90.82307692307693,73.2,9.176923076923076,25.918204251683136,낮음,7.2886691432768735,일반 모니터링,한국농어촌공사_농업기반시설제원_저수지_2022.csv
예산군,옥계,충청남도 예산군 덕산면 옥계리,296.8,3013.7,3050.7,1182.0,43.2,2025-12-31,90.82307692307693,73.2,9.176923076923076,25.918204251683136,낮음,7.287789129356881,일반 모니터링,한국농어촌공사_농업기반시설_시설제원_저수지_2024.csv
예산군,옥계,충청남도 예산군 덕산면 옥계리,296.8,3013.7,3050.7,1182.0,43.2,2025-12-31,90.82307692307693,73.2,9.176923076923076,25.918204251683136,낮음,7.287789129356881,일반 모니터링,한국농어촌공사_농업기반시설제원_저수지_2023.csv
예산군,옥계,충청남도 예산군 덕산면 옥계리,296.8,3000.0,3100.0,1182.0,43.2,2025-12-31,90.82307692307693,73.2,9.176923076923076,25.918204251683136,낮음,7.280354693484046,일반 모니터링,한국농어촌공사_농업기반시설 시설제원_저수지_20250925.csv
예산군,방산,충청남도 예산군 대술면 상항리,266.0,2054.0,2065.0,690.0,33.0,2025-12-31,90.82307692307693,73.2,9.176923076923076,25.918204251683136,낮음,6.656547484230194,일반 모니터링,농업기반시설_저수지_2021_v3.csv
예산군,방산,충청남도 예산군 대술면 상항리,266.0,2054.0,2065.0,690.0,33.0,2025-12-31,90.82307692307693,73.2,9.176923076923076,25.918204251683136,낮음,6.656547484230194,일반 모니터링,한국농어촌공사_농업기반시설 시설제원_저수지_2020.csv
예산군,방산,충청남도 예산군 대술면 상항리,266.0,2054.0,2065.0,690.0,33.0,2025-12-31,90.82307692307693,73.2,9.176923076923076,25.918204251683136,낮음,6.656547484230194,일반 모니터링,한국농어촌공사_농업기반시설제원_저수지_2022.csv
예산군,방산,충청남도 예산군 대술면 방산리,265.6,2054.0,2065.0,690.0,33.2,2025-12-31,90.82307692307693,73.2,9.176923076923076,25.918204251683136,낮음,6.655113052121866,일반 모니터링,한국농어촌공사_농업기반시설 시설제원_저수지_20250925.csv
예산군,방산,충청남도 예산군 대술면 방산리,265.6,2054.0,2065.0,690.0,33.2,2025-12-31,90.82307692307693,73.2,9.176923076923076,25.918204251683136,낮음,6.655113052121866,일반 모니터링,한국농어촌공사_농업기반시설_시설제원_저수지_2024.csv
예산군,방산,충청남도 예산군 대술면 방산리,265.6,2054.0,2065.0,690.0,33.2,2025-12-31,90.82307692307693,73.2,9.176923076923076,25.918204251683136,낮음,6.655113052121866,일반 모니터링,한국농어촌공사_농업기반시설제원_저수지_2023.csv
예산군,봉림,충청남도 예산군 봉산면 봉림리,234.0,2217.0,2221.0,745.0,27.0,2025-12-31,90.82307692307693,73.2,9.176923076923076,25.918204251683136,낮음,6.630246422664087,일반 모니터링,농업기반시설_저수지_2021_v3.csv
예산군,봉림,충청남도 예산군 봉산면 봉림리,234.0,2217.0,2221.0,745.0,27.0,2025-12-31,90.82307692307693,73.2,9.176923076923076,25.918204251683136,낮음,6.630246422664087,일반 모니터링,한국농어촌공사_농업기반시설 시설제원_저수지_2020.csv
예산군,봉림,충청남도 예산군 봉산면 사석리,234.0,2217.0,2221.0,745.0,26.59,2025-12-31,90.82307692307693,73.2,9.176923076923076,25.918204251683136,낮음,6.630246422664087,일반 모니터링,한국농어촌공사_농업기반시설 시설제원_저수지_20250925.csv
예산군,봉림,충청남도 예산군 봉산면 사석리,234.0,2217.0,2221.0,745.0,26.59,2025-12-31,90.82307692307693,73.2,9.176923076923076,25.918204251683136,낮음,6.630246422664087,일반 모니터링,한국농어촌공사_농업기반시설_시설제원_저수지_2024.csv
예산군,봉림,충청남도 예산군 봉산면 봉림리,234.0,2217.0,2221.0,745.0,27.0,2025-12-31,90.82307692307693,73.2,9.176923076923076,25.918204251683136,낮음,6.630246422664087,일반 모니터링,한국농어촌공사_농업기반시설제원_저수지_2022.csv
예산군,봉림,충청남도 예산군 봉산면 사석리,234.0,2217.0,2221.0,745.0,26.59,2025-12-31,90.82307692307693,73.2,9.176923076923076,25.918204251683136,낮음,6.630246422664087,일반 모니터링,한국농어촌공사_농업기반시설제원_저수지_2023.csv
예산군,송석,충청남도 예산군 대술면 송석리,171.4,1415.6,1429.9,560.0,23.5,2025-12-31,90.82307692307693,73.2,9.176923076923076,25.918204251683136,낮음,5.970870432127478,일반 모니터링,한국농어촌공사_농업기반시설 시설제원_저수지_20250925.csv
예산군,송석,충청남도 예산군 대술면 송석리,171.4,1415.6,1429.9,560.0,23.5,2025-12-31,90.82307692307693,73.2,9.176923076923076,25.918204251683136,낮음,5.970870432127478,일반 모니터링,한국농어촌공사_농업기반시설_시설제원_저수지_2024.csv
예산군,송석,충청남도 예산군 대술면 송석리,171.4,1415.6,1429.9,560.0,23.5,2025-12-31,90.82307692307693,73.2,9.176923076923076,25.918204251683136,낮음,5.970870432127478,일반 모니터링,한국농어촌공사_농업기반시설제원_저수지_2023.csv
예산군,송석,충청남도 예산군 대술면 송석리,171.0,1416.0,1430.0,560.0,24.0,2025-12-31,90.82307692307693,73.2,9.176923076923076,25.918204251683136,낮음,5.969653063840254,일반 모니터링,농업기반시설_저수지_2021_v3.csv
예산군,송석,충청남도 예산군 대술면 송석리,171.0,1416.0,1430.0,560.0,24.0,2025-12-31,90.82307692307693,73.2,9.176923076923076,25.918204251683136,낮음,5.969653063840254,일반 모니터링,한국농어촌공사_농업기반시설 시설제원_저수지_2020.csv
예산군,송석,충청남도 예산군 대술면 송석리,171.0,1416.0,1430.0,560.0,24.0,2025-12-31,90.82307692307693,73.2,9.176923076923076,25.918204251683136,낮음,5.969653063840254,일반 모니터링,한국농어촌공사_농업기반시설제원_저수지_2022.csv
예산군,여래미,충청남도 예산군 신양면 여래미리,138.3,1242.0,1366.0,380.0,14.0,2025-12-31,90.82307692307693,73.2,9.176923076923076,25.918204251683136,낮음,5.757965476803878,일반 모니터링,한국농어촌공사_농업기반시설 시설제원_저수지_20250925.csv
예산군,여래미,충청남도 예산군 신양면 여래미리,138.3,1242.0,1366.2,380.0,14.0,2025-12-31,90.82307692307693,73.2,9.176923076923076,25.918204251683136,낮음,5.757965476803878,일반 모니터링,한국농어촌공사_농업기반시설_시설제원_저수지_2024.csv
예산군,여래미,충청남도 예산군 신양면 여래미리,138.3,1242.0,1366.2,380.0,14.0,2025-12-31,90.82307692307693,73.2,9.176923076923076,25.918204251683136,낮음,5.757965476803878,일반 모니터링,한국농어촌공사_농업기반시설제원_저수지_2023.csv
예산군,여래미,충청남도 예산군 신양면 여래미리,138.0,1242.0,1366.0,380.0,14.0,2025-12-31,90.82307692307693,73.2,9.176923076923076,25.918204251683136,낮음,5.756889652722632,일반 모니터링,농업기반시설_저수지_2021_v3.csv
예산군,여래미,충청남도 예산군 신양면 여래미리,138.0,1242.0,1366.0,380.0,14.0,2025-12-31,90.82307692307693,73.2,9.176923076923076,25.918204251683136,낮음,5.756889652722632,일반 모니터링,한국농어촌공사_농업기반시설 시설제원_저수지_2020.csv
예산군,여래미,충청남도 예산군 신양면 여래미리,138.0,1242.0,1366.0,380.0,14.0,2025-12-31,90.82307692307693,73.2,9.176923076923076,25.918204251683136,낮음,5.756889652722632,일반 모니터링,한국농어촌공사_농업기반시설제원_저수지_2022.csv
예산군,수철,충청남도 예산군 예산읍 수철리,202.0,783.0,785.0,490.0,14.0,2025-12-31,90.82307692307693,73.2,9.176923076923076,25.918204251683136,낮음,5.737318055337541,일반 모니터링,농업기반시설_저수지_2021_v3.csv
예산군,수철,충청남도 예산군 예산읍 수철리,202.0,783.0,785.0,490.0,14.0,2025-12-31,90.82307692307693,73.2,9.176923076923076,25.918204251683136,낮음,5.737318055337541,일반 모니터링,한국농어촌공사_농업기반시설 시설제원_저수지_2020.csv
예산군,수철,충청남도 예산군 예산읍 수철리,202.0,783.0,785.0,490.0,14.0,2025-12-31,90.82307692307693,73.2,9.176923076923076,25.918204251683136,낮음,5.737318055337541,일반 모니터링,한국농어촌공사_농업기반시설제원_저수지_2022.csv
예산군,수철,충청남도 예산군 예산읍 수철리,201.5,782.5,785.0,490.0,14.1,2025-12-31,90.82307692307693,73.2,9.176923076923076,25.918204251683136,낮음,5.735253685425749,일반 모니터링,한국농어촌공사_농업기반시설 시설제원_저수지_20250925.csv
예산군,수철,충청남도 예산군 예산읍 수철리,201.5,782.5,785.0,490.0,14.1,2025-12-31,90.82307692307693,73.2,9.176923076923076,25.918204251683136,낮음,5.735253685425749,일반 모니터링,한국농어촌공사_농업기반시설_시설제원_저수지_2024.csv
예산군,수철,충청남도 예산군 예산읍 수철리,201.5,782.5,785.0,490.0,14.1,2025-12-31,90.82307692307693,73.2,9.176923076923076,25.918204251683136,낮음,5.735253685425749,일반 모니터링,한국농어촌공사_농업기반시설제원_저수지_2023.csv
예산군,산묵,충청남도 예산군 광시면 대리,98.3,714.4,730.1,220.0,9.3,2025-12-31,90.82307692307693,73.2,9.176923076923076,25.918204251683136,낮음,5.328215085933973,일반 모니터링,한국농어촌공사_농업기반시설 시설제원_저수지_20250925.csv
예산군,산묵,충청남도 예산군 광시면 대리,98.3,714.4,730.1,220.0,9.3,2025-12-31,90.82307692307693,73.2,9.176923076923076,25.918204251683136,낮음,5.328215085933973,일반 모니터링,한국농어촌공사_농업기반시설_시설제원_저수지_2024.csv
예산군,산묵,충청남도 예산군 광시면 대리,98.3,714.4,730.1,220.0,9.3,2025-12-31,90.82307692307693,73.2,9.176923076923076,25.918204251683136,낮음,5.328215085933973,일반 모니터링,한국농어촌공사_농업기반시설제원_저수지_2023.csv
예산군,산묵,충청남도 예산군 광시면 대리,98.0,714.0,730.0,220.0,9.0,2025-12-31,90.82307692307693,73.2,9.176923076923076,25.918204251683136,낮음,5.326922198031622,일반 모니터링,농업기반시설_저수지_2021_v3.csv
예산군,산묵,충청남도 예산군 광시면 대리,98.0,714.0,730.0,220.0,9.0,2025-12-31,90.82307692307693,73.2,9.176923076923076,25.918204251683136,낮음,5.326922198031622,일반 모니터링,한국농어촌공사_농업기반시설 시설제원_저수지_2020.csv
예산군,산묵,충청남도 예산군 광시면 대리,98.0,714.0,730.0,220.0,9.0,2025-12-31,90.82307692307693,73.2,9.176923076923076,25.918204251683136,낮음,5.326922198031622,일반 모니터링,한국농어촌공사_농업기반시설제원_저수지_2022.csv
예산군,하천,충청남도 예산군 신양면 하천리,91.4,707.0,810.5,190.0,11.06,2025-12-31,90.82307692307693,73.2,9.176923076923076,25.918204251683136,낮음,5.299455451374872,일반 모니터링,한국농어촌공사_농업기반시설 시설제원_저수지_20250925.csv
예산군,하천,충청남도 예산군 신양면 하천리,91.4,707.0,810.5,190.0,11.06,2025-12-31,90.82307692307693,73.2,9.176923076923076,25.918204251683136,낮음,5.299455451374872,일반 모니터링,한국농어촌공사_농업기반시설_시설제원_저수지_2024.csv
예산군,하천,충청남도 예산군 신양면 하천리,91.4,707.0,810.5,190.0,11.06,2025-12-31,90.82307692307693,73.2,9.176923076923076,25.918204251683136,낮음,5.299455451374872,일반 모니터링,한국농어촌공사_농업기반시설제원_저수지_2023.csv
예산군,하천,충청남도 예산군 신양면 하천리,91.0,707.0,811.0,190.0,11.0,2025-12-31,90.82307692307693,73.2,9.176923076923076,25.918204251683136,낮음,5.298021019266543,일반 모니터링,농업기반시설_저수지_2021_v3.csv
예산군,하천,충청남도 예산군 신양면 하천리,91.0,707.0,811.0,190.0,11.0,2025-12-31,90.82307692307693,73.2,9.176923076923076,25.918204251683136,낮음,5.298021019266543,일반 모니터링,한국농어촌공사_농업기반시설 시설제원_저수지_2020.csv
예산군,하천,충청남도 예산군 신양면 하천리,91.0,707.0,811.0,190.0,11.0,2025-12-31,90.82307692307693,73.2,9.176923076923076,25.918204251683136,낮음,5.298021019266543,일반 모니터링,한국농어촌공사_농업기반시설제원_저수지_2022.csv
예산군,용봉,충청남도 예산군 덕산면 둔리,92.0,517.0,521.0,420.0,17.0,2025-12-31,90.82307692307693,73.2,9.176923076923076,25.918204251683136,낮음,5.198501784512642,일반 모니터링,농업기반시설_저수지_2021_v3.csv
예산군,용봉,충청남도 예산군 덕산면 둔리,92.0,517.0,521.0,420.0,17.0,2025-12-31,90.82307692307693,73.2,9.176923076923076,25.918204251683136,낮음,5.198501784512642,일반 모니터링,한국농어촌공사_농업기반시설 시설제원_저수지_2020.csv
예산군,용봉,충청남도 예산군 덕산면 둔리,92.0,517.0,521.0,420.0,17.0,2025-12-31,90.82307692307693,73.2,9.176923076923076,25.918204251683136,낮음,5.198501784512642,일반 모니터링,한국농어촌공사_농업기반시설제원_저수지_2022.csv
예산군,용봉,충청남도 예산군 덕산면 둔리,91.9,516.7,521.3,420.0,16.7,2025-12-31,90.82307692307693,73.2,9.176923076923076,25.918204251683136,낮음,5.1979803786197305,일반 모니터링,한국농어촌공사_농업기반시설 시설제원_저수지_20250925.csv
예산군,용봉,충청남도 예산군 덕산면 둔리,91.9,516.7,521.3,420.0,16.7,2025-12-31,90.82307692307693,73.2,9.176923076923076,25.918204251683136,낮음,5.1979803786197305,일반 모니터링,한국농어촌공사_농업기반시설_시설제원_저수지_2024.csv
예산군,용봉,충청남도 예산군 덕산면 둔리,91.9,516.7,521.3,420.0,16.7,2025-12-31,90.82307692307693,73.2,9.176923076923076,25.918204251683136,낮음,5.1979803786197305,일반 모니터링,한국농어촌공사_농업기반시설제원_저수지_2023.csv
예산군,보강(대리),충청남도 예산군 광시면 대리,71.1,490.0,490.0,160.0,6.1,2025-12-31,90.82307692307693,73.2,9.176923076923076,25.918204251683136,낮음,5.108900898927921,일반 모니터링,한국농어촌공사_농업기반시설 시설제원_저수지_20250925.csv
예산군,보강(대리),충청남도 예산군 광시면 대리,71.1,490.0,490.0,160.0,6.1,2025-12-31,90.82307692307693,73.2,9.176923076923076,25.918204251683136,낮음,5.108900898927921,일반 모니터링,한국농어촌공사_농업기반시설_시설제원_저수지_2024.csv
예산군,보강(대리),충청남도 예산군 광시면 대리,71.1,490.0,490.0,160.0,6.1,2025-12-31,90.82307692307693,73.2,9.176923076923076,25.918204251683136,낮음,5.108900898927921,일반 모니터링,한국농어촌공사_농업기반시설제원_저수지_2023.csv
예산군,보강(대리),충청남도 예산군 광시면 대리,71.0,490.0,490.0,160.0,6.0,2025-12-31,90.82307692307693,73.2,9.176923076923076,25.918204251683136,낮음,5.108542290900839,일반 모니터링,농업기반시설_저수지_2021_v3.csv
예산군,보강(대리),충청남도 예산군 광시면 대리,71.0,490.0,490.0,160.0,6.0,2025-12-31,90.82307692307693,73.2,9.176923076923076,25.918204251683136,낮음,5.108542290900839,일반 모니터링,한국농어촌공사_농업기반시설 시설제원_저수지_2020.csv
예산군,보강(대리),충청남도 예산군 광시면 대리,71.0,490.0,490.0,160.0,6.0,2025-12-31,90.82307692307693,73.2,9.176923076923076,25.918204251683136,낮음,5.108542290900839,일반 모니터링,한국농어촌공사_농업기반시설제원_저수지_2022.csv
예산군,광천,충청남도 예산군 덕산면 광천리,65.0,318.0,318.0,120.0,4.0,2025-12-31,90.82307692307693,73.2,9.176923076923076,25.918204251683136,낮음,4.993688366200901,일반 모니터링,농업기반시설_저수지_2021_v3.csv
예산군,광천,충청남도 예산군 덕산면 광천리,65.0,318.0,318.0,120.0,4.0,2025-12-31,90.82307692307693,73.2,9.176923076923076,25.918204251683136,낮음,4.993688366200901,일반 모니터링,한국농어촌공사_농업기반시설 시설제원_저수지_2020.csv
예산군,광천,충청남도 예산군 덕산면 광천리,65.0,318.0,318.0,120.0,4.0,2025-12-31,90.82307692307693,73.2,9.176923076923076,25.918204251683136,낮음,4.993688366200901,일반 모니터링,한국농어촌공사_농업기반시설제원_저수지_2022.csv
예산군,광천,충청남도 예산군 덕산면 광천리,64.7,317.9,317.9,120.0,3.9,2025-12-31,90.82307692307693,73.2,9.176923076923076,25.918204251683136,낮음,4.992558276164379,일반 모니터링,한국농어촌공사_농업기반시설 시설제원_저수지_20250925.csv
예산군,광천,충청남도 예산군 덕산면 광천리,64.7,317.9,317.9,120.0,3.9,2025-12-31,90.82307692307693,73.2,9.176923076923076,25.918204251683136,낮음,4.992558276164379,일반 모니터링,한국농어촌공사_농업기반시설_시설제원_저수지_2024.csv
예산군,광천,충청남도 예산군 덕산면 광천리,64.7,317.9,317.9,120.0,3.9,2025-12-31,90.82307692307693,73.2,9.176923076923076,25.918204251683136,낮음,4.992558276164379,일반 모니터링,한국농어촌공사_농업기반시설제원_저수지_2023.csv
예산군,상가,충청남도 예산군 덕산면 상가리,17.0,333.0,348.0,234.0,4.0,2025-12-31,90.82307692307693,73.2,9.176923076923076,25.918204251683136,낮음,4.829696406492929,일반 모니터링,농업기반시설_저수지_2021_v3.csv
예산군,상가,충청남도 예산군 덕산면 상가리,17.0,333.0,348.0,234.0,4.0,2025-12-31,90.82307692307693,73.2,9.176923076923076,25.918204251683136,낮음,4.829696406492929,일반 모니터링,한국농어촌공사_농업기반시설 시설제원_저수지_2020.csv
예산군,상가,충청남도 예산군 덕산면 상가리,17.0,333.0,348.0,234.0,4.0,2025-12-31,90.82307692307693,73.2,9.176923076923076,25.918204251683136,낮음,4.829696406492929,일반 모니터링,한국농어촌공사_농업기반시설제원_저수지_2022.csv
예산군,상가,충청남도 예산군 덕산면 상가리,16.6,333.1,348.0,228.0,4.0,2025-12-31,90.82307692307693,73.2,9.176923076923076,25.918204251683136,낮음,4.828316240339877,일반 모니터링,한국농어촌공사_농업기반시설 시설제원_저수지_20250925.csv
예산군,상가,충청남도 예산군 덕산면 상가리,16.6,333.1,348.0,234.0,4.0,2025-12-31,90.82307692307693,73.2,9.176923076923076,25.918204251683136,낮음,4.828316240339877,일반 모니터링,한국농어촌공사_농업기반시설_시설제원_저수지_2024.csv
예산군,상가,충청남도 예산군 덕산면 상가리,16.6,333.1,348.0,234.0,4.0,2025-12-31,90.82307692307693,73.2,9.176923076923076,25.918204251683136,낮음,4.828316240339877,일반 모니터링,한국농어촌공사_농업기반시설제원_저수지_2023.csv
천안시,용연,충청남도 천안시 동남구 목천읍 서흥리,421.0,3050.0,3050.0,2070.0,49.0,2025-12-31,92.82,70.2,7.179999999999993,21.24106528869609,낮음,6.754417302296531,일반 모니터링,농업기반시설_저수지_2021_v3.csv
천안시,용연,충청남도 천안시 동남구 목천읍 서흥리,421.0,3050.0,3050.0,2070.0,49.0,2025-12-31,92.82,70.2,7.179999999999993,21.24106528869609,낮음,6.754417302296531,일반 모니터링,한국농어촌공사_농업기반시설 시설제원_저수지_2020.csv
천안시,용연,충청남도 천안시 동남구 목천읍 교촌리,421.0,3050.0,3050.0,2002.0,49.21,2025-12-31,92.82,70.2,7.179999999999993,21.24106528869609,낮음,6.754417302296531,일반 모니터링,한국농어촌공사_농업기반시설 시설제원_저수지_20250925.csv
천안시,용연,충청남도 천안시 동남구 목천읍 서흥리,421.0,3050.0,3050.0,2070.0,49.0,2025-12-31,92.82,70.2,7.179999999999993,21.24106528869609,낮음,6.754417302296531,일반 모니터링,한국농어촌공사_농업기반시설제원_저수지_2022.csv
천안시,용연,충청남도 천안시 동남구 목천읍 교촌리,421.0,3049.8,3049.8,2070.0,49.21,2025-12-31,92.82,70.2,7.179999999999993,21.24106528869609,낮음,6.754308770385979,일반 모니터링,한국농어촌공사_농업기반시설_시설제원_저수지_2024.csv
천안시,용연,충청남도 천안시 동남구 목천읍 교촌리,421.0,3049.8,3049.8,2070.0,49.21,2025-12-31,92.82,70.2,7.179999999999993,21.24106528869609,낮음,6.754308770385979,일반 모니터링,한국농어촌공사_농업기반시설제원_저수지_2023.csv
천안시,청용,충청남도 천안시 서북구 입장면 도림리,291.2,1200.0,1201.0,730.0,16.6,2025-12-31,92.82,70.2,7.179999999999993,21.24106528869609,낮음,5.285023910534843,일반 모니터링,한국농어촌공사_농업기반시설제원_저수지_2023.csv
천안시,풍년,충청남도 천안시 서북구 입장면 시장리,292.0,1172.45,1264.26,683.0,30.8,2025-12-31,92.82,70.2,7.179999999999993,21.24106528869609,낮음,5.2729425040729145,일반 모니터링,한국농어촌공사_농업기반시설_시설제원_저수지_2024.csv
천안시,풍년,충청남도 천안시 서북구 입장면 시장리,292.0,1172.45,1264.26,683.0,30.8,2025-12-31,92.82,70.2,7.179999999999993,21.24106528869609,낮음,5.2729425040729145,일반 모니터링,한국농어촌공사_농업기반시설제원_저수지_2023.csv
천안시,풍년,충청남도 천안시 서북구 입장면 시장리,292.0,1172.4,1264.2,683.0,30.8,2025-12-31,92.82,70.2,7.179999999999993,21.24106528869609,낮음,5.2729153710952765,일반 모니터링,한국농어촌공사_농업기반시설 시설제원_저수지_20250925.csv
천안시,풍년,충청남도 천안시 서북구 입장면 시장리,292.0,1172.0,1264.0,683.0,31.0,2025-12-31,92.82,70.2,7.179999999999993,21.24106528869609,낮음,5.2726983072741715,일반 모니터링,농업기반시설_저수지_2021_v3.csv
천안시,풍년,충청남도 천안시 서북구 입장면 시장리,292.0,1172.0,1264.0,683.0,31.0,2025-12-31,92.82,70.2,7.179999999999993,21.24106528869609,낮음,5.2726983072741715,일반 모니터링,한국농어촌공사_농업기반시설 시설제원_저수지_2020.csv
천안시,풍년,충청남도 천안시 서북구 입장면 시장리,292.0,1172.0,1264.0,683.0,31.0,2025-12-31,92.82,70.2,7.179999999999993,21.24106528869609,낮음,5.2726983072741715,일반 모니터링,한국농어촌공사_농업기반시설제원_저수지_2022.csv
천안시,입장,충청남도 천안시 서북구 입장면 기로리,352.0,622.0,636.0,752.0,18.0,2025-12-31,92.82,70.2,7.179999999999993,21.24106528869609,낮음,5.189400369504481,일반 모니터링,농업기반시설_저수지_2021_v3.csv
천안시,입장,충청남도 천안시 서북구 입장면 기로리,352.0,622.0,636.0,752.0,18.0,2025-12-31,92.82,70.2,7.179999999999993,21.24106528869609,낮음,5.189400369504481,일반 모니터링,한국농어촌공사_농업기반시설 시설제원_저수지_2020.csv
천안시,입장,충청남도 천안시 서북구 입장면 기로리,352.0,622.0,636.0,752.0,18.21,2025-12-31,92.82,70.2,7.179999999999993,21.24106528869609,낮음,5.189400369504481,일반 모니터링,한국농어촌공사_농업기반시설 시설제원_저수지_20250925.csv
천안시,입장,충청남도 천안시 서북구 입장면 기로리,352.0,622.0,636.33,752.0,18.21,2025-12-31,92.82,70.2,7.179999999999993,21.24106528869609,낮음,5.189400369504481,일반 모니터링,한국농어촌공사_농업기반시설_시설제원_저수지_2024.csv
천안시,입장,충청남도 천안시 서북구 입장면 기로리,352.0,622.0,636.0,752.0,18.0,2025-12-31,92.82,70.2,7.179999999999993,21.24106528869609,낮음,5.189400369504481,일반 모니터링,한국농어촌공사_농업기반시설제원_저수지_2022.csv
천안시,입장,충청남도 천안시 서북구 입장면 기로리,352.0,622.0,636.33,752.0,18.21,2025-12-31,92.82,70.2,7.179999999999993,21.24106528869609,낮음,5.189400369504481,일반 모니터링,한국농어촌공사_농업기반시설제원_저수지_2023.csv
천안시,천흥,충청남도 천안시 서북구 성거읍 천흥리,206.0,830.0,839.0,500.0,14.0,2025-12-31,92.82,70.2,7.179999999999993,21.24106528869609,낮음,4.778705836939082,일반 모니터링,농업기반시설_저수지_2021_v3.csv
천안시,천흥,충청남도 천안시 서북구 성거읍 천흥리,206.0,830.0,839.0,500.0,14.0,2025-12-31,92.82,70.2,7.179999999999993,21.24106528869609,낮음,4.778705836939082,일반 모니터링,한국농어촌공사_농업기반시설 시설제원_저수지_2020.csv
천안시,천흥,충청남도 천안시 서북구 성거읍 천흥리,206.0,830.0,839.0,500.0,14.0,2025-12-31,92.82,70.2,7.179999999999993,21.24106528869609,낮음,4.778705836939082,일반 모니터링,한국농어촌공사_농업기반시설제원_저수지_2022.csv
천안시,천흥,충청남도 천안시 서북구 성거읍 천흥리,206.0,829.74,838.94,500.0,14.27,2025-12-31,92.82,70.2,7.179999999999993,21.24106528869609,낮음,4.7785647454553635,일반 모니터링,한국농어촌공사_농업기반시설 시설제원_저수지_20250925.csv
천안시,천흥,충청남도 천안시 서북구 성거읍 천흥리,206.0,829.74,838.94,500.0,14.27,2025-12-31,92.82,70.2,7.179999999999993,21.24106528869609,낮음,4.7785647454553635,일반 모니터링,한국농어촌공사_농업기반시설_시설제원_저수지_2024.csv
천안시,천흥,충청남도 천안시 서북구 성거읍 천흥리,206.0,829.74,838.94,500.0,14.27,2025-12-31,92.82,70.2,7.179999999999993,21.24106528869609,낮음,4.7785647454553635,일반 모니터링,한국농어촌공사_농업기반시설제원_저수지_2023.csv
천안시,학정,충청남도 천안시 서북구 성환읍 대홍리,214.0,775.04,775.04,706.0,39.59,2025-12-31,92.82,70.2,7.179999999999993,21.24106528869609,낮음,4.777569910085864,일반 모니터링,한국농어촌공사_농업기반시설 시설제원_저수지_20250925.csv
천안시,학정,충청남도 천안시 서북구 성환읍 대홍리,214.0,775.04,775.04,706.0,39.59,2025-12-31,92.82,70.2,7.179999999999993,21.24106528869609,낮음,4.777569910085864,일반 모니터링,한국농어촌공사_농업기반시설_시설제원_저수지_2024.csv
천안시,학정,충청남도 천안시 서북구 성환읍 대홍리,214.0,775.04,775.04,706.0,39.59,2025-12-31,92.82,70.2,7.179999999999993,21.24106528869609,낮음,4.777569910085864,일반 모니터링,한국농어촌공사_농업기반시설제원_저수지_2023.csv
천안시,학정,충청남도 천안시 서북구 성환읍 학정리,214.0,775.0,775.0,706.0,40.0,2025-12-31,92.82,70.2,7.179999999999993,21.24106528869609,낮음,4.777548203703754,일반 모니터링,농업기반시설_저수지_2021_v3.csv
천안시,학정,충청남도 천안시 서북구 성환읍 학정리,214.0,775.0,775.0,706.0,40.0,2025-12-31,92.82,70.2,7.179999999999993,21.24106528869609,낮음,4.777548203703754,일반 모니터링,한국농어촌공사_농업기반시설 시설제원_저수지_2020.csv
천안시,학정,충청남도 천안시 서북구 성환읍 학정리,214.0,775.0,775.0,706.0,40.0,2025-12-31,92.82,70.2,7.179999999999993,21.24106528869609,낮음,4.777548203703754,일반 모니터링,한국농어촌공사_농업기반시설제원_저수지_2022.csv
천안시,양전,충청남도 천안시 서북구 직산읍 양당리,263.0,369.01,385.12,360.0,23.24,2025-12-31,92.82,70.2,7.179999999999993,21.24106528869609,낮음,4.732951785148249,일반 모니터링,한국농어촌공사_농업기반시설 시설제원_저수지_20250925.csv
천안시,양전,충청남도 천안시 서북구 직산읍 양당리,263.0,369.01,385.12,360.0,23.24,2025-12-31,92.82,70.2,7.179999999999993,21.24106528869609,낮음,4.732951785148249,일반 모니터링,한국농어촌공사_농업기반시설_시설제원_저수지_2024.csv
천안시,양전,충청남도 천안시 서북구 직산읍 양당리,263.0,369.01,385.12,360.0,23.24,2025-12-31,92.82,70.2,7.179999999999993,21.24106528869609,낮음,4.732951785148249,일반 모니터링,한국농어촌공사_농업기반시설제원_저수지_2023.csv
천안시,양전,충청남도 천안시 서북구 직산읍 양당리,263.0,369.0,385.0,360.0,23.0,2025-12-31,92.82,70.2,7.179999999999993,21.24106528869609,낮음,4.732946358552722,일반 모니터링,농업기반시설_저수지_2021_v3.csv
천안시,양전,충청남도 천안시 서북구 직산읍 양당리,263.0,369.0,385.0,360.0,23.0,2025-12-31,92.82,70.2,7.179999999999993,21.24106528869609,낮음,4.732946358552722,일반 모니터링,한국농어촌공사_농업기반시설 시설제원_저수지_2020.csv
천안시,양전,충청남도 천안시 서북구 직산읍 양당리,263.0,369.0,385.0,360.0,23.0,2025-12-31,92.82,70.2,7.179999999999993,21.24106528869609,낮음,4.732946358552722,일반 모니터링,한국농어촌공사_농업기반시설제원_저수지_2022.csv
천안시,업성,충청남도 천안시 서북구 업성동,142.0,952.03,952.03,507.0,37.37,2025-12-31,92.82,70.2,7.179999999999993,21.24106528869609,낮음,4.6154174448300616,일반 모니터링,한국농어촌공사_농업기반시설 시설제원_저수지_20250925.csv
천안시,업성,충청남도 천안시 서북구 업성동,142.0,952.03,952.03,507.0,37.37,2025-12-31,92.82,70.2,7.179999999999993,21.24106528869609,낮음,4.6154174448300616,일반 모니터링,한국농어촌공사_농업기반시설_시설제원_저수지_2024.csv
천안시,업성,충청남도 천안시 서북구 업성동,142.0,952.03,952.03,507.0,37.37,2025-12-31,92.82,70.2,7.179999999999993,21.24106528869609,낮음,4.6154174448300616,일반 모니터링,한국농어촌공사_농업기반시설제원_저수지_2023.csv
천안시,업성,충청남도 천안시 서북구 업성동,142.0,952.0,952.0,507.0,37.0,2025-12-31,92.82,70.2,7.179999999999993,21.24106528869609,낮음,4.61540116504348,일반 모니터링,농업기반시설_저수지_2021_v3.csv
천안시,업성,충청남도 천안시 서북구 업성동,142.0,952.0,952.0,507.0,37.0,2025-12-31,92.82,70.2,7.179999999999993,21.24106528869609,낮음,4.61540116504348,일반 모니터링,한국농어촌공사_농업기반시설 시설제원_저수지_2020.csv
천안시,업성,충청남도 천안시 서북구 업성동,142.0,952.0,952.0,507.0,37.0,2025-12-31,92.82,70.2,7.179999999999993,21.24106528869609,낮음,4.61540116504348,일반 모니터링,한국농어촌공사_농업기반시설제원_저수지_2022.csv
천안시,대정,충청남도 천안시 동남구 성남면 석곡리,147.0,829.0,845.1,370.0,16.1,2025-12-31,92.82,70.2,7.179999999999993,21.24106528869609,낮음,4.566584441407894,일반 모니터링,한국농어촌공사_농업기반시설 시설제원_저수지_20250925.csv
천안시,대정,충청남도 천안시 동남구 성남면 대정리,147.0,739.0,755.0,383.0,16.0,2025-12-31,92.82,70.2,7.179999999999993,21.24106528869609,낮음,4.517745081659341,일반 모니터링,농업기반시설_저수지_2021_v3.csv
천안시,대정,충청남도 천안시 동남구 성남면 대정리,147.0,739.0,755.0,383.0,16.0,2025-12-31,92.82,70.2,7.179999999999993,21.24106528869609,낮음,4.517745081659341,일반 모니터링,한국농어촌공사_농업기반시설 시설제원_저수지_2020.csv
천안시,대정,충청남도 천안시 동남구 성남면 대정리,147.0,739.0,755.0,383.0,16.0,2025-12-31,92.82,70.2,7.179999999999993,21.24106528869609,낮음,4.517745081659341,일반 모니터링,한국농어촌공사_농업기반시설제원_저수지_2022.csv
천안시,천호,충청남도 천안시 동남구 신부동,4.0,1071.02,1071.02,850.0,32.5,2025-12-31,92.82,70.2,7.179999999999993,21.24106528869609,낮음,4.185109427639909,일반 모니터링,한국농어촌공사_농업기반시설 시설제원_저수지_20250925.csv
천안시,천호,충청남도 천안시 동남구 신부동,4.0,1071.02,1071.02,850.0,32.5,2025-12-31,92.82,70.2,7.179999999999993,21.24106528869609,낮음,4.185109427639909,일반 모니터링,한국농어촌공사_농업기반시설_시설제원_저수지_2024.csv
천안시,천호,충청남도 천안시 동남구 신부동,4.0,1071.02,1071.02,850.0,32.5,2025-12-31,92.82,70.2,7.179999999999993,21.24106528869609,낮음,4.185109427639909,일반 모니터링,한국농어촌공사_농업기반시설제원_저수지_2023.csv
천안시,천호,충청남도 천안시 동남구 신부동,4.0,1071.0,1071.0,850.0,33.0,2025-12-31,92.82,70.2,7.179999999999993,21.24106528869609,낮음,4.185098574448854,일반 모니터링,농업기반시설_저수지_2021_v3.csv
천안시,천호,충청남도 천안시 동남구 신부동,4.0,1071.0,1071.0,850.0,33.0,2025-12-31,92.82,70.2,7.179999999999993,21.24106528869609,낮음,4.185098574448854,일반 모니터링,한국농어촌공사_농업기반시설 시설제원_저수지_2020.csv
천안시,천호,충청남도 천안시 동남구 신부동,4.0,1071.0,1071.0,850.0,33.0,2025-12-31,92.82,70.2,7.179999999999993,21.24106528869609,낮음,4.185098574448854,일반 모니터링,한국농어촌공사_농업기반시설제원_저수지_2022.csv
천안시,대정,충청남도 천안시 동남구 성남면 석곡리,147.0,73.9,78.14,370.0,16.14,2025-12-31,92.82,70.2,7.179999999999993,21.24106528869609,낮음,4.156822213117532,일반 모니터링,한국농어촌공사_농업기반시설_시설제원_저수지_2024.csv
천안시,대정,충청남도 천안시 동남구 성남면 석곡리,147.0,73.9,78.14,370.0,16.14,2025-12-31,92.82,70.2,7.179999999999993,21.24106528869609,낮음,4.156822213117532,일반 모니터링,한국농어촌공사_농업기반시설제원_저수지_2023.csv
천안시,마정,충청남도 천안시 서북구 직산읍 마정리,88.1,438.05,450.61,360.0,18.09,2025-12-31,92.82,70.2,7.179999999999993,21.24106528869609,낮음,4.143211561304362,일반 모니터링,한국농어촌공사_농업기반시설_시설제원_저수지_2024.csv
천안시,마정,충청남도 천안시 서북구 직산읍 마정리,88.1,438.05,450.61,360.0,18.09,2025-12-31,92.82,70.2,7.179999999999993,21.24106528869609,낮음,4.143211561304362,일반 모니터링,한국농어촌공사_농업기반시설제원_저수지_2023.csv
천안시,마정,충청남도 천안시 서북구 직산읍 마정리,88.1,438.0,451.0,371.0,18.09,2025-12-31,92.82,70.2,7.179999999999993,21.24106528869609,낮음,4.143184428326724,일반 모니터링,한국농어촌공사_농업기반시설 시설제원_저수지_20250925.csv
천안시,마정,충청남도 천안시 서북구 직산읍 마정리,88.0,438.0,451.0,360.0,18.0,2025-12-31,92.82,70.2,7.179999999999993,21.24106528869609,낮음,4.142825820299642,일반 모니터링,농업기반시설_저수지_2021_v3.csv
천안시,마정,충청남도 천안시 서북구 직산읍 마정리,88.0,438.0,451.0,360.0,18.0,2025-12-31,92.82,70.2,7.179999999999993,21.24106528869609,낮음,4.142825820299642,일반 모니터링,한국농어촌공사_농업기반시설 시설제원_저수지_2020.csv
천안시,마정,충청남도 천안시 서북구 직산읍 마정리,88.0,438.0,451.0,360.0,18.0,2025-12-31,92.82,70.2,7.179999999999993,21.24106528869609,낮음,4.142825820299642,일반 모니터링,한국농어촌공사_농업기반시설제원_저수지_2022.csv
천안시,문암,충청남도 천안시 동남구 안서동,53.0,562.0,562.0,168.0,7.0,2025-12-31,92.82,70.2,7.179999999999993,21.24106528869609,낮음,4.084602795363366,일반 모니터링,농업기반시설_저수지_2021_v3.csv
천안시,문암,충청남도 천안시 동남구 안서동,53.0,562.0,562.0,168.0,7.0,2025-12-31,92.82,70.2,7.179999999999993,21.24106528869609,낮음,4.084602795363366,일반 모니터링,한국농어촌공사_농업기반시설 시설제원_저수지_2020.csv
천안시,문암,충청남도 천안시 동남구 안서동,53.0,562.0,562.0,168.0,7.2,2025-12-31,92.82,70.2,7.179999999999993,21.24106528869609,낮음,4.084602795363366,일반 모니터링,한국농어촌공사_농업기반시설 시설제원_저수지_20250925.csv
천안시,문암,충청남도 천안시 동남구 안서동,53.0,562.0,562.0,168.0,7.2,2025-12-31,92.82,70.2,7.179999999999993,21.24106528869609,낮음,4.084602795363366,일반 모니터링,한국농어촌공사_농업기반시설_시설제원_저수지_2024.csv
천안시,문암,충청남도 천안시 동남구 안서동,53.0,562.0,562.0,168.0,7.0,2025-12-31,92.82,70.2,7.179999999999993,21.24106528869609,낮음,4.084602795363366,일반 모니터링,한국농어촌공사_농업기반시설제원_저수지_2022.csv
천안시,문암,충청남도 천안시 동남구 안서동,53.0,562.0,562.0,168.0,7.2,2025-12-31,92.82,70.2,7.179999999999993,21.24106528869609,낮음,4.084602795363366,일반 모니터링,한국농어촌공사_농업기반시설제원_저수지_2023.csv
천안시,어룡,충청남도 천안시 서북구 성환읍 어룡리,60.3,92.02,92.76,107.0,4.64,2025-12-31,92.82,70.2,7.179999999999993,21.24106528869609,낮음,3.855742044733412,일반 모니터링,한국농어촌공사_농업기반시설 시설제원_저수지_20250925.csv
천안시,어룡,충청남도 천안시 서북구 성환읍 어룡리,60.3,92.02,92.76,107.0,4.64,2025-12-31,92.82,70.2,7.179999999999993,21.24106528869609,낮음,3.855742044733412,일반 모니터링,한국농어촌공사_농업기반시설_시설제원_저수지_2024.csv
천안시,어룡,충청남도 천안시 서북구 성환읍 어룡리,60.3,92.02,92.76,107.0,4.64,2025-12-31,92.82,70.2,7.179999999999993,21.24106528869609,낮음,3.855742044733412,일반 모니터링,한국농어촌공사_농업기반시설제원_저수지_2023.csv
천안시,어룡,충청남도 천안시 서북구 성환읍 어룡리,60.0,92.0,93.0,107.0,5.0,2025-12-31,92.82,70.2,7.179999999999993,21.24106528869609,낮음,3.8546553674611106,일반 모니터링,농업기반시설_저수지_2021_v3.csv
천안시,어룡,충청남도 천안시 서북구 성환읍 어룡리,60.0,92.0,93.0,107.0,5.0,2025-12-31,92.82,70.2,7.179999999999993,21.24106528869609,낮음,3.8546553674611106,일반 모니터링,한국농어촌공사_농업기반시설 시설제원_저수지_2020.csv
천안시,어룡,충청남도 천안시 서북구 성환읍 어룡리,60.0,92.0,93.0,107.0,5.0,2025-12-31,92.82,70.2,7.179999999999993,21.24106528869609,낮음,3.8546553674611106,일반 모니터링,한국농어촌공사_농업기반시설제원_저수지_2022.csv
천안시,남창,충청남도 천안시 서북구 성거읍 송남리,37.0,145.02,145.02,100.0,3.54,2025-12-31,92.82,70.2,7.179999999999993,21.24106528869609,낮음,3.800947330719658,일반 모니터링,한국농어촌공사_농업기반시설 시설제원_저수지_20250925.csv
천안시,남창,충청남도 천안시 서북구 성거읍 송남리,37.0,145.02,145.02,100.0,3.54,2025-12-31,92.82,70.2,7.179999999999993,21.24106528869609,낮음,3.800947330719658,일반 모니터링,한국농어촌공사_농업기반시설_시설제원_저수지_2024.csv
천안시,남창,충청남도 천안시 서북구 성거읍 송남리,37.0,145.02,145.02,100.0,3.54,2025-12-31,92.82,70.2,7.179999999999993,21.24106528869609,낮음,3.800947330719658,일반 모니터링,한국농어촌공사_농업기반시설제원_저수지_2023.csv
천안시,남창,충청남도 천안시 서북구 성거읍 송남리,37.0,145.0,145.0,100.0,4.0,2025-12-31,92.82,70.2,7.179999999999993,21.24106528869609,낮음,3.800936477528603,일반 모니터링,농업기반시설_저수지_2021_v3.csv
천안시,남창,충청남도 천안시 서북구 성거읍 송남리,37.0,145.0,145.0,100.0,4.0,2025-12-31,92.82,70.2,7.179999999999993,21.24106528869609,낮음,3.800936477528603,일반 모니터링,한국농어촌공사_농업기반시설 시설제원_저수지_2020.csv
천안시,남창,충청남도 천안시 서북구 성거읍 송남리,37.0,145.0,145.0,100.0,4.0,2025-12-31,92.82,70.2,7.179999999999993,21.24106528869609,낮음,3.800936477528603,일반 모니터링,한국농어촌공사_농업기반시설제원_저수지_2022.csv
천안시,신월,충청남도 천안시 서북구 성거읍 소우리,27.0,196.01,207.15,94.0,8.13,2025-12-31,92.82,70.2,7.179999999999993,21.24106528869609,낮음,3.7927567386067698,일반 모니터링,한국농어촌공사_농업기반시설 시설제원_저수지_20250925.csv
천안시,신월,충청남도 천안시 서북구 성거읍 소우리,27.0,196.01,207.15,94.0,8.13,2025-12-31,92.82,70.2,7.179999999999993,21.24106528869609,낮음,3.7927567386067698,일반 모니터링,한국농어촌공사_농업기반시설_시설제원_저수지_2024.csv
천안시,신월,충청남도 천안시 서북구 성거읍 소우리,27.0,196.01,207.15,94.0,8.13,2025-12-31,92.82,70.2,7.179999999999993,21.24106528869609,낮음,3.7927567386067698,일반 모니터링,한국농어촌공사_농업기반시설제원_저수지_2023.csv
천안시,신월,충청남도 천안시 서북구 성거읍 신월리,27.0,196.0,207.0,94.0,8.0,2025-12-31,92.82,70.2,7.179999999999993,21.24106528869609,낮음,3.792751312011242,일반 모니터링,농업기반시설_저수지_2021_v3.csv
천안시,신월,충청남도 천안시 서북구 성거읍 신월리,27.0,196.0,207.0,94.0,8.0,2025-12-31,92.82,70.2,7.179999999999993,21.24106528869609,낮음,3.792751312011242,일반 모니터링,한국농어촌공사_농업기반시설 시설제원_저수지_2020.csv
천안시,신월,충청남도 천안시 서북구 성거읍 신월리,27.0,196.0,207.0,94.0,8.0,2025-12-31,92.82,70.2,7.179999999999993,21.24106528869609,낮음,3.792751312011242,일반 모니터링,한국농어촌공사_농업기반시설제원_저수지_2022.csv
천안시,매주,충청남도 천안시 서북구 성환읍 매주리,27.0,177.0,192.0,130.0,8.0,2025-12-31,92.82,70.2,7.179999999999993,21.24106528869609,낮음,3.7824407805087694,일반 모니터링,농업기반시설_저수지_2021_v3.csv
천안시,매주,충청남도 천안시 서북구 성환읍 매주리,27.0,177.0,192.0,130.0,8.0,2025-12-31,92.82,70.2,7.179999999999993,21.24106528869609,낮음,3.7824407805087694,일반 모니터링,한국농어촌공사_농업기반시설 시설제원_저수지_2020.csv
천안시,매주,충청남도 천안시 서북구 성환읍 매주리,27.0,177.0,192.0,130.0,8.0,2025-12-31,92.82,70.2,7.179999999999993,21.24106528869609,낮음,3.7824407805087694,일반 모니터링,한국농어촌공사_농업기반시설제원_저수지_2022.csv
천안시,매주,충청남도 천안시 서북구 성환읍 매주리,27.0,176.57,191.77,130.0,8.4,2025-12-31,92.82,70.2,7.179999999999993,21.24106528869609,낮음,3.782207436901082,일반 모니터링,한국농어촌공사_농업기반시설 시설제원_저수지_20250925.csv
천안시,매주,충청남도 천안시 서북구 성환읍 매주리,27.0,176.57,191.77,130.0,8.4,2025-12-31,92.82,70.2,7.179999999999993,21.24106528869609,낮음,3.782207436901082,일반 모니터링,한국농어촌공사_농업기반시설_시설제원_저수지_2024.csv
천안시,매주,충청남도 천안시 서북구 성환읍 매주리,27.0,176.57,191.77,130.0,8.4,2025-12-31,92.82,70.2,7.179999999999993,21.24106528869609,낮음,3.782207436901082,일반 모니터링,한국농어촌공사_농업기반시설제원_저수지_2023.csv
천안시,율금,충청남도 천안시 서북구 직산읍 석곡리,27.0,121.0,129.0,65.0,6.0,2025-12-31,92.82,70.2,7.179999999999993,21.24106528869609,낮음,3.752051845554114,일반 모니터링,농업기반시설_저수지_2021_v3.csv
천안시,율금,충청남도 천안시 서북구 직산읍 석곡리,27.0,121.0,129.0,65.0,6.0,2025-12-31,92.82,70.2,7.179999999999993,21.24106528869609,낮음,3.752051845554114,일반 모니터링,한국농어촌공사_농업기반시설 시설제원_저수지_2020.csv
천안시,율금,충청남도 천안시 서북구 직산읍 석곡리,27.0,121.0,128.85,65.0,5.69,2025-12-31,92.82,70.2,7.179999999999993,21.24106528869609,낮음,3.752051845554114,일반 모니터링,한국농어촌공사_농업기반시설 시설제원_저수지_20250925.csv
천안시,율금,충청남도 천안시 서북구 직산읍 석곡리,27.0,121.0,128.85,65.0,5.69,2025-12-31,92.82,70.2,7.179999999999993,21.24106528869609,낮음,3.752051845554114,일반 모니터링,한국농어촌공사_농업기반시설_시설제원_저수지_2024.csv
천안시,율금,충청남도 천안시 서북구 직산읍 석곡리,27.0,121.0,129.0,65.0,6.0,2025-12-31,92.82,70.2,7.179999999999993,21.24106528869609,낮음,3.752051845554114,일반 모니터링,한국농어촌공사_농업기반시설제원_저수지_2022.csv
천안시,율금,충청남도 천안시 서북구 직산읍 석곡리,27.0,121.0,128.85,65.0,5.69,2025-12-31,92.82,70.2,7.179999999999993,21.24106528869609,낮음,3.752051845554114,일반 모니터링,한국농어촌공사_농업기반시설제원_저수지_2023.csv
천안시,직산,충청남도 천안시 서북구 직산읍 삼은리,21.0,84.03,85.21,217.0,7.0,2025-12-31,92.82,70.2,7.179999999999993,21.24106528869609,낮음,3.7104732402635894,일반 모니터링,한국농어촌공사_농업기반시설_시설제원_저수지_2024.csv
천안시,직산,충청남도 천안시 서북구 직산읍 삼은리,21.0,84.03,85.21,217.0,7.0,2025-12-31,92.82,70.2,7.179999999999993,21.24106528869609,낮음,3.7104732402635894,일반 모니터링,한국농어촌공사_농업기반시설제원_저수지_2023.csv
천안시,직산,충청남도 천안시 서북구 직산읍 삼은리,21.0,84.0,85.0,217.0,7.0,2025-12-31,92.82,70.2,7.179999999999993,21.24106528869609,낮음,3.710456960477006,일반 모니터링,농업기반시설_저수지_2021_v3.csv
천안시,직산,충청남도 천안시 서북구 직산읍 삼은리,21.0,84.0,85.0,217.0,7.0,2025-12-31,92.82,70.2,7.179999999999993,21.24106528869609,낮음,3.710456960477006,일반 모니터링,한국농어촌공사_농업기반시설 시설제원_저수지_2020.csv
천안시,직산,충청남도 천안시 서북구 직산읍 삼은리,21.0,84.0,142.0,153.0,7.0,2025-12-31,92.82,70.2,7.179999999999993,21.24106528869609,낮음,3.710456960477006,일반 모니터링,한국농어촌공사_농업기반시설 시설제원_저수지_20250925.csv
천안시,직산,충청남도 천안시 서북구 직산읍 삼은리,21.0,84.0,85.0,217.0,7.0,2025-12-31,92.82,70.2,7.179999999999993,21.24106528869609,낮음,3.710456960477006,일반 모니터링,한국농어촌공사_농업기반시설제원_저수지_2022.csv
천안시,왕림,충청남도 천안시 서북구 성환읍 왕림리,19.0,49.08,49.08,60.0,2.41,2025-12-31,92.82,70.2,7.179999999999993,21.24106528869609,낮음,3.684335128352926,일반 모니터링,한국농어촌공사_농업기반시설 시설제원_저수지_20250925.csv
천안시,왕림,충청남도 천안시 서북구 성환읍 왕림리,19.0,49.08,49.08,60.0,2.41,2025-12-31,92.82,70.2,7.179999999999993,21.24106528869609,낮음,3.684335128352926,일반 모니터링,한국농어촌공사_농업기반시설_시설제원_저수지_2024.csv
천안시,왕림,충청남도 천안시 서북구 성환읍 왕림리,19.0,49.08,49.08,60.0,2.41,2025-12-31,92.82,70.2,7.179999999999993,21.24106528869609,낮음,3.684335128352926,일반 모니터링,한국농어촌공사_농업기반시설제원_저수지_2023.csv
천안시,왕림,충청남도 천안시 서북구 성환읍 왕림리,19.0,49.0,49.0,60.0,2.0,2025-12-31,92.82,70.2,7.179999999999993,21.24106528869609,낮음,3.684291715588705,일반 모니터링,농업기반시설_저수지_2021_v3.csv
천안시,왕림,충청남도 천안시 서북구 성환읍 왕림리,19.0,49.0,49.0,60.0,2.0,2025-12-31,92.82,70.2,7.179999999999993,21.24106528869609,낮음,3.684291715588705,일반 모니터링,한국농어촌공사_농업기반시설 시설제원_저수지_2020.csv
천안시,왕림,충청남도 천안시 서북구 성환읍 왕림리,19.0,49.0,49.0,60.0,2.0,2025-12-31,92.82,70.2,7.179999999999993,21.24106528869609,낮음,3.684291715588705,일반 모니터링,한국농어촌공사_농업기반시설제원_저수지_2022.csv
천안시,성거,충청남도 천안시 서북구 성거읍 천흥리,15.0,72.01,72.01,100.0,3.79,2025-12-31,92.82,70.2,7.179999999999993,21.24106528869609,낮음,3.682433990814469,일반 모니터링,한국농어촌공사_농업기반시설 시설제원_저수지_20250925.csv
천안시,성거,충청남도 천안시 서북구 성거읍 천흥리,15.0,72.01,72.01,100.0,3.79,2025-12-31,92.82,70.2,7.179999999999993,21.24106528869609,낮음,3.682433990814469,일반 모니터링,한국농어촌공사_농업기반시설_시설제원_저수지_2024.csv
천안시,성거,충청남도 천안시 서북구 성거읍 천흥리,15.0,72.01,72.01,100.0,3.79,2025-12-31,92.82,70.2,7.179999999999993,21.24106528869609,낮음,3.682433990814469,일반 모니터링,한국농어촌공사_농업기반시설제원_저수지_2023.csv
천안시,성거,충청남도 천안시 서북구 성거읍 천흥리,15.0,72.0,72.0,100.0,4.0,2025-12-31,92.82,70.2,7.179999999999993,21.24106528869609,낮음,3.6824285642189416,일반 모니터링,농업기반시설_저수지_2021_v3.csv
천안시,성거,충청남도 천안시 서북구 성거읍 천흥리,15.0,72.0,72.0,100.0,4.0,2025-12-31,92.82,70.2,7.179999999999993,21.24106528869609,낮음,3.6824285642189416,일반 모니터링,한국농어촌공사_농업기반시설 시설제원_저수지_2020.csv
천안시,성거,충청남도 천안시 서북구 성거읍 천흥리,15.0,72.0,72.0,100.0,4.0,2025-12-31,92.82,70.2,7.179999999999993,21.24106528869609,낮음,3.6824285642189416,일반 모니터링,한국농어촌공사_농업기반시설제원_저수지_2022.csv
천안시,발산,충청남도 천안시 동남구 수신면 발산리,11.0,64.38,75.83,69.0,1.86,2025-12-31,92.82,70.2,7.179999999999993,21.24106528869609,낮음,3.6639491773436137,일반 모니터링,한국농어촌공사_농업기반시설 시설제원_저수지_20250925.csv
천안시,발산,충청남도 천안시 동남구 수신면 발산리,11.0,64.38,75.83,69.0,1.86,2025-12-31,92.82,70.2,7.179999999999993,21.24106528869609,낮음,3.6639491773436137,일반 모니터링,한국농어촌공사_농업기반시설_시설제원_저수지_2024.csv
천안시,발산,충청남도 천안시 동남구 수신면 발산리,11.0,64.38,75.83,69.0,1.86,2025-12-31,92.82,70.2,7.179999999999993,21.24106528869609,낮음,3.6639491773436137,일반 모니터링,한국농어촌공사_농업기반시설제원_저수지_2023.csv
천안시,발산,충청남도 천안시 동남구 수신면 발산리,11.0,64.0,76.0,69.0,2.0,2025-12-31,92.82,70.2,7.179999999999993,21.24106528869609,낮음,3.6637429667135644,일반 모니터링,농업기반시설_저수지_2021_v3.csv
천안시,발산,충청남도 천안시 동남구 수신면 발산리,11.0,64.0,76.0,69.0,2.0,2025-12-31,92.82,70.2,7.179999999999993,21.24106528869609,낮음,3.6637429667135644,일반 모니터링,한국농어촌공사_농업기반시설 시설제원_저수지_2020.csv
천안시,발산,충청남도 천안시 동남구 수신면 발산리,11.0,64.0,76.0,69.0,2.0,2025-12-31,92.82,70.2,7.179999999999993,21.24106528869609,낮음,3.6637429667135644,일반 모니터링,한국농어촌공사_농업기반시설제원_저수지_2022.csv
청양군,칠갑,충청남도 청양군 대치면 광대리,682.0,4760.0,5085.0,1730.0,59.0,2025-12-31,98.66428571428573,87.6,1.335714285714289,19.21760867292617,낮음,5.696189231060416,일반 모니터링,농업기반시설_저수지_2021_v3.csv
청양군,칠갑,충청남도 청양군 대치면 광대리,682.0,4760.0,5085.0,1730.0,59.0,2025-12-31,98.66428571428573,87.6,1.335714285714289,19.21760867292617,낮음,5.696189231060416,일반 모니터링,한국농어촌공사_농업기반시설 시설제원_저수지_2020.csv
청양군,칠갑,충청남도 청양군 대치면 광대리,682.0,4760.0,5084.5,1730.0,58.6,2025-12-31,98.66428571428573,87.6,1.335714285714289,19.21760867292617,낮음,5.696189231060416,일반 모니터링,한국농어촌공사_농업기반시설 시설제원_저수지_20250925.csv
청양군,칠갑,충청남도 청양군 대치면 광대리,682.0,4760.0,5084.5,1730.0,58.6,2025-12-31,98.66428571428573,87.6,1.335714285714289,19.21760867292617,낮음,5.696189231060416,일반 모니터링,한국농어촌공사_농업기반시설_시설제원_저수지_2024.csv
청양군,칠갑,충청남도 청양군 대치면 광대리,682.0,4760.0,5085.0,1730.0,59.0,2025-12-31,98.66428571428573,87.6,1.335714285714289,19.21760867292617,낮음,5.696189231060416,일반 모니터링,한국농어촌공사_농업기반시설제원_저수지_2022.csv
청양군,칠갑,충청남도 청양군 대치면 광대리,682.0,4760.0,5084.5,1730.0,58.6,2025-12-31,98.66428571428573,87.6,1.335714285714289,19.21760867292617,낮음,5.696189231060416,일반 모니터링,한국농어촌공사_농업기반시설제원_저수지_2023.csv
청양군,도림,충청남도 청양군 장평면 적곡리,482.0,3776.0,3829.0,650.0,26.0,2025-12-31,98.66428571428573,87.6,1.335714285714289,19.21760867292617,낮음,4.4449961769787425,일반 모니터링,농업기반시설_저수지_2021_v3.csv
청양군,도림,충청남도 청양군 장평면 적곡리,482.0,3776.0,3829.0,650.0,26.0,2025-12-31,98.66428571428573,87.6,1.335714285714289,19.21760867292617,낮음,4.4449961769787425,일반 모니터링,한국농어촌공사_농업기반시설 시설제원_저수지_2020.csv
청양군,도림,충청남도 청양군 장평면 적곡리,482.0,3776.0,3829.0,650.0,26.27,2025-12-31,98.66428571428573,87.6,1.335714285714289,19.21760867292617,낮음,4.4449961769787425,일반 모니터링,한국농어촌공사_농업기반시설 시설제원_저수지_20250925.csv
청양군,도림,충청남도 청양군 장평면 적곡리,482.0,3776.0,3829.0,650.0,26.27,2025-12-31,98.66428571428573,87.6,1.335714285714289,19.21760867292617,낮음,4.4449961769787425,일반 모니터링,한국농어촌공사_농업기반시설_시설제원_저수지_2024.csv
청양군,도림,충청남도 청양군 장평면 적곡리,482.0,3776.0,3829.0,650.0,26.0,2025-12-31,98.66428571428573,87.6,1.335714285714289,19.21760867292617,낮음,4.4449961769787425,일반 모니터링,한국농어촌공사_농업기반시설제원_저수지_2022.csv
청양군,도림,충청남도 청양군 장평면 적곡리,482.0,3776.0,3829.0,650.0,26.27,2025-12-31,98.66428571428573,87.6,1.335714285714289,19.21760867292617,낮음,4.4449961769787425,일반 모니터링,한국농어촌공사_농업기반시설제원_저수지_2023.csv
청양군,천장,충청남도 청양군 정산면 천장리,551.0,2878.0,2882.0,1270.0,24.0,2025-12-31,98.66428571428573,87.6,1.335714285714289,19.21760867292617,낮음,4.205127437285367,일반 모니터링,농업기반시설_저수지_2021_v3.csv
청양군,천장,충청남도 청양군 정산면 천장리,551.0,2878.0,2882.0,1270.0,24.0,2025-12-31,98.66428571428573,87.6,1.335714285714289,19.21760867292617,낮음,4.205127437285367,일반 모니터링,한국농어촌공사_농업기반시설 시설제원_저수지_2020.csv
청양군,천장,충청남도 청양군 정산면 천장리,551.0,2878.0,2882.0,1270.0,24.0,2025-12-31,98.66428571428573,87.6,1.335714285714289,19.21760867292617,낮음,4.205127437285367,일반 모니터링,한국농어촌공사_농업기반시설제원_저수지_2022.csv
청양군,천장,충청남도 청양군 정산면 천장리,551.0,2877.5,2882.0,1270.0,24.14,2025-12-31,98.66428571428573,87.6,1.335714285714289,19.21760867292617,낮음,4.204856107508986,일반 모니터링,한국농어촌공사_농업기반시설 시설제원_저수지_20250925.csv
청양군,천장,충청남도 청양군 정산면 천장리,551.0,2877.5,2882.0,1270.0,24.14,2025-12-31,98.66428571428573,87.6,1.335714285714289,19.21760867292617,낮음,4.204856107508986,일반 모니터링,한국농어촌공사_농업기반시설_시설제원_저수지_2024.csv
청양군,천장,충청남도 청양군 정산면 천장리,551.0,2877.5,2882.0,1270.0,24.14,2025-12-31,98.66428571428573,87.6,1.335714285714289,19.21760867292617,낮음,4.204856107508986,일반 모니터링,한국농어촌공사_농업기반시설제원_저수지_2023.csv
청양군,신대(운곡),충청남도 청양군 운곡면 신대리,191.0,2930.0,2990.0,962.0,28.0,2025-12-31,98.66428571428573,87.6,1.335714285714289,19.21760867292617,낮음,2.9423568365334947,일반 모니터링,농업기반시설_저수지_2021_v3.csv
청양군,신대(운곡),충청남도 청양군 운곡면 신대리,191.0,2930.0,2990.0,962.0,28.0,2025-12-31,98.66428571428573,87.6,1.335714285714289,19.21760867292617,낮음,2.9423568365334947,일반 모니터링,한국농어촌공사_농업기반시설 시설제원_저수지_2020.csv
청양군,신대(운곡),충청남도 청양군 운곡면 신대리,191.0,2930.0,2990.0,962.0,28.0,2025-12-31,98.66428571428573,87.6,1.335714285714289,19.21760867292617,낮음,2.9423568365334947,일반 모니터링,한국농어촌공사_농업기반시설제원_저수지_2022.csv
청양군,신대(운곡),충청남도 청양군 운곡면 신대리,191.0,2929.5,2989.5,962.0,27.68,2025-12-31,98.66428571428573,87.6,1.335714285714289,19.21760867292617,낮음,2.9420855067571132,일반 모니터링,한국농어촌공사_농업기반시설 시설제원_저수지_20250925.csv
청양군,신대(운곡),충청남도 청양군 운곡면 신대리,191.0,2929.5,2989.5,962.0,27.68,2025-12-31,98.66428571428573,87.6,1.335714285714289,19.21760867292617,낮음,2.9420855067571132,일반 모니터링,한국농어촌공사_농업기반시설_시설제원_저수지_2024.csv
청양군,신대(운곡),충청남도 청양군 운곡면 신대리,191.0,2929.5,2989.5,962.0,27.68,2025-12-31,98.66428571428573,87.6,1.335714285714289,19.21760867292617,낮음,2.9420855067571132,일반 모니터링,한국농어촌공사_농업기반시설제원_저수지_2023.csv
청양군,온암,충청남도 청양군 남양면 온암리,298.0,1747.0,2024.4,750.0,25.02,2025-12-31,98.66428571428573,87.6,1.335714285714289,19.21760867292617,낮음,2.6841011745942236,일반 모니터링,한국농어촌공사_농업기반시설 시설제원_저수지_20250925.csv
청양군,적누,충청남도 청양군 청양읍 적누리,164.3,2610.8,2625.9,452.0,23.15,2025-12-31,98.66428571428573,87.6,1.335714285714289,19.21760867292617,낮음,2.673391564061044,일반 모니터링,한국농어촌공사_농업기반시설 시설제원_저수지_20250925.csv
청양군,적누,충청남도 청양군 청양읍 적누리,164.3,2610.8,2625.9,452.0,23.15,2025-12-31,98.66428571428573,87.6,1.335714285714289,19.21760867292617,낮음,2.673391564061044,일반 모니터링,한국농어촌공사_농업기반시설_시설제원_저수지_2024.csv
청양군,적누,충청남도 청양군 청양읍 적누리,164.3,2610.8,2625.9,452.0,23.15,2025-12-31,98.66428571428573,87.6,1.335714285714289,19.21760867292617,낮음,2.673391564061044,일반 모니터링,한국농어촌공사_농업기반시설제원_저수지_2023.csv
청양군,적누,충청남도 청양군 청양읍 적누리,164.0,2611.0,2626.0,452.0,23.0,2025-12-31,98.66428571428573,87.6,1.335714285714289,19.21760867292617,낮음,2.6724242718903497,일반 모니터링,농업기반시설_저수지_2021_v3.csv
청양군,적누,충청남도 청양군 청양읍 적누리,164.0,2611.0,2626.0,452.0,23.0,2025-12-31,98.66428571428573,87.6,1.335714285714289,19.21760867292617,낮음,2.6724242718903497,일반 모니터링,한국농어촌공사_농업기반시설 시설제원_저수지_2020.csv
청양군,적누,충청남도 청양군 청양읍 적누리,164.0,2611.0,2626.0,452.0,23.0,2025-12-31,98.66428571428573,87.6,1.335714285714289,19.21760867292617,낮음,2.6724242718903497,일반 모니터링,한국농어촌공사_농업기반시설제원_저수지_2022.csv
청양군,본의,충청남도 청양군 목면 본의리,182.0,1390.0,1600.0,380.0,18.1,2025-12-31,98.66428571428573,87.6,1.335714285714289,19.21760867292617,낮음,2.0743864028430847,일반 모니터링,한국농어촌공사_농업기반시설 시설제원_저수지_20250925.csv
청양군,관산,충청남도 청양군 비봉면 관산리,156.0,1170.0,1170.0,250.0,11.0,2025-12-31,98.66428571428573,87.6,1.335714285714289,19.21760867292617,낮음,1.8617632141941698,일반 모니터링,농업기반시설_저수지_2021_v3.csv
청양군,관산,충청남도 청양군 비봉면 관산리,156.0,1170.0,1170.0,250.0,11.0,2025-12-31,98.66428571428573,87.6,1.335714285714289,19.21760867292617,낮음,1.8617632141941698,일반 모니터링,한국농어촌공사_농업기반시설 시설제원_저수지_2020.csv
청양군,관산,충청남도 청양군 비봉면 관산리,156.0,1170.0,1170.0,250.0,11.0,2025-12-31,98.66428571428573,87.6,1.335714285714289,19.21760867292617,낮음,1.8617632141941698,일반 모니터링,한국농어촌공사_농업기반시설제원_저수지_2022.csv
청양군,관산,충청남도 청양군 비봉면 관산리,156.0,1169.6,1169.9,250.0,11.27,2025-12-31,98.66428571428573,87.6,1.335714285714289,19.21760867292617,낮음,1.8615461503730653,일반 모니터링,한국농어촌공사_농업기반시설 시설제원_저수지_20250925.csv
청양군,관산,충청남도 청양군 비봉면 관산리,156.0,1169.6,1169.9,250.0,11.27,2025-12-31,98.66428571428573,87.6,1.335714285714289,19.21760867292617,낮음,1.8615461503730653,일반 모니터링,한국농어촌공사_농업기반시설_시설제원_저수지_2024.csv
청양군,관산,충청남도 청양군 비봉면 관산리,156.0,1169.6,1169.9,250.0,11.27,2025-12-31,98.66428571428573,87.6,1.335714285714289,19.21760867292617,낮음,1.8615461503730653,일반 모니터링,한국농어촌공사_농업기반시설제원_저수지_2023.csv
청양군,온암,충청남도 청양군 남양면 온암리,0.0,1747.0,2024.0,750.0,25.0,2025-12-31,98.66428571428573,87.6,1.335714285714289,19.21760867292617,낮음,1.6154492538896303,일반 모니터링,농업기반시설_저수지_2021_v3.csv
청양군,온암,충청남도 청양군 남양면 온암리,0.0,1747.0,2024.0,750.0,25.0,2025-12-31,98.66428571428573,87.6,1.335714285714289,19.21760867292617,낮음,1.6154492538896303,일반 모니터링,한국농어촌공사_농업기반시설 시설제원_저수지_2020.csv
청양군,온암,충청남도 청양군 남양면 온암리,0.0,1747.0,2024.4,750.0,25.02,2025-12-31,98.66428571428573,87.6,1.335714285714289,19.21760867292617,낮음,1.6154492538896303,일반 모니터링,한국농어촌공사_농업기반시설_시설제원_저수지_2024.csv
청양군,온암,충청남도 청양군 남양면 온암리,0.0,1747.0,2024.0,750.0,25.0,2025-12-31,98.66428571428573,87.6,1.335714285714289,19.21760867292617,낮음,1.6154492538896303,일반 모니터링,한국농어촌공사_농업기반시설제원_저수지_2022.csv
청양군,온암,충청남도 청양군 남양면 온암리,0.0,1747.0,2024.4,750.0,25.02,2025-12-31,98.66428571428573,87.6,1.335714285714289,19.21760867292617,낮음,1.6154492538896303,일반 모니터링,한국농어촌공사_농업기반시설제원_저수지_2023.csv
청양군,은곡,충청남도 청양군 장평면 적곡리,125.0,867.0,922.0,168.0,11.0,2025-12-31,98.66428571428573,87.6,1.335714285714289,19.21760867292617,낮음,1.5861688813119295,일반 모니터링,농업기반시설_저수지_2021_v3.csv
청양군,은곡,충청남도 청양군 장평면 적곡리,125.0,867.0,922.0,168.0,11.0,2025-12-31,98.66428571428573,87.6,1.335714285714289,19.21760867292617,낮음,1.5861688813119295,일반 모니터링,한국농어촌공사_농업기반시설 시설제원_저수지_2020.csv
청양군,은곡,충청남도 청양군 장평면 적곡리,125.0,867.0,922.0,168.0,11.0,2025-12-31,98.66428571428573,87.6,1.335714285714289,19.21760867292617,낮음,1.5861688813119295,일반 모니터링,한국농어촌공사_농업기반시설제원_저수지_2022.csv
청양군,은곡,충청남도 청양군 장평면 적곡리,125.0,866.5,921.9,168.0,10.52,2025-12-31,98.66428571428573,87.6,1.335714285714289,19.21760867292617,낮음,1.5858975515355485,일반 모니터링,한국농어촌공사_농업기반시설 시설제원_저수지_20250925.csv
청양군,은곡,충청남도 청양군 장평면 적곡리,125.0,866.5,921.9,168.0,10.52,2025-12-31,98.66428571428573,87.6,1.335714285714289,19.21760867292617,낮음,1.5858975515355485,일반 모니터링,한국농어촌공사_농업기반시설_시설제원_저수지_2024.csv
청양군,은곡,충청남도 청양군 장평면 적곡리,125.0,866.5,921.9,168.0,10.52,2025-12-31,98.66428571428573,87.6,1.335714285714289,19.21760867292617,낮음,1.5858975515355485,일반 모니터링,한국농어촌공사_농업기반시설제원_저수지_2023.csv
청양군,본의,충청남도 청양군 목면 본의리,0.0,1390.0,1600.0,380.0,18.0,2025-12-31,98.66428571428573,87.6,1.335714285714289,19.21760867292617,낮음,1.4217197935537023,일반 모니터링,농업기반시설_저수지_2021_v3.csv
청양군,본의,충청남도 청양군 목면 본의리,0.0,1390.0,1600.0,380.0,18.0,2025-12-31,98.66428571428573,87.6,1.335714285714289,19.21760867292617,낮음,1.4217197935537023,일반 모니터링,한국농어촌공사_농업기반시설 시설제원_저수지_2020.csv
청양군,본의,충청남도 청양군 목면 본의리,0.0,1390.0,1600.0,380.0,18.1,2025-12-31,98.66428571428573,87.6,1.335714285714289,19.21760867292617,낮음,1.4217197935537023,일반 모니터링,한국농어촌공사_농업기반시설_시설제원_저수지_2024.csv
청양군,본의,충청남도 청양군 목면 본의리,0.0,1390.0,1600.0,380.0,18.0,2025-12-31,98.66428571428573,87.6,1.335714285714289,19.21760867292617,낮음,1.4217197935537023,일반 모니터링,한국농어촌공사_농업기반시설제원_저수지_2022.csv
청양군,본의,충청남도 청양군 목면 본의리,0.0,1390.0,1600.0,380.0,18.1,2025-12-31,98.66428571428573,87.6,1.335714285714289,19.21760867292617,낮음,1.4217197935537023,일반 모니터링,한국농어촌공사_농업기반시설제원_저수지_2023.csv
청양군,매산,충청남도 청양군 화성면 매산리,102.0,554.0,555.0,345.0,9.0,2025-12-31,98.66428571428573,87.6,1.335714285714289,19.21760867292617,낮음,1.3338365950686384,일반 모니터링,농업기반시설_저수지_2021_v3.csv
청양군,매산,충청남도 청양군 화성면 매산리,102.0,554.0,555.0,345.0,9.0,2025-12-31,98.66428571428573,87.6,1.335714285714289,19.21760867292617,낮음,1.3338365950686384,일반 모니터링,한국농어촌공사_농업기반시설 시설제원_저수지_2020.csv
청양군,매산,충청남도 청양군 화성면 매산리,102.0,554.0,555.0,345.0,9.0,2025-12-31,98.66428571428573,87.6,1.335714285714289,19.21760867292617,낮음,1.3338365950686384,일반 모니터링,한국농어촌공사_농업기반시설제원_저수지_2022.csv
청양군,매산,충청남도 청양군 화성면 매산리,101.9,554.4,555.0,345.0,8.96,2025-12-31,98.66428571428573,87.6,1.335714285714289,19.21760867292617,낮음,1.333695050862661,일반 모니터링,한국농어촌공사_농업기반시설 시설제원_저수지_20250925.csv
청양군,매산,충청남도 청양군 화성면 매산리,101.9,554.4,555.0,345.0,8.96,2025-12-31,98.66428571428573,87.6,1.335714285714289,19.21760867292617,낮음,1.333695050862661,일반 모니터링,한국농어촌공사_농업기반시설_시설제원_저수지_2024.csv
청양군,매산,충청남도 청양군 화성면 매산리,101.9,554.4,555.0,345.0,8.96,2025-12-31,98.66428571428573,87.6,1.335714285714289,19.21760867292617,낮음,1.333695050862661,일반 모니터링,한국농어촌공사_농업기반시설제원_저수지_2023.csv
청양군,사점,충청남도 청양군 비봉면 사점리,100.0,297.0,297.0,207.0,6.0,2025-12-31,98.66428571428573,87.6,1.335714285714289,19.21760867292617,낮음,1.187200929467239,일반 모니터링,농업기반시설_저수지_2021_v3.csv
청양군,사점,충청남도 청양군 비봉면 사점리,100.0,297.0,297.0,207.0,6.0,2025-12-31,98.66428571428573,87.6,1.335714285714289,19.21760867292617,낮음,1.187200929467239,일반 모니터링,한국농어촌공사_농업기반시설 시설제원_저수지_2020.csv
청양군,사점,충청남도 청양군 비봉면 사점리,100.0,297.0,297.0,207.0,6.0,2025-12-31,98.66428571428573,87.6,1.335714285714289,19.21760867292617,낮음,1.187200929467239,일반 모니터링,한국농어촌공사_농업기반시설제원_저수지_2022.csv
청양군,사점,충청남도 청양군 비봉면 사점리,99.9,296.9,296.9,206.7,6.0,2025-12-31,98.66428571428573,87.6,1.335714285714289,19.21760867292617,낮음,1.1867880554848809,일반 모니터링,한국농어촌공사_농업기반시설 시설제원_저수지_20250925.csv
청양군,사점,충청남도 청양군 비봉면 사점리,99.9,296.9,296.9,206.7,6.0,2025-12-31,98.66428571428573,87.6,1.335714285714289,19.21760867292617,낮음,1.1867880554848809,일반 모니터링,한국농어촌공사_농업기반시설_시설제원_저수지_2024.csv
청양군,사점,충청남도 청양군 비봉면 사점리,99.9,296.9,296.9,206.7,6.0,2025-12-31,98.66428571428573,87.6,1.335714285714289,19.21760867292617,낮음,1.1867880554848809,일반 모니터링,한국농어촌공사_농업기반시설제원_저수지_2023.csv
청양군,화암,충청남도 청양군 화성면 화암리,69.0,401.0,414.0,170.0,7.0,2025-12-31,98.66428571428573,87.6,1.335714285714289,19.21760867292617,낮음,1.132469034559012,일반 모니터링,농업기반시설_저수지_2021_v3.csv
청양군,화암,충청남도 청양군 화성면 화암리,69.0,401.0,414.0,170.0,7.0,2025-12-31,98.66428571428573,87.6,1.335714285714289,19.21760867292617,낮음,1.132469034559012,일반 모니터링,한국농어촌공사_농업기반시설 시설제원_저수지_2020.csv
청양군,화암,충청남도 청양군 화성면 화암리,69.0,401.0,414.0,170.0,7.0,2025-12-31,98.66428571428573,87.6,1.335714285714289,19.21760867292617,낮음,1.132469034559012,일반 모니터링,한국농어촌공사_농업기반시설제원_저수지_2022.csv
청양군,화암,충청남도 청양군 화성면 화암리,69.0,400.5,414.0,170.0,6.7,2025-12-31,98.66428571428573,87.6,1.335714285714289,19.21760867292617,낮음,1.132197704782631,일반 모니터링,한국농어촌공사_농업기반시설 시설제원_저수지_20250925.csv
청양군,화암,충청남도 청양군 화성면 화암리,69.0,400.5,414.0,170.0,6.7,2025-12-31,98.66428571428573,87.6,1.335714285714289,19.21760867292617,낮음,1.132197704782631,일반 모니터링,한국농어촌공사_농업기반시설_시설제원_저수지_2024.csv
청양군,화암,충청남도 청양군 화성면 화암리,69.0,400.5,414.0,170.0,6.7,2025-12-31,98.66428571428573,87.6,1.335714285714289,19.21760867292617,낮음,1.132197704782631,일반 모니터링,한국농어촌공사_농업기반시설제원_저수지_2023.csv
청양군,수정,충청남도 청양군 화성면 수정리,53.0,337.0,337.0,106.0,5.0,2025-12-31,98.66428571428573,87.6,1.335714285714289,19.21760867292617,낮음,1.0403615388491305,일반 모니터링,농업기반시설_저수지_2021_v3.csv
청양군,수정,충청남도 청양군 화성면 수정리,53.0,337.0,337.0,106.0,5.0,2025-12-31,98.66428571428573,87.6,1.335714285714289,19.21760867292617,낮음,1.0403615388491305,일반 모니터링,한국농어촌공사_농업기반시설 시설제원_저수지_2020.csv
청양군,수정,충청남도 청양군 화성면 수정리,53.0,337.0,337.0,106.0,5.0,2025-12-31,98.66428571428573,87.6,1.335714285714289,19.21760867292617,낮음,1.0403615388491305,일반 모니터링,한국농어촌공사_농업기반시설제원_저수지_2022.csv
청양군,수정,충청남도 청양군 화성면 수정리,53.0,336.6,337.4,106.0,4.8,2025-12-31,98.66428571428573,87.6,1.335714285714289,19.21760867292617,낮음,1.0401444750280258,일반 모니터링,한국농어촌공사_농업기반시설 시설제원_저수지_20250925.csv
청양군,수정,충청남도 청양군 화성면 수정리,53.0,336.6,337.4,106.0,4.8,2025-12-31,98.66428571428573,87.6,1.335714285714289,19.21760867292617,낮음,1.0401444750280258,일반 모니터링,한국농어촌공사_농업기반시설_시설제원_저수지_2024.csv
청양군,수정,충청남도 청양군 화성면 수정리,53.0,336.6,337.4,106.0,4.8,2025-12-31,98.66428571428573,87.6,1.335714285714289,19.21760867292617,낮음,1.0401444750280258,일반 모니터링,한국농어촌공사_농업기반시설제원_저수지_2023.csv
청양군,대박,충청남도 청양군 정산면 대박리,50.0,345.0,347.0,77.0,4.0,2025-12-31,98.66428571428573,87.6,1.335714285714289,19.21760867292617,낮음,1.0339445744587619,일반 모니터링,농업기반시설_저수지_2021_v3.csv
청양군,대박,충청남도 청양군 정산면 대박리,50.0,345.0,347.0,77.0,4.0,2025-12-31,98.66428571428573,87.6,1.335714285714289,19.21760867292617,낮음,1.0339445744587619,일반 모니터링,한국농어촌공사_농업기반시설 시설제원_저수지_2020.csv
청양군,대박,충청남도 청양군 정산면 대박리,50.0,345.0,347.0,77.0,4.1,2025-12-31,98.66428571428573,87.6,1.335714285714289,19.21760867292617,낮음,1.0339445744587619,일반 모니터링,한국농어촌공사_농업기반시설 시설제원_저수지_20250925.csv
청양군,대박,충청남도 청양군 정산면 대박리,50.0,345.0,347.0,77.0,4.1,2025-12-31,98.66428571428573,87.6,1.335714285714289,19.21760867292617,낮음,1.0339445744587619,일반 모니터링,한국농어촌공사_농업기반시설_시설제원_저수지_2024.csv
청양군,대박,충청남도 청양군 정산면 대박리,50.0,345.0,347.0,77.0,4.0,2025-12-31,98.66428571428573,87.6,1.335714285714289,19.21760867292617,낮음,1.0339445744587619,일반 모니터링,한국농어촌공사_농업기반시설제원_저수지_2022.csv
청양군,대박,충청남도 청양군 정산면 대박리,50.0,345.0,347.0,77.0,4.1,2025-12-31,98.66428571428573,87.6,1.335714285714289,19.21760867292617,낮음,1.0339445744587619,일반 모니터링,한국농어촌공사_농업기반시설제원_저수지_2023.csv
청양군,방한,충청남도 청양군 비봉면 방한리,70.0,119.0,140.0,100.0,3.0,2025-12-31,98.66428571428573,87.6,1.335714285714289,19.21760867292617,낮음,0.9830251209510326,일반 모니터링,농업기반시설_저수지_2021_v3.csv
청양군,방한,충청남도 청양군 비봉면 방한리,70.0,119.0,140.0,100.0,3.0,2025-12-31,98.66428571428573,87.6,1.335714285714289,19.21760867292617,낮음,0.9830251209510326,일반 모니터링,한국농어촌공사_농업기반시설 시설제원_저수지_2020.csv
청양군,방한,충청남도 청양군 비봉면 방한리,70.0,119.0,140.0,100.0,3.0,2025-12-31,98.66428571428573,87.6,1.335714285714289,19.21760867292617,낮음,0.9830251209510326,일반 모니터링,한국농어촌공사_농업기반시설제원_저수지_2022.csv
청양군,방한,충청남도 청양군 비봉면 방한리,70.0,118.9,140.4,100.0,2.71,2025-12-31,98.66428571428573,87.6,1.335714285714289,19.21760867292617,낮음,0.9829708549957564,일반 모니터링,한국농어촌공사_농업기반시설 시설제원_저수지_20250925.csv
청양군,방한,충청남도 청양군 비봉면 방한리,70.0,118.9,140.4,100.0,2.71,2025-12-31,98.66428571428573,87.6,1.335714285714289,19.21760867292617,낮음,0.9829708549957564,일반 모니터링,한국농어촌공사_농업기반시설_시설제원_저수지_2024.csv
청양군,방한,충청남도 청양군 비봉면 방한리,70.0,118.9,140.4,100.0,2.71,2025-12-31,98.66428571428573,87.6,1.335714285714289,19.21760867292617,낮음,0.9829708549957564,일반 모니터링,한국농어촌공사_농업기반시설제원_저수지_2023.csv
청양군,용천,충청남도 청양군 비봉면 용천리,36.1,150.0,156.4,102.0,4.58,2025-12-31,98.66428571428573,87.6,1.335714285714289,19.21760867292617,낮음,0.8782794459058209,일반 모니터링,한국농어촌공사_농업기반시설 시설제원_저수지_20250925.csv
청양군,용천,충청남도 청양군 비봉면 용천리,36.1,150.0,156.4,102.0,4.58,2025-12-31,98.66428571428573,87.6,1.335714285714289,19.21760867292617,낮음,0.8782794459058209,일반 모니터링,한국농어촌공사_농업기반시설_시설제원_저수지_2024.csv
청양군,용천,충청남도 청양군 비봉면 용천리,36.1,150.0,156.4,102.0,4.58,2025-12-31,98.66428571428573,87.6,1.335714285714289,19.21760867292617,낮음,0.8782794459058209,일반 모니터링,한국농어촌공사_농업기반시설제원_저수지_2023.csv
청양군,용천,충청남도 청양군 비봉면 용천리,36.0,150.0,156.0,102.0,5.0,2025-12-31,98.66428571428573,87.6,1.335714285714289,19.21760867292617,낮음,0.8779208378787388,일반 모니터링,농업기반시설_저수지_2021_v3.csv
청양군,용천,충청남도 청양군 비봉면 용천리,36.0,150.0,156.0,102.0,5.0,2025-12-31,98.66428571428573,87.6,1.335714285714289,19.21760867292617,낮음,0.8779208378787388,일반 모니터링,한국농어촌공사_농업기반시설 시설제원_저수지_2020.csv
청양군,용천,충청남도 청양군 비봉면 용천리,36.0,150.0,156.0,102.0,5.0,2025-12-31,98.66428571428573,87.6,1.335714285714289,19.21760867292617,낮음,0.8779208378787388,일반 모니터링,한국농어촌공사_농업기반시설제원_저수지_2022.csv
청양군,신리,충청남도 청양군 화성면 수정리,32.0,159.0,159.0,68.0,2.0,2025-12-31,98.66428571428573,87.6,1.335714285714289,19.21760867292617,낮음,0.8684604527703109,일반 모니터링,농업기반시설_저수지_2021_v3.csv
청양군,신리,충청남도 청양군 화성면 수정리,32.0,159.0,159.0,68.0,2.0,2025-12-31,98.66428571428573,87.6,1.335714285714289,19.21760867292617,낮음,0.8684604527703109,일반 모니터링,한국농어촌공사_농업기반시설 시설제원_저수지_2020.csv
청양군,신리,충청남도 청양군 화성면 수정리,32.0,159.0,159.0,68.0,2.0,2025-12-31,98.66428571428573,87.6,1.335714285714289,19.21760867292617,낮음,0.8684604527703109,일반 모니터링,한국농어촌공사_농업기반시설제원_저수지_2022.csv
청양군,신리,충청남도 청양군 화성면 수정리,32.0,158.5,158.5,68.0,1.99,2025-12-31,98.66428571428573,87.6,1.335714285714289,19.21760867292617,낮음,0.86818912299393,일반 모니터링,한국농어촌공사_농업기반시설 시설제원_저수지_20250925.csv
청양군,신리,충청남도 청양군 화성면 수정리,32.0,158.5,158.5,68.0,1.99,2025-12-31,98.66428571428573,87.6,1.335714285714289,19.21760867292617,낮음,0.86818912299393,일반 모니터링,한국농어촌공사_농업기반시설_시설제원_저수지_2024.csv
청양군,신리,충청남도 청양군 화성면 수정리,32.0,158.5,158.5,68.0,1.99,2025-12-31,98.66428571428573,87.6,1.335714285714289,19.21760867292617,낮음,0.86818912299393,일반 모니터링,한국농어촌공사_농업기반시설제원_저수지_2023.csv
청양군,갈망골,충청남도 청양군 비봉면 강정리,28.0,155.0,189.0,55.0,4.0,2025-12-31,98.66428571428573,87.6,1.335714285714289,19.21760867292617,낮음,0.8519454934759809,일반 모니터링,농업기반시설_저수지_2021_v3.csv
청양군,갈망골,충청남도 청양군 비봉면 강정리,28.0,155.0,189.0,55.0,4.0,2025-12-31,98.66428571428573,87.6,1.335714285714289,19.21760867292617,낮음,0.8519454934759809,일반 모니터링,한국농어촌공사_농업기반시설 시설제원_저수지_2020.csv
청양군,갈망골,충청남도 청양군 비봉면 강정리,28.0,155.0,189.0,55.0,3.6,2025-12-31,98.66428571428573,87.6,1.335714285714289,19.21760867292617,낮음,0.8519454934759809,일반 모니터링,한국농어촌공사_농업기반시설 시설제원_저수지_20250925.csv
청양군,갈망골,충청남도 청양군 비봉면 강정리,28.0,155.0,189.0,55.0,3.6,2025-12-31,98.66428571428573,87.6,1.335714285714289,19.21760867292617,낮음,0.8519454934759809,일반 모니터링,한국농어촌공사_농업기반시설_시설제원_저수지_2024.csv
청양군,갈망골,충청남도 청양군 비봉면 강정리,28.0,155.0,189.0,55.0,4.0,2025-12-31,98.66428571428573,87.6,1.335714285714289,19.21760867292617,낮음,0.8519454934759809,일반 모니터링,한국농어촌공사_농업기반시설제원_저수지_2022.csv
청양군,갈망골,충청남도 청양군 비봉면 강정리,28.0,155.0,189.0,55.0,3.6,2025-12-31,98.66428571428573,87.6,1.335714285714289,19.21760867292617,낮음,0.8519454934759809,일반 모니터링,한국농어촌공사_농업기반시설제원_저수지_2023.csv
청양군,신정,충청남도 청양군 화성면 신정리,27.0,49.0,49.0,75.0,1.0,2025-12-31,98.66428571428573,87.6,1.335714285714289,19.21760867292617,낮음,0.7908375006124198,일반 모니터링,농업기반시설_저수지_2021_v3.csv
청양군,신정,충청남도 청양군 화성면 신정리,27.0,49.0,49.0,75.0,1.0,2025-12-31,98.66428571428573,87.6,1.335714285714289,19.21760867292617,낮음,0.7908375006124198,일반 모니터링,한국농어촌공사_농업기반시설 시설제원_저수지_2020.csv
청양군,신정,충청남도 청양군 화성면 신정리,27.0,49.0,49.0,75.0,1.0,2025-12-31,98.66428571428573,87.6,1.335714285714289,19.21760867292617,낮음,0.7908375006124198,일반 모니터링,한국농어촌공사_농업기반시설제원_저수지_2022.csv
청양군,신정,충청남도 청양군 화성면 신정리,26.6,48.8,48.8,75.0,1.36,2025-12-31,98.66428571428573,87.6,1.335714285714289,19.21760867292617,낮음,0.7892945365935391,일반 모니터링,한국농어촌공사_농업기반시설 시설제원_저수지_20250925.csv
청양군,신정,충청남도 청양군 화성면 신정리,26.6,48.8,48.8,75.0,1.36,2025-12-31,98.66428571428573,87.6,1.335714285714289,19.21760867292617,낮음,0.7892945365935391,일반 모니터링,한국농어촌공사_농업기반시설_시설제원_저수지_2024.csv
청양군,신정,충청남도 청양군 화성면 신정리,26.6,48.8,48.8,75.0,1.36,2025-12-31,98.66428571428573,87.6,1.335714285714289,19.21760867292617,낮음,0.7892945365935391,일반 모니터링,한국농어촌공사_농업기반시설제원_저수지_2023.csv
청양군,원용두,충청남도 청양군 정산면 용두리,22.0,15.0,15.0,174.0,1.0,2025-12-31,98.66428571428573,87.6,1.335714285714289,19.21760867292617,낮음,0.7544566744644179,일반 모니터링,농업기반시설_저수지_2021_v3.csv
청양군,원용두,충청남도 청양군 정산면 용두리,22.0,15.0,15.0,174.0,1.0,2025-12-31,98.66428571428573,87.6,1.335714285714289,19.21760867292617,낮음,0.7544566744644179,일반 모니터링,한국농어촌공사_농업기반시설 시설제원_저수지_2020.csv
청양군,원용두,충청남도 청양군 정산면 용두리,22.0,15.0,15.0,174.0,1.0,2025-12-31,98.66428571428573,87.6,1.335714285714289,19.21760867292617,낮음,0.7544566744644179,일반 모니터링,한국농어촌공사_농업기반시설제원_저수지_2022.csv
청양군,원용두,충청남도 청양군 정산면 용두리,22.0,14.6,14.6,174.0,1.24,2025-12-31,98.66428571428573,87.6,1.335714285714289,19.21760867292617,낮음,0.7542396106433131,일반 모니터링,한국농어촌공사_농업기반시설 시설제원_저수지_20250925.csv
청양군,원용두,충청남도 청양군 정산면 용두리,22.0,14.6,14.6,174.0,1.24,2025-12-31,98.66428571428573,87.6,1.335714285714289,19.21760867292617,낮음,0.7542396106433131,일반 모니터링,한국농어촌공사_농업기반시설_시설제원_저수지_2024.csv
청양군,원용두,충청남도 청양군 정산면 용두리,22.0,14.6,14.6,174.0,1.24,2025-12-31,98.66428571428573,87.6,1.335714285714289,19.21760867292617,낮음,0.7542396106433131,일반 모니터링,한국농어촌공사_농업기반시설제원_저수지_2023.csv
청양군,아산,충청남도 청양군 청남면 아산리,20.0,9.0,9.0,29.0,2.0,2025-12-31,98.66428571428573,87.6,1.335714285714289,19.21760867292617,낮음,0.744028556606206,일반 모니터링,농업기반시설_저수지_2021_v3.csv
청양군,아산,충청남도 청양군 청남면 아산리,20.0,9.0,9.0,29.0,2.0,2025-12-31,98.66428571428573,87.6,1.335714285714289,19.21760867292617,낮음,0.744028556606206,일반 모니터링,한국농어촌공사_농업기반시설 시설제원_저수지_2020.csv
청양군,아산,충청남도 청양군 청남면 아산리,20.0,9.0,9.0,29.0,2.0,2025-12-31,98.66428571428573,87.6,1.335714285714289,19.21760867292617,낮음,0.744028556606206,일반 모니터링,한국농어촌공사_농업기반시설제원_저수지_2022.csv
청양군,아산,충청남도 청양군 청남면 아산리,20.0,8.6,9.0,29.0,2.0,2025-12-31,98.66428571428573,87.6,1.335714285714289,19.21760867292617,낮음,0.7438114927851014,일반 모니터링,한국농어촌공사_농업기반시설 시설제원_저수지_20250925.csv
청양군,아산,충청남도 청양군 청남면 아산리,20.0,8.6,9.0,29.0,2.0,2025-12-31,98.66428571428573,87.6,1.335714285714289,19.21760867292617,낮음,0.7438114927851014,일반 모니터링,한국농어촌공사_농업기반시설_시설제원_저수지_2024.csv
청양군,아산,충청남도 청양군 청남면 아산리,20.0,8.6,9.0,29.0,2.0,2025-12-31,98.66428571428573,87.6,1.335714285714289,19.21760867292617,낮음,0.7438114927851014,일반 모니터링,한국농어촌공사_농업기반시설제원_저수지_2023.csv
청양군,관현(갓고개),충청남도 청양군 장평면 관현리,20.0,4.31,4.31,78.0,1.1,2025-12-31,98.66428571428573,87.6,1.335714285714289,19.21760867292617,낮음,0.7414834833037537,일반 모니터링,한국농어촌공사_농업기반시설 시설제원_저수지_20250925.csv
청양군,관현(갓고개),충청남도 청양군 장평면 관현리,20.0,4.31,4.31,78.0,1.1,2025-12-31,98.66428571428573,87.6,1.335714285714289,19.21760867292617,낮음,0.7414834833037537,일반 모니터링,한국농어촌공사_농업기반시설_시설제원_저수지_2024.csv
청양군,관현(갓고개),충청남도 청양군 장평면 관현리,20.0,4.31,4.31,78.0,1.1,2025-12-31,98.66428571428573,87.6,1.335714285714289,19.21760867292617,낮음,0.7414834833037537,일반 모니터링,한국농어촌공사_농업기반시설제원_저수지_2023.csv
청양군,관현(갓고개),충청남도 청양군 장평면 관현리,20.0,4.0,4.0,78.0,1.0,2025-12-31,98.66428571428573,87.6,1.335714285714289,19.21760867292617,낮음,0.7413152588423976,일반 모니터링,농업기반시설_저수지_2021_v3.csv
청양군,관현(갓고개),충청남도 청양군 장평면 관현리,20.0,4.0,4.0,78.0,1.0,2025-12-31,98.66428571428573,87.6,1.335714285714289,19.21760867292617,낮음,0.7413152588423976,일반 모니터링,한국농어촌공사_농업기반시설 시설제원_저수지_2020.csv
청양군,관현(갓고개),충청남도 청양군 장평면 관현리,20.0,4.0,4.0,78.0,1.0,2025-12-31,98.66428571428573,87.6,1.335714285714289,19.21760867292617,낮음,0.7413152588423976,일반 모니터링,한국농어촌공사_농업기반시설제원_저수지_2022.csv
청양군,내지곡,충청남도 청양군 목면 지곡리,17.9,4.9,4.9,32.0,0.36,2025-12-31,98.66428571428573,87.6,1.335714285714289,19.21760867292617,낮음,0.7342728838711594,일반 모니터링,한국농어촌공사_농업기반시설 시설제원_저수지_20250925.csv
청양군,내지곡,충청남도 청양군 목면 지곡리,18.0,3.0,3.0,32.0,1.0,2025-12-31,98.66428571428573,87.6,1.335714285714289,19.21760867292617,낮음,0.7336004387479943,일반 모니터링,농업기반시설_저수지_2021_v3.csv
청양군,내지곡,충청남도 청양군 목면 지곡리,18.0,3.0,3.0,32.0,1.0,2025-12-31,98.66428571428573,87.6,1.335714285714289,19.21760867292617,낮음,0.7336004387479943,일반 모니터링,한국농어촌공사_농업기반시설 시설제원_저수지_2020.csv
청양군,내지곡,충청남도 청양군 목면 지곡리,18.0,3.0,3.0,32.0,1.0,2025-12-31,98.66428571428573,87.6,1.335714285714289,19.21760867292617,낮음,0.7336004387479943,일반 모니터링,한국농어촌공사_농업기반시설제원_저수지_2022.csv
청양군,내지곡,충청남도 청양군 목면 지곡리,17.9,3.22,3.22,32.0,1.2,2025-12-31,98.66428571428573,87.6,1.335714285714289,19.21760867292617,낮음,0.7333612158225198,일반 모니터링,한국농어촌공사_농업기반시설_시설제원_저수지_2024.csv
청양군,내지곡,충청남도 청양군 목면 지곡리,17.9,3.22,3.22,32.0,1.2,2025-12-31,98.66428571428573,87.6,1.335714285714289,19.21760867292617,낮음,0.7333612158225198,일반 모니터링,한국농어촌공사_농업기반시설제원_저수지_2023.csv
청양군,안골,충청남도 청양군 비봉면 강정리,15.0,15.0,15.0,35.0,1.0,2025-12-31,98.66428571428573,87.6,1.335714285714289,19.21760867292617,낮음,0.7293541125686724,일반 모니터링,농업기반시설_저수지_2021_v3.csv
청양군,안골,충청남도 청양군 비봉면 강정리,15.0,15.0,15.0,35.0,1.0,2025-12-31,98.66428571428573,87.6,1.335714285714289,19.21760867292617,낮음,0.7293541125686724,일반 모니터링,한국농어촌공사_농업기반시설 시설제원_저수지_2020.csv
청양군,안골,충청남도 청양군 비봉면 강정리,15.0,15.0,15.0,35.0,1.0,2025-12-31,98.66428571428573,87.6,1.335714285714289,19.21760867292617,낮음,0.7293541125686724,일반 모니터링,한국농어촌공사_농업기반시설제원_저수지_2022.csv
청양군,안골,충청남도 청양군 비봉면 강정리,15.0,14.9,15.2,35.0,1.2,2025-12-31,98.66428571428573,87.6,1.335714285714289,19.21760867292617,낮음,0.7292998466133962,일반 모니터링,한국농어촌공사_농업기반시설 시설제원_저수지_20250925.csv
청양군,안골,충청남도 청양군 비봉면 강정리,15.0,14.9,15.2,35.0,1.2,2025-12-31,98.66428571428573,87.6,1.335714285714289,19.21760867292617,낮음,0.7292998466133962,일반 모니터링,한국농어촌공사_농업기반시설_시설제원_저수지_2024.csv
청양군,안골,충청남도 청양군 비봉면 강정리,15.0,14.9,15.2,35.0,1.2,2025-12-31,98.66428571428573,87.6,1.335714285714289,19.21760867292617,낮음,0.7292998466133962,일반 모니터링,한국농어촌공사_농업기반시설제원_저수지_2023.csv
청양군,관산2,충청남도 청양군 비봉면 관산리,12.0,29.0,29.0,143.0,2.0,2025-12-31,98.66428571428573,87.6,1.335714285714289,19.21760867292617,낮음,0.7261931054948739,일반 모니터링,농업기반시설_저수지_2021_v3.csv
청양군,관산2,충청남도 청양군 비봉면 관산리,12.0,29.0,29.0,143.0,2.0,2025-12-31,98.66428571428573,87.6,1.335714285714289,19.21760867292617,낮음,0.7261931054948739,일반 모니터링,한국농어촌공사_농업기반시설 시설제원_저수지_2020.csv
청양군,관산2,충청남도 청양군 비봉면 관산리,12.0,29.0,29.0,143.0,2.0,2025-12-31,98.66428571428573,87.6,1.335714285714289,19.21760867292617,낮음,0.7261931054948739,일반 모니터링,한국농어촌공사_농업기반시설제원_저수지_2022.csv
청양군,관산2,충청남도 청양군 비봉면 관산리,12.0,28.7,28.7,143.0,2.0,2025-12-31,98.66428571428573,87.6,1.335714285714289,19.21760867292617,낮음,0.7260303076290454,일반 모니터링,한국농어촌공사_농업기반시설 시설제원_저수지_20250925.csv
청양군,관산2,충청남도 청양군 비봉면 관산리,12.0,28.7,28.7,143.0,2.0,2025-12-31,98.66428571428573,87.6,1.335714285714289,19.21760867292617,낮음,0.7260303076290454,일반 모니터링,한국농어촌공사_농업기반시설_시설제원_저수지_2024.csv
청양군,관산2,충청남도 청양군 비봉면 관산리,12.0,28.7,28.7,143.0,2.0,2025-12-31,98.66428571428573,87.6,1.335714285714289,19.21760867292617,낮음,0.7260303076290454,일반 모니터링,한국농어촌공사_농업기반시설제원_저수지_2023.csv
청양군,모곡,충청남도 청양군 운곡면 모곡리,13.0,8.0,8.0,58.0,2.0,2025-12-31,98.66428571428573,87.6,1.335714285714289,19.21760867292617,낮음,0.7183833351576989,일반 모니터링,농업기반시설_저수지_2021_v3.csv
청양군,모곡,충청남도 청양군 운곡면 모곡리,13.0,8.0,8.0,58.0,2.0,2025-12-31,98.66428571428573,87.6,1.335714285714289,19.21760867292617,낮음,0.7183833351576989,일반 모니터링,한국농어촌공사_농업기반시설 시설제원_저수지_2020.csv
청양군,모곡,충청남도 청양군 운곡면 모곡리,13.0,8.0,8.0,58.0,2.0,2025-12-31,98.66428571428573,87.6,1.335714285714289,19.21760867292617,낮음,0.7183833351576989,일반 모니터링,한국농어촌공사_농업기반시설제원_저수지_2022.csv
청양군,모곡,충청남도 청양군 운곡면 모곡리,13.0,7.5,7.5,58.0,1.5,2025-12-31,98.66428571428573,87.6,1.335714285714289,19.21760867292617,낮음,0.718112005381318,일반 모니터링,한국농어촌공사_농업기반시설 시설제원_저수지_20250925.csv
청양군,모곡,충청남도 청양군 운곡면 모곡리,13.0,7.5,7.5,58.0,1.5,2025-12-31,98.66428571428573,87.6,1.335714285714289,19.21760867292617,낮음,0.718112005381318,일반 모니터링,한국농어촌공사_농업기반시설_시설제원_저수지_2024.csv
청양군,모곡,충청남도 청양군 운곡면 모곡리,13.0,7.5,7.5,58.0,1.5,2025-12-31,98.66428571428573,87.6,1.335714285714289,19.21760867292617,낮음,0.718112005381318,일반 모니터링,한국농어촌공사_농업기반시설제원_저수지_2023.csv
청양군,장재,충청남도 청양군 비봉면 장재리,11.3,12.1,12.1,29.0,1.5,2025-12-31,98.66428571428573,87.6,1.335714285714289,19.21760867292617,낮음,0.7145119028636265,일반 모니터링,한국농어촌공사_농업기반시설 시설제원_저수지_20250925.csv
청양군,장재,충청남도 청양군 비봉면 장재리,11.3,12.1,12.1,29.0,1.5,2025-12-31,98.66428571428573,87.6,1.335714285714289,19.21760867292617,낮음,0.7145119028636265,일반 모니터링,한국농어촌공사_농업기반시설_시설제원_저수지_2024.csv
청양군,장재,충청남도 청양군 비봉면 장재리,11.3,12.1,12.1,29.0,1.5,2025-12-31,98.66428571428573,87.6,1.335714285714289,19.21760867292617,낮음,0.7145119028636265,일반 모니터링,한국농어촌공사_농업기반시설제원_저수지_2023.csv
청양군,장재,충청남도 청양군 비봉면 장재리,11.0,12.0,12.0,29.0,2.0,2025-12-31,98.66428571428573,87.6,1.335714285714289,19.21760867292617,낮음,0.7133818128271042,일반 모니터링,농업기반시설_저수지_2021_v3.csv
청양군,장재,충청남도 청양군 비봉면 장재리,11.0,12.0,12.0,29.0,2.0,2025-12-31,98.66428571428573,87.6,1.335714285714289,19.21760867292617,낮음,0.7133818128271042,일반 모니터링,한국농어촌공사_농업기반시설 시설제원_저수지_2020.csv
청양군,장재,충청남도 청양군 비봉면 장재리,11.0,12.0,12.0,29.0,2.0,2025-12-31,98.66428571428573,87.6,1.335714285714289,19.21760867292617,낮음,0.7133818128271042,일반 모니터링,한국농어촌공사_농업기반시설제원_저수지_2022.csv
청양군,원당1,충청남도 청양군 화성면 용당리,10.0,14.0,14.0,25.0,1.0,2025-12-31,98.66428571428573,87.6,1.335714285714289,19.21760867292617,낮음,0.7108810516618067,일반 모니터링,농업기반시설_저수지_2021_v3.csv
청양군,원당1,충청남도 청양군 화성면 용당리,10.0,14.0,14.0,25.0,1.0,2025-12-31,98.66428571428573,87.6,1.335714285714289,19.21760867292617,낮음,0.7108810516618067,일반 모니터링,한국농어촌공사_농업기반시설 시설제원_저수지_2020.csv
청양군,원당1,충청남도 청양군 화성면 용당리,10.0,14.0,14.0,25.0,1.0,2025-12-31,98.66428571428573,87.6,1.335714285714289,19.21760867292617,낮음,0.7108810516618067,일반 모니터링,한국농어촌공사_농업기반시설제원_저수지_2022.csv
청양군,원당1,충청남도 청양군 화성면 용당리,9.6,13.8,13.8,25.0,1.1,2025-12-31,98.66428571428573,87.6,1.335714285714289,19.21760867292617,낮음,0.7093380876429262,일반 모니터링,한국농어촌공사_농업기반시설 시설제원_저수지_20250925.csv
청양군,원당1,충청남도 청양군 화성면 용당리,9.6,13.8,13.8,25.0,1.1,2025-12-31,98.66428571428573,87.6,1.335714285714289,19.21760867292617,낮음,0.7093380876429262,일반 모니터링,한국농어촌공사_농업기반시설_시설제원_저수지_2024.csv
청양군,원당1,충청남도 청양군 화성면 용당리,9.6,13.8,13.8,25.0,1.1,2025-12-31,98.66428571428573,87.6,1.335714285714289,19.21760867292617,낮음,0.7093380876429262,일반 모니터링,한국농어촌공사_농업기반시설제원_저수지_2023.csv
태안군,대야,충청남도 태안군 안면읍 중장리,293.0,1884.0,2086.0,125.0,40.0,2025-12-31,90.94736842105264,69.6,9.05263157894737,23.799270173711136,낮음,6.598973778585013,일반 모니터링,농업기반시설_저수지_2021_v3.csv
태안군,대야,충청남도 태안군 안면읍 중장리,293.0,1884.0,2086.0,125.0,40.0,2025-12-31,90.94736842105264,69.6,9.05263157894737,23.799270173711136,낮음,6.598973778585013,일반 모니터링,한국농어촌공사_농업기반시설 시설제원_저수지_2020.csv
태안군,대야,충청남도 태안군 안면읍 중장리,293.0,1884.0,2086.0,125.0,40.0,2025-12-31,90.94736842105264,69.6,9.05263157894737,23.799270173711136,낮음,6.598973778585013,일반 모니터링,한국농어촌공사_농업기반시설제원_저수지_2022.csv
태안군,대야,충청남도 태안군 고남면 누동리,292.5,1883.8,2086.1,124.8,40.19,2025-12-31,90.94736842105264,69.6,9.05263157894737,23.799270173711136,낮음,6.59707220653905,일반 모니터링,한국농어촌공사_농업기반시설_시설제원_저수지_2024.csv
태안군,대야,충청남도 태안군 고남면 누동리,292.5,1883.8,2086.1,124.8,40.19,2025-12-31,90.94736842105264,69.6,9.05263157894737,23.799270173711136,낮음,6.59707220653905,일반 모니터링,한국농어촌공사_농업기반시설제원_저수지_2023.csv
태안군,대야,충청남도 태안군 고남면 누동리,292.5,1883.0,2086.0,124.8,41.31,2025-12-31,90.94736842105264,69.6,9.05263157894737,23.799270173711136,낮음,6.596638078896841,일반 모니터링,한국농어촌공사_농업기반시설 시설제원_저수지_20250925.csv
태안군,모항,충청남도 태안군 소원면 모항리,381.0,973.0,1086.0,67.0,18.3,2025-12-31,90.94736842105264,69.6,9.05263157894737,23.799270173711136,낮음,6.420185989851331,일반 모니터링,한국농어촌공사_농업기반시설 시설제원_저수지_20250925.csv
태안군,수룡,충청남도 태안군 근흥면 수룡리,269.0,1285.0,1287.0,750.0,50.0,2025-12-31,90.94736842105264,69.6,9.05263157894737,23.799270173711136,낮음,6.187854779981055,일반 모니터링,농업기반시설_저수지_2021_v3.csv
태안군,수룡,충청남도 태안군 근흥면 수룡리,269.0,1285.0,1287.0,750.0,50.0,2025-12-31,90.94736842105264,69.6,9.05263157894737,23.799270173711136,낮음,6.187854779981055,일반 모니터링,한국농어촌공사_농업기반시설 시설제원_저수지_2020.csv
태안군,수룡,충청남도 태안군 근흥면 수룡리,269.0,1285.0,1287.0,750.0,50.0,2025-12-31,90.94736842105264,69.6,9.05263157894737,23.799270173711136,낮음,6.187854779981055,일반 모니터링,한국농어촌공사_농업기반시설제원_저수지_2022.csv
태안군,수룡,충청남도 태안군 근흥면 수룡리,268.8,1284.98,1286.73,750.0,50.02,2025-12-31,90.94736842105264,69.6,9.05263157894737,23.799270173711136,낮음,6.187126710735836,일반 모니터링,한국농어촌공사_농업기반시설 시설제원_저수지_20250925.csv
태안군,수룡,충청남도 태안군 근흥면 수룡리,268.8,1284.98,1286.73,750.0,50.02,2025-12-31,90.94736842105264,69.6,9.05263157894737,23.799270173711136,낮음,6.187126710735836,일반 모니터링,한국농어촌공사_농업기반시설_시설제원_저수지_2024.csv
태안군,수룡,충청남도 태안군 근흥면 수룡리,268.8,1284.98,1286.73,750.0,50.02,2025-12-31,90.94736842105264,69.6,9.05263157894737,23.799270173711136,낮음,6.187126710735836,일반 모니터링,한국농어촌공사_농업기반시설제원_저수지_2023.csv
태안군,인평,충청남도 태안군 태안읍 인평리,203.0,891.0,970.0,1062.0,44.0,2025-12-31,90.94736842105264,69.6,9.05263157894737,23.799270173711136,낮음,5.737365618318772,일반 모니터링,농업기반시설_저수지_2021_v3.csv
태안군,인평,충청남도 태안군 태안읍 인평리,203.0,891.0,970.0,1062.0,44.0,2025-12-31,90.94736842105264,69.6,9.05263157894737,23.799270173711136,낮음,5.737365618318772,일반 모니터링,한국농어촌공사_농업기반시설 시설제원_저수지_2020.csv
태안군,인평,충청남도 태안군 태안읍 인평리,203.0,891.0,970.0,1062.0,44.0,2025-12-31,90.94736842105264,69.6,9.05263157894737,23.799270173711136,낮음,5.737365618318772,일반 모니터링,한국농어촌공사_농업기반시설제원_저수지_2022.csv
태안군,인평,충청남도 태안군 태안읍 인평리,202.9,890.7,970.0,1062.0,43.81,2025-12-31,90.94736842105264,69.6,9.05263157894737,23.799270173711136,낮음,5.736844212425861,일반 모니터링,한국농어촌공사_농업기반시설 시설제원_저수지_20250925.csv
태안군,인평,충청남도 태안군 태안읍 인평리,202.9,890.7,970.0,1062.0,43.81,2025-12-31,90.94736842105264,69.6,9.05263157894737,23.799270173711136,낮음,5.736844212425861,일반 모니터링,한국농어촌공사_농업기반시설_시설제원_저수지_2024.csv
태안군,인평,충청남도 태안군 태안읍 인평리,202.9,890.7,970.0,1062.0,43.81,2025-12-31,90.94736842105264,69.6,9.05263157894737,23.799270173711136,낮음,5.736844212425861,일반 모니터링,한국농어촌공사_농업기반시설제원_저수지_2023.csv
태안군,미포,충청남도 태안군 안면읍 창기리,167.0,947.0,1221.0,33.0,21.0,2025-12-31,90.94736842105264,69.6,9.05263157894737,23.799270173711136,낮음,5.638655663523879,일반 모니터링,농업기반시설_저수지_2021_v3.csv
태안군,미포,충청남도 태안군 안면읍 창기리,167.0,947.0,1221.0,33.0,21.0,2025-12-31,90.94736842105264,69.6,9.05263157894737,23.799270173711136,낮음,5.638655663523879,일반 모니터링,한국농어촌공사_농업기반시설 시설제원_저수지_2020.csv
태안군,미포,충청남도 태안군 안면읍 창기리,167.0,947.0,1221.0,33.0,21.0,2025-12-31,90.94736842105264,69.6,9.05263157894737,23.799270173711136,낮음,5.638655663523879,일반 모니터링,한국농어촌공사_농업기반시설제원_저수지_2022.csv
태안군,미포,충청남도 태안군 안면읍 창기리,166.5,946.8,1221.4,32.7,20.8,2025-12-31,90.94736842105264,69.6,9.05263157894737,23.799270173711136,낮음,5.636754091477917,일반 모니터링,한국농어촌공사_농업기반시설 시설제원_저수지_20250925.csv
태안군,미포,충청남도 태안군 안면읍 창기리,166.5,946.8,1221.4,32.7,20.8,2025-12-31,90.94736842105264,69.6,9.05263157894737,23.799270173711136,낮음,5.636754091477917,일반 모니터링,한국농어촌공사_농업기반시설_시설제원_저수지_2024.csv
태안군,미포,충청남도 태안군 안면읍 창기리,166.5,946.8,1221.4,32.7,20.8,2025-12-31,90.94736842105264,69.6,9.05263157894737,23.799270173711136,낮음,5.636754091477917,일반 모니터링,한국농어촌공사_농업기반시설제원_저수지_2023.csv
태안군,승언2호,충청남도 태안군 안면읍 승언리,98.0,618.0,618.0,283.0,49.0,2025-12-31,90.94736842105264,69.6,9.05263157894737,23.799270173711136,낮음,5.212681131978645,일반 모니터링,농업기반시설_저수지_2021_v3.csv
태안군,승언2호,충청남도 태안군 안면읍 승언리,98.0,618.0,618.0,283.0,49.0,2025-12-31,90.94736842105264,69.6,9.05263157894737,23.799270173711136,낮음,5.212681131978645,일반 모니터링,한국농어촌공사_농업기반시설 시설제원_저수지_2020.csv
태안군,승언2호,충청남도 태안군 안면읍 승언리,98.0,618.0,618.0,283.0,49.0,2025-12-31,90.94736842105264,69.6,9.05263157894737,23.799270173711136,낮음,5.212681131978645,일반 모니터링,한국농어촌공사_농업기반시설제원_저수지_2022.csv
태안군,승언2호,충청남도 태안군 안면읍 승언리,97.9,617.88,617.88,282.8,48.87,2025-12-31,90.94736842105264,69.6,9.05263157894737,23.799270173711136,낮음,5.212257404805231,일반 모니터링,한국농어촌공사_농업기반시설 시설제원_저수지_20250925.csv
태안군,승언2호,충청남도 태안군 안면읍 승언리,97.9,617.88,617.88,282.8,48.87,2025-12-31,90.94736842105264,69.6,9.05263157894737,23.799270173711136,낮음,5.212257404805231,일반 모니터링,한국농어촌공사_농업기반시설_시설제원_저수지_2024.csv
태안군,승언2호,충청남도 태안군 안면읍 승언리,97.9,617.88,617.88,282.8,48.87,2025-12-31,90.94736842105264,69.6,9.05263157894737,23.799270173711136,낮음,5.212257404805231,일반 모니터링,한국농어촌공사_농업기반시설제원_저수지_2023.csv
태안군,중장,충청남도 태안군 안면읍 중장리,78.3,513.0,624.0,16.0,8.6,2025-12-31,90.94736842105264,69.6,9.05263157894737,23.799270173711136,낮음,5.085056097603497,일반 모니터링,한국농어촌공사_농업기반시설 시설제원_저수지_20250925.csv
태안군,중장,충청남도 태안군 안면읍 중장리,78.3,513.0,624.0,16.0,8.6,2025-12-31,90.94736842105264,69.6,9.05263157894737,23.799270173711136,낮음,5.085056097603497,일반 모니터링,한국농어촌공사_농업기반시설_시설제원_저수지_2024.csv
태안군,중장,충청남도 태안군 안면읍 중장리,78.3,513.0,624.0,16.0,8.6,2025-12-31,90.94736842105264,69.6,9.05263157894737,23.799270173711136,낮음,5.085056097603497,일반 모니터링,한국농어촌공사_농업기반시설제원_저수지_2023.csv
태안군,중장,충청남도 태안군 안면읍 중장리,78.0,513.0,624.0,16.0,9.0,2025-12-31,90.94736842105264,69.6,9.05263157894737,23.799270173711136,낮음,5.083980273522251,일반 모니터링,농업기반시설_저수지_2021_v3.csv
태안군,중장,충청남도 태안군 안면읍 중장리,78.0,513.0,624.0,16.0,9.0,2025-12-31,90.94736842105264,69.6,9.05263157894737,23.799270173711136,낮음,5.083980273522251,일반 모니터링,한국농어촌공사_농업기반시설 시설제원_저수지_2020.csv
태안군,중장,충청남도 태안군 안면읍 중장리,78.0,513.0,624.0,16.0,9.0,2025-12-31,90.94736842105264,69.6,9.05263157894737,23.799270173711136,낮음,5.083980273522251,일반 모니터링,한국농어촌공사_농업기반시설제원_저수지_2022.csv
태안군,반계1호,충청남도 태안군 원북면 이곡리,83.2,445.04,446.56,287.0,24.98,2025-12-31,90.94736842105264,69.6,9.05263157894737,23.799270173711136,낮음,5.065748747724833,일반 모니터링,한국농어촌공사_농업기반시설 시설제원_저수지_20250925.csv
태안군,반계1호,충청남도 태안군 원북면 이곡리,83.2,445.04,446.56,287.0,24.98,2025-12-31,90.94736842105264,69.6,9.05263157894737,23.799270173711136,낮음,5.065748747724833,일반 모니터링,한국농어촌공사_농업기반시설_시설제원_저수지_2024.csv
태안군,반계1호,충청남도 태안군 원북면 이곡리,83.2,445.04,446.56,287.0,24.98,2025-12-31,90.94736842105264,69.6,9.05263157894737,23.799270173711136,낮음,5.065748747724833,일반 모니터링,한국농어촌공사_농업기반시설제원_저수지_2023.csv
태안군,반계1호,충청남도 태안군 원북면 반계리,83.0,445.0,447.0,287.0,25.0,2025-12-31,90.94736842105264,69.6,9.05263157894737,23.799270173711136,낮음,5.065009825288558,일반 모니터링,농업기반시설_저수지_2021_v3.csv
태안군,반계1호,충청남도 태안군 원북면 반계리,83.0,445.0,447.0,287.0,25.0,2025-12-31,90.94736842105264,69.6,9.05263157894737,23.799270173711136,낮음,5.065009825288558,일반 모니터링,한국농어촌공사_농업기반시설 시설제원_저수지_2020.csv
태안군,반계1호,충청남도 태안군 원북면 반계리,83.0,445.0,447.0,287.0,25.0,2025-12-31,90.94736842105264,69.6,9.05263157894737,23.799270173711136,낮음,5.065009825288558,일반 모니터링,한국농어촌공사_농업기반시설제원_저수지_2022.csv
태안군,모항,충청남도 태안군 소원면 모항리,0.0,973.0,1086.0,67.0,18.3,2025-12-31,90.94736842105264,69.6,9.05263157894737,23.799270173711136,낮음,5.053889406668612,일반 모니터링,한국농어촌공사_농업기반시설_시설제원_저수지_2024.csv
태안군,모항,충청남도 태안군 소원면 모항리,0.0,973.0,1086.0,67.0,18.3,2025-12-31,90.94736842105264,69.6,9.05263157894737,23.799270173711136,낮음,5.053889406668612,일반 모니터링,한국농어촌공사_농업기반시설제원_저수지_2023.csv
태안군,송현,충청남도 태안군 소원면 송현리,88.3,219.6,220.9,258.0,11.2,2025-12-31,90.94736842105264,69.6,9.05263157894737,23.799270173711136,낮음,4.961700587531421,일반 모니터링,한국농어촌공사_농업기반시설 시설제원_저수지_20250925.csv
태안군,송현,충청남도 태안군 소원면 송현리,88.3,219.6,220.9,258.0,11.2,2025-12-31,90.94736842105264,69.6,9.05263157894737,23.799270173711136,낮음,4.961700587531421,일반 모니터링,한국농어촌공사_농업기반시설_시설제원_저수지_2024.csv
태안군,송현,충청남도 태안군 소원면 송현리,88.3,219.6,220.9,258.0,11.2,2025-12-31,90.94736842105264,69.6,9.05263157894737,23.799270173711136,낮음,4.961700587531421,일반 모니터링,한국농어촌공사_농업기반시설제원_저수지_2023.csv
태안군,송현,충청남도 태안군 소원면 송현리,88.0,220.0,221.0,258.0,11.0,2025-12-31,90.94736842105264,69.6,9.05263157894737,23.799270173711136,낮음,4.960841827271279,일반 모니터링,농업기반시설_저수지_2021_v3.csv
태안군,송현,충청남도 태안군 소원면 송현리,88.0,220.0,221.0,258.0,11.0,2025-12-31,90.94736842105264,69.6,9.05263157894737,23.799270173711136,낮음,4.960841827271279,일반 모니터링,한국농어촌공사_농업기반시설 시설제원_저수지_2020.csv
태안군,송현,충청남도 태안군 소원면 송현리,88.0,220.0,221.0,258.0,11.0,2025-12-31,90.94736842105264,69.6,9.05263157894737,23.799270173711136,낮음,4.960841827271279,일반 모니터링,한국농어촌공사_농업기반시설제원_저수지_2022.csv
태안군,신야,충청남도 태안군 안면읍 중장리,74.0,265.0,265.0,386.0,12.0,2025-12-31,90.94736842105264,69.6,9.05263157894737,23.799270173711136,낮음,4.935056383354065,일반 모니터링,농업기반시설_저수지_2021_v3.csv
태안군,신야,충청남도 태안군 안면읍 중장리,74.0,265.0,265.0,386.0,12.0,2025-12-31,90.94736842105264,69.6,9.05263157894737,23.799270173711136,낮음,4.935056383354065,일반 모니터링,한국농어촌공사_농업기반시설 시설제원_저수지_2020.csv
태안군,신야,충청남도 태안군 안면읍 중장리,74.0,265.0,265.0,386.0,12.0,2025-12-31,90.94736842105264,69.6,9.05263157894737,23.799270173711136,낮음,4.935056383354065,일반 모니터링,한국농어촌공사_농업기반시설제원_저수지_2022.csv
태안군,신야,충청남도 태안군 안면읍 중장리,73.8,265.0,265.0,20.0,12.4,2025-12-31,90.94736842105264,69.6,9.05263157894737,23.799270173711136,낮음,4.934339167299901,일반 모니터링,한국농어촌공사_농업기반시설 시설제원_저수지_20250925.csv
태안군,신야,충청남도 태안군 안면읍 중장리,73.8,265.0,265.0,20.0,12.4,2025-12-31,90.94736842105264,69.6,9.05263157894737,23.799270173711136,낮음,4.934339167299901,일반 모니터링,한국농어촌공사_농업기반시설_시설제원_저수지_2024.csv
태안군,신야,충청남도 태안군 안면읍 중장리,73.8,265.0,265.0,20.0,12.4,2025-12-31,90.94736842105264,69.6,9.05263157894737,23.799270173711136,낮음,4.934339167299901,일반 모니터링,한국농어촌공사_농업기반시설제원_저수지_2023.csv
태안군,지포,충청남도 태안군 안면읍 중장리,71.0,269.0,269.0,127.0,19.0,2025-12-31,90.94736842105264,69.6,9.05263157894737,23.799270173711136,낮음,4.92646878075265,일반 모니터링,농업기반시설_저수지_2021_v3.csv
태안군,지포,충청남도 태안군 안면읍 중장리,71.0,269.0,269.0,127.0,19.0,2025-12-31,90.94736842105264,69.6,9.05263157894737,23.799270173711136,낮음,4.92646878075265,일반 모니터링,한국농어촌공사_농업기반시설 시설제원_저수지_2020.csv
태안군,지포,충청남도 태안군 안면읍 중장리,71.0,269.0,269.0,127.0,19.0,2025-12-31,90.94736842105264,69.6,9.05263157894737,23.799270173711136,낮음,4.92646878075265,일반 모니터링,한국농어촌공사_농업기반시설제원_저수지_2022.csv
태안군,지포,충청남도 태안군 안면읍 중장리,70.8,268.7,269.2,127.0,18.5,2025-12-31,90.94736842105264,69.6,9.05263157894737,23.799270173711136,낮음,4.925588766832656,일반 모니터링,한국농어촌공사_농업기반시설 시설제원_저수지_20250925.csv
태안군,지포,충청남도 태안군 안면읍 중장리,70.8,268.7,269.2,127.0,18.5,2025-12-31,90.94736842105264,69.6,9.05263157894737,23.799270173711136,낮음,4.925588766832656,일반 모니터링,한국농어촌공사_농업기반시설_시설제원_저수지_2024.csv
태안군,지포,충청남도 태안군 안면읍 중장리,70.8,268.7,269.2,127.0,18.5,2025-12-31,90.94736842105264,69.6,9.05263157894737,23.799270173711136,낮음,4.925588766832656,일반 모니터링,한국농어촌공사_농업기반시설제원_저수지_2023.csv
태안군,사창,충청남도 태안군 이원면 사창리,58.0,313.0,446.0,215.0,16.0,2025-12-31,90.94736842105264,69.6,9.05263157894737,23.799270173711136,낮음,4.903726757553494,일반 모니터링,농업기반시설_저수지_2021_v3.csv
태안군,사창,충청남도 태안군 이원면 사창리,58.0,313.0,446.0,215.0,16.0,2025-12-31,90.94736842105264,69.6,9.05263157894737,23.799270173711136,낮음,4.903726757553494,일반 모니터링,한국농어촌공사_농업기반시설 시설제원_저수지_2020.csv
태안군,사창,충청남도 태안군 이원면 사창리,58.0,313.0,446.0,215.0,16.0,2025-12-31,90.94736842105264,69.6,9.05263157894737,23.799270173711136,낮음,4.903726757553494,일반 모니터링,한국농어촌공사_농업기반시설제원_저수지_2022.csv
태안군,사창,충청남도 태안군 이원면 사창리,57.7,312.8,446.1,215.0,15.53,2025-12-31,90.94736842105264,69.6,9.05263157894737,23.799270173711136,낮음,4.902542401561695,일반 모니터링,한국농어촌공사_농업기반시설 시설제원_저수지_20250925.csv
태안군,사창,충청남도 태안군 이원면 사창리,57.7,312.8,446.1,215.0,15.53,2025-12-31,90.94736842105264,69.6,9.05263157894737,23.799270173711136,낮음,4.902542401561695,일반 모니터링,한국농어촌공사_농업기반시설_시설제원_저수지_2024.csv
태안군,사창,충청남도 태안군 이원면 사창리,57.7,312.8,446.1,215.0,15.53,2025-12-31,90.94736842105264,69.6,9.05263157894737,23.799270173711136,낮음,4.902542401561695,일반 모니터링,한국농어촌공사_농업기반시설제원_저수지_2023.csv
태안군,장곡,충청남도 태안군 고남면 장곡리,47.0,365.0,395.0,74.0,9.0,2025-12-31,90.94736842105264,69.6,9.05263157894737,23.799270173711136,낮음,4.892498171318074,일반 모니터링,농업기반시설_저수지_2021_v3.csv
태안군,장곡,충청남도 태안군 고남면 장곡리,47.0,365.0,395.0,74.0,9.0,2025-12-31,90.94736842105264,69.6,9.05263157894737,23.799270173711136,낮음,4.892498171318074,일반 모니터링,한국농어촌공사_농업기반시설 시설제원_저수지_2020.csv
태안군,장곡,충청남도 태안군 고남면 장곡리,47.0,365.0,395.0,74.0,9.0,2025-12-31,90.94736842105264,69.6,9.05263157894737,23.799270173711136,낮음,4.892498171318074,일반 모니터링,한국농어촌공사_농업기반시설제원_저수지_2022.csv
태안군,장곡,충청남도 태안군 고남면 장곡리,46.7,364.5,395.3,74.0,9.01,2025-12-31,90.94736842105264,69.6,9.05263157894737,23.799270173711136,낮음,4.891151017460446,일반 모니터링,한국농어촌공사_농업기반시설 시설제원_저수지_20250925.csv
태안군,장곡,충청남도 태안군 고남면 장곡리,46.7,364.5,395.3,74.0,9.01,2025-12-31,90.94736842105264,69.6,9.05263157894737,23.799270173711136,낮음,4.891151017460446,일반 모니터링,한국농어촌공사_농업기반시설_시설제원_저수지_2024.csv
태안군,장곡,충청남도 태안군 고남면 장곡리,46.7,364.5,395.3,74.0,9.01,2025-12-31,90.94736842105264,69.6,9.05263157894737,23.799270173711136,낮음,4.891151017460446,일반 모니터링,한국농어촌공사_농업기반시설제원_저수지_2023.csv
태안군,승언1호,충청남도 태안군 안면읍 승언리,42.2,244.4,246.3,176.0,20.95,2025-12-31,90.94736842105264,69.6,9.05263157894737,23.799270173711136,낮음,4.809840243955073,일반 모니터링,한국농어촌공사_농업기반시설 시설제원_저수지_20250925.csv
태안군,승언1호,충청남도 태안군 안면읍 승언리,42.2,244.4,246.3,176.0,20.95,2025-12-31,90.94736842105264,69.6,9.05263157894737,23.799270173711136,낮음,4.809840243955073,일반 모니터링,한국농어촌공사_농업기반시설_시설제원_저수지_2024.csv
태안군,승언1호,충청남도 태안군 안면읍 승언리,42.2,244.4,246.3,176.0,20.95,2025-12-31,90.94736842105264,69.6,9.05263157894737,23.799270173711136,낮음,4.809840243955073,일반 모니터링,한국농어촌공사_농업기반시설제원_저수지_2023.csv
태안군,승언1호,충청남도 태안군 안면읍 승언리,42.0,244.0,246.0,176.0,21.0,2025-12-31,90.94736842105264,69.6,9.05263157894737,23.799270173711136,낮음,4.808905964079804,일반 모니터링,농업기반시설_저수지_2021_v3.csv
태안군,승언1호,충청남도 태안군 안면읍 승언리,42.0,244.0,246.0,176.0,21.0,2025-12-31,90.94736842105264,69.6,9.05263157894737,23.799270173711136,낮음,4.808905964079804,일반 모니터링,한국농어촌공사_농업기반시설 시설제원_저수지_2020.csv
태안군,승언1호,충청남도 태안군 안면읍 승언리,42.0,244.0,246.0,176.0,21.0,2025-12-31,90.94736842105264,69.6,9.05263157894737,23.799270173711136,낮음,4.808905964079804,일반 모니터링,한국농어촌공사_농업기반시설제원_저수지_2022.csv
태안군,승언3호,충청남도 태안군 안면읍 승언리,41.0,228.0,229.0,104.0,16.0,2025-12-31,90.94736842105264,69.6,9.05263157894737,23.799270173711136,낮음,4.796637330964796,일반 모니터링,농업기반시설_저수지_2021_v3.csv
태안군,승언3호,충청남도 태안군 안면읍 승언리,41.0,228.0,229.0,104.0,16.0,2025-12-31,90.94736842105264,69.6,9.05263157894737,23.799270173711136,낮음,4.796637330964796,일반 모니터링,한국농어촌공사_농업기반시설 시설제원_저수지_2020.csv
태안군,승언3호,충청남도 태안군 안면읍 승언리,41.0,228.0,229.0,104.0,16.0,2025-12-31,90.94736842105264,69.6,9.05263157894737,23.799270173711136,낮음,4.796637330964796,일반 모니터링,한국농어촌공사_농업기반시설제원_저수지_2022.csv
태안군,승언3호,충청남도 태안군 안면읍 승언리,40.7,228.4,229.4,104.0,16.25,2025-12-31,90.94736842105264,69.6,9.05263157894737,23.799270173711136,낮음,4.7957785707046545,일반 모니터링,한국농어촌공사_농업기반시설 시설제원_저수지_20250925.csv
태안군,승언3호,충청남도 태안군 안면읍 승언리,40.7,228.4,229.4,104.0,16.25,2025-12-31,90.94736842105264,69.6,9.05263157894737,23.799270173711136,낮음,4.7957785707046545,일반 모니터링,한국농어촌공사_농업기반시설_시설제원_저수지_2024.csv
태안군,승언3호,충청남도 태안군 안면읍 승언리,40.7,228.4,229.4,104.0,16.25,2025-12-31,90.94736842105264,69.6,9.05263157894737,23.799270173711136,낮음,4.7957785707046545,일반 모니터링,한국농어촌공사_농업기반시설제원_저수지_2023.csv
태안군,창기,충청남도 태안군 안면읍 창기리,33.0,265.0,309.0,88.0,11.0,2025-12-31,90.94736842105264,69.6,9.05263157894737,23.799270173711136,낮음,4.788027092250413,일반 모니터링,농업기반시설_저수지_2021_v3.csv
태안군,창기,충청남도 태안군 안면읍 창기리,33.0,265.0,309.0,88.0,11.0,2025-12-31,90.94736842105264,69.6,9.05263157894737,23.799270173711136,낮음,4.788027092250413,일반 모니터링,한국농어촌공사_농업기반시설 시설제원_저수지_2020.csv
태안군,창기,충청남도 태안군 안면읍 창기리,33.0,265.0,309.0,88.0,11.0,2025-12-31,90.94736842105264,69.6,9.05263157894737,23.799270173711136,낮음,4.788027092250413,일반 모니터링,한국농어촌공사_농업기반시설제원_저수지_2022.csv
태안군,창기,충청남도 태안군 안면읍 창기리,32.9,265.0,309.0,88.4,11.06,2025-12-31,90.94736842105264,69.6,9.05263157894737,23.799270173711136,낮음,4.787668484223331,일반 모니터링,한국농어촌공사_농업기반시설 시설제원_저수지_20250925.csv
태안군,창기,충청남도 태안군 안면읍 창기리,32.9,265.0,309.0,88.4,11.06,2025-12-31,90.94736842105264,69.6,9.05263157894737,23.799270173711136,낮음,4.787668484223331,일반 모니터링,한국농어촌공사_농업기반시설_시설제원_저수지_2024.csv
태안군,창기,충청남도 태안군 안면읍 창기리,32.9,265.0,309.0,88.4,11.06,2025-12-31,90.94736842105264,69.6,9.05263157894737,23.799270173711136,낮음,4.787668484223331,일반 모니터링,한국농어촌공사_농업기반시설제원_저수지_2023.csv
태안군,신두2호,충청남도 태안군 원북면 신두리,37.0,181.0,182.0,138.0,13.0,2025-12-31,90.94736842105264,69.6,9.05263157894737,23.799270173711136,낮음,4.756788010901713,일반 모니터링,농업기반시설_저수지_2021_v3.csv
태안군,신두2호,충청남도 태안군 원북면 신두리,37.0,181.0,182.0,138.0,13.0,2025-12-31,90.94736842105264,69.6,9.05263157894737,23.799270173711136,낮음,4.756788010901713,일반 모니터링,한국농어촌공사_농업기반시설 시설제원_저수지_2020.csv
태안군,신두2호,충청남도 태안군 원북면 신두리,37.0,181.0,182.0,138.0,13.0,2025-12-31,90.94736842105264,69.6,9.05263157894737,23.799270173711136,낮음,4.756788010901713,일반 모니터링,한국농어촌공사_농업기반시설제원_저수지_2022.csv
태안군,신두2호,충청남도 태안군 원북면 신두리,36.8,181.0,182.3,138.0,13.03,2025-12-31,90.94736842105264,69.6,9.05263157894737,23.799270173711136,낮음,4.756070794847548,일반 모니터링,한국농어촌공사_농업기반시설 시설제원_저수지_20250925.csv
태안군,신두2호,충청남도 태안군 원북면 신두리,36.8,181.0,182.3,138.0,13.03,2025-12-31,90.94736842105264,69.6,9.05263157894737,23.799270173711136,낮음,4.756070794847548,일반 모니터링,한국농어촌공사_농업기반시설_시설제원_저수지_2024.csv
태안군,신두2호,충청남도 태안군 원북면 신두리,36.8,181.0,182.3,138.0,13.03,2025-12-31,90.94736842105264,69.6,9.05263157894737,23.799270173711136,낮음,4.756070794847548,일반 모니터링,한국농어촌공사_농업기반시설제원_저수지_2023.csv
태안군,황촌3호,충청남도 태안군 원북면 황촌리,12.0,56.0,56.0,62.0,4.0,2025-12-31,90.94736842105264,69.6,9.05263157894737,23.799270173711136,낮음,4.59930356003598,일반 모니터링,농업기반시설_저수지_2021_v3.csv
태안군,황촌3호,충청남도 태안군 원북면 황촌리,12.0,56.0,56.0,62.0,4.0,2025-12-31,90.94736842105264,69.6,9.05263157894737,23.799270173711136,낮음,4.59930356003598,일반 모니터링,한국농어촌공사_농업기반시설 시설제원_저수지_2020.csv
태안군,황촌3호,충청남도 태안군 원북면 황촌리,12.0,56.0,56.0,62.0,4.0,2025-12-31,90.94736842105264,69.6,9.05263157894737,23.799270173711136,낮음,4.59930356003598,일반 모니터링,한국농어촌공사_농업기반시설제원_저수지_2022.csv
태안군,황촌3호,충청남도 태안군 원북면 황촌리,11.5,56.0,56.0,92.0,4.23,2025-12-31,90.94736842105264,69.6,9.05263157894737,23.799270173711136,낮음,4.59751051990057,일반 모니터링,한국농어촌공사_농업기반시설 시설제원_저수지_20250925.csv
태안군,황촌3호,충청남도 태안군 원북면 황촌리,11.5,56.0,56.0,62.0,4.23,2025-12-31,90.94736842105264,69.6,9.05263157894737,23.799270173711136,낮음,4.59751051990057,일반 모니터링,한국농어촌공사_농업기반시설_시설제원_저수지_2024.csv
태안군,황촌3호,충청남도 태안군 원북면 황촌리,11.5,56.0,56.0,62.0,4.23,2025-12-31,90.94736842105264,69.6,9.05263157894737,23.799270173711136,낮음,4.59751051990057,일반 모니터링,한국농어촌공사_농업기반시설제원_저수지_2023.csv
태안군,구들,충청남도 태안군 소원면 의항리,4.1,7.6,7.6,32.0,0.8,2025-12-31,90.94736842105264,69.6,9.05263157894737,23.799270173711136,낮음,4.54470880354283,일반 모니터링,한국농어촌공사_농업기반시설 시설제원_저수지_20250925.csv
태안군,구들,충청남도 태안군 소원면 의항리,4.1,7.6,7.6,32.0,0.8,2025-12-31,90.94736842105264,69.6,9.05263157894737,23.799270173711136,낮음,4.54470880354283,일반 모니터링,한국농어촌공사_농업기반시설_시설제원_저수지_2024.csv
태안군,구들,충청남도 태안군 소원면 의항리,4.1,7.6,7.6,32.0,0.8,2025-12-31,90.94736842105264,69.6,9.05263157894737,23.799270173711136,낮음,4.54470880354283,일반 모니터링,한국농어촌공사_농업기반시설제원_저수지_2023.csv
태안군,구들,충청남도 태안군 소원면 의항리,4.0,8.0,8.0,32.0,1.0,2025-12-31,90.94736842105264,69.6,9.05263157894737,23.799270173711136,낮음,4.544567259336852,일반 모니터링,농업기반시설_저수지_2021_v3.csv
태안군,구들,충청남도 태안군 소원면 의항리,4.0,8.0,8.0,32.0,1.0,2025-12-31,90.94736842105264,69.6,9.05263157894737,23.799270173711136,낮음,4.544567259336852,일반 모니터링,한국농어촌공사_농업기반시설 시설제원_저수지_2020.csv
태안군,구들,충청남도 태안군 소원면 의항리,4.0,8.0,8.0,32.0,1.0,2025-12-31,90.94736842105264,69.6,9.05263157894737,23.799270173711136,낮음,4.544567259336852,일반 모니터링,한국농어촌공사_농업기반시설제원_저수지_2022.csv
홍성군,홍양,충청남도 홍성군 금마면 장성리,442.0,2057.0,2057.0,2410.0,67.0,2025-12-31,86.24444444444445,70.9,13.755555555555546,27.77767670795009,낮음,9.578641829869172,일반 모니터링,농업기반시설_저수지_2021_v3.csv
홍성군,홍양,충청남도 홍성군 금마면 장성리,442.0,2057.0,2057.0,2410.0,67.0,2025-12-31,86.24444444444445,70.9,13.755555555555546,27.77767670795009,낮음,9.578641829869172,일반 모니터링,한국농어촌공사_농업기반시설 시설제원_저수지_2020.csv
홍성군,홍양,충청남도 홍성군 금마면 장성리,442.0,2057.0,2057.0,2410.0,67.0,2025-12-31,86.24444444444445,70.9,13.755555555555546,27.77767670795009,낮음,9.578641829869172,일반 모니터링,한국농어촌공사_농업기반시설제원_저수지_2022.csv
홍성군,홍양,충청남도 홍성군 홍성읍 구룡리,441.5,2057.4,2057.4,2410.0,67.46,2025-12-31,86.24444444444445,70.9,13.755555555555546,27.77767670795009,낮음,9.577065853554867,일반 모니터링,한국농어촌공사_농업기반시설_시설제원_저수지_2024.csv
홍성군,홍양,충청남도 홍성군 홍성읍 구룡리,441.5,2057.4,2057.4,2410.0,67.46,2025-12-31,86.24444444444445,70.9,13.755555555555546,27.77767670795009,낮음,9.577065853554867,일반 모니터링,한국농어촌공사_농업기반시설제원_저수지_2023.csv
홍성군,홍양,충청남도 홍성군 홍성읍 구룡리,441.5,2057.0,2057.0,2133.0,67.46,2025-12-31,86.24444444444445,70.9,13.755555555555546,27.77767670795009,낮음,9.576848789733763,일반 모니터링,한국농어촌공사_농업기반시설 시설제원_저수지_20250925.csv
홍성군,장곡,충청남도 홍성군 장곡면 화계리,255.4,1300.0,1300.0,1064.0,29.78,2025-12-31,86.24444444444445,70.9,13.755555555555546,27.77767670795009,낮음,8.498685969893405,일반 모니터링,한국농어촌공사_농업기반시설 시설제원_저수지_20250925.csv
홍성군,천태,충청남도 홍성군 장곡면 천태리,246.1,1290.0,1476.0,881.0,35.53,2025-12-31,86.24444444444445,70.9,13.755555555555546,27.77767670795009,낮음,8.459908827847155,일반 모니터링,한국농어촌공사_농업기반시설 시설제원_저수지_20250925.csv
홍성군,천태,충청남도 홍성군 장곡면 천태리,246.1,1290.0,1476.6,881.0,35.53,2025-12-31,86.24444444444445,70.9,13.755555555555546,27.77767670795009,낮음,8.459908827847155,일반 모니터링,한국농어촌공사_농업기반시설_시설제원_저수지_2024.csv
홍성군,천태,충청남도 홍성군 장곡면 천태리,246.1,1290.0,1476.6,881.0,35.53,2025-12-31,86.24444444444445,70.9,13.755555555555546,27.77767670795009,낮음,8.459908827847155,일반 모니터링,한국농어촌공사_농업기반시설제원_저수지_2023.csv
홍성군,천태,충청남도 홍성군 장곡면 행정리,246.0,1290.0,1477.0,881.0,36.0,2025-12-31,86.24444444444445,70.9,13.755555555555546,27.77767670795009,낮음,8.459550219820073,일반 모니터링,농업기반시설_저수지_2021_v3.csv
홍성군,천태,충청남도 홍성군 장곡면 행정리,246.0,1290.0,1477.0,881.0,36.0,2025-12-31,86.24444444444445,70.9,13.755555555555546,27.77767670795009,낮음,8.459550219820073,일반 모니터링,한국농어촌공사_농업기반시설 시설제원_저수지_2020.csv
홍성군,천태,충청남도 홍성군 장곡면 행정리,246.0,1290.0,1477.0,881.0,36.0,2025-12-31,86.24444444444445,70.9,13.755555555555546,27.77767670795009,낮음,8.459550219820073,일반 모니터링,한국농어촌공사_농업기반시설제원_저수지_2022.csv
홍성군,가곡,충청남도 홍성군 갈산면 가곡리,201.4,1542.7,1574.7,462.0,19.1,2025-12-31,86.24444444444445,70.9,13.755555555555546,27.77767670795009,낮음,8.436741108724348,일반 모니터링,한국농어촌공사_농업기반시설_시설제원_저수지_2024.csv
홍성군,가곡,충청남도 홍성군 갈산면 가곡리,201.4,1542.7,1574.7,462.0,19.1,2025-12-31,86.24444444444445,70.9,13.755555555555546,27.77767670795009,낮음,8.436741108724348,일반 모니터링,한국농어촌공사_농업기반시설제원_저수지_2023.csv
홍성군,가곡,충청남도 홍성군 갈산면 가곡리,201.0,1543.0,1575.0,462.0,19.0,2025-12-31,86.24444444444445,70.9,13.755555555555546,27.77767670795009,낮음,8.435469474481849,일반 모니터링,농업기반시설_저수지_2021_v3.csv
홍성군,가곡,충청남도 홍성군 갈산면 가곡리,201.0,1543.0,1575.0,462.0,19.0,2025-12-31,86.24444444444445,70.9,13.755555555555546,27.77767670795009,낮음,8.435469474481849,일반 모니터링,한국농어촌공사_농업기반시설 시설제원_저수지_2020.csv
홍성군,가곡,충청남도 홍성군 갈산면 가곡리,201.0,1543.0,1575.0,462.0,19.0,2025-12-31,86.24444444444445,70.9,13.755555555555546,27.77767670795009,낮음,8.435469474481849,일반 모니터링,한국농어촌공사_농업기반시설제원_저수지_2022.csv
홍성군,장곡,충청남도 홍성군 장곡면 화계리,255.4,1121.7,1121.7,1064.0,29.78,2025-12-31,86.24444444444445,70.9,13.755555555555546,27.77767670795009,낮음,8.401929771635993,일반 모니터링,한국농어촌공사_농업기반시설_시설제원_저수지_2024.csv
홍성군,장곡,충청남도 홍성군 장곡면 화계리,255.4,1121.7,1121.7,1064.0,29.78,2025-12-31,86.24444444444445,70.9,13.755555555555546,27.77767670795009,낮음,8.401929771635993,일반 모니터링,한국농어촌공사_농업기반시설제원_저수지_2023.csv
홍성군,장곡,충청남도 홍성군 장곡면 죽전리,255.0,1122.0,1122.0,1064.0,30.0,2025-12-31,86.24444444444445,70.9,13.755555555555546,27.77767670795009,낮음,8.400658137393494,일반 모니터링,농업기반시설_저수지_2021_v3.csv
홍성군,장곡,충청남도 홍성군 장곡면 죽전리,255.0,1122.0,1122.0,1064.0,30.0,2025-12-31,86.24444444444445,70.9,13.755555555555546,27.77767670795009,낮음,8.400658137393494,일반 모니터링,한국농어촌공사_농업기반시설 시설제원_저수지_2020.csv
홍성군,장곡,충청남도 홍성군 장곡면 죽전리,255.0,1122.0,1122.0,1064.0,30.0,2025-12-31,86.24444444444445,70.9,13.755555555555546,27.77767670795009,낮음,8.400658137393494,일반 모니터링,한국농어촌공사_농업기반시설제원_저수지_2022.csv
홍성군,홍동,충청남도 홍성군 장곡면 지정리,235.0,1064.0,1064.0,1480.0,41.0,2025-12-31,86.24444444444445,70.9,13.755555555555546,27.77767670795009,낮음,8.2974622779169,일반 모니터링,농업기반시설_저수지_2021_v3.csv
홍성군,홍동,충청남도 홍성군 장곡면 지정리,235.0,1064.0,1064.0,1480.0,41.0,2025-12-31,86.24444444444445,70.9,13.755555555555546,27.77767670795009,낮음,8.2974622779169,일반 모니터링,한국농어촌공사_농업기반시설 시설제원_저수지_2020.csv
홍성군,홍동,충청남도 홍성군 장곡면 지정리,235.0,1064.0,1064.0,1480.0,41.0,2025-12-31,86.24444444444445,70.9,13.755555555555546,27.77767670795009,낮음,8.2974622779169,일반 모니터링,한국농어촌공사_농업기반시설제원_저수지_2022.csv
홍성군,홍동,충청남도 홍성군 장곡면 지정리,234.5,1063.8,1063.8,1480.0,40.7,2025-12-31,86.24444444444445,70.9,13.755555555555546,27.77767670795009,낮음,8.295560705870937,일반 모니터링,한국농어촌공사_농업기반시설 시설제원_저수지_20250925.csv
홍성군,홍동,충청남도 홍성군 장곡면 지정리,234.5,1063.8,1063.8,1480.0,40.7,2025-12-31,86.24444444444445,70.9,13.755555555555546,27.77767670795009,낮음,8.295560705870937,일반 모니터링,한국농어촌공사_농업기반시설_시설제원_저수지_2024.csv
홍성군,홍동,충청남도 홍성군 장곡면 지정리,234.5,1063.8,1063.8,1480.0,40.7,2025-12-31,86.24444444444445,70.9,13.755555555555546,27.77767670795009,낮음,8.295560705870937,일반 모니터링,한국농어촌공사_농업기반시설제원_저수지_2023.csv
홍성군,공리,충청남도 홍성군 구항면 공리,168.0,1463.0,1507.0,370.0,30.0,2025-12-31,86.24444444444445,70.9,13.755555555555546,27.77767670795009,낮음,8.273716061323826,일반 모니터링,농업기반시설_저수지_2021_v3.csv
홍성군,공리,충청남도 홍성군 구항면 공리,168.0,1463.0,1507.0,370.0,30.0,2025-12-31,86.24444444444445,70.9,13.755555555555546,27.77767670795009,낮음,8.273716061323826,일반 모니터링,한국농어촌공사_농업기반시설 시설제원_저수지_2020.csv
홍성군,공리,충청남도 홍성군 구항면 공리,168.0,1463.0,1507.0,370.0,30.0,2025-12-31,86.24444444444445,70.9,13.755555555555546,27.77767670795009,낮음,8.273716061323826,일반 모니터링,한국농어촌공사_농업기반시설제원_저수지_2022.csv
홍성군,공리,충청남도 홍성군 구항면 공리,167.5,1463.2,1507.2,370.0,29.6,2025-12-31,86.24444444444445,70.9,13.755555555555546,27.77767670795009,낮음,8.272031553098968,일반 모니터링,한국농어촌공사_농업기반시설 시설제원_저수지_20250925.csv
홍성군,공리,충청남도 홍성군 구항면 공리,167.5,1463.2,1507.2,370.0,29.6,2025-12-31,86.24444444444445,70.9,13.755555555555546,27.77767670795009,낮음,8.272031553098968,일반 모니터링,한국농어촌공사_농업기반시설_시설제원_저수지_2024.csv
홍성군,공리,충청남도 홍성군 구항면 공리,167.5,1463.2,1507.2,370.0,29.6,2025-12-31,86.24444444444445,70.9,13.755555555555546,27.77767670795009,낮음,8.272031553098968,일반 모니터링,한국농어촌공사_농업기반시설제원_저수지_2023.csv
홍성군,대사,충청남도 홍성군 갈산면 대사리,163.0,1376.0,1376.0,290.0,17.0,2025-12-31,86.24444444444445,70.9,13.755555555555546,27.77767670795009,낮음,8.208574278879453,일반 모니터링,농업기반시설_저수지_2021_v3.csv
홍성군,대사,충청남도 홍성군 갈산면 대사리,163.0,1376.0,1376.0,290.0,17.0,2025-12-31,86.24444444444445,70.9,13.755555555555546,27.77767670795009,낮음,8.208574278879453,일반 모니터링,한국농어촌공사_농업기반시설 시설제원_저수지_2020.csv
홍성군,대사,충청남도 홍성군 갈산면 대사리,163.0,1376.0,1376.0,290.0,17.0,2025-12-31,86.24444444444445,70.9,13.755555555555546,27.77767670795009,낮음,8.208574278879453,일반 모니터링,한국농어촌공사_농업기반시설제원_저수지_2022.csv
홍성군,대사,충청남도 홍성군 갈산면 대사리,162.9,1376.2,1376.2,290.0,16.6,2025-12-31,86.24444444444445,70.9,13.755555555555546,27.77767670795009,낮음,8.208324202762926,일반 모니터링,한국농어촌공사_농업기반시설 시설제원_저수지_20250925.csv
홍성군,대사,충청남도 홍성군 갈산면 대사리,162.9,1376.2,1376.2,290.0,16.6,2025-12-31,86.24444444444445,70.9,13.755555555555546,27.77767670795009,낮음,8.208324202762926,일반 모니터링,한국농어촌공사_농업기반시설_시설제원_저수지_2024.csv
홍성군,대사,충청남도 홍성군 갈산면 대사리,162.9,1376.2,1376.2,290.0,16.6,2025-12-31,86.24444444444445,70.9,13.755555555555546,27.77767670795009,낮음,8.208324202762926,일반 모니터링,한국농어촌공사_농업기반시설제원_저수지_2023.csv
홍성군,가곡,충청남도 홍성군 갈산면 가곡리,201.4,154.3,157.5,462.0,19.1,2025-12-31,86.24444444444445,70.9,13.755555555555546,27.77767670795009,낮음,7.6833125856699995,일반 모니터링,한국농어촌공사_농업기반시설 시설제원_저수지_20250925.csv
홍성군,벽정,충청남도 홍성군 광천읍 벽계리,58.0,205.0,205.0,210.0,6.0,2025-12-31,86.24444444444445,70.9,13.755555555555546,27.77767670795009,낮음,7.196581514159318,일반 모니터링,농업기반시설_저수지_2021_v3.csv
홍성군,벽정,충청남도 홍성군 광천읍 벽계리,58.0,205.0,205.0,210.0,6.0,2025-12-31,86.24444444444445,70.9,13.755555555555546,27.77767670795009,낮음,7.196581514159318,일반 모니터링,한국농어촌공사_농업기반시설 시설제원_저수지_2020.csv
홍성군,벽정,충청남도 홍성군 광천읍 벽계리,58.0,205.0,205.0,210.0,6.0,2025-12-31,86.24444444444445,70.9,13.755555555555546,27.77767670795009,낮음,7.196581514159318,일반 모니터링,한국농어촌공사_농업기반시설제원_저수지_2022.csv
홍성군,벽정,충청남도 홍성군 광천읍 벽계리,57.9,205.0,205.0,210.0,6.36,2025-12-31,86.24444444444445,70.9,13.755555555555546,27.77767670795009,낮음,7.196222906132236,일반 모니터링,한국농어촌공사_농업기반시설 시설제원_저수지_20250925.csv
홍성군,벽정,충청남도 홍성군 광천읍 벽계리,57.9,205.0,205.0,210.0,6.36,2025-12-31,86.24444444444445,70.9,13.755555555555546,27.77767670795009,낮음,7.196222906132236,일반 모니터링,한국농어촌공사_농업기반시설_시설제원_저수지_2024.csv
홍성군,벽정,충청남도 홍성군 광천읍 벽계리,57.9,205.0,205.0,210.0,6.36,2025-12-31,86.24444444444445,70.9,13.755555555555546,27.77767670795009,낮음,7.196222906132236,일반 모니터링,한국농어촌공사_농업기반시설제원_저수지_2023.csv
홍성군,월암,충청남도 홍성군 금마면 봉서리,35.2,309.2,323.3,205.0,7.9,2025-12-31,86.24444444444445,70.9,13.755555555555546,27.77767670795009,낮음,7.171364009382374,일반 모니터링,한국농어촌공사_농업기반시설 시설제원_저수지_20250925.csv
홍성군,월암,충청남도 홍성군 금마면 봉서리,35.2,309.2,323.3,205.0,7.9,2025-12-31,86.24444444444445,70.9,13.755555555555546,27.77767670795009,낮음,7.171364009382374,일반 모니터링,한국농어촌공사_농업기반시설_시설제원_저수지_2024.csv
홍성군,월암,충청남도 홍성군 금마면 봉서리,35.2,309.2,323.3,205.0,7.9,2025-12-31,86.24444444444445,70.9,13.755555555555546,27.77767670795009,낮음,7.171364009382374,일반 모니터링,한국농어촌공사_농업기반시설제원_저수지_2023.csv
홍성군,월암,충청남도 홍성군 금마면 봉서리,35.0,309.0,323.0,205.0,8.0,2025-12-31,86.24444444444445,70.9,13.755555555555546,27.77767670795009,낮음,7.170538261417657,일반 모니터링,농업기반시설_저수지_2021_v3.csv
홍성군,월암,충청남도 홍성군 금마면 봉서리,35.0,309.0,323.0,205.0,8.0,2025-12-31,86.24444444444445,70.9,13.755555555555546,27.77767670795009,낮음,7.170538261417657,일반 모니터링,한국농어촌공사_농업기반시설 시설제원_저수지_2020.csv
홍성군,월암,충청남도 홍성군 금마면 봉서리,35.0,309.0,323.0,205.0,8.0,2025-12-31,86.24444444444445,70.9,13.755555555555546,27.77767670795009,낮음,7.170538261417657,일반 모니터링,한국농어촌공사_농업기반시설제원_저수지_2022.csv
