#START7777
#2345678901234567890123456789012345678901234567890123456789012345678901234567890123456789012345678901234567890123456789012345678901234567890123456789012345678901234567890123456789012345678901234567890123456789012345678901234567890123456789012345678901234567890123456789012345678901234567890123456789012345678901234567890123
# YYMMDD STN   WS    WR  WD   WS   WS  WD   WS   WS    TA    TA   TA    TA   TA    TD    TS    TG    HM    HM   HM    PV  EV_S  EV_L    FG     PA     PS     PS   PS     PS   PS   CA   SS   SS   SS    SI    SI   SI     RN     RN    RN     RN   RN     RN   RN     RN   RN     SD   SD     SD   SD    TE    TE    TE    TE    TE
#    KST  ID  AVG   DAY MAX  MAX  MAX INS  INS  INS   AVG   MAX  MAX   MIN  MIN   AVG   AVG   MIN   AVG   MIN  MIN   AVG               DUR    AVG    AVG    MAX  MAX    MIN  MIN  TOT  DAY  DUR  CMB   DAY   60M  60M    DAY    D99   DUR    60M  60M    10M  10M    POW  POW    NEW  NEW    MAX  MAX     5    10    15    30    50
#             m/s     m  16  m/s   TM  16  m/s   TM     C     C   TM     C   TM     C     C     C     %     %   TM   hPa    mm    mm    hr    hPa    hPa    hPa   TM    hPa   TM    %   hr   hr   hr         MAX   TM     mm     mm    hr     mm   TM     mm   TM     mm   TM     cm   TM     cm   TM     C     C     C     C     C
20260530  90  5.7  4962  27  8.8 1303  29 19.1 1222  28.8  32.7 1346  22.6  352   6.5  29.3  16.2  24.6  20.0  901   9.8  17.6  12.3 -9.00 1003.8 1005.8 1008.0 2354 1004.6 1435  0.0 13.7 14.6 -9.0 30.97  3.65 1200   -9.0   -9.0 -9.00   -9.0   -9   -9.0   -9   -9.0   -9   -9.0   -9   -9.0   -9 -99.0 -99.0 -99.0 -99.0 -99.0
20260530  93  1.5  1332  20  6.1 1432  20  9.8 1438  21.6  31.1 1650  12.2  456  12.3  27.6  10.5  61.0  27.0 1749  14.4   9.0   6.3 -9.00  998.8 1009.9 1012.3 2323 1007.2 1650  0.0 13.1 14.6 -9.0 29.48  3.54 1200   -9.0   -9.0 -9.00   -9.0   -9   -9.0   -9   -9.0   -9   -9.0   -9   -9.0   -9  22.1  20.0  17.5  13.6  12.5
20260530  95  1.7  1478  23  4.3 1645  20  9.1 1610  21.1  29.4 1532  11.6  513  12.8  24.6   9.8  63.4  34.0 1355  14.8   9.0   6.3 -9.00  992.2 1010.1 1012.7 2354 1007.7 1602  0.0 13.4 14.6 -9.0 30.40  3.54 1200   -9.0   -9.0 -9.00   -9.0   -9   -9.0   -9   -9.0   -9   -9.0   -9   -9.0   -9 -99.0 -99.0 -99.0 -99.0 -99.0
20260530  98  1.4  1234  25  4.0 1310  20  8.5 1609  21.5  28.9 1331  13.3  458  12.5  26.5  10.1  58.9  35.0 1339  14.5   8.4   5.9 -9.00  996.7 1010.0 1012.4 2326 1008.2 1521  0.0 12.0 14.6 -9.0 29.35  3.53 1200   -9.0   -9.0 -9.00   -9.0   -9   -9.0   -9   -9.0   -9   -9.0   -9   -9.0   -9 -99.0 -99.0 -99.0 -99.0 -99.0
20260530  99  1.3  1139  29  3.8 1617  29  7.5 1514  20.0  28.0 1439  12.5  511  14.9  25.0   9.3  75.3  48.0 1403  17.0   7.3   5.1 -9.00 1007.2 1010.8 1012.8 2322 1009.3 1543  0.0 12.5 14.6 -9.0 29.08  3.51 1200   -9.0   -9.0 -9.00   -9.0   -9   -9.0   -9   -9.0   -9   -9.0   -9   -9.0   -9 -99.0 -99.0 -99.0 -99.0 -99.0
20260530 100  3.9  3353  27  8.3 1400  27 14.2 1356  19.9  26.3 1306   9.8  229   7.4  22.6   4.9  49.0  24.0 1125  10.3  11.8   8.3 -9.00  922.9 1008.5 1011.8 2400 1005.4 1450  0.0 13.6 14.6 -9.0 31.64  3.72 1200   -9.0   -9.0 -9.00   -9.0   -9   -9.0   -9   -9.0   -9   -9.0   -9   -9.0   -9 -99.0 -99.0 -99.0 -99.0 -99.0
20260530 101  1.8  1548  20  5.4 1453  20  9.9 1454  21.8  30.2 1600  12.6  441  12.1  27.3   7.5  58.8  29.0 1826  14.1   9.1   6.4 -9.00 1000.1 1008.9 1011.5 2356 1006.2 1609  0.0 13.4 14.6 -9.0 29.66  3.53 1200   -9.0   -9.0 -9.00   -9.0   -9   -9.0   -9   -9.0   -9   -9.0   -9   -9.0   -9  21.3  18.0  16.1  14.3  15.2
20260530 102  2.6  2236  27  5.0 1228  29  9.8 1309  21.1  26.8 1454  14.5 2343  13.8  28.2  10.6  65.1  39.0 1655  15.8   5.2   3.6 -9.00   -9.0   -9.0 1009.4 1130 1000.7 1453  0.0 13.8 14.6 -9.0 31.54  3.70 1200   -9.0   -9.0 -9.00   -9.0   -9   -9.0   -9   -9.0   -9   -9.0   -9   -9.0   -9 -99.0 -99.0 -99.0 -99.0 -99.0
20260530 104  4.6  3956  25  7.5 1938  29 14.4 1110  28.3  32.7 1453  20.3  538   6.9  33.5  14.9  26.5  18.0 2320  10.0  15.6  10.9 -9.00  996.8 1005.3 1007.3 2334 1003.8 1547  0.0 -9.0 14.6 -9.0 -9.00  3.64 1200   -9.0   -9.0 -9.00   -9.0   -9   -9.0   -9   -9.0   -9   -9.0   -9   -9.0   -9  20.7  18.0  16.3  13.2  13.1
20260530 105  3.2  2787  27  5.1 1417  27 10.8 2035  28.0  33.5 1358  21.9  524   8.0  32.2  16.2  29.3  19.0 1021  10.7  14.2  10.0 -9.00 1003.4 1006.5 1008.7 2349 1005.1 1500  0.0 13.4 14.6 -9.0 29.16  3.47 1200   -9.0   -9.0 -9.00   -9.0   -9   -9.0   -9   -9.0   -9   -9.0   -9   -9.0   -9  21.7  18.8  17.8  14.9  14.5
20260530 106  4.7  4101  27  6.8 2014  29 13.9 2131  28.3  33.6 1351  21.4  556   7.0  32.6  15.7  27.1  18.0 1234  10.0  17.0  11.9 -9.00 1002.4 1007.0 1009.0 2333 1005.7 1615  0.0 12.8 14.5 -9.0 30.55  3.61 1200   -9.0   -9.0 -9.00   -9.0   -9   -9.0   -9   -9.0   -9   -9.0   -9   -9.0   -9 -99.0 -99.0 -99.0 -99.0 -99.0
20260530 108  2.3  1999  20  5.5 1613  27  9.5 1546  22.5  29.0 1453  15.8  525  13.6  25.2  13.5  59.3  38.0 1558  15.6   9.4   6.6 -9.00 1000.5 1010.4 1012.5 2324 1008.8 1611  0.0 13.5 14.6 -9.0 30.84  3.66 1200   -9.0   -9.0 -9.00   -9.0   -9   -9.0   -9   -9.0   -9   -9.0   -9   -9.0   -9  21.4  18.6  17.5  14.3  13.6
20260530 112  2.6  2253  20  5.0 1521  20  7.9 1415  20.0  24.1 1657  15.7  506  15.3  23.8  11.5  75.4  58.0 1333  17.4   7.4   5.2 -9.00 1002.5 1010.5 1012.3 2318 1009.0  254  0.0 13.5 14.5 -9.0 30.03  3.56 1200   -9.0   -9.0 -9.00   -9.0   -9   -9.0   -9   -9.0   -9   -9.0   -9   -9.0   -9  20.4  18.5  13.5  16.0  13.4
20260530 114  1.2  1057  29  3.6 1248  32  6.8 1240  22.4  30.2 1506  13.8  446  12.4  27.5   8.3  56.6  27.0 1826  14.4   8.7   6.1 -9.00  993.0 1010.3 1012.5 2354 1007.8 1653  0.0 13.5 14.5 -9.0 30.11  3.58 1200   -9.0   -9.0 -9.00   -9.0   -9   -9.0   -9   -9.0   -9   -9.0   -9   -9.0   -9 -99.0 -99.0 -99.0 -99.0 -99.0
20260530 115  6.5  5580  29  9.1  331  23 15.0 2001  25.6  28.1 1245  20.4    1   7.9  28.7  17.9  33.0  22.0 1004  10.7  16.2  11.3 -9.00  982.2 1007.1 1009.4 2320 1005.3  322  0.0 13.1 14.5 -9.0 29.04  3.48 1200   -9.0   -9.0 -9.00   -9.0   -9   -9.0   -9   -9.0   -9   -9.0   -9   -9.0   -9  19.0  15.9  15.0  12.3  13.1
20260530 119  1.9  1659  25  4.3 1240  25  7.1 1623  21.1  28.7 1533  13.4  429  14.0  29.5   9.9  67.4  39.0 1508  16.0   8.3   5.8 -9.00 1005.9 1010.5 1012.6 2334 1008.9 1612  0.0 13.1 14.5 -9.0 29.81  3.56 1200   -9.0   -9.0 -9.00   -9.0   -9   -9.0   -9   -9.0   -9   -9.0   -9   -9.0   -9  21.0  18.2  15.9  12.7  12.5
20260530 121  1.4  1245  32  6.5 1509  34 12.6 1456  20.9  30.4 1347  10.8  524  10.7  28.2   8.0  58.9  21.0 1423  12.9   9.4   6.6 -9.00  982.9 1010.5 1013.2 2342 1007.7 1503  0.0 12.9 14.5 -9.0 30.20  3.61 1200   -9.0   -9.0 -9.00   -9.0   -9   -9.0   -9   -9.0   -9   -9.0   -9   -9.0   -9 -99.0 -99.0 -99.0 -99.0 -99.0
20260530 127  1.5  1264  25  4.4 1413  25  8.4 1514  21.5  31.2 1505  11.4  523  10.5  25.1  10.0  54.8  23.0 1515  12.7   9.6   6.7 -9.00  996.6 1009.8 1011.9 2358 1007.7 1629  0.0 12.6 14.5 -9.0 30.62  3.65 1200   -9.0   -9.0 -9.00   -9.0   -9   -9.0   -9   -9.0   -9   -9.0   -9   -9.0   -9 -99.0 -99.0 -99.0 -99.0 -99.0
20260530 129  2.0  1694  20  4.1 1517  18  6.3 1253  20.1  26.4 1415  13.8  445  15.8  26.4  10.2  79.1  52.0 1425  18.0   7.5   5.3 -9.00 1008.4 1011.3 1012.9 2346 1009.9  219  0.0 13.2 14.5 -9.0 30.00  3.61 1200   -9.0   -9.0 -9.00   -9.0   -9   -9.0   -9   -9.0   -9   -9.0   -9   -9.0   -9  20.8  18.1  18.0  13.7  14.7
20260530 130  2.0  1727  32  4.0 1538  29  7.9 1601  25.7  33.2 1529  19.1  500  10.3  27.8  13.0  39.3  22.0 1549  12.6  -9.0  -9.0 -9.00 1002.2 1007.8 1009.7 2339 1006.2 1648  0.0 13.9 14.5 -9.0 -9.00 -9.00   -9   -9.0   -9.0 -9.00   -9.0   -9   -9.0   -9   -9.0   -9   -9.0   -9   -9.0   -9 -99.0 -99.0 -99.0 -99.0 -99.0
20260530 131  1.4  1171  29  2.9 1551  27  6.5 1549  23.8  31.5 1458  16.0  513  11.4  25.2  12.4  48.3  24.0 1550  13.5   9.6   6.7 -9.00 1003.6 1010.4 1012.3 2352 1008.6 1633  0.0 13.3 14.5 -9.0 31.93  4.16 1200   -9.0   -9.0 -9.00   -9.0   -9   -9.0   -9   -9.0   -9   -9.0   -9   -9.0   -9 -99.0 -99.0 -99.0 -99.0 -99.0
20260530 133  1.6  1375  32  4.1 1340  34  6.7 1334  22.4  30.0 1457  13.4  531  13.1  24.5  11.0  59.3  26.0 1332  15.1   8.8   6.2 -9.00 1003.2 1011.0 1012.9 2346 1009.4 1644  0.0 13.9 14.4 -9.0 30.43  3.63 1200   -9.0   -9.0 -9.00   -9.0   -9   -9.0   -9   -9.0   -9   -9.0   -9   -9.0   -9  22.4  20.7  18.6  15.6  15.7
20260530 135  2.1  1853  27  5.5 1304  27  9.9 1304  21.1  28.7 1429  12.1  459  10.7  23.4  10.3  55.1  28.0 1545  12.9   9.7   6.8 -9.00  982.4 1010.4 1012.8 2336 1008.5 1652  0.3 13.1 14.4 -9.0 31.27  3.73 1200   -9.0   -9.0 -9.00   -9.0   -9   -9.0   -9   -9.0   -9   -9.0   -9   -9.0   -9 -99.0 -99.0 -99.0 -99.0 -99.0
20260530 136  1.4  1174  29  3.9 1507  32  8.0 1504  22.4  31.1 1421  12.5  456  11.1  29.9  10.4  52.9  22.0 1510  13.2   9.4   6.6 -9.00  994.4 1010.6 1012.7 2340 1008.5 1643  0.0 13.2 14.5 -9.0 31.00  3.69 1200   -9.0   -9.0 -9.00   -9.0   -9   -9.0   -9   -9.0   -9   -9.0   -9   -9.0   -9 -99.0 -99.0 -99.0 -99.0 -99.0
20260530 137  1.7  1460  25  3.5 1308  27  8.1 1304  23.8  31.1 1603  15.8  559  12.2  27.5  12.1  50.1  29.0 1434  14.3   9.3   6.5 -9.00  998.2 1009.3 1011.3 2348 1007.6 1600  0.1 13.7 14.4 -9.0 30.89  3.66 1200   -9.0   -9.0 -9.00   -9.0   -9   -9.0   -9   -9.0   -9   -9.0   -9   -9.0   -9 -99.0 -99.0 -99.0 -99.0 -99.0
20260530 138  2.8  2437  23  5.0  957  27  8.3 1454  26.0  31.9 1533  19.2  530   8.6  28.8  15.2  34.9  20.0 1314  11.2  12.1   8.5 -9.00 1008.0 1008.5 1010.5 2355 1006.9 1640  0.6 13.5 14.4 -9.0 30.56  3.66 1200   -9.0   -9.0 -9.00   -9.0   -9   -9.0   -9   -9.0   -9   -9.0   -9   -9.0   -9  20.7  17.9  16.9  15.3  15.7
20260530 140  2.2  1861  29  5.1 1235  29  6.2 1229  20.4  26.1 1459  13.8  502  15.5  25.1  10.6  75.9  49.0 1450  17.7  -9.0  -9.0 -9.00 1009.1 1012.4 1013.8 2258 1011.1  204  0.1 13.3 14.4 -9.0 -9.00 -9.00   -9   -9.0   -9.0 -9.00   -9.0   -9   -9.0   -9   -9.0   -9   -9.0   -9   -9.0   -9 -99.0 -99.0 -99.0 -99.0 -99.0
20260530 143  1.7  1508  29  3.7 1759  29  7.5 1327  24.3  31.7 1525  15.3  532   9.1  28.3  11.3  42.6  20.0 1242  11.6  10.7   7.5 -9.00 1003.2 1009.4 1011.5 2355 1007.5 1616  1.0 13.6 14.4 -9.0 30.70  3.63 1200   -9.0   -9.0 -9.00   -9.0   -9   -9.0   -9   -9.0   -9   -9.0   -9   -9.0   -9 -99.0 -99.0 -99.0 -99.0 -99.0
20260530 146  1.8  1530  27  4.2 1505  29  6.4 1405  22.1  29.6 1429  13.8  456  13.0  24.6  11.0  59.3  29.0 1417  15.0   9.0   6.3 -9.00 1004.6 1011.5 1013.2 2342 1010.1 1622  0.8 13.3 14.4 -9.0 30.21  3.64 1200   -9.0   -9.0 -9.00   -9.0   -9   -9.0   -9   -9.0   -9   -9.0   -9   -9.0   -9 -99.0 -99.0 -99.0 -99.0 -99.0
20260530 152  1.8  1554   7  3.9 1136   7  8.8 1204  23.9  30.7 1417  16.9    1  10.0  24.4  13.1  43.5  19.0 1252  12.4   9.8   6.9 -9.00  999.5 1008.8 1010.6 2328 1007.4 1416  2.8 12.8 14.4 -9.0 29.89  3.71 1200   -9.0   -9.0 -9.00   -9.0   -9   -9.0   -9   -9.0   -9   -9.0   -9   -9.0   -9 -99.0 -99.0 -99.0 -99.0 -99.0
20260530 155  1.3  1138   7  4.8 1113  11  8.2 1115  23.9  31.4 1411  15.8  458  12.5  27.3  11.8  54.8  23.0 1243  14.7   8.7   6.1 -9.00 1006.0 1010.0 1011.7 2303 1008.3 1650  2.9 11.6 14.3 -9.0 28.65  3.75 1200   -9.0   -9.0 -9.00   -9.0   -9   -9.0   -9   -9.0   -9   -9.0   -9   -9.0   -9 -99.0 -99.0 -99.0 -99.0 -99.0
20260530 156  1.1   993  36  2.7 1357  25  5.7 1639  22.8  30.4 1346  15.2  545  12.2  26.1   9.6  55.6  27.0 1409  14.3   8.5   5.9 -9.00 1002.5 1010.6 1012.1 2352 1008.8 1619  1.6 12.9 14.3 -9.0 32.75  3.73 1200   -9.0   -9.0 -9.00   -9.0   -9   -9.0   -9   -9.0   -9   -9.0   -9   -9.0   -9 -99.0 -99.0 -99.0 -99.0 -99.0
20260530 159  2.9  2527  23  6.2 1320   7  9.7  654  23.7  30.7 1249  18.8  400  13.7  25.6  12.3  55.8  25.0 1250  15.8   9.1   6.4 -9.00 1001.2 1009.2 1010.8 2329 1008.0 1708  3.3 10.7 14.3 -9.0 29.12  3.78 1200   -9.0   -9.0 -9.00   -9.0   -9   -9.0   -9   -9.0   -9   -9.0   -9   -9.0   -9  21.7  19.6  18.7  15.7  16.7
20260530 162  1.5  1259  25  3.9 1343  25  7.7 1524  22.3  29.4 1450  16.0  522  13.4  27.3  12.6  62.8  25.0 1459  15.6   7.7   5.4 -9.00 1005.9 1009.6 1011.1 2336 1008.2 1612  2.9 10.4 14.3 -9.0 27.96  3.62 1200   -9.0   -9.0 -9.00   -9.0   -9   -9.0   -9   -9.0   -9   -9.0   -9   -9.0   -9 -99.0 -99.0 -99.0 -99.0 -99.0
20260530 165  2.0  1699  27  4.4 1308  25  5.2 1306  20.6  25.4 1609  16.3  524  16.0  22.9  11.8  76.8  54.0 1156  18.2   6.5   4.5 -9.00 1007.0 1012.2 1013.4 2302 1011.0 1758  1.8 11.7 14.3 -9.0 28.28  3.62 1100   -9.0   -9.0 -9.00   -9.0   -9   -9.0   -9   -9.0   -9   -9.0   -9   -9.0   -9  21.2  19.8  17.8  15.8  14.8
20260530 168  3.0  2609  25  6.9 1401  27  9.9 1430  23.3  29.3 1517  17.6  544  11.8  26.6  15.7  49.5  28.0 1427  14.0   8.9   6.2 -9.00 1003.1 1010.7 1012.1 2310 1009.3 1621  1.9 11.3 14.3 -9.0 27.80  3.63 1100   -9.0   -9.0 -9.00   -9.0   -9   -9.0   -9   -9.0   -9   -9.0   -9   -9.0   -9  22.4  19.7  17.9  16.0  16.6
20260530 169  3.6  3140  32  7.0   36  34 10.1  330  21.7  26.1 1456  17.2    8  13.9  28.4  14.6  62.0  48.0 1047  15.9   7.9   5.5 -9.00 1003.4 1012.0 1013.2 2249 1010.8  332  2.4 13.3 14.3 -9.0 27.95  3.32 1400   -9.0   -9.0 -9.00   -9.0   -9   -9.0   -9   -9.0   -9   -9.0   -9   -9.0   -9 -99.0 -99.0 -99.0 -99.0 -99.0
20260530 170  1.6  1396  25  3.6 1735  32  6.7 1403  22.4  29.4 1218  15.3  534  14.2  23.6  11.1  61.5  35.0 1303  16.2   6.9   4.8 -9.00 1007.7 1011.8 1012.9 2257 1010.4 1702  3.6  9.7 14.3 -9.0 24.92  3.54 1100   -9.0   -9.0 -9.00   -9.0   -9   -9.0   -9   -9.0   -9   -9.0   -9   -9.0   -9 -99.0 -99.0 -99.0 -99.0 -99.0
20260530 172  1.6  1381  27  4.9 1636  29  6.7 1207  20.8  28.3 1544  13.2  521  14.0  23.3   9.5  70.1  34.0 1607  16.1   8.1   5.6 -9.00 1005.4 1011.4 1012.8 2234 1010.0 1718  1.4 13.6 14.4 -9.0 30.67  3.66 1100   -9.0   -9.0 -9.00   -9.0   -9   -9.0   -9   -9.0   -9   -9.0   -9   -9.0   -9 -99.0 -99.0 -99.0 -99.0 -99.0
20260530 174  1.5  1289  32  4.4 1122  32  9.4 1252  19.8  28.8 1338   9.9  556   9.9  22.6   9.2  58.6  22.0 1339  12.2  -9.0  -9.0 -9.00  990.8 1009.9 1011.9 2256 1007.5 1624  2.5 11.8 14.3 -9.0 -9.00 -9.00   -9   -9.0   -9.0 -9.00   -9.0   -9   -9.0   -9   -9.0   -9   -9.0   -9   -9.0   -9 -99.0 -99.0 -99.0 -99.0 -99.0
20260530 177  2.7  2365  18  5.3 2200  20  7.8 2153  21.7  29.0 1518  14.1  458  14.9  26.8  12.5  68.1  43.0 1521  17.0   8.3   5.8 -9.00 1006.4 1009.6 1011.4 2319 1008.5  248  0.0 13.6 14.5 -9.0 30.45  3.62 1200   -9.0   -9.0 -9.00   -9.0   -9   -9.0   -9   -9.0   -9   -9.0   -9   -9.0   -9 -99.0 -99.0 -99.0 -99.0 -99.0
20260530 181  1.7  1506  32  4.4 1611  32  7.1 1527  21.3  30.3 1508  12.3  507  12.6  23.7   7.8  62.6  25.0 1531  14.7   8.2   5.7 -9.00 1007.1 1011.0 1013.0 2349 1009.4 1608  0.0 13.6 14.5 -9.0 30.84  3.65 1200   -9.0   -9.0 -9.00   -9.0   -9   -9.0   -9   -9.0   -9   -9.0   -9   -9.0   -9 -99.0 -99.0 -99.0 -99.0 -99.0
20260530 184  2.3  2018  32  4.6 1554  34  6.9 1553  22.4  27.0 1224  18.2  404  10.9  26.6  11.4  49.1  33.0 1130  13.2   7.0   4.9 -9.00 1009.6 1012.0 1013.2 2243 1010.9  238  3.4  7.6 14.2 -9.0 22.57  3.59 1100   -9.0   -9.0 -9.00   -9.0   -9   -9.0   -9   -9.0   -9   -9.0   -9   -9.0   -9  22.5  19.9  20.2  18.3  16.5
20260530 185  4.7  4040  32  7.1 1529  34  9.0  320  19.7  22.5 1121  17.7  441  15.5  23.3  15.8  77.1  60.0  914  17.6   5.8   4.1 -9.00 1003.9 1012.3 1013.6 2230 1011.2  403  4.3  6.8 14.2 -9.0 23.32  3.63 1100   -9.0   -9.0 -9.00   -9.0   -9   -9.0   -9   -9.0   -9   -9.0   -9   -9.0   -9 -99.0 -99.0 -99.0 -99.0 -99.0
20260530 188  2.8  2392  27  5.5  718  27  9.3  902  24.0  30.2 1250  18.2  340   9.7  22.1  12.4  41.6  24.0 1351  12.1  -9.0  -9.0 -9.00 1009.5 1011.9 1013.3 2301 1010.5  212  3.4  8.3 14.2 -9.0 -9.00 -9.00   -9   -9.0   -9.0 -9.00   -9.0   -9   -9.0   -9   -9.0   -9   -9.0   -9   -9.0   -9 -99.0 -99.0 -99.0 -99.0 -99.0
20260530 189  1.4  1180  20  3.4 1107   5  5.1  145  23.6  29.9 1347  18.2  451  10.6  24.6  15.2  45.4  29.0 1018  13.0   8.0   5.6 -9.00 1005.9 1011.8 1013.2 2242 1010.6  142  3.4  8.2 14.2 -9.0 25.41  3.61 1300   -9.0   -9.0 -9.00   -9.0   -9   -9.0   -9   -9.0   -9   -9.0   -9   -9.0   -9 -99.0 -99.0 -99.0 -99.0 -99.0
20260530 192  0.7   630  18  2.4 1523  29  4.9 1454  21.3  30.8 1414  12.8  521  13.3  29.1  10.3  66.8  23.0 1408  15.4   7.7   5.4 -9.00 1007.0 1010.4 1012.3 2254 1008.5 1645  2.1 12.4 14.3 -9.0 29.12  3.71 1200   -9.0   -9.0 -9.00   -9.0   -9   -9.0   -9   -9.0   -9   -9.0   -9   -9.0   -9 -99.0 -99.0 -99.0 -99.0 -99.0
20260530 201  2.5  2151  27  5.7 1515  27  9.9 1511  19.1  23.9 1422  12.3  505  14.5  24.3   7.9  76.3  57.0 1334  16.5  -9.0  -9.0 -9.00 1005.4 1011.0 1012.7 2213 1009.6  229  0.0 12.6 14.6 -9.0 -9.00 -9.00   -9   -9.0   -9.0 -9.00   -9.0   -9   -9.0   -9   -9.0   -9   -9.0   -9   -9.0   -9 -99.0 -99.0 -99.0 -99.0 -99.0
20260530 202  1.4  1209  25  3.8 1626  25  7.3 1622  21.7  30.2 1517  13.5  556  12.9  28.7  10.0  61.6  30.0 1605  14.9  -9.0  -9.0 -9.00 1005.1 1010.6 1012.5 2318 1008.7 1548  0.0 12.6 14.5 -9.0 -9.00 -9.00   -9   -9.0   -9.0 -9.00   -9.0   -9   -9.0   -9   -9.0   -9   -9.0   -9   -9.0   -9 -99.0 -99.0 -99.0 -99.0 -99.0
20260530 203  1.2   996  23  2.9 1359  25  6.9 1414  21.9  30.2 1609  12.6  534  14.2  28.0  10.6  65.1  35.0 1604  16.2  -9.0  -9.0 -9.00 1001.7 1011.0 1013.1 2334 1009.1 1630  0.0 10.7 14.5 -9.0 -9.00 -9.00   -9   -9.0   -9.0 -9.00   -9.0   -9   -9.0   -9   -9.0   -9   -9.0   -9   -9.0   -9 -99.0 -99.0 -99.0 -99.0 -99.0
20260530 211  1.6  1389  20  5.0 1435  20 10.6 1440  20.7  29.5 1535  11.3  504  10.9  26.1   6.4  58.6  31.0 1414  13.1  -9.0  -9.0 -9.00  986.0 1009.2 1012.3 2359 1006.0 1601  0.0 11.8 14.6 -9.0 -9.00 -9.00   -9   -9.0   -9.0 -9.00   -9.0   -9   -9.0   -9   -9.0   -9   -9.0   -9   -9.0   -9 -99.0 -99.0 -99.0 -99.0 -99.0
20260530 212  1.1   987  29  4.0 1716  27  7.8 1546  21.6  30.9 1543  12.3  504  11.0  27.2   9.5  57.0  20.0 1603  13.2  -9.0  -9.0 -9.00  994.3 1010.5 1012.9 2312 1007.9 1555  0.0 12.9 14.6 -9.0 -9.00 -9.00   -9   -9.0   -9.0 -9.00   -9.0   -9   -9.0   -9   -9.0   -9   -9.0   -9   -9.0   -9 -99.0 -99.0 -99.0 -99.0 -99.0
20260530 216  1.6  1381  32  3.7  848  32  9.1 1135  21.7  27.8 1428  11.9  446   5.8  23.0   9.6  37.3  23.0 1548   9.2   9.1   6.4 -9.00  929.5 1008.5 1011.5 2341 1005.9 1428  0.0 12.2 14.5 -9.0 30.25  3.68 1200   -9.0   -9.0 -9.00   -9.0   -9   -9.0   -9   -9.0   -9   -9.0   -9   -9.0   -9 -99.0 -99.0 -99.0 -99.0 -99.0
20260530 217  1.4  1200  18  4.6 1159  29  9.1 1454  20.3  30.9 1308  10.1  512   9.1  28.4   9.2  55.5  21.0 1248  11.6  -9.0  -9.0 -9.00  974.5 1010.2 1013.5 2349 1006.9 1542  0.0 11.2 14.5 -9.0 -9.00 -9.00   -9   -9.0   -9.0 -9.00   -9.0   -9   -9.0   -9   -9.0   -9   -9.0   -9   -9.0   -9 -99.0 -99.0 -99.0 -99.0 -99.0
20260530 221  1.6  1384  23  4.9 1312  25  9.0 1529  19.9  29.0 1518  10.5  458  11.1  26.1   7.9  63.5  27.0 1557  13.3  -9.0  -9.0 -9.00  980.1 1010.5 1013.1 2358 1007.9 1703  0.0 13.4 14.5 -9.0 -9.00 -9.00   -9   -9.0   -9.0 -9.00   -9.0   -9   -9.0   -9   -9.0   -9   -9.0   -9   -9.0   -9 -99.0 -99.0 -99.0 -99.0 -99.0
20260530 226  0.9   814  27  3.0 1759  29  6.0 1556  20.2  29.3 1453  10.8  529  11.8  23.6   6.2  64.9  32.0 1313  13.9  -9.0  -9.0 -9.00  991.3 1011.1 1013.3 2350 1009.1 1641  0.1 12.8 14.5 -9.0 -9.00 -9.00   -9   -9.0   -9.0 -9.00   -9.0   -9   -9.0   -9   -9.0   -9   -9.0   -9   -9.0   -9 -99.0 -99.0 -99.0 -99.0 -99.0
20260530 232  1.1   937  25  3.6 1407  23  6.8 1331  20.6  29.8 1522  11.2  452  13.1  25.6   9.3  68.5  29.0 1324  15.2  -9.0  -9.0 -9.00 1001.6 1011.4 1013.3 2354 1009.8 1559  0.0 13.2 14.5 -9.0 -9.00 -9.00   -9   -9.0   -9.0 -9.00   -9.0   -9   -9.0   -9   -9.0   -9   -9.0   -9   -9.0   -9 -99.0 -99.0 -99.0 -99.0 -99.0
20260530 235  1.8  1571  20  5.0 1203  23  7.2 1153  19.2  25.0 1355  13.0  436  15.0  23.3  10.1  78.6  55.0 1415  17.1   7.1   5.0 -9.00 1009.8 1011.0 1012.3 2212 1009.5  222  0.0 12.2 14.4 -9.0 29.95  3.65 1200   -9.0   -9.0 -9.00   -9.0   -9   -9.0   -9   -9.0   -9   -9.0   -9   -9.0   -9 -99.0 -99.0 -99.0 -99.0 -99.0
20260530 236  1.0   876  20  4.1 1419  18  7.4 1448  20.7  29.9 1545  12.5  323  14.4  25.2  10.1  71.4  31.0 1538  16.5  -9.0  -9.0 -9.00 1010.1 1011.6 1013.2 2342 1010.3 1648  0.0 12.2 14.4 -9.0 -9.00 -9.00   -9   -9.0   -9.0 -9.00   -9.0   -9   -9.0   -9   -9.0   -9   -9.0   -9   -9.0   -9 -99.0 -99.0 -99.0 -99.0 -99.0
20260530 238  0.9   796  25  2.8 1452  25  6.2 1339  20.9  29.3 1456  11.3  451  11.5  25.2   7.9  61.4  26.0 1530  13.6  -9.0  -9.0 -9.00  991.2 1010.8 1012.9 2339 1009.0 1636  0.1 13.2 14.4 -9.0 -9.00 -9.00   -9   -9.0   -9.0 -9.00   -9.0   -9   -9.0   -9   -9.0   -9   -9.0   -9   -9.0   -9 -99.0 -99.0 -99.0 -99.0 -99.0
20260530 239  1.2  1073  29  3.4 1234  23  5.6 1327  21.4  29.9 1551  12.3  530  13.1  24.9  10.3  63.6  25.0 1554  15.1   8.0   5.6 -9.00 1000.1 1010.4 1012.4 2321 1008.7 1622  0.0 12.4 14.5 -9.0 30.12  3.62 1200   -9.0   -9.0 -9.00   -9.0   -9   -9.0   -9   -9.0   -9   -9.0   -9   -9.0   -9 -99.0 -99.0 -99.0 -99.0 -99.0
20260530 243  1.0   902  29  2.9 1223  27  5.5 1514  20.9  27.9 1549  13.7  515  14.7  24.9  10.4  71.5  38.0 1533  16.8  -9.0  -9.0 -9.00 1010.4 1011.9 1013.1 2313 1010.7  156  1.0 12.8 14.4 -9.0 -9.00 -9.00   -9   -9.0   -9.0 -9.00   -9.0   -9   -9.0   -9   -9.0   -9   -9.0   -9   -9.0   -9 -99.0 -99.0 -99.0 -99.0 -99.0
20260530 244  0.8   728  36  2.8 1442  36  5.8 1241  19.7  29.7 1522  10.2  524  11.0  23.1   6.7  64.3  25.0 1618  13.2  -9.0  -9.0 -9.00  983.0 1011.5 1013.5 2352 1009.6 1426  0.5 12.7 14.4 -9.0 -9.00 -9.00   -9   -9.0   -9.0 -9.00   -9.0   -9   -9.0   -9   -9.0   -9   -9.0   -9   -9.0   -9 -99.0 -99.0 -99.0 -99.0 -99.0
20260530 245  1.5  1269  27  3.8 1502  25  5.8 1445  21.2  29.2 1442  12.2  526  13.2  24.9   9.2  63.9  34.0 1311  15.3   8.1   5.7 -9.00 1003.6 1011.6 1013.0 2220 1010.4 1627  0.5 13.6 14.4 -9.0 29.42  3.64 1200   -9.0   -9.0 -9.00   -9.0   -9   -9.0   -9   -9.0   -9   -9.0   -9   -9.0   -9 -99.0 -99.0 -99.0 -99.0 -99.0
20260530 247  1.8  1578  32  4.1 1720  34  6.7 1713  20.9  30.0 1420  12.0  531  11.9  24.3   9.8  61.1  29.0 1402  14.0  -9.0  -9.0 -9.00  995.8 1011.3 1013.0 2357 1009.1 1637  1.1 13.5 14.4 -9.0 -9.00 -9.00   -9   -9.0   -9.0 -9.00   -9.0   -9   -9.0   -9   -9.0   -9   -9.0   -9   -9.0   -9 -99.0 -99.0 -99.0 -99.0 -99.0
20260530 248  1.0   905  32  3.7 1146  32  7.6 1139  18.3  27.9 1447   9.0  501   9.5  22.3   5.7  63.6  26.0 1130  11.9  -9.0  -9.0 -9.00  965.4 1012.0 1014.6 2351 1009.5 1446  0.8 12.7 14.4 -9.0 -9.00 -9.00   -9   -9.0   -9.0 -9.00   -9.0   -9   -9.0   -9   -9.0   -9   -9.0   -9   -9.0   -9 -99.0 -99.0 -99.0 -99.0 -99.0
20260530 251  1.0   885  27  3.6 1542  27  5.8 1243  20.7  28.8 1325  12.8  539  14.5  22.7  10.8  71.3  34.0 1601  16.5   7.8   5.5 -9.00 1004.4 1011.2 1012.6 2346 1009.9 1721  1.4 13.4 14.4 -9.0 30.20  3.64 1200   -9.0   -9.0 -9.00   -9.0   -9   -9.0   -9   -9.0   -9   -9.0   -9   -9.0   -9 -99.0 -99.0 -99.0 -99.0 -99.0
20260530 252  1.2  1014  23  3.5 1447  29  5.8 1243  20.3  28.3 1243  13.1  502  15.0  23.0   9.3  74.9  40.0 1234  17.1   7.5   5.2 -9.00 1007.4 1011.7 1013.1 2353 1010.4 1716  1.5 13.2 14.4 -9.0 30.14  3.62 1100   -9.0   -9.0 -9.00   -9.0   -9   -9.0   -9   -9.0   -9   -9.0   -9   -9.0   -9 -99.0 -99.0 -99.0 -99.0 -99.0
20260530 253  1.3  1154  29  3.9 1349  27  7.5 1248  23.9  31.8 1541  15.3  417  13.1  25.9  12.6  56.0  24.0 1506  15.1   8.6   6.0 -9.00 1004.2 1010.5 1012.2 2326 1008.8 1643  3.3 11.2 14.3 -9.0 27.86  3.76 1200   -9.0   -9.0 -9.00   -9.0   -9   -9.0   -9   -9.0   -9   -9.0   -9   -9.0   -9 -99.0 -99.0 -99.0 -99.0 -99.0
20260530 254  1.6  1384  34  5.1 1702  34  8.0 1509  20.4  29.4 1626  11.4  523  11.2  24.9   9.4  61.9  24.0 1720  13.4   8.6   6.0 -9.00  997.0 1012.0 1013.8 2354 1009.9 1618  1.0 13.0 14.4 -9.0 29.77  3.61 1100   -9.0   -9.0 -9.00   -9.0   -9   -9.0   -9   -9.0   -9   -9.0   -9   -9.0   -9 -99.0 -99.0 -99.0 -99.0 -99.0
20260530 255  1.1   950  32  3.9 1514  34  8.3 1234  24.3  31.8 1501  16.7  510  12.9  25.2  12.4  54.6  24.0 1412  15.0   8.1   5.7 -9.00 1003.8 1009.7 1011.6 2309 1007.7 1633  2.6 12.0 14.3 -9.0 26.38  3.46 1200   -9.0   -9.0 -9.00   -9.0   -9   -9.0   -9   -9.0   -9   -9.0   -9   -9.0   -9 -99.0 -99.0 -99.0 -99.0 -99.0
20260530 257  1.5  1336  20  3.3  639  23  5.7 1733  23.9  33.5 1504  15.6  425  13.9  26.4  12.6  60.1  23.0 1458  16.0   8.3   5.8 -9.00 1008.9 1009.6 1011.6 2327 1007.7 1624  2.9  9.5 14.4 -9.0 27.89  3.66 1200   -9.0   -9.0 -9.00   -9.0   -9   -9.0   -9   -9.0   -9   -9.0   -9   -9.0   -9 -99.0 -99.0 -99.0 -99.0 -99.0
20260530 258  3.2  2722  29  5.4 1314  29  8.3 1330  23.1  30.2 1245  13.9  533  12.7  21.4  12.1  55.1  26.0 1240  14.7   9.0   6.3 -9.00 1011.2 1011.4 1012.6  816 1009.8 1609  2.4 11.4 14.3 -9.0 27.70  3.81 1100   -9.0   -9.0 -9.00   -9.0   -9   -9.0   -9   -9.0   -9   -9.0   -9   -9.0   -9 -99.0 -99.0 -99.0 -99.0 -99.0
20260530 259  1.2  1034  27  3.3 1210  27  6.2 1216  21.7  30.6 1224  12.8  529  14.2  22.8  11.7  67.4  31.0 1316  16.3   6.9   4.8 -9.00 1009.7 1011.6 1012.9 2307 1010.1 1724  2.9  9.8 14.3 -9.0 25.38  3.46 1200   -9.0   -9.0 -9.00   -9.0   -9   -9.0   -9   -9.0   -9   -9.0   -9   -9.0   -9 -99.0 -99.0 -99.0 -99.0 -99.0
20260530 260  1.4  1200   2  4.0 1340  34  7.1 1332  21.4  29.7 1316  12.0  531  13.9  26.0   9.2  67.4  31.0 1320  16.0  -9.0  -9.0 -9.00 1006.4 1011.6 1013.0 2314 1009.9 1733  2.8 10.7 14.3 -9.0 -9.00 -9.00   -9   -9.0   -9.0 -9.00   -9.0   -9   -9.0   -9   -9.0   -9   -9.0   -9   -9.0   -9 -99.0 -99.0 -99.0 -99.0 -99.0
20260530 261  1.6  1398  27  4.6 1419  32  6.3 1117  20.8  28.6 1309  12.9  541  16.3  24.5   9.8  78.3  37.0 1318  18.8  -9.0  -9.0 -9.00 1010.4 1012.3 1013.7 2308  936.6 1440  2.8 10.3 14.3 -9.0 -9.00 -9.00   -9   -9.0   -9.0 -9.00   -9.0   -9   -9.0   -9   -9.0   -9   -9.0   -9   -9.0   -9 -99.0 -99.0 -99.0 -99.0 -99.0
20260530 262  1.4  1229  29  4.6 1515  32  7.2 1420  21.0  29.9 1404  11.3  540  12.7  22.9  14.1  64.4  29.0 1357  14.7   7.1   5.0 -9.00 1005.1 1011.2 1012.5 2339 1009.6 1601  3.0 10.5 14.3 -9.0 25.24  3.05 1100   -9.0   -9.0 -9.00   -9.0   -9   -9.0   -9   -9.0   -9   -9.0   -9   -9.0   -9 -99.0 -99.0 -99.0 -99.0 -99.0
20260530 263  1.3  1122  23  4.0 1810  23  5.8 1806  22.3  31.6 1507  13.0  535  11.5  26.5  10.5  57.5  17.0 1456  13.7   8.2   5.8 -9.00 1008.6 1010.2 1012.1 2307 1008.1 1651  1.8 11.3 14.4 -9.0 28.61  3.56 1100   -9.0   -9.0 -9.00   -9.0   -9   -9.0   -9   -9.0   -9   -9.0   -9   -9.0   -9 -99.0 -99.0 -99.0 -99.0 -99.0
20260530 264  1.6  1401  27  5.0 1313  29  8.1 1321  21.1  30.5 1713  10.8  525   5.6  22.3   9.5  45.3  12.0 1441   9.4  10.6   7.4 -9.00  993.4 1010.9 1013.6 2333 1008.6 1647  1.4 12.7 14.4 -9.0 30.98  3.75 1200   -9.0   -9.0 -9.00   -9.0   -9   -9.0   -9   -9.0   -9   -9.0   -9   -9.0   -9 -99.0 -99.0 -99.0 -99.0 -99.0
20260530 266  1.3  1111  27  2.9 1219  27  6.9 1415  23.5  30.4 1400  15.3  600  11.8  24.5  11.3  49.9  26.0 1423  13.9   7.8   5.5 -9.00 1000.8 1010.9 1012.5 2316 1009.3 1626  2.1 10.7 14.3 -9.0 27.24  3.64 1100   -9.0   -9.0 -9.00   -9.0   -9   -9.0   -9   -9.0   -9   -9.0   -9   -9.0   -9 -99.0 -99.0 -99.0 -99.0 -99.0
20260530 268  0.5   416  23  2.8  404  29  3.7 1627  19.4  26.7 1141  12.6  547  14.6  22.7  13.5  77.1  42.0 1127  16.6  -9.0  -9.0 -9.00 1010.0 1011.2 1012.5 2318 1009.9 1707  2.3 10.4 14.3 -9.0 -9.00 -9.00   -9   -9.0   -9.0 -9.00   -9.0   -9   -9.0   -9   -9.0   -9   -9.0   -9   -9.0   -9 -99.0 -99.0 -99.0 -99.0 -99.0
20260530 271  1.8  1536  34  6.1 1146  32 11.7 1142  19.6  29.6 1353   9.7  516   9.2  25.3   7.1  59.6  20.0 1145  11.7  -9.0  -9.0 -9.00  973.1 1010.3 1013.6 2352 1007.2 1610  0.0 12.4 14.5 -9.0 -9.00 -9.00   -9   -9.0   -9.0 -9.00   -9.0   -9   -9.0   -9   -9.0   -9   -9.0   -9   -9.0   -9 -99.0 -99.0 -99.0 -99.0 -99.0
20260530 272  2.6  2282  29  8.4 1323  29 15.2 1355  21.4  29.1 1347  11.6  520  10.2  27.3   8.7  54.1  23.0 1243  12.4  -9.0  -9.0 -9.00  985.5 1009.7 1011.8 2344 1007.3 1659  0.0 13.5 14.5 -9.0 -9.00 -9.00   -9   -9.0   -9.0 -9.00   -9.0   -9   -9.0   -9   -9.0   -9   -9.0   -9   -9.0   -9 -99.0 -99.0 -99.0 -99.0 -99.0
20260530 273  1.7  1498  32  5.6 1542  27  9.5 1306  22.1  30.6 1452  12.1  534  10.7  25.0   8.8  53.0  22.0 1421  12.9  -9.0  -9.0 -9.00  989.6 1009.4 1011.6 2333 1007.6 1621  0.0 12.4 14.5 -9.0 -9.00 -9.00   -9   -9.0   -9.0 -9.00   -9.0   -9   -9.0   -9   -9.0   -9   -9.0   -9   -9.0   -9 -99.0 -99.0 -99.0 -99.0 -99.0
20260530 276  1.8  1544  32  4.8 1632  34  9.4 1315  20.7  31.0 1604  10.3  530  10.2  27.4   6.8  58.8  18.0 1614  12.5   9.8   6.9 -9.00  985.5 1009.5 1012.1 2342 1006.7 1601  0.5 13.2 14.5 -9.0 31.46  3.72 1200   -9.0   -9.0 -9.00   -9.0   -9   -9.0   -9   -9.0   -9   -9.0   -9   -9.0   -9 -99.0 -99.0 -99.0 -99.0 -99.0
20260530 277  3.3  2837  29  6.2  946  29 11.1  941  25.7  31.3 1457  19.2  404   9.3  31.4  16.4  36.9  21.0 1703  11.8  -9.0  -9.0 -9.00 1003.7 1008.4 1010.1 2328 1007.0 1636  0.0 13.8 14.5 -9.0 -9.00 -9.00   -9   -9.0   -9.0 -9.00   -9.0   -9   -9.0   -9   -9.0   -9   -9.0   -9   -9.0   -9 -99.0 -99.0 -99.0 -99.0 -99.0
20260530 278  1.2  1066  29  4.3 1540  34  8.5 1536  21.5  32.2 1531  10.9  527  11.3  27.6   7.2  61.1  19.0 1515  13.5  -9.0  -9.0 -9.00  999.8 1009.2 1011.4 2347 1007.0 1616  0.6 13.4 14.4 -9.0 -9.00 -9.00   -9   -9.0   -9.0 -9.00   -9.0   -9   -9.0   -9   -9.0   -9   -9.0   -9   -9.0   -9 -99.0 -99.0 -99.0 -99.0 -99.0
20260530 279  1.2  1037  29  3.3 1450  32  8.3 1531  23.5  32.1 1431  14.0  534  11.0  28.8  10.1  50.1  21.0 1438  13.2   9.2   6.4 -9.00 1004.4 1010.0 1011.9 2354 1008.3 1645  0.6 12.9 14.4 -9.0 29.90  3.63 1200   -9.0   -9.0 -9.00   -9.0   -9   -9.0   -9   -9.0   -9   -9.0   -9   -9.0   -9 -99.0 -99.0 -99.0 -99.0 -99.0
20260530 281  1.6  1340  32  4.3 1345  25  7.9 1242  22.7  31.6 1444  12.8  544  10.7  28.2   8.5  52.6  22.0 1329  12.9  -9.0  -9.0 -9.00  999.2 1010.2 1012.4 2351 1008.4 1633  1.0 13.1 14.4 -9.0 -9.00 -9.00   -9   -9.0   -9.0 -9.00   -9.0   -9   -9.0   -9   -9.0   -9   -9.0   -9   -9.0   -9 -99.0 -99.0 -99.0 -99.0 -99.0
20260530 283  2.6  2217  25  6.4 1401  25  9.6 1441  23.1  31.9 1415  13.3  501  12.0  26.1   9.7  56.4  24.0 1410  14.1   9.9   6.9 -9.00 1005.3 1009.9 1011.9 2355 1008.1 1626  1.0 13.2 14.4 -9.0 30.19  3.71 1200   -9.0   -9.0 -9.00   -9.0   -9   -9.0   -9   -9.0   -9   -9.0   -9   -9.0   -9 -99.0 -99.0 -99.0 -99.0 -99.0
20260530 284  1.6  1410  32  4.9 1708  34  6.8 1619  20.9  31.0 1541  10.7  525  11.6  25.0   7.8  61.3  28.0 1222  13.7   8.7   6.1 -9.00  983.5 1009.7 1012.6 2359 1007.0 1550  1.0 13.3 14.4 -9.0 29.88  3.67 1200   -9.0   -9.0 -9.00   -9.0   -9   -9.0   -9   -9.0   -9   -9.0   -9   -9.0   -9 -99.0 -99.0 -99.0 -99.0 -99.0
20260530 285  0.6   536   9  1.5 1439   9  2.9 1433  22.4  32.0 1434  13.3  534  12.9  27.7  11.5  62.3  25.0 1440  15.0  -9.0  -9.0 -9.00 1007.2 1010.3 1012.4 2351 1008.4 1624  1.4 11.0 14.4 -9.0 -9.00 -9.00   -9   -9.0   -9.0 -9.00   -9.0   -9   -9.0   -9   -9.0   -9   -9.0   -9   -9.0   -9 -99.0 -99.0 -99.0 -99.0 -99.0
20260530 288  1.5  1286  27  4.1 1645   7  6.2 1628  23.8  32.8 1447  14.6  427  12.4  26.7  14.1  55.3  21.0 1611  14.5   9.4   6.6 -9.00 1007.6 1008.6 1010.7 2358 1006.6 1641  1.6 12.2 14.4 -9.0 29.87  3.62 1200   -9.0   -9.0 -9.00   -9.0   -9   -9.0   -9   -9.0   -9   -9.0   -9   -9.0   -9 -99.0 -99.0 -99.0 -99.0 -99.0
20260530 289  1.4  1218  29  4.3 1603  29  8.0 1353  22.1  31.4 1501  12.9  511  11.6  26.7  10.1  57.4  24.0 1334  13.7  -9.0  -9.0 -9.00  995.5 1011.3 1013.8 2338 1009.2 1649  1.5 11.8 14.4 -9.0 -9.00 -9.00   -9   -9.0   -9.0 -9.00   -9.0   -9   -9.0   -9   -9.0   -9   -9.0   -9   -9.0   -9 -99.0 -99.0 -99.0 -99.0 -99.0
20260530 294  1.2  1039  18  4.0 1735  20  7.1 1624  22.5  30.4 1416  14.9  516  12.0  30.4  10.4  55.9  23.0 1332  14.1  -9.0  -9.0 -9.00 1005.6 1010.8 1012.5 2351 1009.6 1645  2.6 11.0 14.3 -9.0 -9.00 -9.00   -9   -9.0   -9.0 -9.00   -9.0   -9   -9.0   -9   -9.0   -9   -9.0   -9   -9.0   -9 -99.0 -99.0 -99.0 -99.0 -99.0
20260530 295  1.2  1048  23  2.6 1503   2  5.8 1229  23.2  30.1 1254  15.5  506  12.2  26.3  10.9  52.3  19.0 1259  14.2  -9.0  -9.0 -9.00 1005.3 1010.6 1012.2 2319 1009.0 1629  3.1 10.1 14.3 -9.0 -9.00 -9.00   -9   -9.0   -9.0 -9.00   -9.0   -9   -9.0   -9   -9.0   -9   -9.0   -9   -9.0   -9 -99.0 -99.0 -99.0 -99.0 -99.0
20260530 296  1.3  1112  32  4.2 1257  32  6.9 1127  23.2  32.3 1528  14.7  457  14.6  24.9   9.1  64.1  25.0 1545  16.7   8.4   5.9 -9.00 1008.7 1009.1 1011.0 2348 1007.4 1620  2.9 11.0 14.3 -9.0 28.58  3.63 1200   -9.0   -9.0 -9.00   -9.0   -9   -9.0   -9   -9.0   -9   -9.0   -9   -9.0   -9 -99.0 -99.0 -99.0 -99.0 -99.0
20260531  90  3.1  2651  27  5.8  156  29  9.7  151  25.4  28.0 1450  21.4  556   9.4  29.6  19.4  38.9  19.0   30  12.2   9.9   6.9 -9.00 1008.8 1010.8 1012.2 1022 1007.8   10  1.9 12.6 14.6 -9.0 30.54  3.64 1200   -9.0   -9.0 -9.00   -9.0   -9   -9.0   -9   -9.0   -9   -9.0   -9   -9.0   -9 -99.0 -99.0 -99.0 -99.0 -99.0
20260531  93  1.1   922  20  4.8 1459  18  8.1 1519  22.1  31.4 1458  13.4  526  12.1  29.2  11.5  60.1  22.0 1738  14.3   8.6   6.0 -9.00 1002.4 1013.5 1015.2  747 1011.0 1715  1.3 12.4 14.6 -9.0 29.29  3.55 1200   -9.0   -9.0 -9.00   -9.0   -9   -9.0   -9   -9.0   -9   -9.0   -9   -9.0   -9  22.5  20.2  17.7  13.8  12.5
20260531  95  1.2   997  23  4.1 1227  20  7.6 1241  21.7  29.9 1440  13.2  501   9.9  25.3  10.2  54.0  21.0 1240  12.4   9.0   6.3 -9.00  995.8 1013.8 1015.5 2338 1011.7 1706  1.6 12.4 14.6 -9.0 30.14  3.70 1200   -9.0   -9.0 -9.00   -9.0   -9   -9.0   -9   -9.0   -9   -9.0   -9   -9.0   -9 -99.0 -99.0 -99.0 -99.0 -99.0
20260531  98  1.0   875  27  3.4 1255  25  8.0 1444  22.3  30.9 1414  14.4  542  10.4  28.1  10.8  52.0  20.0 1451  12.7   9.0   6.3 -9.00  999.9 1013.2 1014.6 2341 1011.6 1657  1.3 12.1 14.6 -9.0 29.77  3.63 1200   -9.0   -9.0 -9.00   -9.0   -9   -9.0   -9   -9.0   -9   -9.0   -9   -9.0   -9 -99.0 -99.0 -99.0 -99.0 -99.0
20260531  99  0.9   750  29  3.1 1421  29  5.6 1409  20.8  29.8 1508  13.0  535  12.4  25.5   9.8  65.0  27.0 1518  14.5   8.0   5.6 -9.00 1010.4 1014.0 1015.3 2356 1012.7    1  1.0 11.9 14.6 -9.0 29.63  3.59 1200   -9.0   -9.0 -9.00   -9.0   -9   -9.0   -9   -9.0   -9   -9.0   -9   -9.0   -9 -99.0 -99.0 -99.0 -99.0 -99.0
20260531 100  2.7  2343  27  6.7 1259  27 10.8 1400  19.4  27.5 1424  10.6  539   7.8  24.1   5.8  53.6  21.0 1306  10.7  10.8   7.5 -9.00  926.7 1012.9 1016.1 2337 1009.5 1524  0.6 13.3 14.6 -9.0 31.63  3.75 1200   -9.0   -9.0 -9.00   -9.0   -9   -9.0   -9   -9.0   -9   -9.0   -9   -9.0   -9 -99.0 -99.0 -99.0 -99.0 -99.0
20260531 101  1.4  1230  20  3.5 1629  14  7.4 1407  22.3  31.3 1519  13.6  515  11.5  28.4   9.0  56.5  22.0 1737  13.7   8.7   6.1 -9.00 1003.7 1012.5 1014.2  800 1009.9 1715  1.9 12.7 14.6 -9.0 29.30  3.55 1200   -9.0   -9.0 -9.00   -9.0   -9   -9.0   -9   -9.0   -9   -9.0   -9   -9.0   -9  21.6  18.2  16.2  14.4  15.1
20260531 102  3.0  2623  16  4.8  645  16  8.8  913  18.3  21.4 1230  14.9   34  14.3  26.4  12.6  77.9  63.0 1244  16.3   5.9   4.1 -9.00   -9.0   -9.0 1012.8 2241 1010.8 1753  2.0 13.7 14.6 -9.0 30.06  3.57 1200   -9.0   -9.0 -9.00   -9.0   -9   -9.0   -9   -9.0   -9   -9.0   -9   -9.0   -9 -99.0 -99.0 -99.0 -99.0 -99.0
20260531 104  1.7  1452  27  3.8    9  27  8.5   20  26.4  32.0 1429  20.5 2218  11.2  29.6  13.9  39.3  19.0    4  13.4   9.5   6.7 -9.00 1001.4 1010.0 1011.5 2339 1007.2    2  0.8 13.3 14.6 -9.0 30.51  3.63 1200   -9.0   -9.0 -9.00   -9.0   -9   -9.0   -9   -9.0   -9   -9.0   -9   -9.0   -9  21.2  18.2  16.4  13.2  13.1
20260531 105  2.3  1949  25  4.5  124  27  9.0  209  28.9  33.6 1439  25.0  502   8.8  34.4  17.5  29.0  19.0 1438  11.4  10.6   7.5 -9.00 1007.8 1010.9 1012.2 2211 1008.6    8  0.8 13.4 14.6 -9.0 28.73  3.43 1200   -9.0   -9.0 -9.00   -9.0   -9   -9.0   -9   -9.0   -9   -9.0   -9   -9.0   -9  22.2  19.0  17.9  14.9  14.5
20260531 106  2.6  2252  14  5.8 1546  27  9.4    5  25.6  30.0 1224  21.4 2146   9.1  32.5  14.3  37.1  20.0   23  11.9   9.9   6.9 -9.00 1007.0 1011.7 1013.1 2252 1008.8   18  0.6 12.8 14.6 -9.0 30.37  3.61 1200   -9.0   -9.0 -9.00   -9.0   -9   -9.0   -9   -9.0   -9   -9.0   -9   -9.0   -9 -99.0 -99.0 -99.0 -99.0 -99.0
20260531 108  1.8  1592  27  4.1 1605  20  7.6 1518  24.3  30.9 1511  17.5  533   9.8  27.0  14.3  44.5  21.0 1425  12.4  10.8   7.5 -9.00 1003.4 1013.2 1014.2 2324 1011.7 1718  0.4 13.5 14.6 -9.0 31.45  3.69 1200   -9.0   -9.0 -9.00   -9.0   -9   -9.0   -9   -9.0   -9   -9.0   -9   -9.0   -9  21.6  18.8  17.7  14.4  13.6
20260531 112  1.8  1532  25  4.0 1146  25  5.5 1116  22.8  27.5 1413  17.7  511  13.6  25.3  12.2  58.8  30.0 1420  15.6   8.6   6.0 -9.00 1005.3 1013.3 1014.3 1034 1012.1   15  0.5 13.5 14.6 -9.0 30.93  3.68 1200   -9.0   -9.0 -9.00   -9.0   -9   -9.0   -9   -9.0   -9   -9.0   -9   -9.0   -9  20.5  18.7  13.5  16.0  13.4
20260531 114  1.1   982  29  3.5 1429  25  6.0 1400  23.6  31.5 1457  15.3  507  11.9  29.4  11.1  53.4  22.0 1424  14.1   8.9   6.2 -9.00  996.0 1013.1 1014.7  751 1010.9 1709  1.1 13.5 14.5 -9.0 30.37  3.63 1200   -9.0   -9.0 -9.00   -9.0   -9   -9.0   -9   -9.0   -9   -9.0   -9   -9.0   -9 -99.0 -99.0 -99.0 -99.0 -99.0
20260531 115  3.6  3094  27  9.1   24  27 13.2   22  26.5  29.8 1045  21.5 2342   9.5  30.6  18.1  35.6  20.0  653  12.2  11.1   7.8 -9.00  987.4 1012.4 1015.0 2314 1009.1  114  0.0 13.1 14.6 -9.0 28.97  3.39 1200   -9.0   -9.0 -9.00   -9.0   -9   -9.0   -9   -9.0   -9   -9.0   -9   -9.0   -9  19.1  16.0  15.1  12.3  13.1
20260531 119  1.5  1293  25  4.2 1238  32  8.0 1512  22.9  30.1 1532  15.2  519  11.2  32.0  11.9  53.9  21.0 1616  13.5   9.4   6.6 -9.00 1008.5 1013.1 1014.3 2331 1011.6 1719  1.4 13.0 14.5 -9.0 30.19  3.63 1200   -9.0   -9.0 -9.00   -9.0   -9   -9.0   -9   -9.0   -9   -9.0   -9   -9.0   -9  21.4  18.3  16.1  12.8  12.6
20260531 121  1.2  1001  27  4.2 1619  20  6.9 1520  22.0  31.8 1504  11.9  528  11.6  30.4   8.5  58.4  21.0 1505  13.7   9.0   6.3 -9.00  986.1 1013.7 1016.0  703 1010.6 1700  0.5 13.1 14.5 -9.0 30.52  3.63 1200   -9.0   -9.0 -9.00   -9.0   -9   -9.0   -9   -9.0   -9   -9.0   -9   -9.0   -9 -99.0 -99.0 -99.0 -99.0 -99.0
20260531 127  1.0   876  34  2.6 1236  34  5.3 1330  22.8  32.0 1600  14.1  530  11.3  26.9  12.1  54.5  21.0 1605  13.5   9.0   6.3 -9.00  999.4 1012.6 1014.1  756 1010.4 1651  1.8 12.5 14.5 -9.0 30.35  3.70 1200   -9.0   -9.0 -9.00   -9.0   -9   -9.0   -9   -9.0   -9   -9.0   -9   -9.0   -9 -99.0 -99.0 -99.0 -99.0 -99.0
20260531 129  1.3  1148  32  3.8 1640  29  6.2 1550  22.3  29.9 1432  14.4  528  12.3  27.6  11.1  59.9  21.0 1349  14.5   9.4   6.5 -9.00 1010.6 1013.5 1014.7 2303 1012.4 1656  0.9 13.7 14.5 -9.0 30.87  3.67 1200   -9.0   -9.0 -9.00   -9.0   -9   -9.0   -9   -9.0   -9   -9.0   -9   -9.0   -9  21.1  18.4  18.2  13.8  14.7
20260531 130  2.0  1712  16  3.8 1847  25  6.6  209  24.0  29.0  912  21.3 2212  13.1  28.6  16.1  52.4  25.0 1027  15.5  -9.0  -9.0 -9.00 1006.5 1012.1 1013.8 2327 1009.6   18  0.4 14.0 14.5 -9.0 -9.00 -9.00   -9   -9.0   -9.0 -9.00   -9.0   -9   -9.0   -9   -9.0   -9   -9.0   -9   -9.0   -9 -99.0 -99.0 -99.0 -99.0 -99.0
20260531 131  1.0   853  32  2.5 1402   5  4.7 1309  25.5  32.3 1603  17.8  526  10.8  27.9  14.1  43.8  22.0 1429  13.1   9.9   6.9 -9.00 1006.2 1012.9 1014.3 2346 1010.7 1728  1.4 13.3 14.5 -9.0 31.61  3.80 1200   -9.0   -9.0 -9.00   -9.0   -9   -9.0   -9   -9.0   -9   -9.0   -9   -9.0   -9 -99.0 -99.0 -99.0 -99.0 -99.0
20260531 133  1.1   988  36  2.9 1404  34  5.2 1335  24.0  31.7 1645  15.4  521  12.1  26.2  13.2  52.9  22.0 1338  14.3   9.1   6.4 -9.00 1005.6 1013.4 1014.8 2314 1011.3 1732  0.0 13.8 14.5 -9.0 30.70  3.65 1200   -9.0   -9.0 -9.00   -9.0   -9   -9.0   -9   -9.0   -9   -9.0   -9   -9.0   -9  22.8  20.8  18.7  15.7  15.7
20260531 135  1.4  1204  25  4.3 1401  27  6.8 1341  21.9  30.6 1506  11.3  509  11.0  25.1  10.3  54.6  23.0 1416  13.2   9.2   6.4 -9.00  984.9 1013.0 1015.0 2356 1010.5 1717  0.3 13.1 14.4 -9.0 31.07  3.71 1200   -9.0   -9.0 -9.00   -9.0   -9   -9.0   -9   -9.0   -9   -9.0   -9   -9.0   -9 -99.0 -99.0 -99.0 -99.0 -99.0
20260531 136  1.0   832  27  2.9 1415  29  5.4 1414  23.5  32.3 1501  13.5  452  13.0  31.8  11.3  56.3  23.0 1421  15.0   8.8   6.2 -9.00  997.5 1013.8 1015.2  658 1011.6 1731  0.4 12.9 14.5 -9.0 31.01  3.69 1200   -9.0   -9.0 -9.00   -9.0   -9   -9.0   -9   -9.0   -9   -9.0   -9   -9.0   -9 -99.0 -99.0 -99.0 -99.0 -99.0
20260531 137  0.8   660  27  2.3 1449  27  5.6 1358  24.3  32.8 1453  15.6  516  12.8  30.5  11.9  54.4  18.0 1555  15.0   8.6   6.0 -9.00 1001.0 1012.1 1013.6 2355 1010.0 1740  0.3 13.7 14.5 -9.0 30.79  3.63 1200   -9.0   -9.0 -9.00   -9.0   -9   -9.0   -9   -9.0   -9   -9.0   -9   -9.0   -9 -99.0 -99.0 -99.0 -99.0 -99.0
20260531 138  2.6  2244  14  5.7 1545  16  8.5 1816  26.5  31.6 1415  20.8  528   9.4  30.1  13.5  35.8  20.0 1124  11.8  11.5   8.1 -9.00 1011.5 1011.9 1013.9 2342 1010.4   33  0.3 13.6 14.4 -9.0 30.12  3.64 1200   -9.0   -9.0 -9.00   -9.0   -9   -9.0   -9   -9.0   -9   -9.0   -9   -9.0   -9  21.0  18.1  17.0  15.4  15.7
20260531 140  1.5  1312  29  4.6 1549  29  6.4 1548  21.9  28.1 1155  15.6  452  15.6  27.1   9.8  70.3  41.0 1502  17.8  -9.0  -9.0 -9.00 1011.1 1014.4 1015.6 2227 1012.9 1703  0.9 13.3 14.4 -9.0 -9.00 -9.00   -9   -9.0   -9.0 -9.00   -9.0   -9   -9.0   -9   -9.0   -9   -9.0   -9   -9.0   -9 -99.0 -99.0 -99.0 -99.0 -99.0
20260531 143  1.0   822  27  2.1 1149  29  3.9 1230  25.4  33.7 1605  15.8  523  10.2  30.4  10.7  43.6  15.0 1559  12.6   9.6   6.7 -9.00 1006.0 1012.2 1014.1 2342 1010.0 1727  0.3 13.4 14.4 -9.0 30.17  3.61 1200   -9.0   -9.0 -9.00   -9.0   -9   -9.0   -9   -9.0   -9   -9.0   -9   -9.0   -9 -99.0 -99.0 -99.0 -99.0 -99.0
20260531 146  1.9  1612  27  4.8 1758  27  7.3 1653  24.0  32.3 1517  15.6  534  12.5  27.4  11.0  52.4  23.0 1519  14.5   9.8   6.9 -9.00 1006.3 1013.2 1014.8 2247 1011.1 1701  0.8 13.3 14.4 -9.0 30.19  3.60 1200   -9.0   -9.0 -9.00   -9.0   -9   -9.0   -9   -9.0   -9   -9.0   -9   -9.0   -9 -99.0 -99.0 -99.0 -99.0 -99.0
20260531 152  1.4  1215  32  2.7  149  18  5.9 1527  24.6  31.1 1209  18.2 2355   9.8  26.4  12.7  42.8  20.0 1100  12.2   9.4   6.6 -9.00 1002.9 1012.2 1014.6 2351 1010.4  146  0.6 13.1 14.4 -9.0 30.75  3.66 1200   -9.0   -9.0 -9.00   -9.0   -9   -9.0   -9   -9.0   -9   -9.0   -9   -9.0   -9 -99.0 -99.0 -99.0 -99.0 -99.0
20260531 155  1.7  1440  14  4.4 1514  16  6.7 1510  24.4  32.1 1327  18.3  530  12.9  28.9  13.0  51.3  26.0 1132  14.9   8.8   6.2 -9.00 1009.1 1013.1 1015.2 2306 1011.3   30  0.4 12.7 14.4 -9.0 27.73  3.57 1300   -9.0   -9.0 -9.00   -9.0   -9   -9.0   -9   -9.0   -9   -9.0   -9   -9.0   -9 -99.0 -99.0 -99.0 -99.0 -99.0
20260531 156  1.0   886  23  3.1 1820  23  6.0 1818  24.9  33.0 1510  16.0  511  12.5  29.2  10.2  51.6  16.0 1424  14.7   9.5   6.6 -9.00 1004.2 1012.2 1014.0 2346 1009.9 1700  0.9 13.1 14.4 -9.0 31.47  3.68 1200   -9.0   -9.0 -9.00   -9.0   -9   -9.0   -9   -9.0   -9   -9.0   -9   -9.0   -9 -99.0 -99.0 -99.0 -99.0 -99.0
20260531 159  2.7  2291  23  5.9 1608  25  8.1 1134  25.1  29.5  957  20.6  537  12.5  28.3  12.2  46.8  31.0 1007  14.6  10.4   7.3 -9.00 1004.5 1012.5 1015.0 2230 1010.1  135  0.0 12.4 14.4 -9.0 31.46  3.79 1200   -9.0   -9.0 -9.00   -9.0   -9   -9.0   -9   -9.0   -9   -9.0   -9   -9.0   -9  22.1  19.7  18.8  15.8  16.8
20260531 162  1.6  1369   5  3.2 1025  18  5.4 1640  22.2  29.0 1046  17.3  506  15.1  28.5  12.6  66.1  28.0 1041  17.2   8.1   5.7 -9.00 1009.0 1012.6 1015.0 2241 1010.5  131  0.3 12.5 14.3 -9.0 30.69  3.72 1200   -9.0   -9.0 -9.00   -9.0   -9   -9.0   -9   -9.0   -9   -9.0   -9   -9.0   -9 -99.0 -99.0 -99.0 -99.0 -99.0
20260531 165  2.0  1733  32  4.5 1650  32  6.1 1315  22.6  28.5 1455  16.2  329  15.4  25.0  10.9  67.4  41.0 1834  17.7   8.5   6.0 -9.00 1008.5 1013.7 1015.2 2322 1012.6 1535  0.4 12.9 14.3 -9.0 30.57  3.67 1200   -9.0   -9.0 -9.00   -9.0   -9   -9.0   -9   -9.0   -9   -9.0   -9   -9.0   -9  21.5  19.9  17.9  15.8  14.8
20260531 168  1.5  1302   9  3.3  939  20  4.6 1331  23.8  29.5 1420  18.8  516  13.5  28.4  16.7  54.6  29.0 1645  15.5   9.1   6.4 -9.00 1005.9 1013.5 1015.8 2224 1011.6   35  0.4 13.4 14.3 -9.0 30.80  3.77 1200   -9.0   -9.0 -9.00   -9.0   -9   -9.0   -9   -9.0   -9   -9.0   -9   -9.0   -9  22.6  19.9  17.9  16.0  16.6
20260531 169  2.9  2543  34  5.4 1417  34  7.1 1416  22.6  26.7 1155  18.8  449  10.1  29.1  14.6  46.3  30.0 2134  12.6   9.7   6.8 -9.00 1004.9 1013.6 1015.0 1048 1012.3  313  0.9 13.7 14.3 -9.0 31.35  3.75 1200   -9.0   -9.0 -9.00   -9.0   -9   -9.0   -9   -9.0   -9   -9.0   -9   -9.0   -9 -99.0 -99.0 -99.0 -99.0 -99.0
20260531 170  1.5  1270  14  4.0 1604  14  6.0 1603  23.2  32.6 1440  15.8  501  14.8  26.9  11.7  62.8  32.0 1546  16.9   8.8   6.2 -9.00 1009.6 1013.7 1015.6 2209 1012.5  219  0.3 13.2 14.3 -9.0 30.83  3.72 1200   -9.0   -9.0 -9.00   -9.0   -9   -9.0   -9   -9.0   -9   -9.0   -9   -9.0   -9 -99.0 -99.0 -99.0 -99.0 -99.0
20260531 172  1.8  1530  27  5.2 1359  27  7.1 1315  21.8  29.3 1215  13.9  506  12.9  24.9   9.7  62.5  31.0 1550  14.9   9.7   6.8 -9.00 1007.1 1013.2 1014.7 2319 1011.7 1640  0.9 13.6 14.4 -9.0 31.60  3.76 1200   -9.0   -9.0 -9.00   -9.0   -9   -9.0   -9   -9.0   -9   -9.0   -9   -9.0   -9 -99.0 -99.0 -99.0 -99.0 -99.0
20260531 174  1.0   847  18  4.0 1437  16  5.9 1439  20.8  31.2 1325  10.8  531   9.7  25.3   9.6  58.6  17.0 1140  12.2  -9.0  -9.0 -9.00  993.1 1012.1 1014.9 2337 1010.0 1541  0.9 12.7 14.3 -9.0 -9.00 -9.00   -9   -9.0   -9.0 -9.00   -9.0   -9   -9.0   -9   -9.0   -9   -9.0   -9   -9.0   -9 -99.0 -99.0 -99.0 -99.0 -99.0
20260531 177  1.6  1340  25  3.8 1608  18  6.4 1443  23.4  31.6 1424  15.0  532  14.2  29.0  11.9  60.6  25.0 1553  16.3   9.1   6.4 -9.00 1008.9 1012.1 1013.5 2315 1010.5 1708  0.8 13.6 14.5 -9.0 30.54  3.59 1200   -9.0   -9.0 -9.00   -9.0   -9   -9.0   -9   -9.0   -9   -9.0   -9   -9.0   -9 -99.0 -99.0 -99.0 -99.0 -99.0
20260531 181  1.2   999  32  3.6 1846  32  5.5 1843  23.0  31.6 1533  14.3  509  12.1  24.5   9.5  56.4  25.0 1542  14.3   9.1   6.4 -9.00 1009.7 1013.6 1014.8  903 1011.5 1728  0.5 13.3 14.5 -9.0 30.70  3.69 1200   -9.0   -9.0 -9.00   -9.0   -9   -9.0   -9   -9.0   -9   -9.0   -9   -9.0   -9 -99.0 -99.0 -99.0 -99.0 -99.0
20260531 184  1.9  1635   2  3.6 1650   2  5.5 1621  22.1  25.6 1450  18.0  536  14.8  29.8  12.2  63.9  47.0  754  17.1   7.6   5.3 -9.00 1010.7 1013.1 1014.5 2207 1012.1  115  0.0 13.4 14.2 -9.0 29.82  3.63 1200   -9.0   -9.0 -9.00   -9.0   -9   -9.0   -9   -9.0   -9   -9.0   -9   -9.0   -9  22.5  21.0  20.3  18.2  16.4
20260531 185  3.4  2954  34  5.8 1310   5  6.6  403  20.5  24.1 1755  17.4  457  14.7  25.2  14.1  71.6  39.0 1758  17.0   7.4   5.2 -9.00 1005.1 1013.5 1014.9 2207 1012.3 1648  0.0 12.9 14.2 -9.0 30.98  3.76 1200   -9.0   -9.0 -9.00   -9.0   -9   -9.0   -9   -9.0   -9   -9.0   -9   -9.0   -9 -99.0 -99.0 -99.0 -99.0 -99.0
20260531 188  1.9  1605  29  4.7  149  32  6.2  142  22.8  29.7 1151  14.0  443  14.9  24.8  10.0  64.0  32.0 1152  17.1  -9.0  -9.0 -9.00 1011.4 1013.8 1015.6 2213 1012.0  147  0.0 13.3 14.2 -9.0 -9.00 -9.00   -9   -9.0   -9.0 -9.00   -9.0   -9   -9.0   -9   -9.0   -9   -9.0   -9   -9.0   -9 -99.0 -99.0 -99.0 -99.0 -99.0
20260531 189  1.7  1461  23  3.6 1412  23  5.0 1205  23.6  28.1 1528  18.8  458  12.3  24.8  14.7  50.5  33.0  759  15.0   8.3   5.8 -9.00 1007.9 1013.8 1015.5 2205 1012.2  348  0.0 12.7 14.2 -9.0 30.72  3.74 1200   -9.0   -9.0 -9.00   -9.0   -9   -9.0   -9   -9.0   -9   -9.0   -9   -9.0   -9 -99.0 -99.0 -99.0 -99.0 -99.0
20260531 192  0.7   626  20  2.3 1532  16  6.1 1558  22.2  32.0 1458  12.4  540  12.1  30.6  10.6  59.9  22.0 1415  14.2   8.7   6.1 -9.00 1009.9 1013.3 1015.6 2350 1011.8 1701  0.5 12.4 14.4 -9.0 30.81  3.72 1200   -9.0   -9.0 -9.00   -9.0   -9   -9.0   -9   -9.0   -9   -9.0   -9   -9.0   -9 -99.0 -99.0 -99.0 -99.0 -99.0
20260531 201  1.7  1440  25  4.0 1416  23  6.0 1416  20.4  26.8 1355  13.6  444  12.6  25.4   8.7  62.8  41.0 1450  14.8  -9.0  -9.0 -9.00 1008.5 1014.1 1015.2 2349 1012.5    1  1.4 12.6 14.6 -9.0 -9.00 -9.00   -9   -9.0   -9.0 -9.00   -9.0   -9   -9.0   -9   -9.0   -9   -9.0   -9   -9.0   -9 -99.0 -99.0 -99.0 -99.0 -99.0
20260531 202  1.2  1069  25  3.3 1621  25  6.8 1620  23.2  31.5 1521  15.3  524  11.9  30.4  11.4  55.3  20.0 1735  14.2  -9.0  -9.0 -9.00 1008.1 1013.6 1014.9  749 1011.7 1732  0.9 12.6 14.6 -9.0 -9.00 -9.00   -9   -9.0   -9.0 -9.00   -9.0   -9   -9.0   -9   -9.0   -9   -9.0   -9   -9.0   -9 -99.0 -99.0 -99.0 -99.0 -99.0
20260531 203  0.7   611  20  2.4 1657  20  5.1 1656  23.4  31.5 1431  15.1  515  13.3  29.6  12.6  58.5  25.0 1449  15.4  -9.0  -9.0 -9.00 1004.6 1013.8 1015.2  758 1011.9 1713  2.1 10.7 14.5 -9.0 -9.00 -9.00   -9   -9.0   -9.0 -9.00   -9.0   -9   -9.0   -9   -9.0   -9   -9.0   -9   -9.0   -9 -99.0 -99.0 -99.0 -99.0 -99.0
20260531 211  1.1   984  18  4.3 1344  14  9.5 1308  21.1  30.2 1539  12.1  501  10.9  27.2   6.6  59.1  25.0 1407  13.1  -9.0  -9.0 -9.00  989.8 1013.1 1015.2 2355 1010.3 1541  1.5 11.9 14.6 -9.0 -9.00 -9.00   -9   -9.0   -9.0 -9.00   -9.0   -9   -9.0   -9   -9.0   -9   -9.0   -9   -9.0   -9 -99.0 -99.0 -99.0 -99.0 -99.0
20260531 212  1.0   854  34  3.5 1223  32  6.3 1220  22.3  31.5 1600  13.3  518   9.8  28.4  11.7  52.1  20.0 1238  12.3  -9.0  -9.0 -9.00  997.7 1013.8 1015.5  747 1011.4 1653  1.4 12.9 14.6 -9.0 -9.00 -9.00   -9   -9.0   -9.0 -9.00   -9.0   -9   -9.0   -9   -9.0   -9   -9.0   -9   -9.0   -9 -99.0 -99.0 -99.0 -99.0 -99.0
20260531 216  1.1   964  18  2.9 1051  25  6.4 1242  21.5  29.7 1432  12.9  536   6.2  24.3   9.7  41.8  17.0 1054   9.6   9.1   6.4 -9.00  933.3 1012.7 1016.6 2334 1009.2 1519  0.4 12.2 14.5 -9.0 30.05  3.65 1200   -9.0   -9.0 -9.00   -9.0   -9   -9.0   -9   -9.0   -9   -9.0   -9   -9.0   -9 -99.0 -99.0 -99.0 -99.0 -99.0
20260531 217  1.0   864  16  4.1 1345  16  8.3 1517  20.7  32.2 1505  10.5  523   9.0  29.3   9.5  54.4  20.0 1746  11.6  -9.0  -9.0 -9.00  978.1 1013.8 1016.4  605 1010.2 1726  0.4 11.2 14.5 -9.0 -9.00 -9.00   -9   -9.0   -9.0 -9.00   -9.0   -9   -9.0   -9   -9.0   -9   -9.0   -9   -9.0   -9 -99.0 -99.0 -99.0 -99.0 -99.0
20260531 221  1.2  1008  23  4.3 1411  23  7.0 1334  21.0  30.5 1431  12.0  510  11.5  28.0   9.0  62.1  20.0 1528  13.7  -9.0  -9.0 -9.00  983.1 1013.5 1015.2 2357 1011.0 1709  0.5 13.4 14.5 -9.0 -9.00 -9.00   -9   -9.0   -9.0 -9.00   -9.0   -9   -9.0   -9   -9.0   -9   -9.0   -9   -9.0   -9 -99.0 -99.0 -99.0 -99.0 -99.0
20260531 226  0.7   641  36  3.1 1331  34  5.9 1422  21.8  30.8 1428  12.4  527  12.4  24.8   8.1  62.8  23.0 1430  14.5  -9.0  -9.0 -9.00  993.9 1013.6 1015.3 2342 1011.4 1736  0.5 12.7 14.5 -9.0 -9.00 -9.00   -9   -9.0   -9.0 -9.00   -9.0   -9   -9.0   -9   -9.0   -9   -9.0   -9   -9.0   -9 -99.0 -99.0 -99.0 -99.0 -99.0
20260531 232  0.8   654  25  2.5 1325  36  5.5 1805  22.4  31.3 1521  13.4  516  12.5  27.1  11.0  60.0  26.0 1531  14.6  -9.0  -9.0 -9.00 1004.2 1014.0 1015.4 2330 1011.9 1748  0.9 13.2 14.5 -9.0 -9.00 -9.00   -9   -9.0   -9.0 -9.00   -9.0   -9   -9.0   -9   -9.0   -9   -9.0   -9   -9.0   -9 -99.0 -99.0 -99.0 -99.0 -99.0
20260531 235  1.5  1265  20  4.2 1118  23  5.9 1137  21.4  28.3 1620  14.0  359  14.2  24.9  10.9  66.4  31.0 1642  16.2   8.0   5.6 -9.00 1011.8 1013.0 1014.1 1040 1011.8 1801  0.6 12.2 14.5 -9.0 30.38  3.67 1200   -9.0   -9.0 -9.00   -9.0   -9   -9.0   -9   -9.0   -9   -9.0   -9   -9.0   -9 -99.0 -99.0 -99.0 -99.0 -99.0
20260531 236  0.7   622  20  2.9 1635  18  4.9 1633  22.6  31.8 1530  13.6  518  13.7  27.4  11.0  64.0  25.0 1504  15.8  -9.0  -9.0 -9.00 1012.2 1013.8 1015.0 2225 1011.9 1719  0.6 13.5 14.4 -9.0 -9.00 -9.00   -9   -9.0   -9.0 -9.00   -9.0   -9   -9.0   -9   -9.0   -9   -9.0   -9   -9.0   -9 -99.0 -99.0 -99.0 -99.0 -99.0
20260531 238  0.8   718  36  2.3 1401  36  4.9 1224  22.3  31.1 1551  12.3  526  12.6  26.7   8.7  60.8  27.0 1310  14.7  -9.0  -9.0 -9.00  993.5 1013.1 1014.7 2318 1010.6 1701  0.5 13.3 14.4 -9.0 -9.00 -9.00   -9   -9.0   -9.0 -9.00   -9.0   -9   -9.0   -9   -9.0   -9   -9.0   -9   -9.0   -9 -99.0 -99.0 -99.0 -99.0 -99.0
20260531 239  1.0   869  32  3.6 1856  32  5.1 1854  23.0  31.7 1629  14.7  523  13.1  26.7  12.5  58.8  28.0 1622  15.2   8.5   6.0 -9.00 1002.5 1012.8 1014.3 2318 1010.5 1723  0.5 12.4 14.5 -9.0 30.19  3.63 1200   -9.0   -9.0 -9.00   -9.0   -9   -9.0   -9   -9.0   -9   -9.0   -9   -9.0   -9 -99.0 -99.0 -99.0 -99.0 -99.0
20260531 243  1.2  1025  29  3.8 1559  29  7.3 1704  22.1  29.5 1518  14.9  523  13.1  26.7  10.9  61.1  30.0 1525  15.3  -9.0  -9.0 -9.00 1012.4 1013.8 1014.9 2235 1012.6 1638  0.6 12.9 14.4 -9.0 -9.00 -9.00   -9   -9.0   -9.0 -9.00   -9.0   -9   -9.0   -9   -9.0   -9   -9.0   -9   -9.0   -9 -99.0 -99.0 -99.0 -99.0 -99.0
20260531 244  0.8   729  34  3.4 1823   5  5.8 1420  21.5  31.4 1340  11.3  500  11.2  24.0   7.5  60.5  20.0 1152  13.6  -9.0  -9.0 -9.00  985.0 1013.3 1015.5 2311 1010.6 1645  0.6 13.2 14.4 -9.0 -9.00 -9.00   -9   -9.0   -9.0 -9.00   -9.0   -9   -9.0   -9   -9.0   -9   -9.0   -9   -9.0   -9 -99.0 -99.0 -99.0 -99.0 -99.0
20260531 245  1.7  1426  34  4.5 1503   2  7.5 1458  22.8  31.5 1438  13.8  534  12.9  27.1  10.3  57.8  28.0 1236  14.9   9.3   6.5 -9.00 1005.5 1013.5 1015.0 2313 1011.8 1648  0.5 13.6 14.4 -9.0 29.40  3.67 1200   -9.0   -9.0 -9.00   -9.0   -9   -9.0   -9   -9.0   -9   -9.0   -9   -9.0   -9 -99.0 -99.0 -99.0 -99.0 -99.0
20260531 247  1.7  1496  23  4.3 1857  18  7.0 1855  23.0  32.4 1552  12.8  507  11.9  26.9  10.5  55.3  23.0 1310  14.0  -9.0  -9.0 -9.00  997.7 1013.1 1015.1 2316 1010.4 1708  0.6 13.6 14.4 -9.0 -9.00 -9.00   -9   -9.0   -9.0 -9.00   -9.0   -9   -9.0   -9   -9.0   -9   -9.0   -9   -9.0   -9 -99.0 -99.0 -99.0 -99.0 -99.0
20260531 248  0.7   645  25  2.8 1536  27  5.0 1349  20.2  30.4 1447   9.7  524  10.4  23.6   6.5  63.4  17.0 1139  12.9  -9.0  -9.0 -9.00  967.5 1013.9 1016.4 2351 1010.5 1658  0.4 12.7 14.4 -9.0 -9.00 -9.00   -9   -9.0   -9.0 -9.00   -9.0   -9   -9.0   -9   -9.0   -9   -9.0   -9   -9.0   -9 -99.0 -99.0 -99.0 -99.0 -99.0
20260531 251  1.1   950  27  3.9 1520  25  6.4 1402  21.7  30.7 1329  13.6  435  13.1  22.9  10.8  61.9  31.0 1321  15.1   8.8   6.1 -9.00 1006.1 1013.0 1014.3 2250 1011.4 1641  0.6 13.3 14.4 -9.0 30.32  3.61 1200   -9.0   -9.0 -9.00   -9.0   -9   -9.0   -9   -9.0   -9   -9.0   -9   -9.0   -9 -99.0 -99.0 -99.0 -99.0 -99.0
20260531 252  0.9   765  25  3.2 1342  23  7.1 1320  21.6  29.2 1301  13.6  544  13.2  24.9   9.6  63.9  28.0 1542  15.3   8.6   6.0 -9.00 1009.2 1013.5 1014.9 2315 1012.3 1627  1.3 13.0 14.4 -9.0 31.19  3.72 1200   -9.0   -9.0 -9.00   -9.0   -9   -9.0   -9   -9.0   -9   -9.0   -9   -9.0   -9 -99.0 -99.0 -99.0 -99.0 -99.0
20260531 253  1.7  1474  16  5.1 1637  16  7.8 1633  24.6  32.3 1312  17.4  547  13.0  28.0  13.6  50.9  29.0 1056  15.0   9.3   6.5 -9.00 1007.5 1013.8 1015.9 2317 1011.9  110  0.0 12.4 14.4 -9.0 29.78  3.68 1200   -9.0   -9.0 -9.00   -9.0   -9   -9.0   -9   -9.0   -9   -9.0   -9   -9.0   -9 -99.0 -99.0 -99.0 -99.0 -99.0
20260531 254  1.2   997   2  5.0 1824   5  7.0 1823  22.8  33.2 1649  12.2  526  10.0  27.8   9.7  54.3  13.0 1305  12.6  10.0   7.0 -9.00  998.8 1013.7 1015.7 2342 1010.9 1708  0.6 13.1 14.4 -9.0 31.51  3.73 1200   -9.0   -9.0 -9.00   -9.0   -9   -9.0   -9   -9.0   -9   -9.0   -9   -9.0   -9 -99.0 -99.0 -99.0 -99.0 -99.0
20260531 255  0.8   687  29  2.4 1240  14  5.0 1430  25.6  33.5 1440  17.9  542  12.1  26.4  12.7  47.1  20.0 1257  14.2   8.6   6.0 -9.00 1006.8 1012.7 1015.0 2347 1011.0 1501  0.3 13.2 14.4 -9.0 27.96  3.42 1200   -9.0   -9.0 -9.00   -9.0   -9   -9.0   -9   -9.0   -9   -9.0   -9   -9.0   -9 -99.0 -99.0 -99.0 -99.0 -99.0
20260531 257  1.3  1125  23  3.8 1608  20  7.4 1602  24.0  33.7 1353  15.4  452  13.2  27.7  12.1  56.8  28.0 1044  15.2   9.2   6.5 -9.00 1012.2 1012.9 1015.4 2326 1011.4   23  0.3 10.6 14.4 -9.0 28.81  3.63 1200   -9.0   -9.0 -9.00   -9.0   -9   -9.0   -9   -9.0   -9   -9.0   -9   -9.0   -9 -99.0 -99.0 -99.0 -99.0 -99.0
20260531 258  1.9  1599  18  3.9 1438  18  4.9 1432  22.9  31.3 1449  14.9  554  13.6  23.6  12.2  61.3  29.0 1419  15.6   9.5   6.7 -9.00 1013.5 1013.7 1016.0 2311 1012.3  120  0.9 13.6 14.3 -9.0 31.36  3.74 1200   -9.0   -9.0 -9.00   -9.0   -9   -9.0   -9   -9.0   -9   -9.0   -9   -9.0   -9 -99.0 -99.0 -99.0 -99.0 -99.0
20260531 259  0.9   804  20  3.1 1451  20  5.4 1438  22.9  32.2 1346  14.0  542  14.5  25.8  11.9  65.4  29.0 1223  16.6   8.8   6.1 -9.00 1011.4 1013.3 1015.4 2312 1011.8 1540  0.6 12.5 14.3 -9.0 30.10  3.65 1200   -9.0   -9.0 -9.00   -9.0   -9   -9.0   -9   -9.0   -9   -9.0   -9   -9.0   -9 -99.0 -99.0 -99.0 -99.0 -99.0
20260531 260  1.5  1296  16  4.9 1441  14  7.1 1416  22.5  31.3 1347  13.9  508  13.4  28.6  10.1  62.8  22.0 1303  15.5  -9.0  -9.0 -9.00 1008.2 1013.3 1015.5 2321 1011.8 1538  1.0 13.1 14.3 -9.0 -9.00 -9.00   -9   -9.0   -9.0 -9.00   -9.0   -9   -9.0   -9   -9.0   -9   -9.0   -9   -9.0   -9 -99.0 -99.0 -99.0 -99.0 -99.0
20260531 261  1.3  1127  27  4.8 1742  23  7.0 1347  21.9  30.8 1255  13.1  528  15.3  26.2   9.3  70.9  35.0 1532  17.5  -9.0  -9.0 -9.00 1011.9 1013.8 1015.6 2318 1012.3 1538  0.0 13.0 14.3 -9.0 -9.00 -9.00   -9   -9.0   -9.0 -9.00   -9.0   -9   -9.0   -9   -9.0   -9   -9.0   -9   -9.0   -9 -99.0 -99.0 -99.0 -99.0 -99.0
20260531 262  1.1   987  27  3.5 1257  29  7.0 1403  22.1  32.1 1550  12.8  525  13.3  25.0  14.8  63.8  24.0 1135  15.3   8.1   5.6 -9.00 1007.2 1013.3 1015.7 2228 1012.0  117  0.9 12.5 14.3 -9.0 27.70  3.13 1200   -9.0   -9.0 -9.00   -9.0   -9   -9.0   -9   -9.0   -9   -9.0   -9   -9.0   -9 -99.0 -99.0 -99.0 -99.0 -99.0
20260531 263  1.1   987  23  3.8 1740  18  5.3 1717  22.9  32.9 1557  12.9  533  10.6  27.5  10.4  54.0   9.0 1542  13.0   9.5   6.7 -9.00 1011.5 1013.2 1015.3 2350 1011.3 1654  0.3 11.6 14.4 -9.0 29.79  3.61 1200   -9.0   -9.0 -9.00   -9.0   -9   -9.0   -9   -9.0   -9   -9.0   -9   -9.0   -9 -99.0 -99.0 -99.0 -99.0 -99.0
20260531 264  0.9   802  23  2.8 1645  14  6.7 1459  21.9  33.2 1547  10.8  533   5.6  24.4   9.2  47.4   4.0 1448   9.8  11.1   7.7 -9.00  996.0 1013.5 1015.9 2355 1010.5 1704  0.6 12.8 14.4 -9.0 31.80  3.80 1200   -9.0   -9.0 -9.00   -9.0   -9   -9.0   -9   -9.0   -9   -9.0   -9   -9.0   -9 -99.0 -99.0 -99.0 -99.0 -99.0
20260531 266  1.0   896  20  2.5 1534  18  4.9 1532  24.4  31.9 1457  17.2  521  11.7  26.4  12.7  49.1  21.0 1321  13.9   9.3   6.5 -9.00 1003.5 1013.6 1016.0 2306 1012.2   34  0.3 12.4 14.3 -9.0 30.45  3.69 1200   -9.0   -9.0 -9.00   -9.0   -9   -9.0   -9   -9.0   -9   -9.0   -9   -9.0   -9 -99.0 -99.0 -99.0 -99.0 -99.0
20260531 268  1.0   882  32  4.4 1241  32  6.3 1436  20.6  28.3 1044  12.5  513  14.2  24.7  12.4  70.8  35.0 1040  16.3  -9.0  -9.0 -9.00 1011.4 1012.6 1014.2 2229 1011.4 1704  0.6 13.2 14.3 -9.0 -9.00 -9.00   -9   -9.0   -9.0 -9.00   -9.0   -9   -9.0   -9   -9.0   -9   -9.0   -9   -9.0   -9 -99.0 -99.0 -99.0 -99.0 -99.0
20260531 271  1.2   997  18  3.5 1526  20  6.7 1403  20.6  31.0 1444   9.7  553   9.4  27.3   7.4  57.9  18.0 1527  12.0  -9.0  -9.0 -9.00  976.5 1013.7 1016.3 2339 1010.7 1545  0.4 12.4 14.5 -9.0 -9.00 -9.00   -9   -9.0   -9.0 -9.00   -9.0   -9   -9.0   -9   -9.0   -9   -9.0   -9   -9.0   -9 -99.0 -99.0 -99.0 -99.0 -99.0
20260531 272  1.8  1526  32  5.6 1305  32  9.2 1256  22.3  31.3 1445  12.3  505  10.8  28.7   9.6  54.6  21.0 1157  13.1  -9.0  -9.0 -9.00  988.8 1013.0 1014.9 2303 1010.7 1715  0.4 13.4 14.5 -9.0 -9.00 -9.00   -9   -9.0   -9.0 -9.00   -9.0   -9   -9.0   -9   -9.0   -9   -9.0   -9   -9.0   -9 -99.0 -99.0 -99.0 -99.0 -99.0
20260531 273  1.4  1224  29  3.1 1431  32  6.3 1341  22.8  31.8 1445  13.9  533  12.5  27.1  10.1  56.9  22.0 1454  14.6  -9.0  -9.0 -9.00  992.5 1012.4 1014.1 2321 1010.4 1717  0.3 12.4 14.5 -9.0 -9.00 -9.00   -9   -9.0   -9.0 -9.00   -9.0   -9   -9.0   -9   -9.0   -9   -9.0   -9   -9.0   -9 -99.0 -99.0 -99.0 -99.0 -99.0
20260531 276  1.1   922  32  3.5 1241  34  6.3 1234  22.0  32.6 1708  10.8  513  10.8  29.1   7.2  58.1  15.0 1345  13.1   9.7   6.8 -9.00  988.7 1012.6 1014.6 2320 1009.9 1656  0.3 13.3 14.5 -9.0 31.36  3.74 1200   -9.0   -9.0 -9.00   -9.0   -9   -9.0   -9   -9.0   -9   -9.0   -9   -9.0   -9 -99.0 -99.0 -99.0 -99.0 -99.0
20260531 277  2.1  1779  27  4.9  333  29 10.2  332  25.1  31.9 1254  17.2 2354  10.5  32.8  15.1  42.3  22.0 1045  12.7  -9.0  -9.0 -9.00 1007.6 1012.3 1014.1 2213 1010.0    2  0.5 13.6 14.5 -9.0 -9.00 -9.00   -9   -9.0   -9.0 -9.00   -9.0   -9   -9.0   -9   -9.0   -9   -9.0   -9   -9.0   -9 -99.0 -99.0 -99.0 -99.0 -99.0
20260531 278  0.9   735  25  2.9 1407  27  5.0 1550  22.7  33.6 1516  12.1  512  12.5  28.9   8.5  61.4  14.0 1533  14.7  -9.0  -9.0 -9.00 1002.7 1012.1 1013.7 2351 1010.0 1712  0.3 13.3 14.5 -9.0 -9.00 -9.00   -9   -9.0   -9.0 -9.00   -9.0   -9   -9.0   -9   -9.0   -9   -9.0   -9   -9.0   -9 -99.0 -99.0 -99.0 -99.0 -99.0
20260531 279  1.0   875  29  2.4 1226  27  5.1 1222  24.0  33.8 1453  14.6  508  11.5  30.9  10.9  50.5  22.0 1434  13.6   9.1   6.3 -9.00 1007.1 1012.8 1014.3 2349 1010.6 1731  0.3 12.9 14.4 -9.0 29.92  3.62 1200   -9.0   -9.0 -9.00   -9.0   -9   -9.0   -9   -9.0   -9   -9.0   -9   -9.0   -9 -99.0 -99.0 -99.0 -99.0 -99.0
20260531 281  1.1   959  27  2.7 1131  27  7.0 1215  23.7  33.1 1407  13.2  527  11.0  29.6   9.6  53.1  17.0 1353  13.3  -9.0  -9.0 -9.00 1002.2 1013.3 1015.2 2331 1011.3 1753  0.3 13.2 14.4 -9.0 -9.00 -9.00   -9   -9.0   -9.0 -9.00   -9.0   -9   -9.0   -9   -9.0   -9   -9.0   -9   -9.0   -9 -99.0 -99.0 -99.0 -99.0 -99.0
20260531 283  2.1  1812  18  4.5 1748  11  7.7 1631  24.2  34.7 1508  14.8  425  12.1  28.1  11.0  55.0  15.0 1500  14.4  10.3   7.2 -9.00 1008.4 1013.0 1015.0 2333 1011.3 1602  0.3 13.3 14.4 -9.0 31.12  3.71 1200   -9.0   -9.0 -9.00   -9.0   -9   -9.0   -9   -9.0   -9   -9.0   -9   -9.0   -9 -99.0 -99.0 -99.0 -99.0 -99.0
20260531 284  1.3  1119  16  3.4 1538  14  5.8 1538  21.4  32.1 1430  10.5  535  11.3  26.3   7.6  59.3  22.0 1303  13.5   9.2   6.5 -9.00  986.1 1012.4 1014.8 2341 1009.4 1715  0.4 13.2 14.4 -9.0 30.85  3.70 1200   -9.0   -9.0 -9.00   -9.0   -9   -9.0   -9   -9.0   -9   -9.0   -9   -9.0   -9 -99.0 -99.0 -99.0 -99.0 -99.0
20260531 285  0.7   584   9  1.8 1558  16  3.9 1740  23.0  33.3 1453  13.1  451  11.6  29.8  11.5  57.4  15.0 1536  13.9  -9.0  -9.0 -9.00 1010.2 1013.3 1015.3 2330 1011.2 1729  0.4 11.1 14.4 -9.0 -9.00 -9.00   -9   -9.0   -9.0 -9.00   -9.0   -9   -9.0   -9   -9.0   -9   -9.0   -9   -9.0   -9 -99.0 -99.0 -99.0 -99.0 -99.0
20260531 288  1.4  1171  16  3.7 1725  18  6.0 1721  24.6  34.1 1517  15.0  555  12.1  28.9  14.8  52.9  15.0 1437  14.3   9.8   6.9 -9.00 1010.6 1011.6 1013.9 2348 1009.6 1655  0.4 12.3 14.4 -9.0 30.20  3.67 1200   -9.0   -9.0 -9.00   -9.0   -9   -9.0   -9   -9.0   -9   -9.0   -9   -9.0   -9 -99.0 -99.0 -99.0 -99.0 -99.0
20260531 289  0.9   783   5  3.2 1906   5  5.7 1906  22.5  32.7 1413  12.3  507  11.8  28.4   9.3  57.8  19.0 1257  13.9  -9.0  -9.0 -9.00  998.2 1014.2 1016.3 2353 1011.7 1714  0.6 11.9 14.4 -9.0 -9.00 -9.00   -9   -9.0   -9.0 -9.00   -9.0   -9   -9.0   -9   -9.0   -9   -9.0   -9   -9.0   -9 -99.0 -99.0 -99.0 -99.0 -99.0
20260531 294  1.1   975  20  3.7 2317  18  7.3 2238  23.9  30.8 1517  16.2  508  13.1  30.7  11.0  53.6  30.0 1439  15.1  -9.0  -9.0 -9.00 1008.6 1013.8 1015.8 2238 1011.9  133  0.3 12.9 14.3 -9.0 -9.00 -9.00   -9   -9.0   -9.0 -9.00   -9.0   -9   -9.0   -9   -9.0   -9   -9.0   -9   -9.0   -9 -99.0 -99.0 -99.0 -99.0 -99.0
20260531 295  1.2  1024   9  2.4 1359  11  3.8 1351  23.8  31.2 1451  17.3  451  10.6  27.9  12.0  45.4  26.0 1506  12.8  -9.0  -9.0 -9.00 1008.2 1013.4 1015.5 2336 1011.7   35  0.3 12.3 14.3 -9.0 -9.00 -9.00   -9   -9.0   -9.0 -9.00   -9.0   -9   -9.0   -9   -9.0   -9   -9.0   -9   -9.0   -9 -99.0 -99.0 -99.0 -99.0 -99.0
20260531 296  1.7  1458  18  4.3 1422  18  7.5 1415  23.6  31.9 1402  14.7  459  14.2  25.1   9.2  59.8  31.0 1552  16.2   9.4   6.6 -9.00 1012.0 1012.3 1014.6 2223 1010.7  112  0.0 12.2 14.4 -9.0 30.44  3.70 1200   -9.0   -9.0 -9.00   -9.0   -9   -9.0   -9   -9.0   -9   -9.0   -9   -9.0   -9 -99.0 -99.0 -99.0 -99.0 -99.0
20260601  90  1.8  1581  20  6.7 1637  23 13.1 1647  23.8  28.4 1219  17.5 2341   9.8  25.2  12.7  42.8  23.0    1  12.2   5.7   4.0 -9.00 1009.8 1011.8 1013.3 1017 1009.9 1706  6.5  2.3 14.7 -9.0 15.06  2.01 1100   -9.0   -9.0 -9.00   -9.0   -9   -9.0   -9   -9.0   -9   -9.0   -9   -9.0   -9 -99.0 -99.0 -99.0 -99.0 -99.0
20260601  93  0.4   334  34  2.3 1710  34  4.1 1704  20.0  27.6 1505  13.6  519  14.1  24.7  11.8  71.8  40.0 1509  16.1   4.3   3.0 -9.00 1003.1 1014.3 1016.3  857 1011.8 1754  7.1  4.4 14.6 -9.0 15.85  2.01 1000   -9.0   -9.0 -9.00   -9.0   -9   -9.0   -9   -9.0   -9   -9.0   -9   -9.0   -9  23.0  20.2  17.7  13.8  12.5
20260601  95  0.8   653  32  1.9 1601  20  3.7 1647  19.5  26.2 1513  13.3  438  12.3  21.7   9.9  66.0  37.0 1337  14.4   4.6   3.2 -9.00  996.3 1014.4 1016.1  828 1012.4 1710  6.1  7.5 14.6 -9.0 17.31  1.92 1200   -9.0   -9.0 -9.00   -9.0   -9   -9.0   -9   -9.0   -9   -9.0   -9   -9.0   -9 -99.0 -99.0 -99.0 -99.0 -99.0
20260601  98  0.7   576  27  3.3 1425  29  7.1 1331  20.4  27.7 1252  14.5  414  11.0  23.7  10.6  57.0  28.0 1259  13.2   4.8   3.4 -9.00 1000.2 1013.7 1015.4  848 1011.9 1734  5.9  2.7 14.6 -9.0 17.03  2.54 1200   -9.0   -9.0 -9.00   -9.0   -9   -9.0   -9   -9.0   -9   -9.0   -9   -9.0   -9 -99.0 -99.0 -99.0 -99.0 -99.0
20260601  99  0.7   596  27  2.8 1248  29  5.4 1241  18.7  26.3 1234  12.3  439  12.5  22.3   9.1  71.4  37.0 1835  14.5   4.7   3.3 -9.00 1010.8 1014.4 1016.1  845 1012.7 1821  5.5  4.2 14.6 -9.0 18.59  2.52 1100   -9.0   -9.0 -9.00   -9.0   -9   -9.0   -9   -9.0   -9   -9.0   -9   -9.0   -9 -99.0 -99.0 -99.0 -99.0 -99.0
20260601 100  2.8  2418  25  6.3 1930  29 10.4 1204  18.0  23.1 1235  10.9  320   9.8  19.4   6.9  61.3  34.0 1124  12.1   5.7   4.0 -9.00  926.8 1013.4 1016.3    9 1010.9 1542  8.9  3.6 14.6 -9.0 16.58  2.34 1200   -9.0   -9.0 -9.00   -9.0   -9   -9.0   -9   -9.0   -9   -9.0   -9   -9.0   -9 -99.0 -99.0 -99.0 -99.0 -99.0
20260601 101  1.2  1014  34  3.0 1656  34  5.3 1704  20.3  27.4 1504  14.1  431  13.5  24.2  10.1  67.8  40.0 1601  15.5   4.6   3.2 -9.00 1004.4 1013.2 1015.3  828 1010.6 1756  6.9  2.2 14.6 -9.0 16.25  2.22 1000   -9.0   -9.0 -9.00   -9.0   -9   -9.0   -9   -9.0   -9   -9.0   -9   -9.0   -9  22.0  18.4  16.3  14.4  15.1
20260601 102  2.3  1998  18  3.8 1407  16  8.0  938  17.7  20.7 1615  15.2  539  14.5  22.9  11.5  82.1  64.0   48  16.5   3.9   2.8  1.50 1007.7 1012.0 1013.5  919 1010.6 1800  7.0  5.9 14.6 -9.0 19.44  2.52 1400   -9.0   -9.0 -9.00   -9.0   -9   -9.0   -9   -9.0   -9   -9.0   -9   -9.0   -9 -99.0 -99.0 -99.0 -99.0 -99.0
20260601 104  1.4  1248  27  6.0 1255  25 10.3 1205  24.0  29.8 1322  19.3  426  13.1  26.0  13.5  51.5  28.0 1238  15.2   6.3   4.4 -9.00 1002.5 1011.1 1012.2  852 1009.6 1910  7.8  5.1 14.6 -9.0 18.65  2.76 1100   -9.0   -9.0 -9.00   -9.0   -9   -9.0   -9   -9.0   -9   -9.0   -9   -9.0   -9  22.2  18.6  16.5  13.3  13.1
20260601 105  2.1  1779  27  4.4 1141  27  8.7 1154  25.9  30.3 1226  21.3  554   9.7  28.7  16.2  36.9  26.0 1119  12.1   7.3   5.1 -9.00 1008.9 1012.0 1013.3  904 1010.6 1910  7.6  4.6 14.6 -9.0 17.78  2.54 1100   -9.0   -9.0 -9.00   -9.0   -9   -9.0   -9   -9.0   -9   -9.0   -9   -9.0   -9  22.9  19.3  18.0  15.0  14.5
20260601 106  1.7  1497  23  3.3   24  23  5.1   21  24.4  30.5 1039  19.0  530  12.7  30.5  13.0  48.9  30.0  939  14.8   7.0   4.9 -9.00 1007.8 1012.4 1013.8  852 1011.4 1703  7.8  7.2 14.6 -9.0 22.38  3.32 1200   -9.0   -9.0 -9.00   -9.0   -9   -9.0   -9   -9.0   -9   -9.0   -9   -9.0   -9 -99.0 -99.0 -99.0 -99.0 -99.0
20260601 108  1.9  1682  20  4.5 1202  25  7.7 1347  22.9  28.7 1255  18.3  552  10.2  23.6  14.2  45.4  31.0 1123  12.5   7.0   4.9 -9.00 1003.6 1013.5 1015.1  833 1011.8 1803  6.4  5.5 14.6 -9.0 19.76  3.08 1200   -9.0   -9.0 -9.00   -9.0   -9   -9.0   -9   -9.0   -9   -9.0   -9   -9.0   -9  21.9  19.0  17.8  14.5  13.6
20260601 112  1.7  1472  23  4.3 1058  23  6.6 1056  21.7  25.4 1046  18.3  537  13.6  23.2  13.2  61.9  42.0 1437  15.7   5.9   4.1 -9.00 1005.5 1013.5 1014.9  826 1011.7 1802  5.6  6.8 14.6 -9.0 20.40  3.24 1200   -9.0   -9.0 -9.00   -9.0   -9   -9.0   -9   -9.0   -9   -9.0   -9   -9.0   -9  20.8  18.8  13.7  16.2  13.3
20260601 114  1.3  1087  23  3.4 1210  23  5.9 1446  22.8  29.8 1435  16.0  518  12.3  27.1  11.9  55.5  28.0 1422  14.4   6.6   4.6 -9.00  996.3 1013.5 1015.7  856 1011.4 1741  8.0  5.3 14.6 -9.0 21.55  3.17 1100   -9.0   -9.0 -9.00   -9.0   -9   -9.0   -9   -9.0   -9   -9.0   -9   -9.0   -9 -99.0 -99.0 -99.0 -99.0 -99.0
20260601 115  5.8  5029  23  9.7 2220  23 18.9 2252  23.1  25.7 1420  21.4  602  14.7  26.1  18.6  60.5  36.0  350  17.0   6.3   4.4 -9.00  988.3 1013.5 1015.0 1000 1011.9 1716  8.1  5.0 14.6 -9.0 17.56  2.49 1400   -9.0   -9.0 -9.00   -9.0   -9   -9.0   -9   -9.0   -9   -9.0   -9   -9.0   -9  19.4  16.1  15.2  12.4  13.1
20260601 119  1.8  1550  25  5.3 1446  25  7.8 1438  21.8  28.8 1348  15.6  355  11.4  27.0  11.9  54.6  26.0 1447  13.5   7.0   4.9 -9.00 1008.7 1013.3 1015.0  833 1011.8 1920  7.3  7.2 14.6 -9.0 22.20  3.11 1300   -9.0   -9.0 -9.00   -9.0   -9   -9.0   -9   -9.0   -9   -9.0   -9   -9.0   -9  21.7  18.5  16.3  12.8  12.6
20260601 121  0.8   732  23  3.3 1529  20  5.6 1525  20.5  29.5 1547  13.0  533  12.7  26.8  10.0  64.8  33.0 1508  14.7   5.3   3.7 -9.00  986.5 1014.2 1017.0  814 1011.3 1623  8.5  4.1 14.5 -9.0 19.02  2.46 1100   -9.0   -9.0 -9.00   -9.0   -9   -9.0   -9   -9.0   -9   -9.0   -9   -9.0   -9 -99.0 -99.0 -99.0 -99.0 -99.0
20260601 127  1.2  1018  20  3.9 1215  20  6.8 1103  22.7  30.0 1454  14.8  455  12.0  25.8  12.8  54.9  25.0 1213  14.1   6.8   4.8 -9.00  999.6 1012.8 1015.1  805 1010.7 1727  8.0  5.6 14.5 -9.0 22.62  3.29 1100   -9.0   -9.0 -9.00   -9.0   -9   -9.0   -9   -9.0   -9   -9.0   -9   -9.0   -9 -99.0 -99.0 -99.0 -99.0 -99.0
20260601 129  1.6  1350  20  5.1 1045  20  7.8 1010  21.7  27.2 1341  14.8  530  12.3  26.6  11.6  58.3  31.0 1325  14.4   6.2   4.4 -9.00 1010.7 1013.7 1015.6 1033 1012.0 1940  8.5  6.8 14.5 -9.0 21.94  2.88 1300   -9.0   -9.0 -9.00   -9.0   -9   -9.0   -9   -9.0   -9   -9.0   -9   -9.0   -9  21.4  18.5  18.4  13.8  14.7
20260601 130  2.1  1853  16  4.1 1632  25  8.5 1200  24.2  32.4 1448  19.9  311  13.6  28.3  14.2  55.1  25.0 1413  15.8  -9.0  -9.0 -9.00 1007.3 1012.9 1014.5 1104 1011.5 1655  7.3  8.2 14.5 -9.0 -9.00 -9.00   -9   -9.0   -9.0 -9.00   -9.0   -9   -9.0   -9   -9.0   -9   -9.0   -9   -9.0   -9 -99.0 -99.0 -99.0 -99.0 -99.0
20260601 131  1.2  1042  27  3.6 1114  27  6.5 1138  24.9  29.8 1336  18.8  549  11.6  27.2  15.0  44.8  29.0 1242  13.7   7.5   5.2 -9.00 1006.4 1013.1 1015.3  846 1010.9 1721  7.8  8.6 14.5 -9.0 25.05  3.42 1000   -9.0   -9.0 -9.00   -9.0   -9   -9.0   -9   -9.0   -9   -9.0   -9   -9.0   -9 -99.0 -99.0 -99.0 -99.0 -99.0
20260601 133  1.4  1190  20  4.1 1039  20  7.3 1041  24.0  30.3 1502  16.8  554  13.8  26.6  14.7  55.4  31.0 1057  15.8   7.0   4.9 -9.00 1005.8 1013.6 1015.8  749 1011.2 1653  7.5  9.2 14.5 -9.0 25.20  3.62 1200   -9.0   -9.0 -9.00   -9.0   -9   -9.0   -9   -9.0   -9   -9.0   -9   -9.0   -9  23.4  21.1  18.8  15.7  15.7
20260601 135  1.0   870  18  3.1 1159  23  5.1 1500  21.8  29.4 1522  13.3  522  14.1  26.0  12.9  64.5  36.0 1159  16.3   6.2   4.3 -9.00  985.2 1013.3 1016.0  743 1010.3 1705  8.6  7.9 14.5 -9.0 24.10  3.37 1100   -9.0   -9.0 -9.00   -9.0   -9   -9.0   -9   -9.0   -9   -9.0   -9   -9.0   -9 -99.0 -99.0 -99.0 -99.0 -99.0
20260601 136  0.9   812  32  2.4 1310  34  4.6 1303  23.4  29.9 1544  15.3  420  14.9  28.8  14.0  61.0  39.0 1522  17.0   5.7   4.0 -9.00  998.1 1014.3 1017.1  823 1011.4 1743  7.6  5.5 14.5 -9.0 22.03  3.18 1300   -9.0   -9.0 -9.00   -9.0   -9   -9.0   -9   -9.0   -9   -9.0   -9   -9.0   -9 -99.0 -99.0 -99.0 -99.0 -99.0
20260601 137  0.6   559  23  2.1 1543  20  4.2 1228  23.3  30.4 1534  15.6  520  15.9  31.4  13.3  65.1  40.0 1409  18.2   5.8   4.0 -9.00 1001.5 1012.6 1015.3  756 1009.7 1715  7.9  7.8 14.5 -9.0 23.52  3.02 1300   -9.0   -9.0 -9.00   -9.0   -9   -9.0   -9   -9.0   -9   -9.0   -9   -9.0   -9 -99.0 -99.0 -99.0 -99.0 -99.0
20260601 138  2.8  2439  11  5.1 1536  11  7.6 1532  25.3  30.6 1424  19.9  519  13.1  28.7  14.7  47.6  35.0  908  15.4   7.4   5.2 -9.00 1012.6 1013.0 1015.3  832 1010.9 1604  7.4  6.6 14.5 -9.0 22.00  3.15 1200   -9.0    0.1 -9.00   -9.0   -9   -9.0   -9   -9.0   -9   -9.0   -9   -9.0   -9  21.4  18.2  17.1  15.4  15.7
20260601 140  1.6  1376  29  4.0 1457  27  5.7 1702  22.9  29.4 1309  16.1  434  16.1  26.0  11.3  67.3  44.0 1047  18.4  -9.0  -9.0 -9.00 1011.1 1014.3 1016.5 1020 1012.5 1745  8.0  7.9 14.4 -9.0 -9.00 -9.00   -9   -9.0   -9.0 -9.00   -9.0   -9   -9.0   -9   -9.0   -9   -9.0   -9   -9.0   -9 -99.0 -99.0 -99.0 -99.0 -99.0
20260601 143  1.4  1178  18  3.5 2056  25  6.7 1215  24.8  32.2 1636  16.9  508  14.2  29.5  12.2  53.3  38.0 1615  16.4   6.3   4.4 -9.00 1006.8 1013.0 1015.9  806 1010.2 1752  7.4  7.0 14.4 -9.0 22.43  3.25 1100   -9.0   -9.0 -9.00   -9.0   -9   -9.0   -9   -9.0   -9   -9.0   -9   -9.0   -9 -99.0 -99.0 -99.0 -99.0 -99.0
20260601 146  2.0  1709  27  4.5 1717  27  7.8 1722  24.7  31.3 1452  18.8  525  15.6  26.4  13.3  58.3  43.0 1429  18.0   6.5   4.5 -9.00 1006.3 1013.2 1015.7  839 1011.0 1655  7.8  7.5 14.4 -9.0 22.89  3.02 1300   -9.0    0.0 -9.00   -9.0   -9   -9.0   -9   -9.0   -9   -9.0   -9   -9.0   -9 -99.0 -99.0 -99.0 -99.0 -99.0
20260601 152  1.5  1321  20  5.5 1928  20  9.0 1919  22.6  27.7 1102  16.1  349  14.8  26.7  11.7  63.0  44.0 1002  17.0   6.1   4.3 -9.00 1004.1 1013.5 1015.3  744 1011.6 1745  8.0  9.2 14.4 -9.0 24.06  3.16 1300   -9.0   -9.0 -9.00   -9.0   -9   -9.0   -9   -9.0   -9   -9.0   -9   -9.0   -9 -99.0 -99.0 -99.0 -99.0 -99.0
20260601 155  2.0  1713  16  4.9 1611  23  8.3 1254  23.2  30.0 1236  17.8  521  16.9  28.2  13.1  69.1  48.0 1254  19.5   6.3   4.4 -9.00 1010.3 1014.3 1016.2  856 1012.7 1732  8.1 11.0 14.4 -9.0 25.47  3.46 1300    2.3   -9.0  1.17    2.3 2300    1.5 2338   -9.0   -9   -9.0   -9   -9.0   -9 -99.0 -99.0 -99.0 -99.0 -99.0
20260601 156  1.9  1610  18  4.6 1009  16  7.8 1018  24.4  31.7 1519  18.4  546  17.1  32.2  13.9  65.8  45.0 1452  19.6   5.9   4.1 -9.00 1004.3 1012.4 1014.8  836 1009.9 1721  6.9  7.9 14.4 -9.0 24.66  3.06 1000    0.9   -9.0  1.50    0.9 2300    0.8 2350   -9.0   -9   -9.0   -9   -9.0   -9 -99.0 -99.0 -99.0 -99.0 -99.0
20260601 159  2.7  2322  23  6.3 1309  25  9.6 2004  23.4  27.5 1224  20.2  249  15.6  28.3  12.0  62.5  42.0  749  17.9   5.8   4.1 -9.00 1006.0 1014.0 1015.6  913 1012.4 1707  8.3  8.3 14.4 -9.0 24.31  3.38 1300    0.7   14.3  2.35    0.7 2152    0.4 2232   -9.0   -9   -9.0   -9   -9.0   -9  22.4  19.9  18.9  15.8  16.8
20260601 162  1.7  1435  18  5.0 1815  20  7.6 1807  21.7  28.1 1539  17.6  331  17.0  27.3  14.3  76.6  54.0 1044  19.4   4.9   3.5 -9.00 1010.1 1013.7 1015.6  913 1012.1 1632  8.1  7.5 14.3 -9.0 22.24  3.25 1200    7.7   -9.0 -9.00    3.8 2213    1.4 2218   -9.0   -9   -9.0   -9   -9.0   -9 -99.0 -99.0 -99.0 -99.0 -99.0
20260601 165  3.2  2743  16  6.6 1948  14 11.5 1914  23.3  29.1 1455  18.2  541  17.8  25.5  13.7  72.6  52.0 1520  20.4   6.2   4.3 -9.00 1008.4 1013.6 1015.8  912 1011.5 1740  7.6  7.9 14.3 -9.0 24.31  3.17 1000    0.0   17.5  1.12    0.0   -9    0.0   -9   -9.0   -9   -9.0   -9   -9.0   -9  22.0  20.1  17.9  15.9  14.8
20260601 168  1.9  1652   7  5.2 2320   9  8.8 2352  22.4  27.6 1418  19.0  329  16.6  28.6  17.8  71.4  51.0 1019  19.0   5.0   3.5 -9.00 1007.0 1014.6 1016.4  811 1012.8 2349  8.1  6.9 14.3 -9.0 21.89  3.28 1300    8.1   55.2  4.72    3.7 2224    1.2 2307   -9.0   -9   -9.0   -9   -9.0   -9  23.3  20.0  18.1  16.1  16.5
20260601 169  5.3  4571  14  9.0 2149  16 12.4 2144  19.9  24.9 1140  16.2  459  16.3  25.3  14.8  81.0  49.0    1  18.6   4.7   3.3  0.95 1004.4 1013.2 1015.4  929 1011.3 1738  8.8  5.8 14.3 -9.0 20.60  3.04 1300    2.0   -9.0  1.90    1.7 2246    0.6 2318   -9.0   -9   -9.0   -9   -9.0   -9 -99.0 -99.0 -99.0 -99.0 -99.0
20260601 170  2.8  2376  14  7.7 1723  16 11.0 1719  21.8  29.7 1317  15.6  310  17.7  26.1  13.1  79.0  54.0 1600  20.4   5.5   3.8 -9.00 1010.0 1014.1 1016.1 1127 1012.2 2400  7.9  6.6 14.3 -9.0 21.52  3.09 1000   35.0   -9.0 -9.00   13.9 2130    3.3 2214   -9.0   -9   -9.0   -9   -9.0   -9 -99.0 -99.0 -99.0 -99.0 -99.0
20260601 172  2.3  1949  29  5.4 1644  29  7.9 1638  23.5  30.3 1602  15.8  504  16.2  25.3  12.4  66.5  43.0  848  18.5   6.5   4.5 -9.00 1007.1 1013.1 1015.3  806 1011.1 1540  7.3  7.5 14.4 -9.0 24.36  3.17 1000   -9.0   -9.0 -9.00   -9.0   -9   -9.0   -9   -9.0   -9   -9.0   -9   -9.0   -9 -99.0 -99.0 -99.0 -99.0 -99.0
20260601 174  1.4  1242  18  3.9 1902  18  7.6 1844  20.6  28.7 1341  12.0  517  14.9  25.0  11.1  72.9  46.0 1254  17.1  -9.0  -9.0 -9.00  993.8 1012.9 1015.3  646 1010.4 1747  7.6  7.9 14.4 -9.0 -9.00 -9.00   -9    3.9   -9.0 -9.00    3.9 2300    0.9 2314   -9.0   -9   -9.0   -9   -9.0   -9 -99.0 -99.0 -99.0 -99.0 -99.0
20260601 177  1.7  1446  18  4.8 1337  14  7.9 1114  22.6  29.2 1327  15.4  441  13.9  26.5  12.4  61.8  30.0 1300  16.0   6.7   4.7 -9.00 1009.1 1012.3 1013.9  809 1010.6 1812  7.8  7.3 14.5 -9.0 22.29  3.07 1300   -9.0   -9.0 -9.00   -9.0   -9   -9.0   -9   -9.0   -9   -9.0   -9   -9.0   -9 -99.0 -99.0 -99.0 -99.0 -99.0
20260601 181  1.4  1196  23  4.5 1131  25  6.4 1125  22.4  28.9 1533  15.0  534  13.3  23.6  10.6  60.0  31.0 1229  15.3   6.7   4.7 -9.00 1009.9 1013.8 1015.9  844 1011.6 1718  7.4  8.7 14.5 -9.0 24.10  3.05 1000   -9.0   -9.0 -9.00   -9.0   -9   -9.0   -9   -9.0   -9   -9.0   -9   -9.0   -9 -99.0 -99.0 -99.0 -99.0 -99.0
20260601 184  2.8  2433   5  6.2 2353  11 11.1 1342  21.8  27.7 1313  19.3  603  16.5  24.1  13.5  73.3  46.0  754  19.0   3.1   2.2 -9.00 1010.0 1012.4 1014.5  658 1010.3 2023  7.5  3.9 14.2 -9.0 11.55  2.61 1000   29.9   79.4 10.70   10.0 1842    4.7 1854   -9.0   -9   -9.0   -9   -9.0   -9  22.8  21.1  20.4  18.4  16.5
20260601 185  4.3  3702  11  8.6 1000  14 12.5 1035  21.7  25.6  935  18.3   20  19.3  22.8  14.2  86.9  55.0    8  22.5   2.1   1.5 -9.00 1004.1 1012.4 1014.5  649 1010.0 2359  8.5  1.3 14.2 -9.0  8.24  1.70  800   39.2   -9.0 -9.00   18.9 1750    7.6 1756   -9.0   -9   -9.0   -9   -9.0   -9 -99.0 -99.0 -99.0 -99.0 -99.0
20260601 188  2.3  1956   9  5.4 1650   9  8.0 1646  22.3  29.2 1125  16.1    1  19.8  22.4  12.4  87.1  64.0 1126  23.2  -9.0  -9.0 -9.00 1011.6 1013.9 1015.8  738 1011.8 2400  7.6  2.7 14.2 -9.0 -9.00 -9.00   -9   95.4   -9.0 -9.00   32.3 1842    8.1 2014   -9.0   -9   -9.0   -9   -9.0   -9 -99.0 -99.0 -99.0 -99.0 -99.0
20260601 189  2.4  2039   7  4.2 1943   9  9.0 2113  22.4  26.1 1111  19.9 1932  18.8  22.2  17.0  80.9  40.0    7  21.8   1.8   1.3 -9.00 1007.6 1013.6 1015.8  719 1011.4 2353  9.6  0.1 14.2 -9.0  6.18  1.13 1000   40.6   60.2 10.40   14.2 1756    5.7 1401   -9.0   -9   -9.0   -9   -9.0   -9 -99.0 -99.0 -99.0 -99.0 -99.0
20260601 192  0.9   807  18  3.2 1913  11  7.2 1330  21.8  29.2 1341  13.3  336  16.5  29.9  11.6  74.3  50.0 1508  18.9   6.1   4.3 -9.00 1011.0 1014.4 1016.5  755 1012.1 1738  7.5 10.6 14.4 -9.0 24.57  3.15 1300    2.7   29.9 -9.00    4.3 2330    1.0 2330   -9.0   -9   -9.0   -9   -9.0   -9 -99.0 -99.0 -99.0 -99.0 -99.0
20260601 201  1.1   972  27  3.9 1221  29  6.5 1220  18.9  25.1 1158  13.2  532  12.1  21.2   7.6  66.5  44.0 1151  14.2  -9.0  -9.0 -9.00 1008.8 1014.4 1015.8  831 1012.7 1729  5.8  6.2 14.6 -9.0 -9.00 -9.00   -9   -9.0   -9.0 -9.00   -9.0   -9   -9.0   -9   -9.0   -9   -9.0   -9   -9.0   -9 -99.0 -99.0 -99.0 -99.0 -99.0
20260601 202  1.0   876  20  2.9 1341  23  5.5 1340  21.8  29.0 1355  15.4  501  13.1  27.1  11.7  60.6  31.0 1511  15.1  -9.0  -9.0 -9.00 1008.5 1013.9 1016.0  900 1012.2 1714  7.6  5.0 14.6 -9.0 -9.00 -9.00   -9   -9.0   -9.0 -9.00   -9.0   -9   -9.0   -9   -9.0   -9   -9.0   -9   -9.0   -9 -99.0 -99.0 -99.0 -99.0 -99.0
20260601 203  0.7   606  18  3.1 1437  16  5.9 1438  21.9  29.7 1416  14.7  513  14.2  27.1  12.6  65.0  31.0 1327  16.2  -9.0  -9.0 -9.00 1005.0 1014.3 1016.3  829 1012.3 1717  7.6  6.1 14.6 -9.0 -9.00 -9.00   -9   -9.0   -9.0 -9.00   -9.0   -9   -9.0   -9   -9.0   -9   -9.0   -9   -9.0   -9 -99.0 -99.0 -99.0 -99.0 -99.0
20260601 211  0.6   497  18  1.9 1252  23  4.2 1250  18.8  26.0 1503  13.3  442  12.4  22.4   8.4  69.1  40.0 1522  14.4  -9.0  -9.0 -9.00  990.4 1013.9 1015.8  830 1011.4 1740  7.5  0.1 14.6 -9.0 -9.00 -9.00   -9   -9.0   -9.0 -9.00   -9.0   -9   -9.0   -9   -9.0   -9   -9.0   -9   -9.0   -9 -99.0 -99.0 -99.0 -99.0 -99.0
20260601 212  0.8   666  29  3.3 1227  25  6.5 1301  20.5  28.3 1423  13.7  525  12.9  24.2  12.3  65.1  28.0 1224  14.9  -9.0  -9.0 -9.00  998.2 1014.4 1016.5  853 1012.2 1720  7.3  3.1 14.6 -9.0 -9.00 -9.00   -9   -9.0   -9.0 -9.00   -9.0   -9   -9.0   -9   -9.0   -9   -9.0   -9   -9.0   -9 -99.0 -99.0 -99.0 -99.0 -99.0
20260601 216  1.1   918  20  3.3 1129  23  7.6 1026  19.4  27.1 1228  12.0  335  10.0  21.9  10.2  58.0  28.0 1058  12.3   5.7   4.0 -9.00  933.6 1013.7 1016.8   28 1010.6 1602  8.4  5.2 14.5 -9.0 20.29  3.20 1200   -9.0   -9.0 -9.00   -9.0   -9   -9.0   -9   -9.0   -9   -9.0   -9   -9.0   -9 -99.0 -99.0 -99.0 -99.0 -99.0
20260601 217  0.9   761  18  3.2 1415  29  6.5 1209  19.2  28.4 1523  11.6  357  10.0  25.0  10.8  59.3  31.0 1322  12.3  -9.0  -9.0 -9.00  978.5 1014.5 1017.1  721 1011.4 1630  9.0  2.3 14.6 -9.0 -9.00 -9.00   -9   -9.0   -9.0 -9.00   -9.0   -9   -9.0   -9   -9.0   -9   -9.0   -9   -9.0   -9 -99.0 -99.0 -99.0 -99.0 -99.0
20260601 221  1.0   877  25  4.0 1530  27  6.4 1516  20.3  28.2 1439  13.1  510  11.5  26.4  10.9  61.8  30.0 1454  13.6  -9.0  -9.0 -9.00  983.5 1013.9 1016.2  741 1011.5 1742  8.4  4.8 14.5 -9.0 -9.00 -9.00   -9   -9.0   -9.0 -9.00   -9.0   -9   -9.0   -9   -9.0   -9   -9.0   -9   -9.0   -9 -99.0 -99.0 -99.0 -99.0 -99.0
20260601 226  0.9   784  16  2.9 1128  20  8.0 1315  21.8  29.5 1502  13.9  544  14.3  24.8  10.5  66.4  39.0 1140  16.4  -9.0  -9.0 -9.00  994.1 1013.9 1016.5  757 1011.1 1702  7.5  8.9 14.5 -9.0 -9.00 -9.00   -9   -9.0   -9.0 -9.00   -9.0   -9   -9.0   -9   -9.0   -9   -9.0   -9   -9.0   -9 -99.0 -99.0 -99.0 -99.0 -99.0
20260601 232  0.9   748  16  3.4 1021  25  5.8 1134  21.9  29.1 1458  13.3  545  12.9  27.0  11.2  60.8  31.0 1311  15.0  -9.0  -9.0 -9.00 1004.4 1014.2 1016.3  840 1012.2 1718  7.5  8.1 14.5 -9.0 -9.00 -9.00   -9   -9.0   -9.0 -9.00   -9.0   -9   -9.0   -9   -9.0   -9   -9.0   -9   -9.0   -9 -99.0 -99.0 -99.0 -99.0 -99.0
20260601 235  1.6  1359  23  5.3 1222  25  8.3 1214  22.4  28.2 1616  14.8  521  14.1  23.8  11.6  61.6  33.0 1149  16.2   6.5   4.5 -9.00 1011.8 1013.0 1014.9  856 1011.4 1802  8.1  8.3 14.5 -9.0 22.67  3.32 1100   -9.0   -9.0 -9.00   -9.0   -9   -9.0   -9   -9.0   -9   -9.0   -9   -9.0   -9 -99.0 -99.0 -99.0 -99.0 -99.0
20260601 236  1.0   846  20  3.7 1222  23  6.2 1213  22.8  30.0 1411  14.5  502  15.1  26.6  12.0  66.6  36.0 1148  17.3  -9.0  -9.0 -9.00 1012.2 1013.8 1016.3  823 1011.9 1754  7.8  8.1 14.5 -9.0 -9.00 -9.00   -9   -9.0   -9.0 -9.00   -9.0   -9   -9.0   -9   -9.0   -9   -9.0   -9   -9.0   -9 -99.0 -99.0 -99.0 -99.0 -99.0
20260601 238  0.9   771  32  2.5 1503  36  5.9 1456  22.9  30.4 1422  14.8  446  15.7  28.1  11.6  66.8  44.0 1512  17.9  -9.0  -9.0 -9.00  993.6 1013.1 1015.8  748 1010.4 1703  8.0  8.9 14.4 -9.0 -9.00 -9.00   -9   -9.0   -9.0 -9.00   -9.0   -9   -9.0   -9   -9.0   -9   -9.0   -9   -9.0   -9 -99.0 -99.0 -99.0 -99.0 -99.0
20260601 239  1.1   959  34  2.7 2026  18  5.8 1114  22.8  29.1 1415  15.8  529  13.7  26.5  13.7  59.4  35.0 1135  15.7   6.5   4.6 -9.00 1002.7 1013.0 1015.3  744 1010.8 1656  8.0  8.7 14.5 -9.0 24.68  3.40 1200   -9.0   -9.0 -9.00   -9.0   -9   -9.0   -9   -9.0   -9   -9.0   -9   -9.0   -9 -99.0 -99.0 -99.0 -99.0 -99.0
20260601 243  1.3  1124  20  4.6 1108  20  7.0 1101  23.8  30.1 1434  17.6   45  15.6  25.8  13.3  61.8  39.0  925  17.9  -9.0  -9.0 -9.00 1012.2 1013.6 1016.0  843 1011.8 1812  8.3  7.4 14.4 -9.0 -9.00 -9.00   -9   -9.0   -9.0 -9.00   -9.0   -9   -9.0   -9   -9.0   -9   -9.0   -9   -9.0   -9 -99.0 -99.0 -99.0 -99.0 -99.0
20260601 244  1.1   936  18  3.3 1300  32  5.6 1557  22.2  29.2 1624  13.2  441  15.5  24.0  10.0  68.0  47.0  929  17.7  -9.0  -9.0 -9.00  985.3 1013.5 1016.3  752 1010.5 1756  7.9  7.9 14.4 -9.0 -9.00 -9.00   -9   -9.0   -9.0 -9.00   -9.0   -9   -9.0   -9   -9.0   -9   -9.0   -9   -9.0   -9 -99.0 -99.0 -99.0 -99.0 -99.0
20260601 245  2.0  1694  20  6.2 1003  25 10.9  958  24.2  31.3 1529  17.1  408  15.4  27.7  13.1  59.1  41.0  920  17.6   6.9   4.8 -9.00 1005.5 1013.4 1015.7  809 1011.4 1608  6.9  8.4 14.4 -9.0 24.12  3.45 1300   -9.0   -9.0 -9.00   -9.0   -9   -9.0   -9   -9.0   -9   -9.0   -9   -9.0   -9 -99.0 -99.0 -99.0 -99.0 -99.0
20260601 247  2.1  1812  27  4.1 1443  25  7.1 1319  23.3  30.6 1508  15.1  522  16.1  27.5  13.9  65.1  50.0 1506  18.6  -9.0  -9.0 -9.00  998.1 1013.4 1016.2  743 1010.6 1756  6.1  9.6 14.4 -9.0 -9.00 -9.00   -9   -9.0   -9.0 -9.00   -9.0   -9   -9.0   -9   -9.0   -9   -9.0   -9   -9.0   -9 -99.0 -99.0 -99.0 -99.0 -99.0
20260601 248  1.3  1112  25  4.5 1053  20  8.0 1128  21.4  28.4 1401  12.0  443  15.7  23.7   8.6  72.3  47.0 1353  17.9  -9.0  -9.0 -9.00  967.7 1013.9 1016.9  656 1010.8 1809  7.6  8.7 14.4 -9.0 -9.00 -9.00   -9   -9.0   -9.0 -9.00   -9.0   -9   -9.0   -9   -9.0   -9   -9.0   -9   -9.0   -9 -99.0 -99.0 -99.0 -99.0 -99.0
20260601 251 -9.0    -9  18  3.6  949  20  5.7  941 -99.0  25.6  958  16.1  323 -99.0 -99.0  12.6  -9.0  45.0  811  -9.0  -9.0  -9.0 -9.00   -9.0   -9.0 1015.2  811 1013.1  346  7.5 -9.0 14.4 -9.0 -9.00  2.44  900   -9.0   -9.0 -9.00   -9.0   -9   -9.0   -9   -9.0   -9   -9.0   -9   -9.0   -9 -99.0 -99.0 -99.0 -99.0 -99.0
20260601 252  1.2  1074  18  3.7 1023  23  7.7 1018  23.1  30.4 1451  16.3  242  15.7  25.5  12.5  64.6  45.0  856  18.0   5.9   4.1 -9.00 1009.0 1013.3 1015.8  928 1011.3 1757  7.9  7.2 14.4 -9.0 24.40  3.40 1200   -9.0   -9.0 -9.00   -9.0   -9   -9.0   -9   -9.0   -9   -9.0   -9   -9.0   -9 -99.0 -99.0 -99.0 -99.0 -99.0
20260601 253  1.5  1339  18  4.7 1549  16  8.0 1451  23.3  31.5 1403  17.6  405  17.1  28.4  14.1  69.9  45.0 1313  19.7   6.6   4.6 -9.00 1008.8 1015.1 1017.1  936 1013.3 1506  8.3  9.1 14.4 -9.0 25.69  3.48 1200   -9.0   -9.0 -9.00   -9.0   -9   -9.0   -9   -9.0   -9   -9.0   -9   -9.0   -9 -99.0 -99.0 -99.0 -99.0 -99.0
20260601 254  1.5  1254  18  4.1 1136  18  6.9 2012  23.1  30.7 1645  14.9  533  15.1  27.6  12.4  63.1  39.0 1554  17.2   6.6   4.6 -9.00  999.2 1014.0 1016.7  824 1011.1 1739  7.0  9.0 14.4 -9.0 24.61  3.39 1100   -9.0   -9.0 -9.00   -9.0   -9   -9.0   -9   -9.0   -9   -9.0   -9   -9.0   -9 -99.0 -99.0 -99.0 -99.0 -99.0
20260601 255  1.1   946  20  2.5 1308  16  5.6 1914  24.5  30.9 1424  18.7  434  16.4  25.7  13.3  62.3  46.0 1255  18.8   5.7   4.0 -9.00 1008.1 1013.9 1015.9  826 1011.8 1718  8.3  9.8 14.4 -9.0 22.54  3.28 1300    0.1   -9.0 -9.00    0.1   -9    0.1   -9   -9.0   -9   -9.0   -9   -9.0   -9 -99.0 -99.0 -99.0 -99.0 -99.0
20260601 257  1.7  1493  23  4.9 1421  23  8.6 1417  23.9  31.9 1306  15.9  328  17.3  28.5  13.1  68.6  47.0 1450  19.9   6.5   4.6 -9.00 1013.5 1014.2 1016.2  819 1012.1 1542  8.6  8.5 14.4 -9.0 24.35  3.27 1300   -9.0   -9.0 -9.00   -9.0   -9   -9.0   -9   -9.0   -9   -9.0   -9   -9.0   -9 -99.0 -99.0 -99.0 -99.0 -99.0
20260601 258  2.1  1830  20  6.3 1814  20  8.5 1806  22.1  28.7 1604  15.8  525  17.2  23.7  13.9  75.5  51.0 1607  19.8   5.8   4.1 -9.00 1014.5 1014.7 1016.6  748 1012.5 1735  8.6  7.8 14.3 -9.0 24.80  3.30 1300    7.3   -9.0 -9.00    4.8 2249    1.2 2249   -9.0   -9   -9.0   -9   -9.0   -9 -99.0 -99.0 -99.0 -99.0 -99.0
20260601 259  1.4  1170  14  4.5 1615  14  7.7 1555  21.8  29.1 1453  14.7  515  17.5  26.2  13.1  78.6  55.0 1442  20.1   5.1   3.6 -9.00 1012.0 1013.8 1015.8  708 1011.9 1701  8.1  6.0 14.3 -9.0 21.94  2.92 1100   11.5   -9.0 -9.00    5.4 2301    1.5 1826   -9.0   -9   -9.0   -9   -9.0   -9 -99.0 -99.0 -99.0 -99.0 -99.0
20260601 260  2.0  1697  14  5.7 1543  16  7.8 1548  21.4  27.9 1418  14.4  511  17.3  28.1  10.9  79.0  57.0 1426  20.0  -9.0  -9.0 -9.00 1008.9 1014.0 1015.9  708 1012.1 1708  8.4  7.4 14.3 -9.0 -9.00 -9.00   -9   10.2   -9.0 -9.00    5.3 2221    1.4 2338   -9.0   -9   -9.0   -9   -9.0   -9 -99.0 -99.0 -99.0 -99.0 -99.0
20260601 261  3.0  2579  14  7.9 1746  11 10.6 1615  21.5  28.5 1342  14.6  448  17.8  25.3  11.2  80.6  59.0 1347  20.5  -9.0  -9.0 -9.00 1012.1 1014.0 1015.9  930 1012.1 2400  8.3  6.6 14.3 -9.0 -9.00 -9.00   -9   11.8   -9.0 -9.00    5.9 2251    1.3 2315   -9.0   -9   -9.0   -9   -9.0   -9 -99.0 -99.0 -99.0 -99.0 -99.0
20260601 262  1.4  1227  18  4.9 1614  20  7.4 1640  21.8  29.5 1456  13.6  233  17.0  24.8  15.7  77.0  43.0 1423  19.5   4.8   3.4 -9.00 1008.2 1014.3 1016.0  753 1012.5 1640  8.3  6.5 14.3 -9.0 20.03  2.55 1100   14.7   -9.0 -9.00    6.8 2229    2.0 2248   -9.0   -9   -9.0   -9   -9.0   -9 -99.0 -99.0 -99.0 -99.0 -99.0
20260601 263  2.0  1701  23  5.4 1330  23  9.4 1614  22.8  31.1 1553  13.9  410  14.5  27.2  11.6  62.4  33.0 1521  16.6   7.3   5.1 -9.00 1012.5 1014.1 1016.4  841 1011.7 1711  7.3  8.7 14.4 -9.0 25.09  3.41 1300    0.2   -9.0 -9.00    1.1 2312    0.6 2356   -9.0   -9   -9.0   -9   -9.0   -9 -99.0 -99.0 -99.0 -99.0 -99.0
20260601 264  1.2  1006  18  3.1 1717  11  7.5 1424  22.4  31.1 1552  12.7  442  12.6  25.3  11.5  57.1  33.0 1228  14.6   6.9   4.9 -9.00  996.5 1014.0 1017.1  749 1010.7 1721  7.6  7.7 14.4 -9.0 25.36  3.77 1100   -9.0   -9.0 -9.00   -9.0   -9   -9.0   -9   -9.0   -9   -9.0   -9   -9.0   -9 -99.0 -99.0 -99.0 -99.0 -99.0
20260601 266  1.2  1014  11  3.4 1855  11  6.7 1748  23.3  29.4 1343  17.8  415  16.5  27.6  13.9  68.3  44.0 1459  18.9   5.8   4.1 -9.00 1004.5 1014.7 1016.7  824 1012.7 1751  7.5  8.4 14.4 -9.0 24.20  3.30 1300    6.8   -9.0 -9.00    4.8 2251    1.1 2302   -9.0   -9   -9.0   -9   -9.0   -9 -99.0 -99.0 -99.0 -99.0 -99.0
20260601 268  1.8  1541  14  5.8 1804  14 10.7 1746  20.6  27.4 1252  13.3  535  17.4  22.8  13.4  83.1  60.0 1353  20.1  -9.0  -9.0 -9.00 1011.3 1012.4 1014.5 1056 1010.6 1810  8.6  5.8 14.3 -9.0 -9.00 -9.00   -9   10.3   -9.0 -9.00    5.1 2251    1.2 2141   -9.0   -9   -9.0   -9   -9.0   -9 -99.0 -99.0 -99.0 -99.0 -99.0
20260601 271  0.9   787  20  2.9 1332  18  5.7 1436  19.7  28.5 1551  11.3  505  12.5  24.5   9.2  67.3  30.0 1404  14.6  -9.0  -9.0 -9.00  977.1 1014.4 1016.8  729 1011.4 1744  7.8  4.9 14.5 -9.0 -9.00 -9.00   -9   -9.0   -9.0 -9.00   -9.0   -9   -9.0   -9   -9.0   -9   -9.0   -9   -9.0   -9 -99.0 -99.0 -99.0 -99.0 -99.0
20260601 272  1.3  1139  29  3.7 1736  32  5.5 1716  21.2  28.5 1529  14.2  506  13.5  26.7  11.7  63.8  41.0 1424  15.5  -9.0  -9.0 -9.00  989.4 1013.7 1016.4  831 1011.1 1742  8.3  5.4 14.5 -9.0 -9.00 -9.00   -9   -9.0   -9.0 -9.00   -9.0   -9   -9.0   -9   -9.0   -9   -9.0   -9   -9.0   -9 -99.0 -99.0 -99.0 -99.0 -99.0
20260601 273  1.1   973  14  3.7 1427  16  7.1 1423  22.4  30.0 1521  14.3  440  14.6  26.4  11.3  63.4  43.0 2128  16.8  -9.0  -9.0 -9.00  993.1 1013.0 1015.7  758 1010.3 1715  7.8  6.7 14.5 -9.0 -9.00 -9.00   -9   -9.0   -9.0 -9.00   -9.0   -9   -9.0   -9   -9.0   -9   -9.0   -9   -9.0   -9 -99.0 -99.0 -99.0 -99.0 -99.0
20260601 276  1.1   932  29  3.5 1153  34  6.6 1210  21.7  30.5 1350  12.1  435  13.3  27.3   8.4  64.5  27.0 1352  15.5   6.2   4.4 -9.00  989.2 1013.2 1015.9  839 1010.4 1637  7.9  6.8 14.5 -9.0 22.61  3.19 1100   -9.0   -9.0 -9.00   -9.0   -9   -9.0   -9   -9.0   -9   -9.0   -9   -9.0   -9 -99.0 -99.0 -99.0 -99.0 -99.0
20260601 277  2.1  1856  29  4.5 1235  27  8.4 1234  23.0  31.3 1315  14.6  457  13.7  30.4  13.1  58.4  26.0 1235  15.9  -9.0  -9.0 -9.00 1008.4 1013.1 1015.0  832 1011.4 1615  7.3  7.9 14.5 -9.0 -9.00 -9.00   -9   -9.0   -9.0 -9.00   -9.0   -9   -9.0   -9   -9.0   -9   -9.0   -9   -9.0   -9 -99.0 -99.0 -99.0 -99.0 -99.0
20260601 278  0.8   653  27  2.4 1424  23  4.7 1620  22.8  31.6 1615  13.6  418  14.3  27.5  10.0  63.8  30.0 1303  16.4  -9.0  -9.0 -9.00 1003.2 1012.6 1015.5  826 1009.7 1740  8.0  6.6 14.5 -9.0 -9.00 -9.00   -9   -9.0   -9.0 -9.00   -9.0   -9   -9.0   -9   -9.0   -9   -9.0   -9   -9.0   -9 -99.0 -99.0 -99.0 -99.0 -99.0
20260601 279  1.2  1068  11  3.7 2300  11  6.4 2255  25.0  31.7 1448  16.7  350  14.0  31.0  13.3  53.0  28.0 1244  16.2   6.4   4.5 -9.00 1007.5 1013.1 1015.9  806 1010.5 1720  7.8  6.5 14.5 -9.0 22.51  3.26 1400   -9.0   -9.0 -9.00   -9.0   -9   -9.0   -9   -9.0   -9   -9.0   -9   -9.0   -9 -99.0 -99.0 -99.0 -99.0 -99.0
20260601 281  1.2  1078  27  3.8 1244  27  7.8 1458  22.8  30.8 1431  13.5  450  14.9  28.7  10.0  63.5  42.0 1040  17.2  -9.0  -9.0 -9.00 1003.1 1014.2 1016.9  752 1011.2 1818  7.3  7.3 14.4 -9.0 -9.00 -9.00   -9   -9.0   -9.0 -9.00   -9.0   -9   -9.0   -9   -9.0   -9   -9.0   -9   -9.0   -9 -99.0 -99.0 -99.0 -99.0 -99.0
20260601 283  2.1  1791  18  4.1 1622  20  6.8 1648  23.1  32.4 1526  13.8  440  15.2  27.5   8.7  63.1  40.0 1528  17.5   6.7   4.7 -9.00 1009.4 1014.0 1016.4  851 1011.4 1542  7.3  7.7 14.4 -9.0 23.75  3.19 1300   -9.0   -9.0 -9.00   -9.0   -9   -9.0   -9   -9.0   -9   -9.0   -9   -9.0   -9 -99.0 -99.0 -99.0 -99.0 -99.0
20260601 284  1.4  1217  14  4.5 1710  16  6.5 1329  22.0  30.4 1414  12.4  516  16.0  27.8   9.4  70.3  47.0 1419  18.4   6.1   4.2 -9.00  986.6 1012.8 1016.0  754 1009.4 1730  6.5  8.8 14.4 -9.0 24.82  3.17 1400   -9.0   -9.0 -9.00   -9.0   -9   -9.0   -9   -9.0   -9   -9.0   -9   -9.0   -9 -99.0 -99.0 -99.0 -99.0 -99.0
20260601 285  1.2  1046  18  2.8 1252  18  5.8 1636  23.0  30.8 1543  13.8  423  16.3  29.2  12.5  68.5  48.0 1508  18.7  -9.0  -9.0 -9.00 1011.0 1014.1 1016.6  745 1011.3 1712  6.3  8.8 14.4 -9.0 -9.00 -9.00   -9   -9.0   -9.0 -9.00   -9.0   -9   -9.0   -9   -9.0   -9   -9.0   -9   -9.0   -9 -99.0 -99.0 -99.0 -99.0 -99.0
20260601 288  1.5  1304  18  4.4 1925  20  7.7 1923  23.8  31.9 1601  15.7  408  15.7  26.8  15.5  62.5  43.0 1521  17.9   6.4   4.5 -9.00 1011.9 1012.9 1015.1  730 1010.1 1544  8.1  8.2 14.4 -9.0 23.84  3.32 1300   -9.0   -9.0 -9.00   -9.0   -9   -9.0   -9   -9.0   -9   -9.0   -9   -9.0   -9 -99.0 -99.0 -99.0 -99.0 -99.0
20260601 289  1.6  1384   5  4.6 1956  11  9.0 1928  22.1  30.3 1519  13.6  509  16.1  28.8  10.8  71.1  49.0 1456  18.4  -9.0  -9.0 -9.00  998.8 1014.8 1017.6  730 1011.8 1659  6.9  8.0 14.4 -9.0 -9.00 -9.00   -9    0.0   -9.0 -9.00    0.0   -9    0.0   -9   -9.0   -9   -9.0   -9   -9.0   -9 -99.0 -99.0 -99.0 -99.0 -99.0
20260601 294  1.2  1006  18  4.4 1858  20  7.6 1836  22.5  28.6 1300  17.0  401  16.3  30.3  12.4  69.5  50.0 1447  18.8  -9.0  -9.0 -9.00 1009.8 1015.0 1017.1  926 1013.4 1643  8.1  7.9 14.4 -9.0 -9.00 -9.00   -9    6.3   -9.0 -9.00    2.8 2122    1.1 2121   -9.0   -9   -9.0   -9   -9.0   -9 -99.0 -99.0 -99.0 -99.0 -99.0
20260601 295  1.1   920  20  3.2 1826  20  5.9 1816  22.2  28.7 1334  17.6  347  16.6  27.5  12.5  72.0  44.0 1651  19.1  -9.0  -9.0 -9.00 1009.2 1014.5 1016.5  844 1012.8 1723  7.9  7.1 14.3 -9.0 -9.00 -9.00   -9    8.0   -9.0 -9.00    4.3 2246    1.2 2329   -9.0   -9   -9.0   -9   -9.0   -9 -99.0 -99.0 -99.0 -99.0 -99.0
20260601 296  1.9  1626  16  5.8 1322  18  9.3 1414  23.3  30.0 1411  15.5  421  17.3  24.5  10.1  71.5  46.0  929  20.0   6.6   4.6 -9.00 1013.3 1013.7 1015.4  729 1011.7 1534  8.5  9.2 14.4 -9.0 25.58  3.69 1200    0.0   -9.0  0.60    0.0   -9    0.0   -9   -9.0   -9   -9.0   -9   -9.0   -9 -99.0 -99.0 -99.0 -99.0 -99.0
20260602  90  1.7  1508  14  4.8 1221  14  7.5 1348  21.1  28.9 1229  16.9  300  15.4  27.5  12.5  71.6  30.0 1233  17.8   7.6   5.3 -9.00 1004.5 1006.5 1011.4    5 1003.0 2359  1.9 13.5 14.7 -9.0 29.56  3.41 1200   -9.0   -9.0 -9.00   -9.0   -9   -9.0   -9   -9.0   -9   -9.0   -9   -9.0   -9 -99.0 -99.0 -99.0 -99.0 -99.0
20260602  93  0.7   632  23  2.5 1640  20  4.6 1358  23.3  32.5 1613  13.7  523  15.7  30.8  11.9  67.6  25.0 1532  17.9   8.1   5.7 -9.00  996.2 1007.2 1013.8   18 1002.8 1842  1.8 12.7 14.6 -9.0 29.61  3.43 1300   -9.0   -9.0 -9.00   -9.0   -9   -9.0   -9   -9.0   -9   -9.0   -9   -9.0   -9  22.6  20.7  17.8  14.0  12.6
20260602  95  1.2   999  34  3.5 1534  34  6.5 1656  22.1  30.4 1519  12.6  516  14.9  27.3   9.3  67.5  42.0 1551  17.1   8.3   5.8 -9.00  989.7 1007.5 1014.1    1 1003.5 1829  0.0 13.1 14.7 -9.0 30.25  3.59 1200   -9.0   -9.0 -9.00   -9.0   -9   -9.0   -9   -9.0   -9   -9.0   -9   -9.0   -9 -99.0 -99.0 -99.0 -99.0 -99.0
20260602  98  0.6   520   2  1.4 1254  36  3.6 1551  23.1  31.6 1444  12.8  518  14.1  29.6  10.1  59.6  37.0 1417  16.3   7.8   5.5 -9.00  993.5 1006.7 1013.3    1 1003.0 1834  0.1 12.0 14.6 -9.0 28.72  3.52 1200   -9.0   -9.0 -9.00   -9.0   -9   -9.0   -9   -9.0   -9   -9.0   -9   -9.0   -9 -99.0 -99.0 -99.0 -99.0 -99.0
20260602  99  1.0   850   7  2.5  634   7  6.6  656  22.1  30.5 1610  12.1  239  15.7  25.6   8.6  70.8  45.0 1521  18.0   7.6   5.3 -9.00 1004.0 1007.5 1013.8    7 1003.8 1835  0.6 12.5 14.6 -9.0 28.94  3.51 1200   -9.0   -9.0 -9.00   -9.0   -9   -9.0   -9   -9.0   -9   -9.0   -9   -9.0   -9 -99.0 -99.0 -99.0 -99.0 -99.0
20260602 100  1.2  1030   9  3.3 1508   9  6.2 1440  18.9  26.8 1359  10.3  504  13.0  23.6   6.3  72.4  37.0 1137  15.2   6.7   4.7 -9.00  921.4 1007.3 1014.4  114 1002.9 1707  5.6 11.8 14.6 -9.0 25.71  3.11 1100   -9.0   -9.0 -9.00   -9.0   -9   -9.0   -9   -9.0   -9   -9.0   -9   -9.0   -9 -99.0 -99.0 -99.0 -99.0 -99.0
20260602 101  1.5  1314  32  3.3  343  32  5.0  424  23.3  32.3 1513  14.5  517  15.1  29.5  10.5  64.6  33.0 1515  17.3   8.2   5.7 -9.00  997.5 1006.1 1012.9    8 1001.7 1849  1.8 12.6 14.6 -9.0 28.89  3.40 1300   -9.0   -9.0 -9.00   -9.0   -9   -9.0   -9   -9.0   -9   -9.0   -9   -9.0   -9  21.8  18.5  16.5  14.5  15.1
20260602 102  2.0  1738  32  3.1 1704  36  7.5 1322  19.3  25.0 1449  15.3  120  15.9  25.0  12.6  81.8  65.0 1450  18.1   2.5   1.7  2.17   -9.0   -9.0   -9.0   -9   -9.0   -9  4.0  6.7 14.6 -9.0 22.47  3.25 1300   -9.0   -9.0 -9.00   -9.0   -9   -9.0   -9   -9.0   -9   -9.0   -9   -9.0   -9 -99.0 -99.0 -99.0 -99.0 -99.0
20260602 104  1.2  1033   9  3.2 1312  11  7.5 1444  23.5  29.1 1158  18.4  453  16.2  28.0  11.7  65.9  41.0  118  18.9   6.7   4.7 -9.00  996.7 1005.3 1010.4    1 1002.3 1858  5.3 13.3 14.6 -9.0 26.04  3.07 1200   -9.0   -9.0 -9.00   -9.0   -9   -9.0   -9   -9.0   -9   -9.0   -9   -9.0   -9  22.0  18.9  16.7  13.4  13.1
20260602 105  1.5  1283  11  3.4 1357   9  6.6 1445  25.4  30.6 1404  20.3  527  14.5  30.9  13.8  52.1  35.0  117  16.8   6.7   4.7 -9.00 1003.0 1006.1 1011.3   14 1002.9 2358  5.5 11.9 14.6 -9.0 23.79  2.90 1200   -9.0   -9.0 -9.00   -9.0   -9   -9.0   -9   -9.0   -9   -9.0   -9   -9.0   -9  22.7  19.6  18.1  15.0  14.5
20260602 106  1.7  1489  14  5.3 1629  14  8.2 1621  23.0  27.6 1600  19.1  406  15.6  29.3  13.4  64.3  43.0  256  18.0   5.4   3.8 -9.00 1002.2 1006.9 1011.8    1 1003.8 2358  6.4  9.0 14.6 -9.0 20.84  2.55 1200   -9.0   -9.0 -9.00   -9.0   -9   -9.0   -9   -9.0   -9   -9.0   -9   -9.0   -9 -99.0 -99.0 -99.0 -99.0 -99.0
20260602 108  1.7  1497  25  3.7 1949  27  5.7 1945  25.4  31.8 1635  17.7  538  14.9  26.7  14.5  53.0  36.0 1607  17.1   7.2   5.0 -9.00  996.9 1006.6 1012.9    1 1003.1 1800  0.8  9.3 14.6 -9.0 24.20  3.52 1100   -9.0   -9.0 -9.00   -9.0   -9   -9.0   -9   -9.0   -9   -9.0   -9   -9.0   -9  21.7  19.2  18.0  14.6  13.6
20260602 112  2.1  1833  29  3.9 1347  32  7.2 1429  24.1  30.2 1605  18.1  533  17.0  26.4  13.4  66.5  49.0 1543  19.4   7.9   5.5 -9.00  998.8 1006.7 1012.6    1 1003.6 1809  0.5 12.9 14.6 -9.0 28.71  3.44 1200   -9.0   -9.0 -9.00   -9.0   -9   -9.0   -9   -9.0   -9   -9.0   -9   -9.0   -9  20.7  19.0  13.7  16.3  13.5
20260602 114  1.3  1132  32  3.2 1333  25  5.3 1533  23.6  30.6 1543  16.7  526  16.4  27.6  14.1  65.5  44.0 1217  18.8   6.2   4.3 -9.00  989.7 1006.8 1012.8    9 1003.4 1742  5.1  8.6 14.6 -9.0 22.48  3.15 1300   -9.0   -9.0 -9.00   -9.0   -9   -9.0   -9   -9.0   -9   -9.0   -9   -9.0   -9 -99.0 -99.0 -99.0 -99.0 -99.0
20260602 115  4.6  3985  23  8.7    7  23 15.2    7  20.9  22.5 1309  19.6 2031  18.2  21.8  16.3  84.9  75.0  159  20.9   2.8   2.0 -9.00  983.2 1008.5 1012.3    1 1004.1 2359  7.9  0.4 14.6 -9.0  7.54  1.00 1400   -9.0   -9.0 -9.00   -9.0   -9   -9.0   -9   -9.0   -9   -9.0   -9   -9.0   -9  19.4  16.2  15.3  12.4  13.1
20260602 119  1.8  1518  16  3.8 1310  23  6.7 1333  24.3  30.6 1440  16.7  320  14.5  31.0  14.3  55.9  38.0 1110  16.5   8.3   5.8 -9.00 1001.9 1006.4 1012.5    1 1003.4 1723  3.8 10.3 14.6 -9.0 26.67  3.46 1200   -9.0   -9.0 -9.00   -9.0   -9   -9.0   -9   -9.0   -9   -9.0   -9   -9.0   -9  21.6  18.7  16.4  12.9  12.6
20260602 121  1.3  1119  11  5.7 1443  11  8.4 1440  21.2  30.5 1303  14.6  539  15.1  26.8  12.9  70.6  46.0 1304  17.3   5.7   4.0 -9.00  980.4 1007.9 1013.7    1 1004.1 1823  6.8  7.0 14.6 -9.0 19.95  2.58 1200   -9.0   -9.0 -9.00   -9.0   -9   -9.0   -9   -9.0   -9   -9.0   -9   -9.0   -9 -99.0 -99.0 -99.0 -99.0 -99.0
20260602 127  1.1   912  16  4.1 1455  14  7.0 1501  22.3  28.9 1250  17.7  420  15.4  23.3  16.6  66.6  45.0 1152  17.6   5.3   3.7 -9.00  993.3 1006.5 1011.9   17 1003.5 1805  5.9  3.2 14.6 -9.0 16.87  2.69 1200   -9.0   -9.0 -9.00   -9.0   -9   -9.0   -9   -9.0   -9   -9.0   -9   -9.0   -9 -99.0 -99.0 -99.0 -99.0 -99.0
20260602 129  1.6  1340  25  3.6 1548  25  5.0 1547  23.9  30.1 1403  19.0  554  14.2  27.1  16.4  55.8  40.0 1007  16.2   7.2   5.1 -9.00 1003.9 1006.8 1012.8    1 1004.0 1753  4.8  7.6 14.5 -9.0 22.94  3.49 1200   -9.0   -9.0 -9.00   -9.0   -9   -9.0   -9   -9.0   -9   -9.0   -9   -9.0   -9  21.3  18.7  18.6  13.9  14.8
20260602 130  1.5  1300  16  3.4  940  20  7.7 1550  21.2  26.2 1623  18.2 2358  17.3  24.5  15.3  79.0  56.0 1623  19.7  -9.0  -9.0 -9.00 1002.0 1007.7 1012.0    1 1004.5 2359  7.5  3.1 14.6 -9.0 -9.00 -9.00   -9   -9.0   -9.0 -9.00   -9.0   -9   -9.0   -9   -9.0   -9   -9.0   -9   -9.0   -9 -99.0 -99.0 -99.0 -99.0 -99.0
20260602 131  1.7  1451  11  3.9 1528  23  6.8 1348  24.8  29.2 1529  20.9  627  15.5  26.6  19.2  56.8  44.0 1548  17.7   6.6   4.6 -9.00  999.7 1006.3 1011.9    1 1003.5 2354  6.0  5.2 14.5 -9.0 20.44  3.12 1200   -9.0   -9.0 -9.00   -9.0   -9   -9.0   -9   -9.0   -9   -9.0   -9   -9.0   -9 -99.0 -99.0 -99.0 -99.0 -99.0
20260602 133  1.7  1445  11  4.5 1648   9  7.1 1715  23.6  29.1 1505  20.0  522  17.0  26.6  18.2  67.4  52.0 1527  19.5   5.9   4.1 -9.00  999.0 1006.8 1012.2    1 1003.9 2355  6.3  5.5 14.5 -9.0 19.07  2.83 1400   -9.0   -9.0 -9.00   -9.0   -9   -9.0   -9   -9.0   -9   -9.0   -9   -9.0   -9  23.6  21.4  18.8  15.6  15.6
20260602 135  0.8   657   9  3.8 1524  14  6.7 1436  20.2  24.2 1414  16.1 2337  16.6  23.2  14.6  80.3  67.0 1806  18.9   3.1   2.2 -9.00  979.0 1007.1 1012.4   10 1004.3 2356  6.8  1.2 14.5 -9.0  9.31  1.69 1300    0.0   -9.0 -9.00    0.0   -9    0.0   -9   -9.0   -9   -9.0   -9   -9.0   -9 -99.0 -99.0 -99.0 -99.0 -99.0
20260602 136  0.7   624  14  3.9 1617  11  6.8 1558  21.8  26.2 1522  17.8 2317  17.2  26.2  15.8  75.9  58.0 1617  19.6   3.1   2.2 -9.00  992.0 1008.2 1012.9   14 1005.0 2357  7.0  0.9 14.5 -9.0 10.50  2.11 1400   -9.0   -9.0 -9.00   -9.0   -9   -9.0   -9   -9.0   -9   -9.0   -9   -9.0   -9 -99.0 -99.0 -99.0 -99.0 -99.0
20260602 137  0.4   380   5  1.7 1429   2  3.4 1428  21.4  26.1 1712  18.2 2359  17.5  24.4  15.5  79.1  66.0 1714  20.0   2.7   1.9 -9.00  995.4 1006.6 1011.4    1 1003.2 2356  7.1  0.4 14.5 -9.0  8.85  1.27 1400   -9.0   -9.0 -9.00   -9.0   -9   -9.0   -9   -9.0   -9   -9.0   -9   -9.0   -9 -99.0 -99.0 -99.0 -99.0 -99.0
20260602 138  2.1  1778  20  4.4  548  23  6.6  549  21.6  24.0    1  20.2 2357  18.2  22.3  19.2  82.1  57.0  218  21.0   1.9   1.4 -9.00 1006.8 1007.3 1012.1    1 1003.4 2400  9.0  0.0 14.5 -9.0  3.08  0.45 1600    6.8    6.7  9.83    1.9 1331    0.4 1150   -9.0   -9   -9.0   -9   -9.0   -9  21.5  18.4  17.2  15.4  15.7
20260602 140  1.4  1181  29  3.8 1750  32  5.5 1634  23.2  29.4 1551  19.9 2349  17.8  25.7  16.4  72.6  57.0 1311  20.4  -9.0  -9.0 -9.00 1004.1 1007.3 1012.9    1 1004.5 2326  6.5  4.1 14.5 -9.0 -9.00 -9.00   -9   -9.0   -9.0 -9.00   -9.0   -9   -9.0   -9   -9.0   -9   -9.0   -9   -9.0   -9 -99.0 -99.0 -99.0 -99.0 -99.0
20260602 143  1.5  1335  11  3.0  946  14  4.6  911  21.2  23.9    1  19.5 2356  18.3  23.0  17.2  84.3  62.0    1  21.0   2.2   1.5 -9.00 1000.8 1007.0 1012.4    1 1003.5 2357  7.8  0.5 14.5 -9.0  6.14  1.15 1600    7.6   -9.0  7.67    2.2 1237    0.6 1433   -9.0   -9   -9.0   -9   -9.0   -9 -99.0 -99.0 -99.0 -99.0 -99.0
20260602 146  1.4  1218   9  3.4 1519   9  5.8 1511  24.1  29.6 1608  21.0 2346  18.0  26.9  17.3  69.4  51.0 1536  20.6   4.3   3.0 -9.00  999.4 1006.3 1012.1    1 1003.7 1735  6.9  2.7 14.5 -9.0 13.01  2.67 1300    0.0   -9.0  0.07    0.0   -9    0.0   -9   -9.0   -9   -9.0   -9   -9.0   -9 -99.0 -99.0 -99.0 -99.0 -99.0
20260602 152  1.7  1462  23  4.3  231  36  7.6 1859  20.2  21.9   16  19.3 2047  18.7  22.2  19.0  91.3  68.0    1  21.5   1.7   1.2 -9.00  997.8 1007.2 1012.4    1 1002.6 2359  9.6  0.0 14.4 -9.0  3.74  0.66 1300   14.0   -9.0 14.42    2.4 1158    0.5  534   -9.0   -9   -9.0   -9   -9.0   -9 -99.0 -99.0 -99.0 -99.0 -99.0
20260602 155  1.5  1333   5  3.3 1522  18  6.4 1235  21.1  23.0 1907  19.5  327  19.3  22.6  18.9  90.1  76.0 1907  22.3   2.2   1.5 -9.00 1003.0 1007.0 1013.2    1 1002.8 2355  7.9  0.0 14.4 -9.0  5.31  0.86 1400   29.1   -9.0 16.25    4.4  832    1.0  911   -9.0   -9   -9.0   -9   -9.0   -9 -99.0 -99.0 -99.0 -99.0 -99.0
20260602 156  1.6  1370   5  4.1   25  14  6.6 1451  21.8  26.3 1620  19.8   30  19.7  24.7  16.1  88.5  71.0 1724  23.0   3.2   2.3 -9.00  997.3 1005.4 1011.6    1 1002.8 1805  6.8  3.3 14.4 -9.0 10.25  2.01 1400   14.3   -9.0 13.67    3.5  628    1.1  630   -9.0   -9   -9.0   -9   -9.0   -9 -99.0 -99.0 -99.0 -99.0 -99.0
20260602 159  2.4  2053   7  4.5 1819   5  9.0 1923  20.6  21.2 1650  20.1  225  19.0  21.3  18.0  91.0  81.0    6  22.0   2.2   1.6 -9.00  998.6 1006.6 1012.9    3 1002.2 2355  9.3  0.0 14.4 -9.0  4.67  0.57 1200   21.9    8.3 17.15    4.3  449    1.0  523   -9.0   -9   -9.0   -9   -9.0   -9  22.7  20.1  19.0  15.8  16.8
20260602 162  2.0  1698   5  4.8 1653   2  8.5 1650  20.4  21.8 1831  19.5  245  19.0  22.5  18.4  92.0  81.0 1851  22.0   2.2   1.5 -9.00 1002.5 1006.1 1012.4    7 1001.9 2353  9.0  0.3 14.4 -9.0  5.43  1.05 1400   44.1   -9.0 -9.00    5.5  425    1.3  841   -9.0   -9   -9.0   -9   -9.0   -9 -99.0 -99.0 -99.0 -99.0 -99.0
20260602 165  2.2  1889  14  5.8  750  14  8.4  750  21.2  24.5 1725  19.7  428  19.9  23.4  18.1  93.1  74.0 1822  23.2   2.7   1.9 -9.00 1001.5 1006.6 1012.3    1 1004.2 1821  7.0  1.2 14.4 -9.0  9.34  1.56 1400   23.8    6.3 12.52    6.7  701    1.4  711   -9.0   -9   -9.0   -9   -9.0   -9  22.5  20.3  18.0  15.9  14.8
20260602 168  4.3  3734   5  9.6 1814   9 14.1 1450  21.0  22.7 1732  19.5    5  18.5  21.8  19.7  86.8  71.0 2037  21.3   3.2   2.2 -9.00  999.2 1006.8 1013.0    1 1002.9 2351  7.5  1.9 14.3 -9.0  8.22  1.51 1600   74.7   27.6 14.23   11.2  516    3.0  543   -9.0   -9   -9.0   -9   -9.0   -9  23.4  20.4  18.2  16.1  16.5
20260602 169  3.8  3303   7  6.2  338   9  8.9  334  19.6  23.7 1457  17.7  848  18.4  23.7  18.5  93.3  79.0 1502  21.1   3.1   2.2 14.42  997.9 1006.6 1012.0    1 1004.7 1650  8.9  2.5 14.3 -9.0 12.40  2.88 1400   30.0   -9.0 10.97    7.7  313    2.2  331   -9.0   -9   -9.0   -9   -9.0   -9 -99.0 -99.0 -99.0 -99.0 -99.0
20260602 170  2.9  2541  14  6.8 1058  14 10.5 1005  20.9  23.0 1751  19.8    1  19.5  21.5  17.7  92.3  81.0 1751  22.6   2.0   1.4 -9.00 1002.6 1006.7 1012.2    1 1004.0 1752  7.3  0.2 14.3 -9.0  5.65  0.80 1300  120.6   -9.0 -9.00   23.0  633    6.5  655   -9.0   -9   -9.0   -9   -9.0   -9 -99.0 -99.0 -99.0 -99.0 -99.0
20260602 172  1.9  1684  11  5.0  716  29  7.1 1752  22.4  26.7 1650  19.3 2356  19.6  22.9  16.8  85.6  62.0 1536  22.9   3.9   2.7 -9.00 1000.1 1006.2 1012.0    1 1003.8 1740  6.9  3.8 14.4 -9.0 12.94  2.23 1300    0.7   -9.0 -9.00    0.6 1105    0.3 1126   -9.0   -9   -9.0   -9   -9.0   -9 -99.0 -99.0 -99.0 -99.0 -99.0
20260602 174  1.0   897  16  3.0 1019  16  5.9 1010  19.7  24.6 1710  17.3 2359  18.1  20.8  16.7  91.4  66.0 1819  20.7  -9.0  -9.0 -9.00  986.5 1005.5 1011.6    1 1002.2 2341  7.3  2.9 14.4 -9.0 -9.00 -9.00   -9   47.8   -9.0 -9.00    7.7  659    1.7  659   -9.0   -9   -9.0   -9   -9.0   -9 -99.0 -99.0 -99.0 -99.0 -99.0
20260602 177  1.3  1158  36  2.8 1533   7  4.3 1501  24.3  31.3 1651  19.1  519  17.2  29.5  17.3  66.3  43.0 1648  19.6   6.7   4.7 -9.00 1002.2 1005.4 1011.4    1 1002.4 1752  6.1  6.9 14.5 -9.0 22.40  3.29 1300   -9.0   -9.0 -9.00   -9.0   -9   -9.0   -9   -9.0   -9   -9.0   -9   -9.0   -9 -99.0 -99.0 -99.0 -99.0 -99.0
20260602 181  1.8  1528  16  4.6 1801  16  6.7 1756  23.0  28.8 1517  18.6  525  17.0  23.8  15.9  70.3  50.0 1613  19.4   6.1   4.3 -9.00 1003.1 1007.0 1012.5    1 1004.2 2354  5.8  6.1 14.5 -9.0 20.35  2.98 1200   -9.0   -9.0 -9.00   -9.0   -9   -9.0   -9   -9.0   -9   -9.0   -9   -9.0   -9 -99.0 -99.0 -99.0 -99.0 -99.0
20260602 184  3.2  2756   5  6.0    1  11 10.7 1242  21.4  24.6 1528  20.3 2400  18.3  23.2  19.6  83.3  66.0 1519  21.1   2.7   1.9 -9.00 1003.3 1005.7 1010.4    9 1003.7 1545  9.6  0.7 14.2 -9.0  8.39  2.20 1500   66.5   17.0 13.70   16.5  407    7.6  422   -9.0   -9   -9.0   -9   -9.0   -9  22.8  21.8  20.8  18.1  16.5
20260602 185  4.0  3491  23  8.3 1549   7 12.3 1731  21.7  26.9 1432  19.2 2358  19.3  23.7  19.6  86.9  63.0 1645  22.4   3.9   2.8 -9.00  996.2 1004.4 1010.1   16 1001.5 1642  9.9  0.9 14.2 -9.0 13.76  2.74 1300    0.7   -9.0 -9.00    0.3  830    0.2   -9   -9.0   -9   -9.0   -9   -9.0   -9 -99.0 -99.0 -99.0 -99.0 -99.0
20260602 188  4.0  3472   5  7.9 1026   5 14.6 1154  21.4  25.5 1427  20.4  357  19.4  21.7  19.3  89.0  70.0 1430  22.5  -9.0  -9.0 -9.00 1003.6 1005.9 1011.8    1 1003.6 1603  9.5  2.2 14.2 -9.0 -9.00 -9.00   -9   84.6   -9.0 -9.00   23.5  339    6.9  428   -9.0   -9   -9.0   -9   -9.0   -9 -99.0 -99.0 -99.0 -99.0 -99.0
20260602 189  3.5  3055   5  6.2 1434   9 12.9 1332  22.6  25.6 1724  21.0    1  19.1  23.3  20.5  81.5  62.0 1617  22.2   4.0   2.8 -9.00  999.5 1005.4 1011.4    1 1002.2 1657  9.5  2.3 14.2 -9.0 12.79  2.58 1400   21.9    2.3 13.00    7.7  303    6.0  317   -9.0   -9   -9.0   -9   -9.0   -9 -99.0 -99.0 -99.0 -99.0 -99.0
20260602 192  0.6   518  34  1.9 1517   5  4.8 1641  19.9  23.6 1622  17.7 2355  18.7  22.4  16.7  93.8  77.0 1630  21.6   2.3   1.6 -9.00 1003.8 1007.2 1013.4    1 1003.3 2355  7.9  1.5 14.4 -9.0  6.97  1.62 1500   33.4    6.2 -9.00    5.5  705    1.2  730   -9.0   -9   -9.0   -9   -9.0   -9 -99.0 -99.0 -99.0 -99.0 -99.0
20260602 201  1.7  1499  32  4.9 2207  32  7.7 2204  22.7  29.3 1458  12.9  106  15.1  26.2   7.3  64.5  42.0 1122  17.4  -9.0  -9.0 -9.00 1002.1 1007.6 1013.6    9 1004.4 1834  0.1 12.6 14.6 -9.0 -9.00 -9.00   -9   -9.0   -9.0 -9.00   -9.0   -9   -9.0   -9   -9.0   -9   -9.0   -9   -9.0   -9 -99.0 -99.0 -99.0 -99.0 -99.0
20260602 202  1.3  1118  16  3.8 1900  16  5.7 1902  23.5  30.0 1432  16.3  523  16.1  31.4  13.9  65.5  43.0 1433  18.3  -9.0  -9.0 -9.00 1001.7 1007.1 1013.1   12 1003.7 1848  3.9 11.1 14.6 -9.0 -9.00 -9.00   -9   -9.0   -9.0 -9.00   -9.0   -9   -9.0   -9   -9.0   -9   -9.0   -9   -9.0   -9 -99.0 -99.0 -99.0 -99.0 -99.0
20260602 203  1.0   859  16  3.2 1730  11  5.6 1642  23.7  31.1 1558  16.4  502  17.5  29.1  15.0  70.6  45.0 1202  20.0  -9.0  -9.0 -9.00  998.3 1007.5 1013.3    1 1004.2 1845  4.5  8.2 14.6 -9.0 -9.00 -9.00   -9   -9.0   -9.0 -9.00   -9.0   -9   -9.0   -9   -9.0   -9   -9.0   -9   -9.0   -9 -99.0 -99.0 -99.0 -99.0 -99.0
20260602 211  1.0   893  23  2.7 1557  23  5.0 1551  21.7  31.8 1610  12.3  424  13.6  27.8   7.5  64.9  31.0 1555  15.6  -9.0  -9.0 -9.00  983.9 1007.0 1014.2    1 1002.1 1746  1.8 10.6 14.7 -9.0 -9.00 -9.00   -9   -9.0   -9.0 -9.00   -9.0   -9   -9.0   -9   -9.0   -9   -9.0   -9   -9.0   -9 -99.0 -99.0 -99.0 -99.0 -99.0
20260602 212  0.8   715  29  2.8 1512  29  5.3 1512  23.0  31.7 1454  14.1  515  15.4  29.0  12.7  66.1  38.0 1503  17.6  -9.0  -9.0 -9.00  991.4 1007.4 1014.1    3 1003.3 1747  3.0 11.3 14.6 -9.0 -9.00 -9.00   -9   -9.0   -9.0 -9.00   -9.0   -9   -9.0   -9   -9.0   -9   -9.0   -9   -9.0   -9 -99.0 -99.0 -99.0 -99.0 -99.0
20260602 216  1.1   985  16  3.7 1330  18  7.7 1328  19.1  24.9 1250  14.0  505  13.3  22.4  13.3  70.5  55.0 1038  15.4   4.6   3.2 -9.00  928.1 1007.8 1014.4    1 1004.2 1751  6.8  3.4 14.6 -9.0 16.84  2.24 1500   -9.0   -9.0 -9.00   -9.0   -9   -9.0   -9   -9.0   -9   -9.0   -9   -9.0   -9 -99.0 -99.0 -99.0 -99.0 -99.0
20260602 217  1.1   942  20  4.8 1459  20  7.7 1450  20.5  30.7 1414  12.8  508  13.9  27.0  12.9  68.3  38.0 1305  16.1  -9.0  -9.0 -9.00  972.4 1008.0 1014.4   38 1003.8 1834  6.8  8.5 14.6 -9.0 -9.00 -9.00   -9   -9.0   -9.0 -9.00   -9.0   -9   -9.0   -9   -9.0   -9   -9.0   -9   -9.0   -9 -99.0 -99.0 -99.0 -99.0 -99.0
20260602 221  1.2  1028  20  3.3 1501  16  5.6 1433  20.8  26.9 1322  15.2  352  14.7  25.0  13.4  70.1  47.0 1129  16.9  -9.0  -9.0 -9.00  977.3 1007.5 1013.2    1 1004.1 1828  6.0  6.8 14.6 -9.0 -9.00 -9.00   -9   -9.0   -9.0 -9.00   -9.0   -9   -9.0   -9   -9.0   -9   -9.0   -9   -9.0   -9 -99.0 -99.0 -99.0 -99.0 -99.0
20260602 226  1.2  1036  14  4.0 1136  14  7.1 1130  21.0  25.4 1421  17.6  524  17.0  23.3  14.3  79.3  62.0 1652  19.5  -9.0  -9.0 -9.00  987.6 1007.2 1012.5    1 1004.4 2358  6.8  3.6 14.5 -9.0 -9.00 -9.00   -9   -9.0   -9.0 -9.00   -9.0   -9   -9.0   -9   -9.0   -9   -9.0   -9   -9.0   -9 -99.0 -99.0 -99.0 -99.0 -99.0
20260602 232  1.1   964   9  3.8 1649   9  6.8 1217  22.7  28.3 1341  17.5  502  17.4  25.3  16.3  74.0  52.0 1714  19.9  -9.0  -9.0 -9.00  997.7 1007.4 1013.2    1 1004.7 1744  5.8  5.3 14.5 -9.0 -9.00 -9.00   -9   -9.0   -9.0 -9.00   -9.0   -9   -9.0   -9   -9.0   -9   -9.0   -9   -9.0   -9 -99.0 -99.0 -99.0 -99.0 -99.0
20260602 235  1.1   991   5  2.7  728  25  4.3 1631  23.3  30.9 1524  19.3 2357  16.5  25.6  16.8  66.9  48.0 1528  18.9   5.2   3.6 -9.00 1005.0 1006.1 1011.8   10 1003.7 1907  5.3  4.3 14.5 -9.0 17.78  2.70 1200   -9.0   -9.0 -9.00   -9.0   -9   -9.0   -9   -9.0   -9   -9.0   -9   -9.0   -9 -99.0 -99.0 -99.0 -99.0 -99.0
20260602 236  0.9   809  36  2.7  227   9  4.6 1817  23.3  29.1 1643  18.9  539  17.7  26.9  17.1  71.9  54.0 1648  20.3  -9.0  -9.0 -9.00 1005.2 1006.8 1012.6    8 1004.1 2355  6.0  3.6 14.5 -9.0 -9.00 -9.00   -9   -9.0   -9.0 -9.00   -9.0   -9   -9.0   -9   -9.0   -9   -9.0   -9   -9.0   -9 -99.0 -99.0 -99.0 -99.0 -99.0
20260602 238  1.0   838   9  3.0 1521   9  5.5 1526  21.8  28.0 1511  18.0 2351  17.3  25.8  13.8  77.3  51.0 1537  19.7  -9.0  -9.0 -9.00  986.9 1006.3 1012.0    1 1003.8 1734  6.9  3.0 14.5 -9.0 -9.00 -9.00   -9   -9.0   -9.0 -9.00   -9.0   -9   -9.0   -9   -9.0   -9   -9.0   -9   -9.0   -9 -99.0 -99.0 -99.0 -99.0 -99.0
20260602 239  1.3  1086  14  3.3 1702  16  6.6 1702  23.0  28.9 1539  18.8  519  16.6  26.4  17.5  68.0  50.0 1648  18.9   5.8   4.1 -9.00  996.0 1006.2 1011.9    1 1003.6 1737  6.4  6.1 14.5 -9.0 20.25  2.94 1300   -9.0   -9.0 -9.00   -9.0   -9   -9.0   -9   -9.0   -9   -9.0   -9   -9.0   -9 -99.0 -99.0 -99.0 -99.0 -99.0
20260602 243  1.3  1148  14  3.1 1408  29  5.7 1856  23.3  28.4 1602  20.1 2356  17.9  26.2  16.2  72.6  52.0 1555  20.6  -9.0  -9.0 -9.00 1005.4 1006.8 1012.3   10 1004.1 2318  6.6  3.7 14.4 -9.0 -9.00 -9.00   -9   -9.0   -9.0 -9.00   -9.0   -9   -9.0   -9   -9.0   -9   -9.0   -9   -9.0   -9 -99.0 -99.0 -99.0 -99.0 -99.0
20260602 244  1.0   902  20  3.3 1626  20  6.9 1401  20.7  25.5 1612  17.0 2350  17.7  22.8  14.0  83.8  64.0 1551  20.2  -9.0  -9.0 -9.00  978.3 1006.5 1012.3    1 1003.8 2001  6.9  2.8 14.4 -9.0 -9.00 -9.00   -9    0.6   -9.0 -9.00    0.3  831    0.2   -9   -9.0   -9   -9.0   -9   -9.0   -9 -99.0 -99.0 -99.0 -99.0 -99.0
20260602 245  1.6  1402  11  3.7 1052  14  6.8 1046  23.4  28.6 1743  19.9 2358  18.3  25.8  16.4  74.0  55.0 1634  21.1   3.8   2.7 -9.00  998.6 1006.5 1012.1    1 1003.8 1808  6.8  3.5 14.4 -9.0 12.22  2.08 1500    0.0   -9.0 -9.00    0.0   -9    0.0   -9   -9.0   -9   -9.0   -9   -9.0   -9 -99.0 -99.0 -99.0 -99.0 -99.0
20260602 247  1.7  1444   7  5.1 1711   7  8.4 1708  20.8  24.7 1701  18.5 2344  18.8  23.1  17.3  89.8  69.0 1738  21.8  -9.0  -9.0 -9.00  991.2 1006.6 1012.5    3 1003.5 2005  7.1  3.2 14.4 -9.0 -9.00 -9.00   -9   12.1   -9.0 -9.00    3.5  114    1.2  142   -9.0   -9   -9.0   -9   -9.0   -9 -99.0 -99.0 -99.0 -99.0 -99.0
20260602 248  0.9   807  34  3.2  836   5  6.1 1609  19.7  23.7 1458  15.3 2342  17.1  22.2  12.5  85.9  68.0 1638  19.5  -9.0  -9.0 -9.00  961.0 1007.2 1012.9    4 1004.6 1846  6.9  1.4 14.4 -9.0 -9.00 -9.00   -9    1.9   -9.0 -9.00    1.2 1238    0.5 1303   -9.0   -9   -9.0   -9   -9.0   -9 -99.0 -99.0 -99.0 -99.0 -99.0
20260602 251 -9.0    -9  20  1.8 1925  20  2.8 1922 -99.0  23.8 1901  18.5 2353 -99.0 -99.0  18.1  -9.0  75.0 1901  -9.0  -9.0  -9.0 -9.00   -9.0   -9.0 1005.3 2112 1004.3 1905  6.5 -9.0 14.4 -9.0 -9.00 -9.00  900   -9.0   -9.0 -9.00   -9.0   -9   -9.0   -9   -9.0   -9   -9.0   -9   -9.0   -9 -99.0 -99.0 -99.0 -99.0 -99.0
20260602 252  1.1   911  36  3.0 1716  11  5.2 1431  21.9  26.3 1645  19.2 2342  18.8  23.9  16.4  83.5  65.0 1505  21.8   3.6   2.5 -9.00 1002.2 1006.5 1012.1    1 1004.0 1827  6.4  2.0 14.4 -9.0 12.36  2.29 1400    0.4   -9.0 -9.00    0.3 1038    0.2 1117   -9.0   -9   -9.0   -9   -9.0   -9 -99.0 -99.0 -99.0 -99.0 -99.0
20260602 253  1.1   917  11  3.8  714  14  6.6  708  20.6  21.5 1632  19.6  357  20.0  22.9  18.8  96.6  86.0  107  23.4   1.7   1.2 -9.00 1001.4 1007.7 1014.1    1 1003.5 2400  9.4  0.0 14.4 -9.0  3.59  0.68 1600   20.1   -9.0 -9.00    3.5 1058    1.0 1123   -9.0   -9   -9.0   -9   -9.0   -9 -99.0 -99.0 -99.0 -99.0 -99.0
20260602 254  1.0   893  14  2.5 1810  14  5.8 1753  21.0  26.4 1710  18.4 2343  17.9  22.7  16.3  83.8  58.0 1753  20.6   2.5   1.8 -9.00  992.2 1007.1 1013.1    1 1004.3 1753  6.4  2.5 14.4 -9.0  8.94  1.54 1400    7.8   -9.0 -9.00    2.1  713    0.6  713   -9.0   -9   -9.0   -9   -9.0   -9 -99.0 -99.0 -99.0 -99.0 -99.0
20260602 255  1.3  1132  32  3.4 2059  32  5.6 2020  21.5  23.2 1903  20.2  303  20.1  21.1  18.5  92.3  82.0 1901  23.5   1.9   1.3 -9.00 1001.0 1006.9 1013.0    1 1002.9 2400  8.6  0.0 14.4 -9.0  3.94  0.62 1300   23.7   -9.0 -9.00    4.2 1032    1.1 1040   -9.0   -9   -9.0   -9   -9.0   -9 -99.0 -99.0 -99.0 -99.0 -99.0
20260602 257  1.6  1399   5  4.1 1453   7  9.2 1406  21.5  22.2  107  20.3  358  20.4  22.3  19.3  93.9  82.0  127  24.0   1.8   1.3 -9.00 1006.4 1007.1 1013.2    3 1002.9 2358  8.5  0.0 14.4 -9.0  4.25  0.67 1600   15.8   -9.0 -9.00    2.4 1212    0.6 1046   -9.0   -9   -9.0   -9   -9.0   -9 -99.0 -99.0 -99.0 -99.0 -99.0
20260602 258  2.5  2153  11  5.8 1449  11  9.1 1441  21.5  25.6 1635  19.5  142  19.6  21.5  17.8  90.0  66.0 1648  22.9   3.2   2.2 -9.00 1007.0 1007.2 1013.3    3 1003.6 2354  7.0  2.3 14.4 -9.0  8.91  1.82 1600   77.2   -9.0 -9.00   14.4  237    4.4  325   -9.0   -9   -9.0   -9   -9.0   -9 -99.0 -99.0 -99.0 -99.0 -99.0
20260602 259  1.5  1321   9  3.5 1307  11  8.2 1010  21.2  25.0 1724  19.5  156  19.8  21.7  17.8  92.3  72.0 1726  23.1   2.5   1.8 -9.00 1004.5 1006.3 1012.3    1 1003.7 1749  7.6  1.3 14.3 -9.0  8.53  1.44 1300   85.2   -9.0 -9.00   17.0  603    6.2  634   -9.0   -9   -9.0   -9   -9.0   -9 -99.0 -99.0 -99.0 -99.0 -99.0
20260602 260  1.7  1502  16  5.4 1203  14  9.1 1237  21.3  25.9 1756  19.2 2338  19.5  21.5  17.1  90.1  70.0 1748  22.6  -9.0  -9.0 -9.00 1001.3 1006.3 1012.3    1 1003.6 1753  6.9  1.9 14.4 -9.0 -9.00 -9.00   -9   91.4   -9.0 -9.00   16.5  157    4.1  236   -9.0   -9   -9.0   -9   -9.0   -9 -99.0 -99.0 -99.0 -99.0 -99.0
20260602 261  3.4  2952   9  6.7 1115   9 10.6 1114  21.3  24.4 1816  19.7  159  19.8  22.5  18.3  91.3  77.0 1821  23.0  -9.0  -9.0 -9.00 1004.8 1006.7 1012.1    1 1004.2 1754  6.8  2.0 14.3 -9.0 -9.00 -9.00   -9  111.3   -9.0 -9.00   24.9  618    7.3  624   -9.0   -9   -9.0   -9   -9.0   -9 -99.0 -99.0 -99.0 -99.0 -99.0
20260602 262  1.7  1488   5  4.2 1823  11  8.4 1814  20.8  24.6 1713  17.7 2355  19.0  21.8  19.0  90.4  69.0 1753  22.0   2.7   1.9 -9.00 1000.6 1006.6 1012.7   13 1003.4 2013  7.6  2.4 14.3 -9.0  8.49  1.59 1700   94.0   -9.0 -9.00   15.8   28    4.5  208   -9.0   -9   -9.0   -9   -9.0   -9 -99.0 -99.0 -99.0 -99.0 -99.0
20260602 263  1.1   933   2  2.6 1543   7  4.7 1508  20.6  23.6 1615  18.4 2357  18.0  23.1  17.0  85.4  72.0 1850  20.6   2.2   1.6 -9.00 1005.6 1007.2 1013.2    1 1003.4 2355  7.5  0.2 14.4 -9.0  6.81  1.57 1500   24.0   -9.0 -9.00    3.3  854    0.9 -2359   -9.0   -9   -9.0   -9   -9.0   -9 -99.0 -99.0 -99.0 -99.0 -99.0
20260602 264  1.1   982  18  3.4  239  18  4.7  234  20.1  24.2 1904  16.9 2359  15.4  22.2  16.0  74.9  54.0   49  17.6   2.2   1.6 -9.00  990.1 1007.6 1013.3    1 1004.4 1930  7.6  0.9 14.4 -9.0  6.30  0.92 1500   10.6   -9.0 -9.00    2.1 1303    0.6  439   -9.0   -9   -9.0   -9   -9.0   -9 -99.0 -99.0 -99.0 -99.0 -99.0
20260602 266  1.4  1224   9  3.9 1633   7  9.0 1509  20.6  22.8 1605  19.4  225  19.4  22.4  17.2  94.0  75.0 1936  22.6   2.3   1.6 -9.00  997.1 1007.3 1013.3   34 1003.5 2359  8.1  0.0 14.4 -9.0  6.79  1.18 1400   39.2   -9.0 -9.00    6.8  557    1.5  632   -9.0   -9   -9.0   -9   -9.0   -9 -99.0 -99.0 -99.0 -99.0 -99.0
20260602 268  1.7  1439  14  5.6 1149  14 10.0 1215  20.7  23.8 1804  18.8 2334  19.4  21.1  18.6  93.1  76.0 1807  22.5  -9.0  -9.0 -9.00 1004.2 1005.3 1010.8   18 1003.0 1825  7.4  0.8 14.3 -9.0 -9.00 -9.00   -9  137.1   -9.0 -9.00   24.0  915    5.5  707   -9.0   -9   -9.0   -9   -9.0   -9 -99.0 -99.0 -99.0 -99.0 -99.0
20260602 271  0.9   757  16  2.5 1656  16  4.4 1656  19.4  25.1 1512  14.5 2359  14.8  23.8  11.3  76.5  57.0 1804  16.9  -9.0  -9.0 -9.00  971.2 1008.3 1013.6   11 1005.3 1812  6.9  0.8 14.6 -9.0 -9.00 -9.00   -9   -9.0   -9.0 -9.00   -9.0   -9   -9.0   -9   -9.0   -9   -9.0   -9   -9.0   -9 -99.0 -99.0 -99.0 -99.0 -99.0
20260602 272  1.2  1005  32  2.5    1  11  5.1 1705  20.8  25.5 1608  17.4  428  16.2  25.3  15.3  75.6  59.0 1611  18.4  -9.0  -9.0 -9.00  983.5 1007.7 1012.6   34 1004.3 2400  6.9  1.1 14.5 -9.0 -9.00 -9.00   -9   -9.0   -9.0 -9.00   -9.0   -9   -9.0   -9   -9.0   -9   -9.0   -9   -9.0   -9 -99.0 -99.0 -99.0 -99.0 -99.0
20260602 273  1.0   836  11  2.3 1105  11  3.7 1532  20.9  25.2 1532  17.3  456  16.9  24.3  14.1  78.5  65.0    1  19.3  -9.0  -9.0 -9.00  987.1 1006.9 1012.0    1 1003.5 2355  6.5  1.1 14.5 -9.0 -9.00 -9.00   -9   -9.0   -9.0 -9.00   -9.0   -9   -9.0   -9   -9.0   -9   -9.0   -9   -9.0   -9 -99.0 -99.0 -99.0 -99.0 -99.0
20260602 276  1.1   933  16  3.3 1520  14  6.4 1508  20.5  25.2 1608  15.6 2400  17.3  23.7  12.5  83.0  59.0 1611  19.7   2.9   2.1 -9.00  983.4 1007.3 1012.4    1 1004.3 2357  7.5  2.3 14.5 -9.0  9.35  1.61 1500   -9.0   -9.0 -9.00   -9.0   -9   -9.0   -9   -9.0   -9   -9.0   -9   -9.0   -9 -99.0 -99.0 -99.0 -99.0 -99.0
20260602 277  1.5  1312  11  3.6 1815  20  6.0 1359  21.1  24.9 1651  17.6 2316  17.3  24.5  15.3  79.4  59.0 1654  19.8  -9.0  -9.0 -9.00 1003.1 1007.8 1011.9    1 1004.2 2358  8.0  2.2 14.5 -9.0 -9.00 -9.00   -9   -9.0   -9.0 -9.00   -9.0   -9   -9.0   -9   -9.0   -9   -9.0   -9   -9.0   -9 -99.0 -99.0 -99.0 -99.0 -99.0
20260602 278  0.6   537  23  1.9 1525  25  3.4 1357  21.2  25.2 1744  16.9 2354  18.0  24.1  13.5  83.3  65.0 1744  20.6  -9.0  -9.0 -9.00  997.1 1006.5 1011.7    1 1003.3 2354  7.0  1.8 14.5 -9.0 -9.00 -9.00   -9    0.0   -9.0 -9.00    0.0   -9    0.0   -9   -9.0   -9   -9.0   -9   -9.0   -9 -99.0 -99.0 -99.0 -99.0 -99.0
20260602 279  1.1   944  11  2.8   13   9  4.8   21  22.0  25.7 1638  18.7 2338  17.1  25.7  15.5  74.4  56.0    1  19.5   2.7   1.9 -9.00 1001.4 1007.1 1012.2    1 1003.8 2400  7.1  0.3 14.5 -9.0  6.92  1.73 1400    0.0   -9.0 -9.00    0.0   -9    0.0   -9   -9.0   -9   -9.0   -9   -9.0   -9 -99.0 -99.0 -99.0 -99.0 -99.0
20260602 281  1.1   951  11  2.8 1414  11  4.5 1412  20.5  22.7 1710  18.2 2357  18.1  22.1  15.9  86.6  73.0 1653  20.7  -9.0  -9.0 -9.00  997.0 1008.2 1013.1    1 1004.4 2356  8.4  0.2 14.5 -9.0 -9.00 -9.00   -9    6.3   -9.0 -9.00    2.0 1233    0.5 1246   -9.0   -9   -9.0   -9   -9.0   -9 -99.0 -99.0 -99.0 -99.0 -99.0
20260602 283  2.1  1799  18  4.2  243  18  6.4  237  20.9  22.3    1  19.6  523  19.1  22.4  19.1  90.0  70.0    1  22.1   1.9   1.4 -9.00 1003.4 1008.0 1013.0    1 1003.9 2400  8.8  0.0 14.4 -9.0  4.24  0.65 1400    9.4   -9.0 -9.00    1.5  750    0.4  813   -9.0   -9   -9.0   -9   -9.0   -9 -99.0 -99.0 -99.0 -99.0 -99.0
20260602 284  1.1   930  16  2.9 1432  14  4.7 1513  20.0  23.3 1836  16.8 2359  17.8  21.5  14.5  88.0  75.0    5  20.5   2.0   1.4 -9.00  980.3 1006.5 1012.1    1 1003.3 1856  7.3  1.1 14.4 -9.0  5.61  0.96 1500    7.6   -9.0 -9.00    2.7 1336    0.8 1401   -9.0   -9   -9.0   -9   -9.0   -9 -99.0 -99.0 -99.0 -99.0 -99.0
20260602 285  0.5   439  32  1.4  325  23  3.9  200  20.5  23.3 1733  18.7 2400  19.7  22.6  18.8  95.9  77.0    3  23.0  -9.0  -9.0 -9.00 1004.4 1007.5 1013.4    1 1003.8 2358  7.8  0.5 14.4 -9.0 -9.00 -9.00   -9   12.8   -9.0 -9.00    3.1  732    0.9  744   -9.0   -9   -9.0   -9   -9.0   -9 -99.0 -99.0 -99.0 -99.0 -99.0
20260602 288  1.3  1121  14  3.0  240  23  5.9 2044  21.5  23.9 1644  19.8  508  19.2  21.8  19.7  87.4  71.0   23  22.3   2.1   1.5 -9.00 1004.9 1005.9 1011.9    1 1001.9 2400  8.4  0.5 14.4 -9.0  5.92  1.09 1600   13.5   -9.0 -9.00    2.5 1019    0.6 1040   -9.0   -9   -9.0   -9   -9.0   -9 -99.0 -99.0 -99.0 -99.0 -99.0
20260602 289  0.8   699   7  2.5 1005   5  5.4 1005  19.8  23.1 1820  17.8 2359  19.0  21.7  16.2  95.8  78.0    5  22.0  -9.0  -9.0 -9.00  992.1 1008.1 1014.0    1 1004.7 2355  7.8  0.0 14.4 -9.0 -9.00 -9.00   -9   19.5   -9.0 -9.00    5.1  637    1.2  644   -9.0   -9   -9.0   -9   -9.0   -9 -99.0 -99.0 -99.0 -99.0 -99.0
20260602 294  1.3  1125  11  2.9 1157   9  7.0 1514  20.3  21.5 2127  19.5  224  19.1  22.1  18.9  93.1  85.0 2125  22.1  -9.0  -9.0 -9.00 1002.3 1007.5 1013.6    1 1003.3 2359  8.6  0.0 14.4 -9.0 -9.00 -9.00   -9   37.1   -9.0 -9.00    6.0  433    1.2  214   -9.0   -9   -9.0   -9   -9.0   -9 -99.0 -99.0 -99.0 -99.0 -99.0
20260602 295  1.1   966  36  3.3 1544  34  6.1 1544  20.5  22.1 1842  19.5  122  19.2  22.3  18.6  92.8  83.0 1753  22.3  -9.0  -9.0 -9.00 1001.8 1007.1 1013.2   15 1003.3 2349  8.5  0.3 14.4 -9.0 -9.00 -9.00   -9   63.6   -9.0 -9.00    7.8  751    2.1  839   -9.0   -9   -9.0   -9   -9.0   -9 -99.0 -99.0 -99.0 -99.0 -99.0
20260602 296  1.7  1428   7  5.8 2143  16 10.7 2140  21.6  22.5 1701  20.6  327  20.0  22.0  18.6  90.5  86.0 2130  23.4   2.1   1.5 -9.00 1006.0 1006.3 1012.6    1 1002.1 2359  9.3  0.0 14.4 -9.0  4.47  0.59 1600   19.1   -9.0 15.40    2.7 1214    0.8  538   -9.0   -9   -9.0   -9   -9.0   -9 -99.0 -99.0 -99.0 -99.0 -99.0
20260603  90  1.7  1488  36  4.2 1336   2  6.1 1331  20.3  23.9 1033  17.6  250  17.5  26.9  15.4  84.8  64.0  833  20.0   4.6   3.2 -9.00 1002.9 1004.9 1006.5 2200 1002.3  107  5.1  8.7 14.7 -9.0 24.83  3.48 1100   -9.0   -9.0 -9.00   -9.0   -9   -9.0   -9   -9.0   -9   -9.0   -9   -9.0   -9 -99.0 -99.0 -99.0 -99.0 -99.0
20260603  93  0.7   635  23  2.9 1711  23  4.3 1705  24.3  31.8 1340  16.9  523  17.4  30.1  15.0  69.5  34.0 1457  19.9   5.9   4.1 -9.00  992.7 1003.6 1005.1  833 1001.7 1716  5.4 11.1 14.7 -9.0 23.99  3.26 1200   -9.0   -9.0 -9.00   -9.0   -9   -9.0   -9   -9.0   -9   -9.0   -9   -9.0   -9  23.7  20.7  18.1  14.1  12.6
20260603  95  0.9   756  29  2.1 1159  34  3.3  951  22.7  29.7 1329  15.1  523  15.6  25.4  12.0  68.0  20.0 1315  17.8   5.7   4.0 -9.00  986.6 1004.3 1005.4  532 1002.4 1643  5.8 11.0 14.7 -9.0 23.81  3.48 1200   -9.0    0.0 -9.00   -9.0   -9   -9.0   -9   -9.0   -9   -9.0   -9   -9.0   -9 -99.0 -99.0 -99.0 -99.0 -99.0
20260603  98  0.7   608  29  2.4 1805  27  5.1 1738  23.5  29.7 1241  16.2  519  15.1  28.1  12.8  61.8  34.0 1157  17.3   5.6   3.9 -9.00  990.6 1003.7 1004.7  759 1002.0 1726  5.3  9.3 14.6 -9.0 23.28  3.31 1100   -9.0   -9.0 -9.00   -9.0   -9   -9.0   -9   -9.0   -9   -9.0   -9   -9.0   -9 -99.0 -99.0 -99.0 -99.0 -99.0
20260603  99  0.7   611  34  2.4 1636  34  4.5 1751  22.5  29.0 1223  16.2  523  18.0  25.4  12.6  78.3  51.0 1254  20.7   4.9   3.4 -9.00 1001.0 1004.5 1005.4  747 1003.3 1607  5.5  7.2 14.7 -9.0 22.29  3.30 1100   -9.0   -9.0 -9.00   -9.0   -9   -9.0   -9   -9.0   -9   -9.0   -9   -9.0   -9 -99.0 -99.0 -99.0 -99.0 -99.0
20260603 100  1.7  1428   9  4.4 1306   7  6.9 1202  18.3  24.8  943  10.8  502  14.7  24.2   6.9  81.9  42.0 1026  16.8   6.0   4.2 -9.00  918.7 1004.4 1006.5  502 1002.3  943  5.0 10.4 14.6 -9.0 26.32  3.66 1200   -9.0   -9.0 -9.00   -9.0   -9   -9.0   -9   -9.0   -9   -9.0   -9   -9.0   -9 -99.0 -99.0 -99.0 -99.0 -99.0
20260603 101  1.2  1068  25  2.7 1311  27  5.0 1303  24.3  31.1 1420  17.0  508  16.7  28.9  13.1  66.0  34.0 1449  19.0   6.2   4.4 -9.00  994.0 1002.6 1004.0  549 1000.6 1717  4.8  9.1 14.7 -9.0 23.89  3.26 1200   -9.0   -9.0 -9.00   -9.0   -9   -9.0   -9   -9.0   -9   -9.0   -9   -9.0   -9  22.2  18.6  16.6  14.6  15.1
20260603 102  1.7  1475  29  4.2 1253  29  6.8 1250  19.5  24.0 1130  14.7  235  17.1  25.9  14.1  86.6  68.0 1131  19.5  -9.0  -9.0  1.42   -9.0   -9.0   -9.0   -9   -9.0   -9  7.1  5.0 14.7 -9.0 20.15  2.77 1100   -9.0   -9.0 -9.00   -9.0   -9   -9.0   -9   -9.0   -9   -9.0   -9   -9.0   -9 -99.0 -99.0 -99.0 -99.0 -99.0
20260603 104  1.1   927   5  2.7 1106  36  5.4 1150  21.3  26.3 1204  16.9  503  18.4  27.7  13.7  85.3  59.0 1152  21.2   5.2   3.6 -9.00  995.0 1003.6 1005.5 2329 1001.4  119  5.1  9.6 14.6 -9.0 26.03  3.47 1100    0.8    2.2  1.25    0.9 2311    0.3 2345   -9.0   -9   -9.0   -9   -9.0   -9  22.5  19.1  16.8  13.4  13.2
20260603 105  1.3  1084  32  3.3 1217  36  5.7 1209  22.3  27.2 1133  19.6  533  17.6  30.8  15.3  76.3  46.0 1155  20.1   5.2   3.6 -9.00 1001.4 1004.5 1006.4 2330 1002.2  117  4.9  9.0 14.6 -9.0 23.06  3.37 1200    0.3   -9.0 -9.00    0.3 2249    0.2 2339   -9.0   -9   -9.0   -9   -9.0   -9  23.2  19.8  18.2  15.0  14.5
20260603 106  1.5  1324   5  2.6 1111  11  5.0 1200  21.1  25.2  758  17.8  526  18.4  30.9  13.4  85.4  63.0  759  21.2   5.1   3.6 -9.00 1000.3 1005.0 1006.3 2350 1003.0  214  5.4  9.3 14.6 -9.0 25.74  3.41 1100   -9.0   -9.0 -9.00   -9.0   -9   -9.0   -9   -9.0   -9   -9.0   -9   -9.0   -9 -99.0 -99.0 -99.0 -99.0 -99.0
20260603 108  2.0  1691  25  3.8 1719  32  6.3 2145  25.5  30.8 1336  20.7  604  16.5  26.7  15.6  59.0  40.0 1211  18.8   7.0   4.9 -9.00  993.9 1003.6 1004.4  732 1002.4 1705  4.9  8.3 14.6 -9.0 23.85  3.59 1100   -9.0   -9.0 -9.00   -9.0   -9   -9.0   -9   -9.0   -9   -9.0   -9   -9.0   -9  22.1  19.3  18.1  14.6  13.6
20260603 112  1.9  1647  25  4.3 1639  25  5.8 1633  23.8  28.1 1219  20.6  510  18.3  25.9  15.6  72.3  55.0 1156  21.0   5.4   3.8 -9.00  996.0 1003.8 1004.6  749 1002.9 1731  5.4  7.8 14.6 -9.0 22.85  3.22 1100   -9.0    0.0 -9.00   -9.0   -9   -9.0   -9   -9.0   -9   -9.0   -9   -9.0   -9  21.1  19.1  13.8  16.4  13.4
20260603 114  1.2  1052  27  3.1 1514  27  5.7 1511  25.0  31.3 1315  18.3  510  16.7  28.7  14.8  63.0  38.0 1235  19.0   6.4   4.5 -9.00  986.3 1003.2 1004.4  617 1001.6 1739  4.0  9.1 14.6 -9.0 23.91  3.34 1200   -9.0   -9.0 -9.00   -9.0   -9   -9.0   -9   -9.0   -9   -9.0   -9   -9.0   -9 -99.0 -99.0 -99.0 -99.0 -99.0
20260603 115  2.4  2094   5  5.0  337   2  8.1  357  21.6  25.8 1039  18.8 2305  18.4  29.6  15.6  82.9  64.0 1447  21.2   5.6   3.9 -9.00  979.7 1004.9 1006.8 2330 1003.4  312  5.5 10.4 14.6 -9.0 26.74  3.35 1100   -9.0   -9.0 -9.00   -9.0   -9   -9.0   -9   -9.0   -9   -9.0   -9   -9.0   -9  19.4  16.4  15.4  12.4  13.1
20260603 119  1.6  1361  29  3.7 1540  32  7.2 1602  23.4  30.0 1331  18.1  526  16.5  28.6  15.8  66.9  43.0 1246  18.8   6.1   4.3 -9.00  999.0 1003.5 1004.6  757 1002.4 1721  4.8  8.6 14.6 -9.0 22.32  3.18 1100   -9.0   -9.0 -9.00   -9.0   -9   -9.0   -9   -9.0   -9   -9.0   -9   -9.0   -9  22.3  18.8  16.6  13.0  12.6
20260603 121  1.1   975  20  3.3 1738  18  5.6 1732  23.7  33.5 1326  15.6  433  16.9  29.0  11.9  70.0  35.0 1223  19.2   6.4   4.4 -9.00  976.7 1003.8 1005.8  840 1001.3 1503  4.3  6.1 14.6 -9.0 22.22  3.54 1100   -9.0   -9.0 -9.00   -9.0   -9   -9.0   -9   -9.0   -9   -9.0   -9   -9.0   -9 -99.0 -99.0 -99.0 -99.0 -99.0
20260603 127  1.0   875  18  2.6 1651  23  4.5 1514  24.5  31.3 1349  17.0  521  16.3  26.4  14.6  64.4  35.0 1554  18.6   6.8   4.8 -9.00  989.8 1002.8 1004.3  831 1001.2 1704  4.6  8.2 14.6 -9.0 24.37  3.63 1200   -9.0   -9.0 -9.00   -9.0   -9   -9.0   -9   -9.0   -9   -9.0   -9   -9.0   -9 -99.0 -99.0 -99.0 -99.0 -99.0
20260603 129  1.5  1259  32  3.7 1401  34  5.6 1358  23.5  29.7 1310  18.4  536  17.0  27.9  15.4  69.1  45.0 1225  19.4   5.7   4.0 -9.00 1001.2 1004.1 1005.2  758 1003.1 1707  5.5  8.9 14.5 -9.0 22.07  3.31 1100   -9.0   -9.0 -9.00   -9.0   -9   -9.0   -9   -9.0   -9   -9.0   -9   -9.0   -9  21.7  18.8  18.7  13.9  14.7
20260603 130  1.9  1646  18  3.8  953  16  4.9  938  20.3  24.9  842  16.2  459  18.1  27.7  13.9  88.1  62.0  829  20.8  -9.0  -9.0 -9.00  999.4 1005.0 1006.3 2351 1003.5  117  5.1 10.8 14.6 -9.0 -9.00 -9.00   -9   -9.0   -9.0 -9.00   -9.0   -9   -9.0   -9   -9.0   -9   -9.0   -9   -9.0   -9 -99.0 -99.0 -99.0 -99.0 -99.0
20260603 131  1.2   996   9  3.3 1211   9  6.1 1220  26.0  31.6 1535  20.3  520  16.6  28.5  17.3  57.9  37.0 1341  18.8   7.0   4.9 -9.00  996.6 1003.2 1004.6  831 1001.7 1747  4.9  8.8 14.5 -9.0 24.48  3.63 1200   -9.0   -9.0 -9.00   -9.0   -9   -9.0   -9   -9.0   -9   -9.0   -9   -9.0   -9 -99.0 -99.0 -99.0 -99.0 -99.0
20260603 133  1.1   921  14  2.4 1217  11  4.6 1309  25.2  30.9 1417  18.4  502  18.4  27.5  16.4  68.4  38.0 1516  21.2   6.1   4.2 -9.00  996.1 1003.8 1005.0  825 1002.4 1750  6.6  8.0 14.5 -9.0 22.63  3.48 1200    0.0    0.1  0.07    0.0   -9    0.0   -9   -9.0   -9   -9.0   -9   -9.0   -9  23.8  21.5  19.2  16.0  15.8
20260603 135  1.0   850  27  5.2  917  27  7.0  912  23.0  29.4 1335  15.0  151  17.1  26.0  14.1  71.9  45.0 1426  19.6   5.9   4.1 -9.00  975.9 1003.5 1004.4  557 1002.1 1718  6.0  9.5 14.5 -9.0 24.29  3.25 1100   -9.0   -9.0 -9.00   -9.0   -9   -9.0   -9   -9.0   -9   -9.0   -9   -9.0   -9 -99.0 -99.0 -99.0 -99.0 -99.0
20260603 136  1.4  1232  14  3.8 1402  16  8.0 1355  23.4  31.0 1343  15.8  442  17.0  30.4  13.6  70.0  44.0 1358  19.4   6.9   4.8 -9.00  988.7 1004.8 1006.1 2353 1003.1 1503  5.3  7.1 14.5 -9.0 23.68  3.69 1200   -9.0   -9.0 -9.00   -9.0   -9   -9.0   -9   -9.0   -9   -9.0   -9   -9.0   -9 -99.0 -99.0 -99.0 -99.0 -99.0
20260603 137  0.6   533  14  1.8 1435  16  3.5 1427  23.6  31.1 1318  16.8  457  18.5  30.0  13.5  75.6  44.0 1435  21.3   6.1   4.2 -9.00  992.0 1003.0 1004.2  839 1001.5 1715  5.6  9.5 14.5 -9.0 24.76  3.42 1200   -9.0   -9.0 -9.00   -9.0   -9   -9.0   -9   -9.0   -9   -9.0   -9   -9.0   -9 -99.0 -99.0 -99.0 -99.0 -99.0
20260603 138  1.7  1510   5  3.9 1308   5  5.6 1356  22.3  25.1 1020  18.6  527  18.5  26.7  14.7  80.1  65.0 1031  21.3   5.9   4.1 -9.00 1003.7 1004.2 1005.5 2225 1002.7   59  6.5  9.5 14.5 -9.0 25.83  3.18 1300   -9.0   -9.0 -9.00   -9.0   -9   -9.0   -9   -9.0   -9   -9.0   -9   -9.0   -9 -99.0 -99.0 -99.0 -99.0 -99.0
20260603 140  1.8  1574  29  4.6 1405  29  6.9 1521  22.6  28.2 1231  17.8  518  18.5  27.8  15.3  78.5  58.0 1232  21.3  -9.0  -9.0 -9.00 1001.7 1004.9 1006.0  832 1004.0 1755  7.6  7.8 14.5 -9.0 -9.00 -9.00   -9   -9.0   -9.0 -9.00   -9.0   -9   -9.0   -9   -9.0   -9   -9.0   -9   -9.0   -9 -99.0 -99.0 -99.0 -99.0 -99.0
20260603 143  1.9  1610  11  4.1 1751  11  6.5 1744  23.6  29.8 1523  17.3  449  17.9  28.2  14.6  72.5  43.0 1516  20.5   7.0   4.9 -9.00  997.4 1003.6 1004.7 2341 1002.2 1521  6.5  8.4 14.5 -9.0 25.50  3.35 1100   -9.0   -9.0 -9.00   -9.0   -9   -9.0   -9   -9.0   -9   -9.0   -9   -9.0   -9 -99.0 -99.0 -99.0 -99.0 -99.0
20260603 146  1.6  1416  27  5.0 1607  27  8.9 1600  24.6  32.0 1438  19.0  531  17.5  30.4  15.5  66.5  41.0 1510  20.0   7.0   4.9 -9.00  997.1 1004.0 1005.2  750 1002.2 1517  7.5  8.7 14.5 -9.0 23.63  3.37 1200   -9.0   -9.0 -9.00   -9.0   -9   -9.0   -9   -9.0   -9   -9.0   -9   -9.0   -9 -99.0 -99.0 -99.0 -99.0 -99.0
20260603 152  1.7  1459   9  3.6 1204  20  6.8   46  22.2  26.5 1506  18.3  505  18.4  26.0  16.4  80.0  62.0 1259  21.1   4.9   3.4 -9.00  994.7 1004.0 1005.6 2234 1002.0   48  7.4  4.9 14.4 -9.0 19.43  2.87 1200   -9.0   -9.0 -9.00   -9.0   -9   -9.0   -9   -9.0   -9   -9.0   -9   -9.0   -9 -99.0 -99.0 -99.0 -99.0 -99.0
20260603 155  1.8  1595  16  5.1 1422  18  8.2 1446  22.6  28.0 1123  18.5  534  19.1  26.9  16.3  81.9  55.0 1126  22.1   6.2   4.4 -9.00 1000.5 1004.5 1005.9 2229 1002.3   33  5.5 11.7 14.4 -9.0 27.46  3.42 1100   -9.0   -9.0 -9.00   -9.0   -9   -9.0   -9   -9.0   -9   -9.0   -9   -9.0   -9 -99.0 -99.0 -99.0 -99.0 -99.0
20260603 156  1.7  1466  16  5.2 1748  18  7.7 1730  24.2  31.0 1444  18.6  600  19.1  28.5  15.5  75.0  51.0 1517  22.2   6.2   4.3 -9.00  995.1 1003.1 1004.4  725 1001.6 1605  6.1  9.2 14.4 -9.0 24.00  3.43 1200   -9.0   -9.0 -9.00   -9.0   -9   -9.0   -9   -9.0   -9   -9.0   -9   -9.0   -9 -99.0 -99.0 -99.0 -99.0 -99.0
20260603 159  2.2  1898  18  5.1 1436  16  7.4 1319  22.8  26.9  931  19.5  503  18.7  25.5  15.6  78.6  61.0  914  21.7   5.6   3.9 -9.00  996.2 1004.2 1005.7 2146 1001.5   49  6.4  8.3 14.4 -9.0 24.98  2.99 1200   -9.0   -9.0 -9.00   -9.0   -9   -9.0   -9   -9.0   -9   -9.0   -9   -9.0   -9  22.1  20.2  19.2  15.9  16.8
20260603 162  1.9  1651  20  4.6 1329  20  6.9 1322  21.8  26.4 1442  17.9  510  18.2  26.7  16.1  81.1  61.0 1445  20.9   5.7   4.0 -9.00 1000.3 1003.9 1005.4 2157 1001.4  100  6.0 11.0 14.4 -9.0 26.76  3.29 1300   -9.0   -9.0 -9.00   -9.0   -9   -9.0   -9   -9.0   -9   -9.0   -9   -9.0   -9 -99.0 -99.0 -99.0 -99.0 -99.0
20260603 165  2.2  1887   2  4.1  919  25  5.8 1308  22.1  26.8 1423  18.4  449  19.1  25.5  16.2  84.3  65.0 1429  22.1   5.7   4.0  1.18  999.6 1004.7 1005.8  821 1004.0 1405  7.0  8.7 14.4 -9.0 25.45  3.57 1200   -9.0   -9.0 -9.00   -9.0   -9   -9.0   -9   -9.0   -9   -9.0   -9   -9.0   -9  22.2  20.6  18.2  16.1  14.8
20260603 168  1.9  1673   5  4.9    2   2  7.3    6  22.4  25.7 1309  19.4  509  18.9  28.9  18.5  81.4  63.0 1618  21.9   5.5   3.8 -9.00  997.3 1004.8 1006.1 2144 1002.9    1  6.1 10.6 14.4 -9.0 25.74  3.47 1200   -9.0    0.0 -9.00   -9.0   -9   -9.0   -9   -9.0   -9   -9.0   -9   -9.0   -9  22.5  20.8  18.5  16.2  16.6
20260603 169  2.9  2479  32  5.9  407  32  7.9  327  20.6  24.8 1414  17.3 2203  17.3  27.3  17.9  82.4  66.0 1417  19.8   5.7   4.0 -9.00  996.0 1004.7 1005.7  804 1003.6 1954  7.6  8.7 14.4 -9.0 25.53  3.56 1200   -9.0   -9.0 -9.00   -9.0   -9   -9.0   -9   -9.0   -9   -9.0   -9   -9.0   -9 -99.0 -99.0 -99.0 -99.0 -99.0
20260603 170  1.8  1581  14  4.3 1600  14  6.6 1555  23.1  29.2 1306  19.1  422  18.7  25.5  16.3  77.9  58.0 1537  21.6   6.0   4.2 -9.00 1000.8 1004.8 1005.4  822 1003.9   11  7.1  8.3 14.3 -9.0 24.33  3.62 1200   -9.0   -9.0 -9.00   -9.0   -9   -9.0   -9   -9.0   -9   -9.0   -9   -9.0   -9 -99.0 -99.0 -99.0 -99.0 -99.0
20260603 172  1.7  1461  27  5.7 1543  27  7.4 1537  22.7  30.1 1329  16.9  442  18.5  25.8  14.0  79.1  48.0 1331  21.5   6.8   4.7 -9.00  997.9 1003.9 1005.4  814 1002.9 1416  6.4  8.0 14.4 -9.0 25.13  3.56 1200   -9.0   -9.0 -9.00   -9.0   -9   -9.0   -9   -9.0   -9   -9.0   -9   -9.0   -9 -99.0 -99.0 -99.0 -99.0 -99.0
20260603 174  1.6  1358  18  4.2 1244  18  6.4 1241  21.4  27.9 1407  15.4  450  17.0  27.2  14.7  78.0  49.0 1347  19.4  -9.0  -9.0 -9.00  984.2 1003.0 1004.1 2145 1001.9 1516  5.8  9.5 14.4 -9.0 -9.00 -9.00   -9   -9.0   -9.0 -9.00   -9.0   -9   -9.0   -9   -9.0   -9   -9.0   -9   -9.0   -9 -99.0 -99.0 -99.0 -99.0 -99.0
20260603 177  1.6  1348  25  3.5 1517  20  5.6 1502  24.6  30.6 1351  18.8  509  19.0  29.4  16.5  72.9  48.0 1204  22.0   6.1   4.3 -9.00  999.4 1002.6 1003.8  827 1001.4 1752  6.4  8.4 14.5 -9.0 22.32  3.28 1200   -9.0   -9.0 -9.00   -9.0   -9   -9.0   -9   -9.0   -9   -9.0   -9   -9.0   -9 -99.0 -99.0 -99.0 -99.0 -99.0
20260603 181  1.3  1082  32  3.2 1752  34  4.6 1752  24.3  31.1 1421  17.5  458  17.4  24.9  13.7  67.9  39.0 1424  19.8   6.6   4.6 -9.00 1000.0 1003.8 1005.2  756 1002.5 1723  5.9  9.1 14.5 -9.0 24.44  3.50 1200   -9.0   -9.0 -9.00   -9.0   -9   -9.0   -9   -9.0   -9   -9.0   -9   -9.0   -9 -99.0 -99.0 -99.0 -99.0 -99.0
20260603 184  1.9  1601  34  3.6 1216  34  4.8 1200  22.6  26.5 1211  20.0   45  18.6  26.3  18.5  78.9  59.0 1215  21.4   4.9   3.4 -9.00 1002.1 1004.5 1005.6  829 1003.3 2321  8.9  4.1 14.3 -9.0 19.87  3.51 1200   -9.0    5.0 -9.00   -9.0   -9   -9.0   -9   -9.0   -9   -9.0   -9   -9.0   -9  22.6  21.8  21.2  18.8  16.5
20260603 185  3.8  3251  14  6.8 2330  11  9.9 2345  21.6  24.6 1157  18.7  312  19.7  24.7  18.8  89.6  76.0 1206  23.0   4.2   3.0 -9.00  996.4 1004.6 1005.7  809 1003.4 2355  9.0  6.2 14.2 -9.0 21.73  3.14 1100   -9.0   -9.0 -9.00   -9.0   -9   -9.0   -9   -9.0   -9   -9.0   -9   -9.0   -9 -99.0 -99.0 -99.0 -99.0 -99.0
20260603 188  2.7  2304  20  5.3 1229  18  7.1 1138  22.8  27.6  957  20.0  207  19.8  24.3  18.3  83.8  60.0 1021  23.1  -9.0  -9.0 -9.00 1002.8 1005.1 1005.8  842 1003.8   25  8.0  7.0 14.3 -9.0 -9.00 -9.00   -9   -9.0   -9.0 -9.00   -9.0   -9   -9.0   -9   -9.0   -9   -9.0   -9   -9.0   -9 -99.0 -99.0 -99.0 -99.0 -99.0
20260603 189  1.4  1223  23  4.3 1506  25  6.3 1455  23.1  26.8 1312  20.7  538  19.7  26.7  19.8  81.9  68.0 1310  23.0   5.0   3.5 -9.00  999.1 1005.1 1006.0  946 1003.9  138  8.5  6.9 14.2 -9.0 23.33  3.56 1200   -9.0   14.3 -9.00   -9.0   -9   -9.0   -9   -9.0   -9   -9.0   -9   -9.0   -9 -99.0 -99.0 -99.0 -99.0 -99.0
20260603 192  0.8   666  18  2.9 1526  16  6.0 1424  21.7  28.3 1248  15.6  458  17.9  27.2  14.3  80.9  58.0 1252  20.6   5.4   3.7 -9.00 1001.1 1004.5 1005.9 2157 1002.9  114  5.9 10.4 14.4 -9.0 25.25  3.18 1200   -9.0   -9.0 -9.00   -9.0   -9   -9.0   -9   -9.0   -9   -9.0   -9   -9.0   -9 -99.0 -99.0 -99.0 -99.0 -99.0
20260603 201  1.6  1382  29  3.7 1713   5  5.7  846  22.8  28.0 1243  17.9  443  17.6  25.1  13.3  73.3  55.0 1117  20.1  -9.0  -9.0 -9.00  999.2 1004.6 1005.4  856 1003.6 1730  5.4  8.1 14.6 -9.0 -9.00 -9.00   -9   -9.0   -9.0 -9.00   -9.0   -9   -9.0   -9   -9.0   -9   -9.0   -9   -9.0   -9 -99.0 -99.0 -99.0 -99.0 -99.0
20260603 202  1.1   931  25  2.9 1744  25  5.0 1736  24.8  30.8 1259  18.3  446  17.5  29.6  15.8  66.9  39.0 1301  20.0  -9.0  -9.0 -9.00  998.3 1003.7 1005.0  807 1002.2 1744  5.1  8.5 14.6 -9.0 -9.00 -9.00   -9   -9.0   -9.0 -9.00   -9.0   -9   -9.0   -9   -9.0   -9   -9.0   -9   -9.0   -9 -99.0 -99.0 -99.0 -99.0 -99.0
20260603 203  0.7   624  25  2.1 1710  25  4.4 1709  24.7  30.9 1601  18.0  520  18.6  28.6  14.9  71.8  44.0 1527  21.5  -9.0  -9.0 -9.00  994.9 1004.0 1005.4  809 1002.5 1717  4.8  6.7 14.6 -9.0 -9.00 -9.00   -9   -9.0   -9.0 -9.00   -9.0   -9   -9.0   -9   -9.0   -9   -9.0   -9   -9.0   -9 -99.0 -99.0 -99.0 -99.0 -99.0
20260603 211  1.7  1435   5  4.2 1310   2  7.2 1308  22.2  30.4 1331  15.0  513  15.6  27.1  10.7  69.6  38.0 1148  17.8  -9.0  -9.0 -9.00  980.7 1003.7 1005.3 2322 1001.7 1301  5.3  5.8 14.7 -9.0 -9.00 -9.00   -9   -9.0   -9.0 -9.00   -9.0   -9   -9.0   -9   -9.0   -9   -9.0   -9   -9.0   -9 -99.0 -99.0 -99.0 -99.0 -99.0
20260603 212  0.8   704  27  2.7 1528  25  5.4 1612  24.5  31.6 1315  17.5  543  16.0  28.6  14.7  63.5  30.0 1319  18.2  -9.0  -9.0 -9.00  987.9 1003.8 1005.2  554 1001.9 1651  4.8  7.5 14.6 -9.0 -9.00 -9.00   -9   -9.0   -9.0 -9.00   -9.0   -9   -9.0   -9   -9.0   -9   -9.0   -9   -9.0   -9 -99.0 -99.0 -99.0 -99.0 -99.0
20260603 216  1.3  1143   2  3.9 1321  16  7.8 1157  19.9  27.3 1232  12.3  454  14.9  23.5  10.9  75.1  47.0 1034  17.0   6.0   4.2 -9.00  925.2 1004.3 1006.1  530 1002.1 1117  5.4  8.4 14.6 -9.0 23.87  3.87 1200   -9.0   -9.0 -9.00   -9.0   -9   -9.0   -9   -9.0   -9   -9.0   -9   -9.0   -9 -99.0 -99.0 -99.0 -99.0 -99.0
20260603 217  1.3  1081   5  3.8 1417   5  6.1 1410  21.5  31.5 1308  14.9  313  15.4  26.3  13.8  72.4  37.0 1256  17.6  -9.0  -9.0 -9.00  969.1 1004.4 1006.1 2345 1001.5 1345  5.6  4.8 14.6 -9.0 -9.00 -9.00   -9    0.0   -9.0 -9.00    0.0   -9    0.0   -9   -9.0   -9   -9.0   -9   -9.0   -9 -99.0 -99.0 -99.0 -99.0 -99.0
20260603 221  1.0   838  23  3.2 1615  23  5.0 1601  22.6  30.3 1344  14.7  513  16.1  27.8  11.4  70.5  34.0 1256  18.3  -9.0  -9.0 -9.00  973.7 1003.6 1005.0  614 1001.7 1440  3.9  8.5 14.6 -9.0 -9.00 -9.00   -9   -9.0   -9.0 -9.00   -9.0   -9   -9.0   -9   -9.0   -9   -9.0   -9   -9.0   -9 -99.0 -99.0 -99.0 -99.0 -99.0
20260603 226  0.8   653  18  3.3 1307  16  5.4 1253  22.8  29.5 1315  15.8  510  17.2  25.2  11.7  74.4  41.0 1543  19.7  -9.0  -9.0 -9.00  984.5 1003.9 1005.4  800 1002.5 1731  5.8  6.7 14.5 -9.0 -9.00 -9.00   -9   -9.0   -9.0 -9.00   -9.0   -9   -9.0   -9   -9.0   -9   -9.0   -9   -9.0   -9 -99.0 -99.0 -99.0 -99.0 -99.0
20260603 232  0.7   621  16  1.8 1024  27  4.1 1651  23.7  30.8 1306  17.0  525  17.6  26.9  14.3  71.9  44.0 1310  20.2  -9.0  -9.0 -9.00  994.6 1004.3 1005.5  751 1003.0 1737  5.8  8.6 14.5 -9.0 -9.00 -9.00   -9   -9.0   -9.0 -9.00   -9.0   -9   -9.0   -9   -9.0   -9   -9.0   -9   -9.0   -9 -99.0 -99.0 -99.0 -99.0 -99.0
20260603 235  1.4  1168  20  3.5 1349  23  5.3 1157  22.7  26.6 1203  18.6  111  18.2  25.6  16.0  76.9  59.0 1633  20.9   4.8   3.4 -9.00 1002.5 1003.6 1004.6  754 1002.6 1755  7.6  7.3 14.5 -9.0 20.50  3.10 1100   -9.0   -9.0 -9.00   -9.0   -9   -9.0   -9   -9.0   -9   -9.0   -9   -9.0   -9 -99.0 -99.0 -99.0 -99.0 -99.0
20260603 236  0.9   749  27  2.5 1827  23  5.6 1535  23.9  30.1 1523  17.6  510  18.7  28.1  15.5  74.6  49.0 1524  21.5  -9.0  -9.0 -9.00 1002.6 1004.2 1005.5  813 1002.9 1720  6.8  7.3 14.5 -9.0 -9.00 -9.00   -9   -9.0   -9.0 -9.00   -9.0   -9   -9.0   -9   -9.0   -9   -9.0   -9   -9.0   -9 -99.0 -99.0 -99.0 -99.0 -99.0
20260603 238  0.8   706  18  2.1 1421  11  4.2 1253  24.0  30.7 1348  16.1  536  17.8  27.5  12.4  71.6  36.0 1411  20.5  -9.0  -9.0 -9.00  984.1 1003.4 1004.9  742 1001.6 1742  7.0  7.6 14.5 -9.0 -9.00 -9.00   -9   -9.0   -9.0 -9.00   -9.0   -9   -9.0   -9   -9.0   -9   -9.0   -9   -9.0   -9 -99.0 -99.0 -99.0 -99.0 -99.0
20260603 239  1.1   954  29  2.6 2154   9  4.3 1322  24.2  30.1 1528  17.9  518  18.2  28.0  16.3  71.6  43.0 1334  20.9   6.1   4.3 -9.00  993.0 1003.2 1004.7  818 1001.7 1748  6.3  7.7 14.5 -9.0 23.35  3.54 1200   -9.0   -9.0 -9.00   -9.0   -9   -9.0   -9   -9.0   -9   -9.0   -9   -9.0   -9 -99.0 -99.0 -99.0 -99.0 -99.0
20260603 243  1.2  1016  29  4.2 1534  29  7.5 1527  22.9  29.8 1409  18.1  504  17.5  27.6  14.9  73.3  54.0 1239  20.1  -9.0  -9.0 -9.00 1003.0 1004.4 1005.6  803 1003.6 1422  7.5  8.2 14.5 -9.0 -9.00 -9.00   -9   -9.0   -9.0 -9.00   -9.0   -9   -9.0   -9   -9.0   -9   -9.0   -9   -9.0   -9 -99.0 -99.0 -99.0 -99.0 -99.0
20260603 244  1.1   916  34  3.1 1825  27  5.9 1501  23.1  30.4 1345  15.6  510  17.5  24.7  12.7  73.4  43.0 1527  20.0  -9.0  -9.0 -9.00  975.8 1003.7 1005.3  744 1001.9 1736  7.3  7.5 14.4 -9.0 -9.00 -9.00   -9   -9.0   -9.0 -9.00   -9.0   -9   -9.0   -9   -9.0   -9   -9.0   -9   -9.0   -9 -99.0 -99.0 -99.0 -99.0 -99.0
20260603 245  1.4  1206  27  4.9 1604  29  7.4 1600  23.9  31.2 1428  17.7  502  18.1  29.3  15.2  72.3  47.0 1431  20.8   6.5   4.5 -9.00  996.3 1004.1 1005.5  759 1002.7 1447  6.6  7.9 14.4 -9.0 23.34  3.36 1200   -9.0   -9.0 -9.00   -9.0   -9   -9.0   -9   -9.0   -9   -9.0   -9   -9.0   -9 -99.0 -99.0 -99.0 -99.0 -99.0
20260603 247  1.7  1460  20  3.5 1713  27  6.4 1328  23.1  30.3 1425  15.9  538  18.5  25.5  14.6  77.1  55.0 1404  21.4  -9.0  -9.0 -9.00  988.6 1003.8 1005.3  802 1002.2 1528  6.6  8.9 14.4 -9.0 -9.00 -9.00   -9   -9.0   -9.0 -9.00   -9.0   -9   -9.0   -9   -9.0   -9   -9.0   -9   -9.0   -9 -99.0 -99.0 -99.0 -99.0 -99.0
20260603 248  1.4  1171  36  3.8 1032  36  6.3 1008  21.9  29.0 1356  14.2  425  17.2  24.9  12.4  77.4  44.0 1531  19.7  -9.0  -9.0 -9.00  958.4 1004.1 1006.3  759 1002.2 1455  7.9  6.4 14.4 -9.0 -9.00 -9.00   -9   -9.0   -9.0 -9.00   -9.0   -9   -9.0   -9   -9.0   -9   -9.0   -9   -9.0   -9 -99.0 -99.0 -99.0 -99.0 -99.0
20260603 251  1.0   841  25  4.2 1512  23  7.0 1507  22.4  29.5 1342  16.1  536  17.9  28.2  15.7  77.3  52.0 1343  20.6  -9.0  -9.0 -9.00  997.9 1004.6 1006.1  752 1003.4 1423  6.4 -9.0 14.4 -9.0 -9.00 -9.00   -9   -9.0   -9.0 -9.00   -9.0   -9   -9.0   -9   -9.0   -9   -9.0   -9   -9.0   -9 -99.0 -99.0 -99.0 -99.0 -99.0
20260603 252  1.1   983  25  4.1 1333  25  7.1 1332  22.3  29.2 1309  16.7  523  17.8  25.7  13.8  77.4  54.0 1236  20.5   6.3   4.4 -9.00 1000.0 1004.2 1005.6  817 1003.3 1827  5.6  9.6 14.4 -9.0 25.48  3.39 1100   -9.0   -9.0 -9.00   -9.0   -9   -9.0   -9   -9.0   -9   -9.0   -9   -9.0   -9 -99.0 -99.0 -99.0 -99.0 -99.0
20260603 253  1.5  1320  16  3.9 1420  18  7.0 1520  22.5  27.5 1118  18.3  457  19.7  25.9  16.7  85.4  62.0 1128  23.0   4.7   3.3 -9.00  999.0 1005.2 1006.7 2242 1002.8  101  5.9  7.7 14.4 -9.0 20.72  2.99 1400   -9.0   -9.0 -9.00   -9.0   -9   -9.0   -9   -9.0   -9   -9.0   -9   -9.0   -9 -99.0 -99.0 -99.0 -99.0 -99.0
20260603 254  1.3  1089  32  3.4 1620  18  6.4 1852  23.3  31.2 1524  17.0  443  17.5  26.8  15.7  73.0  43.0 1528  20.0   6.7   4.7 -9.00  989.7 1004.4 1006.1  818 1002.7 1531  7.3  6.9 14.4 -9.0 23.83  3.65 1200   -9.0   -9.0 -9.00   -9.0   -9   -9.0   -9   -9.0   -9   -9.0   -9   -9.0   -9 -99.0 -99.0 -99.0 -99.0 -99.0
20260603 255  1.1   913  32  2.8    6  14  4.9 1244  23.6  29.5 1346  18.7  444  19.1  24.3  15.3  77.4  56.0 1350  22.1   5.2   3.6 -9.00  998.3 1004.1 1005.7 2305 1002.4   37  5.4 10.0 14.4 -9.0 22.10  3.24 1300   -9.0   -9.0 -9.00   -9.0   -9   -9.0   -9   -9.0   -9   -9.0   -9   -9.0   -9 -99.0 -99.0 -99.0 -99.0 -99.0
20260603 257  1.2  1027  23  3.1 1528  11  7.1 1122  23.7  29.9 1145  18.1  518  20.3  25.0  15.9  83.0  55.0 1146  23.8   4.6   3.2 -9.00 1003.6 1004.3 1005.9 2237 1002.1  104  6.8  5.3 14.4 -9.0 18.59  2.84 1100   -9.0   -9.0 -9.00   -9.0   -9   -9.0   -9   -9.0   -9   -9.0   -9   -9.0   -9 -99.0 -99.0 -99.0 -99.0 -99.0
20260603 258  2.7  2342  29  5.1  209  29  7.0  207  23.5  28.6 1456  19.7  445  19.5  25.5  17.5  79.4  59.0 1254  22.7   6.4   4.5 -9.00 1004.7 1004.9 1005.8 2119 1003.5   28  6.5 10.5 14.4 -9.0 26.61  3.62 1300   -9.0   -9.0 -9.00   -9.0   -9   -9.0   -9   -9.0   -9   -9.0   -9   -9.0   -9 -99.0 -99.0 -99.0 -99.0 -99.0
20260603 259  1.2  1030  20  3.0 1539  20  6.3 1727  23.4  30.1 1425  17.7  528  18.8  25.9  16.4  78.1  53.0 1428  21.8   6.0   4.2 -9.00 1002.5 1004.4 1005.1  824 1003.5 1435  6.3  8.8 14.4 -9.0 25.38  3.47 1100   -9.0   -9.0 -9.00   -9.0   -9   -9.0   -9   -9.0   -9   -9.0   -9   -9.0   -9 -99.0 -99.0 -99.0 -99.0 -99.0
20260603 260  1.9  1653  14  4.9 1222  14  7.6 1548  22.6  28.1 1354  17.7  519  19.2  25.5  15.8  82.3  58.0 1308  22.3  -9.0  -9.0 -9.00  999.4 1004.5 1005.3 2102 1003.6 1443  6.3  9.8 14.4 -9.0 -9.00 -9.00   -9   -9.0   -9.0 -9.00   -9.0   -9   -9.0   -9   -9.0   -9   -9.0   -9   -9.0   -9 -99.0 -99.0 -99.0 -99.0 -99.0
20260603 261  2.3  2001  23  5.0 1444  25  6.4 1444  22.7  28.7 1256  18.5  526  19.3  25.8  16.7  82.0  60.0 1548  22.4  -9.0  -9.0 -9.00 1003.0 1004.9 1005.8  823 1004.0 1421  6.3  8.5 14.3 -9.0 -9.00 -9.00   -9   -9.0   -9.0 -9.00   -9.0   -9   -9.0   -9   -9.0   -9   -9.0   -9   -9.0   -9 -99.0 -99.0 -99.0 -99.0 -99.0
20260603 262  1.2  1020  18  3.0 1314  23  7.0 1446  22.5  28.8 1240  16.7  512  18.4  25.2  17.9  79.6  51.0 1203  21.2   5.5   3.9 -9.00  998.6 1004.5 1005.4 2113 1003.3    4  6.3 10.0 14.4 -9.0 24.39  3.20 1200   -9.0   -9.0 -9.00   -9.0   -9   -9.0   -9   -9.0   -9   -9.0   -9   -9.0   -9 -99.0 -99.0 -99.0 -99.0 -99.0
20260603 263  1.4  1243  23  4.2 1648  23  6.6 1558  22.8  29.6 1449  16.7  410  17.6  26.2  15.4  74.5  47.0 1446  20.2   6.4   4.5 -9.00 1002.8 1004.4 1005.8 2253 1002.9   44  5.3  7.9 14.4 -9.0 25.52  3.57 1100   -9.0   -9.0 -9.00   -9.0   -9   -9.0   -9   -9.0   -9   -9.0   -9   -9.0   -9 -99.0 -99.0 -99.0 -99.0 -99.0
20260603 264  1.3  1128  16  3.4 1654  14  5.5 1645  22.9  30.7 1548  16.2  127  15.9  26.1  15.1  67.1  31.0 1541  18.1   7.0   4.9 -9.00  986.8 1004.1 1005.7  814 1002.3 1517  6.8  8.0 14.5 -9.0 25.84  3.50 1300   -9.0   -9.0 -9.00   -9.0   -9   -9.0   -9   -9.0   -9   -9.0   -9   -9.0   -9 -99.0 -99.0 -99.0 -99.0 -99.0
20260603 266  1.1   954  18  2.6 1221  18  5.3 1443  23.1  28.8 1348  17.6  510  19.1  26.6  15.5  79.9  55.0 1210  22.2   5.7   4.0 -9.00  994.8 1004.9 1006.0 2158 1003.4   27  5.5 10.4 14.4 -9.0 25.93  3.37 1200   -9.0   -9.0 -9.00   -9.0   -9   -9.0   -9   -9.0   -9   -9.0   -9   -9.0   -9 -99.0 -99.0 -99.0 -99.0 -99.0
20260603 268  1.3  1161  32  3.3 1052  34  5.1 1030  21.6  27.2 1427  17.2  510  17.7  23.6  17.3  79.9  61.0 1154  20.2  -9.0  -9.0 -9.00 1002.5 1003.6 1004.7  802 1002.9 1731  7.3  6.8 14.3 -9.0 -9.00 -9.00   -9   -9.0   -9.0 -9.00   -9.0   -9   -9.0   -9   -9.0   -9   -9.0   -9   -9.0   -9 -99.0 -99.0 -99.0 -99.0 -99.0
20260603 271  1.1   985  16  3.6 1618  14  6.2 1321  21.1  29.1 1257  11.9  505  15.4  25.3   9.3  73.3  42.0 1318  17.6  -9.0  -9.0 -9.00  967.8 1004.6 1006.4 2351 1002.5 1421  5.0  6.6 14.6 -9.0 -9.00 -9.00   -9   -9.0   -9.0 -9.00   -9.0   -9   -9.0   -9   -9.0   -9   -9.0   -9   -9.0   -9 -99.0 -99.0 -99.0 -99.0 -99.0
20260603 272  1.3  1146  14  3.0 1828  16  5.3 1824  22.6  29.7 1350  14.5  446  17.3  29.2  11.7  74.5  45.0 1337  19.7  -9.0  -9.0 -9.00  980.0 1003.9 1005.7 2343 1002.2 1454  4.8  8.0 14.6 -9.0 -9.00 -9.00   -9   -9.0   -9.0 -9.00   -9.0   -9   -9.0   -9   -9.0   -9   -9.0   -9   -9.0   -9 -99.0 -99.0 -99.0 -99.0 -99.0
20260603 273  1.0   869  11  2.8 1201  11  4.8 1244  22.6  30.3 1405  15.7  508  18.2  27.6  12.3  78.8  44.0 1400  21.0  -9.0  -9.0 -9.00  983.7 1003.3 1004.7 2353 1001.9 1711  5.5  7.2 14.5 -9.0 -9.00 -9.00   -9   -9.0   -9.0 -9.00   -9.0   -9   -9.0   -9   -9.0   -9   -9.0   -9   -9.0   -9 -99.0 -99.0 -99.0 -99.0 -99.0
20260603 276  1.6  1367  14  4.2 1422  14  7.7 1417  21.9  29.5 1409  14.3  223  16.9  28.8  10.8  76.4  48.0 1326  19.3   6.5   4.5 -9.00  980.2 1003.9 1005.4 2356 1002.3 1521  5.3  7.3 14.5 -9.0 23.78  3.22 1000   -9.0   -9.0 -9.00   -9.0   -9   -9.0   -9   -9.0   -9   -9.0   -9   -9.0   -9 -99.0 -99.0 -99.0 -99.0 -99.0
20260603 277  1.5  1305   7  4.0 1247   7  6.7 1214  21.7  27.6 1109  16.0  427  17.8  32.0  14.4  80.3  57.0 1157  20.4  -9.0  -9.0 -9.00 1000.1 1004.8 1006.1 2245 1003.4   40  5.1 10.7 14.5 -9.0 -9.00 -9.00   -9   -9.0   -9.0 -9.00   -9.0   -9   -9.0   -9   -9.0   -9   -9.0   -9   -9.0   -9 -99.0 -99.0 -99.0 -99.0 -99.0
20260603 278  0.8   726  23  2.8 1615  18  5.0 1426  23.0  31.1 1414  14.8  416  17.5  28.4  11.4  74.5  46.0 1415  20.1  -9.0  -9.0 -9.00  993.8 1003.1 1004.3 2341 1001.6 1456  5.0  6.6 14.5 -9.0 -9.00 -9.00   -9    0.1   -9.0 -9.00    0.1   -9    0.1   -9   -9.0   -9   -9.0   -9   -9.0   -9 -99.0 -99.0 -99.0 -99.0 -99.0
20260603 279  1.3  1102   9  3.0 1510  11  6.2 1452  24.6  31.3 1325  16.9  514  17.6  31.0  14.0  67.9  46.0 1310  20.2   6.0   4.2 -9.00  998.0 1003.6 1004.6  756 1002.4 1740  6.3  8.8 14.5 -9.0 22.64  3.07 1200   -9.0   -9.0 -9.00   -9.0   -9   -9.0   -9   -9.0   -9   -9.0   -9   -9.0   -9 -99.0 -99.0 -99.0 -99.0 -99.0
20260603 281  1.5  1282   9  3.6 1615   7  7.8 1511  22.3  28.8 1453  16.5  448  17.9  26.4  14.1  78.5  49.0 1420  20.6  -9.0  -9.0 -9.00  993.8 1004.8 1005.9 2354 1003.4  140  6.5  7.1 14.5 -9.0 -9.00 -9.00   -9   -9.0   -9.0 -9.00   -9.0   -9   -9.0   -9   -9.0   -9   -9.0   -9   -9.0   -9 -99.0 -99.0 -99.0 -99.0 -99.0
20260603 283  1.6  1383  18  4.1 1817  18  5.6 1812  22.9  29.5 1329  17.6  453  18.9  24.5  14.3  79.6  55.0 1321  21.9   5.2   3.6 -9.00 1000.2 1004.8 1006.0 2222 1003.2  104  7.5  6.4 14.5 -9.0 20.45  2.80  900    0.0   -9.0 -9.00    0.0   -9    0.0   -9   -9.0   -9   -9.0   -9   -9.0   -9 -99.0 -99.0 -99.0 -99.0 -99.0
20260603 284  1.6  1367  14  4.3 1452  14  7.8 1428  22.3  28.9 1439  16.0  534  18.4  26.3  14.2  80.1  54.0 1546  21.3   6.1   4.3 -9.00  977.1 1003.0 1004.2  803 1001.3 1443  7.4  8.1 14.5 -9.0 25.22  3.34 1300   -9.0   -9.0 -9.00   -9.0   -9   -9.0   -9   -9.0   -9   -9.0   -9   -9.0   -9 -99.0 -99.0 -99.0 -99.0 -99.0
20260603 285  0.8   700  23  3.1 1704  20  5.5 1704  23.0  30.3 1433  17.3  512  19.3  27.0  17.9  82.0  52.0 1425  22.5  -9.0  -9.0 -9.00 1001.2 1004.3 1005.5 2217 1003.1 1507  5.9  7.1 14.4 -9.0 -9.00 -9.00   -9   -9.0   -9.0 -9.00   -9.0   -9   -9.0   -9   -9.0   -9   -9.0   -9   -9.0   -9 -99.0 -99.0 -99.0 -99.0 -99.0
20260603 288  1.5  1265  14  4.0 1610  14  6.7 1634  23.3  30.2 1353  17.4  509  19.0  25.6  17.2  78.5  50.0 1403  22.0   6.1   4.2 -9.00 1002.0 1002.9 1004.3 2217 1001.3   57  7.0  7.6 14.4 -9.0 22.67  3.16 1300   -9.0   -9.0 -9.00   -9.0   -9   -9.0   -9   -9.0   -9   -9.0   -9   -9.0   -9 -99.0 -99.0 -99.0 -99.0 -99.0
20260603 289  1.8  1551   5  4.3 1918   7  9.5 1801  22.6  30.2 1441  16.9  557  18.6  27.1  16.4  80.3  52.0 1444  21.5  -9.0  -9.0 -9.00  989.1 1004.9 1006.1  827 1003.5 1445  5.5  8.2 14.4 -9.0 -9.00 -9.00   -9   -9.0   -9.0 -9.00   -9.0   -9   -9.0   -9   -9.0   -9   -9.0   -9   -9.0   -9 -99.0 -99.0 -99.0 -99.0 -99.0
20260603 294  1.0   825   9  2.7 1535  20  5.4 1339  22.1  26.9 1243  17.8  446  18.1  27.7  15.2  79.3  59.0 1244  20.7  -9.0  -9.0 -9.00 1000.0 1005.2 1006.7 2200 1002.8  101  6.0  8.5 14.4 -9.0 -9.00 -9.00   -9   -9.0   -9.0 -9.00   -9.0   -9   -9.0   -9   -9.0   -9   -9.0   -9   -9.0   -9 -99.0 -99.0 -99.0 -99.0 -99.0
20260603 295  1.0   882  20  2.4 1626  23  4.7 1559  22.4  27.6 1341  17.8  505  18.1  26.4  15.1  77.9  59.0 1227  20.7  -9.0  -9.0 -9.00  999.4 1004.7 1005.9 2157 1003.0   55  6.3 10.1 14.4 -9.0 -9.00 -9.00   -9   -9.0   -9.0 -9.00   -9.0   -9   -9.0   -9   -9.0   -9   -9.0   -9   -9.0   -9 -99.0 -99.0 -99.0 -99.0 -99.0
20260603 296  1.4  1167  20  4.5 1443  20  7.0 1509  23.0  28.3 1218  17.6  505  19.9  25.5  13.6  84.0  63.0 1217  23.3   4.8   3.4 -9.00 1003.4 1003.7 1005.3 2244 1001.4  103  6.0  6.5 14.4 -9.0 20.12  2.82 1500   -9.0   -9.0 -9.00   -9.0   -9   -9.0   -9   -9.0   -9   -9.0   -9   -9.0   -9 -99.0 -99.0 -99.0 -99.0 -99.0
20260604  90  1.8  1548   2  6.4 2036   5 10.4 2029  18.7  20.8 1706  17.2 2236  17.6  21.3  17.0  93.6  87.0 1707  20.1   2.3   1.6 -9.00 1001.1 1003.1 1006.5  128  998.9 1736  8.0  0.0 14.7 -9.0  6.31  1.24 1100   14.9   -9.0 -9.00    8.1 1829    3.2 1917   -9.0   -9   -9.0   -9   -9.0   -9 -99.0 -99.0 -99.0 -99.0 -99.0
20260604  93  0.7   569  23  4.6 1647  25  8.2 1642  22.2  28.8 1413  19.6  518  19.1  27.4  18.7  84.1  60.0 1430  22.2   3.4   2.4 -9.00  991.1 1002.0 1004.7  101  997.9 1555  8.9  2.4 14.7 -9.0 12.27  2.04 1400   29.3   29.3  3.62   18.3 1628    7.6 2119   -9.0   -9   -9.0   -9   -9.0   -9  24.3  21.1  18.2  14.1  12.6
20260604  95  1.1   979  29  4.7 1504  25 10.8 1925  20.7  27.7 1411  17.7 2157  18.5  23.3  15.8  88.1  55.0 1402  21.3   2.2   1.6 -9.00  984.5 1002.3 1005.2   36  998.6 1414  8.5 -9.0 -9.0 -9.0 10.76  1.86  900   39.9   39.9 -9.00   17.6 1902   10.0 1923   -9.0   -9   -9.0   -9   -9.0   -9 -99.0 -99.0 -99.0 -99.0 -99.0
20260604  98  1.2  1075  25  5.3 1640  25 12.2 1729  21.4  28.4 1336  19.0 2156  17.9  24.5  17.7  81.3  55.0 1336  20.5   3.3   2.3 -9.00  988.5 1001.7 1004.4   15  998.7 1400  7.5  1.1 14.7 -9.0 11.76  1.79 1000   13.7   -9.0 -9.00   10.3 1403    6.6 1444   -9.0   -9   -9.0   -9   -9.0   -9 -99.0 -99.0 -99.0 -99.0 -99.0
20260604  99  1.2  1069  27  4.7 1553  29 10.1 1556  21.5  28.2 1425  18.7  136  18.9  25.6  16.7  86.6  60.0 1426  21.9   3.7   2.6 -9.00  998.9 1002.4 1005.2    7  999.5 1416  6.8  1.9 14.7 -9.0 12.52  2.58 1400    4.2   -9.0 -9.00    4.0 1724    1.9 1755   -9.0   -9   -9.0   -9   -9.0   -9 -99.0 -99.0 -99.0 -99.0 -99.0
20260604 100  2.6  2208  23  5.7 1710  23 10.4 1638  18.4  25.3 1655  15.0  521  16.2  24.3  15.5  88.5  52.0 1655  18.5   4.4   3.1 -9.00  916.5 1002.0 1006.5  123  996.5 1656  7.9  5.6 14.7 -9.0 18.37  2.19 1500   10.7   -9.0 -9.00    9.2 1946    2.8 2025   -9.0   -9   -9.0   -9   -9.0   -9 -99.0 -99.0 -99.0 -99.0 -99.0
20260604 101  1.4  1206  25  5.2 1639  20  9.8 1637  22.5  28.3 1429  19.8  516  18.4  26.5  17.8  78.8  58.0 1539  21.2   3.5   2.4 -9.00  992.4 1001.0 1003.7   30  996.9 1556  8.5  1.2 14.7 -9.0 11.48  1.94 1300   14.2   14.2 -9.00   13.1 1625    4.1 1640   -9.0   -9   -9.0   -9   -9.0   -9  22.7  18.9  16.8  14.6  15.0
20260604 102  2.3  1983  29  5.5 1511  34 11.3 2031  17.7  22.7 1310  14.0 2136  16.1  20.6  13.1  90.6  75.0 1242  18.4  -9.0  -9.0  2.08   -9.0   -9.0   -9.0   -9   -9.0   -9  8.4  1.2 14.7 -9.0 13.30  2.34 1100   13.2   -9.0  2.42   11.5 1501    3.8 1546   -9.0   -9   -9.0   -9   -9.0   -9 -99.0 -99.0 -99.0 -99.0 -99.0
20260604 104  1.4  1177  18  4.5 2138  25  8.2 2136  19.7  24.8 1559  16.1 2340  19.0  24.2  15.2  96.3  80.0 1600  22.1   2.8   2.0  0.72  993.1 1001.8 1005.6  128  997.4 1756  7.3  1.3 14.7 -9.0 10.08  1.96 1500    9.3    7.9 10.08    7.4 2031    2.4 2040   -9.0   -9   -9.0   -9   -9.0   -9  23.2  19.4  17.0  13.6  13.3
20260604 105  1.6  1381   5  5.9 2149  34 10.8 2142  20.8  25.8 1642  17.3 2356  18.3  25.2  17.0  86.4  63.0 1628  21.0   3.4   2.4 -9.00  999.5 1002.6 1006.5  127  998.2 1800  7.1  1.9 14.7 -9.0 10.95  1.78 1600    5.6   -9.0 -9.00    4.4 2019    1.0 2038   -9.0   -9   -9.0   -9   -9.0   -9  23.6  20.0  18.4  15.1  14.6
20260604 106  2.6  2267  14  8.6 1437   2 16.7 2222  20.3  24.0 1026  16.8 2359  18.4  27.8  15.8  89.5  70.0 1615  21.2   5.0   3.5 -9.00  998.3 1003.0 1006.5   14  998.7 1810  6.3  6.4 14.6 -9.0 21.34  2.88 1000    3.8   -9.0 -9.00    3.1 2058    2.4 2138   -9.0   -9   -9.0   -9   -9.0   -9 -99.0 -99.0 -99.0 -99.0 -99.0
20260604 108  2.4  2040  23  6.0 1634  23 13.6 1626  23.6  28.4 1246  20.0 2337  18.1  26.2  17.5  72.0  56.0 1110  20.8   4.1   2.9 -9.00  992.1 1001.9 1004.5   37  999.2 1451  7.5  1.7 14.6 -9.0 12.29  1.81 1000    2.9    2.9  3.28    1.8 1335    1.7 1349   -9.0   -9   -9.0   -9   -9.0   -9  22.5  19.5  18.3  14.7  13.6
20260604 112  2.8  2404  25  7.9 1804  23 11.9 1755  21.7  26.3 1334  18.2 2340  18.8  25.4  18.1  84.5  64.0 1333  21.7   4.6   3.2 -9.00  994.1 1002.0 1004.4    3  999.9 1422  7.4  2.8 14.6 -9.0 15.88  2.86 1300    0.9    0.9  2.83    0.9 1811    0.9 1901   -9.0   -9   -9.0   -9   -9.0   -9  21.5  19.3  13.9  16.6  13.5
20260604 114  2.0  1709  20  4.7 1603  29  9.2 1723  23.8  31.1 1527  20.1 1830  17.8  27.9  18.3  72.3  39.0 1358  20.5   5.6   3.9 -9.00  984.8 1001.7 1004.2  136  998.0 1529  8.3  3.7 14.6 -9.0 17.20  2.52 1300   22.4   -9.0 -9.00   19.1 1810    7.2 1826   -9.0   -9   -9.0   -9   -9.0   -9 -99.0 -99.0 -99.0 -99.0 -99.0
20260604 115  1.8  1568   5  4.0  816   5  5.2  810  19.9  23.6 1214  18.4  450  17.4  24.6  12.7  85.5  77.0 1252  19.8   3.8   2.7  0.83  979.2 1004.5 1006.7  147 1002.4 1732  6.1  3.6 14.6 -9.0 17.69  2.95 1100   -9.0   -9.0 -9.00   -9.0   -9   -9.0   -9   -9.0   -9   -9.0   -9   -9.0   -9  19.7  16.5  15.5  12.5  13.1
20260604 119  2.3  2016  27  6.9 1745  29 12.2 1740  22.6  29.2 1345  19.0 2348  17.3  26.4  18.7  73.1  49.0 1349  19.8   4.8   3.4 -9.00  997.4 1002.0 1004.4   31  998.9 1404  7.3  3.4 14.6 -9.0 15.76  2.10  900    0.0    0.0  3.10    0.0   -9    0.0   -9   -9.0   -9   -9.0   -9   -9.0   -9  22.6  19.1  16.7  13.1  12.7
20260604 121  1.8  1517  29  5.3 1927  16 10.1 1534  23.3  31.7 1437  17.4  456  17.1  32.5  14.2  72.1  39.0 1400  19.6   6.4   4.5 -9.00  975.1 1002.2 1005.5  202  998.5 1708  7.1  7.0 14.6 -9.0 22.04  2.88 1200   15.8   -9.0 -9.00   10.3 1931    6.3 1940   -9.0   -9   -9.0   -9   -9.0   -9 -99.0 -99.0 -99.0 -99.0 -99.0
20260604 127  1.4  1228  20  5.1 1118  25 10.4 1738  23.4  30.6 1428  19.4  424  17.7  27.9  17.3  73.5  41.0 1410  20.3   6.2   4.3 -9.00  988.4 1001.4 1003.7   13  998.0 1611  6.9  6.4 14.6 -9.0 22.23  3.42 1200   16.1   -9.0 -9.00   13.7 1803    5.1 1848   -9.0   -9   -9.0   -9   -9.0   -9 -99.0 -99.0 -99.0 -99.0 -99.0
20260604 129  2.8  2420  25  8.2 1617  25 12.3 1612  22.9  28.0 1203  19.2 2400  18.5  28.3  17.5  78.0  56.0 1046  21.3   6.8   4.7 -9.00  999.6 1002.5 1005.0   29 1000.6 1232  6.3  6.7 14.6 -9.0 23.77  3.27 1100    0.2    0.2 -9.00    0.2   -9    0.2   -9   -9.0   -9   -9.0   -9   -9.0   -9  22.0  19.0  18.8  14.0  14.8
20260604 130  1.9  1611  16  3.7 1104  14  8.2 2344  20.8  23.5 1144  18.7 2026  18.4  28.3  17.7  86.5  78.0 1145  21.2  -9.0  -9.0 -9.00  997.9 1003.5 1006.3    1 1000.1 1753  6.0  9.2 14.6 -9.0 -9.00 -9.00   -9   -9.0   -9.0 -9.00   -9.0   -9   -9.0   -9   -9.0   -9   -9.0   -9   -9.0   -9 -99.0 -99.0 -99.0 -99.0 -99.0
20260604 131  1.7  1497  14  3.7 1103  23  7.9 1507  25.7  30.7 1310  22.5  539  17.0  29.6  20.2  59.9  43.0 1249  19.4   6.7   4.7 -9.00  995.0 1001.6 1004.2   57  998.9 1449  5.8  6.6 14.6 -9.0 21.70  3.40 1200    6.1    6.1  0.87    6.1 1505    5.6 1531   -9.0   -9   -9.0   -9   -9.0   -9 -99.0 -99.0 -99.0 -99.0 -99.0
20260604 133  2.0  1711  20  6.2 1444  20  9.5 1444  24.4  28.7 1032  21.0  538  18.7  26.4  18.9  71.4  51.0 1437  21.6   5.0   3.5 -9.00  994.6 1002.2 1004.8   47 1000.0 1411  5.5  5.4 14.5 -9.0 17.03  2.80 1000    5.4    5.3  3.42    5.3 1502    3.7 1522   -9.0   -9   -9.0   -9   -9.0   -9  24.2  21.8  19.3  16.0  15.8
20260604 135  2.4  2036  16  6.8 1425  18 10.9 1417  23.0  27.2 1524  17.7  515  17.0  27.8  17.1  70.8  50.0 1431  19.4   7.3   5.1 -9.00  974.5 1002.1 1004.7   30  999.1 1734  4.5  8.6 14.5 -9.0 25.35  3.50 1100    0.0   -9.0 -9.00    0.0   -9    0.0   -9   -9.0   -9   -9.0   -9   -9.0   -9 -99.0 -99.0 -99.0 -99.0 -99.0
20260604 136 -9.0    -9  14  4.6 1516  16  7.4 1619  24.9  29.4 1502  20.1  541  17.4  32.2  19.0  64.5  44.0 1638  19.9   6.2   4.3 -9.00  987.3 1003.3 1006.2    4 1000.0 1742  4.6  6.6 14.6 -9.0 19.52  2.49  900    0.0    0.0  0.08    0.0   -9    0.0   -9   -9.0   -9   -9.0   -9   -9.0   -9 -99.0 -99.0 -99.0 -99.0 -99.0
20260604 137  1.3  1119  25  3.3 2051  25  8.2 2211  24.3  29.5 1314  19.2  507  18.3  29.2  16.7  71.0  47.0 1705  21.1   6.9   4.8 -9.00  990.5 1001.4 1004.2   18  998.4 1711  3.5  8.5 14.5 -9.0 23.65  3.20 1000   -9.0   -9.0 -9.00   -9.0   -9   -9.0   -9   -9.0   -9   -9.0   -9   -9.0   -9 -99.0 -99.0 -99.0 -99.0 -99.0
20260604 138  2.5  2183  16  5.1 1804  14  7.6 1729  22.2  24.9 1631  20.5  528  18.5  27.2  18.3  80.3  60.0 1634  21.3   5.5   3.8 -9.00 1002.6 1003.1 1005.7   26 1000.3 1759  5.6  8.9 14.5 -9.0 22.12  2.56 1300   -9.0   -9.0 -9.00   -9.0   -9   -9.0   -9   -9.0   -9   -9.0   -9   -9.0   -9  21.4  18.6  17.3  15.5  15.7
20260604 140  2.7  2322  29  6.8 1709  27 11.3 1802  23.0  29.2 1323  19.3  519  19.0  28.3  16.2  79.5  54.0 1324  22.0  -9.0  -9.0 -9.00 1000.3 1003.5 1005.6   42 1001.5 1314  6.1  5.5 14.5 -9.0 -9.00 -9.00   -9    0.0   -9.0 -9.00    0.0   -9    0.0   -9   -9.0   -9   -9.0   -9   -9.0   -9 -99.0 -99.0 -99.0 -99.0 -99.0
20260604 143  2.0  1761  11  3.7  853  11  5.5 1215  24.1  28.9 1628  20.2  552  17.2  28.4  19.7  67.1  44.0 1607  19.6   5.9   4.1 -9.00  996.0 1002.2 1005.0  316  999.3 1734  5.3  7.4 14.5 -9.0 20.40  2.52 1300   -9.0   -9.0 -9.00   -9.0   -9   -9.0   -9   -9.0   -9   -9.0   -9   -9.0   -9 -99.0 -99.0 -99.0 -99.0 -99.0
20260604 146  2.6  2286  27  6.2 1817  29 10.9 1847  24.8  29.5 1147  21.1 2356  18.0  32.2  14.2  67.9  47.0 1601  20.6   6.8   4.7 -9.00  995.7 1002.5 1004.8   47 1000.2 1653  6.9  7.8 14.5 -9.0 23.73  3.23 1100    0.0    0.0  0.47    0.0   -9    0.0   -9   -9.0   -9   -9.0   -9   -9.0   -9 -99.0 -99.0 -99.0 -99.0 -99.0
20260604 152  1.3  1151  11  3.2 1021   9  5.3 1133  21.7  25.8 1539  18.6 2342  17.3  25.4  16.9  77.9  56.0 1551  19.8   5.3   3.7 -9.00  993.7 1003.0 1005.7  100 1000.7 1802  6.6  7.1 14.4 -9.0 21.60  2.52 1500   -9.0   -9.0 -9.00   -9.0   -9   -9.0   -9   -9.0   -9   -9.0   -9   -9.0   -9 -99.0 -99.0 -99.0 -99.0 -99.0
20260604 155  1.7  1428  18  4.1 1430  20  7.4 1441  22.2  26.1 1329  19.5 2354  18.8  26.3  17.7  82.0  58.0 1422  21.7   4.6   3.2 -9.00  999.4 1003.4 1005.7  225 1001.2 1736  6.5  5.3 14.4 -9.0 17.79  3.38 1300    0.0   -9.0  0.05    0.0   -9    0.0   -9   -9.0   -9   -9.0   -9   -9.0   -9 -99.0 -99.0 -99.0 -99.0 -99.0
20260604 156  1.9  1616  16  4.6 1513  18  7.4 1459  23.5  28.3 1542  20.5  506  18.9  29.7  17.4  76.5  53.0 1603  21.9   4.3   3.0 -9.00  993.8 1001.9 1004.0  221  999.9 1527  6.9  3.2 14.4 -9.0 14.42  2.61 1400    0.0   -9.0  0.30    0.0   -9    0.0   -9   -9.0   -9   -9.0   -9   -9.0   -9 -99.0 -99.0 -99.0 -99.0 -99.0
20260604 159  1.9  1616  16  4.4  940  11  6.2 1310  21.8  24.4 1601  19.9 2342  18.3  22.8  14.7  80.8  67.0 1622  21.0   3.6   2.5 -9.00  995.1 1003.1 1005.5  224 1001.0 1757  7.0  3.1 14.4 -9.0 12.26  1.59 1500    0.0    0.0  0.12    0.0   -9    0.0   -9   -9.0   -9   -9.0   -9   -9.0   -9  22.6  20.3  19.3  15.9  16.8
20260604 162  1.4  1231   5  3.7 1548   2  6.2 1517  21.3  24.5 1646  19.0 2353  18.3  23.4  16.1  84.3  68.0 1647  21.1   3.0   2.1 -9.00  999.1 1002.7 1005.1  144 1000.3 1749  7.6  1.1 14.4 -9.0  9.90  1.52 1400    0.0   -9.0 -9.00    0.0   -9    0.0   -9   -9.0   -9   -9.0   -9   -9.0   -9 -99.0 -99.0 -99.0 -99.0 -99.0
20260604 165  2.7  2293  14  5.3 1304  14  8.1 1307  22.4  26.2 1554  19.7 2400  19.4  24.6  16.7  83.8  63.0 1655  22.5   5.0   3.5 -9.00  998.0 1003.2 1005.1 2219 1001.5 1507  6.8  3.7 14.4 -9.0 17.83  2.73 1500   -9.0    0.0 -9.00   -9.0   -9   -9.0   -9   -9.0   -9   -9.0   -9   -9.0   -9  23.0  20.7  18.4  16.1  14.9
20260604 168  2.7  2317  14  4.6 1004  14  7.2  845  21.5  24.4 1641  20.6 2237  18.9  25.3  20.3  85.5  68.0 1632  21.8   3.6   2.5 -9.00  995.9 1003.5 1005.6   14 1001.4 1647  8.3  1.4 14.4 -9.0 12.51  2.10 1600    0.0    0.0  1.73    0.0   -9    0.0   -9   -9.0   -9   -9.0   -9   -9.0   -9  23.5  20.7  18.6  16.3  16.5
20260604 169  4.1  3516  14 10.5 1145  16 13.4 1136  20.9  26.0 1553  17.4  531  18.3  25.7  17.8  86.0  69.0 1608  21.1   4.7   3.3  0.53  994.3 1003.0 1005.0 2215 1001.2 1142  7.1  5.4 14.4 -9.0 18.63  3.23 1400   -9.0   -9.0 -9.00   -9.0   -9   -9.0   -9   -9.0   -9   -9.0   -9   -9.0   -9 -99.0 -99.0 -99.0 -99.0 -99.0
20260604 170  2.9  2475  14  6.2 1447  14  8.9 1439  22.3  27.8 1437  20.4 2357  19.4  24.8  19.5  84.5  67.0 1448  22.5   3.8   2.6 -9.00  999.3 1003.3 1005.4   29 1001.8 1442  7.6  3.1 14.4 -9.0 11.20  3.21 1400    0.0   -9.0 -9.00    0.0   -9    0.0   -9   -9.0   -9   -9.0   -9   -9.0   -9 -99.0 -99.0 -99.0 -99.0 -99.0
20260604 172  3.0  2597  29  7.7 1724  27 10.2 1716  22.7  27.6 1627  19.6  408  19.2  23.5  16.1  81.9  50.0 1628  22.2   4.9   3.4 -9.00  996.7 1002.6 1004.5  104 1000.8 1632  7.1  3.5 14.4 -9.0 15.85  2.22 1200    0.0   -9.0 -9.00    0.0   -9    0.0   -9   -9.0   -9   -9.0   -9   -9.0   -9 -99.0 -99.0 -99.0 -99.0 -99.0
20260604 174  1.6  1420  11  4.5 1327  14  6.9 1321  20.7  26.0 1615  17.5  444  17.2  23.1  17.7  81.4  57.0 1652  19.6  -9.0  -9.0 -9.00  982.9 1001.8 1004.1  230  999.4 1544  8.6  2.8 14.4 -9.0 -9.00 -9.00   -9    0.2   -9.0 -9.00    0.2   -9    0.2   -9   -9.0   -9   -9.0   -9   -9.0   -9 -99.0 -99.0 -99.0 -99.0 -99.0
20260604 177  2.6  2289  20  7.8 1753  23 12.2 1713  23.6  29.4 1226  20.6  328  18.8  29.8  18.7  76.1  53.0 1208  21.8   6.8   4.8 -9.00  998.0 1001.1 1003.7   33  998.9 1249  6.8  6.8 14.6 -9.0 22.41  3.12 1200    2.3    2.3  3.08    2.3 1939    2.2 2029   -9.0   -9   -9.0   -9   -9.0   -9 -99.0 -99.0 -99.0 -99.0 -99.0
20260604 181  2.4  2103  25  6.4 1740  25 10.3 1740  24.2  29.5 1244  19.9  553  18.0  24.9  17.4  69.6  51.0 1234  20.7   6.5   4.6 -9.00  998.4 1002.2 1004.8   48  999.8 1352  5.8  6.2 14.6 -9.0 20.49  3.16 1100    0.0   -9.0 -9.00    0.0   -9    0.0   -9   -9.0   -9   -9.0   -9   -9.0   -9 -99.0 -99.0 -99.0 -99.0 -99.0
20260604 184  2.4  2108   5  5.3 1726  11  9.3 1403  22.2  25.3 1527  20.8 2351  18.6  24.3  19.3  80.4  61.0 1331  21.4   3.7   2.6 -9.00  999.9 1002.3 1004.8 2308 1000.0 1340  8.4  3.0 14.3 -9.0 11.94  2.62 1400    5.4    0.4  9.88    1.9  624    0.6  649   -9.0   -9   -9.0   -9   -9.0   -9  23.2  21.8  21.2  18.7  16.5
20260604 185  4.8  4106  14  8.9 1013  11 12.7 1050  21.1  23.8 1521  19.4 1055  19.6  23.4  18.6  91.3  78.0 1820  22.8   3.0   2.1 -9.00  994.4 1002.6 1005.0 2319 1000.4 1647  8.5  3.1 14.3 -9.0 10.97  2.04 1500    8.4   -9.0 -9.00    5.2  600    1.7  616   -9.0   -9   -9.0   -9   -9.0   -9 -99.0 -99.0 -99.0 -99.0 -99.0
20260604 188  2.3  1945  14  5.6 1148  16  8.7 1125  21.1  22.6 1603  19.0 2400  19.7  22.3  15.9  92.1  81.0 1654  23.0  -9.0  -9.0 -9.00 1000.9 1003.3 1005.1 2345 1001.4 1546  8.5  0.4 14.3 -9.0 -9.00 -9.00   -9    5.8   -9.0 -9.00    3.1  636    1.0  706   -9.0   -9   -9.0   -9   -9.0   -9 -99.0 -99.0 -99.0 -99.0 -99.0
20260604 189  1.9  1618   7  4.5 1334   9  8.6 1258  21.9  24.4 1528  20.5 1205  19.4  23.6  20.4  85.9  70.0 1526  22.5   2.7   1.9 -9.00  997.2 1003.1 1005.0    1 1001.0 1530  9.3  0.4 14.2 -9.0  8.85  1.82 1500   14.6    0.3 10.65    7.9  608    2.1  625   -9.0   -9   -9.0   -9   -9.0   -9 -99.0 -99.0 -99.0 -99.0 -99.0
20260604 192  0.8   673   9  2.3 1333   9  5.5 1244  21.6  26.0 1358  18.6  358  18.4  23.3  17.9  83.3  63.0 1754  21.2   3.8   2.7 -9.00  999.8 1003.2 1005.7   27 1001.0 1714  7.0  4.5 14.4 -9.0 13.33  2.84 1300    0.1    0.1 -9.00    0.1   -9    0.1   -9   -9.0   -9   -9.0   -9   -9.0   -9 -99.0 -99.0 -99.0 -99.0 -99.0
20260604 201  2.1  1780  25  7.2 1524  23 12.2 1510  21.1  26.2 1233  18.4  121  18.5  25.5  15.4  86.8  61.0 1214  21.3  -9.0  -9.0 -9.00  997.1 1002.6 1005.3   24 1000.6 1407  6.5  2.4 14.7 -9.0 -9.00 -9.00   -9    0.9   -9.0 -9.00    0.9 1636    0.9 1726   -9.0   -9   -9.0   -9   -9.0   -9 -99.0 -99.0 -99.0 -99.0 -99.0
20260604 202  1.7  1485  18  4.2 1410  27  9.1 1551  23.6  29.7 1501  20.8  514  18.5  28.8  19.6  74.9  45.0 1504  21.3  -9.0  -9.0 -9.00  996.7 1002.1 1004.5   52  998.4 1515  7.5  1.8 14.6 -9.0 -9.00 -9.00   -9    3.7   -9.0 -9.00    3.0 1509    2.6 1552   -9.0   -9   -9.0   -9   -9.0   -9 -99.0 -99.0 -99.0 -99.0 -99.0
20260604 203  1.5  1274  18  5.5 1527  23 10.1 1911  23.8  31.4 1430  20.2  426  19.3  27.7  18.1  77.9  46.0 1431  22.4  -9.0  -9.0 -9.00  993.3 1002.4 1004.8   20  999.0 1525  7.1  2.7 14.6 -9.0 -9.00 -9.00   -9    1.8   -9.0 -9.00    1.8 1616    0.8 1621   -9.0   -9   -9.0   -9   -9.0   -9 -99.0 -99.0 -99.0 -99.0 -99.0
20260604 211  1.7  1502   7  3.5 1359   9  7.1 1351  21.2  26.1 1635  17.6 2332  17.4  25.8  17.1  80.0  62.0 1151  19.9  -9.0  -9.0 -9.00  978.7 1001.6 1005.4   10  997.1 1648  8.4  2.0 14.7 -9.0 -9.00 -9.00   -9   17.2   -9.0 -9.00   13.8 1729    7.1 1728   -9.0   -9   -9.0   -9   -9.0   -9 -99.0 -99.0 -99.0 -99.0 -99.0
20260604 212  1.1   963  25  3.5 1648  25  8.6 1641  22.9  29.9 1438  19.6 2210  18.0  27.0  19.1  76.1  43.0 1439  20.6  -9.0  -9.0 -9.00  986.2 1002.1 1005.0   56  998.0 1605  7.3  2.0 14.6 -9.0 -9.00 -9.00   -9   17.9   -9.0 -9.00   12.8 1732    6.2 1822   -9.0   -9   -9.0   -9   -9.0   -9 -99.0 -99.0 -99.0 -99.0 -99.0
20260604 216  1.6  1380  16  3.9 1517  18  8.5 1553  19.9  25.3 1434  14.0  521  14.6  24.4  13.8  74.0  49.0 1538  16.6   5.8   4.0 -9.00  923.4 1002.4 1006.7  300  998.4 1748  6.5  7.7 14.6 -9.0 21.21  2.97 1300    6.7   -9.0 -9.00    4.5 2051    1.9 2059   -9.0   -9   -9.0   -9   -9.0   -9 -99.0 -99.0 -99.0 -99.0 -99.0
20260604 217  1.9  1635  18  6.2 1553  18  9.1 1550  21.9  29.1 1331  16.5  446  16.3  28.4  15.9  73.9  42.0 1252  18.5  -9.0  -9.0 -9.00  967.1 1002.3 1006.3  123  998.1 1729  7.5  5.8 14.6 -9.0 -9.00 -9.00   -9    7.2   -9.0 -9.00    6.8 1956    2.9 2046   -9.0   -9   -9.0   -9   -9.0   -9 -99.0 -99.0 -99.0 -99.0 -99.0
20260604 221  1.9  1622  25  5.1 1822  27 10.5 1815  22.3  28.3 1319  17.3  454  17.2  26.4  14.8  75.8  46.0 1321  19.6  -9.0  -9.0 -9.00  972.1 1002.0 1005.0  151  998.6 1639  7.0  3.8 14.6 -9.0 -9.00 -9.00   -9   24.2   -9.0 -9.00   19.5 1841    4.6 1902   -9.0   -9   -9.0   -9   -9.0   -9 -99.0 -99.0 -99.0 -99.0 -99.0
20260604 226  2.0  1766  18  5.1 1426  14  8.7 1516  23.4  27.9 1322  18.7  544  17.6  27.2  16.1  72.5  48.0 1304  20.2  -9.0  -9.0 -9.00  983.0 1002.4 1005.0  103  999.8 1519  4.5  7.4 14.5 -9.0 -9.00 -9.00   -9    0.0   -9.0 -9.00    0.0   -9    0.0   -9   -9.0   -9   -9.0   -9   -9.0   -9 -99.0 -99.0 -99.0 -99.0 -99.0
20260604 232  1.9  1602  27  5.5 1805  29  9.7 1758  23.6  29.0 1244  18.8  341  18.3  28.5  17.1  74.4  51.0 1246  21.1  -9.0  -9.0 -9.00  992.9 1002.6 1005.3   57 1000.0 1535  6.9  5.9 14.6 -9.0 -9.00 -9.00   -9    0.0   -9.0 -9.00    0.0   -9    0.0   -9   -9.0   -9   -9.0   -9   -9.0   -9 -99.0 -99.0 -99.0 -99.0 -99.0
20260604 235  1.9  1607  20  4.8 1553  23  7.6 1305  22.2  27.8 1025  19.4  320  18.5  26.2  16.9  80.4  57.0 1023  21.3   5.5   3.8 -9.00 1001.2 1002.3 1004.4   42 1000.5 1242  7.4  6.1 14.5 -9.0 20.61  2.90 1300   -9.0   -9.0 -9.00   -9.0   -9   -9.0   -9   -9.0   -9   -9.0   -9   -9.0   -9 -99.0 -99.0 -99.0 -99.0 -99.0
20260604 236  1.6  1402  20  5.0 1503  18  8.9 1459  23.7  29.1 1307  19.0  520  18.8  28.7  16.9  75.6  53.0 1442  21.8  -9.0  -9.0 -9.00 1001.2 1002.8 1004.9   19 1000.7 1500  4.3  7.7 14.5 -9.0 -9.00 -9.00   -9    0.0   -9.0 -9.00    0.0   -9    0.0   -9   -9.0   -9   -9.0   -9   -9.0   -9 -99.0 -99.0 -99.0 -99.0 -99.0
20260604 238  1.6  1401  18  4.6 1551  20  7.8 1448  24.2  29.2 1429  19.5  532  18.0  29.1  16.1  70.3  50.0 1401  20.7  -9.0  -9.0 -9.00  982.6 1001.8 1004.2    2  999.3 1528  4.9  7.2 14.5 -9.0 -9.00 -9.00   -9    0.0   -9.0 -9.00    0.0   -9    0.0   -9   -9.0   -9   -9.0   -9   -9.0   -9 -99.0 -99.0 -99.0 -99.0 -99.0
20260604 239  1.6  1355  16  5.1 1223  16  9.4 1218  23.8  28.7 1206  20.3  529  18.8  27.5  19.1  74.8  54.0 1109  21.7   6.1   4.3 -9.00  991.5 1001.7 1004.3   52  999.1 1522  5.0  8.6 14.5 -9.0 23.75  3.38 1100    3.7   -9.0 -9.00    3.7 1219    2.8 1229   -9.0   -9   -9.0   -9   -9.0   -9 -99.0 -99.0 -99.0 -99.0 -99.0
20260604 243  2.1  1774  29  6.5 1723  29  9.9 1737  23.3  28.7 1232  19.5  356  18.5  26.7  15.9  76.3  50.0 1236  21.3  -9.0  -9.0 -9.00 1001.7 1003.1 1005.2   41 1001.3 1633  5.5  4.9 14.5 -9.0 -9.00 -9.00   -9   -9.0   -9.0 -9.00   -9.0   -9   -9.0   -9   -9.0   -9   -9.0   -9   -9.0   -9 -99.0 -99.0 -99.0 -99.0 -99.0
20260604 244  1.5  1337  34  3.7 1701  34  6.8 1803  22.5  26.9 1626  19.0  537  18.1  25.2  16.6  77.4  54.0 1626  20.8  -9.0  -9.0 -9.00  974.6 1002.5 1004.9  117 1000.1 1652  6.0  5.7 14.5 -9.0 -9.00 -9.00   -9    0.0   -9.0 -9.00    0.0   -9    0.0   -9   -9.0   -9   -9.0   -9   -9.0   -9 -99.0 -99.0 -99.0 -99.0 -99.0
20260604 245  2.4  2086  25  6.0 1808  27 10.4 1806  23.5  28.3 1719  19.5  509  18.3  28.4  16.6  74.1  55.0 1456  21.1   4.8   3.4 -9.00  995.0 1002.9 1005.0   39 1000.9 1645  6.4  4.8 14.4 -9.0 15.86  2.63 1100    0.0   -9.0 -9.00    0.0   -9    0.0   -9   -9.0   -9   -9.0   -9   -9.0   -9 -99.0 -99.0 -99.0 -99.0 -99.0
20260604 247  1.4  1197  27  4.8 1627  23  7.9 1626  23.5  28.0 1514  19.9  506  18.5  26.4  18.6  75.0  55.0 1517  21.3  -9.0  -9.0 -9.00  987.3 1002.4 1005.0  104 1000.0 1543  7.3  3.7 14.4 -9.0 -9.00 -9.00   -9   -9.0   -9.0 -9.00   -9.0   -9   -9.0   -9   -9.0   -9   -9.0   -9   -9.0   -9 -99.0 -99.0 -99.0 -99.0 -99.0
20260604 248  1.3  1132  27  4.6 1913  27  8.6 1908  21.6  26.3 1548  17.4  544  17.2  25.3  15.0  77.3  56.0 1514  19.6  -9.0  -9.0 -9.00  957.1 1002.7 1005.3  117 1000.1 1548  7.5  3.9 14.5 -9.0 -9.00 -9.00   -9    0.0   -9.0 -9.00    0.0   -9    0.0   -9   -9.0   -9   -9.0   -9   -9.0   -9 -99.0 -99.0 -99.0 -99.0 -99.0
20260604 251  1.7  1482  27  5.8 1736  27  9.1 1735  22.0  26.6 1649  18.3  421  18.3  24.8  17.4  80.3  59.0 1715  21.0  -9.0  -9.0 -9.00  996.6 1003.0 1005.3   47 1001.2 1741  8.1 -9.0 14.4 -9.0 -9.00 -9.00   -9   -9.0   -9.0 -9.00   -9.0   -9   -9.0   -9   -9.0   -9   -9.0   -9   -9.0   -9 -99.0 -99.0 -99.0 -99.0 -99.0
20260604 252  1.7  1467  16  3.6 1049  25  7.2 1702  22.3  27.8 1618  19.0  421  18.6  24.2  15.8  80.8  57.0 1619  21.5   4.7   3.3 -9.00  998.7 1002.9 1004.7  102 1001.1 1640  7.0  4.0 14.4 -9.0 17.37  2.50 1300   -9.0   -9.0 -9.00   -9.0   -9   -9.0   -9   -9.0   -9   -9.0   -9   -9.0   -9 -99.0 -99.0 -99.0 -99.0 -99.0
20260604 253  1.4  1201  14  3.3 1043  14  6.2 1041  22.2  26.3 1333  19.7 2357  19.2  24.5  18.0  84.0  62.0 1338  22.2   4.0   2.8 -9.00  997.7 1004.0 1006.4   44 1001.7 1750  7.3  3.4 14.4 -9.0 14.63  2.35 1300   -9.0   -9.0 -9.00   -9.0   -9   -9.0   -9   -9.0   -9   -9.0   -9   -9.0   -9 -99.0 -99.0 -99.0 -99.0 -99.0
20260604 254  1.7  1453  32  4.1 1949  18  7.2 1511  22.9  27.4 1507  18.5  532  17.0  27.8  17.1  70.9  51.0 1555  19.4   4.8   3.3 -9.00  988.5 1003.2 1005.4   58 1001.2 1506  5.1  3.9 14.4 -9.0 14.96  2.76 1400   -9.0   -9.0 -9.00   -9.0   -9   -9.0   -9   -9.0   -9   -9.0   -9   -9.0   -9 -99.0 -99.0 -99.0 -99.0 -99.0
20260604 255  0.9   786  14  2.3 1406   9  5.3 1401  23.3  28.1 1344  20.4 2337  18.9  23.5  17.4  77.6  53.0 1348  21.9   4.3   3.0 -9.00  997.1 1002.9 1005.6  232 1000.3 1740  7.1  4.9 14.4 -9.0 15.33  2.82 1300   -9.0   -9.0 -9.00   -9.0   -9   -9.0   -9   -9.0   -9   -9.0   -9   -9.0   -9 -99.0 -99.0 -99.0 -99.0 -99.0
20260604 257  1.3  1083  16  4.1 1457  11  7.4 1100  23.1  28.9 1421  19.3 2357  19.3  25.9  17.2  80.8  54.0 1422  22.5   4.4   3.1 -9.00 1002.6 1003.3 1005.9  117 1000.7 1801  7.3  3.4 14.4 -9.0 16.46  2.89 1400   -9.0   -9.0 -9.00   -9.0   -9   -9.0   -9   -9.0   -9   -9.0   -9   -9.0   -9 -99.0 -99.0 -99.0 -99.0 -99.0
20260604 258  2.6  2232  14  5.0  900  14  7.2  852  22.6  25.8 1535  20.5  227  19.6  23.1  19.7  83.9  65.0 1730  22.8   4.3   3.0 -9.00 1003.5 1003.7 1005.8  223 1001.7 1530  8.0  2.4 14.4 -9.0 14.27  2.77 1500   -9.0   -9.0 -9.00   -9.0   -9   -9.0   -9   -9.0   -9   -9.0   -9   -9.0   -9 -99.0 -99.0 -99.0 -99.0 -99.0
20260604 259  1.8  1541  11  4.0 1358   9  7.7 1404  22.7  29.0 1319  20.2  126  19.4  23.3  19.8  82.5  57.0 1326  22.6   3.5   2.4 -9.00 1001.2 1003.0 1005.0   54 1001.3 1453  8.0  1.2 14.4 -9.0  9.18  2.33 1400    0.0   -9.0 -9.00    0.0   -9    0.0   -9   -9.0   -9   -9.0   -9   -9.0   -9 -99.0 -99.0 -99.0 -99.0 -99.0
20260604 260  1.8  1591  16  5.6  809  16  8.3  808  22.4  25.8 1527  20.3  337  19.7  24.3  19.4  85.0  69.0 1539  22.9  -9.0  -9.0 -9.00  998.0 1003.0 1005.1  226 1001.3 1506  7.5  1.7 14.4 -9.0 -9.00 -9.00   -9    0.0   -9.0 -9.00    0.0   -9    0.0   -9   -9.0   -9   -9.0   -9   -9.0   -9 -99.0 -99.0 -99.0 -99.0 -99.0
20260604 261  3.3  2834  11  7.1  824  11 10.2  817  22.3  26.2 1522  19.4 2357  19.6  24.4  15.6  85.0  68.0 1506  22.7  -9.0  -9.0 -9.00 1001.5 1003.4 1005.3 2236 1001.9 1508  7.4  3.0 14.4 -9.0 -9.00 -9.00   -9    0.0   -9.0 -9.00    0.0   -9    0.0   -9   -9.0   -9   -9.0   -9   -9.0   -9 -99.0 -99.0 -99.0 -99.0 -99.0
20260604 262  1.7  1487  27  4.6 2153  27  8.8 2151  21.8  25.5 1505  20.0 2109  19.2  24.4  20.9  85.8  71.0 1508  22.3   3.7   2.6 -9.00  997.2 1003.2 1005.2   35 1001.3 1535  8.0  2.1 14.4 -9.0 11.57  2.58 1500    0.0   -9.0 -9.00    0.0   -9    0.0   -9   -9.0   -9   -9.0   -9   -9.0   -9 -99.0 -99.0 -99.0 -99.0 -99.0
20260604 263  1.4  1198  14  4.1 1331  14  5.7 1325  22.6  26.9 1422  19.2  521  17.2  25.7  17.5  73.3  49.0 1843  19.6   5.3   3.7 -9.00 1001.5 1003.1 1005.7   56 1000.9 1720  6.4  4.2 14.4 -9.0 18.16  3.46 1300   -9.0   -9.0 -9.00   -9.0   -9   -9.0   -9   -9.0   -9   -9.0   -9   -9.0   -9 -99.0 -99.0 -99.0 -99.0 -99.0
20260604 264  1.8  1589  16  4.7 1355  18  9.4 1356  22.7  27.7 1620  17.9  538  16.2  25.8  17.2  67.6  48.0 1536  18.4   6.3   4.4 -9.00  985.7 1002.9 1005.6  128 1000.4 1623  6.1  3.9 14.5 -9.0 18.99  3.26 1300    0.0   -9.0 -9.00    0.0   -9    0.0   -9   -9.0   -9   -9.0   -9   -9.0   -9 -99.0 -99.0 -99.0 -99.0 -99.0
20260604 266  1.6  1364   9  4.4 1311   9  7.9 1303  22.2  26.6 1745  20.3  413  19.4  23.9  18.8  85.4  61.0 1736  22.6   3.7   2.6 -9.00  993.4 1003.5 1005.9  234 1001.3 1631  6.8  3.2 14.4 -9.0 12.45  2.74 1500    0.0   -9.0 -9.00    0.0   -9    0.0   -9   -9.0   -9   -9.0   -9   -9.0   -9 -99.0 -99.0 -99.0 -99.0 -99.0
20260604 268  1.5  1283   9  3.8 1244  11  8.4  651  21.3  25.4 1348  17.8 2337  18.9  23.1  18.9  86.9  66.0 1314  21.8  -9.0  -9.0 -9.00 1000.9 1002.0 1004.1 2244 1000.4 1245  6.6  4.9 14.4 -9.0 -9.00 -9.00   -9   -9.0   -9.0 -9.00   -9.0   -9   -9.0   -9   -9.0   -9   -9.0   -9   -9.0   -9 -99.0 -99.0 -99.0 -99.0 -99.0
20260604 271  1.8  1591  16  5.2 1203  16  8.1 1453  22.0  27.1 1329  15.4  418  15.3  27.2  13.2  68.6  46.0 1421  17.4  -9.0  -9.0 -9.00  966.2 1002.8 1006.6  158  999.1 1752  6.5  6.3 14.6 -9.0 -9.00 -9.00   -9   -9.0   -9.0 -9.00   -9.0   -9   -9.0   -9   -9.0   -9   -9.0   -9   -9.0   -9 -99.0 -99.0 -99.0 -99.0 -99.0
20260604 272  1.9  1641  32  7.1 2146  29 13.0 2200  22.9  28.0 1413  19.3  240  17.4  28.3  17.7  72.4  51.0 1709  19.8  -9.0  -9.0 -9.00  978.5 1002.4 1005.6    1  999.1 1734  5.8  5.5 14.6 -9.0 -9.00 -9.00   -9    0.0   -9.0 -9.00    0.0   -9    0.0   -9   -9.0   -9   -9.0   -9   -9.0   -9 -99.0 -99.0 -99.0 -99.0 -99.0
20260604 273  2.0  1729  29  6.0 2143  32 10.9 2134  24.0  28.9 1222  20.6  556  18.0  26.7  17.8  70.3  53.0 1651  20.6  -9.0  -9.0 -9.00  982.2 1001.7 1004.7   17  998.8 1723  5.4  4.6 14.5 -9.0 -9.00 -9.00   -9   -9.0   -9.0 -9.00   -9.0   -9   -9.0   -9   -9.0   -9   -9.0   -9   -9.0   -9 -99.0 -99.0 -99.0 -99.0 -99.0
20260604 276  1.9  1680  20  4.4 1412  14  7.7 1651  22.8  28.2 1422  16.4  501  16.8  32.0  14.2  71.9  42.0 1616  19.2   7.1   5.0 -9.00  978.7 1002.2 1005.6   45  999.1 1800  4.4 10.5 14.5 -9.0 26.19  3.35 1300   -9.0   -9.0 -9.00   -9.0   -9   -9.0   -9   -9.0   -9   -9.0   -9   -9.0   -9 -99.0 -99.0 -99.0 -99.0 -99.0
20260604 277  1.5  1297  14  4.1 1647  20  7.3 1741  21.2  24.7 1446  18.2 2332  18.2  34.1  16.2  84.0  68.0 1330  20.9  -9.0  -9.0 -9.00  998.9 1003.5 1006.3   44 1001.2 1801  4.5  8.0 14.5 -9.0 -9.00 -9.00   -9   -9.0   -9.0 -9.00   -9.0   -9   -9.0   -9   -9.0   -9   -9.0   -9   -9.0   -9 -99.0 -99.0 -99.0 -99.0 -99.0
20260604 278  1.2  1058  23  3.9 1607  18  7.6 1419  24.0  29.9 1402  17.5  538  17.4  29.5  15.7  69.5  44.0 1419  19.9  -9.0  -9.0 -9.00  992.3 1001.5 1004.6   42  998.7 1731  4.0  9.0 14.5 -9.0 -9.00 -9.00   -9   -9.0   -9.0 -9.00   -9.0   -9   -9.0   -9   -9.0   -9   -9.0   -9   -9.0   -9 -99.0 -99.0 -99.0 -99.0 -99.0
20260604 279  1.6  1351  11  3.1 1504  11  6.6 1459  24.7  28.6 1444  20.3  503  17.4  29.3  18.2  65.5  46.0 1635  19.9   5.8   4.0 -9.00  996.6 1002.2 1004.8  351  999.5 1756  4.6  6.2 14.5 -9.0 19.36  2.47 1200   -9.0   -9.0 -9.00   -9.0   -9   -9.0   -9   -9.0   -9   -9.0   -9   -9.0   -9 -99.0 -99.0 -99.0 -99.0 -99.0
20260604 281  1.9  1616  11  3.6 1129  14  6.7 1315  22.5  27.1 1531  19.2  452  17.5  25.7  18.4  75.0  50.0 1633  20.0  -9.0  -9.0 -9.00  992.4 1003.4 1006.1   35 1000.5 1744  4.9  7.9 14.5 -9.0 -9.00 -9.00   -9   -9.0   -9.0 -9.00   -9.0   -9   -9.0   -9   -9.0   -9   -9.0   -9   -9.0   -9 -99.0 -99.0 -99.0 -99.0 -99.0
20260604 283  2.0  1760  11  4.7 1208  14  7.4  958  22.5  27.6 1530  19.1  518  17.9  26.6  16.0  77.0  52.0 1549  20.5   6.0   4.2 -9.00  999.0 1003.6 1006.3   40 1000.8 1800  5.3  7.6 14.5 -9.0 22.45  2.85 1300   -9.0   -9.0 -9.00   -9.0   -9   -9.0   -9   -9.0   -9   -9.0   -9   -9.0   -9 -99.0 -99.0 -99.0 -99.0 -99.0
20260604 284  1.5  1265  14  4.3 1425  16  7.0 1416  21.8  26.7 1528  17.8  532  18.0  24.8  16.1  79.8  56.0 1547  20.6   4.3   3.0 -9.00  975.9 1001.8 1004.6  127  999.1 1738  5.0  3.8 14.5 -9.0 14.72  2.49 1500    0.0   -9.0 -9.00    0.0   -9    0.0   -9   -9.0   -9   -9.0   -9   -9.0   -9 -99.0 -99.0 -99.0 -99.0 -99.0
20260604 285  0.7   609   9  2.2 1305  20  5.8 1326  22.5  28.2 1539  19.0  453  18.9  26.8  18.7  81.5  54.0 1529  21.8  -9.0  -9.0 -9.00 1000.0 1003.0 1005.8  131 1000.7 1649  5.4  5.0 14.5 -9.0 -9.00 -9.00   -9   -9.0   -9.0 -9.00   -9.0   -9   -9.0   -9   -9.0   -9   -9.0   -9   -9.0   -9 -99.0 -99.0 -99.0 -99.0 -99.0
20260604 288  1.4  1222  16  3.7 1414  18  6.3 1501  23.4  28.6 1423  20.2 2356  18.5  27.2  17.9  75.9  49.0 1433  21.3   5.4   3.8 -9.00 1000.7 1001.6 1004.5  149  999.2 1736  6.4  6.4 14.5 -9.0 20.80  3.50 1300   -9.0   -9.0 -9.00   -9.0   -9   -9.0   -9   -9.0   -9   -9.0   -9   -9.0   -9 -99.0 -99.0 -99.0 -99.0 -99.0
20260604 289  1.3  1095   7  3.8  827   7  7.0  827  21.9  27.0 1527  18.8  522  18.7  24.3  17.2  82.8  62.0 1550  21.6  -9.0  -9.0 -9.00  987.9 1003.6 1006.1   53 1001.1 1743  7.0  2.9 14.4 -9.0 -9.00 -9.00   -9    0.3   -9.0 -9.00    0.3   -9    0.1   -9   -9.0   -9   -9.0   -9   -9.0   -9 -99.0 -99.0 -99.0 -99.0 -99.0
20260604 294  1.4  1194   9  3.1  942   9  6.0 1157  21.0  23.3 1731  17.8 2320  18.2  24.2  15.4  84.6  74.0 1737  20.9  -9.0  -9.0 -9.00  998.9 1004.1 1006.4  154 1001.9 1801  7.8  1.6 14.4 -9.0 -9.00 -9.00   -9    0.0   -9.0 -9.00    0.0   -9    0.0   -9   -9.0   -9   -9.0   -9   -9.0   -9 -99.0 -99.0 -99.0 -99.0 -99.0
20260604 295  1.0   892  11  3.1 1310  11  4.7 1312  21.6  24.9 1643  19.6 2326  18.5  23.5  17.6  83.0  68.0 1436  21.3  -9.0  -9.0 -9.00  998.1 1003.3 1005.7   50 1001.4 1647  7.8  1.8 14.4 -9.0 -9.00 -9.00   -9   -9.0   -9.0 -9.00   -9.0   -9   -9.0   -9   -9.0   -9   -9.0   -9   -9.0   -9 -99.0 -99.0 -99.0 -99.0 -99.0
20260604 296  1.4  1178  11  3.3 1034  11  6.4 1029  23.1  26.3 1655  19.5 2333  19.3  25.4  15.3  80.6  64.0 1659  22.4   4.0   2.8 -9.00 1002.3 1002.6 1005.1  159 1000.2 1801  7.3  3.8 14.4 -9.0 15.26  1.91 1400   -9.0   -9.0 -9.00   -9.0   -9   -9.0   -9   -9.0   -9   -9.0   -9   -9.0   -9 -99.0 -99.0 -99.0 -99.0 -99.0
20260605  90  2.2  1936  23  6.0 1232  27 11.7 1230  21.2  26.8 1504  16.2  454  12.7  24.7  14.3  63.4  29.0 1620  15.0   8.5   6.0 -9.00 1002.8 1004.9 1010.0 2335 1001.1  145  2.0 11.6 14.7 -9.0 28.78  3.73 1100    0.0   -9.0 -9.00    0.0   -9    0.0   -9   -9.0   -9   -9.0   -9   -9.0   -9 -99.0 -99.0 -99.0 -99.0 -99.0
20260605  93  2.1  1795  23  6.6 1219  25 10.3 1230  20.5  25.0 1651  14.3 2346  13.6  25.0  13.0  68.6  34.0 1602  15.9   7.7   5.4 -9.00  995.5 1006.6 1012.2 2349 1001.5  118  1.6 11.7 14.7 -9.0 29.46  3.85 1100   -9.0   -9.0 -9.00   -9.0   -9   -9.0   -9   -9.0   -9   -9.0   -9   -9.0   -9  23.8  21.5  18.3  14.1  12.6
20260605  95  1.5  1273  23  3.7 1421  25  8.4 1412  18.9  24.3 1633  13.8 2359  13.2  23.1  11.8  73.8  32.0 1819  15.4   5.9   4.1 -9.00  989.4 1007.4 1012.6 2351 1002.4    1  2.8  8.8 14.7 -9.0 23.71  3.63 1200   -9.0   -9.0 -9.00   -9.0   -9   -9.0   -9   -9.0   -9   -9.0   -9   -9.0   -9 -99.0 -99.0 -99.0 -99.0 -99.0
20260605  98  1.3  1160  29  3.6 1525  27  8.7 1506  19.4  25.5 1547  15.1 2356  12.2  23.8  11.9  66.3  34.0 1714  14.4   5.7   4.0 -9.00  993.8 1007.2 1012.0 2333 1001.7   40  2.4  5.7 14.7 -9.0 20.99  2.87 1200    0.8   -9.0 -9.00    0.8  119    0.7  205   -9.0   -9   -9.0   -9   -9.0   -9 -99.0 -99.0 -99.0 -99.0 -99.0
20260605  99  1.6  1387  34  4.3 1622  34  9.0 1512  19.2  25.6 1510  15.0 2400  12.6  24.9  10.8  70.1  29.0 1730  14.8   6.5   4.5 -9.00 1004.5 1008.0 1012.4 2321 1002.6   35  2.3  8.9 14.7 -9.0 24.87  3.75 1200   -9.0   -9.0 -9.00   -9.0   -9   -9.0   -9   -9.0   -9   -9.0   -9   -9.0   -9 -99.0 -99.0 -99.0 -99.0 -99.0
20260605 100  3.8  3324  27  8.6 1114  29 15.6 1112  16.6  20.6 1529  10.1 2344  10.8  20.7   6.5  70.5  44.0 1613  13.1   7.6   5.3 -9.00  919.1 1005.4 1013.0 2339 1001.1  206  1.9 12.5 14.7 -9.0 31.53  3.79 1100   -9.0   -9.0 -9.00   -9.0   -9   -9.0   -9   -9.0   -9   -9.0   -9   -9.0   -9 -99.0 -99.0 -99.0 -99.0 -99.0
20260605 101  2.3  1956  25  5.6 1232  25  9.3 1232  20.5  25.2 1544  14.3 2400  13.0  25.0  10.2  65.5  37.0 1539  15.3   8.1   5.7 -9.00  996.9 1005.7 1011.3 2349 1000.6  104  1.8 11.2 14.7 -9.0 29.77  3.78 1100    0.0   -9.0 -9.00    0.0   -9    0.0   -9   -9.0   -9   -9.0   -9   -9.0   -9  22.7  19.1  16.9  14.7  15.0
20260605 102  3.3  2827  29  5.8 1738  32  9.6 1336  17.3  20.6 1320  13.8  445  13.8  22.1  10.0  80.8  64.0 1307  15.9   1.2   0.8 -9.00   -9.0   -9.0 1010.9 2341 1008.1 1755  0.6 14.0 14.7 -9.0 32.08  3.73 1200   -9.0   -9.0 -9.00   -9.0   -9   -9.0   -9   -9.0   -9   -9.0   -9   -9.0   -9 -99.0 -99.0 -99.0 -99.0 -99.0
20260605 104  2.0  1716  25  5.4 1045  27  9.8 1045  20.4  27.1 1524  15.3  334  13.8  23.5  11.1  70.3  33.0 1648  16.1   8.4   5.9 -9.00  995.3 1004.0 1009.8 2344 1000.1  150  1.1 12.0 14.7 -9.0 28.38  3.72 1200   -9.0   -9.0 -9.00   -9.0   -9   -9.0   -9   -9.0   -9   -9.0   -9   -9.0   -9  22.2  19.6  17.1  13.6  13.2
20260605 105  2.4  2116  23  6.2 1334  25 12.2 1331  21.9  27.0 1528  16.4  443  11.6  26.2  13.4  56.5  30.0 1731  13.9   9.9   6.9 -9.00 1001.8 1005.0 1010.5 2341 1001.0  131  1.4 13.0 14.7 -9.0 29.58  3.50 1200   -9.0   -9.0 -9.00   -9.0   -9   -9.0   -9   -9.0   -9   -9.0   -9   -9.0   -9  23.0  20.2  18.5  15.2  14.6
20260605 106  1.8  1538   5  3.8 1245  29  7.4 1614  19.8  27.5 1631  15.7  350  15.3  25.7  12.4  76.5  32.0 1634  17.5   7.2   5.0 -9.00 1000.6 1005.3 1010.9 2337 1001.0  253  2.0 12.4 14.6 -9.0 28.50  3.42 1100   -9.0   -9.0 -9.00   -9.0   -9   -9.0   -9   -9.0   -9   -9.0   -9   -9.0   -9 -99.0 -99.0 -99.0 -99.0 -99.0
20260605 108  3.0  2569  29  4.7 1529  27 10.1 1547  20.6  25.2 1558  17.4  645  13.2  26.0  12.2  64.3  38.0 1522  15.3   7.2   5.0 -9.00  997.6 1007.5 1012.0 2259 1002.2    1  1.9  8.9 14.7 -9.0 25.16  3.17 1100   -9.0   -9.0 -9.00   -9.0   -9   -9.0   -9   -9.0   -9   -9.0   -9   -9.0   -9  22.4  19.7  18.4  14.8  13.6
20260605 112  3.0  2628  23  6.6 1556  25  9.5 1608  19.4  23.9 1400  16.3  539  14.0  24.0  14.2  72.3  48.0 1401  16.0   7.5   5.3 -9.00  999.8 1007.8 1012.0 2316 1002.4   17  1.1 12.0 14.6 -9.0 29.97  3.57 1100   -9.0   -9.0 -9.00   -9.0   -9   -9.0   -9   -9.0   -9   -9.0   -9   -9.0   -9  21.4  19.5  14.0  16.8  13.5
20260605 114  2.5  2121  23  4.3 1109  20  8.2 1103  20.8  25.0 1456  16.9 2350  13.3  25.6  12.1  64.5  37.0 1708  15.5   7.4   5.2 -9.00  989.6 1006.9 1012.1 2336 1001.9  108  3.1  9.4 14.6 -9.0 27.06  3.42 1100    0.0   -9.0 -9.00    0.0   -9    0.0   -9   -9.0   -9   -9.0   -9   -9.0   -9 -99.0 -99.0 -99.0 -99.0 -99.0
20260605 115  3.0  2626  32  5.7 2357  34 11.6 1953  21.4  25.0 1154  18.7  218  17.3  25.8  16.4  79.1  46.0 2149  20.1   7.3   5.1 -9.00  979.8 1005.0 1009.9 2354 1001.9  250  3.3  7.5 14.6 -9.0 22.18  3.27 1100   -9.0   -9.0 -9.00   -9.0   -9   -9.0   -9   -9.0   -9   -9.0   -9   -9.0   -9  19.8  16.6  15.6  12.5  13.1
20260605 119  3.1  2658  29  5.5 1631  29  9.7 1619  19.3  24.5 1436  15.4 2356  12.3  30.3  10.8  66.3  40.0 1636  14.4   7.5   5.2 -9.00 1003.2 1007.8 1012.1 2256 1002.4   15  4.0 10.2 14.6 -9.0 27.87  3.59 1200   -9.0   -9.0 -9.00   -9.0   -9   -9.0   -9   -9.0   -9   -9.0   -9   -9.0   -9  22.4  19.2  16.8  13.1  12.7
20260605 121  2.2  1858  23  5.4 1151  29  9.5 1119  19.3  24.5 1545  13.1 2339  13.0  24.3  10.5  70.3  39.0 1739  15.2   7.4   5.2 -9.00  979.3 1006.9 1012.9 2341 1002.5   50  2.9  9.3 14.6 -9.0 27.68  3.85 1200    0.0   -9.0 -9.00    0.0   -9    0.0   -9   -9.0   -9   -9.0   -9   -9.0   -9 -99.0 -99.0 -99.0 -99.0 -99.0
20260605 127  2.2  1918  25  4.6  949  25  8.8 1304  20.7  25.0 1610  14.7 2337  12.6  25.2  13.1  63.0  33.0 1706  14.9   7.2   5.0 -9.00  993.3 1006.5 1011.6 2343 1001.4  109  3.0  8.3 14.6 -9.0 25.45  3.67 1300   -9.0   -9.0 -9.00   -9.0   -9   -9.0   -9   -9.0   -9   -9.0   -9   -9.0   -9 -99.0 -99.0 -99.0 -99.0 -99.0
20260605 129  2.8  2445  29  6.2  954  32  9.9  954  18.9  24.2 1617  14.6  544  11.2  28.5  10.9  64.5  36.0 1643  13.4   8.4   5.9 -9.00 1006.0 1009.0 1012.7 2315 1003.3    1  0.5 12.9 14.6 -9.0 30.85  3.59 1100   -9.0   -9.0 -9.00   -9.0   -9   -9.0   -9   -9.0   -9   -9.0   -9   -9.0   -9  22.2  19.2  19.0  14.1  14.7
20260605 130  1.7  1458   7  4.8 1130   7  7.0 1125  20.6  26.9  849  16.2 2358  17.1  28.8  11.6  81.8  50.0  854  19.7  -9.0  -9.0 -9.00  999.6 1005.3 1010.7 2329 1001.3  359  2.0 13.8 14.6 -9.0 -9.00 -9.00   -9   -9.0   -9.0 -9.00   -9.0   -9   -9.0   -9   -9.0   -9   -9.0   -9   -9.0   -9 -99.0 -99.0 -99.0 -99.0 -99.0
20260605 131  2.1  1794  27  4.2 1456  27  9.5 1358  22.1  26.8 1420  18.5  658  10.9  27.3  14.3  51.1  25.0 1410  13.2   9.1   6.4 -9.00 1000.7 1007.4 1011.9 2400 1002.0  202  2.1 11.9 14.6 -9.0 31.22  3.86 1200   -9.0   -9.0 -9.00   -9.0   -9   -9.0   -9   -9.0   -9   -9.0   -9   -9.0   -9 -99.0 -99.0 -99.0 -99.0 -99.0
20260605 133  2.6  2249  32  5.8 1452  34 11.1 1444  21.3  26.2 1422  16.8 2400  11.1  26.0  11.8  55.8  25.0 1503  13.6   9.3   6.5 -9.00 1000.2 1008.1 1012.5 2350 1002.9   55  2.6 12.9 14.5 -9.0 30.91  3.74 1200   -9.0   -9.0 -9.00   -9.0   -9   -9.0   -9   -9.0   -9   -9.0   -9   -9.0   -9  24.1  22.0  19.5  16.1  15.8
20260605 135  3.2  2743  27  7.5 1012  27 12.4 1555  20.2  24.6 1501  13.2 2348  10.6  27.3  11.3  57.6  25.0 1645  13.2   8.0   5.6 -9.00  978.9 1006.9 1012.4 2344 1002.3    1  3.6 11.2 14.5 -9.0 29.27  3.57 1200    0.0   -9.0 -9.00    0.0   -9    0.0   -9   -9.0   -9   -9.0   -9   -9.0   -9 -99.0 -99.0 -99.0 -99.0 -99.0
20260605 136  2.3  1973  29  5.6 1310  29 10.5 1252  21.9  26.6 1633  16.7 2326  12.6  30.3  13.3  57.6  31.0 1643  14.8   8.5   5.9 -9.00  990.8 1007.0 1012.3 2322 1002.6    1  3.4 12.5 14.6 -9.0 28.95  3.63 1200   -9.0   -9.0 -9.00   -9.0   -9   -9.0   -9   -9.0   -9   -9.0   -9   -9.0   -9 -99.0 -99.0 -99.0 -99.0 -99.0
20260605 137  1.9  1679  27  3.8 1417  23  9.5 1416  22.7  27.2 1454  18.1 2339  12.2  31.4  13.6  54.3  23.0 1611  14.5   8.7   6.1 -9.00  994.9 1005.9 1011.0 2339 1001.2  127  2.9 13.0 14.5 -9.0 30.32  3.62 1100    0.0   -9.0 -9.00    0.0   -9    0.0   -9   -9.0   -9   -9.0   -9   -9.0   -9 -99.0 -99.0 -99.0 -99.0 -99.0
20260605 138  2.7  2328  27  6.1 1237  25  9.6 1020  24.0  29.0 1520  19.3  530  11.1  28.2  14.7  49.3  24.0 1446  13.8  10.2   7.1 -9.00 1004.5 1005.0 1010.2 2354 1001.5   49  4.3 13.3 14.5 -9.0 27.53  3.17 1400   -9.0   -9.0 -9.00   -9.0   -9   -9.0   -9   -9.0   -9   -9.0   -9   -9.0   -9  21.5  18.7  17.4  15.5  15.7
20260605 140  3.9  3381  29  6.7 1606  29  9.7 1445  18.8  22.2 1710  15.1 2348  14.0  25.7   9.2  75.5  57.0 1229  16.1  -9.0  -9.0 -9.00 1006.5 1009.7 1013.4 2333 1004.2   43  2.9 11.8 14.5 -9.0 -9.00 -9.00   -9    0.5   -9.0 -9.00    0.5   45    0.5   49   -9.0   -9   -9.0   -9   -9.0   -9 -99.0 -99.0 -99.0 -99.0 -99.0
20260605 143  2.8  2387  29  6.2 1346  29  9.7 1344  23.4  27.3 1653  18.8 2359   9.9  28.2  13.9  47.6  20.0 1836  13.0  10.4   7.2 -9.00  999.6 1005.7 1010.9 2348 1001.5   40  4.1 13.2 14.5 -9.0 27.76  3.73 1200   -9.0   -9.0 -9.00   -9.0   -9   -9.0   -9   -9.0   -9   -9.0   -9   -9.0   -9 -99.0 -99.0 -99.0 -99.0 -99.0
20260605 146  3.2  2774  27  5.5 1230  29  8.8 1031  20.5  25.6 1526  16.4  530  12.9  25.2  11.6  64.1  37.0 1513  15.0   8.2   5.8 -9.00 1001.6 1008.6 1012.7 2329 1003.6   28  3.8 11.1 14.5 -9.0 28.26  3.49 1200    0.0   -9.0  0.42    0.0   -9    0.0   -9   -9.0   -9   -9.0   -9   -9.0   -9 -99.0 -99.0 -99.0 -99.0 -99.0
20260605 152  1.8  1569   9  4.4 1602   5  9.7 1640  22.5  28.5 1407  17.3  410  11.0  24.7  12.7  53.9  21.0 1518  13.8   9.2   6.5 -9.00  995.8 1005.1 1010.0 2328 1001.8  124  3.4 12.5 14.5 -9.0 27.91  3.27 1200   -9.0   -9.0 -9.00   -9.0   -9   -9.0   -9   -9.0   -9   -9.0   -9   -9.0   -9 -99.0 -99.0 -99.0 -99.0 -99.0
20260605 155  1.4  1244  29  3.3 1156  32  8.0 1155  23.7  29.5 1342  18.2  439  12.2  27.6  15.7  54.6  24.0 1358  14.9   9.1   6.4 -9.00 1002.2 1006.2 1010.9 2346 1002.5  107  4.4 12.2 14.4 -9.0 27.98  3.55 1100   -9.0   -9.0 -9.00   -9.0   -9   -9.0   -9   -9.0   -9   -9.0   -9   -9.0   -9 -99.0 -99.0 -99.0 -99.0 -99.0
20260605 156  2.0  1762   5  4.0 1122   2  8.7 1115  21.8  26.4 1451  17.8 2346  11.3  27.3  11.3  55.1  26.0 1648  13.9   8.8   6.2 -9.00 1000.1 1008.2 1012.5 2321 1002.8   35  4.4 12.8 14.4 -9.0 30.11  3.74 1200    0.0   -9.0  0.05    0.0   -9    0.0   -9   -9.0   -9   -9.0   -9   -9.0   -9 -99.0 -99.0 -99.0 -99.0 -99.0
20260605 159  3.1  2708  23  7.1 1328  29  9.7 1254  24.1  29.6 1638  19.5  222  13.1  25.4  13.3  54.6  25.0 1720  15.8   9.6   6.7 -9.00  997.5 1005.4 1009.8 2352 1002.1  125  6.9 11.2 14.4 -9.0 27.43  3.53 1200   -9.0   -9.0 -9.00   -9.0   -9   -9.0   -9   -9.0   -9   -9.0   -9   -9.0   -9  22.3  20.4  19.4  16.0  16.8
20260605 162  2.1  1775  25  5.2 1414  29  8.4  936  22.6  28.2 1546  18.3  240  14.0  26.4  11.9  62.5  29.0 1757  16.4   8.3   5.8 -9.00 1002.2 1005.7 1010.2 2349 1002.2  115  4.4 11.2 14.4 -9.0 26.80  3.20 1100   -9.0   -9.0 -9.00   -9.0   -9   -9.0   -9   -9.0   -9   -9.0   -9   -9.0   -9 -99.0 -99.0 -99.0 -99.0 -99.0
20260605 165  5.5  4719   2  9.4 1448   2 12.8 1441  20.2  23.0 1414  17.1 2347  13.8  23.8  13.1  69.0  42.0 1633  16.0   8.5   6.0 -9.00 1004.0 1009.2 1012.6 2257 1004.4   18  4.8 11.5 14.4 -9.0 30.12  3.62 1100    0.0   -9.0  0.27    0.0   -9    0.0   -9   -9.0   -9   -9.0   -9   -9.0   -9  23.0  20.9  18.5  16.2  14.9
20260605 168  4.8  4180  34  9.5 1357  32 14.7 1356  22.9  26.5 1502  20.1  452  11.6  28.0  16.9  53.3  25.0 1736  14.3  10.8   7.6 -9.00  999.6 1007.2 1011.4 2332 1003.1  110  5.1 10.4 14.4 -9.0 26.63  3.66 1100   -9.0   -9.0 -9.00   -9.0   -9   -9.0   -9   -9.0   -9   -9.0   -9   -9.0   -9  23.3  20.8  18.7  16.3  16.5
20260605 169  5.0  4355  34  7.8  642  34 10.6  403  19.4  22.6 1544  16.9 2045  16.1  24.5  16.2  82.0  67.0 1658  18.3   6.7   4.7 -9.00 1000.9 1009.7 1012.8 2256 1004.4    2  4.5 13.0 14.4 -9.0 29.94  3.71 1200   -9.0   -9.0 -9.00   -9.0   -9   -9.0   -9   -9.0   -9   -9.0   -9   -9.0   -9 -99.0 -99.0 -99.0 -99.0 -99.0
20260605 170  2.3  1978  34  4.3 1104   2  9.3 1119  22.0  26.8 1511  17.2 2248  13.8  24.7  13.6  61.8  42.0 1805  16.1   7.8   5.5 -9.00 1004.5 1008.6 1012.4 2253 1004.2   39  5.6 11.5 14.4 -9.0 27.18  3.19 1000   -9.0   -9.0 -9.00   -9.0   -9   -9.0   -9   -9.0   -9   -9.0   -9   -9.0   -9 -99.0 -99.0 -99.0 -99.0 -99.0
20260605 172  3.3  2825  32  6.1 1523  29 10.1 1527  19.5  23.6 1633  14.5 2359  13.0  26.5  10.1  69.4  35.0 1511  15.2   8.2   5.7 -9.00 1002.8 1008.9 1012.5 2306 1003.5   39  4.1 13.3 14.4 -9.0 30.60  3.71 1300    0.0   -9.0 -9.00    0.0   -9    0.0   -9   -9.0   -9   -9.0   -9   -9.0   -9 -99.0 -99.0 -99.0 -99.0 -99.0
20260605 174  3.1  2649  32  6.1 1226  34 11.9 1613  20.1  24.8 1337  12.9 2345  10.2  25.1  11.4  56.1  28.0 1602  12.8  -9.0  -9.0 -9.00  987.5 1006.4 1011.4 2334 1001.9   12  3.8 11.6 14.4 -9.0 -9.00 -9.00   -9   -9.0   -9.0 -9.00   -9.0   -9   -9.0   -9   -9.0   -9   -9.0   -9   -9.0   -9 -99.0 -99.0 -99.0 -99.0 -99.0
20260605 177  3.0  2590  23  5.8  852  25 10.0  811  20.4  25.3 1451  16.1  529  12.1  26.6  12.8  62.3  34.0 1527  14.2   8.8   6.1 -9.00 1004.2 1007.4 1011.5 2340 1001.7   13  0.3 13.8 14.6 -9.0 31.53  3.62 1200    0.0   -9.0  0.50    0.0   -9    0.0   -9   -9.0   -9   -9.0   -9   -9.0   -9 -99.0 -99.0 -99.0 -99.0 -99.0
20260605 181  2.7  2303  34  5.7 1522  34 11.8 1237  20.8  25.1 1359  16.0 2357  11.9  27.1   9.9  58.9  31.0 1353  14.1   8.7   6.1 -9.00 1004.2 1008.1 1012.6 2400 1002.6  148  0.5 12.7 14.6 -9.0 31.16  3.70 1200   -9.0   -9.0 -9.00   -9.0   -9   -9.0   -9   -9.0   -9   -9.0   -9   -9.0   -9 -99.0 -99.0 -99.0 -99.0 -99.0
20260605 184  3.0  2574  29  5.3 1513  34  7.8 1459  21.5  25.2 1230  19.1 2357  15.7  25.6  14.8  70.8  45.0 1234  18.0   7.3   5.1 -9.00 1006.7 1009.1 1011.9 2233 1004.3   26  7.8  7.6 14.3 -9.0 24.97  3.90 1300    0.0   -9.0  0.25    0.0   -9    0.0   -9   -9.0   -9   -9.0   -9   -9.0   -9  23.3  21.9  21.3  19.0  16.6
20260605 185  6.8  5875  29 11.5 1508  34 14.6 1501  19.5  21.1 1303  18.5 2326  16.3  23.0  15.7  82.5  68.0 1220  18.7   6.4   4.5 -9.00 1000.7 1009.0 1012.0 2231 1004.7    8  6.8  7.7 14.3 -9.0 25.78  3.93 1200   -9.0   -9.0 -9.00   -9.0   -9   -9.0   -9   -9.0   -9   -9.0   -9   -9.0   -9 -99.0 -99.0 -99.0 -99.0 -99.0
20260605 188  2.5  2160  29  5.8 1245  29 10.5 1153  20.9  24.8 1448  17.4  259  13.3  21.2  14.2  64.6  43.0 1139  15.5  -9.0  -9.0 -9.00 1006.4 1008.8 1012.0 2236 1004.7   43  6.1  8.3 14.3 -9.0 -9.00 -9.00   -9   -9.0   -9.0 -9.00   -9.0   -9   -9.0   -9   -9.0   -9   -9.0   -9   -9.0   -9 -99.0 -99.0 -99.0 -99.0 -99.0
20260605 189  1.5  1286  23  4.3 1252  23  6.2 1200  22.5  26.0 1135  18.9  525  16.8  24.8  17.6  71.5  50.0 1705  19.3   6.6   4.6 -9.00 1002.6 1008.6 1011.8 2236 1004.6   21  7.6  7.3 14.3 -9.0 24.22  3.69 1200   -9.0   -9.0 -9.00   -9.0   -9   -9.0   -9   -9.0   -9   -9.0   -9   -9.0   -9 -99.0 -99.0 -99.0 -99.0 -99.0
20260605 192  1.2  1014  36  3.9 1245  36  8.2 1534  21.6  27.5 1451  15.5 2335  13.0  28.8  12.5  63.5  28.0 1217  15.3   7.9   5.5 -9.00 1003.4 1006.8 1011.6 2355 1002.6   29  3.4 11.6 14.4 -9.0 28.37  3.50 1100   -9.0   -9.0 -9.00   -9.0   -9   -9.0   -9   -9.0   -9   -9.0   -9   -9.0   -9 -99.0 -99.0 -99.0 -99.0 -99.0
20260605 201  3.1  2665  23  5.2 1445  27  9.8 1320  19.2  24.3 1347  15.2  526  14.2  25.4  12.5  74.4  42.0 1349  16.2  -9.0  -9.0 -9.00 1002.8 1008.4 1012.4 2337 1002.9    3  1.5 11.6 14.7 -9.0 -9.00 -9.00   -9   -9.0   -9.0 -9.00   -9.0   -9   -9.0   -9   -9.0   -9   -9.0   -9   -9.0   -9 -99.0 -99.0 -99.0 -99.0 -99.0
20260605 202  2.1  1779  25  4.3  957  27  8.9 1512  21.2  25.4 1457  17.8 2336  12.6  27.6  14.1  60.6  34.0 1508  14.8  -9.0  -9.0 -9.00 1001.8 1007.2 1012.0 2343 1001.9   58  2.0  8.7 14.7 -9.0 -9.00 -9.00   -9   -9.0   -9.0 -9.00   -9.0   -9   -9.0   -9   -9.0   -9   -9.0   -9   -9.0   -9 -99.0 -99.0 -99.0 -99.0 -99.0
20260605 203  1.8  1579  20  3.2 1126  20  7.4 1152  20.8  26.5 1516  16.5 2347  13.6  27.8  13.3  66.3  36.0 1610  15.6  -9.0  -9.0 -9.00  998.5 1007.8 1012.4 2347 1002.5   34  2.1  8.0 14.6 -9.0 -9.00 -9.00   -9   -9.0   -9.0 -9.00   -9.0   -9   -9.0   -9   -9.0   -9   -9.0   -9   -9.0   -9 -99.0 -99.0 -99.0 -99.0 -99.0
20260605 211  1.8  1572  18  5.1 1247  23 11.1 1355  19.5  24.2 1601  12.9 2357  12.1  23.3   8.0  65.8  35.0 1617  14.4  -9.0  -9.0 -9.00  982.3 1005.6 1012.0 2337 1001.0  139  2.6  7.7 14.7 -9.0 -9.00 -9.00   -9   -9.0   -9.0 -9.00   -9.0   -9   -9.0   -9   -9.0   -9   -9.0   -9   -9.0   -9 -99.0 -99.0 -99.0 -99.0 -99.0
20260605 212  1.6  1352  27  4.4 1235  27  8.8 1400  20.1  25.0 1528  14.6 2357  12.8  23.8  12.4  66.9  34.0 1639  15.1  -9.0  -9.0 -9.00  990.8 1006.9 1012.6 2359 1001.8  122  2.1  9.7 14.7 -9.0 -9.00 -9.00   -9   -9.0   -9.0 -9.00   -9.0   -9   -9.0   -9   -9.0   -9   -9.0   -9   -9.0   -9 -99.0 -99.0 -99.0 -99.0 -99.0
20260605 216  1.5  1320  32  4.0 1248  36  8.7 1254  17.2  22.5 1130  10.8 2347   9.8  23.0  10.2  64.8  39.0 1534  12.3   7.1   4.9 -9.00  925.9 1006.0 1013.3 2400 1001.8  147  3.1 12.0 14.6 -9.0 30.14  3.69 1100   -9.0   -9.0 -9.00   -9.0   -9   -9.0   -9   -9.0   -9   -9.0   -9   -9.0   -9 -99.0 -99.0 -99.0 -99.0 -99.0
20260605 217  1.8  1525  18  4.7 1603  20  8.7 1620  18.8  25.0 1632  11.6 2400  11.4  25.0  11.5  66.1  35.0 1710  13.8  -9.0  -9.0 -9.00  970.8 1006.5 1013.2 2400 1002.0  131  4.1  8.1 14.6 -9.0 -9.00 -9.00   -9    0.0   -9.0 -9.00    0.0   -9    0.0   -9   -9.0   -9   -9.0   -9   -9.0   -9 -99.0 -99.0 -99.0 -99.0 -99.0
20260605 221  2.2  1927  25  4.9  941  27  8.8 1331  18.7  23.5 1625  13.4 2346  12.8  23.5  11.7  72.1  37.0 1722  15.0  -9.0  -9.0 -9.00  976.5 1006.9 1012.3 2342 1002.1   42  1.9  9.1 14.6 -9.0 -9.00 -9.00   -9    0.0   -9.0 -9.00    0.0   -9    0.0   -9   -9.0   -9   -9.0   -9   -9.0   -9 -99.0 -99.0 -99.0 -99.0 -99.0
20260605 226  2.1  1832  27  5.1 1449  34 11.0 1338  20.3  25.5 1401  13.9 2345  11.8  27.4   8.0  61.5  26.0 1511  14.1  -9.0  -9.0 -9.00  988.0 1007.7 1012.7 2333 1002.6   58  2.4 11.8 14.6 -9.0 -9.00 -9.00   -9    0.0   -9.0 -9.00    0.0   -9    0.0   -9   -9.0   -9   -9.0   -9   -9.0   -9 -99.0 -99.0 -99.0 -99.0 -99.0
20260605 232  2.2  1894  25  4.6  946  27  8.5  955  20.1  24.7 1444  14.3 2356  12.5  29.4  10.5  64.8  38.0 1339  14.6  -9.0  -9.0 -9.00  998.7 1008.5 1013.0 2356 1002.9  134  1.6 10.7 14.6 -9.0 -9.00 -9.00   -9   -9.0   -9.0 -9.00   -9.0   -9   -9.0   -9   -9.0   -9   -9.0   -9   -9.0   -9 -99.0 -99.0 -99.0 -99.0 -99.0
20260605 235  1.0   862  23  2.5 1322  34  5.6 1014  19.0  24.7 1300  14.4  521  13.9  27.0  10.3  74.8  46.0 1221  15.9   7.1   5.0 -9.00 1007.5 1008.6 1012.3 2339 1003.0    1  1.1 11.6 14.5 -9.0 29.71  3.71 1200   -9.0   -9.0 -9.00   -9.0   -9   -9.0   -9   -9.0   -9   -9.0   -9   -9.0   -9 -99.0 -99.0 -99.0 -99.0 -99.0
20260605 236  2.1  1812  29  5.2 1442  27  9.4 1349  20.9  26.6 1428  15.3 2319  12.1  28.5  10.1  61.4  26.0 1435  14.3  -9.0  -9.0 -9.00 1007.2 1008.7 1012.7 2335 1003.4  113  1.9 13.3 14.5 -9.0 -9.00 -9.00   -9   -9.0   -9.0 -9.00   -9.0   -9   -9.0   -9   -9.0   -9   -9.0   -9   -9.0   -9 -99.0 -99.0 -99.0 -99.0 -99.0
20260605 238  1.7  1489  27  3.9 1514  29  8.4 1633  21.0  26.0 1449  14.7 2350  11.4  28.4   8.8  57.9  25.0 1645  13.8  -9.0  -9.0 -9.00  987.9 1007.4 1012.2 2329 1002.4  100  2.8 12.4 14.5 -9.0 -9.00 -9.00   -9    0.0   -9.0 -9.00    0.0   -9    0.0   -9   -9.0   -9   -9.0   -9   -9.0   -9 -99.0 -99.0 -99.0 -99.0 -99.0
20260605 239  2.3  1967  32  5.6 1428  34  9.6 1637  20.2  24.9 1357  15.7 2358  11.2  27.4  12.3  60.0  26.0 1433  13.7   8.5   6.0 -9.00  997.2 1007.6 1012.2 2357 1002.4   45  1.3 12.4 14.6 -9.0 30.93  3.69 1200   -9.0   -9.0 -9.00   -9.0   -9   -9.0   -9   -9.0   -9   -9.0   -9   -9.0   -9 -99.0 -99.0 -99.0 -99.0 -99.0
20260605 243  2.4  2094  29  4.5 1533  29  9.3 1427  19.8  23.8 1421  15.9 2352  13.3  27.2  11.3  68.6  39.0 1455  15.4  -9.0  -9.0 -9.00 1007.9 1009.3 1012.8 2320 1003.9   36  3.6 12.6 14.5 -9.0 -9.00 -9.00   -9    0.0   -9.0 -9.00    0.0   -9    0.0   -9   -9.0   -9   -9.0   -9   -9.0   -9 -99.0 -99.0 -99.0 -99.0 -99.0
20260605 244  1.9  1616  34  4.0  445  34  8.1 1650  19.5  24.7 1356  13.2 2355  11.8  24.5  10.1  64.5  32.0 1434  14.1  -9.0  -9.0 -9.00  979.8 1008.2 1012.9 2330 1003.3  105  3.8 11.4 14.5 -9.0 -9.00 -9.00   -9    0.0   -9.0 -9.00    0.0   -9    0.0   -9   -9.0   -9   -9.0   -9   -9.0   -9 -99.0 -99.0 -99.0 -99.0 -99.0
20260605 245  3.0  2563  34  6.2 1527  36 11.1 1459  20.2  24.4 1503  15.1 2345  12.3  28.0  10.4  63.5  28.0 1639  14.6   7.9   5.5 -9.00 1001.1 1009.1 1012.9 2306 1003.7   39  4.1 12.3 14.5 -9.0 27.56  3.58 1300    0.0   -9.0 -9.00    0.0   -9    0.0   -9   -9.0   -9   -9.0   -9   -9.0   -9 -99.0 -99.0 -99.0 -99.0 -99.0
20260605 247  1.9  1657  32  5.4 1452  34  9.0 1443  21.1  25.7 1501  15.5 2358  12.3  26.3  13.2  60.4  33.0 1444  14.6  -9.0  -9.0 -9.00  992.6 1008.0 1012.4 2327 1003.3   42  4.9 12.8 14.4 -9.0 -9.00 -9.00   -9   -9.0   -9.0 -9.00   -9.0   -9   -9.0   -9   -9.0   -9   -9.0   -9   -9.0   -9 -99.0 -99.0 -99.0 -99.0 -99.0
20260605 248  1.8  1595  29  4.8 1048  27  9.8 1011  19.0  23.6 1402  12.4 2350  11.5  25.3   8.8  64.6  38.0 1408  13.7  -9.0  -9.0 -9.00  961.8 1008.1 1013.5 2322 1003.3  143  6.5 12.1 14.5 -9.0 -9.00 -9.00   -9    0.0   -9.0 -9.00    0.0   -9    0.0   -9   -9.0   -9   -9.0   -9   -9.0   -9 -99.0 -99.0 -99.0 -99.0 -99.0
20260605 251 -9.0    -9  32  4.9  432  34  8.2  432 -99.0  24.4 1350  13.6 2400 -99.0 -99.0  13.3  -9.0  34.0 1351  -9.0  -9.0  -9.0 -9.00   -9.0   -9.0 1012.3 2308 1003.2   39  4.9 -9.0 14.4 -9.0 -9.00 -9.00   -9    0.0   -9.0 -9.00    0.0   -9    0.0   -9   -9.0   -9   -9.0   -9   -9.0   -9 -99.0 -99.0 -99.0 -99.0 -99.0
20260605 252  2.5  2173  34  5.2 1350  34  9.7 1406  19.5  23.5 1338  14.8 2338  12.8  25.3  10.6  67.8  36.0 1557  15.0   7.3   5.1 -9.00 1004.9 1009.2 1012.6 2304 1003.8   28  4.3 11.0 14.4 -9.0 29.45  3.65 1300   -9.0   -9.0 -9.00   -9.0   -9   -9.0   -9   -9.0   -9   -9.0   -9   -9.0   -9 -99.0 -99.0 -99.0 -99.0 -99.0
20260605 253  1.3  1161  27  5.0 1537  27  8.5 1536  23.8  29.7 1419  18.0  435  13.5  26.7  14.3  57.8  25.0 1630  16.1   8.1   5.7 -9.00 1000.5 1006.7 1011.4 2352 1003.1  112  3.1 11.9 14.4 -9.0 26.89  3.41 1200   -9.0   -9.0 -9.00   -9.0   -9   -9.0   -9   -9.0   -9   -9.0   -9   -9.0   -9 -99.0 -99.0 -99.0 -99.0 -99.0
20260605 254  2.9  2508  32  6.0 1501  36 11.6 1151  20.7  24.8 1539  15.6 2351  10.0  27.4  11.6  53.8  22.0 1710  12.6   8.8   6.2 -9.00  993.9 1008.8 1013.1 2320 1003.9   46  3.9 13.1 14.4 -9.0 30.40  3.70 1300   -9.0   -9.0 -9.00   -9.0   -9   -9.0   -9   -9.0   -9   -9.0   -9   -9.0   -9 -99.0 -99.0 -99.0 -99.0 -99.0
20260605 255  1.7  1477  32  4.8 1642  32  8.1 1219  24.3  29.7 1459  19.0  355  13.2  25.5  13.6  54.8  30.0 1234  15.6   8.4   5.9 -9.00 1000.0 1005.8 1010.7 2332 1002.4  115  3.5 12.6 14.4 -9.0 26.04  3.44 1200   -9.0   -9.0 -9.00   -9.0   -9   -9.0   -9   -9.0   -9   -9.0   -9   -9.0   -9 -99.0 -99.0 -99.0 -99.0 -99.0
20260605 257  1.7  1480  29  4.0 1725  27  7.3 1337  24.0  31.2 1414  17.1 2348  14.3  26.9  13.2  60.5  24.0 1515  16.9   8.0   5.6 -9.00 1005.1 1005.8 1010.8 2349 1002.5  121  3.3  9.7 14.5 -9.0 26.14  3.39 1200   -9.0   -9.0 -9.00   -9.0   -9   -9.0   -9   -9.0   -9   -9.0   -9   -9.0   -9 -99.0 -99.0 -99.0 -99.0 -99.0
20260605 258  3.5  3031  34  6.9 1204  34 11.2 1155  22.7  27.7 1430  17.4 2233  12.5  23.2  14.4  56.3  28.0 1637  15.0   9.7   6.8 -9.00 1008.0 1008.2 1012.3 2307 1003.9   54  4.0 11.6 14.4 -9.0 29.75  3.61 1100   -9.0   -9.0 -9.00   -9.0   -9   -9.0   -9   -9.0   -9   -9.0   -9   -9.0   -9 -99.0 -99.0 -99.0 -99.0 -99.0
20260605 259  2.6  2241  29  5.4 1150   5 10.2 1411  22.1  27.1 1448  16.7 2357  12.6  23.6  13.1  58.0  31.0 1620  15.0   8.2   5.7 -9.00 1006.5 1008.3 1012.1 2251 1003.9    4  4.8 11.5 14.4 -9.0 28.93  3.35 1100   -9.0   -9.0 -9.00   -9.0   -9   -9.0   -9   -9.0   -9   -9.0   -9   -9.0   -9 -99.0 -99.0 -99.0 -99.0 -99.0
20260605 260  2.7  2327  25  6.4 1419  34 10.1 1443  21.5  26.2 1500  15.0 2400  13.3  26.7  12.5  63.0  36.0 1648  15.6  -9.0  -9.0 -9.00 1003.1 1008.2 1012.4 2319 1003.9    3  3.9 11.2 14.4 -9.0 -9.00 -9.00   -9   -9.0   -9.0 -9.00   -9.0   -9   -9.0   -9   -9.0   -9   -9.0   -9   -9.0   -9 -99.0 -99.0 -99.0 -99.0 -99.0
20260605 261  2.9  2494  29  7.4 1353  29 13.2 1405  20.8  25.0 1533  15.3 2357  15.2  25.7  11.7  72.5  46.0 1703  17.4  -9.0  -9.0 -9.00 1007.2 1009.1 1012.6 2232 1004.6   29  5.0 11.6 14.4 -9.0 -9.00 -9.00   -9    0.0   -9.0 -9.00    0.0   -9    0.0   -9   -9.0   -9   -9.0   -9   -9.0   -9 -99.0 -99.0 -99.0 -99.0 -99.0
20260605 262  2.8  2462  32  6.5 1152  32  9.8  936  21.6  27.4 1638  14.5 2356  13.1  23.1  16.4  62.1  30.0 1724  15.5   7.5   5.2 -9.00 1001.8 1007.8 1011.9 2313 1003.5   35  5.5 11.8 14.4 -9.0 25.95  3.06 1100   -9.0   -9.0 -9.00   -9.0   -9   -9.0   -9   -9.0   -9   -9.0   -9   -9.0   -9 -99.0 -99.0 -99.0 -99.0 -99.0
20260605 263  1.8  1562  34  4.9 1314  29  8.0 1428  21.9  28.4 1442  14.8 2351  12.2  26.6  11.7  59.3  21.0 1309  14.5   8.3   5.8 -9.00 1004.9 1006.6 1011.6 2327 1002.4   52  3.5 11.0 14.5 -9.0 27.55  3.58 1100   -9.0   -9.0 -9.00   -9.0   -9   -9.0   -9   -9.0   -9   -9.0   -9   -9.0   -9 -99.0 -99.0 -99.0 -99.0 -99.0
20260605 264  3.1  2643  27  5.8  927  29 10.4  856  21.9  27.0 1625  14.4 2359   8.2  25.4  12.9  45.3  14.0 1652  11.2   9.9   6.9 -9.00  990.0 1007.4 1012.7 2343 1002.9   11  5.1 12.9 14.5 -9.0 30.93  3.57 1300   -9.0   -9.0 -9.00   -9.0   -9   -9.0   -9   -9.0   -9   -9.0   -9   -9.0   -9 -99.0 -99.0 -99.0 -99.0 -99.0
20260605 266  1.9  1640  29  4.6 1220  29  9.7 1136  22.3  27.3 1456  18.5  525  13.0  25.0  15.0  59.1  33.0 1713  15.3   8.0   5.6 -9.00  997.3 1007.4 1011.9 2347 1003.3   39  3.9 11.8 14.4 -9.0 28.37  3.59 1100   -9.0   -9.0 -9.00   -9.0   -9   -9.0   -9   -9.0   -9   -9.0   -9   -9.0   -9 -99.0 -99.0 -99.0 -99.0 -99.0
20260605 268  3.1  2672  29  6.3 1155   5 10.4 1154  19.9  23.4 1347  14.9 2358  14.5  24.6  16.1  73.4  47.0 1546  16.7  -9.0  -9.0 -9.00 1007.1 1008.2 1011.5 2240 1003.4    1  4.8 11.2 14.4 -9.0 -9.00 -9.00   -9   -9.0   -9.0 -9.00   -9.0   -9   -9.0   -9   -9.0   -9   -9.0   -9   -9.0   -9 -99.0 -99.0 -99.0 -99.0 -99.0
20260605 271  1.7  1441  32  4.4 1056  32  9.2 1054  18.9  24.7 1141  11.5 2400  11.3  27.6   8.1  65.4  34.0 1301  13.6  -9.0  -9.0 -9.00  969.4 1006.5 1013.0 2326 1002.1  119  2.3 11.4 14.6 -9.0 -9.00 -9.00   -9   -9.0   -9.0 -9.00   -9.0   -9   -9.0   -9   -9.0   -9   -9.0   -9   -9.0   -9 -99.0 -99.0 -99.0 -99.0 -99.0
20260605 272  3.8  3272  32  9.1 1153  32 14.7 1150  20.2  24.1 1554  15.6 2249  12.8  29.5  11.3  65.1  39.0 1530  15.0  -9.0  -9.0 -9.00  982.1 1006.3 1011.7 2356 1001.6   41  2.9 13.2 14.6 -9.0 -9.00 -9.00   -9   -9.0   -9.0 -9.00   -9.0   -9   -9.0   -9   -9.0   -9   -9.0   -9   -9.0   -9 -99.0 -99.0 -99.0 -99.0 -99.0
20260605 273  2.3  2018  29  5.7 1457  27 10.1 1334  21.0  26.3 1534  15.8 2355  12.2  28.6  10.2  60.0  28.0 1542  14.5  -9.0  -9.0 -9.00  986.3 1006.1 1011.3 2338 1001.3  113  2.8 12.1 14.6 -9.0 -9.00 -9.00   -9   -9.0   -9.0 -9.00   -9.0   -9   -9.0   -9   -9.0   -9   -9.0   -9   -9.0   -9 -99.0 -99.0 -99.0 -99.0 -99.0
20260605 276  2.9  2492  29  6.3 1221  29 12.9 1217  20.9  26.3 1357  13.0 2359  11.5  28.4   8.6  61.1  28.0 1810  14.0   9.1   6.4 -9.00  981.7 1005.5 1011.5 2330 1001.7   18  3.6 12.5 14.6 -9.0 29.23  3.59 1300   -9.0   -9.0 -9.00   -9.0   -9   -9.0   -9   -9.0   -9   -9.0   -9   -9.0   -9 -99.0 -99.0 -99.0 -99.0 -99.0
20260605 277  2.7  2310  29  6.8 1233  32 11.8 1231  22.1  27.9 1408  16.0  406  12.2  31.3  13.3  57.9  33.0 1227  14.5  -9.0  -9.0 -9.00 1000.5 1005.2 1010.6 2344 1001.6  407  3.1 13.5 14.5 -9.0 -9.00 -9.00   -9   -9.0   -9.0 -9.00   -9.0   -9   -9.0   -9   -9.0   -9   -9.0   -9   -9.0   -9 -99.0 -99.0 -99.0 -99.0 -99.0
20260605 278  2.0  1709  32  4.8  946  27  8.8 1138  21.7  27.2 1652  14.5 2353  12.4  28.9   9.4  60.9  23.0 1742  14.8  -9.0  -9.0 -9.00  996.1 1005.5 1010.9 2354 1001.2    1  4.0 12.5 14.5 -9.0 -9.00 -9.00   -9   -9.0   -9.0 -9.00   -9.0   -9   -9.0   -9   -9.0   -9   -9.0   -9   -9.0   -9 -99.0 -99.0 -99.0 -99.0 -99.0
20260605 279  2.0  1739  29  5.6  852  27  9.3 1035  23.1  27.7 1501  18.0 2345  10.4  28.9  13.5  48.4  20.0 1744  13.1   8.5   6.0 -9.00 1000.8 1006.5 1011.6 2353 1001.9    2  3.8 12.7 14.5 -9.0 27.49  3.12 1000   -9.0   -9.0 -9.00   -9.0   -9   -9.0   -9   -9.0   -9   -9.0   -9   -9.0   -9 -99.0 -99.0 -99.0 -99.0 -99.0
20260605 281  2.3  2005  27  5.8 1509  27 11.2 1505  21.9  28.0 1310  15.2 2349  11.1  26.3  10.7  56.4  25.0 1842  13.8  -9.0  -9.0 -9.00  995.5 1006.5 1011.8 2347 1002.6   28  4.3 11.5 14.5 -9.0 -9.00 -9.00   -9   -9.0   -9.0 -9.00   -9.0   -9   -9.0   -9   -9.0   -9   -9.0   -9   -9.0   -9 -99.0 -99.0 -99.0 -99.0 -99.0
20260605 283  2.9  2495  29  7.3 1224  29 11.1 1221  22.3  29.2 1357  16.2 2344  13.4  26.8  12.2  61.5  26.0 1402  15.6   9.6   6.7 -9.00 1001.5 1006.1 1011.3 2339 1002.5   56  3.8 12.7 14.5 -9.0 28.80  3.55 1300   -9.0   -9.0 -9.00   -9.0   -9   -9.0   -9   -9.0   -9   -9.0   -9   -9.0   -9 -99.0 -99.0 -99.0 -99.0 -99.0
20260605 284  2.4  2056  32  5.1 1442  32  8.6 1733  20.8  27.1 1628  12.7 2400  12.3  27.1   9.4  61.6  33.0 1733  14.5   8.2   5.8 -9.00  979.9 1006.0 1011.9 2400 1001.6    5  4.9 12.7 14.5 -9.0 28.38  3.26 1300    0.0   -9.0 -9.00    0.0   -9    0.0   -9   -9.0   -9   -9.0   -9   -9.0   -9 -99.0 -99.0 -99.0 -99.0 -99.0
20260605 285  1.4  1187  34  4.0 1718  34  7.0 1147  22.8  28.6 1258  15.5 2351  11.8  27.5  13.5  56.4  26.0 1840  14.3  -9.0  -9.0 -9.00 1003.7 1006.8 1011.8 2315 1002.4   27  4.0 13.0 14.5 -9.0 -9.00 -9.00   -9   -9.0   -9.0 -9.00   -9.0   -9   -9.0   -9   -9.0   -9   -9.0   -9   -9.0   -9 -99.0 -99.0 -99.0 -99.0 -99.0
20260605 288  1.8  1581  27  5.4 1250  27  9.0 1248  23.3  29.9 1457  17.8  454  12.9  28.3  17.4  57.9  20.0 1510  15.4   9.0   6.3 -9.00 1003.9 1004.9 1010.0 2346 1001.2   53  3.8 11.1 14.5 -9.0 27.25  3.45 1200   -9.0   -9.0 -9.00   -9.0   -9   -9.0   -9   -9.0   -9   -9.0   -9   -9.0   -9 -99.0 -99.0 -99.0 -99.0 -99.0
20260605 289  3.0  2632  27  6.5  802  27 10.5  920  22.3  26.7 1619  16.8 2358  12.5  26.6  12.7  56.9  35.0 1341  14.7  -9.0  -9.0 -9.00  991.9 1007.7 1012.8 2336 1003.3    5  4.5 11.8 14.4 -9.0 -9.00 -9.00   -9   -9.0   -9.0 -9.00   -9.0   -9   -9.0   -9   -9.0   -9   -9.0   -9   -9.0   -9 -99.0 -99.0 -99.0 -99.0 -99.0
20260605 294  1.3  1140  29  3.7 1442  29  7.4 1543  22.4  28.3 1528  17.5  118  14.1  27.3  13.0  63.9  29.0 1515  16.4  -9.0  -9.0 -9.00 1001.9 1007.1 1011.5 2358 1003.2  115  4.6 11.5 14.4 -9.0 -9.00 -9.00   -9   -9.0   -9.0 -9.00   -9.0   -9   -9.0   -9   -9.0   -9   -9.0   -9   -9.0   -9 -99.0 -99.0 -99.0 -99.0 -99.0
20260605 295  2.4  2041  32  4.9 1028  27  8.0 1406  23.0  27.5 1319  17.8 2353  12.6  26.3  13.2  54.8  32.0 1320  14.9  -9.0  -9.0 -9.00 1001.6 1006.8 1011.5 2348 1002.8   35  5.1 10.9 14.4 -9.0 -9.00 -9.00   -9   -9.0   -9.0 -9.00   -9.0   -9   -9.0   -9   -9.0   -9   -9.0   -9   -9.0   -9 -99.0 -99.0 -99.0 -99.0 -99.0
20260605 296  1.6  1380  32  4.9 1533  25  9.4 1045  23.0  30.4 1523  16.7 2400  15.5  25.5  10.2  66.9  27.0 1647  17.8   8.4   5.9 -9.00 1005.0 1005.3 1010.1 2349 1001.9  103  4.0 11.5 14.4 -9.0 28.16  3.53 1200   -9.0   -9.0 -9.00   -9.0   -9   -9.0   -9   -9.0   -9   -9.0   -9   -9.0   -9 -99.0 -99.0 -99.0 -99.0 -99.0
20260606  90  2.0  1751  14  4.6 2232  14  6.1 2228  21.3  25.3 1005  15.9  542  13.4  25.3  12.5  62.3  37.0 1009  15.7   5.9   4.1 -9.00 1011.7 1013.8 1015.1 2334 1009.7    1  5.6 11.3 14.7 -9.0 25.89  3.42 1100    0.0   -9.0 -9.00   -9.0   -9   -9.0   -9   -9.0   -9   -9.0   -9   -9.0   -9 -99.0 -99.0 -99.0 -99.0 -99.0
20260606  93  0.9   818   7  3.8 1944   5  7.5 1944  20.2  27.7 1442  11.0  511  11.1  23.8  10.6  60.9  25.0 1341  13.3   6.2   4.3 -9.00 1002.4 1013.6 1016.0  744 1011.8 1422  5.4 12.2 14.7 -9.0 25.09  3.59 1200   -9.0    0.0 -9.00   -9.0   -9   -9.0   -9   -9.0   -9   -9.0   -9   -9.0   -9  23.2  21.5  18.6  14.3  12.8
20260606  95  1.1   964  11  4.0 2227  25  6.4 1447  19.6  26.6 1505  10.9  427  11.4  22.4   9.4  63.0  33.0 1346  13.5   5.9   4.1 -9.00  995.4 1013.5 1015.8  822 1012.2 1513  7.0  8.7 14.7 -9.0 23.93  3.10 1200   -9.0   -9.0 -9.00   -9.0   -9   -9.0   -9   -9.0   -9   -9.0   -9   -9.0   -9 -99.0 -99.0 -99.0 -99.0 -99.0
20260606  98  0.8   677   7  2.5 2309   2  4.5 1928  20.6  27.6 1355  12.3  520  10.5  24.3   9.8  56.3  25.0 1436  12.8   6.1   4.2 -9.00  999.2 1012.6 1014.9  719 1011.2 2051  7.3  8.6 14.7 -9.0 23.84  3.29 1300   -9.0   -9.0 -9.00   -9.0   -9   -9.0   -9   -9.0   -9   -9.0   -9   -9.0   -9 -99.0 -99.0 -99.0 -99.0 -99.0
20260606  99  1.1   978   9  2.7 2322   7  5.4 1424  19.6  26.8 1447  11.9  451  13.3  24.0   8.5  70.1  42.0 1500  15.3   5.4   3.8 -9.00 1009.8 1013.4 1015.8 1005 1011.7 2037  7.5  5.8 14.7 -9.0 21.60  3.08 1200   -9.0   -9.0 -9.00   -9.0   -9   -9.0   -9   -9.0   -9   -9.0   -9   -9.0   -9 -99.0 -99.0 -99.0 -99.0 -99.0
20260606 100  1.6  1397   9  4.7 1439  11  8.7 1411  14.9  21.5 1217   5.6  525   6.9  20.1   2.4  62.9  34.0 1022   9.9   7.1   4.9 -9.00  926.5 1014.2 1016.9  542 1012.3 1340  4.6 11.5 14.7 -9.0 28.70  3.82 1300   -9.0   -9.0 -9.00   -9.0   -9   -9.0   -9   -9.0   -9   -9.0   -9   -9.0   -9 -99.0 -99.0 -99.0 -99.0 -99.0
20260606 101  1.6  1415  34  3.5 1602  34  6.2 1240  20.1  27.3 1423  11.4  519  11.0  24.2   7.7  59.6  29.0 1401  13.1   6.7   4.7 -9.00 1003.7 1012.5 1014.9  736 1010.7 1423  5.0  9.7 14.7 -9.0 25.19  3.58 1200   -9.0    0.0 -9.00   -9.0   -9   -9.0   -9   -9.0   -9   -9.0   -9   -9.0   -9  22.6  19.2  17.0  14.8  15.1
20260606 102  2.3  2027  11  4.7 2248   5  7.5 1955  16.2  19.9 1203  12.1  423  13.3  18.5   9.2  84.3  64.0 1155  15.3   2.9   2.1  5.52 1007.7 1012.0 1013.7 1107 1009.7 2241  8.6  1.1 14.7 -9.0 13.70  2.93 1100    0.4   -9.0  3.42    0.4 1609    0.3 1659   -9.0   -9   -9.0   -9   -9.0   -9 -99.0 -99.0 -99.0 -99.0 -99.0
20260606 104  1.8  1597  11  4.7 1311  11  8.2 1524  21.0  25.9 1203  14.9   37   9.7  25.7  10.3  50.3  33.0  930  12.0   8.4   5.9 -9.00 1003.9 1012.7 1014.2 2137 1009.5   12  4.1 11.7 14.7 -9.0 29.71  3.65 1200   -9.0   -9.0 -9.00   -9.0   -9   -9.0   -9   -9.0   -9   -9.0   -9   -9.0   -9  21.9  19.6  17.3  13.6  13.2
20260606 105  2.4  2059  14  4.7 1521  14  8.3 1614  21.7  26.6 1146  17.0   39   8.6  27.8  12.1  44.4  29.0 1048  11.2   8.6   6.0 -9.00 1010.4 1013.6 1014.9 2137 1010.2   14  3.9 11.1 14.7 -9.0 27.54  3.47 1200   -9.0   -9.0 -9.00   -9.0   -9   -9.0   -9   -9.0   -9   -9.0   -9   -9.0   -9  22.7  20.3  18.7  15.2  14.6
20260606 106  2.6  2227  14  6.0 1501  16 10.0 1441  20.5  25.9  916  15.2  335  11.0  28.9  10.1  56.5  30.0 1027  13.2   7.8   5.4 -9.00 1009.4 1014.2 1015.5 2205 1010.8    1  3.8 10.4 14.7 -9.0 28.33  3.63 1200   -9.0   -9.0 -9.00   -9.0   -9   -9.0   -9   -9.0   -9   -9.0   -9   -9.0   -9 -99.0 -99.0 -99.0 -99.0 -99.0
20260606 108  1.9  1644  32  3.8 1928  18  6.7 1220  22.3  27.5 1351  15.6  554  11.1  24.7   8.7  52.8  27.0 1345  13.3   7.8   5.5 -9.00 1002.7 1012.6 1014.7  750 1010.7 2133  5.8  8.1 14.7 -9.0 24.48  3.67 1200    0.0    0.0  1.28    0.0   -9    0.0   -9   -9.0   -9   -9.0   -9   -9.0   -9  22.3  19.8  18.6  14.8  13.6
20260606 112  2.2  1905   9  5.2 2107   9  9.0 2102  21.9  27.1 1359  16.7  528  14.6  24.6  12.9  66.0  33.0 1308  16.7   7.0   4.9 -9.00 1004.3 1012.2 1014.5  940 1009.8 2101  6.0  8.0 14.7 -9.0 23.48  3.49 1200    0.0    0.0  1.17    0.0   -9    0.0   -9   -9.0   -9   -9.0   -9   -9.0   -9  21.2  19.6  14.0  16.9  13.5
20260606 114  1.5  1328  11  3.8 1352  16  7.4 2226  22.0  29.1 1448  13.0  545  11.0  27.2   9.3  54.1  24.0 1421  13.2   8.5   5.9 -9.00  995.3 1012.5 1015.5  740 1010.6 1445  3.0 11.3 14.6 -9.0 28.83  3.62 1200   -9.0   -9.0 -9.00   -9.0   -9   -9.0   -9   -9.0   -9   -9.0   -9   -9.0   -9 -99.0 -99.0 -99.0 -99.0 -99.0
20260606 115  3.0  2588  32  6.0   20  34 11.8  316  20.6  23.7 1241  17.4 2216  13.3  29.8  13.4  64.1  39.0  219  15.4   6.7   4.7 -9.00  989.0 1014.5 1016.2 2140 1009.7    3  2.3 13.1 14.7 -9.0 28.93  3.43 1200   -9.0   -9.0 -9.00   -9.0   -9   -9.0   -9   -9.0   -9   -9.0   -9   -9.0   -9  20.0  16.7  15.7  12.5  13.1
20260606 119  2.0  1718   9  4.2 2157  11  7.5 1221  22.1  28.5 1627  13.7  534  10.3  31.2   9.2  52.6  20.0 1434  12.7   9.1   6.4 -9.00 1007.6 1012.2 1014.7  746 1010.2 2150  4.6 10.4 14.6 -9.0 27.42  3.61 1200   -9.0   -9.0 -9.00   -9.0   -9   -9.0   -9   -9.0   -9   -9.0   -9   -9.0   -9  22.3  19.4  17.0  13.2  12.7
20260606 121  1.9  1613  11  6.2 1659  11 10.4 1656  20.0  29.2 1331  10.1  521  11.1  27.1   7.9  60.9  31.0 1333  13.3   8.9   6.2 -9.00  985.9 1013.6 1016.9  711 1010.9 1454  2.9 12.1 14.6 -9.0 30.42  3.65 1200   -9.0   -9.0 -9.00   -9.0   -9   -9.0   -9   -9.0   -9   -9.0   -9   -9.0   -9 -99.0 -99.0 -99.0 -99.0 -99.0
20260606 127  1.5  1309   7  4.2 2311   7  8.2 2328  21.4  29.1 1613  11.4  526   9.8  25.9   9.8  52.8  26.0 1525  12.2   9.0   6.3 -9.00  998.8 1012.1 1014.8  726 1010.2 1712  2.6 12.0 14.6 -9.0 29.94  3.67 1200   -9.0   -9.0 -9.00   -9.0   -9   -9.0   -9   -9.0   -9   -9.0   -9   -9.0   -9 -99.0 -99.0 -99.0 -99.0 -99.0
20260606 129  1.7  1444  32  6.1 1607  32  9.2 1601  20.9  29.2 1540  12.1  442  11.3  29.0   8.8  59.9  25.0 1441  13.6   8.6   6.0 -9.00 1009.4 1012.4 1014.6  809 1010.1 2358  3.1 11.3 14.6 -9.0 29.02  3.65 1200   -9.0   -9.0 -9.00   -9.0   -9   -9.0   -9   -9.0   -9   -9.0   -9   -9.0   -9  22.0  19.4  19.1  14.1  14.8
20260606 130  1.6  1391  11  3.8 1251   9  6.3 1236  19.8  24.3  952  13.5  448  14.2  28.4  10.0  72.0  45.0  915  16.4  -9.0  -9.0 -9.00 1008.8 1014.5 1016.0 2222 1010.6    1  3.6 13.4 14.6 -9.0 -9.00 -9.00   -9   -9.0   -9.0 -9.00   -9.0   -9   -9.0   -9   -9.0   -9   -9.0   -9   -9.0   -9 -99.0 -99.0 -99.0 -99.0 -99.0
20260606 131  1.7  1481   9  4.7 1545   9 10.0 2226  23.7  30.1 1450  15.6  501   8.9  28.2  11.5  42.0  19.0 1443  11.5  10.4   7.3 -9.00 1005.2 1012.0 1014.6  738 1010.0 1813  2.4 12.6 14.6 -9.0 31.20  3.71 1200   -9.0   -9.0 -9.00   -9.0   -9   -9.0   -9   -9.0   -9   -9.0   -9   -9.0   -9 -99.0 -99.0 -99.0 -99.0 -99.0
20260606 133  2.6  2209  14  6.5 2226  14 11.1 2221  22.4  29.0 1602  12.8  511  10.3  26.4  10.1  50.0  23.0 1413  12.6  10.3   7.2 -9.00 1004.6 1012.4 1014.9  732 1010.4 1808  2.3 13.3 14.6 -9.0 30.83  3.74 1200   -9.0   -9.0 -9.00   -9.0   -9   -9.0   -9   -9.0   -9   -9.0   -9   -9.0   -9  24.0  22.1  19.6  16.2  15.8
20260606 135  1.8  1555   9  5.1 1836  16  8.9 1514  20.0  27.5 1631  10.5  525  10.4  27.0   9.1  56.6  31.0 1504  12.6   8.7   6.1 -9.00  984.5 1012.7 1015.1  609 1010.7 1749  1.9 13.2 14.5 -9.0 30.69  3.63 1200   -9.0   -9.0 -9.00   -9.0   -9   -9.0   -9   -9.0   -9   -9.0   -9   -9.0   -9 -99.0 -99.0 -99.0 -99.0 -99.0
20260606 136  2.0  1745  14  6.3 1500  14 10.4 1459  20.8  28.9 1338  11.8  541  11.0  29.6  10.3  57.4  32.0 1312  13.2   8.7   6.1 -9.00  997.9 1014.2 1016.0  631 1012.2    1  2.9 12.3 14.6 -9.0 30.38  3.66 1200   -9.0   -9.0 -9.00   -9.0   -9   -9.0   -9   -9.0   -9   -9.0   -9   -9.0   -9 -99.0 -99.0 -99.0 -99.0 -99.0
20260606 137  1.0   840  14  2.6 1644  16  6.3 1635  22.1  29.3 1505  13.0  531  11.8  33.5   8.8  54.4  32.0 1512  13.9   7.8   5.4 -9.00 1001.0 1012.2 1014.3  729 1010.4 1517  2.5 12.7 14.6 -9.0 29.90  3.59 1200   -9.0   -9.0 -9.00   -9.0   -9   -9.0   -9   -9.0   -9   -9.0   -9   -9.0   -9 -99.0 -99.0 -99.0 -99.0 -99.0
20260606 138  2.7  2350   5  4.8 1504   5  6.9 1609  21.2  23.8 1447  17.7  519  13.5  28.7  15.8  62.4  40.0   14  15.7   6.7   4.7 -9.00 1013.0 1013.5 1014.8 1116 1010.1    1  5.1 12.9 14.5 -9.0 29.93  3.55 1100   -9.0    0.0 -9.00   -9.0   -9   -9.0   -9   -9.0   -9   -9.0   -9   -9.0   -9  21.7  18.8  17.5  15.6  15.7
20260606 140  1.7  1506  32  3.9 1455  34  6.6 1215  21.3  29.8 1605  13.0  531  13.6  27.6   7.1  66.3  19.0 1545  15.7  -9.0  -9.0 -9.00 1009.5 1012.7 1015.1  744 1011.0 2036  0.9 12.7 14.5 -9.0 -9.00 -9.00   -9   -9.0   -9.0 -9.00   -9.0   -9   -9.0   -9   -9.0   -9   -9.0   -9   -9.0   -9 -99.0 -99.0 -99.0 -99.0 -99.0
20260606 143  2.7  2328   9  6.1 1811   9 10.2 1913  22.1  28.3 1426  14.7  522  10.3  28.8  10.7  49.5  29.0 1452  12.5   9.5   6.6 -9.00 1006.3 1012.6 1014.1  910 1010.9    1  4.6 13.1 14.5 -9.0 30.10  3.62 1200   -9.0   -9.0 -9.00   -9.0   -9   -9.0   -9   -9.0   -9   -9.0   -9   -9.0   -9 -99.0 -99.0 -99.0 -99.0 -99.0
20260606 146  1.7  1495  23  3.7 1938  16  6.7 1518  23.0  31.3 1546  14.0  534  11.0  29.4  14.2  51.9  22.0 1537  13.2   9.2   6.5 -9.00 1004.8 1011.7 1014.4  715 1009.8 1738  0.9 13.4 14.5 -9.0 30.45  3.60 1200   -9.0   -9.0 -9.00   -9.0   -9   -9.0   -9   -9.0   -9   -9.0   -9   -9.0   -9 -99.0 -99.0 -99.0 -99.0 -99.0
20260606 152  2.6  2250   9  6.6 1155   9 10.5 1131  21.3  25.3 1202  16.7  444  11.0  25.6  12.5  52.8  33.0 1207  13.1   7.8   5.5 -9.00 1003.5 1012.9 1014.2 2030 1010.0    1  5.8 12.4 14.5 -9.0 30.16  3.62 1200   -9.0   -9.0 -9.00   -9.0   -9   -9.0   -9   -9.0   -9   -9.0   -9   -9.0   -9 -99.0 -99.0 -99.0 -99.0 -99.0
20260606 155  2.3  1982  14  5.0 1303  36  9.4 1130  23.5  28.7 1357  18.0  520  11.2  28.3  13.6  46.5  31.0 1420  13.4   8.6   6.0 -9.00 1008.6 1012.7 1014.2  912 1010.7   48  6.0 11.1 14.5 -9.0 28.31  3.52 1300   -9.0   -9.0 -9.00   -9.0   -9   -9.0   -9   -9.0   -9   -9.0   -9   -9.0   -9 -99.0 -99.0 -99.0 -99.0 -99.0
20260606 156  1.9  1675  16  4.7 1741  14  7.4 1327  23.1  30.1 1427  14.9  515  11.0  27.9   9.0  49.8  26.0 1409  13.2   9.2   6.4 -9.00 1003.6 1011.7 1013.9  712 1010.2 1541  2.3 13.3 14.4 -9.0 31.87  3.71 1200   -9.0   -9.0 -9.00   -9.0   -9   -9.0   -9   -9.0   -9   -9.0   -9   -9.0   -9 -99.0 -99.0 -99.0 -99.0 -99.0
20260606 159  3.2  2736  36  5.7  205  11 10.8 1357  23.0  27.2 1210  18.5  529  11.2  26.3  10.1  48.0  33.0    1  13.5   8.2   5.7 -9.00 1004.2 1012.2 1013.5  951 1009.5  104  6.5 10.2 14.4 -9.0 27.73  3.66 1300   -9.0    0.0 -9.00   -9.0   -9   -9.0   -9   -9.0   -9   -9.0   -9   -9.0   -9  22.4  20.5  19.5  16.0  16.8
20260606 162  2.4  2036   5  3.9  828  18  6.9 1310  21.9  26.7 1324  17.2  544  11.5  25.6  10.9  52.4  35.0 1247  13.7   7.3   5.1 -9.00 1008.2 1011.8 1013.2  912 1009.7   59  6.1  8.4 14.4 -9.0 25.40  3.62 1300   -9.0   -9.0 -9.00   -9.0   -9   -9.0   -9   -9.0   -9   -9.0   -9   -9.0   -9 -99.0 -99.0 -99.0 -99.0 -99.0
20260606 165  2.7  2309   7  5.3  910   9  7.9  907  22.1  28.1 1601  15.8  525  12.3  24.9  10.9  56.5  33.0 1323  14.5   9.0   6.3 -9.00 1006.7 1011.9 1013.5  756 1010.2 2359  3.0 12.6 14.4 -9.0 31.23  3.71 1200   -9.0   -9.0 -9.00   -9.0   -9   -9.0   -9   -9.0   -9   -9.0   -9   -9.0   -9  22.3  21.1  18.7  16.3  15.0
20260606 168  4.2  3657   9  7.4 2310   9 11.5 2248  21.9  26.1 1443  17.7  444  11.6  24.9  15.4  52.5  42.0 1252  13.7   9.4   6.6 -9.00 1004.8 1012.4 1013.9  845 1010.8   43  6.1  9.6 14.4 -9.0 26.99  3.68 1200   -9.0   -9.0 -9.00   -9.0   -9   -9.0   -9   -9.0   -9   -9.0   -9   -9.0   -9  23.0  20.9  18.8  16.4  16.6
20260606 169  4.2  3599   5  7.8 2250   7 10.9 2231  19.8  25.0 1549  16.2  412  14.4  25.0  15.4  73.0  45.0 1420  16.4   7.5   5.3 -9.00 1003.0 1011.7 1013.6  835 1010.2 2339  4.1 13.0 14.4 -9.0 30.36  3.71 1200   -9.0   -9.0 -9.00   -9.0   -9   -9.0   -9   -9.0   -9   -9.0   -9   -9.0   -9 -99.0 -99.0 -99.0 -99.0 -99.0
20260606 170  3.4  2967  14  8.2 1517  16 11.1 1522  22.3  28.2 1333  14.8  454  13.7  24.7  11.9  59.8  44.0 1132  15.9   8.5   5.9 -9.00 1008.0 1012.1 1013.7  813 1010.8 2400  4.4 10.7 14.4 -9.0 27.96  3.74 1200   -9.0   -9.0 -9.00   -9.0   -9   -9.0   -9   -9.0   -9   -9.0   -9   -9.0   -9 -99.0 -99.0 -99.0 -99.0 -99.0
20260606 172  2.1  1782  25  5.1 1602  27  8.9 1556  21.1  29.9 1525  12.0  512  10.9  26.2   7.4  61.4  19.0 1205  13.4   9.6   6.7 -9.00 1005.3 1011.4 1013.5  704 1010.0 1444  1.5 13.4 14.5 -9.0 32.01  3.87 1200   -9.0   -9.0 -9.00   -9.0   -9   -9.0   -9   -9.0   -9   -9.0   -9   -9.0   -9 -99.0 -99.0 -99.0 -99.0 -99.0
20260606 174  1.7  1501  14  5.0 1253  14  9.1 1144  19.2  27.2 1518   9.8  537  10.4  24.8   9.2  61.8  32.0 1216  12.7  -9.0  -9.0 -9.00  991.9 1011.0 1012.7  734 1009.5 1558  4.6 11.7 14.4 -9.0 -9.00 -9.00   -9   -9.0   -9.0 -9.00   -9.0   -9   -9.0   -9   -9.0   -9   -9.0   -9   -9.0   -9 -99.0 -99.0 -99.0 -99.0 -99.0
20260606 177  1.6  1359  32  4.2 1803   2  7.4 1755  21.4  29.1 1619  12.7  505  13.4  28.5   9.1  64.1  24.0 1422  15.5   8.2   5.8 -9.00 1007.9 1011.1 1013.4  649 1009.4 1722  3.1 12.2 14.6 -9.0 29.55  3.58 1200    0.0    0.0  0.17    0.0   -9    0.0   -9   -9.0   -9   -9.0   -9   -9.0   -9 -99.0 -99.0 -99.0 -99.0 -99.0
20260606 181  2.0  1689  16  5.2 2302  16 10.3 2245  21.9  29.2 1541  11.7  449  10.4  26.6   5.8  52.6  23.0 1620  12.7   9.4   6.6 -9.00 1008.7 1012.6 1015.2  702 1010.7 1811  2.3 12.7 14.6 -9.0 30.48  3.63 1200   -9.0   -9.0 -9.00   -9.0   -9   -9.0   -9   -9.0   -9   -9.0   -9   -9.0   -9 -99.0 -99.0 -99.0 -99.0 -99.0
20260606 184  3.4  2979   5  7.5 1155   5 13.0 1207  22.2  27.7 1403  17.4  514  13.5  27.6  12.4  58.9  37.0 1256  16.0   7.2   5.0 -9.00 1008.4 1010.8 1012.6  905 1009.0 2209  7.3  8.2 14.3 -9.0 25.50  3.62 1100    0.0    0.0  0.17    0.0   -9    0.0   -9   -9.0   -9   -9.0   -9   -9.0   -9  23.4  22.0  21.4  18.8  16.5
20260606 185  3.6  3145  14  7.9 1641  14 11.9 1631  21.1  26.6 1333  17.4  647  14.4  23.3  14.3  66.6  44.0 1341  16.5   6.7   4.7 -9.00 1002.2 1010.5 1012.2  831 1008.6 1629  7.5  6.4 14.3 -9.0 24.37  3.52 1200   -9.0   -9.0 -9.00   -9.0   -9   -9.0   -9   -9.0   -9   -9.0   -9   -9.0   -9 -99.0 -99.0 -99.0 -99.0 -99.0
20260606 188  3.1  2705  29  6.1   56   5  8.4 1130  21.4  24.5 1458  17.0  524  15.7  22.0  15.3  71.5  46.0  153  18.5  -9.0  -9.0 -9.00 1009.4 1011.7 1013.4  917 1010.2 2023  7.3  8.6 14.3 -9.0 -9.00 -9.00   -9    0.0   -9.0 -9.00    0.0   -9    0.0   -9   -9.0   -9   -9.0   -9   -9.0   -9 -99.0 -99.0 -99.0 -99.0 -99.0
20260606 189  2.8  2437   7  5.2 1014   9  9.7 1015  22.7  26.5 1221  17.8  559  13.7  23.1  15.0  58.8  35.0  905  16.2   7.0   4.9 -9.00 1005.1 1011.1 1012.5  901 1009.7 2005  7.9  9.1 14.3 -9.0 24.89  3.26 1300    0.0    0.4  0.20    0.0   -9    0.0   -9   -9.0   -9   -9.0   -9   -9.0   -9 -99.0 -99.0 -99.0 -99.0 -99.0
20260606 192  1.0   872  11  2.9 1526   7  6.3 1715  20.3  28.4 1507  11.5  505  12.6  28.1  10.1  64.3  38.0 1339  14.7   7.2   5.0 -9.00 1009.4 1012.8 1014.5  757 1011.3   35  5.8 11.5 14.4 -9.0 29.39  3.68 1200   -9.0   -9.0 -9.00   -9.0   -9   -9.0   -9   -9.0   -9   -9.0   -9   -9.0   -9 -99.0 -99.0 -99.0 -99.0 -99.0
20260606 201  1.6  1346  34  3.4 1854  36  7.0 1914  19.9  25.7 1348  12.9  322  13.3  22.6   8.1  68.9  45.0 1356  15.4  -9.0  -9.0 -9.00 1007.8 1013.4 1015.8 1011 1011.3 2032  6.1  4.9 14.7 -9.0 -9.00 -9.00   -9    0.0   -9.0 -9.00    0.0   -9    0.0   -9   -9.0   -9   -9.0   -9   -9.0   -9 -99.0 -99.0 -99.0 -99.0 -99.0
20260606 202  1.4  1213  34  3.1 1718   5  7.0 2235  21.2  28.0 1639  13.5  546  11.7  27.1  10.1  58.9  29.0 1502  13.9  -9.0  -9.0 -9.00 1007.6 1013.1 1015.5  741 1011.2 2153  4.9  9.5 14.7 -9.0 -9.00 -9.00   -9   -9.0   -9.0 -9.00   -9.0   -9   -9.0   -9   -9.0   -9   -9.0   -9   -9.0   -9 -99.0 -99.0 -99.0 -99.0 -99.0
20260606 203  0.9   766   7  2.1 1216   5  5.6 1714  21.6  29.4 1451  12.2  528  12.2  29.3  10.0  59.3  25.0 1552  14.2  -9.0  -9.0 -9.00 1004.0 1013.3 1015.9  726 1011.5 1803  4.0  8.5 14.6 -9.0 -9.00 -9.00   -9   -9.0   -9.0 -9.00   -9.0   -9   -9.0   -9   -9.0   -9   -9.0   -9   -9.0   -9 -99.0 -99.0 -99.0 -99.0 -99.0
20260606 211  1.2  1055  36  4.3 1529  36  8.1 1549  18.6  26.6 1428  10.1  501   9.5  24.4   5.5  59.8  27.0 1236  11.9  -9.0  -9.0 -9.00  990.1 1013.6 1015.9  651 1011.1 1452  5.5  9.6 14.7 -9.0 -9.00 -9.00   -9    0.0   -9.0 -9.00    0.0   -9    0.0   -9   -9.0   -9   -9.0   -9   -9.0   -9 -99.0 -99.0 -99.0 -99.0 -99.0
20260606 212  1.1   967  29  3.1 1620  36  5.4 1136  20.2  28.5 1438  11.4  559   9.6  24.7   9.8  55.5  26.0 1259  12.0  -9.0  -9.0 -9.00  997.3 1013.6 1016.3  739 1011.4 1438  4.3  8.9 14.7 -9.0 -9.00 -9.00   -9    0.0   -9.0 -9.00    0.0   -9    0.0   -9   -9.0   -9   -9.0   -9   -9.0   -9 -99.0 -99.0 -99.0 -99.0 -99.0
20260606 216  1.3  1106   5  3.9 1240   9  7.5 1412  16.3  24.1 1206   8.0  509   7.8  21.8   6.8  62.3  28.0 1207  10.6   6.5   4.5 -9.00  933.3 1014.3 1016.7  543 1012.0 1222  4.1  9.5 14.6 -9.0 26.84  3.59 1100   -9.0   -9.0 -9.00   -9.0   -9   -9.0   -9   -9.0   -9   -9.0   -9   -9.0   -9 -99.0 -99.0 -99.0 -99.0 -99.0
20260606 217  1.4  1193   2  4.2 1423   5  7.7 1422  17.9  28.5 1350   8.3  523   8.5  26.1   8.5  59.5  27.0 1332  11.2  -9.0  -9.0 -9.00  978.1 1014.2 1017.1  644 1011.0 1350  4.3 10.2 14.6 -9.0 -9.00 -9.00   -9   -9.0   -9.0 -9.00   -9.0   -9   -9.0   -9   -9.0   -9   -9.0   -9   -9.0   -9 -99.0 -99.0 -99.0 -99.0 -99.0
20260606 221  1.2  1053  20  4.0 1504  20  7.3 1502  19.3  27.1 1523  10.3  514  10.6  24.8   7.7  62.6  28.0 1455  12.8  -9.0  -9.0 -9.00  982.6 1013.2 1015.8  705 1010.9 1455  2.9 12.1 14.6 -9.0 -9.00 -9.00   -9   -9.0   -9.0 -9.00   -9.0   -9   -9.0   -9   -9.0   -9   -9.0   -9   -9.0   -9 -99.0 -99.0 -99.0 -99.0 -99.0
20260606 226  1.6  1389  18  5.1 1236   9  9.2 1417  20.4  27.6 1720  10.2  531  10.2  26.4   4.5  58.0  28.0 1432  12.5  -9.0  -9.0 -9.00  993.2 1013.0 1015.5  600 1010.8 1828  1.9 12.4 14.6 -9.0 -9.00 -9.00   -9   -9.0   -9.0 -9.00   -9.0   -9   -9.0   -9   -9.0   -9   -9.0   -9   -9.0   -9 -99.0 -99.0 -99.0 -99.0 -99.0
20260606 232  1.5  1274   9  4.9 2355  11  7.5 2349  21.2  28.8 1649  10.8  434  10.5  29.1   7.1  56.5  21.0 1650  12.7  -9.0  -9.0 -9.00 1003.2 1013.0 1015.6  701 1011.3 1743  2.9 12.5 14.6 -9.0 -9.00 -9.00   -9   -9.0   -9.0 -9.00   -9.0   -9   -9.0   -9   -9.0   -9   -9.0   -9   -9.0   -9 -99.0 -99.0 -99.0 -99.0 -99.0
20260606 235  1.7  1462   2  5.1 2109   5  8.0 2103  21.6  29.8 1513  11.9  433  12.7  27.6   7.9  60.6  29.0 1129  14.8   9.0   6.3 -9.00 1010.4 1011.5 1013.8  806 1009.6 2332  3.4 12.0 14.6 -9.0 29.49  3.57 1200   -9.0   -9.0 -9.00   -9.0   -9   -9.0   -9   -9.0   -9   -9.0   -9   -9.0   -9 -99.0 -99.0 -99.0 -99.0 -99.0
20260606 236  1.1   918   9  3.3 1214   9  7.0 1205  21.4  29.7 1549  11.6  504  11.5  28.8   7.3  59.9  26.0 1248  13.7  -9.0  -9.0 -9.00 1010.9 1012.5 1014.9  718 1010.5 2026  2.5 12.6 14.5 -9.0 -9.00 -9.00   -9   -9.0   -9.0 -9.00   -9.0   -9   -9.0   -9   -9.0   -9   -9.0   -9   -9.0   -9 -99.0 -99.0 -99.0 -99.0 -99.0
20260606 238  1.2  1011  14  3.4 1724   5  5.8 1457  21.1  30.2 1608  10.5  504   9.8  27.9   5.2  54.6  24.0 1606  12.2  -9.0  -9.0 -9.00  992.3 1011.9 1014.9  554 1009.6 1558  1.1 12.9 14.5 -9.0 -9.00 -9.00   -9   -9.0   -9.0 -9.00   -9.0   -9   -9.0   -9   -9.0   -9   -9.0   -9   -9.0   -9 -99.0 -99.0 -99.0 -99.0 -99.0
20260606 239  1.4  1232  11  3.6 1345   9  6.2 1520  21.4  29.0 1641  11.9  535  10.6  27.6   9.8  55.0  25.0 1507  12.8   9.4   6.6 -9.00 1001.4 1011.8 1014.6  547 1009.6 1803  2.9 12.3 14.6 -9.0 29.84  3.58 1200   -9.0   -9.0 -9.00   -9.0   -9   -9.0   -9   -9.0   -9   -9.0   -9   -9.0   -9 -99.0 -99.0 -99.0 -99.0 -99.0
20260606 243  1.5  1279  27  4.5 1705  27  8.0 1704  21.6  31.1 1513  13.7  457  12.1  27.5   9.2  61.1  19.0 1419  14.4  -9.0  -9.0 -9.00 1010.7 1012.1 1014.5  807 1010.6 2350  1.0 12.7 14.5 -9.0 -9.00 -9.00   -9   -9.0   -9.0 -9.00   -9.0   -9   -9.0   -9   -9.0   -9   -9.0   -9   -9.0   -9 -99.0 -99.0 -99.0 -99.0 -99.0
20260606 244  1.3  1154  20  3.6 1151  20  6.8 1536  20.8  28.7 1451  10.5  527   9.7  24.6   7.2  55.5  22.0 1216  12.2  -9.0  -9.0 -9.00  983.5 1011.9 1014.5  551 1009.9 1517  2.5 13.3 14.5 -9.0 -9.00 -9.00   -9   -9.0   -9.0 -9.00   -9.0   -9   -9.0   -9   -9.0   -9   -9.0   -9   -9.0   -9 -99.0 -99.0 -99.0 -99.0 -99.0
20260606 245  1.8  1522  18  4.2 1443   5  7.7  953  22.1  31.2 1608  12.4  534  10.2  27.9   8.1  53.8  17.0 1238  12.6  10.1   7.1 -9.00 1003.9 1011.8 1014.2  717 1010.2 1729  0.9 13.4 14.5 -9.0 30.18  3.72 1200   -9.0   -9.0 -9.00   -9.0   -9   -9.0   -9   -9.0   -9   -9.0   -9   -9.0   -9 -99.0 -99.0 -99.0 -99.0 -99.0
20260606 247  1.9  1637   9  4.4 2337   9  7.3 2337  21.6  29.4 1453  11.9  534  12.4  26.1  10.6  59.5  34.0 1322  14.4  -9.0  -9.0 -9.00  996.5 1011.9 1014.1  716 1009.9 1616  2.9 13.4 14.5 -9.0 -9.00 -9.00   -9   -9.0   -9.0 -9.00   -9.0   -9   -9.0   -9   -9.0   -9   -9.0   -9   -9.0   -9 -99.0 -99.0 -99.0 -99.0 -99.0
20260606 248  1.2  1053   5  3.7 1045   5  6.3 1030  18.7  27.3 1526   9.1  507  10.2  24.5   6.1  64.6  26.0 1648  12.5  -9.0  -9.0 -9.00  966.2 1012.8 1015.8  557 1010.4 1526  3.0 12.8 14.5 -9.0 -9.00 -9.00   -9   -9.0   -9.0 -9.00   -9.0   -9   -9.0   -9   -9.0   -9   -9.0   -9   -9.0   -9 -99.0 -99.0 -99.0 -99.0 -99.0
20260606 251 -9.0    -9  25  3.1 1830  23  4.3 1827 -99.0  28.3 1730  12.5  235 -99.0 -99.0  11.8  -9.0  39.0 1731  -9.0  -9.0  -9.0 -9.00   -9.0   -9.0 1012.5  231 1010.3 1730  1.8 -9.0 14.5 -9.0 -9.00  0.55 1800   -9.0   -9.0 -9.00   -9.0   -9   -9.0   -9   -9.0   -9   -9.0   -9   -9.0   -9 -99.0 -99.0 -99.0 -99.0 -99.0
20260606 252  1.4  1222  14  3.4 1440  34  6.6 1645  20.8  29.9 1529  12.4  447  11.4  25.0   8.5  61.5  25.0 1109  13.6   9.2   6.5 -9.00 1007.4 1011.7 1013.7  656 1010.2 2355  1.3 12.3 14.5 -9.0 31.28  3.78 1200   -9.0   -9.0 -9.00   -9.0   -9   -9.0   -9   -9.0   -9   -9.0   -9   -9.0   -9 -99.0 -99.0 -99.0 -99.0 -99.0
20260606 253  1.7  1458  11  4.9 1320  14 10.1 1308  22.7  28.3 1216  16.2  448  11.8  26.7  12.1  51.0  37.0 1248  14.0   7.8   5.5 -9.00 1007.2 1013.5 1014.8  919 1011.1   34  5.5 11.2 14.4 -9.0 28.19  3.68 1200   -9.0   -9.0 -9.00   -9.0   -9   -9.0   -9   -9.0   -9   -9.0   -9   -9.0   -9 -99.0 -99.0 -99.0 -99.0 -99.0
20260606 254  1.5  1311  20  4.4 1843  20  6.5 1558  20.9  29.5 1534  11.7  517  10.3  28.3   9.1  57.5  23.0 1322  12.7   9.8   6.9 -9.00  997.4 1012.4 1014.8  716 1010.6 1518  2.8 13.1 14.5 -9.0 31.79  3.84 1200   -9.0   -9.0 -9.00   -9.0   -9   -9.0   -9   -9.0   -9   -9.0   -9   -9.0   -9 -99.0 -99.0 -99.0 -99.0 -99.0
20260606 255  1.7  1495   9  4.3 1444   9  9.5 1512  23.5  28.9 1336  16.9  514  11.5  25.3  11.6  47.9  33.0 1242  13.6   8.3   5.8 -9.00 1006.5 1012.4 1013.8  933 1010.6   47  6.0 11.7 14.5 -9.0 26.41  3.36 1200   -9.0   -9.0 -9.00   -9.0   -9   -9.0   -9   -9.0   -9   -9.0   -9   -9.0   -9 -99.0 -99.0 -99.0 -99.0 -99.0
20260606 257  2.3  1996   9  4.6 2147  11 12.2 2114  22.7  28.7 1410  14.7  453  12.2  27.0  11.6  53.6  34.0 1230  14.3   9.1   6.4 -9.00 1012.1 1012.8 1013.8  925 1010.6   19  5.5 10.2 14.5 -9.0 27.64  3.55 1200   -9.0   -9.0 -9.00   -9.0   -9   -9.0   -9   -9.0   -9   -9.0   -9   -9.0   -9 -99.0 -99.0 -99.0 -99.0 -99.0
20260606 258  3.2  2802  16  5.8 1434  16  8.4 1411  21.7  27.6 1425  14.8  537  13.0  22.4  12.9  58.9  42.0 1122  15.0   9.2   6.4 -9.00 1012.3 1012.5 1014.4  847 1011.5   29  5.1 11.2 14.4 -9.0 30.00  3.81 1200   -9.0   -9.0 -9.00   -9.0   -9   -9.0   -9   -9.0   -9   -9.0   -9   -9.0   -9 -99.0 -99.0 -99.0 -99.0 -99.0
20260606 259  2.1  1830  11  5.3 1635   9  9.6 1337  22.0  28.6 1424  12.4  524  13.0  24.5  11.1  59.9  38.0 1357  15.0   9.0   6.3 -9.00 1010.0 1011.8 1013.4  804 1010.5 2015  4.9 11.3 14.4 -9.0 29.80  3.62 1200   -9.0   -9.0 -9.00   -9.0   -9   -9.0   -9   -9.0   -9   -9.0   -9   -9.0   -9 -99.0 -99.0 -99.0 -99.0 -99.0
20260606 260  2.7  2327  14  5.5 1812  16  9.1 1546  21.6  27.2 1509  12.7  454  13.0  26.4  10.6  61.4  39.0 1710  15.1  -9.0  -9.0 -9.00 1006.8 1011.9 1013.4  741 1010.8 1636  4.8 11.9 14.4 -9.0 -9.00 -9.00   -9   -9.0   -9.0 -9.00   -9.0   -9   -9.0   -9   -9.0   -9   -9.0   -9   -9.0   -9 -99.0 -99.0 -99.0 -99.0 -99.0
20260606 261  3.0  2592  11  7.7 1629  11 10.7 1631  21.7  27.9 1356  11.8  528  13.6  25.7   8.5  63.5  37.0 1250  15.6  -9.0  -9.0 -9.00 1010.1 1012.1 1013.6  746 1010.6 2359  4.5 12.2 14.4 -9.0 -9.00 -9.00   -9   -9.0   -9.0 -9.00   -9.0   -9   -9.0   -9   -9.0   -9   -9.0   -9   -9.0   -9 -99.0 -99.0 -99.0 -99.0 -99.0
20260606 262  1.7  1507  18  4.3 1436  23  8.8 1418  20.7  27.3 1253  11.3  505  12.6  23.4  14.1  62.6  37.0 1223  14.6   7.3   5.1 -9.00 1005.9 1012.0 1013.6  758 1010.9 2359  5.4  9.1 14.4 -9.0 24.73  3.16 1200   -9.0   -9.0 -9.00   -9.0   -9   -9.0   -9   -9.0   -9   -9.0   -9   -9.0   -9 -99.0 -99.0 -99.0 -99.0 -99.0
20260606 263  2.0  1751  11  4.3 1609  11  6.7 1355  21.0  29.0 1506  11.4  522  10.1  26.5   9.6  53.3  27.0 1514  12.4   8.9   6.2 -9.00 1011.2 1012.8 1014.5  808 1011.5    1  4.8 11.6 14.5 -9.0 30.10  3.67 1100   -9.0   -9.0 -9.00   -9.0   -9   -9.0   -9   -9.0   -9   -9.0   -9   -9.0   -9 -99.0 -99.0 -99.0 -99.0 -99.0
20260606 264  1.6  1369   9  4.4 1439  11  8.5 1433  20.4  28.6 1612  10.2  519   6.7  25.2   8.8  47.8  14.0 1452  10.0   9.6   6.7 -9.00  995.3 1013.0 1015.3  608 1010.7 1611  3.1 12.9 14.5 -9.0 31.75  3.82 1200   -9.0   -9.0 -9.00   -9.0   -9   -9.0   -9   -9.0   -9   -9.0   -9   -9.0   -9 -99.0 -99.0 -99.0 -99.0 -99.0
20260606 266  2.3  1972   9  5.0 1623  11  9.1 1636  21.6  27.1 1323  14.9  550  12.0  23.0  11.4  55.5  39.0 1222  14.1   8.8   6.1 -9.00 1002.5 1012.7 1014.3  839 1011.3   34  6.1 10.1 14.4 -9.0 27.53  3.68 1200   -9.0   -9.0 -9.00   -9.0   -9   -9.0   -9   -9.0   -9   -9.0   -9   -9.0   -9 -99.0 -99.0 -99.0 -99.0 -99.0
20260606 268  1.8  1529   9  4.6 1232   7  8.7 1346  20.9  27.1 1424  12.8  412  12.7  24.0  13.3  63.5  36.0 1129  14.7  -9.0  -9.0 -9.00 1009.5 1010.7 1012.1  734 1009.2 2400  5.3 12.2 14.4 -9.0 -9.00 -9.00   -9   -9.0   -9.0 -9.00   -9.0   -9   -9.0   -9   -9.0   -9   -9.0   -9   -9.0   -9 -99.0 -99.0 -99.0 -99.0 -99.0
20260606 271  1.6  1363  14  4.6 1402  16  8.1 1330  17.7  26.1 1258   7.7  502   8.5  27.1   4.1  60.3  27.0 1018  11.1  -9.0  -9.0 -9.00  976.7 1014.3 1016.3 2340 1012.4 1338  3.9 11.7 14.6 -9.0 -9.00 -9.00   -9   -9.0   -9.0 -9.00   -9.0   -9   -9.0   -9   -9.0   -9   -9.0   -9   -9.0   -9 -99.0 -99.0 -99.0 -99.0 -99.0
20260606 272  1.7  1489  16  4.9 1629  18  9.4 1620  19.5  27.6 1427  10.8  523  10.5  28.5   7.0  60.5  32.0 1511  12.7  -9.0  -9.0 -9.00  989.1 1013.6 1015.4 2229 1011.6 1455  3.4 12.2 14.6 -9.0 -9.00 -9.00   -9   -9.0   -9.0 -9.00   -9.0   -9   -9.0   -9   -9.0   -9   -9.0   -9   -9.0   -9 -99.0 -99.0 -99.0 -99.0 -99.0
20260606 273  1.7  1447  11  3.9 1724  16  6.9 1643  20.2  28.2 1644  11.9  513  11.5  28.2   7.2  60.1  34.0 1633  13.6  -9.0  -9.0 -9.00  992.7 1012.7 1014.5  726 1010.7 1719  2.5 11.9 14.6 -9.0 -9.00 -9.00   -9   -9.0   -9.0 -9.00   -9.0   -9   -9.0   -9   -9.0   -9   -9.0   -9   -9.0   -9 -99.0 -99.0 -99.0 -99.0 -99.0
20260606 276  1.9  1651  14  4.9 1345  11  9.5 1449  18.6  27.6 1239   9.3  512  10.5  29.4   6.0  64.6  32.0 1104  12.7   8.4   5.9 -9.00  989.3 1013.6 1015.1  641 1011.5    1  2.6 13.2 14.6 -9.0 31.37  3.96 1200   -9.0   -9.0 -9.00   -9.0   -9   -9.0   -9   -9.0   -9   -9.0   -9   -9.0   -9 -99.0 -99.0 -99.0 -99.0 -99.0
20260606 277  1.6  1362  11  4.1 1228  14  6.6 1235  19.6  25.3 1345  14.1  531  13.1  31.2  12.0  67.8  43.0 1256  15.1  -9.0  -9.0 -9.00 1009.5 1014.3 1015.7 2241 1010.4    1  3.1 13.0 14.6 -9.0 -9.00 -9.00   -9   -9.0   -9.0 -9.00   -9.0   -9   -9.0   -9   -9.0   -9   -9.0   -9   -9.0   -9 -99.0 -99.0 -99.0 -99.0 -99.0
20260606 278  1.2  1021  11  3.4 1755  16  6.9 1526  20.0  29.2 1323  10.8  525  11.2  27.7   6.3  62.3  31.0 1324  13.3  -9.0  -9.0 -9.00 1003.0 1012.5 1014.3  629 1010.8    1  3.1 11.9 14.5 -9.0 -9.00 -9.00   -9   -9.0   -9.0 -9.00   -9.0   -9   -9.0   -9   -9.0   -9   -9.0   -9   -9.0   -9 -99.0 -99.0 -99.0 -99.0 -99.0
20260606 279  1.6  1373   9  4.2 1745   7  8.5 1750  22.1  29.8 1424  13.6  519  10.0  29.5   9.3  49.1  27.0 1349  12.3   8.6   6.0 -9.00 1007.1 1012.8 1014.7  746 1011.0 1556  3.0 12.9 14.5 -9.0 30.08  3.61 1200   -9.0   -9.0 -9.00   -9.0   -9   -9.0   -9   -9.0   -9   -9.0   -9   -9.0   -9 -99.0 -99.0 -99.0 -99.0 -99.0
20260606 281  1.9  1633   9  5.4 1523   9  9.1 1518  19.9  27.2 1358  11.6  510  11.4  27.6   8.9  61.5  36.0 1344  13.5  -9.0  -9.0 -9.00 1002.9 1014.0 1015.2  800 1011.7   30  4.8 12.5 14.5 -9.0 -9.00 -9.00   -9   -9.0   -9.0 -9.00   -9.0   -9   -9.0   -9   -9.0   -9   -9.0   -9   -9.0   -9 -99.0 -99.0 -99.0 -99.0 -99.0
20260606 283  2.2  1873  14  4.8 1449  14  8.3 1300  20.6  28.1 1233  13.2  444  12.5  27.1   9.6  62.8  35.0 1253  14.5   7.8   5.4 -9.00 1009.3 1013.9 1014.9  804 1011.3    1  4.9 12.6 14.5 -9.0 30.45  3.78 1200   -9.0   -9.0 -9.00   -9.0   -9   -9.0   -9   -9.0   -9   -9.0   -9   -9.0   -9 -99.0 -99.0 -99.0 -99.0 -99.0
20260606 284  1.7  1488  14  4.6 1852  16  7.2 1320  19.2  27.5 1602   9.1  451  11.5  26.9   6.2  64.1  38.0 1446  13.7   8.1   5.7 -9.00  985.6 1012.0 1014.3  611 1009.8 1639  3.1 13.3 14.5 -9.0 30.87  3.70 1200   -9.0   -9.0 -9.00   -9.0   -9   -9.0   -9   -9.0   -9   -9.0   -9   -9.0   -9 -99.0 -99.0 -99.0 -99.0 -99.0
20260606 285  0.9   786   7  2.5 1158  20  5.3 1635  21.0  29.2 1611  11.5  507  12.0  28.6  10.1  60.3  35.0 1415  14.0  -9.0  -9.0 -9.00 1010.0 1013.1 1015.0  747 1011.4 1623  3.8 12.6 14.5 -9.0 -9.00 -9.00   -9   -9.0   -9.0 -9.00   -9.0   -9   -9.0   -9   -9.0   -9   -9.0   -9   -9.0   -9 -99.0 -99.0 -99.0 -99.0 -99.0
20260606 288  1.8  1576  11  4.3 1647  11  6.9 1559  22.5  30.2 1329  14.5  416  11.5  27.9  13.9  52.8  32.0 1400  13.6   8.6   6.0 -9.00 1010.6 1011.5 1012.8  742 1009.9    3  5.1 11.2 14.5 -9.0 29.79  3.56 1100   -9.0   -9.0 -9.00   -9.0   -9   -9.0   -9   -9.0   -9   -9.0   -9   -9.0   -9 -99.0 -99.0 -99.0 -99.0 -99.0
20260606 289  1.3  1084  29  2.9 1236  25  6.6 1227  20.4  28.5 1533  11.5  536  12.3  27.4   9.7  63.5  36.0 1420  14.4  -9.0  -9.0 -9.00  997.6 1013.7 1015.9  758 1011.6 1624  3.8 10.9 14.5 -9.0 -9.00 -9.00   -9   -9.0   -9.0 -9.00   -9.0   -9   -9.0   -9   -9.0   -9   -9.0   -9   -9.0   -9 -99.0 -99.0 -99.0 -99.0 -99.0
20260606 294  2.0  1715   9  4.4 1320   5 10.0 1249  21.3  26.2 1054  16.0  545  12.7  27.2  11.2  58.8  39.0 1241  14.7  -9.0  -9.0 -9.00 1008.2 1013.4 1014.7  916 1011.1   45  6.6  9.3 14.4 -9.0 -9.00 -9.00   -9   -9.0   -9.0 -9.00   -9.0   -9   -9.0   -9   -9.0   -9   -9.0   -9   -9.0   -9 -99.0 -99.0 -99.0 -99.0 -99.0
20260606 295  1.8  1555   7  4.2 1407   9  6.3 1252  21.7  27.8 1444  16.2  510  12.4  25.9  11.8  56.6  37.0 1450  14.4  -9.0  -9.0 -9.00 1007.5 1012.8 1014.5  853 1011.1   46  6.1  8.6 14.4 -9.0 -9.00 -9.00   -9   -9.0   -9.0 -9.00   -9.0   -9   -9.0   -9   -9.0   -9   -9.0   -9   -9.0   -9 -99.0 -99.0 -99.0 -99.0 -99.0
20260606 296  3.0  2567   5  6.3 1326   7 10.1 1352  22.2  28.1 1239  13.3  521  12.9  24.0   5.2  57.8  39.0 1241  14.9   8.9   6.2 -9.00 1011.9 1012.2 1013.2  905 1009.9  100  6.1 10.7 14.4 -9.0 28.90  3.80 1200   -9.0   -9.0 -9.00   -9.0   -9   -9.0   -9   -9.0   -9   -9.0   -9   -9.0   -9 -99.0 -99.0 -99.0 -99.0 -99.0
20260607  90  2.9  2479  14  7.3 1517  16 11.4 1603  19.2  20.7 1059  17.7  458  16.1  20.8  17.5  82.1  73.0  124  18.2   2.3   1.6 -9.00 1009.6 1011.6 1014.8   12 1008.4 1738  9.8  0.1 14.7 -9.0  8.45  1.22 1100    0.2   -9.0 -9.00    0.2   -9    0.2   -9   -9.0   -9   -9.0   -9   -9.0   -9 -99.0 -99.0 -99.0 -99.0 -99.0
20260607  93  0.9   783  32  2.6 1132  11  5.7 1458  20.4  24.5 1701  16.9  520  14.6  21.9  16.1  70.6  54.0 1034  16.7   2.9   2.1 -9.00  998.8 1009.9 1013.2    7 1006.3 1714  9.1  2.6 14.7 -9.0 11.59  1.46 1500    1.6    1.6  1.50    1.6 2131    1.1 2152   -9.0   -9   -9.0   -9   -9.0   -9  23.0  21.4  18.7  14.3  12.8
20260607  95  1.7  1509  11  4.1  408  11  6.7  654  19.4  23.0 1721  16.2 2343  14.1  20.4  14.7  72.6  53.0 1257  16.2   2.9   2.0 -9.00  992.2 1010.2 1013.2  825 1007.1 1716  8.3  2.1 14.7 -9.0  9.31  1.06 1500    0.0    0.0 -9.00    0.0   -9    0.0   -9   -9.0   -9   -9.0   -9   -9.0   -9 -99.0 -99.0 -99.0 -99.0 -99.0
20260607  98  1.0   834  11  3.3 1409  11  8.2 1409  20.2  24.5 1615  16.5 2400  12.5  21.8  13.6  62.4  42.0   38  14.6   2.8   2.0 -9.00  995.9 1009.3 1011.8  814 1006.1 1554  7.5  1.4 14.7 -9.0 10.65  1.41 1700    0.0   -9.0 -9.00    0.0   -9    0.0   -9   -9.0   -9   -9.0   -9   -9.0   -9 -99.0 -99.0 -99.0 -99.0 -99.0
20260607  99  1.8  1536   9  3.8 1050   9  7.2  916  19.0  23.2 1642  14.8 2343  14.5  22.3  11.5  76.3  62.0 1345  16.6   2.8   1.9 -9.00 1006.3 1009.9 1012.5  858 1007.4 1602  6.8  1.2 14.7 -9.0 10.30  1.28 1600    0.0   -9.0 -9.00    0.0   -9    0.0   -9   -9.0   -9   -9.0   -9   -9.0   -9 -99.0 -99.0 -99.0 -99.0 -99.0
20260607 100  1.5  1294  11  3.9  722   9  6.4  752  13.9  16.7 1155  10.8  505  11.1  16.6   8.5  83.9  63.0  129  13.3   1.3   0.9 -9.00  923.7 1011.5 1015.1    4 1008.2 1826  9.4  1.3 14.7 -9.0  7.61  1.29  800    0.0   -9.0 -9.00    0.0   -9    0.0   -9   -9.0   -9   -9.0   -9   -9.0   -9 -99.0 -99.0 -99.0 -99.0 -99.0
20260607 101  1.8  1594  32  3.6 1210  32  5.5 1138  20.2  24.6 1651  17.1  530  15.0  22.4  15.2  72.5  52.0  124  17.1   3.1   2.1 -9.00 1000.1 1008.9 1012.2    9 1005.1 1715  9.0  0.8 14.7 -9.0 11.58  1.47 1100    4.7    4.7 -9.00    4.7 2101    4.7 2151   -9.0   -9   -9.0   -9   -9.0   -9  22.5  19.4  17.1  14.8  15.0
20260607 102  1.8  1520  14  3.9  435  14  5.6  428  16.3  18.4 1456  13.7 2334  13.8  17.6  10.1  85.8  68.0 1429  15.8   2.0   1.4 -9.00 1004.4 1008.7 1010.3  554 1007.5 1721  8.1  0.2 14.7 -9.0  5.54  0.80 1700    5.7   -9.0  9.08    2.5  508    1.3  922   -9.0   -9   -9.0   -9   -9.0   -9 -99.0 -99.0 -99.0 -99.0 -99.0
20260607 104  1.4  1248  11  3.7 1251  11  6.7 1559  18.5  20.8  939  15.7  454  15.6  22.4  13.8  83.6  68.0  129  17.9   2.0   1.4 -9.00 1001.7 1010.5 1013.7    1 1007.5 1827  9.6  0.2 14.7 -9.0 10.06  1.38  900    0.2    1.5  1.17    0.2   -9    0.2   -9   -9.0   -9   -9.0   -9   -9.0   -9  22.1  19.7  17.4  13.8  13.3
20260607 105  1.8  1544  11  3.7 1147  11  7.5 1332  19.0  21.2 1037  16.9  519  14.2  23.8  15.3  74.3  56.0   19  16.3   2.2   1.5 -9.00 1008.2 1011.4 1014.4    9 1008.4 1832  9.4  0.1 14.7 -9.0  9.13  1.03  800    0.0   -9.0 -9.00    0.0   -9    0.0   -9   -9.0   -9   -9.0   -9   -9.0   -9  23.0  20.4  18.8  15.3  14.6
20260607 106  1.8  1584   2  4.2 1030   2  6.9  955  18.6  22.7 1037  15.2  605  15.1  23.2  11.8  80.8  60.0  827  17.4   2.6   1.8 -9.00 1007.0 1011.7 1015.0    1 1009.1 2347  9.0  1.0 14.7 -9.0 11.99  2.06 1000    0.0   -9.0 -9.00    0.0   -9    0.0   -9   -9.0   -9   -9.0   -9   -9.0   -9 -99.0 -99.0 -99.0 -99.0 -99.0
20260607 108  2.4  2034   5  4.0 1001   7  6.6    5  22.1  24.9 1752  19.7 2354  12.6  23.1  14.2  55.6  46.0    2  14.7   3.5   2.4 -9.00  999.1 1009.0 1011.3    1 1005.8 1636  8.1  2.0 14.7 -9.0  9.17  1.02 1700    0.0    0.0  0.50    0.0   -9    0.0   -9   -9.0   -9   -9.0   -9   -9.0   -9  22.3  19.9  18.7  14.9  13.7
20260607 112  2.3  1961  27  4.0 1810   9  7.5  149  22.2  25.3 1711  19.4 2326  13.5  22.0  15.4  59.0  44.0  816  15.6   3.3   2.3 -9.00 1000.8 1008.7 1010.7  841 1005.6 1557  8.8  2.0 14.7 -9.0  9.49  1.28 1700    0.0    0.0  2.58    0.0   -9    0.0   -9   -9.0   -9   -9.0   -9   -9.0   -9  21.3  19.6  14.1  17.0  13.5
20260607 114  1.9  1604  14  4.0    3  18  8.7    2  22.2  25.9 1404  18.4  527  13.7  25.4  13.3  59.8  45.0  226  15.8   4.1   2.9 -9.00  991.6 1008.8 1012.1   19 1005.6 1728  8.9  2.5 14.7 -9.0 15.49  2.68 1000    0.0   -9.0 -9.00    0.0   -9    0.0   -9   -9.0   -9   -9.0   -9   -9.0   -9 -99.0 -99.0 -99.0 -99.0 -99.0
20260607 115  4.6  3989   5  8.3 1319   5 12.4 1457  18.4  21.1  859  17.0 1629  16.4  22.8  14.2  88.8  79.0  903  18.6   1.8   1.2  7.50  985.5 1011.2 1016.0   49 1008.1 2353  7.6  1.2 14.7 -9.0  7.65  1.57  800    1.1    5.6  2.83    0.9 1603    0.4 1609   -9.0   -9   -9.0   -9   -9.0   -9  20.1  16.9  15.8  12.6  13.1
20260607 119  2.4  2055  11  4.2 1523  11  6.4 1545  22.4  24.8 1738  19.5 2335  10.9  24.7  16.2  49.4  37.0  830  13.2   3.5   2.4 -9.00 1004.0 1008.6 1010.9    1 1005.4 1701  9.4  0.5 14.6 -9.0  9.98  1.09 1100   -9.0   -9.0 -9.00   -9.0   -9   -9.0   -9   -9.0   -9   -9.0   -9   -9.0   -9  22.7  19.5  17.1  13.3  12.7
20260607 121  2.0  1738   9  4.5 1524   9  8.3 1522  20.7  26.8 1213  14.4  538  13.6  28.8  11.9  65.5  44.0  858  15.6   5.2   3.6 -9.00  982.2 1009.8 1013.8    1 1007.1 1743  8.1  6.1 14.6 -9.0 21.23  3.03 1100   -9.0   -9.0 -9.00   -9.0   -9   -9.0   -9   -9.0   -9   -9.0   -9   -9.0   -9 -99.0 -99.0 -99.0 -99.0 -99.0
20260607 127  1.5  1260   7  3.7  231   7  6.2  223  22.6  27.7 1424  15.8  528  11.9  25.0  13.7  52.5  38.0  228  14.1   4.8   3.4 -9.00  994.8 1008.0 1011.5   19 1005.0 1756  7.5  3.3 14.6 -9.0 18.29  2.36  900   -9.0   -9.0 -9.00   -9.0   -9   -9.0   -9   -9.0   -9   -9.0   -9   -9.0   -9 -99.0 -99.0 -99.0 -99.0 -99.0
20260607 129  2.1  1802  32  4.8 1804  32  7.2 1801  22.3  25.2 1212  19.0 2346  12.8  26.0  15.6  56.3  43.0  908  14.8   3.7   2.6 -9.00 1005.7 1008.6 1010.2    5 1005.7 1646  9.0  1.4 14.6 -9.0 13.02  1.79 1200   -9.0   -9.0 -9.00   -9.0   -9   -9.0   -9   -9.0   -9   -9.0   -9   -9.0   -9  22.3  19.5  19.4  14.2  14.8
20260607 130  1.4  1196   5  3.6 1526   5  7.0 1548  18.4  20.9  942  14.5  449  16.0  21.2  12.4  86.0  77.0  949  18.3  -9.0  -9.0 -9.00 1005.6 1011.3 1015.6    1 1008.9 2305  8.4  0.1 14.6 -9.0 -9.00 -9.00   -9    0.0   -9.0 -9.00    0.0   -9    0.0   -9   -9.0   -9   -9.0   -9   -9.0   -9 -99.0 -99.0 -99.0 -99.0 -99.0
20260607 131  1.9  1623  11  4.3   15  14 10.0    6  24.3  28.6 1507  20.6  550  12.8  29.1  17.0  49.6  39.0   35  15.1   6.0   4.2 -9.00 1001.3 1008.0 1011.0    6 1005.1 1724  6.0  6.5 14.6 -9.0 22.51  3.37 1000    0.0    0.0  0.08    0.0   -9    0.0   -9   -9.0   -9   -9.0   -9   -9.0   -9 -99.0 -99.0 -99.0 -99.0 -99.0
20260607 133  2.8  2442  14  5.9  404  16  9.9  155  23.3  28.7 1323  18.2  555  14.2  27.9  15.3  57.3  45.0  105  16.4   6.7   4.7 -9.00 1000.7 1008.5 1011.7   30 1005.8 1718  5.6  7.7 14.6 -9.0 24.40  3.45 1100   -9.0   -9.0 -9.00   -9.0   -9   -9.0   -9   -9.0   -9   -9.0   -9   -9.0   -9  24.2  22.2  19.7  16.2  15.8
20260607 135  2.3  1991  11  4.9 1747   7  7.1  943  19.4  24.5 1242  13.3  531  14.2  25.0  12.0  72.5  60.0  812  16.4   3.8   2.7 -9.00  980.9 1009.1 1012.9    1 1006.7 1732  6.9  4.1 14.5 -9.0 17.52  2.95 1200    0.0   -9.0 -9.00    0.0   -9    0.0   -9   -9.0   -9   -9.0   -9   -9.0   -9 -99.0 -99.0 -99.0 -99.0 -99.0
20260607 136  1.7  1427  11  4.3 1752  14  7.5 1411  19.7  23.3 1247  14.5  540  14.0  24.0  12.8  70.3  62.0 1558  16.1   3.0   2.1 -9.00  994.4 1010.8 1015.2    3 1008.8 1740  7.8  1.9 14.6 -9.0 11.74  1.49 1600   -9.0   -9.0 -9.00   -9.0   -9   -9.0   -9   -9.0   -9   -9.0   -9   -9.0   -9 -99.0 -99.0 -99.0 -99.0 -99.0
20260607 137  0.7   604  14  2.2 1742  14  5.7 1734  21.2  27.3 1418  15.7  428  15.0  28.9  11.8  68.4  54.0  852  17.2   3.6   2.5 -9.00  997.6 1008.8 1012.5    1 1006.3 1733  7.4  3.5 14.6 -9.0 17.45  2.53 1100   -9.0   -9.0 -9.00   -9.0   -9   -9.0   -9   -9.0   -9   -9.0   -9   -9.0   -9 -99.0 -99.0 -99.0 -99.0 -99.0
20260607 138  2.9  2541   5  6.2 1103   2 12.0 1625  19.5  20.2 1108  18.8 1539  16.8  20.8  17.7  85.1  74.0    1  19.2   1.7   1.2 -9.00 1009.2 1009.7 1014.0   13 1007.5 2314  9.3  0.0 14.5 -9.0  5.77  1.15 1300    0.9    2.5  8.00    0.6 1440    0.3 1313   -9.0   -9   -9.0   -9   -9.0   -9  21.8  18.9  17.7  15.6  15.7
20260607 140  2.1  1773  29  6.3 1903  32 11.0 1850  22.5  28.2 1230  17.2  237  14.6  27.7  12.1  62.3  48.0 1235  16.8  -9.0  -9.0 -9.00 1005.7 1009.0 1011.7    1 1006.4 1652  6.4  6.6 14.5 -9.0 -9.00 -9.00   -9   -9.0   -9.0 -9.00   -9.0   -9   -9.0   -9   -9.0   -9   -9.0   -9   -9.0   -9 -99.0 -99.0 -99.0 -99.0 -99.0
20260607 143  2.6  2234  11  4.4   46  11  6.9   28  20.8  22.9 1051  18.5  413  15.7  23.5  17.4  73.0  60.0    1  17.9   2.1   1.5 -9.00 1002.8 1009.1 1013.0    1 1007.3 1722  8.8  0.1 14.5 -9.0  6.33  0.87  800    0.0   -9.0  1.75    0.0   -9    0.0   -9   -9.0   -9   -9.0   -9   -9.0   -9 -99.0 -99.0 -99.0 -99.0 -99.0
20260607 146  2.0  1704  27  6.5 1951  27 11.8 1947  23.6  30.1 1552  18.0  501  14.6  27.2  12.5  57.9  42.0 1526  16.6   6.6   4.7 -9.00 1000.9 1007.9 1010.5    4 1005.0 1707  5.8  6.7 14.5 -9.0 22.83  3.24 1100   -9.0   -9.0 -9.00   -9.0   -9   -9.0   -9   -9.0   -9   -9.0   -9   -9.0   -9 -99.0 -99.0 -99.0 -99.0 -99.0
20260607 152  2.4  2082   7  4.2 1123   5  7.9 1110  19.4  22.2 1111  17.9 2400  16.9  21.1  17.4  86.4  55.0    3  19.3   1.6   1.1 -9.00  999.4 1008.9 1013.2    1 1007.5 1854  9.3  0.2 14.5 -9.0  5.44  1.30 1100    1.1   -9.0  7.58    0.4 1251    0.3 1246   -9.0   -9   -9.0   -9   -9.0   -9 -99.0 -99.0 -99.0 -99.0 -99.0
20260607 155  1.9  1676   5  3.8  808   7  5.9  807  22.7  25.7 1144  20.7 2349  16.4  26.0  19.3  68.3  50.0    4  18.8   2.9   2.0 -9.00 1004.4 1008.4 1012.7    1 1006.9 1637  7.6  1.6 14.5 -9.0 11.37  1.92 1100    0.0   -9.0  0.03    0.0   -9    0.0   -9   -9.0   -9   -9.0   -9   -9.0   -9 -99.0 -99.0 -99.0 -99.0 -99.0
20260607 156  1.7  1512  18  4.7 2106  18  9.0 2113  23.9  29.9 1629  18.7  537  16.0  29.9  13.2  61.8  47.0 1559  18.3   5.1   3.5 -9.00  999.7 1007.7 1010.5    1 1005.3 1731  5.6  4.8 14.5 -9.0 18.90  2.78 1400   -9.0   -9.0 -9.00   -9.0   -9   -9.0   -9   -9.0   -9   -9.0   -9   -9.0   -9 -99.0 -99.0 -99.0 -99.0 -99.0
20260607 159  2.8  2404   7  4.1 1622   9  8.9  502  21.6  23.7 1612  20.0 2251  17.4  21.9  16.8  77.1  59.0    5  19.9   2.4   1.7 -9.00  999.9 1007.9 1012.1   14 1006.5 1843  9.1  0.2 14.4 -9.0  8.59  1.34 1000    0.2    2.2  4.22    0.2   -9    0.1   -9   -9.0   -9   -9.0   -9   -9.0   -9  22.5  20.6  19.6  16.1  16.8
20260607 162  2.2  1902   5  4.5  920   5  7.4  119  22.3  25.0 1532  19.9 2346  16.9  24.6  17.6  72.1  57.0   26  19.3   2.7   1.9 -9.00 1003.8 1007.4 1011.5    1 1006.0 1717  8.0  0.4 14.4 -9.0 10.95  1.70 1100   -9.0   -9.0 -9.00   -9.0   -9   -9.0   -9   -9.0   -9   -9.0   -9   -9.0   -9 -99.0 -99.0 -99.0 -99.0 -99.0
20260607 165  3.1  2664  34  6.1 1549  29  9.3 1540  23.0  28.0 1432  19.3  500  16.3  25.0  15.1  66.8  55.0 1436  18.6   6.2   4.3 -9.00 1003.1 1008.2 1010.3   36 1006.4 1713  5.9  6.7 14.4 -9.0 23.60  3.20 1100   -9.0    0.0 -9.00   -9.0   -9   -9.0   -9   -9.0   -9   -9.0   -9   -9.0   -9  22.6  21.0  18.8  16.4  15.0
20260607 168  4.3  3703   9  7.7  318   9 12.4  302  22.7  26.8 1425  20.6  515  16.2  26.8  17.9  67.6  53.0   42  18.7   5.7   4.0 -9.00 1000.5 1008.1 1011.7    1 1006.7 1728  6.5  6.2 14.4 -9.0 23.41  3.48 1300   -9.0    1.7 -9.00   -9.0   -9   -9.0   -9   -9.0   -9   -9.0   -9   -9.0   -9  23.0  20.9  19.0  16.5  16.6
20260607 169  3.7  3212  32  7.1 2126  34  9.5 2126  20.6  25.3 1530  17.2  352  15.6  26.6  16.2  74.0  44.0 1542  17.7   4.5   3.2 -9.00  999.8 1008.4 1010.5    1 1007.0 1701  7.5  4.5 14.4 -9.0 17.40  2.46 1500    0.0   -9.0  0.03   -9.0   -9   -9.0   -9   -9.0   -9   -9.0   -9   -9.0   -9 -99.0 -99.0 -99.0 -99.0 -99.0
20260607 170  2.1  1837  18  5.5 1820  18  8.2 1816  24.0  29.3 1603  19.2   34  18.1  27.4  17.1  70.5  53.0 1225  20.9   5.0   3.5 -9.00 1004.1 1008.1 1010.8    1 1006.8 1556  7.9  4.3 14.4 -9.0 19.08  2.78 1200   -9.0   -9.0 -9.00   -9.0   -9   -9.0   -9   -9.0   -9   -9.0   -9   -9.0   -9 -99.0 -99.0 -99.0 -99.0 -99.0
20260607 172  2.2  1884  29  6.0 1959  29  9.2 1950  21.9  28.8 1440  15.9  500  15.3  25.3  11.6  69.5  43.0 1432  17.4   6.0   4.2 -9.00 1001.8 1007.9 1010.2   26 1005.5 1652  6.9  4.5 14.5 -9.0 21.45  3.27 1300    0.0   -9.0 -9.00    0.0   -9    0.0   -9   -9.0   -9   -9.0   -9   -9.0   -9 -99.0 -99.0 -99.0 -99.0 -99.0
20260607 174  1.8  1531  29  4.1 2400  20  6.8 1256 -99.0  28.6 1050  20.4 2400 -99.0  26.5  18.8  -9.0  46.0 1123  -9.0  -9.0  -9.0 -9.00   -9.0   -9.0 1007.0 2327 1004.6 1429  6.9  1.5 14.4 -9.0 -9.00 -9.00  900    0.1   -9.0 -9.00    0.1   -9    0.1   -9   -9.0   -9   -9.0   -9   -9.0   -9 -99.0 -99.0 -99.0 -99.0 -99.0
20260607 177  1.4  1209  25  4.3 1902  25  7.9 1853  22.8  26.6 1623  17.7  545  14.9  27.6  14.0  62.6  49.0 1019  17.0   4.3   3.0 -9.00 1004.0 1007.2 1009.4    1 1004.2 1656  7.8  2.9 14.6 -9.0 16.36  2.19  900    0.0   -9.0  0.58    0.0   -9    0.0   -9   -9.0   -9   -9.0   -9   -9.0   -9 -99.0 -99.0 -99.0 -99.0 -99.0
20260607 181  2.0  1732  16  4.4 1826  16  7.2 1802  22.7  27.9 1356  16.0  528  14.0  27.2  11.9  59.4  45.0  217  16.2   5.8   4.1 -9.00 1004.8 1008.7 1011.7    8 1005.7 1722  6.6  6.5 14.6 -9.0 22.39  3.22 1100    0.0   -9.0 -9.00    0.0   -9    0.0   -9   -9.0   -9   -9.0   -9   -9.0   -9 -99.0 -99.0 -99.0 -99.0 -99.0
20260607 184  2.8  2440   7  5.0  941   7  8.0  122  21.9  23.5 1749  21.1  559  18.9  23.2  19.9  83.5  71.0 1602  21.8   2.0   1.4 -9.00 1004.8 1007.2 1009.9    1 1006.2  554  8.1  0.5 14.3 -9.0  5.63  0.93 1700    0.1    0.5  7.42    0.1   -9    0.1   -9   -9.0   -9   -9.0   -9   -9.0   -9  23.5  21.7  21.4  18.5  16.6
20260607 185  2.8  2452  34  6.2 1651  34  9.3 1653  22.1  25.7 1119  20.1   42  18.9  25.3  18.9  82.5  71.0 1111  21.9   4.8   3.3 -9.00  998.7 1006.9 1009.3    1 1005.7  608  7.3  6.0 14.3 -9.0 20.06  3.26 1100    0.0   -9.0 -9.00    0.0   -9    0.0   -9   -9.0   -9   -9.0   -9   -9.0   -9 -99.0 -99.0 -99.0 -99.0 -99.0
20260607 188  2.5  2123   2  4.4 1107   5  8.2 1021  21.4  22.1 1525  20.8 2349  20.2  22.1  20.0  93.1  86.0 1532  23.6  -9.0  -9.0 -9.00 1005.6 1008.0 1010.7    3 1006.9  453  8.8  0.0 14.3 -9.0 -9.00 -9.00   -9    4.8   -9.0 -9.00    2.0 1034    0.6 1116   -9.0   -9   -9.0   -9   -9.0   -9 -99.0 -99.0 -99.0 -99.0 -99.0
20260607 189  2.9  2505   7  4.9 1236   7 10.3 1655  23.3  26.9 1256  21.6  144  19.5  24.5  20.6  79.9  67.0 1256  22.7   4.3   3.0 -9.00 1001.6 1007.5 1010.1    1 1006.5  435  7.9  2.0 14.3 -9.0 16.41  2.98 1200    0.4    0.0  3.85    0.3    6    0.2   -9   -9.0   -9   -9.0   -9   -9.0   -9 -99.0 -99.0 -99.0 -99.0 -99.0
20260607 192  0.9   819  34  2.7 1122   7  6.3 1508  21.9  26.9 1312  15.7  251  16.3  26.2  14.6  71.5  60.0 1016  18.7   4.3   3.0 -9.00 1005.1 1008.5 1012.7    1 1006.8 1626  7.3  3.0 14.5 -9.0 18.30  3.15 1000   -9.0    0.2 -9.00   -9.0   -9   -9.0   -9   -9.0   -9   -9.0   -9   -9.0   -9 -99.0 -99.0 -99.0 -99.0 -99.0
20260607 201  1.6  1357   5  3.3  848  36  7.0 1817  19.8  24.2 1547  15.2 2340  13.8  20.8  10.2  69.6  52.0    1  15.8  -9.0  -9.0 -9.00 1004.3 1009.8 1012.1  831 1007.5 1505  6.9  2.2 14.7 -9.0 -9.00 -9.00   -9    0.0   -9.0 -9.00    0.0   -9    0.0   -9   -9.0   -9   -9.0   -9   -9.0   -9 -99.0 -99.0 -99.0 -99.0 -99.0
20260607 202  1.3  1099  16  2.5   52  16  4.3 1712  21.8  25.3 1812  18.1  530  13.9  25.1  16.0  62.1  45.0 1116  16.0  -9.0  -9.0 -9.00 1003.7 1009.2 1012.4    1 1006.0 1739  9.0  0.6 14.7 -9.0 -9.00 -9.00   -9    0.0   -9.0 -9.00    0.0   -9    0.0   -9   -9.0   -9   -9.0   -9   -9.0   -9 -99.0 -99.0 -99.0 -99.0 -99.0
20260607 203  0.8   652   5  1.8 1024   5  4.2 1231  21.5  25.3 1249  16.7  545  14.8  26.3  13.8  67.1  47.0  225  17.1  -9.0  -9.0 -9.00 1000.2 1009.4 1012.4    1 1006.3 1701  8.8  0.4 14.6 -9.0 -9.00 -9.00   -9    0.0   -9.0 -9.00    0.0   -9    0.0   -9   -9.0   -9   -9.0   -9   -9.0   -9 -99.0 -99.0 -99.0 -99.0 -99.0
20260607 211  1.6  1422   2  3.7 1837   2  6.5 1216  18.9  22.4 1633  15.4  418  13.1  21.3  13.7  69.9  56.0 1126  15.1  -9.0  -9.0 -9.00  986.8 1010.2 1013.6    1 1006.4 1724  9.5  0.7 14.7 -9.0 -9.00 -9.00   -9    0.4   -9.0 -9.00    0.4 2149    0.3 2235   -9.0   -9   -9.0   -9   -9.0   -9 -99.0 -99.0 -99.0 -99.0 -99.0
20260607 212  1.3  1112   9  2.8 1638   9  5.4 1631  21.0  25.7 1709  17.3  504  13.0  22.8  16.1  61.5  48.0 1154  15.1  -9.0  -9.0 -9.00  993.6 1009.8 1013.5   12 1006.2 1712  8.4  0.8 14.7 -9.0 -9.00 -9.00   -9    0.3   -9.0 -9.00    0.3 2133    0.3 2223   -9.0   -9   -9.0   -9   -9.0   -9 -99.0 -99.0 -99.0 -99.0 -99.0
20260607 216  1.1   941  34  3.3 1525   7  5.7 1017  13.9  18.8 1007   9.0  505  10.9  17.1   9.0  83.3  60.0  747  13.2   1.9   1.3 -9.00  930.4 1011.9 1016.3   16 1009.2 1828  9.4  2.3 14.6 -9.0  9.25  1.75 1000    0.1   -9.0 -9.00    0.1   -9    0.1   -9   -9.0   -9   -9.0   -9   -9.0   -9 -99.0 -99.0 -99.0 -99.0 -99.0
20260607 217  1.5  1306   5  5.4 1158   5  9.5 1158  17.0  22.9 1112  12.3  525  11.4  22.6  12.4  70.9  52.0  854  13.6  -9.0  -9.0 -9.00  975.0 1011.2 1015.0    1 1008.4 1822  8.8  0.8 14.7 -9.0 -9.00 -9.00   -9   -9.0   -9.0 -9.00   -9.0   -9   -9.0   -9   -9.0   -9   -9.0   -9   -9.0   -9 -99.0 -99.0 -99.0 -99.0 -99.0
20260607 221  2.1  1805   5  4.7 1409   5  8.8 1513  20.0  25.1 1311  14.0  538  12.6  24.8  12.7  63.6  44.0 1031  14.6  -9.0  -9.0 -9.00  979.0 1009.3 1013.3   23 1006.7 1729  8.1  4.9 14.6 -9.0 -9.00 -9.00   -9   -9.0   -9.0 -9.00   -9.0   -9   -9.0   -9   -9.0   -9   -9.0   -9   -9.0   -9 -99.0 -99.0 -99.0 -99.0 -99.0
20260607 226  1.7  1506  16  4.4 1140  18  8.5 1131  20.8  25.8 1431  14.9  516  14.2  26.7   9.6  66.8  52.0  114  16.4  -9.0  -9.0 -9.00  989.4 1009.1 1012.7   43 1006.5 1719  6.5  6.7 14.6 -9.0 -9.00 -9.00   -9   -9.0   -9.0 -9.00   -9.0   -9   -9.0   -9   -9.0   -9   -9.0   -9   -9.0   -9 -99.0 -99.0 -99.0 -99.0 -99.0
20260607 232  1.7  1485  11  4.0   19  11  7.9   10  21.9  26.9 1500  15.6  530  14.8  29.4  12.7  66.6  45.0   23  17.2  -9.0  -9.0 -9.00  999.4 1009.2 1012.1    1 1006.0 1713  7.3  3.9 14.6 -9.0 -9.00 -9.00   -9    0.2   -9.0 -9.00    0.2   -9    0.2   -9   -9.0   -9   -9.0   -9   -9.0   -9 -99.0 -99.0 -99.0 -99.0 -99.0
20260607 235  2.0  1693  36  4.6 1151   2  8.1 1148  23.3  29.5 1357  18.7  407  13.6  27.2  14.2  56.0  36.0 1037  15.7   6.0   4.2 -9.00 1006.6 1007.7 1009.8    1 1005.2 1640  7.1  6.9 14.6 -9.0 21.59  3.49 1300   -9.0   -9.0 -9.00   -9.0   -9   -9.0   -9   -9.0   -9   -9.0   -9   -9.0   -9 -99.0 -99.0 -99.0 -99.0 -99.0
20260607 236  1.3  1107  36  2.8  654   5  6.0 1231  23.0  28.7 1424  17.8  451  13.7  28.7  13.9  57.1  37.0 1429  15.7  -9.0  -9.0 -9.00 1007.0 1008.6 1011.2    1 1005.8 1708  7.1  7.2 14.6 -9.0 -9.00 -9.00   -9   -9.0   -9.0 -9.00   -9.0   -9   -9.0   -9   -9.0   -9   -9.0   -9   -9.0   -9 -99.0 -99.0 -99.0 -99.0 -99.0
20260607 238  1.1   978   9  3.3 1612   9  5.8 1608  22.1  28.2 1500  14.7  535  15.0  27.1   9.9  65.4  47.0 1501  17.2  -9.0  -9.0 -9.00  988.5 1007.9 1011.1    7 1005.4 1711  6.4  4.9 14.5 -9.0 -9.00 -9.00   -9   -9.0   -9.0 -9.00   -9.0   -9   -9.0   -9   -9.0   -9   -9.0   -9   -9.0   -9 -99.0 -99.0 -99.0 -99.0 -99.0
20260607 239  1.8  1571  11  2.9  126   9  5.3  302  22.9  27.8 1432  18.1  546  13.8  29.0  14.7  57.0  46.0  826  16.0   5.9   4.1 -9.00  997.6 1007.8 1010.8    1 1005.0 1712  6.3  7.2 14.6 -9.0 23.46  3.11 1000   -9.0   -9.0 -9.00   -9.0   -9   -9.0   -9   -9.0   -9   -9.0   -9   -9.0   -9 -99.0 -99.0 -99.0 -99.0 -99.0
20260607 243  1.7  1455  29  4.7 1929  29  8.4 1915  22.5  28.1 1247  17.3  438  14.1  25.7  12.8  60.5  40.0 1321  16.2  -9.0  -9.0 -9.00 1007.0 1008.4 1010.7   30 1006.1 1652  7.3  4.7 14.5 -9.0 -9.00 -9.00   -9   -9.0   -9.0 -9.00   -9.0   -9   -9.0   -9   -9.0   -9   -9.0   -9   -9.0   -9 -99.0 -99.0 -99.0 -99.0 -99.0
20260607 244  1.2  1016  34  3.4 2113  34  7.5 2111  21.9  28.1 1318  14.3  524  15.0  24.1  11.8  66.1  48.0 1600  17.1  -9.0  -9.0 -9.00  979.6 1007.7 1010.9    1 1005.1 1719  5.8  6.4 14.5 -9.0 -9.00 -9.00   -9    0.0   -9.0 -9.00    0.0   -9    0.0   -9   -9.0   -9   -9.0   -9   -9.0   -9 -99.0 -99.0 -99.0 -99.0 -99.0
20260607 245  2.2  1888  34  5.6 1458  36  8.6 1453  22.6  29.8 1422  17.0  354  14.4  27.3  13.2  61.5  42.0 1424  16.4   5.9   4.2 -9.00 1000.3 1008.2 1010.5   28 1005.7 1659  6.3  5.1 14.5 -9.0 21.15  3.03 1100   -9.0   -9.0 -9.00   -9.0   -9   -9.0   -9   -9.0   -9   -9.0   -9   -9.0   -9 -99.0 -99.0 -99.0 -99.0 -99.0
20260607 247  2.6  2254   9  4.7 1811  11  7.7  356  23.4  29.5 1346  17.8 2308  16.3  25.5  15.7  65.8  48.0 1355  18.8  -9.0  -9.0 -9.00  992.4 1007.6 1010.9    1 1005.2 1747  6.1  5.9 14.5 -9.0 -9.00 -9.00   -9   11.3   -9.0 -9.00   11.3 2240   10.1 2258   -9.0   -9   -9.0   -9   -9.0   -9 -99.0 -99.0 -99.0 -99.0 -99.0
20260607 248  1.0   835  36  4.5 1154  34  6.3 1136  19.7  26.1 1120  12.4  459  15.3  22.9   9.6  77.3  54.0 1121  17.5  -9.0  -9.0 -9.00  962.3 1008.5 1012.8    1 1005.6 1706  6.4  4.4 14.5 -9.0 -9.00 -9.00   -9    2.9   -9.0 -9.00    2.2 2135    1.8 2158   -9.0   -9   -9.0   -9   -9.0   -9 -99.0 -99.0 -99.0 -99.0 -99.0
20260607 251  1.9  1660  27  4.4 2001  27  8.0 1954  22.7  28.8 1417  16.2  139  16.2  26.6  12.7  68.9  47.0 1608  18.4   4.8   3.4 -9.00 1002.3 1008.0 1010.5    1 1005.5 1725  6.8  3.9 14.5 -9.0 17.98  3.03 1300    0.0   -9.0 -9.00    0.0   -9    0.0   -9   -9.0   -9   -9.0   -9   -9.0   -9 -99.0 -99.0 -99.0 -99.0 -99.0
20260607 252  1.4  1220  34  3.8 1324  36  7.1 1452  22.1  28.3 1423  16.2  117  15.1  25.9  12.5  66.8  46.0 1315  17.2   6.2   4.4 -9.00 1003.8 1008.1 1010.3    9 1006.1 1631  6.5  7.2 14.5 -9.0 25.00  3.44 1300   -9.0   -9.0 -9.00   -9.0   -9   -9.0   -9   -9.0   -9   -9.0   -9   -9.0   -9 -99.0 -99.0 -99.0 -99.0 -99.0
20260607 253  0.7   593   7  2.0 1055   7  5.5 1046  22.1  25.6 1153  19.5 2359  17.3  23.2  17.1  74.8  58.0    1  19.8   1.9   1.3 -9.00 1002.9 1009.2 1013.5    1 1007.7 1716  8.9  0.9 14.5 -9.0  7.74  1.43 1000   -9.0   -9.0 -9.00   -9.0   -9   -9.0   -9   -9.0   -9   -9.0   -9   -9.0   -9 -99.0 -99.0 -99.0 -99.0 -99.0
20260607 254  1.7  1427  36  3.8 1548  32  6.1 1339  22.7  28.8 1519  15.0  512  14.5  28.1  13.0  62.0  42.0 1600  16.6   5.7   4.0 -9.00  993.3 1008.1 1011.7    2 1005.5 1740  6.4  6.7 14.5 -9.0 20.73  2.91 1400   -9.0   -9.0 -9.00   -9.0   -9   -9.0   -9   -9.0   -9   -9.0   -9   -9.0   -9 -99.0 -99.0 -99.0 -99.0 -99.0
20260607 255  1.7  1480  32  3.5  710  34  6.8 1605  22.8  25.8 1141  20.8  401  16.6  21.5  17.1  68.6  51.0    1  19.1   2.3   1.6 -9.00 1002.3 1008.2 1012.6    1 1006.6 1728  8.6  1.3 14.5 -9.0  7.73  1.23 1600   -9.0   -9.0 -9.00   -9.0   -9   -9.0   -9   -9.0   -9   -9.0   -9   -9.0   -9 -99.0 -99.0 -99.0 -99.0 -99.0
20260607 257  3.3  2837   7  5.1 1741   2 11.9 1349  21.9  25.0 1042  20.1 2315  17.7  23.5  18.3  77.4  55.0    8  20.3   2.6   1.8 -9.00 1007.9 1008.6 1012.9    4 1007.2 1748  8.4  0.5 14.5 -9.0 10.43  1.72 1000    0.3   -9.0 -9.00    0.3 1219    0.3 1309   -9.0   -9   -9.0   -9   -9.0   -9 -99.0 -99.0 -99.0 -99.0 -99.0
20260607 258  2.5  2156  18  5.1 1300  14  6.8  903  23.7  28.0 1238  17.3  409  17.7  23.6  15.1  69.9  57.0 1555  20.5   6.3   4.4 -9.00 1008.1 1008.3 1011.8    1 1006.7 1554  6.6  6.5 14.4 -9.0 23.08  3.69 1200    0.0   -9.0 -9.00    0.0   -9    0.0   -9   -9.0   -9   -9.0   -9   -9.0   -9 -99.0 -99.0 -99.0 -99.0 -99.0
20260607 259  1.4  1198  20  3.2 1632  23  6.0 1628  23.5  28.3 1309  19.0  311  17.4  23.4  16.2  69.5  58.0 1434  20.0   3.8   2.6 -9.00 1005.9 1007.7 1010.7    1 1006.1 1553  6.5  2.0 14.4 -9.0 14.19  2.00 1100   -9.0   -9.0 -9.00   -9.0   -9   -9.0   -9   -9.0   -9   -9.0   -9   -9.0   -9 -99.0 -99.0 -99.0 -99.0 -99.0
20260607 260  2.1  1841  16  5.1 1736  11  6.5    1  23.6  28.9 1355  18.7  512  18.4  27.0  15.7  73.6  62.0 1121  21.4  -9.0  -9.0 -9.00 1002.7 1007.7 1010.8    1 1005.9 1659  6.4  5.6 14.4 -9.0 -9.00 -9.00   -9    0.0   -9.0 -9.00    0.0   -9    0.0   -9   -9.0   -9   -9.0   -9   -9.0   -9 -99.0 -99.0 -99.0 -99.0 -99.0
20260607 261  2.8  2379  23  4.9 1625  29  7.8 2254  23.6  28.4 1314  19.6  244  18.6  25.6  15.3  73.9  63.0 1320  21.5  -9.0  -9.0 -9.00 1006.3 1008.2 1010.6    1 1006.6 1550  6.3  4.3 14.4 -9.0 -9.00 -9.00   -9   -9.0   -9.0 -9.00   -9.0   -9   -9.0   -9   -9.0   -9   -9.0   -9   -9.0   -9 -99.0 -99.0 -99.0 -99.0 -99.0
20260607 262  2.1  1790   5  3.8  508   9  8.2 1037  23.5  30.1 1339  20.0   52  17.1  24.7  18.7  68.1  51.0 1314  19.6   5.3   3.7 -9.00 1001.9 1007.9 1010.9    1 1006.3 1400  6.4  5.9 14.4 -9.0 21.03  3.12 1200   -9.0   -9.0 -9.00   -9.0   -9   -9.0   -9   -9.0   -9   -9.0   -9   -9.0   -9 -99.0 -99.0 -99.0 -99.0 -99.0
20260607 263  1.8  1519   5  4.1 1604   5  8.1 1556  21.1  25.4 1136  15.8  311  15.1  23.7  13.9  69.5  56.0 1057  17.3   3.5   2.5 -9.00 1007.0 1008.7 1012.8    1 1007.0 1708  7.5  0.6 14.5 -9.0 12.62  2.79 1000   -9.0   -9.0 -9.00   -9.0   -9   -9.0   -9   -9.0   -9   -9.0   -9   -9.0   -9 -99.0 -99.0 -99.0 -99.0 -99.0
20260607 264  1.1   938  14  3.5 1504   9  6.6 1502  21.8  28.1 1452  14.9  125  12.4  26.4  13.7  56.6  39.0 1157  14.5   5.5   3.9 -9.00  991.1 1008.6 1013.0    1 1006.3 1519  8.6  3.6 14.5 -9.0 20.26  3.26 1200   10.7   -9.0 -9.00   10.7 2301    7.2 2344   -9.0   -9   -9.0   -9   -9.0   -9 -99.0 -99.0 -99.0 -99.0 -99.0
20260607 266  2.5  2154   7  4.5  816   7  8.5  123  23.9  28.5 1334  20.7  150  17.1  26.5  18.8  66.8  54.0  106  19.8   5.9   4.1 -9.00  998.1 1008.2 1012.1    1 1006.8 1438  5.6  7.6 14.4 -9.0 24.64  3.47 1100   -9.0   -9.0 -9.00   -9.0   -9   -9.0   -9   -9.0   -9   -9.0   -9   -9.0   -9 -99.0 -99.0 -99.0 -99.0 -99.0
20260607 268  1.9  1678  32  4.6 1130  32  7.0 1128  22.6  27.1 1535  17.2    5  16.9  25.7  17.3  71.1  56.0 1540  19.3  -9.0  -9.0 -9.00 1005.9 1007.0 1009.2    1 1005.4 1730  7.5  7.2 14.4 -9.0 -9.00 -9.00   -9   -9.0   -9.0 -9.00   -9.0   -9   -9.0   -9   -9.0   -9   -9.0   -9   -9.0   -9 -99.0 -99.0 -99.0 -99.0 -99.0
20260607 271  1.6  1359  36  4.0 1327  14  8.5 1214  17.2  24.1 1207  10.0  443  11.6  22.0   8.2  71.0  51.0 1208  13.8  -9.0  -9.0 -9.00  973.4 1010.9 1015.9    2 1008.6 1715  7.6  2.9 14.6 -9.0 -9.00 -9.00   -9   -9.0   -9.0 -9.00   -9.0   -9   -9.0   -9   -9.0   -9   -9.0   -9   -9.0   -9 -99.0 -99.0 -99.0 -99.0 -99.0
20260607 272  1.6  1417  34  2.9  107  14  4.7 1549  19.4  24.3 1154  12.8  430  13.1  24.7  10.9  68.3  51.0  855  15.2  -9.0  -9.0 -9.00  985.7 1010.1 1014.7    1 1007.6 1807  8.0  1.4 14.6 -9.0 -9.00 -9.00   -9    0.0   -9.0 -9.00    0.0   -9    0.0   -9   -9.0   -9   -9.0   -9   -9.0   -9 -99.0 -99.0 -99.0 -99.0 -99.0
20260607 273  1.6  1410  11  3.8 1701   9  5.9 1701  20.3  25.6 1431  14.3  342  14.2  25.9   9.3  68.5  55.0 1158  16.4  -9.0  -9.0 -9.00  989.2 1009.1 1013.2    1 1006.7 1701  7.1  2.5 14.6 -9.0 -9.00 -9.00   -9   -9.0   -9.0 -9.00   -9.0   -9   -9.0   -9   -9.0   -9   -9.0   -9   -9.0   -9 -99.0 -99.0 -99.0 -99.0 -99.0
20260607 276  1.3  1130  11  4.6 1527   9  8.9 1525  17.1  21.0 1102  11.5  408  14.5  20.2   8.9  85.3  71.0 1700  16.6   1.8   1.3 -9.00  985.7 1010.0 1014.7    2 1007.9 1805  7.8  1.2 14.6 -9.0  6.71  0.99 1000   -9.0   -9.0 -9.00   -9.0   -9   -9.0   -9   -9.0   -9   -9.0   -9   -9.0   -9 -99.0 -99.0 -99.0 -99.0 -99.0
20260607 277  2.9  2465   2  7.7 1409   2 12.9 1404  18.0  20.2 1553  13.8  151  15.7  21.6  11.6  86.8  81.0  856  17.8  -9.0  -9.0 -9.00 1005.9 1010.8 1015.3    1 1008.2 2311  8.3  0.0 14.6 -9.0 -9.00 -9.00   -9    0.0   -9.0 -9.00    0.0   -9    0.0   -9   -9.0   -9   -9.0   -9   -9.0   -9 -99.0 -99.0 -99.0 -99.0 -99.0
20260607 278  1.2  1075   9  3.6 1257   2  6.4 1649  19.3  24.2 1441  12.9  210  14.8  23.9   9.2  75.9  63.0 1442  17.0  -9.0  -9.0 -9.00  999.4 1008.9 1013.2    1 1007.0 2238  8.1  0.9 14.6 -9.0 -9.00 -9.00   -9    0.0   -9.0 -9.00    0.0   -9    0.0   -9   -9.0   -9   -9.0   -9   -9.0   -9 -99.0 -99.0 -99.0 -99.0 -99.0
20260607 279  1.3  1130   9  3.3 1847  11  6.1 1223  21.2  26.0 1201  15.0  525  14.7  25.6  12.2  67.4  52.0  948  16.9   3.4   2.4 -9.00 1003.6 1009.3 1013.4    1 1007.2 1756  8.3  1.1 14.5 -9.0 12.58  1.90 1100   -9.0   -9.0 -9.00   -9.0   -9   -9.0   -9   -9.0   -9   -9.0   -9   -9.0   -9 -99.0 -99.0 -99.0 -99.0 -99.0
20260607 281  1.5  1283   9  3.6  957   9  6.5 1010  19.7  23.6  951  14.5  457  15.3  22.2  12.1  76.0  67.0  952  17.4  -9.0  -9.0 -9.00  999.0 1010.1 1014.5    1 1008.2 2310  8.6  0.4 14.5 -9.0 -9.00 -9.00   -9    0.0   -9.0 -9.00    0.0   -9    0.0   -9   -9.0   -9   -9.0   -9   -9.0   -9 -99.0 -99.0 -99.0 -99.0 -99.0
20260607 283  2.5  2142  36  5.9 1303  36  9.2 1301  18.9  20.5 1247  16.1  159  16.7  20.3  13.2  87.5  79.0   14  19.1   1.2   0.8 -9.00 1005.5 1010.2 1014.4    1 1008.3 2311  9.3  0.0 14.5 -9.0  2.84  0.38 1200    0.1   -9.0 -9.00    0.1   -9    0.1   -9   -9.0   -9   -9.0   -9   -9.0   -9 -99.0 -99.0 -99.0 -99.0 -99.0
20260607 284  1.7  1448  14  4.7 1522  16  7.5 1533  20.8  26.7 1316  14.3  144  16.3  27.0  11.5  76.4  58.0  955  18.8   5.0   3.5 -9.00  981.6 1007.7 1012.3    8 1005.5 1524  8.5  5.0 14.5 -9.0 21.28  3.35 1300    1.3   -9.0 -9.00    1.3 2301    0.5 2323   -9.0   -9   -9.0   -9   -9.0   -9 -99.0 -99.0 -99.0 -99.0 -99.0
20260607 285  1.1   990   7  3.4 1219   5  6.7 1507  21.3  26.1 1503  15.2  328  16.9  27.1  14.3  77.0  62.0 1504  19.4  -9.0  -9.0 -9.00 1005.9 1009.0 1013.3    1 1007.3 1804  7.9  1.4 14.5 -9.0 -9.00 -9.00   -9    0.0   -9.0 -9.00    0.0   -9    0.0   -9   -9.0   -9   -9.0   -9   -9.0   -9 -99.0 -99.0 -99.0 -99.0 -99.0
20260607 288  1.9  1642   5  4.7 1659   5  8.4 1551  21.5  25.8 1132  16.8  401  16.8  24.2  17.3  74.8  55.0   26  19.2   2.9   2.0 -9.00 1006.5 1007.5 1011.8    1 1005.9 1837  7.6  1.5 14.5 -9.0 12.13  1.46 1000   -9.0   -9.0 -9.00   -9.0   -9   -9.0   -9   -9.0   -9   -9.0   -9   -9.0   -9 -99.0 -99.0 -99.0 -99.0 -99.0
20260607 289  1.0   840   9  3.0 1311   7  5.9 1311  21.4  27.5 1503  16.4   40  17.1  27.1  14.2  77.5  59.0 1138  19.8  -9.0  -9.0 -9.00  993.4 1009.2 1013.5    1 1007.2 1453  9.3  2.1 14.5 -9.0 -9.00 -9.00   -9    0.6   -9.0 -9.00    0.6 1705    0.5 1720   -9.0   -9   -9.0   -9   -9.0   -9 -99.0 -99.0 -99.0 -99.0 -99.0
20260607 294  1.6  1369   9  2.9 1127   9  6.0 1120  21.8  24.4 1642  19.7 2357  17.6  24.3  17.8  77.4  61.0   10  20.2  -9.0  -9.0 -9.00 1003.7 1008.9 1013.1    1 1007.6 1721  7.9  0.3 14.4 -9.0 -9.00 -9.00   -9    0.2   -9.0 -9.00    0.2   -9    0.2   -9   -9.0   -9   -9.0   -9   -9.0   -9 -99.0 -99.0 -99.0 -99.0 -99.0
20260607 295  1.5  1271  36  2.8  837   2  5.6 1003  22.5  26.8 1315  19.4  112  16.8  25.2  16.2  70.8  61.0    1  19.3  -9.0  -9.0 -9.00 1003.1 1008.4 1012.6    1 1006.6 1733 -9.0  2.6 14.4 -9.0 -9.00 -9.00   -9   -9.0   -9.0 -9.00   -9.0   -9   -9.0   -9   -9.0   -9   -9.0   -9   -9.0   -9 -99.0 -99.0 -99.0 -99.0 -99.0
20260607 296  3.6  3090   7  6.5 1739   5 10.1 1622  21.9  24.4 1117  19.9 2352  18.0  20.9  15.7  79.4  62.0    1  20.8   2.6   1.8 -9.00 1007.5 1007.8 1012.1    2 1006.5 1721  8.3  0.2 14.4 -9.0  9.03  1.61 1300    0.0   -9.0  0.78    0.0   -9    0.0   -9   -9.0   -9   -9.0   -9   -9.0   -9 -99.0 -99.0 -99.0 -99.0 -99.0
20260608  90  1.9  1637  34  5.3 1458   2 10.1 1439  17.3  19.9 1358  14.6 2302  15.2  19.6  14.0  88.1  73.0 1442  17.3   3.6   2.5 -9.00 1006.2 1008.3 1009.9    8 1007.2 1400  6.1  3.3 14.8 -9.0 13.47  1.83 1300    5.0   -9.0 -9.00    4.8 -2353    1.6   43   -9.0   -9   -9.0   -9   -9.0   -9 -99.0 -99.0 -99.0 -99.0 -99.0
20260608  93  1.0   887  34  6.1 1531  36 10.2 1530  20.0  26.1 1439  15.5 2349  14.7  24.2  13.7  75.5  41.0 1412  16.8   6.3   4.4 -9.00  995.9 1006.9 1008.6    1 1004.8 1709  6.1  7.7 14.7 -9.0 23.01  3.30 1300   -9.0   -9.0 -9.00   -9.0   -9   -9.0   -9   -9.0   -9   -9.0   -9   -9.0   -9  22.3  21.2  18.7  14.5  12.8
20260608  95  1.6  1343  18  3.3 1438  25  7.2 1429  19.5  25.5 1554  14.8  332  12.9  22.2  12.7  68.9  39.0 1655  14.9   6.4   4.5 -9.00  989.5 1007.5 1009.1    1 1005.4 1721  4.0  9.5 14.7 -9.0 25.56  3.80 1200   -9.0   -9.0 -9.00   -9.0   -9   -9.0   -9   -9.0   -9   -9.0   -9   -9.0   -9 -99.0 -99.0 -99.0 -99.0 -99.0
20260608  98  0.8   669  29  2.7 1619  27  6.6 1617  20.4  27.3 1450  15.1  443  11.8  25.3  12.8  61.4  33.0 1544  14.0   7.0   4.9 -9.00  993.7 1007.0 1008.5  817 1005.1 1631  4.3  8.1 14.7 -9.0 25.51  3.57 1300   -9.0   -9.0 -9.00   -9.0   -9   -9.0   -9   -9.0   -9   -9.0   -9   -9.0   -9 -99.0 -99.0 -99.0 -99.0 -99.0
20260608  99  1.2  1059  34  3.1 1633  36  6.0 1630  19.5  26.7 1524  13.8  515  12.8  25.1  10.6  69.0  37.0 1611  14.9   6.8   4.7 -9.00 1004.3 1007.8 1009.3  737 1006.1 1655  4.0 10.1 14.7 -9.0 26.22  3.12 1000   -9.0   -9.0 -9.00   -9.0   -9   -9.0   -9   -9.0   -9   -9.0   -9   -9.0   -9 -99.0 -99.0 -99.0 -99.0 -99.0
20260608 100  1.3  1147   9  4.5 1355   9  7.3 1348  13.1  20.8 1317   9.6 2348  11.9  17.1   8.7  92.9  58.0 1310  14.0   3.1   2.2 -9.00  920.3 1008.0 1010.2 2350 1004.2 1317  8.1  2.4 14.7 -9.0 13.99  2.89 1300    8.2   -9.0 -9.00    4.9 1714    4.8 1716   -9.0   -9   -9.0   -9   -9.0   -9 -99.0 -99.0 -99.0 -99.0 -99.0
20260608 101  1.5  1275   2  4.6 1549  32  7.3 1544  20.2  26.4 1455  15.8 2359  14.2  23.9  12.1  71.8  42.0 1431  16.3   6.7   4.7 -9.00  997.2 1006.0 1007.7    1 1003.8 1529  5.8  7.5 14.7 -9.0 22.94  3.29 1400   -9.0   -9.0 -9.00   -9.0   -9   -9.0   -9   -9.0   -9   -9.0   -9   -9.0   -9  22.2  19.5  17.3  14.9  15.0
20260608 102  3.3  2858  32  5.5 1617  32  7.5 1404  16.0  18.9 1655  13.8   16  13.5  21.7   9.1  85.3  69.0 1657  15.5   6.1   4.3 -9.00 1004.0 1008.2 1009.3 1108 1007.2 1729  1.6 13.4 14.7 -9.0 31.84  3.79 1200   -9.0   -9.0 -9.00   -9.0   -9   -9.0   -9   -9.0   -9   -9.0   -9   -9.0   -9 -99.0 -99.0 -99.0 -99.0 -99.0
20260608 104  1.4  1197  36  4.0 1343  29  7.6 1613  16.7  20.7 1303  12.9 2312  15.6  19.1   9.8  93.4  78.0 1835  17.8   2.8   2.0 -9.00  998.3 1007.1 1008.5    1 1005.8 1317  7.3  2.0 14.7 -9.0  9.76  2.06 1200    1.3    0.0  6.25    0.6  717    0.4  802   -9.0   -9   -9.0   -9   -9.0   -9  21.4  19.7  17.6  13.9  13.3
20260608 105  1.7  1458  32  5.2 1452  34  8.9 1445  17.4  20.1 1317  14.5 2400  14.7  19.3  12.7  84.4  69.0 1839  16.7   2.8   2.0 -9.00 1004.8 1008.0 1009.5    2 1006.8 1328  8.8  1.1 14.7 -9.0  7.58  1.21 1200    1.6   -9.0 -9.00    1.4  727    1.1  808   -9.0   -9   -9.0   -9   -9.0   -9  22.3  20.4  18.9  15.3  14.6
20260608 106  1.9  1681  36  4.8 1628   2  8.9 1533  18.1  21.2 1355  14.2 2356  15.5  23.0  11.3  85.4  74.0 1720  17.7   2.9   2.0 -9.00 1003.2 1008.0 1009.3   12 1006.7 1348  9.0  0.6 14.7 -9.0  9.30  1.52 1200    0.6   -9.0 -9.00    0.4 1512    0.4 1517   -9.0   -9   -9.0   -9   -9.0   -9 -99.0 -99.0 -99.0 -99.0 -99.0
20260608 108  2.6  2247  32  4.4 1343  29  8.5 1450  21.1  26.4 1614  16.9  637  13.4  26.9  14.0  63.0  38.0 1557  15.4   7.5   5.3 -9.00  997.3 1007.2 1008.4  742 1005.3 1707  5.3  7.2 14.7 -9.0 22.95  3.74 1200   -9.0   -9.0 -9.00   -9.0   -9   -9.0   -9   -9.0   -9   -9.0   -9   -9.0   -9  21.9  20.0  18.8  15.0  13.7
20260608 112  2.4  2038  27  4.4 1527  27  8.3 1526  20.9  25.1 1330  17.5  551  14.9  23.8  14.7  70.0  50.0 1607  17.0   7.8   5.5 -9.00  999.3 1007.3 1008.4  829 1005.9 1716  5.4  9.9 14.7 -9.0 26.67  3.70 1200   -9.0   -9.0 -9.00   -9.0   -9   -9.0   -9   -9.0   -9   -9.0   -9   -9.0   -9  20.8  19.6  14.2  17.1  13.4
20260608 114  1.8  1598  25  3.7 1653  25  6.8 1733  20.8  25.8 1608  18.0  557  14.9  25.8  13.5  71.3  44.0 1403  17.0   5.9   4.2 -9.00  989.4 1006.6 1007.8   16 1004.4 1719  7.9  5.7 14.7 -9.0 18.73  3.27 1300    0.1   -9.0 -9.00    0.1   -9    0.1   -9   -9.0   -9   -9.0   -9   -9.0   -9 -99.0 -99.0 -99.0 -99.0 -99.0
20260608 115  2.0  1750   5  6.8 1923   7 11.1 1857  19.0  21.3 1538  16.2 2204  17.0  21.6  13.4  88.8  78.0 1643  19.5   2.9   2.0  5.75  980.8 1006.3 1008.1    1 1004.9 1531  9.5  0.6 14.7 -9.0  9.78  1.41 1500    4.5   -9.0  4.25    3.1  202    1.0  231   -9.0   -9   -9.0   -9   -9.0   -9  19.9  17.0  15.9  12.6  13.1
20260608 119  2.4  2108  25  5.4 1547  27  8.3 1735  19.8  24.9 1429  16.6 2350  13.8  25.3  12.8  69.9  49.0 1410  15.8   6.1   4.3 -9.00 1002.5 1007.1 1008.4  844 1005.6 1617  7.5  7.4 14.7 -9.0 20.40  3.09 1300   -9.0   -9.0 -9.00   -9.0   -9   -9.0   -9   -9.0   -9   -9.0   -9   -9.0   -9  22.0  19.5  17.2  13.3  12.7
20260608 121  1.4  1185   9  3.7 2023  23  6.0 1325  19.5  24.0 1629  15.9  519  13.9  24.9  14.8  71.4  48.0 1534  15.9   4.6   3.2 -9.00  979.5 1007.1 1008.8    1 1004.7 1724  8.4  3.3 14.7 -9.0 16.60  2.42 1200    0.0   -9.0 -9.00    0.0   -9    0.0   -9   -9.0   -9   -9.0   -9   -9.0   -9 -99.0 -99.0 -99.0 -99.0 -99.0
20260608 127  1.6  1389  23  3.3 1530  23  6.1 1640  20.3  24.6 1640  16.6 2350  13.6  22.6  14.6  67.0  46.0 1540  15.7   4.9   3.4 -9.00  993.1 1006.3 1007.5  937 1004.6 1713  8.1  3.0 14.6 -9.0 15.11  2.66 1200   -9.0   -9.0 -9.00   -9.0   -9   -9.0   -9   -9.0   -9   -9.0   -9   -9.0   -9 -99.0 -99.0 -99.0 -99.0 -99.0
20260608 129  2.0  1727  32  5.2 1544  32  8.2 1445  19.3  23.8 1438  16.3  530  13.7  25.9  11.6  71.5  47.0 1453  15.7   6.0   4.2 -9.00 1005.3 1008.2 1009.2  806 1006.8 1738  7.6  7.0 14.6 -9.0 21.34  2.96 1400   -9.0   -9.0 -9.00   -9.0   -9   -9.0   -9   -9.0   -9   -9.0   -9   -9.0   -9  21.8  19.7  19.4  14.3  14.9
20260608 130  1.1   945   5  2.8 1548  14  6.7 1809  18.6  22.2 1313  16.2 2339  16.4  23.2  14.8  88.0  73.0 1320  18.7  -9.0  -9.0 -9.00 1002.0 1007.7 1009.1    2 1006.2 1500  9.4  0.6 14.6 -9.0 -9.00 -9.00   -9    1.3   -9.0 -9.00    1.3 1620    1.3 1631   -9.0   -9   -9.0   -9   -9.0   -9 -99.0 -99.0 -99.0 -99.0 -99.0
20260608 131  1.5  1283  27  2.8 1229  27  6.1 1226  21.4  24.8 1633  19.0  816  13.1  25.1  16.6  60.5  43.0 1429  15.2   5.2   3.6 -9.00 1000.3 1007.1 1008.3  830 1005.5 1758  8.6  3.0 14.6 -9.0 17.09  3.04 1200   -9.0   -9.0 -9.00   -9.0   -9   -9.0   -9   -9.0   -9   -9.0   -9   -9.0   -9 -99.0 -99.0 -99.0 -99.0 -99.0
20260608 133  1.8  1529  32  4.9  805  34  7.4  730  20.6  24.1 1429  17.7 2350  14.0  24.9  15.0  66.8  46.0 1432  16.0   4.0   2.8 -9.00  999.7 1007.5 1008.7  824 1006.4 1754  9.1  1.6 14.6 -9.0 13.76  2.19 1300   -9.0   -9.0 -9.00   -9.0   -9   -9.0   -9   -9.0   -9   -9.0   -9   -9.0   -9  24.5  22.4  19.6  16.0  15.6
20260608 135  1.3  1123  27  4.2 1439  27  8.4 1433  18.8  21.9 1554  16.2 2109  13.9  22.2  15.1  74.1  56.0 1549  16.0   3.5   2.5 -9.00  978.9 1007.1 1008.3 2202 1005.6 1557  9.3 -9.0 14.6 -9.0 10.88  1.88 1400    0.0   -9.0 -9.00    0.0   -9    0.0   -9   -9.0   -9   -9.0   -9   -9.0   -9 -99.0 -99.0 -99.0 -99.0 -99.0
20260608 136  1.2  1079  27  3.9 1455  25  7.5 1414  20.2  24.5 1455  16.6 2345  14.4  26.3  15.1  70.8  50.0 1459  16.4   4.2   2.9 -9.00  991.4 1007.6 1009.3    1 1005.9 1637  9.3  1.6 14.6 -9.0 14.35  2.44 1400   -9.0   -9.0 -9.00   -9.0   -9   -9.0   -9   -9.0   -9   -9.0   -9   -9.0   -9 -99.0 -99.0 -99.0 -99.0 -99.0
20260608 137  1.1   935  25  2.9 1904  25  7.0 1859  20.6  24.4 1436  18.7 2242  15.0  24.3  15.4  71.1  54.0 1437  17.2   3.8   2.7 -9.00  995.1 1006.2 1007.4    3 1004.8 1627  9.4  0.5 14.6 -9.0 12.53  2.11 1400   -9.0   -9.0 -9.00   -9.0   -9   -9.0   -9   -9.0   -9   -9.0   -9   -9.0   -9 -99.0 -99.0 -99.0 -99.0 -99.0
20260608 138  1.8  1527   5  3.9 1715   2  6.3 1952  19.4  21.5 1546  18.2 2350  16.8  21.4  16.7  85.3  76.0   59  19.1   2.7   1.9 -9.00 1006.3 1006.8 1008.5    5 1004.8 1633  9.9  0.6 14.6 -9.0  8.85  1.70 1500    4.8    3.2  7.48    3.2 1935    3.1 1951   -9.0   -9   -9.0   -9   -9.0   -9  21.5  19.0  17.8  15.7  15.7
20260608 140  2.8  2446  29  4.9  745  29  6.9 1514  18.8  21.4 1440  16.4 2348  15.1  24.8  11.9  79.4  68.0    1  17.2  -9.0  -9.0 -9.00 1005.7 1008.9 1010.0  936 1007.8 1728  9.3  1.7 14.5 -9.0 -9.00 -9.00   -9   -9.0   -9.0 -9.00   -9.0   -9   -9.0   -9   -9.0   -9   -9.0   -9   -9.0   -9 -99.0 -99.0 -99.0 -99.0 -99.0
20260608 143  1.4  1251  29  3.6 1634  27  5.8 1713  20.4  24.5 1510  18.0  311  15.4  22.4  16.6  75.0  46.0 1749  17.6   3.5   2.4 -9.00 1000.3 1006.5 1008.1    1 1004.6 1615  9.5  0.7 14.5 -9.0 10.43  1.64 1500    3.5   -9.0  6.42    1.8  213    0.5  306   -9.0   -9   -9.0   -9   -9.0   -9 -99.0 -99.0 -99.0 -99.0 -99.0
20260608 146  2.4  2054  25  4.2  632  25  7.3  657  19.8  23.1 1456  17.3 2355  14.5  26.1  12.5  72.4  50.0 1505  16.5   3.4   2.4 -9.00 1000.9 1007.9 1009.3  806 1006.7 1746  9.4  0.7 14.5 -9.0 10.95  2.11 1400   -9.0   -9.0 -9.00   -9.0   -9   -9.0   -9   -9.0   -9   -9.0   -9   -9.0   -9 -99.0 -99.0 -99.0 -99.0 -99.0
20260608 152  1.1   951   7  2.6 2159   2  4.5 2212  19.2  22.4 1631  17.1  514  17.3  21.3  17.2  89.0  75.0 1744  19.8   2.3   1.6 -9.00  997.0 1006.4 1007.8   21 1004.6 1643  9.8  0.4 14.5 -9.0  7.51  1.26 1600    5.1   -9.0 10.33    3.5  340    2.3  347   -9.0   -9   -9.0   -9   -9.0   -9 -99.0 -99.0 -99.0 -99.0 -99.0
20260608 155  1.0   868  18  3.5 1126  18  5.5 1123  20.5  23.5 1643  18.5 2208  17.8  22.6  16.3  84.8  70.0 1810  20.4   2.2   1.5 -9.00 1002.7 1006.8 1008.0    1 1005.3 1606  9.4  0.2 14.5 -9.0  6.64  0.92 1600    0.8   -9.0  5.87    0.5  620    0.2   -9   -9.0   -9   -9.0   -9   -9.0   -9 -99.0 -99.0 -99.0 -99.0 -99.0
20260608 156  1.5  1259  29  3.3 1847  36  6.5 1429  20.2  23.4 1506  17.9 2316  15.1  27.1  15.1  73.1  56.0 1513  17.2   3.5   2.4 -9.00  999.9 1008.1 1009.3  846 1006.7 1718  9.5  0.9 14.5 -9.0 12.05  1.98 1400    0.1   -9.0  1.85    0.1   -9    0.1   -9   -9.0   -9   -9.0   -9   -9.0   -9 -99.0 -99.0 -99.0 -99.0 -99.0
20260608 159  1.8  1564  23  3.9 1204  23  5.7 1326  20.2  22.3 1620  19.1 2241  17.4  20.6  14.7  84.4  75.0 2113  19.9   2.5   1.7 -9.00  998.3 1006.3 1007.6  758 1004.9 1747  9.6  0.2 14.5 -9.0  6.49  1.11 1600    2.1    0.1  5.33    1.4  804    0.5  828   -9.0   -9   -9.0   -9   -9.0   -9  22.2  20.7  19.7  16.1  16.8
20260608 162  1.2  1044   7  3.3 1714  18  5.3 1101  20.0  23.6 1658  17.6 2348  17.6  22.2  15.3  86.6  59.0 1704  20.2   2.4   1.7 -9.00 1002.6 1006.2 1007.4  813 1004.8 1655  9.9  0.8 14.4 -9.0  7.96  1.59 1600    1.4   -9.0 -9.00    1.1  632    0.5  646   -9.0   -9   -9.0   -9   -9.0   -9 -99.0 -99.0 -99.0 -99.0 -99.0
20260608 165  4.4  3797   2  7.4 1813  25 10.0 1515  19.5  21.9 1515  18.2 2342  15.9  22.6  16.3  80.3  61.0 1506  18.1   3.7   2.6 -9.00 1003.4 1008.6 1009.8 1101 1007.4 1735  9.1  0.5 14.4 -9.0 11.65  2.03 1500    0.0    0.0  2.62    0.0   -9    0.0   -9   -9.0   -9   -9.0   -9   -9.0   -9  23.0  21.0  18.7  16.4  15.0
20260608 168  3.0  2571  34  5.6 2016  34  7.7 2000  20.7  23.2 1616  19.2 2358  15.8  22.9  18.3  74.4  56.0 1707  18.1   3.6   2.5 -9.00  999.5 1007.1 1008.5 1113 1005.7 1710  9.9  0.9 14.4 -9.0  8.83  1.70 1500    1.7    0.0  8.92    1.2  145    0.5  145   -9.0   -9   -9.0   -9   -9.0   -9  23.6  20.9  19.0  16.4  16.5
20260608 169  5.4  4697  34  9.5 1458  34 12.1 1517  18.2  21.5 1127  16.6 2010  15.7  20.9  16.5  86.0  74.0 1131  17.9   3.9   2.7 -9.00 1000.2 1009.0 1010.0    8 1007.9 1851  9.5  2.5 14.4 -9.0 14.96  2.81 1300    0.2   -9.0  1.75    0.2   -9    0.1   -9   -9.0   -9   -9.0   -9   -9.0   -9 -99.0 -99.0 -99.0 -99.0 -99.0
20260608 170  1.7  1493  34  3.3 1749   2  6.6 1814  20.5  25.3 1518  17.6 2306  15.9  24.0  16.3  75.4  57.0 1522  18.0   3.3   2.3 -9.00 1004.0 1008.1 1009.4 1058 1006.8 1755  9.8  1.1 14.4 -9.0 10.47  2.12 1500    0.1   -9.0 -9.00    0.1   -9    0.1   -9   -9.0   -9   -9.0   -9   -9.0   -9 -99.0 -99.0 -99.0 -99.0 -99.0
20260608 172  2.4  2036  29  4.9 1558  29  7.4 1317  18.6  21.6 1420  16.0 2356  15.3  21.0  11.8  82.3  59.0 1427  17.4   3.3   2.3 -9.00 1002.0 1008.1 1009.2  755 1007.0 1733  9.0  0.5 14.5 -9.0 11.81  1.87 1300    0.0   -9.0 -9.00    0.0   -9    0.0   -9   -9.0   -9   -9.0   -9   -9.0   -9 -99.0 -99.0 -99.0 -99.0 -99.0
20260608 174  1.8  1556  32  4.4 1607  29  8.4 1600  18.4  22.7 1612  14.6 2312  14.1  21.9  14.5  76.5  54.0 1615  16.1  -9.0  -9.0 -9.00  987.1 1006.2 1007.6 1044 1004.5 1708  9.8  1.1 14.5 -9.0 -9.00 -9.00   -9    0.0   -9.0 -9.00   -9.0   -9   -9.0   -9   -9.0   -9   -9.0   -9   -9.0   -9 -99.0 -99.0 -99.0 -99.0 -99.0
20260608 177  1.9  1619  25  3.8 1500  23  7.2  445  20.2  25.2 1636  16.9 2359  13.8  25.0  14.1  68.3  46.0 1615  15.8   5.2   3.6 -9.00 1003.4 1006.6 1007.7 2237 1005.1 1648  8.5  4.8 14.6 -9.0 17.84  2.55 1100   -9.0   -9.0 -9.00   -9.0   -9   -9.0   -9   -9.0   -9   -9.0   -9   -9.0   -9 -99.0 -99.0 -99.0 -99.0 -99.0
20260608 181  1.7  1494  32  4.7  723  32  6.8  715  20.1  23.7 1716  18.0 2400  13.7  23.5  13.6  68.4  46.0 1452  15.8   4.7   3.3 -9.00 1003.7 1007.6 1008.8  825 1006.1 1802  9.0  2.6 14.6 -9.0 16.11  2.12 1200   -9.0   -9.0 -9.00   -9.0   -9   -9.0   -9   -9.0   -9   -9.0   -9   -9.0   -9 -99.0 -99.0 -99.0 -99.0 -99.0
20260608 184  2.3  2016  32  3.7 2355  34  6.1 2349  20.1  21.9 1100  18.7 2309  16.3  22.1  17.2  79.5  69.0 1108  18.6   2.5   1.8 -9.00 1005.6 1008.0 1009.8 1051 1007.0 1919  9.5  0.0 14.3 -9.0  7.60  1.15 1000    0.6    0.2  5.08    0.3  330    0.2   -9   -9.0   -9   -9.0   -9   -9.0   -9  23.3  22.1  21.5  19.0  16.6
20260608 185  6.4  5544  32 10.8  921  34 13.3 1753  19.5  20.7  716  18.1 1418  16.4  22.1  17.1  82.8  74.0  719  18.7   2.8   2.0 -9.00  999.7 1008.0 1009.2 1030 1007.2 1740  9.8  0.0 14.3 -9.0  8.72  1.18 1400    0.8   -9.0 -9.00    0.6 1259    0.2   -9   -9.0   -9   -9.0   -9   -9.0   -9 -99.0 -99.0 -99.0 -99.0 -99.0
20260608 188  2.0  1689  29  4.1 1123  29  7.9 1119  19.8  22.4  825  18.0 2334  16.6  20.6  17.0  82.4  70.0 1646  19.0  -9.0  -9.0 -9.00 1005.7 1008.1 1009.4 1057 1007.3 1813  9.9  0.1 14.3 -9.0 -9.00 -9.00   -9    0.0   -9.0 -9.00    0.0   -9    0.0   -9   -9.0   -9   -9.0   -9   -9.0   -9 -99.0 -99.0 -99.0 -99.0 -99.0
20260608 189  1.2  1069   7  3.0 1709   9  5.9 1734  21.7  23.7  831  19.1 2353  17.3  23.0  17.7  76.8  53.0 1608  19.9   2.3   1.6 -9.00 1001.7 1007.7 1008.9 1135 1006.7 1716  9.6  0.1 14.3 -9.0  7.36  1.23 1500    0.3    0.3  2.65    0.3 1247    0.2   -9   -9.0   -9   -9.0   -9   -9.0   -9 -99.0 -99.0 -99.0 -99.0 -99.0
20260608 192  0.5   458  32  2.2 1121  34  6.9 1117  19.4  23.1 1626  15.1 2357  16.2  22.9  14.7  82.9  58.0 1723  18.5   2.4   1.7 -9.00 1003.7 1007.1 1008.3 1116 1005.5 1729  9.6  1.4 14.5 -9.0  8.80  1.84 1500    0.2    0.0 -9.00    0.2   -9    0.1   -9   -9.0   -9   -9.0   -9   -9.0   -9 -99.0 -99.0 -99.0 -99.0 -99.0
20260608 201  1.9  1609  25  4.4 1601  27  8.0 1343  19.8  25.1 1458  14.2  251  13.9  23.8  10.0  71.3  44.0 1459  15.9  -9.0  -9.0 -9.00 1002.6 1008.2 1009.2  720 1006.8 1714  3.9  8.8 14.7 -9.0 -9.00 -9.00   -9   -9.0   -9.0 -9.00   -9.0   -9   -9.0   -9   -9.0   -9   -9.0   -9   -9.0   -9 -99.0 -99.0 -99.0 -99.0 -99.0
20260608 202  1.6  1342  29  4.0 1717  34  7.7 1507  21.6  27.1 1538  18.1  414  13.2  27.4  15.5  62.4  32.0 1540  15.4  -9.0  -9.0 -9.00 1001.5 1006.9 1008.1  853 1005.0 1729  6.5  6.2 14.7 -9.0 -9.00 -9.00   -9   -9.0   -9.0 -9.00   -9.0   -9   -9.0   -9   -9.0   -9   -9.0   -9   -9.0   -9 -99.0 -99.0 -99.0 -99.0 -99.0
20260608 203  1.3  1103  20  3.4 1828  20  6.0 1801  21.2  27.0 1447  18.0  339  15.5  28.4  15.4  72.1  47.0 1458  17.7  -9.0  -9.0 -9.00  998.2 1007.4 1008.6  829 1005.3 1726  8.0  5.8 14.7 -9.0 -9.00 -9.00   -9   -9.0   -9.0 -9.00   -9.0   -9   -9.0   -9   -9.0   -9   -9.0   -9   -9.0   -9 -99.0 -99.0 -99.0 -99.0 -99.0
20260608 211  1.6  1372   5  5.3 1448   7  9.8 1439  18.3  25.9 1433  14.9  342  13.4  23.3  12.5  75.1  35.0 1427  15.4  -9.0  -9.0 -9.00  983.6 1006.9 1009.0    1 1004.1 1400  6.5  4.6 14.7 -9.0 -9.00 -9.00   -9   -9.0   -9.0 -9.00   -9.0   -9   -9.0   -9   -9.0   -9   -9.0   -9   -9.0   -9 -99.0 -99.0 -99.0 -99.0 -99.0
20260608 212  1.1   937  29  3.5 1351  29  6.0 1348  20.5  26.3 1620  16.8  458  14.4  24.6  15.4  70.8  37.0 1707  16.5  -9.0  -9.0 -9.00  991.0 1007.1 1008.6   45 1004.7 1740  7.1  6.5 14.7 -9.0 -9.00 -9.00   -9    0.0   -9.0 -9.00    0.0   -9    0.0   -9   -9.0   -9   -9.0   -9   -9.0   -9 -99.0 -99.0 -99.0 -99.0 -99.0
20260608 216  1.4  1204   2  4.7 1616   9  9.3 1638  15.2  22.1 1345  12.5  222  12.6  19.3  13.1  85.5  43.0 1316  14.6   3.5   2.4 -9.00  926.8 1007.5 1009.9    6 1003.7 1345  9.0  0.9 14.6 -9.0 13.12  2.07 1300    0.2   -9.0 -9.00    0.2   -9    0.2   -9   -9.0   -9   -9.0   -9   -9.0   -9 -99.0 -99.0 -99.0 -99.0 -99.0
20260608 217  1.2  1072  18  3.9 1412  20  6.7 1402  17.3  24.0 1544  13.4 2348  12.4  24.0  13.7  75.0  50.0 1501  14.4  -9.0  -9.0 -9.00  971.7 1007.7 1009.8 2350 1004.6 1512  8.3  3.3 14.7 -9.0 -9.00 -9.00   -9    0.0   -9.0 -9.00    0.0   -9    0.0   -9   -9.0   -9   -9.0   -9   -9.0   -9 -99.0 -99.0 -99.0 -99.0 -99.0
20260608 221  1.7  1464  23  4.3 1205  25  7.2 1246  18.9  23.2 1639  15.6 2316  13.9  23.1  13.5  74.3  51.0 1620  15.9  -9.0  -9.0 -9.00  976.4 1006.8 1008.2    1 1004.7 1737  8.0  3.7 14.7 -9.0 -9.00 -9.00   -9    0.0   -9.0 -9.00    0.0   -9    0.0   -9   -9.0   -9   -9.0   -9   -9.0   -9 -99.0 -99.0 -99.0 -99.0 -99.0
20260608 226  1.0   864  29  3.0 1344  27  6.0 1337  19.1  23.4 1348  15.3 2354  14.7  23.7  10.9  77.1  50.0 1416  16.8  -9.0  -9.0 -9.00  987.7 1007.5 1008.8 2256 1006.2 1710  9.4  1.3 14.6 -9.0 -9.00 -9.00   -9   -9.0   -9.0 -9.00   -9.0   -9   -9.0   -9   -9.0   -9   -9.0   -9   -9.0   -9 -99.0 -99.0 -99.0 -99.0 -99.0
20260608 232  1.1   935  25  3.2 1615  25  6.1 1548  19.7  24.0 1628  16.8 2357  14.4  25.5  13.3  73.9  50.0 1720  16.6  -9.0  -9.0 -9.00  998.1 1008.0 1009.3 1028 1006.5 1659  8.3  3.7 14.6 -9.0 -9.00 -9.00   -9   -9.0   -9.0 -9.00   -9.0   -9   -9.0   -9   -9.0   -9   -9.0   -9   -9.0   -9 -99.0 -99.0 -99.0 -99.0 -99.0
20260608 235  0.9   744  23  2.2 1141  25  4.7 1140  19.2  24.4 1238  15.2 2358  15.0  24.2  12.3  77.6  57.0 1205  17.1   4.5   3.2 -9.00 1006.6 1007.7 1008.7  759 1006.6 1737  8.9  3.6 14.6 -9.0 17.95  3.09 1200   -9.0   -9.0 -9.00   -9.0   -9   -9.0   -9   -9.0   -9   -9.0   -9   -9.0   -9 -99.0 -99.0 -99.0 -99.0 -99.0
20260608 236  0.9   779  27  2.7 1710  32  4.9  631  19.8  24.7 1411  16.1 2345  14.8  25.4  13.0  74.3  47.0 1412  16.8  -9.0  -9.0 -9.00 1006.4 1008.0 1009.2 1008 1006.7 1744  9.3  1.2 14.6 -9.0 -9.00 -9.00   -9   -9.0   -9.0 -9.00   -9.0   -9   -9.0   -9   -9.0   -9   -9.0   -9   -9.0   -9 -99.0 -99.0 -99.0 -99.0 -99.0
20260608 238  1.0   896  20  2.7 1245  27  5.5 1120  19.7  22.8 1504  16.5 2400  14.3  24.8  12.5  71.8  56.0 1455  16.3  -9.0  -9.0 -9.00  987.5 1007.1 1008.5 2323 1005.9 1633  9.6  0.6 14.6 -9.0 -9.00 -9.00   -9   -9.0   -9.0 -9.00   -9.0   -9   -9.0   -9   -9.0   -9   -9.0   -9   -9.0   -9 -99.0 -99.0 -99.0 -99.0 -99.0
20260608 239  1.3  1101  32  2.9  653  32  5.1 1235  19.8  23.3 1730  16.9 2347  14.0  25.5  15.0  70.5  51.0 1249  16.0   4.3   3.0 -9.00  996.6 1007.0 1008.4 2308 1005.5 1752  9.3  2.1 14.6 -9.0 15.97  3.08 1200   -9.0   -9.0 -9.00   -9.0   -9   -9.0   -9   -9.0   -9   -9.0   -9   -9.0   -9 -99.0 -99.0 -99.0 -99.0 -99.0
20260608 243  2.1  1806  29  3.6 1601  29  6.7 1600  18.9  21.7 1448  16.8 2400  14.8  23.2  13.1  77.6  64.0 1448  16.9  -9.0  -9.0 -9.00 1007.2 1008.6 1009.5  753 1007.5 1736  9.3  1.1 14.5 -9.0 -9.00 -9.00   -9   -9.0   -9.0 -9.00   -9.0   -9   -9.0   -9   -9.0   -9   -9.0   -9   -9.0   -9 -99.0 -99.0 -99.0 -99.0 -99.0
20260608 244  1.2  1071  32  3.7 1417  34  6.0 1421  18.5  21.7 1551  16.4 2356  14.2  21.4  14.6  76.5  56.0 1551  16.2  -9.0  -9.0 -9.00  979.3 1007.8 1009.0  821 1006.3 1749  9.3  0.7 14.5 -9.0 -9.00 -9.00   -9    0.0   -9.0 -9.00    0.0   -9    0.0   -9   -9.0   -9   -9.0   -9   -9.0   -9 -99.0 -99.0 -99.0 -99.0 -99.0
20260608 245  1.8  1557  34  4.1 1532  34  6.1 1528  19.2  22.2 1438  16.3 2400  14.8  24.4  12.7  76.5  59.0 1452  16.9   3.0   2.1 -9.00 1000.4 1008.4 1009.5  806 1007.3 1738  9.0  0.5 14.5 -9.0  9.38  1.54 1400    0.0   -9.0 -9.00    0.0   -9    0.0   -9   -9.0   -9   -9.0   -9   -9.0   -9 -99.0 -99.0 -99.0 -99.0 -99.0
20260608 247  1.2  1027  11  3.0  258  32  5.2 1618  18.5  22.2 1555  16.0 2357  15.4  21.0  15.6  83.6  60.0 1556  17.5  -9.0  -9.0 -9.00  992.3 1007.8 1009.2 1023 1006.1 1748  9.5  0.9 14.5 -9.0 -9.00 -9.00   -9    0.6   -9.0 -9.00    0.3  434    0.2   -9   -9.0   -9   -9.0   -9   -9.0   -9 -99.0 -99.0 -99.0 -99.0 -99.0
20260608 248  1.1   922  32  3.6  927  29  6.5 1016  16.9  20.6 1614  13.7 2355  13.8  20.2  11.7  83.3  57.0 1616  15.8  -9.0  -9.0 -9.00  961.4 1008.1 1009.7 2335 1006.5 1608  9.6  0.7 14.5 -9.0 -9.00 -9.00   -9   -9.0   -9.0 -9.00   -9.0   -9   -9.0   -9   -9.0   -9   -9.0   -9   -9.0   -9 -99.0 -99.0 -99.0 -99.0 -99.0
20260608 251  1.7    -9  29  4.5 1422  29  6.6 1426  18.9  21.9 1353  15.8 2359  15.8  21.9  12.5  83.0  66.0 1357  18.0   2.5   1.8 -9.00 1002.5 1008.4 1009.6  759 1007.2 1730  9.3 -9.0 14.5 -9.0 -9.00  1.78 1400   -9.0   -9.0 -9.00   -9.0   -9   -9.0   -9   -9.0   -9   -9.0   -9   -9.0   -9 -99.0 -99.0 -99.0 -99.0 -99.0
20260608 252  1.6  1368  36  3.8 1754  34  6.7 1426  18.7  21.7 1357  16.5 2349  14.9  22.4  13.5  79.4  60.0 1358  16.9   3.4   2.4 -9.00 1003.9 1008.3 1009.4  930 1007.2 1753  9.0  0.4 14.5 -9.0 12.44  2.18 1300    0.1   -9.0 -9.00    0.1   -9    0.1   -9   -9.0   -9   -9.0   -9   -9.0   -9 -99.0 -99.0 -99.0 -99.0 -99.0
20260608 253  0.5   464  14  2.4 1136  14  4.9 1132  20.1  22.6 1729  18.7 2232  18.6  22.0  17.2  91.9  76.0 1736  21.5   1.9   1.3 -9.00 1001.1 1007.5 1008.8   18 1006.0 1744  9.4  0.1 14.5 -9.0  5.22  0.74 1300    1.7   -9.0 -9.00    0.6 1224    0.2   -9   -9.0   -9   -9.0   -9   -9.0   -9 -99.0 -99.0 -99.0 -99.0 -99.0
20260608 254  1.5  1268  32  4.0 1742  29  6.4 1742  19.0  22.2 1510  16.5 2351  13.7  23.2  14.4  72.3  53.0 1447  15.7   3.1   2.2 -9.00  993.3 1008.3 1009.7 1014 1007.0 1742  9.5  0.7 14.5 -9.0  9.94  1.94 1400    0.3   -9.0 -9.00    0.2   -9    0.1   -9   -9.0   -9   -9.0   -9   -9.0   -9 -99.0 -99.0 -99.0 -99.0 -99.0
20260608 255  0.6   528  32  3.3 1142  29  5.9 1134  21.1  24.5 1618  19.1 2339  18.1  20.4  15.8  83.4  67.0 1619  20.8   2.0   1.4 -9.00 1000.7 1006.6 1007.8    6 1004.9 1709  9.5  0.4 14.5 -9.0  5.93  1.04 1600    1.1   -9.0 -9.00    0.4  625    0.2   -9   -9.0   -9   -9.0   -9   -9.0   -9 -99.0 -99.0 -99.0 -99.0 -99.0
20260608 257  1.0   903  20  2.5 1133  34  4.3 1149  20.7  24.8 1654  19.0  604  19.0  21.6  17.2  90.8  70.0 1652  22.0   2.4   1.7 -9.00 1006.1 1006.8 1008.1   20 1005.1 1752  9.4  0.2 14.5 -9.0  7.44  1.46 1600    1.7   -9.0 -9.00    0.5 1227    0.2   -9   -9.0   -9   -9.0   -9   -9.0   -9 -99.0 -99.0 -99.0 -99.0 -99.0
20260608 258  2.9  2537  29  5.5  959  34  8.2 1514  21.0  24.3 1613  18.7 2331  15.4  21.7  16.6  71.3  52.0 1615  17.5   4.0   2.8 -9.00 1007.7 1007.9 1009.2 1025 1006.3 1657  9.6  1.2 14.4 -9.0 11.82  2.22 1500    0.1   -9.0 -9.00    0.1   -9    0.1   -9   -9.0   -9   -9.0   -9   -9.0   -9 -99.0 -99.0 -99.0 -99.0 -99.0
20260608 259  1.6  1340  29  3.3 1603  27  6.7 1603  20.5  24.6 1544  17.8 2356  15.6  22.5  16.5  74.0  56.0 1628  17.7   3.3   2.3 -9.00 1006.0 1007.9 1009.2 1019 1006.4 1644  9.8  1.1 14.4 -9.0 11.06  2.47 1500    0.0   -9.0 -9.00    0.0   -9    0.0   -9   -9.0   -9   -9.0   -9   -9.0   -9 -99.0 -99.0 -99.0 -99.0 -99.0
20260608 260  2.0  1757  27  4.7 1753  29  7.8 1636  20.2  23.5 1552  17.5 2210  15.8  23.5  15.0  76.6  59.0 1550  18.0  -9.0  -9.0 -9.00 1002.6 1007.7 1009.1 1025 1006.2 1619  9.9  0.9 14.4 -9.0 -9.00 -9.00   -9    0.0   -9.0 -9.00    0.0   -9    0.0   -9   -9.0   -9   -9.0   -9   -9.0   -9 -99.0 -99.0 -99.0 -99.0 -99.0
20260608 261  2.7  2323  27  5.8 1525  27 11.6 1547  20.0  23.0 1553  18.1 2359  16.2  22.8  16.1  79.5  61.0 1601  18.4  -9.0  -9.0 -9.00 1006.6 1008.5 1009.7    1 1007.1 1638  9.5  0.8 14.4 -9.0 -9.00 -9.00   -9    0.0   -9.0 -9.00    0.0   -9    0.0   -9   -9.0   -9   -9.0   -9   -9.0   -9 -99.0 -99.0 -99.0 -99.0 -99.0
20260608 262  1.6  1390  32  5.0 1625  34  7.2 1633  19.8  24.1 1601  16.4 2309  15.9  22.7  18.1  79.0  55.0 1614  18.1   3.0   2.1 -9.00 1001.5 1007.5 1008.8 1052 1006.0 1658  9.5  1.3 14.4 -9.0 10.03  2.02 1500    1.8   -9.0 -9.00    1.7  415    1.4  426   -9.0   -9   -9.0   -9   -9.0   -9 -99.0 -99.0 -99.0 -99.0 -99.0
20260608 263  1.0   853  34  3.1 1106  29  5.2 1216  20.0  25.1 1611  15.9 2348  15.6  22.8  14.7  78.0  46.0 1657  17.8   2.7   1.9 -9.00 1005.4 1007.0 1008.1  742 1005.1 1736  9.6  1.0 14.5 -9.0  9.03  1.81 1500    0.2   -9.0 -9.00    0.2   -9    0.2   -9   -9.0   -9   -9.0   -9   -9.0   -9 -99.0 -99.0 -99.0 -99.0 -99.0
20260608 264  1.5  1320  29  4.2 1408  29  6.8 1406  18.6  23.5 1428  15.2 2349  13.6  22.3  15.1  74.5  45.0 1314  15.6   3.1   2.2 -9.00  989.9 1007.6 1009.0 2336 1006.1 1732  9.6  1.0 14.5 -9.0 11.82  2.18 1400    5.6   -9.0 -9.00    5.2    1    2.0   21   -9.0   -9   -9.0   -9   -9.0   -9 -99.0 -99.0 -99.0 -99.0 -99.0
20260608 266  1.3  1115  29  3.1 1639  29  6.7 1455  20.5  24.0 1553  18.1 2331  15.8  22.8  16.0  75.1  54.0 1558  18.0   2.9   2.0 -9.00  997.3 1007.5 1008.5  738 1005.9 1710  9.4  0.9 14.4 -9.0  8.93  1.89 1500    0.0   -9.0 -9.00    0.0   -9    0.0   -9   -9.0   -9   -9.0   -9   -9.0   -9 -99.0 -99.0 -99.0 -99.0 -99.0
20260608 268  2.5  2134  32  5.1 1404  32  8.4 1548  18.9  21.3 1547  17.0 2330  15.8  21.6  17.5  82.4  71.0 1611  17.9  -9.0  -9.0 -9.00 1006.4 1007.5 1008.7  953 1006.4 1735  9.4  0.9 14.4 -9.0 -9.00 -9.00   -9    0.0   -9.0 -9.00    0.0   -9    0.0   -9   -9.0   -9   -9.0   -9   -9.0   -9 -99.0 -99.0 -99.0 -99.0 -99.0
20260608 271  1.1   921  18  2.8 1215   9  5.2 1904  18.4  23.3 1414  14.1  516  13.2  23.6  12.7  73.8  43.0 1652  15.2  -9.0  -9.0 -9.00  970.0 1007.2 1009.4    2 1004.6 1642  9.5  2.0 14.6 -9.0 -9.00 -9.00   -9   -9.0   -9.0 -9.00   -9.0   -9   -9.0   -9   -9.0   -9   -9.0   -9   -9.0   -9 -99.0 -99.0 -99.0 -99.0 -99.0
20260608 272  1.8  1560  29  5.6 1340  32  9.0 1342  19.5  23.8 1355  16.1  448  14.0  25.6  14.5  73.5  45.0 1354  16.1  -9.0  -9.0 -9.00  982.5 1006.8 1008.6    1 1004.9 1516  9.0  3.1 14.6 -9.0 -9.00 -9.00   -9   -9.0   -9.0 -9.00   -9.0   -9   -9.0   -9   -9.0   -9   -9.0   -9   -9.0   -9 -99.0 -99.0 -99.0 -99.0 -99.0
20260608 273  1.2  1033  29  3.1 1205  27  6.1 1258  20.0  24.0 1354  17.3 2337  14.4  24.8  13.7  71.5  50.0 1532  16.4  -9.0  -9.0 -9.00  986.5 1006.4 1007.8    8 1004.8 1717  9.1  1.5 14.6 -9.0 -9.00 -9.00   -9   -9.0   -9.0 -9.00   -9.0   -9   -9.0   -9   -9.0   -9   -9.0   -9   -9.0   -9 -99.0 -99.0 -99.0 -99.0 -99.0
20260608 276  1.3  1094  29  3.6 1627  27  7.8 1536  18.9  24.9 1621  15.0 2354  14.6  23.0  12.7  78.6  48.0 1623  16.7   3.7   2.6 -9.00  982.6 1006.6 1008.5    4 1004.1 1621  9.3  1.7 14.6 -9.0 12.27  1.85 1300    0.0   -9.0 -9.00    0.0   -9    0.0   -9   -9.0   -9   -9.0   -9   -9.0   -9 -99.0 -99.0 -99.0 -99.0 -99.0
20260608 277  1.4  1236   5  4.7 1817   2  7.8 1916  18.3  23.2 1342  16.1 2324  16.0  23.4  14.0  87.4  72.0 1345  18.2  -9.0  -9.0 -9.00 1002.6 1007.3 1008.7    1 1005.8 1507  9.4  0.1 14.6 -9.0 -9.00 -9.00   -9    0.1   -9.0 -9.00    0.1   -9    0.1   -9   -9.0   -9   -9.0   -9   -9.0   -9 -99.0 -99.0 -99.0 -99.0 -99.0
20260608 278  1.0   878  27  3.5 1519  32  5.8 1545  19.9  25.6 1609  15.3 2358  15.2  25.0  12.2  76.1  46.0 1615  17.3  -9.0  -9.0 -9.00  996.6 1006.0 1007.5    1 1004.2 1611  9.0  1.5 14.6 -9.0 -9.00 -9.00   -9    0.0   -9.0 -9.00    0.0   -9    0.0   -9   -9.0   -9   -9.0   -9   -9.0   -9 -99.0 -99.0 -99.0 -99.0 -99.0
20260608 279  1.2  1056  27  3.5 1537  27  6.5 1532  20.8  25.4 1602  18.1 2343  15.0  25.1  12.4  71.1  46.0 1520  17.1   4.2   2.9 -9.00 1001.1 1006.8 1007.8    4 1005.3 1651  9.1  1.6 14.6 -9.0 13.26  2.08 1400    0.5   -9.0 -9.00    0.5   54    0.5  144   -9.0   -9   -9.0   -9   -9.0   -9 -99.0 -99.0 -99.0 -99.0 -99.0
20260608 281  1.1   918  29  3.8 1614  29  6.3 1528  19.5  25.0 1550  17.0  440  16.3  21.4  14.8  83.9  50.0 1602  18.6  -9.0  -9.0 -9.00  996.2 1007.4 1008.9    1 1005.2 1623  9.4  0.8 14.5 -9.0 -9.00 -9.00   -9    2.2   -9.0 -9.00    0.7  230    0.4  541   -9.0   -9   -9.0   -9   -9.0   -9 -99.0 -99.0 -99.0 -99.0 -99.0
20260608 283  1.6  1420  36  5.0 1859  34  7.9 1854  19.9  24.7 1643  17.3  441  17.5  21.6  16.6  86.6  66.0 1645  20.0   2.8   2.0 -9.00 1002.7 1007.3 1009.0    1 1005.2 1650  9.8  0.5 14.5 -9.0  9.11  1.28 1500    2.1   -9.0 -9.00    1.0  334    0.3  342   -9.0   -9   -9.0   -9   -9.0   -9 -99.0 -99.0 -99.0 -99.0 -99.0
20260608 284  1.4  1224  32  3.4 1621  32  5.6 1618  18.9  23.2 1454  15.0 2349  15.2  21.7  13.4  80.6  56.0 1449  17.4   3.2   2.2 -9.00  979.9 1006.2 1007.8 2341 1004.4 1624  9.3  0.8 14.5 -9.0 11.14  1.91 1400    4.5   -9.0 -9.00    4.2    1    2.5   26   -9.0   -9   -9.0   -9   -9.0   -9 -99.0 -99.0 -99.0 -99.0 -99.0
20260608 285  0.7   593  29  2.3 1642  32  4.6 1642  19.9  24.6 1514  16.2 2359  17.2  23.1  16.1  86.1  56.0 1641  19.7  -9.0  -9.0 -9.00 1004.1 1007.2 1008.3  133 1005.5 1547  9.8  1.3 14.5 -9.0 -9.00 -9.00   -9    7.2   -9.0 -9.00    5.5   51    1.5  140   -9.0   -9   -9.0   -9   -9.0   -9 -99.0 -99.0 -99.0 -99.0 -99.0
20260608 288  0.9   803  11  2.1 1109   7  4.0   57  20.2  24.7 1644  17.7 2353  17.5  21.5  17.7  85.5  60.0 1653  20.0   2.5   1.8 -9.00 1004.6 1005.6 1006.9  811 1003.7 1703  9.4  0.7 14.5 -9.0  8.20  1.43 1500    2.7   -9.0 -9.00    1.9  217    0.8  235   -9.0   -9   -9.0   -9   -9.0   -9 -99.0 -99.0 -99.0 -99.0 -99.0
20260608 289  1.2  1060  29  4.2 1636  34  7.6 1418  18.7  23.4 1540  15.7 2331  15.6  21.4  15.1  83.8  53.0 1541  17.8  -9.0  -9.0 -9.00  992.0 1008.0 1009.3 2301 1006.5 1723  9.4  1.1 14.5 -9.0 -9.00 -9.00   -9    8.3   -9.0 -9.00    8.0   18    5.1   26   -9.0   -9   -9.0   -9   -9.0   -9 -99.0 -99.0 -99.0 -99.0 -99.0
20260608 294  0.7   638  18  2.3 1355  16  4.7 1324  19.9  22.7 1717  17.2 2202  17.4  22.0  15.3  86.1  67.0 1718  19.8  -9.0  -9.0 -9.00 1002.1 1007.3 1008.6 1003 1006.2 1700  9.9  0.8 14.4 -9.0 -9.00 -9.00   -9    1.5   -9.0 -9.00    1.2  631    0.4  656   -9.0   -9   -9.0   -9   -9.0   -9 -99.0 -99.0 -99.0 -99.0 -99.0
20260608 295  1.1   960  29  2.7 1054  29  5.8 1047  20.5  23.8 1621  18.3 2350  16.3  22.7  15.6  77.6  54.0 1643  18.7  -9.0  -9.0 -9.00 1001.7 1007.0 1008.2 1124 1005.6 1716  9.6  1.2 14.4 -9.0 -9.00 -9.00   -9    0.1   -9.0 -9.00    0.1   -9    0.1   -9   -9.0   -9   -9.0   -9   -9.0   -9 -99.0 -99.0 -99.0 -99.0 -99.0
20260608 296  1.0   881  18  2.5 1418  18  4.0 1418  20.4  23.2 1704  18.5 2217  18.7  21.1  13.6  90.0  79.0 1705  21.6   2.2   1.5 -9.00 1005.8 1006.1 1007.3   18 1004.5 1746  9.4  0.1 14.5 -9.0  6.35  0.87 1500    1.6   -9.0  8.83    0.5  714    0.2   -9   -9.0   -9   -9.0   -9   -9.0   -9 -99.0 -99.0 -99.0 -99.0 -99.0
20260609  90  2.4  2038  14  5.2 1220  14  7.6 1214  18.8  22.7 1415  13.2  533  14.4  24.5  12.3  76.9  50.0 2213  16.5   6.0   4.2 -9.00 1005.5 1007.6 1009.3    1 1006.3 1643  4.0 10.3 14.8 -9.0 27.24  3.59 1200   -9.0   -9.0 -9.00   -9.0   -9   -9.0   -9   -9.0   -9   -9.0   -9   -9.0   -9 -99.0 -99.0 -99.0 -99.0 -99.0
20260609  93  0.7   612  27  3.1 1453  29  5.4 1507  19.4  26.6 1341  12.4  522  12.3  24.0  11.1  67.5  38.0 1337  14.4   5.5   3.9 -9.00  996.9 1008.1 1009.9  707 1006.1 1409  4.1  8.5 14.7 -9.0 22.51  3.52 1100    0.1    0.1  1.87    0.1   -9    0.1   -9   -9.0   -9   -9.0   -9   -9.0   -9  22.5  21.2  18.8  14.6  12.8
20260609  95  0.9   782  23  2.5 1517  25  4.7 1305  18.3  24.9 1231  11.8  524  12.6  19.4   9.8  71.5  36.0 1243  14.6   4.5   3.1 -9.00  990.5 1008.6 1010.0  544 1007.1 1754  4.1  7.9 14.8 -9.0 19.06  3.36 1100    0.0    0.0 -9.00    0.0   -9    0.0   -9   -9.0   -9   -9.0   -9   -9.0   -9 -99.0 -99.0 -99.0 -99.0 -99.0
20260609  98  0.8   654  29  2.1 1202  27  4.6 1155  19.5  27.0 1223  13.1  533  10.1  24.8  10.8  57.3  30.0 1218  12.4   4.6   3.3 -9.00  994.7 1008.1 1009.5  707 1006.8 1727  4.6  6.9 14.7 -9.0 19.62  3.16 1000    0.0   -9.0 -9.00    0.0   -9    0.0   -9   -9.0   -9   -9.0   -9   -9.0   -9 -99.0 -99.0 -99.0 -99.0 -99.0
20260609  99  0.8   705  32  2.2 1640  29  4.4 1622  18.4  25.2 1117  11.8  534  11.4  22.9   8.8  67.4  35.0 1537  13.5   4.1   2.8 -9.00 1005.3 1008.8 1010.1  711 1007.8 1539  4.5  5.4 14.7 -9.0 17.47  3.07 1000    0.0   -9.0 -9.00    0.0   -9    0.0   -9   -9.0   -9   -9.0   -9   -9.0   -9 -99.0 -99.0 -99.0 -99.0 -99.0
20260609 100  1.9  1606  25  4.8 1311  25  8.6 1304  14.4  23.0 1413   6.6  532   9.9  19.5   6.9  77.5  39.0 1331  12.3   6.3   4.4 -9.00  920.8 1008.1 1011.6  601 1004.1 1413  4.8  8.5 14.7 -9.0 24.68  3.51 1100    0.0   -9.0 -9.00    0.0   -9    0.0   -9   -9.0   -9   -9.0   -9   -9.0   -9 -99.0 -99.0 -99.0 -99.0 -99.0
20260609 101  1.3  1158  27  4.1 1455  27  6.4 1448  19.7  26.8 1359  13.2  510  12.4  23.3   9.5  66.1  37.0 1430  14.5   5.6   3.9 -9.00  998.3 1007.1 1009.0  708 1004.9 1400  4.4  7.9 14.7 -9.0 21.60  3.43 1100    0.1    0.1 -9.00    0.1   -9    0.1   -9   -9.0   -9   -9.0   -9   -9.0   -9  22.3  19.5  17.4  14.9  15.0
20260609 102  2.3  2013  16  6.6 1047  16  9.6 1047  16.8  20.6 1545  13.6   27  14.7  21.0   8.1  87.9  71.0  450  16.7   3.0   2.1  1.75 1002.9 1007.2 1008.3  740 1005.3 1736  5.1  5.4 14.7 -9.0 15.65  2.26 1500    0.6   -9.0  3.30    0.6 1620    0.6 1710   -9.0   -9   -9.0   -9   -9.0   -9 -99.0 -99.0 -99.0 -99.0 -99.0
20260609 104  1.5  1267  11  4.1 1514   9  6.7 1436  18.6  24.9 1341  12.0  501  14.8  24.1   9.0  80.5  51.0 1349  17.0   5.9   4.1 -9.00  997.8 1006.5 1008.5   15 1004.8 1507  4.4 10.1 14.7 -9.0 26.00  3.47 1300    0.5    0.5  0.58    0.5 1645    0.5 1706   -9.0   -9   -9.0   -9   -9.0   -9  20.5  19.5  17.6  13.9  13.3
20260609 105  1.8  1597   9  3.3 1433   9  5.4 1432  19.5  25.7 1408  13.1  434  13.4  25.3  11.5  69.5  40.0 1309  15.5   6.2   4.4 -9.00 1004.4 1007.5 1009.3   22 1005.7 1516  4.8  9.4 14.7 -9.0 23.21  3.27 1100    0.4   -9.0 -9.00    0.4 1621    0.4 1711   -9.0   -9   -9.0   -9   -9.0   -9  21.4  20.4  19.1  15.4  14.6
20260609 106  2.0  1738  11  4.2 1313  16  8.2 1413  18.6  23.4 1234  12.4  440  14.3  27.4   9.6  77.5  59.0  933  16.5   6.8   4.7 -9.00 1003.3 1008.0 1009.5  641 1006.6 1551  4.6 10.0 14.7 -9.0 26.41  3.49 1100    0.0   -9.0 -9.00    0.0   -9    0.0   -9   -9.0   -9   -9.0   -9   -9.0   -9 -99.0 -99.0 -99.0 -99.0 -99.0
20260609 108  2.1  1782  27  4.2 1509  25  7.8 1927  21.6  27.7 1256  16.1  538  11.0  27.3   8.8  53.4  30.0 1224  13.2   7.7   5.4 -9.00  998.1 1008.0 1009.2  719 1006.6 1511  3.8  8.6 14.7 -9.0 25.89  3.57 1200    0.1    0.7  1.50    0.1   -9    0.1   -9   -9.0   -9   -9.0   -9   -9.0   -9  22.0  20.0  18.9  15.1  13.7
20260609 112  2.2  1859  25  3.8 1135  20  6.6 1214  20.9  24.8 1158  16.9  526  12.0  24.2  12.5  59.8  30.0 1450  14.2   6.2   4.3 -9.00 1000.1 1008.1 1009.2  808 1007.2 1714  4.4  8.2 14.7 -9.0 24.18  3.67 1100    0.0    0.0  1.67    0.0   -9    0.0   -9   -9.0   -9   -9.0   -9   -9.0   -9  21.0  19.6  14.3  17.2  13.4
20260609 114  1.6  1378  32  3.4 1842  25  6.3 1435  21.2  26.7 1705  14.8  521  11.9  26.2  10.8  58.9  37.0 1347  14.0   7.0   4.9 -9.00  990.3 1007.6 1009.5  654 1005.5 1715  3.8  9.7 14.7 -9.0 25.81  3.57 1200    0.0   -9.0 -9.00    0.0   -9    0.0   -9   -9.0   -9   -9.0   -9   -9.0   -9 -99.0 -99.0 -99.0 -99.0 -99.0
20260609 115  2.1  1805  25  5.3 2325  23  8.7 2321  18.1  20.6 1618  15.4  425  14.6  24.2   9.8  80.3  72.0 1109  16.6   4.0   2.8 -9.00  982.7 1008.3 1009.2 1019 1007.2  102  5.0  5.4 14.7 -9.0 18.50  2.25 1400   -9.0   -9.0 -9.00   -9.0   -9   -9.0   -9   -9.0   -9   -9.0   -9   -9.0   -9  19.7  17.0  16.0  12.6  13.2
20260609 119  1.8  1527  25  4.5 1421  32  7.8 1441  20.4  27.0 1332  14.5  518  11.3  30.8  10.2  60.3  28.0 1730  13.5   6.8   4.8 -9.00 1003.3 1007.9 1009.1  626 1006.3 1347  2.8  8.6 14.7 -9.0 24.33  3.50 1200    0.0    0.1  0.62    0.0   -9    0.0   -9   -9.0   -9   -9.0   -9   -9.0   -9  22.0  19.6  17.4  13.5  12.8
20260609 121  1.2  1055  23  4.3 1845  23  9.1 1845  19.1  28.3 1447  12.5  532  12.7  27.2   9.5  71.0  36.0 1444  14.7   6.6   4.6 -9.00  980.5 1008.2 1010.6  648 1005.0 1556  6.0  6.6 14.7 -9.0 25.53  3.50 1200    0.1   -9.0 -9.00    0.1   -9    0.1   -9   -9.0   -9   -9.0   -9   -9.0   -9 -99.0 -99.0 -99.0 -99.0 -99.0
20260609 127  1.2  1043  36  5.0 1748  34  8.2 1737  20.3  27.9 1522  13.0  511  11.7  26.4  11.3  61.5  32.0 1449  13.8   7.0   4.9 -9.00  994.0 1007.2 1008.9  656 1004.9 1703  5.1  9.6 14.7 -9.0 26.76  3.57 1200    0.0   -9.0 -9.00    0.0   -9    0.0   -9   -9.0   -9   -9.0   -9   -9.0   -9 -99.0 -99.0 -99.0 -99.0 -99.0
20260609 129  1.6  1396  25  3.9 1501  29  6.3 1438  20.4  27.3 1324  12.8  458  10.8  28.2   7.7  58.6  27.0 1722  13.1   7.3   5.1 -9.00 1005.7 1008.6 1009.6  916 1007.3 1340  3.4  9.6 14.6 -9.0 26.35  3.64 1200    0.0    0.0 -9.00    0.0   -9    0.0   -9   -9.0   -9   -9.0   -9   -9.0   -9  21.7  19.7  19.6  14.3  14.9
20260609 130  1.6  1350  11  3.7 1054  20  5.9 1756  18.3  22.3 1430  13.7  521  15.5  25.1  11.0  84.9  66.0  827  17.6  -9.0  -9.0 -9.00 1002.6 1008.4 1009.6  647 1007.0 1656  6.6 10.4 14.7 -9.0 -9.00 -9.00   -9    0.4   -9.0 -9.00    0.4   -9    0.4 1805   -9.0   -9   -9.0   -9   -9.0   -9 -99.0 -99.0 -99.0 -99.0 -99.0
20260609 131  1.4  1242  29  3.2 1907  32  7.0 1431  22.9  28.9 1437  17.1  512  10.2  29.6  13.1  47.8  27.0 1439  12.6   8.4   5.9 -9.00 1000.9 1007.6 1009.1  714 1005.5 1550  5.0 11.8 14.6 -9.0 29.01  3.65 1200    0.0    0.0  0.25    0.0   -9    0.0   -9   -9.0   -9   -9.0   -9   -9.0   -9 -99.0 -99.0 -99.0 -99.0 -99.0
20260609 133  1.5  1275  32  4.6 1905  34  8.9 1905  21.8  28.4 1617  15.2  453  12.8  28.0  12.7  60.0  32.0 1620  14.9   7.8   5.5 -9.00 1000.4 1008.2 1009.6  709 1006.2 1552  6.4 12.0 14.6 -9.0 28.23  3.55 1200   -9.0   -9.0 -9.00   -9.0   -9   -9.0   -9   -9.0   -9   -9.0   -9   -9.0   -9  23.8  22.4  20.0  16.4  15.8
20260609 135  2.0  1712  25  4.0 1518  27  7.4 1756  19.9  26.5 1517  13.2  530  11.4  25.3  12.0  61.3  36.0 1703  13.5   7.2   5.0 -9.00  979.6 1007.7 1009.1  632 1005.3 1641  6.1 10.5 14.6 -9.0 25.45  3.09 1100   -9.0   -9.0 -9.00   -9.0   -9   -9.0   -9   -9.0   -9   -9.0   -9   -9.0   -9 -99.0 -99.0 -99.0 -99.0 -99.0
20260609 136  1.1   955  27  3.8 1745  29  6.4 1534  21.3  27.7 1735  14.1  517  12.6  30.8  12.3  61.0  36.0 1718  14.6   7.1   4.9 -9.00  992.2 1008.4 1010.2  629 1005.8 1716  5.6 10.7 14.6 -9.0 26.97  3.53 1100   -9.0   -9.0 -9.00   -9.0   -9   -9.0   -9   -9.0   -9   -9.0   -9   -9.0   -9 -99.0 -99.0 -99.0 -99.0 -99.0
20260609 137  0.8   731  23  2.1 1526  23  4.3 1518  22.3  27.8 1719  15.0  512  12.7  28.3  12.3  57.5  34.0 1725  14.8   6.5   4.6 -9.00  995.7 1006.8 1008.5  722 1004.5 1704  6.6 10.9 14.6 -9.0 24.87  3.31 1200    0.0   -9.0 -9.00    0.0   -9    0.0   -9   -9.0   -9   -9.0   -9   -9.0   -9 -99.0 -99.0 -99.0 -99.0 -99.0
20260609 138  2.1  1814  14  6.2 1614  11  8.9 1537  20.2  24.1 1501  16.3  444  14.9  24.2  13.5  72.9  60.0 1500  17.0   5.9   4.1 -9.00 1007.3 1007.8 1009.4  824 1006.1 1641  6.3  8.6 14.6 -9.0 23.93  3.39 1300   -9.0   -9.0 -9.00   -9.0   -9   -9.0   -9   -9.0   -9   -9.0   -9   -9.0   -9  21.3  19.0  17.8  15.7  15.7
20260609 140  2.1  1812  29  5.6 1611  32  9.3 1605  20.0  25.5 1324  14.2  447  13.0  26.7   9.8  66.1  46.0 2049  15.1  -9.0  -9.0 -9.00 1006.1 1009.3 1010.5 2139 1008.0 1528  5.4 11.6 14.6 -9.0 -9.00 -9.00   -9   -9.0   -9.0 -9.00   -9.0   -9   -9.0   -9   -9.0   -9   -9.0   -9   -9.0   -9 -99.0 -99.0 -99.0 -99.0 -99.0
20260609 143  1.4  1211  14  3.1  849  14  4.6  850  21.6  27.6 1704  15.6  441  13.8  26.1  13.7  64.4  34.0 1645  15.8   6.4   4.4 -9.00 1001.0 1007.3 1009.1  800 1004.9 1709  6.3  9.0 14.5 -9.0 24.24  3.64 1200   -9.0   -9.0 -9.00   -9.0   -9   -9.0   -9   -9.0   -9   -9.0   -9   -9.0   -9 -99.0 -99.0 -99.0 -99.0 -99.0
20260609 146  1.8  1595  27  5.2 1724  29  8.8 1735  21.2  28.7 1643  15.6  531  12.7  27.5  10.3  61.4  30.0 1622  14.8   7.6   5.3 -9.00 1001.4 1008.4 1009.9 2226 1006.3 1556  6.4 11.7 14.5 -9.0 26.45  3.28 1100   -9.0   -9.0 -9.00   -9.0   -9   -9.0   -9   -9.0   -9   -9.0   -9   -9.0   -9 -99.0 -99.0 -99.0 -99.0 -99.0
20260609 152  1.6  1396  11  3.3 1114   9  5.3 1248  19.6  24.0 1425  15.4  525  14.8  22.9  13.3  75.3  53.0 1431  16.8   5.2   3.6 -9.00  998.3 1007.8 1008.9  755 1006.5 1542  6.4  8.7 14.5 -9.0 21.36  3.17 1200   -9.0   -9.0 -9.00   -9.0   -9   -9.0   -9   -9.0   -9   -9.0   -9   -9.0   -9 -99.0 -99.0 -99.0 -99.0 -99.0
20260609 155  1.8  1567  16  5.5 1531  18  8.6 1527  20.5  25.1 1234  16.8  459  15.0  26.0  13.8  71.5  54.0 1203  17.1   5.9   4.1 -9.00 1004.1 1008.2 1009.1  737 1006.8   17  7.0  9.6 14.5 -9.0 24.07  3.08 1300   -9.0   -9.0 -9.00   -9.0   -9   -9.0   -9   -9.0   -9   -9.0   -9   -9.0   -9 -99.0 -99.0 -99.0 -99.0 -99.0
20260609 156  1.4  1211   2  3.2 1525  34  5.8 1725  21.9  29.1 1643  16.2  309  12.7  28.4  12.0  59.0  28.0 1622  14.8   7.3   5.1 -9.00 1000.2 1008.3 1009.9 2212 1006.0 1704  4.6 10.9 14.5 -9.0 26.28  3.60 1200   -9.0   -9.0 -9.00   -9.0   -9   -9.0   -9   -9.0   -9   -9.0   -9   -9.0   -9 -99.0 -99.0 -99.0 -99.0 -99.0
20260609 159  2.5  2137  16  5.0 1417  16  8.0 1412  20.8  25.0 1226  17.9  523  15.0  24.0  13.2  70.1  59.0  957  17.1   6.6   4.6 -9.00  999.7 1007.8 1008.7 2145 1006.2   26  6.1  8.7 14.5 -9.0 25.56  3.70 1200   -9.0   -9.0 -9.00   -9.0   -9   -9.0   -9   -9.0   -9   -9.0   -9   -9.0   -9  21.8  20.7  19.7  16.2  16.8
20260609 162  1.9  1625  18  4.2 1219  18  5.8 1527  20.6  25.7 1338  17.3 2358  14.8  24.4  13.8  70.1  54.0 1126  16.9   6.1   4.3 -9.00 1003.8 1007.4 1008.8 2158 1006.1   10  7.0  8.9 14.5 -9.0 24.49  3.57 1200   -9.0   -9.0 -9.00   -9.0   -9   -9.0   -9   -9.0   -9   -9.0   -9   -9.0   -9 -99.0 -99.0 -99.0 -99.0 -99.0
20260609 165  2.6  2269  32  5.0 1650  32  7.6 1542  20.3  25.4 1519  16.2  456  14.9  25.6  11.1  72.9  51.0 1607  16.9   6.8   4.8 -9.00 1003.7 1008.9 1010.2 2123 1007.5 1542  4.8 10.1 14.4 -9.0 27.51  3.66 1300   -9.0   -9.0 -9.00   -9.0   -9   -9.0   -9   -9.0   -9   -9.0   -9   -9.0   -9  22.0  21.1  19.0  16.6  15.1
20260609 168  2.2  1894  14  4.7 1545  14  7.6 1545  21.1  25.2 1356  17.8  447  14.9  26.3  17.1  68.4  53.0 1359  16.9   6.5   4.5 -9.00 1000.8 1008.4 1009.7 2146 1007.1  145  4.8 10.2 14.4 -9.0 26.09  3.30 1200   -9.0   -9.0 -9.00   -9.0   -9   -9.0   -9   -9.0   -9   -9.0   -9   -9.0   -9  22.9  21.1  19.1  16.5  16.6
20260609 169  3.5  3023  34  5.4  425  36  7.3  423  19.8  24.9 1347  16.0  217  14.3  26.5  15.3  71.9  52.0 2342  16.5   6.6   4.6 -9.00 1000.4 1009.1 1010.2 2241 1008.0 1707  4.4 10.8 14.4 -9.0 26.90  3.50 1200   -9.0   -9.0 -9.00   -9.0   -9   -9.0   -9   -9.0   -9   -9.0   -9   -9.0   -9 -99.0 -99.0 -99.0 -99.0 -99.0
20260609 170  1.8  1541  14  5.9 1556  16  8.2 1553  21.6  28.3 1332  16.6  505  15.3  25.6  14.9  68.6  48.0 1156  17.4   6.7   4.7 -9.00 1004.7 1008.8 1010.1 2139 1007.8 1537  5.3 10.3 14.4 -9.0 24.69  3.29 1100   -9.0   -9.0 -9.00   -9.0   -9   -9.0   -9   -9.0   -9   -9.0   -9   -9.0   -9 -99.0 -99.0 -99.0 -99.0 -99.0
20260609 172  1.8  1551  29  5.3 1501  27  7.5 1657  19.6  27.1 1403  13.6  535  12.3  23.5   9.9  66.4  39.0 1206  14.4   7.7   5.4 -9.00 1002.3 1008.4 1009.8 2215 1006.7 1543  5.0 11.9 14.5 -9.0 28.93  3.71 1100   -9.0   -9.0 -9.00   -9.0   -9   -9.0   -9   -9.0   -9   -9.0   -9   -9.0   -9 -99.0 -99.0 -99.0 -99.0 -99.0
20260609 174  1.2  1043  14  3.8 1618  11  6.3 1610  19.0  26.9 1320  13.0  547  14.3  23.9  12.4  76.9  36.0 1323  16.3  -9.0  -9.0 -9.00  987.8 1006.9 1008.5 2143 1005.2 1532  5.6  6.5 14.5 -9.0 -9.00 -9.00   -9   -9.0   -9.0 -9.00   -9.0   -9   -9.0   -9   -9.0   -9   -9.0   -9   -9.0   -9 -99.0 -99.0 -99.0 -99.0 -99.0
20260609 177  1.8  1597  23  4.5 1542  23  7.2 1501  21.2  28.0 1412  13.9  523  12.3  28.0  11.3  59.6  38.0 1949  14.4   7.1   4.9 -9.00 1004.0 1007.2 1008.2  655 1005.4 1432  4.4  9.8 14.6 -9.0 25.24  3.45 1100    0.0    0.0  0.42    0.0   -9    0.0   -9   -9.0   -9   -9.0   -9   -9.0   -9 -99.0 -99.0 -99.0 -99.0 -99.0
20260609 181  1.8  1528  34  4.7 1856  34  7.9 1556  21.1  28.0 1529  13.7  539  11.5  28.8   8.2  58.4  30.0 1651  13.7   8.6   6.0 -9.00 1004.3 1008.2 1009.6  706 1006.2 1556  4.9 11.5 14.6 -9.0 29.07  3.74 1200    0.0   -9.0 -9.00    0.0   -9    0.0   -9   -9.0   -9   -9.0   -9   -9.0   -9 -99.0 -99.0 -99.0 -99.0 -99.0
20260609 184  2.8  2417   5  7.1 1436   5  9.7 1434  20.7  23.9 1516  18.4  544  16.1  26.3  15.8  75.3  64.0 1118  18.4   5.8   4.1 -9.00 1005.8 1008.2 1009.7 2245 1007.1 1639  5.6  6.7 14.3 -9.0 20.85  3.34 1100   -9.0   -9.0 -9.00   -9.0   -9   -9.0   -9   -9.0   -9   -9.0   -9   -9.0   -9  22.9  22.1  21.5  19.0  16.6
20260609 185  3.9  3391  34  7.4  353  34 13.1  143  20.1  23.5 1703  17.8  517  16.8  23.4  16.8  82.0  66.0 1646  19.2   5.2   3.6 -9.00 1000.0 1008.3 1010.1 2255 1006.8  319  6.0  5.9 14.3 -9.0 20.42  3.58 1100   -9.0   -9.0 -9.00   -9.0   -9   -9.0   -9   -9.0   -9   -9.0   -9   -9.0   -9 -99.0 -99.0 -99.0 -99.0 -99.0
20260609 188  2.4  2103   5  4.3 1513   2  7.7 1049  19.8  23.5 1305  17.3 2348  16.9  20.6  16.0  83.8  72.0 1049  19.3  -9.0  -9.0 -9.00 1006.3 1008.7 1010.3 2246 1007.3  339  6.4  2.7 14.3 -9.0 -9.00 -9.00   -9   -9.0   -9.0 -9.00   -9.0   -9   -9.0   -9   -9.0   -9   -9.0   -9   -9.0   -9 -99.0 -99.0 -99.0 -99.0 -99.0
20260609 189  1.7  1511   7  3.8 1102  11  7.9 1656  21.6  25.7 1211  18.7  546  15.8  21.7  16.9  70.3  56.0 1212  18.0   5.4   3.8 -9.00 1002.2 1008.2 1010.3 2304 1006.3  302  6.1  4.8 14.3 -9.0 18.44  2.97 1200   -9.0   -9.0 -9.00   -9.0   -9   -9.0   -9   -9.0   -9   -9.0   -9   -9.0   -9 -99.0 -99.0 -99.0 -99.0 -99.0
20260609 192  0.8   711  14  2.4 1442  14  5.8 1447  19.6  26.5 1433  13.1  414  15.0  26.5  11.8  76.5  45.0 1423  17.1   5.7   4.0 -9.00 1004.8 1008.2 1009.4  725 1006.9 1450  5.4  9.4 14.5 -9.0 23.75  3.36 1100   -9.0   -9.0 -9.00   -9.0   -9   -9.0   -9   -9.0   -9   -9.0   -9   -9.0   -9 -99.0 -99.0 -99.0 -99.0 -99.0
20260609 201  1.5  1300  27  3.4 1249  36  6.5   44  18.9  24.6 1128  12.6  451  11.8  23.1   7.6  66.1  35.0 1118  14.0  -9.0  -9.0 -9.00 1003.4 1008.9 1010.1  841 1007.6 2005  4.3  6.3 14.7 -9.0 -9.00 -9.00   -9    0.0   -9.0 -9.00    0.0   -9    0.0   -9   -9.0   -9   -9.0   -9   -9.0   -9 -99.0 -99.0 -99.0 -99.0 -99.0
20260609 202  1.3  1100  36  3.3 1535  27  6.6 1616  20.8  28.1 1348  14.3  520  11.7  27.4  10.8  59.5  31.0 1232  13.8  -9.0  -9.0 -9.00 1002.6 1008.1 1009.7  726 1006.3 1544  3.0  9.0 14.7 -9.0 -9.00 -9.00   -9    0.0   -9.0 -9.00    0.0   -9    0.0   -9   -9.0   -9   -9.0   -9   -9.0   -9 -99.0 -99.0 -99.0 -99.0 -99.0
20260609 203  0.9   816  18  2.3 1256  29  6.0 2056  21.4  29.2 1457  13.8  532  12.5  29.9  11.3  61.4  36.0 1322  14.6  -9.0  -9.0 -9.00  999.2 1008.4 1010.0  645 1006.4 1555  2.6  7.8 14.7 -9.0 -9.00 -9.00   -9    0.0   -9.0 -9.00    0.0   -9    0.0   -9   -9.0   -9   -9.0   -9   -9.0   -9 -99.0 -99.0 -99.0 -99.0 -99.0
20260609 211  1.4  1245  18  3.5 1440  20  8.0 1448  18.2  26.0 1335  12.7  238  11.6  24.4  10.1  68.5  37.0 1243  13.7  -9.0  -9.0 -9.00  984.4 1007.7 1009.8  656 1005.1 1431  5.0  5.3 14.8 -9.0 -9.00 -9.00   -9    0.0   -9.0 -9.00    0.0   -9    0.0   -9   -9.0   -9   -9.0   -9   -9.0   -9 -99.0 -99.0 -99.0 -99.0 -99.0
20260609 212  1.2  1047  29  3.5 1653  27  6.6 1505  19.8  26.7 1327  13.8  454  11.5  24.1  11.2  62.9  32.0 1253  13.6  -9.0  -9.0 -9.00  992.1 1008.3 1010.3  706 1006.3 1402  4.3  6.5 14.7 -9.0 -9.00 -9.00   -9    0.0   -9.0 -9.00    0.0   -9    0.0   -9   -9.0   -9   -9.0   -9   -9.0   -9 -99.0 -99.0 -99.0 -99.0 -99.0
20260609 216  1.2  1078  36  4.0 1318   5  7.0 1305  16.9  24.2 1322   8.5  524   9.8  22.3   7.4  66.4  32.0 1327  12.2   6.4   4.5 -9.00  927.3 1007.6 1011.0  536 1004.0 1439  6.1 10.2 14.7 -9.0 27.35  3.63 1200   -9.0   -9.0 -9.00   -9.0   -9   -9.0   -9   -9.0   -9   -9.0   -9   -9.0   -9 -99.0 -99.0 -99.0 -99.0 -99.0
20260609 217  1.3  1148  20  3.5 1309   5  7.2 1308  18.5  27.8 1522  12.3  402  10.4  27.8  13.2  63.4  28.0 1524  12.6  -9.0  -9.0 -9.00  972.4 1008.2 1011.1  707 1004.6 1514  5.4  6.2 14.7 -9.0 -9.00 -9.00   -9   -9.0   -9.0 -9.00   -9.0   -9   -9.0   -9   -9.0   -9   -9.0   -9   -9.0   -9 -99.0 -99.0 -99.0 -99.0 -99.0
20260609 221  1.3  1134  25  4.1 1343  23  7.3 1251  18.6  26.8 1531  11.9  504  12.3  26.8   9.3  72.0  32.0 1451  14.4  -9.0  -9.0 -9.00  977.5 1007.9 1009.9  640 1005.3 1528  5.3  8.9 14.7 -9.0 -9.00 -9.00   -9    0.0   -9.0 -9.00    0.0   -9    0.0   -9   -9.0   -9   -9.0   -9   -9.0   -9 -99.0 -99.0 -99.0 -99.0 -99.0
20260609 226  0.9   814  29  2.8 1412  32  6.7 1320  20.3  27.6 1446  12.4  533  11.5  26.6   6.9  62.1  31.0 1434  13.7  -9.0  -9.0 -9.00  988.4 1008.2 1009.9  645 1006.0 1553  5.9 11.0 14.6 -9.0 -9.00 -9.00   -9   -9.0   -9.0 -9.00   -9.0   -9   -9.0   -9   -9.0   -9   -9.0   -9   -9.0   -9 -99.0 -99.0 -99.0 -99.0 -99.0
20260609 232  1.1   980  34  3.7 1558  34  7.3 1557  20.4  27.7 1532  12.7  517  11.2  29.7   9.1  60.8  29.0 1343  13.5  -9.0  -9.0 -9.00  998.9 1008.7 1010.0  912 1006.8 1545  3.3 11.6 14.6 -9.0 -9.00 -9.00   -9   -9.0   -9.0 -9.00   -9.0   -9   -9.0   -9   -9.0   -9   -9.0   -9   -9.0   -9 -99.0 -99.0 -99.0 -99.0 -99.0
20260609 235  1.5  1267  20  4.1 1317  20  5.9 1317  19.7  24.9 1500  13.3  415  13.1  26.6   9.3  68.0  41.0 1646  15.2   6.7   4.7 -9.00 1007.0 1008.2 1009.2 2105 1007.0 1445  5.1 11.4 14.6 -9.0 28.50  3.49 1200    0.0   -9.0 -9.00    0.0   -9    0.0   -9   -9.0   -9   -9.0   -9   -9.0   -9 -99.0 -99.0 -99.0 -99.0 -99.0
20260609 236  1.0   852  27  3.6 1700  27  5.8 1657  20.3  28.0 1442  13.0  532  12.5  27.6   9.6  64.9  38.0 1451  14.7  -9.0  -9.0 -9.00 1007.1 1008.7 1010.0  838 1006.8 1533  5.4  9.8 14.6 -9.0 -9.00 -9.00   -9    0.0   -9.0 -9.00    0.0   -9    0.0   -9   -9.0   -9   -9.0   -9   -9.0   -9 -99.0 -99.0 -99.0 -99.0 -99.0
20260609 238  0.9   811  25  2.5 1403  36  5.5 1517  20.5  27.9 1523  13.2  453  13.0  27.4   8.8  66.8  32.0 1523  15.0  -9.0  -9.0 -9.00  988.2 1007.7 1009.4  701 1005.5 1609  6.0  9.9 14.6 -9.0 -9.00 -9.00   -9   -9.0   -9.0 -9.00   -9.0   -9   -9.0   -9   -9.0   -9   -9.0   -9   -9.0   -9 -99.0 -99.0 -99.0 -99.0 -99.0
20260609 239  1.4  1221  34  4.0 1728  27  7.0 1725  20.5  28.2 1605  13.9  449  12.7  28.4  11.4  64.4  31.0 1600  14.7   7.4   5.2 -9.00  997.3 1007.7 1009.2  705 1005.3 1548  5.8 11.0 14.6 -9.0 27.32  3.39 1200    0.0   -9.0 -9.00    0.0   -9    0.0   -9   -9.0   -9   -9.0   -9   -9.0   -9 -99.0 -99.0 -99.0 -99.0 -99.0
20260609 243  1.3  1133  29  4.1 1722  32  7.2 1616  20.0  26.3 1351  14.5  529  13.5  25.4  10.3  68.8  43.0 1646  15.5  -9.0  -9.0 -9.00 1007.4 1008.8 1010.2 2230 1007.6 1543  5.4 11.4 14.5 -9.0 -9.00 -9.00   -9   -9.0   -9.0 -9.00   -9.0   -9   -9.0   -9   -9.0   -9   -9.0   -9   -9.0   -9 -99.0 -99.0 -99.0 -99.0 -99.0
20260609 244  1.0   886  34  3.1 1848  36  5.8 1847  20.1  27.0 1426  14.1  608  12.2  24.4  11.3  65.4  35.0 1646  14.3  -9.0  -9.0 -9.00  979.7 1008.0 1009.9 2259 1005.6 1613  5.0 10.3 14.5 -9.0 -9.00 -9.00   -9   -9.0   -9.0 -9.00   -9.0   -9   -9.0   -9   -9.0   -9   -9.0   -9   -9.0   -9 -99.0 -99.0 -99.0 -99.0 -99.0
20260609 245  1.6  1400  27  4.0 1738  34  6.9 1549  20.4  28.3 1509  13.8  501  12.7  26.8  10.5  64.9  27.0 1629  14.7   7.6   5.3 -9.00 1000.6 1008.6 1010.2 2220 1006.7 1548  5.5 11.6 14.5 -9.0 26.53  3.31 1200   -9.0   -9.0 -9.00   -9.0   -9   -9.0   -9   -9.0   -9   -9.0   -9   -9.0   -9 -99.0 -99.0 -99.0 -99.0 -99.0
20260609 247  1.3  1096  32  3.5 1628  32  6.1 1649  20.7  28.5 1519  14.0  501  13.7  23.1  13.3  69.3  33.0 1521  15.7  -9.0  -9.0 -9.00  992.5 1007.9 1009.6  738 1005.4 1600  5.8 10.2 14.5 -9.0 -9.00 -9.00   -9   -9.0   -9.0 -9.00   -9.0   -9   -9.0   -9   -9.0   -9   -9.0   -9   -9.0   -9 -99.0 -99.0 -99.0 -99.0 -99.0
20260609 248  1.2  1049  36  3.6 1206  36  5.9 1444  18.6  26.1 1358  11.7  358  11.7  23.8   8.8  69.6  30.0 1459  13.8  -9.0  -9.0 -9.00  962.0 1008.4 1010.4  738 1005.7 1629  5.8 10.0 14.5 -9.0 -9.00 -9.00   -9   -9.0   -9.0 -9.00   -9.0   -9   -9.0   -9   -9.0   -9   -9.0   -9   -9.0   -9 -99.0 -99.0 -99.0 -99.0 -99.0
20260609 251  1.3  1108  29  4.6 1703  29  6.7 1659  19.7  28.0 1538  13.5  431  13.5  24.6  10.9  71.1  38.0 1622  15.5   7.0   4.9 -9.00 1002.8 1008.6 1010.2 2244 1006.5 1551  5.1 11.9 14.5 -9.0 26.37  3.45 1300   -9.0   -9.0 -9.00   -9.0   -9   -9.0   -9   -9.0   -9   -9.0   -9   -9.0   -9 -99.0 -99.0 -99.0 -99.0 -99.0
20260609 252  1.1   949  36  3.8 1552  25  5.5 1419  19.6  26.7 1343  14.1  539  13.3  24.3  11.1  69.9  44.0 1331  15.3   7.1   5.0 -9.00 1004.4 1008.7 1009.9 2300 1007.2 1540  4.4 10.7 14.5 -9.0 28.34  3.69 1100   -9.0   -9.0 -9.00   -9.0   -9   -9.0   -9   -9.0   -9   -9.0   -9   -9.0   -9 -99.0 -99.0 -99.0 -99.0 -99.0
20260609 253  1.2  1054  18  3.5 1556  18  6.4 1553  20.4  26.4 1243  16.5  505  15.8  23.7  14.8  76.5  52.0 1322  18.0   4.8   3.4 -9.00 1002.5 1008.9 1009.8  747 1007.5   41  6.1  6.2 14.5 -9.0 18.97  2.36 1200   -9.0   -9.0 -9.00   -9.0   -9   -9.0   -9   -9.0   -9   -9.0   -9   -9.0   -9 -99.0 -99.0 -99.0 -99.0 -99.0
20260609 254  1.5  1281   7  4.4 1915  25  7.0 1914  20.4  28.4 1556  13.8  515  11.1  26.3  11.9  60.9  24.0 1634  13.3   7.7   5.4 -9.00  993.7 1008.7 1010.4 2338 1006.2 1600  4.4 10.4 14.5 -9.0 26.44  3.64 1300   -9.0   -9.0 -9.00   -9.0   -9   -9.0   -9   -9.0   -9   -9.0   -9   -9.0   -9 -99.0 -99.0 -99.0 -99.0 -99.0
20260609 255  0.9   767  32  3.1 1104  29  5.4 1057  21.3  26.5 1441  17.0  527  15.8  22.3  13.3  72.1  55.0 1232  18.0   4.5   3.2 -9.00 1002.0 1007.8 1009.1 2313 1006.4 1640  6.8  7.6 14.5 -9.0 18.29  2.11  900   -9.0   -9.0 -9.00   -9.0   -9   -9.0   -9   -9.0   -9   -9.0   -9   -9.0   -9 -99.0 -99.0 -99.0 -99.0 -99.0
20260609 257  1.6  1405  14  3.0 1552   5  6.1  613  21.4  27.2 1341  17.5 2329  16.3  23.0  14.6  73.9  50.0 1345  18.5   5.1   3.5 -9.00 1007.3 1008.0 1009.2  801 1006.8 1518  6.0  5.1 14.5 -9.0 19.29  2.94 1100    0.0   -9.0 -9.00    0.0   -9    0.0   -9   -9.0   -9   -9.0   -9   -9.0   -9 -99.0 -99.0 -99.0 -99.0 -99.0
20260609 258  2.4  2071  20  4.4 1443  20  6.5 1404  21.1  26.4 1402  17.0  429  15.7  23.2  14.9  72.6  49.0 1354  17.9   6.7   4.7 -9.00 1008.5 1008.7 1010.2 2251 1007.6 1537  5.4  8.5 14.4 -9.0 25.43  3.64 1200   -9.0   -9.0 -9.00   -9.0   -9   -9.0   -9   -9.0   -9   -9.0   -9   -9.0   -9 -99.0 -99.0 -99.0 -99.0 -99.0
20260609 259  1.2  1056  20  3.2 1326  25  6.1 1325  20.6  27.6 1305  15.3  521  15.2  25.4  13.6  73.5  44.0 1256  17.3   6.6   4.6 -9.00 1006.6 1008.4 1010.0 2216 1007.1 1528  5.0  8.9 14.4 -9.0 25.85  3.27 1400   -9.0   -9.0 -9.00   -9.0   -9   -9.0   -9   -9.0   -9   -9.0   -9   -9.0   -9 -99.0 -99.0 -99.0 -99.0 -99.0
20260609 260  2.2  1871  14  6.0 1507  14  8.1 1507  20.3  26.3 1141  15.6  419  16.3  25.8  12.5  79.5  52.0 1124  18.6  -9.0  -9.0 -9.00 1003.3 1008.4 1010.0 2219 1007.0 1542  5.3  9.2 14.4 -9.0 -9.00 -9.00   -9   -9.0   -9.0 -9.00   -9.0   -9   -9.0   -9   -9.0   -9   -9.0   -9   -9.0   -9 -99.0 -99.0 -99.0 -99.0 -99.0
20260609 261  1.8  1514  20  5.4 1548  25  8.2 1525  20.4  26.5 1336  14.9  512  16.0  25.2  11.7  77.5  52.0 1257  18.3  -9.0  -9.0 -9.00 1007.1 1009.0 1010.6 2227 1007.6 1522  4.8 10.1 14.4 -9.0 -9.00 -9.00   -9   -9.0   -9.0 -9.00   -9.0   -9   -9.0   -9   -9.0   -9   -9.0   -9   -9.0   -9 -99.0 -99.0 -99.0 -99.0 -99.0
20260609 262  1.2   998  20  3.2 1442  27  5.5 1323  20.0  26.6 1251  14.3  522  15.3  23.9  16.4  76.8  49.0 1301  17.4   5.2   3.6 -9.00 1002.2 1008.3 1009.8 2246 1007.2  208  5.3  8.4 14.4 -9.0 20.09  2.44 1200   -9.0   -9.0 -9.00   -9.0   -9   -9.0   -9   -9.0   -9   -9.0   -9   -9.0   -9 -99.0 -99.0 -99.0 -99.0 -99.0
20260609 263  1.2  1008  20  3.6 1708  18  6.3 1707  20.2  27.1 1434  13.6  509  15.9  25.1  11.6  78.9  43.0 1446  18.2   5.7   4.0 -9.00 1006.5 1008.1 1009.5  731 1006.3 1559  5.9  6.6 14.5 -9.0 23.05  3.66 1200   -9.0   -9.0 -9.00   -9.0   -9   -9.0   -9   -9.0   -9   -9.0   -9   -9.0   -9 -99.0 -99.0 -99.0 -99.0 -99.0
20260609 264  1.0   874  16  3.1 1739  16  5.5 1735  20.1  28.8 1612  12.8  507  14.7  23.7  11.9  74.9  35.0 1622  16.7   7.4   5.2 -9.00  990.5 1008.1 1010.0  728 1005.2 1615  6.1 10.8 14.5 -9.0 28.16  3.71 1200   -9.0   -9.0 -9.00   -9.0   -9   -9.0   -9   -9.0   -9   -9.0   -9   -9.0   -9 -99.0 -99.0 -99.0 -99.0 -99.0
20260609 266  1.2  1069  20  3.1 1452  14  5.2 1239  21.0  26.9 1258  15.7  529  15.5  25.8  12.7  72.4  46.0 1409  17.7   6.0   4.2 -9.00  998.4 1008.5 1010.0 2153 1007.4 1531  6.1  7.8 14.5 -9.0 23.66  3.51 1200   -9.0   -9.0 -9.00   -9.0   -9   -9.0   -9   -9.0   -9   -9.0   -9   -9.0   -9 -99.0 -99.0 -99.0 -99.0 -99.0
20260609 268  1.8  1551  32  5.0 1305  32  7.5 1257  19.7  25.8 1504  14.4 2359  14.7  24.0  14.5  74.5  50.0 1118  16.7  -9.0  -9.0 -9.00 1006.6 1007.8 1009.3 2216 1006.5 1530  4.4 11.0 14.4 -9.0 -9.00 -9.00   -9   -9.0   -9.0 -9.00   -9.0   -9   -9.0   -9   -9.0   -9   -9.0   -9   -9.0   -9 -99.0 -99.0 -99.0 -99.0 -99.0
20260609 271  1.1   954  32  3.4 1247  32  7.5 1242  18.9  26.8 1432  11.9  512  11.5  26.1   8.5  66.6  31.0 1435  13.6  -9.0  -9.0 -9.00  970.7 1007.9 1010.2  640 1005.0 1431  6.3  7.6 14.6 -9.0 -9.00 -9.00   -9    0.0   -9.0 -9.00    0.0   -9    0.0   -9   -9.0   -9   -9.0   -9   -9.0   -9 -99.0 -99.0 -99.0 -99.0 -99.0
20260609 272  2.1  1836  29  7.6 1855  32 12.3 1852  19.7  27.6 1510  13.2  514  12.9  29.0  10.0  70.0  32.0 1609  15.0  -9.0  -9.0 -9.00  983.3 1007.6 1009.2  707 1005.0 1656  6.4 11.0 14.6 -9.0 -9.00 -9.00   -9    1.5   -9.0 -9.00    1.5 1903    1.2 1947   -9.0   -9   -9.0   -9   -9.0   -9 -99.0 -99.0 -99.0 -99.0 -99.0
20260609 273  1.3  1097  29  3.3 2345  29  6.3 2249  20.8  28.0 1455  13.2  427  12.6  27.5   9.5  62.6  33.0 1447  14.7  -9.0  -9.0 -9.00  987.2 1007.0 1008.8  724 1004.8 1559  5.9 10.2 14.6 -9.0 -9.00 -9.00   -9   -9.0   -9.0 -9.00   -9.0   -9   -9.0   -9   -9.0   -9   -9.0   -9   -9.0   -9 -99.0 -99.0 -99.0 -99.0 -99.0
20260609 276  1.4  1204  27  3.9 1450  29  6.7 1438  19.8  28.1 1607  12.5  519  13.1  29.9   9.2  70.8  28.0 1419  15.2   7.0   4.9 -9.00  983.3 1007.3 1009.3  640 1004.4 1551  6.6  9.9 14.6 -9.0 26.65  3.53 1200   -9.0   -9.0 -9.00   -9.0   -9   -9.0   -9   -9.0   -9   -9.0   -9   -9.0   -9 -99.0 -99.0 -99.0 -99.0 -99.0
20260609 277  1.5  1272  14  3.7 1337  16  6.9 1248  18.3  23.7 1410  13.4  450  14.5  29.5  10.2  79.9  57.0 1034  16.5  -9.0  -9.0 -9.00 1003.6 1008.3 1009.6  905 1007.1 1732  5.8 11.4 14.6 -9.0 -9.00 -9.00   -9   -9.0   -9.0 -9.00   -9.0   -9   -9.0   -9   -9.0   -9   -9.0   -9   -9.0   -9 -99.0 -99.0 -99.0 -99.0 -99.0
20260609 278  1.0   860  29  3.0 1607  29  5.8 1719  20.8  28.6 1536  13.0  521  13.2  28.7   9.4  66.1  33.0 1707  15.2  -9.0  -9.0 -9.00  997.4 1006.8 1008.5  706 1004.3 1644  6.0 10.4 14.6 -9.0 -9.00 -9.00   -9   -9.0   -9.0 -9.00   -9.0   -9   -9.0   -9   -9.0   -9   -9.0   -9   -9.0   -9 -99.0 -99.0 -99.0 -99.0 -99.0
20260609 279  0.9   816  27  2.7 1502   9  4.9 1041  22.8  29.2 1512  15.5  509  12.2  30.0  11.7  54.8  31.0 1530  14.3   7.3   5.1 -9.00 1001.8 1007.5 1009.1  809 1005.3 1657  6.1 11.2 14.6 -9.0 26.79  3.42 1100   -9.0   -9.0 -9.00   -9.0   -9   -9.0   -9   -9.0   -9   -9.0   -9   -9.0   -9 -99.0 -99.0 -99.0 -99.0 -99.0
20260609 281  1.1   963  16  2.2 1226  11  4.4 1811  20.3  27.4 1506  14.3  524  14.1  27.8  11.8  71.4  37.0 1512  16.2  -9.0  -9.0 -9.00  997.2 1008.3 1010.2  800 1006.0 1727  6.4  8.3 14.6 -9.0 -9.00 -9.00   -9   -9.0   -9.0 -9.00   -9.0   -9   -9.0   -9   -9.0   -9   -9.0   -9   -9.0   -9 -99.0 -99.0 -99.0 -99.0 -99.0
20260609 283  1.8  1524  18  5.0 1703  16  7.2 1648  20.2  27.0 1416  15.1  512  14.9  25.2  11.9  74.5  38.0 1410  16.9   6.4   4.5 -9.00 1003.8 1008.4 1010.1  803 1006.5 1546  6.4  8.3 14.5 -9.0 24.71  3.75 1200   -9.0   -9.0 -9.00   -9.0   -9   -9.0   -9   -9.0   -9   -9.0   -9   -9.0   -9 -99.0 -99.0 -99.0 -99.0 -99.0
20260609 284  1.2  1011  14  4.0 1459  11  5.4 1455  19.4  27.3 1404  12.0  505  14.3  24.8   8.7  74.8  43.0 1401  16.4   6.3   4.4 -9.00  980.7 1006.9 1008.6  729 1004.5 1623  6.3 10.1 14.5 -9.0 25.02  3.64 1200   -9.0   -9.0 -9.00   -9.0   -9   -9.0   -9   -9.0   -9   -9.0   -9   -9.0   -9 -99.0 -99.0 -99.0 -99.0 -99.0
20260609 285  0.8   657  20  2.3 1800  18  5.6 1808  20.6  27.1 1414  14.1  609  15.6  25.0  13.9  76.3  43.0 1612  17.8  -9.0  -9.0 -9.00 1005.0 1008.1 1009.7  736 1006.2 1704  5.6  8.6 14.5 -9.0 -9.00 -9.00   -9   -9.0   -9.0 -9.00   -9.0   -9   -9.0   -9   -9.0   -9   -9.0   -9   -9.0   -9 -99.0 -99.0 -99.0 -99.0 -99.0
20260609 288  1.3  1146  16  4.0 1657  14  7.5 1719  20.9  28.2 1345  15.4  459  15.3  24.6  15.1  72.6  41.0 1346  17.4   5.8   4.1 -9.00 1005.7 1006.7 1008.0  740 1004.8 1626  6.0  6.8 14.5 -9.0 21.69  3.61 1200   -9.0   -9.0 -9.00   -9.0   -9   -9.0   -9   -9.0   -9   -9.0   -9   -9.0   -9 -99.0 -99.0 -99.0 -99.0 -99.0
20260609 289  1.1   943   7  2.8 1824  11  7.1 1908  19.9  27.4 1412  13.4  533  14.9  25.1  12.1  76.5  42.0 1404  17.0  -9.0  -9.0 -9.00  992.8 1008.8 1010.5  736 1006.5 1618  5.8  8.6 14.5 -9.0 -9.00 -9.00   -9   -9.0   -9.0 -9.00   -9.0   -9   -9.0   -9   -9.0   -9   -9.0   -9   -9.0   -9 -99.0 -99.0 -99.0 -99.0 -99.0
20260609 294  1.2  1013   9  3.3 1720  11  6.1 1227  19.6  24.5 1346  15.7 2359  14.7  25.7  12.6  74.6  55.0 1652  16.8  -9.0  -9.0 -9.00 1003.6 1008.8 1010.0 2207 1007.3   17  6.5  8.2 14.4 -9.0 -9.00 -9.00   -9   -9.0   -9.0 -9.00   -9.0   -9   -9.0   -9   -9.0   -9   -9.0   -9   -9.0   -9 -99.0 -99.0 -99.0 -99.0 -99.0
20260609 295  1.3  1127  23  3.2 1540  23  5.7 1552  20.3  25.3 1409  16.5  510  15.0  25.6  13.8  72.1  53.0 1306  17.0  -9.0  -9.0 -9.00 1003.0 1008.3 1009.5 2146 1007.2   21  6.4  8.7 14.5 -9.0 -9.00 -9.00   -9   -9.0   -9.0 -9.00   -9.0   -9   -9.0   -9   -9.0   -9   -9.0   -9   -9.0   -9 -99.0 -99.0 -99.0 -99.0 -99.0
20260609 296  2.0  1722  18  3.8 1554  20  5.8 1838  20.8  26.1 1254  16.7 2400  16.2  22.3  12.3  76.5  52.0 1307  18.4   5.0   3.5 -9.00 1007.1 1007.5 1008.6 2227 1006.2   28  6.0  5.8 14.5 -9.0 19.76  2.82 1200   -9.0   -9.0 -9.00   -9.0   -9   -9.0   -9   -9.0   -9   -9.0   -9   -9.0   -9 -99.0 -99.0 -99.0 -99.0 -99.0
20260610  90  2.0  1689  14  5.2 1749  14  7.6 1748  19.9  23.5  934  16.6  438  14.0  25.1  13.8  69.6  48.0   43  16.1   5.9   4.1 -9.00 1005.5 1007.6 1008.9 2220 1006.5   52  4.1 10.7 14.8 -9.0 23.56  2.91 1400   -9.0   -9.0 -9.00   -9.0   -9   -9.0   -9   -9.0   -9   -9.0   -9   -9.0   -9 -99.0 -99.0 -99.0 -99.0 -99.0
20260610  93  1.3  1111  27  4.6 1625  18  7.1 1505  20.1  27.0 1545  12.9  436  13.6  26.4  11.8  69.6  40.0 1548  15.6   6.3   4.4 -9.00  997.5 1008.5 1010.1 2309 1006.2 1715  3.5 10.3 14.8 -9.0 23.85  3.08 1100    0.0    0.0  0.88    0.0   -9    0.0   -9   -9.0   -9   -9.0   -9   -9.0   -9  22.5  21.2  19.0  14.6  13.0
20260610  95  1.1   961  23  4.6 1826  25  9.1 1818  19.1  25.7 1504  13.2  538  14.1  24.0  11.9  76.1  43.0 1505  16.2   5.9   4.1 -9.00  990.9 1008.9 1010.6 2254 1006.5 1703  2.9  7.9 14.8 -9.0 23.75  3.29 1300    0.6    0.6 -9.00    0.6 1816    0.6 1906   -9.0   -9   -9.0   -9   -9.0   -9 -99.0 -99.0 -99.0 -99.0 -99.0
20260610  98  1.1   992  27  4.0 1825  25  8.3 1845  20.6  27.7 1415  15.1  247  12.6  27.9  12.3  62.4  35.0 1406  14.7   7.4   5.2 -9.00  995.1 1008.5 1010.3 2310 1006.4 1614  2.4  7.9 14.7 -9.0 25.38  3.45 1100   -9.0   -9.0 -9.00   -9.0   -9   -9.0   -9   -9.0   -9   -9.0   -9   -9.0   -9 -99.0 -99.0 -99.0 -99.0 -99.0
20260610  99  1.1   974  27  3.1 1448  27  6.5 1758  19.6  26.8 1508  13.6   55  14.4  27.1  11.6  73.9  45.0 1516  16.4   6.2   4.3 -9.00 1005.7 1009.3 1011.1 2340 1007.6 1615  3.0  8.2 14.8 -9.0 24.62  3.45 1100   -9.0   -9.0 -9.00   -9.0   -9   -9.0   -9   -9.0   -9   -9.0   -9   -9.0   -9 -99.0 -99.0 -99.0 -99.0 -99.0
20260610 100  3.1  2649  27  6.5 1106  27 11.9 1634  15.5  21.8 1529  10.8  621  10.7  19.4   7.9  74.9  48.0 1356  12.9   5.1   3.6 -9.00  921.2 1008.1 1011.1 2249 1005.2 1529  2.3  8.4 14.7 -9.0 22.18  2.97 1000    0.4   -9.0 -9.00    0.4 1623    0.3 1622   -9.0   -9   -9.0   -9   -9.0   -9 -99.0 -99.0 -99.0 -99.0 -99.0
20260610 101  1.6  1384  20  3.9 1415  20  6.0 1403  20.2  26.4 1633  13.2  525  13.1  25.5   9.7  66.6  41.0 1637  15.1   6.4   4.5 -9.00  998.8 1007.6 1009.2 2324 1005.2 1610  3.1  8.6 14.8 -9.0 22.72  3.59 1200   -9.0   -9.0 -9.00   -9.0   -9   -9.0   -9   -9.0   -9   -9.0   -9   -9.0   -9  22.2  19.6  17.6  15.0  15.0
20260610 102  2.7  2360  32  5.3 1547  34  6.8 1445  16.5  18.9 1305  14.1  444  14.6  24.1  12.1  89.3  74.0 1306  16.6   6.2   4.3  8.67 1004.2 1008.5 1010.1 2248 1006.8  303  3.4 10.8 14.8 -9.0 30.18  3.70 1200   -9.0   -9.0 -9.00   -9.0   -9   -9.0   -9   -9.0   -9   -9.0   -9   -9.0   -9 -99.0 -99.0 -99.0 -99.0 -99.0
20260610 104  1.2  1025   5  3.2 1038  11  4.9 1534  19.7  24.8 1021  14.7  359  14.0  23.5  11.3  70.6  46.0 1003  16.0   5.4   3.8 -9.00  997.9 1006.6 1008.2 2323 1005.7   28  4.5  9.1 14.7 -9.0 21.89  2.76 1200    0.0   -9.0  0.17    0.0   -9    0.0   -9   -9.0   -9   -9.0   -9   -9.0   -9  20.9  19.3  17.6  13.9  13.3
20260610 105  1.9  1630  23  3.5   47  25  6.3  620  21.3  25.6 1019  17.9 2257  11.8  25.3  14.6  55.4  39.0 1035  13.9   5.8   4.0 -9.00 1004.4 1007.6 1009.1 2244 1006.6  234  4.3  8.1 14.7 -9.0 19.66  2.56  900   -9.0   -9.0 -9.00   -9.0   -9   -9.0   -9   -9.0   -9   -9.0   -9   -9.0   -9  22.0  20.2  19.1  15.5  14.7
20260610 106  1.8  1533  32  4.0  245  32  7.1  527  20.7  26.2 1022  16.8 2336  13.3  26.2  11.8  64.1  41.0  936  15.4   5.2   3.6 -9.00 1003.3 1008.0 1009.2 2248 1006.6  147  4.5  8.2 14.7 -9.0 20.92  3.15 1000   -9.0   -9.0 -9.00   -9.0   -9   -9.0   -9   -9.0   -9   -9.0   -9   -9.0   -9 -99.0 -99.0 -99.0 -99.0 -99.0
20260610 108  2.5  2174  25  5.1 1557  23  9.2 1421  21.6  26.9 1410  17.9  359  13.8  28.1  11.5  63.4  35.0 1545  15.8   7.7   5.4 -9.00  998.8 1008.7 1010.6 2300 1007.1 1616  3.0  9.8 14.7 -9.0 26.06  3.41 1300    0.6   -9.0  1.08    0.6  420    0.3  438   -9.0   -9   -9.0   -9   -9.0   -9  22.1  20.0  19.0  15.1  13.7
20260610 112  2.7  2321  20  5.1 1521  23  8.1 1543  20.0  23.6 1444  17.4 2327  16.7  24.7  15.0  82.6  66.0 1347  19.1   6.4   4.5 -9.00 1001.0 1009.0 1010.5 2227 1007.8  348  2.0 10.5 14.7 -9.0 28.06  3.56 1200   -9.0   -9.0 -9.00   -9.0   -9   -9.0   -9   -9.0   -9   -9.0   -9   -9.0   -9  20.9  19.7  14.4  17.3  13.6
20260610 114  1.9  1604  29  4.1 1704  29  8.0 1541  21.1  26.9 1606  15.7  625  13.9  25.5  11.5  64.6  36.0 1705  15.9   5.6   4.0 -9.00  991.3 1008.6 1010.5 2324 1006.2 1623  4.0  8.5 14.7 -9.0 21.58  2.28 1200    1.9   -9.0 -9.00    1.9 1347    1.9 1437   -9.0   -9   -9.0   -9   -9.0   -9 -99.0 -99.0 -99.0 -99.0 -99.0
20260610 115  2.7  2355  23  5.2  148  25  8.4  154  20.2  24.4 1255  17.6  322  15.7  25.2  13.9  76.4  53.0 1604  17.9   6.5   4.5 -9.00  982.6 1008.0 1009.6 2151 1007.0  235  2.1 10.1 14.7 -9.0 25.77  3.46 1200   -9.0   -9.0 -9.00   -9.0   -9   -9.0   -9   -9.0   -9   -9.0   -9   -9.0   -9  19.6  17.1  16.1  12.7  13.2
20260610 119  2.4  2073  25  5.5 1611  25  8.8 1557  20.6  26.2 1459  15.9  208  14.1  31.3  12.1  68.6  38.0 1511  16.1   7.2   5.1 -9.00 1004.2 1008.9 1010.7 2305 1007.4 1708  1.8 11.7 14.7 -9.0 27.60  3.55 1200    0.1   -9.0  0.17    0.1   -9    0.1   -9   -9.0   -9   -9.0   -9   -9.0   -9  22.2  19.6  17.5  13.6  12.8
20260610 121  1.4  1197  36  3.8 1613   5  8.2 1610  17.7  25.7 1513  12.5  534  13.9  25.0  10.5  81.0  45.0 1359  15.9   4.8   3.4 -9.00  981.5 1009.3 1011.2  700 1006.9 1521  2.4  7.7 14.7 -9.0 21.32  3.09 1000    6.2   -9.0 -9.00    6.2 1526    4.7 1612   -9.0   -9   -9.0   -9   -9.0   -9 -99.0 -99.0 -99.0 -99.0 -99.0
20260610 127  1.6  1350  20  6.0 1443  20  9.9 1435  20.2  26.8 1407  14.1  233  12.1  23.2  12.6  61.5  40.0 1408  14.1   5.9   4.1 -9.00  995.0 1008.3 1010.0 2310 1006.3 1709  3.9  7.7 14.7 -9.0 22.10  3.25 1100    0.0   -9.0 -9.00    0.0   -9    0.0   -9   -9.0   -9   -9.0   -9   -9.0   -9 -99.0 -99.0 -99.0 -99.0 -99.0
20260610 129  2.4  2089  23  4.9 1309  23  7.4 1301  20.9  25.1 1459  17.1  101  15.7  29.0  12.8  73.8  48.0 1501  17.9   6.4   4.5 -9.00 1006.7 1009.6 1011.1 2332 1008.7  431  2.8  9.1 14.6 -9.0 25.63  3.34 1200    0.0   -9.0 -9.00    0.0   -9    0.0   -9   -9.0   -9   -9.0   -9   -9.0   -9  22.0  19.7  19.8  14.4  14.9
20260610 130  1.6  1380  11  4.5 1112  11  5.4 1157  20.1  24.8  948  16.1  452  14.4  25.5  13.2  71.3  41.0 1603  16.4  -9.0  -9.0 -9.00 1002.4 1008.1 1009.4 2254 1006.9  141  5.3  8.4 14.7 -9.0 -9.00 -9.00   -9    0.0   -9.0 -9.00    0.0   -9    0.0   -9   -9.0   -9   -9.0   -9   -9.0   -9 -99.0 -99.0 -99.0 -99.0 -99.0
20260610 131  1.6  1385  27  3.3 1459  27  8.3 1452  22.7  28.4 1504  18.5  616  10.2  29.7  11.9  46.6  25.0 1807  12.5   6.8   4.7 -9.00 1002.0 1008.7 1010.5 2303 1007.1 1530  5.6  8.9 14.6 -9.0 22.96  3.08 1000    0.0    0.0  0.33    0.0   -9    0.0   -9   -9.0   -9   -9.0   -9   -9.0   -9 -99.0 -99.0 -99.0 -99.0 -99.0
20260610 133  1.8  1596  20  4.1 1025  20  7.7 1357  21.8  27.3 1546  15.9  525  11.0  28.3  12.4  52.3  28.0 1738  13.3   7.0   4.9 -9.00 1001.7 1009.5 1011.2 2400 1008.1 1521  4.0  9.4 14.6 -9.0 25.55  3.12 1000   -9.0   -9.0 -9.00   -9.0   -9   -9.0   -9   -9.0   -9   -9.0   -9   -9.0   -9  24.2  22.4  20.1  16.5  15.8
20260610 135  2.6  2257  29  6.2 1622  27 10.2 1213  19.5  26.2 1413  13.1  236   9.5  25.4  10.5  54.5  30.0 1911  11.9   8.3   5.8 -9.00  980.7 1008.8 1011.0 2400 1006.9 1554  1.9 11.8 14.6 -9.0 27.54  3.50 1100   -9.0   -9.0 -9.00   -9.0   -9   -9.0   -9   -9.0   -9   -9.0   -9   -9.0   -9 -99.0 -99.0 -99.0 -99.0 -99.0
20260610 136  1.5  1299  27  4.5 1310  27  9.2 1224  20.7  27.2 1336  13.8  534  12.6  28.9  11.6  62.5  39.0 1339  14.7   6.5   4.5 -9.00  993.0 1009.3 1010.8 2245 1007.9 1507  2.8  8.7 14.6 -9.0 23.70  3.60 1100   -9.0   -9.0 -9.00   -9.0   -9   -9.0   -9   -9.0   -9   -9.0   -9   -9.0   -9 -99.0 -99.0 -99.0 -99.0 -99.0
20260610 137  1.5  1306  27  4.9 1337  27 11.3 1348  22.3  28.0 1308  16.3  317  10.7  26.8  11.6  48.4  36.0 1348  13.0   7.3   5.1 -9.00  996.8 1007.9 1009.5 2358 1006.3 1539  2.1 10.5 14.6 -9.0 25.88  3.61 1200    0.0   -9.0 -9.00    0.0   -9    0.0   -9   -9.0   -9   -9.0   -9   -9.0   -9 -99.0 -99.0 -99.0 -99.0 -99.0
20260610 138  2.2  1924  29  5.8 1452  29  9.7 1305  23.2  29.2 1428  17.5  523  12.7  25.6  14.0  55.6  25.0 1433  14.9   8.4   5.9 -9.00 1007.1 1007.5 1009.1 2225 1005.6 1545  4.5 10.8 14.6 -9.0 25.31  3.42 1100   -9.0   -9.0 -9.00   -9.0   -9   -9.0   -9   -9.0   -9   -9.0   -9   -9.0   -9  21.1  18.9  17.8  15.8  15.7
20260610 140  2.6  2209  27  5.8 1336  27  7.4 1335  21.0  25.2 1528  14.9  544  14.8  29.3  11.2  69.8  29.0 1802  17.0  -9.0  -9.0 -9.00 1007.4 1010.7 1012.0 2339 1009.5  259  2.1 11.5 14.6 -9.0 -9.00 -9.00   -9   -9.0   -9.0 -9.00   -9.0   -9   -9.0   -9   -9.0   -9   -9.0   -9   -9.0   -9 -99.0 -99.0 -99.0 -99.0 -99.0
20260610 143  2.1  1806  27  5.1 1221  27  8.8 1215  23.4  29.2 1626  16.6  526  10.5  26.9  13.2  48.9  26.0 1518  12.9   8.7   6.1 -9.00 1001.7 1007.9 1009.3 2347 1006.0 1525  2.9 10.8 14.5 -9.0 24.95  3.42 1100   -9.0   -9.0 -9.00   -9.0   -9   -9.0   -9   -9.0   -9   -9.0   -9   -9.0   -9 -99.0 -99.0 -99.0 -99.0 -99.0
20260610 146  2.2  1932  27  4.9 1228  27  8.3 1314  21.6  27.3 1301  15.3  547  12.0  27.9  10.1  57.1  30.0 1706  14.2   7.6   5.3 -9.00 1002.9 1009.9 1011.4 2243 1008.5   59  2.3  9.4 14.5 -9.0 24.38  3.03 1000   -9.0   -9.0 -9.00   -9.0   -9   -9.0   -9   -9.0   -9   -9.0   -9   -9.0   -9 -99.0 -99.0 -99.0 -99.0 -99.0
20260610 152  1.7  1438  23  3.7 2006  25  6.5  922  22.1  28.2 1404  15.3  356  12.6  23.3  11.9  58.5  29.0 1307  14.7   7.4   5.2 -9.00  998.3 1007.7 1009.0 2354 1006.1 1621  3.4 10.3 14.5 -9.0 24.99  3.30 1200   -9.0   -9.0 -9.00   -9.0   -9   -9.0   -9   -9.0   -9   -9.0   -9   -9.0   -9 -99.0 -99.0 -99.0 -99.0 -99.0
20260610 155  1.4  1193  23  4.2 1707  25  7.3 1532  22.6  29.0 1354  15.9  423  14.4  29.9  12.8  62.5  37.0 1337  16.5   7.2   5.0 -9.00 1004.7 1008.7 1010.2 2251 1007.4 1456  2.8 10.9 14.5 -9.0 25.76  3.48 1200   -9.0   -9.0 -9.00   -9.0   -9   -9.0   -9   -9.0   -9   -9.0   -9   -9.0   -9 -99.0 -99.0 -99.0 -99.0 -99.0
20260610 156  1.7  1429  23  4.2 1323  25  8.0 1458  22.2  27.7 1322  15.9  510  10.5  26.3   9.4  51.0  20.0 1701  12.9   7.4   5.2 -9.00 1001.9 1010.0 1011.6 2359 1008.8  234  2.8  9.5 14.5 -9.0 24.43  3.04 1000   -9.0   -9.0 -9.00   -9.0   -9   -9.0   -9   -9.0   -9   -9.0   -9   -9.0   -9 -99.0 -99.0 -99.0 -99.0 -99.0
20260610 159  3.4  2943  23  6.6 1416  29 10.6 1638  23.1  28.6 1234  17.9  407  13.9  26.6  12.6  58.3  36.0 1139  16.0   9.1   6.4 -9.00 1000.2 1008.1 1009.4 2250 1007.0 1533  2.8 10.9 14.5 -9.0 28.91  3.65 1200   -9.0   -9.0 -9.00   -9.0   -9   -9.0   -9   -9.0   -9   -9.0   -9   -9.0   -9  22.0  20.7  19.8  16.2  16.9
20260610 162  1.9  1627  25  5.3 1310  20  7.7 1545  22.0  27.6 1356  15.9  517  14.2  27.9  11.9  64.4  38.0 1303  16.3   7.9   5.5 -9.00 1004.8 1008.4 1009.9 2303 1007.1  331  2.8 10.5 14.5 -9.0 28.59  3.64 1200   -9.0   -9.0 -9.00   -9.0   -9   -9.0   -9   -9.0   -9   -9.0   -9   -9.0   -9 -99.0 -99.0 -99.0 -99.0 -99.0
20260610 165  2.1  1823  32  5.3 1256  34  7.2 1254  21.1  25.4 1303  16.2  406  12.8  24.8  10.7  64.0  29.0 1756  15.1   7.3   5.1 -9.00 1005.4 1010.6 1011.9 2359 1008.9  310  3.3 10.0 14.4 -9.0 26.96  3.56 1200   -9.0   -9.0 -9.00   -9.0   -9   -9.0   -9   -9.0   -9   -9.0   -9   -9.0   -9  22.2  21.1  19.1  16.6  15.1
20260610 168  2.9  2505  23  7.0 1432  27  9.7 1330  22.7  27.6 1302  17.9  542  12.3  27.1  17.0  55.3  27.0 2013  14.6   9.6   6.7 -9.00 1002.0 1009.6 1011.2 2307 1008.1  252  2.6 11.6 14.5 -9.0 28.62  3.67 1200   -9.0   -9.0 -9.00   -9.0   -9   -9.0   -9   -9.0   -9   -9.0   -9   -9.0   -9  23.2  21.1  19.2  16.6  16.6
20260610 169  2.7  2357  20  5.8 2103  23  9.1 2055  20.0  23.9 1423  15.3  517  15.5  25.4  14.0  76.5  43.0  409  17.9   5.6   3.9 -9.00 1001.7 1010.4 1011.6 2308 1008.6  308  3.8 11.3 14.4 -9.0 24.63  3.10 1400   -9.0   -9.0 -9.00   -9.0   -9   -9.0   -9   -9.0   -9   -9.0   -9   -9.0   -9 -99.0 -99.0 -99.0 -99.0 -99.0
20260610 170  2.1  1792  29  4.3 1406  32  8.6 1419  22.1  28.5 1245  15.2  551  10.4  26.4  12.2  50.9  28.0 1557  12.8   8.6   6.0 -9.00 1006.4 1010.5 1012.0 2312 1008.8  311  2.4 11.9 14.4 -9.0 28.74  3.56 1200   -9.0   -9.0 -9.00   -9.0   -9   -9.0   -9   -9.0   -9   -9.0   -9   -9.0   -9 -99.0 -99.0 -99.0 -99.0 -99.0
20260610 172  2.1  1807  29  4.5 1318  29  6.6 1256  20.6  26.8 1507  13.1  538   9.4  24.4   8.0  54.5  22.0 1511  12.0   8.1   5.7 -9.00 1003.8 1009.9 1011.3 2237 1008.7  203  2.4 10.8 14.5 -9.0 26.62  3.16 1000   -9.0   -9.0 -9.00   -9.0   -9   -9.0   -9   -9.0   -9   -9.0   -9   -9.0   -9 -99.0 -99.0 -99.0 -99.0 -99.0
20260610 174  1.4  1246  32  4.1 1303  29  7.9 1431  18.6  27.0 1414  11.4  538  10.3  25.2  10.6  63.6  27.0 1314  12.5  -9.0  -9.0 -9.00  989.4 1008.5 1010.7 2328 1006.9 1443  3.1 10.5 14.5 -9.0 -9.00 -9.00   -9   -9.0   -9.0 -9.00   -9.0   -9   -9.0   -9   -9.0   -9   -9.0   -9   -9.0   -9 -99.0 -99.0 -99.0 -99.0 -99.0
20260610 177  3.0  2629  20  5.8 1039  20  9.7 1334  21.3  25.8 1426  16.8  436  15.6  28.4  14.9  71.4  46.0 1627  17.8   7.4   5.2 -9.00 1005.0 1008.2 1009.7 2353 1007.1 1620  2.3 11.5 14.6 -9.0 28.56  3.41 1100    0.0   -9.0  0.50    0.0   -9    0.0   -9   -9.0   -9   -9.0   -9   -9.0   -9 -99.0 -99.0 -99.0 -99.0 -99.0
20260610 181  2.1  1827  25  5.0 1327  23  9.1 1325  21.2  27.2 1438  15.0  432  11.2  27.8  10.6  54.9  29.0 1731  13.4   6.6   4.6 -9.00 1005.5 1009.3 1011.1 2356 1007.8 1548  5.0  8.5 14.6 -9.0 22.67  2.90 1000   -9.0   -9.0 -9.00   -9.0   -9   -9.0   -9   -9.0   -9   -9.0   -9   -9.0   -9 -99.0 -99.0 -99.0 -99.0 -99.0
20260610 184  2.3  1952  34  3.8 1718  29  5.0 1758  22.0  26.8 1700  17.7  543  10.9  28.9  13.8  51.3  26.0 1633  13.3   8.5   5.9 -9.00 1008.1 1010.5 1011.8 2314 1008.7  129  2.8 11.8 14.3 -9.0 28.59  3.69 1200   -9.0   -9.0 -9.00   -9.0   -9   -9.0   -9   -9.0   -9   -9.0   -9   -9.0   -9  22.9  22.0  21.5  19.2  16.6
20260610 185  3.7  3228  27  6.8 1044  32  9.0 1055  20.6  23.8 1448  18.0  528  15.6  25.7  14.9  75.5  42.0 1152  17.9   7.0   4.9 -9.00 1002.5 1010.7 1012.5 2239 1008.9  244  1.5 12.0 14.3 -9.0 29.91  3.73 1200   -9.0   -9.0 -9.00   -9.0   -9   -9.0   -9   -9.0   -9   -9.0   -9   -9.0   -9 -99.0 -99.0 -99.0 -99.0 -99.0
20260610 188  2.0  1745  18  4.5 1527  34  8.2 1026  21.4  27.6 1336  16.2  413  13.5  23.8  12.6  63.9  28.0 1316  15.7  -9.0  -9.0 -9.00 1008.4 1010.7 1012.5 2244 1009.0  233  1.0 11.2 14.3 -9.0 -9.00 -9.00   -9   -9.0   -9.0 -9.00   -9.0   -9   -9.0   -9   -9.0   -9   -9.0   -9   -9.0   -9 -99.0 -99.0 -99.0 -99.0 -99.0
20260610 189  1.2  1068  23  3.3  933  25  4.7  932  22.9  27.8 1502  17.5  511  13.4  25.1  15.2  56.5  35.0 1508  15.7   7.6   5.3 -9.00 1004.7 1010.7 1012.4 2242 1008.9  259  1.4 11.1 14.3 -9.0 28.92  3.63 1200   -9.0   -9.0 -9.00   -9.0   -9   -9.0   -9   -9.0   -9   -9.0   -9   -9.0   -9 -99.0 -99.0 -99.0 -99.0 -99.0
20260610 192  1.0   825  25  3.5 1629  25  5.9 1623  21.1  28.8 1455  14.6  557  13.4  29.4  13.5  65.8  31.0 1508  15.4   6.8   4.7 -9.00 1005.7 1009.1 1010.7 2333 1007.5 1458  3.0 11.2 14.5 -9.0 25.67  3.51 1200   -9.0   -9.0 -9.00   -9.0   -9   -9.0   -9   -9.0   -9   -9.0   -9   -9.0   -9 -99.0 -99.0 -99.0 -99.0 -99.0
20260610 201  2.3  1990  25  5.2 1608  25  8.1 1605  18.8  23.0 1255  15.8  240  16.4  25.0  12.0  87.3  65.0 1411  18.7  -9.0  -9.0 -9.00 1004.0 1009.5 1011.1 2316 1008.4  358  1.8  9.3 14.7 -9.0 -9.00 -9.00   -9    2.5   -9.0 -9.00    2.5  303    2.4  353   -9.0   -9   -9.0   -9   -9.0   -9 -99.0 -99.0 -99.0 -99.0 -99.0
20260610 202  1.5  1331  25  4.6 1440  23  9.1 1628  21.0  27.5 1427  15.4  619  12.5  29.3  13.0  60.9  33.0 1702  14.5  -9.0  -9.0 -9.00 1003.5 1009.0 1010.6 2358 1007.0 1552  3.9  9.5 14.7 -9.0 -9.00 -9.00   -9    0.3   -9.0 -9.00    0.3  439    0.2   -9   -9.0   -9   -9.0   -9   -9.0   -9 -99.0 -99.0 -99.0 -99.0 -99.0
20260610 203  1.5  1257  23  3.5 1320  25  8.8 1436  21.8  28.5 1308  15.8  604  13.8  29.9  13.7  63.4  37.0 1519  15.9  -9.0  -9.0 -9.00 1000.1 1009.3 1011.2 2319 1007.5 1547  2.4  7.5 14.7 -9.0 -9.00 -9.00   -9   -9.0   -9.0 -9.00   -9.0   -9   -9.0   -9   -9.0   -9   -9.0   -9   -9.0   -9 -99.0 -99.0 -99.0 -99.0 -99.0
20260610 211  1.3  1156  18  3.8 1118  20  8.2 1033  18.6  25.4 1603  12.2  342  12.7  25.7   7.6  72.3  41.0 1608  14.7  -9.0  -9.0 -9.00  984.7 1008.0 1010.2 2344 1005.3 1622  5.1  9.3 14.8 -9.0 -9.00 -9.00   -9   19.3   -9.0 -9.00    9.4 2248    4.1 2048   -9.0   -9   -9.0   -9   -9.0   -9 -99.0 -99.0 -99.0 -99.0 -99.0
20260610 212  1.2  1068  29  3.1 1619  25  7.0 1652  20.0  26.5 1710  13.8  509  11.8  24.7  12.2  62.0  34.0 1638  13.9  -9.0  -9.0 -9.00  992.8 1009.0 1010.6  605 1006.5 1632  4.0  9.3 14.7 -9.0 -9.00 -9.00   -9   -9.0   -9.0 -9.00   -9.0   -9   -9.0   -9   -9.0   -9   -9.0   -9   -9.0   -9 -99.0 -99.0 -99.0 -99.0 -99.0
20260610 216  1.2  1023  32  3.5 1132  29  8.8 1002  17.1  23.0 1312  12.1  401   9.8  20.6  10.4  64.0  39.0 1147  12.1   5.3   3.7 -9.00  927.9 1008.1 1010.5 2203 1006.0 1311  2.5  7.7 14.7 -9.0 20.28  3.12 1000    0.0   -9.0 -9.00    0.0   -9    0.0   -9   -9.0   -9   -9.0   -9   -9.0   -9 -99.0 -99.0 -99.0 -99.0 -99.0
20260610 217  1.4  1179  16  4.5 1654  29  8.1 1336  16.7  25.6 1314  10.4  511  11.2  21.0  10.0  72.8  37.0 1325  13.3  -9.0  -9.0 -9.00  973.2 1009.3 1011.3 2308 1006.4 1723  3.4  7.2 14.7 -9.0 -9.00 -9.00   -9    0.6   -9.0 -9.00    0.3  714    0.3  717   -9.0   -9   -9.0   -9   -9.0   -9 -99.0 -99.0 -99.0 -99.0 -99.0
20260610 221  1.6  1389  20  4.7 1602  20  8.4 1558  18.7  25.4 1506  12.2  512  13.1  26.7   9.7  73.4  41.0 1459  15.1  -9.0  -9.0 -9.00  978.3 1008.8 1010.9 2351 1006.5 1621  3.5  9.7 14.7 -9.0 -9.00 -9.00   -9   -9.0   -9.0 -9.00   -9.0   -9   -9.0   -9   -9.0   -9   -9.0   -9   -9.0   -9 -99.0 -99.0 -99.0 -99.0 -99.0
20260610 226  1.3  1137  27  4.3 1650  23  8.3 1529  19.8  26.2 1507  12.3  526  11.0  26.0   7.0  59.8  36.0 1827  13.2  -9.0  -9.0 -9.00  989.7 1009.5 1011.4 2358 1007.6 1530  3.4  9.8 14.6 -9.0 -9.00 -9.00   -9   -9.0   -9.0 -9.00   -9.0   -9   -9.0   -9   -9.0   -9   -9.0   -9   -9.0   -9 -99.0 -99.0 -99.0 -99.0 -99.0
20260610 232  1.4  1223  25  4.0 1512  29  7.8 1520  20.6  26.5 1210  14.4  452  12.9  27.4  11.7  63.8  42.0 1803  15.0  -9.0  -9.0 -9.00  999.9 1009.7 1011.5 2358 1008.2 1602  3.9  8.7 14.6 -9.0 -9.00 -9.00   -9    0.4   -9.0 -9.00    0.4   -9    0.4 1314   -9.0   -9   -9.0   -9   -9.0   -9 -99.0 -99.0 -99.0 -99.0 -99.0
20260610 235  2.1  1821  20  5.5 1335  23  8.3 1334  20.0  24.0 1518  15.6  316  16.5  26.3  12.0  80.8  67.0    1  19.0   5.5   3.9 -9.00 1008.2 1009.4 1010.6 2341 1008.2  339  2.8  9.7 14.6 -9.0 24.59  3.00 1400   -9.0   -9.0 -9.00   -9.0   -9   -9.0   -9   -9.0   -9   -9.0   -9   -9.0   -9 -99.0 -99.0 -99.0 -99.0 -99.0
20260610 236  1.3  1099  20  3.7 1327  23  7.7 1306  20.1  26.9 1558  13.9  448  13.4  27.9  10.3  68.5  31.0 1624  15.4  -9.0  -9.0 -9.00 1008.5 1010.0 1011.5 2351 1009.0    1  3.0  9.3 14.6 -9.0 -9.00 -9.00   -9   -9.0   -9.0 -9.00   -9.0   -9   -9.0   -9   -9.0   -9   -9.0   -9   -9.0   -9 -99.0 -99.0 -99.0 -99.0 -99.0
20260610 238  1.3  1111  23  4.1 1440  20  7.9 1433  20.3  27.1 1516  13.1  506  10.8  27.7   8.0  58.0  29.0 1652  13.1  -9.0  -9.0 -9.00  989.6 1009.2 1010.9 2333 1007.5 1519  3.4 10.7 14.6 -9.0 -9.00 -9.00   -9    0.0   -9.0 -9.00    0.0   -9    0.0   -9   -9.0   -9   -9.0   -9   -9.0   -9 -99.0 -99.0 -99.0 -99.0 -99.0
20260610 239  1.4  1212  29  3.7 1536  32  7.2 1553  20.6  26.1 1523  15.1  504  11.7  27.9  12.5  58.8  29.0 1705  13.8   6.3   4.4 -9.00  998.5 1008.8 1010.6 2259 1007.2 1557  4.1  9.6 14.6 -9.0 24.43  3.07 1000   -9.0   -9.0 -9.00   -9.0   -9   -9.0   -9   -9.0   -9   -9.0   -9   -9.0   -9 -99.0 -99.0 -99.0 -99.0 -99.0
20260610 243  1.5  1293  27  4.4 1406  29  6.9 1353  21.2  26.3 1217  14.9  525  11.3  26.5  10.2  56.1  32.0 1705  13.5  -9.0  -9.0 -9.00 1008.8 1010.2 1011.4 2216 1009.0   42  2.8  9.7 14.5 -9.0 -9.00 -9.00   -9   -9.0   -9.0 -9.00   -9.0   -9   -9.0   -9   -9.0   -9   -9.0   -9   -9.0   -9 -99.0 -99.0 -99.0 -99.0 -99.0
20260610 244  1.3  1096  34  4.1 1549  32  7.8 1450  18.9  26.3 1336  11.0  511  10.2  23.1   8.1  61.1  31.0 1608  12.5  -9.0  -9.0 -9.00  981.3 1009.8 1011.6 2340 1008.2 1455  3.5 10.4 14.5 -9.0 -9.00 -9.00   -9   -9.0   -9.0 -9.00   -9.0   -9   -9.0   -9   -9.0   -9   -9.0   -9   -9.0   -9 -99.0 -99.0 -99.0 -99.0 -99.0
20260610 245  1.8  1592  27  4.1 1252  29  7.0 1200  21.0  27.4 1503  13.3  521  10.1  27.7   8.8  52.5  24.0 1631  12.4   7.1   5.0 -9.00 1002.2 1010.1 1011.5 2242 1008.8  120  2.9  9.4 14.5 -9.0 24.15  3.15 1100   -9.0   -9.0 -9.00   -9.0   -9   -9.0   -9   -9.0   -9   -9.0   -9   -9.0   -9 -99.0 -99.0 -99.0 -99.0 -99.0
20260610 247  1.6  1369  32  4.1 1459  34  6.9 1502  20.2  27.5 1417  12.9  522  11.5  23.6  11.5  61.5  32.0 1419  13.6  -9.0  -9.0 -9.00  994.2 1009.7 1011.2 2250 1008.1 1445  3.9  9.1 14.5 -9.0 -9.00 -9.00   -9   -9.0   -9.0 -9.00   -9.0   -9   -9.0   -9   -9.0   -9   -9.0   -9   -9.0   -9 -99.0 -99.0 -99.0 -99.0 -99.0
20260610 248  1.2  1009  25  4.1 1612  34  8.0 1442  17.9  25.4 1342  10.4  531  10.2  23.5   7.3  65.4  32.0 1631  12.5  -9.0  -9.0 -9.00  963.5 1010.1 1012.2 2257 1008.0 1505  3.4 11.1 14.5 -9.0 -9.00 -9.00   -9   -9.0   -9.0 -9.00   -9.0   -9   -9.0   -9   -9.0   -9   -9.0   -9   -9.0   -9 -99.0 -99.0 -99.0 -99.0 -99.0
20260610 251 -9.0    -9  29  4.1 1251  34  6.8 1301 -99.0  26.8 1513  12.6  523 -99.0 -99.0   9.1  -9.0  27.0 1518  -9.0   5.9   4.1 -9.00   -9.0   -9.0 1011.6 2245 1008.9 1756  2.4 -9.0 14.5 -9.0 -9.00  2.87 1000   -9.0   -9.0 -9.00   -9.0   -9   -9.0   -9   -9.0   -9   -9.0   -9   -9.0   -9 -99.0 -99.0 -99.0 -99.0 -99.0
20260610 252  1.3  1095  23  3.7 1245  23  6.0 1239  20.4  26.6 1316  13.1  510  11.0  24.0   9.1  59.4  26.0 1624  13.3   7.1   4.9 -9.00 1005.9 1010.2 1011.4 2232 1008.8  202  2.5  9.6 14.5 -9.0 25.95  3.12 1200   -9.0   -9.0 -9.00   -9.0   -9   -9.0   -9   -9.0   -9   -9.0   -9   -9.0   -9 -99.0 -99.0 -99.0 -99.0 -99.0
20260610 253  1.6  1367  29  5.1 1455  32  8.5 1506  23.1  29.8 1418  15.9  521  14.1  26.4  13.6  60.8  31.0 1349  16.2   7.8   5.5 -9.00 1003.0 1009.3 1010.7 2339 1007.7 1527  3.4 10.4 14.5 -9.0 26.42  3.51 1200   -9.0   -9.0 -9.00   -9.0   -9   -9.0   -9   -9.0   -9   -9.0   -9   -9.0   -9 -99.0 -99.0 -99.0 -99.0 -99.0
20260610 254  1.8  1528  32  5.6 1451  32  8.2 1445  19.8  27.3 1337  11.8  539   8.6  26.1   9.3  53.4  25.0 1725  11.2   7.6   5.3 -9.00  995.4 1010.4 1011.9 2259 1008.9 1439  3.3  9.8 14.5 -9.0 25.15  3.19 1000   -9.0   -9.0 -9.00   -9.0   -9   -9.0   -9   -9.0   -9   -9.0   -9   -9.0   -9 -99.0 -99.0 -99.0 -99.0 -99.0
20260610 255  1.0   866  27  3.8 1349  27  8.5 1345  23.2  30.2 1501  16.3  523  14.2  25.1  12.2  59.8  30.0 1338  16.2   7.0   4.9 -9.00 1002.6 1008.5 1010.0 2400 1006.5 1531  2.9 11.3 14.5 -9.0 24.97  3.35 1200   -9.0   -9.0 -9.00   -9.0   -9   -9.0   -9   -9.0   -9   -9.0   -9   -9.0   -9 -99.0 -99.0 -99.0 -99.0 -99.0
20260610 257  1.8  1566  20  4.5 1533  20  9.1 1529  23.1  31.3 1422  16.1  435  14.7  27.7  13.1  64.0  31.0 1333  16.8   7.9   5.6 -9.00 1007.7 1008.4 1010.0 2345 1006.7 1528  3.0  9.1 14.5 -9.0 26.39  3.44 1200   -9.0   -9.0 -9.00   -9.0   -9   -9.0   -9   -9.0   -9   -9.0   -9   -9.0   -9 -99.0 -99.0 -99.0 -99.0 -99.0
20260610 258  2.9  2517  34  5.8 1439  34  8.4 1430  22.0  28.6 1407  15.1  508  12.2  23.3  13.0  57.3  28.0 1315  14.2   8.7   6.1 -9.00 1010.0 1010.2 1011.9 2307 1008.8  213  3.3 12.0 14.5 -9.0 28.03  3.57 1200   -9.0   -9.0 -9.00   -9.0   -9   -9.0   -9   -9.0   -9   -9.0   -9   -9.0   -9 -99.0 -99.0 -99.0 -99.0 -99.0
20260610 259  1.3  1149  29  3.8 1528  32  7.1 1525  21.2  28.7 1324  13.2  520  11.0  24.9  10.9  57.8  27.0 1434  13.2   7.5   5.2 -9.00 1008.3 1010.1 1011.8 2306 1008.8  301  2.4 11.3 14.4 -9.0 26.57  3.28 1100   -9.0   -9.0 -9.00   -9.0   -9   -9.0   -9   -9.0   -9   -9.0   -9   -9.0   -9 -99.0 -99.0 -99.0 -99.0 -99.0
20260610 260  1.4  1231   2  4.5 1534   2  7.4 1533  20.5  28.1 1416  13.4  431  11.9  27.3   9.2  63.0  27.0 1244  14.0  -9.0  -9.0 -9.00 1005.0 1010.1 1011.9 2304 1008.9  302  2.8 11.7 14.4 -9.0 -9.00 -9.00   -9   -9.0   -9.0 -9.00   -9.0   -9   -9.0   -9   -9.0   -9   -9.0   -9   -9.0   -9 -99.0 -99.0 -99.0 -99.0 -99.0
20260610 261  1.7  1498  23  6.9 1351  23 10.6 1347  20.1  27.0 1244  12.9  517  12.7  25.8   9.2  66.4  32.0 1251  14.7  -9.0  -9.0 -9.00 1008.8 1010.8 1012.4 2311 1009.4  330  2.4 11.9 14.4 -9.0 -9.00 -9.00   -9   -9.0   -9.0 -9.00   -9.0   -9   -9.0   -9   -9.0   -9   -9.0   -9   -9.0   -9 -99.0 -99.0 -99.0 -99.0 -99.0
20260610 262  1.6  1352  27  4.4 1413  29  8.2 1504  20.6  28.3 1329  12.8  532  11.6  25.2  14.6  62.1  27.0 1458  13.7   7.4   5.2 -9.00 1003.9 1009.9 1011.5 2307 1008.4  233  3.1 11.4 14.4 -9.0 25.73  3.07 1100   -9.0   -9.0 -9.00   -9.0   -9   -9.0   -9   -9.0   -9   -9.0   -9   -9.0   -9 -99.0 -99.0 -99.0 -99.0 -99.0
20260610 263  1.5  1322  32  5.2 1457  34  9.0 1457  21.4  28.9 1402  14.5  457  14.1  26.4  12.0  67.9  33.0 1403  16.2   7.3   5.1 -9.00 1007.3 1008.9 1010.5 2358 1007.4 1504  3.5  8.7 14.5 -9.0 26.20  3.68 1200   -9.0   -9.0 -9.00   -9.0   -9   -9.0   -9   -9.0   -9   -9.0   -9   -9.0   -9 -99.0 -99.0 -99.0 -99.0 -99.0
20260610 264  1.6  1382  29  5.3 1214  29 10.3 1208  19.6  27.4 1356  12.1  521  11.9  22.7  10.9  65.8  32.0 1354  13.9   7.6   5.3 -9.00  992.0 1009.6 1011.6 2351 1007.9 1453  2.9 10.6 14.5 -9.0 27.26  3.48 1100   -9.0   -9.0 -9.00   -9.0   -9   -9.0   -9   -9.0   -9   -9.0   -9   -9.0   -9 -99.0 -99.0 -99.0 -99.0 -99.0
20260610 266  1.3  1155  27  3.6 1327  27  7.0 1620  22.2  28.9 1451  15.9  537  12.7  30.9  13.0  60.0  28.0 1510  15.0   7.8   5.4 -9.00  999.6 1009.7 1011.5 2347 1008.3  245  2.3 11.3 14.5 -9.0 27.50  3.54 1200   -9.0   -9.0 -9.00   -9.0   -9   -9.0   -9   -9.0   -9   -9.0   -9   -9.0   -9 -99.0 -99.0 -99.0 -99.0 -99.0
20260610 268  1.2  1010  32  3.0 1439  32  6.6 1419  19.2  25.9 1201  11.7  512  10.6  23.0  12.1  63.3  30.0 1102  12.9  -9.0  -9.0 -9.00 1008.4 1009.6 1011.0 2251 1008.1  301  2.1 12.8 14.4 -9.0 -9.00 -9.00   -9   -9.0   -9.0 -9.00   -9.0   -9   -9.0   -9   -9.0   -9   -9.0   -9   -9.0   -9 -99.0 -99.0 -99.0 -99.0 -99.0
20260610 271  1.3  1161  29  4.5 1428  23  8.5 1426  17.8  26.6 1503   9.9  507  11.5  25.2   6.8  71.8  31.0 1511  13.6  -9.0  -9.0 -9.00  971.6 1009.0 1011.2 2258 1006.4 1501  1.8  8.5 14.7 -9.0 -9.00 -9.00   -9    0.3   -9.0 -9.00    0.3 1558    0.3 1620   -9.0   -9   -9.0   -9   -9.0   -9 -99.0 -99.0 -99.0 -99.0 -99.0
20260610 272  2.6  2278  32  6.4 1315  32 10.4 1142  19.6  25.8 1335  12.4  310  12.5  24.5   9.9  66.4  41.0 1342  14.6  -9.0  -9.0 -9.00  984.2 1008.5 1010.3 2331 1007.0 1354  3.3  9.6 14.7 -9.0 -9.00 -9.00   -9    0.0   -9.0 -9.00    0.0   -9    0.0   -9   -9.0   -9   -9.0   -9   -9.0   -9 -99.0 -99.0 -99.0 -99.0 -99.0
20260610 273  1.5  1326  32  4.4 1539  32  7.7 1539  20.2  26.5 1249  14.9  523  11.8  26.1  10.4  59.8  40.0 1141  13.9  -9.0  -9.0 -9.00  988.2 1008.2 1010.0 2400 1006.7 1735  2.9  8.7 14.6 -9.0 -9.00 -9.00   -9    0.0   -9.0 -9.00    0.0   -9    0.0   -9   -9.0   -9   -9.0   -9   -9.0   -9 -99.0 -99.0 -99.0 -99.0 -99.0
20260610 276  1.6  1399  27  4.6 1126  29  8.6 1418  19.5  26.5 1425  13.4  556  12.0  28.0  10.1  67.0  34.0 1434  14.1   6.0   4.2 -9.00  984.1 1008.1 1010.2 2342 1006.1 1541  2.8  6.9 14.6 -9.0 19.91  3.14 1000    0.0   -9.0 -9.00    0.0   -9    0.0   -9   -9.0   -9   -9.0   -9   -9.0   -9 -99.0 -99.0 -99.0 -99.0 -99.0
20260610 277  2.7  2313  29  6.1 1056  29 10.5 1055  20.7  29.3 1246  14.2  441  13.3  28.1  12.3  66.1  33.0 1321  15.4  -9.0  -9.0 -9.00 1003.2 1007.9 1009.3 2157 1006.7 1346  3.5  9.5 14.6 -9.0 -9.00 -9.00   -9   -9.0   -9.0 -9.00   -9.0   -9   -9.0   -9   -9.0   -9   -9.0   -9   -9.0   -9 -99.0 -99.0 -99.0 -99.0 -99.0
20260610 278  1.5  1256  29  5.0 1456  32  9.0 1453  20.6  29.1 1329  12.3  512  12.2  27.3   7.9  63.3  32.0 1330  14.2  -9.0  -9.0 -9.00  998.3 1007.8 1009.4 2350 1006.0 1511  2.8 11.0 14.6 -9.0 -9.00 -9.00   -9   -9.0   -9.0 -9.00   -9.0   -9   -9.0   -9   -9.0   -9   -9.0   -9   -9.0   -9 -99.0 -99.0 -99.0 -99.0 -99.0
20260610 279  1.5  1273  27  4.0 1256  27  8.0 1214  22.7  29.7 1534  15.6  514  10.0  29.8  11.4  47.1  28.0 1808  12.3   8.2   5.8 -9.00 1002.8 1008.4 1010.1 2346 1006.5 1527  1.9 11.6 14.6 -9.0 25.95  3.10 1100   -9.0   -9.0 -9.00   -9.0   -9   -9.0   -9   -9.0   -9   -9.0   -9   -9.0   -9 -99.0 -99.0 -99.0 -99.0 -99.0
20260610 281  1.6  1356  27  4.3 1245  32  8.0 1409  21.5  29.0 1413  13.8  530  12.1  29.2   9.5  60.6  30.0 1414  14.2  -9.0  -9.0 -9.00  997.7 1008.8 1010.3 2351 1006.8 1533  3.9 10.6 14.6 -9.0 -9.00 -9.00   -9   -9.0   -9.0 -9.00   -9.0   -9   -9.0   -9   -9.0   -9   -9.0   -9   -9.0   -9 -99.0 -99.0 -99.0 -99.0 -99.0
20260610 283  2.1  1851  29  4.7 1052  34  9.2 1159  22.2  29.1 1617  14.7  516  13.5  25.7  10.4  63.1  34.0 1238  15.5   7.7   5.4 -9.00 1003.9 1008.5 1010.0 2234 1006.8 1621  3.6 10.1 14.5 -9.0 24.75  3.52 1100   -9.0   -9.0 -9.00   -9.0   -9   -9.0   -9   -9.0   -9   -9.0   -9   -9.0   -9 -99.0 -99.0 -99.0 -99.0 -99.0
20260610 284  1.9  1684  32  6.2 1202  29 10.0 1159  19.7  27.5 1545  12.6  533  11.9  25.3   9.7  65.5  37.0 1153  14.0   7.8   5.5 -9.00  982.0 1008.3 1010.4 2356 1006.1 1506  2.5 11.8 14.5 -9.0 27.10  3.55 1100   -9.0   -9.0 -9.00   -9.0   -9   -9.0   -9   -9.0   -9   -9.0   -9   -9.0   -9 -99.0 -99.0 -99.0 -99.0 -99.0
20260610 285  1.0   868  25  2.9 1820  27  6.1 1323  21.9  29.1 1329  15.1  600  13.5  26.5  14.1  64.0  31.0 1335  15.5  -9.0  -9.0 -9.00 1005.9 1009.0 1010.4  750 1007.5 1501  4.3  9.0 14.5 -9.0 -9.00 -9.00   -9   -9.0   -9.0 -9.00   -9.0   -9   -9.0   -9   -9.0   -9   -9.0   -9   -9.0   -9 -99.0 -99.0 -99.0 -99.0 -99.0
20260610 288  1.5  1295  29  4.2 1649  32  8.5 1647  22.6  30.1 1611  15.4  519  14.1  27.3  15.1  63.5  31.0 1617  16.2   7.8   5.5 -9.00 1006.3 1007.2 1008.8 2359 1005.4 1516  3.0 10.7 14.5 -9.0 26.90  3.35 1200   -9.0   -9.0 -9.00   -9.0   -9   -9.0   -9   -9.0   -9   -9.0   -9   -9.0   -9 -99.0 -99.0 -99.0 -99.0 -99.0
20260610 289  1.8  1529  27  5.8 1235  27  9.9 1221  20.5  27.7 1437  13.6  559  12.3  25.2  12.0  64.3  33.0 1213  14.4  -9.0  -9.0 -9.00  994.0 1010.0 1011.7 2347 1008.5 1435  3.0 11.0 14.5 -9.0 -9.00 -9.00   -9   -9.0   -9.0 -9.00   -9.0   -9   -9.0   -9   -9.0   -9   -9.0   -9   -9.0   -9 -99.0 -99.0 -99.0 -99.0 -99.0
20260610 294  1.5  1329  20  4.4 1606  16  8.7 1602  21.6  27.6 1237  14.9  507  13.6  30.1  11.1  62.5  38.0 1106  15.6  -9.0  -9.0 -9.00 1004.5 1009.7 1011.0 2256 1008.1  330  2.3 11.5 14.5 -9.0 -9.00 -9.00   -9   -9.0   -9.0 -9.00   -9.0   -9   -9.0   -9   -9.0   -9   -9.0   -9   -9.0   -9 -99.0 -99.0 -99.0 -99.0 -99.0
20260610 295  1.5  1309  29  4.3 1306  27  6.5 1303  22.3  28.5 1254  16.0  523  12.7  27.6  12.3  58.4  26.0 1258  14.9  -9.0  -9.0 -9.00 1004.1 1009.4 1011.0 2351 1007.9  318  2.1 10.5 14.5 -9.0 -9.00 -9.00   -9   -9.0   -9.0 -9.00   -9.0   -9   -9.0   -9   -9.0   -9   -9.0   -9   -9.0   -9 -99.0 -99.0 -99.0 -99.0 -99.0
20260610 296  1.7  1486  18  6.0 1535  16 10.0 1441  21.9  30.0 1403  14.5  512  15.6  24.2   9.8  70.3  32.0 1419  17.7   7.2   5.1 -9.00 1007.6 1007.9 1009.4 2310 1006.3 1528  3.0  9.5 14.5 -9.0 25.72  3.22 1100   -9.0   -9.0 -9.00   -9.0   -9   -9.0   -9   -9.0   -9   -9.0   -9   -9.0   -9 -99.0 -99.0 -99.0 -99.0 -99.0
20260611  90  1.9  1652  36  4.3 1439  20  7.8 1318  19.9  23.2 1203  17.0  416  15.6  22.6  14.5  76.6  58.0  954  17.7   5.7   4.0 -9.00 1007.2 1009.2 1010.3 2302 1008.0 1824  3.8  8.9 14.8 -9.0 22.63  3.53 1100   14.9   -9.0 -9.00    7.8 1303    7.4 1317   -9.0   -9   -9.0   -9   -9.0   -9 -99.0 -99.0 -99.0 -99.0 -99.0
20260611  93  0.9   775  25  4.3 1535  25  6.7 1528  19.7  26.5 1433  13.7  547  14.4  25.5  12.5  75.1  39.0 1442  16.5   4.9   3.5 -9.00  999.7 1010.9 1013.4 2400 1008.7 1435  4.9  8.7 14.8 -9.0 21.19  3.15 1000    1.0    1.0  3.08    0.6 2003    0.4 1240   -9.0   -9   -9.0   -9   -9.0   -9  22.6  21.2  19.0  14.8  13.0
20260611  95  1.4  1195  25  5.1 2026  25 10.8 1522  18.3  24.8 1348  13.0  505  14.6  20.9   9.6  82.4  47.0 1348  16.7   5.6   3.9 -9.00  993.3 1011.4 1013.6 2328 1009.6 1737  3.3  9.9 14.8 -9.0 24.12  3.40 1200   13.1   13.1 -9.00   11.2 1921    9.9 2011   -9.0   -9   -9.0   -9   -9.0   -9 -99.0 -99.0 -99.0 -99.0 -99.0
20260611  98  1.2  1070  25  3.7 1612  27  7.7 1349  20.2  27.2 1300  13.8  445  12.9  27.4   9.6  65.1  38.0 1253  14.9   6.2   4.3 -9.00  997.5 1010.9 1013.1 2351 1009.2 1449  3.3  9.9 14.8 -9.0 24.53  3.13 1200    0.0   -9.0 -9.00    0.0   -9    0.0   -9   -9.0   -9   -9.0   -9   -9.0   -9 -99.0 -99.0 -99.0 -99.0 -99.0
20260611  99  1.3  1098  27  3.3 1632  29  7.8 1624  19.0  27.0 1346  12.8  455  14.8  24.2  10.1  79.0  47.0 1348  16.9   5.6   3.9 -9.00 1008.3 1011.9 1013.8 2357 1010.6 1440  2.5  8.4 14.8 -9.0 22.93  3.21 1100   -9.0   -9.0 -9.00   -9.0   -9   -9.0   -9   -9.0   -9   -9.0   -9   -9.0   -9 -99.0 -99.0 -99.0 -99.0 -99.0
20260611 100  2.5  2125  27  5.6 1137  25  9.7 1135  14.6  22.1 1240   9.1  503  11.2  17.2   5.5  82.1  45.0 1243  13.4   5.2   3.6 -9.00  923.0 1010.5 1013.3 2354 1007.4 1431  3.5  9.1 14.7 -9.0 22.94  3.67 1100    0.3   -9.0 -9.00    0.3 1300    0.3 1350   -9.0   -9   -9.0   -9   -9.0   -9 -99.0 -99.0 -99.0 -99.0 -99.0
20260611 101  1.4  1235  20  4.9 1556  25  8.2 1513  20.0  26.2 1308  14.1  535  14.2  24.5  10.4  72.4  42.0 1434  16.2   5.4   3.8 -9.00 1001.0 1009.9 1012.4 2358 1007.7 1408  4.6  8.6 14.8 -9.0 21.52  3.50 1100    0.6    0.6 -9.00    0.6 1955    0.4 2045   -9.0   -9   -9.0   -9   -9.0   -9  22.3  19.6  17.6  15.0  15.1
20260611 102  4.0  3453  29  6.8 1012  32  9.3 1003  19.1  22.8 1552  16.2  240  14.3  25.7  11.8  75.4  43.0 1643  16.4   6.9   4.8 -9.00 1006.5 1010.7 1012.3 2359 1009.2  553  0.9 14.0 14.8 -9.0 30.36  3.54 1200   -9.0   -9.0 -9.00   -9.0   -9   -9.0   -9   -9.0   -9   -9.0   -9   -9.0   -9 -99.0 -99.0 -99.0 -99.0 -99.0
20260611 104  1.7  1442  18  4.6 1504  36  9.4 1459  20.3  25.6 1255  15.8   30  14.5  22.3  12.0  70.6  47.0  921  16.6   5.8   4.1 -9.00  999.6 1008.3 1009.7 1506 1007.3  307  3.4  9.0 14.7 -9.0 23.20  3.62 1200    8.2    8.2  2.17    8.2 1430    7.4 1514   -9.0   -9   -9.0   -9   -9.0   -9  21.1  19.3  17.7  14.0  13.3
20260611 105  2.0  1715  32  4.9 1513  23  8.4 1508  21.1  25.4  939  17.7 1528  13.0  23.5  13.1  60.5  43.0  940  15.0   5.3   3.7 -9.00 1006.1 1009.3 1011.4 1518 1008.3  313  3.0  7.0 14.7 -9.0 16.95  2.58  900   10.5   -9.0 -9.00    8.3 1434    8.3 1524   -9.0   -9   -9.0   -9   -9.0   -9  22.1  20.2  19.2  15.5  14.7
20260611 106  1.9  1623  36  4.2 1602   2  8.3 1601  20.0  25.5 1417  16.1  318  14.6  28.6  10.9  72.4  46.0  849  16.7   6.2   4.3 -9.00 1005.0 1009.7 1011.1 2150 1008.5  332  3.4  9.1 14.7 -9.0 22.54  3.23 1000    5.6   -9.0 -9.00    5.6 1607    5.0 1617   -9.0   -9   -9.0   -9   -9.0   -9 -99.0 -99.0 -99.0 -99.0 -99.0
20260611 108  2.5  2163  27  5.7 1647  20 10.6 1446  21.0  26.7 1425  16.2  549  13.8  28.6  10.3  65.4  42.0 1619  15.8   7.5   5.2 -9.00 1001.3 1011.2 1013.4 2339 1009.9 1449  2.3 11.0 14.7 -9.0 26.56  3.28 1300   -9.0   -9.0 -9.00   -9.0   -9   -9.0   -9   -9.0   -9   -9.0   -9   -9.0   -9  22.3  20.1  19.1  15.2  13.7
20260611 112  2.6  2277  23  5.5 1424  23  8.6 1423  19.4  23.4 1238  16.1  505  15.7  24.4  12.4  80.5  56.0 1157  17.8   6.0   4.2 -9.00 1003.5 1011.5 1013.4 2220 1010.1   54  1.6 12.0 14.7 -9.0 27.26  3.57 1200   -9.0   -9.0 -9.00   -9.0   -9   -9.0   -9   -9.0   -9   -9.0   -9   -9.0   -9  21.2  19.7  14.5  17.4  13.6
20260611 114  1.6  1359   2  4.5 1807   2  9.8 1802  19.7  25.9 1336  16.1 2328  14.1  25.1  13.3  72.1  44.0 1242  16.1   5.8   4.1 -9.00  993.7 1011.1 1013.7 2308 1008.9 1612  4.1  6.8 14.7 -9.0 22.83  3.54 1200    2.2   -9.0 -9.00    1.9 1618    1.9 1708   -9.0   -9   -9.0   -9   -9.0   -9 -99.0 -99.0 -99.0 -99.0 -99.0
20260611 115  2.5  2126  25  7.5 2129  27 11.3 2127  21.3  24.8 1034  18.0    7  16.4  28.4  12.3  74.4  55.0 2327  18.9   7.1   5.0 -9.00  984.1 1009.4 1010.7 2242 1008.4  326  1.4 12.3 14.7 -9.0 26.97  3.46 1200   -9.0   -9.0 -9.00   -9.0   -9   -9.0   -9   -9.0   -9   -9.0   -9   -9.0   -9  19.8  17.2  16.2  12.7  13.2
20260611 119  2.2  1903  25  5.3 1343  29  9.2 1720  19.4  25.4 1409  14.5  526  12.9  31.0  11.3  68.5  42.0 1314  14.9   7.3   5.1 -9.00 1006.9 1011.5 1013.6 2308 1010.2 1448  0.8 11.4 14.7 -9.0 28.13  3.35 1200   -9.0   -9.0 -9.00   -9.0   -9   -9.0   -9   -9.0   -9   -9.0   -9   -9.0   -9  22.2  19.7  17.6  13.6  12.8
20260611 121  1.2  1079  25  3.8 1320  20  7.5 1617  18.5  26.2 1418  13.8  502  14.3  24.8  12.1  79.9  41.0 1453  16.3   5.6   3.9 -9.00  983.6 1011.4 1014.3 2349 1008.5 1437  3.9  7.3 14.7 -9.0 23.00  3.25 1100    0.8   -9.0 -9.00    0.7 1828    0.4 1858   -9.0   -9   -9.0   -9   -9.0   -9 -99.0 -99.0 -99.0 -99.0 -99.0
20260611 127  1.6  1407  25  4.7 1801  25  7.8 1752  20.0  26.3 1547  14.6  217  11.7  25.4  12.3  62.0  40.0 1351  13.8   6.4   4.5 -9.00  997.3 1010.6 1013.0 2348 1008.5 1603  3.1  6.6 14.7 -9.0 22.07  3.09 1300    0.0   -9.0 -9.00    0.0   -9    0.0   -9   -9.0   -9   -9.0   -9   -9.0   -9 -99.0 -99.0 -99.0 -99.0 -99.0
20260611 129  2.1  1844  25  5.3 1454  23  9.7 1544  20.0  25.0 1520  14.8  530  14.3  28.6   9.7  73.0  38.0 1758  16.4   6.9   4.9 -9.00 1009.3 1012.3 1014.4 2323 1010.6  133  2.1 12.3 14.6 -9.0 26.51  3.14 1400   -9.0   -9.0 -9.00   -9.0   -9   -9.0   -9   -9.0   -9   -9.0   -9   -9.0   -9  22.3  19.8  19.9  14.5  14.9
20260611 130  1.6  1412  29  3.7 1802  27  8.6 1755  18.9  23.9  933  14.2  506  14.3  26.8  11.4  77.1  42.0  924  16.5  -9.0  -9.0 -9.00 1004.5 1010.2 1011.7 1758 1008.8  351  3.9  8.8 14.7 -9.0 -9.00 -9.00   -9   10.0   -9.0 -9.00   10.0 1747    5.7 1805   -9.0   -9   -9.0   -9   -9.0   -9 -99.0 -99.0 -99.0 -99.0 -99.0
20260611 131  1.6  1390  27  3.5 1731  27  7.4 1641  21.9  27.6 1532  17.6  452  12.2  28.6  14.3  55.8  35.0 1533  14.3   7.4   5.2 -9.00 1004.4 1011.2 1013.5 2323 1009.3 1615  3.5 10.6 14.6 -9.0 26.06  2.79 1200   -9.0   -9.0 -9.00   -9.0   -9   -9.0   -9   -9.0   -9   -9.0   -9   -9.0   -9 -99.0 -99.0 -99.0 -99.0 -99.0
20260611 133  2.1  1816  32  4.7 1119  32  8.9 1217  21.2  27.4 1355  15.7  517  13.3  27.4  13.7  63.1  37.0 1044  15.4   7.3   5.1 -9.00 1003.9 1011.8 1014.4 2347 1010.2 1640  2.1 11.0 14.6 -9.0 25.89  3.46 1100   -9.0   -9.0 -9.00   -9.0   -9   -9.0   -9   -9.0   -9   -9.0   -9   -9.0   -9  24.3  22.4  20.2  16.6  15.9
20260611 135  3.1  2701  27  6.1  201  29 10.6 1325  20.0  25.7 1343  13.4    2  11.4  26.9  11.4  59.9  34.0 1305  13.6   8.1   5.7 -9.00  982.7 1010.9 1013.4 2315 1008.9 1710  1.9 10.2 14.6 -9.0 27.30  3.57 1200    0.2   -9.0 -9.00    0.2   -9    0.2   -9   -9.0   -9   -9.0   -9   -9.0   -9 -99.0 -99.0 -99.0 -99.0 -99.0
20260611 136  1.8  1521  29  4.7 1300  29  9.0 1227  21.1  27.4 1251  13.3  530  11.8  31.5  10.8  58.0  32.0 1549  13.9   8.3   5.8 -9.00  995.0 1011.3 1013.3 2309 1009.2 1603  1.9 11.5 14.6 -9.0 28.85  3.69 1200   -9.0   -9.0 -9.00   -9.0   -9   -9.0   -9   -9.0   -9   -9.0   -9   -9.0   -9 -99.0 -99.0 -99.0 -99.0 -99.0
20260611 137  1.6  1378  25  3.4 1521  25  8.2 1529  21.6  27.9 1422  15.0  532  12.7  26.3  11.6  58.8  36.0 1346  14.7   7.1   5.0 -9.00  998.9 1010.1 1012.3 2325 1008.2 1646  2.3 10.1 14.6 -9.0 24.95  3.05 1000   -9.0   -9.0 -9.00   -9.0   -9   -9.0   -9   -9.0   -9   -9.0   -9   -9.0   -9 -99.0 -99.0 -99.0 -99.0 -99.0
20260611 138  2.2  1864  11  6.4 1446  11  9.0 1416  22.4  27.4 1306  17.2  418  11.7  26.3  11.8  52.0  38.0 1303  13.9   7.7   5.4 -9.00 1008.9 1009.4 1011.6 2320 1007.6 1625  1.1 10.7 14.6 -9.0 24.59  3.21 1000   -9.0   -9.0 -9.00   -9.0   -9   -9.0   -9   -9.0   -9   -9.0   -9   -9.0   -9  21.2  19.0  17.9  15.8  15.7
20260611 140  2.7  2362  29  5.8 1244  32  8.7 1600  20.2  23.6 1419  17.2  537  15.9  29.9  12.6  77.4  54.0 1124  18.0  -9.0  -9.0 -9.00 1010.0 1013.2 1015.3 2209 1011.4  257  1.8 13.3 14.6 -9.0 -9.00 -9.00   -9   -9.0   -9.0 -9.00   -9.0   -9   -9.0   -9   -9.0   -9   -9.0   -9   -9.0   -9 -99.0 -99.0 -99.0 -99.0 -99.0
20260611 143  2.4  2051  29  5.1 1509  27  7.5 1351  23.1  28.7 1537  15.9  519   9.7  27.7  11.9  45.0  25.0 1529  12.1  10.0   7.0 -9.00 1003.6 1009.9 1012.1 2313 1007.7 1554  1.1 12.4 14.6 -9.0 28.55  3.50 1200   -9.0   -9.0 -9.00   -9.0   -9   -9.0   -9   -9.0   -9   -9.0   -9   -9.0   -9 -99.0 -99.0 -99.0 -99.0 -99.0
20260611 146  2.6  2235  27  5.7 1654  29  9.9 1552  21.2  26.4 1459  16.9  519  13.7  26.7  12.3  64.3  36.0 1209  15.8   7.9   5.6 -9.00 1005.1 1012.1 1014.6 2213 1010.6  347  1.1 11.9 14.6 -9.0 27.62  3.67 1200   -9.0   -9.0 -9.00   -9.0   -9   -9.0   -9   -9.0   -9   -9.0   -9   -9.0   -9 -99.0 -99.0 -99.0 -99.0 -99.0
20260611 152  1.7  1448  16  3.0 1507  20  6.8 1314  22.1  27.3 1237  15.8  501  10.9  25.9  12.2  50.0  30.0 1216  13.1   7.7   5.4 -9.00 1000.1 1009.4 1011.4 2342 1007.7 1623  2.0 11.3 14.5 -9.0 27.10  3.46 1200   -9.0   -9.0 -9.00   -9.0   -9   -9.0   -9   -9.0   -9   -9.0   -9   -9.0   -9 -99.0 -99.0 -99.0 -99.0 -99.0
20260611 155  1.4  1209   7  4.3 1314   9  8.7 1258  22.3  28.1 1230  16.8  530  13.5  29.6  13.1  59.1  35.0 1258  15.6   7.6   5.3 -9.00 1006.5 1010.5 1012.4 2258 1009.0 1539  1.8 11.9 14.5 -9.0 27.60  3.36 1300   -9.0   -9.0 -9.00   -9.0   -9   -9.0   -9   -9.0   -9   -9.0   -9   -9.0   -9 -99.0 -99.0 -99.0 -99.0 -99.0
20260611 156  1.7  1509  25  4.0 1516  23  8.7 1515  22.1  27.2 1215  18.3  454  13.5  28.7  12.9  60.5  31.0 1635  15.5   7.9   5.5 -9.00 1004.0 1012.1 1014.8 2256 1010.8  313  0.5 12.1 14.5 -9.0 28.65  3.50 1100   -9.0   -9.0 -9.00   -9.0   -9   -9.0   -9   -9.0   -9   -9.0   -9   -9.0   -9 -99.0 -99.0 -99.0 -99.0 -99.0
20260611 159  3.4  2918  23  7.1 1438  23 10.9 1247  23.3  27.6 1207  19.4  511  13.0  27.7  12.7  53.1  34.0 1127  15.1   9.3   6.5 -9.00 1001.8 1009.7 1011.3 2306 1008.5 1559  1.1 11.9 14.5 -9.0 29.71  3.70 1200   -9.0   -9.0 -9.00   -9.0   -9   -9.0   -9   -9.0   -9   -9.0   -9   -9.0   -9  22.4  20.7  19.9  16.2  16.9
20260611 162  2.2  1867  23  5.1 1554  23  8.0 1548  21.7  26.0 1459  17.1  530  14.5  28.1  11.8  64.9  48.0 1028  16.6   7.8   5.5 -9.00 1006.6 1010.2 1012.1 2358 1009.1 1545  1.5 12.6 14.5 -9.0 29.50  3.58 1200   -9.0   -9.0 -9.00   -9.0   -9   -9.0   -9   -9.0   -9   -9.0   -9   -9.0   -9 -99.0 -99.0 -99.0 -99.0 -99.0
20260611 165  2.9  2546  29  6.0 1511  29  9.4 1508  20.8  23.9 1352  18.3 2358  16.6  27.1  12.3  78.6  47.0 1345  19.0   6.9   4.8 -9.00 1007.8 1013.0 1015.4 2322 1011.1  318  1.1 10.5 14.5 -9.0 28.55  3.42 1300   -9.0   -9.0 -9.00   -9.0   -9   -9.0   -9   -9.0   -9   -9.0   -9   -9.0   -9  22.6  21.1  19.0  16.6  15.1
20260611 168  3.9  3408  20  6.8 1552  27 11.5 1344  22.7  27.0 1258  18.9  526  12.5  25.9  17.2  53.6  36.0 1758  14.6   8.8   6.1 -9.00 1003.8 1011.4 1013.7 2324 1010.0 1528  2.1 10.6 14.5 -9.0 25.53  3.54 1200   -9.0   -9.0 -9.00   -9.0   -9   -9.0   -9   -9.0   -9   -9.0   -9   -9.0   -9  23.6  21.1  19.2  16.7  16.6
20260611 169  2.8  2405  32  5.1  445  34  7.7  337  20.3  24.6 1527  17.4  514  16.3  26.2  16.2  79.0  61.0 1531  18.6   6.0   4.2 -9.00 1004.4 1013.1 1015.1 2317 1011.1  254  1.1 12.1 14.4 -9.0 26.79  3.22 1000   -9.0   -9.0 -9.00   -9.0   -9   -9.0   -9   -9.0   -9   -9.0   -9   -9.0   -9 -99.0 -99.0 -99.0 -99.0 -99.0
20260611 170  2.9  2543  29  5.7 1517  32 10.0 1457  22.0  27.3 1154  18.1 2321  15.2  25.8  15.5  67.5  44.0 1643  17.3   8.3   5.8 -9.00 1008.6 1012.6 1015.2 2325 1011.0  308  2.3 11.7 14.4 -9.0 27.59  3.75 1200   -9.0   -9.0 -9.00   -9.0   -9   -9.0   -9   -9.0   -9   -9.0   -9   -9.0   -9 -99.0 -99.0 -99.0 -99.0 -99.0
20260611 172  2.3  1992  29  5.9 1229  27  9.2 1428  20.4  25.2 1329  16.3 2358  14.0  25.6  10.9  70.9  38.0 1401  16.2   8.3   5.8 -9.00 1006.2 1012.3 1014.7 2215 1010.4  236  1.3 12.3 14.5 -9.0 30.61  3.72 1300   -9.0   -9.0 -9.00   -9.0   -9   -9.0   -9   -9.0   -9   -9.0   -9   -9.0   -9 -99.0 -99.0 -99.0 -99.0 -99.0
20260611 174  1.7  1492  32  4.4 1347  34  7.8 1338  19.0  26.4 1513  10.8  416  11.1  26.4  11.0  64.1  32.0 1516  13.3  -9.0  -9.0 -9.00  991.2 1010.4 1013.1 2336 1008.5 1553  1.5 10.2 14.5 -9.0 -9.00 -9.00   -9   -9.0   -9.0 -9.00   -9.0   -9   -9.0   -9   -9.0   -9   -9.0   -9   -9.0   -9 -99.0 -99.0 -99.0 -99.0 -99.0
20260611 177  2.5  2181  23  5.3 1527  20  8.7 1532  20.7  25.7 1402  16.4  512  14.7  28.1  13.4  70.9  47.0 1729  16.8   7.3   5.1 -9.00 1007.6 1010.9 1013.2 2343 1009.3  119  2.3 12.6 14.6 -9.0 27.47  3.52 1300   -9.0   -9.0 -9.00   -9.0   -9   -9.0   -9   -9.0   -9   -9.0   -9   -9.0   -9 -99.0 -99.0 -99.0 -99.0 -99.0
20260611 181  2.1  1836  32  5.2 1523  32  8.9 1522  20.5  26.4 1439  14.7  434  13.0  29.4   9.4  64.6  38.0 1449  15.0   7.3   5.1 -9.00 1007.9 1011.8 1014.1 2317 1010.1 1617  2.6 11.0 14.6 -9.0 26.31  3.40 1400   -9.0   -9.0 -9.00   -9.0   -9   -9.0   -9   -9.0   -9   -9.0   -9   -9.0   -9 -99.0 -99.0 -99.0 -99.0 -99.0
20260611 184  3.5  3029  32  5.4 1236  29  7.9 1454  22.5  25.7 1510  20.2 2313  14.5  29.8  16.0  61.1  36.0    1  16.7   7.4   5.2 -9.00 1010.5 1012.9 1014.8 2324 1011.1  401  2.5  9.4 14.4 -9.0 25.88  3.66 1200   -9.0   -9.0 -9.00   -9.0   -9   -9.0   -9   -9.0   -9   -9.0   -9   -9.0   -9  23.2  22.0  21.6  19.4  16.7
20260611 185  4.9  4206  32  7.9  606  34  9.3  559  20.4  23.6 1330  18.2 2215  17.2  26.3  15.0  82.8  68.0 1400  19.7   5.6   4.0 -9.00 1005.0 1013.3 1015.5 2255 1011.8  310  4.8  7.9 14.3 -9.0 23.65  3.61 1200   -9.0   -9.0 -9.00   -9.0   -9   -9.0   -9   -9.0   -9   -9.0   -9   -9.0   -9 -99.0 -99.0 -99.0 -99.0 -99.0
20260611 188  2.2  1922  29  5.0 2251  29  8.0 1528  21.7  27.0 1312  15.3  314  12.6  24.2  12.6  58.3  33.0 1527  14.7  -9.0  -9.0 -9.00 1010.7 1013.1 1015.1 2333 1011.6  248  4.5 11.3 14.3 -9.0 -9.00 -9.00   -9   -9.0   -9.0 -9.00   -9.0   -9   -9.0   -9   -9.0   -9   -9.0   -9   -9.0   -9 -99.0 -99.0 -99.0 -99.0 -99.0
20260611 189  1.5  1329  23  3.0  943  25  6.6  827  23.4  29.3 1529  19.0 2351  13.0  25.5  15.5  53.8  34.0 1431  15.1   7.5   5.3 -9.00 1006.8 1012.8 1015.1 2231 1011.5  245  5.5  9.9 14.3 -9.0 25.77  3.55 1300   -9.0   -9.0 -9.00   -9.0   -9   -9.0   -9   -9.0   -9   -9.0   -9   -9.0   -9 -99.0 -99.0 -99.0 -99.0 -99.0
20260611 192  0.8   686  29  2.2 1713  16  4.5 1306  20.6  27.8 1540  12.4  530  12.6  28.2  10.8  63.9  33.0 1711  14.7   7.7   5.4 -9.00 1007.5 1010.9 1013.1 2245 1009.2 1515  1.4 12.4 14.5 -9.0 29.53  3.59 1100   -9.0   -9.0 -9.00   -9.0   -9   -9.0   -9   -9.0   -9   -9.0   -9   -9.0   -9 -99.0 -99.0 -99.0 -99.0 -99.0
20260611 201  2.5  2151  25  5.2 1426  23  8.5 1235  18.7  22.9 1223  12.2  531  15.6  23.4   8.7  83.1  60.0  925  17.8  -9.0  -9.0 -9.00 1006.4 1012.1 1013.8 2354 1010.8    3  2.1  9.9 14.7 -9.0 -9.00 -9.00   -9    0.0   -9.0 -9.00    0.0   -9    0.0   -9   -9.0   -9   -9.0   -9   -9.0   -9 -99.0 -99.0 -99.0 -99.0 -99.0
20260611 202  1.4  1234  27  4.0 1801  32  7.3 1405  20.6  26.9 1555  14.9  529  13.0  28.5  11.9  64.3  39.0 1552  15.0  -9.0  -9.0 -9.00 1005.8 1011.3 1013.5 2345 1009.4 1552  3.5  9.7 14.7 -9.0 -9.00 -9.00   -9    0.0   -9.0 -9.00    0.0   -9    0.0   -9   -9.0   -9   -9.0   -9   -9.0   -9 -99.0 -99.0 -99.0 -99.0 -99.0
20260611 203  1.3  1116  20  3.5 1542  25  7.8 1611  20.8  27.8 1528  16.1  523  14.2  26.8  13.7  68.4  42.0 1523  16.3  -9.0  -9.0 -9.00 1002.5 1011.8 1014.0 2344 1009.8 1531  3.9  6.4 14.7 -9.0 -9.00 -9.00   -9   -9.0   -9.0 -9.00   -9.0   -9   -9.0   -9   -9.0   -9   -9.0   -9   -9.0   -9 -99.0 -99.0 -99.0 -99.0 -99.0
20260611 211  1.4  1237  25  4.4 1553  20  8.0 1416  18.7  24.7 1451  14.1  514  13.6  24.0  12.2  75.0  46.0 1442  15.6  -9.0  -9.0 -9.00  986.9 1010.2 1012.6 2400 1007.7 1539  4.6  6.7 14.8 -9.0 -9.00 -9.00   -9    0.3   -9.0 -9.00    0.3    1    0.3   18   -9.0   -9   -9.0   -9   -9.0   -9 -99.0 -99.0 -99.0 -99.0 -99.0
20260611 212  1.0   847  29  3.5 1331  27  7.0 1330  19.2  25.0 1502  13.4  523  13.8  23.7  10.8  74.0  45.0 1232  15.9  -9.0  -9.0 -9.00  995.1 1011.3 1013.7 2356 1009.3 1519  4.9  7.9 14.7 -9.0 -9.00 -9.00   -9    2.3   -9.0 -9.00    1.6 1241    1.6 1331   -9.0   -9   -9.0   -9   -9.0   -9 -99.0 -99.0 -99.0 -99.0 -99.0
20260611 216  1.4  1227   2  3.9 1657  25  8.1 1216  17.5  24.5 1434  10.2  450   9.2  23.6   8.4  61.4  32.0 1506  11.7   6.6   4.7 -9.00  929.6 1009.9 1012.3 2315 1006.5 1510  3.9  9.8 14.7 -9.0 25.94  3.44 1200    0.0   -9.0 -9.00    0.0   -9    0.0   -9   -9.0   -9   -9.0   -9   -9.0   -9 -99.0 -99.0 -99.0 -99.0 -99.0
20260611 217  1.3  1099  16  3.6 1100  16  7.0 1117  17.1  26.4 1437  11.0  534  11.7  26.6  10.9  75.5  32.0 1302  13.8  -9.0  -9.0 -9.00  975.0 1011.2 1013.9 2348 1007.7 1447  4.0  6.5 14.7 -9.0 -9.00 -9.00   -9    2.8   -9.0 -9.00    2.8 1526    2.4 1544   -9.0   -9   -9.0   -9   -9.0   -9 -99.0 -99.0 -99.0 -99.0 -99.0
20260611 221  1.5  1290  23  4.2 1350  20  6.9 1317  17.6  24.9 1437  12.2  429  12.9  26.5   9.2  77.4  44.0 1403  14.9  -9.0  -9.0 -9.00  980.5 1011.2 1013.9 2336 1008.9 1422  3.8  7.3 14.7 -9.0 -9.00 -9.00   -9    0.8   -9.0 -9.00    0.8   -9    0.5 1853   -9.0   -9   -9.0   -9   -9.0   -9 -99.0 -99.0 -99.0 -99.0 -99.0
20260611 226  1.3  1093  29  3.6 1258  29  7.5 1128  19.2  25.6 1602  12.3  434  12.9  26.4   7.0  71.4  40.0 1151  15.0  -9.0  -9.0 -9.00  991.9 1011.7 1014.2 2307 1009.7 1631  2.1  9.9 14.6 -9.0 -9.00 -9.00   -9    0.0   -9.0 -9.00    0.0   -9    0.0   -9   -9.0   -9   -9.0   -9   -9.0   -9 -99.0 -99.0 -99.0 -99.0 -99.0
20260611 232  1.3  1109  27  3.6 1431  34  7.6 1604  19.6  26.0 1547  13.8  451  13.4  27.4  10.4  71.3  41.0 1550  15.4  -9.0  -9.0 -9.00 1002.3 1012.2 1014.5 2338 1010.5 1602  1.5 10.0 14.7 -9.0 -9.00 -9.00   -9   -9.0   -9.0 -9.00   -9.0   -9   -9.0   -9   -9.0   -9   -9.0   -9   -9.0   -9 -99.0 -99.0 -99.0 -99.0 -99.0
20260611 235  1.0   904  20  3.8 1437  23  6.2 1437  19.6  24.9 1301  16.1  537  15.6  26.9  12.2  79.3  56.0 1328  17.7   6.0   4.2 -9.00 1010.8 1012.0 1014.0 2256 1010.1  137  1.3 11.2 14.6 -9.0 26.50  3.06 1000   -9.0   -9.0 -9.00   -9.0   -9   -9.0   -9   -9.0   -9   -9.0   -9   -9.0   -9 -99.0 -99.0 -99.0 -99.0 -99.0
20260611 236  1.3  1095  27  4.1 1418  27  8.3 1426  19.9  26.3 1412  14.1  534  14.3  27.1  10.7  73.4  37.0 1122  16.3  -9.0  -9.0 -9.00 1010.9 1012.4 1014.7 2350 1010.9  222  1.5 11.1 14.6 -9.0 -9.00 -9.00   -9   -9.0   -9.0 -9.00   -9.0   -9   -9.0   -9   -9.0   -9   -9.0   -9   -9.0   -9 -99.0 -99.0 -99.0 -99.0 -99.0
20260611 238  1.3  1163  32  3.6 1220  32  8.0 1238  20.4  26.6 1551  14.7  539  12.3  28.6  10.5  62.8  34.0 1207  14.4  -9.0  -9.0 -9.00  991.7 1011.3 1013.9 2349 1009.5 1605  1.6 12.2 14.6 -9.0 -9.00 -9.00   -9   -9.0   -9.0 -9.00   -9.0   -9   -9.0   -9   -9.0   -9   -9.0   -9   -9.0   -9 -99.0 -99.0 -99.0 -99.0 -99.0
20260611 239  1.5  1270  29  3.8 1156  32  7.2 1610  19.9  25.4 1528  15.0  426  13.0  27.1  12.7  67.6  43.0 1122  15.1   6.5   4.5 -9.00 1000.9 1011.3 1013.8 2319 1009.6 1644  1.8 10.2 14.6 -9.0 25.01  3.19 1100   -9.0   -9.0 -9.00   -9.0   -9   -9.0   -9   -9.0   -9   -9.0   -9   -9.0   -9 -99.0 -99.0 -99.0 -99.0 -99.0
20260611 243  1.7  1453  27  4.4 1619  27  7.8 1628  20.4  25.0 1409  16.6 2337  14.4  27.5  11.6  70.3  46.0  947  16.4  -9.0  -9.0 -9.00 1011.4 1012.8 1014.9 2319 1010.8  307  0.3 12.1 14.5 -9.0 -9.00 -9.00   -9    0.2   -9.0 -9.00    0.2   -9    0.2   -9   -9.0   -9   -9.0   -9   -9.0   -9 -99.0 -99.0 -99.0 -99.0 -99.0
20260611 244  1.4  1210  34  4.8 1641  34 10.3 1523  19.2  25.9 1426  13.3  148  11.9  23.7  10.4  65.9  36.0 1507  14.0  -9.0  -9.0 -9.00  983.4 1011.9 1014.8 2332 1010.3 1512  1.1  9.9 14.5 -9.0 -9.00 -9.00   -9   -9.0   -9.0 -9.00   -9.0   -9   -9.0   -9   -9.0   -9   -9.0   -9   -9.0   -9 -99.0 -99.0 -99.0 -99.0 -99.0
20260611 245  2.0  1752  34  5.9 1302  36  8.5 1254  20.8  26.6 1504  16.3 2359  13.0  28.7  11.3  63.8  31.0 1418  15.1   8.1   5.7 -9.00 1004.5 1012.5 1015.0 2357 1010.7  255  1.3 11.6 14.5 -9.0 27.39  3.47 1200   -9.0   -9.0 -9.00   -9.0   -9   -9.0   -9   -9.0   -9   -9.0   -9   -9.0   -9 -99.0 -99.0 -99.0 -99.0 -99.0
20260611 247  1.7  1453  32  4.1 1557  29  8.4 1349  20.6  26.5 1631  15.3  100  12.8  25.6  13.2  63.4  36.0 1433  14.8  -9.0  -9.0 -9.00  996.3 1011.8 1014.6 2353 1010.1 1546  2.1 10.5 14.5 -9.0 -9.00 -9.00   -9   -9.0   -9.0 -9.00   -9.0   -9   -9.0   -9   -9.0   -9   -9.0   -9   -9.0   -9 -99.0 -99.0 -99.0 -99.0 -99.0
20260611 248  1.7  1446  29  5.4 1646  36  9.5 1255  18.0  24.3 1540  12.3  155  11.4  25.8   9.5  68.9  35.0 1456  13.5  -9.0  -9.0 -9.00  965.4 1012.1 1015.3 2319 1009.9 1539  2.4 11.0 14.5 -9.0 -9.00 -9.00   -9   -9.0   -9.0 -9.00   -9.0   -9   -9.0   -9   -9.0   -9   -9.0   -9   -9.0   -9 -99.0 -99.0 -99.0 -99.0 -99.0
20260611 251  1.9  1602  29  5.1 1457  29  8.2 1509  20.5  25.8 1303  16.0 2350  14.8  25.3  12.5  73.1  39.0 1355  16.9   7.3   5.1 -9.00 1006.7 1012.5 1015.1 2356 1010.7  243  1.1 11.8 14.5 -9.0 26.80  3.38 1300   -9.0   -9.0 -9.00   -9.0   -9   -9.0   -9   -9.0   -9   -9.0   -9   -9.0   -9 -99.0 -99.0 -99.0 -99.0 -99.0
20260611 252  1.5  1266  34  4.0 1438  36  7.0 1321  20.3  25.1 1424  16.6 2334  13.8  26.1  12.6  69.4  37.0 1425  15.9   7.8   5.5 -9.00 1008.3 1012.6 1014.9 2234 1010.6  238  1.0 11.7 14.5 -9.0 30.22  3.60 1200   -9.0   -9.0 -9.00   -9.0   -9   -9.0   -9   -9.0   -9   -9.0   -9   -9.0   -9 -99.0 -99.0 -99.0 -99.0 -99.0
20260611 253  1.4  1231  27  4.4 1713  29  7.6 1448  23.3  29.2 1350  17.8  437  13.4  27.9  14.1  55.5  32.0 1450  15.5   8.3   5.8 -9.00 1004.6 1010.9 1012.8 2316 1009.2 1601  1.6 11.6 14.5 -9.0 27.77  3.58 1200   -9.0   -9.0 -9.00   -9.0   -9   -9.0   -9   -9.0   -9   -9.0   -9   -9.0   -9 -99.0 -99.0 -99.0 -99.0 -99.0
20260611 254  2.1  1785   5  5.7 1417  29  9.1 1347  20.0  26.6 1545  13.3  536  10.7  28.1  10.8  59.5  28.0 1502  13.0   8.9   6.2 -9.00  997.5 1012.5 1015.3 2358 1011.0 1544  0.4 12.6 14.5 -9.0 30.11  3.59 1300   -9.0   -9.0 -9.00   -9.0   -9   -9.0   -9   -9.0   -9   -9.0   -9   -9.0   -9 -99.0 -99.0 -99.0 -99.0 -99.0
20260611 255  1.2  1056  29  4.6 1326  34  8.2 1335  23.2  29.0 1412  17.8  516  14.3  25.4  12.7  59.6  34.0 1306  16.4   7.0   4.9 -9.00 1004.3 1010.2 1012.3 2313 1008.2 1539  1.6 10.7 14.5 -9.0 24.47  3.38 1200   -9.0   -9.0 -9.00   -9.0   -9   -9.0   -9   -9.0   -9   -9.0   -9   -9.0   -9 -99.0 -99.0 -99.0 -99.0 -99.0
20260611 257  1.5  1328  20  3.9 1751  18  6.7 1928  23.6  31.1 1524  16.2  456  14.9  28.1  13.3  61.8  30.0 1527  17.0   8.2   5.8 -9.00 1009.3 1010.0 1012.1 2309 1007.9 1600  1.6  9.6 14.5 -9.0 27.15  3.51 1200   -9.0   -9.0 -9.00   -9.0   -9   -9.0   -9   -9.0   -9   -9.0   -9   -9.0   -9 -99.0 -99.0 -99.0 -99.0 -99.0
20260611 258  3.2  2757  29  5.5 1555  29  9.2 1551  21.9  28.2 1458  15.8  506  13.1  23.6  13.7  60.4  34.0 1659  15.1   9.5   6.7 -9.00 1012.1 1012.3 1014.7 2311 1010.7 1533  1.4 12.9 14.5 -9.0 30.15  3.78 1200   -9.0   -9.0 -9.00   -9.0   -9   -9.0   -9   -9.0   -9   -9.0   -9   -9.0   -9 -99.0 -99.0 -99.0 -99.0 -99.0
20260611 259  1.6  1377  25  3.8 1615  25  7.5 1549  21.3  28.5 1445  14.5  428  14.0  25.2  12.4  66.3  38.0 1531  16.0   7.9   5.5 -9.00 1010.4 1012.3 1014.9 2357 1011.0  324  0.6 10.9 14.5 -9.0 27.68  3.51 1100   -9.0   -9.0 -9.00   -9.0   -9   -9.0   -9   -9.0   -9   -9.0   -9   -9.0   -9 -99.0 -99.0 -99.0 -99.0 -99.0
20260611 260  1.8  1536  32  4.9 1351  32  8.6 1647  20.5  27.2 1415  14.2  528  13.7  27.4  11.2  68.0  39.0 1549  15.9  -9.0  -9.0 -9.00 1007.1 1012.2 1014.8 2322 1010.9 1437  1.0 11.4 14.4 -9.0 -9.00 -9.00   -9   -9.0   -9.0 -9.00   -9.0   -9   -9.0   -9   -9.0   -9   -9.0   -9   -9.0   -9 -99.0 -99.0 -99.0 -99.0 -99.0
20260611 261  2.4  2082  29  5.8 1330  27  9.7 1330  20.7  25.9 1423  15.1  110  14.2  26.4  11.8  69.9  39.0 1456  16.3  -9.0  -9.0 -9.00 1011.2 1013.1 1015.5 2331 1011.4  325  1.5 10.6 14.4 -9.0 -9.00 -9.00   -9   -9.0   -9.0 -9.00   -9.0   -9   -9.0   -9   -9.0   -9   -9.0   -9   -9.0   -9 -99.0 -99.0 -99.0 -99.0 -99.0
20260611 262  2.4  2083  29  5.8 1626  34 10.2 1617  21.1  28.3 1424  13.9  210  13.0  25.7  15.4  63.6  31.0 1636  15.1   8.3   5.8 -9.00 1005.8 1011.9 1014.4 2358 1010.5 1458  1.0 12.1 14.5 -9.0 27.23  3.16 1200   -9.0   -9.0 -9.00   -9.0   -9   -9.0   -9   -9.0   -9   -9.0   -9   -9.0   -9 -99.0 -99.0 -99.0 -99.0 -99.0
20260611 263  1.4  1238  32  4.7 1649  29  7.7 1648  21.3  29.0 1550  13.1  517  13.1  25.1  10.9  62.9  37.0 1736  15.1   6.8   4.8 -9.00 1009.0 1010.7 1012.9 2328 1008.8 1525  1.8  9.2 14.5 -9.0 24.46  3.31 1000   -9.0   -9.0 -9.00   -9.0   -9   -9.0   -9   -9.0   -9   -9.0   -9   -9.0   -9 -99.0 -99.0 -99.0 -99.0 -99.0
20260611 264  2.2  1894  27  4.7 1111  36  8.7 1634  20.4  27.3 1444  11.6  512  12.7  24.1  10.6  65.1  32.0 1537  14.7   8.4   5.9 -9.00  993.9 1011.4 1014.0 2333 1009.3 1553  1.6 11.6 14.5 -9.0 28.17  3.40 1200   -9.0   -9.0 -9.00   -9.0   -9   -9.0   -9   -9.0   -9   -9.0   -9   -9.0   -9 -99.0 -99.0 -99.0 -99.0 -99.0
20260611 266  1.9  1608  29  4.9 1554  27  8.9 1253  22.5  28.3 1353  16.8  453  11.7  30.2  13.2  52.3  30.0 1605  13.8   9.2   6.4 -9.00 1001.4 1011.6 1013.7 2354 1010.1 1520  1.0 12.2 14.5 -9.0 29.80  3.74 1200   -9.0   -9.0 -9.00   -9.0   -9   -9.0   -9   -9.0   -9   -9.0   -9   -9.0   -9 -99.0 -99.0 -99.0 -99.0 -99.0
20260611 268  1.5  1284  27  4.0 1319  29  7.5 1314  19.6  24.1 1557  15.0 2347  16.0  24.6  14.6  81.5  57.0 1246  18.3  -9.0  -9.0 -9.00 1010.9 1012.0 1014.3 2318 1010.1  317  1.1 10.5 14.4 -9.0 -9.00 -9.00   -9   -9.0   -9.0 -9.00   -9.0   -9   -9.0   -9   -9.0   -9   -9.0   -9   -9.0   -9 -99.0 -99.0 -99.0 -99.0 -99.0
20260611 271  1.4  1178  32  5.1 1727  32  8.6 1726  17.6  26.1 1530   9.5  504  10.8  26.2   5.5  69.3  33.0 1218  13.0  -9.0  -9.0 -9.00  973.5 1011.0 1013.5 2310 1007.8 1616  3.1  9.6 14.7 -9.0 -9.00 -9.00   -9    0.0   -9.0 -9.00    0.0   -9    0.0   -9   -9.0   -9   -9.0   -9   -9.0   -9 -99.0 -99.0 -99.0 -99.0 -99.0
20260611 272  3.3  2893  32  6.1 1758  32 10.0 2400  20.2  26.2 1507  14.1  545  11.8  28.7  11.5  60.5  34.0 1517  13.9  -9.0  -9.0 -9.00  986.1 1010.5 1012.4 2314 1008.4 1607  2.9 11.2 14.7 -9.0 -9.00 -9.00   -9   -9.0   -9.0 -9.00   -9.0   -9   -9.0   -9   -9.0   -9   -9.0   -9   -9.0   -9 -99.0 -99.0 -99.0 -99.0 -99.0
20260611 273  1.8  1561  27  4.5 1253  29  8.2 1244  20.5  26.4 1458  13.3  451  12.2  27.7   9.9  61.9  37.0 1611  14.3  -9.0  -9.0 -9.00  990.3 1010.3 1012.2 2225 1008.4 1637  1.1 10.8 14.6 -9.0 -9.00 -9.00   -9   -9.0   -9.0 -9.00   -9.0   -9   -9.0   -9   -9.0   -9   -9.0   -9   -9.0   -9 -99.0 -99.0 -99.0 -99.0 -99.0
20260611 276  2.0  1734  32  4.7 1521  34  9.2 1457  19.4  27.8 1625  10.1  509  10.4  28.4   6.7  62.1  23.0 1633  12.7   8.8   6.2 -9.00  985.9 1010.0 1012.6 2324 1007.2 1550  1.6 11.7 14.6 -9.0 29.18  3.48 1200   -9.0   -9.0 -9.00   -9.0   -9   -9.0   -9   -9.0   -9   -9.0   -9   -9.0   -9 -99.0 -99.0 -99.0 -99.0 -99.0
20260611 277  2.2  1911   2  6.8 1917   2 10.3 1906  20.6  27.1 1304  14.9 2342  11.3  28.0  12.7  -9.0  35.0 1312  -9.0  -9.0  -9.0 -9.00   -9.0   -9.0 1011.8 2232 1008.8  111  1.6 11.3 14.6 -9.0 -9.00 -9.00   -9    0.0   -9.0 -9.00    0.0   -9    0.0   -9   -9.0   -9   -9.0   -9   -9.0   -9 -99.0 -99.0 -99.0 -99.0 -99.0
20260611 278  1.5  1287  29  4.0 1230  34  8.7 1236  20.7  28.6 1411  11.9  534  11.9  27.9   7.6  61.7  28.0 1531  14.0  -9.0  -9.0 -9.00 1000.3 1009.7 1011.9 2324 1007.7 1646  1.4 11.4 14.6 -9.0 -9.00 -9.00   -9   -9.0   -9.0 -9.00   -9.0   -9   -9.0   -9   -9.0   -9   -9.0   -9   -9.0   -9 -99.0 -99.0 -99.0 -99.0 -99.0
20260611 279  1.8  1524  32  3.9 1430  36  7.3 1347  22.5  29.5 1434  14.8  511  11.3  31.2  10.9  51.8  26.0 1344  13.5   9.1   6.4 -9.00 1004.9 1010.6 1012.6 2249 1008.7 1520  1.1 12.2 14.6 -9.0 29.15  3.61 1300   -9.0   -9.0 -9.00   -9.0   -9   -9.0   -9   -9.0   -9   -9.0   -9   -9.0   -9 -99.0 -99.0 -99.0 -99.0 -99.0
20260611 281  1.9  1680  29  4.6 1417  27  9.4 1709  21.8  28.9 1620  13.2  502  11.2  29.2   9.5  54.9  28.0 1647  13.4  -9.0  -9.0 -9.00  999.6 1010.7 1012.7 2301 1008.5 1615  1.3 12.9 14.6 -9.0 -9.00 -9.00   -9   -9.0   -9.0 -9.00   -9.0   -9   -9.0   -9   -9.0   -9   -9.0   -9   -9.0   -9 -99.0 -99.0 -99.0 -99.0 -99.0
20260611 283  2.8  2388  29  5.3  900  27  8.8  840  22.4  29.4 1452  15.1  358  11.9  28.0  10.8  55.9  28.0 1455  14.0   9.6   6.7 -9.00 1005.6 1010.2 1012.3 2309 1008.2 1648  0.9 12.2 14.6 -9.0 29.58  3.71 1200   -9.0   -9.0 -9.00   -9.0   -9   -9.0   -9   -9.0   -9   -9.0   -9   -9.0   -9 -99.0 -99.0 -99.0 -99.0 -99.0
20260611 284  1.8  1584  32  5.2 1425  29  8.0 1417  19.6  27.6 1329  10.7  527  12.3  27.0   7.9  66.0  35.0 1602  14.4   7.6   5.3 -9.00  983.8 1010.1 1013.0 2354 1007.7 1525  0.8 11.8 14.5 -9.0 26.66  3.32 1200   -9.0   -9.0 -9.00   -9.0   -9   -9.0   -9   -9.0   -9   -9.0   -9   -9.0   -9 -99.0 -99.0 -99.0 -99.0 -99.0
20260611 285  1.0   855  27  2.5 1501  25  6.3 1547  21.4  29.1 1507  13.2  504  12.7  27.5  11.8  61.8  31.0 1614  14.7  -9.0  -9.0 -9.00 1007.7 1010.8 1013.1 2354 1008.9 1618  1.4 11.9 14.5 -9.0 -9.00 -9.00   -9   -9.0   -9.0 -9.00   -9.0   -9   -9.0   -9   -9.0   -9   -9.0   -9   -9.0   -9 -99.0 -99.0 -99.0 -99.0 -99.0
20260611 288  1.5  1294  32  4.5 1258  29  8.4 1252  22.7  29.2 1456  15.0  532  12.8  27.3  15.4  57.0  30.0 1245  14.8   8.3   5.8 -9.00 1008.0 1009.0 1011.1 2314 1007.0 1541  1.4 10.1 14.5 -9.0 27.46  3.54 1100   -9.0   -9.0 -9.00   -9.0   -9   -9.0   -9   -9.0   -9   -9.0   -9   -9.0   -9 -99.0 -99.0 -99.0 -99.0 -99.0
20260611 289  2.2  1864  27  5.2 1433  27 10.0 1408  21.1  27.1 1325  13.0  502  12.3  27.1  10.7  60.4  35.0 1647  14.4  -9.0  -9.0 -9.00  995.9 1011.9 1014.2 2307 1010.0 1601  1.4 11.2 14.5 -9.0 -9.00 -9.00   -9   -9.0   -9.0 -9.00   -9.0   -9   -9.0   -9   -9.0   -9   -9.0   -9   -9.0   -9 -99.0 -99.0 -99.0 -99.0 -99.0
20260611 294  1.7  1459  18  4.1 1857  23  8.3 1747  21.5  25.9 1240  17.3  325  13.4  30.8  11.5  60.5  46.0 1131  15.5  -9.0  -9.0 -9.00 1006.2 1011.4 1013.2 2307 1010.3 1604  1.9 11.5 14.5 -9.0 -9.00 -9.00   -9   -9.0   -9.0 -9.00   -9.0   -9   -9.0   -9   -9.0   -9   -9.0   -9   -9.0   -9 -99.0 -99.0 -99.0 -99.0 -99.0
20260611 295  2.0  1731  27  4.0 1439  27  7.7 1436  22.9  27.8 1348  17.4  235  11.6  26.9  12.4  50.4  34.0 1349  13.8  -9.0  -9.0 -9.00 1005.9 1011.1 1013.2 2358 1009.6 1533  1.9 10.1 14.5 -9.0 -9.00 -9.00   -9   -9.0   -9.0 -9.00   -9.0   -9   -9.0   -9   -9.0   -9   -9.0   -9   -9.0   -9 -99.0 -99.0 -99.0 -99.0 -99.0
20260611 296  1.7  1430  16  4.9 1548  23  8.5 1041  22.6  29.5 1536  14.9  507  14.7  26.1  10.3  64.9  35.0 1450  16.9   7.9   5.5 -9.00 1009.2 1009.5 1011.6 2358 1007.7 1605  1.5  9.9 14.5 -9.0 27.44  3.63 1200   -9.0   -9.0 -9.00   -9.0   -9   -9.0   -9   -9.0   -9   -9.0   -9   -9.0   -9 -99.0 -99.0 -99.0 -99.0 -99.0
20260612  90  2.5  2132  27  5.1 1544  29  9.5 1613  25.1  29.6 1438  19.1  342  11.7  25.8  14.9  44.3  33.0 1432  13.7   9.8   6.8 -9.00 1008.2 1010.2 1011.1  932 1008.9 1715  1.4 12.9 14.8 -9.0 29.46  3.54 1200   -9.0   -9.0 -9.00   -9.0   -9   -9.0   -9   -9.0   -9   -9.0   -9   -9.0   -9 -99.0 -99.0 -99.0 -99.0 -99.0
20260612  93  1.2  1051  23  5.0 1457  23  7.6 1628  20.6  28.3 1609  14.3  342  13.9  27.0  13.3  69.9  38.0 1543  16.0   7.6   5.3 -9.00 1001.9 1013.0 1015.1  756 1010.5 1650  1.4 10.9 14.8 -9.0 27.44  3.45 1200   -9.0   -9.0 -9.00   -9.0   -9   -9.0   -9   -9.0   -9   -9.0   -9   -9.0   -9  22.6  21.2  19.0  14.8  13.1
20260612  95  1.4  1201  25  3.9 1528  25  8.6 1551  20.1  26.3 1518  14.0  353  14.1  23.0  13.2  72.3  43.0 1549  16.2   6.9   4.8 -9.00  995.3 1013.3 1015.0  753 1011.5 1526  0.5 12.1 14.8 -9.0 26.85  3.59 1100   -9.0   -9.0 -9.00   -9.0   -9   -9.0   -9   -9.0   -9   -9.0   -9   -9.0   -9 -99.0 -99.0 -99.0 -99.0 -99.0
20260612  98  1.2  1050  25  3.9 1542  25  8.5 1411  21.2  28.2 1339  15.6  407  12.7  30.6  11.3  61.4  37.0 1258  14.8   7.4   5.2 -9.00  999.6 1012.9 1014.4  704 1011.2 1759  0.4 10.4 14.8 -9.0 26.76  3.25 1100   -9.0   -9.0 -9.00   -9.0   -9   -9.0   -9   -9.0   -9   -9.0   -9   -9.0   -9 -99.0 -99.0 -99.0 -99.0 -99.0
20260612  99  1.4  1172  27  3.8 1420  34  7.6 1331  20.3  27.6 1329  14.5 2352  14.4  28.0  11.6  72.1  41.0 1351  16.4   7.3   5.1 -9.00 1010.1 1013.7 1014.9  806 1012.2 1747  0.3 11.7 14.8 -9.0 28.17  3.32 1300   -9.0   -9.0 -9.00   -9.0   -9   -9.0   -9   -9.0   -9   -9.0   -9   -9.0   -9 -99.0 -99.0 -99.0 -99.0 -99.0
20260612 100  3.1  2645  27  6.0  841  27  9.9 1314  17.0  23.9 1439  10.7  513  11.3  21.5   7.1  71.4  38.0 1341  13.4   8.0   5.6 -9.00  925.2 1012.0 1014.2  550 1008.9 1424  1.4 12.8 14.7 -9.0 30.07  3.73 1200   -9.0   -9.0 -9.00   -9.0   -9   -9.0   -9   -9.0   -9   -9.0   -9   -9.0   -9 -99.0 -99.0 -99.0 -99.0 -99.0
20260612 101  1.4  1215  25  4.7 1620  20  7.3 1607  20.9  28.3 1547  15.3  427  14.1  26.8  12.0  68.4  38.0 1552  16.1   7.3   5.1 -9.00 1003.2 1012.0 1014.0  753 1009.4 1712  1.5 10.8 14.8 -9.0 25.98  3.43 1100   -9.0   -9.0 -9.00   -9.0   -9   -9.0   -9   -9.0   -9   -9.0   -9   -9.0   -9  22.3  19.7  17.8  15.1  15.0
20260612 102  3.6  3091  18  5.6 1718  20  8.6  145  18.4  22.3 1600  15.0 2311  16.4  26.7  12.5  88.8  67.0 1552  18.7   6.1   4.2  4.58 1007.2 1011.4 1012.5  834 1009.9 1805  3.8  9.3 14.8 -9.0 28.23  3.64 1300   -9.0   -9.0 -9.00   -9.0   -9   -9.0   -9   -9.0   -9   -9.0   -9   -9.0   -9 -99.0 -99.0 -99.0 -99.0 -99.0
20260612 104  1.8  1564  29  3.6 1042  29  6.7 1038  23.5  28.3 1155  16.5  550  13.5  23.9  12.5  55.0  35.0 1037  15.5   8.3   5.8 -9.00 1001.0 1009.6 1010.4  603 1008.3 1710  1.4 12.4 14.8 -9.0 27.32  3.66 1200   -9.0   -9.0 -9.00   -9.0   -9   -9.0   -9   -9.0   -9   -9.0   -9   -9.0   -9  21.3  19.4  17.7  14.0  13.3
20260612 105  2.4  2049  23  4.3  812  25  8.6  818  24.3  29.2 1259  19.6  204  12.1  24.3  16.7  47.4  34.0 1235  14.1   8.7   6.1 -9.00 1007.5 1010.7 1011.6  611 1009.3 1738  1.0 11.2 14.8 -9.0 25.03  3.36 1200   -9.0   -9.0 -9.00   -9.0   -9   -9.0   -9   -9.0   -9   -9.0   -9   -9.0   -9  21.8  20.3  19.2  15.6  14.7
20260612 106  2.6  2228  27  5.8  218  36 11.3  212  23.0  29.2 1134  18.2   21  13.1  26.7  13.1  54.3  32.0 1125  15.1   8.0   5.6 -9.00 1006.4 1011.1 1012.1  811 1010.3 1507  1.1 10.6 14.7 -9.0 26.61  3.61 1200   -9.0   -9.0 -9.00   -9.0   -9   -9.0   -9   -9.0   -9   -9.0   -9   -9.0   -9 -99.0 -99.0 -99.0 -99.0 -99.0
20260612 108  2.4  2054  27  4.6 1457  20  9.2 1306  22.4  27.7 1343  17.0  413  13.3  29.8  12.0  59.5  34.0 1726  15.4   9.1   6.4 -9.00 1003.2 1013.1 1014.4  611 1011.5 1727  0.5 12.5 14.7 -9.0 29.73  3.52 1300   -9.0   -9.0 -9.00   -9.0   -9   -9.0   -9   -9.0   -9   -9.0   -9   -9.0   -9  22.5  20.2  19.2  15.3  13.7
20260612 112  2.5  2141  23  4.4 1335  20  8.2 1334  20.9  24.8 1620  17.8  214  16.3  25.5  15.1  76.9  51.0 1553  18.6   7.3   5.1 -9.00 1005.2 1013.2 1014.2  734 1011.8 1854  0.3 13.3 14.7 -9.0 30.21  3.58 1200   -9.0   -9.0 -9.00   -9.0   -9   -9.0   -9   -9.0   -9   -9.0   -9   -9.0   -9  21.3  19.8  14.5  17.5  13.6
20260612 114  1.7  1464  29  3.7 1333  32  7.3 1342  21.4  27.6 1458  15.4  222  13.2  27.4  13.5  62.4  37.0 1702  15.2   8.2   5.7 -9.00  995.6 1012.9 1014.9  739 1010.3 1718  1.1 11.6 14.7 -9.0 28.79  3.59 1200   -9.0   -9.0 -9.00   -9.0   -9   -9.0   -9   -9.0   -9   -9.0   -9   -9.0   -9 -99.0 -99.0 -99.0 -99.0 -99.0
20260612 115  3.2  2731  25  7.0 2148  27 11.4   26  22.8  26.4 1313  19.4    1  13.9  30.3  13.3  57.8  45.0 1335  16.0   8.8   6.1 -9.00  985.8 1011.0 1012.0 2159 1009.9  104  0.0 13.1 14.7 -9.0 28.29  3.38 1200   -9.0   -9.0 -9.00   -9.0   -9   -9.0   -9   -9.0   -9   -9.0   -9   -9.0   -9  20.0  17.2  16.3  12.7  13.2
20260612 119  1.8  1551  27  4.7 1411  32  9.7 1348  21.1  27.0 1311  15.1  423  12.8  31.2  11.5  62.1  35.0 1303  14.8   8.1   5.7 -9.00 1008.5 1013.1 1014.5  619 1011.3 1729  0.3 11.7 14.7 -9.0 27.83  3.53 1300   -9.0   -9.0 -9.00   -9.0   -9   -9.0   -9   -9.0   -9   -9.0   -9   -9.0   -9  22.3  19.8  17.7  13.7  12.9
20260612 121  1.4  1216  27  4.0 1621  23  9.1 1501  19.8  27.5 1546  13.8  614  13.4  26.5  12.3  70.4  36.0 1532  15.4   7.3   5.1 -9.00  985.5 1013.3 1015.9  637 1010.2 1713  2.1 10.0 14.7 -9.0 27.08  3.59 1200   -9.0   -9.0 -9.00   -9.0   -9   -9.0   -9   -9.0   -9   -9.0   -9   -9.0   -9 -99.0 -99.0 -99.0 -99.0 -99.0
20260612 127  1.3  1145  25  3.9 1553  23  8.3 1608  21.0  28.6 1531  14.3  241  12.4  27.5  11.8  60.9  35.0 1526  14.4   7.6   5.3 -9.00  999.2 1012.5 1014.4  646 1010.1 1654  0.6 11.3 14.7 -9.0 27.87  3.50 1200   -9.0   -9.0 -9.00   -9.0   -9   -9.0   -9   -9.0   -9   -9.0   -9   -9.0   -9 -99.0 -99.0 -99.0 -99.0 -99.0
20260612 129  1.8  1547  20  5.2 1146  20  7.9 1155  21.2  26.6 1553  16.1  141  15.5  30.2  10.6  73.5  39.0 1539  17.7   7.6   5.3 -9.00 1010.7 1013.7 1014.7 1016 1012.1 1758  0.5 11.6 14.7 -9.0 28.65  3.51 1300   -9.0   -9.0 -9.00   -9.0   -9   -9.0   -9   -9.0   -9   -9.0   -9   -9.0   -9  22.3  19.9  19.9  14.5  14.9
20260612 130  1.8  1525  27  3.1  514  16  6.1 1416  21.4  27.1  953  15.5   20  14.7  23.6  12.9  67.1  39.0  947  16.8  -9.0  -9.0 -9.00 1005.8 1011.4 1012.4  740 1010.5 1507  0.9 12.0 14.7 -9.0 -9.00 -9.00   -9   -9.0   -9.0 -9.00   -9.0   -9   -9.0   -9   -9.0   -9   -9.0   -9   -9.0   -9 -99.0 -99.0 -99.0 -99.0 -99.0
20260612 131  1.3  1107  27  2.7   16  27  5.9 1654  23.0  28.8 1615  16.8  440  12.8  29.3  13.1  54.1  34.0 1552  14.8   7.3   5.1 -9.00 1006.2 1012.9 1014.7  703 1010.6 1752  0.6 11.5 14.6 -9.0 27.62  3.45 1100   -9.0   -9.0 -9.00   -9.0   -9   -9.0   -9   -9.0   -9   -9.0   -9   -9.0   -9 -99.0 -99.0 -99.0 -99.0 -99.0
20260612 133  1.5  1334  32  3.8 1453  34  5.8 1456  22.0  28.3 1538  14.9  543  13.2  29.5  11.6  60.4  35.0 1545  15.2   7.4   5.2 -9.00 1005.7 1013.5 1015.0  617 1011.3 1800  0.8 12.4 14.6 -9.0 27.91  3.32 1100   -9.0   -9.0 -9.00   -9.0   -9   -9.0   -9   -9.0   -9   -9.0   -9   -9.0   -9  24.3  22.5  20.3  16.7  15.9
20260612 135  2.4  2091  29  7.0   36  27 10.3  120  20.1  27.2 1512  14.3  544  11.8  28.5  13.5  61.9  35.0 1416  13.9   7.7   5.4 -9.00  984.7 1012.9 1014.8  616 1010.6 1631  1.3 13.1 14.6 -9.0 30.76  3.75 1200   -9.0   -9.0 -9.00   -9.0   -9   -9.0   -9   -9.0   -9   -9.0   -9   -9.0   -9 -99.0 -99.0 -99.0 -99.0 -99.0
20260612 136  1.8  1515  27  3.9 1322  25  8.6 1445  22.3  29.4 1534  15.1  524  12.2  31.2  13.5  55.1  33.0 1543  14.2   8.2   5.8 -9.00  997.0 1013.2 1015.4  707 1010.8 1642  0.3 12.0 14.6 -9.0 30.41  3.66 1200   -9.0   -9.0 -9.00   -9.0   -9   -9.0   -9   -9.0   -9   -9.0   -9   -9.0   -9 -99.0 -99.0 -99.0 -99.0 -99.0
20260612 137  1.6  1420  27  3.5 1529  27  8.0 1549  23.1  29.7 1430  16.9  552  13.5  30.1  14.1  56.5  37.0 1653  15.6   8.0   5.6 -9.00 1000.8 1011.9 1013.9  623 1009.7 1630  1.1 13.0 14.6 -9.0 30.23  3.48 1300   -9.0   -9.0 -9.00   -9.0   -9   -9.0   -9   -9.0   -9   -9.0   -9   -9.0   -9 -99.0 -99.0 -99.0 -99.0 -99.0
20260612 138  2.8  2421  11  5.3 1610  23  7.8 1020  24.3  29.6 1358  19.3  457  11.9  28.2  16.1  47.1  28.0 1402  13.9   9.1   6.4 -9.00 1010.8 1011.3 1012.9  654 1009.4 1753  2.1 11.7 14.6 -9.0 26.65  3.51 1100   -9.0   -9.0 -9.00   -9.0   -9   -9.0   -9   -9.0   -9   -9.0   -9   -9.0   -9  21.4  19.0  17.9  15.9  15.8
20260612 140  2.3  1963  29  4.5 1406  27  6.7 1256  20.7  25.9 1609  15.2  531  15.8  29.7  11.2  75.8  43.0 1514  18.0  -9.0  -9.0 -9.00 1011.4 1014.7 1015.8  820 1012.9 1821  0.8 11.4 14.6 -9.0 -9.00 -9.00   -9   -9.0   -9.0 -9.00   -9.0   -9   -9.0   -9   -9.0   -9   -9.0   -9   -9.0   -9 -99.0 -99.0 -99.0 -99.0 -99.0
20260612 143  2.2  1892  27  4.0  903  32  7.0 1031  24.2  30.8 1602  17.6  509   9.9  30.2  14.2  43.0  20.0 1652  12.2   9.5   6.7 -9.00 1005.6 1011.9 1013.7  622 1009.4 1749  1.1 13.3 14.6 -9.0 30.45  3.63 1200   -9.0   -9.0 -9.00   -9.0   -9   -9.0   -9   -9.0   -9   -9.0   -9   -9.0   -9 -99.0 -99.0 -99.0 -99.0 -99.0
20260612 146  1.9  1649  29  4.1 1548  27  7.3 1559  22.4  28.8 1533  16.0  511  13.4  30.6  11.6  59.6  36.0 1714  15.4   8.6   6.0 -9.00 1006.7 1013.7 1015.0  558 1011.4 1747  0.9 12.6 14.6 -9.0 29.48  3.54 1200   -9.0   -9.0 -9.00   -9.0   -9   -9.0   -9   -9.0   -9   -9.0   -9   -9.0   -9 -99.0 -99.0 -99.0 -99.0 -99.0
20260612 152  2.0  1717  23  4.9 1652  32  8.1  350  22.7  28.3 1352  17.4  514  11.3  27.1  13.3  50.3  26.0 1313  13.4   8.8   6.2 -9.00 1002.2 1011.6 1013.1  655 1010.0 1624  1.5 12.8 14.5 -9.0 29.91  3.78 1200   -9.0   -9.0 -9.00   -9.0   -9   -9.0   -9   -9.0   -9   -9.0   -9   -9.0   -9 -99.0 -99.0 -99.0 -99.0 -99.0
20260612 155  1.9  1624  18  5.5 1734  23  8.4 1727  23.1  29.3 1426  17.7  536  12.8  32.6  13.5  54.6  35.0 1432  14.9   8.7   6.1 -9.00 1008.9 1012.9 1014.3  809 1011.4 1546  1.3 12.7 14.5 -9.0 30.40  3.64 1200   -9.0   -9.0 -9.00   -9.0   -9   -9.0   -9   -9.0   -9   -9.0   -9   -9.0   -9 -99.0 -99.0 -99.0 -99.0 -99.0
20260612 156  1.5  1319  23  3.7 1854  23  6.5 1845  22.8  30.0 1528  16.1  449  14.0  29.1  10.2  60.9  30.0 1439  16.0   8.1   5.7 -9.00 1005.6 1013.7 1015.3  707 1011.3 1659  2.3 13.1 14.5 -9.0 29.73  3.69 1200   -9.0   -9.0 -9.00   -9.0   -9   -9.0   -9   -9.0   -9   -9.0   -9   -9.0   -9 -99.0 -99.0 -99.0 -99.0 -99.0
20260612 159  3.5  3042  27  6.6 1640  27 10.7 1639  23.4  28.3 1227  18.9  546  11.9  27.7  13.2  49.9  29.0 1637  14.0  10.0   7.0 -9.00 1004.1 1012.1 1013.5  815 1011.0 1554  1.5 12.2 14.5 -9.0 31.05  3.75 1200   -9.0   -9.0 -9.00   -9.0   -9   -9.0   -9   -9.0   -9   -9.0   -9   -9.0   -9  22.7  20.8  19.9  16.3  16.9
20260612 162  2.2  1891  23  4.9 1146  18  7.5 1501  21.4  26.7 1354  16.4  529  14.0  28.5  10.6  64.8  31.0 1307  16.1   7.9   5.6 -9.00 1009.0 1012.6 1013.7  714 1011.3 1752  1.8 12.0 14.5 -9.0 30.41  3.73 1200   -9.0   -9.0 -9.00   -9.0   -9   -9.0   -9   -9.0   -9   -9.0   -9   -9.0   -9 -99.0 -99.0 -99.0 -99.0 -99.0
20260612 165  1.9  1649  23  3.9 2014  25  5.3 1926  21.6  26.4 1449  17.3  510  16.4  26.1  11.8  75.3  35.0 1435  18.7   7.0   4.9 -9.00 1009.1 1014.2 1015.6  855 1012.7 1701  4.1 11.5 14.5 -9.0 28.62  3.42 1100   -9.0   -9.0 -9.00   -9.0   -9   -9.0   -9   -9.0   -9   -9.0   -9   -9.0   -9  22.8  21.3  19.2  16.8  15.2
20260612 168  3.8  3261  32  7.0  132  34 10.7  132  22.1  26.5 1459  18.2  532  13.6  27.4  14.9  59.5  43.0 1439  15.7   8.4   5.9 -9.00 1006.0 1013.6 1015.1  927 1012.1 1735  2.9 13.3 14.5 -9.0 30.32  3.61 1100   -9.0   -9.0 -9.00   -9.0   -9   -9.0   -9   -9.0   -9   -9.0   -9   -9.0   -9  23.6  21.2  19.3  16.7  16.6
20260612 169  3.8  3247  16  6.1 2142  18  7.3 2140  20.1  24.1 1214  17.1  543  17.8  25.0  15.8  87.6  73.0 1132  20.4   4.8   3.3  4.57 1005.1 1013.9 1015.0    1 1012.5 1824  6.5 10.2 14.5 -9.0 23.29  2.78 1200   -9.0   -9.0 -9.00   -9.0   -9   -9.0   -9   -9.0   -9   -9.0   -9   -9.0   -9 -99.0 -99.0 -99.0 -99.0 -99.0
20260612 170  1.8  1595  25  3.8  342  27  6.7  412  22.0  28.8 1342  16.7  558  14.9  27.5  14.3  66.0  39.0 1436  17.0   7.2   5.1 -9.00 1010.2 1014.3 1015.7  809 1012.8 1659  5.5 11.6 14.4 -9.0 28.03  3.46 1200   -9.0   -9.0 -9.00   -9.0   -9   -9.0   -9   -9.0   -9   -9.0   -9   -9.0   -9 -99.0 -99.0 -99.0 -99.0 -99.0
20260612 172  1.8  1545  29  5.3 1449  25  7.7 1346  20.9  28.0 1353  14.5  554  14.1  25.9   9.2  69.8  34.0 1619  16.2   8.5   5.9 -9.00 1007.5 1013.6 1014.8   39 1011.8 1651  2.1 12.1 14.5 -9.0 30.57  3.79 1200   -9.0   -9.0 -9.00   -9.0   -9   -9.0   -9   -9.0   -9   -9.0   -9   -9.0   -9 -99.0 -99.0 -99.0 -99.0 -99.0
20260612 174  1.5  1267  29  3.8 1400  27  7.2 1351  19.9  28.3 1611  11.4  458  11.4  27.0  10.3  63.6  28.0 1614  13.5  -9.0  -9.0 -9.00  993.0 1012.0 1013.8  608 1009.4 1736  1.9 12.6 14.5 -9.0 -9.00 -9.00   -9   -9.0   -9.0 -9.00   -9.0   -9   -9.0   -9   -9.0   -9   -9.0   -9   -9.0   -9 -99.0 -99.0 -99.0 -99.0 -99.0
20260612 177  2.5  2178  18  5.0 1209  20  7.6 1205  21.9  27.1 1509  16.7  549  15.4  29.1  14.7  69.6  41.0 1338  17.6   8.0   5.6 -9.00 1009.0 1012.2 1013.3  617 1010.5 1836  1.5 12.5 14.6 -9.0 28.89  3.62 1100   -9.0   -9.0 -9.00   -9.0   -9   -9.0   -9   -9.0   -9   -9.0   -9   -9.0   -9 -99.0 -99.0 -99.0 -99.0 -99.0
20260612 181  1.6  1366  29  3.9 1756  34  6.9 1815  21.1  28.7 1620  13.7  512  13.7  28.7   8.2  65.6  37.0 1546  15.8   6.9   4.8 -9.00 1009.7 1013.6 1015.2  603 1011.3 1753  0.8 11.7 14.6 -9.0 27.10  3.47 1100   -9.0   -9.0 -9.00   -9.0   -9   -9.0   -9   -9.0   -9   -9.0   -9   -9.0   -9 -99.0 -99.0 -99.0 -99.0 -99.0
20260612 184  2.0  1751   2  3.6 1322   5  5.0 1212  22.6  25.4 1222  19.1  448  15.5  31.3  14.4  64.5  47.0  816  17.7   6.6   4.6 -9.00 1011.6 1014.0 1015.0  727 1012.6 1753  6.4 11.3 14.4 -9.0 26.65  3.52 1100   -9.0   -9.0 -9.00   -9.0   -9   -9.0   -9   -9.0   -9   -9.0   -9   -9.0   -9  23.4  22.1  21.6  19.5  16.7
20260612 185  2.8  2413  16  4.7 1701  23  6.8 1504  21.0  23.5 1443  18.0  358  18.2  26.4  14.1  84.6  75.0 1554  20.9   5.9   4.1 -9.00 1006.1 1014.4 1015.4   14 1013.0 1739  5.5 10.5 14.3 -9.0 26.72  3.47 1200   -9.0   -9.0 -9.00   -9.0   -9   -9.0   -9   -9.0   -9   -9.0   -9   -9.0   -9 -99.0 -99.0 -99.0 -99.0 -99.0
20260612 188  2.4  2088  29  4.8   20  18  6.9 1634  21.6  25.3 1401  16.3  528  15.8  25.2  13.6  69.9  49.0  835  18.2  -9.0  -9.0 -9.00 1012.3 1014.7 1015.8  705 1013.5 1657  6.3 11.9 14.3 -9.0 -9.00 -9.00   -9   -9.0   -9.0 -9.00   -9.0   -9   -9.0   -9   -9.0   -9   -9.0   -9   -9.0   -9 -99.0 -99.0 -99.0 -99.0 -99.0
20260612 189  1.7  1491  23  3.8 1244  25  6.1 1247  22.4  26.4 1424  18.1  510  15.7  26.7  14.9  66.4  50.0 2341  18.1   6.7   4.7 -9.00 1008.7 1014.7 1015.8  932 1013.6 1757  6.3 10.9 14.3 -9.0 26.90  3.36 1200   -9.0   -9.0 -9.00   -9.0   -9   -9.0   -9   -9.0   -9   -9.0   -9   -9.0   -9 -99.0 -99.0 -99.0 -99.0 -99.0
20260612 192  0.9   755  18  2.6 1648  18  7.7 1713  20.7  28.7 1442  12.3  452  13.2  30.0   9.3  66.4  31.0 1342  15.2   7.7   5.4 -9.00 1009.8 1013.2 1014.9  805 1011.2 1733  1.6 12.5 14.5 -9.0 30.50  3.59 1200   -9.0   -9.0 -9.00   -9.0   -9   -9.0   -9   -9.0   -9   -9.0   -9   -9.0   -9 -99.0 -99.0 -99.0 -99.0 -99.0
20260612 201  2.5  2184  27  4.9 1335  27  8.7 1335  19.6  23.5 1141  15.7 2400  16.0  26.3  11.3  80.8  57.0 1139  18.2  -9.0  -9.0 -9.00 1008.3 1013.9 1014.9  825 1012.7 1847  0.3 12.1 14.7 -9.0 -9.00 -9.00   -9   -9.0   -9.0 -9.00   -9.0   -9   -9.0   -9   -9.0   -9   -9.0   -9   -9.0   -9 -99.0 -99.0 -99.0 -99.0 -99.0
20260612 202  1.3  1151  29  3.5 1602  29  6.5 1559  21.3  28.5 1515  15.1  548  12.9  30.5  13.4  62.1  34.0 1520  14.9  -9.0  -9.0 -9.00 1007.8 1013.3 1015.0  618 1011.4 1845  0.8 10.3 14.7 -9.0 -9.00 -9.00   -9   -9.0   -9.0 -9.00   -9.0   -9   -9.0   -9   -9.0   -9   -9.0   -9   -9.0   -9 -99.0 -99.0 -99.0 -99.0 -99.0
20260612 203  1.0   859  20  2.8 1626  25  6.4 1525  21.7  29.6 1436  14.7  504  13.9  30.7  12.1  64.4  36.0 1520  15.9  -9.0  -9.0 -9.00 1004.4 1013.7 1015.3  556 1011.6 1659  0.5  9.9 14.7 -9.0 -9.00 -9.00   -9   -9.0   -9.0 -9.00   -9.0   -9   -9.0   -9   -9.0   -9   -9.0   -9   -9.0   -9 -99.0 -99.0 -99.0 -99.0 -99.0
20260612 211  1.5  1338  20  4.4 1313  18 10.4 1558  19.6  26.2 1613  14.3  304  13.0  23.9  10.5  68.9  42.0 1443  15.0  -9.0  -9.0 -9.00  988.9 1012.2 1014.3  801 1009.4 1722  1.6  5.9 14.8 -9.0 -9.00 -9.00   -9   -9.0   -9.0 -9.00   -9.0   -9   -9.0   -9   -9.0   -9   -9.0   -9   -9.0   -9 -99.0 -99.0 -99.0 -99.0 -99.0
20260612 212  1.2  1027  29  3.5 1627  23  6.9 1454  20.8  28.0 1528  14.8  437  12.8  26.7  13.8  64.4  35.0 1535  14.8  -9.0  -9.0 -9.00  997.1 1013.3 1015.3  706 1010.8 1713  0.8 11.2 14.7 -9.0 -9.00 -9.00   -9   -9.0   -9.0 -9.00   -9.0   -9   -9.0   -9   -9.0   -9   -9.0   -9   -9.0   -9 -99.0 -99.0 -99.0 -99.0 -99.0
20260612 216  1.5  1325  32  3.6  744  34  8.0  954  19.1  25.6 1429  14.2  428   9.6  25.1  11.7  56.0  34.0 1250  12.0   7.7   5.4 -9.00  931.7 1011.6 1013.6 2153 1008.7 1451  1.0 11.7 14.7 -9.0 29.85  3.70 1200   -9.0   -9.0 -9.00   -9.0   -9   -9.0   -9   -9.0   -9   -9.0   -9   -9.0   -9 -99.0 -99.0 -99.0 -99.0 -99.0
20260612 217  1.3  1164  18  4.6 1432  20  7.6 1426  19.0  28.2 1439  11.0  421  11.0  27.1  12.1  64.6  30.0 1440  13.1  -9.0  -9.0 -9.00  977.0 1013.0 1015.7  635 1009.9 1503  1.1 10.2 14.7 -9.0 -9.00 -9.00   -9   -9.0   -9.0 -9.00   -9.0   -9   -9.0   -9   -9.0   -9   -9.0   -9   -9.0   -9 -99.0 -99.0 -99.0 -99.0 -99.0
20260612 221  1.5  1293  27  5.0 1451  25  7.8 1444  18.9  26.5 1411  12.0  253  12.8  27.1  10.1  71.9  39.0 1412  14.8  -9.0  -9.0 -9.00  982.5 1013.1 1015.3  639 1010.5 1704  1.5 11.2 14.7 -9.0 -9.00 -9.00   -9   -9.0   -9.0 -9.00   -9.0   -9   -9.0   -9   -9.0   -9   -9.0   -9   -9.0   -9 -99.0 -99.0 -99.0 -99.0 -99.0
20260612 226  1.0   840  27  3.4 1546  36  7.8 1110  20.1  27.4 1458  12.0  457  13.4  28.1   6.4  69.5  40.0 1504  15.4  -9.0  -9.0 -9.00  993.7 1013.6 1015.5  604 1011.1 1802  0.6 11.9 14.6 -9.0 -9.00 -9.00   -9   -9.0   -9.0 -9.00   -9.0   -9   -9.0   -9   -9.0   -9   -9.0   -9   -9.0   -9 -99.0 -99.0 -99.0 -99.0 -99.0
20260612 232  1.0   891  25  3.4 1451  20  6.6 1409  20.0  28.1 1535  12.2  526  13.7  30.0   8.9  71.5  36.0 1425  15.8  -9.0  -9.0 -9.00 1004.1 1014.0 1015.7  620 1011.9 1758  0.1 12.4 14.7 -9.0 -9.00 -9.00   -9   -9.0   -9.0 -9.00   -9.0   -9   -9.0   -9   -9.0   -9   -9.0   -9   -9.0   -9 -99.0 -99.0 -99.0 -99.0 -99.0
20260612 235  1.6  1360  20  4.5 1025  23  7.7 1059  20.3  25.4 1412  15.6  339  16.3  27.3  11.4  79.5  45.0 1654  18.5   7.1   5.0 -9.00 1012.1 1013.3 1014.6 1105 1011.8 1728  1.0 10.7 14.6 -9.0 29.13  3.63 1200   -9.0   -9.0 -9.00   -9.0   -9   -9.0   -9   -9.0   -9   -9.0   -9   -9.0   -9 -99.0 -99.0 -99.0 -99.0 -99.0
20260612 236  1.0   861  20  3.7 1645  18  6.2 1636  20.4  28.1 1451  13.4  516  14.1  29.1   9.4  71.3  36.0 1739  16.1  -9.0  -9.0 -9.00 1012.5 1014.1 1015.5  845 1012.1 1744  1.1 10.9 14.6 -9.0 -9.00 -9.00   -9    0.0   -9.0 -9.00   -9.0   -9   -9.0   -9   -9.0   -9   -9.0   -9   -9.0   -9 -99.0 -99.0 -99.0 -99.0 -99.0
20260612 238  1.1   908  34  3.0 1321  36  6.2 1503  20.8  28.0 1433  12.8  526  13.2  28.9   8.1  65.1  35.0 1622  15.2  -9.0  -9.0 -9.00  993.5 1013.2 1015.0  627 1010.8 1700  1.0 12.7 14.6 -9.0 -9.00 -9.00   -9   -9.0   -9.0 -9.00   -9.0   -9   -9.0   -9   -9.0   -9   -9.0   -9   -9.0   -9 -99.0 -99.0 -99.0 -99.0 -99.0
20260612 239  1.2  1079  32  3.4 1445  29  6.2 1437  20.9  28.0 1528  13.7  529  13.5  29.1  11.4  65.9  35.0 1742  15.5   6.9   4.8 -9.00 1002.5 1012.9 1014.7  715 1010.5 1752  0.6  9.8 14.6 -9.0 26.23  3.25 1400   -9.0   -9.0 -9.00   -9.0   -9   -9.0   -9   -9.0   -9   -9.0   -9   -9.0   -9 -99.0 -99.0 -99.0 -99.0 -99.0
20260612 243  1.3  1144  32  3.8 1308  32  6.8 1319  21.1  26.8 1505  15.5  519  14.0  27.8  10.7  68.0  35.0 1456  16.1  -9.0  -9.0 -9.00 1012.7 1014.1 1015.3  828 1012.4 1826  1.0 12.1 14.5 -9.0 -9.00 -9.00   -9   -9.0   -9.0 -9.00   -9.0   -9   -9.0   -9   -9.0   -9   -9.0   -9   -9.0   -9 -99.0 -99.0 -99.0 -99.0 -99.0
20260612 244  0.9   743   2  2.5 1328   5  6.3 1321  20.0  28.5 1441  11.6  514  12.9  24.7   7.7  68.1  36.0 1213  14.9  -9.0  -9.0 -9.00  985.1 1013.6 1015.5  645 1011.0 1741  1.4 10.6 14.5 -9.0 -9.00 -9.00   -9    0.0   -9.0 -9.00    0.0   -9    0.0   -9   -9.0   -9   -9.0   -9   -9.0   -9 -99.0 -99.0 -99.0 -99.0 -99.0
20260612 245  1.5  1315  32  4.1 1513  29  7.2 1528  21.7  29.1 1445  15.1  455  12.9  30.1  10.7  60.9  35.0 1432  15.0   8.5   6.0 -9.00 1005.9 1013.8 1015.1  701 1011.9 1755  1.8 13.1 14.5 -9.0 29.25  3.54 1100   -9.0   -9.0 -9.00   -9.0   -9   -9.0   -9   -9.0   -9   -9.0   -9   -9.0   -9 -99.0 -99.0 -99.0 -99.0 -99.0
20260612 247  1.5  1338  32  3.4 1646  32  5.2 1627  21.2  29.1 1517  13.0  521  13.4  26.8  11.8  65.3  33.0 1615  15.4  -9.0  -9.0 -9.00  998.0 1013.4 1015.3  719 1010.7 1709  1.8 13.1 14.5 -9.0 -9.00 -9.00   -9   -9.0   -9.0 -9.00   -9.0   -9   -9.0   -9   -9.0   -9   -9.0   -9   -9.0   -9 -99.0 -99.0 -99.0 -99.0 -99.0
20260612 248  1.0   864  36  3.8 1310  29  6.5 1510  18.4  26.6 1500   9.9  458  11.8  25.3   6.2  70.3  33.0 1603  13.9  -9.0  -9.0 -9.00  967.3 1014.0 1016.4  439 1011.1 1510  1.5 12.9 14.5 -9.0 -9.00 -9.00   -9   -9.0   -9.0 -9.00   -9.0   -9   -9.0   -9   -9.0   -9   -9.0   -9   -9.0   -9 -99.0 -99.0 -99.0 -99.0 -99.0
20260612 251  1.4  1198  29  4.2 1526  25  6.9 1531  20.8  28.1 1424  14.4  519  14.6  25.6  10.9  71.5  33.0 1256  16.7   7.7   5.4 -9.00 1008.0 1013.8 1015.1    1 1011.9 1732  2.1 13.2 14.5 -9.0 28.55  3.43 1200   -9.0   -9.0 -9.00   -9.0   -9   -9.0   -9   -9.0   -9   -9.0   -9   -9.0   -9 -99.0 -99.0 -99.0 -99.0 -99.0
20260612 252  1.2  1070  25  3.6 1406  25  6.4 1400  20.8  27.7 1331  14.5  500  13.7  26.0  10.1  69.4  31.0 1815  15.9   8.0   5.6 -9.00 1009.6 1013.9 1015.2  811 1012.2 1723  2.5 12.6 14.5 -9.0 30.34  3.75 1200   -9.0   -9.0 -9.00   -9.0   -9   -9.0   -9   -9.0   -9   -9.0   -9   -9.0   -9 -99.0 -99.0 -99.0 -99.0 -99.0
20260612 253  1.7  1470  16  5.0 1504  18  8.6 1525  23.2  30.4 1420  17.2  516  13.1  28.7  13.8  54.6  32.0 1354  15.1   8.3   5.8 -9.00 1007.1 1013.4 1014.8  656 1011.7 1558  2.0 12.2 14.5 -9.0 28.68  3.65 1200   -9.0   -9.0 -9.00   -9.0   -9   -9.0   -9   -9.0   -9   -9.0   -9   -9.0   -9 -99.0 -99.0 -99.0 -99.0 -99.0
20260612 254  1.6  1402  32  4.1 1607  36  6.6 1805  20.9  29.0 1643  12.7  515  12.5  28.1   9.9  62.9  31.0 1616  14.5   8.3   5.8 -9.00  999.1 1014.1 1015.9  637 1011.3 1702  2.4 12.7 14.5 -9.0 30.35  3.72 1200   -9.0   -9.0 -9.00   -9.0   -9   -9.0   -9   -9.0   -9   -9.0   -9   -9.0   -9 -99.0 -99.0 -99.0 -99.0 -99.0
20260612 255  1.3  1103  32  3.2  935  16  5.6 1631  24.0  30.0 1414  17.9  526  13.1  26.4  12.7  52.9  30.0 1431  15.1   7.7   5.4 -9.00 1006.7 1012.5 1013.9  635 1010.5 1550  2.0 13.1 14.5 -9.0 27.83  3.39 1200   -9.0   -9.0 -9.00   -9.0   -9   -9.0   -9   -9.0   -9   -9.0   -9   -9.0   -9 -99.0 -99.0 -99.0 -99.0 -99.0
20260612 257  2.1  1775  20  5.5 1541  20  9.5 1625  23.9  32.0 1448  17.3  459  13.7  30.3  13.5  56.1  32.0 1450  15.8   8.8   6.1 -9.00 1011.7 1012.4 1014.0  703 1010.6 1430  1.4 10.5 14.5 -9.0 28.63  3.56 1200   -9.0   -9.0 -9.00   -9.0   -9   -9.0   -9   -9.0   -9   -9.0   -9   -9.0   -9 -99.0 -99.0 -99.0 -99.0 -99.0
20260612 258  2.6  2226  20  5.0 1434  20  6.7 1431  22.1  28.3 1501  16.3  514  16.0  24.8  14.0  70.4  44.0 1631  18.2   7.7   5.4 -9.00 1013.8 1014.0 1015.7  801 1012.0 1730  3.5 12.9 14.5 -9.0 30.33  3.65 1100   -9.0   -9.0 -9.00   -9.0   -9   -9.0   -9   -9.0   -9   -9.0   -9   -9.0   -9 -99.0 -99.0 -99.0 -99.0 -99.0
20260612 259  1.1   989  25  2.8 1622  27  4.9 1630  21.9  29.4 1426  14.5  509  15.2  26.1  11.8  70.3  35.0 1427  17.4   7.1   5.0 -9.00 1012.0 1013.8 1015.5  816 1011.8 1721  4.6 12.1 14.5 -9.0 27.52  3.35 1100   -9.0   -9.0 -9.00   -9.0   -9   -9.0   -9   -9.0   -9   -9.0   -9   -9.0   -9 -99.0 -99.0 -99.0 -99.0 -99.0
20260612 260  1.4  1223  29  3.3 1605  27  5.3 1421  21.9  28.8 1509  14.1  508  14.9  29.0   6.9  68.8  36.0 1833  17.0  -9.0  -9.0 -9.00 1008.7 1013.8 1015.3  756 1011.6 1722  4.4 13.0 14.5 -9.0 -9.00 -9.00   -9   -9.0   -9.0 -9.00   -9.0   -9   -9.0   -9   -9.0   -9   -9.0   -9   -9.0   -9 -99.0 -99.0 -99.0 -99.0 -99.0
20260612 261  1.6  1349  25  4.6 1604  25  6.5 1559  20.9  27.5 1425  15.0  237  16.0  26.7  11.1  75.9  49.0 1410  18.2  -9.0  -9.0 -9.00 1012.6 1014.5 1015.7  809 1012.8 1718  4.6 12.8 14.5 -9.0 -9.00 -9.00   -9   -9.0   -9.0 -9.00   -9.0   -9   -9.0   -9   -9.0   -9   -9.0   -9   -9.0   -9 -99.0 -99.0 -99.0 -99.0 -99.0
20260612 262  1.8  1543  18  4.2 1628  36  6.9 1130  21.3  28.8 1537  14.7  315  14.3  26.8  15.7  67.5  39.0 1510  16.3   6.8   4.8 -9.00 1007.7 1013.8 1015.3  824 1012.0 1720  4.3 12.1 14.5 -9.0 26.39  2.91 1100   -9.0   -9.0 -9.00   -9.0   -9   -9.0   -9   -9.0   -9   -9.0   -9   -9.0   -9 -99.0 -99.0 -99.0 -99.0 -99.0
20260612 263  1.5  1317  23  4.5 1754  23  7.3 1726  22.1  30.5 1531  12.7  530  13.8  27.3   9.7  63.5  34.0 1508  15.9   8.3   5.8 -9.00 1011.2 1012.8 1014.7  809 1010.5 1756  1.5 11.5 14.5 -9.0 30.28  3.67 1200   -9.0   -9.0 -9.00   -9.0   -9   -9.0   -9   -9.0   -9   -9.0   -9   -9.0   -9 -99.0 -99.0 -99.0 -99.0 -99.0
20260612 264  1.5  1268  29  4.3 1340  34  7.7 1426  21.2  29.7 1520  12.2  515  12.8  25.9  10.0  64.5  33.0 1603  14.8   8.8   6.2 -9.00  995.6 1013.1 1015.0  556 1010.4 1752  1.6 13.2 14.5 -9.0 31.94  3.72 1200   -9.0   -9.0 -9.00   -9.0   -9   -9.0   -9   -9.0   -9   -9.0   -9   -9.0   -9 -99.0 -99.0 -99.0 -99.0 -99.0
20260612 266  1.5  1323  27  3.5  229  25  7.6 1733  22.9  29.5 1458  16.5  553  13.7  32.9  12.2  58.3  37.0 1401  15.9   8.0   5.6 -9.00 1003.4 1013.5 1015.3  759 1011.6 1729  1.9 12.5 14.5 -9.0 30.47  3.70 1200   -9.0   -9.0 -9.00   -9.0   -9   -9.0   -9   -9.0   -9   -9.0   -9   -9.0   -9 -99.0 -99.0 -99.0 -99.0 -99.0
20260612 268  1.1   916  29  3.1 1202  32  5.1 1348  20.5  26.8 1400  13.4  433  15.3  25.2  13.1  76.0  42.0 1511  17.5  -9.0  -9.0 -9.00 1012.0 1013.2 1014.3   17 1011.7 1702  5.3 12.9 14.4 -9.0 -9.00 -9.00   -9   -9.0   -9.0 -9.00   -9.0   -9   -9.0   -9   -9.0   -9   -9.0   -9   -9.0   -9 -99.0 -99.0 -99.0 -99.0 -99.0
20260612 271  1.7  1478  32  4.9 1301  34 10.7 1253  19.2  27.7 1524  10.8  512  10.6  27.2   7.7  63.5  30.0 1408  12.8  -9.0  -9.0 -9.00  975.4 1012.8 1015.2  612 1009.9 1521  0.4 11.9 14.7 -9.0 -9.00 -9.00   -9   -9.0   -9.0 -9.00   -9.0   -9   -9.0   -9   -9.0   -9   -9.0   -9   -9.0   -9 -99.0 -99.0 -99.0 -99.0 -99.0
20260612 272  3.8  3281  32  6.7  120  29 10.4  117  21.4  27.4 1412  16.8  524  11.8  30.4  12.9  56.4  34.0 1457  13.9  -9.0  -9.0 -9.00  988.1 1012.4 1014.2  640 1010.3 1702  0.5 13.2 14.7 -9.0 -9.00 -9.00   -9   -9.0   -9.0 -9.00   -9.0   -9   -9.0   -9   -9.0   -9   -9.0   -9   -9.0   -9 -99.0 -99.0 -99.0 -99.0 -99.0
20260612 273  1.8  1577  27  4.2 1523  32  7.6  306  21.7  28.3 1438  14.4  504  12.3  29.6  10.2  57.3  37.0 1303  14.3  -9.0  -9.0 -9.00  992.2 1012.1 1014.0  611 1010.0 1646  0.5 12.6 14.6 -9.0 -9.00 -9.00   -9   -9.0   -9.0 -9.00   -9.0   -9   -9.0   -9   -9.0   -9   -9.0   -9   -9.0   -9 -99.0 -99.0 -99.0 -99.0 -99.0
20260612 276  1.9  1647  32  4.6 1341  32  8.3 1430  20.4  29.2 1601  11.2  518  11.4  30.1   8.1  62.5  30.0 1556  13.5   8.8   6.2 -9.00  987.8 1011.9 1014.3  639 1009.1 1712  1.9 12.8 14.6 -9.0 30.77  3.73 1200   -9.0   -9.0 -9.00   -9.0   -9   -9.0   -9   -9.0   -9   -9.0   -9   -9.0   -9 -99.0 -99.0 -99.0 -99.0 -99.0
20260612 277  2.0  1766  29  6.5  738  29 11.7  751  22.2  29.0 1209  14.7   55  12.3  28.6  12.2  55.1  36.0 1158  14.3  -9.0  -9.0 -9.00 1006.8 1011.5 1012.8  756 1010.2 1516  1.1 13.0 14.6 -9.0 -9.00 -9.00   -9   -9.0   -9.0 -9.00   -9.0   -9   -9.0   -9   -9.0   -9   -9.0   -9   -9.0   -9 -99.0 -99.0 -99.0 -99.0 -99.0
20260612 278  1.3  1099  29  3.7 1504  25  7.5 1523  21.4  29.9 1443  12.6  527  12.5  29.4   9.3  61.8  32.0 1504  14.5  -9.0  -9.0 -9.00 1002.3 1011.7 1013.9  619 1009.3 1625  0.4 12.1 14.6 -9.0 -9.00 -9.00   -9   -9.0   -9.0 -9.00   -9.0   -9   -9.0   -9   -9.0   -9   -9.0   -9   -9.0   -9 -99.0 -99.0 -99.0 -99.0 -99.0
20260612 279  1.7  1478  27  3.1  739  32  6.1 1645  23.5  31.1 1602  16.4  525  11.8  32.0   9.0  50.3  28.0 1545  13.8   8.7   6.1 -9.00 1006.8 1012.5 1014.4  641 1010.2 1700  0.6 12.7 14.6 -9.0 29.57  3.60 1200   -9.0   -9.0 -9.00   -9.0   -9   -9.0   -9   -9.0   -9   -9.0   -9   -9.0   -9 -99.0 -99.0 -99.0 -99.0 -99.0
20260612 281  2.2  1937  29  4.1  547  32  8.7 1704  23.1  30.0 1540  17.0  427  11.4  31.4  13.3  50.8  27.0 1412  13.5  -9.0  -9.0 -9.00 1001.6 1012.7 1014.4  654 1010.5 1753  1.5 13.0 14.6 -9.0 -9.00 -9.00   -9   -9.0   -9.0 -9.00   -9.0   -9   -9.0   -9   -9.0   -9   -9.0   -9   -9.0   -9 -99.0 -99.0 -99.0 -99.0 -99.0
20260612 283  2.6  2288  29  4.9 1053  27  8.4 1346  22.7  30.8 1536  15.5  304  12.8  29.0  10.9  57.9  27.0 1729  14.8   9.5   6.7 -9.00 1007.8 1012.4 1014.1  705 1010.2 1621  2.0 12.8 14.6 -9.0 30.54  3.69 1200   -9.0   -9.0 -9.00   -9.0   -9   -9.0   -9   -9.0   -9   -9.0   -9   -9.0   -9 -99.0 -99.0 -99.0 -99.0 -99.0
20260612 284  1.5  1332  29  3.8 1634  27  6.7 1436  20.7  30.7 1556  10.7  535  12.7  28.8   6.7  64.3  29.0 1511  14.7   8.0   5.6 -9.00  985.6 1011.9 1014.3  612 1008.8 1556  2.0 13.0 14.5 -9.0 29.69  3.54 1100   -9.0   -9.0 -9.00   -9.0   -9   -9.0   -9   -9.0   -9   -9.0   -9   -9.0   -9 -99.0 -99.0 -99.0 -99.0 -99.0
20260612 285  1.1   952  18  2.7 1636  32  6.9 1634  22.3  30.8 1603  13.7  526  13.3  29.2  11.9  61.3  30.0 1632  15.4  -9.0  -9.0 -9.00 1009.7 1012.8 1014.8  641 1010.3 1633  1.9 12.1 14.5 -9.0 -9.00 -9.00   -9   -9.0   -9.0 -9.00   -9.0   -9   -9.0   -9   -9.0   -9   -9.0   -9   -9.0   -9 -99.0 -99.0 -99.0 -99.0 -99.0
20260612 288  1.6  1360  14  4.3 1913  11  7.7 1908  23.3  30.9 1550  15.6  501  12.8  29.2  15.3  55.4  30.0 1324  14.9   8.4   5.9 -9.00 1010.2 1011.2 1012.8  635 1008.8 1708  1.9 11.6 14.5 -9.0 29.85  3.62 1200   -9.0   -9.0 -9.00   -9.0   -9   -9.0   -9   -9.0   -9   -9.0   -9   -9.0   -9 -99.0 -99.0 -99.0 -99.0 -99.0
20260612 289  1.1   921  11  3.0 1819   2  6.0 1316  21.6  29.5 1429  13.7  519  13.2  28.7  10.6  62.6  32.0 1421  15.2  -9.0  -9.0 -9.00  997.8 1013.7 1015.7  756 1011.1 1746  1.4 10.4 14.5 -9.0 -9.00 -9.00   -9   -9.0   -9.0 -9.00   -9.0   -9   -9.0   -9   -9.0   -9   -9.0   -9   -9.0   -9 -99.0 -99.0 -99.0 -99.0 -99.0
20260612 294  2.0  1716  20  5.0 1742  18  9.7 1747  21.7  26.9 1254  15.8  515  12.7  32.0   9.9  59.1  32.0 1428  14.8  -9.0  -9.0 -9.00 1008.6 1013.8 1015.2  940 1012.4 1756  1.9 12.5 14.5 -9.0 -9.00 -9.00   -9   -9.0   -9.0 -9.00   -9.0   -9   -9.0   -9   -9.0   -9   -9.0   -9   -9.0   -9 -99.0 -99.0 -99.0 -99.0 -99.0
20260612 295  1.2  1074  23  2.9 1735  20  5.6 1723  21.9  28.1 1500  15.6  503  13.4  28.3  10.5  60.6  34.0 1440  15.4  -9.0  -9.0 -9.00 1008.0 1013.3 1015.0  937 1011.5 1737  2.3 12.2 14.5 -9.0 -9.00 -9.00   -9   -9.0   -9.0 -9.00   -9.0   -9   -9.0   -9   -9.0   -9   -9.0   -9   -9.0   -9 -99.0 -99.0 -99.0 -99.0 -99.0
20260612 296  2.0  1688  18  6.6 1656  18 10.6 1633  22.3  30.0 1341  15.1  527  14.2  26.8   9.5  63.0  35.0 1356  16.2   8.5   5.9 -9.00 1011.6 1011.9 1013.4  700 1010.2 1414  2.0 12.1 14.5 -9.0 30.19  3.66 1200   -9.0   -9.0 -9.00   -9.0   -9   -9.0   -9   -9.0   -9   -9.0   -9   -9.0   -9 -99.0 -99.0 -99.0 -99.0 -99.0
20260613  90  2.3  1956  14  6.2 1342  14 10.2 1716  23.9  28.7 1124  19.2 2344  12.0  27.2  15.1  48.9  28.0 1558  14.1   9.1   6.4 -9.00 1008.4 1010.4 1011.6  812 1009.1 1809  1.9 13.6 14.8 -9.0 29.35  3.49 1200   -9.0   -9.0 -9.00   -9.0   -9   -9.0   -9   -9.0   -9   -9.0   -9   -9.0   -9 -99.0 -99.0 -99.0 -99.0 -99.0
20260613  93  0.7   615  23  2.5 1734  27  4.9 1354  21.7  30.6 1549  12.9  510  12.9  29.5  11.1  63.0  24.0 1610  14.9   7.9   5.6 -9.00 1000.7 1011.8 1014.9  648 1008.5 1735  0.9 13.3 14.8 -9.0 29.58  3.53 1200   -9.0   -9.0 -9.00   -9.0   -9   -9.0   -9   -9.0   -9   -9.0   -9   -9.0   -9  23.1  21.3  19.1  14.8  13.1
20260613  95  0.8   732  23  2.4 1611  25  5.1 1607  21.2  29.0 1524  12.3  515  13.4  24.1  11.7  66.3  29.0 1455  15.5   7.7   5.4 -9.00  994.1 1012.1 1014.8  630 1008.8 1752  2.0 13.3 14.8 -9.0 29.95  3.50 1100   -9.0   -9.0 -9.00   -9.0   -9   -9.0   -9   -9.0   -9   -9.0   -9   -9.0   -9 -99.0 -99.0 -99.0 -99.0 -99.0
20260613  98  0.7   604  27  2.6 1800  29  5.3 1804  22.6  31.1 1501  13.3  458  11.8  32.1   9.6  54.0  25.0 1421  13.9   7.9   5.5 -9.00  998.2 1011.5 1014.0  617 1008.5 1721  1.3 12.0 14.8 -9.0 28.67  3.52 1200   -9.0   -9.0 -9.00   -9.0   -9   -9.0   -9   -9.0   -9   -9.0   -9   -9.0   -9 -99.0 -99.0 -99.0 -99.0 -99.0
20260613  99  0.8   716  29  3.0 1652  29  6.4 1643  21.1  29.9 1446  13.1  451  14.4  28.7  10.6  70.0  37.0 1526  16.5   7.3   5.1 -9.00 1008.7 1012.3 1014.5  754 1009.6 1803  1.1 12.3 14.8 -9.0 28.05  3.47 1200   -9.0   -9.0 -9.00   -9.0   -9   -9.0   -9   -9.0   -9   -9.0   -9   -9.0   -9 -99.0 -99.0 -99.0 -99.0 -99.0
20260613 100  1.7  1487   9  3.8 1402  11  6.9 1416  18.1  27.1 1306  10.6  527   9.5  24.3   6.4  62.1  30.0 1248  11.9   8.0   5.6 -9.00  925.1 1011.6 1014.8  538 1008.0 1451  2.0 12.3 14.7 -9.0 29.90  3.59 1100   -9.0   -9.0 -9.00   -9.0   -9   -9.0   -9   -9.0   -9   -9.0   -9   -9.0   -9 -99.0 -99.0 -99.0 -99.0 -99.0
20260613 101  1.3  1134  23  2.6 1707  27  4.9 1201  22.0  31.1 1615  13.0  523  13.0  29.6   9.2  61.6  29.0 1611  15.1   8.3   5.8 -9.00 1002.0 1010.8 1013.9  653 1007.3 1812  0.9 13.7 14.8 -9.0 29.51  3.54 1200   -9.0   -9.0 -9.00   -9.0   -9   -9.0   -9   -9.0   -9   -9.0   -9   -9.0   -9  22.5  19.8  17.8  15.2  15.0
20260613 102  4.7  4100  14  7.1 1640  18 10.5 1848  18.9  21.5 1504  15.8   50  16.4  29.5  15.7  86.4  72.0 1448  18.7   5.1   3.6  7.42 1005.8 1010.0 1011.8  954 1008.1 1918  5.6  6.8 14.8 -9.0 25.50  3.31 1400   -9.0   -9.0 -9.00   -9.0   -9   -9.0   -9   -9.0   -9   -9.0   -9   -9.0   -9 -99.0 -99.0 -99.0 -99.0 -99.0
20260613 104  1.7  1428  11  3.8 1413  14  8.0 1504  23.6  29.5 1208  18.1 2359  11.3  28.5  13.0  48.3  31.0 1431  13.4   9.0   6.3 -9.00 1000.9 1009.5 1010.7  644 1008.0 1759  0.8 13.7 14.8 -9.0 30.36  3.56 1200   -9.0   -9.0 -9.00   -9.0   -9   -9.0   -9   -9.0   -9   -9.0   -9   -9.0   -9  21.7  19.4  17.7  14.1  13.3
20260613 105  2.4  2060  14  4.6 1555  23  7.5    2  25.4  30.2 1244  20.5 2350   9.9  30.4  16.4  38.9  25.0 1532  12.2  10.1   7.1 -9.00 1007.3 1010.4 1011.7  821 1009.0 1800  0.8 13.3 14.8 -9.0 28.70  3.40 1200   -9.0   -9.0 -9.00   -9.0   -9   -9.0   -9   -9.0   -9   -9.0   -9   -9.0   -9  22.3  20.3  19.3  15.6  14.7
20260613 106  2.4  2060  14  5.8 1437  14  8.9 1431  23.3  28.6  918  18.3 2359  12.9  30.5  12.5  54.5  31.0 1332  15.1   9.1   6.4 -9.00 1006.3 1011.0 1012.1  831 1009.9 1747  0.6 12.7 14.7 -9.0 30.27  3.59 1200   -9.0   -9.0 -9.00   -9.0   -9   -9.0   -9   -9.0   -9   -9.0   -9   -9.0   -9 -99.0 -99.0 -99.0 -99.0 -99.0
20260613 108  1.8  1585  27  3.7 1658  27  6.6 1713  24.1  31.9 1541  16.7  546  12.5  31.3  10.3  51.4  27.0 1543  14.5   9.5   6.6 -9.00 1001.6 1011.4 1013.7  627 1008.7 1747  1.6 13.3 14.7 -9.0 29.74  3.52 1100   -9.0   -9.0 -9.00   -9.0   -9   -9.0   -9   -9.0   -9   -9.0   -9   -9.0   -9  22.7  20.3  19.3  15.4  13.8
20260613 112  1.8  1566  25  3.7 1100  23  6.2 1350  23.0  28.2 1616  17.7  517  15.4  26.4  13.5  66.4  30.0 1502  17.7   8.2   5.7 -9.00 1003.6 1011.5 1013.3  810 1009.4 1728  1.5 13.2 14.7 -9.0 29.61  3.54 1200   -9.0   -9.0 -9.00   -9.0   -9   -9.0   -9   -9.0   -9   -9.0   -9   -9.0   -9  21.6  19.9  14.6  17.5  13.7
20260613 114  1.3  1148  27  3.5 1557  32  7.1 1550  22.9  30.9 1515  14.7  523  11.9  30.3  11.3  54.6  26.0 1547  14.0   9.1   6.3 -9.00  994.2 1011.4 1014.3  635 1008.1 1707  0.1 13.5 14.7 -9.0 30.37  3.62 1200   -9.0   -9.0 -9.00   -9.0   -9   -9.0   -9   -9.0   -9   -9.0   -9   -9.0   -9 -99.0 -99.0 -99.0 -99.0 -99.0
20260613 115  2.8  2379  25  6.1   42  23 10.3   22  23.4  26.7 1152  20.8 2348  14.1  31.1  13.3  56.8  40.0 1028  16.2   8.1   5.7 -9.00  986.3 1011.5 1012.3  938 1010.5  323  0.0 13.1 14.7 -9.0 28.40  3.40 1200   -9.0   -9.0 -9.00   -9.0   -9   -9.0   -9   -9.0   -9   -9.0   -9   -9.0   -9  20.3  17.3  16.3  12.8  13.2
20260613 119  1.6  1342  29  4.2 1854  32  6.6 1832  22.8  30.8 1640  14.5  457  11.4  33.1  10.7  54.6  15.0 1549  13.7   9.3   6.5 -9.00 1006.7 1011.3 1013.5  644 1008.5 1710  1.0 13.3 14.7 -9.0 29.39  3.60 1200   -9.0   -9.0 -9.00   -9.0   -9   -9.0   -9   -9.0   -9   -9.0   -9   -9.0   -9  22.5  19.9  17.8  13.9  12.9
20260613 121  1.1   966  27  3.1 1803  23  5.4 1526  21.8  31.5 1515  12.2  533  12.1  30.5   9.1  61.0  23.0 1702  14.2   9.0   6.3 -9.00  984.3 1011.8 1015.5  629 1007.6 1728  0.8 12.9 14.7 -9.0 30.53  3.64 1200   -9.0   -9.0 -9.00   -9.0   -9   -9.0   -9   -9.0   -9   -9.0   -9   -9.0   -9 -99.0 -99.0 -99.0 -99.0 -99.0
20260613 127  1.1   917  34  3.1 1424  23  6.2 1402  22.5  31.3 1544  13.6  447  11.1  30.0  10.8  54.9  23.0 1542  13.3   9.1   6.4 -9.00  997.6 1010.8 1013.4  632 1007.6 1756  0.0 12.6 14.7 -9.0 30.57  3.65 1200   -9.0   -9.0 -9.00   -9.0   -9   -9.0   -9   -9.0   -9   -9.0   -9   -9.0   -9 -99.0 -99.0 -99.0 -99.0 -99.0
20260613 129  2.0  1762  25  4.2 1443  18  6.9 2123  22.7  29.2 1408  14.8  523  15.8  31.7   9.5  69.5  32.0 1549  18.2   8.4   5.9 -9.00 1008.8 1011.7 1013.6    1 1009.9 1637  1.8 12.7 14.7 -9.0 30.26  3.67 1200   -9.0   -9.0 -9.00   -9.0   -9   -9.0   -9   -9.0   -9   -9.0   -9   -9.0   -9  22.6  20.0  20.0  14.7  14.9
20260613 130  1.7  1467  16  3.2 1203  16  5.5 1014  21.3  27.0  853  15.2  504  15.4  27.3  12.4  70.9  39.0  830  17.6  -9.0  -9.0 -9.00 1005.7 1011.4 1012.6  854 1010.1 1754  0.0 14.0 14.7 -9.0 -9.00 -9.00   -9   -9.0   -9.0 -9.00   -9.0   -9   -9.0   -9   -9.0   -9   -9.0   -9   -9.0   -9 -99.0 -99.0 -99.0 -99.0 -99.0
20260613 131  1.1   955  27  2.6 1607  18  5.4 1531  25.4  32.4 1511  17.5  525  10.2  32.9  12.1  43.8  14.0 1534  12.9   9.8   6.9 -9.00 1004.5 1011.2 1013.6  656 1008.1 1744  0.8 -9.0 14.7 -9.0 -9.00  3.81 1200   -9.0   -9.0 -9.00   -9.0   -9   -9.0   -9   -9.0   -9   -9.0   -9   -9.0   -9 -99.0 -99.0 -99.0 -99.0 -99.0
20260613 133  1.4  1252  18  3.0 1411  18  5.9 1542  24.2  32.1 1453  14.7  519  11.3  31.6  11.0  50.5  17.0 1405  13.7   9.7   6.8 -9.00 1003.9 1011.7 1014.1  702 1008.7 1757  1.1 13.4 14.6 -9.0 31.36  3.74 1200   -9.0   -9.0 -9.00   -9.0   -9   -9.0   -9   -9.0   -9   -9.0   -9   -9.0   -9  24.4  22.6  20.4  16.8  16.0
20260613 135  0.4   358   9  3.7 1440   9  6.6 1259  21.7  30.3 1546  11.1  445  10.3  30.2   8.2  54.5  24.0 1226  12.6   8.0   5.6 -9.00  983.2 1011.2 1014.2  652 1007.8 1736  1.4 13.3 14.6 -9.0 31.60  3.70 1100   -9.0   -9.0 -9.00   -9.0   -9   -9.0   -9   -9.0   -9   -9.0   -9   -9.0   -9 -99.0 -99.0 -99.0 -99.0 -99.0
20260613 136  1.1   938  29  2.9 1455  27  5.7 1616  23.5  31.8 1415  13.6  454  10.8  34.1  11.6  50.0  22.0 1705  13.0   9.7   6.8 -9.00  995.9 1012.1 1014.7  657 1008.9 1811  0.0 13.5 14.6 -9.0 31.40  3.73 1200   -9.0   -9.0 -9.00   -9.0   -9   -9.0   -9   -9.0   -9   -9.0   -9   -9.0   -9 -99.0 -99.0 -99.0 -99.0 -99.0
20260613 137  0.8   727  25  2.5  157  20  4.1 1608  24.4  32.7 1605  14.8  534  11.4  31.5  10.0  49.9  17.0 1324  13.6   9.2   6.5 -9.00  999.4 1010.4 1013.1  655 1007.4 1751  0.5 13.9 14.6 -9.0 31.07  3.60 1200   -9.0   -9.0 -9.00   -9.0   -9   -9.0   -9   -9.0   -9   -9.0   -9   -9.0   -9 -99.0 -99.0 -99.0 -99.0 -99.0
20260613 138  2.9  2492  16  6.0 1649  16  9.4 1523  25.5  30.0 1207  19.9  535  10.4  30.6  18.2  41.0  18.0 1156  12.8  11.0   7.7 -9.00 1010.3 1010.8 1012.5  810 1008.6 1634  0.0 13.6 14.6 -9.0 30.12  3.60 1200   -9.0   -9.0 -9.00   -9.0   -9   -9.0   -9   -9.0   -9   -9.0   -9   -9.0   -9  21.6  19.1  18.0  15.9  15.7
20260613 140  1.8  1594  32  5.1 1502  29  6.6 1457  22.5  29.5 1335  15.3  510  16.5  31.8   9.1  71.5  22.0 1321  19.0  -9.0  -9.0 -9.00 1009.3 1012.6 1014.5    1 1010.6 1614  2.8 11.4 14.6 -9.0 -9.00 -9.00   -9   -9.0   -9.0 -9.00   -9.0   -9   -9.0   -9   -9.0   -9   -9.0   -9   -9.0   -9 -99.0 -99.0 -99.0 -99.0 -99.0
20260613 143  1.3  1130  27  2.9 1705  20  6.0 1914  25.3  32.7 1617  17.0  521  10.0  31.8  12.5  43.6  16.0 1331  12.6  10.1   7.0 -9.00 1004.6 1010.8 1013.1  724 1007.9 1612  0.5 13.5 14.6 -9.0 30.68  3.64 1200   -9.0   -9.0 -9.00   -9.0   -9   -9.0   -9   -9.0   -9   -9.0   -9   -9.0   -9 -99.0 -99.0 -99.0 -99.0 -99.0
20260613 146  1.9  1670  27  4.9 1719  32  7.9 1723  24.3  32.4 1527  15.3  543  14.3  33.0   8.4  57.5  28.0 1334  16.6   9.1   6.3 -9.00 1004.5 1011.4 1013.8    1 1008.6 1618  2.1 13.1 14.6 -9.0 29.89  3.57 1200   -9.0   -9.0 -9.00   -9.0   -9   -9.0   -9   -9.0   -9   -9.0   -9   -9.0   -9 -99.0 -99.0 -99.0 -99.0 -99.0
20260613 152  1.5  1273  20  4.1 1711  11  7.5 1255  23.1  28.8 1632  17.3  507  11.7  28.6  12.7  51.9  19.0 1735  14.0   8.7   6.1 -9.00 1001.8 1011.1 1012.5  817 1009.1 1620  1.6 13.1 14.5 -9.0 30.19  3.55 1200   -9.0   -9.0 -9.00   -9.0   -9   -9.0   -9   -9.0   -9   -9.0   -9   -9.0   -9 -99.0 -99.0 -99.0 -99.0 -99.0
20260613 155  1.8  1544  16  4.9 1332  23  7.6 1554  23.5  29.9 1233  17.7  449  15.5  32.9  14.2  63.1  33.0 1234  17.6   8.3   5.8 -9.00 1008.0 1012.1 1013.6  715 1010.5 1735  1.8 12.8 14.5 -9.0 29.98  3.65 1200   -9.0   -9.0 -9.00   -9.0   -9   -9.0   -9   -9.0   -9   -9.0   -9   -9.0   -9 -99.0 -99.0 -99.0 -99.0 -99.0
20260613 156  1.8  1586  23  4.5 1700  23  9.1 1724  24.2  31.4 1518  17.4  533  15.7  30.6  11.6  62.0  33.0 1203  18.0   8.2   5.7 -9.00 1003.7 1011.8 1013.8    1 1009.3 1626  2.9 11.1 14.5 -9.0 27.99  3.55 1200   -9.0   -9.0 -9.00   -9.0   -9   -9.0   -9   -9.0   -9   -9.0   -9   -9.0   -9 -99.0 -99.0 -99.0 -99.0 -99.0
20260613 159  3.2  2741  23  6.9 1214  25  9.7 1212  23.4  29.0  956  20.2  425  15.5  32.6  13.9  62.1  43.0  953  17.7   8.5   5.9 -9.00 1003.6 1011.6 1012.7  815 1010.4 1654  3.1 12.4 14.5 -9.0 31.10  3.80 1200   -9.0   -9.0 -9.00   -9.0   -9   -9.0   -9   -9.0   -9   -9.0   -9   -9.0   -9  23.0  20.9  20.0  16.3  16.9
20260613 162  1.9  1613  18  4.3 1435  18  7.3 1341  21.5  25.2  939  17.7  509  18.0  29.4  12.9  81.9  57.0 1620  20.7   6.8   4.7 -9.00 1008.1 1011.8 1012.9  658 1010.4 1626  3.3 12.6 14.5 -9.0 29.56  3.58 1200   -9.0   -9.0 -9.00   -9.0   -9   -9.0   -9   -9.0   -9   -9.0   -9   -9.0   -9 -99.0 -99.0 -99.0 -99.0 -99.0
20260613 165  3.2  2755  18  5.6 1443  16  8.8 1619  23.2  27.7 1342  18.8  545  19.0  27.0  15.4  79.0  53.0 1319  22.0   7.0   4.9 -9.00 1006.9 1012.1 1013.9    1 1010.5 1633  4.4  8.4 14.5 -9.0 27.01  3.58 1200   -9.0   -9.0 -9.00   -9.0   -9   -9.0   -9   -9.0   -9   -9.0   -9   -9.0   -9  23.2  21.4  19.3  16.9  15.2
20260613 168  2.4  2071  23  5.3 1427  25  7.0 1412  22.5  26.4 1258  18.8  506  17.2  27.3  15.6  73.6  45.0 1227  19.6   7.3   5.1 -9.00 1005.0 1012.6 1014.2  811 1011.2 1654  5.3 13.2 14.5 -9.0 28.84  3.56 1200   -9.0   -9.0 -9.00   -9.0   -9   -9.0   -9   -9.0   -9   -9.0   -9   -9.0   -9  24.0  21.3  19.4  16.8  16.6
20260613 169  6.1  5292  16  8.7 1045  18 11.7 1048  20.2  24.0 1443  18.4  440  18.8  23.9  20.3  92.1  77.0 1431  21.7   2.6   1.8  9.85 1002.5 1011.3 1013.2    7 1009.9 1803  8.5  0.3 14.5 -9.0 10.56  1.89 1400   -9.0   -9.0 -9.00   -9.0   -9   -9.0   -9   -9.0   -9   -9.0   -9   -9.0   -9 -99.0 -99.0 -99.0 -99.0 -99.0
20260613 170  1.8  1585  14  4.3 1524  11  6.7 1501  23.2  29.5 1426  17.0  525  18.5  28.3  14.8  76.5  57.0 1357  21.4   6.6   4.6 -9.00 1008.6 1012.6 1014.2    1 1011.2 1724  5.8 11.4 14.4 -9.0 25.75  3.41 1200   -9.0   -9.0 -9.00   -9.0   -9   -9.0   -9   -9.0   -9   -9.0   -9   -9.0   -9 -99.0 -99.0 -99.0 -99.0 -99.0
20260613 172  2.3  1953  23  6.3 1752  23  9.6 1733  23.2  30.2 1452  14.7  521  15.5  27.6   9.7  65.9  29.0 1627  17.6   8.7   6.1 -9.00 1005.4 1011.4 1013.7    5 1009.1 1619  2.5 11.3 14.5 -9.0 29.01  3.64 1200   -9.0   -9.0 -9.00   -9.0   -9   -9.0   -9   -9.0   -9   -9.0   -9   -9.0   -9 -99.0 -99.0 -99.0 -99.0 -99.0
20260613 174  1.1   962  20  3.7 1552  16  7.0 1514  20.4  28.5 1330  11.7  517  13.9  30.7  10.4  71.0  31.0 1301  16.1  -9.0  -9.0 -9.00  991.8 1010.8 1012.7  110 1008.5 1635  1.8 11.7 14.5 -9.0 -9.00 -9.00   -9   -9.0   -9.0 -9.00   -9.0   -9   -9.0   -9   -9.0   -9   -9.0   -9   -9.0   -9 -99.0 -99.0 -99.0 -99.0 -99.0
20260613 177  1.9  1675  20  5.0 1835  18  7.7 1849  23.1  31.1 1407  14.0  526  15.8  31.2  10.9  67.3  24.0 1429  18.1   8.8   6.2 -9.00 1007.1 1010.3 1012.4    7 1008.0 1613  2.1 13.0 14.7 -9.0 30.43  3.67 1200   -9.0   -9.0 -9.00   -9.0   -9   -9.0   -9   -9.0   -9   -9.0   -9   -9.0   -9 -99.0 -99.0 -99.0 -99.0 -99.0
20260613 181  1.3  1142  25  3.3 1528  25  5.3 1519  23.2  31.8 1633  13.6  512  11.4  32.6   6.9  55.4  18.0 1451  13.9   9.6   6.7 -9.00 1007.9 1011.8 1014.2  654 1008.9 1743  1.3 13.6 14.7 -9.0 31.58  3.71 1200   -9.0   -9.0 -9.00   -9.0   -9   -9.0   -9   -9.0   -9   -9.0   -9   -9.0   -9 -99.0 -99.0 -99.0 -99.0 -99.0
20260613 184  2.0  1715   5  5.0 1121   5  7.3 1117  23.7  26.7 1002  20.0  517  16.3  30.7  15.5  64.3  45.0 1141  18.8   5.5   3.8 -9.00 1009.4 1011.8 1013.5    2 1010.5 1748  8.1  6.9 14.4 -9.0 20.16  2.54 1100   -9.0    0.0 -9.00   -9.0   -9   -9.0   -9   -9.0   -9   -9.0   -9   -9.0   -9  23.8  22.2  21.6  19.4  16.7
20260613 185  4.6  3982  14  6.8 1035  16  8.9 1032  22.2  25.0 1205  19.0  357  19.2  26.7  17.0  83.8  70.0 1300  22.3   5.2   3.7 -9.00 1004.0 1012.3 1014.0    1 1010.9 1649  8.4  6.8 14.3 -9.0 22.95  3.34 1100   -9.0   -9.0 -9.00   -9.0   -9   -9.0   -9   -9.0   -9   -9.0   -9   -9.0   -9 -99.0 -99.0 -99.0 -99.0 -99.0
20260613 188  2.5  2194  18  5.1 1505  18  7.3 1441  22.6  26.2 1211  18.9  232  18.3  25.3  15.7  77.5  52.0  351  21.5  -9.0  -9.0 -9.00 1010.5 1012.8 1014.4    1 1011.6 1741  8.1  6.5 14.4 -9.0 -9.00 -9.00   -9   -9.0   -9.0 -9.00   -9.0   -9   -9.0   -9   -9.0   -9   -9.0   -9   -9.0   -9 -99.0 -99.0 -99.0 -99.0 -99.0
20260613 189  1.9  1620  23  3.6 1429  23  6.0 1055  23.7  27.7 1248  21.3  134  18.0  27.0  18.5  71.5  45.0  145  21.1   5.4   3.8 -9.00 1006.9 1012.8 1014.5    1 1011.7 1657  8.6  6.6 14.3 -9.0 21.99  3.32 1200   -9.0    0.0 -9.00   -9.0   -9   -9.0   -9   -9.0   -9   -9.0   -9   -9.0   -9 -99.0 -99.0 -99.0 -99.0 -99.0
20260613 192  0.9   787  18  2.7 1506  20  6.1 1659  21.6  29.0 1334  14.3  512  15.4  30.9  11.5  71.5  41.0 1118  17.6   7.3   5.1 -9.00 1008.8 1012.2 1013.9  702 1010.3 1722  1.0 12.6 14.5 -9.0 29.68  3.53 1200   -9.0   -9.0 -9.00   -9.0   -9   -9.0   -9   -9.0   -9   -9.0   -9   -9.0   -9 -99.0 -99.0 -99.0 -99.0 -99.0
20260613 201  1.5  1273  25  4.4 1408  25  6.4 1402  21.0  27.6 1251  14.6  510  14.9  27.0   9.6  72.3  37.0 1652  17.0  -9.0  -9.0 -9.00 1006.8 1012.4 1014.3  804 1010.1 1754  1.8 12.4 14.8 -9.0 -9.00 -9.00   -9   -9.0   -9.0 -9.00   -9.0   -9   -9.0   -9   -9.0   -9   -9.0   -9   -9.0   -9 -99.0 -99.0 -99.0 -99.0 -99.0
20260613 202  1.1   928  18  3.1 1002  16  4.7  956  22.6  29.7 1526  14.3  534  12.1  31.2  10.8  56.4  27.0 1754  14.2  -9.0  -9.0 -9.00 1006.3 1011.8 1014.1  635 1008.9 1759  0.1 12.6 14.7 -9.0 -9.00 -9.00   -9   -9.0   -9.0 -9.00   -9.0   -9   -9.0   -9   -9.0   -9   -9.0   -9   -9.0   -9 -99.0 -99.0 -99.0 -99.0 -99.0
20260613 203  0.8   668  25  2.4 2101  18  5.1 1002  23.3  31.4 1552  13.7  526  12.9  32.6  11.2  58.3  25.0 1510  14.9  -9.0  -9.0 -9.00 1002.9 1012.1 1014.5  657 1009.1 1743  0.0 11.0 14.7 -9.0 -9.00 -9.00   -9   -9.0   -9.0 -9.00   -9.0   -9   -9.0   -9   -9.0   -9   -9.0   -9   -9.0   -9 -99.0 -99.0 -99.0 -99.0 -99.0
20260613 211  1.0   876  23  3.3 1126  23  5.6 1405  20.9  29.9 1546  12.4  454  12.4  27.1   7.6  62.6  27.0 1636  14.4  -9.0  -9.0 -9.00  988.2 1011.4 1014.6  633 1007.7 1655  1.6 12.0 14.8 -9.0 -9.00 -9.00   -9   -9.0   -9.0 -9.00   -9.0   -9   -9.0   -9   -9.0   -9   -9.0   -9   -9.0   -9 -99.0 -99.0 -99.0 -99.0 -99.0
20260613 212  1.0   822  29  3.0 1658  27  5.1 1806  22.0  31.0 1601  13.1  530  11.3  28.3  10.6  56.9  23.0 1015  13.4  -9.0  -9.0 -9.00  995.9 1012.0 1015.2  651 1008.7 1714  1.1 12.9 14.8 -9.0 -9.00 -9.00   -9   -9.0   -9.0 -9.00   -9.0   -9   -9.0   -9   -9.0   -9   -9.0   -9   -9.0   -9 -99.0 -99.0 -99.0 -99.0 -99.0
20260613 216  1.2  1009   7  3.0 1309   7  6.5 1302  20.2  27.8 1144  12.9 2349   8.7  23.4  11.4  51.3  22.0 1103  11.3   6.3   4.4 -9.00  931.6 1011.2 1014.0 2329 1007.8 1529  1.1  9.1 14.7 -9.0 23.22  3.65 1100   -9.0   -9.0 -9.00   -9.0   -9   -9.0   -9   -9.0   -9   -9.0   -9   -9.0   -9 -99.0 -99.0 -99.0 -99.0 -99.0
20260613 217  1.0   841  18  3.6 1400  18  5.6 1355  20.9  32.1 1459  10.7  518  10.7  29.7  10.5  58.8  23.0 1301  12.9  -9.0  -9.0 -9.00  976.2 1011.9 1015.9  646 1007.5 1605  0.9 10.4 14.7 -9.0 -9.00 -9.00   -9   -9.0   -9.0 -9.00   -9.0   -9   -9.0   -9   -9.0   -9   -9.0   -9   -9.0   -9 -99.0 -99.0 -99.0 -99.0 -99.0
20260613 221  1.0   867  23  3.1 1618  23  5.2 1257  20.6  29.5 1550  11.7  530  10.8  30.2   8.4  61.1  24.0 1759  13.1  -9.0  -9.0 -9.00  981.3 1011.7 1014.7  625 1008.1 1712  0.0 13.4 14.7 -9.0 -9.00 -9.00   -9   -9.0   -9.0 -9.00   -9.0   -9   -9.0   -9   -9.0   -9   -9.0   -9   -9.0   -9 -99.0 -99.0 -99.0 -99.0 -99.0
20260613 226  0.8   713  18  2.7 1406  18  4.5 1401  21.6  30.6 1650  12.4  500  10.2  29.1   5.4  57.6  14.0 1408  12.7  -9.0  -9.0 -9.00  992.2 1011.9 1014.6  643 1008.6 1725  0.0 13.0 14.6 -9.0 -9.00 -9.00   -9   -9.0   -9.0 -9.00   -9.0   -9   -9.0   -9   -9.0   -9   -9.0   -9   -9.0   -9 -99.0 -99.0 -99.0 -99.0 -99.0
20260613 232  1.0   854  14  2.8 1506   5  5.6 1431  22.6  30.7 1655  13.2  454  11.7  32.1   8.4  59.6  18.0 1454  14.3  -9.0  -9.0 -9.00 1002.4 1012.2 1014.6  642 1009.4 1729  1.1 13.4 14.7 -9.0 -9.00 -9.00   -9   -9.0   -9.0 -9.00   -9.0   -9   -9.0   -9   -9.0   -9   -9.0   -9   -9.0   -9 -99.0 -99.0 -99.0 -99.0 -99.0
20260613 235  2.2  1932  20  4.2 1046  23  6.6 1314  22.3  28.1 1228  14.6  334  16.0  28.4  10.1  69.4  41.0 1149  18.5   7.6   5.3 -9.00 1010.1 1011.2 1013.0    1 1009.5 1625  3.0 11.8 14.6 -9.0 29.17  3.58 1200   -9.0   -9.0 -9.00   -9.0   -9   -9.0   -9   -9.0   -9   -9.0   -9   -9.0   -9 -99.0 -99.0 -99.0 -99.0 -99.0
20260613 236  0.8   705  25  3.0 1706  27  7.5 1819  22.3  30.8 1456  12.6  443  14.8  30.6   8.3  67.6  28.0 1403  17.0  -9.0  -9.0 -9.00 1010.5 1012.1 1014.1  719 1009.6 1622  2.0 12.4 14.6 -9.0 -9.00 -9.00   -9   -9.0   -9.0 -9.00   -9.0   -9   -9.0   -9   -9.0   -9   -9.0   -9   -9.0   -9 -99.0 -99.0 -99.0 -99.0 -99.0
20260613 238  1.0   894   2  2.6 1420   2  5.7 1419  22.8  31.9 1557  11.8  533  12.4  30.4   5.8  58.6  22.0 1548  14.7  -9.0  -9.0 -9.00  991.6 1011.1 1014.0  703 1007.9 1614  1.1 12.9 14.6 -9.0 -9.00 -9.00   -9   -9.0   -9.0 -9.00   -9.0   -9   -9.0   -9   -9.0   -9   -9.0   -9   -9.0   -9 -99.0 -99.0 -99.0 -99.0 -99.0
20260613 239  1.0   901  27  2.3 1335  20  4.7 1519  22.9  31.1 1555  13.7  538  12.7  30.7  10.7  58.6  21.0 1600  14.8   8.6   6.0 -9.00 1000.8 1011.1 1013.7  654 1008.0 1756  1.4 12.4 14.6 -9.0 30.64  3.67 1200   -9.0   -9.0 -9.00   -9.0   -9   -9.0   -9   -9.0   -9   -9.0   -9   -9.0   -9 -99.0 -99.0 -99.0 -99.0 -99.0
20260613 243  1.5  1330  29  4.0 1736  29  6.9 1729  23.3  30.0 1232  15.0  502  14.8  28.8  10.0  62.6  24.0 1213  17.2  -9.0  -9.0 -9.00 1010.5 1011.9 1013.9   18 1009.7 1656  3.6 10.9 14.6 -9.0 -9.00 -9.00   -9   -9.0   -9.0 -9.00   -9.0   -9   -9.0   -9   -9.0   -9   -9.0   -9   -9.0   -9 -99.0 -99.0 -99.0 -99.0 -99.0
20260613 244  1.2  1077  27  3.4 1621  27  5.5 1616  22.4  29.8 1456  12.0  449  11.9  26.8   7.6  57.9  26.0 1307  14.1  -9.0  -9.0 -9.00  983.4 1011.6 1014.2    1 1008.5 1700  2.1 12.6 14.5 -9.0 -9.00 -9.00   -9   -9.0   -9.0 -9.00   -9.0   -9   -9.0   -9   -9.0   -9   -9.0   -9   -9.0   -9 -99.0 -99.0 -99.0 -99.0 -99.0
20260613 245  2.1  1831  23  5.4 1605  23  9.1 1446  23.7  31.5 1340  14.3  414  13.1  30.4   9.3  55.9  24.0 1304  15.4   9.0   6.3 -9.00 1003.7 1011.6 1013.9    1 1009.1 1650  3.5 11.4 14.5 -9.0 27.61  3.52 1200   -9.0   -9.0 -9.00   -9.0   -9   -9.0   -9   -9.0   -9   -9.0   -9   -9.0   -9 -99.0 -99.0 -99.0 -99.0 -99.0
20260613 247  2.2  1885  20  4.6 1803  20  8.8 1803  22.9  30.9 1446  14.3  504  14.2  28.3  12.8  62.1  30.0 1226  16.4  -9.0  -9.0 -9.00  996.3 1011.6 1013.8    1 1008.6 1630  2.1 13.1 14.5 -9.0 -9.00 -9.00   -9   -9.0   -9.0 -9.00   -9.0   -9   -9.0   -9   -9.0   -9   -9.0   -9   -9.0   -9 -99.0 -99.0 -99.0 -99.0 -99.0
20260613 248  1.1   993  27  3.4 1659  25  6.3 1624  21.1  29.2 1518  10.6  530  11.5  26.6   6.7  61.4  27.0 1244  13.7  -9.0  -9.0 -9.00  965.8 1012.0 1015.2    1 1008.7 1624  1.6 12.6 14.5 -9.0 -9.00 -9.00   -9   -9.0   -9.0 -9.00   -9.0   -9   -9.0   -9   -9.0   -9   -9.0   -9   -9.0   -9 -99.0 -99.0 -99.0 -99.0 -99.0
20260613 251  2.0  1699  25  5.8 1801  23  8.5 1759  23.2  30.5 1617  14.3  438  16.3  27.2  10.8  67.8  33.0 1329  18.7   7.6   5.3 -9.00 1005.8 1011.6 1013.9    1 1009.1 1633  3.8 11.3 14.5 -9.0 27.10  3.35 1200   -9.0   -9.0 -9.00   -9.0   -9   -9.0   -9   -9.0   -9   -9.0   -9   -9.0   -9 -99.0 -99.0 -99.0 -99.0 -99.0
20260613 252  1.8  1523  23  4.6 1715  23  8.1 1808  22.9  29.7 1409  15.3  516  16.7  27.0  11.1  70.5  43.0 1317  19.0   7.1   4.9 -9.00 1007.4 1011.7 1013.8    3 1009.7 1635  3.5 10.9 14.5 -9.0 28.04  3.53 1200   -9.0   -9.0 -9.00   -9.0   -9   -9.0   -9   -9.0   -9   -9.0   -9   -9.0   -9 -99.0 -99.0 -99.0 -99.0 -99.0
20260613 253  1.7  1466  16  5.3 1236  18  8.6 1444  23.4  29.9 1140  17.5  529  15.4  29.6  14.6  62.9  33.0 1606  17.6   7.9   5.5 -9.00 1006.5 1012.7 1014.2  706 1011.2 1749  2.1 12.8 14.5 -9.0 29.68  3.57 1200   -9.0   -9.0 -9.00   -9.0   -9   -9.0   -9   -9.0   -9   -9.0   -9   -9.0   -9 -99.0 -99.0 -99.0 -99.0 -99.0
20260613 254  1.5  1267  29  5.3 1843  32  8.5 1912  22.9  31.6 1616  13.5  528  12.3  30.1  11.0  57.3  21.0 1343  14.5   8.3   5.8 -9.00  997.3 1012.2 1014.5  128 1009.2 1629  3.3 11.1 14.5 -9.0 29.34  3.60 1200   -9.0   -9.0 -9.00   -9.0   -9   -9.0   -9   -9.0   -9   -9.0   -9   -9.0   -9 -99.0 -99.0 -99.0 -99.0 -99.0
20260613 255  0.9   797  20  2.7 1642  27  5.2 1202  24.4  31.9 1309  18.2  534  15.0  27.4  13.5  59.1  30.0 1311  17.1   7.4   5.1 -9.00 1005.8 1011.6 1013.3  701 1009.7 1517  1.3 13.2 14.5 -9.0 27.83  3.41 1200   -9.0   -9.0 -9.00   -9.0   -9   -9.0   -9   -9.0   -9   -9.0   -9   -9.0   -9 -99.0 -99.0 -99.0 -99.0 -99.0
20260613 257  1.9  1616  23  4.3 1446  23  8.1 1317  23.9  31.8 1204  17.0  531  14.1  30.2  14.3  58.5  29.0 1151  16.1   8.5   5.9 -9.00 1011.1 1011.8 1013.4  713 1010.0 1603  1.4 10.6 14.5 -9.0 28.92  3.55 1200   -9.0   -9.0 -9.00   -9.0   -9   -9.0   -9   -9.0   -9   -9.0   -9   -9.0   -9 -99.0 -99.0 -99.0 -99.0 -99.0
20260613 258  2.0  1750  18  5.4 1405  20  6.7 1406  22.4  27.8 1356  16.3  507  17.3  25.0  14.3  74.9  47.0 1150  19.8   7.0   4.9 -9.00 1012.6 1012.8 1014.4  808 1011.0 1639  4.5 12.0 14.5 -9.0 28.80  3.60 1300   -9.0   -9.0 -9.00   -9.0   -9   -9.0   -9   -9.0   -9   -9.0   -9   -9.0   -9 -99.0 -99.0 -99.0 -99.0 -99.0
20260613 259  1.2  1014  20  3.0 1456  20  6.4 1508  22.3  28.5 1437  15.6  524  17.9  27.6  13.2  78.0  56.0 1426  20.6   6.2   4.4 -9.00 1010.4 1012.3 1013.8    1 1010.5 1634  4.4 11.6 14.5 -9.0 27.31  3.42 1200   -9.0   -9.0 -9.00   -9.0   -9   -9.0   -9   -9.0   -9   -9.0   -9   -9.0   -9 -99.0 -99.0 -99.0 -99.0 -99.0
20260613 260  2.1  1782  14  6.1 1336  14  8.0 1507  21.8  27.6 1242  14.9  532  17.9  28.9  10.9  79.6  58.0  950  20.7  -9.0  -9.0 -9.00 1007.1 1012.2 1014.0   20 1010.5 1641  4.1 11.6 14.5 -9.0 -9.00 -9.00   -9   -9.0   -9.0 -9.00   -9.0   -9   -9.0   -9   -9.0   -9   -9.0   -9   -9.0   -9 -99.0 -99.0 -99.0 -99.0 -99.0
20260613 261  1.8  1552  20  5.2 1536  20  7.3 1522  22.6  28.3 1355  16.0  516  18.4  26.9  12.0  78.6  45.0 1401  21.2  -9.0  -9.0 -9.00 1010.6 1012.5 1014.3    1 1011.1 1626  5.6  9.4 14.5 -9.0 -9.00 -9.00   -9   -9.0   -9.0 -9.00   -9.0   -9   -9.0   -9   -9.0   -9   -9.0   -9   -9.0   -9 -99.0 -99.0 -99.0 -99.0 -99.0
20260613 262  1.4  1245  18  4.7 1402  18  6.8 1358  21.7  28.2 1258  14.4  537  16.1  27.7  15.5  73.3  44.0 1520  18.4   6.0   4.2 -9.00 1006.4 1012.4 1013.8  644 1010.8 1634  6.1 11.4 14.5 -9.0 25.06  2.97 1200   -9.0   -9.0 -9.00   -9.0   -9   -9.0   -9   -9.0   -9   -9.0   -9   -9.0   -9 -99.0 -99.0 -99.0 -99.0 -99.0
20260613 263  1.5  1286  18  4.2 1544  18  7.8 1620  23.0  31.2 1506  14.9  520  14.5  29.0  11.8  65.0  27.0 1446  16.7   8.3   5.8 -9.00 1010.2 1011.9 1013.8  721 1009.6 1629  1.4 11.7 14.5 -9.0 30.29  3.72 1200   -9.0   -9.0 -9.00   -9.0   -9   -9.0   -9   -9.0   -9   -9.0   -9   -9.0   -9 -99.0 -99.0 -99.0 -99.0 -99.0
20260613 264  1.1   945  23  3.5 1721  23  5.7 1739  21.7  31.3 1439  12.5  530  14.1  25.9  10.6  67.4  31.0 1331  16.2   7.6   5.3 -9.00  994.4 1011.9 1014.5  554 1008.8 1723  2.4 11.6 14.6 -9.0 28.64  3.76 1200   -9.0   -9.0 -9.00   -9.0   -9   -9.0   -9   -9.0   -9   -9.0   -9   -9.0   -9 -99.0 -99.0 -99.0 -99.0 -99.0
20260613 266  1.2  1031  20  3.4 1506  16  6.1 1501  23.2  30.0 1355  17.2  505  16.4  32.6  12.9  69.1  29.0 1202  18.9   7.6   5.3 -9.00 1002.5 1012.6 1014.3  822 1010.9 1657  3.0 12.4 14.5 -9.0 28.69  3.60 1200   -9.0   -9.0 -9.00   -9.0   -9   -9.0   -9   -9.0   -9   -9.0   -9   -9.0   -9 -99.0 -99.0 -99.0 -99.0 -99.0
20260613 268  2.0  1699  20  4.5 1605  16  7.5 1427  22.1  25.8 1455  16.8  406  18.9  26.6  15.5  83.4  69.0 1325  21.9  -9.0  -9.0 -9.00 1010.0 1011.1 1012.8    7 1009.8 1618  6.6 10.1 14.4 -9.0 -9.00 -9.00   -9   -9.0   -9.0 -9.00   -9.0   -9   -9.0   -9   -9.0   -9   -9.0   -9   -9.0   -9 -99.0 -99.0 -99.0 -99.0 -99.0
20260613 271  1.4  1211  16  4.2 1356  16  7.5 1431  20.5  30.5 1552  10.2  441   9.6  28.3   6.0  57.5  21.0 1502  12.0  -9.0  -9.0 -9.00  974.8 1011.9 1014.9  621 1008.2 1632  0.3 12.5 14.7 -9.0 -9.00 -9.00   -9   -9.0   -9.0 -9.00   -9.0   -9   -9.0   -9   -9.0   -9   -9.0   -9   -9.0   -9 -99.0 -99.0 -99.0 -99.0 -99.0
20260613 272  1.7  1455  18  3.7 1454  14  7.1 1431  21.9  30.3 1441  12.8  521  11.6  31.4   9.5  57.1  24.0 1726  13.8  -9.0  -9.0 -9.00  987.2 1011.4 1013.8  703 1008.3 1708  0.5 12.8 14.7 -9.0 -9.00 -9.00   -9   -9.0   -9.0 -9.00   -9.0   -9   -9.0   -9   -9.0   -9   -9.0   -9   -9.0   -9 -99.0 -99.0 -99.0 -99.0 -99.0
20260613 273  1.5  1257  11  3.8 1246  16  6.2 1401  22.7  31.2 1531  13.8  544  11.3  30.3   9.6  54.5  20.0 1622  13.5  -9.0  -9.0 -9.00  990.9 1010.7 1013.3  705 1007.8 1757  0.5 12.8 14.7 -9.0 -9.00 -9.00   -9   -9.0   -9.0 -9.00   -9.0   -9   -9.0   -9   -9.0   -9   -9.0   -9   -9.0   -9 -99.0 -99.0 -99.0 -99.0 -99.0
20260613 276  1.4  1212   9  4.1 1554  11  7.3 1620  21.8  32.2 1455  11.3  512  11.8  32.0   7.8  61.4  19.0 1249  14.0   9.1   6.3 -9.00  987.0 1011.0 1013.6  547 1007.5 1518  0.1 12.1 14.6 -9.0 30.15  3.80 1200   -9.0   -9.0 -9.00   -9.0   -9   -9.0   -9   -9.0   -9   -9.0   -9   -9.0   -9 -99.0 -99.0 -99.0 -99.0 -99.0
20260613 277  2.0  1768   9  4.3 1225  20  7.8 1456  23.6  30.3 1049  17.1   19  12.2  30.5  13.7  51.3  25.0 1142  14.2  -9.0  -9.0 -9.00 1006.6 1011.2 1012.7  840 1009.7 1746  0.0 13.8 14.6 -9.0 -9.00 -9.00   -9   -9.0   -9.0 -9.00   -9.0   -9   -9.0   -9   -9.0   -9   -9.0   -9   -9.0   -9 -99.0 -99.0 -99.0 -99.0 -99.0
20260613 278  1.0   828  27  2.9 1552  29  5.8 1238  22.6  32.6 1547  12.5  521  10.1  30.5   8.8  53.9  17.0 1338  12.6  -9.0  -9.0 -9.00 1001.2 1010.6 1013.0  646 1007.4 1646  0.0 13.2 14.6 -9.0 -9.00 -9.00   -9   -9.0   -9.0 -9.00   -9.0   -9   -9.0   -9   -9.0   -9   -9.0   -9   -9.0   -9 -99.0 -99.0 -99.0 -99.0 -99.0
20260613 279  1.1   987  11  2.9 1713  11  5.8 1755  24.8  32.9 1515  15.0  534  10.7  33.5  11.9  46.5  18.0 1516  13.0   9.2   6.5 -9.00 1005.5 1011.1 1013.7  709 1008.1 1750  0.0 12.9 14.6 -9.0 30.31  3.60 1200   -9.0   -9.0 -9.00   -9.0   -9   -9.0   -9   -9.0   -9   -9.0   -9   -9.0   -9 -99.0 -99.0 -99.0 -99.0 -99.0
20260613 281  1.2  1078  14  3.8 1817  14  6.3 1811  23.5  31.8 1542  14.1  529  11.1  32.2  10.7  52.6  15.0 1419  13.4  -9.0  -9.0 -9.00 1000.8 1011.9 1014.1  715 1009.1 1620  0.1 13.3 14.6 -9.0 -9.00 -9.00   -9   -9.0   -9.0 -9.00   -9.0   -9   -9.0   -9   -9.0   -9   -9.0   -9   -9.0   -9 -99.0 -99.0 -99.0 -99.0 -99.0
20260613 283  2.5  2156  20  5.4 1714  14  8.8 1515  24.0  33.0 1352  15.1  527  13.3  29.7  11.1  56.1  16.0 1259  15.3  10.1   7.1 -9.00 1007.1 1011.7 1013.6  738 1009.3 1621  0.5 13.3 14.6 -9.0 31.18  3.75 1200   -9.0   -9.0 -9.00   -9.0   -9   -9.0   -9   -9.0   -9   -9.0   -9   -9.0   -9 -99.0 -99.0 -99.0 -99.0 -99.0
20260613 284  1.4  1235  16  3.9 1531  16  6.2 1613  21.6  30.6 1504  11.7  502  12.3  29.6   7.1  62.5  23.0 1356  14.5   8.4   5.9 -9.00  984.6 1010.7 1013.5  551 1007.3 1604  0.9 12.6 14.6 -9.0 29.34  3.70 1200   -9.0   -9.0 -9.00   -9.0   -9   -9.0   -9   -9.0   -9   -9.0   -9   -9.0   -9 -99.0 -99.0 -99.0 -99.0 -99.0
20260613 285  1.0   827  20  3.5 1750  18  6.9 1745  23.2  31.7 1458  14.5  531  14.1  31.1  11.8  62.3  26.0 1511  16.1  -9.0  -9.0 -9.00 1008.8 1011.9 1014.0  703 1009.3 1616  1.6 12.9 14.6 -9.0 -9.00 -9.00   -9   -9.0   -9.0 -9.00   -9.0   -9   -9.0   -9   -9.0   -9   -9.0   -9   -9.0   -9 -99.0 -99.0 -99.0 -99.0 -99.0
20260613 288  1.7  1436  14  5.9 1639  14  9.3 1639  24.0  32.6 1358  16.1  527  13.8  29.5  16.5  57.3  20.0 1406  15.9   9.2   6.5 -9.00 1009.4 1010.4 1012.3  704 1008.0 1535  1.4 12.4 14.5 -9.0 29.78  3.61 1200   -9.0   -9.0 -9.00   -9.0   -9   -9.0   -9   -9.0   -9   -9.0   -9   -9.0   -9 -99.0 -99.0 -99.0 -99.0 -99.0
20260613 289  1.3  1090   7  3.7 1814   2  6.7 1903  22.1  30.6 1420  13.9  510  15.1  30.2  10.9  68.6  34.0 1240  17.3  -9.0  -9.0 -9.00  996.8 1012.7 1015.1  705 1009.9 1628  1.9 11.8 14.5 -9.0 -9.00 -9.00   -9   -9.0   -9.0 -9.00   -9.0   -9   -9.0   -9   -9.0   -9   -9.0   -9   -9.0   -9 -99.0 -99.0 -99.0 -99.0 -99.0
20260613 294  1.6  1425  18  4.7 1910  20  9.0 1511  22.0  27.5 1154  16.5  459  15.4  32.6  11.8  68.5  36.0 1244  17.5  -9.0  -9.0 -9.00 1007.8 1013.0 1014.4  823 1011.4 1725  3.3 13.0 14.5 -9.0 -9.00 -9.00   -9   -9.0   -9.0 -9.00   -9.0   -9   -9.0   -9   -9.0   -9   -9.0   -9   -9.0   -9 -99.0 -99.0 -99.0 -99.0 -99.0
20260613 295  1.4  1209  23  3.8 1554  20  6.2 1515  22.1  28.7 1330  16.8  501  16.0  28.5  11.8  70.0  34.0 1309  18.2  -9.0  -9.0 -9.00 1007.1 1012.4 1013.9  835 1010.8 1618  4.4 12.3 14.5 -9.0 -9.00 -9.00   -9   -9.0   -9.0 -9.00   -9.0   -9   -9.0   -9   -9.0   -9   -9.0   -9   -9.0   -9 -99.0 -99.0 -99.0 -99.0 -99.0
20260613 296  2.0  1761  20  5.8 1403  20  9.2 1608  22.7  29.5 1137  15.8  457  15.6  27.3  10.9  67.4  37.0 1606  17.8   8.5   6.0 -9.00 1011.0 1011.3 1012.7  714 1009.7 1754  1.8 12.1 14.5 -9.0 30.23  3.66 1200   -9.0   -9.0 -9.00   -9.0   -9   -9.0   -9   -9.0   -9   -9.0   -9   -9.0   -9 -99.0 -99.0 -99.0 -99.0 -99.0
20260614  90  1.6  1345  14  3.8 1926   2  5.9  452  20.8  24.0 1742  17.6  238  15.8  25.0  15.2  74.0  53.0 1808  18.1   5.0   3.5 -9.00 1009.5 1011.5 1012.9 2224 1009.8  425  6.8  9.0 14.8 -9.0 23.34  3.39 1100   -9.0   -9.0 -9.00   -9.0   -9   -9.0   -9   -9.0   -9   -9.0   -9   -9.0   -9 -99.0 -99.0 -99.0 -99.0 -99.0
20260614  93  0.8   696   7  5.4 1651   7  9.6 1643  21.4  29.6 1548  15.2  522  14.7  28.1  13.8  68.8  36.0 1517  16.8   4.7   3.3 -9.00 1000.9 1012.0 1013.4 2339 1009.5 1738  6.4  5.8 14.8 -9.0 16.58  2.72 1400   -9.0   -9.0 -9.00   -9.0   -9   -9.0   -9   -9.0   -9   -9.0   -9   -9.0   -9  23.7  21.5  19.1  15.0  13.1
20260614  95  1.0   895  18  4.3 1524  25  6.8 1502  20.7  28.3 1424  15.3  452  16.9  24.8  14.5  80.9  49.0 1358  19.3   6.5   4.5 -9.00  994.2 1012.2 1013.8 2227 1009.8 1513  7.1  8.6 14.8 -9.0 24.31  3.39 1300   -9.0   -9.0 -9.00   -9.0   -9   -9.0   -9   -9.0   -9   -9.0   -9   -9.0   -9 -99.0 -99.0 -99.0 -99.0 -99.0
20260614  98  0.7   624  23  2.7 1114   9  6.3 1601  21.6  30.5 1442  16.3  512  15.2  28.8  13.1  69.1  38.0 1335  17.4   5.5   3.8 -9.00  998.1 1011.5 1013.2 2222 1009.4 1452  7.8  6.2 14.8 -9.0 19.97  3.46 1300    0.0   -9.0 -9.00    0.0   -9    0.0   -9   -9.0   -9   -9.0   -9   -9.0   -9 -99.0 -99.0 -99.0 -99.0 -99.0
20260614  99  0.9   750  20  3.8 1647  23  7.9 1639  21.1  29.9 1503  15.8  412  16.7  29.4  14.3  78.4  42.0 1644  19.0   4.7   3.3 -9.00 1008.5 1012.1 1013.7 2234 1010.2 1510  7.0  4.2 14.8 -9.0 17.50  2.51 1300    0.0   -9.0 -9.00    0.0   -9    0.0   -9   -9.0   -9   -9.0   -9   -9.0   -9 -99.0 -99.0 -99.0 -99.0 -99.0
20260614 100  1.3  1091   9  4.0 1503   9  6.5 1510  17.0  24.5 1311   8.6  355  11.1  24.9   6.0  72.0  34.0 1036  13.4   5.9   4.2 -9.00  925.5 1012.3 1014.8  353 1009.0 1453  6.4  9.3 14.8 -9.0 22.61  3.41 1400   -9.0   -9.0 -9.00   -9.0   -9   -9.0   -9   -9.0   -9   -9.0   -9   -9.0   -9 -99.0 -99.0 -99.0 -99.0 -99.0
20260614 101  1.3  1134  16  5.2 1914  14 13.1 1908  21.7  29.7 1548  15.5  456  14.7  29.0  12.5  67.0  37.0 1633  16.7   5.1   3.5 -9.00 1002.2 1010.9 1012.4 2342 1008.4 1543  6.8  4.5 14.8 -9.0 17.23  3.25 1400    0.0    0.0 -9.00    0.0   -9    0.0   -9   -9.0   -9   -9.0   -9   -9.0   -9  22.9  19.8  17.9  15.2  15.0
20260614 102  3.8  3296  14  7.2  428  16 11.0  201  19.6  23.1 1407  16.6 2158  17.7  27.9  15.8  89.5  73.0 1408  20.3   5.1   3.6  8.58 1005.9 1010.1 1012.3 2210 1008.0  239  5.9  7.1 14.8 -9.0 22.32  3.44 1200    0.0   -9.0  1.00    0.0   -9    0.0   -9   -9.0   -9   -9.0   -9   -9.0   -9 -99.0 -99.0 -99.0 -99.0 -99.0
20260614 104  1.0   879   2  2.6 1344  20  4.0  533  21.7  26.9 1318  17.3   40  16.1  28.7  12.9  72.0  51.0 1313  18.4   5.1   3.6 -9.00 1001.7 1010.4 1011.9 2223 1009.0  437  5.9  8.4 14.8 -9.0 20.65  2.60 1300   -9.0   -9.0 -9.00   -9.0   -9   -9.0   -9   -9.0   -9   -9.0   -9   -9.0   -9  22.3  19.6  17.8  14.2  13.3
20260614 105  1.7  1489  25  3.5  406  23  5.9  423  23.1  27.5 1319  19.7  137  14.5  29.1  15.9  59.6  44.0 1305  16.7   5.2   3.7 -9.00 1008.1 1011.3 1012.7 2252 1009.8  259  5.9  7.7 14.8 -9.0 19.54  2.36 1500   -9.0   -9.0 -9.00   -9.0   -9   -9.0   -9   -9.0   -9   -9.0   -9   -9.0   -9  22.9  20.3  19.3  15.7  14.8
20260614 106  1.7  1487  14  3.5 1843  16  6.6 1646  21.4  26.8 1504  17.3 2359  15.7  30.9  12.7  71.8  48.0 1445  18.1   5.3   3.7 -9.00 1007.0 1011.7 1013.1 2255 1010.2  243  5.4  8.0 14.7 -9.0 22.08  2.76 1200   -9.0   -9.0 -9.00   -9.0   -9   -9.0   -9   -9.0   -9   -9.0   -9   -9.0   -9 -99.0 -99.0 -99.0 -99.0 -99.0
20260614 108  1.7  1463   5  7.6 1454   5 15.9 1446  23.6  31.3 1345  20.6  539  16.0  25.2  15.1  62.9  39.0 1323  18.1   6.2   4.4 -9.00 1001.5 1011.3 1013.0 2138 1009.6 1422  7.1  5.8 14.8 -9.0 20.81  3.42 1200    2.4    2.4  1.42    2.3 1432    1.6 1437   -9.0   -9   -9.0   -9   -9.0   -9  23.1  20.5  19.4  15.4  13.8
20260614 112  2.1  1836  20  4.2 2115  20  6.6 2114  23.9  27.9 1532  21.2 2252  19.1  27.7  18.7  75.5  61.0 1255  22.2   6.4   4.5 -9.00 1003.3 1011.2 1013.3 2156 1010.0 1527  6.3  8.7 14.7 -9.0 24.25  3.46 1200   -9.0   -9.0 -9.00   -9.0   -9   -9.0   -9   -9.0   -9   -9.0   -9   -9.0   -9  22.0  20.1  14.7  17.6  13.6
20260614 114  1.4  1191   9  4.2 1753  11  8.9 1810  22.0  31.0 1501  16.3  504  14.7  29.7  13.0  66.3  38.0 1448  16.7   6.3   4.4 -9.00  994.2 1011.4 1013.4 2233 1008.3 1509  6.5  6.1 14.7 -9.0 21.67  3.59 1300    4.2   -9.0 -9.00    3.8 1810    2.7 1811   -9.0   -9   -9.0   -9   -9.0   -9 -99.0 -99.0 -99.0 -99.0 -99.0
20260614 115  3.2  2764  23  5.2  431  23  8.4  424  21.5  25.0 1248  19.6  438  17.5  27.1  14.5  78.5  59.0 1304  20.1   5.2   3.6 -9.00  987.4 1012.8 1013.8 2235 1011.9   19  4.6  7.1 14.7 -9.0 19.69  3.09 1200   -9.0   -9.0 -9.00   -9.0   -9   -9.0   -9   -9.0   -9   -9.0   -9   -9.0   -9  20.5  17.4  16.4  12.8  13.2
20260614 119  1.6  1349   2  5.0 1610   9  9.3 1542  24.1  30.0 1410  19.4  503  15.2  32.8  16.2  59.5  35.0 1556  17.3   6.8   4.7 -9.00 1006.4 1011.0 1012.8 2043 1009.0 1518  6.1  7.9 14.7 -9.0 22.09  3.09 1300   -9.0   -9.0 -9.00   -9.0   -9   -9.0   -9   -9.0   -9   -9.0   -9   -9.0   -9  23.1  20.1  18.0  14.0  13.0
20260614 121  1.0   885  18  4.0 1631  16  6.7 1622  20.2  31.8 1553  13.0  452  13.3  26.8  10.4  68.3  36.0 1420  15.3   5.3   3.7 -9.00  984.4 1012.1 1014.0 2337 1008.4 1538  5.6  4.0 14.7 -9.0 18.64  3.03 1200   -9.0   -9.0 -9.00   -9.0   -9   -9.0   -9   -9.0   -9   -9.0   -9   -9.0   -9 -99.0 -99.0 -99.0 -99.0 -99.0
20260614 127  1.1   965   9  5.1 1750   7  9.6 1713  22.8  32.0 1622  16.1  528  13.2  29.6  13.6  58.4  22.0 1626  15.2   7.7   5.4 -9.00  997.3 1010.5 1012.1 2250 1007.2 1623  5.9  7.7 14.7 -9.0 24.84  3.58 1200    0.0   -9.0 -9.00    0.0   -9    0.0   -9   -9.0   -9   -9.0   -9   -9.0   -9 -99.0 -99.0 -99.0 -99.0 -99.0
20260614 129  1.8  1572  32  5.5 1524  32  8.9 1507  23.8  29.1 1304  20.2 2345  16.6  31.2  16.6  66.1  42.0 1909  19.1   7.4   5.2 -9.00 1008.4 1011.3 1012.5 2136 1009.9 1700  6.4  8.3 14.7 -9.0 24.95  3.36 1100   -9.0   -9.0 -9.00   -9.0   -9   -9.0   -9   -9.0   -9   -9.0   -9   -9.0   -9  23.3  20.2  20.1  14.7  15.0
20260614 130  1.5  1307  16  3.5 1054  16  5.4 1153  20.4  24.6 1306  17.5   43  17.3  25.3  14.2  82.9  62.0  825  20.0  -9.0  -9.0 -9.00 1006.1 1011.8 1013.4 2217 1010.5  249  4.1  8.5 14.7 -9.0 -9.00 -9.00   -9   -9.0   -9.0 -9.00   -9.0   -9   -9.0   -9   -9.0   -9   -9.0   -9   -9.0   -9 -99.0 -99.0 -99.0 -99.0 -99.0
20260614 131  1.3  1110   5  5.1 2041   5 10.0 2037  23.9  31.8 1456  19.5 2347  15.7  32.4  18.2  63.0  32.0 1459  17.9   6.8   4.7 -9.00 1004.0 1010.7 1012.5 1956 1007.9 1530  6.1  5.4 14.7 -9.0 21.27  3.61 1200    2.2    2.2  4.45    1.9 1923    1.0 2010   -9.0   -9   -9.0   -9   -9.0   -9 -99.0 -99.0 -99.0 -99.0 -99.0
20260614 133  1.5  1286   7  7.5 1609   9 14.9 1605  22.9  31.3 1525  18.4 1920  17.0  30.8  17.5  71.9  34.0 1255  19.4   6.2   4.3 -9.00 1003.3 1011.2 1012.9 2144 1008.4 1530  7.8  4.7 14.6 -9.0 19.61  3.62 1200    3.1    3.1  2.13    3.1 1554    3.0 1607   -9.0   -9   -9.0   -9   -9.0   -9  25.0  22.8  20.4  16.8  15.9
20260614 135  1.0   881  29  5.3 2044  27  7.3 2036  22.7  30.1 1508  16.2  501  13.4  33.8  15.1  59.0  28.0 1504  15.4   7.4   5.2 -9.00  982.6 1010.5 1012.4 2308 1007.6 1701  6.3  8.7 14.6 -9.0 23.85  3.50 1200    0.0   -9.0 -9.00    0.0   -9    0.0   -9   -9.0   -9   -9.0   -9   -9.0   -9 -99.0 -99.0 -99.0 -99.0 -99.0
20260614 136  1.6  1367  11  5.4 1738  11  8.6 1722  23.6  31.9 1545  15.9  531  12.4  32.3  14.8  53.5  24.0 1546  14.4   8.7   6.1 -9.00  995.5 1011.7 1013.4 2252 1009.1 1510  4.3  8.6 14.7 -9.0 25.15  3.56 1100   -9.0   -9.0 -9.00   -9.0   -9   -9.0   -9   -9.0   -9   -9.0   -9   -9.0   -9 -99.0 -99.0 -99.0 -99.0 -99.0
20260614 137  0.8   655  27  2.1 2138  18  4.9 1622  24.4  32.2 1440  17.7  421  14.2  31.9  15.5  55.9  30.0 1507  16.2   7.6   5.3 -9.00  998.9 1009.9 1011.5 2333 1007.1 1707  5.6  8.7 14.6 -9.0 26.20  3.47 1300   -9.0   -9.0 -9.00   -9.0   -9   -9.0   -9   -9.0   -9   -9.0   -9   -9.0   -9 -99.0 -99.0 -99.0 -99.0 -99.0
20260614 138  2.5  2183  11  5.6 1415  11  8.8 1455  24.0  28.2 1245  20.4  540  14.7  29.5  19.2  56.8  35.0 1436  16.8   7.1   5.0 -9.00 1010.5 1011.0 1012.5 2320 1009.7 1735  6.3  8.1 14.6 -9.0 22.71  2.79 1200   -9.0   -9.0 -9.00   -9.0   -9   -9.0   -9   -9.0   -9   -9.0   -9   -9.0   -9  21.9  19.1  18.0  15.9  15.7
20260614 140  2.1  1851  27  5.8 1437  14  8.6 1632  22.3  27.6 1338  19.3 1743  18.4  30.9  17.4  79.5  54.0 1642  21.2  -9.0  -9.0 -9.00 1008.5 1011.8 1013.1 2120 1010.0 1539  6.9  6.8 14.6 -9.0 -9.00 -9.00   -9    3.6   -9.0 -9.00    3.6 1642    1.8 1652   -9.0   -9   -9.0   -9   -9.0   -9 -99.0 -99.0 -99.0 -99.0 -99.0
20260614 143  1.5  1254  14  4.0 1722  16  6.6 1719  24.4  31.7 1427  18.8  539  12.8  30.2  16.7  50.9  20.0 1313  14.9   8.1   5.7 -9.00 1004.1 1010.3 1011.8 2248 1007.7 1554  5.1  7.7 14.6 -9.0 24.54  3.73 1200   -9.0   -9.0 -9.00   -9.0   -9   -9.0   -9   -9.0   -9   -9.0   -9   -9.0   -9 -99.0 -99.0 -99.0 -99.0 -99.0
20260614 146  1.7  1487   7  7.5 1544   7 10.8 1543  23.2  31.0 1350  18.7 2358  17.0  26.5  16.4  70.6  42.0 1404  19.4   5.9   4.1 -9.00 1003.9 1010.9 1012.4 2121 1008.5 1521  7.8  5.2 14.6 -9.0 19.27  3.43 1100    5.3    5.3  4.50    5.3 1534    3.6 1610   -9.0   -9   -9.0   -9   -9.0   -9 -99.0 -99.0 -99.0 -99.0 -99.0
20260614 152  1.4  1191  16  3.1 1403  16  6.7 1757  22.1  27.7 1236  17.3  213  15.5  28.4  13.2  68.0  39.0 1344  17.8   7.4   5.2 -9.00 1001.7 1011.1 1012.3 2328 1010.1 1440  6.0  8.3 14.5 -9.0 25.13  3.32 1200   -9.0   -9.0 -9.00   -9.0   -9   -9.0   -9   -9.0   -9   -9.0   -9   -9.0   -9 -99.0 -99.0 -99.0 -99.0 -99.0
20260614 155  1.8  1569  16  5.6 1522  20  9.1 1508  22.6  29.5 1213  18.2  529  16.6  30.8  15.6  71.1  34.0 1140  18.9   7.3   5.1 -9.00 1007.4 1011.4 1012.3 2326 1010.4 1730  4.3  9.9 14.5 -9.0 24.47  3.49 1200   -9.0   -9.0 -9.00   -9.0   -9   -9.0   -9   -9.0   -9   -9.0   -9   -9.0   -9 -99.0 -99.0 -99.0 -99.0 -99.0
20260614 156  1.6  1395  16  4.7 1521  25  8.8 1714  24.4  31.8 1402  20.6  528  16.8  28.5  15.8  64.3  31.0 1644  19.2   6.8   4.8 -9.00 1002.7 1010.8 1012.1 2326 1008.5 1552  6.9  5.1 14.5 -9.0 21.48  3.48 1200   -9.0   -9.0 -9.00   -9.0   -9   -9.0   -9   -9.0   -9   -9.0   -9   -9.0   -9 -99.0 -99.0 -99.0 -99.0 -99.0
20260614 159  2.1  1837  23  4.4 1144  11  6.3 1653  23.4  27.4 1228  19.9  439  18.6  31.7  14.6  75.5  55.0 1327  21.5   7.2   5.0 -9.00 1003.1 1011.1 1012.1 2318 1010.2 1739  4.4  9.4 14.5 -9.0 27.33  3.71 1200   -9.0   -9.0 -9.00   -9.0   -9   -9.0   -9   -9.0   -9   -9.0   -9   -9.0   -9  23.3  21.0  20.0  16.4  16.9
20260614 162  1.8  1542  20  4.9 1440  20  7.5 1544  22.6  27.6 1412  18.7  546  16.2  28.7  14.8  70.8  34.0 1426  18.7   7.6   5.3 -9.00 1007.1 1010.7 1011.7   40 1009.4 1711  4.0  9.9 14.5 -9.0 27.32  3.60 1200   -9.0   -9.0 -9.00   -9.0   -9   -9.0   -9   -9.0   -9   -9.0   -9   -9.0   -9 -99.0 -99.0 -99.0 -99.0 -99.0
20260614 165  2.1  1839   2  3.8 1650   2  6.5 1031  23.7  28.0 1150  21.0  535  18.8  26.5  18.0  75.4  49.0 1141  21.8   5.4   3.8 -9.00 1006.0 1011.1 1012.1 2236 1010.0 1549  7.9  3.9 14.5 -9.0 19.07  3.50 1100   -9.0   -9.0 -9.00   -9.0   -9   -9.0   -9   -9.0   -9   -9.0   -9   -9.0   -9  23.8  21.7  19.4  16.9  15.2
20260614 168  1.9  1654  14  5.2 1416  14  8.9 1402  22.8  26.9 1516  20.4  537  17.4  28.4  18.9  74.1  36.0 1538  20.0   7.3   5.1 -9.00 1004.0 1011.6 1012.4   22 1010.6 1633  3.9  7.8 14.5 -9.0 26.31  3.62 1200   -9.0   -9.0 -9.00   -9.0   -9   -9.0   -9   -9.0   -9   -9.0   -9   -9.0   -9  24.6  21.5  19.4  16.9  16.6
20260614 169  3.1  2682  18  7.5   36  18  9.2   49  21.8  26.9 1413  18.6  609  19.3  26.7  19.8  86.8  64.0 1503  22.4   5.3   3.7  9.77 1002.2 1010.9 1012.1 2241 1009.6  421  8.1  5.0 14.5 -9.0 21.38  3.50 1300   -9.0   -9.0 -9.00   -9.0   -9   -9.0   -9   -9.0   -9   -9.0   -9   -9.0   -9 -99.0 -99.0 -99.0 -99.0 -99.0
20260614 170  2.3  1970  16  6.0 1437  18  8.5 1711  23.7  29.5 1300  19.8 2319  19.7  30.1  19.9  79.9  55.0 1640  23.1   7.3   5.1 -9.00 1007.3 1011.4 1012.5 2209 1010.3 1557  6.9  8.1 14.5 -9.0 26.01  3.56 1200   -9.0   -9.0 -9.00   -9.0   -9   -9.0   -9   -9.0   -9   -9.0   -9   -9.0   -9 -99.0 -99.0 -99.0 -99.0 -99.0
20260614 172  2.1  1814  29  5.9 1423   7  8.4 1246  22.8  30.3 1318  19.1 2339  17.8  23.0  16.4  75.9  37.0 1323  20.4   6.3   4.4 -9.00 1004.5 1010.5 1011.7 2318 1008.7 1537  7.3  4.5 14.5 -9.0 20.50  3.59 1200    1.2   -9.0 -9.00    1.2 1336    1.2 1348   -9.0   -9   -9.0   -9   -9.0   -9 -99.0 -99.0 -99.0 -99.0 -99.0
20260614 174  1.5  1315  20  4.6 1434  20  8.2 1451  20.9  28.4 1242  15.1 2359  14.1  30.4  14.5  68.8  38.0 1318  16.2  -9.0  -9.0 -9.00  990.8 1009.8 1011.5 2256 1008.0 1405  5.9  8.7 14.5 -9.0 -9.00 -9.00   -9   -9.0   -9.0 -9.00   -9.0   -9   -9.0   -9   -9.0   -9   -9.0   -9   -9.0   -9 -99.0 -99.0 -99.0 -99.0 -99.0
20260614 177  1.8  1596   9  7.6 1818   9 11.2 1813  24.3  30.5 1446  19.5 2354  17.6  32.2  18.0  68.4  43.0 1806  20.1   7.0   4.9 -9.00 1006.8 1009.9 1011.4 2249 1007.9 1643  7.1  7.3 14.7 -9.0 23.49  3.33 1200    0.0    0.0  0.25    0.0   -9    0.0   -9   -9.0   -9   -9.0   -9   -9.0   -9 -99.0 -99.0 -99.0 -99.0 -99.0
20260614 181  1.8  1525   2  7.3 1720  34 10.9 1730  22.0  30.7 1507  17.5 2358  16.3  31.8  15.2  73.6  34.0 1516  18.6   6.6   4.6 -9.00 1007.5 1011.4 1013.1 2001 1008.5 1638  6.6  6.2 14.7 -9.0 23.47  3.59 1200   15.4   -9.0 -9.00   10.5 1709    5.1 1731   -9.0   -9   -9.0   -9   -9.0   -9 -99.0 -99.0 -99.0 -99.0 -99.0
20260614 184  2.6  2255  14  5.0 1606   7 10.1 1249  24.7  29.3 1303  21.5  541  16.2  33.2  19.7  61.5  36.0 1336  18.5   7.7   5.4 -9.00 1007.6 1009.9 1011.3 2158 1008.7 1350  7.6  6.2 14.4 -9.0 22.72  3.64 1200    0.0    1.3  2.37    0.0   -9    0.0   -9   -9.0   -9   -9.0   -9   -9.0   -9  24.1  22.4  21.6  19.5  16.7
20260614 185  4.0  3436  11  9.4 1622  11 13.5 1614  22.7  27.5 1232  19.3 2313  17.5  27.5  19.2  75.0  35.0 1237  20.1   6.7   4.7 -9.00 1002.0 1010.2 1011.7   35 1008.7 1546  8.9  5.2 14.4 -9.0 22.24  3.04 1400    0.3   -9.0 -9.00    0.3 2110    0.2   -9   -9.0   -9   -9.0   -9   -9.0   -9 -99.0 -99.0 -99.0 -99.0 -99.0
20260614 188  2.0  1746  11  5.3 1445  11  7.3 1524  22.4  25.6 1226  19.8  532  19.3  26.5  19.4  83.3  66.0 1600  22.5  -9.0  -9.0 -9.00 1008.9 1011.2 1012.7 2206 1010.2  520  8.8  4.8 14.4 -9.0 -9.00 -9.00   -9    0.1   -9.0 -9.00    0.1   -9    0.1   -9   -9.0   -9   -9.0   -9   -9.0   -9 -99.0 -99.0 -99.0 -99.0 -99.0
20260614 189  1.5  1287   7  3.0 1022  20  7.8 1119  23.5  27.4 1424  21.0 2312  18.1  28.3  20.4  72.3  59.0 1131  20.8   5.7   4.0 -9.00 1005.1 1011.0 1012.5 2120 1010.1  446  8.5  5.6 14.3 -9.0 22.03  3.41 1200    1.7    2.5  5.47    1.5 2146    0.6 2231   -9.0   -9   -9.0   -9   -9.0   -9 -99.0 -99.0 -99.0 -99.0 -99.0
20260614 192  0.8   725  18  3.0 1512  23  7.1 1536  22.0  29.3 1329  16.7 2358  15.7  31.3  14.3  70.9  38.0 1628  17.9   7.3   5.1 -9.00 1007.9 1011.3 1012.5 2227 1009.8 1425  4.9 10.5 14.5 -9.0 26.50  3.55 1200   -9.0   -9.0 -9.00   -9.0   -9   -9.0   -9   -9.0   -9   -9.0   -9   -9.0   -9 -99.0 -99.0 -99.0 -99.0 -99.0
20260614 201  1.5  1309  25  4.2 1544  32  7.0 2003  22.8  27.4 1358  19.3    1  17.8  28.5  16.2  74.8  59.0 2100  20.5  -9.0  -9.0 -9.00 1006.5 1012.0 1013.8 2142 1010.9 1614  6.3  8.5 14.8 -9.0 -9.00 -9.00   -9   -9.0   -9.0 -9.00   -9.0   -9   -9.0   -9   -9.0   -9   -9.0   -9   -9.0   -9 -99.0 -99.0 -99.0 -99.0 -99.0
20260614 202  1.3  1105   5  5.0 1830   5  9.8 1822  22.8  30.7 1456  17.3  445  14.1  31.3  14.8  60.3  32.0 1545  16.2  -9.0  -9.0 -9.00 1006.1 1011.6 1013.0 2238 1009.2 1600  6.9  6.1 14.7 -9.0 -9.00 -9.00   -9   -9.0   -9.0 -9.00   -9.0   -9   -9.0   -9   -9.0   -9   -9.0   -9   -9.0   -9 -99.0 -99.0 -99.0 -99.0 -99.0
20260614 203  0.8   704   5  3.6 1848   2  8.4 1846  23.1  31.0 1539  16.8  443  15.8  32.7  15.3  66.0  36.0 1600  18.0  -9.0  -9.0 -9.00 1002.6 1011.9 1013.1 2224 1009.2 1717  6.5  4.4 14.7 -9.0 -9.00 -9.00   -9   -9.0   -9.0 -9.00   -9.0   -9   -9.0   -9   -9.0   -9   -9.0   -9   -9.0   -9 -99.0 -99.0 -99.0 -99.0 -99.0
20260614 211  1.3  1083   9  3.5 1536   7  8.0 1537  19.7  30.3 1459  13.8  446  14.1  27.2   9.7  74.0  33.0 1507  16.1  -9.0  -9.0 -9.00  988.6 1012.0 1013.8 2300 1008.7 1447  6.6  5.6 14.8 -9.0 -9.00 -9.00   -9    1.8   -9.0 -9.00    1.5 1533    0.6 1609   -9.0   -9   -9.0   -9   -9.0   -9 -99.0 -99.0 -99.0 -99.0 -99.0
20260614 212  1.1   944   7  4.1 1714   9  8.3 1711  20.9  31.0 1632  15.1  532  14.0  26.5  12.9  69.0  28.0 1637  16.1  -9.0  -9.0 -9.00  996.0 1012.2 1013.9 2307 1009.0 1631  6.9  7.3 14.8 -9.0 -9.00 -9.00   -9    8.8   -9.0 -9.00    8.8 1816    5.3 1859   -9.0   -9   -9.0   -9   -9.0   -9 -99.0 -99.0 -99.0 -99.0 -99.0
20260614 216  1.3  1083   2  3.7 1409   5  7.7 1406  18.0  26.3 1411  10.8  453   9.2  23.4   9.1  59.8  29.0 1731  11.7   5.9   4.2 -9.00  931.9 1012.2 1015.7 2344 1008.8 1448  5.1  7.2 14.7 -9.0 21.64  3.03 1100   -9.0   -9.0 -9.00   -9.0   -9   -9.0   -9   -9.0   -9   -9.0   -9   -9.0   -9 -99.0 -99.0 -99.0 -99.0 -99.0
20260614 217  1.1   993   5  3.7 1625   5  7.7 1642  19.8  30.5 1336  12.0  528  11.6  25.9  11.8  62.0  33.0 1334  13.7  -9.0  -9.0 -9.00  976.4 1012.2 1014.6  703 1008.6 1649  6.4  4.6 14.7 -9.0 -9.00 -9.00   -9    0.0   -9.0 -9.00    0.0   -9    0.0   -9   -9.0   -9   -9.0   -9   -9.0   -9 -99.0 -99.0 -99.0 -99.0 -99.0
20260614 221  1.0   864  14  4.9 1640  16  9.8 1635  20.1  29.9 1443  13.4  443  13.3  28.7  10.9  67.6  33.0 1414  15.3  -9.0  -9.0 -9.00  981.3 1011.7 1013.3 2341 1008.0 1614  5.8  6.2 14.7 -9.0 -9.00 -9.00   -9    0.0   -9.0 -9.00    0.0   -9    0.0   -9   -9.0   -9   -9.0   -9   -9.0   -9 -99.0 -99.0 -99.0 -99.0 -99.0
20260614 226  1.0   902  14  5.4 1917  14  9.2 1916  21.4  30.3 1349  16.6  512  15.8  26.2  12.6  73.9  35.0 1516  18.0  -9.0  -9.0 -9.00  991.7 1011.4 1013.3 2313 1008.2 1651  7.5  5.1 14.6 -9.0 -9.00 -9.00   -9    8.8   -9.0 -9.00    8.0 1910    6.4 1914   -9.0   -9   -9.0   -9   -9.0   -9 -99.0 -99.0 -99.0 -99.0 -99.0
20260614 232  1.2  1036  16  7.4 1752  18 16.2 1748  21.5  29.9 1342  16.8 1834  17.5  29.2  15.9  81.0  35.0 1732  19.9  -9.0  -9.0 -9.00 1002.2 1012.1 1013.6 2026 1008.9 1643  7.4  6.3 14.7 -9.0 -9.00 -9.00   -9   30.5   -9.0 -9.00   28.2 1741   10.0 1807   -9.0   -9   -9.0   -9   -9.0   -9 -99.0 -99.0 -99.0 -99.0 -99.0
20260614 235  1.7  1449   2  4.7 1931  18  7.4 1742  23.5  30.4 1239  19.0 2104  18.1  29.9  18.7  73.5  49.0 1213  20.9   6.9   4.8 -9.00 1009.5 1010.7 1011.9 2240 1009.1 1642  7.1  8.3 14.6 -9.0 25.12  3.47 1200    8.9   -9.0 -9.00    8.9 1753    5.5 1811   -9.0   -9   -9.0   -9   -9.0   -9 -99.0 -99.0 -99.0 -99.0 -99.0
20260614 236  1.2  1061  14  6.7 1653  14 13.4 1647  22.1  31.4 1602  17.9 1714  17.6  30.6  16.0  80.0  39.0 1500  20.2  -9.0  -9.0 -9.00 1010.0 1011.6 1013.0 2257 1008.7 1615  7.4  6.6 14.6 -9.0 -9.00 -9.00   -9   37.6   -9.0 -9.00   37.5 1644   14.2 1656   -9.0   -9   -9.0   -9   -9.0   -9 -99.0 -99.0 -99.0 -99.0 -99.0
20260614 238  1.0   847  16  4.1 1530  34  7.0 1411  21.9  30.7 1310  18.0  546  16.1  26.3  14.8  71.6  37.0 1310  18.3  -9.0  -9.0 -9.00  991.2 1010.7 1012.5 2242 1008.5 1348  8.3  4.4 14.6 -9.0 -9.00 -9.00   -9    0.0   -9.0 -9.00    0.0   -9    0.0   -9   -9.0   -9   -9.0   -9   -9.0   -9 -99.0 -99.0 -99.0 -99.0 -99.0
20260614 239  1.4  1181   9  4.9 1628   9  9.6 1622  21.6  30.3 1451  17.0 2316  16.8  29.2  17.3  78.0  37.0 1534  19.2   6.1   4.3 -9.00 1000.4 1010.7 1012.6 2131 1007.6 1542  7.4  5.9 14.6 -9.0 21.29  3.53 1200    9.2   -9.0 -9.00    8.5 1623    4.4 1641   -9.0   -9   -9.0   -9   -9.0   -9 -99.0 -99.0 -99.0 -99.0 -99.0
20260614 243  1.6  1405  20  5.2 1825   5  9.0 1714  23.8  29.6 1158  20.5  435  16.8  29.1  16.8  66.6  41.0 1150  19.1  -9.0  -9.0 -9.00 1009.9 1011.3 1012.4 2250 1009.6 1555  7.0  7.9 14.6 -9.0 -9.00 -9.00   -9   -9.0   -9.0 -9.00   -9.0   -9   -9.0   -9   -9.0   -9   -9.0   -9   -9.0   -9 -99.0 -99.0 -99.0 -99.0 -99.0
20260614 244  0.9   806   7  3.2 1553   5  8.1 1632  22.3  30.5 1433  17.8  456  15.1  27.2  15.1  67.9  22.0 1447  17.3  -9.0  -9.0 -9.00  982.6 1010.7 1012.5 2230 1007.8 1530  5.9  5.0 14.6 -9.0 -9.00 -9.00   -9   -9.0   -9.0 -9.00   -9.0   -9   -9.0   -9   -9.0   -9   -9.0   -9   -9.0   -9 -99.0 -99.0 -99.0 -99.0 -99.0
20260614 245  1.9  1652  36  5.7 1700  36 10.6 1655  22.7  30.8 1411  18.8 1901  17.2  28.8  16.8  73.8  39.0 1337  19.6   6.2   4.3 -9.00 1003.1 1011.0 1012.2 2322 1008.9 1421  7.1  5.4 14.5 -9.0 19.87  3.07 1100    3.7   -9.0 -9.00    3.7 1728    2.6 1800   -9.0   -9   -9.0   -9   -9.0   -9 -99.0 -99.0 -99.0 -99.0 -99.0
20260614 247  2.1  1781  25  4.6 1810  27  7.7 1621  23.6  30.3 1608  18.1  547  15.6  29.0  16.5  63.6  36.0 1456  17.8  -9.0  -9.0 -9.00  995.3 1010.6 1012.3 2350 1008.1 1659  6.5  6.1 14.5 -9.0 -9.00 -9.00   -9   -9.0   -9.0 -9.00   -9.0   -9   -9.0   -9   -9.0   -9   -9.0   -9   -9.0   -9 -99.0 -99.0 -99.0 -99.0 -99.0
20260614 248  1.2  1051  34  4.5 1655  34  7.2 1646  21.3  29.3 1432  15.5  520  13.5  26.3  13.4  66.9  21.0 1400  15.7  -9.0  -9.0 -9.00  965.1 1011.2 1013.3 2353 1007.7 1531  6.6  5.1 14.6 -9.0 -9.00 -9.00   -9   -9.0   -9.0 -9.00   -9.0   -9   -9.0   -9   -9.0   -9   -9.0   -9   -9.0   -9 -99.0 -99.0 -99.0 -99.0 -99.0
20260614 251  1.7  1449  14  7.8 1655   9 15.5 1651  22.2  29.9 1253  18.5 2349  18.4  25.4  17.1  81.6  47.0 1255  21.2   5.9   4.1 -9.00 1005.2 1010.9 1012.2 2322 1008.4 1549  7.0  5.4 14.5 -9.0 20.22  3.28 1100   35.1   -9.0 -9.00   32.2 1647   13.5 1655   -9.0   -9   -9.0   -9   -9.0   -9 -99.0 -99.0 -99.0 -99.0 -99.0
20260614 252  1.5  1255  34  4.7 1416  32  8.6 1414  23.1  29.1 1212  19.3 2330  17.2  26.9  16.3  71.8  42.0 1223  19.6   6.4   4.5 -9.00 1006.5 1010.8 1011.9  912 1009.0 1538  6.5  5.7 14.5 -9.0 22.54  3.42 1100   -9.0   -9.0 -9.00   -9.0   -9   -9.0   -9   -9.0   -9   -9.0   -9   -9.0   -9 -99.0 -99.0 -99.0 -99.0 -99.0
20260614 253  1.4  1207  18  4.8 1521  18  7.5 1513  23.7  30.2 1227  17.9  452  16.3  30.1  15.6  65.4  37.0 1147  18.6   8.0   5.6 -9.00 1005.8 1012.1 1013.1 2305 1011.0 1739  3.8  9.7 14.5 -9.0 26.00  3.53 1100   -9.0   -9.0 -9.00   -9.0   -9   -9.0   -9   -9.0   -9   -9.0   -9   -9.0   -9 -99.0 -99.0 -99.0 -99.0 -99.0
20260614 254  1.4  1222  29  4.4 1812  29  8.5 1754  23.2  31.3 1446  18.0  442  15.1  29.3  15.9  64.4  29.0 1418  17.3   8.0   5.6 -9.00  996.4 1011.2 1012.7 2312 1008.6 1545  6.8  6.3 14.5 -9.0 24.78  3.69 1200   -9.0   -9.0 -9.00   -9.0   -9   -9.0   -9   -9.0   -9   -9.0   -9   -9.0   -9 -99.0 -99.0 -99.0 -99.0 -99.0
20260614 255  0.9   801  18  2.8 1518  18  5.9 1509  24.1  30.8 1356  19.2  524  16.4  26.1  14.8  64.1  38.0 1143  18.7   6.3   4.4 -9.00 1005.1 1010.9 1012.1 2314 1009.3 1532  4.3  9.0 14.5 -9.0 22.65  3.11 1100   -9.0   -9.0 -9.00   -9.0   -9   -9.0   -9   -9.0   -9   -9.0   -9   -9.0   -9 -99.0 -99.0 -99.0 -99.0 -99.0
20260614 257  1.4  1228  14  4.4 1515  11  9.2 1521  24.5  32.5 1309  17.8  518  16.5  31.1  15.0  64.3  33.0 1140  18.9   7.2   5.0 -9.00 1010.6 1011.3 1012.5 2303 1009.8 1417  4.0  7.7 14.5 -9.0 23.99  3.36 1100   -9.0   -9.0 -9.00   -9.0   -9   -9.0   -9   -9.0   -9   -9.0   -9   -9.0   -9 -99.0 -99.0 -99.0 -99.0 -99.0
20260614 258  1.9  1633  16  4.0 1407  16  6.3 1343  23.1  28.6 1401  19.5 2353  17.9  25.8  17.4  74.4  39.0 1301  20.5   7.7   5.4 -9.00 1011.5 1011.7 1012.8 2229 1010.2 1604  6.0  8.5 14.5 -9.0 27.86  3.70 1200   -9.0   -9.0 -9.00   -9.0   -9   -9.0   -9   -9.0   -9   -9.0   -9   -9.0   -9 -99.0 -99.0 -99.0 -99.0 -99.0
20260614 259  1.5  1279   9  4.1 1510   9  8.0 1504  23.6  29.8 1410  19.5  403  18.1  29.3  18.1  74.1  37.0 1301  20.9   7.3   5.1 -9.00 1009.1 1011.0 1012.3 2250 1009.6 1600  5.1  8.6 14.5 -9.0 26.13  3.41 1100   -9.0   -9.0 -9.00   -9.0   -9   -9.0   -9   -9.0   -9   -9.0   -9   -9.0   -9 -99.0 -99.0 -99.0 -99.0 -99.0
20260614 260  1.9  1633  16  4.8 1532  16  8.3 1454  22.7  27.9 1302  18.5 2400  18.3  29.7  15.5  77.5  52.0 1626  21.1  -9.0  -9.0 -9.00 1006.0 1011.0 1012.4 2250 1009.7 1632  6.0  9.1 14.5 -9.0 -9.00 -9.00   -9   -9.0   -9.0 -9.00   -9.0   -9   -9.0   -9   -9.0   -9   -9.0   -9   -9.0   -9 -99.0 -99.0 -99.0 -99.0 -99.0
20260614 261  2.3  2014  14  5.6 1507  14  8.3 1410  23.5  28.7 1240  19.9 2357  19.2  29.1  17.0  78.5  51.0 1413  22.2  -9.0  -9.0 -9.00 1009.4 1011.3 1012.5 2217 1010.1 1554  5.4  8.6 14.5 -9.0 -9.00 -9.00   -9   -9.0   -9.0 -9.00   -9.0   -9   -9.0   -9   -9.0   -9   -9.0   -9   -9.0   -9 -99.0 -99.0 -99.0 -99.0 -99.0
20260614 262  1.4  1239  18  3.7 1514  20  6.7 1412  22.3  28.3 1249  18.3  402  16.3  29.3  19.2  72.4  33.0 1249  18.7   6.9   4.8 -9.00 1005.2 1011.3 1012.4 2231 1010.0 1559  6.1  8.3 14.5 -9.0 24.15  3.15 1200   -9.0   -9.0 -9.00   -9.0   -9   -9.0   -9   -9.0   -9   -9.0   -9   -9.0   -9 -99.0 -99.0 -99.0 -99.0 -99.0
20260614 263  1.3  1162  18  3.3 1653  16  6.0 1647  22.5  30.2 1411  16.7  529  16.4  27.9  14.6  72.0  35.0 1611  18.6   6.6   4.6 -9.00 1009.5 1011.2 1012.5 2258 1009.2 1555  5.0  6.5 14.5 -9.0 23.24  3.60 1200   -9.0   -9.0 -9.00   -9.0   -9   -9.0   -9   -9.0   -9   -9.0   -9   -9.0   -9 -99.0 -99.0 -99.0 -99.0 -99.0
20260614 264  1.1   956  18  4.4 1743  20  7.5 1734  22.6  31.0 1533  16.3  434  14.8  28.3  15.1  65.9  27.0 1645  16.9   7.6   5.4 -9.00  993.7 1011.1 1012.7 2334 1007.9 1707  4.0  8.7 14.6 -9.0 26.93  3.53 1200   -9.0   -9.0 -9.00   -9.0   -9   -9.0   -9   -9.0   -9   -9.0   -9   -9.0   -9 -99.0 -99.0 -99.0 -99.0 -99.0
20260614 266  1.2  1073  18  3.2 1532  18  5.6 1535  23.3  29.3 1303  19.4  537  16.0  32.2  16.8  66.6  33.0 1636  18.3   7.5   5.3 -9.00 1001.5 1011.6 1012.8 2309 1010.4 1553  4.6  9.1 14.5 -9.0 26.24  3.52 1200   -9.0   -9.0 -9.00   -9.0   -9   -9.0   -9   -9.0   -9   -9.0   -9   -9.0   -9 -99.0 -99.0 -99.0 -99.0 -99.0
20260614 268  1.6  1377  18  4.6 1416  18  8.9 1416  22.7  27.5 1253  19.7  537  18.9  28.1  19.3  80.5  58.0 1238  21.9  -9.0  -9.0 -9.00 1008.8 1009.9 1011.0 2159 1008.7  419  6.9  8.0 14.5 -9.0 -9.00 -9.00   -9    0.0   -9.0 -9.00    0.0   -9    0.0   -9   -9.0   -9   -9.0   -9   -9.0   -9 -99.0 -99.0 -99.0 -99.0 -99.0
20260614 271  1.3  1125  14  5.0 1424  14  8.3 1421  19.8  29.5 1248  11.3  447   9.4  25.4   8.3  57.4  22.0 1420  11.8  -9.0  -9.0 -9.00  974.8 1012.0 1014.6 2300 1009.3 1336  3.5  7.9 14.7 -9.0 -9.00 -9.00   -9   -9.0   -9.0 -9.00   -9.0   -9   -9.0   -9   -9.0   -9   -9.0   -9   -9.0   -9 -99.0 -99.0 -99.0 -99.0 -99.0
20260614 272  1.5  1273  34  4.4 1541  36  7.7 1533  21.2  30.7 1418  14.7  440  12.3  29.3  11.7  59.6  28.0 1254  14.3  -9.0  -9.0 -9.00  987.0 1011.3 1013.2 2257 1008.5 1437  5.4  5.9 14.7 -9.0 -9.00 -9.00   -9    0.0   -9.0 -9.00    0.0   -9    0.0   -9   -9.0   -9   -9.0   -9   -9.0   -9 -99.0 -99.0 -99.0 -99.0 -99.0
20260614 273  1.1   962  11  4.0 1622  14  6.9 1358  22.9  31.3 1608  15.7  500  13.9  30.0  12.9  59.4  29.0 1355  15.9  -9.0  -9.0 -9.00  990.5 1010.3 1011.8 2313 1007.4 1601  5.1  6.5 14.7 -9.0 -9.00 -9.00   -9   -9.0   -9.0 -9.00   -9.0   -9   -9.0   -9   -9.0   -9   -9.0   -9   -9.0   -9 -99.0 -99.0 -99.0 -99.0 -99.0
20260614 276  1.6  1352  14  4.9 1526  14  8.1 1635  21.3  30.9 1407  13.6  524  12.8  30.7  10.9  64.6  12.0 1413  14.8   8.1   5.6 -9.00  987.0 1010.9 1013.1 2301 1008.5 1443  4.5 10.2 14.6 -9.0 25.30  3.64 1200   -9.0   -9.0 -9.00   -9.0   -9   -9.0   -9   -9.0   -9   -9.0   -9   -9.0   -9 -99.0 -99.0 -99.0 -99.0 -99.0
20260614 277  2.0  1706  18  3.9  527  20  8.0 1401  21.0  26.2  847  15.7  355  16.0  28.6  14.8  74.6  47.0  837  18.3  -9.0  -9.0 -9.00 1007.0 1011.7 1013.2 2213 1010.7  257  4.3  8.1 14.6 -9.0 -9.00 -9.00   -9   -9.0   -9.0 -9.00   -9.0   -9   -9.0   -9   -9.0   -9   -9.0   -9   -9.0   -9 -99.0 -99.0 -99.0 -99.0 -99.0
20260614 278  1.0   841  14  3.1 1555  16  6.4 1516  23.1  32.9 1436  15.0  519  12.4  30.7  12.9  55.5  19.0 1549  14.5  -9.0  -9.0 -9.00 1000.6 1009.9 1011.7 2300 1007.1 1613  4.0  9.6 14.6 -9.0 -9.00 -9.00   -9   -9.0   -9.0 -9.00   -9.0   -9   -9.0   -9   -9.0   -9   -9.0   -9   -9.0   -9 -99.0 -99.0 -99.0 -99.0 -99.0
20260614 279  1.1   977  18  2.8 1908  14  5.8 1900  25.2  32.3 1332  18.9  520  13.1  33.0  17.1  50.3  26.0 1333  15.2   7.3   5.1 -9.00 1004.8 1010.4 1012.0 2329 1007.8 1712  5.1  8.0 14.6 -9.0 22.98  3.22 1200   -9.0   -9.0 -9.00   -9.0   -9   -9.0   -9   -9.0   -9   -9.0   -9   -9.0   -9 -99.0 -99.0 -99.0 -99.0 -99.0
20260614 281  1.4  1245  11  4.3 1648  14  8.1 1643  22.3  31.1 1428  15.7  511  13.7  29.6  13.5  62.5  23.0 1320  15.8  -9.0  -9.0 -9.00 1000.6 1011.6 1013.1 2305 1009.6 1505  5.3  8.1 14.6 -9.0 -9.00 -9.00   -9   -9.0   -9.0 -9.00   -9.0   -9   -9.0   -9   -9.0   -9   -9.0   -9   -9.0   -9 -99.0 -99.0 -99.0 -99.0 -99.0
20260614 283  2.1  1788  14  5.9 1556  11  8.6 1544  22.7  30.7 1225  16.1  447  14.8  28.0  13.6  65.1  27.0 1349  17.0   7.7   5.4 -9.00 1007.0 1011.6 1013.1 2328 1010.1 1413  5.3  7.7 14.6 -9.0 24.24  3.27 1100   -9.0   -9.0 -9.00   -9.0   -9   -9.0   -9   -9.0   -9   -9.0   -9   -9.0   -9 -99.0 -99.0 -99.0 -99.0 -99.0
20260614 284  1.6  1414  16  4.2 1323   5  7.9 1421  22.0  29.8 1523  15.7  459  15.0  31.0  12.5  67.9  30.0 1555  17.2   8.2   5.8 -9.00  983.9 1010.0 1011.8 2328 1006.7 1715  5.4  9.3 14.6 -9.0 28.25  3.70 1200   -9.0   -9.0 -9.00   -9.0   -9   -9.0   -9   -9.0   -9   -9.0   -9   -9.0   -9 -99.0 -99.0 -99.0 -99.0 -99.0
20260614 285  0.9   812  20  3.0 1700  18  7.5 1652  23.0  31.4 1418  16.8  528  15.6  31.3  15.7  67.8  28.0 1422  17.8  -9.0  -9.0 -9.00 1008.1 1011.2 1012.5  839 1008.9 1631  4.0  8.6 14.6 -9.0 -9.00 -9.00   -9   -9.0   -9.0 -9.00   -9.0   -9   -9.0   -9   -9.0   -9   -9.0   -9   -9.0   -9 -99.0 -99.0 -99.0 -99.0 -99.0
20260614 288  1.5  1305  16  4.3 1538  14  8.7 1538  24.1  31.8 1418  17.5  520  14.9  29.7  17.6  60.6  23.0 1315  17.1   8.6   6.0 -9.00 1008.9 1009.9 1011.1 2337 1007.7 1455  5.3 10.1 14.5 -9.0 27.91  3.49 1100   -9.0   -9.0 -9.00   -9.0   -9   -9.0   -9   -9.0   -9   -9.0   -9   -9.0   -9 -99.0 -99.0 -99.0 -99.0 -99.0
20260614 289  1.2  1000   5  3.5 1710   7  6.7 1707  22.9  30.2 1357  16.9  537  14.9  32.0  14.5  64.6  29.0 1532  17.0  -9.0  -9.0 -9.00  995.9 1011.8 1013.2 2258 1009.3 1543  4.5  8.5 14.5 -9.0 -9.00 -9.00   -9   -9.0   -9.0 -9.00   -9.0   -9   -9.0   -9   -9.0   -9   -9.0   -9   -9.0   -9 -99.0 -99.0 -99.0 -99.0 -99.0
20260614 294  1.1   908  11  3.2 1533   9  5.6 1618  22.4  28.5 1351  17.5  454  15.5  32.2  13.1  67.8  35.0 1519  17.7  -9.0  -9.0 -9.00 1006.9 1012.1 1013.1 2348 1011.0 1704  4.3  9.9 14.5 -9.0 -9.00 -9.00   -9   -9.0   -9.0 -9.00   -9.0   -9   -9.0   -9   -9.0   -9   -9.0   -9   -9.0   -9 -99.0 -99.0 -99.0 -99.0 -99.0
20260614 295  1.1   983   9  2.9 1354  16  5.3 1554  22.5  28.0 1351  18.8  506  16.1  28.8  14.8  69.0  37.0 1551  18.4  -9.0  -9.0 -9.00 1006.2 1011.5 1012.4  911 1010.3 1639  4.0  8.5 14.5 -9.0 -9.00 -9.00   -9   -9.0   -9.0 -9.00   -9.0   -9   -9.0   -9   -9.0   -9   -9.0   -9   -9.0   -9 -99.0 -99.0 -99.0 -99.0 -99.0
20260614 296  1.6  1389  18  4.0 1317  18  7.4 1316  23.4  29.9 1236  17.1  446  16.9  26.8  11.6  70.4  39.0 1510  19.3   7.8   5.4 -9.00 1010.4 1010.7 1011.8 2313 1009.4 1424  4.0  9.4 14.5 -9.0 26.67  3.49 1200   -9.0   -9.0 -9.00   -9.0   -9   -9.0   -9   -9.0   -9   -9.0   -9   -9.0   -9 -99.0 -99.0 -99.0 -99.0 -99.0
20260615  90  2.0  1712  36  4.5 1000   2  6.5 1015  20.0  22.8 1645  17.5  522  17.7  27.6  17.0  87.0  76.0 1646  20.2   5.8   4.0 -9.00 1012.9 1015.0 1016.0 2136 1012.5   41  3.6 10.7 14.8 -9.0 27.46  3.30 1100   -9.0   -9.0 -9.00   -9.0   -9   -9.0   -9   -9.0   -9   -9.0   -9   -9.0   -9 -99.0 -99.0 -99.0 -99.0 -99.0
20260615  93  0.8   664  23  3.2 1558  20  6.3 1518  23.3  32.0 1544  15.0  514  13.2  31.0  13.3  59.5  24.0 1750  15.3   8.8   6.1 -9.00 1002.2 1013.2 1015.0  713 1011.2 1634  2.9 12.8 14.8 -9.0 29.67  3.56 1200   -9.0   -9.0 -9.00   -9.0   -9   -9.0   -9   -9.0   -9   -9.0   -9   -9.0   -9  23.7  21.7  19.2  15.1  13.3
20260615  95  1.2  1010  11  3.3  921  25  5.4  821  23.4  30.9 1606  15.8  514  16.1  26.3  14.8  68.9  29.0 1536  18.4   8.0   5.6 -9.00  995.5 1013.3 1015.2 2356 1011.2 1656  3.6 11.2 14.8 -9.0 29.09  3.57 1200   -9.0   -9.0 -9.00   -9.0   -9   -9.0   -9   -9.0   -9   -9.0   -9   -9.0   -9 -99.0 -99.0 -99.0 -99.0 -99.0
20260615  98  0.7   600  29  2.1 1828  25  5.0 1740  24.0  32.0 1427  15.6  451  15.1  30.9  12.6  61.5  31.0 1341  17.2   7.0   4.9 -9.00  999.6 1012.8 1014.3 2352 1010.9 1700  3.6 10.1 14.8 -9.0 25.49  3.32 1100   -9.0   -9.0 -9.00   -9.0   -9   -9.0   -9   -9.0   -9   -9.0   -9   -9.0   -9 -99.0 -99.0 -99.0 -99.0 -99.0
20260615  99  1.0   875  34  3.3 1820  34  5.7 1818  23.0  31.8 1537  15.1  514  16.4  29.7  13.9  70.3  27.0 1628  18.6   7.6   5.3 -9.00 1010.1 1013.6 1014.9 2341 1011.9 1646  3.1 11.7 14.8 -9.0 27.98  3.45 1200   -9.0   -9.0 -9.00   -9.0   -9   -9.0   -9   -9.0   -9   -9.0   -9   -9.0   -9 -99.0 -99.0 -99.0 -99.0 -99.0
20260615 100  1.9  1617   7  4.8 1347   7  8.3 1341  15.7  22.0 1242   6.4  450  12.8  24.3   3.7  84.4  59.0  827  15.2   6.4   4.5 -9.00  927.5 1015.0 1017.5  559 1012.7 1243  3.9 11.7 14.8 -9.0 29.89  3.71 1200   -9.0   -9.0 -9.00   -9.0   -9   -9.0   -9   -9.0   -9   -9.0   -9   -9.0   -9 -99.0 -99.0 -99.0 -99.0 -99.0
20260615 101  1.4  1239  23  2.9 1031  32  4.8 2200  23.7  32.1 1641  15.6  505  13.6  31.4  11.9  58.3  25.0 1647  15.6   8.8   6.1 -9.00 1003.5 1012.2 1014.1 2400 1009.8 1657  2.5 13.0 14.8 -9.0 29.25  3.55 1200   -9.0   -9.0 -9.00   -9.0   -9   -9.0   -9   -9.0   -9   -9.0   -9   -9.0   -9  23.0  19.9  18.0  15.3  15.0
20260615 102  2.2  1907  32  4.7 1422  32  6.5 1356  20.7  25.8 1031  16.3  303  16.5  30.3  13.3  78.1  53.0 1022  18.8   6.8   4.8  3.25 1008.5 1012.7 1013.6 2157 1011.3   32  4.6 11.8 14.8 -9.0 28.02  3.46 1200   -9.0   -9.0 -9.00   -9.0   -9   -9.0   -9   -9.0   -9   -9.0   -9   -9.0   -9 -99.0 -99.0 -99.0 -99.0 -99.0
20260615 104  1.6  1358   2  4.3  858  20  7.3  844  20.2  24.3 1225  15.3  314  17.7  28.8  12.4  86.1  72.0 1226  20.4   6.1   4.3 -9.00 1005.0 1013.8 1014.9 2130 1011.3  149  4.3 12.3 14.8 -9.0 29.03  3.54 1200   -9.0   -9.0 -9.00   -9.0   -9   -9.0   -9   -9.0   -9   -9.0   -9   -9.0   -9  22.5  19.8  17.9  14.3  13.4
20260615 105  1.7  1496  32  3.9 1410  11  6.4 1403  21.1  24.5 1208  17.0  511  15.5  29.1  12.5  71.0  61.0 1513  17.8   6.3   4.4 -9.00 1011.5 1014.7 1015.7 2128 1012.1  150  4.0 10.1 14.8 -9.0 25.88  3.39 1200   -9.0   -9.0 -9.00   -9.0   -9   -9.0   -9   -9.0   -9   -9.0   -9   -9.0   -9  22.9  20.5  19.4  15.8  14.8
20260615 106  2.3  2013  36  6.9 1021   2 11.0 1017  19.8  23.7 1446  14.9  459  16.8  30.9  11.7  83.5  59.0  756  19.3   6.1   4.3 -9.00 1010.3 1015.0 1016.3 2124 1012.6  102  2.9 12.1 14.7 -9.0 28.64  3.49 1200   -9.0   -9.0 -9.00   -9.0   -9   -9.0   -9   -9.0   -9   -9.0   -9   -9.0   -9 -99.0 -99.0 -99.0 -99.0 -99.0
20260615 108  1.8  1529  25  3.7 1730  27  5.9 1917  25.4  32.6 1506  19.2  442  15.1  30.7  14.1  55.9  26.0 1525  17.2   8.5   6.0 -9.00 1003.0 1012.8 1014.2 2350 1011.3 1537  3.0  7.7 14.8 -9.0 25.73  3.61 1200   -9.0   -9.0 -9.00   -9.0   -9   -9.0   -9   -9.0   -9   -9.0   -9   -9.0   -9  23.3  20.6  19.5  15.5  13.8
20260615 112  1.9  1603  20  4.3 1423  23  6.8 1448  24.4  28.8 1555  20.0  437  17.6  28.3  16.8  67.4  50.0 1625  20.2   7.8   5.4 -9.00 1005.0 1012.9 1014.1 2347 1011.5   14  3.5 10.3 14.7 -9.0 27.10  3.37 1200   -9.0   -9.0 -9.00   -9.0   -9   -9.0   -9   -9.0   -9   -9.0   -9   -9.0   -9  22.4  20.3  14.7  17.7  13.4
20260615 114  1.5  1303  29  3.2 1439  20  6.4 2347  24.1  31.6 1531  15.4  429  14.9  29.4  13.2  60.8  31.0 1605  16.9   9.1   6.4 -9.00  995.6 1012.8 1014.6  701 1010.6 1612  2.0 12.3 14.7 -9.0 30.35  3.59 1200   -9.0   -9.0 -9.00   -9.0   -9   -9.0   -9   -9.0   -9   -9.0   -9   -9.0   -9 -99.0 -99.0 -99.0 -99.0 -99.0
20260615 115  1.5  1275  23  2.9  116   5  4.8  800  22.6  26.6 1400  19.5   34  17.3  30.6  13.0  73.1  57.0 1304  19.8   6.9   4.8 -9.00  989.7 1015.0 1017.1 2128 1013.3  253  0.5 13.0 14.7 -9.0 27.96  3.36 1200   -9.0   -9.0 -9.00   -9.0   -9   -9.0   -9   -9.0   -9   -9.0   -9   -9.0   -9  20.6  17.5  16.3  12.8  13.2
20260615 119  1.7  1492  23  4.4 1621  29  6.4 1746  24.4  32.0 1516  17.7  420  14.0  35.7  14.5  55.6  27.0 1517  16.1   8.2   5.8 -9.00 1008.1 1012.7 1014.3 2357 1011.0 1544  2.5 10.5 14.7 -9.0 27.08  3.47 1200   -9.0   -9.0 -9.00   -9.0   -9   -9.0   -9   -9.0   -9   -9.0   -9   -9.0   -9  23.4  20.2  18.1  14.0  13.0
20260615 121  1.3  1095   5  3.4 1802   7  5.3 1502  22.1  33.1 1415  12.1  445  13.9  28.5   7.8  64.6  27.0 1412  16.0   7.5   5.2 -9.00  986.1 1013.7 1016.0  716 1010.6 1538  2.8  9.9 14.7 -9.0 26.55  3.63 1200   -9.0   -9.0 -9.00   -9.0   -9   -9.0   -9   -9.0   -9   -9.0   -9   -9.0   -9 -99.0 -99.0 -99.0 -99.0 -99.0
20260615 127  1.1   909  34  2.6 1307  32  5.1 1316  24.2  32.0 1449  14.8  437  13.3  31.0  12.3  55.8  26.0 1735  15.4   7.3   5.1 -9.00  999.0 1012.2 1014.2 2335 1010.3 1616  2.1 10.6 14.7 -9.0 25.64  3.51 1100   -9.0   -9.0 -9.00   -9.0   -9   -9.0   -9   -9.0   -9   -9.0   -9   -9.0   -9 -99.0 -99.0 -99.0 -99.0 -99.0
20260615 129  1.8  1517  29  4.9 1551  29  6.9 1551  24.3  31.6 1436  17.9  508  14.7  32.2  13.2  58.5  28.0 1413  16.8   8.2   5.7 -9.00 1010.1 1013.0 1014.9 2352 1011.6   35  2.3 12.8 14.7 -9.0 28.60  3.52 1200   -9.0   -9.0 -9.00   -9.0   -9   -9.0   -9   -9.0   -9   -9.0   -9   -9.0   -9  23.5  20.5  20.3  14.8  14.9
20260615 130  1.8  1534   5  5.0 1120   5  7.7 1113  19.9  23.6 1014  14.7  502  17.1  27.9  12.4  84.5  70.0 1015  19.6  -9.0  -9.0 -9.00 1009.4 1015.1 1016.7 2323 1012.8  144  0.9 13.4 14.7 -9.0 -9.00 -9.00   -9   -9.0   -9.0 -9.00   -9.0   -9   -9.0   -9   -9.0   -9   -9.0   -9   -9.0   -9 -99.0 -99.0 -99.0 -99.0 -99.0
20260615 131  1.1   963  27  2.8 1236  27  5.9 1334  25.5  31.7 1639  17.7  505  14.8  29.5  16.7  55.5  27.0 1701  16.9   8.0   5.6 -9.00 1005.7 1012.4 1014.1 2400 1010.8 1600  2.5 11.9 14.7 -9.0 28.63  3.75 1200   -9.0   -9.0 -9.00   -9.0   -9   -9.0   -9   -9.0   -9   -9.0   -9   -9.0   -9 -99.0 -99.0 -99.0 -99.0 -99.0
20260615 133  1.6  1345  18  4.0 2205  20  6.5 2204  24.8  32.2 1536  16.6  508  14.2  27.7  14.6  57.3  28.0 1524  16.4   7.9   5.6 -9.00 1005.1 1012.8 1014.8 2324 1011.0 1711  2.3 12.0 14.6 -9.0 27.23  3.54 1200   -9.0   -9.0 -9.00   -9.0   -9   -9.0   -9   -9.0   -9   -9.0   -9   -9.0   -9  24.8  22.9  20.6  16.9  15.9
20260615 135  1.1    -9  14  5.8 1751  14  9.1 1745  22.9  30.0 1450  13.6  511  13.7  33.5  12.2  59.6  27.0 1451  15.8   7.3   5.1 -9.00  984.9 1012.9 1015.0 2330 1010.6 1617  1.6 -9.0 14.6 -9.0 28.92  3.49 1100   -9.0   -9.0 -9.00   -9.0   -9   -9.0   -9   -9.0   -9   -9.0   -9   -9.0   -9 -99.0 -99.0 -99.0 -99.0 -99.0
20260615 136  1.8  1531  14  5.4 1548  14  9.4 1604  23.5  32.0 1426  15.3  529  14.1  32.6  13.8  59.4  29.0 1147  16.2   8.5   6.0 -9.00  998.2 1014.4 1017.0 2252 1012.3 1516  2.8 10.9 14.7 -9.0 28.48  3.66 1200   -9.0   -9.0 -9.00   -9.0   -9   -9.0   -9   -9.0   -9   -9.0   -9   -9.0   -9 -99.0 -99.0 -99.0 -99.0 -99.0
20260615 137  0.8   656  16  2.1 1826  16  5.3 1749  24.5  32.1 1502  16.1  448  15.3  34.0  12.6  60.0  32.0 1330  17.4   7.4   5.2 -9.00 1001.4 1012.5 1014.8 2334 1010.4 1628  1.9 12.4 14.6 -9.0 28.35  3.58 1300   -9.0   -9.0 -9.00   -9.0   -9   -9.0   -9   -9.0   -9   -9.0   -9   -9.0   -9 -99.0 -99.0 -99.0 -99.0 -99.0
20260615 138  2.1  1838   7  5.0 1138   5  7.2 1148  22.2  25.6 1030  19.0  503  18.8  30.3  13.9  81.6  59.0 1031  21.8   6.4   4.4 -9.00 1013.6 1014.1 1016.4 2238 1012.2  246  1.9 13.5 14.6 -9.0 28.93  3.50 1200   -9.0   -9.0 -9.00   -9.0   -9   -9.0   -9   -9.0   -9   -9.0   -9   -9.0   -9  22.1  19.2  18.1  15.9  15.7
20260615 140  1.8  1577  27  4.8 1531  29  6.6 1512  23.7  29.0 1452  17.9  340  17.4  31.4  14.6  69.5  50.0 1228  19.9  -9.0  -9.0 -9.00 1010.5 1013.7 1015.7 2333 1012.3  137  2.8 12.1 14.6 -9.0 -9.00 -9.00   -9    0.0   -9.0 -9.00    0.0   -9    0.0   -9   -9.0   -9   -9.0   -9   -9.0   -9 -99.0 -99.0 -99.0 -99.0 -99.0
20260615 143  2.2  1890  11  4.5 1516   7  7.8 1434  24.4  30.4 1409  18.1  529  14.5  30.8  17.0  57.4  33.0 1216  16.6   8.2   5.7 -9.00 1006.8 1013.0 1015.5 2253 1011.3 1441  3.6 10.7 14.6 -9.0 27.11  3.79 1200   -9.0   -9.0 -9.00   -9.0   -9   -9.0   -9   -9.0   -9   -9.0   -9   -9.0   -9 -99.0 -99.0 -99.0 -99.0 -99.0
20260615 146  1.6  1355  27  4.2 1811  27  6.6 1805  24.6  32.4 1637  17.3  453  16.4  28.9  13.4  63.0  36.0 1618  18.7   6.9   4.8 -9.00 1005.7 1012.6 1015.0 2356 1010.6 1641  3.3  9.7 14.6 -9.0 23.89  3.43 1200    2.4    2.4  1.88    2.4 1817    1.7 1838   -9.0   -9   -9.0   -9   -9.0   -9 -99.0 -99.0 -99.0 -99.0 -99.0
20260615 152  1.8  1585  11  4.4 1031   7  7.5 1431  22.7  27.7 1206  18.3  530  15.5  30.3  15.8  66.5  43.0 1046  17.7   7.8   5.4 -9.00 1004.3 1013.6 1016.2 2229 1012.0  306  1.6 13.1 14.6 -9.0 29.75  3.55 1200   -9.0   -9.0 -9.00   -9.0   -9   -9.0   -9   -9.0   -9   -9.0   -9   -9.0   -9 -99.0 -99.0 -99.0 -99.0 -99.0
20260615 155  2.1  1783  20  5.3 1729  18  9.0 1421  23.3  27.8 1135  18.5  453  16.0  28.3  15.0  64.9  47.0 1614  18.2   7.9   5.6 -9.00 1009.7 1013.8 1016.0 2233 1012.0  233  2.3 12.8 14.5 -9.0 28.95  3.52 1200   -9.0   -9.0 -9.00   -9.0   -9   -9.0   -9   -9.0   -9   -9.0   -9   -9.0   -9 -99.0 -99.0 -99.0 -99.0 -99.0
20260615 156  1.7  1485  16  5.5 1728  16 10.0 1720  25.1  32.2 1359  18.9  546  15.6  30.4  13.8  57.9  27.0 1254  17.8   8.1   5.7 -9.00 1004.6 1012.7 1015.3 2313 1011.1 1357  4.0 11.2 14.5 -9.0 26.47  3.38 1100   -9.0   -9.0 -9.00   -9.0   -9   -9.0   -9   -9.0   -9   -9.0   -9   -9.0   -9 -99.0 -99.0 -99.0 -99.0 -99.0
20260615 159  2.5  2153  16  5.1 1219  16  8.6 1147  23.9  27.9 1540  20.2  519  16.1  32.7  15.1  63.0  44.0 1609  18.4   8.3   5.8 -9.00 1005.3 1013.3 1015.5 2152 1011.5  240  3.0 12.4 14.5 -9.0 30.63  3.69 1200   -9.0   -9.0 -9.00   -9.0   -9   -9.0   -9   -9.0   -9   -9.0   -9   -9.0   -9  23.7  21.2  20.1  16.4  16.9
20260615 162  2.3  1968  18  5.1 1340  18  7.6 1337  23.1  28.0 1457  18.7  123  16.2  30.1  14.1  67.6  43.0 1601  18.5   7.9   5.5 -9.00 1009.2 1012.8 1015.0 2213 1011.2  224  3.4 12.3 14.5 -9.0 29.76  3.58 1200   -9.0   -9.0 -9.00   -9.0   -9   -9.0   -9   -9.0   -9   -9.0   -9   -9.0   -9 -99.0 -99.0 -99.0 -99.0 -99.0
20260615 165  1.9  1627  29  4.8 1645  23  7.8 1432  24.0  29.9 1407  19.4  523  17.6  27.3  15.7  69.8  36.0 1338  20.2   5.6   3.9 -9.00 1007.8 1013.0 1015.4 2200 1011.4  234  4.1  6.7 14.5 -9.0 20.28  3.61 1200   -9.0   -9.0 -9.00   -9.0   -9   -9.0   -9   -9.0   -9   -9.0   -9   -9.0   -9  23.8  21.9  19.5  17.0  15.3
20260615 168  3.5  3016   9  6.0  825  14 10.7 1452  22.9  26.1 1142  19.8  526  16.5  27.9  17.8  68.4  54.0 1158  18.8   8.3   5.8 -9.00 1006.0 1013.6 1015.6 2210 1011.7  252  3.5 13.0 14.5 -9.0 29.51  3.64 1200   -9.0   -9.0 -9.00   -9.0   -9   -9.0   -9   -9.0   -9   -9.0   -9   -9.0   -9  25.0  21.7  19.5  17.0  16.6
20260615 169  1.8  1551   2  4.8 2337   5  5.5 2243  22.3  27.5 1439  19.4  529  17.9  28.9  18.5  77.9  54.0 1417  20.6   6.8   4.8  0.95 1004.3 1013.0 1014.8 2141 1011.3  351  3.0 12.3 14.5 -9.0 28.96  3.54 1300   -9.0   -9.0 -9.00   -9.0   -9   -9.0   -9   -9.0   -9   -9.0   -9   -9.0   -9 -99.0 -99.0 -99.0 -99.0 -99.0
20260615 170  3.1  2709  14  8.1 1453  14 11.6 1446  23.4  29.7 1258  18.4  446  18.3  30.4  17.4  75.1  51.0 1111  21.0   8.0   5.6 -9.00 1009.2 1013.2 1015.4 2212 1011.5  234  4.3 12.5 14.5 -9.0 29.13  3.62 1200   -9.0   -9.0 -9.00   -9.0   -9   -9.0   -9   -9.0   -9   -9.0   -9   -9.0   -9 -99.0 -99.0 -99.0 -99.0 -99.0
20260615 172  1.9  1665  29  6.9 1509  27  9.2 1443  23.3  31.9 1412  16.9  512  16.3  27.3  12.9  68.5  25.0 1359  18.6   7.5   5.3 -9.00 1006.5 1012.5 1014.9 2244 1010.9  239  3.9  9.9 14.5 -9.0 27.04  3.52 1100   -9.0   -9.0 -9.00   -9.0   -9   -9.0   -9   -9.0   -9   -9.0   -9   -9.0   -9 -99.0 -99.0 -99.0 -99.0 -99.0
20260615 174  1.6  1398  14  4.7 1108  14  8.6 1154  20.8  28.4 1428  13.6  224  14.3  30.2  13.0  69.9  38.0 1039  16.4  -9.0  -9.0 -9.00  992.9 1011.9 1014.6 2326 1010.5 1432  3.5 11.6 14.5 -9.0 -9.00 -9.00   -9   -9.0   -9.0 -9.00   -9.0   -9   -9.0   -9   -9.0   -9   -9.0   -9   -9.0   -9 -99.0 -99.0 -99.0 -99.0 -99.0
20260615 177  1.6  1372  23  4.6 1650  25  7.2 1647  24.8  32.2 1544  17.0  526  16.9  33.3  14.3  64.4  34.0 1520  19.2   8.3   5.8 -9.00 1008.5 1011.6 1013.7 2353 1010.1 1603  2.3 13.2 14.7 -9.0 29.74  3.55 1200   -9.0   -9.0 -9.00   -9.0   -9   -9.0   -9   -9.0   -9   -9.0   -9   -9.0   -9 -99.0 -99.0 -99.0 -99.0 -99.0
20260615 181  1.4  1231   2  3.8 1816  27  5.7 1409  23.1  31.0 1517  16.4  402  16.4  28.9  13.8  70.4  33.0 1719  18.7   7.8   5.5 -9.00 1009.2 1013.1 1014.8 2358 1011.4 1701  1.6 10.7 14.7 -9.0 28.46  3.60 1200   -9.0   -9.0 -9.00   -9.0   -9   -9.0   -9   -9.0   -9   -9.0   -9   -9.0   -9 -99.0 -99.0 -99.0 -99.0 -99.0
20260615 184  3.9  3368   5  7.4 1305   7 13.0 1310  23.4  26.1  952  20.6  542  17.9  29.7  19.0  71.8  53.0  954  20.5   6.6   4.6 -9.00 1009.4 1011.8 1013.5 2159 1010.4  322  7.0 11.5 14.4 -9.0 27.19  3.55 1200    1.3    0.0  3.03    1.1   31    0.4   32   -9.0   -9   -9.0   -9   -9.0   -9  24.4  22.6  21.8  19.2  16.7
20260615 185  3.1  2684  32  6.7 1510  34  8.9 1507  22.2  26.6 1425  18.9  137  17.8  27.3  18.4  76.8  55.0 1431  20.3   5.7   4.0 -9.00 1003.5 1011.7 1013.5 2159 1010.8  315  6.6  7.2 14.4 -9.0 22.50  3.32 1100    0.2   -9.0 -9.00    0.2   -9    0.2   -9   -9.0   -9   -9.0   -9   -9.0   -9 -99.0 -99.0 -99.0 -99.0 -99.0
20260615 188  2.6  2213   7  5.6 1247   5  8.0 1053  22.8  24.9 1503  19.7  429  19.5  27.0  19.4  82.3  67.0  907  22.6  -9.0  -9.0 -9.00 1010.6 1013.0 1014.7 2211 1011.4  330  7.1  7.6 14.4 -9.0 -9.00 -9.00   -9    0.0   -9.0 -9.00    0.0   -9    0.0   -9   -9.0   -9   -9.0   -9   -9.0   -9 -99.0 -99.0 -99.0 -99.0 -99.0
20260615 189  2.3  2014   7  4.3  855   9  7.9  905  23.9  27.4 1358  20.4  255  18.1  27.9  20.2  71.1  50.0 1348  20.8   7.0   4.9 -9.00 1006.4 1012.4 1014.2 2159 1011.2  319  7.1  8.4 14.3 -9.0 25.90  3.54 1300    0.8    0.0  2.20    0.8  205    0.6  241   -9.0   -9   -9.0   -9   -9.0   -9 -99.0 -99.0 -99.0 -99.0 -99.0
20260615 192  1.0   845  14  3.5 1535   9  7.1 1645  21.6  29.4 1407  14.5  504  15.0  32.7  12.5  69.3  42.0 1709  17.1   7.2   5.0 -9.00 1010.3 1013.7 1016.0 2243 1012.2    1  2.6 12.1 14.5 -9.0 28.47  3.29 1300   -9.0   -9.0 -9.00   -9.0   -9   -9.0   -9   -9.0   -9   -9.0   -9   -9.0   -9 -99.0 -99.0 -99.0 -99.0 -99.0
20260615 201  1.6  1389  27  4.0 1523  27  6.4 1516  22.3  29.2 1319  15.9  506  16.0  29.2  12.2  69.1  45.0 1315  18.3  -9.0  -9.0 -9.00 1008.3 1013.8 1015.0 2345 1012.4   35  3.8 12.1 14.8 -9.0 -9.00 -9.00   -9   -9.0   -9.0 -9.00   -9.0   -9   -9.0   -9   -9.0   -9   -9.0   -9   -9.0   -9 -99.0 -99.0 -99.0 -99.0 -99.0
20260615 202  1.3  1110  20  3.2 1041  20  4.9 1149  23.8  30.8 1719  16.5  514  13.0  32.8  13.2  55.4  22.0 1724  15.1  -9.0  -9.0 -9.00 1007.7 1013.2 1014.8 2346 1011.6 1656  1.6 12.6 14.8 -9.0 -9.00 -9.00   -9   -9.0   -9.0 -9.00   -9.0   -9   -9.0   -9   -9.0   -9   -9.0   -9   -9.0   -9 -99.0 -99.0 -99.0 -99.0 -99.0
20260615 203  0.7   641  32  1.7 1550  14  4.5 2241  24.1  32.4 1512  15.8  528  14.3  34.2  13.5  60.5  23.0 1631  16.5  -9.0  -9.0 -9.00 1004.3 1013.5 1015.1 2341 1011.7 1638  2.3 10.9 14.7 -9.0 -9.00 -9.00   -9   -9.0   -9.0 -9.00   -9.0   -9   -9.0   -9   -9.0   -9   -9.0   -9   -9.0   -9 -99.0 -99.0 -99.0 -99.0 -99.0
20260615 211  1.5  1284   7  3.4 1522   2  6.5 1504  21.8  30.4 1455  14.9  558  13.8  28.3  14.0  65.5  28.0 1358  15.8  -9.0  -9.0 -9.00  990.2 1013.4 1015.8 2349 1010.7 1540  2.3 11.6 14.8 -9.0 -9.00 -9.00   -9   -9.0   -9.0 -9.00   -9.0   -9   -9.0   -9   -9.0   -9   -9.0   -9   -9.0   -9 -99.0 -99.0 -99.0 -99.0 -99.0
20260615 212  1.0   827  29  2.7 1419  29  5.0 1509  23.0  31.9 1628  15.1  353  12.7  26.0  13.7  59.5  23.0 1538  14.9  -9.0  -9.0 -9.00  997.5 1013.6 1015.5 2349 1011.2 1705  1.8 11.8 14.8 -9.0 -9.00 -9.00   -9   -9.0   -9.0 -9.00   -9.0   -9   -9.0   -9   -9.0   -9   -9.0   -9   -9.0   -9 -99.0 -99.0 -99.0 -99.0 -99.0
20260615 216  1.4  1182   2  4.1 1604   7  6.9 1356  17.8  25.8 1241   8.5  435  12.0  23.8   7.0  72.0  41.0 1046  14.3   6.0   4.2 -9.00  934.1 1014.7 1017.5 2341 1011.4 1340  3.8  9.5 14.7 -9.0 24.57  3.69 1200   -9.0   -9.0 -9.00   -9.0   -9   -9.0   -9   -9.0   -9   -9.0   -9   -9.0   -9 -99.0 -99.0 -99.0 -99.0 -99.0
20260615 217  1.0   899  18  4.6 1531  18  7.5 1529  19.4  32.1 1359  10.2  517  13.4  26.6   9.4  73.3  27.0 1257  15.8  -9.0  -9.0 -9.00  978.7 1014.6 1017.0 2344 1010.5 1359  3.8  7.1 14.7 -9.0 -9.00 -9.00   -9    4.6   -9.0 -9.00    4.6 1525    2.3 1544   -9.0   -9   -9.0   -9   -9.0   -9 -99.0 -99.0 -99.0 -99.0 -99.0
20260615 221  1.2  1056  25  3.7 1642  25  5.9 1633  22.1  30.2 1413  13.0  459  13.5  31.4   9.2  63.6  30.0 1415  15.6  -9.0  -9.0 -9.00  983.1 1013.3 1015.6 2314 1010.8 1607  2.6 12.1 14.7 -9.0 -9.00 -9.00   -9   -9.0   -9.0 -9.00   -9.0   -9   -9.0   -9   -9.0   -9   -9.0   -9   -9.0   -9 -99.0 -99.0 -99.0 -99.0 -99.0
20260615 226  1.4  1252  18  4.2 1354  11  6.5 1137  23.0  30.0 1628  14.7  622  14.5  26.0  11.9  64.8  22.0 1629  16.7  -9.0  -9.0 -9.00  993.6 1013.2 1015.2 2342 1011.3 1604  0.9 12.2 14.7 -9.0 -9.00 -9.00   -9   -9.0   -9.0 -9.00   -9.0   -9   -9.0   -9   -9.0   -9   -9.0   -9   -9.0   -9 -99.0 -99.0 -99.0 -99.0 -99.0
20260615 232  0.8   661   9  2.3 1352  11  4.0 1343  22.5  30.6 1610  15.2  507  16.5  27.3  14.9  73.6  35.0 1616  18.9  -9.0  -9.0 -9.00 1003.8 1013.6 1015.3 2357 1012.0 1633  1.3 11.3 14.7 -9.0 -9.00 -9.00   -9   -9.0   -9.0 -9.00   -9.0   -9   -9.0   -9   -9.0   -9   -9.0   -9   -9.0   -9 -99.0 -99.0 -99.0 -99.0 -99.0
20260615 235  1.5  1273  20  4.4 1229  20  6.4 1317  23.4  30.2 1541  17.0  444  17.1  26.7  15.4  69.9  44.0 1559  19.5   7.6   5.3 -9.00 1011.3 1012.5 1014.5 2258 1011.0  241  3.0 12.0 14.6 -9.0 29.13  3.54 1200   -9.0   -9.0 -9.00   -9.0   -9   -9.0   -9   -9.0   -9   -9.0   -9   -9.0   -9 -99.0 -99.0 -99.0 -99.0 -99.0
20260615 236  0.9   798  29  2.8 1838  27  5.2 1848  23.8  31.1 1605  16.3  543  16.9  27.1  15.3  69.5  36.0 1658  19.3  -9.0  -9.0 -9.00 1011.6 1013.1 1015.1 2324 1011.7 1601  2.9 11.6 14.6 -9.0 -9.00 -9.00   -9   -9.0   -9.0 -9.00   -9.0   -9   -9.0   -9   -9.0   -9   -9.0   -9   -9.0   -9 -99.0 -99.0 -99.0 -99.0 -99.0
20260615 238  1.0   894  16  3.2 1237  16  5.5 2016  23.7  32.0 1425  15.0  502  14.4  28.9  10.7  60.8  29.0 1511  16.4  -9.0  -9.0 -9.00  992.9 1012.3 1014.6 2357 1010.2 1529  2.0  9.7 14.6 -9.0 -9.00 -9.00   -9   -9.0   -9.0 -9.00   -9.0   -9   -9.0   -9   -9.0   -9   -9.0   -9   -9.0   -9 -99.0 -99.0 -99.0 -99.0 -99.0
20260615 239  1.2   994  34  2.9 1738  32  5.3 1351  23.5  31.2 1633  16.3  451  15.8  27.9  15.7  67.3  31.0 1631  18.1   7.8   5.5 -9.00 1002.1 1012.4 1014.5 2359 1010.3 1713  1.8 11.3 14.7 -9.0 28.57  3.52 1200   -9.0   -9.0 -9.00   -9.0   -9   -9.0   -9   -9.0   -9   -9.0   -9   -9.0   -9 -99.0 -99.0 -99.0 -99.0 -99.0
20260615 243  1.4  1171  29  4.1 1412  32  7.3 1517  23.8  30.6 1342  17.8  514  16.3  30.6  13.9  65.9  36.0 1222  18.6  -9.0  -9.0 -9.00 1011.8 1013.2 1015.3 2310 1011.5  255  2.9 11.0 14.6 -9.0 -9.00 -9.00   -9   -9.0   -9.0 -9.00   -9.0   -9   -9.0   -9   -9.0   -9   -9.0   -9   -9.0   -9 -99.0 -99.0 -99.0 -99.0 -99.0
20260615 244  1.2   998  23  3.6 1245  18  7.6 1236  22.8  30.9 1359  14.3  529  14.0  28.0  10.9  63.8  21.0 1436  16.1  -9.0  -9.0 -9.00  984.5 1012.6 1015.2 2309 1010.5 1553  2.8 11.8 14.6 -9.0 -9.00 -9.00   -9   -9.0   -9.0 -9.00   -9.0   -9   -9.0   -9   -9.0   -9   -9.0   -9   -9.0   -9 -99.0 -99.0 -99.0 -99.0 -99.0
20260615 245  1.7  1443  34  5.1 1559  36  7.5 1603  23.5  31.6 1518  16.8  516  16.6  28.0  14.5  69.9  32.0 1520  19.0   7.2   5.0 -9.00 1005.0 1012.9 1015.3 2354 1011.2 1527  3.4 10.6 14.6 -9.0 25.24  3.41 1200    2.0   -9.0 -9.00    2.0 1752    1.5 1808   -9.0   -9   -9.0   -9   -9.0   -9 -99.0 -99.0 -99.0 -99.0 -99.0
20260615 247  1.6  1354  27  4.4 1838  25  7.0 1844  23.3  31.0 1425  15.7  528  15.5  27.7  13.7  64.1  36.0 1227  17.6  -9.0  -9.0 -9.00  997.3 1012.6 1015.0 2229 1011.0 1432  3.8  9.5 14.5 -9.0 -9.00 -9.00   -9   -9.0   -9.0 -9.00   -9.0   -9   -9.0   -9   -9.0   -9   -9.0   -9   -9.0   -9 -99.0 -99.0 -99.0 -99.0 -99.0
20260615 248  1.2  1007   5  4.1 1144   5  7.2 1200  21.2  29.0 1511  13.3  458  13.1  27.3  10.0  65.5  26.0 1203  15.1  -9.0  -9.0 -9.00  967.1 1013.3 1016.3 2338 1011.0 1510  2.1 10.0 14.6 -9.0 -9.00 -9.00   -9   -9.0   -9.0 -9.00   -9.0   -9   -9.0   -9   -9.0   -9   -9.0   -9   -9.0   -9 -99.0 -99.0 -99.0 -99.0 -99.0
20260615 251  1.5  1335  25  4.4 1535  25  7.7 1528  23.0  30.3 1436  16.7  535  17.9  25.3  14.7  76.8  30.0 1433  20.6   6.8   4.8 -9.00 1007.0 1012.8 1015.3 2247 1011.1 1450  3.3 11.0 14.5 -9.0 26.02  3.39 1300   -9.0   -9.0 -9.00   -9.0   -9   -9.0   -9   -9.0   -9   -9.0   -9   -9.0   -9 -99.0 -99.0 -99.0 -99.0 -99.0
20260615 252  1.1   959  34  3.5 1509  25  6.3 1318  23.0  29.8 1241  17.6  602  16.4  27.5  13.6  69.3  40.0 1254  18.6   6.6   4.6 -9.00 1008.6 1012.9 1015.1 2253 1011.2  303  3.8  9.5 14.5 -9.0 26.07  3.49 1100   -9.0   -9.0 -9.00   -9.0   -9   -9.0   -9   -9.0   -9   -9.0   -9   -9.0   -9 -99.0 -99.0 -99.0 -99.0 -99.0
20260615 253  1.7  1444  11  4.3 1243  11  8.0 1217  24.2  29.7 1228  18.7  507  15.7  30.9  16.1  61.5  41.0 1536  17.9   8.2   5.7 -9.00 1008.1 1014.4 1016.7 2239 1012.8  243  2.3 12.7 14.5 -9.0 28.88  3.59 1200   -9.0   -9.0 -9.00   -9.0   -9   -9.0   -9   -9.0   -9   -9.0   -9   -9.0   -9 -99.0 -99.0 -99.0 -99.0 -99.0
20260615 254  1.5  1312  18  4.4 1518  18  7.0 1512  23.5  31.4 1408  16.5  543  14.2  31.3  14.3  60.9  26.0 1359  16.3   8.3   5.8 -9.00  998.4 1013.2 1015.7 2356 1011.3 1453  3.5 10.3 14.5 -9.0 27.82  3.68 1200   -9.0   -9.0 -9.00   -9.0   -9   -9.0   -9   -9.0   -9   -9.0   -9   -9.0   -9 -99.0 -99.0 -99.0 -99.0 -99.0
20260615 255  1.4  1211   7  3.7 1019   9  7.7 1545  25.0  30.4 1221  19.0  443  16.0  27.4  14.4  59.6  38.0 1544  18.2   7.0   4.9 -9.00 1007.4 1013.3 1015.7 2232 1011.8  259  2.4 11.8 14.5 -9.0 24.62  2.90 1200   -9.0   -9.0 -9.00   -9.0   -9   -9.0   -9   -9.0   -9   -9.0   -9   -9.0   -9 -99.0 -99.0 -99.0 -99.0 -99.0
20260615 257  1.9  1660  14  4.0 1143   5  8.7 1427  24.9  30.5 1244  19.1  418  16.5  31.9  16.4  62.3  40.0 1548  18.8   8.1   5.6 -9.00 1013.0 1013.7 1016.0 2154 1012.2  245  2.6 10.5 14.5 -9.0 27.88  3.53 1100   -9.0   -9.0 -9.00   -9.0   -9   -9.0   -9   -9.0   -9   -9.0   -9   -9.0   -9 -99.0 -99.0 -99.0 -99.0 -99.0
20260615 258  2.7  2295  16  5.6 1355  16  7.9 1221  23.0  28.2 1300  18.3  529  17.0  25.8  17.0  70.6  50.0 1101  19.3   8.0   5.6 -9.00 1013.5 1013.7 1015.9 2232 1012.0  241  4.3 12.4 14.5 -9.0 29.70  3.72 1200   -9.0   -9.0 -9.00   -9.0   -9   -9.0   -9   -9.0   -9   -9.0   -9   -9.0   -9 -99.0 -99.0 -99.0 -99.0 -99.0
20260615 259  1.9  1648  11  5.2 1608   9  9.0 1317  23.8  29.8 1341  18.4  557  17.3  29.3  17.3  69.3  40.0 1146  19.7   7.7   5.4 -9.00 1011.0 1012.9 1015.3 2217 1011.4  245  4.8 11.7 14.5 -9.0 28.52  3.51 1300   -9.0   -9.0 -9.00   -9.0   -9   -9.0   -9   -9.0   -9   -9.0   -9   -9.0   -9 -99.0 -99.0 -99.0 -99.0 -99.0
20260615 260  2.1  1793  16  5.4 1305  16 10.3 1440  23.2  28.3 1434  18.0   31  17.6  30.8  11.9  72.0  49.0 1131  20.1  -9.0  -9.0 -9.00 1007.9 1013.0 1015.4 2227 1011.5  228  5.0 11.7 14.5 -9.0 -9.00 -9.00   -9   -9.0   -9.0 -9.00   -9.0   -9   -9.0   -9   -9.0   -9   -9.0   -9   -9.0   -9 -99.0 -99.0 -99.0 -99.0 -99.0
20260615 261  2.7  2310  14  7.1 1629   9  9.9 1239  23.7  29.5 1327  18.9  515  17.8  29.9  14.2  71.8  43.0 1140  20.4  -9.0  -9.0 -9.00 1011.2 1013.1 1015.4 2144 1011.6  247  4.5 12.6 14.5 -9.0 -9.00 -9.00   -9   -9.0   -9.0 -9.00   -9.0   -9   -9.0   -9   -9.0   -9   -9.0   -9   -9.0   -9 -99.0 -99.0 -99.0 -99.0 -99.0
20260615 262  1.7  1461  18  4.8 1351  20  9.3 1451  22.6  28.1 1019  17.5  424  16.8  29.1  18.7  72.4  46.0 1028  19.2   6.9   4.8 -9.00 1007.3 1013.3 1015.5 2231 1011.5  236  4.9 11.7 14.5 -9.0 26.83  3.22 1200   -9.0   -9.0 -9.00   -9.0   -9   -9.0   -9   -9.0   -9   -9.0   -9   -9.0   -9 -99.0 -99.0 -99.0 -99.0 -99.0
20260615 263  1.5  1296  11  4.6 1451  11  7.1 1445  22.5  29.7 1259  14.8  516  16.2  28.7  12.4  71.1  46.0 1300  18.5   7.1   5.0 -9.00 1012.0 1013.7 1016.0 2225 1012.3    4  2.8 10.6 14.5 -9.0 27.12  3.41 1100   -9.0   -9.0 -9.00   -9.0   -9   -9.0   -9   -9.0   -9   -9.0   -9   -9.0   -9 -99.0 -99.0 -99.0 -99.0 -99.0
20260615 264  1.4  1222  18  4.2 1704  18  7.2 1632  22.2  30.3 1512  14.0  511  15.0  28.4  12.4  67.3  38.0 1358  17.0   8.2   5.8 -9.00  995.9 1013.5 1016.0 2308 1011.4 1544  2.8 12.3 14.6 -9.0 30.32  3.72 1300   -9.0   -9.0 -9.00   -9.0   -9   -9.0   -9   -9.0   -9   -9.0   -9   -9.0   -9 -99.0 -99.0 -99.0 -99.0 -99.0
20260615 266  1.8  1581  11  4.3 1255   9  7.9 1253  23.5  28.3 1353  18.1  342  15.8  33.7  14.8  63.5  49.0 1402  18.0   8.2   5.7 -9.00 1003.6 1013.8 1016.1 2337 1012.1  302  3.5 11.8 14.5 -9.0 29.04  3.52 1100   -9.0   -9.0 -9.00   -9.0   -9   -9.0   -9   -9.0   -9   -9.0   -9   -9.0   -9 -99.0 -99.0 -99.0 -99.0 -99.0
20260615 268  1.7  1485  16  5.2 1332  14  8.6 1538  22.9  28.5 1149  17.1  536  16.9  28.5  16.5  70.9  47.0 1230  19.2  -9.0  -9.0 -9.00 1010.6 1011.7 1013.8 2157 1010.1  313  4.5 13.2 14.5 -9.0 -9.00 -9.00   -9   -9.0   -9.0 -9.00   -9.0   -9   -9.0   -9   -9.0   -9   -9.0   -9   -9.0   -9 -99.0 -99.0 -99.0 -99.0 -99.0
20260615 271  1.3  1106  14  5.0 1346  16  8.2 1337  19.9  29.9 1332   9.8  447  12.4  26.8   6.6  66.4  29.0 1306  14.5  -9.0  -9.0 -9.00  977.3 1014.6 1017.7 2400 1011.6 1330  2.8 10.5 14.7 -9.0 -9.00 -9.00   -9   -9.0   -9.0 -9.00   -9.0   -9   -9.0   -9   -9.0   -9   -9.0   -9   -9.0   -9 -99.0 -99.0 -99.0 -99.0 -99.0
20260615 272  1.6  1372  14  4.1 1716  16  6.8 1741  22.1  30.8 1519  12.7  433  12.9  32.4   9.3  60.0  27.0 1605  14.9  -9.0  -9.0 -9.00  989.6 1013.8 1016.6 2348 1011.3 1606  2.0 13.3 14.7 -9.0 -9.00 -9.00   -9   -9.0   -9.0 -9.00   -9.0   -9   -9.0   -9   -9.0   -9   -9.0   -9   -9.0   -9 -99.0 -99.0 -99.0 -99.0 -99.0
20260615 273  1.4  1204  11  3.5 1448  14  7.8 1218  23.3  30.8 1543  14.2  500  13.6  32.2  10.8  58.3  30.0 1433  15.6  -9.0  -9.0 -9.00  993.1 1012.9 1015.5 2343 1010.8 1640  1.6 12.7 14.7 -9.0 -9.00 -9.00   -9   -9.0   -9.0 -9.00   -9.0   -9   -9.0   -9   -9.0   -9   -9.0   -9   -9.0   -9 -99.0 -99.0 -99.0 -99.0 -99.0
20260615 276  1.9  1667  14  5.2 1506  11  9.4 1532  21.3  30.3 1228  12.4  448  14.4  31.4   8.9  69.1  35.0 1120  16.4   8.8   6.2 -9.00  989.7 1013.7 1016.6 2317 1011.7 1324  1.6 13.1 14.6 -9.0 30.57  3.85 1200   -9.0   -9.0 -9.00   -9.0   -9   -9.0   -9   -9.0   -9   -9.0   -9   -9.0   -9 -99.0 -99.0 -99.0 -99.0 -99.0
20260615 277  1.8  1580   5  6.0 1144   2  9.6 1130  20.8  26.4 1502  16.0  514  16.8  30.9  14.0  79.5  58.0 1653  19.1  -9.0  -9.0 -9.00 1010.1 1014.8 1016.9 2307 1012.8  142  1.0 13.2 14.6 -9.0 -9.00 -9.00   -9   -9.0   -9.0 -9.00   -9.0   -9   -9.0   -9   -9.0   -9   -9.0   -9   -9.0   -9 -99.0 -99.0 -99.0 -99.0 -99.0
20260615 278  1.1   933  11  3.0 1719  23  8.1 1523  23.3  32.1 1308  14.2  523  14.6  30.2  11.7  62.3  31.0 1353  16.6  -9.0  -9.0 -9.00 1003.3 1012.6 1015.2 2309 1010.6 1545  2.4 10.7 14.6 -9.0 -9.00 -9.00   -9   -9.0   -9.0 -9.00   -9.0   -9   -9.0   -9   -9.0   -9   -9.0   -9   -9.0   -9 -99.0 -99.0 -99.0 -99.0 -99.0
20260615 279  1.6  1368  11  3.6 2052   9  7.7 1614  25.3  33.3 1508  17.2  459  13.8  34.4  14.6  52.1  27.0 1509  15.9   8.8   6.2 -9.00 1007.4 1013.0 1015.3 2345 1011.0 1614  2.1 12.3 14.6 -9.0 28.96  3.62 1200   -9.0   -9.0 -9.00   -9.0   -9   -9.0   -9   -9.0   -9   -9.0   -9   -9.0   -9 -99.0 -99.0 -99.0 -99.0 -99.0
20260615 281  1.8  1580   9  5.4 1634   7  9.9 1439  22.5  29.3 1230  15.9  521  15.8  31.1  11.3  69.3  40.0 1015  18.0  -9.0  -9.0 -9.00 1003.3 1014.4 1017.0 2324 1012.8   46  1.9 11.4 14.6 -9.0 -9.00 -9.00   -9   -9.0   -9.0 -9.00   -9.0   -9   -9.0   -9   -9.0   -9   -9.0   -9   -9.0   -9 -99.0 -99.0 -99.0 -99.0 -99.0
20260615 283  2.0  1751  11  4.7 1524  11  7.8 1459  22.9  30.0 1334  16.4  511  15.9  30.0  11.7  68.1  40.0 1223  18.1   8.2   5.7 -9.00 1009.8 1014.4 1016.9 2223 1012.9   16  2.1 12.6 14.6 -9.0 29.55  3.78 1200   -9.0   -9.0 -9.00   -9.0   -9   -9.0   -9   -9.0   -9   -9.0   -9   -9.0   -9 -99.0 -99.0 -99.0 -99.0 -99.0
20260615 284  1.7  1470  14  5.9 1712  14  9.5 1705  21.3  30.0 1604  13.6  521  15.5  31.1  10.2  72.3  40.0 1645  17.7   7.8   5.4 -9.00  986.3 1012.6 1015.3 2344 1010.0 1604  2.8 11.4 14.6 -9.0 28.92  3.61 1200    0.0   -9.0 -9.00    0.0   -9    0.0   -9   -9.0   -9   -9.0   -9   -9.0   -9 -99.0 -99.0 -99.0 -99.0 -99.0
20260615 285  0.9   802  16  3.1 1551  14  5.9 1550  22.8  31.2 1509  15.0  540  15.9  31.5  13.4  68.6  40.0 1510  18.1  -9.0  -9.0 -9.00 1010.6 1013.7 1016.1 2353 1012.1   30  2.9  8.7 14.6 -9.0 -9.00 -9.00   -9   -9.0   -9.0 -9.00   -9.0   -9   -9.0   -9   -9.0   -9   -9.0   -9   -9.0   -9 -99.0 -99.0 -99.0 -99.0 -99.0
20260615 288  1.7  1474  14  4.5 1646  14  7.2 1638  24.4  31.5 1529  17.1  515  15.8  28.0  15.5  61.9  36.0 1557  17.9   7.2   5.1 -9.00 1011.2 1012.2 1014.6 2234 1010.8 1453  2.8 10.3 14.6 -9.0 24.65  3.33 1100   -9.0   -9.0 -9.00   -9.0   -9   -9.0   -9   -9.0   -9   -9.0   -9   -9.0   -9 -99.0 -99.0 -99.0 -99.0 -99.0
20260615 289  1.2  1008   5  2.9 1549   9  8.3 1605  22.5  30.2 1349  14.5  536  15.2  31.7  12.0  66.3  42.0 1237  17.3  -9.0  -9.0 -9.00  998.3 1014.2 1016.6 2325 1012.6 1439  3.4 11.8 14.5 -9.0 -9.00 -9.00   -9   -9.0   -9.0 -9.00   -9.0   -9   -9.0   -9   -9.0   -9   -9.0   -9   -9.0   -9 -99.0 -99.0 -99.0 -99.0 -99.0
20260615 294  1.8  1541   9  4.1 1637  23  8.0 1449  22.7  27.3 1422  18.6  406  17.6  32.6  14.1  74.6  52.0 1428  20.1  -9.0  -9.0 -9.00 1009.3 1014.4 1016.6 2220 1012.5  229  2.9 10.7 14.5 -9.0 -9.00 -9.00   -9   -9.0   -9.0 -9.00   -9.0   -9   -9.0   -9   -9.0   -9   -9.0   -9   -9.0   -9 -99.0 -99.0 -99.0 -99.0 -99.0
20260615 295  1.5  1326   7  4.0 1148   9  6.1 1148  22.4  27.8 1409  18.0  524  16.0  30.0  14.0  68.9  48.0 1703  18.2  -9.0  -9.0 -9.00 1008.4 1013.7 1015.9 2250 1011.9  246  3.3 11.9 14.5 -9.0 -9.00 -9.00   -9   -9.0   -9.0 -9.00   -9.0   -9   -9.0   -9   -9.0   -9   -9.0   -9   -9.0   -9 -99.0 -99.0 -99.0 -99.0 -99.0
20260615 296  2.5  2149  11  4.8 1248  11  8.5 1340  24.2  29.5 1423  18.5  452  16.9  28.6  13.7  66.3  42.0 1437  19.3   8.7   6.1 -9.00 1012.7 1013.0 1015.3 2238 1011.4  241  1.9 12.1 14.5 -9.0 29.94  3.63 1200   -9.0   -9.0 -9.00   -9.0   -9   -9.0   -9   -9.0   -9   -9.0   -9   -9.0   -9 -99.0 -99.0 -99.0 -99.0 -99.0
20260616  90  1.9  1681  14  4.4 1810  16  7.1 1821  21.2  23.8 1624  18.1   20  18.2  29.2  17.3  83.8  74.0 1108  20.9   5.9   4.1 -9.00 1012.7 1014.7 1016.7  742 1012.9 2107  2.1  9.6 14.8 -9.0 26.36  3.41 1200   -9.0   -9.0 -9.00   -9.0   -9   -9.0   -9   -9.0   -9   -9.0   -9   -9.0   -9 -99.0 -99.0 -99.0 -99.0 -99.0
20260616  93  0.8   682  23  3.1 1812  25  5.4 1443  24.6  32.6 1609  16.5  441  15.9  33.1  15.1  63.3  30.0 1714  18.1   8.0   5.6 -9.00 1002.5 1013.5 1016.4  725 1010.7 1729  1.5 12.5 14.8 -9.0 29.67  3.51 1200   -9.0   -9.0 -9.00   -9.0   -9   -9.0   -9   -9.0   -9   -9.0   -9   -9.0   -9  24.7  22.0  19.3  15.1  13.3
20260616  95  0.9   808  23  3.2 1416  25  4.9 1413  24.1  30.6 1324  17.2  434  17.3  26.7  16.0  68.5  36.0 1324  19.7   7.0   4.9 -9.00  995.8 1013.6 1016.1  802 1011.3 1721  3.0 12.1 14.8 -9.0 26.89  3.66 1200   -9.0   -9.0 -9.00   -9.0   -9   -9.0   -9   -9.0   -9   -9.0   -9   -9.0   -9 -99.0 -99.0 -99.0 -99.0 -99.0
20260616  98  0.8   677  25  2.6 1409  18  5.0  950  25.6  33.0 1448  18.6  520  15.8  35.9  15.1  58.0  30.0 1343  17.9   7.2   5.0 -9.00  999.7 1012.9 1015.2  653 1010.8 1707  2.8 10.8 14.8 -9.0 26.72  3.56 1200    0.0   -9.0 -9.00    0.0   -9    0.0   -9   -9.0   -9   -9.0   -9   -9.0   -9 -99.0 -99.0 -99.0 -99.0 -99.0
20260616  99  0.8   708  34  2.7 1755   7  5.5 1429  24.4  32.0 1559  17.2  337  18.0  31.1  15.8  70.6  42.0 1539  20.6   6.8   4.8 -9.00 1010.1 1013.7 1015.9  814 1011.7 1717  2.5 11.6 14.8 -9.0 26.84  3.29 1200   -9.0   -9.0 -9.00   -9.0   -9   -9.0   -9   -9.0   -9   -9.0   -9   -9.0   -9 -99.0 -99.0 -99.0 -99.0 -99.0
20260616 100  1.4  1225   9  4.1 1357   9  7.0 1354  18.6  25.7 1125  11.6  506  14.6  27.5   9.0  79.8  48.0 1127  16.7   6.8   4.8 -9.00  927.9 1014.4 1017.7  556 1011.4 1520  3.1 11.8 14.8 -9.0 28.91  3.56 1300   -9.0   -9.0 -9.00   -9.0   -9   -9.0   -9   -9.0   -9   -9.0   -9   -9.0   -9 -99.0 -99.0 -99.0 -99.0 -99.0
20260616 101  1.6  1343  25  3.2 1728  27  5.2 1411  24.5  33.2 1619  16.6  533  15.7  32.7  13.9  61.9  31.0 1602  17.9   8.5   6.0 -9.00 1003.8 1012.4 1015.3  711 1009.6 1648  1.9 13.0 14.8 -9.0 29.44  3.47 1200   -9.0   -9.0 -9.00   -9.0   -9   -9.0   -9   -9.0   -9   -9.0   -9   -9.0   -9  23.5  20.1  18.1  15.3  15.1
20260616 102  1.7  1461  18  3.9 1434  18  5.5 1539  21.6  27.3 1319  16.8  423  15.3  32.1  12.8  70.1  37.0 1359  17.5   7.4   5.2 -9.00 1008.4 1012.6 1014.4  851 1011.2 1912  1.4 13.6 14.8 -9.0 29.74  3.50 1300   -9.0   -9.0 -9.00   -9.0   -9   -9.0   -9   -9.0   -9   -9.0   -9   -9.0   -9 -99.0 -99.0 -99.0 -99.0 -99.0
20260616 104  1.4  1200  11  3.2 1046   7  5.5 1135  21.1  25.4 1437  17.4   50  19.0  30.5  15.9  89.0  74.0 1440  22.0   5.9   4.1 -9.00 1004.8 1013.6 1015.5  734 1012.0 2358  3.1 10.0 14.8 -9.0 27.82  3.58 1200   -9.0   -9.0 -9.00   -9.0   -9   -9.0   -9   -9.0   -9   -9.0   -9   -9.0   -9  23.2  20.0  18.0  14.3  13.4
20260616 105  1.7  1499  32  4.3 1604  34  6.6 1602  22.1  26.2 1552  18.3  515  17.8  31.7  16.7  78.0  62.0 1553  20.4   6.2   4.3 -9.00 1011.3 1014.4 1016.5  751 1012.8 2128  3.3 11.2 14.8 -9.0 26.87  3.29 1200   -9.0   -9.0 -9.00   -9.0   -9   -9.0   -9   -9.0   -9   -9.0   -9   -9.0   -9  23.6  20.7  19.5  15.8  14.8
20260616 106  1.9  1664  14  5.9 1541  16 11.2 1534  21.4  25.8 1440  17.4  455  18.4  31.6  14.1  83.9  68.0 1441  21.2   6.3   4.4 -9.00 1010.0 1014.8 1016.9  944 1013.0 1718  4.0 11.9 14.8 -9.0 28.33  3.38 1200   -9.0   -9.0 -9.00   -9.0   -9   -9.0   -9   -9.0   -9   -9.0   -9   -9.0   -9 -99.0 -99.0 -99.0 -99.0 -99.0
20260616 108  1.7  1483  29  4.2 1701  14  6.9 1236  27.0  33.2 1437  21.1  526  15.9  30.5  15.7  52.5  31.0 1438  18.1   7.9   5.5 -9.00 1003.2 1012.9 1015.1  717 1011.0 1611  3.5  9.6 14.8 -9.0 24.61  3.48 1300   -9.0   -9.0 -9.00   -9.0   -9   -9.0   -9   -9.0   -9   -9.0   -9   -9.0   -9  23.5  20.8  19.6  15.6  13.8
20260616 112  2.0  1731  25  4.1 1122  23  6.0 1551  25.2  30.8 1455  20.8  527  17.6  29.2  17.4  64.9  39.0 1557  20.2   8.2   5.7 -9.00 1005.1 1013.0 1014.9  801 1011.5 1614  1.5 12.2 14.7 -9.0 27.82  3.42 1200   -9.0   -9.0 -9.00   -9.0   -9   -9.0   -9   -9.0   -9   -9.0   -9   -9.0   -9  22.8  20.6  14.8  17.8  13.7
20260616 114  1.5  1284  18  3.0 1655  16  5.4    1  25.7  33.1 1640  18.5  455  14.5  31.7  15.7  53.6  26.0 1710  16.6   8.1   5.6 -9.00  995.9 1013.0 1015.6  717 1010.3 1657  2.9 12.0 14.7 -9.0 25.62  3.39 1200   -9.0   -9.0 -9.00   -9.0   -9   -9.0   -9   -9.0   -9   -9.0   -9   -9.0   -9 -99.0 -99.0 -99.0 -99.0 -99.0
20260616 115  1.7  1496  20  3.4 1351  20  6.7 1349  22.5  25.7 1533  19.6  338  17.7  30.7  12.2  75.4  57.0  935  20.3   6.2   4.4 -9.00  990.8 1016.1 1017.2 1053 1015.0 1634  3.9 12.6 14.7 -9.0 26.10  2.90 1000   -9.0   -9.0 -9.00   -9.0   -9   -9.0   -9   -9.0   -9   -9.0   -9   -9.0   -9  20.9  17.6  16.4  12.9  13.2
20260616 119  1.6  1409  16  3.7 1222  14  7.7 1430  25.6  32.3 1507  19.8  301  14.5  35.5  16.1  53.6  25.0 1638  16.6   8.5   5.9 -9.00 1008.2 1012.8 1014.9  720 1010.6 1645  1.3 12.0 14.7 -9.0 27.83  3.47 1200   -9.0   -9.0 -9.00   -9.0   -9   -9.0   -9   -9.0   -9   -9.0   -9   -9.0   -9  23.9  20.4  18.2  14.1  13.0
20260616 121  1.3  1144  16  4.5 1740  16  8.0 1732  24.1  33.3 1437  15.3  527  14.2  33.1  11.7  59.5  26.0 1331  16.3   8.4   5.9 -9.00  986.6 1014.0 1017.1  602 1010.8 1618  3.8 12.4 14.7 -9.0 28.28  3.49 1200   -9.0   -9.0 -9.00   -9.0   -9   -9.0   -9   -9.0   -9   -9.0   -9   -9.0   -9 -99.0 -99.0 -99.0 -99.0 -99.0
20260616 127  1.7  1456  18  4.6 1657  18  8.1 1656  26.1  32.6 1445  19.3  412  13.4  31.8  15.6  48.4  27.0 1543  15.4   9.0   6.3 -9.00  999.5 1012.5 1015.0  807 1010.3 1604  2.5 11.9 14.7 -9.0 27.96  3.43 1100   -9.0   -9.0 -9.00   -9.0   -9   -9.0   -9   -9.0   -9   -9.0   -9   -9.0   -9 -99.0 -99.0 -99.0 -99.0 -99.0
20260616 129  1.5  1333  29  5.7 1452  29  7.9 1445  24.9  32.0 1349  18.0  526  14.7  32.9  14.2  56.6  31.0 1351  16.7   8.3   5.8 -9.00 1010.3 1013.2 1015.1  805 1011.7 1809  1.8 13.0 14.7 -9.0 28.43  3.51 1200   -9.0   -9.0 -9.00   -9.0   -9   -9.0   -9   -9.0   -9   -9.0   -9   -9.0   -9  23.9  20.6  20.4  14.9  15.0
20260616 130  1.6  1381  16  3.6 1639   9  5.0 1357  21.4  24.8 1426  17.1  439  17.9  28.8  13.6  81.0  58.0  827  20.7  -9.0  -9.0 -9.00 1009.7 1015.4 1017.1  916 1014.2 1804  3.4 13.5 14.7 -9.0 -9.00 -9.00   -9   -9.0   -9.0 -9.00   -9.0   -9   -9.0   -9   -9.0   -9   -9.0   -9   -9.0   -9 -99.0 -99.0 -99.0 -99.0 -99.0
20260616 131  1.5  1310   9  3.6 1018  14  7.4 1448  27.9  32.8 1445  22.2  519  13.8  35.3  19.0  43.8  26.0 1539  15.9   9.6   6.7 -9.00 1006.0 1012.6 1015.0  905 1010.5 1651  2.8 12.5 14.7 -9.0 30.87  3.68 1300   -9.0   -9.0 -9.00   -9.0   -9   -9.0   -9   -9.0   -9   -9.0   -9   -9.0   -9 -99.0 -99.0 -99.0 -99.0 -99.0
20260616 133  2.0  1755  11  3.9 1235  11  7.0 1228  26.8  32.6 1517  19.8  537  15.6  32.2  17.4  53.0  31.0 1446  17.7   8.8   6.2 -9.00 1005.4 1013.1 1015.4  849 1010.9 1751  3.4 11.6 14.6 -9.0 28.05  3.66 1200   -9.0   -9.0 -9.00   -9.0   -9   -9.0   -9   -9.0   -9   -9.0   -9   -9.0   -9  25.1  23.0  20.7  17.1  16.0
20260616 135  2.0  1691   7  4.3 1200  14  8.0 1344  23.3  30.3 1647  15.4  531  15.0  31.8  13.3  61.9  36.0 1653  17.1   7.8   5.5 -9.00  985.6 1013.5 1015.8  535 1010.8 1642  3.4 12.9 14.6 -9.0 27.29  3.42 1300   -9.0   -9.0 -9.00   -9.0   -9   -9.0   -9   -9.0   -9   -9.0   -9   -9.0   -9 -99.0 -99.0 -99.0 -99.0 -99.0
20260616 136  1.9  1623  11  4.9 1647  11  8.4 1352  24.3  31.4 1419  16.2  533  14.6  32.9  14.8  57.4  34.0 1347  16.6   8.6   6.0 -9.00  998.9 1015.1 1017.2  618 1012.5 1700  3.9 10.8 14.7 -9.0 27.21  3.57 1200   -9.0   -9.0 -9.00   -9.0   -9   -9.0   -9   -9.0   -9   -9.0   -9   -9.0   -9 -99.0 -99.0 -99.0 -99.0 -99.0
20260616 137  0.9   787  14  2.7 1833  14  6.2 1833  25.1  32.3 1457  17.6  538  15.5  34.1  14.3  58.0  37.0 1459  17.7   7.6   5.3 -9.00 1002.1 1013.2 1015.5  912 1010.6 1635  3.9 12.9 14.6 -9.0 28.08  3.71 1200   -9.0   -9.0 -9.00   -9.0   -9   -9.0   -9   -9.0   -9   -9.0   -9   -9.0   -9 -99.0 -99.0 -99.0 -99.0 -99.0
20260616 138  1.9  1667   5  4.6 1622   5  6.5 1412  22.5  25.7 1109  18.3  455  17.9  29.5  13.3  76.1  55.0 1819  20.6   5.9   4.2 -9.00 1014.3 1014.8 1016.1    1 1013.5 1637  4.6 13.6 14.6 -9.0 26.90  3.38 1200   -9.0   -9.0 -9.00   -9.0   -9   -9.0   -9   -9.0   -9   -9.0   -9   -9.0   -9  22.3  19.3  18.1  16.1  15.7
20260616 140  1.8  1522  29  3.9 1647  34  6.2 1215  24.7  31.1 1331  18.3  543  18.0  35.3  14.6  68.1  44.0 1333  20.6  -9.0  -9.0 -9.00 1010.6 1013.8 1015.9  832 1011.9 1729  1.6 12.9 14.6 -9.0 -9.00 -9.00   -9   -9.0   -9.0 -9.00   -9.0   -9   -9.0   -9   -9.0   -9   -9.0   -9   -9.0   -9 -99.0 -99.0 -99.0 -99.0 -99.0
20260616 143  2.5  2193   9  4.6 1954   9  7.3 1849  24.3  30.8 1351  17.9  519  15.3  30.6  16.6  59.6  34.0 1628  17.4   8.5   5.9 -9.00 1007.4 1013.6 1015.4  701 1011.1 1627  3.8 10.9 14.6 -9.0 25.95  3.63 1200   -9.0   -9.0 -9.00   -9.0   -9   -9.0   -9   -9.0   -9   -9.0   -9   -9.0   -9 -99.0 -99.0 -99.0 -99.0 -99.0
20260616 146  1.8  1585  25  4.6 1939  25  7.6 1553  26.1  33.3 1533  18.7  535  16.0  31.1  13.5  56.3  34.0 1540  18.2   8.2   5.7 -9.00 1005.9 1012.8 1015.1    5 1010.5 1538  3.5 10.5 14.6 -9.0 26.03  3.65 1200   -9.0   -9.0 -9.00   -9.0   -9   -9.0   -9   -9.0   -9   -9.0   -9   -9.0   -9 -99.0 -99.0 -99.0 -99.0 -99.0
20260616 152  1.9  1656   9  4.8 1219  11  8.0 1153  22.4  27.4 1115  17.3  358  16.6  30.8  14.0  70.6  47.0 1053  18.9   6.9   4.8 -9.00 1005.0 1014.3 1015.8    1 1013.1 1645  4.9 12.4 14.6 -9.0 28.42  3.55 1200   -9.0   -9.0 -9.00   -9.0   -9   -9.0   -9   -9.0   -9   -9.0   -9   -9.0   -9 -99.0 -99.0 -99.0 -99.0 -99.0
20260616 155  2.3  1986  18  6.5 1453  18 10.2 1408  24.3  29.9 1154  19.5  133  16.7  29.6  15.5  63.5  45.0 1207  19.0   7.7   5.4 -9.00 1010.1 1014.2 1015.5    1 1013.1 1715  5.4 11.3 14.5 -9.0 28.03  3.44 1200   -9.0   -9.0 -9.00   -9.0   -9   -9.0   -9   -9.0   -9   -9.0   -9   -9.0   -9 -99.0 -99.0 -99.0 -99.0 -99.0
20260616 156  2.4  2039  16  5.1 1542  14  8.7 1541  26.2  32.9 1456  19.3  526  16.5  32.9  13.9  57.0  38.0 1458  18.9   7.4   5.2 -9.00 1004.8 1012.8 1014.6   11 1011.1 1504  6.0  8.6 14.5 -9.0 24.76  3.60 1100   -9.0   -9.0 -9.00   -9.0   -9   -9.0   -9   -9.0   -9   -9.0   -9   -9.0   -9 -99.0 -99.0 -99.0 -99.0 -99.0
20260616 159  2.4  2040  14  3.8 1115  11  8.1 1129  24.3  28.5 1104  20.6  229  17.2  29.7  14.6  65.4  53.0 1147  19.7   7.4   5.2 -9.00 1005.8 1013.8 1015.1    5 1012.8 1745  5.9 10.4 14.5 -9.0 26.90  3.55 1300   -9.0   -9.0 -9.00   -9.0   -9   -9.0   -9   -9.0   -9   -9.0   -9   -9.0   -9  24.0  21.3  20.2  16.5  16.9
20260616 162  2.6  2284   5  5.1 1054   5  7.9  936  23.6  28.0 1204  19.8  409  17.3  28.7  15.4  68.5  53.0 1157  19.8   6.3   4.4 -9.00 1009.6 1013.2 1014.7   15 1012.2 1703  6.8  8.3 14.5 -9.0 23.53  2.80 1200   -9.0   -9.0 -9.00   -9.0   -9   -9.0   -9   -9.0   -9   -9.0   -9   -9.0   -9 -99.0 -99.0 -99.0 -99.0 -99.0
20260616 165  2.4  2078  14  5.2 1712  16  9.2 1624  24.4  28.4 1447  20.1  427  17.2  27.4  14.8  65.1  50.0 1626  19.7   5.1   3.6 -9.00 1007.9 1013.1 1014.6    5 1011.8 1724  7.0  1.0 14.5 -9.0 15.68  2.47 1300    0.0    0.0  0.52    0.0   -9    0.0   -9   -9.0   -9   -9.0   -9   -9.0   -9  24.0  22.1  19.6  17.1  15.2
20260616 168  4.3  3737   9  7.3  859   9 10.7  935  23.4  27.5 1254  20.6  450  16.8  26.5  19.5  67.1  50.0 1245  19.2   6.6   4.7 -9.00 1006.3 1013.9 1015.2    4 1012.8 1640  7.1  8.1 14.5 -9.0 23.81  3.22 1200    0.0    0.0  0.15    0.0   -9    0.0   -9   -9.0   -9   -9.0   -9   -9.0   -9  25.2  21.9  19.6  17.0  16.6
20260616 169  3.7  3171  14  5.7 2400  16  9.8 2400  21.9  26.6 1435  19.3  314  17.1  25.2  18.8  75.1  57.0 1236  19.4   5.0   3.5 -9.00 1004.1 1012.8 1014.0    1 1011.6 1736  6.8  5.1 14.5 -9.0 18.57  3.11 1200    0.0   -9.0  0.30    0.0   -9    0.0   -9   -9.0   -9   -9.0   -9   -9.0   -9 -99.0 -99.0 -99.0 -99.0 -99.0
20260616 170  3.3  2838  11  7.3 1701  14 11.2 1703  23.3  28.7 1618  18.5  427  18.5  27.5  18.1  75.8  57.0 1436  21.4   5.3   3.7 -9.00 1009.4 1013.4 1014.5    1 1012.5 1639  6.4  2.7 14.5 -9.0 16.96  2.61 1500   -9.0   -9.0 -9.00   -9.0   -9   -9.0   -9   -9.0   -9   -9.0   -9   -9.0   -9 -99.0 -99.0 -99.0 -99.0 -99.0
20260616 172  1.8  1535  29  5.0 1611  27  7.0 1552  24.7  31.9 1404  16.9  515  16.2  26.2  12.8  63.3  34.0 1429  18.5   7.3   5.1 -9.00 1006.5 1012.5 1014.3    1 1011.0 1521  4.9  8.8 14.5 -9.0 23.61  3.65 1100   -9.0   -9.0 -9.00   -9.0   -9   -9.0   -9   -9.0   -9   -9.0   -9   -9.0   -9 -99.0 -99.0 -99.0 -99.0 -99.0
20260616 174  1.6  1420  11  4.1 1115  14  7.3 1301  22.0  30.0 1224  13.5  532  15.4  29.9  12.8  69.6  39.0 1247  17.6  -9.0  -9.0 -9.00  993.2 1012.2 1014.1    1 1010.3 1625  7.0  6.7 14.5 -9.0 -9.00 -9.00   -9   -9.0   -9.0 -9.00   -9.0   -9   -9.0   -9   -9.0   -9   -9.0   -9   -9.0   -9 -99.0 -99.0 -99.0 -99.0 -99.0
20260616 177  1.5  1311  18  4.9 1612  20  8.1 1604  25.8  32.2 1457  18.8  535  17.2  33.6  16.5  62.9  31.0 1424  19.7   8.3   5.8 -9.00 1008.6 1011.7 1013.8  830 1009.9 1754  1.8 13.1 14.7 -9.0 28.87  3.46 1200   -9.0   -9.0 -9.00   -9.0   -9   -9.0   -9   -9.0   -9   -9.0   -9   -9.0   -9 -99.0 -99.0 -99.0 -99.0 -99.0
20260616 181  1.5  1313  18  5.6 1510  18 10.0 1237  25.2  31.5 1730  18.6  531  16.3  31.8  15.5  62.3  33.0 1502  18.7   8.5   6.0 -9.00 1009.4 1013.3 1015.7  905 1011.3 1757  3.3 12.7 14.7 -9.0 29.91  3.57 1100   -9.0   -9.0 -9.00   -9.0   -9   -9.0   -9   -9.0   -9   -9.0   -9   -9.0   -9 -99.0 -99.0 -99.0 -99.0 -99.0
20260616 184  3.9  3409   7  7.7 1303   7 12.9 1322  24.3  28.8 1142  22.6  104  19.5  29.6  21.0  75.4  54.0 1146  22.7   5.4   3.8 -9.00 1009.1 1011.5 1012.6    2 1010.7 1658  8.1  3.1 14.4 -9.0 17.64  3.00 1100    0.0    0.1  0.98    0.0   -9    0.0   -9   -9.0   -9   -9.0   -9   -9.0   -9  24.6  22.8  21.8  19.3  16.8
20260616 185  5.2  4461  11 10.1 1303  14 14.6 1255  24.1  28.7 1053  21.2  143  18.8  27.4  19.2  72.8  55.0 1059  21.7   6.5   4.5 -9.00 1002.9 1011.1 1012.3    1 1010.2 1808  8.4  3.4 14.3 -9.0 19.48  3.18 1100    0.0   -9.0 -9.00    0.0   -9    0.0   -9   -9.0   -9   -9.0   -9   -9.0   -9 -99.0 -99.0 -99.0 -99.0 -99.0
20260616 188  3.0  2559  11  5.2 1549   5  8.8 1107  23.5  25.8 1227  22.0 2258  21.0  25.4  21.8  86.3  77.0 1232  24.9  -9.0  -9.0 -9.00 1010.5 1012.9 1013.5    1 1011.9 1755  8.6  0.7 14.4 -9.0 -9.00 -9.00   -9    2.4   -9.0 -9.00    1.4 2156    1.1 2242   -9.0   -9   -9.0   -9   -9.0   -9 -99.0 -99.0 -99.0 -99.0 -99.0
20260616 189  3.0  2565   7  5.3  958   9  9.9  956  23.5  26.9 1238  21.4 2244  20.0  25.0  21.3  81.5  64.0 1059  23.4   3.3   2.3 -9.00 1006.5 1012.5 1013.1 1500 1011.7 1717  9.8  0.4 14.4 -9.0 12.30  2.33 1200    9.7   51.6  9.12    4.1 1528    1.6 1554   -9.0   -9   -9.0   -9   -9.0   -9 -99.0 -99.0 -99.0 -99.0 -99.0
20260616 192  1.1   962   9  2.8 1548   9  6.5 1318  22.6  30.5 1423  14.3  446  16.5  32.2  12.3  70.6  46.0 1225  18.9   6.9   4.8 -9.00 1010.8 1014.2 1015.9    1 1012.5 1622  5.6 10.4 14.5 -9.0 26.37  3.55 1200   -9.0   -9.0 -9.00   -9.0   -9   -9.0   -9   -9.0   -9   -9.0   -9   -9.0   -9 -99.0 -99.0 -99.0 -99.0 -99.0
20260616 201  1.3  1161  25  3.5 1601  27  5.4 1558  23.6  30.1 1452  17.9  530  17.0  29.5  14.2  68.0  47.0 1448  19.4  -9.0  -9.0 -9.00 1008.4 1013.9 1016.0  808 1012.3 2000  1.6 11.3 14.8 -9.0 -9.00 -9.00   -9   -9.0   -9.0 -9.00   -9.0   -9   -9.0   -9   -9.0   -9   -9.0   -9   -9.0   -9 -99.0 -99.0 -99.0 -99.0 -99.0
20260616 202  1.3  1109  18  3.1 1032  23  6.1 1553  25.2  31.7 1551  18.1  534  14.2  33.9  15.2  54.1  28.0 1731  16.2  -9.0  -9.0 -9.00 1008.1 1013.5 1016.0  759 1011.4 1637  1.1 12.5 14.8 -9.0 -9.00 -9.00   -9   -9.0   -9.0 -9.00   -9.0   -9   -9.0   -9   -9.0   -9   -9.0   -9   -9.0   -9 -99.0 -99.0 -99.0 -99.0 -99.0
20260616 203  0.9   756  18  3.4 1855  14  5.9 1624  25.6  33.5 1545  17.3  533  15.3  33.3  15.7  57.6  26.0 1538  17.5  -9.0  -9.0 -9.00 1004.6 1013.8 1016.2  741 1011.5 1636  1.9 10.4 14.7 -9.0 -9.00 -9.00   -9   -9.0   -9.0 -9.00   -9.0   -9   -9.0   -9   -9.0   -9   -9.0   -9   -9.0   -9 -99.0 -99.0 -99.0 -99.0 -99.0
20260616 211  1.3  1120  25  2.8 1331  11  5.4 1442  22.3  31.4 1412  14.1  502  15.1  29.8  12.2  66.4  33.0 1425  17.2  -9.0  -9.0 -9.00  990.5 1013.6 1016.8  624 1010.4 1603  3.8  9.4 14.8 -9.0 -9.00 -9.00   -9   -9.0   -9.0 -9.00   -9.0   -9   -9.0   -9   -9.0   -9   -9.0   -9   -9.0   -9 -99.0 -99.0 -99.0 -99.0 -99.0
20260616 212  0.9   754  32  2.8 1649  29  5.5 1600  24.4  32.5 1514  16.8  520  14.7  28.7  14.8  59.1  26.0 1602  16.8  -9.0  -9.0 -9.00  997.8 1013.8 1016.6  808 1010.9 1630  1.5 12.4 14.8 -9.0 -9.00 -9.00   -9   -9.0   -9.0 -9.00   -9.0   -9   -9.0   -9   -9.0   -9   -9.0   -9   -9.0   -9 -99.0 -99.0 -99.0 -99.0 -99.0
20260616 216  1.2  1043  16  3.3 1531  20  6.2 1528  19.9  28.2 1303  12.2  455  11.9  26.6  11.4  64.3  27.0 1114  13.9   7.7   5.4 -9.00  934.7 1014.7 1018.3  543 1010.9 1420  4.4 11.8 14.7 -9.0 28.34  3.69 1200   -9.0   -9.0 -9.00   -9.0   -9   -9.0   -9   -9.0   -9   -9.0   -9   -9.0   -9 -99.0 -99.0 -99.0 -99.0 -99.0
20260616 217  1.3  1141  16  3.7 1848  25  5.9 1238  21.6  32.1 1529  15.0  638  14.3  27.9  16.0  67.9  30.0 1532  16.3  -9.0  -9.0 -9.00  978.9 1014.5 1017.7  605 1010.6 1525  4.3  6.8 14.7 -9.0 -9.00 -9.00   -9   -9.0   -9.0 -9.00   -9.0   -9   -9.0   -9   -9.0   -9   -9.0   -9   -9.0   -9 -99.0 -99.0 -99.0 -99.0 -99.0
20260616 221  1.2  1032  18  3.3 1600  18  6.2 1319  23.2  30.6 1633  15.8  457  13.9  33.1  13.2  60.4  26.0 1551  15.9  -9.0  -9.0 -9.00  983.6 1013.7 1016.2  552 1010.9 1646  2.9 12.9 14.7 -9.0 -9.00 -9.00   -9   -9.0   -9.0 -9.00   -9.0   -9   -9.0   -9   -9.0   -9   -9.0   -9   -9.0   -9 -99.0 -99.0 -99.0 -99.0 -99.0
20260616 226  1.6  1351  18  4.8 1122  18  7.9 1130  23.9  29.8 1549  16.7  517  15.5  28.0  12.6  63.3  39.0 1337  17.7  -9.0  -9.0 -9.00  994.2 1013.8 1015.9  632 1011.3 1754  3.4 12.6 14.7 -9.0 -9.00 -9.00   -9   -9.0   -9.0 -9.00   -9.0   -9   -9.0   -9   -9.0   -9   -9.0   -9   -9.0   -9 -99.0 -99.0 -99.0 -99.0 -99.0
20260616 232  1.0   906   9  3.4 1327   7  5.8 1325  24.2  31.3 1509  17.1  457  16.0  28.6  16.3  65.3  31.0 1659  18.2  -9.0  -9.0 -9.00 1004.1 1013.8 1016.0  834 1011.7 1653  3.1 12.5 14.7 -9.0 -9.00 -9.00   -9   -9.0   -9.0 -9.00   -9.0   -9   -9.0   -9   -9.0   -9   -9.0   -9   -9.0   -9 -99.0 -99.0 -99.0 -99.0 -99.0
20260616 235  1.2  1026  20  4.9 1408  20  6.4 1405  24.5  30.9 1200  18.7  523  17.7  28.7  16.7  68.1  40.0 1516  20.2   7.7   5.4 -9.00 1011.5 1012.6 1014.4  832 1011.2 1747  1.5 11.8 14.6 -9.0 28.80  3.48 1300   -9.0   -9.0 -9.00   -9.0   -9   -9.0   -9   -9.0   -9   -9.0   -9   -9.0   -9 -99.0 -99.0 -99.0 -99.0 -99.0
20260616 236  1.0   838  11  3.1 1245   9  5.0 1239  25.0  32.2 1622  18.1  506  16.8  28.2  17.0  65.1  31.0 1256  19.2  -9.0  -9.0 -9.00 1011.8 1013.3 1015.7  837 1011.2 1754  1.8 12.9 14.6 -9.0 -9.00 -9.00   -9   -9.0   -9.0 -9.00   -9.0   -9   -9.0   -9   -9.0   -9   -9.0   -9   -9.0   -9 -99.0 -99.0 -99.0 -99.0 -99.0
20260616 238  1.1   950  14  3.0 1332  29  7.7 1603  24.9  33.0 1552  16.1  519  15.3  33.6  11.3  59.6  32.0 1457  17.5  -9.0  -9.0 -9.00  993.3 1012.7 1015.0  856 1010.0 1603  4.6 11.4 14.6 -9.0 -9.00 -9.00   -9   -9.0   -9.0 -9.00   -9.0   -9   -9.0   -9   -9.0   -9   -9.0   -9   -9.0   -9 -99.0 -99.0 -99.0 -99.0 -99.0
20260616 239  1.2  1067  11  4.0 1323  11  7.2 1319  25.7  32.2 1708  18.7  510  16.1  30.0  17.7  59.5  32.0 1508  18.4   8.2   5.7 -9.00 1002.3 1012.5 1014.7  558 1010.1 1758  2.8 12.3 14.7 -9.0 29.23  3.60 1200   -9.0   -9.0 -9.00   -9.0   -9   -9.0   -9   -9.0   -9   -9.0   -9   -9.0   -9 -99.0 -99.0 -99.0 -99.0 -99.0
20260616 243  1.4  1195  27  4.2 1549  29  8.1 1640  25.1  32.5 1508  18.5  431  16.0  32.3  13.5  60.8  33.0 1335  18.2  -9.0  -9.0 -9.00 1011.9 1013.3 1015.2    1 1011.6 1531  2.8 12.1 14.6 -9.0 -9.00 -9.00   -9   -9.0   -9.0 -9.00   -9.0   -9   -9.0   -9   -9.0   -9   -9.0   -9   -9.0   -9 -99.0 -99.0 -99.0 -99.0 -99.0
20260616 244  1.2   999  23  3.0 1514  29  7.1 1450  23.7  31.0 1508  14.6  509  15.5  28.7  11.0  63.8  36.0 1325  17.7  -9.0  -9.0 -9.00  984.9 1012.9 1015.4   48 1010.5 1650  4.6 11.3 14.6 -9.0 -9.00 -9.00   -9   -9.0   -9.0 -9.00   -9.0   -9   -9.0   -9   -9.0   -9   -9.0   -9   -9.0   -9 -99.0 -99.0 -99.0 -99.0 -99.0
20260616 245  1.8  1515  34  4.2 1252  36  7.1 1224  24.9  33.2 1544  16.9  500  16.5  27.4  14.7  62.5  34.0 1549  18.7   7.3   5.1 -9.00 1005.2 1013.0 1015.2    1 1010.9 1531  4.8 10.0 14.6 -9.0 24.17  3.52 1100   -9.0   -9.0 -9.00   -9.0   -9   -9.0   -9   -9.0   -9   -9.0   -9   -9.0   -9 -99.0 -99.0 -99.0 -99.0 -99.0
20260616 247  1.4  1189  27  3.9 1816  11  6.3 1114  24.7  31.4 1616  16.0  443  16.6  28.2  13.3  62.5  42.0 1617  19.1  -9.0  -9.0 -9.00  997.6 1012.8 1015.2   16 1010.7 1647  4.9  9.4 14.5 -9.0 -9.00 -9.00   -9   -9.0   -9.0 -9.00   -9.0   -9   -9.0   -9   -9.0   -9   -9.0   -9   -9.0   -9 -99.0 -99.0 -99.0 -99.0 -99.0
20260616 248  1.1   918  14  3.1 1613  11  6.1 1557  22.3  29.9 1440  12.9  528  14.2  28.2   9.4  64.4  37.0 1509  16.3  -9.0  -9.0 -9.00  967.5 1013.6 1016.5  108 1011.0 1549  4.8 10.5 14.6 -9.0 -9.00 -9.00   -9   -9.0   -9.0 -9.00   -9.0   -9   -9.0   -9   -9.0   -9   -9.0   -9   -9.0   -9 -99.0 -99.0 -99.0 -99.0 -99.0
20260616 251  1.5  1334  34  3.7 1144  34  6.7 1211  24.7  31.4 1451  16.9  436  17.9  24.9  14.8  68.3  45.0 1446  20.6   6.4   4.5 -9.00 1007.1 1012.8 1014.9    1 1010.9 1517  5.3  9.7 14.5 -9.0 23.28  3.23 1100   -9.0   -9.0 -9.00   -9.0   -9   -9.0   -9   -9.0   -9   -9.0   -9   -9.0   -9 -99.0 -99.0 -99.0 -99.0 -99.0
20260616 252  1.1   972  25  2.8 1533  20  6.4 1331  24.3  31.0 1307  17.1  456  16.5  27.0  13.5  64.5  41.0 1212  18.8   6.0   4.2 -9.00 1008.6 1012.9 1014.6    1 1011.5 1557  5.1  7.1 14.5 -9.0 22.87  3.51 1100   -9.0   -9.0 -9.00   -9.0   -9   -9.0   -9   -9.0   -9   -9.0   -9   -9.0   -9 -99.0 -99.0 -99.0 -99.0 -99.0
20260616 253  1.8  1595  14  4.5 1225  14  8.1 1328  24.8  30.2 1303  18.8  517  16.6  31.7  15.8  61.5  47.0 1159  19.0   8.1   5.6 -9.00 1008.6 1014.9 1016.4    1 1013.8 1629  6.3 10.6 14.5 -9.0 27.58  3.50 1200   -9.0   -9.0 -9.00   -9.0   -9   -9.0   -9   -9.0   -9   -9.0   -9   -9.0   -9 -99.0 -99.0 -99.0 -99.0 -99.0
20260616 254  1.6  1401  18  4.4 1657  18  7.0 1654  24.7  32.1 1509  16.3  522  15.0  33.1  13.9  58.3  34.0 1324  17.1   8.4   5.9 -9.00  998.6 1013.4 1015.7    1 1011.1 1631  5.6 11.0 14.5 -9.0 28.76  3.79 1300   -9.0   -9.0 -9.00   -9.0   -9   -9.0   -9   -9.0   -9   -9.0   -9   -9.0   -9 -99.0 -99.0 -99.0 -99.0 -99.0
20260616 255  1.6  1348   9  4.2 1743   9  8.0 1518  25.4  31.8 1332  19.3  435  16.8  26.9  14.2  60.3  41.0 1302  19.2   7.0   4.9 -9.00 1007.9 1013.7 1015.3    1 1012.1 1621  6.0 10.0 14.5 -9.0 23.59  2.98 1300   -9.0   -9.0 -9.00   -9.0   -9   -9.0   -9   -9.0   -9   -9.0   -9   -9.0   -9 -99.0 -99.0 -99.0 -99.0 -99.0
20260616 257  2.0  1743   5  3.7 2249   7  9.5 1256  25.5  31.4 1353  19.5  541  18.0  31.9  17.0  64.5  47.0 1159  20.6   7.2   5.1 -9.00 1013.5 1014.2 1015.6    1 1013.0 1654  5.9  8.8 14.5 -9.0 25.03  3.20 1000   -9.0   -9.0 -9.00   -9.0   -9   -9.0   -9   -9.0   -9   -9.0   -9   -9.0   -9 -99.0 -99.0 -99.0 -99.0 -99.0
20260616 258  2.6  2249  16  4.6 1748   9  6.5 1137  23.8  29.1 1314  17.9  503  17.8  24.1  16.5  71.0  48.0 1319  20.4   6.4   4.5 -9.00 1013.7 1013.9 1015.3    1 1012.7 1624  6.4  6.8 14.5 -9.0 22.54  3.17 1200   -9.0   -9.0 -9.00   -9.0   -9   -9.0   -9   -9.0   -9   -9.0   -9   -9.0   -9 -99.0 -99.0 -99.0 -99.0 -99.0
20260616 259  2.3  1956  11  4.6 1625   9  8.4 1622  24.2  28.9 1602  18.8  437  17.8  26.2  16.5  68.6  52.0 1244  20.4   5.5   3.8 -9.00 1011.2 1013.0 1014.4    1 1011.9 1653  7.6  2.8 14.5 -9.0 16.94  2.09 1200    0.0   -9.0 -9.00    0.0   -9    0.0   -9   -9.0   -9   -9.0   -9   -9.0   -9 -99.0 -99.0 -99.0 -99.0 -99.0
20260616 260  2.4  2082  18  5.1 1250  16  7.4 1325  24.0  28.5 1229  18.4  530  18.5  27.8  14.8  72.0  53.0 1230  21.3  -9.0  -9.0 -9.00 1008.0 1013.1 1014.4    1 1011.9 1731  7.5  3.9 14.5 -9.0 -9.00 -9.00   -9    0.0   -9.0 -9.00    0.0   -9    0.0   -9   -9.0   -9   -9.0   -9   -9.0   -9 -99.0 -99.0 -99.0 -99.0 -99.0
20260616 261  3.8  3277   9  6.4  614  14  9.6 1606  24.2  29.0 1511  19.3  106  18.6  27.7  15.5  71.9  57.0 1210  21.5  -9.0  -9.0 -9.00 1011.3 1013.2 1014.5    1 1012.2 1645  6.5  4.8 14.5 -9.0 -9.00 -9.00   -9    0.0   -9.0 -9.00    0.0   -9    0.0   -9   -9.0   -9   -9.0   -9   -9.0   -9 -99.0 -99.0 -99.0 -99.0 -99.0
20260616 262  2.0  1687  18  3.8 1259   7  6.9 1046  23.7  29.2 1210  17.4  216  17.6  27.7  18.1  70.3  47.0 1211  20.2   5.4   3.8 -9.00 1007.5 1013.5 1014.8    1 1012.3 1620  7.6  3.7 14.5 -9.0 19.65  2.56 1200   -9.0   -9.0 -9.00   -9.0   -9   -9.0   -9   -9.0   -9   -9.0   -9   -9.0   -9 -99.0 -99.0 -99.0 -99.0 -99.0
20260616 263  1.6  1368  14  4.6 1625   5  9.9 1246  23.2  30.4 1347  15.0  513  17.4  29.1  12.5  73.1  45.0 1249  20.0   7.2   5.1 -9.00 1012.5 1014.1 1015.9    1 1012.4 1518  5.3  9.8 14.5 -9.0 26.70  3.39 1100   -9.0   -9.0 -9.00   -9.0   -9   -9.0   -9   -9.0   -9   -9.0   -9   -9.0   -9 -99.0 -99.0 -99.0 -99.0 -99.0
20260616 264  1.6  1344  23  4.0 1625  18  9.1 1616  23.5  31.1 1615  14.0  510  16.6  29.2  11.8  68.0  41.0 1535  19.0   8.0   5.6 -9.00  996.4 1013.8 1016.1  536 1011.2 1558  4.5 11.6 14.6 -9.0 29.44  3.55 1200   -9.0   -9.0 -9.00   -9.0   -9   -9.0   -9   -9.0   -9   -9.0   -9   -9.0   -9 -99.0 -99.0 -99.0 -99.0 -99.0
20260616 266  2.3  2008  11  4.3 1312   7  8.0 1148  24.8  29.8 1316  20.5  315  17.0  33.7  17.5  63.1  44.0 1226  19.5   6.9   4.8 -9.00 1004.1 1014.2 1015.6    1 1012.8 1625  5.3  8.4 14.5 -9.0 24.90  3.45 1200   -9.0   -9.0 -9.00   -9.0   -9   -9.0   -9   -9.0   -9   -9.0   -9   -9.0   -9 -99.0 -99.0 -99.0 -99.0 -99.0
20260616 268  2.0  1758  11  4.1 1444   7  7.1 1636  23.6  28.0 1451  18.6  130  17.7  26.2  17.3  70.9  54.0 1227  20.3  -9.0  -9.0 -9.00 1010.6 1011.7 1013.1    3 1010.7 1646  5.4  5.0 14.5 -9.0 -9.00 -9.00   -9    0.0   -9.0 -9.00    0.0   -9    0.0   -9   -9.0   -9   -9.0   -9   -9.0   -9 -99.0 -99.0 -99.0 -99.0 -99.0
20260616 271  1.5  1299  16  5.1 1628  18  7.9 1535  21.1  30.2 1357  12.5  507  12.6  28.8   8.9  63.9  28.0 1358  14.6  -9.0  -9.0 -9.00  978.0 1015.2 1018.1  518 1012.0 1514  4.1 12.4 14.7 -9.0 -9.00 -9.00   -9   -9.0   -9.0 -9.00   -9.0   -9   -9.0   -9   -9.0   -9   -9.0   -9   -9.0   -9 -99.0 -99.0 -99.0 -99.0 -99.0
20260616 272  1.6  1395  16  3.8 1621  23  6.2 1513  22.7  30.8 1553  15.1  502  14.1  33.2  12.7  63.3  31.0 1531  16.2  -9.0  -9.0 -9.00  990.3 1014.5 1016.8  543 1011.6 1552  3.5 12.5 14.7 -9.0 -9.00 -9.00   -9   -9.0   -9.0 -9.00   -9.0   -9   -9.0   -9   -9.0   -9   -9.0   -9   -9.0   -9 -99.0 -99.0 -99.0 -99.0 -99.0
20260616 273  1.2  1065  11  3.3 1459   9  5.9 1507  23.8  30.8 1610  16.2  509  15.2  32.5  12.4  61.6  38.0 1357  17.3  -9.0  -9.0 -9.00  993.9 1013.6 1015.8  920 1010.9 1648  3.8 12.1 14.7 -9.0 -9.00 -9.00   -9   -9.0   -9.0 -9.00   -9.0   -9   -9.0   -9   -9.0   -9   -9.0   -9   -9.0   -9 -99.0 -99.0 -99.0 -99.0 -99.0
20260616 276  1.9  1670   9  5.3 1442  11  8.9 1434  21.8  30.1 1127  12.4  518  14.4  30.9   9.1  67.8  34.0 1057  16.5   8.1   5.7 -9.00  990.4 1014.4 1016.7  606 1012.0 1650  3.6 12.7 14.7 -9.0 27.64  3.53 1100   -9.0   -9.0 -9.00   -9.0   -9   -9.0   -9   -9.0   -9   -9.0   -9   -9.0   -9 -99.0 -99.0 -99.0 -99.0 -99.0
20260616 277  1.6  1391   9  3.5 1306   9  5.4 1259  21.4  27.6 1234  14.7  514  16.9  29.3  13.8  77.9  46.0 1058  19.4  -9.0  -9.0 -9.00 1010.6 1015.4 1016.8    1 1014.3 1650  4.0 13.1 14.6 -9.0 -9.00 -9.00   -9   -9.0   -9.0 -9.00   -9.0   -9   -9.0   -9   -9.0   -9   -9.0   -9   -9.0   -9 -99.0 -99.0 -99.0 -99.0 -99.0
20260616 278  1.0   870  16  2.7 1622  16  5.9 1618  23.6  31.9 1447  14.3  521  14.6  29.8  11.2  61.6  34.0 1401  16.6  -9.0  -9.0 -9.00 1003.9 1013.3 1015.4  603 1010.9 1626  3.5  9.7 14.6 -9.0 -9.00 -9.00   -9   -9.0   -9.0 -9.00   -9.0   -9   -9.0   -9   -9.0   -9   -9.0   -9   -9.0   -9 -99.0 -99.0 -99.0 -99.0 -99.0
20260616 279  1.5  1316  11  3.4 2243  11  6.4 1510  25.7  32.8 1526  17.7  508  14.7  33.5  15.8  53.9  30.0 1510  16.8   7.4   5.1 -9.00 1008.1 1013.7 1015.8  838 1011.1 1629  3.9 10.6 14.6 -9.0 24.83  3.11 1100   -9.0   -9.0 -9.00   -9.0   -9   -9.0   -9   -9.0   -9   -9.0   -9   -9.0   -9 -99.0 -99.0 -99.0 -99.0 -99.0
20260616 281  2.0  1709   9  4.4 1506   9  8.7 1459  23.0  29.5 1206  15.4  514  16.0  31.2  11.2  68.0  40.0 1207  18.2  -9.0  -9.0 -9.00 1003.9 1015.0 1016.8    1 1013.0 1625  2.8 12.9 14.6 -9.0 -9.00 -9.00   -9   -9.0   -9.0 -9.00   -9.0   -9   -9.0   -9   -9.0   -9   -9.0   -9   -9.0   -9 -99.0 -99.0 -99.0 -99.0 -99.0
20260616 283  2.1  1831  36  4.8 1218  14  7.3 1728  22.6  30.4 1311  15.2  451  16.7  29.0  10.8  72.0  40.0 1320  19.1   7.0   4.9 -9.00 1010.5 1015.1 1016.7    1 1013.5 1647  4.1 12.8 14.6 -9.0 26.90  3.38 1300   -9.0   -9.0 -9.00   -9.0   -9   -9.0   -9   -9.0   -9   -9.0   -9   -9.0   -9 -99.0 -99.0 -99.0 -99.0 -99.0
20260616 284  1.8  1551  14  4.2 1323  16  7.4 1045  22.9  30.4 1429  13.6  521  16.1  30.4  10.0  68.4  41.0 1431  18.5   7.5   5.3 -9.00  986.8 1012.9 1015.3  527 1010.2 1610  4.4 11.2 14.6 -9.0 27.65  3.61 1100   -9.0   -9.0 -9.00   -9.0   -9   -9.0   -9   -9.0   -9   -9.0   -9   -9.0   -9 -99.0 -99.0 -99.0 -99.0 -99.0
20260616 285  1.0   894   9  2.8 1301  16  5.6 1818  23.7  32.0 1453  15.0  503  16.8  32.1  13.2  68.8  39.0 1454  19.3  -9.0  -9.0 -9.00 1011.2 1014.2 1016.1  839 1011.9 1609  3.9 11.1 14.6 -9.0 -9.00 -9.00   -9   -9.0   -9.0 -9.00   -9.0   -9   -9.0   -9   -9.0   -9   -9.0   -9   -9.0   -9 -99.0 -99.0 -99.0 -99.0 -99.0
20260616 288  1.8  1551  16  4.3 1703  14  7.0 1219  24.9  32.9 1521  17.2  430  16.9  28.4  16.7  63.5  39.0 1353  19.3   7.8   5.5 -9.00 1011.7 1012.6 1014.4    1 1010.6 1620  4.8 10.1 14.6 -9.0 25.69  3.32 1100   -9.0   -9.0 -9.00   -9.0   -9   -9.0   -9   -9.0   -9   -9.0   -9   -9.0   -9 -99.0 -99.0 -99.0 -99.0 -99.0
20260616 289  1.3  1166   5  3.7 2052   7  6.0 2024  23.4  31.2 1509  14.9  539  16.2  32.3  11.8  66.6  40.0 1429  18.5  -9.0  -9.0 -9.00  998.8 1014.7 1016.6   40 1012.3 1557  4.9  9.4 14.5 -9.0 -9.00 -9.00   -9   -9.0   -9.0 -9.00   -9.0   -9   -9.0   -9   -9.0   -9   -9.0   -9   -9.0   -9 -99.0 -99.0 -99.0 -99.0 -99.0
20260616 294  1.9  1639  11  3.7 1421   7  8.4 1153  23.3  27.8 1100  18.5  451  17.8  31.7  14.7  71.9  56.0 1101  20.5  -9.0  -9.0 -9.00 1009.6 1014.8 1015.9    1 1013.8 1727  6.9  8.2 14.5 -9.0 -9.00 -9.00   -9   -9.0   -9.0 -9.00   -9.0   -9   -9.0   -9   -9.0   -9   -9.0   -9   -9.0   -9 -99.0 -99.0 -99.0 -99.0 -99.0
20260616 295  1.6  1352   9  4.1 1252   9  6.0 1245  23.3  29.3 1242  18.2  445  17.3  29.3  15.1  70.3  47.0 1244  19.8  -9.0  -9.0 -9.00 1008.9 1014.2 1015.6    1 1012.8 1646  7.1  8.7 14.5 -9.0 -9.00 -9.00   -9   -9.0   -9.0 -9.00   -9.0   -9   -9.0   -9   -9.0   -9   -9.0   -9   -9.0   -9 -99.0 -99.0 -99.0 -99.0 -99.0
20260616 296  2.6  2212   9  4.6 1538   5  8.2 1109  25.0  30.5 1452  18.7  443  18.6  29.7  14.0  69.3  51.0 1328  21.5   8.2   5.7 -9.00 1013.2 1013.5 1015.0    2 1012.4 1745  6.0 10.6 14.5 -9.0 28.88  3.56 1200   -9.0   -9.0 -9.00   -9.0   -9   -9.0   -9   -9.0   -9   -9.0   -9   -9.0   -9 -99.0 -99.0 -99.0 -99.0 -99.0
20260617  90  1.9  1659  14  5.0 1614  16  6.9 1606  21.9  24.4 1421  19.3  528  18.9  30.4  18.7  83.8  71.0  913  21.9   6.3   4.4 -9.00 1009.1 1011.1 1013.5  556 1008.5 2348  3.4 11.7 14.8 -9.0 28.16  3.61 1200   -9.0   -9.0 -9.00   -9.0   -9   -9.0   -9   -9.0   -9   -9.0   -9   -9.0   -9 -99.0 -99.0 -99.0 -99.0 -99.0
20260617  93  0.9   765  23  3.3 1623  25  5.2 1619  25.7  32.6 1443  17.5  529  17.7  33.5  15.8  65.0  35.0 1500  20.3   7.3   5.1 -9.00  999.5 1010.3 1013.7  528 1007.0 1805  3.5 11.6 14.8 -9.0 26.12  3.43 1200   -9.0   -9.0 -9.00   -9.0   -9   -9.0   -9   -9.0   -9   -9.0   -9   -9.0   -9  25.7  22.3  19.5  15.3  13.3
20260617  95  1.0   868  25  3.0 1235  25  6.1 1405  25.4  31.4 1323  17.4  531  18.3  28.9  16.3  68.1  39.0 1326  21.0   7.1   4.9 -9.00  992.9 1010.6 1013.5  603 1007.7 1755  4.5 12.3 14.8 -9.0 26.48  3.63 1200   -9.0   -9.0 -9.00   -9.0   -9   -9.0   -9   -9.0   -9   -9.0   -9   -9.0   -9 -99.0 -99.0 -99.0 -99.0 -99.0
20260617  98  0.9   753  25  2.5 2245  27  5.4 1606  25.9  32.6 1354  19.2  524  16.3  32.8  15.6  57.1  36.0 1413  18.5   6.3   4.4 -9.00  997.0 1010.1 1012.5  558 1007.4 1742  4.9  7.7 14.8 -9.0 21.73  2.96 1200   -9.0   -9.0 -9.00   -9.0   -9   -9.0   -9   -9.0   -9   -9.0   -9   -9.0   -9 -99.0 -99.0 -99.0 -99.0 -99.0
20260617  99  0.8   727  34  2.3 1619  27  5.1 1646  25.0  32.0 1221  18.1  511  18.2  30.8  16.7  68.6  43.0 1542  20.9   6.2   4.3 -9.00 1007.4 1010.9 1013.1  620 1008.2 1801  3.9  7.2 14.8 -9.0 21.86  2.88 1200   -9.0   -9.0 -9.00   -9.0   -9   -9.0   -9   -9.0   -9   -9.0   -9   -9.0   -9 -99.0 -99.0 -99.0 -99.0 -99.0
20260617 100  1.3  1142   9  4.0 1417   2  6.4 1523  19.9  26.3 1218  11.1  503  15.3  28.3   8.6  77.5  44.0  946  17.6   6.4   4.5 -9.00  925.1 1010.9 1016.0  515 1007.6 1853  4.6 10.6 14.8 -9.0 26.34  3.74 1200   -9.0   -9.0 -9.00   -9.0   -9   -9.0   -9   -9.0   -9   -9.0   -9   -9.0   -9 -99.0 -99.0 -99.0 -99.0 -99.0
20260617 101  1.5  1278  23  3.1 1547  27  4.8 1442  25.6  32.7 1446  17.8  455  17.4  33.3  14.7  63.6  36.0 1447  19.9   7.6   5.3 -9.00 1000.7 1009.4 1012.8  543 1005.9 1806  3.8 10.4 14.8 -9.0 25.26  3.52 1200   -9.0   -9.0 -9.00   -9.0   -9   -9.0   -9   -9.0   -9   -9.0   -9   -9.0   -9  24.1  20.2  18.2  15.4  15.0
20260617 102  1.6  1408  29  3.2 1311  36  5.1 2341  22.6  27.7 1458  17.3  515  14.4  32.9  13.8  61.8  36.0 1142  16.5   7.0   4.9 -9.00 1005.9 1010.0 1011.4    1 1008.4 1809  5.8  8.3 14.8 -9.0 24.77  3.18 1100   -9.0   -9.0 -9.00   -9.0   -9   -9.0   -9   -9.0   -9   -9.0   -9   -9.0   -9 -99.0 -99.0 -99.0 -99.0 -99.0
20260617 104  1.5  1273   9  3.7 1435  11  5.5 1410  21.6  25.8 1319  18.0  112  19.8  30.1  15.9  90.0  76.0 1320  23.2   5.7   4.0 -9.00 1001.3 1010.0 1012.7  610 1007.4 1914  3.4  8.5 14.8 -9.0 25.63  3.51 1200    0.0    0.0  0.08    0.0   -9    0.0   -9   -9.0   -9   -9.0   -9   -9.0   -9  23.8  20.3  18.1  14.4  13.4
20260617 105  1.4  1196  34  2.6  226  14  5.8 1500  22.8  26.1 1258  19.4  153  18.8  31.7  16.5  79.0  65.0 1259  21.7   6.2   4.3 -9.00 1007.8 1010.9 1013.7  617 1008.2 1915  3.8  7.5 14.8 -9.0 24.20  3.29 1200    0.0   -9.0 -9.00    0.0   -9    0.0   -9   -9.0   -9   -9.0   -9   -9.0   -9  24.3  20.9  19.6  15.9  14.8
20260617 106  1.9  1651  36  4.7  903   2  7.1  855  22.3  25.3 1655  17.9  256  19.3  33.4  14.1  83.8  71.0 1502  22.4   6.0   4.2 -9.00 1006.5 1011.2 1013.6  545 1008.6 2037  3.5 11.0 14.8 -9.0 27.74  3.48 1200    0.0   -9.0 -9.00    0.0   -9    0.0   -9   -9.0   -9   -9.0   -9   -9.0   -9 -99.0 -99.0 -99.0 -99.0 -99.0
20260617 108  2.2  1899  27  5.9 1555  27  9.6 1555  26.9  32.8 1333  22.0  527  16.3  29.4  16.0  53.1  39.0 1335  18.6   7.1   5.0 -9.00 1000.6 1010.3 1012.4  559 1007.6 1732  5.0  6.5 14.8 -9.0 19.06  3.24 1200    0.0    0.0  0.33    0.0   -9    0.0   -9   -9.0   -9   -9.0   -9   -9.0   -9  23.9  21.0  19.7  15.7  13.8
20260617 112  1.9  1662  25  4.1 1449  23  7.0 1959  25.4  30.7 1618  21.3  414  18.0  28.0  17.5  65.3  44.0 1727  20.7   6.9   4.8 -9.00 1002.5 1010.4 1012.2    1 1008.1 1727  5.5  8.2 14.8 -9.0 22.34  2.89 1200   -9.0   -9.0 -9.00   -9.0   -9   -9.0   -9   -9.0   -9   -9.0   -9   -9.0   -9  23.1  20.8  14.9  18.0  13.7
20260617 114  1.7  1452  23  4.5 2034  20  8.2 2027  26.2  33.7 1452  18.8  535  17.7  33.8  14.6  61.6  37.0 1556  20.3   7.9   5.6 -9.00  993.0 1010.0 1013.3  542 1006.5 1812  4.1 10.4 14.7 -9.0 26.90  3.51 1200    0.0   -9.0 -9.00    0.0   -9    0.0   -9   -9.0   -9   -9.0   -9   -9.0   -9 -99.0 -99.0 -99.0 -99.0 -99.0
20260617 115  3.1  2678  23  6.1 2341  25  9.7 2333  23.2  27.4 1443  19.9  249  18.9  32.4  16.4  77.5  60.0 1513  21.9   6.8   4.8 -9.00  987.2 1012.4 1015.4    1 1010.1 2357  2.5 13.1 14.8 -9.0 28.15  3.29 1100    0.0    1.0  0.50    0.0   -9    0.0   -9   -9.0   -9   -9.0   -9   -9.0   -9  21.1  17.7  16.5  12.9  13.2
20260617 119  1.8  1522  29  4.6 1621  25  7.2 1558  25.9  32.2 1354  20.1  425  14.9  33.7  17.1  52.5  34.0 1359  16.9   7.3   5.1 -9.00 1005.6 1010.1 1012.3    1 1007.4 1727  6.5  7.8 14.7 -9.0 23.34  3.32 1300   -9.0   -9.0 -9.00   -9.0   -9   -9.0   -9   -9.0   -9   -9.0   -9   -9.0   -9  24.4  20.7  18.3  14.2  13.1
20260617 121  1.2  1007  32  3.2 2123  27  5.4 2053  24.2  34.8 1345  15.1  500  16.2  31.0  11.3  66.5  30.0 1346  18.6   6.9   4.8 -9.00  983.5 1010.8 1015.1  511 1007.0 1836  3.8  8.4 14.7 -9.0 23.27  3.56 1200    3.8   -9.0 -9.00    3.8 2029    3.0 2058   -9.0   -9   -9.0   -9   -9.0   -9 -99.0 -99.0 -99.0 -99.0 -99.0
20260617 127  1.5  1339  18  4.0 1927  20  7.1 1922  25.5  33.3 1414  18.9  451  16.8  30.8  15.5  61.6  35.0 1614  19.2   6.9   4.8 -9.00  996.6 1009.7 1012.7  505 1006.7 1650  6.1  7.0 14.7 -9.0 23.69  3.59 1200    0.3   -9.0 -9.00    0.3 1916    0.3 1957   -9.0   -9   -9.0   -9   -9.0   -9 -99.0 -99.0 -99.0 -99.0 -99.0
20260617 129  1.6  1383  32  5.7 1522  32  8.5 1515  24.8  32.2 1406  19.4  253  16.6  31.1  15.3  63.8  37.0 1253  19.0   6.0   4.2 -9.00 1007.8 1010.7 1012.9   19 1009.1 1345  6.3  3.9 14.7 -9.0 19.68  3.09 1200   -9.0    0.0 -9.00   -9.0   -9   -9.0   -9   -9.0   -9   -9.0   -9   -9.0   -9  24.3  20.9  20.6  15.0  15.0
20260617 130  1.9  1683   7  3.7 1200  18  5.8 1536  22.0  25.2 1425  18.3  439  19.1  30.4  15.3  84.4  71.0  742  22.3  -9.0  -9.0 -9.00 1006.0 1011.7 1014.5   11 1009.4 1847  4.5 11.0 14.7 -9.0 -9.00 -9.00   -9    8.5   -9.0 -9.00    7.9 2106    4.2 2133   -9.0   -9   -9.0   -9   -9.0   -9 -99.0 -99.0 -99.0 -99.0 -99.0
20260617 131  1.3  1106  25  2.9 1802  23  6.5 1824  26.6  34.1 1442  22.8 2039  17.5  32.3  21.1  60.3  31.0 1454  20.2   6.8   4.8 -9.00 1003.4 1010.1 1012.2  450 1007.7 1702  6.5  6.1 14.7 -9.0 22.64  3.67 1200    5.3    5.3  5.08    4.2 1832    2.2 1832   -9.0   -9   -9.0   -9   -9.0   -9 -99.0 -99.0 -99.0 -99.0 -99.0
20260617 133  1.4  1185  14  4.1  743  11  6.1  742  25.0  32.5 1335  21.8  400  18.8  29.5  18.8  72.0  40.0 1222  21.8   4.9   3.4 -9.00 1003.0 1010.8 1012.7   21 1008.5 1611  7.5  5.1 14.7 -9.0 18.70  3.50 1100   17.8   18.7  5.43   15.5 1717    6.6 1800   -9.0   -9   -9.0   -9   -9.0   -9  25.7  23.2  20.8  17.1  16.0
20260617 135  1.9  1600  29  6.0 1828  27 10.9 1823  23.6  30.1 1539  18.1  419  17.8  29.8  17.1  72.4  46.0 1230  20.5   5.8   4.1 -9.00  982.9 1010.7 1013.3   21 1007.5 1730  7.6  5.4 14.6 -9.0 21.26  3.40 1100    6.2   -9.0 -9.00    2.3 1837    1.0 2111   -9.0   -9   -9.0   -9   -9.0   -9 -99.0 -99.0 -99.0 -99.0 -99.0
20260617 136  1.1   973  29  3.8 1951  32  7.8 1950  25.0  33.1 1454  18.0  518  17.5  34.6  16.5  66.9  37.0 1456  20.2   6.3   4.4 -9.00  995.7 1011.7 1015.2    1 1008.3 1709  6.0  8.1 14.7 -9.0 24.01  3.61 1200    9.1   10.4  3.33    3.9 2224    1.1 2310   -9.0   -9   -9.0   -9   -9.0   -9 -99.0 -99.0 -99.0 -99.0 -99.0
20260617 137  0.9   771  27  3.1 1856  27  9.5 1851  25.0  32.3 1347  19.3  410  18.5  33.2  16.8  70.1  43.0 1503  21.5   5.7   4.0 -9.00  999.2 1010.2 1013.0  520 1006.7 1743  6.8  6.2 14.6 -9.0 23.15  3.51 1200   19.9   -9.0 -9.00   10.5 2120    4.2 2146   -9.0   -9   -9.0   -9   -9.0   -9 -99.0 -99.0 -99.0 -99.0 -99.0
20260617 138  2.2  1921  14  6.7 1607  11  8.9 1542  24.2  28.2 1519  19.8  501  18.6  27.3  16.7  72.0  59.0 1719  21.5   5.5   3.8 -9.00 1010.7 1011.2 1014.4    1 1008.4 1731  6.5  6.2 14.6 -9.0 16.50  2.23 1500    0.0    3.0  0.08    0.0   -9    0.0   -9   -9.0   -9   -9.0   -9   -9.0   -9  22.6  19.5  18.3  16.1  15.8
20260617 140  1.7  1430  29  6.4 1600  27 10.5 1554  23.8  29.9 1238  20.5  241  19.4  27.8  17.5  78.1  55.0 1223  22.7  -9.0  -9.0 -9.00 1008.1 1011.3 1013.6   44 1009.9 2022  7.5  1.9 14.6 -9.0 -9.00 -9.00   -9   34.4   -9.0 -9.00   22.9 1640    9.7 1731   -9.0   -9   -9.0   -9   -9.0   -9 -99.0 -99.0 -99.0 -99.0 -99.0
20260617 143  1.9  1599  25  3.4 1947  23  5.6 1927  26.1  32.9 1531  19.6  529  17.1  32.2  18.5  59.4  36.0 1621  19.5   7.1   4.9 -9.00 1004.3 1010.5 1013.8    1 1007.3 1725  5.0  9.8 14.6 -9.0 24.37  3.28 1300   -9.0   -9.0 -9.00   -9.0   -9   -9.0   -9   -9.0   -9   -9.0   -9   -9.0   -9 -99.0 -99.0 -99.0 -99.0 -99.0
20260617 146  1.5  1329  29  4.9 1649  27  7.8 1645  25.5  31.4 1433  21.9  513  19.2  31.7  18.1  70.5  43.0 1130  22.3   4.1   2.9 -9.00 1003.4 1010.3 1012.7    1 1008.4 1551  8.0  2.7 14.6 -9.0 14.77  2.20 1100    2.3    5.8  6.05    1.4 1607    0.8 1642   -9.0   -9   -9.0   -9   -9.0   -9 -99.0 -99.0 -99.0 -99.0 -99.0
20260617 152  1.3  1163  11  3.0 1359  16  7.2 1811  23.3  27.2 1539  20.0  356  18.8  31.0  17.5  76.5  58.0 1647  21.7   5.3   3.7 -9.00 1002.0 1011.3 1014.2    1 1009.1 1729  6.8  5.8 14.6 -9.0 19.25  2.55 1400   -9.0   -9.0 -9.00   -9.0   -9   -9.0   -9   -9.0   -9   -9.0   -9   -9.0   -9 -99.0 -99.0 -99.0 -99.0 -99.0
20260617 155  1.7  1430  16  4.7 1155  16  7.7 1149  23.8  28.0 1118  20.9  502  19.5  29.4  17.9  77.8  59.0 1120  22.7   4.5   3.2 -9.00 1007.6 1011.6 1014.1    1 1009.8 1706  7.4  5.0 14.5 -9.0 17.69  2.53 1400   -9.0   -9.0 -9.00   -9.0   -9   -9.0   -9   -9.0   -9   -9.0   -9   -9.0   -9 -99.0 -99.0 -99.0 -99.0 -99.0
20260617 156  2.1  1847  16  5.4 1258  18  9.5 1252  25.3  30.3 1118  22.2  454  19.5  30.8  18.0  70.8  51.0 1135  22.6   5.1   3.5 -9.00 1002.3 1010.3 1013.0    1 1008.8 1511  6.9  2.3 14.5 -9.0 16.79  2.77 1000    0.0   -9.0  1.20    0.0   -9    0.0   -9   -9.0   -9   -9.0   -9   -9.0   -9 -99.0 -99.0 -99.0 -99.0 -99.0
20260617 159  2.3  1963  11  4.0 1043  16  6.6 1100  24.4  27.6 1521  22.0  453  19.8  33.5  18.2  75.6  64.0  912  23.1   5.0   3.5 -9.00 1003.3 1011.2 1013.8    1 1009.6 1637  7.0  5.2 14.5 -9.0 20.29  2.65 1500    0.0    0.6  0.80    0.0   -9    0.0   -9   -9.0   -9   -9.0   -9   -9.0   -9  24.3  21.5  20.3  16.5  17.0
20260617 162  2.0  1699   5  4.8  839   2  7.5  833  23.1  26.7 1601  20.6  437  18.9  26.8  16.8  77.9  66.0 1738  21.8   3.2   2.2 -9.00 1007.3 1010.9 1013.0    1 1009.0 1706  6.9  2.7 14.5 -9.0 12.84  2.25 1400   -9.0   -9.0 -9.00   -9.0   -9   -9.0   -9   -9.0   -9   -9.0   -9   -9.0   -9 -99.0 -99.0 -99.0 -99.0 -99.0
20260617 165  2.9  2533  14  7.4 1412  11 11.5 1432  23.2  26.7 1055  21.6 2115  20.4 -99.0  19.6  84.5  65.0 1056  23.9   3.1   2.2 -9.00 1005.1 1010.3 1012.6    1 1008.2 1439  8.5  1.2 14.5 -9.0 12.45  2.08 1000    4.6    6.2  5.35    4.6 1251    3.2 1329   -9.0   -9   -9.0   -9   -9.0   -9  24.0  22.1  19.7  17.1  15.3
20260617 168  2.9  2484   9  6.9  853   9 10.4  727  22.4  23.6 1536  21.7 1234  19.4  24.3  20.8  83.5  74.0   56  22.5   2.2   1.5 -9.00 1004.2 1011.8 1013.8    1 1010.2 1559  7.9  0.5 14.5 -9.0  8.17  1.53 1400   13.8   14.9  5.32   12.5 1142    8.0 1150   -9.0   -9   -9.0   -9   -9.0   -9  25.3  22.0  19.7  17.0  16.6
20260617 169  4.9  4209  14 10.3 2219  14 14.9 1732  19.9  21.3 1012  18.2 2319  18.8  20.2  20.0  93.9  83.0   18  21.7   1.4   1.0  6.78 1001.0 1009.8 1012.0    1 1008.0 1741  9.5  0.1 14.5 -9.0  4.92  0.86 1000   50.4   -9.0 13.17   33.5 1150   12.8 1152   -9.0   -9   -9.0   -9   -9.0   -9 -99.0 -99.0 -99.0 -99.0 -99.0
20260617 170  3.6  3107  14  6.0 1622  16  8.7 1631  21.7  23.8  810  20.7  313  19.9  23.0  19.8  90.0  77.0  835  23.3   1.4   1.0 -9.00 1006.6 1010.7 1013.1    1 1009.4 1551  5.9  0.2 14.5 -9.0  4.27  0.68  900   22.5   -9.0 -9.00   13.8 1044    5.1 1046   -9.0   -9   -9.0   -9   -9.0   -9 -99.0 -99.0 -99.0 -99.0 -99.0
20260617 172  2.5  2169  14  4.7 1437  11  8.7 1513  25.1  28.8 1226  22.2  550  18.7  27.0  19.4  68.4  54.0 1224  21.6   4.5   3.1 -9.00 1003.8 1009.8 1012.3    1 1008.4 1513  7.9  1.4 14.6 -9.0 12.54  2.09 1100    0.0   -9.0 -9.00    0.0   -9    0.0   -9   -9.0   -9   -9.0   -9   -9.0   -9 -99.0 -99.0 -99.0 -99.0 -99.0
20260617 174  1.4  1241   9  4.7 1552  16  8.1 1158  21.6  26.7 1143  17.4  511  17.9  27.0  16.5  80.8  55.0 1149  20.5  -9.0  -9.0 -9.00  990.9 1009.8 1012.4    1 1008.0 1541  5.5  1.2 14.5 -9.0 -9.00 -9.00   -9    0.8   -9.0 -9.00    0.7 2207    0.4 2213   -9.0   -9   -9.0   -9   -9.0   -9 -99.0 -99.0 -99.0 -99.0 -99.0
20260617 177  1.6  1422  14  4.9 1653  20  8.3 1745  24.9  33.0 1350  20.0  331  18.8  30.3  17.7  71.6  43.0 1134  21.7   5.5   3.8 -9.00 1006.1 1009.3 1011.6   32 1007.5 1619  7.1  3.4 14.7 -9.0 18.62  3.29 1300    0.0    0.0  2.83    0.0   -9    0.0   -9   -9.0   -9   -9.0   -9   -9.0   -9 -99.0 -99.0 -99.0 -99.0 -99.0
20260617 181  1.5  1303  20  6.3 1810  20  9.3 1811  24.8  32.5 1447  20.5  319  18.8  30.7  17.5  72.8  35.0 1410  21.8   6.3   4.4 -9.00 1006.9 1010.8 1012.9  449 1008.3 1717  5.9  5.9 14.7 -9.0 21.64  3.59 1200    3.0   -9.0 -9.00    2.5 1841    0.8 1842   -9.0   -9   -9.0   -9   -9.0   -9 -99.0 -99.0 -99.0 -99.0 -99.0
20260617 184  3.7  3179  11  7.0 1037  20 13.7 1315  24.6  29.2 1326  22.5   22  20.5  28.8  21.3  78.9  48.0 1341  24.1   5.1   3.6 -9.00 1006.4 1008.8 1011.0    1 1007.4 1321  6.6  6.5 14.4 -9.0 17.81  2.64 1100    0.6    0.5  5.88    0.5 1335    0.5 1348   -9.0   -9   -9.0   -9   -9.0   -9  24.7  22.9  21.8  18.6  16.7
20260617 185  5.7  4901  11 11.3 1318  11 16.2 1313  22.3  24.6  953  21.0 2338  21.8  25.4  21.5  97.0  87.0    1  26.1   2.3   1.6 -9.00 1001.1 1009.3 1010.9    1 1008.2 1659  5.8  0.3 14.4 -9.0 11.84  1.79 1500    8.9   -9.0 -9.00    6.0 1212    1.6 1228   -9.0   -9   -9.0   -9   -9.0   -9 -99.0 -99.0 -99.0 -99.0 -99.0
20260617 188  3.8  3321  23  8.0 1530  23 11.8 1515  22.4  24.6 1600  21.7 2134  21.5  22.6  21.6  95.0  83.0 1607  25.6  -9.0  -9.0 -9.00 1008.1 1010.5 1012.5    1 1008.8 1640  7.6  1.0 14.4 -9.0 -9.00 -9.00   -9  102.0   -9.0 -9.00   51.9  825   18.1  857   -9.0   -9   -9.0   -9   -9.0   -9 -99.0 -99.0 -99.0 -99.0 -99.0
20260617 189  1.8  1554   5  3.3  149  20  7.8 1235  22.6  23.2  902  21.2 1248  21.7  23.9  21.1  95.1  91.0 1538  26.0   1.4   1.0 -9.00 1004.5 1010.5 1012.6 1236 1009.0 1735 10.0  0.0 14.4 -9.0  4.17  0.82 1400   99.7   57.9 19.65   22.8 1151    8.1 1235   -9.0   -9   -9.0   -9   -9.0   -9 -99.0 -99.0 -99.0 -99.0 -99.0
20260617 192  0.8   698  11  2.0 1325  27  4.6 1430  23.2  28.5 1326  18.3  456  19.2  30.2  16.3  79.1  61.0 1327  22.3   3.9   2.7 -9.00 1008.2 1011.5 1014.2    1 1009.6 1655  4.8  3.6 14.5 -9.0 16.01  2.21 1300    0.0    0.0 -9.00    0.0   -9    0.0   -9   -9.0   -9   -9.0   -9   -9.0   -9 -99.0 -99.0 -99.0 -99.0 -99.0
20260617 201  1.6  1421  27  4.4 2040  27  7.1 2035  24.0  30.2 1218  17.7  508  17.1  26.8  13.9  67.0  46.0 1231  19.5  -9.0  -9.0 -9.00 1005.7 1011.2 1013.1  734 1008.8 1752  4.0  8.4 14.8 -9.0 -9.00 -9.00   -9   -9.0   -9.0 -9.00   -9.0   -9   -9.0   -9   -9.0   -9   -9.0   -9   -9.0   -9 -99.0 -99.0 -99.0 -99.0 -99.0
20260617 202  1.3  1120  20  2.7 1355  18  5.2 1522  26.0  32.2 1550  18.8  512  15.6  33.9  16.2  55.1  30.0 1451  17.8  -9.0  -9.0 -9.00 1005.2 1010.6 1013.1  636 1007.5 1813  4.0  9.6 14.7 -9.0 -9.00 -9.00   -9   -9.0   -9.0 -9.00   -9.0   -9   -9.0   -9   -9.0   -9   -9.0   -9   -9.0   -9 -99.0 -99.0 -99.0 -99.0 -99.0
20260617 203  1.0   864  20  3.4 2049  18  6.4 2016  26.1  34.6 1443  18.0  509  17.3  35.6  16.1  61.0  34.0 1451  19.8  -9.0  -9.0 -9.00 1001.8 1010.9 1013.5  424 1007.8 1820  4.3  6.4 14.7 -9.0 -9.00 -9.00   -9    0.0   -9.0 -9.00    0.0   -9    0.0   -9   -9.0   -9   -9.0   -9   -9.0   -9 -99.0 -99.0 -99.0 -99.0 -99.0
20260617 211  1.1   930  32  2.8 1334  16  5.4 1544  24.2  32.5 1456  16.2  518  15.6  31.7  13.7  62.6  30.0 1256  17.8  -9.0  -9.0 -9.00  987.2 1010.1 1014.2  539 1006.4 1804  4.9  8.8 14.8 -9.0 -9.00 -9.00   -9   -9.0   -9.0 -9.00   -9.0   -9   -9.0   -9   -9.0   -9   -9.0   -9   -9.0   -9 -99.0 -99.0 -99.0 -99.0 -99.0
20260617 212  1.0   883  27  2.9 1505  32  5.0 1313  25.1  32.4 1433  17.2  532  16.4  29.2  15.1  62.4  36.0 1633  18.7  -9.0  -9.0 -9.00  994.7 1010.6 1014.1  533 1007.3 1740  3.5 10.3 14.8 -9.0 -9.00 -9.00   -9    0.0   -9.0 -9.00    0.0   -9    0.0   -9   -9.0   -9   -9.0   -9   -9.0   -9 -99.0 -99.0 -99.0 -99.0 -99.0
20260617 216  1.4  1190   2  3.6 1304  23  8.1 2106  21.3  28.6 1235  11.8  519  14.6  26.5  11.0  68.1  40.0 1237  16.7   5.7   4.0 -9.00  931.6 1010.9 1016.3  517 1007.6 1718  4.6  8.3 14.7 -9.0 22.49  3.64 1100    0.4   -9.0 -9.00    0.4 2116    0.3 2157   -9.0   -9   -9.0   -9   -9.0   -9 -99.0 -99.0 -99.0 -99.0 -99.0
20260617 217  1.0   884  18  3.5 1707  32  6.8 2238  23.4  33.6 1316  13.3  528  15.2  29.1  13.7  64.3  30.0 1244  17.4  -9.0  -9.0 -9.00  975.6 1010.9 1016.0  520 1007.1 1645  4.3  6.6 14.7 -9.0 -9.00 -9.00   -9    0.0   -9.0 -9.00    0.0   -9    0.0   -9   -9.0   -9   -9.0   -9   -9.0   -9 -99.0 -99.0 -99.0 -99.0 -99.0
20260617 221  1.3  1105  27  3.9 2026  27  7.3 1438  23.7  31.8 1440  15.4  451  16.7  33.3  12.4  69.8  34.0 1317  19.2  -9.0  -9.0 -9.00  980.7 1010.7 1014.4  511 1007.0 1713  4.0  8.7 14.7 -9.0 -9.00 -9.00   -9    1.3   -9.0 -9.00    1.3 2012    0.7 2032   -9.0   -9   -9.0   -9   -9.0   -9 -99.0 -99.0 -99.0 -99.0 -99.0
20260617 226  1.2  1017  18  3.8 1200  16  7.1 1158  23.2  31.0 1355  18.0  418  18.6  27.8  14.5  79.4  38.0 1345  21.6  -9.0  -9.0 -9.00  991.5 1011.1 1013.6  450 1008.7 1429  6.8  6.8 14.6 -9.0 -9.00 -9.00   -9   12.6   -9.0 -9.00    6.0 1759    2.8 1804   -9.0   -9   -9.0   -9   -9.0   -9 -99.0 -99.0 -99.0 -99.0 -99.0
20260617 232  0.9   813  25  3.2 1804  23  6.6 1801  24.0  31.3 1423  18.2  251  19.0  28.6  17.3  77.3  40.0 1424  22.0  -9.0  -9.0 -9.00 1001.5 1011.2 1013.4   18 1008.6 1726  5.1  5.5 14.7 -9.0 -9.00 -9.00   -9    4.7   -9.0 -9.00    3.0 1758    1.0 1816   -9.0   -9   -9.0   -9   -9.0   -9 -99.0 -99.0 -99.0 -99.0 -99.0
20260617 235  1.4  1190  20  4.3 1339  23  6.0 1334  24.4  31.3 1243  20.3  232  18.9  27.6  17.7  74.3  47.0 1223  21.9   4.2   2.9 -9.00 1008.9 1010.1 1012.2    9 1008.4 2019  7.3  3.2 14.6 -9.0 16.33  2.67 1300    9.0   -9.0 -9.00    5.4 1612    2.3 2217   -9.0   -9   -9.0   -9   -9.0   -9 -99.0 -99.0 -99.0 -99.0 -99.0
20260617 236  0.9   775  36  2.4  748   5  4.2 1234  24.0  31.4 1424  20.1  318  19.9  26.7  18.7  80.4  47.0 1411  23.3  -9.0  -9.0 -9.00 1009.4 1011.0 1013.1   54 1009.3 1434  7.4  3.5 14.6 -9.0 -9.00 -9.00   -9   14.8   -9.0 -9.00   10.8 1611    5.7 1652   -9.0   -9   -9.0   -9   -9.0   -9 -99.0 -99.0 -99.0 -99.0 -99.0
20260617 238  0.9   812   9  2.6 1451   9  4.9 1450  23.6  31.6 1303  19.4  336  19.0  28.0  16.3  78.5  41.0 1133  22.1  -9.0  -9.0 -9.00  990.9 1010.3 1012.6  114 1007.8 1601  7.4  4.5 14.6 -9.0 -9.00 -9.00   -9   12.9   -9.0 -9.00    7.6 1911    7.3 1956   -9.0   -9   -9.0   -9   -9.0   -9 -99.0 -99.0 -99.0 -99.0 -99.0
20260617 239  1.2  1011  14  3.3 1735  16  7.3 1729  24.4  31.5 1344  20.8  340  19.3  29.3  19.1  76.3  38.0 1328  22.4   5.4   3.8 -9.00 1000.0 1010.2 1012.3  454 1007.9 1631  6.3  4.7 14.7 -9.0 19.34  3.29 1100    2.9   -9.0 -9.00    1.4 1748    0.6 1807   -9.0   -9   -9.0   -9   -9.0   -9 -99.0 -99.0 -99.0 -99.0 -99.0
20260617 243  1.2  1074  32  3.4 1606  29  7.4 1606  24.7  28.6 1135  22.3 1946  18.9  28.3  20.0  72.4  47.0 1136  22.0  -9.0  -9.0 -9.00 1009.3 1010.7 1012.9    1 1009.3 2057  7.4  1.3 14.6 -9.0 -9.00 -9.00   -9    2.1   -9.0 -9.00    1.5 1847    1.2 1937   -9.0   -9   -9.0   -9   -9.0   -9 -99.0 -99.0 -99.0 -99.0 -99.0
20260617 244  1.2   997  27  4.0 1512  25  6.8 1510  23.6  29.7 1220  19.5  541  18.6  26.9  17.3  75.4  47.0 1222  21.5  -9.0  -9.0 -9.00  982.4 1010.4 1013.2    1 1008.3 1550  7.5  3.2 14.6 -9.0 -9.00 -9.00   -9    0.3   -9.0 -9.00    0.3 1748    0.3 1754   -9.0   -9   -9.0   -9   -9.0   -9 -99.0 -99.0 -99.0 -99.0 -99.0
20260617 245  1.7  1472  14  5.4 1535  16  8.2 1527  24.8  29.2 1302  22.6  518  19.2  26.9  20.7  72.1  51.0 1247  22.3   3.3   2.3 -9.00 1002.5 1010.4 1012.8    1 1009.0 1519  7.8  0.8 14.6 -9.0  9.90  1.35 1200    0.0   -9.0 -9.00    0.0   -9    0.0   -9   -9.0   -9   -9.0   -9   -9.0   -9 -99.0 -99.0 -99.0 -99.0 -99.0
20260617 247  2.3  1968  25  5.6 1427  25  9.6 1422  25.0  30.6 1234  21.5  511  18.7  28.1  19.3  68.6  51.0 1256  21.6  -9.0  -9.0 -9.00  995.2 1010.4 1013.1    1 1008.1 1611  6.5  3.4 14.6 -9.0 -9.00 -9.00   -9   -9.0   -9.0 -9.00   -9.0   -9   -9.0   -9   -9.0   -9   -9.0   -9   -9.0   -9 -99.0 -99.0 -99.0 -99.0 -99.0
20260617 248  1.0   883  14  3.2 1234  25  6.9 1722  22.5  29.1 1148  18.1  556  18.0  26.5  15.9  77.8  51.0 1149  20.7  -9.0  -9.0 -9.00  965.1 1011.0 1014.0   23 1007.9 1549  7.4  4.0 14.6 -9.0 -9.00 -9.00   -9    0.9   -9.0 -9.00    0.9 1738    0.9 1753   -9.0   -9   -9.0   -9   -9.0   -9 -99.0 -99.0 -99.0 -99.0 -99.0
20260617 251  2.1  1806  14  4.5 1522  16  7.4 2310  24.8  27.8 1233  21.9  435  20.2  24.1  20.6  76.6  65.0 1157  23.8   3.0   2.1 -9.00 1004.4 1010.2 1012.8    1 1008.8 1520  6.8  0.8 14.6 -9.0  9.43  1.64 1500    0.0   -9.0 -9.00    0.0   -9    0.0   -9   -9.0   -9   -9.0   -9   -9.0   -9 -99.0 -99.0 -99.0 -99.0 -99.0
20260617 252  1.7  1427  14  4.7 1437  14  9.3 1432  24.6  27.9 1213  22.1  435  19.1  26.1  19.5  72.1  57.0 1108  22.2   4.1   2.8 -9.00 1005.8 1010.1 1012.4    1 1008.7 1922  6.6  1.5 14.5 -9.0 12.97  2.64 1000    0.3   -9.0 -9.00    0.3 1205    0.3 1255   -9.0   -9   -9.0   -9   -9.0   -9 -99.0 -99.0 -99.0 -99.0 -99.0
20260617 253  1.6  1363  18  3.9 1725  16  7.0 1725  24.9  30.2 1524  21.1  534  19.7  32.2  18.6  73.6  57.0 1555  23.0   5.2   3.6 -9.00 1006.0 1012.2 1014.9    2 1010.1 1643  5.9  6.4 14.5 -9.0 20.21  2.80 1400    0.0   -9.0 -9.00    0.0   -9    0.0   -9   -9.0   -9   -9.0   -9   -9.0   -9 -99.0 -99.0 -99.0 -99.0 -99.0
20260617 254  1.8  1583  18  5.0 1511  20  8.9 1316  24.6  30.7 1213  20.8  518  17.6  29.1  19.0  66.3  44.0 1231  20.1   5.3   3.7 -9.00  996.2 1011.0 1013.6    2 1009.4 1555  7.1  2.8 14.6 -9.0 16.34  3.11 1200    0.0   -9.0 -9.00    0.0   -9    0.0   -9   -9.0   -9   -9.0   -9   -9.0   -9 -99.0 -99.0 -99.0 -99.0 -99.0
20260617 255  1.2  1066  27  2.8 1321  32  5.8 1317  25.5  29.9 1625  22.3  504  19.4  27.8  17.8  69.6  58.0 1627  22.6   4.1   2.9 -9.00 1005.3 1011.2 1013.9    1 1008.8 1714  6.8  5.1 14.5 -9.0 16.19  2.11 1400   -9.0   -9.0 -9.00   -9.0   -9   -9.0   -9   -9.0   -9   -9.0   -9   -9.0   -9 -99.0 -99.0 -99.0 -99.0 -99.0
20260617 257  2.0  1719  16  3.4 1250  36  6.8  140  26.1  31.6 1514  22.5  507  20.6  31.3  19.7  72.5  54.0 1630  24.3   5.1   3.6 -9.00 1010.6 1011.3 1014.3   22 1008.8 1728  6.3  5.8 14.5 -9.0 19.68  2.30 1300   -9.0   -9.0 -9.00   -9.0   -9   -9.0   -9   -9.0   -9   -9.0   -9   -9.0   -9 -99.0 -99.0 -99.0 -99.0 -99.0
20260617 258  2.6  2215  11  6.0 1534  14  8.2 1529  22.7  25.7  850  20.7  342  19.9  23.2  18.4  84.9  67.0  850  23.3   2.6   1.8 -9.00 1011.6 1011.8 1013.8    1 1009.3 1531  6.6  0.9 14.5 -9.0  9.28  1.40 1300    0.4   -9.0 -9.00    0.3 2014    0.3 2020   -9.0   -9   -9.0   -9   -9.0   -9 -99.0 -99.0 -99.0 -99.0 -99.0
20260617 259  2.4  2055   9  4.5 1513   9  8.9 1513  22.8  26.2  950  21.5 2127  20.2  24.4  19.8  86.0  68.0  951  23.7   2.4   1.7 -9.00 1008.6 1010.5 1012.6    1 1008.6 1514  5.6  0.3 14.5 -9.0  8.54  1.27 1200    2.5   -9.0 -9.00    2.4 1310    1.7 1357   -9.0   -9   -9.0   -9   -9.0   -9 -99.0 -99.0 -99.0 -99.0 -99.0
20260617 260  2.2  1866  14  5.2 1516  16  8.2 1516  22.8  27.6  854  21.0  437  20.0  27.3  17.9  85.3  61.0  856  23.4  -9.0  -9.0 -9.00 1005.6 1010.6 1012.8   22 1008.3 1518  5.3  1.9 14.5 -9.0 -9.00 -9.00   -9    1.0   -9.0 -9.00    0.6 1638    0.2   -9   -9.0   -9   -9.0   -9   -9.0   -9 -99.0 -99.0 -99.0 -99.0 -99.0
20260617 261  3.7  3167  11  7.4 1016  11 10.9 1013  22.6  25.4  830  21.6  501  20.3  24.0  17.0  87.4  71.0  833  23.9  -9.0  -9.0 -9.00 1008.7 1010.6 1013.0    8 1008.9 1511  5.3  0.8 14.5 -9.0 -9.00 -9.00   -9   16.7   -9.0 -9.00    9.5 1110    5.5 1200   -9.0   -9   -9.0   -9   -9.0   -9 -99.0 -99.0 -99.0 -99.0 -99.0
20260617 262  1.5  1303  16  3.9 1539  18  7.8 1530  22.2  26.6  832  20.1  510  19.7  24.8  20.2  86.5  64.0  837  23.0   2.1   1.5 -9.00 1005.2 1011.2 1013.2    1 1009.2 1535  7.1  1.3 14.5 -9.0  9.20  1.38 1300    6.6   -9.0 -9.00    5.9 1129    4.1 1157   -9.0   -9   -9.0   -9   -9.0   -9 -99.0 -99.0 -99.0 -99.0 -99.0
20260617 263  1.4  1191  23  5.1 1548  23  8.0 1541  24.8  30.1 1357  19.1  520  19.5  29.9  16.8  74.1  54.0 1447  22.8   5.3   3.7 -9.00 1009.8 1011.4 1014.2    1 1009.2 1637  6.9  6.2 14.5 -9.0 19.91  3.18 1300   -9.0   -9.0 -9.00   -9.0   -9   -9.0   -9   -9.0   -9   -9.0   -9   -9.0   -9 -99.0 -99.0 -99.0 -99.0 -99.0
20260617 264  1.5  1315  20  3.8 1552  18  8.1 1545  24.4  30.7 1259  18.5  526  19.2  28.9  17.2  74.3  51.0 1303  22.3   6.2   4.3 -9.00  993.8 1011.1 1014.1   16 1008.7 1550  6.5  5.4 14.6 -9.0 22.56  3.16 1100   -9.0   -9.0 -9.00   -9.0   -9   -9.0   -9   -9.0   -9   -9.0   -9   -9.0   -9 -99.0 -99.0 -99.0 -99.0 -99.0
20260617 266  1.4  1170   7  3.9  811   9  7.2  803  23.3  25.3 1158  21.5  503  20.3  27.3  19.1  84.3  68.0  855  23.9   2.3   1.6 -9.00 1001.7 1011.9 1014.3    1 1010.2 1600  4.6  0.6 14.5 -9.0  9.52  1.10  800    3.9   -9.0 -9.00    2.4 1342    1.6 1421   -9.0   -9   -9.0   -9   -9.0   -9 -99.0 -99.0 -99.0 -99.0 -99.0
20260617 268  2.5  2187  11  4.9 1616  18  9.5 1523  22.9  25.3 1521  21.5 1948  19.8  25.1  20.1  83.3  67.0  720  23.1  -9.0  -9.0 -9.00 1007.7 1008.8 1011.3    1 1007.5 1459  4.8  1.8 14.5 -9.0 -9.00 -9.00   -9    0.6   -9.0 -9.00    0.6 2142    0.2   -9   -9.0   -9   -9.0   -9   -9.0   -9 -99.0 -99.0 -99.0 -99.0 -99.0
20260617 271  1.2  1017  14  4.6 1504  23  8.4 2017  22.3  32.3 1418  12.3  455  15.7  28.2   8.4  71.3  28.0 1343  18.1  -9.0  -9.0 -9.00  974.7 1011.6 1015.9   25 1007.8 1713  4.1  7.0 14.7 -9.0 -9.00 -9.00   -9   11.7   -9.0 -9.00   10.7 2006    9.6 2012   -9.0   -9   -9.0   -9   -9.0   -9 -99.0 -99.0 -99.0 -99.0 -99.0
20260617 272  1.4  1205  20  4.6 1950  20  7.3 1946  23.6  31.9 1502  15.4  444  16.8  33.8  12.9  71.0  29.0 1342  19.3  -9.0  -9.0 -9.00  987.0 1011.0 1014.8    1 1007.4 1716  5.1  9.7 14.7 -9.0 -9.00 -9.00   -9    3.8   -9.0 -9.00    2.6 1949    1.4 1955   -9.0   -9   -9.0   -9   -9.0   -9 -99.0 -99.0 -99.0 -99.0 -99.0
20260617 273  1.2  1070  14  3.0 1423  14  6.3 1447  23.1  32.0 1425  16.9  520  17.9  31.6  13.7  76.8  38.0 1447  20.7  -9.0  -9.0 -9.00  990.8 1010.5 1013.6   41 1007.4 1654  5.0  7.2 14.7 -9.0 -9.00 -9.00   -9   11.2   -9.0 -9.00    6.2 1839    2.4 1911   -9.0   -9   -9.0   -9   -9.0   -9 -99.0 -99.0 -99.0 -99.0 -99.0
20260617 276  1.7  1449  29  5.1 2042  27  9.1 2034  23.4  32.8 1349  14.3  519  18.1  29.4  11.7  76.3  33.0 1230  21.0   6.3   4.4 -9.00  987.0 1010.8 1014.5    1 1007.3 1715  6.0  6.8 14.7 -9.0 23.69  3.57 1100   16.0   -9.0 -9.00    8.7 2208    6.2 2351   -9.0   -9   -9.0   -9   -9.0   -9 -99.0 -99.0 -99.0 -99.0 -99.0
20260617 277  2.0  1700  16  4.5 1329  18  8.7 1411  22.0  27.5 1056  16.7  412  18.5  30.8  15.2  81.9  61.0 1055  21.3  -9.0  -9.0 -9.00 1007.0 1011.8 1014.8    1 1009.6 1757  5.5 10.6 14.7 -9.0 -9.00 -9.00   -9   12.2   -9.0 -9.00   10.9 2212    4.6 2259   -9.0   -9   -9.0   -9   -9.0   -9 -99.0 -99.0 -99.0 -99.0 -99.0
20260617 278  1.2  1000  23  3.5 1440  23  7.2 1440  25.1  33.0 1603  16.2  420  17.9  31.5  13.7  68.3  36.0 1325  20.7  -9.0  -9.0 -9.00 1000.7 1010.0 1013.3    4 1006.7 1800  5.4  7.3 14.6 -9.0 -9.00 -9.00   -9    4.9   -9.0 -9.00    4.4 2034    2.9 2116   -9.0   -9   -9.0   -9   -9.0   -9 -99.0 -99.0 -99.0 -99.0 -99.0
20260617 279  1.4  1220  11  3.3 1304  27  6.2 1508  25.8  32.7 1254  19.7  451  18.1  31.9  18.4  65.9  37.0 1255  20.9   6.3   4.4 -9.00 1005.1 1010.7 1013.3    2 1007.7 1659  6.0  5.4 14.6 -9.0 21.88  3.49 1200    0.3   -9.0 -9.00    0.3 1923    0.3 2013   -9.0   -9   -9.0   -9   -9.0   -9 -99.0 -99.0 -99.0 -99.0 -99.0
20260617 281  1.3  1090  11  3.1 1720  11  5.8 1613  24.8  31.0 1521  17.2  459  18.2  30.9  13.6  69.0  48.0 1406  20.9  -9.0  -9.0 -9.00 1000.7 1011.7 1014.9    1 1008.7 1703  5.3  8.8 14.6 -9.0 -9.00 -9.00   -9   -9.0   -9.0 -9.00   -9.0   -9   -9.0   -9   -9.0   -9   -9.0   -9   -9.0   -9 -99.0 -99.0 -99.0 -99.0 -99.0
20260617 283  2.0  1752  18  5.4 1649  18  8.1 1657  24.2  30.6 1520  17.7  446  19.0  29.9  13.6  74.1  54.0 1428  22.0   6.6   4.6 -9.00 1007.2 1011.8 1015.1   13 1008.9 1718  5.5  7.9 14.6 -9.0 22.22  2.81 1400   -9.0   -9.0 -9.00   -9.0   -9   -9.0   -9   -9.0   -9   -9.0   -9   -9.0   -9 -99.0 -99.0 -99.0 -99.0 -99.0
20260617 284  1.7  1428  14  6.0 1302  14  9.2 1254  24.1  30.1 1228  18.2  530  19.2  30.5  15.5  75.3  55.0 1123  22.3   5.7   4.0 -9.00  984.1 1010.0 1013.2  105 1007.2 1558  5.9  5.3 14.6 -9.0 20.21  3.30 1100    0.0   -9.0 -9.00    0.0   -9    0.0   -9   -9.0   -9   -9.0   -9   -9.0   -9 -99.0 -99.0 -99.0 -99.0 -99.0
20260617 285  1.0   858  23  2.7 1652  23  7.0 1313  25.1  30.9 1439  18.6  437  19.4  32.2  17.6  72.4  50.0 1309  22.6  -9.0  -9.0 -9.00 1008.3 1011.4 1014.4    1 1009.0 1624  5.8  7.0 14.6 -9.0 -9.00 -9.00   -9   -9.0   -9.0 -9.00   -9.0   -9   -9.0   -9   -9.0   -9   -9.0   -9   -9.0   -9 -99.0 -99.0 -99.0 -99.0 -99.0
20260617 288  1.6  1381  14  3.7 1928  14  6.5 1554  25.8  31.7 1420  20.2  458  18.7  30.5  20.0  66.0  47.0 1607  21.5   5.7   4.0 -9.00 1009.0 1009.9 1012.8    1 1007.2 1657  5.8  6.6 14.6 -9.0 20.32  2.43 1400   -9.0   -9.0 -9.00   -9.0   -9   -9.0   -9   -9.0   -9   -9.0   -9   -9.0   -9 -99.0 -99.0 -99.0 -99.0 -99.0
20260617 289  1.4  1174   7  3.8 1317   5  8.8 1311  24.2  30.0 1344  18.8  542  19.0  31.5  16.0  73.6  55.0 1345  21.9  -9.0  -9.0 -9.00  996.2 1011.9 1014.7    1 1009.8 1648  6.6  6.1 14.6 -9.0 -9.00 -9.00   -9   -9.0   -9.0 -9.00   -9.0   -9   -9.0   -9   -9.0   -9   -9.0   -9   -9.0   -9 -99.0 -99.0 -99.0 -99.0 -99.0
20260617 294  1.5  1314  11  2.6 1053  11  5.4  211  23.6  27.4 1512  21.9  401  19.3  29.1  19.6  77.3  62.0 1514  22.3  -9.0  -9.0 -9.00 1007.1 1012.3 1014.7    1 1010.3 1719  6.6  2.6 14.5 -9.0 -9.00 -9.00   -9    0.0   -9.0 -9.00    0.0   -9    0.0   -9   -9.0   -9   -9.0   -9   -9.0   -9 -99.0 -99.0 -99.0 -99.0 -99.0
20260617 295  0.8   716  36  1.6  731   5  3.2  724  22.5  24.8 1522  20.1  459  19.5  26.0  17.5  83.9  74.0 1650  22.7  -9.0  -9.0 -9.00 1006.5 1011.8 1014.0    1 1009.9 1627  6.9  1.1 14.5 -9.0 -9.00 -9.00   -9    3.0   -9.0 -9.00    2.6 1211    1.0 1237   -9.0   -9   -9.0   -9   -9.0   -9 -99.0 -99.0 -99.0 -99.0 -99.0
20260617 296  2.0  1752  23  3.8 1652  23  6.4 1652  25.5  30.3 1611  21.6  455  20.5  30.2  18.0  74.6  56.0 1616  24.1   4.4   3.1 -9.00 1010.4 1010.7 1013.5    1 1008.6 1647  6.0  6.3 14.5 -9.0 20.54  2.71 1400    0.0   -9.0  0.55    0.0   -9    0.0   -9   -9.0   -9   -9.0   -9   -9.0   -9 -99.0 -99.0 -99.0 -99.0 -99.0
20260618  90  1.8  1566  14  4.1 1706  14  5.6  928  23.6  27.6 1534  20.1  437  19.1  30.6  19.9  77.0  55.0 1808  22.1   7.2   5.1 -9.00 1006.5 1008.5 1009.2 2115 1007.8 1336  2.0 13.1 14.8 -9.0 29.20  3.48 1200    1.7   -9.0 -9.00    1.7   47    0.9   57   -9.0   -9   -9.0   -9   -9.0   -9 -99.0 -99.0 -99.0 -99.0 -99.0
20260618  93  1.0   889  23  3.3 1425  23  5.4 1349  27.0  32.8 1359  22.3  524  18.8  35.9  21.2  63.3  39.0 1651  21.7   8.4   5.9 -9.00  997.2 1008.1 1009.4  514 1005.9 1752  3.4 12.6 14.8 -9.0 29.42  3.80 1200   -9.0   -9.0 -9.00   -9.0   -9   -9.0   -9   -9.0   -9   -9.0   -9   -9.0   -9  26.6  22.8  19.7  15.3  13.3
20260618  95  1.0   855  25  2.7 1712  25  5.2 1638  25.7  31.1 1536  21.1  525  19.0  28.2  20.3  68.5  42.0 1621  22.0   6.7   4.7 -9.00  991.1 1008.6 1009.8  323 1006.6 1736  2.9 10.9 14.8 -9.0 24.81  3.05 1000   -9.0   -9.0 -9.00   -9.0   -9   -9.0   -9   -9.0   -9   -9.0   -9   -9.0   -9 -99.0 -99.0 -99.0 -99.0 -99.0
20260618  98  0.9   737  29  2.5 1531  27  6.4 1622  26.4  33.3 1428  21.0  526  17.0  36.0  18.1  57.5  36.0 1420  19.4   7.5   5.2 -9.00  995.2 1008.3 1009.5    6 1006.5 1723  3.9  9.5 14.8 -9.0 25.94  3.29 1400   -9.0   -9.0 -9.00   -9.0   -9   -9.0   -9   -9.0   -9   -9.0   -9   -9.0   -9 -99.0 -99.0 -99.0 -99.0 -99.0
20260618  99  0.9   753  34  2.8 1558  34  5.6 1838  25.3  32.1 1333  18.7  527  18.3  33.2  17.8  67.1  47.0 1432  21.1   7.3   5.1 -9.00 1005.7 1009.2 1010.3  837 1007.6 1713  1.8 11.6 14.8 -9.0 27.15  3.66 1200   -9.0   -9.0 -9.00   -9.0   -9   -9.0   -9   -9.0   -9   -9.0   -9   -9.0   -9 -99.0 -99.0 -99.0 -99.0 -99.0
20260618 100  1.9  1666   7  4.0 1520  16  6.7 1512  20.7  27.2 1154  15.6 2345  16.8  30.2  12.8  80.1  50.0 1212  19.1   6.3   4.4 -9.00  923.0 1008.4 1010.8 2356 1005.5 1433  2.1 10.7 14.8 -9.0 25.76  2.98 1100   -9.0   -9.0 -9.00   -9.0   -9   -9.0   -9   -9.0   -9   -9.0   -9   -9.0   -9 -99.0 -99.0 -99.0 -99.0 -99.0
20260618 101  1.4  1233  25  3.4 1503  23  6.1 1500  27.1  33.2 1449  22.2  538  18.5  36.1  19.7  61.5  39.0 1509  21.2   8.1   5.7 -9.00  998.5 1007.0 1008.4  401 1004.8 1758  3.5 12.4 14.8 -9.0 27.64  3.43 1100   -9.0   -9.0 -9.00   -9.0   -9   -9.0   -9   -9.0   -9   -9.0   -9   -9.0   -9  24.5  20.4  18.3  15.5  15.0
20260618 102  1.9  1660  32  4.6 1705  34  5.9 1303  21.9  26.9 1525  17.2  550  14.9  30.9  14.1  65.4  52.0 1435  17.0   7.4   5.2 -9.00 1004.4 1008.5 1009.3   31 1007.5 1927  4.0 10.8 14.8 -9.0 28.01  3.59 1300   -9.0   -9.0 -9.00   -9.0   -9   -9.0   -9   -9.0   -9   -9.0   -9   -9.0   -9 -99.0 -99.0 -99.0 -99.0 -99.0
20260618 104  1.2  1078  11  3.7 1329  14  5.8 1449  23.8  28.9 1418  19.8  304  20.0  32.2  17.7  80.6  62.0 1418  23.5   7.1   5.0 -9.00  998.9 1007.4 1008.4 2119 1006.3 1403  1.8 12.1 14.8 -9.0 28.39  3.49 1200   -9.0   -9.0 -9.00   -9.0   -9   -9.0   -9   -9.0   -9   -9.0   -9   -9.0   -9  24.3  20.6  18.2  14.4  13.4
20260618 105  1.6  1388   9  3.3 1450   9  6.8 1510  25.3  30.4 1237  22.0 2358  18.4  34.7  20.6  66.8  50.0 1420  21.1   7.1   5.0 -9.00 1005.3 1008.3 1009.1 2120 1007.1 1434  2.6 11.8 14.8 -9.0 26.44  3.29 1200   -9.0   -9.0 -9.00   -9.0   -9   -9.0   -9   -9.0   -9   -9.0   -9   -9.0   -9  24.9  21.2  19.7  15.9  14.8
20260618 106  1.3  1166   2  3.6  318   5  5.4  315  23.9  29.1 1143  20.8  537  19.8  35.2  18.1  79.9  45.0 1152  23.1   6.8   4.7 -9.00 1004.1 1008.8 1009.7 2140 1007.8 1405  4.1 11.4 14.8 -9.0 28.00  3.40 1200    0.1   -9.0 -9.00    0.1   -9    0.1   -9   -9.0   -9   -9.0   -9   -9.0   -9 -99.0 -99.0 -99.0 -99.0 -99.0
20260618 108  2.3  1974  25  4.5 1508  25  7.7 1608  27.2  32.3 1337  23.0  501  17.3  31.5  20.6  55.5  42.0 1326  19.8   8.4   5.9 -9.00  998.8 1008.4 1009.8    2 1006.8 1812  4.5 10.7 14.8 -9.0 26.60  3.22 1300   -9.0   -9.0 -9.00   -9.0   -9   -9.0   -9   -9.0   -9   -9.0   -9   -9.0   -9  24.0  21.1  19.9  15.7  13.9
20260618 112  2.1  1809  27  4.7 1426  23  7.7 1347  25.3  30.6 1536  21.9  517  17.9  31.0  18.6  64.3  48.0 1557  20.5   7.8   5.5 -9.00 1000.9 1008.8 1009.9    1 1007.3 1754  3.3 12.6 14.8 -9.0 29.13  3.54 1200   -9.0   -9.0 -9.00   -9.0   -9   -9.0   -9   -9.0   -9   -9.0   -9   -9.0   -9  23.3  21.1  15.0  18.2  13.8
20260618 114  1.5  1331  29  3.4 1450  32  7.6 1731  27.1  32.8 1546  22.5  504  19.0  34.8  20.0  63.1  41.0 1547  22.1   7.4   5.2 -9.00  991.0 1007.9 1009.4  436 1005.7 1723  3.4 10.8 14.7 -9.0 25.86  3.20 1300    0.0   -9.0 -9.00    0.0   -9    0.0   -9   -9.0   -9   -9.0   -9   -9.0   -9 -99.0 -99.0 -99.0 -99.0 -99.0
20260618 115  3.7  3158  23  7.8  706  23 13.8  652  23.8  27.6 1204  20.7  507  20.5  29.7  18.0  82.3  70.0 1207  24.2   5.9   4.1 -9.00  983.8 1008.8 1010.2   11 1007.9 1218  3.5  9.7 14.8 -9.0 24.26  3.30 1200    1.0   -9.0  2.50    0.7   45    0.4   47   -9.0   -9   -9.0   -9   -9.0   -9  21.3  17.9  16.6  12.9  13.2
20260618 119  2.0  1736  23  4.1 1323  32  7.4 1435  25.3  31.1 1348  21.7  513  16.5  34.9  19.6  59.8  41.0 1349  18.7   7.5   5.3 -9.00 1004.0 1008.5 1009.8   11 1006.8 1814  4.4  8.3 14.7 -9.0 23.53  3.06 1200   -9.0   -9.0 -9.00   -9.0   -9   -9.0   -9   -9.0   -9   -9.0   -9   -9.0   -9  24.6  20.9  18.4  14.2  13.1
20260618 121  1.1   974  29  3.7 1522  23  7.5 1530  25.6  33.1 1417  19.6  154  18.8  31.5  17.9  69.9  40.0 1355  21.7   7.9   5.6 -9.00  981.2 1008.2 1010.5   13 1005.3 1759  2.3 11.6 14.7 -9.0 29.22  3.67 1100    0.0   -9.0 -9.00    0.0   -9    0.0   -9   -9.0   -9   -9.0   -9   -9.0   -9 -99.0 -99.0 -99.0 -99.0 -99.0
20260618 127  1.1   989  25  3.0 1501  25  5.8 1528  26.2  32.4 1455  21.1    1  19.1  33.5  20.0  67.6  42.0 1503  22.1   7.1   5.0 -9.00  994.6 1007.5 1009.3    7 1005.3 1740  5.1  6.6 14.7 -9.0 25.48  3.70 1200    0.0   -9.0 -9.00    0.0   -9    0.0   -9   -9.0   -9   -9.0   -9   -9.0   -9 -99.0 -99.0 -99.0 -99.0 -99.0
20260618 129  1.5  1263  32  4.9 1511  34  7.0 1451  24.6  28.9 1349  21.3 2351  19.1  30.7  17.4  72.9  49.0 1547  22.1   5.5   3.8 -9.00 1006.2 1009.1 1010.2  139 1007.8 1749  6.4  4.3 14.7 -9.0 19.31  2.47 1300    0.0   -9.0 -9.00    0.0   -9    0.0   -9   -9.0   -9   -9.0   -9   -9.0   -9  24.4  21.1  20.7  15.0  15.0
20260618 130  1.8  1516  23  3.7  233  23  6.0  228  23.1  26.2  840  20.8  458  21.0  28.0  20.0  88.8  73.0  947  25.0  -9.0  -9.0 -9.00 1003.2 1008.9 1009.9    4 1007.8 1556  4.1  9.9 14.7 -9.0 -9.00 -9.00   -9    0.4   -9.0 -9.00    0.4  605    0.4  617   -9.0   -9   -9.0   -9   -9.0   -9 -99.0 -99.0 -99.0 -99.0 -99.0
20260618 131  1.2  1057  29  2.7 1511  27  4.8 1726  26.8  32.5 1621  22.6  316  19.0  30.9  22.5  64.3  42.0 1610  22.0   7.0   4.9 -9.00 1001.5 1008.1 1009.6   24 1006.1 1727  6.1  5.8 14.7 -9.0 24.21  3.34 1200   -9.0   -9.0 -9.00   -9.0   -9   -9.0   -9   -9.0   -9   -9.0   -9   -9.0   -9 -99.0 -99.0 -99.0 -99.0 -99.0
20260618 133  0.8   721  32  2.7 1852  27  4.8 1659  25.7  31.3 1519  21.7  327  20.7  28.4  22.2  76.4  49.0 1643  24.4   6.4   4.5 -9.00 1001.0 1008.7 1010.0   19 1006.8 1820  7.1  7.0 14.7 -9.0 23.42  3.92 1200    0.9   -9.0  4.08    0.8  512    0.5  533   -9.0   -9   -9.0   -9   -9.0   -9  25.6  23.5  20.8  17.0  15.9
20260618 135  0.7   596   9  3.0 1337   9  5.0 1335  24.2  30.3 1517  20.2  415  20.2  29.3  21.8  80.1  54.0 1501  23.6   5.3   3.7 -9.00  980.6 1008.2 1009.8   56 1005.9 1629  7.3  5.3 14.6 -9.0 21.44  3.45 1400    3.0   -9.0 -9.00    1.3  227    0.5  122   -9.0   -9   -9.0   -9   -9.0   -9 -99.0 -99.0 -99.0 -99.0 -99.0
20260618 136  1.2  1033  29  2.7 1628  25  5.5 1624  25.8  32.2 1520  21.6  332  20.4  29.9  21.8  74.1  51.0 1434  23.9   6.9   4.8 -9.00  993.2 1009.1 1010.9    1 1006.8 1655  6.1  7.2 14.7 -9.0 24.28  3.38 1400    1.3   -9.0  1.50    0.8  615    0.7  626   -9.0   -9   -9.0   -9   -9.0   -9 -99.0 -99.0 -99.0 -99.0 -99.0
20260618 137  0.6   484  23  1.9 1649  23  3.0 1643  25.8  32.3 1601  21.2  524  20.9  29.9  21.5  77.3  49.0 1606  24.7   6.5   4.6 -9.00  996.6 1007.5 1009.3    1 1005.3 1747  7.3  7.1 14.7 -9.0 24.99  3.52 1300    0.8   -9.0 -9.00    0.7   27    0.4   25   -9.0   -9   -9.0   -9   -9.0   -9 -99.0 -99.0 -99.0 -99.0 -99.0
20260618 138  2.1  1835  11  4.6 1731  11  7.7 1700  26.2  30.4 1513  21.9  501  19.9  31.2  21.1  69.8  53.0 1148  23.3   7.1   4.9 -9.00 1007.6 1008.0 1009.7   50 1006.1 1632  5.4 10.3 14.6 -9.0 26.61  3.23 1300    3.0   -9.0  2.25    2.9  343    1.6  349   -9.0   -9   -9.0   -9   -9.0   -9  22.7  19.6  18.3  16.2  15.8
20260618 140  1.6  1413  29  4.5 1429  29  5.8 1420  24.0  28.1 1358  21.7  435  21.4  27.1  20.1  86.1  71.0 1246  25.6  -9.0  -9.0 -9.00 1006.6 1009.8 1010.6  815 1008.4 1756  7.1  5.8 14.6 -9.0 -9.00 -9.00   -9    3.6   -9.0 -9.00    1.8  226    0.6  237   -9.0   -9   -9.0   -9   -9.0   -9 -99.0 -99.0 -99.0 -99.0 -99.0
20260618 143  1.3  1135  23  2.4 1819  18  4.3 1852  27.1  33.1 1701  22.3  438  19.1  33.0  21.3  63.6  39.0 1700  22.1   5.8   4.0 -9.00 1001.5 1007.7 1009.4  116 1005.3 1655  6.8  4.4 14.6 -9.0 19.51  3.14 1300    0.1   -9.0  1.00    0.1   -9    0.1   -9   -9.0   -9   -9.0   -9   -9.0   -9 -99.0 -99.0 -99.0 -99.0 -99.0
20260618 146  1.7  1488  27  4.9 1801  27  7.0 1757  25.3  30.4 1624  21.4  537  21.0  28.3  20.9  78.3  58.0 1501  24.9   5.4   3.7 -9.00 1001.9 1008.8 1009.8  633 1007.0 1816  7.1  4.9 14.6 -9.0 19.82  3.14 1200    3.5   -9.0  4.92    2.1  458    0.6  500   -9.0   -9   -9.0   -9   -9.0   -9 -99.0 -99.0 -99.0 -99.0 -99.0
20260618 152  1.2  1032  16  3.3 1255  16  6.9 1042  24.3  28.5 1310  21.1  128  20.3  32.2  18.9  79.3  62.0 1234  23.8   6.0   4.2 -9.00  999.0 1008.2 1009.8    9 1006.6 1522  7.5  7.9 14.6 -9.0 24.17  3.64 1200   -9.0   -9.0 -9.00   -9.0   -9   -9.0   -9   -9.0   -9   -9.0   -9   -9.0   -9 -99.0 -99.0 -99.0 -99.0 -99.0
20260618 155  1.9  1625  16  4.2 1535  18  6.8 1517  25.3  29.3 1423  22.5    1  21.2  31.3  21.9  79.0  64.0 1346  25.2   5.9   4.1 -9.00 1004.9 1008.9 1010.5   31 1007.5 1504  8.3  8.4 14.5 -9.0 24.08  3.28 1200   -9.0   -9.0 -9.00   -9.0   -9   -9.0   -9   -9.0   -9   -9.0   -9   -9.0   -9 -99.0 -99.0 -99.0 -99.0 -99.0
20260618 156  1.3  1156  23  3.4 1904  20  5.6 1902  26.2  31.3 1553  23.0  521  20.9  29.6  22.0  73.6  53.0 1555  24.7   4.4   3.1 -9.00 1000.5 1008.5 1009.9    1 1006.6 1735  7.8  3.5 14.5 -9.0 16.42  3.10 1100   -9.0   -9.0 -9.00   -9.0   -9   -9.0   -9   -9.0   -9   -9.0   -9   -9.0   -9 -99.0 -99.0 -99.0 -99.0 -99.0
20260618 159  2.8  2430  23  6.6 1504  23  8.8 1455  24.5  28.0 1350  22.4  725  20.8  30.8  18.5  80.4  68.0 1352  24.6   6.2   4.3 -9.00 1000.7 1008.7 1010.1  104 1007.2 1531  8.4  7.9 14.5 -9.0 23.90  3.34 1200    0.6   -9.0  1.25    0.6  642    0.3  711   -9.0   -9   -9.0   -9   -9.0   -9  24.3  21.7  20.4  16.6  17.0
20260618 162  1.6  1371  18  3.6 1332  18  5.8 1325  23.9  27.6 1159  21.6  426  20.8  29.7  19.9  83.6  68.0 1205  24.6   5.4   3.8 -9.00 1004.8 1008.4 1010.0   15 1007.1 1449  7.3  6.9 14.5 -9.0 23.93  3.37 1200    0.0   -9.0 -9.00    0.0   -9    0.0   -9   -9.0   -9   -9.0   -9   -9.0   -9 -99.0 -99.0 -99.0 -99.0 -99.0
20260618 165  2.1  1794  14  4.4   12  16  6.5    3  23.9  27.3 1308  21.8  531  22.0  28.7  20.5  89.9  69.0 1319  26.5   4.8   3.3 -9.00 1004.1 1009.2 1010.2 2233 1008.3 1436  8.1  3.9 14.5 -9.0 20.88  2.91 1200    1.6   -9.0  2.67    1.0  602    0.5  603   -9.0   -9   -9.0   -9   -9.0   -9  23.8  21.2  20.0  17.1  15.4
20260618 168  1.8  1521  25  3.8 1802  25  5.1 1800  23.9  27.2 1411  21.7  110  21.7  28.2  21.9  88.0  75.0 1340  25.9   5.2   3.7 -9.00 1001.8 1009.4 1010.8    1 1008.3 1801  9.3  6.8 14.5 -9.0 23.18  3.26 1300    1.1    0.0  2.50    0.6  314    0.4  337   -9.0   -9   -9.0   -9   -9.0   -9  24.7  22.2  19.8  17.1  16.6
20260618 169  2.2  1932  18  4.3  102  18  5.4  102  21.7  25.9 1508  18.5   15  20.3  28.7  20.3  92.0  75.0 1347  23.8   4.0   2.8 10.23 1000.3 1008.9 1010.0 2206 1008.0 1801  9.9  3.7 14.5 -9.0 19.29  2.84 1100    0.2   -9.0  0.83    0.1   -9    0.1   -9   -9.0   -9   -9.0   -9   -9.0   -9 -99.0 -99.0 -99.0 -99.0 -99.0
20260618 170  1.3  1094  14  3.8   40  16  5.3   38  24.3  29.4 1630  21.4  229  21.4  27.3  21.8  84.9  66.0 1400  25.6   4.7   3.3 -9.00 1005.2 1009.2 1010.3 2240 1008.2 1805  7.9  5.1 14.5 -9.0 19.97  3.29 1000    0.0   -9.0 -9.00    0.0   -9    0.0   -9   -9.0   -9   -9.0   -9   -9.0   -9 -99.0 -99.0 -99.0 -99.0 -99.0
20260618 172  2.3  1971  14  6.0   50  11  9.5   27  24.7  29.7 1451  22.3 2356  21.1  28.9  20.5  81.9  57.0 1436  25.0   4.4   3.1 -9.00 1002.5 1008.5 1009.5 2257 1007.3 1436  8.0  2.8 14.6 -9.0 17.17  2.67 1300   -9.0   -9.0 -9.00   -9.0   -9   -9.0   -9   -9.0   -9   -9.0   -9   -9.0   -9 -99.0 -99.0 -99.0 -99.0 -99.0
20260618 174  1.1   969  18  3.3 1533  20  5.2 1918  23.7  29.4 1329  19.9    1  19.9  29.4  20.8  81.0  51.0 1333  23.2  -9.0  -9.0 -9.00  988.7 1007.4 1009.1    1 1005.7 1700  7.6  6.3 14.5 -9.0 -9.00 -9.00   -9    0.8   -9.0 -9.00    0.4  149    0.2  231   -9.0   -9   -9.0   -9   -9.0   -9 -99.0 -99.0 -99.0 -99.0 -99.0
20260618 177  1.3  1131  23  3.9 1441  25  5.9 1505  25.4  30.7 1504  21.6  310  20.2  30.1  20.4  75.4  52.0 1257  23.7   5.8   4.1 -9.00 1004.5 1007.6 1008.9  108 1006.1 1803  6.5  5.0 14.7 -9.0 21.06  3.45 1200    0.0   -9.0  1.83    0.0   -9    0.0   -9   -9.0   -9   -9.0   -9   -9.0   -9 -99.0 -99.0 -99.0 -99.0 -99.0
20260618 181  1.2   995  34  4.0 1746  34  6.0 1752  25.3  31.2 1622  21.4   19  19.5  32.4  19.4  72.3  47.0 1458  22.7   6.6   4.6 -9.00 1005.0 1008.8 1010.2   13 1007.0 1718  5.5  6.8 14.7 -9.0 24.90  3.55 1300   -9.0   -9.0 -9.00   -9.0   -9   -9.0   -9   -9.0   -9   -9.0   -9   -9.0   -9 -99.0 -99.0 -99.0 -99.0 -99.0
20260618 184  2.0  1758   5  4.0 1109   5  5.8 1026  23.5  26.4 1417  22.3  554  20.5  29.1  21.2  83.6  71.0 1407  24.1   2.7   1.9 -9.00 1006.2 1008.6 1009.6 2211 1007.6 1820  8.5  0.2 14.4 -9.0 10.08  1.68 1400    0.0    0.0  2.00    0.0   -9    0.0   -9   -9.0   -9   -9.0   -9   -9.0   -9  24.9  23.1  22.0  19.3  16.8
20260618 185  2.2  1895  29  5.1 1318  29  5.8 1313  22.5  25.9 1316  21.0    1  20.8  26.8  21.4  90.6  77.0 1330  24.6   4.0   2.8 -9.00 1000.7 1008.9 1010.1   35 1007.7 1808  7.8  3.0 14.4 -9.0 17.84  3.02 1400   -9.0   -9.0 -9.00   -9.0   -9   -9.0   -9   -9.0   -9   -9.0   -9   -9.0   -9 -99.0 -99.0 -99.0 -99.0 -99.0
20260618 188  1.5  1322   5  3.1 1101   5  4.9 1054  23.8  26.6 1414  21.3  316  21.6  26.2  21.6  87.9  73.0 1415  25.7  -9.0  -9.0 -9.00 1006.9 1009.2 1010.4   37 1008.4 1731  7.9  2.1 14.4 -9.0 -9.00 -9.00   -9   -9.0   -9.0 -9.00   -9.0   -9   -9.0   -9   -9.0   -9   -9.0   -9   -9.0   -9 -99.0 -99.0 -99.0 -99.0 -99.0
20260618 189  1.1   984  23  2.8 1229  25  4.4 1224  23.9  27.0 1456  22.0    1  21.7  27.7  21.9  87.8  76.0 1448  25.9   4.2   2.9 -9.00 1003.2 1009.2 1010.6   52 1008.2 1819  9.1  2.6 14.4 -9.0 18.53  2.56 1400    0.1   -9.0  3.72    0.1   -9    0.1   -9   -9.0   -9   -9.0   -9   -9.0   -9 -99.0 -99.0 -99.0 -99.0 -99.0
20260618 192  0.8   709  18  2.5 1535  18  5.2 1638  24.8  31.1 1417  21.0  208  21.0  36.4  21.0  80.9  53.0 1418  24.8   5.8   4.1 -9.00 1005.5 1008.9 1010.6    1 1007.2 1449  7.1  8.6 14.5 -9.0 24.32  3.34 1300    0.0   -9.0 -9.00    0.0   -9    0.0   -9   -9.0   -9   -9.0   -9   -9.0   -9 -99.0 -99.0 -99.0 -99.0 -99.0
20260618 201  2.3  2004  25  4.7 1421  23  7.7 1417  24.5  29.4 1313  20.9  540  18.2  31.2  19.2  68.8  54.0 1240  20.9  -9.0  -9.0 -9.00 1004.0 1009.5 1010.5  815 1008.1 1801  4.4 11.4 14.8 -9.0 -9.00 -9.00   -9   -9.0   -9.0 -9.00   -9.0   -9   -9.0   -9   -9.0   -9   -9.0   -9   -9.0   -9 -99.0 -99.0 -99.0 -99.0 -99.0
20260618 202  1.3  1127  29  2.8 1641  32  5.8 1549  27.0  32.7 1421  22.4  510  17.7  36.5  21.1  58.5  37.0 1508  20.2  -9.0  -9.0 -9.00 1003.1 1008.4 1009.7   28 1006.8 1553  3.9 10.0 14.8 -9.0 -9.00 -9.00   -9   -9.0   -9.0 -9.00   -9.0   -9   -9.0   -9   -9.0   -9   -9.0   -9   -9.0   -9 -99.0 -99.0 -99.0 -99.0 -99.0
20260618 203  1.2  1001  18  2.5 1342  27  5.2 1636  27.1  32.7 1234  22.9  520  19.0  34.8  22.2  62.3  46.0 1559  22.0  -9.0  -9.0 -9.00  999.7 1008.8 1010.2    4 1007.1 1727  5.0  8.1 14.7 -9.0 -9.00 -9.00   -9   -9.0   -9.0 -9.00   -9.0   -9   -9.0   -9   -9.0   -9   -9.0   -9   -9.0   -9 -99.0 -99.0 -99.0 -99.0 -99.0
20260618 211  1.2  1057  25  3.1 1141  23  6.0 1206  25.1  31.8 1654  19.4  545  17.2  32.7  17.2  64.5  40.0 1406  19.6  -9.0  -9.0 -9.00  984.9 1007.7 1009.3  455 1005.2 1719  2.3  9.3 14.8 -9.0 -9.00 -9.00   -9   -9.0   -9.0 -9.00   -9.0   -9   -9.0   -9   -9.0   -9   -9.0   -9   -9.0   -9 -99.0 -99.0 -99.0 -99.0 -99.0
20260618 212  1.2  1008  27  3.3 1508  29  6.5 1459  26.2  32.5 1622  20.9  459  18.1  31.5  20.2  64.4  38.0 1400  20.8  -9.0  -9.0 -9.00  992.6 1008.4 1010.1  346 1006.2 1749  3.5 11.4 14.8 -9.0 -9.00 -9.00   -9   -9.0   -9.0 -9.00   -9.0   -9   -9.0   -9   -9.0   -9   -9.0   -9   -9.0   -9 -99.0 -99.0 -99.0 -99.0 -99.0
20260618 216  1.1   955   2  3.4 1619   7  5.6 1610  21.8  28.3 1317  17.0  501  16.9  26.5  16.3  75.6  48.0 1244  19.3   4.6   3.2 -9.00  929.6 1008.5 1010.6  231 1005.3 1325  6.3  4.2 14.7 -9.0 17.19  2.42 1000   -9.0   -9.0 -9.00   -9.0   -9   -9.0   -9   -9.0   -9   -9.0   -9   -9.0   -9 -99.0 -99.0 -99.0 -99.0 -99.0
20260618 217  1.4  1186  18  4.1 1237  27  8.4 1639  25.2  33.3 1449  19.6  620  17.8  35.0  19.7  66.5  38.0 1425  20.4  -9.0  -9.0 -9.00  973.2 1008.1 1010.1  454 1004.9 1519  3.5  9.6 14.8 -9.0 -9.00 -9.00   -9    0.0   -9.0 -9.00    0.0   -9    0.0   -9   -9.0   -9   -9.0   -9   -9.0   -9 -99.0 -99.0 -99.0 -99.0 -99.0
20260618 221  1.2  1011  27  3.6 1514  27  7.2 1506  24.6  30.7 1609  20.1  134  19.2  31.2  18.8  75.1  46.0 1501  22.3  -9.0  -9.0 -9.00  978.4 1008.2 1010.1   19 1005.8 1748  2.5  9.0 14.7 -9.0 -9.00 -9.00   -9   -9.0   -9.0 -9.00   -9.0   -9   -9.0   -9   -9.0   -9   -9.0   -9   -9.0   -9 -99.0 -99.0 -99.0 -99.0 -99.0
20260618 226  0.7   636  29  2.7 1615  34  5.1 1643  24.3  30.8 1643  20.7  514  20.7  27.4  19.1  82.5  53.0 1519  24.4  -9.0  -9.0 -9.00  989.3 1008.7 1010.2   16 1006.6 1728  7.0  5.9 14.7 -9.0 -9.00 -9.00   -9    0.0   -9.0 -9.00    0.0   -9    0.0   -9   -9.0   -9   -9.0   -9   -9.0   -9 -99.0 -99.0 -99.0 -99.0 -99.0
20260618 232  0.8   714  36  2.2 1632  27  6.0 1728  24.6  30.6 1620  20.6  507  20.1  29.6  19.8  78.6  52.0 1518  23.6  -9.0  -9.0 -9.00  999.6 1009.3 1010.7   45 1007.5 1803  4.9  6.3 14.7 -9.0 -9.00 -9.00   -9    0.1   -9.0 -9.00    0.1   -9    0.1   -9   -9.0   -9   -9.0   -9   -9.0   -9 -99.0 -99.0 -99.0 -99.0 -99.0
20260618 235  1.1   958  20  3.7 1159  23  5.3 1206  24.3  29.1 1350  21.7 2233  21.1  27.5  20.3  83.5  63.0 1539  25.0   5.0   3.5 -9.00 1007.4 1008.5 1009.4   50 1007.1 1754  6.3  4.6 14.6 -9.0 19.37  3.11 1300    0.0   -9.0 -9.00    0.0   -9    0.0   -9   -9.0   -9   -9.0   -9   -9.0   -9 -99.0 -99.0 -99.0 -99.0 -99.0
20260618 236  0.7   626  27  2.8 1826  23  4.5 1712  24.8  30.7 1601  21.4   34  21.6  28.1  21.8  84.0  55.0 1551  25.7  -9.0  -9.0 -9.00 1007.6 1009.1 1010.4  219 1007.3 1804  6.9  4.6 14.6 -9.0 -9.00 -9.00   -9    1.1   -9.0 -9.00    0.5  138    0.2   -9   -9.0   -9   -9.0   -9   -9.0   -9 -99.0 -99.0 -99.0 -99.0 -99.0
20260618 238  0.7   643  29  2.5 1600  29  5.1 1558  24.6  30.9 1541  20.8  354  21.3  26.1  21.1  83.9  56.0 1409  25.3  -9.0  -9.0 -9.00  988.9 1008.2 1009.6   52 1006.2 1547  7.0  5.2 14.6 -9.0 -9.00 -9.00   -9    5.5   -9.0 -9.00    1.8  338    0.5  223   -9.0   -9   -9.0   -9   -9.0   -9 -99.0 -99.0 -99.0 -99.0 -99.0
20260618 239  1.2  1053  34  3.0 1856  32  4.6 1839  25.1  31.2 1650  21.2  557  20.3  29.9  21.3  77.5  48.0 1355  23.8   6.6   4.6 -9.00  998.0 1008.2 1009.7   53 1006.1 1721  5.4  6.8 14.7 -9.0 24.23  3.27 1200    0.9   -9.0 -9.00    0.8  247    0.4  310   -9.0   -9   -9.0   -9   -9.0   -9 -99.0 -99.0 -99.0 -99.0 -99.0
20260618 243  1.1   987  29  4.1 1626  32  6.5 1624  23.9  28.4 1440  21.2  400  21.0  27.1  20.3  84.8  65.0 1408  24.8  -9.0  -9.0 -9.00 1007.9 1009.3 1010.0  811 1008.0 1756  7.8  3.7 14.6 -9.0 -9.00 -9.00   -9    3.9   -9.0 -9.00    1.9  325    0.6  335   -9.0   -9   -9.0   -9   -9.0   -9 -99.0 -99.0 -99.0 -99.0 -99.0
20260618 244  1.2  1009  34  2.3 1311  27  5.3   39  24.6  29.3 1627  21.4  535  20.0  28.8  20.7  76.8  55.0 1638  23.4  -9.0  -9.0 -9.00  980.5 1008.4 1009.6    2 1006.4 1732  7.5  3.4 14.6 -9.0 -9.00 -9.00   -9   -9.0   -9.0 -9.00   -9.0   -9   -9.0   -9   -9.0   -9   -9.0   -9   -9.0   -9 -99.0 -99.0 -99.0 -99.0 -99.0
20260618 245  1.6  1384  34  3.9 1645  36  6.2 1637  25.1  30.7 1549  21.7  514  20.9  30.3  21.2  78.6  57.0 1551  24.8   4.1   2.9 -9.00 1001.0 1008.9 1009.8 2316 1007.4 1637  7.6  3.3 14.6 -9.0 15.82  2.71 1400    0.0   -9.0 -9.00    0.0   -9    0.0   -9   -9.0   -9   -9.0   -9   -9.0   -9 -99.0 -99.0 -99.0 -99.0 -99.0
20260618 247  1.4  1179  18  2.9 1710  23  4.7 1839  26.3  31.6 1602  22.0  450  20.4  32.2  22.1  71.0  55.0 1605  24.0  -9.0  -9.0 -9.00  993.0 1008.1 1009.7    1 1006.3 1610  7.9  4.9 14.6 -9.0 -9.00 -9.00   -9    0.1   -9.0 -9.00    0.1   -9    0.1   -9   -9.0   -9   -9.0   -9   -9.0   -9 -99.0 -99.0 -99.0 -99.0 -99.0
20260618 248  1.0   901  25  2.9 1627  25  4.8 1620  23.9  29.8 1636  20.3  517  19.3  29.3  19.6  77.1  53.0 1633  22.4  -9.0  -9.0 -9.00  963.0 1008.6 1010.0    2 1006.1 1617  7.6  4.4 14.6 -9.0 -9.00 -9.00   -9   -9.0   -9.0 -9.00   -9.0   -9   -9.0   -9   -9.0   -9   -9.0   -9   -9.0   -9 -99.0 -99.0 -99.0 -99.0 -99.0
20260618 251  1.7  1497  14  4.9  122  16  8.9  115  24.7  29.5 1534  22.2  453  21.6  27.0  21.7  83.6  68.0 1444  25.8   4.1   2.8 -9.00 1003.0 1008.7 1009.9 2300 1007.2 1542  7.9  3.3 14.6 -9.0 15.73  2.34 1300   -9.0   -9.0 -9.00   -9.0   -9   -9.0   -9   -9.0   -9   -9.0   -9   -9.0   -9 -99.0 -99.0 -99.0 -99.0 -99.0
20260618 252  1.4  1223  14  3.4  103  16  5.7   26  24.1  28.6 1531  22.1  614  20.7  27.8  20.2  82.1  63.0 1536  24.5   3.8   2.7 -9.00 1004.5 1008.8 1009.7 2256 1007.6 1743  8.0  1.6 14.5 -9.0 15.23  2.49 1400    0.0   -9.0 -9.00    0.0   -9    0.0   -9   -9.0   -9   -9.0   -9   -9.0   -9 -99.0 -99.0 -99.0 -99.0 -99.0
20260618 253  1.7  1488  16  4.6 1645  14  7.2 1640  25.4  30.2 1422  22.3   13  21.3  33.1  20.7  79.1  63.0 1350  25.4   5.9   4.2 -9.00 1003.3 1009.5 1011.2   39 1008.0 1524  6.4  7.6 14.5 -9.0 23.49  3.03 1200   -9.0   -9.0 -9.00   -9.0   -9   -9.0   -9   -9.0   -9   -9.0   -9   -9.0   -9 -99.0 -99.0 -99.0 -99.0 -99.0
20260618 254  1.4  1179  18  3.0   42  20  4.8   18  25.8  31.8 1600  21.6  448  19.3  32.1  21.3  68.6  46.0 1600  22.3   5.8   4.1 -9.00  994.1 1008.8 1010.3    1 1006.9 1603  8.0  7.0 14.6 -9.0 21.44  3.08 1000   -9.0   -9.0 -9.00   -9.0   -9   -9.0   -9   -9.0   -9   -9.0   -9   -9.0   -9 -99.0 -99.0 -99.0 -99.0 -99.0
20260618 255  1.0   825   9  2.1 1149  20  5.2 1703  26.6  31.6 1549  23.6  522  21.2  28.6  21.5  73.3  54.0 1326  25.1   4.7   3.3 -9.00 1002.6 1008.4 1010.3   35 1006.6 1516  7.3  5.8 14.5 -9.0 17.77  2.36 1100   -9.0   -9.0 -9.00   -9.0   -9   -9.0   -9   -9.0   -9   -9.0   -9   -9.0   -9 -99.0 -99.0 -99.0 -99.0 -99.0
20260618 257  2.0  1688  23  4.4 1710  20  8.0 1706  26.7  32.2 1415  23.0   58  21.9  34.5  20.6  76.3  52.0 1421  26.2   6.4   4.5 -9.00 1008.0 1008.7 1010.4    1 1006.8 1532  6.5  6.9 14.5 -9.0 23.09  3.00 1200    0.0   -9.0 -9.00    0.0   -9    0.0   -9   -9.0   -9   -9.0   -9   -9.0   -9 -99.0 -99.0 -99.0 -99.0 -99.0
20260618 258  1.8  1577  18  3.8 1403  18  5.0 1340  25.0  29.0 1257  21.7   32  22.0  27.3  21.9  84.5  64.0 1305  26.4   5.9   4.2 -9.00 1009.2 1009.4 1010.8    1 1008.1 1522  7.4  8.4 14.5 -9.0 25.24  3.64 1200    0.4   -9.0 -9.00    0.2   -9    0.1   -9   -9.0   -9   -9.0   -9   -9.0   -9 -99.0 -99.0 -99.0 -99.0 -99.0
20260618 259  1.1   984  20  3.1 1453   5  5.6 1023  25.4  30.4 1235  21.8    1  21.9  30.7  21.2  82.5  59.0 1250  26.3   5.8   4.1 -9.00 1006.9 1008.7 1010.0    1 1007.5 1507  7.5  6.5 14.5 -9.0 24.51  3.84 1100   -9.0   -9.0 -9.00   -9.0   -9   -9.0   -9   -9.0   -9   -9.0   -9   -9.0   -9 -99.0 -99.0 -99.0 -99.0 -99.0
20260618 260  1.8  1541  16  4.3 1414  16  6.5 1408  24.8  29.3 1308  21.7    1  21.9  30.5  21.1  84.8  64.0 1314  26.3  -9.0  -9.0 -9.00 1003.7 1008.8 1010.0    1 1007.5 1511  7.3  5.9 14.5 -9.0 -9.00 -9.00   -9    0.0   -9.0 -9.00    0.0   -9    0.0   -9   -9.0   -9   -9.0   -9   -9.0   -9 -99.0 -99.0 -99.0 -99.0 -99.0
20260618 261  1.7  1450  23  4.7 1538  23  6.3 1436  24.7  28.9 1117  21.9  402  21.9  27.0  20.5  85.3  68.0 1651  26.2  -9.0  -9.0 -9.00 1007.4 1009.3 1010.5 2239 1008.4 1417  7.4  4.8 14.5 -9.0 -9.00 -9.00   -9    0.0   -9.0 -9.00    0.0   -9    0.0   -9   -9.0   -9   -9.0   -9   -9.0   -9 -99.0 -99.0 -99.0 -99.0 -99.0
20260618 262  1.1   940  18  3.2 1332  14  4.9 1626  24.3  28.8 1103  21.7    1  21.8  26.3  22.6  86.6  66.0 1141  26.1   3.7   2.6 -9.00 1003.0 1008.9 1010.3    1 1007.8 1733  7.5  3.0 14.5 -9.0 15.61  2.49 1100    0.8   -9.0 -9.00    0.7  234    0.5  239   -9.0   -9   -9.0   -9   -9.0   -9 -99.0 -99.0 -99.0 -99.0 -99.0
20260618 263  1.3  1149  23  4.1 1650  23  7.6 1700  26.3  32.1 1546  21.7  536  21.0  32.4  21.2  74.6  49.0 1510  24.9   5.9   4.2 -9.00 1007.0 1008.6 1010.4   11 1006.7 1523  7.5  6.5 14.5 -9.0 23.21  2.94 1000    0.0   -9.0 -9.00    0.0   -9    0.0   -9   -9.0   -9   -9.0   -9   -9.0   -9 -99.0 -99.0 -99.0 -99.0 -99.0
20260618 264  1.0   890  18  3.4 1305  11  5.1 1304  26.1  32.4 1636  20.2  310  21.0  31.7  18.5  75.4  51.0 1703  25.0   5.9   4.2 -9.00  991.2 1008.3 1010.1    1 1006.0 1637  7.5  7.7 14.6 -9.0 24.69  3.18 1200   -9.0   -9.0 -9.00   -9.0   -9   -9.0   -9   -9.0   -9   -9.0   -9   -9.0   -9 -99.0 -99.0 -99.0 -99.0 -99.0
20260618 266  1.0   899  18  2.9 1414  23  4.9 1706  24.9  29.5 1347  21.6    1  22.0  30.8  21.3  85.6  58.0 1351  26.5   5.5   3.8 -9.00  999.4 1009.4 1011.0    1 1008.1 1450  7.6  7.1 14.5 -9.0 23.45  3.31 1200    0.4   -9.0 -9.00    0.2  234    0.2  324   -9.0   -9   -9.0   -9   -9.0   -9 -99.0 -99.0 -99.0 -99.0 -99.0
20260618 268  1.0   881  32  2.9 1515  18  5.0   36  23.5  27.2 1619  21.3  121  21.1  25.5  21.5  87.4  69.0 1154  25.0  -9.0  -9.0 -9.00 1006.9 1008.0 1009.1 2220 1006.9 1902  8.4  1.5 14.5 -9.0 -9.00 -9.00   -9    0.4   -9.0 -9.00    0.2   -9    0.1   -9   -9.0   -9   -9.0   -9   -9.0   -9 -99.0 -99.0 -99.0 -99.0 -99.0
20260618 271  1.1   962  16  3.2 1513  16  6.1 1419  23.5  30.2 1628  19.0  256  19.1  26.3  17.7  78.9  47.0 1506  22.0  -9.0  -9.0 -9.00  972.3 1008.9 1011.0    1 1005.9 1546  6.6  5.7 14.7 -9.0 -9.00 -9.00   -9   -9.0   -9.0 -9.00   -9.0   -9   -9.0   -9   -9.0   -9   -9.0   -9   -9.0   -9 -99.0 -99.0 -99.0 -99.0 -99.0
20260618 272  1.3  1106  16  3.0 1553  29  5.3 1612  24.9  31.7 1539  19.9  126  20.0  31.6  19.8  76.9  48.0 1523  23.4  -9.0  -9.0 -9.00  984.5 1008.3 1010.4   14 1005.7 1539  4.6  9.3 14.7 -9.0 -9.00 -9.00   -9   -9.0   -9.0 -9.00   -9.0   -9   -9.0   -9   -9.0   -9   -9.0   -9   -9.0   -9 -99.0 -99.0 -99.0 -99.0 -99.0
20260618 273  1.1   920  11  2.7 1057  18  5.4 1151  25.0  30.8 1640  20.1   17  20.8  29.3  18.8  79.6  56.0 1538  24.6  -9.0  -9.0 -9.00  988.2 1007.8 1009.7   17 1005.6 1738  5.6  7.3 14.7 -9.0 -9.00 -9.00   -9   -9.0   -9.0 -9.00   -9.0   -9   -9.0   -9   -9.0   -9   -9.0   -9   -9.0   -9 -99.0 -99.0 -99.0 -99.0 -99.0
20260618 276 -9.0    -9  14  3.5 1802  14  5.6 1756 -99.0  32.6 1715 -99.0   -9 -99.0  27.9  19.2  -9.0  50.0 1715  -9.0   6.3   4.4 -9.00   -9.0   -9.0   -9.0   -9 1005.2 1706  6.0  6.6 14.6 -9.0 23.08  3.60 1100    2.7   -9.0 -9.00    2.0    1    2.0    1   -9.0   -9   -9.0   -9   -9.0   -9 -99.0 -99.0 -99.0 -99.0 -99.0
20260618 277 -9.0    -9  16  2.8 1659  27  4.9  950 -99.0  29.6 1151 -99.0   -9 -99.0 -99.0  -9.0  -9.0  61.0 1048  -9.0  -9.0  -9.0 -9.00   -9.0   -9.0   -9.0   -9 1007.2 1458  4.5  9.4 14.7 -9.0 -9.00 -9.00   -9   -9.0   -9.0 -9.00   -9.0   -9   -9.0   -9   -9.0   -9   -9.0   -9   -9.0   -9 -99.0 -99.0 -99.0 -99.0 -99.0
20260618 278  0.9   776  27  2.7 1726  29  5.5 1612  25.4  32.9 1609  20.8  121  20.6  29.8  20.3  78.0  43.0 1613  24.3  -9.0  -9.0 -9.00  998.2 1007.5 1009.3  135 1005.0 1725  7.3  7.4 14.6 -9.0 -9.00 -9.00   -9    1.9   -9.0 -9.00    1.9  337    1.0  405   -9.0   -9   -9.0   -9   -9.0   -9 -99.0 -99.0 -99.0 -99.0 -99.0
20260618 279  0.8   655  14  2.2  244   9  4.1 1648  26.5  33.8 1609  21.8  430  20.2  31.1  21.8  71.1  40.0 1556  23.7   5.7   4.0 -9.00 1002.5 1008.1 1009.7  107 1005.8 1700  7.3  5.9 14.6 -9.0 19.84  3.54 1200    2.1   -9.0 -9.00    1.9  336    0.7  400   -9.0   -9   -9.0   -9   -9.0   -9 -99.0 -99.0 -99.0 -99.0 -99.0
20260618 281  1.2  1009   9  2.9 1909   9  5.5 1904  25.8  31.7 1552  20.7  515  20.0  30.8  20.6  72.8  46.0 1608  23.4  -9.0  -9.0 -9.00  997.9 1008.8 1010.3  152 1006.5 1746  6.8  5.5 14.6 -9.0 -9.00 -9.00   -9    1.6   -9.0 -9.00    1.2  224    0.7  255   -9.0   -9   -9.0   -9   -9.0   -9 -99.0 -99.0 -99.0 -99.0 -99.0
20260618 283  1.8  1529  18  4.3 1802  18  6.9 1758  26.5  34.1 1527  21.8  145  20.4  33.0  18.5  71.5  45.0 1426  24.1   6.5   4.6 -9.00 1004.2 1008.7 1010.4    1 1006.5 1729  6.9  5.4 14.6 -9.0 21.65  3.11 1300    0.0   -9.0 -9.00    0.0   -9    0.0   -9   -9.0   -9   -9.0   -9   -9.0   -9 -99.0 -99.0 -99.0 -99.0 -99.0
20260618 284  1.5  1278  14  3.7 1356  14  6.1 1348  25.6  31.7 1615  20.4  445  20.6  33.0  18.7  75.3  56.0 1619  24.4   6.2   4.3 -9.00  981.4 1007.1 1009.0    2 1004.8 1602  6.8  6.0 14.6 -9.0 23.66  3.38 1100   -9.0   -9.0 -9.00   -9.0   -9   -9.0   -9   -9.0   -9   -9.0   -9   -9.0   -9 -99.0 -99.0 -99.0 -99.0 -99.0
20260618 285  1.0   864  18  2.9 1757  18  6.1 1752  26.4  31.8 1542  21.9  531  20.9  34.3  21.7  73.6  50.0 1555  24.8  -9.0  -9.0 -9.00 1005.6 1008.6 1010.4   10 1006.6 1735  7.5  4.0 14.6 -9.0 -9.00 -9.00   -9   -9.0   -9.0 -9.00   -9.0   -9   -9.0   -9   -9.0   -9   -9.0   -9   -9.0   -9 -99.0 -99.0 -99.0 -99.0 -99.0
20260618 288  1.4  1170  16  3.7 1756  18  6.5 1826  26.9  32.9 1624  23.1  507  20.6  32.2  18.1  69.9  43.0 1619  24.3   5.7   4.0 -9.00 1006.2 1007.1 1009.1   15 1005.0 1647  6.1  4.7 14.6 -9.0 20.12  2.67 1500   -9.0   -9.0 -9.00   -9.0   -9   -9.0   -9   -9.0   -9   -9.0   -9   -9.0   -9 -99.0 -99.0 -99.0 -99.0 -99.0
20260618 289  1.4  1188   7  3.1  100   9  7.0 1848  25.5  32.0 1610  21.3  510  20.9  34.8  20.5  77.3  53.0 1520  24.7  -9.0  -9.0 -9.00  993.5 1009.2 1010.8    1 1007.1 1618  7.8  6.5 14.6 -9.0 -9.00 -9.00   -9   -9.0   -9.0 -9.00   -9.0   -9   -9.0   -9   -9.0   -9   -9.0   -9   -9.0   -9 -99.0 -99.0 -99.0 -99.0 -99.0
20260618 294  1.3  1161  18  4.3 1835  20  8.3 1829  24.5  29.3 1356  21.9 2400  20.4  30.9  19.6  78.8  61.0 1358  23.9  -9.0  -9.0 -9.00 1004.5 1009.7 1011.2   18 1008.4 1721  7.3  3.7 14.5 -9.0 -9.00 -9.00   -9    0.1   -9.0 -9.00    0.1   -9    0.1   -9   -9.0   -9   -9.0   -9   -9.0   -9 -99.0 -99.0 -99.0 -99.0 -99.0
20260618 295  1.0   863  20  3.0 1834  20  5.3 1821  23.7  27.9 1419  21.2  337  21.3  26.4  20.9  87.0  67.0 1504  25.3  -9.0  -9.0 -9.00 1003.9 1009.2 1010.7    1 1007.8 1702  7.5  5.1 14.5 -9.0 -9.00 -9.00   -9    1.4   -9.0 -9.00    0.5  307    0.2   -9   -9.0   -9   -9.0   -9   -9.0   -9 -99.0 -99.0 -99.0 -99.0 -99.0
20260618 296  1.8  1555  18  4.5 1706  18  7.3 1700  25.6  29.9 1558  21.8   50  22.0  30.5  18.9  81.0  63.0 1341  26.4   1.5   1.1 -9.00 1007.8 1008.1 1009.8    9 1006.5 1528  6.6  8.2 14.5 -9.0 24.31  3.15 1200    0.0   -9.0  0.80    0.0   -9    0.0   -9   -9.0   -9   -9.0   -9   -9.0   -9 -99.0 -99.0 -99.0 -99.0 -99.0
20260619  90  2.0  1707   2  3.7 1208  16  5.5 2157  22.8  25.3 1518  19.9  521  20.5  29.7  19.1  87.4  79.0 1518  24.1   4.1   2.9 -9.00 1007.3 1009.3 1010.4  812 1007.5 2349  7.3  6.7 14.8 -9.0 22.15  3.28 1100    0.0   -9.0 -9.00    0.0   -9    0.0   -9   -9.0   -9   -9.0   -9   -9.0   -9 -99.0 -99.0 -99.0 -99.0 -99.0
20260619  93  0.9   812  11  5.2 1826  11  9.4 1811  25.4  33.7 1444  19.6  524  19.9  34.0  18.2  75.9  38.0 1430  23.3   5.9   4.1 -9.00  996.6 1007.5 1009.9  558 1004.5 1656  7.1 10.6 14.8 -9.0 24.01  3.55 1100   26.2   64.4  6.67   23.8 1807    7.0 1831   -9.0   -9   -9.0   -9   -9.0   -9  27.5  23.3  20.0  15.5  13.5
20260619  95  1.0   903  25  5.6 1746  25 11.4 1741  24.5  32.3 1606  19.3  449  20.4  29.0  17.8  80.9  42.0 1608  24.0   5.1   3.6 -9.00  989.9 1007.5 1009.9  450 1004.7 1718  7.3  9.6 14.8 -9.0 21.87  2.62 1100   17.6   58.0 -9.00   15.7 1940    5.4 1946   -9.0   -9   -9.0   -9   -9.0   -9 -99.0 -99.0 -99.0 -99.0 -99.0
20260619  98  0.8   659  18  6.0 1700  20 12.3 1651  24.8  33.2 1512  19.8  521  18.6  34.2  17.1  72.5  36.0 1513  21.4   4.4   3.1 -9.00  993.6 1006.7 1009.2    7 1004.2 2357  6.8  5.5 14.8 -9.0 17.46  2.87 1000   10.9   -9.0 -9.00    5.3 1937    3.2 2000   -9.0   -9   -9.0   -9   -9.0   -9 -99.0 -99.0 -99.0 -99.0 -99.0
20260619  99  1.1   954  20  4.6 1721  23  9.1 1717  24.0  31.7 1308  19.0  512  20.2  30.3  16.8  81.6  51.0 1336  23.7   4.2   3.0 -9.00 1003.9 1007.4 1010.0   44 1004.6 2356  7.5  5.0 14.8 -9.0 17.76  2.87 1200    3.1   -9.0 -9.00    1.2 1719    0.8 1744   -9.0   -9   -9.0   -9   -9.0   -9 -99.0 -99.0 -99.0 -99.0 -99.0
20260619 100  1.8  1575   9  5.0 1250   7  8.0 1247  19.5  25.9 1049  13.8  430  17.6  26.3  11.1  89.6  65.0 1020  20.2   3.8   2.7 -9.00  923.0 1008.7 1011.9  531 1006.7 2348  6.4  7.5 14.8 -9.0 19.75  2.93 1200    0.5   -9.0 -9.00    0.9 2315    0.3 2322   -9.0   -9   -9.0   -9   -9.0   -9 -99.0 -99.0 -99.0 -99.0 -99.0
20260619 101  1.6  1402   9  5.5 1812   7  9.0 1811  25.5  33.7 1335  19.7  522  19.5  32.0  17.3  72.8  38.0 1413  22.7   5.9   4.1 -9.00  997.9 1006.5 1009.0  600 1003.5 1546  7.9  9.1 14.8 -9.0 22.71  3.48 1100   34.5   78.0 -9.00   32.2 1806    8.9 1832   -9.0   -9   -9.0   -9   -9.0   -9  25.2  20.6  18.4  15.5  15.0
20260619 102  1.7  1474   9  3.9  819   9  5.8  803  21.7  27.1 1248  18.9  535  17.0  28.1  15.0  75.3  54.0 1241  19.4   4.4   3.1 -9.00 1001.5 1005.6 1008.4    1 1001.8 2352  8.5  5.4 14.8 -9.0 18.40  2.91 1200    1.4   -9.0  2.00    4.9 2315    3.2 2356   -9.0   -9   -9.0   -9   -9.0   -9 -99.0 -99.0 -99.0 -99.0 -99.0
20260619 104  1.3  1120   7  2.8 1329   2  5.4  954  23.0  27.2 1222  19.2  215  21.1  30.5  17.3  89.6  74.0 1215  25.1   4.2   2.9 -9.00  999.3 1007.9 1009.4  715 1006.3 2344  6.8  8.1 14.8 -9.0 21.82  3.37 1200    0.3  101.3  1.83    0.3 2257    0.1   -9   -9.0   -9   -9.0   -9   -9.0   -9  25.1  20.9  18.4  14.5  13.4
20260619 105  1.4  1221  34  2.8 1000  16  5.4 1933  23.9  27.5 1309  20.7  428  20.1  31.9  18.3  79.8  64.0 1222  23.6   4.3   3.0 -9.00 1005.8 1008.9 1010.4  807 1007.1 2357  7.5  7.3 14.8 -9.0 19.99  2.94 1200    0.3   -9.0 -9.00    0.3 2250    0.1   -9   -9.0   -9   -9.0   -9   -9.0   -9  25.6  21.5  19.8  16.0  14.8
20260619 106  2.1  1795   5  4.3  958  23  7.2 2102  23.0  26.2 1345  20.0  449  20.6  31.8  16.9  87.0  77.0 1310  24.4   4.2   2.9 -9.00 1004.6 1009.2 1010.6  700 1007.6 2337  7.0  7.4 14.8 -9.0 21.15  3.49 1200    0.4   -9.0 -9.00    0.4 2307    0.1   -9   -9.0   -9   -9.0   -9   -9.0   -9 -99.0 -99.0 -99.0 -99.0 -99.0
20260619 108  2.1  1802  16  4.1 1629  16  9.7 1612  26.4  34.0 1422  22.6  514  19.5  31.6  17.0  68.5  40.0 1432  22.7   5.2   3.7 -9.00  996.8 1006.5 1009.4   45 1003.7 2359  7.3  6.2 14.8 -9.0 18.32  3.02 1000    8.0   71.3  7.52    4.6 1820    3.4 1822   -9.0   -9   -9.0   -9   -9.0   -9  24.5  21.3  20.0  15.8  13.9
20260619 112  1.9  1679   7  5.1 2220   7  8.4 2232  25.6  32.6 1432  22.0  528  20.8  30.5  17.5  76.9  48.0 1413  24.6   5.4   3.8 -9.00  998.6 1006.4 1009.3    1 1002.9 2358  7.8  7.3 14.8 -9.0 20.89  3.38 1300    6.1   51.9  6.92    6.1 1642    5.6 1728   -9.0   -9   -9.0   -9   -9.0   -9  23.7  21.3  15.1  18.3  13.7
20260619 114  1.7  1441  23  4.2 1543  20  7.4 1541  26.4  34.8 1324  21.4  511  20.1  31.7  18.7  71.1  37.0 1244  23.6   5.6   3.9 -9.00  989.7 1006.6 1009.2  539 1004.2 2355  7.4  8.0 14.8 -9.0 20.65  3.28 1100    0.7   -9.0 -9.00    0.4 2229    0.2   -9   -9.0   -9   -9.0   -9   -9.0   -9 -99.0 -99.0 -99.0 -99.0 -99.0
20260619 115  1.8  1597  20  4.5  242  20  6.5  242  23.8  27.2 1309  21.4  208  21.2  32.8  16.8  85.9  74.0 1257  25.2   4.9   3.4 -9.00  984.9 1010.0 1011.1  738 1009.3 2354  7.0  7.7 14.8 -9.0 22.84  3.44 1200   -9.0   46.5 -9.00   -9.0   -9   -9.0   -9   -9.0   -9   -9.0   -9   -9.0   -9  21.6  18.0  16.7  13.0  13.2
20260619 119  1.7  1434   9  4.7 2321   9  7.6 2252  25.7  32.0 1229  20.2  443  18.2  29.6  17.6  65.1  41.0 1215  21.0   4.8   3.4 -9.00 1001.7 1006.2 1009.4   24 1002.7 2358  7.9  5.8 14.7 -9.0 16.37  2.82 1000    2.5   49.2  7.22    1.3 1323    1.3 1413   -9.0   -9   -9.0   -9   -9.0   -9  24.9  21.2  18.7  14.4  13.2
20260619 121  2.0  1717  11  7.0 1457  14 11.2 1553  25.9  35.5 1149  18.6  520  18.7  33.1  16.4  69.1  34.0 1250  21.6   6.6   4.6 -9.00  980.5 1007.4 1010.6  559 1004.8 1438  7.5  7.7 14.7 -9.0 21.49  3.30 1100    0.6   -9.0 -9.00    0.8 2313    0.2   -9   -9.0   -9   -9.0   -9   -9.0   -9 -99.0 -99.0 -99.0 -99.0 -99.0
20260619 127  1.9  1638  20  5.6 1327  20  8.6 1324  25.7  34.6 1247  20.5  438  19.7  30.3  18.0  71.9  39.0 1254  23.0   5.6   3.9 -9.00  993.1 1006.1 1008.8  550 1003.1 2359  8.0  5.4 14.7 -9.0 19.21  2.85 1000    3.3   -9.0 -9.00    2.6 2301    0.8 2349   -9.0   -9   -9.0   -9   -9.0   -9 -99.0 -99.0 -99.0 -99.0 -99.0
20260619 129  1.6  1360  23  5.3 1504  23  7.2 1458  25.0  31.9 1349  20.0  404  19.6  29.8  16.1  73.6  46.0 1351  22.9   4.2   2.9 -9.00 1003.4 1006.3 1009.7   25 1001.7 2355  7.9  3.7 14.7 -9.0 16.04  2.26 1000   10.0   73.1 -9.00    8.8 2259    2.8 2320   -9.0   -9   -9.0   -9   -9.0   -9  24.4  21.4  20.9  15.1  15.0
20260619 130  1.4  1238  11  3.1 1304  16  4.8 1653  23.1  25.4  849  20.2  500  21.5  27.9  18.6  91.1  80.0  851  25.6  -9.0  -9.0 -9.00 1003.8 1009.4 1010.4 1115 1008.1 2344  7.6  4.5 14.7 -9.0 -9.00 -9.00   -9    2.8   -9.0 -9.00    2.7 2301    1.0 2332   -9.0   -9   -9.0   -9   -9.0   -9 -99.0 -99.0 -99.0 -99.0 -99.0
20260619 131  1.7  1439   9  4.5 2335   9  8.7 2332  27.4  32.5 1307  23.2  508  19.2  29.9  21.2  62.3  46.0 1339  22.3   5.4   3.8 -9.00  999.4 1006.1 1008.9    6 1002.5 2357  8.1  5.0 14.7 -9.0 18.70  3.09 1000    9.3   41.6  7.28    7.3 2236    2.3 2317   -9.0   -9   -9.0   -9   -9.0   -9 -99.0 -99.0 -99.0 -99.0 -99.0
20260619 133  2.2  1872  14  5.0 2043  14 10.0 2035  25.8  31.2 1300  21.5  519  21.0  27.2  20.6  76.4  56.0 1306  24.9   3.8   2.7 -9.00  998.9 1006.6 1009.5   18 1002.9 2400  8.5  3.3 14.6 -9.0 14.43  2.23 1100   10.3   71.0  4.50    7.0 2211    2.1 2247   -9.0   -9   -9.0   -9   -9.0   -9  26.0  23.6  21.1  17.3  16.1
20260619 135  2.0  1751  14  6.3 2247  14 10.7 2242  23.6  28.2 1210  19.3  522  20.3  27.3  19.5  83.0  62.0 1359  23.9   3.6   2.5 -9.00  979.4 1007.1 1009.2  542 1004.5 2400  7.9  2.2 14.6 -9.0 14.01  2.09 1100   14.5   -9.0 -9.00    6.3 2209    2.3 2206   -9.0   -9   -9.0   -9   -9.0   -9 -99.0 -99.0 -99.0 -99.0 -99.0
20260619 136  2.0  1701  14  4.7 1344  16  8.5 1335  25.1  31.8 1129  20.7  511  20.3  28.4  19.8  76.0  51.0 1335  23.9   4.5   3.1 -9.00  992.5 1008.5 1010.3  548 1007.0 2400  7.9  5.3 14.7 -9.0 16.09  3.02 1000    3.1   29.3  3.92    2.5 2245    0.7 2316   -9.0   -9   -9.0   -9   -9.0   -9 -99.0 -99.0 -99.0 -99.0 -99.0
20260619 137  0.6   514  23  2.1 1605  23  4.0 1605  24.9  30.5 1403  21.0  522  22.0  29.2  20.1  85.1  60.0 1415  26.4   3.3   2.3 -9.00  995.7 1006.6 1008.5  627 1004.5 2355  7.8  2.7 14.7 -9.0 15.21  2.13 1200    6.2   -9.0 -9.00    3.6 2258    1.3 2348   -9.0   -9   -9.0   -9   -9.0   -9 -99.0 -99.0 -99.0 -99.0 -99.0
20260619 138  2.4  2038   9  4.8 1259   9  7.5 1335  24.1  27.7 1323  22.6  515  21.6  27.3  20.5  86.9  66.0 1318  25.8   3.3   2.3 -9.00 1007.7 1008.1 1009.4  757 1006.4 2400  9.1  1.3 14.6 -9.0 13.78  2.19 1200    8.3   52.4  7.25    3.7 2249    0.9 2339   -9.0   -9   -9.0   -9   -9.0   -9  23.0  19.7  18.4  16.2  15.8
20260619 140  1.5  1259  14  5.2 2159  14  9.0 2156  24.3  28.9 1341  20.6 2214  21.9  25.6  17.8  87.3  69.0 1344  26.5  -9.0  -9.0 -9.00 1003.8 1007.0 1010.5    1 1002.8 2352  8.9  0.2 14.6 -9.0 -9.00 -9.00   -9   15.8   -9.0 -9.00    8.7 2117    2.9 2151   -9.0   -9   -9.0   -9   -9.0   -9 -99.0 -99.0 -99.0 -99.0 -99.0
20260619 143  2.0  1705  11  4.4 1848   9  6.5 1848  25.7  30.3 1221  22.7 2346  20.7  29.3  21.5  75.3  53.0 1304  24.5   3.6   2.5 -9.00 1000.9 1007.1 1008.6  644 1004.8 2400  9.4  1.5 14.6 -9.0 13.02  2.06 1000    4.9   -9.0  8.75    2.9 2247    0.7 2310   -9.0   -9   -9.0   -9   -9.0   -9 -99.0 -99.0 -99.0 -99.0 -99.0
20260619 146  1.3  1129  14  3.7 2120  14  7.3 2117  25.1  30.0 1236  21.4 2338  21.5  26.2  18.8  81.4  59.0 1239  25.7   3.1   2.2 -9.00  999.4 1006.3 1009.8    2 1002.3 2359  9.1  0.1 14.6 -9.0 11.66  1.74 1200    8.2   46.6  8.87    5.1 2057    2.1 2143   -9.0   -9   -9.0   -9   -9.0   -9 -99.0 -99.0 -99.0 -99.0 -99.0
20260619 152  1.3  1109  11  2.7 2026  16  5.5 1459  23.9  27.6 1239  21.5  517  21.2  27.8  19.2  85.8  69.0 1247  25.1   2.6   1.8 -9.00  998.6 1007.9 1009.1  852 1005.7 2359  9.6  0.5 14.6 -9.0 10.88  1.74 1200   22.6   -9.0  6.88   13.3 2152    3.2 2210   -9.0   -9   -9.0   -9   -9.0   -9 -99.0 -99.0 -99.0 -99.0 -99.0
20260619 155  1.4  1173  16  4.1 1239  20  6.5 1237  24.0  26.8 1041  22.1 2335  22.0  27.1  20.9  89.6  74.0 1025  26.5   2.1   1.5 -9.00 1003.9 1007.9 1009.5  810 1005.3 2355  9.6  0.0 14.5 -9.0  8.48  1.30 1000   15.0   -9.0  8.75    8.8 2241    2.5 2331   -9.0   -9   -9.0   -9   -9.0   -9 -99.0 -99.0 -99.0 -99.0 -99.0
20260619 156  1.6  1369  16  4.7 1921  14 10.0 1916  25.0  28.7 1249  21.8 2001  21.7  28.6  20.4  82.9  69.0 1251  25.9   2.3   1.6 -9.00  998.2 1006.1 1009.4   36 1002.2 2400  9.8  0.0 14.5 -9.0  8.00  0.97  900   14.1   -9.0  9.42    7.0 1929    2.0 1945   -9.0   -9   -9.0   -9   -9.0   -9 -99.0 -99.0 -99.0 -99.0 -99.0
20260619 159  1.8  1559  29  3.2  114  14  6.6 1107  23.7  26.6  852  22.6 2328  21.8  26.1  19.8  89.5  74.0  842  26.2   1.4   1.0  2.68  999.8 1007.8 1009.1  800 1005.5 2357  9.8  0.0 14.5 -9.0  5.80  1.22  800   18.0   54.3  9.53    9.0 2222    2.9 2312   -9.0   -9   -9.0   -9   -9.0   -9  24.7  21.8  20.5  16.6  17.0
20260619 162  1.0   889  20  2.9 1250  18  4.1 1249  23.0  26.0 1241  21.5  436  21.6  25.2  20.4  92.1  79.0 1256  25.8   1.7   1.2 -9.00 1003.6 1007.2 1009.0   36 1004.5 2400  9.9  0.0 14.5 -9.0  6.26  1.03 1200   12.5   -9.0 -9.00    6.7 2203    4.7 2247   -9.0   -9   -9.0   -9   -9.0   -9 -99.0 -99.0 -99.0 -99.0 -99.0
20260619 165  2.7  2327  14  6.4 1714  14  9.9 2309  23.6  26.4 1233  21.5  428  22.1  25.3  20.3  91.9  78.0 1306  26.6   2.2   1.6 -9.00 1001.1 1006.2 1009.9    2 1001.6 2359  9.8  0.0 14.5 -9.0  8.14  1.22 1200   21.3   32.8  6.82    7.7 1821    2.8 1853   -9.0   -9   -9.0   -9   -9.0   -9  24.5  21.2  20.1  17.1  15.4
20260619 168  2.5  2173  11  5.1 2000  11  7.5 1958  22.9  24.5 1044  22.1 2058  21.8  25.0  22.6  93.6  87.0 1049  26.0   1.8   1.3 -9.00 1000.0 1007.6 1009.8    1 1004.7 2357 10.0  0.0 14.5 -9.0  7.36  1.08 1500    8.3   44.1 10.83    3.0 2241    1.7 2329   -9.0   -9   -9.0   -9   -9.0   -9  25.6  22.2  20.0  17.1  16.6
20260619 169  4.8  4143  14 12.7 2154  16 17.6 2135  20.6  22.5 1157  19.0 1914  19.8  22.6  20.1  95.5  86.0 1117  23.1   1.8   1.2 10.02  996.9 1005.6 1009.1  223  999.6 2352  9.9  0.0 14.5 -9.0  7.56  1.40 1100   25.7   -9.0 10.27    6.9 2201    2.2 1928   -9.0   -9   -9.0   -9   -9.0   -9 -99.0 -99.0 -99.0 -99.0 -99.0
20260619 170  2.9  2469  14  5.8 1817  14  8.5 1813  23.1  25.7 1228  21.6  138  21.7  24.2  22.4  92.1  83.0 1132  25.9   2.0   1.4 -9.00 1002.7 1006.8 1009.7    1 1002.7 2400 10.0  0.0 14.5 -9.0  4.98  0.85 1100   14.6   -9.0 -9.00    3.1 1657    1.3 1722   -9.0   -9   -9.0   -9   -9.0   -9 -99.0 -99.0 -99.0 -99.0 -99.0
20260619 172  1.9  1635  11  6.4 2312  14  9.5 2304  24.3  27.5 1117  21.1  249  21.3  24.7  18.1  84.5  70.0  944  25.3   2.4   1.7 -9.00  999.8 1005.7 1009.2   56 1001.1 2354  9.6  0.0 14.5 -9.0  8.40  1.23 1100   11.3   -9.0 -9.00    4.7 2256    1.6 2321   -9.0   -9   -9.0   -9   -9.0   -9 -99.0 -99.0 -99.0 -99.0 -99.0
20260619 174  1.4  1209  14  4.2 1402  14  7.3 1936  22.7  26.3 1226  20.1 2256  20.2  25.9  20.3  86.8  72.0 1227  23.7  -9.0  -9.0 -9.00  986.9 1005.7 1008.3    1 1002.6 2350 10.0  0.0 14.5 -9.0 -9.00 -9.00   -9   13.6   -9.0 -9.00    3.6 2039    1.9 2053   -9.0   -9   -9.0   -9   -9.0   -9 -99.0 -99.0 -99.0 -99.0 -99.0
20260619 177  1.4  1205  20  4.3 1536  18  7.2 1527  25.6  32.0 1314  20.6  521  20.6  29.8  18.4  76.3  53.0 1315  24.4   4.5   3.1 -9.00 1001.8 1005.0 1008.3    1 1000.7 2357  8.6  3.9 14.7 -9.0 16.76  2.69 1100   18.0   65.0  9.08   10.5 2249    3.0 2339   -9.0   -9   -9.0   -9   -9.0   -9 -99.0 -99.0 -99.0 -99.0 -99.0
20260619 181  1.7  1481  11  5.1 2046  11  7.6 2042  25.7  31.2 1306  20.3  510  20.3  30.6  17.5  73.8  54.0 1344  23.9   4.6   3.2 -9.00 1002.9 1006.7 1009.5    1 1003.1 2359  7.8  4.1 14.7 -9.0 16.77  2.86 1000    8.7   -9.0 -9.00    6.7 2244    2.3 2324   -9.0   -9   -9.0   -9   -9.0   -9 -99.0 -99.0 -99.0 -99.0 -99.0
20260619 184  1.9  1668  23  5.8 2332  20 10.8 2235  24.5  27.2 1339  22.1  313  21.1  26.3  21.4  81.8  63.0 1512  25.0   3.4   2.4 -9.00 1003.4 1005.8 1009.1    1 1002.2 2358  9.9  0.2 14.4 -9.0  8.96  1.28 1000    1.5   12.7  4.45    1.3 1450    0.7 1529   -9.0   -9   -9.0   -9   -9.0   -9  24.9  23.2  22.2  19.8  16.9
20260619 185  4.7  4034  16 10.4 2359  16 15.4 2128  22.9  25.6 1212  20.9  235  21.7  25.2  21.3  93.6  76.0 1218  26.0   2.5   1.7 -9.00  998.0 1006.2 1009.5    1 1003.4 2351  9.8  0.0 14.4 -9.0  9.72  1.54 1100    1.7   -9.0 -9.00    1.1 2236    0.4 2316   -9.0   -9   -9.0   -9   -9.0   -9 -99.0 -99.0 -99.0 -99.0 -99.0
20260619 188  1.9  1625  20  5.4 2400  23  9.2 2354  23.0  24.7 1213  21.6  336  21.8  24.1  21.6  93.4  85.0 1155  26.2  -9.0  -9.0 -9.00 1004.8 1007.2 1009.5  112 1004.2 2354 10.0  0.0 14.4 -9.0 -9.00 -9.00   -9    5.4   -9.0 -9.00    2.6 1352    1.2 1420   -9.0   -9   -9.0   -9   -9.0   -9 -99.0 -99.0 -99.0 -99.0 -99.0
20260619 189  1.5  1316  23  4.4 2355  25  9.1 2350  23.6  25.4 1134  22.4  142  21.7  24.4  22.1  89.5  78.0 1138  26.1   1.6   1.1 -9.00 1001.2 1007.2 1009.7    5 1004.6 2356 10.0  0.0 14.4 -9.0  5.84  1.37 1100    8.7   18.2  7.70    4.2 1334    1.5 1400   -9.0   -9   -9.0   -9   -9.0   -9 -99.0 -99.0 -99.0 -99.0 -99.0
20260619 192  0.7   646   9  2.4 1355   7  5.4 1447  23.5  27.9 1237  21.1 2334  21.6  27.3  20.6  89.4  74.0 1239  25.8   2.1   1.5 -9.00 1004.2 1007.6 1009.5    6 1005.0 2357  9.9  0.0 14.5 -9.0  8.36  1.25 1200    8.7   54.2 -9.00    3.2 2255    1.1 2013   -9.0   -9   -9.0   -9   -9.0   -9 -99.0 -99.0 -99.0 -99.0 -99.0
20260619 201  1.4  1227  27  3.4   27   9  8.2 1739  24.5  31.2 1359  19.8  525  20.0  28.2  16.1  78.0  55.0 1400  23.5  -9.0  -9.0 -9.00 1001.9 1007.3 1009.8    1 1004.1 2357  7.4  6.2 14.8 -9.0 -9.00 -9.00   -9    0.3   -9.0 -9.00    0.4 2326    0.1   -9   -9.0   -9   -9.0   -9   -9.0   -9 -99.0 -99.0 -99.0 -99.0 -99.0
20260619 202  1.3  1121  18  3.6 1511  16  6.9 1526  25.4  32.9 1415  20.7  525  19.7  31.0  18.3  73.9  39.0 1413  23.1  -9.0  -9.0 -9.00 1001.6 1007.0 1009.4  719 1004.0 2359  7.0  7.5 14.8 -9.0 -9.00 -9.00   -9    1.5   -9.0 -9.00    0.7 1750    0.6 1835   -9.0   -9   -9.0   -9   -9.0   -9 -99.0 -99.0 -99.0 -99.0 -99.0
20260619 203  0.9   772  16  3.5 1828  16  6.4 1822  25.8  33.5 1257  20.2  456  21.0  30.2  18.5  76.8  48.0 1306  24.9  -9.0  -9.0 -9.00  998.3 1007.3 1009.9  537 1004.4 2351  7.8  4.7 14.7 -9.0 -9.00 -9.00   -9    1.9   -9.0 -9.00    0.9 1307    0.9 1357   -9.0   -9   -9.0   -9   -9.0   -9 -99.0 -99.0 -99.0 -99.0 -99.0
20260619 211  1.5  1301   5  4.2 1708   7  8.4 1725  24.0  31.9 1221  18.0  518  18.4  31.4  15.8  74.4  42.0 1225  21.2  -9.0  -9.0 -9.00  984.7 1007.6 1010.3  518 1005.2 1455  7.0  6.1 14.8 -9.0 -9.00 -9.00   -9    1.8   -9.0 -9.00    1.8 1801    0.9 1835   -9.0   -9   -9.0   -9   -9.0   -9 -99.0 -99.0 -99.0 -99.0 -99.0
20260619 212  1.2  1032  23  3.7 1613  25  8.1 1605  25.1  34.2 1457  19.4  535  18.7  30.1  17.7  72.1  31.0 1458  21.7  -9.0  -9.0 -9.00  991.8 1007.6 1010.2  554 1004.7 1530  7.1  8.2 14.8 -9.0 -9.00 -9.00   -9    1.6   -9.0 -9.00    0.7 2303    0.3 2008   -9.0   -9   -9.0   -9   -9.0   -9 -99.0 -99.0 -99.0 -99.0 -99.0
20260619 216  1.3  1101   7  3.2 1321  23  6.9 1547  22.0  28.0 1515  15.9  433  17.4  26.6  14.5  77.4  46.0 1523  19.9   3.8   2.7 -9.00  929.4 1008.3 1011.4  551 1005.8 1515  7.0  4.0 14.7 -9.0 16.24  1.93 1000    1.2   -9.0 -9.00    1.1 2308    0.3 2332   -9.0   -9   -9.0   -9   -9.0   -9 -99.0 -99.0 -99.0 -99.0 -99.0
20260619 217  1.1   969   5  3.8 1435   5  6.7 1435  23.7  33.2 1142  17.5  559  18.8  30.4  17.5  76.5  42.0 1230  21.8  -9.0  -9.0 -9.00  972.9 1008.0 1011.4  556 1005.3 1409  7.4  5.0 14.8 -9.0 -9.00 -9.00   -9    1.0   -9.0 -9.00    0.6 2312    0.3 1508   -9.0   -9   -9.0   -9   -9.0   -9 -99.0 -99.0 -99.0 -99.0 -99.0
20260619 221  1.3  1126  18  4.7 1513  20  7.5 1513  24.6  32.7 1432  18.7  508  19.4  30.4  16.4  76.1  38.0 1414  22.5  -9.0  -9.0 -9.00  977.4 1007.2 1009.9  550 1004.6 1427  7.6  7.7 14.7 -9.0 -9.00 -9.00   -9    2.1   -9.0 -9.00    1.9 2300    0.7 2349   -9.0   -9   -9.0   -9   -9.0   -9 -99.0 -99.0 -99.0 -99.0 -99.0
20260619 226  1.5  1304  18  4.6 2351  18  8.2 2345  24.3  29.5 1252  19.6  518  20.9  26.4  17.1  83.0  58.0 1313  24.7  -9.0  -9.0 -9.00  987.7 1007.1 1009.7   15 1003.8 2359  8.4  4.5 14.7 -9.0 -9.00 -9.00   -9   10.4   -9.0 -9.00    6.7 2301    1.9 2350   -9.0   -9   -9.0   -9   -9.0   -9 -99.0 -99.0 -99.0 -99.0 -99.0
20260619 232  1.5  1301   9  4.1 2156   7  7.0 2144  25.2  30.6 1354  19.2  524  20.9  28.0  18.5  79.3  54.0 1400  24.7  -9.0  -9.0 -9.00  997.5 1007.1 1010.2    7 1003.5 2358  8.3  4.4 14.7 -9.0 -9.00 -9.00   -9    7.8   -9.0 -9.00    6.2 2301    2.5 2331   -9.0   -9   -9.0   -9   -9.0   -9 -99.0 -99.0 -99.0 -99.0 -99.0
20260619 235  1.3  1118  16  3.4 1219  11  6.4 2359  24.5  31.0 1146  20.4  503  21.0  25.6  18.7  82.1  55.0 1206  24.9   3.8   2.7 -9.00 1004.4 1005.5 1009.1    1 1000.4 2400  8.6  2.7 14.6 -9.0 15.09  3.33 1100   10.9   -9.0 -9.00    7.8 2218    2.4 2231   -9.0   -9   -9.0   -9   -9.0   -9 -99.0 -99.0 -99.0 -99.0 -99.0
20260619 236  0.9   807  20  3.7 1611  18  7.3 1607  24.8  29.2 1434  21.2  331  22.0  26.9  20.2  85.9  64.0 1302  26.5  -9.0  -9.0 -9.00 1005.2 1006.7 1009.8    1 1002.3 2353  7.6  0.9 14.6 -9.0 -9.00 -9.00   -9   16.0   -9.0 -9.00    9.3 2212    3.4 1605   -9.0   -9   -9.0   -9   -9.0   -9 -99.0 -99.0 -99.0 -99.0 -99.0
20260619 238  0.9   794  14  3.5 2257  16  8.0 2255  24.7  30.0 1402  21.1 2359  21.8  25.9  19.7  85.5  59.0 1404  26.1  -9.0  -9.0 -9.00  987.0 1006.2 1009.0    6 1002.9 2356  8.6  0.1 14.6 -9.0 -9.00 -9.00   -9   10.1   -9.0 -9.00    5.8 2216    2.3 2225   -9.0   -9   -9.0   -9   -9.0   -9 -99.0 -99.0 -99.0 -99.0 -99.0
20260619 239  1.4  1203  11  3.7 2111   9  7.4 2050  25.4  31.3 1239  20.5  535  20.9  29.0  19.5  78.4  54.0 1236  24.8   4.1   2.8 -9.00  995.8 1005.9 1009.1   14 1002.2 2359  7.8  4.5 14.7 -9.0 16.83  2.57 1100   10.2   -9.0 -9.00    7.4 2227    2.2 2303   -9.0   -9   -9.0   -9   -9.0   -9 -99.0 -99.0 -99.0 -99.0 -99.0
20260619 243  1.0   846  14  3.5 2124  14  5.7 2119  24.1  28.7 1207  21.2  358  21.5  25.0  18.8  86.1  62.0 1259  25.7  -9.0  -9.0 -9.00 1005.0 1006.4 1010.0    1 1001.9 2355  9.4  0.1 14.6 -9.0 -9.00 -9.00   -9   12.6   -9.0 -9.00    6.9 2057    2.2 2118   -9.0   -9   -9.0   -9   -9.0   -9 -99.0 -99.0 -99.0 -99.0 -99.0
20260619 244  1.3  1097  23  3.2 2311  18  5.6 2051  23.8  27.8 1601  20.5  454  20.6  25.6  17.8  83.0  66.0 1602  24.2  -9.0  -9.0 -9.00  978.4 1006.3 1009.5   36 1002.7 2349  9.6  0.3 14.6 -9.0 -9.00 -9.00   -9    8.0   -9.0 -9.00    4.4 2301    1.3 2320   -9.0   -9   -9.0   -9   -9.0   -9 -99.0 -99.0 -99.0 -99.0 -99.0
20260619 245  1.6  1365  14  4.9 2009  14  8.5 2325  24.6  28.5 1309  21.0  428  21.3  26.3  19.2  82.6  64.0 1106  25.4   2.6   1.8 -9.00  998.4 1006.2 1009.8    9 1001.8 2357  9.8  0.0 14.6 -9.0  9.46  1.49 1000    9.8   -9.0 -9.00    4.9 2025    2.0 2056   -9.0   -9   -9.0   -9   -9.0   -9 -99.0 -99.0 -99.0 -99.0 -99.0
20260619 247  1.0   899   7  2.8 1559  11  4.4 1557  24.8  27.9 1509  21.3 2347  21.4  27.2  21.0  82.6  70.0 1353  25.5  -9.0  -9.0 -9.00  991.2 1006.3 1009.1   15 1003.2 2357  9.8  0.0 14.6 -9.0 -9.00 -9.00   -9   12.8   -9.0 -9.00    5.4 2032    1.4 2107   -9.0   -9   -9.0   -9   -9.0   -9 -99.0 -99.0 -99.0 -99.0 -99.0
20260619 248  1.1   976  23  3.0 1101  16  6.8 1926  22.9  26.9 1136  19.1 2151  19.6  25.0  18.5  83.3  60.0 1136  22.8  -9.0  -9.0 -9.00  961.4 1007.0 1009.8   21 1004.0 2400  9.6  0.0 14.6 -9.0 -9.00 -9.00   -9   10.6   -9.0 -9.00    5.6 2106    1.8 2151   -9.0   -9   -9.0   -9   -9.0   -9 -99.0 -99.0 -99.0 -99.0 -99.0
20260619 251  1.5  1316  14  4.5 1904  11  7.8 2058  24.6  27.7 1449  20.8  348  21.8  24.9  19.4  85.1  71.0 1813  26.2   2.2   1.6 -9.00 1000.3 1005.9 1009.7    1 1001.6 2353  9.8  0.0 14.5 -9.0  8.19  1.19 1000   10.6   -9.0 -9.00    4.2 2251    1.4 2048   -9.0   -9   -9.0   -9   -9.0   -9 -99.0 -99.0 -99.0 -99.0 -99.0
20260619 252  1.5  1294  14  3.6 1919  11  7.0 2031  23.7  27.3 1425  20.2 2105  20.7  24.9  18.7  84.0  72.0 1431  24.4   2.4   1.7 -9.00 1001.7 1005.9 1009.5   36 1001.4 2356  9.8  0.0 14.6 -9.0  8.56  1.09 1100   15.6   -9.0 -9.00    6.2 2248    2.2 2020   -9.0   -9   -9.0   -9   -9.0   -9 -99.0 -99.0 -99.0 -99.0 -99.0
20260619 253  1.3  1162  11  3.6 1306  16  5.8 1200  24.6  27.3 1009  22.4 2218  22.4  27.8  21.2  88.6  75.0  907  27.2   1.9   1.3 -9.00 1002.4 1008.6 1010.2  819 1006.1 2353  9.8  0.1 14.5 -9.0  7.72  1.22  900   10.8   -9.0 -9.00    7.2 2258    3.6 2339   -9.0   -9   -9.0   -9   -9.0   -9 -99.0 -99.0 -99.0 -99.0 -99.0
20260619 254  1.4  1245  14  4.1 2132  11  7.4 2126  24.4  28.5 1527  21.0 2347  20.6  27.6  20.6  80.1  62.0 1527  24.2   2.8   1.9 -9.00  992.1 1006.8 1009.8   27 1003.4 2359  9.9  0.0 14.6 -9.0  9.08  1.17 1100   14.9   -9.0 -9.00    6.8 2259    2.0 2053   -9.0   -9   -9.0   -9   -9.0   -9 -99.0 -99.0 -99.0 -99.0 -99.0
20260619 255  0.8   658   9  2.5 1717   9  4.9 1400  25.4  28.3 1246  22.6 2333  22.4  25.3  20.7  84.4  71.0  935  27.1   1.7   1.2 -9.00 1001.7 1007.5 1009.2   50 1005.1 2357  9.9  0.0 14.5 -9.0  6.67  1.02  900   14.3   -9.0 -9.00    9.4 2250    3.5 2339   -9.0   -9   -9.0   -9   -9.0   -9 -99.0 -99.0 -99.0 -99.0 -99.0
20260619 257  1.5  1254   5  3.3 2240   5  7.5 2232  25.5  29.7 1127  22.9  513  23.0  28.0  20.9  86.9  67.0  924  28.0   1.9   1.3 -9.00 1007.3 1008.0 1009.5  812 1005.7 2342  9.9  0.2 14.5 -9.0  7.65  1.47  900   10.6   -9.0 -9.00    6.0 2057    1.9 2132   -9.0   -9   -9.0   -9   -9.0   -9 -99.0 -99.0 -99.0 -99.0 -99.0
20260619 258  2.5  2121   9  4.8 2351  11  6.9 2137  23.7  26.4 1149  21.5 2035  22.1  24.0  21.2  91.1  81.0 1142  26.6   2.0   1.4 -9.00 1007.2 1007.4 1010.1    1 1003.8 2400 10.0  0.0 14.5 -9.0  6.35  0.98 1100   24.5   -9.0 -9.00    7.5 2239    2.4 2328   -9.0   -9   -9.0   -9   -9.0   -9 -99.0 -99.0 -99.0 -99.0 -99.0
20260619 259  1.8  1551  11  4.2 1536  11  8.2 1546  24.0  26.5 1244  22.1 2044  22.1  25.5  22.1  89.9  79.0 1054  26.7   2.1   1.5 -9.00 1004.5 1006.3 1009.4    1 1002.4 2356 10.0  0.0 14.5 -9.0  6.72  1.25 1000    8.3   -9.0 -9.00    3.7 1759    1.0 1839   -9.0   -9   -9.0   -9   -9.0   -9 -99.0 -99.0 -99.0 -99.0 -99.0
20260619 260  2.1  1784  16  4.2 1632  16  7.8 2226  23.7  26.4 1205  22.0 2105  22.0  25.6  21.3  91.0  82.0 1215  26.5  -9.0  -9.0 -9.00 1001.5 1006.5 1009.5    3 1002.7 2353 10.0  0.0 14.5 -9.0 -9.00 -9.00   -9    8.8   -9.0 -9.00    2.9 1800    0.9 1824   -9.0   -9   -9.0   -9   -9.0   -9 -99.0 -99.0 -99.0 -99.0 -99.0
20260619 261  2.8  2441  11  5.9 2211  11  9.4 1927  23.8  26.2 1129  22.2  115  22.2  25.0  21.6  91.5  83.0 1131  26.8  -9.0  -9.0 -9.00 1004.8 1006.7 1009.8    1 1002.6 2400 10.0  0.0 14.5 -9.0 -9.00 -9.00   -9   15.1   -9.0 -9.00    6.0 1739    2.6 1824   -9.0   -9   -9.0   -9   -9.0   -9 -99.0 -99.0 -99.0 -99.0 -99.0
20260619 262  1.3  1128  14  2.6 1251  27  5.7 1250  23.1  25.3 1008  21.3  255  21.8  24.5  22.4  93.0  84.0 1017  26.2   1.6   1.1 -9.00 1001.0 1006.9 1009.6    1 1003.4 2357 10.0  0.0 14.5 -9.0  5.50  1.01 1000    9.4   -9.0 -9.00    3.9 1753    1.3 1828   -9.0   -9   -9.0   -9   -9.0   -9 -99.0 -99.0 -99.0 -99.0 -99.0
20260619 263  1.2  1027  14  3.9 1420  11  6.5 1412  24.6  28.6 1134  21.7  534  22.4  28.1  19.8  88.4  70.0 1138  27.1   2.4   1.7 -9.00 1006.1 1007.7 1009.4   57 1005.1 2358  9.8  0.0 14.5 -9.0  9.39  1.42 1100    7.7   -9.0 -9.00    3.4 2258    1.8 2349   -9.0   -9   -9.0   -9   -9.0   -9 -99.0 -99.0 -99.0 -99.0 -99.0
20260619 264  1.4  1221  16  3.2 1352  14  7.6 2253  24.2  28.2 1203  21.0  446  21.9  26.8  19.9  87.9  72.0 1142  26.2   2.7   1.9 -9.00  990.1 1007.3 1009.4   29 1005.1 2400  9.8  0.0 14.6 -9.0 10.11  1.49 1100   13.7   -9.0 -9.00    7.2 2104    2.1 2103   -9.0   -9   -9.0   -9   -9.0   -9 -99.0 -99.0 -99.0 -99.0 -99.0
20260619 266  1.7  1487  11  3.7 1232  11  7.9 2245  23.6  26.6 1214  21.4 2358  22.7  26.3  21.1  95.8  81.0 1216  27.7   1.8   1.2 -9.00  997.7 1007.8 1010.1    1 1004.7 2359  9.9  0.0 14.5 -9.0  6.98  1.18 1200   13.5   -9.0 -9.00    5.4 2245    2.6 2331   -9.0   -9   -9.0   -9   -9.0   -9 -99.0 -99.0 -99.0 -99.0 -99.0
20260619 268  1.7  1439  18  5.2 2344  18 10.3 2340  23.1  26.0 1145  21.1   34  21.7  24.8  21.2  92.1  78.0 1103  25.9  -9.0  -9.0 -9.00 1004.0 1005.1 1008.5   12 1000.6 2359 10.0  0.0 14.5 -9.0 -9.00 -9.00   -9   21.0   -9.0 -9.00    5.2 2301    1.7 1803   -9.0   -9   -9.0   -9   -9.0   -9 -99.0 -99.0 -99.0 -99.0 -99.0
20260619 271  1.3  1110  16  4.2 1524  11  6.9 1426  23.6  30.3 1415  17.7  555  18.6  26.7  16.2  76.4  43.0 1512  21.4  -9.0  -9.0 -9.00  971.8 1008.4 1010.9  617 1006.6 1504  6.6  5.6 14.7 -9.0 -9.00 -9.00   -9    1.9   -9.0 -9.00    1.8 2300    0.7 2350   -9.0   -9   -9.0   -9   -9.0   -9 -99.0 -99.0 -99.0 -99.0 -99.0
20260619 272  1.5  1332  14  4.5 1409  14  9.0 1402  24.5  31.9 1255  19.1  512  20.0  30.4  17.1  78.9  44.0 1403  23.3  -9.0  -9.0 -9.00  984.0 1007.9 1009.9  555 1006.2 1255  6.9  7.2 14.7 -9.0 -9.00 -9.00   -9    3.6   -9.0 -9.00    3.2 2250    0.9 2302   -9.0   -9   -9.0   -9   -9.0   -9 -99.0 -99.0 -99.0 -99.0 -99.0
20260619 273  1.4  1184  14  4.7 1644  14  9.4 1639  23.9  30.3 1337  19.5  520  21.3  27.9  17.2  87.5  61.0 1327  25.3  -9.0  -9.0 -9.00  987.5 1007.1 1009.0  521 1005.0 2352  7.0  4.7 14.7 -9.0 -9.00 -9.00   -9   18.3   -9.0 -9.00    9.3 1645    4.4 1725   -9.0   -9   -9.0   -9   -9.0   -9 -99.0 -99.0 -99.0 -99.0 -99.0
20260619 276  2.0  1695  11  5.0 1350  14  8.5 1623  23.9  31.5 1115  18.4  513  20.9  26.9  16.8  85.5  52.0 1258  24.7   4.8   3.4 -9.00  984.2 1007.8 1009.7  529 1006.2 2400  7.9  4.8 14.7 -9.0 18.86  2.74  900    5.7   -9.0 -9.00    3.8 2215    1.3 2244   -9.0   -9   -9.0   -9   -9.0   -9 -99.0 -99.0 -99.0 -99.0 -99.0
20260619 277  1.4  1191   2  3.8 1058  11  6.5 2246  22.5  27.1 1137  18.6  448  20.4  26.7  18.3  88.5  74.0 1143  24.0  -9.0  -9.0 -9.00 1004.4 1009.1 1010.0  709 1007.7 2400  7.5  3.6 14.7 -9.0 -9.00 -9.00   -9    6.4   -9.0 -9.00    4.5 2251    1.4 2303   -9.0   -9   -9.0   -9   -9.0   -9 -99.0 -99.0 -99.0 -99.0 -99.0
20260619 278  0.9   791  14  2.7 1559  16  5.9 1254  25.2  32.1 1248  20.0  457  21.4  28.5  18.3  81.8  44.0 1327  25.5  -9.0  -9.0 -9.00  997.4 1006.7 1008.4  537 1005.0 2356  7.9  3.1 14.7 -9.0 -9.00 -9.00   -9    3.9   -9.0 -9.00    2.8 2240    0.8 2304   -9.0   -9   -9.0   -9   -9.0   -9 -99.0 -99.0 -99.0 -99.0 -99.0
20260619 279  1.2  1049   9  2.9 2308  23  5.9 1531  25.6  31.4 1349  21.9  512  21.4  30.3  20.5  79.1  53.0 1307  25.5   3.7   2.6 -9.00 1001.7 1007.3 1009.0  552 1005.3 2334  7.3  1.9 14.6 -9.0 14.10  2.10 1100    9.4   -9.0 -9.00    3.3 2256    1.7 2329   -9.0   -9   -9.0   -9   -9.0   -9 -99.0 -99.0 -99.0 -99.0 -99.0
20260619 281  1.8  1523  11  3.7 1326  11  6.7 1319  24.5  30.1 1233  20.7  528  21.3  27.7  19.2  84.0  54.0 1237  25.3  -9.0  -9.0 -9.00  997.4 1008.4 1009.8  723 1006.1 2359  9.0  1.8 14.6 -9.0 -9.00 -9.00   -9    6.7   -9.0 -9.00    2.6 2300    0.9 2042   -9.0   -9   -9.0   -9   -9.0   -9 -99.0 -99.0 -99.0 -99.0 -99.0
20260619 283  1.7  1429  14  4.0 1310  16  6.4 1308  25.0  30.0 1200  21.3  507  21.6  28.2  19.0  82.9  59.0 1053  25.8   2.8   2.0 -9.00 1003.9 1008.5 1009.8  720 1006.5 2357  9.1  0.7 14.6 -9.0 12.69  1.76  900    9.5   -9.0 -9.00    3.6 2301    2.6 2021   -9.0   -9   -9.0   -9   -9.0   -9 -99.0 -99.0 -99.0 -99.0 -99.0
20260619 284  1.3  1161  14  3.9 2313  16  5.4 1154  23.6  28.0 1209  20.1  517  21.0  26.4  17.6  85.8  67.0 1212  24.9   2.6   1.8 -9.00  980.6 1006.4 1008.3   49 1004.0 2400  9.8  0.2 14.6 -9.0 10.22  1.47 1100   14.0   -9.0 -9.00    5.2 2204    1.2 2256   -9.0   -9   -9.0   -9   -9.0   -9 -99.0 -99.0 -99.0 -99.0 -99.0
20260619 285  0.6   512  18  1.8 1536  18  3.9 1534  24.6  28.7 1204  21.3  449  22.1  28.2  20.7  87.4  69.0 1207  26.7  -9.0  -9.0 -9.00 1004.6 1007.7 1009.6  732 1005.2 2356  9.8  0.0 14.6 -9.0 -9.00 -9.00   -9    9.0   -9.0 -9.00    5.1 2241    1.3 2304   -9.0   -9   -9.0   -9   -9.0   -9 -99.0 -99.0 -99.0 -99.0 -99.0
20260619 288  1.2  1076  14  3.3 1450  14  6.5 1443  25.5  30.0 1229  22.4  447  22.0  27.9  18.9  81.9  65.0 1215  26.5   3.0   2.1 -9.00 1005.5 1006.4 1008.0  119 1004.1 2358  9.8  0.2 14.6 -9.0 11.34  1.64 1100    4.4   -9.0 -9.00    1.9 2024    0.7 2321   -9.0   -9   -9.0   -9   -9.0   -9 -99.0 -99.0 -99.0 -99.0 -99.0
20260619 289  1.5  1271   5  4.1 2112   2  7.5 2111  23.7  27.0 1123  20.7 2350  21.8  27.1  19.5  90.1  74.0 1126  26.2  -9.0  -9.0 -9.00  992.3 1008.1 1010.1   37 1005.7 2358  9.8  0.0 14.6 -9.0 -9.00 -9.00   -9   10.9   -9.0 -9.00    4.0 2301    2.4 2343   -9.0   -9   -9.0   -9   -9.0   -9 -99.0 -99.0 -99.0 -99.0 -99.0
20260619 294  0.9   772   9  2.5 1622   9  5.1 2238  22.8  25.0  940  21.6  257  21.4  25.1  19.8  92.6  79.0  829  25.6  -9.0  -9.0 -9.00 1003.4 1008.5 1010.1    1 1005.7 2359  9.8  0.0 14.5 -9.0 -9.00 -9.00   -9   14.1   -9.0 -9.00    5.9 2205    2.3 1949   -9.0   -9   -9.0   -9   -9.0   -9 -99.0 -99.0 -99.0 -99.0 -99.0
20260619 295  0.9   818   7  2.8 1445   5  4.3 1440  23.2  24.6 1027  21.8 2400  21.8  25.2  21.1  92.8  85.0 1025  26.2  -9.0  -9.0 -9.00 1002.4 1007.7 1009.7    1 1004.8 2359 10.0  0.0 14.5 -9.0 -9.00 -9.00   -9    9.6   -9.0 -9.00    2.9 2132    1.3 2138   -9.0   -9   -9.0   -9   -9.0   -9 -99.0 -99.0 -99.0 -99.0 -99.0
20260619 296  1.6  1418   7  3.7 1442   7  5.8 1434  25.1  28.6 1145  22.4  422  22.9  27.4  19.7  88.4  75.0 1115  28.0   2.1   1.5 -9.00 1006.9 1007.2 1008.7  801 1004.8 2400  9.9  0.3 14.5 -9.0  8.88  1.34  800    9.5   -9.0  7.57    4.6 2044    1.3 2054   -9.0   -9   -9.0   -9   -9.0   -9 -99.0 -99.0 -99.0 -99.0 -99.0
20260620  90  3.9  3356   9  8.7  958  18 14.0  711  19.7  22.6    1  18.1 2355  18.5  20.6  17.5  93.5  89.0 2238  21.4   1.4   1.0 -9.00 1000.6 1002.6 1007.5    1  998.2 1421 10.0  0.0 14.8 -9.0  2.17  0.30 1300  170.1   -9.0 -9.00   28.0 1143    6.5 1230   -9.0   -9   -9.0   -9   -9.0   -9 -99.0 -99.0 -99.0 -99.0 -99.0
20260620  93  1.2  1061   2  3.4 2342   7  7.3 2334  21.0  23.5  138  19.6 1021  19.0  22.7  19.3  89.1  67.0 2343  22.1   2.0   1.4 -9.00  989.7 1000.7 1005.8    1  997.9 1239 10.0  0.0 14.8 -9.0  5.11  0.71 1200   56.0   17.8 18.83    9.8  242    2.8  250   -9.0   -9   -9.0   -9   -9.0   -9  27.1  23.7  20.1  15.3  13.5
20260620  95  2.6  2211  11  5.0 1553  11 10.4 1705  20.4  21.7    6  19.5 1144  18.3  22.1  17.9  88.8  70.0 2221  21.2   2.2   1.5 -9.00  983.3 1001.1 1006.1 2320  997.7 1045  9.5  0.0 14.8 -9.0  4.73  0.78 1300   45.5    5.1 -9.00   10.5  259    2.2  301   -9.0   -9   -9.0   -9   -9.0   -9 -99.0 -99.0 -99.0 -99.0 -99.0
20260620  98  0.8   711   2  2.6 2239   7  7.8 2235  20.5  21.8 1743  19.5 1056  17.6  23.1  19.2  84.1  64.0 2255  20.2   2.1   1.5 -9.00  986.8 1000.0 1005.4 2353  996.4  721  8.8  0.0 14.8 -9.0  5.78  0.87 1400   45.7   -9.0 -9.00   11.7 1048    5.4 1049   -9.0   -9   -9.0   -9   -9.0   -9 -99.0 -99.0 -99.0 -99.0 -99.0
20260620  99  1.8  1582   9  4.1  925   9  6.9  924  20.8  22.2 1613  19.6 2232  18.9  23.4  20.2  89.8  75.0 2321  21.9   2.0   1.4 -9.00  997.1 1000.6 1006.1 2341  996.9  701  8.8  0.0 14.8 -9.0  6.68  1.00 1300   47.7   -9.0 -9.00   10.1  347    3.6 1013   -9.0   -9   -9.0   -9   -9.0   -9 -99.0 -99.0 -99.0 -99.0 -99.0
20260620 100  3.9  3364   2  9.1 2247   2 19.2 2312  17.5  20.5 1306  14.3 2339  16.3  19.3  13.9  92.9  82.0 1301  18.6   2.0   1.4 -9.00  914.6 1000.2 1006.7    1  995.2 1258  9.9  0.0 14.8 -9.0  6.78  1.37 1100   81.9   -9.0 -9.00   12.1  530    2.9  728   -9.0   -9   -9.0   -9   -9.0   -9 -99.0 -99.0 -99.0 -99.0 -99.0
20260620 101  1.9  1642  34  3.7  637  34  6.4  628  20.7  22.3  212  19.4  838  18.6  22.8  19.0  88.0  75.0 2351  21.4   1.9   1.3 -9.00  991.1  999.8 1004.8    1  997.2 1115 10.0  0.0 14.8 -9.0  5.06  0.80 1300   57.4   13.9 -9.00   10.9  245    2.6  250   -9.0   -9   -9.0   -9   -9.0   -9  25.4  20.9  18.6  15.6  14.9
20260620 102  4.0  3422  36  7.4  457  36 12.0  645  18.4  21.2  918  16.9 1103  16.6  20.1  17.3  90.0  82.0  923  18.9   2.9   2.0 -9.00  996.2 1000.4 1005.7 2358  996.7  650  9.8  0.7 14.8 -9.0 12.47  1.65 1100   25.3   -9.0 16.58    8.1   -9    3.7   -9   -9.0   -9   -9.0   -9   -9.0   -9 -99.0 -99.0 -99.0 -99.0 -99.0
20260620 104  4.7  4103  29  8.4 1815  29 16.9 1155  19.9  22.1    4  17.7 2306  19.1  21.4  17.0  95.6  84.0 1703  22.1   1.7   1.2 -9.00  991.1  999.7 1006.3    1  994.1 1251  9.4  0.1 14.8 -9.0  5.19  1.03 1400  172.4   72.1 22.75   34.3  909    7.4  959   -9.0   -9   -9.0   -9   -9.0   -9  25.2  21.4  18.7  14.7  13.6
20260620 105  4.7  4037  32  8.9 2048  32 17.1 2046  20.3  23.1    1  17.9 2247  18.4  21.6  18.1  89.0  73.0 1728  21.2   2.3   1.6 -9.00  997.4 1000.5 1007.1    1  995.0 1248  9.5  0.0 14.8 -9.0  5.37  0.91 1400  121.4   -9.0 -9.00   30.6  919    6.3 1000   -9.0   -9   -9.0   -9   -9.0   -9  24.9  22.3  20.0  16.1  14.9
20260620 106  4.3  3751  32  8.9 2230  34 18.8 2016  22.0  28.3 1338  18.7 2351  19.1  23.4  17.4  84.9  59.0 1341  22.2   4.4   3.1 -9.00  995.1  999.8 1007.7    1  994.8 1335  9.5  1.5 14.8 -9.0 13.45  2.92 1300  102.3   -9.0 -9.00   20.5  745    4.5  239   -9.0   -9   -9.0   -9   -9.0   -9 -99.0 -99.0 -99.0 -99.0 -99.0
20260620 108  2.9  2545   7  5.5  738   5 10.8  731  21.3  23.0    1  20.5 1020  19.5  21.9  19.2  90.5  77.0 2203  22.8   1.9   1.3 -9.00  989.8  999.7 1005.2 2311  996.2  741  9.5  0.0 14.8 -9.0  5.81  0.75 1300   71.7    8.4 20.33   16.3  443    3.9  514   -9.0   -9   -9.0   -9   -9.0   -9  24.5  21.5  20.1  15.9  13.9
20260620 112  3.1  2691   7  5.1 1144   9  9.0 1047  21.5  24.2    1  20.4 1944  20.6  23.0  18.8  95.5  84.0 2358  24.4   1.8   1.3 -9.00  991.3  999.2 1005.1 2253  995.3  633  9.5  0.0 14.8 -9.0  5.18  0.68 1400   50.4    4.6 20.50   12.0  254    2.8  157   -9.0   -9   -9.0   -9   -9.0   -9  23.8  21.5  15.1  18.4  13.7
20260620 114  1.6  1422   2  3.3  855   2  5.2  851  20.8  23.2    2  19.3 2309  19.9  23.1  18.6  94.9  91.0  619  23.2   1.6   1.1 -9.00  982.4  999.5 1004.7 2344  996.4 1156 10.0  0.0 14.7 -9.0  4.46  0.88 1400   60.6   -9.0 -9.00   11.2  658    3.4  659   -9.0   -9   -9.0   -9   -9.0   -9 -99.0 -99.0 -99.0 -99.0 -99.0
20260620 115  6.2  5335  25 16.2 2027  25 26.2 2039  21.7  23.8 1656  19.6 2218  20.5  21.2  18.8  92.9  83.0 1935  24.1   2.0   1.4 12.42  973.7  998.7 1009.3    1  994.1 2324  7.8  0.6 14.8 -9.0  2.64  1.15 1600   68.0   23.1 12.67   23.3  754    5.6  830   -9.0   -9   -9.0   -9   -9.0   -9  21.8  18.2  16.8  13.0  13.2
20260620 119  2.2  1862   9  5.2  326   9  8.9  407  21.2  23.4    1  20.0 2349  18.6  22.8  19.7  85.5  79.0 1815  21.5   1.6   1.1 -9.00  994.7  999.2 1005.0 2319  995.5  938  9.3  0.0 14.7 -9.0  3.34  0.45 1000   62.1   15.4 19.67   11.2  507    3.6  516   -9.0   -9   -9.0   -9   -9.0   -9  24.5  21.3  18.7  14.4  13.1
20260620 121  1.0   905   9  3.4  144   9  6.0  148  20.5  21.8    3  19.0 2155  20.0  22.7  19.1  96.9  94.0    1  23.3   1.6   1.1 -9.00  972.7 1000.0 1006.1    1  996.8 1248 10.0  0.0 14.7 -9.0  4.31  0.83 1300   60.2   -9.0 -9.00   11.1  728    3.4  740   -9.0   -9   -9.0   -9   -9.0   -9 -99.0 -99.0 -99.0 -99.0 -99.0
20260620 127  1.9  1643   7  5.1  137   7  9.7  125  21.4  23.7 1350  19.7 2041  19.9  23.0  20.0  91.4  85.0  127  23.3   1.4   1.0 -9.00  985.5  998.6 1004.0 2357  995.2  950 10.0  0.0 14.7 -9.0  2.71  0.45 1300   62.4   -9.0 -9.00    9.7  211    3.0  448   -9.0   -9   -9.0   -9   -9.0   -9 -99.0 -99.0 -99.0 -99.0 -99.0
20260620 129  2.6  2272  18  5.9 1100  18  8.9  757  21.4  23.1 1506  19.9 2130  20.9  24.7  19.7  97.5  89.0 1512  24.8   2.1   1.4 -9.00  996.5  999.4 1005.6 2348  995.1  716  7.9  0.0 14.7 -9.0  7.32  1.35 1200   64.4    1.3 -9.00   20.0  229    6.8  304   -9.0   -9   -9.0   -9   -9.0   -9  24.2  22.0  21.2  15.1  15.0
20260620 130  2.1  1845  11  8.2  419  32 10.8 2328  22.2  25.6 1257  20.2 2300  21.1  24.1  18.6  94.0  84.0 2349  25.1  -9.0  -9.0 -9.00  993.7  999.3 1008.1    1  994.7 1310  9.6  0.3 14.7 -9.0 -9.00 -9.00   -9  111.3   -9.0 -9.00   34.8  618    7.4  706   -9.0   -9   -9.0   -9   -9.0   -9 -99.0 -99.0 -99.0 -99.0 -99.0
20260620 131  1.9  1639  27  4.6 1245  27  9.2 1857  22.8  24.7 1057  20.0 2157  19.9  24.1  21.0  84.1  76.0 1747  23.3   2.3   1.6 -9.00  992.4  999.1 1004.7 2353  995.4  928  9.9  0.0 14.7 -9.0  4.09  0.69 1200   38.4    6.1 15.33    8.5  519    2.8  519   -9.0   -9   -9.0   -9   -9.0   -9 -99.0 -99.0 -99.0 -99.0 -99.0
20260620 133  2.5  2156  14  5.7  212  23 10.7 1311  22.1  24.7  952  19.9 2358  20.7  23.7  20.0  92.4  83.0 1853  24.6   2.2   1.5 -9.00  992.0  999.8 1005.3 2348  995.9  913  9.4  0.0 14.6 -9.0  6.25  0.95  900   61.2    1.2 19.42   13.5  256    4.1  556   -9.0   -9   -9.0   -9   -9.0   -9  25.8  24.1  21.0  17.1  15.9
20260620 135  3.3  2886  27  9.7 1444  27 16.9 1424  21.7  25.6 1434  19.3 2353  19.5  23.8  20.1  88.4  72.0 1438  22.8   3.4   2.4 -9.00  971.6  999.2 1004.5    1  995.8 1218  9.5  0.8 14.6 -9.0  9.27  2.54 1400   32.6   -9.0 -9.00    9.2  324    2.7  344   -9.0   -9   -9.0   -9   -9.0   -9 -99.0 -99.0 -99.0 -99.0 -99.0
20260620 136  2.6  2272  29  5.8 1522  27 12.0 1812  22.8  25.8 1419  21.1 2358  20.7  23.9  20.1  88.6  76.0 1852  24.5   2.7   1.9 -9.00  983.9  999.9 1007.0    1  996.5 1339  9.5  0.0 14.7 -9.0  7.19  0.98 1400   28.3    2.2 11.33    6.5  422    1.9  554   -9.0   -9   -9.0   -9   -9.0   -9 -99.0 -99.0 -99.0 -99.0 -99.0
20260620 137  1.4  1237  25  5.2 1657  27 10.6 1550  22.6  26.2 1505  20.4  226  21.0  24.8  19.7  91.6  75.0 1542  24.9   2.7   1.9 -9.00  987.6  998.6 1004.7    1  995.2 1235  9.5  0.3 14.7 -9.0  7.59  1.51 1400   46.1   -9.0 -9.00   13.7  400    3.6  406   -9.0   -9   -9.0   -9   -9.0   -9 -99.0 -99.0 -99.0 -99.0 -99.0
20260620 138  3.1  2710  23  6.3 1238  23 10.8 1250  26.7  31.5 1601  22.2  215  20.6  26.3  21.7  72.1  50.0 1730  24.5   6.6   4.7 -9.00  997.9  998.3 1006.4    1  994.2 1345  6.1  4.2 14.6 -9.0 17.56  2.41 1100   44.1    0.0  9.42   10.8  543    3.5  138   -9.0   -9   -9.0   -9   -9.0   -9  23.6  20.0  18.5  16.2  15.7
20260620 140  4.1  3508  29  7.4 1823  29 12.5 1715  22.1  23.8  646  20.6 2340  20.7  23.0  19.5  92.0  89.0 1206  24.4  -9.0  -9.0 -9.00  997.9 1001.1 1006.3 2238  996.9  624  8.1  0.0 14.6 -9.0 -9.00 -9.00   -9   41.4   -9.0 -9.00   15.7  155    5.5  420   -9.0   -9   -9.0   -9   -9.0   -9 -99.0 -99.0 -99.0 -99.0 -99.0
20260620 143  3.0  2575  27  6.8 1441  23 10.8 1720  25.9  31.3 1623  22.2  512  20.3  26.8  21.8  73.0  50.0 1624  23.9   6.3   4.4 -9.00  992.4  998.5 1004.8    1  995.4 1340  7.8  3.8 14.6 -9.0 14.71  2.71 1500   17.0   -9.0  8.25    4.8  457    2.1  512   -9.0   -9   -9.0   -9   -9.0   -9 -99.0 -99.0 -99.0 -99.0 -99.0
20260620 146  3.7  3223  25  8.6 1635  25 12.6 1633  22.1  24.6  831  21.0 2302  20.7  22.7  17.9  92.5  86.0 1259  24.5   1.9   1.3 -9.00  993.7 1000.7 1005.8 2232  996.5  729  9.6  0.0 14.6 -9.0  4.51  1.08 1200   39.3    2.9 20.17   12.7  223    4.1  401   -9.0   -9   -9.0   -9   -9.0   -9 -99.0 -99.0 -99.0 -99.0 -99.0
20260620 152  3.4  2948  23  8.4 1622  23 12.4 1441  25.1  28.7 1252  22.0  203  20.8  25.9  20.8  78.8  61.0 1254  24.7   5.7   4.0 -9.00  989.7  998.9 1006.0    8  995.4 1417  5.5  4.6 14.6 -9.0 16.45  3.28 1200   35.6   -9.0  8.58   10.9    3    3.8   13   -9.0   -9   -9.0   -9   -9.0   -9 -99.0 -99.0 -99.0 -99.0 -99.0
20260620 155  2.8  2388  18  6.9  430  23 14.3  555  25.0  28.1 1745  22.2    4  21.7  26.4  19.7  82.8  63.0 1747  26.0   4.0   2.8 -9.00  996.4 1000.4 1005.3    1  998.2 1155  6.3  3.1 14.5 -9.0 12.83  2.68 1100   58.4   -9.0  9.93   19.6  407    4.9  424   -9.0   -9   -9.0   -9   -9.0   -9 -99.0 -99.0 -99.0 -99.0 -99.0
20260620 156  3.7  3217  18  7.0  611  18 13.0  632  23.0  24.2  611  22.0 2343  21.2  23.7  21.3  89.6  83.0 1529  25.2   1.7   1.2 -9.00  993.6 1001.6 1006.4 2249  997.5  535  9.5  0.0 14.5 -9.0  3.54  0.53 1200   20.9   -9.0  9.75    8.4  114    2.6  149   -9.0   -9   -9.0   -9   -9.0   -9 -99.0 -99.0 -99.0 -99.0 -99.0
20260620 159  7.6  6591  27 12.5  747  23 20.4  604  23.6  26.2 1651  22.6    1  20.7  23.9  19.7  84.6  69.0 1747  24.5   4.9   3.4  1.08  992.5 1000.4 1005.5    1  998.1 1312  6.0  3.6 14.5 -9.0 11.80  2.13 1300   36.3    0.0  9.87    8.4  443    3.1  321   -9.0   -9   -9.0   -9   -9.0   -9  24.2  22.0  20.7  16.7  17.0
20260620 162  6.7  5798  23 13.0 1206  23 20.8 1210  23.5  24.8 1624  22.0 2321  20.9  24.3  20.4  85.9  75.0 2135  24.8   4.7   3.3 -9.00  997.2 1000.7 1004.5    1  998.9 1158  7.4  4.3 14.5 -9.0 15.37  3.46 1200   42.2   -9.0 -9.00   17.2  403    5.9  441   -9.0   -9   -9.0   -9   -9.0   -9 -99.0 -99.0 -99.0 -99.0 -99.0
20260620 165  5.5  4735  23 10.1  254  23 16.2  647  22.6  24.7  432  20.9 2203  21.5  23.5  19.5  93.6  83.0 1759  25.6   2.2   1.6 -9.00  997.2 1002.3 1007.2 2311  997.7  540  9.0  0.1 14.5 -9.0  8.50  1.42 1100   11.5    0.0  7.32    6.5  108    2.7  121   -9.0   -9   -9.0   -9   -9.0   -9  24.0  21.5  20.1  17.2  15.4
20260620 168  8.5  7365  25 14.3 1056  20 19.3  323  23.5  25.7 1457  22.4    1  20.7  26.1  21.1  85.3  74.0 1501  24.6   5.7   4.0 -9.00  994.1 1001.6 1005.4 2356  999.3  935  7.0  3.5 14.5 -9.0 17.76  3.27 1100   35.8   -9.0  7.70    9.5  152    2.8  156   -9.0   -9   -9.0   -9   -9.0   -9  25.0  22.4  20.0  17.2  16.6
20260620 169  6.1  5284  18 13.1  435  23 20.5  539  22.3  25.2 1403  18.5  159  20.7  25.0  19.9  91.0  79.0 1404  24.4   4.7   3.3  4.78  993.4 1002.0 1007.3 2226  996.0  433  8.0  5.8 14.5 -9.0 19.65  3.10 1100   25.9   -9.0  3.75   18.2   21    6.7   24   -9.0   -9   -9.0   -9   -9.0   -9 -99.0 -99.0 -99.0 -99.0 -99.0
20260620 170  5.1  4429  20 10.3  422  27 16.9  658  23.4  25.0 1334  21.7 2208  21.1  25.1  21.2  87.3  80.0 1338  25.1   3.0   2.1 -9.00  998.7 1002.8 1007.2 2243  999.0  414  8.8  0.8 14.5 -9.0 10.33  1.72 1300   22.9   -9.0 -9.00    8.6   22    3.6  227   -9.0   -9   -9.0   -9   -9.0   -9 -99.0 -99.0 -99.0 -99.0 -99.0
20260620 172  5.4  4647  20  8.7  815  20 13.4  611  22.5  24.3  455  21.3 2339  21.2  21.4  20.5  93.0  85.0 1511  25.3   1.8   1.2 -9.00  995.2 1001.2 1006.2 2214  996.7  521  9.3  0.0 14.6 -9.0  5.04  0.87 1100   26.5   -9.0 -9.00    9.4  239    2.4  328   -9.0   -9   -9.0   -9   -9.0   -9 -99.0 -99.0 -99.0 -99.0 -99.0
20260620 174  2.8  2393  25  6.0  908  25 13.5 1002  22.8  26.0  933  20.1    9  19.4  25.0  20.3  81.9  72.0  924  22.7  -9.0  -9.0 -9.00  981.3  999.9 1004.1 2346  996.8  942  9.8  0.6 14.5 -9.0 -9.00 -9.00   -9   31.0   -9.0 -9.00   10.8  139    3.3  216   -9.0   -9   -9.0   -9   -9.0   -9 -99.0 -99.0 -99.0 -99.0 -99.0
20260620 177  2.8  2426  20  7.4 1707  18 11.5 1519  21.9  24.1 1346  20.2 2233  20.5  24.4  20.0  92.1  85.0 1402  24.2   3.3   2.3 -9.00  995.0  998.2 1004.3 2359  994.0  744  9.3  1.4 14.7 -9.0 12.13  2.43 1300   52.5    2.0 15.25   13.5  346    3.5  432   -9.0   -9   -9.0   -9   -9.0   -9 -99.0 -99.0 -99.0 -99.0 -99.0
20260620 181  2.8  2401  23  8.0 1317  25 11.0 1314  22.0  24.2 1259  19.4 2150  20.2  23.1  19.5  90.0  81.0 1513  23.7   2.3   1.6 -9.00  995.8  999.6 1005.2 2354  996.0  909  9.6  0.0 14.7 -9.0  5.07  0.93 1200   44.6   -9.0 -9.00   11.0  544    2.9  348   -9.0   -9   -9.0   -9   -9.0   -9 -99.0 -99.0 -99.0 -99.0 -99.0
20260620 184  6.4  5497  25 10.8 1000  25 18.3  951  24.9  27.5 1544  22.4 2350  20.8  25.6  20.8  78.6  64.0 1600  24.7   6.2   4.4 -9.00 1001.0 1003.4 1007.8 2243  999.1  458  7.0  5.4 14.4 -9.0 18.70  2.58 1500   11.2   -9.0  5.62    6.2  320    2.2  329   -9.0   -9   -9.0   -9   -9.0   -9  24.9  23.2  22.2  20.7  17.7
20260620 185  9.2  7913  25 14.7  759  25 17.4  740  22.8  25.8 1558  20.9 2314  21.6  26.1  20.2  93.4  81.0 1457  25.8   4.4   3.1 -9.00  996.1 1004.2 1007.9 2208 1000.7  426  5.0  4.4 14.4 -9.0 18.64  3.05 1200   15.3   -9.0 -9.00   12.2  300    4.9  340   -9.0   -9   -9.0   -9   -9.0   -9 -99.0 -99.0 -99.0 -99.0 -99.0
20260620 188  4.2  3629  20  8.0  450  20 14.3  755  24.3  27.9 1338  21.9 2359  21.4  25.5  20.9  84.5  66.0 1816  25.6  -9.0  -9.0 -9.00 1001.7 1004.0 1007.6 2314 1001.3  424  5.4  5.1 14.4 -9.0 -9.00 -9.00   -9   11.2   -9.0 -9.00    5.7  419    3.6  420   -9.0   -9   -9.0   -9   -9.0   -9 -99.0 -99.0 -99.0 -99.0 -99.0
20260620 189  3.7  3216  23  6.1 1655  27 13.2 1652  24.1  27.6 1429  22.2 2346  21.4  26.3  21.4  85.5  68.0 1431  25.5   5.8   4.1 -9.00  998.2 1004.1 1007.7 2325 1001.6  440  5.4  8.2 14.4 -9.0 21.91  3.23 1100    9.6    0.1  7.47    4.8  347    3.3  400   -9.0   -9   -9.0   -9   -9.0   -9 -99.0 -99.0 -99.0 -99.0 -99.0
20260620 192  2.1  1823  25  5.3 2029  20 10.1 1254  24.2  28.6 1512  21.2    1  20.7  25.9  18.7  82.0  62.0 1540  24.6   5.1   3.6 -9.00  997.1 1000.4 1004.9    1  998.1 1011  5.9  5.6 14.5 -9.0 17.20  3.05 1400   45.5   -9.0 -9.00   17.6  359    4.3  423   -9.0   -9   -9.0   -9   -9.0   -9 -99.0 -99.0 -99.0 -99.0 -99.0
20260620 201  2.8  2398   7  5.0  330   5  9.7  326  21.0  22.5 1657  20.2 1209  19.3  21.8  18.8  91.1  70.0 2320  22.5  -9.0  -9.0 -9.00  994.9 1000.4 1006.5 2400  996.4  716  8.5  0.0 14.8 -9.0 -9.00 -9.00   -9   62.2   -9.0 -9.00   14.9  306    3.1  356   -9.0   -9   -9.0   -9   -9.0   -9 -99.0 -99.0 -99.0 -99.0 -99.0
20260620 202  1.3  1132  18  2.6  558   9  5.1  133  21.8  23.6   25  20.7 2236  19.7  23.5  20.3  88.0  77.0 1749  22.9  -9.0  -9.0 -9.00  994.4  999.8 1005.0 2323  996.6 1041 10.0  0.0 14.8 -9.0 -9.00 -9.00   -9   65.0   -9.0 -9.00   11.2  211    3.1  252   -9.0   -9   -9.0   -9   -9.0   -9 -99.0 -99.0 -99.0 -99.0 -99.0
20260620 203  0.9   742   2  1.8  827  36  5.2 1038  21.2  22.8    1  20.3 2356  21.0  23.4  19.5  99.4  94.0 2344  24.9  -9.0  -9.0 -9.00  991.0 1000.1 1005.4 2400  996.8  934  9.9  0.0 14.7 -9.0 -9.00 -9.00   -9   80.9   -9.0 -9.00   13.8  502    3.1  528   -9.0   -9   -9.0   -9   -9.0   -9 -99.0 -99.0 -99.0 -99.0 -99.0
20260620 211  2.6  2227  36  4.4  627  32 10.8  617  19.7  21.2  301  18.3  713  16.9  21.1  17.6  84.5  73.0 2052  19.4  -9.0  -9.0 -9.00  977.9 1000.9 1006.1    1  997.4 1329 10.0  0.0 14.8 -9.0 -9.00 -9.00   -9   52.9   -9.0 -9.00    8.6  641    2.4 1027   -9.0   -9   -9.0   -9   -9.0   -9 -99.0 -99.0 -99.0 -99.0 -99.0
20260620 212  0.9   817  11  2.0   38   7  4.1  425  20.5  22.2    1  19.6  753  19.3  22.1  19.2  92.8  75.0 2337  22.4  -9.0  -9.0 -9.00  984.5 1000.5 1005.6 2348  997.7 1322 10.0  0.0 14.8 -9.0 -9.00 -9.00   -9   70.3   -9.0 -9.00   12.0  512    3.6  518   -9.0   -9   -9.0   -9   -9.0   -9 -99.0 -99.0 -99.0 -99.0 -99.0
20260620 216  1.4  1244  36  4.7 2251   2  9.8 2246  19.8  24.2 1303  16.6 2352  18.1  21.9  17.0  90.4  77.0 1304  20.9   2.5   1.7 -9.00  920.4  999.2 1007.0    1  993.6 1311  9.8  0.2 14.7 -9.0  8.10  1.28 1500   83.0   -9.0 -9.00   19.3  448    4.4  609   -9.0   -9   -9.0   -9   -9.0   -9 -99.0 -99.0 -99.0 -99.0 -99.0
20260620 217  1.1   930   2  3.7  742   5  6.6  514  19.4  21.6 1406  17.1 2328  18.2  23.0  19.5  93.0  75.0 2354  21.0  -9.0  -9.0 -9.00  964.8 1000.2 1006.8    1  996.2 1325 10.0  0.0 14.7 -9.0 -9.00 -9.00   -9   74.7   -9.0 -9.00   12.7  723    4.2  901   -9.0   -9   -9.0   -9   -9.0   -9 -99.0 -99.0 -99.0 -99.0 -99.0
20260620 221  1.9  1652   5  4.5  524   5  8.9  522  20.1  21.7 1609  18.8 2356  19.7  22.0  19.0  97.8  92.0 2315  22.9  -9.0  -9.0 -9.00  969.5  999.5 1005.5    2  996.4 1229  9.9  0.0 14.7 -9.0 -9.00 -9.00   -9   93.1   -9.0 -9.00   17.3  428    6.0  455   -9.0   -9   -9.0   -9   -9.0   -9 -99.0 -99.0 -99.0 -99.0 -99.0
20260620 226  1.8  1525  16  4.5   35  11  9.9   40  21.5  23.4 1043  19.5 2327  20.7  22.5  18.7  95.3  87.0   40  24.4  -9.0  -9.0 -9.00  980.3  999.7 1004.9 2354  996.2  944  9.8  0.0 14.7 -9.0 -9.00 -9.00   -9   49.6   -9.0 -9.00   11.8  320    3.6  322   -9.0   -9   -9.0   -9   -9.0   -9 -99.0 -99.0 -99.0 -99.0 -99.0
20260620 232  2.3  1947  25  5.4 1726  23  9.3 1717  22.0  25.9 1457  19.9 2316  21.2  25.0  20.1  95.5  79.0 1500  25.1  -9.0  -9.0 -9.00  990.2  999.9 1005.6 2348  996.3  951  9.4  0.2 14.7 -9.0 -9.00 -9.00   -9   51.7   -9.0 -9.00   15.2  540    4.8  614   -9.0   -9   -9.0   -9   -9.0   -9 -99.0 -99.0 -99.0 -99.0 -99.0
20260620 235  3.7  3208  20 10.2  633  20 14.6  641  21.4  23.8    5  19.3 2332  20.4  23.2  20.0  94.5  82.0    5  24.0   1.9   1.3 -9.00  998.2  999.3 1005.0 2222  994.8  619  8.4  0.0 14.6 -9.0  5.56  0.84 1500   40.5   -9.0 -9.00   14.7  334    6.0  525   -9.0   -9   -9.0   -9   -9.0   -9 -99.0 -99.0 -99.0 -99.0 -99.0
20260620 236  2.6  2222  20  5.7  912  23 10.6  723  22.1  23.8  723  20.7 2332  20.8  23.4  20.6  92.6  83.0 2018  24.6  -9.0  -9.0 -9.00  998.6 1000.1 1005.5 2233  996.2  658  9.3  0.0 14.6 -9.0 -9.00 -9.00   -9   47.8   -9.0 -9.00   12.4  435    4.1  340   -9.0   -9   -9.0   -9   -9.0   -9 -99.0 -99.0 -99.0 -99.0 -99.0
20260620 238  1.5  1324  23  5.8 1417  20 12.6 1420  21.9  24.6 1033  20.2 2348  21.0  23.7  20.0  95.1  85.0 1303  24.8  -9.0  -9.0 -9.00  980.2  999.5 1004.6 2304  995.6  919  9.6  0.0 14.6 -9.0 -9.00 -9.00   -9   54.0   -9.0 -9.00   14.1  253    4.3  332   -9.0   -9   -9.0   -9   -9.0   -9 -99.0 -99.0 -99.0 -99.0 -99.0
20260620 239  2.1  1806  20  3.8 1529  23  8.8 1146  21.8  23.4  924  19.9 2331  20.8  24.3  20.2  94.4  85.0 1653  24.5   2.0   1.4 -9.00  989.0  999.2 1004.7 2346  995.4  856  9.4  0.0 14.7 -9.0  5.80  0.99 1400   48.3   -9.0 -9.00   13.3  300    3.2  328   -9.0   -9   -9.0   -9   -9.0   -9 -99.0 -99.0 -99.0 -99.0 -99.0
20260620 243  3.5  3033  27  6.1 1529  25 10.9 1421  22.5  24.3  656  20.9 2231  20.9  22.9  19.4  90.9  77.0 1501  24.7  -9.0  -9.0 -9.00  999.5 1000.9 1006.0 2327  996.5  652  9.4  0.2 14.6 -9.0 -9.00 -9.00   -9   30.6   -9.0 -9.00   11.6  143    3.5  233   -9.0   -9   -9.0   -9   -9.0   -9 -99.0 -99.0 -99.0 -99.0 -99.0
20260620 244  2.5  2177  27  5.3  849  23 10.0  752  21.7  24.0  738  20.0 2400  20.2  22.8  19.7  91.6  82.0 1408  23.7  -9.0  -9.0 -9.00  972.7 1000.6 1005.4 2241  996.8  731  9.5  0.0 14.6 -9.0 -9.00 -9.00   -9   26.2   -9.0 -9.00    7.2  226    2.2  230   -9.0   -9   -9.0   -9   -9.0   -9 -99.0 -99.0 -99.0 -99.0 -99.0
20260620 245  3.9  3402  23  8.4 1137  23 12.6 1137  22.5  24.3  456  21.2 2300  21.0  22.9  20.4  91.6  84.0 1518  24.9   1.8   1.3 -9.00  993.1 1000.9 1006.1 2227  996.4  712  9.0  0.0 14.6 -9.0  4.21  0.74 1100   32.1   -9.0 -9.00    9.2  148    2.4  221   -9.0   -9   -9.0   -9   -9.0   -9 -99.0 -99.0 -99.0 -99.0 -99.0
20260620 247  2.7  2373  27  6.6 1534  29 10.8 1319  22.3  25.3  909  20.5 2343  20.9  22.7  20.2  92.4  79.0  926  24.8  -9.0  -9.0 -9.00  985.7 1000.8 1005.4 2236  997.0  741  9.5  0.0 14.6 -9.0 -9.00 -9.00   -9   22.6   -9.0 -9.00    9.4  204    2.3  249   -9.0   -9   -9.0   -9   -9.0   -9 -99.0 -99.0 -99.0 -99.0 -99.0
20260620 248  2.5  2119  27  6.8 1559  27 13.2 1557  21.2  23.7  812  19.2 2344  19.7  21.7  18.8  91.4  83.0 1536  22.9  -9.0  -9.0 -9.00  955.0 1000.6 1005.5 2321  996.8  812  9.8  0.1 14.6 -9.0 -9.00 -9.00   -9   33.4   -9.0 -9.00    8.7  238    2.5  246   -9.0   -9   -9.0   -9   -9.0   -9 -99.0 -99.0 -99.0 -99.0 -99.0
20260620 251  3.5  3040  23  6.8  829  23 12.5  825  22.6  24.9  502  21.3 1709  21.5  22.7  20.3  93.8  88.0 1430  25.7   1.5   1.0 -9.00  995.6 1001.3 1006.4 2210  996.8  529  9.1  0.0 14.6 -9.0  4.05  0.62 1400   24.0   -9.0 -9.00    8.2  133    2.5  132   -9.0   -9   -9.0   -9   -9.0   -9 -99.0 -99.0 -99.0 -99.0 -99.0
20260620 252  3.4  2933  23  6.9  800  18 13.1  441  22.4  24.0 1436  21.0 2328  20.6  22.9  19.8  90.0  82.0 1438  24.3   2.0   1.4 -9.00  997.1 1001.4 1006.4 2234  996.8  521  9.3  0.0 14.6 -9.0  5.92  1.25 1400   36.5   -9.0 -9.00   15.2  156    4.6  225   -9.0   -9   -9.0   -9   -9.0   -9 -99.0 -99.0 -99.0 -99.0 -99.0
20260620 253  3.8  3325  27  6.7 1558  25 13.6 1001  24.3  27.0 1615  22.4 2300  22.3  26.4  20.3  89.3  73.0 1714  27.0   4.0   2.8 -9.00  995.1 1001.3 1006.0    1  999.1 1503  6.9  4.1 14.5 -9.0 12.93  2.68 1500   39.3   -9.0 -9.00   12.4  446    3.6  510   -9.0   -9   -9.0   -9   -9.0   -9 -99.0 -99.0 -99.0 -99.0 -99.0
20260620 254  3.3  2869  29  6.4 1245  32 14.1  915  22.4  25.2  820  20.9   26  19.9  22.1  19.6  86.6  74.0  828  23.3   2.0   1.4 -9.00  986.8 1001.5 1006.2 2309  997.6  824  9.6  0.0 14.5 -9.0  3.62  0.71 1200   31.0   -9.0 -9.00   13.7  144    3.3  214   -9.0   -9   -9.0   -9   -9.0   -9 -99.0 -99.0 -99.0 -99.0 -99.0
20260620 255  1.8  1556  18  4.8  532  20 15.7  552  25.6  28.4 1540  22.7    1  22.2  25.0  19.5  82.4  65.0 1849  26.9   4.3   3.0 -9.00  994.3 1000.0 1005.1    1  998.0 1159  6.6  3.5 14.5 -9.0 12.99  3.01 1400   50.8   -9.0 -9.00   18.5  415    4.8  434   -9.0   -9   -9.0   -9   -9.0   -9 -99.0 -99.0 -99.0 -99.0 -99.0
20260620 257  3.8  3259  23  7.1  449  20 16.1  424  25.3  29.1 1421  23.5    1  23.1  26.2  20.9  88.5  71.0 1424  28.3   4.7   3.3 -9.00  999.7 1000.4 1005.7    1  997.8 1342  7.3  3.3 14.6 -9.0 13.96  3.20 1300   42.9   -9.0 -9.00   14.4  517    6.4  526   -9.0   -9   -9.0   -9   -9.0   -9 -99.0 -99.0 -99.0 -99.0 -99.0
20260620 258  4.1  3556  23  7.3  445  23 12.5  429  24.1  26.1  912  22.3    1  21.1  23.5  20.3  83.9  75.0 1519  25.1   2.6   1.8 -9.00 1002.0 1002.2 1006.4 2347  999.3  657  8.4  0.0 14.5 -9.0  6.10  0.97  900   40.8   -9.0 -9.00   14.8  116    4.0  110   -9.0   -9   -9.0   -9   -9.0   -9 -99.0 -99.0 -99.0 -99.0 -99.0
20260620 259  2.8  2379  23  6.0  842  23 11.4  835  23.4  25.0  838  21.9 2356  21.2  24.3  20.8  88.4  80.0 1902  25.3   1.9   1.4 -9.00 1000.4 1002.2 1006.7 2250  998.7  507  9.3  0.3 14.5 -9.0  5.44  1.15  800   22.9   -9.0 -9.00    8.7  115    2.4  143   -9.0   -9   -9.0   -9   -9.0   -9 -99.0 -99.0 -99.0 -99.0 -99.0
20260620 260  3.3  2843  29  6.0 1258  23 10.9  455  23.8  25.9  843  22.4 2216  21.5  25.6  21.5  87.4  82.0 1911  25.7  -9.0  -9.0 -9.00  997.0 1002.0 1006.5 2251  998.7  514  8.8  0.5 14.5 -9.0 -9.00 -9.00   -9   22.9   -9.0 -9.00    9.6  104    3.9  143   -9.0   -9   -9.0   -9   -9.0   -9 -99.0 -99.0 -99.0 -99.0 -99.0
20260620 261  5.6  4808  23 11.6  535  20 18.3  222  23.0  24.7 1322  21.1 2150  21.5  24.5  20.6  92.1  85.0 1327  25.8  -9.0  -9.0 -9.00 1001.1 1003.0 1007.6 2326  999.1  530  9.3  0.1 14.5 -9.0 -9.00 -9.00   -9   18.9   -9.0 -9.00   13.1   38    5.4   41   -9.0   -9   -9.0   -9   -9.0   -9 -99.0 -99.0 -99.0 -99.0 -99.0
20260620 262  3.2  2773  29  5.9 1014  20 12.6  643  23.7  25.5 1001  22.2 2336  21.3  23.8  22.1  86.9  80.0 1446  25.4   2.8   1.9 -9.00  996.1 1002.1 1006.2 2305  999.3  529  8.8  0.8 14.5 -9.0  7.58  1.73 1100   35.2   -9.0 -9.00   13.2  303    3.2  304   -9.0   -9   -9.0   -9   -9.0   -9 -99.0 -99.0 -99.0 -99.0 -99.0
20260620 263  3.4  2979  23 10.3 1141  23 17.1 1140  25.2  30.1 1543  21.8 2356  21.9  27.7  18.6  82.9  62.0 1617  26.3   6.6   4.6 -9.00  998.4 1000.0 1005.1    1  997.4 1145  6.0  5.1 14.6 -9.0 22.60  3.68 1100   36.8   -9.0 -9.00   14.9  416    3.8  447   -9.0   -9   -9.0   -9   -9.0   -9 -99.0 -99.0 -99.0 -99.0 -99.0
20260620 264  2.4  2106  32  5.5 1416  32 13.0 1413  23.1  27.9 1137  20.6  133  20.9  24.3  20.2  87.8  75.0 1147  24.7   3.1   2.1 -9.00  983.2 1000.4 1005.1    1  996.9  946  9.4  0.6 14.6 -9.0  8.92  1.69 1000   17.6   -9.0 -9.00    5.8  227    1.5  313   -9.0   -9   -9.0   -9   -9.0   -9 -99.0 -99.0 -99.0 -99.0 -99.0
20260620 266  2.7  2308  29  5.4 1426  25 11.3 1433  23.8  27.7 1456  21.4    1  22.0  27.7  20.6  90.3  72.0 1457  26.5   4.3   3.0 -9.00  991.6 1001.6 1005.2 2353  999.2  848  8.6  2.5 14.5 -9.0 14.82  3.47 1400   45.3   -9.0 -9.00   15.0  335    4.1  408   -9.0   -9   -9.0   -9   -9.0   -9 -99.0 -99.0 -99.0 -99.0 -99.0
20260620 268  3.9  3372  23  7.4  706  20 14.2  311  22.4  24.4  525  20.1 2044  21.1  23.3  21.1  92.9  84.0 1309  25.1  -9.0  -9.0 -9.00 1000.6 1001.7 1006.4 2234  997.3  537  9.3  0.1 14.5 -9.0 -9.00 -9.00   -9   15.3   -9.0 -9.00   11.5    1    4.8   41   -9.0   -9   -9.0   -9   -9.0   -9 -99.0 -99.0 -99.0 -99.0 -99.0
20260620 271  1.2  1010  20  3.2 1534  18  7.9 1533  21.4  23.9 1223  19.4 2323  20.3  22.0  18.8  93.4  86.0  706  23.8  -9.0  -9.0 -9.00  962.9  999.4 1007.3    1  995.6 1219 10.0  0.0 14.7 -9.0 -9.00 -9.00   -9   49.3   -9.0 -9.00    9.5  432    2.1  432   -9.0   -9   -9.0   -9   -9.0   -9 -99.0 -99.0 -99.0 -99.0 -99.0
20260620 272  1.3  1151  29  3.7 2040  27  7.7 1827  22.0  24.8 1433  20.1  428  20.8  24.1  19.7  93.6  75.0 1752  24.7  -9.0  -9.0 -9.00  975.3  999.2 1006.7    1  995.6 1247  9.4  0.2 14.7 -9.0 -9.00 -9.00   -9  121.7   -9.0 -9.00   26.5  458    5.6  542   -9.0   -9   -9.0   -9   -9.0   -9 -99.0 -99.0 -99.0 -99.0 -99.0
20260620 273  1.5  1254  11  4.3   59  29  8.7 1420  21.9  25.2 1350  20.4 2400  20.7  23.5  18.7  93.9  80.0 1545  24.5  -9.0  -9.0 -9.00  979.2  998.8 1005.1    2  995.5 1215  9.5  0.0 14.7 -9.0 -9.00 -9.00   -9  102.1   -9.0 -9.00   21.2  355    5.4  535   -9.0   -9   -9.0   -9   -9.0   -9 -99.0 -99.0 -99.0 -99.0 -99.0
20260620 276  2.7  2369  29  6.5 1552  27 12.7 1628  23.9  29.4 1335  20.8  107  21.9  25.6  19.8  90.0  71.0 1337  26.5   4.6   3.2 -9.00  975.1  998.5 1006.2    1  994.2 1223  9.4  2.1 14.7 -9.0 14.41  2.42 1200   35.2   -9.0 -9.00    9.0  304    2.1  356   -9.0   -9   -9.0   -9   -9.0   -9 -99.0 -99.0 -99.0 -99.0 -99.0
20260620 277  2.8  2376  27  6.3 1608  29 13.4 1551  24.3  30.3 1351  21.0   17  21.0  25.2  21.0  83.3  60.0 1552  25.0  -9.0  -9.0 -9.00  994.2  998.8 1007.8    6  994.2 1240  8.5  1.2 14.7 -9.0 -9.00 -9.00   -9   77.7   -9.0 -9.00   23.1  418    5.0  343   -9.0   -9   -9.0   -9   -9.0   -9 -99.0 -99.0 -99.0 -99.0 -99.0
20260620 278  1.8  1571  29  6.2 1539  25 11.8 1605  24.2  29.7 1431  21.2  154  21.4  25.8  20.9  85.9  62.0 1539  25.7  -9.0  -9.0 -9.00  988.9  998.1 1004.9    1  994.7 1320  8.6  1.0 14.6 -9.0 -9.00 -9.00   -9   21.2   -9.0 -9.00    4.9  135    2.1  146   -9.0   -9   -9.0   -9   -9.0   -9 -99.0 -99.0 -99.0 -99.0 -99.0
20260620 279  1.5  1272  27  4.6 1446  27 11.5 1420  25.1  31.2 1419  21.2  158  20.5  26.2  21.0  77.3  54.0 1432  24.2   4.4   3.1 -9.00  993.4  998.9 1005.4    4  995.7  955  7.6  2.4 14.6 -9.0 12.41  2.43 1400   29.6   -9.0 -9.00    9.7  107    3.0  110   -9.0   -9   -9.0   -9   -9.0   -9 -99.0 -99.0 -99.0 -99.0 -99.0
20260620 281  2.8  2403  27  6.1 1232  27 12.2 1223  25.1  30.9 1625  21.7  410  20.8  25.8  20.5  79.0  54.0 1626  24.6  -9.0  -9.0 -9.00  988.6  999.4 1006.2    1  996.0 1335  7.3  3.5 14.6 -9.0 -9.00 -9.00   -9   22.4   -9.0 -9.00    6.9   41    2.4  104   -9.0   -9   -9.0   -9   -9.0   -9 -99.0 -99.0 -99.0 -99.0 -99.0
20260620 283  3.5  3018  23  7.0 1424  23 11.0 1607  26.3  31.9 1604  22.0  451  21.0  25.5  22.2  74.9  52.0 1814  25.0   6.0   4.2 -9.00  994.8  999.3 1006.5    5  995.8 1420  7.5  3.2 14.6 -9.0 14.03  2.25 1100   44.8   -9.0 -9.00   12.7  519    3.6  542   -9.0   -9   -9.0   -9   -9.0   -9 -99.0 -99.0 -99.0 -99.0 -99.0
20260620 284  2.2  1866  23  6.3 1203  23 11.0 1205  23.0  28.2 1341  20.7  144  20.4  24.6  19.9  86.0  70.0 1420  24.0   3.9   2.8 -9.00  973.1  998.8 1004.0    1  995.6 1209  9.1  1.8 14.6 -9.0 12.39  2.90 1300   23.1   -9.0 -9.00    7.2    3    3.0    9   -9.0   -9   -9.0   -9   -9.0   -9 -99.0 -99.0 -99.0 -99.0 -99.0
20260620 285  2.0  1727  27  4.8 1502  27 12.3 1625  24.9  31.0 1414  21.2  403  21.1  27.3  21.1  80.9  57.0 1418  25.1  -9.0  -9.0 -9.00  996.8  999.8 1005.1    1  996.6  958  6.3  5.5 14.6 -9.0 -9.00 -9.00   -9   25.3   -9.0 -9.00    7.9  334    2.9  424   -9.0   -9   -9.0   -9   -9.0   -9 -99.0 -99.0 -99.0 -99.0 -99.0
20260620 288  2.7  2342  18  5.4  850  16 10.1 1056  25.8  30.4 1508  21.9 2400  21.6  29.1  19.8  79.3  56.0 1849  26.0   4.9   3.5 -9.00  997.6  998.5 1004.1    1  995.9 1313  7.0  2.4 14.6 -9.0 13.56  2.57 1100   62.0   -9.0 -9.00   25.1  451    5.2  451   -9.0   -9   -9.0   -9   -9.0   -9 -99.0 -99.0 -99.0 -99.0 -99.0
20260620 289  2.2  1939  27  6.3 1856  34 12.3 1511  24.7  29.9 1432  20.4   26  20.7  27.9  20.5  80.0  59.0 1500  24.5  -9.0  -9.0 -9.00  984.9 1000.5 1005.7    1  997.0  958  6.4  3.5 14.6 -9.0 -9.00 -9.00   -9   25.8   -9.0 -9.00    9.9  230    3.2  313   -9.0   -9   -9.0   -9   -9.0   -9 -99.0 -99.0 -99.0 -99.0 -99.0
20260620 294  2.7  2361   9  5.6  206  27 14.3 1219  23.5  25.6 1629  22.2 2247  20.9  24.9  20.9  85.8  74.0 2212  24.8  -9.0  -9.0 -9.00  996.3 1001.4 1005.7    1  999.2 1300 -9.0  2.8 14.5 -9.0 -9.00 -9.00   -9   66.2   -9.0 -9.00   18.4  422    5.0  446   -9.0   -9   -9.0   -9   -9.0   -9 -99.0 -99.0 -99.0 -99.0 -99.0
20260620 295  2.8  2447  23  5.6 1028  23 10.3 1012  24.7  27.2 1152  21.8    1  20.8  26.7  20.7  79.6  68.0 1519  24.7  -9.0  -9.0 -9.00  996.1 1001.3 1004.8    1  998.9 1259  8.5  5.6 14.5 -9.0 -9.00 -9.00   -9   73.5   -9.0 -9.00   20.8  336    4.9  359   -9.0   -9   -9.0   -9   -9.0   -9 -99.0 -99.0 -99.0 -99.0 -99.0
20260620 296  4.4  3804  18 10.0  353  18 18.0  342  25.2  28.6 1717  23.1 2244  23.0  26.2  19.5  88.5  72.0 1719  28.1   4.9   3.5 -9.00  999.5  999.8 1004.8    1  997.6 1235  7.0  4.9 14.5 -9.0 16.23  3.30 1300   35.6   -9.0 11.83   10.9  459    2.9  519   -9.0   -9   -9.0   -9   -9.0   -9 -99.0 -99.0 -99.0 -99.0 -99.0
20260621  90  2.2  1874  36  6.4 1314   2  9.6   29  19.3  22.1  908  17.5 2309  15.9  22.3  17.1  81.4  66.0  938  18.1   3.4   2.4 -9.00 1008.6 1010.7 1012.2 2340 1006.3   14  8.8  1.4 14.8 -9.0 15.89  2.39 1200    0.1   -9.0 -9.00    0.1   -9    0.1   -9   -9.0   -9   -9.0   -9   -9.0   -9 -99.0 -99.0 -99.0 -99.0 -99.0
20260621  93  1.0   866   5  2.9    4  34  7.0  112  22.4  26.8 1548  18.7  541  16.7  24.0  18.7  72.1  54.0 1207  19.1   4.3   3.0 -9.00  998.3 1009.3 1010.7 2247 1005.1    1  9.1  5.4 14.8 -9.0 17.09  2.44 1200   -9.0   -9.0 -9.00   -9.0   -9   -9.0   -9   -9.0   -9   -9.0   -9   -9.0   -9  25.1  24.2  20.5  15.6  13.6
20260621  95  1.5  1332  14  3.8   35  11  7.0   50  22.2  26.9 1404  18.1  230  16.8  24.6  17.0  72.9  53.0 1409  19.2   5.1   3.6 -9.00  991.6 1009.4 1010.7  806 1006.0    1  8.9  6.1 14.8 -9.0 20.88  3.05 1100   -9.0   -9.0 -9.00   -9.0   -9   -9.0   -9   -9.0   -9   -9.0   -9   -9.0   -9 -99.0 -99.0 -99.0 -99.0 -99.0
20260621  98  0.7   611   2  2.2  105  34  6.7  101  22.8  27.9 1255  19.0  353  16.0  25.4  16.8  66.6  47.0 1248  18.3   4.5   3.2 -9.00  995.6 1008.9 1010.2  811 1005.2   10  8.4  3.9 14.8 -9.0 17.76  3.03 1000   -9.0   -9.0 -9.00   -9.0   -9   -9.0   -9   -9.0   -9   -9.0   -9   -9.0   -9 -99.0 -99.0 -99.0 -99.0 -99.0
20260621  99  1.1   988   7  2.4  511   9  4.8   46  23.0  28.3 1603  18.6  303  17.2  26.7  18.2  71.6  47.0 1456  19.7   6.4   4.5 -9.00 1006.0 1009.5 1010.8  759 1006.0    1  7.6  7.5 14.8 -9.0 25.10  3.57 1300   -9.0   -9.0 -9.00   -9.0   -9   -9.0   -9   -9.0   -9   -9.0   -9   -9.0   -9 -99.0 -99.0 -99.0 -99.0 -99.0
20260621 100  2.8  2435   2  7.8   34  36 16.2  218  15.0  19.0 1541  12.6 2349  13.4  19.0  12.6  90.9  75.0 1309  15.4   2.6   1.8 -9.00  922.8 1010.1 1012.5 2349 1005.0    2  9.0  2.0 14.8 -9.0 11.89  1.69 1200    4.4   -9.0 -9.00    1.4  323    0.3  323   -9.0   -9   -9.0   -9   -9.0   -9 -99.0 -99.0 -99.0 -99.0 -99.0
20260621 101  1.1   937   5  3.0 1219   2  5.2 1213  22.5  27.1 1552  18.7  536  16.1  24.3  17.9  68.5  48.0 1556  18.3   5.0   3.5 -9.00  999.6 1008.3 1009.8 2239 1004.2    1  9.0  3.4 14.8 -9.0 19.14  2.85 1200   -9.0   -9.0 -9.00   -9.0   -9   -9.0   -9   -9.0   -9   -9.0   -9   -9.0   -9  24.5  21.3  18.7  15.6  15.0
20260621 102  2.0  1741  29  4.1 1635  29  5.8 1631  21.0  25.1 1504  17.8  313  16.7  24.5  17.3  77.1  60.0 1512  19.0   4.9   3.4 -9.00 1004.6 1008.8 1010.0  932 1005.6    1  8.5  4.7 14.8 -9.0 20.51  2.53 1400   -9.0   -9.0 -9.00   -9.0   -9   -9.0   -9   -9.0   -9   -9.0   -9   -9.0   -9 -99.0 -99.0 -99.0 -99.0 -99.0
20260621 104  2.8  2459  32  7.0   29  32 13.3   17  18.9  22.1 1258  17.0  429  16.7  21.5  16.3  87.3  76.0 1259  18.9   2.8   2.0 -9.00 1000.7 1009.5 1011.2 2148 1004.4    5  9.1  1.0 14.8 -9.0 12.79  1.97 1300    0.7   -9.0  5.50    0.6  349    0.2  411   -9.0   -9   -9.0   -9   -9.0   -9  22.7  21.8  19.2  15.0  13.5
20260621 105  2.8  2437  32  5.7   42  34 10.6    2  19.2  22.3 1311  17.3  433  15.3  21.2  17.7  78.4  67.0 1249  17.4   3.2   2.2 -9.00 1007.4 1010.6 1012.2 2144 1005.5    1  9.3  1.1 14.8 -9.0 12.18  1.98 1300    0.6   -9.0 -9.00    0.5  401    0.2  419   -9.0   -9   -9.0   -9   -9.0   -9  23.2  22.7  20.3  16.3  14.9
20260621 106  3.8  3282  32  6.9   55  34 14.2  133  19.5  23.1 1237  17.2 2308  15.8  21.3  15.4  80.3  65.0 1239  18.0   3.5   2.5 -9.00 1005.3 1010.0 1012.1 2220 1004.1    1  9.1  2.8 14.8 -9.0 14.29  1.86 1600    0.6   -9.0 -9.00    0.3  151    0.1   22   -9.0   -9   -9.0   -9   -9.0   -9 -99.0 -99.0 -99.0 -99.0 -99.0
20260621 108  1.7  1469  29  3.6 2201  11  5.4 1001  23.7  28.1 1406  19.7  516  16.6  23.9  18.1  65.4  49.0 1412  18.9   5.5   3.8 -9.00  999.2 1009.0 1010.2  927 1005.0    1  9.0  3.9 14.8 -9.0 18.42  3.33 1100   -9.0   -9.0 -9.00   -9.0   -9   -9.0   -9   -9.0   -9   -9.0   -9   -9.0   -9  23.8  21.8  20.3  16.0  13.9
20260621 112  2.1  1800  25  3.8 1336   2  7.5  335  23.4  27.7 1625  20.1  608  17.6  24.6  17.8  71.0  54.0 1531  20.2   6.5   4.5 -9.00 1001.0 1008.9 1010.1 2154 1005.1   33  8.8  7.3 14.8 -9.0 24.17  3.51 1300   -9.0   -9.0 -9.00   -9.0   -9   -9.0   -9   -9.0   -9   -9.0   -9   -9.0   -9  23.2  21.7  15.2  18.6  13.8
20260621 114  1.2  1010  36  2.9 1212  32  5.4 1134  22.1  25.9 1713  18.3  500  16.9  24.2  18.3  73.9  51.0 1538  19.2   4.2   2.9 -9.00  991.6 1008.8 1010.3 2140 1004.6    3  9.1  1.9 14.7 -9.0 16.57  2.75 1100   -9.0   -9.0 -9.00   -9.0   -9   -9.0   -9   -9.0   -9   -9.0   -9   -9.0   -9 -99.0 -99.0 -99.0 -99.0 -99.0
20260621 115  7.8  6766   2 18.4  456   2 33.1  519  18.6  20.7  124  17.2 2250  17.0  22.1  15.7  90.6  86.0 1327  19.3   3.5   2.4 -9.00  979.9 1005.3 1010.4 2305  994.0   13  9.1  2.6 14.8 -9.0 18.49  2.75 1300    1.6    0.0 17.62    0.9  115    0.4  126   -9.0   -9   -9.0   -9   -9.0   -9  21.7  18.5  17.2  13.1  13.2
20260621 119  1.5  1286  25  3.5 1739  16  8.2 1426  22.9  27.8 1427  19.2  220  15.1  26.2  17.3  64.1  41.0 1510  17.3   5.4   3.8 -9.00 1004.1 1008.7 1010.1 2142 1004.9   10  8.8  4.6 14.7 -9.0 19.57  3.20 1100   -9.0   -9.0 -9.00   -9.0   -9   -9.0   -9   -9.0   -9   -9.0   -9   -9.0   -9  23.5  21.4  18.9  14.5  13.2
20260621 121  1.0   878   9  3.0 1233   9  6.2 1228  20.9  25.7 1517  17.7  334  17.1  23.5  17.3  80.8  52.0 1520  19.5   3.3   2.3 -9.00  981.8 1009.3 1011.4 2152 1004.7    1  9.1  1.2 14.7 -9.0 14.04  1.86 1500   -9.0   -9.0 -9.00   -9.0   -9   -9.0   -9   -9.0   -9   -9.0   -9   -9.0   -9 -99.0 -99.0 -99.0 -99.0 -99.0
20260621 127  0.7   639  11  2.5 1313   9  4.1 1306  21.9  26.3 1355  18.7  501  17.6  24.9  19.2  77.6  57.0 1356  20.1   3.8   2.6 -9.00  994.8 1007.9 1009.6 2148 1004.0    1  9.1  1.5 14.7 -9.0 16.22  2.69 1300   -9.0   -9.0 -9.00   -9.0   -9   -9.0   -9   -9.0   -9   -9.0   -9   -9.0   -9 -99.0 -99.0 -99.0 -99.0 -99.0
20260621 129  1.5  1277  32  4.0 1703  34  6.5 1636  22.8  28.6 1426  19.3  530  17.3  27.3  18.4  73.5  45.0 1501  19.7   5.8   4.1 -9.00 1006.2 1009.1 1010.7 2127 1005.4   18  8.3  6.0 14.7 -9.0 22.88  3.41 1100   -9.0   -9.0 -9.00   -9.0   -9   -9.0   -9   -9.0   -9   -9.0   -9   -9.0   -9  23.6  21.7  21.3  15.2  15.1
20260621 130  2.9  2474  23  6.1  223   9 12.4  341  20.1  24.6 1304  17.1 2356  16.6  23.1  16.4  81.3  66.0 1308  18.9  -9.0  -9.0 -9.00 1003.4 1009.1 1011.8 2126 1002.8    1  8.1  5.0 14.7 -9.0 -9.00 -9.00   -9   -9.0   -9.0 -9.00   -9.0   -9   -9.0   -9   -9.0   -9   -9.0   -9   -9.0   -9 -99.0 -99.0 -99.0 -99.0 -99.0
20260621 131  1.9  1649   7  3.8 1827   5  6.0  802  24.2  28.2 1508  20.3  325  16.3  26.2  20.5  63.0  45.0 1347  18.6   6.0   4.2 -9.00 1001.5 1008.2 1009.8 2216 1004.6    6  8.4  5.1 14.7 -9.0 21.97  3.24 1300   -9.0   -9.0 -9.00   -9.0   -9   -9.0   -9   -9.0   -9   -9.0   -9   -9.0   -9 -99.0 -99.0 -99.0 -99.0 -99.0
20260621 133  1.2  1027  32  2.8 1231   5  5.2  917  23.1  27.5 1513  18.8  537  18.2  25.7  18.1  75.8  49.0 1514  20.9   5.3   3.7 -9.00 1001.0 1008.8 1010.3 2131 1005.1   14  8.3  5.3 14.7 -9.0 22.16  3.29 1300    0.7   -9.0  0.50    0.7    1    0.7    3   -9.0   -9   -9.0   -9   -9.0   -9  24.8  23.8  21.4  17.4  16.1
20260621 135  1.6  1346  27  4.7   38  27  8.3   33  22.1  25.7 1348  18.7  432  17.5  26.3  19.1  76.8  58.0 1354  20.0   3.8   2.7 -9.00  980.1 1008.0 1010.2 2217 1004.1    1  8.9  4.5 14.6 -9.0 17.26  2.25 1000    0.9   -9.0 -9.00    0.9    1    0.4    3   -9.0   -9   -9.0   -9   -9.0   -9 -99.0 -99.0 -99.0 -99.0 -99.0
20260621 136  0.9   763  29  2.7    4  32  5.1 1313  22.4  25.9 1446  19.1  413  16.8  24.2  18.6  72.1  55.0 1213  19.1   3.9   2.7 -9.00  992.8 1009.0 1011.2 2139 1004.2    3  8.4  1.8 14.7 -9.0 16.72  2.42 1000    0.1   -9.0  0.50    0.1   -9    0.1   -9   -9.0   -9   -9.0   -9   -9.0   -9 -99.0 -99.0 -99.0 -99.0 -99.0
20260621 137  0.8   679  27  2.1    1  25  5.0    4  23.2  28.2 1454  20.1  226  18.3  26.8  18.4  75.5  52.0 1456  21.1   4.4   3.1 -9.00  996.4 1007.4 1009.5 2155 1003.0    1  8.0  4.8 14.7 -9.0 19.48  3.08 1000   -9.0   -9.0 -9.00   -9.0   -9   -9.0   -9   -9.0   -9   -9.0   -9   -9.0   -9 -99.0 -99.0 -99.0 -99.0 -99.0
20260621 138  2.2  1926   5  4.4 1056  25  6.8    8  22.1  25.1    1  19.2 2140  17.2  26.2  18.4  74.6  59.0 1050  19.7   5.3   3.7 -9.00 1007.7 1008.2 1011.3 2222 1001.6    1  7.5  7.4 14.6 -9.0 23.39  3.27 1300   -9.0   -9.0 -9.00   -9.0   -9   -9.0   -9   -9.0   -9   -9.0   -9   -9.0   -9  23.2  20.1  18.5  16.2  15.8
20260621 140  2.0  1691  29  4.3 1558  29  5.4 1549  22.7  26.7 1312  19.4  556  19.2  25.8  17.2  81.4  61.0 1254  22.2  -9.0  -9.0 -9.00 1006.3 1009.5 1011.0 2138 1006.1   13  8.3  6.0 14.6 -9.0 -9.00 -9.00   -9   -9.0   -9.0 -9.00   -9.0   -9   -9.0   -9   -9.0   -9   -9.0   -9   -9.0   -9 -99.0 -99.0 -99.0 -99.0 -99.0
20260621 143  2.3  2020  29  4.7  316  29  8.5  313  24.5  29.1 1421  20.7 2400  16.7  27.0  20.6  62.8  45.0 1413  19.0   5.0   3.5 -9.00 1001.1 1007.3 1010.3 2209 1002.6    1  9.4  4.8 14.6 -9.0 18.11  3.07 1100   -9.0   -9.0 -9.00   -9.0   -9   -9.0   -9   -9.0   -9   -9.0   -9   -9.0   -9 -99.0 -99.0 -99.0 -99.0 -99.0
20260621 146  2.1  1853  27  3.8   58  34  6.4 1613  23.5  28.3 1443  19.7  528  19.0  27.7  17.5  77.3  54.0 1357  21.9   5.6   3.9 -9.00 1001.7 1008.6 1010.5 2149 1005.5   22  8.6  5.0 14.6 -9.0 21.56  3.30 1300    2.0    0.0  5.83    1.0  456    0.5  524   -9.0   -9   -9.0   -9   -9.0   -9 -99.0 -99.0 -99.0 -99.0 -99.0
20260621 152  1.4  1228   9  4.0 1443   9  6.7 1536  22.2  25.6 1341  19.8 2358  17.6  26.9  18.9  76.3  57.0 1344  20.2   3.9   2.7 -9.00  998.3 1007.6 1010.8 2110 1001.9    9  8.3  3.9 14.6 -9.0 15.94  3.32 1300    0.0   -9.0  0.05    0.0   -9    0.0   -9   -9.0   -9   -9.0   -9   -9.0   -9 -99.0 -99.0 -99.0 -99.0 -99.0
20260621 155  2.1  1841  16  5.6 1213  16  8.7 1206  22.6  26.6  944  20.5  506  18.4  26.7  18.6  77.9  62.0  940  21.2   4.9   3.4 -9.00 1004.5 1008.5 1011.3 2221 1003.5    1  8.3  5.2 14.5 -9.0 21.38  3.18 1300   -9.0   -9.0 -9.00   -9.0   -9   -9.0   -9   -9.0   -9   -9.0   -9   -9.0   -9 -99.0 -99.0 -99.0 -99.0 -99.0
20260621 156  1.6  1385  23  3.0   18  23  5.9   17  24.3  29.6 1535  20.2  552  19.5  27.4  19.8  76.0  55.0 1547  22.6   5.1   3.5 -9.00 1000.4 1008.4 1010.2 2209 1006.0    1  8.8  4.7 14.5 -9.0 20.09  2.77 1300    0.3   -9.0  0.83    0.3  532    0.2  622   -9.0   -9   -9.0   -9   -9.0   -9 -99.0 -99.0 -99.0 -99.0 -99.0
20260621 159  2.8  2393  27  7.1    8  27 10.8  136  21.9  25.0 1427  20.1 2249  17.5  26.9  17.0  76.9  62.0 1415  20.1   4.2   2.9 -9.00 1000.2 1008.2 1010.8 2106 1002.8    3  7.5  4.4 14.5 -9.0 18.22  3.13 1400   -9.0    0.1 -9.00   -9.0   -9   -9.0   -9   -9.0   -9   -9.0   -9   -9.0   -9  23.8  22.1  20.8  16.7  17.0
20260621 162  2.1  1812  18  5.0 1436  25  7.5    1  23.1  27.3 1122  20.6  332  18.3  26.5  18.3  75.3  56.0 1126  21.1   5.6   3.9 -9.00 1004.2 1007.8 1010.4 2228 1003.5    1  8.8  8.2 14.5 -9.0 24.54  3.42 1100    0.0   -9.0 -9.00    0.0   -9    0.0   -9   -9.0   -9   -9.0   -9   -9.0   -9 -99.0 -99.0 -99.0 -99.0 -99.0
20260621 165  3.4  2959  34  5.9 1037  32  8.1  958  22.7  26.3 1502  20.4  659  19.6  26.7  19.2  83.8  66.0 1750  22.8   4.8   3.4 -9.00 1003.9 1009.1 1010.9 2155 1007.1    1  8.1  4.2 14.5 -9.0 20.30  3.32 1200    0.0    0.1  0.33    0.0   -9    0.0   -9   -9.0   -9   -9.0   -9   -9.0   -9  23.6  21.3  20.2  17.3  15.5
20260621 168  3.5  3013  25  7.3  105  25 11.1  102  23.4  28.2 1429  21.3 2334  19.1  28.2  20.8  77.6  60.0 1431  22.1   5.2   3.6 -9.00 1001.2 1008.7 1011.3 2242 1005.2   32  8.6  6.8 14.5 -9.0 22.68  3.55 1300   -9.0    2.1 -9.00   -9.0   -9   -9.0   -9   -9.0   -9   -9.0   -9   -9.0   -9  24.8  22.5  20.2  17.2  16.6
20260621 169  3.7  3200  32  5.5  551  34  8.9  402  22.0  25.6 1146  19.6 2228  19.9  27.1  20.8  88.8  74.0 1135  23.3   4.7   3.3 -9.00 1000.8 1009.4 1010.8 2239 1007.2    1  9.0  6.4 14.5 -9.0 21.91  3.11 1100   -9.0   -9.0 -9.00   -9.0   -9   -9.0   -9   -9.0   -9   -9.0   -9   -9.0   -9 -99.0 -99.0 -99.0 -99.0 -99.0
20260621 170  2.3  2029  29  4.8  327  32  8.2  404  23.7  28.1 1558  20.6 2358  19.8  26.0  20.5  79.9  60.0 1353  23.1   4.1   2.9 -9.00 1005.0 1009.0 1011.1 2215 1006.9   15  8.5  2.7 14.5 -9.0 17.39  2.86 1200    0.0   -9.0 -9.00    0.0   -9    0.0   -9   -9.0   -9   -9.0   -9   -9.0   -9 -99.0 -99.0 -99.0 -99.0 -99.0
20260621 172  2.5  2135  29  5.4 1627  29  7.2 1621  23.1  28.2 1531  19.9  514  18.4  23.8  20.1  76.6  52.0 1443  21.1   6.0   4.2 -9.00 1002.6 1008.6 1010.2 2117 1006.0    5  8.0  6.4 14.6 -9.0 23.19  3.40 1300    1.0   -9.0 -9.00    0.8  356    0.4  423   -9.0   -9   -9.0   -9   -9.0   -9 -99.0 -99.0 -99.0 -99.0 -99.0
20260621 174  2.2  1925  27  4.1 1114  27  7.3 1246  22.5  28.8 1427  20.0  256  17.8  26.2  19.0  75.5  55.0 1428  20.4  -9.0  -9.0 -9.00  988.2 1007.0 1009.5 2223 1003.9    1  9.3  3.1 14.5 -9.0 -9.00 -9.00   -9    0.0   -9.0 -9.00    0.0   -9    0.0   -9   -9.0   -9   -9.0   -9   -9.0   -9 -99.0 -99.0 -99.0 -99.0 -99.0
20260621 177  1.7  1505   7  4.0  931   2  6.3  856  23.5  28.3 1447  19.9  500  18.5  26.7  19.2  75.4  53.0 1312  21.4   5.9   4.1 -9.00 1004.5 1007.7 1009.4 2133 1004.2   28  8.4  6.8 14.7 -9.0 23.44  3.53 1200    0.0   -9.0  0.42    0.0   -9    0.0   -9   -9.0   -9   -9.0   -9   -9.0   -9 -99.0 -99.0 -99.0 -99.0 -99.0
20260621 181  1.6  1387   2  4.0 1624  34  6.2 1333  22.7  27.7 1509  19.0  342  17.5  26.5  16.9  74.8  50.0 1424  20.1   5.4   3.8 -9.00 1005.0 1008.9 1010.4 2156 1005.1    4  7.3  5.2 14.7 -9.0 21.30  3.57 1300   -9.0   -9.0 -9.00   -9.0   -9   -9.0   -9   -9.0   -9   -9.0   -9   -9.0   -9 -99.0 -99.0 -99.0 -99.0 -99.0
20260621 184  2.9  2490  32  5.1 1451  34  7.4 1451  24.1  28.0 1359  21.9  426  18.9  30.2  20.1  74.0  55.0 1450  21.9   5.9   4.2 -9.00 1006.6 1009.0 1010.3 2223 1007.2   12  8.1  7.9 14.4 -9.0 23.81  3.63 1300    0.0    1.1  0.12    0.0   -9    0.0   -9   -9.0   -9   -9.0   -9   -9.0   -9  25.0  23.3  22.5  20.6  17.4
20260621 185  4.6  4015  32  8.3 1442  32  9.1 1439  21.5  24.4 1349  20.1  505  19.9  26.1  19.5  91.3  78.0 1355  23.3   4.1   2.9 -9.00 1001.0 1009.3 1010.8 2227 1007.6    1  8.3  3.8 14.4 -9.0 20.16  3.37 1300    0.0   -9.0 -9.00    0.0   -9    0.0   -9   -9.0   -9   -9.0   -9   -9.0   -9 -99.0 -99.0 -99.0 -99.0 -99.0
20260621 188  1.9  1641  29  5.2 1041  29  9.2 1034  22.8  27.4 1100  19.6  413  19.8  26.0  19.2  83.8  64.0 1101  23.2  -9.0  -9.0 -9.00 1007.1 1009.4 1010.8 2239 1007.3    1  8.3  5.7 14.4 -9.0 -9.00 -9.00   -9    0.0   -9.0 -9.00    0.0   -9    0.0   -9   -9.0   -9   -9.0   -9   -9.0   -9 -99.0 -99.0 -99.0 -99.0 -99.0
20260621 189  1.2  1075  18  2.2 1420  20  4.9 1840  24.0  28.0 1406  21.1  349  19.5  27.4  20.4  76.8  59.0 1413  22.6   5.3   3.7 -9.00 1003.3 1009.2 1010.7 2225 1007.4    1  8.0  7.8 14.4 -9.0 23.63  3.27 1100   -9.0    0.0 -9.00   -9.0   -9   -9.0   -9   -9.0   -9   -9.0   -9   -9.0   -9 -99.0 -99.0 -99.0 -99.0 -99.0
20260621 192  0.8   681  18  2.5 1546  16  6.9 1552  22.4  29.5 1419  18.2  509  18.8  25.3  17.2  81.5  56.0 1422  21.8   4.3   3.0 -9.00 1004.9 1008.3 1011.2 2200 1003.8    2  8.6  3.9 14.5 -9.0 19.20  3.28 1300    0.5    0.7 -9.00    0.5   -9    0.5 2313   -9.0   -9   -9.0   -9   -9.0   -9 -99.0 -99.0 -99.0 -99.0 -99.0
20260621 201  1.9  1658  29  4.1 1803  32  6.7 1758  22.9  26.7 1448  20.0  127  17.0  24.7  17.8  70.8  56.0 1257  19.5  -9.0  -9.0 -9.00 1004.2 1009.7 1010.9  909 1006.1   29  8.3  5.5 14.8 -9.0 -9.00 -9.00   -9   -9.0   -9.0 -9.00   -9.0   -9   -9.0   -9   -9.0   -9   -9.0   -9   -9.0   -9 -99.0 -99.0 -99.0 -99.0 -99.0
20260621 202  1.1   923  20  2.3 1225  34  4.9  941  22.7  27.2 1405  19.6  433  16.9  25.5  19.0  71.3  49.0 1407  19.3  -9.0  -9.0 -9.00 1003.7 1009.2 1010.5 2230 1005.1    1  9.0  2.7 14.8 -9.0 -9.00 -9.00   -9   -9.0   -9.0 -9.00   -9.0   -9   -9.0   -9   -9.0   -9   -9.0   -9   -9.0   -9 -99.0 -99.0 -99.0 -99.0 -99.0
20260621 203  0.8   648   2  2.4 1100   2  5.7 1052  22.9  27.5 1352  19.1  521  18.2  26.0  18.1  76.4  52.0 1407  20.9  -9.0  -9.0 -9.00 1000.3 1009.5 1010.7 2207 1005.4    1  9.3  4.5 14.7 -9.0 -9.00 -9.00   -9   -9.0   -9.0 -9.00   -9.0   -9   -9.0   -9   -9.0   -9   -9.0   -9   -9.0   -9 -99.0 -99.0 -99.0 -99.0 -99.0
20260621 211  2.1  1779   2  4.1 1034   2  7.6 1022  20.4  25.7 1610  17.3 2346  14.6  23.2  15.9  70.6  50.0 1557  16.6  -9.0  -9.0 -9.00  986.0 1009.3 1011.2 2256 1005.4    1  9.0  3.4 14.8 -9.0 -9.00 -9.00   -9   -9.0   -9.0 -9.00   -9.0   -9   -9.0   -9   -9.0   -9   -9.0   -9   -9.0   -9 -99.0 -99.0 -99.0 -99.0 -99.0
20260621 212  1.0   862   5  3.1  213   5  5.9  211  22.1  26.7 1241  18.1  454  15.3  22.8  17.7  67.4  47.0 1242  17.4  -9.0  -9.0 -9.00  993.3 1009.4 1011.1 2254 1005.5    1  9.3  2.7 14.8 -9.0 -9.00 -9.00   -9   -9.0   -9.0 -9.00   -9.0   -9   -9.0   -9   -9.0   -9   -9.0   -9   -9.0   -9 -99.0 -99.0 -99.0 -99.0 -99.0
20260621 216  2.1  1841  34  4.2  245  36  9.2  313  16.9  20.6 1721  14.5 2353  13.6  19.3  15.4  81.4  63.0 1722  15.6   2.4   1.7 -9.00  929.0 1009.4 1012.2 2217 1004.1    1  9.3  0.6 14.7 -9.0 10.04  1.35 1000   -9.0   -9.0 -9.00   -9.0   -9   -9.0   -9   -9.0   -9   -9.0   -9   -9.0   -9 -99.0 -99.0 -99.0 -99.0 -99.0
20260621 217  1.5  1279  18  3.9 1052  23  6.1  834  19.1  23.3 1717  15.7 2354  14.0  21.5  17.6  73.4  59.0 1239  16.0  -9.0  -9.0 -9.00  974.1 1009.9 1012.2 2211 1004.8    1  9.3  1.8 14.7 -9.0 -9.00 -9.00   -9   -9.0   -9.0 -9.00   -9.0   -9   -9.0   -9   -9.0   -9   -9.0   -9   -9.0   -9 -99.0 -99.0 -99.0 -99.0 -99.0
20260621 221  0.8   715   5  3.5 1208   5  5.9 1201  20.7  24.0 1218  17.4  537  16.2  23.4  18.2  77.3  55.0 1239  18.4  -9.0  -9.0 -9.00  978.5 1008.7 1010.8 2147 1004.3    1  9.1  2.7 14.7 -9.0 -9.00 -9.00   -9   -9.0   -9.0 -9.00   -9.0   -9   -9.0   -9   -9.0   -9   -9.0   -9   -9.0   -9 -99.0 -99.0 -99.0 -99.0 -99.0
20260621 226  1.0   868  36  2.4 1226  36  5.0 1117  21.8  27.3 1455  18.5  217  18.2  25.7  16.4  82.1  57.0 1444  21.0  -9.0  -9.0 -9.00  989.1 1008.7 1010.6 2150 1004.9   16  8.3  4.2 14.7 -9.0 -9.00 -9.00   -9   -9.0   -9.0 -9.00   -9.0   -9   -9.0   -9   -9.0   -9   -9.0   -9   -9.0   -9 -99.0 -99.0 -99.0 -99.0 -99.0
20260621 232  1.0   843   9  3.3 1101   9  5.0 1054  22.5  27.2 1439  19.0  427  18.1  26.4  18.3  78.6  51.0 1357  20.8  -9.0  -9.0 -9.00  999.6 1009.3 1011.0 2203 1005.5    5  8.3  4.3 14.7 -9.0 -9.00 -9.00   -9   -9.0   -9.0 -9.00   -9.0   -9   -9.0   -9   -9.0   -9   -9.0   -9   -9.0   -9 -99.0 -99.0 -99.0 -99.0 -99.0
20260621 235  1.1   909  36  3.1 1203   7  5.0 1005  23.1  28.7 1400  19.1   37  19.1  26.6  18.5  79.5  55.0 1310  22.1   5.7   4.0 -9.00 1007.2 1008.3 1009.9 2129 1004.9   40  8.9  6.9 14.7 -9.0 23.58  3.55 1200    0.2   -9.0 -9.00    0.1   -9    0.1   -9   -9.0   -9   -9.0   -9   -9.0   -9 -99.0 -99.0 -99.0 -99.0 -99.0
20260621 236  0.9   756   7  2.9  931   9  5.6  922  23.3  28.2 1420  18.8  426  18.9  26.7  17.5  77.9  53.0 1420  21.8  -9.0  -9.0 -9.00 1007.4 1009.0 1010.6 2135 1005.5    1  8.6  5.4 14.6 -9.0 -9.00 -9.00   -9    0.1   -9.0 -9.00    0.1   -9    0.1   -9   -9.0   -9   -9.0   -9   -9.0   -9 -99.0 -99.0 -99.0 -99.0 -99.0
20260621 238  0.8   729  27  2.1 1335  36  5.4 1506  22.4  27.3 1409  19.1  247  18.4  25.1  18.8  80.5  54.0 1420  21.2  -9.0  -9.0 -9.00  988.6 1008.0 1010.0 2201 1004.5    1  9.5  3.5 14.6 -9.0 -9.00 -9.00   -9    0.6   -9.0 -9.00    0.6  143    0.3  202   -9.0   -9   -9.0   -9   -9.0   -9 -99.0 -99.0 -99.0 -99.0 -99.0
20260621 239  1.3  1110  34  3.1  856   7  5.6  847  22.8  27.8 1439  18.8  447  17.7  26.7  18.0  75.1  52.0 1435  20.3   4.7   3.3 -9.00  998.0 1008.3 1009.9 2151 1004.5    1  7.8  4.1 14.7 -9.0 18.89  2.64 1200    0.0   -9.0 -9.00    0.0   -9    0.0   -9   -9.0   -9   -9.0   -9   -9.0   -9 -99.0 -99.0 -99.0 -99.0 -99.0
20260621 243  1.8  1548  29  3.3 1747  25  6.1  212  22.6  28.1 1402  19.8  302  18.5  23.5  18.9  78.9  52.0 1351  21.3  -9.0  -9.0 -9.00 1007.7 1009.1 1010.6 2135 1005.9    1  8.1  4.8 14.6 -9.0 -9.00 -9.00   -9    0.2   -9.0 -9.00    0.2   -9    0.1   -9   -9.0   -9   -9.0   -9   -9.0   -9 -99.0 -99.0 -99.0 -99.0 -99.0
20260621 244  1.2  1016   5  2.8 1613   5  5.7 1612  22.8  28.1 1459  19.2  541  18.7  25.6  19.1  79.8  56.0 1450  21.6  -9.0  -9.0 -9.00  980.0 1008.0 1010.0 2201 1005.2   18  7.9  6.2 14.6 -9.0 -9.00 -9.00   -9    1.0   -9.0 -9.00    0.5  648    0.4  652   -9.0   -9   -9.0   -9   -9.0   -9 -99.0 -99.0 -99.0 -99.0 -99.0
20260621 245  2.2  1914  34  4.1 1653  36  7.1 1609  23.2  28.2 1606  19.8  516  18.8  25.4  19.6  77.4  56.0 1554  21.7   5.4   3.8 -9.00 1000.9 1008.8 1010.5 2133 1005.8    1  7.9  6.1 14.6 -9.0 20.91  2.67 1200    1.4   -9.0 -9.00    1.2  316    0.5  353   -9.0   -9   -9.0   -9   -9.0   -9 -99.0 -99.0 -99.0 -99.0 -99.0
20260621 247  1.2   994  32  3.5 1644  32  6.2 1644  23.9  29.2 1545  19.7  552  19.5  26.4  19.7  78.3  57.0 1533  22.7  -9.0  -9.0 -9.00  992.8 1008.0 1009.9 2229 1005.2   18  8.4  6.3 14.6 -9.0 -9.00 -9.00   -9    0.3   -9.0 -9.00    0.3   58    0.3  109   -9.0   -9   -9.0   -9   -9.0   -9 -99.0 -99.0 -99.0 -99.0 -99.0
20260621 248  1.5  1322  36  4.0 1714  36  6.4 1352  21.5  27.2 1509  18.0  559  18.1  25.1  18.2  82.9  54.0 1510  20.7  -9.0  -9.0 -9.00  962.5 1008.4 1010.6 2203 1005.2   28  8.5  5.9 14.6 -9.0 -9.00 -9.00   -9    2.0   -9.0 -9.00    0.9  137    0.3  215   -9.0   -9   -9.0   -9   -9.0   -9 -99.0 -99.0 -99.0 -99.0 -99.0
20260621 251  1.8  1550  34  3.9 1459   5  6.4 1730  23.1  28.3 1637  19.9  352  19.9  24.8  19.8  83.5  63.0 1630  23.3   5.1   3.6 -9.00 1002.9 1008.7 1010.4 2120 1006.1    1  7.9  5.7 14.6 -9.0 20.92  2.90 1300    0.8   -9.0 -9.00    0.6  342    0.3  432   -9.0   -9   -9.0   -9   -9.0   -9 -99.0 -99.0 -99.0 -99.0 -99.0
20260621 252  1.6  1350  34  3.8 1650  34  6.7 1647  22.7  27.1 1522  20.0  357  18.7  24.4  19.3  79.4  63.0 1738  21.6   5.3   3.7 -9.00 1004.4 1008.7 1010.4 2136 1006.2    2  8.0  4.9 14.5 -9.0 21.85  2.93 1200    0.0   -9.0 -9.00    0.0   -9    0.0   -9   -9.0   -9   -9.0   -9   -9.0   -9 -99.0 -99.0 -99.0 -99.0 -99.0
20260621 253  1.4  1250  18  3.8 1618  20  6.5 1521  23.2  27.8 1418  20.3  454  19.2  26.9  19.2  79.0  63.0 1421  22.2   3.7   2.6 -9.00 1002.8 1009.0 1011.5 2129 1003.9   11  7.5  4.3 14.5 -9.0 16.20  3.11 1400   -9.0   -9.0 -9.00   -9.0   -9   -9.0   -9   -9.0   -9   -9.0   -9   -9.0   -9 -99.0 -99.0 -99.0 -99.0 -99.0
20260621 254  1.8  1575  36  4.1 1936  18  6.3 1928  23.6  29.0 1630  19.7  618  17.9  25.4  19.0  72.1  50.0 1359  20.6   5.5   3.8 -9.00  994.0 1008.8 1010.4 2135 1005.9    1  8.4  6.2 14.6 -9.0 21.04  3.53 1300    0.1   -9.0 -9.00    0.1   -9    0.1   -9   -9.0   -9   -9.0   -9   -9.0   -9 -99.0 -99.0 -99.0 -99.0 -99.0
20260621 255  1.0   843   9  2.5 1321   9  4.9 1314  24.1  29.3 1411  21.2  438  18.8  25.0  18.2  73.0  59.0  954  21.7   3.6   2.5 -9.00 1002.1 1007.9 1010.9 2226 1003.3    1  7.6  4.4 14.5 -9.0 15.42  2.51 1300   -9.0   -9.0 -9.00   -9.0   -9   -9.0   -9   -9.0   -9   -9.0   -9   -9.0   -9 -99.0 -99.0 -99.0 -99.0 -99.0
20260621 257  1.4  1227  20  2.9    5  20  5.1  140  24.1  28.4 1410  21.9 2257  19.6  26.2  19.5  76.4  62.0 1412  22.8   2.9   2.0 -9.00 1007.4 1008.1 1010.9 2139 1003.2    1  7.6  2.3 14.6 -9.0 11.59  2.43 1300    0.0   -9.0 -9.00    0.0   -9    0.0   -9   -9.0   -9   -9.0   -9   -9.0   -9 -99.0 -99.0 -99.0 -99.0 -99.0
20260621 258  2.6  2237  20  4.8 1549  29  7.9  330  24.0  28.5 1519  21.6  433  19.6  24.8  20.6  77.0  58.0 1521  22.8   4.5   3.2 -9.00 1008.8 1009.0 1011.4 2231 1006.1    2  9.1  2.4 14.5 -9.0 16.87  3.37 1300   -9.0   -9.0 -9.00   -9.0   -9   -9.0   -9   -9.0   -9   -9.0   -9   -9.0   -9 -99.0 -99.0 -99.0 -99.0 -99.0
20260621 259  1.8  1530  29  3.6  458  27  7.5  305  24.0  28.8 1533  21.3  759  19.7  25.2  20.2  77.8  60.0 1338  23.0   4.1   2.9 -9.00 1006.8 1008.6 1010.6 2219 1006.4   19  8.9  1.9 14.5 -9.0 16.11  3.13 1300   -9.0   -9.0 -9.00   -9.0   -9   -9.0   -9   -9.0   -9   -9.0   -9   -9.0   -9 -99.0 -99.0 -99.0 -99.0 -99.0
20260621 260  2.2  1926  34  3.7  456  29  7.1  310  23.7  28.1 1349  21.5  622  20.1  25.9  20.6  80.9  64.0 1420  23.5  -9.0  -9.0 -9.00 1003.5 1008.6 1010.8 2226 1006.3    1  9.0  1.3 14.5 -9.0 -9.00 -9.00   -9    0.0   -9.0 -9.00    0.0   -9    0.0   -9   -9.0   -9   -9.0   -9   -9.0   -9 -99.0 -99.0 -99.0 -99.0 -99.0
20260621 261  2.3  1968  29  4.7 1006  32  7.4 1706  23.2  27.7 1456  20.8 2358  20.3  25.8  19.6  84.6  67.0 1500  23.9  -9.0  -9.0 -9.00 1007.4 1009.3 1011.2 2211 1007.4    3  8.5  1.9 14.5 -9.0 -9.00 -9.00   -9    0.0   -9.0 -9.00    0.0   -9    0.0   -9   -9.0   -9   -9.0   -9   -9.0   -9 -99.0 -99.0 -99.0 -99.0 -99.0
20260621 262  2.0  1707  32  4.4  344  34 10.3  340  23.6  28.1 1259  21.8  444  19.6  24.1  21.8  79.0  62.0 1309  22.8   3.7   2.6 -9.00 1002.6 1008.5 1011.0 2227 1005.9   20  8.6  2.0 14.5 -9.0 14.64  3.05 1100   -9.0   -9.0 -9.00   -9.0   -9   -9.0   -9   -9.0   -9   -9.0   -9   -9.0   -9 -99.0 -99.0 -99.0 -99.0 -99.0
20260621 263  1.4  1198  20  3.8 1716  20  6.3 1715  24.1  29.6 1354  20.9 2352  19.4  27.4  18.9  76.4  54.0 1443  22.5   4.3   3.0 -9.00 1006.5 1008.1 1011.1 2208 1003.8    1  7.9  2.3 14.6 -9.0 16.69  3.58 1300    0.0   -9.0 -9.00    0.0   -9    0.0   -9   -9.0   -9   -9.0   -9   -9.0   -9 -99.0 -99.0 -99.0 -99.0 -99.0
20260621 264  1.5  1339  29  3.8    7  29  7.0   56  24.1  29.7 1422  20.8  513  19.8  26.5  20.0  78.3  53.0 1433  23.2   4.8   3.4 -9.00  990.8 1008.1 1010.6 2141 1004.5   58  9.0  3.3 14.6 -9.0 19.81  3.78 1300    0.0   -9.0 -9.00    0.0   -9    0.0   -9   -9.0   -9   -9.0   -9   -9.0   -9 -99.0 -99.0 -99.0 -99.0 -99.0
20260621 266  1.4  1218  27  2.7  255  25  6.9  127  23.7  29.4 1403  20.9 2359  19.9  26.7  20.0  80.5  55.0 1405  23.2   4.2   2.9 -9.00  998.7 1008.7 1011.4 2238 1005.1   13  8.6  4.2 14.5 -9.0 18.25  2.90 1300    0.0   -9.0 -9.00    0.0   -9    0.0   -9   -9.0   -9   -9.0   -9   -9.0   -9 -99.0 -99.0 -99.0 -99.0 -99.0
20260621 268  2.0  1718  32  4.8 1304  32  8.6 1200  22.0  26.1 1457  19.5 2348  18.9  25.0  20.9  83.5  62.0 1518  21.9  -9.0  -9.0 -9.00 1007.1 1008.2 1009.7 2206 1006.2   10  8.1  5.4 14.5 -9.0 -9.00 -9.00   -9   -9.0   -9.0 -9.00   -9.0   -9   -9.0   -9   -9.0   -9   -9.0   -9   -9.0   -9 -99.0 -99.0 -99.0 -99.0 -99.0
20260621 271  1.2  1036  32  3.4 1457  32  6.5 1507  20.1  24.9 1439  16.5  443  15.3  23.1  15.7  76.3  53.0 1630  17.4  -9.0  -9.0 -9.00  971.8 1008.8 1011.6 2131 1003.6    1  8.9  2.5 14.7 -9.0 -9.00 -9.00   -9   -9.0   -9.0 -9.00   -9.0   -9   -9.0   -9   -9.0   -9   -9.0   -9   -9.0   -9 -99.0 -99.0 -99.0 -99.0 -99.0
20260621 272  1.9  1611   5  4.1 1228   7  6.7 1205  21.6  25.9 1344  18.2 2351  16.3  24.9  17.7  73.4  53.0 1347  18.6  -9.0  -9.0 -9.00  984.3 1008.4 1010.7 2200 1003.3    1  9.0  2.8 14.7 -9.0 -9.00 -9.00   -9   -9.0   -9.0 -9.00   -9.0   -9   -9.0   -9   -9.0   -9   -9.0   -9   -9.0   -9 -99.0 -99.0 -99.0 -99.0 -99.0
20260621 273  1.5  1281  32  3.7  242  32  7.0  240  22.4  26.5 1415  19.2 2333  17.3  24.2  17.6  74.3  57.0 1325  19.8  -9.0  -9.0 -9.00  988.1 1007.8 1010.0 2214 1003.2    1  8.9  2.5 14.7 -9.0 -9.00 -9.00   -9   -9.0   -9.0 -9.00   -9.0   -9   -9.0   -9   -9.0   -9   -9.0   -9   -9.0   -9 -99.0 -99.0 -99.0 -99.0 -99.0
20260621 276  1.5  1265   2  3.0 1002  27  6.6   36  22.3  26.6 1337  18.8 2339  18.5  25.8  17.8  81.4  59.0 1101  21.3   4.8   3.4 -9.00  983.9 1007.6 1010.4 2210 1003.0    1  8.6  5.1 14.7 -9.0 21.79  3.19 1000    0.7   -9.0 -9.00    0.7    1    0.3    1   -9.0   -9   -9.0   -9   -9.0   -9 -99.0 -99.0 -99.0 -99.0 -99.0
20260621 277  3.1  2667   7  7.9 1424   7 12.2 1416  20.2  24.2 1314  17.0 2350  16.7  25.5  17.2  81.3  64.0  825  19.0  -9.0  -9.0 -9.00 1003.7 1008.5 1011.2 2146 1002.8    1  8.1  6.2 14.7 -9.0 -9.00 -9.00   -9   -9.0   -9.0 -9.00   -9.0   -9   -9.0   -9   -9.0   -9   -9.0   -9   -9.0   -9 -99.0 -99.0 -99.0 -99.0 -99.0
20260621 278  1.2  1028  36  2.8  835   2  5.6 1128  23.2  27.9 1304  19.5 2350  17.5  27.5  19.0  72.9  50.0 1048  20.1  -9.0  -9.0 -9.00  997.8 1007.1 1009.5 2225 1002.6    1  8.1  5.7 14.6 -9.0 -9.00 -9.00   -9   -9.0   -9.0 -9.00   -9.0   -9   -9.0   -9   -9.0   -9   -9.0   -9   -9.0   -9 -99.0 -99.0 -99.0 -99.0 -99.0
20260621 279  1.4  1171  29  2.6  748  32  5.6   46  25.2  30.5 1429  21.5  246  17.6  28.5  20.0  64.0  44.0 1434  20.1   5.4   3.8 -9.00 1002.3 1007.9 1010.0 2203 1003.7    1  8.3  5.8 14.6 -9.0 21.11  3.38 1200   -9.0   -9.0 -9.00   -9.0   -9   -9.0   -9   -9.0   -9   -9.0   -9   -9.0   -9 -99.0 -99.0 -99.0 -99.0 -99.0
20260621 281  2.1  1827  27  4.0  352  27  6.6  203  22.8  28.3 1426  18.8 2345  16.7  25.2  18.3  69.9  49.0 1422  19.0  -9.0  -9.0 -9.00  997.4 1008.4 1011.6 2211 1003.2    1  8.9  4.4 14.6 -9.0 -9.00 -9.00   -9   -9.0   -9.0 -9.00   -9.0   -9   -9.0   -9   -9.0   -9   -9.0   -9   -9.0   -9 -99.0 -99.0 -99.0 -99.0 -99.0
20260621 283  2.4  2059  36  4.7 1705  34  8.6  300  23.4  28.1 1409  19.2 2400  17.8  26.1  17.8  71.8  54.0 1413  20.4   4.5   3.1 -9.00 1003.9 1008.5 1011.8 2102 1002.8   17  8.9  4.3 14.6 -9.0 18.68  2.77 1100   -9.0   -9.0 -9.00   -9.0   -9   -9.0   -9   -9.0   -9   -9.0   -9   -9.0   -9 -99.0 -99.0 -99.0 -99.0 -99.0
20260621 284  1.8  1562  27  3.7  245  25  6.8  240  23.9  28.6 1334  20.2  530  19.2  25.8  15.8  76.1  55.0 1445  22.3   4.3   3.0 -9.00  980.9 1006.7 1009.2 2151 1002.9   29  9.3  3.3 14.6 -9.0 17.48  2.78 1200    0.0   -9.0 -9.00    0.0   -9    0.0   -9   -9.0   -9   -9.0   -9   -9.0   -9 -99.0 -99.0 -99.0 -99.0 -99.0
20260621 285  1.0   881  23  2.7 1912  16  5.5 2051  24.4  29.2 1457  21.0  555  19.4  27.3  20.3  74.8  55.0 1451  22.5  -9.0  -9.0 -9.00 1005.0 1008.1 1010.9 2159 1003.6   18  9.1  2.2 14.6 -9.0 -9.00 -9.00   -9   -9.0   -9.0 -9.00   -9.0   -9   -9.0   -9   -9.0   -9   -9.0   -9   -9.0   -9 -99.0 -99.0 -99.0 -99.0 -99.0
20260621 288  1.4  1250  16  4.1 1403  23  6.4 1427  24.3  29.2 1344  21.0  220  19.0  29.7  20.5  73.1  52.0 1257  21.9   4.1   2.9 -9.00 1005.7 1006.6 1009.6 2220 1001.9    1  7.9  3.6 14.6 -9.0 16.61  2.62 1200    0.0   -9.0 -9.00    0.0   -9    0.0   -9   -9.0   -9   -9.0   -9   -9.0   -9 -99.0 -99.0 -99.0 -99.0 -99.0
20260621 289  2.1  1817   5  4.5 2127   9  8.5 1800  23.6  30.3 1421  20.3 2350  19.1  26.5  20.6  76.8  52.0 1341  22.0  -9.0  -9.0 -9.00  992.9 1008.6 1011.3 2147 1004.4    1  8.8  5.1 14.6 -9.0 -9.00 -9.00   -9   -9.0   -9.0 -9.00   -9.0   -9   -9.0   -9   -9.0   -9   -9.0   -9   -9.0   -9 -99.0 -99.0 -99.0 -99.0 -99.0
20260621 294  1.8  1547  14  3.8 1350  11  7.2 1453  22.6  26.6 1448  20.6  457  17.9  26.7  18.3  75.5  61.0 1452  20.5  -9.0  -9.0 -9.00 1004.0 1009.2 1011.7 2154 1004.5    1  8.5  7.4 14.5 -9.0 -9.00 -9.00   -9   -9.0   -9.0 -9.00   -9.0   -9   -9.0   -9   -9.0   -9   -9.0   -9   -9.0   -9 -99.0 -99.0 -99.0 -99.0 -99.0
20260621 295  1.7  1439  29  4.4  343  29  6.5  340  23.5  28.5 1411  21.2 2400  18.6  27.6  20.1  74.5  56.0 1314  21.4  -9.0  -9.0 -9.00 1003.2 1008.5 1011.2 2312 1004.8   33  8.0  7.5 14.5 -9.0 -9.00 -9.00   -9   -9.0   -9.0 -9.00   -9.0   -9   -9.0   -9   -9.0   -9   -9.0   -9   -9.0   -9 -99.0 -99.0 -99.0 -99.0 -99.0
20260621 296  1.6  1362  18  4.2 1547  20  6.3 1531  23.2  27.2 1445  20.0  343  19.6  25.8  16.2  80.8  66.0 1505  22.8   3.4   2.4 -9.00 1007.3 1007.6 1010.1 2132 1002.5    1  7.4  3.3 14.5 -9.0 14.97  2.50 1300   -9.0   -9.0 -9.00   -9.0   -9   -9.0   -9   -9.0   -9   -9.0   -9   -9.0   -9 -99.0 -99.0 -99.0 -99.0 -99.0
20260622  90  1.3  1159  14  2.8 1848   2  3.7 1121  18.5  20.1 1344  17.2  104  16.4  21.5  17.3  87.8  81.0 1345  18.7   2.4   1.7 -9.00 1009.9 1012.0 1013.5 2308 1010.8  333  8.1  0.0 14.8 -9.0  8.92  1.34 1100    0.0   -9.0 -9.00    0.0   -9    0.0   -9   -9.0   -9   -9.0   -9   -9.0   -9 -99.0 -99.0 -99.0 -99.0 -99.0
20260622  93  0.8   664  11  3.3 1815  27  5.6 1417  23.0  28.4 1614  18.3  525  18.1  26.0  18.2  76.1  48.0 1531  20.8   5.6   3.9 -9.00  998.5 1009.5 1011.4 2227 1007.1 1614  8.4  9.0 14.8 -9.0 21.39  2.76 1200    0.0    0.0  0.17    0.0   -9    0.0   -9   -9.0   -9   -9.0   -9   -9.0   -9  24.7  23.8  20.7  15.6  13.6
20260622  95  0.9   771  11  2.6  825  11  4.0  836  22.5  28.1 1614  18.1  503  18.7  26.1  18.3  80.9  52.0 1246  21.6   5.6   3.9 -9.00  991.7 1009.5 1011.8 2303 1007.1 1557  8.3  6.8 14.8 -9.0 21.70  3.13 1200   -9.0   -9.0 -9.00   -9.0   -9   -9.0   -9   -9.0   -9   -9.0   -9   -9.0   -9 -99.0 -99.0 -99.0 -99.0 -99.0
20260622  98  0.8   658  16  4.1 1920  14 11.1 1918  22.6  28.3 1211  17.8 1932  17.4  25.2  17.6  74.6  47.0 1309  19.8   5.0   3.5 -9.00  995.6 1008.9 1011.0 2237 1006.9 1625  7.9  4.2 14.8 -9.0 18.31  2.57 1200   15.0   -9.0 -9.00   15.0 1854    7.4 1925   -9.0   -9   -9.0   -9   -9.0   -9 -99.0 -99.0 -99.0 -99.0 -99.0
20260622  99  0.9   813   9  3.0 2303  29  5.5 1429  23.0  28.3 1716  18.8 2356  19.1  26.6  18.7  80.1  55.0 1247  22.1   5.1   3.6 -9.00 1006.0 1009.5 1011.4 2254 1007.9 1542  7.5  5.4 14.8 -9.0 19.84  2.40 1000   -9.0   -9.0 -9.00   -9.0   -9   -9.0   -9   -9.0   -9   -9.0   -9   -9.0   -9 -99.0 -99.0 -99.0 -99.0 -99.0
20260622 100  1.6  1415  11  3.4  920  14  5.4  919  14.2  17.9 1003  12.1  121  13.4  19.2  12.1  95.4  81.0  937  15.4   2.2   1.5 -9.00  924.0 1011.7 1013.6 2239 1010.4 1003  8.4  1.7 14.8 -9.0 11.46  2.17  900   -9.0   -9.0 -9.00   -9.0   -9   -9.0   -9   -9.0   -9   -9.0   -9   -9.0   -9 -99.0 -99.0 -99.0 -99.0 -99.0
20260622 101  1.5  1274   7  3.4 1818   7  5.1 1815  23.3  28.3 1446  18.5  443  17.2  26.1  17.8  70.6  49.0 1415  19.7   5.9   4.1 -9.00  999.8 1008.5 1010.5 2229 1006.0 1557  8.4  5.6 14.8 -9.0 20.44  2.63 1100   -9.0   -9.0 -9.00   -9.0   -9   -9.0   -9   -9.0   -9   -9.0   -9   -9.0   -9  24.4  21.4  18.9  15.7  15.0
20260622 102  1.6  1343  18  3.8 1228  20 11.1 1515  20.8  25.4 1533  17.6 2349  17.6  27.0  15.1  83.4  60.0 1529  20.2   5.9   4.1  3.33 1004.1 1008.2 1009.5 2253 1007.3 1515  7.0 10.4 14.8 -9.0 26.25  3.28 1200   -9.0   -9.0 -9.00   -9.0   -9   -9.0   -9   -9.0   -9   -9.0   -9   -9.0   -9 -99.0 -99.0 -99.0 -99.0 -99.0
20260622 104  0.9   750   2  2.4 1237   7  3.6 1051  18.1  20.0 1411  16.4   16  16.9  21.6  15.8  93.1  88.0 1401  19.3   2.0   1.4 -9.00 1002.2 1011.0 1012.5 2238 1010.0  351  8.3  0.0 14.8 -9.0  8.39  1.12 1400   -9.0    0.1 -9.00   -9.0   -9   -9.0   -9   -9.0   -9   -9.0   -9   -9.0   -9  22.2  21.4  19.4  15.0  13.6
20260622 105  1.1   969   5  2.6 1316  29  4.1 1311  18.6  20.3 1441  17.3  521  15.7  21.3  17.4  83.8  77.0 1236  17.9   2.1   1.5 -9.00 1008.8 1012.0 1013.6 2239 1011.0  357  8.5  0.0 14.8 -9.0  7.70  1.01 1200    0.3   -9.0 -9.00    0.3 2140    0.2   -9   -9.0   -9   -9.0   -9   -9.0   -9  23.1  22.2  20.5  16.4  14.9
20260622 106  1.8  1513   2  4.4 1026   5  6.1 1017  18.1  19.9 1014  16.4  229  16.3  20.8  15.1  89.5  83.0 1016  18.5   2.1   1.4 -9.00 1007.4 1012.1 1013.7 2146 1011.1  253  9.0  0.0 14.8 -9.0  8.66  1.18  900   -9.0   -9.0 -9.00   -9.0   -9   -9.0   -9   -9.0   -9   -9.0   -9   -9.0   -9 -99.0 -99.0 -99.0 -99.0 -99.0
20260622 108  1.9  1624  27  3.5 1701  16  5.8 1258  24.4  28.3 1413  21.3  533  17.9  24.4  18.4  67.8  52.0 1421  20.5   5.0   3.5 -9.00  999.2 1009.0 1010.7 2301 1007.2 1544  8.6  2.2 14.8 -9.0 14.62  2.19 1100    0.0    0.0  0.33    0.0   -9    0.0   -9   -9.0   -9   -9.0   -9   -9.0   -9  24.0  21.8  20.5  16.0  13.9
20260622 112  1.7  1496  23  4.2 1549  25  5.7 1414  23.6  26.5 1357  21.5 2213  19.9  25.2  18.4  80.8  61.0 1428  23.3   4.7   3.3 -9.00 1001.1 1009.0 1010.7 2328 1007.7 1543  7.9  3.7 14.8 -9.0 17.46  2.63 1300   -9.0   -9.0 -9.00   -9.0   -9   -9.0   -9   -9.0   -9   -9.0   -9   -9.0   -9  23.3  21.6  15.3  18.8  13.9
20260622 114  1.3  1087   2  3.3 2102  32  5.1 1810  22.7  27.4 1427  18.9  533  17.6  25.2  18.2  74.6  52.0 1207  20.1   4.8   3.4 -9.00  992.1 1009.2 1010.9 2225 1006.9 1620  9.4  3.3 14.7 -9.0 17.00  2.21 1300    0.0   -9.0 -9.00    0.0   -9    0.0   -9   -9.0   -9   -9.0   -9   -9.0   -9 -99.0 -99.0 -99.0 -99.0 -99.0
20260622 115  3.0  2593   7  5.6 1245   7  9.4 1036  18.0  20.8 1127  16.7 2202  16.1  21.7  15.9  89.1  82.0 1315  18.3   3.5   2.4 -9.00  985.3 1010.9 1013.1 2327 1009.1  354  7.9  1.6 14.8 -9.0 16.10  2.63 1100    0.0    0.0  8.37    0.0   -9    0.0   -9   -9.0   -9   -9.0   -9   -9.0   -9  21.3  18.6  17.3  13.1  13.2
20260622 119  1.3  1122  29  3.1 1705  29  6.1 1702  23.5  27.7 1429  20.5  245  16.7  24.9  19.2  67.0  46.0 1407  19.0   5.1   3.6 -9.00 1004.3 1008.8 1010.6 2344 1007.0 1549  8.9  3.4 14.7 -9.0 15.65  2.26 1300   -9.0   -9.0 -9.00   -9.0   -9   -9.0   -9   -9.0   -9   -9.0   -9   -9.0   -9  23.7  21.4  19.1  14.6  13.2
20260622 121  1.0   902  14  3.2 1735  14  5.4 1857  21.1  26.9 1622  16.6  522  16.5  22.9  14.4  77.0  53.0 1159  18.8   4.7   3.3 -9.00  982.6 1010.2 1012.3 2332 1007.6 1640  8.8  1.2 14.7 -9.0 15.68  2.37 1100   -9.0   -9.0 -9.00   -9.0   -9   -9.0   -9   -9.0   -9   -9.0   -9   -9.0   -9 -99.0 -99.0 -99.0 -99.0 -99.0
20260622 127  1.0   878   2  2.8  540   2  5.3  538  22.6  26.7 1625  19.0  436  17.7  24.1  18.7  74.9  58.0 1631  20.2   4.5   3.1 -9.00  995.5 1008.6 1010.4 2247 1006.7 1626  9.3  2.0 14.7 -9.0 14.92  2.28 1000   -9.0   -9.0 -9.00   -9.0   -9   -9.0   -9   -9.0   -9   -9.0   -9   -9.0   -9 -99.0 -99.0 -99.0 -99.0 -99.0
20260622 129  1.4  1227  23  3.6 1122  18  5.4 1146  22.0  25.6 1043  19.6  332  18.8  25.5  18.2  83.0  66.0 1044  21.7   4.0   2.8 -9.00 1006.5 1009.4 1010.9 2334 1008.2 1553  8.6  2.5 14.7 -9.0 13.78  1.74 1500   -9.0   -9.0 -9.00   -9.0   -9   -9.0   -9   -9.0   -9   -9.0   -9   -9.0   -9  24.0  21.6  21.3  15.3  15.1
20260622 130  1.4  1194   5  3.1 1120  20  6.8 1112  18.1  21.1 1127  17.0   25  16.6  20.5  16.3  91.4  79.0 1121  18.9  -9.0  -9.0 -9.00 1006.1 1011.9 1013.6 2224 1010.6  347  9.5  0.9 14.7 -9.0 -9.00 -9.00   -9   -9.0   -9.0 -9.00   -9.0   -9   -9.0   -9   -9.0   -9   -9.0   -9   -9.0   -9 -99.0 -99.0 -99.0 -99.0 -99.0
20260622 131  1.2   997  11  2.6 1343  36  7.4 1343  24.0  26.8 1113  21.3  445  17.2  24.1  21.2  66.6  56.0 1121  19.6   4.1   2.9 -9.00 1002.1 1008.8 1010.5 2227 1007.1 1618  9.6  1.7 14.7 -9.0 11.82  2.51 1000    0.0    0.0  1.42    0.0   -9    0.0   -9   -9.0   -9   -9.0   -9   -9.0   -9 -99.0 -99.0 -99.0 -99.0 -99.0
20260622 133  1.4  1215  16  3.4 1926  11  4.9 1533  22.5  26.3 1249  20.4  443  19.0  23.8  19.7  81.3  64.0 1252  22.1   3.1   2.1 -9.00 1001.6 1009.4 1011.0 2229 1007.9 1652  9.1  0.5 14.7 -9.0  9.81  1.68 1000    1.2    1.2  0.75    1.2 1435    1.2 1439   -9.0   -9   -9.0   -9   -9.0   -9  25.1  23.7  21.4  17.3  15.9
20260622 135  1.6  1405  14  4.1 1706  14  6.2 1658  20.3  23.3 1208  18.3 2036  17.2  22.6  18.6  83.0  70.0 1257  19.6   2.6   1.8 -9.00  981.5 1009.6 1011.6 2236 1008.2 1654  8.8  0.3 14.6 -9.0  8.85  1.24 1200   -9.0   -9.0 -9.00   -9.0   -9   -9.0   -9   -9.0   -9   -9.0   -9   -9.0   -9 -99.0 -99.0 -99.0 -99.0 -99.0
20260622 136  1.4  1226  11  3.8 1918  11  7.1 2017  21.1  25.5 1147  18.5  459  16.8  22.4  18.1  77.3  57.0 1143  19.1   3.5   2.4 -9.00  994.7 1011.0 1013.2 2214 1009.5 1630  9.0  0.2 14.7 -9.0 11.84  2.70 1100   -9.0   -9.0 -9.00   -9.0   -9   -9.0   -9   -9.0   -9   -9.0   -9   -9.0   -9 -99.0 -99.0 -99.0 -99.0 -99.0
20260622 137  0.6   504  14  1.9 1816  16  4.3 1417  21.7  24.8 1132  19.5 2359  18.3  24.2  19.0  81.1  66.0 1320  21.0   2.8   1.9 -9.00  998.0 1009.1 1011.1 2240 1007.5 1644  8.8  0.4 14.7 -9.0 10.54  1.69 1100    0.0   -9.0 -9.00    0.0   -9    0.0   -9   -9.0   -9   -9.0   -9   -9.0   -9 -99.0 -99.0 -99.0 -99.0 -99.0
20260622 138  2.6  2229   5  3.9 2031   2  6.7 1013  19.5  20.7 1348  18.4 2346  16.8  22.2  18.1  85.1  76.0 1144  19.1   2.3   1.6 -9.00 1010.4 1010.9 1012.5 2226 1009.7  300  9.4  0.0 14.6 -9.0  8.35  1.40 1100    0.5    3.0  3.42    0.5 2301    0.4 2330   -9.0   -9   -9.0   -9   -9.0   -9  23.2  20.1  18.7  16.3  15.8
20260622 140  2.1  1784  29  4.4 1649  29  6.5 1642  22.0  24.5 1203  20.2  548  19.5  23.0  18.9  86.4  79.0 1204  22.7  -9.0  -9.0 -9.00 1006.9 1010.1 1011.6 2316 1008.9  437  9.9  0.3 14.6 -9.0 -9.00 -9.00   -9   -9.0   -9.0 -9.00   -9.0   -9   -9.0   -9   -9.0   -9   -9.0   -9   -9.0   -9 -99.0 -99.0 -99.0 -99.0 -99.0
20260622 143  3.1  2714  11  5.2 1536  11  8.5 1534  20.7  23.1 1211  18.9 2358  15.5  22.8  18.3  72.6  58.0 1215  17.6   3.6   2.5 -9.00 1003.7 1009.9 1011.7 2155 1008.9  544  9.4  0.0 14.6 -9.0  8.97  1.58 1100   -9.0   -9.0 -9.00   -9.0   -9   -9.0   -9   -9.0   -9   -9.0   -9   -9.0   -9 -99.0 -99.0 -99.0 -99.0 -99.0
20260622 146  1.6  1418  29  4.8 1733  29  7.0 1752  22.4  25.0 1241  20.4  514  19.6  24.2  20.0  84.9  74.0 1244  22.8   2.5   1.7 -9.00 1002.4 1009.4 1011.0 2222 1007.9 1635  9.9  0.1 14.6 -9.0  7.22  1.09 1000   10.1   10.1  5.38    5.9 2020    2.6 2030   -9.0   -9   -9.0   -9   -9.0   -9 -99.0 -99.0 -99.0 -99.0 -99.0
20260622 152  1.6  1394   2  3.0  746  36  5.8  818  19.3  21.1 1355  18.2  624  16.2  22.3  18.5  82.8  71.0 1413  18.5   2.0   1.4 -9.00 1000.8 1010.3 1012.0 2209 1009.0  126  9.6  0.0 14.6 -9.0  6.52  0.95 1100    0.0   -9.0  1.25    0.0   -9    0.0   -9   -9.0   -9   -9.0   -9   -9.0   -9 -99.0 -99.0 -99.0 -99.0 -99.0
20260622 155  1.1   978  18  2.9 1544  16  5.0 1630  20.4  22.3 1037  19.0 2236  18.3  23.2  18.4  88.3  80.0 1452  21.0   1.6   1.1 -9.00 1006.2 1010.3 1011.5 2202 1009.3 1721  9.8  0.0 14.5 -9.0  5.33  0.89 1000    1.0   -9.0  7.37    0.5  424    0.3  435   -9.0   -9   -9.0   -9   -9.0   -9 -99.0 -99.0 -99.0 -99.0 -99.0
20260622 156  1.8  1591  18  3.5 1313  18  5.9 1313  21.8  23.1    1  20.7 2234  19.3  23.3  19.8  86.1  80.0   13  22.4   1.9   1.3 -9.00 1001.5 1009.6 1010.8 2147 1008.0  529 10.0  0.0 14.5 -9.0  3.85  0.56 1500    0.5   -9.0  3.42    0.5 1417    0.2 1446   -9.0   -9   -9.0   -9   -9.0   -9 -99.0 -99.0 -99.0 -99.0 -99.0
20260622 159  2.1  1847  11  3.7 1946  11  7.6 1940  19.9  22.9 1056  19.2 2153  16.6  20.5  16.6  81.3  67.0 1058  18.8   2.5   1.7 -9.00 1001.9 1010.0 1011.2 2202 1009.0  631  9.9  0.0 14.5 -9.0  7.46  1.27 1100    1.1    1.0  9.50    0.4 1259    0.3 1345   -9.0   -9   -9.0   -9   -9.0   -9  23.7  22.1  20.9  16.8  17.0
20260622 162  1.0   847   5  2.7 1819   9  4.7 1948  19.4  21.7 1259  18.2 2103  17.5  22.1  17.6  89.3  76.0 1304  20.1   1.6   1.1 -9.00 1005.9 1009.6 1011.0 2237 1008.4 1733  9.8  0.0 14.5 -9.0  5.58  0.96 1200    6.2   -9.0 -9.00    1.6  738    0.6  310   -9.0   -9   -9.0   -9   -9.0   -9 -99.0 -99.0 -99.0 -99.0 -99.0
20260622 165  2.3  1958  14  4.4 1124  18  6.3  637  20.8  22.2 1110  19.5 2345  19.6  22.5  18.4  93.4  85.0 1051  22.8   1.8   1.3 -9.00 1004.5 1009.7 1010.7 2141 1008.3  428  9.8  0.0 14.5 -9.0  5.78  0.77 1000    5.2    5.1  9.63    2.1 1218    0.6 1244   -9.0   -9   -9.0   -9   -9.0   -9  23.8  21.2  20.2  17.3  15.5
20260622 168  2.2  1903   9  5.0 2312   9  7.0 2304  20.3  21.3    1  19.6 1647  18.2  21.3  19.7  88.3  83.0  534  20.9   1.8   1.3 -9.00 1002.9 1010.6 1011.6 2222 1009.1  522 10.0  0.0 14.5 -9.0  4.90  0.61 1100    7.3    5.2 11.62    1.8 1411    0.5  856   -9.0   -9   -9.0   -9   -9.0   -9  25.2  22.5  20.3  17.3  16.6
20260622 169  4.3  3708  14 10.7 1622  16 14.7 1623  18.7  20.2 1054  17.5 2044  17.9  19.9  19.2  95.1  88.0  749  20.5   1.7   1.2 -9.00 1000.5 1009.2 1010.3  756 1007.6 1652 10.0  0.0 14.5 -9.0  4.99  0.72 1500    4.8   -9.0  9.75    2.2 1146    0.5 1156   -9.0   -9   -9.0   -9   -9.0   -9 -99.0 -99.0 -99.0 -99.0 -99.0
20260622 170  3.2  2794  14  6.4 1809  14  9.7 1814  20.5  22.4 1209  19.1 2221  19.0  22.3  19.8  91.5  86.0 1157  22.0   1.8   1.3 -9.00 1005.9 1010.0 1010.7 2132 1008.6 1755 10.0  0.0 14.5 -9.0  6.02  0.88 1100    9.8   -9.0 -9.00    2.4 1419    0.5  619   -9.0   -9   -9.0   -9   -9.0   -9 -99.0 -99.0 -99.0 -99.0 -99.0
20260622 172  1.6  1346  14  3.4 1456  11  5.6  445  21.3  23.8 1137  20.2 2245  19.9  21.1  20.5  92.1  77.0 1142  23.2   1.5   1.1 -9.00 1003.2 1009.3 1010.6 2314 1007.5  459  9.9  0.0 14.6 -9.0  4.12  0.81 1100    1.2   -9.0 -9.00    0.9 1335    0.4 1415   -9.0   -9   -9.0   -9   -9.0   -9 -99.0 -99.0 -99.0 -99.0 -99.0
20260622 174  0.9   794  16  2.7 1614  18  4.8 1609  19.0  20.6    2  17.1 2244  17.7  20.6  17.9  92.5  83.0 1043  20.3  -9.0  -9.0 -9.00  989.6 1008.7 1010.0 2229 1007.5  517 10.0  0.0 14.5 -9.0 -9.00 -9.00   -9    4.9   -9.0 -9.00    1.6 1311    0.4 1334   -9.0   -9   -9.0   -9   -9.0   -9 -99.0 -99.0 -99.0 -99.0 -99.0
20260622 177  1.7  1449  18  3.8 1441  18  5.8 1443  22.6  26.2 1137  20.2  521  19.1  23.9  13.8  81.1  66.0 1040  22.1   3.9   2.7 -9.00 1004.9 1008.1 1009.7 2241 1006.7 1548  9.4  2.4 14.7 -9.0 13.61  1.77 1000   -9.0   -9.0 -9.00   -9.0   -9   -9.0   -9   -9.0   -9   -9.0   -9   -9.0   -9 -99.0 -99.0 -99.0 -99.0 -99.0
20260622 181  1.3  1154  18  3.1 1726  18  4.8 1720  22.6  26.5 1558  20.0  407  18.4  23.7  18.6  78.0  60.0 1601  21.1   3.9   2.8 -9.00 1005.5 1009.4 1011.1 2237 1007.6 1621  9.1  1.3 14.7 -9.0 12.55  2.39 1000   -9.0   -9.0 -9.00   -9.0   -9   -9.0   -9   -9.0   -9   -9.0   -9   -9.0   -9 -99.0 -99.0 -99.0 -99.0 -99.0
20260622 184  2.6  2258   5  4.4 1258   9  8.8 1539  21.7  23.3 1001  20.3 2202  18.8  22.6  19.5  84.1  73.0  710  21.7   1.7   1.2 -9.00 1005.8 1008.2 1009.5    1 1007.2 1712 10.0  0.0 14.4 -9.0  4.11  0.70  900   27.2   47.4 18.70    6.0 1321    1.8 1414   -9.0   -9   -9.0   -9   -9.0   -9  25.2  23.4  22.6  20.2  17.0
20260622 185  2.9  2538  11  8.2 2102   9 12.4 2122  20.1  21.3 1120  18.7 2046  19.3  23.1  18.5  95.4  89.0  742  22.4   1.1   0.8 -9.00  999.9 1008.2 1010.0    1 1007.0 1756 10.0  0.0 14.4 -9.0  3.94  0.66 1100   28.4   -9.0 -9.00    5.7 1221    1.4 1253   -9.0   -9   -9.0   -9   -9.0   -9 -99.0 -99.0 -99.0 -99.0 -99.0
20260622 188  2.7  2350   9  5.3 1605   9  8.3 1611  21.1  22.4  758  20.0 1705  19.8  21.5  19.9  93.0  87.0  809  23.1  -9.0  -9.0 -9.00 1007.1 1009.5 1010.3  839 1008.7 1733 10.0  0.0 14.4 -9.0 -9.00 -9.00   -9   32.5   -9.0 -9.00    9.4 1350    2.6 1351   -9.0   -9   -9.0   -9   -9.0   -9 -99.0 -99.0 -99.0 -99.0 -99.0
20260622 189  2.2  1860   7  4.6 1758   9  8.5 2357  21.2  22.7    3  19.9 2359  19.5  22.4  19.7  90.3  80.0  507  22.7   1.2   0.8 -9.00 1003.2 1009.2 1010.1  841 1008.0 1739 10.0  0.0 14.4 -9.0  3.53  0.66 1100   37.8   81.9 16.38    9.3 1257    3.5 1324   -9.0   -9   -9.0   -9   -9.0   -9 -99.0 -99.0 -99.0 -99.0 -99.0
20260622 192  0.5   411  14  1.8 1611  14  3.6 1611  19.7  21.3 1227  18.2 2301  18.6  22.2  18.2  93.8  87.0 1236  21.4   1.1   0.8 -9.00 1006.9 1010.3 1011.5 2151 1009.2  552 10.0  0.0 14.5 -9.0  3.55  0.54 1200    1.0    0.8 -9.00    0.4 1446    0.2   -9   -9.0   -9   -9.0   -9   -9.0   -9 -99.0 -99.0 -99.0 -99.0 -99.0
20260622 201  1.6  1389  25  3.9 1643  23  5.9 1642  22.3  26.2 1411  18.5 2324  19.2  24.1  16.3  84.1  61.0 1413  22.3  -9.0  -9.0 -9.00 1004.3 1009.8 1011.5 2327 1008.4 1534  7.8  4.9 14.8 -9.0 -9.00 -9.00   -9   -9.0   -9.0 -9.00   -9.0   -9   -9.0   -9   -9.0   -9   -9.0   -9   -9.0   -9 -99.0 -99.0 -99.0 -99.0 -99.0
20260622 202  1.2  1064  18  2.8 1720  18  4.2 1722  23.0  27.3 1529  19.7  532  17.5  26.5  19.0  72.4  50.0 1403  19.9  -9.0  -9.0 -9.00 1004.0 1009.5 1011.1 2256 1007.7 1613  8.8  4.4 14.8 -9.0 -9.00 -9.00   -9   -9.0   -9.0 -9.00   -9.0   -9   -9.0   -9   -9.0   -9   -9.0   -9   -9.0   -9 -99.0 -99.0 -99.0 -99.0 -99.0
20260622 203  0.7   638  16  2.0 1638   9  4.3 1129  23.4  27.9 1542  19.7  528  19.1  26.0  19.4  78.4  51.0 1347  22.1  -9.0  -9.0 -9.00 1000.6 1009.8 1011.3 2308 1007.9 1647  8.8  2.3 14.7 -9.0 -9.00 -9.00   -9   -9.0   -9.0 -9.00   -9.0   -9   -9.0   -9   -9.0   -9   -9.0   -9   -9.0   -9 -99.0 -99.0 -99.0 -99.0 -99.0
20260622 211  2.2  1883   7  4.2 1705   7  8.3 1610  20.4  25.7 1354  16.7  142  15.5  24.7  14.8  74.8  59.0 1356  17.6  -9.0  -9.0 -9.00  986.9 1010.2 1012.4 2236 1008.1 1353  8.3  4.5 14.8 -9.0 -9.00 -9.00   -9   -9.0   -9.0 -9.00   -9.0   -9   -9.0   -9   -9.0   -9   -9.0   -9   -9.0   -9 -99.0 -99.0 -99.0 -99.0 -99.0
20260622 212  1.0   888   7  2.9 1823   5  6.0 1753  22.2  28.3 1628  18.4  425  16.7  24.2  17.2  72.9  50.0 1416  19.0  -9.0  -9.0 -9.00  993.7 1009.8 1012.0 2224 1007.3 1610  8.3  4.4 14.8 -9.0 -9.00 -9.00   -9    4.5   -9.0 -9.00    4.5 1803    3.3 1829   -9.0   -9   -9.0   -9   -9.0   -9 -99.0 -99.0 -99.0 -99.0 -99.0
20260622 216  1.7  1502   2  4.0 1258   7  6.7 1513  15.8  20.3 1155  13.6  404  13.5  19.5  14.9  87.3  68.0 1105  15.5   3.3   2.3 -9.00  930.4 1011.3 1013.4 2246 1009.4 1153  9.0  1.6 14.7 -9.0 14.33  2.48 1000   -9.0   -9.0 -9.00   -9.0   -9   -9.0   -9   -9.0   -9   -9.0   -9   -9.0   -9 -99.0 -99.0 -99.0 -99.0 -99.0
20260622 217  1.3  1144   5  3.5 1740   5  6.6 1702  18.9  25.0 1227  15.2  304  14.2  24.2  17.2  75.4  53.0 1219  16.2  -9.0  -9.0 -9.00  975.1 1011.0 1013.3 2236 1008.5 1552  8.9  1.8 14.8 -9.0 -9.00 -9.00   -9   -9.0   -9.0 -9.00   -9.0   -9   -9.0   -9   -9.0   -9   -9.0   -9   -9.0   -9 -99.0 -99.0 -99.0 -99.0 -99.0
20260622 221  1.1   965   5  2.8 2340   5  4.2 2338  21.1  24.7 1402  17.4  422  16.7  23.8  17.4  77.5  55.0 1316  19.0  -9.0  -9.0 -9.00  979.4 1009.6 1011.4 2308 1007.5 1625  9.1  1.7 14.7 -9.0 -9.00 -9.00   -9   -9.0   -9.0 -9.00   -9.0   -9   -9.0   -9   -9.0   -9   -9.0   -9   -9.0   -9 -99.0 -99.0 -99.0 -99.0 -99.0
20260622 226  1.4  1212  14  3.5 1516  14  6.8 1515  21.2  24.7 1242  18.5  513  18.1  23.4  16.6  83.4  68.0 1244  20.8  -9.0  -9.0 -9.00  990.0 1009.7 1011.6 2223 1008.0 1652  9.4  1.5 14.7 -9.0 -9.00 -9.00   -9   -9.0   -9.0 -9.00   -9.0   -9   -9.0   -9   -9.0   -9   -9.0   -9   -9.0   -9 -99.0 -99.0 -99.0 -99.0 -99.0
20260622 232  0.8   663  14  2.2 1907  11  3.7 1053  22.8  26.3 1544  19.0  527  19.2  25.3  18.8  81.6  60.0 1546  22.2  -9.0  -9.0 -9.00 1000.1 1009.8 1011.5 2234 1008.2 1603  9.4  1.4 14.7 -9.0 -9.00 -9.00   -9   -9.0   -9.0 -9.00   -9.0   -9   -9.0   -9   -9.0   -9   -9.0   -9   -9.0   -9 -99.0 -99.0 -99.0 -99.0 -99.0
20260622 235  1.8  1542  18  4.4 1459  20  6.7 1502  21.8  24.5 1112  19.8 2357  18.7  23.8  18.2  83.4  72.0 1135  21.6   3.3   2.3 -9.00 1007.6 1008.8 1010.3 2157 1007.6  459  9.1  1.1 14.6 -9.0 11.76  1.58 1100   -9.0   -9.0 -9.00   -9.0   -9   -9.0   -9   -9.0   -9   -9.0   -9   -9.0   -9 -99.0 -99.0 -99.0 -99.0 -99.0
20260622 236  0.8   680  20  3.0 1541  23  5.6 1538  22.1  25.5 1240  19.4 2307  19.1  24.2  19.0  84.1  69.0 1227  22.1  -9.0  -9.0 -9.00 1008.1 1009.6 1011.2 2321 1008.4 1758  9.0  0.7 14.6 -9.0 -9.00 -9.00   -9   -9.0   -9.0 -9.00   -9.0   -9   -9.0   -9   -9.0   -9   -9.0   -9   -9.0   -9 -99.0 -99.0 -99.0 -99.0 -99.0
20260622 238  0.7   635   9  2.1 1641  29  3.7 1522  21.9  25.8 1341  19.7  314  19.6  24.1  18.9  87.6  67.0 1233  22.9  -9.0  -9.0 -9.00  989.4 1008.8 1010.5 2224 1007.1 1637  9.3  0.0 14.6 -9.0 -9.00 -9.00   -9    0.2   -9.0 -9.00    0.2   -9    0.2   -9   -9.0   -9   -9.0   -9   -9.0   -9 -99.0 -99.0 -99.0 -99.0 -99.0
20260622 239  0.8   689  11  3.2 1912   9  6.3 1904  22.4  25.7 1215  19.6 2336  19.5  25.0  19.7  85.3  66.0 1206  22.8   3.3   2.3 -9.00  998.5 1008.8 1010.5 2226 1007.1 1625  9.4  1.1 14.7 -9.0 12.44  1.88 1000   21.1   -9.0 -9.00   20.6 1850   12.1 1913   -9.0   -9   -9.0   -9   -9.0   -9 -99.0 -99.0 -99.0 -99.0 -99.0
20260622 243  1.0   851  32  2.8 1420  29  6.0 1712  21.6  24.4 1333  20.2  301  19.4  22.1  19.3  88.0  73.0 1008  22.5  -9.0  -9.0 -9.00 1008.1 1009.5 1011.1 2312 1008.2 1622 10.0  0.0 14.6 -9.0 -9.00 -9.00   -9    4.0   -9.0 -9.00    3.8 1948    1.5 1945   -9.0   -9   -9.0   -9   -9.0   -9 -99.0 -99.0 -99.0 -99.0 -99.0
20260622 244  1.0   872  20  2.4 1337  20  4.0 1142  21.1  23.8 1226  19.7 2357  19.3  22.9  19.9  89.9  75.0 1303  22.3  -9.0  -9.0 -9.00  980.9 1009.1 1010.7 2326 1007.8 1641  9.9  0.0 14.6 -9.0 -9.00 -9.00   -9    5.0   -9.0 -9.00    4.7 1446    3.0 1459   -9.0   -9   -9.0   -9   -9.0   -9 -99.0 -99.0 -99.0 -99.0 -99.0
20260622 245  1.6  1389  20  4.2 1416  23  6.4 1415  21.7  24.8 1018  20.3  456  19.5  23.1  19.7  88.0  74.0 1019  22.7   2.4   1.7 -9.00 1001.4 1009.4 1010.9 2310 1007.8 1638 10.0  0.0 14.6 -9.0  7.01  1.13 1000    2.0   -9.0 -9.00    1.1 1727    0.8 1812   -9.0   -9   -9.0   -9   -9.0   -9 -99.0 -99.0 -99.0 -99.0 -99.0
20260622 247  1.3  1105  29  3.2 1350  27  4.7 1342  21.6  24.3 1304  20.0 2255  18.8  22.5  19.3  84.6  73.0 1314  21.7  -9.0  -9.0 -9.00  993.9 1009.2 1010.5 2123 1007.9 1648 10.0  0.0 14.6 -9.0 -9.00 -9.00   -9    0.3   -9.0 -9.00    0.2   -9    0.2   -9   -9.0   -9   -9.0   -9   -9.0   -9 -99.0 -99.0 -99.0 -99.0 -99.0
20260622 248  1.1   982  23  3.0 1252  23  5.4 1251  20.5  23.7 1047  17.7 2347  18.2  22.9  16.8  87.8  72.0 1049  21.0  -9.0  -9.0 -9.00  963.3 1009.4 1011.3 2331 1007.6 1648  9.9  0.2 14.6 -9.0 -9.00 -9.00   -9    0.2   -9.0 -9.00    0.2   -9    0.2   -9   -9.0   -9   -9.0   -9   -9.0   -9 -99.0 -99.0 -99.0 -99.0 -99.0
20260622 251  1.3  1102  18  3.4 1607  18  5.3 1627  21.7  23.8 1238  20.2  331  20.2  22.5  19.7  91.8  84.0 1139  23.7   1.9   1.4 -9.00 1003.6 1009.4 1010.8 2313 1007.9  456 10.0  0.0 14.6 -9.0  5.29  0.83 1200    0.0   -9.0 -9.00    0.0   -9    0.0   -9   -9.0   -9   -9.0   -9   -9.0   -9 -99.0 -99.0 -99.0 -99.0 -99.0
20260622 252  0.8   713  18  2.1 1451  23  3.6 1510  20.8  23.2 1123  19.2 2329  19.0  22.1  18.8  90.1  81.0 1130  22.0   1.5   1.0 -9.00 1005.1 1009.4 1010.6 2313 1007.6  501 10.0  0.0 14.5 -9.0  3.00  0.65 1100    4.2   -9.0 -9.00    3.4 1354    1.0 1432   -9.0   -9   -9.0   -9   -9.0   -9 -99.0 -99.0 -99.0 -99.0 -99.0
20260622 253  1.0   905  11  3.1 1729  16  5.7 1104  20.8  23.3 1145  19.0 2226  17.9  23.1  18.1  84.0  69.0 1142  20.5   2.1   1.5 -9.00 1004.6 1010.9 1012.4 2215 1009.9 1729  9.8  0.0 14.5 -9.0  7.05  1.44 1100    0.5   -9.0 -9.00    0.5  530    0.3  607   -9.0   -9   -9.0   -9   -9.0   -9 -99.0 -99.0 -99.0 -99.0 -99.0
20260622 254  1.0   836  18  3.1 1346  18  4.6 1344  21.5  23.8 1248  20.0 2254  18.6  22.4  19.9  84.0  74.0 1249  21.4   1.8   1.3 -9.00  995.0 1009.9 1011.4 2201 1008.5 1647  9.9  0.0 14.6 -9.0  5.12  1.04 1200    0.3   -9.0 -9.00    0.2   -9    0.1   -9   -9.0   -9   -9.0   -9   -9.0   -9 -99.0 -99.0 -99.0 -99.0 -99.0
20260622 255  1.1   931   9  3.0 2238   7  5.2 1759  21.8  24.1 1105  20.4  623  18.2  21.7  18.2  80.5  73.0 1800  21.0   1.9   1.3 -9.00 1004.0 1009.9 1011.4 2229 1008.8 1724  9.6  0.0 14.5 -9.0  5.36  1.05 1000    0.6   -9.0 -9.00    0.4  544    0.2   -9   -9.0   -9   -9.0   -9   -9.0   -9 -99.0 -99.0 -99.0 -99.0 -99.0
20260622 257  1.6  1378   5  3.4 2345  11  6.1 1310  21.9  24.4 1100  20.3 2358  18.4  22.7  18.9  81.0  66.0 1059  21.2   2.6   1.8 -9.00 1009.6 1010.3 1011.8 2226 1009.4  113  9.6  0.1 14.5 -9.0  7.53  1.30 1000    0.2   -9.0 -9.00    0.2   -9    0.2   -9   -9.0   -9   -9.0   -9   -9.0   -9 -99.0 -99.0 -99.0 -99.0 -99.0
20260622 258  2.1  1787  18  3.6  753  18  4.8  752  20.6  22.2    1  19.6 2157  19.2  21.5  19.6  91.9  86.0   37  22.3   1.2   0.8 -9.00 1010.4 1010.6 1011.6 2135 1009.1  507 10.0  0.0 14.5 -9.0  3.63  0.49 1000    6.9   -9.0 -9.00    3.0 1338    0.7 1400   -9.0   -9   -9.0   -9   -9.0   -9 -99.0 -99.0 -99.0 -99.0 -99.0
20260622 259  1.1   917   9  3.1 1830   9  5.8 1602  20.6  22.3    1  19.4 2354  19.2  22.6  19.1  92.5  83.0    1  22.3   1.4   1.0 -9.00 1007.9 1009.8 1010.7 2122 1008.5  437 10.0  0.0 14.5 -9.0  3.99  0.67  800    6.9   -9.0 -9.00    2.2 1357    0.6  554   -9.0   -9   -9.0   -9   -9.0   -9 -99.0 -99.0 -99.0 -99.0 -99.0
20260622 260  2.0  1695  18  3.6 1636  18  6.0 1623  20.5  22.1    1  19.4 2337  18.8  22.1  19.2  90.6  86.0 2218  21.7  -9.0  -9.0 -9.00 1004.8 1009.9 1010.8 2141 1008.5  448  9.9  0.0 14.5 -9.0 -9.00 -9.00   -9    8.3   -9.0 -9.00    3.1 1354    0.7 1435   -9.0   -9   -9.0   -9   -9.0   -9 -99.0 -99.0 -99.0 -99.0 -99.0
20260622 261  2.6  2235  11  5.2 1802  11  7.1 1757  20.8  21.8  953  19.8 2256  19.1  22.7  18.8  90.8  88.0 1207  22.2  -9.0  -9.0 -9.00 1008.1 1010.0 1010.9 2134 1008.7  424 10.0  0.0 14.5 -9.0 -9.00 -9.00   -9    6.8   -9.0 -9.00    2.2 1420    0.5  543   -9.0   -9   -9.0   -9   -9.0   -9 -99.0 -99.0 -99.0 -99.0 -99.0
20260622 262  1.4  1216  18  2.7  709  18  5.5 1105  20.0  21.8    1  18.5 2215  18.6  22.0  20.4  92.0  85.0    5  21.4   1.3   0.9 -9.00 1004.0 1010.0 1011.1 2141 1008.6  505 10.0  0.0 14.5 -9.0  4.27  0.54 1600   10.2   -9.0 -9.00    2.3 1442    0.6  616   -9.0   -9   -9.0   -9   -9.0   -9 -99.0 -99.0 -99.0 -99.0 -99.0
20260622 263  0.8   732  23  2.7 1605  23  4.0 1558  20.7  22.6 1232  19.0 2317  19.2  23.3  18.2  91.8  82.0 1240  22.3   1.5   1.0 -9.00 1008.7 1010.3 1011.8 2237 1009.1 1722  9.8  0.0 14.6 -9.0  4.88  0.87 1100    0.5   -9.0 -9.00    0.3  839    0.1   -9   -9.0   -9   -9.0   -9   -9.0   -9 -99.0 -99.0 -99.0 -99.0 -99.0
20260622 264  1.3  1101  16  3.2 1326  14  5.8 1536  20.8  23.1 1144  18.8 2357  19.1  23.1  18.3  90.4  82.0 1153  22.1   1.6   1.1 -9.00  992.5 1010.0 1011.7 2216 1008.6 1705  9.8  0.0 14.6 -9.0  5.16  1.03 1100    0.3   -9.0 -9.00    0.3  448    0.1   -9   -9.0   -9   -9.0   -9   -9.0   -9 -99.0 -99.0 -99.0 -99.0 -99.0
20260622 266  0.9   794   9  2.6 1641   7  5.0 1658  20.1  21.0  731  18.9 2321  19.8  21.3  18.5  99.0  90.0  658  23.1   0.9   0.6 -9.00 1000.3 1010.5 1011.8 2239 1009.2  529 10.0  0.0 14.5 -9.0  2.88  0.52 1600    7.1   -9.0 -9.00    2.5 1342    0.6 1302   -9.0   -9   -9.0   -9   -9.0   -9 -99.0 -99.0 -99.0 -99.0 -99.0
20260622 268  1.2  1046  14  3.3  720  11  5.3  703  20.1  21.7 1134  18.7 2400  18.6  21.5  19.9  91.6  84.0 1015  21.5  -9.0  -9.0 -9.00 1007.3 1008.4 1009.2 1234 1007.0 1730 10.0  0.0 14.5 -9.0 -9.00 -9.00   -9    5.8   -9.0 -9.00    1.3 1244    0.5  525   -9.0   -9   -9.0   -9   -9.0   -9 -99.0 -99.0 -99.0 -99.0 -99.0
20260622 271  1.0   860  14  3.2 1547   5  5.3 1732  19.2  24.0 1240  15.5  510  15.5  20.8  15.0  80.5  58.0 1218  17.6  -9.0  -9.0 -9.00  973.5 1010.7 1012.8 2230 1009.0 1633  9.0  1.2 14.7 -9.0 -9.00 -9.00   -9    0.0   -9.0 -9.00    0.0   -9    0.0   -9   -9.0   -9   -9.0   -9   -9.0   -9 -99.0 -99.0 -99.0 -99.0 -99.0
20260622 272  1.4  1210  14  3.3 1831  14  5.4 1828  20.6  24.2 1629  17.3  509  17.0  23.5  17.1  81.0  63.0 1112  19.3  -9.0  -9.0 -9.00  985.9 1010.2 1012.2 2222 1008.4 1621  9.1  1.3 14.7 -9.0 -9.00 -9.00   -9   -9.0   -9.0 -9.00   -9.0   -9   -9.0   -9   -9.0   -9   -9.0   -9   -9.0   -9 -99.0 -99.0 -99.0 -99.0 -99.0
20260622 273  1.1   950  14  2.6 1621  18  4.1 1212  21.2  24.3 1200  18.0  527  17.9  23.3  17.0  82.6  68.0 1152  20.6  -9.0  -9.0 -9.00  989.6 1009.5 1011.4 2216 1008.0 1648  9.1  0.4 14.7 -9.0 -9.00 -9.00   -9   -9.0   -9.0 -9.00   -9.0   -9   -9.0   -9   -9.0   -9   -9.0   -9   -9.0   -9 -99.0 -99.0 -99.0 -99.0 -99.0
20260622 276  1.6  1394  14  4.0 1357  14  7.7 1636  19.6  24.6 1156  15.8 2320  17.1  22.2  14.7  86.6  64.0 1158  19.5   3.5   2.4 -9.00  986.1 1010.2 1012.5 2215 1008.9 1311  8.9  1.2 14.7 -9.0 13.56  2.25 1100   -9.0   -9.0 -9.00   -9.0   -9   -9.0   -9   -9.0   -9   -9.0   -9   -9.0   -9 -99.0 -99.0 -99.0 -99.0 -99.0
20260622 277  2.6  2256   7  6.0 1331   5 10.0 1309  18.3  21.6 1206  16.5  521  16.2  22.6  16.8  88.1  76.0 1157  18.4  -9.0  -9.0 -9.00 1006.5 1011.3 1013.1 2223 1010.2  250  8.9  1.6 14.7 -9.0 -9.00 -9.00   -9   -9.0   -9.0 -9.00   -9.0   -9   -9.0   -9   -9.0   -9   -9.0   -9   -9.0   -9 -99.0 -99.0 -99.0 -99.0 -99.0
20260622 278  1.0   841  23  2.4 1437  18  4.6 1837  20.9  25.3 1238  17.0 2400  17.2  24.1  15.9  81.0  55.0 1147  19.6  -9.0  -9.0 -9.00  999.9 1009.3 1011.4 2237 1007.9 1714  8.9  0.5 14.6 -9.0 -9.00 -9.00   -9   -9.0   -9.0 -9.00   -9.0   -9   -9.0   -9   -9.0   -9   -9.0   -9   -9.0   -9 -99.0 -99.0 -99.0 -99.0 -99.0
20260622 279  1.7  1439  14  3.4 1622  11  6.4 1621  22.3  25.1 1244  19.9 2359  16.5  24.1  18.2  70.5  58.0 1127  18.8   3.1   2.2 -9.00 1004.2 1009.8 1011.7 2228 1008.7  532  8.6  0.0 14.6 -9.0  8.59  1.46 1200   -9.0   -9.0 -9.00   -9.0   -9   -9.0   -9   -9.0   -9   -9.0   -9   -9.0   -9 -99.0 -99.0 -99.0 -99.0 -99.0
20260622 281  1.9  1604  11  3.7 1617  11  6.9 1732  19.5  21.9 1314  18.0 2354  16.0  21.3  16.4  80.9  67.0 1320  18.2  -9.0  -9.0 -9.00 1000.0 1011.1 1013.0 2202 1010.0  550  9.4  0.1 14.6 -9.0 -9.00 -9.00   -9   -9.0   -9.0 -9.00   -9.0   -9   -9.0   -9   -9.0   -9   -9.0   -9   -9.0   -9 -99.0 -99.0 -99.0 -99.0 -99.0
20260622 283  2.0  1734  36  4.1  900   2  7.1 1400  19.6  22.0 1341  18.1 2206  16.6  21.6  17.8  83.6  69.0 1344  18.9   2.3   1.6 -9.00 1006.6 1011.3 1013.1 2218 1010.1  241  9.8  0.0 14.6 -9.0  6.93  1.33 1300    0.0   -9.0 -9.00    0.0   -9    0.0   -9   -9.0   -9   -9.0   -9   -9.0   -9 -99.0 -99.0 -99.0 -99.0 -99.0
20260622 284  1.9  1613  14  4.0 1314  14  5.7 1345  20.5  21.8 1410  19.6 2335  18.1  22.0  13.1  86.8  78.0 1422  20.8   1.7   1.2 -9.00  982.7 1008.9 1010.4 2214 1007.7 1659  9.9  0.0 14.6 -9.0  4.86  0.81 1000   -9.0   -9.0 -9.00   -9.0   -9   -9.0   -9   -9.0   -9   -9.0   -9   -9.0   -9 -99.0 -99.0 -99.0 -99.0 -99.0
20260622 285  0.6   514  23  1.8   16  23  3.8    9  21.3  23.2 1341  19.9 2241  19.3  23.2  20.1  88.9  75.0 1340  22.3  -9.0  -9.0 -9.00 1007.1 1010.2 1011.6 2145 1008.8 1718  9.8  0.0 14.6 -9.0 -9.00 -9.00   -9    0.2   -9.0 -9.00    0.1   -9    0.1   -9   -9.0   -9   -9.0   -9   -9.0   -9 -99.0 -99.0 -99.0 -99.0 -99.0
20260622 288  1.3  1155   7  2.9 1855  23  4.6 1425  22.0  24.7 1349  19.6 2355  18.0  23.2  19.4  78.6  67.0 1519  20.7   2.7   1.9 -9.00 1007.8 1008.8 1010.5 2209 1007.7 1741  9.8  0.0 14.6 -9.0  7.66  1.26 1100    0.0   -9.0 -9.00    0.0   -9    0.0   -9   -9.0   -9   -9.0   -9   -9.0   -9 -99.0 -99.0 -99.0 -99.0 -99.0
20260622 289  1.4  1232   5  3.5 1422   7  6.4 1422  19.8  21.1 1020  18.5 2305  18.7  22.1  17.7  93.3  89.0 1039  21.5  -9.0  -9.0 -9.00  994.8 1010.8 1012.2 2220 1009.5 1712  9.9  0.0 14.6 -9.0 -9.00 -9.00   -9    0.0   -9.0 -9.00    0.0   -9    0.0   -9   -9.0   -9   -9.0   -9   -9.0   -9 -99.0 -99.0 -99.0 -99.0 -99.0
20260622 294  1.8  1532  11  3.0 1048  14  6.7 1753  19.6  21.2 1234  18.8  825  17.0  21.8  18.4  85.8  76.0 1300  19.4  -9.0  -9.0 -9.00 1005.7 1010.9 1012.3 2239 1009.7  602 -9.0  0.0 14.5 -9.0 -9.00 -9.00   -9    3.6   -9.0 -9.00    1.1 1447    0.4  821   -9.0   -9   -9.0   -9   -9.0   -9 -99.0 -99.0 -99.0 -99.0 -99.0
20260622 295  0.7   580   9  2.1 1310   9  3.7 1702  20.2  21.5  132  18.6 2310  18.4  23.4  18.8  90.1  80.0  416  21.2  -9.0  -9.0 -9.00 1005.0 1010.3 1011.7 2221 1009.0  541 10.0  0.0 14.5 -9.0 -9.00 -9.00   -9    4.8   -9.0 -9.00    1.6 1424    0.5 1445   -9.0   -9   -9.0   -9   -9.0   -9 -99.0 -99.0 -99.0 -99.0 -99.0
20260622 296  1.7  1459   7  4.0 1828   5  6.8 1803  21.4  24.0 1125  20.1 2341  18.3  22.3  18.4  83.0  71.0 1131  21.0   2.6   1.8 -9.00 1009.3 1009.6 1011.1 2220 1008.5 1734  9.8  0.0 14.5 -9.0  7.97  1.46 1100    0.5   -9.0  7.78    0.5  536    0.3  614   -9.0   -9   -9.0   -9   -9.0   -9 -99.0 -99.0 -99.0 -99.0 -99.0
20260623  90  2.2  1896  11  4.0 1603  14  6.8 1229  19.4  22.8 1441  17.3  339  15.4  25.5  17.3  78.8  62.0 1309  17.5   6.6   4.6 -9.00 1012.1 1014.2 1015.5 2213 1012.3  139  5.5  9.4 14.8 -9.0 28.52  3.60 1200    0.1   -9.0 -9.00    0.1   -9    0.1   -9   -9.0   -9   -9.0   -9   -9.0   -9 -99.0 -99.0 -99.0 -99.0 -99.0
20260623  93  1.8  1556   5  5.2 1541   5  9.0 1541  23.2  29.8 1611  16.7  532  13.6  28.1  16.0  59.3  30.0 1634  15.7   9.6   6.7 -9.00 1000.1 1011.1 1012.5  552 1008.6 1634  2.1 13.0 14.8 -9.0 31.05  3.60 1200   -9.0   -9.0 -9.00   -9.0   -9   -9.0   -9   -9.0   -9   -9.0   -9   -9.0   -9  25.0  23.7  20.8  15.8  13.6
20260623  95  1.9  1683  11  4.9 2242  11  7.2 2400  23.3  31.2 1451  16.8  542  14.6  26.7  16.6  63.5  26.0 1450  16.8   9.3   6.5 -9.00  993.0 1010.7 1012.2  507 1008.3 1604  1.4 13.1 14.8 -9.0 31.23  3.65 1200   -9.0   -9.0 -9.00   -9.0   -9   -9.0   -9   -9.0   -9   -9.0   -9   -9.0   -9 -99.0 -99.0 -99.0 -99.0 -99.0
20260623  98  0.9   795  14  2.6 1338  16  5.4 1424  23.9  30.6 1512  17.7  316  14.4  28.2  16.1  59.6  30.0 1545  16.5   8.5   5.9 -9.00  996.6 1009.8 1011.1  744 1007.8 1629  3.0 12.0 14.8 -9.0 30.22  3.60 1200   -9.0   -9.0 -9.00   -9.0   -9   -9.0   -9   -9.0   -9   -9.0   -9   -9.0   -9 -99.0 -99.0 -99.0 -99.0 -99.0
20260623  99  1.5  1303   9  3.6  942   5  6.1 1001  23.8  31.0 1547  18.1  130  16.1  27.8  18.0  67.5  29.0 1451  18.4   8.3   5.8 -9.00 1006.9 1010.4 1011.7  733 1008.5 1728  2.8 12.3 14.8 -9.0 29.76  3.61 1200   -9.0   -9.0 -9.00   -9.0   -9   -9.0   -9   -9.0   -9   -9.0   -9   -9.0   -9 -99.0 -99.0 -99.0 -99.0 -99.0
20260623 100  2.3  2015   9  4.6 1543   9  7.2 1244  14.7  18.2 1405  12.5  238  12.5  21.1  13.1  87.6  70.0 1121  14.5   5.4   3.8 -9.00  925.7 1013.4 1015.2 2153 1011.9 1626  5.1 10.0 14.8 -9.0 27.08  3.50 1100    0.5   -9.0 -9.00    0.5  621    0.5  711   -9.0   -9   -9.0   -9   -9.0   -9 -99.0 -99.0 -99.0 -99.0 -99.0
20260623 101  2.8  2438   5  5.4 1301   2  8.6 1420  23.4  29.5 1531  17.2  517  13.1  28.0  14.7  55.6  33.0 1614  15.2   9.9   6.9 -9.00 1001.3 1010.0 1011.5  539 1007.4 1700  2.0 13.4 14.8 -9.0 30.71  3.60 1200   -9.0   -9.0 -9.00   -9.0   -9   -9.0   -9   -9.0   -9   -9.0   -9   -9.0   -9  24.5  21.5  19.0  15.8  14.9
20260623 102  2.4  2116  34  5.0 1800  32  7.4 1606  20.3  24.9 1244  16.0  251  16.9  29.2  14.9  81.6  64.0 1347  19.3   7.1   5.0  5.78 1004.9 1009.1 1010.0 1023 1008.2 1808  5.3 13.0 14.8 -9.0 30.20  3.57 1200   -9.0   -9.0 -9.00   -9.0   -9   -9.0   -9   -9.0   -9   -9.0   -9   -9.0   -9 -99.0 -99.0 -99.0 -99.0 -99.0
20260623 104  1.4  1209  11  4.0 1339  11  6.8 1406  18.8  22.6 1516  15.7 2143  16.0  24.7  14.1  85.0  67.0 1505  18.2   6.0   4.2 -9.00 1004.2 1013.0 1014.5 2211 1011.5  152  4.9  8.9 14.8 -9.0 27.45  3.70 1200    0.1    0.0  1.42    0.1   -9    0.1   -9   -9.0   -9   -9.0   -9   -9.0   -9  21.8  21.1  19.4  15.0  13.6
20260623 105  1.6  1419  11  3.4 1601   9  6.6 1633  19.4  22.6 1449  17.0 2217  14.4  24.6  16.2  74.4  56.0 1457  16.5   6.4   4.5 -9.00 1010.8 1014.0 1015.4 2214 1012.4  200  5.4  9.1 14.8 -9.0 27.22  3.53 1200    0.1   -9.0 -9.00    0.1   -9    0.1   -9   -9.0   -9   -9.0   -9   -9.0   -9  22.8  21.9  20.6  16.4  15.0
20260623 106  1.4  1169   5  3.1  736  14  5.0 1727  19.0  22.8 1434  16.9 2330  15.6  24.7  14.9  81.3  60.0 1517  17.7   6.3   4.4 -9.00 1009.5 1014.2 1015.6 2129 1012.8  128  5.8  9.2 14.8 -9.0 26.92  3.63 1200    0.1   -9.0 -9.00    0.1   -9    0.1   -9   -9.0   -9   -9.0   -9   -9.0   -9 -99.0 -99.0 -99.0 -99.0 -99.0
20260623 108  2.4  2052  11  4.3 1534  11  9.4 1525  25.8  30.9 1622  20.9  523  15.7  27.4  17.5  56.9  32.0 1510  18.0  10.1   7.1 -9.00 1000.0 1009.8 1010.9 2255 1007.6 1736  1.9 13.0 14.8 -9.0 31.45  3.74 1200   -9.0   -9.0 -9.00   -9.0   -9   -9.0   -9   -9.0   -9   -9.0   -9   -9.0   -9  24.0  21.8  20.6  16.1  14.0
20260623 112  2.1  1788  25  4.0 1618   7  6.8  904  25.4  30.6 1530  20.8  337  17.1  28.2  17.5  63.4  32.0 1500  19.7   9.5   6.6 -9.00 1001.6 1009.5 1010.5    1 1007.8 1632  2.9 12.7 14.8 -9.0 30.37  3.67 1200   -9.0   -9.0 -9.00   -9.0   -9   -9.0   -9   -9.0   -9   -9.0   -9   -9.0   -9  23.2  21.7  15.3  18.9  13.7
20260623 114  2.2  1905   9  5.1 1257  14  9.3 2201  24.0  30.7 1603  18.3  552  14.8  30.4  17.4  61.4  27.0 1421  17.0   9.8   6.8 -9.00  993.0 1010.1 1011.6 2332 1007.4 1659  2.6 11.7 14.8 -9.0 30.43  3.66 1200   -9.0   -9.0 -9.00   -9.0   -9   -9.0   -9   -9.0   -9   -9.0   -9   -9.0   -9 -99.0 -99.0 -99.0 -99.0 -99.0
20260623 115  3.7  3165   5  5.4 1120   9  8.7 1112  18.1  21.5 1102  16.3  531  16.1  21.7  15.5  88.4  78.0 1113  18.3   3.2   2.2 -9.00  987.9 1013.7 1015.5 2219 1012.1  130  6.6  1.3 14.8 -9.0 13.59  2.83 1000    0.0    0.0  3.08    0.0   -9    0.0   -9   -9.0   -9   -9.0   -9   -9.0   -9  21.2  18.7  17.4  13.2  13.2
20260623 119  2.7  2346  11  5.7 1100  11  9.4 1053  24.7  29.6 1643  19.4  413  14.2  29.3  17.3  54.4  31.0 1649  16.3  10.3   7.2 -9.00 1004.9 1009.5 1010.9 2302 1007.6 1635  4.0 12.6 14.7 -9.0 29.96  3.49 1300   -9.0   -9.0 -9.00   -9.0   -9   -9.0   -9   -9.0   -9   -9.0   -9   -9.0   -9  23.8  21.4  19.2  14.7  13.3
20260623 121  2.5  2128  11  4.9 1740   5  7.9 1015  22.6  29.7 1550  16.5  512  13.9  27.4  13.8  60.8  33.0 1555  15.9   9.2   6.4 -9.00  983.8 1011.2 1013.6 2351 1008.3 1654  3.0 12.9 14.7 -9.0 31.28  3.71 1200   -9.0   -9.0 -9.00   -9.0   -9   -9.0   -9   -9.0   -9   -9.0   -9   -9.0   -9 -99.0 -99.0 -99.0 -99.0 -99.0
20260623 127  2.0  1701  11  4.6 1931   5  7.1 1439  23.1  29.7 1513  18.3  159  14.9  26.7  16.1  62.3  36.0 1356  17.0   8.9   6.2 -9.00  996.6 1009.7 1011.5 2343 1007.5 1639  3.8 11.1 14.7 -9.0 30.45  3.60 1300   -9.0   -9.0 -9.00   -9.0   -9   -9.0   -9   -9.0   -9   -9.0   -9   -9.0   -9 -99.0 -99.0 -99.0 -99.0 -99.0
20260623 129  2.5  2190   7  5.3 1005   7  9.5 1036  23.6  28.6 1446  18.5  355  16.3  27.2  16.3  66.6  43.0 1635  18.7   8.7   6.1 -9.00 1006.7 1009.6 1010.8    1 1008.3 1603  4.6 12.2 14.7 -9.0 29.84  3.59 1200   -9.0   -9.0 -9.00   -9.0   -9   -9.0   -9   -9.0   -9   -9.0   -9   -9.0   -9  23.6  21.6  21.5  15.3  15.1
20260623 130  1.5  1330   7  4.1 1447   5  6.5 1306  18.6  22.1 1114  16.9  648  15.6  23.6  16.0  83.5  61.0 1117  17.7  -9.0  -9.0 -9.00 1008.3 1014.0 1015.3 2144 1012.5  215  7.9  3.8 14.7 -9.0 -9.00 -9.00   -9   -9.0   -9.0 -9.00   -9.0   -9   -9.0   -9   -9.0   -9   -9.0   -9   -9.0   -9 -99.0 -99.0 -99.0 -99.0 -99.0
20260623 131  2.3  1997   9  4.3 2301   9  7.5 1839  23.8  28.4 1527  20.2  528  14.1  25.4  19.1  55.8  42.0 1528  16.1   9.6   6.7 -9.00 1003.3 1010.0 1011.4 2242 1008.3 1629  6.0 11.7 14.7 -9.0 30.48  3.69 1200   -9.0   -9.0 -9.00   -9.0   -9   -9.0   -9   -9.0   -9   -9.0   -9   -9.0   -9 -99.0 -99.0 -99.0 -99.0 -99.0
20260623 133  3.8  3260  11  6.5 1256  11 12.1 1318  22.3  26.2 1626  18.5  441  15.8  25.1  16.6  67.9  54.0 1400  18.0   7.6   5.3 -9.00 1002.6 1010.4 1011.4 2233 1009.1 1600  6.5  7.1 14.7 -9.0 23.71  3.02 1300   -9.0   -9.0 -9.00   -9.0   -9   -9.0   -9   -9.0   -9   -9.0   -9   -9.0   -9  24.8  23.7  21.4  17.4  15.9
20260623 135  3.2  2758   9  5.5 1009   9  8.9 1115  19.3  23.2 1639  17.2  344  14.9  21.5  17.8  76.1  64.0 1640  16.9   3.8   2.7 -9.00  982.8 1011.1 1012.1 2250 1009.4 1635  8.8  0.5 14.6 -9.0 11.23  1.50 1100   -9.0   -9.0 -9.00   -9.0   -9   -9.0   -9   -9.0   -9   -9.0   -9   -9.0   -9 -99.0 -99.0 -99.0 -99.0 -99.0
20260623 136  2.5  2176  14  5.3 1159  11  8.9 1631  20.3  24.8 1442  17.7 2355  14.8  24.1  16.2  71.3  56.0 1442  16.8   5.7   4.0 -9.00  996.6 1012.9 1014.3 2153 1011.8  237  8.1  4.4 14.7 -9.0 20.95  3.13 1400   -9.0   -9.0 -9.00   -9.0   -9   -9.0   -9   -9.0   -9   -9.0   -9   -9.0   -9 -99.0 -99.0 -99.0 -99.0 -99.0
20260623 137  0.8   661  14  2.2 1630  18  5.6 1626  21.1  25.7 1548  18.3  135  15.7  25.8  17.2  72.4  55.0 1627  17.9   4.1   2.8 -9.00  999.6 1010.8 1012.2 2255 1009.1 1627  7.3  2.5 14.7 -9.0 16.17  2.01 1300   -9.0   -9.0 -9.00   -9.0   -9   -9.0   -9   -9.0   -9   -9.0   -9   -9.0   -9 -99.0 -99.0 -99.0 -99.0 -99.0
20260623 138  3.9  3345   5  5.7 1227   5  9.7 1010  19.2  21.0 1322  17.8  540  17.5  21.3  17.5  90.3  71.0 1403  20.0   3.2   2.2 -9.00 1011.8 1012.3 1013.3 1009 1011.0  253  9.4  0.0 14.6 -9.0 11.30  2.19 1200    2.6    0.1 11.83    0.9  418    0.5  503   -9.0   -9   -9.0   -9   -9.0   -9  22.8  20.2  18.8  16.3  15.8
20260623 140  2.3  1944   7  4.5  825   7  8.7 2316  23.2  27.8 1603  19.2  308  17.1  25.2  16.2  70.0  56.0 1600  19.6  -9.0  -9.0 -9.00 1006.6 1009.9 1011.3    1 1008.5 1603  5.9  9.8 14.6 -9.0 -9.00 -9.00   -9   -9.0   -9.0 -9.00   -9.0   -9   -9.0   -9   -9.0   -9   -9.0   -9   -9.0   -9 -99.0 -99.0 -99.0 -99.0 -99.0
20260623 143  3.9  3394   9  6.7 1520  11 10.6 1609  19.8  22.7 1441  17.8  352  15.1  23.3  17.1  75.0  62.0 1440  17.2   4.5   3.2 -9.00 1004.9 1011.2 1012.0 1008 1010.2  254  9.9  0.9 14.6 -9.0 14.62  2.08 1400   -9.0   -9.0 -9.00   -9.0   -9   -9.0   -9   -9.0   -9   -9.0   -9   -9.0   -9 -99.0 -99.0 -99.0 -99.0 -99.0
20260623 146  2.5  2124   9  4.7 1208   9  8.6 1208  23.2  28.1 1601  18.7  554  16.1  25.5  16.5  66.6  44.0 1607  18.3   7.7   5.4 -9.00 1002.1 1009.1 1010.6    1 1007.5 1544  6.9 11.5 14.6 -9.0 27.61  3.49 1300   -9.0   -9.0 -9.00   -9.0   -9   -9.0   -9   -9.0   -9   -9.0   -9   -9.0   -9 -99.0 -99.0 -99.0 -99.0 -99.0
20260623 152  2.4  2081   9  4.1 1155  11  8.2 1634  18.5  20.9 1306  17.1  639  16.6  21.7  17.3  89.0  75.0 1310  18.9   2.6   1.8 -9.00 1002.0 1011.5 1012.6 1047 1010.5  245  9.9  0.2 14.6 -9.0 10.58  1.57 1200    0.3   -9.0 11.73    0.3  550    0.2   -9   -9.0   -9   -9.0   -9   -9.0   -9 -99.0 -99.0 -99.0 -99.0 -99.0
20260623 155  2.7  2348   5  5.1 1236   9 10.2 1325  21.3  24.5 1329  19.1    8  16.3  22.9  18.3  73.6  61.0 1325  18.5   3.9   2.7 -9.00 1006.4 1010.5 1011.8 1015 1009.8  346  9.6  1.4 14.5 -9.0 10.76  2.72 1300   -9.0   -9.0 -9.00   -9.0   -9   -9.0   -9   -9.0   -9   -9.0   -9   -9.0   -9 -99.0 -99.0 -99.0 -99.0 -99.0
20260623 156  2.4  2098   5  4.6 1214   5 10.9 1205  23.4  28.5 1339  19.0  527  16.6  29.7  16.1  67.4  48.0 1518  18.9   7.7   5.4 -9.00 1000.4 1008.5 1010.6    1 1007.1 1547  7.5  9.5 14.5 -9.0 27.52  3.75 1300   -9.0   -9.0 -9.00   -9.0   -9   -9.0   -9   -9.0   -9   -9.0   -9   -9.0   -9 -99.0 -99.0 -99.0 -99.0 -99.0
20260623 159  3.3  2883   9  4.8 1410  14 13.5 1345  20.5  23.1 1442  18.4  616  16.5  23.5  16.7  78.3  67.0 1446  18.8   3.6   2.5 -9.00 1002.1 1010.2 1011.6 1036 1009.4  402  9.8  0.4 14.5 -9.0 11.86  1.93 1400    0.1    0.1  1.07    0.1   -9    0.1   -9   -9.0   -9   -9.0   -9   -9.0   -9  23.1  22.2  21.0  16.8  17.1
20260623 162  2.1  1796  11  3.7 1516   5  9.4 1621  20.5  24.0 1525  18.8    1  16.5  22.4  18.1  78.1  63.0 1523  18.7   3.3   2.3 -9.00 1005.7 1009.3 1010.6 1011 1008.4 1633  9.6  0.9 14.5 -9.0 10.92  2.01 1400    0.0   -9.0 -9.00    0.0   -9    0.0   -9   -9.0   -9   -9.0   -9   -9.0   -9 -99.0 -99.0 -99.0 -99.0 -99.0
20260623 165  3.0  2551   7  5.6 1159   9 10.7 1217  22.3  25.6 1409  19.3  342  17.2  23.9  18.3  74.1  59.0 1403  19.6   6.2   4.4 -9.00 1003.2 1008.3 1010.3    1 1007.3 1613  8.6  4.9 14.5 -9.0 23.42  3.57 1300   -9.0    0.0 -9.00   -9.0   -9   -9.0   -9   -9.0   -9   -9.0   -9   -9.0   -9  22.8  21.2  20.4  17.5  15.6
20260623 168  7.2  6197   9 10.7 1618  11 15.2 1617  21.0  22.9 1527  19.7  400  16.5  23.3  19.3  76.1  66.0 1529  18.8   5.5   3.9 -9.00 1001.7 1009.3 1011.0    5 1008.1 1614  9.0  1.7 14.5 -9.0 11.93  2.42 1400    0.0    0.0  1.85    0.0   -9    0.0   -9   -9.0   -9   -9.0   -9   -9.0   -9  24.1  22.7  20.3  17.5  16.7
20260623 169  4.8  4157   7  7.5 1325   9 11.8 1314  20.5  24.1 1608  17.9    1  17.5  24.8  18.8  83.3  64.0 1603  19.9   5.4   3.8 -9.00  999.3 1008.0 1009.7    1 1007.3 1516  9.1  6.5 14.5 -9.0 22.71  3.36 1300   -9.0   -9.0 -9.00   -9.0   -9   -9.0   -9   -9.0   -9   -9.0   -9   -9.0   -9 -99.0 -99.0 -99.0 -99.0 -99.0
20260623 170  5.5  4730  11  9.0  922  11 15.4  915  21.3  24.3 1305  19.3  154  17.7  21.9  19.1  80.6  67.0 1308  20.3   3.9   2.7 -9.00 1004.2 1008.3 1010.3    1 1007.2 1517  9.8  0.2 14.5 -9.0  9.43  1.86 1200    0.0   -9.0 -9.00    0.0   -9    0.0   -9   -9.0   -9   -9.0   -9   -9.0   -9 -99.0 -99.0 -99.0 -99.0 -99.0
20260623 172  3.0  2615   9  6.2 1440  11  9.8 1554  23.0  27.8 1627  18.3  503  16.8  23.2  17.1  70.3  45.0 1609  19.2   7.7   5.4 -9.00 1002.2 1008.2 1010.3    1 1006.7 1601  8.0  6.7 14.6 -9.0 23.79  3.20 1100   -9.0   -9.0 -9.00   -9.0   -9   -9.0   -9   -9.0   -9   -9.0   -9   -9.0   -9 -99.0 -99.0 -99.0 -99.0 -99.0
20260623 174  2.5  2170  11  5.9 1305  11 10.5 1300  20.2  24.1 1645  16.9  156  15.4  21.9  17.9  75.5  56.0 1647  17.5  -9.0  -9.0 -9.00  988.8 1007.7 1009.7    1 1006.3 1656  9.3  1.6 14.5 -9.0 -9.00 -9.00   -9   -9.0   -9.0 -9.00   -9.0   -9   -9.0   -9   -9.0   -9   -9.0   -9   -9.0   -9 -99.0 -99.0 -99.0 -99.0 -99.0
20260623 177  2.3  1964   5  5.3 1521   7  7.9 1348  23.4  27.3 1329  19.1  425  17.4  26.9  18.0  70.8  51.0 1535  19.9   8.5   5.9 -9.00 1005.3 1008.5 1009.4    1 1007.1 1631  4.5 11.2 14.7 -9.0 29.01  3.44 1300   -9.0   -9.0 -9.00   -9.0   -9   -9.0   -9   -9.0   -9   -9.0   -9   -9.0   -9 -99.0 -99.0 -99.0 -99.0 -99.0
20260623 181  2.8  2388  16  5.4 1242  18  8.6 1239  22.5  26.8 1527  17.5  357  15.6  29.5  14.3  67.0  49.0 1640  17.7   8.8   6.2 -9.00 1006.6 1010.5 1011.8 2239 1009.0 1627  5.0 11.7 14.7 -9.0 30.36  3.58 1200   -9.0   -9.0 -9.00   -9.0   -9   -9.0   -9   -9.0   -9   -9.0   -9   -9.0   -9 -99.0 -99.0 -99.0 -99.0 -99.0
20260623 184  4.3  3705  11  6.6 1407   9 13.6 1235  20.3  22.9 1343  19.6 2024  17.9  20.8  19.1  86.6  70.0 1403  20.5   2.3   1.6 -9.00 1004.0 1006.4 1008.0   10 1005.5 1801 10.0  0.0 14.4 -9.0  6.65  1.74 1300   32.7   23.7 20.48    5.0  659    2.4  710   -9.0   -9   -9.0   -9   -9.0   -9  24.6  23.6  22.8  20.0  17.1
20260623 185  3.8  3296  25 10.2 1556  27 13.5 1607  20.7  24.2 1645  18.6  143  18.9  22.8  18.5  90.4  73.0 1516  21.9   3.3   2.3 -9.00  996.5 1004.8 1007.5   48 1003.2 1547  9.8  0.9 14.4 -9.0 12.27  1.96 1500   18.2   -9.0 -9.00    3.7  615    1.4  659   -9.0   -9   -9.0   -9   -9.0   -9 -99.0 -99.0 -99.0 -99.0 -99.0
20260623 188  5.7  4921   9  8.9 1045   9 16.3 1251  20.3  21.5 1356  19.5  815  19.2  20.3  19.2  93.8  80.0 1357  22.2  -9.0  -9.0 -9.00 1004.6 1007.0 1009.5    1 1005.7 1754 10.0  0.0 14.4 -9.0 -9.00 -9.00   -9   52.2   -9.0 -9.00    9.5  856    2.0  730   -9.0   -9   -9.0   -9   -9.0   -9 -99.0 -99.0 -99.0 -99.0 -99.0
20260623 189  4.5  3926   7  7.5 1134   9 13.4 1131  20.3  21.6 2345  19.2  447  18.8  20.8  19.1  91.4  84.0 2349  21.7   2.0   1.4 -9.00 1000.0 1006.0 1008.8    1 1004.4 1757 10.0  0.0 14.4 -9.0  6.28  0.97 1500   59.5   15.4 21.62   12.2  833    4.2  906   -9.0   -9   -9.0   -9   -9.0   -9 -99.0 -99.0 -99.0 -99.0 -99.0
20260623 192  1.3  1155   7  3.0 1305   5  9.2 1628  21.3  25.0 1510  18.3  324  16.7  23.6  18.4  76.5  59.0 1511  19.0   3.7   2.6 -9.00 1006.9 1010.3 1011.5  955 1009.1 1723  9.4  1.6 14.5 -9.0 12.09  2.18 1200   -9.0    0.0 -9.00   -9.0   -9   -9.0   -9   -9.0   -9   -9.0   -9   -9.0   -9 -99.0 -99.0 -99.0 -99.0 -99.0
20260623 201  1.6  1389  27  3.5 1613   9  5.6 1244  23.3  30.3 1522  18.1  249  17.3  27.2  15.1  72.3  34.0 1523  19.8  -9.0  -9.0 -9.00 1005.0 1010.5 1011.5  805 1009.0 1627  2.0 12.1 14.8 -9.0 -9.00 -9.00   -9   -9.0   -9.0 -9.00   -9.0   -9   -9.0   -9   -9.0   -9   -9.0   -9   -9.0   -9 -99.0 -99.0 -99.0 -99.0 -99.0
20260623 202  1.7  1463  18  3.5 1415  11  6.5 1257  24.4  30.3 1658  19.6  551  14.4  30.7  18.0  57.6  30.0 1728  16.6  -9.0  -9.0 -9.00 1005.0 1010.4 1011.8 2308 1008.2 1710  1.6 12.6 14.8 -9.0 -9.00 -9.00   -9   -9.0   -9.0 -9.00   -9.0   -9   -9.0   -9   -9.0   -9   -9.0   -9   -9.0   -9 -99.0 -99.0 -99.0 -99.0 -99.0
20260623 203  1.5  1259  16  3.8 1906  16  6.9 2014  24.0  30.3 1452  19.2  320  17.0  27.7  17.7  68.1  39.0 1611  19.5  -9.0  -9.0 -9.00 1001.5 1010.7 1012.3 2314 1008.5 1629  2.8 10.7 14.7 -9.0 -9.00 -9.00   -9   -9.0   -9.0 -9.00   -9.0   -9   -9.0   -9   -9.0   -9   -9.0   -9   -9.0   -9 -99.0 -99.0 -99.0 -99.0 -99.0
20260623 211  1.9  1663   5  3.7  935   2  6.9 1110  20.9  27.4 1456  16.2  508  12.7  28.0  13.5  62.6  35.0 1605  14.7  -9.0  -9.0 -9.00  988.6 1011.9 1014.2 2254 1009.5 1623  1.5 11.9 14.8 -9.0 -9.00 -9.00   -9   -9.0   -9.0 -9.00   -9.0   -9   -9.0   -9   -9.0   -9   -9.0   -9   -9.0   -9 -99.0 -99.0 -99.0 -99.0 -99.0
20260623 212  1.4  1233   9  3.1 1548   5  5.6 1623  23.1  31.0 1552  16.4  524  12.6  25.8  14.9  57.1  23.0 1514  14.8  -9.0  -9.0 -9.00  995.0 1011.1 1012.6  545 1008.4 1701  1.6 12.9 14.8 -9.0 -9.00 -9.00   -9   -9.0   -9.0 -9.00   -9.0   -9   -9.0   -9   -9.0   -9   -9.0   -9   -9.0   -9 -99.0 -99.0 -99.0 -99.0 -99.0
20260623 216  1.9  1667   2  4.0 1537   2  7.1 1533  16.0  21.1 1328  13.1 2227  11.9  22.1  14.3  78.0  56.0 1305  14.0   5.7   4.0 -9.00  932.2 1013.2 1015.4 2142 1010.9 1541  6.4  7.1 14.7 -9.0 25.28  3.53 1200   -9.0   -9.0 -9.00   -9.0   -9   -9.0   -9   -9.0   -9   -9.0   -9   -9.0   -9 -99.0 -99.0 -99.0 -99.0 -99.0
20260623 217  2.1  1817   2  5.1 1036   5  9.0 1006  19.1  25.7 1515  14.2 2321  11.3  29.2  14.5  63.0  41.0 1506  13.4  -9.0  -9.0 -9.00  976.7 1012.6 1015.1 2205 1010.0 1529  3.9 11.0 14.8 -9.0 -9.00 -9.00   -9   -9.0   -9.0 -9.00   -9.0   -9   -9.0   -9   -9.0   -9   -9.0   -9   -9.0   -9 -99.0 -99.0 -99.0 -99.0 -99.0
20260623 221  2.4  2042   5  4.2 1007   5  7.8 1252  21.3  27.4 1530  16.6 2303  14.0  27.2  15.3  65.4  38.0 1539  16.0  -9.0  -9.0 -9.00  980.7 1010.9 1012.9 2251 1008.3 1557  3.1 13.3 14.7 -9.0 -9.00 -9.00   -9   -9.0   -9.0 -9.00   -9.0   -9   -9.0   -9   -9.0   -9   -9.0   -9   -9.0   -9 -99.0 -99.0 -99.0 -99.0 -99.0
20260623 226  1.6  1407  14  3.8 1325  14  9.3 2222  20.1  24.4 1623  16.0  401  15.2  23.3  12.9  75.0  56.0 1731  17.3  -9.0  -9.0 -9.00  991.3 1011.1 1012.2 2158 1009.6 1621  6.5  4.0 14.7 -9.0 -9.00 -9.00   -9   -9.0   -9.0 -9.00   -9.0   -9   -9.0   -9   -9.0   -9   -9.0   -9   -9.0   -9 -99.0 -99.0 -99.0 -99.0 -99.0
20260623 232  2.7  2369  14  5.5 1505  16  9.6 1501  22.4  27.1 1633  17.4  502  15.7  26.7  16.5  68.9  46.0 1513  17.9  -9.0  -9.0 -9.00 1001.0 1010.8 1012.1 2236 1009.3 1625  5.5 11.5 14.7 -9.0 -9.00 -9.00   -9   -9.0   -9.0 -9.00   -9.0   -9   -9.0   -9   -9.0   -9   -9.0   -9   -9.0   -9 -99.0 -99.0 -99.0 -99.0 -99.0
20260623 235  2.6  2220   5  4.6 1604  11  8.7 2242  23.9  29.0 1425  18.5  414  16.5  26.4  16.4  65.8  46.0 1456  18.8   8.8   6.2 -9.00 1007.4 1008.6 1010.2    1 1007.4 1516  5.4 10.5 14.6 -9.0 28.40  3.56 1300   -9.0   -9.0 -9.00   -9.0   -9   -9.0   -9   -9.0   -9   -9.0   -9   -9.0   -9 -99.0 -99.0 -99.0 -99.0 -99.0
20260623 236  2.3  2001   9  4.3 1424   9  8.3 2238  23.0  27.3 1451  18.3  359  16.4  26.6  16.9  68.9  52.0 1455  18.7  -9.0  -9.0 -9.00 1008.4 1010.0 1011.0    1 1008.8 1527  5.3 10.8 14.6 -9.0 -9.00 -9.00   -9   -9.0   -9.0 -9.00   -9.0   -9   -9.0   -9   -9.0   -9   -9.0   -9   -9.0   -9 -99.0 -99.0 -99.0 -99.0 -99.0
20260623 238  2.1  1803   9  4.1 1215   7  7.9 1550  21.5  25.5 1611  17.5  456  15.8  24.7  15.1  71.4  53.0 1655  17.9  -9.0  -9.0 -9.00  990.2 1009.7 1010.7 2233 1008.3 1609  7.5  5.5 14.6 -9.0 -9.00 -9.00   -9   -9.0   -9.0 -9.00   -9.0   -9   -9.0   -9   -9.0   -9   -9.0   -9   -9.0   -9 -99.0 -99.0 -99.0 -99.0 -99.0
20260623 239  2.4  2055  11  5.3 1559   7 10.2 1551  22.0  26.2 1619  17.9  511  16.3  26.1  17.1  72.0  53.0 1458  18.6   7.1   5.0 -9.00  999.5 1009.8 1010.9 2224 1008.1 1651  5.3  8.5 14.7 -9.0 24.97  3.18 1200   -9.0   -9.0 -9.00   -9.0   -9   -9.0   -9   -9.0   -9   -9.0   -9   -9.0   -9 -99.0 -99.0 -99.0 -99.0 -99.0
20260623 243  2.4  2057  11  4.9 1650  11  8.1 1540  23.7  28.6 1611  19.7  346  16.9  24.2  17.6  68.5  43.0 1614  19.4  -9.0  -9.0 -9.00 1007.7 1009.1 1010.6    1 1007.9 1531  7.4  9.3 14.6 -9.0 -9.00 -9.00   -9   -9.0   -9.0 -9.00   -9.0   -9   -9.0   -9   -9.0   -9   -9.0   -9   -9.0   -9 -99.0 -99.0 -99.0 -99.0 -99.0
20260623 244  2.2  1866  20  4.4 1056  18  9.8 1149  21.5  25.7 1458  17.7  609  15.6  23.3  16.5  70.6  52.0 1500  17.7  -9.0  -9.0 -9.00  980.8 1009.0 1010.4    1 1007.8 1530  8.0  6.8 14.6 -9.0 -9.00 -9.00   -9   -9.0   -9.0 -9.00   -9.0   -9   -9.0   -9   -9.0   -9   -9.0   -9   -9.0   -9 -99.0 -99.0 -99.0 -99.0 -99.0
20260623 245  2.4  2038   7  5.3 1453   7  9.7 1438  23.0  27.2 1553  18.6  558  16.7  24.9  17.6  69.8  49.0 1551  19.1   7.1   4.9 -9.00 1000.9 1008.8 1010.4    1 1007.4 1619  7.5  9.2 14.6 -9.0 25.06  3.27 1100   -9.0   -9.0 -9.00   -9.0   -9   -9.0   -9   -9.0   -9   -9.0   -9   -9.0   -9 -99.0 -99.0 -99.0 -99.0 -99.0
20260623 247  4.3  3701   9  7.3 1533   9 13.3 1317  21.8  25.6 1516  17.9  532  16.5  24.5  17.0  72.5  58.0 1459  18.7  -9.0  -9.0 -9.00  993.4 1008.7 1010.4    6 1007.3 1559  8.1  9.9 14.6 -9.0 -9.00 -9.00   -9   -9.0   -9.0 -9.00   -9.0   -9   -9.0   -9   -9.0   -9   -9.0   -9   -9.0   -9 -99.0 -99.0 -99.0 -99.0 -99.0
20260623 248  1.8  1519   5  3.8 2249   5  8.6 2153  19.2  22.9 1441  15.8  519  14.7  21.9  14.2  77.0  59.0 1445  16.8  -9.0  -9.0 -9.00  963.7 1010.0 1011.3 1110 1008.9 1537  9.6  1.1 14.6 -9.0 -9.00 -9.00   -9   -9.0   -9.0 -9.00   -9.0   -9   -9.0   -9   -9.0   -9   -9.0   -9   -9.0   -9 -99.0 -99.0 -99.0 -99.0 -99.0
20260623 251  2.6  2234  11  5.6 1151   7  9.2 1109  22.9  27.2 1556  18.3  544  18.0  25.2  17.5  75.5  56.0 1646  20.6   6.4   4.5 -9.00 1002.7 1008.5 1010.4    1 1007.0 1554  8.3  8.3 14.6 -9.0 24.61  3.23 1300   -9.0   -9.0 -9.00   -9.0   -9   -9.0   -9   -9.0   -9   -9.0   -9   -9.0   -9 -99.0 -99.0 -99.0 -99.0 -99.0
20260623 252  1.4  1189  11  3.7 1608  11  6.6 1129  22.7  27.9 1637  18.2  533  17.2  24.7  16.8  73.3  50.0 1705  19.6   5.5   3.9 -9.00 1004.0 1008.3 1010.2    1 1006.9 1608  8.4  5.1 14.5 -9.0 21.69  2.82 1500   -9.0   -9.0 -9.00   -9.0   -9   -9.0   -9   -9.0   -9   -9.0   -9   -9.0   -9 -99.0 -99.0 -99.0 -99.0 -99.0
20260623 253  1.0   897  11  3.1 1640   7  7.5 1453  20.7  24.6 1345  19.1   16  16.5  23.4  18.2  77.3  64.0 1340  18.8   3.2   2.2 -9.00 1005.1 1011.4 1012.6 1041 1010.6  333  9.9  0.9 14.5 -9.0 12.12  2.48 1300    0.0   -9.0 -9.00    0.0   -9    0.0   -9   -9.0   -9   -9.0   -9   -9.0   -9 -99.0 -99.0 -99.0 -99.0 -99.0
20260623 254  1.6  1372  14  4.3 1117  11  8.3 1224  22.0  27.0 1618  17.7  554  15.4  25.3  16.7  68.3  47.0 1620  17.6   6.0   4.2 -9.00  994.5 1009.3 1011.2    2 1007.7 1615  8.4  3.9 14.6 -9.0 18.95  3.10 1300   -9.0   -9.0 -9.00   -9.0   -9   -9.0   -9   -9.0   -9   -9.0   -9   -9.0   -9 -99.0 -99.0 -99.0 -99.0 -99.0
20260623 255  2.0  1755   7  4.1 1340   9 11.1 1335  21.6  24.3 1305  19.8  417  16.4  20.5  18.0  72.6  63.0 1308  18.6   3.0   2.1 -9.00 1004.5 1010.4 1011.6 1035 1009.5 1331  9.6  0.2 14.5 -9.0  7.97  1.81 1300   -9.0   -9.0 -9.00   -9.0   -9   -9.0   -9   -9.0   -9   -9.0   -9   -9.0   -9 -99.0 -99.0 -99.0 -99.0 -99.0
20260623 257  2.9  2489   7  4.4 1549   7 10.7 2136  21.1  24.2 1319  19.8  642  17.6  22.0  18.5  80.9  67.0 1320  20.1   3.1   2.1 -9.00 1010.3 1011.0 1012.2 1046 1010.0  340  9.6  0.3 14.5 -9.0  9.85  2.12 1300    0.0   -9.0 -9.00    0.0   -9    0.0   -9   -9.0   -9   -9.0   -9   -9.0   -9 -99.0 -99.0 -99.0 -99.0 -99.0
20260623 258  4.6  3993  11  8.7 1620   9 12.2 1614  22.0  24.7 1510  19.3  416  17.4  20.9  19.0  76.3  63.0 1614  19.9   5.4   3.8 -9.00 1009.2 1009.4 1011.4    8 1008.2 1653  9.5  1.2 14.5 -9.0 12.86  3.17 1200    0.0   -9.0 -9.00    0.0   -9    0.0   -9   -9.0   -9   -9.0   -9   -9.0   -9 -99.0 -99.0 -99.0 -99.0 -99.0
20260623 259  2.9  2521   9  4.9  816   9 11.5 1522  22.1  25.1 1526  19.0   47  17.4  22.1  18.3  75.8  64.0 1529  19.9   4.0   2.8 -9.00 1006.4 1008.3 1010.3    1 1007.0 1608  9.4  0.6 14.5 -9.0 11.26  1.99 1300    0.0   -9.0 -9.00    0.0   -9    0.0   -9   -9.0   -9   -9.0   -9   -9.0   -9 -99.0 -99.0 -99.0 -99.0 -99.0
20260623 260  3.5  3053  11  7.5 1257  14 13.9 1608  21.8  23.8 1413  19.4    1  17.6  22.0  18.7  77.3  69.0 1635  20.1  -9.0  -9.0 -9.00 1003.4 1008.4 1010.6    1 1007.2 1543  9.6  0.7 14.5 -9.0 -9.00 -9.00   -9    0.0   -9.0 -9.00    0.0   -9    0.0   -9   -9.0   -9   -9.0   -9   -9.0   -9 -99.0 -99.0 -99.0 -99.0 -99.0
20260623 261  6.0  5176   9  9.0 2247   9 14.3  855  21.9  24.0 1355  19.8    9  17.8  21.6  18.8  78.3  71.0 1547  20.4  -9.0  -9.0 -9.00 1006.5 1008.4 1010.4    1 1007.2 1536  9.5  1.1 14.5 -9.0 -9.00 -9.00   -9    0.0   -9.0 -9.00    0.0   -9    0.0   -9   -9.0   -9   -9.0   -9   -9.0   -9 -99.0 -99.0 -99.0 -99.0 -99.0
20260623 262  2.8  2438   9  6.6 1524  11 12.4 1531  21.2  23.5 1645  18.7    1  16.8  21.8  19.9  76.4  66.0 1648  19.1   3.9   2.7 -9.00 1002.7 1008.7 1010.6    1 1007.4 1649  9.6  0.9 14.5 -9.0 10.72  1.55 1400    0.0   -9.0 -9.00    0.0   -9    0.0   -9   -9.0   -9   -9.0   -9   -9.0   -9 -99.0 -99.0 -99.0 -99.0 -99.0
20260623 263  2.3  1989  11  6.0 1632  11  9.3 1629  21.3  25.4 1405  18.4  503  17.3  24.8  17.8  78.9  60.0 1446  19.8   4.5   3.2 -9.00 1009.0 1010.6 1011.8 1015 1009.5 1602  9.4  2.6 14.5 -9.0 14.88  2.84 1300   -9.0   -9.0 -9.00   -9.0   -9   -9.0   -9   -9.0   -9   -9.0   -9   -9.0   -9 -99.0 -99.0 -99.0 -99.0 -99.0
20260623 264  2.0  1711  11  4.1 1503  11  7.4 1209  20.7  23.8 1425  17.8  420  17.0  22.4  17.3  80.0  67.0 1427  19.3   3.1   2.2 -9.00  993.0 1010.5 1011.7  957 1009.2 1559  9.8  0.3 14.6 -9.0  9.92  1.66 1300   -9.0   -9.0 -9.00   -9.0   -9   -9.0   -9   -9.0   -9   -9.0   -9   -9.0   -9 -99.0 -99.0 -99.0 -99.0 -99.0
20260623 266  3.0  2596   9  5.1 1559   5 12.0 2154  20.9  24.3 1659  18.8    5  17.5  21.9  18.1  81.5  63.0 1551  20.0   4.7   3.3 -9.00  999.6 1009.8 1011.5    1 1008.5 1617  9.6  2.6 14.5 -9.0 14.24  3.11 1200   -9.0   -9.0 -9.00   -9.0   -9   -9.0   -9   -9.0   -9   -9.0   -9   -9.0   -9 -99.0 -99.0 -99.0 -99.0 -99.0
20260623 268  3.0  2590   7  6.0 1204   5 10.5 1834  21.9  24.5 1446  18.4  233  17.0  21.9  19.0  74.8  64.0 1447  19.4  -9.0  -9.0 -9.00 1005.6 1006.7 1008.8    1 1005.8 1604  9.6  1.1 14.5 -9.0 -9.00 -9.00   -9   -9.0   -9.0 -9.00   -9.0   -9   -9.0   -9   -9.0   -9   -9.0   -9   -9.0   -9 -99.0 -99.0 -99.0 -99.0 -99.0
20260623 271  2.1  1811  14  5.2 1408  11  9.1 1402  18.6  24.0 1440  13.7  534  12.9  24.2  11.6  71.4  51.0 1046  14.9  -9.0  -9.0 -9.00  975.2 1012.6 1014.8 2137 1011.0 1536  4.3 12.0 14.7 -9.0 -9.00 -9.00   -9   -9.0   -9.0 -9.00   -9.0   -9   -9.0   -9   -9.0   -9   -9.0   -9   -9.0   -9 -99.0 -99.0 -99.0 -99.0 -99.0
20260623 272  1.7  1485  16  4.0 1723  11  6.8 1802  20.5  25.3 1447  16.5 2347  14.6  29.1  14.7  70.5  52.0 1627  16.7  -9.0  -9.0 -9.00  987.6 1011.9 1014.0 2220 1010.1 1646  4.8  7.7 14.7 -9.0 -9.00 -9.00   -9   -9.0   -9.0 -9.00   -9.0   -9   -9.0   -9   -9.0   -9   -9.0   -9   -9.0   -9 -99.0 -99.0 -99.0 -99.0 -99.0
20260623 273  2.3  1998   9  5.4 1549   9  8.9 1545  20.5  25.3 1407  16.1 2359  15.4  23.7  13.2  74.0  54.0 1545  17.5  -9.0  -9.0 -9.00  991.1 1011.1 1012.7 2147 1009.5 1635  7.1  5.9 14.7 -9.0 -9.00 -9.00   -9   -9.0   -9.0 -9.00   -9.0   -9   -9.0   -9   -9.0   -9   -9.0   -9   -9.0   -9 -99.0 -99.0 -99.0 -99.0 -99.0
20260623 276  2.1  1834   9  4.5 1135   9  7.8 1127  18.9  22.1 1343  15.8    1  15.7  23.5  16.0  82.8  66.0 1414  17.8   3.6   2.5 -9.00  987.9 1012.0 1013.4 2200 1010.9  251  9.1  1.1 14.6 -9.0 15.15  1.95 1400   -9.0   -9.0 -9.00   -9.0   -9   -9.0   -9   -9.0   -9   -9.0   -9   -9.0   -9 -99.0 -99.0 -99.0 -99.0 -99.0
20260623 277  4.1  3535   5  6.4 1303   2 10.8  703  18.0  20.9 1512  16.8  556  15.4  23.4  16.9  85.5  69.0 1509  17.5  -9.0  -9.0 -9.00 1008.6 1013.3 1014.5 1057 1011.7  259  8.6  0.3 14.7 -9.0 -9.00 -9.00   -9    0.0   -9.0 -9.00    0.0   -9    0.0   -9   -9.0   -9   -9.0   -9   -9.0   -9 -99.0 -99.0 -99.0 -99.0 -99.0
20260623 278  1.6  1399   7  3.5 1218   7  8.2 1214  20.3  24.4 1546  15.8  204  15.4  24.5  14.2  75.1  56.0 1518  17.5  -9.0  -9.0 -9.00 1001.5 1011.0 1012.3 2151 1010.0 1713  8.3  1.9 14.7 -9.0 -9.00 -9.00   -9   -9.0   -9.0 -9.00   -9.0   -9   -9.0   -9   -9.0   -9   -9.0   -9   -9.0   -9 -99.0 -99.0 -99.0 -99.0 -99.0
20260623 279  1.7  1444   9  3.6 1615   9  7.1 1835  21.4  26.4 1539  17.6  247  14.9  23.8  16.5  67.6  47.0 1539  16.9   4.1   2.9 -9.00 1005.7 1011.4 1012.5 2218 1009.9 1624  8.4  1.6 14.6 -9.0 13.08  2.25 1000   -9.0   -9.0 -9.00   -9.0   -9   -9.0   -9   -9.0   -9   -9.0   -9   -9.0   -9 -99.0 -99.0 -99.0 -99.0 -99.0
20260623 281  2.3  2001   9  4.3 1317   9  8.5 1316  19.0  21.9 1307  16.1  250  15.5  21.4  14.4  80.6  66.0 1308  17.6  -9.0  -9.0 -9.00 1001.2 1012.5 1013.4 1033 1011.3  248  9.3  0.1 14.6 -9.0 -9.00 -9.00   -9    0.0   -9.0 -9.00    0.0   -9    0.0   -9   -9.0   -9   -9.0   -9   -9.0   -9 -99.0 -99.0 -99.0 -99.0 -99.0
20260623 283  3.3  2874  36  5.4 1603   5  8.7 1407  18.8  20.6 1517  17.3  512  17.0  21.7  17.3  89.6  77.0 1509  19.3   2.6   1.8 -9.00 1007.9 1012.6 1013.7 1026 1011.3  256  9.8  0.0 14.6 -9.0  9.51  1.19 1100    0.2   -9.0 -9.00    0.2   -9    0.2   -9   -9.0   -9   -9.0   -9   -9.0   -9 -99.0 -99.0 -99.0 -99.0 -99.0
20260623 284  2.5  2138   7  4.9 1253  11  7.9  847  20.2  23.8 1553  17.6  532  15.9  21.7  16.4  77.0  63.0 1547  18.1   3.9   2.8 -9.00  983.5 1009.7 1010.8 1000 1008.4 1607  9.4  0.7 14.6 -9.0 13.38  2.26 1200   -9.0   -9.0 -9.00   -9.0   -9   -9.0   -9   -9.0   -9   -9.0   -9   -9.0   -9 -99.0 -99.0 -99.0 -99.0 -99.0
20260623 285  1.6  1365  36  3.5 1348   5  6.5 1221  21.4  24.6 1512  19.2  352  16.8  23.5  19.2  75.5  63.0 1513  19.1  -9.0  -9.0 -9.00 1007.8 1010.9 1012.0 2235 1009.7 1610  9.0  0.9 14.6 -9.0 -9.00 -9.00   -9   -9.0   -9.0 -9.00   -9.0   -9   -9.0   -9   -9.0   -9   -9.0   -9   -9.0   -9 -99.0 -99.0 -99.0 -99.0 -99.0
20260623 288  2.0  1711  11  3.5 1222   5  7.8 1458  21.6  26.0 1323  18.8  402  16.6  24.6  18.7  73.6  55.0 1216  18.8   4.7   3.3 -9.00 1008.6 1009.6 1010.5 2225 1008.6 1332  9.4  1.9 14.6 -9.0 16.56  2.77 1200    0.0   -9.0 -9.00    0.0   -9    0.0   -9   -9.0   -9   -9.0   -9   -9.0   -9 -99.0 -99.0 -99.0 -99.0 -99.0
20260623 289  1.1   926  14  2.8 1428  11  6.4 1425  20.7  24.5 1502  18.3  352  16.7  23.7  17.6  79.0  62.0 1503  19.1  -9.0  -9.0 -9.00  995.2 1011.1 1012.3 1050 1009.9 1611  9.8  0.6 14.6 -9.0 -9.00 -9.00   -9   -9.0   -9.0 -9.00   -9.0   -9   -9.0   -9   -9.0   -9   -9.0   -9   -9.0   -9 -99.0 -99.0 -99.0 -99.0 -99.0
20260623 294  2.0  1687  11  3.4 1640   7  9.2 1542  20.2  22.3 1443  18.9  557  16.6  22.1  18.6  80.4  71.0 1507  18.9  -9.0  -9.0 -9.00 1005.6 1010.8 1012.1 1014 1010.1 1641 10.0  0.0 14.5 -9.0 -9.00 -9.00   -9    0.2   -9.0 -9.00    0.2   -9    0.2   -9   -9.0   -9   -9.0   -9   -9.0   -9 -99.0 -99.0 -99.0 -99.0 -99.0
20260623 295  3.0  2562   9  6.2 1451  11  9.2 1546  21.1  24.3 1410  18.7    1  17.0  23.1  18.7  77.9  64.0 1412  19.3  -9.0  -9.0 -9.00 1004.6 1009.9 1011.2    3 1008.7 1601  9.6  2.1 14.5 -9.0 -9.00 -9.00   -9   -9.0   -9.0 -9.00   -9.0   -9   -9.0   -9   -9.0   -9   -9.0   -9   -9.0   -9 -99.0 -99.0 -99.0 -99.0 -99.0
20260623 296  4.0  3465   5  6.9 1309   2 10.8 1337  20.9  23.4 1338  19.8  105  17.7  21.0  16.7  82.3  73.0 1337  20.2   3.4   2.4 -9.00 1009.8 1010.1 1011.4 1047 1009.2  350  9.6  0.8 14.5 -9.0 10.86  2.21 1300    0.0   -9.0  4.48    0.0   -9    0.0   -9   -9.0   -9   -9.0   -9   -9.0   -9 -99.0 -99.0 -99.0 -99.0 -99.0
20260624  90  2.3  1977  11  4.3 1318  16  6.9 2237  19.1  22.5 1321  16.0  311  16.2  24.5  15.3  84.0  70.0 1403  18.5   4.5   3.1 -9.00 1010.0 1012.0 1014.6   17 1009.9 2359  6.3  5.8 14.8 -9.0 21.63  3.30 1300    0.0   -9.0 -9.00    0.0   -9    0.0   -9   -9.0   -9   -9.0   -9   -9.0   -9 -99.0 -99.0 -99.0 -99.0 -99.0
20260624  93  1.5  1262   7  4.3 1621   7  7.7 1607  21.4  28.5 1334  13.9  537  13.9  25.4  12.8  65.0  41.0 1329  15.9   6.2   4.3 -9.00  998.4 1009.5 1012.6  113 1006.8 1649  5.1 12.1 14.8 -9.0 24.35  3.43 1100   -9.0    0.3 -9.00   -9.0   -9   -9.0   -9   -9.0   -9   -9.0   -9   -9.0   -9  25.0  23.6  21.0  15.8  13.6
20260624  95  1.8  1564  11  4.5  844  11  7.5   29  21.8  28.3 1457  15.0  445  15.3  24.7  13.9  68.9  38.0 1240  17.4   6.3   4.4 -9.00  991.3 1009.2 1012.1  111 1006.5 1659  4.5 12.4 14.8 -9.0 24.71  3.38 1200   -9.0   -9.0 -9.00   -9.0   -9   -9.0   -9   -9.0   -9   -9.0   -9   -9.0   -9 -99.0 -99.0 -99.0 -99.0 -99.0
20260624  98  0.6   488   9  1.8 1049   7  3.4 1045  22.4  28.2 1646  15.8  459  14.2  25.6  12.6  61.8  38.0 1255  16.3   5.8   4.0 -9.00  995.1 1008.4 1011.0  112 1005.8 1855  4.4  9.6 14.8 -9.0 23.42  3.30 1100   -9.0   -9.0 -9.00   -9.0   -9   -9.0   -9   -9.0   -9   -9.0   -9   -9.0   -9 -99.0 -99.0 -99.0 -99.0 -99.0
20260624  99  1.5  1334   9  3.3  510   9  5.7  158  22.1  28.0 1737  16.5  525  15.9  25.6  15.6  69.9  48.0 1717  18.2   5.8   4.1 -9.00 1005.5 1009.1 1011.5  142 1006.7 1854  3.9  9.1 14.8 -9.0 23.56  3.21 1100   -9.0   -9.0 -9.00   -9.0   -9   -9.0   -9   -9.0   -9   -9.0   -9   -9.0   -9 -99.0 -99.0 -99.0 -99.0 -99.0
20260624 100  2.5  2179  11  4.7 1007  14  9.0  943  15.3  18.9 1338  12.8  412  12.8  20.9  11.6  85.6  72.0  946  14.8   4.0   2.8 -9.00  923.9 1011.2 1014.6    7 1009.3 1721  8.8  7.5 14.8 -9.0 22.41  2.83  900   -9.0   -9.0 -9.00   -9.0   -9   -9.0   -9   -9.0   -9   -9.0   -9   -9.0   -9 -99.0 -99.0 -99.0 -99.0 -99.0
20260624 101  2.4  2045   5  4.1 1537   5  6.8 1609  21.9  28.1 1334  15.1  510  13.7  25.5  11.4  61.9  42.0 1335  15.7   6.5   4.6 -9.00  999.7 1008.4 1011.4    7 1005.7 1647  4.8 10.4 14.8 -9.0 23.54  3.30 1100   -9.0    0.0 -9.00   -9.0   -9   -9.0   -9   -9.0   -9   -9.0   -9   -9.0   -9  24.6  21.6  19.2  15.8  15.0
20260624 102  3.1  2639  16  6.1 1026  16 10.0  941  20.3  24.5 1515  17.7 2329  14.5  29.1  14.5  70.8  46.0 1501  16.6   5.8   4.1 -9.00 1003.6 1007.8 1009.6   33 1005.8 2348  5.5  8.1 14.8 -9.0 24.49  3.27 1300   -9.0   -9.0 -9.00   -9.0   -9   -9.0   -9   -9.0   -9   -9.0   -9   -9.0   -9 -99.0 -99.0 -99.0 -99.0 -99.0
20260624 104  1.5  1320  11  4.6 1326  11  7.0 1020  19.0  22.4 1203  16.0  214  17.1  24.2  14.6  89.5  79.0 1212  19.6   4.3   3.0 -9.00 1002.1 1010.9 1013.8   15 1009.0 2346  7.1  5.5 14.8 -9.0 21.77  3.46 1200    0.0    0.7  0.17    0.0   -9    0.0   -9   -9.0   -9   -9.0   -9   -9.0   -9  22.3  20.9  19.3  15.0  13.6
20260624 105  2.0  1687  14  4.3 1414  14  8.5 1412  19.5  22.8 1412  16.8  506  15.7  24.7  16.9  79.4  66.0 1406  17.9   4.6   3.2 -9.00 1008.7 1011.9 1014.7   15 1010.0 1749  7.3  6.8 14.8 -9.0 21.47  2.83 1200   -9.0   -9.0 -9.00   -9.0   -9   -9.0   -9   -9.0   -9   -9.0   -9   -9.0   -9  23.4  21.7  20.7  16.5  15.0
20260624 106  1.4  1190   7  2.8 1412  16  4.8  741  19.8  23.7 1338  16.8  110  17.1  26.7  15.5  85.1  72.0 1325  19.5   4.6   3.2 -9.00 1007.4 1012.1 1014.8    1 1010.1 2344  7.4  6.2 14.8 -9.0 23.08  3.11 1100   -9.0   -9.0 -9.00   -9.0   -9   -9.0   -9   -9.0   -9   -9.0   -9   -9.0   -9 -99.0 -99.0 -99.0 -99.0 -99.0
20260624 108  2.3  2030   5  4.4 1451   5  8.8 1316  24.3  28.9 1734  19.2  559  13.7  25.2  14.6  52.5  42.0 1256  15.7   7.4   5.2 -9.00  998.6 1008.3 1010.8    3 1005.9 1917  5.4 10.7 14.8 -9.0 24.25  3.22 1100   -9.0   -9.0 -9.00   -9.0   -9   -9.0   -9   -9.0   -9   -9.0   -9   -9.0   -9  24.4  21.9  20.7  16.2  14.0
20260624 112  2.0  1748   9  3.8 1038  11  7.6  739  24.3  29.1 1704  19.9  451  14.4  26.6  14.8  55.1  38.0 1640  16.4   7.0   4.9 -9.00 1000.2 1008.1 1010.4  215 1005.8 1730  4.3 11.4 14.8 -9.0 23.97  2.94 1100   -9.0   -9.0 -9.00   -9.0   -9   -9.0   -9   -9.0   -9   -9.0   -9   -9.0   -9  23.6  21.8  15.4  18.9  13.8
20260624 114  1.8  1596  16  3.6 1940  27  8.7 1322  23.0  29.5 1429  16.1  516  13.7  27.7  12.5  57.3  38.0 1431  15.7   7.0   4.9 -9.00  991.3 1008.5 1011.7   41 1005.3 1706  6.0 11.3 14.7 -9.0 25.22  3.38 1300   -9.0   -9.0 -9.00   -9.0   -9   -9.0   -9   -9.0   -9   -9.0   -9   -9.0   -9 -99.0 -99.0 -99.0 -99.0 -99.0
20260624 115  4.1  3523   5  6.6 1407   7 10.0 1449  19.4  22.3 1111  17.5  251  17.3  23.2  16.8  88.1  80.0 1123  19.8   3.7   2.6 -9.00  986.1 1011.7 1014.5   18 1009.8 1827  7.1  4.8 14.8 -9.0 17.65  2.81 1100    0.0    0.0  0.33    0.0   -9    0.0   -9   -9.0   -9   -9.0   -9   -9.0   -9  21.1  18.7  17.5  13.2  13.3
20260624 119  3.1  2712  14  5.4 1352   9  9.1 1109  23.4  27.6 1701  18.8  517  11.4  25.7  16.3  47.9  34.0 1413  13.5   8.0   5.6 -9.00 1003.5 1008.1 1010.7   33 1005.8 1658  5.0 10.4 14.7 -9.0 24.43  3.47 1200   -9.0   -9.0 -9.00   -9.0   -9   -9.0   -9   -9.0   -9   -9.0   -9   -9.0   -9  23.9  21.4  19.3  14.8  13.3
20260624 121  1.9  1627  11  4.2 1318  16  7.3 1324  20.8  29.7 1519  12.7  449  13.1  28.1  10.5  64.1  38.0 1526  15.1   6.9   4.8 -9.00  982.3 1009.8 1013.6   29 1006.5 1720  5.6  9.8 14.7 -9.0 24.57  3.15 1300   -9.0   -9.0 -9.00   -9.0   -9   -9.0   -9   -9.0   -9   -9.0   -9   -9.0   -9 -99.0 -99.0 -99.0 -99.0 -99.0
20260624 127  1.9  1629   9  3.8  645   5  7.5  840  22.2  28.2 1517  15.3  408  12.4  24.7  13.3  55.5  37.0 1424  14.4   6.6   4.6 -9.00  995.0 1008.2 1011.4    1 1005.5 1703  7.0  6.7 14.7 -9.0 23.19  3.39 1300   -9.0   -9.0 -9.00   -9.0   -9   -9.0   -9   -9.0   -9   -9.0   -9   -9.0   -9 -99.0 -99.0 -99.0 -99.0 -99.0
20260624 129  2.5  2177  11  5.1 1000   9  9.3 1043  22.4  26.8 1404  18.2  507  14.0  25.1  13.8  60.0  44.0 1345  16.0   6.2   4.3 -9.00 1005.0 1007.9 1010.1   37 1006.2 2357  5.0 10.0 14.7 -9.0 22.07  3.27 1200   -9.0   -9.0 -9.00   -9.0   -9   -9.0   -9   -9.0   -9   -9.0   -9   -9.0   -9  23.8  21.6  21.6  15.4  15.2
20260624 130  1.6  1409   7  3.5 1134   5  6.7 1508  19.9  22.3 1300  17.7    1  17.3  24.5  16.8  85.6  75.0 1152  19.8  -9.0  -9.0 -9.00 1006.2 1011.9 1014.6    1 1009.9 2354  9.5  3.0 14.7 -9.0 -9.00 -9.00   -9    0.0   -9.0 -9.00    0.0   -9    0.0   -9   -9.0   -9   -9.0   -9   -9.0   -9 -99.0 -99.0 -99.0 -99.0 -99.0
20260624 131  2.9  2540  11  4.9 1134   9  8.9 1041  23.4  27.1 1348  19.7  512  12.8  23.9  17.3  52.3  42.0 1348  14.8   6.7   4.7 -9.00 1001.3 1008.0 1011.0    2 1006.3 1615  7.4  6.6 14.7 -9.0 21.20  2.95 1300   -9.0    0.0 -9.00   -9.0   -9   -9.0   -9   -9.0   -9   -9.0   -9   -9.0   -9 -99.0 -99.0 -99.0 -99.0 -99.0
20260624 133  3.6  3118  14  6.7  857  11 11.8  928  22.2  26.4 1436  18.6  515  14.6  24.3  15.6  63.0  51.0 1438  16.7   5.3   3.7 -9.00 1000.5 1008.3 1011.1    4 1006.5 1618  7.4  6.1 14.6 -9.0 19.14  2.45  900   -9.0   -9.0 -9.00   -9.0   -9   -9.0   -9   -9.0   -9   -9.0   -9   -9.0   -9  24.9  23.6  21.6  17.6  16.1
20260624 135  3.8  3300   9  5.9 1023   9 10.6 1022  19.8  23.2 1534  17.3  334  14.5  22.9  17.5  72.1  58.0 1539  16.5   4.1   2.9 -9.00  980.8 1008.9 1011.8    1 1006.7 1643  9.3  1.2 14.6 -9.0 14.01  1.93 1000   -9.0   -9.0 -9.00   -9.0   -9   -9.0   -9   -9.0   -9   -9.0   -9   -9.0   -9 -99.0 -99.0 -99.0 -99.0 -99.0
20260624 136  2.3  1966  14  5.2 1225  14 10.0 1700  20.9  24.4 1038  17.7    1  14.7  23.9  16.8  68.5  55.0 1043  16.7   4.7   3.3 -9.00  994.5 1010.8 1013.6    8 1008.5 1711  9.1  1.8 14.7 -9.0 17.21  3.26 1000   -9.0   -9.0 -9.00   -9.0   -9   -9.0   -9   -9.0   -9   -9.0   -9   -9.0   -9 -99.0 -99.0 -99.0 -99.0 -99.0
20260624 137  1.0   891   2  1.9  145   2  5.4  206  21.5  25.7 1418  18.2  513  15.3  26.2  17.8  68.4  55.0 1420  17.4   4.0   2.8 -9.00  997.6 1008.7 1011.7    1 1006.4 1648  9.8  1.3 14.7 -9.0 15.96  2.10 1000   -9.0   -9.0 -9.00   -9.0   -9   -9.0   -9   -9.0   -9   -9.0   -9   -9.0   -9 -99.0 -99.0 -99.0 -99.0 -99.0
20260624 138  4.5  3887   5  6.2 1050   5  9.9 1216  20.5  22.1 1147  19.7  338  18.0  21.7  18.5  85.9  76.0 1201  20.6   2.8   2.0 -9.00 1009.2 1009.7 1012.5    1 1007.7 2357  9.3  1.6 14.6 -9.0 12.01  2.27 1100    0.4    5.5  3.83    0.4 2002    0.3 2052   -9.0   -9   -9.0   -9   -9.0   -9  22.4  20.2  18.9  16.4  15.8
20260624 140  2.3  2018   7  3.9   54   7  8.9   37  22.6  26.1 1421  19.6  429  15.9  22.7  16.7  66.6  57.0 1314  18.1  -9.0  -9.0 -9.00 1004.7 1007.9 1010.6    5 1006.2 1748  8.3  3.3 14.6 -9.0 -9.00 -9.00   -9   -9.0   -9.0 -9.00   -9.0   -9   -9.0   -9   -9.0   -9   -9.0   -9   -9.0   -9 -99.0 -99.0 -99.0 -99.0 -99.0
20260624 143  3.6  3117  11  6.2 1210   9  9.6 1204  20.8  23.0 1135  19.0    1  14.9  23.3  18.4  69.4  58.0 1132  17.0   3.7   2.6 -9.00 1002.4 1008.7 1011.4    1 1006.8 1736  9.0  0.0 14.6 -9.0 10.56  1.42 1100   -9.0   -9.0 -9.00   -9.0   -9   -9.0   -9   -9.0   -9   -9.0   -9   -9.0   -9 -99.0 -99.0 -99.0 -99.0 -99.0
20260624 146  2.3  2017   9  5.0  902   9  8.7  854  22.6  26.9 1541  17.8  358  15.3  22.9  14.4  64.4  49.0 1543  17.4   4.6   3.2 -9.00 1000.0 1007.0 1009.5    1 1005.0 1617  8.5  2.5 14.6 -9.0 15.68  2.02 1500   -9.0   -9.0 -9.00   -9.0   -9   -9.0   -9   -9.0   -9   -9.0   -9   -9.0   -9 -99.0 -99.0 -99.0 -99.0 -99.0
20260624 152  2.9  2539   7  5.4  951  11 12.7  943  19.2  20.3  848  18.0  414  17.1  20.3  17.8  88.0  79.0  858  19.5   1.4   1.0 -9.00  999.5 1008.9 1011.9    1 1007.0 2349  9.8  0.0 14.6 -9.0  4.19  0.74  800    1.7   -9.0 14.27    1.0 1924    0.3 1936   -9.0   -9   -9.0   -9   -9.0   -9 -99.0 -99.0 -99.0 -99.0 -99.0
20260624 155  2.8  2403   5  5.1 1059   7 10.7 1057  21.3  23.0 1025  18.9  339  17.0  22.2  18.3  76.8  66.0  948  19.3   2.5   1.7 -9.00 1003.8 1007.8 1010.2    1 1006.3 1652  9.6  0.2 14.5 -9.0  5.56  1.16  900    0.5   -9.0  3.98    0.4  241    0.2   -9   -9.0   -9   -9.0   -9   -9.0   -9 -99.0 -99.0 -99.0 -99.0 -99.0
20260624 156  2.8  2420   5  4.2 1331   5  7.7 1317  22.9  26.2 1503  20.5  540  17.2  28.1  19.2  70.4  63.0 1420  19.6   3.8   2.6 -9.00  998.3 1006.4 1008.4    1 1005.0 1736  8.9  0.3 14.5 -9.0 12.33  1.78 1400    0.0   -9.0  0.50    0.0   -9    0.0   -9   -9.0   -9   -9.0   -9   -9.0   -9 -99.0 -99.0 -99.0 -99.0 -99.0
20260624 159  3.7  3156   7  5.3  334   7 13.2  553  20.4  22.6 1111  19.4 2338  17.4  20.7  17.1  83.6  73.0 1116  19.9   2.4   1.7 -9.00  999.3 1007.4 1009.8    1 1005.8 2400  9.9  0.0 14.5 -9.0  6.08  0.90 1100    0.1    0.1  7.53    0.1   -9    0.1   -9   -9.0   -9   -9.0   -9   -9.0   -9  22.8  22.1  21.1  16.8  17.1
20260624 162  2.3  1994   5  4.5 2253   2  8.2  732  20.4  22.5 1050  18.6  340  17.2  22.1  18.4  82.4  70.0 1052  19.6   2.6   1.8 -9.00 1003.0 1006.6 1008.9    1 1005.2 1514  9.5  0.0 14.5 -9.0  7.54  1.43 1400    1.0   -9.0 -9.00    0.8  301    0.3  314   -9.0   -9   -9.0   -9   -9.0   -9 -99.0 -99.0 -99.0 -99.0 -99.0
20260624 165  2.1  1831   5  4.5 1332   5  7.2 1327  22.3  24.8 1311  19.1  510  18.0  23.3  18.0  77.3  66.0 1313  20.6   2.6   1.8 -9.00 1001.3 1006.5 1008.3   32 1004.7 1708  8.4  0.1 14.5 -9.0  8.44  1.26  900    0.0   -9.0  4.87    0.0   -9    0.0   -9   -9.0   -9   -9.0   -9   -9.0   -9  23.2  21.1  20.3  17.4  15.5
20260624 168  7.6  6605   9  9.8   32   9 17.8  451  21.3  22.9 1150  19.3  419  16.6  23.4  18.8  75.0  67.0 1113  18.9   4.7   3.3 -9.00  999.2 1006.8 1008.6    1 1005.2 1837  9.1  1.0 14.5 -9.0 10.86  2.31  900    0.0    0.0  1.07    0.0   -9    0.0   -9   -9.0   -9   -9.0   -9   -9.0   -9  23.5  22.5  20.5  17.4  16.7
20260624 169  4.8  4117   7  7.1  249   5 10.7  550  20.3  22.9 1412  18.1  340  17.2  23.7  20.1  82.9  70.0 1706  19.6   2.8   2.0 -9.00  997.9 1006.6 1008.2    1 1005.2 1714  9.5  0.1 14.5 -9.0  8.63  1.46 1300    0.0   -9.0  2.52    0.0   -9    0.0   -9   -9.0   -9   -9.0   -9   -9.0   -9 -99.0 -99.0 -99.0 -99.0 -99.0
20260624 170  3.4  2911  11  5.7 1437   9 10.4  302  22.2  24.9 1434  20.4  554  17.8  22.5  19.6  76.5  67.0 1213  20.3   2.8   1.9 -9.00 1002.3 1006.4 1008.2   11 1004.9 1430  9.3  0.0 14.5 -9.0  7.84  1.05 1100    0.0   -9.0 -9.00    0.0   -9    0.0   -9   -9.0   -9   -9.0   -9   -9.0   -9 -99.0 -99.0 -99.0 -99.0 -99.0
20260624 172  3.0  2602   5  4.6   52   5  6.8  455  22.8  26.1 1342  19.3  519  16.3  23.0  18.5  67.3  54.0 1331  18.5   3.9   2.7 -9.00 1000.2 1006.2 1008.3   27 1004.3 1723  8.8  0.5 14.5 -9.0 11.65  2.13 1300   -9.0   -9.0 -9.00   -9.0   -9   -9.0   -9   -9.0   -9   -9.0   -9   -9.0   -9 -99.0 -99.0 -99.0 -99.0 -99.0
20260624 174  1.4  1244  14  4.4  926  14  7.4 1354  20.8  23.6  923  17.8  459  16.0  22.8  18.7  75.1  57.0  928  18.2  -9.0  -9.0 -9.00  986.4 1005.3 1007.2    1 1003.7 1753  9.1  0.2 14.5 -9.0 -9.00 -9.00   -9    0.0   -9.0 -9.00    0.0   -9    0.0   -9   -9.0   -9   -9.0   -9   -9.0   -9 -99.0 -99.0 -99.0 -99.0 -99.0
20260624 177  3.0  2568   5  6.1  835   5 10.1  831  22.3  26.4 1314  18.0  447  14.9  24.8  15.4  64.1  50.0 1307  16.9   6.0   4.2 -9.00 1003.5 1006.7 1009.2   46 1005.2 1636  5.8  8.7 14.7 -9.0 21.81  3.27 1200   -9.0   -9.0 -9.00   -9.0   -9   -9.0   -9   -9.0   -9   -9.0   -9   -9.0   -9 -99.0 -99.0 -99.0 -99.0 -99.0
20260624 181  2.9  2466  11  6.1  845  11 10.4  837  22.1  26.8 1346  16.7  528  13.9  26.0  13.3  60.3  47.0 1635  15.9   5.8   4.1 -9.00 1004.7 1008.6 1011.5    2 1006.8 1616  7.4  7.0 14.7 -9.0 21.15  2.96 1300   -9.0   -9.0 -9.00   -9.0   -9   -9.0   -9   -9.0   -9   -9.0   -9   -9.0   -9 -99.0 -99.0 -99.0 -99.0 -99.0
20260624 184  4.0  3477   7  7.4 1934   9 12.9 1926  20.2  20.9 1325  19.4  442  18.6  20.6  19.3  90.9  89.0  837  21.4   1.1   0.8 -9.00 1002.7 1005.1 1006.9  103 1003.4 1636 10.0  0.0 14.4 -9.0  1.91  0.34 1300   41.0   37.0 23.50    4.9 1059    1.5 1008   -9.0   -9   -9.0   -9   -9.0   -9  23.9  23.5  23.0  19.9  17.1
20260624 185  3.7  3238   7  7.9 1915   7 12.2 1924  20.6  22.8 1335  19.9 1843  19.5  22.9  19.3  93.9  86.0  700  22.7   1.9   1.3 -9.00  995.6 1003.8 1005.3   55 1002.3 1925  9.4  0.0 14.4 -9.0  6.89  1.32 1300   22.9   -9.0 -9.00    7.2  933    1.8 1112   -9.0   -9   -9.0   -9   -9.0   -9 -99.0 -99.0 -99.0 -99.0 -99.0
20260624 188  4.8  4133   5  7.5  518   5 14.9  508  21.0  21.6 1825  20.2  227  20.2  20.8  19.8  95.5  90.0  933  23.6  -9.0  -9.0 -9.00 1002.8 1005.2 1006.9  838 1003.5 1707  9.4  0.0 14.4 -9.0 -9.00 -9.00   -9   44.0   -9.0 -9.00   16.6 1202    6.5 1206   -9.0   -9   -9.0   -9   -9.0   -9 -99.0 -99.0 -99.0 -99.0 -99.0
20260624 189  3.5  3037   7  5.0  558   9 11.2 2014  21.6  22.6 2256  20.9  827  19.8  21.5  20.1  90.1  83.0   54  23.1   1.5   1.1 -9.00  998.6 1004.6 1006.4  951 1002.4 2015  9.9  0.0 14.4 -9.0  5.02  0.87 1300   47.3   47.3 10.92   20.1 1457    4.9 1534   -9.0   -9   -9.0   -9   -9.0   -9 -99.0 -99.0 -99.0 -99.0 -99.0
20260624 192  1.3  1080  36  2.8  850  32  5.9 2045  20.6  23.8  917  18.1 2327  16.8  23.6  17.7  79.1  65.0  937  19.1   2.1   1.5 -9.00 1004.6 1008.0 1010.2    1 1006.4 1627  9.3  1.1 14.5 -9.0  6.95  1.71  900    0.3    0.3 -9.00    0.2   -9    0.1   -9   -9.0   -9   -9.0   -9   -9.0   -9 -99.0 -99.0 -99.0 -99.0 -99.0
20260624 201  1.2  1040   9  2.7 1054   5  5.3 1028  21.8  27.2 1625  16.7  433  15.3  24.0  12.6  68.6  46.0 1325  17.4  -9.0  -9.0 -9.00 1003.6 1009.1 1011.2    1 1006.9 1835  4.5  8.8 14.8 -9.0 -9.00 -9.00   -9   -9.0   -9.0 -9.00   -9.0   -9   -9.0   -9   -9.0   -9   -9.0   -9   -9.0   -9 -99.0 -99.0 -99.0 -99.0 -99.0
20260624 202  1.6  1350  18  3.4 1216  18  5.7 1215  22.6  28.2 1410  16.3  530  13.7  26.7  13.4  59.1  39.0 1408  15.7  -9.0  -9.0 -9.00 1003.4 1008.9 1011.7   18 1006.4 1703  6.1 10.2 14.8 -9.0 -9.00 -9.00   -9   -9.0   -9.0 -9.00   -9.0   -9   -9.0   -9   -9.0   -9   -9.0   -9   -9.0   -9 -99.0 -99.0 -99.0 -99.0 -99.0
20260624 203  1.1   983  14  3.0 1917   7  5.3  944  22.5  28.5 1340  14.8  527  15.2  25.8  13.5  65.4  44.0 1638  17.3  -9.0  -9.0 -9.00 1000.1 1009.3 1012.0    1 1006.6 1650  6.8  8.4 14.7 -9.0 -9.00 -9.00   -9   -9.0   -9.0 -9.00   -9.0   -9   -9.0   -9   -9.0   -9   -9.0   -9   -9.0   -9 -99.0 -99.0 -99.0 -99.0 -99.0
20260624 211  2.0  1693   2  4.2 1159   2  8.4 1152  19.4  25.6 1209  13.5  512  13.1  24.2  11.1  69.3  44.0 1230  15.1  -9.0  -9.0 -9.00  986.9 1010.2 1013.6    1 1007.6 1704  5.4  8.4 14.8 -9.0 -9.00 -9.00   -9   -9.0   -9.0 -9.00   -9.0   -9   -9.0   -9   -9.0   -9   -9.0   -9   -9.0   -9 -99.0 -99.0 -99.0 -99.0 -99.0
20260624 212  1.3  1155   7  3.3 1824   5  6.8 1653  21.6  29.0 1423  13.9  536  13.1  24.9  12.7  61.0  37.0 1440  15.1  -9.0  -9.0 -9.00  993.3 1009.5 1012.7   24 1006.4 1649  5.1 11.0 14.8 -9.0 -9.00 -9.00   -9   -9.0   -9.0 -9.00   -9.0   -9   -9.0   -9   -9.0   -9   -9.0   -9   -9.0   -9 -99.0 -99.0 -99.0 -99.0 -99.0
20260624 216  1.6  1407   7  3.8 1342   5  6.9 1226  16.8  21.8 1441  13.6  159  12.1  22.1  14.5  75.3  52.0 1517  14.2   4.7   3.3 -9.00  930.5 1011.1 1014.9    1 1008.9 1546  9.1  5.8 14.7 -9.0 21.68  3.25 1100   -9.0   -9.0 -9.00   -9.0   -9   -9.0   -9   -9.0   -9   -9.0   -9   -9.0   -9 -99.0 -99.0 -99.0 -99.0 -99.0
20260624 217  1.8  1592  36  4.4 1000  36  8.3 1300  18.8  26.5 1350  12.1  436  12.2  27.7  12.5  68.0  42.0 1346  14.3  -9.0  -9.0 -9.00  974.9 1010.8 1014.9   52 1008.3 1700  5.5  8.6 14.8 -9.0 -9.00 -9.00   -9   -9.0   -9.0 -9.00   -9.0   -9   -9.0   -9   -9.0   -9   -9.0   -9   -9.0   -9 -99.0 -99.0 -99.0 -99.0 -99.0
20260624 221  2.2  1882   5  3.9  712  18  6.8 1408  20.4  26.3 1507  13.7  516  13.0  26.3  12.1  63.6  46.0 1504  15.0  -9.0  -9.0 -9.00  979.0 1009.3 1012.9   24 1006.3 1709  6.6 10.3 14.7 -9.0 -9.00 -9.00   -9   -9.0   -9.0 -9.00   -9.0   -9   -9.0   -9   -9.0   -9   -9.0   -9   -9.0   -9 -99.0 -99.0 -99.0 -99.0 -99.0
20260624 226  2.0  1702  14  3.3 1040   9  8.2 1037  20.7  23.9 1444  18.2  518  14.3  22.8  15.5  67.3  57.0 1352  16.3  -9.0  -9.0 -9.00  989.3 1009.0 1011.9   22 1006.9 1633  8.0  2.4 14.7 -9.0 -9.00 -9.00   -9   -9.0   -9.0 -9.00   -9.0   -9   -9.0   -9   -9.0   -9   -9.0   -9   -9.0   -9 -99.0 -99.0 -99.0 -99.0 -99.0
20260624 232  3.4  2924  11  6.1  912  11 10.6  903  22.2  25.9 1342  17.3  519  13.9  24.0  14.8  60.3  47.0 1351  15.9  -9.0  -9.0 -9.00  999.1 1008.9 1011.9    4 1007.1 1619  7.0  7.7 14.7 -9.0 -9.00 -9.00   -9   -9.0   -9.0 -9.00   -9.0   -9   -9.0   -9   -9.0   -9   -9.0   -9   -9.0   -9 -99.0 -99.0 -99.0 -99.0 -99.0
20260624 235  2.1  1806   7  4.0   12  11  8.8   50  22.9  27.8 1325  19.1  514  15.3  24.3  15.8  62.8  46.0 1342  17.4   5.1   3.6 -9.00 1005.5 1006.7 1009.0    1 1005.4 1719  7.3  6.8 14.6 -9.0 18.93  2.67 1300   -9.0   -9.0 -9.00   -9.0   -9   -9.0   -9   -9.0   -9   -9.0   -9   -9.0   -9 -99.0 -99.0 -99.0 -99.0 -99.0
20260624 236  1.8  1575   7  4.0  925   9  7.9 1033  22.1  25.9 1417  17.8  500  15.2  24.0  15.7  66.0  53.0 1419  17.3  -9.0  -9.0 -9.00 1006.4 1007.9 1010.7    9 1006.3 1729  7.9  5.4 14.6 -9.0 -9.00 -9.00   -9   -9.0   -9.0 -9.00   -9.0   -9   -9.0   -9   -9.0   -9   -9.0   -9   -9.0   -9 -99.0 -99.0 -99.0 -99.0 -99.0
20260624 238  2.4  2074   9  3.8  906  11  7.3  952  21.7  25.4 1515  18.6  440  14.9  23.5  15.6  65.8  55.0 1516  16.9  -9.0  -9.0 -9.00  988.1 1007.5 1010.2    1 1005.5 1636  8.5  3.5 14.6 -9.0 -9.00 -9.00   -9   -9.0   -9.0 -9.00   -9.0   -9   -9.0   -9   -9.0   -9   -9.0   -9   -9.0   -9 -99.0 -99.0 -99.0 -99.0 -99.0
20260624 239  2.8  2458   9  5.5  957  11  9.4  928  21.8  26.0 1402  17.9  519  14.6  24.7  15.3  64.4  52.0 1339  16.6   5.4   3.8 -9.00  997.4 1007.7 1010.8   11 1005.9 1617  6.9  5.1 14.7 -9.0 18.87  2.84 1300   -9.0   -9.0 -9.00   -9.0   -9   -9.0   -9   -9.0   -9   -9.0   -9   -9.0   -9 -99.0 -99.0 -99.0 -99.0 -99.0
20260624 243  2.4  2052   7  4.2   26   5  7.1   24  23.2  27.8 1519  19.1  411  15.7  23.8  16.7  63.5  49.0 1522  17.8  -9.0  -9.0 -9.00 1005.7 1007.1 1009.4   10 1005.5 1746  8.5  1.4 14.6 -9.0 -9.00 -9.00   -9   -9.0   -9.0 -9.00   -9.0   -9   -9.0   -9   -9.0   -9   -9.0   -9   -9.0   -9 -99.0 -99.0 -99.0 -99.0 -99.0
20260624 244  1.9  1636  18  5.0  846  14  8.6  856  21.1  24.7 1345  16.8  418  15.0  21.4  15.2  68.8  56.0 1001  17.0  -9.0  -9.0 -9.00  978.6 1006.8 1008.9    1 1005.0 1743  8.5  1.9 14.6 -9.0 -9.00 -9.00   -9   -9.0   -9.0 -9.00   -9.0   -9   -9.0   -9   -9.0   -9   -9.0   -9   -9.0   -9 -99.0 -99.0 -99.0 -99.0 -99.0
20260624 245  1.9  1648   9  3.4 1036  11  7.0 1547  22.6  26.9 1544  18.6  426  16.1  23.0  16.7  67.4  54.0 1542  18.2   4.1   2.9 -9.00  998.9 1006.8 1009.0   20 1004.9 1730  8.5  2.0 14.6 -9.0 14.12  1.89 1300    0.0   -9.0 -9.00    0.0   -9    0.0   -9   -9.0   -9   -9.0   -9   -9.0   -9 -99.0 -99.0 -99.0 -99.0 -99.0
20260624 247  6.1  5288   9  7.8  115   9 13.8  828  21.6  24.6 1426  19.8  502  15.7  23.5  18.9  69.6  62.0 1020  17.8  -9.0  -9.0 -9.00  991.3 1006.6 1008.7    2 1005.2 1715  8.6  3.8 14.6 -9.0 -9.00 -9.00   -9   -9.0   -9.0 -9.00   -9.0   -9   -9.0   -9   -9.0   -9   -9.0   -9   -9.0   -9 -99.0 -99.0 -99.0 -99.0 -99.0
20260624 248  2.0  1721   5  4.0 1030   9  8.1 1036  19.7  22.7 1610  17.8  408  14.1  20.3  16.3  70.4  59.0 1026  16.1  -9.0  -9.0 -9.00  961.5 1007.7 1010.5    3 1005.8 1618  8.9  1.4 14.6 -9.0 -9.00 -9.00   -9   -9.0   -9.0 -9.00   -9.0   -9   -9.0   -9   -9.0   -9   -9.0   -9   -9.0   -9 -99.0 -99.0 -99.0 -99.0 -99.0
20260624 251  2.1  1852   5  3.5 1518   9  6.8 1356  22.7  25.7 1438  19.3  452  17.7  23.0  17.8  74.3  64.0 1334  20.3   3.4   2.4 -9.00 1000.8 1006.5 1008.7   34 1004.7 1724  8.6  0.8 14.5 -9.0 11.72  1.96 1300   -9.0   -9.0 -9.00   -9.0   -9   -9.0   -9   -9.0   -9   -9.0   -9   -9.0   -9 -99.0 -99.0 -99.0 -99.0 -99.0
20260624 252  0.9   736  36  2.3 1519  36  5.2 1450  22.5  26.2 1727  19.5  546  16.8  23.8  18.8  70.9  59.0 1427  19.2   2.9   2.0 -9.00 1002.1 1006.4 1008.4   19 1004.6 1720  9.0  0.1 14.6 -9.0 10.72  1.62 1400   -9.0   -9.0 -9.00   -9.0   -9   -9.0   -9   -9.0   -9   -9.0   -9   -9.0   -9 -99.0 -99.0 -99.0 -99.0 -99.0
20260624 253  1.1   933  14  2.1  955   2  6.4  955  20.9  23.9  943  19.1  203  17.5  22.8  18.7  81.4  68.0  947  20.0   2.0   1.4 -9.00 1002.4 1008.7 1011.0    1 1007.1 2400  9.8  0.3 14.5 -9.0  6.87  1.58  900    0.4   -9.0 -9.00    0.4  108    0.3  151   -9.0   -9   -9.0   -9   -9.0   -9 -99.0 -99.0 -99.0 -99.0 -99.0
20260624 254  1.9  1621  14  3.6  858  14  8.2  854  22.5  25.6 1513  20.5  534  14.5  26.5  18.5  61.1  52.0 1513  16.6   4.3   3.0 -9.00  992.3 1007.1 1009.3    6 1005.7 1726  8.9  4.3 14.6 -9.0 15.36  2.27  900   -9.0   -9.0 -9.00   -9.0   -9   -9.0   -9   -9.0   -9   -9.0   -9   -9.0   -9 -99.0 -99.0 -99.0 -99.0 -99.0
20260624 255  2.0  1719   5  3.4  918   7  8.8  813  21.4  23.6 1005  19.3 2248  17.2  19.9  17.8  77.6  66.0  926  19.6   2.0   1.4 -9.00 1001.9 1007.8 1010.2    1 1006.1 1702  9.8  0.0 14.5 -9.0  4.06  0.76  900    0.2   -9.0 -9.00    0.2   -9    0.2   -9   -9.0   -9   -9.0   -9   -9.0   -9 -99.0 -99.0 -99.0 -99.0 -99.0
20260624 257  3.4  2940   7  5.2  934   5 12.7  540  21.0  22.6 1543  19.6  201  18.4  20.7  17.8  85.5  76.0  901  21.1   2.0   1.4 -9.00 1007.5 1008.2 1010.8    1 1006.4 2400  9.8  0.0 14.5 -9.0  4.81  0.77 1000    1.7   -9.0 -9.00    1.1  137    0.8  152   -9.0   -9   -9.0   -9   -9.0   -9 -99.0 -99.0 -99.0 -99.0 -99.0
20260624 258  4.2  3636  11  6.7 1430   9  9.4  816  22.3  24.5 1301  20.2  506  16.8  21.0  19.4  71.4  63.0  934  19.1   3.7   2.6 -9.00 1006.9 1007.1 1008.9    1 1005.5 1823  9.4  0.6 14.5 -9.0  9.52  1.86  900   -9.0   -9.0 -9.00   -9.0   -9   -9.0   -9   -9.0   -9   -9.0   -9   -9.0   -9 -99.0 -99.0 -99.0 -99.0 -99.0
20260624 259  2.3  1950   9  4.1 1336   9  9.0 1334  22.7  25.6 1339  20.5  538  17.2  23.2  18.7  71.6  63.0 1341  19.6   2.9   2.1 -9.00 1004.4 1006.2 1007.8    1 1004.7 1744  9.3  0.3 14.5 -9.0  9.98  1.58  800   -9.0   -9.0 -9.00   -9.0   -9   -9.0   -9   -9.0   -9   -9.0   -9   -9.0   -9 -99.0 -99.0 -99.0 -99.0 -99.0
20260624 260  2.4  2051   9  5.3 1359  14  9.8 1356  22.1  24.3 1305  20.3  423  17.3  21.8  18.7  74.4  68.0 1343  19.7  -9.0  -9.0 -9.00 1001.3 1006.3 1008.0    1 1004.8 1721  9.0  0.2 14.5 -9.0 -9.00 -9.00   -9    0.2   -9.0 -9.00    0.2   -9    0.1   -9   -9.0   -9   -9.0   -9   -9.0   -9 -99.0 -99.0 -99.0 -99.0 -99.0
20260624 261  4.1  3584   7  6.8 1243   5 11.3  144  22.4  24.5 1355  20.5  409  18.0  22.0  19.6  76.6  71.0 1045  20.7  -9.0  -9.0 -9.00 1004.6 1006.5 1008.2    1 1005.0 1811  9.4  0.8 14.5 -9.0 -9.00 -9.00   -9   -9.0   -9.0 -9.00   -9.0   -9   -9.0   -9   -9.0   -9   -9.0   -9   -9.0   -9 -99.0 -99.0 -99.0 -99.0 -99.0
20260624 262  2.8  2458   5  4.7  421   9 11.6 1304  21.9  24.4 1252  19.6  523  17.1  23.0  19.9  74.6  63.0  937  19.4   3.4   2.4 -9.00 1000.4 1006.3 1008.0    1 1004.9 1817  9.1  1.3 14.5 -9.0 10.50  1.66  900    0.0   -9.0 -9.00    0.0   -9    0.0   -9   -9.0   -9   -9.0   -9   -9.0   -9 -99.0 -99.0 -99.0 -99.0 -99.0
20260624 263  2.5  2137   5  4.3 1023   5  8.0 1019  21.0  24.1 1008  18.8 2352  17.0  23.2  18.0  78.8  65.0 1016  19.4   2.7   1.9 -9.00 1006.6 1008.2 1010.5    1 1006.7 1639  9.3  0.9 14.5 -9.0  8.19  1.88  900    0.0   -9.0 -9.00    0.0   -9    0.0   -9   -9.0   -9   -9.0   -9   -9.0   -9 -99.0 -99.0 -99.0 -99.0 -99.0
20260624 264  1.6  1412  20  3.3 2040  11  5.5  947  20.3  22.9 1440  18.2 2303  16.5  21.6  17.6  79.4  69.0 1021  18.7   2.1   1.5 -9.00  991.2 1008.7 1011.1    1 1006.8 1623  8.9  0.2 14.6 -9.0  6.99  1.44  900    0.1   -9.0 -9.00    0.1   -9    0.1   -9   -9.0   -9   -9.0   -9   -9.0   -9 -99.0 -99.0 -99.0 -99.0 -99.0
20260624 266  3.5  3001   7  5.1 1858   7 12.6  241  21.5  23.8  845  19.0  415  17.1  23.1  18.2  76.5  65.0  848  19.5   3.3   2.3 -9.00  997.1 1007.3 1009.2    9 1005.5 1832  9.5  1.5 14.5 -9.0 11.37  2.17  800   -9.0   -9.0 -9.00   -9.0   -9   -9.0   -9   -9.0   -9   -9.0   -9   -9.0   -9 -99.0 -99.0 -99.0 -99.0 -99.0
20260624 268  2.5  2168   7  5.2 1236   5  8.4 1403  22.3  25.3 1324  20.2  226  17.1  21.6  18.4  72.6  63.0 1219  19.5  -9.0  -9.0 -9.00 1004.0 1005.1 1006.7    1 1003.7 1649  9.3  0.7 14.5 -9.0 -9.00 -9.00   -9   -9.0   -9.0 -9.00   -9.0   -9   -9.0   -9   -9.0   -9   -9.0   -9   -9.0   -9 -99.0 -99.0 -99.0 -99.0 -99.0
20260624 271  2.0  1754  14  5.2 1431  16  9.7 1416  19.1  22.6 1403  13.0  416  12.4  23.4  11.3  66.3  51.0 1403  14.4  -9.0  -9.0 -9.00  973.5 1010.8 1014.4    5 1008.5 1722  9.4  6.5 14.7 -9.0 -9.00 -9.00   -9    0.0   -9.0 -9.00    0.0   -9    0.0   -9   -9.0   -9   -9.0   -9   -9.0   -9 -99.0 -99.0 -99.0 -99.0 -99.0
20260624 272  2.3  1948   7  3.9 1222   7  7.7  854  19.8  24.9 1418  13.9  439  13.6  26.4  13.1  68.9  50.0 1414  15.6  -9.0  -9.0 -9.00  986.0 1010.4 1013.7    4 1007.9 1704  8.5  5.5 14.7 -9.0 -9.00 -9.00   -9   -9.0   -9.0 -9.00   -9.0   -9   -9.0   -9   -9.0   -9   -9.0   -9   -9.0   -9 -99.0 -99.0 -99.0 -99.0 -99.0
20260624 273  2.4  2086   9  4.9  947   9  8.9 1123  20.7  24.9 1402  15.8   27  14.7  24.8  13.2  68.9  56.0 1321  16.7  -9.0  -9.0 -9.00  989.3 1009.2 1012.2    1 1006.9 1652  8.9  4.2 14.7 -9.0 -9.00 -9.00   -9   -9.0   -9.0 -9.00   -9.0   -9   -9.0   -9   -9.0   -9   -9.0   -9   -9.0   -9 -99.0 -99.0 -99.0 -99.0 -99.0
20260624 276  2.5  2154  14  4.4 1122  11  9.1 1120  19.6  22.1 1117  17.4  640  15.9  22.0  16.8  79.9  66.0 1119  18.1   3.1   2.1 -9.00  985.8 1009.8 1012.5    1 1007.4 1724  9.6  0.7 14.7 -9.0 11.50  1.63  900    0.2   -9.0 -9.00    0.2   -9    0.1   -9   -9.0   -9   -9.0   -9   -9.0   -9 -99.0 -99.0 -99.0 -99.0 -99.0
20260624 277  4.0  3413   5  6.9 1650   2 10.4 1554  19.4  22.0  950  17.4  535  17.1  23.2  17.6  87.1  76.0 1256  19.5  -9.0  -9.0 -9.00 1006.3 1011.0 1013.6    1 1008.8 1738  9.1  1.0 14.7 -9.0 -9.00 -9.00   -9    2.2   -9.0 -9.00    2.1  446    1.5  528   -9.0   -9   -9.0   -9   -9.0   -9 -99.0 -99.0 -99.0 -99.0 -99.0
20260624 278  1.9  1679   9  3.8 1115   2  7.6 1556  21.4  24.5 1043  18.3    3  15.1  24.6  17.3  67.9  54.0 1114  17.2  -9.0  -9.0 -9.00  999.5 1008.8 1011.4    1 1006.3 1709  9.4  1.1 14.7 -9.0 -9.00 -9.00   -9    0.0   -9.0 -9.00    0.0   -9    0.0   -9   -9.0   -9   -9.0   -9   -9.0   -9 -99.0 -99.0 -99.0 -99.0 -99.0
20260624 279  1.7  1489   9  4.1 1713   7  8.0 1704  21.9  25.3 1154  19.3  156  14.5  25.0  18.8  63.6  52.0 1157  16.5   3.9   2.7 -9.00 1003.6 1009.2 1012.0    4 1007.2 1704  9.3  0.9 14.6 -9.0 12.26  1.75 1100    0.0   -9.0 -9.00    0.0   -9    0.0   -9   -9.0   -9   -9.0   -9   -9.0   -9 -99.0 -99.0 -99.0 -99.0 -99.0
20260624 281  2.9  2537   9  5.2 1256   9  9.2 1000  19.9  21.6 1310  18.4  510  15.4  21.3  17.2  75.8  66.0 1311  17.5  -9.0  -9.0 -9.00  998.8 1010.0 1012.6    1 1008.0 1742  8.8  0.4 14.6 -9.0 -9.00 -9.00   -9    0.0   -9.0 -9.00    0.0   -9    0.0   -9   -9.0   -9   -9.0   -9   -9.0   -9 -99.0 -99.0 -99.0 -99.0 -99.0
20260624 283  3.5  3045   2  5.2 1246   5  8.6 1530  19.9  22.1 1134  18.5  524  16.9  21.4  17.8  83.8  70.0 1120  19.3   2.2   1.5 -9.00 1005.4 1010.1 1012.9    1 1008.2 2355  9.5  0.0 14.6 -9.0  6.91  1.12 1100    0.0   -9.0 -9.00    0.0   -9    0.0   -9   -9.0   -9   -9.0   -9   -9.0   -9 -99.0 -99.0 -99.0 -99.0 -99.0
20260624 284  2.2  1908   9  4.4 1129   7  8.5 1106  20.3  22.9 1418  18.2 2359  15.5  21.3  17.5  74.9  63.0 1103  17.7   2.8   1.9 -9.00  981.5 1007.7 1010.2    6 1005.9 1639  8.8  0.2 14.6 -9.0  9.52  1.50  900    0.0   -9.0 -9.00    0.0   -9    0.0   -9   -9.0   -9   -9.0   -9   -9.0   -9 -99.0 -99.0 -99.0 -99.0 -99.0
20260624 285  2.0  1699   7  3.9 1118   5  8.0 1112  21.6  24.3 1501  19.4 2153  16.4  24.9  19.7  72.8  61.0 1143  18.6  -9.0  -9.0 -9.00 1005.5 1008.6 1011.1    1 1007.1 1652  8.8  0.6 14.6 -9.0 -9.00 -9.00   -9   -9.0   -9.0 -9.00   -9.0   -9   -9.0   -9   -9.0   -9   -9.0   -9   -9.0   -9 -99.0 -99.0 -99.0 -99.0 -99.0
20260624 288  2.4  2111   5  4.0 1220  18  8.1 1657  22.0  25.1  957  19.8  453  16.7  24.8  19.7  72.1  59.0  959  19.0   3.7   2.6 -9.00 1005.9 1006.9 1009.6    1 1005.5 1717  9.6  1.2 14.6 -9.0 11.40  2.35  900    0.1   -9.0 -9.00    0.1   -9    0.1   -9   -9.0   -9   -9.0   -9   -9.0   -9 -99.0 -99.0 -99.0 -99.0 -99.0
20260624 289  1.0   861   9  2.7 1734  25  6.7 2003  20.0  22.8 1031  17.4  432  16.6  22.2  17.0  81.8  65.0 1035  18.9  -9.0  -9.0 -9.00  993.3 1009.2 1011.6    6 1007.4 1625  9.1  0.1 14.6 -9.0 -9.00 -9.00   -9    0.3   -9.0 -9.00    0.2   -9    0.1   -9   -9.0   -9   -9.0   -9   -9.0   -9 -99.0 -99.0 -99.0 -99.0 -99.0
20260624 294  1.5  1253  11  2.9   32   9  6.7  817  19.6  21.5 1222  18.2  355  17.7  21.6  18.8  89.5  77.0 1019  20.2  -9.0  -9.0 -9.00 1002.9 1008.1 1010.4    2 1006.8 2358 -9.0  0.0 14.5 -9.0 -9.00 -9.00   -9    5.5   -9.0 -9.00    1.2  247    0.3  255   -9.0   -9   -9.0   -9   -9.0   -9 -99.0 -99.0 -99.0 -99.0 -99.0
20260624 295  2.3  1987  36  3.7 2242  36  8.0  831  20.7  23.2 1416  18.3  409  17.0  21.9  18.3  79.8  70.0 1006  19.3  -9.0  -9.0 -9.00 1002.3 1007.6 1009.5    1 1006.0 1836  9.3  0.0 14.5 -9.0 -9.00 -9.00   -9   -9.0   -9.0 -9.00   -9.0   -9   -9.0   -9   -9.0   -9   -9.0   -9   -9.0   -9 -99.0 -99.0 -99.0 -99.0 -99.0
20260624 296  4.5  3872   5  6.5 1545   2 10.6  952  21.1  22.3 1232  20.0  230  18.2  20.5  15.5  83.9  78.0  926  20.9   2.4   1.7 -9.00 1007.0 1007.3 1009.8    1 1005.7 2358  9.8  0.0 14.5 -9.0  5.58  0.85 1200    0.2   -9.0 11.82    0.2   -9    0.2   -9   -9.0   -9   -9.0   -9   -9.0   -9 -99.0 -99.0 -99.0 -99.0 -99.0
20260625  90  1.4  1206  29  3.1 2258  32  6.2 2256  17.8  20.4 1431  15.4  458  16.3  21.6  15.2  91.3  81.0 1357  18.5   2.3   1.6 -9.00 1005.6 1007.7 1010.0    9 1006.2 1721  8.4  0.1 14.8 -9.0  8.45  1.34  900   24.2   -9.0 -9.00   12.0 1935    4.7 2013   -9.0   -9   -9.0   -9   -9.0   -9 -99.0 -99.0 -99.0 -99.0 -99.0
20260625  93  0.9   746  27  3.3 1013  25  5.0 1009  19.0  21.2  849  16.5  107  17.0  22.9  15.3  89.0  70.0  844  19.4   2.4   1.7 -9.00  995.5 1006.6 1008.7   12 1004.8 1638  8.1  0.1 14.8 -9.0  8.89  1.17 1100   10.4   10.1 15.08    5.2 2023    2.9 2024   -9.0   -9   -9.0   -9   -9.0   -9  24.7  23.5  21.0  16.0  13.8
20260625  95  1.6  1344  23  3.6 1958  11  7.6 1902  19.2  24.7 1213  15.6  505  16.2  23.1  15.5  84.1  56.0 1216  18.5   3.6   2.5 -9.00  988.6 1006.6 1008.4    4 1004.7 1723  7.3  2.8 14.8 -9.0 14.02  2.28 1100    1.3    1.3 -9.00    1.2 2107    0.8 2153   -9.0   -9   -9.0   -9   -9.0   -9 -99.0 -99.0 -99.0 -99.0 -99.0
20260625  98  0.8   697   9  2.7 1727  11  5.4 1959  20.9  25.7 1138  17.0 2357  14.9  24.3  15.0  69.9  48.0 1051  17.0   3.6   2.5 -9.00  992.3 1005.6 1007.3    1 1003.8 1644  6.9  2.5 14.8 -9.0 13.06  2.27 1100    0.6   -9.0 -9.00    0.6 2010    0.5 2056   -9.0   -9   -9.0   -9   -9.0   -9 -99.0 -99.0 -99.0 -99.0 -99.0
20260625  99  1.5  1260   9  3.1  410   7  5.1  632  20.9  26.2 1223  17.3  513  16.5  24.5  16.7  77.5  55.0 1156  18.7   3.7   2.6 -9.00 1002.8 1006.3 1007.7  729 1004.3 1625  7.6  1.1 14.8 -9.0 14.17  2.21 1100   18.9   -9.0 -9.00   13.2 1916    6.9 1945   -9.0   -9   -9.0   -9   -9.0   -9 -99.0 -99.0 -99.0 -99.0 -99.0
20260625 100  1.7  1469  14  3.0 1320   9  5.1 1539  14.8  17.5 1257  13.5  308  13.9  18.2  13.5  94.8  86.0 1252  15.9   1.9   1.3 -9.00  919.9 1007.0 1010.1    6 1004.9 1740  8.0  0.1 14.8 -9.0  8.62  1.64 1200   13.8   -9.0 -9.00   11.0 2221    4.4 2244   -9.0   -9   -9.0   -9   -9.0   -9 -99.0 -99.0 -99.0 -99.0 -99.0
20260625 101  1.7  1506  25  3.0  950  29  4.4  201  18.9  21.0  851  17.1 2350  16.1  23.0  15.3  84.8  69.0  847  18.4   2.5   1.7 -9.00  996.9 1005.7 1007.7   11 1003.9 1634  7.5  0.0 14.8 -9.0  8.70  1.24  800   14.0   14.0 -9.00    7.8 1954    3.9 2039   -9.0   -9   -9.0   -9   -9.0   -9  24.4  21.7  19.4  15.9  15.0
20260625 102  2.3  2028  29  7.0 1639  29 11.6 1634  18.9  23.8 1053  15.7 2114  14.9  23.8  13.6  78.9  55.0 1458  17.0   4.1   2.8 -9.00 1000.9 1005.1 1006.1  727 1003.4 1759  6.9  2.2 14.8 -9.0 13.33  2.32 1000    2.2   -9.0  2.12    2.2 1638    1.6 1651   -9.0   -9   -9.0   -9   -9.0   -9 -99.0 -99.0 -99.0 -99.0 -99.0
20260625 104  1.1   982  29  3.2 2136  34  6.4 2023  18.1  20.4 1248  16.8 2133  17.3  21.3  16.6  96.0  87.0 1250  19.8   1.5   1.1 -9.00  997.7 1006.5 1009.1    1 1004.5 1740  7.8  0.0 14.8 -9.0  6.12  0.95 1100    8.7    8.0 14.92    2.3 2236    1.2 2324   -9.0   -9   -9.0   -9   -9.0   -9  22.3  20.9  19.3  15.2  13.7
20260625 105  1.3  1097  32  4.0 2036  34  7.4 2059  18.3  19.7 1127  17.0 2346  16.4  20.4  17.6  89.4  83.0 1318  18.7   1.4   1.0 -9.00 1004.3 1007.5 1010.1    3 1005.6 1739  9.0  0.0 14.8 -9.0  4.91  0.68 1100   13.7   -9.0 -9.00    9.2 2254    4.4 2313   -9.0   -9   -9.0   -9   -9.0   -9  23.3  21.7  20.6  16.5  15.0
20260625 106  1.8  1536   2  4.4 1344   2  7.2 2155  19.2  21.3 1204  17.7  128  17.4  21.9  16.2  90.1  77.0 1101  19.9   2.1   1.5 -9.00 1002.5 1007.2 1010.3    1 1005.5 1730  9.0  0.0 14.8 -9.0  8.25  1.33 1100    2.3   -9.0 -9.00    0.9 1803    0.5 2249   -9.0   -9   -9.0   -9   -9.0   -9 -99.0 -99.0 -99.0 -99.0 -99.0
20260625 108  2.1  1854  32  4.7 2102  29  8.1 2056  22.3  24.0 1711  19.6 2356  15.7  23.8  15.8  67.1  54.0  835  17.9   3.3   2.3 -9.00  995.7 1005.6 1007.0   22 1003.7 1706  6.6  0.2 14.8 -9.0  8.61  1.07 1400    0.3    0.3  1.92    0.3 2030    0.3 2112   -9.0   -9   -9.0   -9   -9.0   -9  24.3  22.0  20.8  16.3  14.0
20260625 112  1.9  1632  32  3.9 2034  27  6.7 2032  23.1  26.8 1225  21.0 2353  16.2  24.3  16.3  66.0  53.0 1140  18.5   4.0   2.8 -9.00  997.3 1005.1 1006.8    9 1003.5 1633  5.9  0.3 14.7 -9.0 11.25  2.30 1100    0.0    0.0  0.42    0.0   -9    0.0   -9   -9.0   -9   -9.0   -9   -9.0   -9  23.4  21.9  15.5  19.1  13.9
20260625 114  1.6  1412  29  2.8 1618  32  5.0 1219  22.1  26.6 1408  19.2  358  16.8  26.3  17.3  72.8  62.0 1353  19.3   4.1   2.9 -9.00  987.9 1005.0 1007.3   11 1003.1 1457  7.5  1.7 14.7 -9.0 15.40  2.71 1000    0.0   -9.0 -9.00    0.0   -9    0.0   -9   -9.0   -9   -9.0   -9   -9.0   -9 -99.0 -99.0 -99.0 -99.0 -99.0
20260625 115  3.2  2790   5  6.1  203   5  8.7  158  19.8  20.7 1324  18.5   11  18.7  21.0  17.7  93.8  91.0    1  21.6   1.4   1.0  3.50  980.9 1006.3 1010.0    1 1003.7 2359  8.1  0.0 14.7 -9.0  4.45  0.64 1000    0.1    0.5  8.75    0.1   -9    0.1   -9   -9.0   -9   -9.0   -9   -9.0   -9  21.1  18.7  17.5  13.2  13.3
20260625 119  2.2  1899   9  4.2 1213   7  6.8  312  22.3  24.6 1605  20.8  449  14.1  24.7  18.1  60.3  49.0  741  16.2   4.2   2.9 -9.00 1000.5 1005.1 1006.8   35 1003.3 1720  6.5  0.6 14.7 -9.0 12.04  2.65 1200    0.0    0.0  0.43    0.0   -9    0.0   -9   -9.0   -9   -9.0   -9   -9.0   -9  23.6  21.5  19.3  14.8  13.3
20260625 121  1.5  1329   9  3.3  537   7  5.9 1604  20.9  28.9 1338  17.8  321  16.6  25.5  15.7  77.8  50.0 1319  19.0   4.0   2.8 -9.00  978.2 1005.7 1008.8    1 1002.9 1447  8.3  1.1 14.7 -9.0 14.57  2.90 1300    6.8   -9.0 -9.00    5.9 1912    5.8 1956   -9.0   -9   -9.0   -9   -9.0   -9 -99.0 -99.0 -99.0 -99.0 -99.0
20260625 127  1.2  1064  23  2.9 1544  25  5.0 1554  22.2  27.4 1306  19.8  515  16.1  24.1  18.7  69.0  51.0 1251  18.4   4.0   2.8 -9.00  991.2 1004.3 1006.7    3 1002.4 1503  6.5  1.8 14.7 -9.0 15.89  2.75 1200    0.3   -9.0 -9.00    0.3 1758    0.3 1758   -9.0   -9   -9.0   -9   -9.0   -9 -99.0 -99.0 -99.0 -99.0 -99.0
20260625 129  1.9  1641  32  3.8 1805  32  5.4 1617  22.1  26.3 1154  18.9  321  16.3  24.5  15.6  70.8  54.0 1114  18.6   4.4   3.1 -9.00 1002.4 1005.3 1006.6   41 1003.8 1522  5.9  2.7 14.7 -9.0 15.14  2.36 1100   -9.0   -9.0 -9.00   -9.0   -9   -9.0   -9   -9.0   -9   -9.0   -9   -9.0   -9  23.5  21.6  21.6  15.5  15.2
20260625 130  1.4  1230  18  3.1 1201  11  7.0 1157  19.4  21.1 1418  17.9  543  18.4  21.9  17.5  94.4  87.0 1133  21.2  -9.0  -9.0 -9.00 1001.0 1006.7 1009.9    1 1005.0 1629  7.1  0.0 14.7 -9.0 -9.00 -9.00   -9    2.1   -9.0 -9.00    0.5  418    0.3  932   -9.0   -9   -9.0   -9   -9.0   -9 -99.0 -99.0 -99.0 -99.0 -99.0
20260625 131  1.6  1413   9  3.1 1243  27  7.4 2033  23.6  27.1 1316  21.0  807  16.0  24.9  20.6  62.6  55.0 1236  18.2   4.7   3.3 -9.00  998.0 1004.7 1006.6    1 1002.8 1620  8.8  1.8 14.7 -9.0 14.76  3.74 1200    0.0   -9.0  2.03    0.0   -9    0.0   -9   -9.0   -9   -9.0   -9   -9.0   -9 -99.0 -99.0 -99.0 -99.0 -99.0
20260625 133  1.6  1405  14  3.6    4  14  6.8    2  22.9  27.0 1705  20.1  516  17.0  24.0  18.8  69.6  58.0 1243  19.4   4.2   2.9 -9.00  997.4 1005.2 1007.1   12 1003.1 1658  6.4  1.9 14.6 -9.0 14.59  3.16 1200    0.3    0.3  0.83    0.3 1905    0.2   -9   -9.0   -9   -9.0   -9   -9.0   -9  24.7  23.5  21.4  17.5  15.9
20260625 135  1.5  1321   9  4.3   18   9  7.3   21  20.3  23.8 1408  18.1  538  16.6  22.2  18.2  79.8  69.0 1402  18.9   3.3   2.3 -9.00  977.1 1005.1 1007.8    2 1003.4 1450  7.8  0.5 14.6 -9.0 10.98  2.01 1100    0.0   -9.0 -9.00    0.0   -9    0.0   -9   -9.0   -9   -9.0   -9   -9.0   -9 -99.0 -99.0 -99.0 -99.0 -99.0
20260625 136  1.2  1046  14  3.2 1614  14  5.4 1612  21.7  25.2 1500  19.0  451  17.5  24.3  18.7  77.9  67.0 1306  20.1   3.3   2.3 -9.00  989.9 1006.0 1009.2    1 1004.3 1602  7.4  0.0 14.7 -9.0 11.04  1.56 1100    0.0    2.2  0.83    0.0   -9    0.0   -9   -9.0   -9   -9.0   -9   -9.0   -9 -99.0 -99.0 -99.0 -99.0 -99.0
20260625 137  0.6   538  23  1.8 2351   5  3.5  344  22.0  25.7 1140  19.6  512  17.7  25.4  19.2  77.5  61.0 1142  20.4   3.5   2.5 -9.00  993.4 1004.5 1007.3    1 1002.6 1544  7.4  0.9 14.6 -9.0 12.05  2.84 1100    0.6   -9.0 -9.00    0.6 2149    0.3 2211   -9.0   -9   -9.0   -9   -9.0   -9 -99.0 -99.0 -99.0 -99.0 -99.0
20260625 138  3.3  2809   5  6.0  427   2 10.6 1347  20.2  21.8 1326  18.9  705  19.0  22.0  19.0  93.1  82.0 1331  22.0   2.2   1.6 -9.00 1004.6 1005.1 1007.7    1 1003.9 1535  9.1  0.0 14.6 -9.0 10.10  1.75 1100    5.1    0.0 11.00    1.5  536    0.4  606   -9.0   -9   -9.0   -9   -9.0   -9  22.1  20.2  19.0  16.5  15.8
20260625 140  2.5  2148  29  5.4 1714  29  7.2 1843  22.3  26.6 1300  19.1  527  17.7  24.5  15.6  76.0  58.0 1230  20.3  -9.0  -9.0 -9.00 1002.7 1005.9 1006.9 2238 1004.8 1424  5.8  8.3 14.6 -9.0 -9.00 -9.00   -9   -9.0   -9.0 -9.00   -9.0   -9   -9.0   -9   -9.0   -9   -9.0   -9   -9.0   -9 -99.0 -99.0 -99.0 -99.0 -99.0
20260625 143  1.5  1290  11  3.5 1759  11  4.8 1803  21.6  24.8 1319  19.5   38  17.5  24.4  19.4  77.8  64.0 1320  20.0   2.9   2.0 -9.00  998.4 1004.6 1007.4   20 1003.0 1554  8.6  0.0 14.6 -9.0  8.28  1.57 1200   -9.0   -9.0 -9.00   -9.0   -9   -9.0   -9   -9.0   -9   -9.0   -9   -9.0   -9 -99.0 -99.0 -99.0 -99.0 -99.0
20260625 146  1.8  1559  27  4.9 1610  25  7.5 1624  23.3  28.2 1301  19.9  204  17.2  23.6  14.3  69.9  52.0 1201  19.7   5.3   3.7 -9.00  998.0 1004.9 1006.3 2213 1003.2 1646  7.4  3.2 14.6 -9.0 16.85  2.72 1200   -9.0   -9.0 -9.00   -9.0   -9   -9.0   -9   -9.0   -9   -9.0   -9   -9.0   -9 -99.0 -99.0 -99.0 -99.0 -99.0
20260625 152  2.3  2020  29  4.6 1248  29  7.4 1244  20.3  22.9 1327  18.6   59  18.4  22.2  18.6  89.6  77.0 1558  21.2   3.1   2.2 -9.00  995.1 1004.5 1007.0    1 1003.0 1517  9.4  0.1 14.6 -9.0 11.77  1.84 1300    2.8   -9.0  8.75    0.9   11    0.6   33   -9.0   -9   -9.0   -9   -9.0   -9 -99.0 -99.0 -99.0 -99.0 -99.0
20260625 155  1.8  1536  18  4.7 1702  20  7.4 1659  22.9  27.1 1400  20.1   32  19.3  24.7  19.7  81.3  62.0 1402  22.5   4.3   3.0 -9.00 1000.4 1004.4 1006.5    1 1002.9 1437  9.3  1.8 14.5 -9.0 14.29  2.82 1000    0.0   -9.0  0.55    0.0   -9    0.0   -9   -9.0   -9   -9.0   -9   -9.0   -9 -99.0 -99.0 -99.0 -99.0 -99.0
20260625 156  1.6  1341   5  3.7    3  20  6.2 2105  23.4  28.5 1352  20.1  241  17.9  25.6  17.9  71.8  57.0 1230  20.5   4.6   3.2 -9.00  996.9 1004.9 1006.5 2201 1003.2 1350  7.4  2.3 14.5 -9.0 15.66  3.07 1200   -9.0   -9.0 -9.00   -9.0   -9   -9.0   -9   -9.0   -9   -9.0   -9   -9.0   -9 -99.0 -99.0 -99.0 -99.0 -99.0
20260625 159  2.5  2150   7  4.5   28   7  9.1  341  22.8  27.4 1124  19.4    1  19.6  24.2  17.3  83.3  62.0 1125  22.9   3.7   2.6 -9.00  995.9 1003.9 1005.8    1 1002.3 1401  9.6  1.2 14.5 -9.0 12.80  2.85 1000    1.4    1.4  3.92    1.1 1747    0.4 1801   -9.0   -9   -9.0   -9   -9.0   -9  22.4  22.0  21.1  16.9  17.1
20260625 162  2.5  2153   5  4.8  202   2  7.7  158  22.3  27.0 1240  19.7    1  18.7  24.7  18.6  80.6  61.0 1201  21.5   4.5   3.1 -9.00 1000.1 1003.7 1005.4    4 1002.0 1443  9.4  2.5 14.5 -9.0 16.15  3.25 1100    0.1   -9.0 -9.00    0.1   -9    0.1   -9   -9.0   -9   -9.0   -9   -9.0   -9 -99.0 -99.0 -99.0 -99.0 -99.0
20260625 165  1.9  1681  32  5.4 1543  34  7.6 1537  22.6  26.5 1357  20.4  258  18.8  24.8  18.0  80.4  63.0 1640  21.7   5.1   3.6 -9.00 1000.4 1005.5 1006.9 2134 1004.2 1333  6.8  3.1 14.5 -9.0 18.89  3.26 1200   -9.0   -9.0 -9.00   -9.0   -9   -9.0   -9   -9.0   -9   -9.0   -9   -9.0   -9  22.9  21.0  20.3  17.6  15.6
20260625 168  4.1  3552   9  7.7  429   9 12.9  425  22.9  27.5 1511  20.1    1  18.5  28.2  18.6  77.0  60.0 1443  21.3   5.0   3.5 -9.00  997.1 1004.6 1005.8    4 1003.2 1413  8.9  2.1 14.5 -9.0 16.65  2.83 1400    0.0    0.0  1.07    0.0   -9    0.0   -9   -9.0   -9   -9.0   -9   -9.0   -9  22.8  22.3  20.5  17.3  16.7
20260625 169  3.2  2792  34  4.9 1049  34  7.2 1938  21.7  25.9 1118  19.6  546  19.1  24.0  20.1  85.9  70.0 1326  22.2   5.2   3.7 -9.00  997.0 1005.6 1006.9 2223 1004.5 1559  7.3  6.5 14.5 -9.0 21.53  3.36 1100   -9.0   -9.0 -9.00   -9.0   -9   -9.0   -9   -9.0   -9   -9.0   -9   -9.0   -9 -99.0 -99.0 -99.0 -99.0 -99.0
20260625 170  1.8  1564  27  4.3 1657  14  8.0   20  23.3  29.4 1416  20.2 2400  18.4  24.9  18.5  74.9  53.0 1343  21.2   5.3   3.7 -9.00 1001.2 1005.2 1006.5 2123 1003.8 1429  8.0  2.8 14.5 -9.0 17.03  3.27 1300    0.0   -9.0 -9.00    0.0   -9    0.0   -9   -9.0   -9   -9.0   -9   -9.0   -9 -99.0 -99.0 -99.0 -99.0 -99.0
20260625 172  1.8  1582  29  5.6 1438  29  7.7 1432  22.6  27.8 1307  19.0 2342  17.4  24.8  15.9  74.0  52.0 1309  19.8   6.4   4.5 -9.00  998.8 1004.8 1006.3 2154 1003.3 1357  6.9  5.2 14.5 -9.0 22.07  3.35 1200   -9.0   -9.0 -9.00   -9.0   -9   -9.0   -9   -9.0   -9   -9.0   -9   -9.0   -9 -99.0 -99.0 -99.0 -99.0 -99.0
20260625 174  1.1   990  27  3.3 1205  27  5.5 1123  21.9  28.0 1309  17.4  427  17.4  24.4  17.2  76.9  53.0 1310  19.9  -9.0  -9.0 -9.00  984.4 1003.2 1004.5 2201 1001.4 1357  7.6  2.3 14.5 -9.0 -9.00 -9.00   -9   -9.0   -9.0 -9.00   -9.0   -9   -9.0   -9   -9.0   -9   -9.0   -9   -9.0   -9 -99.0 -99.0 -99.0 -99.0 -99.0
20260625 177  1.3  1145  23  3.5 1651  20  5.6 1710  22.3  27.3 1617  17.8  514  16.9  24.9  15.9  72.8  55.0 1605  19.3   4.7   3.3 -9.00 1000.7 1003.9 1005.4   10 1002.1 1513  6.8  3.0 14.7 -9.0 16.32  2.62 1000   -9.0   -9.0 -9.00   -9.0   -9   -9.0   -9   -9.0   -9   -9.0   -9   -9.0   -9 -99.0 -99.0 -99.0 -99.0 -99.0
20260625 181  1.5  1310   5  3.3  826  18  5.5   21  22.6  26.6 1256  20.1  505  16.7  24.9  19.5  69.8  59.0 1257  19.1   4.1   2.9 -9.00 1001.4 1005.3 1007.3   31 1003.4 1640  6.5  1.6 14.7 -9.0 13.84  2.85 1200   -9.0   -9.0 -9.00   -9.0   -9   -9.0   -9   -9.0   -9   -9.0   -9   -9.0   -9 -99.0 -99.0 -99.0 -99.0 -99.0
20260625 184  1.9  1673   7  3.7    1   5  6.9   14  21.0  23.5 1517  19.5  634  18.7  22.6  19.1  87.1  75.0 1501  21.5   2.8   1.9 -9.00 1002.9 1005.3 1006.8 2050 1003.6  256  9.9  0.0 14.4 -9.0  8.22  1.48 1200    9.0    0.7 10.97    3.3    3    0.8   29   -9.0   -9   -9.0   -9   -9.0   -9  23.3  23.2  23.3  19.9  17.1
20260625 185  4.7  4019   5  7.1   29   5 10.9   28  20.5  22.3 1525  19.6  254  19.0  22.4  19.0  91.5  82.0 1513  22.0   2.7   1.9 -9.00  996.8 1005.1 1007.3 2213 1002.6  235  9.4  0.0 14.4 -9.0  9.47  1.52 1300    0.0   -9.0 -9.00    0.0   -9    0.0   -9   -9.0   -9   -9.0   -9   -9.0   -9 -99.0 -99.0 -99.0 -99.0 -99.0
20260625 188  2.5  2169   2  5.5   42   5 11.6  149  22.0  24.9 1200  19.8  615  19.9  22.8  19.8  88.8  73.0 1202  23.2  -9.0  -9.0 -9.00 1003.1 1005.5 1007.3 2126 1003.4  241  9.1  0.2 14.4 -9.0 -9.00 -9.00   -9    3.9   -9.0 -9.00    1.0   21    0.5   23   -9.0   -9   -9.0   -9   -9.0   -9 -99.0 -99.0 -99.0 -99.0 -99.0
20260625 189  1.4  1191  20  3.2 1127  25  5.3 1202  22.4  25.4 1105  21.4 2335  20.2  23.6  21.0  87.8  78.0 1106  23.7   2.5   1.8 -9.00  999.3 1005.2 1007.2 2114 1002.7  230  9.9  0.0 14.4 -9.0  7.75  2.07 1000    0.5    0.5  0.83    0.5 2218    0.3 2242   -9.0   -9   -9.0   -9   -9.0   -9 -99.0 -99.0 -99.0 -99.0 -99.0
20260625 192  1.0   824  32  2.0 1013  34  4.9 1010  22.6  27.0 1426  18.2    1  18.9  27.6  18.2  80.3  64.0 1442  21.8   3.8   2.7 -9.00 1001.4 1004.7 1007.0    1 1003.0 1644  8.8  1.2 14.5 -9.0 14.08  1.87 1400   -9.0   -9.0 -9.00   -9.0   -9   -9.0   -9   -9.0   -9   -9.0   -9   -9.0   -9 -99.0 -99.0 -99.0 -99.0 -99.0
20260625 201  1.1   982  29  3.2 1942  29  7.4 1937  21.1  25.2 1257  16.8  422  16.6  23.0  13.9  77.0  52.0 1134  19.0  -9.0  -9.0 -9.00 1000.7 1006.2 1007.6    7 1004.5 1604  6.5  1.6 14.8 -9.0 -9.00 -9.00   -9    0.0   -9.0 -9.00    0.0   -9    0.0   -9   -9.0   -9   -9.0   -9   -9.0   -9 -99.0 -99.0 -99.0 -99.0 -99.0
20260625 202  1.3  1126  29  2.5 1503  29  4.9 1508  20.9  23.2 1412  19.1 1058  16.4  24.1  18.0  76.0  59.0  441  18.7  -9.0  -9.0 -9.00 1000.4 1005.9 1007.6   52 1004.0 1727  5.8  0.0 14.8 -9.0 -9.00 -9.00   -9    0.6   -9.0 -9.00    0.4 1008    0.2 1054   -9.0   -9   -9.0   -9   -9.0   -9 -99.0 -99.0 -99.0 -99.0 -99.0
20260625 203  0.7   591  11  1.9   10  11  4.6    3  21.2  24.8 1511  18.8  507  17.6  24.8  18.0  80.6  62.0    4  20.1  -9.0  -9.0 -9.00  996.8 1006.1 1007.8   48 1004.0 1635  6.6  0.5 14.7 -9.0 -9.00 -9.00   -9    0.5   -9.0 -9.00    0.3 1141    0.2 1225   -9.0   -9   -9.0   -9   -9.0   -9 -99.0 -99.0 -99.0 -99.0 -99.0
20260625 211  1.9  1640   5  3.1  131   7  5.7 1846  17.2  20.8 1231  14.8  128  15.1  19.9  13.0  87.9  74.0 1307  17.2  -9.0  -9.0 -9.00  983.2 1006.6 1009.4    6 1004.6 1535  8.5  0.0 14.8 -9.0 -9.00 -9.00   -9   12.5   -9.0 -9.00    4.4 2201    2.3 2239   -9.0   -9   -9.0   -9   -9.0   -9 -99.0 -99.0 -99.0 -99.0 -99.0
20260625 212  1.1   965  29  3.0 1522  29  4.8 1419  19.7  24.3 1344  17.3  451  15.9  23.4  16.5  79.8  62.0 1234  18.2  -9.0  -9.0 -9.00  990.2 1006.4 1008.6   53 1004.3 1651  6.4  1.1 14.8 -9.0 -9.00 -9.00   -9   11.2   -9.0 -9.00    8.0 1800    7.3 1842   -9.0   -9   -9.0   -9   -9.0   -9 -99.0 -99.0 -99.0 -99.0 -99.0
20260625 216  1.2  1049   5  3.0 1535   7  5.1 1533  16.1  18.6 1348  14.6  315  14.7  19.5  16.3  91.8  81.0 1351  16.8   2.0   1.4 -9.00  926.3 1006.8 1010.0    1 1005.0 1521  8.4  0.0 14.7 -9.0  8.18  1.28 1300    2.5   -9.0 -9.00    2.4 2308    2.0 2353   -9.0   -9   -9.0   -9   -9.0   -9 -99.0 -99.0 -99.0 -99.0 -99.0
20260625 217  1.7  1488   2  3.5  215   5  6.2  215  18.8  24.3 1314  15.4    5  14.7  23.6  15.8  77.9  60.0 1313  16.8  -9.0  -9.0 -9.00  970.7 1006.4 1010.0    2 1004.2 1358  8.8  0.0 14.7 -9.0 -9.00 -9.00   -9    0.0   -9.0 -9.00    0.0   -9    0.0   -9   -9.0   -9   -9.0   -9   -9.0   -9 -99.0 -99.0 -99.0 -99.0 -99.0
20260625 221  1.5  1272   5  3.1 1811   9  5.3  925  20.6  25.1 1339  17.9  301  15.9  24.0  17.5  75.6  59.0 1314  18.3  -9.0  -9.0 -9.00  975.0 1005.2 1008.0    5 1003.1 1508  6.5  0.8 14.7 -9.0 -9.00 -9.00   -9    0.0   -9.0 -9.00    0.0   -9    0.0   -9   -9.0   -9   -9.0   -9   -9.0   -9 -99.0 -99.0 -99.0 -99.0 -99.0
20260625 226  1.4  1240  18  3.5 1253  20  5.6 1223  21.5  24.7 1445  19.3  415  17.3  23.8  17.6  78.0  66.0 1233  19.9  -9.0  -9.0 -9.00  985.7 1005.3 1007.7    1 1003.5 1706  8.3  0.6 14.7 -9.0 -9.00 -9.00   -9    1.3   -9.0 -9.00    1.3 2032    1.0 2118   -9.0   -9   -9.0   -9   -9.0   -9 -99.0 -99.0 -99.0 -99.0 -99.0
20260625 232  1.5  1267   9  3.2  754  14  6.2 1221  22.1  25.5 1739  19.9  456  17.0  24.4  18.1  73.4  63.0    1  19.5  -9.0  -9.0 -9.00  996.0 1005.7 1007.6   31 1003.9 1637  6.9  1.2 14.7 -9.0 -9.00 -9.00   -9    0.0   -9.0 -9.00    0.0   -9    0.0   -9   -9.0   -9   -9.0   -9   -9.0   -9 -99.0 -99.0 -99.0 -99.0 -99.0
20260625 235  1.4  1171  20  3.6 1249  25  6.1 1323  22.5  27.4 1449  18.7 2242  16.3  25.9  16.2  69.3  50.0 1518  18.5   6.9   4.8 -9.00 1003.5 1004.7 1005.7 2242 1003.5 1535  5.8  7.3 14.6 -9.0 24.45  3.43 1100   -9.0   -9.0 -9.00   -9.0   -9   -9.0   -9   -9.0   -9   -9.0   -9   -9.0   -9 -99.0 -99.0 -99.0 -99.0 -99.0
20260625 236  1.1   955  20  2.6 1623  27  5.4 1724  22.2  27.9 1614  17.5  514  17.0  25.2  16.2  73.6  57.0 1417  19.4  -9.0  -9.0 -9.00 1003.8 1005.3 1006.7    1 1003.5 1641  6.1  3.3 14.6 -9.0 -9.00 -9.00   -9   -9.0   -9.0 -9.00   -9.0   -9   -9.0   -9   -9.0   -9   -9.0   -9   -9.0   -9 -99.0 -99.0 -99.0 -99.0 -99.0
20260625 238  1.0   847   9  2.7    2  23  6.6 2042  21.8  25.5 1429  18.7  304  17.3  23.3  16.3  75.9  66.0 1430  19.8  -9.0  -9.0 -9.00  985.2 1004.6 1006.3   11 1002.9 1450  6.8  0.4 14.6 -9.0 -9.00 -9.00   -9    0.0   -9.0 -9.00    0.0   -9    0.0   -9   -9.0   -9   -9.0   -9   -9.0   -9 -99.0 -99.0 -99.0 -99.0 -99.0
20260625 239  1.6  1366  11  3.0    2  11  5.8    8  22.8  26.5 1744  19.7 2251  16.8  25.5  18.4  69.6  60.0 1518  19.2   4.5   3.1 -9.00  994.3 1004.5 1006.4    1 1002.6 1642  7.3  2.3 14.7 -9.0 16.42  3.01 1200   -9.0   -9.0 -9.00   -9.0   -9   -9.0   -9   -9.0   -9   -9.0   -9   -9.0   -9 -99.0 -99.0 -99.0 -99.0 -99.0
20260625 243  1.5  1314  29  4.2 1521  27  7.0 1519  22.7  27.8 1331  18.8  442  17.3  25.9  16.0  73.3  53.0 1306  19.8  -9.0  -9.0 -9.00 1004.0 1005.4 1006.6 2226 1004.2 1356  6.6  7.8 14.6 -9.0 -9.00 -9.00   -9   -9.0   -9.0 -9.00   -9.0   -9   -9.0   -9   -9.0   -9   -9.0   -9   -9.0   -9 -99.0 -99.0 -99.0 -99.0 -99.0
20260625 244  0.9   792  34  3.2 1804  32  5.2 1825  21.1  25.7 1539  17.5 2358  17.0  22.0  14.3  78.3  61.0 1304  19.4  -9.0  -9.0 -9.00  976.6 1004.7 1006.3 2236 1002.9 1541  7.6  0.6 14.6 -9.0 -9.00 -9.00   -9   -9.0   -9.0 -9.00   -9.0   -9   -9.0   -9   -9.0   -9   -9.0   -9   -9.0   -9 -99.0 -99.0 -99.0 -99.0 -99.0
20260625 245  1.6  1366  34  4.3 1531  34  6.7 1514  23.0  28.4 1304  19.6  448  17.1  24.1  17.3  70.5  53.0 1242  19.5   5.3   3.7 -9.00  997.3 1005.1 1006.4 2147 1003.5 1356  6.9  4.8 14.6 -9.0 18.56  3.13 1100   -9.0   -9.0 -9.00   -9.0   -9   -9.0   -9   -9.0   -9   -9.0   -9   -9.0   -9 -99.0 -99.0 -99.0 -99.0 -99.0
20260625 247  2.2  1868   9  6.4    0   9 10.6  108  22.6  27.3 1330  19.3 2358  17.6  24.4  17.6  74.4  61.0 1320  20.2  -9.0  -9.0 -9.00  989.3 1004.5 1005.9 2223 1002.9 1601  7.4  3.2 14.5 -9.0 -9.00 -9.00   -9   -9.0   -9.0 -9.00   -9.0   -9   -9.0   -9   -9.0   -9   -9.0   -9   -9.0   -9 -99.0 -99.0 -99.0 -99.0 -99.0
20260625 248  0.7   578  36  2.3 1703  36  3.8 1942  19.6  23.2 1552  15.8  322  16.7  21.0  14.3  84.3  73.0 1206  19.1  -9.0  -9.0 -9.00  959.1 1005.2 1006.8    1 1003.3 1554  7.8  0.3 14.6 -9.0 -9.00 -9.00   -9    0.4   -9.0 -9.00    0.4  932    0.2   -9   -9.0   -9   -9.0   -9   -9.0   -9 -99.0 -99.0 -99.0 -99.0 -99.0
20260625 251  1.6  1347  27  4.5 1524  25  7.1 1517  22.4  27.5 1355  18.7 2343  18.4  23.3  16.8  79.4  61.0 1645  21.3   5.3   3.7 -9.00  999.3 1005.0 1006.6 2201 1003.2 1401  7.0  5.1 14.5 -9.0 19.46  3.02 1100   -9.0   -9.0 -9.00   -9.0   -9   -9.0   -9   -9.0   -9   -9.0   -9   -9.0   -9 -99.0 -99.0 -99.0 -99.0 -99.0
20260625 252  1.0   869  34  3.0 1558  34  6.1 1512  22.3  27.7 1317  19.3 2359  17.4  24.8  16.1  75.0  55.0 1236  19.9   5.7   4.0 -9.00 1000.8 1005.1 1006.4 2152 1003.8 1343  7.0  2.7 14.5 -9.0 21.59  3.53 1200   -9.0   -9.0 -9.00   -9.0   -9   -9.0   -9   -9.0   -9   -9.0   -9   -9.0   -9 -99.0 -99.0 -99.0 -99.0 -99.0
20260625 253  1.2  1076  16  2.9 1615  29  6.5 1355  22.8  29.4 1428  19.5   34  20.1  25.4  19.0  86.1  59.0 1430  23.6   3.6   2.5 -9.00  998.8 1005.1 1007.1    1 1003.3 1442  9.0  1.5 14.5 -9.0 11.52  2.24 1300    0.0   -9.0 -9.00    0.0   -9    0.0   -9   -9.0   -9   -9.0   -9   -9.0   -9 -99.0 -99.0 -99.0 -99.0 -99.0
20260625 254  1.1   973  32  3.3 1711  29  5.9 1704  22.6  27.6 1314  18.9  243  16.5  26.5  16.6  69.8  54.0 1317  18.8   4.2   2.9 -9.00  990.4 1005.2 1006.8 2221 1003.4 1424  6.9  2.5 14.5 -9.0 14.43  2.78 1200   -9.0   -9.0 -9.00   -9.0   -9   -9.0   -9   -9.0   -9   -9.0   -9   -9.0   -9 -99.0 -99.0 -99.0 -99.0 -99.0
20260625 255  1.8  1536  32  3.3 1049  32  6.2 1041  23.5  28.7 1407  19.5    1  19.6  22.5  18.0  79.3  60.0 1408  22.8   3.7   2.6 -9.00  998.4 1004.2 1006.5    1 1002.3 1502  8.8  0.7 14.5 -9.0 11.88  2.66 1300   -9.0   -9.0 -9.00   -9.0   -9   -9.0   -9   -9.0   -9   -9.0   -9   -9.0   -9 -99.0 -99.0 -99.0 -99.0 -99.0
20260625 257  2.5  2117   7  4.3  439   5  9.6  438  23.2  28.8 1234  20.3    7  20.5  24.1  18.3  85.9  62.0 1236  24.1   4.2   2.9 -9.00 1003.7 1004.4 1006.5    1 1002.7 1427  9.1  1.7 14.6 -9.0 14.88  3.63 1200    0.8   -9.0 -9.00    0.8 1737    0.4 1816   -9.0   -9   -9.0   -9   -9.0   -9 -99.0 -99.0 -99.0 -99.0 -99.0
20260625 258  2.1  1802  18  4.7 1338  18  5.9 1332  23.7  28.2 1401  20.1  407  18.8  24.6  19.2  74.9  60.0 1225  21.7   5.2   3.6 -9.00 1004.8 1005.0 1006.3 2148 1003.4 1421  8.4  1.8 14.5 -9.0 16.39  3.48 1300   -9.0   -9.0 -9.00   -9.0   -9   -9.0   -9   -9.0   -9   -9.0   -9   -9.0   -9 -99.0 -99.0 -99.0 -99.0 -99.0
20260625 259  1.0   868  32  3.5 1342   9  7.1 1334  23.1  29.2 1418  19.7 2359  18.3  24.2  16.7  75.6  55.0 1320  21.0   4.3   3.0 -9.00 1003.0 1004.9 1006.2 2129 1003.1 1342  8.0  1.7 14.5 -9.0 14.22  2.77 1200   -9.0   -9.0 -9.00   -9.0   -9   -9.0   -9   -9.0   -9   -9.0   -9   -9.0   -9 -99.0 -99.0 -99.0 -99.0 -99.0
20260625 260  1.4  1222   9  3.9  103  11  7.3    7  23.1  28.9 1407  19.7 2355  18.8  25.4  17.0  77.6  60.0 1410  21.7  -9.0  -9.0 -9.00  999.7 1004.8 1006.3 2137 1003.0 1347  7.6  1.7 14.5 -9.0 -9.00 -9.00   -9   -9.0   -9.0 -9.00   -9.0   -9   -9.0   -9   -9.0   -9   -9.0   -9   -9.0   -9 -99.0 -99.0 -99.0 -99.0 -99.0
20260625 261  1.8  1594  29  4.9 1554  29  7.6 1550  22.7  28.5 1420  19.5 2341  18.8  24.8  16.9  79.4  59.0 1302  21.6  -9.0  -9.0 -9.00 1003.6 1005.5 1007.0 2226 1003.9 1349  7.8  2.8 14.5 -9.0 -9.00 -9.00   -9   -9.0   -9.0 -9.00   -9.0   -9   -9.0   -9   -9.0   -9   -9.0   -9   -9.0   -9 -99.0 -99.0 -99.0 -99.0 -99.0
20260625 262  1.6  1385   5  3.9   12   7  7.8    7  23.5  29.3 1356  19.4 2359  18.8  25.8  20.4  76.0  56.0 1452  21.7   4.5   3.1 -9.00  998.6 1004.5 1006.0 2202 1003.0 1422  8.3  2.8 14.5 -9.0 15.51  2.81 1300    0.0   -9.0 -9.00    0.0   -9    0.0   -9   -9.0   -9   -9.0   -9   -9.0   -9 -99.0 -99.0 -99.0 -99.0 -99.0
20260625 263  1.5  1318   5  3.5 1133   5  6.5 1125  23.0  26.6 1517  18.7   20  19.6  25.5  17.9  81.9  69.0 1332  22.8   3.9   2.7 -9.00 1003.1 1004.7 1007.0    1 1003.2 1533  8.4  0.8 14.6 -9.0 13.55  2.39 1100    0.0   -9.0 -9.00    0.0   -9    0.0   -9   -9.0   -9   -9.0   -9   -9.0   -9 -99.0 -99.0 -99.0 -99.0 -99.0
20260625 264  0.9   794  27  3.2 2355  25  5.4 2135  21.5  27.0 1356  17.9  542  18.7  23.3  17.8  84.8  67.0 1330  21.6   3.9   2.7 -9.00  987.8 1005.2 1007.9    1 1003.0 1638  7.6  0.9 14.6 -9.0 12.82  3.03 1200    0.0   -9.0 -9.00    0.0   -9    0.0   -9   -9.0   -9   -9.0   -9   -9.0   -9 -99.0 -99.0 -99.0 -99.0 -99.0
20260625 266  1.6  1416   7  4.5    5   7  9.7   58  23.3  27.9 1435  19.8    1  20.1  25.2  19.1  83.0  63.0 1410  23.6   3.7   2.6 -9.00  994.8 1004.9 1006.3    1 1003.2 1431  8.4  0.7 14.5 -9.0 12.70  2.24 1400    0.5   -9.0 -9.00    0.5 1653    0.5 1743   -9.0   -9   -9.0   -9   -9.0   -9 -99.0 -99.0 -99.0 -99.0 -99.0
20260625 268  1.4  1179  29  3.7 1522  29  5.7 1514  22.0  27.3 1402  18.6 2355  17.9  23.5  16.4  78.8  59.0 1351  20.6  -9.0  -9.0 -9.00 1003.3 1004.4 1005.7 2213 1003.0 1338  7.9  3.9 14.5 -9.0 -9.00 -9.00   -9   -9.0   -9.0 -9.00   -9.0   -9   -9.0   -9   -9.0   -9   -9.0   -9   -9.0   -9 -99.0 -99.0 -99.0 -99.0 -99.0
20260625 271  1.3  1121  14  3.0 1306   9  6.4  530  20.6  24.4 1200  17.7  140  16.2  23.3  16.0  77.0  61.0 1119  18.5  -9.0  -9.0 -9.00  968.9 1005.7 1009.2    1 1003.8 1619  7.1  0.4 14.7 -9.0 -9.00 -9.00   -9    0.1   -9.0 -9.00    0.1   -9    0.1   -9   -9.0   -9   -9.0   -9   -9.0   -9 -99.0 -99.0 -99.0 -99.0 -99.0
20260625 272  1.0   884   7  2.8 1721   7  4.0 1715  20.7  24.6 1235  17.8    6  17.0  25.2  17.0  81.0  61.0 1223  19.5  -9.0  -9.0 -9.00  981.4 1005.5 1009.1    1 1003.5 1522  8.0  0.0 14.7 -9.0 -9.00 -9.00   -9    7.3   -9.0 -9.00    4.8 2324    2.6 2338   -9.0   -9   -9.0   -9   -9.0   -9 -99.0 -99.0 -99.0 -99.0 -99.0
20260625 273  0.8   688  11  3.0 1909  16  5.0 1235  21.6  26.1 1234  18.4  252  17.6  25.4  17.4  79.0  62.0 1235  20.2  -9.0  -9.0 -9.00  985.0 1004.7 1007.9    5 1002.8 1654  7.0  0.8 14.7 -9.0 -9.00 -9.00   -9    0.4   -9.0 -9.00    0.4 2229    0.2   -9   -9.0   -9   -9.0   -9   -9.0   -9 -99.0 -99.0 -99.0 -99.0 -99.0
20260625 276  1.1   989   5  2.9 1423   9  5.1  206  20.3  22.7 1407  17.9  457  18.6  22.4  16.9  91.0  81.0 1410  21.5   2.2   1.5 -9.00  981.2 1005.1 1008.2    1 1003.5 1607  7.8  0.0 14.7 -9.0  7.22  1.03 1200    0.0   -9.0 -9.00    0.0   -9    0.0   -9   -9.0   -9   -9.0   -9   -9.0   -9 -99.0 -99.0 -99.0 -99.0 -99.0
20260625 277  3.7  3234   5  6.3 1146   2 11.2  540  19.1  20.5 1131  17.5  552  18.0  22.0  18.1  93.4  85.0 1247  20.6  -9.0  -9.0 -9.00 1001.2 1005.9 1009.1    6 1004.4 1622  8.1  0.0 14.7 -9.0 -9.00 -9.00   -9    3.1   -9.0 -9.00    1.3  353    0.6  354   -9.0   -9   -9.0   -9   -9.0   -9 -99.0 -99.0 -99.0 -99.0 -99.0
20260625 278  1.3  1105   5  2.8  926   5  6.7 1021  22.1  25.3 1347  20.1   53  18.3  25.0  19.2  80.1  65.0 1153  21.1  -9.0  -9.0 -9.00  994.9 1004.2 1007.4    1 1002.5 1556  8.8  0.0 14.6 -9.0 -9.00 -9.00   -9    0.5   -9.0 -9.00    0.5   -9    0.3 2001   -9.0   -9   -9.0   -9   -9.0   -9 -99.0 -99.0 -99.0 -99.0 -99.0
20260625 279  1.0   860  29  2.5 1121  29  4.7 1128  22.3  26.3 1307  20.0  604  17.5  25.8  19.0  75.1  59.0 1247  20.1   3.5   2.5 -9.00  999.4 1005.1 1007.9    1 1003.2 1552  7.6  0.5 14.6 -9.0 11.65  2.29 1100    0.4   -9.0 -9.00    0.4 1922    0.4 1926   -9.0   -9   -9.0   -9   -9.0   -9 -99.0 -99.0 -99.0 -99.0 -99.0
20260625 281  0.8   703   9  2.2    1   7  4.1  211  20.6  22.6 1424  18.7    1  18.1  22.2  18.6  86.1  78.0 1248  20.8  -9.0  -9.0 -9.00  994.6 1005.7 1008.2    1 1004.2 1546  8.9  0.0 14.6 -9.0 -9.00 -9.00   -9    0.0   -9.0 -9.00    0.0   -9    0.0   -9   -9.0   -9   -9.0   -9   -9.0   -9 -99.0 -99.0 -99.0 -99.0 -99.0
20260625 283  2.6  2281  36  4.5  710   2  6.7  709  20.0  21.6 1409  18.7  439  19.0  21.8  17.6  94.3  87.0 1411  21.9   1.9   1.3 -9.00 1001.1 1005.7 1008.2    1 1004.5 1528  8.8  0.0 14.6 -9.0  5.94  0.91 1100    0.4   -9.0 -9.00    0.3  526    0.1   -9   -9.0   -9   -9.0   -9   -9.0   -9 -99.0 -99.0 -99.0 -99.0 -99.0
20260625 284  0.9   802  14  3.0 1515  16  4.2 1458  20.7  25.6 1326  18.0  541  17.9  22.9  15.8  84.5  68.0 1327  20.6   3.4   2.4 -9.00  978.0 1004.1 1006.9    1 1002.0 1640  8.5  0.4 14.6 -9.0 11.29  2.24 1200    0.0   -9.0 -9.00    0.0   -9    0.0   -9   -9.0   -9   -9.0   -9   -9.0   -9 -99.0 -99.0 -99.0 -99.0 -99.0
20260625 285  0.7   577   5  2.0 1249   9  4.6 1153  22.4  26.0 1245  19.7  102  18.6  25.6  19.3  80.0  66.0 1246  21.5  -9.0  -9.0 -9.00 1002.0 1005.1 1007.5    1 1003.3 1640  8.5  0.5 14.6 -9.0 -9.00 -9.00   -9   -9.0   -9.0 -9.00   -9.0   -9   -9.0   -9   -9.0   -9   -9.0   -9   -9.0   -9 -99.0 -99.0 -99.0 -99.0 -99.0
20260625 288  2.1  1793  34  3.6  328  18  6.7  325  23.8  27.7 1441  21.0   24  19.3  26.5  20.6  76.4  64.0 1348  22.4   4.7   3.3 -9.00 1002.1 1003.1 1005.6    1 1001.4 1510  8.5  2.1 14.6 -9.0 16.06  2.79 1300    0.0   -9.0 -9.00    0.0   -9    0.0   -9   -9.0   -9   -9.0   -9   -9.0   -9 -99.0 -99.0 -99.0 -99.0 -99.0
20260625 289  0.9   811  25  2.6 1352  23  4.9 1345  21.2  26.3 1257  17.7  505  18.9  23.8  16.5  87.8  65.0 1323  21.8  -9.0  -9.0 -9.00  990.0 1005.8 1008.3    1 1003.8 1627  8.6  1.7 14.5 -9.0 -9.00 -9.00   -9   -9.0   -9.0 -9.00   -9.0   -9   -9.0   -9   -9.0   -9   -9.0   -9   -9.0   -9 -99.0 -99.0 -99.0 -99.0 -99.0
20260625 294  1.4  1250  18  3.4 2248  20  6.5 1930  22.1  26.4 1405  18.8    1  18.9  25.6  19.3  83.0  65.0 1354  21.8  -9.0  -9.0 -9.00  999.9 1005.1 1006.8    1 1003.6 1447  9.3  2.9 14.5 -9.0 -9.00 -9.00   -9    0.1   -9.0 -9.00    0.1   -9    0.1   -9   -9.0   -9   -9.0   -9   -9.0   -9 -99.0 -99.0 -99.0 -99.0 -99.0
20260625 295  1.3  1106  36  3.1    2   2  5.9  109  22.4  27.0 1450  19.0    1  18.7  25.7  18.5  80.6  63.0 1451  21.6  -9.0  -9.0 -9.00  999.5 1004.8 1006.9    1 1003.2 1450  8.8  1.6 14.5 -9.0 -9.00 -9.00   -9    0.0   -9.0 -9.00    0.0   -9    0.0   -9   -9.0   -9   -9.0   -9   -9.0   -9 -99.0 -99.0 -99.0 -99.0 -99.0
20260625 296  2.8  2439   9  5.7  244   2  9.5  324  23.5  29.0 1434  20.4    1  20.4  23.6  19.1  83.1  64.0 1435  23.9   3.8   2.7 -9.00 1003.3 1003.6 1005.7    1 1001.8 1446  9.0  1.0 14.5 -9.0 13.04  2.34 1100    0.2   -9.0  2.73    0.1   -9    0.1   -9   -9.0   -9   -9.0   -9   -9.0   -9 -99.0 -99.0 -99.0 -99.0 -99.0
20260626  90  1.7  1434   2  3.3 1150  34  5.7  334  19.1  21.9 1154  16.0 2356  15.9  25.6  15.7  82.6  65.0  844  18.1   6.4   4.5 -9.00 1004.6 1006.7 1007.9 1145 1005.7 2359  3.1 10.5 14.8 -9.0 27.94  3.48 1200    0.4   -9.0 -9.00    0.4 -2331    0.4    3   -9.0   -9   -9.0   -9   -9.0   -9 -99.0 -99.0 -99.0 -99.0 -99.0
20260626  93  0.9   763  11  3.4 1655  11  7.4 1622  21.4  28.5 1506  16.0  228  15.6  25.4  15.6  73.3  35.0 1833  17.8   6.9   4.8 -9.00  995.1 1006.1 1007.1 2136 1004.5 1622  2.4 12.5 14.8 -9.0 27.58  3.24 1100   -9.0   -9.0 -9.00   -9.0   -9   -9.0   -9   -9.0   -9   -9.0   -9   -9.0   -9  23.7  23.3  21.1  16.2  13.8
20260626  95  1.3  1151  11  4.0 1405  11  7.5 1421  21.5  28.6 1613  15.0  511  15.1  25.9  14.3  71.4  34.0 1607  17.2   7.8   5.4 -9.00  988.6 1006.4 1007.3  512 1004.6 1658  2.8 13.7 14.8 -9.0 30.50  3.46 1300   -9.0   -9.0 -9.00   -9.0   -9   -9.0   -9   -9.0   -9   -9.0   -9   -9.0   -9 -99.0 -99.0 -99.0 -99.0 -99.0
20260626  98  0.6   523  34  1.5 1403   9  4.3 1321  22.4  29.2 1540  15.8  510  14.6  27.8  13.3  64.8  33.0 1719  16.7   7.6   5.3 -9.00  992.6 1005.9 1006.8  849 1004.1 1729  2.5 11.7 14.8 -9.0 29.79  3.62 1100   -9.0   -9.0 -9.00   -9.0   -9   -9.0   -9   -9.0   -9   -9.0   -9   -9.0   -9 -99.0 -99.0 -99.0 -99.0 -99.0
20260626  99  1.1   946   9  2.3   34  11  5.3 1406  21.8  28.5 1658  15.1  541  17.0  26.4  15.1  77.1  45.0 1601  19.4   7.1   4.9 -9.00 1003.1 1006.6 1007.7  847 1005.2 1706  1.5 12.1 14.8 -9.0 29.07  3.50 1300    0.9   -9.0 -9.00    0.9 -2348    0.8   35   -9.0   -9   -9.0   -9   -9.0   -9 -99.0 -99.0 -99.0 -99.0 -99.0
20260626 100  1.7  1489  36  4.5 1643   2  9.2 1639  14.7  20.9 1704   9.6 2356  12.7  19.0   9.5  89.6  53.0 1820  14.8   4.3   3.0 -9.00  919.8 1006.9 1009.7 2155 1004.8 1704  6.0  6.4 14.8 -9.0 19.16  2.89 1300    0.1   -9.0 -9.00    0.1   -9    0.1   -9   -9.0   -9   -9.0   -9   -9.0   -9 -99.0 -99.0 -99.0 -99.0 -99.0
20260626 101  1.3  1112  29  3.2 1225  25  7.3 1219  22.0  28.8 1633  16.3  215  15.0  26.7  14.4  68.6  34.0 1807  17.1   7.3   5.1 -9.00  996.4 1005.1 1006.2 2137 1003.4 1659  2.3 12.2 14.8 -9.0 28.04  3.41 1100   -9.0   -9.0 -9.00   -9.0   -9   -9.0   -9   -9.0   -9   -9.0   -9   -9.0   -9  23.9  21.7  19.5  15.9  15.0
20260626 102  3.3  2840  32  6.7 1544  32  8.8 1541  19.3  23.1 1429  15.1  416  15.9  27.1  12.7  81.5  65.0 1435  18.2   6.6   4.6 -9.00 1001.7 1005.9 1007.1  947 1005.0 1732  2.5 13.5 14.8 -9.0 30.14  3.55 1300   -9.0   -9.0 -9.00   -9.0   -9   -9.0   -9   -9.0   -9   -9.0   -9   -9.0   -9 -99.0 -99.0 -99.0 -99.0 -99.0
20260626 104  1.4  1182  29  3.1    0  29  5.1   23  18.3  22.9 1621  14.5 2350  16.4  22.8  13.6  89.6  72.0 1320  18.7   4.6   3.2 -9.00  997.0 1005.8 1006.8 1004 1004.9  222  5.4  6.6 14.8 -9.0 18.93  3.04 1300    0.0   -9.0  0.63    0.0   -9    0.0   -9   -9.0   -9   -9.0   -9   -9.0   -9  21.6  20.9  19.3  15.2  13.7
20260626 105  1.3  1124   5  3.2 1415  27  5.4  114  19.0  23.1 1613  16.6 2329  15.2  22.7  14.6  79.8  64.0 1539  17.3   3.9   2.8 -9.00 1003.6 1006.8 1008.0 1015 1005.9  234  4.6 -9.0 14.8 -9.0 -9.00  2.73 1400    0.4   -9.0 -9.00    0.5 -2354    0.2    4   -9.0   -9   -9.0   -9   -9.0   -9  22.5  21.9  20.7  16.6  15.0
20260626 106  2.4  2105  36  6.1 1312   2  9.0 1309  18.5  21.8 1516  15.5 2351  16.0  22.2  13.1  86.1  75.0 1307  18.2   4.4   3.1 -9.00 1002.2 1006.9 1007.9 2159 1005.6    6  5.3  5.0 14.8 -9.0 16.37  2.76 1500    0.0   -9.0 -9.00    0.0   -9    0.0   -9   -9.0   -9   -9.0   -9   -9.0   -9 -99.0 -99.0 -99.0 -99.0 -99.0
20260626 108  1.9  1621  36  4.0 1239   5  6.7 1233  23.5  30.0 1654  17.2  530  15.7  25.0  13.9  63.6  39.0 1611  17.8   7.8   5.4 -9.00  996.0 1005.8 1006.6  941 1004.2 1656  3.5 10.4 14.8 -9.0 26.98  3.46 1300   -9.0   -9.0 -9.00   -9.0   -9   -9.0   -9   -9.0   -9   -9.0   -9   -9.0   -9  23.9  22.0  20.9  16.3  14.0
20260626 112  2.2  1859  29  4.1 1222  25  6.9 1221  22.9  27.3 1542  18.1  457  17.5  27.3  14.4  72.8  55.0 1408  20.1   8.0   5.6 -9.00  997.9 1005.8 1006.7  936 1004.9  152  2.4 13.9 14.8 -9.0 30.19  3.52 1300   -9.0   -9.0 -9.00   -9.0   -9   -9.0   -9   -9.0   -9   -9.0   -9   -9.0   -9  23.1  21.9  15.6  19.1  13.9
20260626 114  1.5  1299  32  2.9 1350  34  6.5 1705  22.9  29.4 1554  18.9  513  15.0  29.2  14.9  63.8  37.0 1639  17.1   6.8   4.8 -9.00  988.1 1005.2 1006.6 2122 1003.6 1706  3.8  8.0 14.7 -9.0 22.43  2.65 1400   -9.0   -9.0 -9.00   -9.0   -9   -9.0   -9   -9.0   -9   -9.0   -9   -9.0   -9 -99.0 -99.0 -99.0 -99.0 -99.0
20260626 115  2.4  2069   2  8.6  514  34 12.4  635  19.1  22.6 1308  16.7 2327  16.9  22.5  11.8  87.4  75.0 1332  19.2   3.9   2.8 -9.00  980.1 1005.5 1007.4 2146 1003.1  336  5.0  2.5 14.7 -9.0 15.16  2.86 1300    0.4    0.0 11.07    0.4  412    0.3  449   -9.0   -9   -9.0   -9   -9.0   -9  21.0  18.7  17.6  13.3  13.3
20260626 119  1.8  1577  23  5.5 1708  23  7.2 1704  22.8  28.3 1555  18.3  534  15.4  32.8  16.0  65.3  42.0 1412  17.6   7.6   5.3 -9.00 1000.9 1005.5 1006.3  858 1004.2 1632  3.6 11.8 14.7 -9.0 27.68  3.18 1300   -9.0   -9.0 -9.00   -9.0   -9   -9.0   -9   -9.0   -9   -9.0   -9   -9.0   -9  23.2  21.5  19.4  15.0  13.4
20260626 121  1.2  1026  23  3.6 1251  23  6.1 1251  21.8  28.5 1700  16.7 2358  16.2  24.6  14.3  73.9  41.0 1729  18.5   5.8   4.1 -9.00  978.2 1005.5 1007.3 2354 1003.6 1652  5.0  8.1 14.7 -9.0 23.02  3.49 1100    0.1   -9.0 -9.00    0.1   -9    0.1   -9   -9.0   -9   -9.0   -9   -9.0   -9 -99.0 -99.0 -99.0 -99.0 -99.0
20260626 127  1.1   953  25  2.9 1311  25  7.1 1303  22.7  29.0 1624  18.9 2350  16.2  25.9  16.6  69.1  42.0 1412  18.4   6.5   4.5 -9.00  991.5 1004.6 1005.7  833 1003.2 1718  4.1  7.8 14.7 -9.0 23.73  3.22 1400    0.9   -9.0 -9.00    0.9  454    0.9  541   -9.0   -9   -9.0   -9   -9.0   -9 -99.0 -99.0 -99.0 -99.0 -99.0
20260626 129  1.8  1519  29  4.3 1332  32  8.4 1332  22.1  26.8 1311  17.8  439  16.6  27.7  14.7  73.1  47.0 1413  18.9   7.4   5.2 -9.00 1003.1 1006.1 1006.9  845 1005.0 1723  2.0 11.2 14.7 -9.0 29.53  3.67 1100   -9.0   -9.0 -9.00   -9.0   -9   -9.0   -9   -9.0   -9   -9.0   -9   -9.0   -9  23.3  21.6  21.7  15.5  15.3
20260626 130  1.8  1594   7  4.6 1023   9  8.7 1430  19.4  23.2 1223  16.4 2314  16.7  22.9  14.9  85.1  69.0 1227  19.0  -9.0  -9.0 -9.00 1000.9 1006.6 1007.9 2154 1004.8   18  6.0  3.6 14.7 -9.0 -9.00 -9.00   -9    0.0   -9.0 -9.00    0.0   -9    0.0   -9   -9.0   -9   -9.0   -9   -9.0   -9 -99.0 -99.0 -99.0 -99.0 -99.0
20260626 131  1.6  1378   9  3.9 1519   5  6.3 1839  24.5  29.4 1612  20.1  526  15.4  26.6  18.8  58.6  39.0 1622  17.5   6.8   4.8 -9.00  998.3 1005.0 1006.3  753 1003.7 1746  4.8  8.8 14.7 -9.0 23.81  3.24 1000   -9.0   -9.0 -9.00   -9.0   -9   -9.0   -9   -9.0   -9   -9.0   -9   -9.0   -9 -99.0 -99.0 -99.0 -99.0 -99.0
20260626 133  1.6  1359  34  3.2 1544  34  6.4 1536  23.8  29.1 1509  19.4  534  16.1  28.0  17.8  64.5  41.0 1508  18.4   7.4   5.2 -9.00  997.8 1005.5 1006.8  756 1004.1 1741  4.1 11.7 14.6 -9.0 29.09  3.55 1100   -9.0   -9.0 -9.00   -9.0   -9   -9.0   -9   -9.0   -9   -9.0   -9   -9.0   -9  24.7  23.4  21.6  17.8  16.2
20260626 135  1.7  1436  27  4.0  824  27  6.5  821  21.9  27.3 1414  16.5  447  15.9  27.3  16.0  70.8  46.0 1420  18.0   6.7   4.7 -9.00  977.2 1005.0 1006.2 2204 1003.4 1522  3.8  9.5 14.6 -9.0 26.37  3.67 1300   -9.0   -9.0 -9.00   -9.0   -9   -9.0   -9   -9.0   -9   -9.0   -9   -9.0   -9 -99.0 -99.0 -99.0 -99.0 -99.0
20260626 136  1.6  1357  11  4.6 1653  11  7.6 1650  22.2  28.5 1500  17.7 2335  17.2  28.4  16.7  75.8  46.0 1352  19.7   6.7   4.7 -9.00  990.0 1006.1 1007.9 2141 1004.4 1455  3.8  9.7 14.7 -9.0 26.39  3.73 1200    2.2   -9.0  1.83    2.2   30    1.5  118   -9.0   -9   -9.0   -9   -9.0   -9 -99.0 -99.0 -99.0 -99.0 -99.0
20260626 137  1.2   994  23  2.6   19  25  5.3   41  23.4  29.3 1549  18.3  610  17.2  29.8  16.7  70.0  47.0 1602  19.6   6.7   4.7 -9.00  993.3 1004.3 1005.5 2149 1002.8 1652  3.5 11.3 14.6 -9.0 27.20  3.39 1400   -9.0   -9.0 -9.00   -9.0   -9   -9.0   -9   -9.0   -9   -9.0   -9   -9.0   -9 -99.0 -99.0 -99.0 -99.0 -99.0
20260626 138  2.2  1889   5  4.1 1217   5  6.5 1150  20.2  22.3 1346  18.2 2358  17.4  23.2  16.2  84.5  73.0 1517  19.9   3.6   2.5 -9.00 1005.5 1006.0 1007.0 1948 1004.3   11  7.6  1.0 14.6 -9.0 12.55  2.57 1400    0.0    0.0  1.25    0.0   -9    0.0   -9   -9.0   -9   -9.0   -9   -9.0   -9  21.9  20.1  19.0  16.5  15.9
20260626 140  2.0  1711  27  4.9 1419  27  6.5 1411  22.1  26.2 1730  18.3  152  17.9  28.2  14.7  78.4  57.0 1050  20.6  -9.0  -9.0 -9.00 1003.3 1006.5 1007.7  806 1005.2 1750  2.9 12.6 14.6 -9.0 -9.00 -9.00   -9   -9.0   -9.0 -9.00   -9.0   -9   -9.0   -9   -9.0   -9   -9.0   -9   -9.0   -9 -99.0 -99.0 -99.0 -99.0 -99.0
20260626 143  2.0  1751  11  5.7 1922   9  9.4 2001  23.1  30.3 1511  19.0 2345  15.7  28.9  17.5  66.8  33.0 1513  17.9   7.0   4.9 -9.00  998.5 1004.7 1006.7 2156 1002.7 1509  4.0  9.3 14.6 -9.0 24.69  3.53 1100    0.0   -9.0  0.25    0.0   -9    0.0   -9   -9.0   -9   -9.0   -9   -9.0   -9 -99.0 -99.0 -99.0 -99.0 -99.0
20260626 146  2.0  1697  27  4.3 1744  25  6.5 1727  23.5  28.8 1454  19.2  543  17.2  27.9  16.7  69.8  44.0 1451  19.7   6.8   4.7 -9.00  998.6 1005.5 1007.0  754 1003.7 1738  4.3  8.8 14.6 -9.0 24.45  3.35 1200   -9.0   -9.0 -9.00   -9.0   -9   -9.0   -9   -9.0   -9   -9.0   -9   -9.0   -9 -99.0 -99.0 -99.0 -99.0 -99.0
20260626 152  2.0  1749   9  5.0 1028  11  8.2 1822  20.3  23.9 1137  17.2 2329  17.4  23.8  15.9  84.0  70.0 1143  19.9   4.6   3.2 -9.00  996.0 1005.4 1006.9 2141 1004.1  339  7.5  4.0 14.6 -9.0 19.37  3.13 1000   -9.0   -9.0 -9.00   -9.0   -9   -9.0   -9   -9.0   -9   -9.0   -9   -9.0   -9 -99.0 -99.0 -99.0 -99.0 -99.0
20260626 155  2.1  1818  16  6.1 1324  18  9.8 1259  23.2  28.7 1128  20.0  429  19.1  26.8  17.9  79.0  55.0 1116  22.1   6.4   4.5 -9.00 1001.2 1005.2 1006.4 2204 1004.5  259  3.9 11.2 14.5 -9.0 26.99  3.57 1100   -9.0   -9.0 -9.00   -9.0   -9   -9.0   -9   -9.0   -9   -9.0   -9   -9.0   -9 -99.0 -99.0 -99.0 -99.0 -99.0
20260626 156  1.5  1278  36  3.5 1916  18  5.6 1909  24.1  29.7 1408  19.0  557  17.1  29.4  15.3  67.3  40.0 1443  19.6   6.4   4.4 -9.00  997.3 1005.3 1006.8  728 1003.4 1628  3.1  9.6 14.5 -9.0 24.37  3.31 1300   -9.0   -9.0 -9.00   -9.0   -9   -9.0   -9   -9.0   -9   -9.0   -9   -9.0   -9 -99.0 -99.0 -99.0 -99.0 -99.0
20260626 159  2.7  2302  16  4.6 1158  18  8.6 1200  22.3  26.6 1108  19.7 2400  18.7  25.8  16.3  80.5  69.0 1455  21.6   5.5   3.8 -9.00  997.1 1005.1 1006.3 2132 1003.9  455  6.3  4.7 14.5 -9.0 22.24  3.14 1000   -9.0   -9.0 -9.00   -9.0   -9   -9.0   -9   -9.0   -9   -9.0   -9   -9.0   -9  22.8  22.0  21.1  17.0  17.1
20260626 162  2.2  1922  20  4.5 1526  18  7.4 1712  22.4  27.2 1411  19.1  508  18.7  28.1  15.7  80.6  62.0 1350  21.7   6.7   4.7 -9.00 1000.9 1004.5 1005.7 2059 1003.4 1501  3.9 10.0 14.5 -9.0 28.85  3.71 1200   -9.0   -9.0 -9.00   -9.0   -9   -9.0   -9   -9.0   -9   -9.0   -9   -9.0   -9 -99.0 -99.0 -99.0 -99.0 -99.0
20260626 165  3.5  3047  34  7.9 1633  36  9.8 1628  22.2  25.8 1428  19.3  532  17.9  25.5  16.6  78.5  55.0 1354  20.5   7.5   5.3 -9.00 1000.8 1005.9 1007.3  819 1004.7 1600  2.5 11.8 14.5 -9.0 30.72  3.76 1200   -9.0   -9.0 -9.00   -9.0   -9   -9.0   -9   -9.0   -9   -9.0   -9   -9.0   -9  23.3  21.1  20.4  17.7  15.7
20260626 168  2.4  2105  14  5.0 1950  14  9.0 1947  23.2  27.6 1525  20.1  535  17.8  29.4  18.7  72.6  54.0 1519  20.3   7.2   5.1 -9.00  997.8 1005.4 1006.4 2200 1004.1 1519  1.8 12.4 14.5 -9.0 29.76  3.73 1200   -9.0   -9.0 -9.00   -9.0   -9   -9.0   -9   -9.0   -9   -9.0   -9   -9.0   -9  23.5  22.2  20.6  17.5  16.7
20260626 169  4.4  3834  36  7.6 2045  36  9.6 2041  21.6  26.0 1252  18.9  534  18.6  27.5  19.4  84.3  64.0 1253  21.5   6.7   4.7 -9.00  997.6 1006.2 1007.2  805 1005.1 1755  3.0 11.2 14.5 -9.0 28.41  3.64 1300   -9.0   -9.0 -9.00   -9.0   -9   -9.0   -9   -9.0   -9   -9.0   -9   -9.0   -9 -99.0 -99.0 -99.0 -99.0 -99.0
20260626 170  1.4  1236  16  3.1 2329   2  5.6  447  24.1  30.8 1442  18.9  209  18.2  27.5  17.0  71.5  42.0 1426  20.8   7.2   5.1 -9.00 1001.5 1005.5 1006.7  803 1003.9 1619  2.4 12.1 14.4 -9.0 29.59  3.75 1200   -9.0   -9.0 -9.00   -9.0   -9   -9.0   -9   -9.0   -9   -9.0   -9   -9.0   -9 -99.0 -99.0 -99.0 -99.0 -99.0
20260626 172  2.1  1804  29  6.0 1439  29  8.7 1318  21.9  26.4 1249  17.0  522  16.7  27.1  13.7  75.3  47.0 1533  19.0   7.6   5.3 -9.00  999.4 1005.5 1006.8  740 1004.1 1702  2.3 11.8 14.5 -9.0 29.40  3.74 1200   -9.0   -9.0 -9.00   -9.0   -9   -9.0   -9   -9.0   -9   -9.0   -9   -9.0   -9 -99.0 -99.0 -99.0 -99.0 -99.0
20260626 174  1.9  1602  27  3.7 1328  27  6.6  918  22.2  28.7 1402  15.6  531  16.0  25.6  14.6  70.6  38.0 1615  18.2  -9.0  -9.0 -9.00  984.9 1003.7 1004.8  529 1001.6 1627  2.6 10.3 14.5 -9.0 -9.00 -9.00   -9   -9.0   -9.0 -9.00   -9.0   -9   -9.0   -9   -9.0   -9   -9.0   -9   -9.0   -9 -99.0 -99.0 -99.0 -99.0 -99.0
20260626 177  2.0  1724   5  3.8 1406  27  6.1 1404  23.2  28.6 1508  18.9  552  17.1  29.4  17.3  70.5  45.0 1539  19.4   7.3   5.1 -9.00 1001.3 1004.5 1005.6  833 1003.1 1740  4.0 11.9 14.7 -9.0 27.86  3.32 1100   -9.0   -9.0 -9.00   -9.0   -9   -9.0   -9   -9.0   -9   -9.0   -9   -9.0   -9 -99.0 -99.0 -99.0 -99.0 -99.0
20260626 181  1.9  1627   2  4.8 1830  29  6.1 1327  23.1  28.8 1559  18.5  518  16.3  27.8  17.1  68.1  42.0 1550  18.6   7.1   5.0 -9.00 1001.8 1005.7 1006.9  838 1004.4 1743  4.4 10.7 14.7 -9.0 26.98  3.22 1100   -9.0   -9.0 -9.00   -9.0   -9   -9.0   -9   -9.0   -9   -9.0   -9   -9.0   -9 -99.0 -99.0 -99.0 -99.0 -99.0
20260626 184  1.8  1597  32  3.8 1528   2  6.0  837  22.7  26.4 1447  19.3  457  17.4  28.4  16.8  72.8  54.0  953  19.8   7.1   5.0 -9.00 1003.1 1005.5 1006.7  853 1004.5 1632  4.4 12.3 14.4 -9.0 29.51  3.62 1200   -9.0   -9.0 -9.00   -9.0   -9   -9.0   -9   -9.0   -9   -9.0   -9   -9.0   -9  23.3  23.0  23.3  20.5  17.1
20260626 185  5.4  4692  32  8.9 1706  34 11.0 1700  21.1  24.2 1008  19.7  420  18.1  24.3  17.7  83.8  67.0 1056  20.8   6.4   4.5 -9.00  997.2 1005.4 1006.9   28 1004.3 1627  2.6 11.4 14.4 -9.0 29.39  3.68 1200   -9.0   -9.0 -9.00   -9.0   -9   -9.0   -9   -9.0   -9   -9.0   -9   -9.0   -9 -99.0 -99.0 -99.0 -99.0 -99.0
20260626 188  2.4  2052   2  5.3 1431   7  8.2 1432  23.0  26.9 1351  19.9  509  17.7  24.8  18.6  73.5  51.0 1429  20.3  -9.0  -9.0 -9.00 1003.2 1005.6 1007.1   18 1004.4 1656  4.0 12.7 14.4 -9.0 -9.00 -9.00   -9   -9.0   -9.0 -9.00   -9.0   -9   -9.0   -9   -9.0   -9   -9.0   -9   -9.0   -9 -99.0 -99.0 -99.0 -99.0 -99.0
20260626 189  1.5  1338  20  3.6 1209  25  5.8 1253  22.9  26.4 1509  19.7  508  19.2  26.6  18.6  80.3  63.0 1613  22.3   6.3   4.4 -9.00  999.4 1005.4 1007.0   33 1004.4 1645  5.9 10.3 14.4 -9.0 26.96  3.65 1200   -9.0   -9.0 -9.00   -9.0   -9   -9.0   -9   -9.0   -9   -9.0   -9   -9.0   -9 -99.0 -99.0 -99.0 -99.0 -99.0
20260626 192  0.9   811  14  2.7 1732  16  5.0 1624  23.2  29.3 1419  19.2  230  18.5  32.4  17.2  76.9  49.0 1420  21.3   5.9   4.1 -9.00 1001.7 1005.1 1006.5 2133 1003.5 1524  3.8 10.2 14.5 -9.0 24.98  3.64 1200   -9.0   -9.0 -9.00   -9.0   -9   -9.0   -9   -9.0   -9   -9.0   -9   -9.0   -9 -99.0 -99.0 -99.0 -99.0 -99.0
20260626 201  1.6  1354  29  3.8 1707  29  5.9 1706  21.6  26.7 1641  16.0  357  16.9  26.9  11.7  76.4  51.0 1407  19.3  -9.0  -9.0 -9.00 1001.3 1006.8 1007.7  859 1005.9 1610  2.3 12.5 14.8 -9.0 -9.00 -9.00   -9   -9.0   -9.0 -9.00   -9.0   -9   -9.0   -9   -9.0   -9   -9.0   -9   -9.0   -9 -99.0 -99.0 -99.0 -99.0 -99.0
20260626 202  1.2  1013   5  3.1 1607   5  5.8 1655  22.8  29.0 1652  17.9  525  15.2  28.2  16.3  65.4  36.0 1656  17.3  -9.0  -9.0 -9.00 1000.5 1005.9 1006.9  849 1004.6 1700  2.4  9.7 14.8 -9.0 -9.00 -9.00   -9   -9.0   -9.0 -9.00   -9.0   -9   -9.0   -9   -9.0   -9   -9.0   -9   -9.0   -9 -99.0 -99.0 -99.0 -99.0 -99.0
20260626 203  0.6   531  34  1.7 1559  32  4.1 1559  23.0  29.3 1547  17.6  451  16.5  28.2  16.3  69.3  42.0 1625  18.8  -9.0  -9.0 -9.00  997.0 1006.1 1007.1  850 1004.8 1659  3.0  9.3 14.7 -9.0 -9.00 -9.00   -9   -9.0   -9.0 -9.00   -9.0   -9   -9.0   -9   -9.0   -9   -9.0   -9   -9.0   -9 -99.0 -99.0 -99.0 -99.0 -99.0
20260626 211  1.4  1220   5  3.9 1243   2  6.8 1237  20.0  26.5 1534  14.9 2359  13.4  25.2  12.3  69.8  36.0 1754  15.5  -9.0  -9.0 -9.00  982.8 1006.0 1007.9 2205 1004.4 1503  2.0 10.3 14.8 -9.0 -9.00 -9.00   -9   -9.0   -9.0 -9.00   -9.0   -9   -9.0   -9   -9.0   -9   -9.0   -9   -9.0   -9 -99.0 -99.0 -99.0 -99.0 -99.0
20260626 212  0.9   763   5  3.1 1754   5  6.5 1707  21.7  28.7 1657  17.2  140  14.2  25.3  15.7  66.5  31.0 1702  16.4  -9.0  -9.0 -9.00  990.2 1006.2 1007.5 2129 1004.6 1656  2.9  9.9 14.8 -9.0 -9.00 -9.00   -9   -9.0   -9.0 -9.00   -9.0   -9   -9.0   -9   -9.0   -9   -9.0   -9   -9.0   -9 -99.0 -99.0 -99.0 -99.0 -99.0
20260626 216  1.7  1428   5  4.4 1338   5  7.5 1331  15.1  18.9 1143  11.6 2334  13.9  19.0  12.4  93.0  77.0 1144  15.9   2.8   2.0 -9.00  926.1 1006.9 1009.1 2153 1005.2   29  7.0  1.3 14.7 -9.0 12.16  2.54 1100    2.4   -9.0 -9.00    1.7   10    1.0   37   -9.0   -9   -9.0   -9   -9.0   -9 -99.0 -99.0 -99.0 -99.0 -99.0
20260626 217  1.2  1024  36  3.4 1555  36  6.2 1608  19.9  27.9 1503  14.1 2350  14.6  28.1  14.3  73.8  49.0 1506  16.7  -9.0  -9.0 -9.00  970.5 1006.1 1008.7 2140 1003.6 1503  5.1  6.7 14.7 -9.0 -9.00 -9.00   -9    0.3   -9.0 -9.00    0.2   -9    0.2   -9   -9.0   -9   -9.0   -9   -9.0   -9 -99.0 -99.0 -99.0 -99.0 -99.0
20260626 221  1.4  1173  25  3.5 1436  23  7.0 1544  21.0  26.9 1728  16.3 2356  15.1  25.1  13.9  72.1  43.0 1710  17.3  -9.0  -9.0 -9.00  975.1 1005.2 1006.9 2125 1003.6 1718  4.6  6.8 14.7 -9.0 -9.00 -9.00   -9   -9.0   -9.0 -9.00   -9.0   -9   -9.0   -9   -9.0   -9   -9.0   -9   -9.0   -9 -99.0 -99.0 -99.0 -99.0 -99.0
20260626 226  1.0   841  34  3.1 1538  36  5.8 1545  21.5  27.3 1715  17.5  446  16.9  24.1  14.9  78.0  48.0 1647  19.2  -9.0  -9.0 -9.00  986.0 1005.6 1006.8  830 1004.2 1642  4.1  9.5 14.7 -9.0 -9.00 -9.00   -9   -9.0   -9.0 -9.00   -9.0   -9   -9.0   -9   -9.0   -9   -9.0   -9   -9.0   -9 -99.0 -99.0 -99.0 -99.0 -99.0
20260626 232  1.0   852  36  2.9 1657  34  5.6 1418  22.3  28.2 1607  16.5  526  17.1  27.6  14.7  75.5  46.0 1643  19.5  -9.0  -9.0 -9.00  996.4 1006.1 1007.3  837 1004.9 1648  4.1 10.4 14.7 -9.0 -9.00 -9.00   -9   -9.0   -9.0 -9.00   -9.0   -9   -9.0   -9   -9.0   -9   -9.0   -9   -9.0   -9 -99.0 -99.0 -99.0 -99.0 -99.0
20260626 235  1.0   895  36  3.1 1114  34  5.1 1410  22.9  28.8 1615  17.4  526  17.1  27.5  15.0  71.9  47.0 1145  19.5   7.9   5.5 -9.00 1004.2 1005.3 1006.3  834 1003.9 1718  3.6 12.1 14.6 -9.0 29.75  3.59 1200   -9.0   -9.0 -9.00   -9.0   -9   -9.0   -9   -9.0   -9   -9.0   -9   -9.0   -9 -99.0 -99.0 -99.0 -99.0 -99.0
20260626 236  0.8   715   5  2.2 1732  36  4.8 1725  23.0  28.7 1636  17.7  548  16.6  28.3  16.7  69.8  46.0 1340  18.9  -9.0  -9.0 -9.00 1004.4 1005.9 1007.3  820 1004.4 1719  3.9  8.8 14.6 -9.0 -9.00 -9.00   -9   -9.0   -9.0 -9.00   -9.0   -9   -9.0   -9   -9.0   -9   -9.0   -9   -9.0   -9 -99.0 -99.0 -99.0 -99.0 -99.0
20260626 238  1.1   927  36  2.9 1450  36  5.4 1442  22.7  28.8 1649  17.3  536  16.3  26.5  14.6  70.1  42.0 1615  18.5  -9.0  -9.0 -9.00  985.5 1004.9 1006.1  737 1003.2 1635  4.9 11.7 14.6 -9.0 -9.00 -9.00   -9   -9.0   -9.0 -9.00   -9.0   -9   -9.0   -9   -9.0   -9   -9.0   -9   -9.0   -9 -99.0 -99.0 -99.0 -99.0 -99.0
20260626 239  1.5  1294  32  3.6 1654  20  6.2 1652  23.0  28.4 1644  18.2  456  16.1  27.1  17.1  67.5  44.0 1544  18.4   7.2   5.0 -9.00  994.7 1005.0 1006.3  747 1003.3 1743  4.5 10.9 14.7 -9.0 26.84  3.47 1100   -9.0   -9.0 -9.00   -9.0   -9   -9.0   -9   -9.0   -9   -9.0   -9   -9.0   -9 -99.0 -99.0 -99.0 -99.0 -99.0
20260626 243  1.7  1506  29  4.3 1704  32  7.5 1523  22.1  26.8 1334  17.8  422  16.9  27.8  14.9  74.4  42.0 1329  19.3  -9.0  -9.0 -9.00 1004.7 1006.1 1007.3  845 1005.1 1712  2.9 12.4 14.6 -9.0 -9.00 -9.00   -9   -9.0   -9.0 -9.00   -9.0   -9   -9.0   -9   -9.0   -9   -9.0   -9   -9.0   -9 -99.0 -99.0 -99.0 -99.0 -99.0
20260626 244  1.0   903   7  2.7 1325  34  5.3 1142  21.8  27.8 1457  16.3  546  16.5  25.3  13.4  74.6  46.0 1307  18.8  -9.0  -9.0 -9.00  977.2 1005.2 1007.0  745 1003.1 1721  4.5 10.4 14.6 -9.0 -9.00 -9.00   -9   -9.0   -9.0 -9.00   -9.0   -9   -9.0   -9   -9.0   -9   -9.0   -9   -9.0   -9 -99.0 -99.0 -99.0 -99.0 -99.0
20260626 245  1.8  1538  34  4.9 1507  34  7.8 1425  22.4  28.0 1500  17.6  534  17.0  27.3  15.3  73.8  43.0 1358  19.4   7.4   5.2 -9.00  997.9 1005.8 1007.1  746 1004.4 1545  3.4 10.3 14.6 -9.0 24.83  3.50 1300   -9.0   -9.0 -9.00   -9.0   -9   -9.0   -9   -9.0   -9   -9.0   -9   -9.0   -9 -99.0 -99.0 -99.0 -99.0 -99.0
20260626 247  1.3  1129  32  2.9 1038  29  6.2 1138  23.3  29.3 1624  17.8  135  17.1  28.1  16.3  70.5  47.0 1409  19.5  -9.0  -9.0 -9.00  989.7 1004.9 1006.5  745 1002.8 1702  4.9 11.1 14.6 -9.0 -9.00 -9.00   -9   -9.0   -9.0 -9.00   -9.0   -9   -9.0   -9   -9.0   -9   -9.0   -9   -9.0   -9 -99.0 -99.0 -99.0 -99.0 -99.0
20260626 248  1.2  1048  36  3.7 1627  36  7.3 1622  20.5  26.9 1624  14.9  525  15.4  25.3  12.8  75.8  45.0 1629  17.5  -9.0  -9.0 -9.00  959.6 1005.6 1007.0  727 1003.2 1652  5.6 10.1 14.6 -9.0 -9.00 -9.00   -9   -9.0   -9.0 -9.00   -9.0   -9   -9.0   -9   -9.0   -9   -9.0   -9   -9.0   -9 -99.0 -99.0 -99.0 -99.0 -99.0
20260626 251  1.5  1293  29  3.8 1649  34  6.8 1751  22.1  27.8 1437  16.6  550  17.8  24.2  14.4  78.4  54.0 1556  20.3   6.6   4.6 -9.00  999.9 1005.6 1007.0  745 1004.0 1636  3.0 10.9 14.5 -9.0 25.55  3.53 1300   -9.0   -9.0 -9.00   -9.0   -9   -9.0   -9   -9.0   -9   -9.0   -9   -9.0   -9 -99.0 -99.0 -99.0 -99.0 -99.0
20260626 252  1.5  1283  32  3.4 1634  27  6.3 1312  21.6  25.9 1418  17.2  502  16.9  26.5  13.8  76.6  56.0 1347  19.3   7.6   5.3 -9.00 1001.5 1005.8 1007.1  828 1004.5 1759  2.4 11.6 14.5 -9.0 30.29  3.70 1200   -9.0   -9.0 -9.00   -9.0   -9   -9.0   -9   -9.0   -9   -9.0   -9   -9.0   -9 -99.0 -99.0 -99.0 -99.0 -99.0
20260626 253  1.6  1412  16  4.4 1221  14  7.4 1217  22.8  28.2 1110  19.4 2328  19.3  26.1  17.3  81.6  63.0 1102  22.5   4.8   3.4 -9.00  999.7 1005.9 1007.4 2131 1005.1  316  5.6  7.2 14.5 -9.0 19.67  3.21 1100    0.0   -9.0 -9.00    0.0   -9    0.0   -9   -9.0   -9   -9.0   -9   -9.0   -9 -99.0 -99.0 -99.0 -99.0 -99.0
20260626 254  1.6  1370  32  4.5 1815  32  6.8 1856  22.3  28.8 1639  16.4  545  15.5  27.0  14.7  68.5  37.0 1419  17.6   6.5   4.5 -9.00  991.0 1005.8 1007.2  724 1003.7 1637  3.5  9.8 14.5 -9.0 23.57  2.67 1300   -9.0   -9.0 -9.00   -9.0   -9   -9.0   -9   -9.0   -9   -9.0   -9   -9.0   -9 -99.0 -99.0 -99.0 -99.0 -99.0
20260626 255  1.2  1020   9  3.4 1915   7  5.9 1914  24.0  29.9 1140  20.6  520  18.7  23.0  17.5  73.6  45.0 1122  21.6   4.3   3.0 -9.00  998.9 1004.7 1006.4 2213 1003.6 1427  5.3  6.2 14.5 -9.0 15.72  3.27 1100   -9.0   -9.0 -9.00   -9.0   -9   -9.0   -9   -9.0   -9   -9.0   -9   -9.0   -9 -99.0 -99.0 -99.0 -99.0 -99.0
20260626 257  2.1  1794  11  4.0 1911  11  9.1 1212  23.7  29.0 1036  20.7 2359  20.0  26.6  18.7  81.1  59.0 1116  23.5   5.0   3.5 -9.00 1004.6 1005.3 1007.0 2145 1004.4 1435  5.9  4.5 14.5 -9.0 18.51  2.68 1000    0.0   -9.0 -9.00    0.0   -9    0.0   -9   -9.0   -9   -9.0   -9   -9.0   -9 -99.0 -99.0 -99.0 -99.0 -99.0
20260626 258  2.8  2446  29  4.7  323  29  6.9  320  23.9  28.8 1417  19.2  211  18.1  26.2  17.0  71.6  50.0 1109  20.8   7.0   4.9 -9.00 1005.3 1005.5 1006.6 2142 1003.8 1525  2.1 10.9 14.5 -9.0 27.31  3.58 1200   -9.0   -9.0 -9.00   -9.0   -9   -9.0   -9   -9.0   -9   -9.0   -9   -9.0   -9 -99.0 -99.0 -99.0 -99.0 -99.0
20260626 259  1.5  1294  32  3.5 1029   2  7.2 1008  23.6  30.5 1529  17.3  516  17.9  26.1  15.1  73.0  43.0 1513  20.5   7.4   5.2 -9.00 1003.3 1005.2 1006.3   44 1003.2 1731  3.1 11.7 14.5 -9.0 28.74  3.56 1200   -9.0   -9.0 -9.00   -9.0   -9   -9.0   -9   -9.0   -9   -9.0   -9   -9.0   -9 -99.0 -99.0 -99.0 -99.0 -99.0
20260626 260  1.9  1608  16  5.0 1814  16  6.8 1814  23.5  30.3 1546  17.6  512  17.9  28.2  15.2  73.5  41.0 1625  20.5  -9.0  -9.0 -9.00 1000.1 1005.1 1006.3  746 1003.2 1617  2.6 12.2 14.5 -9.0 -9.00 -9.00   -9   -9.0   -9.0 -9.00   -9.0   -9   -9.0   -9   -9.0   -9   -9.0   -9   -9.0   -9 -99.0 -99.0 -99.0 -99.0 -99.0
20260626 261  2.1  1842  29  5.9 1730  32 10.2 1440  22.8  28.0 1425  18.1  240  18.6  27.6  15.9  78.9  58.0 1137  21.5  -9.0  -9.0 -9.00 1004.0 1005.9 1007.0  753 1004.3 1604  2.6 11.4 14.5 -9.0 -9.00 -9.00   -9   -9.0   -9.0 -9.00   -9.0   -9   -9.0   -9   -9.0   -9   -9.0   -9   -9.0   -9 -99.0 -99.0 -99.0 -99.0 -99.0
20260626 262  1.4  1197  18  3.5 1535  18  5.3 2006  22.8  29.9 1426  16.5  523  17.6  24.4  18.3  75.3  47.0 1417  20.2   5.4   3.8 -9.00  999.2 1005.2 1006.1  749 1003.5 1632  2.3  9.8 14.5 -9.0 22.09  2.92 1100   -9.0   -9.0 -9.00   -9.0   -9   -9.0   -9   -9.0   -9   -9.0   -9   -9.0   -9 -99.0 -99.0 -99.0 -99.0 -99.0
20260626 263  1.3  1091  14  3.6 1751  14  5.7 1804  23.8  29.8 1623  18.9  529  18.7  30.0  16.6  76.0  43.0 1416  21.6   6.1   4.2 -9.00 1003.5 1005.1 1006.5 2217 1003.4 1513  3.6  9.5 14.5 -9.0 26.60  3.50 1300   -9.0   -9.0 -9.00   -9.0   -9   -9.0   -9   -9.0   -9   -9.0   -9   -9.0   -9 -99.0 -99.0 -99.0 -99.0 -99.0
20260626 264  1.1   928  27  3.2    1  34  5.4 1124  23.2  30.7 1617  16.7  557  17.3  27.5  14.9  72.8  40.0 1506  19.8   7.4   5.2 -9.00  987.7 1005.0 1006.3  622 1002.9 1615  4.8  9.7 14.6 -9.0 29.06  3.81 1200   -9.0   -9.0 -9.00   -9.0   -9   -9.0   -9   -9.0   -9   -9.0   -9   -9.0   -9 -99.0 -99.0 -99.0 -99.0 -99.0
20260626 266  1.4  1180   9  3.2 1734  14  5.3 1255  23.5  29.4 1400  18.2  544  18.8  27.1  16.0  77.3  48.0 1401  21.7   6.7   4.7 -9.00  995.4 1005.4 1006.6 2228 1003.9 1507  3.5 10.2 14.5 -9.0 27.66  3.77 1200   -9.0   -9.0 -9.00   -9.0   -9   -9.0   -9   -9.0   -9   -9.0   -9   -9.0   -9 -99.0 -99.0 -99.0 -99.0 -99.0
20260626 268  2.1  1808  32  5.1 1418  32  8.6 1445  21.3  25.8 1236  17.4  241  17.6  24.4  15.0  81.3  60.0 1239  20.1  -9.0  -9.0 -9.00 1003.7 1004.8 1005.9  745 1003.6 1723  2.6 10.5 14.5 -9.0 -9.00 -9.00   -9   -9.0   -9.0 -9.00   -9.0   -9   -9.0   -9   -9.0   -9   -9.0   -9   -9.0   -9 -99.0 -99.0 -99.0 -99.0 -99.0
20260626 271  1.0   896  16  2.9 1423   7  5.6 1816  19.7  25.4 1250  14.7 2344  16.4  21.8  12.9  83.4  52.0 1254  18.8  -9.0  -9.0 -9.00  968.8 1005.8 1007.9 2130 1004.1 1250  5.3  4.6 14.7 -9.0 -9.00 -9.00   -9    2.2   -9.0 -9.00    1.8   23    0.7  100   -9.0   -9   -9.0   -9   -9.0   -9 -99.0 -99.0 -99.0 -99.0 -99.0
20260626 272  1.5  1312  32  5.8 1415  34  8.3 1357  21.7  27.4 1325  17.1 2400  17.1  27.3  15.8  78.5  45.0 1326  19.6  -9.0  -9.0 -9.00  981.1 1005.2 1007.0 2121 1003.6 1603  4.6 10.0 14.7 -9.0 -9.00 -9.00   -9    2.6   -9.0 -9.00    1.6   -9    1.4    3   -9.0   -9   -9.0   -9   -9.0   -9 -99.0 -99.0 -99.0 -99.0 -99.0
20260626 273  1.1   928  32  3.5 1434  27  6.1 1552  22.3  28.4 1634  17.4  526  16.9  27.9  14.7  75.0  43.0 1644  19.3  -9.0  -9.0 -9.00  985.0 1004.7 1006.2 2142 1003.1 1636  3.4  8.8 14.7 -9.0 -9.00 -9.00   -9   -9.0   -9.0 -9.00   -9.0   -9   -9.0   -9   -9.0   -9   -9.0   -9   -9.0   -9 -99.0 -99.0 -99.0 -99.0 -99.0
20260626 276  1.9  1627  14  5.0 1514  16  9.2 1520  20.2  26.0 1332  14.7 2347  17.6  25.5  12.1  86.8  67.0 1138  20.2   4.5   3.1 -9.00  981.5 1005.4 1007.2 2203 1003.9 1334  5.4  5.9 14.7 -9.0 19.31  2.75 1500    0.3   -9.0 -9.00    0.3   52    0.2   -9   -9.0   -9   -9.0   -9   -9.0   -9 -99.0 -99.0 -99.0 -99.0 -99.0
20260626 277  2.5  2159   5  6.8 1045   2  9.8 1034  18.5  21.8 1320  15.0 2329  16.6  23.1  14.2  89.3  75.0 1317  18.9  -9.0  -9.0 -9.00 1001.8 1006.5 1007.6 2158 1004.6  153  6.6  0.9 14.7 -9.0 -9.00 -9.00   -9    0.2   -9.0 -9.00    0.2   -9    0.1   -9   -9.0   -9   -9.0   -9   -9.0   -9 -99.0 -99.0 -99.0 -99.0 -99.0
20260626 278  1.2  1021   9  3.1 1735  14  5.9 1844  22.8  29.9 1626  17.5 2351  17.4  28.5  15.7  75.0  40.0 1623  19.9  -9.0  -9.0 -9.00  995.1 1004.4 1005.9 2129 1002.5 1549  4.5  8.0 14.6 -9.0 -9.00 -9.00   -9   -9.0   -9.0 -9.00   -9.0   -9   -9.0   -9   -9.0   -9   -9.0   -9   -9.0   -9 -99.0 -99.0 -99.0 -99.0 -99.0
20260626 279  1.3  1083  11  2.9 1951  29  5.8 1233  23.9  30.9 1457  17.5  505  15.9  30.8  14.9  65.1  34.0 1506  18.1   7.8   5.5 -9.00  999.4 1005.0 1006.3 2200 1003.2 1655  3.4 11.8 14.6 -9.0 28.41  3.63 1200   -9.0   -9.0 -9.00   -9.0   -9   -9.0   -9   -9.0   -9   -9.0   -9   -9.0   -9 -99.0 -99.0 -99.0 -99.0 -99.0
20260626 281  1.8  1571  11  4.7 1717   7  9.1 1724  21.0  26.1 1330  16.8 2354  17.0  26.5  14.9  79.5  59.0 1202  19.4  -9.0  -9.0 -9.00  995.1 1006.1 1007.9 2139 1005.0   10  4.4 11.1 14.6 -9.0 -9.00 -9.00   -9   -9.0   -9.0 -9.00   -9.0   -9   -9.0   -9   -9.0   -9   -9.0   -9   -9.0   -9 -99.0 -99.0 -99.0 -99.0 -99.0
20260626 283  2.2  1869  36  5.4 1137   5  7.7 1158  20.7  24.8  934  17.1 2349  17.5  24.5  14.3  82.9  66.0 1353  20.0   4.5   3.1 -9.00 1001.8 1006.4 1007.7 2052 1005.2  324  6.4  3.0 14.6 -9.0 17.56  2.52 1200    0.0   -9.0 -9.00    0.0   -9    0.0   -9   -9.0   -9   -9.0   -9   -9.0   -9 -99.0 -99.0 -99.0 -99.0 -99.0
20260626 284  1.4  1219  32  2.9 1253  11  5.6 1021  22.6  30.0 1708  15.3  436  17.0  28.2  12.5  73.4  44.0 1703  19.5   6.9   4.8 -9.00  978.0 1003.9 1005.5  741 1001.7 1705  3.9  9.9 14.6 -9.0 26.46  3.34 1300   -9.0   -9.0 -9.00   -9.0   -9   -9.0   -9   -9.0   -9   -9.0   -9   -9.0   -9 -99.0 -99.0 -99.0 -99.0 -99.0
20260626 285  1.0   877  36  3.1 1344  18  5.7 1926  23.8  30.0 1549  17.4  549  17.6  31.6  16.3  72.0  44.0 1541  20.2  -9.0  -9.0 -9.00 1002.0 1005.0 1006.4  753 1003.6 1641  3.3 11.7 14.6 -9.0 -9.00 -9.00   -9   -9.0   -9.0 -9.00   -9.0   -9   -9.0   -9   -9.0   -9   -9.0   -9   -9.0   -9 -99.0 -99.0 -99.0 -99.0 -99.0
20260626 288  1.7  1475  14  4.5 1429  14  7.8 1429  24.5  29.8 1258  20.5  540  18.5  30.4  20.6  71.4  42.0 1245  21.3   6.4   4.5 -9.00 1002.6 1003.6 1005.5 2148 1002.2 1353  4.4  7.2 14.6 -9.0 22.69  3.24 1200   -9.0   -9.0 -9.00   -9.0   -9   -9.0   -9   -9.0   -9   -9.0   -9   -9.0   -9 -99.0 -99.0 -99.0 -99.0 -99.0
20260626 289  1.3  1164   5  4.1 2122   9  7.5 2038  23.1  29.2 1325  16.7  428  17.5  28.8  13.7  74.0  45.0 1305  20.1  -9.0  -9.0 -9.00  989.9 1005.6 1006.9 2222 1003.9 1542  4.0  8.6 14.6 -9.0 -9.00 -9.00   -9   -9.0   -9.0 -9.00   -9.0   -9   -9.0   -9   -9.0   -9   -9.0   -9   -9.0   -9 -99.0 -99.0 -99.0 -99.0 -99.0
20260626 294  1.6  1423  14  3.3 1307  16  8.2 1830  22.1  27.1 1254  18.9  458  18.5  27.0  16.6  81.1  61.0 1248  21.4  -9.0  -9.0 -9.00 1000.8 1006.0 1007.2 2111 1005.2  244  5.5  5.4 14.5 -9.0 -9.00 -9.00   -9   -9.0   -9.0 -9.00   -9.0   -9   -9.0   -9   -9.0   -9   -9.0   -9   -9.0   -9 -99.0 -99.0 -99.0 -99.0 -99.0
20260626 295  1.2  1001  11  2.8 2007   9  4.4 2004  22.8  28.4 1441  17.9  543  18.4  28.8  15.8  77.8  52.0 1313  21.2  -9.0  -9.0 -9.00 1000.0 1005.3 1006.5 2204 1003.8 1522  2.5 12.1 14.5 -9.0 -9.00 -9.00   -9   -9.0   -9.0 -9.00   -9.0   -9   -9.0   -9   -9.0   -9   -9.0   -9   -9.0   -9 -99.0 -99.0 -99.0 -99.0 -99.0
20260626 296  2.0  1771   9  5.0 1649   7  8.5 1645  23.0  27.6 1134  19.9 2353  19.7  25.1  16.3  82.4  67.0 1452  23.0   5.2   3.7 -9.00 1004.3 1004.6 1006.2 2143 1003.8  302  5.1  5.7 14.5 -9.0 19.28  2.66 1100    0.0   -9.0  0.07    0.0   -9    0.0   -9   -9.0   -9   -9.0   -9   -9.0   -9 -99.0 -99.0 -99.0 -99.0 -99.0
20260627  90  1.4  1243  11  3.1 1639  16  5.0 1635  20.3  24.8 1800  15.2  458  15.1  24.1  14.9  73.5  52.0 1332  17.2   6.1   4.3 -9.00 1004.0 1006.1 1007.0 1026 1005.0  211  4.3 11.9 14.8 -9.0 24.97  3.08 1100   -9.0   -9.0 -9.00   -9.0   -9   -9.0   -9   -9.0   -9   -9.0   -9   -9.0   -9 -99.0 -99.0 -99.0 -99.0 -99.0
20260627  93  0.9   749   7  3.9 1749   9  6.1 1750  23.1  31.8 1652  15.2  521  16.2  26.6  15.1  68.5  39.0 1533  18.4   7.2   5.0 -9.00  994.9 1005.9 1007.3 2346 1003.7 1723  5.6 12.3 14.8 -9.0 25.96  3.35 1100   -9.0   -9.0 -9.00   -9.0   -9   -9.0   -9   -9.0   -9   -9.0   -9   -9.0   -9  24.1  23.2  21.1  16.2  13.8
20260627  95  0.9   818  16  2.5 1207  25  4.0 1229  24.0  31.1 1450  16.0  435  17.4  27.5  15.6  70.0  43.0 1500  20.0   6.9   4.8 -9.00  988.1 1005.8 1007.4 2347 1003.6 1714  5.0 10.2 14.8 -9.0 25.50  3.30 1100   -9.0   -9.0 -9.00   -9.0   -9   -9.0   -9   -9.0   -9   -9.0   -9   -9.0   -9 -99.0 -99.0 -99.0 -99.0 -99.0
20260627  98  0.6   494  23  2.0 1414  32  4.1 1258  24.5  31.7 1404  17.6  412  17.3  27.6  15.3  66.0  38.0 1351  19.7   6.0   4.2 -9.00  992.0 1005.1 1006.8 2354 1003.3 1541  5.1  8.0 14.8 -9.0 22.14  3.44 1300    0.3   -9.0 -9.00    0.3 1559    0.3 1649   -9.0   -9   -9.0   -9   -9.0   -9 -99.0 -99.0 -99.0 -99.0 -99.0
20260627  99  0.9   811  29  2.3 1657  29  4.9 1649  24.1  31.2 1434  17.6  538  18.5  27.0  18.0  74.0  45.0 1451  21.4   7.0   4.9 -9.00 1002.4 1005.9 1007.3 2352 1004.3 1555  5.1 10.0 14.8 -9.0 25.80  3.47 1200   -9.0   -9.0 -9.00   -9.0   -9   -9.0   -9   -9.0   -9   -9.0   -9   -9.0   -9 -99.0 -99.0 -99.0 -99.0 -99.0
20260627 100  1.3  1145  14  3.8 1303  14  6.5 1318  16.7  24.6 1225   8.1  415  11.9  21.1   8.3  76.3  46.0  956  14.1   7.7   5.4 -9.00  920.5 1007.0 1010.2 2314 1004.2 1401  4.1 13.0 14.8 -9.0 29.98  3.78 1100   -9.0   -9.0 -9.00   -9.0   -9   -9.0   -9   -9.0   -9   -9.0   -9   -9.0   -9 -99.0 -99.0 -99.0 -99.0 -99.0
20260627 101  1.4  1180   7  3.4 1738   7  5.7 1748  23.4  31.9 1640  15.9  457  16.2  26.7  14.1  67.6  37.0 1641  18.5   7.4   5.2 -9.00  996.2 1004.8 1006.4 2352 1002.6 1638  5.5 11.4 14.8 -9.0 25.71  3.26 1100   -9.0   -9.0 -9.00   -9.0   -9   -9.0   -9   -9.0   -9   -9.0   -9   -9.0   -9  24.0  21.6  19.6  15.9  15.0
20260627 102  2.2  1915  29  5.5 1820  32  7.1 1806  21.5  27.8 1410  18.1  457  17.4  25.5  15.2  79.1  46.0 1036  19.9   7.0   4.9  0.42 1001.1 1005.3 1006.5 2301 1004.3 1644  5.6 10.7 14.8 -9.0 25.72  3.52 1300   -9.0   -9.0 -9.00   -9.0   -9   -9.0   -9   -9.0   -9   -9.0   -9   -9.0   -9 -99.0 -99.0 -99.0 -99.0 -99.0
20260627 104  1.1   915  11  2.8 1402   9  4.2 1227  21.1  26.9 1206  13.6  445  15.4  24.1  12.7  72.4  46.0 1411  17.6   7.0   4.9 -9.00  996.5 1005.2 1006.3 2231 1004.2  307  3.3 12.9 14.8 -9.0 27.61  3.57 1200   -9.0   -9.0 -9.00   -9.0   -9   -9.0   -9   -9.0   -9   -9.0   -9   -9.0   -9  21.5  20.7  19.3  15.2  13.6
20260627 105  1.2  1070   9  2.4 1435  11  4.9 1232  22.0  28.1 1506  14.7  502  13.8  25.9  13.2  62.8  37.0 1348  15.8   8.0   5.6 -9.00 1003.0 1006.1 1007.2 2248 1005.2  306  4.4 12.5 14.8 -9.0 27.71  3.53 1200   -9.0   -9.0 -9.00   -9.0   -9   -9.0   -9   -9.0   -9   -9.0   -9   -9.0   -9  22.5  21.6  20.8  16.7  15.1
20260627 106  1.6  1361  11  2.6 1819  16  5.9 1817  20.0  25.7 1632  14.0  349  14.8  27.9  11.8  73.5  52.0 1114  16.9   7.1   5.0 -9.00 1001.8 1006.5 1007.8 2322 1005.5  334  4.4 11.9 14.8 -9.0 28.23  3.75 1200   -9.0   -9.0 -9.00   -9.0   -9   -9.0   -9   -9.0   -9   -9.0   -9   -9.0   -9 -99.0 -99.0 -99.0 -99.0 -99.0
20260627 108  1.6  1378  27  3.4 1734  29  5.5 1734  26.3  32.3 1532  20.7  528  17.9  27.6  16.3  61.3  39.0 1409  20.5   7.0   4.9 -9.00  995.4 1005.1 1006.6 2359 1003.5 1548  5.5  8.6 14.8 -9.0 22.76  3.31 1200   -9.0   -9.0 -9.00   -9.0   -9   -9.0   -9   -9.0   -9   -9.0   -9   -9.0   -9  24.1  22.0  21.0  16.4  14.1
20260627 112  1.9  1659  23  3.9 1237  20  5.7 1236  25.7  30.4 1626  21.5  537  18.8  29.3  17.5  67.0  49.0 1115  21.7   7.3   5.1 -9.00  997.4 1005.2 1006.7 2357 1003.9 1725  5.1 11.3 14.8 -9.0 26.17  3.14 1100   -9.0   -9.0 -9.00   -9.0   -9   -9.0   -9   -9.0   -9   -9.0   -9   -9.0   -9  23.3  21.8  15.7  19.3  14.1
20260627 114  1.2  1062  32  3.0 1554  32  5.3 1549  24.4  31.5 1455  16.6  443  16.4  30.9  13.6  62.5  42.0 1457  18.7   6.8   4.8 -9.00  988.0 1005.0 1006.5 2355 1003.1 1539  5.4 12.1 14.7 -9.0 24.88  3.24 1400   -9.0   -9.0 -9.00   -9.0   -9   -9.0   -9   -9.0   -9   -9.0   -9   -9.0   -9 -99.0 -99.0 -99.0 -99.0 -99.0
20260627 115  2.2  1914   5  4.1 1540   5  6.5 1536  19.5  23.1 1057  16.1  253  16.6  24.1  11.4  83.8  74.0 1234  19.0   5.0   3.5 -9.00  981.2 1006.6 1008.5 2312 1005.3  243  3.9 10.4 14.8 -9.0 22.38  2.79 1000   -9.0   -9.0 -9.00   -9.0   -9   -9.0   -9   -9.0   -9   -9.0   -9   -9.0   -9  21.0  18.8  17.6  13.3  13.3
20260627 119  1.4  1235  29  4.0 1501  29  6.4 1453  24.4  30.7 1331  18.9  410  16.4  30.1  16.5  63.0  36.0 1428  18.6   7.0   4.9 -9.00 1000.4 1005.0 1006.7 2356 1003.3 1724  5.8 10.2 14.7 -9.0 23.04  3.34 1200   -9.0   -9.0 -9.00   -9.0   -9   -9.0   -9   -9.0   -9   -9.0   -9   -9.0   -9  23.6  21.5  19.5  15.1  13.4
20260627 121  1.4  1216   5  3.8 1201   2  7.1 1215  22.6  32.3 1534  13.9  514  14.1  28.8  12.4  63.8  26.0 1724  16.1   8.7   6.1 -9.00  978.5 1005.7 1008.0 2326 1002.9 1601  4.4 12.1 14.7 -9.0 29.58  3.68 1200   -9.0   -9.0 -9.00   -9.0   -9   -9.0   -9   -9.0   -9   -9.0   -9   -9.0   -9 -99.0 -99.0 -99.0 -99.0 -99.0
20260627 127  1.1   953  34  3.0 1757  14  5.9 2149  24.3  32.4 1613  15.8  416  15.3  27.2  14.8  60.6  32.0 1505  17.4   8.2   5.7 -9.00  991.3 1004.3 1006.1 2343 1002.3 1610  3.8 11.0 14.7 -9.0 28.19  3.71 1100   -9.0   -9.0 -9.00   -9.0   -9   -9.0   -9   -9.0   -9   -9.0   -9   -9.0   -9 -99.0 -99.0 -99.0 -99.0 -99.0
20260627 129  1.7  1465  32  4.9 1453  32  6.7 1442  24.2  30.6 1607  18.3  336  16.4  28.1  15.3  65.5  34.0 1709  18.7   7.9   5.6 -9.00 1002.7 1005.6 1007.2 2357 1004.3 1643  4.0 11.9 14.7 -9.0 26.76  3.41 1100   -9.0   -9.0 -9.00   -9.0   -9   -9.0   -9   -9.0   -9   -9.0   -9   -9.0   -9  23.7  21.6  21.8  15.6  15.2
20260627 130  1.5  1298  11  3.1  957  11  4.5  958  19.2  23.8  910  14.1  508  15.8  25.1  12.6  82.5  55.0  906  18.0  -9.0  -9.0 -9.00 1001.2 1006.9 1008.6 2250 1005.6  252  3.6 13.1 14.7 -9.0 -9.00 -9.00   -9   -9.0   -9.0 -9.00   -9.0   -9   -9.0   -9   -9.0   -9   -9.0   -9   -9.0   -9 -99.0 -99.0 -99.0 -99.0 -99.0
20260627 131  1.7  1478   7  3.7 1212   9  6.7 1209  26.7  33.3 1635  20.2  537  15.2  29.8  19.3  52.0  26.0 1652  17.3   9.2   6.5 -9.00  998.0 1004.6 1006.3 2355 1002.6 1721  4.4 12.2 14.7 -9.0 29.07  3.82 1200   -9.0   -9.0 -9.00   -9.0   -9   -9.0   -9   -9.0   -9   -9.0   -9   -9.0   -9 -99.0 -99.0 -99.0 -99.0 -99.0
20260627 133  1.2  1059  36  3.3 1143   2  6.0 1145  25.4  31.9 1552  18.5  530  16.8  28.9  16.8  62.1  35.0 1555  19.2   8.5   5.9 -9.00  997.5 1005.1 1006.9 2358 1003.3 1709  4.3 11.4 14.6 -9.0 28.47  3.62 1200   -9.0   -9.0 -9.00   -9.0   -9   -9.0   -9   -9.0   -9   -9.0   -9   -9.0   -9  25.2  23.5  21.6  17.9  16.2
20260627 135  1.5  1321   5  4.5 1327  11  7.8 1410  22.1  29.1 1552  14.6  527  14.5  29.0  15.1  65.4  40.0 1441  16.5   8.1   5.7 -9.00  977.4 1005.2 1007.5 2351 1003.3 1653  4.0 12.4 14.6 -9.0 29.84  3.76 1200   -9.0   -9.0 -9.00   -9.0   -9   -9.0   -9   -9.0   -9   -9.0   -9   -9.0   -9 -99.0 -99.0 -99.0 -99.0 -99.0
20260627 136  1.7  1493  14  4.7 1814  14  7.6 1617  22.7  30.0 1436  16.0  433  14.5  27.9  14.6  63.9  36.0 1719  16.6   8.1   5.7 -9.00  990.4 1006.5 1008.8 2351 1004.7 1555  2.8  9.3 14.7 -9.0 26.35  3.19 1400   -9.0   -9.0 -9.00   -9.0   -9   -9.0   -9   -9.0   -9   -9.0   -9   -9.0   -9 -99.0 -99.0 -99.0 -99.0 -99.0
20260627 137  0.7   600  14  1.6 1620  14  3.9 1801  23.5  30.6 1436  16.7  435  16.5  31.7  14.6  67.9  39.0 1717  18.7   7.5   5.2 -9.00  993.6 1004.6 1006.8 2343 1002.8 1631  2.8 12.7 14.6 -9.0 29.36  3.77 1200   -9.0   -9.0 -9.00   -9.0   -9   -9.0   -9   -9.0   -9   -9.0   -9   -9.0   -9 -99.0 -99.0 -99.0 -99.0 -99.0
20260627 138  1.6  1409   5  3.8 1109   5  5.8 1143  20.5  23.5 1304  17.2  505  16.4  24.0  13.5  78.6  66.0 1421  18.7   5.4   3.8 -9.00 1005.6 1006.1 1008.1 2205 1004.7  513  4.8  9.6 14.6 -9.0 23.38  2.77 1300   -9.0   -9.0 -9.00   -9.0   -9   -9.0   -9   -9.0   -9   -9.0   -9   -9.0   -9  21.7  20.1  19.0  16.5  15.9
20260627 140  1.9  1628  27  4.8 1455  27  6.8 1443  23.6  29.3 1241  19.1  511  18.2  29.3  16.1  73.3  54.0 1230  21.0  -9.0  -9.0 -9.00 1002.9 1006.1 1008.1 2354 1004.8 1610  3.6 11.8 14.6 -9.0 -9.00 -9.00   -9   -9.0   -9.0 -9.00   -9.0   -9   -9.0   -9   -9.0   -9   -9.0   -9   -9.0   -9 -99.0 -99.0 -99.0 -99.0 -99.0
20260627 143  2.3  1962   9  4.3 2020   9  6.1 2025  22.2  28.8 1545  16.4  527  13.6  27.9  14.9  61.5  34.0 1510  15.7   7.2   5.0 -9.00  999.1 1005.3 1007.7 2310 1003.7 1545  3.5 10.1 14.6 -9.0 23.20  2.94 1400   -9.0   -9.0 -9.00   -9.0   -9   -9.0   -9   -9.0   -9   -9.0   -9   -9.0   -9 -99.0 -99.0 -99.0 -99.0 -99.0
20260627 146  2.1  1814  25  5.6 1710  27  8.4 1733  25.2  32.3 1616  19.0  545  17.2  31.8  15.8  64.1  35.0 1620  19.7   8.9   6.2 -9.00  998.2 1005.0 1007.4 2357 1002.9 1611  3.4 12.0 14.6 -9.0 28.79  3.62 1300   -9.0   -9.0 -9.00   -9.0   -9   -9.0   -9   -9.0   -9   -9.0   -9   -9.0   -9 -99.0 -99.0 -99.0 -99.0 -99.0
20260627 152  2.1  1843   9  4.2 1530   9  7.4 1525  19.7  23.9 1414  16.1  247  15.8  22.4  14.9  79.6  59.0 1248  18.0   5.0   3.5 -9.00  996.2 1005.6 1008.1 2213 1004.0  500  5.5  7.9 14.6 -9.0 20.89  2.47 1200   -9.0   -9.0 -9.00   -9.0   -9   -9.0   -9   -9.0   -9   -9.0   -9   -9.0   -9 -99.0 -99.0 -99.0 -99.0 -99.0
20260627 155  1.9  1601  14  4.7 1603  18  7.8 1617  22.1  26.3 1324  19.1  529  17.4  25.5  17.1  76.0  55.0 1119  19.9   5.4   3.8 -9.00 1001.7 1005.7 1008.3 2208 1004.0  344  6.1  7.3 14.5 -9.0 21.02  2.72 1500   -9.0   -9.0 -9.00   -9.0   -9   -9.0   -9   -9.0   -9   -9.0   -9   -9.0   -9 -99.0 -99.0 -99.0 -99.0 -99.0
20260627 156  1.7  1442  16  4.0 2204  23  7.1 1754  25.4  33.6 1543  20.1  549  18.2  34.9  16.6  67.3  34.0 1548  20.9   7.3   5.1 -9.00  997.2 1005.2 1007.7 2329 1003.0 1613  4.0  9.9 14.5 -9.0 24.40  3.48 1300   -9.0   -9.0 -9.00   -9.0   -9   -9.0   -9   -9.0   -9   -9.0   -9   -9.0   -9 -99.0 -99.0 -99.0 -99.0 -99.0
20260627 159  2.3  1949  11  3.5 1125  11  7.9 1905  21.6  25.1 1458  18.3  520  15.7  25.4  14.2  70.3  55.0 1029  17.9   5.0   3.5 -9.00  997.3 1005.3 1007.9 2206 1003.7  423  5.9  6.2 14.5 -9.0 18.98  2.19 1400   -9.0   -9.0 -9.00   -9.0   -9   -9.0   -9   -9.0   -9   -9.0   -9   -9.0   -9  23.1  21.9  21.1  17.0  17.1
20260627 162  1.7  1442  18  3.7 1517  20  5.6 1331  21.8  25.7 1516  18.9  253  17.1  25.8  16.2  75.9  59.0 1159  19.5   4.8   3.3 -9.00 1001.5 1005.1 1007.7 2213 1003.3  425  6.3  6.8 14.5 -9.0 19.46  3.05 1400   -9.0   -9.0 -9.00   -9.0   -9   -9.0   -9   -9.0   -9   -9.0   -9   -9.0   -9 -99.0 -99.0 -99.0 -99.0 -99.0
20260627 165  1.9  1671  27  5.3 1555  25  6.7 1552  23.1  27.1 1626  19.5  434  19.7  27.1  16.4  82.3  61.0 1740  22.9   6.2   4.3 -9.00 1000.8 1006.0 1008.3 2313 1004.7  325  4.0  9.8 14.5 -9.0 27.33  3.55 1200   -9.0   -9.0 -9.00   -9.0   -9   -9.0   -9   -9.0   -9   -9.0   -9   -9.0   -9  23.7  21.2  20.4  17.8  15.7
20260627 168  1.9  1606  14  4.2 1440  14  6.5 1441  22.2  25.5 1249  20.7  346  18.3  26.2  20.5  78.9  59.0 1338  21.0   5.0   3.5 -9.00  998.5 1006.1 1008.7 2208 1004.1  431  6.5  4.8 14.5 -9.0 20.43  3.17 1400   -9.0   -9.0 -9.00   -9.0   -9   -9.0   -9   -9.0   -9   -9.0   -9   -9.0   -9  24.4  22.2  20.6  17.5  16.7
20260627 169  3.4  2912  34  5.7  912  34  7.2  903  22.5  26.5 1423  18.6  242  19.6  28.5  19.6  84.8  71.0 1256  22.9   6.6   4.7 -9.00  998.3 1006.9 1010.9 2316 1004.7  324  1.1 12.3 14.5 -9.0 28.33  3.47 1100   -9.0   -9.0 -9.00   -9.0   -9   -9.0   -9   -9.0   -9   -9.0   -9   -9.0   -9 -99.0 -99.0 -99.0 -99.0 -99.0
20260627 170  1.5  1260  23  3.0 1717  25  5.4 1700  23.5  30.2 1501  19.3  516  18.6  27.4  18.3  76.0  47.0 1644  21.5   5.6   3.9 -9.00 1002.0 1006.0 1008.5 2254 1004.6  254  5.4  5.6 14.5 -9.0 21.19  3.52 1300   -9.0   -9.0 -9.00   -9.0   -9   -9.0   -9   -9.0   -9   -9.0   -9   -9.0   -9 -99.0 -99.0 -99.0 -99.0 -99.0
20260627 172  2.3  1986  29  6.1 1641  36  8.8 1231  23.8  30.2 1300  17.6  543  17.5  28.6  15.4  71.1  39.0 1233  20.0   8.7   6.1 -9.00  999.1 1005.1 1007.6 2339 1003.5 1543  3.8 13.1 14.5 -9.0 30.32  3.74 1200   -9.0   -9.0 -9.00   -9.0   -9   -9.0   -9   -9.0   -9   -9.0   -9   -9.0   -9 -99.0 -99.0 -99.0 -99.0 -99.0
20260627 174  1.4  1194  20  3.6 1649  18  6.4 1704  22.4  29.9 1453  17.0  512  16.7  28.4  16.0  73.5  36.0 1515  19.1  -9.0  -9.0 -9.00  985.3 1004.1 1007.0 2300 1002.1 1605  4.5  6.4 14.5 -9.0 -9.00 -9.00   -9   -9.0   -9.0 -9.00   -9.0   -9   -9.0   -9   -9.0   -9   -9.0   -9   -9.0   -9 -99.0 -99.0 -99.0 -99.0 -99.0
20260627 177  1.6  1399   2  3.7 1241  14  5.7 1222  25.1  32.2 1455  18.5  416  18.8  31.3  17.1  71.0  39.0 1520  21.7   7.6   5.3 -9.00 1000.9 1004.1 1005.8 2344 1002.4 1647  5.5 11.5 14.7 -9.0 27.37  3.59 1200   -9.0   -9.0 -9.00   -9.0   -9   -9.0   -9   -9.0   -9   -9.0   -9   -9.0   -9 -99.0 -99.0 -99.0 -99.0 -99.0
20260627 181  1.5  1313  36  4.2 1702   5  6.7 1436  24.7  32.2 1631  17.9  330  16.7  28.4  15.6  64.8  33.0 1512  19.0   8.1   5.6 -9.00 1001.5 1005.3 1007.0 2357 1003.4 1652  4.0 12.6 14.7 -9.0 28.23  3.63 1200   -9.0   -9.0 -9.00   -9.0   -9   -9.0   -9   -9.0   -9   -9.0   -9   -9.0   -9 -99.0 -99.0 -99.0 -99.0 -99.0
20260627 184  2.3  1956   5  3.9 1009  34  5.4 1634  23.1  26.1 1512  20.7   33  18.8  28.1  17.2  77.1  68.0 1559  21.6   5.1   3.6 -9.00 1003.3 1005.7 1008.1 2226 1003.9  324  6.5  6.5 14.4 -9.0 20.01  2.92 1200   -9.0   -9.0 -9.00   -9.0   -9   -9.0   -9   -9.0   -9   -9.0   -9   -9.0   -9  24.1  22.7  23.2  20.3  17.1
20260627 185  3.5  3041  32  6.6 1026  34  8.8 1042  21.4  24.4 1614  18.2  320  19.0  24.6  17.0  87.3  77.0 1708  22.1   4.5   3.2 -9.00  997.8 1006.0 1008.7 2300 1004.0  253  5.3  6.4 14.4 -9.0 19.73  3.08 1400   -9.0   -9.0 -9.00   -9.0   -9   -9.0   -9   -9.0   -9   -9.0   -9   -9.0   -9 -99.0 -99.0 -99.0 -99.0 -99.0
20260627 188  2.2  1892  18  4.5 1737  20  6.4 1703  22.1  25.6 1349  19.9  508  19.3  23.3  19.4  84.9  63.0 1340  22.5  -9.0  -9.0 -9.00 1004.0 1006.3 1009.0 2231 1004.2  422  5.5  3.0 14.4 -9.0 -9.00 -9.00   -9   -9.0   -9.0 -9.00   -9.0   -9   -9.0   -9   -9.0   -9   -9.0   -9   -9.0   -9 -99.0 -99.0 -99.0 -99.0 -99.0
20260627 189  1.5  1262  20  2.9 1513   9  6.6   48  22.4  25.8 1503  19.8  551  18.6  25.4  18.7  79.5  70.0   25  21.4   4.2   3.0 -9.00 1000.3 1006.2 1009.0 2317 1004.1  201  4.5  4.8 14.4 -9.0 17.10  2.06 1400   -9.0   -9.0 -9.00   -9.0   -9   -9.0   -9   -9.0   -9   -9.0   -9   -9.0   -9 -99.0 -99.0 -99.0 -99.0 -99.0
20260627 192  0.9   773  20  3.8 1806  18  6.7 1806  22.3  29.5 1607  17.2  522  17.7  30.2  15.5  77.3  43.0 1719  20.3   5.5   3.8 -9.00 1002.3 1005.7 1008.4 2318 1004.2 1656  5.3  6.4 14.5 -9.0 21.46  3.23 1400   -9.0   -9.0 -9.00   -9.0   -9   -9.0   -9   -9.0   -9   -9.0   -9   -9.0   -9 -99.0 -99.0 -99.0 -99.0 -99.0
20260627 201  1.6  1423  27  3.7 1715  29  6.5 2000  23.8  29.4 1521  17.8  422  18.0  27.8  14.5  71.5  49.0 2032  20.7  -9.0  -9.0 -9.00 1000.7 1006.1 1007.3 2350 1005.0 1647  3.6 10.5 14.8 -9.0 -9.00 -9.00   -9   -9.0   -9.0 -9.00   -9.0   -9   -9.0   -9   -9.0   -9   -9.0   -9   -9.0   -9 -99.0 -99.0 -99.0 -99.0 -99.0
20260627 202  0.9   768  23  2.1  927  29  3.8 1411  23.9  30.5 1500  17.4  527  16.3  31.3  14.6  65.0  42.0 1500  18.6  -9.0  -9.0 -9.00 1000.1 1005.5 1006.9 2355 1003.9 1716  5.9  9.6 14.7 -9.0 -9.00 -9.00   -9   -9.0   -9.0 -9.00   -9.0   -9   -9.0   -9   -9.0   -9   -9.0   -9   -9.0   -9 -99.0 -99.0 -99.0 -99.0 -99.0
20260627 203  0.5   454   5  1.5  831  36  2.7  921  24.1  31.9 1604  16.6  438  17.3  28.7  15.1  68.4  39.0 1608  19.9  -9.0  -9.0 -9.00  996.6 1005.8 1007.0 2307 1004.1 1728  5.6  8.3 14.7 -9.0 -9.00 -9.00   -9   -9.0   -9.0 -9.00   -9.0   -9   -9.0   -9   -9.0   -9   -9.0   -9   -9.0   -9 -99.0 -99.0 -99.0 -99.0 -99.0
20260627 211  1.2  1051   2  2.5 1625   2  5.1 1622  20.1  30.5 1346  13.0  517  14.0  24.2  10.8  71.1  40.0 1530  16.0  -9.0  -9.0 -9.00  983.1 1006.3 1008.3 2353 1003.5 1408  5.1  7.9 14.8 -9.0 -9.00 -9.00   -9   -9.0   -9.0 -9.00   -9.0   -9   -9.0   -9   -9.0   -9   -9.0   -9   -9.0   -9 -99.0 -99.0 -99.0 -99.0 -99.0
20260627 212  0.8   712  32  2.6 1516  29  4.9 1508  22.3  30.4 1732  14.7  516  15.3  24.9  13.8  67.6  42.0 1817  17.5  -9.0  -9.0 -9.00  990.1 1006.2 1008.0 2359 1004.0 1718  5.6  9.0 14.8 -9.0 -9.00 -9.00   -9   -9.0   -9.0 -9.00   -9.0   -9   -9.0   -9   -9.0   -9   -9.0   -9   -9.0   -9 -99.0 -99.0 -99.0 -99.0 -99.0
20260627 216  1.6  1368   2  4.0 1235   9  9.1 1227  17.8  25.7 1609   9.8  314  10.8  22.1  10.7  67.9  39.0 1600  13.0   7.6   5.3 -9.00  926.8 1006.7 1010.2 2319 1004.0 1308  4.6 11.7 14.7 -9.0 29.78  3.79 1200   -9.0   -9.0 -9.00   -9.0   -9   -9.0   -9   -9.0   -9   -9.0   -9   -9.0   -9 -99.0 -99.0 -99.0 -99.0 -99.0
20260627 217  1.4  1168   5  4.2 1351   5  7.9 1348  20.6  30.0 1638  11.4  503  11.9  29.6  12.5  63.1  29.0 1803  14.0  -9.0  -9.0 -9.00  971.1 1006.6 1009.1 2323 1003.6 1400  4.5 11.2 14.7 -9.0 -9.00 -9.00   -9   -9.0   -9.0 -9.00   -9.0   -9   -9.0   -9   -9.0   -9   -9.0   -9   -9.0   -9 -99.0 -99.0 -99.0 -99.0 -99.0
20260627 221  1.1   978   7  3.2 1241   7  6.9 1241  22.2  30.7 1554  13.5  501  13.9  28.2  12.1  63.4  30.0 1515  15.9  -9.0  -9.0 -9.00  975.3 1005.3 1007.5 2400 1002.8 1551  3.8 12.2 14.7 -9.0 -9.00 -9.00   -9   -9.0   -9.0 -9.00   -9.0   -9   -9.0   -9   -9.0   -9   -9.0   -9   -9.0   -9 -99.0 -99.0 -99.0 -99.0 -99.0
20260627 226  1.1   962  18  3.8 1656  34  6.2 1016  22.9  30.4 1504  15.4  517  16.3  27.3  12.0  71.3  38.0 1430  18.5  -9.0  -9.0 -9.00  985.9 1005.4 1007.5 2348 1003.5 1547  3.1 12.2 14.6 -9.0 -9.00 -9.00   -9   -9.0   -9.0 -9.00   -9.0   -9   -9.0   -9   -9.0   -9   -9.0   -9   -9.0   -9 -99.0 -99.0 -99.0 -99.0 -99.0
20260627 232  1.0   843   7  2.9 1359   9  5.3 1350  24.1  31.4 1547  16.5  518  16.9  29.3  15.5  69.1  33.0 1614  19.3  -9.0  -9.0 -9.00  996.1 1005.8 1007.5 2352 1003.9 1711  4.8 11.3 14.7 -9.0 -9.00 -9.00   -9   -9.0   -9.0 -9.00   -9.0   -9   -9.0   -9   -9.0   -9   -9.0   -9   -9.0   -9 -99.0 -99.0 -99.0 -99.0 -99.0
20260627 235  1.2  1070  36  3.4 1147   2  5.9 1147  24.4  31.7 1324  19.2  542  17.8  28.6  17.0  68.4  46.0 1643  20.4   6.8   4.8 -9.00 1003.7 1004.9 1006.7 2346 1003.8  339  4.1 10.3 14.6 -9.0 26.54  3.55 1200   -9.0   -9.0 -9.00   -9.0   -9   -9.0   -9   -9.0   -9   -9.0   -9   -9.0   -9 -99.0 -99.0 -99.0 -99.0 -99.0
20260627 236  1.0   886  29  2.8 1811   9  5.3 1309  24.7  31.6 1721  17.7  517  17.7  29.2  16.5  67.9  39.0 1742  20.3  -9.0  -9.0 -9.00 1004.0 1005.5 1007.3 2351 1003.9 1703  4.6 10.6 14.6 -9.0 -9.00 -9.00   -9   -9.0   -9.0 -9.00   -9.0   -9   -9.0   -9   -9.0   -9   -9.0   -9   -9.0   -9 -99.0 -99.0 -99.0 -99.0 -99.0
20260627 238  1.1   946  36  3.0 1158  36  6.4 1155  23.8  31.6 1602  16.7  519  15.6  28.1  14.8  65.3  31.0 1610  17.8  -9.0  -9.0 -9.00  985.4 1004.7 1006.9 2350 1002.8 1634  3.8 11.2 14.6 -9.0 -9.00 -9.00   -9   -9.0   -9.0 -9.00   -9.0   -9   -9.0   -9   -9.0   -9   -9.0   -9   -9.0   -9 -99.0 -99.0 -99.0 -99.0 -99.0
20260627 239  1.1   928   9  3.3 1300   9  5.7 1251  24.7  31.5 1647  18.1  511  17.7  28.6  17.1  67.9  39.0 1346  20.2   7.2   5.0 -9.00  994.4 1004.6 1006.4 2351 1002.5 1723  5.0 10.9 14.6 -9.0 26.99  3.57 1200   -9.0   -9.0 -9.00   -9.0   -9   -9.0   -9   -9.0   -9   -9.0   -9   -9.0   -9 -99.0 -99.0 -99.0 -99.0 -99.0
20260627 243  1.5  1333  29  4.3 1535  32  7.3 1522  24.0  30.8 1319  18.9  540  17.4  28.9  16.5  68.9  41.0 1322  19.9  -9.0  -9.0 -9.00 1004.3 1005.7 1007.7 2355 1004.6 1549  2.9 12.3 14.6 -9.0 -9.00 -9.00   -9   -9.0   -9.0 -9.00   -9.0   -9   -9.0   -9   -9.0   -9   -9.0   -9   -9.0   -9 -99.0 -99.0 -99.0 -99.0 -99.0
20260627 244  1.1   991   9  3.6 1130  11  7.5 1109  23.4  31.1 1529  16.4  545  16.5  25.7  13.8  69.8  34.0 1300  18.9  -9.0  -9.0 -9.00  977.0 1004.9 1007.6 2359 1002.7 1605  4.5  9.1 14.6 -9.0 -9.00 -9.00   -9   -9.0   -9.0 -9.00   -9.0   -9   -9.0   -9   -9.0   -9   -9.0   -9   -9.0   -9 -99.0 -99.0 -99.0 -99.0 -99.0
20260627 245  2.2  1915  34  5.2 1727  36  7.9 1256  24.3  31.7 1454  18.0  527  17.0  30.7  16.1  66.6  40.0 1320  19.4   8.4   5.9 -9.00  997.6 1005.4 1007.7 2358 1003.5 1559  3.1 12.8 14.6 -9.0 29.24  3.61 1200   -9.0   -9.0 -9.00   -9.0   -9   -9.0   -9   -9.0   -9   -9.0   -9   -9.0   -9 -99.0 -99.0 -99.0 -99.0 -99.0
20260627 247  1.7  1497  11  4.7 1429  14  7.8 1455  24.3  31.0 1605  17.8  528  16.7  29.8  16.0  66.4  34.0 1524  19.1  -9.0  -9.0 -9.00  989.8 1004.9 1007.7 2354 1002.8 1625  4.1 11.2 14.6 -9.0 -9.00 -9.00   -9   -9.0   -9.0 -9.00   -9.0   -9   -9.0   -9   -9.0   -9   -9.0   -9   -9.0   -9 -99.0 -99.0 -99.0 -99.0 -99.0
20260627 248  1.1   969  36  4.3 1124  36  6.4 1115  21.3  29.7 1612  14.4  550  14.9  25.4  12.2  71.8  32.0 1612  17.0  -9.0  -9.0 -9.00  959.7 1005.5 1008.3 2300 1002.8 1612  2.9 10.8 14.6 -9.0 -9.00 -9.00   -9   -9.0   -9.0 -9.00   -9.0   -9   -9.0   -9   -9.0   -9   -9.0   -9   -9.0   -9 -99.0 -99.0 -99.0 -99.0 -99.0
20260627 251  1.7  1500  34  4.5 1139  18  7.4 1254  23.9  31.4 1514  17.6  528  18.7  26.6  15.9  75.8  45.0 1358  21.6   7.5   5.2 -9.00  999.6 1005.3 1007.9 2352 1003.3 1553  2.9 12.1 14.5 -9.0 27.63  3.49 1200   -9.0   -9.0 -9.00   -9.0   -9   -9.0   -9   -9.0   -9   -9.0   -9   -9.0   -9 -99.0 -99.0 -99.0 -99.0 -99.0
20260627 252  1.3  1098  32  3.7 1548  32  6.8 1620  23.5  29.7 1424  17.7  528  18.0  28.1  15.6  73.8  46.0 1301  20.6   2.5   1.8 -9.00 1001.2 1005.4 1007.7 2343 1004.1 1544  4.3 -9.0 -9.0 -9.0 -9.00 -9.00   -9   -9.0   -9.0 -9.00   -9.0   -9   -9.0   -9   -9.0   -9   -9.0   -9   -9.0   -9 -99.0 -99.0 -99.0 -99.0 -99.0
20260627 253  0.9   746  14  3.1 1738  18  5.4 1604  21.9  28.0 1537  17.6  516  17.1  26.2  15.8  76.1  47.0 1701  19.6   4.6   3.2 -9.00 1000.1 1006.4 1009.0 2303 1004.9  406  5.5  6.4 14.5 -9.0 18.17  2.10 1300   -9.0   -9.0 -9.00   -9.0   -9   -9.0   -9   -9.0   -9   -9.0   -9   -9.0   -9 -99.0 -99.0 -99.0 -99.0 -99.0
20260627 254  1.4  1189  29  3.5 1840  18  8.7 1354  24.1  32.2 1558  17.2  550  16.3  30.1  15.3  66.8  30.0 1427  18.6   7.8   5.5 -9.00  990.8 1005.5 1008.2 2356 1003.2 1626  3.6 10.4 14.6 -9.0 26.84  3.65 1300    0.2   -9.0 -9.00    0.2   -9    0.2   -9   -9.0   -9   -9.0   -9   -9.0   -9 -99.0 -99.0 -99.0 -99.0 -99.0
20260627 255  1.3  1099  32  4.1  834  34  6.8  825  23.1  29.7 1553  19.0  501  16.9  23.2  16.3  70.9  38.0 1555  19.3   5.3   3.7 -9.00  999.5 1005.4 1008.1 2302 1003.7 1637  5.3  7.4 14.5 -9.0 19.28  2.63 1300   -9.0   -9.0 -9.00   -9.0   -9   -9.0   -9   -9.0   -9   -9.0   -9   -9.0   -9 -99.0 -99.0 -99.0 -99.0 -99.0
20260627 257  1.7  1481   5  3.6  918   2  7.0  944  22.7  28.4 1544  17.5  523  17.6  26.1  15.4  74.5  51.0 1545  20.1   4.7   3.3 -9.00 1004.9 1005.6 1008.2 2307 1004.1  427  5.8  4.4 14.5 -9.0 17.71  2.14 1500   -9.0   -9.0 -9.00   -9.0   -9   -9.0   -9   -9.0   -9   -9.0   -9   -9.0   -9 -99.0 -99.0 -99.0 -99.0 -99.0
20260627 258  2.4  2035  20  6.1 1736  18  7.8 1730  23.3  28.6 1507  19.7  511  19.4  26.6  18.7  79.8  56.0 1641  22.5   6.2   4.3 -9.00 1005.8 1006.0 1008.8 2254 1004.5  404  4.8  7.3 14.5 -9.0 23.42  3.39 1300   -9.0   -9.0 -9.00   -9.0   -9   -9.0   -9   -9.0   -9   -9.0   -9   -9.0   -9 -99.0 -99.0 -99.0 -99.0 -99.0
20260627 259  1.0   837  20  2.8 1612  20  5.4 1648  23.3  31.4 1546  18.3  540  19.0  27.2  16.5  79.1  47.0 1555  22.0   4.8   3.4 -9.00 1003.7 1005.5 1008.1 2320 1003.8 1540  5.6  4.0 14.5 -9.0 18.61  3.46 1300    0.0   -9.0 -9.00    0.0   -9    0.0   -9   -9.0   -9   -9.0   -9   -9.0   -9 -99.0 -99.0 -99.0 -99.0 -99.0
20260627 260  1.9  1599  16  5.4 1603  14  7.5 1728  23.1  29.9 1424  18.8  526  18.9  27.5  16.6  78.8  48.0 1455  21.8  -9.0  -9.0 -9.00 1000.5 1005.5 1008.2 2255 1003.8 1546  4.9  5.3 14.5 -9.0 -9.00 -9.00   -9   -9.0   -9.0 -9.00   -9.0   -9   -9.0   -9   -9.0   -9   -9.0   -9   -9.0   -9 -99.0 -99.0 -99.0 -99.0 -99.0
20260627 261  1.5  1335  23  4.6 1610  23  6.6 1645  22.5  28.8 1426  17.9  532  19.5  28.2  15.9  84.0  61.0 1621  22.7  -9.0  -9.0 -9.00 1004.3 1006.2 1008.6 2309 1004.7 1544  5.9  6.0 14.5 -9.0 -9.00 -9.00   -9   -9.0   -9.0 -9.00   -9.0   -9   -9.0   -9   -9.0   -9   -9.0   -9   -9.0   -9 -99.0 -99.0 -99.0 -99.0 -99.0
20260627 262  1.3  1085  32  3.1 1501  23  5.9 1638  22.8  30.4 1521  18.3  527  18.4  26.6  19.9  78.8  41.0 1445  21.3   5.3   3.7 -9.00  999.7 1005.7 1008.4 2243 1004.1  323  4.9  6.3 14.5 -9.0 18.99  2.80 1400   -9.0   -9.0 -9.00   -9.0   -9   -9.0   -9   -9.0   -9   -9.0   -9   -9.0   -9 -99.0 -99.0 -99.0 -99.0 -99.0
20260627 263  1.0   889  11  3.4 1646   9  6.1 1633  23.2  29.4 1613  17.8  548  17.7  28.5  15.8  74.9  38.0 1628  20.3   6.2   4.4 -9.00 1003.9 1005.5 1008.3 2330 1004.2  351  4.3  6.8 14.5 -9.0 21.81  3.08 1400   -9.0   -9.0 -9.00   -9.0   -9   -9.0   -9   -9.0   -9   -9.0   -9   -9.0   -9 -99.0 -99.0 -99.0 -99.0 -99.0
20260627 264  0.9   808   7  2.9 1411   9  5.3 1407  23.0  31.1 1624  17.5 2357  16.7  27.7  16.0  71.8  36.0 1606  19.1   7.3   5.1 -9.00  988.2 1005.5 1008.4 2349 1003.5 1619  3.8 10.2 14.6 -9.0 25.61  3.48 1300   -9.0   -9.0 -9.00   -9.0   -9   -9.0   -9   -9.0   -9   -9.0   -9   -9.0   -9 -99.0 -99.0 -99.0 -99.0 -99.0
20260627 266  1.1   939  11  3.4 1536  11  6.5 1521  23.1  28.9 1517  19.5  413  19.3  29.1  17.8  80.6  50.0 1513  22.3   5.6   3.9 -9.00  996.0 1006.1 1008.9 2300 1004.5  342  5.6  6.1 14.5 -9.0 20.67  3.06 1400   -9.0   -9.0 -9.00   -9.0   -9   -9.0   -9   -9.0   -9   -9.0   -9   -9.0   -9 -99.0 -99.0 -99.0 -99.0 -99.0
20260627 268  1.1   962  32  3.2 1246  34  5.6 1239  21.8  28.2 1436  16.9  447  18.3  25.6  15.3  82.0  59.0 1427  21.0  -9.0  -9.0 -9.00 1003.8 1004.9 1007.2 2346 1003.6  307  3.5  9.3 14.5 -9.0 -9.00 -9.00   -9   -9.0   -9.0 -9.00   -9.0   -9   -9.0   -9   -9.0   -9   -9.0   -9   -9.0   -9 -99.0 -99.0 -99.0 -99.0 -99.0
20260627 271  1.5  1268  11  3.7 1415  14  7.7 1411  20.2  29.4 1605  11.9  510  12.6  26.7  10.8  67.4  32.0 1343  14.7  -9.0  -9.0 -9.00  969.3 1006.2 1009.3 2357 1003.6 1434  4.5 12.2 14.7 -9.0 -9.00 -9.00   -9   -9.0   -9.0 -9.00   -9.0   -9   -9.0   -9   -9.0   -9   -9.0   -9   -9.0   -9 -99.0 -99.0 -99.0 -99.0 -99.0
20260627 272  1.3  1080  18  3.0 1810  16  4.9 1810  21.4  30.1 1628  14.7  516  15.8  28.9  13.1  74.9  37.0 1623  17.9  -9.0  -9.0 -9.00  981.5 1005.6 1008.2 2341 1003.4 1535  4.3  9.6 14.7 -9.0 -9.00 -9.00   -9   -9.0   -9.0 -9.00   -9.0   -9   -9.0   -9   -9.0   -9   -9.0   -9   -9.0   -9 -99.0 -99.0 -99.0 -99.0 -99.0
20260627 273  1.3  1135   9  3.0 1013   9  5.5 1437  22.5  30.2 1542  15.6  532  16.5  30.0  12.6  71.8  42.0 1548  18.7  -9.0  -9.0 -9.00  985.2 1004.9 1007.2 2343 1003.1 1552  2.4 11.7 14.7 -9.0 -9.00 -9.00   -9   -9.0   -9.0 -9.00   -9.0   -9   -9.0   -9   -9.0   -9   -9.0   -9   -9.0   -9 -99.0 -99.0 -99.0 -99.0 -99.0
20260627 276  1.5  1322  11  4.1 1734   9  7.8 1554  19.9  27.9 1511  13.8  117  14.4  26.8  10.4  75.4  41.0 1240  16.4   7.1   5.0 -9.00  981.9 1005.8 1008.4 2356 1003.9 1414  3.9  9.6 14.6 -9.0 25.34  3.15 1200   -9.0   -9.0 -9.00   -9.0   -9   -9.0   -9   -9.0   -9   -9.0   -9   -9.0   -9 -99.0 -99.0 -99.0 -99.0 -99.0
20260627 277  1.5  1296   5  2.8  932   2  4.6  929  18.6  24.2 1326  13.8  400  15.2  24.3  12.9  82.4  62.0 1534  17.2  -9.0  -9.0 -9.00 1001.9 1006.7 1008.7 2253 1005.4  214  3.9 10.9 14.7 -9.0 -9.00 -9.00   -9   -9.0   -9.0 -9.00   -9.0   -9   -9.0   -9   -9.0   -9   -9.0   -9   -9.0   -9 -99.0 -99.0 -99.0 -99.0 -99.0
20260627 278  1.2  1042   5  3.7 1155   5  8.0 1145  22.2  30.4 1524  14.6  507  14.4  28.6  11.5  67.4  31.0 1605  16.4  -9.0  -9.0 -9.00  995.5 1004.8 1007.3 2356 1003.2 1543  2.9 10.8 14.6 -9.0 -9.00 -9.00   -9   -9.0   -9.0 -9.00   -9.0   -9   -9.0   -9   -9.0   -9   -9.0   -9   -9.0   -9 -99.0 -99.0 -99.0 -99.0 -99.0
20260627 279  1.2  1058   9  3.0 1603  11  5.4 1814  24.1  31.7 1641  16.9  520  14.2  31.1  15.4  58.6  27.0 1618  16.3   7.7   5.4 -9.00  999.7 1005.3 1007.5 2350 1003.6 1702  3.8 10.7 14.6 -9.0 25.50  3.21 1400   -9.0   -9.0 -9.00   -9.0   -9   -9.0   -9   -9.0   -9   -9.0   -9   -9.0   -9 -99.0 -99.0 -99.0 -99.0 -99.0
20260627 281  1.4  1238  11  3.7 1744  11  6.9 1756  20.3  26.9 1556  14.3  456  14.8  25.4  12.0  73.6  43.0 1558  16.8  -9.0  -9.0 -9.00  995.4 1006.5 1008.8 2301 1005.2 1353  4.4  9.9 14.6 -9.0 -9.00 -9.00   -9   -9.0   -9.0 -9.00   -9.0   -9   -9.0   -9   -9.0   -9   -9.0   -9   -9.0   -9 -99.0 -99.0 -99.0 -99.0 -99.0
20260627 283  2.2  1899  36  4.8  957  36  7.9 1804  20.0  26.2 1611  15.4 2351  14.9  23.6  12.4  75.1  40.0 1634  17.0   6.3   4.4 -9.00 1002.0 1006.6 1008.9 2214 1005.3  504  4.0  8.1 14.6 -9.0 22.91  3.09 1300   -9.0   -9.0 -9.00   -9.0   -9   -9.0   -9   -9.0   -9   -9.0   -9   -9.0   -9 -99.0 -99.0 -99.0 -99.0 -99.0
20260627 284  1.5  1282   9  3.8 1232   7  7.8 1225  22.4  29.9 1600  16.2  549  15.6  28.3  13.0  69.1  39.0 1529  17.8   7.3   5.1 -9.00  978.5 1004.4 1007.3 2355 1002.4 1621  3.5 11.1 14.6 -9.0 24.91  3.25 1400   -9.0   -9.0 -9.00   -9.0   -9   -9.0   -9   -9.0   -9   -9.0   -9   -9.0   -9 -99.0 -99.0 -99.0 -99.0 -99.0
20260627 285  1.0   899   7  2.8 1149   2  5.7 1428  23.7  30.0 1606  17.8  531  16.9  29.6  16.5  69.0  39.0 1722  19.3  -9.0  -9.0 -9.00 1002.6 1005.7 1008.1 2303 1004.3 1659  3.6  9.4 14.6 -9.0 -9.00 -9.00   -9   -9.0   -9.0 -9.00   -9.0   -9   -9.0   -9   -9.0   -9   -9.0   -9   -9.0   -9 -99.0 -99.0 -99.0 -99.0 -99.0
20260627 288  1.9  1623   2  4.4 1339  32  8.3 1522  23.2  29.7 1557  18.1  536  14.1  25.8  18.8  60.0  30.0 1651  16.2   7.4   5.2 -9.00 1003.3 1004.3 1006.9 2320 1002.7  421  4.8  8.9 14.5 -9.0 23.74  3.30 1300   -9.0   -9.0 -9.00   -9.0   -9   -9.0   -9   -9.0   -9   -9.0   -9   -9.0   -9 -99.0 -99.0 -99.0 -99.0 -99.0
20260627 289  1.3  1116   5  3.8 1304   2  6.0 1358  22.8  29.4 1553  17.7  545  17.1  28.5  15.2  74.4  38.0 1544  19.5  -9.0  -9.0 -9.00  990.4 1006.2 1008.8 2327 1004.6 1645  3.5  6.3 14.6 -9.0 -9.00 -9.00   -9   -9.0   -9.0 -9.00   -9.0   -9   -9.0   -9   -9.0   -9   -9.0   -9   -9.0   -9 -99.0 -99.0 -99.0 -99.0 -99.0
20260627 294  1.2  1079   7  3.0 1537  11  5.5 1646  21.3  25.1 1440  18.8  209  16.7  25.5  16.9  76.0  60.0 1449  19.0  -9.0  -9.0 -9.00 1001.4 1006.5 1009.0 2216 1004.8  329  6.0  7.3 14.5 -9.0 -9.00 -9.00   -9   -9.0   -9.0 -9.00   -9.0   -9   -9.0   -9   -9.0   -9   -9.0   -9   -9.0   -9 -99.0 -99.0 -99.0 -99.0 -99.0
20260627 295  1.2  1022  23  3.6 1743  23  6.0 1719  21.7  27.6 1539  19.2  237  17.8  26.8  18.0  79.1  55.0 1446  20.4  -9.0  -9.0 -9.00 1000.6 1005.9 1008.5 2210 1004.2  422  5.4  7.1 14.5 -9.0 -9.00 -9.00   -9   -9.0   -9.0 -9.00   -9.0   -9   -9.0   -9   -9.0   -9   -9.0   -9   -9.0   -9 -99.0 -99.0 -99.0 -99.0 -99.0
20260627 296  2.3  2010   5  4.3  948   5  7.7 1002  22.1  27.6 1550  17.8  504  17.3  24.9  13.5  75.6  48.0 1545  19.7   5.5   3.9 -9.00 1004.7 1005.0 1007.6 2224 1003.6  409  5.3  6.9 14.5 -9.0 20.81  2.52 1400   -9.0   -9.0 -9.00   -9.0   -9   -9.0   -9   -9.0   -9   -9.0   -9   -9.0   -9 -99.0 -99.0 -99.0 -99.0 -99.0
20260628  90  2.3  1979  14  5.4 1514  18  8.1 1651  20.7  25.2 1446  16.2  235  16.1  26.7  14.7  76.4  57.0  723  18.4   6.8   4.7 -9.00 1007.1 1009.1 1010.8 2312 1006.7    1  1.3 13.3 14.8 -9.0 30.69  3.58 1200   -9.0   -9.0 -9.00   -9.0   -9   -9.0   -9   -9.0   -9   -9.0   -9   -9.0   -9 -99.0 -99.0 -99.0 -99.0 -99.0
20260628  93  0.7   586  20  2.6 1452  18  4.1 1443  23.4  32.7 1628  15.3  512  16.5  29.3  14.3  69.5  30.0 1423  18.9   7.5   5.3 -9.00  998.1 1009.0 1011.2 2319 1006.9 1617  2.4 11.5 14.8 -9.0 28.22  3.60 1200   -9.0   -9.0 -9.00   -9.0   -9   -9.0   -9   -9.0   -9   -9.0   -9   -9.0   -9  24.3  23.2  21.1  16.5  14.0
20260628  95  1.0   879  25  4.5 1815  25  8.0 1813  24.0  31.6 1623  17.7  455  18.0  28.4  17.1  71.8  32.0 1539  20.7   6.9   4.8 -9.00  991.4 1009.1 1011.7 2327 1007.3 1613  3.9 10.8 14.8 -9.0 26.81  3.72 1200   -9.0   -9.0 -9.00   -9.0   -9   -9.0   -9   -9.0   -9   -9.0   -9   -9.0   -9 -99.0 -99.0 -99.0 -99.0 -99.0
20260628  98  0.8   684   9  4.6 1732   9 10.7 1717  24.3  32.3 1448  19.5  453  17.5  32.0  16.8  68.3  40.0 1524  20.0   7.2   5.0 -9.00  995.4 1008.6 1011.2 2352 1006.6   38  2.8 10.3 14.8 -9.0 27.61  3.53 1200   -9.0   -9.0 -9.00   -9.0   -9   -9.0   -9   -9.0   -9   -9.0   -9   -9.0   -9 -99.0 -99.0 -99.0 -99.0 -99.0
20260628  99  0.8   714  34  2.8 1548  34  6.0 1451  24.1  31.6 1411  18.7  458  18.6  28.6  19.0  73.6  49.0 1541  21.4   6.8   4.8 -9.00 1005.8 1009.3 1011.7 2355 1007.0  115  1.8 12.2 14.8 -9.0 28.46  3.49 1200   -9.0   -9.0 -9.00   -9.0   -9   -9.0   -9   -9.0   -9   -9.0   -9   -9.0   -9 -99.0 -99.0 -99.0 -99.0 -99.0
20260628 100  1.3  1153  11  4.3 1555  11  6.9 1552  18.0  26.1 1327   8.6  457  10.8  22.5   8.1  67.6  29.0 1702  13.1   8.1   5.7 -9.00  923.7 1010.0 1014.2 2354 1007.1 1654  2.0 12.7 14.8 -9.0 31.80  3.74 1200   -9.0   -9.0 -9.00   -9.0   -9   -9.0   -9   -9.0   -9   -9.0   -9   -9.0   -9 -99.0 -99.0 -99.0 -99.0 -99.0
20260628 101  1.2  1026  29  2.6 1538  27  4.1 1525  23.8  33.3 1611  16.0  505  16.0  29.2  12.4  65.9  23.0 1352  18.3   7.7   5.4 -9.00  999.3 1008.0 1010.2 2315 1005.6 1618  2.6 11.0 14.8 -9.0 28.16  3.58 1200   -9.0   -9.0 -9.00   -9.0   -9   -9.0   -9   -9.0   -9   -9.0   -9   -9.0   -9  24.2  21.6  19.6  16.0  15.0
20260628 102  1.4  1249  23  4.0 1657  23  5.6 1651  22.6  26.6 1409  18.3   15  18.1  29.2  13.6  77.3  53.0  910  20.8   6.8   4.8  0.33 1004.3 1008.5 1010.5 2345 1006.3   56  1.4 13.6 14.8 -9.0 30.29  3.54 1200   -9.0   -9.0 -9.00   -9.0   -9   -9.0   -9   -9.0   -9   -9.0   -9   -9.0   -9 -99.0 -99.0 -99.0 -99.0 -99.0
20260628 104  1.1   919  11  3.2 1637  11  5.3 1627  22.2  28.6 1246  15.1  434  16.5  26.3  12.6  72.4  49.0 1201  18.8   7.6   5.3 -9.00  999.4 1008.1 1010.0 2309 1006.1    1  1.1 13.5 14.8 -9.0 30.95  3.62 1200   -9.0   -9.0 -9.00   -9.0   -9   -9.0   -9   -9.0   -9   -9.0   -9   -9.0   -9  22.1  20.6  19.2  15.2  13.6
20260628 105  1.5  1282   9  3.3 1529   9  5.9 1526  23.5  30.0 1450  17.0  521  14.6  28.9  14.0  59.1  37.0 1229  16.6   8.0   5.6 -9.00 1005.8 1009.0 1010.8 2315 1007.0    1  0.9 13.2 14.8 -9.0 29.07  3.46 1200   -9.0   -9.0 -9.00   -9.0   -9   -9.0   -9   -9.0   -9   -9.0   -9   -9.0   -9  23.2  21.5  20.8  16.7  15.1
20260628 106  2.0  1743  14  4.5 1131  16  7.8 1414  20.9  25.9 1504  15.9  446  16.5  29.7  12.7  77.0  56.0  933  18.9   6.5   4.5 -9.00 1005.0 1009.7 1011.5 2333 1007.3  217  0.6 12.9 14.7 -9.0 28.73  3.65 1200   -9.0   -9.0 -9.00   -9.0   -9   -9.0   -9   -9.0   -9   -9.0   -9   -9.0   -9 -99.0 -99.0 -99.0 -99.0 -99.0
20260628 108  1.9  1653  32  5.1 1546  23  9.7 1717  26.1  31.3 1231  21.8  558  17.7  27.9  17.4  60.8  45.0 1929  20.3   7.0   4.9 -9.00  999.0 1008.7 1011.2 2347 1006.6    1  2.3 10.7 14.8 -9.0 24.12  3.44 1100   -9.0   -9.0 -9.00   -9.0   -9   -9.0   -9   -9.0   -9   -9.0   -9   -9.0   -9  24.4  22.1  21.0  16.5  14.1
20260628 112  2.3  2018  25  4.9 1639  25  7.2 1124  24.2  27.7 1554  21.2  510  19.5  28.9  17.8  76.0  43.0 1633  22.7   7.3   5.1 -9.00 1001.0 1008.9 1011.2 2338 1006.5  208  2.0 13.2 14.7 -9.0 28.95  3.45 1200   -9.0   -9.0 -9.00   -9.0   -9   -9.0   -9   -9.0   -9   -9.0   -9   -9.0   -9  23.7  21.9  15.8  19.3  14.1
20260628 114  1.4  1199  29  3.3 1320  34  5.9 1514  25.6  32.7 1615  17.9  522  16.8  32.8  14.6  60.9  36.0 1407  19.2   8.6   6.0 -9.00  991.3 1008.3 1010.7 2343 1006.4    1  1.1 13.6 14.7 -9.0 30.34  3.59 1200   -9.0   -9.0 -9.00   -9.0   -9   -9.0   -9   -9.0   -9   -9.0   -9   -9.0   -9 -99.0 -99.0 -99.0 -99.0 -99.0
20260628 115  1.8  1590  20  3.2 1049  18  5.2  950  20.9  24.1 1413  17.4  500  16.1  27.1  11.3  74.8  49.0 1739  18.4   6.4   4.5 -9.00  985.5 1010.8 1013.0 2321 1008.3   14  0.0 12.9 14.7 -9.0 28.41  3.44 1200   -9.0   -9.0 -9.00   -9.0   -9   -9.0   -9   -9.0   -9   -9.0   -9   -9.0   -9  21.1  18.8  17.6  13.4  13.3
20260628 119  2.0  1697  29  5.0 1602  29  7.8 1649  24.3  29.8 1328  19.2  514  15.5  34.2  16.0  60.4  31.0 1707  17.8   8.1   5.7 -9.00 1004.2 1008.7 1011.3 2346 1006.7    1  1.4 13.2 14.7 -9.0 29.11  3.63 1200   -9.0   -9.0 -9.00   -9.0   -9   -9.0   -9   -9.0   -9   -9.0   -9   -9.0   -9  23.9  21.5  19.6  15.2  13.5
20260628 121  1.0   863  23  2.9 1717  18  4.2 1510  23.9  32.7 1440  14.8  536  15.3  32.3  12.4  63.3  34.0 1420  17.4   8.3   5.8 -9.00  981.8 1009.0 1012.0 2351 1006.3 1704  1.4 12.8 14.7 -9.0 30.82  3.60 1200   -9.0   -9.0 -9.00   -9.0   -9   -9.0   -9   -9.0   -9   -9.0   -9   -9.0   -9 -99.0 -99.0 -99.0 -99.0 -99.0
20260628 127  1.0   868  27  3.1 1348  25  5.5 1356  25.2  32.7 1543  17.2  521  14.9  28.1  15.3  56.8  23.0 1529  17.1   8.5   6.0 -9.00  994.9 1007.9 1010.4 2305 1006.1    1  1.3 12.5 14.7 -9.0 30.79  3.66 1200   -9.0   -9.0 -9.00   -9.0   -9   -9.0   -9   -9.0   -9   -9.0   -9   -9.0   -9 -99.0 -99.0 -99.0 -99.0 -99.0
20260628 129  1.7  1456  20  3.8 1221  32  6.7 1640  23.9  30.0 1416  17.5  515  16.9  29.9  14.2  67.4  40.0 1758  19.3   7.9   5.5 -9.00 1006.5 1009.4 1011.8 2233 1007.2    1  1.5 13.5 14.7 -9.0 29.64  3.50 1200   -9.0   -9.0 -9.00   -9.0   -9   -9.0   -9   -9.0   -9   -9.0   -9   -9.0   -9  23.9  21.8  21.9  15.7  15.3
20260628 130  1.7  1456  14  3.3 1117  14  6.2  910  19.9  23.9 1225  13.7  509  16.9  27.1  11.5  83.5  64.0  739  19.4  -9.0  -9.0 -9.00 1004.7 1010.4 1012.5 2339 1008.0  227  1.1 14.0 14.7 -9.0 -9.00 -9.00   -9   -9.0   -9.0 -9.00   -9.0   -9   -9.0   -9   -9.0   -9   -9.0   -9   -9.0   -9 -99.0 -99.0 -99.0 -99.0 -99.0
20260628 131  1.4  1197  29  2.8 1819  27  5.8 1801  26.8  32.8 1543  21.3  539  15.9  31.2  19.7  52.8  37.0 1435  18.1   8.5   5.9 -9.00 1001.8 1008.4 1011.1 2337 1006.3    1  2.3 12.6 14.7 -9.0 29.63  3.59 1100   -9.0   -9.0 -9.00   -9.0   -9   -9.0   -9   -9.0   -9   -9.0   -9   -9.0   -9 -99.0 -99.0 -99.0 -99.0 -99.0
20260628 133  1.9  1644  32  4.2 1828  34  7.1 1846  25.8  32.1 1532  20.7  528  17.9  30.8  18.4  64.6  39.0 1459  20.6   8.1   5.7 -9.00 1001.3 1009.0 1011.7 2332 1006.9    1  3.1 13.2 14.6 -9.0 29.93  3.59 1300    0.3    0.3  0.67    0.3 2025    0.3 2047   -9.0   -9   -9.0   -9   -9.0   -9  25.7  23.7  21.7  18.0  16.3
20260628 135  1.0   841   9  3.4 1349   7  5.9 1345  22.4  30.2 1535  14.1  534  15.2  31.0  14.8  66.1  38.0 1710  17.3   7.6   5.3 -9.00  980.9 1008.8 1011.6 2349 1006.9 1526  1.3 12.9 14.6 -9.0 30.27  3.73 1200   -9.0   -9.0 -9.00   -9.0   -9   -9.0   -9   -9.0   -9   -9.0   -9   -9.0   -9 -99.0 -99.0 -99.0 -99.0 -99.0
20260628 136  1.4  1222  11  4.6 1727  11  7.3 1749  23.9  32.8 1615  15.0  530  13.8  32.0  13.8  56.9  24.0 1651  15.8   8.9   6.2 -9.00  993.9 1010.1 1012.9 2336 1007.9 1559  0.9 13.3 14.7 -9.0 31.13  3.68 1200   -9.0   -9.0 -9.00   -9.0   -9   -9.0   -9   -9.0   -9   -9.0   -9   -9.0   -9 -99.0 -99.0 -99.0 -99.0 -99.0
20260628 137  0.6   516   2  1.6 1537   2  3.4 1621  23.9  31.7 1508  16.2  538  15.9  32.4  14.0  64.1  33.0 1723  18.1   7.5   5.3 -9.00  997.2 1008.2 1010.7 2344 1006.6 1529  1.6 13.8 14.6 -9.0 30.29  3.58 1200   -9.0   -9.0 -9.00   -9.0   -9   -9.0   -9   -9.0   -9   -9.0   -9   -9.0   -9 -99.0 -99.0 -99.0 -99.0 -99.0
20260628 138  2.3  1953  11  5.0 1606  11  6.4 1600  21.3  25.0 1550  16.6  503  16.5  27.0  12.8  75.6  59.0 1820  18.8   6.8   4.7 -9.00 1009.3 1009.8 1012.1 2355 1007.8    5  0.8 13.6 14.6 -9.0 30.25  3.62 1200   -9.0   -9.0 -9.00   -9.0   -9   -9.0   -9   -9.0   -9   -9.0   -9   -9.0   -9  21.7  20.0  19.0  16.6  15.9
20260628 140  2.7  2352  27  5.8 1531  27  7.4 1528  23.7  27.0 1157  19.4  549  19.3  29.9  16.5  77.8  56.0 1051  22.5  -9.0  -9.0 -9.00 1007.1 1010.3 1012.6 2330 1008.0    2  2.3 11.6 14.6 -9.0 -9.00 -9.00   -9   -9.0   -9.0 -9.00   -9.0   -9   -9.0   -9   -9.0   -9   -9.0   -9   -9.0   -9 -99.0 -99.0 -99.0 -99.0 -99.0
20260628 143  1.8  1556  11  5.1 1845  14  7.4 1842  23.6  31.8 1605  15.4  432  13.6  30.9  12.2  56.9  28.0 1445  15.6   8.7   6.1 -9.00 1002.6 1008.8 1011.6 2359 1006.6 1532  1.1 13.5 14.6 -9.0 30.10  3.61 1200   -9.0   -9.0 -9.00   -9.0   -9   -9.0   -9   -9.0   -9   -9.0   -9   -9.0   -9 -99.0 -99.0 -99.0 -99.0 -99.0
20260628 146  2.1  1808  27  4.7 1510  27  7.2 1508  25.0  30.9 1355  20.1  527  17.8  32.7  15.5  66.1  43.0 1447  20.4   7.6   5.3 -9.00 1002.4 1009.3 1012.1 2317 1007.4    1  3.0 10.8 14.6 -9.0 26.98  3.36 1100   -9.0   -9.0 -9.00   -9.0   -9   -9.0   -9   -9.0   -9   -9.0   -9   -9.0   -9 -99.0 -99.0 -99.0 -99.0 -99.0
20260628 152  1.3  1166  18  3.2 1438  20  7.5 1415  21.0  26.5 1340  14.7  504  16.3  25.0  11.9  76.9  51.0 1325  18.5   6.8   4.8 -9.00 1000.3 1009.7 1012.1 2350 1007.6    7  0.9 12.8 14.6 -9.0 30.10  3.56 1100   -9.0   -9.0 -9.00   -9.0   -9   -9.0   -9   -9.0   -9   -9.0   -9   -9.0   -9 -99.0 -99.0 -99.0 -99.0 -99.0
20260628 155  2.1  1804  18  5.2 1409  20  8.7 1400  22.2  27.6 1158  17.9  510  17.9  27.2  15.0  77.8  57.0 1220  20.5   7.1   5.0 -9.00 1006.0 1010.0 1012.4 2339 1007.9  220  0.6 12.6 14.5 -9.0 29.79  3.58 1200   -9.0   -9.0 -9.00   -9.0   -9   -9.0   -9   -9.0   -9   -9.0   -9   -9.0   -9 -99.0 -99.0 -99.0 -99.0 -99.0
20260628 156  1.7  1490  23  4.4 1630  23  7.9 1559  25.9  33.8 1503  21.1  528  18.6  35.3  17.9  66.6  38.0 1505  21.5   7.8   5.5 -9.00 1001.3 1009.3 1011.9 2257 1007.5 1514  2.9 10.6 14.5 -9.0 28.53  3.51 1200   -9.0   -9.0 -9.00   -9.0   -9   -9.0   -9   -9.0   -9   -9.0   -9   -9.0   -9 -99.0 -99.0 -99.0 -99.0 -99.0
20260628 159  1.9  1616  23  5.0 1138  23  6.9 1318  22.3  26.3 1452  18.5  337  17.2  29.8  13.7  73.6  55.0 1602  19.7   7.3   5.1 -9.00 1001.7 1009.8 1012.0 2219 1007.4  107  1.0 12.4 14.5 -9.0 31.04  3.75 1100   -9.0   -9.0 -9.00   -9.0   -9   -9.0   -9   -9.0   -9   -9.0   -9   -9.0   -9  22.9  22.0  21.1  17.1  17.1
20260628 162  2.0  1692  18  4.3 1342  20  6.8 1334  21.9  25.9 1635  18.2  349  18.0  27.7  14.5  80.1  61.0 1637  20.7   6.9   4.8 -9.00 1005.8 1009.4 1011.9 2348 1007.3  235  0.0 11.8 14.5 -9.0 30.49  3.69 1200   -9.0   -9.0 -9.00   -9.0   -9   -9.0   -9   -9.0   -9   -9.0   -9   -9.0   -9 -99.0 -99.0 -99.0 -99.0 -99.0
20260628 165  2.0  1759  29  4.9 1647  32  7.7 1614  22.9  27.5 1524  19.9  553  18.9  27.3  17.4  79.9  54.0 1430  21.8   7.0   4.9 -9.00 1005.0 1010.1 1012.4 2237 1008.1    1  1.1  8.9 14.5 -9.0 27.26  3.48 1200   -9.0   -9.0 -9.00   -9.0   -9   -9.0   -9   -9.0   -9   -9.0   -9   -9.0   -9  24.3  21.3  20.4  17.8  15.8
20260628 168  2.3  1990  25  4.6 1931  25  6.0 1931  23.2  26.7 1414  20.3  517  19.2  28.2  19.8  78.8  60.0 1559  22.2   6.4   4.5 -9.00 1002.6 1010.2 1012.4 2334 1008.2  324  5.1 10.2 14.5 -9.0 27.99  3.57 1200   -9.0   -9.0 -9.00   -9.0   -9   -9.0   -9   -9.0   -9   -9.0   -9   -9.0   -9  24.6  22.2  20.7  17.5  16.7
20260628 169  1.4  1202  16  3.3 1125  18  4.1 1058  21.6  25.7 1401  18.8 2301  18.8  28.2  19.8  84.6  68.0 1502  21.7   6.3   4.4  1.93 1002.3 1011.0 1014.0 1828 1008.3  203  1.6 13.8 14.5 -9.0 30.35  3.62 1200   -9.0   -9.0 -9.00   -9.0   -9   -9.0   -9   -9.0   -9   -9.0   -9   -9.0   -9 -99.0 -99.0 -99.0 -99.0 -99.0
20260628 170  1.4  1248   9  2.9 1430  16  5.3 1457  23.6  31.1 1507  18.4  512  18.6  28.8  17.6  74.9  53.0 1228  21.5   7.4   5.2 -9.00 1006.1 1010.2 1012.4 2329 1008.4    2  0.0 11.4 14.5 -9.0 28.39  3.55 1200   -9.0   -9.0 -9.00   -9.0   -9   -9.0   -9   -9.0   -9   -9.0   -9   -9.0   -9 -99.0 -99.0 -99.0 -99.0 -99.0
20260628 172  2.1  1842  27  5.7 1543  29  8.0 1534  23.7  28.9 1217  18.8  501  19.0  29.3  15.5  77.5  47.0 1259  22.0   7.9   5.5 -9.00 1003.3 1009.3 1011.9 2246 1007.5    7  2.3 12.5 14.5 -9.0 29.96  3.74 1200   -9.0   -9.0 -9.00   -9.0   -9   -9.0   -9   -9.0   -9   -9.0   -9   -9.0   -9 -99.0 -99.0 -99.0 -99.0 -99.0
20260628 174  1.3  1126  16  3.7 1321  16  6.4 1321  23.1  30.1 1218  18.6  555  18.0  32.1  18.5  75.5  49.0 1226  20.7  -9.0  -9.0 -9.00  989.2 1008.0 1010.9 2346 1006.6 1523  4.0  8.6 14.5 -9.0 -9.00 -9.00   -9    0.9   -9.0 -9.00    0.9 2037    0.4 2035   -9.0   -9   -9.0   -9   -9.0   -9 -99.0 -99.0 -99.0 -99.0 -99.0
20260628 177  2.1  1814  20  5.0 1520  20  7.8 1327  24.8  31.2 1445  18.9  514  18.4  32.3  17.4  70.1  43.0 1101  21.2   8.4   5.9 -9.00 1004.7 1007.8 1010.3 2239 1005.8    1  2.6 13.5 14.7 -9.0 29.99  3.49 1200   -9.0   -9.0 -9.00   -9.0   -9   -9.0   -9   -9.0   -9   -9.0   -9   -9.0   -9 -99.0 -99.0 -99.0 -99.0 -99.0
20260628 181  1.7  1476  34  4.3 1734  34  6.5 1730  24.9  31.6 1434  19.0  335  16.9  29.7  16.9  63.6  39.0 1507  19.3   7.9   5.5 -9.00 1005.3 1009.1 1011.8 2337 1007.0    1  2.4 12.9 14.7 -9.0 28.66  3.50 1200   -9.0   -9.0 -9.00   -9.0   -9   -9.0   -9   -9.0   -9   -9.0   -9   -9.0   -9 -99.0 -99.0 -99.0 -99.0 -99.0
20260628 184  2.1  1843  34  4.1 1553  34  5.7 1623  23.7  27.5 1606  19.7  552  18.9  29.4  16.1  75.1  65.0 1528  21.9   6.9   4.8 -9.00 1007.4 1009.8 1011.8 2338 1007.7   56  0.9 11.4 14.4 -9.0 27.80  3.57 1200   -9.0   -9.0 -9.00   -9.0   -9   -9.0   -9   -9.0   -9   -9.0   -9   -9.0   -9  24.4  23.2  23.1  20.6  17.1
20260628 185  2.4  2034  23  4.6 1423  23  6.2 1543  21.7  24.3 1459  19.4  534  19.5  26.4  16.4  87.9  76.0 1511  22.7   6.3   4.4 -9.00 1001.9 1010.2 1012.1 2337 1008.2   54  0.1 12.3 14.4 -9.0 28.64  3.60 1200   -9.0   -9.0 -9.00   -9.0   -9   -9.0   -9   -9.0   -9   -9.0   -9   -9.0   -9 -99.0 -99.0 -99.0 -99.0 -99.0
20260628 188  1.9  1599  18  4.4 1639  18  6.4 1614  22.2  26.0 1459  17.9  540  19.1  26.2  17.8  83.3  70.0 1815  22.1  -9.0  -9.0 -9.00 1008.2 1010.6 1012.5 2224 1008.3  120  0.8 12.7 14.4 -9.0 -9.00 -9.00   -9   -9.0   -9.0 -9.00   -9.0   -9   -9.0   -9   -9.0   -9   -9.0   -9   -9.0   -9 -99.0 -99.0 -99.0 -99.0 -99.0
20260628 189  1.7  1453  23  4.0 1648  23  6.8 1703  22.8  26.9 1546  19.0  409  18.5  26.4  17.5  77.5  67.0 1506  21.5   7.1   4.9 -9.00 1004.6 1010.5 1012.4 2251 1008.2  110  0.8 12.5 14.3 -9.0 29.25  3.65 1200   -9.0   -9.0 -9.00   -9.0   -9   -9.0   -9   -9.0   -9   -9.0   -9   -9.0   -9 -99.0 -99.0 -99.0 -99.0 -99.0
20260628 192  0.9   801  18  3.0 1455  14  7.4 1523  23.3  29.8 1319  19.0  515  18.7  34.8  18.0  76.8  43.0 1246  21.6   6.6   4.6 -9.00 1006.3 1009.7 1012.3 2329 1008.0  135  3.6 10.8 14.5 -9.0 28.42  3.65 1200   -9.0   -9.0 -9.00   -9.0   -9   -9.0   -9   -9.0   -9   -9.0   -9   -9.0   -9 -99.0 -99.0 -99.0 -99.0 -99.0
20260628 201  2.0  1739  25  4.7 1636  27  7.4 1559  23.2  27.3 1421  18.4  445  19.4  28.8  14.9  80.4  58.0 1831  22.6  -9.0  -9.0 -9.00 1004.1 1009.6 1011.7 2357 1007.3    1  1.9 12.6 14.8 -9.0 -9.00 -9.00   -9   -9.0   -9.0 -9.00   -9.0   -9   -9.0   -9   -9.0   -9   -9.0   -9   -9.0   -9 -99.0 -99.0 -99.0 -99.0 -99.0
20260628 202  1.2  1016  25  3.7 1741  29  6.6 1738  25.0  31.4 1422  18.0  518  17.4  32.8  15.0  64.9  38.0 1647  19.8  -9.0  -9.0 -9.00 1003.6 1009.0 1011.1 2331 1006.9    1  1.6 12.4 14.7 -9.0 -9.00 -9.00   -9   -9.0   -9.0 -9.00   -9.0   -9   -9.0   -9   -9.0   -9   -9.0   -9   -9.0   -9 -99.0 -99.0 -99.0 -99.0 -99.0
20260628 203  0.9   772  20  2.3 1627  23  5.9 1743  25.2  32.3 1600  18.3  544  18.3  30.1  16.7  68.1  42.0 1242  21.1  -9.0  -9.0 -9.00 1000.1 1009.2 1011.4 2303 1007.0    1  2.1 10.1 14.7 -9.0 -9.00 -9.00   -9   -9.0   -9.0 -9.00   -9.0   -9   -9.0   -9   -9.0   -9   -9.0   -9   -9.0   -9 -99.0 -99.0 -99.0 -99.0 -99.0
20260628 211  1.4  1195   5  3.0  528   2  5.1  533  22.1  32.7 1502  12.5  532  12.5  28.5   9.4  60.4  26.0 1550  14.5  -9.0  -9.0 -9.00  985.9 1009.0 1011.8 2358 1006.0 1550  2.5 11.3 14.8 -9.0 -9.00 -9.00   -9   -9.0   -9.0 -9.00   -9.0   -9   -9.0   -9   -9.0   -9   -9.0   -9   -9.0   -9 -99.0 -99.0 -99.0 -99.0 -99.0
20260628 212  0.9   808  32  2.4 1334  27  4.6 1704  23.6  32.9 1554  14.7  510  13.9  28.9  13.6  59.8  18.0 1350  16.1  -9.0  -9.0 -9.00  993.2 1009.2 1011.4 2321 1007.0 1554  1.5 11.7 14.8 -9.0 -9.00 -9.00   -9   -9.0   -9.0 -9.00   -9.0   -9   -9.0   -9   -9.0   -9   -9.0   -9   -9.0   -9 -99.0 -99.0 -99.0 -99.0 -99.0
20260628 216  1.3  1096   2  4.5 1523   5  7.8 1516  19.7  28.1 1233  10.9  437  12.4  24.2  11.2  67.3  31.0 1256  14.4   8.0   5.6 -9.00  930.1 1009.8 1013.6 2342 1006.7 1408  1.0 12.1 14.7 -9.0 30.25  3.64 1200   -9.0   -9.0 -9.00   -9.0   -9   -9.0   -9   -9.0   -9   -9.0   -9   -9.0   -9 -99.0 -99.0 -99.0 -99.0 -99.0
20260628 217  1.1   986  34  3.3 1441   9  6.7 1503  22.1  33.2 1456  12.6  523  12.4  31.7  13.0  60.0  29.0 1435  14.4  -9.0  -9.0 -9.00  974.2 1009.6 1012.9 2339 1006.0 1527  1.3 11.0 14.7 -9.0 -9.00 -9.00   -9   -9.0   -9.0 -9.00   -9.0   -9   -9.0   -9   -9.0   -9   -9.0   -9   -9.0   -9 -99.0 -99.0 -99.0 -99.0 -99.0
20260628 221  0.9   774  23  2.9 1732  23  4.9 1730  22.9  30.6 1644  14.8  507  14.6  28.7  12.1  65.1  28.0 1432  16.7  -9.0  -9.0 -9.00  978.8 1008.8 1011.6 2343 1006.8 1536  1.3 13.5 14.7 -9.0 -9.00 -9.00   -9   -9.0   -9.0 -9.00   -9.0   -9   -9.0   -9   -9.0   -9   -9.0   -9   -9.0   -9 -99.0 -99.0 -99.0 -99.0 -99.0
20260628 226  0.8   660  29  3.1 1355  36  5.2 1528  23.5  31.4 1525  15.9  521  16.8  28.2  12.4  70.3  39.0 1715  19.2  -9.0  -9.0 -9.00  989.6 1009.1 1011.8 2352 1007.3 1524  2.5 11.7 14.6 -9.0 -9.00 -9.00   -9   -9.0   -9.0 -9.00   -9.0   -9   -9.0   -9   -9.0   -9   -9.0   -9   -9.0   -9 -99.0 -99.0 -99.0 -99.0 -99.0
20260628 232  0.9   799  32  2.7 1530  36  5.3 1828  24.2  31.0 1449  17.4  506  17.0  30.4  15.8  67.6  44.0 1326  19.4  -9.0  -9.0 -9.00  999.9 1009.6 1012.3 2353 1007.5    1  1.9 11.9 14.7 -9.0 -9.00 -9.00   -9   -9.0   -9.0 -9.00   -9.0   -9   -9.0   -9   -9.0   -9   -9.0   -9   -9.0   -9 -99.0 -99.0 -99.0 -99.0 -99.0
20260628 235  0.9   737  20  3.6 1050  23  6.0 1115  23.8  30.2 1418  18.0  527  18.1  29.1  15.6  72.4  43.0 1259  20.8   7.3   5.1 -9.00 1007.8 1009.0 1011.4 2237 1006.6    1  2.5 12.0 14.6 -9.0 29.05  3.54 1200   -9.0   -9.0 -9.00   -9.0   -9   -9.0   -9   -9.0   -9   -9.0   -9   -9.0   -9 -99.0 -99.0 -99.0 -99.0 -99.0
20260628 236  1.1   943  27  3.9 1651  27  5.8 1638  24.3  31.5 1549  18.3  518  18.5  29.1  16.7  72.4  44.0 1549  21.4  -9.0  -9.0 -9.00 1008.0 1009.5 1011.9 2240 1007.3    1  2.6 10.4 14.6 -9.0 -9.00 -9.00   -9   -9.0   -9.0 -9.00   -9.0   -9   -9.0   -9   -9.0   -9   -9.0   -9   -9.0   -9 -99.0 -99.0 -99.0 -99.0 -99.0
20260628 238  1.0   828   2  3.2 1450  36  5.9 1442  24.1  30.8 1416  17.0  545  17.7  27.5  14.3  69.5  45.0 1440  20.2  -9.0  -9.0 -9.00  989.2 1008.6 1011.3 2337 1006.9    1  3.5  9.9 14.6 -9.0 -9.00 -9.00   -9   -9.0   -9.0 -9.00   -9.0   -9   -9.0   -9   -9.0   -9   -9.0   -9   -9.0   -9 -99.0 -99.0 -99.0 -99.0 -99.0
20260628 239  1.4  1205  34  3.6 1751  34  5.8 1816  24.8  31.5 1714  18.7  508  18.2  29.9  17.5  69.1  43.0 1649  20.9   7.4   5.2 -9.00  998.3 1008.5 1011.2 2336 1006.5    1  2.9 11.6 14.6 -9.0 27.77  3.60 1300   -9.0   -9.0 -9.00   -9.0   -9   -9.0   -9   -9.0   -9   -9.0   -9   -9.0   -9 -99.0 -99.0 -99.0 -99.0 -99.0
20260628 243  1.5  1284  29  3.9 1338  32  7.4 1531  23.8  28.3 1156  19.3  443  18.6  29.5  16.0  74.6  50.0 1100  21.4  -9.0  -9.0 -9.00 1008.5 1009.9 1012.3 2300 1007.7    1  2.8 12.6 14.6 -9.0 -9.00 -9.00   -9   -9.0   -9.0 -9.00   -9.0   -9   -9.0   -9   -9.0   -9   -9.0   -9   -9.0   -9 -99.0 -99.0 -99.0 -99.0 -99.0
20260628 244  1.0   903  34  4.2 1702  32  7.1 1655  23.5  30.3 1422  17.3  536  17.8  25.6  14.3  72.9  45.0 1424  20.4  -9.0  -9.0 -9.00  981.0 1009.0 1012.0 2331 1007.2 1534  3.9  8.7 14.6 -9.0 -9.00 -9.00   -9    0.0   -9.0 -9.00    0.0   -9    0.0   -9   -9.0   -9   -9.0   -9   -9.0   -9 -99.0 -99.0 -99.0 -99.0 -99.0
20260628 245  1.6  1382  34  4.9 1446  36  7.1 1439  24.5  30.4 1249  18.3  525  17.6  31.5  15.6  67.9  43.0 1316  20.2   7.8   5.5 -9.00 1001.7 1009.6 1012.2 2252 1007.7    1  1.1 13.0 14.6 -9.0 28.15  3.48 1200   -9.0   -9.0 -9.00   -9.0   -9   -9.0   -9   -9.0   -9   -9.0   -9   -9.0   -9 -99.0 -99.0 -99.0 -99.0 -99.0
20260628 247  1.4  1221  29  3.5 1916  27  5.9 1915  24.7  31.8 1420  20.1  602  19.2  29.5  19.6  73.3  49.0 1420  22.3  -9.0  -9.0 -9.00  993.7 1008.9 1012.0 2317 1007.1 1416  5.6  8.2 14.5 -9.0 -9.00 -9.00   -9    1.2   -9.0 -9.00    1.2 2223    0.6 2241   -9.0   -9   -9.0   -9   -9.0   -9 -99.0 -99.0 -99.0 -99.0 -99.0
20260628 248  0.9   792   5  4.7 1712   5  7.8 1708  21.5  29.7 1310  15.2  515  17.5  25.1  12.9  82.4  41.0 1238  20.2  -9.0  -9.0 -9.00  963.5 1009.4 1012.4 2308 1007.3 1407  5.1  7.5 14.6 -9.0 -9.00 -9.00   -9    6.6   -9.0 -9.00    6.6 1654    4.2 1709   -9.0   -9   -9.0   -9   -9.0   -9 -99.0 -99.0 -99.0 -99.0 -99.0
20260628 251  1.5  1275  27  4.1 1505  25  6.7 1323  23.7  29.7 1336  18.4  510  19.6  26.8  16.2  79.8  56.0 1509  22.8   6.7   4.7 -9.00 1003.7 1009.5 1012.2 2317 1007.8    6  2.4 11.5 14.5 -9.0 26.34  3.27 1100   -9.0   -9.0 -9.00   -9.0   -9   -9.0   -9   -9.0   -9   -9.0   -9   -9.0   -9 -99.0 -99.0 -99.0 -99.0 -99.0
20260628 252  1.2  1050  23  3.8 1237  23  7.6 1336  23.4  28.5 1401  19.4  420  19.0  28.1  16.9  78.6  43.0 1406  22.0   7.0   4.9 -9.00 1005.4 1009.6 1012.0 2308 1007.6    8  1.6  9.4 14.5 -9.0 26.70  3.59 1200   -9.0   -9.0 -9.00   -9.0   -9   -9.0   -9   -9.0   -9   -9.0   -9   -9.0   -9 -99.0 -99.0 -99.0 -99.0 -99.0
20260628 253  1.4  1249  18  4.1 1408  18  6.8 1436  22.1  27.6 1126  17.2  353  17.9  28.3  15.0  78.9  58.0 1115  20.5   7.0   4.9 -9.00 1004.5 1010.8 1013.2 2355 1008.6  124  0.5 12.6 14.5 -9.0 29.31  3.59 1200   -9.0   -9.0 -9.00   -9.0   -9   -9.0   -9   -9.0   -9   -9.0   -9   -9.0   -9 -99.0 -99.0 -99.0 -99.0 -99.0
20260628 254  1.5  1338  32  4.9 1723  27  7.2 1356  24.9  31.3 1438  19.1  538  17.0  30.9  17.5  64.8  38.0 1442  19.4   7.6   5.3 -9.00  994.8 1009.5 1012.4 2301 1007.7 1438  5.0 10.8 14.5 -9.0 27.60  3.55 1100   -9.0   -9.0 -9.00   -9.0   -9   -9.0   -9   -9.0   -9   -9.0   -9   -9.0   -9 -99.0 -99.0 -99.0 -99.0 -99.0
20260628 255  0.9   782  23  2.7 1600   9  5.1 1408  23.9  29.9 1259  18.6  533  17.8  25.9  16.0  71.1  46.0 1211  20.4   6.5   4.5 -9.00 1003.6 1009.4 1012.2 2345 1007.7  225  0.5 12.3 14.5 -9.0 25.93  3.31 1200   -9.0   -9.0 -9.00   -9.0   -9   -9.0   -9   -9.0   -9   -9.0   -9   -9.0   -9 -99.0 -99.0 -99.0 -99.0 -99.0
20260628 257  1.5  1260  25  3.8 1450  23  9.6 1500  23.1  30.4 1242  16.5  518  18.2  27.6  13.7  76.3  50.0 1226  20.9   7.1   5.0 -9.00 1009.1 1009.8 1012.5 2356 1008.1    1  0.5 10.0 14.5 -9.0 27.80  3.43 1100   -9.0   -9.0 -9.00   -9.0   -9   -9.0   -9   -9.0   -9   -9.0   -9   -9.0   -9 -99.0 -99.0 -99.0 -99.0 -99.0
20260628 258  2.1  1848  18  4.3 1747  18  5.9 1746  23.9  29.3 1529  19.8  521  19.7  27.9  18.8  78.9  58.0 1435  23.0   7.0   4.9 -9.00 1010.0 1010.2 1012.6 2329 1008.7  210  1.5 11.7 14.5 -9.0 29.02  3.41 1300   -9.0   -9.0 -9.00   -9.0   -9   -9.0   -9   -9.0   -9   -9.0   -9   -9.0   -9 -99.0 -99.0 -99.0 -99.0 -99.0
20260628 259  1.1   983  20  3.3 1554  20  6.1 1625  23.8  30.8 1248  18.3  501  19.4  25.9  16.4  78.1  52.0 1311  22.6   6.4   4.5 -9.00 1007.8 1009.7 1012.0 2234 1008.1    1  2.5  8.1 14.5 -9.0 23.72  3.56 1200   -9.0   -9.0 -9.00   -9.0   -9   -9.0   -9   -9.0   -9   -9.0   -9   -9.0   -9 -99.0 -99.0 -99.0 -99.0 -99.0
20260628 260  2.0  1721  16  5.3 1522  16  7.8 1518  23.3  29.1 1156  18.6  400  19.4  26.6  16.4  80.3  57.0 1127  22.6  -9.0  -9.0 -9.00 1004.7 1009.7 1012.1 2355 1008.1  211  1.1  7.2 14.5 -9.0 -9.00 -9.00   -9   -9.0   -9.0 -9.00   -9.0   -9   -9.0   -9   -9.0   -9   -9.0   -9   -9.0   -9 -99.0 -99.0 -99.0 -99.0 -99.0
20260628 261  1.7  1440  23  5.2 1545  25  7.0 1611  23.0  29.5 1350  17.6  533  19.1  29.4  15.5  80.5  58.0 1304  22.2  -9.0  -9.0 -9.00 1008.4 1010.2 1012.6 2330 1008.4    1  0.8 13.2 14.5 -9.0 -9.00 -9.00   -9   -9.0   -9.0 -9.00   -9.0   -9   -9.0   -9   -9.0   -9   -9.0   -9   -9.0   -9 -99.0 -99.0 -99.0 -99.0 -99.0
20260628 262  1.3  1142  18  3.4 1610  29  5.2 1305  23.1  29.5 1306  18.8  111  19.0  26.1  20.7  78.9  59.0 1307  22.0   5.4   3.8 -9.00 1003.8 1009.8 1012.3 2341 1008.2  241  1.9  9.0 14.5 -9.0 21.44  2.58 1000   -9.0   -9.0 -9.00   -9.0   -9   -9.0   -9   -9.0   -9   -9.0   -9   -9.0   -9 -99.0 -99.0 -99.0 -99.0 -99.0
20260628 263  1.4  1219  23  4.7 1631  23  7.8 1809  23.4  31.5 1529  16.2  505  18.0  29.7  13.7  74.6  43.0 1552  20.6   7.7   5.4 -9.00 1008.0 1009.6 1012.3 2340 1007.8 1519  1.4 10.4 14.5 -9.0 29.42  3.65 1200   -9.0   -9.0 -9.00   -9.0   -9   -9.0   -9   -9.0   -9   -9.0   -9   -9.0   -9 -99.0 -99.0 -99.0 -99.0 -99.0
20260628 264  1.0   836  16  2.6 1213   7  5.0 1116  23.8  31.8 1510  15.8  540  18.5  27.9  14.4  74.9  43.0 1442  21.4   6.4   4.5 -9.00  991.8 1009.1 1011.9 2321 1007.0 1505  3.9  8.5 14.6 -9.0 25.12  3.60 1100    0.0   -9.0 -9.00    0.0   -9    0.0   -9   -9.0   -9   -9.0   -9   -9.0   -9 -99.0 -99.0 -99.0 -99.0 -99.0
20260628 266  1.2  1001  16  2.8 1504  20  5.8 1454  24.2  29.5 1530  19.3  535  19.8  32.4  17.2  77.6  56.0 1259  23.1   6.4   4.5 -9.00 1000.0 1010.1 1012.6 2327 1008.5  217  3.1 10.7 14.5 -9.0 26.88  3.51 1200   -9.0   -9.0 -9.00   -9.0   -9   -9.0   -9   -9.0   -9   -9.0   -9   -9.0   -9 -99.0 -99.0 -99.0 -99.0 -99.0
20260628 268  1.3  1141  32  3.5 1214  32  5.3 1214  22.1  29.1 1439  17.0  430  18.3  27.1  15.3  81.6  51.0 1330  21.1  -9.0  -9.0 -9.00 1007.8 1008.9 1011.1 2225 1007.0   19  1.6 11.5 14.5 -9.0 -9.00 -9.00   -9   -9.0   -9.0 -9.00   -9.0   -9   -9.0   -9   -9.0   -9   -9.0   -9   -9.0   -9 -99.0 -99.0 -99.0 -99.0 -99.0
20260628 271  1.3  1090  18  3.4 1526  25  8.1 1521  21.1  30.7 1521  12.0  506  12.8  28.5   9.8  64.8  27.0 1423  14.8  -9.0  -9.0 -9.00  972.9 1009.8 1013.4 2351 1006.7 1521  1.4 11.5 14.7 -9.0 -9.00 -9.00   -9   -9.0   -9.0 -9.00   -9.0   -9   -9.0   -9   -9.0   -9   -9.0   -9   -9.0   -9 -99.0 -99.0 -99.0 -99.0 -99.0
20260628 272  1.3  1157  29  2.7 2029  11  4.5 1514  22.5  30.3 1457  15.0  436  15.5  30.8  13.6  68.9  32.0 1341  17.6  -9.0  -9.0 -9.00  985.2 1009.3 1012.5 2351 1007.2 1611  1.5 12.9 14.7 -9.0 -9.00 -9.00   -9   -9.0   -9.0 -9.00   -9.0   -9   -9.0   -9   -9.0   -9   -9.0   -9   -9.0   -9 -99.0 -99.0 -99.0 -99.0 -99.0
20260628 273  1.3  1137  11  2.8 1339  11  4.3 1532  23.4  31.0 1516  15.2  521  15.9  31.4  12.0  65.6  42.0 1415  18.2  -9.0  -9.0 -9.00  988.9 1008.6 1011.3 2346 1006.9 1516  0.8 12.8 14.7 -9.0 -9.00 -9.00   -9   -9.0   -9.0 -9.00   -9.0   -9   -9.0   -9   -9.0   -9   -9.0   -9   -9.0   -9 -99.0 -99.0 -99.0 -99.0 -99.0
20260628 276  1.3  1130  11  3.5 1612  14  6.8 1945  21.2  31.1 1441  10.8  511  14.3  28.5   8.0  70.1  35.0 1347  16.4   8.5   6.0 -9.00  985.4 1009.3 1012.4 2359 1006.9 1509  1.4 13.3 14.6 -9.0 31.72  3.78 1200   -9.0   -9.0 -9.00   -9.0   -9   -9.0   -9   -9.0   -9   -9.0   -9   -9.0   -9 -99.0 -99.0 -99.0 -99.0 -99.0
20260628 277  1.7  1455  18  3.1 1124  16  5.9 1726  19.7  25.8 1453  12.9  516  16.0  27.1  12.1  81.3  57.0 1458  18.3  -9.0  -9.0 -9.00 1005.6 1010.4 1012.6 2236 1008.0  336  1.3 13.8 14.7 -9.0 -9.00 -9.00   -9   -9.0   -9.0 -9.00   -9.0   -9   -9.0   -9   -9.0   -9   -9.0   -9   -9.0   -9 -99.0 -99.0 -99.0 -99.0 -99.0
20260628 278  0.9   752  16  2.7 1749  20  6.1 1744  23.1  32.9 1720  13.2  454  13.8  30.4   9.9  61.8  30.0 1541  15.8  -9.0  -9.0 -9.00  998.9 1008.3 1011.1 2349 1006.0 1536  1.9 11.8 14.6 -9.0 -9.00 -9.00   -9   -9.0   -9.0 -9.00   -9.0   -9   -9.0   -9   -9.0   -9   -9.0   -9   -9.0   -9 -99.0 -99.0 -99.0 -99.0 -99.0
20260628 279  1.4  1194  11  3.6 2149   9  8.4 2155  25.5  33.7 1656  15.7  531  13.6  32.6  12.9  51.8  25.0 1643  15.7   8.6   6.0 -9.00 1003.2 1008.8 1011.1 2335 1006.9 1550  0.8 12.7 14.6 -9.0 29.80  3.60 1200   -9.0   -9.0 -9.00   -9.0   -9   -9.0   -9   -9.0   -9   -9.0   -9   -9.0   -9 -99.0 -99.0 -99.0 -99.0 -99.0
20260628 281  1.6  1425  11  4.7 1634  11  7.7 1619  21.7  29.7 1329  13.7  432  14.8  27.5   9.6  68.8  42.0 1207  16.9  -9.0  -9.0 -9.00  999.1 1010.2 1012.7 2349 1008.5 1514  1.1 13.3 14.6 -9.0 -9.00 -9.00   -9   -9.0   -9.0 -9.00   -9.0   -9   -9.0   -9   -9.0   -9   -9.0   -9   -9.0   -9 -99.0 -99.0 -99.0 -99.0 -99.0
20260628 283  1.9  1669  11  4.8 1606  34  7.7 1330  21.6  30.2 1514  13.4  443  15.9  27.4  10.8  73.6  39.0 1533  18.2   7.9   5.5 -9.00 1005.6 1010.2 1012.8 2353 1008.5 1542  0.5 13.3 14.6 -9.0 31.03  3.71 1200   -9.0   -9.0 -9.00   -9.0   -9   -9.0   -9   -9.0   -9   -9.0   -9   -9.0   -9 -99.0 -99.0 -99.0 -99.0 -99.0
20260628 284  1.6  1391  14  4.2 2122  14  5.9 2120  23.4  30.9 1512  14.4  514  17.0  30.6  11.3  70.1  45.0 1546  19.5   7.5   5.2 -9.00  982.0 1008.0 1010.9 2343 1005.8 1453  3.4 11.4 14.6 -9.0 28.89  3.60 1200   -9.0   -9.0 -9.00   -9.0   -9   -9.0   -9   -9.0   -9   -9.0   -9   -9.0   -9 -99.0 -99.0 -99.0 -99.0 -99.0
20260628 285  1.0   859  20  2.9 1912  18  6.3 2014  24.2  31.9 1522  17.4  310  17.5  31.7  15.7  70.3  38.0 1414  20.1  -9.0  -9.0 -9.00 1006.4 1009.4 1012.2 2341 1007.7 1535  2.8  9.2 14.6 -9.0 -9.00 -9.00   -9   -9.0   -9.0 -9.00   -9.0   -9   -9.0   -9   -9.0   -9   -9.0   -9   -9.0   -9 -99.0 -99.0 -99.0 -99.0 -99.0
20260628 288  1.8  1589  14  4.5 1531  14  7.9 1526  23.2  32.5 1447  15.6  456  16.0  28.4  16.2  66.4  37.0 1411  18.4   8.0   5.6 -9.00 1007.3 1008.3 1011.1 2350 1006.2 1504  0.4 11.9 14.5 -9.0 29.70  3.62 1200   -9.0   -9.0 -9.00   -9.0   -9   -9.0   -9   -9.0   -9   -9.0   -9   -9.0   -9 -99.0 -99.0 -99.0 -99.0 -99.0
20260628 289  1.4  1241   5  3.8 1739   5  8.1 1732  23.6  31.5 1507  16.9  315  18.2  31.7  14.2  74.6  43.0 1355  21.0  -9.0  -9.0 -9.00  994.2 1009.9 1012.9 2336 1008.0 1501  3.5 10.4 14.5 -9.0 -9.00 -9.00   -9   -9.0   -9.0 -9.00   -9.0   -9   -9.0   -9   -9.0   -9   -9.0   -9   -9.0   -9 -99.0 -99.0 -99.0 -99.0 -99.0
20260628 294  1.2  1038  23  3.5 1829  20  6.7 1839  21.7  26.7 1426  17.2  441  17.6  29.5  14.3  78.6  59.0 1128  20.1  -9.0  -9.0 -9.00 1005.5 1010.7 1013.2 2344 1008.6   40  0.9 10.8 14.5 -9.0 -9.00 -9.00   -9   -9.0   -9.0 -9.00   -9.0   -9   -9.0   -9   -9.0   -9   -9.0   -9   -9.0   -9 -99.0 -99.0 -99.0 -99.0 -99.0
20260628 295  1.3  1109  20  3.6 1725  23  6.1 1554  22.6  28.2 1411  18.1  431  18.1  29.2  15.7  77.1  57.0 1317  20.9  -9.0  -9.0 -9.00 1004.7 1010.0 1012.4 2325 1008.0  231  0.4 11.2 14.5 -9.0 -9.00 -9.00   -9   -9.0   -9.0 -9.00   -9.0   -9   -9.0   -9   -9.0   -9   -9.0   -9   -9.0   -9 -99.0 -99.0 -99.0 -99.0 -99.0
20260628 296  1.9  1681  20  4.6 1354  20  7.6 1633  22.3  27.7 1448  16.4  405  18.0  26.9  12.2  78.0  58.0 1117  20.7   7.3   5.1 -9.00 1009.0 1009.3 1011.9 2357 1007.4   12  0.4 11.9 14.5 -9.0 29.89  3.61 1200   -9.0   -9.0 -9.00   -9.0   -9   -9.0   -9   -9.0   -9   -9.0   -9   -9.0   -9 -99.0 -99.0 -99.0 -99.0 -99.0
20260629  90 -9.0    -9  34  2.4  142  34  4.2  400 -99.0  23.6 1029  16.8  120 -99.0 -99.0  16.0  -9.0  74.0 1027  -9.0  -9.0  -9.0 -9.00   -9.0   -9.0 1014.2  841 1010.7    1 -9.0 -9.0 14.8 -9.0 -9.00 -9.00   -9   -9.0   -9.0 -9.00   -9.0   -9   -9.0   -9   -9.0   -9   -9.0   -9   -9.0   -9 -99.0 -99.0 -99.0 -99.0 -99.0
20260629  93 -9.0    -9  20  1.5 1045   9  2.6 1030 -99.0  27.9 1026  18.1  457 -99.0 -99.0  17.2  -9.0  57.0 2400  -9.0  -9.0  -9.0 -9.00   -9.0   -9.0 1013.1  638 1011.2    1 -9.0 -9.0 14.8 -9.0 -9.00 -9.00   -9   -9.0   -9.0 -9.00   -9.0   -9   -9.0   -9   -9.0   -9   -9.0   -9   -9.0   -9  25.1  23.2  21.1  16.6  14.1
20260629  95 -9.0    -9  25  1.3  946  25  2.4  904 -99.0  27.4 1049  17.3  430 -99.0 -99.0  16.3  -9.0  59.0 1052  -9.0  -9.0  -9.0 -9.00   -9.0   -9.0 1013.2  627 1011.7    1 -9.0 -9.0 14.8 -9.0 -9.00 -9.00   -9   -9.0   -9.0 -9.00   -9.0   -9   -9.0   -9   -9.0   -9   -9.0   -9   -9.0   -9 -99.0 -99.0 -99.0 -99.0 -99.0
20260629  98 -9.0    -9   5  1.1  522  36  2.3 1052 -99.0  28.2 1049  17.5  521 -99.0 -99.0  15.8  -9.0  53.0 1037  -9.0  -9.0  -9.0 -9.00   -9.0   -9.0 1012.6  604 1011.2    1 -9.0 -9.0 14.8 -9.0 -9.00 -9.00   -9   -9.0   -9.0 -9.00   -9.0   -9   -9.0   -9   -9.0   -9   -9.0   -9   -9.0   -9 -99.0 -99.0 -99.0 -99.0 -99.0
20260629  99 -9.0    -9   2  1.3 1055  36  2.4 1053 -99.0  25.6 1031  17.7  435 -99.0 -99.0  18.0  -9.0  72.0 1032  -9.0  -9.0  -9.0 -9.00   -9.0   -9.0 1013.4  834 1011.7   11 -9.0 -9.0 14.8 -9.0 -9.00 -9.00   -9   -9.0   -9.0 -9.00   -9.0   -9   -9.0   -9   -9.0   -9   -9.0   -9   -9.0   -9 -99.0 -99.0 -99.0 -99.0 -99.0
20260629 100 -9.0    -9  11  3.3 1051   9  5.4  944 -99.0  23.6 1045  10.0  457 -99.0 -99.0   9.6  -9.0  56.0  922  -9.0  -9.0  -9.0 -9.00   -9.0   -9.0 1014.9  452 1011.3  849 -9.0 -9.0 14.8 -9.0 -9.00 -9.00   -9   -9.0   -9.0 -9.00   -9.0   -9   -9.0   -9   -9.0   -9   -9.0   -9   -9.0   -9 -99.0 -99.0 -99.0 -99.0 -99.0
20260629 101 -9.0    -9  32  2.1  522  25  3.2 1025 -99.0  27.5 1043  18.2  519 -99.0 -99.0  15.7  -9.0  58.0 1045  -9.0  -9.0  -9.0 -9.00   -9.0   -9.0 1012.1  736 1010.2    1 -9.0 -9.0 14.8 -9.0 -9.00 -9.00   -9   -9.0   -9.0 -9.00   -9.0   -9   -9.0   -9   -9.0   -9   -9.0   -9   -9.0   -9  24.6  21.7  19.7  16.1  15.0
20260629 102 -9.0    -9   9  2.9  732   9  4.1  730 -99.0  22.6 1052  17.0  617 -99.0 -99.0  15.3  -9.0  91.0  101  -9.0  -9.0  -9.0 -9.00   -9.0   -9.0 1012.2 1050 1010.0  243 -9.0 -9.0 14.8 -9.0 -9.00 -9.00   -9   -9.0   -9.0 -9.00   -9.0   -9   -9.0   -9   -9.0   -9   -9.0   -9   -9.0   -9 -99.0 -99.0 -99.0 -99.0 -99.0
20260629 104 -9.0    -9  25  3.7 1028   5  6.2  956 -99.0  24.3 1045  15.7  505 -99.0 -99.0  13.7  -9.0  73.0  712  -9.0  -9.0  -9.0 -9.00   -9.0   -9.0 1012.6 1036 1009.8    6 -9.0 -9.0 14.8 -9.0 -9.00 -9.00   -9   -9.0   -9.0 -9.00   -9.0   -9   -9.0   -9   -9.0   -9   -9.0   -9   -9.0   -9  22.7  20.7  19.2  15.3  13.7
20260629 105 -9.0    -9   5  3.6 1022  32  5.9  938 -99.0  24.5 1038  17.1  521 -99.0 -99.0  14.9  -9.0  62.0    1  -9.0  -9.0  -9.0 -9.00   -9.0   -9.0 1013.6 1023 1010.7    2 -9.0 -9.0 14.8 -9.0 -9.00 -9.00   -9   -9.0   -9.0 -9.00   -9.0   -9   -9.0   -9   -9.0   -9   -9.0   -9   -9.0   -9  23.8  21.6  20.7  16.7  15.1
20260629 106 -9.0    -9   2  5.1  933   2  8.1  944 -99.0  23.4 1032  16.4  354 -99.0 -99.0  13.6  -9.0  73.0  700  -9.0  -9.0  -9.0 -9.00   -9.0   -9.0 1014.1 1032 1011.2   40 -9.0 -9.0 14.7 -9.0 -9.00 -9.00   -9   -9.0   -9.0 -9.00   -9.0   -9   -9.0   -9   -9.0   -9   -9.0   -9   -9.0   -9 -99.0 -99.0 -99.0 -99.0 -99.0
20260629 108 -9.0    -9  27  2.2  506  27  3.5  742 -99.0  27.9 1054  21.6  347 -99.0 -99.0  16.3  -9.0  62.0 1037  -9.0  -9.0  -9.0 -9.00   -9.0   -9.0 1012.5  703 1011.1    1 -9.0 -9.0 14.8 -9.0 -9.00 -9.00   -9   -9.0   -9.0 -9.00   -9.0   -9   -9.0   -9   -9.0   -9   -9.0   -9   -9.0   -9  24.6  22.2  21.1  16.6  14.1
20260629 112 -9.0    -9  23  2.6   13  29  4.3 1038 -99.0  26.0 2400  21.0  523 -99.0 -99.0  18.4  -9.0  69.0 1034  -9.0  -9.0  -9.0 -9.00   -9.0   -9.0 1012.6  921 1011.0  221 -9.0 -9.0 14.7 -9.0 -9.00 -9.00   -9   -9.0   -9.0 -9.00   -9.0   -9   -9.0   -9   -9.0   -9   -9.0   -9   -9.0   -9 -99.0 -99.0 -99.0 -99.0 -99.0
20260629 114 -9.0    -9  20  2.1 1030  20  3.6 1029 -99.0  28.8 2400  20.3  536 -99.0 -99.0  17.5  -9.0  54.0 1028  -9.0  -9.0  -9.0 -9.00   -9.0   -9.0 1012.4  650 1010.7    1 -9.0 -9.0 14.7 -9.0 -9.00 -9.00   -9   -9.0   -9.0 -9.00   -9.0   -9   -9.0   -9   -9.0   -9   -9.0   -9   -9.0   -9 -99.0 -99.0 -99.0 -99.0 -99.0
20260629 115 -9.0    -9  23  2.4  115   7  3.7 1043 -99.0  23.3 2400  18.6  353 -99.0 -99.0  12.5  -9.0  76.0   39  -9.0  -9.0  -9.0 -9.00   -9.0   -9.0 1014.4 1035 1012.8   20 -9.0 -9.0 14.7 -9.0 -9.00 -9.00   -9   -9.0   -9.0 -9.00   -9.0   -9   -9.0   -9   -9.0   -9   -9.0   -9   -9.0   -9 -99.0 -99.0 -99.0 -99.0 -99.0
20260629 119 -9.0    -9  29  2.5 1011  29  3.7 1046 -99.0  27.2 1041  19.7  454 -99.0 -99.0  16.6  -9.0  55.0 1055  -9.0  -9.0  -9.0 -9.00   -9.0   -9.0 1012.6  659 1011.0  233 -9.0 -9.0 14.7 -9.0 -9.00 -9.00   -9   -9.0   -9.0 -9.00   -9.0   -9   -9.0   -9   -9.0   -9   -9.0   -9   -9.0   -9 -99.0 -99.0 -99.0 -99.0 -99.0
20260629 121 -9.0    -9   9  1.9  647   7  2.9  644 -99.0  28.2 1051  16.6  534 -99.0 -99.0  14.6  -9.0  51.0  945  -9.0  -9.0  -9.0 -9.00   -9.0   -9.0 1013.7  626 1011.5 1049 -9.0 -9.0 14.7 -9.0 -9.00 -9.00   -9   -9.0   -9.0 -9.00   -9.0   -9   -9.0   -9   -9.0   -9   -9.0   -9   -9.0   -9 -99.0 -99.0 -99.0 -99.0 -99.0
20260629 127 -9.0    -9   2  1.8 1010  36  3.1 1007 -99.0  28.6 1045  19.0  520 -99.0 -99.0  17.2  -9.0  50.0 1046  -9.0  -9.0  -9.0 -9.00   -9.0   -9.0 1011.9  643 1010.2   42 -9.0 -9.0 14.7 -9.0 -9.00 -9.00   -9   -9.0   -9.0 -9.00   -9.0   -9   -9.0   -9   -9.0   -9   -9.0   -9   -9.0   -9 -99.0 -99.0 -99.0 -99.0 -99.0
20260629 129 -9.0    -9   2  2.4 1038  32  3.7  929 -99.0  28.4 1056  18.7  456 -99.0 -99.0  15.2  -9.0  45.0 1032  -9.0  -9.0  -9.0 -9.00   -9.0   -9.0 1012.7  618 1011.4  416 -9.0 -9.0 14.7 -9.0 -9.00 -9.00   -9   -9.0   -9.0 -9.00   -9.0   -9   -9.0   -9   -9.0   -9   -9.0   -9   -9.0   -9 -99.0 -99.0 -99.0 -99.0 -99.0
20260629 130 -9.0    -9  11  2.8 1025  11  3.9 1026 -99.0  23.3 1002  15.7  534 -99.0 -99.0  13.3  -9.0  73.0  724  -9.0  -9.0  -9.0 -9.00   -9.0   -9.0 1014.4 1042 1011.9  438 -9.0 -9.0 14.7 -9.0 -9.00 -9.00   -9   -9.0   -9.0 -9.00   -9.0   -9   -9.0   -9   -9.0   -9   -9.0   -9   -9.0   -9 -99.0 -99.0 -99.0 -99.0 -99.0
20260629 131 -9.0    -9  27  1.9 1037   5  4.6 1037 -99.0  29.1 1055  22.2  537 -99.0 -99.0  20.2  -9.0  42.0 1038  -9.0  -9.0  -9.0 -9.00   -9.0   -9.0 1012.2  655 1010.9   19 -9.0 -9.0 14.7 -9.0 -9.00 -9.00   -9   -9.0   -9.0 -9.00   -9.0   -9   -9.0   -9   -9.0   -9   -9.0   -9   -9.0   -9 -99.0 -99.0 -99.0 -99.0 -99.0
20260629 133 -9.0    -9  20  2.5  255  20  3.7  253 -99.0  28.7 1054  21.3  506 -99.0 -99.0  19.7  -9.0  49.0 1056  -9.0  -9.0  -9.0 -9.00   -9.0   -9.0 1012.6  813 1011.4  351 -9.0 -9.0 14.6 -9.0 -9.00 -9.00   -9   -9.0   -9.0 -9.00   -9.0   -9   -9.0   -9   -9.0   -9   -9.0   -9   -9.0   -9  26.3  24.0  21.8  18.1  16.3
20260629 135 -9.0    -9  18  2.0 1056  16  4.0 1052 -99.0  27.7 1056  16.5  541 -99.0 -99.0  16.8  -9.0  58.0  950  -9.0  -9.0  -9.0 -9.00   -9.0   -9.0 1012.7  647 1011.2 1055 -9.0 -9.0 14.6 -9.0 -9.00 -9.00   -9   -9.0   -9.0 -9.00   -9.0   -9   -9.0   -9   -9.0   -9   -9.0   -9   -9.0   -9 -99.0 -99.0 -99.0 -99.0 -99.0
20260629 136 -9.0    -9  18  1.9 1028  14  3.5 1024 -99.0  27.4 1056  16.5  448 -99.0 -99.0  15.6  -9.0  56.0 1043  -9.0  -9.0  -9.0 -9.00   -9.0   -9.0 1014.0  635 1012.7  406 -9.0 -9.0 14.7 -9.0 -9.00 -9.00   -9   -9.0   -9.0 -9.00   -9.0   -9   -9.0   -9   -9.0   -9   -9.0   -9   -9.0   -9 -99.0 -99.0 -99.0 -99.0 -99.0
20260629 137 -9.0    -9  32  1.1    1  11  2.4  844 -99.0  27.9 1052  17.7  534 -99.0 -99.0  16.0  -9.0  55.0 1026  -9.0  -9.0  -9.0 -9.00   -9.0   -9.0 1012.2  645 1010.7    1 -9.0 -9.0 14.6 -9.0 -9.00 -9.00   -9   -9.0   -9.0 -9.00   -9.0   -9   -9.0   -9   -9.0   -9   -9.0   -9   -9.0   -9 -99.0 -99.0 -99.0 -99.0 -99.0
20260629 138 -9.0    -9   5  4.2 1024   5  5.9 1022 -99.0  24.1 1056  18.4  507 -99.0 -99.0  14.2  -9.0  73.0  911  -9.0  -9.0  -9.0 -9.00   -9.0   -9.0 1012.9 1047 1011.7  129 -9.0 -9.0 14.6 -9.0 -9.00 -9.00   -9   -9.0   -9.0 -9.00   -9.0   -9   -9.0   -9   -9.0   -9   -9.0   -9   -9.0   -9  22.0  20.0  19.1  16.7  15.9
20260629 140 -9.0    -9  32  2.7 1004  34  3.9 1007 -99.0  27.1 1051  20.0  537 -99.0 -99.0  16.9  -9.0  58.0 1046  -9.0  -9.0  -9.0 -9.00   -9.0   -9.0 1013.2  757 1012.1  448 -9.0 -9.0 14.6 -9.0 -9.00 -9.00   -9   -9.0   -9.0 -9.00   -9.0   -9   -9.0   -9   -9.0   -9   -9.0   -9   -9.0   -9 -99.0 -99.0 -99.0 -99.0 -99.0
20260629 143 -9.0    -9  11  2.7   27  14  3.6 1030 -99.0  27.2 1055  18.4  518 -99.0 -99.0  17.2  -9.0  57.0 1050  -9.0  -9.0  -9.0 -9.00   -9.0   -9.0 1012.5  651 1011.3  100 -9.0 -9.0 14.6 -9.0 -9.00 -9.00   -9   -9.0   -9.0 -9.00   -9.0   -9   -9.0   -9   -9.0   -9   -9.0   -9   -9.0   -9 -99.0 -99.0 -99.0 -99.0 -99.0
20260629 146 -9.0    -9  34  2.6 1054  18  4.4 1047 -99.0  28.8 1056  21.5  528 -99.0 -99.0  19.1  -9.0  53.0 1034  -9.0  -9.0  -9.0 -9.00   -9.0   -9.0 1012.3  613 1011.4  309 -9.0 -9.0 14.6 -9.0 -9.00 -9.00   -9   -9.0   -9.0 -9.00   -9.0   -9   -9.0   -9   -9.0   -9   -9.0   -9   -9.0   -9 -99.0 -99.0 -99.0 -99.0 -99.0
20260629 152 -9.0    -9  20  2.2 1002  11  3.5 1050 -99.0  25.0 1039  18.3  142 -99.0 -99.0  16.8  -9.0  64.0 1041  -9.0  -9.0  -9.0 -9.00   -9.0   -9.0 1012.6  719 1011.6  148 -9.0 -9.0 14.5 -9.0 -9.00 -9.00   -9   -9.0   -9.0 -9.00   -9.0   -9   -9.0   -9   -9.0   -9   -9.0   -9   -9.0   -9 -99.0 -99.0 -99.0 -99.0 -99.0
20260629 155 -9.0    -9  18  3.6 1057  14  5.3 1015 -99.0  25.7 1009  18.6  424 -99.0 -99.0  16.6  -9.0  66.0 1012  -9.0  -9.0  -9.0 -9.00   -9.0   -9.0 1012.9  730 1011.8  419 -9.0 -9.0 14.5 -9.0 -9.00 -9.00   -9   -9.0   -9.0 -9.00   -9.0   -9   -9.0   -9   -9.0   -9   -9.0   -9   -9.0   -9 -99.0 -99.0 -99.0 -99.0 -99.0
20260629 156 -9.0    -9  23  2.4 1031  20  4.3 1035 -99.0  29.3 1054  21.2  458 -99.0 -99.0  17.7  -9.0  57.0 1057  -9.0  -9.0  -9.0 -9.00   -9.0   -9.0 1012.4  658 1011.3  304 -9.0 -9.0 14.5 -9.0 -9.00 -9.00   -9   -9.0   -9.0 -9.00   -9.0   -9   -9.0   -9   -9.0   -9   -9.0   -9   -9.0   -9 -99.0 -99.0 -99.0 -99.0 -99.0
20260629 159 -9.0    -9  18  3.1 1056  16  4.7 1028 -99.0  25.5 1055  19.7  555 -99.0 -99.0  14.9  -9.0  67.0 1046  -9.0  -9.0  -9.0 -9.00   -9.0   -9.0 1012.7 1027 1011.3  434 -9.0 -9.0 14.5 -9.0 -9.00 -9.00   -9   -9.0   -9.0 -9.00   -9.0   -9   -9.0   -9   -9.0   -9   -9.0   -9   -9.0   -9 -99.0 -99.0 -99.0 -99.0 -99.0
20260629 162 -9.0    -9  20  2.3 1020  23  2.9 1018 -99.0  24.1 1053  18.8  301 -99.0 -99.0  15.9  -9.0  71.0 1037  -9.0  -9.0  -9.0 -9.00   -9.0   -9.0 1012.3  745 1011.1  402 -9.0 -9.0 14.5 -9.0 -9.00 -9.00   -9   -9.0   -9.0 -9.00   -9.0   -9   -9.0   -9   -9.0   -9   -9.0   -9   -9.0   -9 -99.0 -99.0 -99.0 -99.0 -99.0
20260629 165 -9.0    -9  27  3.0 1030  29  4.5 1022 -99.0  25.8 1057  19.8  450 -99.0 -99.0  16.4  -9.0  64.0 1054  -9.0  -9.0  -9.0 -9.00   -9.0   -9.0 1012.9  748 1011.7  218 -9.0 -9.0 14.5 -9.0 -9.00 -9.00   -9   -9.0   -9.0 -9.00   -9.0   -9   -9.0   -9   -9.0   -9   -9.0   -9   -9.0   -9 -99.0 -99.0 -99.0 -99.0 -99.0
20260629 168 -9.0    -9  11  2.9 1010  14  4.7 1008 -99.0  23.9 1055  21.1  431 -99.0 -99.0  20.5  -9.0  78.0 1056  -9.0  -9.0  -9.0 -9.00   -9.0   -9.0 1013.1 1049 1011.8  301 -9.0 -9.0 14.5 -9.0 -9.00 -9.00   -9   -9.0   -9.0 -9.00   -9.0   -9   -9.0   -9   -9.0   -9   -9.0   -9   -9.0   -9  25.3  22.4  20.7  17.6  16.7
20260629 169 -9.0    -9  18  3.8  308  18  4.9  326 -99.0  23.9 1034  18.2   35 -99.0 -99.0  21.1  -9.0  76.0 1042  -9.0  -9.0  -9.0 -9.00   -9.0   -9.0 1014.8  546 1011.6  210 -9.0 -9.0 14.5 -9.0 -9.00 -9.00   -9   -9.0   -9.0 -9.00   -9.0   -9   -9.0   -9   -9.0   -9   -9.0   -9   -9.0   -9 -99.0 -99.0 -99.0 -99.0 -99.0
20260629 170 -9.0    -9   9  2.6 2400  11  4.4 1045 -99.0  28.7 1054  18.4  253 -99.0 -99.0  17.7  -9.0  64.0 1051  -9.0  -9.0  -9.0 -9.00   -9.0   -9.0 1013.0  807 1011.8  303 -9.0 -9.0 14.4 -9.0 -9.00 -9.00   -9   -9.0   -9.0 -9.00   -9.0   -9   -9.0   -9   -9.0   -9   -9.0   -9   -9.0   -9 -99.0 -99.0 -99.0 -99.0 -99.0
20260629 172 -9.0    -9  27  2.7  858  27  4.3 1013 -99.0  28.2 2400  19.4  508 -99.0 -99.0  16.3  -9.0  49.0 1052  -9.0  -9.0  -9.0 -9.00   -9.0   -9.0 1012.2  744 1011.1  242 -9.0 -9.0 14.5 -9.0 -9.00 -9.00   -9   -9.0   -9.0 -9.00   -9.0   -9   -9.0   -9   -9.0   -9   -9.0   -9   -9.0   -9 -99.0 -99.0 -99.0 -99.0 -99.0
20260629 174 -9.0    -9  11  2.1 1036   7  3.6 1055 -99.0  26.3 1053  19.4  531 -99.0 -99.0  20.2  -9.0  66.0 1056  -9.0  -9.0  -9.0 -9.00   -9.0   -9.0 1011.3  820 1010.3  107 -9.0 -9.0 14.5 -9.0 -9.00 -9.00   -9   -9.0   -9.0 -9.00   -9.0   -9   -9.0   -9   -9.0   -9   -9.0   -9   -9.0   -9 -99.0 -99.0 -99.0 -99.0 -99.0
20260629 177 -9.0    -9   5  3.1 1034   2  4.8 1032 -99.0  28.3 1054  19.2  426 -99.0 -99.0  17.3  -9.0  54.0 1057  -9.0  -9.0  -9.0 -9.00   -9.0   -9.0 1011.2  630 1010.0  417 -9.0 -9.0 14.7 -9.0 -9.00 -9.00   -9   -9.0   -9.0 -9.00   -9.0   -9   -9.0   -9   -9.0   -9   -9.0   -9   -9.0   -9 -99.0 -99.0 -99.0 -99.0 -99.0
20260629 181 -9.0    -9   5  2.0 1045   2  3.4 1043 -99.0  28.8 1057  18.9  534 -99.0 -99.0  16.6  -9.0  44.0 1035  -9.0  -9.0  -9.0 -9.00   -9.0   -9.0 1012.8  658 1011.5  441 -9.0 -9.0 14.7 -9.0 -9.00 -9.00   -9   -9.0   -9.0 -9.00   -9.0   -9   -9.0   -9   -9.0   -9   -9.0   -9   -9.0   -9 -99.0 -99.0 -99.0 -99.0 -99.0
20260629 184 -9.0    -9   5  5.5 1022   5  8.4 1020 -99.0  25.3 1057  20.2  529 -99.0 -99.0  17.0  -9.0  70.0  853  -9.0  -9.0  -9.0 -9.00   -9.0   -9.0 1012.3  708 1011.1  407 -9.0 -9.0 14.4 -9.0 -9.00 -9.00   -9   -9.0   -9.0 -9.00   -9.0   -9   -9.0   -9   -9.0   -9   -9.0   -9   -9.0   -9  24.9  23.4  23.1  20.1  17.1
20260629 185 -9.0    -9  11  3.1   25   7  4.1  809 -99.0  24.1  830  19.2  505 -99.0 -99.0  17.5  -9.0  69.0  836  -9.0  -9.0  -9.0 -9.00   -9.0   -9.0 1012.5 1054 1011.4  430 -9.0 -9.0 14.3 -9.0 -9.00 -9.00   -9   -9.0   -9.0 -9.00   -9.0   -9   -9.0   -9   -9.0   -9   -9.0   -9   -9.0   -9 -99.0 -99.0 -99.0 -99.0 -99.0
20260629 188 -9.0    -9   9  3.5 1035   7  5.6  916 -99.0  25.8 1049  18.4  534 -99.0 -99.0  18.4  -9.0  64.0 1031  -9.0  -9.0  -9.0 -9.00   -9.0   -9.0 1013.1  723 1011.9  417 -9.0 -9.0 14.3 -9.0 -9.00 -9.00   -9   -9.0   -9.0 -9.00   -9.0   -9   -9.0   -9   -9.0   -9   -9.0   -9   -9.0   -9 -99.0 -99.0 -99.0 -99.0 -99.0
20260629 189 -9.0    -9   2  2.1  325  23  3.9  952 -99.0  25.8 1048  19.1  526 -99.0 -99.0  17.4  -9.0  67.0 1054  -9.0  -9.0  -9.0 -9.00   -9.0   -9.0 1012.9 1052 1011.9  425 -9.0 -9.0 14.3 -9.0 -9.00 -9.00   -9   -9.0   -9.0 -9.00   -9.0   -9   -9.0   -9   -9.0   -9   -9.0   -9   -9.0   -9 -99.0 -99.0 -99.0 -99.0 -99.0
20260629 192 -9.0    -9  27  1.3 1057  27  2.5 1045 -99.0  24.3 1044  18.2  326 -99.0 -99.0  17.0  -9.0  78.0 1028  -9.0  -9.0  -9.0 -9.00   -9.0   -9.0 1013.0  831 1011.8  127 -9.0 -9.0 14.5 -9.0 -9.00 -9.00   -9   -9.0   -9.0 -9.00   -9.0   -9   -9.0   -9   -9.0   -9   -9.0   -9   -9.0   -9 -99.0 -99.0 -99.0 -99.0 -99.0
20260629 201 -9.0    -9  27  2.7   52  27  4.6  104 -99.0  25.8 1050  19.5  321 -99.0 -99.0  16.6  -9.0  75.0 1042  -9.0  -9.0  -9.0 -9.00   -9.0   -9.0 1013.4 1055 1011.6  159 -9.0 -9.0 14.8 -9.0 -9.00 -9.00   -9   -9.0   -9.0 -9.00   -9.0   -9   -9.0   -9   -9.0   -9   -9.0   -9   -9.0   -9 -99.0 -99.0 -99.0 -99.0 -99.0
20260629 202 -9.0    -9  18  1.9  932  18  3.0  932 -99.0  27.1 2400  19.1  521 -99.0 -99.0  16.8  -9.0  56.0 1056  -9.0  -9.0  -9.0 -9.00   -9.0   -9.0 1013.0  723 1011.0    1 -9.0 -9.0 14.7 -9.0 -9.00 -9.00   -9   -9.0   -9.0 -9.00   -9.0   -9   -9.0   -9   -9.0   -9   -9.0   -9   -9.0   -9 -99.0 -99.0 -99.0 -99.0 -99.0
20260629 203 -9.0    -9  20  2.2   31  18  3.7   24 -99.0  28.6 1055  18.5  440 -99.0 -99.0  17.0  -9.0  58.0 1056  -9.0  -9.0  -9.0 -9.00   -9.0   -9.0 1013.2  720 1011.4    1 -9.0 -9.0 14.7 -9.0 -9.00 -9.00   -9   -9.0   -9.0 -9.00   -9.0   -9   -9.0   -9   -9.0   -9   -9.0   -9   -9.0   -9 -99.0 -99.0 -99.0 -99.0 -99.0
20260629 211 -9.0    -9   5  2.0  842   2  3.5  311 -99.0  26.8 1051  14.9  538 -99.0 -99.0  13.0  -9.0  45.0 1059  -9.0  -9.0  -9.0 -9.00   -9.0   -9.0 1013.6  641 1011.5 1051 -9.0 -9.0 14.8 -9.0 -9.00 -9.00   -9   -9.0   -9.0 -9.00   -9.0   -9   -9.0   -9   -9.0   -9   -9.0   -9   -9.0   -9 -99.0 -99.0 -99.0 -99.0 -99.0
20260629 212 -9.0    -9   7  1.6  111   5  3.0  717 -99.0  28.4 1048  18.1  530 -99.0 -99.0  17.1  -9.0  52.0 1048  -9.0  -9.0  -9.0 -9.00   -9.0   -9.0 1013.2  621 1011.3    1 -9.0 -9.0 14.8 -9.0 -9.00 -9.00   -9   -9.0   -9.0 -9.00   -9.0   -9   -9.0   -9   -9.0   -9   -9.0   -9   -9.0   -9 -99.0 -99.0 -99.0 -99.0 -99.0
20260629 216 -9.0    -9   5  3.4  901   5  5.5  854 -99.0  25.7 1049  13.1  521 -99.0 -99.0  13.4  -9.0  43.0 1058  -9.0  -9.0  -9.0 -9.00   -9.0   -9.0 1014.2  554 1011.1  930 -9.0 -9.0 14.7 -9.0 -9.00 -9.00   -9   -9.0   -9.0 -9.00   -9.0   -9   -9.0   -9   -9.0   -9   -9.0   -9   -9.0   -9 -99.0 -99.0 -99.0 -99.0 -99.0
20260629 217 -9.0    -9   2  2.0 2400   5  4.2 1059 -99.0  28.6 1059  13.8  530 -99.0 -99.0  14.3  -9.0  43.0 2400  -9.0  -9.0  -9.0 -9.00   -9.0   -9.0 1014.8  638 1011.2 1058 -9.0 -9.0 14.7 -9.0 -9.00 -9.00   -9   -9.0   -9.0 -9.00   -9.0   -9   -9.0   -9   -9.0   -9   -9.0   -9   -9.0   -9 -99.0 -99.0 -99.0 -99.0 -99.0
20260629 221 -9.0    -9  11  1.6  756   7  2.6  812 -99.0  26.9 1053  16.7  515 -99.0 -99.0  14.5  -9.0  56.0 1039  -9.0  -9.0  -9.0 -9.00   -9.0   -9.0 1012.9  558 1011.4 1053 -9.0 -9.0 14.7 -9.0 -9.00 -9.00   -9   -9.0   -9.0 -9.00   -9.0   -9   -9.0   -9   -9.0   -9   -9.0   -9   -9.0   -9 -99.0 -99.0 -99.0 -99.0 -99.0
20260629 226 -9.0    -9  32  1.4  955  29  2.8  949 -99.0  27.4 1042  17.3  527 -99.0 -99.0  14.6  -9.0  55.0 1017  -9.0  -9.0  -9.0 -9.00   -9.0   -9.0 1013.0  601 1011.6   35 -9.0 -9.0 14.6 -9.0 -9.00 -9.00   -9   -9.0   -9.0 -9.00   -9.0   -9   -9.0   -9   -9.0   -9   -9.0   -9   -9.0   -9 -99.0 -99.0 -99.0 -99.0 -99.0
20260629 232 -9.0    -9  23  1.7 1039  23  3.1 1020 -99.0  28.0 1053  17.3  510 -99.0 -99.0  16.2  -9.0  54.0 1049  -9.0  -9.0  -9.0 -9.00   -9.0   -9.0 1013.4  705 1012.0  432 -9.0 -9.0 14.7 -9.0 -9.00 -9.00   -9   -9.0   -9.0 -9.00   -9.0   -9   -9.0   -9   -9.0   -9   -9.0   -9   -9.0   -9 -99.0 -99.0 -99.0 -99.0 -99.0
20260629 235 -9.0    -9  18  2.4  906   2  3.7 1021 -99.0  29.6 1051  18.8  456 -99.0 -99.0  16.0  -9.0  54.0 1016  -9.0  -9.0  -9.0 -9.00   -9.0   -9.0 1012.0 1046 1010.9    1 -9.0 -9.0 14.6 -9.0 -9.00 -9.00   -9   -9.0   -9.0 -9.00   -9.0   -9   -9.0   -9   -9.0   -9   -9.0   -9   -9.0   -9 -99.0 -99.0 -99.0 -99.0 -99.0
20260629 236 -9.0    -9  27  1.4  950  27  2.7 1009 -99.0  28.3 1100  18.7  516 -99.0 -99.0  16.9  -9.0  48.0 1041  -9.0  -9.0  -9.0 -9.00   -9.0   -9.0 1013.0  748 1011.7  320 -9.0 -9.0 14.6 -9.0 -9.00 -9.00   -9   -9.0   -9.0 -9.00   -9.0   -9   -9.0   -9   -9.0   -9   -9.0   -9   -9.0   -9 -99.0 -99.0 -99.0 -99.0 -99.0
20260629 238 -9.0    -9  34  1.9 1050   2  3.6 1050 -99.0  28.2 1044  19.1  532 -99.0 -99.0  16.6  -9.0  58.0 1050  -9.0  -9.0  -9.0 -9.00   -9.0   -9.0 1012.3  626 1011.0   32 -9.0 -9.0 14.6 -9.0 -9.00 -9.00   -9   -9.0   -9.0 -9.00   -9.0   -9   -9.0   -9   -9.0   -9   -9.0   -9   -9.0   -9 -99.0 -99.0 -99.0 -99.0 -99.0
20260629 239 -9.0    -9  32  2.1  257  32  3.9 1020 -99.0  27.8 1100  19.9  426 -99.0 -99.0  19.2  -9.0  53.0 1054  -9.0  -9.0  -9.0 -9.00   -9.0   -9.0 1012.2  647 1011.0   15 -9.0 -9.0 14.6 -9.0 -9.00 -9.00   -9   -9.0   -9.0 -9.00   -9.0   -9   -9.0   -9   -9.0   -9   -9.0   -9   -9.0   -9 -99.0 -99.0 -99.0 -99.0 -99.0
20260629 243 -9.0    -9  29  2.2 1003  32  3.8 1008 -99.0  27.5 1051  20.7  519 -99.0 -99.0  18.1  -9.0  62.0 1046  -9.0  -9.0  -9.0 -9.00   -9.0   -9.0 1012.7 1044 1011.6  259 -9.0 -9.0 14.6 -9.0 -9.00 -9.00   -9   -9.0   -9.0 -9.00   -9.0   -9   -9.0   -9   -9.0   -9   -9.0   -9   -9.0   -9 -99.0 -99.0 -99.0 -99.0 -99.0
20260629 244 -9.0    -9   7  2.2 1027   7  4.0 1025 -99.0  27.7 1059  18.4  525 -99.0 -99.0  16.2  -9.0  55.0 1100  -9.0  -9.0  -9.0 -9.00   -9.0   -9.0 1012.5  608 1011.0 1039 -9.0 -9.0 14.6 -9.0 -9.00 -9.00   -9   -9.0   -9.0 -9.00   -9.0   -9   -9.0   -9   -9.0   -9   -9.0   -9   -9.0   -9 -99.0 -99.0 -99.0 -99.0 -99.0
20260629 245 -9.0    -9  34  2.7 1002  34  4.6  944 -99.0  28.3 1057  20.3  547 -99.0 -99.0  18.4  -9.0  58.0  942  -9.0  -9.0  -9.0 -9.00   -9.0   -9.0 1012.4  646 1011.5  306 -9.0 -9.0 14.5 -9.0 -9.00 -9.00   -9   -9.0   -9.0 -9.00   -9.0   -9   -9.0   -9   -9.0   -9   -9.0   -9   -9.0   -9 -99.0 -99.0 -99.0 -99.0 -99.0
20260629 247 -9.0    -9  32  2.3 1051  27  3.7 1057 -99.0  27.3 1040  20.2  516 -99.0 -99.0  20.0  -9.0  65.0 1057  -9.0  -9.0  -9.0 -9.00   -9.0   -9.0 1012.3  716 1011.3  325 -9.0 -9.0 14.5 -9.0 -9.00 -9.00   -9   -9.0   -9.0 -9.00   -9.0   -9   -9.0   -9   -9.0   -9   -9.0   -9   -9.0   -9 -99.0 -99.0 -99.0 -99.0 -99.0
20260629 248 -9.0    -9  36  2.5 1004  34  3.8 1019 -99.0  26.9 1055  18.4  547 -99.0 -99.0  18.4  -9.0  56.0 2400  -9.0  -9.0  -9.0 -9.00   -9.0   -9.0 1013.0  611 1011.0 1055 -9.0 -9.0 14.6 -9.0 -9.00 -9.00   -9   -9.0   -9.0 -9.00   -9.0   -9   -9.0   -9   -9.0   -9   -9.0   -9   -9.0   -9 -99.0 -99.0 -99.0 -99.0 -99.0
20260629 251 -9.0    -9  27  2.3  945   9  5.6 1026 -99.0  27.7 1053  19.6  529 -99.0 -99.0  18.6  -9.0  66.0 1032  -9.0  -9.0  -9.0 -9.00   -9.0   -9.0 1012.5  707 1011.4  254 -9.0 -9.0 14.5 -9.0 -9.00 -9.00   -9   -9.0   -9.0 -9.00   -9.0   -9   -9.0   -9   -9.0   -9   -9.0   -9   -9.0   -9 -99.0 -99.0 -99.0 -99.0 -99.0
20260629 252 -9.0    -9  25  2.3 1050  23  4.0 1042 -99.0  27.0 1023  19.3  519 -99.0 -99.0  16.5  -9.0  63.0  956  -9.0  -9.0  -9.0 -9.00   -9.0   -9.0 1012.4  737 1011.3  232 -9.0 -9.0 14.5 -9.0 -9.00 -9.00   -9   -9.0   -9.0 -9.00   -9.0   -9   -9.0   -9   -9.0   -9   -9.0   -9   -9.0   -9 -99.0 -99.0 -99.0 -99.0 -99.0
20260629 253 -9.0    -9  14  2.4 1020  16  4.8 1033 -99.0  26.5 1058  17.7  459 -99.0 -99.0  16.0  -9.0  67.0  930  -9.0  -9.0  -9.0 -9.00   -9.0   -9.0 1013.8  727 1012.5  432 -9.0 -9.0 14.5 -9.0 -9.00 -9.00   -9   -9.0   -9.0 -9.00   -9.0   -9   -9.0   -9   -9.0   -9   -9.0   -9   -9.0   -9 -99.0 -99.0 -99.0 -99.0 -99.0
20260629 254 -9.0    -9  14  2.3  839  16  3.2  937 -99.0  28.0 1100  19.1  521 -99.0 -99.0  17.7  -9.0  54.0 1101  -9.0  -9.0  -9.0 -9.00   -9.0   -9.0 1013.0  716 1011.9   57 -9.0 -9.0 14.5 -9.0 -9.00 -9.00   -9   -9.0   -9.0 -9.00   -9.0   -9   -9.0   -9   -9.0   -9   -9.0   -9   -9.0   -9 -99.0 -99.0 -99.0 -99.0 -99.0
20260629 255 -9.0    -9  32  1.7  957   5  2.9  954 -99.0  27.2 1101  19.2  515 -99.0 -99.0  16.2  -9.0  64.0  955  -9.0  -9.0  -9.0 -9.00   -9.0   -9.0 1012.7  710 1011.6  422 -9.0 -9.0 14.5 -9.0 -9.00 -9.00   -9   -9.0   -9.0 -9.00   -9.0   -9   -9.0   -9   -9.0   -9   -9.0   -9   -9.0   -9 -99.0 -99.0 -99.0 -99.0 -99.0
20260629 257 -9.0    -9  20  1.3  958   5  2.8  517 -99.0  28.7 1101  18.3  510 -99.0 -99.0  15.8  -9.0  64.0 1002  -9.0  -9.0  -9.0 -9.00   -9.0   -9.0 1013.0  702 1011.9  439 -9.0 -9.0 14.5 -9.0 -9.00 -9.00   -9   -9.0   -9.0 -9.00   -9.0   -9   -9.0   -9   -9.0   -9   -9.0   -9   -9.0   -9 -99.0 -99.0 -99.0 -99.0 -99.0
20260629 258 -9.0    -9  18  2.5 1051  18  3.3 1049 -99.0  26.5 1026  19.7  414 -99.0 -99.0  19.0  -9.0  68.0 1027  -9.0  -9.0  -9.0 -9.00   -9.0   -9.0 1013.3  751 1012.0  247 -9.0 -9.0 14.5 -9.0 -9.00 -9.00   -9   -9.0   -9.0 -9.00   -9.0   -9   -9.0   -9   -9.0   -9   -9.0   -9   -9.0   -9 -99.0 -99.0 -99.0 -99.0 -99.0
20260629 259 -9.0    -9  16  1.9 1015  14  3.2 1006 -99.0  27.9 1041  18.7  355 -99.0 -99.0  16.7  -9.0  59.0 1007  -9.0  -9.0  -9.0 -9.00   -9.0   -9.0 1012.6  733 1011.5  243 -9.0 -9.0 14.5 -9.0 -9.00 -9.00   -9   -9.0   -9.0 -9.00   -9.0   -9   -9.0   -9   -9.0   -9   -9.0   -9   -9.0   -9 -99.0 -99.0 -99.0 -99.0 -99.0
20260629 260 -9.0    -9  16  3.0  908  14  4.1  906 -99.0  27.4 1048  18.6  412 -99.0 -99.0  16.2  -9.0  68.0 1031  -9.0  -9.0  -9.0 -9.00   -9.0   -9.0 1012.6  742 1011.5  238 -9.0 -9.0 14.5 -9.0 -9.00 -9.00   -9   -9.0   -9.0 -9.00   -9.0   -9   -9.0   -9   -9.0   -9   -9.0   -9   -9.0   -9 -99.0 -99.0 -99.0 -99.0 -99.0
20260629 261 -9.0    -9  23  2.5 1028  25  4.2 1028 -99.0  28.2 1055  17.6  539 -99.0 -99.0  15.7  -9.0  64.0 1006  -9.0  -9.0  -9.0 -9.00   -9.0   -9.0 1013.0  755 1011.9  246 -9.0 -9.0 14.5 -9.0 -9.00 -9.00   -9   -9.0   -9.0 -9.00   -9.0   -9   -9.0   -9   -9.0   -9   -9.0   -9   -9.0   -9 -99.0 -99.0 -99.0 -99.0 -99.0
20260629 262 -9.0    -9  18  1.8  909  20  3.7  939 -99.0  26.3 1043  17.9  516 -99.0 -99.0  19.8  -9.0  68.0 1010  -9.0  -9.0  -9.0 -9.00   -9.0   -9.0 1012.8  748 1011.6  244 -9.0 -9.0 14.5 -9.0 -9.00 -9.00   -9   -9.0   -9.0 -9.00   -9.0   -9   -9.0   -9   -9.0   -9   -9.0   -9   -9.0   -9 -99.0 -99.0 -99.0 -99.0 -99.0
20260629 263 -9.0    -9   9  1.8 1100   7  3.1  958 -99.0  27.2 1053  18.1  436 -99.0 -99.0  16.5  -9.0  66.0 1029  -9.0  -9.0  -9.0 -9.00   -9.0   -9.0 1012.8  656 1011.8   46 -9.0 -9.0 14.5 -9.0 -9.00 -9.00   -9   -9.0   -9.0 -9.00   -9.0   -9   -9.0   -9   -9.0   -9   -9.0   -9   -9.0   -9 -99.0 -99.0 -99.0 -99.0 -99.0
20260629 264 -9.0    -9   7  2.1 1101   9  4.0 1055 -99.0  28.5 1053  19.1  321 -99.0 -99.0  17.9  -9.0  64.0 1039  -9.0  -9.0  -9.0 -9.00   -9.0   -9.0 1012.7  625 1011.3 1053 -9.0 -9.0 14.6 -9.0 -9.00 -9.00   -9   -9.0   -9.0 -9.00   -9.0   -9   -9.0   -9   -9.0   -9   -9.0   -9   -9.0   -9 -99.0 -99.0 -99.0 -99.0 -99.0
20260629 266 -9.0    -9   9  1.9  834   9  3.7 1028 -99.0  26.4 1102  19.9  459 -99.0 -99.0  18.2  -9.0  72.0 1056  -9.0  -9.0  -9.0 -9.00   -9.0   -9.0 1013.1  741 1012.0  305 -9.0 -9.0 14.5 -9.0 -9.00 -9.00   -9   -9.0   -9.0 -9.00   -9.0   -9   -9.0   -9   -9.0   -9   -9.0   -9   -9.0   -9 -99.0 -99.0 -99.0 -99.0 -99.0
20260629 268 -9.0    -9  32  3.8 1100  32  5.1 1044 -99.0  26.5 1043  16.6  508 -99.0 -99.0  14.9  -9.0  66.0  913  -9.0  -9.0  -9.0 -9.00   -9.0   -9.0 1011.6  657 1010.6  225 -9.0 -9.0 14.5 -9.0 -9.00 -9.00   -9   -9.0   -9.0 -9.00   -9.0   -9   -9.0   -9   -9.0   -9   -9.0   -9   -9.0   -9 -99.0 -99.0 -99.0 -99.0 -99.0
20260629 271 -9.0    -9  14  3.3 1054  11  4.9 1055 -99.0  28.0 1101  13.2  519 -99.0 -99.0  11.4  -9.0  32.0 1101  -9.0  -9.0  -9.0 -9.00   -9.0   -9.0 1014.3  632 1011.7 1023 -9.0 -9.0 14.7 -9.0 -9.00 -9.00   -9   -9.0   -9.0 -9.00   -9.0   -9   -9.0   -9   -9.0   -9   -9.0   -9   -9.0   -9 -99.0 -99.0 -99.0 -99.0 -99.0
20260629 272 -9.0    -9  32  2.4  418  16  3.3  922 -99.0  26.7 1056  15.5  511 -99.0 -99.0  13.8  -9.0  47.0 1038  -9.0  -9.0  -9.0 -9.00   -9.0   -9.0 1013.3  623 1012.1 1041 -9.0 -9.0 14.7 -9.0 -9.00 -9.00   -9   -9.0   -9.0 -9.00   -9.0   -9   -9.0   -9   -9.0   -9   -9.0   -9   -9.0   -9 -99.0 -99.0 -99.0 -99.0 -99.0
20260629 273 -9.0    -9   9  2.6  952  11  4.0  952 -99.0  26.9 1057  16.4  518 -99.0 -99.0  13.6  -9.0  58.0 1058  -9.0  -9.0  -9.0 -9.00   -9.0   -9.0 1012.5  647 1011.2   47 -9.0 -9.0 14.6 -9.0 -9.00 -9.00   -9   -9.0   -9.0 -9.00   -9.0   -9   -9.0   -9   -9.0   -9   -9.0   -9   -9.0   -9 -99.0 -99.0 -99.0 -99.0 -99.0
20260629 276 -9.0    -9  36  2.2 1020   5  3.5 1041 -99.0  28.0 1100  13.3  456 -99.0 -99.0  10.6  -9.0  55.0 1101  -9.0  -9.0  -9.0 -9.00   -9.0   -9.0 1013.4  632 1011.4 1026 -9.0 -9.0 14.6 -9.0 -9.00 -9.00   -9   -9.0   -9.0 -9.00   -9.0   -9   -9.0   -9   -9.0   -9   -9.0   -9   -9.0   -9 -99.0 -99.0 -99.0 -99.0 -99.0
20260629 277 -9.0    -9  14  3.2 1001  11  5.7 1028 -99.0  24.0 1055  15.2  516 -99.0 -99.0  14.1  -9.0  70.0  959  -9.0  -9.0  -9.0 -9.00   -9.0   -9.0 1014.0 1058 1012.2  406 -9.0 -9.0 14.6 -9.0 -9.00 -9.00   -9   -9.0   -9.0 -9.00   -9.0   -9   -9.0   -9   -9.0   -9   -9.0   -9   -9.0   -9 -99.0 -99.0 -99.0 -99.0 -99.0
20260629 278 -9.0    -9  29  1.6 1034  34  2.7 1042 -99.0  28.5 1102  15.3  455 -99.0 -99.0  13.4  -9.0  54.0 1055  -9.0  -9.0  -9.0 -9.00   -9.0   -9.0 1012.3  641 1011.0 1057 -9.0 -9.0 14.6 -9.0 -9.00 -9.00   -9   -9.0   -9.0 -9.00   -9.0   -9   -9.0   -9   -9.0   -9   -9.0   -9   -9.0   -9 -99.0 -99.0 -99.0 -99.0 -99.0
20260629 279 -9.0    -9  14  2.0 1047   9  3.7 1040 -99.0  28.9 1058  19.6  511 -99.0 -99.0  17.7  -9.0  55.0 1028  -9.0  -9.0  -9.0 -9.00   -9.0   -9.0 1012.5  647 1011.1    1 -9.0 -9.0 14.6 -9.0 -9.00 -9.00   -9   -9.0   -9.0 -9.00   -9.0   -9   -9.0   -9   -9.0   -9   -9.0   -9   -9.0   -9 -99.0 -99.0 -99.0 -99.0 -99.0
20260629 281 -9.0    -9  11  3.0 1059  11  5.2 1050 -99.0  27.6 1055  16.2  501 -99.0 -99.0  13.1  -9.0  49.0 1056  -9.0  -9.0  -9.0 -9.00   -9.0   -9.0 1013.6  701 1012.5   59 -9.0 -9.0 14.6 -9.0 -9.00 -9.00   -9   -9.0   -9.0 -9.00   -9.0   -9   -9.0   -9   -9.0   -9   -9.0   -9   -9.0   -9 -99.0 -99.0 -99.0 -99.0 -99.0
20260629 283 -9.0    -9  34  2.1 1044  34  3.4 1041 -99.0  26.6 1010  16.4  528 -99.0 -99.0  13.4  -9.0  60.0 1101  -9.0  -9.0  -9.0 -9.00   -9.0   -9.0 1013.6  712 1012.4  429 -9.0 -9.0 14.6 -9.0 -9.00 -9.00   -9   -9.0   -9.0 -9.00   -9.0   -9   -9.0   -9   -9.0   -9   -9.0   -9   -9.0   -9 -99.0 -99.0 -99.0 -99.0 -99.0
20260629 284 -9.0    -9  11  1.9 1020  14  3.1 1014 -99.0  27.9 1102  19.0  350 -99.0 -99.0  16.3  -9.0  62.0 1054  -9.0  -9.0  -9.0 -9.00   -9.0   -9.0 1011.7  636 1009.9 2400 -9.0 -9.0 14.6 -9.0 -9.00 -9.00   -9   -9.0   -9.0 -9.00   -9.0   -9   -9.0   -9   -9.0   -9   -9.0   -9   -9.0   -9 -99.0 -99.0 -99.0 -99.0 -99.0
20260629 285 -9.0    -9   2  1.6 1015   9  3.2 1007 -99.0  28.2 1102  18.3  537 -99.0 -99.0  17.8  -9.0  63.0 1051  -9.0  -9.0  -9.0 -9.00   -9.0   -9.0 1012.9  751 1011.6   42 -9.0 -9.0 14.6 -9.0 -9.00 -9.00   -9   -9.0   -9.0 -9.00   -9.0   -9   -9.0   -9   -9.0   -9   -9.0   -9   -9.0   -9 -99.0 -99.0 -99.0 -99.0 -99.0
20260629 288 -9.0    -9  16  2.3 1100  14  4.6 1051 -99.0  28.1 1056  18.3  449 -99.0 -99.0  18.9  -9.0  57.0 1101  -9.0  -9.0  -9.0 -9.00   -9.0   -9.0 1011.6  710 1010.6  104 -9.0 -9.0 14.5 -9.0 -9.00 -9.00   -9   -9.0   -9.0 -9.00   -9.0   -9   -9.0   -9   -9.0   -9   -9.0   -9   -9.0   -9 -99.0 -99.0 -99.0 -99.0 -99.0
20260629 289 -9.0    -9   9  3.4 1027  11  6.0 1023 -99.0  27.3 1058  18.1  547 -99.0 -99.0  15.0  -9.0  68.0 1100  -9.0  -9.0  -9.0 -9.00   -9.0   -9.0 1013.5  636 1012.3 1056 -9.0 -9.0 14.5 -9.0 -9.00 -9.00   -9   -9.0   -9.0 -9.00   -9.0   -9   -9.0   -9   -9.0   -9   -9.0   -9   -9.0   -9 -99.0 -99.0 -99.0 -99.0 -99.0
20260629 294 -9.0    -9  34  1.7 1010  36  3.5 1028 -99.0  24.5 1055  17.5  409 -99.0 -99.0  14.7  -9.0  70.0  946  -9.0  -9.0  -9.0 -9.00   -9.0   -9.0 1013.7  751 1012.4  417 -9.0 -9.0 14.5 -9.0 -9.00 -9.00   -9   -9.0   -9.0 -9.00   -9.0   -9   -9.0   -9   -9.0   -9   -9.0   -9   -9.0   -9 -99.0 -99.0 -99.0 -99.0 -99.0
20260629 295 -9.0    -9   7  2.4 1037   5  3.3 1031 -99.0  23.9 1057  18.3  323 -99.0 -99.0  15.9  -9.0  78.0  942  -9.0  -9.0  -9.0 -9.00   -9.0   -9.0 1013.2 1057 1011.9  119 -9.0 -9.0 14.5 -9.0 -9.00 -9.00   -9   -9.0   -9.0 -9.00   -9.0   -9   -9.0   -9   -9.0   -9   -9.0   -9   -9.0   -9 -99.0 -99.0 -99.0 -99.0 -99.0
20260629 296 -9.0    -9  18  2.9 1025  18  4.6 1023 -99.0  25.9 1055  17.5  521 -99.0 -99.0  13.6  -9.0  71.0 1057  -9.0  -9.0  -9.0 -9.00   -9.0   -9.0 1012.3  731 1011.2  435 -9.0 -9.0 14.5 -9.0 -9.00 -9.00   -9   -9.0   -9.0 -9.00   -9.0   -9   -9.0   -9   -9.0   -9   -9.0   -9   -9.0   -9 -99.0 -99.0 -99.0 -99.0 -99.0
#7777END
