"표준코드","시설명","소재지","착공년도","준공년도","종별","구분","유역면적","홍수면적","만수면적","수혜면적","한발빈도","홍수빈도","제체형식","제체체적","제체길이","제체높이","총저수량","유효저수량","사수량","취수형식","홍수위","만수위","사수위"
"2671010056","용천","부산광역시 기장군 일광면 용천리","1956-01-01","1958-01-01","2","주수원","210","3","3","49","3","50","필댐(죤형)","32000","75","14","115","115","0","사통형","101","100","91"
"2671010067","병산","부산광역시 기장군 정관읍 병산리","1941-01-01","1942-01-01","2","주수원","660","5","4","56","3","50","필댐(죤형)","63000","129","15","164","164","0","사통형","111","110","102"
"2671010085","송정","부산광역시 기장군 철마면 송정리","1956-01-01","1958-01-01","1","주수원","230","5","5","49","3","100","필댐(죤형)","122000","151","20","342","342","0","사통형","101","100","86"
"2671010097","안평","부산광역시 기장군 철마면 안평리","1931-06-21","1945-03-31","2","주수원","112","3","3","47","3","50","필댐(죤형)","55000","79","18","140","140","0","사통형","114","113","103"
"2671010098","임기","부산광역시 기장군 철마면 임기리","1956-01-01","1959-01-01","2","주수원","277","1","1","36","3","30","필댐(죤형)","42000","61","18","67","67","0","사통형","101","100","89"
"2714010005","단산","대구광역시 동구 봉무동","1931-02-19","1932-05-10","1","주수원","84","24","23","59","10","200","필댐(죤형)","215439","370","20","2072","2072","0","사통형","54","53","41"
"2714010023","신","대구광역시 동구 각산동","1945-01-01","1947-12-30","1","주수원","950","11","10","2","10","200","필댐(죤형)","45017","294","10","499","474","25","사통형","68","67","58"
"2723010006","도남","대구광역시 북구 도남동","1941-12-25","1944-03-31","1","주수원","450","8","8","49","7","100","필댐(죤형)","24144","260","11","385","385","0","사통형","92","92","81"
"2723010007","광대","대구광역시 북구 도남동","1945-01-01","1946-12-31","2","보조수원","35","1","1","1","10","100","필댐(죤형)","1680","84","5","5","5","0","사통형","84","83","82"
"2723010012","신","대구광역시 북구 국우동","1945-01-01","1945-12-30","2","보조수원","45","1","1","0","10","100","필댐(죤형)","1170","180","4","11","11","0","사통형","59","58","57"
"2723010021","대동","대구광역시 북구 사수동","1947-02-01","1947-12-31","2","보조수원","10","1","1","0","10","100","필댐(죤형)","4698","116","6","11","11","0","사통형","43","42","38"
"2723010022","내곡","대구광역시 북구 사수동","1948-01-01","1948-12-30","2","보조수원","40","1","1","0","10","100","필댐(죤형)","4117","108","9","31","31","0","사통형","55","54","48"
"2723010024","연경","대구광역시 북구 연경동","1976-07-19","1979-07-10","1","주수원","350","7","7","23","10","100","필댐(죤형)","100491","143","21","613","613","0","사통형","114","113","97"
"2726010001","수성","대구광역시 수성구 두산동","1924-09-27","1927-04-24","1","주수원","10021","25","22","0","10","100","필댐(죤형)","245958","1050","7","752","752","0","취수탑형","50","49","46"
"2726010006","구천","대구광역시 수성구 매호동","1945-01-01","1947-12-30","2","주수원","710","2","2","13","10","100","필댐(죤형)","3726","135","4","55","55","0","사통형","50","49","46"
"2726010008","욱수","대구광역시 수성구 욱수동","1992-04-25","1994-07-20","2","주수원","444","4","4","35","10","200","필댐(죤형)","92321","143","21","236","213","23","사통형","107","106","92"
"2726010019","연호","대구광역시 수성구 연호동","1945-01-01","1947-12-30","1","주수원","1050","6","5","24","10","100","필댐(죤형)","12175","117","8","314","314","0","사통형","55","54","43"
"2729010002","도원","대구광역시 달서구 도원동","1957-09-24","1964-12-31","1","주수원","1050","20","18","16","10","100","필댐(죤형)","320181","460","21","1404","1404","0","사통형","98","98","83"
"2771010011","노홍","대구광역시 달성군 논공읍 노이리","1973-12-18","1977-06-30","1","주수원","502","19","15","73","10","100","필댐(죤형)","174680","261","21","1153","1153","0","사통형","87","84","68"
"2771010014","금봉","대구광역시 달성군 논공읍 금포리","1973-12-18","1977-06-30","2","보조수원","150","2","1","11","10","100","필댐(죤형)","64250","160","12","31","31","0","사통형","53","52","49"
"2771010050","낙곡","대구광역시 달성군 하빈면 무등리","1945-01-01","1946-01-01","2","보조수원","60","1","0","2","10","100","필댐(죤형)","3567","82","7","9","9","0","사통형","32","32","29"
"2771010062","옥연","대구광역시 달성군 옥포면 기세리","1943-12-31","1964-12-31","1","주수원","2260","61","57","563","10","200","필댐(죤형)","145373","198","24","4426","4426","0","취수탑형","71","70","52"
"2771010070","부동","대구광역시 달성군 현풍면 부리","1945-01-01","1945-12-31","2","보조수원","40","1","1","12","10","100","필댐(죤형)","10440","78","4","15","15","0","사통형","58","58","55"
"2771010075","용흥","대구광역시 달성군 현풍면 지리","1953-03-13","1956-12-31","2","보조수원","180","4","3","15","10","100","필댐(죤형)","48723","280","5","46","46","0","사통형","101","100","98"
"2771010077","용연","대구광역시 달성군 현풍면 신기리","1953-03-13","1956-12-30","1","주수원","3690","20","18","125","10","100","필댐(죤형)","133118","510","8","581","581","0","사통형","32","32","27"
"2771010096","사배","대구광역시 달성군 유가면 도의리","1958-12-08","1959-07-30","2","보조수원","595","6","5","61","10","100","필댐(죤형)","71110","250","9","174","174","0","사통형","112","111","105"
"2771010098","달창","대구광역시 달성군 유가면 한정리","1963-11-07","1972-12-30","1","주수원","5630","138","131","540","10","200","필댐(죤형)","408800","524","21","8649","8649","0","취수탑형","69","68","55"
"2871010001","국화","인천광역시 강화군 강화읍 국화리","1976-07-10","1978-06-30","1","주수원","420","26","23","96","10","200","필댐(죤형)","160720","245","16","1068","1058","10","사통형","50","49","40"
"2871010007","길상2","인천광역시 강화군 길상면 장흥리","1952-04-20","1962-12-31","1","주수원","179","41","40","226","10","200","필댐(죤형)","112267","1422","5","1400","1326","74","사통형","20","18","14"
"2871010008","길상1","인천광역시 강화군 길상면 장흥리","1952-04-20","1962-12-31","2","부속시설","367","4","4","0","10","100","필댐(죤형)","16830","264","5","54","54","0","사통형","21","20","17"
"2871010010","하일","인천광역시 강화군 양도면 하일리","1971-03-15","1975-09-30","2","주수원","179","5","5","60","10","100","필댐(죤형)","45895","940","5","121","113","8","사통형","21","20","17"
"2871010011","인산","인천광역시 강화군 양도면 인산리","1976-06-24","1977-12-30","1","주수원","217","15","14","259","10","100","필댐(죤형)","98400","221","13","587","576","11","사통형","31","30","22"
"2871010012","길정","인천광역시 강화군 양도면 길정리","1982-11-16","1989-12-27","1","주수원","1511","62","57","724","10","200","필댐(죤형)","703824","640","22","4607","4180","427","취수탑형","30","29","14"
"2871010013","고려","인천광역시 강화군 내가면 고천리","1950-11-09","1957-12-31","1","주수원","1500","97","95","885","10","100","필댐(죤형)","92548","454","9","4312","4183","129","취수탑형","14","13","7"
"2871010014","신선","인천광역시 강화군 내가면 고천리","1950-06-14","1957-12-31","2","주수원","149","5","4","32","10","100","필댐(죤형)","64145","225","10","131","131","0","사통형","49","48","39"
"2871010015","황청","인천광역시 강화군 내가면 황청리","1990-11-20","1995-02-14","1","주수원","112","7","7","65","10","200","필댐(죤형)","168176","297","15","389","332","57","사통형","23","22","14"
"2871010019","대산","인천광역시 강화군 송해면 숭뢰리","1976-09-12","1980-12-10","1","주수원","1880","29","29","289","10","100","필댐(죤형)","166320","1584","6","1272","1271","1","사통형","10","9","5"
"2871010020","하도","인천광역시 강화군 송해면 하도리","1995-12-16","1999-12-20","1","주수원","135","14","12","78","10","200","필댐(죤형)","156037","285","15","530","525","5","사통형","38","37","29"
"2871010021","고구","인천광역시 강화군 교동면 고구리","1969-12-12","1978-06-30","1","주수원","2816","90","89","769","10","100","필댐(죤형)","221423","828","7","2835","2648","187","사통형","12","11","7"
"2871010022","삼산","인천광역시 강화군 삼산면 석모리","1976-06-24","1979-09-30","1","주수원","87","57","51","404","10","100","필댐(죤형)","203294","2066","6","1965","1810","155","기타","10","9","5"
"2871010023","상하","인천광역시 강화군 삼산면 하리","1985-06-20","1992-07-20","1","주수원","1608","39","34","341","10","200","필댐(죤형)","332606","1042","11","2715","2367","348","사통형","16","14","5"
"2871010024","하점","인천광역시 강화군 하점면 삼거리","1994-12-23","2004-12-20","1","주수원","160","10","10","462","10","200","필댐(죤형)","1395188","257","43","1129","1009","120","취수탑형","86","85","58"
"2871010025","난정","인천광역시 강화군 교동면 난정리","1992-12-24","2006-12-20","1","주수원","1884","121","119","889","10","200","필댐(죤형)","490990","3270","8","6214","6214","0","사통형","13","12","7"
"2871010026","양오","인천광역시 강화군 송해면 양오리","2001-12-05","2013-12-10","1","주수원","161","24","24","259","10","100","필댐(균일형)","68040","201","29","1551","1466","85","취수탑형","27","26","15"
"2914010001","운천","광주광역시 서구 쌍촌동","1951-01-01","1951-12-30","2","주수원","100","6","6","62","10","200","필댐(죤형)","3948","420","4","95","84","11","사통형","26","25","23"
"2914010008","풍암","광주광역시 서구 풍암동","1951-01-01","1951-12-31","1","주수원","376","15","13","88","10","200","필댐(죤형)","3040","190","6","471","449","22","사통형","41","40","36"
"2915510001","대골","광주광역시 남구 원산동","2002-11-05","2009-12-30","2","주수원","27","4","4","61","10","200","필댐(균일형)","198680","197","22","240","239","1","사통형","48","47","28"
"2917010001","칠석2","광주광역시 남구 칠석동","1941-01-01","1942-01-01","2","보조수원","80","1","1","5","10","200","필댐(죤형)","1728","120","5","17","17","0","사통형","41","41","37"
"2917010014","운정","광주광역시 북구 운정동","1956-01-01","1956-12-31","2","보조수원","20","1","1","10","10","200","필댐(죤형)","1997","77","7","27","27","0","사통형","66","65","61"
"2917010022","두촌","광주광역시 북구 수곡동","1967-01-01","1968-01-01","2","보조수원","16","0","0","5","10","200","필댐(죤형)","1224","51","4","3","3","0","사통형","43","43","41"
"2917010023","수곡","광주광역시 북구 수곡동","1967-01-01","1968-01-01","2","보조수원","50","0","0","33","10","200","필댐(죤형)","777","46","10","9","9","0","사통형","70","69","65"
"2917010024","학동","광주광역시 북구 효령동","1942-01-01","1943-01-01","2","보조수원","100","4","4","59","10","200","필댐(죤형)","3432","132","12","144","144","1","사통형","57","56","48"
"2917010025","효령","광주광역시 북구 효령동","1946-01-01","1947-01-01","2","보조수원","30","1","1","10","10","200","필댐(죤형)","1776","111","6","11","11","0","사통형","59","58","54"
"2917010026","생룡1","광주광역시 북구 생용동","1947-01-01","1948-01-01","2","보조수원","100","0","0","27","10","200","필댐(죤형)","1484","106","5","3","3","0","사통형","58","57","54"
"2917010027","대야","광주광역시 북구 생용동","1956-01-01","1958-01-01","2","보조수원","220","15","13","80","10","200","필댐(죤형)","6660","333","8","286","286","0","사통형","39","38","33"
"2917010028","생룡2","광주광역시 북구 생용동","1962-01-01","1963-01-01","2","보조수원","68","1","1","40","10","200","필댐(죤형)","2479","148","9","12","11","1","사통형","56","55","48"
"2917010029","금당","광주광역시 북구 월출동","1968-01-01","1969-01-01","2","보조수원","15","0","0","2","10","200","필댐(죤형)","1200","60","3","6","6","0","사통형","39","38","37"
"2917010030","반산","광주광역시 북구 오룡동","1968-01-01","1969-01-01","2","보조수원","45","3","2","2","10","200","필댐(죤형)","2088","87","4","6","6","0","사통형","34","33","32"
"2920010001","명곡","광주광역시 광산구 명도동","1969-01-01","1969-12-31","2","보조수원","36","2","2","7","10","200","필댐(죤형)","739","66","6","32","29","3","사통형","49","48","44"
"2920010008","비아","광주광역시 광산구 비아동","1944-01-01","1944-12-31","2","보조수원","85","6","4","25","10","200","필댐(죤형)","1987","222","3","75","63","12","사통형","32","32","31"
"2920010009","도천2","광주광역시 광산구 도천동","1944-01-01","1944-12-31","2","보조수원","25","4","4","18","10","200","필댐(죤형)","1350","135","4","54","48","6","사통형","28","27","26"
"2920010013","수완1","광주광역시 광산구 수완동","1957-01-01","1957-12-31","2","보조수원","50","2","2","20","10","200","필댐(죤형)","4270","107","4","24","8","16","사통형","25","24","24"
"2920010016","진성","광주광역시 광산구 진곡동","1943-01-01","1943-12-31","2","보조수원","18","5","3","10","10","200","필댐(죤형)","2002","154","6","52","46","6","사통형","36","36","34"
"2920010028","고룡","광주광역시 광산구 고룡동","1943-01-01","1943-12-31","2","보조수원","130","3","3","20","10","200","필댐(죤형)","1872","180","3","40","34","7","사통형","31","31","28"
"2920010030","진곡","광주광역시 광산구 신룡동","1943-01-01","1943-12-31","2","보조수원","85","4","2","15","10","200","필댐(죤형)","1662","109","8","61","60","1","사통형","45","43","42"
"2920010038","가락","광주광역시 광산구 하산동","1944-01-01","1944-12-31","2","보조수원","44","3","3","20","10","200","필댐(죤형)","1315","120","6","41","40","1","사통형","26","26","22"
"2920010039","기룡","광주광역시 광산구 하산동","1945-01-01","1945-12-31","2","보조수원","43","2","2","15","10","200","필댐(죤형)","1476","180","5","47","47","0","사통형","20","20","17"
"2920010040","창교1","광주광역시 광산구 본덕동","1933-01-01","1933-12-31","2","보조수원","30","1","1","10","10","200","필댐(죤형)","780","83","6","15","15","0","사통형","32","31","27"
"2920010041","창교2","광주광역시 광산구 본덕동","1934-01-01","1934-12-31","2","보조수원","135","2","2","25","10","200","필댐(죤형)","1755","214","4","17","16","1","사통형","17","16","15"
"2920010042","요기","광주광역시 광산구 요기동","1935-01-01","1935-12-31","2","보조수원","50","2","2","19","10","200","필댐(죤형)","1214","138","5","38","25","13","사통형","28","27","25"
"2920010043","영천","광주광역시 광산구 지죽동","1943-01-01","1943-12-31","2","보조수원","20","3","3","4","10","200","필댐(죤형)","3135","165","10","60","57","3","사통형","37","35","32"
"2920010044","지로","광주광역시 광산구 지죽동","1943-01-01","1943-12-31","2","보조수원","18","1","1","5","10","200","필댐(죤형)","540","54","5","3","3","0","사통형","24","23","22"
"2920010045","용동","광주광역시 광산구 용동","1944-01-01","1944-12-31","2","보조수원","40","6","6","17","10","200","필댐(죤형)","2767","287","5","81","81","0","사통형","33","32","30"
"2920010046","용곡","광주광역시 광산구 용곡동","1941-01-01","1941-12-31","2","보조수원","20","2","2","4","10","200","필댐(죤형)","1075","100","5","15","10","5","사통형","29","28","27"
"2920010047","기곡","광주광역시 광산구 용곡동","1943-01-01","1943-12-31","2","보조수원","33","2","1","11","10","200","필댐(죤형)","1420","142","5","31","28","3","사통형","36","35","32"
"2920010048","평지","광주광역시 광산구 지정동","1943-01-01","1943-12-31","2","보조수원","20","2","1","9","10","200","필댐(죤형)","1072","114","5","20","19","1","사통형","44","43","41"
"2920010049","지정","광주광역시 광산구 명화동","1925-01-01","1926-01-01","1","보조수원","740","61","48","413","10","200","필댐(죤형)","3654","203","7","1185","1150","35","취수탑형","28","27","24"
"2920010050","동산1","광주광역시 광산구 동산동","1940-01-01","1940-12-31","2","보조수원","195","11","10","31","10","200","필댐(죤형)","2579","208","8","135","135","0","사통형","36","35","32"
"2920010051","동산2","광주광역시 광산구 동산동","1941-01-01","1941-12-31","2","보조수원","41","3","3","18","10","200","필댐(죤형)","2579","110","5","60","58","2","사통형","33","32","30"
"2920010052","금곡","광주광역시 광산구 연산동","1941-01-01","1941-12-31","2","보조수원","25","1","1","13","10","200","필댐(죤형)","4400","110","5","20","18","2","사통형","36","35","33"
"2920010053","연산","광주광역시 광산구 연산동","1942-01-01","1942-12-31","2","보조수원","31","2","2","15","10","200","필댐(죤형)","1911","156","6","45","43","2","사통형","27","26","23"
"2920010054","두산1","광주광역시 광산구 연산동","1943-01-01","1943-12-31","2","보조수원","15","0","0","5","10","200","필댐(죤형)","650","100","5","7","7","0","사통형","27","26","24"
"2920010055","두산2","광주광역시 광산구 연산동","1943-01-01","1943-12-31","2","보조수원","25","0","0","4","10","200","필댐(죤형)","324","54","4","4","4","0","사통형","35","34","32"
"2920010056","지동","광주광역시 광산구 도덕동","1943-01-01","1943-12-31","2","보조수원","131","7","5","15","10","200","필댐(죤형)","2236","172","9","84","77","8","사통형","36","35","30"
"2920010057","운평","광주광역시 광산구 지평동","1944-01-01","1944-12-31","2","보조수원","50","2","1","15","10","200","필댐(죤형)","1200","120","5","23","23","0","사통형","32","31","26"
"2920010062","복만","광주광역시 광산구 양동","1943-01-01","1943-12-31","2","보조수원","40","2","2","11","10","200","필댐(죤형)","1209","93","8","26","25","1","사통형","45","44","42"
"2920010066","대야(삼도)","광주광역시 광산구 대산동","1943-01-01","1943-12-31","2","보조수원","63","2","2","16","10","200","필댐(죤형)","1920","120","9","40","37","3","사통형","65","63","59"
"2920010067","해현","광주광역시 광산구 송학동","1960-01-01","1960-12-31","2","보조수원","43","3","1","13","10","200","필댐(죤형)","824","340","3","20","15","5","사통형","29","28","27"
"2920010069","송학","광주광역시 광산구 송학동","1968-01-01","1968-12-31","2","보조수원","15","0","0","10","10","200","필댐(죤형)","893","85","7","9","7","2","사통형","48","47","46"
"2920010070","석문","광주광역시 광산구 삼도동","1943-01-01","1943-12-31","2","보조수원","87","2","2","12","10","200","필댐(죤형)","1690","135","7","60","57","3","사통형","44","43","39"
"2920010071","도야","광주광역시 광산구 삼도동","1943-01-01","1943-12-31","2","보조수원","38","2","2","8","10","200","필댐(죤형)","824","90","4","30","27","3","사통형","38","37","35"
"2920010072","선동","광주광역시 광산구 선동","1943-01-01","1943-12-31","2","주수원","38","2","2","34","10","200","필댐(죤형)","2860","112","12","65","63","2","사통형","67","68","61"
"2920010074","지산","광주광역시 광산구 지산동","1959-01-01","1961-01-01","2","주수원","80","2","2","10","10","200","필댐(죤형)","3584","128","12","120","108","12","사통형","59","58","52"
"2920010075","왕동","광주광역시 광산구 왕동","1927-01-01","1928-01-01","1","보조수원","418","39","37","261","10","200","필댐(죤형)","168353","175","18","2282","2265","16","사통형","56","55","43"
"2920010078","북성","광주광역시 광산구 북산동","1968-01-01","1968-12-31","2","보조수원","31","1","1","3","10","200","필댐(죤형)","1040","80","8","20","18","2","사통형","35","34","31"
"2920010081","동림","광주광역시 광산구 동림동","1969-01-01","1969-12-31","2","보조수원","20","1","1","9","10","200","필댐(죤형)","742","61","7","23","22","1","사통형","82","79","74"
"3017010002","장안","대전광역시 서구 장안동","1986-03-01","1993-01-01","1","주수원","700","13","13","89","10","200","필댐(죤형)","88500","147","25","1016","998","18","사통형","127","126","109"
"3017010004","봉곡","대전광역시 서구 봉곡동","2010-12-08","2014-01-20","1","보조수원","1439","11","10","0","10","200","필댐(죤형)","274320","254","20","1023","1014","9","취수탑형","98","97","82"
"3020010004","방동","대전광역시 유성구 방동","1967-11-20","1977-01-01","1","주수원","1375","53","50","226","10","100","필댐(죤형)","5237","187","20","2846","2821","26","취수탑형","102","101","87"
"3120010005","소미하","울산광역시 북구 창평동","1945-01-01","1946-12-31","2","보조수원","62","1","1","10","10","200","필댐(죤형)","6000","50","8","5","5","0","사통형","20","19","17"
"3120010006","차일","울산광역시 북구 창평동","1963-01-01","1964-12-31","2","보조수원","45","1","1","10","10","200","필댐(죤형)","12000","180","5","6","6","0","사통형","87","86","82"
"3120010027","달골","울산광역시 북구 무룡동","1929-01-01","1930-12-31","2","보조수원","19","1","1","6","10","200","필댐(죤형)","5500","70","6","4","4","0","사통형","44","43","41"
"3120010028","정자","울산광역시 북구 무룡동","1972-01-01","1976-01-01","1","주수원","429","9","7","98","10","200","필댐(죤형)","140000","204","37","538","538","0","사통형","65","64","51"
"3120010039","화동","울산광역시 북구 화봉동","1945-01-01","1946-12-31","2","보조수원","5","1","1","0","10","200","필댐(죤형)","6500","85","10","12","12","0","사통형","66","65","61"
"3120010042","송정","울산광역시 북구 송정동","1968-01-01","1974-01-01","1","주수원","506","15","13","262","10","200","필댐(죤형)","400000","288","22","1162","1161","1","사통형","71","68","52"
"3120010043","달영","울산광역시 북구 화봉동","2004-12-06","2012-11-20","2","보조수원","242","3","3","30","10","200","필댐(죤형)","35514","91","14","173","140","33","사통형","94","93","84"
"3171010001","황세지1","울산광역시 울주군 온산읍 삼평리","1945-01-01","1946-12-31","2","보조수원","80","2","2","41","10","200","필댐(죤형)","45000","250","4","14","14","0","사통형","27","26","24"
"3171010002","황세지2","울산광역시 울주군 온산읍 삼평리","1945-01-01","1946-12-31","2","보조수원","86","2","2","35","10","200","필댐(죤형)","49000","300","7","18","18","0","사통형","25","24","22"
"3171010003","못안지","울산광역시 울주군 온산읍 삼평리","1945-01-01","1946-12-31","2","보조수원","39","1","1","16","10","200","필댐(죤형)","6300","85","4","10","10","0","사통형","16","15","13"
"3171010004","우지곡","울산광역시 울주군 온산읍 강양리","1945-01-01","1946-12-31","2","보조수원","27","1","1","7","10","200","필댐(죤형)","8200","40","8","4","4","0","사통형","25","24","22"
"3171010005","성지곡","울산광역시 울주군 온산읍 강양리","1945-01-01","1946-12-31","2","보조수원","30","1","1","10","10","200","필댐(죤형)","12500","65","8","8","8","0","사통형","12","11","9"
"3171010014","오룡","울산광역시 울주군 언양읍 평리","1953-01-01","1956-01-01","2","주수원","182","7","6","89","10","200","필댐(죤형)","41000","172","13","206","206","0","사통형","123","122","114"
"3171010016","다개(보조)","울산광역시 울주군 언양읍 다개리","1945-01-01","1946-12-31","2","보조수원","5","1","1","2","10","200","필댐(죤형)","72000","300","7","27","27","0","사통형","169","168","165"
"3171010017","새못","울산광역시 울주군 언양읍 다개리","1945-01-01","1946-12-31","2","보조수원","20","1","1","4","10","100","필댐(죤형)","9800","200","7","29","29","0","사통형","188","187","184"
"3171010018","뒷골(다개)","울산광역시 울주군 언양읍 다개리","1945-01-01","1946-12-31","2","보조수원","20","1","1","4","10","100","필댐(죤형)","8100","200","6","17","17","0","사통형","189","189","185"
"3171010019","다개(주)","울산광역시 울주군 언양읍 다개리","1976-01-01","1978-01-01","2","주수원","280","3","2","142","10","200","필댐(죤형)","141000","150","29","260","260","0","사통형","240","239","219"
"3171010026","상가","울산광역시 울주군 언양읍 직동리","1945-01-01","1946-12-31","2","보조수원","50","2","2","6","10","200","필댐(죤형)","12100","121","10","8","8","0","사통형","118","117","115"
"3171010027","하가","울산광역시 울주군 언양읍 직동리","1945-01-01","1946-12-31","2","보조수원","50","3","3","8","10","200","필댐(죤형)","3400","126","5","14","14","0","사통형","110","109","106"
"3171010033","들못","울산광역시 울주군 언양읍 태기리","1945-01-01","1946-12-31","2","보조수원","50","2","2","4","10","200","필댐(죤형)","12200","85","12","44","44","0","사통형","100","99","95"
"3171010038","화산","울산광역시 울주군 서생면 화산리","1990-01-01","1997-12-30","1","주수원","240","16","14","285","10","100","필댐(죤형)","290000","167","37","1339","1339","0","사통형","90","90","64"
"3171010044","윗곡1","울산광역시 울주군 서생면 위양리","1997-01-01","1998-12-31","2","보조수원","35","0","0","5","10","100","필댐(죤형)","7800","59","12","8","8","0","사통형","79","78","74"
"3171010045","윗곡","울산광역시 울주군 서생면 위양리","1963-01-01","1964-12-31","2","보조수원","35","0","0","6","10","100","필댐(죤형)","3200","36","9","4","4","0","사통형","63","62","60"
"3171010046","막곡","울산광역시 울주군 서생면 위양리","1964-01-01","1965-12-31","2","보조수원","12","0","0","7","10","100","필댐(죤형)","2900","50","7","2","2","0","사통형","59","58","56"
"3171010047","윗곡2","울산광역시 울주군 서생면 위양리","1967-01-01","1968-12-31","2","보조수원","25","0","0","15","10","100","필댐(죤형)","5800","52","8","5","5","0","사통형","61","60","58"
"3171010085","문죽","울산광역시 울주군 청량읍 문죽리","1950-01-01","1953-01-01","1","주수원","1070","27","23","200","10","200","필댐(죤형)","59000","188","11","667","667","0","사통형","40","39","32"
"3171010100","곰네","울산광역시 울주군 웅촌면 곡천리","1945-01-01","1946-12-31","2","보조수원","65","2","2","13","10","100","필댐(죤형)","10400","145","6","4","4","0","사통형","64","63","62"
"3171010108","은하","울산광역시 울주군 웅촌면 은현리","1933-01-01","1934-12-31","2","보조수원","50","2","2","8","10","200","필댐(죤형)","6200","74","6","16","16","0","사통형","120","119","115"
"3171010109","덕산","울산광역시 울주군 웅촌면 은현리","1961-01-01","1962-12-31","2","보조수원","9","0","0","9","10","200","필댐(죤형)","4900","75","8","12","12","0","사통형","142","141","136"
"3171010112","신암","울산광역시 울주군 웅촌면 은현리","1985-01-01","1986-12-31","2","보조수원","68","1","1","20","10","200","필댐(죤형)","74800","104","18","91","91","0","사통형","156","155","144"
"3171010113","관동갓","울산광역시 울주군 웅촌면 고연리","1945-01-01","1946-12-31","2","보조수원","10","0","0","9","10","200","필댐(죤형)","5060","91","5","6","6","0","사통형","112","111","109"
"3171010114","오리밭들","울산광역시 울주군 웅촌면 고연리","1913-01-01","1914-12-31","2","보조수원","88","1","1","11","10","200","필댐(죤형)","10080","120","6","16","16","0","사통형","121","120","116"
"3171010115","담뒤","울산광역시 울주군 웅촌면 은현리","1945-01-01","1946-12-31","2","보조수원","70","2","2","14","10","200","필댐(죤형)","9100","170","6","12","12","0","사통형","103","102","100"
"3171010116","연답","울산광역시 울주군 웅촌면 고연리","1961-01-01","1962-12-31","2","보조수원","12","0","0","5","10","200","필댐(죤형)","4000","28","9","14","14","0","사통형","130","129","126"
"3171010119","반계2","울산광역시 울주군 웅촌면 고연리","1963-01-01","1964-12-31","2","보조수원","8","1","1","3","10","200","필댐(죤형)","6600","73","9","19","8","10","사통형","192","191","187"
"3171010121","고련","울산광역시 울주군 웅촌면 고연리","1971-01-01","1976-01-01","1","주수원","308","11","9","163","10","200","필댐(죤형)","430000","558","15","519","515","4","사통형","107","106","97"
"3171010122","반계1","울산광역시 울주군 웅촌면 고연리","1985-01-01","1995-12-30","2","보조수원","230","1","1","27","10","200","필댐(죤형)","48000","146","25","74","74","0","사통형","193","192","179"
"3171010125","저리","울산광역시 울주군 웅촌면 대대리","1976-01-01","1977-12-31","2","보조수원","14","1","1","4","10","200","필댐(죤형)","8800","155","5","11","11","0","사통형","62","61","59"
"3171010138","골작못","울산광역시 울주군 범서읍 천상리","1945-01-01","1946-12-31","2","보조수원","56","1","1","10","10","100","필댐(죤형)","5000","61","12","12","12","0","사통형","59","58","53"
"3171010139","직골","울산광역시 울주군 범서읍 천상리","1950-01-01","1951-12-31","2","보조수원","25","1","1","5","10","100","필댐(죤형)","2600","30","8","6","6","0","사통형","79","78","74"
"3171010141","어린지","울산광역시 울주군 범서읍 천상리","1969-01-01","1970-12-30","2","보조수원","61","3","2","30","10","100","필댐(죤형)","32000","100","14","73","62","11","사통형","38","37","34"
"3171010143","천상","울산광역시 울주군 범서읍 천상리","1971-01-01","1975-01-01","2","주수원","195","5","4","46","10","200","필댐(죤형)","58000","133","21","296","296","0","취수탑형","78","77","62"
"3171010146","설못","울산광역시 울주군 범서읍 입암리","1945-01-01","1946-12-31","2","보조수원","16","1","1","13","10","100","필댐(죤형)","5900","85","5","11","11","0","사통형","36","35","33"
"3171010151","지곡","울산광역시 울주군 범서읍 서사리","1945-01-01","1946-12-31","2","보조수원","35","1","1","8","10","100","필댐(죤형)","4500","56","9","18","18","0","사통형","89","88","83"
"3171010152","새정곡","울산광역시 울주군 범서읍 서사리","1963-01-01","1964-12-31","2","보조수원","18","1","1","3","10","100","필댐(죤형)","8300","48","13","2","2","0","사통형","50","49","47"
"3171010153","대촌","울산광역시 울주군 범서읍 두산리","1945-01-01","1946-12-31","2","보조수원","48","1","1","10","10","100","필댐(죤형)","700","62","6","8","8","0","사통형","109","109","106"
"3171010154","먹골","울산광역시 울주군 범서읍 두산리","1945-01-01","1946-12-31","2","보조수원","85","1","1","12","10","100","필댐(죤형)","1200","61","10","15","15","0","사통형","103","102","97"
"3171010155","우지곡(두산)","울산광역시 울주군 범서읍 두산리","1934-01-01","1935-12-31","2","보조수원","55","1","1","9","10","100","필댐(죤형)","1200","72","9","9","9","0","사통형","127","126","122"
"3171010157","두산","울산광역시 울주군 범서읍 두산리","1976-01-01","1978-01-01","1","주수원","290","9","8","100","10","200","필댐(죤형)","154000","160","21","571","571","0","사통형","136","135","119"
"3171010166","조적곡","울산광역시 울주군 범서읍 척과리","1968-01-01","1969-12-31","2","보조수원","62","1","1","9","10","100","필댐(죤형)","4000","40","10","10","10","0","사통형","84","83","78"
"3171010167","부근방곡","울산광역시 울주군 범서읍 척과리","1945-01-01","1946-12-31","2","보조수원","50","1","1","0","10","100","필댐(죤형)","5800","35","6","0","0","0","사통형","101","100","98"
"3171010168","수청곡","울산광역시 울주군 범서읍 척과리","1908-01-01","1909-12-31","2","보조수원","48","1","1","8","10","100","필댐(죤형)","7200","47","10","9","9","0","사통형","100","100","96"
"3171010169","척과","울산광역시 울주군 범서읍 척과리","1971-08-25","1974-01-01","1","주수원","260","6","5","73","10","200","필댐(죤형)","130000","125","22","368","368","0","사통형","129","128","111"
"3171010181","못안","울산광역시 울주군 두동면 월평리","1945-01-01","1946-12-31","2","보조수원","14","2","2","3","10","100","필댐(죤형)","62000","100","9","34","34","0","사통형","131","131","127"
"3171010182","월평","울산광역시 울주군 두동면 월평리","1972-01-01","1975-01-01","2","주수원","472","6","6","101","10","200","필댐(죤형)","146000","180","21","290","290","0","사통형","163","162","148"
"3171010186","삽다리","울산광역시 울주군 두동면 월평리","1945-01-01","1946-12-31","2","보조수원","164","8","7","38","10","100","필댐(죤형)","6700","70","15","86","86","0","사통형","112","111","105"
"3171010187","두돌(보조)","울산광역시 울주군 두동면 봉계리","1944-12-20","1945-01-01","2","보조수원","50","4","3","18","10","200","필댐(죤형)","10700","80","12","71","71","0","사통형","100","99","94"
"3171010194","두돌(주)","울산광역시 울주군 두동면 봉계리","1972-01-01","1976-01-01","1","주수원","350","16","13","81","10","200","필댐(죤형)","10000","207","11","530","519","11","사통형","93","92","83"
"3171010217","아미산","울산광역시 울주군 두서면 미호리","1967-01-01","1968-12-31","2","보조수원","17","1","1","5","10","100","필댐(죤형)","17000","73","9","5","5","0","사통형","201","201","198"
"3171010218","복안","울산광역시 울주군 두서면 미호리","1985-01-01","1996-01-01","1","주수원","790","26","22","265","10","200","필댐(죤형)","360000","205","39","1935","1935","0","사통형","208","207","182"
"3171010222","재궁곡","울산광역시 울주군 두서면 활천리","1976-01-01","1977-12-31","2","보조수원","22","0","0","3","10","100","필댐(죤형)","16000","56","8","9","9","0","사통형","136","135","129"
"3171010225","수정","울산광역시 울주군 두서면 전읍리","1945-01-01","1946-12-31","2","보조수원","269","3","2","30","5","100","필댐(죤형)","22000","78","17","66","66","0","사통형","193","192","184"
"3171010226","월부","울산광역시 울주군 두서면 전읍리","1945-01-01","1946-12-31","2","보조수원","31","0","0","10","10","100","필댐(죤형)","9500","44","8","2","2","0","사통형","185","184","182"
"3171010227","분곡","울산광역시 울주군 두서면 전읍리","1945-01-01","1946-12-31","2","보조수원","19","0","0","10","10","100","필댐(죤형)","6100","80","9","6","6","0","사통형","164","163","161"
"3171010230","후평","울산광역시 울주군 두서면 서하리","1945-01-01","1946-12-31","2","보조수원","47","1","1","20","10","200","필댐(죤형)","7400","190","6","12","12","0","사통형","144","144","141"
"3171010231","창월","울산광역시 울주군 두서면 인보리","1945-01-01","1946-12-31","2","보조수원","20","1","1","9","10","200","필댐(죤형)","14200","220","5","8","8","0","사통형","134","133","131"
"3171010232","후들","울산광역시 울주군 두서면 인보리","1945-01-01","1946-12-31","2","보조수원","51","2","2","20","10","200","필댐(죤형)","132000","310","7","30","30","0","사통형","129","128","125"
"3171010233","인보","울산광역시 울주군 두서면 인보리","1976-01-01","1978-01-01","1","주수원","670","8","7","133","10","200","필댐(죤형)","156541","133","24","319","319","0","사통형","167","166","157"
"3171010281","심천","울산광역시 울주군 삼남면 가천리","1945-01-01","1948-12-31","1","주수원","340","6","5","75","10","200","필댐(죤형)","148000","268","14","488","488","0","사통형","181","180","168"
"3171010282","공암","울산광역시 울주군 삼남면 가천리","1945-01-01","1946-12-31","1","주수원","440","10","9","113","10","200","필댐(죤형)","224500","295","13","517","517","0","사통형","152","151","140"
"3171010285","심천보충","울산광역시 울주군 삼남면 가천리","1985-01-01","1985-12-31","2","보조수원","117","2","2","15","10","200","필댐(죤형)","50673","120","14","146","146","0","사통형","193","192","181"
"3171010286","강양","울산광역시 울주군 온산읍 강양리","1939-10-31","1940-12-31","2","보조수원","25","1","1","11","10","200","필댐(죤형)","20500","91","11","28","27","1","사통형","9","8","5"
"3171010287","구봉","울산광역시 울주군 삼남면 가천리","1945-01-01","1946-12-31","2","보조수원","10","1","1","6","10","200","필댐(죤형)","32000","60","4","9","9","0","사통형","141","140","136"
"3171010288","둥둥지","울산광역시 울주군 두동면 월평리","1945-01-01","1945-12-31","2","보조수원","22","0","0","8","10","200","필댐(죤형)","37000","35","10","4","4","0","사통형","122","121","119"
"3171010289","솔고개","울산광역시 울주군 범서읍 천상리","1945-01-01","1946-12-31","2","보조수원","5","1","1","8","10","100","필댐(죤형)","42000","120","5","7","7","0","사통형","28","27","24"
"3171010290","수반","울산광역시 울주군 웅촌면 은현리","1933-01-01","1934-12-31","2","보조수원","50","1","1","8","10","100","필댐(죤형)","35000","74","6","10","10","0","사통형","110","109","106"
"3171010292","차리","울산광역시 울주군 두서면 차리","1996-11-20","2003-12-30","1","주수원","398","11","9","126","10","100","필댐(죤형)","280000","369","36","866","866","0","취수탑형","254","253","229"
"3171010293","뒷들","울산광역시 울주군 두서면 차리","1945-02-01","1946-12-31","2","보조수원","40","1","1","2","10","100","필댐(죤형)","8000","100","10","18","18","0","사통형","188","188","185"
"3171010294","서녁","울산광역시 울주군 두서면 구량리","1946-02-08","1947-12-31","2","보조수원","30","1","1","15","10","100","필댐(죤형)","5000","30","9","16","16","0","사통형","148","147","143"
"3171010295","상태평","울산광역시 울주군 두서면 구량리","1945-02-08","1946-12-31","2","보조수원","6","1","1","8","10","100","필댐(죤형)","4500","87","8","15","15","0","사통형","133","133","129"
"3171010296","하태평","울산광역시 울주군 두서면 구량리","1945-02-08","1946-12-31","2","보조수원","24","2","2","12","10","100","필댐(죤형)","7601","102","5","33","33","0","사통형","124","124","120"
"3171010297","신당","울산광역시 울주군 두서면 구량리","1948-02-08","1949-12-31","2","보조수원","6","0","0","3","10","100","필댐(죤형)","6000","56","12","17","17","0","사통형","113","113","110"
"3171010298","길천명촌","울산광역시 울주군 상북면 명촌리","2004-09-01","2010-03-17","1","주수원","190","8","7","75","10","200","필댐(죤형)","247343","246","29","664","576","88","사통형","205","204","188"
"3171010539","갈전","울산광역시 울주군 언양읍 다개리","2009-12-17","2015-12-31","1","주수원","127","4","4","","100","200","필댐(죤형)","","184","46","527","503","24","취수탑형","255","252","232"
"4111010005","일월","경기도 수원시 권선구 구운동","1940-11-13","1941-06-30","1","보조수원","277","20","18","0","3","100","필댐(죤형)","41459","364","7","315","299","16","취수탑형","4","4","1"
"4111010010","왕송","경기도 의왕시 월암동","1944-01-01","1948-12-31","1","주수원","1555","92","84","516","10","100","필댐(죤형)","112307","640","8","2079","2077","2","사통형","41","41","34"
"4113010002","대왕","경기도 성남시 수정구 상적동","1954-03-23","1958-12-31","1","주수원","750","13","13","15","10","100","필댐(죤형)","125700","168","18","596","489","107","취수탑형","72","71","66"
"4113010005","낙생","경기도 성남시 분당구 동원동","1957-01-01","1961-12-31","1","주수원","1950","25","24","37","10","100","필댐(죤형)","165212","238","17","856","856","0","취수탑형","91","90","82"
"4122010004","동막","경기도 평택시 지산동","1945-01-01","1946-12-30","2","보조수원","119","1","1","3","10","100","필댐(균일형)","6703","129","4","14","13","1","기타","47","47","45"
"4122010006","울성","경기도 평택시 지제동","1945-01-01","1946-12-30","2","보조수원","60","1","1","13","10","100","필댐(균일형)","9576","114","5","14","14","0","기타","10","10","9"
"4122010010","월곡","경기도 평택시 월곡동","1955-01-01","1958-12-30","2","주수원","60","2","2","23","10","100","필댐(균일형)","16386","160","5","24","24","0","기타","11","10","9"
"4122010021","효덕","경기도 평택시 고덕면 방축리","1945-01-01","1946-12-30","2","보조수원","43","1","1","2","10","100","필댐(균일형)","8486","136","4","7","7","0","기타","10","10","9"
"4122010024","고잔","경기도 평택시 청북읍 고잔리","1953-01-01","1954-12-30","1","주수원","450","12","12","83","10","200","필댐(죤형)","13230","310","8","415","409","6","기타","23","22","20"
"4129010002","청계","경기도 과천시 막계동","1956-01-01","1961-12-31","1","주수원","790","23","22","100","5","100","필댐(죤형)","132396","472","11","1093","1093","0","취수탑형","66","65","56"
"4136010018","오남","경기도 남양주시 오남읍 오남리","1978-11-07","1985-12-20","1","주수원","1552","28","23","277","10","200","필댐(죤형)","1075320","412","30","2710","2435","275","사통형","106","104","88"
"4137010006","서랑","경기도 오산시 서랑동","1950-03-01","1955-06-03","1","주수원","410","15","15","190","3","100","필댐(죤형)","58697","268","9","483","483","0","취수탑형","28","27","21"
"4139010001","매화","경기도 시흥시 도창동","1939-01-01","1941-12-31","2","보조수원","260","17","16","52","3","100","필댐(죤형)","14850","165","6","248","227","21","취수탑형","5","4","0"
"4139010002","칠리제","경기도 시흥시 금이동","1940-01-01","1945-12-31","2","주수원","110","6","5","70","3","100","필댐(죤형)","19510","280","5","117","117","0","사통형","3","2","0"
"4139010003","과림","경기도 시흥시 과림동","1950-01-01","1956-12-31","1","주수원","360","15","13","82","3","100","필댐(죤형)","46967","302","8","367","366","1","취수탑형","21","20","16"
"4139010005","소래","경기도 시흥시 계수동","1929-01-01","1930-12-31","2","보조수원","150","10","9","115","3","100","필댐(죤형)","46840","264","7","166","165","0","사통형","17","16","13"
"4139010006","흥부","경기도 시흥시 물왕동","1940-01-01","1944-12-31","1","주수원","1320","54","50","865","10","100","필댐(죤형)","67570","290","10","1873","1840","33","취수탑형","17","15","9"
"4143010002","백운","경기도 의왕시 학의동","1951-01-01","1953-12-31","1","주수원","1020","31","31","7","10","100","필댐(죤형)","137434","253","15","1380","1379","1","취수탑형","72","70","61"
"4149010008","기흥(신갈)","경기도 용인시 기흥구 고매동","1957-01-01","1964-12-30","1","주수원","5300","261","231","1226","10","200","필댐(죤형)","167219","222","14","11659","11630","29","취수탑형","47","46","36"
"4149010021","삼인동","경기도 용인시 처인구 남사면 북리","1966-01-01","1969-12-30","1","주수원","328","10","9","121","10","100","필댐(죤형)","81343","190","12","303","302","1","사통형","77","76","70"
"4149010037","이동","경기도 용인시 처인구 이동면 어비리","1964-01-01","1972-12-07","1","주수원","9300","353","305","2152","10","200","필댐(죤형)","725918","660","18","20949","20906","43","취수탑형","44","43","31"
"4149010044","용덕","경기도 용인시 처인구 이동면 묵리","1956-01-01","1959-12-30","1","주수원","1250","28","22","193","10","200","필댐(죤형)","199577","299","13","948","943","5","취수탑형","99","97","90"
"4149010046","용담","경기도 용인시 처인구 원삼면 사암리","1976-06-26","1978-08-15","1","주수원","700","38","33","203","10","100","필댐(죤형)","47740","280","11","1129","1128","1","사통형","125","124","119"
"4149010050","두창","경기도 용인시 처인구 원삼면 두창리","1986-10-29","1994-12-30","1","주수원","287","22","18","192","10","200","필댐(죤형)","131793","192","20","1227","1223","4","사통형","143","142","128"
"4151010002","애룡","경기도 파주시 법원읍 삼방리","1958-10-28","1960-12-28","1","주수원","890","27","24","228","10","200","필댐(죤형)","35","107","15","1031","1015","16","취수탑형","112","111","102"
"4151010003","마지","경기도 파주시 법원읍 직천리","1977-07-09","1979-12-01","1","주수원","1420","48","45","307","10","200","필댐(죤형)","89","256","30","3412","3322","90","사통형","116","115","95"
"4151010005","공능","경기도 파주시 조리읍 장곡리","1963-10-01","1966-12-24","1","주수원","1640","50","28","196","10","200","필댐(죤형)","36","112","10","689","621","68","사통형","104","103","99"
"4151010006","발랑","경기도 파주시 광탄면 발랑리","1971-11-22","1974-12-31","1","주수원","1878","17","15","188","10","200","필댐(죤형)","66","144","19","624","596","28","사통형","74","72","64"
"4151010007","기산","경기도 양주시 백석읍 기산리","1971-11-01","1975-12-11","1","주수원","370","16","13","216","10","200","필댐(죤형)","89","128","22","871","871","0","취수탑형","184","183","170"
"4151010009","금파","경기도 파주시 파평면 금파리","1971-05-24","1975-05-01","2","주수원","240","6","5","44","10","200","필댐(죤형)","17","130","10","77","77","0","취수탑형","37","36","31"
"4151010010","마장","경기도 파주시 광탄면 기산리","1987-12-02","2001-06-08","1","주수원","1138","30","28","179","10","200","필댐(죤형)","37","294","33","2900","2637","263","취수탑형","127","124","99"
"4153010005","용풍","경기도 이천시 장호원읍 송산리","1943-01-01","1946-12-30","1","주수원","500","30","25","200","10","50","필댐(죤형)","40500","238","8","824","715","109","사통형","72","71","68"
"4153010009","고척","경기도 이천시 신둔면 고척리","1955-01-01","1959-01-01","2","주수원","100","3","2","0","10","30","필댐(죤형)","5800","151","5","15","15","0","사통형","84","83","82"
"4153010011","용면","경기도 이천시 신둔면 용면리","1955-01-01","1959-01-01","2","주수원","272","7","6","55","10","50","필댐(죤형)","914600","122","16","280","276","4","사통형","121","120","105"
"4153010019","성호(설성)","경기도 이천시 설성면 장천리","1955-01-01","1958-01-01","1","주수원","616","44","35","340","10","50","필댐(죤형)","59800","250","9","912","858","54","취수탑형","88","87","83"
"4155010011","마둔","경기도 안성시 금광면 장죽리","1970-11-12","1975-12-30","1","주수원","1240","48","47","530","10","200","필댐(죤형)","484940","174","29","4724","4707","17","취수탑형","86","85","66"
"4155010012","금광","경기도 안성시 금광면 금광리","1953-12-01","1961-12-31","1","주수원","4830","168","138","1906","10","500","필댐(죤형)","305000","225","21","12095","12047","48","취수탑형","68","67","52"
"4155010016","청용","경기도 안성시 서운면 청용리","1968-12-16","1974-12-28","1","주수원","730","20","17","291","10","200","필댐(죤형)","63700","170","25","1201","1200","1","사통형","137","135","116"
"4155010017","농촌","경기도 안성시 발화동","1955-12-30","1957-12-03","2","보조수원","121","2","2","20","10","100","필댐(죤형)","2270","130","3","46","46","0","기타","47","46","43"
"4155010020","오촌","경기도 안성시 서운면 오촌리","1945-03-06","1945-12-30","2","보조수원","60","1","1","20","10","100","필댐(죤형)","3900","110","6","4","4","0","사통형","70","70","69"
"4155010025","거청","경기도 안성시 대덕면 모산리","1957-02-10","1957-12-31","2","보조수원","105","3","2","15","10","100","필댐(죤형)","4050","120","3","39","39","0","사통형","32","31","29"
"4155010033","노곡","경기도 안성시 양성면 노곡리","1967-10-18","1968-12-31","2","주수원","200","7","7","40","10","200","필댐(죤형)","7800","131","10","228","228","0","사통형","80","79","74"
"4155010034","미산","경기도 안성시 양성면 미산리","1980-02-19","1985-12-31","1","주수원","442","20","20","150","10","200","필댐(죤형)","114000","251","25","1826","1826","0","사통형","122","121","103"
"4155010037","만수","경기도 안성시 공도읍 만정리","1944-05-10","1945-12-30","1","주수원","375","26","22","140","10","200","필댐(죤형)","26134","358","7","615","614","1","사통형","33","32","27"
"4155010039","칠곡","경기도 안성시 원곡면 칠곡리","1955-01-01","1958-12-30","1","주수원","391","16","16","129","10","100","필댐(죤형)","94464","205","12","548","544","4","취수탑형","41","40","35"
"4155010044","운수","경기도 안성시 원곡면 반제리","1941-04-01","1942-08-20","1","주수원","225","13","12","120","10","200","필댐(죤형)","54000","113","11","399","399","0","사통형","47","46","39"
"4155010053","장계","경기도 안성시 죽산면 장계리","1985-01-01","1992-12-30","1","주수원","225","13","12","102","10","200","필댐(죤형)","74000","269","23","992","992","0","취수탑형","152","152","138"
"4155010056","용설","경기도 안성시 죽산면 용설리","1982-11-27","1985-12-30","1","주수원","790","60","54","402","10","200","필댐(죤형)","122000","459","19","3020","2932","88","취수탑형","115","114","103"
"4155010058","광혜","경기도 안성시 죽산면 두교리","1985-01-01","1988-12-31","1","주수원","1040","52","50","446","10","200","필댐(죤형)","141075","380","25","4196","4025","171","사통형","131","130","114"
"4155010059","덕산","경기도 안성시 삼죽면 덕산리","1986-10-29","1992-12-30","1","주수원","485","37","32","192","10","200","필댐(죤형)","57400","404","16","1920","1859","61","취수탑형","129","128","118"
"4155010061","미장","경기도 안성시 삼죽면 미장리","1965-12-01","1968-12-31","2","주수원","130","2","1","22","10","200","필댐(죤형)","23000","123","14","67","67","0","사통형","235","234","228"
"4155010068","고삼","경기도 안성시 고삼면 월향리","1956-08-01","1963-05-31","1","주수원","7100","310","230","2970","10","500","필댐(죤형)","183394","209","17","16105","15217","888","취수탑형","54","52","41"
"4155010069","양변","경기도 안성시 미양면 양변리","1960-03-29","1960-05-29","2","보조수원","88","3","3","6","10","100","필댐(죤형)","8900","240","4","38","38","0","사통형","37","37","35"
"4157010004","성동","경기도 김포시 월곶면 성동리","1971-11-01","1973-12-20","2","주수원","87","3","3","21","10","10","필댐(죤형)","16905","155","9","77","74","3","사통형","43","43","38"
"4171010003","남방","경기도 양주시 어둔동","1976-10-09","1978-12-30","1","주수원","305","10","8","57","10","200","필댐(죤형)","17","210","13","315","308","7","취수탑형","80","80","72"
"4171010007","봉암","경기도 양주시 은현면 봉암리","1978-01-01","1979-12-29","1","주수원","340","18","17","111","10","200","필댐(죤형)","62","230","18","1221","1188","33","사통형","119","117","105"
"4171010012","신암","경기도 양주시 남면 신암리","1977-01-01","1978-12-30","1","주수원","215","6","5","85","10","200","필댐(죤형)","65","150","24","470","469","1","사통형","189","188","170"
"4171010013","효촌","경기도 양주시 남면 두곡리","1978-11-21","1982-12-30","1","주수원","303","48","43","180","10","200","필댐(죤형)","35","275","14","1840","1395","445","사통형","102","101","96"
"4171010014","원당","경기도 양주시 남면 황방리","1978-01-01","1979-12-30","1","주수원","337","17","17","228","10","200","필댐(죤형)","53","190","25","1475","1473","2","사통형","147","145","127"
"4173010001","원부","경기도 여주시 점동면 관한리","1941-01-01","1944-01-01","1","주수원","630","18","15","214","10","50","필댐(죤형)","131900","249","13","583","576","7","사통형","80","80","73"
"4173010002","삼합","경기도 여주시 점동면 삼합리","1941-01-01","1944-01-01","2","주수원","170","9","5","42","10","50","필댐(죤형)","5000","113","12","154","145","9","사통형","61","61","57"
"4173010012","금사(장흥)","경기도 여주시 금사면 장흥리","1979-01-01","1989-01-01","1","주수원","837","26","25","179","10","100","필댐(죤형)","278600","285","46","3754","3713","41","취수탑형","135","134","104"
"4173010018","매류","경기도 여주시 능서면 매류리","1948-01-01","1949-01-01","2","보조수원","14","2","2","1","10","30","필댐(죤형)","5200","130","5","21","21","0","기타","50","49","45"
"4173010019","신근","경기도 여주시 흥천면 신근리","1942-01-01","1943-01-01","2","보조수원","43","2","2","1","10","30","필댐(죤형)","9120","152","4","19","19","0","사통형","45","45","42"
"4175010015","덕우","경기도 화성시 봉담읍 덕우리","1944-01-01","1949-12-31","1","주수원","2270","110","83","573","5","100","필댐(죤형)","53187","331","14","3549","3547","2","사통형","43","41","32"
"4175010016","어천","경기도 화성시 매송면 어천리","1950-06-01","1956-12-20","1","주수원","380","30","25","198","3","100","필댐(죤형)","26129","236","6","901","894","7","사통형","18","17","12"
"4175010018","송라","경기도 화성시 매송면 송라리","1972-09-09","1974-12-31","1","주수원","284","14","12","76","10","100","필댐(죤형)","65520","182","12","396","396","1","사통형","32","31","23"
"4175010028","기천","경기도 화성시 팔탄면 기천리","1986-01-01","1993-12-30","1","주수원","755","40","39","267","10","100","필댐(죤형)","113172","172","17","2167","2164","3","취수탑형","65","64","53"
"4175010031","동방","경기도 화성시 팔탄면 노하리","1937-01-01","1939-12-31","1","주수원","628","63","56","217","10","100","필댐(죤형)","53187","648","6","1015","1014","1","사통형","7","6","3"
"4175010034","버들","경기도 화성시 장안면 석포리","1944-01-01","1945-12-31","2","주수원","296","16","15","86","10","100","필댐(죤형)","14950","230","5","285","284","1","사통형","8","8","5"
"4175010035","멱우","경기도 화성시 우정읍 멱우리","1943-01-01","1945-12-31","1","주수원","830","53","49","246","5","100","필댐(죤형)","24548","361","5","602","600","2","취수탑형","11","10","7"
"4175010045","반월","경기도 군포시 둔대동","1952-11-12","1957-12-15","1","주수원","1220","38","37","365","3","100","필댐(죤형)","115931","352","11","1187","1166","21","취수탑형","35","34","28"
"4175010046","보통","경기도 화성시 정남면 보통리","1951-01-01","1955-06-01","1","주수원","716","44","36","364","3","100","필댐(죤형)","56863","318","8","1071","1071","0","사통형","28","27","20"
"4179010001","홍중","경기도 광주시 중대동","1950-01-01","1957-01-01","1","주수원","710","16","15","127","7","200","필댐(죤형)","70160","229","10","483","483","1","사통형","65","64","58"
"4179010005","도척","경기도 광주시 도척면 유정리","1967-04-27","1975-01-01","1","주수원","980","16","14","149","5","100","필댐(죤형)","273770","260","17","701","701","0","사통형","197","195","184"
"4180010001","백학","경기도 연천군 백학면 통구리","1965-11-26","1969-12-31","1","주수원","995","47","44","136","10","100","필댐(죤형)","52305","130","13","1746","1746","0","사통형","51","50","41"
"4180010002","황지","경기도 연천군 군남면 황지리","1944-01-01","1945-12-31","2","보조수원","77","1","0","0","10","100","필댐(죤형)","4744","101","5","6","3","3","기타","70","68","67"
"4181010004","고모","경기도 포천시 소흘읍 고모리","2007-12-20","2011-12-20","1","주수원","400","18","18","131","10","200","필댐(죤형)","263539","229","20","1309","1250","59","사통형","161","160","148"
"4181010012","우금","경기도 포천시 가산면 우금리","1950-04-01","1958-12-31","1","주수원","515","19","18","199","10","200","필댐(죤형)","110232","237","13","1009","1009","0","취수탑형","161","160","149"
"4181010015","마전","경기도 포천시 가산면 마전리","1959-12-31","1960-12-20","2","보조수원","220","4","4","10","10","200","필댐(죤형)","38497","122","11","203","203","0","사통형","142","141","134"
"4181010019","중리","경기도 포천시 관인면 중리","1958-12-31","1960-12-31","1","주수원","900","10","9","147","10","200","필댐(죤형)","151124","228","15","536","532","4","사통형","118","117","107"
"4181010021","냉정","경기도 포천시 관인면 냉정리","1922-10-04","1945-12-31","1","주수원","5","37","35","334","100","200","필댐(죤형)","18144","1310","7","780","775","5","사통형","171","170","166"
"4181010023","추동","경기도 포천시 창수면 추동리","1950-01-01","1955-06-30","2","주수원","250","4","3","52","10","100","필댐(죤형)","46150","100","13","160","160","0","기타","131","130","122"
"4181010025","금주","경기도 포천시 영중면 금주리","1978-12-01","1982-06-30","1","주수원","820","11","11","75","10","200","필댐(죤형)","134639","126","21","656","654","2","사통형","126","124","110"
"4181010028","기산","경기도 포천시 일동면 기산리","1976-07-01","1979-06-30","1","주수원","872","16","14","105","10","200","필댐(죤형)","279762","150","26","1162","1162","0","사통형","198","196","178"
"4181010035","자일","경기도 포천시 영북면 자일리","1922-01-01","1932-12-30","1","보조수원","486","16","14","40","10","100","필댐(죤형)","67099","382","8","445","445","0","사통형","151","150","144"
"4181010036","산정","경기도 포천시 영북면 산정리","1922-02-15","1925-03-30","1","주수원","1537","25","25","376","10","200","필댐(죤형)","234344","116","26","1923","1922","2","사통형","205","204","187"
"4181010039","둔지","경기도 포천시 일동면 화대리","1942-01-01","1944-12-31","2","보조수원","1","1","1","3","10","200","필댐(죤형)","8600","215","5","28","20","8","기타","155","153","151"
"4181010040","후평","경기도 포천시 가산면 마산리","1942-01-01","1944-12-31","2","보조수원","10","2","2","30","10","100","필댐(죤형)","3840","215","5","40","40","0","기타","109","109","106"
"4183010016","단석","경기도 양평군 양동면 단석리","1971-01-01","1975-01-01","2","주수원","1230","6","4","65","10","200","필댐(죤형)","45950","122","12","129","128","0","사통형","133","132","126"
"4183010017","월산","경기도 양평군 지평면 월산리","1966-01-01","1968-01-01","2","주수원","837","12","8","101","7","200","필댐(죤형)","48540","98","12","201","201","0","취수탑형","107","106","100"
"4183010018","대평","경기도 양평군 지평면 대평리","1956-02-20","1962-12-20","1","주수원","694","19","17","144","10","200","필댐(죤형)","193170","284","18","1139","1136","4","취수탑형","92","91","79"
"4183010020","어은","경기도 양평군 지평면 수곡리","1941-01-01","1945-12-20","2","주수원","180","7","7","70","3","200","필댐(죤형)","74920","90","15","288","288","0","사통형","99","98","89"
"4183010025","부리","경기도 양평군 개군면 부리","1942-10-20","1945-12-20","2","주수원","97","3","1","18","5","200","필댐(죤형)","16400","104","8","32","32","0","취수탑형","60","59","54"
"4183010026","향리","경기도 양평군 개군면 향리","1941-01-01","1943-12-20","1","주수원","360","18","14","80","3","200","필댐(죤형)","50080","108","11","489","488","1","사통형","60","58","52"
"4211010001","우두","강원도 춘천시 우두동","1974-05-11","1974-11-20","2","주수원","600","13","12","235","10","100","필댐(죤형)","207366","2033","6","140","140","0","기타","80","80","78"
"4211010005","조연","강원도 춘천시 신북읍 유포리","1945-01-01","1949-01-01","1","주수원","1473","18","16","211","10","200","필댐(죤형)","216239","729","11","1120","1000","120","사통형","110","109","99"
"4211010006","지내","강원도 춘천시 신북읍 지내리","1954-01-01","1957-01-01","1","주수원","600","13","12","33","10","200","필댐(죤형)","99820","920","6","303","303","0","취수탑형","92","91","87"
"4211010008","용산","강원도 춘천시 신북읍 용산리","1954-01-02","1957-12-30","2","주수원","80","7","6","15","10","100","필댐(죤형)","21168","105","10","153","152","1","사통형","90","89","84"
"4211010012","원창","강원도 춘천시 동산면 원창리","1985-07-13","1998-12-30","1","주수원","1300","35","33","59","10","200","필댐(죤형)","520000","233","49","4594","4553","41","취수탑형","287","285","250"
"4211010020","신매","강원도 춘천시 서면 서상리","1980-04-14","1985-05-30","1","주수원","1060","19","16","255","10","200","필댐(죤형)","352887","185","35","1918","1878","40","취수탑형","195","194","170"
"4211010021","서상","강원도 춘천시 서면 월송리","1954-01-02","1957-12-30","1","주수원","290","17","13","31","10","200","필댐(죤형)","35692","169","9","445","424","21","사통형","87","87","80"
"4213010027","취병","강원도 원주시 문막읍 취병리","1967-03-06","1971-01-01","1","주수원","733","15","11","69","10","100","필댐(죤형)","43000","242","18","625","625","0","사통형","85","83","65"
"4213010028","궁촌","강원도 원주시 귀래면 귀래리","1967-03-06","1971-01-01","1","주수원","2126","23","21","172","10","200","필댐(죤형)","141570","203","19","1159","1159","0","취수탑형","150","148","136"
"4213010029","건등","강원도 원주시 문막읍 건등리","1942-03-02","1945-01-01","1","주수원","362","10","7","64","10","200","필댐(죤형)","20000","242","18","414","414","0","사통형","116","115","104"
"4213010030","반계","강원도 원주시 문막읍 반계리","1953-03-05","1958-01-01","1","주수원","2500","43","40","176","10","200","필댐(죤형)","323665","223","22","2839","2815","24","취수탑형","81","79","67"
"4213010045","고산","강원도 원주시 호저면 고산리","1978-03-06","1987-01-01","1","주수원","724","12","9","51","10","200","필댐(죤형)","170000","145","16","547","547","0","사통형","136","135","126"
"4213010067","손곡","강원도 원주시 부론면 손곡리","1978-03-06","1984-01-01","1","주수원","1012","21","16","142","10","200","필댐(죤형)","60000","275","18","969","969","0","사통형","121","119","110"
"4213010100","흥업","강원도 원주시 흥업면 매지리","1959-03-09","1962-01-01","1","주수원","1750","30","25","140","10","100","필댐(죤형)","26400","220","12","1098","1098","0","사통형","178","175","165"
"4213010106","대안","강원도 원주시 흥업면 대안리","1990-03-05","1998-11-30","1","주수원","570","14","12","90","10","200","필댐(죤형)","311000","184","26","998","916","82","사통형","200","199","186"
"4213010110","서곡","강원도 원주시 판부면 서곡리","1959-03-05","1962-01-01","1","주수원","1333","10","8","79","10","100","필댐(죤형)","14000","272","12","379","379","0","사통형","209","208","197"
"4213010111","황둔","강원도 원주시 신림면 황둔리","1971-04-09","1974-11-30","1","주수원","1460","16","13","87","10","100","필댐(죤형)","25896","167","16","570","570","0","사통형","367","365","356"
"4213010112","대안(사제리)","강원도 원주시 흥업면 사제리","1944-03-06","1945-01-01","2","보조수원","29","0","0","5","10","50","필댐(죤형)","9000","64","5","11","11","0","사통형","131","130","128"
"4213010114","정산","강원도 원주시 부론면 정산리","1994-12-19","2000-08-31","1","주수원","144","5","5","83","10","200","필댐(죤형)","188892","150","37","470","452","18","사통형","182","181","162"
"4213010115","운남","강원도 원주시 귀래면 운남리","1992-04-15","2003-12-30","1","주수원","890","9","8","210","10","200","필댐(죤형)","232103","202","26","839","839","0","취수탑형","236","234","215"
"4213010116","용암","강원도 원주시 귀래면 용암리","2003-01-18","2003-12-30","2","주수원","628","4","3","26","10","200","콘크리트댐(중력형)","5212","86","20","92","80","12","취수탑형","125","123","115"
"4215010002","장현","강원도 강릉시 장현동","1941-10-01","1947-09-30","1","주수원","1152","49","44","406","10","200","필댐(죤형)","159347","206","16","2197","2176","21","취수탑형","25","24","16"
"4215010004","경포","강원도 강릉시 지변동","1970-01-30","1972-12-30","1","주수원","1180","29","21","206","10","200","필댐(죤형)","90533","115","17","1136","1127","9","사통형","29","28","17"
"4215010006","향호","강원도 강릉시 주문진읍 향호리","1983-06-25","1987-06-30","1","주수원","315","25","23","126","10","200","필댐(죤형)","97597","182","15","1182","1124","57","사통형","29","28","19"
"4215010007","오봉","강원도 강릉시 성산면 오봉리","1977-08-25","1983-10-30","1","주수원","10900","86","79","380","10","200","필댐(죤형)","1510523","268","51","12718","12708","11","취수탑형","121","119","85"
"4215010008","동막","강원도 강릉시 구정면 어단리","1952-11-05","1961-11-30","1","주수원","1839","16","13","160","10","200","필댐(죤형)","625856","420","24","942","902","39","취수탑형","87","85","72"
"4215010009","칠성","강원도 강릉시 구정면 어단리","1952-11-05","1961-11-30","1","주수원","700","10","9","107","10","200","필댐(죤형)","332857","252","22","674","673","1","사통형","142","141","126"
"4215010012","옥계","강원도 강릉시 옥계면 북동리","1976-07-10","1978-11-30","1","주수원","2341","38","32","210","10","200","필댐(죤형)","93649","195","18","1640","1604","35","사통형","35","34","25"
"4215010013","사천","강원도 강릉시 사천면 사기막리","1980-04-21","1985-11-30","1","주수원","2280","19","17","345","10","200","필댐(죤형)","290283","165","34","2107","2107","0","취수탑형","140","138","110"
"4215010014","신왕","강원도 강릉시 연곡면 신왕리","1955-09-08","1961-12-30","1","주수원","2681","22","21","197","10","200","필댐(죤형)","166830","287","14","857","843","14","사통형","28","28","19"
"4215010015","삼교","강원도 강릉시 주문진읍 삼교리","1997-06-05","2003-12-22","1","주수원","1175","10","9","139","10","200","필댐(죤형)","436531","200","38","1058","1019","39","취수탑형","144","142","120"
"4215010016","언별","강원도 강릉시 강동면 언별리","1997-06-05","2006-12-20","1","주수원","1600","11","10","156","10","200","필댐(죤형)","657304","150","38","994","972","22","취수탑형","211","209","188"
"4221010001","신흥","강원도 속초시 노학동","1987-11-12","1988-03-30","2","보조수원","135","5","4","30","10","200","필댐(죤형)","2970","55","6","7","7","0","사통형","59","59","56"
"4223010001","미로","강원도 삼척시 미로면 고천리","1955-12-18","1966-12-31","1","주수원","1075","6","6","52","10","200","필댐(죤형)","87017","106","21","311","311","0","사통형","74","72","61"
"4223010003","기곡","강원도 삼척시 원덕읍 기곡리","1955-12-18","1973-12-30","2","주수원","1200","4","3","31","10","200","필댐(죤형)","58384","140","12","167","98","69","사통형","83","82","77"
"4223010004","초당","강원도 삼척시 근덕면 하맹방리","1963-12-14","1969-12-30","1","주수원","440","18","17","96","10","200","필댐(죤형)","39528","160","12","922","922","0","사통형","19","18","9"
"4272010001","와동","강원도 홍천군 홍천읍 와동리","1969-01-01","1977-01-01","2","보조수원","36","2","1","4","10","100","필댐(죤형)","28800","75","12","100","100","0","사통형","146","146","136"
"4272010004","상오안","강원도 홍천군 홍천읍 상오안리","1978-11-30","1982-09-30","1","주수원","500","8","6","78","10","200","필댐(죤형)","241920","120","28","653","639","14","사통형","220","219","204"
"4272010006","굴운","강원도 홍천군 화촌면 굴운리","1969-06-24","1977-01-11","1","주수원","988","17","15","148","10","100","필댐(죤형)","198872","137","24","1121","1079","42","사통형","180","178","164"
"4272010012","생곡","강원도 홍천군 서석면 생곡리","1978-12-19","1985-05-31","1","주수원","1313","23","22","208","10","100","필댐(죤형)","265074","275","29","2231","2230","1","사통형","400","399","377"
"4272010015","속초","강원도 홍천군 동면 속초리","1955-01-01","1959-01-01","1","주수원","290","6","6","32","10","100","필댐(죤형)","88185","159","16","326","321","5","사통형","242","241","231"
"4272010020","개운","강원도 홍천군 동면 개운리","1972-03-23","1975-12-30","1","주수원","474","14","13","103","10","200","필댐(죤형)","280000","224","40","1649","1636","13","취수탑형","247","246","223"
"4272010021","좌운","강원도 홍천군 동면 좌운리","1955-11-17","1959-12-31","1","주수원","1985","32","25","110","10","100","필댐(죤형)","127000","187","15","1368","1368","0","사통형","268","267","256"
"4272010024","시동","강원도 홍천군 남면 시동리","1940-09-12","1949-09-20","2","주수원","148","7","5","42","10","200","필댐(죤형)","85344","136","18","239","228","11","사통형","255","254","245"
"4272010025","유치","강원도 홍천군 남면 유치리","1940-09-12","1948-03-31","1","주수원","320","11","8","71","10","200","필댐(죤형)","125183","354","12","490","480","10","사통형","255","255","249"
"4272010026","월천1호","강원도 홍천군 남면 월천리","1945-03-14","1948-03-31","2","주수원","140","4","1","8","10","200","필댐(죤형)","60480","90","16","37","36","1","사통형","231","230","222"
"4272010027","월천2호","강원도 홍천군 남면 월천리","1940-09-12","1948-03-31","2","주수원","100","3","3","7","10","200","필댐(죤형)","19470","60","11","7","7","0","사통형","211","210","207"
"4272010034","화동","강원도 홍천군 북방면 화동리","1944-11-28","1945-12-31","2","보조수원","1","0","0","1","10","100","필댐(죤형)","2609","22","7","3","3","0","사통형","144","143","141"
"4272010035","대룡","강원도 홍천군 북방면 성동리","1949-11-15","1957-10-13","1","주수원","1130","25","21","202","10","200","필댐(죤형)","488599","354","23","1609","1609","0","사통형","181","180","165"
"4272010044","청량","강원도 홍천군 서석면 청량리","1994-01-01","2000-01-01","1","주수원","930","13","13","66","10","200","필댐(죤형)","101455","202","27","706","662","44","취수탑형","281","280","269"
"4272010045","노천","강원도 홍천군 동면 노천리","1997-10-14","2001-12-20","1","주수원","490","13","8","110","10","200","필댐(죤형)","178538","170","20","492","480","12","사통형","319","317","305"
"4273010017","반곡","강원도 횡성군 횡성읍 반곡리","1956-12-11","1962-05-30","2","주수원","152","9","8","36","10","100","필댐(죤형)","41991","139","11","270","267","3","사통형","120","119","114"
"4273010021","우천","강원도 원주시 소초면 학곡리","1955-09-22","1961-12-30","1","주수원","3040","23","22","177","5","200","필댐(죤형)","125856","230","14","949","949","0","사통형","210","210","201"
"4273010028","오원","강원도 횡성군 우천면 오원리","1971-12-27","1977-12-30","1","주수원","1500","19","13","118","10","200","필댐(죤형)","503438","159","26","1030","1024","6","사통형","276","274","257"
"4273010039","율동","강원도 횡성군 갑천면 율동리","1943-01-01","1946-01-01","2","주수원","90","3","2","15","10","200","필댐(죤형)","33003","167","9","62","59","3","사통형","230","229","225"
"4273010040","추동","강원도 횡성군 갑천면 삼거리","1976-05-13","1979-11-30","1","주수원","310","12","12","68","10","200","필댐(죤형)","177462","289","21","712","708","4","사통형","195","194","181"
"4273010053","부곡","강원도 횡성군 강림면 부곡리","1985-06-25","1992-11-17","1","주수원","530","8","8","60","10","200","필댐(죤형)","578946","228","32","595","595","0","사통형","554","553","535"
"4273010054","창봉","강원도 횡성군 공근면 창봉리","2004-12-21","2014-06-30","1","주수원","400","7","6","192","10","200","필댐(죤형)","355030","162","48","882","721","161","취수탑형","299","297","274"
"4276010002","계촌","강원도 평창군 방림면 계촌리","1987-03-02","1994-01-01","2","주수원","1900","6","4","71","10","200","콘크리트댐(중력형)","9740","151","22","256","256","0","취수탑형","568","565","556"
"4276010003","신리","강원도 평창군 대화면 신리","1995-12-29","2004-03-29","1","주수원","710","11","10","202","10","200","필댐(죤형)","201","179","35","929","882","47","취수탑형","545","543","527"
"4278010003","산명호","강원도 철원군 철원읍 산명리","1923-12-01","1930-12-01","1","주수원","4670","85","79","328","10","200","필댐(죤형)","840187","1143","5","3720","3489","231","사통형","209","207","199"
"4278010005","용화","강원도 철원군 갈말읍 신철원리","1958-12-22","1961-12-31","1","주수원","1400","31","29","233","10","200","필댐(죤형)","39425","227","18","2043","2019","24","취수탑형","252","250","236"
"4278010011","학","강원도 철원군 동송읍 대위리","1922-10-04","1923-12-20","1","주수원","2600","167","78","383","10","200","필댐(죤형)","38392","595","5","1730","1427","303","사통형","187","186","184"
"4278010012","금연","강원도 철원군 동송읍 오지리","1959-12-21","1961-12-30","1","주수원","394","21","20","235","10","200","필댐(죤형)","104204","239","12","890","890","0","사통형","194","193","183"
"4278010014","하갈","강원도 철원군 동송읍 하갈리","1962-03-10","1963-12-31","2","보조수원","116","11","10","37","10","200","필댐(죤형)","21583","383","5","101","101","0","사통형","225","224","221"
"4278010015","토교","강원도 철원군 동송읍 양지리","1966-12-03","1976-12-30","1","주수원","2370","362","335","1314","10","200","필댐(죤형)","524480","880","10","25409","17412","7997","취수탑형","210","210","202"
"4278010016","동송","강원도 철원군 동송읍 강산리","1971-04-17","1977-12-01","1","주수원","1827","79","75","802","10","200","필댐(죤형)","646485","1965","10","3859","3770","89","취수탑형","263","262","255"
"4278010021","잠곡","강원도 철원군 근남면 잠곡리","1992-05-15","2003-12-30","1","주수원","1970","42","40","825","10","200","필댐(죤형)","1006740","255","42","4364","4279","85","취수탑형","428","426","400"
"4278010031","풍암","강원도 철원군 근남면 풍암리","2007-03-01","2020-06-30","1","주수원","520","14","12","","10","200","필댐(죤형)","745554","271","52","1801","1680","121","취수탑형","326","324","302"
"4280010011","월운","강원도 양구군 동면 월운리","1957-01-01","1962-01-01","1","주수원","1040","28","24","114","10","200","필댐(죤형)","225134","272","18","1183","1171","12","사통형","325","323","313"
"4280010012","만대","강원도 양구군 해안면 만대리","2002-08-16","2010-06-30","1","주수원","560","10","9","180","10","200","필댐(균일형)","880186","262","38","1075","989","86","취수탑형","561","560","541"
"4282010004","송강","강원도 고성군 거진읍 냉천리","1971-05-03","1975-12-31","1","주수원","1259","30","28","340","10","200","필댐(코어형)","42000","138","31","2672","2669","3","취수탑형","97","96","74"
"4282010011","도원","강원도 고성군 토성면 도원리","1963-07-24","1970-12-30","1","주수원","2605","40","39","502","10","200","필댐(죤형)","314025","183","26","2954","2948","6","취수탑형","106","104","89"
"4282010012","원암","강원도 고성군 토성면 원암리","1959-06-08","1963-11-30","1","주수원","1419","17","16","191","10","200","필댐(죤형)","241580","298","26","1318","1306","13","취수탑형","137","135","118"
"4282010013","인흥","강원도 고성군 토성면 인흥리","2001-12-11","2009-12-30","1","주수원","400","18","16","160","10","200","필댐(죤형)","254691","183","41","1801","1541","260","취수탑형","67","66","46"
"4282010014","인정","강원도 고성군 간성읍 선유실리","1996-10-17","2009-12-30","1","주수원","1021","22","20","397","10","150","필댐(죤형)","157520","272","45","3138","2765","373","취수탑형","188","186","156"
"4283010010","설악","강원도 양양군 강현면 둔전리","1976-07-13","1980-12-30","1","주수원","1556","12","11","228","10","200","필댐(죤형)","411761","179","42","1438","1403","35","취수탑형","214","212","187"
"4283010025","현남","강원도 양양군 현남면 하월천리","2010-12-14","2015-12-31","1","주수원","802","14","13","","10","200","필댐(죤형)","94809","342","42","1602","1538","64","취수탑형","105","103","79"
"4311010006","용정","충청북도 청주시 상당구 용정동","1956-01-01","1959-12-31","1","주수원","186","5","4","18","5","200","필댐(죤형)","130292","140","19","304","304","0","사통형","110","109","99"
"4313010002","호암","충청북도 충주시 호암동","1922-09-13","1924-03-31","1","주수원","1006","30","29","194","10","100","필댐(죤형)","38250","255","10","1047","1030","17","사통형","103","103","96"
"4313010003","대제","충청북도 충주시 호암동","1915-03-05","1917-03-05","2","주수원","351","10","10","70","10","200","필댐(죤형)","11040","230","8","255","223","32","사통형","103","103","99"
"4313010014","화곡","충청북도 충주시 주덕읍 화곡리","1978-03-01","1982-01-01","1","주수원","388","17","17","113","10","100","필댐(죤형)","38250","143","18","873","861","12","사통형","123","122","113"
"4313010022","한두골","충청북도 충주시 살미면 내사리","1966-01-01","1966-12-30","2","보조수원","30","2","2","2","3","10","필댐(죤형)","6510","186","6","14","12","2","기타","157","157","151"
"4313010024","중산","충청북도 충주시 수안보면 중산리","1978-01-01","1982-01-01","1","주수원","798","21","20","215","10","100","필댐(죤형)","146520","180","41","2497","2270","227","취수탑형","210","209","184"
"4313010028","흑평","충청북도 충주시 대소원면 완오리","1945-03-01","1945-12-30","2","보조수원","24","0","0","18","10","200","필댐(죤형)","3780","105","4","3","3","0","사통형","97","97","95"
"4313010029","부연","충청북도 충주시 대소원면 만정리","1968-03-01","1968-12-30","2","보조수원","303","3","2","19","10","20","필댐(죤형)","6860","98","7","67","67","0","사통형","99","99","94"
"4313010036","용당","충청북도 충주시 신니면 문숭리","1945-01-01","1949-01-01","1","주수원","2873","112","94","927","10","100","필댐(죤형)","75180","266","19","6930","6831","99","사통형","129","128","117"
"4313010039","광월","충청북도 충주시 신니면 문락리","1989-01-01","1994-01-01","1","주수원","400","10","9","98","10","200","필댐(죤형)","284256","144","28","676","635","41","사통형","193","192","178"
"4313010044","대덕","충청북도 충주시 노은면 대덕리","1953-01-01","1959-01-01","1","주수원","550","17","16","160","5","100","필댐(죤형)","102465","225","14","780","750","30","사통형","113","112","101"
"4313010046","진골","충청북도 충주시 노은면 신효리","1945-01-01","1945-12-31","2","보조수원","32","1","1","7","10","20","필댐(죤형)","1625","100","8","4","4","0","취수탑형","139","139","137"
"4313010049","상촌","충청북도 충주시 노은면 수룡리","1977-01-01","1978-01-01","2","보조수원","49","1","1","12","10","20","필댐(죤형)","14259","114","18","9","9","0","사통형","165","165","162"
"4313010050","모점","충청북도 충주시 앙성면 모점리","1961-01-01","1969-01-01","1","주수원","857","126","24","179","10","200","필댐(죤형)","43582","149","20","1506","1485","21","취수탑형","103","102","89"
"4313010051","목미","충청북도 충주시 앙성면 목미리","1992-03-02","1996-01-01","1","주수원","153","7","6","16","10","200","필댐(죤형)","290304","168","24","436","378","58","사통형","129","128","113"
"4313010052","복성","충청북도 충주시 앙성면 지당리","1959-03-02","1960-12-30","1","주수원","747","20","17","136","10","200","필댐(죤형)","36247","179","16","980","967","13","사통형","99","98","86"
"4313010068","추평","충청북도 충주시 엄정면 추평리","1976-01-01","1981-01-01","1","주수원","1610","47","44","488","10","100","필댐(죤형)","151632","414","30","4933","4555","378","취수탑형","141","140","122"
"4313010070","오량골","충청북도 충주시 소태면 복탄리","1945-01-01","1946-01-01","2","보조수원","90","1","1","5","10","20","필댐(죤형)","4635","103","5","8","8","0","사통형","70","70","68"
"4313010080","송강","충청북도 충주시 산척면 송강리","1997-12-24","2005-12-21","1","주수원","440","11","10","235","10","200","필댐(죤형)","446215","291","43","1232","1077","155","사통형","200","199","181"
"4313010081","구룡(충주)","충청북도 충주시 소태면 구룡리","2002-12-10","2008-12-28","1","주수원","236","8","7","120","10","200","필댐(죤형)","800028","313","36","750","663","87","사통형","188","186","165"
"4313010082","장저울","충청북도 충주시 주덕읍 장록리","2003-01-01","2009-05-07","2","주수원","51","5","4","40","10","200","필댐(죤형)","94558","183","23","212","173","39","사통형","128","127","119"
"4315010001","신대","충청북도 제천시 신월동","1947-01-01","1949-01-01","2","보조수원","300","2","2","5","10","20","필댐(죤형)","7560","270","4","38","38","0","사통형","270","269","266"
"4315010003","유등","충청북도 제천시 청전동","1947-01-01","1949-01-01","2","보조수원","50","3","3","9","10","20","필댐(죤형)","14000","350","4","47","45","2","사통형","271","270","267"
"4315010004","의림","충청북도 제천시 모산동","1947-01-01","1949-01-01","1","주수원","750","17","15","197","10","100","필댐(죤형)","83700","310","15","501","501","0","사통형","319","318","305"
"4315010005","비룡담","충청북도 제천시 모산동","1968-01-01","1970-01-01","1","보조수원","630","9","8","197","10","200","필댐(죤형)","237387","221","21","621","621","0","사통형","369","368","350"
"4315010013","유암","충청북도 제천시 두학동","1957-01-01","1959-01-01","1","주수원","1380","13","11","97","10","100","필댐(죤형)","25830","115","10","394","394","0","사통형","289","287","272"
"4315010020","용하","충청북도 제천시 산곡동","1952-01-01","1959-01-01","2","주수원","80","3","3","28","10","100","필댐(죤형)","32913","106","21","195","175","20","사통형","297","296","280"
"4315010022","왕암","충청북도 제천시 왕암동","1944-01-01","1945-01-01","2","보조수원","50","0","0","0","10","20","필댐(죤형)","3600","100","4","5","5","0","사통형","230","229","226"
"4315010024","백곡","충청북도 제천시 봉양읍 미당리","1952-01-01","1959-01-01","1","주수원","217","5","5","96","10","200","필댐(죤형)","69696","264","18","342","317","25","사통형","329","328","313"
"4315010025","대미론","충청북도 제천시 봉양읍 미당리","1958-01-01","1959-01-01","2","보조수원","82","0","0","2","10","20","필댐(죤형)","0","150","4","5","5","0","사통형","251","250","246"
"4315010026","매곡","충청북도 제천시 봉양읍 명도리","1952-05-30","1959-01-01","2","주수원","2212","7","6","68","10","200","필댐(죤형)","9852","89","12","183","179","4","취수탑형","253","252","240"
"4315010031","구룡","충청북도 제천시 금성면 구룡리","1945-01-01","1948-01-01","2","보조수원","12","0","0","4","10","20","필댐(죤형)","1512","72","5","4","4","0","사통형","141","140","136"
"4315010034","월림","충청북도 제천시 금성면 월림리","1952-01-01","1959-01-01","1","주수원","190","8","6","46","10","100","필댐(죤형)","28290","115","16","353","330","23","사통형","146","145","131"
"4315010035","콩밭골","충청북도 제천시 금성면 월림리","1959-01-01","1959-12-30","2","보조수원","100","0","0","5","10","10","필댐(죤형)","1014","93","4","3","3","0","기타","146","145","142"
"4315010047","선고","충청북도 제천시 덕산면 선고리","1992-01-01","1998-01-01","1","주수원","350","7","7","59","10","200","필댐(죤형)","171873","219","26","636","549","87","취수탑형","364","362","347"
"4315010049","백마","충청북도 제천시 백운면 방학리","1952-01-01","1959-01-01","1","주수원","840","510","417","183","10","100","필댐(죤형)","136382","287","26","1516","1496","20","사통형","299","298","276"
"4315010056","적성","충청북도 단양군 적성면 상리","1996-01-01","2000-01-01","2","주수원","220","4","3","54","10","200","필댐(죤형)","1","163","36","249","209","40","사통형","319","318","305"
"4315010094","도기","충청북도 제천시 덕산면 도기리","2009-03-10","2015-12-20","1","주수원","301","6","6","","10","200","필댐(코어형)","","263","40","659","597","62","취수탑형","488","487","470"
"4371010011","중리","충청북도 청주시 상당구 미원면 중리","1980-01-01","1984-12-31","1","주수원","246","15","14","63","10","200","필댐(죤형)","78260","206","16","697","689","9","사통형","283","282","270"
"4371010015","용곡","충청북도 청주시 상당구 미원면 용곡리","2010-11-29","2012-12-31","1","주수원","1246","30","30","157","10","200","필댐(죤형)","143881","182","18","1815","1814","1","사통형","273","271","256"
"4371010034","한계","충청북도 청주시 상당구 가덕면 한계리","2009-12-16","2011-12-30","1","주수원","545","22","21","160","10","200","필댐(죤형)","153829","174","21","1567","1550","17","취수탑형","162","162","149"
"4371010073","노현","충청북도 청주시 상당구 문의면 노현리","1985-01-01","1987-12-31","1","주수원","430","10","10","126","10","200","필댐(죤형)","67051","180","33","942","929","13","사통형","151","150","128"
"4371010080","하석","충청북도 청주시 서원구 현도면 하석리","2008-12-24","2012-12-20","2","보조수원","45","0","0","4","5","50","콘크리트댐(중력형)","507","31","8","5","5","0","사통형","126","125","120"
"4371010081","노산","충청북도 청주시 서원구 현도면 노산리","1945-01-01","1945-12-31","2","주수원","111","1","1","3","10","100","필댐(죤형)","930","130","4","28","28","0","사통형","40","39","34"
"4371010095","학천","충청북도 청주시 흥덕구 강내면 학천리","1963-01-01","1963-12-31","2","보조수원","37","1","1","1","3","50","필댐(죤형)","6760","70","4","20","20","0","사통형","41","40","37"
"4371010100","사암","충청북도 청주시 흥덕구 오송읍 공북리","1952-01-01","1957-12-31","1","주수원","157","9","6","78","10","200","필댐(죤형)","10000","149","14","400","400","0","사통형","65","64","52"
"4371010105","연제","충청북도 청주시 흥덕구 오송읍 연제리","1922-01-01","1923-12-31","1","주수원","630","26","23","463","3","200","필댐(죤형)","10000","489","7","519","519","0","사통형","37","36","31"
"4371010109","소로","충청북도 청주시 흥덕구 옥산면 소로리","1952-01-01","1952-12-31","2","주수원","200","3","3","36","3","200","필댐(죤형)","10000","135","9","97","97","0","사통형","54","54","48"
"4371010140","부연","충청북도 청주시 청원구 북이면 부연리","1956-01-01","1960-12-31","2","주수원","178","6","5","67","10","200","필댐(죤형)","126827","148","16","273","255","18","사통형","101","99","85"
"4371010156","비홍","충청북도 청주시 청원구 내수읍 비상리","1956-01-01","1960-12-31","1","주수원","228","8","8","75","10","200","필댐(죤형)","150556","300","18","478","478","0","사통형","118","117","101"
"4371010161","인평","충청북도 청주시 청원구 내수읍 우산리","1956-01-01","1960-12-31","2","주수원","190","4","4","69","3","200","필댐(죤형)","133373","215","16","185","185","0","사통형","131","130","116"
"4371010169","장동","충청북도 청주시 흥덕구 옥산면 장동리","1996-01-01","2000-12-31","1","주수원","240","7","6","106","10","200","필댐(죤형)","130","177","29","493","469","24","사통형","102","101","82"
"4371010170","오창","충청북도 청주시 청원구 오창읍 성산리","2005-07-25","2012-12-31","1","주수원","3310","116","101","857","10","200","필댐(코어형)","172000","202","27","7590","6390","1200","취수탑형","94","92","83"
"4372010008","구룡","충청북도 보은군 보은읍 종곡리","1965-10-12","1969-12-31","1","주수원","250","13","10","84","10","100","필댐(죤형)","159678","135","20","634","634","0","사통형","198","197","183"
"4372010012","노티","충청북도 보은군 보은읍 노티리","1991-12-26","1999-12-23","1","주수원","197","10","9","92","10","100","필댐(죤형)","180325","220","28","711","633","78","사통형","226","225","210"
"4372010017","박석","충청북도 보은군 장안면 장재리","1952-01-01","1957-01-01","1","주수원","328","10","8","91","10","100","필댐(죤형)","53200","138","18","514","514","0","사통형","230","229","215"
"4372010019","백록","충청북도 보은군 마로면 변둔리","1979-01-01","1981-01-01","1","주수원","1520","19","16","133","10","100","필댐(죤형)","52312","250","14","818","765","53","사통형","160","159","151"
"4372010022","증상골","충청북도 보은군 마로면 갈평리","1945-01-01","1945-12-31","2","보조수원","269","3","2","15","10","100","필댐(죤형)","16563","107","6","52","47","5","사통형","209","209","203"
"4372010023","송평","충청북도 보은군 마로면 갈평리","1978-01-01","1981-01-01","1","주수원","314","13","11","80","10","100","필댐(죤형)","195691","234","18","788","788","0","사통형","204","203","189"
"4372010024","석화","충청북도 보은군 탄부면 덕동리","1945-01-01","1945-12-31","2","보조수원","60","1","1","13","10","100","필댐(죤형)","8640","150","6","15","15","0","","208","207","207"
"4372010028","선지","충청북도 보은군 삼승면 원남리","1945-01-01","1945-12-31","2","보조수원","1","0","0","14","10","100","필댐(죤형)","18375","108","5","11","11","0","사통형","157","157","153"
"4372010029","증구지","충청북도 보은군 삼승면 탄금리","1945-01-01","1945-12-31","2","보조수원","16","1","0","2","10","100","필댐(죤형)","3263","58","5","7","6","1","사통형","158","157","154"
"4372010033","턱골","충청북도 보은군 삼승면 송죽리","1945-01-01","1945-12-31","2","보조수원","6","2","0","7","10","100","필댐(죤형)","6570","73","6","8","8","0","사통형","160","159","154"
"4372010036","둔덕","충청북도 보은군 삼승면 둔덕리","1945-01-01","1945-12-31","2","보조수원","155","2","2","25","10","100","필댐(죤형)","63000","140","7","56","56","0","사통형","150","149","146"
"4372010037","양지말","충청북도 보은군 삼승면 둔덕리","1945-01-01","1945-12-31","2","보조수원","22","0","0","6","10","100","필댐(죤형)","7058","93","6","5","5","0","사통형","169","168","165"
"4372010042","보청","충청북도 보은군 수한면 병원리","1976-01-01","1981-01-01","1","주수원","2271","40","40","986","10","200","필댐(코어형)","1061161","418","37","5562","5561","1","취수탑형","212","212","180"
"4372010051","쌍암","충청북도 보은군 회인면 쌍암리","1979-01-01","1984-01-01","1","주수원","630","12","11","127","10","200","필댐(죤형)","204868","154","23","854","795","59","사통형","217","216","199"
"4372010054","도원","충청북도 보은군 내북면 도원리","1976-01-01","1978-01-01","1","주수원","284","10","8","84","10","200","필댐(죤형)","64014","144","18","549","547","2","사통형","275","274","262"
"4372010057","궁","충청북도 보은군 내북면 상궁리","1944-12-13","1954-12-30","1","주수원","1245","68","68","392","10","100","필댐(죤형)","206532","415","31","8367","8222","145","취수탑형","260","259","239"
"4372010111","비룡","충청북도 보은군 장안면 서원리","2001-12-21","2017-12-20","1","주수원","4226","84","84","","10","200","필댐(죤형)","33648","170","49","8236","8163","73","취수탑형","257","255","229"
"4372010117","대원","충청북도 보은군 산외면 대원리","","2020-12-31","","주수원","130","5","4","","","","","","","","249","232","17","","","",""
"4373010002","교동","충청북도 옥천군 옥천읍 교동리","1955-01-01","1962-01-01","1","주수원","240","8","8","30","10","200","필댐(죤형)","5320","133","15","359","359","0","사통형","128","127","109"
"4373010008","가풍","충청북도 옥천군 옥천읍 가풍리","1955-01-01","1962-01-01","2","주수원","65","2","2","11","10","200","필댐(죤형)","3248","116","11","33","33","0","사통형","191","190","185"
"4373010009","삼청","충청북도 옥천군 옥천읍 삼청리","1955-05-10","1962-12-30","2","주수원","112","5","5","70","3","200","필댐(죤형)","12120","303","16","231","231","0","사통형","162","161","152"
"4373010010","용암","충청북도 옥천군 옥천읍 삼청리","1955-01-01","1962-01-01","1","주수원","204","10","9","71","5","200","필댐(죤형)","11036","310","13","432","432","0","사통형","135","134","125"
"4373010011","대천","충청북도 옥천군 옥천읍 대천리","1939-01-01","1940-01-01","2","보조수원","45","1","0","2","10","50","필댐(죤형)","680","40","5","10","10","1","사통형","141","141","138"
"4373010012","마항","충청북도 옥천군 옥천읍 마암리","1943-01-01","1944-01-01","2","보조수원","30","1","0","3","5","50","필댐(죤형)","845","65","6","10","10","1","취수탑형","126","126","123"
"4373010013","양수","충청북도 옥천군 옥천읍 양수리","1950-01-01","1950-12-30","2","보조수원","20","0","0","2","5","100","필댐(죤형)","660","60","12","10","10","0","사통형","140","140","137"
"4373010016","계룡곡","충청북도 옥천군 동이면 평산리","1942-01-01","1943-01-01","2","보조수원","41","1","1","5","5","100","필댐(죤형)","1627","72","7","30","30","0","사통형","110","109","106"
"4373010019","천곡","충청북도 옥천군 동이면 금암리","1942-01-01","1943-12-30","2","보조수원","9","1","1","2","5","100","필댐(죤형)","640","40","4","15","15","0","사통형","113","113","110"
"4373010020","당수평","충청북도 옥천군 동이면 금암리","1940-01-01","1941-01-01","2","보조수원","29","1","0","1","5","100","필댐(죤형)","992","43","9","10","10","1","사통형","104","104","100"
"4373010021","탑송곡","충청북도 옥천군 동이면 금암리","1945-01-01","1946-01-01","2","보조수원","27","1","0","2","5","50","필댐(죤형)","728","40","6","10","10","0","사통형","84","84","80"
"4373010022","준곡","충청북도 옥천군 동이면 지양리","1945-01-01","1945-12-30","2","보조수원","32","0","0","1","5","100","필댐(죤형)","703","51","6","10","10","0","사통형","115","114","110"
"4373010025","남평","충청북도 옥천군 안남면 지수리","1935-03-05","1936-11-30","2","보조수원","97","4","4","28","3","200","필댐(죤형)","3907","117","15","102","102","0","사통형","123","122","114"
"4373010027","누동","충청북도 옥천군 안남면 도덕리","1953-02-20","1962-11-21","2","주수원","98","2","2","16","3","200","필댐(죤형)","4816","140","13","113","113","0","사통형","153","152","140"
"4373010028","농암","충청북도 옥천군 안남면 청정리","1930-02-06","1931-06-30","1","주수원","490","10","10","217","10","200","필댐(죤형)","6393","144","17","649","649","0","사통형","121","120","110"
"4373010034","도이","충청북도 옥천군 안내면 도이리","1915-02-01","1927-03-31","2","보조수원","25","1","1","5","5","100","필댐(죤형)","2380","140","6","27","27","0","사통형","135","135","130"
"4373010036","서대","충청북도 옥천군 안내면 서대리","1942-02-01","1954-03-31","1","주수원","560","9","9","120","10","200","필댐(죤형)","10531","226","19","578","578","0","사통형","142","141","130"
"4373010044","장연","충청북도 옥천군 청성면 장연리","1989-01-01","1998-12-31","1","주수원","460","21","19","164","10","200","필댐(죤형)","5000","154","44","2333","1906","427","사통형","202","201","186"
"4373010047","한곡","충청북도 옥천군 청산면 한곡리","1984-01-01","1987-01-01","1","주수원","159","5","5","68","10","200","필댐(죤형)","7575","166","22","415","415","0","사통형","186","185","168"
"4373010052","목동","충청북도 옥천군 청산면 효목리","1978-01-01","1981-01-01","1","주수원","172","14","7","58","10","200","필댐(죤형)","4610","114","18","478","450","28","사통형","163","162","149"
"4373010054","의동","충청북도 옥천군 청산면 의지리","1978-01-01","1981-01-01","1","주수원","167","7","7","59","10","200","필댐(죤형)","5796","137","19","425","417","8","사통형","167","166","153"
"4373010058","장찬","충청북도 옥천군 이원면 장찬리","1967-01-01","1979-01-01","1","주수원","3547","38","37","474","10","200","필댐(죤형)","16359","184","39","5389","4517","872","사통형","167","166","148"
"4373010063","개심","충청북도 옥천군 이원면 개심리","1952-01-01","1955-01-01","1","주수원","1390","37","36","264","10","200","필댐(죤형)","7610","168","17","1861","1861","0","사통형","145","144","130"
"4373010072","지탄","충청북도 옥천군 이원면 지탄리","1930-01-01","1931-12-30","2","보조수원","154","3","3","2","3","200","필댐(죤형)","2260","72","12","46","46","0","사통형","115","114","107"
"4373010076","금산","충청북도 옥천군 군서면 금산리","1964-01-01","1964-12-30","2","보조수원","103","3","2","13","5","200","필댐(죤형)","2172","60","13","75","75","0","사통형","133","132","126"
"4373010077","명경","충청북도 옥천군 군서면 상지리","1944-04-08","1956-12-30","1","주수원","367","7","7","110","10","200","필댐(죤형)","6319","109","19","414","414","0","사통형","147","146","134"
"4373010078","삼방","충청북도 옥천군 청산면 삼방리","2006-12-20","2012-12-26","1","주수원","332","8","7","99","10","200","필댐(균일형)","114400","162","21","452","426","27","취수탑형","175","174","163"
"4374010013","가곡","충청북도 영동군 용산면 가곡리","1966-01-01","1967-01-01","2","보조수원","28","1","0","1","10","100","필댐(죤형)","896","56","5","11","11","0","사통형","158","157","152"
"4374010017","미전","충청북도 영동군 용산면 미전리","1966-01-01","1968-01-01","1","주수원","166","9","9","52","10","200","필댐(죤형)","3528","93","16","412","385","27","사통형","180","180","172"
"4374010027","추풍령","충청북도 영동군 추풍령면 죽전리","1928-01-01","1928-12-30","1","주수원","1000","52","46","129","5","200","필댐(죤형)","3960","123","22","2207","2205","2","사통형","255","254","240"
"4374010035","강진","충청북도 영동군 매곡면 강진리","1978-01-01","1984-01-01","1","주수원","1430","14","12","160","10","200","필댐(죤형)","13630","235","24","912","879","33","사통형","267","266","253"
"4374010036","어촌","충청북도 영동군 매곡면 어촌리","1983-03-29","1985-08-31","1","주수원","218","5","4","103","10","200","필댐(죤형)","11640","158","37","460","460","0","사통형","414","413","386"
"4374010038","오리곡","충청북도 영동군 매곡면 공수리","1944-01-01","1945-01-01","2","보조수원","39","1","0","1","1","200","필댐(죤형)","780","65","5","12","12","0","사통형","312","311","307"
"4374010046","죽촌","충청북도 영동군 양강면 죽촌리","1945-01-01","1954-01-01","1","주수원","690","7","7","79","3","200","필댐(죤형)","2997","81","19","386","381","5","사통형","212","211","199"
"4374010047","산막","충청북도 영동군 양강면 산막리","1956-01-01","1963-01-01","1","주수원","1699","17","17","197","10","200","필댐(죤형)","6731","128","20","971","955","16","사통형","232","231","218"
"4374010048","지촌","충청북도 영동군 양강면 지촌리","1974-01-01","1975-01-01","2","주수원","570","5","4","30","10","200","필댐(죤형)","3780","136","17","243","243","0","사통형","228","227","217"
"4374010055","아암","충청북도 영동군 학산면 아암리","1975-01-01","1976-01-01","1","주수원","201","5","5","40","10","200","필댐(죤형)","4841","104","20","306","304","2","사통형","206","205","190"
"4374010059","봉소","충청북도 영동군 학산면 봉소리","1956-01-01","1963-01-01","1","주수원","510","14","14","103","10","200","필댐(죤형)","7667","187","15","784","753","31","사통형","119","118","109"
"4374010066","원계","충청북도 영동군 학산면 범화리","1967-01-01","1968-01-01","2","보조수원","41","1","1","8","10","200","필댐(죤형)","1750","50","7","15","15","0","사통형","157","156","151"
"4374010067","범화","충청북도 영동군 학산면 범화리","1979-06-15","1982-03-31","1","주수원","315","7","7","81","10","200","필댐(죤형)","7392","140","29","651","586","65","사통형","212","211","197"
"4374010069","오정","충청북도 영동군 양산면 죽산리","1962-01-01","1964-01-01","2","주수원","200","4","4","36","10","200","필댐(죤형)","3256","88","17","208","208","0","사통형","183","182","170"
"4374010071","누교","충청북도 영동군 양산면 누교리","1978-11-25","1981-12-04","1","주수원","530","8","6","62","10","200","필댐(죤형)","6480","118","27","517","517","0","사통형","196","195","176"
"4374010077","금정","충청북도 영동군 심천면 금정리","1959-01-01","1960-01-01","2","보조수원","36","1","1","1","10","200","필댐(죤형)","1105","65","6","17","17","0","사통형","149","148","143"
"4374010079","용당","충청북도 영동군 심천면 용당리","1943-01-01","1943-12-30","2","보조수원","81","1","1","1","5","200","필댐(죤형)","1620","81","6","10","10","0","사통형","127","127","124"
"4374010080","광평","충청북도 영동군 학산면 지내리","2003-12-18","2010-12-28","1","주수원","300","7","7","76","10","200","필댐(죤형)","6000","101","26","450","409","41","사통형","222","221","211"
"4374010136","서송원","충청북도 영동군 황간면 서송원리","2014-01-17","2019-12-30","1","주수원","225","10","9","","10","200","필댐(죤형)","","177","27","754","627","126","취수탑형","246","245","235"
"4375010008","연곡","충청북도 진천군 진천읍 연곡리","1981-01-01","1984-01-01","1","주수원","635","12","11","78","10","200","필댐(죤형)","240000","130","26","913","896","17","사통형","208","207","189"
"4375010009","백곡","충청북도 진천군 진천읍 건송리","1981-05-21","1984-10-31","1","주수원","8479","232","243","2614","10","200","필댐(균일형)","911000","401","29","26618","26372","246","취수탑형","102","102","83"
"4375010010","석장","충청북도 진천군 덕산읍 기전리","1959-01-01","1964-12-31","2","보조수원","415","11","9","40","10","200","필댐(균일형)","6834","80","6","32","32","0","사통형","69","68","68"
"4375010016","초평(미호)","충청북도 진천군 초평면 화산리","1982-12-31","1985-12-31","1","주수원","13330","327","259","2500","10","200","콘크리트댐(중력형)","47154","174","19","13872","13853","19","취수탑형","63","61","46"
"4375010019","금성","충청북도 진천군 초평면 용산리","1960-01-10","1961-12-30","2","보조수원","98","1","1","10","10","50","필댐(죤형)","8610","82","8","40","40","0","사통형","84","83","78"
"4375010022","사양","충청북도 진천군 문백면 사양리","1974-11-05","1975-12-03","2","주수원","140","7","4","61","7","200","필댐(죤형)","148000","180","18","234","218","16","사통형","123","122","113"
"4375010033","옥성","충청북도 진천군 문백면 옥성리","1967-01-01","1973-01-01","1","주수원","417","9","8","73","10","200","필댐(죤형)","127000","135","17","494","489","5","사통형","126","125","113"
"4375010040","성대","충청북도 진천군 백곡면 성대리","1981-01-01","1984-01-01","1","주수원","346","5","5","60","10","200","필댐(죤형)","138000","120","20","370","325","45","사통형","199","198","189"
"4375010044","송림","충청북도 진천군 이월면 송림리","1975-01-01","1976-01-01","2","주수원","180","2","2","17","10","200","필댐(죤형)","91000","107","19","147","146","1","사통형","111","110","94"
"4375010046","화산","충청북도 진천군 이월면 신계리","1953-11-21","1959-12-31","1","주수원","980","27","23","520","10","200","필댐(균일형)","165000","169","19","1744","1676","68","사통형","117","116","104"
"4375010052","무수","충청북도 진천군 광혜원면 회죽리","1953-11-21","1959-12-31","1","주수원","857","24","23","239","10","200","필댐(죤형)","255000","417","17","1370","1320","50","취수탑형","120","119","110"
"4376010004","신항","충청북도 괴산군 괴산읍 신항리","1980-04-01","1984-12-20","1","주수원","395","20","20","85","10","200","필댐(죤형)","54909","244","18","1135","1134","1","사통형","157","156","143"
"4376010008","영천","충청북도 증평군 증평읍 연탄리","1966-02-20","1966-12-30","2","보조수원","118","0","0","0","10","50","필댐(죤형)","4589","92","7","35","35","0","사통형","94","93","89"
"4376010009","송오리","충청북도 증평군 증평읍 송산리","1945-02-11","1945-12-30","2","보조수원","15","1","1","1","10","50","필댐(죤형)","3025","122","4","7","7","0","사통형","80","79","77"
"4376010010","송티","충청북도 증평군 증평읍 송산리","1945-02-11","1945-12-30","2","보조수원","20","1","1","1","10","50","필댐(죤형)","2624","85","5","10","10","0","사통형","66","65","63"
"4376010012","삼기","충청북도 증평군 증평읍 율리","1953-09-01","1963-12-31","1","주수원","1050","26","26","410","10","200","필댐(죤형)","66090","188","24","2811","2811","0","사통형","148","148","130"
"4376010018","이담","충청북도 괴산군 감물면 백양리","1929-06-04","1931-03-31","1","주수원","535","18","18","128","10","200","필댐(죤형)","30106","231","9","649","644","5","사통형","103","102","96"
"4376010019","매전","충청북도 괴산군 감물면 매전리","1976-05-27","1978-12-30","1","주수원","458","11","10","111","10","200","필댐(죤형)","62350","200","18","684","682","2","사통형","153","152","140"
"4376010033","지곡","충청북도 괴산군 칠성면 율지리","1942-04-17","1945-12-20","2","보조수원","78","1","1","30","10","100","필댐(죤형)","3886","101","5","30","30","0","사통형","144","143","139"
"4376010034","칠성","충청북도 괴산군 칠성면 율원리","1955-12-20","1962-12-30","1","주수원","431","16","13","155","10","200","필댐(죤형)","51857","285","14","631","630","1","사통형","106","105","96"
"4376010039","문광","충청북도 괴산군 문광면 양곡리","1976-02-10","1978-11-27","1","주수원","600","19","19","190","10","200","필댐(죤형)","61700","322","15","945","945","0","사통형","161","160","149"
"4376010041","덕평","충청북도 괴산군 문광면 방성리","1986-02-22","1988-12-30","1","주수원","256","11","11","82","10","200","필댐(죤형)","132000","134","26","907","898","9","사통형","217","216","198"
"4376010042","신후평","충청북도 괴산군 청천면 후평리","1945-02-11","1945-12-30","2","보조수원","114","1","1","35","10","50","필댐(죤형)","3326","105","5","15","15","0","사통형","173","172","169"
"4376010052","송면","충청북도 괴산군 청천면 삼송리","1982-09-10","1985-12-20","1","주수원","690","21","20","186","10","200","필댐(죤형)","99431","226","29","2108","2078","30","사통형","314","312","292"
"4376010063","뇌실","충청북도 증평군 도안면 노암리","1945-02-10","1945-12-30","2","보조수원","15","0","0","2","10","50","필댐(죤형)","535","59","3","3","3","0","사통형","99","99","97"
"4376010065","영수","충청북도 증평군 도안면 노암리","1952-06-01","1957-06-30","2","주수원","150","4","4","67","10","200","필댐(죤형)","51445","155","20","254","249","5","사통형","120","120","107"
"4376010072","백마","충청북도 괴산군 사리면 소매리","1953-02-20","1964-08-28","1","주수원","665","18","18","140","10","200","필댐(죤형)","106620","474","14","909","892","17","사통형","108","107","99"
"4376010076","용정","충청북도 괴산군 사리면 방축리","1962-06-14","1964-08-29","2","주수원","285","5","4","50","10","200","필댐(죤형)","25701","175","13","235","233","2","사통형","109","108","99"
"4376010085","소암","충청북도 괴산군 소수면 소암리","1990-11-10","1997-11-30","1","주수원","338","13","13","92","20","200","필댐(죤형)","94033","167","27","1064","1051","14","사통형","218","217","201"
"4376010087","소수","충청북도 괴산군 소수면 길선리","1956-06-23","1962-12-30","1","주수원","652","25","25","268","10","200","필댐(죤형)","94631","322","16","1950","1942","8","사통형","193","192","180"
"4376010089","창산","충청북도 괴산군 불정면 탑촌리","1952-05-01","1958-12-30","2","주수원","164","2","2","30","10","200","필댐(죤형)","11583","135","9","40","40","0","사통형","98","97","92"
"4376010092","만년","충청북도 괴산군 불정면 추산리","1952-05-01","1958-12-30","1","주수원","724","12","12","198","10","200","필댐(죤형)","76780","198","19","621","619","2","사통형","110","109","98"
"4376010095","신흥","충청북도 괴산군 불정면 신흥리","1980-04-01","1984-12-20","1","주수원","270","13","12","166","10","200","필댐(죤형)","36298","299","24","1032","1011","21","사통형","181","180","165"
"4376010097","덕실","충청북도 괴산군 불정면 지장리","1943-04-11","1945-12-30","2","보조수원","136","1","1","15","3","50","필댐(죤형)","3215","123","3","12","12","0","사통형","116","115","112"
"4376010098","방곡","충청북도 괴산군 장연면 방곡리","1995-12-23","2001-12-20","1","주수원","260","8","7","120","10","200","필댐(죤형)","295425","221","36","859","820","39","사통형","186","185","165"
"4376010099","이곡","충청북도 괴산군 사리면 이곡리","1996-11-08","2003-12-20","1","주수원","350","10","10","185","10","200","필댐(죤형)","159213","163","28","977","967","10","사통형","234","233","213"
"4376010162","구암","충청북도 괴산군 청안면 문방리","2011-03-15","2019-12-31","2","주수원","108","4","4","","10","200","필댐(죤형)","184253","196","23","292","275","17","취수탑형","168","168","154"
"4377010002","용산","충청북도 음성군 음성읍 용산리","1970-01-01","1973-11-01","1","주수원","413","11","9","93","10","200","필댐(균일형)","107542","185","15","521","521","0","사통형","210","209","198"
"4377010004","무극","충청북도 음성군 음성읍 사정리","1979-01-01","1981-12-30","1","보조수원","1315","49","45","0","10","200","필댐(균일형)","195859","133","23","3068","2791","277","기타","134","133","122"
"4377010009","금석","충청북도 음성군 금왕읍 금석리","1977-02-28","1981-12-30","1","주수원","717","45","41","103","10","200","필댐(균일형)","293480","177","26","3838","3309","529","취수탑형","134","133","120"
"4377010010","용계","충청북도 음성군 금왕읍 백야리","1977-01-01","1981-12-30","1","주수원","748","49","46","795","10","200","필댐(균일형)","387830","255","25","4259","3399","860","취수탑형","134","133","122"
"4377010012","황골","충청북도 음성군 금왕읍 신평리","1944-01-10","1945-01-05","2","보조수원","33","1","1","9","10","200","필댐(균일형)","4320","90","4","3","3","0","사통형","101","100","99"
"4377010014","바위암","충청북도 음성군 삼성면 능산리","1945-01-01","1945-06-30","2","보조수원","90","2","1","15","10","200","필댐(균일형)","405","40","2","8","8","0","기타","101","100","99"
"4377010015","금성","충청북도 음성군 금왕읍 구계리","1941-01-01","1945-01-01","1","주수원","285","20","19","125","10","200","필댐(균일형)","64749","276","9","522","522","0","사통형","101","100","94"
"4377010016","사계","충청북도 음성군 금왕읍 구계리","1961-01-01","1966-12-30","2","주수원","125","7","6","12","10","200","필댐(균일형)","35355","150","10","148","148","0","사통형","112","111","106"
"4377010021","용","충청북도 음성군 소이면 중동리","1952-01-01","1956-12-31","2","주수원","160","5","3","111","10","200","필댐(균일형)","165870","150","19","176","175","1","사통형","168","167","155"
"4377010022","망두골","충청북도 음성군 소이면 갑산리","1945-01-01","1945-06-30","2","보조수원","30","2","1","10","10","200","필댐(균일형)","3750","50","5","7","6","1","기타","124","123","122"
"4377010023","정좌안","충청북도 음성군 소이면 갑산리","1945-01-01","1945-06-30","2","보조수원","30","3","1","12","10","200","필댐(균일형)","5775","70","5","2","2","0","기타","133","132","130"
"4377010024","봉","충청북도 음성군 소이면 갑산리","1960-01-01","1965-12-31","2","주수원","214","6","4","66","10","200","필댐(균일형)","164880","229","16","209","209","0","사통형","168","167","157"
"4377010025","봉전","충청북도 음성군 소이면 봉전리","1954-01-01","1960-12-30","2","주수원","83","3","2","77","10","200","필댐(균일형)","125029","123","19","87","86","1","사통형","168","167","156"
"4377010026","충도","충청북도 음성군 소이면 충도리","1943-01-05","1944-12-20","1","주수원","770","20","18","122","10","200","필댐(균일형)","227178","135","25","1154","1140","14","사통형","160","159","145"
"4377010030","역전","충청북도 음성군 원남면 마송리","1945-01-01","1948-12-31","2","보조수원","11","0","0","4","10","200","필댐(균일형)","3003","86","4","5","5","0","사통형","154","153","150"
"4377010032","하당","충청북도 음성군 원남면 하당리","1978-01-01","1979-12-31","1","주수원","210","7","7","67","10","200","필댐(균일형)","203490","204","19","532","532","0","사통형","190","189","174"
"4377010033","오성","충청북도 음성군 원남면 구안리","1964-01-01","1966-01-01","1","주수원","290","10","9","89","10","200","필댐(균일형)","127681","161","17","572","572","0","사통형","191","190","178"
"4377010035","주봉","충청북도 음성군 원남면 주봉리","1982-01-01","1986-01-01","1","주수원","255","12","11","94","10","200","필댐(균일형)","434732","205","27","896","825","71","사통형","200","199","186"
"4377010038","원남","충청북도 진천군 초평면 신통리","1984-02-27","1988-11-30","1","주수원","3655","140","114","856","10","200","필댐(죤형)","389311","205","27","8791","8690","100","취수탑형","117","116","97"
"4377010040","맹동","충청북도 음성군 맹동면 통동리","1979-09-01","1983-12-31","1","주수원","706","113","113","1339","10","200","필댐(균일형)","606720","237","33","14330","13910","420","취수탑형","127","127","103"
"4377010041","각골1","충청북도 음성군 대소면 성본리","1944-12-11","1946-12-31","2","보조수원","4","1","1","4","10","200","필댐(균일형)","4560","95","4","1","1","0","사통형","94","93","93"
"4377010042","수인","충청북도 음성군 대소면 수태리","1945-01-01","1948-12-31","2","보조수원","76","1","1","16","10","100","필댐(균일형)","5399","148","3","2","2","0","사통형","82","81","80"
"4377010043","가곡","충청북도 음성군 대소면 미곡리","1947-01-06","1947-12-30","2","보조수원","82","2","1","15","10","200","필댐(균일형)","6396","130","4","16","16","0","사통형","84","83","81"
"4377010047","양덕","충청북도 음성군 삼성면 양덕리","1942-01-01","1947-01-01","1","주수원","754","51","27","292","10","200","필댐(균일형)","122640","292","12","1119","1119","0","사통형","101","100","92"
"4377010051","용성","충청북도 음성군 삼성면 용성리","1942-01-01","1947-01-01","2","주수원","97","7","6","14","10","200","필댐(균일형)","12907","230","5","126","125","1","사통형","99","98","95"
"4377010055","마이","충청북도 음성군 삼성면 덕정리","1945-01-01","1948-12-31","1","주수원","442","14","12","134","10","200","필댐(균일형)","26250","100","11","331","331","0","사통형","111","110","105"
"4377010063","금정","충청북도 음성군 생극면 관성리","1939-08-22","1944-12-30","1","주수원","561","16","16","176","10","200","필댐(균일형)","63936","148","12","436","436","0","사통형","103","102","97"
"4377010067","유신","충청북도 음성군 생극면 차평리","1927-09-07","1931-03-25","1","주수원","730","13","11","107","10","200","필댐(균일형)","209440","187","20","487","485","3","사통형","124","122","114"
"4377010074","장군","충청북도 음성군 감곡면 원당리","1942-01-01","1954-01-01","1","주수원","2066","31","28","188","10","200","필댐(균일형)","63504","147","12","776","706","70","사통형","89","88","81"
"4377010081","복자동","충청북도 음성군 감곡면 단평리","1945-01-01","1945-06-30","2","보조수원","26","2","1","5","10","200","필댐(균일형)","5670","100","4","20","20","0","사통형","79","78","75"
"4377010083","대곡","충청북도 음성군 감곡면 단평리","1952-01-01","1956-12-31","2","주수원","250","6","3","83","10","200","필댐(균일형)","67067","134","13","98","98","0","사통형","83","82","76"
"4413010010","천호","충청남도 천안시 동남구 신부동","1952-04-10","1957-12-30","1","주수원","850","35","33","4","10","200","필댐(죤형)","217728","471","13","1071","1071","0","사통형","59","59","52"
"4413010011","업성","충청남도 천안시 서북구 업성동","1965-12-06","1972-01-01","1","주수원","507","164","37","142","10","200","필댐(죤형)","118900","405","10","952","952","0","사통형","40","39","32"
"4413010016","문암","충청남도 천안시 동남구 안서동","1976-12-27","1978-01-01","1","주수원","168","8","7","53","10","200","필댐(죤형)","260000","147","25","562","562","0","사통형","134","133","115"
"4413010018","매주","충청남도 천안시 서북구 성환읍 매주리","1971-01-01","1972-12-30","2","주수원","130","11","8","27","10","200","필댐(죤형)","18762","240","6","192","177","15","사통형","30","29","26"
"4413010019","율금","충청남도 천안시 서북구 직산읍 석곡리","1970-12-31","1972-12-30","2","주수원","65","8","6","27","10","200","필댐(죤형)","42276","271","8","129","121","8","사통형","42","41","38"
"4413010020","왕림","충청남도 천안시 서북구 성환읍 왕림리","1970-12-31","1972-12-30","2","주수원","60","6","2","19","10","200","필댐(죤형)","15378","134","7","49","49","0","사통형","36","35","32"
"4413010021","어룡","충청남도 천안시 서북구 성환읍 어룡리","1939-11-09","1940-12-30","2","주수원","107","13","5","60","10","200","필댐(죤형)","13104","203","4","93","92","1","사통형","18","17","14"
"4413010022","학정","충청남도 천안시 서북구 성환읍 학정리","1927-12-26","1929-01-15","1","주수원","706","42","40","214","10","200","필댐(죤형)","74448","454","7","775","775","0","사통형","24","23","19"
"4413010023","남창","충청남도 천안시 서북구 성거읍 송남리","1956-01-12","1959-12-30","2","주수원","100","6","4","37","10","200","필댐(죤형)","63050","133","13","145","145","0","사통형","82","81","73"
"4413010024","천흥","충청남도 천안시 서북구 성거읍 천흥리","1956-02-02","1959-12-30","1","주수원","500","17","14","206","10","200","필댐(죤형)","342031","254","21","839","830","9","사통형","100","98","88"
"4413010025","성거","충청남도 천안시 서북구 성거읍 천흥리","1972-09-14","1973-11-15","2","보조수원","100","4","4","15","10","200","필댐(죤형)","16235","94","9","72","72","0","사통형","71","71","66"
"4413010029","신월","충청남도 천안시 서북구 성거읍 신월리","1965-12-07","1972-01-01","2","주수원","94","10","8","27","10","200","필댐(죤형)","67933","232","9","207","196","11","사통형","46","45","39"
"4413010033","용연","충청남도 천안시 동남구 목천읍 서흥리","1956-09-25","1962-12-31","1","주수원","2070","57","49","421","10","200","필댐(죤형)","294174","559","17","3050","3050","0","사통형","102","101","88"
"4413010039","대정","충청남도 천안시 동남구 성남면 대정리","1952-04-02","1955-06-30","1","주수원","383","18","16","147","10","200","필댐(죤형)","121000","205","14","755","739","16","사통형","79","77","69"
"4413010045","발산","충청남도 천안시 동남구 수신면 발산리","1952-04-29","1955-06-30","2","주수원","69","2","2","11","10","200","필댐(죤형)","13507","63","9","76","64","11","사통형","100","99","93"
"4413010069","직산","충청남도 천안시 서북구 직산읍 삼은리","1937-12-31","1939-10-30","2","주수원","217","10","7","21","10","200","필댐(죤형)","9236","267","4","85","84","1","사통형","33","32","30"
"4413010070","양전","충청남도 천안시 서북구 직산읍 양당리","1944-10-25","1949-05-10","1","주수원","360","25","23","263","10","200","필댐(죤형)","68755","419","8","385","369","16","사통형","36","36","33"
"4413010072","마정","충청남도 천안시 서북구 직산읍 마정리","1944-10-30","1949-05-10","1","보조수원","360","27","18","88","10","200","필댐(죤형)","67900","200","9","451","438","13","사통형","43","42","35"
"4413010074","입장","충청남도 천안시 서북구 입장면 기로리","1943-12-06","1952-05-31","1","주수원","752","19","18","352","10","200","필댐(죤형)","171250","276","13","636","622","14","사통형","67","66","60"
"4413010075","풍년","충청남도 천안시 서북구 입장면 시장리","1953-12-30","1957-12-30","1","주수원","683","31","31","292","10","200","필댐(죤형)","121392","230","14","1264","1172","92","사통형","55","54","48"
"4415010037","기산","충청남도 공주시 계룡면 기산리","1976-07-22","1978-12-30","1","주수원","303","14","12","140","10","100","필댐(균일형)","158670","123","20","648","643","6","사통형","100","99","85"
"4415010042","계룡","충청남도 공주시 계룡면 하대리","1954-02-10","1964-12-31","1","주수원","1574","75","72","450","10","100","필댐(균일형)","266760","300","17","4717","4717","0","취수탑형","62","61","49"
"4415010045","경천(양화)","충청남도 공주시 계룡면 양화리","1963-01-10","1967-12-30","1","주수원","800","46","40","297","10","60","필댐(균일형)","199200","160","17","2030","2028","1","취수탑형","59","58","48"
"4415010062","월곡","충청남도 공주시 의당면 월곡리","1989-02-10","1989-12-30","2","주수원","253","6","5","36","10","200","필댐(죤형)","59400","182","15","175","175","0","사통형","75","74","65"
"4415010063","유계","충청남도 공주시 의당면 유계리","1982-09-09","1989-12-30","1","주수원","190","9","8","95","10","200","필댐(죤형)","249600","182","26","761","748","13","사통형","82","81","65"
"4415010066","중흥","충청남도 공주시 의당면 중흥리","1986-08-15","1999-04-17","1","주수원","920","34","34","275","10","200","필댐(죤형)","465000","315","33","2777","2680","97","취수탑형","92","91","75"
"4415010067","요룡","충청남도 공주시 의당면 요룡리","1982-02-08","1989-12-30","1","주수원","430","14","13","106","10","200","필댐(죤형)","429000","220","31","1495","1364","131","사통형","62","61","46"
"4415010070","평정","충청남도 공주시 정안면 평정리","1990-01-01","1997-01-01","1","주수원","294","7","7","83","10","200","필댐(균일형)","161500","175","31","566","558","8","사통형","122","121","105"
"4415010071","정안","충청남도 공주시 정안면 고성리","1968-11-01","1976-12-31","1","주수원","676","29","28","187","10","100","필댐(균일형)","262080","209","24","2461","2460","1","사통형","77","76","57"
"4415010080","영천(한천)","충청남도 공주시 우성면 한천리","1957-01-08","1961-12-31","1","주수원","722","25","24","283","10","200","필댐(죤형)","280800","261","29","2585","2530","55","취수탑형","86","85","67"
"4415010083","우목","충청남도 공주시 우성면 용봉리","1982-02-23","1988-12-30","1","주수원","1750","27","26","321","10","200","필댐(죤형)","181440","176","18","1453","1430","23","사통형","50","50","38"
"4415010094","봉명","충청남도 공주시 계룡면 봉명리","1996-04-01","1997-12-31","2","보조수원","50","2","1","15","10","200","필댐(죤형)","19950","134","3","18","18","0","사통형","51","50","46"
"4418010005","평리","충청남도 보령시 웅천읍 평리","1992-10-01","1998-12-31","2","주수원","141","3","3","26","10","200","필댐(죤형)","22788","120","21","189","187","2","사통형","94","93","81"
"4418010006","구","충청남도 보령시 웅천읍 수부리","1945-01-01","1946-12-31","2","주수원","109","1","1","17","10","200","필댐(죤형)","6555","92","10","45","43","2","사통형","81","80","74"
"4418010007","수부","충청남도 보령시 웅천읍 수부리","1957-01-01","1959-01-01","1","주수원","218","11","10","98","10","200","필댐(죤형)","19620","240","11","334","317","17","사통형","46","45","37"
"4418010014","구수","충청남도 보령시 주포면 마강리","1941-01-01","1942-12-31","2","주수원","169","10","10","80","10","200","필댐(죤형)","10627","218","7","230","228","2","사통형","28","27","23"
"4418010019","수지","충청남도 보령시 주포면 연지리","1945-01-01","1946-12-31","2","주수원","114","7","6","51","10","200","필댐(죤형)","20491","108","6","169","160","9","사통형","14","13","10"
"4418010040","진죽","충청남도 보령시 청소면 진죽리","1945-04-05","1946-12-31","1","주수원","557","45","45","101","10","200","필댐(죤형)","15469","750","6","688","654","34","사통형","5","4","1"
"4418010041","신송","충청남도 보령시 청소면 신송리","1959-01-01","1960-12-30","2","주수원","36","7","6","41","10","200","필댐(죤형)","21000","350","8","123","123","0","사통형","9","8","5"
"4418010042","죽림","충청남도 보령시 청소면 죽림리","1946-04-10","1947-12-31","2","주수원","163","5","4","43","10","200","필댐(죤형)","11545","214","8","177","168","9","사통형","8","7","3"
"4418010045","성연","충청남도 보령시 청소면 성연리","1972-01-01","1977-01-01","1","주수원","750","27","25","276","10","200","필댐(죤형)","38415","260","20","1789","1789","0","사통형","73","72","58"
"4418010046","야현","충청남도 보령시 청소면 야현리","1945-01-01","1946-12-31","2","주수원","52","1","1","3","10","200","필댐(죤형)","1000","54","9","14","14","0","사통형","35","34","31"
"4418010047","장곡","충청남도 보령시 청소면 장곡리","1945-05-09","1946-12-31","2","주수원","360","5","5","17","10","200","필댐(죤형)","11154","264","7","58","50","8","사통형","5","5","2"
"4418010048","월티","충청남도 보령시 청라면 나원리","1960-03-03","1961-12-31","1","주수원","344","9","9","98","10","200","필댐(균일형)","56156","278","20","522","496","26","사통형","100","99","86"
"4418010051","의평","충청남도 보령시 청라면 의평리","1961-03-01","1961-12-31","2","주수원","165","4","4","26","10","200","필댐(균일형)","31960","253","16","168","160","8","사통형","113","112","104"
"4418010052","청천","충청남도 보령시 죽정동","1952-01-01","1962-12-31","1","주수원","7010","303","265","2638","10","200","필댐(균일형)","435700","306","23","20800","20753","47","취수탑형","40","40","23"
"4418010058","옥계","충청남도 보령시 청라면 옥계리","1990-11-21","1996-12-31","1","주수원","220","11","10","115","10","200","필댐(균일형)","41040","192","29","904","829","75","사통형","105","104","91"
"4418010060","황룡","충청남도 보령시 청라면 황룡리","1990-11-21","1996-12-31","2","주수원","135","4","4","52","10","200","필댐(균일형)","18782","172","36","285","267","18","사통형","198","197","184"
"4418010061","장전","충청남도 보령시 청라면 장현리","1957-01-01","1961-12-31","1","주수원","436","12","11","135","10","200","필댐(균일형)","61842","423","17","744","707","37","사통형","134","113","99"
"4418010066","대야","충청남도 보령시 남포면 제석리","1945-01-01","1946-12-31","2","보조수원","10","1","1","5","10","100","필댐(균일형)","3750","100","5","16","16","0","사통형","27","26","23"
"4418010069","옥서","충청남도 보령시 남포면 옥서리","1956-01-01","1961-01-01","1","주수원","800","29","29","226","10","200","필댐(균일형)","29526","296","13","1420","1350","70","사통형","34","33","23"
"4418010070","신흥2","충청남도 보령시 남포면 신흥리","1946-01-01","1947-12-31","2","보조수원","60","1","1","5","10","200","필댐(균일형)","1800","48","5","1","1","0","사통형","45","43","40"
"4418010071","신흥1","충청남도 보령시 남포면 신흥리","1954-01-01","1955-12-30","2","보조수원","70","3","2","6","10","200","필댐(균일형)","2550","85","4","11","10","1","사통형","35","35","31"
"4418010073","양기1","충청남도 보령시 남포면 양기리","1960-10-17","1961-12-29","2","보조수원","85","3","3","25","10","100","필댐(균일형)","1275","130","5","70","67","3","사통형","13","12","10"
"4418010078","용제","충청남도 보령시 주산면 야룡리","1945-01-01","1947-12-30","2","주수원","188","9","9","50","10","200","필댐(균일형)","10890","242","6","205","195","10","사통형","28","27","23"
"4418010082","신구","충청남도 보령시 주산면 신구리","1956-04-04","1957-12-17","1","주수원","257","11","10","75","10","200","필댐(균일형)","17808","224","11","411","404","7","사통형","21","21","13"
"4418010084","유곡","충청남도 보령시 주산면 유곡리","1945-01-02","1948-12-30","2","주수원","108","5","5","18","10","200","필댐(균일형)","10106","151","9","110","110","0","사통형","25","24","19"
"4418010090","삼곡2","충청남도 보령시 주산면 삼곡리","1945-01-01","1948-01-01","2","보조수원","27","1","1","20","10","200","필댐(균일형)","2349","108","3","6","6","0","사통형","55","55","53"
"4418010091","삼곡1","충청남도 보령시 주산면 삼곡리","1949-01-01","1952-12-30","2","보조수원","61","1","1","26","10","100","필댐(균일형)","2983","117","3","8","8","0","사통형","48","47","45"
"4418010105","은포","충청남도 보령시 주교면 은포리","1946-07-26","1947-12-30","2","보조수원","191","5","5","13","10","200","필댐(균일형)","12100","1140","3","64","64","0","사통형","5","4","2"
"4418010106","해창","충청남도 보령시 주교면 관창리","1946-03-05","1947-12-30","2","주수원","19","5","5","60","10","200","필댐(균일형)","1788","548","4","96","96","0","사통형","6","6","2"
"4418010107","내현","충청남도 보령시 청라면 음현리","2000-11-27","2005-12-20","1","주수원","260","14","13","130","10","200","필댐(균일형)","60200","80","25","834","758","76","사통형","90","89","76"
"4420010001","마산","충청남도 아산시 방축동","1926-01-01","1928-03-31","1","주수원","1776","4","91","149","5","200","필댐(죤형)","78163","247","11","2560","2560","0","취수탑형","22","21","14"
"4420010006","가혜","충청남도 아산시 염치읍 동정리","1946-01-01","1950-03-30","1","주수원","1588","90","81","593","10","200","필댐(죤형)","102772","276","12","3502","3494","8","사통형","22","20","11"
"4420010010","궁평","충청남도 아산시 송악면 궁평리","1952-11-15","1961-12-30","1","주수원","4333","129","112","1108","10","200","필댐(죤형)","323150","307","19","6717","6717","1","취수탑형","66","64","52"
"4420010011","수철","충청남도 아산시 배방읍 수철리","1976-12-02","1978-11-30","1","주수원","442","40","8","106","7","200","필댐(죤형)","147679","289","14","354","353","1","사통형","83","82","73"
"4420010026","동천","충청남도 아산시 음봉면 신수리","1957-05-20","1960-12-31","2","주수원","107","4","3","18","10","200","필댐(죤형)","49850","133","12","91","90","1","사통형","65","64","57"
"4420010027","신정","충청남도 아산시 음봉면 신정리","1957-05-20","1960-12-30","2","주수원","80","7","6","31","10","200","필댐(죤형)","32653","219","7","134","132","2","사통형","42","42","37"
"4420010029","신휴","충청남도 아산시 음봉면 신휴리","1944-11-01","1954-03-31","1","주수원","842","70","53","218","10","200","필댐(죤형)","45883","643","6","1096","1090","5","사통형","23","22","18"
"4420010031","월랑","충청남도 아산시 음봉면 월랑리","1957-05-20","1960-12-31","1","주수원","421","24","22","135","10","200","필댐(죤형)","690643","287","9","528","524","5","사통형","42","41","35"
"4420010032","동암","충청남도 아산시 음봉면 동암리","1957-05-20","1960-12-31","1","주수원","234","16","12","63","10","200","필댐(죤형)","41931","124","11","387","387","0","사통형","62","61","54"
"4420010033","봉재","충청남도 아산시 둔포면 봉재리","1942-12-01","1944-03-25","1","주수원","793","57","46","389","10","200","필댐(죤형)","72143","250","11","1339","1338","1","사통형","28","27","21"
"4420010036","상성","충청남도 아산시 영인면 상성리","1955-01-01","1958-06-30","1","주수원","481","40","35","253","10","200","필댐(죤형)","117079","460","10","1112","1112","0","사통형","19","18","10"
"4420010038","신봉","충청남도 아산시 영인면 신봉리","1956-01-01","1958-12-31","2","주수원","228","9","8","56","10","200","필댐(죤형)","35675","243","8","161","158","3","사통형","26","25","21"
"4420010039","성내","충청남도 아산시 영인면 성내리","1952-01-01","1958-12-31","1","주수원","640","52","42","334","10","200","필댐(죤형)","123292","460","10","1321","1033","288","사통형","22","22","15"
"4420010040","문방","충청남도 아산시 인주면 문방리","1952-01-01","1952-05-30","2","주수원","228","18","17","61","10","200","필댐(죤형)","23915","200","7","201","198","3","사통형","10","10","7"
"4420010041","냉정","충청남도 아산시 인주면 냉정리","1940-01-01","1941-03-31","1","주수원","535","28","26","326","10","200","필댐(죤형)","96132","308","11","940","940","0","사통형","32","31","23"
"4420010042","죽산","충청남도 아산시 선장면 죽산리","1942-01-01","1942-12-26","1","주수원","143","30","24","128","10","200","필댐(죤형)","23915","127","7","621","615","6","사통형","26","26","22"
"4420010045","도고","충청남도 아산시 도고면 석당리","1928-01-01","1929-11-30","1","주수원","2097","101","97","841","10","200","필댐(죤형)","159331","288","15","4294","4278","16","취수탑형","31","30","21"
"4420010048","신창","충청남도 아산시 신창면 오목리","1950-01-01","1954-03-31","1","주수원","480","40","34","97","10","200","필댐(죤형)","41501","279","9","771","771","0","사통형","20","19","14"
"4421010002","잠홍","충청남도 서산시 음암면 부산리","1951-11-05","1958-12-31","1","주수원","1129","92","69","363","10","100","필댐(코어형)","105391","690","10","1509","1485","24","사통형","20","19","15"
"4421010005","대산","충청남도 서산시 대산읍 대로리","1976-01-01","1978-01-01","1","주수원","335","23","15","102","10","100","필댐(코어형)","1905","293","7","491","408","83","사통형","8","7","3"
"4421010014","모월","충청남도 서산시 인지면 산동리","1978-01-01","1982-01-01","1","보조수원","262","31","31","109","10","100","필댐(균일형)","20982","1345","3","601","601","0","기타","5","4","1"
"4421010017","풍전","충청남도 서산시 인지면 풍전리","1942-01-21","1944-12-29","1","주수원","1110","76","70","655","10","100","필댐(코어형)","142471","648","12","2623","2621","2","사통형","26","25","17"
"4421010018","강수","충청남도 서산시 부석면 강수리","1957-04-08","1957-12-08","2","주수원","140","6","4","37","10","100","필댐(코어형)","2484","136","6","96","96","0","사통형","9","8","5"
"4421010028","마룡","충청남도 서산시 부석면 마룡리","1955-01-01","1961-01-01","1","주수원","114","20","20","40","10","100","필댐(코어형)","21060","393","7","350","346","4","사통형","4","4","1"
"4421010036","중왕","충청남도 서산시 지곡면 중왕리","1986-09-04","1996-12-01","1","주수원","910","51","51","204","10","100","필댐(균일형)","225439","6390","4","1138","1120","18","기타","3","3","-1"
"4421010037","지곡","충청남도 서산시 지곡면 도성리","1946-08-30","1954-07-01","1","주수원","135","27","15","45","10","100","필댐(코어형)","9723","324","4","307","307","0","사통형","5","5","1"
"4421010039","고남","충청남도 서산시 성연면 고남리","1965-01-01","1968-01-01","1","주수원","430","24","20","93","10","20","필댐(코어형)","45111","274","15","1073","1073","0","사통형","43","42","31"
"4421010042","성암","충청남도 서산시 음암면 탑곡리","1963-07-29","1966-12-31","1","주수원","1936","147","104","624","10","100","필댐(코어형)","106030","556","7","3157","3074","84","취수탑형","26","25","20"
"4421010043","신창","충청남도 서산시 운산면 신창리","1976-04-01","1978-06-01","1","주수원","440","21","19","189","10","100","필댐(코어형)","102504","205","23","1835","1787","49","취수탑형","82","81","65"
"4421010044","용현","충청남도 서산시 운산면 용현리","1973-04-01","1974-06-01","1","주수원","123","7","7","33","10","100","필댐(코어형)","34658","140","17","357","357","0","취수탑형","85","84","72"
"4421010045","고풍","충청남도 서산시 운산면 고풍리","1967-04-05","1975-12-31","1","주수원","2590","63","62","1294","10","100","필댐(코어형)","586960","228","33","8360","7822","538","취수탑형","85","85","66"
"4421010052","산수","충청남도 서산시 해미면 산수리","1953-03-04","1962-12-31","1","주수원","1706","51","44","639","10","100","필댐(코어형)","150671","295","23","3445","3316","130","취수탑형","69","67","51"
"4421010053","황락","충청남도 서산시 해미면 황락리","1985-09-30","1991-11-30","1","주수원","420","12","11","77","10","200","필댐(코어형)","61723","167","26","1039","1039","0","사통형","101","100","79"
"4421010054","신송","충청남도 서산시 고북면 신송리","1978-11-10","1984-12-31","1","주수원","680","53","48","407","10","200","필댐(코어형)","192872","573","15","3220","3220","0","사통형","39","38","25"
"4423010001","소룡","충청남도 논산시 연무읍 소룡리","1961-01-01","1963-12-30","2","보조수원","70","2","2","28","10","200","필댐(균일형)","104000","117","25","88","85","3","사통형","71","70","61"
"4423010002","양지","충청남도 논산시 연무읍 양지리","1965-01-01","1966-12-30","2","보조수원","50","0","0","8","10","200","필댐(균일형)","1267","66","4","10","10","0","사통형","81","80","76"
"4423010005","고내","충청남도 논산시 연무읍 고내리","1956-01-01","1956-03-28","2","주수원","199","8","7","77","10","200","필댐(균일형)","15227","127","9","235","230","5","사통형","79","78","72"
"4423010007","고합","충청남도 논산시 연무읍 황화정리","1957-01-01","1957-12-30","2","주수원","152","6","5","64","10","200","필댐(균일형)","64565","364","11","277","273","4","사통형","59","58","52"
"4423010010","안심","충청남도 논산시 연무읍 안심리","1911-01-01","1913-12-30","2","보조수원","40","6","2","5","10","200","필댐(균일형)","1654","252","4","10","10","0","사통형","11","10","10"
"4423010018","소곡","충청남도 논산시 노성면 송당리","1953-01-01","1957-12-30","2","주수원","120","3","3","18","10","200","필댐(균일형)","9765","210","6","35","27","8","사통형","34","34","32"
"4423010020","월명","충청남도 논산시 노성면 송당리","1953-03-20","1957-03-20","2","주수원","67","2","2","25","10","200","필댐(균일형)","4200","139","10","42","37","5","사통형","63","62","58"
"4423010022","가곡","충청남도 논산시 노성면 병사리","1953-01-01","1955-12-30","1","주수원","500","34","26","208","10","200","필댐(균일형)","57529","315","11","726","695","31","사통형","37","36","30"
"4423010030","지경","충청남도 논산시 상월면 지경리","1945-01-01","1945-12-31","2","보조수원","50","3","3","11","10","100","필댐(균일형)","6125","200","5","17","15","2","사통형","32","31","30"
"4423010031","석종","충청남도 논산시 상월면 석종리","1940-01-01","1940-12-30","2","보조수원","39","1","1","9","10","100","필댐(균일형)","2600","130","4","19","18","1","사통형","44","44","42"
"4423010037","띠울","충청남도 논산시 상월면 대명리","1940-01-01","1940-12-30","2","보조수원","40","1","1","4","10","200","필댐(균일형)","1645","60","4","6","6","0","사통형","60","59","57"
"4423010041","한천","충청남도 논산시 상월면 한천리","1945-01-01","1945-12-31","2","보조수원","50","1","1","7","5","100","필댐(균일형)","2167","110","4","1","1","0","사통형","25","24","24"
"4423010042","수정골","충청남도 논산시 상월면 숙진리","1945-01-01","1945-12-10","2","보조수원","80","3","3","5","10","200","필댐(균일형)","3645","185","4","11","10","0","사통형","22","21","20"
"4423010043","도정골","충청남도 논산시 상월면 숙진리","1945-01-01","1945-12-30","2","보조수원","15","1","1","5","5","100","필댐(균일형)","2112","110","4","2","2","0","사통형","12","11","11"
"4423010044","신풍","충청남도 논산시 부적면 신풍리","1965-01-01","1965-12-30","2","보조수원","43","1","1","3","10","200","필댐(균일형)","1800","85","4","7","7","0","사통형","45","44","42"
"4423010045","탑정","충청남도 논산시 부적면 탑정리","1941-03-13","1944-08-31","1","주수원","21880","662","662","5713","10","200","필댐(균일형)","259000","573","18","34983","34940","43","취수탑형","30","30","17"
"4423010046","아곡","충청남도 논산시 부적면 신교리","1910-01-03","1910-12-30","2","보조수원","50","8","7","45","10","200","필댐(균일형)","17820","270","12","151","138","13","사통형","25","24","21"
"4423010047","평촌","충청남도 논산시 부적면 반송리","1910-08-20","1911-03-22","2","보조수원","15","3","2","10","5","100","필댐(균일형)","2875","200","5","19","15","4","사통형","23","22","21"
"4423010055","양동","충청남도 논산시 연산면 신양리","1945-01-01","1945-12-30","2","보조수원","3","0","0","3","10","200","필댐(균일형)","641","53","5","1","1","0","사통형","87","86","84"
"4423010067","임화","충청남도 논산시 양촌면 임화리","1976-01-01","1979-12-30","1","주수원","191","9","8","41","10","200","필댐(균일형)","74260","190","17","494","480","14","사통형","131","130","119"
"4423010073","서당","충청남도 논산시 양촌면 반곡리","1945-01-01","1945-12-30","2","보조수원","19","1","1","12","10","100","필댐(균일형)","2203","102","4","17","13","4","사통형","60","59","57"
"4423010080","강청","충청남도 논산시 가야곡면 강청리","1975-12-01","1976-12-30","1","주수원","178","7","7","70","10","200","필댐(균일형)","60720","165","16","323","234","89","사통형","80","78","69"
"4423010081","국동","충청남도 논산시 가야곡면 함적리","1945-01-01","1946-12-30","2","보조수원","43","1","1","9","10","100","필댐(균일형)","2427","132","4","12","10","1","사통형","53","52","50"
"4423010085","유와골","충청남도 논산시 은진면 용산리","1957-01-01","1961-12-30","2","보조수원","35","1","1","14","5","100","필댐(균일형)","4307","87","9","8","8","0","사통형","33","33","31"
"4423010086","성덕","충청남도 논산시 은진면 성덕리","1935-01-01","1935-12-31","2","보조수원","15","0","0","4","5","100","필댐(균일형)","2037","76","4","2","2","0","사통형","18","18","17"
"4423010087","수락","충청남도 논산시 벌곡면 수락리","2000-01-03","2002-12-31","1","주수원","621","14","12","192","10","200","필댐(균일형)","10268","124","26","921","856","65","사통형","223","222","210"
"4471010014","화림","충청남도 금산군 금성면 화림리","1950-04-20","1956-12-28","1","주수원","466","11","10","95","10","100","필댐(죤형)","30127","103","13","390","390","0","사통형","164","163","156"
"4471010057","홍도","충청남도 금산군 남일면 신정리","1971-10-01","1974-01-01","2","보조수원","230","2","2","30","10","100","필댐(죤형)","13809","56","14","55","55","0","사통형","212","210","202"
"4471010058","신동","충청남도 금산군 남일면 신동리","1956-01-01","1961-01-01","1","주수원","670","12","20","60","10","100","필댐(죤형)","40275","139","19","1887","1881","7","사통형","233","232","213"
"4471010071","청림","충청남도 금산군 진산면 행정리","1967-01-01","1970-01-01","1","주수원","480","11","10","85","10","100","필댐(죤형)","62524","196","15","691","679","11","사통형","216","215","202"
"4471010082","지동","충청남도 금산군 추부면 용지리","1952-03-20","1958-01-01","2","주수원","280","8","7","59","10","100","필댐(죤형)","32405","114","12","164","164","0","사통형","204","202","195"
"4471010087","장산","충청남도 금산군 추부면 요광리","1952-03-20","1958-01-01","2","주수원","186","7","6","16","10","100","필댐(죤형)","38544","176","15","222","220","2","사통형","214","213","206"
"4471010088","동곡","충청남도 금산군 제원면 동곡리","1997-12-04","2002-12-31","1","주수원","450","10","9","124","10","100","필댐(죤형)","159600","122","30","848","826","22","취수탑형","198","196","179"
"4471010089","숭암","충청남도 금산군 추부면 장대리","1952-12-26","1958-01-01","1","주수원","358","11","10","95","10","100","필댐(죤형)","22176","88","13","438","414","23","사통형","210","209","202"
"4471010090","석동","충청남도 금산군 남이면 석동리","1998-12-24","2005-12-26","1","주수원","323","10","10","151","10","200","필댐(죤형)","188220","174","28","993","928","65","취수탑형","254","253","237"
"4473010004","용암","세종특별자치시 연서면 용암리","1979-12-20","1989-01-01","1","주수원","1620","92","79","478","10","100","필댐(죤형)","84524","226","17","5284","4868","416","취수탑형","61","61","50"
"4476010006","반산","충청남도 부여군 규암면 석우리","1946-06-01","1956-06-30","1","주수원","1740","138","125","765","10","200","필댐(균일형)","438043","907","13","5692","5652","40","취수탑형","18","17","8"
"4476010042","상천","충청남도 부여군 홍산면 상천리","1942-01-01","1943-12-01","1","주수원","353","12","11","183","10","200","필댐(균일형)","69176","110","17","684","615","69","사통형","70","69","58"
"4476010046","옥산","충청남도 부여군 옥산면 봉산리","1929-04-01","1930-09-01","1","주수원","1700","75","73","482","10","200","필댐(균일형)","1534326","548","12","2682","2413","269","사통형","27","26","21"
"4476010060","복심","충청남도 부여군 충화면 복금리","1929-04-01","1930-09-01","1","주수원","1761","111","96","479","10","200","필댐(죤형)","74622","326","13","4711","4706","5","취수탑형","21","20","12"
"4476010069","덕용","충청남도 부여군 양화면 송정리","1943-12-06","1955-05-31","1","주수원","1580","101","86","1071","10","200","필댐(죤형)","19757","298","18","5661","5661","0","취수탑형","29","28","15"
"4476010076","가신","충청남도 부여군 임천면 가신리","1940-11-01","1941-12-01","1","주수원","200","14","13","62","10","200","필댐(균일형)","42374","164","12","433","426","7","사통형","28","27","20"
"4476010084","두곡","충청남도 부여군 임천면 두곡리","1943-01-01","1944-12-01","2","주수원","92","4","3","22","10","200","필댐(균일형)","15484","135","7","111","100","11","사통형","36","35","30"
"4476010094","마하동","충청남도 부여군 세도면 귀덕리","1944-01-01","1945-05-31","2","주수원","65","7","6","36","10","200","필댐(균일형)","14689","163","5","137","129","8","사통형","12","11","8"
"4476010095","삼산","충청남도 부여군 외산면 삼산리","2001-12-17","2009-12-30","1","주수원","180","6","5","80","10","200","필댐(균일형)","182440","210","26","546","543","3","취수탑형","167","166","145"
"4476010096","화성","충청남도 부여군 외산면 화성리","2001-12-17","2009-12-30","1","주수원","205","11","9","80","10","200","필댐(균일형)","123880","200","25","724","721","4","취수탑형","183","182","166"
"4477010004","축동","충청남도 서천군 한산면 축동리","1945-09-01","1955-05-31","1","주수원","752","96","82","370","10","200","필댐(죤형)","7612","397","6","1707","1491","216","취수탑형","17","16","15"
"4477010006","동부","충청남도 서천군 시초면 봉선리","1923-11-17","1926-06-10","1","주수원","2834","268","244","2477","10","200","필댐(죤형)","6665","126","12","12182","10734","1448","취수탑형","17","16","7"
"4477010007","문산","충청남도 서천군 문산면 신농리","1957-12-15","1964-12-04","1","주수원","960","40","37","261","10","200","필댐(죤형)","13965","350","11","973","973","0","사통형","15","11","5"
"4477010010","종천","충청남도 서천군 판교면 상좌리","1956-10-21","1962-05-31","1","주수원","1200","52","50","385","10","200","필댐(죤형)","221334","254","20","3381","3353","28","사통형","44","43","27"
"4477010011","서부","충청남도 서천군 판교면 흥림리","1923-11-17","1926-06-10","1","주수원","3039","139","125","1627","10","200","필댐(죤형)","24513","298","18","8018","7989","29","취수탑형","23","21","10"
"4477010015","안치","충청남도 서천군 비인면 성북리","1943-09-04","1945-09-20","2","주수원","110","9","4","53","10","200","필댐(죤형)","2875","80","12","167","167","0","사통형","15","14","7"
"4477010020","주항","충청남도 서천군 서면 주항리","1946-11-01","1958-08-28","1","주수원","367","32","32","163","10","200","필댐(죤형)","4514","283","8","744","691","53","취수탑형","9","8","5"
"4479010002","적누","충청남도 청양군 청양읍 적누리","1985-08-12","1997-12-31","1","주수원","452","25","23","164","10","200","필댐(죤형)","1489000","212","32","2626","2611","15","취수탑형","124","123","101"
"4479010014","모곡","충청남도 청양군 운곡면 모곡리","1977-01-01","1978-12-31","2","주수원","58","1","2","13","5","100","필댐(죤형)","2770","60","5","8","8","0","사통형","113","112","108"
"4479010015","신대(운곡)","충청남도 청양군 운곡면 신대리","1975-11-17","1977-12-20","1","주수원","962","28","28","191","10","200","필댐(죤형)","1599000","203","19","2990","2930","60","사통형","100","98","83"
"4479010033","천장","충청남도 청양군 정산면 천장리","1972-12-14","1978-12-31","1","주수원","1270","26","24","551","10","200","필댐(죤형)","2160000","244","31","2882","2878","5","취수탑형","100","99","73"
"4479010038","내지곡","충청남도 청양군 목면 지곡리","1943-01-01","1945-12-31","2","주수원","32","1","1","18","5","100","필댐(죤형)","4900","59","5","3","3","0","사통형","41","40","37"
"4479010041","아산","충청남도 청양군 청남면 아산리","1943-01-01","1945-12-31","2","주수원","29","1","2","20","10","100","필댐(죤형)","4600","64","3","9","9","0","사통형","29","28","26"
"4479010044","도림","충청남도 청양군 장평면 적곡리","1987-12-01","2001-12-15","1","주수원","650","27","26","482","10","200","필댐(죤형)","3160000","175","39","3829","3776","53","취수탑형","92","91","63"
"4479010046","관현(갓고개)","충청남도 청양군 장평면 관현리","1943-01-01","1945-12-31","2","주수원","78","1","1","20","10","200","필댐(죤형)","21000","60","6","4","4","0","사통형","40","39","37"
"4479010061","화암","충청남도 청양군 화성면 화암리","1943-11-11","1945-03-30","1","주수원","170","7","7","69","10","200","필댐(죤형)","314000","72","13","414","401","14","사통형","121","119","109"
"4479010063","신리","충청남도 청양군 화성면 수정리","1944-01-01","1945-03-31","2","주수원","68","2","2","32","10","100","필댐(죤형)","99000","92","15","159","159","0","사통형","104","103","93"
"4479010065","수정","충청남도 청양군 화성면 수정리","1989-01-01","1994-12-31","1","주수원","106","5","5","53","10","200","필댐(죤형)","322000","196","24","337","337","1","사통형","119","118","102"
"4479010067","원당1","충청남도 청양군 화성면 용당리","1963-01-01","1965-12-31","2","주수원","25","2","1","10","10","100","필댐(죤형)","8000","48","11","14","14","0","사통형","104","103","96"
"4479010070","매산","충청남도 청양군 화성면 매산리","1976-12-01","1979-09-28","1","주수원","345","9","9","102","10","200","필댐(죤형)","412000","166","20","555","554","1","사통형","104","103","89"
"4479010075","사점","충청남도 청양군 비봉면 사점리","1944-01-03","1945-03-30","2","주수원","207","7","6","100","10","100","필댐(죤형)","328000","82","15","297","297","0","사통형","72","72","61"
"4479010076","관산2","충청남도 청양군 비봉면 관산리","1975-01-01","1977-12-31","2","주수원","143","2","2","12","10","100","필댐(죤형)","23000","56","12","29","29","0","사통형","93","92","86"
"4479010077","관산","충청남도 청양군 비봉면 관산리","1985-08-12","1997-12-31","1","주수원","250","12","11","156","10","200","필댐(죤형)","995000","168","31","1170","1170","0","취수탑형","108","107","84"
"4479010079","갈망골","충청남도 청양군 비봉면 강정리","2000-12-19","2004-12-20","2","주수원","55","4","4","28","10","100","필댐(죤형)","15500","137","9","189","155","34","사통형","55","54","48"
"4479010080","안골","충청남도 청양군 비봉면 강정리","1962-01-01","1964-12-31","2","주수원","35","1","1","15","10","200","필댐(죤형)","8880","93","5","15","15","0","사통형","47","46","43"
"4479010083","용천","충청남도 청양군 비봉면 용천리","1956-01-01","1958-12-31","2","주수원","102","5","5","36","10","100","필댐(죤형)","131000","249","8","156","150","6","사통형","67","66","62"
"4479010084","방한","충청남도 청양군 비봉면 방한리","1956-01-02","1958-12-31","2","주수원","100","3","3","70","10","200","필댐(죤형)","147000","174","13","140","119","22","사통형","86","85","80"
"4479010085","신정","충청남도 청양군 화성면 신정리","1970-01-01","1971-12-31","2","주수원","75","2","1","27","10","200","필댐(죤형)","45200","67","12","49","49","0","사통형","95","94","89"
"4479010086","원용두","충청남도 청양군 정산면 용두리","1954-01-01","1955-12-31","2","주수원","174","2","1","22","5","200","필댐(죤형)","10200","125","5","15","15","0","사통형","67","66","64"
"4479010087","은곡","충청남도 청양군 장평면 적곡리","1987-12-01","2001-12-31","1","주수원","168","12","11","125","10","200","필댐(죤형)","867000","169","29","922","867","55","사통형","85","84","72"
"4479010088","장재","충청남도 청양군 비봉면 장재리","1956-01-01","1958-12-31","2","주수원","29","1","2","11","5","100","필댐(죤형)","7890","82","4","12","12","0","사통형","67","66","64"
"4479010089","대박","충청남도 청양군 정산면 대박리","2002-09-10","2005-12-23","1","주수원","77","4","4","50","10","200","필댐(죤형)","275000","146","25","347","345","2","사통형","115","114","100"
"4479010090","칠갑","충청남도 청양군 대치면 광대리","1991-08-12","2013-12-31","1","주수원","1730","66","59","682","10","200","필댐(죤형)","299212","250","31","5085","4760","325","취수탑형","141","139","125"
"4479010157","온암","충청남도 청양군 남양면 온암리","2003-12-17","2017-12-31","1","주수원","750","28","25","","10","100","필댐(죤형)","","241","22","2024","1747","277","취수탑형","124","122","110"
"4479010170","본의","충청남도 청양군 목면 본의리","2006-12-22","2018-12-20","1","주수원","380","19","18","","10","200","필댐(죤형)","181000","181","33","1600","1390","210","취수탑형","69","68","50"
"4480010004","벽정","충청남도 홍성군 광천읍 벽계리","1941-01-01","1945-01-01","2","주수원","210","13","6","58","10","100","필댐(균일형)","5724","106","11","205","205","0","사통형","35","34","28"
"4480010007","월암","충청남도 홍성군 금마면 봉서리","1981-03-07","1992-01-01","1","주수원","205","9","8","35","10","100","필댐(균일형)","8232","168","10","323","309","14","사통형","63","62","55"
"4480010008","홍양","충청남도 홍성군 금마면 장성리","1941-01-01","1945-01-01","1","주수원","2410","104","67","442","10","100","필댐(균일형)","9455","153","10","2057","2057","0","사통형","34","32","24"
"4480010011","장곡","충청남도 홍성군 장곡면 죽전리","1976-01-01","1978-01-01","1","주수원","1064","39","30","255","10","100","필댐(균일형)","38137","521","12","1122","1122","0","사통형","42","41","34"
"4480010012","홍동","충청남도 홍성군 장곡면 지정리","1945-01-01","1955-01-01","1","주수원","1480","60","41","235","10","100","필댐(균일형)","9970","191","9","1064","1064","0","사통형","45","44","40"
"4480010039","가곡","충청남도 홍성군 갈산면 가곡리","1982-01-01","1984-01-01","1","주수원","462","20","19","201","10","200","필댐(균일형)","31590","234","23","1575","1543","32","사통형","86","86","71"
"4480010042","대사","충청남도 홍성군 갈산면 대사리","1978-01-01","1984-01-01","1","주수원","290","18","17","163","10","100","필댐(균일형)","30960","240","22","1376","1376","0","사통형","88","87","69"
"4480010043","공리","충청남도 홍성군 구항면 공리","1983-01-01","1985-01-01","1","주수원","370","33","30","168","10","100","필댐(균일형)","12160","152","16","1507","1463","44","사통형","45","44","33"
"4480010044","천태","충청남도 홍성군 장곡면 행정리","1996-12-27","2005-12-20","1","주수원","881","43","36","246","10","200","필댐(균일형)","9707","108","15","1477","1290","187","취수탑형","53","52","45"
"4481010005","수철","충청남도 예산군 예산읍 수철리","1930-01-01","1931-08-31","1","주수원","490","17","14","202","10","200","필댐(죤형)","196000","224","17","785","783","3","사통형","136","135","124"
"4481010006","방산","충청남도 예산군 대술면 상항리","1976-11-09","1982-11-30","1","주수원","690","38","33","266","10","200","필댐(죤형)","242377","330","19","2065","2054","11","사통형","95","95","82"
"4481010007","송석","충청남도 예산군 대술면 송석리","1976-08-16","1982-11-30","1","주수원","560","27","24","171","10","200","필댐(죤형)","280000","270","20","1430","1416","14","사통형","116","116","104"
"4481010012","여래미","충청남도 예산군 신양면 여래미리","1985-08-10","1990-12-20","1","주수원","380","15","14","138","10","200","필댐(죤형)","292560","184","27","1366","1242","124","취수탑형","102","101","85"
"4481010019","산묵","충청남도 예산군 광시면 대리","1979-12-27","1982-12-20","1","주수원","220","11","9","98","10","200","필댐(죤형)","120800","99","22","730","714","16","사통형","92","91","76"
"4481010020","보강(대리)","충청남도 예산군 광시면 대리","1979-12-27","1982-12-20","1","주수원","160","7","6","71","10","200","필댐(죤형)","200800","103","27","490","490","0","사통형","97","96","78"
"4481010021","예당(대흥)","충청남도 예산군 응봉면 입침리","1952-12-29","1964-12-31","1","주수원","37360","1180","1089","6917","10","200","필댐(죤형)","164000","248","19","47103","46070","1033","취수탑형","23","23","15"
"4481010022","옥계","충청남도 예산군 덕산면 옥계리","1952-10-04","1957-06-29","1","주수원","1182","43","43","297","10","200","필댐(죤형)","22428","178","18","3051","3014","37","취수탑형","72","71","59"
"4481010023","상가","충청남도 예산군 덕산면 상가리","1985-10-10","1992-12-31","1","주수원","234","4","4","17","10","200","필댐(죤형)","11008","283","28","348","333","15","사통형","175","172","158"
"4481010024","용봉","충청남도 예산군 덕산면 둔리","1976-06-05","1978-12-20","1","주수원","420","19","17","92","10","200","필댐(죤형)","49000","148","11","521","517","5","사통형","59","58","52"
"4481010025","광천","충청남도 예산군 덕산면 광천리","1985-01-01","1988-01-01","1","주수원","120","4","4","65","10","100","필댐(균일형)","11468","139","17","318","318","0","사통형","101","100","86"
"4481010027","봉림","충청남도 예산군 봉산면 봉림리","1942-05-09","1944-03-28","1","주수원","745","27","27","234","10","200","필댐(죤형)","27431","359","18","2221","2217","4","취수탑형","78","77","63"
"4481010050","하천","충청남도 예산군 신양면 하천리","2005-12-13","2012-11-30","1","주수원","190","12","11","91","10","200","필댐(죤형)","4800","231","21","811","707","104","사통형","92","92","78"
"4482010002","인평","충청남도 태안군 태안읍 인평리","1937-04-10","1938-12-30","1","주수원","1062","54","44","203","10","100","필댐(코어형)","27522","527","7","970","891","79","사통형","7","6","3"
"4482010009","승언1호","충청남도 태안군 안면읍 승언리","1954-03-25","1959-12-31","2","주수원","176","21","21","42","10","100","필댐(코어형)","8085","280","4","246","244","2","기타","4","3","1"
"4482010010","승언2호","충청남도 태안군 안면읍 승언리","1954-03-25","1959-12-31","1","주수원","283","52","49","98","10","100","필댐(코어형)","11606","290","6","618","618","0","사통형","5","4","2"
"4482010011","승언3호","충청남도 태안군 안면읍 승언리","1954-03-25","1959-12-31","2","주수원","104","17","16","41","10","100","필댐(코어형)","11606","416","4","229","228","1","사통형","5","4","2"
"4482010015","창기","충청남도 태안군 안면읍 창기리","1954-03-25","1959-12-31","1","주수원","88","11","11","33","7","100","필댐(코어형)","12716","294","4","309","265","44","사통형","6","5","2"
"4482010016","미포","충청남도 태안군 안면읍 창기리","1979-01-01","1983-01-01","1","주수원","33","21","21","167","10","100","필댐(코어형)","110594","895","11","1221","947","275","사통형","9","8","3"
"4482010019","신야","충청남도 태안군 안면읍 중장리","1978-11-07","1982-12-22","2","주수원","386","12","12","74","5","100","필댐(코어형)","32150","596","6","265","265","0","기타","9","9","0"
"4482010021","지포","충청남도 태안군 안면읍 중장리","1956-06-25","1960-12-30","2","주수원","127","19","19","71","10","100","필댐(코어형)","17139","529","4","269","269","1","사통형","4","4","1"
"4482010027","수룡","충청남도 태안군 근흥면 수룡리","1957-06-27","1960-12-31","1","주수원","750","75","50","269","5","40","필댐(코어형)","15825","211","8","1287","1285","2","사통형","10","9","5"
"4482010033","송현","충청남도 태안군 소원면 송현리","1978-11-07","1982-12-30","2","주수원","258","11","11","88","10","100","필댐(코어형)","15584","234","6","221","220","1","사통형","5","5","1"
"4482010034","구들","충청남도 태안군 소원면 의항리","1975-01-01","1977-01-01","2","주수원","32","1","1","4","10","10","필댐(코어형)","1905","127","3","8","8","0","사통형","4","3","1"
"4482010036","반계1호","충청남도 태안군 원북면 반계리","1929-04-10","1930-12-30","1","주수원","287","28","25","83","5","20","필댐(코어형)","24300","324","8","447","445","2","기타","5","4","2"
"4482010038","황촌3호","충청남도 태안군 원북면 황촌리","1929-04-10","1930-12-30","2","주수원","62","4","4","12","5","20","필댐(코어형)","4672","146","4","56","56","0","사통형","4","4","1"
"4482010039","신두2호","충청남도 태안군 원북면 신두리","1929-04-10","1930-12-30","2","주수원","138","14","13","37","7","20","필댐(코어형)","6008","268","5","182","181","1","사통형","5","4","2"
"4482010045","사창","충청남도 태안군 이원면 사창리","1948-01-01","1952-12-26","1","주수원","215","19","16","58","10","100","필댐(코어형)","16380","407","6","446","313","133","사통형","5","5","2"
"4482510001","중장","충청남도 태안군 안면읍 중장리","1999-12-11","2002-12-10","1","주수원","16","9","9","78","10","20","필댐(코어형)","165478","624","16","624","513","111","사통형","10","9","2"
"4482510002","대야","충청남도 태안군 안면읍 중장리","1999-03-15","2007-12-31","1","주수원","125","40","40","293","10","10","필댐(균일형)","108038","374","13","2086","1884","202","사통형","10","9","4"
"4482510003","장곡","충청남도 태안군 고남면 장곡리","1998-12-01","2007-12-31","1","주수원","74","9","9","47","10","100","필댐(균일형)","56254","228","9","395","365","31","사통형","10","9","4"
"4483010007","백미","충청남도 당진시 합덕읍 대전리","1935-03-01","1938-12-30","2","주수원","220","9","8","28","3","20","필댐(균일형)","185855","471","5","215","94","122","사통형","13","12","11"
"4483010008","온동","충청남도 당진시 고대면 당진포리","1925-01-01","1933-01-01","2","주수원","150","10","10","23","3","20","필댐(균일형)","55968","521","4","86","86","0","기타","5","4","3"
"4483010009","항곡","충청남도 당진시 고대면 항곡리","1952-01-17","1955-06-30","2","보조수원","104","4","4","30","3","20","필댐(균일형)","35477","200","7","94","82","12","사통형","12","11","7"
"4483010010","석문","충청남도 당진시 석문면 삼봉리","1963-07-01","1968-06-21","1","보조수원","1750","84","59","135","3","20","필댐(균일형)","110688","350","11","975","975","0","사통형","2","1","-5"
"4483010035","순성","충청남도 당진시 면천면 원동리","1953-03-01","1959-12-31","1","주수원","850","40","40","257","3","20","필댐(균일형)","103343","464","9","1428","1357","71","사통형","35","34","29"
"4483010043","초대","충청남도 당진시 신평면 초대리","1971-07-24","1975-12-30","1","주수원","470","39","24","147","3","20","필댐(균일형)","51773","279","8","1080","1026","54","사통형","14","13","9"
"4483010044","오봉","충청남도 당진시 신평면 상오리","1921-04-12","1922-05-15","1","주수원","2020","46","46","367","3","20","필댐(균일형)","36330","405","5","875","875","0","취수탑형","11","10","7"
"4483010047","송악","충청남도 당진시 송악읍 가교리","1952-04-01","1958-12-31","1","주수원","254","13","10","161","3","20","필댐(균일형)","49030","166","10","488","463","25","사통형","34","33","27"
"4483010048","전대","충청남도 당진시 송악읍 전대리","1957-02-01","1959-12-31","1","주수원","234","16","16","105","3","20","필댐(균일형)","35299","210","8","619","587","32","사통형","14","13","7"
"4483010049","당산","충청남도 당진시 송산면 당산리","1941-03-03","1944-12-29","2","보조수원","170","12","5","30","3","20","필댐(균일형)","6240","450","4","37","37","0","기타","5","4","2"
"4511010037","은석","전라북도 전주시 완산구 색장동","1953-01-01","1957-01-01","2","주수원","148","2","1","12","10","100","필댐(죤형)","27544","94","15","68","68","0","사통형","99","98","93"
"4511010050","인교","전라북도 전주시 덕진구 우아동1가","1952-01-01","1961-10-30","1","주수원","1015","30","26","188","10","100","필댐(죤형)","108038","205","15","1388","1376","12","취수탑형","77","76","64"
"4511010055","전당","전라북도 전주시 덕진구 전미동1가","1938-01-01","1940-01-01","2","주수원","17","2","2","5","10","100","필댐(죤형)","2806","115","3","27","27","0","사통형","27","26","25"
"4511010056","백석","전라북도 전주시 덕진구 전미동1가","1955-01-01","1964-01-01","1","주수원","10625","35","32","374","10","100","필댐(죤형)","218888","625","13","1560","1461","99","사통형","30","30","23"
"4511010059","기지","전라북도 전주시 덕진구 장동","1930-01-01","1934-01-01","1","주수원","790","42","39","128","10","100","필댐(죤형)","121144","500","9","799","799","0","사통형","23","22","18"
"4513010006","미룡","전라북도 군산시 미룡동","1957-01-01","1959-12-31","1","주수원","366","88","88","1000","10","200","필댐(죤형)","45895","270","10","3953","3953","0","사통형","13","12","6"
"4513010007","옥녀","전라북도 군산시 개사동","1965-01-01","1970-12-30","1","주수원","85","85","85","392","10","200","필댐(죤형)","177949","3770","5","2630","2578","52","사통형","7","6","3"
"4513010011","훈제","전라북도 군산시 옥구읍 수산리","1931-01-01","1932-12-30","2","주수원","62","4","4","19","10","200","필댐(죤형)","3723","146","3","80","80","0","사통형","5","4","2"
"4513010012","금산","전라북도 군산시 옥구읍 오곡리","1931-01-01","1932-12-30","2","주수원","37","2","2","16","10","200","필댐(죤형)","4650","125","4","40","40","0","사통형","11","10","8"
"4513010013","신장","전라북도 군산시 옥구읍 오곡리","1932-01-01","1933-12-30","2","주수원","20","2","2","8","10","200","필댐(죤형)","9000","120","6","54","54","0","사통형","11","11","7"
"4513010020","백석","전라북도 군산시 옥산면 당북리","1942-01-01","1945-12-30","2","주수원","70","21","14","52","10","200","필댐(죤형)","8564","260","3","148","148","0","사통형","6","6","4"
"4513010023","대위","전라북도 군산시 회현면 고사리","1956-01-01","1962-01-01","1","주수원","100","29","29","230","10","200","필댐(죤형)","41217","252","9","1147","1147","0","사통형","13","12","6"
"4513010025","원우","전라북도 군산시 회현면 원우리","1936-01-01","1937-12-30","2","주수원","30","3","2","17","10","200","필댐(죤형)","2509","193","2","39","39","0","사통형","9","8","6"
"4513010033","축산","전라북도 군산시 임피면 축산리","1953-01-01","1955-12-30","2","주수원","150","9","8","114","10","200","필댐(죤형)","28216","179","9","205","205","0","사통형","36","35","29"
"4513010043","왕산","전라북도 군산시 임피면 보석리","1929-01-01","1930-12-30","2","주수원","25","1","1","3","10","200","필댐(죤형)","6796","166","5","18","18","0","사통형","9","9","6"
"4513010044","금굴","전라북도 군산시 임피면 보석리","1953-01-01","1955-12-30","2","보조수원","120","11","10","53","10","200","필댐(죤형)","15780","292","6","232","206","26","사통형","9","8","5"
"4513010060","수시","전라북도 군산시 서수면 마룡리","1944-01-01","1945-12-30","2","주수원","38","5","5","63","10","200","필댐(죤형)","16048","472","4","76","76","0","사통형","11","10","8"
"4513010064","중초산","전라북도 군산시 대야면 보덕리","1927-01-01","1928-12-30","2","보조수원","60","1","1","29","10","200","필댐(죤형)","10150","100","7","25","25","0","사통형","23","23","18"
"4513010065","북초산","전라북도 군산시 대야면 보덕리","1942-01-01","1943-12-30","2","주수원","15","1","1","4","10","200","필댐(죤형)","5500","110","5","21","21","0","사통형","22","21","17"
"4513010069","충량","전라북도 군산시 개정면 아동리","1937-01-01","1937-12-30","2","보조수원","14","1","1","5","10","200","필댐(죤형)","2100","70","4","9","9","0","사통형","8","8","6"
"4513010071","냉정","전라북도 군산시 개정면 아산리","1933-01-01","1935-12-30","2","주수원","20","1","1","7","10","200","필댐(죤형)","3400","183","6","12","12","0","사통형","13","11","10"
"4513010073","성덕","전라북도 군산시 성산면 성덕리","1939-01-01","1940-12-30","2","주수원","103","6","5","17","10","200","필댐(죤형)","11631","181","5","103","103","0","사통형","8","7","5"
"4513010074","요동","전라북도 군산시 성산면 성덕리","1953-01-01","1954-12-30","2","보조수원","40","2","2","4","10","200","필댐(죤형)","7700","140","5","46","46","0","사통형","10","9","6"
"4513010075","후곡","전라북도 군산시 성산면 성덕리","1953-01-01","1954-12-30","2","주수원","22","2","1","7","10","100","필댐(죤형)","9843","125","5","36","36","0","사통형","9","9","5"
"4513010076","죽곡","전라북도 군산시 성산면 성덕리","1953-01-01","1954-12-30","2","보조수원","24","3","2","18","10","200","필댐(죤형)","4936","182","4","34","34","0","사통형","12","11","8"
"4513010085","옥곡","전라북도 군산시 성산면 대명리","1967-01-01","1975-12-30","1","주수원","89","48","48","477","10","200","필댐(죤형)","14175","630","13","2114","2114","0","사통형","15","14","5"
"4513010096","강정","전라북도 군산시 나포면 옥곤리","1932-01-01","1932-12-30","2","주수원","90","3","3","30","10","200","필댐(죤형)","4223","206","6","66","66","0","사통형","10","10","7"
"4513010097","대동","전라북도 군산시 나포면 주곡리","1963-01-01","1965-12-30","2","주수원","75","8","7","68","10","200","필댐(죤형)","10098","176","9","236","236","0","사통형","16","15","10"
"4513010099","부곡","전라북도 군산시 나포면 부곡리","1944-01-01","1948-03-31","2","주수원","141","7","6","66","10","200","필댐(죤형)","35938","151","9","217","217","0","사통형","20","19","13"
"4513010104","옥구","전라북도 군산시 옥구읍 어은리","1921-01-01","1923-12-30","1","주수원","322","322","322","2260","10","200","필댐(죤형)","860362","6086","5","12857","12826","31","기타","9","8","4"
"4514010018","도촌","전라북도 익산시 황등면 죽촌리","1944-02-01","1945-12-31","2","보조수원","10","2","2","11","10","20","필댐(죤형)","2040","136","3","31","31","0","사통형","17","17","15"
"4514010019","죽촌","전라북도 익산시 황등면 죽촌리","1944-02-01","1945-12-31","2","보조수원","38","2","2","18","10","20","필댐(죤형)","1800","120","2","5","5","0","사통형","18","17","17"
"4514010020","부마","전라북도 익산시 황등면 죽촌리","1943-02-01","1945-01-01","2","보조수원","8","1","1","10","10","20","필댐(죤형)","1575","105","2","2","2","0","사통형","13","13","12"
"4514010021","금성","전라북도 익산시 황등면 죽촌리","1944-02-01","1945-12-31","2","보조수원","15","3","3","13","10","20","필댐(죤형)","7650","204","3","54","54","0","사통형","10","10","8"
"4514010022","신성","전라북도 익산시 황등면 구자리","1944-02-01","1945-12-31","2","보조수원","7","3","3","8","10","20","필댐(죤형)","2850","190","5","36","36","0","사통형","18","18","16"
"4514010025","백운","전라북도 익산시 함라면 함열리","1943-02-01","1944-12-31","2","주수원","31","1","1","10","10","50","필댐(죤형)","7500","125","5","16","13","3","사통형","40","39","36"
"4514010032","입남","전라북도 익산시 함라면 신등리","1934-02-01","1935-12-31","2","주수원","103","6","5","6","10","50","필댐(죤형)","62220","258","9","186","186","0","사통형","32","31","26"
"4514010033","소룡","전라북도 익산시 함라면 신목리","1941-02-01","1942-12-31","2","주수원","64","1","1","16","10","50","필댐(죤형)","3800","124","4","21","19","2","사통형","32","31","28"
"4514010035","입북","전라북도 익산시 웅포면 입점리","1941-02-01","1942-12-31","2","주수원","30","1","1","2","10","20","필댐(죤형)","5160","86","4","6","6","0","사통형","54","53","52"
"4514010038","오류","전라북도 익산시 웅포면 웅포리","1941-02-01","1942-12-31","2","보조수원","135","2","2","12","10","20","필댐(죤형)","14880","124","6","20","20","0","사통형","10","8","7"
"4514010040","진소","전라북도 익산시 웅포면 송천리","1941-02-01","1942-12-31","2","주수원","24","1","1","4","10","20","필댐(죤형)","7087","110","6","16","16","0","사통형","15","15","12"
"4514010041","송천","전라북도 익산시 웅포면 송천리","1967-02-01","1969-01-01","2","주수원","177","4","4","36","10","20","필댐(죤형)","36135","132","10","176","167","10","사통형","22","21","16"
"4514010042","고창","전라북도 익산시 웅포면 고창리","1929-02-01","1930-12-31","2","주수원","166","1","1","5","10","200","필댐(죤형)","7500","125","4","20","17","3","사통형","14","13","12"
"4514010045","서산","전라북도 익산시 웅포면 맹산리","1944-02-01","1945-12-31","2","주수원","8","1","1","8","10","20","필댐(죤형)","12240","90","5","10","10","0","사통형","9","9","7"
"4514010055","어란","전라북도 익산시 낭산면 호암리","1944-02-01","1945-12-31","2","주수원","20","2","2","13","10","20","필댐(죤형)","5700","152","4","30","30","0","사통형","17","17","14"
"4514010061","낭산","전라북도 익산시 낭산면 낭산리","1945-02-01","1947-01-01","1","주수원","626","25","25","297","20","20","필댐(죤형)","65124","207","14","1320","1270","50","사통형","30","29","20"
"4514010069","옥금","전라북도 익산시 여산면 제남리","1943-02-01","1944-12-31","1","주수원","235","19","15","86","20","20","필댐(죤형)","38100","175","10","357","357","0","사통형","29","28","23"
"4514010072","학동","전라북도 익산시 여산면 원수리","1943-02-01","1944-12-31","2","주수원","122","6","5","44","10","20","필댐(죤형)","50482","273","13","285","285","0","사통형","77","76","66"
"4514010073","원수","전라북도 익산시 여산면 원수리","1944-02-01","1950-01-01","1","주수원","365","15","14","169","20","20","필댐(죤형)","66482","226","10","602","602","0","사통형","59","59","51"
"4514010084","현천","전라북도 익산시 여산면 태성리","1936-01-01","1939-03-30","1","주수원","545","13","12","196","10","200","필댐(균일형)","5147","180","8","308","300","8","사통형","41","39","35"
"4514010093","금마","전라북도 익산시 금마면 동고도리","1940-02-01","1941-12-31","1","주수원","452","25","25","229","20","20","필댐(죤형)","69225","142","13","935","818","117","사통형","42","42","36"
"4514010124","도순","전라북도 익산시 왕궁면 용화리","1941-02-01","1942-12-31","1","주수원","275","17","14","154","20","20","필댐(죤형)","70803","166","12","560","538","22","사통형","58","57","51"
"4514010130","왕궁","전라북도 익산시 왕궁면 동용리","1928-02-01","1931-01-01","1","주수원","866","50","48","541","20","20","필댐(죤형)","174492","343","13","1957","1941","16","사통형","52","52","43"
"4514010138","고교","전라북도 익산시 삼기면 서두리","1944-02-01","1945-12-31","2","보조수원","36","2","1","16","10","20","필댐(죤형)","8280","138","4","10","8","2","사통형","19","19","18"
"4514010143","흥왕","전라북도 익산시 용동면 흥왕리","1944-02-01","1945-12-31","2","보조수원","24","1","1","7","10","20","필댐(죤형)","4500","120","3","3","3","0","사통형","11","11","10"
"4514010147","당하","전라북도 익산시 용동면 대조리","1944-02-01","1945-12-31","2","보조수원","23","4","4","80","10","20","필댐(죤형)","5686","230","3","67","65","2","사통형","7","7","5"
"4514010148","초삼","전라북도 익산시 용동면 대조리","1944-02-01","1945-12-31","2","보조수원","27","3","1","10","10","20","필댐(죤형)","4875","130","3","6","6","0","사통형","11","10","10"
"4518010021","용산","전라북도 정읍시 신정동","1957-01-01","1965-01-01","1","주수원","1290","41","37","390","10","100","필댐(죤형)","45401","547","17","2447","2439","8","사통형","87","85","73"
"4518010028","내장","전라북도 정읍시 내장동","1956-01-01","1964-01-01","1","주수원","2300","85","79","592","10","200","필댐(죤형)","74909","433","17","4832","4828","4","취수탑형","101","100","88"
"4518010032","부전","전라북도 정읍시 부전동","1978-12-26","1985-12-20","1","주수원","480","23","18","249","10","100","필댐(죤형)","40425","231","25","1752","1732","19","사통형","127","125","105"
"4518010054","지선","전라북도 정읍시 입암면 지선리","1942-01-01","1944-12-29","1","주수원","266","21","19","122","3","100","필댐(죤형)","20485","291","10","620","620","0","사통형","33","32","27"
"4518010058","입암","전라북도 정읍시 입암면 연월리","1953-01-01","1958-01-01","1","주수원","1080","80","64","522","10","200","필댐(죤형)","50406","1221","16","3661","3482","179","사통형","74","73","60"
"4518010072","애당","전라북도 정읍시 소성면 주천리","1967-01-03","1971-12-03","1","보조수원","134","33","33","433","10","200","필댐(죤형)","23547","334","14","1666","1587","79","사통형","38","36","26"
"4518010073","보화","전라북도 정읍시 소성면 보화리","1969-01-01","1969-12-30","2","주수원","120","5","5","29","10","100","필댐(죤형)","3434","202","6","64","63","1","사통형","18","18","16"
"4518010094","석우","전라북도 정읍시 고부면 장문리","1929-01-01","1931-12-01","1","주수원","446","26","24","234","10","200","필댐(죤형)","9945","234","8","991","991","0","취수탑형","21","20","14"
"4518010098","만수","전라북도 정읍시 고부면 만수리","1944-01-01","1947-01-01","1","보조수원","255","28","27","187","10","100","필댐(죤형)","12060","201","12","1379","1242","137","사통형","32","32","22"
"4518010180","오성","전라북도 정읍시 옹동면 상산리","1987-01-01","1997-12-30","1","주수원","600","25","22","245","10","200","필댐(죤형)","60904","368","33","2512","2413","99","취수탑형","72","70","52"
"4518010207","수청","전라북도 정읍시 칠보면 수청리","1978-01-03","1985-12-30","1","주수원","1270","70","62","540","10","200","필댐(죤형)","87000","290","35","7218","7001","217","취수탑형","117","116","94"
"4518010231","북창","전라북도 정읍시 신정동","2003-12-08","2012-12-20","1","보조수원","91","4","4","43","10","100","필댐(균일형)","41700","227","42","330","320","10","취수탑형","147","147","126"
"4518010232","신성","전라북도 정읍시 신월동","2003-12-08","2013-12-20","1","보조수원","74","5","4","38","10","100","필댐(죤형)","19600","161","28","370","360","10","사통형","130","130","111"
"4519010024","주촌","전라북도 남원시 운봉읍 주촌리","1960-01-01","1961-01-01","1","주수원","540","23","22","275","10","100","필댐(죤형)","41452","320","18","1433","1353","80","사통형","512","512","499"
"4519010026","공안","전라북도 남원시 운봉읍 공안리","1957-01-01","1960-01-01","1","주수원","357","5","5","84","10","100","필댐(죤형)","322875","615","15","321","321","0","사통형","552","551","540"
"4519010047","옥계","전라북도 남원시 운봉읍 화수리","1991-01-01","1997-01-01","1","주수원","410","9","9","117","10","100","필댐(죤형)","14802","261","42","1034","1011","23","취수탑형","488","487","465"
"4519010049","동마","전라북도 남원시 주천면 배덕리","2006-10-29","2014-10-29","1","주수원","192","4","4","54","10","200","필댐(죤형)","199047","168","21","307","304","3","사통형","185","184","169"
"4519010054","장안","전라북도 남원시 주천면 장안리","1942-01-01","1945-01-01","2","주수원","340","5","5","77","10","100","필댐(죤형)","14400","207","14","251","251","0","사통형","199","198","189"
"4519010055","무수","전라북도 남원시 주천면 장안리","1957-10-01","1960-01-01","2","보조수원","5","0","0","4","10","100","필댐(죤형)","3205","81","5","5","4","1","사통형","192","191","190"
"4519010078","수송","전라북도 남원시 수지면 호곡리","2011-10-01","2013-12-31","1","주수원","550","22","22","130","10","200","필댐(죤형)","3315","123","18","1848","1846","2","사통형","123","123","109"
"4519010123","금풍","전라북도 남원시 주생면 도산리","2011-03-02","2012-12-20","1","주수원","1090","67","63","460","10","100","필댐(죤형)","564732","315","17","4210","4181","29","사통형","92","90","78"
"4519010126","감동","전라북도 남원시 금지면 입암리","1941-01-01","1945-01-01","2","보조수원","70","1","1","8","10","100","필댐(죤형)","2914","92","3","12","12","0","사통형","75","74","72"
"4519010127","개금(개금실)","전라북도 남원시 금지면 입암리","1941-01-01","1945-01-01","2","보조수원","17","1","1","2","10","100","필댐(죤형)","1859","82","3","7","6","1","사통형","73","73","72"
"4519010131","택촌1","전라북도 남원시 금지면 택내리","1942-01-01","1945-01-01","2","보조수원","7","0","0","2","10","100","필댐(죤형)","13780","121","5","6","6","0","사통형","73","73","71"
"4519010132","택촌2","전라북도 남원시 금지면 택내리","1943-01-01","1945-01-01","2","보조수원","8","0","0","3","10","100","필댐(죤형)","12555","110","7","6","6","0","사통형","83","83","79"
"4519010133","택촌3","전라북도 남원시 금지면 택내리","1942-10-01","1945-01-01","2","보조수원","7","0","0","3","10","100","필댐(죤형)","64942","93","8","4","3","1","사통형","72","72","70"
"4519010159","동화","전라북도 장수군 번암면 죽림리","1987-01-01","1999-01-01","1","주수원","5880","127","127","2947","10","100","필댐(죤형)","2747000","474","71","32348","31348","1000","취수탑형","325","323","279"
"4519010204","서치","전라북도 남원시 보절면 서치리","1940-01-01","1943-01-01","2","보조수원","61","1","1","20","10","100","필댐(죤형)","15400","100","14","60","60","0","사통형","170","170","164"
"4519010205","부흥","전라북도 남원시 보절면 서치리","1945-01-01","1947-01-01","2","보조수원","15","0","0","3","10","100","필댐(죤형)","16625","55","5","4","4","0","사통형","180","180","178"
"4519010206","산수","전라북도 남원시 덕과면 만도리","1967-01-01","1968-01-01","2","보조수원","27","0","0","9","10","100","필댐(죤형)","4439","115","8","6","6","0","사통형","149","149","146"
"4519010210","음촌","전라북도 남원시 보절면 괴양리","1966-01-01","1969-01-01","2","보조수원","24","1","1","10","10","100","필댐(죤형)","20765","121","6","22","18","4","사통형","161","161","157"
"4519010212","담을","전라북도 남원시 덕과면 고정리","1964-01-01","1967-01-01","2","보조수원","24","0","0","3","10","100","필댐(죤형)","9620","65","8","4","4","0","사통형","181","181","178"
"4519010214","성남","전라북도 남원시 덕과면 덕촌리","1953-01-01","1957-01-01","2","보조수원","45","0","0","6","10","100","필댐(죤형)","1140","70","10","5","5","0","사통형","151","150","147"
"4519010215","덕산","전라북도 남원시 덕과면 덕촌리","1941-01-01","1945-01-01","2","보조수원","27","1","1","6","10","10","필댐(죤형)","8800","220","4","16","16","0","사통형","150","148","147"
"4519010216","덕촌","전라북도 남원시 덕과면 덕촌리","1955-01-01","1959-01-01","2","보조수원","25","0","0","0","10","100","필댐(죤형)","9620","65","8","2","1","0","사통형","169","168","167"
"4519010217","서당","전라북도 남원시 덕과면 용산리","1941-01-01","1944-01-01","2","보조수원","4","1","1","9","10","100","필댐(죤형)","44800","89","4","9","9","0","사통형","198","197","196"
"4519010218","용산","전라북도 남원시 덕과면 용산리","1940-01-01","1944-01-01","2","보조수원","20","1","1","13","10","100","필댐(죤형)","7840","89","4","15","15","0","사통형","88","87","85"
"4519010219","가장","전라북도 남원시 보절면 서치리","1940-01-01","1944-01-01","2","보조수원","10","0","0","5","10","100","필댐(죤형)","2142","89","3","3","3","0","사통형","195","195","193"
"4519010220","목동","전라북도 남원시 산동면 목동리","1927-01-01","1930-01-01","2","보조수원","15","0","0","4","10","100","필댐(죤형)","4510","69","8","2","2","0","사통형","171","171","169"
"4519010221","매동","전라북도 남원시 보절면 괴양리","1938-01-01","1941-01-01","2","보조수원","16","0","0","3","10","100","필댐(죤형)","10488","67","5","2","2","0","사통형","172","172","170"
"4519010222","내탑","전라북도 남원시 산동면 식련리","1940-01-01","1941-01-01","2","보조수원","12","0","0","4","10","100","필댐(죤형)","4760","40","7","4","4","0","사통형","227","227","223"
"4519010223","연화","전라북도 남원시 산동면 식련리","1940-10-01","1943-01-01","2","보조수원","88","0","0","7","10","100","필댐(죤형)","98427","58","9","12","12","1","사통형","210","209","205"
"4519010224","이실","전라북도 남원시 산동면 식련리","1940-01-01","1943-01-01","2","보조수원","5","0","0","5","10","100","필댐(죤형)","119528","117","9","8","8","0","사통형","204","203","200"
"4519010225","원곡","전라북도 남원시 보절면 진기리","1940-01-01","1944-01-01","2","보조수원","7","0","0","5","10","100","필댐(죤형)","22140","70","7","5","5","0","사통형","173","172","170"
"4519010226","진기","전라북도 남원시 보절면 진기리","1933-01-01","1935-01-01","2","보조수원","75","2","2","24","10","100","필댐(죤형)","44480","120","13","100","96","4","사통형","209","208","203"
"4519010227","구라","전라북도 남원시 보절면 진기리","1940-01-01","1944-01-01","2","보조수원","31","0","0","10","10","100","필댐(죤형)","27612","72","13","6","5","1","사통형","212","212","209"
"4519010228","진목","전라북도 남원시 보절면 진기리","1975-01-01","1977-01-01","2","보조수원","48","1","1","27","10","100","필댐(죤형)","14280","102","14","75","69","6","사통형","179","179","171"
"4519010229","안내(만도)","전라북도 남원시 보절면 금다리","1942-01-01","1945-01-01","2","보조수원","33","2","2","25","10","100","필댐(죤형)","1518","235","9","65","64","1","사통형","153","152","149"
"4519010230","금계","전라북도 남원시 보절면 금다리","1930-01-01","1933-01-01","2","보조수원","76","2","2","25","10","100","필댐(죤형)","82467","119","18","102","93","9","사통형","212","212","203"
"4519010231","금천","전라북도 남원시 보절면 금다리","1940-01-01","1943-01-01","2","보조수원","30","0","0","4","10","100","필댐(죤형)","4130","70","5","2","2","0","사통형","217","217","215"
"4519010232","다산","전라북도 남원시 보절면 금다리","1963-01-01","1966-01-01","2","보조수원","98","1","1","20","10","100","필댐(죤형)","35055","164","10","35","34","1","사통형","236","236","230"
"4519010236","신파","전라북도 남원시 보절면 신파리","1933-01-01","1936-01-01","2","보조수원","34","2","2","19","10","100","필댐(죤형)","41947","109","10","80","78","2","사통형","164","164","159"
"4519010241","도촌","전라북도 남원시 보절면 도룡리","1954-01-01","1960-01-01","1","주수원","500","7","7","144","10","100","필댐(죤형)","153615","245","17","367","365","1","사통형","201","200","191"
"4519010242","점촌","전라북도 남원시 보절면 사촌리","1978-01-01","1979-01-01","2","보조수원","200","1","1","5","10","100","필댐(죤형)","239040","90","8","33","31","2","사통형","261","260","255"
"4519010243","원산","전라북도 남원시 보절면 사촌리","1977-01-01","1978-01-01","2","보조수원","55","0","0","22","10","100","필댐(죤형)","312480","120","9","9","9","0","사통형","202","201","197"
"4519010244","만촌","전라북도 남원시 보절면 사촌리","1975-01-01","1978-01-01","2","보조수원","50","1","1","31","10","100","필댐(죤형)","3601","110","5","15","15","0","사통형","236","236","232"
"4519010248","태평","전라북도 남원시 산동면 태평리","1940-01-01","1943-01-01","2","보조수원","4","0","0","5","10","100","필댐(죤형)","7220","120","7","5","4","1","사통형","233","231","229"
"4519010249","신덕","전라북도 남원시 산동면 태평리","1940-01-01","1943-01-01","2","보조수원","23","0","0","3","10","100","필댐(죤형)","25743","46","5","4","4","0","사통형","252","252","249"
"4519010250","소석","전라북도 남원시 산동면 대기리","1962-01-01","1965-01-01","2","보조수원","19","0","0","2","10","100","필댐(죤형)","42315","30","4","1","1","0","사통형","209","209","207"
"4519010273","효기","전라북도 남원시 이백면 효기리","1958-01-01","1962-01-01","2","주수원","460","5","5","68","10","100","필댐(죤형)","504596","115","16","225","223","2","사통형","202","201","193"
"4519010279","구상","전라북도 남원시 아영면 구상리","1997-01-01","1999-01-01","1","주수원","151","4","4","49","10","100","필댐(죤형)","694236","230","37","438","396","42","취수탑형","542","541","519"
"4519010281","일대","전라북도 남원시 아영면 일대리","1943-01-01","1949-01-01","1","주수원","483","13","13","192","10","100","필댐(죤형)","95634","242","14","855","844","11","사통형","445","444","434"
"4519010293","유곡","전라북도 남원시 인월면 유곡리","1943-01-01","1952-01-01","1","주수원","320","8","8","141","10","100","필댐(죤형)","756200","310","21","691","687","4","사통형","469","468","454"
"4519010294","연지","전라북도 남원시 인월면 건지리","1950-01-01","1952-01-01","2","보조수원","5","1","1","1","10","100","필댐(죤형)","11189","81","3","5","5","0","사통형","423","423","422"
"4519010300","마곡","전라북도 남원시 수지면 고평리","2006-01-25","2007-06-13","1","주수원","340","11","11","124","10","200","필댐(죤형)","293000","380","38","1025","920","105","취수탑형","212","211","191"
"4519010301","용평","전라북도 남원시 보절면 도룡리","2001-12-13","2003-09-11","1","주수원","400","8","8","150","10","200","필댐(죤형)","710161","256","46","1219","1161","58","취수탑형","312","311","284"
"4519010302","고기","전라북도 남원시 주천면 고기리","1997-12-29","2008-12-20","1","주수원","513","15","14","113","10","20","필댐(코어형)","1205407","303","54","1041","887","154","취수탑형","645","644","615"
"4519010303","악양","전라북도 남원시 주천면 주천리","1940-01-01","1940-12-23","2","보조수원","14","2","1","10","10","30","필댐(죤형)","3240","90","8","14","14","1","사통형","759","754","750"
"4519010304","고삭","전라북도 남원시 송동면 송내리","1945-01-01","1945-12-24","2","보조수원","9","0","0","3","10","30","필댐(죤형)","961","44","6","25","25","0","사통형","644","643","639"
"4519010305","내사촌","전라북도 남원시 송동면 사촌리","1945-01-01","1945-12-24","2","보조수원","8","1","1","8","10","30","필댐(죤형)","1623","86","5","5","5","0","사통형","717","716","712"
"4519010306","구사","전라북도 남원시 주생면 도산리","1945-01-01","1945-12-24","2","보조수원","8","4","4","6","10","30","필댐(죤형)","1243","85","5","95","95","0","사통형","484","482","478"
"4519010307","군지","전라북도 남원시 주생면 내동리","1920-01-05","1920-12-20","2","보조수원","7","3","3","8","10","30","필댐(죤형)","1858","103","4","14","13","1","사통형","488","484","482"
"4519010308","휴암","전라북도 남원시 금지면 서매리","1945-03-01","1945-12-20","2","보조수원","26","3","2","9","10","30","필댐(죤형)","2200","64","6","15","13","2","사통형","657","654","651"
"4519010309","신계1","전라북도 남원시 대산면 신계리","1945-03-02","1945-12-13","2","보조수원","18","3","2","12","10","30","필댐(죤형)","5400","169","7","21","19","2","사통형","778","771","766"
"4519010310","신계2","전라북도 남원시 대산면 신계리","1945-04-03","1945-12-20","2","보조수원","14","2","1","7","10","30","필댐(죤형)","3199","106","7","8","7","0","사통형","759","754","738"
"4519010311","한사2","전라북도 남원시 대산면 신계리","1960-03-01","1960-03-01","2","보조수원","24","2","1","11","10","30","필댐(죤형)","3226","103","7","52","46","6","사통형","725","722","720"
"4519010312","학동","전라북도 남원시 사매면 오신리","1943-03-01","1943-12-21","2","보조수원","10","1","1","6","10","30","필댐(죤형)","1905","83","5","10","7","3","사통형","459","456","450"
"4519010313","소학동","전라북도 남원시 사매면 오신리","1943-03-01","1945-09-20","2","보조수원","6","1","1","5","10","30","필댐(죤형)","1446","102","3","7","6","1","사통형","645","641","639"
"4519010314","인흥","전라북도 남원시 사매면 인화리","1944-03-01","1944-12-20","2","보조수원","4","1","1","2","10","30","필댐(죤형)","2174","69","6","5","5","1","사통형","655","652","650"
"4519010315","인화","전라북도 남원시 사매면 인화리","1944-02-02","1944-12-21","2","보조수원","8","1","1","7","10","30","필댐(죤형)","2055","103","4","13","11","2","사통형","700","696","693"
"4519010316","화정1","전라북도 남원시 사매면 화정리","1944-02-01","1944-12-20","2","보조수원","20","2","1","10","10","30","필댐(균일형)","1596","80","4","4","4","0","사통형","703","701","700"
"4519010317","오현","전라북도 남원시 사매면 오신리","1965-02-01","1965-12-21","2","보조수원","7","1","1","5","10","30","필댐(죤형)","1716","50","4","4","3","1","사통형","678","676","674"
"4519010318","부흥","전라북도 남원시 사매면 대신리","1968-03-01","1968-09-19","2","보조수원","35","1","1","10","10","30","필댐(죤형)","4002","87","8","21","19","3","사통형","711","708","706"
"4519010319","오류1","전라북도 남원시 사매면 대신리","1944-02-02","1944-12-20","2","보조수원","5","1","0","5","10","30","필댐(죤형)","2940","80","7","7","6","1","사통형","799","799","796"
"4519010320","채곡","전라북도 남원시 이백면 서곡리","1941-03-03","1941-12-16","2","보조수원","15","1","1","8","10","30","필댐(죤형)","979","72","3","3","3","0","사통형","590","588","587"
"4519010321","채동","전라북도 남원시 이백면 서곡리","1942-03-02","1942-12-21","2","보조수원","17","1","1","5","10","30","필댐(죤형)","987","66","5","4","4","0","사통형","688","686","684"
"4519010322","서동","전라북도 남원시 이백면 서곡리","1939-03-01","1939-12-20","2","보조수원","54","1","1","8","10","30","필댐(죤형)","1810","58","10","6","6","1","사통형","689","686","685"
"4519010323","입석","전라북도 남원시 광치동","1936-02-05","1936-12-17","2","보조수원","11","1","0","5","10","30","필댐(균일형)","2100","35","5","4","3","1","사통형","556","553","550"
"4519010324","뒤뜰","전라북도 남원시 내척동","1943-03-01","1943-12-20","2","보조수원","5","1","1","6","10","30","필댐(죤형)","1680","80","4","5","4","1","사통형","708","707","703"
"4521010014","능","전라북도 김제시 만경읍 만경리","1930-01-01","1930-12-31","1","보조수원","178","192","192","1734","10","100","필댐(죤형)","85400","976","7","7338","7316","23","취수탑형","11","11","5"
"4521010015","안하","전라북도 김제시 만경읍 장산리","1945-01-01","1945-12-31","2","보조수원","5","1","1","7","10","100","필댐(죤형)","594","90","3","7","7","0","사통형","7","7","6"
"4521010016","동변","전라북도 김제시 만경읍 대동리","1945-01-01","1945-12-31","2","보조수원","40","5","5","3","10","100","필댐(죤형)","1068","120","5","61","60","1","사통형","13","13","11"
"4521010017","서변","전라북도 김제시 만경읍 대동리","1945-01-01","1945-12-31","2","보조수원","49","8","8","30","10","100","필댐(죤형)","1200","160","4","72","72","0","사통형","8","8","7"
"4521010018","상서","전라북도 김제시 백산면 상리","1945-01-01","1945-12-31","2","보조수원","18","1","1","21","10","100","필댐(죤형)","581","88","5","10","10","0","사통형","19","19","17"
"4521010019","옹","전라북도 김제시 백산면 상리","1945-01-01","1945-12-31","2","보조수원","55","4","1","31","10","100","필댐(죤형)","2015","130","8","44","44","0","사통형","12","11","9"
"4521010020","백산","전라북도 김제시 백산면 하정리","1969-01-01","1969-12-31","1","보조수원","160","75","69","415","10","100","필댐(죤형)","16476","760","14","3381","3381","0","취수탑형","19","19","11"
"4521010021","방","전라북도 김제시 백산면 조종리","1945-01-01","1945-12-31","2","보조수원","8","2","1","15","10","100","필댐(죤형)","782","115","3","13","13","0","사통형","9","9","7"
"4521010022","하쌍","전라북도 김제시 백산면 수록리","1945-01-01","1945-12-31","2","보조수원","16","1","0","8","10","100","필댐(죤형)","848","110","4","5","5","0","사통형","9","9","8"
"4521010029","사가","전라북도 김제시 용지면 송산리","1945-01-01","1945-12-31","2","보조수원","50","7","4","31","10","100","필댐(죤형)","11000","250","4","32","32","0","사통형","6","6","5"
"4521010045","학","전라북도 김제시 용지면 봉의리","1945-01-01","1945-12-31","2","보조수원","32","10","10","25","10","100","필댐(죤형)","4235","350","5","22","22","0","사통형","7","7","6"
"4521010055","학","전라북도 김제시 용지면 용수리","1943-01-01","1945-01-01","2","주수원","49","1","1","3","10","100","필댐(죤형)","3859","130","3","10","10","0","사통형","13","12","11"
"4521010060","신묘","전라북도 김제시 용지면 장신리","1940-01-01","1945-01-01","2","주수원","41","1","1","14","10","100","필댐(죤형)","56484","100","2","17","17","0","사통형","32","31","30"
"4521010061","영등","전라북도 김제시 용지면 장신리","1942-01-01","1945-01-01","2","주수원","89","3","3","3","10","100","필댐(죤형)","20292","193","3","31","31","0","사통형","99","99","97"
"4521010062","금평","전라북도 김제시 금산면 쌍용리","1957-01-01","1961-04-30","1","주수원","2571","60","60","1000","10","200","필댐(죤형)","92132","443","18","5267","5252","16","취수탑형","55","53","39"
"4521010071","배달","전라북도 김제시 공덕면 공덕리","1945-01-01","1945-12-31","2","보조수원","35","11","11","50","10","100","필댐(죤형)","31927","215","9","75","75","0","사통형","7","7","5"
"4521010077","운각","전라북도 김제시 청하면 관상리","1945-01-01","1945-12-31","2","보조수원","5","2","1","7","10","100","필댐(죤형)","1890","90","3","10","10","0","사통형","6","6","5"
"4521010078","원연","전라북도 김제시 진봉면 정당리","1945-01-01","1945-12-31","2","보조수원","25","3","3","14","10","100","필댐(죤형)","1800","150","3","52","52","0","사통형","16","15","13"
"4521010082","선암","전라북도 김제시 금구면 선암리","1941-01-01","1941-12-31","1","주수원","523","16","16","224","10","200","필댐(죤형)","3906","124","14","853","853","0","사통형","48","48","37"
"4521010090","대화","전라북도 김제시 금구면 산동리","1960-01-01","1967-12-31","1","주수원","1840","56","56","808","10","100","필댐(죤형)","5096","226","10","2721","2404","317","사통형","35","35","29"
"4521010103","신홍","전라북도 김제시 황산면 홍정리","1945-01-01","1945-12-31","2","보조수원","150","7","7","20","10","100","필댐(죤형)","2000","250","4","20","20","0","사통형","29","28","26"
"4521010127","당월","전라북도 김제시 금구면 월전리","1992-04-01","1997-12-31","1","보조수원","238","14","13","138","10","200","필댐(죤형)","272728","222","31","1399","1341","58","취수탑형","97","96","78"
"4571010003","월산","전라북도 완주군 삼례읍 신금리","1931-01-01","1933-01-01","2","주수원","38","2","2","1","10","100","필댐(죤형)","5040","150","4","38","38","0","사통형","15","14","13"
"4571010004","학동","전라북도 완주군 삼례읍 신금리","1927-11-30","1931-01-01","2","보조수원","27","1","1","14","10","200","필댐(죤형)","6300","160","4","22","22","0","사통형","16","16","15"
"4571010019","배월","전라북도 완주군 봉동읍 용암리","1928-11-26","1932-01-01","2","주수원","50","2","2","15","10","200","필댐(죤형)","2520","70","4","30","30","0","사통형","22","21","20"
"4571010032","용진","전라북도 완주군 용진면 간중리","1922-01-01","1926-01-01","1","주수원","440","12","11","105","10","200","필댐(죤형)","214134","209","20","757","750","7","사통형","94","93","78"
"4571010043","군목","전라북도 완주군 용진면 운곡리","1946-11-24","1951-12-30","2","보조수원","15","1","1","5","10","100","필댐(죤형)","4536","118","4","18","18","0","사통형","28","28","25"
"4571010044","신봉","전라북도 완주군 용진면 운곡리","1924-11-26","1929-01-01","2","보조수원","50","2","2","1","10","100","필댐(죤형)","4224","90","4","34","34","0","사통형","57","57","55"
"4571010045","지암","전라북도 완주군 용진면 운곡리","1928-01-05","1929-01-01","2","보조수원","24","1","1","9","10","100","필댐(죤형)","3619","126","4","34","30","4","사통형","36","35","31"
"4571010046","신지암","전라북도 완주군 용진면 운곡리","1923-01-01","1925-01-01","2","보조수원","12","1","1","4","10","100","필댐(죤형)","6552","127","5","13","13","0","사통형","32","32","31"
"4571010047","갈우","전라북도 완주군 용진면 운곡리","1927-01-01","1932-01-01","2","보조수원","50","1","1","6","10","100","필댐(죤형)","21205","296","3","25","25","0","사통형","28","28","27"
"4571010048","운곡","전라북도 완주군 용진면 운곡리","1926-01-01","1928-01-01","2","보조수원","50","3","3","95","10","100","필댐(죤형)","4096","172","5","33","33","0","사통형","84","84","82"
"4571010049","용복","전라북도 완주군 용진면 신지리","1943-01-05","1947-01-01","2","보조수원","15","1","1","5","10","100","필댐(죤형)","3071","58","5","15","15","0","사통형","43","43","41"
"4571010050","소","전라북도 완주군 용진면 신지리","1921-11-26","1925-01-01","2","보조수원","14","1","1","5","10","100","필댐(죤형)","2100","60","4","10","10","0","사통형","29","28","27"
"4571010051","가목","전라북도 완주군 용진면 신지리","1940-01-01","1942-01-01","2","보조수원","45","2","1","16","10","100","필댐(죤형)","3806","85","5","39","39","0","사통형","37","37","34"
"4571010052","한수","전라북도 완주군 용진면 신지리","1924-11-30","1928-01-01","2","보조수원","15","1","1","7","10","100","필댐(죤형)","1634","53","4","16","16","0","사통형","51","51","49"
"4571010053","어두","전라북도 완주군 상관면 신리","1957-01-01","1963-01-01","2","주수원","731","5","4","0","10","100","필댐(죤형)","60264","192","16","215","215","0","사통형","115","114","106"
"4571010061","금평","전라북도 무주군 안성면 금평리","1971-01-01","1972-09-30","2","보조수원","920","1","1","19","10","100","필댐(죤형)","12514","94","8","34","33","1","사통형","593","592","577"
"4571010068","빙등","전라북도 완주군 이서면 상개리","1943-01-01","1945-01-01","2","주수원","49","7","7","28","10","100","필댐(죤형)","58415","191","4","53","52","1","사통형","18","18","16"
"4571010069","지사","전라북도 완주군 이서면 용서리","1924-01-01","1926-01-01","2","주수원","25","2","2","23","10","100","필댐(죤형)","2977","87","4","18","18","0","사통형","99","99","97"
"4571010070","해교","전라북도 완주군 이서면 용서리","1927-01-01","1931-01-01","2","주수원","39","9","8","32","10","100","필댐(죤형)","9352","182","4","133","133","0","사통형","20","20","16"
"4571010079","이문","전라북도 완주군 이서면 이문리","1933-01-02","1935-01-01","2","주수원","67","6","5","34","10","100","필댐(죤형)","6556","159","4","68","68","0","사통형","98","98","96"
"4571010080","망우","전라북도 전주시 덕진구 원동","1925-01-01","1930-01-01","2","주수원","121","5","5","116","10","100","필댐(죤형)","24354","213","6","133","129","4","사통형","15","14","11"
"4571010081","광석","전라북도 완주군 이서면 반교리","1927-01-01","1933-12-30","2","주수원","112","4","4","84","10","100","필댐(죤형)","15459","187","5","132","132","0","사통형","21","20","17"
"4571010113","광곡","전라북도 완주군 구이면 광곡리","1980-01-01","1984-12-30","1","주수원","392","17","15","185","10","100","필댐(죤형)","268917","248","22","1339","1339","0","사통형","145","144","129"
"4571010116","강대봉","전라북도 완주군 구이면 덕천리","1940-01-01","1945-12-30","2","보조수원","68","1","1","7","10","200","필댐(죤형)","7631","105","5","16","16","0","사통형","75","75","73"
"4571010118","욕골","전라북도 완주군 구이면 덕천리","1962-01-01","1964-01-01","2","보조수원","10","0","0","1","10","100","필댐(죤형)","3976","70","5","7","7","0","사통형","80","79","78"
"4571010120","하치","전라북도 완주군 구이면 덕천리","1964-01-01","1965-12-20","2","보조수원","19","0","0","1","10","100","필댐(죤형)","2828","50","5","3","3","0","사통형","80","79","77"
"4571010122","구이","전라북도 완주군 구이면 두현리","1953-01-01","1963-12-30","1","주수원","6210","198","179","2753","10","200","필댐(죤형)","1093880","993","20","11639","10878","761","취수탑형","63","62","47"
"4571010135","안덕","전라북도 완주군 구이면 안덕리","1970-01-01","1976-01-01","1","주수원","740","14","13","109","10","100","필댐(죤형)","115941","137","22","924","924","0","사통형","157","156","145"
"4571010143","오리","전라북도 완주군 고산면 남봉리","1927-01-01","1929-01-01","2","보조수원","25","1","1","0","10","100","필댐(죤형)","1544","45","5","15","15","0","사통형","45","44","43"
"4571010145","명석","전라북도 완주군 고산면 화정리","1926-11-26","1930-01-01","2","보조수원","75","1","1","17","10","100","필댐(죤형)","2550","50","5","34","34","0","사통형","27","26","24"
"4571010148","신풍","전라북도 완주군 고산면 양야리","1928-01-01","1930-01-01","2","보조수원","50","1","1","10","10","100","필댐(죤형)","11250","140","6","30","30","0","사통형","54","53","52"
"4571010149","연곡","전라북도 완주군 고산면 양야리","1927-01-03","1929-01-01","2","보조수원","45","1","1","10","10","100","필댐(죤형)","4785","70","6","30","30","0","사통형","48","46","45"
"4571010150","화정","전라북도 완주군 고산면 양야리","1976-10-26","1978-11-30","1","주수원","735","36","34","342","10","100","필댐(죤형)","144071","283","15","2732","2732","0","사통형","69","67","51"
"4571010151","송학","전라북도 완주군 고산면 성재리","1916-11-26","1920-01-01","2","주수원","30","1","1","12","10","100","필댐(죤형)","5374","129","4","17","17","0","사통형","60","59","56"
"4571010154","대아","전라북도 완주군 동상면 대아리","1983-01-01","1989-01-01","1","주수원","12000","235","235","8382","10","200","필댐(죤형)","833663","255","57","58312","57688","624","취수탑형","121","121","80"
"4571010174","비봉","전라북도 완주군 비봉면 수선리","1959-01-01","1967-01-01","1","주수원","248","10","7","72","10","100","필댐(죤형)","78858","134","18","405","405","0","사통형","116","115","104"
"4571010190","동상","전라북도 완주군 동상면 수만리","1959-01-01","1965-01-01","1","보조수원","8984","104","100","1673","10","200","콘크리트댐(중력형)","38250","160","30","11241","11241","0","취수탑형","141","138","110"
"4571010192","경천","전라북도 완주군 화산면 성북리","1933-01-01","1937-12-30","1","주수원","9765","369","319","7738","10","200","필댐(죤형)","364303","291","23","25604","25346","258","취수탑형","86","84","67"
"4571010351","소향","전라북도 완주군 고산면 소향리","2000-12-21","2017-05-30","1","주수원","1070","13","12","292","100","200","필댐(죤형)","309093","154","36","1502","1304","198","취수탑형","150","149","126"
"4571010352","고산","전라북도 완주군 고산면 오산리","2000-12-21","2017-05-30","2","주수원","236","4","3","50","100","200","필댐(죤형)","107385","128","29","290","243","47","사통형","165","164","150"
"4572010001","모시","전라북도 무주군 무주읍 당산리","1955-01-01","1956-12-01","2","주수원","81","2","2","6","10","100","필댐(죤형)","27890","107","19","66","66","0","사통형","206","205","177"
"4572010005","군상","전라북도 진안군 진안읍 군상리","1957-01-01","1962-10-31","2","주수원","265","5","4","26","10","100","필댐(죤형)","46790","131","13","124","124","0","취수탑형","319","318","298"
"4572010009","단양","전라북도 진안군 진안읍 단양리","1957-01-01","1962-10-31","2","주수원","97","3","3","19","10","100","필댐(죤형)","50120","127","13","98","98","0","사통형","341","340","319"
"4572010018","반월","전라북도 진안군 진안읍 반월리","1942-01-01","1945-12-01","2","보조수원","171","9","8","77","10","100","필댐(죤형)","67900","182","13","229","229","0","사통형","398","397","376"
"4572010019","포강","전라북도 진안군 진안읍 반월리","1942-01-01","1945-10-01","2","보조수원","28","2","1","10","10","100","필댐(죤형)","46350","146","3","12","12","0","사통형","399","398","396"
"4572010027","구룡","전라북도 진안군 진안읍 구룡리","1956-01-01","1960-10-31","2","주수원","108","4","4","33","10","100","필댐(죤형)","86757","148","16","122","122","0","사통형","367","367","356"
"4572010031","연장","전라북도 진안군 진안읍 연장리","1953-01-01","1956-11-20","1","주수원","731","14","13","44","10","100","필댐(죤형)","30050","85","12","461","461","0","사통형","318","318","307"
"4572010040","송풍","전라북도 진안군 용담면 송풍리","1960-01-01","1967-12-01","1","주수원","370","9","8","63","10","100","필댐(죤형)","37680","116","18","504","473","31","사통형","256","256","230"
"4572010059","월포","전라북도 진안군 상전면 월포리","1938-01-01","1945-10-20","2","주수원","116","4","4","6","10","100","필댐(죤형)","53640","142","13","122","122","0","사통형","293","293","282"
"4572010073","신암","전라북도 진안군 백운면 신암리","1957-01-01","1962-10-20","1","주수원","666","8","7","74","10","100","필댐(죤형)","78070","125","25","441","413","28","사통형","497","497","467"
"4572010074","백암","전라북도 진안군 백운면 백암리","1956-01-01","1959-09-30","2","주수원","45","2","2","29","10","100","필댐(죤형)","17470","82","10","67","67","0","사통형","398","398","383"
"4572010081","지동","전라북도 진안군 성수면 도통리","1956-01-01","1960-10-21","2","주수원","20","1","1","21","10","100","필댐(죤형)","18960","88","7","19","18","0","사통형","271","271","264"
"4572010091","좌산","전라북도 진안군 성수면 좌산리","1956-01-01","1959-11-10","2","주수원","97","5","4","24","10","100","필댐(죤형)","24690","113","10","133","133","0","사통형","261","260","252"
"4572010094","신기","전라북도 진안군 성수면 신기리","1942-01-01","1945-10-31","2","주수원","107","3","2","24","10","100","필댐(죤형)","25290","130","9","75","75","0","사통형","275","275","267"
"4572010101","중평","전라북도 진안군 성수면 도통리","1953-01-01","1958-10-20","2","주수원","305","5","4","49","10","100","필댐(죤형)","103530","210","14","168","152","16","사통형","341","341","327"
"4572010119","덕천","전라북도 진안군 마령면 덕천리","1957-01-01","1961-10-20","2","주수원","205","7","6","26","10","100","필댐(죤형)","116733","185","16","145","145","0","사통형","341","340","327"
"4572010128","황금","전라북도 진안군 부귀면 황금리","1976-01-01","1978-12-01","1","주수원","707","40","39","74","10","100","필댐(죤형)","254180","263","38","5234","5007","227","취수탑형","392","390","367"
"4572010130","봉암","전라북도 진안군 부귀면 봉암리","1953-01-01","1960-12-01","2","주수원","282","5","5","61","10","100","필댐(죤형)","65500","116","15","249","219","30","사통형","349","349","337"
"4572010131","가정","전라북도 진안군 부귀면 신정리","1956-01-01","1960-12-01","2","주수원","85","4","3","9","10","100","필댐(죤형)","81820","116","12","72","72","0","사통형","340","339","330"
"4572010135","대불","전라북도 진안군 주천면 대불리","1972-01-01","1974-11-20","2","주수원","267","5","4","43","10","100","필댐(죤형)","89505","130","16","278","205","73","사통형","364","362","336"
"4572010139","용덕","전라북도 진안군 주천면 용덕리","1957-01-01","1961-10-20","2","주수원","121","4","4","25","10","100","필댐(죤형)","51430","148","12","126","125","1","사통형","349","348","338"
"4572010140","궁항","전라북도 진안군 부귀면 궁항리","1984-01-01","1986-10-31","1","주수원","400","7","6","51","10","100","필댐(죤형)","112090","138","19","451","451","0","사통형","440","439","402"
"4572010141","노촌","전라북도 진안군 백운면 노촌리","1992-12-01","2001-12-22","1","주수원","1230","14","17","255","10","200","필댐(죤형)","1700602","326","50","2857","2791","66","취수탑형","414","413","381"
"4572010142","신정","전라북도 진안군 부귀면 세동리","1997-01-01","2001-10-20","1","주수원","218","8","8","76","10","100","필댐(죤형)","192740","156","22","540","540","0","사통형","379","379","367"
"4572010143","신반월","전라북도 진안군 진안읍 반월리","1997-10-25","2001-12-25","1","주수원","310","6","6","78","10","200","필댐(죤형)","249580","236","42","1620","1507","113","취수탑형","434","433","407"
"4573010003","압수","전라북도 무주군 무주읍 당산리","1956-01-01","1959-10-01","2","주수원","320","2","2","17","10","100","필댐(죤형)","66300","96","16","55","55","0","사통형","230","228","200"
"4573010023","무풍(증산)","전라북도 무주군 무풍면 은산리","1987-12-18","1993-10-30","1","주수원","1450","10","9","174","10","100","필댐(죤형)","290140","247","30","779","698","81","사통형","492","491","476"
"4573010039","괴목","전라북도 무주군 적상면 괴목리","1976-01-01","1978-10-31","1","주수원","790","16","15","47","10","100","필댐(죤형)","153493","256","32","2216","2083","133","취수탑형","365","364","338"
"4573010059","덕산","전라북도 무주군 안성면 덕산리","1976-01-01","1981-10-31","1","주수원","920","13","12","209","10","100","필댐(죤형)","718435","276","35","1592","1408","184","사통형","592","590","566"
"4573010061","금평","전라북도 임실군 지사면 금평리","1932-01-01","1932-12-30","2","보조수원","43","1","1","11","10","100","필댐(죤형)","19661","110","9","26","26","0","사통형","190","189","184"
"4573010072","장안","전라북도 무주군 부남면 장안리","1956-01-01","1959-10-20","2","주수원","210","3","3","37","10","100","필댐(죤형)","71080","164","16","147","136","11","사통형","372","372","357"
"4573010073","공정","전라북도 무주군 안성면 죽천리","1992-12-23","2002-11-30","1","주수원","1249","13","19","340","10","200","필댐(죤형)","488458","300","52","3262","3206","56","취수탑형","598","597","563"
"4573010075","대불(설천)","전라북도 무주군 설천면 대불리","2000-12-11","2012-12-10","1","주수원","2200","18","17","295","10","100","필댐(죤형)","205","160","28","1543","1460","83","취수탑형","364","362","346"
"4574010001","노곡","전라북도 장수군 장수읍 노곡리","1953-01-01","1955-10-31","2","주수원","120","2","2","14","10","100","필댐(죤형)","22500","400","5","58","58","0","사통형","520","520","512"
"4574010002","동촌","전라북도 장수군 장수읍 동촌리","1953-01-01","1958-12-01","2","주수원","208","4","3","32","10","100","필댐(죤형)","12330","200","14","104","104","0","사통형","491","490","468"
"4574010006","염해","전라북도 장수군 장수읍 두산리","1975-01-01","1979-10-17","2","주수원","120","2","2","7","10","100","필댐(죤형)","30030","130","11","27","27","0","사통형","530","530","515"
"4574010007","개정","전라북도 장수군 장수읍 개정리","1953-01-01","1958-10-31","2","주수원","253","4","4","39","10","100","필댐(죤형)","14967","177","21","250","250","0","사통형","540","539","520"
"4574010009","단평","전라북도 장수군 장수읍 송천리","1959-01-01","1964-10-20","2","주수원","333","6","6","59","10","100","필댐(죤형)","9712","142","17","214","214","0","사통형","544","544","527"
"4574010013","필덕","전라북도 장수군 장수읍 대성리","1971-01-01","1974-12-01","1","주수원","1126","12","11","88","10","100","필댐(죤형)","17472","156","22","673","673","0","사통형","567","567","546"
"4574010016","오성","전라북도 장수군 산서면 오성리","1955-01-01","1959-10-30","2","주수원","123","2","2","62","10","100","필댐(죤형)","17531","187","19","96","96","0","사통형","270","269","252"
"4574010017","쌍용","전라북도 장수군 산서면 쌍계리","1935-01-01","1938-10-20","2","주수원","150","4","4","77","10","100","필댐(죤형)","7700","110","14","172","172","0","사통형","206","206","197"
"4574010018","유평","전라북도 장수군 산서면 쌍계리","1944-01-01","1944-12-01","2","보조수원","26","1","0","7","10","100","필댐(죤형)","2115","94","5","20","20","0","사통형","215","215","207"
"4574010019","마평","전라북도 장수군 산서면 쌍계리","1944-01-01","1944-12-31","2","보조수원","36","0","0","5","10","100","필댐(죤형)","1775","50","7","26","26","0","사통형","240","239","228"
"4574010020","동막","전라북도 장수군 산서면 쌍계리","1970-01-01","1970-12-01","2","보조수원","116","1","1","17","10","100","필댐(죤형)","3840","64","12","35","35","1","사통형","310","308","290"
"4574010021","사계","전라북도 장수군 산서면 사계리","1953-01-01","1959-10-31","2","주수원","180","4","4","52","10","100","필댐(죤형)","7683","118","13","186","186","0","사통형","201","201","193"
"4574010022","반곡","전라북도 장수군 산서면 사계리","1969-01-01","1969-10-31","2","보조수원","29","1","1","10","10","100","필댐(죤형)","7020","108","13","30","30","0","사통형","173","172","162"
"4574010023","척동","전라북도 장수군 산서면 봉서리","1945-01-10","1947-12-10","2","보조수원","12","0","0","3","10","100","필댐(죤형)","1125","30","8","10","10","0","사통형","169","168","162"
"4574010024","성동","전라북도 장수군 산서면 봉서리","1945-01-01","1945-12-01","2","보조수원","6","0","0","3","10","100","필댐(죤형)","960","40","8","3","3","0","사통형","231","231","224"
"4574010025","원당","전라북도 남원시 보절면 성시리","1954-01-01","1959-12-01","2","주수원","180","3","2","18","10","100","필댐(죤형)","12060","71","9","54","54","0","사통형","190","189","181"
"4574010027","우농","전라북도 장수군 산서면 하월리","1944-01-01","1944-10-01","2","보조수원","15","0","0","6","10","100","필댐(죤형)","297","45","2","19","19","0","사통형","161","161","158"
"4574010029","오산","전라북도 장수군 산서면 오산리","1937-01-01","1939-01-01","2","보조수원","178","4","3","67","10","100","필댐(죤형)","107215","238","15","117","115","2","사통형","224","223","219"
"4574010030","명금","전라북도 장수군 산서면 오산리","1954-01-01","1959-01-01","2","주수원","80","2","2","6","10","100","필댐(죤형)","4343","95","5","25","25","0","사통형","161","161","157"
"4574010031","초장","전라북도 장수군 산서면 오산리","1954-01-01","1959-01-01","2","보조수원","174","2","2","10","10","100","필댐(죤형)","542","130","9","30","30","0","사통형","227","226","222"
"4574010032","암가","전라북도 장수군 산서면 오산리","1969-01-01","1972-01-01","2","보조수원","24","1","1","10","10","100","필댐(죤형)","6987","103","6","22","22","0","사통형","147","146","143"
"4574010035","호병","전라북도 장수군 산서면 건지리","1955-01-01","1959-12-01","2","주수원","43","3","3","15","10","100","필댐(죤형)","10390","88","8","65","65","0","사통형","175","174","164"
"4574010037","마하1","전라북도 장수군 산서면 마하리","1982-01-01","1982-10-30","2","주수원","80","1","1","16","10","100","필댐(죤형)","5100","102","10","18","18","0","사통형","266","265","246"
"4574010038","마하2","전라북도 장수군 산서면 마하리","1982-01-01","1982-12-31","2","주수원","10","2","2","16","10","100","필댐(죤형)","3876","136","10","7","7","0","사통형","253","252","246"
"4574010040","원흥","전라북도 장수군 산서면 마하리","1953-01-01","1959-10-01","2","주수원","90","2","2","52","10","100","필댐(죤형)","28870","150","10","29","29","0","사통형","238","238","229"
"4574010042","매동","전라북도 장수군 산서면 학선리","1953-01-01","1959-10-31","2","주수원","122","2","2","32","10","100","필댐(죤형)","11921","140","17","109","109","0","사통형","209","208","178"
"4574010046","능곡","전라북도 장수군 산서면 동화리","1966-01-03","1968-01-01","2","보조수원","100","1","1","15","10","100","필댐(죤형)","13200","96","8","33","33","0","사통형","169","168","165"
"4574010048","장남","전라북도 장수군 번암면 국포리","1977-01-01","1984-10-20","1","주수원","2280","38","37","826","10","200","필댐(코어형)","88088","397","51","8173","7921","252","취수탑형","404","404","370"
"4574010050","천천(와룡)","전라북도 장수군 천천면 남양리","1989-01-01","1996-01-01","1","주수원","1350","16","19","180","10","100","필댐(죤형)","31360","176","38","1918","1910","8","취수탑형","426","425","400"
"4574010061","벽남","전라북도 장수군 계남면 화음리","1967-01-01","1974-10-30","1","주수원","2167","22","20","182","10","100","필댐(죤형)","13360","160","17","983","969","14","사통형","408","408","397"
"4574010071","지소(양악)","전라북도 장수군 계북면 양악리","1985-01-01","1996-12-30","1","주수원","1380","20","22","303","10","100","필댐(죤형)","68311","285","49","3280","3197","83","취수탑형","526","525","494"
"4574010075","금덕","전라북도 장수군 장계면 금덕리","1944-01-01","1953-11-30","2","주수원","413","8","7","60","10","100","필댐(죤형)","15876","324","14","277","277","0","사통형","347","347","340"
"4574010083","대곡(오동)","전라북도 장수군 장계면 대곡리","1986-01-01","2002-10-30","1","주수원","1317","6","48","569","10","100","필댐(죤형)","97104","350","55","7957","7712","245","취수탑형","498","496","466"
"4574010084","용림","전라북도 장수군 장수읍 덕산리","1999-05-20","2005-12-20","1","주수원","1520","46","50","847","10","200","필댐(죤형)","1476960","260","62","11480","11188","292","취수탑형","622","621","575"
"4575010001","동막","전라북도 임실군 임실읍 성가리","1953-01-01","1954-01-01","2","주수원","32","2","2","13","10","100","필댐(죤형)","7824","84","7","40","40","0","사통형","254","254","250"
"4575010006","두곡","전라북도 임실군 임실읍 두곡리","1976-01-01","1978-12-30","1","주수원","220","8","7","69","10","100","필댐(죤형)","66941","166","14","358","358","0","사통형","239","238","229"
"4575010018","지산","전라북도 임실군 임실읍 두만리","1967-01-01","1971-01-01","1","주수원","300","9","7","64","10","200","필댐(죤형)","61381","138","15","367","367","0","사통형","305","304","295"
"4575010029","용추","전라북도 임실군 청웅면 두복리","1956-01-01","1959-01-01","1","보조수원","320","12","11","101","10","100","필댐(죤형)","58246","125","17","451","451","0","사통형","289","288","278"
"4575010030","서창","전라북도 임실군 강진면 백련리","1940-01-01","1950-01-01","2","보조수원","30","3","3","10","10","100","필댐(죤형)","70716","130","8","73","73","0","사통형","176","175","171"
"4575010031","명동","전라북도 임실군 청웅면 옥전리","1964-01-01","1967-01-01","2","주수원","92","1","1","20","10","100","필댐(죤형)","9174","81","8","41","41","0","사통형","213","212","205"
"4575010036","행촌","전라북도 임실군 청웅면 옥전리","1966-01-01","1967-01-01","2","주수원","92","2","2","29","10","100","필댐(죤형)","11412","400","8","65","65","0","사통형","194","193","188"
"4575010039","남산","전라북도 임실군 청웅면 남산리","1967-01-01","1968-01-01","2","주수원","107","2","2","28","10","100","필댐(죤형)","28816","122","12","77","77","0","사통형","189","188","181"
"4575010068","도인","전라북도 임실군 성수면 도인리","1940-08-01","1941-12-20","2","주수원","136","6","5","40","10","100","필댐(죤형)","18864","97","9","173","173","0","사통형","263","262","256"
"4575010073","삼봉","전라북도 임실군 성수면 삼봉리","1944-06-30","1950-04-30","2","주수원","265","6","6","44","10","100","필댐(죤형)","20112","143","12","196","196","0","사통형","219","218","210"
"4575010076","성남","전라북도 임실군 성수면 성수리","1960-01-01","1967-01-01","1","주수원","1016","16","13","242","10","100","필댐(죤형)","93305","140","23","784","784","0","사통형","252","251","236"
"4575010080","오봉","전라북도 임실군 성수면 오봉리","1979-12-20","1991-11-30","1","주수원","1380","52","47","584","10","100","필댐(죤형)","433365","276","29","4230","4230","0","취수탑형","247","245","228"
"4575010087","갈목","전라북도 임실군 신덕면 수천리","1967-01-01","1968-01-01","2","주수원","53","1","1","6","5","100","필댐(죤형)","14214","108","8","28","28","0","사통형","99","98","94"
"4575010110","수천","전라북도 임실군 신덕면 수천리","1964-01-01","1968-01-01","2","주수원","90","3","3","19","10","100","필댐(죤형)","18876","117","11","98","98","0","사통형","254","253","247"
"4575010115","삼길","전라북도 임실군 신덕면 삼길리","1971-01-01","1973-12-30","1","주수원","140","6","6","41","10","100","필댐(죤형)","23393","98","14","303","276","27","사통형","232","231","222"
"4575010120","월성","전라북도 임실군 신덕면 월성리","1957-01-01","1961-01-01","1","주수원","320","10","10","82","10","200","필댐(죤형)","74741","194","17","644","597","47","사통형","274","273","263"
"4575010126","금정","전라북도 임실군 신덕면 금정리","1957-01-01","1961-12-30","2","주수원","36","2","1","10","10","100","필댐(죤형)","22591","85","10","37","37","0","사통형","267","266","255"
"4575010128","오궁","전라북도 임실군 신덕면 오궁리","1957-01-01","1961-01-01","1","주수원","328","7","7","67","10","100","필댐(죤형)","7167","160","15","316","288","28","사통형","279","278","269"
"4575010130","학정","전라북도 임실군 삼계면 학정리","1940-01-01","1943-01-01","2","주수원","157","8","7","53","10","100","필댐(죤형)","41602","167","9","192","192","0","사통형","223","222","215"
"4575010149","도봉","전라북도 임실군 관촌면 도봉리","1973-01-01","1974-01-01","2","주수원","84","5","5","33","10","100","필댐(죤형)","29104","112","12","190","190","0","사통형","252","251","243"
"4575010158","신전","전라북도 임실군 관촌면 신전리","1953-01-01","1957-01-01","1","주수원","740","9","9","76","10","100","필댐(죤형)","149688","181","15","334","334","0","사통형","295","294","284"
"4575010166","고덕","전라북도 임실군 관촌면 운수리","1973-01-01","1974-12-30","2","주수원","78","1","1","12","10","100","필댐(죤형)","11360","69","10","48","48","0","사통형","288","287","283"
"4575010167","섬진","전라북도 임실군 강진면 옥정리","1961-08-01","1965-12-31","1","주수원","76200","8019","2651","30266","10","200","콘크리트댐(중력형)","638596","344","64","258562","258562","0","취수탑형","189","189","150"
"4575010170","상강","전라북도 임실군 강진면 백련리","1965-01-01","1970-01-01","2","주수원","115","2","1","12","10","100","필댐(죤형)","19808","109","7","46","46","0","사통형","98","97","94"
"4575010187","서당","전라북도 임실군 지사면 관기리","1940-01-01","1945-04-01","2","보조수원","21","0","0","13","10","100","필댐(죤형)","8550","60","12","28","28","0","사통형","209","208","204"
"4575010188","조치","전라북도 임실군 지사면 관기리","1945-01-01","1945-12-20","2","보조수원","40","1","1","7","10","100","필댐(죤형)","20800","90","10","17","17","0","사통형","208","207","200"
"4575010189","대산","전라북도 임실군 지사면 관기리","1941-01-01","1945-01-01","2","보조수원","14","1","1","6","10","100","필댐(죤형)","25560","101","4","8","8","0","사통형","192","191","187"
"4575010191","안하","전라북도 임실군 지사면 안하리","1931-01-01","1934-01-01","2","보조수원","69","1","1","36","10","200","필댐(죤형)","9096","84","11","120","120","0","사통형","99","98","90"
"4575010193","금평","전라북도 완주군 이서면 금평리","1957-01-01","1959-12-30","2","주수원","122","5","5","50","10","100","필댐(죤형)","14331","137","8","148","148","0","사통형","35","35","30"
"4575010194","목평","전라북도 임실군 지사면 금평리","1937-01-01","1943-01-01","2","보조수원","39","1","1","6","10","100","필댐(죤형)","19253","122","6","24","24","0","사통형","194","194","189"
"4575010195","영천","전라북도 임실군 지사면 원산리","1931-01-01","1933-01-01","2","보조수원","89","1","1","8","10","100","필댐(죤형)","39402","111","6","31","31","0","사통형","153","152","149"
"4575010196","암가","전라북도 임실군 지사면 영천리","1939-01-01","1939-12-20","2","보조수원","69","1","1","13","10","100","필댐(죤형)","2934","149","5","30","30","0","사통형","147","146","143"
"4575010197","청웅","전라북도 임실군 청웅면 두복리","1997-12-13","2006-12-26","1","주수원","555","10","10","178","10","200","필댐(죤형)","166835","157","30","1068","908","160","취수탑형","201","200","186"
"4575010198","죽계","전라북도 임실군 삼계면 죽계리","1997-12-10","2013-12-20","1","주수원","1600","24","20","526","10","200","필댐(균일형)","362","169","46","3272","2828","444","취수탑형","241","238","213"
"4577010001","외령","전라북도 순창군 동계면 수장리","1944-01-01","1945-01-01","2","보조수원","25","0","0","9","10","200","필댐(죤형)","5353","63","9","7","7","0","사통형","155","154","151"
"4577010029","인계","전라북도 순창군 인계면 쌍암리","1958-01-01","1963-01-01","1","주수원","355","10","9","85","10","200","필댐(죤형)","35842","150","14","314","314","0","사통형","148","146","140"
"4577010048","구호","전라북도 순창군 동계면 구미리","1959-01-01","1960-01-01","2","주수원","127","4","4","34","10","200","필댐(죤형)","37106","122","14","114","114","0","사통형","118","117","111"
"4577010050","동심2","전라북도 순창군 동계면 동심리","1957-01-01","1960-01-01","2","보조수원","46","1","1","11","10","200","필댐(죤형)","3840","80","6","12","12","0","사통형","149","149","146"
"4577010051","동심3","전라북도 순창군 동계면 동심리","1957-01-01","1959-01-01","2","보조수원","65","2","1","26","10","200","필댐(죤형)","53760","140","18","40","40","0","사통형","101","100","89"
"4577010052","동심1","전라북도 순창군 동계면 동심리","1952-01-01","1960-01-01","2","주수원","86","3","3","42","10","200","필댐(죤형)","49422","268","14","136","136","0","사통형","131","130","122"
"4577010056","이산","전라북도 순창군 동계면 유산리","1942-01-01","1944-01-01","2","주수원","138","6","4","37","10","200","필댐(죤형)","22027","99","10","156","156","0","사통형","121","120","115"
"4577010059","수정","전라북도 순창군 동계면 수정리","1957-01-01","1959-01-01","2","주수원","115","5","3","31","10","200","필댐(죤형)","6570","103","12","113","113","0","사통형","166","165","156"
"4577010063","내령","전라북도 순창군 동계면 내령리","1959-01-01","1962-01-01","2","주수원","133","4","3","42","10","200","필댐(죤형)","62655","110","24","171","171","0","사통형","197","196","185"
"4577010065","난계","전라북도 순창군 동계면 수장리","1957-01-01","1960-01-01","2","주수원","118","3","2","58","10","200","필댐(죤형)","60515","125","20","177","177","0","사통형","194","193","182"
"4577010070","죽전","전라북도 순창군 풍산면 죽전리","1959-01-01","1960-01-01","2","주수원","74","3","2","15","10","200","필댐(죤형)","12600","120","8","63","63","0","사통형","111","110","107"
"4577010079","죽곡","전라북도 순창군 풍산면 죽곡리","1959-01-01","1960-01-01","2","주수원","60","3","3","25","10","200","필댐(죤형)","27724","122","15","117","117","0","사통형","186","185","177"
"4577010100","팔덕","전라북도 순창군 팔덕면 청계리","1952-01-01","1958-01-01","1","주수원","1250","39","36","727","10","200","필댐(죤형)","46354","209","27","3165","2836","329","취수탑형","148","146","134"
"4577010101","강천","전라북도 순창군 팔덕면 청계리","2009-09-07","2015-02-06","1","보조수원","157","8","7","84","10","200","콘크리트댐(중력형)","31838","77","31","656","654","2","사통형","272","272","247"
"4577010109","종암","전라북도 순창군 쌍치면 종암리","1959-01-01","1964-01-01","1","주수원","708","15","12","83","10","200","필댐(죤형)","28307","141","12","390","390","0","사통형","281","280","272"
"4577010113","제2쌍치","전라북도 순창군 쌍치면 운암리","1972-01-01","1974-01-01","1","주수원","412","13","12","83","10","200","필댐(죤형)","89242","175","13","496","496","0","사통형","261","260","253"
"4577010118","금성","전라북도 순창군 쌍치면 금성리","1990-10-31","1995-06-30","1","주수원","120","6","6","43","10","200","필댐(죤형)","293942","174","26","490","490","0","사통형","286","285","271"
"4577010121","서마","전라북도 순창군 복흥면 서마리","1970-01-01","1972-01-01","1","주수원","255","13","12","69","10","200","필댐(죤형)","22750","175","13","416","416","0","사통형","321","320","311"
"4577010122","동산","전라북도 순창군 복흥면 동산리","1957-01-01","1959-01-01","1","주수원","1735","28","24","155","10","200","필댐(죤형)","20475","195","8","357","357","0","사통형","292","292","286"
"4577010123","양림","전라북도 순창군 복흥면 화양리","1939-01-01","1945-01-01","2","보조수원","16","1","1","5","10","200","필댐(죤형)","10800","75","8","24","24","0","사통형","301","300","296"
"4577010124","화양","전라북도 순창군 복흥면 화양리","1976-01-01","1978-01-01","1","주수원","170","6","6","48","10","200","필댐(죤형)","282188","150","25","491","491","0","사통형","352","352","334"
"4577010128","방죽골","전라북도 순창군 복흥면 반월리","1944-01-01","1945-01-01","2","보조수원","24","1","1","8","10","200","필댐(죤형)","3080","70","4","12","12","0","사통형","277","276","275"
"4577010130","대가","전라북도 순창군 복흥면 봉덕리","1959-01-01","1964-01-01","1","주수원","618","15","14","107","10","200","필댐(죤형)","75193","190","12","537","537","0","사통형","328","327","319"
"4577010139","대방","전라북도 순창군 복흥면 대방리","1989-01-01","1994-01-01","1","주수원","220","6","6","64","10","200","필댐(죤형)","312750","180","27","506","506","0","사통형","369","368","348"
"4577010140","낙덕","전라북도 순창군 복흥면 답동리","1951-01-01","1953-01-01","2","주수원","6096","9","9","158","10","200","콘크리트댐(중력형)","6320","45","8","293","277","16","기타","258","256","251"
"4577010143","지북","전라북도 순창군 적성면 지북리","1959-01-01","1960-01-01","2","주수원","64","4","3","31","10","200","필댐(죤형)","27692","105","13","98","98","0","사통형","107","106","99"
"4577010147","동막","전라북도 순창군 적성면 고원리","1962-01-01","1963-01-01","2","보조수원","13","0","0","4","10","200","필댐(죤형)","9100","80","7","2","2","0","사통형","87","86","85"
"4577010148","지내","전라북도 순창군 적성면 고원리","1967-01-01","1968-01-01","2","보조수원","20","1","1","2","10","200","필댐(죤형)","9200","230","4","17","17","0","사통형","72","71","70"
"4577010150","우계","전라북도 순창군 적성면 내월리","1940-01-01","1941-01-01","2","보조수원","12","0","0","3","10","200","필댐(죤형)","13167","68","9","5","5","0","사통형","111","110","108"
"4577010172","구림","전라북도 순창군 구림면 월정리","1958-01-01","1960-12-31","1","주수원","1154","23","22","238","10","200","필댐(죤형)","50050","182","15","1239","1127","112","사통형","246","245","237"
"4577010178","양신","전라북도 순창군 쌍치면 양신리","1997-01-01","2000-01-01","1","주수원","245","14","14","93","10","200","필댐(죤형)","217147","145","25","878","878","0","사통형","279","278","265"
"4577010179","청계","전라북도 순창군 구림면 자양리","1999-07-22","2004-12-10","1","주수원","190","8","7","80","10","200","필댐(죤형)","123740","174","26","595","595","0","사통형","272","271","258"
"4577010180","대산","전라북도 순창군 인계면 마흘리","1997-12-19","2004-12-15","1","주수원","455","19","18","132","10","200","필댐(죤형)","473299","249","31","1241","1241","0","사통형","149","148","128"
"4577010181","월정","전라북도 순창군 구림면 운북리","1999-07-22","2005-12-10","1","주수원","299","11","11","130","20","200","필댐(죤형)","692131","205","28","916","916","0","사통형","341","340","324"
"4577010182","통안","전라북도 순창군 구림면 율북리","2002-10-20","2006-12-20","1","보조수원","123","7","7","133","10","200","필댐(죤형)","440985","197","37","420","420","0","사통형","279","278","266"
"4579010011","노동","전라북도 고창군 고창읍 노동리","1952-01-01","1956-01-01","1","주수원","500","23","18","250","10","100","필댐(죤형)","44800","224","20","1248","1248","0","취수탑형","79","78","65"
"4579010048","청계","전라북도 고창군 고수면 평지리","1950-01-01","1952-12-01","2","보조수원","158","2","2","1","10","100","필댐(죤형)","15000","86","17","101","101","0","사통형","112","112","103"
"4579010049","평지(고수)","전라북도 고창군 고수면 평지리","1976-01-01","1978-01-01","1","주수원","270","11","9","49","10","100","필댐(죤형)","16200","154","21","499","499","0","사통형","88","87","73"
"4579010094","덕림","전라북도 고창군 무장면 덕림리","1944-01-01","1949-01-01","1","주수원","384","27","26","151","10","100","필댐(죤형)","14700","210","8","517","502","15","사통형","99","98","95"
"4579010099","고라","전라북도 고창군 무장면 고라리","1942-01-01","1945-01-01","2","주수원","163","13","9","54","5","100","필댐(죤형)","7500","171","6","148","141","7","사통형","41","40","37"
"4579010116","대정","전라북도 고창군 공음면 두암리","1923-01-01","1924-01-01","1","주수원","1128","56","54","606","10","200","필댐(죤형)","160813","229","17","2368","2360","8","사통형","26","25","15"
"4579010146","예전","전라북도 고창군 공음면 예전리","1943-01-01","1945-01-10","1","주수원","794","37","36","146","10","100","필댐(죤형)","16800","241","7","826","787","39","사통형","101","100","95"
"4579010158","석남","전라북도 고창군 상하면 석남리","1944-01-01","1945-01-01","1","주수원","1080","89","76","263","10","100","필댐(죤형)","31000","1166","5","1427","1427","0","사통형","101","100","97"
"4579010170","송곡","전라북도 고창군 상하면 송곡리","1942-01-01","1945-01-01","1","주수원","350","11","10","125","5","100","필댐(죤형)","19000","190","10","377","359","18","사통형","101","100","94"
"4579010174","평지(해리)","전라북도 고창군 해리면 평지리","1944-01-03","1950-12-29","2","주수원","38","11","9","19","5","100","필댐(죤형)","16200","125","14","51","51","0","사통형","73","73","65"
"4579010175","고성","전라북도 고창군 해리면 평지리","1944-01-01","1950-01-01","2","주수원","122","8","7","68","5","100","필댐(죤형)","1080","190","8","176","176","0","사통형","101","100","96"
"4579010190","라성","전라북도 고창군 해리면 사반리","1953-01-01","1955-01-01","1","주수원","452","25","21","100","10","100","필댐(죤형)","18000","320","7","302","288","14","사통형","101","100","97"
"4579010230","미동","전라북도 고창군 성송면 하고리","1944-01-01","1947-01-01","2","주수원","83","8","6","41","10","100","필댐(죤형)","14000","175","8","134","134","0","사통형","101","100","95"
"4579010231","양사","전라북도 고창군 성송면 하고리","1944-01-01","1947-01-01","2","주수원","78","4","3","36","5","100","필댐(죤형)","15500","109","13","111","111","0","사통형","40","40","32"
"4579010234","부귀","전라북도 고창군 대산면 매산리","1943-12-01","1945-01-01","2","주수원","24","1","1","4","5","100","필댐(죤형)","5500","135","3","11","11","0","사통형","100","100","98"
"4579010235","산정","전라북도 고창군 대산면 산정리","1949-01-15","1949-12-10","2","주수원","192","8","7","71","5","100","필댐(죤형)","17000","234","7","137","137","0","사통형","101","100","97"
"4579010236","교동","전라북도 고창군 대산면 산정리","1949-01-01","1952-01-01","2","주수원","69","2","2","15","10","100","필댐(죤형)","2500","140","4","7","7","0","사통형","100","100","98"
"4579010257","궁산","전라북도 고창군 해리면 금평리","1937-01-01","1945-01-01","1","주수원","3025","81","81","260","10","200","필댐(죤형)","18000","450","8","2210","2210","0","취수탑형","8","7","2"
"4579010262","도천","전라북도 고창군 심원면 도천리","1939-01-01","1945-01-01","1","주수원","700","26","23","203","10","100","필댐(죤형)","23600","139","17","1294","1294","0","사통형","101","100","89"
"4579010263","연화","전라북도 고창군 심원면 연화리","1939-01-01","1945-01-01","1","주수원","306","10","8","119","5","100","필댐(죤형)","28000","147","9","712","712","0","사통형","40","40","29"
"4579010280","흥덕","전라북도 고창군 흥덕면 석우리","1910-01-01","1914-12-01","1","주수원","4420","385","382","2739","10","200","필댐(죤형)","85822","926","10","9946","9946","0","취수탑형","12","12","7"
"4579010308","성내","전라북도 고창군 성내면 신대리","1957-01-01","1961-01-01","1","주수원","545","34","28","181","10","100","필댐(죤형)","17000","217","8","960","958","2","사통형","35","34","28"
"4579010319","가평","전라북도 고창군 신림면 가평리","1957-01-01","1961-01-01","1","주수원","212","7","5","77","10","100","필댐(죤형)","30000","198","19","306","306","0","사통형","98","97","86"
"4579010320","신평","전라북도 고창군 신림면 신평리","1957-01-01","1961-01-01","2","주수원","165","3","2","25","10","100","필댐(죤형)","35000","334","11","59","59","0","사통형","99","98","92"
"4579010327","신림","전라북도 고창군 신림면 자포리","1952-01-01","1956-01-01","1","주수원","2070","63","59","680","10","100","필댐(죤형)","75000","495","14","3274","3274","0","사통형","49","48","38"
"4579010332","오산","전라북도 고창군 부안면 검산리","1940-01-01","1945-01-01","1","주수원","450","11","10","211","5","100","필댐(죤형)","20000","140","14","516","516","0","사통형","49","49","40"
"4579010337","수동","전라북도 고창군 부안면 수동리","1985-01-01","1987-01-01","1","주수원","38","18","17","165","10","100","필댐(죤형)","33600","280","13","827","827","0","사통형","16","15","5"
"4579010339","상암","전라북도 고창군 부안면 상암리","1951-01-01","1952-01-01","1","주수원","197","25","24","103","7","100","필댐(죤형)","22000","445","4","593","592","1","사통형","22","21","17"
"4579010349","사창","전라북도 고창군 부안면 사창리","1995-01-01","1998-01-01","2","보조수원","7","6","5","42","10","100","필댐(죤형)","45000","373","13","142","142","0","사통형","101","100","91"
"4579010350","삼태","전라북도 고창군 부안면 운양리","1943-01-01","1945-12-30","2","주수원","18","2","2","3","5","100","필댐(죤형)","1500","82","7","14","14","0","사통형","100","100","96"
"4579010351","백운","전라북도 고창군 부안면 운양리","1943-01-01","1945-12-01","2","주수원","19","2","2","9","5","100","필댐(죤형)","5000","109","4","5","5","0","사통형","100","100","97"
"4579010352","고수","전라북도 고창군 고수면 상평리","1952-01-01","1956-01-01","1","주수원","1600","43","44","525","10","100","필댐(죤형)","55680","247","22","3340","3340","0","취수탑형","102","100","86"
"4579010357","성송","전라북도 고창군 성송면 암치리","1999-07-18","2003-12-30","1","주수원","103","11","11","103","10","200","필댐(죤형)","187500","228","40","1172","1109","63","취수탑형","104","103","90"
"4579010359","창내","전라북도 고창군 부안면 검산리","2000-08-10","2004-01-01","1","주수원","270","22","21","377","10","100","필댐(균일형)","0","248","37","1967","1673","294","취수탑형","78","77","57"
"4579010360","연기","전라북도 고창군 부안면 용산리","1997-01-01","2009-12-23","1","주수원","290","21","19","501","20","100","필댐(균일형)","0","262","38","2416","2130","286","취수탑형","51","49","27"
"4579010678","원당","전라북도 고창군 부안면 상암리","2010-12-06","2015-02-05","1","주수원","97","7","7","7","10","200","필댐(죤형)","196914","251","24","493","457","36","사통형","52","51","39"
"4579010679","계산","전라북도 고창군 아산면 학전리","2000-12-13","2017-12-31","1","주수원","173","40","36","","20","100","필댐(코어형)","492562","270","38","5010","4741","269","취수탑형","58","57","35"
"4580010010","연","전라북도 부안군 주산면 사산리","1945-01-01","1945-12-30","2","보조수원","18","3","3","8","5","50","필댐(죤형)","3678","260","3","20","20","0","사통형","11","10","10"
"4580010012","사산","전라북도 부안군 상서면 감교리","1957-01-01","1962-12-30","1","주수원","1210","87","62","466","10","20","필댐(죤형)","50270","763","9","1830","1827","3","사통형","25","24","18"
"4580010018","쌍구","전라북도 부안군 동진면 내기리","1945-01-01","1945-12-30","2","보조수원","15","2","2","10","5","50","필댐(죤형)","1536","160","2","7","7","0","사통형","7","7","5"
"4580010019","심성","전라북도 부안군 동진면 내기리","1945-01-01","1945-12-30","2","보조수원","22","4","4","28","5","10","필댐(죤형)","1971","220","2","6","6","0","사통형","7","7","4"
"4580010020","고마","전라북도 부안군 동진면 내기리","1955-01-01","1958-12-30","1","주수원","180","82","80","1211","10","10","필댐(죤형)","65281","746","9","3338","3338","0","사통형","6","6","0"
"4580010022","부","전라북도 부안군 부안읍 신흥리","1945-01-01","1945-12-30","2","주수원","39","2","2","6","5","50","필댐(죤형)","3432","191","3","20","20","0","사통형","21","21","12"
"4580010023","동돈","전라북도 부안군 계화면 의복리","1945-01-01","1945-12-30","2","주수원","20","3","1","7","5","50","필댐(죤형)","5586","114","7","13","13","0","사통형","6","6","2"
"4580010025","청호","전라북도 부안군 하서면 청호리","1968-03-01","1971-12-30","1","주수원","571","450","439","2467","10","20","필댐(죤형)","244823","5335","7","18925","18045","880","취수탑형","5","5","1"
"4580010037","남포","전라북도 부안군 보안면 남포리","1955-01-01","1957-12-30","1","주수원","281","15","12","115","10","20","필댐(죤형)","4032","310","3","447","447","0","사통형","13","13","7"
"4580010040","우동","전라북도 부안군 보안면 우동리","1953-01-01","1957-12-30","1","주수원","340","13","11","144","10","20","필댐(죤형)","13634","260","8","419","418","1","사통형","15","14","6"
"4580010055","유유","전라북도 부안군 변산면 마포리","1955-01-01","1959-12-30","1","주수원","474","27","17","84","10","200","필댐(죤형)","34594","278","7","560","552","8","사통형","39","38","32"
"4580010060","운산","전라북도 부안군 변산면 운산리","1955-01-01","1959-12-30","1","주수원","373","10","5","59","10","200","필댐(죤형)","50164","420","13","333","333","0","사통형","58","57","44"
"4580010064","석포","전라북도 부안군 진서면 석포리","1990-01-01","1996-12-30","1","주수원","260","17","15","120","10","200","필댐(죤형)","64724","172","20","1085","1040","45","취수탑형","58","57","44"
"4580010065","개암","전라북도 부안군 상서면 감교리","1953-01-01","1957-05-31","1","주수원","370","14","13","144","10","30","필댐(죤형)","21139","135","15","750","745","5","사통형","17","16","6"
"4580010089","연정","전라북도 부안군 줄포면 장동리","1945-01-01","1945-12-30","2","주수원","20","3","3","25","5","100","필댐(죤형)","2800","108","3","30","30","0","사통형","9","9","7"
"4580010094","아강","전라북도 부안군 줄포면 신리","1945-01-01","1945-01-01","2","주수원","15","1","1","10","5","10","필댐(죤형)","2863","107","4","10","10","0","사통형","35","34","33"
"4580010095","신","전라북도 부안군 줄포면 신리","1945-01-01","1945-12-30","2","주수원","20","3","3","12","5","10","필댐(죤형)","3437","169","3","12","12","0","사통형","33","33","31"
"4580010098","월평","전라북도 부안군 줄포면 파산리","1945-01-01","1945-12-30","2","주수원","30","3","2","15","5","10","필댐(죤형)","1797","100","3","23","23","0","사통형","28","27","26"
"4580010099","연중","전라북도 부안군 줄포면 대동리","1945-01-01","1945-12-30","2","주수원","30","2","2","20","5","10","필댐(죤형)","2350","115","4","20","20","0","기타","8","8","6"
"4580010100","운호","전라북도 부안군 진서면 운호리","1995-01-01","1999-12-30","1","주수원","365","10","9","134","10","200","필댐(죤형)","52147","134","24","640","542","98","취수탑형","40","39","28"
"4580010102","청림","전라북도 부안군 상서면 청림리","2000-10-27","2009-07-24","1","주수원","440","24","22","310","30","10","필댐(균일형)","0","233","35","2514","2213","301","취수탑형","100","99","79"
"4611010005","석현","전라남도 무안군 삼향읍 임성리","1943-08-12","1945-08-13","2","주수원","65","5","4","30","10","100","필댐(죤형)","17388","204","7","98","98","0","사통형","34","33","29"
"4613010004","여천","전라남도 여수시 여천동","1942-01-01","1943-01-01","2","주수원","90","2","2","35","10","100","필댐(죤형)","36449","127","7","57","57","0","사통형","63","62","55"
"4613010006","대곡","전라남도 여수시 봉계동","1942-01-01","1943-01-01","2","주수원","58","3","2","38","10","200","필댐(죤형)","49134","112","11","61","61","0","사통형","63","62","58"
"4613010007","봉계1","전라남도 여수시 봉계동","1939-01-01","1940-01-01","2","주수원","170","6","6","85","10","100","필댐(죤형)","124200","230","12","218","218","0","사통형","63","63","51"
"4613010008","봉계2","전라남도 여수시 봉계동","1952-01-01","1954-01-01","2","주수원","61","1","1","18","10","100","필댐(죤형)","63714","222","7","55","55","0","사통형","63","62","55"
"4613010009","해산","전라남도 여수시 해산동","1939-01-01","1940-01-01","2","보조수원","8","5","4","14","10","100","필댐(죤형)","10080","120","4","9","9","0","사통형","58","57","53"
"4613010031","관기","전라남도 여수시 소라면 죽림리","1931-01-01","1932-01-01","1","주수원","423","31","28","239","10","100","필댐(죤형)","68760","746","6","783","783","0","사통형","14","13","8"
"4613010040","대포","전라남도 여수시 소라면 대포리","1929-01-01","1934-01-01","1","주수원","1670","24","23","261","10","200","필댐(죤형)","123753","184","14","1381","1381","0","사통형","23","21","7"
"4613010041","조화","전라남도 여수시 율촌면 조화리","1938-01-01","1940-01-01","2","주수원","174","7","6","57","10","200","필댐(죤형)","126939","1059","3","202","202","0","사통형","8","7","0"
"4613010042","산수","전라남도 여수시 율촌면 산수리","1958-01-01","1963-01-01","2","주수원","114","2","2","42","10","200","필댐(죤형)","83556","160","9","55","55","0","사통형","39","39","39"
"4613010045","가장","전라남도 여수시 율촌면 가장리","1944-01-01","1945-01-01","2","주수원","95","4","4","44","10","100","필댐(죤형)","81700","190","13","120","120","0","사통형","100","100","90"
"4613010047","연화","전라남도 여수시 율촌면 가장리","1990-09-18","1995-01-01","1","주수원","157","6","6","74","10","200","필댐(죤형)","92301","260","18","515","515","0","사통형","28","28","11"
"4613010050","반월","전라남도 여수시 율촌면 반월리","1943-01-01","1944-01-01","2","주수원","79","2","2","20","10","100","필댐(죤형)","49560","153","7","53","53","0","사통형","41","40","34"
"4613010051","취적","전라남도 여수시 율촌면 취적리","1952-01-01","1955-01-01","2","주수원","55","4","3","29","10","200","필댐(죤형)","55296","160","16","81","81","0","사통형","32","30","14"
"4613010052","내동","전라남도 여수시 율촌면 취적리","1960-01-01","1961-01-01","2","주수원","105","4","3","21","10","100","필댐(죤형)","56540","127","11","51","51","0","취수탑형","40","39","29"
"4613010053","신풍","전라남도 여수시 율촌면 신풍리","1967-01-01","1972-01-01","1","주수원","419","11","11","76","10","200","필댐(죤형)","141152","165","27","782","782","0","사통형","30","29","4"
"4613010060","화동","전라남도 여수시 화양면 화동리","1966-01-01","1970-01-01","1","주수원","288","9","8","96","10","200","필댐(죤형)","160697","220","25","571","571","0","사통형","61","60","34"
"4613010061","대복","전라남도 여수시 돌산읍 신복리","1997-12-31","2005-12-20","1","주수원","239","10","10","39","10","200","필댐(죤형)","540960","210","23","479","479","0","취수탑형","56","55","40"
"4613010062","승월","전라남도 여수시 돌산읍 서덕리","1997-12-31","2005-12-20","1","주수원","360","12","11","66","10","200","필댐(죤형)","613360","430","17","787","613","174","사통형","43","42","32"
"4615010005","대동","전라남도 순천시 왕지동","1944-11-20","1957-03-31","2","주수원","159","6","6","39","10","100","필댐(죤형)","60000","162","9","154","149","5","사통형","63","63","53"
"4615010009","평지","전라남도 순천시 승주읍 평중리","1956-10-01","1957-08-20","2","주수원","92","3","2","7","10","100","필댐(죤형)","36352","160","8","36","36","0","사통형","153","153","148"
"4615010010","연동","전라남도 순천시 승주읍 구강리","1944-01-01","1945-04-01","2","주수원","52","2","1","11","10","200","필댐(죤형)","33901","167","7","44","44","0","사통형","188","188","181"
"4615010011","축내","전라남도 순천시 승주읍 도정리","1944-01-01","1945-04-01","2","주수원","120","2","1","16","10","200","필댐(죤형)","41371","153","8","48","48","0","사통형","210","210","202"
"4615010012","월계","전라남도 순천시 승주읍 월계리","1958-01-21","1959-12-30","2","주수원","104","3","2","30","10","200","필댐(죤형)","35198","105","18","95","95","0","사통형","197","197","180"
"4615010013","서동","전라남도 순천시 승주읍 신성리","1944-01-01","1945-01-01","2","주수원","90","2","2","6","10","200","필댐(죤형)","9828","90","6","15","15","0","사통형","153","152","146"
"4615010023","죽청","전라남도 순천시 서면 운평리","1943-12-16","1944-12-31","2","주수원","234","4","4","50","10","200","필댐(죤형)","34020","84","13","177","177","0","사통형","122","121","114"
"4615010026","용곡","전라남도 순천시 서면 압곡리","1954-01-01","1961-01-01","1","주수원","360","6","6","61","10","200","필댐(죤형)","73000","215","15","506","493","13","사통형","94","92","76"
"4615010027","용림","전라남도 순천시 서면 압곡리","1954-01-01","1961-03-27","2","주수원","82","2","1","15","10","200","필댐(죤형)","13569","97","6","29","28","1","사통형","80","79","79"
"4615010029","지본","전라남도 순천시 서면 지본리","1958-10-01","1961-03-27","2","주수원","30","3","2","10","10","200","필댐(죤형)","23168","160","6","40","39","1","사통형","63","62","56"
"4615010042","운월","전라남도 순천시 월등면 운월리","1968-11-01","1970-06-30","2","주수원","438","5","4","97","10","200","필댐(죤형)","52800","180","12","146","100","46","사통형","174","172","159"
"4615010045","행정","전라남도 순천시 주암면 행정리","1943-09-01","1945-03-31","1","주수원","781","16","16","228","10","200","필댐(죤형)","430980","370","18","857","857","0","사통형","147","147","133"
"4615010048","보령","전라남도 순천시 주암면 복다리","1966-06-23","1969-06-30","2","주수원","161","3","3","36","10","200","필댐(죤형)","117306","155","14","136","134","2","사통형","149","148","135"
"4615010057","동교","전라남도 순천시 낙안면 동내리","1942-08-29","1951-08-31","1","주수원","375","6","6","206","10","100","필댐(죤형)","214140","496","21","715","700","15","사통형","75","73","54"
"4615010058","상송","전라남도 순천시 낙안면 상송리","1972-12-20","1974-12-30","1","주수원","184","6","6","53","10","100","필댐(죤형)","107644","168","24","454","454","0","사통형","86","84","62"
"4615010059","송기","전라남도 순천시 낙안면 검암리","1959-11-07","1960-07-30","2","주수원","60","2","1","21","10","200","필댐(죤형)","33962","95","11","62","62","0","사통형","83","82","71"
"4615010060","평촌","전라남도 순천시 낙안면 평촌리","1957-10-06","1959-07-30","2","주수원","22","3","2","10","10","200","필댐(죤형)","51840","432","6","27","27","0","사통형","34","33","27"
"4615010063","운천","전라남도 순천시 별량면 운천리","1968-11-28","1970-11-30","1","주수원","639","23","22","236","10","100","필댐(죤형)","105665","163","13","1031","1023","9","사통형","23","22","10"
"4615010068","금동","전라남도 순천시 별량면 금치리","1974-11-21","1977-06-30","1","주수원","401","8","7","114","10","100","필댐(죤형)","165149","223","26","652","652","0","사통형","41","40","19"
"4615010069","대룡","전라남도 순천시 별량면 대룡리","1970-12-14","1978-12-31","1","주수원","1370","23","21","515","10","200","필댐(죤형)","326340","196","37","2456","2437","19","취수탑형","72","70","45"
"4617010002","한수","전라남도 나주시 경현동","1954-12-01","1956-12-31","1","주수원","390","13","8","85","10","200","필댐(죤형)","54714","200","17","431","431","0","사통형","48","47","36"
"4617010004","보산","전라남도 나주시 보산동","1957-01-01","1959-01-01","2","주수원","93","4","4","27","10","200","필댐(죤형)","55070","127","13","71","71","0","사통형","118","117","110"
"4617010005","대호","전라남도 나주시 대호동","1961-01-01","1962-01-01","2","주수원","150","6","5","44","10","200","필댐(죤형)","4383","234","7","126","126","0","사통형","18","17","15"
"4617010006","칠전","전라남도 나주시 대호동","1950-12-01","1952-01-01","2","보조수원","42","3","3","14","10","200","필댐(죤형)","10800","240","5","63","57","6","사통형","23","21","19"
"4617010007","연화","전라남도 나주시 송촌동","1950-12-01","1952-01-01","2","보조수원","127","6","5","63","10","200","필댐(죤형)","34361","236","6","123","115","8","사통형","21","20","16"
"4617010008","청동","전라남도 나주시 청동","1950-12-01","1952-01-01","2","주수원","45","4","4","11","10","200","필댐(죤형)","6459","145","6","74","72","2","사통형","12","12","10"
"4617010009","우산","전라남도 나주시 평산동","1943-12-01","1945-01-01","2","보조수원","120","8","6","17","10","200","필댐(죤형)","28980","210","5","198","194","4","사통형","17","16","10"
"4617010010","덕치","전라남도 나주시 부덕동","1944-01-03","1945-01-01","2","보조수원","4","1","1","2","10","200","필댐(죤형)","5200","85","3","5","5","0","사통형","100","100","99"
"4617010011","기동","전라남도 나주시 대기동","1944-01-01","1945-01-01","2","보조수원","57","4","3","6","10","200","필댐(죤형)","12000","180","5","29","27","2","사통형","101","100","98"
"4617010013","동방","전라남도 나주시 동수동","1934-01-01","1935-01-01","2","보조수원","25","1","1","15","10","200","필댐(죤형)","2320","145","3","36","34","2","사통형","101","100","96"
"4617010018","방축","전라남도 나주시 남평읍 교원리","1942-01-01","1943-01-01","2","보조수원","45","0","0","5","10","200","필댐(죤형)","2088","87","4","1","1","0","사통형","30","29","28"
"4617010020","봉산","전라남도 나주시 남평읍 서산리","1959-12-01","1961-01-01","2","주수원","70","1","1","14","10","200","필댐(죤형)","2589","126","14","34","34","1","사통형","72","71","64"
"4617010021","반계","전라남도 나주시 남평읍 오계리","1960-01-01","1961-01-01","2","주수원","40","2","2","43","10","200","필댐(죤형)","83265","123","6","85","84","1","사통형","44","43","35"
"4617010022","상남","전라남도 나주시 남평읍 남석리","1942-12-01","1944-01-01","2","주수원","45","1","1","14","10","200","필댐(죤형)","7500","60","5","19","19","0","사통형","101","100","95"
"4617010023","남석","전라남도 나주시 남평읍 남석리","1943-01-01","1944-01-01","2","주수원","131","2","2","21","10","200","필댐(죤형)","35000","88","9","63","63","0","사통형","53","52","44"
"4617010030","어전","전라남도 나주시 남평읍 평산리","1937-01-01","1938-01-01","2","보조수원","48","0","0","5","10","200","필댐(죤형)","680","85","3","4","4","0","사통형","22","21","20"
"4617010031","평산","전라남도 나주시 남평읍 평산리","1978-01-01","1979-01-01","2","보조수원","72","5","5","24","10","200","필댐(죤형)","7398","137","19","289","289","0","사통형","35","33","23"
"4617010032","오봉","전라남도 나주시 세지면 오봉리","1917-12-03","1919-01-01","2","보조수원","120","2","2","65","10","200","필댐(죤형)","67650","265","10","71","71","1","사통형","58","56","50"
"4617010033","반월","전라남도 나주시 세지면 대산리","1941-01-01","1942-01-01","2","보조수원","110","6","4","29","10","200","필댐(죤형)","16220","197","5","51","50","0","사통형","30","29","26"
"4617010034","소용궁","전라남도 나주시 세지면 대산리","1943-12-01","1945-01-01","2","보조수원","125","5","4","10","10","200","필댐(죤형)","4320","160","3","21","18","3","취수탑형","18","18","17"
"4617010035","용궁","전라남도 나주시 세지면 대산리","1938-12-01","1940-01-01","1","보조수원","200","27","25","35","10","200","필댐(죤형)","61880","415","7","617","584","33","사통형","101","100","97"
"4617010036","봉정","전라남도 나주시 세지면 내정리","1939-12-01","1942-01-01","2","보조수원","15","1","0","2","10","200","필댐(죤형)","1000","42","3","19","17","2","사통형","18","18","17"
"4617010037","동신","전라남도 나주시 세지면 동곡리","1941-01-01","1942-01-01","2","보조수원","45","1","1","59","10","200","필댐(죤형)","1960","96","3","8","8","1","사통형","45","44","43"
"4617010038","교산","전라남도 나주시 세지면 교산리","1955-01-03","1957-12-31","2","보조수원","94","16","9","94","10","200","필댐(죤형)","44630","340","7","143","136","8","사통형","77","76","73"
"4617010040","산계","전라남도 나주시 세지면 벽산리","1940-12-02","1942-01-01","2","보조수원","45","1","1","13","10","200","필댐(죤형)","650","110","5","25","24","1","사통형","39","39","35"
"4617010043","동산","전라남도 나주시 왕곡면 덕산리","1949-01-03","1950-01-01","2","보조수원","45","1","1","40","10","100","필댐(죤형)","17995","120","8","17","16","1","사통형","26","25","24"
"4617010046","산정","전라남도 나주시 왕곡면 신포리","1940-12-02","1942-01-01","2","보조수원","25","2","1","25","10","100","필댐(죤형)","4221","96","4","20","20","0","사통형","29","29","27"
"4617010047","신포","전라남도 나주시 왕곡면 신포리","1941-12-01","1943-01-01","2","보조수원","65","9","9","51","10","100","필댐(죤형)","7920","165","4","131","119","12","사통형","10","9","7"
"4617010048","박포","전라남도 나주시 왕곡면 신포리","1942-01-01","1943-01-01","2","보조수원","15","1","1","5","10","100","필댐(죤형)","5375","85","7","7","6","0","사통형","20","19","18"
"4617010049","용교","전라남도 나주시 왕곡면 화정리","1936-12-01","1938-01-01","2","보조수원","214","4","3","42","10","100","필댐(죤형)","10350","193","4","108","108","0","사통형","39","38","37"
"4617010050","정촌","전라남도 나주시 왕곡면 화정리","1931-12-01","1933-01-01","2","보조수원","40","2","2","20","10","100","필댐(죤형)","3230","85","4","29","26","3","사통형","20","18","17"
"4617010051","행장","전라남도 나주시 왕곡면 신원리","1928-12-03","1930-01-01","2","보조수원","35","4","4","12","10","100","필댐(죤형)","6398","188","5","64","64","0","사통형","36","35","31"
"4617010052","평전","전라남도 나주시 왕곡면 행전리","1950-12-01","1952-01-01","2","보조수원","35","2","2","4","10","100","필댐(죤형)","4515","120","4","13","11","2","사통형","29","28","27"
"4617010053","봉학","전라남도 나주시 왕곡면 신원리","1920-12-01","1923-01-01","2","보조수원","20","1","1","3","10","100","필댐(죤형)","5702","120","4","16","15","0","사통형","12","12","9"
"4617010054","신원","전라남도 나주시 왕곡면 신원리","1940-12-02","1942-01-01","2","보조수원","80","6","6","10","10","100","필댐(죤형)","12091","120","4","140","139","1","사통형","34","33","29"
"4617010055","신정","전라남도 나주시 왕곡면 신가리","1941-12-01","1943-01-01","2","보조수원","10","1","1","3","10","100","필댐(죤형)","3564","75","4","7","6","0","사통형","34","33","31"
"4617010056","양산","전라남도 나주시 왕곡면 양산리","1938-12-01","1940-01-01","2","보조수원","85","2","1","7","10","100","필댐(죤형)","6840","190","4","14","13","1","사통형","25","24","23"
"4617010057","봉덕","전라남도 나주시 반남면 흥덕리","1943-01-01","1945-01-01","2","보조수원","24","2","2","12","10","100","필댐(죤형)","8080","162","4","24","24","0","사통형","16","15","11"
"4617010058","흥덕","전라남도 나주시 반남면 흥덕리","1943-12-01","1945-01-01","2","보조수원","24","1","1","12","10","100","필댐(죤형)","9649","170","4","19","19","0","사통형","20","19","17"
"4617010059","월현","전라남도 나주시 반남면 석천리","1939-12-01","1941-01-01","2","보조수원","13","2","1","5","10","100","필댐(죤형)","3023","155","3","9","7","2","사통형","22","21","20"
"4617010060","용산","전라남도 나주시 반남면 덕산리","1943-12-01","1945-01-01","2","보조수원","31","5","4","10","10","100","필댐(죤형)","5670","180","4","49","48","1","사통형","15","14","11"
"4617010061","월량","전라남도 나주시 반남면 덕산리","1943-12-01","1945-01-01","2","보조수원","24","3","2","11","10","100","필댐(죤형)","4592","157","3","38","34","4","사통형","23","22","20"
"4617010062","북두","전라남도 나주시 반남면 신촌리","1943-12-01","1945-01-01","2","보조수원","20","1","1","8","10","100","필댐(죤형)","5407","110","5","25","25","0","사통형","20","19","16"
"4617010063","신기","전라남도 나주시 반남면 신촌리","1943-12-01","1945-01-01","2","보조수원","18","1","1","15","10","100","필댐(죤형)","3953","155","3","7","7","0","사통형","20","19","18"
"4617010064","방두","전라남도 나주시 반남면 대안리","1944-01-03","1945-01-01","2","보조수원","12","1","1","6","10","100","필댐(죤형)","3652","103","4","15","14","0","사통형","17","16","14"
"4617010065","도마","전라남도 나주시 반남면 대안리","1944-01-03","1945-01-01","2","보조수원","120","8","6","10","10","100","필댐(죤형)","5533","217","3","39","38","1","사통형","16","15","15"
"4617010066","송정","전라남도 나주시 반남면 청송리","1943-12-01","1945-01-01","2","보조수원","31","3","2","15","10","100","필댐(죤형)","6381","140","4","36","35","0","사통형","23","22","18"
"4617010067","청용","전라남도 나주시 반남면 청송리","1943-12-01","1945-01-01","2","보조수원","31","2","2","15","10","100","필댐(죤형)","10395","118","6","27","27","1","사통형","25","24","21"
"4617010068","선동","전라남도 나주시 봉황면 철천리","1955-12-01","1957-01-01","2","보조수원","52","2","2","25","10","200","필댐(죤형)","41010","217","9","41","39","2","사통형","110","110","107"
"4617010069","월호","전라남도 나주시 공산면 남창리","1943-12-01","1945-01-01","2","보조수원","84","7","6","61","10","200","필댐(죤형)","9957","236","4","124","117","7","사통형","10","8","6"
"4617010070","신흥","전라남도 나주시 공산면 남창리","1943-12-01","1945-01-01","2","보조수원","33","2","1","24","10","200","필댐(죤형)","5674","168","4","34","32","2","사통형","11","10","7"
"4617010071","백동","전라남도 나주시 공산면 백사리","1943-01-01","1945-01-01","2","보조수원","8","1","1","15","10","100","필댐(죤형)","4773","120","4","14","14","0","사통형","29","28","25"
"4617010074","사암","전라남도 나주시 공산면 신곡리","1943-12-01","1945-01-01","2","보조수원","120","6","6","36","10","100","필댐(죤형)","8797","127","5","183","181","2","사통형","16","15","11"
"4617010075","갈마","전라남도 나주시 공산면 백사리","1942-01-01","1943-01-01","2","보조수원","20","1","1","25","10","200","필댐(죤형)","21940","115","4","15","15","0","사통형","17","16","13"
"4617010076","형제","전라남도 나주시 공산면 중포리","1928-12-03","1930-01-01","2","보조수원","80","10","10","38","10","100","필댐(죤형)","7680","160","4","124","81","43","사통형","5","5","4"
"4617010077","옥정","전라남도 나주시 공산면 중포리","1939-12-01","1942-01-01","2","보조수원","11","1","1","6","10","100","필댐(죤형)","2746","110","3","7","6","1","사통형","8","7","6"
"4617010078","척포","전라남도 나주시 공산면 중포리","1932-12-01","1935-01-01","2","보조수원","50","4","4","21","10","100","필댐(죤형)","3396","135","3","143","123","20","사통형","5","4","2"
"4617010080","가흥","전라남도 나주시 공산면 가송리","1944-01-01","1945-01-01","2","보조수원","35","1","1","7","10","200","필댐(죤형)","12470","110","8","27","26","0","사통형","19","19","15"
"4617010081","연화","전라남도 나주시 공산면 동촌리","1942-12-01","1944-01-01","2","보조수원","75","2","2","14","10","100","필댐(죤형)","7118","187","4","3","3","0","사통형","15","15","11"
"4617010082","금산","전라남도 나주시 공산면 화성리","1933-12-01","1935-01-01","2","보조수원","150","4","3","5","10","100","필댐(죤형)","15480","137","4","38","33","5","사통형","20","19","17"
"4617010083","화산","전라남도 나주시 공산면 화성리","1943-12-01","1945-01-01","2","보조수원","120","2","2","22","10","100","필댐(죤형)","4725","150","4","23","23","1","사통형","16","15","13"
"4617010084","상방","전라남도 나주시 공산면 상방리","1943-12-01","1945-01-01","2","보조수원","96","5","5","33","10","100","필댐(죤형)","9896","198","4","48","48","0","사통형","20","19","17"
"4617010085","백두","전라남도 나주시 공산면 상방리","1942-01-01","1943-01-01","2","보조수원","95","6","5","30","10","100","필댐(죤형)","18489","173","8","79","79","0","사통형","26","25","22"
"4617010086","대량","전라남도 나주시 공산면 상방리","1947-01-01","1948-01-01","2","보조수원","54","2","2","4","10","100","필댐(죤형)","4921","125","5","22","19","3","사통형","10","9","7"
"4617010087","후동","전라남도 나주시 공산면 상방리","1946-12-02","1948-01-01","2","보조수원","21","1","1","7","10","100","필댐(죤형)","3413","84","4","22","22","0","사통형","13","12","9"
"4617010088","복용","전라남도 나주시 공산면 복용리","1943-01-01","1945-01-01","2","보조수원","50","3","3","21","10","100","필댐(죤형)","3378","102","4","63","63","0","사통형","10","9","5"
"4617010090","우습","전라남도 나주시 공산면 동촌리","1940-12-02","1943-01-01","2","보조수원","195","66","42","107","10","100","필댐(죤형)","58625","335","5","269","269","0","사통형","4","3","2"
"4617010092","석천","전라남도 나주시 동강면 월양리","1943-12-01","1945-01-01","2","보조수원","30","2","2","17","10","100","필댐(죤형)","4249","150","4","35","32","3","취수탑형","10","9","6"
"4617010093","우사","전라남도 나주시 동강면 월양리","1943-12-01","1945-01-01","2","보조수원","260","7","6","52","10","100","필댐(죤형)","14034","280","4","32","31","1","사통형","6","5","4"
"4617010094","대상","전라남도 나주시 동강면 대전리","1944-01-03","1945-01-01","2","보조수원","10","1","1","6","10","100","필댐(죤형)","3955","113","4","7","7","0","사통형","9","8","6"
"4617010095","매동","전라남도 나주시 동강면 대전리","1967-01-02","1968-01-01","2","보조수원","15","1","1","1","10","100","필댐(죤형)","2832","78","4","8","8","0","사통형","6","6","4"
"4617010096","월감","전라남도 나주시 동강면 장동리","1943-12-01","1945-01-01","2","보조수원","48","3","2","14","10","100","필댐(죤형)","5200","130","4","7","7","0","사통형","11","10","9"
"4617010097","연화","전라남도 나주시 동강면 장동리","1943-12-01","1945-01-01","2","보조수원","70","4","3","13","10","100","필댐(죤형)","8111","117","5","33","33","1","사통형","7","7","5"
"4617010099","동백","전라남도 나주시 동강면 옥정리","1944-01-03","1945-01-01","2","보조수원","40","1","1","5","10","100","필댐(죤형)","3661","147","3","14","14","0","사통형","11","10","8"
"4617010100","화정","전라남도 나주시 동강면 옥정리","1943-12-01","1945-01-01","2","보조수원","30","2","2","16","10","100","필댐(죤형)","5601","123","5","21","20","1","사통형","11","10","8"
"4617010101","몽송","전라남도 나주시 동강면 옥정리","1944-01-03","1945-01-01","2","보조수원","16","1","1","11","10","100","필댐(죤형)","6667","127","5","20","19","1","사통형","10","10","7"
"4617010102","만학","전라남도 나주시 동강면 곡천리","1944-01-03","1945-01-01","2","보조수원","82","4","3","6","10","100","필댐(죤형)","16767","134","7","84","83","1","사통형","19","18","14"
"4617010105","척고","전라남도 나주시 동강면 곡천리","1943-12-01","1945-01-01","2","보조수원","38","3","3","9","10","100","필댐(죤형)","11923","180","5","63","63","0","사통형","8","7","4"
"4617010106","영화","전라남도 나주시 동강면 곡천리","1943-12-01","1945-01-01","2","보조수원","12","1","0","1","10","100","필댐(죤형)","3704","102","4","1","0","1","사통형","9","8","7"
"4617010107","대각","전라남도 나주시 동강면 대지리","1949-01-03","1950-01-01","2","주수원","30","3","3","27","10","100","필댐(죤형)","2268","135","3","59","58","1","사통형","46","45","41"
"4617010108","백연","전라남도 나주시 동강면 대지리","1949-01-03","1950-01-01","2","주수원","36","3","2","12","10","100","필댐(죤형)","7958","135","5","47","46","0","사통형","15","14","9"
"4617010109","청룡","전라남도 나주시 동강면 대지리","1950-12-01","1952-01-01","2","보조수원","26","2","2","36","7","100","필댐(죤형)","23719","277","5","48","47","1","사통형","19","18","14"
"4617010110","송암","전라남도 나주시 동강면 월송리","1948-12-01","1950-01-01","1","보조수원","256","23","20","108","10","100","필댐(죤형)","39338","540","5","355","301","54","사통형","16","15","13"
"4617010113","신원","전라남도 나주시 동강면 운산리","1949-12-01","1952-01-01","2","보조수원","102","13","6","36","10","100","필댐(죤형)","10368","324","4","71","40","31","사통형","9","7","6"
"4617010114","회룡","전라남도 나주시 동강면 운산리","1950-12-01","1952-01-01","2","보조수원","35","2","2","22","10","100","필댐(죤형)","4349","126","4","38","38","0","사통형","11","10","7"
"4617010120","개경","전라남도 나주시 다시면 가운리","1929-10-01","1931-01-01","2","보조수원","90","1","1","10","10","200","필댐(죤형)","1500","96","4","18","18","0","사통형","22","21","16"
"4617010121","영안","전라남도 나주시 다시면 월태리","1942-11-02","1944-01-01","2","보조수원","20","2","2","16","10","200","필댐(죤형)","8671","123","5","19","16","3","사통형","31","29","28"
"4617010125","문동","전라남도 나주시 다시면 문동리","1955-01-03","1956-01-01","2","보조수원","89","3","2","64","10","200","필댐(죤형)","5376","160","6","64","64","1","사통형","66","65","60"
"4617010126","동문","전라남도 나주시 다시면 문동리","1955-01-03","1956-01-01","2","보조수원","60","1","1","8","10","200","필댐(죤형)","3325","175","8","66","65","1","사통형","27","26","23"
"4617010127","동촌","전라남도 나주시 다시면 동당리","1944-01-03","1945-01-01","2","주수원","32","3","3","22","10","200","필댐(죤형)","1560","104","5","52","49","3","사통형","9","8","5"
"4617010128","청림","전라남도 나주시 다시면 동당리","1943-12-01","1945-01-01","2","주수원","23","2","2","11","10","200","필댐(죤형)","4560","95","8","27","27","1","사통형","26","25","19"
"4617010130","송정","전라남도 나주시 다시면 송촌리","1943-12-01","1945-01-01","2","보조수원","180","5","5","22","10","200","필댐(죤형)","3500","140","4","104","102","1","사통형","8","7","5"
"4617010131","월영","전라남도 나주시 다시면 동곡리","1936-12-01","1938-01-01","2","보조수원","25","2","1","6","10","200","필댐(죤형)","4500","97","7","21","17","4","사통형","45","44","43"
"4617010134","백용","전라남도 나주시 다시면 운봉리","1929-01-01","1932-01-01","1","보조수원","2730","69","65","616","10","200","필댐(코어형)","142400","254","26","3922","3804","118","취수탑형","42","41","30"
"4617010136","송림","전라남도 나주시 문평면 송산리","1940-12-02","1943-01-01","2","보조수원","92","2","2","22","10","200","필댐(죤형)","6500","102","6","43","42","1","사통형","101","100","95"
"4617010137","금계","전라남도 나주시 문평면 북동리","1961-01-02","1962-01-01","2","주수원","45","4","4","11","10","200","필댐(죤형)","71911","216","12","132","132","0","사통형","21","20","13"
"4617010138","무수","전라남도 나주시 문평면 대도리","1939-01-02","1940-01-01","2","보조수원","28","2","2","14","10","200","필댐(죤형)","6854","102","6","34","33","1","사통형","47","46","42"
"4617010139","대도","전라남도 나주시 문평면 대도리","1949-01-01","1950-01-01","1","보조수원","550","23","19","24","10","200","필댐(죤형)","18224","287","13","744","737","7","사통형","77","76","69"
"4617010142","석교","전라남도 나주시 문평면 학교리","1959-12-01","1961-01-01","2","주수원","80","5","4","47","10","200","필댐(죤형)","15700","105","10","133","132","1","사통형","92","91","84"
"4617010147","학동","전라남도 나주시 문평면 학동리","1941-12-01","1943-01-01","2","보조수원","85","4","3","39","10","200","필댐(죤형)","10106","197","6","78","68","10","사통형","21","20","18"
"4617010150","옥당","전라남도 나주시 문평면 오룡리","1941-12-01","1943-01-01","2","보조수원","55","3","3","45","10","200","필댐(죤형)","47047","123","9","110","109","1","사통형","35","34","25"
"4617010151","오륜","전라남도 나주시 문평면 오룡리","1942-12-01","1944-01-01","2","보조수원","30","2","1","20","10","200","필댐(죤형)","24072","118","7","20","20","1","사통형","33","32","28"
"4617010152","도천","전라남도 나주시 노안면 도산리","1925-01-01","1926-01-01","2","보조수원","75","3","3","21","10","200","필댐(죤형)","3196","136","5","35","31","4","사통형","100","99","98"
"4617010153","월곡","전라남도 나주시 노안면 도산리","1924-12-01","1926-01-01","2","보조수원","34","2","2","11","10","200","필댐(죤형)","26160","218","4","16","16","1","사통형","23","22","21"
"4617010155","내동","전라남도 나주시 노안면 장동리","1924-01-01","1925-01-01","2","보조수원","25","2","1","18","10","200","필댐(죤형)","2305","122","5","9","7","2","사통형","15","14","13"
"4617010156","하치","전라남도 나주시 노안면 유곡리","1938-12-01","1940-01-01","2","보조수원","88","5","4","27","10","200","필댐(죤형)","17647","181","7","44","38","6","사통형","20","18","17"
"4617010157","신암","전라남도 나주시 노안면 유곡리","1939-01-01","1940-01-01","2","보조수원","123","12","7","42","10","200","필댐(죤형)","23500","245","12","81","77","4","사통형","19","18","15"
"4617010159","우월","전라남도 나주시 노안면 계림리","1938-12-01","1940-01-01","2","보조수원","25","2","2","10","10","200","필댐(죤형)","11250","125","3","40","39","1","사통형","27","26","25"
"4617010160","연화","전라남도 나주시 노안면 계림리","1945-12-03","1947-01-01","2","보조수원","127","2","2","11","10","200","필댐(죤형)","27054","168","5","22","18","4","사통형","24","24","22"
"4617010161","신미","전라남도 나주시 노안면 계림리","1945-12-03","1947-01-01","2","보조수원","39","3","2","8","10","200","필댐(죤형)","6500","102","9","24","23","0","사통형","18","17","16"
"4617010162","중월","전라남도 나주시 노안면 계림리","1945-12-03","1947-01-01","2","보조수원","17","2","2","10","10","200","필댐(죤형)","3645","135","3","17","16","1","사통형","24","24","22"
"4617010163","노안1","전라남도 나주시 노안면 안산리","1957-01-01","1959-01-01","1","보조수원","375","26","19","108","10","200","필댐(죤형)","10646","318","7","554","544","10","사통형","70","69","64"
"4617010164","고정","전라남도 나주시 노안면 구정리","1939-01-02","1940-01-01","2","보조수원","18","1","1","5","10","200","필댐(죤형)","963","107","3","7","7","0","사통형","17","16","15"
"4617010165","영안","전라남도 나주시 노안면 영평리","1966-11-01","1968-01-01","2","보조수원","7","1","0","2","10","200","필댐(죤형)","5050","126","4","4","3","1","사통형","24","22","22"
"4617010166","노안2","전라남도 나주시 노안면 영평리","1958-01-01","1959-01-01","2","보조수원","182","12","6","56","10","200","필댐(죤형)","7507","231","7","145","142","3","사통형","70","69","66"
"4617010171","오정","전라남도 나주시 노안면 오정리","1938-12-01","1940-01-01","2","보조수원","354","15","11","66","10","200","필댐(죤형)","195300","416","5","139","79","60","사통형","24","22","21"
"4617010175","장등","전라남도 나주시 노안면 양천리","1942-12-01","1944-01-01","2","보조수원","65","3","3","25","10","100","필댐(죤형)","6490","183","5","48","44","4","사통형","30","29","27"
"4617010176","당가","전라남도 나주시 금천면 신가리","1942-01-01","1943-01-01","2","보조수원","35","1","1","2","10","200","필댐(죤형)","2067","106","7","10","9","1","사통형","19","18","16"
"4617010177","유촌","전라남도 나주시 금천면 신가리","1939-12-01","1941-01-01","2","보조수원","25","2","1","12","10","200","필댐(죤형)","28840","100","7","35","31","4","사통형","21","20","19"
"4617010178","신천","전라남도 나주시 금천면 신천리","1941-12-01","1943-01-01","2","보조수원","30","2","2","15","10","200","필댐(죤형)","7040","110","8","17","15","2","사통형","17","16","15"
"4617010179","죽촌","전라남도 나주시 금천면 죽촌리","1940-12-02","1943-01-01","2","보조수원","25","2","2","23","10","200","필댐(죤형)","4452","106","4","25","25","0","사통형","18","17","16"
"4617010180","태봉","전라남도 나주시 금천면 죽촌리","1942-12-01","1944-01-01","2","보조수원","30","3","3","21","10","200","필댐(죤형)","10596","116","9","34","25","9","사통형","22","20","19"
"4617010181","태신","전라남도 나주시 금천면 죽촌리","1942-12-01","1944-01-01","2","보조수원","30","2","2","10","10","200","필댐(죤형)","9450","105","6","12","12","0","사통형","21","20","19"
"4617010182","오강","전라남도 나주시 금천면 석전리","1939-12-01","1941-01-01","2","보조수원","350","5","4","23","10","200","필댐(죤형)","42150","250","4","50","50","1","사통형","16","15","14"
"4617010184","천석","전라남도 나주시 금천면 석전리","1960-12-01","1962-01-01","2","보조수원","35","2","2","10","10","200","필댐(죤형)","3307","90","5","10","10","0","사통형","25","24","23"
"4617010185","신추","전라남도 나주시 금천면 촌곡리","1940-12-02","1942-01-01","2","보조수원","40","3","2","14","10","200","필댐(죤형)","6080","190","4","38","31","7","사통형","18","17","16"
"4617010186","추동","전라남도 나주시 금천면 촌곡리","1940-12-02","1942-01-01","2","보조수원","20","1","1","4","10","200","필댐(죤형)","1764","98","3","7","6","1","사통형","22","21","20"
"4617010188","제성","전라남도 나주시 산포면 매성리","1942-12-03","1944-01-01","2","보조수원","42","2","1","20","10","200","필댐(죤형)","8505","105","5","28","27","1","사통형","27","26","23"
"4617010192","송림","전라남도 나주시 산포면 송림리","1956-12-03","1958-01-01","1","보조수원","393","31","25","242","10","200","필댐(죤형)","22860","254","8","647","635","13","사통형","66","65","61"
"4617010193","화지","전라남도 나주시 산포면 화지리","1956-12-03","1958-01-01","2","보조수원","230","13","13","80","10","200","필댐(죤형)","52638","283","6","187","165","22","사통형","29","28","27"
"4617010195","원옥","전라남도 나주시 산포면 산제리","1943-12-01","1945-01-01","2","보조수원","31","0","0","7","10","200","필댐(죤형)","23280","194","3","9","7","2","사통형","40","40","38"
"4617010196","산제","전라남도 나주시 산포면 산제리","1943-12-01","1945-01-01","2","보조수원","80","3","3","13","10","200","필댐(죤형)","5500","195","5","19","19","0","사통형","29","28","26"
"4617010197","산매화","전라남도 나주시 산포면 산제리","1943-12-01","1945-01-01","2","보조수원","30","1","1","4","10","200","필댐(죤형)","950","130","5","12","12","0","사통형","35","35","33"
"4617010198","방축","전라남도 나주시 남평읍 교원리","1944-01-03","1945-01-01","2","보조수원","25","1","1","10","10","200","필댐(죤형)","3967","116","4","30","30","0","사통형","34","34","31"
"4617010199","사다리","전라남도 나주시 산포면 등수리","1943-12-01","1945-01-01","2","보조수원","20","1","1","5","10","200","필댐(죤형)","1450","90","5","14","13","2","사통형","31","31","29"
"4617010200","나주호","전라남도 나주시 다도면 판촌리","1973-04-12","1976-09-30","1","주수원","10470","804","804","9305","10","200","필댐(죤형)","1128000","505","33","107810","106540","1270","취수탑형","68","68","43"
"4617010202","도천","전라남도 나주시 다도면 풍산리","1939-01-02","1940-01-01","2","보조수원","84","4","3","42","10","200","필댐(죤형)","12920","107","7","73","70","3","사통형","49","49","45"
"4617010204","덕동","전라남도 나주시 다도면 덕동리","1943-01-01","1944-01-01","2","보조수원","19","1","1","25","10","200","필댐(죤형)","8360","83","7","21","21","0","사통형","69","68","63"
"4617010207","강정","전라남도 나주시 다도면 암정리","1959-01-01","1962-12-01","1","주수원","630","12","9","54","3","100","필댐(죤형)","110200","249","12","357","357","0","사통형","109","108","99"
"4617010208","장암","전라남도 나주시 다도면 암정리","1959-12-01","1962-01-01","2","주수원","70","2","2","14","10","200","필댐(죤형)","66550","102","9","18","13","5","사통형","130","129","127"
"4617010209","덕림","전라남도 나주시 다도면 덕림리","1961-01-02","1962-01-01","2","주수원","238","2","2","20","10","200","필댐(죤형)","39780","105","13","101","100","1","사통형","141","140","133"
"4617010211","방축","전라남도 나주시 봉황면 철천리","1942-01-01","1943-01-01","2","보조수원","5","1","1","8","10","200","필댐(죤형)","4480","80","4","8","8","1","사통형","29","28","28"
"4617010213","수각","전라남도 나주시 봉황면 각동리","1955-12-01","1957-01-01","2","보조수원","60","2","1","29","10","200","필댐(죤형)","355000","142","10","38","38","0","사통형","65","61","55"
"4617010214","각동","전라남도 나주시 봉황면 각동리","1956-01-01","1957-01-01","2","보조수원","38","2","1","20","10","200","필댐(죤형)","11660","98","7","25","25","0","사통형","49","49","46"
"4617010215","송현","전라남도 나주시 봉황면 송현리","1943-12-01","1945-01-01","1","보조수원","410","22","21","148","10","200","필댐(죤형)","45410","328","7","427","421","6","사통형","61","60","56"
"4617010216","문현","전라남도 나주시 봉황면 송현리","1939-01-02","1940-01-01","2","보조수원","43","5","1","10","10","200","필댐(죤형)","3720","118","4","11","10","1","사통형","41","40","39"
"4617010217","송촌","전라남도 나주시 봉황면 송현리","1943-12-01","1945-01-01","2","보조수원","56","1","1","7","10","200","필댐(죤형)","13980","92","8","24","24","0","사통형","56","56","52"
"4617010218","유치","전라남도 나주시 봉황면 송현리","1959-12-01","1962-01-01","2","보조수원","41","2","1","17","10","200","필댐(죤형)","11160","83","7","32","30","2","사통형","59","57","53"
"4617010219","장성1","전라남도 나주시 봉황면 장성리","1938-12-01","1940-01-01","2","보조수원","74","5","3","38","10","200","필댐(죤형)","10780","245","4","72","72","0","사통형","22","21","20"
"4617010220","장성2","전라남도 나주시 봉황면 장성리","1941-10-03","1943-01-01","2","보조수원","74","2","2","34","10","200","필댐(죤형)","11220","170","4","28","21","7","사통형","31","30","29"
"4617010221","박곡","전라남도 나주시 봉황면 유곡리","1939-01-02","1940-01-01","2","보조수원","10","2","1","45","10","200","필댐(죤형)","8690","100","7","21","21","1","사통형","48","48","45"
"4617010222","유정","전라남도 나주시 봉황면 유곡리","1938-12-01","1940-01-01","2","보조수원","45","2","2","45","10","200","필댐(죤형)","10520","147","5","35","32","2","사통형","36","35","32"
"4617010223","아세","전라남도 나주시 봉황면 유곡리","1966-12-01","1968-01-01","2","보조수원","40","2","1","0","10","200","필댐(죤형)","1620","60","3","6","4","1","사통형","29","28","27"
"4617010224","인읍","전라남도 나주시 봉황면 옥산리","1966-12-01","1968-01-01","2","보조수원","9","0","0","1","10","200","필댐(죤형)","1430","43","4","6","5","0","사통형","27","25","23"
"4617010225","와우","전라남도 나주시 봉황면 와우리","1941-12-01","1943-01-01","2","보조수원","50","5","5","49","10","100","필댐(죤형)","1320","133","4","23","23","0","사통형","34","33","33"
"4617010226","신황","전라남도 나주시 봉황면 황용리","1941-12-01","1943-01-01","2","보조수원","42","2","2","10","10","200","필댐(죤형)","2540","138","3","25","18","6","사통형","17","16","14"
"4617010227","부정","전라남도 나주시 봉황면 황용리","1941-12-01","1943-01-01","2","보조수원","50","5","3","80","10","200","필댐(죤형)","5440","87","5","43","39","4","사통형","79","78","76"
"4617010228","욱실(욱곡)","전라남도 나주시 봉황면 욱곡리","1941-12-01","1943-01-01","2","보조수원","9","0","0","2","10","200","필댐(죤형)","6121","80","3","5","5","0","사통형","27","26","25"
"4617010229","월봉","전라남도 나주시 봉황면 철천리","1938-12-01","1940-01-01","2","보조수원","35","1","1","10","10","200","필댐(죤형)","3510","79","5","13","11","2","사통형","46","45","43"
"4617010232","만봉","전라남도 나주시 봉황면 만봉리","1955-01-03","1957-01-01","1","보조수원","1117","40","36","153","10","200","필댐(죤형)","73300","410","17","2416","2408","8","취수탑형","67","66","54"
"4617010236","덕동1","전라남도 나주시 다도면 송학리","1995-01-01","1999-01-01","1","주수원","90","8","7","60","10","200","필댐(죤형)","175450","111","24","603","534","69","사통형","70","66","63"
"4617010237","금당(저류지)","전라남도 나주시 문평면 옥당리","1914-01-01","1915-12-01","2","보조수원","100","3","2","3","10","200","필댐(죤형)","1636","187","4","34","33","1","취수탑형","11","10","9"
"4623010005","황길","전라남도 광양시 황길동","1951-05-01","1953-01-01","2","주수원","156","6","5","79","5","200","필댐(죤형)","0","179","12","193","193","0","사통형","61","60","48"
"4623010007","와우","전라남도 광양시 마동","1930-12-15","1931-09-06","2","주수원","19","5","4","0","10","100","필댐(죤형)","27005","60","7","19","19","0","사통형","10","9","2"
"4623010020","인덕","전라남도 광양시 광양읍 덕례리","1930-04-07","1931-06-23","2","주수원","302","10","8","65","10","100","필댐(죤형)","33354","85","11","289","288","1","사통형","101","100","89"
"4623010023","백운","전라남도 광양시 봉강면 지곡리","1952-01-01","1967-01-01","1","주수원","4856","82","82","833","10","200","필댐(죤형)","136891","316","19","4437","4428","9","취수탑형","50","47","34"
"4623010032","신금","전라남도 광양시 옥곡면 신금리","1957-10-14","1967-10-01","1","주수원","170","8","8","99","10","100","필댐(죤형)","138253","511","8","393","393","0","사통형","9","8","1"
"4623010035","망덕","전라남도 광양시 진월면 망덕리","1949-01-01","1953-03-24","2","주수원","35","3","2","20","5","100","필댐(죤형)","20706","102","7","59","59","0","사통형","11","10","8"
"4623010036","차사","전라남도 광양시 진월면 차사리","1971-10-29","1978-12-31","1","주수원","198","9","8","75","10","200","필댐(죤형)","196560","280","13","310","310","0","사통형","16","15","2"
"4623010037","복곡","전라남도 광양시 진월면 선소리","1949-01-01","1953-03-24","2","주수원","134","9","9","82","10","200","필댐(죤형)","104072","162","12","211","210","1","사통형","15","14","3"
"4623010038","진월","전라남도 광양시 진월면 신아리","1949-01-01","1953-01-01","2","주수원","89","3","2","10","5","100","필댐(죤형)","35532","84","14","62","62","0","사통형","18","17","6"
"4623010039","오사","전라남도 광양시 진월면 신구리","1971-10-29","1978-12-31","1","주수원","141","7","6","107","10","200","필댐(죤형)","131250","147","25","396","395","1","사통형","101","100","75"
"4671010004","삼다","전라남도 담양군 담양읍 삼다리","1968-01-01","1968-12-30","2","보조수원","12","1","1","5","10","100","필댐(죤형)","3222","179","6","11","11","0","사통형","101","100","97"
"4671010005","가산","전라남도 담양군 담양읍 가산리","1942-01-01","1942-12-01","2","보조수원","25","0","0","5","10","200","필댐(죤형)","2448","102","8","4","4","0","사통형","101","100","98"
"4671010006","회룡","전라남도 담양군 담양읍 가산리","1961-01-01","1961-12-30","2","보조수원","24","1","1","5","10","100","필댐(죤형)","2688","112","8","15","14","1","사통형","94","94","90"
"4671010007","고가","전라남도 담양군 담양읍 가산리","1944-01-01","1944-12-30","2","보조수원","35","5","4","15","10","100","필댐(죤형)","10080","420","6","47","47","0","사통형","101","100","99"
"4671010009","탄금","전라남도 담양군 봉산면 기곡리","1942-01-01","1942-12-30","2","보조수원","100","5","4","60","10","100","필댐(죤형)","5010","334","5","36","36","0","사통형","101","100","99"
"4671010010","비아","전라남도 담양군 봉산면 기곡리","1944-01-01","1945-01-01","2","보조수원","90","3","3","29","10","100","필댐(죤형)","3906","124","6","59","53","7","사통형","63","62","60"
"4671010011","방축","전라남도 담양군 봉산면 기곡리","1937-01-01","1937-12-23","2","보조수원","49","2","1","13","10","100","필댐(죤형)","1300","130","5","18","18","0","사통형","101","100","98"
"4671010012","능안","전라남도 담양군 봉산면 기곡리","1942-01-01","1942-12-30","2","보조수원","15","1","1","10","10","100","필댐(죤형)","1160","116","5","14","14","0","사통형","101","100","98"
"4671010013","송산","전라남도 담양군 봉산면 기곡리","1942-01-01","1942-12-30","2","보조수원","40","1","0","8","10","100","필댐(죤형)","770","77","5","5","5","0","사통형","101","100","98"
"4671010015","월전","전라남도 담양군 봉산면 양지리","1945-01-01","1945-12-30","2","보조수원","13","3","3","6","10","200","필댐(죤형)","1120","80","6","59","58","1","사통형","44","44","40"
"4671010016","교산","전라남도 담양군 고서면 교산리","1954-01-01","1955-01-01","2","보조수원","83","4","3","47","10","100","필댐(죤형)","3132","174","6","39","39","0","사통형","101","100","98"
"4671010017","덕촌","전라남도 담양군 고서면 고읍리","1954-01-01","1955-01-01","2","보조수원","30","2","1","17","10","100","필댐(죤형)","1918","137","7","16","16","0","사통형","101","100","97"
"4671010018","고읍","전라남도 담양군 고서면 고읍리","1954-01-01","1955-12-30","2","보조수원","100","2","2","41","10","100","필댐(죤형)","12628","287","12","69","69","0","사통형","101","100","94"
"4671010020","광주호","전라남도 담양군 고서면 분향리","1974-03-29","1976-09-30","1","주수원","4130","211","211","2338","10","500","필댐(죤형)","733000","525","27","17368","15198","2170","사통형","80","77","65"
"4671010021","금현","전라남도 담양군 고서면 금현리","1954-01-01","1955-01-01","2","보조수원","250","5","5","118","10","200","필댐(죤형)","5350","107","13","166","166","0","사통형","101","100","93"
"4671010023","보촌","전라남도 담양군 고서면 보촌리","1957-01-01","1958-01-01","2","보조수원","13","0","0","7","10","100","필댐(죤형)","360","90","2","5","5","0","사통형","52","51","50"
"4671010024","원강","전라남도 담양군 고서면 원강리","1947-01-01","1947-12-30","2","보조수원","30","2","2","13","10","100","필댐(죤형)","1130","113","9","38","38","0","사통형","55","55","51"
"4671010025","월곡","전라남도 담양군 고서면 원강리","1946-01-01","1947-01-01","2","보조수원","10","1","1","8","10","100","필댐(죤형)","1600","200","4","6","6","0","사통형","51","51","49"
"4671010026","후산읍","전라남도 담양군 고서면 산덕리","1934-01-01","1936-01-01","2","보조수원","13","1","1","0","10","100","필댐(죤형)","2580","215","2","8","8","0","사통형","62","61","59"
"4671010027","후산","전라남도 담양군 고서면 산덕리","1956-01-01","1956-12-30","2","보조수원","6","0","0","6","10","100","필댐(죤형)","984","82","2","2","2","0","사통형","69","69","66"
"4671010029","경상","전라남도 담양군 남면 경상리","1961-01-02","1962-01-01","2","주수원","237","3","3","68","10","100","필댐(죤형)","13357","137","20","204","204","0","사통형","174","173","159"
"4671010045","외동","전라남도 담양군 남면 풍암리","2011-06-08","2013-09-24","1","주수원","810","24","23","101","10","200","필댐(죤형)","458281","211","24","1927","1873","54","사통형","265","264","250"
"4671010056","운암","전라남도 담양군 대덕면 운암리","1943-01-01","1944-01-01","1","주수원","600","10","9","110","10","200","필댐(죤형)","15394","311","11","655","655","0","사통형","117","116","110"
"4671010066","오봉","전라남도 담양군 무정면 오봉리","1948-01-01","1948-12-30","2","보조수원","80","1","1","15","10","100","필댐(죤형)","1656","92","6","18","18","0","사통형","101","100","97"
"4671010068","성도","전라남도 담양군 무정면 성도리","1956-01-01","1957-01-01","2","보조수원","40","1","1","16","10","100","필댐(죤형)","840","60","7","6","6","0","사통형","58","57","51"
"4671010072","정석","전라남도 담양군 무정면 서흥리","1972-01-01","1973-01-01","1","주수원","550","9","9","130","10","200","필댐(죤형)","10080","110","14","581","581","0","사통형","103","102","91"
"4671010076","담양호","전라남도 담양군 금성면 대성리","1973-08-09","1976-09-30","1","주수원","6560","441","441","6245","10","200","필댐(죤형)","2702590","306","48","77608","76670","938","취수탑형","124","124","88"
"4671010083","두장","전라남도 담양군 용면 두장리","1947-01-01","1947-12-30","2","보조수원","20","1","1","7","10","100","필댐(죤형)","500","50","5","4","4","0","사통형","101","100","98"
"4671010084","박곡","전라남도 담양군 용면 통천리","1947-01-01","1947-12-30","2","보조수원","40","1","1","10","10","100","필댐(죤형)","1100","110","5","6","6","0","사통형","101","100","98"
"4671010085","매월","전라남도 담양군 용면 통천리","1947-01-01","1947-12-30","2","보조수원","26","1","1","0","10","100","필댐(죤형)","1250","125","5","7","7","0","사통형","101","100","98"
"4671010087","와산","전라남도 담양군 용면 추성리","1947-01-01","1947-12-30","2","보조수원","26","1","1","10","10","100","필댐(죤형)","1904","136","7","7","7","0","사통형","100","99","97"
"4671010088","추성","전라남도 담양군 용면 추성리","1947-01-01","1947-12-30","2","보조수원","38","1","1","10","10","100","필댐(죤형)","1400","140","5","9","9","0","사통형","101","100","96"
"4671010094","월산1","전라남도 담양군 월산면 월산리","1934-01-01","1934-12-30","2","보조수원","60","1","1","17","10","100","필댐(죤형)","1500","100","10","24","24","0","사통형","91","90","86"
"4671010097","월산2","전라남도 담양군 월산면 용흥리","1982-01-01","1988-01-01","1","주수원","710","12","12","204","10","200","필댐(죤형)","17442","190","20","1192","1186","6","사통형","202","201","183"
"4671010103","나산","전라남도 담양군 수북면 나산리","1946-01-01","1946-12-30","2","보조수원","80","2","2","39","10","100","필댐(죤형)","5850","390","5","27","27","0","사통형","101","100","97"
"4671010104","궁암","전라남도 담양군 수북면 고성리","1946-01-01","1946-12-30","2","보조수원","70","2","2","23","10","100","필댐(죤형)","1656","212","4","32","32","0","사통형","101","100","98"
"4671010105","신월","전라남도 담양군 수북면 고성리","1947-01-01","1947-12-30","2","보조수원","55","2","2","32","10","100","필댐(죤형)","1440","180","4","25","25","0","사통형","101","100","98"
"4671010106","삼산","전라남도 담양군 수북면 오정리","1971-01-01","1971-12-30","2","보조수원","190","3","3","69","10","200","필댐(죤형)","7488","240","8","59","57","2","사통형","52","51","48"
"4671010107","대방","전라남도 담양군 수북면 대방리","1944-01-01","1945-01-01","2","보조수원","500","4","4","128","10","100","필댐(죤형)","10260","228","14","199","199","0","사통형","118","117","108"
"4671010109","화방","전라남도 담양군 수북면 두정리","1946-01-01","1946-12-30","2","보조수원","58","1","1","24","10","100","필댐(죤형)","2728","62","11","49","49","0","사통형","101","100","91"
"4671010111","대흥","전라남도 담양군 수북면 풍수리","1959-01-01","1960-01-01","2","보조수원","545","6","6","120","10","100","필댐(죤형)","8717","227","10","288","288","0","사통형","57","56","48"
"4671010112","대아","전라남도 담양군 대전면 평장리","1962-01-01","1964-01-01","1","주수원","614","8","8","209","10","200","필댐(죤형)","29251","277","19","341","341","0","사통형","97","96","87"
"4671010113","서옥","전라남도 담양군 대전면 서옥리","1947-01-01","1947-12-30","2","보조수원","20","1","1","20","10","100","필댐(죤형)","1824","76","8","10","10","0","사통형","101","100","98"
"4671010114","신촌","전라남도 담양군 대전면 서옥리","1968-01-01","1968-12-30","2","보조수원","60","2","1","25","10","100","필댐(죤형)","4851","198","7","19","19","0","사통형","101","100","98"
"4671010115","병풍","전라남도 담양군 대전면 병풍리","1947-01-01","1947-12-30","2","보조수원","60","1","1","15","10","100","필댐(죤형)","4914","104","9","49","47","2","사통형","89","89","83"
"4671010116","옥산","전라남도 담양군 대전면 행성리","1947-01-01","1947-12-30","2","보조수원","45","1","1","5","10","200","필댐(죤형)","2450","245","5","19","14","5","사통형","80","80","77"
"4671010117","행성","전라남도 담양군 대전면 병풍리","1958-01-01","1959-01-01","2","보조수원","220","6","6","136","10","200","필댐(죤형)","22270","425","13","251","251","0","사통형","101","100","92"
"4672010013","구성","전라남도 곡성군 오곡면 구성리","2010-10-20","2014-12-01","1","주수원","1461","50","47","596","10","100","필댐(죤형)","214893","239","29","5241","4805","436","취수탑형","115","114","95"
"4672010017","원등","전라남도 곡성군 삼기면 원등리","1948-10-15","1959-12-20","2","주수원","80","1","1","22","10","100","필댐(죤형)","74250","270","11","54","54","0","사통형","173","172","165"
"4672010018","비등","전라남도 곡성군 삼기면 원등리","1967-01-01","1967-12-31","2","주수원","35","0","0","7","10","100","필댐(죤형)","4284","165","10","13","12","1","사통형","162","162","159"
"4672010019","월경","전라남도 곡성군 삼기면 월경리","1948-10-15","1959-12-20","2","주수원","142","1","1","18","10","100","필댐(죤형)","1469","69","9","82","78","4","사통형","185","184","175"
"4672010020","괴소","전라남도 곡성군 삼기면 괴소리","1966-01-01","1969-01-01","2","주수원","68","0","0","14","10","100","필댐(죤형)","10888","85","10","12","12","0","사통형","221","221","218"
"4672010021","우음","전라남도 곡성군 삼기면 의암리","1948-10-15","1959-12-10","2","주수원","184","3","3","36","10","100","필댐(죤형)","55576","72","17","174","166","8","사통형","189","188","181"
"4672010023","금반","전라남도 곡성군 삼기면 금반리","1948-10-15","1959-12-20","2","주수원","164","5","5","36","10","100","필댐(죤형)","115648","259","12","220","202","19","사통형","177","176","168"
"4672010024","남계","전라남도 곡성군 삼기면 노동리","1948-10-15","1959-12-20","2","주수원","58","1","1","27","10","100","필댐(죤형)","93852","210","11","45","45","0","사통형","175","174","169"
"4672010028","근촌","전라남도 곡성군 삼기면 근촌리","1948-10-15","1959-12-20","2","주수원","80","2","2","25","10","100","필댐(죤형)","57342","135","11","101","96","5","사통형","175","174","169"
"4672010030","방송","전라남도 곡성군 석곡면 방송리","1944-12-05","1961-12-31","2","주수원","320","3","3","45","10","100","필댐(죤형)","573623","182","10","188","179","9","사통형","123","122","111"
"4672010031","용주","전라남도 곡성군 석곡면 방송리","1944-12-05","1961-12-31","2","주수원","150","3","3","48","10","100","필댐(죤형)","49944","172","10","118","112","6","사통형","105","105","99"
"4672010032","죽산(석곡)","전라남도 곡성군 석곡면 죽산리","1964-01-01","1968-01-01","2","주수원","14","1","1","18","10","100","필댐(죤형)","25256","176","7","21","10","11","사통형","129","128","123"
"4672010034","유정","전라남도 곡성군 석곡면 유정리","1962-01-01","1965-01-01","2","주수원","54","3","2","20","10","100","필댐(죤형)","17459","170","7","53","50","3","사통형","75","74","70"
"4672010035","구봉","전라남도 곡성군 석곡면 구봉리","1965-01-01","1971-01-01","2","주수원","56","1","0","15","10","100","필댐(죤형)","3783","48","9","14","14","0","사통형","154","153","150"
"4672010055","목동(고달)","전라남도 곡성군 고달면 목동리","1945-01-22","1947-03-30","2","주수원","380","2","2","23","10","100","필댐(죤형)","6656","55","5","62","59","3","사통형","59","58","55"
"4672010057","뇌죽","전라남도 곡성군 고달면 뇌죽리","1945-01-22","1947-03-30","2","주수원","220","4","4","76","10","100","필댐(죤형)","100018","180","13","256","250","6","사통형","85","84","78"
"4672010072","금단","전라남도 곡성군 옥과면 율사리","1954-11-21","1962-11-30","1","주수원","551","11","11","55","10","150","필댐(죤형)","68825","154","11","411","391","20","사통형","85","84","77"
"4672010073","무창","전라남도 곡성군 옥과면 무창리","1941-01-01","1945-01-01","2","주수원","98","3","2","12","10","100","필댐(죤형)","7398","137","5","45","32","13","사통형","91","90","88"
"4672010074","백련","전라남도 곡성군 옥과면 무창리","1954-11-21","1962-12-30","2","주수원","130","9","9","60","10","100","필댐(죤형)","23563","225","6","269","256","13","사통형","93","92","88"
"4672010078","합강","전라남도 곡성군 옥과면 합강리","1954-11-21","1962-12-30","2","주수원","60","2","2","18","10","100","필댐(죤형)","58135","138","12","74","70","4","사통형","96","95","89"
"4672010079","황산","전라남도 곡성군 오산면 가곡리","1941-12-17","1954-06-30","2","주수원","75","5","5","26","10","100","필댐(죤형)","25559","124","9","196","191","5","사통형","110","109","103"
"4672010082","흑석","전라남도 곡성군 입면 약천리","1944-05-29","1945-12-18","1","주수원","813","21","20","151","10","100","필댐(죤형)","129600","293","26","1212","1178","34","취수탑형","128","127","115"
"4672010088","만수","전라남도 곡성군 입면 만수리","1944-05-29","1945-12-18","2","주수원","60","1","1","19","10","100","필댐(죤형)","66640","136","14","50","48","2","사통형","215","215","207"
"4672010090","입석","전라남도 곡성군 입면 입석리","1944-05-29","1945-12-18","2","주수원","80","1","1","27","10","100","필댐(죤형)","15147","115","7","59","59","0","사통형","97","96","91"
"4672010096","목동(겸면)","전라남도 곡성군 겸면 평장리","1941-12-17","1947-05-30","2","주수원","50","3","3","31","10","100","필댐(죤형)","30132","124","9","63","63","0","사통형","101","100","97"
"4672010099","산정","전라남도 곡성군 겸면 산정리","1941-12-17","1945-05-30","2","주수원","126","2","2","56","10","100","필댐(죤형)","127472","136","18","125","119","6","사통형","147","146","136"
"4672010100","괴정","전라남도 곡성군 겸면 괴정리","1941-12-17","1945-05-30","2","주수원","252","4","4","72","10","100","필댐(죤형)","39760","71","16","220","209","11","사통형","166","165","152"
"4672010101","신흥","전라남도 곡성군 겸면 괴정리","1968-01-01","1969-01-01","2","주수원","62","1","1","3","10","100","필댐(죤형)","4480","40","8","5","5","0","사통형","226","225","222"
"4672010102","백운","전라남도 곡성군 겸면 대명리","1941-12-17","1945-05-30","2","주수원","205","4","4","48","10","100","필댐(죤형)","91059","173","13","221","218","3","사통형","154","153","144"
"4672010104","대흥","전라남도 곡성군 겸면 송강리","1941-12-17","1945-05-30","2","주수원","40","1","1","13","10","100","필댐(죤형)","21384","80","9","19","19","0","사통형","155","154","149"
"4672010105","운강","전라남도 곡성군 겸면 운교리","1941-12-17","1945-05-30","1","주수원","182","4","4","39","10","100","필댐(죤형)","98784","112","18","338","336","2","사통형","153","152","139"
"4672010106","죽산(겸면)","전라남도 곡성군 겸면 운교리","1941-12-17","1945-05-30","2","주수원","10","0","0","0","10","100","필댐(죤형)","21199","199","7","16","15","1","사통형","121","120","113"
"4672010108","남양","전라남도 곡성군 겸면 남양리","1944-11-20","1959-06-30","2","주수원","35","1","1","17","10","100","필댐(죤형)","55800","155","12","60","57","3","사통형","109","108","101"
"4672010109","화대","전라남도 곡성군 오산면 봉동리","1945-01-01","1952-01-01","2","주수원","27","0","0","11","10","100","필댐(죤형)","6930","55","7","7","7","0","사통형","123","122","120"
"4672010111","봉동","전라남도 곡성군 오산면 봉동리","1944-11-20","1957-03-20","2","주수원","70","1","1","10","10","100","필댐(죤형)","10116","57","9","30","29","1","사통형","169","169","164"
"4672010112","율천","전라남도 곡성군 오산면 율천리","1944-11-20","1959-06-30","2","주수원","190","1","1","20","10","100","필댐(죤형)","5416","153","11","63","60","3","사통형","183","182","174"
"4672010115","조양","전라남도 곡성군 오산면 조양리","1944-11-20","1957-03-20","2","주수원","306","1","1","9","10","100","필댐(죤형)","10339","76","8","35","35","0","사통형","156","155","150"
"4672010117","성덕","전라남도 곡성군 오산면 선세리","1944-11-20","1957-03-20","1","주수원","500","6","6","85","10","100","필댐(죤형)","103470","158","16","334","318","16","사통형","173","173","164"
"4672010120","가곡","전라남도 곡성군 오산면 가곡리","1944-11-20","1959-06-30","2","주수원","111","3","3","30","10","100","필댐(죤형)","58980","162","12","112","107","5","사통형","101","100","95"
"4672010122","연화","전라남도 곡성군 오산면 연화리","1944-11-20","1957-03-20","2","주수원","262","5","5","40","10","100","필댐(죤형)","54723","103","14","204","161","43","사통형","122","122","114"
"4672010124","운곡2","전라남도 곡성군 오산면 운곡리","1957-01-01","1959-01-01","2","주수원","75","1","1","13","10","100","필댐(죤형)","37003","120","8","23","22","1","사통형","128","128","123"
"4672010125","운곡1","전라남도 곡성군 오산면 운곡리","1945-01-01","1959-01-01","2","주수원","94","4","4","21","10","100","필댐(죤형)","20475","115","13","198","196","3","사통형","121","120","110"
"4672010126","봉정","전라남도 곡성군 죽곡면 봉정리","1996-05-03","2003-12-31","1","주수원","645","8","7","117","10","100","필댐(죤형)","303855","171","33","919","909","10","취수탑형","189","188","164"
"4672010127","신풍","전라남도 곡성군 죽곡면 신풍리","2003-01-01","2003-12-31","1","주수원","430","4","4","60","10","100","필댐(죤형)","225169","161","23","308","295","13","사통형","206","205","188"
"4672010128","용봉","전라남도 곡성군 목사동면 용봉리","2003-11-19","2008-12-18","1","주수원","480","4","4","81","10","200","필댐(균일형)","283956","220","38","391","384","7","취수탑형","173","172","154"
"4672010218","약천1","전라남도 곡성군 입면 약천리","1984-01-01","1989-12-31","2","주수원","162","2","2","40","10","100","필댐(죤형)","","250","27","202","202","1","사통형","221","220","206"
"4672010219","매월","전라남도 곡성군 입면 매월리","1997-11-18","2009-12-30","1","주수원","235","0","24","619","10","100","필댐(코어형)","","295","40","3295","3176","119","취수탑형","128","127","107"
"4672010223","광암","전라남도 곡성군 옥과면 합강리","2003-12-05","2019-03-05","1","주수원","1574","25","24","","10","","필댐(코어형)","608","256","51","3689","2995","694","취수탑형","137","136","114"
"4673010001","백련","전라남도 구례군 구례읍 백련리","1945-01-01","1945-12-31","2","주수원","447","7","7","33","10","100","필댐(죤형)","142560","220","15","250","250","0","사통형","72","71","64"
"4673010002","신촌","전라남도 구례군 구례읍 신월리","1965-01-01","1968-12-31","2","주수원","29","1","1","5","10","100","필댐(죤형)","5500","106","5","22","22","0","사통형","45","45","41"
"4673010003","봉서","전라남도 구례군 구례읍 봉서리","1958-01-01","1961-12-31","2","주수원","310","5","5","66","10","100","필댐(죤형)","650","121","15","212","212","0","사통형","69","68","59"
"4673010004","오동","전라남도 구례군 구례읍 봉서리","1942-01-01","1945-12-31","2","주수원","58","1","1","24","10","100","필댐(죤형)","22200","120","10","50","50","0","사통형","56","55","50"
"4673010005","원천","전라남도 구례군 구례읍 원방리","1942-01-01","1945-12-31","2","주수원","10","1","1","7","10","100","필댐(죤형)","7920","66","8","21","21","0","사통형","72","72","68"
"4673010006","동산","전라남도 구례군 구례읍 봉서리","1962-01-01","1964-12-31","2","주수원","50","1","1","12","10","100","필댐(죤형)","24380","106","10","28","27","2","사통형","72","71","68"
"4673010007","계산","전라남도 구례군 구례읍 계산리","1950-01-01","1952-12-31","2","주수원","40","0","0","1","10","100","필댐(죤형)","5731","50","8","4","4","0","사통형","118","117","114"
"4673010008","전천","전라남도 구례군 문척면 월전리","1978-01-01","1978-12-31","2","보조수원","30","1","1","10","10","100","필댐(죤형)","14276","152","4","10","10","0","사통형","47","46","44"
"4673010009","월평","전라남도 구례군 문척면 월전리","1978-01-01","1978-12-31","2","보조수원","68","1","1","10","10","100","필댐(죤형)","11200","105","6","20","20","0","사통형","38","38","35"
"4673010010","안음","전라남도 구례군 간전면 흥대리","1968-01-01","1969-12-31","2","보조수원","8","2","2","12","10","100","필댐(죤형)","22927","87","10","38","38","0","사통형","54","54","48"
"4673010011","만수","전라남도 구례군 간전면 수평리","1941-01-01","1944-12-31","2","보조수원","280","3","3","60","10","200","필댐(죤형)","132000","295","14","125","125","0","사통형","119","118","112"
"4673010012","수평(간전면)","전라남도 구례군 간전면 수평리","1968-01-01","1969-12-31","2","보조수원","27","1","1","3","10","100","필댐(죤형)","46440","150","12","16","16","0","사통형","144","143","138"
"4673010013","양천","전라남도 구례군 간전면 흥대리","1970-01-01","1970-12-31","2","보조수원","22","1","1","12","10","100","필댐(죤형)","26000","120","10","39","39","0","사통형","68","67","61"
"4673010014","효곡","전라남도 구례군 간전면 효곡리","1983-01-03","1988-12-31","1","주수원","1200","23","23","449","10","100","필댐(죤형)","835000","367","42","3139","3120","19","취수탑형","144","142","117"
"4673010016","문수","전라남도 구례군 토지면 구산리","1985-01-01","1995-12-31","1","주수원","2600","16","15","332","10","100","필댐(죤형)","595000","364","50","2228","2228","0","취수탑형","127","125","88"
"4673010017","파도","전라남도 구례군 토지면 파도리","1942-01-01","1945-12-31","2","보조수원","310","1","1","24","3","100","필댐(죤형)","59670","150","13","32","31","0","사통형","146","146","139"
"4673010018","용두","전라남도 구례군 토지면 용두리","1950-01-01","1953-12-31","2","보조수원","2640","4","4","92","10","100","필댐(죤형)","197","267","14","228","228","0","사통형","48","48","41"
"4673010019","오미","전라남도 구례군 토지면 오미리","1966-01-01","1969-12-31","2","보조수원","2640","2","2","35","10","100","필댐(죤형)","91","244","12","151","151","0","사통형","60","60","55"
"4673010020","광평","전라남도 구례군 마산면 광평리","1945-01-01","1945-12-31","2","주수원","1420","0","0","13","10","100","필댐(죤형)","600","50","4","3","3","0","기타","35","35","34"
"4673010021","청천","전라남도 구례군 마산면 마산리","1943-01-01","1944-05-10","2","주수원","64","1","1","14","10","100","필댐(죤형)","44362","130","13","8","8","0","사통형","134","134","130"
"4673010022","사도","전라남도 구례군 마산면 사도리","1940-01-01","1942-12-31","2","주수원","34","3","3","27","10","100","필댐(죤형)","45900","148","11","89","89","0","사통형","40","40","36"
"4673010023","하사","전라남도 구례군 마산면 사도리","1951-01-01","1953-12-31","2","보조수원","2635","2","2","45","10","100","필댐(죤형)","33562","270","7","59","59","0","사통형","40","40","35"
"4673010024","대지","전라남도 구례군 마산면 황전리","1925-01-01","1929-12-31","1","주수원","1328","21","21","231","10","100","필댐(죤형)","699494","995","11","1005","1005","0","사통형","102","103","93"
"4673010026","방광","전라남도 구례군 광의면 방광리","1936-01-01","1940-12-31","1","주수원","1160","10","10","147","10","100","필댐(죤형)","43924","237","10","496","490","6","사통형","76","75","69"
"4673010027","천은","전라남도 구례군 광의면 방광리","1979-01-01","1985-12-31","1","주수원","1261","12","12","375","10","100","필댐(죤형)","113000","276","47","1788","1774","14","취수탑형","195","194","166"
"4673010028","당촌","전라남도 구례군 광의면 수월리","1941-01-01","1944-12-31","2","주수원","93","3","3","33","10","100","필댐(죤형)","41043","162","11","79","73","6","사통형","77","76","72"
"4673010029","대전","전라남도 구례군 광의면 방광리","1942-01-01","1945-12-31","2","보조수원","50","1","1","16","10","100","필댐(죤형)","7984","51","8","16","16","0","사통형","99","98","94"
"4673010030","상대전","전라남도 구례군 광의면 대전리","1966-01-01","1969-12-31","2","보조수원","109","2","2","22","10","100","필댐(죤형)","58622","182","12","42","42","0","사통형","124","124","118"
"4673010031","난동","전라남도 구례군 광의면 온당리","1940-01-01","1943-12-31","2","주수원","45","1","1","31","10","100","필댐(죤형)","25336","143","9","52","50","2","사통형","102","102","98"
"4673010032","온동","전라남도 구례군 광의면 온당리","1938-01-01","1941-12-31","2","주수원","162","4","4","43","10","100","필댐(죤형)","70207","222","11","160","160","0","사통형","84","83","78"
"4673010033","온난","전라남도 구례군 광의면 온당리","1966-01-01","1969-12-31","2","주수원","128","2","2","14","10","100","필댐(죤형)","40071","192","10","36","36","0","사통형","204","204","198"
"4673010034","온당","전라남도 구례군 광의면 온당리","1974-01-01","1976-12-31","2","주수원","23","1","1","6","10","100","필댐(죤형)","21726","120","10","20","20","0","사통형","176","176","169"
"4673010035","온대","전라남도 구례군 광의면 온당리","1979-01-01","1979-12-31","2","보조수원","20","0","0","20","10","100","필댐(죤형)","9000","40","10","5","5","0","사통형","98","97","95"
"4673010036","구만","전라남도 구례군 광의면 구만리","1970-01-01","1973-12-31","1","주수원","8100","54","54","516","10","100","필댐(죤형)","235267","276","21","2183","2088","95","취수탑형","84","82","70"
"4673010037","용정","전라남도 구례군 용방면 용정리","1942-01-01","1945-12-31","2","주수원","200","1","1","20","10","100","필댐(죤형)","44","154","12","17","17","0","사통형","88","88","84"
"4673010039","사두","전라남도 구례군 용방면 중방리","1942-01-01","1945-12-31","2","주수원","20","0","0","6","10","100","필댐(죤형)","120","112","8","14","14","0","사통형","104","104","97"
"4673010040","사림","전라남도 구례군 용방면 사림리","1941-01-01","1945-12-31","2","주수원","40","0","0","12","10","100","필댐(죤형)","190","113","8","14","14","0","사통형","113","112","106"
"4673010041","가동","전라남도 구례군 용방면 신도리","1967-01-01","1967-12-31","2","주수원","105","1","1","13","10","200","필댐(죤형)","31696","80","8","16","16","0","사통형","103","103","97"
"4673010042","용강","전라남도 구례군 용방면 용강리","1964-01-01","1967-12-31","2","주수원","30","3","3","2","10","100","필댐(죤형)","270","160","7","49","49","0","사통형","70","69","65"
"4673010043","도암","전라남도 구례군 용방면 신도리","1942-01-01","1945-12-31","2","주수원","92","1","1","16","10","200","필댐(죤형)","130","104","8","16","16","0","사통형","95","95","91"
"4673010044","죽정","전라남도 구례군 용방면 죽정리","1942-01-01","1945-12-31","2","주수원","205","3","3","30","10","100","필댐(죤형)","485","98","15","167","167","0","사통형","102","101","92"
"4673010045","감천","전라남도 구례군 용방면 중방리","1942-01-01","1945-12-31","2","주수원","25","0","0","9","10","100","필댐(죤형)","4343","98","5","11","11","0","사통형","110","110","104"
"4673010046","황사","전라남도 구례군 용방면 죽정리","1966-01-01","1969-12-31","2","주수원","114","1","1","15","10","100","필댐(죤형)","564","120","14","14","14","0","사통형","153","152","147"
"4673010047","수평(산동면)","전라남도 구례군 산동면 내산리","1958-01-01","1961-12-31","2","주수원","35","1","1","24","10","100","필댐(죤형)","19968","156","8","39","39","0","사통형","190","189","182"
"4673010049","상원","전라남도 구례군 산동면 원달리","1975-01-01","1979-12-31","2","주수원","92","4","4","15","10","100","필댐(죤형)","36234","126","13","149","149","0","사통형","302","301","293"
"4673010050","우와","전라남도 구례군 산동면 이평리","1942-01-01","1945-12-31","2","주수원","20","1","1","8","10","100","필댐(죤형)","17920","102","9","18","18","0","사통형","137","137","132"
"4673010051","신학","전라남도 구례군 산동면 신학리","1966-01-01","1969-12-31","2","주수원","94","1","1","15","10","100","필댐(죤형)","35700","130","8","43","43","0","사통형","118","117","112"
"4673010054","계척","전라남도 구례군 산동면 계천리","1942-01-01","1945-12-31","2","주수원","32","1","1","3","10","100","필댐(죤형)","21370","137","9","12","12","0","사통형","243","245","242"
"4673010059","둔사","전라남도 구례군 산동면 둔사리","1997-11-04","2009-12-31","1","주수원","698","15","15","240","10","200","필댐(균일형)","740000","295","51","2502","2478","24","취수탑형","186","184","150"
"4677010009","호성","전라남도 고흥군 고흥읍 성촌리","1942-01-01","1945-01-01","2","주수원","100","3","2","32","10","100","필댐(죤형)","24019","85","13","70","70","0","사통형","102","101","93"
"4677010010","등암","전라남도 고흥군 고흥읍 등암리","1943-01-01","1945-01-01","1","주수원","200","14","7","61","10","200","필댐(죤형)","89280","244","15","393","393","0","사통형","92","90","79"
"4677010011","산당","전라남도 고흥군 고흥읍 등암리","1956-01-01","1957-01-01","2","주수원","90","2","1","11","10","200","필댐(죤형)","14399","92","11","35","35","0","사통형","70","70","63"
"4677010013","갓점","전라남도 고흥군 고흥읍 등암리","1975-01-01","1976-01-01","2","보조수원","20","6","5","5","10","100","필댐(죤형)","25638","142","9","181","181","0","사통형","76","75","70"
"4677010022","대분","전라남도 고흥군 도양읍 용정리","1951-01-01","1954-01-01","2","주수원","70","3","3","61","10","100","필댐(죤형)","29762","127","11","69","69","0","사통형","10","9","6"
"4677010023","하류","전라남도 고흥군 도양읍 용정리","1951-01-01","1954-01-01","2","주수원","110","6","2","44","10","100","필댐(죤형)","20972","116","11","54","54","0","사통형","19","18","14"
"4677010024","용정","전라남도 고흥군 도양읍 용정리","1956-01-01","1959-01-03","2","주수원","180","5","5","22","10","100","필댐(죤형)","55332","174","12","288","288","0","취수탑형","31","30","19"
"4677010039","풍도","전라남도 고흥군 풍양면 고옥리","1957-01-01","1958-01-01","1","주수원","200","22","21","192","10","200","필댐(죤형)","110160","540","10","1109","1046","63","사통형","8","7","1"
"4677010043","매곡","전라남도 고흥군 풍양면 매곡리","1987-01-01","1988-01-01","1","주수원","315","15","13","116","10","200","필댐(죤형)","91817","284","12","743","743","0","사통형","11","10","2"
"4677010046","삼신","전라남도 고흥군 풍양면 율치리","1961-01-02","1963-01-01","2","주수원","60","2","1","20","10","100","필댐(죤형)","21086","184","10","55","55","0","사통형","64","63","57"
"4677010047","사동","전라남도 고흥군 풍양면 율치리","1961-01-01","1963-01-01","1","주수원","289","7","7","96","10","100","필댐(죤형)","59015","120","18","450","450","0","사통형","80","79","67"
"4677010048","미인치","전라남도 고흥군 풍양면 율치리","1979-01-01","1982-01-01","2","보조수원","110","4","3","16","10","200","필댐(죤형)","59400","300","12","191","190","1","사통형","72","71","62"
"4677010051","도덕","전라남도 고흥군 도덕면 도덕리","1941-01-01","1959-01-01","1","주수원","256","9","7","90","10","100","필댐(죤형)","40866","278","11","317","316","1","사통형","11","10","4"
"4677010052","봉암","전라남도 고흥군 도덕면 도덕리","1977-01-03","1988-01-01","1","주수원","218","39","36","291","10","200","필댐(죤형)","141603","2050","8","1769","1769","0","사통형","8","8","1"
"4677010053","내봉","전라남도 고흥군 도덕면 봉덕리","1982-01-01","1988-01-01","1","주수원","2565","83","40","211","10","200","필댐(죤형)","292320","2129","7","1800","1800","0","사통형","9","8","3"
"4677010054","회룡","전라남도 고흥군 도덕면 신양리","1957-01-01","1959-01-01","2","주수원","103","4","3","47","10","100","필댐(죤형)","195195","130","10","90","90","0","사통형","26","25","20"
"4677010060","장승","전라남도 고흥군 도덕면 봉덕리","1959-01-01","1961-01-01","2","주수원","42","3","2","","10","200","필댐(죤형)","5950","70","5","38","37","1","사통형","9","8","6"
"4677010061","대사","전라남도 고흥군 도덕면 봉덕리","1951-01-01","1968-01-01","2","주수원","22","1","1","8","10","200","필댐(죤형)","6762","120","6","17","16","1","사통형","9","9","6"
"4677010074","차동","전라남도 고흥군 포두면 차동리","1961-01-01","1962-01-01","2","주수원","46","4","1","21","10","100","필댐(죤형)","16549","118","9","25","25","0","사통형","87","86","82"
"4677010083","가화","전라남도 고흥군 도화면 가화리","1967-01-01","1969-01-01","1","주수원","237","6","5","45","10","100","필댐(죤형)","30512","157","17","335","335","0","사통형","37","36","26"
"4677010089","세곡","전라남도 고흥군 도화면 봉룡리","1957-01-01","1958-01-01","2","주수원","105","5","3","63","10","200","필댐(죤형)","31341","131","15","170","170","0","사통형","41","40","30"
"4677010090","덕중","전라남도 고흥군 도화면 덕중리","1957-01-01","1959-01-01","1","주수원","170","10","9","84","10","100","필댐(죤형)","160802","328","18","733","733","0","사통형","63","62","50"
"4677010093","당오","전라남도 고흥군 도화면 당오리","1956-01-01","1957-01-01","2","주수원","76","3","2","49","10","200","필댐(죤형)","17112","120","12","106","105","1","사통형","35","35","28"
"4677010105","남성","전라남도 고흥군 포두면 남성리","1978-01-01","1980-01-01","1","주수원","288","14","13","53","10","200","필댐(죤형)","45965","571","7","366","366","0","사통형","5","4","0"
"4677010111","미후","전라남도 고흥군 포두면 세동리","1976-01-01","1978-01-01","1","주수원","225","11","9","53","10","200","필댐(죤형)","75632","246","14","464","464","0","사통형","50","50","39"
"4677010116","상대","전라남도 고흥군 포두면 상대리","1954-01-01","1956-01-01","2","주수원","188","4","3","11","10","200","필댐(죤형)","17787","113","13","96","96","0","사통형","36","35","28"
"4677010117","상백","전라남도 고흥군 포두면 상대리","1956-01-01","1957-01-01","2","주수원","40","2","1","12","10","100","필댐(죤형)","17398","123","12","33","33","0","사통형","69","68","61"
"4677010118","대룡","전라남도 고흥군 포두면 봉림리","1946-01-01","1956-01-01","1","주수원","400","12","9","94","3","200","필댐(죤형)","131120","298","19","550","550","0","사통형","73","72","60"
"4677010119","봉림","전라남도 고흥군 포두면 봉림리","1950-01-01","1956-01-01","2","주수원","65","2","1","17","10","100","필댐(죤형)","16689","131","9","108","108","0","사통형","79","78","71"
"4677010120","금사","전라남도 고흥군 포두면 봉림리","1972-01-01","1975-01-01","1","주수원","416","10","9","95","10","200","필댐(죤형)","104490","172","29","801","799","2","사통형","90","89","67"
"4677010146","팔영","전라남도 고흥군 점암면 성기리","1957-01-01","1964-01-01","2","주수원","188","8","6","77","10","200","필댐(죤형)","29750","113","13","263","263","0","사통형","71","70","57"
"4677010152","사정","전라남도 고흥군 점암면 사정리","1959-01-01","1964-01-01","1","주수원","320","18","17","90","10","100","필댐(죤형)","29756","207","13","795","795","0","사통형","28","27","17"
"4677010153","연봉2","전라남도 고흥군 점암면 연봉리","1931-01-01","1934-01-01","1","주수원","2292","45","45","224","10","200","필댐(죤형)","217404","2196","6","1020","1020","0","사통형","5","4","0"
"4677010154","연봉1","전라남도 고흥군 점암면 연봉리","1942-01-01","1944-01-01","1","주수원","189","6","5","35","10","200","필댐(죤형)","29106","160","13","310","310","0","사통형","55","54","44"
"4677010167","호덕","전라남도 고흥군 과역면 호덕리","1922-01-01","1925-01-01","2","주수원","883","11","11","46","10","200","필댐(죤형)","24457","173","9","203","203","0","사통형","5","4","1"
"4677010190","주교1","전라남도 고흥군 남양면 신흥리","1965-01-01","1968-01-01","2","주수원","127","8","7","59","10","200","필댐(죤형)","33456","328","6","212","212","0","사통형","8","7","1"
"4677010202","침교","전라남도 고흥군 남양면 침교리","1968-01-01","1977-01-01","1","주수원","906","36","36","128","10","200","필댐(죤형)","116572","1570","5","922","886","36","사통형","5","4","1"
"4677010203","원등","전라남도 고흥군 동강면 마륜리","1958-01-01","1962-01-01","1","주수원","375","35","14","173","10","100","필댐(죤형)","244600","217","26","1422","1417","5","사통형","66","65","46"
"4677010204","덕촌","전라남도 고흥군 동강면 마륜리","1967-01-01","1968-01-01","2","주수원","90","2","2","31","10","200","필댐(죤형)","18941","181","9","83","83","0","사통형","46","45","39"
"4677010205","대강","전라남도 고흥군 동강면 대강리","1948-01-01","1960-01-01","1","주수원","365","7","5","157","10","100","필댐(죤형)","79546","193","19","610","610","0","사통형","67","66","49"
"4677010210","오월","전라남도 고흥군 동강면 오월리","1983-01-01","1990-01-01","1","주수원","730","55","55","451","10","200","필댐(죤형)","74531","250","11","2844","2844","0","사통형","10","9","1"
"4677010255","운대","전라남도 고흥군 두원면 운대리","1941-01-01","1946-01-01","2","주수원","262","8","7","53","10","200","필댐(죤형)","68503","292","10","246","246","0","사통형","38","37","31"
"4677010273","백련","전라남도 고흥군 고흥읍 등암리","1974-01-01","1976-01-01","2","보조수원","72","2","2","8","10","100","필댐(죤형)","32986","204","10","76","76","0","사통형","83","83","74"
"4677010274","동백","전라남도 고흥군 대서면 안남리","1996-01-01","2001-01-01","1","주수원","66","17","17","129","10","200","필댐(죤형)","250347","722","9","874","740","134","사통형","9","8","4"
"4677010275","월악","전라남도 고흥군 남양면 장담리","1994-01-01","2001-01-01","1","주수원","676","7","7","228","10","200","필댐(죤형)","150490","230","40","1005","1002","3","취수탑형","46","46","15"
"4677010276","운대1","전라남도 고흥군 두원면 운대리","1997-12-20","2003-12-31","1","주수원","316","18","18","46","10","200","필댐(죤형)","221451","191","23","1526","1388","138","취수탑형","40","39","26"
"4677010544","신전1","전라남도 고흥군 점암면 화계리","2013-12-17","2018-12-26","1","주수원","39","9","9","226","10","200","필댐(죤형)","120490","195","32","963","929","34","취수탑형","50","49","30"
"4678010005","해경","전라남도 보성군 보성읍 옥암리","1996-01-01","1998-12-30","1","주수원","100","7","7","45","10","100","필댐(죤형)","434300","158","18","367","348","19","사통형","216","215","206"
"4678010014","지동","전라남도 보성군 벌교읍 지동리","1945-01-01","1945-12-30","2","보조수원","19","2","2","4","10","100","필댐(죤형)","12760","292","4","16","16","0","사통형","32","31","29"
"4678010016","연동","전라남도 보성군 벌교읍 지동리","1945-01-01","1945-12-30","2","보조수원","24","4","4","21","10","100","필댐(죤형)","32670","330","6","83","83","0","사통형","21","21","15"
"4678010017","추동","전라남도 보성군 벌교읍 추동리","1978-01-01","1985-12-30","1","주수원","957","27","26","314","10","200","필댐(죤형)","2805871","337","35","3164","3155","8","취수탑형","82","81","61"
"4678010018","증광","전라남도 보성군 벌교읍 고읍리","1976-01-01","1979-12-30","1","주수원","860","28","23","358","10","100","필댐(죤형)","557000","431","21","1384","1372","12","사통형","51","50","34"
"4678010020","칠동","전라남도 보성군 벌교읍 옥전리","1982-01-01","1989-12-30","1","주수원","697","15","15","192","10","200","필댐(죤형)","300000","306","37","2062","2060","2","취수탑형","112","111","87"
"4678010061","율어","전라남도 보성군 율어면 유신리","1989-01-01","1997-12-30","1","주수원","570","12","12","173","10","200","필댐(죤형)","1155800","256","23","931","927","4","사통형","171","170","159"
"4678010065","진봉","전라남도 보성군 복내면 진봉리","1940-01-01","1995-12-30","1","주수원","410","11","10","116","10","200","필댐(죤형)","138621","147","21","579","579","0","사통형","197","196","183"
"4678010066","일봉","전라남도 보성군 복내면 일봉리","1976-03-15","1979-12-30","1","주수원","375","6","6","51","10","200","필댐(죤형)","124810","149","18","351","351","0","사통형","113","112","100"
"4678010068","산성","전라남도 보성군 복내면 용전리","1945-01-01","1945-12-30","2","주수원","25","1","1","4","10","100","필댐(죤형)","4331","97","4","18","18","0","사통형","134","134","131"
"4678010069","덕촌","전라남도 보성군 복내면 유정리","1940-01-01","1940-12-30","2","주수원","165","0","0","2","10","200","필댐(죤형)","7680","90","4","2","2","0","사통형","124","123","120"
"4678010070","웅동","전라남도 보성군 복내면 계산리","1945-01-01","1945-12-30","2","주수원","44","1","1","5","10","100","필댐(죤형)","9010","106","5","26","26","0","사통형","139","138","135"
"4678010086","대곡","전라남도 보성군 조성면 대곡리","1976-01-01","1979-12-30","1","주수원","584","24","20","258","10","200","필댐(죤형)","846711","808","20","1396","1346","50","사통형","50","49","42"
"4678010087","대동","전라남도 보성군 조성면 우천리","1945-01-01","1945-12-30","2","보조수원","18","1","1","15","10","200","필댐(죤형)","6005","225","5","22","22","0","사통형","18","17","13"
"4678010089","신방","전라남도 보성군 조성면 봉능리","1973-01-01","1979-12-30","1","주수원","141","7","7","107","10","200","필댐(죤형)","292800","655","14","403","403","0","사통형","32","31","22"
"4678010091","감동","전라남도 보성군 조성면 덕산리","1976-01-01","1979-12-30","1","주수원","141","10","9","64","10","200","필댐(죤형)","167286","680","17","542","539","3","사통형","24","23","13"
"4678010095","덕산","전라남도 보성군 득량면 예당리","1976-01-01","1979-12-30","1","주수원","220","28","27","60","10","200","필댐(죤형)","566181","462","22","2156","2141","16","사통형","32","31","17"
"4678010098","해평","전라남도 보성군 득량면 해평리","1995-01-01","1999-12-30","1","주수원","480","25","23","255","10","200","필댐(죤형)","20872","228","25","1892","1853","39","사통형","50","49","33"
"4678010100","도촌","전라남도 보성군 득량면 도촌리","1980-01-01","1985-12-30","1","주수원","615","29","27","231","10","200","필댐(죤형)","1863150","184","22","2169","2169","0","사통형","46","45","30"
"4678010108","영천","전라남도 보성군 회천면 영천리","1978-01-01","1985-12-30","1","주수원","725","46","43","255","10","200","필댐(죤형)","2973160","376","20","2660","2576","84","사통형","41","40","29"
"4678010124","임수","전라남도 보성군 웅치면 대산리","1992-01-01","1999-01-01","1","주수원","200","8","8","100","10","200","필댐(죤형)","632500","203","25","583","575","8","사통형","250","249","231"
"4678010125","담안","전라남도 보성군 웅치면 대산리","1992-01-01","1999-12-30","1","주수원","360","9","9","198","10","200","필댐(죤형)","188124","193","33","1055","1035","20","취수탑형","287","286","261"
"4678010126","학동","전라남도 보성군 노동면 학동리","1997-06-27","2001-12-30","1","주수원","228","12","12","113","10","200","필댐(죤형)","145027","157","27","857","850","7","사통형","232","231","214"
"4678010127","화죽","전라남도 보성군 회천면 화죽리","2002-12-14","2007-12-30","1","주수원","135","11","10","96","10","200","필댐(죤형)","","214","41","625","610","15","사통형","76","76","58"
"4678010130","덕촌2","전라남도 보성군 조성면 은곡리","2004-09-15","2011-06-30","2","주수원","53","3","4","67","10","200","필댐(죤형)","","410","14","226","210","16","사통형","31","30","22"
"4678010246","봉산","전라남도 보성군 보성읍 봉산리","2006-12-29","2017-03-31","1","주수원","182","8","8","100","10","200","필댐(죤형)","323418","164","26","625","598","27","사통형","186","185","170"
"4678010247","백학","전라남도 보성군 보성읍 옥평리","2006-12-29","2017-03-31","2","주수원","80","2","2","77","10","200","필댐(죤형)","","193","20","216","204","12","사통형","180","179","167"
"4679010013","금전","전라남도 화순군 한천면 금전리","1957-01-01","1962-01-01","1","주수원","3147","68","64","766","10","200","필댐(죤형)","490003","273","17","4875","4823","51","취수탑형","62","61","49"
"4679010018","반곡","전라남도 화순군 한천면 반곡리","1955-01-01","1959-01-01","2","주수원","420","7","7","108","10","200","필댐(죤형)","137862","229","14","255","255","0","사통형","167","166","156"
"4679010031","가동","전라남도 화순군 춘양면 가동리","1956-01-01","1958-01-01","2","주수원","347","12","6","129","10","200","필댐(죤형)","49087","187","11","257","254","3","사통형","111","109","101"
"4679010032","산간","전라남도 화순군 춘양면 산간리","1956-01-01","1958-01-01","2","보조수원","61","2","2","28","10","200","필댐(죤형)","38688","107","10","21","21","0","사통형","94","93","88"
"4679010035","우봉","전라남도 화순군 춘양면 우봉리","1988-01-01","1994-01-01","2","주수원","100","2","2","12","10","200","필댐(죤형)","12254","163","14","7","6","0","사통형","91","90","88"
"4679010040","세청1","전라남도 화순군 청풍면 세청리","1944-01-01","1945-01-01","2","보조수원","38","3","3","11","10","200","필댐(죤형)","128647","230","5","76","70","6","사통형","86","84","81"
"4679010042","대비","전라남도 화순군 청풍면 대비리","1970-01-01","1975-01-01","2","주수원","45","1","1","12","10","200","필댐(죤형)","12298","86","8","12","12","0","사통형","176","175","170"
"4679010043","등용","전라남도 화순군 청풍면 백운리","1959-01-01","1965-01-01","1","보조수원","532","9","9","200","10","200","필댐(죤형)","228228","176","21","417","414","3","사통형","141","139","127"
"4679010045","신석","전라남도 화순군 청풍면 신석리","1944-01-01","1945-01-01","2","보조수원","115","2","2","13","10","200","필댐(죤형)","22278","118","8","60","60","0","사통형","133","132","125"
"4679010046","이만(청풍)","전라남도 화순군 청풍면 신석리","1992-01-01","1998-01-01","1","주수원","375","13","13","256","10","200","필댐(죤형)","304580","272","35","1155","1005","149","사통형","193","192","175"
"4679010047","신리","전라남도 화순군 청풍면 신리","1944-01-01","1945-01-01","2","보조수원","125","1","1","2","10","200","필댐(죤형)","51300","125","6","41","41","0","사통형","114","113","108"
"4679010051","장치","전라남도 화순군 이양면 장치리","1976-01-01","1978-01-01","1","주수원","1885","70","60","347","10","200","필댐(죤형)","592368","213","25","5485","5485","0","취수탑형","125","124","104"
"4679010054","품평","전라남도 화순군 이양면 품평리","1944-01-01","1945-01-01","2","주수원","135","2","2","12","10","200","필댐(죤형)","14563","111","8","122","120","2","사통형","82","81","74"
"4679010055","청영","전라남도 화순군 이양면 품평리","1944-01-01","1945-01-01","2","보조수원","57","1","1","5","10","200","필댐(죤형)","5335","97","5","35","35","0","사통형","85","84","79"
"4679010068","백암","전라남도 화순군 능주면 만수리","1943-01-01","1945-01-01","2","보조수원","14","1","1","11","10","200","필댐(죤형)","2294","232","2","23","20","3","사통형","70","69","63"
"4679010083","도장","전라남도 화순군 도암면 운월리","1967-01-01","1969-01-01","2","보조수원","26","1","1","4","10","200","필댐(죤형)","10937","110","7","20","19","2","사통형","54","53","49"
"4679010085","벽지","전라남도 화순군 도암면 벽지리","1966-01-01","1968-01-01","2","보조수원","195","3","3","25","10","200","필댐(죤형)","14638","83","9","161","153","7","사통형","67","67","63"
"4679010086","해명산","전라남도 화순군 도암면 도장리","1969-01-01","1970-01-01","2","보조수원","28","0","0","7","10","200","필댐(죤형)","3456","40","6","6","6","0","사통형","80","79","74"
"4679010087","정천1","전라남도 화순군 도암면 정천리","1971-01-01","1973-01-01","2","보조수원","52","1","1","13","10","200","필댐(죤형)","15671","35","5","17","16","1","사통형","71","70","66"
"4679010088","정천2","전라남도 화순군 도암면 정천리","1971-01-01","1973-01-01","2","보조수원","9","0","0","2","10","200","필댐(죤형)","2500","30","9","3","3","0","사통형","78","77","74"
"4679010089","옥동","전라남도 화순군 도암면 원천리","1944-01-01","1945-01-01","2","보조수원","63","1","1","10","10","200","필댐(죤형)","10040","85","8","24","22","2","사통형","79","78","73"
"4679010090","권동","전라남도 화순군 도암면 원천리","1966-01-01","1968-01-01","2","보조수원","25","1","1","4","10","200","필댐(죤형)","7948","95","6","20","19","1","사통형","91","90","86"
"4679010091","안성","전라남도 화순군 도암면 천태리","1944-01-01","1945-01-01","2","보조수원","150","4","4","35","10","200","필댐(죤형)","37473","211","8","112","112","0","사통형","92","91","87"
"4679010093","도암","전라남도 화순군 도암면 등광리","1990-01-01","1999-01-01","1","주수원","444","22","22","184","10","200","필댐(죤형)","208980","205","24","1857","1854","3","사통형","122","120","102"
"4679010097","보월","전라남도 화순군 이서면 보월리","1944-01-01","1945-01-01","2","보조수원","95","1","1","18","10","200","필댐(죤형)","12348","147","6","21","21","0","사통형","230","229","226"
"4679010098","안심","전라남도 화순군 이서면 안심리","1982-01-01","1987-01-01","1","주수원","430","12","12","154","10","200","필댐(죤형)","210554","210","30","1227","1174","53","사통형","102","100","82"
"4679010103","송단","전라남도 화순군 북면 방리","1980-01-01","1983-01-01","1","주수원","450","15","15","224","10","200","필댐(죤형)","102219","188","28","1529","1508","21","사통형","307","306","287"
"4679010110","독상","전라남도 화순군 동복면 독상리","1942-01-01","1944-01-01","2","보조수원","232","2","2","22","10","200","필댐(죤형)","20273","97","10","91","91","0","사통형","149","148","141"
"4679010111","동정","전라남도 화순군 동복면 칠정리","1941-01-01","1943-01-01","2","보조수원","83","1","1","12","10","200","필댐(죤형)","66877","123","8","20","20","0","사통형","156","155","152"
"4679010112","유천","전라남도 화순군 동복면 유천리","1978-01-01","1984-01-01","1","주수원","1225","24","24","287","10","200","필댐(죤형)","196178","288","26","1755","1755","0","사통형","183","182","167"
"4679010119","축동","전라남도 화순군 동복면 구암리","1943-01-01","1944-01-01","2","보조수원","60","4","4","14","10","200","필댐(죤형)","15817","114","8","71","71","0","사통형","147","146","143"
"4679010123","원동","전라남도 화순군 남면 원리","1956-01-01","1963-01-01","2","주수원","270","6","6","90","10","200","필댐(죤형)","54452","191","11","168","164","4","사통형","143","142","135"
"4679010137","서성","전라남도 화순군 동면 서성리","1965-01-01","1972-01-01","1","주수원","1787","26","26","430","10","200","필댐(죤형)","222840","148","23","2541","2501","39","사통형","108","107","90"
"4679010155","마산","전라남도 화순군 동면 청궁리","1996-03-06","2002-12-30","2","주수원","360","5","5","51","10","200","필댐(죤형)","145027","200","25","282","253","29","사통형","236","235","222"
"4679010156","우치","전라남도 화순군 도암면 우치리","1997-11-05","2002-12-30","1","주수원","295","11","11","105","10","200","필댐(죤형)","117443","216","44","1376","1357","19","취수탑형","200","199","176"
"4679010157","내리","전라남도 화순군 남면 내리","1999-11-23","2003-12-30","1","주수원","285","9","9","120","10","200","필댐(죤형)","243997","170","31","1070","920","150","사통형","196","195","176"
"4679010158","호암","전라남도 화순군 도암면 호암리","1945-02-01","1945-12-30","2","보조수원","34","2","2","7","10","200","필댐(죤형)","27185","50","7","26","26","0","사통형","105","104","98"
"4679010159","용강","전라남도 화순군 도암면 용강리","1970-02-01","1970-12-30","2","보조수원","193","1","1","31","10","200","필댐(죤형)","16311","30","8","40","40","0","사통형","95","94","89"
"4679010160","고시","전라남도 화순군 한천면 고시리","1997-09-25","2006-12-30","1","주수원","1134","33","31","309","10","200","필댐(균일형)","280000","182","30","2892","2427","465","취수탑형","201","200","185"
"4679010161","백운","전라남도 화순군 청풍면 백운리","2000-12-13","2012-12-31","1","주수원","310","9","8","224","10","200","필댐(죤형)","343","267","39","1056","878","178","취수탑형","212","211","193"
"4679010164","청용","전라남도 화순군 청풍면 청용리","2000-12-13","2012-12-31","1","주수원","228","6","6","83","10","200","필댐(죤형)","343","148","33","599","496","103","취수탑형","209","208","197"
"4679010285","쌍봉","전라남도 화순군 이양면 쌍봉리","2009-09-23","2019-04-03","1","주수원","700","18","18","","10","200","필댐(코어형)","372719","235","39","1898","1789","109","취수탑형","162","160","143"
"4680010005","금산","전라남도 장흥군 장흥읍 금산리","1943-01-01","1945-12-31","1","주수원","645","13","12","181","10","200","필댐(죤형)","231288","419","16","1204","1160","44","사통형","102","98","88"
"4680010006","축내","전라남도 장흥군 장흥읍 축내리","1939-01-01","1945-12-31","2","주수원","53","2","1","9","10","200","필댐(죤형)","10920","165","4","15","13","2","사통형","39","39","38"
"4680010009","성산","전라남도 장흥군 관산읍 성산리","1972-01-01","1975-12-31","1","주수원","317","12","11","125","10","100","필댐(죤형)","683145","285","18","786","781","5","사통형","85","84","70"
"4680010011","농안","전라남도 장흥군 관산읍 농안리","1976-12-18","1979-12-31","1","주수원","365","14","14","152","10","100","필댐(죤형)","144048","160","20","947","947","0","사통형","77","76","60"
"4680010016","지정","전라남도 장흥군 관산읍 지정리","1918-01-01","1925-12-31","1","주수원","103","61","59","323","5","200","필댐(죤형)","369360","4560","6","1738","1738","0","사통형","5","4","2"
"4680010018","수동","전라남도 장흥군 관산읍 외동리","1964-01-01","1966-12-30","1","주수원","180","74","74","429","10","200","필댐(죤형)","268646","2476","7","2566","2551","15","사통형","5","4","0"
"4680010019","어은","전라남도 장흥군 관산읍 외동리","1965-01-01","1966-12-31","1","주수원","170","25","24","83","10","100","필댐(죤형)","115037","1172","7","604","604","0","사통형","5","4","2"
"4680010020","부안","전라남도 장흥군 관산읍 외동리","1995-12-23","1999-12-30","1","주수원","242","9","9","119","10","200","필댐(죤형)","619920","328","21","642","592","50","사통형","60","60","50"
"4680010022","하발","전라남도 장흥군 관산읍 죽청리","1923-01-01","1925-12-31","2","주수원","49","2","2","9","10","200","필댐(죤형)","9045","342","3","15","13","2","사통형","3","2","1"
"4680010023","동촌","전라남도 장흥군 관산읍 하발리","1976-12-18","1978-12-31","1","주수원","145","8","8","70","10","100","필댐(죤형)","49500","300","13","582","577","4","사통형","49","48","33"
"4680010024","죽청","전라남도 장흥군 관산읍 죽청리","1923-01-01","1925-12-31","2","주수원","297","7","5","34","10","200","필댐(죤형)","11250","420","3","42","42","0","사통형","2","2","1"
"4680010025","연동","전라남도 장흥군 대덕읍 연지리","1942-01-01","1945-12-30","2","주수원","31","1","1","2","10","100","필댐(죤형)","3626","98","4","5","5","0","사통형","30","29","27"
"4680010026","서산","전라남도 장흥군 대덕읍 연지리","1916-01-01","1923-12-31","1","주수원","367","47","47","169","10","200","필댐(죤형)","88218","936","7","810","793","17","사통형","3","2","1"
"4680010027","연지","전라남도 장흥군 대덕읍 연지리","1990-11-14","1997-12-15","1","주수원","708","27","25","202","10","200","필댐(죤형)","1213674","426","37","2844","2708","136","사통형","63","62","43"
"4680010029","도청","전라남도 장흥군 대덕읍 도청리","1942-01-01","1945-12-31","2","주수원","179","6","6","38","10","200","필댐(죤형)","15208","520","5","102","102","0","사통형","2","2","1"
"4680010030","양하","전라남도 장흥군 대덕읍 잠두리","1940-01-01","1945-12-31","2","주수원","64","0","2","13","10","200","필댐(죤형)","4150","151","4","5","5","0","사통형","5","4","2"
"4680010031","신리","전라남도 장흥군 대덕읍 신리","1966-01-01","1969-12-30","2","주수원","135","2","2","9","10","200","필댐(죤형)","52635","140","13","65","65","0","사통형","19","18","12"
"4680010032","하분","전라남도 장흥군 대덕읍 분토리","1978-01-01","1982-12-31","1","주수원","600","16","15","108","10","100","필댐(죤형)","1379847","196","20","699","699","0","사통형","34","33","24"
"4680010034","가학","전라남도 장흥군 대덕읍 가학리","1928-01-01","1931-12-31","2","주수원","36","5","5","1","10","200","필댐(죤형)","11200","75","7","16","16","0","사통형","25","24","19"
"4680010041","운주","전라남도 장흥군 용산면 운주리","2010-12-06","2014-12-30","1","주수원","862","28","24","218","10","200","필댐(코어형)","117600","430","27","2458","2287","171","취수탑형","74","73","57"
"4680010042","오도","전라남도 장흥군 용산면 운주리","1965-01-01","1968-12-31","2","주수원","113","2","2","25","10","100","필댐(죤형)","25632","180","8","60","60","0","사통형","61","60","54"
"4680010043","묵촌","전라남도 장흥군 용산면 접정리","1968-01-01","1970-12-31","2","주수원","55","2","2","16","10","200","필댐(죤형)","7585","98","9","62","62","1","사통형","56","55","49"
"4680010045","녹원","전라남도 장흥군 용산면 녹원리","1958-01-01","1959-12-31","2","주수원","248","4","4","34","10","200","필댐(죤형)","77000","175","10","141","130","11","사통형","71","70","65"
"4680010057","월계","전라남도 장흥군 안양면 당암리","1956-01-01","1961-12-31","1","주수원","392","8","8","198","5","200","필댐(죤형)","294120","360","20","575","575","0","사통형","110","109","95"
"4680010060","모령","전라남도 장흥군 안양면 모령리","1920-01-01","1928-12-31","1","주수원","1810","28","28","124","10","200","필댐(죤형)","61875","1250","5","629","626","3","사통형","4","3","1"
"4680010061","학송","전라남도 장흥군 안양면 학송리","1941-01-01","1942-12-31","2","주수원","38","2","2","13","10","200","필댐(죤형)","109200","150","13","103","103","0","사통형","90","90","81"
"4680010062","장수","전라남도 장흥군 안양면 학송리","1964-01-01","1969-12-31","2","보조수원","560","4","4","52","10","200","필댐(죤형)","87753","169","16","215","215","0","사통형","62","61","51"
"4680010063","신촌","전라남도 장흥군 안양면 학송리","1979-01-01","1983-12-31","1","주수원","600","17","17","223","10","100","필댐(죤형)","183005","168","23","1512","1503","9","사통형","78","77","61"
"4680010079","하산","전라남도 장흥군 장동면 하산리","1994-01-01","1999-12-31","1","주수원","355","9","9","126","10","200","필댐(죤형)","454853","207","23","545","545","0","사통형","142","141","130"
"4680010086","제산","전라남도 장흥군 장평면 제산리","1943-01-01","1946-12-31","1","주수원","476","12","10","203","10","200","필댐(죤형)","30937","90","13","512","511","1","사통형","177","176","168"
"4680010121","순흥","전라남도 장흥군 회진면 회진리","1969-01-01","1970-12-31","2","주수원","105","8","8","23","10","200","필댐(죤형)","45030","280","9","183","183","0","사통형","7","6","2"
"4680010124","덕촌","전라남도 장흥군 대덕읍 가학리","1975-01-01","1978-12-31","1","보조수원","12","34","34","343","10","200","필댐(죤형)","110854","1660","5","1701","1550","151","사통형","4","4","3"
"4680010125","풍길","전라남도 장흥군 용산면 풍길리","2002-12-16","2006-12-31","1","주수원","209","95","87","136","10","200","필댐(죤형)","346900","193","32","774","746","28","취수탑형","47","46","31"
"4680010126","두봉","전라남도 장흥군 장평면 진산리","1998-12-31","2005-12-30","1","주수원","295","7","7","81","10","200","필댐(죤형)","143878","180","24","465","427","39","사통형","199","198","188"
"4681010005","임천","전라남도 강진군 강진읍 덕남리","1944-01-04","1945-01-01","1","주수원","890","80","66","359","10","100","필댐(죤형)","216457","922","15","3445","3094","351","사통형","17","16","7"
"4681010011","신학","전라남도 강진군 강진읍 춘전리","1967-01-03","1968-01-01","2","보조수원","56","3","2","40","3","200","필댐(죤형)","25984","160","11","56","55","1","사통형","49","48","41"
"4681010012","서산","전라남도 강진군 강진읍 서산리","1958-01-01","1962-01-01","1","주수원","755","30","25","376","10","200","필댐(죤형)","199318","293","23","2593","2592","1","사통형","80","79","61"
"4681010021","화산","전라남도 강진군 군동면 화산리","1964-01-01","1969-01-01","1","주수원","450","14","11","129","3","100","필댐(죤형)","80099","168","13","451","451","0","기타","49","49","37"
"4681010026","금사","전라남도 강진군 군동면 금사리","1944-01-03","1945-01-01","1","주수원","552","31","26","180","5","100","필댐(죤형)","117625","266","15","692","691","1","사통형","31","30","18"
"4681010030","삼흥","전라남도 강진군 칠량면 삼흥리","1997-12-31","2008-12-31","1","주수원","1210","55","50","430","10","200","필댐(코어형)","732508","580","36","5858","5250","608","취수탑형","63","62","43"
"4681010031","명주","전라남도 강진군 칠량면 명주리","2006-12-22","2011-12-30","1","주수원","689","15","15","135","3","100","필댐(죤형)","115537","194","15","639","639","0","사통형","61","60","47"
"4681010040","당전","전라남도 강진군 대구면 용운리","2005-12-21","2011-12-30","1","주수원","844","21","18","177","10","200","필댐(죤형)","171771","193","19","1304","1297","7","사통형","59","58","45"
"4681010041","계치","전라남도 강진군 대구면 계율리","1944-01-03","1945-01-01","2","주수원","98","3","3","25","5","100","필댐(죤형)","31243","210","9","66","64","2","사통형","59","58","52"
"4681010051","강정","전라남도 강진군 도암면 지석리","1966-01-01","1968-01-01","1","주수원","400","22","21","110","3","100","필댐(죤형)","54486","168","12","748","748","0","사통형","40","40","31"
"4681010056","용흥","전라남도 강진군 도암면 용흥리","1944-12-04","1945-01-01","1","주수원","300","20","17","73","5","100","필댐(죤형)","40339","942","6","469","466","3","사통형","4","3","0"
"4681010057","석문","전라남도 강진군 도암면 봉황리","2001-01-01","2006-12-30","1","주수원","728","54","45","270","10","200","필댐(코어형)","424750","298","34","3524","3183","341","취수탑형","81","79","58"
"4681010059","봉양","전라남도 강진군 신전면 수양리","1987-01-01","1993-01-01","1","주수원","394","14","11","146","10","100","필댐(죤형)","740917","587","21","980","973","7","사통형","56","56","40"
"4681010067","월남","전라남도 강진군 성전면 월남리","1961-01-01","1967-01-01","1","주수원","1063","41","39","501","10","200","필댐(죤형)","191148","171","19","2227","2225","2","사통형","104","103","88"
"4681010068","성전","전라남도 강진군 성전면 월하리","1999-07-05","2009-12-31","1","주수원","468","28","26","209","10","200","필댐(죤형)","119713","350","28","2071","1883","188","사통형","138","137","118"
"4681010075","송월","전라남도 강진군 성전면 송월리","1969-01-01","1974-01-01","1","주수원","150","7","6","52","10","100","필댐(죤형)","133618","265","13","384","384","0","사통형","101","100","89"
"4681010077","월평","전라남도 강진군 성전면 월평리","1985-01-01","1990-01-01","1","주수원","146","10","8","74","10","100","필댐(죤형)","288737","241","21","653","653","0","사통형","122","122","108"
"4681010095","용동","전라남도 강진군 작천면 삼열리","1944-01-03","1945-01-01","2","주수원","143","7","6","51","3","100","필댐(죤형)","23738","341","5","160","146","14","사통형","43","42","40"
"4681010096","돌치","전라남도 강진군 작천면 내기리","1944-01-04","1945-01-01","2","보조수원","189","4","3","10","3","100","필댐(죤형)","7985","474","6","37","37","0","사통형","38","37","34"
"4681010097","삼치","전라남도 강진군 작천면 내기리","1944-01-03","1945-01-01","2","보조수원","63","2","2","7","3","100","필댐(죤형)","4951","233","5","31","31","0","사통형","44","43","41"
"4681010101","작천","전라남도 강진군 작천면 삼당리","1951-01-01","1958-01-01","1","주수원","196","8","7","102","10","200","필댐(죤형)","287760","240","22","544","544","0","사통형","87","86","69"
"4681010107","학동","전라남도 강진군 작천면 갈동리","1998-11-13","2011-12-30","1","주수원","400","15","14","89","10","100","필댐(죤형)","132036","195","16","866","856","10","사통형","75","75","65"
"4681010111","하고","전라남도 강진군 병영면 성동리","2009-11-19","2011-12-30","2","보조수원","263","3","3","15","3","100","필댐(죤형)","31528","563","4","50","50","0","사통형","42","41","39"
"4681010115","중고","전라남도 강진군 병영면 중고리","1944-01-03","1945-01-01","2","보조수원","174","4","3","16","3","100","필댐(죤형)","12144","298","4","100","100","0","사통형","40","39","36"
"4681010123","영산","전라남도 강진군 옴천면 영산리","1967-01-02","1968-01-01","1","보조수원","124","6","5","121","10","100","필댐(죤형)","230532","210","21","503","448","55","사통형","178","177","161"
"4681010124","월곡","전라남도 강진군 옴천면 월곡리","1982-01-01","1993-01-01","1","주수원","540","27","23","378","10","200","필댐(죤형)","318449","222","27","2251","2238","13","사통형","177","177","157"
"4681010131","영동","전라남도 강진군 마량면 마량리","1973-01-01","1978-01-01","1","주수원","467","19","16","150","10","200","필댐(죤형)","321421","210","24","1414","1411","3","사통형","48","47","30"
"4681010243","덕천","전라남도 강진군 군동면 덕천리","2008-12-29","2017-12-29","1","주수원","164","6","5","74","10","200","필댐(죤형)","291813","433","40","469","438","30","사통형","61","60","45"
"4681010244","장산","전라남도 강진군 군동면 장산리","2008-12-29","2017-12-29","1","주수원","173","10","10","123","10","200","필댐(죤형)","291813","285","27","1003","938","64","사통형","62","61","45"
"4682010001","금강","전라남도 해남군 해남읍 해리","1953-01-01","1957-01-01","1","주수원","438","10","9","173","3","100","필댐(죤형)","55543","185","18","500","500","0","사통형","16","15","2"
"4682010002","상미","전라남도 해남군 해남읍 신안리","1956-01-01","1958-01-01","2","주수원","266","10","8","25","3","100","필댐(죤형)","22301","279","6","174","172","3","사통형","34","34","30"
"4682010003","우슬","전라남도 해남군 해남읍 해리","1956-01-01","1958-01-01","2","주수원","95","8","4","1","3","100","필댐(죤형)","59781","166","9","119","119","0","사통형","70","68","61"
"4682010004","신안","전라남도 해남군 해남읍 신안리","1956-01-01","1958-01-01","2","주수원","88","3","2","52","7","200","필댐(죤형)","36752","115","13","78","68","10","사통형","9","8","3"
"4682010006","연동","전라남도 해남군 해남읍 연동리","1956-01-01","1958-01-01","2","주수원","120","8","7","60","10","100","필댐(죤형)","28234","224","8","210","209","1","사통형","7","6","1"
"4682010019","남동","전라남도 해남군 황산면 연당리","1945-01-01","1947-01-01","2","보조수원","25","7","6","25","3","100","필댐(죤형)","8188","540","3","61","47","14","사통형","2","2","1"
"4682010026","신흥","전라남도 해남군 삼산면 신흥리","1963-01-01","1964-01-01","2","주수원","60","3","3","33","10","100","필댐(죤형)","158325","215","6","57","55","2","사통형","4","4","1"
"4682010038","양촌","전라남도 해남군 삼산면 평활리","1958-01-01","1961-01-01","1","주수원","1780","67","63","479","10","200","필댐(죤형)","472719","299","25","4522","4275","247","취수탑형","71","68","59"
"4682010041","상가","전라남도 해남군 삼산면 상가리","1982-01-01","1984-01-01","1","주수원","120","8","6","68","10","200","필댐(죤형)","158325","154","22","442","428","14","사통형","81","79","68"
"4682010047","가좌","전라남도 해남군 화산면 가좌리","1945-01-01","1945-12-30","2","주수원","70","2","2","20","3","100","필댐(죤형)","14577","125","10","33","33","0","사통형","9","8","4"
"4682010048","월호","전라남도 해남군 화산면 월호리","1945-01-01","1947-01-01","2","주수원","50","3","2","7","3","100","필댐(죤형)","16572","169","7","25","23","2","사통형","3","3","1"
"4682010049","봉저","전라남도 해남군 화산면 율동리","1945-01-01","1947-01-01","2","주수원","81","4","4","17","3","100","필댐(죤형)","14193","133","7","77","77","0","사통형","6","5","1"
"4682010050","연화","전라남도 해남군 화산면 연정리","1959-01-01","1961-01-01","1","주수원","490","30","27","392","10","200","필댐(죤형)","118891","340","12","1264","1238","26","취수탑형","17","14","9"
"4682010051","방축","전라남도 해남군 화산면 방축리","1945-01-01","1946-12-30","2","주수원","34","1","1","5","3","100","필댐(죤형)","4353","83","5","8","8","0","사통형","6","6","1"
"4682010052","석전","전라남도 해남군 화산면 방축리","1945-01-01","1946-12-30","2","주수원","60","1","1","4","3","100","필댐(죤형)","4789","100","5","15","14","1","사통형","4","3","1"
"4682010054","석정","전라남도 해남군 화산면 방축리","1961-01-01","1963-12-30","2","주수원","115","5","4","9","10","100","필댐(죤형)","12116","300","5","82","81","1","사통형","5","4","1"
"4682010055","부길","전라남도 해남군 화산면 부길리","1961-01-01","1963-12-30","2","주수원","64","3","2","24","3","100","필댐(죤형)","29921","223","9","41","41","0","사통형","14","14","9"
"4682010056","대지","전라남도 해남군 화산면 석호리","1960-01-01","1963-12-30","2","주수원","67","3","3","22","3","100","필댐(죤형)","10913","208","5","70","69","2","사통형","4","4","1"
"4682010057","송산","전라남도 해남군 화산면 송산리","1960-01-01","1961-01-01","2","주수원","112","10","5","59","3","100","필댐(죤형)","41177","162","11","228","225","2","사통형","17","16","9"
"4682010059","대인","전라남도 해남군 화산면 석호리","1960-01-01","1961-01-01","2","주수원","75","4","2","21","3","100","필댐(죤형)","12322","180","6","40","35","5","사통형","13","13","11"
"4682010067","구시","전라남도 해남군 현산면 구시리","1961-01-01","1963-01-01","1","주수원","1390","57","51","465","10","100","필댐(죤형)","131306","285","15","2619","2549","69","사통형","21","19","11"
"4682010072","탑동","전라남도 해남군 현산면 일평리","1963-01-01","1966-01-01","2","주수원","130","4","3","55","3","100","필댐(죤형)","33318","218","8","98","97","0","사통형","8","7","1"
"4682010075","백포","전라남도 해남군 현산면 백포리","1945-01-01","1947-12-30","2","주수원","190","7","7","46","3","100","필댐(죤형)","136108","200","17","188","188","0","사통형","20","19","14"
"4682010078","구산","전라남도 해남군 현산면 황산리","1988-01-01","1995-01-01","1","주수원","400","22","20","217","10","100","필댐(죤형)","968820","544","28","2286","2217","68","사통형","78","77","62"
"4682010089","미야","전라남도 해남군 송지면 미야리","1945-01-01","1947-12-30","1","주수원","160","14","11","69","10","100","필댐(죤형)","38401","294","8","493","493","0","사통형","10","10","2"
"4682010098","해원","전라남도 해남군 송지면 해원리","1945-01-01","1945-12-30","1","주수원","908","38","35","342","3","100","필댐(죤형)","55999","134","16","1622","1621","0","사통형","12","11","1"
"4682010099","군곡","전라남도 해남군 송지면 해원리","1958-01-01","1961-01-01","1","주수원","1391","53","89","510","10","200","필댐(죤형)","363197","464","16","5244","4848","396","취수탑형","19","17","9"
"4682010117","동해","전라남도 해남군 북평면 동해리","1990-01-01","1999-01-01","1","주수원","400","11","11","203","10","200","필댐(죤형)","2190162","562","47","1546","1522","23","취수탑형","53","92","40"
"4682010120","신월","전라남도 해남군 문내면 용암리","1945-01-01","1947-12-30","2","주수원","4","1","0","1","3","100","필댐(죤형)","2813","110","4","3","3","0","사통형","4","3","3"
"4682010124","장수","전라남도 해남군 북일면 운전리","1970-01-01","1972-01-01","1","주수원","256","35","12","127","3","200","필댐(죤형)","198390","362","15","677","677","0","사통형","58","57","48"
"4682010126","운전","전라남도 해남군 북일면 운전리","1973-01-01","1975-01-01","1","주수원","167","5","5","78","3","200","필댐(죤형)","177085","254","17","390","353","37","사통형","47","44","35"
"4682010129","영춘","전라남도 해남군 옥천면 영춘리","1968-01-01","1970-01-01","2","주수원","130","4","4","23","3","100","필댐(죤형)","84388","194","14","189","189","0","사통형","51","50","41"
"4682010137","백호","전라남도 해남군 옥천면 백호리","1956-01-01","1958-01-01","1","주수원","570","20","16","370","3","100","필댐(죤형)","104524","254","14","826","826","0","사통형","48","47","38"
"4682010142","오류","전라남도 해남군 계곡면 성진리","1973-01-01","1975-01-01","1","주수원","355","21","19","198","3","100","필댐(죤형)","164624","304","15","853","848","5","사통형","28","27","19"
"4682010155","방춘","전라남도 해남군 계곡면 방춘리","1958-01-01","1960-01-01","2","주수원","300","7","4","131","3","100","필댐(죤형)","205276","120","25","284","284","0","사통형","67","67","51"
"4682010158","여수","전라남도 해남군 계곡면 여수리","1959-01-01","1961-01-01","2","주수원","100","3","3","35","3","100","필댐(죤형)","37790","97","13","117","117","0","사통형","39","37","30"
"4682010159","구가학","전라남도 해남군 계곡면 가학리","1945-01-01","1947-12-30","1","보조수원","275","8","7","40","3","100","필댐(죤형)","52328","130","19","436","435","1","사통형","68","68","53"
"4682010160","가학","전라남도 해남군 계곡면 가학리","1968-01-01","1970-01-01","1","주수원","460","16","14","208","3","100","필댐(죤형)","284109","284","20","911","910","1","사통형","19","18","1"
"4682010162","신평","전라남도 해남군 계곡면 신평리","1968-01-01","1970-01-01","1","주수원","310","18","12","153","3","100","필댐(죤형)","159481","339","14","635","635","0","사통형","52","51","41"
"4682010167","만년","전라남도 해남군 마산면 장촌리","1945-01-01","1947-12-30","1","주수원","312","8","7","120","3","200","필댐(죤형)","120542","207","16","412","412","0","사통형","51","50","41"
"4682010168","화원1","전라남도 해남군 화원면 장춘리","1945-01-01","1945-12-30","1","주수원","537","67","57","192","3","100","필댐(죤형)","73871","1108","6","934","822","112","사통형","7","7","4"
"4682010176","연구","전라남도 해남군 마산면 연구리","1945-01-01","1947-12-30","2","주수원","250","19","18","58","5","100","필댐(죤형)","27994","395","6","220","218","2","사통형","7","6","4"
"4682010222","호동","전라남도 해남군 황산면 호동리","1945-01-01","1945-12-30","1","주수원","160","17","15","107","3","100","필댐(죤형)","15679","165","6","489","424","65","사통형","7","7","4"
"4682010234","한자","전라남도 해남군 황산면 한자리","1985-12-01","1986-01-01","1","보조수원","67","11","10","49","1","100","필댐(죤형)","22577","185","9","437","419","18","사통형","8","8","2"
"4682010238","흑암","전라남도 해남군 황산면 연당리","1945-01-01","1945-12-30","1","보조수원","323","15","14","56","3","100","필댐(죤형)","32534","216","9","414","390","23","사통형","8","8","4"
"4682010239","미력","전라남도 해남군 황산면 연당리","1945-01-01","1947-12-30","2","보조수원","90","4","4","17","10","200","필댐(죤형)","1983","150","2","56","56","0","사통형","2","2","1"
"4682010241","외입","전라남도 해남군 황산면 외입리","1945-01-01","1947-12-30","2","보조수원","26","3","2","23","3","100","필댐(죤형)","11872","145","7","47","47","0","사통형","7","6","3"
"4682010242","춘정1","전라남도 해남군 황산면 부곡리","1945-01-01","1947-12-30","2","보조수원","11","5","5","11","1","100","필댐(균일형)","2173","81","4","16","16","0","사통형","4","4","0"
"4682010243","부곡","전라남도 해남군 황산면 부곡리","1945-01-01","1947-12-30","2","보조수원","9","1","1","9","3","100","필댐(죤형)","3134","106","4","20","20","0","사통형","9","8","5"
"4682010250","관춘","전라남도 해남군 황산면 관춘리","1944-01-01","1945-01-01","1","주수원","220","20","20","98","3","200","필댐(죤형)","23236","324","6","591","591","0","사통형","6","5","0"
"4682010251","평덕1","전라남도 해남군 황산면 관춘리","1945-01-01","1945-12-30","2","주수원","25","5","3","12","3","100","필댐(죤형)","24945","282","7","56","53","3","사통형","3","3","1"
"4682010252","평덕2","전라남도 해남군 황산면 관춘리","1945-01-01","1945-12-30","2","주수원","3","1","1","7","10","100","필댐(죤형)","2162","115","4","23","20","3","사통형","5","4","2"
"4682010253","성만","전라남도 해남군 황산면 관춘리","1945-01-01","1945-12-30","2","주수원","56","11","10","22","3","100","필댐(죤형)","40576","253","10","159","157","2","사통형","11","10","7"
"4682010254","내산","전라남도 해남군 황산면 관춘리","1945-01-01","1945-12-30","2","주수원","28","3","2","11","3","100","필댐(죤형)","7898","115","7","37","37","0","사통형","7","6","1"
"4682010257","옥연1","전라남도 해남군 황산면 옥동리","1945-01-01","1945-12-30","2","보조수원","10","4","4","21","3","100","필댐(죤형)","40896","355","8","66","64","1","사통형","4","4","1"
"4682010258","옥연2","전라남도 해남군 황산면 옥동리","1945-01-01","1945-12-30","2","보조수원","10","2","1","20","3","100","필댐(죤형)","4834","66","7","36","35","1","사통형","8","7","3"
"4682010259","옥동1","전라남도 해남군 황산면 옥동리","1962-01-01","1964-12-30","2","보조수원","3","5","4","26","3","100","필댐(죤형)","4521","140","4","95","95","0","사통형","4","3","1"
"4682010300","삼덕1","전라남도 해남군 문내면 석교리","1945-01-01","1945-12-30","2","주수원","7","2","1","12","3","100","필댐(죤형)","2437","95","5","14","14","0","사통형","16","16","13"
"4682010301","삼덕2","전라남도 해남군 문내면 석교리","1945-01-01","1945-12-30","2","주수원","5","1","1","2","10","100","필댐(죤형)","2129","88","4","11","11","0","사통형","14","14","11"
"4682010305","사교","전라남도 해남군 문내면 용암리","1982-01-01","1983-01-01","2","보조수원","4","2","1","4","5","100","필댐(죤형)","21745","185","9","34","34","0","사통형","8","8","3"
"4682010307","석교1","전라남도 해남군 문내면 용암리","1945-01-01","1945-12-30","2","보조수원","9","1","1","14","3","100","필댐(죤형)","3744","68","5","13","13","0","사통형","13","13","8"
"4682010308","석교2","전라남도 해남군 문내면 용암리","1945-01-01","1945-12-30","2","보조수원","66","3","1","18","3","100","필댐(죤형)","10044","135","6","20","20","0","사통형","16","15","11"
"4682010313","동외1","전라남도 해남군 문내면 동외리","1945-01-01","1945-12-30","2","보조수원","62","2","2","8","3","100","필댐(죤형)","4862","126","4","33","33","0","사통형","5","4","1"
"4682010314","동외2","전라남도 해남군 문내면 동외리","1945-01-01","1945-12-30","2","보조수원","36","2","1","9","3","100","필댐(죤형)","3038","100","4","19","16","3","사통형","3","2","1"
"4682010323","서상","전라남도 해남군 문내면 서상리","1968-01-01","1970-12-30","2","보조수원","4","1","0","3","3","100","필댐(죤형)","5461","135","5","11","11","0","사통형","11","10","6"
"4682010327","난대2","전라남도 해남군 문내면 난대리","1967-01-01","1967-12-31","2","주수원","8","1","1","2","3","100","필댐(죤형)","1261","105","2","27","27","0","사통형","2","1","1"
"4682010328","난대1","전라남도 해남군 문내면 난대리","1963-01-01","1964-12-30","2","보조수원","6","1","0","10","3","100","필댐(죤형)","2131","95","4","4","4","0","사통형","4","3","1"
"4682010333","갈우","전라남도 해남군 문내면 충평리","1968-01-01","1970-12-30","2","보조수원","42","2","2","5","3","100","필댐(죤형)","3905","80","5","33","33","0","사통형","6","5","1"
"4682010335","충평1","전라남도 해남군 문내면 충평리","1970-01-01","1972-12-30","2","보조수원","35","2","2","6","3","100","필댐(죤형)","10619","140","6","54","52","2","사통형","26","25","20"
"4682010336","고전","전라남도 해남군 문내면 고당리","1945-01-01","1945-12-30","2","보조수원","77","2","2","20","3","100","필댐(죤형)","7685","97","6","34","34","0","사통형","6","5","1"
"4682010339","고평","전라남도 해남군 문내면 고평리","1982-01-01","1983-01-01","2","보조수원","16","2","1","3","7","100","필댐(죤형)","16152","108","10","18","18","0","사통형","10","9","1"
"4682010341","청용","전라남도 해남군 옥천면 백호리","1952-01-01","1958-01-01","2","주수원","95","5","4","6","3","100","필댐(죤형)","13069","309","4","61","61","0","사통형","6","5","3"
"4682010346","신덕","전라남도 해남군 화원면 신덕리","1983-01-01","1986-01-01","1","주수원","765","54","46","429","10","100","필댐(죤형)","241667","187","24","3369","3340","29","취수탑형","25","25","12"
"4682010366","화원2","전라남도 해남군 화원면 산호리","1945-01-01","1945-12-30","1","주수원","275","39","23","117","10","100","필댐(죤형)","27780","365","6","600","600","0","사통형","7","6","2"
"4682010367","화원3","전라남도 해남군 화원면 산호리","1945-01-01","1945-12-30","2","주수원","105","20","15","51","3","100","필댐(죤형)","18482","360","6","300","299","1","사통형","7","6","3"
"4682010370","장평","전라남도 해남군 화원면 장춘리","1969-01-01","1971-12-30","2","보조수원","14","0","0","11","3","100","필댐(죤형)","6740","96","7","11","11","0","사통형","29","29","24"
"4682010372","산호","전라남도 해남군 계곡면 가학리","1940-01-01","1942-12-30","2","보조수원","54","5","5","2","3","100","필댐(죤형)","8397","320","4","68","68","0","사통형","18","18","15"
"4682010373","신방","전라남도 해남군 현산면 백포리","1950-01-01","1952-12-30","1","보조수원","164","66","59","111","3","100","필댐(죤형)","37564","1527","3","748","747","1","사통형","4","3","1"
"4682010374","만안2제","전라남도 해남군 현산면 만안리","2003-12-01","2006-12-30","1","주수원","110","5","5","81","10","200","필댐(균일형)","180625","206","29","395","386","9","취수탑형","108","107","90"
"4683010001","대동","전라남도 영암군 영암읍 회문리","1969-01-01","1969-12-30","1","보조수원","544","5","5","74","10","200","필댐(죤형)","353408","308","11","309","309","0","사통형","32","31","23"
"4683010002","남춘","전라남도 영암군 영암읍 용흥리","1945-01-01","1945-12-31","2","보조수원","59","1","1","6","7","100","필댐(죤형)","8937","245","4","16","16","0","사통형","25","24","22"
"4683010003","쌍정","전라남도 영암군 영암읍 개신리","1967-05-19","1969-12-30","1","주수원","837","21","21","285","10","100","필댐(죤형)","153823","159","14","1264","1138","126","사통형","40","40","29"
"4683010004","사자","전라남도 영암군 영암읍 개신리","1978-12-01","1981-12-30","1","주수원","221","6","6","48","7","100","필댐(죤형)","522655","380","18","463","463","0","사통형","68","67","51"
"4683010006","학곡","전라남도 영암군 영암읍 송평리","1944-01-01","1945-12-31","2","보조수원","9","1","1","4","7","100","필댐(죤형)","821","40","5","9","9","0","사통형","15","15","12"
"4683010009","장암","전라남도 영암군 영암읍 장암리","1966-01-01","1967-12-30","2","보조수원","45","1","1","15","7","100","필댐(죤형)","38423","136","7","33","33","0","사통형","75","75","69"
"4683010012","율산","전라남도 영암군 영암읍 농덕리","1944-01-01","1945-12-31","2","보조수원","22","1","1","8","7","100","필댐(죤형)","18648","126","8","23","23","0","사통형","28","27","21"
"4683010016","마산","전라남도 영암군 덕진면 노송리","1944-01-01","1945-12-31","2","보조수원","75","3","3","10","7","100","필댐(죤형)","38450","162","4","38","38","0","사통형","20","20","18"
"4683010017","송내","전라남도 영암군 덕진면 노송리","1943-12-01","1945-12-31","2","보조수원","25","2","2","15","7","100","필댐(죤형)","19964","184","4","30","30","0","사통형","24","24","22"
"4683010027","세류","전라남도 영암군 덕진면 백계리","1945-01-01","1945-12-31","2","보조수원","8","1","1","6","7","100","필댐(죤형)","5750","100","5","17","17","0","사통형","29","29","26"
"4683010028","백계","전라남도 영암군 덕진면 백계리","1943-01-01","1945-12-31","2","보조수원","164","7","6","45","7","100","필댐(죤형)","15624","127","5","135","135","0","사통형","13","13","10"
"4683010030","용동","전라남도 영암군 덕진면 용산리","1942-01-01","1943-12-30","2","보조수원","32","2","2","13","7","100","필댐(죤형)","6086","175","5","19","19","0","사통형","6","6","5"
"4683010032","금강","전라남도 영암군 덕진면 금강리","1945-01-01","1945-12-31","2","보조수원","29","2","2","13","7","100","필댐(죤형)","3915","125","4","29","29","0","사통형","18","18","16"
"4683010034","향월","전라남도 영암군 덕진면 장선리","1944-01-01","1945-12-31","2","보조수원","22","1","1","6","7","100","필댐(죤형)","4750","125","4","17","17","0","사통형","20","19","17"
"4683010037","연보","전라남도 영암군 금정면 연보리","1985-09-11","1989-07-31","1","주수원","298","10","10","70","10","200","필댐(죤형)","181597","151","18","654","647","7","사통형","105","105","90"
"4683010039","토동1","전라남도 영암군 금정면 아천리","1944-01-01","1945-12-31","2","보조수원","114","2","2","14","7","100","필댐(죤형)","13328","112","6","43","43","0","사통형","60","59","56"
"4683010040","곡치","전라남도 영암군 금정면 아천리","1945-01-01","1945-12-31","2","보조수원","8","1","1","3","7","100","필댐(죤형)","3680","92","5","16","16","0","사통형","67","66","63"
"4683010041","식산","전라남도 영암군 금정면 아천리","1944-01-01","1945-12-31","2","보조수원","9","1","0","5","7","100","필댐(죤형)","5846","105","4","13","13","0","사통형","62","61","58"
"4683010050","지초","전라남도 영암군 금정면 남송리","1944-01-01","1945-12-31","2","보조수원","21","0","0","5","7","100","필댐(죤형)","6720","140","6","21","21","0","사통형","88","87","83"
"4683010051","입석","전라남도 영암군 금정면 남송리","2010-11-02","2012-12-30","1","주수원","570","23","22","204","10","240","필댐(죤형)","188708","202","21","1925","1914","11","취수탑형","102","101","89"
"4683010059","평유","전라남도 영암군 신북면 금수리","1944-01-01","1944-12-29","2","보조수원","45","3","2","15","7","100","필댐(죤형)","2011","98","3","24","16","8","사통형","24","24","23"
"4683010060","갈곡","전라남도 영암군 신북면 갈곡리","1942-01-01","1943-12-30","2","보조수원","50","4","4","20","10","100","필댐(죤형)","8575","141","5","63","63","0","사통형","20","19","16"
"4683010061","우정","전라남도 영암군 신북면 갈곡리","1942-01-01","1943-12-30","2","보조수원","13","1","1","8","7","100","필댐(죤형)","1687","108","3","17","17","0","사통형","17","17","15"
"4683010062","학동","전라남도 영암군 신북면 학동리","1923-01-01","1924-12-30","2","보조수원","52","31","29","14","7","100","필댐(죤형)","2644","110","3","26","26","0","사통형","14","14","13"
"4683010063","연동","전라남도 영암군 신북면 학동리","1942-01-01","1943-12-30","2","보조수원","12","1","1","4","10","100","필댐(죤형)","8080","78","4","12","12","0","사통형","19","18","16"
"4683010064","태간","전라남도 영암군 신북면 학동리","1942-01-01","1943-12-30","2","보조수원","13","1","1","5","7","100","필댐(죤형)","2520","126","2","7","7","0","사통형","26","25","24"
"4683010065","금동","전라남도 영암군 신북면 양계리","1923-01-01","1924-12-30","2","보조수원","13","3","2","5","10","100","필댐(죤형)","16512","120","4","30","30","0","취수탑형","13","12","10"
"4683010066","행군","전라남도 영암군 신북면 장산리","1943-01-01","1943-12-31","2","보조수원","25","3","1","10","7","100","필댐(죤형)","21346","118","4","20","19","0","사통형","35","35","32"
"4683010069","천동","전라남도 영암군 신북면 이천리","1923-01-01","1924-12-30","2","보조수원","3","1","1","6","7","100","필댐(죤형)","9290","158","3","3","3","0","사통형","23","23","22"
"4683010070","어랑","전라남도 영암군 신북면 이천리","1942-01-01","1943-12-30","2","보조수원","6","0","0","2","7","100","필댐(죤형)","9912","105","3","3","2","0","사통형","34","34","33"
"4683010071","이천","전라남도 영암군 신북면 이천리","1923-01-01","1924-12-30","2","보조수원","6","0","0","2","7","100","필댐(죤형)","17190","100","4","3","3","0","사통형","30","30","27"
"4683010072","미남","전라남도 영암군 신북면 이천리","1956-01-01","1957-12-30","2","보조수원","28","2","2","13","7","100","필댐(죤형)","5010","151","3","25","23","2","사통형","31","30","29"
"4683010073","냉천","전라남도 영암군 신북면 이천리","1953-01-01","1957-12-30","1","보조수원","680","17","15","56","7","100","필댐(죤형)","82316","180","14","591","589","1","사통형","43","43","34"
"4683010074","옥봉","전라남도 영암군 신북면 행정리","1942-01-01","1943-12-30","2","보조수원","6","1","1","2","7","100","필댐(죤형)","14681","87","4","10","10","0","사통형","26","26","24"
"4683010075","광암","전라남도 영암군 신북면 행정리","1944-01-01","1944-12-30","2","보조수원","13","3","2","6","7","100","필댐(죤형)","18090","100","4","31","31","0","사통형","22","22","19"
"4683010076","유호","전라남도 영암군 신북면 행정리","1942-01-01","1943-12-30","2","보조수원","9","6","4","6","7","100","필댐(죤형)","14723","107","5","63","61","2","사통형","21","20","18"
"4683010077","작수","전라남도 영암군 신북면 행정리","1942-01-01","1943-12-30","2","보조수원","13","1","1","5","7","100","필댐(죤형)","2548","70","2","6","5","1","사통형","16","15","14"
"4683010079","덕림","전라남도 영암군 신북면 월지리","1956-01-01","1957-12-31","2","보조수원","32","3","3","13","7","100","필댐(죤형)","8060","171","5","48","48","0","사통형","24","23","20"
"4683010080","백옥","전라남도 영암군 신북면 월지리","1966-01-01","1967-12-30","2","보조수원","3","1","1","10","7","100","필댐(죤형)","4960","124","3","11","11","0","사통형","18","18","17"
"4683010082","월롱","전라남도 영암군 시종면 월롱리","1957-01-01","1959-12-30","2","보조수원","45","5","5","15","7","100","필댐(죤형)","4320","180","4","74","74","0","사통형","6","6","4"
"4683010083","서대머리","전라남도 영암군 시종면 와우리","1944-01-01","1945-12-31","2","보조수원","27","2","2","17","7","100","필댐(죤형)","5231","123","4","38","34","3","사통형","10","10","8"
"4683010085","구산","전라남도 영암군 시종면 구산리","1944-01-01","1945-12-31","2","보조수원","45","7","7","40","7","100","필댐(죤형)","15000","200","5","152","152","0","사통형","8","8","5"
"4683010086","봉소","전라남도 영암군 시종면 봉소리","1944-01-01","1945-12-31","2","보조수원","39","3","3","30","7","100","필댐(죤형)","6063","165","3","27","27","0","사통형","4","4","3"
"4683010087","망월","전라남도 영암군 도포면 봉호리","1944-01-01","1945-12-31","2","보조수원","18","1","1","6","7","100","필댐(죤형)","4032","96","4","17","17","0","사통형","13","13","11"
"4683010090","동방","전라남도 영암군 시종면 봉소리","1944-01-01","1945-12-31","2","보조수원","151","10","10","45","7","100","필댐(죤형)","6388","224","5","214","214","0","사통형","6","5","2"
"4683010091","매화촌","전라남도 영암군 시종면 내동리","1943-01-01","1945-12-31","2","보조수원","39","1","1","20","7","100","필댐(죤형)","2460","125","3","3","3","0","사통형","7","7","6"
"4683010092","만수","전라남도 영암군 시종면 만수리","1943-01-01","1945-12-31","2","보조수원","54","6","6","36","7","100","필댐(죤형)","16767","230","5","109","109","0","사통형","13","13","10"
"4683010093","금천","전라남도 영암군 시종면 만수리","1950-01-01","1952-12-30","2","보조수원","85","3","3","19","7","100","필댐(죤형)","11135","196","5","67","67","0","사통형","20","19","16"
"4683010094","태간","전라남도 영암군 시종면 태간리","1950-01-01","1952-12-31","2","주수원","187","12","12","134","7","100","필댐(죤형)","14687","235","6","261","261","0","사통형","22","21","18"
"4683010096","가랑","전라남도 영암군 시종면 월롱리","1944-01-01","1945-01-01","2","보조수원","36","3","3","21","7","100","필댐(죤형)","3771","108","4","44","44","0","사통형","6","6","4"
"4683010097","갈마","전라남도 영암군 시종면 신흥리","1939-01-02","1940-12-30","2","보조수원","25","2","2","30","7","100","필댐(죤형)","1384","148","3","23","23","0","사통형","5","4","3"
"4683010098","이월","전라남도 영암군 시종면 월악리","1942-01-01","1943-12-30","2","보조수원","60","7","4","32","7","100","필댐(죤형)","9400","235","4","70","64","6","사통형","9","9","6"
"4683010099","송매","전라남도 영암군 시종면 신흥리","1939-01-02","1940-12-30","2","보조수원","40","2","1","2","7","100","필댐(죤형)","3160","125","3","7","7","0","사통형","5","5","4"
"4683010100","월악2(월악)","전라남도 영암군 시종면 월악리","1953-01-01","1954-12-30","2","보조수원","46","5","4","60","7","100","필댐(죤형)","9145","291","4","59","52","7","사통형","7","6","5"
"4683010101","금지","전라남도 영암군 시종면 금지리","1944-01-01","1945-12-31","1","보조수원","530","31","28","180","7","100","필댐(죤형)","11706","242","5","487","483","4","사통형","11","11","8"
"4683010102","신원1","전라남도 영암군 시종면 신흥리","1939-01-02","1940-12-30","2","보조수원","21","1","1","20","7","100","필댐(죤형)","2569","148","4","20","20","1","사통형","4","4","1"
"4683010104","송내","전라남도 영암군 시종면 금지리","1942-01-01","1943-12-30","2","보조수원","9","0","0","3","7","100","필댐(죤형)","478","60","2","0","0","0","사통형","7","7","7"
"4683010105","화수","전라남도 영암군 시종면 신흥리","1946-01-01","1947-12-30","2","보조수원","45","5","4","6","7","100","필댐(죤형)","4055","145","3","44","44","0","사통형","5","4","2"
"4683010106","백운","전라남도 영암군 시종면 신흥리","1953-01-01","1954-12-30","2","보조수원","40","4","4","7","7","100","필댐(죤형)","1226","109","4","55","55","0","사통형","9","8","7"
"4683010107","방축","전라남도 영암군 시종면 신연리","1953-01-01","1954-12-30","2","보조수원","37","6","5","31","7","100","필댐(죤형)","6209","196","4","87","87","0","사통형","11","11","9"
"4683010108","신산","전라남도 영암군 시종면 옥야리","1944-01-01","1945-12-31","2","보조수원","15","1","1","7","7","100","필댐(죤형)","2550","100","3","8","8","0","사통형","6","6","5"
"4683010109","연소제","전라남도 영암군 시종면 신연리","1942-01-01","1943-12-30","2","보조수원","35","3","3","4","7","100","필댐(죤형)","6737","175","3","40","40","0","사통형","5","5","3"
"4683010111","효동","전라남도 영암군 시종면 옥야리","1944-01-01","1945-12-31","2","보조수원","12","1","1","14","7","100","필댐(죤형)","2415","115","2","9","9","0","사통형","6","6","5"
"4683010112","항동","전라남도 영암군 도포면 원항리","1944-01-01","1945-12-31","2","보조수원","24","4","3","20","7","100","필댐(죤형)","9292","160","4","45","45","0","사통형","6","6","4"
"4683010114","봉호","전라남도 영암군 도포면 봉호리","1941-01-01","1942-12-30","2","주수원","130","9","9","56","7","100","필댐(죤형)","20492","195","4","169","169","0","사통형","6","6","4"
"4683010115","상리","전라남도 영암군 도포면 구학리","1944-01-01","1945-12-31","2","보조수원","262","15","12","35","7","100","필댐(죤형)","13842","280","3","106","106","0","사통형","4","4","3"
"4683010116","소정","전라남도 영암군 도포면 구학리","1944-01-01","1945-12-31","2","보조수원","93","5","5","32","7","100","필댐(죤형)","6806","170","4","76","76","0","사통형","13","12","10"
"4683010117","부평","전라남도 영암군 도포면 영호리","1931-01-01","1932-12-30","2","보조수원","42","4","4","12","7","100","필댐(죤형)","4948","130","4","47","46","1","사통형","13","12","10"
"4683010119","성산","전라남도 영암군 도포면 성산리","1953-01-01","1954-12-30","1","주수원","909","31","31","265","10","200","필댐(죤형)","29744","286","7","797","797","0","사통형","12","11","7"
"4683010120","조감","전라남도 영암군 도포면 수산리","1944-01-01","1945-12-31","2","보조수원","203","15","14","35","7","100","필댐(죤형)","12891","340","3","153","153","0","사통형","22","21","19"
"4683010121","연동","전라남도 영암군 도포면 수산리","1945-01-01","1945-12-31","2","보조수원","7","1","1","5","7","100","필댐(죤형)","7400","50","5","12","11","1","사통형","16","16","13"
"4683010122","유수","전라남도 영암군 도포면 수산리","1944-01-01","1945-12-31","2","보조수원","20","1","1","12","7","100","필댐(죤형)","13320","90","8","14","14","0","사통형","18","18","16"
"4683010123","당산","전라남도 영암군 도포면 수산리","1944-01-01","1945-12-31","2","보조수원","10","1","0","4","7","100","필댐(죤형)","8400","120","3","4","4","0","사통형","14","14","13"
"4683010124","통정","전라남도 영암군 도포면 수산리","1944-01-01","1945-12-31","2","보조수원","8","1","1","7","7","100","필댐(죤형)","4982","93","3","2","2","0","사통형","28","27","26"
"4683010125","신덕정","전라남도 영암군 군서면 해창리","1944-01-01","1945-12-31","2","보조수원","15","1","1","13","10","100","필댐(죤형)","7182","42","4","7","7","0","사통형","10","9","8"
"4683010126","신마산","전라남도 영암군 군서면 마산리","1944-01-01","1945-12-31","2","보조수원","11","1","1","11","10","100","필댐(죤형)","7022","80","5","13","13","0","사통형","22","21","18"
"4683010127","낙안","전라남도 영암군 군서면 해창리","1944-01-01","1945-12-31","2","보조수원","55","2","2","10","10","100","필댐(죤형)","19173","166","4","22","22","0","사통형","10","9","7"
"4683010130","성양","전라남도 영암군 군서면 성양리","1950-01-01","1953-12-30","1","주수원","1000","19","18","407","7","100","필댐(죤형)","4117570","1302","12","1145","1137","8","사통형","27","26","17"
"4683010131","동호","전라남도 영암군 군서면 동호리","1944-01-01","1945-12-31","2","보조수원","10","0","0","4","10","100","필댐(죤형)","1192","53","3","4","4","0","사통형","14","13","11"
"4683010132","양장1","전라남도 영암군 군서면 양장리","1944-01-01","1945-12-31","2","보조수원","4","1","1","6","7","100","필댐(죤형)","1968","105","4","10","10","0","사통형","11","10","8"
"4683010133","양장2","전라남도 영암군 군서면 양장리","1945-01-01","1945-12-31","2","보조수원","6","0","0","7","7","100","필댐(죤형)","1887","74","4","7","7","0","사통형","19","18","16"
"4683010135","모정","전라남도 영암군 군서면 모정리","1938-01-01","1941-12-30","2","보조수원","103","11","11","60","10","100","필댐(죤형)","31651","582","5","237","237","0","사통형","13","12","9"
"4683010136","모정2","전라남도 영암군 군서면 모정리","1944-01-01","1945-12-31","2","보조수원","4","1","0","3","7","100","필댐(죤형)","2677","85","4","5","5","0","사통형","6","6","4"
"4683010137","수지","전라남도 영암군 군서면 동구림리","1945-01-01","1946-12-30","2","보조수원","17","1","1","7","10","100","필댐(죤형)","9450","100","6","28","28","0","사통형","29","28","23"
"4683010139","도갑","전라남도 영암군 군서면 도갑리","1971-12-01","1973-12-30","1","주수원","774","13","13","146","10","200","필댐(죤형)","221399","150","23","1572","1429","143","사통형","67","67","48"
"4683010140","월산1","전라남도 영암군 군서면 월곡리","1964-01-01","1965-12-30","2","보조수원","18","1","0","8","7","100","필댐(죤형)","7052","70","7","21","21","0","사통형","53","52","46"
"4683010141","호동","전라남도 영암군 군서면 월곡리","1968-01-01","1969-12-31","2","보조수원","56","1","1","13","7","100","필댐(죤형)","14300","52","6","19","19","0","사통형","35","34","29"
"4683010142","장사","전라남도 영암군 군서면 도장리","1945-01-01","1945-12-31","2","보조수원","14","1","1","7","7","100","필댐(죤형)","3570","85","3","14","14","0","사통형","10","9","7"
"4683010143","도장","전라남도 영암군 군서면 도장리","1962-01-01","1962-12-28","2","보조수원","15","2","1","7","10","100","필댐(죤형)","3780","100","4","26","24","2","사통형","9","8","7"
"4683010144","화송","전라남도 영암군 서호면 화송리","1944-01-01","1945-12-31","2","보조수원","23","1","1","10","7","100","필댐(죤형)","5734","120","5","25","25","0","사통형","18","17","14"
"4683010145","청용","전라남도 영암군 서호면 청용리","1944-01-01","1945-12-31","2","보조수원","220","7","7","50","7","100","필댐(죤형)","6048","70","6","232","232","0","사통형","38","37","33"
"4683010147","학파1","전라남도 영암군 서호면 엄길리","1950-01-01","1952-01-01","1","주수원","947","78","76","426","7","100","필댐(죤형)","85125","1362","7","2454","2454","0","사통형","6","6","1"
"4683010148","괴음","전라남도 영암군 서호면 장천리","2007-12-26","2012-12-31","2","보조수원","78","2","2","18","7","100","필댐(죤형)","25800","120","10","49","49","0","사통형","29","29","22"
"4683010149","장동","전라남도 영암군 서호면 장천리","1964-01-01","1965-12-30","2","보조수원","160","2","2","40","7","100","필댐(죤형)","15576","110","7","47","47","0","사통형","90","90","86"
"4683010150","영풍","전라남도 영암군 서호면 쌍풍리","1944-01-01","1945-12-31","2","보조수원","99","2","2","30","7","100","필댐(죤형)","8844","110","10","87","87","0","사통형","64","63","55"
"4683010151","허교1","전라남도 영암군 서호면 엄길리","1944-01-01","1945-12-31","2","보조수원","22","1","1","5","7","100","필댐(죤형)","4938","65","6","17","17","0","사통형","14","13","10"
"4683010152","허교2","전라남도 영암군 서호면 쌍풍리","1944-01-01","1945-12-31","2","보조수원","11","1","1","13","7","100","필댐(죤형)","8340","100","6","15","15","0","사통형","21","21","17"
"4683010153","신풍","전라남도 영암군 서호면 쌍풍리","1967-01-01","1967-12-29","2","보조수원","21","0","0","5","7","100","필댐(죤형)","4284","40","7","11","11","0","사통형","29","28","23"
"4683010155","학파2","전라남도 영암군 서호면 소산리","1936-01-01","1938-12-30","1","주수원","430","18","12","115","10","100","필댐(죤형)","35528","426","5","525","525","0","사통형","4","4","0"
"4683010158","금강","전라남도 영암군 서호면 태백리","1944-01-01","1945-12-31","2","보조수원","151","3","3","36","7","100","필댐(죤형)","14160","110","6","118","116","2","사통형","14","14","10"
"4683010159","태백","전라남도 영암군 서호면 태백리","1944-01-01","1945-12-31","2","보조수원","78","2","2","40","7","100","필댐(죤형)","37315","135","10","80","80","0","사통형","21","20","13"
"4683010160","쌍암","전라남도 영암군 학산면 상월리","1944-01-01","1945-12-31","2","보조수원","46","2","2","16","7","100","필댐(죤형)","6750","150","5","44","44","0","사통형","84","84","80"
"4683010161","율치","전라남도 영암군 학산면 상월리","2010-11-16","2012-12-31","1","주수원","1006","46","45","281","10","240","필댐(죤형)","123555","183","21","3600","3551","49","취수탑형","63","62","49"
"4683010164","안골","전라남도 영암군 학산면 용산리","1944-01-01","1945-12-31","2","보조수원","16","1","1","4","7","100","필댐(죤형)","2393","40","7","23","23","0","사통형","37","37","32"
"4683010170","개천(계천)","전라남도 영암군 학산면 금계리","1947-01-01","1948-12-30","2","보조수원","8","1","1","6","7","100","필댐(죤형)","8365","100","7","14","14","0","사통형","25","25","22"
"4683010171","신풍","전라남도 영암군 학산면 금계리","1947-01-01","1948-12-30","2","보조수원","32","2","2","12","7","100","필댐(죤형)","4868","95","5","46","46","0","사통형","25","25","22"
"4683010173","광산","전라남도 영암군 학산면 독천리","1945-01-01","1945-12-31","2","보조수원","20","1","1","10","7","100","필댐(죤형)","7622","148","6","12","12","0","사통형","12","12","8"
"4683010174","신덕상","전라남도 영암군 학산면 신덕리","1968-01-01","1969-12-31","2","보조수원","98","2","2","20","7","100","필댐(죤형)","28644","186","10","59","59","0","사통형","32","32","24"
"4683010175","신덕","전라남도 영암군 학산면 신덕리","1968-01-01","1969-12-30","2","보조수원","106","4","4","40","7","100","필댐(죤형)","28242","110","12","204","204","0","사통형","31","31","21"
"4683010182","장수","전라남도 영암군 미암면 두억리","2008-11-20","2011-12-30","2","보조수원","56","3","2","21","7","100","필댐(죤형)","11568","228","6","58","58","0","사통형","47","47","43"
"4683010183","지소","전라남도 영암군 학산면 학계리","1944-01-01","1945-12-31","2","보조수원","112","2","1","21","7","100","필댐(죤형)","8896","98","9","55","55","0","사통형","53","52","46"
"4683010184","미암","전라남도 영암군 미암면 미암리","1943-01-01","1945-12-31","2","보조수원","80","5","5","25","7","100","필댐(죤형)","12394","88","8","151","151","0","사통형","53","53","47"
"4683010185","산정","전라남도 영암군 미암면 미암리","1944-01-01","1945-12-31","2","보조수원","33","2","2","18","7","100","필댐(죤형)","14003","239","6","42","42","0","사통형","29","29","25"
"4683010186","노송","전라남도 영암군 미암면 선황리","1945-01-01","1945-12-31","2","보조수원","10","1","1","9","7","100","필댐(죤형)","10276","124","6","14","14","0","사통형","23","23","19"
"4683010187","미촌","전라남도 영암군 미암면 미암리","1964-01-01","1965-12-31","2","보조수원","25","1","1","14","7","100","필댐(죤형)","16403","77","8","39","39","0","사통형","73","73","67"
"4683010188","대초","전라남도 영암군 미암면 선황리","1944-01-01","1945-12-31","2","보조수원","35","15","15","18","7","100","필댐(죤형)","4820","142","4","16","16","0","사통형","15","15","13"
"4683010189","채지","전라남도 영암군 미암면 채지리","1944-01-01","1945-12-31","2","보조수원","44","2","2","14","7","100","필댐(죤형)","12180","105","6","55","55","0","사통형","28","27","22"
"4683010190","당리","전라남도 영암군 미암면 선황리","1966-01-01","1968-12-30","2","보조수원","16","2","2","13","7","100","필댐(죤형)","26845","70","6","21","21","0","사통형","34","34","30"
"4683010191","남산1","전라남도 영암군 미암면 남산리","1945-01-01","1945-12-31","2","보조수원","82","1","1","10","7","100","필댐(죤형)","13800","110","9","51","51","0","사통형","34","33","26"
"4683010193","부암","전라남도 영암군 미암면 남산리","1968-01-01","1970-12-31","2","보조수원","82","2","2","10","7","100","필댐(죤형)","3276","110","5","36","36","0","사통형","13","12","9"
"4683010196","춘동","전라남도 영암군 미암면 춘동리","1943-01-01","1945-12-31","1","보조수원","276","23","22","105","7","100","필댐(죤형)","41821","433","5","579","579","0","사통형","7","6","3"
"4683010197","율리","전라남도 영암군 미암면 선황리","1944-01-01","1945-12-31","2","보조수원","22","1","1","7","7","100","필댐(죤형)","2997","72","5","8","8","0","사통형","65","65","62"
"4683010199","신한","전라남도 영암군 삼호읍 서창리","1944-01-01","1945-12-31","2","보조수원","22","1","1","8","7","100","필댐(죤형)","6108","112","7","29","29","0","사통형","29","28","23"
"4683010200","신포","전라남도 영암군 미암면 신포리","1944-01-01","1945-12-31","2","보조수원","40","2","2","15","7","100","필댐(죤형)","11529","122","5","37","37","0","사통형","16","15","12"
"4683010201","큰골","전라남도 영암군 삼호읍 서창리","1944-01-01","1945-12-31","2","보조수원","22","1","1","11","7","100","필댐(죤형)","3825","110","5","23","23","0","사통형","18","18","14"
"4683010202","서창","전라남도 영암군 삼호읍 망산리","1944-01-01","1945-12-31","1","보조수원","203","33","33","87","10","100","필댐(죤형)","47332","250","4","785","785","0","사통형","4","4","2"
"4683010205","방아틀","전라남도 영암군 삼호읍 서창리","1967-01-02","1968-12-30","2","보조수원","10","1","0","7","7","100","필댐(죤형)","4488","100","5","12","12","0","사통형","14","14","11"
"4683010207","목우천","전라남도 영암군 삼호읍 서호리","1967-01-02","1968-12-30","2","보조수원","18","1","1","6","7","100","필댐(죤형)","4320","80","4","7","7","0","사통형","8","8","6"
"4683010216","감치","전라남도 영암군 삼호읍 동호리","1968-01-01","1968-12-31","2","보조수원","8","1","1","7","7","100","필댐(죤형)","3304","95","5","13","13","0","사통형","4","4","1"
"4683010217","송죽정","전라남도 영암군 삼호읍 서호리","1968-01-01","1968-12-30","2","보조수원","12","1","1","5","7","100","필댐(죤형)","3113","94","4","14","14","0","사통형","6","6","3"
"4683010218","동역","전라남도 영암군 삼호읍 동호리","1967-01-02","1968-12-30","2","보조수원","7","1","1","4","7","100","필댐(죤형)","4687","75","6","12","12","0","사통형","7","7","3"
"4683010224","신호정","전라남도 영암군 삼호읍 산호리","1967-01-01","1968-12-31","2","보조수원","17","2","2","15","7","100","필댐(죤형)","9100","140","4","31","31","0","사통형","9","9","7"
"4683010225","윗방죽","전라남도 영암군 삼호읍 용앙리","1967-01-01","1968-12-30","2","보조수원","46","3","3","35","7","100","필댐(죤형)","11520","320","4","59","59","0","사통형","9","9","6"
"4683010226","아래(아래방죽)","전라남도 영암군 삼호읍 용앙리","1967-01-02","1968-12-30","2","보조수원","26","3","3","8","7","100","필댐(죤형)","4340","124","4","70","70","0","사통형","8","8","5"
"4683010232","검길","전라남도 영암군 삼호읍 난전리","1968-01-01","1968-12-30","2","보조수원","9","1","1","9","7","100","필댐(죤형)","1522","87","4","11","11","0","사통형","8","8","6"
"4683010233","가내항","전라남도 영암군 삼호읍 삼포리","1945-01-01","1945-12-28","2","보조수원","14","1","1","8","7","200","필댐(죤형)","2576","80","5","15","15","0","사통형","6","6","3"
"4683010235","영호정","전라남도 영암군 삼호읍 삼포리","1943-01-01","1945-12-31","2","보조수원","69","2","2","23","7","100","필댐(죤형)","17820","330","4","37","37","0","기타","7","7","4"
"4683010238","신촌","전라남도 영암군 삼호읍 용당리","1967-01-01","1968-12-30","2","보조수원","29","6","6","6","7","100","필댐(죤형)","6210","230","3","71","71","0","기타","4","3","1"
"4683010242","연소","전라남도 영암군 금정면 연소리","1996-05-13","2001-02-20","1","주수원","395","12","11","81","10","200","필댐(죤형)","214590","197","29","1088","920","168","사통형","218","216","195"
"4684010002","복용","전라남도 무안군 무안읍 성동리","1943-04-30","1945-04-29","2","주수원","125","6","5","14","10","100","필댐(죤형)","24682","123","11","162","154","8","사통형","33","32","26"
"4684010003","성동","전라남도 무안군 무안읍 성동리","1972-04-10","1975-04-09","2","주수원","107","8","7","63","10","100","필댐(죤형)","52616","133","14","271","270","1","사통형","57","56","47"
"4684010004","대곡","전라남도 무안군 무안읍 성남리","1943-03-15","1945-03-14","2","주수원","180","5","4","46","10","100","필댐(죤형)","30189","96","13","124","118","7","사통형","42","41","35"
"4684010006","용월","전라남도 무안군 무안읍 용월리","1957-04-02","1959-12-25","2","주수원","85","6","5","27","10","100","필댐(죤형)","17850","140","9","115","105","10","사통형","24","24","20"
"4684010007","용암","전라남도 무안군 무안읍 용월리","1957-05-06","1960-05-05","2","보조수원","28","4","3","5","10","100","필댐(죤형)","8745","270","4","41","22","19","사통형","10","10","9"
"4684010012","도산","전라남도 무안군 무안읍 매곡리","1950-04-10","1954-04-09","2","주수원","110","6","5","44","10","100","필댐(죤형)","44700","223","6","107","98","9","사통형","44","43","40"
"4684010014","성암","전라남도 무안군 무안읍 성암리","1967-10-02","1968-10-01","2","보조수원","470","6","5","70","10","100","필댐(죤형)","20992","168","11","204","193","11","사통형","25","25","19"
"4684010015","청호","전라남도 무안군 일로읍 청호리","1952-11-05","1954-01-01","2","보조수원","45","1","1","16","10","100","필댐(죤형)","7721","93","6","41","38","4","사통형","19","19","15"
"4684010017","망월","전라남도 무안군 일로읍 망월리","1943-03-15","1945-03-14","2","보조수원","62","4","3","7","10","100","필댐(죤형)","19824","129","5","8","7","1","사통형","5","4","3"
"4684010020","망월동","전라남도 무안군 일로읍 망월리","1968-03-25","1969-03-24","2","보조수원","6","1","1","4","10","100","필댐(죤형)","3438","49","5","40","36","5","사통형","10","9","6"
"4684010021","죽산1","전라남도 무안군 일로읍 죽산리","1943-04-14","1944-12-31","2","보조수원","73","3","3","16","10","100","필댐(죤형)","17636","231","6","99","99","0","사통형","31","31","27"
"4684010023","죽산2","전라남도 무안군 일로읍 죽산리","1967-02-15","1969-01-01","2","보조수원","45","5","4","6","10","100","필댐(죤형)","4191","79","5","27","25","2","사통형","30","29","26"
"4684010024","삼천","전라남도 무안군 일로읍 구정리","1943-04-30","1945-04-29","2","보조수원","66","4","3","19","10","100","필댐(죤형)","8816","95","7","71","68","3","사통형","25","25","21"
"4684010025","용산","전라남도 무안군 일로읍 용산리","1944-05-15","1946-05-14","2","보조수원","27","1","1","9","10","100","필댐(죤형)","5634","133","4","8","8","0","사통형","26","26","24"
"4684010031","지장","전라남도 무안군 일로읍 지장리","1945-03-14","1948-01-01","2","보조수원","197","12","10","45","10","100","필댐(죤형)","17371","172","7","223","216","7","사통형","27","26","22"
"4684010033","감돈","전라남도 무안군 몽탄면 봉명리","1942-03-02","1943-03-30","1","주수원","1005","48","40","133","10","100","필댐(죤형)","170140","376","14","1728","1692","36","취수탑형","33","32","24"
"4684010035","과동","전라남도 무안군 삼향읍 임성리","1943-02-15","1945-02-14","2","주수원","81","5","4","22","10","100","필댐(죤형)","21823","135","8","100","90","10","사통형","29","28","24"
"4684010039","안동","전라남도 무안군 삼향읍 남악리","1966-07-25","1968-07-24","2","보조수원","39","1","1","8","10","100","필댐(죤형)","2412","72","4","4","4","1","사통형","25","24","23"
"4684010041","맥포","전라남도 무안군 삼향읍 맥포리","1945-03-19","1948-03-18","1","보조수원","287","22","18","115","10","100","필댐(죤형)","43401","254","8","515","515","0","사통형","12","12","5"
"4684010046","남양","전라남도 무안군 삼향읍 왕산리","1943-02-08","1945-02-07","2","주수원","340","17","14","47","10","100","필댐(죤형)","13774","230","5","297","252","45","사통형","10","10","7"
"4684010047","복구","전라남도 무안군 삼향읍 왕산리","1943-03-08","1945-03-07","2","주수원","45","1","1","4","10","100","필댐(죤형)","1620","91","7","8","7","1","사통형","10","10","9"
"4684010056","양동","전라남도 무안군 몽탄면 내리","1966-04-18","1969-04-17","2","보조수원","42","3","3","14","10","100","필댐(죤형)","7362","95","5","8","7","1","사통형","34","34","33"
"4684010065","사천","전라남도 무안군 몽탄면 사천리","1968-04-22","1970-04-21","1","주수원","256","11","9","75","10","100","필댐(죤형)","71351","176","13","665","649","16","사통형","41","40","28"
"4684010067","남천","전라남도 무안군 몽탄면 내리","1967-03-27","1968-03-26","2","보조수원","35","3","3","15","10","100","필댐(죤형)","16913","115","9","12","10","2","사통형","44","44","41"
"4684010071","학산","전라남도 무안군 몽탄면 학산리","1967-11-09","1969-01-01","2","보조수원","27","2","1","7","10","100","필댐(죤형)","16884","134","8","27","25","2","사통형","38","37","33"
"4684010072","구리","전라남도 무안군 몽탄면 학산리","1968-02-26","1969-02-25","2","보조수원","13","4","3","16","10","100","필댐(죤형)","13440","280","4","24","24","0","사통형","6","6","4"
"4684010073","다산","전라남도 무안군 몽탄면 다산리","1968-02-19","1969-02-18","2","보조수원","53","4","3","21","10","100","필댐(죤형)","18383","146","9","42","32","10","사통형","99","99","93"
"4684010074","사창","전라남도 무안군 몽탄면 사창리","1968-07-15","1969-07-14","2","보조수원","88","3","3","52","10","100","필댐(죤형)","3242","173","2","22","22","0","사통형","21","21","19"
"4684010075","봉산","전라남도 무안군 무안읍 성암리","1966-03-10","1967-03-14","2","보조수원","114","5","4","50","10","100","필댐(죤형)","13500","100","10","193","192","1","사통형","37","36","29"
"4684010080","청계","전라남도 무안군 청계면 청계리","1943-03-16","1945-12-31","1","주수원","90","2","2","9","10","100","필댐(죤형)","22400","184","18","302","300","2","사통형","70","69","57"
"4684010082","남성","전라남도 무안군 청계면 남성리","1943-02-15","1945-02-14","2","주수원","42","1","1","4","10","100","필댐(죤형)","6323","65","6","21","18","3","사통형","45","44","41"
"4684010083","평림","전라남도 무안군 청계면 상마리","1943-01-01","1944-12-31","2","주수원","25","2","2","5","10","100","필댐(죤형)","5891","105","5","15","15","0","사통형","56","56","52"
"4684010093","도대","전라남도 무안군 청계면 도대리","1943-04-05","1945-04-04","2","주수원","28","2","2","19","10","100","필댐(죤형)","7288","137","5","15","12","3","사통형","13","12","10"
"4684010095","서호","전라남도 무안군 청계면 서호리","1943-06-08","1945-06-07","2","주수원","55","2","2","15","10","100","필댐(죤형)","7908","123","5","30","27","3","사통형","100","99","97"
"4684010096","송현","전라남도 무안군 청계면 송현리","1945-06-11","1946-06-10","2","주수원","28","2","2","14","10","100","필댐(죤형)","6186","84","6","45","42","3","사통형","69","68","64"
"4684010097","청수","전라남도 무안군 청계면 청수리","1957-04-11","1960-01-01","2","주수원","130","5","4","39","10","100","필댐(죤형)","23784","118","11","220","218","3","사통형","69","68","61"
"4684010098","태봉","전라남도 무안군 청계면 태봉리","1943-01-01","1944-12-31","2","주수원","50","1","1","5","10","100","필댐(죤형)","21100","84","7","32","32","0","사통형","52","52","47"
"4684010099","이동","전라남도 무안군 청계면 태봉리","1968-03-01","1969-12-26","1","주수원","157","7","6","38","10","100","필댐(죤형)","23600","138","12","419","419","1","사통형","76","75","61"
"4684010101","사마","전라남도 무안군 청계면 사마리","1943-03-15","1945-03-14","2","주수원","23","1","1","3","10","100","필댐(죤형)","17338","78","7","16","16","0","사통형","99","99","94"
"4684010105","현경","전라남도 무안군 현경면 양학리","1951-04-18","1954-12-31","2","주수원","160","13","11","34","10","100","필댐(죤형)","16221","338","5","153","130","23","사통형","3","3","2"
"4684010126","망운","전라남도 무안군 망운면 목동리","1943-02-15","1945-02-14","2","주수원","150","11","9","40","10","100","필댐(죤형)","18996","213","7","131","102","29","사통형","8","7","5"
"4684010156","해제6호","전라남도 무안군 해제면 임수리","1945-04-11","1946-12-31","2","주수원","32","1","1","9","10","100","필댐(죤형)","30611","103","9","65","64","1","사통형","7","6","3"
"4684010157","해제1호","전라남도 무안군 해제면 광산리","1942-09-17","1944-12-31","2","주수원","51","4","3","35","10","100","필댐(죤형)","78040","135","5","90","90","0","사통형","34","34","25"
"4684010158","해제2호","전라남도 무안군 해제면 광산리","1943-03-01","1944-12-31","2","주수원","32","1","1","7","10","100","필댐(죤형)","14320","104","9","14","12","2","사통형","3","3","1"
"4684010159","해제3호","전라남도 무안군 해제면 광산리","1943-03-01","1944-12-31","2","주수원","28","1","1","6","10","100","필댐(죤형)","9520","85","4","12","12","0","사통형","4","3","1"
"4684010160","해제4호","전라남도 무안군 해제면 광산리","1943-03-01","1945-12-31","2","주수원","29","2","2","12","10","100","필댐(죤형)","17038","126","9","35","30","5","사통형","6","5","3"
"4684010161","해제1-1호","전라남도 무안군 해제면 광산리","1942-10-14","1944-12-31","2","보조수원","20","1","1","5","5","100","필댐(죤형)","8816","81","7","10","10","0","사통형","37","37","35"
"4684010164","해제5호","전라남도 무안군 해제면 산길리","1943-03-01","1945-01-01","2","주수원","35","1","1","4","10","100","필댐(죤형)","10986","114","7","7","7","0","사통형","8","7","6"
"4684010183","일로2","전라남도 무안군 몽탄면 당호리","1943-05-11","1944-12-31","1","보조수원","560","49","41","326","10","100","필댐(죤형)","51453","275","9","1636","1623","13","사통형","35","34","27"
"4684010186","평산","전라남도 무안군 현경면 평산리","2001-12-15","2011-12-09","1","주수원","25","10","10","0","","10","필댐(죤형)","573000","540","20","814","791","23","사통형","40","40","29"
"4686010028","월천","전라남도 함평군 손불면 월천리","1921-01-01","1926-01-01","1","주수원","1308","55","51","356","10","200","필댐(죤형)","124722","742","8","2209","2204","5","취수탑형","11","10","5"
"4686010039","목교","전라남도 함평군 손불면 궁산리","1923-01-01","1929-01-01","1","주수원","1125","37","28","89","10","200","필댐(죤형)","33337","476","7","333","333","0","사통형","3","3","0"
"4686010043","산남","전라남도 함평군 손불면 산남리","1960-01-01","1961-01-01","1","보조수원","260","16","16","99","10","200","필댐(죤형)","46220","440","6","450","447","3","사통형","16","15","10"
"4686010048","동정","전라남도 함평군 신광면 동정리","1966-03-01","1968-01-01","1","주수원","525","31","18","151","10","200","필댐(죤형)","99531","185","15","853","853","0","사통형","60","59","49"
"4686010068","송림","전라남도 함평군 학교면 죽정리","1953-01-01","1957-01-01","2","주수원","24","1","1","33","10","200","필댐(죤형)","15015","88","8","21","21","0","사통형","25","24","19"
"4686010070","반곡","전라남도 함평군 학교면 금송리","1944-01-01","1945-01-01","2","주수원","170","8","7","32","10","200","필댐(죤형)","34650","210","6","216","216","0","사통형","6","5","4"
"4686010074","원곡1","전라남도 함평군 학교면 곡창리","1953-01-01","1957-01-01","2","주수원","37","1","1","18","10","200","필댐(죤형)","1681","117","3","2","2","0","사통형","27","26","25"
"4686010075","원곡2","전라남도 함평군 학교면 곡창리","1967-01-01","1968-01-01","2","주수원","16","0","0","15","10","200","필댐(죤형)","6118","72","10","8","8","0","사통형","29","28","25"
"4686010081","청수","전라남도 함평군 학교면 마산리","1940-01-01","1942-01-01","2","주수원","108","3","3","39","10","200","필댐(죤형)","30789","156","9","152","152","0","사통형","14","13","8"
"4686010091","영천","전라남도 함평군 엄다면 영흥리","1944-01-01","1945-01-01","2","보조수원","24","3","3","0","10","100","필댐(죤형)","1250","100","2","4","4","0","사통형","6","6","5"
"4686010103","강운","전라남도 함평군 대동면 강운리","1971-01-01","1973-01-01","1","주수원","150","11","10","72","10","200","필댐(죤형)","172631","316","21","697","650","47","사통형","73","72","60"
"4686010106","용성","전라남도 함평군 대동면 용성리","1974-01-01","1975-01-01","2","주수원","171","11","8","44","10","200","필댐(죤형)","89037","125","18","131","131","0","사통형","8","7","4"
"4686010107","대동","전라남도 함평군 대동면 운교리","1941-03-01","1946-01-01","1","주수원","4918","125","121","963","10","200","필댐(죤형)","234000","333","16","7532","7502","30","취수탑형","36","36","24"
"4686010117","석지","전라남도 함평군 나산면 이문리","1944-01-01","1945-01-01","2","보조수원","50","1","1","10","10","200","필댐(죤형)","6755","81","6","22","22","0","사통형","44","43","40"
"4686010122","수양","전라남도 함평군 나산면 용두리","1967-08-01","1969-01-01","2","보조수원","140","3","2","15","10","200","필댐(죤형)","13350","117","7","130","96","34","사통형","39","38","33"
"4686010123","강천","전라남도 함평군 나산면 우치리","1943-09-04","1945-01-01","2","보조수원","80","9","5","45","10","200","필댐(죤형)","51300","204","11","197","197","0","사통형","64","63","54"
"4686010124","계동","전라남도 함평군 나산면 우치리","1943-02-01","1945-01-01","2","보조수원","50","2","2","20","10","200","필댐(죤형)","12610","105","7","28","28","0","사통형","58","58","53"
"4686010125","초포","전라남도 함평군 나산면 초포리","1944-01-01","1945-01-01","2","보조수원","80","22","2","2","10","200","필댐(죤형)","5488","160","4","9","9","1","사통형","26","25","24"
"4686010126","월봉","전라남도 함평군 나산면 월봉리","1944-01-01","1945-01-01","2","보조수원","50","3","3","25","10","200","필댐(죤형)","18489","214","6","59","59","0","사통형","38","37","33"
"4686010132","대창","전라남도 함평군 해보면 대창리","1944-03-01","1945-01-01","2","보조수원","40","4","3","30","10","200","필댐(죤형)","4221","285","2","35","35","0","사통형","30","29","28"
"4686010133","모산","전라남도 함평군 해보면 해보리","1943-03-01","1945-01-01","2","보조수원","70","5","3","30","10","200","필댐(죤형)","8443","253","3","41","41","0","사통형","32","31","30"
"4686010134","문암","전라남도 함평군 해보면 문장리","1943-01-01","1945-01-01","2","보조수원","50","3","3","25","10","200","필댐(죤형)","6303","280","3","45","44","1","사통형","36","35","32"
"4686010135","금덕","전라남도 함평군 해보면 금덕리","1942-03-01","1945-01-01","2","보조수원","110","8","5","40","10","100","필댐(죤형)","15843","187","5","90","90","0","사통형","46","45","42"
"4686010139","금계","전라남도 함평군 해보면 금계리","1956-03-01","1956-12-30","1","주수원","508","14","13","76","10","200","필댐(죤형)","45630","260","12","657","657","0","사통형","73","72","62"
"4686010145","내세","전라남도 함평군 월야면 용월리","1943-03-01","1945-01-01","2","보조수원","70","2","1","15","10","200","필댐(죤형)","7037","131","5","10","10","0","사통형","42","42","40"
"4686010146","방축","전라남도 함평군 월야면 용월리","1944-01-01","1945-01-01","2","보조수원","95","5","4","30","10","200","필댐(죤형)","11967","278","4","60","60","0","사통형","32","32","30"
"4686010147","덕령","전라남도 함평군 월야면 영월리","1943-01-01","1945-01-01","2","보조수원","60","2","1","15","10","200","필댐(죤형)","9814","121","5","29","22","8","사통형","40","39","37"
"4686010148","외치1","전라남도 함평군 월야면 외치리","1944-01-01","1945-01-01","2","보조수원","30","2","2","20","10","200","필댐(죤형)","8999","123","6","22","22","0","사통형","49","48","45"
"4686010149","외치2","전라남도 함평군 월야면 외치리","1944-01-01","1945-01-01","2","보조수원","50","1","1","6","10","200","필댐(죤형)","10063","175","5","18","18","0","사통형","54","53","50"
"4686010151","순촌","전라남도 함평군 월야면 월야리","1943-01-01","1945-01-01","2","보조수원","50","4","2","20","10","200","필댐(죤형)","9844","230","4","48","47","1","사통형","35","35","33"
"4686010152","연당","전라남도 함평군 월야면 월악리","1944-01-01","1945-01-01","2","보조수원","50","3","2","30","10","200","필댐(죤형)","6512","136","6","22","20","3","사통형","43","42","40"
"4686010153","예덕","전라남도 함평군 월야면 예덕리","1944-01-01","1945-01-01","2","보조수원","60","5","3","66","10","200","필댐(죤형)","8931","149","5","47","47","0","사통형","61","60","57"
"4686010155","용암","전라남도 함평군 월야면 용암리","1943-01-01","1945-01-01","2","보조수원","120","11","9","39","10","200","필댐(죤형)","24417","231","7","104","104","0","사통형","49","48","43"
"4686010156","용정","전라남도 함평군 월야면 용정리","1961-01-01","1962-01-01","2","보조수원","50","3","3","17","10","200","필댐(죤형)","12386","160","6","51","47","5","사통형","53","52","50"
"4686010158","용강","전라남도 함평군 월야면 월계리","1944-01-01","1945-01-01","2","보조수원","60","4","4","12","10","200","필댐(죤형)","14384","199","5","48","45","2","사통형","50","49","46"
"4686010159","송산","전라남도 함평군 해보면 산내리","1994-12-26","2001-12-31","1","보조수원","476","28","27","168","10","200","필댐(죤형)","823142","226","34","2252","2233","19","취수탑형","79","78","61"
"4687010010","칠성","전라남도 영광군 영광읍 덕호리","1922-01-01","1924-01-01","2","주수원","700","10","10","70","7","200","필댐(죤형)","56270","1036","5","167","167","0","사통형","5","5","2"
"4687010011","상돈","전라남도 영광군 영광읍 양평리","1942-01-01","1943-01-01","2","주수원","100","5","5","10","3","200","필댐(죤형)","12004","180","6","42","42","1","사통형","9","9","6"
"4687010012","신흥","전라남도 영광군 영광읍 신월리","1941-01-01","1942-01-01","2","주수원","70","2","2","1","3","200","필댐(죤형)","3610","94","4","20","18","2","사통형","11","10","9"
"4687010026","길용","전라남도 영광군 백수읍 길용리","1976-01-01","1979-01-01","1","주수원","620","33","32","281","10","200","필댐(죤형)","191644","183","25","2845","2804","41","취수탑형","46","45","29"
"4687010028","천정","전라남도 영광군 백수읍 천정리","1943-01-01","1945-01-01","2","주수원","246","11","10","89","3","200","필댐(죤형)","29907","215","7","212","212","0","사통형","25","25","20"
"4687010034","천마","전라남도 영광군 백수읍 천마리","1938-01-01","1939-01-01","2","주수원","115","2","2","22","5","200","필댐(죤형)","47314","155","11","201","201","0","사통형","26","25","15"
"4687010035","홍곡","전라남도 영광군 백수읍 홍곡리","1938-01-01","1939-01-01","1","주수원","290","10","9","105","3","200","필댐(죤형)","95915","197","14","351","351","0","사통형","42","40","30"
"4687010041","칠곡","전라남도 영광군 홍농읍 칠곡리","1928-01-01","1929-01-01","2","주수원","335","14","13","61","10","200","필댐(죤형)","26457","201","7","270","265","5","사통형","6","6","1"
"4687010052","남산","전라남도 영광군 대마면 남산리","1930-01-01","1932-01-01","1","주수원","380","11","10","176","10","200","필댐(죤형)","222932","354","16","465","464","1","사통형","60","60","50"
"4687010053","금곡","전라남도 영광군 대마면 월산리","1958-01-01","1960-01-01","2","주수원","134","1","1","16","3","200","필댐(죤형)","70390","211","12","65","64","1","사통형","80","80","73"
"4687010061","학동","전라남도 영광군 대마면 홍교리","1930-01-01","1943-01-01","2","주수원","85","5","5","21","3","200","필댐(죤형)","61327","236","12","86","86","0","사통형","21","20","17"
"4687010062","주교","전라남도 영광군 대마면 홍교리","1960-01-01","1961-01-01","2","주수원","66","3","3","31","10","200","필댐(죤형)","9173","153","5","50","50","0","사통형","50","50","47"
"4687010064","평금","전라남도 영광군 대마면 성산리","1942-01-01","1943-01-01","2","주수원","209","3","3","32","7","200","필댐(죤형)","76838","345","10","107","107","0","사통형","36","35","28"
"4687010065","대안","전라남도 영광군 대마면 성산리","1933-01-01","1935-01-01","2","주수원","80","2","2","40","3","200","필댐(죤형)","32308","218","14","150","150","0","사통형","75","75","67"
"4687010068","방축","전라남도 영광군 대마면 복평리","1914-01-01","1915-01-01","2","주수원","34","2","2","10","3","200","필댐(죤형)","8130","118","5","24","23","1","사통형","45","45","41"
"4687010070","복평","전라남도 영광군 대마면 복평리","1958-01-01","1959-01-01","2","주수원","30","0","1","9","3","200","필댐(죤형)","7891","69","7","10","10","0","사통형","27","26","21"
"4687010073","장등","전라남도 영광군 묘량면 덕흥리","1944-01-01","1945-01-01","2","주수원","27","3","3","8","3","200","필댐(죤형)","7087","157","4","41","41","0","사통형","76","75","73"
"4687010074","흥곡","전라남도 영광군 묘량면 덕흥리","1943-01-01","1944-01-01","2","주수원","97","2","2","31","10","200","필댐(죤형)","33154","104","10","85","85","0","사통형","46","45","37"
"4687010075","영촌","전라남도 영광군 묘량면 영양리","1945-01-01","1946-01-01","2","주수원","35","1","1","6","3","200","필댐(죤형)","15632","92","9","36","35","0","사통형","56","55","49"
"4687010076","보강","전라남도 영광군 묘량면 영양리","1945-01-01","1946-01-01","2","주수원","62","1","1","10","3","200","필댐(죤형)","12537","62","9","46","46","0","사통형","50","50","45"
"4687010078","운암","전라남도 영광군 묘량면 운당리","1945-01-01","1946-01-01","2","주수원","47","2","2","20","5","200","필댐(죤형)","20348","205","7","44","44","0","사통형","48","47","43"
"4687010083","몽강","전라남도 영광군 묘량면 삼효리","1945-01-01","1946-01-01","2","주수원","64","2","2","10","3","200","필댐(죤형)","27813","161","9","50","50","0","사통형","47","47","42"
"4687010086","신기","전라남도 영광군 묘량면 신천리","1940-01-01","1941-01-01","2","주수원","64","2","2","12","5","200","필댐(죤형)","13536","120","6","36","36","0","사통형","80","80","76"
"4687010087","용호","전라남도 영광군 묘량면 신천리","1942-01-01","1943-01-01","2","주수원","27","1","2","4","3","200","필댐(죤형)","10240","82","8","19","19","0","사통형","90","90","84"
"4687010089","삼산","전라남도 영광군 묘량면 삼학리","1943-06-04","1944-01-01","2","주수원","27","1","2","3","10","200","필댐(죤형)","11247","109","7","10","10","0","사통형","91","90","87"
"4687010091","청암","전라남도 영광군 묘량면 월암리","1942-01-01","1943-01-01","2","주수원","49","2","2","10","5","200","필댐(죤형)","9741","69","8","19","19","0","사통형","91","90","86"
"4687010097","불갑","전라남도 영광군 불갑면 녹산리","1983-02-18","2004-12-20","1","주수원","4680","220","202","3218","10","200","필댐(죤형)","480000","460","20","16890","15200","1690","취수탑형","34","32","16"
"4687010146","동고","전라남도 영광군 군남면 설매리","1944-01-01","1945-01-01","2","주수원","76","4","4","30","5","200","필댐(죤형)","5757","115","5","75","75","0","사통형","16","15","10"
"4687010148","장혈","전라남도 영광군 군남면 양덕리","1944-01-01","1945-01-01","2","주수원","17","1","1","9","10","200","필댐(죤형)","6569","105","5","33","33","0","사통형","21","20","17"
"4687010154","용암","전라남도 영광군 군남면 용암리","1971-01-01","1975-01-01","1","주수원","402","14","13","144","10","200","필댐(죤형)","216644","261","17","763","763","0","사통형","56","55","41"
"4687010164","명도","전라남도 영광군 염산면 상계리","1925-01-01","1930-01-01","2","주수원","170","10","10","17","3","200","필댐(죤형)","17615","577","3","160","160","0","사통형","6","5","1"
"4687010165","봉덕","전라남도 영광군 염산면 상계리","1924-01-01","1925-01-01","1","주수원","262","21","19","95","3","200","필댐(죤형)","30576","390","6","629","629","1","사통형","6","5","1"
"4687010167","봉양","전라남도 영광군 염산면 봉남리","1929-01-01","1930-01-01","1","주수원","168","12","11","67","3","200","필댐(죤형)","75354","1322","5","560","560","0","사통형","6","5","0"
"4687010168","구내","전라남도 영광군 염산면 봉남리","1928-01-01","1930-01-01","1","주수원","117","16","15","24","3","200","필댐(죤형)","9105","163","4","316","315","1","사통형","5","5","1"
"4687010169","노현","전라남도 영광군 염산면 신성리","1944-01-01","1945-01-01","2","주수원","6","2","2","12","10","200","필댐(죤형)","6406","125","5","37","37","0","사통형","6","6","3"
"4687010170","신대","전라남도 영광군 염산면 송암리","1944-01-01","1945-01-01","2","주수원","16","1","2","15","10","200","필댐(죤형)","12980","158","6","18","17","0","사통형","15","15","11"
"4687010176","오동","전라남도 영광군 염산면 오동리","1925-01-01","1930-01-01","1","주수원","900","60","57","290","3","200","필댐(죤형)","152306","1075","8","1411","1408","4","사통형","6","5","1"
"4687010181","옥실","전라남도 영광군 염산면 옥실리","1983-01-01","1986-01-01","1","주수원","186","34","33","139","10","200","필댐(죤형)","58210","429","7","1089","1079","10","취수탑형","6","5","1"
"4687010182","검산","전라남도 영광군 법성면 진내리","1927-01-01","1928-12-30","2","주수원","56","6","6","25","3","200","필댐(죤형)","25667","296","6","95","94","1","사통형","6","5","2"
"4687010183","영마","전라남도 영광군 묘량면 삼효리","1999-09-20","2003-12-29","1","주수원","248","8","7","81","10","200","필댐(죤형)","328938","202","24","554","532","22","취수탑형","94","93","78"
"4687010340","상오","전라남도 영광군 염산면 오동리","2010-12-20","2013-12-30","1","주수원","123","5","5","58","10","200","필댐(코어형)","260843","208","27","583","570","13","사통형","74","73","53"
"4688010002","유탕","전라남도 장성군 장성읍 유탕리","1958-01-01","1959-12-31","1","주수원","909","24","23","144","10","200","필댐(죤형)","1720","245","27","2230","2150","80","취수탑형","123","121","101"
"4688010008","장성호","전라남도 장성군 장성읍 용강리","1973-07-14","1976-10-10","1","주수원","12280","750","750","11139","10","500","필댐(죤형)","1689000","620","38","103883","99707","4176","취수탑형","91","91","67"
"4688010010","덕진","전라남도 장성군 장성읍 덕진리","1958-01-01","1959-12-30","2","주수원","137","6","2","36","10","200","필댐(죤형)","1200","178","15","89","89","0","사통형","114","113","101"
"4688010015","용동","전라남도 장성군 진원면 율곡리","1945-01-01","1945-12-31","2","보조수원","115","6","6","40","10","100","필댐(죤형)","120","269","5","106","106","0","사통형","48","48","44"
"4688010017","수촌","전라남도 장성군 진원면 산정리","1945-01-01","1945-12-31","2","보조수원","45","3","2","13","10","200","필댐(죤형)","125","134","5","23","23","0","사통형","38","38","37"
"4688010018","성문","전라남도 장성군 진원면 선적리","1971-01-01","1972-12-31","2","보조수원","63","3","2","43","10","200","필댐(죤형)","560","203","10","35","35","0","사통형","105","103","95"
"4688010019","선동","전라남도 장성군 진원면 선적리","1960-01-01","1960-12-30","2","보조수원","165","5","4","117","10","200","필댐(죤형)","1320","234","16","232","232","0","사통형","115","114","100"
"4688010020","궁구","전라남도 장성군 진원면 진원리","1960-01-01","1961-12-30","2","보조수원","18","3","3","56","10","200","필댐(죤형)","210","462","7","51","51","0","사통형","83","82","77"
"4688010021","진원","전라남도 장성군 진원면 진원리","1963-01-01","1964-12-24","1","보조수원","189","17","16","100","10","200","필댐(죤형)","1750","186","29","960","852","108","사통형","117","116","100"
"4688010023","학동","전라남도 장성군 진원면 상림리","1945-01-01","1947-12-30","2","보조수원","160","2","2","46","10","200","필댐(죤형)","60","180","5","48","48","0","사통형","109","108","105"
"4688010024","만수","전라남도 장성군 진원면 상림리","1948-01-01","1950-12-30","2","보조수원","110","6","5","51","10","200","필댐(죤형)","160","203","6","66","66","0","사통형","43","42","38"
"4688010027","죽분","전라남도 장성군 진원면 산정리","1945-01-01","1945-12-30","2","보조수원","38","3","3","20","10","200","필댐(죤형)","60","135","4","31","31","0","사통형","42","41","39"
"4688010029","풍정","전라남도 장성군 남면 녹진리","1945-01-01","1945-12-31","2","보조수원","32","2","1","4","10","200","필댐(죤형)","50","90","4","14","14","0","사통형","42","42","37"
"4688010031","마산","전라남도 장성군 남면 녹진리","1967-01-01","1968-12-31","2","보조수원","25","3","2","17","10","200","필댐(죤형)","70","120","4","9","9","0","사통형","49","48","44"
"4688010032","녹진","전라남도 장성군 남면 녹진리","1967-01-01","1968-12-30","2","보조수원","25","1","1","7","10","200","필댐(죤형)","130","132","5","14","14","0","사통형","45","44","40"
"4688010033","신안","전라남도 장성군 남면 덕성리","1945-01-01","1945-12-30","2","보조수원","121","8","6","40","10","100","필댐(죤형)","90","266","5","88","88","0","사통형","43","43","39"
"4688010034","자풍","전라남도 장성군 남면 덕성리","1945-01-01","1945-12-30","2","보조수원","36","3","3","12","10","200","필댐(죤형)","50","210","4","16","16","0","사통형","43","42","40"
"4688010035","백운","전라남도 장성군 남면 마령리","1945-01-01","1945-12-31","2","보조수원","136","10","6","40","10","100","필댐(죤형)","180","335","7","160","160","0","사통형","46","45","40"
"4688010037","행정","전라남도 장성군 남면 행정리","1945-01-01","1945-12-31","2","보조수원","20","2","1","10","10","200","필댐(죤형)","50","145","4","13","13","0","사통형","40","40","37"
"4688010038","불정","전라남도 장성군 남면 월정리","1945-01-01","1945-12-30","2","보조수원","45","5","4","20","10","200","필댐(죤형)","80","170","4","37","37","0","사통형","30","29","26"
"4688010039","구서양","전라남도 장성군 동화면 서양리","1945-01-01","1945-12-30","2","보조수원","370","2","2","12","10","200","필댐(죤형)","250","83","7","42","42","0","사통형","92","92","88"
"4688010040","서양","전라남도 장성군 동화면 서양리","1968-01-01","1969-12-30","2","보조수원","370","5","4","123","10","200","필댐(죤형)","360","183","9","257","257","0","사통형","86","86","78"
"4688010041","통안","전라남도 장성군 동화면 구림리","1954-01-01","1955-12-30","2","보조수원","46","3","1","16","10","200","필댐(죤형)","90","72","5","13","13","0","사통형","179","178","175"
"4688010042","구산","전라남도 장성군 동화면 구림리","1955-01-01","1956-12-30","2","보조수원","20","1","0","10","10","200","필댐(죤형)","80","105","4","6","6","0","사통형","174","173","170"
"4688010043","연산","전라남도 장성군 동화면 남산리","1965-01-01","1968-12-30","2","보조수원","23","0","0","7","10","100","필댐(죤형)","120","77","5","8","8","0","사통형","73","72","67"
"4688010047","임곡","전라남도 장성군 동화면 월산리","1945-01-01","1945-12-31","2","보조수원","218","11","7","98","10","200","필댐(죤형)","390","94","9","252","252","0","사통형","58","58","50"
"4688010054","송계","전라남도 장성군 동화면 송계리","1964-01-01","1965-12-30","2","보조수원","60","1","1","1","10","200","필댐(죤형)","210","101","7","10","10","0","사통형","56","56","50"
"4688010055","송계2","전라남도 장성군 동화면 송계리","1965-01-01","1965-12-30","2","보조수원","30","1","1","9","10","200","필댐(죤형)","23","57","3","11","11","0","사통형","51","50","48"
"4688010057","대곡","전라남도 장성군 삼서면 대곡리","1969-01-01","1970-12-31","2","보조수원","35","1","1","12","10","200","필댐(죤형)","600","118","11","27","27","0","사통형","60","59","50"
"4688010058","유평","전라남도 장성군 삼서면 학성리","1956-01-01","1957-12-31","2","보조수원","353","6","6","97","10","200","필댐(죤형)","1730","101","19","257","257","0","사통형","92","91","75"
"4688010059","유정","전라남도 장성군 삼서면 유평리","1969-01-01","1969-12-30","2","보조수원","165","4","3","49","10","200","필댐(죤형)","590","118","11","54","54","0","사통형","80","79","70"
"4688010060","대도","전라남도 장성군 삼서면 대도리","1945-01-01","1945-12-30","1","보조수원","553","14","14","128","10","100","필댐(죤형)","670","280","11","593","593","0","사통형","66","65","56"
"4688010061","죽산","전라남도 장성군 삼서면 금산리","1945-01-01","1945-12-24","2","보조수원","75","3","2","10","10","100","필댐(죤형)","70","174","4","60","60","0","사통형","40","39","38"
"4688010062","석마","전라남도 장성군 삼서면 석마리","1967-01-01","1968-12-30","2","보조수원","50","2","1","17","10","200","필댐(죤형)","130","115","5","22","22","0","사통형","52","51","47"
"4688010068","수양","전라남도 장성군 삼서면 수양리","1957-01-01","1959-12-30","1","보조수원","3300","194","164","1497","10","200","필댐(죤형)","182450","338","15","11926","11926","0","취수탑형","48","48","38"
"4688010072","성산","전라남도 장성군 삼계면 발산리","1957-01-01","1958-12-31","2","주수원","55","4","3","24","10","100","필댐(죤형)","134","182","6","38","38","0","사통형","90","90","86"
"4688010073","수각","전라남도 장성군 삼계면 수옥리","1957-01-01","1958-12-30","2","주수원","107","6","3","38","10","100","필댐(죤형)","370","123","9","98","98","0","사통형","88","87","81"
"4688010076","죽림","전라남도 장성군 삼계면 죽림리","1957-01-01","1958-12-31","1","주수원","368","12","8","97","10","200","필댐(죤형)","1160","340","15","369","369","0","사통형","109","108","95"
"4688010077","절암","전라남도 장성군 삼계면 부성리","1957-01-01","1958-11-30","2","주수원","187","3","2","43","10","200","필댐(죤형)","417","129","9","90","90","0","사통형","86","85","79"
"4688010079","화산","전라남도 장성군 삼계면 화산리","1957-01-01","1958-12-30","1","주수원","213","6","6","44","10","200","필댐(죤형)","1240","153","26","420","393","27","사통형","146","145","133"
"4688010080","신기","전라남도 장성군 삼계면 신기리","1957-01-01","1958-12-30","2","보조수원","334","7","6","61","10","100","필댐(죤형)","680","152","12","221","221","0","사통형","81","80","70"
"4688010082","와룡","전라남도 장성군 황룡면 와룡리","1945-01-01","1945-12-30","2","보조수원","60","2","1","20","10","200","필댐(죤형)","290","110","7","27","27","0","사통형","84","84","78"
"4688010097","광암","전라남도 장성군 북일면 문암리","1954-01-01","1955-12-31","2","주수원","267","5","4","96","10","200","필댐(죤형)","810","252","14","241","241","0","사통형","143","143","131"
"4688010102","구봉","전라남도 장성군 북일면 성산리","1960-01-01","1961-12-30","2","주수원","190","7","5","92","10","200","필댐(죤형)","680","135","10","144","144","0","사통형","107","106","98"
"4688010110","달성","전라남도 장성군 북이면 달성리","1956-01-01","1957-12-30","1","주수원","805","20","17","127","10","200","필댐(죤형)","550","336","10","695","695","0","사통형","115","114","106"
"4688010111","백암","전라남도 장성군 북이면 백암리","1992-05-06","1998-05-02","1","주수원","344","15","8","147","10","200","필댐(죤형)","9230","235","28","1021","990","31","사통형","197","196","173"
"4688010115","죽청","전라남도 장성군 북이면 죽청리","1977-01-01","1978-12-31","1","주수원","384","11","8","68","10","200","필댐(죤형)","2110","185","21","629","629","0","사통형","239","238","220"
"4688010122","월성","전라남도 장성군 북하면 월성리","1986-08-12","1991-05-30","1","주수원","550","14","8","101","10","200","필댐(죤형)","1580","202","19","517","517","0","사통형","223","220","205"
"4688010124","모암","전라남도 장성군 서삼면 모암리","1999-12-07","2010-12-24","1","주수원","320","10","10","115","10","100","필댐(균일형)","897363","173","31","778","682","96","취수탑형","178","177","160"
"4688010125","추암","전라남도 장성군 서삼면 추암리","1999-12-07","2010-12-24","1","주수원","545","17","16","223","10","100","필댐(균일형)","2158211","252","34","1587","1395","192","취수탑형","133","132","114"
"4689010015","영풍","전라남도 완도군 군외면 영풍리","1958-01-01","1960-01-01","2","주수원","320","4","2","44","10","100","필댐(죤형)","17484","148","14","161","161","0","사통형","43","42","30"
"4689010016","불목","전라남도 완도군 군외면 불목리","1953-01-05","1954-01-01","1","보조수원","238","7","6","14","10","100","필댐(죤형)","287321","269","15","546","474","72","사통형","52","51","40"
"4689010018","신학","전라남도 완도군 군외면 대문리","1958-01-01","1960-01-01","1","주수원","545","7","6","78","7","200","필댐(죤형)","196283","205","21","622","621","0","사통형","63","63","45"
"4689010024","백운","전라남도 완도군 고금면 농상리","1944-01-03","1945-01-01","1","주수원","265","14","12","100","5","200","필댐(죤형)","4047","213","7","511","505","6","사통형","30","30","26"
"4689010026","용지","전라남도 완도군 고금면 청용리","1944-01-04","1945-01-01","2","보조수원","149","7","5","51","3","100","필댐(죤형)","73382","146","18","244","244","0","사통형","38","37","25"
"4689010027","청용","전라남도 완도군 고금면 청용리","1969-01-01","1971-01-01","1","주수원","254","14","11","110","10","200","필댐(죤형)","134915","246","14","578","574","4","사통형","14","13","4"
"4689010048","중도","전라남도 완도군 완도읍 중도리","1944-01-03","1945-01-01","2","주수원","180","2","2","26","5","100","필댐(죤형)","23745","170","7","176","170","6","사통형","5","5","1"
"4689010049","신평","전라남도 완도군 금일읍 신구리","2001-12-26","2009-12-30","2","주수원","182","4","4","92","10","200","필댐(코어형)","38300","221","24","238","226","12","취수탑형","17","16","6"
"4689010050","용항","전라남도 완도군 금일읍 충동리","2001-12-26","2009-12-30","1","주수원","162","6","6","69","10","200","필댐(코어형)","90800","148","18","305","281","24","사통형","13","12","4"
"4690010001","동외","전라남도 진도군 진도읍 동외리","1937-05-20","1947-03-30","2","주수원","92","4","3","32","10","200","필댐(죤형)","31337","140","9","180","180","0","사통형","25","24","16"
"4690010002","성죽","전라남도 진도군 진도읍 동외리","1958-12-01","1964-09-30","2","주수원","125","5","4","35","10","200","필댐(죤형)","143575","166","18","180","180","0","사통형","51","50","40"
"4690010005","송현","전라남도 진도군 진도읍 교동리","1955-08-01","1956-12-30","2","주수원","27","1","0","9","10","200","필댐(죤형)","11721","74","8","17","17","0","사통형","51","50","45"
"4690010006","남산","전라남도 진도군 진도읍 남동리","1940-01-01","1945-12-30","2","주수원","82","2","2","13","10","200","필댐(죤형)","29478","140","9","43","39","4","사통형","25","25","20"
"4690010009","매향","전라남도 진도군 진도읍 수역리","1942-10-25","1952-12-30","2","주수원","107","4","3","55","10","200","필댐(죤형)","129293","192","15","120","120","0","사통형","32","31","23"
"4690010025","둔전","전라남도 진도군 군내면 세등리","1952-12-20","1958-12-30","1","주수원","725","90","80","228","10","200","필댐(죤형)","74965","1276","5","1761","1316","445","사통형","4","4","2"
"4690010033","월가","전라남도 진도군 군내면 월가리","1957-09-29","1963-12-30","1","주수원","438","15","14","117","10","200","필댐(죤형)","130745","210","14","773","773","0","사통형","16","15","5"
"4690010037","고성","전라남도 진도군 고군면 고성리","1958-01-01","1959-12-30","2","주수원","88","2","1","15","10","200","필댐(죤형)","36761","107","12","43","43","0","사통형","50","49","42"
"4690010039","도평","전라남도 진도군 고군면 도평리","1952-01-01","1970-10-30","2","주수원","87","6","3","45","10","200","필댐(죤형)","99106","226","13","148","147","1","사통형","55","54","46"
"4690010042","마산","전라남도 진도군 고군면 내산리","1924-11-10","1936-12-30","2","주수원","240","11","8","53","10","200","필댐(죤형)","25712","403","5","207","194","13","사통형","6","5","2"
"4690010043","오산","전라남도 진도군 고군면 오산리","1955-05-01","1956-12-30","1","주수원","373","11","10","125","10","200","필댐(죤형)","172273","342","14","554","553","1","사통형","45","44","32"
"4690010050","사천","전라남도 진도군 의신면 침계리","1954-01-01","1963-12-30","1","주수원","1062","49","44","280","10","200","필댐(죤형)","240073","343","16","2722","2722","0","사통형","46","45","32"
"4690010052","사천2","전라남도 진도군 의신면 사천리","1972-01-01","1972-12-30","2","주수원","250","4","2","16","10","100","필댐(죤형)","3798","138","11","67","67","0","사통형","50","49","41"
"4690010053","천망","전라남도 진도군 의신면 칠전리","1942-01-01","1954-12-30","1","주수원","766","29","22","146","10","200","필댐(죤형)","147042","553","9","690","690","0","사통형","13","12","7"
"4690010054","칠전","전라남도 진도군 의신면 칠전리","1956-04-01","1958-12-30","2","주수원","75","2","2","11","10","200","필댐(죤형)","60685","167","13","57","57","0","사통형","52","51","43"
"4690010055","월치","전라남도 진도군 의신면 칠전리","1956-01-01","1958-12-30","2","주수원","24","1","1","10","10","200","필댐(죤형)","11919","76","8","32","31","1","사통형","21","20","14"
"4690010066","송정","전라남도 진도군 의신면 송정리","1920-01-01","1926-12-30","1","주수원","290","19","16","118","10","200","필댐(죤형)","24624","164","7","521","521","0","사통형","20","19","14"
"4690010068","명슬","전라남도 진도군 임회면 명슬리","1940-01-01","1945-12-30","2","주수원","67","4","3","24","10","200","필댐(죤형)","44991","218","9","85","85","0","사통형","41","40","34"
"4690010069","선항","전라남도 진도군 임회면 삼막리","1976-01-01","1977-05-30","2","주수원","38","1","1","10","10","200","필댐(죤형)","22794","131","8","40","40","0","사통형","14","13","7"
"4690010070","용산","전라남도 진도군 임회면 용호리","1926-01-01","1931-12-30","1","주수원","656","23","20","211","10","200","필댐(죤형)","26156","137","15","989","988","1","사통형","34","33","24"
"4690010071","호구","전라남도 진도군 임회면 용호리","1955-01-01","1959-12-30","2","주수원","42","2","1","10","10","200","필댐(죤형)","9642","97","6","44","43","1","사통형","34","33","29"
"4690010087","백동","전라남도 진도군 임회면 백동리","1957-04-01","1960-12-30","2","주수원","165","6","6","69","10","200","필댐(죤형)","133452","300","13","264","264","0","사통형","25","24","13"
"4690010098","내연","전라남도 진도군 임회면 연동리","1967-11-10","1979-12-30","1","주수원","177","27","22","59","10","200","필댐(죤형)","152073","313","7","457","429","28","사통형","7","7","4"
"4690010107","고야","전라남도 진도군 지산면 고야리","1935-01-01","1939-03-30","2","주수원","171","8","7","82","10","200","필댐(죤형)","44955","133","11","286","286","0","사통형","48","47","38"
"4690010109","길은","전라남도 진도군 지산면 길은리","1940-01-01","1945-12-30","2","주수원","60","4","3","18","10","200","필댐(죤형)","19584","244","6","76","62","14","사통형","4","4","2"
"4690010110","고길","전라남도 진도군 지산면 길은리","1975-12-01","1976-12-30","2","보조수원","19","0","0","4","10","200","필댐(죤형)","8305","132","5","7","7","0","사통형","10","9","5"
"4690010113","소포2","전라남도 진도군 지산면 소포리","1976-11-01","1977-12-30","2","주수원","24","3","2","12","10","200","필댐(죤형)","31599","261","7","44","44","0","사통형","8","7","3"
"4690010120","와우","전라남도 진도군 지산면 와우리","1959-01-01","1961-12-30","2","주수원","43","3","2","20","10","200","필댐(죤형)","17500","224","10","106","106","0","사통형","34","34","27"
"4690010124","봉암","전라남도 진도군 지산면 가치리","1967-11-10","1979-12-30","1","주수원","571","93","74","398","10","200","필댐(죤형)","42037","459","5","1806","1476","330","사통형","9","8","6"
"4690010127","심동","전라남도 진도군 지산면 심동리","1967-11-10","1979-12-30","1","주수원","284","27","23","52","10","200","필댐(죤형)","4130","590","6","704","704","0","사통형","8","7","2"
"4690010128","대천","전라남도 진도군 지산면 오류리","1940-10-01","1945-12-30","2","주수원","72","4","4","41","10","200","필댐(죤형)","40262","216","8","117","117","0","사통형","11","11","6"
"4690010129","오류","전라남도 진도군 지산면 오류리","1967-01-01","1968-12-30","2","주수원","17","1","1","17","10","100","필댐(죤형)","36008","163","4","27","25","2","사통형","7","7","4"
"4690010133","창유","전라남도 진도군 조도면 창유리","1957-01-20","1961-12-30","2","주수원","127","7","6","51","10","200","필댐(죤형)","38379","340","7","168","168","0","사통형","10","9","4"
"4690010134","수장","전라남도 진도군 임회면 석교리","1997-11-24","2007-03-30","1","주수원","255","18","17","64","10","200","필댐(죤형)","401841","242","25","1090","1088","2","취수탑형","72","71","57"
"4691010077","한운","전라남도 신안군 자은면 한운리","1942-10-21","1944-12-31","2","주수원","45","14","12","16","10","100","필댐(죤형)","63200","200","8","64","62","2","사통형","100","99","94"
"4691010078","송산","전라남도 신안군 자은면 송산리","1944-04-10","1946-04-09","2","주수원","53","3","2","26","10","100","필댐(죤형)","41320","246","6","63","63","0","사통형","25","24","20"
"4691010080","대율","전라남도 신안군 자은면 대율리","1959-02-03","1960-03-18","2","주수원","33","4","3","25","10","100","필댐(죤형)","34300","260","6","48","47","1","사통형","99","99","95"
"4691010085","대율2","전라남도 신안군 자은면 대율리","1976-03-15","1977-03-14","2","주수원","26","2","2","15","10","100","필댐(죤형)","5200","160","11","31","31","0","사통형","35","34","28"
"4691010086","신흥","전라남도 신안군 자은면 대율리","1977-04-26","1978-04-25","2","주수원","8","2","2","11","10","100","필댐(죤형)","2500","175","4","15","15","0","사통형","8","8","6"
"4691010091","고장","전라남도 신안군 자은면 고장리","1943-02-22","1945-02-19","2","주수원","69","6","5","37","10","100","필댐(죤형)","51300","323","5","106","105","1","사통형","99","99","95"
"4691010092","외기","전라남도 신안군 자은면 고장리","1944-04-10","1946-04-09","2","주수원","38","2","2","23","10","100","필댐(죤형)","34900","243","5","41","39","3","사통형","19","19","16"
"4691010093","외기2","전라남도 신안군 자은면 고장리","1982-04-19","1983-04-18","2","주수원","33","3","3","17","10","200","필댐(죤형)","104300","267","10","148","145","3","사통형","98","97","90"
"4691010094","구영","전라남도 신안군 자은면 구영리","1943-02-08","1945-02-07","2","주수원","45","4","3","29","10","100","필댐(죤형)","36100","177","10","115","110","4","사통형","21","20","14"
"4691010095","장고","전라남도 신안군 자은면 구영리","1943-04-07","1945-01-01","2","주수원","33","2","1","14","10","100","필댐(죤형)","21500","156","5","28","25","3","사통형","32","32","29"
"4691010096","구영2","전라남도 신안군 자은면 구영리","1977-02-07","1978-02-06","2","주수원","88","4","4","10","10","100","필댐(죤형)","44100","210","7","59","59","0","사통형","97","96","93"
"4691010099","광대","전라남도 신안군 비금면 광대리","1979-02-05","1981-02-04","1","주수원","150","43","36","122","10","100","필댐(죤형)","134900","353","10","964","944","19","사통형","98","97","90"
"4691010155","장산","전라남도 신안군 장산면 공수리","1994-03-04","1997-12-31","1","보조수원","688","21","18","192","10","200","필댐(죤형)","376300","656","15","1164","1143","22","사통형","14","13","3"
"4691010167","대송","전라남도 신안군 안좌면 대리","1947-03-10","1950-03-09","2","주수원","35","2","2","21","10","100","필댐(죤형)","44600","182","5","48","48","0","사통형","8","7","4"
"4691010168","후천","전라남도 신안군 안좌면 대리","1955-02-01","1957-12-31","2","주수원","18","1","1","3","10","100","필댐(죤형)","11600","88","4","9","8","0","사통형","100","99","97"
"4691010177","용포","전라남도 신안군 안좌면 읍동리","1954-04-01","1956-12-28","2","주수원","50","3","2","30","10","100","필댐(죤형)","46600","268","6","64","63","2","사통형","99","99","95"
"4691010178","황금","전라남도 신안군 안좌면 구대리","1966-04-01","1967-12-31","2","주수원","45","3","3","27","10","100","필댐(죤형)","39800","218","6","70","69","0","사통형","99","99","94"
"4691010180","신촌","전라남도 신안군 안좌면 읍동리","1964-04-20","1965-04-19","1","주수원","219","17","14","97","10","100","필댐(죤형)","51000","243","7","476","473","3","사통형","19","19","14"
"4691010185","읍동","전라남도 신안군 안좌면 읍동리","1954-02-01","1956-12-28","2","주수원","45","3","2","19","10","100","필댐(죤형)","21300","124","4","59","53","6","사통형","7","6","3"
"4691010195","금읍","전라남도 신안군 팔금면 읍리","1943-02-15","1945-02-14","2","주수원","20","1","1","10","10","100","필댐(죤형)","27500","126","7","12","11","2","사통형","21","20","18"
"4691010201","추포","전라남도 신안군 암태면 수곡리","1953-12-29","1956-12-31","2","주수원","16","2","2","12","10","100","필댐(죤형)","23100","111","7","47","47","0","사통형","21","20","16"
"4691010202","수곡","전라남도 신안군 암태면 수곡리","1959-06-15","1963-06-14","2","주수원","107","4","3","26","10","100","필댐(죤형)","43500","145","10","97","96","1","사통형","98","98","91"
"4691010203","신기","전라남도 신안군 암태면 와촌리","1956-05-21","1959-05-20","2","주수원","145","4","3","33","10","100","필댐(죤형)","43200","108","6","121","117","4","사통형","24","23","19"
"4691010207","오상","전라남도 신안군 암태면 오상리","1954-03-15","1957-03-14","2","주수원","90","4","3","28","10","100","필댐(죤형)","61250","291","7","100","99","1","사통형","99","98","93"
"4691010208","기동","전라남도 신안군 암태면 기동리","1954-02-08","1957-02-07","1","주수원","207","10","8","92","10","100","필댐(죤형)","72690","619","9","356","332","24","사통형","10","9","4"
"4691010212","익금","전라남도 신안군 암태면 신석리","1954-03-09","1956-12-28","2","주수원","33","1","1","21","5","100","필댐(죤형)","97760","208","9","37","35","2","사통형","25","24","20"
"4691010213","산두1호","전라남도 신안군 안좌면 산두리","1984-05-08","1985-05-07","1","보조수원","408","13","11","50","10","200","필댐(죤형)","143123","1018","5","365","304","61","사통형","7","7","3"
"4691010214","고서","전라남도 신안군 비금면 고서리","2000-11-30","2006-12-20","1","주수원","712","25","21","185","10","200","필댐(죤형)","203744","406","17","1545","1521","24","사통형","19","18","6"
"4691010215","탄동","전라남도 신안군 지도읍 탄동리","2002-12-26","2009-12-25","1","주수원","282","11","10","108","10","200","필댐(균일형)","89804","314","14","1035","900","135","사통형","16","15","4"
"4711010003","삼정(삼정리)","경상북도 포항시 남구 구룡포읍 삼정리","1978-01-01","1985-12-31","1","주수원","250","12","11","91","10","100","필댐(죤형)","17580","132","22","860","852","8","사통형","43","42","24"
"4711010012","달전","경상북도 포항시 남구 연일읍 달전리","1964-04-16","1968-12-31","1","주수원","575","17","15","0","10","100","필댐(죤형)","8680","144","18","698","698","0","사통형","47","46","36"
"4711010014","중명","경상북도 경주시 강동면 국당리","1945-01-01","1945-12-30","2","주수원","92","1","1","13","10","100","필댐(죤형)","2260","159","4","18","18","0","사통형","30","30","27"
"4711010016","조박","경상북도 포항시 남구 연일읍 인주리","1945-04-26","1949-10-19","1","주수원","2480","31","27","99","10","100","필댐(죤형)","146347","1501","7","564","563","1","사통형","9","8","5"
"4711010022","오어","경상북도 포항시 남구 오천읍 항사리","1955-01-01","1964-12-31","1","주수원","2705","56","52","245","10","100","필댐(죤형)","271998","224","31","4122","3968","154","취수탑형","108","106","91"
"4711010035","제내","경상북도 포항시 남구 대송면 제내리","1963-01-15","1966-10-19","2","주수원","1680","14","12","22","10","100","필댐(죤형)","19873","164","7","284","282","2","사통형","11","10","6"
"4711010068","강사","경상북도 포항시 남구 호미곶면 강사리","1978-01-01","1985-12-31","1","주수원","438","10","9","106","10","100","필댐(죤형)","20650","144","24","806","794","12","사통형","24","23","5"
"4711010069","대보","경상북도 포항시 남구 호미곶면 대보리","1974-02-05","1977-03-10","1","주수원","222","15","13","61","10","100","필댐(죤형)","11700","100","20","703","703","0","사통형","32","31","15"
"4711010083","지땡이","경상북도 포항시 북구 흥해읍 남송리","1945-01-01","1949-03-03","2","보조수원","8","0","0","3","3","100","필댐(죤형)","1335","89","6","4","4","0","사통형","17","16","15"
"4711010084","관답","경상북도 포항시 북구 흥해읍 남송리","1957-01-01","1959-01-01","2","보조수원","25","2","1","7","3","100","필댐(죤형)","530","117","4","19","19","0","사통형","10","9","7"
"4711010085","송동","경상북도 포항시 북구 흥해읍 남송리","1945-03-25","1947-11-04","2","보조수원","15","1","1","5","3","100","필댐(죤형)","1260","105","4","16","16","1","사통형","10","9","7"
"4711010086","천마","경상북도 포항시 북구 흥해읍 곡강리","1972-02-08","1976-02-17","2","주수원","130","9","9","73","10","200","필댐(죤형)","38915","50","17","271","246","25","사통형","31","30","18"
"4711010095","태평","경상북도 포항시 북구 흥해읍 덕장리","1945-01-01","1948-03-03","2","보조수원","30","4","4","14","3","100","필댐(죤형)","4410","180","7","104","104","0","사통형","26","25","17"
"4711010096","둔각","경상북도 포항시 북구 흥해읍 덕장리","1959-01-01","1963-10-23","2","보조수원","36","2","2","25","3","100","필댐(죤형)","4400","440","7","22","22","0","사통형","28","27","25"
"4711010098","삼정(금장리)","경상북도 포항시 북구 흥해읍 금장리","1959-01-01","1963-11-13","2","보조수원","10","1","1","5","3","100","필댐(죤형)","900","100","8","8","15","-7","사통형","19","18","16"
"4711010112","신리","경상북도 포항시 북구 신광면 냉수리","1957-01-01","1959-01-01","2","주수원","87","2","1","23","10","100","필댐(죤형)","35035","110","13","42","42","0","사통형","126","124","117"
"4711010113","용천","경상북도 포항시 북구 신광면 냉수리","1957-03-15","1959-12-31","1","주수원","750","24","17","93","10","100","필댐(죤형)","99450","130","17","1045","1044","1","사통형","78","77","66"
"4711010139","선량","경상북도 포항시 북구 신광면 죽성리","1945-01-01","1947-12-10","2","보조수원","20","1","1","2","3","100","필댐(죤형)","800","200","4","7","7","0","사통형","102","101","99"
"4711010140","올골","경상북도 포항시 북구 신광면 죽성리","1945-01-01","1947-11-25","2","보조수원","150","0","0","15","3","100","필댐(죤형)","1800","150","6","3","3","0","사통형","83","82","80"
"4711010141","방어","경상북도 포항시 북구 신광면 죽성리","1945-01-01","1948-11-11","2","보조수원","15","1","1","2","5","100","필댐(죤형)","1500","150","6","4","4","0","사통형","105","104","103"
"4711010142","죽성","경상북도 포항시 북구 신광면 죽성리","1945-01-01","1948-02-18","2","보조수원","20","0","0","2","5","100","필댐(죤형)","2430","27","9","3","3","0","사통형","116","115","113"
"4711010143","수정","경상북도 포항시 북구 신광면 죽성리","1945-01-01","1947-12-04","2","보조수원","10","1","1","5","3","100","필댐(죤형)","1500","150","5","12","12","0","사통형","106","105","102"
"4711010151","후재","경상북도 포항시 북구 신광면 상읍리","1945-01-01","1947-12-18","2","보조수원","15","1","1","6","5","100","필댐(죤형)","3240","270","5","19","19","1","사통형","94","93","90"
"4711010152","대재","경상북도 포항시 북구 신광면 상읍리","1945-02-01","1948-02-11","2","보조수원","30","2","2","8","5","100","필댐(죤형)","4680","390","4","33","33","1","사통형","108","107","104"
"4711010157","안신","경상북도 포항시 북구 신광면 안덕리","1945-01-01","1948-03-18","2","보조수원","50","3","3","25","5","100","필댐(죤형)","25200","450","4","81","80","1","사통형","96","95","90"
"4711010158","오야","경상북도 포항시 북구 신광면 안덕리","1945-01-01","1948-02-19","2","보조수원","5","1","1","3","5","100","필댐(죤형)","900","180","5","7","7","0","사통형","95","94","92"
"4711010164","반곡","경상북도 포항시 북구 신광면 반곡리","1943-11-05","1945-05-31","1","주수원","2770","23","21","258","10","100","필댐(죤형)","18730","262","13","668","668","0","사통형","120","119","111"
"4711010166","기일","경상북도 포항시 북구 신광면 기일리","1985-01-01","1993-01-01","2","보조수원","254","4","3","30","10","100","필댐(죤형)","16800","160","21","191","191","0","사통형","218","217","203"
"4711010167","상마북","경상북도 포항시 북구 신광면 마북리","1986-01-01","1993-12-15","2","보조수원","263","4","3","40","10","100","필댐(죤형)","11700","90","26","200","199","1","사통형","230","228","212"
"4711010168","마북","경상북도 포항시 북구 신광면 마북리","1993-01-01","1999-01-01","1","주수원","1600","48","43","406","10","100","필댐(죤형)","105900","286","46","6225","6160","65","취수탑형","166","164","134"
"4711010169","용연","경상북도 포항시 북구 신광면 호리","1952-08-25","1962-12-18","1","주수원","6892","90","81","1284","10","200","필댐(죤형)","276145","203","21","5671","5587","85","취수탑형","57","56","44"
"4711010182","고현","경상북도 포항시 북구 청하면 고현리","1956-11-27","1958-08-30","1","주수원","325","9","9","99","10","100","필댐(죤형)","15500","197","16","470","470","0","사통형","100","99","88"
"4711010183","하대","경상북도 포항시 북구 청하면 하대리","1945-01-01","1947-06-05","2","보조수원","10","1","1","6","3","100","필댐(죤형)","3870","180","5","18","17","1","사통형","50","49","47"
"4711010188","안심","경상북도 포항시 북구 청하면 명안리","1966-03-18","1971-08-19","1","주수원","850","26","25","180","3","100","필댐(죤형)","195828","265","17","1579","1577","1","사통형","89","88","76"
"4711010191","회학","경상북도 포항시 북구 청하면 청계리","1945-02-01","1949-04-20","1","주수원","450","14","13","159","10","100","필댐(죤형)","2902","215","14","722","722","0","사통형","116","115","102"
"4711010192","삽실","경상북도 포항시 북구 청하면 청계리","1956-01-01","1958-04-11","2","주수원","10","0","4","20","3","100","필댐(죤형)","6185","255","9","64","64","0","사통형","80","79","76"
"4711010193","청계","경상북도 포항시 북구 청하면 청계리","1963-09-02","1965-12-31","1","주수원","589","14","13","149","3","100","필댐(죤형)","251552","304","18","957","957","0","사통형","97","96","81"
"4711010200","보경","경상북도 포항시 북구 송라면 중산리","1983-01-01","1985-02-20","2","보조수원","360","2","0","13","3","100","콘크리트댐(중력형)","165","43","5","4","4","0","기타","77","76","73"
"4711010202","용곡","경상북도 포항시 북구 송라면 방석리","1960-03-20","1964-12-31","1","주수원","2063","23","22","222","10","100","필댐(죤형)","301920","370","16","1507","1507","0","사통형","48","47","33"
"4711010207","방화","경상북도 포항시 북구 송라면 대전리","1972-01-01","1973-11-01","2","주수원","234","4","4","32","10","100","필댐(죤형)","4980","83","12","128","128","0","사통형","52","51","43"
"4711010218","고지","경상북도 포항시 북구 기계면 고지리","1945-01-01","1946-11-07","2","보조수원","30","1","1","3","5","100","필댐(죤형)","400","80","5","13","13","0","사통형","61","60","56"
"4711010229","화계","경상북도 포항시 북구 기계면 성계리","1945-01-01","1949-02-03","2","보조수원","80","1","1","5","3","100","필댐(죤형)","599","57","7","12","12","0","사통형","52","51","47"
"4711010231","칠성","경상북도 포항시 북구 기계면 성계리","1951-11-26","1953-12-03","2","보조수원","20","1","0","3","5","100","필댐(죤형)","200","48","8","9","9","0","사통형","52","51","48"
"4711010234","다락골","경상북도 포항시 북구 기계면 화대리","1945-01-01","1946-11-22","2","보조수원","15","0","0","2","3","100","필댐(죤형)","840","60","7","6","6","0","사통형","67","66","63"
"4711010236","기동","경상북도 포항시 북구 기계면 화봉리","1954-02-23","1955-12-31","1","주수원","1830","22","20","189","10","100","필댐(죤형)","29100","381","14","597","597","0","사통형","80","79","69"
"4711010239","당곡(미현리)","경상북도 포항시 북구 기계면 미현리","1970-01-01","1974-03-13","2","보조수원","300","2","2","15","5","100","필댐(죤형)","6600","120","11","48","48","0","사통형","148","147","142"
"4711010247","상안심","경상북도 포항시 북구 기계면 가안리","1945-04-20","1947-05-14","2","보조수원","15","1","0","8","3","100","필댐(죤형)","3504","73","16","8","8","0","사통형","144","143","139"
"4711010251","상신야","경상북도 포항시 북구 기계면 남계리","1945-01-01","1948-02-11","2","보조수원","6","0","0","2","3","100","필댐(죤형)","1268","65","7","2","2","0","사통형","186","185","181"
"4711010252","하신야","경상북도 포항시 북구 기계면 남계리","1945-01-01","1947-12-05","2","보조수원","6","1","1","3","3","100","필댐(죤형)","2200","110","8","9","9","0","사통형","143","142","139"
"4711010253","남계","경상북도 포항시 북구 기계면 남계리","1956-01-01","1958-12-31","1","주수원","560","7","5","83","5","100","필댐(죤형)","20190","165","20","353","352","0","사통형","160","158","144"
"4711010277","은천","경상북도 포항시 북구 기계면 구지리","2010-11-29","2016-12-31","1","주수원","5303","79","66","486","10","200","콘크리트댐(중력형)","22698","290","20","4190","4105","86","취수탑형","102","100","90"
"4711010290","용전","경상북도 포항시 북구 기북면 용기리","1964-01-29","1967-05-18","1","주수원","504","7","7","66","10","100","필댐(죤형)","122387","234","13","331","330","0","사통형","159","158","147"
"4711010291","당곡(용기리)","경상북도 포항시 북구 기북면 용기리","1965-01-01","1969-05-14","2","보조수원","130","1","1","5","5","100","필댐(죤형)","16311","120","12","42","34","8","사통형","160","160","154"
"4711010299","탑정","경상북도 포항시 북구 기북면 탑정리","1959-01-01","1964-12-22","1","주수원","315","6","5","63","10","100","필댐(죤형)","104279","254","16","338","338","0","사통형","224","223","211"
"4711110001","방산","경상북도 포항시 남구 장기면 방산리","1995-01-01","2002-05-30","1","주수원","285","11","10","94","10","100","필댐(죤형)","262000","208","36","852","824","28","사통형","125","123","104"
"4711310190","매산","경상북도 포항시 북구 흥해읍 매산리","2000-01-19","2009-12-31","1","주수원","420","16","17","180","10","100","필댐(죤형)","180000","304","38","1470","1290","180","사통형","83","82","64"
"4711310198","유계","경상북도 포항시 북구 청하면 유계리","1997-12-29","2017-12-28","1","주수원","975","41","38","","10","200","필댐(코어형)","456769","548","27","3447","3391","56","취수탑형","113","112","94"
"4711310199","청하","경상북도 포항시 북구 청하면 청계리","1998-12-29","2017-12-28","1","주수원","360","18","17","","10","200","필댐(코어형)","429577","280","43","2450","2214","236","취수탑형","106","105","76"
"4711310200","내청","경상북도 포항시 북구 청하면 청계리","1976-01-01","1977-01-01","2","보조수원","370","2","2","","1","200","필댐(죤형)","","113","17","30","26","4","사통형","108","107","95"
"4713010006","독수골","경상북도 경주시 충효동","1945-01-01","1945-12-30","2","보조수원","80","0","0","1","5","100","필댐(죤형)","850","30","7","2","2","0","사통형","123","123","120"
"4713010007","구평","경상북도 경주시 현곡면 상구리","1945-01-01","1945-12-30","2","보조수원","50","0","0","3","5","100","필댐(죤형)","2450","65","7","4","4","0","사통형","160","159","156"
"4713010008","원주골","경상북도 경주시 현곡면 하구리","1945-01-01","1945-12-30","2","보조수원","50","1","1","6","5","100","필댐(죤형)","7130","148","8","24","24","1","사통형","112","111","106"
"4713010009","충효","경상북도 경주시 충효동","1970-01-01","1974-12-30","2","보조수원","990","4","4","30","10","100","필댐(죤형)","19500","269","11","160","160","0","사통형","69","68","60"
"4713010024","보문","경상북도 경주시 보문동","1952-01-01","1963-12-30","1","주수원","3388","159","134","1082","10","100","필댐(죤형)","431000","308","22","9855","9834","21","취수탑형","98","97","83"
"4713010041","하동","경상북도 경주시 하동","1956-01-01","1963-12-30","1","주수원","606","15","14","149","10","100","필댐(죤형)","50500","322","18","669","669","0","사통형","147","146","135"
"4713010053","북군","경상북도 경주시 북군동","1968-05-01","1971-11-11","2","주수원","130","4","4","30","5","100","필댐(죤형)","9450","147","10","115","115","0","사통형","118","118","112"
"4713010078","육통","경상북도 경주시 안강읍 육통리","1960-01-01","1965-12-30","2","주수원","156","6","5","40","7","100","필댐(죤형)","18560","285","9","241","239","2","사통형","55","54","48"
"4713010079","대곡","경상북도 경주시 안강읍 육통리","1960-01-01","1965-12-30","2","보조수원","180","3","3","15","7","100","필댐(죤형)","27300","298","13","118","118","0","사통형","81","80","71"
"4713010084","옥산","경상북도 경주시 안강읍 옥산리","1944-01-01","1957-01-01","1","주수원","760","23","18","240","10","100","필댐(죤형)","36650","199","36","2361","2139","222","사통형","127","126","109"
"4713010085","정혜","경상북도 경주시 안강읍 옥산리","1944-01-01","1957-12-30","2","보조수원","46","4","3","13","7","100","필댐(죤형)","3860","230","5","107","107","0","사통형","55","55","49"
"4713010086","목곡","경상북도 경주시 안강읍 옥산리","1945-01-01","1957-12-30","2","보조수원","35","1","1","3","3","100","필댐(죤형)","1160","95","4","13","13","0","사통형","64","64","61"
"4713010087","목수","경상북도 경주시 안강읍 옥산리","1945-01-01","1957-12-30","2","보조수원","40","1","1","5","10","100","필댐(죤형)","780","60","4","19","19","0","사통형","63","62","59"
"4713010095","하곡","경상북도 경주시 안강읍 두류리","1928-01-01","1932-12-30","1","주수원","3370","86","78","976","10","100","필댐(죤형)","110680","557","16","4784","4784","0","사통형","60","58","46"
"4713010113","산대","경상북도 경주시 안강읍 산대리","1960-01-01","1964-12-30","2","주수원","41","5","5","26","10","200","필댐(죤형)","40670","206","12","215","194","21","사통형","56","55","50"
"4713010115","성산","경상북도 영천시 고경면 오룡리","1991-01-01","1994-12-30","1","주수원","480","9","8","29","10","100","필댐(죤형)","27600","93","26","650","649","0","사통형","162","161","142"
"4713010128","밀이","경상북도 경주시 건천읍 용명리","1945-01-01","1945-12-30","2","보조수원","690","6","4","6","10","100","필댐(죤형)","10250","242","7","60","60","0","사통형","96","96","93"
"4713010136","용곡","경상북도 경주시 건천읍 용명리","1957-01-01","1963-01-01","1","주수원","563","18","16","68","10","200","필댐(죤형)","74600","158","39","1615","1615","0","사통형","137","136","114"
"4713010138","소산","경상북도 경주시 건천읍 신평리","1945-01-01","1945-12-30","2","보조수원","290","1","1","15","5","100","필댐(죤형)","2680","85","6","16","16","0","사통형","143","142","138"
"4713010139","고척","경상북도 경주시 건천읍 신평리","1945-01-01","1945-12-30","2","보조수원","150","2","2","29","5","100","필댐(죤형)","8500","163","9","29","29","0","사통형","124","123","120"
"4713010140","청수","경상북도 경주시 건천읍 신평리","1945-01-01","1945-12-30","2","보조수원","34","1","1","20","10","100","필댐(죤형)","1650","200","6","13","13","0","사통형","108","107","105"
"4713010141","가척","경상북도 경주시 건천읍 신평리","1945-01-01","1945-12-30","2","보조수원","150","1","1","25","7","100","필댐(죤형)","2500","127","5","10","10","0","사통형","115","115","112"
"4713010142","모길","경상북도 경주시 건천읍 신평리","1945-01-01","1945-12-30","2","보조수원","35","3","3","11","5","100","필댐(죤형)","5150","208","6","76","76","0","사통형","103","103","99"
"4713010143","부곡","경상북도 경주시 건천읍 신평리","1945-01-01","1945-12-30","2","보조수원","26","1","1","5","5","100","필댐(죤형)","2200","167","4","19","19","0","사통형","94","93","90"
"4713010144","돈","경상북도 경주시 건천읍 신평리","1945-01-01","1945-12-30","2","보조수원","15","2","2","4","5","100","필댐(죤형)","2540","178","4","20","20","0","사통형","95","95","92"
"4713010145","품산","경상북도 경주시 건천읍 천포리","1945-01-01","1949-12-30","1","보조수원","567","14","13","86","10","100","필댐(죤형)","85600","871","13","540","540","0","사통형","107","106","100"
"4713010147","송선","경상북도 경주시 건천읍 송선리","1940-01-01","1943-12-30","1","보조수원","1400","24","22","182","10","100","필댐(죤형)","56600","207","22","1964","1962","2","사통형","154","153","135"
"4713010148","홈곡","경상북도 경주시 건천읍 송선리","1994-01-01","1999-12-30","1","보조수원","330","4","4","60","10","100","필댐(죤형)","76750","200","27","351","351","0","사통형","183","182","166"
"4713010167","방내","경상북도 경주시 건천읍 방내리","1957-01-01","1963-12-30","1","주수원","394","6","5","69","10","100","필댐(죤형)","41000","189","23","365","364","1","사통형","163","162","148"
"4713010169","장천","경상북도 경주시 건천읍 방내리","1930-01-01","1933-01-01","2","보조수원","516","6","5","20","10","100","필댐(죤형)","12500","330","6","178","178","0","사통형","115","114","108"
"4713010175","후평","경상북도 경주시 건천읍 금척리","1945-01-01","1945-12-30","2","보조수원","23","2","2","4","5","100","필댐(죤형)","2880","224","4","31","31","0","사통형","84","83","80"
"4713010183","고래","경상북도 경주시 외동읍 입실리","1945-01-01","1945-12-30","2","보조수원","60","1","1","12","7","100","필댐(죤형)","1250","50","5","16","16","0","사통형","105","105","100"
"4713010184","상보","경상북도 경주시 외동읍 모화리","1945-01-01","1945-12-30","2","보조수원","36","0","0","12","3","100","필댐(죤형)","1980","110","5","5","4","1","사통형","77","77","75"
"4713010186","밤갓","경상북도 경주시 외동읍 신계리","1945-01-01","1945-12-30","2","보조수원","35","1","1","8","7","100","필댐(죤형)","3600","120","6","12","12","0","사통형","119","118","115"
"4713010188","석계","경상북도 경주시 외동읍 석계리","1958-01-01","1966-12-30","1","주수원","565","9","8","137","10","100","필댐(죤형)","57600","289","24","508","505","3","사통형","112","111","97"
"4713010198","연꽃","경상북도 경주시 외동읍 연안리","1945-01-01","1945-12-30","2","보조수원","29","2","2","9","7","100","필댐(죤형)","11800","320","5","43","43","0","사통형","78","77","74"
"4713010200","대성","경상북도 경주시 외동읍 개곡리","1945-01-01","1945-12-30","2","보조수원","24","0","0","0","7","100","필댐(죤형)","1440","80","3","3","3","0","사통형","93","92","90"
"4713010202","한강","경상북도 경주시 외동읍 입실리","1945-01-01","1945-12-30","2","보조수원","73","1","1","17","7","100","필댐(죤형)","15600","190","10","31","31","0","사통형","112","111","108"
"4713010220","송전","경상북도 경주시 양북면 죽전리","1945-01-01","1954-12-30","1","주수원","503","10","9","94","7","100","필댐(죤형)","28900","122","19","385","385","0","사통형","96","96","88"
"4713010222","송전하","경상북도 경주시 양북면 송전리","1992-01-01","1997-12-30","2","보조수원","590","3","3","37","5","100","콘크리트댐(중력형)","5250","67","24","95","95","0","사통형","76","75","66"
"4713010226","권이","경상북도 경주시 양북면 권이리","1960-01-01","1964-12-30","1","주수원","640","11","10","90","10","100","필댐(죤형)","23500","150","19","550","550","0","사통형","167","166","154"
"4713010248","명계","경상북도 경주시 내남면 명계리","1978-01-01","1983-12-30","1","주수원","1063","23","20","252","10","100","필댐(죤형)","56680","196","24","1672","1670","2","사통형","124","123","104"
"4713010264","화곡","경상북도 경주시 내남면 화곡리","1957-01-01","1963-12-30","1","주수원","955","29","26","288","10","100","필댐(죤형)","28670","200","17","1522","1522","0","사통형","84","83","74"
"4713010276","박달","경상북도 경주시 내남면 박달리","1985-01-01","1989-12-30","1","주수원","1450","35","28","151","10","100","필댐(죤형)","32780","113","23","1890","1890","0","사통형","142","140","129"
"4713010317","두달","경상북도 경주시 서면 아화리","1945-01-01","1945-12-30","2","보조수원","18","2","2","5","5","100","필댐(죤형)","3260","223","5","16","16","0","사통형","108","108","106"
"4713010329","곤","경상북도 경주시 서면 도계리","1945-01-01","1945-12-30","2","보조수원","12","2","2","3","5","100","필댐(죤형)","1250","60","4","36","36","0","사통형","100","98","94"
"4713010330","동산","경상북도 경주시 서면 도계리","1945-01-01","1945-12-30","2","보조수원","48","2","2","5","3","100","필댐(죤형)","2360","191","4","30","30","0","사통형","95","95","92"
"4713010355","심곡","경상북도 경주시 서면 심곡리","1930-01-01","1931-12-30","1","주수원","1970","57","51","1025","10","100","필댐(죤형)","42500","198","18","3124","3124","0","취수탑형","113","112","101"
"4713010370","사라","경상북도 경주시 서면 사라리","1945-01-01","1945-12-30","2","보조수원","193","3","3","90","7","100","필댐(죤형)","5650","120","10","54","52","2","사통형","111","111","108"
"4713010377","군곡","경상북도 경주시 서면 운대리","1945-01-01","1945-12-30","2","보조수원","290","1","1","2","5","100","필댐(죤형)","3550","115","6","16","16","0","사통형","96","95","92"
"4713010378","운대","경상북도 경주시 서면 운대리","1945-01-01","1945-12-30","2","보조수원","1490","5","17","39","10","100","필댐(죤형)","3850","495","8","148","148","0","사통형","97","96","95"
"4713010404","남사","경상북도 경주시 현곡면 남사리","1952-01-01","1963-12-30","1","주수원","715","26","22","238","10","100","필댐(죤형)","58500","316","17","960","952","8","사통형","92","91","80"
"4713010406","금광","경상북도 경주시 현곡면 상구리","1952-01-01","1963-12-30","2","보조수원","280","6","6","50","10","100","필댐(죤형)","14500","190","12","195","193","2","사통형","56","56","50"
"4713010411","내태","경상북도 경주시 현곡면 래태리","1966-01-01","1970-12-30","1","주수원","400","12","11","115","10","100","필댐(죤형)","46550","220","21","785","784","1","사통형","106","105","93"
"4713010425","애미","경상북도 경주시 강동면 단구리","1959-01-01","1963-02-19","2","보조수원","40","3","3","20","10","100","필댐(죤형)","1120","140","8","64","63","1","사통형","70","69","65"
"4713010428","부흥","경상북도 경주시 강동면 단구리","1960-02-10","1963-12-13","2","주수원","230","6","6","58","10","100","필댐(죤형)","2537","145","18","231","219","11","사통형","96","94","86"
"4713010429","낙산","경상북도 경주시 강동면 단구리","1959-01-01","1964-01-07","2","보조수원","35","1","0","5","5","100","필댐(죤형)","550","110","7","20","20","0","사통형","71","70","67"
"4713010432","작동","경상북도 경주시 강동면 오금리","1945-01-01","1945-12-30","2","보조수원","40","1","1","12","10","100","필댐(죤형)","2400","50","8","22","21","1","사통형","27","27","24"
"4713010433","왕신","경상북도 경주시 강동면 왕신리","1966-01-01","1975-01-01","1","주수원","2200","32","29","276","10","100","필댐(죤형)","45550","303","19","1839","1839","0","사통형","58","56","44"
"4713010442","물천","경상북도 경주시 천북면 물천리","1959-01-01","1966-12-30","1","주수원","240","8","7","76","10","100","필댐(죤형)","53800","418","16","348","348","0","사통형","89","88","78"
"4713010443","갈곡","경상북도 경주시 천북면 갈곡리","1942-01-01","1945-12-30","2","보조수원","190","3","3","24","7","100","필댐(죤형)","14500","264","9","94","94","0","사통형","93","93","86"
"4713010444","분황","경상북도 경주시 천북면 갈곡리","1960-01-01","1966-12-30","2","보조수원","6","2","2","6","10","100","필댐(죤형)","1650","96","4","33","33","0","사통형","55","54","51"
"4713010445","중방","경상북도 경주시 천북면 갈곡리","1966-01-01","1969-12-30","2","주수원","120","3","3","32","7","100","필댐(죤형)","16850","178","10","162","162","0","사통형","123","122","111"
"4713010448","성지","경상북도 경주시 천북면 성지리","1942-01-01","1943-12-30","1","주수원","803","31","28","134","7","100","필댐(죤형)","14600","212","10","903","903","0","사통형","55","55","47"
"4713010449","대곡","경상북도 경주시 천북면 성지리","1974-01-01","1976-12-30","1","주수원","139","4","3","37","7","100","필댐(죤형)","27600","215","23","336","330","6","사통형","133","138","121"
"4713010457","화산","경상북도 경주시 천북면 화산리","1995-01-01","1999-12-30","1","주수원","530","11","13","93","10","100","필댐(죤형)","62760","128","37","1123","979","144","사통형","188","187","166"
"4713010460","노곡","경상북도 경주시 내남면 노곡리","1945-01-01","1945-12-30","2","보조수원","18","1","1","3","5","50","필댐(죤형)","3000","171","4","10","10","0","사통형","78","78","76"
"4713010462","양피","경상북도 경주시 남산동","1945-01-01","1945-12-30","2","보조수원","3","0","0","15","7","100","필댐(죤형)","2250","180","5","3","3","0","사통형","80","80","75"
"4713010464","대현","경상북도 경주시 산내면 대현리","1992-01-01","2002-12-31","1","주수원","5410","21","19","220","10","200","필댐(죤형)","90152","114","20","642","593","49","사통형","236","234","229"
"4713010465","심원","경상북도 경주시 산내면 일부리","1992-01-01","2002-12-30","1","주수원","407","8","7","78","10","100","필댐(죤형)","110221","156","22","519","453","66","사통형","251","250","239"
"4713010466","덕동","경상북도 경주시 덕동","1975-01-01","1977-12-30","1","주수원","5170","216","196","1069","10","200","필댐(죤형)","1139000","169","50","32720","22537","10183","취수탑형","170","168","152"
"4713010467","입실","경상북도 경주시 외동읍 입실리","1997-04-25","2004-06-30","1","주수원","310","6","6","70","10","100","필댐(죤형)","356150","174","45","704","531","173","취수탑형","258","257","238"
"4713010469","화산곡","경상북도 경주시 안강읍 두류리","1997-12-05","2004-12-31","1","주수원","740","21","18","267","10","200","필댐(코어형)","454000","216","40","2238","2234","4","사통형","116","114","94"
"4713010484","모화","경상북도 경주시 외동읍 모화리","1999-01-29","2014-12-31","1","주수원","385","7","7","105","10","200","필댐(죤형)","545000","281","50","781","673","108","취수탑형","177","176","156"
"4713010485","괘릉","경상북도 경주시 외동읍 괘릉리","1999-01-29","2014-12-31","1","주수원","170","7","7","83","10","200","필댐(죤형)","416231","247","47","803","695","108","취수탑형","227","226","209"
"4713010486","개곡","경상북도 경주시 외동읍 개곡리","1999-01-29","2014-12-31","1","주수원","250","7","7","106","10","200","필댐(죤형)","542458","422","45","954","801","153","취수탑형","190","189","166"
"4715010030","숭산","경상북도 김천시 아포읍 송천리","1951-01-01","1953-12-31","2","주수원","67","1","1","12","10","100","필댐(죤형)","4361","79","6","11","11","0","사통형","58","58","55"
"4715010041","노곡","경상북도 김천시 농소면 노곡리","1960-01-01","1963-01-01","2","주수원","285","23","2","28","10","100","필댐(죤형)","69082","158","17","88","88","0","사통형","183","182","173"
"4715010054","남북","경상북도 김천시 남면 부상리","1945-01-01","1954-03-31","1","주수원","1000","15","15","142","3","100","필댐(죤형)","11765","97","16","864","864","0","사통형","162","161","146"
"4715010059","오봉","경상북도 김천시 남면 오봉리","1979-01-01","1989-01-01","1","주수원","1460","53","44","518","10","100","필댐(죤형)","239925","277","24","3958","3832","125","취수탑형","109","107","87"
"4715010110","광덕","경상북도 김천시 감문면 광덕리","1957-01-01","1959-01-01","1","주수원","384","14","13","124","10","100","필댐(죤형)","89056","230","16","795","795","0","사통형","91","90","80"
"4715010143","금화","경상북도 김천시 봉산면 상금리","1956-01-01","1959-01-01","2","주수원","600","4","4","34","10","100","필댐(죤형)","56923","168","16","115","115","0","사통형","177","176","169"
"4715010156","직지","경상북도 김천시 대항면 향천리","1952-01-01","1957-01-01","1","주수원","600","15","14","156","10","100","필댐(죤형)","108342","207","18","816","816","0","사통형","129","128","116"
"4715010177","대방","경상북도 김천시 조마면 대방리","1957-01-01","1959-01-01","2","주수원","600","4","4","52","10","100","필댐(죤형)","94132","198","18","187","187","0","사통형","221","220","211"
"4717010013","만운","경상북도 안동시 풍산읍 만운리","1952-01-01","1959-01-01","1","주수원","2311","78","69","416","10","200","필댐(죤형)","88760","160","15","3760","3585","175","취수탑형","104","103","94"
"4717010014","신양","경상북도 안동시 풍산읍 신양리","1987-01-01","1997-01-01","1","주수원","409","18","18","131","10","100","필댐(죤형)","23167","222","36","1757","1757","0","취수탑형","158","157","131"
"4717010016","산곡","경상북도 안동시 풍산읍 오미리","1931-01-01","1933-01-01","2","보조수원","46","2","2","11","10","200","필댐(죤형)","2598","157","8","35","35","0","사통형","104","103","100"
"4717010017","소산","경상북도 안동시 풍산읍 소산리","1943-12-09","1945-01-01","2","주수원","85","5","4","24","10","200","필댐(죤형)","2552","193","9","113","113","0","사통형","83","82","78"
"4717010062","건잦","경상북도 안동시 풍천면 광덕리","1943-12-02","1945-01-01","2","주수원","53","1","1","16","10","200","필댐(죤형)","13216","75","9","28","28","0","사통형","129","128","121"
"4717010063","석방","경상북도 안동시 풍천면 기산리","1943-12-02","1945-01-01","2","주수원","112","2","2","12","5","100","필댐(죤형)","4426","176","12","29","29","0","사통형","89","88","86"
"4717010085","호민","경상북도 안동시 풍천면 가곡리","1939-12-13","1942-01-01","1","주수원","530","33","29","149","10","200","필댐(죤형)","4672","290","8","804","770","34","사통형","87","86","81"
"4717010086","가곡","경상북도 안동시 풍천면 가곡리","1943-08-19","1945-01-01","2","보조수원","85","3","3","57","5","200","필댐(죤형)","19927","126","7","89","89","0","사통형","92","91","86"
"4717010087","명동","경상북도 안동시 풍천면 하회리","1943-01-01","1945-01-01","2","보조수원","14","1","1","7","10","200","필댐(죤형)","650","128","5","4","4","0","사통형","95","94","92"
"4717010088","하회","경상북도 안동시 풍천면 하회리","1967-01-01","1969-01-01","2","보조수원","9","1","0","5","10","200","필댐(죤형)","583","56","5","4","4","0","사통형","94","93","91"
"4717010136","단호","경상북도 안동시 남후면 단호리","1941-09-01","1945-12-25","2","보조수원","147","4","4","13","10","200","필댐(죤형)","1260","110","11","167","167","0","사통형","105","104","95"
"4717010161","배방","경상북도 안동시 길안면 배방리","1969-01-08","1972-01-01","2","주수원","140","3","2","32","5","200","필댐(죤형)","2942","111","13","70","70","0","사통형","350","349","341"
"4717010171","위동","경상북도 안동시 임동면 위리","1972-01-01","1975-01-01","1","주수원","235","6","5","0","5","200","필댐(죤형)","6276","92","18","320","308","12","사통형","189","188","175"
"4717010175","지동","경상북도 안동시 임동면 지리","1944-03-02","1945-09-10","2","보조수원","11","1","1","1","5","200","필댐(죤형)","945","123","5","5","5","0","사통형","166","165","164"
"4717010176","매정","경상북도 안동시 녹전면 매정리","2000-11-14","2006-08-31","1","주수원","340","7","6","100","10","200","필댐(죤형)","233000","144","39","580","516","63","사통형","282","281","266"
"4717010177","한절골","경상북도 안동시 임하면 임하리","1943-12-09","1945-03-02","2","보조수원","20","1","0","3","10","200","필댐(죤형)","380","72","8","10","9","1","사통형","134","133","130"
"4717010178","대곡","경상북도 안동시 임동면 대곡리","2004-12-27","2009-05-11","1","주수원","240","5","5","72","10","200","필댐(죤형)","143132","119","31","383","330","53","사통형","321","320","303"
"4719010009","대성","경상북도 구미시 수점동","1953-01-01","1962-01-01","1","주수원","1780","60","55","352","10","100","필댐(죤형)","106394","188","19","3302","3302","0","사통형","85","84","69"
"4719010011","금오","경상북도 구미시 남통동","1945-01-01","1947-12-31","1","주수원","1100","27","24","55","10","100","필댐(죤형)","157796","252","21","1740","1735","5","사통형","86","85","68"
"4719010019","학서","경상북도 구미시 구평동","1931-04-15","1932-05-31","2","주수원","470","12","11","2","10","100","필댐(죤형)","9744","209","12","295","295","0","사통형","79","78","71"
"4719010022","백곡","경상북도 구미시 구평동","1944-03-25","1945-03-04","2","주수원","250","3","3","8","10","100","필댐(죤형)","10350","150","16","122","122","0","사통형","100","99","90"
"4719010026","검성","경상북도 구미시 황상동","1964-11-02","1967-12-30","2","주수원","133","5","5","1","10","100","필댐(죤형)","32820","120","10","64","64","0","사통형","77","76","71"
"4719010060","문수","경상북도 구미시 고아읍 문성리","1945-01-01","1948-12-31","2","주수원","740","8","7","49","10","100","필댐(죤형)","30960","720","5","175","175","0","사통형","55","55","50"
"4719010077","무을","경상북도 구미시 무을면 안곡리","1966-01-01","1970-01-01","1","주수원","750","36","31","234","10","100","필댐(죤형)","175331","384","17","1453","1387","65","사통형","104","103","91"
"4719010095","초곡","경상북도 구미시 옥성면 초곡리","1961-01-01","1963-01-01","2","보조수원","5","1","1","5","10","100","필댐(죤형)","6750","150","5","21","21","0","사통형","79","78","69"
"4719010099","옥관","경상북도 구미시 옥성면 옥관리","1976-01-01","1979-01-01","1","주수원","460","8","7","129","10","100","필댐(죤형)","284866","229","29","591","591","0","사통형","213","212","193"
"4719010104","대원","경상북도 구미시 옥성면 대원리","1945-01-01","1948-01-01","1","주수원","1150","43","40","449","10","200","필댐(죤형)","75607","285","17","2947","2880","67","취수탑형","82","81","70"
"4719010126","제비","경상북도 구미시 해평면 해평리","1945-01-01","1948-12-31","2","보조수원","4","0","0","2","5","100","필댐(죤형)","1317","151","3","1","1","0","사통형","40","39","37"
"4719010127","서당","경상북도 구미시 해평면 낙성리","1945-01-01","1948-12-31","2","보조수원","3","0","0","2","10","100","필댐(죤형)","1625","130","3","1","1","0","사통형","43","43","40"
"4719010128","가망","경상북도 구미시 해평면 오상리","1945-01-01","1948-12-31","2","보조수원","18","0","0","6","10","100","필댐(죤형)","2722","162","3","1","1","0","사통형","41","40","38"
"4719010134","연지","경상북도 구미시 해평면 금호리","1945-01-01","1948-12-31","2","보조수원","32","3","3","2","5","100","필댐(죤형)","3646","217","3","3","3","0","사통형","51","50","44"
"4719010135","용수","경상북도 구미시 해평면 송곡리","1945-01-01","1948-12-31","2","주수원","289","4","3","32","10","100","필댐(죤형)","15477","143","9","95","95","0","사통형","74","73","68"
"4719010136","송암","경상북도 구미시 해평면 송곡리","1945-01-01","1948-12-31","2","주수원","22","2","1","6","10","100","필댐(죤형)","24462","452","6","40","40","0","사통형","63","62","59"
"4719010137","창림","경상북도 구미시 해평면 창림리","1942-01-01","1953-01-01","1","주수원","752","26","25","318","10","100","필댐(죤형)","169025","305","19","1662","1649","13","사통형","72","71","58"
"4719010141","칠창","경상북도 구미시 해평면 낙산리","1945-01-01","1948-12-31","2","주수원","16","1","1","14","10","100","필댐(죤형)","6243","139","5","16","16","0","사통형","96","95","92"
"4719010142","후곡","경상북도 구미시 해평면 낙산리","1961-01-01","1963-12-31","2","주수원","32","1","1","10","10","100","필댐(죤형)","5043","108","6","10","10","0","사통형","92","91","88"
"4719010164","학사","경상북도 구미시 산동면 임천리","1945-01-01","1945-12-31","2","보조수원","48","1","1","3","5","100","필댐(죤형)","8446","153","6","24","24","0","사통형","59","59","54"
"4719010167","인덕","경상북도 구미시 산동면 인덕리","1972-01-01","1974-01-01","1","주수원","275","11","7","62","10","100","필댐(죤형)","62808","200","14","342","322","20","사통형","69","68","58"
"4719010209","오로","경상북도 구미시 장천면 오로리","1976-01-01","1978-01-01","1","주수원","810","37","31","181","10","100","필댐(죤형)","87160","213","17","1898","1890","8","사통형","83","82","69"
"4719010235","백현","경상북도 구미시 산동면 백현리","1995-02-01","2000-07-31","1","주수원","290","14","13","99","10","200","필댐(죤형)","142230","184","22","1179","908","271","사통형","108","107","96"
"4721010008","금계","경상북도 영주시 풍기읍 욱금리","1979-12-15","1987-12-21","1","주수원","2425","41","39","561","10","200","필댐(죤형)","55347","182","41","5293","5271","22","취수탑형","308","307","279"
"4721010048","대평","경상북도 영주시 안정면 대평리","1945-01-01","1946-12-31","2","주수원","42","2","2","36","10","200","필댐(죤형)","6615","315","7","20","20","0","사통형","209","209","207"
"4721010055","순흥","경상북도 영주시 순흥면 내죽리","1986-03-18","1996-09-30","1","주수원","2550","26","24","344","10","200","필댐(죤형)","541054","313","37","2528","2352","176","취수탑형","278","276","260"
"4721010060","당남","경상북도 영주시 부석면 임곡리","1945-01-01","1946-12-31","2","주수원","18","1","1","23","10","200","필댐(죤형)","1080","90","6","9","9","0","사통형","371","371","369"
"4721010061","단산","경상북도 영주시 단산면 옥대리","1991-05-29","2002-12-31","1","주수원","2750","30","29","481","10","200","필댐(죤형)","812857","334","41","3833","3807","26","취수탑형","307","306","278"
"4721010124","부석","경상북도 영주시 부석면 소천리","1998-12-31","2011-12-31","1","주수원","775","13","12","","10","200","필댐(죤형)","280980","158","41","1856","1785","71","취수탑형","382","381","357"
"4721010125","성곡","경상북도 영주시 장수면 갈산리","1999-10-15","2016-12-31","1","주수원","970","23","22","","10","200","필댐(죤형)","525900","305","34","1660","1508","152","취수탑형","171","170","154"
"4723010019","입","경상북도 영천시 봉동","1943-01-01","1945-12-28","2","보조수원","42","2","2","5","10","100","필댐(죤형)","1380","120","5","46","46","0","사통형","200","199","196"
"4723010021","승일","경상북도 영천시 봉동","1943-01-01","1945-12-28","2","보조수원","17","2","2","4","10","100","필댐(죤형)","481","52","4","22","22","0","사통형","87","86","82"
"4723010074","오수","경상북도 영천시 오수동","1943-10-01","1945-12-28","2","보조수원","31","2","1","5","10","100","필댐(죤형)","3297","210","6","17","17","0","사통형","94","93","90"
"4723010103","대미","경상북도 영천시 금호읍 대미리","1943-01-01","1945-12-28","1","보조수원","285","10","9","58","10","100","필댐(죤형)","7447","265","9","419","419","0","사통형","89","84","77"
"4723010105","부","경상북도 영천시 금호읍 석섬리","1943-01-01","1945-12-28","1","보조수원","228","11","10","67","10","100","필댐(죤형)","5692","211","11","409","409","0","사통형","86","86","77"
"4723010109","탑","경상북도 영천시 금호읍 신월리","1943-01-01","1945-12-28","2","보조수원","137","11","10","38","10","100","필댐(죤형)","7050","600","5","202","202","0","사통형","101","100","95"
"4723010111","곡","경상북도 영천시 금호읍 봉죽리","1943-01-01","1945-12-28","2","보조수원","62","1","1","10","10","100","필댐(죤형)","2794","150","9","31","31","0","사통형","99","98","94"
"4723010112","해현","경상북도 영천시 금호읍 봉죽리","1943-01-01","1945-12-28","2","보조수원","2","2","2","2","10","100","필댐(죤형)","3593","190","8","73","73","0","사통형","89","89","82"
"4723010138","불모","경상북도 영천시 대창면 병암리","1943-01-01","1945-12-28","2","보조수원","10","1","1","2","10","100","필댐(죤형)","558","62","6","8","8","0","사통형","74","73","71"
"4723010145","대승","경상북도 영천시 금호읍 오계리","1983-05-28","1992-12-31","1","주수원","715","58","56","190","10","100","필댐(죤형)","10591","359","14","1704","1619","85","사통형","79","78","68"
"4723010146","고모","경상북도 영천시 금호읍 오계리","1943-01-01","1945-12-28","2","보조수원","30","1","1","7","10","100","필댐(죤형)","903","95","5","21","21","0","사통형","82","81","77"
"4723010152","신(금호)","경상북도 영천시 금호읍 남성리","1943-01-01","1945-12-28","2","보조수원","7","2","2","3","10","100","필댐(죤형)","850","103","5","22","22","0","사통형","82","81","77"
"4723010153","구룡","경상북도 영천시 금호읍 남성리","1943-01-01","1945-12-28","2","보조수원","15","2","2","7","10","100","필댐(죤형)","1573","110","7","37","37","0","사통형","73","73","68"
"4723010154","남성","경상북도 영천시 금호읍 남성리","1943-01-01","1945-12-28","2","보조수원","9","1","1","3","10","100","필댐(죤형)","630","90","4","8","8","0","사통형","84","83","81"
"4723010156","숙","경상북도 영천시 금호읍 삼호리","1943-01-01","1945-12-28","2","보조수원","6","3","3","1","10","100","필댐(죤형)","747","83","4","6","6","0","사통형","74","73","71"
"4723010157","가라","경상북도 영천시 금호읍 삼호리","1943-01-01","1945-12-28","2","보조수원","60","3","3","11","10","100","필댐(죤형)","1884","120","8","74","74","0","사통형","71","70","65"
"4723010194","풍락","경상북도 영천시 청통면 대평리","1943-01-01","1945-12-28","1","주수원","980","66","61","335","10","100","필댐(죤형)","11826","324","15","2143","2143","0","사통형","74","73","61"
"4723010234","오라","경상북도 영천시 신녕면 치산리","1967-01-01","1971-01-01","1","주수원","400","9","8","92","10","100","필댐(죤형)","9847","266","19","573","573","0","사통형","213","212","197"
"4723010253","남티","경상북도 영천시 신녕면 왕산리","1943-01-01","1945-12-28","2","보조수원","50","1","1","1","10","100","필댐(죤형)","1853","84","11","36","36","0","사통형","157","157","152"
"4723010254","왕산","경상북도 영천시 신녕면 왕산리","1983-01-01","1989-01-01","2","보조수원","397","3","3","29","10","100","필댐(죤형)","6188","110","23","142","142","0","사통형","216","216","203"
"4723010256","매왕","경상북도 영천시 신녕면 매양리","1943-01-01","1945-12-28","2","주수원","250","7","7","33","10","100","필댐(죤형)","5076","144","14","163","163","0","사통형","158","158","148"
"4723010258","하마","경상북도 영천시 신녕면 완전리","1956-01-02","1958-12-31","2","주수원","170","10","10","30","10","100","필댐(죤형)","1567","88","9","233","233","0","사통형","136","135","129"
"4723010262","신양","경상북도 영천시 신녕면 연정리","1943-01-01","1945-12-28","2","보조수원","42","2","2","4","10","100","필댐(죤형)","939","76","7","135","135","0","사통형","159","159","149"
"4723010263","후곡","경상북도 영천시 신녕면 연정리","1943-01-01","1945-12-28","2","보조수원","48","1","1","6","10","100","필댐(죤형)","1003","85","7","17","17","0","사통형","174","174","170"
"4723010264","화산","경상북도 영천시 신녕면 연정리","1979-01-01","1983-01-01","1","주수원","395","15","14","117","10","100","필댐(죤형)","12839","194","24","1009","1009","0","사통형","181","180","161"
"4723010268","가천","경상북도 영천시 신녕면 가천리","1956-01-01","1958-12-31","1","주수원","490","10","9","100","10","100","필댐(죤형)","8421","226","16","536","536","0","사통형","173","172","157"
"4723010290","구연","경상북도 영천시 화산면 대안리","1943-01-01","1945-12-28","2","보조수원","36","2","2","3","10","100","필댐(죤형)","1186","153","5","34","34","0","사통형","132","131","128"
"4723010291","대안","경상북도 영천시 화산면 대안리","1943-01-01","1945-12-28","2","보조수원","26","2","2","7","10","100","필댐(죤형)","918","108","6","28","28","0","사통형","117","116","112"
"4723010292","신(화산)","경상북도 영천시 화산면 덕암리","1943-01-01","1945-12-28","2","보조수원","65","2","1","7","10","100","필댐(죤형)","692","101","4","7","7","0","사통형","119","118","116"
"4723010293","늘얼","경상북도 영천시 화산면 대안리","1943-01-01","1945-12-31","2","보조수원","15","1","1","2","10","100","필댐(죤형)","629","74","5","9","9","0","사통형","133","133","130"
"4723010296","갈마","경상북도 영천시 화산면 효정리","1943-01-01","1945-12-28","2","보조수원","41","1","1","2","10","100","필댐(죤형)","1799","83","8","15","15","0","사통형","168","168","165"
"4723010300","효정","경상북도 영천시 화산면 효정리","1943-01-01","1945-12-28","2","보조수원","32","2","2","4","10","100","필댐(죤형)","923","90","5","25","25","0","사통형","139","139","135"
"4723010301","곽산","경상북도 영천시 화산면 효정리","1943-01-01","1945-12-28","2","보조수원","56","1","1","5","10","100","필댐(죤형)","750","75","6","8","8","0","사통형","137","136","133"
"4723010302","연지","경상북도 영천시 화산면 효정리","1943-01-01","1945-12-28","2","보조수원","148","4","4","4","10","100","필댐(죤형)","1644","125","8","65","65","0","사통형","144","143","140"
"4723010303","당지","경상북도 영천시 화산면 당지리","1995-08-05","2004-05-31","1","주수원","840","26","24","115","10","100","필댐(죤형)","13254","209","28","2150","1844","306","취수탑형","175","174","160"
"4723010347","삼부","경상북도 영천시 화산면 삼부리","1943-01-01","1945-12-28","2","보조수원","6","2","2","1","10","100","필댐(죤형)","2660","122","9","107","107","0","사통형","101","100","93"
"4723010363","달산","경상북도 영천시 화북면 자천리","1943-01-01","1945-12-28","2","보조수원","50","1","1","5","10","100","필댐(죤형)","1426","88","8","24","24","0","사통형","197","196","192"
"4723010364","봉당","경상북도 영천시 화북면 자천리","1943-01-01","1945-12-28","2","보조수원","55","2","2","8","10","100","필댐(죤형)","1538","105","8","34","34","0","사통형","162","161","157"
"4723010365","집당","경상북도 영천시 화북면 자천리","1943-01-01","1945-12-28","2","보조수원","10","2","2","2","10","100","필댐(죤형)","542","65","5","7","7","0","사통형","161","160","158"
"4723010366","황곡","경상북도 영천시 화북면 자천리","1943-01-01","1945-12-28","2","보조수원","50","3","3","8","10","100","필댐(죤형)","2012","114","9","67","67","0","사통형","160","159","154"
"4723010369","대곡(화북)","경상북도 영천시 화북면 옥계리","1943-01-01","1945-12-28","2","보조수원","40","1","1","5","10","100","필댐(죤형)","1109","84","8","28","28","0","사통형","178","177","172"
"4723010385","선석","경상북도 영천시 화북면 횡계리","1943-01-01","1945-12-28","2","보조수원","20","1","1","3","10","100","필댐(죤형)","1309","85","7","16","16","0","사통형","203","203","199"
"4723010386","횡계","경상북도 영천시 화북면 횡계리","1974-01-01","1975-12-31","1","주수원","1800","9","9","115","10","100","필댐(죤형)","10843","180","22","481","481","0","사통형","221","220","207"
"4723010404","신(화북)","경상북도 영천시 화북면 오산리","1943-01-01","1945-12-28","2","보조수원","78","1","1","6","10","100","필댐(죤형)","1111","115","7","55","55","0","사통형","160","159","153"
"4723010405","오곡","경상북도 영천시 화북면 오동리","1943-01-01","1945-12-28","2","보조수원","7","1","1","3","10","100","필댐(죤형)","611","74","5","10","10","0","사통형","152","151","148"
"4723010406","시목지","경상북도 영천시 화북면 오동리","1943-01-01","1945-12-28","2","보조수원","18","1","1","4","10","100","필댐(죤형)","458","50","6","10","10","0","사통형","156","156","152"
"4723010437","벌못","경상북도 영천시 화남면 사천리","1943-01-01","1945-12-28","2","보조수원","45","3","3","1","10","100","필댐(죤형)","1196","104","7","19","19","0","사통형","126","126","123"
"4723010438","천앙","경상북도 영천시 화남면 사천리","1943-01-01","1945-12-28","2","보조수원","10","1","1","1","10","100","필댐(죤형)","810","60","9","6","6","0","사통형","120","119","116"
"4723010439","고려장","경상북도 영천시 화남면 사천리","1943-01-01","1945-12-28","2","보조수원","5","0","0","9","10","100","필댐(죤형)","619","55","7","4","4","0","사통형","124","123","120"
"4723010440","보두막","경상북도 영천시 화남면 사천리","1943-01-01","1945-12-28","2","보조수원","5","0","0","1","10","100","필댐(죤형)","894","65","9","9","9","0","사통형","119","119","115"
"4723010441","배암골","경상북도 영천시 화남면 사천리","1943-01-01","1945-12-28","2","보조수원","8","1","1","1","10","100","필댐(죤형)","580","58","6","7","7","0","사통형","114","114","110"
"4723010443","노방","경상북도 영천시 화남면 사천리","1976-01-01","1979-01-01","1","주수원","272","11","10","78","10","100","필댐(죤형)","7423","185","17","351","351","0","사통형","121","120","109"
"4723010447","골안","경상북도 영천시 화남면 대천리","1943-01-01","1945-12-28","2","보조수원","39","2","2","2","10","100","필댐(죤형)","1183","97","7","44","44","0","사통형","135","135","130"
"4723010448","마골","경상북도 영천시 화남면 선천리","1943-01-01","1945-12-28","2","보조수원","20","1","1","4","10","100","필댐(죤형)","870","58","6","9","9","0","사통형","139","139","135"
"4723010449","신(화남)","경상북도 영천시 화남면 대천리","1943-01-01","1945-12-28","2","보조수원","25","1","1","2","10","100","필댐(죤형)","564","49","7","6","6","0","사통형","118","117","114"
"4723010455","선천","경상북도 영천시 화남면 선천리","1943-01-01","1945-12-28","2","보조수원","15","0","0","1","10","100","필댐(죤형)","390","50","5","6","6","0","사통형","128","128","124"
"4723010456","한곡","경상북도 영천시 화남면 선천리","1979-01-01","1981-01-01","1","보조수원","68","8","7","1","10","100","필댐(죤형)","9576","171","21","417","417","0","사통형","131","131","114"
"4723010525","황강","경상북도 영천시 임고면 황강리","1943-01-01","1945-12-28","2","보조수원","16","1","1","2","10","100","필댐(죤형)","875","125","3","8","8","0","사통형","115","114","112"
"4723010544","대곡(임고)","경상북도 영천시 임고면 효리","1943-01-01","1945-12-28","2","보조수원","45","0","0","3","10","100","필댐(죤형)","600","64","5","3","3","0","사통형","127","126","124"
"4723010545","방목","경상북도 영천시 임고면 효리","1943-01-01","1945-12-28","2","보조수원","49","0","0","3","10","100","필댐(죤형)","827","104","4","8","7","1","사통형","120","119","117"
"4723010546","돌성곡","경상북도 영천시 임고면 효리","1943-01-01","1945-12-28","2","보조수원","27","0","0","2","10","100","필댐(죤형)","440","55","4","5","5","0","사통형","124","123","121"
"4723010558","임고","경상북도 영천시 임고면 사리","2011-09-26","2013-12-31","1","주수원","2684","55","50","206","10","100","필댐(죤형)","10086","275","22","3180","3180","0","취수탑형","168","167","152"
"4723010584","우항","경상북도 영천시 임고면 우항리","1943-01-01","1945-12-28","2","보조수원","3","2","2","1","10","100","필댐(죤형)","796","80","7","10","10","0","사통형","122","122","117"
"4723010597","양호","경상북도 영천시 임고면 우항리","1969-01-01","1970-01-01","2","보조수원","30","2","2","1","10","100","필댐(죤형)","2341","133","8","61","61","0","사통형","116","116","109"
"4723010669","용전","경상북도 영천시 고경면 용전리","1943-01-01","1945-12-28","2","보조수원","32","1","1","4","10","100","필댐(죤형)","1069","73","6","10","10","0","사통형","113","112","109"
"4723010673","서운","경상북도 영천시 고경면 도암리","1943-01-01","1945-12-28","2","보조수원","5","2","2","1","10","100","필댐(죤형)","2036","138","7","62","62","0","사통형","111","111","106"
"4723010718","차당","경상북도 영천시 고경면 차당리","1957-01-01","1961-01-01","2","주수원","988","9","8","18","10","100","필댐(죤형)","2563","149","9","137","137","0","사통형","110","109","104"
"4723010757","삼포","경상북도 영천시 고경면 삼포리","1957-01-01","1961-01-01","2","주수원","480","7","6","50","10","100","필댐(죤형)","4544","157","12","204","204","0","사통형","174","174","167"
"4723010767","고경","경상북도 영천시 고경면 파계리","1954-01-01","1956-12-31","1","주수원","1690","33","30","215","10","100","필댐(죤형)","6789","146","17","1346","1346","0","사통형","164","163","152"
"4723010818","미망","경상북도 영천시 북안면 상리","1960-01-01","1963-01-01","2","보조수원","170","4","3","61","10","100","필댐(죤형)","9978","167","21","259","259","0","사통형","201","200","187"
"4723010819","두곡","경상북도 영천시 북안면 상리","1980-01-01","1982-01-01","2","보조수원","114","2","1","5","10","100","필댐(죤형)","4500","125","14","75","75","0","사통형","255","254","245"
"4723010837","도유","경상북도 영천시 북안면 도유리","1960-01-01","1963-01-01","1","주수원","570","17","16","143","10","100","필댐(죤형)","3563","100","15","581","581","0","사통형","159","158","148"
"4723010839","신(북안)","경상북도 영천시 북안면 명주리","1943-01-01","1945-12-28","2","보조수원","4","1","1","1","10","100","필댐(죤형)","982","82","7","18","18","0","사통형","135","134","130"
"4723010840","신방","경상북도 영천시 북안면 명주리","1943-01-01","1945-12-28","2","보조수원","2","1","1","4","10","100","필댐(죤형)","732","73","7","17","17","0","사통형","127","126","122"
"4723010851","외통","경상북도 영천시 북안면 용계리","1943-01-01","1945-12-28","2","보조수원","5","0","0","1","10","100","필댐(죤형)","744","88","4","5","5","0","사통형","138","137","135"
"4723010855","범백","경상북도 영천시 북안면 신대리","1943-01-01","1945-12-28","2","보조수원","49","3","3","3","10","100","필댐(죤형)","1956","120","7","86","86","0","사통형","120","119","114"
"4723010856","개","경상북도 영천시 북안면 신대리","1943-01-01","1945-12-28","2","보조수원","80","2","2","4","10","100","필댐(죤형)","2049","117","7","39","39","0","사통형","128","127","124"
"4723010857","구로","경상북도 영천시 북안면 신리리","1943-01-01","1945-12-28","2","보조수원","62","1","1","4","10","100","필댐(죤형)","1508","115","6","23","23","0","사통형","121","120","117"
"4723010858","마평","경상북도 영천시 북안면 신리리","1943-01-01","1945-12-28","2","보조수원","209","2","2","6","10","100","필댐(죤형)","2760","345","3","27","27","0","사통형","108","107","104"
"4723010859","하신","경상북도 영천시 북안면 신리리","1943-01-01","1945-12-28","2","보조수원","16","1","1","0","10","100","필댐(죤형)","2400","300","4","9","9","0","사통형","111","111","108"
"4723010880","원두평","경상북도 영천시 북안면 도천리","1943-01-01","1945-12-28","2","보조수원","27","0","0","1","10","100","필댐(죤형)","466","59","5","11","11","0","사통형","115","114","111"
"4723010929","황산","경상북도 영천시 북안면 반정리","1943-01-01","1945-12-28","2","보조수원","10","8","7","1","10","100","필댐(죤형)","2818","115","12","76","76","0","사통형","103","102","95"
"4723010930","불","경상북도 영천시 북안면 반정리","1943-01-01","1945-12-28","2","보조수원","15","4","3","1","10","100","필댐(죤형)","938","70","6","21","21","0","사통형","100","99","95"
"4723010931","소부","경상북도 영천시 북안면 반정리","1943-01-01","1945-12-28","2","보조수원","22","8","7","1","10","100","필댐(죤형)","1118","86","6","56","56","0","사통형","104","103","97"
"4723010939","대부","경상북도 영천시 북안면 반정리","1943-01-01","1945-12-28","2","보조수원","48","7","3","18","3","100","필댐(죤형)","2040","120","8","77","77","0","사통형","108","107","101"
"4723010940","옥평","경상북도 영천시 북안면 송포리","1943-01-01","1945-12-28","2","보조수원","45","2","2","6","10","100","필댐(죤형)","2030","140","6","53","53","0","사통형","89","88","84"
"4723010942","유상","경상북도 영천시 북안면 유상리","1943-01-01","1945-12-28","1","주수원","505","21","19","101","10","100","필댐(죤형)","13969","375","15","920","920","0","사통형","100","99","92"
"4723010951","불암","경상북도 영천시 대창면 직천리","1943-01-01","1945-12-28","1","주수원","340","13","12","78","10","100","필댐(죤형)","2565","110","14","479","479","0","사통형","157","157","149"
"4723011039","세곡","경상북도 영천시 대창면 병암리","1943-01-01","1945-12-28","2","보조수원","15","1","1","3","10","100","필댐(죤형)","827","88","6","14","14","0","사통형","92","92","89"
"4723011040","대운","경상북도 영천시 대창면 병암리","1943-01-01","1945-12-28","2","보조수원","98","5","5","23","10","100","필댐(죤형)","4432","190","10","119","119","0","사통형","99","98","93"
"4723011041","우장","경상북도 영천시 대창면 병암리","1943-01-01","1945-12-28","2","보조수원","12","1","1","2","10","100","필댐(죤형)","1174","86","6","54","54","0","사통형","88","88","80"
"4723011972","당외","경상북도 영천시 화산면 당지리","1943-01-01","1945-12-31","2","보조수원","5","0","0","","10","100","필댐(죤형)","118","67","7","9","9","0","사통형","154","153","0"
"4723011975","용계","경상북도 영천시 화남면 용계리","2001-12-28","2019-12-24","1","주수원","998","21","20","","10","200","필댐(죤형)","880425","172","45","3151","2808","343","취수탑형","230","228","198"
"4725010004","개운","경상북도 상주시 개운동","1944-06-02","1948-12-20","1","주수원","650","25","23","203","10","100","필댐(죤형)","97071","197","15","1195","1180","15","사통형","85","84","75"
"4725010007","오대","경상북도 상주시 오대동","1944-01-01","1945-01-01","2","보조수원","14","1","1","5","5","100","필댐(죤형)","1064","60","3","1","1","0","사통형","66","65","64"
"4725010011","흥각2","경상북도 상주시 오대동","1944-01-03","1945-01-01","2","보조수원","13","3","2","5","5","100","필댐(죤형)","16709","154","6","46","46","0","사통형","85","84","79"
"4725010013","서곡","경상북도 상주시 서곡동","1944-01-01","1945-01-01","2","보조수원","14","0","0","5","5","100","필댐(죤형)","5510","82","5","9","9","0","사통형","69","68","66"
"4725010034","오상","경상북도 상주시 중동면 오상리","1952-03-25","1955-12-31","2","주수원","300","6","5","44","10","200","필댐(죤형)","48127","124","12","229","229","0","사통형","91","89","78"
"4725010058","덕담","경상북도 상주시 사벌면 덕담리","1944-01-03","1945-01-01","2","보조수원","15","1","1","1","5","100","필댐(죤형)","2052","72","3","4","4","0","사통형","70","69","67"
"4725010061","덕가","경상북도 상주시 사벌면 덕가리","1965-11-02","1969-12-31","1","주수원","549","27","26","175","10","200","필댐(죤형)","136012","251","14","1141","1116","26","사통형","71","69","62"
"4725010066","화달","경상북도 상주시 사벌면 화달리","1944-01-01","1945-01-01","2","보조수원","8","1","1","3","5","100","필댐(죤형)","6887","95","5","3","3","0","사통형","57","56","55"
"4725010088","유대","경상북도 상주시 낙동면 신상리","1944-01-01","1945-01-01","2","보조수원","45","1","1","5","5","100","필댐(죤형)","7752","76","6","10","10","0","사통형","60","59","57"
"4725010103","청상","경상북도 상주시 청리면 청상리","1959-03-15","1964-12-30","1","주수원","1100","24","22","183","10","200","필댐(죤형)","217755","181","21","1574","1556","18","사통형","116","115","95"
"4725010144","덕곡","경상북도 상주시 모동면 덕곡리","1996-07-01","1999-12-20","1","주수원","200","10","10","76","10","200","필댐(죤형)","92498","130","16","511","486","25","사통형","282","281","269"
"4725010147","상판","경상북도 상주시 모동면 상판리","1971-05-25","1979-12-31","1","주수원","2200","74","72","928","10","200","필댐(죤형)","482492","277","24","5773","5679","94","취수탑형","287","285","269"
"4725010165","노류골","경상북도 상주시 화동면 선교리","1944-01-01","1945-01-01","2","보조수원","20","1","1","1","5","100","필댐(죤형)","6120","60","6","6","6","0","사통형","283","281","280"
"4725010166","판곡","경상북도 상주시 화동면 판곡리","1982-01-01","1988-01-01","1","주수원","412","24","23","191","10","100","필댐(죤형)","146761","178","15","1118","1062","56","사통형","308","307","298"
"4725010170","상덕","경상북도 상주시 화동면 신촌리","1944-01-01","1945-01-01","2","보조수원","60","3","2","10","10","100","필댐(죤형)","1710","120","6","20","20","0","사통형","264","263","261"
"4725010171","반곡","경상북도 상주시 화동면 반곡리","1942-09-22","1943-12-31","1","주수원","179","9","9","60","10","200","필댐(죤형)","64961","150","26","649","610","38","사통형","308","307","295"
"4725010174","보미","경상북도 상주시 화동면 보미리","1988-01-20","1998-01-01","1","주수원","430","12","11","110","10","200","필댐(죤형)","136055","144","19","644","557","87","사통형","301","300","289"
"4725010175","양지","경상북도 상주시 화동면 양지리","1988-01-20","1998-12-31","1","주수원","630","22","19","91","10","200","필댐(죤형)","295208","173","24","1650","1446","204","사통형","309","308","293"
"4725010209","앞실","경상북도 상주시 은척면 남곡리","1944-01-03","1945-01-03","2","보조수원","120","3","2","6","5","100","필댐(죤형)","5075","70","5","5","5","0","사통형","148","147","145"
"4725010214","황령","경상북도 상주시 은척면 황령리","1972-01-01","1975-12-31","1","주수원","420","9","8","143","10","100","필댐(죤형)","281929","147","26","608","606","2","사통형","214","213","194"
"4725010217","오태","경상북도 상주시 공검면 오태리","1952-03-30","1959-05-31","1","주수원","15040","145","139","997","10","200","필댐(죤형)","728442","858","17","8729","8291","438","사통형","88","87","77"
"4725010226","지평","경상북도 상주시 공검면 지평리","1944-08-01","1949-05-31","1","주수원","2556","60","61","584","10","100","필댐(죤형)","104328","167","18","3812","3718","94","취수탑형","94","93","81"
"4725010229","안룡","경상북도 상주시 이안면 안용리","1985-05-01","1990-05-01","1","주수원","325","12","10","144","10","200","필댐(죤형)","488513","190","31","997","987","10","사통형","173","172","151"
"4725010234","호암","경상북도 상주시 이안면 지산리","1944-01-03","1945-01-01","2","보조수원","7","1","1","3","5","100","필댐(죤형)","2144","57","4","4","4","0","사통형","101","100","97"
"4725010436","노류","경상북도 상주시 내서면 노류리","2006-11-29","2017-12-31","1","주수원","414","11","10","170","10","200","필댐(죤형)","154403","135","32","1038","982","57","취수탑형","184","183","166"
"4725010437","어산","경상북도 상주시 화동면 어산리","2006-11-29","2017-12-31","1","주수원","253","7","6","90","10","200","필댐(죤형)","108294","134","25","515","490","25","사통형","169","168","154"
"4725010446","북장","경상북도 상주시 내서면 북장리","2017-12-12","2019-12-31","2","주수원","251","5","4","","10","200","필댐(죤형)","83923","180","18","295","270","25","사통형","162","161","151"
"4725010447","상용","경상북도 상주시 화서면 상용리","2014-12-09","2019-12-31","1","주수원","267","6","6","","10","200","필댐(죤형)","83923","154","20","415","402","13","사통형","264","263","251"
"4725010448","평온","경상북도 상주시 화남면 평온리","2014-12-01","2019-12-31","1","주수원","114","4","4","","10","200","필댐(죤형)","167","122","36","440","438","2","사통형","248","247","227"
"4728010014","금림","경상북도 문경시 영순면 금림리","1945-01-01","1945-12-31","2","보조수원","18","0","0","1","10","50","필댐(죤형)","1395","72","5","6","6","0","사통형","71","70","67"
"4728010015","장안","경상북도 문경시 영순면 금림리","1945-01-01","1945-12-31","2","보조수원","45","3","2","10","10","50","필댐(죤형)","6347","130","9","30","30","0","사통형","111","110","107"
"4728010019","먼갓","경상북도 문경시 영순면 말응리","1952-01-01","1953-01-01","2","보조수원","31","1","1","4","10","50","필댐(죤형)","1395","90","10","14","14","0","사통형","81","81","78"
"4728010020","과곡","경상북도 문경시 산양면 과곡리","1963-01-01","1963-12-31","2","보조수원","13","1","1","6","10","50","필댐(죤형)","977","112","5","14","14","0","사통형","91","91","89"
"4728010021","두봉","경상북도 문경시 산양면 위만리","1945-01-01","1945-12-31","2","보조수원","16","1","1","6","10","50","필댐(죤형)","717","74","5","17","17","0","사통형","101","100","97"
"4728010022","우본","경상북도 문경시 산양면 우본리","1944-01-01","1954-01-01","1","주수원","315","23","21","221","10","50","필댐(죤형)","3643","143","8","617","605","12","사통형","81","79","74"
"4728010023","연화","경상북도 문경시 산양면 연소리","1961-01-01","1961-12-31","2","보조수원","83","2","1","7","10","50","필댐(죤형)","1017","125","4","24","24","0","사통형","86","85","82"
"4728010024","봉정","경상북도 문경시 산양면 봉정리","1945-01-01","1945-12-31","2","보조수원","13","1","1","5","10","50","필댐(죤형)","930","80","5","4","4","0","사통형","104","103","100"
"4728010025","평지","경상북도 문경시 산양면 평지리","1971-01-01","1976-01-01","1","보조수원","94","23","21","277","10","50","필댐(죤형)","9223","199","13","812","812","0","사통형","92","91","81"
"4728010033","약석","경상북도 문경시 산북면 약석리","1975-01-01","1976-01-01","2","보조수원","40","0","0","8","10","50","필댐(죤형)","521","56","4","5","5","0","사통형","120","119","116"
"4728010034","회룡","경상북도 문경시 산북면 회룡리","1959-01-01","1963-01-01","1","주수원","910","22","19","271","10","50","필댐(죤형)","7812","140","12","1407","1407","0","사통형","132","131","117"
"4728010036","경천","경상북도 문경시 동로면 마광리","1983-06-23","1990-01-01","1","주수원","9150","172","156","3098","10","200","필댐(죤형)","1902000","380","67","28220","27200","1020","취수탑형","231","229","192"
"4728010037","반암","경상북도 문경시 산양면 반곡리","1945-01-01","1945-12-31","2","보조수원","96","1","1","2","10","50","필댐(죤형)","2131","50","11","16","16","0","사통형","121","120","117"
"4728010073","문경","경상북도 문경시 문경읍 당포리","2000-12-15","2016-06-14","1","주수원","4700","50","40","650","10","200","필댐(죤형)","212460","217","35","3685","3567","118","취수탑형","242","240","222"
"4728010074","농암","경상북도 문경시 농암면 율수리","2004-11-11","2017-12-26","1","주수원","1450","19","17","","10","200","필댐(죤형)","","133","38","1922","1680","242","취수탑형","243","241","218"
"4729010004","남매","경상북도 경산시 계양동","1945-01-01","1947-12-30","1","주수원","80","40","38","159","10","100","필댐(죤형)","63140","520","9","1180","1120","60","사통형","60","59","52"
"4729010024","삼천","경상북도 경산시 삼풍동","1945-01-01","1947-12-30","2","주수원","7182","8","8","15","7","200","필댐(죤형)","29288","660","6","198","187","11","사통형","55","54","51"
"4729010058","연","경상북도 경산시 진량읍 선화리","1945-01-01","1947-12-30","1","주수원","42","22","21","56","10","200","필댐(죤형)","49375","1929","5","414","414","0","사통형","49","48","46"
"4729010059","입","경상북도 경산시 진량읍 선화리","1945-01-01","1947-12-30","2","주수원","42","5","5","13","10","100","필댐(죤형)","23188","380","6","48","48","0","사통형","63","62","60"
"4729010065","문천","경상북도 경산시 진량읍 문천리","1954-01-01","1959-01-01","1","주수원","1800","138","130","378","7","200","필댐(죤형)","89840","593","10","2533","2533","0","사통형","61","60","53"
"4729010116","진촌","경상북도 경산시 와촌면 소월리","1945-01-01","1947-12-30","2","주수원","310","2","2","33","10","100","필댐(죤형)","8803","143","6","79","79","0","사통형","74","73","68"
"4729010118","소월","경상북도 경산시 와촌면 소월리","1945-01-01","1959-01-01","1","주수원","1517","30","29","244","10","100","필댐(죤형)","133024","303","17","2066","2066","0","사통형","78","77","62"
"4729010121","천미","경상북도 경산시 와촌면 상암리","1943-01-01","1945-12-28","2","보조수원","137","4","4","9","10","100","필댐(죤형)","3823","207","9","50","50","0","사통형","69","68","65"
"4729010128","덕곡","경상북도 경산시 와촌면 신한리","1945-01-01","1947-12-30","2","보조수원","20","1","1","3","3","100","필댐(죤형)","7092","120","6","16","16","0","사통형","107","106","104"
"4729010129","신한","경상북도 경산시 와촌면 신한리","1956-01-01","1959-01-01","1","주수원","44","8","7","52","3","100","필댐(죤형)","41179","153","13","401","354","47","사통형","105","104","96"
"4729010169","신사","경상북도 경산시 용성면 덕천리","1945-01-01","1947-12-30","2","주수원","44","2","2","6","10","100","필댐(죤형)","13382","172","8","37","35","2","사통형","111","110","106"
"4729010170","덕곡","경상북도 경산시 용성면 덕천리","1945-01-01","1947-12-30","2","주수원","37","1","1","2","10","200","필댐(죤형)","6830","103","7","10","10","0","사통형","118","117","113"
"4729010172","철방","경상북도 경산시 용성면 송림리","1945-01-01","1947-12-30","2","주수원","5","1","1","2","10","100","필댐(죤형)","5437","88","7","18","18","0","사통형","117","116","111"
"4729010173","송림","경상북도 경산시 용성면 송림리","1988-01-01","2002-12-31","1","주수원","1153","22","21","224","10","200","필댐(죤형)","535168","222","46","3700","3488","212","취수탑형","156","155","123"
"4729010179","신당","경상북도 경산시 용성면 부제리","1945-01-01","1947-12-30","2","주수원","30","1","1","5","3","100","필댐(죤형)","5784","155","5","19","19","0","사통형","100","99","96"
"4729010180","미억","경상북도 경산시 용성면 부제리","1945-01-01","1947-12-30","2","주수원","10","2","2","8","10","100","필댐(죤형)","16514","217","7","70","70","0","사통형","107","106","102"
"4729010181","부제","경상북도 경산시 용성면 부제리","1945-01-01","1947-12-30","2","주수원","180","5","5","41","10","100","필댐(죤형)","32429","367","7","240","240","0","사통형","97","96","88"
"4729010183","하신","경상북도 경산시 용성면 곡신리","1945-01-01","1947-12-30","2","주수원","1200","5","5","16","10","100","필댐(죤형)","23393","720","6","114","114","0","사통형","86","85","81"
"4729010184","궁정","경상북도 경산시 용성면 부제리","1945-01-01","1947-12-30","2","주수원","15","1","1","4","10","100","필댐(죤형)","44069","141","5","27","25","2","사통형","88","87","84"
"4729010208","외촌","경상북도 경산시 용성면 외촌리","1972-01-01","1977-01-01","1","주수원","292","10","9","41","10","100","필댐(죤형)","122720","208","20","482","459","23","사통형","104","103","94"
"4729010264","송내","경상북도 경산시 남산면 송내리","1967-01-01","1975-01-01","1","주수원","530","23","21","57","10","200","필댐(죤형)","144533","378","16","1144","1087","57","사통형","112","111","98"
"4729010285","침법","경상북도 경산시 압량면 의송리","1945-01-01","1947-12-30","1","주수원","1240","17","15","37","10","100","필댐(죤형)","37048","1206","6","356","356","0","사통형","57","56","51"
"4729010313","송백","경상북도 경산시 남천면 신방리","1986-01-28","1999-02-28","1","주수원","345","13","12","124","10","200","필댐(죤형)","432914","237","36","1632","1463","169","취수탑형","200","199","181"
"4729010318","하도","경상북도 경산시 남천면 하도리","1986-01-28","1998-02-28","1","주수원","455","12","11","52","10","200","필댐(죤형)","300281","205","32","1262","1199","63","사통형","198","198","176"
"4729010319","용성","경상북도 경산시 용성면 송림리","1988-01-01","2002-12-31","1","주수원","738","19","15","47","10","200","필댐(죤형)","276696","172","34","1963","1943","20","취수탑형","150","149","124"
"4772010073","알령","경상북도 군위군 소보면 송원리","1944-01-01","1945-12-30","2","보조수원","5","1","1","6","3","100","필댐(죤형)","700","70","5","16","16","0","사통형","84","82","80"
"4772010099","어미","경상북도 군위군 소보면 서경리","1979-01-01","1980-12-30","2","보조수원","380","1","1","5","3","100","필댐(죤형)","800","80","5","14","14","0","사통형","89","87","85"
"4772010100","괴겸","경상북도 군위군 소보면 평호리","1944-01-01","1945-12-31","2","보조수원","30","1","1","3","1","100","필댐(죤형)","350","80","4","19","19","0","사통형","101","99","97"
"4772010105","산호","경상북도 군위군 소보면 산법리","1952-01-01","1956-12-30","1","주수원","700","19","11","137","3","100","필댐(죤형)","21280","152","14","516","460","56","사통형","103","102","91"
"4772010107","내의","경상북도 군위군 소보면 내의리","1970-01-01","1976-12-20","1","주수원","370","4","4","45","10","100","필댐(죤형)","13786","135","17","367","346","21","사통형","81","80","71"
"4772010180","고남","경상북도 군위군 부계면 창평리","1944-01-01","1945-12-30","2","보조수원","15","0","0","0","10","100","필댐(죤형)","180","40","4","2","2","0","사통형","160","159","157"
"4772010181","남방","경상북도 군위군 부계면 창평리","1944-01-01","1945-12-30","2","보조수원","50","1","1","2","3","100","필댐(죤형)","370","85","4","7","7","0","사통형","164","164","163"
"4772010182","창평","경상북도 군위군 부계면 창평리","1945-01-01","1958-12-30","1","주수원","333","10","9","62","5","100","필댐(죤형)","19000","190","14","327","325","2","사통형","168","166","159"
"4772010189","동림","경상북도 군위군 부계면 가호리","1970-01-01","1972-12-30","2","주수원","230","4","4","16","5","100","필댐(죤형)","22784","178","16","238","238","0","사통형","253","252","241"
"4772010209","텃골","경상북도 군위군 산성면 무암리","1944-01-01","1945-12-30","2","보조수원","30","1","1","2","7","100","필댐(죤형)","630","63","5","9","9","0","사통형","166","165","163"
"4772010312","답하","경상북도 군위군 산성면 봉림리","1964-01-01","1965-12-30","2","보조수원","50","1","1","1","7","100","필댐(죤형)","440","66","5","14","14","0","사통형","198","198","195"
"4772010316","다리골","경상북도 군위군 산성면 봉림리","1944-01-01","1945-12-30","2","보조수원","22","1","1","1","7","100","필댐(죤형)","430","55","6","8","8","0","사통형","198","198","196"
"4772010318","백학","경상북도 군위군 산성면 백학리","1952-01-01","1958-12-30","1","주수원","570","10","10","102","7","100","필댐(죤형)","33040","236","14","429","429","0","사통형","203","202","192"
"4772010328","봉림","경상북도 군위군 산성면 봉림리","1954-01-01","1958-12-30","2","주수원","150","5","4","22","10","100","필댐(죤형)","8742","94","16","147","130","17","사통형","198","197","187"
"4772010332","가는골","경상북도 군위군 산성면 삼산리","1944-01-01","1945-12-30","2","보조수원","10","1","1","1","7","100","필댐(죤형)","330","50","5","5","5","0","사통형","188","188","186"
"4772010342","화본","경상북도 군위군 산성면 화전리","1954-01-01","1958-12-30","2","주수원","210","10","9","31","7","100","필댐(죤형)","15750","175","10","219","155","64","사통형","137","136","130"
"4772010346","고매","경상북도 군위군 효령면 매곡리","1995-08-02","2000-12-20","1","주수원","387","9","9","140","10","100","필댐(죤형)","245000","183","34","928","844","84","사통형","213","212","187"
"4772010347","가곡","경상북도 군위군 산성면 화전리","1970-01-01","1971-12-20","2","보조수원","93","4","3","10","7","100","필댐(죤형)","765","137","11","130","126","4","사통형","166","165","161"
"4772010711","평호","경상북도 군위군 소보면 평호리","2011-12-29","2016-12-26","1","주수원","340","7","7","","10","200","필댐(죤형)","108414","161","20","498","464","35","사통형","132","131","120"
"4773010079","후평","경상북도 의성군 단촌면 후평리","1939-01-01","1940-12-30","2","보조수원","62","2","2","35","3","100","필댐(죤형)","3100","97","8","35","35","0","사통형","158","158","153"
"4773010098","점곡","경상북도 의성군 점곡면 동변리","1970-01-01","1975-12-30","1","주수원","485","15","14","47","3","100","필댐(죤형)","22453","243","17","799","791","8","사통형","199","198","187"
"4773010099","중리","경상북도 의성군 점곡면 사촌리","1944-01-01","1945-12-30","2","보조수원","28","0","1","3","3","100","필댐(죤형)","630","48","6","7","7","0","사통형","178","178","176"
"4773010103","교곡","경상북도 의성군 점곡면 송내리","1965-01-01","1966-12-30","2","보조수원","29","0","1","2","3","200","필댐(죤형)","250","50","5","21","21","0","사통형","179","178","176"
"4773010106","각곡","경상북도 의성군 점곡면 윤암리","1944-01-01","1945-12-30","2","보조수원","50","1","1","2","3","200","필댐(죤형)","1080","82","4","4","4","0","사통형","192","192","189"
"4773010111","수봉","경상북도 의성군 옥산면 구성리","1944-01-01","1945-12-30","2","보조수원","40","0","1","7","3","100","필댐(죤형)","2600","52","10","29","29","0","사통형","229","228","223"
"4773010112","전대","경상북도 의성군 옥산면 구성리","1944-01-01","1945-12-30","2","보조수원","24","1","1","3","3","100","필댐(죤형)","1950","50","6","11","11","0","사통형","268","267","264"
"4773010129","실업","경상북도 의성군 옥산면 감계리","1984-01-01","1985-12-30","2","주수원","224","6","6","24","8","100","필댐(죤형)","130","130","14","254","254","0","사통형","243","242","232"
"4773010133","금봉","경상북도 의성군 옥산면 금학리","2011-09-26","2013-12-31","1","주수원","2744","68","62","234","10","200","필댐(죤형)","734500","188","41","7416","7259","157","취수탑형","322","320","294"
"4773010137","독점","경상북도 의성군 옥산면 입암리","1966-01-03","1967-12-30","2","보조수원","20","1","0","5","3","100","필댐(죤형)","1460","70","5","9","9","0","사통형","214","213","209"
"4773010142","조곡","경상북도 의성군 옥산면 신계리","1938-01-01","1939-12-30","2","보조수원","20","1","1","3","3","100","필댐(죤형)","2940","70","7","20","20","0","사통형","233","232","228"
"4773010145","신계","경상북도 의성군 옥산면 신계리","1971-01-01","1973-12-30","2","주수원","162","6","5","90","3","100","필댐(죤형)","76","153","20","296","277","19","사통형","250","249","240"
"4773010162","매곡","경상북도 의성군 사곡면 매곡리","1976-07-01","1977-12-31","1","주수원","500","9","9","66","10","200","필댐(죤형)","13552","121","14","422","394","28","사통형","158","157","148"
"4773010254","가음","경상북도 의성군 가음면 양지리","2011-09-26","2013-12-31","1","주수원","1750","76","69","225","10","200","필댐(죤형)","209320","278","17","4704","4574","130","취수탑형","131","130","117"
"4773010448","기","경상북도 의성군 구천면 위성리","1939-01-01","1940-12-30","2","보조수원","178","6","6","30","10","100","필댐(죤형)","8344","171","12","159","159","0","사통형","95","94","87"
"4773010451","조성","경상북도 의성군 구천면 조성리","1952-01-01","1959-12-30","1","주수원","1855","60","57","663","10","100","필댐(죤형)","25800","258","17","3597","3296","301","취수탑형","94","93","79"
"4773010468","용암","경상북도 의성군 단밀면 위중리","1945-02-02","1958-12-30","1","주수원","368","14","14","222","5","200","필댐(죤형)","15450","206","15","828","766","62","사통형","70","69","59"
"4773010492","새덕","경상북도 의성군 단북면 노연리","1944-01-01","1945-12-30","2","보조수원","15","1","1","6","10","100","필댐(죤형)","65","65","4","8","8","0","사통형","58","57","55"
"4773010493","수동","경상북도 의성군 단북면 정안리","1943-01-01","1945-12-30","2","보조수원","75","4","4","31","10","100","필댐(죤형)","165","165","5","49","49","0","사통형","56","56","53"
"4773010494","벼락","경상북도 의성군 단북면 정안리","1941-01-01","1946-12-30","2","보조수원","71","3","3","37","10","100","필댐(죤형)","5","200","6","20","20","0","사통형","47","47","45"
"4773010495","소","경상북도 의성군 단북면 연제리","1949-01-01","1950-12-30","2","보조수원","67","3","3","23","10","100","필댐(죤형)","100","100","4","10","10","0","사통형","50","50","47"
"4773010496","정곡","경상북도 의성군 단북면 연제리","1944-01-01","1945-12-30","2","보조수원","29","1","1","7","10","100","필댐(죤형)","720","60","5","6","6","0","사통형","59","58","56"
"4773010497","구룡","경상북도 의성군 단북면 연제리","1945-01-01","1946-12-30","2","보조수원","38","2","2","19","10","100","필댐(죤형)","3","80","6","8","8","0","사통형","52","52","50"
"4773010498","선안","경상북도 의성군 단북면 효제리","1945-01-01","1946-12-30","2","보조수원","34","1","1","13","10","100","필댐(죤형)","55","55","6","6","6","0","사통형","52","52","50"
"4773010499","양덕","경상북도 의성군 단북면 성암리","1946-01-01","1947-12-30","2","보조수원","36","1","1","10","10","100","필댐(죤형)","50","50","5","8","8","1","사통형","54","54","52"
"4773010501","신당","경상북도 의성군 안계면 용기리","1939-01-01","1940-12-30","2","보조수원","41","2","2","19","10","100","필댐(죤형)","110","110","6","32","32","0","사통형","65","64","62"
"4773010506","개천","경상북도 의성군 안계면 봉양리","1945-07-29","1952-03-31","1","주수원","1295","56","53","795","10","100","필댐(죤형)","127530","327","12","1271","1259","12","사통형","61","60","54"
"4773010528","연","경상북도 의성군 안계면 시안리","1939-01-01","1940-12-30","2","보조수원","25","3","3","10","10","100","필댐(죤형)","943","131","4","20","20","0","사통형","58","58","55"
"4773010529","한동","경상북도 의성군 안계면 시안리","1944-01-01","1945-12-30","2","보조수원","85","3","2","17","10","100","필댐(죤형)","1250","125","5","24","24","0","사통형","62","61","59"
"4773010530","세레","경상북도 의성군 안계면 양곡리","1939-01-01","1940-12-30","2","보조수원","6","1","1","6","10","100","필댐(죤형)","110","110","5","32","11","21","사통형","68","67","64"
"4773010531","사제","경상북도 의성군 안계면 시안리","1954-01-01","1955-12-30","2","보조수원","51","2","2","26","10","100","필댐(죤형)","6","135","4","23","23","0","사통형","57","56","54"
"4773010532","사갑","경상북도 의성군 다인면 산내리","1950-01-01","1951-12-30","2","보조수원","50","1","1","15","10","100","필댐(죤형)","19","300","5","27","27","0","사통형","64","64","60"
"4773010533","모산","경상북도 의성군 다인면 가원리","1941-01-01","1942-12-30","2","보조수원","32","1","1","8","10","200","필댐(죤형)","17","180","6","18","18","0","사통형","55","55","52"
"4773010534","내송화","경상북도 의성군 다인면 송호리","1944-01-01","1945-12-30","2","보조수원","27","1","1","5","10","100","필댐(죤형)","0","74","6","9","9","0","사통형","88","88","85"
"4773010536","광덕","경상북도 의성군 다인면 도암리","1941-01-01","1942-12-30","2","보조수원","38","1","1","10","10","100","필댐(죤형)","7","90","5","15","15","0","사통형","62","62","59"
"4773010537","조산","경상북도 의성군 다인면 도암리","1939-01-01","1940-12-30","2","보조수원","107","2","2","11","10","100","필댐(죤형)","12250","350","7","21","21","0","사통형","73","72","70"
"4773010538","효천","경상북도 의성군 다인면 도암리","1959-01-01","1964-12-30","1","주수원","230","20","19","107","10","100","필댐(죤형)","13337","275","10","615","615","0","사통형","77","76","72"
"4773010545","행현","경상북도 의성군 다인면 덕지리","1962-01-01","1963-12-30","2","보조수원","32","1","1","6","10","100","필댐(죤형)","80","80","5","3","3","0","사통형","70","70","67"
"4773010556","용천","경상북도 의성군 다인면 삼분리","1941-01-01","1943-12-30","2","주수원","146","6","6","34","10","100","필댐(죤형)","200","129","10","98","96","2","사통형","73","71","65"
"4773010557","도관","경상북도 의성군 다인면 삼분리","1938-01-01","1940-12-30","2","보조수원","91","1","1","10","10","100","필댐(죤형)","11","150","5","25","25","0","사통형","62","62","60"
"4773010558","홍연","경상북도 의성군 다인면 삼분리","1941-01-01","1942-12-30","2","보조수원","54","1","1","10","7","100","필댐(죤형)","3600","150","8","35","35","0","사통형","55","54","51"
"4773010559","등곡","경상북도 의성군 다인면 삼분리","1949-01-01","1950-12-30","2","보조수원","29","1","1","8","10","100","필댐(죤형)","7","109","5","10","10","0","사통형","70","70","67"
"4773010560","삼풍","경상북도 의성군 다인면 삼분리","1951-01-01","1952-12-30","2","보조수원","84","1","1","12","10","100","필댐(죤형)","189","189","6","35","35","0","사통형","75","75","71"
"4773010563","벽수","경상북도 의성군 다인면 외정리","1941-01-01","1942-12-30","2","보조수원","75","1","1","15","10","100","필댐(죤형)","9","100","6","38","30","8","사통형","59","59","55"
"4773010564","가산","경상북도 의성군 다인면 외정리","1950-01-01","1951-12-30","2","보조수원","27","1","1","3","10","100","필댐(죤형)","19","120","8","9","9","0","사통형","72","71","68"
"4773010565","산정","경상북도 의성군 다인면 외정리","1951-01-01","1953-12-30","2","보조수원","27","1","1","3","10","100","필댐(죤형)","11","110","6","12","12","0","사통형","77","77","74"
"4773010566","대동","경상북도 의성군 다인면 달제리","1950-01-01","1952-12-30","2","보조수원","63","3","1","10","10","100","필댐(죤형)","15","120","7","53","43","10","사통형","129","128","125"
"4773010567","내산정","경상북도 의성군 다인면 외정리","1953-01-01","1954-12-30","2","보조수원","25","1","1","3","10","100","필댐(죤형)","14","92","8","9","9","0","사통형","70","70","67"
"4773010568","신산","경상북도 의성군 다인면 신락리","1946-01-01","1948-12-30","2","보조수원","54","3","3","12","10","100","필댐(죤형)","110","110","8","41","41","0","사통형","51","50","48"
"4773010569","상신","경상북도 의성군 다인면 신락리","1951-01-01","1952-12-30","2","보조수원","32","1","1","10","10","100","필댐(죤형)","90","90","6","3","3","0","사통형","58","58","55"
"4773010666","삼춘","경상북도 의성군 안평면 삼춘리","2003-10-20","2006-12-20","2","주수원","320","5","4","39","10","200","필댐(죤형)","4440","136","20","223","219","4","사통형","151","150","139"
"4773011311","사곡","경상북도 의성군 사곡면 공정리","2000-12-18","2015-09-30","1","주수원","1340","60","56","427","10","200","필댐(죤형)","64022","228","35","6074","5175","899","취수탑형","186","185","168"
"4773011312","중하","경상북도 의성군 안사면 중하리","2015-08-26","2019-12-24","1","주수원","240","10","10","","10","200","필댐(죤형)","767059","192","30","913","794","119","사통형","187","186","168"
"4775010009","청운","경상북도 청송군 청송읍 청운리","1957-01-01","1963-01-01","2","주수원","105","3","3","41","10","100","필댐(죤형)","390","100","13","137","130","7","사통형","254","253","245"
"4775010011","묘곡","경상북도 청송군 청송읍 송생리","1943-01-01","1945-01-01","2","보조수원","5","9","8","8","5","100","필댐(죤형)","81","55","6","95","90","5","사통형","243","242","239"
"4775010055","화장","경상북도 청송군 부남면 화장리","1983-01-01","1987-12-31","1","주수원","1692","51","44","123","10","200","필댐(코어형)","137324","180","26","3455","3404","52","취수탑형","381","379","363"
"4775010064","질부곡","경상북도 청송군 현동면 거성리","1943-01-01","1944-10-20","2","보조수원","12","1","1","1","10","100","필댐(죤형)","164","53","10","15","14","1","사통형","303","303","297"
"4775010065","뒷골","경상북도 청송군 현동면 거성리","1943-01-01","1945-01-01","2","보조수원","12","1","1","1","10","100","필댐(죤형)","154","56","10","15","14","1","사통형","302","301","298"
"4775010066","신풍","경상북도 청송군 현동면 거성리","1964-01-01","1971-01-01","1","주수원","3060","28","25","99","10","200","필댐(죤형)","390","196","13","725","688","37","사통형","318","317","310"
"4775010073","월매","경상북도 청송군 현동면 월매리","1987-10-01","1997-12-31","1","주수원","920","10","9","180","10","200","필댐(죤형)","1947","146","30","862","818","44","사통형","381","380","355"
"4775010109","오리골","경상북도 청송군 안덕면 복리","1943-01-01","1945-01-01","2","보조수원","114","2","2","3","10","100","필댐(죤형)","99","126","8","51","48","3","사통형","292","291","286"
"4775010112","장전","경상북도 청송군 안덕면 장전리","1956-01-01","1959-12-31","1","주수원","450","12","11","118","10","200","필댐(죤형)","510","260","15","450","427","23","사통형","321","319","312"
"4775010117","우질","경상북도 청송군 안덕면 문거리","1943-01-01","1945-01-01","2","보조수원","31","1","1","3","5","100","필댐(죤형)","300","54","14","32","30","2","사통형","278","277","273"
"4775010118","제동","경상북도 청송군 안덕면 장전리","1943-01-01","1945-01-01","2","보조수원","72","4","4","6","5","100","필댐(죤형)","83","100","8","92","87","5","사통형","287","286","281"
"4775010122","운지곡","경상북도 청송군 안덕면 복리","1943-01-01","1945-01-01","2","보조수원","50","1","1","3","5","100","필댐(죤형)","97","62","7","24","22","2","사통형","318","317","313"
"4775010123","복사곡","경상북도 청송군 안덕면 복리","1943-01-01","1945-01-01","2","보조수원","30","1","1","1","5","100","필댐(죤형)","66","66","6","39","35","4","사통형","305","305","301"
"4775010124","이치미","경상북도 청송군 안덕면 복리","1937-01-01","1938-12-30","2","보조수원","23","0","0","16","5","100","필댐(죤형)","62","71","6","16","15","1","사통형","309","309","304"
"4775010125","못골","경상북도 청송군 안덕면 복리","1943-01-01","1945-01-01","2","보조수원","22","1","1","1","10","100","필댐(죤형)","92","87","7","25","23","2","사통형","314","314","309"
"4775010126","부곡","경상북도 청송군 안덕면 복리","1943-01-01","1945-01-01","2","보조수원","24","0","0","1","5","100","필댐(죤형)","112","60","8","11","10","1","사통형","303","303","297"
"4775010127","김천","경상북도 청송군 안덕면 복리","1943-01-01","1944-12-30","2","보조수원","53","1","1","17","3","50","필댐(죤형)","10800","60","10","17","16","1","사통형","317","317","311"
"4775010128","감포","경상북도 청송군 안덕면 성재리","1943-01-01","1945-12-31","2","보조수원","42","0","0","1","5","100","필댐(죤형)","8400","75","8","11","10","1","사통형","324","323","318"
"4775010129","덕재","경상북도 청송군 안덕면 덕성리","1943-01-01","1945-01-01","2","보조수원","76","1","1","5","5","100","필댐(죤형)","79","77","7","23","21","2","사통형","317","317","313"
"4775010130","송림","경상북도 청송군 안덕면 덕성리","1943-01-01","1945-01-01","2","보조수원","23","1","1","8","5","100","필댐(죤형)","151","68","9","29","27","2","사통형","316","316","314"
"4775010131","덕성","경상북도 청송군 안덕면 덕성리","1943-01-01","1945-01-01","2","보조수원","56","0","0","5","10","100","필댐(죤형)","170","40","10","6","5","1","사통형","303","302","296"
"4775010132","금평(공평)","경상북도 청송군 안덕면 성재리","1943-01-01","1945-01-01","2","보조수원","41","0","0","1","10","100","필댐(죤형)","59000","38","8","6","5","1","사통형","323","322","316"
"4775010133","은평","경상북도 청송군 안덕면 성재리","1943-01-01","1945-01-01","2","보조수원","191","1","1","1","5","100","필댐(죤형)","40","73","7","22","20","2","사통형","350","350","345"
"4775010134","용담","경상북도 청송군 안덕면 성재리","1943-01-01","1945-01-01","2","보조수원","18","1","1","6","3","100","필댐(죤형)","72","43","6","7","6","1","사통형","330","329","325"
"4775010153","오누이하","경상북도 청송군 진보면 진안리","1943-01-01","1945-01-01","2","보조수원","9","1","1","2","7","100","필댐(죤형)","53","451","5","13","9","4","사통형","198","198","196"
"4775010154","오누이상","경상북도 청송군 진보면 진안리","1943-01-01","1945-01-01","2","보조수원","9","1","1","2","7","100","필댐(죤형)","20","113","5","13","12","1","사통형","202","201","199"
"4775010157","조항","경상북도 청송군 진보면 진안리","1943-01-01","1944-10-20","2","보조수원","10","1","1","2","7","100","필댐(죤형)","16","77","4","10","9","1","사통형","213","212","210"
"4775010168","광덕","경상북도 청송군 진보면 광덕리","1943-01-01","1945-01-01","2","보조수원","50","3","3","2","5","100","필댐(죤형)","38188","125","13","64","64","0","사통형","182","181","175"
"4775010170","각산","경상북도 청송군 진보면 각산리","1986-01-01","1987-12-31","2","보조수원","285","6","5","5","10","200","필댐(죤형)","82246","170","17","97","97","0","사통형","215","213","201"
"4775010176","고현","경상북도 청송군 진보면 고현리","1953-01-01","1959-12-31","1","주수원","3500","37","36","181","10","200","필댐(죤형)","630493","195","14","2123","2068","55","사통형","211","211","202"
"4775010179","대원상","경상북도 청송군 진보면 신촌리","1943-01-01","1945-01-01","2","보조수원","15","3","3","3","3","100","필댐(죤형)","32","210","4","20","19","1","사통형","256","256","251"
"4775010180","대원하","경상북도 청송군 진보면 신촌리","1943-01-01","1945-01-01","2","보조수원","8","1","1","1","5","100","필댐(죤형)","48","94","5","15","14","1","사통형","251","250","247"
"4775010181","배골","경상북도 청송군 진보면 신촌리","1943-01-01","1945-01-01","2","보조수원","8","0","0","1","5","100","필댐(죤형)","32","33","4","8","7","1","사통형","241","240","238"
"4775010183","갈평","경상북도 청송군 진보면 괴정리","1967-01-01","1971-12-31","1","주수원","743","19","18","121","10","200","필댐(죤형)","486127","251","44","2057","1963","94","취수탑형","332","331","307"
"4775010184","대맥이","경상북도 영양군 영양읍 상원리","1943-01-01","1945-01-01","2","보조수원","15","0","0","1","5","100","필댐(죤형)","9","83","4","1","1","0","사통형","248","248","246"
"4775010185","분티골","경상북도 영양군 석보면 택전리","1943-01-01","1945-01-01","2","보조수원","43","0","0","3","10","100","필댐(죤형)","48","55","5","8","7","1","사통형","252","251","248"
"4775010186","가창상","경상북도 청송군 파천면 중평리","1953-03-14","1954-12-30","2","보조수원","38","0","0","1","10","50","필댐(죤형)","2970","45","6","5","5","0","사통형","234","233","210"
"4775010187","가창하","경상북도 청송군 파천면 중평리","1953-03-10","1954-12-31","2","보조수원","38","0","0","1","10","50","필댐(죤형)","2310","66","7","10","10","0","사통형","226","225","219"
"4775010188","진안","경상북도 청송군 진보면 진안리","2007-12-25","2010-12-31","2","보조수원","32","3","3","113","10","200","필댐(균일형)","162000","140","31","284","279","5","사통형","240","239","222"
"4776010005","연지","경상북도 영양군 영양읍 삼지리","1943-01-01","1945-01-01","2","보조수원","40","3","3","10","7","100","필댐(죤형)","76","155","6","40","38","2","사통형","243","242","240"
"4776010006","내원당","경상북도 영양군 영양읍 하원리","1943-01-01","1945-01-01","2","보조수원","14","3","3","2","7","100","필댐(죤형)","99","200","8","7","6","1","사통형","244","243","240"
"4776010014","탑구","경상북도 영양군 입암면 신구리","1943-01-01","1945-01-01","2","보조수원","15","1","1","1","10","100","필댐(죤형)","29","203","4","15","14","1","사통형","210","209","208"
"4776010024","파대","경상북도 영양군 영양읍 삼지리","1943-01-01","1944-12-30","2","보조수원","72","9","8","1","10","100","필댐(죤형)","60","120","5","25","23","2","사통형","227","226","223"
"4776010027","왕산","경상북도 영양군 입암면 노달리","1943-01-01","1945-01-20","2","보조수원","40","1","1","1","10","100","필댐(죤형)","66","120","6","4","4","0","사통형","209","208","206"
"4776010028","대평","경상북도 영양군 석보면 지경리","1943-01-01","1945-01-01","2","보조수원","10","1","1","2","10","100","필댐(죤형)","39","118","5","2","2","0","사통형","201","200","198"
"4776010029","목곡","경상북도 영양군 입암면 방전리","1949-01-01","1951-01-01","2","보조수원","10","1","1","2","7","100","필댐(죤형)","140","56","9","13","12","1","사통형","198","198","194"
"4776010030","연안골","경상북도 영양군 입암면 병옥리","1943-01-01","1945-01-01","2","보조수원","138","1","1","7","5","100","필댐(죤형)","186","58","11","19","18","1","사통형","200","198","192"
"4776010031","흥구","경상북도 영양군 입암면 흥구리","1943-01-01","1944-12-30","2","보조수원","35","1","1","1","10","100","필댐(죤형)","407","96","16","30","28","2","사통형","197","197","190"
"4776010038","저연","경상북도 영양군 입암면 연당리","1958-01-01","1960-01-01","2","보조수원","41","1","1","1","10","100","필댐(죤형)","229","40","11","28","26","2","사통형","220","219","215"
"4776010039","저동상","경상북도 영양군 청기면 저리","1956-01-01","1960-01-01","2","주수원","160","2","2","10","10","100","필댐(죤형)","327","118","14","112","106","6","사통형","236","236","226"
"4776010040","저동하","경상북도 영양군 청기면 저리","1991-01-01","1994-01-01","2","보조수원","205","2","2","11","10","200","필댐(죤형)","306","98","13","104","98","6","사통형","224","223","218"
"4776010074","오기","경상북도 영양군 수비면 오기리","1957-01-01","1961-01-01","1","주수원","567","14","13","52","7","200","필댐(죤형)","363","220","13","412","391","21","사통형","429","428","419"
"4776010077","마우","경상북도 영양군 석보면 원리리","1949-01-01","1951-01-01","2","보조수원","11","1","1","3","10","100","필댐(죤형)","88","62","7","1","1","0","사통형","190","189","185"
"4776010082","아랫골","경상북도 영양군 석보면 택전리","1943-01-01","1945-01-01","2","보조수원","35","0","0","3","5","100","필댐(죤형)","48","27","5","1","1","0","사통형","242","242","239"
"4776010083","텃골","경상북도 영양군 석보면 택전리","1943-01-01","1944-10-20","2","보조수원","35","0","0","3","10","100","필댐(죤형)","35","40","5","4","4","0","사통형","246","245","243"
"4776010084","신평","경상북도 영양군 석보면 신평리","1943-01-01","1945-01-01","2","보조수원","4","0","0","3","10","100","필댐(죤형)","48","40","5","3","3","0","사통형","241","240","238"
"4776010088","용골","경상북도 영양군 석보면 택전리","1943-01-01","1945-01-01","2","보조수원","25","0","0","4","5","100","필댐(죤형)","48","45","5","5","5","0","사통형","259","258","256"
"4776010089","화매","경상북도 영양군 석보면 화매리","1990-12-27","1997-12-30","1","주수원","480","18","16","219","10","200","필댐(죤형)","446000","256","42","2090","1959","131","취수탑형","296","295","262"
"4776010097","파장","경상북도 영양군 입암면 산해리","1943-01-01","1944-12-30","2","보조수원","40","1","1","2","7","100","필댐(죤형)","48","200","5","2","2","0","사통형","197","197","195"
"4776010098","도곡","경상북도 영양군 일월면 도곡리","1996-05-14","2004-12-31","1","주수원","740","14","13","190","10","200","필댐(죤형)","266123","207","34","1191","1050","141","취수탑형","369","367","350"
"4776010177","청기","경상북도 영양군 청기면 당리","2000-12-15","2015-12-31","1","주수원","965","18","17","250","10","200","필댐(코어형)","461","171","44","2707","2477","230","취수탑형","490","489","460"
"4776010178","수비","경상북도 영양군 수비면 계리","2003-11-11","2016-04-30","1","주수원","990","13","12","238","10","200","필댐(죤형)","378230","215","38","1540","1502","39","취수탑형","461","459","437"
"4776010180","홍소","경상북도 영양군 석보면 홍계리","2011-01-03","2019-12-31","1","주수원","568","12","11","","10","200","필댐(죤형)","","177","34","1234","1210","24","취수탑형","302","301","278"
"4777010035","화전","경상북도 영덕군 강구면 화전리","1958-01-01","1963-01-01","2","주수원","200","3","2","40","10","200","필댐(죤형)","69400","111","17","168","159","9","사통형","74","73","60"
"4777010044","천율","경상북도 영덕군 남정면 회리","1945-01-01","1945-12-30","2","보조수원","125","1","1","5","10","200","필댐(죤형)","23000","108","10","69","65","4","사통형","97","96","89"
"4777010045","가지밭골","경상북도 영덕군 남정면 회리","1945-01-01","1947-12-30","2","보조수원","50","1","1","5","10","200","필댐(죤형)","3500","65","6","13","12","1","사통형","104","103","100"
"4777010046","회동","경상북도 영덕군 남정면 회리","1970-01-01","1975-01-01","1","주수원","710","5","4","81","10","200","필댐(죤형)","204000","288","17","368","345","23","사통형","139","138","124"
"4777010047","꼬부랑","경상북도 영덕군 남정면 양성리","1944-01-01","1945-01-01","2","보조수원","30","1","1","0","10","200","필댐(죤형)","759","46","3","1","1","0","기타","14","13","10"
"4777010048","양성","경상북도 영덕군 남정면 양성리","1968-01-01","1970-01-01","2","주수원","303","4","4","25","10","200","필댐(죤형)","51000","95","17","275","168","107","사통형","60","59","47"
"4777010053","사암","경상북도 영덕군 남정면 사암리","1970-01-01","1972-01-01","2","주수원","100","2","2","12","10","200","필댐(죤형)","6500","49","9","63","61","2","사통형","99","98","91"
"4777010054","도천","경상북도 영덕군 남정면 도천리","1940-12-20","1942-03-31","1","주수원","1380","20","17","257","10","200","필댐(죤형)","79810","121","17","1100","1052","48","사통형","58","56","46"
"4777010056","독곡","경상북도 영덕군 남정면 우곡리","1943-01-01","1945-01-01","2","주수원","12","2","1","4","10","200","필댐(죤형)","7014","26","12","6","6","0","사통형","69","68","62"
"4777010057","대곡","경상북도 영덕군 남정면 우곡리","1968-01-01","1970-01-01","2","주수원","149","1","1","14","10","200","필댐(죤형)","17810","50","13","76","76","0","사통형","114","113","106"
"4777010062","남정","경상북도 영덕군 남정면 남정리","1958-01-01","1964-01-01","2","주수원","900","7","7","49","10","200","필댐(죤형)","32203","70","14","276","244","32","사통형","54","53","46"
"4777010064","부흥","경상북도 영덕군 남정면 부흥리","1943-12-02","1945-01-01","2","보조수원","55","1","0","0","10","200","필댐(죤형)","1800","56","4","1","1","0","기타","23","22","18"
"4777010072","용전","경상북도 영덕군 달산면 용전리","1994-01-01","1998-01-01","2","보조수원","181","3","3","35","10","200","필댐(죤형)","101000","100","23","241","230","11","사통형","157","156","141"
"4777010074","봉산","경상북도 영덕군 달산면 봉산리","1965-01-01","1969-01-01","1","주수원","410","7","6","84","10","200","필댐(죤형)","113197","104","22","478","438","40","사통형","154","153","141"
"4777010102","묘곡","경상북도 영덕군 영해면 묘곡리","1997-12-31","2013-12-31","1","주수원","3530","81","76","1051","10","200","필댐(죤형)","243228","430","27","8671","8441","230","취수탑형","53","52","33"
"4777010104","병곡","경상북도 영덕군 병곡면 병곡리","1944-01-07","1945-01-01","2","보조수원","50","1","1","0","10","200","필댐(죤형)","2100","80","3","1","1","0","기타","15","14","11"
"4777010108","백록","경상북도 영덕군 병곡면 영리","1969-01-01","1970-01-01","1","주수원","469","8","8","110","10","200","필댐(죤형)","80800","85","25","630","625","5","사통형","90","89","79"
"4777010109","영동","경상북도 영덕군 병곡면 영리","1983-01-01","1988-01-01","1","보조수원","335","5","5","80","10","200","필댐(죤형)","114000","90","26","409","387","22","사통형","86","85","69"
"4777010117","각리","경상북도 영덕군 병곡면 각리리","1981-01-02","1982-01-01","2","보조수원","210","2","2","30","10","200","필댐(죤형)","48727","89","15","171","152","19","사통형","34","33","23"
"4777010124","수동","경상북도 영덕군 창수면 수리","1971-02-24","1975-12-31","1","주수원","625","6","5","121","10","200","필댐(죤형)","339000","153","23","434","433","1","사통형","173","171","159"
"4777010126","보림","경상북도 영덕군 창수면 백청리","1970-01-01","1975-12-31","2","주수원","630","4","4","85","10","200","필댐(죤형)","50291","69","22","261","236","25","사통형","219","217","202"
"4777010127","기사","경상북도 영덕군 지품면 기사리","1992-01-01","2001-01-01","1","주수원","450","10","10","151","10","200","필댐(죤형)","256394","169","38","1400","1242","158","사통형","380","379","353"
"4777010237","대곡","경상북도 영덕군 축산면 대곡리","1997-12-31","2013-12-31","1","주수원","420","11","10","153","10","200","필댐(죤형)","263793","178","36","1332","1301","30","취수탑형","145","144","113"
"4777010238","칠성","경상북도 영덕군 축산면 칠성리","1997-12-31","2013-12-31","1","주수원","418","11","11","160","10","200","필댐(죤형)","488032","264","41","1439","1212","227","취수탑형","157","155","135"
"4777010239","창수","경상북도 영덕군 창수면 창수리","1997-10-23","2013-12-31","1","주수원","280","11","11","140","10","200","필댐(죤형)","348307","204","37","1288","1116","172","취수탑형","284","283","264"
"4777010240","매현","경상북도 영덕군 달산면 옥산리","2007-01-31","2013-04-30","1","주수원","370","12","12","130","10","200","필댐(죤형)","","148","31","1290","1147","143","사통형","140","139","120"
"4777010241","속곡","경상북도 영덕군 지품면 속곡리","1992-05-15","2017-12-26","1","주수원","1232","9","8","","10","20","필댐(죤형)","167640","141","31","758","737","21","취수탑형","203","201","184"
"4782010003","화강","경상북도 청도군 화양읍 교촌리","1950-01-01","1954-01-01","1","주수원","648","6","6","109","10","200","필댐(죤형)","117264","400","14","398","398","0","사통형","128","127","116"
"4782010013","남성현","경상북도 청도군 화양읍 삼신리","1945-01-01","1947-12-30","1","주수원","540","5","5","65","10","200","필댐(죤형)","21381","225","17","316","300","16","사통형","134","133","120"
"4782010014","삼신","경상북도 청도군 화양읍 삼신리","1945-01-01","1947-12-30","2","주수원","420","7","7","18","10","200","필댐(죤형)","17088","320","6","76","76","0","사통형","115","114","112"
"4782010061","부야","경상북도 청도군 청도읍 부야리","1945-01-01","1947-12-30","1","주수원","244","9","9","69","10","100","필댐(죤형)","85478","330","13","388","387","2","사통형","106","105","97"
"4782010068","구사동","경상북도 청도군 각남면 사리","1970-01-01","1973-01-01","2","보조수원","15","2","2","3","7","100","필댐(죤형)","15770","154","9","52","50","2","사통형","176","174","170"
"4782010069","불당","경상북도 청도군 각남면 사리","1970-01-01","1972-12-01","2","보조수원","70","2","2","0","10","100","필댐(죤형)","2732","46","7","17","17","0","사통형","92","90","88"
"4782010076","구만","경상북도 청도군 각남면 녹명리","1968-01-01","1970-12-30","2","주수원","16","1","1","6","3","100","필댐(죤형)","12721","107","10","24","24","0","사통형","126","125","119"
"4782010078","사동","경상북도 청도군 각남면 사리","1980-01-01","1985-12-30","1","주수원","352","7","7","113","10","200","필댐(죤형)","346494","182","36","879","835","44","사통형","210","207","181"
"4782010080","대산","경상북도 청도군 각남면 옥산리","1945-01-01","1947-12-30","1","주수원","680","11","10","97","3","100","필댐(죤형)","75441","183","17","605","581","24","사통형","114","113","101"
"4782010094","금곡","경상북도 청도군 풍각면 금곡리","1969-01-01","1971-01-01","2","주수원","120","2","1","20","10","100","필댐(죤형)","9149","106","7","54","51","3","사통형","175","174","170"
"4782010128","지슬","경상북도 청도군 각북면 지슬리","1988-12-02","1996-12-30","1","주수원","320","11","10","116","10","200","필댐(죤형)","544287","228","41","1364","1349","15","사통형","267","266","240"
"4782010133","금천","경상북도 청도군 각북면 금천리","1986-01-01","1997-01-01","1","주수원","210","8","8","95","10","200","필댐(죤형)","316555","225","31","870","863","7","사통형","248","247","233"
"4782010138","강정","경상북도 청도군 이서면 칠엽리","1955-01-01","1958-01-01","1","주수원","580","10","9","50","10","200","필댐(죤형)","235000","228","13","419","418","1","사통형","135","133","125"
"4782010145","각계","경상북도 청도군 이서면 각계리","1945-01-01","1947-12-30","2","주수원","130","2","2","15","10","200","필댐(죤형)","91000","250","4","18","18","0","사통형","91","90","88"
"4782010150","수야","경상북도 청도군 이서면 수야리","1955-01-01","1958-01-01","1","주수원","425","14","12","153","10","100","필댐(죤형)","75378","257","14","649","584","65","사통형","142","141","132"
"4782010151","명곡","경상북도 청도군 이서면 수야리","1956-01-01","1958-01-01","2","주수원","85","2","2","13","10","100","필댐(죤형)","7486","180","5","56","56","0","사통형","126","125","121"
"4782010209","김전","경상북도 청도군 금천면 김전리","1995-01-01","1999-01-01","1","주수원","290","11","10","125","10","200","필댐(죤형)","163858","220","22","767","699","68","사통형","195","194","182"
"4782010210","대비","경상북도 청도군 금천면 박곡리","1992-01-01","1999-01-01","1","주수원","600","19","17","195","10","200","필댐(죤형)","256360","202","31","1522","1461","61","취수탑형","171","170","153"
"4782010211","우산","경상북도 청도군 각북면 우산리","1986-01-01","2000-01-01","1","주수원","160","9","8","80","10","200","필댐(죤형)","351258","209","37","753","746","7","취수탑형","195","194","170"
"4783010005","중화","경상북도 고령군 대가야읍 중화리","1956-01-01","1962-12-31","1","주수원","1610","25","23","164","5","200","필댐(죤형)","38456","176","12","793","765","28","사통형","108","107","100"
"4783010010","담마","경상북도 고령군 대가야읍 저전리","1944-05-18","1945-12-31","2","보조수원","27","2","2","32","5","100","필댐(죤형)","7242","213","4","32","32","0","사통형","94","93","90"
"4783010020","신동","경상북도 고령군 대가야읍 신리","1990-08-01","1997-12-31","1","주수원","290","11","10","110","10","200","필댐(죤형)","585225","405","34","928","827","101","사통형","165","164","146"
"4783010021","중촌","경상북도 고령군 대가야읍 외리","1944-06-14","1945-12-31","2","주수원","18","0","0","28","5","100","필댐(죤형)","3780","84","5","5","5","0","사통형","52","51","49"
"4783010022","앞산","경상북도 고령군 대가야읍 외리","1944-06-01","1945-12-31","2","보조수원","2","0","0","0","5","100","필댐(죤형)","567","14","5","1","1","0","사통형","55","54","53"
"4783010023","힌곡","경상북도 고령군 대가야읍 내곡리","1968-07-01","1969-12-31","2","보조수원","27","0","0","5","5","100","필댐(죤형)","5022","36","9","3","3","0","사통형","58","57","55"
"4783010024","바바골","경상북도 고령군 대가야읍 내곡리","1944-06-07","1945-12-31","2","보조수원","14","0","0","0","5","100","필댐(죤형)","2720","80","4","3","3","0","사통형","65","63","58"
"4783010025","구시골","경상북도 고령군 대가야읍 내곡리","1949-05-02","1950-12-31","2","주수원","70","3","3","46","5","50","필댐(죤형)","3520","103","4","11","11","0","사통형","64","63","61"
"4783010026","안일량","경상북도 고령군 대가야읍 내곡리","1961-07-03","1962-12-31","2","보조수원","28","1","1","6","5","100","필댐(죤형)","5798","46","9","2","2","0","사통형","54","53","51"
"4783010029","덕곡","경상북도 고령군 덕곡면 노리","2010-12-24","2015-01-31","1","주수원","2058","29","28","389","10","200","필댐(죤형)","642000","219","54","4994","4811","184","취수탑형","184","183","154"
"4783010035","옥계","경상북도 고령군 덕곡면 옥계리","1985-04-19","1996-12-24","1","주수원","152","3","3","47","10","200","필댐(죤형)","189125","125","34","319","289","30","사통형","189","188","171"
"4783010039","인곡","경상북도 고령군 덕곡면 본리리","1958-07-01","1959-12-31","2","보조수원","4","1","0","0","5","100","필댐(죤형)","5653","119","5","8","8","0","사통형","79","78","75"
"4783010042","웃들","경상북도 고령군 덕곡면 예리","1944-06-14","1945-12-31","2","보조수원","1","1","0","0","5","100","필댐(죤형)","6175","130","5","6","6","0","사통형","75","74","74"
"4783010046","사부골","경상북도 고령군 운수면 봉평리","1944-06-02","1945-12-31","2","주수원","92","2","2","9","5","100","필댐(죤형)","4750","100","5","60","60","0","사통형","63","62","58"
"4783010047","새꼬지","경상북도 고령군 운수면 봉평리","1944-06-05","1945-12-31","2","보조수원","13","1","0","8","5","100","필댐(죤형)","1938","57","4","9","9","0","사통형","66","66","64"
"4783010052","노수골","경상북도 고령군 운수면 대평리","1944-05-17","1945-12-31","2","보조수원","192","1","1","0","5","100","필댐(죤형)","5855","170","4","2","2","0","사통형","65","64","63"
"4783010056","뒷개울","경상북도 고령군 운수면 신간리","1944-06-06","1945-12-31","2","보조수원","8","1","1","8","5","100","필댐(죤형)","1800","60","4","18","18","0","사통형","78","77","75"
"4783010059","법동","경상북도 고령군 운수면 법리","1944-06-07","1945-12-31","2","주수원","106","3","2","22","5","100","필댐(죤형)","17760","80","12","62","62","0","사통형","107","106","98"
"4783010061","청용","경상북도 고령군 운수면 법리","1967-06-23","1968-12-31","2","보조수원","40","1","1","4","5","100","필댐(죤형)","5820","194","4","10","10","0","사통형","68","67","65"
"4783010069","거러실","경상북도 고령군 운수면 화암리","1944-06-21","1945-12-31","2","보조수원","32","1","1","9","10","100","필댐(죤형)","7200","120","6","12","10","2","사통형","64","63","60"
"4783010074","신기지","경상북도 고령군 성산면 오곡리","1944-06-01","1945-12-31","2","보조수원","21","0","0","7","5","100","필댐(죤형)","2338","55","5","6","6","0","사통형","42","42","37"
"4783010075","아름다울","경상북도 고령군 성산면 오곡리","1944-07-13","1945-12-31","2","보조수원","20","0","0","3","5","100","필댐(죤형)","1900","40","5","6","6","0","사통형","49","48","45"
"4783010080","용소","경상북도 고령군 성산면 용소리","1944-07-19","1945-12-31","2","주수원","75","6","6","85","5","100","필댐(죤형)","32400","216","10","195","195","0","사통형","51","49","44"
"4783010103","주을","경상북도 고령군 다산면 곽촌리","1944-08-01","1945-12-31","2","보조수원","124","10","10","68","10","200","필댐(죤형)","64125","270","13","253","246","7","사통형","118","117","113"
"4783010108","안심","경상북도 고령군 다산면 월성리","1944-07-04","1945-12-31","2","주수원","16","1","1","8","5","100","필댐(죤형)","3240","90","5","10","10","0","사통형","43","41","39"
"4783010113","아시터","경상북도 고령군 다산면 나정리","1961-06-14","1962-12-31","2","보조수원","18","0","0","6","5","100","필댐(죤형)","3850","68","4","5","5","0","사통형","55","54","53"
"4783010114","불당","경상북도 고령군 다산면 나정리","1964-05-20","1965-01-01","2","보조수원","39","1","0","8","5","100","필댐(죤형)","2913","70","6","17","17","0","사통형","54","53","49"
"4783010120","웃골","경상북도 고령군 다산면 송곡리","1944-07-03","1945-12-31","2","보조수원","59","2","1","18","5","100","필댐(죤형)","3943","83","5","17","17","0","사통형","53","52","49"
"4783010123","사못","경상북도 고령군 개진면 양전리","1944-06-01","1945-12-31","2","보조수원","38","1","1","5","5","100","필댐(죤형)","7661","120","6","24","24","0","사통형","38","37","32"
"4783010125","방아골","경상북도 고령군 개진면 양전리","1969-07-29","1970-12-31","2","보조수원","17","1","1","2","10","100","필댐(죤형)","4241","130","6","11","11","0","사통형","45","44","41"
"4783010126","반운","경상북도 고령군 개진면 반운리","1944-08-01","1945-12-31","2","보조수원","8","1","0","6","5","100","필댐(죤형)","3080","95","5","10","10","0","사통형","42","41","39"
"4783010132","구곡","경상북도 고령군 개진면 구곡리","1944-06-05","1945-12-31","2","보조수원","181","1","1","19","5","100","필댐(죤형)","8218","173","5","20","20","0","사통형","31","30","28"
"4783010134","봉동","경상북도 고령군 개진면 구곡리","1944-07-04","1945-12-31","2","보조수원","55","1","1","0","5","100","필댐(죤형)","3344","62","6","8","8","0","사통형","43","43","40"
"4783010135","적산","경상북도 고령군 개진면 옥산리","1944-08-01","1945-12-31","2","보조수원","25","0","0","3","5","100","필댐(죤형)","1890","30","6","9","9","0","사통형","37","37","35"
"4783010143","속동","경상북도 고령군 우곡면 속리","1984-08-01","1947-12-31","2","보조수원","48","1","1","14","5","100","필댐(죤형)","7371","117","6","22","22","0","사통형","53","52","49"
"4783010144","윗마을","경상북도 고령군 우곡면 속리","1984-08-22","1985-12-31","2","주수원","77","1","1","13","5","100","필댐(죤형)","102960","54","9","24","24","0","사통형","54","53","47"
"4783010145","대평","경상북도 고령군 운수면 대평리","2003-09-24","2008-02-12","1","주수원","150","12","12","78","10","200","필댐(죤형)","96000","132","24","958","840","118","사통형","100","99","84"
"4784010062","운산","경상북도 성주군 용암면 운산리","1971-01-01","1974-01-01","2","보조수원","120","3","1","24","10","200","필댐(죤형)","14700","88","10","73","66","7","사통형","56","55","48"
"4784010100","성주","경상북도 성주군 가천면 중산리","1987-12-18","1997-12-31","1","주수원","14960","213","205","3217","10","200","필댐(죤형)","1638000","430","64","38240","28150","10090","취수탑형","192","185","162"
"4784010138","봉학","경상북도 성주군 벽진면 봉학리","1982-11-30","1990-01-24","1","주수원","1750","37","35","319","10","200","필댐(죤형)","1049954","253","42","4613","4515","97","취수탑형","151","151","127"
"4784010141","자산","경상북도 성주군 벽진면 자산리","1942-02-20","1944-12-30","1","주수원","650","18","16","115","10","200","필댐(죤형)","48450","190","10","527","527","0","사통형","84","83","76"
"4784010168","소성","경상북도 성주군 초전면 소성리","1969-01-31","1975-01-01","1","주수원","952","20","15","315","10","200","필댐(죤형)","240620","240","21","1394","1280","114","사통형","179","178","164"
"4784010173","월곡","경상북도 성주군 초전면 동포리","1986-01-02","1994-01-01","1","보조수원","580","9","8","82","10","200","필댐(죤형)","71920","137","22","558","555","3","사통형","95","94","80"
"4784010174","인촌","경상북도 성주군 월항면 인촌리","2000-11-27","2008-12-31","1","주수원","475","12","11","92","10","200","필댐(코어형)","619680","243","50","1488","1336","152","취수탑형","173","172","146"
"4785010003","매원","경상북도 칠곡군 왜관읍 매원리","1952-04-10","1956-12-30","1","주수원","728","17","17","127","10","100","필댐(죤형)","40200","300","14","735","735","0","사통형","63","62","53"
"4785010022","숙적","경상북도 칠곡군 지천면 신리","1930-01-01","1930-12-01","2","보조수원","75","1","1","33","10","100","필댐(죤형)","7533","186","6","32","32","0","사통형","68","68","65"
"4785010034","하빈","경상북도 칠곡군 지천면 금호리","1943-01-20","1944-03-31","1","주수원","956","45","42","163","10","100","필댐(죤형)","66820","256","8","1512","1512","0","사통형","37","36","31"
"4785010043","지천","경상북도 칠곡군 지천면 창평리","1959-11-10","1965-12-31","1","주수원","1815","32","31","276","10","200","필댐(죤형)","55074","279","18","1978","1978","0","취수탑형","76","74","62"
"4785010044","창평","경상북도 칠곡군 지천면 창평리","1976-08-21","1979-07-18","2","주수원","240","6","6","42","10","100","필댐(죤형)","22720","200","18","249","249","0","사통형","124","123","112"
"4785010045","심천","경상북도 칠곡군 지천면 심천리","1945-02-01","1945-12-01","2","주수원","145","2","2","28","10","100","필댐(죤형)","3090","95","11","72","72","0","사통형","125","124","118"
"4785010065","달서","경상북도 칠곡군 지천면 황학리","1987-12-09","1995-05-30","1","주수원","250","7","7","51","10","100","필댐(죤형)","64680","196","40","736","736","0","사통형","329","328","303"
"4785010069","송산","경상북도 칠곡군 동명면 송산리","1945-01-31","1947-02-01","2","보조수원","65","3","2","12","10","100","필댐(죤형)","5872","100","15","23","23","0","사통형","129","128","124"
"4785010089","동명","경상북도 칠곡군 동명면 구덕리","1956-10-17","1961-11-30","1","주수원","2660","35","33","82","10","100","필댐(죤형)","67320","408","13","1451","1451","0","사통형","88","86","75"
"4785010093","봉림","경상북도 칠곡군 가산면 송학리","1945-02-01","1945-12-01","2","보조수원","130","2","2","13","10","100","필댐(죤형)","6048","90","15","103","103","0","사통형","159","159","147"
"4785010097","금화","경상북도 칠곡군 가산면 금화리","1978-08-10","1984-11-27","1","주수원","680","14","13","167","10","100","필댐(죤형)","18276","231","30","1139","1139","0","사통형","180","179","158"
"4785010106","천평","경상북도 칠곡군 가산면 금화리","1982-08-01","1984-11-27","2","보조수원","200","3","3","45","10","100","필댐(죤형)","32092","142","23","184","184","0","사통형","169","168","151"
"4785010109","석사","경상북도 칠곡군 가산면 학하리","1939-01-01","1939-12-28","2","보조수원","210","1","1","9","10","100","필댐(죤형)","1540","70","6","19","19","0","사통형","130","130","124"
"4785010113","후평","경상북도 칠곡군 가산면 학상리","1949-01-01","1951-01-01","2","보조수원","98","7","6","30","10","100","필댐(죤형)","6975","155","8","47","47","0","사통형","152","152","147"
"4785010114","오리","경상북도 칠곡군 가산면 학상리","1956-01-01","1958-01-01","2","보조수원","80","2","2","29","3","100","필댐(죤형)","2896","198","6","25","25","0","사통형","112","112","108"
"4785010126","봉학","경상북도 칠곡군 가산면 송학리","1972-11-23","1976-12-31","1","주수원","277","6","6","113","3","100","필댐(죤형)","42616","270","29","598","598","0","사통형","172","171","151"
"4785010128","유학","경상북도 칠곡군 석적읍 성곡리","1965-12-17","1969-12-31","1","주수원","425","8","8","24","10","100","필댐(죤형)","131043","160","21","499","499","0","사통형","144","143","128"
"4785010147","기곡","경상북도 칠곡군 북삼읍 율리","1963-01-01","1965-01-01","2","보조수원","24","0","0","7","10","100","필댐(죤형)","1200","60","5","3","3","0","사통형","79","78","76"
"4785010148","내율","경상북도 칠곡군 북삼읍 율리","1965-01-01","1968-01-01","2","보조수원","10","0","0","4","10","100","필댐(죤형)","1500","50","4","3","3","0","사통형","67","66","64"
"4785010149","배야곡","경상북도 칠곡군 북삼읍 율리","1968-01-01","1970-01-01","2","보조수원","15","0","0","4","10","100","필댐(죤형)","11392","100","6","10","10","0","사통형","70","69","67"
"4785010161","숭오","경상북도 칠곡군 북삼읍 인평리","1965-01-01","1967-01-01","2","보조수원","52","1","1","17","10","100","필댐(죤형)","2443","61","6","16","16","0","사통형","130","129","124"
"4785010162","작곡","경상북도 칠곡군 북삼읍 숭오리","1984-10-08","1985-12-26","2","보조수원","25","4","3","5","10","100","필댐(죤형)","20765","202","16","227","227","0","사통형","125","124","112"
"4785010165","인강","경상북도 칠곡군 북삼읍 인평리","1963-01-01","1964-01-01","2","보조수원","19","0","0","7","10","100","필댐(죤형)","2277","115","5","11","11","0","사통형","96","96","93"
"4785010167","도속","경상북도 칠곡군 북삼읍 오평리","1972-01-01","1972-12-30","2","보조수원","28","2","2","7","10","100","필댐(죤형)","2090","95","6","36","36","0","사통형","53","53","49"
"4785010168","곤산","경상북도 칠곡군 약목면 복성리","1948-01-01","1952-01-01","2","보조수원","34","0","0","4","3","100","필댐(죤형)","960","48","5","2","2","0","사통형","113","113","108"
"4785010171","용화","경상북도 칠곡군 약목면 남계리","1934-01-01","1936-03-31","2","주수원","60","2","2","22","3","100","필댐(죤형)","7740","200","5","36","36","0","사통형","52","52","48"
"4785010172","남계","경상북도 칠곡군 약목면 남계리","1934-11-05","1936-03-31","2","주수원","260","9","8","81","3","100","필댐(죤형)","65008","382","8","222","222","0","사통형","50","50","43"
"4785010173","호암","경상북도 칠곡군 약목면 남계리","1945-01-01","1948-01-01","2","주수원","95","3","3","12","3","100","필댐(죤형)","18850","236","7","74","74","0","사통형","85","85","79"
"4785010174","두만","경상북도 칠곡군 약목면 남계리","1970-08-13","1972-12-31","1","주수원","470","7","6","149","3","100","필댐(죤형)","43659","189","24","369","369","0","사통형","107","107","89"
"4785010176","내야","경상북도 칠곡군 약목면 관호리","1948-05-01","1952-10-31","2","주수원","140","4","4","30","10","100","필댐(죤형)","4598","108","7","52","52","0","사통형","54","53","46"
"4785010177","평죽","경상북도 칠곡군 기산면 평복리","1945-01-01","1948-03-31","2","주수원","114","3","3","19","10","100","필댐(죤형)","9186","173","10","43","43","0","사통형","76","75","69"
"4785010189","각산","경상북도 칠곡군 기산면 각산리","1972-01-01","1973-06-20","2","주수원","212","2","2","17","10","100","필댐(죤형)","17523","102","14","20","20","0","사통형","140","139","133"
"4785010191","노곡","경상북도 칠곡군 기산면 노석리","1967-01-01","1967-12-30","2","보조수원","45","1","1","10","3","100","필댐(죤형)","3000","100","4","12","12","0","사통형","77","77","72"
"4790010004","외석정","경상북도 예천군 예천읍 석정리","1945-01-01","1945-12-31","2","보조수원","9","1","1","9","10","50","필댐(죤형)","1000","86","5","7","7","0","사통형","102","101","98"
"4790010017","성현","경상북도 예천군 용문면 성현리","1961-01-01","1961-12-31","2","보조수원","10","1","0","8","10","50","필댐(죤형)","605","42","6","4","4","0","사통형","163","162","159"
"4790010018","덕신","경상북도 예천군 용문면 덕신리","1957-01-01","1961-01-01","2","보조수원","11","1","1","3","10","50","필댐(죤형)","1304","66","9","6","6","0","사통형","156","155","152"
"4790010022","운암","경상북도 예천군 용문면 내지리","1944-03-15","1954-09-30","1","보조수원","1320","31","29","212","10","200","필댐(죤형)","217178","245","30","2663","2647","16","취수탑형","222","221","203"
"4790010024","죽림","경상북도 예천군 용문면 능천리","1971-06-05","1971-12-31","2","주수원","98","2","2","16","5","200","필댐(죤형)","82707","75","16","38","38","0","사통형","166","165","158"
"4790010050","원곡","경상북도 예천군 호명면 원곡리","1943-01-01","1945-01-01","2","보조수원","25","1","0","11","10","200","필댐(죤형)","376","72","5","7","7","0","사통형","121","120","113"
"4790010052","산합","경상북도 예천군 호명면 산합리","1927-01-01","1929-01-01","2","보조수원","6","1","0","6","10","200","필댐(죤형)","465","100","5","17","16","1","사통형","110","109","106"
"4790010064","마람터","경상북도 예천군 유천면 고산리","1945-01-01","1945-12-31","2","보조수원","5","1","1","14","10","50","필댐(죤형)","814","70","5","9","9","0","사통형","102","101","98"
"4790010065","죽안","경상북도 예천군 유천면 죽안리","1960-03-15","1967-08-30","1","주수원","665","21","19","188","10","200","필댐(죤형)","114719","282","18","994","986","8","사통형","147","146","133"
"4790010066","죽안","경상북도 예천군 유천면 죽안리","1977-01-01","1977-12-31","2","보조수원","24","1","1","13","10","50","필댐(죤형)","1820","61","11","55","55","0","사통형","178","177","174"
"4790010070","큰가산","경상북도 예천군 유천면 가리","1945-01-01","1945-12-31","2","보조수원","5","0","0","4","10","50","필댐(죤형)","698","50","6","5","5","0","사통형","105","105","102"
"4790010075","무동","경상북도 예천군 용궁면 무지리","1945-01-01","1945-12-31","2","보조수원","11","1","1","9","10","50","필댐(죤형)","1055","81","6","19","19","0","사통형","81","80","77"
"4790010077","산택","경상북도 예천군 용궁면 산택리","1942-01-01","1942-12-31","2","보조수원","20","2","1","15","10","50","필댐(죤형)","930","80","5","20","20","0","사통형","81","80","77"
"4790010079","이사","경상북도 예천군 개포면 이사리","1939-01-01","1939-12-31","2","보조수원","23","1","1","9","10","100","필댐(죤형)","2985","107","9","20","20","0","사통형","111","110","107"
"4790010081","신음","경상북도 예천군 개포면 신음리","1938-01-01","1938-12-31","2","보조수원","41","1","1","10","10","100","필댐(죤형)","1628","80","8","19","19","0","사통형","93","93","90"
"4790010082","어룡","경상북도 예천군 개포면 가곡리","1945-01-01","1945-12-31","2","보조수원","4","1","1","12","10","50","필댐(죤형)","749","46","7","6","6","0","사통형","94","94","91"
"4790010083","가오","경상북도 예천군 개포면 가곡리","1941-01-01","1941-12-31","2","보조수원","4","0","0","10","10","50","필댐(죤형)","1163","60","5","4","4","0","사통형","100","99","96"
"4790010084","한티","경상북도 예천군 개포면 가곡리","1944-12-01","1945-12-31","2","보조수원","100","2","2","30","10","50","필댐(죤형)","2232","120","6","60","60","0","사통형","103","102","99"
"4790010085","황산","경상북도 예천군 개포면 황산리","1940-12-02","1941-12-31","2","보조수원","39","0","0","12","10","50","필댐(죤형)","930","40","6","6","6","0","사통형","91","90","87"
"4790010087","우봉","경상북도 예천군 지보면 소화리","1940-01-01","1940-12-31","2","보조수원","19","0","0","4","5","200","필댐(죤형)","6895","76","5","15","15","0","사통형","135","134","129"
"4790010088","전평","경상북도 예천군 지보면 소화리","1940-01-01","1940-12-31","2","보조수원","27","1","1","8","5","200","필댐(죤형)","5967","106","5","24","24","0","사통형","113","112","108"
"4790010089","소화","경상북도 예천군 지보면 소화리","1946-01-01","1946-12-31","2","보조수원","29","0","0","8","5","100","필댐(죤형)","8431","105","6","24","24","0","사통형","115","114","109"
"4790010090","요성","경상북도 예천군 지보면 마전리","1943-01-01","1943-12-31","2","보조수원","48","1","1","18","5","200","필댐(죤형)","15288","108","7","25","25","0","사통형","98","96","94"
"4790010091","마전2","경상북도 예천군 지보면 마전리","1945-01-01","1945-12-31","2","보조수원","40","4","3","12","10","200","필댐(죤형)","5955","150","5","32","32","0","사통형","93","92","86"
"4790010092","석계","경상북도 예천군 지보면 마전리","1950-01-01","1950-12-31","2","보조수원","19","1","1","1","5","100","필댐(죤형)","7182","82","5","6","6","0","사통형","71","70","65"
"4790010093","상락","경상북도 예천군 지보면 지보리","1921-01-01","1921-12-31","2","보조수원","15","1","1","7","5","200","필댐(죤형)","9783","84","7","15","15","0","사통형","70","69","67"
"4790010094","용암","경상북도 예천군 지보면 도화리","1936-01-01","1936-12-31","2","주수원","174","4","3","20","10","200","필댐(죤형)","25949","57","11","176","176","0","사통형","91","91","85"
"4790010095","도마","경상북도 예천군 지보면 도화리","1943-01-01","1943-12-31","2","보조수원","26","1","1","16","5","100","필댐(죤형)","7589","97","6","20","20","0","사통형","99","98","96"
"4790010096","신풍","경상북도 예천군 지보면 신풍리","1937-01-01","1937-12-31","2","주수원","180","11","10","121","10","200","필댐(죤형)","32900","142","10","268","268","0","사통형","93","93","85"
"4790010098","구룡","경상북도 예천군 지보면 신풍리","1945-01-01","1945-12-31","2","보조수원","13","0","0","2","10","200","필댐(죤형)","7998","117","5","7","7","0","사통형","89","89","86"
"4790010101","갈포","경상북도 예천군 지보면 암천리","1959-01-01","1961-01-01","2","보조수원","26","1","1","15","10","200","필댐(죤형)","9506","149","6","37","35","2","사통형","107","106","102"
"4790010102","다암","경상북도 예천군 지보면 어신리","1929-01-01","1931-01-01","2","보조수원","71","2","2","13","10","200","필댐(죤형)","14399","121","7","24","24","0","사통형","97","96","93"
"4790010105","방화","경상북도 예천군 지보면 만화리","1955-01-01","1955-12-31","2","보조수원","10","0","0","7","5","200","필댐(죤형)","7700","96","5","18","18","0","사통형","109","109","104"
"4790010106","마전1","경상북도 예천군 지보면 만화리","1971-06-15","1971-12-31","2","주수원","60","1","1","17","10","200","필댐(죤형)","21790","97","9","30","30","0","사통형","116","116","110"
"4790010112","별실","경상북도 예천군 풍양면 청곡리","1945-01-01","1945-12-31","2","보조수원","35","1","1","14","5","200","필댐(죤형)","8482","94","5","25","25","0","사통형","76","75","73"
"4790010113","청감","경상북도 예천군 풍양면 청곡리","1944-01-03","1944-12-29","2","보조수원","20","1","1","8","5","200","필댐(죤형)","6312","102","4","17","17","0","사통형","85","84","82"
"4790010121","삼풍","경상북도 예천군 풍양면 풍신리","1953-01-01","1953-12-31","2","보조수원","46","6","5","20","10","200","필댐(죤형)","8568","86","12","65","65","0","사통형","72","72","67"
"4790010124","삼청","경상북도 예천군 풍양면 와룡리","1947-01-01","1947-12-31","2","보조수원","8","1","1","8","5","200","필댐(죤형)","7210","120","5","25","25","0","사통형","63","63","60"
"4790010125","효갈","경상북도 예천군 풍양면 효갈리","1943-01-04","1943-12-31","2","보조수원","39","2","2","20","10","200","필댐(죤형)","8568","300","7","61","53","8","사통형","89","88","85"
"4790010126","내지(금당)","경상북도 예천군 용문면 내지리","1990-07-06","2000-06-30","1","주수원","1455","18","17","350","10","200","필댐(죤형)","1981184","223","31","1852","1670","182","취수탑형","203","201","187"
"4790010127","돈답","경상북도 예천군 감천면 돈산리","1998-09-21","2006-12-31","1","주수원","167","16","14","82","10","200","필댐(죤형)","227327","210","27","1152","1061","91","취수탑형","170","169","154"
"4790010128","대맥","경상북도 예천군 감천면 대맥리","1998-09-21","2006-12-31","1","주수원","172","11","10","55","10","200","필댐(죤형)","105972","180","16","604","501","103","취수탑형","120","119","111"
"4790010216","백석","경상북도 예천군 효자면 백석리","2002-12-12","2015-12-30","1","주수원","1700","12","10","340","10","200","필댐(죤형)","340000","212","37","1082","934","148","취수탑형","300","298","280"
"4790010217","종산1","경상북도 예천군 호명면 종산리","2011-03-29","2017-12-30","2","보조수원","15","2","2","113","10","200","필댐(죤형)","83581","135","17","101","99","2","사통형","132","131","120"
"4790010218","종산2","경상북도 예천군 호명면 종산리","2012-03-29","2017-12-30","2","보조수원","22","3","3","55","10","200","필댐(죤형)","51047","138","21","142","133","9","사통형","115","115","107"
"4792010013","창평","경상북도 봉화군 봉성면 창평리","1956-12-30","1960-12-30","1","주수원","1850","27","25","154","10","200","필댐(죤형)","14420","152","33","2739","2733","5","취수탑형","310","309","286"
"4792010014","금봉","경상북도 봉화군 봉성면 금봉리","2011-12-24","2015-07-31","1","보조수원","906","28","26","61","10","200","필댐(죤형)","485995","277","39","3278","2933","344","취수탑형","304","302","282"
"4792010027","동면","경상북도 봉화군 재산면 동면리","1967-12-30","1970-12-30","1","주수원","1050","18","17","44","10","200","필댐(죤형)","6742","129","33","1876","1835","41","취수탑형","410","409","386"
"4792010067","물야","경상북도 봉화군 물야면 오전리","1993-12-11","2011-12-31","1","주수원","2050","34","32","","10","200","필댐(죤형)","621579","207","46","4584","4061","523","취수탑형","394","392","364"
"4792010068","하눌","경상북도 봉화군 상운면 하눌리","1984-01-01","1990-12-31","1","주수원","310","0","8","90","10","200","필댐(죤형)","0","112","13","455","364","91","사통형","291","290","282"
"4793010006","오곡","경상북도 울진군 평해읍 오곡리","1971-11-29","1974-12-20","2","주수원","260","5","4","6","10","200","필댐(죤형)","23800","84","11","167","150","17","사통형","102","101","93"
"4793010008","부구","경상북도 울진군 북면 덕구리","1955-03-20","1965-12-30","1","주수원","2300","15","9","64","10","200","필댐(죤형)","65000","125","14","465","463","2","사통형","95","93","86"
"4793010010","매화","경상북도 울진군 매화면 기양리","2010-11-30","2014-10-31","1","주수원","5620","50","43","177","20","200","필댐(죤형)","198050","154","29","2570","2554","16","취수탑형","68","66","53"
"4793010019","삼율","경상북도 울진군 후포면 삼율리","1965-03-07","1974-12-30","2","주수원","992","7","6","35","10","200","필댐(죤형)","71000","125","16","205","187","18","사통형","56","55","51"
"4793010020","온정","경상북도 울진군 온정면 온정리","1996-05-02","2002-12-31","1","주수원","630","10","9","118","10","200","필댐(죤형)","197000","116","41","1008","872","136","취수탑형","239","238","219"
"4793010035","외선미","경상북도 울진군 온정면 외선미리","2003-11-30","2010-12-31","1","주수원","365","7","6","102","10","200","필댐(죤형)","","202","43","882","786","96","취수탑형","207","205","180"
"4811010005","불모산","경상남도 창원시 성산구 불모산동","1971-01-01","1976-01-01","1","주수원","600","14","13","0","10","100","필댐(죤형)","101000","475","23","647","647","0","사통형","100","99","84"
"4811010018","우곡","경상남도 창원시 의창구 동읍 단계리","1945-01-01","1949-01-01","1","주수원","450","16","13","202","10","100","필댐(죤형)","131000","208","14","650","629","21","사통형","57","55","47"
"4811010022","가월","경상남도 창원시 의창구 동읍 월잠리","1945-01-01","1945-12-31","1","주수원","3840","382","355","0","10","100","필댐(죤형)","598851","2893","7","9703","9703","0","기타","7","7","2"
"4811010029","동면봉곡","경상남도 창원시 의창구 동읍 봉곡리","1945-01-01","1945-12-31","2","주수원","470","19","5","114","10","100","필댐(죤형)","15000","360","7","83","83","0","사통형","10","8","6"
"4811010030","동진봉곡","경상남도 창원시 의창구 동읍 봉곡리","1952-01-01","1954-01-01","2","주수원","140","7","4","42","10","100","필댐(죤형)","42000","185","9","142","138","4","사통형","36","35","30"
"4811010036","산남","경상남도 창원시 의창구 동읍 산남리","1945-01-01","1945-12-31","1","주수원","1290","83","69","671","10","100","필댐(균일형)","621000","3000","7","1358","1341","17","기타","7","4","1"
"4811010037","주남","경상남도 창원시 의창구 동읍 죽동리","1943-01-01","1945-12-31","1","주수원","3510","351","280","927","10","100","필댐(균일형)","620000","3165","7","5629","5591","38","기타","7","4","1"
"4811010063","신리","경상남도 창원시 의창구 북면 신촌리","1945-01-01","1945-12-31","2","보조수원","150","6","6","41","10","200","필댐(죤형)","32000","280","6","209","179","30","사통형","10","8","5"
"4815010025","입곡","경상남도 창원시 마산합포구 진동면 인곡리","1945-01-01","1945-12-31","2","주수원","490","6","5","93","10","100","필댐(죤형)","42000","105","12","233","233","0","사통형","67","66","57"
"4815010032","학동","경상남도 창원시 마산합포구 진북면 영학리","1971-01-01","1975-01-01","1","주수원","460","10","7","187","10","100","필댐(죤형)","214000","173","21","393","393","0","사통형","96","95","81"
"4815010036","추곡","경상남도 창원시 마산합포구 진북면 추곡리","1945-01-01","1945-12-31","1","주수원","350","7","7","97","10","100","필댐(죤형)","227000","246","19","356","356","0","사통형","97","96","81"
"4815010041","근곡","경상남도 창원시 마산합포구 진전면 근곡리","1952-01-01","1956-01-01","2","주수원","90","3","3","47","10","100","필댐(죤형)","62000","166","12","119","117","2","사통형","46","45","38"
"4815010045","곡안","경상남도 창원시 마산합포구 진전면 곡안리","1952-01-01","1956-01-01","2","주수원","161","3","2","70","10","100","필댐(죤형)","61000","134","15","107","101","6","사통형","61","60","52"
"4815010052","오서","경상남도 창원시 마산합포구 진전면 오서리","1952-01-01","1956-01-01","2","주수원","150","5","5","53","10","100","필댐(죤형)","53000","157","11","126","126","0","사통형","41","40","35"
"4815010061","평암","경상남도 창원시 마산합포구 진전면 평암리","1987-01-01","1998-01-01","1","주수원","1040","26","25","240","10","100","필댐(죤형)","555000","196","33","3281","3198","83","취수탑형","116","115","92"
"4817010026","갈곡","경상남도 진주시 문산읍 갈곡리","1929-01-03","1930-12-29","2","주수원","100","5","4","39","10","200","필댐(죤형)","22207","100","12","147","147","0","사통형","78","76","70"
"4817010055","가봉","경상남도 진주시 금곡면 가봉리","1984-01-04","1985-01-31","1","주수원","238","56","11","57","10","200","필댐(죤형)","43315","188","9","388","388","0","사통형","51","49","42"
"4817010058","송곡","경상남도 진주시 금곡면 송곡리","1984-01-01","1985-12-31","1","주수원","178","8","6","43","10","200","필댐(죤형)","39204","163","10","323","300","23","사통형","54","53","48"
"4817010061","인담","경상남도 진주시 금곡면 인담리","1984-01-01","1985-12-31","1","주수원","189","73","10","55","10","200","필댐(죤형)","220994","201","20","768","768","0","사통형","76","74","59"
"4817010068","성산","경상남도 진주시 금곡면 성산리","1958-01-01","1960-12-30","2","주수원","115","3","3","23","10","200","필댐(죤형)","30694","115","13","126","112","15","사통형","93","92","86"
"4817010075","백암","경상남도 진주시 진성면 대사리","1981-01-01","1984-12-21","1","주수원","150","51","11","65","10","200","필댐(죤형)","66570","146","14","608","608","0","사통형","50","48","37"
"4817010077","저동","경상남도 진주시 진성면 구천리","1981-01-01","1984-12-31","1","주수원","188","42","10","42","10","200","필댐(죤형)","70147","192","12","455","455","0","사통형","49","47","38"
"4817010084","월정","경상남도 진주시 진성면 동산리","1981-01-01","1984-12-31","1","주수원","220","52","6","48","10","200","필댐(죤형)","345960","225","25","528","528","0","사통형","86","84","66"
"4817010088","가산","경상남도 진주시 이반성면 가산리","1981-01-05","1984-12-28","1","주수원","80","73","13","99","10","200","필댐(죤형)","136792","212","16","798","798","0","사통형","38","36","23"
"4817010092","답천","경상남도 진주시 일반성면 답천리","1981-01-01","1984-12-28","1","주수원","140","53","12","44","10","200","필댐(죤형)","100939","187","14","598","598","0","사통형","45","43","31"
"4817010100","운천","경상남도 진주시 일반성면 운천리","1981-01-01","1984-12-31","1","주수원","109","37","9","41","10","200","필댐(죤형)","43774","182","10","353","345","8","사통형","43","41","35"
"4817010102","반성","경상남도 진주시 일반성면 남산리","1943-01-01","1948-12-01","2","주수원","260","8","6","66","3","200","필댐(죤형)","79879","183","14","259","228","31","사통형","79","77","72"
"4817010114","평촌","경상남도 진주시 이반성면 평촌리","1981-01-01","1984-12-31","1","주수원","125","55","13","71","10","200","필댐(죤형)","126421","326","13","636","636","0","사통형","65","63","53"
"4817010117","하곡","경상남도 진주시 이반성면 하곡리","1964-01-01","1965-12-31","2","주수원","163","6","4","46","3","200","필댐(죤형)","36248","187","10","236","216","20","사통형","78","76","70"
"4817010122","대천","경상남도 진주시 이반성면 대천리","1941-01-01","1945-12-27","1","주수원","225","8","7","72","3","200","필댐(죤형)","72234","169","12","363","359","4","사통형","79","77","69"
"4817010127","길성","경상남도 진주시 이반성면 길성리","1941-01-03","1945-12-28","2","주수원","145","7","4","14","10","200","필댐(죤형)","66668","137","14","164","148","16","사통형","97","96","90"
"4817010128","칠성","경상남도 진주시 이반성면 길성리","1952-01-01","1955-12-29","2","주수원","110","4","2","6","5","200","필댐(죤형)","28452","92","12","77","70","7","사통형","99","98","92"
"4817010130","발산","경상남도 진주시 이반성면 발산리","1981-01-01","1984-12-24","1","주수원","249","80","11","66","10","200","필댐(죤형)","357581","260","23","862","862","0","사통형","78","76","61"
"4817010142","봉대","경상남도 진주시 사봉면 봉곡리","1981-01-01","1984-12-31","1","주수원","134","35","11","53","10","200","필댐(죤형)","48649","177","11","481","481","0","사통형","35","33","25"
"4817010143","사봉","경상남도 진주시 사봉면 부계리","1942-01-01","1945-12-31","1","주수원","268","10","9","87","3","200","필댐(죤형)","68503","205","11","396","355","42","사통형","67","66","58"
"4817010147","움골","경상남도 진주시 사봉면 부계리","1987-01-01","1992-12-31","2","보조수원","54","3","3","7","10","50","필댐(죤형)","36447","118","12","143","125","18","사통형","61","60","54"
"4817010149","지수","경상남도 진주시 지수면 청원리","1944-01-01","1945-12-31","2","주수원","190","7","6","44","3","200","필댐(죤형)","36601","138","9","272","254","17","사통형","60","59","54"
"4817010168","설매","경상남도 진주시 대곡면 설매리","1979-01-01","1984-12-28","2","주수원","91","23","5","107","10","200","필댐(죤형)","71779","163","14","279","279","0","사통형","47","45","35"
"4817010184","월암","경상남도 진주시 대곡면 월암리","1979-01-01","1984-12-31","1","주수원","117","36","4","36","10","200","필댐(죤형)","215945","179","21","357","357","0","사통형","96","94","78"
"4817010186","용암","경상남도 진주시 대곡면 용암리","1979-01-01","1984-12-31","1","주수원","115","32","6","32","10","200","필댐(죤형)","137194","148","19","417","417","0","사통형","99","97","83"
"4817010194","금호","경상남도 진주시 금산면 용아리","1957-01-04","1962-12-28","1","보조수원","312","28","25","61","10","200","필댐(죤형)","52800","640","6","561","561","0","사통형","43","42","37"
"4817010205","한치","경상남도 진주시 집현면 사촌리","1979-01-01","1984-11-30","2","주수원","90","3","3","5","10","200","필댐(죤형)","51630","101","15","187","187","0","사통형","54","52","42"
"4817010212","응석","경상남도 진주시 집현면 정평리","1979-01-01","1984-11-01","1","주수원","230","6","8","156","10","200","필댐(죤형)","396333","181","28","912","912","0","사통형","119","117","95"
"4817010213","냉정","경상남도 진주시 집현면 냉정리","1979-01-01","1984-12-27","1","주수원","120","6","6","24","10","200","필댐(죤형)","51872","137","12","320","286","35","사통형","69","67","61"
"4817010216","오방","경상남도 진주시 미천면 오방리","1979-01-01","1984-12-31","1","주수원","105","8","8","36","10","200","필댐(죤형)","96844","138","17","539","539","0","사통형","59","58","44"
"4817010217","동향","경상남도 진주시 미천면 향양리","1979-01-01","1984-12-28","1","주수원","132","7","10","72","10","200","필댐(죤형)","105105","155","17","776","776","0","사통형","63","61","46"
"4817010220","어옥","경상남도 진주시 미천면 어옥리","1979-01-01","1984-12-03","1","주수원","200","68","10","56","10","200","필댐(죤형)","131837","149","20","882","792","90","사통형","71","69","59"
"4817010221","상미","경상남도 진주시 미천면 상미리","1988-01-01","1994-12-29","1","주수원","185","7","6","73","10","200","필댐(죤형)","148477","146","19","461","414","47","사통형","164","162","153"
"4817010231","남성","경상남도 진주시 명석면 남성리","1979-01-01","1984-11-30","1","주수원","392","97","15","72","10","200","필댐(죤형)","305405","183","27","1713","1713","0","사통형","101","99","76"
"4817010238","솔기","경상남도 진주시 명석면 신기리","1979-01-01","1984-12-31","1","주수원","240","5","10","98","10","200","필댐(죤형)","351286","229","24","1059","1059","0","사통형","123","121","103"
"4817010245","지내","경상남도 진주시 명석면 용산리","1979-01-01","1984-11-30","1","주수원","260","10","9","37","10","200","필댐(죤형)","111487","161","17","605","550","55","사통형","59","57","47"
"4817010246","빅실","경상남도 진주시 명석면 용산리","1979-01-01","1984-11-30","2","주수원","110","7","5","16","10","200","필댐(죤형)","29547","93","11","181","181","0","사통형","59","57","49"
"4822010017","원산","경상남도 통영시 도산면 원산리","1971-01-01","1975-01-01","2","주수원","272","5","5","91","10","200","필댐(죤형)","1000","255","24","260","260","0","사통형","69","68","53"
"4822010025","관덕","경상남도 통영시 도산면 관덕리","1956-12-03","1960-12-01","2","주수원","230","8","7","58","10","200","필댐(죤형)","1000","158","16","265","265","0","사통형","55","54","42"
"4822010043","안정","경상남도 통영시 광도면 안정리","1954-01-01","1959-01-01","2","주수원","250","5","5","13","10","200","필댐(죤형)","1000","307","20","212","212","0","사통형","56","56","46"
"4824010001","와룡","경상남도 사천시 와룡동","1955-01-01","1959-01-01","1","주수원","726","14","14","216","10","100","필댐(죤형)","252106","250","19","1165","1165","0","사통형","109","108","92"
"4824010003","당산","경상남도 사천시 봉남동","1968-08-30","1969-12-31","2","보조수원","21","2","2","49","10","100","필댐(죤형)","37128","340","6","59","59","0","사통형","46","45","41"
"4824010007","백천","경상남도 사천시 백천동","1987-05-20","1996-01-01","1","보조수원","525","10","10","339","10","200","필댐(죤형)","940940","176","39","1737","1737","0","취수탑형","158","157","120"
"4824010008","벽동","경상남도 사천시 신벽동","1944-01-20","1945-12-31","2","주수원","56","1","1","28","10","100","필댐(죤형)","35460","193","8","13","13","0","사통형","56","56","53"
"4824010009","노룡하","경상남도 사천시 노룡동","1944-01-20","1945-12-31","2","보조수원","100","2","2","15","10","100","필댐(죤형)","10167","180","5","44","44","0","사통형","19","19","16"
"4824010010","미룡","경상남도 사천시 노룡동","1945-01-01","1945-12-31","2","보조수원","39","3","3","15","10","100","필댐(죤형)","15783","413","4","43","43","0","사통형","30","29","27"
"4824010011","남양","경상남도 사천시 죽림동","1948-09-10","1949-12-31","2","주수원","306","4","4","60","10","100","필댐(죤형)","50798","161","12","248","248","0","사통형","69","68","59"
"4824010014","마당","경상남도 사천시 죽림동","1968-02-12","1969-12-31","2","보조수원","10","1","1","10","10","100","필댐(죤형)","10553","120","5","27","27","0","사통형","30","30","26"
"4824010018","구암","경상남도 사천시 사천읍 구암리","1944-02-21","1945-12-31","2","주수원","218","4","4","61","10","100","필댐(죤형)","8484","112","11","141","141","0","사통형","51","51","42"
"4824010023","금곡","경상남도 사천시 사천읍 금곡리","1954-01-01","1956-01-01","2","주수원","110","3","3","30","10","100","필댐(죤형)","23360","114","9","127","127","0","사통형","58","58","50"
"4824010024","황전","경상남도 사천시 사천읍 장전리","1954-01-01","1956-12-30","2","보조수원","50","1","1","2","10","100","필댐(죤형)","3024","115","4","9","9","0","사통형","39","38","36"
"4824010027","둔암","경상남도 사천시 사천읍 두량리","1944-02-21","1945-12-31","2","주수원","87","3","3","42","10","100","필댐(죤형)","22052","154","8","144","144","0","사통형","58","58","51"
"4824010028","두량","경상남도 사천시 사천읍 두량리","1943-02-22","1945-12-31","1","주수원","2390","52","51","266","10","100","필댐(죤형)","81269","247","11","1567","1567","0","사통형","21","21","12"
"4824010029","관율","경상남도 사천시 사천읍 두량리","1954-01-01","1956-12-30","2","주수원","53","2","2","18","10","100","필댐(죤형)","6634","206","10","60","60","0","사통형","45","44","36"
"4824010035","풍정","경상남도 사천시 정동면 풍정리","1957-01-01","1960-01-01","2","주수원","90","5","5","27","10","100","필댐(죤형)","36025","131","9","194","194","0","사통형","54","53","45"
"4824010037","대곡","경상남도 사천시 정동면 대곡리","1944-02-21","1945-12-31","2","주수원","250","7","7","54","10","100","필댐(죤형)","41901","149","11","289","289","0","사통형","48","47","38"
"4824010043","가곡","경상남도 사천시 정동면 소곡리","1965-02-15","1967-12-29","2","주수원","115","1","1","18","10","100","필댐(죤형)","18900","120","10","42","42","0","사통형","120","119","112"
"4824010051","구룡","경상남도 사천시 사남면 우천리","1955-01-01","1958-12-31","1","주수원","2826","49","48","258","10","100","필댐(죤형)","239284","291","19","3206","3206","0","사통형","56","54","39"
"4824010052","능화","경상남도 사천시 사남면 우천리","1967-01-01","1969-12-31","2","보조수원","50","1","1","17","10","100","필댐(죤형)","6942","49","8","45","45","0","사통형","84","82","77"
"4824010054","사촌소","경상남도 사천시 사남면 사촌리","1967-02-13","1968-12-31","2","주수원","15","0","0","11","10","100","필댐(죤형)","7784","102","7","8","8","0","사통형","154","153","148"
"4824010055","대산","경상남도 사천시 사남면 사촌리","1968-02-20","1970-12-31","2","주수원","56","1","1","21","10","100","필댐(죤형)","5991","110","4","7","7","0","사통형","153","152","150"
"4824010062","서택","경상남도 사천시 용현면 온정리","1944-02-21","1945-12-31","1","주수원","220","18","17","68","10","100","필댐(죤형)","36270","558","4","313","313","0","사통형","3","3","0"
"4824010067","가내","경상남도 사천시 용현면 신복리","1944-02-21","1945-12-31","2","보조수원","250","1","1","15","10","100","필댐(죤형)","10835","145","5","28","28","0","사통형","22","21","18"
"4824010072","구월하","경상남도 사천시 용현면 구월리","1944-02-21","1945-12-31","2","보조수원","8","1","1","12","10","100","필댐(죤형)","7560","84","5","22","22","0","사통형","58","58","54"
"4824010073","구월상","경상남도 사천시 용현면 구월리","1951-08-17","1952-12-31","2","보조수원","5","0","0","8","10","100","필댐(죤형)","2508","49","8","3","3","0","사통형","82","81","75"
"4824010074","용치","경상남도 사천시 용현면 구월리","1955-01-01","1958-01-01","1","주수원","455","10","10","132","10","100","필댐(죤형)","146289","257","17","566","566","0","사통형","53","52","40"
"4824010077","덕곡","경상남도 사천시 용현면 덕곡리","1955-05-10","1958-01-01","1","주수원","686","9","9","312","10","100","필댐(죤형)","453959","293","20","695","695","0","사통형","86","84","69"
"4824010078","예동","경상남도 사천시 축동면 사다리","1944-02-21","1945-12-31","2","주수원","64","1","1","16","10","100","필댐(죤형)","6894","144","4","19","19","0","사통형","16","15","12"
"4824010081","상탑","경상남도 사천시 축동면 탑리","1944-02-21","1945-12-31","2","주수원","56","1","1","15","10","100","필댐(죤형)","6110","90","5","20","20","0","사통형","29","28","25"
"4824010087","송전","경상남도 사천시 곤양면 송전리","1944-02-21","1945-12-31","1","주수원","464","12","10","114","10","100","필댐(죤형)","15966","84","9","361","337","24","사통형","16","16","11"
"4824010095","목단","경상남도 사천시 곤양면 묵곡리","1984-02-20","1985-12-31","2","주수원","84","3","2","18","10","100","필댐(죤형)","54600","100","14","149","149","0","사통형","36","36","24"
"4824010097","묵곡","경상남도 사천시 곤양면 묵곡리","1990-01-01","1996-01-01","2","주수원","40","2","2","20","10","200","필댐(죤형)","58752","102","15","100","100","0","사통형","40","40","27"
"4824010098","흥사","경상남도 사천시 곤양면 흥사리","1990-01-01","1998-01-01","1","주수원","210","16","16","127","10","100","필댐(죤형)","191441","170","18","938","938","0","사통형","25","24","10"
"4824010103","궁골","경상남도 사천시 곤양면 무고리","1944-02-21","1945-12-31","2","주수원","64","0","0","21","10","100","필댐(죤형)","5957","70","7","19","19","0","사통형","84","83","78"
"4824010112","용산","경상남도 사천시 곤명면 용산리","1944-02-21","1945-12-31","1","주수원","360","7","7","118","10","100","필댐(죤형)","33936","101","11","398","398","0","사통형","41","40","31"
"4824010124","서릿개","경상남도 사천시 서포면 금진리","1944-02-21","1945-12-31","2","주수원","9","1","1","7","10","100","필댐(죤형)","5400","90","3","7","7","0","사통형","3","2","1"
"4824010125","후포(율포)","경상남도 사천시 서포면 금진리","1972-02-21","1973-12-31","2","보조수원","24","1","1","30","10","100","필댐(죤형)","5859","90","6","23","22","1","사통형","7","7","2"
"4824010128","기와골","경상남도 사천시 서포면 외구리","1944-02-21","1945-12-31","2","보조수원","30","0","0","34","10","100","필댐(죤형)","3250","50","4","2","2","0","사통형","42","41","38"
"4824010129","가랑골","경상남도 사천시 서포면 외구리","1944-02-21","1945-12-31","2","보조수원","27","0","0","20","10","100","필댐(죤형)","1237","30","2","0","0","0","사통형","33","33","32"
"4824010131","지진개","경상남도 사천시 서포면 구랑리","1944-02-21","1945-12-31","2","보조수원","5","0","0","1","10","100","필댐(죤형)","1000","50","5","3","3","0","사통형","3","2","-1"
"4824010133","오진얼","경상남도 사천시 서포면 구랑리","1944-02-21","1945-12-31","2","보조수원","17","0","0","3","10","100","필댐(죤형)","2275","60","3","2","2","0","사통형","4","4","2"
"4824010134","잔드리","경상남도 사천시 서포면 구랑리","1944-02-21","1945-12-31","2","보조수원","78","5","5","31","10","100","필댐(죤형)","12726","120","5","131","131","0","사통형","13","12","6"
"4824010135","양달","경상남도 사천시 서포면 구랑리","1944-02-21","1945-12-31","2","보조수원","5","0","0","2","10","100","필댐(죤형)","1739","50","4","2","2","0","사통형","7","6","4"
"4824010136","음달","경상남도 사천시 서포면 구랑리","1944-02-21","1945-12-31","2","보조수원","5","0","0","2","10","100","필댐(죤형)","1125","50","3","1","1","0","사통형","4","3","2"
"4824010137","자혜작은골","경상남도 사천시 서포면 자혜리","1944-02-21","1945-12-31","2","보조수원","10","1","1","3","10","100","필댐(죤형)","6057","69","6","7","7","0","사통형","8","7","2"
"4824010138","중방이","경상남도 사천시 서포면 자혜리","1967-02-20","1968-12-31","2","보조수원","40","0","0","49","10","100","필댐(죤형)","2502","129","4","8","8","0","기타","5","5","2"
"4824010139","큰골","경상남도 사천시 서포면 자혜리","1968-02-20","1969-12-31","2","보조수원","12","1","1","7","10","100","필댐(죤형)","6210","75","6","14","14","0","사통형","6","6","1"
"4824010140","쌉사리","경상남도 사천시 서포면 구평리","1944-02-21","1945-12-31","2","보조수원","6","0","0","10","10","100","필댐(죤형)","2040","50","4","3","3","0","기타","14","14","12"
"4824010141","맛골","경상남도 사천시 서포면 구평리","1944-02-21","1945-12-31","2","보조수원","6","1","1","46","10","100","필댐(죤형)","3440","50","5","29","29","0","사통형","5","5","0"
"4824010142","문촌","경상남도 사천시 서포면 구평리","1944-02-21","1945-12-31","2","보조수원","5","0","0","30","10","100","필댐(죤형)","3000","50","4","6","6","0","사통형","18","18","15"
"4824010143","대포","경상남도 사천시 서포면 구평리","1944-02-21","1945-12-31","2","보조수원","7","1","1","9","10","100","필댐(죤형)","700","112","2","7","7","0","사통형","5","5","3"
"4824010144","구평작은골","경상남도 사천시 서포면 구평리","1944-02-21","1945-12-31","2","보조수원","5","0","0","10","10","100","필댐(죤형)","2220","85","4","7","7","0","사통형","15","15","12"
"4824010145","까치섬","경상남도 사천시 서포면 구평리","1944-02-21","1945-12-31","2","보조수원","6","0","0","1","10","100","필댐(죤형)","1495","77","4","6","6","0","사통형","5","4","1"
"4824010146","신소","경상남도 사천시 서포면 다평리","1944-02-21","1945-12-31","2","보조수원","12","0","0","40","10","100","필댐(죤형)","2775","50","4","5","5","0","사통형","5","5","2"
"4824010147","금산골","경상남도 사천시 서포면 다평리","1968-01-01","1968-12-31","2","보조수원","6","1","1","52","10","100","필댐(죤형)","4881","70","6","11","11","0","사통형","5","5","1"
"4824010148","검섬","경상남도 사천시 서포면 선전리","1944-02-21","1945-12-31","2","보조수원","6","0","0","15","10","100","필댐(죤형)","620","100","4","4","4","0","사통형","6","5","3"
"4824010149","풍송골","경상남도 사천시 서포면 선전리","1944-02-21","1945-12-31","2","보조수원","5","0","0","18","10","100","필댐(죤형)","2500","80","3","2","2","0","사통형","4","3","1"
"4824010150","광개","경상남도 사천시 서포면 선전리","1944-02-21","1945-12-31","2","보조수원","5","0","0","25","10","100","필댐(죤형)","3605","70","3","5","5","0","사통형","4","4","1"
"4824010151","선창암","경상남도 사천시 서포면 선전리","1944-02-21","1945-12-31","2","보조수원","5","0","0","25","10","100","필댐(죤형)","2735","70","4","7","7","0","사통형","6","6","3"
"4824010152","아포","경상남도 사천시 서포면 선전리","1944-02-21","1945-12-31","2","보조수원","5","1","1","12","10","100","필댐(죤형)","2028","30","5","4","4","0","사통형","5","5","0"
"4824010153","염전","경상남도 사천시 서포면 선전리","1944-02-21","1945-12-31","2","보조수원","5","1","1","4","10","100","필댐(죤형)","6826","120","5","13","13","0","사통형","18","18","14"
"4824010154","망구","경상남도 사천시 서포면 구랑리","1944-02-21","1945-12-31","2","주수원","7","1","1","7","10","100","필댐(죤형)","6120","150","3","17","17","0","사통형","16","16","13"
"4824010155","굴포","경상남도 사천시 서포면 내구리","1967-02-20","1968-12-31","2","보조수원","20","1","1","66","10","100","필댐(죤형)","2565","40","5","19","19","0","사통형","5","4","1"
"4824010156","한개","경상남도 사천시 서포면 조도리","1944-02-21","1945-12-31","2","보조수원","5","0","0","2","10","100","필댐(죤형)","985","50","4","4","4","0","사통형","12","11","8"
"4824010157","달랑골","경상남도 사천시 서포면 내구리","1944-02-21","1945-12-31","2","보조수원","6","0","0","6","10","100","필댐(죤형)","2329","70","4","5","5","0","사통형","34","33","31"
"4824010158","석계","경상남도 사천시 용현면 석계리","1998-03-27","2003-12-20","1","주수원","200","11","10","83","10","200","필댐(죤형)","2052753","231","29","1270","1223","47","취수탑형","107","106","86"
"4824010161","외구","경상남도 사천시 서포면 외구리","2008-02-05","2013-12-20","1","보조수원","53","14","14","595","10","200","필댐(죤형)","125","163","19","1171","1160","12","사통형","31","31","17"
"4824010253","가천","경상남도 사천시 사남면 가천리","2010-11-29","2015-03-31","1","주수원","220","8","8","21","10","200","필댐(죤형)","503913","230","41","1092","1086","6","취수탑형","165","164","140"
"4825010063","양동","경상남도 김해시 주촌면 양동리","1952-01-01","1954-01-01","2","보조수원","200","3","2","5","3","50","필댐(죤형)","39000","143","11","108","108","0","사통형","101","100","93"
"4825010076","진례","경상남도 김해시 진례면 신안리","1976-07-21","1978-11-30","1","주수원","472","13","13","242","10","200","필댐(죤형)","1017000","267","41","2101","2095","6","사통형","132","131","100"
"4825010139","성포","경상남도 김해시 생림면 생철리","1953-01-01","1954-01-01","2","보조수원","40","1","1","5","3","30","필댐(죤형)","3000","155","5","24","24","0","사통형","21","20","15"
"4825010140","시곡","경상남도 김해시 생림면 생철리","1953-01-01","1954-01-01","2","보조수원","45","1","1","1","3","30","필댐(죤형)","4000","62","5","11","11","0","사통형","73","72","68"
"4825010141","훈도곡","경상남도 김해시 생림면 생철리","1953-01-01","1954-01-01","2","보조수원","20","1","1","9","3","30","필댐(죤형)","4000","68","5","35","35","0","사통형","36","35","30"
"4825010142","지곡","경상남도 김해시 생림면 생철리","1953-01-01","1954-01-01","2","보조수원","20","1","1","0","3","30","필댐(죤형)","3000","50","5","15","15","0","기타","8","7","4"
"4825010143","안양","경상남도 김해시 생림면 안양리","1952-01-01","1954-01-01","2","보조수원","25","1","1","0","3","30","필댐(죤형)","4000","70","5","19","19","0","사통형","35","34","29"
"4827010014","숭진","경상남도 밀양시 삼랑진읍 숭진리","2014-05-28","2018-12-20","1","주수원","279","6","5","75","10","200","필댐(죤형)","225904","167","23","428","420","8","사통형","76","75","60"
"4827010019","남전3","경상남도 밀양시 하남읍 남전리","1945-01-01","1945-12-31","2","주수원","36","0","0","7","5","200","필댐(죤형)","45020","155","5","6","6","0","사통형","79","79","76"
"4827010020","남전2","경상남도 밀양시 하남읍 남전리","1945-01-01","1945-12-31","2","보조수원","30","0","0","4","5","200","필댐(죤형)","33860","197","4","6","6","0","사통형","58","58","56"
"4827010021","남전4","경상남도 밀양시 하남읍 남전리","1945-01-01","1945-12-31","2","보조수원","24","0","0","9","5","200","필댐(죤형)","22520","157","4","5","5","0","사통형","47","46","44"
"4827010023","남전1","경상남도 밀양시 하남읍 남전리","1965-02-11","1967-12-29","2","주수원","96","3","3","50","7","200","필댐(죤형)","68720","180","6","112","112","0","사통형","61","60","56"
"4827010027","귀명","경상남도 밀양시 하남읍 귀명리","1945-01-01","1945-12-31","2","보조수원","20","1","1","5","5","100","필댐(죤형)","28350","150","4","11","11","0","사통형","18","17","15"
"4827010039","덕곡","경상남도 밀양시 부북면 덕곡리","1945-02-09","1945-12-31","1","주수원","610","26","23","231","10","100","필댐(죤형)","242220","356","11","687","590","97","사통형","42","41","37"
"4827010041","가산","경상남도 밀양시 부북면 퇴로리","1927-11-21","1931-12-20","1","주수원","1570","66","62","682","10","200","필댐(죤형)","187450","422","12","3394","3383","11","사통형","60","60","50"
"4827010043","상항","경상남도 밀양시 부북면 대항리","1961-02-01","1963-12-30","1","주수원","669","6","6","75","10","200","필댐(죤형)","122339","208","21","613","607","6","사통형","125","124","112"
"4827010044","정동","경상남도 밀양시 부북면 대항리","1961-01-01","1963-12-30","2","보조수원","170","4","3","35","5","200","필댐(죤형)","73310","230","7","92","92","0","사통형","72","72","67"
"4827010045","퇴로동","경상남도 밀양시 부북면 퇴로리","1945-01-01","1945-12-31","2","보조수원","50","1","0","7","10","200","필댐(죤형)","65540","202","6","13","13","0","사통형","85","85","81"
"4827010046","퇴로서","경상남도 밀양시 부북면 퇴로리","1945-01-01","1945-12-31","2","보조수원","50","0","0","4","10","200","필댐(죤형)","50160","136","4","8","8","0","사통형","79","79","77"
"4827010049","구위양","경상남도 밀양시 부북면 위양리","1945-01-01","1945-12-31","2","보조수원","220","6","5","40","10","200","필댐(죤형)","44540","384","6","99","99","0","사통형","65","64","61"
"4827010050","신위양","경상남도 밀양시 부북면 위양리","1961-02-01","1963-12-30","2","주수원","192","3","3","61","10","200","필댐(죤형)","119780","180","13","124","124","0","사통형","97","96","88"
"4827010052","무연","경상남도 밀양시 부북면 무연리","1945-01-01","1945-12-31","2","보조수원","74","2","2","17","10","100","필댐(죤형)","93660","415","6","45","45","0","사통형","78","77","73"
"4827010097","가인(봉의)","경상남도 밀양시 산내면 가인리","1976-09-20","1981-12-10","1","주수원","700","11","11","179","10","200","필댐(죤형)","1380760","397","37","1492","1452","40","사통형","182","181","158"
"4827010106","단장","경상남도 밀양시 단장면 단장리","1972-01-01","1973-12-31","2","주수원","90","1","1","25","5","200","필댐(죤형)","51560","114","11","38","38","0","사통형","86","85","78"
"4827010107","안법","경상남도 밀양시 단장면 안법리","1972-01-01","1973-12-31","2","보조수원","80","1","1","14","10","100","필댐(죤형)","49890","132","12","23","23","0","사통형","82","81","75"
"4827010112","감물","경상남도 밀양시 단장면 감물리","1945-02-02","1945-12-31","1","주수원","700","12","10","104","10","100","필댐(죤형)","39339","161","20","557","555","2","사통형","275","274","262"
"4827010115","국전","경상남도 밀양시 단장면 국전리","1976-02-03","1979-01-01","1","주수원","484","5","5","75","10","200","필댐(죤형)","803700","149","29","449","449","1","사통형","218","217","195"
"4827010126","남산","경상남도 밀양시 상남면 남산리","1950-01-31","1952-12-29","1","주수원","360","7","7","97","10","100","필댐(죤형)","63150","224","18","656","653","3","사통형","97","96","85"
"4827010130","두암","경상남도 밀양시 초동면 금포리","1945-01-01","1945-12-31","2","보조수원","15","0","0","5","10","100","필댐(죤형)","12280","130","4","4","4","0","사통형","14","14","11"
"4827010131","금포","경상남도 밀양시 초동면 금포리","1945-01-01","1945-12-31","2","보조수원","56","0","0","4","5","100","필댐(죤형)","37800","150","4","2","2","0","사통형","17","17","15"
"4827010132","성만","경상남도 밀양시 초동면 성만리","1945-02-05","1945-12-31","1","주수원","160","5","5","51","10","100","필댐(죤형)","19516","173","15","319","311","8","사통형","53","52","43"
"4827010134","초동","경상남도 밀양시 초동면 신호리","1921-09-12","1924-12-10","1","주수원","2050","45","43","385","10","200","필댐(죤형)","262790","840","8","1568","1568","0","사통형","16","15","8"
"4827010140","와지","경상남도 밀양시 초동면 봉황리","1961-01-30","1963-12-30","1","주수원","270","6","5","62","10","100","필댐(죤형)","332120","297","21","399","381","18","사통형","99","98","87"
"4827010141","봉대","경상남도 밀양시 초동면 봉황리","1961-01-01","1963-12-30","2","주수원","253","4","3","43","10","100","필댐(죤형)","165040","205","19","130","128","2","사통형","78","77","71"
"4827010151","화봉","경상남도 밀양시 무안면 화봉리","1958-01-27","1960-12-30","2","주수원","240","8","5","77","5","200","필댐(죤형)","157430","230","13","241","238","3","사통형","87","86","79"
"4827010164","마흘","경상남도 밀양시 무안면 마흘리","1956-01-30","1958-12-29","1","주수원","280","5","4","86","10","100","필댐(죤형)","80949","190","19","358","355","3","사통형","100","99","85"
"4827010165","백안","경상남도 밀양시 무안면 마흘리","1956-01-01","1958-12-29","2","보조수원","210","3","2","30","10","100","필댐(죤형)","58340","86","16","87","85","2","사통형","131","130","121"
"4827010170","고사상","경상남도 밀양시 무안면 연상리","1951-01-01","1952-01-01","2","주수원","11","1","1","12","5","200","필댐(죤형)","18780","54","7","28","28","0","사통형","49","49","42"
"4827010171","고사하","경상남도 밀양시 무안면 연상리","1951-01-01","1952-01-01","2","보조수원","9","0","0","2","10","200","필댐(죤형)","7470","168","4","7","7","0","사통형","33","33","30"
"4827010181","웅동","경상남도 밀양시 무안면 웅동리","1956-01-01","1958-12-29","2","주수원","170","5","5","46","10","100","필댐(죤형)","43169","220","17","261","255","6","사통형","93","92","82"
"4827010185","가례","경상남도 밀양시 무안면 가례리","1956-01-20","1958-12-29","2","주수원","120","5","5","59","10","100","필댐(죤형)","27996","218","13","218","215","2","사통형","81","80","72"
"4827010186","서가정","경상남도 밀양시 무안면 가례리","1958-01-01","1960-12-30","2","주수원","130","3","3","32","5","100","필댐(죤형)","68000","213","23","243","242","0","사통형","140","139","125"
"4827010197","소태","경상남도 밀양시 청도면 소태리","1986-10-31","1991-12-10","1","주수원","360","14","13","90","10","100","필댐(죤형)","219330","236","25","1343","1269","74","사통형","126","125","110"
"4827010211","요고","경상남도 밀양시 청도면 요고리","1974-01-23","1976-01-01","1","주수원","1286","13","11","123","10","200","필댐(죤형)","232430","212","17","632","563","69","사통형","114","113","104"
"4827010212","도곡","경상남도 밀양시 상동면 도곡리","1997-02-21","2001-01-01","1","주수원","728","6","5","62","10","100","필댐(죤형)","220000","169","32","398","374","24","사통형","134","133","117"
"4827010392","조천","경상남도 밀양시 청도면 조천리","2009-04-30","2017-02-28","1","주수원","371","11","10","213","10","200","필댐(죤형)","","240","50","1560","1529","31","취수탑형","196","195","164"
"4831010008","문동","경상남도 거제시 문동동","1951-01-01","1956-01-01","1","주수원","265","9","9","147","10","200","필댐(죤형)","1000","127","17","340","340","0","기타","76","75","59"
"4831010011","양정","경상남도 거제시 양정동","1953-01-01","1956-01-01","2","보조수원","174","4","4","10","10","200","필댐(죤형)","1000","268","8","54","54","0","사통형","44","43","38"
"4831010017","동부","경상남도 거제시 동부면 구천리","1952-01-01","1955-01-01","1","주수원","2400","20","20","216","10","200","필댐(죤형)","1000","209","16","892","892","0","사통형","33","32","22"
"4831010044","거제","경상남도 거제시 거제면 서상리","1943-12-01","1945-12-01","2","주수원","255","5","5","54","10","200","필댐(죤형)","1000","246","21","282","282","0","사통형","52","51","37"
"4831010046","명진","경상남도 거제시 거제면 명진리","1967-12-01","1972-01-01","2","주수원","148","2","2","30","10","200","필댐(죤형)","500","206","22","91","91","0","사통형","89","88","75"
"4831010060","사등","경상남도 거제시 사등면 사등리","1952-01-01","1954-01-01","2","주수원","240","3","3","64","10","200","필댐(죤형)","1000","126","14","77","77","0","사통형","54","53","43"
"4831010103","동림","경상남도 거제시 거제면 옥산리","1994-01-01","2000-01-01","1","주수원","183","6","6","73","10","200","필댐(죤형)","1000","359","35","471","471","0","사통형","72","71","52"
"4833010006","탑곡","경상남도 양산시 용당동","1931-03-26","1932-05-05","1","주수원","378","7","7","134","3","100","필댐(죤형)","166000","216","19","452","452","0","사통형","101","100","87"
"4833010016","장흥","경상남도 양산시 평산동","1942-01-01","1946-09-30","1","주수원","605","6","6","133","3","100","필댐(죤형)","193000","207","21","340","340","0","사통형","101","100","89"
"4833010040","대석","경상남도 양산시 상북면 대석리","1944-07-17","1954-03-31","2","주수원","570","4","3","74","3","50","필댐(죤형)","219000","198","18","178","178","0","사통형","101","100","91"
"4872010015","운암","경상남도 의령군 가례면 운암리","1945-04-12","1949-01-01","2","주수원","180","4","4","60","10","200","필댐(죤형)","128093","187","16","259","259","0","사통형","78","77","64"
"4872010017","대천","경상남도 의령군 가례면 대천리","1963-01-01","1963-12-31","2","주수원","80","1","1","15","10","200","필댐(죤형)","1155","70","9","17","17","0","사통형","74","73","66"
"4872010027","칠곡","경상남도 의령군 칠곡면 산남리","1945-01-04","1947-12-31","1","주수원","484","11","11","100","10","200","필댐(죤형)","118720","169","15","582","582","0","사통형","118","118","105"
"4872010036","삼가","경상남도 의령군 대의면 행정리","1976-02-05","1978-01-01","1","주수원","746","14","12","201","10","200","필댐(죤형)","45567","277","10","853","853","0","사통형","202","201","186"
"4872010043","다사","경상남도 의령군 대의면 다사리","1960-01-01","1960-12-31","2","주수원","150","1","0","8","10","50","필댐(죤형)","6545","76","7","10","10","0","사통형","139","138","134"
"4872010044","죽전","경상남도 의령군 대의면 다사리","1960-01-04","1960-12-31","2","주수원","208","1","1","13","10","50","필댐(죤형)","3645","180","3","22","22","0","사통형","106","106","104"
"4872010046","마쌍","경상남도 의령군 대의면 마쌍리","1968-01-05","1968-12-31","2","주수원","32","0","0","3","10","50","필댐(죤형)","3593","31","7","5","5","0","사통형","117","116","110"
"4872010047","추산","경상남도 의령군 대의면 추산리","1967-01-04","1967-12-31","2","주수원","16","0","0","7","10","50","필댐(죤형)","6080","43","9","6","6","0","사통형","115","115","110"
"4872010048","심지하","경상남도 의령군 대의면 심지리","1945-01-01","1945-12-31","2","주수원","66","0","0","4","10","50","필댐(죤형)","720","64","5","6","5","1","사통형","97","96","93"
"4872010049","신기","경상남도 의령군 대의면 심지리","1945-01-01","1945-12-31","2","주수원","33","1","1","14","10","100","필댐(죤형)","1020","66","7","32","32","0","사통형","102","102","93"
"4872010050","심지상","경상남도 의령군 대의면 심지리","1965-01-01","1965-12-31","2","주수원","60","0","0","4","10","50","필댐(죤형)","10232","72","8","7","7","0","사통형","124","124","119"
"4872010051","천곡","경상남도 의령군 대의면 천곡리","1963-01-04","1963-12-31","2","보조수원","80","0","0","18","10","50","필댐(죤형)","11200","77","9","9","9","0","사통형","150","150","144"
"4872010052","싹실","경상남도 의령군 대의면 천곡리","1964-01-04","1964-12-31","2","주수원","68","1","1","10","10","50","필댐(죤형)","9693","60","8","30","30","0","사통형","95","94","90"
"4872010059","가수","경상남도 의령군 화정면 가수리","1984-01-01","1989-01-01","1","주수원","270","8","8","103","10","200","필댐(죤형)","169775","177","19","530","530","0","사통형","74","73","60"
"4872010064","금동","경상남도 의령군 화정면 상정리","1961-01-01","1962-01-01","2","주수원","53","1","1","6","1","50","필댐(죤형)","16179","69","10","17","17","0","사통형","53","52","47"
"4872010065","저곡","경상남도 의령군 화정면 상정리","1965-01-09","1965-12-31","2","주수원","203","1","1","15","1","50","필댐(죤형)","6720","67","8","32","32","0","사통형","44","43","37"
"4872010075","덕암","경상남도 의령군 용덕면 이목리","1999-12-13","2006-12-29","1","주수원","470","15","14","150","10","50","필댐(죤형)","287704","227","30","1192","1130","62","사통형","90","89","75"
"4872010079","와요","경상남도 의령군 용덕면 와요리","1953-04-12","1959-12-31","2","보조수원","35","1","1","4","10","50","필댐(죤형)","5040","42","7","36","36","0","사통형","71","71","64"
"4872010081","가락","경상남도 의령군 용덕면 가락리","1954-01-01","1954-01-01","2","보조수원","126","4","3","22","10","200","필댐(죤형)","17100","164","8","113","113","0","사통형","41","40","34"
"4872010099","사례실","경상남도 의령군 정곡면 상촌리","1965-01-06","1965-12-31","2","주수원","27","1","1","17","10","50","필댐(죤형)","752","71","6","19","19","0","사통형","74","74","68"
"4872010103","백곡","경상남도 의령군 화정면 화양리","1966-04-26","1967-12-31","2","주수원","29","1","1","10","10","50","필댐(죤형)","1800","90","8","26","26","0","사통형","47","46","40"
"4872010109","오천","경상남도 의령군 지정면 오천리","1966-04-12","1968-01-07","2","보조수원","40","1","1","10","10","10","필댐(죤형)","910","71","11","28","28","0","사통형","67","67","59"
"4872010111","두곡","경상남도 의령군 낙서면 정곡리","1955-01-04","1955-12-31","2","주수원","15","1","1","10","10","50","필댐(죤형)","1222","69","8","30","30","0","사통형","49","48","43"
"4872010112","두곡지정","경상남도 의령군 지정면 두곡리","1963-01-04","1963-12-31","2","주수원","173","3","3","15","10","50","필댐(죤형)","1080","69","7","20","20","0","사통형","69","68","57"
"4872010114","관동","경상남도 의령군 지정면 두곡리","1966-01-01","1968-01-01","2","보조수원","48","1","1","12","10","50","필댐(죤형)","3780","78","12","44","44","0","사통형","83","82","74"
"4872010123","득소","경상남도 의령군 지정면 득소리","1966-04-12","1968-04-01","2","보조수원","67","2","1","24","10","50","필댐(죤형)","2610","92","14","66","66","0","사통형","68","67","57"
"4872010125","방계","경상남도 의령군 낙서면 전화리","1945-01-04","1945-12-31","2","주수원","38","1","1","10","10","10","필댐(죤형)","600","56","6","20","20","0","사통형","57","57","52"
"4872010141","서암","경상남도 의령군 가례면 괴진리","1953-01-01","1959-12-31","1","주수원","1380","17","17","285","10","5","필댐(죤형)","219264","192","23","2053","2002","51","취수탑형","108","106","92"
"4872010144","천락","경상남도 의령군 부림면 권혜리","1990-01-04","1998-12-31","1","주수원","625","12","12","129","10","200","필댐(죤형)","591600","194","40","1451","1451","0","취수탑형","141","139","112"
"4872010145","오산","경상남도 합천군 대양면 오산리","1987-01-01","1990-12-31","1","주수원","265","7","6","90","10","200","필댐(죤형)","184000","219","26","624","624","0","사통형","190","189","168"
"4872010147","예동","경상남도 의령군 궁류면 평촌리","1945-01-04","1945-12-31","2","주수원","74","0","0","3","10","50","필댐(죤형)","5950","57","8","6","6","0","사통형","157","156","153"
"4872010148","궁유","경상남도 의령군 궁류면 벽계리","1979-01-01","1985-12-30","1","주수원","980","20","20","364","10","200","필댐(죤형)","414000","205","36","2523","2514","8","취수탑형","183","182","160"
"4872010150","입사","경상남도 의령군 궁류면 운계리","1979-01-04","1987-12-31","1","보조수원","380","5","5","57","10","200","필댐(죤형)","48587","169","25","363","363","0","사통형","168","166","150"
"4872010163","마장","경상남도 의령군 유곡면 마장리","1962-01-01","1962-12-31","2","주수원","108","1","1","12","10","200","필댐(죤형)","1645","74","13","47","47","0","사통형","124","123","114"
"4872010164","표촌","경상남도 의령군 유곡면 마장리","1968-01-04","1968-12-31","2","주수원","50","2","2","4","10","50","필댐(죤형)","7650","68","7","127","127","0","사통형","103","102","90"
"4872010166","유곡","경상남도 의령군 유곡면 당동리","1945-01-04","1945-12-31","2","주수원","90","4","4","15","10","50","필댐(죤형)","24960","143","8","185","185","0","사통형","71","71","62"
"4872010168","지산","경상남도 의령군 지정면 두곡리","1985-01-04","1987-12-31","2","주수원","102","3","3","29","10","1","필댐(죤형)","56700","96","16","155","155","0","사통형","76","75","63"
"4872010169","천곡2","경상남도 의령군 대의면 천곡리","2004-12-01","2008-05-30","1","주수원","170","8","8","57","10","20","필댐(죤형)","60","154","17","580","537","43","사통형","124","123","115"
"4872010170","석천","경상남도 의령군 화정면 석천리","1999-12-21","2009-12-30","1","주수원","242","8","7","77","10","200","필댐(죤형)","172072","163","31","681","674","7","취수탑형","106","105","85"
"4872010176","의령","경상남도 의령군 용덕면 가미리","2010-12-06","2013-07-31","1","보조수원","122","18","18","285","10","20","필댐(죤형)","","237","53","3239","3232","7","취수탑형","106","106","65"
"4873010010","혈곡","경상남도 함안군 가야읍 혈곡리","1940-05-01","1942-12-30","2","보조수원","140","8","5","41","10","100","필댐(죤형)","2005","75","9","197","183","14","사통형","38","37","33"
"4873010021","장명","경상남도 함안군 가야읍 묘사리","1945-01-01","1945-12-31","2","보조수원","47","1","1","4","10","100","필댐(죤형)","1390","168","3","8","7","1","사통형","10","10","8"
"4873010023","이곡","경상남도 함안군 가야읍 산서리","1964-05-14","1966-12-31","2","주수원","1021","7","7","146","10","200","필댐(죤형)","18312","666","10","221","199","22","사통형","18","17","14"
"4873010038","봉성","경상남도 함안군 여항면 주서리","1998-12-31","2014-12-16","1","주수원","1370","26","24","557","10","200","필댐(죤형)","750000","569","35","2529","2470","59","취수탑형","93","92","73"
"4873010047","미산","경상남도 함안군 함안면 파수리","1952-12-20","1955-10-25","1","보조수원","250","7","5","100","10","200","필댐(죤형)","12408","240","19","353","322","32","사통형","116","115","107"
"4873010058","사촌","경상남도 함안군 군북면 사촌리","1977-12-01","1984-01-01","2","보조수원","107","3","2","30","10","200","필댐(죤형)","7807","154","18","171","159","12","사통형","106","105","95"
"4873010065","명관","경상남도 함안군 군북면 명관리","1970-01-01","1974-12-31","1","주수원","353","20","17","183","10","200","필댐(죤형)","7450","219","11","1066","974","92","사통형","72","71","62"
"4873010070","유현","경상남도 함안군 군북면 유현리","1977-12-01","1984-04-01","2","보조수원","25","2","1","7","10","100","필댐(죤형)","2509","96","9","50","47","3","사통형","47","46","41"
"4873010082","우거","경상남도 함안군 법수면 우거리","1945-01-01","1945-12-31","2","보조수원","51","0","0","14","10","100","필댐(죤형)","1209","65","3","3","3","0","사통형","19","18","17"
"4873010084","윤내","경상남도 함안군 법수면 윤내리","1945-01-01","1945-12-31","2","보조수원","39","1","0","1","10","100","필댐(죤형)","723","67","3","1","1","0","사통형","17","17","15"
"4873010085","문현","경상남도 함안군 법수면 대송리","1945-01-01","1945-12-31","2","보조수원","14","0","0","5","10","100","필댐(죤형)","1199","97","4","3","3","0","사통형","15","14","12"
"4873010087","토현","경상남도 함안군 법수면 사정리","1945-01-01","1945-12-31","2","보조수원","9","0","0","6","10","100","필댐(죤형)","815","51","3","2","2","0","사통형","10","10","7"
"4873010139","달전","경상남도 함안군 칠원면 유원리","1961-01-01","1965-01-01","2","보조수원","85","2","2","20","10","200","필댐(죤형)","3744","142","9","59","56","3","사통형","84","83","78"
"4873010157","산정","경상남도 함안군 칠원읍 무기리","1961-01-01","1965-01-01","1","주수원","470","8","7","201","10","200","필댐(죤형)","11646","180","24","617","563","54","사통형","135","134","123"
"4873010161","운곡","경상남도 함안군 칠원면 운곡리","1961-01-01","1965-01-01","1","보조수원","517","9","8","105","10","200","필댐(죤형)","13944","256","20","585","547","38","사통형","97","96","86"
"4873010167","입곡","경상남도 함안군 산인면 입곡리","1925-01-01","1926-03-31","1","주수원","976","14","12","232","10","100","필댐(죤형)","4695","161","14","600","549","51","사통형","35","34","28"
"4874010002","명덕","경상남도 창녕군 창녕읍 교리","1925-04-01","1928-12-31","2","주수원","350","3","3","20","3","100","필댐(죤형)","52500","210","13","143","143","0","사통형","84","83","76"
"4874010003","도야","경상남도 창녕군 창녕읍 교리","1952-03-31","1956-12-30","2","주수원","225","3","3","38","3","100","필댐(죤형)","45390","272","10","121","121","0","취수탑형","79","78","72"
"4874010004","연화","경상남도 창녕군 창녕읍 교리","1953-06-10","1956-12-30","2","보조수원","30","2","2","12","3","100","필댐(죤형)","19500","300","5","32","32","0","취수탑형","45","44","42"
"4874010006","말흘","경상남도 창녕군 창녕읍 말흘리","1953-03-22","1956-12-30","2","주수원","97","2","2","19","3","100","필댐(죤형)","11090","256","5","58","57","1","취수탑형","98","97","92"
"4874010007","술정","경상남도 창녕군 창녕읍 술정리","1925-09-01","1925-12-31","2","보조수원","160","0","0","3","3","100","필댐(죤형)","3000","150","3","2","2","0","취수탑형","48","48","47"
"4874010008","송고","경상남도 창녕군 창녕읍 직교리","1956-11-15","1958-08-17","2","주수원","500","5","5","63","3","100","필댐(죤형)","51240","610","7","145","144","1","취수탑형","46","45","41"
"4874010013","퇴천","경상남도 창녕군 창녕읍 퇴천리","1952-03-22","1956-12-31","2","주수원","210","2","2","25","10","100","필댐(죤형)","111321","217","18","113","113","0","취수탑형","103","103","93"
"4874010017","환곡","경상남도 창녕군 창녕읍 신촌리","1956-11-15","1958-08-17","2","주수원","64","2","2","23","3","100","필댐(죤형)","15641","109","7","57","56","1","취수탑형","30","29","24"
"4874010022","옥천","경상남도 창녕군 창녕읍 옥천리","1953-05-25","1963-10-31","1","주수원","2660","18","15","276","10","100","필댐(죤형)","209245","246","24","1576","1567","9","사통형","131","130","112"
"4874010023","노단이","경상남도 창녕군 창녕읍 옥천리","1991-07-18","1999-02-24","1","주수원","525","8","7","42","10","200","필댐(죤형)","164447","144","38","681","618","63","사통형","275","274","258"
"4874010027","화전","경상남도 창녕군 창녕읍 여초리","1971-06-10","1974-12-31","2","주수원","320","4","3","39","3","100","필댐(죤형)","73794","251","11","130","128","1","취수탑형","59","58","51"
"4874010047","어은상","경상남도 창녕군 고암면 원촌리","1944-04-27","1945-12-25","2","보조수원","240","1","1","11","3","100","필댐(죤형)","3920","99","4","30","29","1","취수탑형","46","45","43"
"4874010048","어은하","경상남도 창녕군 고암면 원촌리","1944-04-30","1945-12-30","2","보조수원","230","1","1","5","3","100","필댐(죤형)","8336","325","3","16","16","0","취수탑형","37","36","34"
"4874010050","모전","경상남도 창녕군 대합면 모전리","1965-04-10","1966-12-30","2","보조수원","390","0","0","21","3","100","필댐(죤형)","6250","115","5","7","7","0","취수탑형","23","22","20"
"4874010067","감동","경상남도 창녕군 고암면 감리","1953-05-25","1963-10-31","1","주수원","1400","27","22","327","10","100","필댐(죤형)","170781","270","16","1278","1214","64","사통형","192","191","181"
"4874010074","정녕1","경상남도 창녕군 성산면 정녕리","1944-03-19","1945-11-25","2","보조수원","450","1","0","2","3","100","필댐(죤형)","4105","162","3","4","4","0","취수탑형","64","63","62"
"4874010075","웅골","경상남도 창녕군 성산면 정녕리","1944-03-27","1945-12-30","2","보조수원","150","1","1","1","3","100","필댐(죤형)","2880","119","3","7","4","2","기타","59","58","58"
"4874010076","치이골","경상남도 창녕군 성산면 정녕리","1944-03-24","1945-11-27","2","보조수원","118","1","1","9","3","100","필댐(죤형)","19000","75","8","19","18","0","취수탑형","78","77","73"
"4874010081","월곡","경상남도 창녕군 성산면 대산리","1987-12-11","1998-02-20","1","주수원","850","10","9","127","10","200","필댐(죤형)","344166","192","42","1104","1082","23","사통형","235","233","208"
"4874010088","원동","경상남도 창녕군 대지면 모산리","1944-03-16","1945-12-30","2","보조수원","48","1","1","7","3","100","필댐(죤형)","16660","280","5","14","14","0","취수탑형","36","36","34"
"4874010089","십이리","경상남도 창녕군 대합면 십이리","1939-03-19","1940-03-31","2","보조수원","235","6","6","57","10","100","필댐(죤형)","80800","388","10","170","170","0","취수탑형","39","39","35"
"4874010090","신기","경상남도 창녕군 대합면 십이리","1956-03-12","1957-11-27","2","보조수원","27","0","0","7","3","100","필댐(죤형)","4748","55","7","5","5","0","취수탑형","68","67","65"
"4874010091","도개","경상남도 창녕군 대합면 도개리","1956-01-21","1959-10-21","2","보조수원","67","3","3","22","3","100","필댐(죤형)","12960","195","5","80","76","4","취수탑형","24","23","20"
"4874010092","등지","경상남도 창녕군 대합면 등지리","1956-01-26","1959-12-21","2","보조수원","62","4","3","14","3","100","필댐(죤형)","7340","170","4","60","59","1","취수탑형","38","37","34"
"4874010094","장기","경상남도 창녕군 대합면 장기리","1939-10-01","1940-03-31","2","보조수원","110","5","5","40","3","100","필댐(죤형)","22680","216","6","161","161","0","취수탑형","43","42","37"
"4874010095","매탄1","경상남도 창녕군 대합면 장기리","1944-03-21","1945-12-21","2","보조수원","125","4","4","14","3","100","필댐(죤형)","17000","150","7","72","71","2","취수탑형","38","37","34"
"4874010098","율곡","경상남도 창녕군 대합면 장기리","1970-04-25","1971-12-30","2","보조수원","64","1","1","6","3","100","필댐(죤형)","8294","108","6","18","17","0","취수탑형","51","50","47"
"4874010100","공수곡","경상남도 창녕군 대합면 평지리","1944-03-16","1945-12-30","2","보조수원","60","1","1","11","3","100","필댐(죤형)","8467","98","6","21","19","3","취수탑형","28","27","24"
"4874010101","계양곡","경상남도 창녕군 대합면 모전리","1944-03-16","1945-12-28","2","보조수원","30","0","0","3","3","100","필댐(죤형)","5148","130","4","6","6","0","취수탑형","24","23","21"
"4874010102","수장","경상남도 창녕군 대합면 모전리","1945-03-16","1945-12-30","2","보조수원","40","2","2","20","3","100","필댐(죤형)","3192","70","4","71","70","1","취수탑형","38","37","34"
"4874010103","석실","경상남도 창녕군 대합면 모전리","1944-03-16","1945-12-30","2","보조수원","65","1","1","9","3","100","필댐(죤형)","7956","136","5","11","11","0","취수탑형","39","38","35"
"4874010105","월분","경상남도 창녕군 대합면 소야리","1944-03-16","1945-12-30","2","보조수원","48","1","1","10","3","100","필댐(죤형)","8640","100","6","27","27","0","취수탑형","28","27","23"
"4874010109","신당","경상남도 창녕군 대합면 신당리","1956-01-26","1959-10-21","2","주수원","58","1","1","15","3","100","필댐(죤형)","17820","110","8","28","28","0","취수탑형","36","35","30"
"4874010110","모지","경상남도 창녕군 대합면 평지리","1944-03-16","1945-12-30","2","보조수원","125","1","1","13","3","100","필댐(죤형)","4750","120","4","18","18","0","취수탑형","23","23","20"
"4874010134","죽전","경상남도 창녕군 이방면 등림리","1942-03-10","1943-12-30","2","보조수원","100","1","1","15","10","200","필댐(죤형)","3438","120","3","22","21","1","취수탑형","23","22","19"
"4874010151","명전","경상남도 창녕군 계성면 명리","1936-04-10","1937-12-30","2","보조수원","200","1","1","25","10","100","필댐(죤형)","3332","100","6","29","29","0","취수탑형","78","77","74"
"4874010152","관동","경상남도 창녕군 계성면 명리","1944-04-10","1945-04-10","2","보조수원","200","1","1","35","10","100","필댐(죤형)","7480","170","5","34","33","0","취수탑형","48","47","44"
"4874010153","성당","경상남도 창녕군 계성면 명리","1945-04-10","1946-12-30","2","보조수원","250","3","3","16","10","100","필댐(죤형)","30141","197","9","139","138","1","취수탑형","76","76","70"
"4874010155","계남","경상남도 창녕군 계성면 사리","1945-04-01","1946-12-30","2","보조수원","100","1","0","14","10","100","필댐(죤형)","3211","95","7","8","8","0","취수탑형","80","80","76"
"4874010162","봉산","경상남도 창녕군 계성면 봉산리","1920-03-19","1926-12-30","1","주수원","1990","81","78","843","10","100","필댐(죤형)","23480","289","6","2379","2280","99","취수탑형","7","6","3"
"4874010164","연지","경상남도 창녕군 영산면 서리","1921-04-10","1922-12-30","2","보조수원","600","2","2","15","10","100","필댐(죤형)","8100","300","3","40","40","0","취수탑형","57","56","54"
"4874010165","구계","경상남도 창녕군 영산면 구계리","1942-10-07","1946-05-10","1","주수원","600","12","10","150","10","100","필댐(죤형)","116000","217","22","562","561","1","사통형","117","116","102"
"4874010176","장척","경상남도 창녕군 영산면 신제리","1939-03-19","1940-12-30","1","보조수원","630","55","55","154","10","100","필댐(죤형)","35200","400","6","2022","2000","22","취수탑형","11","11","6"
"4874010178","유동","경상남도 창녕군 장마면 유리","1922-03-19","1926-12-30","1","보조수원","157","19","19","56","10","100","필댐(죤형)","11286","183","5","314","313","1","취수탑형","11","10","7"
"4874010192","덕곡","경상남도 창녕군 도천면 덕곡리","1956-06-09","1958-12-30","2","주수원","250","5","5","92","3","100","필댐(죤형)","65465","207","13","266","264","2","취수탑형","75","74","65"
"4874010193","심곡","경상남도 창녕군 도천면 덕곡리","1956-06-09","1958-12-30","2","보조수원","80","2","2","28","3","100","필댐(죤형)","38243","100","15","100","100","0","취수탑형","126","125","113"
"4874010209","길곡","경상남도 창녕군 길곡면 길곡리","1976-07-29","1978-12-30","1","주수원","355","10","8","43","10","200","필댐(죤형)","70564","250","14","425","425","0","사통형","73","72","62"
"4882010017","삼봉","경상남도 고성군 삼산면 장치리","1986-01-01","1988-01-01","1","주수원","150","8","8","67","10","200","필댐(죤형)","1000","221","19","554","554","0","사통형","68","67","55"
"4882010018","학림","경상남도 고성군 하일면 학림리","1959-01-01","1966-01-01","2","주수원","150","4","4","52","10","200","필댐(죤형)","1000","217","17","225","225","0","사통형","54","53","42"
"4882010019","금단","경상남도 고성군 하일면 학림리","1962-12-03","1966-12-01","2","주수원","40","2","2","5","10","200","필댐(죤형)","1000","180","7","47","47","0","사통형","40","39","34"
"4882010020","금단1","경상남도 고성군 하일면 학림리","1963-12-02","1966-12-01","1","주수원","95","4","4","17","10","200","필댐(죤형)","1000","184","23","312","312","0","사통형","58","57","37"
"4882010022","수양","경상남도 고성군 하일면 수양리","1952-01-01","1954-01-01","1","주수원","184","7","7","67","10","200","필댐(죤형)","1000","175","19","480","480","0","사통형","62","61","47"
"4882010023","중촌","경상남도 고성군 하일면 용태리","1950-12-01","1954-12-01","2","주수원","20","1","1","2","10","200","필댐(죤형)","100","113","5","10","10","0","사통형","20","19","17"
"4882010024","삼만","경상남도 고성군 하일면 수양리","1951-12-03","1954-12-01","2","주수원","60","1","1","4","10","200","필댐(죤형)","100","264","5","13","13","0","사통형","16","15","13"
"4882010028","회미","경상남도 고성군 하일면 오방리","1941-12-01","1945-12-01","2","보조수원","6","1","1","19","10","100","필댐(죤형)","100","142","4","6","6","0","사통형","62","61","59"
"4882010029","계방골","경상남도 고성군 하일면 오방리","1953-12-01","1956-12-01","2","주수원","61","0","1","24","10","200","필댐(죤형)","1000","70","8","10","10","0","사통형","80","79","76"
"4882010031","진산골","경상남도 고성군 하일면 오방리","1965-12-01","1968-12-01","2","보조수원","2","1","1","22","10","200","필댐(죤형)","100","127","3","6","6","0","사통형","85","84","81"
"4882010041","음촌","경상남도 고성군 하이면 석지리","1942-12-01","1945-12-01","2","주수원","24","0","1","7","10","200","필댐(죤형)","100","64","4","3","3","0","사통형","57","56","55"
"4882010042","하이","경상남도 고성군 하이면 와룡리","1966-01-01","1971-01-01","1","주수원","1342","24","24","167","10","200","필댐(죤형)","1000","394","23","2594","2594","0","사통형","63","62","44"
"4882010045","봉현","경상남도 고성군 하이면 봉현리","1992-01-01","1998-01-01","1","주수원","280","9","9","38","10","200","필댐(죤형)","90823","246","28","910","910","0","사통형","77","76","56"
"4882010047","사촌","경상남도 고성군 하이면 봉원리","1976-05-20","1978-01-01","1","주수원","350","13","11","125","10","200","필댐(죤형)","167200","140","19","563","563","0","사통형","162","161","148"
"4882010056","무선","경상남도 고성군 상리면 무선리","1952-01-01","1963-01-01","1","주수원","316","5","5","52","10","200","필댐(죤형)","1000","177","13","331","313","18","사통형","129","128","121"
"4882010061","척정","경상남도 고성군 대가면 척정리","1990-01-01","1995-01-01","1","주수원","250","9","9","82","10","200","필댐(죤형)","1000","254","24","777","777","0","사통형","81","80","64"
"4882010066","대가","경상남도 고성군 대가면 암전리","1926-01-01","1932-12-31","1","주수원","2026","88","87","899","10","200","필댐(죤형)","2000","346","15","4615","4615","0","사통형","31","30","19"
"4882010068","양화","경상남도 고성군 대가면 양화리","1970-01-01","1975-01-01","1","주수원","455","16","15","168","10","200","필댐(죤형)","1000","268","21","1257","1257","0","사통형","81","80","64"
"4882010075","갈천","경상남도 고성군 대가면 갈천리","1982-01-01","1985-01-01","1","주수원","816","14","13","170","10","200","필댐(죤형)","1000","209","24","1208","1208","0","사통형","165","164","144"
"4882010079","추계","경상남도 고성군 영현면 추계리","1951-12-03","1954-01-01","2","주수원","200","4","4","47","10","200","필댐(죤형)","1000","130","13","162","162","0","사통형","125","124","114"
"4882010086","연화","경상남도 고성군 영현면 신분리","1967-01-01","1971-01-01","2","주수원","435","5","5","50","10","200","필댐(죤형)","1000","141","17","264","264","0","사통형","104","103","91"
"4882010106","선동","경상남도 고성군 개천면 나선리","1982-01-01","1985-01-01","1","주수원","487","10","10","77","10","200","필댐(죤형)","1000","184","19","547","547","0","사통형","158","157","144"
"4882010108","가천","경상남도 고성군 개천면 가천리","1952-12-01","1956-01-02","1","주수원","1387","18","17","247","10","200","필댐(죤형)","1000","228","18","950","950","0","사통형","108","107","96"
"4882010116","구례","경상남도 고성군 개천면 예성리","1967-12-01","1971-01-01","2","주수원","161","4","4","58","10","200","필댐(죤형)","1000","194","17","229","229","0","사통형","92","91","78"
"4882010123","좌련","경상남도 고성군 개천면 좌연리","1982-01-01","1985-01-01","1","주수원","332","14","12","82","10","200","필댐(죤형)","1000","176","28","950","950","0","사통형","148","147","128"
"4882010152","삼덕","경상남도 고성군 회화면 삼덕리","1943-01-01","1950-01-01","1","주수원","345","10","10","99","10","200","필댐(죤형)","1000","192","17","542","542","0","사통형","58","57","45"
"4882010188","봉암","경상남도 고성군 동해면 봉암리","1942-12-01","1945-12-01","2","주수원","150","1","1","53","10","200","필댐(죤형)","1000","180","22","118","118","0","사통형","40","39","30"
"4882010190","용문","경상남도 고성군 동해면 외곡리","1942-12-01","1945-12-01","2","주수원","140","5","5","59","10","200","필댐(죤형)","1000","132","21","177","177","0","사통형","70","70","58"
"4882010193","남촌윗","경상남도 고성군 동해면 내곡리","1942-12-01","1945-12-01","2","주수원","4","0","1","12","10","200","필댐(죤형)","100","129","4","6","6","0","사통형","45","44","40"
"4882010194","남촌아래","경상남도 고성군 동해면 내곡리","1942-12-01","1945-12-01","2","주수원","2","0","1","32","10","200","필댐(죤형)","1000","174","5","12","12","0","사통형","42","41","38"
"4882010195","내곡","경상남도 고성군 동해면 내곡리","1981-12-01","1983-12-01","2","주수원","60","0","1","9","10","200","필댐(죤형)","100","108","8","10","10","0","사통형","72","71","62"
"4882010205","덕촌1","경상남도 고성군 거류면 가려리","1942-12-01","1945-12-01","2","주수원","9","0","1","20","10","200","필댐(죤형)","1000","162","7","6","6","0","사통형","43","42","40"
"4882010206","덕촌2","경상남도 고성군 거류면 가려리","1942-12-01","1945-12-01","2","보조수원","3","1","1","19","10","200","필댐(죤형)","500","204","5","18","18","0","사통형","35","35","31"
"4882010207","오방","경상남도 고성군 하일면 오방리","1999-10-07","2007-04-30","1","주수원","95","7","7","74","10","200","필댐(죤형)","56400","188","31","795","698","97","사통형","101","100","83"
"4882010208","대곡","경상남도 고성군 하일면 오방리","1999-10-07","2007-04-30","1","주수원","75","4","4","43","10","200","필댐(죤형)","159000","249","33","474","400","74","사통형","99","98","82"
"4882010209","월흥","경상남도 고성군 하이면 월흥리","1999-10-07","2007-04-30","1","주수원","64","4","4","41","10","200","필댐(죤형)","136800","300","34","458","392","66","사통형","90","89","76"
"4884010001","차산","경상남도 남해군 남해읍 차산리","1943-01-01","1944-01-01","2","보조수원","70","1","1","15","10","100","필댐(죤형)","12555","248","5","22","22","0","사통형","18","17","15"
"4884010005","아산","경상남도 남해군 남해읍 아산리","1956-01-01","1959-01-01","1","주수원","270","5","4","114","10","100","필댐(죤형)","271959","273","23","370","369","1","사통형","79","78","63"
"4884010008","남해대곡","경상남도 남해군 남해읍 평현리","1956-01-01","1959-01-01","2","주수원","100","2","2","30","10","100","필댐(죤형)","72453","100","19","100","100","0","사통형","89","88","75"
"4884010009","내금","경상남도 남해군 남해읍 평리","1956-01-01","1959-01-01","2","주수원","140","3","3","42","10","100","필댐(죤형)","41254","123","13","173","173","0","사통형","54","53","43"
"4884010017","다천","경상남도 남해군 이동면 다정리","1957-01-01","1958-01-01","2","보조수원","60","1","0","4","10","100","필댐(죤형)","2123","61","8","16","16","0","사통형","40","40","34"
"4884010020","다정","경상남도 남해군 이동면 다정리","1972-01-01","1975-01-01","2","주수원","240","4","4","61","10","100","필댐(죤형)","309407","246","26","267","267","0","사통형","113","112","98"
"4884010021","초음","경상남도 남해군 이동면 초음리","1945-01-01","1945-12-31","2","보조수원","60","1","1","14","10","100","필댐(죤형)","7321","137","5","15","15","0","사통형","37","37","34"
"4884010022","장평","경상남도 남해군 이동면 초음리","1944-01-01","1945-01-01","2","보조수원","120","3","2","46","10","100","필댐(죤형)","13005","170","7","83","83","0","사통형","35","35","29"
"4884010023","초양","경상남도 남해군 이동면 초음리","1968-01-01","1969-01-01","2","보조수원","30","1","1","21","10","100","필댐(죤형)","21870","300","6","30","30","0","사통형","14","13","9"
"4884010024","광두","경상남도 남해군 이동면 초음리","1968-01-01","1969-01-01","2","보조수원","20","1","1","17","10","100","필댐(죤형)","8550","160","7","28","28","0","사통형","18","17","13"
"4884010026","석평","경상남도 남해군 이동면 석평리","1945-01-01","1945-12-31","2","보조수원","20","2","2","20","10","100","필댐(죤형)","10080","140","8","54","54","0","사통형","35","35","29"
"4884010028","성현","경상남도 남해군 이동면 무림리","1945-01-01","1945-12-31","2","보조수원","24","1","0","21","10","100","필댐(죤형)","6023","146","5","8","8","0","사통형","34","33","31"
"4884010029","골안","경상남도 남해군 이동면 무림리","1945-01-01","1945-12-31","2","보조수원","24","0","0","5","10","100","필댐(죤형)","10519","34","5","3","3","0","사통형","45","44","41"
"4884010030","무림","경상남도 남해군 이동면 무림리","1945-01-01","1945-12-31","2","보조수원","14","0","0","3","10","100","필댐(죤형)","7613","35","10","4","4","0","사통형","41","40","36"
"4884010031","봉곡","경상남도 남해군 이동면 무림리","1967-01-01","1968-01-01","2","보조수원","12","0","0","6","10","100","필댐(죤형)","14044","107","10","9","9","0","사통형","63","62","57"
"4884010035","복곡","경상남도 남해군 이동면 신전리","1979-01-01","1984-01-01","1","주수원","560","12","12","216","10","200","필댐(죤형)","808136","302","37","1549","1543","5","취수탑형","137","136","109"
"4884010036","용문곡","경상남도 남해군 이동면 용소리","1945-01-01","1945-12-31","2","보조수원","122","0","0","8","10","100","필댐(죤형)","4999","31","10","7","7","0","사통형","108","107","102"
"4884010037","용소2","경상남도 남해군 이동면 용소리","1957-01-01","1958-01-01","2","보조수원","14","0","0","7","10","100","필댐(죤형)","9570","58","10","14","14","0","사통형","39","39","34"
"4884010038","용소1","경상남도 남해군 이동면 용소리","1968-01-01","1969-01-01","2","보조수원","30","0","0","2","10","100","필댐(죤형)","1092","40","4","0","0","0","사통형","58","57","57"
"4884010039","봉전","경상남도 남해군 이동면 용소리","1968-01-01","1969-01-01","2","보조수원","85","0","0","11","10","100","필댐(죤형)","3047","65","5","9","9","0","사통형","23","22","19"
"4884010040","난문","경상남도 남해군 이동면 난음리","1945-01-01","1945-12-31","2","보조수원","55","1","1","8","10","100","필댐(죤형)","10620","200","6","15","15","0","사통형","39","38","34"
"4884010041","난곡","경상남도 남해군 이동면 난음리","1942-01-01","1943-01-01","2","보조수원","15","1","1","16","10","100","필댐(죤형)","6426","85","6","20","20","0","사통형","80","79","76"
"4884010042","난등","경상남도 남해군 이동면 난음리","1941-01-01","1942-01-01","2","보조수원","17","1","1","22","10","100","필댐(죤형)","23305","230","7","34","34","0","사통형","35","34","30"
"4884010050","고잔","경상남도 남해군 삼동면 영지리","1945-01-01","1945-12-31","2","보조수원","15","1","1","15","10","100","필댐(죤형)","5184","90","6","17","17","0","사통형","24","24","20"
"4884010052","시문1","경상남도 남해군 삼동면 영지리","1967-01-01","1968-01-01","2","보조수원","31","0","0","7","10","100","필댐(죤형)","8738","114","7","4","4","0","사통형","38","38","35"
"4884010053","시문2","경상남도 남해군 삼동면 영지리","1967-01-01","1968-01-01","2","보조수원","31","1","1","15","10","100","필댐(죤형)","12737","85","10","19","19","0","사통형","61","60","53"
"4884010054","영지","경상남도 남해군 삼동면 영지리","1957-01-01","1958-01-01","2","보조수원","22","0","0","5","10","100","필댐(죤형)","5280","55","8","6","6","0","사통형","43","42","37"
"4884010055","갈곡","경상남도 남해군 삼동면 영지리","1983-01-01","1987-01-01","1","주수원","300","11","10","170","10","200","필댐(죤형)","112025","188","29","1013","992","21","취수탑형","79","78","60"
"4884010062","내산","경상남도 남해군 삼동면 봉화리","1988-01-01","1997-01-01","1","주수원","620","23","22","267","10","200","필댐(죤형)","560855","249","35","2481","2338","144","취수탑형","119","118","99"
"4884010068","성하","경상남도 남해군 남면 당항리","1971-01-01","1972-01-01","2","보조수원","5","1","1","6","10","100","필댐(죤형)","3248","150","4","7","7","0","사통형","29","28","26"
"4884010069","산요","경상남도 남해군 남면 당항리","1945-01-01","1945-12-31","2","보조수원","16","0","0","5","10","100","필댐(죤형)","1750","27","6","7","7","0","사통형","79","78","74"
"4884010070","상보","경상남도 남해군 남면 당항리","1945-01-01","1945-12-31","2","보조수원","16","0","0","3","10","100","필댐(죤형)","6081","138","5","5","5","0","사통형","76","76","74"
"4884010072","두곡","경상남도 남해군 남면 당항리","1945-01-01","1945-12-31","2","보조수원","90","1","0","21","10","100","필댐(죤형)","6928","46","9","12","12","0","사통형","56","55","51"
"4884010094","연죽","경상남도 남해군 서면 연죽리","1979-01-01","1981-01-01","1","주수원","510","8","7","103","10","100","필댐(균일형)","156493","180","26","748","744","4","사통형","77","75","57"
"4884010110","이어","경상남도 남해군 고현면 대곡리","1945-01-01","1945-12-31","2","보조수원","30","0","0","11","10","100","필댐(죤형)","4080","124","5","6","6","0","사통형","17","17","15"
"4884010112","고현대곡","경상남도 남해군 고현면 대곡리","1969-01-01","1972-01-01","1","주수원","336","4","4","89","10","100","필댐(죤형)","146417","181","20","301","301","0","사통형","58","57","43"
"4884010117","오곡","경상남도 남해군 고현면 오곡리","1944-01-01","1944-12-31","2","주수원","80","1","1","25","10","100","필댐(죤형)","33891","110","13","39","39","0","사통형","61","60","51"
"4884010121","남치","경상남도 남해군 고현면 남치리","1945-01-01","1951-01-01","1","주수원","335","7","7","94","10","100","필댐(죤형)","129021","148","21","432","432","0","사통형","58","57","45"
"4884010133","도래모","경상남도 남해군 설천면 진목리","1944-01-01","1944-12-31","2","보조수원","50","1","1","3","10","100","필댐(죤형)","9394","241","5","20","20","0","사통형","32","31","28"
"4884010134","길가","경상남도 남해군 설천면 진목리","1942-01-01","1943-01-01","2","보조수원","20","0","0","1","10","100","필댐(죤형)","2532","97","4","2","2","0","사통형","21","20","18"
"4884010136","진목","경상남도 남해군 설천면 진목리","1968-01-01","1970-01-01","2","주수원","62","1","1","30","10","100","필댐(죤형)","32957","93","15","50","50","0","사통형","98","97","86"
"4884010167","적곡","경상남도 남해군 창선면 옥천리","1945-01-01","1945-12-31","2","보조수원","85","1","1","6","10","100","필댐(죤형)","21485","94","12","49","49","0","사통형","97","97","89"
"4884010168","갈곡(소)","경상남도 남해군 창선면 옥천리","1942-01-01","1943-01-01","2","보조수원","60","0","0","2","10","100","필댐(죤형)","3686","84","5","5","5","0","사통형","53","52","50"
"4884010169","옥천","경상남도 남해군 창선면 옥천리","1976-01-01","1978-01-01","1","주수원","220","8","8","104","10","100","필댐(죤형)","405880","229","28","804","799","5","사통형","88","87","68"
"4884010170","사시곡","경상남도 남해군 창선면 상죽리","1942-01-01","1943-01-01","2","보조수원","32","0","0","2","10","100","필댐(죤형)","1561","55","8","10","10","0","사통형","36","36","31"
"4884010171","장곡","경상남도 남해군 창선면 상죽리","1943-01-01","1944-01-01","2","보조수원","34","1","1","3","10","100","필댐(죤형)","8056","140","6","18","18","0","사통형","31","31","27"
"4884010172","노구","경상남도 남해군 서면 노구리","1995-07-19","2003-12-20","1","주수원","260","6","6","114","10","200","필댐(죤형)","1312959","270","53","872","857","15","사통형","221","220","193"
"4884010173","남상","경상남도 남해군 서면 남상리","1995-07-19","2003-12-30","1","주수원","100","2","2","50","10","200","필댐(죤형)","1664438","300","55","302","295","7","사통형","249","248","230"
"4884010295","운암","경상남도 남해군 남면 임포리","2006-12-08","2010-12-20","1","주수원","100","5","5","","10","200","필댐(죤형)","365","279","37","473","460","13","사통형","103","102","79"
"4885010005","신대","경상남도 하동군 악양면 신대리","1945-01-01","1945-12-31","2","보조수원","6","0","0","6","10","100","필댐(죤형)","25272","104","12","5","5","0","사통형","50","49","46"
"4885010006","신성","경상남도 하동군 악양면 신성리","1945-01-01","1945-12-31","2","보조수원","12","0","0","9","10","100","필댐(죤형)","20520","38","14","4","4","0","사통형","147","146","141"
"4885010007","신흥","경상남도 하동군 악양면 신흥리","1945-01-01","1945-12-31","2","보조수원","4","0","0","4","10","100","필댐(죤형)","7224","86","7","3","3","0","사통형","74","74","72"
"4885010009","중대","경상남도 하동군 악양면 중대리","1950-01-01","1951-01-01","2","보조수원","13","0","0","9","10","100","필댐(죤형)","13440","40","11","3","3","0","사통형","185","184","180"
"4885010011","노전하","경상남도 하동군 악양면 매계리","1945-01-01","1945-12-31","2","보조수원","3","0","0","3","10","100","필댐(죤형)","3393","58","6","2","2","0","사통형","130","129","126"
"4885010012","매계","경상남도 하동군 악양면 매계리","1977-01-01","1978-01-01","2","보조수원","10","0","0","10","10","100","필댐(죤형)","52313","150","12","9","9","0","사통형","130","130","125"
"4885010013","정서상","경상남도 하동군 악양면 정서리","1945-01-01","1945-12-31","2","보조수원","35","1","1","12","10","100","필댐(죤형)","3120","40","7","13","13","0","사통형","177","176","171"
"4885010015","입석중","경상남도 하동군 악양면 입석리","1945-01-01","1945-12-31","2","보조수원","7","0","0","14","10","100","필댐(죤형)","7560","70","8","8","8","0","사통형","128","128","124"
"4885010016","입석하","경상남도 하동군 악양면 입석리","1959-01-01","1960-01-01","2","보조수원","5","0","0","7","10","100","필댐(죤형)","4320","40","8","6","6","0","사통형","85","84","80"
"4885010017","입석상","경상남도 하동군 악양면 입석리","1974-01-01","1975-01-01","2","보조수원","16","1","1","21","10","100","필댐(죤형)","43200","120","12","45","45","0","사통형","122","121","113"
"4885010022","적량","경상남도 하동군 적량면 우계리","1985-01-01","1994-01-01","1","주수원","450","12","11","133","10","200","필댐(죤형)","984170","308","41","1265","1237","28","사통형","107","106","82"
"4885010025","삼화","경상남도 하동군 적량면 서리","1993-01-01","1997-01-01","1","주수원","590","10","9","95","10","200","필댐(죤형)","1150128","326","42","1213","1209","4","사통형","170","169","144"
"4885010026","강선","경상남도 하동군 적량면 고절리","1995-01-01","1997-01-01","1","주수원","185","7","7","74","10","200","필댐(죤형)","782682","274","39","903","847","56","사통형","70","69","50"
"4885010097","송원","경상남도 하동군 진교면 송원리","1957-01-01","1959-01-01","1","주수원","1040","21","21","116","10","200","필댐(죤형)","24793","292","6","470","470","0","사통형","8","7","4"
"4885010101","고이","경상남도 하동군 진교면 고이리","1973-01-01","1975-01-01","2","주수원","120","3","3","76","10","100","필댐(죤형)","197424","169","25","211","208","2","사통형","95","94","80"
"4885010102","절골","경상남도 하동군 진교면 고이리","1973-01-01","1975-01-01","2","보조수원","170","2","2","38","10","100","필댐(죤형)","61092","130","13","64","64","0","사통형","83","83","76"
"4885010103","서포","경상남도 하동군 진교면 고이리","1985-01-01","1997-01-01","1","보조수원","150","7","7","757","10","200","필댐(죤형)","159130","258","15","498","460","38","사통형","73","72","61"
"4885010137","하동","경상남도 하동군 청암면 중이리","1985-01-19","1993-11-20","1","주수원","5850","143","139","3155","10","200","필댐(죤형)","3174906","486","59","31629","30337","1292","취수탑형","147","146","108"
"4885010140","묵계","경상남도 하동군 청암면 묵계리","1978-01-01","1983-01-01","1","주수원","2250","16","16","335","10","200","필댐(죤형)","970064","185","51","2468","2458","10","취수탑형","387","386","352"
"4885010141","북부","경상남도 하동군 금성면 궁항리","1957-01-01","1958-01-01","2","주수원","60","10","9","79","10","100","필댐(죤형)","11413","321","5","195","195","0","사통형","4","4","1"
"4885010166","용포","경상남도 하동군 금성면 고포리","1985-01-01","1994-01-01","1","보조수원","98","6","5","368","10","200","필댐(죤형)","156167","182","15","347","343","4","사통형","18","17","7"
"4885010167","옥종","경상남도 하동군 옥종면 궁항리","1997-01-01","2000-01-01","1","주수원","905","21","19","419","10","200","필댐(죤형)","1148321","240","52","3385","3251","133","취수탑형","217","216","186"
"4886010005","모고","경상남도 산청군 산청읍 모고리","1960-01-01","1961-12-29","2","주수원","530","5","5","56","10","200","필댐(죤형)","94639","117","15","193","193","0","사통형","162","160","153"
"4886010011","상골","경상남도 산청군 산청읍 차탄리","1942-01-01","1947-12-31","2","보조수원","40","1","1","4","1","100","필댐(죤형)","8532","158","6","11","11","0","사통형","122","122","119"
"4886010012","계원","경상남도 진주시 명석면 계원리","1998-01-05","2000-12-29","2","보조수원","57","2","2","12","10","100","필댐(죤형)","11475","60","9","73","63","10","사통형","67","65","59"
"4886010019","병정","경상남도 산청군 산청읍 병정리","1960-01-01","1961-12-29","2","주수원","740","5","4","68","10","200","필댐(죤형)","101532","127","16","194","172","21","사통형","162","160","155"
"4886010021","정곡","경상남도 산청군 산청읍 정곡리","1961-01-01","1961-12-29","2","보조수원","29","1","1","6","1","100","필댐(죤형)","3148","45","5","10","10","0","사통형","107","106","104"
"4886010022","내정","경상남도 산청군 산청읍 정곡리","1974-01-01","1975-12-31","1","주수원","480","6","5","97","10","200","필댐(죤형)","519479","223","31","474","474","0","사통형","246","244","224"
"4886010025","범학","경상남도 산청군 산청읍 범학리","1961-01-01","1961-12-26","2","보조수원","9","0","0","2","10","200","필댐(죤형)","5688","129","5","5","5","0","사통형","142","142","139"
"4886010028","묵곡보조","경상남도 산청군 산청읍 묵곡리","1961-01-01","1961-12-29","2","보조수원","2","0","0","7","10","100","필댐(죤형)","4840","67","6","8","8","0","사통형","101","100","96"
"4886010029","내리","경상남도 산청군 산청읍 내리","1960-01-01","1961-12-28","2","주수원","470","4","2","44","10","200","필댐(죤형)","82425","90","18","130","130","0","사통형","141","139","131"
"4886010030","내리보조","경상남도 산청군 산청읍 내리","1960-01-01","1961-12-28","2","보조수원","15","1","1","4","10","200","필댐(죤형)","2136","133","5","12","12","0","사통형","98","97","94"
"4886010053","중방곡","경상남도 산청군 오부면 방곡리","1946-01-01","1946-12-31","2","보조수원","20","1","0","3","1","100","필댐(죤형)","7275","78","7","3","3","0","사통형","174","173","171"
"4886010054","원방","경상남도 산청군 오부면 방곡리","1950-01-01","1950-12-29","2","보조수원","35","1","1","13","1","100","필댐(죤형)","5628","47","9","9","9","0","사통형","163","162","160"
"4886010056","금곡","경상남도 산청군 오부면 방곡리","1964-01-03","1964-12-30","2","보조수원","28","1","1","30","10","200","필댐(죤형)","7738","67","7","11","11","0","사통형","178","177","174"
"4886010090","향양","경상남도 산청군 생초면 향양리","1991-01-01","1998-12-31","1","주수원","425","64","10","150","10","200","필댐(죤형)","773020","200","39","1177","1177","0","사통형","275","273","246"
"4886010096","안치골","경상남도 산청군 생초면 신연리","1970-01-01","1971-12-31","2","주수원","47","1","1","5","5","100","필댐(죤형)","16574","217","6","9","9","0","사통형","128","127","125"
"4886010129","묘산","경상남도 산청군 금서면 화계리","1945-01-01","1945-12-31","2","보조수원","20","1","0","2","1","100","필댐(죤형)","2016","24","6","5","4","0","사통형","183","182","178"
"4886010130","관선","경상남도 산청군 금서면 화계리","1945-01-03","1945-12-31","2","보조수원","10","1","1","6","10","100","필댐(죤형)","7705","240","3","10","10","0","사통형","147","146","144"
"4886010131","쌍정","경상남도 산청군 금서면 화계리","1945-01-01","1945-12-31","2","보조수원","20","1","0","2","1","100","필댐(죤형)","6102","113","5","3","3","0","사통형","172","171","168"
"4886010132","산태","경상남도 산청군 금서면 화계리","1958-01-01","1958-12-31","2","보조수원","30","1","0","4","1","100","필댐(죤형)","6460","170","4","5","5","0","사통형","154","153","151"
"4886010133","강효","경상남도 산청군 금서면 화계리","1965-01-04","1965-12-30","2","보조수원","65","1","0","5","10","100","필댐(죤형)","948","49","3","5","5","0","사통형","144","142","140"
"4886010144","강누","경상남도 산청군 단성면 강누리","1956-01-04","1961-12-29","2","보조수원","10","1","1","6","10","200","필댐(죤형)","5456","171","6","12","12","0","사통형","67","66","63"
"4886010154","묵곡","경상남도 산청군 단성면 묵곡리","1974-01-01","1974-12-30","2","주수원","75","3","3","21","10","200","필댐(죤형)","16323","109","8","150","132","17","사통형","62","61","56"
"4886010161","자양","경상남도 산청군 단성면 자양리","1943-03-08","1944-12-15","2","보조수원","28","1","0","4","1","100","필댐(죤형)","7693","104","6","4","4","0","사통형","92","91","89"
"4886010164","청현","경상남도 산청군 신안면 청현리","1975-01-01","1976-12-31","2","보조수원","130","1","1","8","1","100","필댐(죤형)","17388","92","9","21","19","2","사통형","116","115","111"
"4886010201","단계","경상남도 산청군 신등면 양전리","1954-01-01","1955-12-30","2","주수원","290","5","5","90","10","200","필댐(죤형)","58033","134","13","272","230","42","사통형","93","91","86"
"4886010202","양전","경상남도 산청군 신등면 양전리","1954-01-01","1955-12-30","2","보조수원","10","1","1","6","1","100","필댐(죤형)","7840","240","3","20","20","0","사통형","76","76","74"
"4886010210","사정","경상남도 산청군 신등면 사정리","1954-01-01","1955-12-30","2","주수원","230","3","2","22","10","200","필댐(죤형)","14127","67","9","72","72","0","사통형","99","98","92"
"4886010212","사정보조","경상남도 산청군 신등면 사정리","1964-01-01","1964-12-31","2","보조수원","18","1","0","4","1","100","필댐(죤형)","9310","164","4","9","9","0","사통형","83","83","80"
"4886010220","손항","경상남도 산청군 신등면 장천리","1988-01-01","1997-12-31","1","주수원","1600","8","7","134","10","200","필댐(죤형)","298775","154","29","576","531","45","취수탑형","226","224","210"
"4886010221","도리","경상남도 산청군 생비량면 도리","1995-01-01","2001-12-28","1","주수원","350","8","8","62","10","200","필댐(죤형)","919253","219","41","1036","1036","0","사통형","133","131","106"
"4886010222","대현","경상남도 산청군 오부면 대현리","1999-04-26","2008-12-20","1","주수원","154","5","4","55","10","200","필댐(균일형)","303","240","32","376","362","14","기타","287","286","270"
"4886010223","서당곡","경상남도 산청군 오부면 중촌리","1999-04-26","2008-12-20","1","주수원","150","5","5","50","10","200","필댐(균일형)","225","210","28","328","328","0","사통형","310","308","295"
"4886010225","율현","경상남도 산청군 신등면 율현리","1998-01-01","2010-02-22","1","주수원","4030","21","19","465","10","200","필댐(균일형)","372721","180","42","2376","2294","82","취수탑형","209","207","183"
"4886010226","청계","경상남도 산청군 단성면 청계리","1998-01-12","2011-11-30","1","주수원","940","178","23","364","10","200","필댐(균일형)","754000","324","49","2978","2628","350","취수탑형","229","228","205"
"4886010413","철수","경상남도 산청군 신등면 율현리","2011-08-22","2016-01-13","1","보조수원","3600","22","19","","10","200","필댐(죤형)","511678","188","37","2047","2016","31","취수탑형","257","255","232"
"4886010414","손항2","경상남도 산청군 차황면 상법리","2011-08-22","2016-01-13","1","보조수원","1494","28","27","","10","200","필댐(죤형)","1289688","323","58","6034","6010","24","취수탑형","283","281","240"
"4887010002","대덕","경상남도 함양군 함양읍 대덕리","1945-01-01","1945-12-30","2","주수원","153","5","5","185","3","200","필댐(죤형)","35735","98","13","267","267","0","사통형","206","205","195"
"4887010023","구룡","경상남도 함양군 함양읍 구룡리","1974-01-01","1978-01-01","1","주수원","2460","8","8","71","10","200","콘크리트댐(중력형)","16623","113","14","301","301","0","사통형","209","208","198"
"4887010042","월평","경상남도 함양군 휴천면 월평리","1985-09-25","1995-11-30","1","주수원","770","8","8","131","10","200","필댐(죤형)","311820","137","31","537","537","0","사통형","315","314","298"
"4887010056","대천","경상남도 함양군 휴천면 대천리","1985-09-25","1995-11-30","1","주수원","390","5","5","76","10","200","필댐(죤형)","451368","150","35","428","428","0","사통형","218","217","194"
"4887010088","죽산","경상남도 함양군 수동면 죽산리","1989-08-26","1996-12-30","1","주수원","216","6","6","90","10","200","필댐(죤형)","780595","220","38","576","548","28","사통형","279","278","262"
"4887010099","공배","경상남도 함양군 지곡면 개평리","1945-01-01","1945-12-31","1","주수원","180","6","6","62","10","200","필댐(죤형)","45512","142","11","303","303","0","사통형","172","171","162"
"4887010103","지곡","경상남도 함양군 지곡면 덕암리","1945-01-01","1945-12-31","1","주수원","617","4","4","92","10","200","필댐(죤형)","237250","148","26","307","307","0","사통형","256","255","237"
"4887010153","서하","경상남도 함양군 서하면 운곡리","1995-07-15","1999-10-30","1","주수원","565","6","5","105","10","200","필댐(죤형)","682762","195","39","492","485","7","사통형","542","540","517"
"4887010182","옥계","경상남도 함양군 병곡면 원산리","1979-12-18","1996-12-20","1","주수원","1250","26","25","412","10","200","필댐(죤형)","2426397","411","56","4677","4620","57","취수탑형","377","376","338"
"4887010185","연덕","경상남도 함양군 병곡면 연덕리","1994-03-11","1998-12-30","1","주수원","388","5","5","107","10","200","필댐(죤형)","373996","152","39","429","429","0","사통형","278","277","255"
"4887010190","초동","경상남도 함양군 안의면 초동리","2003-07-24","2007-01-01","1","주수원","167","4","4","73","10","200","필댐(죤형)","124218","180","21","421","415","6","사통형","421","420","404"
"4887010191","서상","경상남도 함양군 서상면 상남리","1990-12-19","2007-01-01","1","주수원","2316","33","32","395","10","200","필댐(죤형)","665117","207","51","4488","4475","13","취수탑형","523","521","484"
"4887010192","노상","경상남도 함양군 서상면 대남리","1990-12-19","2007-01-01","1","주수원","288","3","3","88","10","200","필댐(죤형)","429879","178","46","395","385","10","취수탑형","664","663","640"
"4888010044","죽림","경상남도 거창군 웅양면 죽림리","1957-01-01","1957-12-31","2","보조수원","2","0","0","8","1","200","필댐(죤형)","5916","60","5","5","5","0","사통형","345","345","343"
"4888010045","화동","경상남도 거창군 웅양면 노현리","1968-01-01","1968-12-31","2","보조수원","45","0","0","6","1","20","필댐(죤형)","8212","75","10","5","5","0","사통형","355","355","352"
"4888010046","유령","경상남도 거창군 웅양면 죽림리","1971-01-01","1971-12-31","2","보조수원","55","0","0","10","1","20","필댐(죤형)","7574","63","7","2","2","0","사통형","349","348","346"
"4888010047","성북","경상남도 거창군 웅양면 동호리","1945-01-01","1945-12-31","2","보조수원","33","0","0","0","1","20","필댐(죤형)","10996","68","8","1","1","0","사통형","403","403","402"
"4888010049","산포1","경상남도 거창군 웅양면 산포리","1969-01-01","1969-12-31","2","보조수원","15","0","0","12","1","20","필댐(죤형)","1017","65","5","1","1","0","사통형","366","366","365"
"4888010050","웅양","경상남도 거창군 웅양면 산포리","2010-06-21","2012-12-31","1","주수원","1160","22","21","264","10","200","필댐(죤형)","1625170","356","51","3291","3185","106","취수탑형","405","403","374"
"4888010051","노현1","경상남도 거창군 웅양면 노현리","1959-01-01","1959-12-31","2","보조수원","41","0","0","13","1","20","필댐(죤형)","14985","63","6","7","7","0","사통형","344","344","340"
"4888010052","노현2","경상남도 거창군 웅양면 노현리","1959-01-01","1959-12-31","2","보조수원","4","1","1","6","1","20","필댐(죤형)","5065","112","7","17","17","0","사통형","384","384","378"
"4888010070","강남","경상남도 거창군 위천면 상천리","1945-01-01","1945-12-31","2","보조수원","10","1","1","2","10","20","필댐(죤형)","4500","155","5","12","12","0","사통형","335","334","331"
"4888010072","서덕","경상남도 거창군 위천면 상천리","1945-01-01","1949-01-01","1","주수원","1890","9","8","159","10","200","필댐(죤형)","123681","308","13","480","480","0","사통형","255","254","244"
"4888010085","황산","경상남도 거창군 위천면 황산리","1975-01-01","1977-01-01","2","주수원","260","3","3","66","10","200","필댐(죤형)","283723","102","31","237","237","0","사통형","396","395","374"
"4888010101","무창","경상남도 거창군 남상면 무촌리","1954-01-01","1956-01-01","2","주수원","446","3","3","58","3","200","필댐(죤형)","99367","180","15","162","162","0","사통형","234","233","223"
"4888010103","매산1","경상남도 거창군 남상면 무촌리","1973-01-01","1973-12-31","2","보조수원","12","0","0","0","1","20","필댐(죤형)","20160","42","15","1","1","0","사통형","271","271","269"
"4888010104","매산","경상남도 거창군 남상면 무촌리","1985-10-01","1991-11-20","1","주수원","481","7","7","162","10","200","필댐(죤형)","620072","287","30","630","630","0","사통형","299","298","273"
"4888010106","한산","경상남도 거창군 남상면 대산리","1962-01-01","1962-12-31","2","보조수원","30","0","0","22","1","20","필댐(죤형)","8159","140","5","9","9","0","사통형","230","230","226"
"4888010113","송변1","경상남도 거창군 남상면 송변리","1945-01-01","1945-12-31","2","보조수원","8","0","0","17","1","20","필댐(죤형)","4994","79","5","7","7","0","사통형","269","268","266"
"4888010114","송변2","경상남도 거창군 남상면 송변리","1967-01-01","1967-12-31","2","보조수원","7","1","1","19","1","20","필댐(죤형)","11136","116","6","16","16","0","사통형","294","294","290"
"4888010117","오계","경상남도 거창군 남상면 오계리","1953-01-01","1953-12-31","2","보조수원","3","0","0","6","1","20","필댐(죤형)","13543","165","6","10","10","0","사통형","264","264","261"
"4888010133","말랑들","경상남도 거창군 남하면 지산리","1947-01-01","1947-12-31","2","보조수원","4","0","0","8","1","20","필댐(죤형)","18146","165","7","8","8","0","사통형","284","284","282"
"4888010134","천동","경상남도 거창군 남하면 지산리","1950-01-01","1950-12-31","2","보조수원","2","0","0","5","1","20","필댐(죤형)","10353","145","6","2","2","0","사통형","248","248","246"
"4888010135","대천","경상남도 거창군 남하면 지산리","1955-01-01","1955-12-31","2","보조수원","6","0","0","7","1","20","필댐(죤형)","6718","125","5","2","2","0","사통형","254","254","252"
"4888010138","당산","경상남도 거창군 남하면 지산리","1975-01-01","1975-12-31","2","보조수원","4","0","0","4","1","20","필댐(죤형)","12464","95","8","4","4","0","사통형","264","264","261"
"4888010139","지산","경상남도 거창군 남하면 지산리","1985-10-14","1989-11-30","1","주수원","341","10","9","95","10","200","필댐(죤형)","298005","180","26","718","638","80","사통형","305","303","292"
"4888010147","이인","경상남도 거창군 남상면 대산리","1945-01-01","1945-12-31","2","보조수원","7","0","0","6","1","20","필댐(죤형)","3606","70","5","7","7","0","사통형","209","209","206"
"4888010159","광성","경상남도 거창군 가조면 기리","1950-01-01","1950-12-31","2","보조수원","7","0","0","8","1","20","필댐(죤형)","6474","132","5","10","10","0","사통형","304","303","300"
"4888010161","음기1호","경상남도 거창군 가조면 기리","1968-01-01","1968-12-31","2","보조수원","22","1","1","8","1","20","필댐(죤형)","9150","150","6","9","9","0","사통형","289","289","286"
"4888010163","제동","경상남도 거창군 가조면 석강리","1946-01-01","1946-12-31","2","보조수원","8","1","1","15","1","20","필댐(죤형)","5125","100","5","4","4","0","사통형","289","288","287"
"4888010164","생초","경상남도 거창군 가조면 석강리","1951-01-01","1951-12-31","2","보조수원","19","0","0","7","1","20","필댐(죤형)","5751","107","5","4","4","0","사통형","337","337","334"
"4888010166","부산","경상남도 거창군 가조면 일부리","1945-01-01","1945-12-31","2","보조수원","12","1","1","15","1","20","필댐(죤형)","13500","225","5","12","12","0","사통형","290","290","288"
"4888010167","녹동","경상남도 거창군 가조면 일부리","1945-01-01","1945-12-31","2","보조수원","20","0","0","7","1","20","필댐(죤형)","4480","80","5","5","5","0","사통형","305","305","302"
"4888010168","초정","경상남도 거창군 가조면 일부리","1945-01-01","1945-12-31","2","보조수원","15","0","0","18","1","20","필댐(죤형)","10125","180","5","9","9","0","사통형","305","305","301"
"4888010170","모덕","경상남도 거창군 가조면 장기리","1950-01-01","1950-12-31","2","보조수원","40","0","0","0","1","20","필댐(죤형)","4300","80","5","3","3","0","사통형","339","339","337"
"4888010171","일부","경상남도 거창군 가조면 일부리","1957-01-01","1957-12-31","2","보조수원","8","1","1","18","1","20","필댐(죤형)","13024","255","5","9","9","0","사통형","288","288","285"
"4888010172","수월","경상남도 거창군 가조면 수월리","1945-01-01","1945-12-31","2","보조수원","74","1","1","20","1","20","필댐(죤형)","53550","450","7","22","22","0","사통형","309","309","307"
"4888010173","대방","경상남도 거창군 가조면 일부리","1950-01-01","1950-12-31","2","보조수원","25","1","1","10","1","20","필댐(죤형)","5952","80","6","17","17","0","사통형","299","298","295"
"4888010175","학당","경상남도 거창군 가조면 동례리","1967-01-01","1967-12-31","2","보조수원","145","0","0","10","1","20","필댐(죤형)","7425","165","5","9","9","0","사통형","298","297","294"
"4888010183","가북","경상남도 거창군 가북면 박암리","1972-11-11","1982-12-20","1","주수원","3450","62","57","1034","10","200","필댐(죤형)","262115","167","49","7985","7979","6","취수탑형","443","441","407"
"4888010184","고척","경상남도 거창군 남상면 전척리","1994-12-13","1999-12-20","2","주수원","97","2","2","24","10","100","필댐(죤형)","201487","124","25","123","123","0","사통형","384","383","366"
"4888010185","금천","경상남도 거창군 남하면 지산리","1963-01-01","1963-12-31","2","보조수원","10","1","0","10","3","20","필댐(죤형)","9160","74","8","3","3","0","사통형","286","286","283"
"4888010186","상천","경상남도 거창군 위천면 상천리","1995-07-11","2001-12-20","1","주수원","454","11","11","104","10","200","필댐(죤형)","1475669","446","36","1211","1191","20","사통형","450","449","431"
"4888010187","거창","경상남도 거창군 고제면 개명리","1996-04-30","2008-08-21","1","주수원","2120","38","36","936","10","200","필댐(죤형)","603000","236","46","4867","4285","582","취수탑형","394","392","365"
"4888010189","진목","경상남도 거창군 남상면 둔동리","2005-12-09","2012-12-20","1","주수원","184","5","5","83","10","200","필댐(죤형)","510896","245","42","564","537","27","사통형","351","350","331"
"4888010330","신원","경상남도 거창군 신원면 덕산리","2010-09-09","2017-12-29","1","주수원","410","16","15","","10","200","필댐(죤형)","","152","35","1722","1722","0","취수탑형","478","477","455"
"4889010056","죽전","경상남도 합천군 가야면 죽전리","1982-12-05","1988-01-01","1","주수원","1320","23","20","296","10","200","필댐(죤형)","631061","360","48","3997","3987","11","취수탑형","346","344","307"
"4889010060","구미2","경상남도 합천군 가야면 구미리","1944-02-06","1945-01-01","2","보조수원","12","0","0","7","7","200","필댐(죤형)","3833","74","6","6","6","0","사통형","302","302","299"
"4889010061","성터","경상남도 합천군 가야면 매안리","1944-02-05","1945-01-01","2","보조수원","17","2","2","10","7","200","필댐(죤형)","6366","162","4","10","10","0","사통형","233","233","230"
"4889010062","매화1","경상남도 합천군 가야면 매화리","1944-01-01","1945-01-01","2","보조수원","32","1","1","12","7","200","필댐(죤형)","7703","183","4","8","8","0","사통형","228","228","226"
"4889010063","매화2","경상남도 합천군 가야면 매화리","1945-01-01","1947-01-01","2","보조수원","29","3","3","10","7","200","필댐(죤형)","4136","134","4","10","10","0","사통형","206","206","204"
"4889010064","이천","경상남도 합천군 가야면 이천리","1944-01-01","1945-01-01","2","보조수원","8","1","1","7","7","200","필댐(죤형)","2983","118","3","3","3","0","사통형","227","226","225"
"4889010065","황산","경상남도 합천군 가야면 황산리","1982-12-01","1988-01-01","2","주수원","218","2","2","28","10","200","필댐(죤형)","21978","185","42","125","125","0","사통형","408","407","392"
"4889010085","토개","경상남도 합천군 율곡면 갑산리","1944-02-03","1945-01-01","2","보조수원","50","1","1","4","7","200","필댐(죤형)","1349","58","3","23","23","0","사통형","22","21","16"
"4889010105","대동1","경상남도 합천군 초계면 대동리","1944-03-28","1945-01-01","2","보조수원","80","1","1","3","7","200","필댐(죤형)","4830","115","3","23","23","0","사통형","31","31","28"
"4889010107","하남1","경상남도 합천군 초계면 상대리","1944-02-01","1945-01-01","2","보조수원","23","0","0","2","7","200","필댐(죤형)","4459","98","4","8","8","0","사통형","58","57","55"
"4889010108","하남2","경상남도 합천군 초계면 상대리","1944-02-01","1945-01-01","2","보조수원","27","1","1","3","7","200","필댐(죤형)","4235","110","3","5","5","0","사통형","89","88","86"
"4889010110","무릉4","경상남도 합천군 초계면 상대리","1944-03-05","1945-01-01","2","보조수원","35","1","1","2","3","200","필댐(죤형)","1852","98","8","8","8","0","사통형","129","129","124"
"4889010111","새못","경상남도 합천군 초계면 택리","1944-02-01","1945-01-01","2","보조수원","5","1","1","5","7","200","필댐(죤형)","11970","190","4","57","57","0","사통형","30","30","27"
"4889010112","각곡","경상남도 합천군 초계면 유하리","1944-02-29","1945-01-01","2","보조수원","40","1","1","3","7","200","필댐(죤형)","4095","130","4","9","9","0","사통형","61","61","59"
"4889010113","원당1","경상남도 합천군 초계면 원당리","1944-02-01","1945-01-01","2","보조수원","139","1","1","32","7","200","필댐(죤형)","8000","150","13","54","54","0","사통형","99","98","91"
"4889010115","원당2","경상남도 합천군 초계면 원당리","1963-02-01","1964-01-01","2","보조수원","9","0","0","3","7","200","필댐(죤형)","1386","30","3","2","2","0","사통형","71","71","69"
"4889010116","원당3","경상남도 합천군 초계면 원당리","1963-02-01","1964-01-01","2","보조수원","50","0","0","3","7","200","필댐(죤형)","9737","130","8","15","15","0","사통형","135","135","129"
"4889010117","대평2","경상남도 합천군 초계면 대평리","1944-02-01","1945-01-01","2","보조수원","20","1","1","2","7","200","필댐(죤형)","1817","87","3","1","1","0","사통형","38","37","36"
"4889010118","유하1","경상남도 합천군 초계면 유하리","1944-02-01","1945-01-01","2","보조수원","30","1","1","2","7","200","필댐(죤형)","2205","90","3","6","6","0","사통형","43","43","41"
"4889010119","유하2","경상남도 합천군 초계면 유하리","1944-02-01","1945-01-01","2","보조수원","35","1","1","2","7","200","필댐(죤형)","3220","115","3","3","3","0","사통형","48","48","47"
"4889010120","유하3","경상남도 합천군 초계면 유하리","1944-02-01","1945-01-01","2","보조수원","25","1","1","2","7","200","필댐(죤형)","3780","120","4","8","8","0","사통형","49","49","47"
"4889010121","유하","경상남도 합천군 초계면 상대리","1944-02-01","1945-01-01","2","보조수원","30","0","0","4","7","200","필댐(죤형)","6125","150","4","6","6","0","사통형","56","55","54"
"4889010122","신촌2","경상남도 합천군 초계면 신촌리","1945-01-01","1946-01-01","2","보조수원","50","0","0","4","7","200","필댐(죤형)","1195","128","5","11","11","0","사통형","134","133","127"
"4889010123","신촌","경상남도 합천군 초계면 신촌리","1974-02-01","1977-01-01","1","주수원","221","5","4","69","10","200","필댐(죤형)","479490","215","28","427","427","0","사통형","143","142","124"
"4889010129","상신","경상남도 합천군 쌍책면 상신리","1987-12-20","1995-01-01","1","주수원","180","9","8","88","10","200","필댐(죤형)","21445","138","26","837","837","0","사통형","58","57","37"
"4889010135","상포","경상남도 합천군 쌍책면 상포리","1944-02-11","1945-01-01","2","보조수원","11","1","1","2","7","200","필댐(죤형)","1386","55","4","6","6","0","사통형","23","22","20"
"4889010141","오서","경상남도 합천군 쌍책면 오서리","1944-02-11","1945-01-01","2","보조수원","23","0","0","4","7","200","필댐(죤형)","603","53","4","6","6","0","사통형","26","25","23"
"4889010142","제촌","경상남도 합천군 쌍책면 오서리","1944-02-11","1945-01-01","2","보조수원","16","0","0","2","7","200","필댐(죤형)","4200","150","3","4","4","0","사통형","15","15","12"
"4889010149","율원","경상남도 합천군 덕곡면 율원리","1982-02-01","1997-01-01","1","주수원","140","9","9","79","10","200","필댐(죤형)","28356","164","23","503","503","0","사통형","76","75","56"
"4889010155","두곡2","경상남도 합천군 청덕면 두곡리","1944-02-01","1945-01-01","2","보조수원","21","1","1","2","7","200","필댐(죤형)","1023","87","4","8","8","0","사통형","39","39","35"
"4889010156","두곡","경상남도 합천군 청덕면 두곡리","1956-02-01","1961-01-01","2","주수원","75","2","2","25","7","200","필댐(죤형)","1386","175","13","67","67","0","사통형","60","59","52"
"4889010157","송기","경상남도 합천군 청덕면 두곡리","1965-02-01","1967-01-01","2","주수원","31","2","2","10","10","200","필댐(죤형)","2778","124","11","65","65","0","사통형","51","50","43"
"4889010161","성태","경상남도 합천군 청덕면 성태리","1944-02-01","1945-01-01","2","보조수원","25","1","1","5","7","200","필댐(죤형)","3028","103","3","12","12","0","사통형","20","19","16"
"4889010162","화동","경상남도 합천군 청덕면 성태리","1956-07-17","1961-12-10","2","주수원","104","2","2","24","10","200","필댐(죤형)","36746","131","13","102","102","0","사통형","99","98","90"
"4889010170","말미","경상남도 합천군 적중면 옥두리","1944-02-01","1945-01-01","2","보조수원","35","1","1","3","10","200","필댐(죤형)","10591","178","3","4","4","0","사통형","47","46","45"
"4889010171","황정","경상남도 합천군 적중면 황정리","1944-02-01","1945-01-01","2","보조수원","18","1","1","3","7","200","필댐(죤형)","9135","90","6","29","29","0","사통형","59","59","55"
"4889010172","지다리","경상남도 합천군 적중면 상부리","1944-02-01","1945-01-01","2","보조수원","75","1","1","14","7","200","필댐(죤형)","11550","275","7","51","51","0","사통형","55","54","50"
"4889010173","황정숲1","경상남도 합천군 적중면 황정리","1944-02-01","1945-01-01","2","보조수원","8","0","0","3","7","200","필댐(죤형)","1260","50","3","12","11","1","사통형","46","46","43"
"4889010174","황정숲2","경상남도 합천군 적중면 황정리","1944-02-01","1945-01-01","2","보조수원","74","0","0","3","7","200","필댐(죤형)","3276","120","3","4","4","0","사통형","50","50","48"
"4889010175","상정토","경상남도 합천군 적중면 정토리","1944-02-01","1945-01-01","2","보조수원","27","0","0","12","7","200","필댐(죤형)","2520","80","6","9","9","0","사통형","84","84","81"
"4889010176","중정토","경상남도 합천군 적중면 정토리","1944-02-01","1945-01-01","2","보조수원","27","0","0","12","7","200","필댐(죤형)","2520","70","4","7","7","0","사통형","70","70","68"
"4889010179","당산","경상남도 합천군 적중면 옥두리","1944-02-29","1945-01-01","2","보조수원","70","1","1","3","7","200","필댐(죤형)","3325","95","3","9","9","0","사통형","27","26","23"
"4889010180","부수","경상남도 합천군 적중면 부수리","1944-02-01","1945-01-01","2","보조수원","30","1","1","3","7","200","필댐(죤형)","6468","120","3","7","7","0","사통형","26","26","24"
"4889010181","월막","경상남도 합천군 적중면 부수리","1944-01-01","1945-01-01","2","보조수원","65","0","0","3","7","200","필댐(죤형)","3150","75","3","4","4","0","사통형","32","32","30"
"4889010182","명곡2","경상남도 합천군 적중면 누하리","1944-01-01","1945-01-01","2","보조수원","31","0","0","4","10","200","필댐(죤형)","193887","115","4","15","15","0","사통형","83","83","80"
"4889010183","골안","경상남도 합천군 적중면 누하리","1944-02-29","1945-01-01","2","보조수원","69","1","1","18","7","200","필댐(죤형)","496","59","10","13","13","0","사통형","119","118","113"
"4889010184","박남","경상남도 합천군 적중면 누하리","1944-01-01","1945-01-01","2","보조수원","69","0","0","2","7","200","필댐(죤형)","3080","60","4","6","6","0","사통형","63","63","60"
"4889010185","명곡","경상남도 합천군 적중면 누하리","1981-04-16","1983-01-01","1","주수원","230","6","6","61","10","200","필댐(죤형)","193887","204","26","571","571","0","사통형","119","118","100"
"4889010186","상부1","경상남도 합천군 적중면 상부리","1944-01-01","1945-01-01","2","보조수원","20","1","1","3","7","200","필댐(죤형)","3080","110","3","19","19","0","사통형","31","31","28"
"4889010187","상부2","경상남도 합천군 적중면 상부리","1944-01-01","1945-01-01","2","보조수원","17","1","1","2","7","200","필댐(죤형)","2744","98","4","20","20","0","사통형","34","34","32"
"4889010189","중부2","경상남도 합천군 적중면 황정리","1944-01-01","1945-01-01","2","보조수원","20","1","1","4","7","200","필댐(죤형)","3308","105","4","7","7","0","사통형","31","30","29"
"4889010190","양림1","경상남도 합천군 적중면 양림리","1944-01-01","1945-01-01","2","보조수원","25","1","1","3","7","200","필댐(죤형)","3623","115","3","9","9","0","사통형","40","40","38"
"4889010191","양림2","경상남도 합천군 적중면 양림리","1944-01-01","1945-01-01","2","보조수원","21","1","1","2","7","200","필댐(죤형)","3620","113","3","2","2","0","사통형","49","49","48"
"4889010192","북조기","경상남도 합천군 적중면 두방리","1944-01-01","1945-01-01","2","보조수원","44","0","0","6","10","200","필댐(죤형)","4456","95","6","24","24","0","사통형","55","54","50"
"4889010193","황말","경상남도 합천군 적중면 두방리","1944-01-01","1945-01-01","2","보조수원","139","1","1","28","10","200","필댐(죤형)","12740","260","9","39","39","0","취수탑형","85","84","79"
"4889010201","무곡2","경상남도 합천군 대양면 무곡리","1944-01-01","1945-01-01","2","보조수원","18","0","0","3","7","200","필댐(죤형)","145138","75","4","8","8","0","사통형","53","53","51"
"4889010202","무곡","경상남도 합천군 대양면 무곡리","1945-01-01","1949-01-01","1","주수원","333","7","7","81","7","200","필댐(죤형)","145138","284","13","349","349","0","사통형","84","83","74"
"4889010217","상촌","경상남도 합천군 대양면 백암리","2004-12-20","2007-12-20","2","주수원","185","1","1","18","10","200","필댐(죤형)","1349","170","16","115","115","0","사통형","195","194","187"
"4889010240","백역","경상남도 합천군 쌍백면 운곡리","1998-01-01","2003-12-31","1","주수원","624","12","11","115","10","200","필댐(죤형)","94000","196","16","535","462","73","사통형","128","127","120"
"4889010261","신평","경상남도 합천군 삼가면 어전리","1944-01-01","1945-01-01","2","보조수원","75","1","1","5","7","200","필댐(죤형)","6125","125","5","24","24","0","사통형","120","119","116"
"4889010285","가회","경상남도 합천군 가회면 둔내리","1986-01-01","1996-01-01","1","주수원","900","16","16","247","10","200","필댐(죤형)","166","227","37","1924","1924","0","취수탑형","292","291","265"
"4889010331","율곡","경상남도 합천군 율곡면 노양리","1991-12-01","1998-12-01","1","주수원","190","6","6","71","10","200","필댐(죤형)","78425","192","25","596","596","0","사통형","131","130","110"
"4889010332","장계","경상남도 합천군 합천읍 장계리","1991-12-20","2008-02-28","1","주수원","1400","32","27","349","10","200","필댐(죤형)","154400","139","33","2728","2681","47","취수탑형","132","131","110"
"4889010333","마당","경상남도 합천군 쌍백면 백역리","1997-12-30","2010-12-20","2","주수원","28","1","11","8","10","200","필댐(죤형)","12742","64","10","35","30","5","사통형","188","188","182"
"4889010334","하허","경상남도 합천군 쌍백면 백역리","1997-12-30","2010-12-20","2","주수원","37","1","1","4","10","200","필댐(죤형)","16286","67","13","26","23","3","사통형","188","187","182"
"4889010335","대현","경상남도 합천군 쌍백면 대현리","1997-12-30","2010-12-20","1","주수원","155","6","6","57","10","200","필댐(죤형)","133600","175","24","432","414","18","사통형","186","185","171"
"4889010336","중촌","경상남도 합천군 쌍백면 평지리","1997-12-30","2010-12-20","1","주수원","205","8","8","61","10","200","필댐(죤형)","155400","179","18","523","506","16","사통형","142","141","130"
"4889010337","한실","경상남도 합천군 쌍백면 대곡리","1997-12-30","2010-12-20","2","주수원","98","4","4","44","10","200","필댐(죤형)","97200","202","18","286","279","7","사통형","197","196","183"
"4889010338","묵동","경상남도 합천군 쌍백면 육리","1997-12-30","2010-12-20","2","주수원","76","4","4","22","10","200","필댐(죤형)","95000","124","17","250","235","15","사통형","146","145","135"
"4889010339","대암","경상남도 합천군 율곡면 본천리","2001-11-06","2012-12-20","1","주수원","127","4","4","51","10","200","필댐(죤형)","337958","168","40","558","491","67","사통형","156","155","132"
"4889010340","큰골","경상남도 합천군 율곡면 영전리","2001-11-06","2012-12-20","2","주수원","113","2","2","26","10","200","필댐(죤형)","146932","140","27","189","154","35","사통형","121","120","107"
"4889010604","가봉","경상남도 합천군 덕곡면 본곡리","1945-01-01","1945-01-01","2","보조수원","21","0","0","3","","50","필댐(죤형)","","137","5","7","7","0","사통형","102","101","97"
"4889010605","대동","경상남도 합천군 덕곡면 본곡리","1945-01-01","1945-01-01","2","보조수원","28","1","1","3","","50","필댐(죤형)","","239","6","8","8","0","사통형","96","95","92"
"4889010606","박곡","경상남도 합천군 쌍책면 상신리","1946-01-01","1946-01-01","2","주수원","108","1","1","5","10","50","필댐(죤형)","","80","9","12","11","1","사통형","101","100","94"
"4889010607","불동","경상남도 합천군 가회면 오도리","1945-01-01","1945-01-01","2","보조수원","26","1","1","4","","50","필댐(죤형)","","9","12","10","10","1","사통형","150","148","138"
"4889010608","비기","경상남도 합천군 가회면 월계리","1945-01-01","1945-01-01","2","주수원","88","1","1","5","10","50","필댐(죤형)","","162","13","10","9","0","사통형","217","215","207"
"4889010609","안불","경상남도 합천군 가회면 오도리","1945-01-01","1945-01-01","2","보조수원","22","0","1","3","","50","필댐(죤형)","","92","11","9","8","0","사통형","197","196","188"
"4889010610","함방","경상남도 합천군 가회면 함방리","1945-01-01","1945-01-01","2","보조수원","30","1","1","3","","50","필댐(죤형)","","121","5","8","8","0","사통형","112","111","107"
"4889010613","이계","경상남도 합천군 대양면 대목리","1969-01-01","1969-01-01","2","보조수원","65","1","1","4","","50","필댐(죤형)","","132","7","10","10","0","사통형","102","101","98"
"4889010614","연동","경상남도 합천군 가회면 덕촌리","1945-01-01","1945-01-01","2","보조수원","21","1","0","3","","50","필댐(죤형)","6","81","7","6","6","0","사통형","186","185","180"
"4889010621","황계","경상남도 합천군 가회면 월계리","2003-09-24","2018-02-20","1","주수원","680","9","8","","10","200","필댐(코어형)","228149","187","39","953","808","145","취수탑형","198","194","174"
"4889010622","양리","경상남도 합천군 가회면 둔내리","2003-09-24","2018-02-20","1","주수원","414","11","10","","10","200","필댐(죤형)","272359","160","40","965","831","134","취수탑형","354","353","334"
"4971010001","광령","제주특별자치도 제주시 애월읍 광령리","1953-05-20","1954-11-30","2","주수원","525","4","4","30","10","10","필댐(죤형)","","300","5","76","51","25","사통형","78","77","74"
"4971010002","귀엄","제주특별자치도 제주시 애월읍 수산리","1957-03-20","1960-10-13","1","주수원","1750","12","11","30","10","10","필댐(죤형)","","420","13","724","681","43","사통형","52","51","44"
"4971010003","용수","제주특별자치도 제주시 한경면 용수리","1956-03-13","1957-04-30","1","주수원","329","13","12","70","10","10","필댐(균일형)","","596","5","335","253","82","사통형","25","24","21"
"5011010004","상대","제주특별자치도 제주시 한림읍 상대리","2005-12-01","2018-12-31","1","주수원","0","7","7","350","10","","필댐(표면차수벽형)","","1219","10","522","500","22","취수탑형","184","184","176"
"5011010005","지향","제주특별자치도 제주시 한림읍 상대리","2005-12-30","2018-12-31","2","주수원","0","3","3","250","10","","필댐(표면차수벽형)","","790","8","151","136","15","기타","90","90","84"
"5011010006","동명","제주특별자치도 제주시 한림읍 동명리","2005-12-30","2018-12-31","2","주수원","0","0","0","","10","","","","426","5","7","6","1","","3","3","1"
"5013010001","성읍","제주특별자치도 서귀포시 표선면 성읍리","2003-12-29","2016-12-31","1","주수원","9939","26","24","","10","200","필댐(표면차수벽형)","","2343","9","1250","1050","200","취수탑형","169","168","163"
