표준코드,본부,지사,시설명,소재지,착공년도,준공년도,종별,구분,유역면적,홍수면적,만수면적,수혜면적,한발빈도,홍수빈도,제체형식,제체체적,제체길이,제체높이,총저수량,유효저수량,사수량,취수형식,홍수위,만수위,사수위,연락처
2671010056,경남,울산,용천,부산광역시 기장군 일광읍 용천리,1956-01-01,1958-01-01,2,주수원,210,2.97,2.82,49,3,50,필댐(죤형),32000,75,14,115.29,115.29,0,사통형,101,100,91,052-290-5301
2671010067,경남,울산,병산,부산광역시 기장군 정관읍 용수리,1941-01-01,1942-01-01,2,주수원,660,4.61,4.36,56,3,50,필댐(죤형),63000,129,15,163.8,163.8,0,사통형,111.15,110.15,102,052-290-5301
2671010085,경남,울산,송정,부산광역시 기장군 철마면 송정리,1956-01-01,1958-01-01,1,주수원,230,5.3,5.12,48.6,3,100,필댐(죤형),122000,151,19.5,342.14,342.14,0,사통형,101,100,86,052-290-5301
2671010097,경남,울산,안평,부산광역시 기장군 철마면 안평리,1931-06-21,1945-03-31,2,주수원,112,2.83,2.71,47,3,50,필댐(죤형),55000,79,18,140.46,140.46,0,사통형,114.29,113.29,103,052-290-5301
2671010098,경남,울산,임기,부산광역시 기장군 철마면 임기리,1956-01-01,1959-01-01,2,주수원,277,1.21,1.16,36,3,30,필댐(죤형),42000,61,18,66.51,66.51,0,사통형,101,100,89,052-290-5301
2714010005,경북,달성,단산,대구광역시 동구 봉무동,1931-02-19,1932-05-10,1,주수원,84.1,23.7,23,59,10,200,필댐(죤형),215439,370,19.8,2072,2072,0,사통형,53.8,53,40.6,053-628-1123
2714010023,경북,경산.청도,신,대구광역시 동구 각산동,1945-01-01,1947-12-30,1,주수원,950,10.98,10.27,2,10,200,필댐(죤형),45017,294,9.7,499,474,25,사통형,68,67,58,053-819-6000
2723010006,경북,칠곡,도남,대구광역시 북구 도남동,1941-12-25,1944-03-31,1,주수원,450,8.4,8,17,7,100,필댐(죤형),24144,260,10.53,385,385,0,사통형,92.35,91.84,81.31,054-800-5000
2723010007,경북,칠곡,광대,대구광역시 북구 도남동,1945-01-01,1946-12-31,2,보조수원,35,0.58,0.55,0.9,10,100,필댐(죤형),1680,84,5,5.44,5.44,0,사통형,83.85,83.35,81.6,054-800-5000
2723010012,경북,칠곡,신,대구광역시 북구 국우동,1945-01-01,1945-12-30,2,보조수원,45,0.63,0.6,0,10,100,필댐(죤형),1170,180,4,11.36,11.36,0,사통형,59.12,58.47,56.52,054-800-5000
2723010021,경북,칠곡,대동,대구광역시 북구 사수동,1947-02-01,1947-12-31,2,보조수원,10,0.74,0.7,0,10,100,필댐(죤형),4698,116,6,11,11,0,사통형,42.88,41.88,37.51,054-800-5000
2723010022,경북,칠곡,내곡,대구광역시 북구 사수동,1948-01-01,1948-12-30,2,보조수원,40,1.3,1.2,0,10,100,필댐(죤형),4117,108,9,31,31,0,사통형,54.78,54.28,48.43,054-800-5000
2723010024,경북,달성,연경,대구광역시 북구 연경동,1976-07-19,1979-07-10,1,주수원,350,7.3,6.89,23,10,100,필댐(죤형),100491,143,21,613.17,613.17,0,사통형,114,113,97,053-628-1123
2726010001,경북,달성,수성,대구광역시 수성구 두산동,1924-09-27,1927-04-24,1,주수원,18,25,22,0,10,100,필댐(죤형),245958,1050,7,752,752,0,취수탑형,50,49.2,45.5,053-628-1123
2726010006,경북,경산.청도,구천,대구광역시 수성구 매호동,1945-01-01,1947-12-30,2,주수원,710,2.1,2,12.8,10,100,필댐(죤형),3726,135,4,54.53,54.53,0,사통형,50,49,45.7,053-819-6000
2726010008,경북,경산.청도,욱수,대구광역시 수성구 욱수동,1992-04-25,1994-07-20,2,주수원,444,3.89,3.67,35,10,200,필댐(죤형),92321,143,21,236,213,23,사통형,107,106,92,053-819-6000
2726010019,경북,경산.청도,연호,대구광역시 수성구 연호동,1945-01-01,1947-12-30,1,주수원,1050,5.77,5.4,24,10,100,필댐(죤형),12175,117,7.5,313.73,313.73,0,사통형,55,54,43.4,053-819-6000
2729010002,경북,달성,도원,대구광역시 달서구 도원동,1957-09-24,1964-12-31,1,주수원,580.2,20,18.4,16,10,100,필댐(죤형),320181,460,20.8,1404.3,1404.3,0,사통형,98.4,98,83,053-628-1123
2771010011,경북,달성,노홍,대구광역시 달성군 논공읍 노이리,1973-12-18,1977-06-30,1,주수원,502,18.6,14.88,73,10,100,필댐(죤형),174680,261,20.8,1153.3,1153.3,0,사통형,86.5,84.2,68,053-628-1123
2771010014,경북,달성,금봉,대구광역시 달성군 논공읍 금포리,1973-12-18,1977-06-30,2,보조수원,150,1.8,1.45,11,10,100,필댐(죤형),64250,160,12,30.8,30.8,0,사통형,52.9,52.2,49.1,053-628-1123
2771010050,경북,칠곡,낙곡,대구광역시 달성군 하빈면 무등리,1945-01-01,1946-01-01,2,보조수원,60,0.5,0.48,2,10,100,필댐(죤형),3567,82,7,8.7,8.7,0,사통형,32.38,31.59,28.59,054-800-5000
2771010062,경북,달성,옥연,대구광역시 달성군 옥포읍 기세리,1943-12-31,1964-12-31,1,주수원,2260,61,56.9,563,10,200,필댐(죤형),145373,198,24.3,4426,4426,0,취수탑형,70.7,69.5,51.5,053-628-1123
2771010070,경북,달성,부동,대구광역시 달성군 현풍읍 부리,1945-01-01,1945-12-31,2,보조수원,40,1.1,0.9,12,10,100,필댐(죤형),10440,78,4,15.3,15.3,0,사통형,58.1,57.6,55.1,053-628-1123
2771010075,경북,달성,용흥,대구광역시 달성군 현풍읍 지리,1953-03-13,1956-12-31,2,보조수원,180,4,3.01,15,10,100,필댐(죤형),48723,280,5.2,46.22,46.22,0,사통형,100.9,100.3,98,053-628-1123
2771010077,경북,달성,용연,대구광역시 달성군 현풍읍 대리,1953-03-13,1956-12-30,1,주수원,3690,19.6,18.36,125,10,100,필댐(죤형),133118,510,7.8,580.79,580.79,0,사통형,32.4,31.9,26.7,053-628-1123
2771010096,경북,달성,사배,대구광역시 달성군 유가읍 도의리,1958-12-08,1959-07-30,2,보조수원,595,6.2,5.09,61,10,100,필댐(죤형),71110,250,8.5,173.84,173.84,0,사통형,111.5,111,105,053-628-1123
2771010098,경북,달성,달창,대구광역시 달성군 유가읍 한정리,1963-11-07,1972-12-30,1,주수원,5630,138,130.88,540,10,200,필댐(죤형),408800,524,20.7,8649,8649,0,취수탑형,68.6,68.3,55,053-628-1123
2871010001,경기,강화.옹진,국화,인천광역시 강화군 강화읍 국화리,1976-07-10,1978-06-30,1,주수원,420,26.13,23.48,96.4,10,200,필댐(죤형),160720,245,16,1068,1058,10,사통형,50,49,40,032-930-2511
2871010007,경기,강화.옹진,길상2,인천광역시 강화군 길상면 장흥리,1952-04-20,1962-12-31,1,주수원,178.5,41.15,39.83,226.4,10,200,필댐(죤형),112267,1422,5,1400,1326,74,사통형,19.88,17.88,13.8,032-930-2511
2871010008,경기,강화.옹진,길상1,인천광역시 강화군 길상면 장흥리,1952-04-20,1962-12-31,2,보조수원,367,3.92,3.92,0,10,100,필댐(죤형),16830,264,5,54,54,0,사통형,20.7,19.7,16.67,032-930-2511
2871010010,경기,강화.옹진,하일,인천광역시 강화군 양도면 하일리,1971-03-15,1975-09-30,2,주수원,178.5,4.54,4.54,60,10,100,필댐(죤형),45895,940,4.5,121,113,8,사통형,20.6,19.6,17.4,032-930-2511
2871010011,경기,강화.옹진,인산,인천광역시 강화군 양도면 인산리,1976-06-24,1977-12-30,1,주수원,217,15,14.12,259.2,10,100,필댐(죤형),98400,221,13,587,576,11,사통형,30.5,29.5,22,032-930-2511
2871010012,경기,강화.옹진,길정,인천광역시 강화군 양도면 길정리,1982-11-16,1989-12-27,1,주수원,1511,62.29,56.71,724.1,10,200,필댐(죤형),703824,640,21.5,4607,4180,427,취수탑형,29.5,28.5,14,032-930-2511
2871010013,경기,강화.옹진,고려,인천광역시 강화군 내가면 오상리,1950-11-09,1957-12-31,1,주수원,1500,97.4,94.9,884.7,10,100,필댐(죤형),92548,454,9,4312,4183,129,취수탑형,14,12.8,7.3,032-930-2511
2871010014,경기,강화.옹진,신선,인천광역시 강화군 내가면 고천리,1950-06-14,1957-12-31,2,주수원,148.7,5.08,3.74,31.7,10,100,필댐(죤형),64145,225,10.2,131,131,0,사통형,48.7,47.5,39,032-930-2511
2871010015,경기,강화.옹진,황청,인천광역시 강화군 내가면 황청리,1990-11-20,1995-02-14,1,주수원,112,7.05,6.9,65.37,10,200,필댐(죤형),168176,297,15,389,332,57,사통형,23,22,13.5,032-930-2511
2871010019,경기,강화.옹진,대산,인천광역시 강화군 송해면 숭뢰리,1976-09-12,1980-12-10,1,주수원,1880,29,28.9,288.9,10,100,필댐(죤형),166320,1584,6,1272,1271,1,사통형,10,9,5.2,032-930-2511
2871010020,경기,강화.옹진,하도,인천광역시 강화군 송해면 하도리,1995-12-16,1999-12-20,1,주수원,135,13.59,11.77,78,10,200,필댐(죤형),156037,285,15,530,525,5,사통형,38,37,29,032-930-2511
2871010021,경기,강화.옹진,고구,인천광역시 강화군 교동면 고구리,1969-12-12,1978-06-30,1,주수원,2816,89.59,88.59,769,10,100,필댐(죤형),221423,828,7.46,2835,2648,187,사통형,12,11,7.3,032-930-2511
2871010022,경기,강화.옹진,삼산,인천광역시 강화군 삼산면 하리,1976-06-24,1979-09-30,1,주수원,87,56.91,51.17,403.8,10,100,필댐(죤형),203294,2066,6,1965,1810,155,사통형,10,9,5,032-930-2511
2871010023,경기,강화.옹진,상하,인천광역시 강화군 삼산면 하리,1985-06-20,1992-07-20,1,주수원,1608,39.2,34.2,341.4,10,200,필댐(죤형),332606,1042,11.2,2715,2367,348,사통형,16,14,4.5,032-930-2511
2871010024,경기,강화.옹진,하점,인천광역시 강화군 하점면 삼거리,1994-12-23,2004-12-20,1,주수원,160,9.85,9.5,462,10,200,필댐(죤형),1395188,257,43,1129,1009,120,취수탑형,85.6,84.6,58,032-930-2511
2871010025,경기,강화.옹진,난정,인천광역시 강화군 교동면 난정리,1992-12-24,2006-12-20,1,주수원,1884,121,119,889.38,10,200,필댐(죤형),490990,3270,7.7,6214.1,6214.1,0,사통형,13,12,6.5,032-930-2511
2871010026,경기,강화.옹진,양오,인천광역시 강화군 송해면 당산리,2001-12-05,2013-12-10,1,주수원,161,24.2,24,258.8,10,100,필댐(균일형),68040,201,28.5,1551,1466,85,취수탑형,26.5,25.7,15,032-930-2511
2914010001,전남,광주,운천,광주광역시 서구 치평동,1951-01-01,1951-12-30,2,주수원,100,6.2,5.6,61.6,10,200,필댐(죤형),3948,420,3.5,95,84.45,10.55,사통형,26,25.19,23.42,062-380-8685
2915510001,전남,광주,대골,광주광역시 남구 원산동,2002-11-05,2009-12-30,2,주수원,27,3.65,3.52,61,10,200,필댐(균일형),198680,197,21.5,240.3,239.3,1,사통형,48,47,28,062-380-8685
2917010001,전남,광주,칠석2,광주광역시 남구 칠석동,1941-01-01,1942-01-01,2,보조수원,80,1,1,5,10,200,필댐(죤형),1728,120,5.2,17,17,0,사통형,41.4,40.93,36.93,062-380-8685
2917010014,전남,담양,운정,광주광역시 북구 운정동,1956-01-01,1956-12-31,2,보조수원,20,1.1,0.98,10,10,200,필댐(죤형),1996.8,76.8,6.5,27.03,27.03,0,사통형,65.77,65.27,60.77,061-380-4114
2917010022,전남,광주,두촌,광주광역시 북구 수곡동,1967-01-01,1968-01-01,2,보조수원,16,0.2,0.2,4.6,10,200,필댐(죤형),1224,51,3.8,2.76,2.76,0,사통형,43.28,42.69,40.93,062-380-8685
2917010023,전남,광주,수곡,광주광역시 북구 수곡동,1967-01-01,1968-01-01,2,보조수원,50,0.36,0.36,33.4,10,200,필댐(죤형),777.4,46,10,8.97,8.97,0,사통형,70,69,65.38,062-380-8685
2917010024,전남,광주,학동,광주광역시 북구 효령동,1942-01-01,1943-01-01,2,보조수원,100,3.57,3.57,59.1,10,200,필댐(죤형),3432,132,11.9,144.4,143.87,0.53,사통형,57.44,56.2,47.56,062-380-8685
2917010025,전남,광주,효령,광주광역시 북구 효령동,1946-01-01,1947-01-01,2,보조수원,30,0.6,0.57,10.1,10,200,필댐(죤형),1776,111,6,11.14,11.14,0,사통형,58.66,57.66,53.66,062-380-8685
2917010026,전남,광주,생룡1,광주광역시 북구 생용동,1947-01-01,1948-01-01,2,보조수원,100,0.2,0.2,27,10,200,필댐(죤형),1484,106,5,3.2,3.2,0,사통형,57.7,56.7,54.2,062-380-8685
2917010027,전남,광주,대야,광주광역시 북구 생용동,1956-01-01,1958-01-01,2,보조수원,220,14.7,13.3,79.6,10,200,필댐(죤형),6660,333,8,286,285.61,0.39,사통형,38.71,37.65,33.15,062-380-8685
2917010028,전남,광주,생룡2,광주광역시 북구 생용동,1962-01-01,1963-01-01,2,보조수원,68,1.2,1.2,40,10,200,필댐(죤형),2479,148,8.6,12,11,1,사통형,55.9,55,48.2,062-380-8685
2917010029,전남,광주,금당,광주광역시 북구 월출동,1968-01-01,1969-01-01,2,보조수원,15,0.4,0.4,1.8,10,200,필댐(죤형),1200,60,3.2,6,6,0,사통형,38.5,37.69,36.7,062-380-8685
2920010001,전남,광주,명곡,광주광역시 광산구 명도동,1969-01-01,1969-12-31,2,보조수원,36,1.8,1.6,6.5,10,200,필댐(죤형),739.2,66,6,32,28.91,3.09,사통형,49.02,48.02,44.02,062-380-8685
2920010008,전남,광주,비아,광주광역시 광산구 비아동,1944-01-01,1944-12-31,2,보조수원,85,5.5,4.4,25,10,200,필댐(죤형),1986.9,222,3.3,75,62.66,12.34,사통형,32.3,31.8,30.5,062-380-8685
2920010009,전남,광주,도천2,광주광역시 광산구 도천동,1944-01-01,1944-12-31,2,보조수원,25,3.69,3.69,18,10,200,필댐(죤형),1350,135,3.5,54,48,6,사통형,27.76,26.63,25.5,062-380-8685
2920010013,전남,광주,수완1,광주광역시 광산구 수완동,1957-01-01,1957-12-31,2,보조수원,50,2,1.9,20,10,200,필댐(죤형),4270,107,4,24,8.27,15.73,사통형,25.23,24.43,24,062-380-8685
2920010016,전남,광주,진성,광주광역시 광산구 진곡동,1943-01-01,1943-12-31,2,보조수원,18,4.79,2.8,10,10,200,필댐(죤형),2002,154,6,52,46.42,5.58,사통형,36.15,36.15,34.36,062-380-8685
2920010028,전남,광주,고룡,광주광역시 광산구 고룡동,1943-01-01,1943-12-31,2,보조수원,130,2.9,2.9,20,10,200,필댐(죤형),1872,180,3.2,40.08,33.57,6.51,사통형,31.34,30.6,28.1,062-380-8685
2920010030,전남,광주,진곡,광주광역시 광산구 신룡동,1943-01-01,1943-12-31,2,보조수원,85,4.06,2,15,10,200,필댐(죤형),1662.25,109,7.5,61,60,1,사통형,44.5,43.47,41.85,062-380-8685
2920010038,전남,광주,가락,광주광역시 광산구 하산동,1944-01-01,1944-12-31,2,보조수원,44,3.07,3,20.2,10,200,필댐(죤형),1315.2,120,6,41,40,1,사통형,25.88,25.69,21.88,062-380-8685
2920010039,전남,광주,기룡,광주광역시 광산구 하산동,1945-01-01,1945-12-31,2,보조수원,43,2.4,2.29,15.3,10,200,필댐(죤형),1476,180,4.8,47,47,0,사통형,20.25,19.5,16.9,062-380-8685
2920010040,전남,광주,창교1,광주광역시 광산구 본덕동,1933-01-01,1933-12-31,2,보조수원,30,0.8,0.75,10,10,200,필댐(죤형),780.2,83,6,14.71,14.71,0,사통형,31.96,31.36,27.37,062-380-8685
2920010041,전남,광주,창교2,광주광역시 광산구 본덕동,1934-01-01,1934-12-31,2,보조수원,135,1.8,1.7,25.2,10,200,필댐(죤형),1754.8,214,4,17,16,1,사통형,16.52,15.52,14.5,062-380-8685
2920010042,전남,광주,요기,광주광역시 광산구 요기동,1935-01-01,1935-12-31,2,보조수원,50,2.27,2.27,19.4,10,200,필댐(죤형),1214.4,138,4.5,38,25,13,사통형,27.5,26.6,24.5,062-380-8685
2920010043,전남,광주,영천,광주광역시 광산구 지죽동,1943-01-01,1943-12-31,2,보조수원,20,2.5,2.5,4.1,10,200,필댐(죤형),3135,165,10,60,57,3,사통형,36.61,35.41,31.87,062-380-8685
2920010044,전남,광주,지로,광주광역시 광산구 지죽동,1943-01-01,1943-12-31,2,보조수원,18,0.51,0.51,4.5,10,200,필댐(죤형),540,54,4.5,3,3,0,사통형,24.49,23.49,22.49,062-380-8685
2920010045,전남,광주,용동,광주광역시 광산구 용동,1944-01-01,1944-12-31,2,보조수원,40,5.6,5.6,16.7,10,200,필댐(죤형),2766.8,287,4.7,81.17,81.17,0,사통형,32.74,31.74,29.74,062-380-8685
2920010046,전남,광주,용곡,광주광역시 광산구 용곡동,1941-01-01,1941-12-31,2,보조수원,20,1.9,1.8,3.7,10,200,필댐(죤형),1075,100,5.3,15,10,5,사통형,28.98,27.98,27.04,062-380-8685
2920010047,전남,광주,기곡,광주광역시 광산구 용곡동,1943-01-01,1943-12-31,2,보조수원,33,1.5,1.2,10.8,10,200,필댐(죤형),1420,142,5,31,28,3,사통형,35.78,34.78,31.78,062-380-8685
2920010048,전남,광주,평지,광주광역시 광산구 지정동,1943-01-01,1943-12-31,2,보조수원,20,2.1,1.2,8.7,10,200,필댐(죤형),1071.6,114,4.5,20,19,1,사통형,43.78,42.78,40.53,062-380-8685
2920010049,전남,광주,지정,광주광역시 광산구 명화동,1925-01-01,1926-01-01,1,보조수원,740,61,48.4,413,10,200,필댐(죤형),3654,203,7,1185,1150,35,취수탑형,27.79,26.81,23.95,062-380-8685
2920010050,전남,광주,동산1,광주광역시 광산구 동산동,1940-01-01,1940-12-31,2,보조수원,195,10.8,9.5,30.5,10,200,필댐(죤형),2579.2,208,7.5,135.3,135.3,0,사통형,35.89,34.82,31.82,062-380-8685
2920010051,전남,광주,동산2,광주광역시 광산구 동산동,1941-01-01,1941-12-31,2,보조수원,41,2.7,2.6,17.5,10,200,필댐(죤형),2579.2,110,5,60,58,2,사통형,32.85,31.85,29.85,062-380-8685
2920010052,전남,광주,금곡,광주광역시 광산구 연산동,1941-01-01,1941-12-31,2,보조수원,25,1.28,1.28,13.3,10,200,필댐(죤형),4400,110,5,20,18,2,사통형,36.3,35.3,33.3,062-380-8685
2920010053,전남,광주,연산,광주광역시 광산구 연산동,1942-01-01,1942-12-31,2,보조수원,31,1.5,1.5,15.3,10,200,필댐(죤형),1911,156,6,45,43,2,사통형,26.76,26.16,22.96,062-380-8685
2920010056,전남,광주,지동,광주광역시 광산구 도덕동,1943-01-01,1943-12-31,2,보조수원,131,6.5,5.2,15,10,200,필댐(죤형),2236,172,9,84.14,76.57,7.57,사통형,36.4,34.9,30.2,062-380-8685
2920010057,전남,광주,운평,광주광역시 광산구 지평동,1944-01-01,1944-12-31,2,보조수원,50,2.2,1.3,15,10,200,필댐(죤형),1200,120,5,23.38,23.38,0,사통형,31.8,30.8,26.47,062-380-8685
2920010062,전남,광주,복만,광주광역시 광산구 양동,1943-01-01,1943-12-31,2,보조수원,40,2.1,1.7,11.2,10,200,필댐(죤형),1209,93,7.5,26,25,1,사통형,45.38,44.38,42.25,062-380-8685
2920010066,전남,광주,대야(삼도),광주광역시 광산구 대산동,1943-01-01,1943-12-31,2,보조수원,63,2.2,1.9,15.8,10,200,필댐(죤형),1920,120,8.5,40,37,3,사통형,64.73,62.94,59.23,062-380-8685
2920010067,전남,광주,해현,광주광역시 광산구 송학동,1960-01-01,1960-12-31,2,보조수원,42.5,2.5,1.3,13,10,200,필댐(죤형),824.4,340,3,20,15,5,사통형,28.6,27.79,26.72,062-380-8685
2920010069,전남,광주,송학,광주광역시 광산구 송학동,1968-01-01,1968-12-31,2,보조수원,15,0.4,0.4,10,10,200,필댐(죤형),892.5,85,6.5,9,6.63,2.37,사통형,47.92,46.92,45.82,062-380-8685
2920010070,전남,광주,석문,광주광역시 광산구 삼도동,1943-01-01,1943-12-31,2,보조수원,87,1.75,1.75,12.3,10,200,필댐(죤형),1690.2,135,7.1,60,57,3,사통형,43.8,43,38.86,062-380-8685
2920010071,전남,광주,도야,광주광역시 광산구 삼도동,1943-01-01,1943-12-31,2,보조수원,38,2.1,1.9,7.5,10,200,필댐(죤형),824.4,90,4.3,30,27.01,2.99,사통형,37.66,36.66,34.66,062-380-8685
2920010072,전남,광주,선동,광주광역시 광산구 선동,1943-01-01,1943-12-31,2,주수원,38,1.7,1.5,33.9,10,200,필댐(죤형),2860,112,11.5,65,63,2,사통형,66.59,68.1,60.5,062-380-8685
2920010074,전남,광주,지산,광주광역시 광산구 지산동,1959-01-01,1961-01-01,2,주수원,80,2.4,2.4,10,10,200,필댐(죤형),3584,128,12.3,120,108,12,사통형,59.24,57.74,52.47,062-380-8685
2920010075,전남,광주,왕동,광주광역시 광산구 왕동,1927-01-01,1928-01-01,1,보조수원,418,39.3,37.3,260.7,10,200,필댐(죤형),168353,174.5,17.8,2281.5,2265.4,16.1,사통형,55.5,54.7,43.14,062-380-8685
2920010078,전남,광주,북성,광주광역시 광산구 북산동,1968-01-01,1968-12-31,2,보조수원,31,0.5,0.5,3.4,10,200,필댐(죤형),1040,80,7.5,20,18,2,사통형,35.27,34.27,31.27,062-380-8685
2920010081,전남,광주,동림,광주광역시 광산구 동림동,1969-01-01,1969-12-31,2,보조수원,20,0.72,0.72,8.8,10,200,필댐(죤형),741.76,61,6.8,23,22.11,0.89,사통형,81.56,78.99,74.35,062-380-8685
3017010002,충남,세종.대전.금산,장안,대전광역시 서구 장안동,1986-03-01,1993-01-01,1,주수원,700,13.12,13.12,88.7,10,200,필댐(죤형),88500,147,25.3,1015.8,998.3,17.5,사통형,127.03,125.5,109,044-860-3331
3017010004,충남,세종.대전.금산,봉곡,대전광역시 서구 봉곡동,2010-12-08,2014-01-20,1,보조수원,1439,10.82,10.31,0,10,200,필댐(죤형),274320,254,20,1023.34,1014.48,8.86,취수탑형,97.8,96.5,81.5,044-860-3331
3020010004,충남,세종.대전.금산,방동,대전광역시 서구 봉곡동,1967-11-20,1977-01-01,1,주수원,1375,52.58,50.4,226.2,10,100,필댐(죤형),5237,187,20,2846.3,2820.5,25.8,취수탑형,101.9,100.9,87.4,044-860-3331
3120010005,경남,울산,소미하,울산광역시 북구 창평동,1945-01-01,1946-12-31,2,보조수원,62,1.2,1,10,10,200,필댐(죤형),6000,50,8,5.48,5.48,0,사통형,20.3,19.49,16.81,052-290-5301
3120010006,경남,울산,차일,울산광역시 북구 창평동,1963-01-01,1964-12-31,2,보조수원,45,1.2,1,10,10,200,필댐(죤형),12000,180,5,6.11,6.11,0,사통형,86.62,85.62,82.24,052-290-5301
3120010027,경남,울산,달골,울산광역시 북구 무룡동,1929-01-01,1930-12-31,2,보조수원,19,1.2,1,6,10,200,필댐(죤형),5500,70,6,3.92,3.92,0,사통형,44.29,43.29,40.95,052-290-5301
3120010028,경남,울산,정자,울산광역시 북구 무룡동,1972-01-01,1976-01-01,1,주수원,429,8.52,7.1,97.8,10,200,필댐(죤형),140000,204,36.9,538.34,538.34,0,사통형,64.72,63.72,51.1,052-290-5301
3120010039,경남,울산,화동,울산광역시 북구 화봉동,1945-01-01,1946-12-31,2,보조수원,5,1.08,0.9,0,10,200,필댐(죤형),6500,85,10,11.97,11.97,0,사통형,66.29,65.29,61.22,052-290-5301
3120010042,경남,울산,송정,울산광역시 북구 송정동,1968-01-01,1974-01-01,1,주수원,506,15.24,12.7,261.5,10,200,필댐(죤형),400000,288,22,1161.94,1161.07,0.87,사통형,71,68.39,52,052-290-5301
3120010043,경남,울산,달영,울산광역시 북구 화봉동,2004-12-06,2012-11-20,2,보조수원,242,2.9,2.64,30,10,200,필댐(죤형),35514,91,13.5,173,140,33,사통형,94.3,93.3,84,052-290-5301
3171010001,경남,울산,황세지1,울산광역시 울주군 온산읍 삼평리,1945-01-01,1946-12-31,2,보조수원,80,2.4,2,41,10,200,필댐(죤형),45000,250,4,14.15,14.15,0,사통형,26.58,25.58,24.09,052-290-5301
3171010002,경남,울산,황세지2,울산광역시 울주군 온산읍 삼평리,1945-01-01,1946-12-31,2,보조수원,86,2.4,2,35,10,200,필댐(죤형),49000,300,7,18.08,18.08,0,사통형,25.45,24.45,22.4,052-290-5301
3171010003,경남,울산,못안지,울산광역시 울주군 온산읍 삼평리,1945-01-01,1946-12-31,2,보조수원,39,1.2,1,16,10,200,필댐(죤형),6300,85,4,10.36,10.36,0,사통형,14.79,13.79,12.68,052-290-5301
3171010004,경남,울산,우지곡,울산광역시 울주군 온산읍 강양리,1945-01-01,1946-12-31,2,보조수원,27,1.2,1,7,10,200,필댐(죤형),8200,40,8,3.83,3.83,0,사통형,24.64,23.64,21.65,052-290-5301
3171010005,경남,울산,성지곡,울산광역시 울주군 온산읍 강양리,1945-01-01,1946-12-31,2,보조수원,30,1.2,1,10,10,200,필댐(죤형),12500,65,8,8.41,8.41,0,사통형,12.3,11.25,8.96,052-290-5301
3171010014,경남,울산,오룡,울산광역시 울주군 언양읍 평리,1953-01-01,1956-01-01,2,주수원,182,7.32,6.1,89.2,10,200,필댐(죤형),41000,172,13.1,205.72,205.72,0,사통형,122.5,121.5,114,052-290-5301
3171010016,경남,울산,다개(보조),울산광역시 울주군 언양읍 다개리,1945-01-01,1946-12-31,2,보조수원,4.8,1.2,1,2.4,10,200,필댐(죤형),72000,300,7,26.92,26.92,0,사통형,169.21,168.21,165.17,052-290-5301
3171010017,경남,울산,새못,울산광역시 울주군 언양읍 다개리,1945-01-01,1946-12-31,2,보조수원,20,1.2,1,4,10,100,필댐(죤형),9800,200,7,28.85,28.85,0,사통형,188.4,187.43,184.42,052-290-5301
3171010018,경남,울산,뒷골(다개),울산광역시 울주군 언양읍 다개리,1945-01-01,1946-12-31,2,보조수원,20,1.2,1,4,10,100,필댐(죤형),8100,200,6,17.41,17.41,0,사통형,189.1,188.57,185,052-290-5301
3171010019,경남,울산,다개(주),울산광역시 울주군 언양읍 다개리,1976-01-01,1978-01-01,2,주수원,280,2.88,2.4,141.5,10,200,필댐(죤형),141000,150,29,260.07,260.04,0.03,사통형,239.98,238.98,219,052-290-5301
3171010026,경남,울산,상가,울산광역시 울주군 언양읍 직동리,1945-01-01,1946-12-31,2,보조수원,50,2.4,2,5.5,10,200,필댐(죤형),12100,121,10,7.57,7.57,0,사통형,117.9,116.87,114.92,052-290-5301
3171010027,경남,울산,하가,울산광역시 울주군 언양읍 직동리,1945-01-01,1946-12-31,2,보조수원,50,3.12,2.6,7.6,10,200,필댐(죤형),3400,126,5,13.65,13.65,0,사통형,110,109,106.1,052-290-5301
3171010033,경남,울산,들못,울산광역시 울주군 언양읍 태기리,1945-01-01,1946-12-31,2,보조수원,50,1.8,1.5,4,10,200,필댐(죤형),12200,85,12,44.35,44.35,0,사통형,100,98.95,95.21,052-290-5301
3171010038,경남,울산,화산,울산광역시 울주군 서생면 화산리,1990-01-01,1997-12-30,1,주수원,240,16.2,13.5,284.7,10,100,필댐(죤형),290000,167,36.5,1338.93,1338.93,0,사통형,90.2,89.95,63.5,052-290-5301
3171010044,경남,울산,윗곡1,울산광역시 울주군 서생면 위양리,1997-01-01,1998-12-31,2,보조수원,35,0.48,0.4,5,10,100,필댐(죤형),7800,59,12,8.01,8.01,0,사통형,79.31,78.31,74.48,052-290-5301
3171010045,경남,울산,윗곡,울산광역시 울주군 서생면 위양리,1963-01-01,1964-12-31,2,보조수원,35,0.48,0.4,6,10,100,필댐(죤형),3200,36,8.6,4.48,4.48,0,사통형,63.35,62.35,59.88,052-290-5301
3171010046,경남,울산,막곡,울산광역시 울주군 서생면 위양리,1964-01-01,1965-12-31,2,보조수원,12,0.48,0.4,7.1,10,100,필댐(죤형),2900,50,7,1.93,1.93,0,사통형,58.8,57.84,56.22,052-290-5301
3171010047,경남,울산,윗곡2,울산광역시 울주군 서생면 위양리,1967-01-01,1968-12-31,2,보조수원,25,0.36,0.3,15,10,100,필댐(죤형),5800,52,7.5,4.91,4.91,0,사통형,61.3,60.3,58,052-290-5301
3171010085,경남,울산,문죽,울산광역시 울주군 청량읍 문죽리,1950-01-01,1953-01-01,1,주수원,1070,27.12,22.6,199.5,10,200,필댐(죤형),59000,188,11.4,667.34,666.94,0.4,사통형,39.5,38.85,32,052-290-5301
3171010100,경남,울산,곰네,울산광역시 울주군 웅촌면 곡천리,1945-01-01,1946-12-31,2,보조수원,65,2.4,2,13,10,100,필댐(죤형),10400,145,6,4.3,4.3,0,사통형,64.32,63.32,61.9,052-290-5301
3171010108,경남,울산,은하,울산광역시 울주군 웅촌면 은현리,1933-01-01,1934-12-31,2,보조수원,50,2.4,2,8,10,200,필댐(죤형),6200,74,6,16,16,0,사통형,119.53,118.53,115.09,052-290-5301
3171010109,경남,울산,덕산,울산광역시 울주군 웅촌면 은현리,1961-01-01,1962-12-31,2,보조수원,9,0.48,0.4,8.6,10,200,필댐(죤형),4900,75,8.1,12.1,12.1,0,사통형,142.1,141.14,135.79,052-290-5301
3171010112,경남,울산,신암,울산광역시 울주군 웅촌면 은현리,1985-01-01,1986-12-31,2,보조수원,68,1.44,1.2,20,10,200,필댐(죤형),74800,104,18,91,91,0,사통형,156.4,155.38,143.63,052-290-5301
3171010113,경남,울산,관동갓,울산광역시 울주군 웅촌면 고연리,1945-01-01,1946-12-31,2,보조수원,10,0.48,0.4,9.4,10,200,필댐(죤형),5060,91,4.8,6.48,6.48,0,사통형,112.46,111.46,109.06,052-290-5301
3171010114,경남,울산,오리밭들,울산광역시 울주군 웅촌면 고연리,1913-01-01,1914-12-31,2,보조수원,88,1.2,1,11,10,200,필댐(죤형),10080,120,6,16,16,0,사통형,121.21,120.21,116.37,052-290-5301
3171010115,경남,울산,담뒤,울산광역시 울주군 웅촌면 은현리,1945-01-01,1946-12-31,2,보조수원,70,2.4,2,14,10,200,필댐(죤형),9100,170,6,11.89,11.89,0,사통형,102.8,102.34,99.8,052-290-5301
3171010116,경남,울산,연답,울산광역시 울주군 웅촌면 고연리,1961-01-01,1962-12-31,2,보조수원,12,0.36,0.3,5,10,200,필댐(죤형),4000,28,9.2,14.01,14.01,0,사통형,130.27,129.27,125.81,052-290-5301
3171010119,경남,울산,반계2,울산광역시 울주군 웅촌면 고연리,1963-01-01,1964-12-31,2,보조수원,8,1.08,0.9,3,10,200,필댐(죤형),6600,73,8.5,18.8,8.32,10.48,사통형,192.2,191.2,187.46,052-290-5301
3171010121,경남,울산,고련,울산광역시 울주군 웅촌면 고연리,1971-01-01,1976-01-01,1,주수원,308,11.28,9.4,163.1,10,200,필댐(죤형),430000,558,14.5,518.65,515,3.65,사통형,107.05,106.05,97,052-290-5301
3171010122,경남,울산,반계1,울산광역시 울주군 웅촌면 고연리,1985-01-01,1995-12-30,2,보조수원,230,1.44,1.2,27.3,10,200,필댐(죤형),48000,146,25,74.34,74.34,0,사통형,193.3,192.3,178.66,052-290-5301
3171010125,경남,울산,저리,울산광역시 울주군 웅촌면 대대리,1976-01-01,1977-12-31,2,보조수원,14,0.96,0.8,4,10,200,필댐(죤형),8800,155,5.1,11.05,11.05,0,사통형,62.13,61.13,58.93,052-290-5301
3171010138,경남,울산,골작못,울산광역시 울주군 범서읍 천상리,1945-01-01,1946-12-31,2,보조수원,56,1.2,1,10,10,100,필댐(죤형),5000,61,12,12.15,12.15,0,사통형,59.23,58.23,53.14,052-290-5301
3171010139,경남,울산,직골,울산광역시 울주군 범서읍 천상리,1950-01-01,1951-12-31,2,보조수원,25,1.2,1,5,10,100,필댐(죤형),2600,30,8,6.08,6.08,0,사통형,79,77.97,74.03,052-290-5301
3171010141,경남,울산,어린지,울산광역시 울주군 범서읍 천상리,1969-01-01,1970-12-30,2,보조수원,61,2.76,2.3,30,10,100,필댐(죤형),32000,100,14.4,72.68,62.07,10.61,사통형,37.5,37,34,052-290-5301
3171010143,경남,울산,천상,울산광역시 울주군 범서읍 천상리,1971-01-01,1975-01-01,2,주수원,195,4.56,3.8,45.7,10,200,필댐(죤형),58000,133,20.9,296.05,296,0.05,취수탑형,77.9,77.1,61.5,052-290-5301
3171010146,경남,울산,설못,울산광역시 울주군 범서읍 입암리,1945-01-01,1946-12-31,2,보조수원,16,0.96,0.8,13,10,100,필댐(죤형),5900,85,5.2,10.8,10.8,0,사통형,36.4,35.39,32.72,052-290-5301
3171010151,경남,울산,지곡,울산광역시 울주군 범서읍 서사리,1945-01-01,1946-12-31,2,보조수원,35,1.44,1.2,8.3,10,100,필댐(죤형),4500,56,9.2,17.58,17.58,0,사통형,88.68,87.68,82.79,052-290-5301
3171010152,경남,울산,새정곡,울산광역시 울주군 범서읍 서사리,1963-01-01,1964-12-31,2,보조수원,18,0.84,0.7,3,10,100,필댐(죤형),8300,48,13.2,2.39,2.39,0,사통형,50,49.3,47.1,052-290-5301
3171010153,경남,울산,대촌,울산광역시 울주군 범서읍 두산리,1945-01-01,1946-12-31,2,보조수원,48,1.2,1,10,10,100,필댐(죤형),700,62,6,8.03,8.03,0,사통형,109,108.98,105.75,052-290-5301
3171010154,경남,울산,먹골,울산광역시 울주군 범서읍 두산리,1945-01-01,1946-12-31,2,보조수원,85,1.2,1,12,10,100,필댐(죤형),1200,61,10,15,15,0,사통형,102.54,101.54,97.31,052-290-5301
3171010155,경남,울산,우지곡(두산),울산광역시 울주군 범서읍 두산리,1934-01-01,1935-12-31,2,보조수원,55,1.2,1,9,10,100,필댐(죤형),1200,72,9,9.25,9.25,0,사통형,126.55,125.55,122,052-290-5301
3171010157,경남,울산,두산,울산광역시 울주군 범서읍 두산리,1976-01-01,1978-01-01,1,주수원,290,9.48,7.9,99.7,10,200,필댐(죤형),154000,160,20.5,570.73,570.73,0,사통형,135.9,134.93,119,052-290-5301
3171010166,경남,울산,조적곡,울산광역시 울주군 범서읍 척과리,1968-01-01,1969-12-31,2,보조수원,62,1.2,1,9,10,100,필댐(죤형),4000,40,10,9.78,9.78,0,사통형,84.1,83.1,78.46,052-290-5301
3171010167,경남,울산,부근방곡,울산광역시 울주군 범서읍 척과리,1945-01-01,1946-12-31,2,보조수원,50,1.2,1,0,10,100,필댐(죤형),5800,35,5.8,0.46,0.46,0,사통형,100.5,99.5,98.24,052-290-5301
3171010168,경남,울산,수청곡,울산광역시 울주군 범서읍 척과리,1908-01-01,1909-12-31,2,보조수원,48,1.2,1,8,10,100,필댐(죤형),7200,47,10,9,9,0,사통형,100.3,99.84,95.93,052-290-5301
3171010169,경남,울산,척과,울산광역시 울주군 범서읍 척과리,1971-08-25,1974-01-01,1,주수원,260,6,5,72.8,10,200,필댐(죤형),130000,125,21.8,368.22,368.22,0,사통형,129.2,128,110.68,052-290-5301
3171010181,경남,울산,못안,울산광역시 울주군 두동면 월평리,1945-01-01,1946-12-31,2,보조수원,14,2.4,2,2.8,10,100,필댐(죤형),62000,100,9.2,33.71,33.71,0,사통형,131.2,130.5,127,052-290-5301
3171010182,경남,울산,월평,울산광역시 울주군 두동면 월평리,1972-01-01,1975-01-01,2,주수원,472,6,5.5,100.6,10,200,필댐(죤형),146000,180,20.9,290.32,290.32,0,사통형,163,162,148,052-290-5301
3171010186,경남,울산,삽다리,울산광역시 울주군 두동면 월평리,1945-01-01,1946-12-31,2,보조수원,164,8.4,7,38,10,100,필댐(죤형),6700,70,15.3,85.73,85.73,0,사통형,111.6,110.6,105.3,052-290-5301
3171010187,경남,울산,두돌(보조),울산광역시 울주군 두동면 봉계리,1944-12-20,1945-01-01,2,보조수원,50,3.6,3,18.2,10,200,필댐(죤형),10700,80,12,71,71,0,사통형,100.4,99.4,94.2,052-290-5301
3171010194,경남,울산,두돌(주),울산광역시 울주군 두동면 봉계리,1972-01-01,1976-01-01,1,주수원,350,15.6,13,81,10,200,필댐(죤형),10000,207,10.6,530.09,519.39,10.7,사통형,92.5,91.5,83,052-290-5301
3171010217,경남,울산,아미산,울산광역시 울주군 두서면 미호리,1967-01-01,1968-12-31,2,보조수원,17,0.6,0.5,5,10,100,필댐(죤형),17000,73,8.7,5.07,5.07,0,사통형,201.3,200.8,198,052-290-5301
3171010218,경남,울산,복안,울산광역시 울주군 두서면 미호리,1985-01-01,1996-01-01,1,주수원,790,26.4,22,265.4,10,200,필댐(죤형),360000,205,38.9,1934.52,1934.52,0,사통형,208,207,181.6,052-290-5301
3171010222,경남,울산,재궁곡,울산광역시 울주군 두서면 활천리,1976-01-01,1977-12-31,2,보조수원,22,0.48,0.4,3,10,100,필댐(죤형),16000,56,7.7,8.94,8.94,0,사통형,135.67,134.67,129.48,052-290-5301
3171010225,경남,울산,수정,울산광역시 울주군 두서면 전읍리,1945-01-01,1946-12-31,2,보조수원,269,2.76,2.3,30,5,100,필댐(죤형),22000,78,17.3,65.91,65.91,0,사통형,193.4,192.4,183.56,052-290-5301
3171010226,경남,울산,월부,울산광역시 울주군 두서면 전읍리,1945-01-01,1946-12-31,2,보조수원,31,0.36,0.3,10,10,100,필댐(죤형),9500,44,7.8,2.15,2.15,0,사통형,185.4,184.4,181.9,052-290-5301
3171010227,경남,울산,분곡,울산광역시 울주군 두서면 전읍리,1945-01-01,1946-12-31,2,보조수원,19,0.48,0.4,9.7,10,100,필댐(죤형),6100,80,8.8,5.8,5.8,0,사통형,163.7,163,160.5,052-290-5301
3171010230,경남,울산,후평,울산광역시 울주군 두서면 서하리,1945-01-01,1946-12-31,2,보조수원,47,1.2,1,20,10,200,필댐(죤형),7400,190,6,12.09,12.09,0,사통형,144.2,143.7,140.9,052-290-5301
3171010231,경남,울산,창월,울산광역시 울주군 두서면 인보리,1945-01-01,1946-12-31,2,보조수원,20,1.2,1,9,10,200,필댐(죤형),14200,220,5,8.15,8.15,0,사통형,133.5,133.4,131.26,052-290-5301
3171010232,경남,울산,후들,울산광역시 울주군 두서면 인보리,1945-01-01,1946-12-31,2,보조수원,51,2.4,2,20,10,200,필댐(죤형),132000,310,7,30,30,0,사통형,129.2,128.2,125,052-290-5301
3171010233,경남,울산,인보,울산광역시 울주군 두서면 인보리,1976-01-01,1978-01-01,1,주수원,670,8.28,6.9,133.4,10,200,필댐(죤형),156541,133,23.5,319.15,319.15,0,사통형,166.7,165.7,157.3,052-290-5301
3171010281,경남,울산,심천,울산광역시 울주군 삼남읍 가천리,1945-01-01,1948-12-31,1,주수원,340,6.24,5.2,75,10,200,필댐(죤형),148000,268,13.8,488.47,488.47,0,사통형,181.2,180.2,168,052-290-5301
3171010282,경남,울산,공암,울산광역시 울주군 삼남읍 가천리,1945-01-01,1946-12-31,1,주수원,440,10.32,8.6,112.8,10,200,필댐(죤형),224500,295,13.1,517.01,517,0.01,사통형,152.14,151.14,140,052-290-5301
3171010285,경남,울산,심천보충,울산광역시 울주군 삼남읍 가천리,1985-01-01,1985-12-31,2,보조수원,116.8,2.4,2,14.6,10,200,필댐(죤형),50673,120,13.8,145.64,145.64,0,사통형,193.1,192.06,181.42,052-290-5301
3171010286,경남,울산,강양,울산광역시 울주군 온산읍 강양리,1939-10-31,1940-12-31,2,보조수원,25,1.2,1,10.5,10,200,필댐(죤형),20500,91,10.5,27.85,27,0.85,사통형,8.84,7.84,4.8,052-290-5301
3171010287,경남,울산,구봉,울산광역시 울주군 삼남읍 가천리,1945-01-01,1946-12-31,2,보조수원,10,0.84,0.7,6,10,200,필댐(죤형),32000,60,4.4,9.4,9.4,0,사통형,140.62,139.62,136.25,052-290-5301
3171010288,경남,울산,둥둥지,울산광역시 울주군 두동면 월평리,1945-01-01,1945-12-31,2,보조수원,22,0.36,0.3,8,10,200,필댐(죤형),37000,35,10,4.29,4.29,0,사통형,122.2,121.3,118.9,052-290-5301
3171010289,경남,울산,솔고개,울산광역시 울주군 범서읍 천상리,1945-01-01,1946-12-31,2,보조수원,5,0.84,0.7,8,10,100,필댐(죤형),42000,120,4.5,6.78,6.78,0,사통형,27.6,26.6,24.06,052-290-5301
3171010290,경남,울산,수반,울산광역시 울주군 웅촌면 은현리,1933-01-01,1934-12-31,2,보조수원,50,0.72,0.6,8,10,100,필댐(죤형),35000,74,6,10,10,0,사통형,110.1,109.1,105.81,052-290-5301
3171010292,경남,울산,차리,울산광역시 울주군 두서면 차리,1996-11-20,2003-12-30,1,주수원,398,10.87,9.06,126,10,100,필댐(죤형),280000,369,35.9,866.27,865.82,0.45,취수탑형,253.8,252.6,229,052-290-5301
3171010293,경남,울산,뒷들,울산광역시 울주군 두서면 차리,1945-02-01,1946-12-31,2,보조수원,40,0.84,0.7,1.5,10,100,필댐(죤형),8000,100,9.5,18.22,18.22,0,사통형,188.43,188.3,184.61,052-290-5301
3171010294,경남,울산,서녁,울산광역시 울주군 두서면 구량리,1946-02-08,1947-12-31,2,보조수원,29.8,0.6,0.5,14.9,10,100,필댐(죤형),5000,30,9.3,16.12,16.12,0,사통형,147.7,147.4,143.44,052-290-5301
3171010295,경남,울산,상태평,울산광역시 울주군 두서면 구량리,1945-02-08,1946-12-31,2,보조수원,6,0.72,0.6,7.6,10,100,필댐(죤형),4500,87,8.2,14.55,14.53,0.02,사통형,133.2,132.9,129,052-290-5301
3171010296,경남,울산,하태평,울산광역시 울주군 두서면 구량리,1945-02-08,1946-12-31,2,보조수원,24,1.92,1.6,12,10,100,필댐(죤형),7601,102,5.4,33,33,0,사통형,124.2,123.9,119.57,052-290-5301
3171010297,경남,울산,신당,울산광역시 울주군 두서면 구량리,1948-02-08,1949-12-31,2,보조수원,6,0.48,0.4,3,10,100,필댐(죤형),6000,56,11.9,16.92,16.92,0,사통형,113,112.6,109.51,052-290-5301
3171010298,경남,울산,길천명촌,울산광역시 울주군 상북면 명촌리,2004-09-01,2010-03-17,1,주수원,190,8.22,6.85,74.6,10,200,필댐(죤형),247343,246.2,29,664,576,88,사통형,205.4,204.4,188,052-290-5301
3171010539,경남,울산,갈전,울산광역시 울주군 언양읍 다개리,2009-12-17,2015-12-31,1,주수원,127,4.45,4.15,0,100,200,필댐(죤형),0,184,46,526.8,502.6,24.2,취수탑형,254.3,253.3,232,052-290-5301
3171010544,경남,울산,광청,울산광역시 울주군 온양읍 외광리,2015-12-14,2020-12-30,1,주수원,135.6,5.66,5.39,0,10,200,필댐(코어형),0,140.7,23,436.69,431.94,4.75,사통형,74,73,56,052-290-5301
4111010005,경기,화성.수원,일월,경기도 수원시 장안구 천천동,1940-11-13,1941-06-30,1,보조수원,277,19.5,18,0,3,100,필댐(죤형),41459,364,6.7,315,299,16,취수탑형,4.24,3.64,0.7,031-240-4900
4111010010,경기,화성.수원,왕송,경기도 의왕시 초평동,1944-01-01,1948-12-31,1,주수원,1555,92,83.6,516.1,10,100,필댐(죤형),112307,640,8,2079.2,2077.3,1.9,사통형,41.41,40.52,33.5,031-240-4900
4113010005,경기,화성.수원,낙생,경기도 성남시 분당구 동원동,1957-01-01,1961-12-31,1,주수원,1950,24.7,23.9,36.65,10,100,필댐(죤형),165212,237.5,17.21,855.8,855.8,0,취수탑형,91.35,90.35,81.5,031-240-4900
4122010004,경기,평택,동막,경기도 평택시 지산동,1945-01-01,1946-12-30,2,보조수원,119,1,1,3.4,10,100,필댐(균일형),6703,128.5,4.2,14,13,1,기타,46.8,46.6,44.6,031-680-5614
4122010006,경기,평택,울성,경기도 평택시 지제동,1945-01-01,1946-12-30,2,보조수원,60,1,1,13.2,10,100,필댐(균일형),9576,114,5,14,14,0,기타,10.3,10,8.5,031-680-5614
4122010010,경기,평택,월곡,경기도 평택시 월곡동,1955-01-01,1958-12-30,2,주수원,60,2.1,2,23,10,100,필댐(균일형),16386,160,5.43,24,24,0,기타,10.7,10,8.6,031-680-5614
4122010021,경기,평택,효덕,경기도 평택시 고덕면 방축리,1945-01-01,1946-12-30,2,보조수원,43,1.1,1,2.1,10,100,필댐(균일형),8486,136,4,7,7,0,기타,10.4,10,8.5,031-680-5614
4122010024,경기,평택,고잔,경기도 평택시 청북읍 고잔리,1953-01-01,1954-12-30,1,주수원,450,12.3,11.7,83.4,10,200,필댐(죤형),13230,310,8.1,415,409,6,기타,23.3,22.3,20.48,031-680-5614
4129010002,경기,화성.수원,청계,경기도 과천시 막계동,1956-01-01,1961-12-31,1,주수원,790,23,21.7,100.48,5,100,필댐(죤형),132396,472,11,1092.5,1092.5,0,취수탑형,66.31,65.31,55.5,031-240-4900
4136010018,경기,양평.광주.서울,오남,경기도 남양주시 오남읍 오남리,1978-11-07,1985-12-20,1,주수원,1552.12,28,23.1,276.94,10,200,필댐(죤형),1075320,412,30,2710,2435.1,274.9,사통형,105.82,104.32,87.84,031-770-8014 
4137010006,경기,화성.수원,서랑,경기도 오산시 서랑동,1950-03-01,1955-06-03,1,주수원,410,15.2,14.6,190.4,3,100,필댐(죤형),58697,268,9.4,483.2,482.8,0.4,취수탑형,27.7,27.2,21,031-240-4900
4139010001,경기,화성.수원,매화,경기도 시흥시 금이동,1939-01-01,1941-12-31,2,보조수원,260,16.5,15.5,52.4,3,100,필댐(죤형),14850,165,6,248,227,21,취수탑형,5.15,4,0.2,031-240-4900
4139010002,경기,화성.수원,칠리제,경기도 시흥시 금이동,1940-01-01,1945-12-31,2,주수원,110,6,4.9,70.4,3,100,필댐(죤형),19510,280,5.2,117,117,0,사통형,3.3,2.4,0.1,031-240-4900
4139010003,경기,화성.수원,과림,경기도 시흥시 과림동,1950-01-01,1956-12-31,1,주수원,360,15.4,13.4,82.1,3,100,필댐(죤형),46967,302,8.1,367.3,366,1.3,취수탑형,20.5,19.6,15.5,031-240-4900
4139010005,경기,화성.수원,소래,경기도 시흥시 은행동,1929-01-01,1930-12-31,2,보조수원,150,9.8,9.1,115.2,3,100,필댐(죤형),46840,264,6.9,165.8,165.4,0.4,사통형,16.9,16.4,13,031-240-4900
4139010006,경기,화성.수원,물왕(흥부),경기도 시흥시 물왕동,1940-01-01,1944-12-31,1,주수원,1320,54.1,50.3,864.7,10,100,필댐(죤형),67570,290,10,1872.9,1839.7,33.2,취수탑형,16.61,15.46,9,031-240-4900
4143010002,경기,화성.수원,백운,경기도 의왕시 학의동,1951-09-01,1956-09-30,1,주수원,1020,31.4,30.5,6.5,10,100,필댐(죤형),137434,253,15,1380.1,1379,1.1,취수탑형,71.6,70.2,61.4,031-240-4900
4149010008,경기,평택,기흥(신갈),경기도 용인시 기흥구 고매동,1957-01-01,1964-12-30,1,주수원,5300,261.2,231.2,1225.7,10,200,필댐(죤형),167219,222,14.3,11659,11630,29,취수탑형,47.3,46,36,031-680-5614
4149010021,경기,평택,삼인동,경기도 용인시 처인구 남사읍 북리,1966-01-01,1969-12-30,1,주수원,328,10,9,121.3,10,100,필댐(죤형),81343,190,11.53,303,302,1,사통형,77.11,76.21,70,031-680-5614
4149010037,경기,평택,이동,경기도 용인시 처인구 이동읍 어비리,1964-01-01,1972-12-07,1,주수원,9300,352.58,305.4,2152,10,200,필댐(죤형),725918,660,17.5,20949,20906,43,취수탑형,44.1,43,31.3,031-680-5614
4149010044,경기,평택,용덕,경기도 용인시 처인구 이동읍 묵리,1956-01-01,1959-12-30,1,주수원,1250,27.66,21.6,193.3,10,200,필댐(죤형),199577,299,13.4,948,943,5,취수탑형,97.5,96.5,90,031-680-5614
4149010046,경기,안성,용담,경기도 용인시 처인구 원삼면 미평리,1976-06-26,1978-08-15,1,주수원,700,37.7,32.6,203.2,10,100,필댐(죤형),47740,280,11,1129.3,1128.3,1,사통형,124.5,123.8,118.7,031-673-9771
4149010050,경기,안성,두창,경기도 용인시 처인구 원삼면 두창리,1986-10-29,1994-12-30,1,주수원,287,22.42,18.4,192.3,10,200,필댐(죤형),131793,192,20.2,1227.1,1223.4,3.7,사통형,143.2,142.4,128,031-673-9771
4151010002,경기,파주,애룡,경기도 파주시 법원읍 삼방리,1958-10-28,1960-12-28,1,주수원,890,27.39,24.4,227.9,10,200,필댐(죤형),35.23,107,15,1031,1014.6,16.4,취수탑형,111.7,110.6,102,031-950-3203
4151010003,경기,파주,마지,경기도 파주시 법원읍 직천리,1977-07-09,1979-12-01,1,주수원,1420,48,45,306.6,10,200,필댐(죤형),89,256,30,3412,3322,90,사통형,116,114.5,95,031-950-3203
4151010005,경기,파주,공능,경기도 파주시 조리읍 뇌조리,1963-10-01,1966-12-24,1,주수원,1640,50.24,27.7,195.8,10,200,필댐(죤형),36,111.5,10.21,689,621,68,사통형,103.7,102.5,99,031-950-3203
4151010006,경기,파주,발랑,경기도 파주시 광탄면 발랑리,1971-11-22,1974-12-31,1,주수원,1878,17,15,187.6,10,200,필댐(죤형),65.73,144,19,624,596,28,사통형,73.5,72,64,031-950-3203
4151010007,경기,파주,기산,경기도 양주시 백석읍 기산리,1971-11-01,1975-12-11,1,주수원,370,15.5,12.7,215.5,10,200,필댐(죤형),89,128,22,871,871,0,취수탑형,184.2,183,169.8,031-950-3203
4151010009,경기,파주,금파,경기도 파주시 파평면 금파리,1971-05-24,1975-05-01,2,주수원,240,6.2,5,43.8,10,200,필댐(죤형),17,130,10,77,77,0,사통형,36.7,36,31,031-950-3203
4151010010,경기,파주,마장,경기도 파주시 광탄면 기산리,1987-12-02,2001-06-08,1,주수원,1138,29.63,27.98,179,10,200,필댐(죤형),37,294,32.5,2900,2637,263,취수탑형,127.4,124,99,031-950-3203
4153010005,경기,여주.이천,용풍,경기도 이천시 장호원읍 송산리,1943-01-01,1946-12-30,1,주수원,500,30,24.7,200,10,50,필댐(죤형),40500,238,8,824,715,109,사통형,72.3,71.4,68.2,031-887-7500
4153010011,경기,여주.이천,용면,경기도 이천시 신둔면 용면리,1955-01-01,1959-01-01,2,주수원,272,7.1,6.14,54.7,10,50,필댐(죤형),914600,122.4,15.6,280,276,4,사통형,120.9,120.37,105,031-887-7500
4153010019,경기,여주.이천,성호(설성),경기도 이천시 설성면 장능리,1955-01-01,1958-01-01,1,주수원,616,43.7,34.7,339.8,10,50,필댐(죤형),59800,250,9,912,858,54,취수탑형,88.04,86.94,83.44,031-887-7500
4155010011,경기,안성,마둔,경기도 안성시 금광면 오산리,1970-11-12,1975-12-30,1,주수원,1240,47.52,46.57,529.5,10,200,필댐(죤형),484940,174,29.3,4724,4707,17,취수탑형,86,85.1,66.3,031-673-9771
4155010012,경기,안성,금광,경기도 안성시 금광면 금광리,1953-12-01,1961-12-31,1,주수원,4830,168.3,138.4,1906.1,10,500,필댐(죤형),305000,225,21.22,12095,12047,48,취수탑형,67.7,67,51.5,031-673-9771
4155010016,경기,안성,청용,충청남도 천안시 서북구 입장면 도림리,1968-12-16,1974-12-28,1,주수원,730,19.8,16.6,291.2,10,200,필댐(죤형),63700,170,25.18,1201,1200,1,사통형,136.5,135.1,116,031-673-9771
4155010017,경기,안성,농촌,경기도 안성시 발화동,1955-12-30,1957-12-03,2,보조수원,121,2.2,2.2,20,10,100,필댐(죤형),2270,130,2.5,46,46,0,기타,46.5,46,43.3,031-673-9771
4155010020,경기,안성,오촌,경기도 안성시 서운면 오촌리,1945-03-06,1945-12-30,2,보조수원,60,0.6,0.6,20,10,100,필댐(죤형),3900,110,6,3.5,3.5,0,사통형,70.25,69.75,68.7,031-673-9771
4155010025,경기,안성,거청,경기도 안성시 대덕면 모산리,1957-02-10,1957-12-31,2,보조수원,105,2.5,2.1,15,10,100,필댐(죤형),4050,120,3,39,39,0,사통형,31.82,31.32,28.8,031-673-9771
4155010033,경기,안성,노곡,경기도 안성시 양성면 노곡리,1967-10-18,1968-12-31,2,주수원,200,7.1,7.1,40,10,200,필댐(죤형),7800,131,10,228,228,0,사통형,80.2,79.3,73.9,031-673-9771
4155010034,경기,안성,미산,경기도 안성시 양성면 미산리,1980-02-19,1985-12-31,1,주수원,442,20.29,19.98,149.6,10,200,필댐(죤형),114000,251,25.3,1826,1826,0,사통형,122.2,120.9,103,031-673-9771
4155010037,경기,안성,만수,경기도 안성시 공도읍 만정리,1944-05-10,1945-12-30,1,주수원,375,26.4,22.3,140.2,10,200,필댐(죤형),26134,358,7.3,615,614,1,사통형,32.83,31.93,27.4,031-673-9771
4155010039,경기,안성,칠곡,경기도 안성시 원곡면 칠곡리,1955-01-01,1958-12-30,1,주수원,391,15.6,15.8,129.3,10,100,필댐(죤형),94464,205,12,548,544,4,취수탑형,41.25,40.45,34.5,031-673-9771
4155010044,경기,안성,운수,경기도 안성시 원곡면 반제리,1941-04-01,1942-08-20,1,주수원,225,13.13,11.8,120.4,10,200,필댐(죤형),54000,112.7,11,399.4,399.4,0,사통형,47.12,45.82,39,031-673-9771
4155010053,경기,안성,장계,경기도 안성시 죽산면 장계리,1985-01-01,1992-12-30,1,주수원,225,12.9,12,102.4,10,200,필댐(죤형),74000,268.5,22.7,992,992,0,취수탑형,152.3,151.5,138,031-673-9771
4155010056,경기,안성,용설,경기도 안성시 죽산면 용설리,1982-11-27,1985-12-30,1,주수원,790,59.54,53.8,401.6,10,200,필댐(죤형),122000,459,19,3020,2932.4,87.6,취수탑형,115,113.9,103,031-673-9771
4155010058,충북,진천,광혜,경기도 안성시 죽산면 두교리,1985-01-01,1988-12-31,1,주수원,1040,51.8,50.1,446,10,200,필댐(죤형),141075,380,24.5,4196,4025,171,사통형,131,129.5,113.5,043-530-5700
4155010059,경기,안성,덕산,경기도 안성시 삼죽면 내강리,1986-10-29,1992-12-30,1,주수원,485,37.01,32,192.2,10,200,필댐(죤형),57400,404,15.8,1920,1859.2,60.8,취수탑형,128.5,127.5,118,031-673-9771
4155010061,경기,안성,미장,경기도 안성시 삼죽면 미장리,1965-12-01,1968-12-31,2,주수원,130,2.02,1.2,22,10,200,필댐(죤형),23000,123,13.86,67,67,0,사통형,235,233.6,228,031-673-9771
4155010068,경기,안성,고삼,경기도 안성시 고삼면 봉산리,1956-08-01,1963-05-31,1,주수원,7100,310,229.9,2969.8,10,500,필댐(죤형),183394,209,17.1,16105,15217,888,취수탑형,54.1,52.5,40.8,031-673-9771
4155010069,경기,안성,양변,경기도 안성시 미양면 양변리,1960-03-29,1960-05-29,2,보조수원,88,3.3,3.3,6,10,100,필댐(죤형),8900,240,3.7,38,38,0,사통형,37,36.52,34.7,031-673-9771
4157010004,경기,김포,성동,경기도 김포시 월곶면 성동리,1971-11-01,1973-12-20,2,주수원,86.72,2.83,2.64,20.5,10,10,필댐(죤형),16905,154.9,8.6,77,74,3,사통형,43.1,42.5,38,031-980-8100
4171010003,경기,파주,남방,경기도 양주시 어둔동,1976-10-09,1978-12-30,1,주수원,305,9.78,8,57.2,10,200,필댐(죤형),17,210,13,315,308,7,취수탑형,80.4,80,72,031-950-3203
4171010007,경기,파주,봉암,경기도 양주시 은현면 봉암리,1978-01-01,1979-12-29,1,주수원,340,17.6,17,111.2,10,200,필댐(죤형),62.32,230,18.2,1221,1187,34,사통형,118.5,117.2,105,031-950-3203
4171010012,경기,파주,신암,경기도 양주시 남면 신암리,1977-01-01,1978-12-30,1,주수원,215,5.9,5,85.4,10,200,필댐(죤형),65,150,24,470,469,1,사통형,189,188,169.5,031-950-3203
4171010013,경기,파주,효촌,경기도 양주시 남면 두곡리,1978-11-21,1982-12-30,1,주수원,703,48.44,43,180.2,10,200,필댐(죤형),35.24,275,14,1840,1395,445,사통형,101.7,100.5,95.5,031-950-3203
4171010014,경기,파주,원당,경기도 양주시 남면 황방리,1978-01-01,1979-12-30,1,주수원,337,17.18,16.58,227.5,10,200,필댐(죤형),53.24,190,25,1475,1475,0,사통형,146.7,145.5,127,031-950-3203
4173010001,경기,여주.이천,원부,경기도 여주시 점동면 관한리,1941-01-01,1944-01-01,1,주수원,630,18,15.4,214.1,10,50,필댐(죤형),131900,249,12.95,583,576,7,사통형,80.3,80,73,031-887-7500
4173010002,경기,여주.이천,삼합,경기도 여주시 점동면 삼합리,1941-01-01,1944-01-01,2,주수원,170,8.69,4.8,41.6,10,50,필댐(죤형),5000,113,11.6,154,145,9,사통형,61.3,60.6,56.5,031-887-7500
4173010012,경기,여주.이천,금사(장흥),경기도 여주시 금사면 장흥리,1979-01-01,1989-01-01,1,주수원,836.7,25.73,24.68,178.9,10,100,필댐(죤형),278600,285,45.6,3754,3713,41,취수탑형,135.2,134.3,104,031-887-7500
4173010018,경기,여주.이천,매류,경기도 여주시 세종대왕면 매류리,1948-01-01,1949-01-01,2,보조수원,13.9,2.04,1.8,1,10,30,필댐(죤형),5200,130,5,21,21,0,기타,50.2,48.7,44.7,031-887-7500
4173010019,경기,여주.이천,신근,경기도 여주시 흥천면 신근리,1942-01-01,1943-01-01,2,보조수원,43,2.2,1.89,1,10,30,필댐(죤형),9120,152,4,19,19,0,사통형,45.1,44.6,41.6,031-887-7500
4175010015,경기,화성.수원,덕우,경기도 화성시 봉담읍 덕우리,1944-01-01,1949-12-31,1,주수원,2270,110,82.7,573.25,5,100,필댐(죤형),53187,331,14.43,3548.7,3546.9,1.8,사통형,43,41,31.5,031-240-4900
4175010016,경기,화성.수원,어천,경기도 화성시 매송면 어천리,1950-06-01,1956-12-20,1,주수원,380,29.9,25.4,198,3,100,필댐(죤형),26129,236,6.4,900.7,893.7,7,사통형,18.38,17.48,12,031-240-4900
4175010018,경기,화성.수원,송라,경기도 화성시 매송면 송라리,1972-09-09,1974-12-31,1,주수원,284,13.9,11.7,76,10,100,필댐(죤형),65520,182,12,396.3,395.6,0.7,사통형,31.71,30.71,23,031-240-4900
4175010028,경기,화성.수원,기천,경기도 화성시 팔탄면 기천리,1986-01-01,1993-12-30,1,주수원,755,40.1,39.3,267.1,10,100,필댐(죤형),113172,172,16.73,2166.5,2163.6,2.9,취수탑형,65.41,64.41,52.7,031-240-4900
4175010031,경기,화성.수원,동방,경기도 화성시 팔탄면 덕천리,1937-01-01,1939-12-31,1,주수원,628,62.5,55.9,217.2,10,100,필댐(죤형),53187,648,5.7,1015.2,1014.3,0.9,사통형,6.8,5.8,2.5,031-240-4900
4175010034,경기,화성.수원,버들,경기도 화성시 장안면 석포리,1944-01-01,1945-12-31,2,주수원,296,15.9,15.3,85.5,10,100,필댐(죤형),14950,230,4.7,284.6,283.7,0.9,사통형,8.03,7.53,4.5,031-240-4900
4175010035,경기,화성.수원,멱우,경기도 화성시 우정읍 멱우리,1943-01-01,1945-12-31,1,주수원,830,52.9,49.4,246,5,100,필댐(죤형),24548,360.7,5,601.5,599.8,1.7,사통형,10.7,9.65,6.8,031-240-4900
4175010045,경기,화성.수원,반월,경기도 군포시 둔대동,1952-11-12,1957-12-15,1,주수원,1220,38.1,36.6,365,3,100,필댐(죤형),115931,352,11.42,1186.8,1165.8,21,취수탑형,35.16,34.16,28,031-240-4900
4175010046,경기,화성.수원,보통,경기도 화성시 정남면 보통리,1951-01-01,1955-06-01,1,주수원,716,44.2,36.2,364.2,3,100,필댐(죤형),56863,318,8.18,1070.9,1070.8,0.1,사통형,28.3,27.3,20,031-240-4900
4179010001,경기,양평.광주.서울,홍중,경기도 광주시 중대동,1950-01-01,1957-01-01,1,주수원,710,15.6,14.5,127.37,7,200,필댐(죤형),70160,229,9.5,483.4,482.7,0.7,사통형,65.1,63.65,58,031-770-8014 
4179010005,경기,양평.광주.서울,도척,경기도 광주시 도척면 유정리,1967-04-27,1975-01-01,1,주수원,980,15.91,13.8,148.77,5,100,필댐(죤형),273770,260,17.1,700.6,700.6,0,사통형,196.5,195,183.8,031-770-8014 
4180010001,경기,연천.포천.가평,백학,경기도 연천군 미산면 아미리,1965-11-26,1969-12-31,1,주수원,995,46.8,44.2,136,10,100,필댐(죤형),52305,130,13,1745.7,1745.7,0,사통형,51.4,50,41,031-860-8900
4180010002,경기,연천.포천.가평,황지,경기도 연천군 군남면 황지리,1944-01-01,1945-12-31,2,보조수원,77,0.78,0.44,0,10,100,필댐(죤형),4744,101,4.6,6,2.7,3.3,기타,70,67.61,66.92,031-860-8900
4181010004,경기,연천.포천.가평,고모,경기도 포천시 소흘읍 고모리,2007-12-20,2011-12-20,1,주수원,400,18.2,17.9,130.7,10,200,필댐(죤형),263539,229,20.1,1308.7,1249.6,59.1,사통형,160.9,160,148.3,031-860-8900
4181010012,경기,연천.포천.가평,우금,경기도 포천시 가산면 우금리,1950-04-01,1958-12-31,1,주수원,515,18.5,17.9,199,10,200,필댐(죤형),110232,237.2,13.1,1009.3,1009.3,0,취수탑형,161.1,160,148.5,031-860-8900
4181010015,경기,연천.포천.가평,마전,경기도 포천시 가산면 마전리,1959-12-31,1960-12-20,2,보조수원,220,4.4,4.3,10.1,10,200,필댐(죤형),38497,122,11.3,203.3,203.3,0,사통형,141.85,141,133.8,031-860-8900
4181010019,경기,연천.포천.가평,중리,경기도 포천시 관인면 중리,1958-12-31,1960-12-31,1,주수원,900,10,9.4,12.7,10,200,필댐(죤형),151124,228,14.9,535.9,531.6,4.3,사통형,117.8,116.6,106.6,031-860-8900
4181010021,경기,연천.포천.가평,냉정,경기도 포천시 관인면 냉정리,1922-10-04,1945-12-31,1,주수원,5.2,36.8,34.5,333.8,10,200,필댐(죤형),18144,1310,6.6,779.8,774.9,4.9,사통형,171.2,169.96,165.75,031-860-8900
4181010023,경기,연천.포천.가평,추동,경기도 포천시 창수면 추동리,1950-01-01,1955-06-30,2,주수원,250,3.9,3.4,52.4,10,100,필댐(죤형),46150,100,13,160.1,159.8,0.3,사통형,131.15,130,121.9,031-860-8900
4181010025,경기,연천.포천.가평,금주,경기도 포천시 영중면 금주리,1978-12-01,1982-06-30,1,주수원,820,11.1,10.5,75.4,10,200,필댐(죤형),134639,126,20.5,656.4,654.1,2.3,사통형,125.5,123.6,110.1,031-860-8900
4181010028,경기,연천.포천.가평,기산,경기도 포천시 일동면 기산리,1976-07-01,1979-06-30,1,주수원,872,15.5,14.2,105.3,10,200,필댐(죤형),279762,150,25.8,1161.7,1161.5,0.2,사통형,197.67,195.7,177.5,031-860-8900
4181010035,경기,연천.포천.가평,자일,강원특별자치도 철원군 갈말읍 강포리,1922-01-01,1932-12-30,1,보조수원,486,16.3,13.9,40,10,100,필댐(죤형),67099,382.2,7.6,444.7,444.6,0.1,사통형,151.13,150,144,031-860-8900
4181010036,경기,연천.포천.가평,산정,경기도 포천시 영북면 산정리,1922-02-15,1925-03-30,1,주수원,1537,25,24.6,376.4,10,200,필댐(죤형),234344,116.3,26,1923.4,1921.9,1.5,사통형,205.46,204.46,187,031-860-8900
4181010039,경기,연천.포천.가평,둔지,경기도 포천시 일동면 화대리,1942-01-01,1944-12-31,2,보조수원,1,1.2,1,2.5,10,200,필댐(죤형),8600,215,5,27.6,20,7.6,기타,155.2,153.4,151.11,031-860-8900
4181010040,경기,연천.포천.가평,후평,경기도 포천시 가산면 마산리,1942-01-01,1944-12-31,2,보조수원,10,2,2,30,10,100,필댐(죤형),3840,215,5,40.2,40.2,0,기타,109.2,108.7,106,031-860-8900
4183010016,경기,양평.광주.서울,단석,경기도 양평군 양동면 쌍학리,1971-01-01,1975-01-01,2,주수원,1230,5.73,3.6,64.81,10,200,필댐(죤형),45950,122,11.8,128.5,128.2,0.3,사통형,133.2,131.74,126,031-770-8014 
4183010017,경기,양평.광주.서울,월산,경기도 양평군 지평면 월산리,1966-01-01,1968-01-01,2,주수원,837,12.15,8.3,101.48,7,200,필댐(죤형),48540,98,12,201,201,0,취수탑형,107.3,106.3,100,031-770-8014 
4183010018,경기,양평.광주.서울,대평,경기도 양평군 지평면 대평리,1956-02-20,1962-12-20,1,주수원,694,18.74,17.03,144.45,10,200,필댐(죤형),193170,284,17.8,1139.3,1135.7,3.6,취수탑형,91.8,90.8,79,031-770-8014 
4183010020,경기,양평.광주.서울,어은,경기도 양평군 지평면 수곡리,1941-01-01,1945-12-20,2,주수원,180,6.87,6.7,69.71,3,200,필댐(죤형),74920,90,15,288,288,0,사통형,98.6,97.6,88.5,031-770-8014 
4183010025,경기,양평.광주.서울,부리,경기도 양평군 개군면 부리,1942-10-20,1945-12-20,2,주수원,97,2.7,1,17.81,5,200,필댐(죤형),16400,104,7.7,31.6,31.6,0,취수탑형,59.6,58.6,54,031-770-8014 
4183010026,경기,양평.광주.서울,향리,경기도 양평군 개군면 향리,1941-01-01,1943-12-20,1,주수원,360,17.8,14.2,79.72,3,200,필댐(죤형),50080,108,11.4,489.1,488.1,1,사통형,59.5,57.99,51.5,031-770-8014 
4211010001,강원,홍천.춘천,우두,강원특별자치도 춘천시 우두동 ,1974-05-11,1974-11-20,2,주수원,600,12.8,11.85,234.8,10,100,필댐(죤형),207366,2033,6,140,140,0,기타,80,79.6,78,033-430-9506
4211010005,강원,홍천.춘천,조연,강원특별자치도 춘천시 신북읍 유포리,1945-01-01,1949-01-01,1,주수원,1473,18,15.79,211,10,200,필댐(죤형),216239,729,10.5,1120,1000,120,사통형,109.5,109,99,033-430-9506
4211010006,강원,홍천.춘천,지내,강원특별자치도 춘천시 신동 ,1954-01-01,1957-01-01,1,주수원,600,13,11.5,32.6,10,200,필댐(죤형),99820,920,6.2,303,303,0,취수탑형,92,91,86.5,033-430-9506
4211010008,강원,홍천.춘천,용산,강원특별자치도 춘천시 신북읍 용산리,1954-01-02,1957-12-30,2,주수원,80,6.8,5.9,15.1,10,100,필댐(죤형),21168,105,9.6,153,152,1,사통형,89.8,89.2,84,033-430-9506
4211010012,강원,홍천.춘천,원창,강원특별자치도 춘천시 동산면 원창리,1985-07-13,1998-12-30,1,주수원,1300,35,33.04,58.6,10,200,필댐(죤형),520000,233,49.1,4594,4553,41,취수탑형,286.6,285,250,033-430-9506
4211010020,강원,홍천.춘천,툇골(신매),강원특별자치도 춘천시 서면 서상리,1980-04-14,1985-05-30,1,주수원,1060,19,16.14,254.8,10,200,필댐(죤형),352887,185,35,1918,1878,40,취수탑형,195.1,193.9,170,033-430-9506
4211010021,강원,홍천.춘천,월송(서상),강원특별자치도 춘천시 서면 서상리,1954-01-02,1957-12-30,1,주수원,290,17.05,13,31.1,10,200,필댐(죤형),35692,169,8.8,445,424,21,사통형,87.2,86.59,80,033-430-9506
4213010027,강원,원주,취병,강원특별자치도 원주시 문막읍 취병리,1967-03-06,1971-01-01,1,주수원,733,15,10.5,69.4,10,100,필댐(죤형),43000,241.5,18.4,625,625,0,사통형,84.9,83.5,64.5,033-749-1677
4213010028,강원,원주,궁촌,강원특별자치도 원주시 귀래면 귀래리,1967-03-06,1971-01-01,1,주수원,2126,23.3,20.7,172.2,10,200,필댐(죤형),141570,203,18.9,1159,1159,0,취수탑형,149.8,148.3,136.3,033-749-1677
4213010029,강원,원주,건등,강원특별자치도 원주시 문막읍 건등리,1942-03-02,1945-01-01,1,주수원,362,10,7,64.1,10,200,필댐(죤형),20000,242,18.2,414,414,0,사통형,115.7,114.7,104.4,033-749-1677
4213010030,강원,원주,반계,강원특별자치도 원주시 문막읍 반계리,1953-03-05,1958-01-01,1,주수원,2500,42.7,39.5,175.9,10,200,필댐(죤형),323665,223,21.5,2839,2815,24,취수탑형,80.5,79,66.5,033-749-1677
4213010045,강원,원주,고산,강원특별자치도 원주시 호저면 고산리,1978-03-06,1987-01-01,1,주수원,724,12.19,9.4,50.7,10,200,필댐(죤형),170000,145,15.5,547,547,0,사통형,136.2,135,126,033-749-1677
4213010067,강원,원주,손곡,강원특별자치도 원주시 부론면 손곡리,1978-03-06,1984-01-01,1,주수원,1012,21,16.15,141.5,10,200,필댐(죤형),60000,275,17.7,969,969,0,사통형,120.6,119.4,110.3,033-749-1677
4213010100,강원,원주,흥업,강원특별자치도 원주시 흥업면 매지리,1959-03-09,1962-01-01,1,주수원,1750,30,25.1,139.8,10,100,필댐(죤형),26400,220,13.4,1098,1098,0,사통형,177.1,174.96,165.46,033-749-1677
4213010106,강원,원주,대안,강원특별자치도 원주시 흥업면 대안리,1990-03-05,1998-11-30,1,주수원,570,13.76,12.21,89.8,10,200,필댐(죤형),311000,184,25.7,998,916,82,사통형,199.7,198.5,186,033-749-1677
4213010110,강원,원주,서곡,강원특별자치도 원주시 판부면 서곡리,1959-03-05,1962-01-01,1,주수원,1333,9.8,8.1,78.6,10,100,필댐(죤형),14000,272.3,12,379,379,0,사통형,208.6,207.5,197,033-749-1677
4213010111,강원,원주,황둔,강원특별자치도 원주시 신림면 황둔리,1971-04-09,1974-11-30,1,주수원,1460,16.4,13.2,87,10,100,필댐(죤형),25896,166.5,15.6,570,570,0,사통형,367,365.1,355.6,033-749-1677
4213010112,강원,원주,대안(사제리),강원특별자치도 원주시 흥업면 사제리,1944-03-06,1945-01-01,2,보조수원,28.6,0.42,0.38,4.5,10,50,필댐(죤형),9000,64,4.8,11,11,0,사통형,131.1,129.9,127.9,033-749-1677
4213010114,강원,원주,정산,강원특별자치도 원주시 부론면 정산리,1994-12-19,2000-08-31,1,주수원,144,5.3,4.9,83,10,200,필댐(죤형),188892,150,36.7,470,452,18,사통형,181.7,180.7,162,033-749-1677
4213010115,강원,원주,운남,강원특별자치도 원주시 귀래면 운남리,1992-04-15,2003-12-30,1,주수원,890,9.46,8.4,210,10,200,필댐(죤형),232103,202,25.5,839,839,0,취수탑형,235.5,234,215,033-749-1677
4213010116,강원,원주,용암,강원특별자치도 원주시 귀래면 용암리,2003-01-18,2003-12-30,2,주수원,628,3.52,2.52,26,10,200,콘크리트댐(중력형),5212,86,20.2,91.6,80.1,11.5,취수탑형,125.15,122.9,115,033-749-1677
4215010002,강원,강릉,장현,강원특별자치도 강릉시 장현동 ,1941-10-01,1947-09-30,1,주수원,1152,48.8,43.6,406.4,10,200,필댐(죤형),159347,206,16.06,2197.1,2176,21.1,취수탑형,25.4,24.1,15.5,033-650-3200
4215010004,강원,강릉,경포,강원특별자치도 강릉시 죽헌동 ,1970-01-30,1972-12-30,1,주수원,1180,28.86,21.3,205.5,10,200,필댐(죤형),90533,115,17.27,1136.1,1127,9.1,사통형,29.04,27.64,17.4,033-650-3200
4215010006,강원,강릉,향호,강원특별자치도 강릉시 주문진읍 향호리,1983-06-25,1987-06-30,1,주수원,315,25.3,23.01,125.5,10,200,필댐(죤형),97597,182,15,1181.7,1124.4,57.3,사통형,28.54,27.21,19,033-650-3200
4215010007,강원,강릉,오봉,강원특별자치도 강릉시 성산면 오봉리,1977-08-25,1983-10-30,1,주수원,10900,101.69,93.9,379.8,10,200,필댐(죤형),1598108,275,55.63,17332,14329,3003,취수탑형,123.3,121.5,92.5,033-650-3200
4215010008,강원,강릉,동막,강원특별자치도 강릉시 구정면 어단리,1952-11-05,1961-11-30,1,주수원,186,15.6,12.8,160.4,10,200,필댐(죤형),625856,420,24.15,941.5,902.3,39.2,취수탑형,86.6,85.4,71.7,033-650-3200
4215010009,강원,강릉,칠성,강원특별자치도 강릉시 구정면 어단리,1952-11-05,1961-11-30,1,주수원,700,9.96,9.3,107.1,10,200,필댐(죤형),332857,252,21.8,673.5,673,0.5,사통형,142.4,140.9,126,033-650-3200
4215010012,강원,강릉,옥계,강원특별자치도 강릉시 옥계면 북동리,1976-07-10,1978-11-30,1,주수원,2341,37.8,31.6,210.4,10,200,필댐(죤형),93649,195,17.5,1639.7,1604.4,35.3,사통형,38.02,35.34,25,033-650-3200
4215010013,강원,강릉,사천,강원특별자치도 강릉시 사천면 사기막리,1980-04-21,1985-11-30,1,주수원,2280,18.8,17.3,344.9,10,200,필댐(죤형),290283,165,33.6,2106.7,2106.6,0.1,취수탑형,139.11,136.22,110,033-650-3200
4215010014,강원,강릉,신왕,강원특별자치도 강릉시 연곡면 신왕리,1955-09-08,1961-12-30,1,주수원,2681,21.5,20.5,196.5,10,200,필댐(죤형),166830,287,14.3,856.6,843.1,13.5,사통형,28.4,28.1,18.5,033-650-3200
4215010015,강원,강릉,삼교,강원특별자치도 강릉시 주문진읍 삼교리,1997-06-05,2003-12-22,1,주수원,1175,9.6,8.9,138.5,10,200,필댐(죤형),436531,200,38.4,1057.7,1019,38.7,취수탑형,143.9,142.37,120,033-650-3200
4215010016,강원,강릉,언별,강원특별자치도 강릉시 강동면 언별리,1997-06-05,2006-12-20,1,주수원,1600,11.1,9.8,156,10,200,필댐(죤형),657304,150.4,37.8,994,972,22,취수탑형,211.3,209.3,188,033-650-3200
4221010001,강원,영북,신흥,강원특별자치도 속초시 노학동 ,1987-11-12,1988-03-30,2,보조수원,134.5,4.5,4.2,30,10,200,필댐(죤형),2970,55,6.1,6.6,6.5,0.1,사통형,59.2,58.5,56,033-630-0121
4223010001,강원,강릉,미로,강원특별자치도 삼척시 미로면 고천리,1955-12-18,1966-12-31,1,주수원,1075,6.1,5.8,51.5,10,200,필댐(죤형),87017,106,21.3,311.1,311,0.1,사통형,74.3,71.8,61,033-650-3200
4223010003,강원,강릉,기곡,강원특별자치도 삼척시 원덕읍 기곡리,1955-12-18,1973-12-30,2,주수원,1200,3.98,3.39,31.4,10,200,필댐(죤형),58384,140,12.3,167,97.8,69.2,사통형,83.3,81.7,76.5,033-650-3200
4223010004,강원,강릉,초당,강원특별자치도 삼척시 근덕면 상맹방리,1963-12-14,1969-12-30,1,주수원,440,18.2,17.3,95.9,10,200,필댐(죤형),39528,160,12.2,921.9,921.9,0,사통형,19.43,18.1,9,033-650-3200
4272010001,강원,홍천.춘천,와동,강원특별자치도 홍천군 홍천읍 와동리,1969-01-01,1977-01-01,2,보조수원,36,1.5,1.4,3.7,10,100,필댐(죤형),28800,75,12,100,100,0,사통형,146.2,145.6,136,033-430-9506
4272010004,강원,홍천.춘천,상오안,강원특별자치도 홍천군 홍천읍 상오안리,1978-11-30,1982-09-30,1,주수원,500,8.14,6.4,78.2,10,200,필댐(죤형),241920,120,28,653,639,14,사통형,220.4,219.2,204,033-430-9506
4272010006,강원,홍천.춘천,굴운,강원특별자치도 홍천군 화촌면 굴운리,1969-06-24,1977-01-11,1,주수원,988,17,14.89,147.5,10,100,필댐(죤형),198872,137,23.7,1121,1079,42,사통형,179.6,178,163.5,033-430-9506
4272010012,강원,홍천.춘천,생곡,강원특별자치도 홍천군 서석면 생곡리,1978-12-19,1985-05-31,1,주수원,1313,22.75,21.83,207.7,10,100,필댐(죤형),265074,275,29,2231,2230,1,사통형,400.4,399.2,377,033-430-9506
4272010015,강원,홍천.춘천,속초,강원특별자치도 홍천군 영귀미면 속초리,1955-01-01,1959-01-01,1,주수원,290,6.42,5.6,32.2,10,100,필댐(죤형),88185,159,15.6,326,321,5,사통형,241.59,240.5,231,033-430-9506
4272010020,강원,홍천.춘천,개운,강원특별자치도 홍천군 영귀미면 후동리,1972-03-23,1975-12-30,1,주수원,474,13.6,13,102.8,10,200,필댐(죤형),280000,224,39.7,1649,1636,13,취수탑형,246.8,245.8,222.5,033-430-9506
4272010021,강원,홍천.춘천,좌운,강원특별자치도 홍천군 영귀미면 좌운리,1955-11-17,1959-12-31,1,주수원,1985,31.7,24.9,110,10,100,필댐(죤형),127000,187,14.9,1368,1368,0,사통형,268.4,266.9,255.5,033-430-9506
4272010024,강원,홍천.춘천,시동,강원특별자치도 홍천군 남면 시동리,1940-09-12,1949-09-20,2,주수원,147.9,7,4.69,42.4,10,200,필댐(죤형),85344,136,17.8,239,228,11,사통형,254.7,253.8,245,033-430-9506
4272010025,강원,홍천.춘천,유치,강원특별자치도 홍천군 남면 유치리,1940-09-12,1948-03-31,1,주수원,320,11,7.88,71.3,10,200,필댐(죤형),125183,354,11.5,490,480,10,사통형,255.4,254.5,248.5,033-430-9506
4272010026,강원,홍천.춘천,월천1호,강원특별자치도 홍천군 남면 월천리,1945-03-14,1948-03-31,2,주수원,140,4,0.92,7.6,10,200,필댐(죤형),60480,90,16,37,36,1,사통형,230.8,229.5,222,033-430-9506
4272010027,강원,홍천.춘천,월천2호,강원특별자치도 홍천군 남면 월천리,1940-09-12,1948-03-31,2,주수원,100,3,3,7.3,10,200,필댐(죤형),19470,60,11,7,7,0,사통형,211.2,210,206.5,033-430-9506
4272010034,강원,홍천.춘천,화동,강원특별자치도 홍천군 북방면 화동리,1944-11-28,1945-12-31,2,보조수원,1,0.2,0.2,1,10,100,필댐(죤형),2609,22,6.5,3,2.8,0.2,사통형,144,143,140.6,033-430-9506
4272010035,강원,홍천.춘천,대룡,강원특별자치도 홍천군 북방면 성동리,1949-11-15,1957-10-13,1,주수원,1130,25,21,201.6,10,200,필댐(죤형),488599,354,23.1,1609,1609,0,사통형,181.2,180,165,033-430-9506
4272010044,강원,홍천.춘천,청량,강원특별자치도 홍천군 서석면 청량리,1994-01-01,2000-01-01,1,주수원,930,13,12.6,65.9,10,200,필댐(죤형),101455,202,27.2,706,662,44,취수탑형,280.5,280,269,033-430-9506
4272010045,강원,홍천.춘천,노천,강원특별자치도 홍천군 영귀미면 노천리,1997-10-14,2001-12-20,1,주수원,490,13.2,8.2,110,10,200,필댐(죤형),178538,170,20.1,492,480,12,사통형,318.6,317.1,305,033-430-9506
4273010017,강원,홍천.춘천,반곡,강원특별자치도 횡성군 횡성읍 반곡리,1956-12-11,1962-05-30,2,주수원,152,8.9,8.16,35.6,10,100,필댐(죤형),41991,139,10.56,270,267,3,사통형,120.3,119.1,114,033-430-9506
4273010021,강원,홍천.춘천,우천,강원특별자치도 횡성군 우천면 법주리,1955-09-22,1961-12-30,1,주수원,3040,23.15,21.6,177.3,5,200,필댐(죤형),125856,230,15.8,949,949,0,사통형,212.15,209.7,200.5,033-430-9506
4273010028,강원,홍천.춘천,오원,강원특별자치도 횡성군 우천면 오원리,1971-12-27,1977-12-30,1,주수원,1500,19.17,12.5,118,10,200,필댐(죤형),503438,159,26,1030,1024,6,사통형,275.83,274,257.3,033-430-9506
4273010039,강원,홍천.춘천,율동,강원특별자치도 횡성군 갑천면 율동리,1943-01-01,1946-01-01,2,주수원,90,2.5,2,14.6,10,200,필댐(죤형),33003,167,8.5,62,59,3,사통형,230.4,229.2,224.7,033-430-9506
4273010040,강원,홍천.춘천,추동,강원특별자치도 횡성군 갑천면 삼거리,1976-05-13,1979-11-30,1,주수원,310,12.4,11.5,67.8,10,200,필댐(죤형),177462,289,21,712,708,4,사통형,194.5,193.5,181,033-430-9506
4273010053,강원,홍천.춘천,부곡,강원특별자치도 횡성군 강림면 부곡리,1985-06-25,1992-11-17,1,주수원,530,8.19,7.5,60.1,10,200,필댐(죤형),578946,228,31.5,595,595,0,사통형,554.3,553.3,535,033-430-9506
4273010054,강원,홍천.춘천,창봉,강원특별자치도 횡성군 공근면 창봉리,2004-12-21,2014-06-30,1,주수원,400,6.76,6.22,192,10,200,필댐(죤형),355030,162,48.4,882,799,83,취수탑형,298.5,297,274,033-430-9506
4276010002,강원,원주,계촌,강원특별자치도 평창군 방림면 계촌리,1987-03-02,1994-01-01,2,주수원,1900,5.6,4.24,70.5,10,200,콘크리트댐(중력형),9740,151,21.5,256,256,0,취수탑형,567.8,565.3,556,033-749-1677
4276010003,강원,원주,신리,강원특별자치도 평창군 대화면 신리,1995-12-29,2004-03-29,1,주수원,710,10.9,9.8,202,10,200,필댐(죤형),201.2,179,34.5,929,882,47,취수탑형,544.8,543.3,526.6,033-749-1677
4278010003,강원,철원,산명호,강원특별자치도 철원군 철원읍 외촌리,1923-12-01,1930-12-01,1,주수원,4670,85,79,328,10,200,필댐(죤형),840187,1143,5,3720,3489,231,사통형,209.3,207,199.3,033-450-1322
4278010005,강원,철원,용화,강원특별자치도 철원군 갈말읍 신철원리,1958-12-22,1961-12-31,1,주수원,1400,30.78,28.5,233.2,10,200,필댐(죤형),39425,227,17.6,2043,2019,24,취수탑형,251.8,250,236,033-450-1322
4278010011,강원,철원,학,강원특별자치도 철원군 동송읍 관우리,1922-10-04,1923-12-20,1,주수원,2600,167,77.8,383,10,200,필댐(죤형),38392,595,5,1730,1427,303,사통형,186.7,186.4,183.7,033-450-1322
4278010012,강원,철원,금연,강원특별자치도 철원군 동송읍 오지리,1959-12-21,1961-12-30,1,주수원,394,21,20,234.8,10,200,필댐(죤형),104204,239,12.3,890,890,0,사통형,194.1,193.1,183.1,033-450-1322
4278010014,강원,철원,하갈,강원특별자치도 철원군 동송읍 하갈리,1962-03-10,1963-12-31,2,보조수원,116,10.9,9.5,37,10,200,필댐(죤형),21583,383,4.8,101,101,0,사통형,224.6,224.2,220.8,033-450-1322
4278010015,강원,철원,토교,강원특별자치도 철원군 동송읍 양지리,1966-12-03,1976-12-30,1,주수원,2370,362,334.8,1313.7,10,200,필댐(죤형),524480,880,10,25409,17412,7997,취수탑형,210.2,209.5,202,033-450-1322
4278010016,강원,철원,동송,강원특별자치도 철원군 동송읍 강산리,1971-04-17,1977-12-01,1,주수원,1827,79,74.9,802.3,10,200,필댐(죤형),646485,1965,10.4,3859,3770,89,취수탑형,263,262.2,255,033-450-1322
4278010021,강원,철원,잠곡,강원특별자치도 철원군 근남면 잠곡리,1992-05-15,2003-12-30,1,주수원,1970,41.5,40,824.6,10,200,필댐(죤형),1006740,255,42,4364,4279,85,취수탑형,427.7,425.6,400,033-450-1322
4278010031,강원,철원,풍암,강원특별자치도 철원군 근남면 풍암리,2007-03-01,2020-06-30,1,주수원,520,13.53,12.27,0,10,200,필댐(죤형),745554,271,51.8,1801,1680,121,취수탑형,326,324.3,301.5,033-450-1322
4280010011,강원,홍천.춘천,월운,강원특별자치도 양구군 동면 월운리,1957-01-01,1962-01-01,1,주수원,1040,27.5,24.2,114,10,200,필댐(죤형),225134,272,17.8,1183,1171,12,사통형,324.8,323.4,312.5,033-430-9506
4280010012,강원,홍천.춘천,만대,강원특별자치도 양구군 해안면 만대리,2002-08-16,2010-06-30,1,주수원,560,9.96,9.41,180,10,200,필댐(균일형),880186,262,38.15,1075,989,86,취수탑형,561.45,560,541,033-430-9506
4282010004,강원,영북,송강,강원특별자치도 고성군 거진읍 냉천리,1971-05-03,1975-12-31,1,주수원,1259,29.73,27.93,340,10,200,필댐(코어형),42000,138,31.1,2672,2669,3,취수탑형,97.1,96,74,033-630-0121
4282010011,강원,영북,도원,강원특별자치도 고성군 토성면 도원리,1963-07-24,1970-12-30,1,주수원,2605,40.2,38.8,502,10,200,필댐(죤형),314025,183,26,2953.8,2947.6,6.2,취수탑형,97.16,94.54,79.24,033-630-0121
4282010012,강원,영북,원암,강원특별자치도 속초시 노학동 ,1959-06-08,1963-11-30,1,주수원,1419,17.36,15.79,191.2,10,200,필댐(죤형),241580,298,25.9,1318.2,1305.5,12.7,취수탑형,129.2,126.5,109.5,033-630-0121
4282010013,강원,영북,인흥,강원특별자치도 고성군 토성면 인흥리,2001-12-11,2009-12-30,1,주수원,400,17.8,16.31,160,10,200,필댐(죤형),254691,183,41,1800.8,1540.5,260.3,취수탑형,67,65.8,46,033-630-0121
4282010014,강원,영북,인정,강원특별자치도 고성군 간성읍 선유실리,1996-10-17,2009-12-30,1,주수원,1021,21.5,20.3,397,10,150,필댐(죤형),157520,272,45.4,3137.5,2765,372.5,취수탑형,187.8,186.3,156,033-630-0121
4282010032,강원,영북,화곡,강원특별자치도 고성군 현내면 마달리,2016-11-30,2021-12-30,1,주수원,1223.6,14.6,13.6,0,10,200,필댐(죤형),206455,178,30,1313.7,1270,43.7,취수탑형,108.8,107.3,90,033-630-0121
4283010010,강원,영북,설악,강원특별자치도 양양군 강현면 둔전리,1976-07-13,1980-12-30,1,주수원,1556,11.88,10.8,227.7,10,200,필댐(죤형),411761,179,41.9,1438,1403,35,취수탑형,206.2,204.8,175.8,033-630-0121
4283010025,강원,영북,현남,강원특별자치도 양양군 현남면 하월천리,2010-12-14,2015-12-31,1,주수원,802,13.7,12.6,0,10,200,필댐(죤형),94809,342,42,1602,1538,64,취수탑형,104.5,103,79,033-630-0121
4311010006,충북,청주,용정,충청북도 청주시 상당구 용정동,1956-01-01,1959-12-31,1,주수원,186,4.5,3.9,17.8,5,200,필댐(죤형),130292,139.5,18.6,304,304,0,사통형,109.6,108.6,99,043-290-0521
4311110011,충북,청주,삼산,충청북도 청주시 상당구 낭성면 삼산리,2017-11-07,2021-12-30,1,주수원,220.1,8.27,7.74,0,10,200,필댐(균일형),657200,116.5,22.4,717,599,118,사통형,329.4,328.4,318,043-290-0521
4313010002,충북,충주.제천.단양,호암,충청북도 충주시 호암동,1922-09-13,1924-03-31,1,주수원,1006,30,28.7,194,10,100,필댐(죤형),38250,255,10,1047,1030,17,사통형,103.39,102.89,95.79,043-841-3000
4313010003,충북,충주.제천.단양,대제,충청북도 충주시 호암동,1915-03-05,1917-03-05,2,주수원,351,10,9.7,70,10,200,필댐(죤형),11040,230,8,255,223,32,사통형,104.09,102.89,99.29,043-841-3000
4313010014,충북,충주.제천.단양,화곡,충청북도 충주시 주덕읍 화곡리,1978-03-01,1982-01-01,1,주수원,388,17,16.7,113,10,100,필댐(죤형),38250,143,17.7,873,861,12,사통형,123.2,122.2,113,043-841-3000
4313010022,충북,충주.제천.단양,한두골,충청북도 충주시 살미면 내사리,1966-01-01,1966-12-30,2,보조수원,30,2,2,2,3,10,필댐(죤형),6510,186,5.6,14,12,2,기타,157.3,157,151,043-841-3000
4313010024,충북,충주.제천.단양,중산,충청북도 충주시 수안보면 중산리,1978-01-01,1982-01-01,1,주수원,798,20.9,19.9,215,10,100,필댐(죤형),146520,180,40.7,2497,2270,227,취수탑형,210,209,184,043-841-3000
4313010028,충북,충주.제천.단양,흑평,충청북도 충주시 대소원면 완오리,1945-03-01,1945-12-30,2,보조수원,24,0.45,0.3,18,10,200,필댐(죤형),3780,105,3.6,3,3,0,사통형,97.3,97,94.9,043-841-3000
4313010029,충북,충주.제천.단양,부연,충청북도 충주시 대소원면 만정리,1968-03-01,1968-12-30,2,보조수원,303,2.5,2.3,19.2,10,20,필댐(죤형),6860,98,7,67,67,0,사통형,99.3,99,94,043-841-3000
4313010036,충북,충주.제천.단양,용당,충청북도 충주시 신니면 문숭리,1945-01-01,1949-01-01,1,주수원,2873,111.8,94.1,927,10,100,필댐(죤형),75180,266,19,6930,6831,99,사통형,128.6,128.1,117,043-841-3000
4313010039,충북,충주.제천.단양,광월,충청북도 충주시 신니면 문락리,1989-01-01,1994-01-01,1,주수원,400,10,8.8,98,10,200,필댐(죤형),284256,144,28,676,635,41,사통형,193,192,178,043-841-3000
4313010044,충북,충주.제천.단양,대덕,충청북도 충주시 노은면 대덕리,1953-01-01,1959-01-01,1,주수원,550,17,15.9,160,5,100,필댐(죤형),102465,225,13.9,780,750,30,사통형,112.7,111.5,101,043-841-3000
4313010046,충북,충주.제천.단양,진골,충청북도 충주시 노은면 신효리,1945-01-01,1945-12-31,2,보조수원,32,0.72,0.72,7.4,10,20,필댐(죤형),1625,100,8,4,4,0,취수탑형,139.3,139,137,043-841-3000
4313010049,충북,충주.제천.단양,상촌,충청북도 충주시 노은면 수룡리,1977-01-01,1978-01-01,2,보조수원,49,1,0.7,12,10,20,필댐(죤형),14259,114,18,9,9,0,사통형,165.4,165,162,043-841-3000
4313010050,충북,충주.제천.단양,모점,충청북도 충주시 앙성면 모점리,1961-01-01,1969-01-01,1,주수원,857,126.14,24.2,179,10,200,필댐(죤형),43582,149,19.5,1506,1484.6,21.4,취수탑형,103.2,102,89,043-841-3000
4313010051,충북,충주.제천.단양,목미,충청북도 충주시 앙성면 목미리,1992-03-02,1996-01-01,1,주수원,153,6.5,6.1,16,10,200,필댐(죤형),290304,168,24,436,378,58,사통형,129,127.5,113,043-841-3000
4313010052,충북,충주.제천.단양,복성,충청북도 충주시 앙성면 지당리,1959-03-02,1960-12-30,1,주수원,747,19.9,17,136,10,200,필댐(죤형),36247,179,16.2,980,967,13,사통형,98.7,97.5,85.5,043-841-3000
4313010068,충북,충주.제천.단양,추평,충청북도 충주시 엄정면 추평리,1976-01-01,1981-01-01,1,주수원,1610,46.5,44,488,10,100,필댐(죤형),151632,414,29.5,4932.6,4555,377.6,취수탑형,141,139.5,122,043-841-3000
4313010070,충북,충주.제천.단양,오량골,충청북도 충주시 소태면 복탄리,1945-01-01,1946-01-01,2,보조수원,90,1.2,0.9,4.7,10,20,필댐(죤형),4635,103,4.5,8,7.7,0.3,사통형,70.3,70,67.8,043-841-3000
4313010080,충북,충주.제천.단양,송강,충청북도 충주시 산척면 송강리,1997-12-24,2005-12-21,1,주수원,440,10.6,10.3,235,10,200,필댐(죤형),446215,291,43,1232,1077,155,사통형,200,198.7,181,043-841-3000
4313010081,충북,충주.제천.단양,구룡(충주),충청북도 충주시 소태면 구룡리,2002-12-10,2008-12-28,1,주수원,236,7.7,7,120,10,200,필댐(죤형),800028,313,35.73,750.3,663,87.3,사통형,187.64,186.44,165,043-841-3000
4313010082,충북,충주.제천.단양,장저울,충청북도 충주시 주덕읍 장록리,2003-01-01,2009-05-07,2,주수원,50.8,4.56,4.08,40,10,200,필댐(죤형),94558,183,23,212.2,173.4,38.8,사통형,128,127,119,043-841-3000
4315010001,충북,충주.제천.단양,신대,충청북도 제천시 신월동,1947-01-01,1949-01-01,2,보조수원,300,2,1.9,5,10,20,필댐(죤형),7560,270,4,38,38,0,사통형,269.8,269,266,043-841-3000
4315010003,충북,충주.제천.단양,유등,충청북도 제천시 청전동,1947-01-01,1949-01-01,2,보조수원,50,3,2.8,9,10,20,필댐(죤형),14000,350,4,47,45,2,사통형,270.7,270,267,043-841-3000
4315010004,충북,충주.제천.단양,의림,충청북도 제천시 모산동,1947-01-01,1949-01-01,1,주수원,750,17,15.3,197,10,100,필댐(죤형),83700,310,15,501,501,0,사통형,319,318,305,043-841-3000
4315010005,충북,충주.제천.단양,비룡담,충청북도 제천시 송학면 도화리,1968-01-01,1970-01-01,1,보조수원,630,9,8.4,197,10,200,필댐(죤형),237387,221,21,621,621,0,사통형,369.1,368,350,043-841-3000
4315010013,충북,충주.제천.단양,유암,충청북도 제천시 두학동,1957-01-01,1959-01-01,1,주수원,1380,13.35,11,97,10,100,필댐(죤형),25830,115,10,394,394,0,사통형,288.5,287,272,043-841-3000
4315010020,충북,충주.제천.단양,용하,충청북도 제천시 산곡동,1952-01-01,1959-01-01,2,주수원,80,3.3,3,28,10,100,필댐(죤형),32913,106,20.7,195,175,20,사통형,300,299.2,287,043-841-3000
4315010024,충북,충주.제천.단양,백곡,충청북도 제천시 봉양읍 미당리,1952-01-01,1959-01-01,1,주수원,217,5.4,4.9,96,10,200,필댐(죤형),69696,264,17.6,342,317,25,사통형,328.7,327.5,312.5,043-841-3000
4315010025,충북,충주.제천.단양,대미론,충청북도 제천시 봉양읍 미당리,1958-01-01,1959-01-01,2,보조수원,82,0.25,0.2,2,10,20,필댐(죤형),0,150,4,5,5,0,사통형,250.5,250,246,043-841-3000
4315010026,충북,충주.제천.단양,매곡,충청북도 제천시 봉양읍 명도리,1952-05-30,1959-01-01,2,주수원,2212,6.5,5.9,68,10,200,필댐(죤형),9852,88.9,12.3,183,179,4,취수탑형,253,252,240,043-841-3000
4315010031,충북,충주.제천.단양,구룡,충청북도 제천시 금성면 구룡리,1945-01-01,1948-01-01,2,보조수원,12,0.13,0.1,4,10,20,필댐(죤형),1512,72,5,4,4,0,사통형,141,140,136,043-841-3000
4315010034,충북,충주.제천.단양,월림,충청북도 제천시 금성면 위림리,1952-01-01,1959-01-01,1,주수원,190,8,5.9,46,10,100,필댐(죤형),28290,115,16.4,353,330,23,사통형,146,145,131,043-841-3000
4315010035,충북,충주.제천.단양,콩밭골,충청북도 제천시 금성면 월림리,1959-01-01,1959-12-30,2,보조수원,100,0.2,0.2,5,10,10,필댐(죤형),1014,93,4,3,3,0,기타,146,145,142,043-841-3000
4315010047,충북,충주.제천.단양,선고,충청북도 제천시 덕산면 선고리,1992-01-01,1998-01-01,1,주수원,350,7,6.5,59,10,200,필댐(죤형),171873,219,25.6,635.9,549,86.9,취수탑형,363.6,362.4,347,043-841-3000
4315010049,충북,충주.제천.단양,백마,충청북도 제천시 백운면 방학리,1952-01-01,1959-01-01,1,주수원,840,19,17,183,10,100,필댐(죤형),136382,287,26.4,1516,1496,20,사통형,299.2,298.2,276.2,043-841-3000
4315010056,충북,충주.제천.단양,적성,충청북도 단양군 적성면 상리,1996-01-01,2000-01-01,2,주수원,220,3.5,2.93,54,10,200,필댐(죤형),1,162.5,36,249,209,40,사통형,319,318,305,043-841-3000
4315010094,충북,충주.제천.단양,도기,충청북도 제천시 덕산면 도기리,2009-03-10,2015-12-20,1,주수원,301,5.9,5.7,0,10,200,필댐(코어형),0,263,40,658.6,596.7,61.9,취수탑형,488,487,470,043-841-3000
4371010011,충북,청주,중리,충청북도 청주시 상당구 미원면 중리,1980-01-01,1984-12-31,1,주수원,246,15.2,13.8,63.4,10,200,필댐(죤형),78260,206,15.8,697.4,688.6,8.8,사통형,283.13,282.3,270.3,043-290-0521
4371010015,충북,청주,용곡,충청북도 청주시 상당구 미원면 용곡리,2010-11-29,2012-12-31,1,주수원,1246,29.8,29.8,157,10,200,필댐(죤형),143881,182,18,1814.9,1813.5,1.4,사통형,272.8,271.3,256,043-290-0521
4371010034,충북,청주,한계,충청북도 청주시 상당구 가덕면 한계리,2009-12-16,2011-12-30,1,주수원,545,22.4,20.6,160,10,200,필댐(죤형),153829,174,21,1566.5,1550,16.5,취수탑형,162.3,162,149,043-290-0521
4371010073,충북,청주,노현,충청북도 청주시 상당구 문의면 노현리,1985-01-01,1987-12-31,1,주수원,430,10,9.6,125.8,10,200,필댐(죤형),67051,180,33.2,941.7,928.9,12.8,사통형,151,149.5,128,043-290-0521
4371010080,충북,청주,하석,충청북도 청주시 서원구 현도면 하석리,2008-12-24,2012-12-20,2,보조수원,45,0.33,0.3,4.3,5,50,콘크리트댐(중력형),507,31,8,4.7,4.6,0.1,사통형,126,125,120,043-290-0521
4371010081,충북,청주,노산,충청북도 청주시 서원구 현도면 노산리,1945-01-01,1945-12-31,2,주수원,111,1.3,1,3,10,100,필댐(죤형),930,130,4,27.6,27.6,0,사통형,39.8,38.8,34.4,043-290-0521
4371010095,충북,청주,학천,충청북도 청주시 흥덕구 강내면 학천리,1963-01-01,1963-12-31,2,보조수원,37,0.9,0.85,1,3,50,필댐(죤형),6760,70,4,20,20,0,사통형,41,40,37,043-290-0521
4371010100,충북,청주,사암,충청북도 청주시 흥덕구 오송읍 공북리,1952-01-01,1957-12-31,1,주수원,157,9,6.2,77.7,10,200,필댐(죤형),10000,149,14.3,400,400,0,사통형,64.5,63.5,52,043-290-0521
4371010105,충북,청주,연제,충청북도 청주시 흥덕구 오송읍 연제리,1922-01-01,1923-12-31,1,주수원,630,26,23,463.4,3,200,필댐(죤형),10000,489,6.7,519.3,519.3,0,사통형,37,35.5,31,043-290-0521
4371010109,충북,청주,소로,충청북도 청주시 흥덕구 옥산면 소로리,1952-01-01,1952-12-31,2,주수원,200,3.3,3,36.1,3,200,필댐(죤형),10000,135,8.5,97,97,0,사통형,54.45,54,48,043-290-0521
4371010140,충북,청주,부연,충청북도 청주시 청원구 북이면 부연리,1956-01-01,1960-12-31,2,주수원,178,5.56,4.87,66.6,10,200,필댐(죤형),126827,148,16,273,254.7,18.3,사통형,101,99,85,043-290-0521
4371010156,충북,청주,비홍,충청북도 청주시 청원구 내수읍 비상리,1956-01-01,1960-12-31,1,주수원,228,7.6,7.5,75.1,10,200,필댐(죤형),150556,300,18.4,477.6,477.6,0,사통형,118.1,117.1,101,043-290-0521
4371010161,충북,청주,인평,충청북도 청주시 청원구 내수읍 우산리,1956-01-01,1960-12-31,2,주수원,190,4.1,3.8,69.1,3,200,필댐(죤형),133373,215,16.3,185.4,185.4,0,사통형,131.1,130.1,116,043-290-0521
4371010169,충북,청주,장동,충청북도 청주시 흥덕구 옥산면 장동리,1996-01-01,2000-12-31,1,주수원,240,6.88,6.48,106,10,200,필댐(죤형),130.3,176.5,29,493.38,469.38,24,사통형,101.7,100.7,82,043-290-0521
4371010170,충북,청주,오창,충청북도 청주시 청원구 오창읍 성산리,2005-07-25,2012-12-31,1,주수원,3310,116,101,857,10,200,필댐(코어형),172000,202,26.7,7590,6390,1200,취수탑형,93.8,92,83,043-290-0521
4372010008,충북,보은,구룡,충청북도 보은군 보은읍 종곡리,1965-10-12,1969-12-31,1,주수원,250,12.5,10,84.4,10,100,필댐(죤형),159678,135,20.4,634.1,634.1,0,사통형,198.43,197.43,183,043-540-2500
4372010012,충북,보은,노티,충청북도 보은군 보은읍 노티리,1991-12-26,1999-12-23,1,주수원,197,9.8,8.6,92.3,10,100,필댐(죤형),180325,220,28.1,711,633,78,사통형,227.24,226.26,210.26,043-540-2500
4372010017,충북,보은,박석,충청북도 보은군 장안면 장재리,1952-01-01,1957-01-01,1,주수원,328,9.5,8.05,91.3,10,100,필댐(죤형),53200,138,18.4,513.7,513.7,0,사통형,227.96,228.8,212.5,043-540-2500
4372010019,충북,보은,백록,충청북도 보은군 마로면 세중리,1979-01-01,1981-01-01,1,주수원,1520,18.5,16.41,133.4,10,100,필댐(죤형),52312,250,13.5,818.1,765.3,52.8,사통형,159.5,158.5,151,043-540-2500
4372010022,충북,보은,증상골,충청북도 보은군 마로면 갈평리,1945-01-01,1945-12-31,2,보조수원,269,3,2,15,10,100,필댐(죤형),16563,107,6,51.7,47.1,4.6,사통형,209.26,208.5,203,043-540-2500
4372010023,충북,보은,송평,충청북도 보은군 마로면 갈평리,1978-01-01,1981-01-01,1,주수원,314,12.5,10.67,80.4,10,100,필댐(죤형),195691,234,18.2,787.8,787.8,0,사통형,203.98,203,188.32,043-540-2500
4372010024,충북,보은,석화,충청북도 보은군 탄부면 덕동리,1945-01-01,1945-12-31,2,보조수원,60,1.1,0.8,13.2,10,100,필댐(죤형),8640,150,6,14.7,14.7,0,,208,207,202,043-540-2500
4372010028,충북,보은,선지,충청북도 보은군 삼승면 원남리,1945-01-01,1945-12-31,2,보조수원,0.94,0.49,0.43,14.2,10,100,필댐(죤형),18375,108,5,11,11,0,사통형,158,157,153,043-540-2500
4372010029,충북,보은,증구지,충청북도 보은군 삼승면 탄금리,1945-01-01,1945-12-31,2,보조수원,15.6,0.6,0.4,1.6,10,100,필댐(죤형),3263,58,5,6.6,6,0.6,사통형,157.8,157,154,043-540-2500
4372010033,충북,보은,턱골,충청북도 보은군 삼승면 송죽리,1945-01-01,1945-12-31,2,보조수원,6.3,1.5,0.4,7,10,100,필댐(죤형),6570,73,6,8.3,8,0.3,사통형,159.8,159,154,043-540-2500
4372010036,충북,보은,둔덕,충청북도 보은군 삼승면 둔덕리,1945-01-01,1945-12-31,2,보조수원,154.8,1.85,1.68,25,10,100,필댐(죤형),63000,140,7,55.5,55.5,0,사통형,150,149,146,043-540-2500
4372010037,충북,보은,양지말,충청북도 보은군 삼승면 둔덕리,1945-01-01,1945-12-31,2,보조수원,21.9,0.4,0.25,6,10,100,필댐(죤형),7058,93,6,4.7,4.7,0,사통형,168.5,168,165,043-540-2500
4372010042,충북,보은,보청,충청북도 보은군 수한면 병원리,1976-01-01,1981-01-01,1,주수원,2271,39.6,39.6,985.6,10,200,필댐(코어형),1061161,418,36.75,5562,5561,1,취수탑형,212.9,211.6,180.1,043-540-2500
4372010051,충북,보은,쌍암,충청북도 보은군 회인면 쌍암리,1979-01-01,1984-01-01,1,주수원,630,12.44,10.78,127,10,200,필댐(죤형),204868,154,22.5,854,795.1,58.9,사통형,217.1,216.1,199.4,043-540-2500
4372010054,충북,보은,도원,충청북도 보은군 내북면 도원리,1976-01-01,1978-01-01,1,주수원,284,9.6,8.05,83.9,10,200,필댐(죤형),64014,143.8,18,548.8,546.8,2,사통형,275.66,274.7,262.2,043-540-2500
4372010057,충북,보은,궁,충청북도 보은군 내북면 신궁리,1944-12-13,1954-12-30,1,주수원,1245,67.9,67.9,392,10,100,필댐(죤형),206532,415,31.2,8367,8222,145,취수탑형,260.42,258.8,238.9,043-540-2500
4372010111,충북,보은,비룡,충청북도 보은군 장안면 서원리,2001-12-21,2017-12-20,1,주수원,4226,83.9,83.9,0,10,200,필댐(죤형),33648,170,49,8236,8163,73,취수탑형,256.9,255.4,229.2,043-540-2500
4372010117,충북,보은,대원,충청북도 보은군 산외면 대원리,2016-09-30,2020-12-23,2,주수원,130,4.71,4.19,0,10,200,필댐(코어형),96000,101,20,248.8,232.1,16.7,사통형,335,334,325,043-540-2500
4372010119,충북,보은,수한,충청북도 보은군 수한면 동정리,2019-06-26,2023-12-29,1,주수원,342.1,11.66,10.84,0,10,200,필댐(죤형),211478,150,29.9,1110.55,1040.36,70.19,사통형,297,295.5,280,043-540-2500
4373010002,충북,옥천.영동,교동,충청북도 옥천군 옥천읍 교동리,1955-01-01,1962-01-01,1,주수원,240,8.42,7.8,30,10,200,필댐(죤형),5320,133,15.2,359,359,0,사통형,127.8,127.2,108.5,043-730-2500
4373010008,충북,옥천.영동,가풍,충청북도 옥천군 옥천읍 가풍리,1955-01-01,1962-01-01,2,주수원,65,1.59,1.5,11.4,10,200,필댐(죤형),3248,116,10.8,33,33,0,사통형,190.9,190,184.7,043-730-2500
4373010009,충북,옥천.영동,삼청,충청북도 옥천군 옥천읍 삼청리,1955-05-10,1962-12-30,2,주수원,112,4.59,4.5,70.4,3,200,필댐(죤형),12120,303,15.9,231,231,0,사통형,161.8,161,151.7,043-730-2500
4373010010,충북,옥천.영동,용암,충청북도 옥천군 옥천읍 삼청리,1955-01-01,1962-01-01,1,주수원,204,10,9.3,71.4,5,200,필댐(죤형),11036,310,13.1,432,432,0,사통형,134.9,134.1,125.2,043-730-2500
4373010011,충북,옥천.영동,대천,충청북도 옥천군 옥천읍 대천리,1939-01-01,1940-01-01,2,보조수원,45,0.6,0.3,2,10,50,필댐(죤형),680,40,5,10,9.5,0.5,사통형,141.4,141,137.5,043-730-2500
4373010012,충북,옥천.영동,마항,충청북도 옥천군 옥천읍 마암리,1943-01-01,1944-01-01,2,보조수원,30,1.3,0.3,2.9,5,50,필댐(죤형),845,65,6,10,9.5,0.5,취수탑형,126,125.7,122.5,043-730-2500
4373010013,충북,옥천.영동,양수,충청북도 옥천군 옥천읍 양수리,1950-01-01,1950-12-30,2,보조수원,20,0.4,0.4,2,5,100,필댐(죤형),660,60,12,10,10,0,사통형,139.9,139.5,136.5,043-730-2500
4373010016,충북,옥천.영동,계룡곡,충청북도 옥천군 동이면 평산리,1942-01-01,1943-01-01,2,보조수원,41,1.4,1.1,5,5,100,필댐(죤형),1627,72,7,30,30,0,사통형,109.6,108.6,106,043-730-2500
4373010019,충북,옥천.영동,천곡,충청북도 옥천군 동이면 금암리,1942-01-01,1943-12-30,2,보조수원,9,1,1,2,5,100,필댐(죤형),640,40,4,15,15,0,사통형,112.9,112.5,109.8,043-730-2500
4373010020,충북,옥천.영동,당수평,충청북도 옥천군 동이면 금암리,1940-01-01,1941-01-01,2,보조수원,29,0.6,0.3,1,5,100,필댐(죤형),992,43,9,10,9.5,0.5,사통형,104.2,103.9,100,043-730-2500
4373010021,충북,옥천.영동,탑송곡,충청북도 옥천군 동이면 금암리,1945-01-01,1946-01-01,2,보조수원,27,0.6,0.3,1.8,5,50,필댐(죤형),728,40,6,10,9.8,0.2,사통형,84.4,83.9,80,043-730-2500
4373010022,충북,옥천.영동,준곡,충청북도 옥천군 동이면 지양리,1945-01-01,1945-12-30,2,보조수원,32,0.44,0.4,1,5,100,필댐(죤형),703,51,6,10,10,0,사통형,114.5,114,110,043-730-2500
4373010025,충북,옥천.영동,남평,충청북도 옥천군 안남면 지수리,1935-03-05,1936-11-30,2,보조수원,97,4.34,4.2,28,3,200,필댐(죤형),3907,117,15.3,102,102,0,사통형,123,122,114,043-730-2500
4373010027,충북,옥천.영동,누동,충청북도 옥천군 안남면 도덕리,1953-02-20,1962-11-21,2,주수원,98,2,2,15.6,3,200,필댐(죤형),4816,140,13.4,113,112.7,0.3,사통형,153.3,152.3,139.5,043-730-2500
4373010028,충북,옥천.영동,농암,충청북도 옥천군 안남면 화학리,1930-02-06,1931-06-30,1,주수원,490,9.98,9.6,217.3,10,200,필댐(죤형),6393,144,17.3,649,649,0,사통형,121,120,110,043-730-2500
4373010034,충북,옥천.영동,도이,충청북도 옥천군 안내면 도이리,1915-02-01,1927-03-31,2,보조수원,25,1,0.9,5,5,100,필댐(죤형),2380,140,6,27,26.9,0.1,사통형,135.1,134.5,130,043-730-2500
4373010036,충북,옥천.영동,서대,충청북도 옥천군 안내면 서대리,1942-02-01,1954-03-31,1,주수원,560,8.9,8.8,119.7,10,200,필댐(죤형),10531,225.5,18.6,578,578,0,사통형,142,141,130.4,043-730-2500
4373010044,충북,옥천.영동,장연,충청북도 옥천군 청성면 장연리,1989-01-01,1998-12-31,1,주수원,460,21,19,164.3,10,200,필댐(죤형),5000,154,43.6,2333,1906,427,사통형,201.8,200.8,186,043-730-2500
4373010047,충북,옥천.영동,한곡,충청북도 옥천군 청산면 한곡리,1984-01-01,1987-01-01,1,주수원,159,5.29,4.9,68.1,10,200,필댐(죤형),7575,166,22.16,415,415,0,사통형,185.75,184.75,167.5,043-730-2500
4373010052,충북,옥천.영동,목동,충청북도 옥천군 청산면 효목리,1978-01-01,1981-01-01,1,주수원,172,14.36,7.3,57.5,10,200,필댐(죤형),4610,114,18.4,478,450,28,사통형,162.9,162,149,043-730-2500
4373010054,충북,옥천.영동,의동,충청북도 옥천군 청산면 의지리,1978-01-01,1981-01-01,1,주수원,167,7,6.54,59,10,200,필댐(죤형),5796,137,19,425,417,8,사통형,166.6,165.7,153,043-730-2500
4373010058,충북,옥천.영동,장찬,충청북도 옥천군 이원면 장찬리,1967-01-01,1979-01-01,1,주수원,3547,37.8,37.15,474,10,200,필댐(죤형),16359,184,38.5,5389,4517,872,사통형,167,166,147.5,043-730-2500
4373010063,충북,옥천.영동,개심,충청북도 옥천군 이원면 개심리,1952-01-01,1955-01-01,1,주수원,1390,36.9,36,263.8,10,200,필댐(죤형),7610,168.3,17.4,1861,1861,0,사통형,144.9,143.5,130.2,043-730-2500
4373010072,충북,옥천.영동,지탄,충청북도 옥천군 이원면 지탄리,1930-01-01,1931-12-30,2,보조수원,154,3.3,3,2,3,200,필댐(죤형),2260,72,12,46,46,0,사통형,114.6,113.7,107.4,043-730-2500
4373010076,충북,옥천.영동,금산,충청북도 옥천군 군서면 금산리,1964-01-01,1964-12-30,2,보조수원,103,2.5,2,13,5,200,필댐(죤형),2172,60,13,75,75,0,사통형,133.3,132.3,125.6,043-730-2500
4373010077,충북,옥천.영동,명경,충청북도 옥천군 군서면 상지리,1944-04-08,1956-12-30,1,주수원,367,6.8,6.5,109.5,10,200,필댐(죤형),6319,109,19.4,414,414,0,사통형,147.1,146.2,134,043-730-2500
4373010078,충북,옥천.영동,삼방,충청북도 옥천군 청산면 삼방리,2006-12-20,2012-12-26,1,주수원,332,8.03,7.38,99.1,10,200,필댐(균일형),114400,162,21,452.2,425.7,26.5,취수탑형,175,174,163,043-730-2500
4374010013,충북,옥천.영동,가곡,충청북도 영동군 용산면 가곡리,1966-01-01,1967-01-01,2,보조수원,28,0.6,0.4,1,10,100,필댐(죤형),896,56,5,11,11,0,사통형,157.88,157.1,151.5,043-730-2500
4374010017,충북,옥천.영동,미전,충청북도 영동군 용산면 미전리,1966-01-01,1968-01-01,1,주수원,166,9,8.5,52.3,10,200,필댐(죤형),3528,93,16.3,412,385,27,사통형,180.4,179.6,171.5,043-730-2500
4374010027,충북,옥천.영동,추풍령,충청북도 영동군 추풍령면 추풍령리,1928-01-01,1928-12-30,1,주수원,1000,52.08,45.82,128.6,5,200,필댐(죤형),3960,123,21.7,2206.9,2205,1.9,취수탑형,254.9,253.7,240,043-730-2500
4374010035,충북,옥천.영동,강진,충청북도 영동군 매곡면 강진리,1978-01-01,1984-01-01,1,주수원,1430,14,12,160.3,10,200,필댐(죤형),13630,235,24.25,912,879,33,사통형,267.4,266.2,253,043-730-2500
4374010036,충북,옥천.영동,어촌,충청북도 영동군 매곡면 어촌리,1983-03-29,1985-08-31,1,주수원,218,5,4,102.5,10,200,필댐(죤형),11640,158,37,460,460,0,사통형,414,413,386.4,043-730-2500
4374010038,충북,옥천.영동,오리곡,충청북도 영동군 매곡면 공수리,1944-01-01,1945-01-01,2,보조수원,45,0.5,0.4,1,1,200,필댐(죤형),780,65,5,12,12,0,사통형,308.04,307.15,303.15,043-730-2500
4374010046,충북,옥천.영동,죽촌,충청북도 영동군 양강면 죽촌리,1945-01-01,1954-01-01,1,주수원,690,7.28,6.7,79.3,3,200,필댐(죤형),2997,81.3,18.5,386,381.1,4.9,사통형,212.4,211.2,198.7,043-730-2500
4374010047,충북,옥천.영동,산막,충청북도 영동군 양강면 산막리,1956-01-01,1963-01-01,1,주수원,1699,17,16.6,196.9,10,200,필댐(죤형),6731,127.5,19.8,971,955,16,사통형,232,231,217.7,043-730-2500
4374010048,충북,옥천.영동,지촌,충청북도 영동군 양강면 지촌리,1974-01-01,1975-01-01,2,주수원,570,4.6,3.8,30.1,10,200,필댐(죤형),3780,136,16.5,243,243,0,사통형,227.8,226.8,216.5,043-730-2500
4374010055,충북,옥천.영동,아암,충청북도 영동군 학산면 아암리,1975-01-01,1976-01-01,1,주수원,201,4.9,4.5,40.4,10,200,필댐(죤형),4841,103.5,19.8,306,304,2,사통형,206.1,205,190,043-730-2500
4374010059,충북,옥천.영동,봉소,충청북도 영동군 학산면 봉소리,1956-01-01,1963-01-01,1,주수원,510,14.2,13.7,103.4,10,200,필댐(죤형),7667,187,15.4,784,753,31,사통형,119.1,118,109,043-730-2500
4374010066,충북,옥천.영동,원계,충청북도 영동군 학산면 범화리,1967-01-01,1968-01-01,2,보조수원,41,0.5,0.5,8.4,10,200,필댐(죤형),1750,50,7,15,15,0,사통형,156.7,155.7,150.5,043-730-2500
4374010067,충북,옥천.영동,범화,충청북도 영동군 학산면 범화리,1979-06-15,1982-03-31,1,주수원,315,7,6.5,81.4,10,200,필댐(죤형),7392,140,28.6,651,586,65,사통형,212.3,211.3,196.5,043-730-2500
4374010069,충북,옥천.영동,오정,충청북도 영동군 양산면 죽산리,1962-01-01,1964-01-01,2,주수원,200,4.04,3.7,35.6,10,200,필댐(죤형),3256,88,17.4,208,208,0,사통형,182.6,181.6,170,043-730-2500
4374010071,충북,옥천.영동,누교,충청북도 영동군 양산면 누교리,1978-11-25,1981-12-04,1,주수원,530,8,5.82,61.6,10,200,필댐(죤형),6480,118,27.45,517,517,0,사통형,196,194.8,175.5,043-730-2500
4374010077,충북,옥천.영동,금정,충청북도 영동군 심천면 금정리,1959-01-01,1960-01-01,2,보조수원,36,0.7,0.7,1,10,200,필댐(죤형),1105,65,5.6,17,17,0,사통형,149.4,148.4,143.1,043-730-2500
4374010079,충북,옥천.영동,용당,충청북도 영동군 심천면 용당리,1943-01-01,1943-12-30,2,보조수원,81,0.76,0.6,1,5,200,필댐(죤형),1620,81,6,10,10,0,사통형,127.3,126.8,123.6,043-730-2500
4374010080,충북,옥천.영동,광평,충청북도 영동군 학산면 지내리,2003-12-18,2010-12-28,1,주수원,300,7.28,6.78,76.2,10,200,필댐(죤형),6000,101,25.8,449.95,409.45,40.5,사통형,221.9,220.9,210.5,043-730-2500
4374010136,충북,옥천.영동,서송원,충청북도 영동군 황간면 서송원리,2014-01-17,2019-12-30,1,주수원,225,9.54,8.99,0,10,200,필댐(죤형),0,177,26.5,753.6,627.3,126.3,취수탑형,245.5,244.6,235,043-730-2500
4375010008,충북,진천,연곡,충청북도 진천군 진천읍 연곡리,1981-01-01,1984-01-01,1,주수원,635,12.3,11.4,78,10,200,필댐(죤형),240000,130,25.8,913,896,17,사통형,207.8,206.8,189,043-530-5700
4375010009,충북,진천,백곡,충청북도 진천군 진천읍 행정리,1981-05-21,1984-10-31,1,주수원,8479,232,243.4,2613.5,10,200,필댐(균일형),911000,401,28.7,26618,26372,246,취수탑형,102.1,102.1,83,043-530-5700
4375010010,충북,음성,석장,충청북도 진천군 덕산읍 기전리,1959-01-01,1964-12-31,2,보조수원,415,11,9,40,10,200,필댐(균일형),6834,80,6.2,32,32,0,사통형,68.5,68,67.5,043-871-7323
4375010016,충북,청주,초평(미호),충청북도 진천군 초평면 화산리,1982-12-31,1985-12-31,1,주수원,13330,327,258.5,2499.8,10,200,콘크리트댐(중력형),47154,174,19.4,13871.7,13853.2,18.5,취수탑형,63.3,61,46,043-290-0521
4375010019,충북,괴산.증평,금성,충청북도 진천군 초평면 용산리,1960-01-10,1961-12-30,2,보조수원,98,1.2,0.85,10.2,10,50,필댐(죤형),8610,82,8,40,40,0,사통형,83.5,82.5,78,043-830-5117
4375010022,충북,진천,사양,충청북도 진천군 문백면 사양리,1974-11-05,1975-12-03,2,주수원,140,6.62,4.29,61.4,7,200,필댐(죤형),148000,180,18.2,233.94,218.31,15.63,사통형,122.9,122,113,043-530-5700
4375010033,충북,진천,옥성,충청북도 진천군 문백면 옥성리,1967-01-01,1973-01-01,1,주수원,417,9,7.7,73.3,10,200,필댐(죤형),127000,135,17,494,489,5,사통형,125.5,124.5,113,043-530-5700
4375010040,충북,진천,성대,충청북도 진천군 백곡면 성대리,1981-01-01,1984-01-01,1,주수원,346,5,4.7,60,10,200,필댐(죤형),138000,120,20.3,370,325,45,사통형,199.1,198.1,189,043-530-5700
4375010044,충북,진천,송림,충청북도 진천군 이월면 송림리,1975-01-01,1976-01-01,2,주수원,180,2.1,1.9,17.1,10,200,필댐(죤형),91000,107,19,147,146,1,사통형,111,110,94,043-530-5700
4375010046,충북,진천,화산,충청북도 진천군 이월면 신계리,1953-11-21,1959-12-31,1,주수원,980,27.1,23,519.5,10,200,필댐(균일형),165000,169,18.8,1744.38,1676.04,68.34,사통형,116.5,115.5,103.5,043-530-5700
4375010052,충북,진천,무수,충청북도 진천군 광혜원면 회죽리,1953-11-21,1959-12-31,1,주수원,857,24.1,23.3,239,10,200,필댐(죤형),255000,417,16.5,1370,1320,50,취수탑형,120,119,110,043-530-5700
4376010004,충북,괴산.증평,신항,충청북도 괴산군 괴산읍 신항리,1980-04-01,1984-12-20,1,주수원,395,20,19.83,85,10,200,필댐(죤형),54909,244,18.4,1134.5,1133.8,0.7,사통형,157,156,143,043-830-5117
4376010008,충북,괴산.증평,영천,충청북도 증평군 증평읍 연탄리,1966-02-20,1966-12-30,2,보조수원,118,0.3,0.3,0,10,50,필댐(죤형),4589,92,6.6,35.3,35.3,0,사통형,94,93,89,043-830-5117
4376010009,충북,괴산.증평,송오리,충청북도 증평군 증평읍 송산리,1945-02-11,1945-12-30,2,보조수원,15,1.2,1.2,1.3,10,50,필댐(죤형),3025,122,3.7,7,7,0,사통형,79.5,79,77,043-830-5117
4376010010,충북,괴산.증평,송티,충청북도 증평군 증평읍 송산리,1945-02-11,1945-12-30,2,보조수원,20,0.9,0.9,1.1,10,50,필댐(죤형),2624,85,4.5,10,10,0,사통형,65.5,65,62.5,043-830-5117
4376010012,충북,괴산.증평,삼기,충청북도 증평군 증평읍 율리,1953-09-01,1963-12-31,1,주수원,1050,26.4,26.4,410,10,200,필댐(죤형),66090,188,23.6,2811.2,2811.2,0,사통형,148,148,130,043-830-5117
4376010018,충북,괴산.증평,이담,충청북도 괴산군 감물면 백양리,1929-06-04,1931-03-31,1,주수원,535,17.9,17.7,128,10,200,필댐(죤형),30106,231,9.2,649,644,5,사통형,103.2,102,96,043-830-5117
4376010019,충북,괴산.증평,매전,충청북도 괴산군 감물면 매전리,1976-05-27,1978-12-30,1,주수원,458,10.5,10.4,110.7,10,200,필댐(죤형),62350,200,18.35,684.04,681.97,2.07,사통형,153,152,140,043-830-5117
4376010033,충북,괴산.증평,지곡,충청북도 괴산군 칠성면 율지리,1942-04-17,1945-12-20,2,보조수원,78,0.8,0.78,30,10,100,필댐(죤형),3886,101,5.4,30,30,0,사통형,143.8,143,138.5,043-830-5117
4376010034,충북,괴산.증평,칠성,충청북도 괴산군 칠성면 율원리,1955-12-20,1962-12-30,1,주수원,431,15.9,13.3,155.4,10,200,필댐(죤형),51857,285,13.9,630.86,629.97,0.89,사통형,106.2,105,96,043-830-5117
4376010039,충북,괴산.증평,문광,충청북도 괴산군 문광면 신기리,1976-02-10,1978-11-27,1,주수원,600,18.95,18.95,189.8,10,200,필댐(죤형),61700,322,14.75,945.16,945.16,0,사통형,161,160,149,043-830-5117
4376010041,충북,괴산.증평,덕평,충청북도 괴산군 문광면 방성리,1986-02-22,1988-12-30,1,주수원,256,10.82,10.56,81.9,10,200,필댐(죤형),132000,134,26.1,906.88,898.33,8.55,사통형,216.5,215.5,198,043-830-5117
4376010042,충북,괴산.증평,신후평,충청북도 괴산군 청천면 후평리,1945-02-11,1945-12-30,2,보조수원,114,0.8,0.8,35,10,50,필댐(죤형),3326,105,4.6,15.1,15.1,0,사통형,172.5,172,168.5,043-830-5117
4376010052,충북,괴산.증평,송면,충청북도 괴산군 청천면 삼송리,1982-09-10,1985-12-20,1,주수원,690,21.32,19.92,186.1,10,200,필댐(죤형),99431,226,28.7,2108.1,2078.4,29.7,사통형,313.5,312,292,043-830-5117
4376010063,충북,괴산.증평,뇌실,충청북도 증평군 도안면 노암리,1945-02-10,1945-12-30,2,보조수원,15,0.35,0.3,2,10,50,필댐(죤형),535,59,2.7,3,3,0,사통형,99.1,98.5,97,043-830-5117
4376010065,충북,괴산.증평,영수,충청북도 증평군 도안면 노암리,1952-06-01,1957-06-30,2,주수원,150,4.1,4,66.8,10,200,필댐(죤형),51445,155,19.5,254.04,248.99,5.05,사통형,120.4,119.5,106.5,043-830-5117
4376010072,충북,괴산.증평,백마,충청북도 괴산군 사리면 소매리,1953-02-20,1964-08-28,1,주수원,665,18.3,18.1,140.2,10,200,필댐(죤형),106620,474,14.3,908.73,891.65,17.08,사통형,108,107,99,043-830-5117
4376010076,충북,괴산.증평,용정,충청북도 괴산군 사리면 방축리,1962-06-14,1964-08-29,2,주수원,285,4.5,4.3,49.8,10,200,필댐(죤형),25701,175,13.2,234.6,232.8,1.8,사통형,108.9,107.9,99,043-830-5117
4376010085,충북,괴산.증평,소암,충청북도 괴산군 소수면 소암리,1990-11-10,1997-11-30,1,주수원,338,13.29,12.55,92.3,20,200,필댐(죤형),94033,167,26.65,1064.3,1050.7,13.6,사통형,217.5,216.5,201,043-830-5117
4376010087,충북,괴산.증평,소수,충청북도 괴산군 소수면 길선리,1956-06-23,1962-12-30,1,주수원,652,25,25,268,10,200,필댐(죤형),94631,321.6,16,1950,1942,8,사통형,193,192.2,179.5,043-830-5117
4376010089,충북,괴산.증평,창산,충청북도 괴산군 불정면 탑촌리,1952-05-01,1958-12-30,2,주수원,164,2,1.75,30.3,10,200,필댐(죤형),11583,135,8.7,39.98,39.98,0,사통형,97.6,97,91.5,043-830-5117
4376010092,충북,괴산.증평,만년,충청북도 괴산군 불정면 추산리,1952-05-01,1958-12-30,1,주수원,724,12.3,12.2,197.9,10,200,필댐(죤형),76780,198,18.5,621.33,619,2.33,사통형,109.5,108.5,97.5,043-830-5117
4376010095,충북,괴산.증평,신흥,충청북도 괴산군 불정면 신흥리,1980-04-01,1984-12-20,1,주수원,270,13,12.4,166.1,10,200,필댐(죤형),36298,299,23.8,1032.3,1011.4,20.9,사통형,181.2,180,165,043-830-5117
4376010097,충북,괴산.증평,덕실,충청북도 괴산군 불정면 지장리,1943-04-11,1945-12-30,2,보조수원,136,1.3,1.2,15,3,50,필댐(죤형),3215,123,3.2,12,12,0,사통형,116,115,112,043-830-5117
4376010098,충북,괴산.증평,방곡,충청북도 괴산군 장연면 방곡리,1995-12-23,2001-12-20,1,주수원,260,7.72,7.34,120,10,200,필댐(죤형),295425,221,36.2,859,820,39,사통형,185.8,184.8,165,043-830-5117
4376010099,충북,괴산.증평,이곡,충청북도 괴산군 사리면 이곡리,1996-11-08,2003-12-20,1,주수원,350,10.3,9.72,185,10,200,필댐(죤형),159213,163,27.7,977,967,10,사통형,234.3,233.3,213,043-830-5117
4376010162,충북,괴산.증평,구암,충청북도 괴산군 청안면 문방리,2011-03-15,2019-12-31,2,주수원,108,3.69,3.51,0,10,200,필댐(죤형),184253,196.3,22.9,292,275.3,16.7,취수탑형,168.3,167.5,154,043-830-5117
4377010002,충북,음성,용산,충청북도 음성군 음성읍 용산리,1970-01-01,1973-11-01,1,주수원,413,10.5,9.3,92.8,10,200,필댐(균일형),107542,185,14.7,521,521,0,사통형,209.5,208.5,197.5,043-871-7323
4377010004,충북,음성,무극,충청북도 음성군 음성읍 사정리,1979-01-01,1981-12-30,1,보조수원,1315,49.45,45,0,10,200,필댐(균일형),195859,133,23.2,3068,2791,277,기타,134.24,132.7,122,043-871-7323
4377010009,충북,음성,금석,충청북도 음성군 금왕읍 금석리,1977-02-28,1981-12-30,1,주수원,717,45.04,41.02,102.5,10,200,필댐(균일형),293480,177,26.3,3838,3309,529,취수탑형,133.59,132.77,120,043-871-7323
4377010010,충북,음성,용계,충청북도 음성군 금왕읍 용계리,1977-01-01,1981-12-30,1,주수원,748,48.8,46,794.6,10,200,필댐(균일형),387830,255,24.7,4259,3399,860,취수탑형,133.8,132.78,122,043-871-7323
4377010012,충북,음성,황골,충청북도 음성군 금왕읍 신평리,1944-01-10,1945-01-05,2,보조수원,33,1,0.6,8.7,10,200,필댐(균일형),4320,90,4,2.51,2.51,0,사통형,100.5,100,99,043-871-7323
4377010014,충북,음성,바위암,충청북도 음성군 삼성면 능산리,1945-01-01,1945-06-30,2,보조수원,90,2,1,15,10,200,필댐(균일형),405,40,1.5,8,8,0,기타,101,100,98.5,043-871-7323
4377010015,충북,음성,금성,충청북도 음성군 금왕읍 구계리,1941-01-01,1945-01-01,1,주수원,285,20,19.2,125.3,10,200,필댐(균일형),64749,276,9.2,522,522,0,사통형,101,100,94.3,043-871-7323
4377010016,충북,음성,사계,충청북도 음성군 금왕읍 구계리,1961-01-01,1966-12-30,2,주수원,125,7,5.6,12,10,200,필댐(균일형),35355,150,10.4,148,148,0,사통형,111.7,110.7,105.5,043-871-7323
4377010021,충북,음성,용,충청북도 음성군 소이면 중동리,1952-01-01,1956-12-31,2,주수원,160,5.2,3.2,111,10,200,필댐(균일형),165870,150,19,176,175,1,사통형,167.92,166.92,155,043-871-7323
4377010022,충북,음성,망두골,충청북도 음성군 소이면 갑산리,1945-01-01,1945-06-30,2,보조수원,30,1.5,1,10,10,200,필댐(균일형),3750,50,5,6.7,6,0.7,기타,123.5,123,122,043-871-7323
4377010023,충북,음성,정좌안,충청북도 음성군 소이면 갑산리,1945-01-01,1945-06-30,2,보조수원,30,2.5,1,12,10,200,필댐(균일형),5775,70,5,9,9,0,기타,132.5,131.5,129.5,043-871-7323
4377010024,충북,음성,봉,충청북도 음성군 소이면 갑산리,1960-01-01,1965-12-31,2,주수원,214,6.1,4.3,66.3,10,200,필댐(균일형),164880,229,16,209,209,0,사통형,167.5,166.68,156.8,043-871-7323
4377010025,충북,음성,봉전,충청북도 음성군 소이면 봉전리,1954-01-01,1960-12-30,2,주수원,83,2.5,1.63,76.5,10,200,필댐(균일형),125029,123,19,87,86,1,사통형,168.18,167.18,156,043-871-7323
4377010026,충북,음성,충도,충청북도 음성군 소이면 충도리,1943-01-05,1944-12-20,1,주수원,770,19.8,17.75,122.2,10,200,필댐(균일형),227178,135,25.2,1154,1140,14,사통형,160.4,159.2,145.2,043-871-7323
4377010030,충북,음성,역전,충청북도 음성군 원남면 마송리,1945-01-01,1948-12-31,2,보조수원,11,0.3,0.3,3.7,10,200,필댐(균일형),3003,86,3.6,5,5,0,사통형,153.7,153,149.8,043-871-7323
4377010032,충북,음성,하당,충청북도 음성군 원남면 하당리,1978-01-01,1979-12-31,1,주수원,210,7.2,6.8,67.1,10,200,필댐(균일형),203490,204,19.6,532.2,532.2,0,사통형,189.5,188.5,174,043-871-7323
4377010033,충북,음성,오성,충청북도 음성군 원남면 구안리,1964-01-01,1966-01-01,1,주수원,290,10,9,89.1,10,200,필댐(균일형),127681,161,17,572,572,0,사통형,191,190,177.5,043-871-7323
4377010035,충북,음성,주봉,충청북도 음성군 원남면 주봉리,1982-01-01,1986-01-01,1,주수원,255,12.43,11.2,94.2,10,200,필댐(균일형),434732,205,26.7,896,825,71,사통형,199.5,198.5,186,043-871-7323
4377010038,충북,괴산.증평,원남,충청북도 진천군 초평면 신통리,1984-02-27,1988-11-30,1,주수원,3655,140,114.4,856.2,10,200,필댐(죤형),389311,205,27.2,8790.5,8690.2,100.3,취수탑형,117.4,115.7,97,043-830-5117
4377010040,충북,음성,맹동,충청북도 음성군 맹동면 통동리,1979-09-01,1983-12-31,1,주수원,706,113.4,113.4,1338.5,10,200,필댐(균일형),606720,237,33,14329.05,13907.05,422,취수탑형,126.5,126.5,103,043-871-7323
4377010041,충북,음성,각골1,충청북도 음성군 대소면 성본리,1944-12-11,1946-12-31,2,보조수원,4,1,0.6,4,10,200,필댐(균일형),4560,95,4,1.3,1.3,0,사통형,93.5,93,92.7,043-871-7323
4377010042,충북,음성,수인,충청북도 음성군 대소면 수태리,1945-01-01,1948-12-31,2,보조수원,76,1,1,16,10,100,필댐(균일형),5399,148,3.2,2,1.6,0.4,사통형,81.5,80.5,80,043-871-7323
4377010043,충북,음성,가곡,충청북도 음성군 대소면 미곡리,1947-01-06,1947-12-30,2,보조수원,82,2.1,1.3,15,10,200,필댐(균일형),6396,130,4.1,16,15.6,0.4,사통형,83.5,83,81,043-871-7323
4377010047,충북,음성,양덕,충청북도 음성군 삼성면 양덕리,1942-01-01,1947-01-01,1,주수원,754,51.3,26.7,292.1,10,200,필댐(균일형),122640,292,12,1119.09,1119.09,0,사통형,111.03,109.74,91.5,043-871-7323
4377010051,충북,음성,용성,충청북도 음성군 삼성면 용성리,1942-01-01,1947-01-01,2,주수원,97,6.5,6.1,14.2,10,200,필댐(균일형),12907,230,4.6,126,125.82,0.18,사통형,99,98,95,043-871-7323
4377010055,충북,음성,마이,충청북도 음성군 삼성면 덕정리,1945-01-01,1948-12-31,1,주수원,442,13.6,12.2,134.3,10,200,필댐(균일형),26250,100,10.5,331.3,331.3,0,사통형,110.5,109.5,104.7,043-871-7323
4377010063,충북,음성,금정,충청북도 음성군 생극면 관성리,1939-08-22,1944-12-30,1,주수원,561,15.7,15.5,176.4,10,200,필댐(균일형),63936,148,12,435.6,435.6,0,사통형,103.4,102.4,97.1,043-871-7323
4377010067,충북,음성,유신,충청북도 음성군 생극면 차평리,1927-09-07,1931-03-25,1,주수원,730,12.5,11,107.4,10,200,필댐(균일형),209440,187,20,487,484.5,2.5,사통형,123.8,122.3,113.5,043-871-7323
4377010074,충북,음성,장군,충청북도 음성군 감곡면 원당리,1942-01-01,1954-01-01,1,주수원,2066,31.4,28,187.9,10,200,필댐(균일형),63504,147,12,776,706,70,사통형,89.2,88.2,80.7,043-871-7323
4377010081,충북,음성,복자동,충청북도 음성군 감곡면 단평리,1945-01-01,1945-06-30,2,보조수원,26,2,1,5,10,200,필댐(균일형),5670,100,4.2,20,20,0,사통형,78.5,77.5,74.5,043-871-7323
4377010083,충북,음성,대곡,충청북도 음성군 감곡면 단평리,1952-01-01,1956-12-31,2,주수원,250,6,3.2,82.6,10,200,필댐(균일형),67067,134,13,98,97.64,0.36,사통형,82.5,81.5,75.5,043-871-7323
4377010139,충북,음성,구례,충청북도 음성군 음성읍 초천리,2015-10-06,2019-06-30,2,주수원,131,5.98,5.35,0,10,200,필댐(코어형),75790,120,16.7,290.73,280.48,10.25,사통형,188.5,187.5,178,043-871-7323
4413010010,충남,천안,천호,충청남도 천안시 동남구 신부동,1952-04-10,1957-12-30,1,주수원,850,34.5,32.5,4,10,200,필댐(죤형),217728,471,12.8,1071.02,1071.02,0,사통형,59,57.8,51.6,?41-556-8064
4413010011,충남,천안,업성,충청남도 천안시 서북구 업성동,1965-12-06,1972-01-01,1,주수원,507,164.4,37.37,142,10,200,필댐(죤형),118900,405,10,952.03,952.03,0,사통형,39.5,38.8,32.5,?41-556-8064
4413010016,충남,천안,문암,충청남도 천안시 동남구 안서동,1976-12-27,1978-01-01,1,주수원,168,7.7,7.2,53,10,200,필댐(죤형),260000,147,25,562,562,0,사통형,133.6,132.5,115.3,?41-556-8064
4413010018,충남,천안,매주,충청남도 천안시 서북구 성환읍 매주리,1971-01-01,1972-12-30,2,주수원,130,10.74,8.4,27,10,200,필댐(죤형),18762,240,5.97,191.77,176.57,15.2,사통형,30.3,28.9,25.9,?41-556-8064
4413010019,충남,천안,율금,충청남도 천안시 서북구 직산읍 석곡리,1970-12-31,1972-12-30,2,주수원,65,8.2,5.69,27,10,200,필댐(죤형),42276,270.5,7.8,128.85,121,7.85,사통형,42.1,41.1,37.9,?41-556-8064
4413010020,충남,천안,왕림,충청남도 천안시 서북구 성환읍 왕림리,1970-12-31,1972-12-30,2,주수원,60,5.5,2.41,19,10,200,필댐(죤형),15378,134,6.6,49.08,49.08,0,사통형,36.4,35.4,32,?41-556-8064
4413010021,충남,천안,어룡,충청남도 천안시 서북구 성환읍 어룡리,1939-11-09,1940-12-30,2,주수원,107,13.2,4.64,60.3,10,200,필댐(죤형),13104,203,4.2,92.76,92.02,0.74,사통형,17.6,17.1,14.4,?41-556-8064
4413010022,충남,천안,학정,충청남도 천안시 서북구 성환읍 대홍리,1927-12-26,1929-01-15,1,주수원,706,42.39,39.59,214,10,200,필댐(죤형),74448,454,7.05,775.04,775.04,0,사통형,24.3,22.9,19,?41-556-8064
4413010023,충남,천안,남창,충청남도 천안시 서북구 성거읍 송남리,1956-01-12,1959-12-30,2,주수원,100,6.26,3.54,37,10,200,필댐(죤형),63050,133,13,145.02,145.02,0,사통형,81.5,80.8,72.5,?41-556-8064
4413010024,충남,천안,천흥,충청남도 천안시 서북구 성거읍 천흥리,1956-02-02,1959-12-30,1,주수원,500,16.8,14.27,206,10,200,필댐(죤형),342031,254,21,838.94,829.74,9.2,사통형,99.5,97.8,86.4,?41-556-8064
4413010025,충남,천안,성거,충청남도 천안시 서북구 성거읍 천흥리,1972-09-14,1973-11-15,2,보조수원,100,3.8,3.79,15,10,200,필댐(죤형),16235,94,8.5,72.01,72.01,0,사통형,71.1,70.5,65.5,?41-556-8064
4413010029,충남,천안,신월,충청남도 천안시 서북구 성거읍 소우리,1965-12-07,1972-01-01,2,주수원,94,10.2,8.13,27,10,200,필댐(죤형),67933,232,9.37,207.15,196.01,11.14,사통형,45.8,45.2,41.2,?41-556-8064
4413010033,충남,천안,용연,충청남도 천안시 동남구 목천읍 교촌리,1956-09-25,1962-12-31,1,주수원,2070,56.76,49.21,421,10,200,필댐(죤형),294174,558.5,17.3,3049.8,3049.8,0,사통형,102.03,101.03,88.63,?41-556-8064
4413010039,충남,천안,대정,충청남도 천안시 동남구 성남면 석곡리,1952-04-02,1955-06-30,1,주수원,370,17.8,16.14,147,10,200,필댐(죤형),121000,205,14.6,78.14,73.9,4.24,사통형,78.7,77.3,69.3,?41-556-8064
4413010045,충남,천안,발산,충청남도 천안시 동남구 수신면 발산리,1952-04-29,1955-06-30,2,주수원,69,1.98,1.86,11,10,200,필댐(죤형),13507,63,9.4,75.83,64.38,11.45,사통형,100,98.7,94.5,?41-556-8064
4413010069,충남,천안,직산,충청남도 천안시 서북구 직산읍 삼은리,1937-12-31,1939-10-30,2,주수원,217,9.9,7,21,10,200,필댐(죤형),9236,267,3.93,85.21,84.03,1.18,사통형,33.1,32.42,30.4,?41-556-8064
4413010070,충남,천안,양전,충청남도 천안시 서북구 직산읍 양당리,1944-10-25,1949-05-10,1,주수원,360,25.32,23.24,263,10,200,필댐(죤형),68755,418.8,7.73,385.12,369.01,16.11,사통형,37.1,35.8,32.9,?41-556-8064
4413010072,충남,천안,마정,충청남도 천안시 서북구 직산읍 마정리,1944-10-30,1949-05-10,1,보조수원,360,27.02,18.09,88.1,10,200,필댐(죤형),67900,200,9,450.61,438.05,12.56,사통형,43.2,41.7,36.9,?41-556-8064
4413010074,충남,천안,입장,충청남도 천안시 서북구 입장면 기로리,1943-12-06,1952-05-31,1,주수원,752,19.4,18.21,352,10,200,필댐(죤형),171250,276,13.3,636.33,622,14.33,사통형,67.1,65.6,59.6,?41-556-8064
4413010075,충남,천안,풍년,충청남도 천안시 서북구 입장면 시장리,1953-12-30,1957-12-30,1,주수원,683,31,30.8,292,10,200,필댐(죤형),121392,230,14.4,1264.26,1172.45,91.81,사통형,55.2,53.3,47.4,?41-556-8064
4415010037,충남,공주,기산,충청남도 공주시 계룡면 기산리,1976-07-22,1978-12-30,1,주수원,303,13.5,12.1,139.7,10,100,필댐(균일형),158670,123,20.3,648.23,642.68,5.55,사통형,99.5,98.5,85,041-850-6448
4415010042,충남,공주,계룡,충청남도 공주시 계룡면 하대리,1954-02-10,1964-12-31,1,주수원,1574,75.44,71.68,450.2,10,100,필댐(균일형),266760,300,17.1,4717.1,4716.8,0.3,취수탑형,62,61,49,041-850-6448
4415010045,충남,공주,경천(양화),충청남도 공주시 계룡면 양화리,1963-01-10,1967-12-30,1,주수원,800,46,39.7,296.6,10,60,필댐(균일형),199200,160,17.2,2029.71,2028.3,1.41,취수탑형,60.6,59.3,47.5,041-850-6448
4415010062,충남,공주,월곡,충청남도 공주시 의당면 월곡리,1989-02-10,1989-12-30,2,주수원,253,5.6,4.9,35.5,10,200,필댐(죤형),59400,182,14.5,175.24,175.24,0,사통형,74.7,73.5,65.3,041-850-6448
4415010063,충남,공주,유계,충청남도 공주시 의당면 유계리,1982-09-09,1989-12-30,1,주수원,190,9,8.1,95,10,200,필댐(죤형),249600,182,26.4,760.83,747.74,13.09,사통형,82.41,81.41,65,041-850-6448
4415010066,충남,공주,중흥,충청남도 공주시 의당면 중흥리,1986-08-15,1999-04-17,1,주수원,920,34.3,33.5,275,10,200,필댐(죤형),465000,315,32.5,2777,2679.6,97.4,취수탑형,91.8,91,74.6,041-850-6448
4415010067,충남,공주,요룡,충청남도 공주시 의당면 요룡리,1982-02-08,1989-12-30,1,주수원,430,14,13,105.7,10,200,필댐(죤형),429000,220,30.8,1495.31,1363.99,131.32,사통형,62.3,61.1,46,041-850-6448
4415010070,충남,공주,평정,충청남도 공주시 정안면 평정리,1990-01-01,1997-01-01,1,주수원,294,7,6.6,83.4,10,200,필댐(균일형),161500,175,31,565.59,557.61,7.98,사통형,122.2,121,105,041-850-6448
4415010071,충남,공주,정안,충청남도 공주시 정안면 고성리,1968-11-01,1976-12-31,1,주수원,676,29,27.8,187.2,10,100,필댐(균일형),262080,209,24.2,2460.87,2460.1,0.77,사통형,77.2,76.2,57,041-850-6448
4415010080,충남,공주,영천(한천),충청남도 공주시 우성면 내산리,1957-01-08,1961-12-31,1,주수원,722,25.3,24.4,282.8,10,200,필댐(죤형),280800,261,29,2585,2530,55,취수탑형,86,85,66.9,041-850-6448
4415010083,충남,공주,우목,충청남도 공주시 우성면 용봉리,1982-02-23,1988-12-30,1,주수원,1750,27,25.7,321.3,10,200,필댐(죤형),181440,176,18,1452.69,1430.09,22.6,사통형,50,49.7,37.5,041-850-6448
4415010094,충남,공주,봉명,충청남도 공주시 계룡면 봉명리,1996-04-01,1997-12-31,2,보조수원,50,1.5,0.75,15.4,10,200,필댐(죤형),19950,133.7,2.9,17.62,17.62,0,사통형,50.9,50,46.4,041-850-6448
4418010005,충남,보령,평리,충청남도 보령시 웅천읍 평리,1992-10-01,1998-12-31,2,주수원,141,2.98,2.92,26.4,10,200,필댐(죤형),22788,120,21.1,189.1,187,2.1,사통형,94,93,81,041-930-7800 
4418010006,충남,보령,구,충청남도 보령시 웅천읍 수부리,1945-01-01,1946-12-31,2,주수원,109,1.13,1.1,16.8,10,200,필댐(죤형),6555,92,9.5,45,43,2,사통형,81.3,80.3,73.7,041-930-7800 
4418010007,충남,보령,수부,충청남도 보령시 웅천읍 수부리,1957-01-01,1959-01-01,1,주수원,218,11.08,10.45,97.7,10,200,필댐(죤형),19620,240,10.9,334.3,317,17.3,사통형,46,45,36.6,041-930-7800 
4418010014,충남,보령,구수,충청남도 보령시 주포면 마강리,1941-01-01,1942-12-31,2,주수원,169,10.4,10.4,80,10,200,필댐(죤형),10627,218,6.5,230.1,228,2.1,사통형,27.6,26.6,23.1,041-930-7800 
4418010019,충남,보령,수지,충청남도 보령시 주포면 연지리,1945-01-01,1946-12-31,2,주수원,114,6.8,6.3,51.1,10,200,필댐(죤형),20491,108,6.3,168.9,160,8.9,사통형,13.9,13,9.7,041-930-7800 
4418010040,충남,보령,진죽,충청남도 보령시 청소면 진죽리,1945-04-05,1946-12-31,1,주수원,557,45,45,101.3,10,200,필댐(죤형),15469,750,5.5,688,654,34,사통형,4.5,3.7,0.7,041-930-7800 
4418010041,충남,보령,신송,충청남도 보령시 청소면 신송리,1959-01-01,1960-12-30,2,주수원,36,7,6.4,40.7,10,200,필댐(죤형),21000,350,8,122.5,122.5,0,사통형,8.6,8,4.6,041-930-7800 
4418010042,충남,보령,죽림,충청남도 보령시 청소면 죽림리,1946-04-10,1947-12-31,2,주수원,163,4.8,4.3,43,10,200,필댐(죤형),11545,214,8.3,177.1,168,9.1,사통형,8.1,7.4,3.1,041-930-7800 
4418010045,충남,보령,성연,충청남도 보령시 청소면 성연리,1972-01-01,1977-01-01,1,주수원,750,27.4,25.3,275.7,10,200,필댐(죤형),38415,260,19.7,1788.9,1788.9,0,사통형,73.2,72,57.8,041-930-7800 
4418010046,충남,보령,야현,충청남도 보령시 청소면 야현리,1945-01-01,1946-12-31,2,주수원,52,0.75,0.7,3.3,10,200,필댐(죤형),1000,54,8.5,14,14,0,사통형,34.6,34,30.9,041-930-7800 
4418010047,충남,보령,장곡,충청남도 보령시 청소면 장곡리,1945-05-09,1946-12-31,2,주수원,360,4.9,4.7,17.3,10,200,필댐(죤형),11154,264,6.5,58.4,50,8.4,사통형,5.49,4.74,1.54,041-930-7800 
4418010048,충남,보령,월티,충청남도 보령시 청라면 나원리,1960-03-03,1961-12-31,1,주수원,344,8.8,8.69,98.2,10,200,필댐(균일형),56156,278,20.2,522,496,26,사통형,99.5,98.5,86.1,041-930-7800 
4418010051,충남,보령,의평,충청남도 보령시 청라면 의평리,1961-03-01,1961-12-31,2,주수원,165,3.84,3.54,25.9,10,200,필댐(균일형),31960,253,16.3,168.2,160,8.2,사통형,112.5,111.5,103.5,041-930-7800 
4418010052,충남,보령,청천,충청남도 보령시 죽정동,1952-01-01,1962-12-31,1,주수원,7010,302.8,265,2638,10,200,필댐(균일형),435700,306,23,20800,20753.1,46.9,취수탑형,40.2,40.2,23.2,041-930-7800 
4418010058,충남,보령,옥계,충청남도 보령시 청라면 옥계리,1990-11-21,1996-12-31,1,주수원,220,10.8,10.4,115,10,200,필댐(균일형),41040,192,28.5,903.7,828.7,75,사통형,105.4,104.2,91,041-930-7800 
4418010060,충남,보령,황룡,충청남도 보령시 청라면 장현리,1990-11-21,1996-12-31,2,주수원,135,3.75,3.5,52,10,200,필댐(균일형),18782,172,36.4,284.5,266.5,18,사통형,198.4,197.4,184,041-930-7800 
4418010061,충남,보령,장전,충청남도 보령시 청라면 장현리,1957-01-01,1961-12-31,1,주수원,436,11.6,10.99,134.6,10,200,필댐(균일형),61842,423,17.2,744.2,707,37.2,사통형,133.57,113,99.1,041-930-7800 
4418010066,충남,보령,대야,충청남도 보령시 남포면 제석리,1945-01-01,1946-12-31,2,보조수원,10,1.23,1.2,5,10,100,필댐(균일형),3750,100,5,16,16,0,기타,26.5,25.5,23.1,041-930-7800 
4418010069,충남,보령,옥서,충청남도 보령시 남포면 옥서리,1956-01-01,1961-01-01,1,주수원,800,29,28.87,225.8,10,200,필댐(균일형),29526,296,13.3,1419.6,1350,69.6,사통형,33.5,32.5,22.8,041-930-7800 
4418010070,충남,보령,신흥2,충청남도 보령시 남포면 신흥리,1946-01-01,1947-12-31,2,보조수원,60,1.05,1.02,5,10,200,필댐(균일형),1800,48,5,0.8,0.8,0,사통형,44.9,43.02,40.02,041-930-7800 
4418010071,충남,보령,신흥1,충청남도 보령시 남포면 신흥리,1954-01-01,1955-12-30,2,보조수원,70,2.5,2.3,6,10,200,필댐(균일형),2550,72,7.2,10.8,10,0.8,사통형,35.59,34.85,30.5,041-930-7800 
4418010073,충남,보령,양기1,충청남도 보령시 남포면 양기리,1960-10-17,1961-12-29,2,보조수원,85,2.56,2.56,25,10,100,필댐(균일형),1275,130,5,70.4,67,3.4,사통형,12.7,12,10,041-930-7800 
4418010078,충남,보령,용제,충청남도 보령시 주산면 야룡리,1945-01-01,1947-12-30,2,주수원,188,9.2,8.8,50.1,10,200,필댐(균일형),10890,242,6,205,195,10,사통형,28,27,22.9,041-930-7800 
4418010082,충남,보령,신구,충청남도 보령시 주산면 신구리,1956-04-04,1957-12-17,1,주수원,257,10.51,9.73,74.7,10,200,필댐(균일형),17808,224,10.6,411.4,404.4,7,사통형,21.4,20.5,13.4,041-930-7800 
4418010084,충남,보령,유곡,충청남도 보령시 주산면 유곡리,1945-01-02,1948-12-30,2,주수원,108,5,4.6,17.9,10,200,필댐(균일형),10106,151.4,8.9,109.5,109.5,0,사통형,25,24,18.9,041-930-7800 
4418010090,충남,보령,삼곡2,충청남도 보령시 주산면 삼곡리,1945-01-01,1948-01-01,2,보조수원,27,0.73,0.7,20,10,200,필댐(균일형),2349,108,2.9,6.1,6.1,0,사통형,55.2,54.54,52.74,041-930-7800 
4418010091,충남,보령,삼곡1,충청남도 보령시 주산면 삼곡리,1949-01-01,1952-12-30,2,보조수원,61,0.72,0.7,25.8,10,100,필댐(균일형),2983,117,3.4,7.8,7.8,0,사통형,48.35,47.35,45.35,041-930-7800 
4418010105,충남,보령,은포,충청남도 보령시 주교면 은포리,1946-07-26,1947-12-30,2,보조수원,191,4.8,4.8,13.3,10,200,필댐(균일형),12100,1140,2.5,64.1,64.1,0,사통형,4.6,3.7,1.7,041-930-7800 
4418010106,충남,보령,해창,충청남도 보령시 주교면 관창리,1946-03-05,1947-12-30,2,주수원,19,4.62,4.6,60,10,200,필댐(균일형),1788,548,3.5,96,96,0,사통형,6.2,5.7,2.2,041-930-7800 
4418010107,충남,보령,내현,충청남도 보령시 청라면 내현리,2000-11-27,2005-12-20,1,주수원,260,14,13.29,130.4,10,200,필댐(균일형),60200,80,25,834.2,758.4,75.8,사통형,90,89,75.7,041-930-7800 
4420010001,충남,아산,마산,충청남도 아산시 득산동,1926-01-01,1928-03-31,1,주수원,1776,4.3,91.2,149.1,5,200,필댐(죤형),78163,247.27,10.66,2559.8,2559.8,0,취수탑형,21.91,20.85,14,041-539-7000
4420010006,충남,아산,가혜,충청남도 아산시 염치읍 석두리,1946-01-01,1950-03-30,1,주수원,1588,90,81.3,592.8,10,200,필댐(죤형),102772,276,11.6,3501.6,3493.7,7.9,사통형,21.6,20.35,10.5,041-539-7000
4420010010,충남,아산,궁평,충청남도 아산시 송악면 동화리,1952-11-15,1961-12-30,1,주수원,4333,129.07,111.7,1108,10,200,필댐(죤형),323150,307,19,6717.3,6716.6,0.7,취수탑형,65.9,64.44,51.5,041-539-7000
4420010011,충남,아산,수철,충청남도 아산시 배방읍 수철리,1976-12-02,1978-11-30,1,주수원,442,39.8,8.1,106,7,200,필댐(죤형),147679,289,14.36,353.9,353.1,0.8,사통형,82.85,81.85,73,041-539-7000
4420010026,충남,아산,동천,충청남도 아산시 음봉면 신수리,1957-05-20,1960-12-31,2,주수원,107,4.3,3.2,18,10,200,필댐(죤형),49850,133,11.88,90.9,90.3,0.6,사통형,64.55,63.55,57,041-539-7000
4420010027,충남,아산,신정,충청남도 아산시 음봉면 신정리,1957-05-20,1960-12-30,2,주수원,80,7.35,6.1,31,10,200,필댐(죤형),32653,219,7.29,133.7,132.2,1.5,사통형,42.2,41.7,37,041-539-7000
4420010029,충남,아산,신휴,충청남도 아산시 음봉면 신휴리,1944-11-01,1954-03-31,1,주수원,842,70,53,218.4,10,200,필댐(죤형),45883,643,5.8,1095.7,1090.4,5.3,사통형,22.55,21.65,17.5,041-539-7000
4420010031,충남,아산,월랑,충청남도 아산시 음봉면 월랑리,1957-05-20,1960-12-31,1,주수원,421,24,21.9,135,10,200,필댐(죤형),690643,287,9.39,528.4,523.5,4.9,사통형,41.5,40.5,35,041-539-7000
4420010032,충남,아산,동암,충청남도 아산시 음봉면 송촌리,1957-05-20,1960-12-31,1,주수원,234,15.7,12,63,10,200,필댐(죤형),41931,124,11.24,387,387,0,사통형,61.5,60.7,53.5,041-539-7000
4420010033,충남,아산,봉재,충청남도 아산시 둔포면 봉재리,1942-12-01,1944-03-25,1,주수원,793,57,46.2,389,10,200,필댐(죤형),72143,250,10.65,1338.8,1337.8,1,사통형,27.65,26.65,20.5,041-539-7000
4420010036,충남,아산,상성,충청남도 아산시 영인면 아산리,1955-01-01,1958-06-30,1,주수원,481,39.8,34.8,253,10,200,필댐(죤형),117079,460,10.1,1111.5,1111.5,0,사통형,19,17.96,10.1,041-539-7000
4420010038,충남,아산,신봉,충청남도 아산시 영인면 신봉리,1956-01-01,1958-12-31,2,주수원,228,9.38,8.4,55.9,10,200,필댐(죤형),35675,243,7.5,161,158.2,2.8,사통형,26.3,25,21,041-539-7000
4420010039,충남,아산,성내,충청남도 아산시 영인면 성내리,1952-01-01,1958-12-31,1,주수원,640,51.6,42,334.3,10,200,필댐(죤형),123292,460,10.1,1320.8,1032.8,288,사통형,22.1,21.7,15,041-539-7000
4420010040,충남,아산,문방,충청남도 아산시 인주면 문방리,1952-01-01,1952-05-30,2,주수원,228,18.4,16.6,61,10,200,필댐(죤형),23915,200,6.75,200.8,197.5,3.3,사통형,10.4,9.5,6.5,041-539-7000
4420010041,충남,아산,냉정,충청남도 아산시 인주면 신성리,1940-01-01,1941-03-31,1,주수원,535,27.79,25.8,326,10,200,필댐(죤형),96132,308,10.82,940.1,940.1,0,사통형,32.08,31.08,23.17,041-539-7000
4420010042,충남,아산,죽산,충청남도 아산시 선장면 선창리,1942-01-01,1942-12-26,1,주수원,143,29.7,23.8,128,10,200,필댐(죤형),23915,127,7,621.3,615,6.3,사통형,26.3,25.6,21.5,041-539-7000
4420010045,충남,아산,도고,충청남도 아산시 도고면 신유리,1928-01-01,1929-11-30,1,주수원,2097,100.5,97.4,840.9,10,200,필댐(죤형),159331,288,14.8,4294,4277.7,16.3,취수탑형,31.1,30.3,21,041-539-7000
4420010048,충남,아산,신창,충청남도 아산시 신창면 오목리,1950-01-01,1954-03-31,1,주수원,480,40,34.4,97,10,200,필댐(죤형),41501,279,8.5,771,771,0,사통형,20.23,19.37,14.3,041-539-7000
4421010002,충남,서산.태안,잠홍,충청남도 서산시 잠홍동,1951-11-05,1958-12-31,1,주수원,1129,92.43,69.12,363.4,10,100,필댐(코어형),105391,690,9.7,1509,1485,24,사통형,20.2,19.2,14.5,041-660-8533
4421010005,충남,서산.태안,대산,충청남도 서산시 대산읍 대로리,1976-01-01,1978-01-01,1,주수원,335,23.3,14.76,101.9,10,100,필댐(코어형),1905,293,6.5,491,408,83,사통형,8.07,7.47,3,041-660-8533
4421010014,충남,서산.태안,모월,충청남도 서산시 양대동,1978-01-01,1982-01-01,1,보조수원,262,31.45,31.45,108.8,10,100,필댐(균일형),20982,1345,2.6,601,601,0,기타,4.5,4,1.3,041-660-8533
4421010017,충남,서산.태안,풍전,충청남도 서산시 인지면 풍전리,1942-01-21,1944-12-29,1,주수원,1110,76.12,70.25,655.1,10,100,필댐(코어형),142471,648,12.3,2622.8,2621.2,1.6,사통형,26.2,25.2,17.3,041-660-8533
4421010018,충남,서산.태안,강수,충청남도 서산시 부석면 강수리,1957-04-08,1957-12-08,2,주수원,140,6.43,4.29,37,10,100,필댐(코어형),2484,136,6,96,96,0,사통형,8.7,8.2,4.9,041-660-8533
4421010028,충남,서산.태안,마룡,충청남도 서산시 부석면 마룡리,1955-01-01,1961-01-01,1,주수원,114,19.95,19.95,39.8,10,100,필댐(코어형),21060,393,7,350.1,345.7,4.4,사통형,4.4,3.9,1.2,041-660-8533
4421010036,충남,서산.태안,중왕,충청남도 서산시 지곡면 중왕리,1986-09-04,1996-12-01,1,주수원,910,51.05,51.05,203.8,10,100,필댐(균일형),225439,6390,4,1138,1120,18,기타,3.34,2.64,-1,041-660-8533
4421010037,충남,서산.태안,지곡,충청남도 서산시 지곡면 도성리,1946-08-30,1954-07-01,1,주수원,135,27.4,15.15,44.6,10,100,필댐(코어형),9723,324,4.3,306.63,306.63,0,사통형,5,4.5,0.7,041-660-8533
4421010039,충남,서산.태안,고남,충청남도 서산시 성연면 고남리,1965-01-01,1968-01-01,1,주수원,430,24.44,20.37,92.6,10,20,필댐(코어형),45111,274,14.78,1072.6,1072.5,0.1,사통형,42.89,41.89,30.5,041-660-8533
4421010042,충남,서산.태안,성암,충청남도 서산시 음암면 부장리,1963-07-29,1966-12-31,1,주수원,1936,147,104.16,624.1,10,100,필댐(코어형),106030,556,7,3157.21,3073.7,83.51,취수탑형,26,25.3,20.3,041-660-8533
4421010043,충남,서산.태안,신창,충청남도 서산시 운산면 신창리,1976-04-01,1978-06-01,1,주수원,440,20.65,18.73,189.1,10,100,필댐(코어형),102504,205,22.72,1835.4,1786.6,48.8,취수탑형,82.3,81.3,65,041-660-8533
4421010044,충남,서산.태안,용현,충청남도 서산시 운산면 용현리,1973-04-01,1974-06-01,1,주수원,123,6.5,6.5,33.2,10,100,필댐(코어형),34658,140,16.5,357.3,357.3,0,취수탑형,84.7,83.9,71.5,041-660-8533
4421010045,충남,서산.태안,고풍,충청남도 서산시 운산면 고풍리,1967-04-05,1975-12-31,1,주수원,2590,63.28,62.35,1293.8,10,100,필댐(코어형),586960,227.5,33.24,8360,7821.8,538.2,취수탑형,85.3,85,65.5,041-660-8533
4421010052,충남,서산.태안,산수,충청남도 서산시 해미면 산수리,1953-03-04,1962-12-31,1,주수원,1706,51.32,43.6,638.9,10,100,필댐(코어형),150671,295,22.72,3445.37,3315.8,129.57,취수탑형,69,67,51,041-660-8533
4421010053,충남,서산.태안,황락,충청남도 서산시 해미면 황락리,1985-09-30,1991-11-30,1,주수원,420,12.01,10.87,77.1,10,200,필댐(코어형),61723,167,26.4,1038.5,1038.5,0,사통형,101,100,79,041-660-8533
4421010054,충남,서산.태안,신송,충청남도 서산시 고북면 신송리,1978-11-10,1984-12-31,1,주수원,680,53.2,47.5,406.8,10,200,필댐(코어형),192872,573,15,3220.2,3220.2,0,사통형,39.3,38.3,24.5,041-660-8533
4423010001,충남,논산,소룡,충청남도 논산시 연무읍 소룡리,1961-01-01,1963-12-30,2,보조수원,70,1.6,1.5,28,10,200,필댐(균일형),104000,117,25,88.1,84.79,3.31,사통형,71.1,70,61,041-730-2127
4423010002,충남,논산,양지,충청남도 논산시 연무읍 양지리,1965-01-01,1966-12-30,2,보조수원,50,0.48,0.48,8,10,200,필댐(균일형),1267,66,4,9.6,9.5,0.1,사통형,81.2,80,76,041-730-2127
4423010005,충남,논산,고내,충청남도 논산시 연무읍 고내리,1956-01-01,1956-03-28,2,주수원,199,7.6,6.9,77,10,200,필댐(균일형),15227,126.5,9,235.06,230.21,4.85,사통형,78.69,77.9,72.4,041-730-2127
4423010007,충남,논산,고합,충청남도 논산시 연무읍 황화정리,1957-01-01,1957-12-30,2,주수원,152,5.78,5.3,63.6,10,200,필댐(균일형),64565,364,11,276.59,272.95,3.63,사통형,58.8,58,51.6,041-730-2127
4423010010,충남,논산,안심,충청남도 논산시 연무읍 안심리,1911-01-01,1913-12-30,2,보조수원,40,5.83,2.21,4.7,10,200,필댐(균일형),1654,252,3.5,10.05,10.03,0.02,사통형,11.2,10.4,9.5,041-730-2127
4423010018,충남,논산,소곡,충청남도 논산시 노성면 송당리,1953-01-01,1957-12-30,2,주수원,120,3.1,2.7,18.4,10,200,필댐(균일형),9765,210,6,34.5,26.9,7.6,사통형,34.4,33.7,32.1,041-730-2127
4423010020,충남,논산,월명,충청남도 논산시 노성면 송당리,1953-03-20,1957-03-20,2,주수원,66.7,2.36,2.01,24.6,10,200,필댐(균일형),4200,139,10,42,36.6,5.4,사통형,62.75,61.75,58,041-730-2127
4423010022,충남,논산,가곡,충청남도 논산시 노성면 병사리,1953-01-01,1955-12-30,1,주수원,500,33.92,26.4,207.7,10,200,필댐(균일형),57529,315,11.1,726.03,695.12,30.91,사통형,36.5,35.5,30.3,041-730-2127
4423010030,충남,논산,지경,충청남도 논산시 상월면 지경리,1945-01-01,1945-12-31,2,보조수원,50,2.7,2.5,11,10,100,필댐(균일형),6125,200,5,17.2,15,2.2,사통형,31.97,30.97,29.62,041-730-2127
4423010031,충남,논산,석종,충청남도 논산시 상월면 석종리,1940-01-01,1940-12-30,2,보조수원,39,1.3,1.3,9,10,100,필댐(균일형),2600,130,4,19.4,18.17,1.23,사통형,44.1,43.6,41.6,041-730-2127
4423010037,충남,논산,띠울,충청남도 논산시 상월면 대명리,1940-01-01,1940-12-30,2,보조수원,40,0.6,0.6,3.9,10,200,필댐(균일형),1645,60,4.3,6.26,6.22,0.05,사통형,59.8,58.8,56.8,041-730-2127
4423010041,충남,논산,한천,충청남도 논산시 상월면 한천리,1945-01-01,1945-12-31,2,보조수원,50,0.77,0.5,7,5,100,필댐(균일형),2167,110,4,1.39,1.39,0,사통형,25.43,24.3,23.7,041-730-2127
4423010042,충남,논산,수정골,충청남도 논산시 상월면 숙진리,1945-01-01,1945-12-10,2,보조수원,80,3.3,3,5,10,200,필댐(균일형),3645,185,4,10.6,10.3,0.3,사통형,21.98,20.88,20.03,041-730-2127
4423010043,충남,논산,도정골,충청남도 논산시 상월면 숙진리,1945-01-01,1945-12-30,2,보조수원,15,0.78,0.78,5,5,100,필댐(균일형),2112,110,4,2.23,2,0.23,사통형,12.36,11.44,10.84,041-730-2127
4423010045,충남,논산,탑정,충청남도 논산시 가야곡면 종연리,1941-03-13,1944-08-31,1,주수원,21880,662,662,5713.3,10,200,필댐(균일형),259000,573,18.1,34983,34940,43,취수탑형,29.9,29.9,17.1,041-730-2127
4423010046,충남,논산,아곡,충청남도 논산시 부적면 신교리,1910-01-03,1910-12-30,2,보조수원,50,7.6,7,44.6,10,200,필댐(균일형),17820,270,12,151.09,137.86,13.23,사통형,25,24.1,21.3,041-730-2127
4423010047,충남,논산,평촌,충청남도 논산시 부적면 반송리,1910-08-20,1911-03-22,2,보조수원,15,3.26,1.5,10,5,100,필댐(균일형),2875,200,5,19,15,4,사통형,23,22.4,21.4,041-730-2127
4423010055,충남,논산,양동,충청남도 논산시 연산면 신양리,1945-01-01,1945-12-30,2,보조수원,3,0.15,0.15,3,10,200,필댐(균일형),641,53,4.5,0.94,0.9,0.04,사통형,86.5,85.7,84.3,041-730-2127
4423010067,충남,논산,임화,충청남도 논산시 양촌면 임화리,1976-01-01,1979-12-30,1,주수원,191,9,8.2,41.2,10,200,필댐(균일형),74260,190,16.5,494.49,480.02,14.47,사통형,131,130,118.59,041-730-2127
4423010073,충남,논산,서당,충청남도 논산시 양촌면 반곡리,1945-01-01,1945-12-30,2,보조수원,19,1.1,1,12,10,100,필댐(균일형),2203,102,4,16.85,12.62,4.23,사통형,60.1,59,57,041-730-2127
4423010080,충남,논산,강청,충청남도 논산시 가야곡면 강청리,1975-12-01,1976-12-30,1,주수원,178,7.4,6.73,70.1,10,200,필댐(균일형),60720,165,16,323,234.39,88.62,사통형,79.75,78,69,041-730-2127
4423010081,충남,논산,국동,충청남도 논산시 가야곡면 함적리,1945-01-01,1946-12-30,2,보조수원,43,1.33,0.8,8.7,10,100,필댐(균일형),2427,132,4.1,11.57,10.36,1.21,사통형,52.8,52.3,50.3,041-730-2127
4423010085,충남,논산,유와골,충청남도 논산시 은진면 용산리,1957-01-01,1961-12-30,2,보조수원,35,0.76,0.7,14.1,5,100,필댐(균일형),4307,87,9,8.27,7.78,0.49,사통형,33.3,32.5,30.5,041-730-2127
4423010086,충남,논산,성덕,충청남도 논산시 은진면 성덕리,1935-01-01,1935-12-31,2,보조수원,15,0.3,0.3,4,5,100,필댐(균일형),2037,76,4,1.89,1.67,0.22,사통형,18,17.5,16.5,041-730-2127
4423010087,충남,논산,수락,충청남도 논산시 벌곡면 수락리,2000-01-03,2002-12-31,1,주수원,621,13.5,12.3,192,10,200,필댐(균일형),10268,124,25.5,921.07,856.31,64.76,사통형,223.4,222.2,210,041-730-2127
4471010014,충남,세종.대전.금산,화림,충청남도 금산군 금성면 상가리,1950-04-20,1956-12-28,1,주수원,466,10.7,10.28,95.3,10,100,필댐(죤형),30127,103,13,389.68,389.68,0,사통형,181.6,180.4,172.9,044-860-3331
4471010057,충남,세종.대전.금산,홍도,충청남도 금산군 남일면 신정리,1971-10-01,1974-01-01,2,보조수원,230,1.79,1.56,30,10,100,필댐(죤형),13809,56,13.7,55.3,55.3,0,사통형,211.68,210.48,201.5,044-860-3331
4471010058,충남,세종.대전.금산,신동,충청남도 금산군 남일면 신동리,1956-01-01,1961-01-01,1,주수원,670,12,19.5,59.7,10,100,필댐(죤형),40275,139,19,1887.37,1880.86,6.51,사통형,233,232,213,044-860-3331
4471010071,충남,세종.대전.금산,청림,충청남도 금산군 진산면 행정리,1967-01-01,1970-01-01,1,주수원,480,10.6,9.83,85.3,10,100,필댐(죤형),62524,196.4,14.5,690.5,679.2,11.3,사통형,231.7,230.8,218.1,044-860-3331
4471010082,충남,세종.대전.금산,지동,충청남도 금산군 추부면 용지리,1952-03-20,1958-01-01,2,주수원,280,8.12,7.3,58.9,10,100,필댐(죤형),32405,114,12.2,164,164,0,사통형,215,213.5,206.5,044-860-3331
4471010087,충남,세종.대전.금산,장산,충청남도 금산군 추부면 요광리,1952-03-20,1958-01-01,2,주수원,186,7,6.2,16.4,10,100,필댐(죤형),38544,176,14.6,222,220,2,사통형,211.5,210.5,200.5,044-860-3331
4471010088,충남,세종.대전.금산,동곡,충청남도 금산군 제원면 동곡리,1997-12-04,2002-12-31,1,주수원,450,9.86,9.1,123.7,10,100,필댐(죤형),159600,122,30,848.2,826.4,21.8,취수탑형,197.5,196.3,178.5,044-860-3331
4471010089,충남,세종.대전.금산,숭암,충청남도 금산군 추부면 장대리,1952-12-26,1958-01-01,1,주수원,358,11.25,10.4,95.4,10,100,필댐(죤형),22176,88,12.6,437.5,414.3,23.2,사통형,230.6,229.3,222.6,044-860-3331
4471010090,충남,세종.대전.금산,석동,충청남도 금산군 남이면 석동리,1998-12-24,2005-12-26,1,주수원,322.6,10.29,9.63,150.7,10,200,필댐(죤형),188220,174,27.6,992.6,927.6,65,취수탑형,254.3,253,237,044-860-3331
4473010004,충남,세종.대전.금산,용암,세종특별자치시 연서면 고복리,1979-12-20,1989-01-01,1,주수원,1620,92.34,79.3,477.5,10,100,필댐(죤형),84524,226,17,5284.1,4867.9,416.2,취수탑형,61.3,60.5,50.16,044-860-3331
4476010006,충남,부여,반산,충청남도 부여군 규암면 합송리,1946-06-01,1956-06-30,1,주수원,1740,137.6,125,765.1,10,200,필댐(균일형),438043,907,12.6,5692,5652,40,취수탑형,17.8,16.6,8,041-837-9512
4476010042,충남,부여,상천,충청남도 부여군 홍산면 상천리,1942-01-01,1943-12-01,1,주수원,353,12,11,182.9,10,200,필댐(균일형),69176,110,16.5,684,615,69,사통형,70.3,69.3,57.5,041-837-9512
4476010046,충남,부여,옥산,충청남도 부여군 옥산면 안서리,1929-04-01,1930-09-01,1,주수원,1700,74.5,73,481.6,10,200,필댐(균일형),1534326,548,11.7,2682,2413,269,사통형,27,26,21.3,041-837-9512
4476010060,충남,부여,복심,충청남도 부여군 충화면 만지리,1929-04-01,1930-09-01,1,주수원,1761,110.5,96.1,479,10,200,필댐(죤형),74622,326,12.57,4711,4706.4,4.6,취수탑형,21.3,20,12,041-837-9512
4476010069,충남,서천,덕용,충청남도 부여군 양화면 송정리,1943-12-06,1955-05-31,1,주수원,1580,101,86.4,1071,10,200,필댐(죤형),19757,298,18,5660.9,5660.9,0,취수탑형,29.2,28.2,14.8,041-950-7712
4476010076,충남,부여,가신,충청남도 부여군 임천면 가신리,1940-11-01,1941-12-01,1,주수원,200,14,13,62.3,10,200,필댐(균일형),42374,164,11.5,433,426,7,사통형,28,27,20.4,041-837-9512
4476010084,충남,부여,두곡,충청남도 부여군 임천면 두곡리,1943-01-01,1944-12-01,2,주수원,92,3.7,3.4,21.7,10,200,필댐(균일형),15484,135,6.9,111,100.03,10.97,사통형,36.1,35.1,30,041-837-9512
4476010094,충남,부여,마하동,충청남도 부여군 세도면 귀덕리,1944-01-01,1945-05-31,2,주수원,65,7,5.9,36.4,10,200,필댐(균일형),14689,163,5,136.52,129,7.52,사통형,11.55,11.05,7.5,041-837-9512
4476010095,충남,부여,삼산,충청남도 부여군 외산면 삼산리,2001-12-17,2009-12-30,1,주수원,180,5.86,5.18,80,10,200,필댐(균일형),182440,210,25.7,546.2,543.2,3,취수탑형,166.5,165.5,145,041-837-9512
4476010096,충남,부여,화성,충청남도 부여군 외산면 화성리,2001-12-17,2009-12-30,1,주수원,205,10.57,8.58,80.2,10,200,필댐(균일형),123880,200,24.7,724.4,720.9,3.5,취수탑형,182.5,181.5,166,041-837-9512
4476010243,충남,부여,초촌,충청남도 부여군 초촌면 세탑리,2017-05-15,2021-12-15,1,주수원,238.8,121.7,103.5,0,10,20,필댐(죤형),0,168,19,1034,942,92,사통형,53,51.8,41,041-837-9512
4477010004,충남,서천,축동,충청남도 서천군 한산면 축동리,1945-09-01,1955-05-31,1,주수원,752,96,82.4,370,10,200,필댐(죤형),7612,397,5.9,1707,1490.8,216.2,취수탑형,17.03,15.93,15.3,041-950-7712
4477010006,충남,서천,동부,충청남도 서천군 마산면 이사리,1923-11-17,1926-06-10,1,주수원,2834,268.4,244.08,2477,10,200,필댐(죤형),6665,126,12.1,12182,10733.8,1448.2,취수탑형,17,15.5,7,041-950-7712
4477010007,충남,서천,문산,충청남도 서천군 문산면 신농리,1957-12-15,1964-12-04,1,주수원,960,40.2,36.7,261,10,200,필댐(죤형),13965,350,11.4,973.2,973.19,0.01,사통형,14.9,11.4,4.9,041-950-7712
4477010010,충남,서천,종천,충청남도 서천군 종천면 신검리,1956-10-21,1962-05-31,1,주수원,1200,52.47,50.1,385,10,200,필댐(죤형),221334,254,20,3381,3353.14,27.86,사통형,44.1,42.9,26.9,041-950-7712
4477010011,충남,서천,서부,충청남도 서천군 종천면 석촌리,1923-11-17,1926-06-10,1,주수원,3039,139.43,124.8,1627,10,200,필댐(죤형),24513,298,17.69,8018.3,7989,29.3,취수탑형,22.78,21.16,10,041-950-7712
4477010015,충남,서천,안치,충청남도 서천군 비인면 성북리,1943-09-04,1945-09-20,2,주수원,110,9,4.23,53,10,200,필댐(죤형),2875,80.1,11.8,167.09,167.04,0.05,사통형,14.67,13.8,6.7,041-950-7712
4477010020,충남,서천,주항,충청남도 서천군 서면 월리,1946-11-01,1958-08-28,1,주수원,367,32.49,32.2,163,10,200,필댐(죤형),4514,283,8.3,744,690.69,53.31,취수탑형,8.6,8.3,4.5,041-950-7712
4479010002,충남,청양,적누,충청남도 청양군 청양읍 적누리,1985-08-12,1997-12-31,1,주수원,452,24.5,23.15,164.3,10,200,필댐(죤형),1489000,212,31.6,2625.9,2610.8,15.1,취수탑형,123.7,123,101.1,041-940-1733
4479010014,충남,청양,모곡,충청남도 청양군 운곡면 모곡리,1977-01-01,1978-12-31,2,주수원,58,1,1.5,13,5,100,필댐(죤형),2770,60,4.7,7.5,7.5,0,사통형,112.5,111.68,108,041-940-1733
4479010015,충남,청양,신대(운곡),충청남도 청양군 운곡면 신대리,1975-11-17,1977-12-20,1,주수원,962,28.1,27.68,191,10,200,필댐(죤형),1599000,203,18.6,2989.5,2929.5,60,사통형,99.6,98.4,83,041-940-1733
4479010033,충남,청양,천장,충청남도 청양군 정산면 천장리,1972-12-14,1978-12-31,1,주수원,1270,25.5,24.14,551,10,200,필댐(죤형),2160000,244,31.4,2882,2877.5,4.5,취수탑형,99.8,98.9,73,041-940-1733
4479010038,충남,청양,내지곡,충청남도 청양군 목면 지곡리,1943-01-01,1945-12-31,2,주수원,32,0.6,1.2,17.9,5,100,필댐(죤형),4900,59,5.4,3.22,3.22,0,사통형,41,39.97,37.47,041-940-1733
4479010041,충남,청양,아산,충청남도 청양군 청남면 아산리,1943-01-01,1945-12-31,2,주수원,29,0.8,2,20,10,100,필댐(죤형),4600,64,3.4,9,8.6,0.4,사통형,29.3,28.25,25.9,041-940-1733
4479010044,충남,청양,도림,충청남도 청양군 장평면 적곡리,1987-12-01,2001-12-15,1,주수원,650,27.32,26.27,482,10,200,필댐(죤형),3160000,175,39.1,3829,3776,53,취수탑형,92.2,91,63,041-940-1733
4479010046,충남,청양,관현(갓고개),충청남도 청양군 장평면 관현리,1943-01-01,1945-12-31,2,주수원,78,0.5,1.1,20,10,200,필댐(죤형),21000,60,6,4.31,4.31,0,사통형,39.66,38.66,36.76,041-940-1733
4479010061,충남,청양,화암,충청남도 청양군 화성면 화암리,1943-11-11,1945-03-30,1,주수원,170,7.3,6.7,69,10,200,필댐(죤형),314000,71.5,13,414,400.5,13.5,사통형,120.5,119.3,109,041-940-1733
4479010063,충남,청양,신리,충청남도 청양군 화성면 수정리,1944-01-01,1945-03-31,2,주수원,68,2.4,1.99,32,10,100,필댐(죤형),99000,92,14.5,158.5,158.5,0,사통형,103.75,102.65,92.86,041-940-1733
4479010065,충남,청양,수정,충청남도 청양군 화성면 수정리,1989-01-01,1994-12-31,1,주수원,106,5.2,4.8,53,10,200,필댐(죤형),322000,196,24.3,337.4,336.6,0.8,사통형,119.2,118.33,102,041-940-1733
4479010067,충남,청양,원당1,충청남도 청양군 화성면 용당리,1963-01-01,1965-12-31,2,주수원,25,1.8,1.1,9.6,10,100,필댐(죤형),8000,48,11,13.8,13.8,0,사통형,104.3,103.45,96,041-940-1733
4479010070,충남,청양,매산,충청남도 청양군 화성면 매산리,1976-12-01,1979-09-28,1,주수원,345,9.1,8.96,101.9,10,200,필댐(죤형),412000,166,19.9,555,554.4,0.6,사통형,103.75,102.6,89,041-940-1733
4479010075,충남,청양,사점,충청남도 청양군 비봉면 사점리,1944-01-03,1945-03-30,2,주수원,206.7,6.5,6,99.9,10,100,필댐(죤형),328000,82,15.4,296.9,296.9,0,사통형,72.4,71.5,61,041-940-1733
4479010076,충남,청양,관산2,충청남도 청양군 비봉면 관산리,1975-01-01,1977-12-31,2,주수원,143,2.4,2,12,10,100,필댐(죤형),23000,56,12.4,28.7,28.7,0,사통형,93.2,92.4,85.5,041-940-1733
4479010077,충남,청양,관산,충청남도 청양군 비봉면 관산리,1985-08-12,1997-12-31,1,주수원,250,11.5,11.27,156,10,200,필댐(죤형),995000,168,31,1169.9,1169.6,0.3,취수탑형,108.1,107.1,83.5,041-940-1733
4479010079,충남,청양,갈망골,충청남도 청양군 비봉면 강정리,2000-12-19,2004-12-20,2,주수원,55,3.7,3.6,28,10,100,필댐(죤형),15500,137,9,189,155,34,사통형,54.8,54,48,041-940-1733
4479010080,충남,청양,안골,충청남도 청양군 비봉면 강정리,1962-01-01,1964-12-31,2,주수원,35,0.75,1.2,15,10,200,필댐(죤형),8880,93,5.1,15.2,14.9,0.3,사통형,47.2,46.22,43,041-940-1733
4479010083,충남,청양,용천,충청남도 청양군 비봉면 용천리,1956-01-01,1958-12-31,2,주수원,102,5,4.58,36.1,10,100,필댐(죤형),131000,248.5,7.8,156.4,150,6.4,사통형,67,66.22,61.8,041-940-1733
4479010084,충남,청양,방한,충청남도 청양군 비봉면 방한리,1956-01-02,1958-12-31,2,주수원,100,3,2.71,70,10,200,필댐(죤형),147000,174,13,140.4,118.9,21.5,사통형,86.4,85.2,79.6,041-940-1733
4479010085,충남,청양,신정,충청남도 청양군 화성면 신정리,1970-01-01,1971-12-31,2,주수원,75,1.8,1.36,26.6,10,200,필댐(죤형),45200,67,12,48.8,48.8,0,사통형,94.79,93.79,89.37,041-940-1733
4479010086,충남,청양,원용두,충청남도 청양군 정산면 용두리,1954-01-01,1955-12-31,2,주수원,174,1.5,1.24,22,5,200,필댐(죤형),10200,125,5,14.6,14.6,0,사통형,66.6,65.6,64,041-940-1733
4479010087,충남,청양,은곡,충청남도 청양군 장평면 적곡리,1987-12-01,2001-12-31,1,주수원,168,11.5,10.52,125,10,200,필댐(죤형),867000,169,28.8,921.9,866.5,55.4,사통형,84.75,83.95,71.6,041-940-1733
4479010088,충남,청양,장재,충청남도 청양군 비봉면 장재리,1956-01-01,1958-12-31,2,주수원,29,0.9,1.5,11.3,5,100,필댐(죤형),7890,82,4.3,12.1,12.1,0,사통형,66.81,65.81,63.5,041-940-1733
4479010089,충남,청양,대박,충청남도 청양군 정산면 대박리,2002-09-10,2005-12-23,1,주수원,77,4.4,4.1,50,10,200,필댐(죤형),275000,146,25,347,345,2,사통형,115,114,100,041-940-1733
4479010090,충남,청양,칠갑,충청남도 청양군 대치면 광대리,1991-08-12,2013-12-31,1,주수원,1730,66.3,58.6,682,10,200,필댐(죤형),299212,250,31.38,5084.5,4760,324.5,취수탑형,141,139,125,041-940-1733
4479010157,충남,청양,온암,충청남도 청양군 남양면 온암리,2003-12-17,2017-12-31,1,주수원,750,27.97,25.02,0,10,100,필댐(죤형),0,241,22.4,2024.4,1747,277.4,취수탑형,123.8,122.3,110,041-940-1733
4479010170,충남,청양,본의,충청남도 청양군 목면 본의리,2006-12-22,2018-12-20,1,주수원,380,19.36,18.1,0,10,200,필댐(죤형),181000,181,32.6,1600,1390,210,취수탑형,68.8,67.6,50,041-940-1733
4480010004,충남,홍성,벽정,충청남도 홍성군 광천읍 벽계리,1941-01-01,1945-01-01,2,주수원,210,12.9,6.36,57.9,10,100,필댐(균일형),5724,106,10.8,205,205,0,사통형,35.35,34.35,27.6,041-630-5700
4480010007,충남,홍성,월암,충청남도 홍성군 금마면 봉서리,1981-03-07,1992-01-01,1,주수원,205,8.75,7.9,35.2,10,100,필댐(균일형),8232,168,10,323.3,309.2,14.1,사통형,62.5,61.5,55,041-630-5700
4480010008,충남,홍성,홍양,충청남도 홍성군 홍성읍 구룡리,1941-01-01,1945-01-01,1,주수원,2410,104.32,67.46,441.5,10,100,필댐(균일형),9455,153,10.3,2057.4,2057.4,0,사통형,33.8,32.4,24.3,041-630-5700
4480010011,충남,홍성,장곡,충청남도 홍성군 장곡면 화계리,1976-01-01,1978-01-01,1,주수원,1064,39.49,29.78,255.4,10,100,필댐(균일형),38137,521,12.2,1121.7,1121.7,0,사통형,42,41,34,041-630-5700
4480010012,충남,홍성,홍동,충청남도 홍성군 장곡면 지정리,1945-01-01,1955-01-01,1,주수원,1480,60,40.7,234.5,10,100,필댐(균일형),9970,191,9.4,1063.8,1063.8,0,사통형,45,44,40.3,041-630-5700
4480010039,충남,홍성,가곡,충청남도 홍성군 갈산면 가곡리,1982-01-01,1984-01-01,1,주수원,462,20.16,19.1,201.4,10,200,필댐(균일형),31590,234,22.5,1574.7,1542.7,32,사통형,86,85.5,71,041-630-5700
4480010042,충남,홍성,대사,충청남도 홍성군 갈산면 대사리,1978-01-01,1984-01-01,1,주수원,290,17.5,16.6,162.9,10,100,필댐(균일형),30960,240,21.5,1376.2,1376.2,0,사통형,88,87,68.5,041-630-5700
4480010043,충남,홍성,공리,충청남도 홍성군 구항면 공리,1983-01-01,1985-01-01,1,주수원,370,32.8,29.6,167.5,10,100,필댐(균일형),12160,152,16,1507.2,1463.2,44,사통형,45,43.5,32.5,041-630-5700
4480010044,충남,홍성,천태,충청남도 홍성군 장곡면 천태리,1996-12-27,2005-12-20,1,주수원,881,42.76,35.53,246.1,10,200,필댐(균일형),9707,108,14.98,1476.6,1290,186.6,취수탑형,53,52,45,041-630-5700
4481010005,충남,예산,수철,충청남도 예산군 예산읍 수철리,1930-01-01,1931-08-31,1,주수원,490,16.6,14.1,201.5,10,200,필댐(죤형),196000,223.6,16.84,785,782.5,2.5,사통형,135.58,134.58,124.49,041-330-3535
4481010006,충남,예산,방산,충청남도 예산군 대술면 방산리,1976-11-09,1982-11-30,1,주수원,690,38.2,33.2,265.6,10,200,필댐(죤형),242377,330,19,2065,2054,11,사통형,95,95,82,041-330-3535
4481010007,충남,예산,송석,충청남도 예산군 대술면 송석리,1976-08-16,1982-11-30,1,주수원,560,27,23.5,171.4,10,200,필댐(죤형),280000,270,19.9,1429.9,1415.6,14.3,사통형,115.8,115.5,104,041-330-3535
4481010012,충남,예산,여래미,충청남도 예산군 신양면 여래미리,1985-08-10,1990-12-20,1,주수원,380,15,14,138.3,10,200,필댐(죤형),292560,184,26.5,1366.2,1242,124.2,취수탑형,101.65,100.65,85,041-330-3535
4481010019,충남,예산,산묵,충청남도 예산군 광시면 대리,1979-12-27,1982-12-20,1,주수원,220,10.8,9.3,98.3,10,200,필댐(죤형),120800,99,22,730.1,714.4,15.7,사통형,92,91,76,041-330-3535
4481010020,충남,예산,보강(대리),충청남도 예산군 광시면 대리,1979-12-27,1982-12-20,1,주수원,160,6.5,6.1,71.1,10,200,필댐(죤형),200800,103,26.5,490,490,0,사통형,96.8,96,78,041-330-3535
4481010021,충남,예산,예당(대흥),충청남도 예산군 응봉면 입침리,1952-12-29,1964-12-31,1,주수원,37360,1180,1088.7,6917.4,10,200,콘크리트댐(중력형),164000,247.5,19.1,47103.2,46070.2,1033,취수탑형,22.5,22.5,14.5,041-330-3535
4481010022,충남,예산,옥계,충청남도 예산군 덕산면 옥계리,1952-10-04,1957-06-29,1,주수원,1182,43.2,43.2,296.8,10,200,필댐(죤형),22428,178,18,3050.7,3013.7,37,취수탑형,72.4,71.2,59,041-330-3535
4481010023,충남,예산,상가,충청남도 예산군 덕산면 상가리,1985-10-10,1992-12-31,1,주수원,234,4,4,16.6,10,200,필댐(죤형),11008,283,28,348,333.1,14.9,사통형,174.5,171.5,158,041-330-3535
4481010024,충남,예산,용봉,충청남도 예산군 덕산면 둔리,1976-06-05,1978-12-20,1,주수원,420,18.5,16.7,91.9,10,200,필댐(죤형),49000,148,11.1,521.3,516.7,4.6,사통형,58.8,57.5,51.5,041-330-3535
4481010025,충남,홍성,광천,충청남도 예산군 덕산면 광천리,1985-01-01,1988-01-01,1,주수원,120,4.1,3.9,64.7,10,100,필댐(균일형),11468,139,16.5,317.9,317.9,0,사통형,101,100,85.5,041-630-5700
4481010027,충남,예산,봉림,충청남도 예산군 봉산면 사석리,1942-05-09,1944-03-28,1,주수원,745,26.59,26.59,234,10,200,필댐(죤형),27431,359,17.8,2221,2217,4,취수탑형,78.4,77.4,63,041-330-3535
4481010050,충남,예산,하천,충청남도 예산군 신양면 하천리,2005-12-13,2012-11-30,1,주수원,190,11.62,11.06,91.4,10,200,필댐(죤형),4800,231,20.9,810.5,707,103.5,사통형,92.4,91.6,78,041-330-3535
4482010002,충남,서산.태안,인평,충청남도 태안군 태안읍 인평리,1937-04-10,1938-12-30,1,주수원,1062,54.19,43.81,202.9,10,100,필댐(코어형),27522,527,7,970,890.7,79.3,사통형,6.6,6,3.2,041-660-8533
4482010009,충남,서산.태안,승언1호,충청남도 태안군 안면읍 승언리,1954-03-25,1959-12-31,2,주수원,176,20.95,20.95,42.2,10,100,필댐(코어형),8085,280,3.5,246.3,244.4,1.9,기타,3.8,3.3,1.4,041-660-8533
4482010010,충남,서산.태안,승언2호,충청남도 태안군 안면읍 승언리,1954-03-25,1959-12-31,1,주수원,282.8,52.01,48.87,97.9,10,100,필댐(코어형),11606,290,5.5,617.88,617.88,0,사통형,4.9,4,1.5,041-660-8533
4482010011,충남,서산.태안,승언3호,충청남도 태안군 안면읍 승언리,1954-03-25,1959-12-31,2,주수원,104,17.1,16.25,40.7,10,100,필댐(코어형),11606,416,3.5,229.4,228.4,1,사통형,4.9,3.5,1.5,041-660-8533
4482010015,충남,서산.태안,창기,충청남도 태안군 안면읍 창기리,1954-03-25,1959-12-31,1,주수원,88.4,11.06,11.06,32.9,7,100,필댐(코어형),12716,294,4,309,265,44,사통형,5.5,5,2.1,041-660-8533
4482010016,충남,서산.태안,미포,충청남도 태안군 안면읍 창기리,1979-01-01,1983-01-01,1,주수원,32.7,21,20.8,166.5,10,100,필댐(코어형),110594,895,11,1221.4,946.8,274.6,사통형,8.7,8.2,3.2,041-660-8533
4482010019,충남,서산.태안,신야,충청남도 태안군 안면읍 중장리,1978-11-07,1982-12-22,2,주수원,20,12.4,12.4,73.8,5,100,필댐(코어형),32150,596,6,265,265,0,기타,9.4,8.8,0,041-660-8533
4482010021,충남,서산.태안,지포,충청남도 태안군 안면읍 중장리,1956-06-25,1960-12-30,2,주수원,127,19.1,18.5,70.8,10,100,필댐(코어형),17139,529,3.8,269.2,268.7,0.5,사통형,4.3,3.8,1.4,041-660-8533
4482010027,충남,서산.태안,수룡,충청남도 태안군 근흥면 수룡리,1957-06-27,1960-12-31,1,주수원,750,75.22,50.02,268.8,5,40,필댐(코어형),15825,211,7.5,1286.73,1284.98,1.75,사통형,9.94,8.94,4.5,041-660-8533
4482010033,충남,서산.태안,송현,충청남도 태안군 소원면 송현리,1978-11-07,1982-12-30,2,주수원,258,11.2,11.2,88.3,10,100,필댐(코어형),15584,234,6,220.9,219.6,1.3,사통형,5.4,4.6,1.4,041-660-8533
4482010034,충남,서산.태안,구들,충청남도 태안군 소원면 의항리,1975-01-01,1977-01-01,2,주수원,32,0.8,0.8,4.1,10,10,필댐(코어형),1905,127,2.5,7.6,7.6,0,사통형,3.5,3,1.4,041-660-8533
4482010036,충남,서산.태안,반계1호,충청남도 태안군 원북면 이곡리,1929-04-10,1930-12-30,1,주수원,287,27.8,24.98,83.2,5,20,필댐(코어형),24300,324,7.5,446.56,445.04,1.52,기타,5.09,4.49,2,041-660-8533
4482010038,충남,서산.태안,황촌3호,충청남도 태안군 원북면 황촌리,1929-04-10,1930-12-30,2,주수원,62,4.23,4.23,11.5,5,20,필댐(코어형),4672,146,4.2,56,56,0,사통형,4.1,3.6,1.4,041-660-8533
4482010039,충남,서산.태안,신두2호,충청남도 태안군 원북면 신두리,1929-04-10,1930-12-30,2,주수원,138,13.5,13.03,36.8,7,20,필댐(코어형),6008,268,4.92,182.3,181,1.3,사통형,5,4.2,2.2,041-660-8533
4482010045,충남,서산.태안,사창,충청남도 태안군 이원면 사창리,1948-01-01,1952-12-26,1,주수원,215,19.09,15.53,57.7,10,100,필댐(코어형),16380,407,6.3,446.1,312.8,133.3,사통형,5,4.5,2.2,041-660-8533
4482510001,충남,서산.태안,중장,충청남도 태안군 안면읍 중장리,1999-12-11,2002-12-10,1,주수원,16,8.6,8.6,78.3,10,20,필댐(코어형),165478,624,15.8,624,513,111,사통형,10,9,2.4,041-660-8533
4482510002,충남,서산.태안,대야,충청남도 태안군 고남면 누동리,1999-03-15,2007-12-31,1,주수원,124.8,40.19,40.19,292.5,10,10,필댐(균일형),108038,374,12.7,2086.1,1883.8,202.3,사통형,9.65,9.1,3.6,041-660-8533
4482510003,충남,서산.태안,장곡,충청남도 태안군 고남면 장곡리,1998-12-01,2007-12-31,1,주수원,74,9.01,9.01,46.7,10,100,필댐(균일형),56254,228,9.1,395.3,364.5,30.8,사통형,10,9.2,4,041-660-8533
4482510036,충남,서산.태안,모항,충청남도 태안군 소원면 모항리,2010-03-29,2020-12-21,1,주수원,67,19,18.3,0,0,0,필댐(코어형),0,289,14.5,1086,973,113,사통형,0,0,0,041-660-8533
4483010007,충남,당진,백미,충청남도 당진시 합덕읍 대전리,1935-03-01,1938-12-30,2,주수원,220,8.7,7.6,28,3,20,필댐(균일형),185855,470.9,4.5,215,93.5,121.5,사통형,12.65,11.96,10.6,041-351-9114 
4483010008,충남,당진,온동,충청남도 당진시 고대면 당진포리,1925-01-01,1933-01-01,2,주수원,150,9.75,9.8,23,3,20,필댐(균일형),55968,521,4.4,86.2,86.2,0,기타,5,4.4,2.6,041-351-9114 
4483010009,충남,당진,항곡,충청남도 당진시 고대면 항곡리,1952-01-17,1955-06-30,2,보조수원,104,4.1,4.1,30,3,20,필댐(균일형),35477,200,6.7,94.2,82,12.2,사통형,10.77,10.77,7.27,041-351-9114 
4483010010,충남,당진,석문,충청남도 당진시 석문면 삼봉리,1963-07-01,1968-06-21,1,보조수원,1750,84,58.9,135,3,20,필댐(균일형),110688,350,11,975,975,0,사통형,1.8,0.8,-4.5,041-351-9114 
4483010035,충남,당진,순성,충청남도 당진시 면천면 원동리,1953-03-01,1959-12-31,1,주수원,850,39.7,39.7,257,3,20,필댐(균일형),103343,464,8.9,1428,1357,71,사통형,34.73,33.45,28.5,041-351-9114 
4483010043,충남,당진,초대,충청남도 당진시 신평면 초대리,1971-07-24,1975-12-30,1,주수원,470,39.2,24.1,147,3,20,필댐(균일형),51773,279,8.2,1080,1026,54,사통형,14.05,12.82,8.55,041-351-9114 
4483010044,충남,당진,오봉,충청남도 당진시 신평면 상오리,1921-04-12,1922-05-15,1,주수원,2020,46.17,46.2,367,3,20,필댐(균일형),36330,405,5.3,875,875,0,취수탑형,10.56,10.05,7.05,041-351-9114 
4483010047,충남,당진,송악,충청남도 당진시 송악읍 가교리,1952-04-01,1958-12-31,1,주수원,254,13,10.1,161,3,20,필댐(균일형),49030,166,10.4,488,463,25,사통형,32.59,31.14,26.58,041-351-9114 
4483010048,충남,당진,전대,충청남도 당진시 송악읍 전대리,1957-02-01,1959-12-31,1,주수원,234,15.6,15.6,105,3,20,필댐(균일형),35299,210,7.8,619,587,32,사통형,13.48,12.45,7.12,041-351-9114 
4483010049,충남,당진,당산,충청남도 당진시 송산면 당산리,1941-03-03,1944-12-29,2,보조수원,170,12.2,5,30,3,20,필댐(균일형),6240,450,4,37,37,0,기타,5.29,4.29,1.79,041-351-9114 
4511010037,전북,전주.완주.임실,은석,전북특별자치도 전주시 완산구 색장동,1953-01-01,1957-01-01,2,주수원,148.1,1.84,1.04,11.7,10,100,필댐(죤형),27544,93.5,15,68,68,0,사통형,98.88,98.28,92.5,063-270-0526
4511010050,전북,전주.완주.임실,인교,전북특별자치도 전주시 덕진구 우아동1가,1952-01-01,1961-10-30,1,주수원,1015,29.75,26.05,188.4,10,100,필댐(죤형),108038,205,15.03,1388.2,1376.2,12,취수탑형,76.5,75.5,64.3,063-270-0526
4511010055,전북,전주.완주.임실,전당,전북특별자치도 전주시 덕진구 전미동1가,1938-01-01,1940-01-01,2,주수원,17,2,1.96,5,10,100,필댐(죤형),2806,115,3,27,27,0,사통형,26.61,25.61,24.51,063-270-0526
4511010056,전북,전주.완주.임실,백석,전북특별자치도 전주시 덕진구 전미동1가,1955-01-01,1964-01-01,1,주수원,10625,35.09,31.87,374.2,10,100,필댐(죤형),218888,625,13.14,1560,1461,99,사통형,30.41,29.81,22.81,063-270-0526
4511010059,전북,전주.완주.임실,기지,전북특별자치도 전주시 덕진구 장동,1930-01-01,1934-01-01,1,주수원,790,41.6,39.06,127.5,10,100,필댐(죤형),121144,500,9.2,799.2,799.2,0,사통형,23.11,22.3,18.3,063-270-0526
4513010006,전북,군산,미룡,전북특별자치도 군산시 미룡동,1957-01-01,1959-12-31,1,주수원,366,88,88,1000,10,200,필댐(죤형),45895,269.6,9.7,3953,3953,0,사통형,11.22,10.9,5.7,063-440-5616
4513010007,전북,군산,옥녀,전북특별자치도 군산시 개사동,1965-01-01,1970-12-30,1,주수원,85,85,85,392,10,200,필댐(죤형),177949,3770,4.5,2630,2578,52,사통형,6.2,5.8,2.9,063-440-5616
4513010011,전북,군산,훈제,전북특별자치도 군산시 옥구읍 수산리,1931-01-01,1932-12-30,2,주수원,62,4.2,4,19,10,200,필댐(죤형),3723,146,3,80,79.8,0.2,사통형,4.99,4.74,1.5,063-440-5616
4513010012,전북,군산,금산,전북특별자치도 군산시 옥구읍 오곡리,1931-01-01,1932-12-30,2,주수원,37,1.99,1.89,16,10,200,필댐(죤형),4650,125,4,40,40,0,사통형,10.5,10,7.7,063-440-5616
4513010013,전북,군산,신장,전북특별자치도 군산시 옥구읍 오곡리,1932-01-01,1933-12-30,2,주수원,20,2,1.8,8,10,200,필댐(죤형),9000,120,6,54,54,0,사통형,11,10.5,7,063-440-5616
4513010020,전북,군산,백석,전북특별자치도 군산시 옥산면 당북리,1942-01-01,1945-12-30,2,주수원,70,21.1,13.6,52,10,200,필댐(죤형),8564,260,3.1,148,148,0,사통형,6.37,5.77,3.67,063-440-5616
4513010023,전북,군산,대위,전북특별자치도 군산시 회현면 고사리,1956-01-01,1962-01-01,1,주수원,100,29.2,29.2,230,10,200,필댐(죤형),41217,252,9.4,1147,1147,0,사통형,10.09,9.8,3.3,063-440-5616
4513010025,전북,군산,원우,전북특별자치도 군산시 회현면 원우리,1936-01-01,1937-12-30,2,주수원,30,2.9,2.3,17,10,200,필댐(죤형),2509,193,2,38.7,38.7,0,사통형,8.79,8.29,6.09,063-440-5616
4513010033,전북,군산,축산,전북특별자치도 군산시 임피면 축산리,1953-01-01,1955-12-30,2,주수원,150,9.43,8.3,114,10,200,필댐(죤형),28216,179,9.3,205,205,0,사통형,36.45,35,29.1,063-440-5616
4513010043,전북,군산,왕산,전북특별자치도 군산시 임피면 보석리,1929-01-01,1930-12-30,2,주수원,25,1.3,1.1,3,10,200,필댐(죤형),6796,166,4.6,18.4,18.4,0,사통형,9.4,6.87,6.23,063-440-5616
4513010044,전북,군산,금굴,전북특별자치도 군산시 임피면 보석리,1953-01-01,1955-12-30,2,보조수원,120,10.5,10.2,53,10,200,필댐(죤형),15780,292,5.6,232,206,26,사통형,8.6,8,4.5,063-440-5616
4513010060,전북,군산,수시,전북특별자치도 군산시 서수면 마룡리,1944-01-01,1945-12-30,2,주수원,38,5.39,5,62.7,10,200,필댐(죤형),16048,472,4,76,76,0,사통형,10.72,9.5,8.1,063-440-5616
4513010064,전북,군산,중초산,전북특별자치도 군산시 대야면 보덕리,1927-01-01,1928-12-30,2,보조수원,60,1.2,1,29,10,200,필댐(죤형),10150,100,7,25.4,25.4,0,사통형,23.06,22.76,17.96,063-440-5616
4513010065,전북,군산,북초산,전북특별자치도 군산시 대야면 보덕리,1942-01-01,1943-12-30,2,주수원,15,1.21,1.03,4,10,200,필댐(죤형),5500,110,5,21,21,0,사통형,21.56,19.71,15.51,063-440-5616
4513010069,전북,군산,충량,전북특별자치도 군산시 개정면 아동리,1937-01-01,1937-12-30,2,보조수원,14,1.1,1,5,10,200,필댐(죤형),2100,70,4,9,9,0,사통형,8.33,7.83,5.93,063-440-5616
4513010071,전북,군산,냉정,전북특별자치도 군산시 개정면 아산리,1933-01-01,1935-12-30,2,주수원,20,1,0.8,7,10,200,필댐(죤형),3400,183,5.6,12,12,0,사통형,12.57,11.37,9.57,063-440-5616
4513010073,전북,군산,성덕,전북특별자치도 군산시 성산면 성덕리,1939-01-01,1940-12-30,2,주수원,103,5.8,5.3,17,10,200,필댐(죤형),11631,181,5.4,103,103,0,사통형,7.5,7,4.9,063-440-5616
4513010074,전북,군산,요동,전북특별자치도 군산시 성산면 성덕리,1953-01-01,1954-12-30,2,보조수원,40,2.45,1.83,4,10,200,필댐(죤형),7700,140,5,46,46,0,사통형,9.57,8.97,5.87,063-440-5616
4513010075,전북,군산,후곡,전북특별자치도 군산시 성산면 성덕리,1953-01-01,1954-12-30,2,주수원,22,2.05,1.48,7,10,100,필댐(죤형),9843,125,4.5,36,36,0,사통형,9.47,8.57,5.47,063-440-5616
4513010076,전북,군산,죽곡,전북특별자치도 군산시 성산면 성덕리,1953-01-01,1954-12-30,2,보조수원,24,2.92,2.49,18,10,200,필댐(죤형),4936,182,3.5,34,34,0,사통형,11.6,10.6,7.6,063-440-5616
4513010085,전북,군산,옥곡,전북특별자치도 군산시 성산면 대명리,1967-01-01,1975-12-30,1,주수원,88.7,47.6,47.6,477,10,200,필댐(죤형),14175,630,13,2114,2114,0,사통형,15.1,13.6,4.6,063-440-5616
4513010096,전북,군산,강정,전북특별자치도 군산시 나포면 옥곤리,1932-01-01,1932-12-30,2,주수원,90,3,2.8,30,10,200,필댐(죤형),4223,206,6,66,66,0,사통형,10,9.6,6.8,063-440-5616
4513010097,전북,군산,대동,전북특별자치도 군산시 나포면 주곡리,1963-01-01,1965-12-30,2,주수원,75,7.5,7,68,10,200,필댐(죤형),10098,176,8.5,236,236,0,사통형,15.6,15,9.7,063-440-5616
4513010099,전북,군산,부곡,전북특별자치도 군산시 나포면 부곡리,1944-01-01,1948-03-31,2,주수원,141,6.8,6,66,10,200,필댐(죤형),35938,151,8.5,217,217,0,사통형,19.6,19,12.6,063-440-5616
4513010104,전북,군산,옥구,전북특별자치도 군산시 옥구읍 어은리,1921-01-01,1923-12-30,1,주수원,322,322,322,2260,10,200,필댐(죤형),860362,6086,5.15,12857,12826,31,기타,6.73,6.21,1.98,063-440-5616
4514010018,전북,익산,도촌,전북특별자치도 익산시 황등면 죽촌리,1944-02-01,1945-12-31,2,보조수원,10,2.41,2.25,11,10,20,필댐(죤형),2040,136,2.5,30.9,30.9,0,사통형,17.35,17.05,15.05,063-860-0036
4514010019,전북,익산,죽촌,전북특별자치도 익산시 황등면 죽촌리,1944-02-01,1945-12-31,2,보조수원,38,2,1.52,18,10,20,필댐(죤형),1800,120,2.31,4.5,4.5,0,사통형,18.32,17.16,16.5,063-860-0036
4514010020,전북,익산,부마,전북특별자치도 익산시 황등면 죽촌리,1943-02-01,1945-01-01,2,보조수원,8,1.35,1.34,10,10,20,필댐(죤형),1575,105,2,2.4,2,0.4,사통형,13.4,13,12,063-860-0036
4514010021,전북,익산,금성,전북특별자치도 익산시 황등면 죽촌리,1944-02-01,1945-12-31,2,보조수원,15,3.05,3,13,10,20,필댐(죤형),7650,204,3,53.7,53.5,0.2,사통형,10.48,10.28,7.78,063-860-0036
4514010022,전북,익산,신성,전북특별자치도 익산시 황등면 신성리,1944-02-01,1945-12-31,2,보조수원,7,3.1,2.7,8,10,20,필댐(죤형),2850,190,4.75,36,36,0,사통형,18.49,17.7,16.36,063-860-0036
4514010025,전북,익산,백운,전북특별자치도 익산시 함라면 함열리,1943-02-01,1944-12-31,2,주수원,31.4,1,0.9,10,10,50,필댐(죤형),7500,125,4.5,15.61,12.64,2.97,사통형,39.5,38.7,35.7,063-860-0036
4514010032,전북,익산,입남,전북특별자치도 익산시 함라면 신등리,1934-02-01,1935-12-31,2,주수원,102.7,6,5.4,6.3,10,50,필댐(죤형),62220,258,8.8,186,186,0,사통형,31.9,30.9,25.9,063-860-0036
4514010033,전북,익산,소룡,전북특별자치도 익산시 함라면 신목리,1941-02-01,1942-12-31,2,주수원,63.6,1.35,1.31,16,10,50,필댐(죤형),3800,124,4.1,21,19,2,사통형,32.27,31.27,28.27,063-860-0036
4514010035,전북,익산,입북,전북특별자치도 익산시 웅포면 입점리,1941-02-01,1942-12-31,2,주수원,30,1.1,1,1.9,10,20,필댐(죤형),5160,86,4,5.5,5.5,0,사통형,53.64,53.46,51.6,063-860-0036
4514010038,전북,익산,오류,전북특별자치도 익산시 웅포면 웅포리,1941-02-01,1942-12-31,2,보조수원,135,1.8,1.5,12,10,20,필댐(죤형),14880,124,6,20,20,0,사통형,9.59,8.35,7,063-860-0036
4514010040,전북,익산,진소,전북특별자치도 익산시 웅포면 송천리,1941-02-01,1942-12-31,2,주수원,24.11,0.6,0.6,3.6,10,20,필댐(죤형),7087,110,5.66,16,16,0,사통형,15.45,14.95,12,063-860-0036
4514010041,전북,익산,송천,전북특별자치도 익산시 웅포면 송천리,1967-02-01,1969-01-01,2,주수원,177.2,4.2,3.5,36,10,20,필댐(죤형),36135,132,10.33,176.4,166.6,9.8,사통형,22.33,21.13,15.5,063-860-0036
4514010042,전북,익산,고창,전북특별자치도 익산시 웅포면 고창리,1929-02-01,1930-12-31,2,주수원,166,1.2,1.2,5.3,10,200,필댐(죤형),7500,125,4.3,20,17,3,사통형,14.25,13.25,12,063-860-0036
4514010045,전북,익산,서산,전북특별자치도 익산시 웅포면 맹산리,1944-02-01,1945-12-31,2,주수원,8.3,1,1,8,10,20,필댐(죤형),12240,90,5.06,9.6,9.6,0,사통형,8.97,8.67,7,063-860-0036
4514010055,전북,익산,어란,전북특별자치도 익산시 낭산면 호암리,1944-02-01,1945-12-31,2,주수원,19.8,1.92,1.7,13,10,20,필댐(죤형),5700,152,3.8,30,30,0,사통형,17.25,16.8,14.3,063-860-0036
4514010061,전북,익산,낭산,전북특별자치도 익산시 낭산면 낭산리,1945-02-01,1947-01-01,1,주수원,626,25,24.78,296.7,20,20,필댐(죤형),65124,207,13.65,1320,1270,50,사통형,29.5,28.5,20,063-860-0036
4514010069,전북,익산,옥금,전북특별자치도 익산시 여산면 제남리,1943-02-01,1944-12-31,1,주수원,235,18.85,15.02,85.5,20,20,필댐(죤형),38100,175,9.8,357,357,0,사통형,28.8,28,22.5,063-860-0036
4514010072,전북,익산,학동,전북특별자치도 익산시 여산면 원수리,1943-02-01,1944-12-31,2,주수원,122,5.5,5.3,43.5,10,20,필댐(죤형),50482,272.5,12.6,285,285,0,사통형,76.7,76,66,063-860-0036
4514010073,전북,익산,원수,전북특별자치도 익산시 여산면 원수리,1944-02-01,1950-01-01,1,주수원,365,15.32,14.3,169.4,20,20,필댐(죤형),66482,226.4,9.9,602,602,0,사통형,59.4,58.96,51,063-860-0036
4514010084,충남,논산,현천,전북특별자치도 익산시 여산면 태성리,1936-01-01,1939-03-30,1,주수원,545,13.2,12,195.6,10,200,필댐(균일형),5147,180,7.5,308.48,300.13,8.35,사통형,40.5,39.2,35.4,041-730-2127
4514010093,전북,익산,금마,전북특별자치도 익산시 금마면 동고도리,1940-02-01,1941-12-31,1,주수원,452,25,24.95,229.1,20,20,필댐(죤형),69225,142,13,935,818,117,사통형,42.2,42,36,063-860-0036
4514010124,전북,익산,도순,전북특별자치도 익산시 왕궁면 용화리,1941-02-01,1942-12-31,1,주수원,275,17.12,13.71,154.4,20,20,필댐(죤형),70803,166,12.1,559.6,538,21.6,사통형,57.9,57,51,063-860-0036
4514010130,전북,익산,왕궁,전북특별자치도 익산시 왕궁면 동용리,1928-02-01,1931-01-01,1,주수원,866,49.9,47.9,540.6,20,20,필댐(죤형),174492,343,13.3,1957,1941,16,사통형,52.2,52,42.8,063-860-0036
4514010138,전북,익산,고교,전북특별자치도 익산시 삼기면 서두리,1944-02-01,1945-12-31,2,보조수원,36,2,0.9,16,10,20,필댐(죤형),8280,138,4,10,8.1,1.9,사통형,19.2,19,18,063-860-0036
4514010143,전북,익산,흥왕,전북특별자치도 익산시 용동면 흥왕리,1944-02-01,1945-12-31,2,보조수원,24,1.1,0.6,7,10,20,필댐(죤형),4500,120,3,3,3,0,사통형,11.17,10.98,9.8,063-860-0036
4514010147,전북,익산,당하,전북특별자치도 익산시 용동면 대조리,1944-02-01,1945-12-31,2,보조수원,23,4.35,4,80,10,20,필댐(죤형),5686,230,3.3,66.6,65.1,1.5,사통형,6.82,6.5,4.5,063-860-0036
4514010148,전북,익산,초삼,전북특별자치도 익산시 용동면 대조리,1944-02-01,1945-12-31,2,보조수원,27,2.6,1.39,10,10,20,필댐(죤형),4875,130,3,5.7,5.7,0,사통형,10.93,10.48,9.7,063-860-0036
4518010021,전북,정읍,용산,전북특별자치도 정읍시 용산동,1957-01-01,1965-01-01,1,주수원,1290,40.65,37.4,390.3,10,100,필댐(죤형),45401,547,16.6,2447,2439,8,사통형,86.9,85.11,72.61,063-530-0326
4518010028,전북,정읍,내장,전북특별자치도 정읍시 쌍암동,1956-01-01,1964-01-01,1,주수원,2300,84.8,79.12,591.6,10,200,필댐(죤형),74909,433,17.3,4832.2,4828.2,4,취수탑형,101.2,100,88,063-530-0326
4518010032,전북,정읍,부전,전북특별자치도 정읍시 부전동,1978-12-26,1985-12-20,1,주수원,480,22.53,17.6,249,10,100,필댐(죤형),40425,231,25,1751.5,1732.4,19.1,사통형,126.51,124.7,105,063-530-0326
4518010054,전북,정읍,지선,전북특별자치도 정읍시 입암면 지선리,1942-01-01,1944-12-29,1,주수원,266,21.3,19.1,122.4,3,100,필댐(죤형),20485,291,10,620,620,0,사통형,32.9,32.3,26.6,063-530-0326
4518010058,전북,정읍,입암,전북특별자치도 정읍시 입암면 천원리,1953-01-01,1958-01-01,1,주수원,1080,79.5,63.81,522.4,10,200,필댐(죤형),50406,1221,15.8,3660.7,3481.7,179,사통형,73.8,72.8,59.96,063-530-0326
4518010072,전북,정읍,애당,전북특별자치도 정읍시 소성면 주천리,1967-01-03,1971-12-03,1,보조수원,134,33.04,33.04,433,10,200,필댐(죤형),23547,334,14.18,1666,1587,79,사통형,37.76,35.64,25.94,063-530-0326
4518010073,전북,정읍,보화,전북특별자치도 정읍시 소성면 보화리,1969-01-01,1969-12-30,2,주수원,120,5,4.9,29,10,100,필댐(죤형),3434,202,6,64,63,1,사통형,18,17.8,16,063-530-0326
4518010094,전북,정읍,석우,전북특별자치도 정읍시 고부면 장문리,1929-01-01,1931-12-01,1,주수원,446,26.2,24.3,234,10,200,필댐(죤형),9945,234,8.4,991,991,0,취수탑형,21.16,19.55,14,063-530-0326
4518010098,전북,정읍,만수,전북특별자치도 정읍시 고부면 만수리,1944-01-01,1947-01-01,1,보조수원,255,28.05,27.26,187.1,10,100,필댐(죤형),12060,201,12,1378.6,1241.5,137.1,사통형,32.41,31.57,21.77,063-530-0326
4518010180,전북,정읍,오성,전북특별자치도 정읍시 옹동면 상산리,1987-01-01,1997-12-30,1,주수원,600,25,22.3,245,10,200,필댐(죤형),60904,368,33.1,2512.1,2413.1,99,취수탑형,72.02,69.77,51.77,063-530-0326
4518010207,전북,정읍,수청,전북특별자치도 정읍시 칠보면 수청리,1978-01-03,1985-12-30,1,주수원,1270,69.95,62.18,540.3,10,200,필댐(죤형),87000,290,35,7218,7001,217,취수탑형,117.4,116.2,94,063-530-0326
4518010231,전북,정읍,북창,전북특별자치도 정읍시 신정동,2003-12-08,2012-12-20,1,보조수원,91.4,3.9,3.6,43.3,10,100,필댐(균일형),41700,227,42.1,330,320,10,취수탑형,147.08,147,125.5,063-530-0326
4518010232,전북,정읍,신성,전북특별자치도 정읍시 신월동,2003-12-08,2013-12-20,1,보조수원,74,4.7,4.3,38,10,100,필댐(죤형),19600,161,28.4,370,360,10,사통형,130.2,130,111,063-530-0326
4519010024,전북,남원,주촌,전북특별자치도 남원시 운봉읍 덕산리,1960-01-01,1961-01-01,1,주수원,540,22.63,21.55,274.9,10,100,필댐(죤형),41452,320,18,1433,1353,80,사통형,520.12,519.28,506.72,063-620-2020
4519010026,전북,남원,공안,전북특별자치도 남원시 운봉읍 덕산리,1957-01-01,1960-01-01,1,주수원,357,5.47,5.47,84,10,100,필댐(죤형),322875,615,15,320.7,320.7,0,사통형,571.05,570.8,559.6,063-620-2020
4519010047,전북,남원,옥계,전북특별자치도 남원시 운봉읍 화수리,1991-01-01,1997-01-01,1,주수원,410,9.2,9.2,117,10,100,필댐(죤형),14802,261,41.8,1033.8,1010.7,23.1,취수탑형,489,488,466,063-620-2020
4519010049,전북,남원,동마,전북특별자치도 남원시 주천면 배덕리,2006-10-29,2014-10-29,1,주수원,192,3.51,3.51,54,10,200,필댐(죤형),199047,168,21,307,304.4,2.6,사통형,188.69,187.69,173,063-620-2020
4519010054,전북,남원,장안,전북특별자치도 남원시 주천면 용궁리,1942-01-01,1945-01-01,2,주수원,340,4.7,4.7,77,10,100,필댐(죤형),14400,207,14,251,251,0,사통형,198.9,198.05,189,063-620-2020
4519010055,전북,남원,무수,전북특별자치도 남원시 주천면 장안리,1957-10-01,1960-01-01,2,보조수원,5,0.33,0.33,4,10,100,필댐(죤형),3205,81,4.8,5.2,4.2,1,사통형,191.7,191.25,190,063-620-2020
4519010078,전북,남원,수송,전북특별자치도 남원시 수지면 호곡리,2011-10-01,2013-12-31,1,주수원,550,21.96,21.96,130.1,10,200,필댐(죤형),3315,123.4,17.5,1848,1846.34,1.66,사통형,123.3,123.3,109.35,063-620-2020
4519010123,전북,남원,금풍,전북특별자치도 남원시 주생면 도산리,2011-03-02,2012-12-20,1,주수원,1090,67.4,62.81,460,10,100,필댐(죤형),564732,315,16.6,4210,4181,29,사통형,91.6,90,78.2,063-620-2020
4519010126,전북,남원,감동,전북특별자치도 남원시 금지면 입암리,1941-01-01,1945-01-01,2,보조수원,70,1.03,1.03,7.5,10,100,필댐(죤형),2914,92,3.2,11.6,11.6,0,사통형,74.6,74.26,72.42,063-620-2020
4519010127,전북,남원,개금(개금실),전북특별자치도 남원시 금지면 입암리,1941-01-01,1945-01-01,2,보조수원,17,0.61,0.61,2.1,10,100,필댐(죤형),1859,82,2.7,7,5.6,1.4,사통형,73.4,73.21,72,063-620-2020
4519010131,전북,남원,택촌1,전북특별자치도 남원시 금지면 택내리,1942-01-01,1945-01-01,2,보조수원,7,0.37,0.37,2,10,100,필댐(죤형),13780,121,5.1,6.3,5.9,0.4,사통형,73.4,73.31,71,063-620-2020
4519010132,전북,남원,택촌2,전북특별자치도 남원시 금지면 택내리,1943-01-01,1945-01-01,2,보조수원,8,0.25,0.25,3,10,100,필댐(죤형),12555,110,7.2,5.7,5.7,0,사통형,82.7,82.5,79,063-620-2020
4519010133,전북,남원,택촌3,전북특별자치도 남원시 금지면 택내리,1942-10-01,1945-01-01,2,보조수원,7,0.27,0.27,3,10,100,필댐(죤형),64942,93,7.5,3.6,2.7,0.9,사통형,71.7,71.5,70,063-620-2020
4519010159,전북,남원,동화,전북특별자치도 장수군 번암면 죽림리,1987-01-01,1999-01-01,1,주수원,5880,126.83,126.83,2947.3,10,100,필댐(죤형),2747000,474,70.55,32348,31348,1000,취수탑형,324.6,322.6,279,063-620-2020
4519010204,전북,남원,서치,전북특별자치도 남원시 보절면 서치리,1940-01-01,1943-01-01,2,보조수원,61,1.41,1.41,20,10,100,필댐(죤형),15400,100,14,60,60,0,사통형,170.2,169.95,164,063-620-2020
4519010205,전북,남원,부흥,전북특별자치도 남원시 보절면 서치리,1945-01-01,1947-01-01,2,보조수원,15,0.32,0.32,3,10,100,필댐(죤형),16625,55,4.7,4,3.7,0.3,사통형,180,179.88,178,063-620-2020
4519010206,전북,남원,산수,전북특별자치도 남원시 덕과면 만도리,1967-01-01,1968-01-01,2,보조수원,27,0.42,0.42,9,10,100,필댐(죤형),4439,115,7.9,6,6,0,사통형,149.1,148.71,146.38,063-620-2020
4519010210,전북,남원,음촌,전북특별자치도 남원시 보절면 괴양리,1966-01-01,1969-01-01,2,보조수원,24,0.67,0.67,10,10,100,필댐(죤형),20765,121,5.8,22,18.2,3.8,사통형,160.9,160.62,157,063-620-2020
4519010212,전북,남원,담을,전북특별자치도 남원시 덕과면 고정리,1964-01-01,1967-01-01,2,보조수원,24,0.21,0.21,2.5,10,100,필댐(죤형),9620,65,8,4,3.9,0.1,사통형,181.4,181.06,178,063-620-2020
4519010214,전북,남원,성남,전북특별자치도 남원시 덕과면 덕촌리,1953-01-01,1957-01-01,2,보조수원,45,0.33,0.33,6.3,10,100,필댐(죤형),1140,70,10,5,5,0,사통형,150.6,149.6,147.1,063-620-2020
4519010215,전북,남원,덕산,전북특별자치도 남원시 덕과면 덕촌리,1941-01-01,1945-01-01,2,보조수원,27,1,1,5.7,10,10,필댐(죤형),8800,220,4,16,16,0,사통형,149.7,148.22,146.89,063-620-2020
4519010216,전북,남원,덕촌,전북특별자치도 남원시 덕과면 덕촌리,1955-01-01,1959-01-01,2,보조수원,25,0.18,0.18,0.3,10,100,필댐(죤형),9620,65,8,1.5,1.3,0.2,사통형,168.57,168.07,167,063-620-2020
4519010217,전북,남원,서당,전북특별자치도 남원시 덕과면 용산리,1941-01-01,1944-01-01,2,보조수원,4,0.55,0.55,9,10,100,필댐(죤형),44800,89,4.3,9,9,0,사통형,197.8,197.38,195.53,063-620-2020
4519010218,전북,남원,용산,전북특별자치도 남원시 덕과면 용산리,1940-01-01,1944-01-01,2,보조수원,20,0.77,0.77,12.5,10,100,필댐(죤형),7840,89,4.4,15,15,0,사통형,88.4,87.19,84.5,063-620-2020
4519010219,전북,남원,가장,전북특별자치도 남원시 보절면 서치리,1940-01-01,1944-01-01,2,보조수원,10,0.18,0.18,5,10,100,필댐(죤형),2142,89,2.9,2.5,2.5,0,사통형,194.9,194.84,193,063-620-2020
4519010220,전북,남원,목동,전북특별자치도 남원시 산동면 목동리,1927-01-01,1930-01-01,2,보조수원,15,0.11,0.11,4,10,100,필댐(죤형),4510,69,8,1.5,1.5,0,사통형,170.7,170.52,169,063-620-2020
4519010221,전북,남원,매동,전북특별자치도 남원시 보절면 괴양리,1938-01-01,1941-01-01,2,보조수원,16,0.18,0.18,3,10,100,필댐(죤형),10488,67,4.8,2.3,2.3,0,사통형,172.3,172.05,170,063-620-2020
4519010222,전북,남원,내탑,전북특별자치도 남원시 산동면 식련리,1940-01-01,1941-01-01,2,보조수원,12,0.17,0.17,4,10,100,필댐(죤형),4760,40,7,4.2,4.2,0,사통형,226.8,226.59,223,063-620-2020
4519010223,전북,남원,연화,전북특별자치도 남원시 산동면 식련리,1940-10-01,1943-01-01,2,보조수원,88,0.34,0.34,7,10,100,필댐(죤형),98427,58,9.1,12,11.5,0.5,사통형,209.5,209.3,205,063-620-2020
4519010224,전북,남원,이실,전북특별자치도 남원시 산동면 식련리,1940-01-01,1943-01-01,2,보조수원,5,0.37,0.37,5,10,100,필댐(죤형),119528,117,8.7,7.7,7.6,0.1,사통형,203.6,203.36,200,063-620-2020
4519010225,전북,남원,원곡,전북특별자치도 남원시 보절면 진기리,1940-01-01,1944-01-01,2,보조수원,7,0.38,0.38,5,10,100,필댐(죤형),22140,70,7,4.7,4.7,0,사통형,172.5,172.3,170,063-620-2020
4519010226,전북,남원,진기,전북특별자치도 남원시 보절면 진기리,1933-01-01,1935-01-01,2,보조수원,75,1.81,1.81,24,10,100,필댐(죤형),44480,120,12.7,100.4,96.4,4,사통형,208.6,208.25,203,063-620-2020
4519010227,전북,남원,구라,전북특별자치도 남원시 보절면 진기리,1940-01-01,1944-01-01,2,보조수원,31,0.33,0.33,10,10,100,필댐(죤형),27612,72,13,5.8,5.2,0.6,사통형,212,211.5,209,063-620-2020
4519010228,전북,남원,진목,전북특별자치도 남원시 보절면 진기리,1975-01-01,1977-01-01,2,보조수원,48,1.07,1.07,27,10,100,필댐(죤형),14280,102,13.8,75,69,6,사통형,179,178.71,171,063-620-2020
4519010229,전북,남원,안내(만도),전북특별자치도 남원시 보절면 금다리,1942-01-01,1945-01-01,2,보조수원,33,1.72,1.72,25,10,100,필댐(죤형),1518,235,8.5,65,64,1,사통형,152.5,152.23,148.5,063-620-2020
4519010230,전북,남원,금계,전북특별자치도 남원시 보절면 금다리,1930-01-01,1933-01-01,2,보조수원,76,1.87,1.87,25,10,100,필댐(죤형),82467,119,18,102,93,9,사통형,212.25,211.75,203,063-620-2020
4519010231,전북,남원,금천,전북특별자치도 남원시 보절면 금다리,1940-01-01,1943-01-01,2,보조수원,30,0.12,0.12,4,10,100,필댐(죤형),4130,70,5,1.8,1.5,0.3,사통형,216.9,216.65,215,063-620-2020
4519010232,전북,남원,다산,전북특별자치도 남원시 보절면 금다리,1963-01-01,1966-01-01,2,보조수원,98,0.95,0.95,20,10,100,필댐(죤형),35055,164,9.5,34.7,34.1,0.6,사통형,236.39,235.89,230,063-620-2020
4519010236,전북,남원,신파,전북특별자치도 남원시 보절면 신파리,1933-01-01,1936-01-01,2,보조수원,34,2.33,2.33,19,10,100,필댐(죤형),41947,109,9.8,80,78.2,1.8,사통형,164,163.67,159,063-620-2020
4519010241,전북,남원,도촌,전북특별자치도 남원시 보절면 도룡리,1954-01-01,1960-01-01,1,주수원,500,6.5,6.5,144,10,100,필댐(죤형),153615,245,16.5,366.6,365.2,1.4,사통형,212.04,210.73,201.41,063-620-2020
4519010242,전북,남원,점촌,전북특별자치도 남원시 보절면 사촌리,1978-01-01,1979-01-01,2,보조수원,200,0.51,0.51,5,10,100,필댐(죤형),239040,90,8,32.5,30.9,1.6,사통형,260.5,260.2,255,063-620-2020
4519010243,전북,남원,원산,전북특별자치도 남원시 보절면 사촌리,1977-01-01,1978-01-01,2,보조수원,55,0.46,0.46,22,10,100,필댐(죤형),312480,120,9,8.6,8.6,0,사통형,201.7,200.7,197.1,063-620-2020
4519010244,전북,남원,만촌,전북특별자치도 남원시 보절면 사촌리,1975-01-01,1978-01-01,2,보조수원,50,0.52,0.52,30.7,10,100,필댐(죤형),3601,110,5,14.6,14.6,0,사통형,236.3,235.65,232,063-620-2020
4519010248,전북,남원,태평,전북특별자치도 남원시 산동면 태평리,1940-01-01,1943-01-01,2,보조수원,4,0.23,0.23,5,10,100,필댐(죤형),7220,120,7,4.7,4,0.7,사통형,232.98,231,228.7,063-620-2020
4519010249,전북,남원,신덕,전북특별자치도 남원시 산동면 태평리,1940-01-01,1943-01-01,2,보조수원,23,0.18,0.18,3,10,100,필댐(죤형),25743,46,5.3,4,4,0,사통형,252.1,252,249,063-620-2020
4519010250,전북,남원,소석,전북특별자치도 남원시 산동면 대기리,1962-01-01,1965-01-01,2,보조수원,19,0.1,0.1,2,10,100,필댐(죤형),42315,30,4,1.3,1.3,0,사통형,208.7,208.5,207,063-620-2020
4519010273,전북,남원,효기,전북특별자치도 남원시 이백면 효기리,1958-01-01,1962-01-01,2,주수원,460,4.6,4.6,68,10,100,필댐(죤형),504596,115,15.6,224.7,222.7,2,사통형,201.9,200.9,192.5,063-620-2020
4519010279,전북,남원,구상,전북특별자치도 남원시 아영면 구상리,1997-01-01,1999-01-01,1,주수원,151,4.3,4.3,49,10,100,필댐(죤형),694236,230,36.9,438,436.3,1.7,취수탑형,539.64,539.1,517.56,063-620-2020
4519010281,전북,남원,일대,전북특별자치도 남원시 아영면 일대리,1943-01-01,1949-01-01,1,주수원,483,13.4,13.4,191.7,10,100,필댐(죤형),95634,242,14.4,854.9,843.9,11,사통형,454.75,453.47,443.31,063-620-2020
4519010293,전북,남원,유곡,전북특별자치도 남원시 인월면 유곡리,1943-01-01,1952-01-01,1,주수원,320,8.25,8.25,140.9,10,100,필댐(죤형),756200,310,21,691,687,4,사통형,476.32,475.6,461.37,063-620-2020
4519010294,전북,남원,연지,전북특별자치도 남원시 인월면 건지리,1950-01-01,1952-01-01,2,보조수원,5,0.81,0.81,1,10,100,필댐(죤형),11189,81,2.5,5.1,5.1,0,사통형,423.27,422.77,422,063-620-2020
4519010300,전북,남원,마곡,전북특별자치도 남원시 수지면 고평리,2006-01-25,2007-06-13,1,주수원,340,11.2,11.2,124,10,200,필댐(죤형),293000,380,37.5,1025,920,105,취수탑형,212,209.94,190,063-620-2020
4519010301,전북,남원,용평,전북특별자치도 남원시 보절면 도룡리,2001-12-13,2003-09-11,1,주수원,400,8.2,7.92,150,10,200,필댐(죤형),710161,256,45.8,1219.3,1161.3,58,취수탑형,313,311.82,285,063-620-2020
4519010302,전북,남원,고기,전북특별자치도 남원시 주천면 고기리,1997-12-29,2008-12-20,1,주수원,513,14.8,14.1,113,10,20,필댐(코어형),1205407,303,54,1041,887,154,취수탑형,677,676.89,648.19,063-620-2020
4519010303,전북,남원,악양,전북특별자치도 남원시 주천면 주천리,1940-01-01,1940-12-23,2,보조수원,14,2,1.4,10,10,30,필댐(죤형),3240,90,8,14.4,13.8,0.6,사통형,147.08,146.5,142.3,063-620-2020
4519010304,전북,남원,고삭,전북특별자치도 남원시 송동면 송내리,1945-01-01,1945-12-24,2,보조수원,9,0.4,0.3,3,10,30,필댐(죤형),960.96,44,5.6,25,25,0,사통형,643.5,642.5,638.68,063-620-2020
4519010305,전북,남원,내사촌,전북특별자치도 남원시 송동면 사촌리,1945-01-01,1945-12-24,2,보조수원,8,1,0.7,8,10,30,필댐(죤형),1622.82,86,5.1,5,5,0,사통형,716.6,715.6,711.5,063-620-2020
4519010306,전북,남원,구사,전북특별자치도 남원시 주생면 도산리,1945-01-01,1945-12-24,2,보조수원,8,4,3.7,6,10,30,필댐(죤형),1243.13,85,4.5,95,95,0,사통형,483.5,481.9,477.5,063-620-2020
4519010307,전북,남원,군지,전북특별자치도 남원시 주생면 내동리,1920-01-05,1920-12-20,2,보조수원,7,3.3,2.9,8,10,30,필댐(죤형),1858.12,103,4.4,13.9,13.1,0.8,사통형,488,483.5,481.8,063-620-2020
4519010308,전북,남원,휴암,전북특별자치도 남원시 금지면 서매리,1945-03-01,1945-12-20,2,보조수원,26,3.1,2.3,9,10,30,필댐(죤형),2200,64,5.5,14.9,13,1.9,사통형,657.1,653.9,651.1,063-620-2020
4519010309,전북,남원,신계1,전북특별자치도 남원시 대산면 신계리,1945-03-02,1945-12-13,2,보조수원,18,3.1,2.3,12,10,30,필댐(죤형),5399.55,169,7.1,21.4,19.4,2,사통형,777.5,770.5,765.8,063-620-2020
4519010310,전북,남원,신계2,전북특별자치도 남원시 대산면 신계리,1945-04-03,1945-12-20,2,보조수원,14,1.8,1.1,6.5,10,30,필댐(죤형),3198.55,106,7.1,7.5,7.3,0.2,사통형,758.6,754.2,737.5,063-620-2020
4519010311,전북,남원,한사2,전북특별자치도 남원시 대산면 신계리,1960-03-01,1960-03-01,2,보조수원,24,2,1.2,11,10,30,필댐(죤형),3225.96,103,7.2,51.8,45.8,6,사통형,725.3,721.5,719.8,063-620-2020
4519010312,전북,남원,학동,전북특별자치도 남원시 사매면 오신리,1943-03-01,1943-12-21,2,보조수원,10,1,0.5,6,10,30,필댐(죤형),1904.85,83,4.5,9.9,6.9,3,사통형,458.6,455.8,450.2,063-620-2020
4519010313,전북,남원,소학동,전북특별자치도 남원시 사매면 오신리,1943-03-01,1945-09-20,2,보조수원,6,1,0.6,5,10,30,필댐(죤형),1445.85,102,2.7,7,6,1,사통형,644.9,640.8,638.9,063-620-2020
4519010314,전북,남원,인흥,전북특별자치도 남원시 사매면 인화리,1944-03-01,1944-12-20,2,보조수원,4,1,0.6,2.4,10,30,필댐(죤형),2173.5,69,6,5.3,4.6,0.7,사통형,655.3,651.5,650.2,063-620-2020
4519010315,전북,남원,인화,전북특별자치도 남원시 사매면 인화리,1944-02-02,1944-12-21,2,보조수원,8,1,0.6,7,10,30,필댐(죤형),2054.85,103,3.8,12.7,11,1.7,사통형,132.5,131.88,129.2,063-620-2020
4519010316,전북,남원,화정1,전북특별자치도 남원시 사매면 화정리,1944-02-01,1944-12-20,2,보조수원,20,2,1.1,10,10,30,필댐(균일형),1596,80,3.8,4.1,3.7,0.4,사통형,703.1,700.5,699.5,063-620-2020
4519010317,전북,남원,오현,전북특별자치도 남원시 사매면 오신리,1965-02-01,1965-12-21,2,보조수원,7,1,0.5,4.5,10,30,필댐(죤형),1716,50,3.9,3.7,3.2,0.5,사통형,677.5,675.5,673.5,063-620-2020
4519010318,전북,남원,부흥,전북특별자치도 남원시 사매면 대신리,1968-03-01,1968-09-19,2,보조수원,35,1,0.9,10,10,30,필댐(죤형),4002,87,8,21.4,18.6,2.8,사통형,710.5,707.5,705.5,063-620-2020
4519010319,전북,남원,오류1,전북특별자치도 남원시 사매면 대신리,1944-02-02,1944-12-20,2,보조수원,5,0.8,0.4,5,10,30,필댐(죤형),2940,80,7,7,6.1,0.9,사통형,799.3,798.7,795.5,063-620-2020
4519010320,전북,남원,채곡,전북특별자치도 남원시 이백면 서곡리,1941-03-03,1941-12-16,2,보조수원,15,1,0.7,8,10,30,필댐(죤형),979.2,72,3.2,3,2.9,0.1,사통형,589.5,587.5,586.5,063-620-2020
4519010321,전북,남원,채동,전북특별자치도 남원시 이백면 서곡리,1942-03-02,1942-12-21,2,보조수원,16.8,1,0.6,5,10,30,필댐(죤형),986.7,72.1,4.6,3.9,3.8,0.1,사통형,687.5,685.5,683.5,063-620-2020
4519010322,전북,남원,서동,전북특별자치도 남원시 이백면 서곡리,1939-03-01,1939-12-20,2,보조수원,60.3,1,0.22,8,10,30,필댐(죤형),1809.6,53,4.4,6.4,5.9,0.5,사통형,162.8,162,159.9,063-620-2020
4519010323,전북,남원,입석,전북특별자치도 남원시 광치동,1936-02-05,1936-12-17,2,보조수원,11,0.5,0.3,5,10,30,필댐(균일형),2100,35,5,3.8,3.3,0.5,사통형,555.8,552.8,550.2,063-620-2020
4519010324,전북,남원,뒤뜰,전북특별자치도 남원시 내척동,1943-03-01,1943-12-20,2,보조수원,5,1,0.5,6.3,10,30,필댐(죤형),1680,80,3.5,4.7,4.1,0.6,사통형,708.2,706.5,703.4,063-620-2020
4519010550,전북,남원,양촌,전북특별자치도 남원시 운봉읍 가산리,2014-01-01,2020-12-31,1,주수원,46,9.46,9.11,0,10,200,필댐(코어형),0,203.6,38.7,894,863,31,취수탑형,496.3,495.5,476,063-620-2020
4521010014,전북,동진,능,전북특별자치도 김제시 만경읍 장산리,1930-01-01,1930-12-31,1,보조수원,178,192,192,1734,10,100,필댐(죤형),85400,976,7,7338.4,7315.6,22.8,취수탑형,12.29,11.45,5.39,063-540-1141
4521010015,전북,동진,안하,전북특별자치도 김제시 만경읍 장산리,1945-01-01,1945-12-31,2,보조수원,5,1.1,1,7,10,100,필댐(죤형),594,90,3,7.2,7.1,0.1,사통형,7.36,7.06,6,063-540-1141
4521010016,전북,동진,동변,전북특별자치도 김제시 만경읍 대동리,1945-01-01,1945-12-31,2,보조수원,40,5.3,5,3,10,100,필댐(죤형),1068,120,4.5,60.8,59.7,1.1,사통형,12.71,12.51,11,063-540-1141
4521010017,전북,동진,서변,전북특별자치도 김제시 만경읍 대동리,1945-01-01,1945-12-31,2,보조수원,49,8.2,8,30.2,10,100,필댐(죤형),1200,160,4,72.2,72.2,0,사통형,8.34,8.04,6.63,063-540-1141
4521010018,전북,동진,상서,전북특별자치도 김제시 백산면 상리,1945-01-01,1945-12-31,2,보조수원,18,1.15,1.1,21.1,10,100,필댐(죤형),581,88,5,10.3,10.3,0,사통형,19.37,19.37,17.41,063-540-1141
4521010019,전북,동진,옹,전북특별자치도 김제시 백산면 상리,1945-01-01,1945-12-31,2,보조수원,55,3.6,1.4,30.7,10,100,필댐(죤형),2015,130,8,44,44,0,사통형,11.97,11.37,9.02,063-540-1141
4521010020,전북,동진,백산,전북특별자치도 김제시 백산면 하정리,1969-01-01,1969-12-31,1,보조수원,160,75,68.7,415,10,100,필댐(죤형),16476,760,13.9,3381.3,3381.3,0,취수탑형,19.48,19.48,10.5,063-540-1141
4521010021,전북,동진,방,전북특별자치도 김제시 백산면 조종리,1945-01-01,1945-12-31,2,보조수원,8,1.5,1.3,15,10,100,필댐(죤형),782,115,3.2,12.7,12.7,0,사통형,9.42,9.22,7.31,063-540-1141
4521010022,전북,동진,하쌍,전북특별자치도 김제시 백산면 수록리,1945-01-01,1945-12-31,2,보조수원,16,0.6,0.4,8,10,100,필댐(죤형),848,110,3.5,5,5,0,사통형,9.37,9.37,8.48,063-540-1141
4521010029,전북,동진,사가,전북특별자치도 김제시 용지면 송산리,1945-01-01,1945-12-31,2,보조수원,50,7,4.2,31,10,100,필댐(죤형),11000,250,4,31.6,31.6,0,사통형,6.44,6.44,4.78,063-540-1141
4521010045,전북,동진,학,전북특별자치도 김제시 용지면 봉의리,1945-01-01,1945-12-31,2,보조수원,32,10.2,10,25,10,100,필댐(죤형),4235,350,5,22,22,0,사통형,9.18,7.57,6.33,063-540-1141
4521010055,전북,전주.완주.임실,학,전북특별자치도 김제시 용지면 용수리,1943-01-01,1945-01-01,2,주수원,49,1.35,1.14,3,10,100,필댐(죤형),3859,130,3,9.6,9.6,0,사통형,12.52,12.02,11,063-270-0526
4521010060,전북,전주.완주.임실,신묘,전북특별자치도 김제시 용지면 장신리,1940-01-01,1945-01-01,2,주수원,41,1.25,1.14,14,10,100,필댐(죤형),56484,100,1.8,16.8,16.8,0,사통형,31.5,31,30.4,063-270-0526
4521010061,전북,전주.완주.임실,영등,전북특별자치도 김제시 용지면 장신리,1942-01-01,1945-01-01,2,주수원,89,3.1,2.75,3,10,100,필댐(죤형),20292,193,3,31.2,31.2,0,사통형,99.48,99.08,97.38,063-270-0526
4521010062,전북,동진,금평,전북특별자치도 김제시 금산면 금산리,1957-01-01,1961-04-30,1,주수원,2571,60.09,59.5,1000.3,10,200,필댐(죤형),92132,443,18.4,5267.4,5251.9,15.5,취수탑형,55,52.7,39.2,063-540-1141
4521010071,전북,동진,배달,전북특별자치도 김제시 공덕면 공덕리,1945-01-01,1945-12-31,2,보조수원,35,10.6,10.5,50,10,100,필댐(죤형),31927,215,9,75.4,75.4,0,사통형,7.19,6.89,5.37,063-540-1141
4521010077,전북,동진,운각,전북특별자치도 김제시 청하면 관상리,1945-01-01,1945-12-31,2,보조수원,5,1.7,1.2,7,10,100,필댐(죤형),1890,90,3,10,10,0,사통형,6.33,6.33,5.16,063-540-1141
4521010078,전북,동진,원연,전북특별자치도 김제시 진봉면 정당리,1945-01-01,1945-12-31,2,보조수원,25,2.9,2.6,14,10,100,필댐(죤형),1800,150,3,52,52,0,사통형,15.51,15.16,13.38,063-540-1141
4521010082,전북,동진,선암,전북특별자치도 김제시 금구면 선암리,1941-01-01,1941-12-31,1,주수원,523,16,15.5,223.6,10,200,필댐(죤형),3906,124,14,853.4,853.4,0,사통형,49.18,48.04,37,063-540-1141
4521010090,전북,동진,대화,전북특별자치도 김제시 금구면 산동리,1960-01-01,1967-12-31,1,주수원,1840,56.1,55.6,807.8,10,100,필댐(죤형),5096,226,9.6,2721.1,2403.8,317.3,사통형,35,34.84,28.88,063-540-1141
4521010103,전북,동진,신홍,전북특별자치도 김제시 황산면 홍정리,1945-01-01,1945-12-31,2,보조수원,150,7.1,7,20,10,100,필댐(죤형),2000,250,3.5,20.4,20.4,0,사통형,28.64,28.24,26.48,063-540-1141
4521010127,전북,동진,당월,전북특별자치도 김제시 금구면 월전리,1992-04-01,1997-12-31,1,보조수원,238,13.74,13.1,138,10,200,필댐(죤형),272728,222,30.8,1398.7,1340.9,57.8,취수탑형,97.34,96.34,78.34,063-540-1141
4521010236,전북,동진,청도,전북특별자치도 김제시 금산면 청도리,2009-02-17,2020-12-15,1,주수원,672,165.6,154.9,0,10,20,필댐(코어형),0,204,39.83,1990,1870,120,취수탑형,102.3,101,80,063-540-1141
4571010003,전북,전주.완주.임실,월산,전북특별자치도 완주군 삼례읍 신금리,1931-01-01,1933-01-01,2,주수원,38,1.8,1.6,1,10,100,필댐(죤형),5040,150,4,38,38,0,사통형,14.84,14.44,13,063-270-0526
4571010004,전북,전주.완주.임실,학동,전북특별자치도 완주군 삼례읍 신금리,1927-11-30,1931-01-01,2,보조수원,27,1.2,1,14,10,200,필댐(죤형),6300,160,3.95,22.4,22.4,0,사통형,16.37,16.07,15,063-270-0526
4571010019,전북,전주.완주.임실,배월,전북특별자치도 완주군 봉동읍 용암리,1928-11-26,1932-01-01,2,주수원,50,2.2,2,15,10,200,필댐(죤형),2520,70,4,30,30,0,사통형,22.03,21.43,20,063-270-0526
4571010032,전북,전주.완주.임실,용진,전북특별자치도 완주군 용진읍 간중리,1922-01-01,1926-01-01,1,주수원,440,12.05,10.64,104.9,10,200,필댐(죤형),214134,209,19.7,757,750,7,사통형,94.04,93.14,78.14,063-270-0526
4571010043,전북,전주.완주.임실,군목,전북특별자치도 완주군 용진읍 운곡리,1946-11-24,1951-12-30,2,보조수원,15,1,0.9,5,10,100,필댐(죤형),4536,118,4,18,18,0,사통형,28.22,27.67,25,063-270-0526
4571010044,전북,전주.완주.임실,신봉,전북특별자치도 완주군 용진읍 운곡리,1924-11-26,1929-01-01,2,보조수원,50,1.9,1.7,0.5,10,100,필댐(죤형),4224,90,4,34,34,0,사통형,57.33,57.03,54.5,063-270-0526
4571010045,전북,전주.완주.임실,지암,전북특별자치도 완주군 용진읍 운곡리,1928-01-05,1929-01-01,2,보조수원,24,1.1,1,9,10,100,필댐(죤형),3619,126,4,34,30,4,사통형,35.71,34.91,31,063-270-0526
4571010046,전북,전주.완주.임실,신지암,전북특별자치도 완주군 용진읍 운곡리,1923-01-01,1925-01-01,2,보조수원,12,1.1,0.91,4,10,100,필댐(죤형),6552,127,5,13,13,0,사통형,32.31,32.01,31,063-270-0526
4571010047,전북,전주.완주.임실,갈우,전북특별자치도 완주군 용진읍 운곡리,1927-01-01,1932-01-01,2,보조수원,50,1.2,1.1,6,10,100,필댐(죤형),21205,296,3,25,25,0,사통형,28.18,27.88,27,063-270-0526
4571010048,전북,전주.완주.임실,운곡,전북특별자치도 완주군 용진읍 운곡리,1926-01-01,1928-01-01,2,보조수원,50,3.41,3.1,95,10,100,필댐(죤형),4096,172,5,32.9,32.9,0,사통형,84.4,84,82.4,063-270-0526
4571010049,전북,전주.완주.임실,용복,전북특별자치도 완주군 용진읍 신지리,1943-01-05,1947-01-01,2,보조수원,15,0.8,0.6,5,10,100,필댐(죤형),3071,58,5,15,15,0,사통형,43.35,42.75,41,063-270-0526
4571010050,전북,전주.완주.임실,소,전북특별자치도 완주군 용진읍 신지리,1921-11-26,1925-01-01,2,보조수원,14,0.55,0.5,5,10,100,필댐(죤형),2100,60,4,10,10,0,사통형,28.79,28.49,27,063-270-0526
4571010051,전북,전주.완주.임실,가목,전북특별자치도 완주군 용진읍 신지리,1940-01-01,1942-01-01,2,보조수원,45,1.5,1.3,16,10,100,필댐(죤형),3806,85,5,39,39,0,사통형,37.29,36.79,34,063-270-0526
4571010052,전북,전주.완주.임실,한수,전북특별자치도 완주군 용진읍 신지리,1924-11-30,1928-01-01,2,보조수원,15,0.92,0.8,7,10,100,필댐(죤형),1634,53,4,16,16,0,사통형,51.39,50.89,49,063-270-0526
4571010053,전북,전주.완주.임실,어두,전북특별자치도 완주군 상관면 신리,1957-01-01,1963-01-01,2,주수원,731,4.51,4.32,0,10,100,필댐(죤형),60264,191.5,16,215.1,215.1,0,사통형,115.21,114.41,106,063-270-0526
4571010061,전북,무진장,금평,전북특별자치도 무주군 안성면 금평리,1971-01-01,1972-09-30,2,보조수원,920,1.2,0.8,18.5,10,100,필댐(죤형),12514,94,7.5,34,32.9,1.1,사통형,592.5,592,577,063-350-7000
4571010068,전북,전주.완주.임실,빙등,전북특별자치도 완주군 이서면 상개리,1943-01-01,1945-01-01,2,주수원,49,7.2,6.51,28.4,10,100,필댐(죤형),58415,191,3.7,53,52,1,사통형,18.36,17.96,15.96,063-270-0526
4571010069,전북,전주.완주.임실,지사,전북특별자치도 완주군 이서면 용서리,1924-01-01,1926-01-01,2,주수원,25,2.15,1.94,23,10,100,필댐(죤형),2977,87,3.7,18,18,0,사통형,99.24,98.84,97,063-270-0526
4571010070,전북,전주.완주.임실,해교,전북특별자치도 완주군 이서면 용서리,1927-01-01,1931-01-01,2,주수원,39,9.35,8.47,31.9,10,100,필댐(죤형),9352,182,4.3,133,133,0,사통형,20.11,19.81,16.21,063-270-0526
4571010079,전북,전주.완주.임실,이문,전북특별자치도 완주군 이서면 이문리,1933-01-02,1935-01-01,2,주수원,67,5.9,5.4,33.5,10,100,필댐(죤형),6556,159,4.3,68,68,0,사통형,98.28,97.78,95.98,063-270-0526
4571010080,전북,전주.완주.임실,망우,전북특별자치도 전주시 덕진구 원동,1925-01-01,1930-01-01,2,주수원,121,5.2,4.7,115.6,10,100,필댐(죤형),24354,213,6,133,129,4,사통형,14.88,14.08,10.58,063-270-0526
4571010081,전북,전주.완주.임실,광석,전북특별자치도 완주군 이서면 반교리,1927-01-01,1933-12-30,2,주수원,112,4.39,4.1,84,10,100,필댐(죤형),15459,187,5.39,132.2,132,0.2,사통형,20.51,20.01,17.01,063-270-0526
4571010113,전북,전주.완주.임실,광곡,전북특별자치도 완주군 구이면 광곡리,1980-01-01,1984-12-30,1,주수원,392,16.5,15.43,185,10,100,필댐(죤형),268917,248,21.8,1339,1339,0,사통형,144.55,143.55,128.55,063-270-0526
4571010116,전북,전주.완주.임실,강대봉,전북특별자치도 완주군 구이면 덕천리,1940-01-01,1945-12-30,2,보조수원,68,0.8,0.71,7,10,200,필댐(죤형),7631,105,5.4,16,16,0,사통형,75.41,75.01,73,063-270-0526
4571010118,전북,전주.완주.임실,욕골,전북특별자치도 완주군 구이면 덕천리,1962-01-01,1964-01-01,2,보조수원,10,0.35,0.29,0.5,10,100,필댐(죤형),3976,70,4.9,6.63,6.63,0,사통형,79.59,78.89,78,063-270-0526
4571010120,전북,전주.완주.임실,하치,전북특별자치도 완주군 구이면 덕천리,1964-01-01,1965-12-20,2,보조수원,19,0.21,0.18,0.5,10,100,필댐(죤형),2828,50,5.2,3.3,3.3,0,사통형,79.83,79.43,77.13,063-270-0526
4571010122,전북,전주.완주.임실,구이,전북특별자치도 완주군 구이면 두현리,1953-01-01,1963-12-30,1,주수원,6210,197.7,178.8,2753.2,10,200,필댐(죤형),1093880,993,20.4,11639,10878,761,취수탑형,63.23,61.5,47,063-270-0526
4571010135,전북,전주.완주.임실,안덕,전북특별자치도 완주군 구이면 안덕리,1970-01-01,1976-01-01,1,주수원,740,14.21,12.84,109.2,10,100,필댐(죤형),115941,137,22,924,924,0,사통형,157.18,156.18,144.7,063-270-0526
4571010143,전북,전주.완주.임실,오리,전북특별자치도 완주군 고산면 남봉리,1927-01-01,1929-01-01,2,보조수원,25,1.1,0.5,0,10,100,필댐(죤형),1544,45,5,15,15,0,사통형,45.04,44.44,43,063-270-0526
4571010145,전북,전주.완주.임실,명석,전북특별자치도 완주군 고산면 화정리,1926-11-26,1930-01-01,2,보조수원,75,1.43,1.3,17,10,100,필댐(죤형),2550,50,5,34,34,0,사통형,26.75,26.45,24,063-270-0526
4571010148,전북,전주.완주.임실,신풍,전북특별자치도 완주군 고산면 양야리,1928-01-01,1930-01-01,2,보조수원,50,1.1,1,10,10,100,필댐(죤형),11250,140,5.9,30,30,0,사통형,54.27,53.27,52,063-270-0526
4571010149,전북,전주.완주.임실,연곡,전북특별자치도 완주군 고산면 양야리,1927-01-03,1929-01-01,2,보조수원,45,1.1,1,10,10,100,필댐(죤형),4785,70,6,30,30,0,사통형,47.58,46.38,45,063-270-0526
4571010150,전북,전주.완주.임실,화정,전북특별자치도 완주군 고산면 양야리,1976-10-26,1978-11-30,1,주수원,735,35.5,34.42,342,10,100,필댐(죤형),144071,283,14.7,2732,2732,0,사통형,68.59,67.34,51,063-270-0526
4571010151,전북,전주.완주.임실,송학,전북특별자치도 완주군 고산면 성재리,1916-11-26,1920-01-01,2,주수원,30,0.92,0.7,12,10,100,필댐(죤형),5374,129,4.4,17,17,0,사통형,59.68,59.18,56,063-270-0526
4571010154,전북,전주.완주.임실,대아,전북특별자치도 완주군 동상면 대아리,1983-01-01,1989-01-01,1,주수원,12000,235.2,235.2,8382,10,200,필댐(죤형),833663,255,56.5,58312,57688,624,취수탑형,121.3,121.3,80,063-270-0526
4571010174,전북,전주.완주.임실,비봉,전북특별자치도 완주군 비봉면 수선리,1959-01-01,1967-01-01,1,주수원,248,9.5,7.3,72,10,100,필댐(죤형),78858,134,17.8,405,405,0,사통형,115.8,115,104,063-270-0526
4571010190,전북,전주.완주.임실,동상,전북특별자치도 완주군 동상면 대아리,1959-01-01,1965-01-01,1,보조수원,8984,104,99.5,1673,10,200,콘크리트댐(중력형),38250,159.5,30,11241,11241,0,취수탑형,141.32,138.32,110,063-270-0526
4571010192,전북,전주.완주.임실,경천,전북특별자치도 완주군 화산면 운제리,1933-01-01,1937-12-30,1,주수원,9765,369,319,7738,10,200,필댐(죤형),364303,290.88,22.72,25604,25346,258,취수탑형,85.6,84.2,67.45,063-270-0526
4571010351,전북,전주.완주.임실,소향,전북특별자치도 완주군 고산면 소향리,2000-12-21,2017-05-30,1,주수원,1070,13,12.3,292.1,100,200,필댐(죤형),309093,154,36,1502,1304,198,취수탑형,149.8,148.5,126,063-270-0526
4571010352,전북,전주.완주.임실,고산,전북특별자치도 완주군 고산면 오산리,2000-12-21,2017-05-30,2,주수원,236.2,3.62,3.3,50.2,100,200,필댐(죤형),107385,128,29,290,243,47,사통형,164.6,163.6,149.5,063-270-0526
4572010001,전북,무진장,모시,전북특별자치도 무주군 무주읍 당산리,1955-01-01,1956-12-01,2,주수원,81,2.2,1.9,6,10,100,필댐(죤형),27890,107,18.75,66.4,66.4,0,사통형,206.3,205.1,177.3,063-350-7000
4572010005,전북,무진장,군상,전북특별자치도 진안군 진안읍 군상리,1957-01-01,1962-10-31,2,주수원,265,4.5,4.1,26,10,100,필댐(죤형),46790,131,12.6,123.7,123.7,0,취수탑형,318.8,318,297.8,063-350-7000
4572010009,전북,무진장,단양,전북특별자치도 진안군 진안읍 단양리,1957-01-01,1962-10-31,2,주수원,97,2.7,2.5,19,10,100,필댐(죤형),50120,127,12.66,98,98,0,사통형,340.9,340.1,319.4,063-350-7000
4572010018,전북,무진장,반월,전북특별자치도 진안군 진안읍 반월리,1942-01-01,1945-12-01,2,보조수원,171,9.1,8.3,77,10,100,필댐(죤형),67900,181.9,12.6,229.2,229.2,0,사통형,397.7,396.7,375.7,063-350-7000
4572010019,전북,무진장,포강,전북특별자치도 진안군 진안읍 반월리,1942-01-01,1945-10-01,2,보조수원,28,1.5,1.2,10.4,10,100,필댐(죤형),46350,145.5,3.4,12.39,12.39,0,사통형,398.9,398.4,396,063-350-7000
4572010027,전북,무진장,구룡,전북특별자치도 진안군 진안읍 구룡리,1956-01-01,1960-10-31,2,주수원,108,4.4,3.6,33,10,100,필댐(죤형),86757,147.5,15.73,122,122,0,사통형,367,366.5,356,063-350-7000
4572010031,전북,무진장,연장,전북특별자치도 진안군 진안읍 연장리,1953-01-01,1956-11-20,1,주수원,731,13.6,12.8,44,10,100,필댐(죤형),30050,85.4,12.1,461.1,461.1,0,사통형,318.4,317.9,306.9,063-350-7000
4572010040,전북,무진장,송풍,전북특별자치도 진안군 용담면 송풍리,1960-01-01,1967-12-01,1,주수원,370,9.2,8.1,63,10,100,필댐(죤형),37680,116,18.19,504.4,473.2,31.2,사통형,256.44,255.94,230.44,063-350-7000
4572010059,전북,무진장,월포,전북특별자치도 진안군 상전면 월포리,1938-01-01,1945-10-20,2,주수원,116,4.07,3.54,6,10,100,필댐(죤형),53640,142,13,121.6,121.6,0,사통형,293,292.8,281.5,063-350-7000
4572010073,전북,무진장,신암,전북특별자치도 진안군 백운면 신암리,1957-01-01,1962-10-20,1,주수원,666,7.5,6.8,74,10,100,필댐(죤형),78070,125,24.5,440.6,412.6,28,사통형,497.2,496.5,467.2,063-350-7000
4572010074,전북,무진장,백암,전북특별자치도 진안군 백운면 백암리,1956-01-01,1959-09-30,2,주수원,45,2.2,1.8,29,10,100,필댐(죤형),17470,82.4,10.2,66.6,66.55,0.05,사통형,398.4,397.9,382.9,063-350-7000
4572010081,전북,무진장,지동,전북특별자치도 진안군 성수면 도통리,1956-01-01,1960-10-21,2,주수원,20.2,0.9,0.7,21,10,100,필댐(죤형),18960,88,7.43,18.75,18.45,0.3,사통형,271.46,270.91,263.86,063-350-7000
4572010091,전북,무진장,좌산,전북특별자치도 진안군 성수면 좌산리,1956-01-01,1959-11-10,2,주수원,97,4.5,3.7,24,10,100,필댐(죤형),24690,113,9.54,132.6,132.6,0,사통형,260.8,260.47,252.26,063-350-7000
4572010094,전북,무진장,신기,전북특별자치도 진안군 성수면 신기리,1942-01-01,1945-10-31,2,주수원,107,2.6,2.1,24,10,100,필댐(죤형),25290,130,9.3,75.3,75.25,0.05,사통형,275.4,274.5,266.9,063-350-7000
4572010101,전북,무진장,중평,전북특별자치도 진안군 성수면 도통리,1953-01-01,1958-10-20,2,주수원,305,4.5,3.9,49,10,100,필댐(죤형),103530,210,13.6,167.8,152.1,15.7,사통형,340.9,340.5,326.9,063-350-7000
4572010119,전북,무진장,덕천,전북특별자치도 진안군 마령면 덕천리,1957-01-01,1961-10-20,2,주수원,205,7.1,6.4,26,10,100,필댐(죤형),116733,185,16.2,144.7,144.7,0,사통형,340.8,340.3,326.8,063-350-7000
4572010128,전북,무진장,황금,전북특별자치도 진안군 부귀면 황금리,1976-01-01,1978-12-01,1,주수원,707.4,40.41,38.63,100.5,10,100,필댐(죤형),254180,263.2,37.5,5234,5007,227,취수탑형,391.5,390,367,063-350-7000
4572010130,전북,무진장,봉암,전북특별자치도 진안군 부귀면 봉암리,1953-01-01,1960-12-01,2,주수원,281.7,5,4.5,61,10,100,필댐(죤형),65500,116,15.03,249,219,30,사통형,349.2,348.7,337.2,063-350-7000
4572010131,전북,무진장,가정,전북특별자치도 진안군 부귀면 신정리,1956-01-01,1960-12-01,2,주수원,85,4,3.2,8.7,10,100,필댐(죤형),81820,116,12.33,71.74,71.7,0.04,사통형,339.67,339.17,330.07,063-350-7000
4572010135,전북,무진장,대불,전북특별자치도 진안군 주천면 대불리,1972-01-01,1974-11-20,2,주수원,267,4.8,4.2,43,10,100,필댐(죤형),89505,130,16.2,278,205.1,72.9,사통형,363.8,362.3,335.8,063-350-7000
4572010139,전북,무진장,용덕,전북특별자치도 진안군 주천면 용덕리,1957-01-01,1961-10-20,2,주수원,121,3.9,3.6,25,10,100,필댐(죤형),51430,148,12.4,126.17,125.45,0.72,사통형,348.6,348.3,337.6,063-350-7000
4572010140,전북,무진장,궁항,전북특별자치도 진안군 부귀면 궁항리,1984-01-01,1986-10-31,1,주수원,400,6.67,6.3,51,10,100,필댐(죤형),112090,138,18.9,451.3,451.3,0,사통형,439.6,438.6,401.6,063-350-7000
4572010141,전북,무진장,노촌,전북특별자치도 진안군 백운면 노촌리,1992-12-01,2001-12-22,1,주수원,1230,14.41,16.8,255,10,200,필댐(죤형),1700602,325.8,50.4,2857,2791,66,취수탑형,414,413,381,063-350-7000
4572010142,전북,무진장,신정,전북특별자치도 진안군 부귀면 세동리,1997-01-01,2001-10-20,1,주수원,218,7.8,8.27,76,10,100,필댐(죤형),192740,156,22.3,540.3,540.25,0.05,사통형,379,378.5,367,063-350-7000
4572010143,전북,무진장,신반월,전북특별자치도 진안군 진안읍 반월리,1997-10-25,2001-12-25,1,주수원,310,6,5.8,77.5,10,200,필댐(죤형),249580,236,42,1620,1507,113,취수탑형,434.2,433.2,406.5,063-350-7000
4573010003,전북,무진장,압수,전북특별자치도 무주군 무주읍 당산리,1956-01-01,1959-10-01,2,주수원,320,2.1,1.8,17,10,100,필댐(죤형),66300,95.5,16.34,54.9,54.9,0,사통형,229.5,228,200.2,063-350-7000
4573010023,전북,무진장,무풍(증산),전북특별자치도 무주군 무풍면 은산리,1987-12-18,1993-01-29,1,주수원,1450,9.7,8.88,160.5,10,100,필댐(죤형),290140,253,30,778,698,80,사통형,492,491.2,476,063-350-7000
4573010039,전북,무진장,괴목,전북특별자치도 무주군 적상면 괴목리,1976-01-01,1978-10-31,1,주수원,790,15.7,14.82,47,10,100,필댐(죤형),153493,256.3,32,2216,2083,133,취수탑형,365,364,338,063-350-7000
4573010059,전북,무진장,덕산,전북특별자치도 무주군 안성면 덕산리,1976-01-01,1981-10-31,1,주수원,920,12.5,11.5,209,10,100,필댐(죤형),718435,276,34.5,1592.1,1408.2,183.9,사통형,591.5,590,565.5,063-350-7000
4573010061,전북,전주.완주.임실,금평,전북특별자치도 임실군 지사면 금평리,1932-01-01,1932-12-30,2,보조수원,43,1.32,1.2,10.5,10,100,필댐(죤형),19661,110,8.5,25.92,25.92,0,사통형,189.98,189.48,184,063-270-0526
4573010072,전북,무진장,장안,전북특별자치도 무주군 부남면 장안리,1956-01-01,1959-10-20,2,주수원,210,2.8,2.5,37,10,100,필댐(죤형),71080,164,16.2,147.4,136,11.4,사통형,372,371.5,357,063-350-7000
4573010073,전북,무진장,공정,전북특별자치도 무주군 안성면 죽천리,1992-12-23,2002-11-30,1,주수원,1249,13.1,18.8,340.1,10,200,필댐(죤형),488458,300,51.5,3262,3206,56,취수탑형,598,596.7,563,063-350-7000
4573010075,전북,무진장,대불(설천),전북특별자치도 무주군 설천면 대불리,2000-12-11,2012-12-10,1,주수원,2200,17.5,16.5,295,10,100,필댐(죤형),204.99,160,27.5,1543,1460,83,취수탑형,363.5,362,346,063-350-7000
4574010001,전북,무진장,노곡,전북특별자치도 장수군 장수읍 동촌리,1953-01-01,1955-10-31,2,주수원,120,1.93,1.93,14,10,100,필댐(죤형),22500,400,5,58.38,58.38,0,사통형,520.2,519.6,512.2,063-350-7000
4574010002,전북,무진장,동촌,전북특별자치도 장수군 장수읍 동촌리,1953-01-01,1958-12-01,2,주수원,208,3.5,3.3,32,10,100,필댐(죤형),12330,200,13.7,103.68,103.68,0,사통형,490.9,490,467.9,063-350-7000
4574010006,전북,무진장,염해,전북특별자치도 장수군 장수읍 두산리,1975-01-01,1979-10-17,2,주수원,120,1.78,1.68,7.2,10,100,필댐(죤형),30030,130,11,27.1,27.1,0,사통형,530.1,529.6,515,063-350-7000
4574010007,전북,무진장,개정,전북특별자치도 장수군 장수읍 개정리,1953-01-01,1958-10-31,2,주수원,253,3.86,3.72,39,10,100,필댐(죤형),14967,176.5,21.2,250.48,250.48,0,사통형,539.8,539.3,520.3,063-350-7000
4574010009,전북,무진장,단평,전북특별자치도 장수군 장수읍 송천리,1959-01-01,1964-10-20,2,주수원,333,6.1,5.83,59,10,100,필댐(죤형),9712,142,17.1,213.53,213.53,0,사통형,543.9,543.6,526.5,063-350-7000
4574010013,전북,무진장,필덕,전북특별자치도 장수군 장수읍 대성리,1971-01-01,1974-12-01,1,주수원,1126,11.52,10.7,88,10,100,필댐(죤형),17472,156,22.4,673,673,0,사통형,567.2,566.8,546.2,063-350-7000
4574010016,전북,무진장,오성,전북특별자치도 장수군 산서면 오성리,1955-01-01,1959-10-30,2,주수원,123,1.98,1.92,62,10,100,필댐(죤형),17531,186.5,18.8,96.2,96.2,0,사통형,269.6,269,251.5,063-350-7000
4574010017,전북,무진장,쌍용,전북특별자치도 장수군 산서면 쌍계리,1935-01-01,1938-10-20,2,주수원,150,4.02,3.8,77,10,100,필댐(죤형),7700,110,14,172,172,0,사통형,206,205.5,197,063-350-7000
4574010018,전북,무진장,유평,전북특별자치도 장수군 산서면 쌍계리,1944-01-01,1944-12-01,2,보조수원,26,0.52,0.4,6.6,10,100,필댐(죤형),2115,94,4.5,20.3,20.3,0,사통형,215.2,214.5,207.2,063-350-7000
4574010019,전북,무진장,마평,전북특별자치도 장수군 산서면 쌍계리,1944-01-01,1944-12-31,2,보조수원,36,0.42,0.3,5,10,100,필댐(죤형),1775,50,7.1,26,26,0,사통형,239.5,239,227.5,063-350-7000
4574010020,전북,무진장,동막,전북특별자치도 장수군 산서면 쌍계리,1970-01-01,1970-12-01,2,보조수원,116,1,0.78,17,10,100,필댐(죤형),3840,64,12,35.2,34.66,0.54,사통형,309.5,308,289.5,063-350-7000
4574010021,전북,무진장,사계,전북특별자치도 장수군 산서면 사계리,1953-01-01,1959-10-31,2,주수원,180,4.22,4.22,52,10,100,필댐(죤형),7683,118.2,13,185.6,185.6,0,사통형,201,200.6,193,063-350-7000
4574010022,전북,무진장,반곡,전북특별자치도 장수군 산서면 사계리,1969-01-01,1969-10-31,2,보조수원,28.9,1,0.6,10.3,10,100,필댐(죤형),7020,108,13,29.65,29.6,0.05,사통형,172.8,172.3,161.8,063-350-7000
4574010023,전북,무진장,척동,전북특별자치도 장수군 산서면 봉서리,1945-01-10,1947-12-10,2,보조수원,12,0.38,0.3,2.6,10,100,필댐(죤형),1125,30,7.5,10.34,10.34,0,사통형,168.9,168,162,063-350-7000
4574010024,전북,무진장,성동,전북특별자치도 장수군 산서면 봉서리,1945-01-01,1945-12-01,2,보조수원,6,0.25,0.2,3.1,10,100,필댐(죤형),960,40,8,3.41,3.4,0.01,사통형,230.9,230.5,223.5,063-350-7000
4574010025,전북,무진장,원당,전북특별자치도 남원시 보절면 성시리,1954-01-01,1959-12-01,2,주수원,180,3,1.84,18.1,10,100,필댐(죤형),12060,71,9.27,54.3,54.3,0,사통형,189.7,189,180.7,063-350-7000
4574010027,전북,무진장,우농,전북특별자치도 장수군 산서면 하월리,1944-01-01,1944-10-01,2,보조수원,15,0.4,0.22,6.3,10,100,필댐(죤형),297,45,2.2,19,19,0,사통형,161.3,160.8,158.3,063-350-7000
4574010029,전북,전주.완주.임실,오산,전북특별자치도 장수군 산서면 오산리,1937-01-01,1939-01-01,2,보조수원,178,3.63,3.23,67.4,10,100,필댐(죤형),107215,238,14.5,117,115,2,사통형,224.13,223.13,218.64,063-270-0526
4574010030,전북,전주.완주.임실,명금,전북특별자치도 장수군 산서면 오산리,1954-01-01,1959-01-01,2,주수원,80,2.2,1.8,6,10,100,필댐(죤형),4343,95,4.8,25,25,0,사통형,161.36,160.56,157,063-270-0526
4574010031,전북,전주.완주.임실,초장,전북특별자치도 장수군 산서면 오산리,1954-01-01,1959-01-01,2,보조수원,174,1.71,1.6,10,10,100,필댐(죤형),542,130,9.03,30,30,0,사통형,226.98,226.38,221.84,063-270-0526
4574010032,전북,전주.완주.임실,암가,전북특별자치도 장수군 산서면 오산리,1969-01-01,1972-01-01,2,보조수원,24,1.45,1.35,10,10,100,필댐(죤형),6987,103,5.6,22,22,0,사통형,147.23,146.23,143,063-270-0526
4574010035,전북,무진장,호병,전북특별자치도 장수군 산서면 건지리,1955-01-01,1959-12-01,2,주수원,43,3,2.79,15,10,100,필댐(죤형),10390,88,7.82,64.5,64.5,0,사통형,174.9,174.4,164.4,063-350-7000
4574010037,전북,무진장,마하1,전북특별자치도 장수군 산서면 마하리,1982-01-01,1982-10-30,2,주수원,80,1,0.75,15.5,10,100,필댐(죤형),5100,102,10,17.86,17.86,0,사통형,265.7,265.2,246.2,063-350-7000
4574010040,전북,무진장,원흥,전북특별자치도 장수군 산서면 마하리,1953-01-01,1959-10-01,2,주수원,90,2.16,2,52,10,100,필댐(죤형),28870,150,10,28.7,28.7,0,사통형,237.8,237.5,229,063-350-7000
4574010042,전북,무진장,매동,전북특별자치도 장수군 산서면 백운리,1953-01-01,1959-10-31,2,주수원,122,2.36,2.28,32,10,100,필댐(죤형),11921,140,17.03,108.9,108.9,0,사통형,208.7,207.8,177.7,063-350-7000
4574010046,전북,전주.완주.임실,능곡,전북특별자치도 장수군 산서면 동화리,1966-01-03,1968-01-01,2,보조수원,100,1.1,1,15,10,100,필댐(죤형),13200,96,8,33,33,0,사통형,168.92,168.42,165,063-270-0526
4574010048,전북,무진장,장남,전북특별자치도 장수군 번암면 국포리,1977-01-01,1984-10-20,1,주수원,2280,38,36.5,826,10,200,필댐(코어형),88088,397,51,8172.6,7920.8,251.8,취수탑형,404.2,404,370,063-350-7000
4574010050,전북,무진장,천천(와룡),전북특별자치도 장수군 천천면 남양리,1989-01-01,1996-01-01,1,주수원,1350,16,18.78,180,10,100,필댐(죤형),31360,176,38,1918,1910,8,취수탑형,426,424.8,400,063-350-7000
4574010061,전북,무진장,벽남,전북특별자치도 장수군 계남면 화음리,1967-01-01,1974-10-30,1,주수원,2167,22.04,20.03,182,10,100,필댐(죤형),13360,160,16.7,983,969,14,사통형,408,407.5,397,063-350-7000
4574010071,전북,무진장,지소(양악),전북특별자치도 장수군 계북면 양악리,1985-01-01,1996-12-30,1,주수원,1380,20,21.96,303,10,100,필댐(죤형),68311,285,49.3,3280,3197,83,취수탑형,526,525,494,063-350-7000
4574010075,전북,무진장,금덕,전북특별자치도 장수군 장계면 금덕리,1944-01-01,1953-11-30,2,주수원,413,7.6,7.2,60.2,10,100,필댐(죤형),15876,324,14,276.5,276.5,0,사통형,347,346.8,340,063-350-7000
4574010083,전북,무진장,대곡(오동),전북특별자치도 장수군 장계면 대곡리,1986-01-01,2002-10-30,1,주수원,1317,6,47.5,658,10,100,필댐(죤형),97104,350,54.5,7957,7712,245,취수탑형,497.5,496.3,465.5,063-350-7000
4574010084,전북,무진장,용림,전북특별자치도 장수군 장수읍 덕산리,1999-05-20,2005-12-20,1,주수원,1520,46.4,49.5,847,10,200,필댐(죤형),1476960,260,61.5,11480,11188,292,취수탑형,621.6,621,575,063-350-7000
4575010001,전북,전주.완주.임실,동막,전북특별자치도 임실군 임실읍 성가리,1953-01-01,1954-01-01,2,주수원,32,2.35,1.6,12.6,10,100,필댐(죤형),7824,83.5,7.3,39.68,39.68,0,사통형,254.33,253.73,249.5,063-270-0526
4575010006,전북,전주.완주.임실,두곡,전북특별자치도 임실군 임실읍 두곡리,1976-01-01,1978-12-30,1,주수원,220,7.85,7.12,68.5,10,100,필댐(죤형),66941,166,14,357.7,357.7,0,사통형,239.21,238.21,229.21,063-270-0526
4575010018,전북,전주.완주.임실,지산,전북특별자치도 임실군 임실읍 두만리,1967-01-01,1971-01-01,1,주수원,300,8.56,7.29,64.3,10,200,필댐(죤형),61381,138,15.15,367,367,0,사통형,305.24,304.24,295.24,063-270-0526
4575010029,전북,전주.완주.임실,용추,전북특별자치도 임실군 청웅면 두복리,1956-01-01,1959-01-01,1,보조수원,320,11.64,10.88,101,10,100,필댐(죤형),58246,125,16.5,451,451,0,사통형,289.35,288.35,277.85,063-270-0526
4575010030,전북,전주.완주.임실,서창,전북특별자치도 임실군 강진면 백련리,1940-01-01,1950-01-01,2,보조수원,30,2.68,2.5,10,10,100,필댐(죤형),70716,130,8.2,73,73,0,사통형,176.22,175.02,171.02,063-270-0526
4575010031,전북,전주.완주.임실,명동,전북특별자치도 임실군 청웅면 옥전리,1964-01-01,1967-01-01,2,주수원,92,1.38,1.01,20,10,100,필댐(죤형),9174,81,8,41,41,0,사통형,212.77,211.77,204.97,063-270-0526
4575010036,전북,전주.완주.임실,행촌,전북특별자치도 임실군 청웅면 옥전리,1966-01-01,1967-01-01,2,주수원,92,1.59,1.51,28.6,10,100,필댐(죤형),11412,400.4,7.9,65,65,0,사통형,193.61,193.11,187.96,063-270-0526
4575010039,전북,전주.완주.임실,남산,전북특별자치도 임실군 청웅면 남산리,1967-01-01,1968-01-01,2,주수원,107,2.28,1.87,27.9,10,100,필댐(죤형),28816,121.8,11.8,77,77,0,사통형,189.38,188.38,181.36,063-270-0526
4575010068,전북,전주.완주.임실,도인,전북특별자치도 임실군 성수면 도인리,1940-08-01,1941-12-20,2,주수원,136,5.72,4.83,39.8,10,100,필댐(죤형),18864,96.5,9.3,172.5,172.5,0,사통형,262.6,261.85,256.41,063-270-0526
4575010073,전북,전주.완주.임실,삼봉,전북특별자치도 임실군 성수면 삼봉리,1944-06-30,1950-04-30,2,주수원,265,5.89,5.56,44.2,10,100,필댐(죤형),20112,143,11.7,196,196,0,사통형,219.02,218.22,210.22,063-270-0526
4575010076,전북,전주.완주.임실,성남,전북특별자치도 임실군 성수면 성수리,1960-01-01,1967-01-01,1,주수원,1016,15.95,12.6,242,10,100,필댐(죤형),93305,140,23.3,784,784,0,사통형,251.54,250.54,235.54,063-270-0526
4575010080,전북,전주.완주.임실,오봉,전북특별자치도 임실군 성수면 오봉리,1979-12-20,1991-11-30,1,주수원,1380,51.57,46.6,584.2,10,100,필댐(죤형),433365,276,29.3,4230,4230,0,취수탑형,247,245.4,228,063-270-0526
4575010087,전북,전주.완주.임실,갈목,전북특별자치도 임실군 신덕면 수천리,1967-01-01,1968-01-01,2,주수원,53,0.75,0.61,6.4,5,100,필댐(죤형),14214,108,8.4,28,28,0,사통형,99.36,98.46,94,063-270-0526
4575010110,전북,전주.완주.임실,수천,전북특별자치도 임실군 신덕면 수천리,1964-01-01,1968-01-01,2,주수원,90,2.9,2.5,18.7,10,100,필댐(죤형),18876,117,11.4,98,98,0,사통형,254,253.1,246.79,063-270-0526
4575010115,전북,전주.완주.임실,삼길,전북특별자치도 임실군 신덕면 삼길리,1971-01-01,1973-12-30,1,주수원,140,6.45,5.75,41.2,10,100,필댐(죤형),23393,98,13.76,303,276,27,사통형,231.5,230.7,221.5,063-270-0526
4575010120,전북,전주.완주.임실,월성,전북특별자치도 임실군 신덕면 월성리,1957-01-01,1961-01-01,1,주수원,320,10.28,9.7,81.7,10,200,필댐(죤형),74741,194,16.6,643.5,597,46.5,사통형,274,273,262.7,063-270-0526
4575010126,전북,전주.완주.임실,금정,전북특별자치도 임실군 신덕면 금정리,1957-01-01,1961-12-30,2,주수원,36,1.8,1.2,10,10,100,필댐(죤형),22591,85,10.09,37,37,0,사통형,266.58,265.78,255.38,063-270-0526
4575010128,전북,전주.완주.임실,오궁,전북특별자치도 임실군 신덕면 오궁리,1957-01-01,1961-01-01,1,주수원,328,6.89,6.5,66.5,10,100,필댐(죤형),7167,160,14.7,316,288,28,사통형,279,278.1,268.6,063-270-0526
4575010130,전북,전주.완주.임실,학정,전북특별자치도 임실군 삼계면 학정리,1940-01-01,1943-01-01,2,주수원,157,8.21,6.78,52.9,10,100,필댐(죤형),41602,167,8.52,192,192,0,사통형,222.75,221.75,215,063-270-0526
4575010149,전북,전주.완주.임실,도봉,전북특별자치도 임실군 관촌면 도봉리,1973-01-01,1974-01-01,2,주수원,84,5.4,5,32.6,10,100,필댐(죤형),29104,112.2,11.5,190,190,0,사통형,251.86,251,243.06,063-270-0526
4575010158,전북,전주.완주.임실,신전,전북특별자치도 임실군 관촌면 신전리,1953-01-01,1957-01-01,1,주수원,740,9,8.5,75.6,10,100,필댐(죤형),149688,181,14.8,334,334,0,사통형,294.96,293.96,284.46,063-270-0526
4575010166,전북,전주.완주.임실,고덕,전북특별자치도 임실군 관촌면 운수리,1973-01-01,1974-12-30,2,주수원,78,1.48,1.4,12,10,100,필댐(죤형),11360,68.5,9.8,48,48,0,사통형,287.9,287.1,283.1,063-270-0526
4575010170,전북,전주.완주.임실,상강,전북특별자치도 임실군 강진면 백련리,1965-01-01,1970-01-01,2,주수원,115,1.74,1.35,12.4,10,100,필댐(죤형),19808,109,7.37,45.6,45.6,0,사통형,98,97.4,94,063-270-0526
4575010187,전북,전주.완주.임실,서당,전북특별자치도 임실군 지사면 관기리,1940-01-01,1945-04-01,2,보조수원,21,0.45,0.4,12.9,10,100,필댐(죤형),8550,60,12.2,27.53,27.53,0,사통형,209.35,208.36,204,063-270-0526
4575010188,전북,전주.완주.임실,조치,전북특별자치도 임실군 지사면 관기리,1945-01-01,1945-12-20,2,보조수원,40,1,0.8,7,10,100,필댐(죤형),20800,90,10,16.8,16.8,0,사통형,207.8,207.3,200,063-270-0526
4575010189,전북,전주.완주.임실,대산,전북특별자치도 임실군 지사면 관기리,1941-01-01,1945-01-01,2,보조수원,14,0.6,0.5,5.6,10,100,필댐(죤형),25560,101,3.5,8,8,0,사통형,191.67,191.27,187,063-270-0526
4575010191,전북,전주.완주.임실,안하,전북특별자치도 임실군 지사면 안하리,1931-01-01,1934-01-01,2,보조수원,69,1.1,1,36.2,10,200,필댐(죤형),9096,84,11,120,120,0,사통형,98.78,98.28,90,063-270-0526
4575010193,전북,전주.완주.임실,금평,전북특별자치도 완주군 이서면 금평리,1957-01-01,1959-12-30,2,주수원,122,5.29,4.7,50,10,100,필댐(죤형),14331,137,8.14,147.5,147.5,0,사통형,35.46,34.66,30.2,063-270-0526
4575010194,전북,전주.완주.임실,목평,전북특별자치도 임실군 지사면 금평리,1937-01-01,1943-01-01,2,보조수원,39,1.1,1,6.3,10,100,필댐(죤형),19253,122,5.9,23.79,23.79,0,사통형,194.23,193.73,188.7,063-270-0526
4575010195,전북,전주.완주.임실,영천,전북특별자치도 임실군 지사면 원산리,1931-01-01,1933-01-01,2,보조수원,89,0.8,0.7,8.4,10,100,필댐(죤형),39402,111,6.1,31.12,31.12,0,사통형,152.54,152.14,149,063-270-0526
4575010196,전북,전주.완주.임실,암가,전북특별자치도 임실군 지사면 영천리,1939-01-01,1939-12-20,2,보조수원,69,1.1,1,12.6,10,100,필댐(죤형),2934,149,5.3,30.38,30.38,0,사통형,147.23,146.23,142.93,063-270-0526
4575010197,전북,전주.완주.임실,청웅,전북특별자치도 임실군 청웅면 구고리,1997-12-13,2006-12-26,1,주수원,555,10.15,9.66,178,10,200,필댐(죤형),166835,157,30.4,1068.2,908,160.2,취수탑형,200.81,199.61,186,063-270-0526
4575010198,전북,전주.완주.임실,죽계,전북특별자치도 임실군 삼계면 죽계리,1997-12-10,2013-12-20,1,주수원,1600,24.36,20.27,526,10,200,필댐(균일형),362,169,45.5,3272,2828,444,취수탑형,241,238.2,213,063-270-0526
4575010368,전북,전주.완주.임실,조항,전북특별자치도 임실군 청웅면 옥석리,2013-11-28,2019-12-10,1,주수원,244,9.7,9.3,0,10,200,필댐(죤형),243751,245.6,31,934,852,82,취수탑형,217,216,202,063-270-0526
4577010001,전북,순창,외령,전북특별자치도 순창군 동계면 수장리,1944-01-01,1945-01-01,2,보조수원,25,0.33,0.32,9,10,200,필댐(죤형),5353,63,8.6,7.1,7.1,0,사통형,155.25,154.1,151.29,063-650-7000
4577010029,전북,순창,인계,전북특별자치도 순창군 인계면 쌍암리,1958-01-01,1963-01-01,1,주수원,355,10.3,9.01,84.9,10,200,필댐(죤형),35842,150,13.5,314,314,0,사통형,199,198.5,191.2,063-650-7000
4577010048,전북,순창,구호,전북특별자치도 순창군 동계면 구미리,1959-01-01,1960-01-01,2,주수원,127,3.66,3.65,33.9,10,200,필댐(죤형),37106,122,14.1,114.4,114.4,0,사통형,118.1,117.2,110.5,063-650-7000
4577010050,전북,순창,동심2,전북특별자치도 순창군 동계면 동심리,1957-01-01,1960-01-01,2,보조수원,45.5,0.85,0.7,10.8,10,200,필댐(죤형),3840,80,6,12.3,12.3,0,사통형,149.36,148.71,146,063-650-7000
4577010051,전북,순창,동심3,전북특별자치도 순창군 동계면 동심리,1957-01-01,1959-01-01,2,보조수원,65,2.1,1.02,26,10,200,필댐(죤형),53760,140,18.2,39.5,39.5,0,사통형,101.4,100.13,88.5,063-650-7000
4577010052,전북,순창,동심1,전북특별자치도 순창군 동계면 동심리,1952-01-01,1960-01-01,2,주수원,85.5,2.88,2.88,41.6,10,200,필댐(죤형),49422,268,13.55,136,136,0,사통형,130.55,129.55,122,063-650-7000
4577010056,전북,순창,이산,전북특별자치도 순창군 동계면 유산리,1942-01-01,1944-01-01,2,주수원,138,5.84,3.95,36.7,10,200,필댐(죤형),22027,99,9.8,155.7,155.7,0,사통형,121.41,120.21,115,063-650-7000
4577010059,전북,순창,수정,전북특별자치도 순창군 동계면 수정리,1957-01-01,1959-01-01,2,주수원,115,4.52,3.22,31.1,10,200,필댐(죤형),6570,103,12.3,113.1,113.1,0,사통형,165.85,165,156,063-650-7000
4577010063,전북,순창,내령,전북특별자치도 순창군 동계면 내령리,1959-01-01,1962-01-01,2,주수원,133,3.53,2.79,42.3,10,200,필댐(죤형),62655,110,24.3,170.8,170.8,0,사통형,196.72,195.5,184.52,063-650-7000
4577010065,전북,순창,난계,전북특별자치도 순창군 동계면 수장리,1957-01-01,1960-01-01,2,주수원,118,2.85,2.18,58.4,10,200,필댐(죤형),60515,125,19.8,177.3,177.3,0,사통형,194.1,193.1,181.51,063-650-7000
4577010070,전북,순창,죽전,전북특별자치도 순창군 풍산면 죽전리,1959-01-01,1960-01-01,2,주수원,74,2.6,2.2,14.9,10,200,필댐(죤형),12600,120,7.8,62.8,62.8,0,사통형,111.25,110.05,107.19,063-650-7000
4577010079,전북,순창,죽곡,전북특별자치도 순창군 풍산면 죽곡리,1959-01-01,1960-01-01,2,주수원,60,3.32,2.71,24.5,10,200,필댐(죤형),27724,122,14.5,117.4,117.4,0,사통형,185.6,185,176.59,063-650-7000
4577010100,전북,순창,팔덕,전북특별자치도 순창군 팔덕면 용산리,1952-01-01,1958-01-01,1,주수원,1250,39.39,36.41,727,10,200,필댐(죤형),46354,209,27,3165,2836,329,취수탑형,147.7,145.7,134,063-650-7000
4577010101,전북,순창,강천,전북특별자치도 순창군 팔덕면 청계리,2009-09-07,2015-02-06,1,보조수원,157,7.57,6.53,84.3,10,200,콘크리트댐(중력형),31838,76.5,30.5,656,653.6,2.4,사통형,272.25,271.5,247,063-650-7000
4577010109,전북,순창,종암,전북특별자치도 순창군 쌍치면 종암리,1959-01-01,1964-01-01,1,주수원,708,14.6,12.13,83.1,10,200,필댐(죤형),28307,141,11.7,389.8,389.8,0,사통형,281.2,280,272.03,063-650-7000
4577010113,전북,순창,제2쌍치,전북특별자치도 순창군 쌍치면 운암리,1972-01-01,1974-01-01,1,주수원,412,12.75,11.64,82.6,10,200,필댐(죤형),89242,336,13.47,495.6,495.6,0,사통형,260.5,259.5,252.5,063-650-7000
4577010118,전북,순창,금성,전북특별자치도 순창군 쌍치면 금성리,1990-10-31,1995-06-30,1,주수원,120,5.8,5.7,42.5,10,200,필댐(죤형),293942,174,26.1,490.2,490.2,0,사통형,285.5,284.5,271,063-650-7000
4577010121,전북,순창,서마,전북특별자치도 순창군 복흥면 서마리,1970-01-01,1972-01-01,1,주수원,255,12.75,11.64,69.4,10,200,필댐(죤형),22750,175,13.47,416,416,0,사통형,321.22,320,311,063-650-7000
4577010122,전북,순창,동산,전북특별자치도 순창군 복흥면 동산리,1957-01-01,1959-01-01,1,주수원,1735,28,24,155.1,10,200,필댐(죤형),20475,195,7.79,357.1,357.1,0,사통형,292,291.5,285.57,063-650-7000
4577010123,전북,순창,양림,전북특별자치도 순창군 복흥면 화양리,1939-01-01,1945-01-01,2,보조수원,16,0.83,0.82,5,10,200,필댐(죤형),10800,75,8,24.2,24.2,0,사통형,300.55,300.05,296,063-650-7000
4577010124,전북,순창,화양,전북특별자치도 순창군 복흥면 화양리,1976-01-01,1978-01-01,1,주수원,170,6.2,5.5,48.4,10,200,필댐(죤형),282188,150,25,490.7,490.7,0,사통형,352.3,351.5,333.5,063-650-7000
4577010128,전북,순창,방죽골,전북특별자치도 순창군 복흥면 반월리,1944-01-01,1945-01-01,2,보조수원,24,1.1,1,8,10,200,필댐(죤형),3080,70,4,12,12,0,사통형,276.96,276.26,274.79,063-650-7000
4577010130,전북,순창,대가,전북특별자치도 순창군 복흥면 봉덕리,1959-01-01,1964-01-01,1,주수원,618,15.3,13.6,106.5,10,200,필댐(죤형),75193,190,12.3,2149,1930,219,사통형,335.3,334.1,323,063-650-7000
4577010139,전북,순창,대방,전북특별자치도 순창군 복흥면 대방리,1989-01-01,1994-01-01,1,주수원,220,5.79,5.78,63.9,10,200,필댐(죤형),312750,180,26.7,506.2,506.1,0.1,사통형,369.49,367.99,348,063-650-7000
4577010140,전북,순창,낙덕,전북특별자치도 순창군 복흥면 답동리,1951-01-01,1953-01-01,2,주수원,6096,9.42,9.4,157.5,10,200,콘크리트댐(중력형),6320,44.8,7.6,293.1,277.4,15.7,기타,257.5,256,251,063-650-7000
4577010143,전북,순창,지북,전북특별자치도 순창군 적성면 지북리,1959-01-01,1960-01-01,2,주수원,64,3.54,2.93,30.6,10,200,필댐(죤형),27692,104.5,12.5,97.5,97.5,0,사통형,106.5,106,98.6,063-650-7000
4577010147,전북,순창,동막,전북특별자치도 순창군 적성면 고원리,1962-01-01,1963-01-01,2,보조수원,13,0.17,0.17,3.8,10,200,필댐(죤형),9100,80,7,2.4,2.4,0,사통형,86.86,86.26,84.5,063-650-7000
4577010148,전북,순창,지내,전북특별자치도 순창군 적성면 고원리,1967-01-01,1968-01-01,2,보조수원,19.8,1.41,1.4,2.4,10,200,필댐(죤형),9200,230,4,16.7,16.7,0,사통형,71.96,71.13,69.5,063-650-7000
4577010150,전북,순창,우계,전북특별자치도 순창군 적성면 내월리,1940-01-01,1941-01-01,2,보조수원,12,0.41,0.4,3,10,200,필댐(죤형),13167,68,9,4.8,4.8,0,사통형,111.09,110.49,107.7,063-650-7000
4577010172,전북,순창,구림,전북특별자치도 순창군 구림면 월정리,1958-01-01,1960-12-31,1,주수원,1154,22.5,21.94,238.1,10,200,필댐(죤형),50050,182,15.4,1239,1127,112,사통형,246.1,245.3,236.62,063-650-7000
4577010178,전북,순창,양신,전북특별자치도 순창군 쌍치면 양신리,1997-01-01,2000-01-01,1,주수원,245,13.91,13.9,93.4,10,200,필댐(죤형),217147,145,24.5,878.1,877.9,0.2,사통형,278.5,277.5,265,063-650-7000
4577010179,전북,순창,청계,전북특별자치도 순창군 구림면 자양리,1999-07-22,2004-12-10,1,주수원,190,8.4,7.29,80.3,10,200,필댐(죤형),123740,174,26.2,595,595,0,사통형,272.4,271.4,258,063-650-7000
4577010180,전북,순창,대산,전북특별자치도 순창군 인계면 마흘리,1997-12-19,2004-12-15,1,주수원,455,19.3,17.6,131.5,10,200,필댐(죤형),473299,249,31.1,1241.2,1241.1,0.1,사통형,148.8,147.8,128,063-650-7000
4577010181,전북,순창,월정,전북특별자치도 순창군 구림면 운북리,1999-07-22,2005-12-10,1,주수원,299,11.05,10.75,130,20,200,필댐(죤형),692131,205,28,916.1,915.9,0.2,사통형,341.1,340.1,324,063-650-7000
4577010182,전북,순창,통안,전북특별자치도 순창군 구림면 율북리,2002-10-20,2006-12-20,1,보조수원,123,7.29,6.81,132.9,10,200,필댐(죤형),440984.5,197,37,420.3,420.3,0,사통형,278.5,277.7,266,063-650-7000
4577010331,전북,순창,문치,전북특별자치도 순창군 구림면 방화리,2014-09-30,2022-12-20,1,주수원,254,9.71,9.1,127.6,10,0,필댐(죤형),0,200,27.3,972.1,914.4,57.7,사통형,284.7,283.4,269,063-650-7000
4577010332,전북,순창,금상,전북특별자치도 순창군 구림면 금창리,2014-09-30,2022-12-20,1,주수원,212,8.67,8.17,84.4,10,0,필댐(죤형),0,164,29,781.6,757.2,24.4,사통형,314.3,313,0,063-650-7000
4579010011,전북,고창,노동,전북특별자치도 고창군 고창읍 노동리,1952-01-01,1956-01-01,1,주수원,500,23.31,18.46,250,10,100,필댐(죤형),44800,224,20.6,1247.5,1247.5,0,취수탑형,80.65,78.65,74.2,063-560-1508
4579010048,전북,고창,청계,전북특별자치도 고창군 고수면 평지리,1950-01-01,1952-12-01,2,보조수원,158,2.23,2,1,10,100,필댐(죤형),15000,86,17.2,101.4,101.4,0,사통형,112.3,111.8,102.5,063-560-1508
4579010049,전북,고창,평지(고수),전북특별자치도 고창군 고수면 평지리,1976-01-01,1978-01-01,1,주수원,270,10.65,9.4,49,10,100,필댐(죤형),16200,154,21,498.6,498.6,0,사통형,87.55,86.55,73,063-560-1508
4579010094,전북,고창,덕림,전북특별자치도 고창군 무장면 덕림리,1944-01-01,1949-01-01,1,주수원,384,27.3,25.95,151.1,10,100,필댐(죤형),14700,210,8.2,517,502,15,사통형,99.14,98.34,95,063-560-1508
4579010099,전북,고창,고라,전북특별자치도 고창군 무장면 고라리,1942-01-01,1945-01-01,2,주수원,163,12.6,9.16,54,5,100,필댐(죤형),7500,171,5.7,148,141,7,사통형,40.55,39.95,37.3,063-560-1508
4579010116,전남,영광,대정,전북특별자치도 고창군 공음면 두암리,1923-01-01,1924-01-01,1,주수원,1128,56,54,605.5,10,200,필댐(죤형),160813,229,16.8,2368,2360,8,사통형,26.21,25.1,15,061-350-6500
4579010146,전북,고창,예전,전북특별자치도 고창군 공음면 예전리,1943-01-01,1945-01-10,1,주수원,794,37.48,36.3,146,10,100,필댐(죤형),16800,241,7,826,787,39,사통형,100.9,100,95.2,063-560-1508
4579010158,전북,고창,석남,전북특별자치도 고창군 상하면 석남리,1944-01-01,1945-01-01,1,주수원,1080,88.84,75.93,263,10,100,필댐(죤형),31000,1166,7.4,1427,1427,0,사통형,6.25,5.07,2.05,063-560-1508
4579010170,전북,고창,송곡,전북특별자치도 고창군 해리면 안산리,1942-01-01,1945-01-01,1,주수원,350,10.9,9.8,125,5,100,필댐(죤형),19000,190,9.86,377,359,18,사통형,26.1,24.7,18.5,063-560-1508
4579010174,전북,고창,평지(해리),전북특별자치도 고창군 해리면 평지리,1944-01-03,1950-12-29,2,주수원,37.7,10.7,9.4,19,5,100,필댐(죤형),16200,125,13.8,50.7,50.7,0,사통형,73,72.5,64.5,063-560-1508
4579010175,전북,고창,고성,전북특별자치도 고창군 해리면 평지리,1944-01-01,1950-01-01,2,주수원,122,8.3,7.28,68.2,5,100,필댐(죤형),1080,190,8,176.3,176.3,0,사통형,100.5,100,95.8,063-560-1508
4579010190,전북,고창,라성,전북특별자치도 고창군 해리면 사반리,1953-01-01,1955-01-01,1,주수원,452,24.5,21.07,100,10,100,필댐(죤형),18000,320,6.9,302,288,14,사통형,100.8,100,97,063-560-1508
4579010230,전북,고창,미동,전북특별자치도 고창군 성송면 하고리,1944-01-01,1947-01-01,2,주수원,87.7,7.91,7.26,41,10,200,,14000,222,8.4,220.3,210.2,10.1,,45.5,44.7,39.5,063-560-1508
4579010231,전북,고창,양사,전북특별자치도 고창군 성송면 하고리,1944-01-01,1947-01-01,2,주수원,78,3.9,2.9,36,5,100,필댐(죤형),15500,109,12.7,111,111,0,사통형,40.3,39.5,31.5,063-560-1508
4579010234,전북,고창,부귀,전북특별자치도 고창군 대산면 매산리,1943-12-01,1945-01-01,2,주수원,24,1.2,1,4,5,100,필댐(죤형),5500,135,3.2,10.99,10.99,0,사통형,100.3,100,98.2,063-560-1508
4579010235,전북,고창,산정,전북특별자치도 고창군 대산면 산정리,1949-01-15,1949-12-10,2,주수원,192,8.2,7.32,71.2,5,100,필댐(죤형),17000,234,7.2,137,137,0,사통형,100.5,100,97.3,063-560-1508
4579010236,전북,고창,교동,전북특별자치도 고창군 대산면 매산리,1949-01-01,1952-01-01,2,주수원,69,2.3,1.6,15,10,100,필댐(죤형),2500,140,4.2,7,7,0,사통형,100.3,100,98.4,063-560-1508
4579010257,전북,고창,궁산,전북특별자치도 고창군 해리면 금평리,1937-01-01,1945-01-01,1,주수원,3025,81,81,260,10,200,필댐(죤형),18000,450,7.8,2210,2210,0,취수탑형,7.5,7.06,1.5,063-560-1508
4579010262,전북,고창,도천,전북특별자치도 고창군 심원면 도천리,1939-01-01,1945-01-01,1,주수원,700,26.29,22.93,203,10,100,필댐(죤형),23600,139,16.7,1294,1294,0,사통형,100.52,99.52,89,063-560-1508
4579010263,전북,고창,연화,전북특별자치도 고창군 심원면 연화리,1939-01-01,1945-01-01,1,주수원,306,9.72,8.4,119,5,100,필댐(죤형),28000,146.9,13.9,712,712,0,사통형,40.44,39.54,28.5,063-560-1508
4579010280,전북,정읍,흥덕,전북특별자치도 고창군 흥덕면 석우리,1910-01-01,1914-12-01,1,주수원,4420,385,382,2739,10,200,필댐(죤형),85822,926,10.2,9946,9946,0,취수탑형,12.43,11.9,7.22,063-530-0326
4579010308,전북,고창,성내,전북특별자치도 고창군 성내면 신대리,1957-01-01,1961-01-01,1,주수원,545,33.5,27.9,181,10,100,필댐(죤형),17000,517,8,960.3,958.47,1.83,사통형,34.95,33.75,27.5,063-560-1508
4579010319,전북,고창,가평,전북특별자치도 고창군 신림면 가평리,1957-01-01,1961-01-01,1,주수원,212,6.8,5.3,77,10,100,필댐(죤형),30000,198,18.8,306,306,0,사통형,98.17,97.17,86,063-560-1508
4579010320,전북,고창,신평,전북특별자치도 고창군 신림면 신평리,1957-01-01,1961-01-01,2,주수원,165,2.9,2.1,25,10,100,필댐(죤형),35000,334,11,58.58,58.58,0,사통형,98.74,98.24,92,063-560-1508
4579010327,전북,고창,신림,전북특별자치도 고창군 신림면 자포리,1952-01-01,1956-01-01,1,주수원,2070,62.99,58.6,680,10,100,필댐(죤형),75000,495,14.1,3274,3274,0,사통형,48.93,47.93,37.7,063-560-1508
4579010332,전북,고창,오산,전북특별자치도 고창군 부안면 용산리,1940-01-01,1945-01-01,1,주수원,450,10.7,10,211,5,100,필댐(죤형),20000,140,14,516,516,0,사통형,49.12,48.52,39.5,063-560-1508
4579010337,전북,고창,수동,전북특별자치도 고창군 부안면 수동리,1985-01-01,1987-01-01,1,주수원,38,18.3,17.2,165,10,100,필댐(죤형),33600,280,12.6,827.37,827.37,0,사통형,15.5,15.42,4.5,063-560-1508
4579010339,전북,고창,상암,전북특별자치도 고창군 부안면 상암리,1951-01-01,1952-01-01,1,주수원,197,24.72,23.95,103,7,100,필댐(죤형),22000,445,4.3,592.56,591.96,0.6,사통형,16.2,15,12,063-560-1508
4579010349,전북,고창,사창,전북특별자치도 고창군 부안면 사창리,1995-01-01,1998-01-01,2,보조수원,7.1,5.5,5,42,10,100,필댐(죤형),45000,373,13.3,142,142,0,사통형,100.5,100,90.8,063-560-1508
4579010350,전북,고창,삼태,전북특별자치도 고창군 부안면 운양리,1943-01-01,1945-12-30,2,주수원,18,1.6,1.5,3,5,100,필댐(죤형),1500,82,6.7,14,14,0,사통형,100.3,100,96,063-560-1508
4579010351,전북,고창,백운,전북특별자치도 고창군 부안면 운양리,1943-01-01,1945-12-01,2,주수원,19,1.6,1.5,9,5,100,필댐(죤형),5000,109,4.4,5,5,0,사통형,100.4,100,96.5,063-560-1508
4579010352,전북,고창,고수,전북특별자치도 고창군 고수면 상평리,1952-01-01,1956-01-01,1,주수원,1600,42.63,44.48,525,10,100,필댐(죤형),55680,247,22,3340,3340,0,취수탑형,101.5,100,85.5,063-560-1508
4579010357,전북,고창,성송,전북특별자치도 고창군 성송면 암치리,1999-07-18,2003-12-30,1,주수원,102.7,11.4,10.6,102.7,10,200,필댐(죤형),187500,228,40.1,1172,1109,63,취수탑형,103.5,103,90,063-560-1508
4579010359,전북,고창,창내,전북특별자치도 고창군 부안면 검산리,2000-08-10,2004-01-01,1,주수원,270,22.3,21.1,377,10,100,필댐(균일형),0,248,36.8,1967,1780,187,취수탑형,77.5,76.5,57,063-560-1508
4579010360,전북,고창,연기,전북특별자치도 고창군 부안면 용산리,1997-01-01,2009-12-23,1,주수원,290,20.68,19.47,500.5,20,100,필댐(균일형),0,262,37.6,2416,2130,286,취수탑형,51.4,49,27,063-560-1508
4579010678,전북,고창,원당,전북특별자치도 고창군 부안면 상암리,2010-12-06,2015-02-05,1,주수원,97,7.37,6.95,7,10,200,필댐(죤형),196914,251,24,493,457,36,사통형,52,51,39,063-560-1508
4579010679,전북,고창,계산,전북특별자치도 고창군 아산면 학전리,2000-12-13,2017-12-31,1,주수원,173,40,36,0,20,100,필댐(코어형),492562,270,38,5010,4741,269,취수탑형,58,57,35,063-560-1508
4580010010,전북,부안,연,전북특별자치도 부안군 주산면 사산리,1945-01-01,1945-12-30,2,보조수원,37.9,3.2,3,8,5,50,필댐(죤형),3678,227,3.5,20.2,20.2,0,사통형,11.08,10,9,063-580-1013
4580010012,전북,부안,사산,전북특별자치도 부안군 주산면 사산리,1957-01-01,1962-12-30,1,주수원,1210,87.2,62,466,10,20,필댐(죤형),50270,763,9.26,1830,1827,3,사통형,24.63,23.63,18,063-580-1013
4580010018,전북,부안,쌍구,전북특별자치도 부안군 동진면 내기리,1945-01-01,1945-12-30,2,보조수원,15,2,2,10,5,50,필댐(죤형),1536,160,1.8,7.2,7.2,0,사통형,7.4,6.7,4.7,063-580-1013
4580010019,전북,부안,심성,전북특별자치도 부안군 동진면 내기리,1945-01-01,1945-12-30,2,보조수원,22,4,4,28,5,10,필댐(죤형),1971,220,2,6.2,6.2,0,사통형,7,6.5,3.5,063-580-1013
4580010020,전북,부안,고마,전북특별자치도 부안군 동진면 내기리,1955-01-01,1958-12-30,1,주수원,180,82,80,1210.8,10,10,필댐(죤형),65281,746,8.5,3338.2,3338.2,0,사통형,6.24,6.24,0.3,063-580-1013
4580010022,전북,부안,부,전북특별자치도 부안군 부안읍 신흥리,1945-01-01,1945-12-30,2,주수원,39,2.2,2.2,6,5,50,필댐(죤형),3432,191,3.3,20,20,0,사통형,20.87,20.57,12.3,063-580-1013
4580010023,전북,부안,동돈,전북특별자치도 부안군 계화면 의복리,1945-01-01,1945-12-30,2,주수원,20,3,1,7,5,50,필댐(죤형),5586,114,7,13,13,0,사통형,6.23,5.93,2,063-580-1013
4580010025,전북,부안,청호,전북특별자치도 부안군 행안면 삼간리,1968-03-01,1971-12-30,1,주수원,571,450,439,2467,10,20,필댐(죤형),244823,5335,6.5,18925.1,18045,880.1,취수탑형,4.9,4.9,0.5,063-580-1013
4580010037,전북,부안,남포,전북특별자치도 부안군 보안면 남포리,1955-01-01,1957-12-30,1,주수원,281,15.2,11.5,115,10,20,필댐(죤형),4032,310,3,447,447,0,사통형,13.03,12.53,7,063-580-1013
4580010040,전북,부안,우동,전북특별자치도 부안군 보안면 우동리,1953-01-01,1957-12-30,1,주수원,340,12.8,10.6,143.5,10,20,필댐(죤형),13634,260,8,418.8,417.7,1.1,사통형,14.8,14,6,063-580-1013
4580010055,전북,부안,유유,전북특별자치도 부안군 변산면 마포리,1955-01-01,1959-12-30,1,주수원,474,26.9,16.9,84.1,10,200,필댐(죤형),34594,278,6.8,559.8,552.2,7.6,사통형,38.59,37.79,32.12,063-580-1013
4580010060,전북,부안,운산,전북특별자치도 부안군 변산면 운산리,1955-01-01,1959-12-30,1,주수원,373,9.5,5.2,59.4,10,200,필댐(죤형),50164,420,12.5,333.1,333.1,0,사통형,57.71,57.11,44.09,063-580-1013
4580010064,전북,부안,석포,전북특별자치도 부안군 진서면 석포리,1990-01-01,1996-12-30,1,주수원,260,16.6,14.6,120,10,200,필댐(죤형),64724,172,20,1085,1040,45,취수탑형,58,56.9,44,063-580-1013
4580010065,전북,부안,개암,전북특별자치도 부안군 상서면 감교리,1953-01-01,1957-05-31,1,주수원,370,14.3,12.6,144.3,10,30,필댐(죤형),21139,135,14.8,750,745,5,사통형,16.7,15.7,6,063-580-1013
4580010089,전북,부안,연정,전북특별자치도 부안군 줄포면 장동리,1945-01-01,1945-12-30,2,주수원,20,2.5,2.5,25,5,100,필댐(죤형),2800,108.1,3.2,29.6,29.6,0,사통형,9.13,8.73,7,063-580-1013
4580010094,전북,부안,아강,전북특별자치도 부안군 줄포면 신리,1945-01-01,1945-01-01,2,주수원,15,1,1,10,5,10,필댐(죤형),2863,107,4,10,10,0,사통형,34.6,34.1,32.95,063-580-1013
4580010095,전북,부안,신,전북특별자치도 부안군 줄포면 신리,1945-01-01,1945-12-30,2,주수원,20,2.5,2.5,12,5,10,필댐(죤형),3437,169,3.2,12,12,0,사통형,33.28,32.88,31.36,063-580-1013
4580010098,전북,부안,월평,전북특별자치도 부안군 줄포면 파산리,1945-01-01,1945-12-30,2,주수원,30,2.8,1.5,15,5,10,필댐(죤형),1797,100,3.3,23,23,0,사통형,27.74,27.44,25.93,063-580-1013
4580010099,전북,부안,연중,전북특별자치도 부안군 줄포면 대동리,1945-01-01,1945-12-30,2,주수원,30,2,2,20,5,10,필댐(죤형),2350,115,3.5,20,20,0,기타,8.13,7.78,6,063-580-1013
4580010100,전북,부안,운호,전북특별자치도 부안군 진서면 운호리,1995-01-01,1999-12-30,1,주수원,365,9.8,9,134,10,200,필댐(죤형),52147,134,24,640.3,542.2,98.1,취수탑형,40,38.8,28,063-580-1013
4580010102,전북,부안,청림,전북특별자치도 부안군 상서면 청림리,2000-10-27,2009-07-24,1,주수원,440,23.68,22.4,310,30,10,필댐(균일형),0,233,34.5,2514,2213,301,취수탑형,100,99.2,79,063-580-1013
4611010005,전남,목포.무안.신안,석현,전라남도 목포시 석현동,1943-08-12,1945-08-13,2,주수원,65,4.8,4,29.9,10,100,필댐(죤형),17388,204,7,98,97.55,0.45,사통형,34,33.42,29,061-260-5530
4613010004,전남,순천.광양.여수,여천,전라남도 여수시 여천동,1942-01-01,1943-01-01,2,주수원,90,2,1.5,34.9,10,100,필댐(죤형),36449,127,7,57.23,57.23,0,사통형,62.5,61.76,54.76,061-740-1114
4613010006,전남,순천.광양.여수,대곡,전라남도 여수시 봉계동,1942-01-01,1943-01-01,2,주수원,58,2.5,2.2,38.2,10,200,필댐(죤형),49134,112,10.7,61,61,0,사통형,62.76,62.26,58,061-740-1114
4613010007,전남,순천.광양.여수,봉계1,전라남도 여수시 봉계동,1939-01-01,1940-01-01,2,주수원,170,6,5.6,84.8,10,100,필댐(죤형),124200,230,12,218,218,0,사통형,63,62.76,50.76,061-740-1114
4613010008,전남,순천.광양.여수,봉계2,전라남도 여수시 봉계동,1952-01-01,1954-01-01,2,주수원,61,1.1,1,18.1,10,100,필댐(죤형),63714,222,7,54.8,54.8,0,사통형,62.99,62.25,55.25,061-740-1114
4613010009,전남,순천.광양.여수,해산,전라남도 여수시 해산동,1939-01-01,1940-01-01,2,보조수원,8,4.5,3.5,14.4,10,100,필댐(죤형),10080,120,4,9,9,0,사통형,57.5,56.76,52.76,061-740-1114
4613010031,전남,순천.광양.여수,관기,전라남도 여수시 소라면 죽림리,1931-01-01,1932-01-01,1,주수원,423,30.52,28.13,239.4,10,100,필댐(죤형),68760,746,5.8,783.3,783.3,0,사통형,14.05,12.9,7.9,061-740-1114
4613010040,전남,순천.광양.여수,대포,전라남도 여수시 소라면 대포리,1929-01-01,1934-01-01,1,주수원,1670,24,22.6,260.6,10,200,필댐(죤형),123753,184,13.9,1380.94,1380.94,0,사통형,22.74,21.32,6.84,061-740-1114
4613010041,전남,순천.광양.여수,조화,전라남도 여수시 율촌면 조화리,1938-01-01,1940-01-01,2,주수원,174,7.4,6.4,57.2,10,200,필댐(죤형),126939,1059,3.3,202,202,0,사통형,8.35,7.21,0.39,061-740-1114
4613010042,전남,순천.광양.여수,산수,전라남도 여수시 율촌면 산수리,1958-01-01,1963-01-01,2,주수원,114,2,1.9,42,10,200,필댐(죤형),83556,160,8.9,55,55,0,사통형,39,38.6,38.6,061-740-1114
4613010045,전남,순천.광양.여수,가장,전라남도 여수시 율촌면 가장리,1944-01-01,1945-01-01,2,주수원,95,4,3.8,44,10,100,필댐(죤형),81700,189.9,12.6,120,120,0,사통형,100,99.5,89.5,061-740-1114
4613010047,전남,순천.광양.여수,연화,전라남도 여수시 율촌면 가장리,1990-09-18,1995-01-01,1,주수원,157,5.92,5.71,73.94,10,200,필댐(죤형),92301,260,17.6,515.34,515.34,0,사통형,28,27.83,10.53,061-740-1114
4613010050,전남,순천.광양.여수,반월,전라남도 여수시 율촌면 반월리,1943-01-01,1944-01-01,2,주수원,79,1.9,1.7,20,10,100,필댐(죤형),49560,153,7,53.2,53.2,0,사통형,41.07,40,33.7,061-740-1114
4613010051,전남,순천.광양.여수,취적,전라남도 여수시 율촌면 취적리,1952-01-01,1955-01-01,2,주수원,55,4.4,3.4,29.4,10,200,필댐(죤형),55296,160,17.1,81,81,0,사통형,31.67,30.47,14.47,061-740-1114
4613010052,전남,순천.광양.여수,내동,전라남도 여수시 율촌면 취적리,1960-01-01,1961-01-01,2,주수원,105,3.5,3.3,20.5,10,100,필댐(죤형),56540,127,10.6,51,51,0,취수탑형,39.85,38.6,28.5,061-740-1114
4613010053,전남,순천.광양.여수,신풍,전라남도 여수시 율촌면 신풍리,1967-01-01,1972-01-01,1,주수원,419,11,10.6,76.2,10,200,필댐(죤형),141152,165,26.7,781.8,781.8,0,사통형,30.45,29.3,4.3,061-740-1114
4613010060,전남,순천.광양.여수,화동,전라남도 여수시 화양면 화동리,1966-01-01,1970-01-01,1,주수원,288,8.5,7.5,95.5,10,200,필댐(죤형),160697,220,24.7,571,571,0,사통형,60.52,59.5,33.8,061-740-1114
4613010061,전남,순천.광양.여수,대복,전라남도 여수시 돌산읍 신복리,1997-12-31,2005-12-20,1,주수원,239,10,9.8,39,10,200,필댐(죤형),540960,210,23,479,479,0,취수탑형,60,58,40,061-740-1114
4613010062,전남,순천.광양.여수,승월,전라남도 여수시 돌산읍 서덕리,1997-12-31,2005-12-20,1,주수원,360,12.2,10.8,66,10,200,필댐(죤형),613360,430,17,786.98,613,173.98,사통형,43.32,42.21,32,061-740-1114
4615010005,전남,순천.광양.여수,대동,전라남도 순천시 왕지동,1944-11-20,1957-03-31,2,주수원,158.6,5.8,5.6,39.3,10,100,필댐(죤형),60000,162,9.4,154,149,5,사통형,63,62.6,52.6,061-740-1114
4615010009,전남,순천.광양.여수,평지,전라남도 순천시 승주읍 평중리,1956-10-01,1957-08-20,2,주수원,92,3,2.1,7.4,10,100,필댐(죤형),36352,160,8,36.08,36.07,0.01,사통형,153.18,152.68,148.03,061-740-1114
4615010010,전남,순천.광양.여수,연동,전라남도 순천시 승주읍 구강리,1944-01-01,1945-04-01,2,주수원,52,2,1.2,10.5,10,200,필댐(죤형),33901,167,6.5,44,44,0,사통형,188.25,187.75,180.75,061-740-1114
4615010011,전남,순천.광양.여수,축내,전라남도 순천시 승주읍 도정리,1944-01-01,1945-04-01,2,주수원,120,2,1.05,16.3,10,200,필댐(죤형),41371,153,8,48,48,0,사통형,210,209.73,201.73,061-740-1114
4615010012,전남,순천.광양.여수,월계,전라남도 순천시 승주읍 월계리,1958-01-21,1959-12-30,2,주수원,104,3.2,2.2,30.4,10,200,필댐(죤형),35198,105,18.2,95,95,0,사통형,197,196.69,179.69,061-740-1114
4615010013,전남,순천.광양.여수,서동,전라남도 순천시 승주읍 신성리,1944-01-01,1945-01-01,2,주수원,90,2,1.6,6.1,10,200,필댐(죤형),9828,90,6,15,15,0,사통형,152.5,151.79,145.79,061-740-1114
4615010023,전남,순천.광양.여수,죽청,전라남도 순천시 서면 운평리,1943-12-16,1944-12-31,2,주수원,233.6,4.3,4,50,10,200,필댐(죤형),34020,84,12.9,177.31,176.87,0.44,사통형,122,121.32,113.82,061-740-1114
4615010026,전남,순천.광양.여수,용곡,전라남도 순천시 서면 압곡리,1954-01-01,1961-01-01,1,주수원,360,5.6,5.5,61.1,10,200,필댐(죤형),73000,215,14.9,506.2,492.93,13.27,사통형,94,92,76.4,061-740-1114
4615010027,전남,순천.광양.여수,용림,전라남도 순천시 서면 압곡리,1954-01-01,1961-03-27,2,주수원,82,2.4,1.4,15,10,200,필댐(죤형),13569,97,5.9,29.4,28.4,1,사통형,80.37,79.25,79.25,061-740-1114
4615010029,전남,순천.광양.여수,지본,전라남도 순천시 서면 지본리,1958-10-01,1961-03-27,2,주수원,30,2.9,1.9,9.8,10,200,필댐(죤형),23168,160,6.4,39.68,39,0.68,사통형,62.5,62.32,55.92,061-740-1114
4615010042,전남,순천.광양.여수,운월,전라남도 순천시 월등면 신월리,1968-11-01,1970-06-30,2,주수원,438,4.8,3.8,96.6,10,200,필댐(죤형),52800,180,12.1,145.8,99.6,46.2,사통형,174.29,172.29,158.99,061-740-1114
4615010045,전남,순천.광양.여수,행정,전라남도 순천시 주암면 행정리,1943-09-01,1945-03-31,1,주수원,781.3,16.4,15.7,227.7,10,200,필댐(죤형),430980,370,18.24,745.03,744,1.03,사통형,147,146.64,133.01,061-740-1114
4615010048,전남,순천.광양.여수,보령,전라남도 순천시 주암면 복다리,1966-06-23,1969-06-30,2,주수원,161,3,2.73,36.4,10,200,필댐(죤형),117306,155,14,136.36,134,2.36,사통형,149.05,148,134.78,061-740-1114
4615010057,전남,순천.광양.여수,동교,전라남도 순천시 낙안면 동내리,1942-08-29,1951-08-31,1,주수원,375,5.98,5.76,206.2,10,100,필댐(죤형),214140,496,21,714.97,699.8,15.17,사통형,26,25,6,061-740-1114
4615010058,전남,순천.광양.여수,상송,전라남도 순천시 낙안면 상송리,1972-12-20,1974-12-30,1,주수원,184,6,5.8,53.3,10,100,필댐(죤형),107644,168,23.6,453.65,453.65,0,사통형,85.57,84.27,61.77,061-740-1114
4615010059,전남,순천.광양.여수,송기,전라남도 순천시 낙안면 검암리,1959-11-07,1960-07-30,2,주수원,60,1.5,1.2,20.9,10,200,필댐(죤형),33962,95,11,62,62,0,사통형,82.5,82,71,061-740-1114
4615010060,전남,순천.광양.여수,평촌,전라남도 순천시 낙안면 평촌리,1957-10-06,1959-07-30,2,주수원,22,2.6,1.6,10,10,200,필댐(죤형),51840,432,6,26.6,26.6,0,사통형,33.82,32.78,26.78,061-740-1114
4615010063,전남,순천.광양.여수,운천,전라남도 순천시 별량면 봉림리,1968-11-28,1970-11-30,1,주수원,639,23.1,22.1,236.3,10,100,필댐(죤형),105665,163,12.5,1031.37,1022.7,8.67,사통형,22.5,22.07,9.58,061-740-1114
4615010068,전남,순천.광양.여수,금동,전라남도 순천시 별량면 금치리,1974-11-21,1977-06-30,1,주수원,401,8,7.2,114.4,10,100,필댐(죤형),165149,223,25.7,651.56,651.56,0,사통형,44.5,44,19.3,061-740-1114
4615010069,전남,순천.광양.여수,대룡,전라남도 순천시 별량면 죽산리,1970-12-14,1978-12-31,1,주수원,1370,23.02,21.45,515,10,200,필댐(죤형),326340,196,37,2313.9,2305.28,8.62,취수탑형,71.9,70.4,44.7,061-740-1114
4617010002,전남,나주,한수,전라남도 나주시 경현동,1954-12-01,1956-12-31,1,주수원,390,12.6,7.6,85.1,10,200,필댐(죤형),54714,200,16.58,430.89,430.86,0.03,사통형,48,46.67,36.01,061-330-9523
4617010004,전남,나주,보산,전라남도 나주시 보산동,1957-01-01,1959-01-01,2,주수원,93,4.1,3.9,27.1,10,200,필댐(죤형),55070,127.2,13.4,71.11,70.78,0.33,사통형,118.3,117.3,109.73,061-330-9523
4617010005,전남,나주,대호,전라남도 나주시 대호동,1961-01-01,1962-01-01,2,주수원,150,6.1,5.4,43.5,10,200,필댐(죤형),4383,234,6.8,126,126,0,사통형,18.35,17.35,14.51,061-330-9523
4617010006,전남,나주,칠전,전라남도 나주시 대호동,1950-12-01,1952-01-01,2,보조수원,42,3.4,3.3,14,10,200,필댐(죤형),10800,240,4.85,62.58,56.84,5.74,사통형,22.5,21,18.6,061-330-9523
4617010007,전남,나주,연화,전라남도 나주시 대호동,1950-12-01,1952-01-01,2,보조수원,127,5.92,4.9,63,10,200,필댐(죤형),34361,236,5.6,122.85,114.81,8.04,사통형,20.9,19.91,16.47,061-330-9523
4617010008,전남,나주,청동,전라남도 나주시 석현동,1950-12-01,1952-01-01,2,주수원,45,4.1,4,10.5,10,200,필댐(죤형),6459,145.4,5.5,74.01,72.41,1.6,사통형,12.05,11.6,9.8,061-330-9523
4617010009,전남,나주,우산,전라남도 나주시 평산동,1943-12-01,1945-01-01,2,보조수원,120,7.8,6,16.5,10,200,필댐(죤형),28980,210,4.6,197.58,194.01,3.57,사통형,17,15.77,10.21,061-330-9523
4617010010,전남,나주,덕치,전라남도 나주시 부덕동,1944-01-03,1945-01-01,2,보조수원,4,0.96,0.8,1.9,10,200,필댐(죤형),5200,85,3,5,5,0,사통형,100.46,99.96,98.52,061-330-9523
4617010011,전남,나주,기동,전라남도 나주시 대기동,1944-01-01,1945-01-01,2,보조수원,57,4.2,3,6.3,10,200,필댐(죤형),12000,180,4.5,28.52,26.78,1.74,사통형,100.6,99.6,98.32,061-330-9523
4617010013,전남,나주,동방,전라남도 나주시 동수동,1934-01-01,1935-01-01,2,보조수원,25,1.4,1.3,15,10,200,필댐(죤형),2320,145,3.2,36.11,34.36,1.75,사통형,100.84,99.84,96.47,061-330-9523
4617010018,전남,나주,방축,전라남도 나주시 남평읍 교원리,1942-01-01,1943-01-01,2,보조수원,45,0.12,0.12,4.8,10,200,필댐(죤형),2088,87,4,0.84,0.8,0.04,사통형,30,29,28,061-330-9523
4617010020,전남,나주,봉산,전라남도 나주시 남평읍 서산리,1959-12-01,1961-01-01,2,주수원,70,1.4,1.1,13.7,10,200,필댐(죤형),2589,126,13.7,34.27,33.77,0.5,사통형,71.6,70.6,64.14,061-330-9523
4617010021,전남,나주,반계,전라남도 나주시 남평읍 오계리,1960-01-01,1961-01-01,2,주수원,40,1.62,1.6,43.3,10,200,필댐(죤형),83265,122.6,6.4,84.66,83.94,0.72,사통형,44.2,43.2,34.62,061-330-9523
4617010022,전남,나주,상남,전라남도 나주시 남평읍 남석리,1942-12-01,1944-01-01,2,주수원,45,0.53,0.5,14.3,10,200,필댐(죤형),7500,60,5,18.7,18.55,0.15,사통형,101.3,100.3,95.47,061-330-9523
4617010023,전남,나주,남석,전라남도 나주시 남평읍 남석리,1943-01-01,1944-01-01,2,주수원,131,2.1,1.9,20.6,10,200,필댐(죤형),35000,88,9.4,62.97,62.97,0,사통형,53.3,52.3,43.71,061-330-9523
4617010030,전남,광주,어전,전라남도 나주시 남평읍 평산리,1937-01-01,1938-01-01,2,보조수원,48,0.45,0.4,5,10,200,필댐(죤형),680,85,2.5,4,4,0,사통형,22.17,21.17,20.17,062-380-8685
4617010031,전남,광주,평산,전라남도 나주시 남평읍 평산리,1978-01-01,1979-01-01,2,보조수원,72,5,5,24,10,200,필댐(죤형),7398,137,18.7,289,289,0,사통형,35,33.06,23.02,062-380-8685
4617010032,전남,나주,오봉,전라남도 나주시 세지면 오봉리,1917-12-03,1919-01-01,2,보조수원,120,2.3,2.2,65,10,200,필댐(죤형),67650,265,9.8,71.27,70.66,0.61,사통형,57.5,56.42,49.7,061-330-9523
4617010033,전남,나주,반월,전라남도 나주시 세지면 대산리,1941-01-01,1942-01-01,2,보조수원,110,5.6,4.3,29.2,10,200,필댐(죤형),16220,197,4.9,50.6,50.3,0.3,사통형,29.5,28.5,26.28,061-330-9523
4617010034,전남,나주,소용궁,전라남도 나주시 세지면 대산리,1943-12-01,1945-01-01,2,보조수원,125,5.2,3.62,10,10,200,필댐(죤형),4320,160,3,20.58,17.96,2.62,취수탑형,18.1,18.08,17.4,061-330-9523
4617010035,전남,나주,용궁,전라남도 나주시 세지면 대산리,1938-12-01,1940-01-01,1,보조수원,200,27.2,24.9,35.3,10,200,필댐(죤형),61880,415,7.3,616.95,583.65,33.3,사통형,101,100,96.69,061-330-9523
4617010036,전남,나주,봉정,전라남도 나주시 세지면 내정리,1939-12-01,1942-01-01,2,보조수원,15,0.8,0.3,1.6,10,200,필댐(죤형),1000,42,2.5,19,17,2,사통형,18.2,18,17.33,061-330-9523
4617010037,전남,나주,동신,전라남도 나주시 세지면 동곡리,1941-01-01,1942-01-01,2,보조수원,45,1.2,1.1,59,10,200,필댐(죤형),1960,96,2.6,8.48,7.88,0.6,사통형,44.9,44.4,43,061-330-9523
4617010038,전남,나주,교산,전라남도 나주시 세지면 교산리,1955-01-03,1957-12-31,2,보조수원,94.4,15.7,9,94.4,10,200,필댐(죤형),44630,340,7,143.28,135.5,7.78,사통형,77,75.5,73.31,061-330-9523
4617010040,전남,나주,산계,전라남도 나주시 세지면 벽산리,1940-12-02,1942-01-01,2,보조수원,45,0.96,0.89,12.5,10,200,필댐(죤형),650,110,4.5,24.7,24.01,0.69,사통형,39.2,38.7,34.96,061-330-9523
4617010043,전남,나주,동산,전라남도 나주시 왕곡면 덕산리,1949-01-03,1950-01-01,2,보조수원,45,0.92,0.9,40,10,100,필댐(죤형),17995,120,7.7,16.55,15.9,0.65,사통형,25.86,24.9,23.99,061-330-9523
4617010046,전남,나주,산정,전라남도 나주시 왕곡면 신포리,1940-12-02,1942-01-01,2,보조수원,25,1.73,1.4,25,10,100,필댐(죤형),4221,96,3.9,19.8,19.8,0,사통형,29.4,28.7,26.56,061-330-9523
4617010047,전남,나주,신포,전라남도 나주시 왕곡면 신포리,1941-12-01,1943-01-01,2,보조수원,65,9.34,9,51.2,10,100,필댐(죤형),7920,165,4,130.66,118.83,11.83,사통형,9.5,8.64,6.62,061-330-9523
4617010048,전남,나주,박포,전라남도 나주시 왕곡면 신포리,1942-01-01,1943-01-01,2,보조수원,15,0.75,0.69,5,10,100,필댐(죤형),5375,85,6.8,6.5,6.01,0.49,사통형,19.99,18.99,18.04,061-330-9523
4617010049,전남,나주,용교,전라남도 나주시 왕곡면 화정리,1936-12-01,1938-01-01,2,보조수원,214,3.65,3.4,42,10,100,필댐(죤형),10350,193,3.9,108,108,0,사통형,38.8,38.4,37.4,061-330-9523
4617010050,전남,나주,정촌,전라남도 나주시 왕곡면 화정리,1931-12-01,1933-01-01,2,보조수원,40,2.2,2,20,10,100,필댐(죤형),3230,85,4,28.9,25.77,3.13,사통형,19.5,18.38,17.28,061-330-9523
4617010051,전남,나주,행장,전라남도 나주시 왕곡면 행전리,1928-12-03,1930-01-01,2,보조수원,35,4.2,4.1,12,10,100,필댐(죤형),6398,188,5,63.51,63.51,0,사통형,35.6,34.6,31.14,061-330-9523
4617010052,전남,나주,평전,전라남도 나주시 왕곡면 행전리,1950-12-01,1952-01-01,2,보조수원,35,1.8,1.6,4,10,100,필댐(죤형),4515,120,3.5,12.91,10.56,2.35,사통형,28.5,27.63,26.81,061-330-9523
4617010053,전남,나주,봉학,전라남도 나주시 왕곡면 신원리,1920-12-01,1923-01-01,2,보조수원,20,1.2,1,2.7,10,100,필댐(죤형),5702,120,4.4,15.54,15.37,0.17,사통형,12.2,12,9.22,061-330-9523
4617010054,전남,나주,신원,전라남도 나주시 왕곡면 신원리,1940-12-02,1942-01-01,2,보조수원,80,6.3,5.9,10,10,100,필댐(죤형),12091,120,4.4,139.75,138.98,0.77,사통형,34,33.11,29.17,061-330-9523
4617010055,전남,나주,신정,전라남도 나주시 왕곡면 신가리,1941-12-01,1943-01-01,2,보조수원,10,0.8,0.6,3,10,100,필댐(죤형),3564,75,4.4,6.65,6.43,0.22,사통형,33.7,32.7,30.99,061-330-9523
4617010056,전남,나주,양산,전라남도 나주시 왕곡면 양산리,1938-12-01,1940-01-01,2,보조수원,85,1.6,1.1,7.4,10,100,필댐(죤형),6840,190,4,13.96,13.2,0.76,사통형,25.3,24.3,22.58,061-330-9523
4617010057,전남,나주,봉덕,전라남도 나주시 반남면 흥덕리,1943-01-01,1945-01-01,2,보조수원,24,2.4,2,12,10,100,필댐(죤형),8080,162,4.3,24,24,0,사통형,15.71,14.71,11.33,061-330-9523
4617010058,전남,나주,흥덕,전라남도 나주시 반남면 흥덕리,1943-12-01,1945-01-01,2,보조수원,24,1.3,1.3,12,10,100,필댐(죤형),9649,170,4.4,19.34,19.34,0,사통형,20.28,19.3,17.25,061-330-9523
4617010059,전남,나주,월현,전라남도 나주시 반남면 석천리,1939-12-01,1941-01-01,2,보조수원,13,1.7,1.1,5,10,100,필댐(죤형),3023,155,3,9.14,7.46,1.68,사통형,21.5,20.77,19.87,061-330-9523
4617010060,전남,나주,용산,전라남도 나주시 반남면 덕산리,1943-12-01,1945-01-01,2,보조수원,31,5,3.6,10,10,100,필댐(죤형),5670,180,3.5,49.45,48.41,1.04,사통형,15.14,14.14,11.36,061-330-9523
4617010061,전남,나주,월량,전라남도 나주시 반남면 덕산리,1943-12-01,1945-01-01,2,보조수원,24,2.85,2.4,10.5,10,100,필댐(죤형),4592,157,3,37.9,34.15,3.75,사통형,23.2,22.2,20.11,061-330-9523
4617010062,전남,나주,북두,전라남도 나주시 반남면 신촌리,1943-12-01,1945-01-01,2,보조수원,20,1.4,1.1,8,10,100,필댐(죤형),5407,110,4.7,25.39,25.39,0,사통형,20.06,19.06,16.04,061-330-9523
4617010063,전남,나주,신기,전라남도 나주시 반남면 신촌리,1943-12-01,1945-01-01,2,보조수원,18,1.1,1,15,10,100,필댐(죤형),3953,155,3,7.31,7.31,0,사통형,20.16,19.2,17.68,061-330-9523
4617010064,전남,나주,방두,전라남도 나주시 반남면 대안리,1944-01-03,1945-01-01,2,보조수원,12,1.4,1.2,6,10,100,필댐(죤형),3652,103,4.1,14.51,14.32,0.19,사통형,17.14,16.14,13.87,061-330-9523
4617010065,전남,나주,도마,전라남도 나주시 반남면 대안리,1944-01-03,1945-01-01,2,보조수원,120,7.5,6.4,10,10,100,필댐(죤형),5533,217,2.8,38.99,37.79,1.2,사통형,16.43,15.43,14.56,061-330-9523
4617010066,전남,나주,송정,전라남도 나주시 반남면 청송리,1943-12-01,1945-01-01,2,보조수원,31,3.27,1.7,15,10,100,필댐(죤형),6381,140,4.3,35.55,35.35,0.2,사통형,22.76,21.76,18.43,061-330-9523
4617010067,전남,나주,청용,전라남도 나주시 동강면 대지리,1943-12-01,1945-01-01,2,보조수원,31,1.5,1.5,15,10,100,필댐(죤형),10395,118,6,27.25,26.74,0.51,사통형,24.5,23.54,21.08,061-330-9523
4617010068,전남,나주,선동,전라남도 나주시 봉황면 철천리,1955-12-01,1957-01-01,2,보조수원,52,2.3,2,24.9,10,200,필댐(죤형),41010,217,9,41.12,39.32,1.8,사통형,110.2,109.5,106.7,061-330-9523
4617010069,전남,나주,월호,전라남도 나주시 공산면 남창리,1943-12-01,1945-01-01,2,보조수원,84,6.8,6.2,60.5,10,200,필댐(죤형),9957,236,4.1,124.15,117.21,6.94,사통형,9.5,8.28,5.89,061-330-9523
4617010070,전남,나주,신흥,전라남도 나주시 공산면 남창리,1943-12-01,1945-01-01,2,보조수원,33,1.5,1.45,24.4,10,200,필댐(죤형),5674,168,3.5,33.68,31.68,2,사통형,11.12,10.12,7.36,061-330-9523
4617010071,전남,나주,백동,전라남도 나주시 공산면 백사리,1943-01-01,1945-01-01,2,보조수원,8,1.1,0.9,14.7,10,100,필댐(죤형),4773,120,3.7,14.28,14.09,0.19,사통형,28.9,27.9,25.48,061-330-9523
4617010074,전남,나주,사암,전라남도 나주시 공산면 신곡리,1943-12-01,1945-01-01,2,보조수원,120,6.47,6.1,35.9,10,100,필댐(죤형),8797,127,5.3,182.81,181.18,1.63,사통형,16.13,15.13,10.56,061-330-9523
4617010075,전남,나주,갈마,전라남도 나주시 공산면 백사리,1942-01-01,1943-01-01,2,보조수원,20,0.8,0.62,25,10,200,필댐(죤형),21940,115,4.4,15.3,15.27,0.03,사통형,16.58,16.48,13.25,061-330-9523
4617010076,전남,나주,형제,전라남도 나주시 공산면 중포리,1928-12-03,1930-01-01,2,보조수원,80,9.8,9.7,37.7,10,100,필댐(죤형),7680,160,4,123.87,81.08,42.79,사통형,5.21,4.91,3.9,061-330-9523
4617010077,전남,나주,옥정,전라남도 나주시 공산면 중포리,1939-12-01,1942-01-01,2,보조수원,11,0.8,0.6,6.3,10,100,필댐(죤형),2746,110,3.2,7.41,6.11,1.3,사통형,8.05,7.05,5.57,061-330-9523
4617010078,전남,나주,척포,전라남도 나주시 공산면 중포리,1932-12-01,1935-01-01,2,보조수원,50,4.3,4,20.9,10,100,필댐(죤형),3396,135,3.1,142.93,122.87,20.06,사통형,5,4.2,2.3,061-330-9523
4617010080,전남,나주,가흥,전라남도 나주시 공산면 가송리,1944-01-01,1945-01-01,2,보조수원,35,1.3,1.28,6.8,10,200,필댐(죤형),12470,110,7.9,26.52,26.38,0.14,사통형,19,18.5,15.28,061-330-9523
4617010081,전남,나주,연화,전라남도 나주시 공산면 동촌리,1942-12-01,1944-01-01,2,보조수원,75,1.8,1.6,14,10,100,필댐(죤형),7118,187,3.5,2.6,2.6,0,사통형,15.45,14.5,11.2,061-330-9523
4617010082,전남,나주,금산,전라남도 나주시 공산면 화성리,1933-12-01,1935-01-01,2,보조수원,150,3.5,3.3,5.4,10,100,필댐(죤형),15480,137,4,37.93,32.93,5,사통형,20.12,19.12,16.79,061-330-9523
4617010083,전남,나주,화산,전라남도 나주시 공산면 화성리,1943-12-01,1945-01-01,2,보조수원,120,2.1,2,21.5,10,100,필댐(죤형),4725,150,3.5,23.27,22.64,0.63,사통형,15.8,14.8,12.94,061-330-9523
4617010084,전남,나주,상방,전라남도 나주시 공산면 상방리,1943-12-01,1945-01-01,2,보조수원,96,4.87,4.5,32.6,10,100,필댐(죤형),9896,198,4.2,48.4,47.93,0.47,사통형,19.94,18.94,17.09,061-330-9523
4617010085,전남,나주,백두,전라남도 나주시 공산면 상방리,1942-01-01,1943-01-01,2,보조수원,95,6,4.7,30,10,100,필댐(죤형),18489,173,7.5,79.08,78.96,0.12,사통형,26.26,25.26,22.3,061-330-9523
4617010086,전남,나주,대량,전라남도 나주시 공산면 상방리,1947-01-01,1948-01-01,2,보조수원,54,2.2,1.8,4.1,10,100,필댐(죤형),4921,125,4.5,21.9,19.07,2.83,사통형,9.94,8.94,7.45,061-330-9523
4617010087,전남,나주,후동,전라남도 나주시 공산면 상방리,1946-12-02,1948-01-01,2,보조수원,21,1.25,1.2,6.9,10,100,필댐(죤형),3413,84,4.3,22.39,22,0.39,사통형,12.8,11.8,9.06,061-330-9523
4617010088,전남,나주,복용,전라남도 나주시 공산면 복용리,1943-01-01,1945-01-01,2,보조수원,50,3.3,3.2,20.6,10,100,필댐(죤형),3378,102,3.7,62.9,62.9,0,사통형,9.72,8.72,4.61,061-330-9523
4617010090,전남,나주,우습,전라남도 나주시 공산면 동촌리,1940-12-02,1943-01-01,2,보조수원,195,65.5,41.7,106.5,10,100,필댐(죤형),58625,335,5,269.49,269.49,0,사통형,4,2.86,2.1,061-330-9523
4617010092,전남,나주,석천,전라남도 나주시 동강면 월양리,1943-12-01,1945-01-01,2,보조수원,30,2.43,2.43,17.4,10,100,필댐(죤형),4249,150,3.7,34.6,31.9,2.7,취수탑형,10.11,9.1,6.24,061-330-9523
4617010093,전남,나주,우사,전라남도 나주시 동강면 월양리,1943-12-01,1945-01-01,2,보조수원,260,6.7,6,52,10,100,필댐(죤형),14034,280,4.1,31.88,30.83,1.05,사통형,5.5,4.8,4.1,061-330-9523
4617010094,전남,나주,대상,전라남도 나주시 동강면 대전리,1944-01-03,1945-01-01,2,보조수원,10,1.1,1,6.3,10,100,필댐(죤형),3955,113,3.5,7.49,7.49,0,사통형,8.98,7.98,5.69,061-330-9523
4617010095,전남,나주,매동,전라남도 나주시 동강면 대전리,1967-01-02,1968-01-01,2,보조수원,15,0.5,0.5,1,10,100,필댐(죤형),2832,78,3.5,7.97,7.82,0.15,사통형,5.98,5.5,4,061-330-9523
4617010096,전남,나주,월감,전라남도 나주시 동강면 장동리,1943-12-01,1945-01-01,2,보조수원,48,2.85,2.1,14,10,100,필댐(죤형),5200,130,4,7.3,7.05,0.25,사통형,10.54,10.3,9.06,061-330-9523
4617010097,전남,나주,연화,전라남도 나주시 동강면 장동리,1943-12-01,1945-01-01,2,보조수원,70,3.68,2.58,12.8,10,100,필댐(죤형),8111,117,4.7,33.14,32.58,0.56,사통형,6.54,6.5,4.6,061-330-9523
4617010099,전남,나주,동백,전라남도 나주시 동강면 옥정리,1944-01-03,1945-01-01,2,보조수원,40,1.3,1.28,5,10,100,필댐(죤형),3661,147,2.5,14.28,14.09,0.19,사통형,10.5,10,8,061-330-9523
4617010100,전남,나주,화정,전라남도 나주시 동강면 옥정리,1943-12-01,1945-01-01,2,보조수원,30,2.1,2,16.1,10,100,필댐(죤형),5601,123,4.6,21.35,20,1.35,사통형,10.66,9.7,8.04,061-330-9523
4617010101,전남,나주,몽송,전라남도 나주시 동강면 옥정리,1944-01-03,1945-01-01,2,보조수원,16,1.2,1.01,11.4,10,100,필댐(죤형),6667,127,5,19.78,19.25,0.53,사통형,10,9.5,7.45,061-330-9523
4617010102,전남,나주,만학,전라남도 나주시 동강면 곡천리,1944-01-03,1945-01-01,2,보조수원,82,3.5,3.2,5.9,10,100,필댐(죤형),16767,134,6.5,83.88,82.81,1.07,사통형,18.99,17.99,14.29,061-330-9523
4617010105,전남,나주,척고,전라남도 나주시 동강면 곡천리,1943-12-01,1945-01-01,2,보조수원,38,3.1,2.97,8.5,10,100,필댐(죤형),11923,180,4.8,62.94,62.75,0.19,사통형,7.52,7,4.42,061-330-9523
4617010106,전남,나주,영화,전라남도 나주시 동강면 곡천리,1943-12-01,1945-01-01,2,보조수원,12,0.6,0.3,0.7,10,100,필댐(죤형),3704,102,3.5,0.9,0.1,0.8,사통형,8.9,7.9,7.2,061-330-9523
4617010107,전남,나주,대각,전라남도 나주시 동강면 대지리,1949-01-03,1950-01-01,2,주수원,30,3,2.8,27,10,100,필댐(죤형),2268,135,2.8,59.14,57.98,1.16,사통형,45.6,44.6,41.09,061-330-9523
4617010108,전남,나주,백연,전라남도 나주시 동강면 대지리,1949-01-03,1950-01-01,2,주수원,36,2.6,1.6,12,10,100,필댐(죤형),7958,135,4.5,46.73,46.44,0.29,사통형,15.4,14.4,8.98,061-330-9523
4617010109,전남,나주,청룡,전라남도 나주시 반남면 청송리,1950-12-01,1952-01-01,2,보조수원,26,2.2,1.7,36,7,100,필댐(죤형),23719,277,4.9,48.05,47.17,0.88,사통형,18.8,17.8,14.17,061-330-9523
4617010110,전남,나주,송암,전라남도 나주시 동강면 양지리,1948-12-01,1950-01-01,1,보조수원,256,23,19.6,108,10,100,필댐(죤형),39338,540,5.3,354.5,300.97,53.53,사통형,16.4,15.4,13.38,061-330-9523
4617010113,전남,나주,신원,전라남도 나주시 동강면 운산리,1949-12-01,1952-01-01,2,보조수원,102,12.7,5.7,35.9,10,100,필댐(죤형),10368,324,4,70.86,39.97,30.89,사통형,8.5,7.23,6.47,061-330-9523
4617010114,전남,나주,회룡,전라남도 나주시 동강면 운산리,1950-12-01,1952-01-01,2,보조수원,35,2.1,1.9,22,10,100,필댐(죤형),4349,126,3.9,38.37,38.37,0,사통형,11.1,10.1,6.86,061-330-9523
4617010120,전남,나주,개경,전라남도 나주시 다시면 가운리,1929-10-01,1931-01-01,2,보조수원,90,1.2,1,9.6,10,200,필댐(죤형),1500,96,3.5,17.84,17.84,0,사통형,22.3,21.3,15.55,061-330-9523
4617010121,전남,나주,영안,전라남도 나주시 다시면 월태리,1942-11-02,1944-01-01,2,보조수원,20,2.4,1.6,15.6,10,200,필댐(죤형),8671,123,4.7,19.27,16.16,3.11,사통형,30.5,29.43,27.99,061-330-9523
4617010125,전남,나주,문동,전라남도 나주시 다시면 문동리,1955-01-03,1956-01-01,2,보조수원,89,2.5,2.4,64,10,200,필댐(죤형),5376,160,5.6,64.22,63.63,0.59,사통형,65.8,64.8,60.02,061-330-9523
4617010126,전남,나주,동문,전라남도 나주시 다시면 문동리,1955-01-03,1956-01-01,2,보조수원,60,0.82,0.8,7.6,10,200,필댐(죤형),3325,175,7.6,66.13,65.02,1.11,사통형,26.7,25.7,23.08,061-330-9523
4617010127,전남,나주,동촌,전라남도 나주시 다시면 동당리,1944-01-03,1945-01-01,2,주수원,32,2.8,2.6,22,10,200,필댐(죤형),1560,104,5,51.89,49.19,2.7,사통형,8.8,7.8,5.3,061-330-9523
4617010128,전남,나주,청림,전라남도 나주시 다시면 동당리,1943-12-01,1945-01-01,2,주수원,23,1.55,1.5,11,10,200,필댐(죤형),4560,95,7.7,27.05,26.55,0.5,사통형,25.5,24.5,19.49,061-330-9523
4617010130,전남,나주,송정,전라남도 나주시 다시면 송촌리,1943-12-01,1945-01-01,2,보조수원,180,5.3,5,22.2,10,200,필댐(죤형),3500,140,3.8,103.56,102.46,1.1,사통형,8.4,7.4,5.2,061-330-9523
4617010131,전남,나주,월영,전라남도 나주시 다시면 동곡리,1936-12-01,1938-01-01,2,보조수원,25,1.9,1.3,6,10,200,필댐(죤형),4500,97,7.3,20.98,17.26,3.72,사통형,45,44.36,42.95,061-330-9523
4617010134,전남,나주,백용,전라남도 나주시 다시면 운봉리,1929-01-01,1932-01-01,1,보조수원,2730,69.2,64.6,616.3,10,200,필댐(코어형),142400,253.5,26,3922.2,3804.2,118,취수탑형,42,40.6,29.7,061-330-9523
4617010136,전남,나주,송림,전라남도 나주시 문평면 송산리,1940-12-02,1943-01-01,2,보조수원,92,1.79,1.5,22.3,10,200,필댐(죤형),6500,102,5.8,43.09,42.34,0.75,사통형,100.7,99.7,95.06,061-330-9523
4617010137,전남,나주,금계,전라남도 나주시 문평면 북동리,1961-01-02,1962-01-01,2,주수원,45,3.9,3.5,11,10,200,필댐(죤형),71911,216,11.6,132.05,132.05,0,사통형,21.14,20.14,12.89,061-330-9523
4617010138,전남,나주,무수,전라남도 나주시 문평면 대도리,1939-01-02,1940-01-01,2,보조수원,28,1.5,1.5,13.8,10,200,필댐(죤형),6854,102,5.6,33.94,33.24,0.7,사통형,46.7,45.7,42.2,061-330-9523
4617010139,전남,나주,대도,전라남도 나주시 문평면 대도리,1949-01-01,1950-01-01,1,보조수원,550,23,18.5,23.5,10,200,필댐(죤형),18224,287,12.7,744.08,736.8,7.28,사통형,77,76,68.64,061-330-9523
4617010142,전남,나주,석교,전라남도 나주시 문평면 학교리,1959-12-01,1961-01-01,2,주수원,80,5.17,3.9,46.6,10,200,필댐(죤형),15700,105,10,133.09,131.93,1.16,사통형,91.5,90.5,83.88,061-330-9523
4617010147,전남,나주,학동,전라남도 나주시 문평면 학동리,1941-12-01,1943-01-01,2,보조수원,85,3.6,3.2,39,10,200,필댐(죤형),10106,197,5.7,77.58,67.84,9.74,사통형,21,20.17,17.68,061-330-9523
4617010150,전남,나주,옥당,전라남도 나주시 문평면 오룡리,1941-12-01,1943-01-01,2,보조수원,55,3.1,2.8,44.7,10,200,필댐(죤형),47047,123,8.5,109.84,108.98,0.86,사통형,35,33.81,24.95,061-330-9523
4617010151,전남,나주,오륜,전라남도 나주시 문평면 오룡리,1942-12-01,1944-01-01,2,보조수원,30,1.8,1.4,20,10,200,필댐(죤형),24072,118,6.8,20.34,19.74,0.6,사통형,33,32.11,27.89,061-330-9523
4617010152,전남,나주,도천,전라남도 나주시 노안면 도산리,1925-01-01,1926-01-01,2,보조수원,75,3,2.5,21,10,200,필댐(죤형),3196,136,4.7,35.1,31.1,4,사통형,100.2,99.2,97.6,061-330-9523
4617010153,전남,나주,월곡,전라남도 나주시 노안면 도산리,1924-12-01,1926-01-01,2,보조수원,34,1.9,1.8,11.1,10,200,필댐(죤형),26160,218,3.8,16.45,15.5,0.95,사통형,22.5,21.57,20.61,061-330-9523
4617010155,전남,나주,내동,전라남도 나주시 노안면 장동리,1924-01-01,1925-01-01,2,보조수원,25,2,1.4,17.5,10,200,필댐(죤형),2305,122,5.4,9.05,7.47,1.58,사통형,15.15,14.15,13.46,061-330-9523
4617010156,전남,나주,하치,전라남도 나주시 노안면 유곡리,1938-12-01,1940-01-01,2,보조수원,88,4.5,4.4,27,10,200,필댐(죤형),17647,181.3,6.5,44.16,37.84,6.32,사통형,19.5,18.38,17.4,061-330-9523
4617010157,전남,나주,신암,전라남도 나주시 노안면 유곡리,1939-01-01,1940-01-01,2,보조수원,123,11.5,6.5,42,10,200,필댐(죤형),23500,245,11.5,81.04,77.43,3.61,사통형,18.75,17.8,14.88,061-330-9523
4617010159,전남,나주,우월,전라남도 나주시 노안면 계림리,1938-12-01,1940-01-01,2,보조수원,25,2.2,2,10,10,200,필댐(죤형),11250,125,3,40.1,39,1.1,사통형,26.6,25.55,24.6,061-330-9523
4617010160,전남,나주,연화,전라남도 나주시 노안면 계림리,1945-12-03,1947-01-01,2,보조수원,127,2.3,1.5,11,10,200,필댐(죤형),27054,168,5.4,21.73,18.23,3.5,사통형,24.18,23.88,21.7,061-330-9523
4617010161,전남,나주,신미,전라남도 나주시 노안면 계림리,1945-12-03,1947-01-01,2,보조수원,39,3.2,2.3,8,10,200,필댐(죤형),6500,102,9,23.84,23.48,0.36,사통형,18.4,17.4,15.59,061-330-9523
4617010162,전남,나주,중월,전라남도 나주시 노안면 계림리,1945-12-03,1947-01-01,2,보조수원,17,2,1.8,10,10,200,필댐(죤형),3645,135,3,16.9,16,0.9,사통형,24.4,24,22.17,061-330-9523
4617010163,전남,나주,노안1,전라남도 나주시 노안면 안산리,1957-01-01,1959-01-01,1,보조수원,375,26,19.1,108,10,200,필댐(죤형),10646,318,7.44,553.69,543.89,9.8,사통형,70.31,69.31,63.83,061-330-9523
4617010164,전남,나주,고정,전라남도 나주시 노안면 구정리,1939-01-02,1940-01-01,2,보조수원,18,1,0.63,5,10,200,필댐(죤형),963,107,3,6.5,6.5,0,사통형,16.53,16,15.47,061-330-9523
4617010165,전남,나주,영안,전라남도 나주시 노안면 영평리,1966-11-01,1968-01-01,2,보조수원,6.5,0.6,0.4,2,10,200,필댐(죤형),5050,126,3.5,3.67,3.07,0.6,사통형,23.58,22.48,22,061-330-9523
4617010166,전남,나주,노안2,전라남도 나주시 노안면 영평리,1958-01-01,1959-01-01,2,보조수원,182,12,6,56,10,200,필댐(죤형),7507,231,6.5,144.97,141.99,2.98,사통형,70.3,69.3,65.84,061-330-9523
4617010171,전남,나주,오정,전라남도 나주시 노안면 오정리,1938-12-01,1940-01-01,2,보조수원,354,14.5,10.8,66,10,200,필댐(죤형),195300,416,5.02,138.5,78.5,60,사통형,23.5,22.26,21.48,061-330-9523
4617010175,전남,나주,장등,전라남도 나주시 노안면 양천리,1942-12-01,1944-01-01,2,보조수원,65,3.4,3.1,24.7,10,100,필댐(죤형),6490,183,5,47.73,43.56,4.17,사통형,30,28.81,26.73,061-330-9523
4617010176,전남,나주,당가,전라남도 나주시 금천면 신가리,1942-01-01,1943-01-01,2,보조수원,35,0.8,0.8,2.4,10,200,필댐(죤형),2067,106,6.5,9.99,8.87,1.12,사통형,19.1,18.1,16.2,061-330-9523
4617010177,전남,나주,유촌,전라남도 나주시 금천면 신가리,1939-12-01,1941-01-01,2,보조수원,25,2.1,1.4,12,10,200,필댐(죤형),28840,100,7.4,35.21,30.9,4.31,사통형,21,20,18.62,061-330-9523
4617010178,전남,나주,신천,전라남도 나주시 금천면 신천리,1941-12-01,1943-01-01,2,보조수원,30,1.65,1.5,15,10,200,필댐(죤형),7040,110,8,17.36,14.95,2.41,사통형,17.4,16.4,15.08,061-330-9523
4617010179,전남,나주,죽촌,전라남도 나주시 금천면 죽촌리,1940-12-02,1943-01-01,2,보조수원,25,2.3,1.9,23,10,200,필댐(죤형),4452,106,4,25,25,0,사통형,18,17.26,16.23,061-330-9523
4617010180,전남,나주,태봉,전라남도 나주시 금천면 죽촌리,1942-12-01,1944-01-01,2,보조수원,30,3.1,2.9,21,10,200,필댐(죤형),10596,116,8.7,33.74,24.56,9.18,사통형,21.5,20.43,19.45,061-330-9523
4617010181,전남,나주,태신,전라남도 나주시 금천면 죽촌리,1942-12-01,1944-01-01,2,보조수원,30,2.2,1.9,10,10,200,필댐(죤형),9450,105,6,12.28,12.28,0,사통형,21,20.11,19,061-330-9523
4617010182,전남,나주,오강,전라남도 나주시 금천면 석전리,1939-12-01,1941-01-01,2,보조수원,350,4.6,4.3,23,10,200,필댐(죤형),42150,250,4.2,50.15,49.55,0.6,사통형,16,14.84,13.79,061-330-9523
4617010184,전남,나주,천석,전라남도 나주시 금천면 석전리,1960-12-01,1962-01-01,2,보조수원,35,2.1,1.9,10,10,200,필댐(죤형),3307,90,4.5,10,10,0,사통형,24.5,23.66,22.99,061-330-9523
4617010185,전남,나주,신추,전라남도 나주시 금천면 촌곡리,1940-12-02,1942-01-01,2,보조수원,40,2.9,2.3,14,10,200,필댐(죤형),6080,190,3.8,38.09,31.03,7.06,사통형,18.4,17.4,15.7,061-330-9523
4617010186,전남,나주,추동,전라남도 나주시 금천면 촌곡리,1940-12-02,1942-01-01,2,보조수원,20,1.1,0.7,4,10,200,필댐(죤형),1764,98,2.8,6.77,6.17,0.6,사통형,21.7,21.2,20.17,061-330-9523
4617010188,전남,나주,제성,전라남도 나주시 산포면 매성리,1942-12-03,1944-01-01,2,보조수원,42,1.6,1.3,20,10,200,필댐(죤형),8505,105,5.4,27.75,26.62,1.13,사통형,26.5,25.5,23.37,061-330-9523
4617010192,전남,나주,송림,전라남도 나주시 산포면 송림리,1956-12-03,1958-01-01,1,보조수원,393,31.47,25.2,242,10,200,필댐(죤형),22860,254,8.2,647.15,634.59,12.56,사통형,65.9,64.9,60.73,061-330-9523
4617010193,전남,나주,화지,전라남도 나주시 산포면 화지리,1956-12-03,1958-01-01,2,보조수원,230,12.7,12.7,80.1,10,200,필댐(죤형),52638,283,6.2,187.31,165.2,22.11,사통형,28.65,28.15,26.5,061-330-9523
4617010195,전남,나주,원옥,전라남도 나주시 산포면 산제리,1943-12-01,1945-01-01,2,보조수원,31,0.47,0.39,7,10,200,필댐(죤형),23280,194,2.5,8.85,7.27,1.58,사통형,40.19,39.99,37.93,061-330-9523
4617010196,전남,나주,산제,전라남도 나주시 산포면 산제리,1943-12-01,1945-01-01,2,보조수원,80,2.7,2.5,12.5,10,200,필댐(죤형),5500,195,5.21,18.67,18.67,0,사통형,28.5,27.5,26.48,061-330-9523
4617010197,전남,나주,산매화,전라남도 나주시 산포면 산제리,1943-12-01,1945-01-01,2,보조수원,30,0.72,0.6,4,10,200,필댐(죤형),950,130,5,12,12,0,사통형,35.2,34.7,33.3,061-330-9523
4617010198,전남,나주,방축,전라남도 나주시 남평읍 교원리,1944-01-03,1945-01-01,2,보조수원,25,1.1,0.84,10,10,200,필댐(죤형),3967,116,3.8,29.83,29.83,0,사통형,34.42,34.32,31.24,061-330-9523
4617010199,전남,나주,사다리,전라남도 나주시 산포면 등수리,1943-12-01,1945-01-01,2,보조수원,20,1.29,0.83,5,10,200,필댐(죤형),1450,90,5,14.47,12.82,1.65,사통형,31.4,31,28.87,061-330-9523
4617010200,전남,나주,나주호,전라남도 나주시 다도면 판촌리,1973-04-12,1976-09-30,1,주수원,10470,803.6,803.6,9304.6,10,200,필댐(죤형),1128000,504.9,33.17,107810,106540,1270,취수탑형,68.03,68.03,42.96,061-330-9523
4617010202,전남,나주,도천,전라남도 나주시 다도면 풍산리,1939-01-02,1940-01-01,2,보조수원,84,3.6,2.9,42,10,200,필댐(죤형),12920,107,7,73.12,70.02,3.1,사통형,49.2,48.7,45.07,061-330-9523
4617010204,전남,나주,덕동,전라남도 나주시 다도면 덕동리,1943-01-01,1944-01-01,2,보조수원,19,0.92,0.8,24.6,10,200,필댐(죤형),8360,83,6.5,20.55,20.55,0,사통형,68.5,67.5,62.69,061-330-9523
4617010207,전남,나주,강정,전라남도 나주시 다도면 암정리,1959-01-01,1962-12-01,1,주수원,630,12.4,8.9,54,3,100,필댐(죤형),110200,249,12.3,357.41,357.41,0,사통형,109.35,108.35,98.93,061-330-9523
4617010208,전남,나주,장암,전라남도 나주시 다도면 암정리,1959-12-01,1962-01-01,2,주수원,70,2,1.8,13.9,10,200,필댐(죤형),66550,102,8.7,17.6,12.57,5.03,사통형,130,128.67,127.47,061-330-9523
4617010209,전남,나주,덕림,전라남도 나주시 다도면 덕림리,1961-01-02,1962-01-01,2,주수원,238,2.2,2,20,10,200,필댐(죤형),39780,105,12.8,100.65,99.85,0.8,사통형,141.2,140.2,132.75,061-330-9523
4617010211,전남,나주,방축,전라남도 나주시 봉황면 철천리,1942-01-01,1943-01-01,2,보조수원,5,0.97,0.86,8,10,200,필댐(죤형),4480,80,4,8.4,7.8,0.6,사통형,28.5,28,28,061-330-9523
4617010213,전남,나주,수각,전라남도 나주시 봉황면 각동리,1955-12-01,1957-01-01,2,보조수원,60,1.8,1.2,29,10,200,필댐(죤형),355000,142,10,38.19,37.77,0.42,사통형,64.5,61.43,55.2,061-330-9523
4617010214,전남,나주,각동,전라남도 나주시 봉황면 각동리,1956-01-01,1957-01-01,2,보조수원,38,1.6,1.4,19.8,10,200,필댐(죤형),11660,98,7,25,25,0,사통형,49.28,48.5,46.2,061-330-9523
4617010215,전남,나주,송현,전라남도 나주시 봉황면 송현리,1943-12-01,1945-01-01,1,보조수원,410,22.1,20.8,147.5,10,200,필댐(죤형),45410,328,7.3,427.35,421.18,6.17,사통형,60.7,59.7,56.15,061-330-9523
4617010216,전남,나주,문현,전라남도 나주시 봉황면 송현리,1939-01-02,1940-01-01,2,보조수원,43,5.4,1.14,10,10,200,필댐(죤형),3720,118,3.5,11.1,10.4,0.7,사통형,41.2,40.2,38.59,061-330-9523
4617010217,전남,나주,송촌,전라남도 나주시 봉황면 송현리,1943-12-01,1945-01-01,2,보조수원,56,1.34,1.2,7.1,10,200,필댐(죤형),13980,92,8,23.86,23.86,0,사통형,56.3,55.8,52.48,061-330-9523
4617010218,전남,나주,유치,전라남도 나주시 봉황면 송현리,1959-12-01,1962-01-01,2,보조수원,41,1.6,1.3,17.4,10,200,필댐(죤형),11160,83,7.4,31.93,30.34,1.59,사통형,58.5,57.37,52.8,061-330-9523
4617010219,전남,나주,장성1,전라남도 나주시 봉황면 장성리,1938-12-01,1940-01-01,2,보조수원,74,4.8,3.4,38.3,10,200,필댐(죤형),10780,245,4,72,72,0,사통형,22,21.37,19.81,061-330-9523
4617010220,전남,나주,장성2,전라남도 나주시 봉황면 장성리,1941-10-03,1943-01-01,2,보조수원,74,1.85,1.8,34,10,200,필댐(죤형),11220,170,4,27.64,21.13,6.51,사통형,31.02,30.08,28.73,061-330-9523
4617010221,전남,나주,박곡,전라남도 나주시 봉황면 유곡리,1939-01-02,1940-01-01,2,보조수원,10,1.6,1.14,45,10,200,필댐(죤형),8690,100,6.5,21.26,20.69,0.57,사통형,47.82,47.5,44.87,061-330-9523
4617010222,전남,나주,유정,전라남도 나주시 봉황면 유곡리,1938-12-01,1940-01-01,2,보조수원,45,2.3,2.2,45,10,200,필댐(죤형),10520,147,5.1,34.74,32.36,2.38,사통형,35.5,34.51,32.35,061-330-9523
4617010223,전남,나주,아세,전라남도 나주시 봉황면 유곡리,1966-12-01,1968-01-01,2,보조수원,40,1.78,1,0,10,200,필댐(죤형),1620,60,3,5.77,4.29,1.48,사통형,29,27.95,27.39,061-330-9523
4617010224,전남,나주,인읍,전라남도 나주시 봉황면 옥산리,1966-12-01,1968-01-01,2,보조수원,9,0.4,0.33,1,10,200,필댐(죤형),1430,43,3.5,5.54,5.42,0.12,사통형,26.5,25.37,22.64,061-330-9523
4617010225,전남,나주,와우,전라남도 나주시 봉황면 와우리,1941-12-01,1943-01-01,2,보조수원,50,5.2,5.1,48.6,10,100,필댐(죤형),1320,133,3.8,23,23,0,사통형,34,33.02,32.6,061-330-9523
4617010226,전남,나주,신황,전라남도 나주시 봉황면 황용리,1941-12-01,1943-01-01,2,보조수원,42,2.2,1.9,10,10,200,필댐(죤형),2540,138,2.5,24.61,18.19,6.42,사통형,16.5,15.59,14.37,061-330-9523
4617010227,전남,나주,부정,전라남도 나주시 봉황면 황용리,1941-12-01,1943-01-01,2,보조수원,50,4.5,2.8,80,10,200,필댐(죤형),5440,87,5,42.76,39.07,3.69,사통형,79,78,76.08,061-330-9523
4617010228,전남,나주,욱실(욱곡),전라남도 나주시 봉황면 욱곡리,1941-12-01,1943-01-01,2,보조수원,9,0.45,0.43,2,10,200,필댐(죤형),6121,80,3,5.06,5.06,0,사통형,26.55,25.55,24.6,061-330-9523
4617010229,전남,나주,월봉,전라남도 나주시 봉황면 철천리,1938-12-01,1940-01-01,2,보조수원,35,1.2,1,10,10,200,필댐(죤형),3510,79,4.5,13.31,11.34,1.97,사통형,46,45,43.25,061-330-9523
4617010232,전남,나주,만봉,전라남도 나주시 봉황면 만봉리,1955-01-03,1957-01-01,1,보조수원,1117,40.01,35.69,153,10,200,필댐(죤형),73300,410,17,2416,2408,8,취수탑형,67,65.8,54.4,061-330-9523
4617010236,전남,나주,덕동1,전라남도 나주시 다도면 송학리,1995-01-01,1999-01-01,1,주수원,90,7.87,7.4,60,10,200,필댐(죤형),175450,111,24.4,603,534,69,사통형,69.5,65.8,62.69,061-330-9523
4617010237,전남,나주,금당(저류지),전라남도 나주시 문평면 옥당리,1914-01-01,1915-12-01,2,보조수원,99.7,3.4,2.3,3,10,200,필댐(죤형),1636,187,3.5,33.6,33,0.6,취수탑형,11,10.4,9,061-330-9523
4623010005,전남,순천.광양.여수,황길,전라남도 광양시 황길동,1951-05-01,1953-01-01,2,주수원,156,6.1,5.1,78.5,5,200,필댐(죤형),0,179,11.8,193.33,193,0.33,사통형,60.5,60,48.2,061-740-1114
4623010007,전남,순천.광양.여수,와우,전라남도 광양시 마동,1930-12-15,1931-09-06,2,주수원,19,4.8,3.8,0,10,100,필댐(죤형),27005,60,7,19.3,19,0.3,사통형,9.91,8.96,1.66,061-740-1114
4623010020,전남,순천.광양.여수,인덕,전라남도 광양시 광양읍 덕례리,1930-04-07,1931-06-23,2,주수원,302,9.5,8.3,64.9,10,100,필댐(죤형),33354,85,10.6,288.99,288,0.99,사통형,100.5,100,89.4,061-740-1114
4623010023,전남,순천.광양.여수,백운,전라남도 광양시 봉강면 지곡리,1952-01-01,1967-01-01,1,주수원,4856,82,81.8,832.8,10,200,필댐(죤형),136891,316,19,4436.9,4428,8.9,취수탑형,48.2,46.9,34.37,061-740-1114
4623010032,전남,순천.광양.여수,신금,전라남도 광양시 옥곡면 신금리,1957-10-14,1967-10-01,1,주수원,170,8,7.5,99.3,10,100,필댐(죤형),138253,511,8.1,393,393,0,사통형,9,8.35,0.65,061-740-1114
4623010035,전남,순천.광양.여수,망덕,전라남도 광양시 진월면 망덕리,1949-01-01,1953-03-24,2,주수원,35,2.5,2.3,19.8,5,100,필댐(죤형),20706,102,7,59.3,59.3,0,사통형,11.3,10.41,8,061-740-1114
4623010036,전남,순천.광양.여수,차사,전라남도 광양시 진월면 차사리,1971-10-29,1978-12-31,1,주수원,198,8.7,7.7,75.3,10,200,필댐(죤형),196560,280,13,310.3,310,0.3,사통형,16,15.35,2.35,061-740-1114
4623010037,전남,순천.광양.여수,복곡,전라남도 광양시 진월면 선소리,1949-01-01,1953-03-24,2,주수원,134,9.3,8.6,82.1,10,200,필댐(죤형),104072,162,11.95,210.9,210,0.9,사통형,15.35,14.3,2.8,061-740-1114
4623010038,전남,순천.광양.여수,진월,전라남도 광양시 진월면 신아리,1949-01-01,1953-01-01,2,주수원,89,2.8,1.8,10.1,5,100,필댐(죤형),35532,83.8,13.5,62.11,62,0.11,사통형,17.5,17.31,6.21,061-740-1114
4623010039,전남,순천.광양.여수,오사,전라남도 광양시 진월면 신구리,1971-10-29,1978-12-31,1,주수원,140.8,7,6,107.4,10,200,필댐(죤형),131250,147,25,395.61,394.96,0.65,사통형,101,100,75,061-740-1114
4671010004,전남,담양,삼다,전라남도 담양군 담양읍 삼다리,1968-01-01,1968-12-30,2,보조수원,12,0.87,0.82,5.2,10,100,필댐(죤형),3222,179,6,11.14,11.14,0,사통형,101,100,96.5,061-380-4114
4671010005,전남,담양,가산,전라남도 담양군 담양읍 가산리,1942-01-01,1942-12-01,2,보조수원,25,0.41,0.38,5.2,10,200,필댐(죤형),2448,102,8,4.3,4.3,0,사통형,101,100,97.5,061-380-4114
4671010006,전남,담양,회룡,전라남도 담양군 담양읍 가산리,1961-01-01,1961-12-30,2,보조수원,24,0.56,0.52,4.6,10,100,필댐(죤형),2688,112,8,14.7,14.08,0.62,사통형,94.3,93.8,89.5,061-380-4114
4671010007,전남,담양,고가,전라남도 담양군 담양읍 담빛리,1944-01-01,1944-12-30,2,보조수원,35,4.5,3.7,14.9,10,100,필댐(죤형),10080,420,6,46.8,46.8,0,사통형,101,100,98.5,061-380-4114
4671010009,전남,담양,탄금,전라남도 담양군 봉산면 기곡리,1942-01-01,1942-12-30,2,보조수원,100,4.69,4.37,59.5,10,100,필댐(죤형),5010,334,5,35.59,35.59,0,사통형,44.38,43.14,41.64,061-380-4114
4671010010,전남,담양,비아,전라남도 담양군 봉산면 기곡리,1944-01-01,1945-01-01,2,보조수원,90,2.96,2.9,28.9,10,100,필댐(죤형),3906,124,6,59.35,52.84,6.51,사통형,63.36,62.36,59.82,061-380-4114
4671010011,전남,담양,방축,전라남도 담양군 봉산면 기곡리,1937-01-01,1937-12-23,2,보조수원,49,1.56,1.04,12.5,10,100,필댐(죤형),1300,130,4.76,18.1,18.1,0,사통형,101,100,97.5,061-380-4114
4671010012,전남,담양,능안,전라남도 담양군 봉산면 기곡리,1942-01-01,1942-12-30,2,보조수원,15,1.49,0.92,10,10,100,필댐(죤형),1160,116,5,14,14,0,사통형,101,100,97.5,061-380-4114
4671010013,전남,담양,송산,전라남도 담양군 봉산면 기곡리,1942-01-01,1942-12-30,2,보조수원,40,0.52,0.4,8,10,100,필댐(죤형),770,77,4.7,4.55,4.55,0,사통형,100.8,100,97.5,061-380-4114
4671010015,전남,담양,월전,전라남도 담양군 봉산면 양지리,1945-01-01,1945-12-30,2,보조수원,13,2.96,2.9,6.2,10,200,필댐(죤형),1120,80,6.1,58.5,57.5,1,사통형,44.16,43.56,40.22,061-380-4114
4671010016,전남,담양,교산,전라남도 담양군 고서면 교산리,1954-01-01,1955-01-01,2,보조수원,83,3.98,2.53,46.7,10,100,필댐(죤형),3132,174,6,39,39,0,사통형,101,100,97.5,061-380-4114
4671010017,전남,담양,덕촌,전라남도 담양군 고서면 고읍리,1954-01-01,1955-01-01,2,보조수원,30,1.5,0.79,16.6,10,100,필댐(죤형),1918,137,7,15.8,15.8,0,사통형,101,100,97,061-380-4114
4671010018,전남,담양,고읍,전라남도 담양군 고서면 고읍리,1954-01-01,1955-12-30,2,보조수원,100,2.45,1.96,41,10,100,필댐(죤형),12628,287,11.5,68.7,68.7,0,사통형,101,100,94,061-380-4114
4671010020,전남,담양,광주호,전라남도 담양군 고서면 분향리,1974-03-29,1976-09-30,1,주수원,4130,210.7,210.7,2338,10,500,필댐(죤형),733000,525,26.5,17368.15,15197.96,2170.19,사통형,79.85,76.95,65.35,061-380-4114
4671010021,전남,담양,금현,전라남도 담양군 고서면 금현리,1954-01-01,1955-01-01,2,보조수원,250,4.84,4.66,117.8,10,200,필댐(죤형),5350,107,12.5,165.62,165.62,0,사통형,101,100,93,061-380-4114
4671010023,전남,담양,보촌,전라남도 담양군 고서면 보촌리,1957-01-01,1958-01-01,2,보조수원,13,0.47,0.45,6.5,10,100,필댐(죤형),360,90,2,5.26,5.26,0,사통형,51.61,51.31,49.5,061-380-4114
4671010024,전남,담양,원강,전라남도 담양군 고서면 원강리,1947-01-01,1947-12-30,2,보조수원,30,1.58,1.56,13.1,10,100,필댐(죤형),1130,113,8.6,37.73,37.73,0,사통형,55.29,54.79,50.66,061-380-4114
4671010025,전남,담양,월곡,전라남도 담양군 고서면 원강리,1946-01-01,1947-01-01,2,보조수원,10,0.75,0.68,7.5,10,100,필댐(죤형),1600,200,4,5.54,5.5,0.04,사통형,51,50.6,48.82,061-380-4114
4671010026,전남,담양,후산읍,전라남도 담양군 고서면 산덕리,1934-01-01,1936-01-01,2,보조수원,13,1.42,1.4,0,10,100,필댐(죤형),2580,215,2,8.42,8.06,0.36,사통형,61.54,61.14,59,061-380-4114
4671010027,전남,담양,후산,전라남도 담양군 고서면 산덕리,1956-01-01,1956-12-30,2,보조수원,6,0.22,0.21,5.7,10,100,필댐(죤형),984,82,2,1.52,1.52,0,사통형,69.09,68.69,66,061-380-4114
4671010029,전남,담양,경상,전라남도 담양군 가사문학면 경상리,1961-01-02,1962-01-01,2,주수원,237,3.42,3.34,68.4,10,100,필댐(죤형),13357,137,20,203.82,203.82,0,사통형,173.5,172.63,159,061-380-4114
4671010045,전남,담양,외동,전라남도 담양군 가사문학면 풍암리,2011-06-08,2013-09-24,1,주수원,810,23.9,22.6,101,10,200,필댐(죤형),458281,211,23.86,1927,1873,54,사통형,265.1,264,249.85,061-380-4114
4671010056,전남,담양,운암,전라남도 담양군 대덕면 운암리,1943-01-01,1944-01-01,1,주수원,600,9.8,9.4,109.6,10,200,필댐(죤형),15394,311,11,655.29,655.29,0,사통형,117.38,116.38,109.5,061-380-4114
4671010066,전남,담양,오봉,전라남도 담양군 무정면 오봉리,1948-01-01,1948-12-30,2,보조수원,80,1.49,0.92,15.4,10,100,필댐(죤형),1656,92,6,17.6,17.6,0,사통형,101,100,96.5,061-380-4114
4671010068,전남,담양,성도,전라남도 담양군 무정면 성도리,1956-01-01,1957-01-01,2,보조수원,40,0.75,0.68,16,10,100,필댐(죤형),840,60,7,6.3,6.3,0,사통형,57.84,57.24,50.5,061-380-4114
4671010072,전남,담양,정석,전라남도 담양군 무정면 정석리,1972-01-01,1973-01-01,1,주수원,550,8.92,8.56,129.9,10,200,필댐(죤형),10080,110,14.44,581.48,581.48,0,사통형,102.97,101.97,91.17,061-380-4114
4671010076,전남,담양,담양호,전라남도 담양군 용면 도림리,1973-08-09,1976-09-30,1,주수원,6560,441,441,6245,10,200,필댐(죤형),2702590,306,48,77608,76670,938,취수탑형,124.36,124.36,88.36,061-380-4114
4671010083,전남,담양,두장,전라남도 담양군 용면 두장리,1947-01-01,1947-12-30,2,보조수원,20,0.83,0.6,7,10,100,필댐(죤형),500,50,5,3.95,3.95,0,사통형,100.5,100,97.5,061-380-4114
4671010084,전남,담양,박곡,전라남도 담양군 용면 통천리,1947-01-01,1947-12-30,2,보조수원,40,1.2,0.66,10,10,100,필댐(죤형),1100,110,5,6.27,6.27,0,사통형,100.7,100,97.5,061-380-4114
4671010085,전남,담양,매월,전라남도 담양군 용면 통천리,1947-01-01,1947-12-30,2,보조수원,26,0.83,0.6,0,10,100,필댐(죤형),1250,125,5,7.03,7.03,0,사통형,100.7,100,97.5,061-380-4114
4671010087,전남,담양,와산,전라남도 담양군 용면 추성리,1947-01-01,1947-12-30,2,보조수원,26,0.58,0.55,10,10,100,필댐(죤형),1904,136,7,7,7,0,사통형,99.5,99,96.5,061-380-4114
4671010088,전남,담양,추성,전라남도 담양군 용면 추성리,1947-01-01,1947-12-30,2,보조수원,38,1.4,0.99,10,10,100,필댐(죤형),1400,140,5,9.2,9.2,0,사통형,101,100,95.9,061-380-4114
4671010094,전남,담양,월산1,전라남도 담양군 월산면 월산리,1934-01-01,1934-12-30,2,보조수원,60,1.11,1.07,17,10,100,필댐(죤형),1500,100,10,23.53,23.5,0.03,사통형,90.58,90.18,86.33,061-380-4114
4671010097,전남,담양,월산2,전라남도 담양군 월산면 용흥리,1982-01-01,1988-01-01,1,주수원,710,12.32,12.24,204.4,10,200,필댐(죤형),17442,190,20.4,1191.79,1185.93,5.86,사통형,202.06,200.99,182.73,061-380-4114
4671010103,전남,담양,나산,전라남도 담양군 수북면 나산리,1946-01-01,1946-12-30,2,보조수원,80,1.77,1.7,39.3,10,100,필댐(죤형),5850,390,5,27.2,27.2,0,사통형,100.5,100,96.5,061-380-4114
4671010104,전남,담양,궁암,전라남도 담양군 수북면 고성리,1946-01-01,1946-12-30,2,보조수원,70,2.3,2.26,23.2,10,100,필댐(죤형),1656,212,4,32.2,32.2,0,사통형,101,100,98,061-380-4114
4671010105,전남,담양,신월,전라남도 담양군 수북면 고성리,1947-01-01,1947-12-30,2,보조수원,55,2.19,2.07,31.7,10,100,필댐(죤형),1440,180,4,25,25,0,사통형,101,100,97.5,061-380-4114
4671010106,전남,담양,삼산,전라남도 담양군 수북면 오정리,1971-01-01,1971-12-30,2,보조수원,190,2.96,2.9,69.1,10,200,필댐(죤형),7488,240,7.8,59.3,57.28,2.02,사통형,52.3,51.3,47.5,061-380-4114
4671010107,전남,담양,대방,전라남도 담양군 수북면 대방리,1944-01-01,1945-01-01,2,보조수원,500,4.16,4.01,127.5,10,100,필댐(죤형),10260,228,14.2,198.8,198.8,0,사통형,118.41,117.41,108.32,061-380-4114
4671010109,전남,담양,화방,전라남도 담양군 수북면 두정리,1946-01-01,1946-12-30,2,보조수원,58,1.07,0.95,23.8,10,100,필댐(죤형),2728,62,11,48.82,48.8,0.02,사통형,101,100,91,061-380-4114
4671010111,전남,담양,대흥,전라남도 담양군 수북면 대흥리,1959-01-01,1960-01-01,2,보조수원,545,6.44,6.12,119.8,10,100,필댐(죤형),8716.6,227,9.6,287.67,287.67,0,사통형,56.55,55.55,47.5,061-380-4114
4671010112,전남,담양,대아,전라남도 담양군 대전면 평장리,1962-01-01,1964-01-01,1,주수원,614,7.83,7.57,208.8,10,200,필댐(죤형),29251,277,19.31,341.4,341.4,0,사통형,97.07,96.07,86.5,061-380-4114
4671010113,전남,담양,서옥,전라남도 담양군 대전면 서옥리,1947-01-01,1947-12-30,2,보조수원,20,0.99,0.9,20,10,100,필댐(죤형),1824,76,8,9.72,9.72,0,사통형,101,100,97.5,061-380-4114
4671010114,전남,담양,신촌,전라남도 담양군 대전면 서옥리,1968-01-01,1968-12-30,2,보조수원,60,1.63,1.37,25,10,100,필댐(죤형),4851,198,7,19,19,0,사통형,101,100,97.5,061-380-4114
4671010115,전남,담양,병풍,전라남도 담양군 대전면 병풍리,1947-01-01,1947-12-30,2,보조수원,60,1.22,1.21,14.8,10,100,필댐(죤형),4914,104,9,48.67,47.16,1.51,사통형,89.01,88.51,83.11,061-380-4114
4671010116,전남,담양,옥산,전라남도 담양군 대전면 행성리,1947-01-01,1947-12-30,2,보조수원,45,0.63,0.61,5,10,200,필댐(죤형),2450,245,5,18.78,14.24,4.54,사통형,80.24,79.54,76.73,061-380-4114
4671010117,전남,담양,행성,전라남도 담양군 대전면 병풍리,1958-01-01,1959-01-01,2,보조수원,220,5.72,5.55,136.3,10,200,필댐(죤형),22270,425,13.1,251.33,251.33,0,사통형,101,100,92,061-380-4114
4672010013,전남,곡성,구성,전라남도 곡성군 오곡면 구성리,2010-10-20,2014-12-01,1,주수원,1461,50.1,46.5,595.7,10,100,필댐(죤형),214893,239,29,5241,4804.8,436.2,취수탑형,115,113.5,95,061-360-1100
4672010017,전남,곡성,원등,전라남도 곡성군 삼기면 원등리,1948-10-15,1959-12-20,2,주수원,80,1.35,1.31,22.4,10,100,필댐(죤형),74250,270,11,54.1,53.8,0.3,사통형,173.3,172.3,165,061-360-1100
4672010018,전남,곡성,비등,전라남도 곡성군 삼기면 원등리,1967-01-01,1967-12-31,2,주수원,35,0.49,0.4,7.4,10,100,필댐(죤형),4284,165,9.5,13,12,1,사통형,161.8,161.6,159,061-360-1100
4672010019,전남,곡성,월경,전라남도 곡성군 삼기면 월경리,1948-10-15,1959-12-20,2,주수원,142,1.39,1.3,17.5,10,100,필댐(죤형),1469,69,8.9,81.9,78,3.9,사통형,184.7,184.2,175,061-360-1100
4672010020,전남,곡성,괴소,전라남도 곡성군 삼기면 괴소리,1966-01-01,1969-01-01,2,주수원,68,0.28,0.25,14.4,10,100,필댐(죤형),10888,85,10,12,12,0,사통형,221.3,221,217.5,061-360-1100
4672010021,전남,곡성,우음,전라남도 곡성군 삼기면 의암리,1948-10-15,1959-12-10,2,주수원,184,3.43,2.97,36.4,10,100,필댐(죤형),55576,72,16.6,174.3,166,8.3,사통형,188.5,188,181,061-360-1100
4672010023,전남,곡성,금반,전라남도 곡성군 삼기면 금반리,1948-10-15,1959-12-20,2,주수원,164,5.42,5.05,36,10,100,필댐(죤형),115648,259,12.2,745,695.8,49.2,사통형,176.88,176.08,168,061-360-1100
4672010024,전남,곡성,남계,전라남도 곡성군 삼기면 노동리,1948-10-15,1959-12-20,2,주수원,58,1.1,1.04,27.4,10,100,필댐(죤형),93852,210,11.3,45,45,0,사통형,174.7,174.1,169,061-360-1100
4672010028,전남,곡성,근촌,전라남도 곡성군 삼기면 근촌리,1948-10-15,1959-12-20,2,주수원,80,2.22,2.15,24.5,10,100,필댐(죤형),57342,135.4,11,100.8,96,4.8,사통형,174.9,174.3,168.5,061-360-1100
4672010030,전남,곡성,방송,전라남도 곡성군 석곡면 방송리,1944-12-05,1961-12-31,2,주수원,320,3.17,3.11,45.1,10,100,필댐(죤형),573623,182,10.2,188,179,9,사통형,122.5,122.1,111,061-360-1100
4672010031,전남,곡성,용주,전라남도 곡성군 석곡면 방송리,1944-12-05,1961-12-31,2,주수원,150,2.95,2.79,47.8,10,100,필댐(죤형),49944,172,10.1,117.6,112,5.6,사통형,105.4,104.9,99,061-360-1100
4672010032,전남,곡성,죽산(석곡),전라남도 곡성군 석곡면 죽산리,1964-01-01,1968-01-01,2,주수원,14,0.72,0.65,17.6,10,100,필댐(죤형),25256,176,7,21,10,11,사통형,128.5,128,123.2,061-360-1100
4672010034,전남,곡성,유정,전라남도 곡성군 석곡면 유정리,1962-01-01,1965-01-01,2,주수원,54,2.95,2.03,20,10,100,필댐(죤형),17459,170,6.5,52.5,50,2.5,사통형,74.5,73.9,70,061-360-1100
4672010035,전남,곡성,구봉,전라남도 곡성군 석곡면 구봉리,1965-01-01,1971-01-01,2,주수원,56,0.51,0.47,15.4,10,100,필댐(죤형),3783,48,8.5,14,14,0,사통형,153.5,153.2,149.5,061-360-1100
4672010055,전남,곡성,목동(고달),전라남도 곡성군 고달면 목동리,1945-01-22,1947-03-30,2,주수원,380,2.42,2.4,22.8,10,100,필댐(죤형),6656,55,4.9,62,59,3,사통형,58.9,58.3,55.3,061-360-1100
4672010057,전남,곡성,뇌죽,전라남도 곡성군 고달면 뇌죽리,1945-01-22,1947-03-30,2,주수원,220,4.32,4.23,76,10,100,필댐(죤형),100018,180,12.6,256,250,6,사통형,85,84.1,77.5,061-360-1100
4672010072,전남,곡성,금단,전라남도 곡성군 오산면 운곡리,1954-11-21,1962-11-30,1,주수원,551,11.43,10.83,55.2,10,150,필댐(죤형),68825,154,11.3,410.6,391,19.6,사통형,85.15,84.2,77.2,061-360-1100
4672010073,전남,곡성,무창,전라남도 곡성군 옥과면 무창리,1941-01-01,1945-01-01,2,주수원,98,2.58,2.47,12,10,100,필댐(죤형),7398,137,4.5,44.9,31.5,13.4,사통형,91,90.4,88.2,061-360-1100
4672010074,전남,곡성,백련,전라남도 곡성군 옥과면 무창리,1954-11-21,1962-12-30,2,주수원,130,8.75,8.52,59.7,10,100,필댐(죤형),23563,225,5.9,268.8,256,12.8,사통형,92.8,92.2,87.5,061-360-1100
4672010078,전남,곡성,합강,전라남도 곡성군 옥과면 합강리,1954-11-21,1962-12-30,2,주수원,60,1.82,1.61,18.3,10,100,필댐(죤형),58135,138,12.3,73.5,70,3.5,사통형,95.9,95.4,89,061-360-1100
4672010079,전남,곡성,황산,전라남도 곡성군 오산면 가곡리,1941-12-17,1954-06-30,2,주수원,75,4.85,4.74,25.9,10,100,필댐(죤형),25559,124,8.5,196,191,5,사통형,109.6,109,103,061-360-1100
4672010082,전남,곡성,흑석,전라남도 곡성군 입면 약천리,1944-05-29,1945-12-18,1,주수원,813,20.77,20.29,151.4,10,100,필댐(죤형),129600,293,25.5,1212.4,1178.4,34,취수탑형,128,127,115,061-360-1100
4672010088,전남,곡성,만수,전라남도 곡성군 입면 만수리,1944-05-29,1945-12-18,2,주수원,60,0.89,0.86,18.6,10,100,필댐(죤형),66640,136,14,50,48,2,사통형,215,214.5,206.5,061-360-1100
4672010090,전남,곡성,입석,전라남도 곡성군 입면 입석리,1944-05-29,1945-12-18,2,주수원,80,1.3,1.3,26.8,10,100,필댐(죤형),15147,115,7.4,59,59,0,사통형,96.7,96.1,91,061-360-1100
4672010096,전남,곡성,목동(겸면),전라남도 곡성군 겸면 평장리,1941-12-17,1947-05-30,2,주수원,50,2.61,2.56,30.8,10,100,필댐(죤형),30132,124,9,63,63,0,사통형,100.5,100,96.5,061-360-1100
4672010099,전남,곡성,산정,전라남도 곡성군 겸면 산정리,1941-12-17,1945-05-30,2,주수원,126,2.12,2.01,55.5,10,100,필댐(죤형),127472,136,18.2,125,119,6,사통형,146.5,145.7,135.5,061-360-1100
4672010100,전남,곡성,괴정,전라남도 곡성군 겸면 괴정리,1941-12-17,1945-05-30,2,주수원,252,3.87,3.76,71.8,10,100,필댐(죤형),39760,71,16,219.5,209,10.5,사통형,165.6,165.1,152.1,061-360-1100
4672010101,전남,곡성,신흥,전라남도 곡성군 겸면 괴정리,1968-01-01,1969-01-01,2,주수원,62,1.05,1,2.5,10,100,필댐(죤형),4480,40,7.73,5,5,0,사통형,225.5,224.9,221.5,061-360-1100
4672010102,전남,곡성,백운,전라남도 곡성군 겸면 대명리,1941-12-17,1945-05-30,2,주수원,205,4.06,3.61,47.6,10,100,필댐(죤형),91059,173,13.1,220.8,218.1,2.7,사통형,153.6,153,144,061-360-1100
4672010104,전남,곡성,대흥,전라남도 곡성군 겸면 송강리,1941-12-17,1945-05-30,2,주수원,40,0.57,0.54,12.5,10,100,필댐(죤형),21384,80,9,19,19,0,사통형,154.9,154.3,149,061-360-1100
4672010105,전남,곡성,운강,전라남도 곡성군 겸면 운교리,1941-12-17,1945-05-30,1,주수원,182,4.07,4.01,39.3,10,100,필댐(죤형),98784,112,18,338.2,335.8,2.4,사통형,152.5,152,139,061-360-1100
4672010108,전남,곡성,남양,전라남도 곡성군 겸면 남양리,1944-11-20,1959-06-30,2,주수원,35.4,1.24,1.16,16.7,10,100,필댐(죤형),55800,155,12,59.9,57,2.9,사통형,108.8,108.2,101,061-360-1100
4672010109,전남,곡성,화대,전라남도 곡성군 오산면 봉동리,1945-01-01,1952-01-01,2,주수원,27,0.48,0.47,11.3,10,100,필댐(죤형),6930,55,7,6.8,6.8,0,사통형,122.6,122.2,119.7,061-360-1100
4672010111,전남,곡성,봉동,전라남도 곡성군 오산면 봉동리,1944-11-20,1957-03-20,2,주수원,70,0.6,0.59,9.6,10,100,필댐(죤형),10116,57,8.7,30,29,1,사통형,169.4,169,164,061-360-1100
4672010112,전남,곡성,율천,전라남도 곡성군 오산면 율천리,1944-11-20,1959-06-30,2,주수원,190,1.49,1.37,19.5,10,100,필댐(죤형),5416,153,11.2,63,60,3,사통형,182.6,182,173.5,061-360-1100
4672010115,전남,곡성,조양,전라남도 곡성군 오산면 조양리,1944-11-20,1957-03-20,2,주수원,306,1.35,1.13,9.3,10,100,필댐(죤형),10339,76,7.6,35,35,0,사통형,155.7,154.7,150,061-360-1100
4672010117,전남,곡성,성덕,전라남도 곡성군 오산면 선세리,1944-11-20,1957-03-20,1,주수원,500,6.12,6.02,85.4,10,100,필댐(죤형),103470,273,30.8,1425,1360,65,취수탑형,187.5,186.1,171,061-360-1100
4672010120,전남,곡성,가곡,전라남도 곡성군 오산면 가곡리,1944-11-20,1959-06-30,2,주수원,111,2.68,2.59,30.3,10,100,필댐(죤형),58980,162,12.3,112,107,5,사통형,100.6,100,95,061-360-1100
4672010122,전남,곡성,연화,전라남도 곡성군 오산면 연화리,1944-11-20,1957-03-20,2,주수원,262,4.95,4.87,40.4,10,100,필댐(죤형),54723,103,13.8,204.1,161,43.1,사통형,122.4,121.9,114,061-360-1100
4672010124,전남,곡성,운곡2,전라남도 곡성군 오산면 운곡리,1957-01-01,1959-01-01,2,주수원,75,0.74,0.64,12.8,10,100,필댐(죤형),37003,120,7.5,23.1,22,1.1,사통형,128.4,128,123,061-360-1100
4672010125,전남,곡성,운곡1,전라남도 곡성군 오산면 운곡리,1945-01-01,1959-01-01,2,주수원,93.6,4.07,3.57,20.8,10,100,필댐(죤형),20475,115,13.2,198.2,195.5,2.7,사통형,121.35,120.45,110,061-360-1100
4672010126,전남,곡성,봉정,전라남도 곡성군 죽곡면 봉정리,1996-05-03,2003-12-31,1,주수원,645,7.94,7.2,117.2,10,100,필댐(죤형),303855,170.5,32.8,919,909,10,취수탑형,189,187.5,164,061-360-1100
4672010127,전남,곡성,신풍,전라남도 곡성군 죽곡면 신풍리,2003-01-01,2003-12-31,1,주수원,430,3.71,3.5,60.2,10,100,필댐(죤형),225169,161,23,308,295,13,사통형,205.5,204.5,188,061-360-1100
4672010128,전남,곡성,용봉,전라남도 곡성군 목사동면 용봉리,2003-11-19,2008-12-18,1,주수원,479.9,4.25,3.99,81.23,10,200,필댐(균일형),283956,220,38,390.96,384.28,6.68,취수탑형,173.4,172.4,154,061-360-1100
4672010218,전남,곡성,약천1,전라남도 곡성군 입면 약천리,1984-01-01,1989-12-31,2,주수원,162,2.3,2.1,40,10,100,필댐(죤형),0,250,27.3,202.3,201.59,0.71,사통형,221,220,206,061-360-1100
4672010219,전남,곡성,매월,전라남도 곡성군 입면 매월리,1997-11-18,2009-12-30,1,주수원,235,0,24.26,618.8,10,100,필댐(코어형),0,295,40,3295,3176,119,취수탑형,128,127,107,061-360-1100
4672010223,전북,순창,광암,전라남도 곡성군 옥과면 합강리,2003-12-05,2019-03-05,1,주수원,1574,24.85,24,0,10,0,필댐(코어형),608,256,51.1,3650.5,3255,395.5,취수탑형,136.5,135.5,114,063-650-7000
4672010226,전남,곡성,오산,전라남도 곡성군 오산면 율천리,2011-05-26,2020-12-30,1,주수원,360,13.86,12.93,0,10,100,필댐(죤형),0,238,31.6,1587,1486,101,취수탑형,166.1,164.9,146.5,061-360-1100
4673010001,전남,구례,백련,전라남도 구례군 구례읍 백련리,1945-01-01,1945-12-31,2,주수원,447,6.5,6.5,32.7,10,100,필댐(죤형),142560,220,14.9,250,250,0,사통형,71.5,70.9,64.3,061-780-3120
4673010002,전남,구례,신촌,전라남도 구례군 구례읍 신월리,1965-01-01,1968-12-31,2,주수원,29,1.25,1.25,5,10,100,필댐(죤형),5500,106,4.5,22,22,0,사통형,45.3,44.7,41,061-780-3120
4673010003,전남,구례,봉서,전라남도 구례군 구례읍 봉서리,1958-01-01,1961-12-31,2,주수원,310,5.1,5.1,65.7,10,100,필댐(죤형),650,121,14.5,211.9,211.9,0,사통형,68.9,68.2,59,061-780-3120
4673010004,전남,구례,오동,전라남도 구례군 구례읍 봉서리,1942-01-01,1945-12-31,2,주수원,58,1.37,1.37,23.6,10,100,필댐(죤형),22200,120,10,49.5,49.5,0,사통형,55.7,55.1,50,061-780-3120
4673010005,전남,구례,원천,전라남도 구례군 구례읍 원방리,1942-01-01,1945-12-31,2,주수원,10,0.52,0.52,6.8,10,100,필댐(죤형),7920,66,8,21,21,0,사통형,72.4,72,67.8,061-780-3120
4673010006,전남,구례,동산,전라남도 구례군 구례읍 봉서리,1962-01-01,1964-12-31,2,주수원,50,0.56,0.56,12.3,10,100,필댐(죤형),24380,106,10,28.3,26.5,1.8,사통형,71.6,71.2,68.2,061-780-3120
4673010007,전남,구례,계산,전라남도 구례군 구례읍 계산리,1950-01-01,1952-12-31,2,주수원,40,0.2,0.2,0.8,10,100,필댐(죤형),5731,50,8,3.8,3.8,0,사통형,117.6,117.2,113.7,061-780-3120
4673010008,전남,구례,전천,전라남도 구례군 문척면 월전리,1978-01-01,1978-12-31,2,보조수원,30,0.6,0.6,10,10,100,필댐(죤형),14276,152,4,10,10,0,사통형,46.7,46.1,43.9,061-780-3120
4673010009,전남,구례,월평,전라남도 구례군 문척면 월전리,1978-01-01,1978-12-31,2,보조수원,68,0.9,0.9,10,10,100,필댐(죤형),11200,140,6,19.5,19.5,0,사통형,38.1,37.5,34.6,061-780-3120
4673010010,전남,구례,안음,전라남도 구례군 간전면 흥대리,1968-01-01,1969-12-31,2,보조수원,7.7,1.6,1.6,12,10,100,필댐(죤형),22927,87,10.4,38,38,0,사통형,54.2,53.9,48,061-780-3120
4673010011,전남,구례,만수,전라남도 구례군 간전면 수평리,1941-01-01,1944-12-31,2,보조수원,280,3.2,3.2,60.1,10,200,필댐(죤형),132000,295,13.5,124.7,124.7,0,사통형,118.8,118.2,112.3,061-780-3120
4673010012,전남,구례,수평(간전면),전라남도 구례군 간전면 수평리,1968-01-01,1969-12-31,2,보조수원,26.6,0.5,0.5,3,10,100,필댐(죤형),46440,150,12,16.4,16.4,0,사통형,143.7,143.4,138,061-780-3120
4673010013,전남,구례,양천,전라남도 구례군 간전면 흥대리,1970-01-01,1970-12-31,2,보조수원,22.4,0.62,0.62,12,10,100,필댐(죤형),26000,120,9.8,39,39,0,사통형,68,67.4,61,061-780-3120
4673010014,전남,구례,효곡,전라남도 구례군 간전면 금산리,1983-01-03,1988-12-31,1,주수원,1200,23.46,23.2,449,10,100,필댐(죤형),835000,367,41.9,3139.2,3120.3,18.9,취수탑형,143.8,142.3,116.8,061-780-3120
4673010016,전남,구례,문수,전라남도 구례군 토지면 구산리,1985-01-01,1995-12-31,1,주수원,2600,15.62,14.84,332.4,10,100,필댐(죤형),595000,364,50.1,2228.48,2228.45,0.03,취수탑형,126.5,125,88,061-780-3120
4673010017,전남,구례,파도,전라남도 구례군 토지면 파도리,1942-01-01,1945-12-31,2,보조수원,310,0.7,0.7,24,3,100,필댐(죤형),59670,150,13,31.5,31.1,0.4,사통형,146.1,145.7,138.6,061-780-3120
4673010018,전남,구례,용두,전라남도 구례군 토지면 금내리,1950-01-01,1953-12-31,2,보조수원,2640,4.02,4.02,91.8,10,100,필댐(죤형),196.58,267,14.2,228.2,228.2,0,사통형,48.3,48,41.1,061-780-3120
4673010019,전남,구례,오미,전라남도 구례군 토지면 오미리,1966-01-01,1969-12-31,2,보조수원,2640,1.6,1.6,34.7,10,100,필댐(죤형),90.85,244,12.1,32.66,32.66,0,사통형,59.9,59.5,55,061-780-3120
4673010020,전남,구례,광평,전라남도 구례군 마산면 광평리,1945-01-01,1945-12-31,2,주수원,1420,0.14,0.14,12.9,10,100,필댐(죤형),600,50,4,3.1,3.1,0,기타,35.2,35.2,34,061-780-3120
4673010021,전남,구례,청천,전라남도 구례군 마산면 마산리,1943-01-01,1944-05-10,2,주수원,64,0.5,0.5,13.7,10,100,필댐(죤형),44362,130,13,8.3,8.1,0.2,사통형,134.3,134,129.7,061-780-3120
4673010022,전남,구례,사도,전라남도 구례군 마산면 사도리,1940-01-01,1942-12-31,2,주수원,34,3.1,3.1,27.4,10,100,필댐(죤형),45900,148,11,88.6,88.6,0,사통형,39.9,39.6,36,061-780-3120
4673010023,전남,구례,하사,전라남도 구례군 마산면 사도리,1951-01-01,1953-12-31,2,보조수원,2635,1.8,1.8,44.7,10,100,필댐(죤형),33562,270,6.8,58.6,58.6,0,사통형,40,39.6,35.1,061-780-3120
4673010024,전남,구례,대지,전라남도 구례군 마산면 황전리,1925-01-01,1929-12-31,1,주수원,1328,21,21,231,10,100,필댐(죤형),699494,995,10.6,1005,1005,0,사통형,102.1,103.1,92.7,061-780-3120
4673010026,전남,구례,방광,전라남도 구례군 광의면 수월리,1936-01-01,1940-12-31,1,주수원,1160,10.04,10.04,146.5,10,100,필댐(죤형),43924,237,9.6,495.7,489.6,6.1,사통형,75.8,75.2,69.2,061-780-3120
4673010027,전남,구례,천은,전라남도 구례군 광의면 방광리,1979-01-01,1985-12-31,1,주수원,1261,11.85,11.85,375,10,100,필댐(죤형),113000,276,47.3,1787.5,1774,13.5,취수탑형,194.7,193.5,166,061-780-3120
4673010028,전남,구례,당촌,전라남도 구례군 광의면 수월리,1941-01-01,1944-12-31,2,주수원,93,2.5,2.5,33.2,10,100,필댐(죤형),41043,162,10.6,79.1,72.9,6.2,사통형,76.5,76,71.5,061-780-3120
4673010029,전남,구례,대전,전라남도 구례군 광의면 방광리,1942-01-01,1945-12-31,2,보조수원,50,0.5,0.5,16.2,10,100,필댐(죤형),7984,51,7.5,16,16,0,사통형,98.5,98,93.7,061-780-3120
4673010030,전남,구례,상대전,전라남도 구례군 광의면 대전리,1966-01-01,1969-12-31,2,보조수원,109,1.8,1.8,21.5,10,100,필댐(죤형),58622,182,11.8,42,42,0,사통형,124.4,123.8,118,061-780-3120
4673010031,전남,구례,난동,전라남도 구례군 광의면 온당리,1940-01-01,1943-12-31,2,주수원,45,1.2,1.2,30.9,10,100,필댐(죤형),25336,143,9.1,52.4,50.3,2.1,사통형,102.2,101.6,97.9,061-780-3120
4673010032,전남,구례,온동,전라남도 구례군 광의면 온당리,1938-01-01,1941-12-31,2,주수원,162,4,4,42.8,10,100,필댐(죤형),70207,222,11,160.1,160.1,0,사통형,83.9,83.3,77.8,061-780-3120
4673010033,전남,구례,온난,전라남도 구례군 광의면 온당리,1966-01-01,1969-12-31,2,주수원,128,1.9,1.9,14.2,10,100,필댐(죤형),40071,192,9.6,36,36,0,사통형,204.3,203.8,198,061-780-3120
4673010034,전남,구례,온당,전라남도 구례군 광의면 온당리,1974-01-01,1976-12-31,2,주수원,23,0.5,0.5,5.7,10,100,필댐(죤형),21726,120,9.6,20,20,0,사통형,176.1,175.7,169,061-780-3120
4673010035,전남,구례,온대,전라남도 구례군 광의면 온당리,1979-01-01,1979-12-31,2,보조수원,20,0.4,0.4,19.6,10,100,필댐(죤형),9000,40,10,4.6,4.6,0,사통형,97.9,97.3,95,061-780-3120
4673010036,전남,구례,구만,전라남도 구례군 광의면 구만리,1970-01-01,1973-12-31,1,주수원,8100,54.25,54.25,516,10,100,필댐(죤형),235267,276,21,2182.6,2088,94.6,취수탑형,83.5,82.1,70,061-780-3120
4673010037,전남,구례,용정,전라남도 구례군 용방면 용정리,1942-01-01,1945-12-31,2,주수원,200,0.54,0.54,19.5,10,100,필댐(죤형),44.35,154,12,17,17,0,사통형,88.4,88.1,84,061-780-3120
4673010039,전남,구례,사두,전라남도 구례군 용방면 용정리,1942-01-01,1945-12-31,2,주수원,20,0.4,0.4,6.1,10,100,필댐(죤형),120,112,8.2,13.5,13.5,0,사통형,104.1,103.6,97,061-780-3120
4673010040,전남,구례,사림,전라남도 구례군 용방면 사림리,1941-01-01,1945-12-31,2,주수원,40,0.41,0.41,11.5,10,100,필댐(죤형),190,113,7.5,14.3,14.3,0,사통형,112.6,112.3,106,061-780-3120
4673010041,전남,구례,가동,전라남도 구례군 용방면 신도리,1967-01-01,1967-12-31,2,주수원,105,0.51,0.51,13,10,200,필댐(죤형),31696,80,8,16.4,16.4,0,사통형,103.4,102.9,97.4,061-780-3120
4673010042,전남,구례,용강,전라남도 구례군 용방면 용강리,1964-01-01,1967-12-31,2,주수원,30,2.8,2.8,1.5,10,100,필댐(죤형),270,160,7,48.8,48.8,0,사통형,70.1,68.8,65.2,061-780-3120
4673010043,전남,구례,도암,전라남도 구례군 용방면 신도리,1942-01-01,1945-12-31,2,주수원,92,0.5,0.5,15.5,10,200,필댐(죤형),130,104,8,15.8,15.8,0,사통형,95.3,95,90.6,061-780-3120
4673010044,전남,구례,죽정,전라남도 구례군 용방면 죽정리,1942-01-01,1945-12-31,2,주수원,205,3.1,3.1,29.8,10,100,필댐(죤형),485,138,14.5,166.6,166.6,0,사통형,101.5,100.7,92,061-780-3120
4673010045,전남,구례,감천,전라남도 구례군 용방면 중방리,1942-01-01,1945-12-31,2,주수원,25,0.3,0.3,9.1,10,100,필댐(죤형),4343,98,4.5,10.5,10.5,0,사통형,109.8,109.5,104.2,061-780-3120
4673010046,전남,구례,황사,전라남도 구례군 용방면 죽정리,1966-01-01,1969-12-31,2,주수원,114,0.52,0.52,15.3,10,100,필댐(죤형),564,120,13.7,14.1,14.1,0,사통형,153,152.2,146.8,061-780-3120
4673010047,전남,구례,수평(산동면),전라남도 구례군 산동면 내산리,1958-01-01,1961-12-31,2,주수원,35,0.99,0.99,23.7,10,100,필댐(죤형),19968,156,8,39,39,0,사통형,189.5,188.9,182,061-780-3120
4673010049,전남,구례,상원,전라남도 구례군 산동면 원달리,1975-01-01,1979-12-31,2,주수원,92,4.46,4.46,14.6,10,100,필댐(죤형),36234,126,13.3,148.7,148.7,0,사통형,301.9,301.3,293,061-780-3120
4673010050,전남,구례,우와,전라남도 구례군 산동면 이평리,1942-01-01,1945-12-31,2,주수원,20,0.6,0.6,7.6,10,100,필댐(죤형),17920,102,8.5,18.1,18.1,0,사통형,137.1,136.8,131.9,061-780-3120
4673010051,전남,구례,신학,전라남도 구례군 산동면 신학리,1966-01-01,1969-12-31,2,주수원,94,1.2,1.2,14.9,10,100,필댐(죤형),35700,130,7.5,43,43,0,사통형,118,117.4,112,061-780-3120
4673010054,전남,구례,계척,전라남도 구례군 산동면 계천리,1942-01-01,1945-12-31,2,주수원,32,0.5,0.5,3.4,10,100,필댐(죤형),21370,137,9,11.5,11.5,0,사통형,242.73,242.03,241.5,061-780-3120
4673010059,전남,구례,둔사,전라남도 구례군 산동면 둔사리,1997-11-04,2009-12-31,1,주수원,698,15.25,14.6,240,10,200,필댐(균일형),740000,295,51.2,2502,2478,24,취수탑형,185.5,184.2,150,061-780-3120
4677010009,전남,고흥,호성,전라남도 고흥군 고흥읍 호동리,1942-01-01,1945-01-01,2,주수원,69,3,1.7,30,10,100,필댐(죤형),24019,74,11,70.4,70.4,0,사통형,101.5,100.5,93,061-830-2234
4677010010,전남,고흥,등암,전라남도 고흥군 고흥읍 등암리,1943-01-01,1945-01-01,1,주수원,200,8.8,8.3,61,10,200,필댐(죤형),89280,240,15,393,393,0,사통형,91.02,90.1,79,061-830-2234
4677010011,전남,고흥,산당,전라남도 고흥군 고흥읍 등암리,1956-01-01,1957-01-01,2,주수원,7.4,1.9,0.9,14,10,200,필댐(죤형),14399,80,10,35,35,0,사통형,73.6,73.2,66.2,061-830-2234
4677010013,전남,고흥,갓점,전라남도 고흥군 고흥읍 등암리,1975-01-01,1976-01-01,2,보조수원,38.9,6.1,4.5,5,10,100,필댐(죤형),25638,142,9,181.4,181.4,0,사통형,76.34,75.55,69.5,061-830-2234
4677010022,전남,고흥,대분,전라남도 고흥군 도양읍 용정리,1951-01-01,1954-01-01,2,주수원,70,3,2.9,61.43,10,100,필댐(죤형),29762,127,5.1,68.87,68.87,0,사통형,8.68,7.44,0,061-830-2234
4677010023,전남,고흥,하류,전라남도 고흥군 도양읍 용정리,1951-01-01,1954-01-01,2,주수원,50,6.3,1.9,44.8,10,100,필댐(죤형),20972,116,11.3,54.3,54,0.3,사통형,21.31,20.1,13.9,061-830-2234
4677010024,전남,고흥,용정,전라남도 고흥군 도양읍 용정리,1956-01-01,1959-01-03,2,주수원,174,5.4,4.9,28.5,10,100,필댐(죤형),55332,185,17,288.14,288.1,0.04,취수탑형,30.85,29.65,19,061-830-2234
4677010039,전남,고흥,풍도,전라남도 고흥군 풍양면 고옥리,1957-01-01,1958-01-01,1,주수원,190,20.21,21.14,192.5,10,200,필댐(죤형),110160,496,7.4,1108.5,1045.6,62.9,사통형,8,7.02,1.4,061-830-2234
4677010043,전남,고흥,매곡,전라남도 고흥군 풍양면 매곡리,1987-01-01,1988-01-01,1,주수원,315,18.31,17.35,116.2,10,200,필댐(죤형),91817,360,12.1,743.1,740,3.1,사통형,11.64,10.45,1.9,061-830-2234
4677010046,전남,고흥,삼신,전라남도 고흥군 풍양면 율치리,1961-01-02,1963-01-01,2,주수원,60,1.65,1.3,20,10,100,필댐(죤형),21086,184,9.6,55,55,0,사통형,62.09,61.18,57.3,061-830-2234
4677010047,전남,고흥,사동,전라남도 고흥군 풍양면 율치리,1961-01-01,1963-01-01,1,주수원,289,7.9,6.6,73,10,100,필댐(죤형),59015,122,17.5,360,360,0,사통형,75.42,74.25,66.8,061-830-2234
4677010048,전남,고흥,미인치,전라남도 고흥군 풍양면 율치리,1979-01-01,1982-01-01,2,보조수원,110,3.8,3.3,16,10,200,필댐(죤형),59400,284,14.5,191.1,190.45,0.65,사통형,72.44,71.2,62,061-830-2234
4677010051,전남,고흥,도덕,전라남도 고흥군 도덕면 도덕리,1941-01-01,1959-01-01,1,주수원,43,7.4,7.3,94.1,10,100,필댐(죤형),40866,278,10.5,317,316,1,사통형,11.3,10.1,3.7,061-830-2234
4677010052,전남,고흥,봉암,전라남도 고흥군 도덕면 도덕리,1977-01-03,1988-01-01,1,주수원,40,36.38,36.3,291.3,10,200,필댐(죤형),141603,2108,7.3,1769,1769,0,사통형,5.47,5.11,-1.79,061-830-2234
4677010053,전남,고흥,내봉,전라남도 고흥군 도덕면 봉덕리,1982-01-01,1988-01-01,1,주수원,61.5,83.3,40.3,211.24,10,200,필댐(죤형),292320,1250,7,1800,1800,0,사통형,5.96,5.58,3,061-830-2234
4677010054,전남,고흥,회룡,전라남도 고흥군 도덕면 신양리,1957-01-01,1959-01-01,2,주수원,103,3.76,3.46,46.6,10,100,필댐(죤형),195195,127,9.6,90,90,0,사통형,26.7,25.56,19.5,061-830-2234
4677010060,전남,고흥,장승,전라남도 고흥군 도덕면 봉덕리,1959-01-01,1961-01-01,2,주수원,18,3.2,1.7,0,10,200,필댐(죤형),5950,116,5,38,38,0,사통형,9.38,8.3,5.5,061-830-2234
4677010061,전남,고흥,대사,전라남도 고흥군 도덕면 봉덕리,1951-01-01,1968-01-01,2,주수원,22,1.1,0.67,8.26,10,200,필댐(죤형),6762,120,6,16.8,16,0.8,사통형,9,8.9,6,061-830-2234
4677010074,전남,고흥,차동,전라남도 고흥군 포두면 차동리,1961-01-01,1962-01-01,2,주수원,95,3.84,0.8,16.4,10,100,필댐(죤형),16549,118.2,8.5,25,25,0,사통형,87.86,86.3,82,061-830-2234
4677010083,전남,고흥,가화,전라남도 고흥군 도화면 가화리,1967-01-01,1969-01-01,1,주수원,237,6.47,5.3,44.69,10,100,필댐(죤형),30512,157,16.9,335,335,0,사통형,38.12,36.75,26,061-830-2234
4677010089,전남,고흥,세곡,전라남도 고흥군 도화면 봉룡리,1957-01-01,1958-01-01,2,주수원,105,0,2.8,62.6,10,200,필댐(죤형),31341,131,14.5,220,220,0,사통형,42.75,41.54,0,061-830-2234
4677010090,전남,고흥,덕중,전라남도 고흥군 도화면 덕중리,1957-01-01,1959-01-01,1,주수원,163,13.2,12.6,84.16,10,100,필댐(죤형),160802,350,20.3,733,733,0,사통형,63.6,62.8,50.8,061-830-2234
4677010093,전남,고흥,당오,전라남도 고흥군 도화면 당오리,1956-01-01,1957-01-01,2,주수원,67,3.4,3,23.2,10,200,필댐(죤형),17112,122,10.5,105.57,105,0.57,사통형,32.18,30,24,061-830-2234
4677010105,전남,고흥,남성,전라남도 고흥군 포두면 남성리,1978-01-01,1980-01-01,1,주수원,288,14.2,13.3,53.07,10,200,필댐(죤형),45965,554,5.8,366.11,366.11,0,취수탑형,5.84,4.9,2.08,061-830-2234
4677010111,전남,고흥,미후,전라남도 고흥군 포두면 세동리,1976-01-01,1978-01-01,1,주수원,225,10.7,8.5,53.4,10,200,필댐(죤형),75632,251,15.2,464,464,0,사통형,51.77,50.5,39.8,061-830-2234
4677010116,전남,고흥,상대,전라남도 고흥군 포두면 상대리,1954-01-01,1956-01-01,2,주수원,24.9,3.9,3.4,11.33,10,200,필댐(죤형),17787,120,13,95.6,95.6,0,사통형,41.79,41.19,28,061-830-2234
4677010117,전남,고흥,상백,전라남도 고흥군 포두면 상대리,1956-01-01,1957-01-01,2,주수원,44,2.2,0.8,11.86,10,100,필댐(죤형),17398,99,12.3,33,33,0,사통형,69.3,68.3,61.3,061-830-2234
4677010118,전남,고흥,대룡,전라남도 고흥군 포두면 봉림리,1946-01-01,1956-01-01,1,주수원,360,10.3,8.9,94.34,3,200,필댐(죤형),131120,275,19,550.1,550.1,0,사통형,73.48,71.08,60.3,061-830-2234
4677010119,전남,고흥,봉림,전라남도 고흥군 포두면 봉림리,1950-01-01,1956-01-01,2,주수원,78,2.1,1.3,17.38,10,100,필댐(죤형),16689,128,10,108,107.95,0.05,사통형,84.25,83.25,74.75,061-830-2234
4677010120,전남,고흥,금사,전라남도 고흥군 포두면 봉림리,1972-01-01,1975-01-01,1,주수원,416,10.2,9.1,95,10,200,필댐(죤형),104490,167,27.5,801,799,2,사통형,91.36,89.91,0,061-830-2234
4677010146,전남,고흥,팔영,전라남도 고흥군 점암면 성기리,1957-01-01,1964-01-01,2,주수원,133,8.1,6.1,82.6,10,200,필댐(죤형),29750,160,18,263,263,0,사통형,75.3,74.1,63.48,061-830-2234
4677010152,전남,고흥,사정,전라남도 고흥군 점암면 사정리,1959-01-01,1964-01-01,1,주수원,230,22.6,21.9,90,10,100,필댐(죤형),29756,213,12.8,795,795,0,사통형,37.52,36.6,27,061-830-2234
4677010153,전남,고흥,연봉2,전라남도 고흥군 점암면 연봉리,1931-01-01,1934-01-01,1,주수원,117,45.45,45,223.7,10,200,필댐(죤형),217404,2234,4.2,1020,1020,0,취수탑형,4.34,3.48,0.1,061-830-2234
4677010154,전남,고흥,연봉1,전라남도 고흥군 점암면 연봉리,1942-01-01,1944-01-01,1,주수원,189,5.81,5.3,34.5,10,200,필댐(죤형),29106,160,15.1,310,310,0,사통형,54.99,53.8,43.5,061-830-2234
4677010167,전남,고흥,호덕,전라남도 고흥군 과역면 호덕리,1922-01-01,1925-01-01,2,주수원,654,11.2,10.5,45.78,10,200,필댐(죤형),24457,282,3.9,203,203,0,사통형,5.39,3.6,1,061-830-2234
4677010190,전남,고흥,주교1,전라남도 고흥군 남양면 신흥리,1965-01-01,1968-01-01,2,주수원,137.4,7.8,7.4,59.08,10,200,필댐(죤형),33456,337,6.5,212.4,212.4,0,사통형,7.27,6.92,0.5,061-830-2234
4677010202,전남,고흥,침교,전라남도 고흥군 남양면 침교리,1968-01-01,1977-01-01,1,주수원,1013,36.2,36,128.34,10,200,필댐(죤형),116572,1635,4.5,922.12,886,36.12,사통형,3.83,3.32,1.1,061-830-2234
4677010203,전남,고흥,원등,전라남도 고흥군 동강면 마륜리,1958-01-01,1962-01-01,1,주수원,375,34.67,14,172.7,10,100,필댐(죤형),244600,274,25,1422.08,1417,5.08,사통형,66.48,64.97,45.77,061-830-2234
4677010204,전남,고흥,덕촌,전라남도 고흥군 동강면 마륜리,1967-01-01,1968-01-01,2,주수원,73,2.1,1.7,31.28,10,200,필댐(죤형),18941,181,10.8,83,83,0,사통형,49.62,47.88,39,061-830-2234
4677010205,전남,고흥,대강,전라남도 고흥군 동강면 대강리,1948-01-01,1960-01-01,1,주수원,349,6.29,5.57,157.1,10,100,필댐(죤형),79546,173,19.4,601,601,0,사통형,68.68,67,49,061-830-2234
4677010210,전남,고흥,오월,전라남도 고흥군 동강면 오월리,1983-01-01,1990-01-01,1,주수원,730,55,54.6,450.8,10,200,필댐(죤형),74531,237,7.5,2844,2844,0,사통형,10.2,8.56,1.2,061-830-2234
4677010255,전남,고흥,운대,전라남도 고흥군 두원면 운대리,1941-01-01,1946-01-01,2,주수원,262,7.5,6.7,52.5,10,200,필댐(죤형),68503,292,10.2,246,246,0,사통형,38.42,36.63,31,061-830-2234
4677010273,전남,고흥,백련,전라남도 고흥군 고흥읍 등암리,1974-01-01,1976-01-01,2,보조수원,23,1.6,1.5,8.1,10,100,필댐(죤형),32986,204,14.5,76,76,0,사통형,83.24,82.61,74,061-830-2234
4677010274,전남,고흥,동백,전라남도 고흥군 대서면 화산리,1996-01-01,2001-01-01,1,주수원,66,17.2,17,129,10,200,필댐(죤형),250347,725,9.25,874,740,134,사통형,8.65,8.07,3.5,061-830-2234
4677010275,전남,고흥,월악,전라남도 고흥군 남양면 장담리,1994-01-01,2001-01-01,1,주수원,40,7.3,7.2,227.66,10,200,필댐(죤형),150490,230,40,1005.17,1002,3.17,취수탑형,43.96,42.96,15.3,061-830-2234
4677010276,전남,고흥,운대1,전라남도 고흥군 두원면 운대리,1997-12-20,2003-12-31,1,주수원,316,18.3,18.14,45.75,10,200,필댐(죤형),221451,191,23,1526,1388,138,취수탑형,40.38,39.2,26,061-830-2234
4677010544,전남,고흥,신전1,전라남도 고흥군 점암면 화계리,2013-12-17,2018-12-26,1,주수원,39,9.16,8.87,226,10,200,필댐(죤형),120490,195,32,963.27,929,34.27,취수탑형,49.9,49,30,061-830-2234
4678010005,전남,보성,해경,전라남도 보성군 보성읍 옥암리,1996-01-01,1998-12-30,1,주수원,100,6.5,6.5,45,10,100,필댐(죤형),434300,158,18,367.1,348,19.1,사통형,215.8,214.8,205.5,061-850-2525
4678010014,전남,보성,지동,전라남도 보성군 벌교읍 지동리,1945-01-01,1945-12-30,2,보조수원,19,1.5,1.5,4.4,10,100,필댐(죤형),12760,292,3.8,15.8,15.5,0.3,사통형,31.7,31.3,28.7,061-850-2525
4678010016,전남,보성,연동,전라남도 보성군 벌교읍 지동리,1945-01-01,1945-12-30,2,보조수원,24,4,3.6,21.4,10,100,필댐(죤형),32670,330,6,82.6,82.5,0.1,사통형,21,20.5,14.5,061-850-2525
4678010017,전남,보성,추동,전라남도 보성군 벌교읍 추동리,1978-01-01,1985-12-30,1,주수원,957,27,25.8,313.5,10,200,필댐(죤형),2805871,337,35.05,3163.7,3155.3,8.4,취수탑형,81.7,80.5,60.5,061-850-2525
4678010018,전남,보성,증광,전라남도 보성군 벌교읍 고읍리,1976-01-01,1979-12-30,1,주수원,860,28,22.89,358,10,100,필댐(죤형),557000,431,21.17,1384.2,1371.99,12.21,사통형,51,50,34,061-850-2525
4678010020,전남,보성,칠동,전라남도 보성군 벌교읍 옥전리,1982-01-01,1989-12-30,1,주수원,697,15,14.9,192.3,10,200,필댐(죤형),300000,306,36.5,2061.5,2059.54,1.96,취수탑형,112.2,111,87,061-850-2525
4678010061,전남,보성,율어,전라남도 보성군 율어면 유신리,1989-01-01,1997-12-30,1,주수원,570,12,12,172.8,10,200,필댐(죤형),1155800,256,22.5,931.1,927.1,4,사통형,171,170,159,061-850-2525
4678010065,전남,보성,진봉,전라남도 보성군 복내면 진봉리,1940-01-01,1995-12-30,1,주수원,410,11,10.3,116.4,10,200,필댐(죤형),138621,147,20.5,579.4,579,0.4,사통형,196.5,195.5,183,061-850-2525
4678010066,전남,보성,일봉,전라남도 보성군 복내면 일봉리,1976-03-15,1979-12-30,1,주수원,375,6,5.79,50.6,10,200,필댐(죤형),124810,149,18.41,351.35,351.2,0.15,사통형,112.6,111.7,99.5,061-850-2525
4678010068,전남,보성,산성,전라남도 보성군 복내면 용전리,1945-01-01,1945-12-30,2,주수원,25,1,1,4,10,100,필댐(죤형),4331,97,3.8,18,18,0,사통형,134,133.8,131.2,061-850-2525
4678010069,전남,보성,덕촌,전라남도 보성군 복내면 유정리,1940-01-01,1940-12-30,2,주수원,165,0.3,0.3,2.3,10,200,필댐(죤형),7680,90,4,2.3,2.25,0.05,사통형,123.5,123,120.2,061-850-2525
4678010070,전남,보성,웅동,전라남도 보성군 복내면 계산리,1945-01-01,1945-12-30,2,주수원,44,1.2,1.1,5.3,10,100,필댐(죤형),9010,106,5,26.4,26.4,0,사통형,138.5,138,135,061-850-2525
4678010086,전남,보성,대곡,전라남도 보성군 조성면 대곡리,1976-01-01,1979-12-30,1,주수원,584,24,19.67,257.8,10,200,필댐(죤형),846711,808,19.7,1395.75,1346,49.75,사통형,49.9,49,41.5,061-850-2525
4678010087,전남,보성,대동,전라남도 보성군 조성면 우천리,1945-01-01,1945-12-30,2,보조수원,18,1,1,14.6,10,200,필댐(죤형),6005,225,4.5,21.7,21.7,0,사통형,17.8,17,13.3,061-850-2525
4678010089,전남,보성,신방,전라남도 보성군 조성면 봉능리,1973-01-01,1979-12-30,1,주수원,141,7.28,7.14,106.8,10,200,필댐(죤형),292800,655,13.5,402.7,402.6,0.1,사통형,32.18,31,22,061-850-2525
4678010091,전남,보성,감동,전라남도 보성군 조성면 덕산리,1976-01-01,1979-12-30,1,주수원,141,10,9,64.1,10,200,필댐(죤형),167286,680,17,541.6,539,2.6,사통형,23.8,23,13,061-850-2525
4678010095,전남,보성,덕산,전라남도 보성군 득량면 예당리,1976-01-01,1979-12-30,1,주수원,220,28,26.7,59.8,10,200,필댐(죤형),566181,462,21.5,2156.47,2140.7,15.77,사통형,31.8,31,17,061-850-2525
4678010098,전남,보성,해평,전라남도 보성군 득량면 해평리,1995-01-01,1999-12-30,1,주수원,480,25,23.17,255,10,200,필댐(죤형),20872,228,24.8,1892.1,1853,39.1,사통형,50,48.7,33,061-850-2525
4678010100,전남,보성,도촌,전라남도 보성군 득량면 도촌리,1980-01-01,1985-12-30,1,주수원,615.2,29,27.1,230.6,10,200,필댐(죤형),1863150,184,21.75,2168.5,2168.5,0,사통형,46,45,30,061-850-2525
4678010108,전남,보성,영천,전라남도 보성군 회천면 영천리,1978-01-01,1985-12-30,1,주수원,725,46,42.7,255,10,200,필댐(죤형),2973160,376,20,2660.24,2575.8,84.44,사통형,41,40,29,061-850-2525
4678010124,전남,보성,임수,전라남도 보성군 웅치면 대산리,1992-01-01,1999-01-01,1,주수원,200,8,7.6,100.4,10,200,필댐(죤형),632500,203,24.95,583.12,575.1,8.02,사통형,250,249.3,231,061-850-2525
4678010125,전남,보성,담안,전라남도 보성군 웅치면 대산리,1992-01-01,1999-12-30,1,주수원,360,9.23,9.23,197.7,10,200,필댐(죤형),188124,193,32.76,1055,1035,20,취수탑형,286.7,285.7,261,061-850-2525
4678010126,전남,보성,학동,전라남도 보성군 노동면 학동리,1997-06-27,2001-12-30,1,주수원,228,12.07,12.07,112.9,10,200,필댐(죤형),145027,157,27.15,856.5,850,6.5,사통형,231.8,230.8,214,061-850-2525
4678010127,전남,보성,화죽,전라남도 보성군 회천면 화죽리,2002-12-14,2007-12-30,1,주수원,135,10.5,10,96,10,200,필댐(죤형),0,214,41,624.96,610.28,14.68,사통형,76,75.8,58,061-850-2525
4678010130,전남,보성,덕촌2,전라남도 보성군 조성면 은곡리,2004-09-15,2011-06-30,2,주수원,53,3.39,3.54,67,10,200,필댐(죤형),0,410,14,225.5,209.6,15.9,사통형,31.3,30.3,22.4,061-850-2525
4678010246,전남,보성,봉산,전라남도 보성군 보성읍 봉산리,2006-12-29,2017-03-31,1,주수원,182,7.92,7.77,99.7,10,200,필댐(죤형),323418.34,163.8,25.8,624.62,598.02,26.6,사통형,185.8,184.6,170,061-850-2525
4678010247,전남,보성,백학,전라남도 보성군 보성읍 옥평리,2006-12-29,2017-03-31,2,주수원,80,2.34,2.2,77.4,10,200,필댐(죤형),0,193.4,20.1,215.71,203.96,11.75,사통형,179.5,178.5,167,061-850-2525
4679010013,전남,화순,금전,전라남도 화순군 한천면 금전리,1957-01-01,1962-01-01,1,주수원,3147,67.7,64.32,766,10,200,필댐(죤형),490003,273.4,17.35,4874.6,4823.4,51.2,취수탑형,62.2,61,48.85,061-370-8500
4679010018,전남,화순,반곡,전라남도 화순군 한천면 반곡리,1955-01-01,1959-01-01,2,주수원,420,6.51,6.5,107.5,10,200,필댐(죤형),137862,228.6,14.4,254.6,254.6,0,사통형,166.87,165.87,155.53,061-370-8500
4679010031,전남,화순,가동,전라남도 화순군 춘양면 가동리,1956-01-01,1958-01-01,2,주수원,347,12.3,6.3,128.6,10,200,필댐(죤형),49087,187,10.5,256.76,253.85,2.91,사통형,110.5,109.16,100.6,061-370-8500
4679010032,전남,화순,산간,전라남도 화순군 춘양면 산간리,1956-01-01,1958-01-01,2,보조수원,60.9,1.72,1.7,28,10,200,필댐(죤형),38688,107,10.2,20.54,20.54,0,사통형,94.18,93.18,88.28,061-370-8500
4679010035,전남,화순,우봉,전라남도 화순군 춘양면 우봉리,1988-01-01,1994-01-01,2,주수원,100,1.62,1.6,12.1,10,200,필댐(죤형),12254,163,13.8,6.6,6.2,0.4,사통형,91.23,90.23,87.64,061-370-8500
4679010040,전남,화순,세청1,전라남도 화순군 청풍면 세청리,1944-01-01,1945-01-01,2,보조수원,38,3.12,3.1,11,10,200,필댐(죤형),128647,230,5,76,70,6,사통형,85.5,84.27,80.6,061-370-8500
4679010042,전남,화순,대비,전라남도 화순군 청풍면 대비리,1970-01-01,1975-01-01,2,주수원,45,1.29,1.2,12,10,200,필댐(죤형),12298,86,8.2,12.4,12.22,0.18,사통형,175.5,174.53,170.1,061-370-8500
4679010043,전남,화순,등용,전라남도 화순군 청풍면 백운리,1959-01-01,1965-01-01,1,보조수원,532,8.97,8.8,200.1,10,200,필댐(죤형),228228,176,21,417,414.22,2.78,사통형,141,139.33,127.1,061-370-8500
4679010045,전남,화순,신석,전라남도 화순군 청풍면 신석리,1944-01-01,1945-01-01,2,보조수원,115,1.62,1.6,13,10,200,필댐(죤형),22278,118,8,60.3,60,0.3,사통형,132.81,131.81,124.91,061-370-8500
4679010046,전남,화순,이만(청풍),전라남도 화순군 청풍면 신석리,1992-01-01,1998-01-01,1,주수원,375,13.1,13.04,255.8,10,200,필댐(죤형),304580,272,34.9,1154.7,1005.49,149.21,사통형,193,192,175,061-370-8500
4679010047,전남,화순,신리,전라남도 화순군 청풍면 신리,1944-01-01,1945-01-01,2,보조수원,125,1.32,1.3,2,10,200,필댐(죤형),51300,125,6,40.5,40.5,0,사통형,114.35,113.35,108.45,061-370-8500
4679010051,전남,화순,장치,전라남도 화순군 이양면 용반리,1976-01-01,1978-01-01,1,주수원,1885,70.1,60.1,347,10,200,필댐(죤형),592368,213.4,24.5,5484.9,5484.7,0.2,취수탑형,125,123.5,104.2,061-370-8500
4679010054,전남,화순,품평,전라남도 화순군 이양면 품평리,1944-01-01,1945-01-01,2,주수원,135,2.12,2.1,11.6,10,200,필댐(죤형),14563,111,8,122.1,119.93,2.17,사통형,81.69,80.89,73.69,061-370-8500
4679010055,전남,화순,청영,전라남도 화순군 이양면 품평리,1944-01-01,1945-01-01,2,보조수원,57,1.17,1.16,5,10,200,필댐(죤형),5335,97,5,35.04,35,0.04,사통형,84.97,83.97,78.61,061-370-8500
4679010068,전남,화순,백암,전라남도 화순군 능주면 만수리,1943-01-01,1945-01-01,2,보조수원,14.4,1.21,1.2,11,10,200,필댐(죤형),2294,232,2.3,22.61,20.09,2.52,사통형,70.24,69.24,62.54,061-370-8500
4679010083,전남,화순,도장,전라남도 화순군 도암면 운월리,1967-01-01,1969-01-01,2,보조수원,26,0.92,0.9,4,10,200,필댐(죤형),10937,110,7.1,20.4,18.58,1.82,사통형,54,53,49.1,061-370-8500
4679010085,전남,화순,벽지,전라남도 화순군 도암면 벽지리,1966-01-01,1968-01-01,2,보조수원,195,2.62,2.6,25,10,200,필댐(죤형),14638,83,9.1,160.5,153.32,7.18,사통형,67,66.73,62.6,061-370-8500
4679010086,전남,화순,해명산,전라남도 화순군 도암면 도장리,1969-01-01,1970-01-01,2,보조수원,28,0.21,0.2,7,10,200,필댐(죤형),3456,40,6,5.9,5.59,0.31,사통형,80,79.1,74.1,061-370-8500
4679010087,전남,화순,정천1,전라남도 화순군 도암면 원천리,1971-01-01,1973-01-01,2,보조수원,52,0.82,0.8,13,10,200,필댐(죤형),15671,70,8.4,17.2,16.18,1.02,사통형,71,70.1,66.1,061-370-8500
4679010088,전남,화순,정천2,전라남도 화순군 도암면 정천리,1971-01-01,1973-01-01,2,보조수원,9,0.21,0.2,2,10,200,필댐(죤형),2500,30,8.8,2.9,2.81,0.09,사통형,78,76.7,73.6,061-370-8500
4679010089,전남,화순,옥동,전라남도 화순군 도암면 원천리,1944-01-01,1945-01-01,2,보조수원,63,1.01,1,10,10,200,필댐(죤형),10040,85,7.5,24,22.13,1.87,사통형,78.5,77.51,73.1,061-370-8500
4679010090,전남,화순,권동,전라남도 화순군 도암면 원천리,1966-01-01,1968-01-01,2,보조수원,25,0.91,0.9,4,10,200,필댐(죤형),7948,95,6,20,19,1,사통형,91,90.1,86,061-370-8500
4679010091,전남,화순,안성,전라남도 화순군 도암면 천태리,1944-01-01,1945-01-01,2,보조수원,150,3.82,3.8,35,10,200,필댐(죤형),37473,211,8,112.3,112.3,0,사통형,92,91.2,86.6,061-370-8500
4679010093,전남,화순,도암,전라남도 화순군 도암면 등광리,1990-01-01,1999-01-01,1,주수원,444,22.2,22,184.4,10,200,필댐(죤형),208980,205,23.9,1857.2,1854,3.2,사통형,122,120.32,102.1,061-370-8500
4679010097,전남,화순,보월,전라남도 화순군 이서면 보월리,1944-01-01,1945-01-01,2,보조수원,95,1.11,1.1,18,10,200,필댐(죤형),12348,147,6,21.3,21.3,0,사통형,230.04,229.04,226.24,061-370-8500
4679010098,전남,화순,안심,전라남도 화순군 이서면 안심리,1982-01-01,1987-01-01,1,주수원,430,12.21,12.1,153.7,10,200,필댐(죤형),210554,210,30.2,1226.99,1173.59,53.4,사통형,101.5,100,82,061-370-8500
4679010103,전남,화순,송단,전라남도 화순군 백아면 방리,1980-01-01,1983-01-01,1,주수원,450,15.4,15.2,223.6,10,200,필댐(죤형),102219,188,28,1528.6,1507.5,21.1,사통형,307.26,306.26,287.26,061-370-8500
4679010110,전남,화순,독상,전라남도 화순군 동복면 독상리,1942-01-01,1944-01-01,2,보조수원,232,2.42,2.4,22,10,200,필댐(죤형),20273,97,9.5,91,91,0,사통형,149.05,148.05,141.05,061-370-8500
4679010111,전남,화순,동정,전라남도 화순군 동복면 칠정리,1941-01-01,1943-01-01,2,보조수원,83,0.81,0.8,12,10,200,필댐(죤형),66877,123,8,20,20,0,사통형,156.42,155.42,151.52,061-370-8500
4679010112,전남,화순,유천,전라남도 화순군 동복면 유천리,1978-01-01,1984-01-01,1,주수원,1225,24.48,24.28,286.7,10,200,필댐(죤형),196178,288,26.17,1754.68,1754.68,0,사통형,182.9,181.7,166.5,061-370-8500
4679010119,전남,화순,축동,전라남도 화순군 동복면 구암리,1943-01-01,1944-01-01,2,보조수원,60,3.52,3.5,14,10,200,필댐(죤형),15817,114,7.5,71,71,0,사통형,147.03,146.03,142.63,061-370-8500
4679010123,전남,화순,원동,전라남도 화순군 사평면 원리,1956-01-01,1963-01-01,2,주수원,270,6.22,6.02,90.2,10,200,필댐(죤형),54452,191,10.6,168.3,164.38,3.92,사통형,143,142.18,135.1,061-370-8500
4679010137,전남,화순,서성,전라남도 화순군 동면 언도리,1965-01-01,1972-01-01,1,주수원,1787,26,25.9,430,10,200,필댐(죤형),222840,148,22.86,2540.6,2501.13,39.47,사통형,108.23,107.4,90.4,061-370-8500
4679010155,전남,화순,마산,전라남도 화순군 동면 청궁리,1996-03-06,2002-12-30,2,주수원,360,5.4,5.2,50.7,10,200,필댐(죤형),145027,200,25,282.3,253,29.3,사통형,235.8,234.8,222,061-370-8500
4679010156,전남,화순,우치,전라남도 화순군 도암면 우치리,1997-11-05,2002-12-30,1,주수원,295,10.8,10.5,105,10,200,필댐(죤형),117443,216,43.8,1375.6,1356.6,19,취수탑형,200.26,199.2,176,061-370-8500
4679010157,전남,화순,내리,전라남도 화순군 사평면 내리,1999-11-23,2003-12-30,1,주수원,285,9.48,9.38,120,10,200,필댐(죤형),243997,170,30.73,1070,920,150,사통형,195.9,194.7,176,061-370-8500
4679010158,전남,화순,호암,전라남도 화순군 도암면 호암리,1945-02-01,1945-12-30,2,보조수원,34,1.52,1.5,6.8,10,200,필댐(죤형),27185,50,7,26.15,26.15,0,사통형,104.87,103.93,98.21,061-370-8500
4679010159,전남,화순,용강,전라남도 화순군 도암면 용강리,1970-02-01,1970-12-30,2,보조수원,193,1.22,1.2,31.1,10,200,필댐(죤형),16311,30,8,40.14,40.14,0,사통형,95.21,94.21,89.24,061-370-8500
4679010160,전남,화순,고시,전라남도 화순군 한천면 고시리,1997-09-25,2006-12-30,1,주수원,1134,33.29,31.3,309.4,10,200,필댐(균일형),280000,182,29.5,2891.7,2426.7,465,취수탑형,200.7,199.6,185,061-370-8500
4679010161,전남,화순,백운,전라남도 화순군 청풍면 백운리,2000-12-13,2012-12-31,1,주수원,310,8.87,8.1,224,10,200,필댐(죤형),343.31,266.5,39.4,1056,878,178,취수탑형,212.4,211.4,193,061-370-8500
4679010164,전남,화순,청용,전라남도 화순군 청풍면 청용리,2000-12-13,2012-12-31,1,주수원,228,6.33,5.84,83,10,200,필댐(죤형),342.99,148,32.5,599.2,496,103.2,취수탑형,209,208,197,061-370-8500
4679010285,전남,화순,쌍봉,전라남도 화순군 이양면 쌍봉리,2009-09-23,2019-04-03,1,주수원,700,18.27,17.85,0,10,200,필댐(코어형),372719,235,39.14,1897.6,1788.8,108.8,취수탑형,161.5,160.3,143,061-370-8500
4679010286,전남,화순,노치,전라남도 화순군 백아면 노치리,2013-07-30,2019-03-29,1,주수원,241,5.23,4.98,0,10,200,필댐(코어형),138730,140,29,505.77,502.05,3.72,사통형,289,288,269,061-370-8500
4680010005,전남,장흥,금산,전라남도 장흥군 장흥읍 해당리,1943-01-01,1945-12-31,1,주수원,645,13.3,11.8,181.2,10,200,필댐(죤형),231288,419,16,1204.2,1160.1,44.1,사통형,101.98,100.74,88.28,061-860-7614
4680010006,전남,장흥,축내,전라남도 장흥군 장흥읍 축내리,1939-01-01,1945-12-31,2,주수원,53.3,1.6,1.3,8.5,10,200,필댐(죤형),10920,165,4,14.5,13,1.5,사통형,39.4,38.7,37.5,061-860-7614
4680010009,전남,장흥,성산,전라남도 장흥군 관산읍 성산리,1972-01-01,1975-12-31,1,주수원,317,11.7,10.9,125.4,10,100,필댐(죤형),683145,285,18.1,785.6,781,4.6,사통형,79.03,77.93,70.2,061-860-7614
4680010011,전남,장흥,농안,전라남도 장흥군 관산읍 농안리,1976-12-18,1979-12-31,1,주수원,365,13.8,13.5,152,10,100,필댐(죤형),144048,160,20.48,947.1,947,0.1,사통형,77.09,75.82,60,061-860-7614
4680010016,전남,장흥,지정,전라남도 장흥군 관산읍 지정리,1918-01-01,1925-12-31,1,주수원,103,60.73,58.9,322.7,5,200,필댐(죤형),369360,4560,6,1738.4,1738.2,0.2,사통형,4.28,3.84,1.6,061-860-7614
4680010018,전남,장흥,수동,전라남도 장흥군 관산읍 외동리,1964-01-01,1966-12-30,1,주수원,180,73.5,73.5,428.5,10,200,필댐(죤형),268646,2476,7,2565.9,2550.5,15.4,사통형,4.8,4.3,0,061-860-7614
4680010019,전남,장흥,어은,전라남도 장흥군 관산읍 외동리,1965-01-01,1966-12-31,1,주수원,170,24.73,24,82.6,10,100,필댐(죤형),115037,1172,6.7,604.2,604,0.2,사통형,3.77,3.2,1.5,061-860-7614
4680010020,전남,장흥,부안,전라남도 장흥군 관산읍 외동리,1995-12-23,1999-12-30,1,주수원,242,8.9,8.5,119,10,200,필댐(죤형),619920,328,21,642.1,592,50.1,사통형,61.38,60.32,49.5,061-860-7614
4680010022,전남,장흥,하발,전라남도 장흥군 관산읍 죽청리,1923-01-01,1925-12-31,2,주수원,49,1.7,1.7,8.6,10,200,필댐(죤형),9045,342,2.5,15,13,2,사통형,2.78,2.3,1.4,061-860-7614
4680010023,전남,장흥,동촌,전라남도 장흥군 관산읍 하발리,1976-12-18,1978-12-31,1,주수원,145,7.72,7.7,69.5,10,100,필댐(죤형),49500,300,13.2,581.5,577.2,4.3,사통형,48.5,47.5,33,061-860-7614
4680010024,전남,장흥,죽청,전라남도 장흥군 관산읍 죽청리,1923-01-01,1925-12-31,2,주수원,297,6.8,4.6,34.3,10,200,필댐(죤형),11250,420,3,42.1,42.1,0,사통형,2.3,2,1.4,061-860-7614
4680010025,전남,장흥,연동,전라남도 장흥군 대덕읍 연지리,1942-01-01,1945-12-30,2,주수원,31,0.58,1.4,1.6,10,100,필댐(죤형),3626,98,4,5,5,0,사통형,24.85,23.97,22.29,061-860-7614
4680010026,전남,장흥,서산,전라남도 장흥군 대덕읍 연지리,1916-01-01,1923-12-31,1,주수원,367,47.17,47.2,169,10,200,필댐(죤형),88218,936,6.5,809.5,793,16.5,사통형,5.13,4.11,1.2,061-860-7614
4680010027,전남,장흥,연지,전라남도 장흥군 대덕읍 연지리,1990-11-14,1997-12-15,1,주수원,708,26.9,25.4,202,10,200,필댐(죤형),1213674,426,37,2843.9,2708,135.9,사통형,63,61.8,43,061-860-7614
4680010029,전남,장흥,도청,전라남도 장흥군 대덕읍 도청리,1942-01-01,1945-12-31,2,주수원,179,6.02,5.9,37.9,10,200,필댐(죤형),15208,520,5,102.1,102,0.1,사통형,2.3,1.9,0.6,061-860-7614
4680010030,전남,장흥,양하,전라남도 장흥군 대덕읍 잠두리,1940-01-01,1945-12-31,2,주수원,64,0.49,1.5,13.4,10,200,필댐(죤형),4150,151,3.5,4.9,4.9,0,사통형,4.58,3.58,1.8,061-860-7614
4680010031,전남,장흥,신리,전라남도 장흥군 대덕읍 신리,1966-01-01,1969-12-30,2,주수원,135,1.85,1.8,8.8,10,200,필댐(죤형),52635,140,13.1,65,65,0,사통형,18.5,17.5,11.5,061-860-7614
4680010032,전남,장흥,하분,전라남도 장흥군 대덕읍 분토리,1978-01-01,1982-12-31,1,주수원,600,15.6,14.7,107.8,10,100,필댐(죤형),1379847,196,19.8,699.3,699,0.3,사통형,35.24,33.32,23.5,061-860-7614
4680010034,전남,장흥,가학,전라남도 장흥군 대덕읍 가학리,1928-01-01,1931-12-31,2,주수원,36,5,4.5,1.4,10,200,필댐(죤형),11200,74.5,7,16,16,0,사통형,24.67,23.88,19.06,061-860-7614
4680010041,전남,장흥,운주,전라남도 장흥군 용산면 운주리,2010-12-06,2014-12-30,1,주수원,861.5,27.63,24.17,218,10,200,필댐(코어형),117600,430,26.8,2457.77,2286.8,170.97,취수탑형,78.09,76.59,57,061-860-7614
4680010042,전남,장흥,오도,전라남도 장흥군 용산면 운주리,1965-01-01,1968-12-31,2,주수원,113,2.24,2,24.5,10,100,필댐(죤형),25632,180,8,60,60,0,사통형,63.73,62.5,54.3,061-860-7614
4680010043,전남,장흥,묵촌,전라남도 장흥군 용산면 접정리,1968-01-01,1970-12-31,2,주수원,55,1.87,1.7,16,10,200,필댐(죤형),7585,98,8.6,62,61.5,0.5,사통형,55.97,55,48.9,061-860-7614
4680010045,전남,장흥,녹원,전라남도 장흥군 용산면 녹원리,1958-01-01,1959-12-31,2,주수원,248,4.2,4.1,33.7,10,200,필댐(죤형),77000,175,10,140.8,130,10.8,사통형,70.5,69.5,65.1,061-860-7614
4680010057,전남,장흥,월계,전라남도 장흥군 안양면 당암리,1956-01-01,1961-12-31,1,주수원,392,8.48,7.6,197.7,5,200,필댐(죤형),294120,360,20,575,575,0,사통형,109.54,108.5,95,061-860-7614
4680010060,전남,장흥,모령,전라남도 장흥군 안양면 모령리,1920-01-01,1928-12-31,1,주수원,1810,27.56,27.6,124.4,10,200,필댐(죤형),61875,1250,4.5,628.6,626,2.6,사통형,4.37,3,1.2,061-860-7614
4680010061,전남,장흥,학송,전라남도 장흥군 안양면 학송리,1941-01-01,1942-12-31,2,주수원,38,2.26,2.3,12.5,10,200,필댐(죤형),109200,150,13,103.2,103,0.2,사통형,79.36,78.39,68.62,061-860-7614
4680010062,전남,장흥,장수,전라남도 장흥군 안양면 학송리,1964-01-01,1969-12-31,2,보조수원,560,4.33,4.1,51.8,10,200,필댐(죤형),87753,169,15.5,215,215,0,사통형,62.14,61.14,50.7,061-860-7614
4680010063,전남,장흥,신촌,전라남도 장흥군 안양면 학송리,1979-01-01,1983-12-31,1,주수원,600,16.51,16.5,222.8,10,100,필댐(죤형),183005,168,22.6,1512,1503.2,8.8,사통형,67.5,65.59,60.58,061-860-7614
4680010079,전남,장흥,하산,전라남도 장흥군 장동면 하산리,1994-01-01,1999-12-31,1,주수원,355,9.1,8.8,125.5,10,200,필댐(죤형),454853,207,22.5,545,545,0,사통형,142.4,140.7,130,061-860-7614
4680010086,전남,장흥,제산,전라남도 장흥군 장평면 제산리,1943-01-01,1946-12-31,1,주수원,476,11.8,10.3,203.2,10,200,필댐(죤형),30937,90,12.5,511.8,511,0.8,사통형,175.95,174.63,167.5,061-860-7614
4680010121,전남,장흥,순흥,전라남도 장흥군 회진면 회진리,1969-01-01,1970-12-31,2,주수원,105,8.25,7.7,22.5,10,200,필댐(죤형),45030,280,8.6,182.7,182.6,0.1,사통형,6.61,5.61,1.8,061-860-7614
4680010124,전남,장흥,덕촌,전라남도 장흥군 대덕읍 가학리,1975-01-01,1978-12-31,1,보조수원,12,34.4,34.4,343.4,10,200,필댐(죤형),110854,1660,5.3,1700.7,1549.5,151.2,사통형,5.09,4.25,2.5,061-860-7614
4680010125,전남,장흥,풍길,전라남도 장흥군 용산면 풍길리,2002-12-16,2006-12-31,1,주수원,209,95,87.3,136.4,10,200,필댐(죤형),346900,193,32.1,773.8,746,27.8,취수탑형,47.1,45.9,31,061-860-7614
4680010126,전남,장흥,두봉,전라남도 장흥군 장평면 진산리,1998-12-31,2005-12-30,1,주수원,295,7.28,6.7,80.9,10,200,필댐(죤형),143878,180,23.7,465.4,426.8,38.6,사통형,198.84,197.65,187.7,061-860-7614
4681010005,전남,강진,임천,전라남도 강진군 강진읍 임천리,1944-01-04,1945-01-01,1,주수원,890,79.68,66.4,359,10,100,필댐(죤형),216457,922,14.7,3445,3093.61,351.39,사통형,16.7,16.2,7,061-430-7725
4681010011,전남,강진,신학,전라남도 강진군 강진읍 춘전리,1967-01-03,1968-01-01,2,보조수원,56,2.52,2.1,40,3,200,필댐(죤형),25984,160,10.5,56,55,1,사통형,48.5,47.5,40.7,061-430-7725
4681010012,전남,강진,서산,전라남도 강진군 강진읍 서산리,1958-01-01,1962-01-01,1,주수원,755,30,25,375.8,10,200,필댐(죤형),199318,293,22.5,2593.23,2592,1.23,사통형,80,79,61,061-430-7725
4681010021,전남,강진,화산,전라남도 강진군 군동면 화산리,1964-01-01,1969-01-01,1,주수원,450,13.68,11.4,129.4,3,100,필댐(죤형),80099,168,12.9,451,451,0,기타,49.2,48.7,36.5,061-430-7725
4681010026,전남,강진,금사,전라남도 강진군 군동면 금사리,1944-01-03,1945-01-01,1,주수원,552,31.44,26.2,180.3,5,100,필댐(죤형),117625,266,15.2,692.39,691,1.39,사통형,31,30,17.8,061-430-7725
4681010030,전남,강진,삼흥,전라남도 강진군 칠량면 삼흥리,1997-12-31,2008-12-31,1,주수원,1210,54.64,50.38,430,10,200,필댐(코어형),732508,580,36.04,5857.5,5250,607.5,취수탑형,63.24,61.74,42.5,061-430-7725
4681010031,전남,강진,명주,전라남도 강진군 칠량면 명주리,2006-12-22,2011-12-30,1,주수원,689,15.3,14.7,134.6,3,100,필댐(죤형),115537,194,15.3,639.4,639,0.4,사통형,61.3,60.3,47,061-430-7725
4681010040,전남,강진,당전,전라남도 강진군 대구면 용운리,2005-12-21,2011-12-30,1,주수원,844.3,20.9,18.2,176.9,10,200,필댐(죤형),171771,193,18.6,1303.7,1297.2,6.5,사통형,59.2,58.2,45,061-430-7725
4681010041,전남,강진,계치,전라남도 강진군 대구면 계율리,1944-01-03,1945-01-01,2,주수원,98,3.1,2.9,24.9,5,100,필댐(죤형),31243,210,9.3,66.2,63.94,2.26,사통형,58.6,58,52,061-430-7725
4681010051,전남,해남.완도,강정,전라남도 강진군 도암면 강정리,1966-01-01,1968-01-01,1,주수원,400,22.05,21.03,109.8,3,100,필댐(죤형),54486,168.4,12.3,748,748,0,사통형,40,39.6,31.4,061-530-1500
4681010056,전남,강진,용흥,전라남도 강진군 도암면 용흥리,1944-12-04,1945-01-01,1,주수원,300,20,16.64,73.4,5,100,필댐(죤형),40339,942,5.9,469.48,466,3.48,사통형,3.6,3.1,0.1,061-430-7725
4681010057,전남,강진,석문,전라남도 강진군 도암면 봉황리,2001-01-01,2006-12-30,1,주수원,728,54,45,270,10,200,필댐(코어형),424750,298,33.5,3524,3183,341,취수탑형,80.5,79.29,58,061-430-7725
4681010059,전남,강진,봉양,전라남도 강진군 신전면 수양리,1987-01-01,1993-01-01,1,주수원,394,13.68,11.4,145.9,10,100,필댐(죤형),740917,587,20.6,979.66,973.11,6.55,사통형,56.2,56.2,40,061-430-7725
4681010067,전남,강진,월남,전라남도 강진군 성전면 월남리,1961-01-01,1967-01-01,1,주수원,1063,40.64,39.2,500.7,10,200,필댐(죤형),191148,171,19.1,2226.6,2225,1.6,사통형,103.5,103,88,061-430-7725
4681010068,전남,강진,성전,전라남도 강진군 성전면 월하리,1999-07-05,2009-12-31,1,주수원,468,28.2,26.43,209,10,200,필댐(죤형),119713,350,28.2,2071,2048.1,22.9,사통형,138.2,137.05,123,061-430-7725
4681010075,전남,강진,송월,전라남도 강진군 성전면 송월리,1969-01-01,1974-01-01,1,주수원,150,6.72,5.6,51.6,10,100,필댐(죤형),133618,265,12.9,384.12,383.9,0.22,사통형,101.3,100.3,89.3,061-430-7725
4681010077,전남,강진,월평,전라남도 강진군 성전면 월평리,1985-01-01,1990-01-01,1,주수원,146,9.72,8.1,73.9,10,100,필댐(죤형),288737,241,20.9,653,653,0,사통형,122.3,121.8,108,061-430-7725
4681010095,전남,강진,용동,전라남도 강진군 작천면 삼열리,1944-01-03,1945-01-01,2,주수원,143,6.72,5.6,50.8,3,100,필댐(죤형),23738,341,5.1,159.59,146,13.59,사통형,42.6,42.1,40,061-430-7725
4681010096,전남,강진,돌치,전라남도 강진군 작천면 내기리,1944-01-04,1945-01-01,2,보조수원,189,3.6,3,10.3,3,100,필댐(죤형),7985,474,5.7,36.9,36.9,0,사통형,37.5,36.5,34,061-430-7725
4681010097,전남,강진,삼치,전라남도 강진군 작천면 내기리,1944-01-03,1945-01-01,2,보조수원,63,2.4,2,7.1,3,100,필댐(죤형),4951,233,4.5,30.91,30.9,0.01,사통형,44.1,43.1,41,061-430-7725
4681010101,전남,강진,작천,전라남도 강진군 작천면 평기리,1951-01-01,1958-01-01,1,주수원,196,8.16,6.8,102.3,10,200,필댐(죤형),287760,240,22,544.4,544.4,0,사통형,87,86,69,061-430-7725
4681010107,전남,강진,학동,전라남도 강진군 작천면 갈동리,1998-11-13,2011-12-30,1,주수원,400,14.87,14.3,88.7,10,100,필댐(죤형),132036,195,16.2,866,856,10,사통형,75,74.5,65,061-430-7725
4681010111,전남,강진,하고,전라남도 강진군 병영면 성동리,2009-11-19,2011-12-30,2,보조수원,263.2,2.9,2.8,14.5,3,100,필댐(죤형),31528,563,4,50.1,50.1,0,사통형,41.5,41,39,061-430-7725
4681010115,전남,강진,중고,전라남도 강진군 병영면 중고리,1944-01-03,1945-01-01,2,보조수원,174,3.84,3.2,15.6,3,100,필댐(죤형),12144,298,4,100,100,0,사통형,40.2,39.2,36.2,061-430-7725
4681010123,전남,강진,영산,전라남도 강진군 옴천면 영산리,1967-01-02,1968-01-01,1,보조수원,124,5.88,4.9,121,10,100,필댐(죤형),230532,210,20.9,503.04,448,55.04,사통형,177.5,177,161,061-430-7725
4681010124,전남,강진,월곡,전라남도 강진군 옴천면 월곡리,1982-01-01,1993-01-01,1,주수원,540,27,22.5,378.3,10,200,필댐(죤형),318449,222,26.7,2251.49,2238,13.49,사통형,177,176.5,157,061-430-7725
4681010131,전남,강진,영동,전라남도 강진군 마량면 마량리,1973-01-01,1978-01-01,1,주수원,467,19.08,15.9,150.3,10,200,필댐(죤형),321421,210,23.8,1414.41,1411,3.41,사통형,47.7,47.2,30,061-430-7725
4681010243,전남,강진,덕천,전라남도 강진군 군동면 덕천리,2008-12-29,2017-12-29,1,주수원,164,5.89,5.45,74,10,200,필댐(죤형),291813,433,40.1,468.79,438.39,30.4,사통형,61,59.8,45,061-430-7725
4681010244,전남,강진,장산,전라남도 강진군 군동면 장산리,2008-12-29,2017-12-29,1,주수원,173,10.48,9.76,123,10,200,필댐(죤형),291813,285,26.5,1002.9,938.45,64.45,사통형,62.2,61,44.5,061-430-7725
4682010001,전남,해남.완도,금강,전라남도 해남군 해남읍 해리,1953-01-01,1957-01-01,1,주수원,438,10.47,8.8,173,3,100,필댐(죤형),55543,185.4,17.54,499.72,499.72,0,사통형,15.54,14.54,1.64,061-530-1500
4682010002,전남,해남.완도,상미,전라남도 해남군 해남읍 고도리,1956-01-01,1958-01-01,2,주수원,266,10.25,7.6,25.2,3,100,필댐(죤형),22301,279,6.06,174.26,171.7,2.56,사통형,34.22,33.6,30,061-530-1500
4682010003,전남,해남.완도,우슬,전라남도 해남군 해남읍 해리,1956-01-01,1958-01-01,2,주수원,95,7.68,3.6,1.1,3,100,필댐(죤형),59781,166,8.6,118.87,118.81,0.06,사통형,69.69,68.2,61.35,061-530-1500
4682010004,전남,해남.완도,신안,전라남도 해남군 해남읍 신안리,1956-01-01,1958-01-01,2,주수원,88,3.12,2.47,52,7,200,필댐(죤형),36752,115,12.6,77.93,68.33,9.6,사통형,9,8,3,061-530-1500
4682010006,전남,해남.완도,연동,전라남도 해남군 해남읍 연동리,1956-01-01,1958-01-01,2,주수원,120,7.57,6.9,59.5,10,100,필댐(죤형),28234,224.4,7.6,209.52,209,0.52,사통형,7,6,0.5,061-530-1500
4682010019,전남,해남.완도,남동,전라남도 해남군 황산면 부곡리,1945-01-01,1947-01-01,2,보조수원,25,7.15,6.3,25,3,100,필댐(죤형),8188,540,2.5,60.5,46.55,13.95,사통형,2.1,1.8,1.2,061-530-1500
4682010026,전남,해남.완도,신흥,전라남도 해남군 삼산면 신흥리,1963-01-01,1964-01-01,2,주수원,60,2.9,2.61,33.4,10,100,필댐(죤형),158325,215.4,6.1,57.48,55.02,2.46,사통형,4.1,3.5,0.5,061-530-1500
4682010038,전남,해남.완도,양촌,전라남도 해남군 삼산면 평활리,1958-01-01,1961-01-01,1,주수원,1780,66.7,62.9,479,10,200,필댐(죤형),472719,299,25,4522.13,4275.3,246.83,취수탑형,71,68,58.5,061-530-1500
4682010041,전남,해남.완도,상가,전라남도 해남군 삼산면 상가리,1982-01-01,1984-01-01,1,주수원,120,8.13,6.03,67.9,10,200,필댐(죤형),158325,154.4,22,442.13,428,14.13,사통형,81,79.4,68,061-530-1500
4682010047,전남,해남.완도,가좌,전라남도 해남군 화산면 가좌리,1945-01-01,1945-12-30,2,주수원,70,1.9,1.52,20.4,3,100,필댐(죤형),14577,125.1,9.6,32.87,32.87,0,사통형,8.5,8.3,4.3,061-530-1500
4682010048,전남,해남.완도,월호,전라남도 해남군 화산면 월호리,1945-01-01,1947-01-01,2,주수원,50,2.67,1.63,6.6,3,100,필댐(죤형),16572,169.4,7,25.03,23.1,1.93,사통형,3.1,2.5,0.5,061-530-1500
4682010049,전남,해남.완도,봉저,전라남도 해남군 화산면 율동리,1945-01-01,1947-01-01,2,주수원,81,4.14,4.1,17.4,3,100,필댐(죤형),14193,133.4,7,77.3,77.3,0,사통형,5.6,5,1,061-530-1500
4682010050,전남,해남.완도,연화,전라남도 해남군 화산면 방축리,1959-01-01,1961-01-01,1,주수원,490,29.74,26.7,392.4,10,200,필댐(죤형),118891,340,12,1264.18,1238.33,25.85,취수탑형,17,13.6,8.8,061-530-1500
4682010051,전남,해남.완도,방축,전라남도 해남군 화산면 방축리,1945-01-01,1946-12-30,2,주수원,34,0.78,0.66,4.6,3,100,필댐(죤형),4353,83.4,5.1,8.15,8.15,0,사통형,5.7,5.5,0.7,061-530-1500
4682010052,전남,해남.완도,석전,전라남도 해남군 화산면 방축리,1945-01-01,1946-12-30,2,주수원,60,0.89,0.7,3.6,3,100,필댐(죤형),4789,100,5.3,14.76,14,0.76,사통형,4.1,3.1,0.5,061-530-1500
4682010054,전남,해남.완도,석정,전라남도 해남군 화산면 연정리,1961-01-01,1963-12-30,2,주수원,115,5.08,4.3,8.7,10,100,필댐(죤형),12116,300,4.5,82.06,81.46,0.6,사통형,4.9,3.5,0.5,061-530-1500
4682010055,전남,해남.완도,부길,전라남도 해남군 화산면 방축리,1961-01-01,1963-12-30,2,주수원,63.7,2.67,1.55,23.8,3,100,필댐(죤형),29921,223.4,8.7,41.2,41.03,0.17,사통형,13.9,13.5,9.2,061-530-1500
4682010056,전남,해남.완도,대지,전라남도 해남군 화산면 석호리,1960-01-01,1963-12-30,2,주수원,67,3.34,3.29,22.3,3,100,필댐(죤형),10913,208,4.8,70.33,68.7,1.63,사통형,4,3.8,0.5,061-530-1500
4682010057,전남,해남.완도,송산,전라남도 해남군 화산면 송산리,1960-01-01,1961-01-01,2,주수원,112,9.8,5,59.1,3,100,필댐(죤형),41177,162,11,227.6,225.44,2.16,사통형,16.84,15.84,9,061-530-1500
4682010059,전남,해남.완도,대인,전라남도 해남군 화산면 석호리,1960-01-01,1961-01-01,2,주수원,75,4.01,2.18,21.3,3,100,필댐(죤형),12322,180,5.5,40.1,35.1,5,사통형,13.4,13,11,061-530-1500
4682010067,전남,해남.완도,구시,전라남도 해남군 현산면 구시리,1961-01-01,1963-01-01,1,주수원,1390,57.25,51.39,465.2,10,100,필댐(죤형),131306,285,14.8,2618.57,2549.32,69.25,사통형,21.1,19.48,11,061-530-1500
4682010072,전남,해남.완도,탑동,전라남도 해남군 현산면 일평리,1963-01-01,1966-01-01,2,주수원,130,3.78,2.6,55,3,100,필댐(죤형),33318,218.4,8.3,97.68,97.2,0.48,사통형,7.5,6.5,0.5,061-530-1500
4682010075,전남,해남.완도,백포,전라남도 해남군 현산면 백포리,1945-01-01,1947-12-30,2,주수원,190,7.34,6.87,45.6,3,100,필댐(죤형),136108,200,16.9,188.08,188.08,0,사통형,19.7,18.79,14.18,061-530-1500
4682010078,전남,해남.완도,구산,전라남도 해남군 현산면 황산리,1988-01-01,1995-01-01,1,주수원,400,21.71,19.5,216.8,10,100,필댐(죤형),968820,544,28.3,2285.51,2217.3,68.21,사통형,78.4,77.4,62,061-530-1500
4682010089,전남,해남.완도,미야,전라남도 해남군 송지면 미야리,1945-01-01,1947-12-30,1,주수원,160,13.7,11,69.1,10,100,필댐(죤형),38401,294.4,7.7,492.67,492.67,0,사통형,9.9,9.8,2.3,061-530-1500
4682010098,전남,해남.완도,해원,전라남도 해남군 송지면 마봉리,1945-01-01,1945-12-30,1,주수원,908,38.26,35.3,341.5,3,100,필댐(죤형),55999,134,15.6,1621.74,1621.48,0.26,사통형,12.2,10.8,0.5,061-530-1500
4682010099,전남,해남.완도,군곡,전라남도 해남군 송지면 해원리,1958-01-01,1961-01-01,1,주수원,1391,52.68,89,510,10,200,필댐(죤형),363197,463.7,16.1,5244,4848,396,취수탑형,18.6,17.2,8.5,061-530-1500
4682010117,전남,해남.완도,동해,전라남도 해남군 북평면 동해리,1990-01-01,1999-01-01,1,주수원,400,11.25,10.9,203.3,10,200,필댐(죤형),2190162,562,46.7,1545.68,1522.28,23.4,취수탑형,94.5,92.3,60,061-530-1500
4682010120,전남,해남.완도,신월,전라남도 해남군 문내면 용암리,1945-01-01,1947-12-30,2,주수원,4,1.1,0.49,1,3,100,필댐(죤형),2813,110.4,3.8,3.11,3.09,0.02,사통형,3.56,3.36,2.5,061-530-1500
4682010124,전남,해남.완도,장수,전라남도 강진군 신전면 영관리,1970-01-01,1972-01-01,1,주수원,256,35.14,12.4,126.7,3,200,필댐(죤형),198390,362.4,15.3,677.05,677,0.05,사통형,58.2,57.2,48.2,061-530-1500
4682010126,전남,해남.완도,운전,전라남도 해남군 북일면 흥촌리,1973-01-01,1975-01-01,1,주수원,167,5.24,4.7,77.7,3,200,필댐(죤형),177085,254.4,17.4,389.98,353.09,36.89,사통형,46.5,44.2,34.5,061-530-1500
4682010129,전남,해남.완도,영춘,전라남도 해남군 옥천면 송산리,1968-01-01,1970-01-01,2,주수원,130,4.34,4.1,23.4,3,100,필댐(죤형),84388,194.4,13.5,189.03,189,0.03,사통형,51,50,41,061-530-1500
4682010137,전남,해남.완도,백호,전라남도 해남군 옥천면 백호리,1956-01-01,1958-01-01,1,주수원,570,20.05,16.45,369.9,3,100,필댐(죤형),104524,254,14,826,826,0,사통형,47.9,47,37.5,061-530-1500
4682010142,전남,해남.완도,오류,전라남도 해남군 계곡면 성진리,1973-01-01,1975-01-01,1,주수원,355,20.61,18.5,197.6,3,100,필댐(죤형),164624,304.4,15.2,852.94,847.83,5.11,사통형,28,27,19,061-530-1500
4682010155,전남,해남.완도,방춘,전라남도 해남군 계곡면 방춘리,1958-01-01,1960-01-01,2,주수원,300,6.8,3.92,130.5,3,100,필댐(죤형),205276,120,24.64,283.8,283.8,0,사통형,67.49,66.59,51.04,061-530-1500
4682010158,전남,해남.완도,여수,전라남도 해남군 계곡면 여수리,1959-01-01,1961-01-01,2,주수원,100,3.45,3.3,34.7,3,100,필댐(죤형),37790,97.4,12.7,117.43,117.43,0,사통형,38.6,36.88,29.6,061-530-1500
4682010159,전남,해남.완도,구가학,전라남도 해남군 계곡면 가학리,1945-01-01,1947-12-30,1,보조수원,275,8.12,7.2,40,3,100,필댐(죤형),52328,130.4,19.24,436,435,1,사통형,68,67.7,52.7,061-530-1500
4682010160,전남,해남.완도,가학,전라남도 해남군 계곡면 가학리,1968-01-01,1970-01-01,1,주수원,460,15.6,14.1,207.6,3,100,필댐(죤형),284109,284,20.3,911.2,910,1.2,사통형,18.6,17.6,0.5,061-530-1500
4682010162,전남,해남.완도,신평,전라남도 해남군 계곡면 신평리,1968-01-01,1970-01-01,1,주수원,310,17.94,11.82,152.5,3,100,필댐(죤형),159481,339,14.1,635.33,635.1,0.23,사통형,51.84,51.04,40.95,061-530-1500
4682010167,전남,해남.완도,만년,전라남도 해남군 마산면 장촌리,1945-01-01,1947-12-30,1,주수원,312,8.02,7.2,120.4,3,200,필댐(죤형),120542,207.4,15.8,412.21,411.97,0.24,사통형,51.2,50,40.5,061-530-1500
4682010168,전남,해남.완도,화원1,전라남도 해남군 화원면 장춘리,1945-01-01,1945-12-30,1,주수원,537,66.95,57.2,191.9,3,100,필댐(죤형),73871,1108,6.05,933.61,821.55,112.06,사통형,7,6.5,4,061-530-1500
4682010176,전남,해남.완도,연구,전라남도 해남군 마산면 노하리,1945-01-01,1947-12-30,2,주수원,250,19.25,18,58,5,100,필댐(죤형),27994,395.4,5.9,219.84,218,1.84,사통형,6.9,5.9,3.9,061-530-1500
4682010222,전남,해남.완도,호동,전라남도 해남군 황산면 호동리,1945-01-01,1945-12-30,1,주수원,160,17.23,14.95,106.5,3,100,필댐(죤형),15679,165.44,6.27,489,424,65,사통형,7,6.8,4,061-530-1500
4682010234,전남,해남.완도,한자,전라남도 해남군 황산면 호동리,1985-12-01,1986-01-01,1,보조수원,67,11.47,9.66,49,1,100,필댐(죤형),22577,185,9,437.32,419.41,17.91,사통형,8.3,8,2,061-530-1500
4682010238,전남,해남.완도,흑암,전라남도 해남군 황산면 연당리,1945-01-01,1945-12-30,1,보조수원,323,15.19,14,56,3,100,필댐(죤형),32534,216,8.5,413.58,390.19,23.39,사통형,8.3,8,4,061-530-1500
4682010239,전남,해남.완도,미력,전라남도 해남군 황산면 연당리,1945-01-01,1947-12-30,2,보조수원,90,4.1,3.96,16.7,10,200,필댐(죤형),1983,150,2.1,55.83,55.83,0,사통형,1.8,1.5,0.7,061-530-1500
4682010241,전남,해남.완도,외입,전라남도 해남군 황산면 외입리,1945-01-01,1947-12-30,2,보조수원,26,3.12,2.2,22.7,3,100,필댐(죤형),11872,145,6.6,47.08,47.04,0.04,사통형,6.8,6.3,3.3,061-530-1500
4682010242,전남,해남.완도,춘정1,전라남도 해남군 황산면 부곡리,1945-01-01,1947-12-30,2,보조수원,11,4.7,4.6,11,1,100,필댐(균일형),2173,81.1,4.3,15.95,15.89,0.06,사통형,3.5,4,0.01,061-530-1500
4682010243,전남,해남.완도,부곡,전라남도 해남군 황산면 부곡리,1945-01-01,1947-12-30,2,보조수원,9.3,1.4,1.03,9.3,3,100,필댐(죤형),3134,106,4.4,20,20,0,사통형,8.52,8.22,5.27,061-530-1500
4682010250,전남,해남.완도,관춘,전라남도 해남군 황산면 관춘리,1944-01-01,1945-01-01,1,주수원,220,20.15,19.97,97.8,3,200,필댐(죤형),23236,324,5.8,591,591,0,사통형,6,5,0.4,061-530-1500
4682010251,전남,해남.완도,평덕1,전라남도 해남군 황산면 관춘리,1945-01-01,1945-12-30,2,주수원,25,5.35,2.95,12,3,100,필댐(죤형),24945,282.4,6.8,56.18,53.05,3.13,사통형,3.3,3,0.5,061-530-1500
4682010252,전남,해남.완도,평덕2,전라남도 해남군 황산면 관춘리,1945-01-01,1945-12-30,2,주수원,3,1.26,1.1,6.8,10,100,필댐(죤형),2162,115.4,3.6,22.63,20.01,2.62,사통형,4.6,3.6,1.6,061-530-1500
4682010253,전남,해남.완도,성만,전라남도 해남군 황산면 관춘리,1945-01-01,1945-12-30,2,주수원,56,11.2,10.1,22.4,3,100,필댐(죤형),40576,253.4,9.6,158.83,156.5,2.33,사통형,10.6,9.6,7.1,061-530-1500
4682010254,전남,해남.완도,내산,전라남도 해남군 황산면 관춘리,1945-01-01,1945-12-30,2,주수원,28,3.12,2.4,11,3,100,필댐(죤형),7898,115.4,7.1,37.35,37.12,0.23,사통형,6.8,5.8,0.5,061-530-1500
4682010257,전남,해남.완도,옥연1,전라남도 해남군 황산면 옥동리,1945-01-01,1945-12-30,2,보조수원,10,3.75,3.61,21,3,100,필댐(죤형),40896,355,8,65.58,64.2,1.38,사통형,4.4,4,0.5,061-530-1500
4682010258,전남,해남.완도,옥연2,전라남도 해남군 황산면 옥동리,1945-01-01,1945-12-30,2,보조수원,10,1.67,1.4,20,3,100,필댐(죤형),4834,66.1,6.6,35.64,34.8,0.84,사통형,7.6,6.6,3,061-530-1500
4682010259,전남,해남.완도,옥동1,전라남도 해남군 황산면 부곡리,1962-01-01,1964-12-30,2,보조수원,3,4.58,4.26,26,3,100,필댐(죤형),4521,140,4.3,94.5,94.5,0,사통형,3.5,3,0.5,061-530-1500
4682010300,전남,해남.완도,삼덕1,전라남도 해남군 문내면 석교리,1945-01-01,1945-12-30,2,주수원,7,1.52,0.81,11.8,3,100,필댐(죤형),2437,95,4.5,14.1,14.03,0.07,사통형,15.84,16.4,12.54,061-530-1500
4682010301,전남,해남.완도,삼덕2,전라남도 해남군 문내면 석교리,1945-01-01,1945-12-30,2,주수원,5,1.1,0.56,2,10,100,필댐(죤형),2129,88,3.7,10.83,10.8,0.03,사통형,14,13.8,11,061-530-1500
4682010305,전남,해남.완도,사교,전라남도 해남군 문내면 용암리,1982-01-01,1983-01-01,2,보조수원,4,1.89,1.22,3.6,5,100,필댐(죤형),21745,185,9,34.22,34.18,0.04,사통형,8.19,7.89,2.53,061-530-1500
4682010307,전남,해남.완도,석교1,전라남도 해남군 문내면 용암리,1945-01-01,1945-12-30,2,보조수원,9,1,0.9,14.2,3,100,필댐(죤형),3744,68,5.4,12.54,12.5,0.04,사통형,14.15,13.75,9.82,061-530-1500
4682010308,전남,해남.완도,석교2,전라남도 해남군 문내면 용암리,1945-01-01,1945-12-30,2,보조수원,66,2.56,0.8,17.5,3,100,필댐(죤형),10044,135,6.4,19.61,19.6,0.01,사통형,16,15,11,061-530-1500
4682010313,전남,해남.완도,동외1,전라남도 해남군 문내면 동외리,1945-01-01,1945-12-30,2,보조수원,62,1.95,1.8,8.1,3,100,필댐(죤형),4862,126,4.4,33.23,33.1,0.13,사통형,4.5,3.5,0.5,061-530-1500
4682010314,전남,해남.완도,동외2,전라남도 해남군 문내면 동외리,1945-01-01,1945-12-30,2,보조수원,36,1.52,1.4,8.8,3,100,필댐(죤형),3038,100,4,18.65,15.6,3.05,사통형,3.4,2.4,0.5,061-530-1500
4682010323,전남,해남.완도,서상,전라남도 해남군 문내면 서상리,1968-01-01,1970-12-30,2,보조수원,4,0.5,0.44,3,3,100,필댐(죤형),5461,135,5,11.2,11.14,0.06,사통형,10.66,10.26,6,061-530-1500
4682010327,전남,해남.완도,난대2,전라남도 해남군 문내면 서상리,1967-01-01,1967-12-31,2,주수원,8,1.35,1.2,2,3,100,필댐(죤형),1261,105,2.2,27.27,27.27,0,사통형,2.2,1.4,0.7,061-530-1500
4682010328,전남,해남.완도,난대1,전라남도 해남군 문내면 난대리,1963-01-01,1964-12-30,2,보조수원,6,0.89,0.4,10.3,3,100,필댐(죤형),2131,95,3.5,4,4,0,사통형,3.6,2.6,0.5,061-530-1500
4682010333,전남,해남.완도,갈우,전라남도 해남군 문내면 충평리,1968-01-01,1970-12-30,2,보조수원,42,2.3,2.2,5.4,3,100,필댐(죤형),3905,80,5.4,32.9,32.9,0,사통형,5.5,4.5,0.5,061-530-1500
4682010335,전남,해남.완도,충평1,전라남도 해남군 문내면 충평리,1970-01-01,1972-12-30,2,보조수원,35,1.82,1.65,6,3,100,필댐(죤형),10619,140,6.3,53.7,51.92,1.78,사통형,25.5,25.1,20,061-530-1500
4682010336,전남,해남.완도,고전,전라남도 해남군 문내면 고당리,1945-01-01,1945-12-30,2,보조수원,77,2,1.7,19.6,3,100,필댐(죤형),7685,97,6.3,34.1,34.1,0,사통형,6.3,5.1,0.5,061-530-1500
4682010339,전남,해남.완도,고평,전라남도 해남군 문내면 고평리,1982-01-01,1983-01-01,2,보조수원,16,1.56,0.6,3.2,7,100,필댐(죤형),16152,108,10.3,17.9,17.8,0.1,사통형,10,9,0.5,061-530-1500
4682010341,전남,해남.완도,청용,전라남도 해남군 옥천면 백호리,1952-01-01,1958-01-01,2,주수원,95,5.46,4,6,3,100,필댐(죤형),13069,309.4,4,61.39,61.2,0.19,사통형,6,5,3,061-530-1500
4682010346,전남,해남.완도,신덕,전라남도 해남군 화원면 신덕리,1983-01-01,1986-01-01,1,주수원,765,54.03,45.5,428.5,10,100,필댐(죤형),241667,187,23.6,3369.08,3339.89,29.19,취수탑형,25.15,24.85,12,061-530-1500
4682010366,전남,해남.완도,화원2,전라남도 해남군 화원면 산호리,1945-01-01,1945-12-30,1,주수원,275,38.99,23.4,117.2,10,100,필댐(죤형),27780,365,6,599.85,599.6,0.25,사통형,7,6,2,061-530-1500
4682010367,전남,해남.완도,화원3,전라남도 해남군 화원면 산호리,1945-01-01,1945-12-30,2,주수원,105,20,15.2,51,3,100,필댐(죤형),18482,360,5.5,299.92,299.3,0.62,사통형,6.5,5.5,2.5,061-530-1500
4682010370,전남,해남.완도,장평,전라남도 해남군 화원면 장춘리,1969-01-01,1971-12-30,2,보조수원,14,0.45,0.4,11,3,100,필댐(죤형),6740,96,7,11.03,11.01,0.02,사통형,29.2,28.9,24.1,061-530-1500
4682010372,전남,해남.완도,산호,전라남도 해남군 계곡면 가학리,1940-01-01,1942-12-30,2,보조수원,54,5.46,5.07,2,3,100,필댐(죤형),8397,320,4,68.23,67.84,0.39,사통형,18.12,17.72,15.37,061-530-1500
4682010373,전남,해남.완도,신방,전라남도 해남군 현산면 백포리,1950-01-01,1952-12-30,1,보조수원,164,66.2,59.42,111,3,100,필댐(죤형),37564,1527,3,748,747.38,0.62,사통형,3.5,3,0.5,061-530-1500
4682010374,전남,해남.완도,만안2제,전라남도 해남군 현산면 만안리,2003-12-01,2006-12-30,1,주수원,110,5.21,4.83,81,10,200,필댐(균일형),180625,206,28.6,394.67,385.76,8.91,취수탑형,107.8,106.8,90,061-530-1500
4683010001,전남,영암,대동,전라남도 영암군 군서면 월곡리,1969-01-01,1969-12-30,1,보조수원,544,4.78,4.76,74.3,10,200,필댐(죤형),353408,308,11.2,309.08,309.08,0,사통형,32.16,31.4,23.4,061-470-5515
4683010002,전남,영암,남춘,전라남도 영암군 영암읍 용흥리,1945-01-01,1945-12-31,2,보조수원,59,0.96,0.95,6,7,100,필댐(죤형),8937,245,3.8,16.1,16.1,0,사통형,24.5,24,22,061-470-5515
4683010003,전남,영암,쌍정,전라남도 영암군 영암읍 개신리,1967-05-19,1969-12-30,1,주수원,837,20.62,20.61,284.5,10,100,필댐(죤형),153823,159,14,1264,1138,126,사통형,40.3,40,29,061-470-5515
4683010004,전남,영암,사자,전라남도 영암군 영암읍 개신리,1978-12-01,1981-12-30,1,주수원,221,6.1,6.06,48.2,7,100,필댐(죤형),522655,380,18,462.77,462.7,0.07,사통형,68,67,51,061-470-5515
4683010006,전남,영암,학곡,전라남도 영암군 영암읍 송평리,1944-01-01,1945-12-31,2,보조수원,9,0.6,0.54,4,7,100,필댐(죤형),821,40,4.8,9.4,9.4,0,사통형,15.2,15,12.2,061-470-5515
4683010009,전남,영암,장암,전라남도 영암군 영암읍 장암리,1966-01-01,1967-12-30,2,보조수원,45,1.09,1.08,15,7,100,필댐(죤형),38423,136,6.82,32.8,32.8,0,사통형,75.1,74.6,68.6,061-470-5515
4683010012,전남,영암,율산,전라남도 영암군 영암읍 장암리,1944-01-01,1945-12-31,2,보조수원,22,1.2,1.14,8,7,100,필댐(죤형),18648,126,8,22.6,22.6,0,사통형,28,27,21,061-470-5515
4683010016,전남,영암,마산,전라남도 영암군 덕진면 노송리,1944-01-01,1945-12-31,2,보조수원,75,2.55,2.5,10.2,7,100,필댐(죤형),38450,162,4,37.6,37.6,0,사통형,20.2,20,18,061-470-5515
4683010017,전남,영암,송내,전라남도 영암군 덕진면 영등리,1943-12-01,1945-12-31,2,보조수원,25,1.85,1.81,15.1,7,100,필댐(죤형),19964,179,5.4,29.8,29.8,0,사통형,24.2,24,22,061-470-5515
4683010027,전남,영암,세류,전라남도 영암군 덕진면 백계리,1945-01-01,1945-12-31,2,보조수원,8,0.69,0.68,6.3,7,100,필댐(죤형),5750,100,4.8,16.8,16.8,0,사통형,29.3,29,26,061-470-5515
4683010028,전남,영암,백계,전라남도 영암군 덕진면 백계리,1943-01-01,1945-12-31,2,보조수원,164,6.5,6.46,45,7,100,필댐(죤형),15624,127,5,134.9,134.9,0,사통형,13.2,13,10,061-470-5515
4683010030,전남,영암,용동,전라남도 영암군 덕진면 용산리,1942-01-01,1943-12-30,2,보조수원,32,2.35,2.33,13,7,100,필댐(죤형),6086,175,5,18.6,18.6,0,사통형,6.2,6,5,061-470-5515
4683010032,전남,영암,금강,전라남도 영암군 덕진면 금강리,1945-01-01,1945-12-31,2,보조수원,29,1.69,1.68,13,7,100,필댐(죤형),3915,125,4,29.3,29.3,0,사통형,18.3,18,16,061-470-5515
4683010034,전남,영암,향월,전라남도 영암군 덕진면 장선리,1944-01-01,1945-12-31,2,보조수원,22,1.25,1.22,6.3,7,100,필댐(죤형),4750,125,4,17.4,17.4,0,사통형,19.5,19,17,061-470-5515
4683010037,전남,영암,연보,전라남도 영암군 금정면 연보리,1985-09-11,1989-07-31,1,주수원,298,10,9.99,69.6,10,200,필댐(죤형),181597,151,21.6,653.8,646.8,7,사통형,105.3,104.9,89.9,061-470-5515
4683010039,전남,영암,토동1,전라남도 영암군 금정면 아천리,1944-01-01,1945-12-31,2,보조수원,114,1.92,1.87,13.6,7,100,필댐(죤형),13328,112,5.5,43.4,43.4,0,사통형,59.5,59,56,061-470-5515
4683010040,전남,영암,곡치,전라남도 영암군 금정면 아천리,1945-01-01,1945-12-31,2,보조수원,8,0.8,0.6,2.9,7,100,필댐(죤형),3680,92,4.51,16.2,16.2,0,사통형,66.5,66,63,061-470-5515
4683010041,전남,영암,식산,전라남도 영암군 금정면 아천리,1944-01-01,1945-12-31,2,보조수원,9,0.5,0.48,4.9,7,100,필댐(죤형),5846,105,3.92,12.9,12.9,0,사통형,61.5,61,58,061-470-5515
4683010050,전남,영암,지초,전라남도 영암군 금정면 남송리,1944-01-01,1945-12-31,2,보조수원,21,0.4,0.3,5,7,100,필댐(죤형),6720,140,6,21,21,0,사통형,87.5,87,83,061-470-5515
4683010051,전남,영암,입석,전라남도 영암군 금정면 남송리,2010-11-02,2012-12-30,1,주수원,570,23.03,22.08,203.5,10,240,필댐(죤형),188708,202,20.6,1925,1913.9,11.1,취수탑형,102.1,100.8,88.5,061-470-5515
4683010059,전남,영암,평유,전라남도 영암군 신북면 금수리,1944-01-01,1944-12-29,2,보조수원,45,2.9,1.98,15,7,100,필댐(죤형),2011,98,2.7,24.1,16.1,8,사통형,24.4,24.3,23.4,061-470-5515
4683010060,전남,영암,갈곡,전라남도 영암군 신북면 갈곡리,1942-01-01,1943-12-30,2,보조수원,50,4.43,4.2,20,10,100,필댐(죤형),8575,141,5.1,63.1,63.1,0,사통형,19.9,19.4,16.4,061-470-5515
4683010061,전남,영암,우정,전라남도 영암군 신북면 갈곡리,1942-01-01,1943-12-30,2,보조수원,13,1.34,1,8,7,100,필댐(죤형),1687,108,3.39,17,17,0,사통형,17.3,17,15.21,061-470-5515
4683010062,전남,영암,학동,전라남도 영암군 신북면 학동리,1923-01-01,1924-12-30,2,보조수원,52,31.4,29,13.9,7,100,필댐(죤형),2644.4,110,2.75,26.2,26.2,0,사통형,14.2,13.6,12.65,061-470-5515
4683010063,전남,영암,연동,전라남도 영암군 신북면 학동리,1942-01-01,1943-12-30,2,보조수원,12,1.2,1.1,4,10,100,필댐(죤형),8080,78,3.8,11.9,11.9,0,사통형,18.6,18,16,061-470-5515
4683010064,전남,영암,태간,전라남도 영암군 신북면 학동리,1942-01-01,1943-12-30,2,보조수원,13,1.03,0.91,5,7,100,필댐(죤형),2520,126,2.49,7.2,7.2,0,사통형,26.1,25.2,24.21,061-470-5515
4683010065,전남,영암,금동,전라남도 영암군 신북면 양계리,1923-01-01,1924-12-30,2,보조수원,13,2.5,2.2,5,10,100,필댐(죤형),16512,120,3.9,29.7,29.7,0,취수탑형,12.9,12.3,10.3,061-470-5515
4683010066,전남,영암,행군,전라남도 영암군 신북면 장산리,1943-01-01,1943-12-31,2,보조수원,25,2.6,1.45,10,7,100,필댐(죤형),21346,118,4.19,19.8,19.38,0.42,사통형,35.2,34.6,32.41,061-470-5515
4683010069,전남,영암,천동,전라남도 영암군 신북면 이천리,1923-01-01,1924-12-30,2,보조수원,3,1.35,1.3,6,7,100,필댐(죤형),9290,158,3,3.1,3.1,0,사통형,23.4,22.8,21.8,061-470-5515
4683010070,전남,영암,어랑,전라남도 영암군 신북면 이천리,1942-01-01,1943-12-30,2,보조수원,6,0.43,0.4,1.8,7,100,필댐(죤형),9912,105,2.5,2.5,2.1,0.4,사통형,34.4,34.1,33.4,061-470-5515
4683010071,전남,영암,이천,전라남도 영암군 신북면 이천리,1923-01-01,1924-12-30,2,보조수원,6,0.4,0.39,2,7,100,필댐(죤형),17190,100,4.01,3.2,3.19,0.01,사통형,30.1,29.5,27.39,061-470-5515
4683010072,전남,영암,미남,전라남도 영암군 신북면 이천리,1956-01-01,1957-12-30,2,보조수원,28,1.9,1.71,13.1,7,100,필댐(죤형),5010,151,3,24.5,22.9,1.6,사통형,30.7,30.2,28.5,061-470-5515
4683010073,전남,영암,냉천,전라남도 영암군 신북면 이천리,1953-01-01,1957-12-30,1,보조수원,648,17.2,14.71,55.6,7,100,필댐(죤형),82316,185,13,591,589.46,1.54,사통형,43.4,42.9,34.22,061-470-5515
4683010074,전남,영암,옥봉,전라남도 영암군 신북면 행정리,1942-01-01,1943-12-30,2,보조수원,6,1.2,0.84,2,7,100,필댐(죤형),14681,87,3.77,10.4,10.4,0,사통형,26.3,25.7,23.73,061-470-5515
4683010075,전남,영암,광암,전라남도 영암군 신북면 행정리,1944-01-01,1944-12-30,2,보조수원,13,2.8,2.12,6,7,100,필댐(죤형),18090,100,4.3,31.4,31.4,0,사통형,22.1,21.5,19,061-470-5515
4683010076,전남,영암,유호,전라남도 영암군 신북면 행정리,1942-01-01,1943-12-30,2,보조수원,9,5.8,3.63,6,7,100,필댐(죤형),14723.2,107,4.96,62.6,60.8,1.8,사통형,20.9,20.3,17.74,061-470-5515
4683010077,전남,영암,작수,전라남도 영암군 신북면 행정리,1942-01-01,1943-12-30,2,보조수원,13,1,0.91,4.5,7,100,필댐(죤형),2548,70,2.26,6.1,5.17,0.93,사통형,15.5,14.7,13.94,061-470-5515
4683010079,전남,영암,덕림,전라남도 영암군 신북면 월지리,1956-01-01,1957-12-31,2,보조수원,32,3.3,3.1,13.1,7,100,필댐(죤형),8060,171,4.65,48.2,48.2,0,사통형,23.65,23.2,20.2,061-470-5515
4683010080,전남,영암,백옥,전라남도 영암군 신북면 월지리,1966-01-01,1967-12-30,2,보조수원,3.2,1.4,1.36,9.6,7,100,필댐(죤형),4960,124,3,11.2,11.2,0,사통형,18.3,18,17,061-470-5515
4683010082,전남,영암,월롱,전라남도 영암군 시종면 월롱리,1957-01-01,1959-12-30,2,보조수원,45,5.4,5.38,15,7,100,필댐(죤형),4320,180,3.6,73.8,73.8,0,사통형,6.4,6.1,4.1,061-470-5515
4683010083,전남,영암,서대머리,전라남도 영암군 시종면 와우리,1944-01-01,1945-12-31,2,보조수원,27,1.93,1.92,17,7,100,필댐(죤형),5231,123,3.5,37.7,34.27,3.43,사통형,10.1,9.8,7.8,061-470-5515
4683010085,전남,영암,구산,전라남도 영암군 시종면 구산리,1944-01-01,1945-12-31,2,보조수원,45,7.13,7.12,40,7,100,필댐(죤형),15000,200,4.8,152.4,152.4,0,사통형,8.4,7.7,4.7,061-470-5515
4683010086,전남,영암,봉소,전라남도 영암군 시종면 봉소리,1944-01-01,1945-12-31,2,보조수원,39,3.36,3.35,30,7,100,필댐(죤형),6063,165,3,26.83,26.83,0,사통형,4.3,3.8,2.8,061-470-5515
4683010087,전남,영암,망월,전라남도 영암군 도포면 봉호리,1944-01-01,1945-12-31,2,보조수원,18,1.24,1.23,6.4,7,100,필댐(죤형),4032,96,4,16.8,16.8,0,사통형,13,12.5,10.5,061-470-5515
4683010090,전남,영암,동방,전라남도 영암군 시종면 봉소리,1944-01-01,1945-12-31,2,보조수원,151,10,9.65,45,7,100,필댐(죤형),6388,224,4.67,214.4,214.4,0,사통형,5.6,4.9,1.9,061-470-5515
4683010091,전남,영암,매화촌,전라남도 영암군 시종면 내동리,1943-01-01,1945-12-31,2,보조수원,39,0.53,0.52,20,7,100,필댐(죤형),2460,125,2.8,2.8,2.8,0,사통형,7.3,7,6,061-470-5515
4683010092,전남,영암,만수,전라남도 영암군 시종면 만수리,1943-01-01,1945-12-31,2,보조수원,54,6,5.9,35.6,7,100,필댐(죤형),16767,230,5.4,109.4,109.4,0,사통형,13.2,12.7,9.7,061-470-5515
4683010093,전남,영암,금천,전라남도 영암군 시종면 태간리,1950-01-01,1952-12-30,2,보조수원,85,3.43,3.42,19,7,100,필댐(죤형),11135,196,5,66.97,66.97,0,사통형,19.7,19.3,16.3,061-470-5515
4683010094,전남,영암,태간,전라남도 영암군 시종면 태간리,1950-01-01,1952-12-31,2,주수원,187,12.1,11.8,134,7,100,필댐(죤형),14687,235,5.8,260.8,260.8,0,사통형,22.1,21.4,18.4,061-470-5515
4683010096,전남,영암,가랑,전라남도 영암군 시종면 월롱리,1944-01-01,1945-01-01,2,보조수원,36,2.95,2.85,21,7,100,필댐(죤형),3771,108,4,43.83,43.83,0,사통형,6,5.5,3.5,061-470-5515
4683010097,전남,영암,갈마,전라남도 영암군 시종면 신흥리,1939-01-02,1940-12-30,2,보조수원,25,2.3,2.2,30,7,100,필댐(죤형),1383.8,148,2.5,22.6,22.6,0,사통형,4.8,4.2,2.7,061-470-5515
4683010098,전남,영암,이월,전라남도 영암군 시종면 월악리,1942-01-01,1943-12-30,2,보조수원,60,6.58,3.9,32,7,100,필댐(죤형),9400,235,3.95,69.8,63.7,6.1,사통형,9,8.5,6.35,061-470-5515
4683010099,전남,영암,송매,전라남도 영암군 시종면 신흥리,1939-01-02,1940-12-30,2,보조수원,40,1.84,1.04,2,7,100,필댐(죤형),3160,125,2.79,6.8,6.8,0,사통형,5.4,5.2,4.21,061-470-5515
4683010100,전남,영암,월악2(월악),전라남도 영암군 시종면 월악리,1953-01-01,1954-12-30,2,보조수원,46,5.38,4.13,60,7,100,필댐(죤형),9145,291,3.57,58.9,52.4,6.5,사통형,6.6,6.2,4.63,061-470-5515
4683010101,전남,영암,금지,전라남도 영암군 시종면 금지리,1944-01-01,1945-12-31,1,보조수원,530,30.86,28.4,180,7,100,필댐(죤형),11706,242,5,487,482.99,4.01,사통형,11.1,10.6,7.6,061-470-5515
4683010102,전남,영암,신원1,전라남도 영암군 시종면 신흥리,1939-01-02,1940-12-30,2,보조수원,21,1.32,1.05,20,7,100,필댐(죤형),2569,148,3.69,20.3,19.6,0.7,사통형,3.9,3.6,1.41,061-470-5515
4683010104,전남,영암,송내,전라남도 영암군 시종면 금지리,1942-01-01,1943-12-30,2,보조수원,9,0.1,0.05,3,7,100,필댐(죤형),478,60,1.8,0.2,0.18,0.02,사통형,7.3,7.1,6.6,061-470-5515
4683010105,전남,영암,화수,전라남도 영암군 시종면 신흥리,1946-01-01,1947-12-30,2,보조수원,45,5.12,4.03,5.5,7,100,필댐(죤형),4055,145,2.5,43.5,43.5,0,사통형,4.5,3.9,2.4,061-470-5515
4683010106,전남,영암,백운,전라남도 영암군 시종면 신흥리,1953-01-01,1954-12-30,2,보조수원,40,4.16,3.81,6.6,7,100,필댐(죤형),1226,109,3.8,55,55,0,사통형,8.6,7.9,7.17,061-470-5515
4683010107,전남,영암,방축,전라남도 영암군 시종면 신연리,1953-01-01,1954-12-30,2,보조수원,37,5.5,5.49,30.5,7,100,필댐(죤형),6209,196,4,87.3,87.3,0,사통형,11.3,10.8,8.8,061-470-5515
4683010108,전남,영암,신산,전라남도 영암군 시종면 옥야리,1944-01-01,1945-12-31,2,보조수원,15,1.15,1.14,7.2,7,100,필댐(죤형),2550,100,2.5,8,7.97,0.03,사통형,5.9,5.6,4.6,061-470-5515
4683010109,전남,영암,연소제,전라남도 영암군 시종면 신연리,1942-01-01,1943-12-30,2,보조수원,35,3,2.9,4,7,100,필댐(죤형),6737,175,3.2,40,40,0,사통형,5,4.7,2.7,061-470-5515
4683010111,전남,영암,효동,전라남도 영암군 시종면 옥야리,1944-01-01,1945-12-31,2,보조수원,12,1.4,1.35,13.8,7,100,필댐(죤형),2415,115,2.4,8.8,8.8,0,사통형,6,5.7,4.7,061-470-5515
4683010112,전남,영암,항동,전라남도 영암군 도포면 원항리,1944-01-01,1945-12-31,2,보조수원,24,3.52,3.12,20,7,100,필댐(죤형),9292,160,3.6,45.4,45.4,0,사통형,6.2,5.7,3.7,061-470-5515
4683010114,전남,영암,봉호,전라남도 영암군 도포면 봉호리,1941-01-01,1942-12-30,2,주수원,130,8.7,8.6,56.2,7,100,필댐(죤형),20492,195,3.8,169.1,169.1,0,사통형,6.2,5.8,3.8,061-470-5515
4683010115,전남,영암,상리,전라남도 영암군 도포면 구학리,1944-01-01,1945-12-31,2,보조수원,262,15.38,11.8,35,7,100,필댐(죤형),13842,280,3.2,105.7,105.7,0,사통형,4.1,3.8,2.8,061-470-5515
4683010116,전남,영암,소정,전라남도 영암군 도포면 구학리,1944-01-01,1945-12-31,2,보조수원,93,4.9,4.83,32,7,100,필댐(죤형),6806,170,4.4,76.2,76.2,0,사통형,12.5,12.1,10.1,061-470-5515
4683010117,전남,영암,부평,전라남도 영암군 도포면 영호리,1931-01-01,1932-12-30,2,보조수원,46,4,3.5,12,7,100,필댐(죤형),4948,124,3.8,46.8,46.3,0.5,사통형,12.6,11.8,9.88,061-470-5515
4683010119,전남,영암,성산,전라남도 영암군 도포면 성산리,1953-01-01,1954-12-30,1,주수원,909,31,30.9,264.5,10,200,필댐(죤형),29744,286,6.5,797.4,797.4,0,사통형,12.3,11.3,7.3,061-470-5515
4683010120,전남,영암,조감,전라남도 영암군 도포면 수산리,1944-01-01,1945-12-31,2,보조수원,203,14.5,14,35,7,100,필댐(죤형),12891,340,3.2,153.45,153.4,0.05,사통형,21.95,21.4,19.4,061-470-5515
4683010121,전남,영암,연동,전라남도 영암군 도포면 수산리,1945-01-01,1945-12-31,2,보조수원,7,0.56,0.55,4.5,7,100,필댐(죤형),7400,50,4.6,11.97,11.3,0.67,사통형,16,15.8,12.8,061-470-5515
4683010122,전남,영암,유수,전라남도 영암군 도포면 수산리,1944-01-01,1945-12-31,2,보조수원,20,1.1,1.04,11.5,7,100,필댐(죤형),13320,90,8,13.5,13.5,0,사통형,17.9,17.7,15.7,061-470-5515
4683010123,전남,영암,당산,전라남도 영암군 도포면 수산리,1944-01-01,1945-12-31,2,보조수원,10,0.5,0.43,4,7,100,필댐(죤형),8400,120,2.8,3.7,3.7,0,사통형,14.05,13.5,12.5,061-470-5515
4683010124,전남,영암,통정,전라남도 영암군 도포면 수산리,1944-01-01,1945-12-31,2,보조수원,8,1.3,1,7.3,7,100,필댐(죤형),4982,93,2.5,1.8,1.8,0,사통형,27.5,27.2,26.2,061-470-5515
4683010125,전남,영암,신덕정,전라남도 영암군 군서면 해창리,1944-01-01,1945-12-31,2,보조수원,15,0.6,0.59,12.5,10,100,필댐(죤형),7182,42,3.77,6.6,6.6,0,사통형,9.99,9.49,7.5,061-470-5515
4683010126,전남,영암,신마산,전라남도 영암군 군서면 마산리,1944-01-01,1945-12-31,2,보조수원,11,0.57,0.56,11,10,100,필댐(죤형),7022,80,4.87,13.4,13.4,0,사통형,21.5,21,18,061-470-5515
4683010127,전남,영암,낙안,전라남도 영암군 군서면 해창리,1944-01-01,1945-12-31,2,보조수원,55,1.68,1.67,10,10,100,필댐(죤형),19173,166,3.5,22.34,22.34,0,사통형,9.5,9,7,061-470-5515
4683010130,전남,영암,성양,전라남도 영암군 군서면 성양리,1950-01-01,1953-12-30,1,주수원,1000,18.5,18.4,406.9,7,100,필댐(죤형),4117570,1302,11.9,1144.5,1136.7,7.8,사통형,26.9,26.3,16.6,061-470-5515
4683010131,전남,영암,동호,전라남도 영암군 군서면 동호리,1944-01-01,1945-12-31,2,보조수원,10,0.25,0.24,3.7,10,100,필댐(죤형),1192,53,3.07,4.1,4.1,0,사통형,13.5,13,11,061-470-5515
4683010132,전남,영암,양장1,전라남도 영암군 군서면 양장리,1944-01-01,1945-12-31,2,보조수원,4,0.6,0.56,5.5,7,100,필댐(죤형),1968,105,4,9.8,9.8,0,사통형,10.5,10,8,061-470-5515
4683010133,전남,영암,양장2,전라남도 영암군 군서면 양장리,1945-01-01,1945-12-31,2,보조수원,6,0.42,0.41,6.5,7,100,필댐(죤형),1887,74,3.71,6.5,6.5,0,사통형,18.5,18,16,061-470-5515
4683010135,전남,영암,모정,전라남도 영암군 군서면 모정리,1938-01-01,1941-12-30,2,보조수원,103,11,10.98,59.5,10,100,필댐(죤형),31651,411,4.6,237.4,237.4,0,사통형,12.5,12,9,061-470-5515
4683010136,전남,영암,모정2,전라남도 영암군 군서면 모정리,1944-01-01,1945-12-31,2,보조수원,4,0.5,0.48,2.8,7,100,필댐(죤형),2677,85,3.5,5.3,5.3,0,사통형,6.2,6,4.18,061-470-5515
4683010137,전남,영암,수지,전라남도 영암군 군서면 동구림리,1945-01-01,1946-12-30,2,보조수원,17,0.55,0.5,6.5,10,100,필댐(죤형),9450,100,6.35,28.1,28.1,0,사통형,28.5,28,23,061-470-5515
4683010139,전남,영암,도갑,전라남도 영암군 군서면 도갑리,1971-12-01,1973-12-30,1,주수원,774,13.19,13.18,145.9,10,200,필댐(죤형),221399,149.5,23.4,1572,1429,143,사통형,67.2,67,48,061-470-5515
4683010140,전남,영암,월산1,전라남도 영암군 군서면 월곡리,1964-01-01,1965-12-30,2,보조수원,18,0.5,0.48,7.8,7,100,필댐(죤형),7052,70,7.46,20.7,20.6,0.1,사통형,52.5,52,46,061-470-5515
4683010141,전남,영암,호동,전라남도 영암군 군서면 월곡리,1968-01-01,1969-12-31,2,보조수원,56,0.52,0.51,13,7,100,필댐(죤형),14300,52,6.34,18.5,18.5,0,사통형,34.5,34,29,061-470-5515
4683010142,전남,영암,장사,전라남도 영암군 군서면 도장리,1945-01-01,1945-12-31,2,보조수원,14,0.91,0.84,7.1,7,100,필댐(죤형),3570,85,3.35,14,14,0,사통형,9.5,9,7,061-470-5515
4683010143,전남,영암,도장,전라남도 영암군 군서면 도장리,1962-01-01,1962-12-28,2,보조수원,15,1.5,1.49,7,10,100,필댐(죤형),3780,100,4.4,26.4,24,2.4,사통형,8.5,8,7,061-470-5515
4683010144,전남,영암,화송,전라남도 영암군 서호면 화송리,1944-01-01,1945-12-31,2,보조수원,23,1.3,1.22,10,7,100,필댐(죤형),5734,120,4.8,24.5,24.5,0,사통형,17.7,17.3,14.1,061-470-5515
4683010145,전남,영암,청용,전라남도 영암군 서호면 청용리,1944-01-01,1945-12-31,2,보조수원,220,7.2,6.9,50,7,100,필댐(죤형),6048,70,6.3,232.1,232.1,0,사통형,37.8,37.4,32.5,061-470-5515
4683010148,전남,영암,괴음,전라남도 영암군 서호면 장천리,2007-12-26,2012-12-31,2,보조수원,78,1.6,1.53,18,7,100,필댐(죤형),25800,120,10,49,49,0,사통형,28.8,28.5,21.5,061-470-5515
4683010149,전남,영암,장동,전라남도 영암군 서호면 장천리,1964-01-01,1965-12-30,2,보조수원,160,1.7,1.67,40,7,100,필댐(죤형),15576,110,6.6,46.7,46.7,0,사통형,90.4,90.1,85.6,061-470-5515
4683010150,전남,영암,영풍,전라남도 영암군 서호면 쌍풍리,1944-01-01,1945-12-31,2,보조수원,99,2.1,2.07,30,7,100,필댐(죤형),8844,110,10.3,86.8,86.8,0,사통형,63.81,63.3,54.8,061-470-5515
4683010151,전남,영암,허교1,전라남도 영암군 서호면 엄길리,1944-01-01,1945-12-31,2,보조수원,22,0.8,0.76,4.6,7,100,필댐(죤형),4938,65,5.5,17.1,17.1,0,사통형,13.7,13.4,9.7,061-470-5515
4683010152,전남,영암,허교2,전라남도 영암군 서호면 쌍풍리,1944-01-01,1945-12-31,2,보조수원,11,0.7,0.68,13.2,7,100,필댐(죤형),8340,100,6,15,15,0,사통형,20.7,20.5,17,061-470-5515
4683010153,전남,영암,신풍,전라남도 영암군 서호면 쌍풍리,1967-01-01,1967-12-29,2,보조수원,21,0.36,0.35,5,7,100,필댐(죤형),4284,40,6.8,11.2,11.2,0,사통형,28.7,28.4,23.4,061-470-5515
4683010155,전남,영암,학파2,전라남도 영암군 서호면 소산리,1936-01-01,1938-12-30,1,주수원,430,18.46,11.63,114.6,10,100,필댐(죤형),35528,426,5.2,525.1,525.1,0,사통형,4.3,4,0.32,061-470-5515
4683010158,전남,영암,금강,전라남도 영암군 서호면 태백리,1944-01-01,1945-12-31,2,보조수원,150.89,3.46,3.45,36,7,100,필댐(죤형),14160,110,5.8,117.7,116.1,1.6,사통형,14,13.8,9.8,061-470-5515
4683010159,전남,영암,태백,전라남도 영암군 서호면 태백리,1944-01-01,1945-12-31,2,보조수원,78,2.42,2.18,40,7,100,필댐(죤형),37315,135,9.7,79.9,79.9,0,사통형,20.67,20.47,13.3,061-470-5515
4683010160,전남,영암,쌍암,전라남도 영암군 학산면 상월리,1944-01-01,1945-12-31,2,보조수원,46,1.59,1.58,16.1,7,100,필댐(죤형),6750,150,4.8,43.9,43.9,0,사통형,84.06,83.78,79.8,061-470-5515
4683010161,전남,영암,율치,전라남도 영암군 학산면 상월리,2010-11-16,2012-12-31,1,주수원,1006,46.34,44.57,280.7,10,240,필댐(죤형),123555,183,20.5,3600,3551,49,취수탑형,63,61.8,49,061-470-5515
4683010164,전남,영암,안골,전라남도 영암군 학산면 용산리,1944-01-01,1945-12-31,2,보조수원,16,1.05,1.04,3.7,7,100,필댐(죤형),2393,40,6.7,23.3,23.3,0,사통형,37.2,36.9,32.4,061-470-5515
4683010170,전남,영암,개천(계천),전라남도 영암군 학산면 금계리,1947-01-01,1948-12-30,2,보조수원,8,0.6,0.56,5.7,7,100,필댐(죤형),8365,100,7,14.3,14.3,0,사통형,25.4,25.1,21.8,061-470-5515
4683010171,전남,영암,신풍,전라남도 영암군 학산면 금계리,1947-01-01,1948-12-30,2,보조수원,32,2.25,2.21,12,7,100,필댐(죤형),4868,95,4.8,45.6,45.6,0,사통형,25.1,24.6,21.6,061-470-5515
4683010173,전남,영암,광산,전라남도 영암군 학산면 독천리,1945-01-01,1945-12-31,2,보조수원,20,0.56,0.51,9.9,7,100,필댐(죤형),7622,148,5.8,12.1,12.1,0,사통형,12.1,11.8,8,061-470-5515
4683010174,전남,영암,신덕상,전라남도 영암군 학산면 신덕리,1968-01-01,1969-12-31,2,보조수원,98,1.6,1.59,20,7,100,필댐(죤형),28644,186,12.1,58.8,58.8,0,사통형,32.1,31.8,23.8,061-470-5515
4683010175,전남,영암,신덕,전라남도 영암군 학산면 신덕리,1968-01-01,1969-12-30,2,보조수원,106,4,3.9,40,7,100,필댐(죤형),28242,110,11.8,204.3,204.3,0,사통형,31,30.7,20.7,061-470-5515
4683010182,전남,영암,장수,전라남도 영암군 미암면 두억리,2008-11-20,2011-12-30,2,보조수원,56,3.1,2.09,21.3,7,100,필댐(죤형),11568,228,6,58,58,0,사통형,46.97,46.6,43.1,061-470-5515
4683010183,전남,영암,지소,전라남도 영암군 학산면 학계리,1944-01-01,1945-12-31,2,보조수원,112,1.52,1.45,21.3,7,100,필댐(죤형),8896,98,8.5,54.7,54.7,0,사통형,52.6,52.2,46.2,061-470-5515
4683010184,전남,영암,미암,전라남도 영암군 미암면 미암리,1943-01-01,1945-12-31,2,보조수원,80,4.67,4.66,25,7,100,필댐(죤형),12394,88,8,151,151,0,사통형,53.1,52.8,46.8,061-470-5515
4683010185,전남,영암,산정,전라남도 영암군 미암면 미암리,1944-01-01,1945-12-31,2,보조수원,33,1.95,1.5,17.5,7,100,필댐(죤형),14003,239,5.8,42.4,42.4,0,사통형,29.3,29,25,061-470-5515
4683010186,전남,영암,노송,전라남도 영암군 미암면 선황리,1945-01-01,1945-12-31,2,보조수원,10,0.55,0.54,9,7,100,필댐(죤형),10276,124,5.6,13.5,13.5,0,사통형,23.4,23.1,19.3,061-470-5515
4683010187,전남,영암,미촌,전라남도 영암군 미암면 미암리,1964-01-01,1965-12-31,2,보조수원,25,0.63,0.62,14,7,100,필댐(죤형),16403,77,8,39,39,0,사통형,72.8,72.5,66.5,061-470-5515
4683010188,전남,영암,대초,전라남도 영암군 미암면 선황리,1944-01-01,1945-12-31,2,보조수원,35,15.1,15.05,18,7,100,필댐(죤형),4820,142,3.8,15.7,15.6,0.1,사통형,15.2,14.9,12.9,061-470-5515
4683010189,전남,영암,채지,전라남도 영암군 미암면 채지리,1944-01-01,1945-12-31,2,보조수원,44,1.92,1.83,14,7,100,필댐(죤형),12180,105,6.1,55.2,55.2,0,사통형,27.72,26.9,21.9,061-470-5515
4683010190,전남,영암,당리,전라남도 영암군 미암면 선황리,1966-01-01,1968-12-30,2,보조수원,16,1.9,1.8,13,7,100,필댐(죤형),26845,70,6,20.9,20.9,0,사통형,34.3,34,30,061-470-5515
4683010191,전남,영암,남산1,전라남도 영암군 미암면 남산리,1945-01-01,1945-12-31,2,보조수원,82,1.35,1.3,10.2,7,100,필댐(죤형),13800,110,9,50.7,50.7,0,사통형,33.7,33.2,26.2,061-470-5515
4683010193,전남,영암,부암,전라남도 영암군 미암면 남산리,1968-01-01,1970-12-31,2,보조수원,82,1.53,1.52,10.2,7,100,필댐(죤형),3276,110,3.7,35.5,35.5,0,사통형,12.6,12.4,9.4,061-470-5515
4683010196,전남,영암,춘동,전라남도 영암군 미암면 춘동리,1943-01-01,1945-12-31,1,보조수원,276,23,22.17,105,7,100,필댐(죤형),41820.6,433,4.65,579.2,579.2,0,사통형,7.1,6.3,2.8,061-470-5515
4683010197,전남,영암,율리,전라남도 영암군 미암면 선황리,1944-01-01,1945-12-31,2,보조수원,22,0.6,0.59,6.7,7,100,필댐(죤형),2997,72,5.32,7.7,7.7,0,사통형,65.32,65,62.48,061-470-5515
4683010199,전남,영암,신한,전라남도 영암군 삼호읍 서창리,1944-01-01,1945-12-31,2,보조수원,22,1.1,1,8,7,100,필댐(죤형),6108,112,6.5,28.9,28.9,0,사통형,28.6,28.3,23.3,061-470-5515
4683010200,전남,영암,신포,전라남도 영암군 미암면 신포리,1944-01-01,1945-12-31,2,보조수원,40,1.8,1.73,15.4,7,100,필댐(죤형),11529,122,5,36.8,36.8,0,사통형,15.7,15.4,12.4,061-470-5515
4683010201,전남,영암,큰골,전라남도 영암군 삼호읍 서창리,1944-01-01,1945-12-31,2,보조수원,22,1.35,1.2,10.5,7,100,필댐(죤형),3825,110,5,22.6,22.6,0,사통형,17.9,17.7,14.2,061-470-5515
4683010202,전남,영암,서창,전라남도 영암군 삼호읍 망산리,1944-01-01,1945-12-31,1,보조수원,203,33,32.55,87,10,100,필댐(죤형),47332,250,4.2,784.5,784.5,0,사통형,3.9,3.6,1.8,061-470-5515
4683010205,전남,영암,방아틀,전라남도 영암군 삼호읍 서창리,1967-01-02,1968-12-30,2,보조수원,10,0.5,0.49,6.5,7,100,필댐(죤형),4488,100,5,12.1,12.1,0,사통형,14.2,13.9,10.7,061-470-5515
4683010207,전남,영암,목우천,전라남도 영암군 삼호읍 서호리,1967-01-02,1968-12-30,2,보조수원,18,0.55,0.52,6,7,100,필댐(죤형),4320,80,3.8,7.4,7.4,0,사통형,8,7.8,5.8,061-470-5515
4683010216,전남,영암,감치,전라남도 영암군 삼호읍 동호리,1968-01-01,1968-12-31,2,보조수원,8,0.65,0.64,6.6,7,100,필댐(죤형),3304,95,4.7,13.4,13.4,0,사통형,4.4,4.2,1,061-470-5515
4683010217,전남,영암,송죽정,전라남도 영암군 삼호읍 서호리,1968-01-01,1968-12-30,2,보조수원,12,0.79,0.78,5,7,100,필댐(죤형),3113,94,3.6,14,14,0,사통형,5.9,5.7,2.9,061-470-5515
4683010218,전남,영암,동역,전라남도 영암군 삼호읍 동호리,1967-01-02,1968-12-30,2,보조수원,7,0.75,0.7,4,7,100,필댐(죤형),4687,75,5.5,12.2,12.2,0,사통형,6.9,6.7,3,061-470-5515
4683010224,전남,영암,신호정,전라남도 영암군 삼호읍 산호리,1967-01-01,1968-12-31,2,보조수원,17,2.01,2,15,7,100,필댐(죤형),9100,140,4,30.56,30.56,0,사통형,9.1,8.9,6.9,061-470-5515
4683010225,전남,영암,윗방죽,전라남도 영암군 삼호읍 용앙리,1967-01-01,1968-12-30,2,보조수원,46,3,2.94,35,7,100,필댐(죤형),11520,320,4.05,59.1,59.1,0,사통형,9.29,8.89,5.95,061-470-5515
4683010226,전남,영암,아래(아래방죽),전라남도 영암군 삼호읍 용앙리,1967-01-02,1968-12-30,2,보조수원,26,3,2.9,8,7,100,필댐(죤형),4340,124,3.5,70,70,0,사통형,8.3,8.1,4.9,061-470-5515
4683010232,전남,영암,검길,전라남도 영암군 삼호읍 난전리,1968-01-01,1968-12-30,2,보조수원,9,0.7,0.56,9,7,100,필댐(죤형),1522,87,4,10.8,10.8,0,사통형,8.4,8.2,5.7,061-470-5515
4683010233,전남,영암,가내항,전라남도 영암군 삼호읍 삼포리,1945-01-01,1945-12-28,2,보조수원,14,1,0.9,8,7,200,필댐(죤형),2576,80,5.2,14.5,14.5,0,사통형,6.4,5.9,2.7,061-470-5515
4683010235,전남,영암,영호정,전라남도 영암군 삼호읍 삼포리,1943-01-01,1945-12-31,2,보조수원,69,1.98,1.97,23,7,100,필댐(죤형),17820,330,3.8,36.5,36.5,0,기타,6.98,6.68,4.2,061-470-5515
4683010238,전남,영암,신촌,전라남도 영암군 삼호읍 용당리,1967-01-01,1968-12-30,2,보조수원,29,5.8,5.78,5.7,7,100,필댐(죤형),6210,230,3.2,70.5,70.5,0,기타,3.5,3.3,1.3,061-470-5515
4683010242,전남,영암,연소,전라남도 영암군 금정면 연소리,1996-05-13,2001-02-20,1,주수원,395,11.63,10.81,80.5,10,200,필댐(죤형),214590,197,29.1,1088.3,920.01,168.29,사통형,217.5,216.3,195.3,061-470-5515
4684010002,전남,목포.무안.신안,복용,전라남도 무안군 무안읍 성동리,1943-04-30,1945-04-29,2,주수원,125,6,5,14.4,10,100,필댐(죤형),24682,123,10.6,161.88,153.77,8.11,사통형,32.5,31.7,26,061-260-5530
4684010003,전남,목포.무안.신안,성동,전라남도 무안군 무안읍 성동리,1972-04-10,1975-04-09,2,주수원,107,8.4,7,63,10,100,필댐(죤형),52616,133,14.3,270.93,269.84,1.09,사통형,56.8,56.15,47,061-260-5530
4684010004,전남,목포.무안.신안,대곡,전라남도 무안군 무안읍 성남리,1943-03-15,1945-03-14,2,주수원,180,4.8,4,45.7,10,100,필댐(죤형),30189,96,13.4,124.22,117.56,6.66,사통형,41.8,41,35,061-260-5530
4684010006,전남,목포.무안.신안,용월,전라남도 무안군 무안읍 용월리,1957-04-02,1959-12-25,2,주수원,85,6,5,27.3,10,100,필댐(죤형),17850,140,8.5,114.6,104.86,9.74,사통형,24,23.5,20,061-260-5530
4684010007,전남,목포.무안.신안,용암,전라남도 무안군 무안읍 용월리,1957-05-06,1960-05-05,2,보조수원,28,3.6,3,5,10,100,필댐(죤형),8745,270,4.1,41.2,22,19.2,사통형,10.4,9.9,9,061-260-5530
4684010012,전남,목포.무안.신안,도산,전라남도 무안군 무안읍 매곡리,1950-04-10,1954-04-09,2,주수원,110,6,5,43.9,10,100,필댐(죤형),44700,223,5.5,106.95,98,8.95,사통형,43.5,43,40,061-260-5530
4684010014,전남,목포.무안.신안,성암,전라남도 무안군 몽탄면 다산리,1967-10-02,1968-10-01,2,보조수원,470,6,5,70,10,100,필댐(죤형),20992,168,11.2,203.95,192.81,11.14,사통형,25.19,24.69,19,061-260-5530
4684010015,전남,목포.무안.신안,청호,전라남도 무안군 일로읍 청호리,1952-11-05,1954-01-01,2,보조수원,45,1.32,1.1,16,10,100,필댐(죤형),7721,93,6.4,41.3,37.57,3.73,사통형,19.1,18.5,15,061-260-5530
4684010017,전남,목포.무안.신안,망월,전라남도 무안군 일로읍 망월리,1943-03-15,1945-03-14,2,보조수원,62,3.84,3.2,7,10,100,필댐(죤형),19824,129,5.4,8,6.82,1.18,사통형,4.5,4,3,061-260-5530
4684010020,전남,목포.무안.신안,망월동,전라남도 무안군 일로읍 망월리,1968-03-25,1969-03-24,2,보조수원,6,1.2,1,4,10,100,필댐(죤형),3438,49,5.2,40.4,35.62,4.78,사통형,9.5,9,6,061-260-5530
4684010021,전남,목포.무안.신안,죽산1,전라남도 무안군 일로읍 죽산리,1943-04-14,1944-12-31,2,보조수원,73,3.24,2.7,16,10,100,필댐(죤형),17636,231,6.1,99,98.72,0.28,사통형,31.4,30.67,27,061-260-5530
4684010023,전남,목포.무안.신안,죽산2,전라남도 무안군 일로읍 죽산리,1967-02-15,1969-01-01,2,보조수원,45,4.56,3.8,6,10,100,필댐(죤형),4191,71.5,5,27.3,25,2.3,사통형,29.8,29.16,26,061-260-5530
4684010024,전남,목포.무안.신안,삼천,전라남도 무안군 일로읍 구정리,1943-04-30,1945-04-29,2,보조수원,66,3.84,3.2,19,10,100,필댐(죤형),8816,95,6.8,71.3,68.19,3.11,사통형,25.09,24.59,21,061-260-5530
4684010025,전남,목포.무안.신안,용산,전라남도 무안군 일로읍 용산리,1944-05-15,1946-05-14,2,보조수원,27,1.2,1,9,10,100,필댐(죤형),5634,133,4.4,8.4,8.3,0.1,사통형,26.23,25.73,24,061-260-5530
4684010031,전남,목포.무안.신안,지장,전라남도 무안군 일로읍 지장리,1945-03-14,1948-01-01,2,보조수원,197,12,10,45,10,100,필댐(죤형),17371,160,8,222.6,216.03,6.57,사통형,26.6,25.97,22,061-260-5530
4684010033,전남,목포.무안.신안,감돈,전라남도 무안군 일로읍 감돈리,1942-03-02,1943-03-30,1,주수원,1005,48,40,133.1,10,100,필댐(죤형),170140,376,14.2,1728,1692,36,취수탑형,33.3,32,24,061-260-5530
4684010035,전남,목포.무안.신안,과동,전라남도 무안군 삼향읍 임성리,1943-02-15,1945-02-14,2,주수원,81,4.8,4,22.4,10,100,필댐(죤형),21823,135,8.2,99.6,89.73,9.87,사통형,28.5,27.5,24,061-260-5530
4684010039,전남,목포.무안.신안,안동,전라남도 무안군 삼향읍 남악리,1966-07-25,1968-07-24,2,보조수원,39,1.2,1,8,10,100,필댐(죤형),2412,72,3.7,4.1,3.5,0.6,사통형,24.5,24,23,061-260-5530
4684010041,전남,목포.무안.신안,맥포,전라남도 무안군 삼향읍 용포리,1945-03-19,1948-03-18,1,보조수원,287,21.6,18,115,10,100,필댐(죤형),43401,254,8.2,515,515,0,사통형,12.1,11.5,5,061-260-5530
4684010046,전남,목포.무안.신안,남양,전라남도 무안군 삼향읍 왕산리,1943-02-08,1945-02-07,2,주수원,340,16.8,14,47.4,10,100,필댐(죤형),13774,230,4.9,296.5,251.82,44.68,사통형,10.1,9.5,7,061-260-5530
4684010047,전남,목포.무안.신안,복구,전라남도 무안군 삼향읍 왕산리,1943-03-08,1945-03-07,2,주수원,45,1.2,1,3.9,10,100,필댐(죤형),1620,91,6.7,8,6.85,1.15,사통형,10.3,9.8,9,061-260-5530
4684010056,전남,목포.무안.신안,양동,전라남도 무안군 몽탄면 내리,1966-04-18,1969-04-17,2,보조수원,42,3,2.5,14,10,100,필댐(죤형),7362,95,5.4,7.8,6.7,1.1,사통형,34.4,33.9,33,061-260-5530
4684010065,전남,목포.무안.신안,사천,전라남도 무안군 몽탄면 사천리,1968-04-22,1970-04-21,1,주수원,256,10.92,9.1,74.7,10,100,필댐(죤형),71351,176,13.2,665,648.62,16.38,사통형,40.5,40,28,061-260-5530
4684010067,전남,목포.무안.신안,남천,전라남도 무안군 몽탄면 내리,1967-03-27,1968-03-26,2,보조수원,35,3.24,2.7,15,10,100,필댐(죤형),16913,115,8.7,12.1,10.33,1.77,사통형,44,43.5,41,061-260-5530
4684010071,전남,목포.무안.신안,학산,전라남도 무안군 몽탄면 학산리,1967-11-09,1969-01-01,2,보조수원,27,1.68,1.4,7,10,100,필댐(죤형),16884,134,8,27.2,25,2.2,사통형,37.9,37.26,33,061-260-5530
4684010072,전남,목포.무안.신안,구리,전라남도 무안군 몽탄면 학산리,1968-02-26,1969-02-25,2,보조수원,13,3.84,3.2,16,10,100,필댐(죤형),13440,280,4,24.1,24.03,0.07,사통형,6,5.5,3.5,061-260-5530
4684010073,전남,목포.무안.신안,다산,전라남도 무안군 몽탄면 다산리,1968-02-19,1969-02-18,2,보조수원,53,3.96,3.3,21,10,100,필댐(죤형),18383,146,9,41.8,31.76,10.04,사통형,99.2,98.83,93,061-260-5530
4684010074,전남,목포.무안.신안,사창,전라남도 무안군 몽탄면 사창리,1968-07-15,1969-07-14,2,보조수원,88,3.48,2.9,52,10,100,필댐(죤형),3242,173,2.3,22.4,22,0.4,사통형,21,20.6,19,061-260-5530
4684010075,전남,목포.무안.신안,봉산,전라남도 무안군 무안읍 성암리,1966-03-10,1967-03-14,2,보조수원,114,5.04,4.2,50,10,100,필댐(죤형),13500,100,10,192.63,191.75,0.88,사통형,36.6,35.89,29,061-260-5530
4684010080,전남,목포.무안.신안,청계,전라남도 무안군 청계면 청계리,1943-03-16,1945-12-31,1,주수원,90,1.8,1.5,9,10,100,필댐(죤형),22400,184,18,302.12,300.22,1.9,사통형,70.3,69.46,57,061-260-5530
4684010082,전남,목포.무안.신안,남성,전라남도 무안군 청계면 남성리,1943-02-15,1945-02-14,2,주수원,42,1.2,1,4,10,100,필댐(죤형),6323,65,5.9,20.5,17.82,2.68,사통형,44.5,44,41,061-260-5530
4684010083,전남,목포.무안.신안,평림,전라남도 무안군 청계면 상마리,1943-01-01,1944-12-31,2,주수원,25,2.4,2,5,10,100,필댐(죤형),5891,105,5.2,15,14.82,0.18,사통형,56.3,55.75,52,061-260-5530
4684010093,전남,목포.무안.신안,도대,전라남도 무안군 청계면 도대리,1943-04-05,1945-04-04,2,주수원,28,2.4,2,19.3,10,100,필댐(죤형),7288,137,5.1,14.59,11.86,2.73,사통형,12.5,12,10,061-260-5530
4684010095,전남,목포.무안.신안,서호,전라남도 무안군 청계면 서호리,1943-06-08,1945-06-07,2,주수원,55,1.92,1.6,14.7,10,100,필댐(죤형),7908,123,5.2,29.96,27.01,2.95,사통형,99.7,99.2,97,061-260-5530
4684010096,전남,목포.무안.신안,송현,전라남도 무안군 청계면 송현리,1945-06-11,1946-06-10,2,주수원,28,1.8,1.5,14.2,10,100,필댐(죤형),6186,84,6.1,44.8,42.08,2.72,사통형,69,68.41,64,061-260-5530
4684010097,전남,목포.무안.신안,청수,전라남도 무안군 청계면 청수리,1957-04-11,1960-01-01,2,주수원,130,4.8,4,38.8,10,100,필댐(죤형),23784,118,10.9,220.4,217.59,2.81,사통형,69,68.3,61,061-260-5530
4684010098,전남,목포.무안.신안,태봉,전라남도 무안군 청계면 태봉리,1943-01-01,1944-12-31,2,주수원,50,1.2,1,4.6,10,100,필댐(죤형),21100,84,7.1,32.2,32.02,0.18,사통형,52.2,51.61,47,061-260-5530
4684010099,전남,목포.무안.신안,이동,전라남도 무안군 청계면 태봉리,1968-03-01,1969-12-26,1,주수원,157,7.2,6,37.9,10,100,필댐(죤형),23600,138,12.2,419.2,418.61,0.59,사통형,76,75.29,61,061-260-5530
4684010101,전남,목포.무안.신안,사마,전라남도 무안군 청계면 사마리,1943-03-15,1945-03-14,2,주수원,23,1.2,1,3.4,10,100,필댐(죤형),17338,78,6.6,16.4,16.12,0.28,사통형,99.3,98.7,94,061-260-5530
4684010105,전남,목포.무안.신안,현경,전라남도 무안군 현경면 동산리,1951-04-18,1954-12-31,2,주수원,160,13.2,11,34,10,100,필댐(죤형),16221,338,5.3,152.68,90,62.68,사통형,3.4,2.8,1.8,061-260-5530
4684010126,전남,목포.무안.신안,망운,전라남도 무안군 망운면 목동리,1943-02-15,1945-02-14,2,주수원,150,10.8,9,39.6,10,100,필댐(죤형),18996,213,6.8,130.62,101.52,29.1,사통형,7.6,6.8,5,061-260-5530
4684010156,전남,목포.무안.신안,해제6호,전라남도 무안군 해제면 임수리,1945-04-11,1946-12-31,2,주수원,32,1.2,1,8.9,10,100,필댐(죤형),30611,103,9,64.59,63.59,1,사통형,6.8,6.2,2.5,061-260-5530
4684010157,전남,목포.무안.신안,해제1호,전라남도 무안군 해제면 광산리,1942-09-17,1944-12-31,2,주수원,51,3.6,3,34.6,10,100,필댐(죤형),78040,135,4.5,90,90,0,사통형,34.3,33.9,24.6,061-260-5530
4684010158,전남,목포.무안.신안,해제2호,전라남도 무안군 해제면 광산리,1943-03-01,1944-12-31,2,주수원,32,1.2,1,7,10,100,필댐(죤형),14320,104,8.5,13.79,11.6,2.19,사통형,2.9,2.6,1,061-260-5530
4684010159,전남,목포.무안.신안,해제3호,전라남도 무안군 해제면 광산리,1943-03-01,1944-12-31,2,주수원,28,1.2,1,5.9,10,100,필댐(죤형),9520,85,4,12.44,12.02,0.42,사통형,3.8,3.45,1,061-260-5530
4684010160,전남,목포.무안.신안,해제4호,전라남도 무안군 해제면 광산리,1943-03-01,1945-12-31,2,주수원,29,2.4,2,12.1,10,100,필댐(죤형),17038,126,8.5,35,30,5,사통형,5.6,5.1,2.5,061-260-5530
4684010161,전남,목포.무안.신안,해제1-1호,전라남도 무안군 해제면 광산리,1942-10-14,1944-12-31,2,보조수원,20.2,1.2,1,5,5,100,필댐(죤형),8816,81,7,10.42,10,0.42,사통형,37.3,37,34.5,061-260-5530
4684010164,전남,목포.무안.신안,해제5호,전라남도 무안군 해제면 산길리,1943-03-01,1945-01-01,2,주수원,35,1.2,1,4.1,10,100,필댐(죤형),10986,114,7,7.4,7.4,0,사통형,7.5,7,6,061-260-5530
4684010183,전남,목포.무안.신안,일로2,전라남도 무안군 몽탄면 양장리,1943-05-11,1944-12-31,1,보조수원,560,49.2,41,326,10,100,필댐(죤형),51453,275,9.3,1635.95,1622.99,12.96,사통형,35.3,34.3,27,061-260-5530
4684010186,영산강사업단,본부직할,평산,전라남도 무안군 현경면 평산리,2001-12-15,2011-12-09,1,주수원,25,10.4,10,0,0,10,필댐(죤형),573000,540,19.6,814,791,23,사통형,40.2,39.6,29,061-270-6454
4686010028,전남,함평,월천,전라남도 함평군 손불면 월천리,1921-01-01,1926-01-01,1,주수원,1308,55,50.7,356.3,10,200,필댐(죤형),124722,742,7.8,2208.92,2203.75,5.17,취수탑형,11.4,10.4,5,061-320-5205
4686010039,전남,함평,목교,전라남도 함평군 손불면 궁산리,1923-01-01,1929-01-01,1,주수원,1125,36.6,28.3,89.2,10,200,필댐(죤형),33337,476,6.5,333.2,333.2,0,사통형,3.42,2.92,-0.1,061-320-5205
4686010043,전남,함평,산남,전라남도 함평군 손불면 산남리,1960-01-01,1961-01-01,1,보조수원,260,16,15.79,99.2,10,200,필댐(죤형),46220,440,6,450.39,447,3.39,사통형,16.17,15,10.2,061-320-5205
4686010048,전남,함평,동정,전라남도 함평군 신광면 동정리,1966-03-01,1968-01-01,1,주수원,525,31.32,17.6,151.1,10,200,필댐(죤형),99531,185,14.6,852.5,852.5,0,사통형,60.4,59.4,49,061-320-5205
4686010068,전남,함평,송림,전라남도 함평군 학교면 죽정리,1953-01-01,1957-01-01,2,주수원,24,1.2,1.09,32.9,10,200,필댐(죤형),15015,88,7.5,21.24,21.2,0.04,사통형,25,24,19,061-320-5205
4686010070,전남,함평,반곡,전라남도 함평군 학교면 금송리,1944-01-01,1945-01-01,2,주수원,170,7.86,6.93,31.8,10,200,필댐(죤형),34650,210,5.5,216,216,0,사통형,6.4,5.4,4,061-320-5205
4686010074,전남,함평,원곡1,전라남도 함평군 학교면 곡창리,1953-01-01,1957-01-01,2,주수원,37,0.72,0.7,17.9,10,200,필댐(죤형),1681,117,2.5,1.9,1.9,0,사통형,26.5,25.5,25,061-320-5205
4686010075,전남,함평,원곡2,전라남도 함평군 학교면 곡창리,1967-01-01,1968-01-01,2,주수원,16,0.43,0.43,14.5,10,200,필댐(죤형),6118,72,9.8,8.4,8.4,0,사통형,29.2,28.2,25,061-320-5205
4686010081,전남,함평,청수,전라남도 함평군 학교면 마산리,1940-01-01,1942-01-01,2,주수원,108,3.47,5.6,40,10,200,필댐(죤형),30789,156,8.6,152.1,152.1,0,사통형,14,13,8,061-320-5205
4686010091,전남,함평,영천,전라남도 함평군 엄다면 영흥리,1944-01-01,1945-01-01,2,보조수원,24,3,2.5,0.1,10,100,필댐(죤형),1250,100,2,4,4,0,사통형,6.3,5.5,4.8,061-320-5205
4686010103,전남,함평,강운,전라남도 함평군 대동면 강운리,1971-01-01,1973-01-01,1,주수원,149.8,10.99,10.18,72.4,10,200,필댐(죤형),172631,316,21.3,696.9,650.3,46.6,사통형,73.1,72.1,60,061-320-5205
4686010106,전남,함평,용성,전라남도 함평군 대동면 용성리,1974-01-01,1975-01-01,2,주수원,171,10.96,7.5,43.8,10,200,필댐(죤형),89037,125,18,130.6,130.6,0,사통형,7.8,6.8,4,061-320-5205
4686010107,전남,함평,대동,전라남도 함평군 대동면 운교리,1941-03-01,1946-01-01,1,주수원,4918,125,121,962.9,10,200,필댐(죤형),234000,333,16,7532,7502.1,29.9,취수탑형,36.2,35.6,24,061-320-5205
4686010117,전남,함평,석지,전라남도 함평군 나산면 이문리,1944-01-01,1945-01-01,2,보조수원,50,1.2,1.1,10,10,200,필댐(죤형),6755,81,6,22.1,22.1,0,사통형,43.9,42.9,40,061-320-5205
4686010122,전남,함평,수양,전라남도 함평군 나산면 용두리,1967-08-01,1969-01-01,2,보조수원,140,3.26,2.46,15,10,200,필댐(죤형),13350,117,7,129.6,95.6,34,사통형,39,38,33,061-320-5205
4686010123,전남,함평,강천,전라남도 함평군 나산면 우치리,1943-09-04,1945-01-01,2,보조수원,80,9.47,4.84,45,10,200,필댐(죤형),51300,220,14,196.7,196.7,0,사통형,63.7,62.7,54,061-320-5205
4686010124,전남,함평,계동,전라남도 함평군 나산면 우치리,1943-02-01,1945-01-01,2,보조수원,50,1.98,1.9,20,10,200,필댐(죤형),12610,105,7.2,28.2,27.88,0.32,사통형,58,57.92,52.54,061-320-5205
4686010125,전남,함평,초포,전라남도 함평군 나산면 초포리,1944-01-01,1945-01-01,2,보조수원,80,21.8,1.8,1.5,10,200,필댐(죤형),5488,160,3.5,9.16,8.5,0.66,사통형,25.5,25,24,061-320-5205
4686010126,전남,함평,월봉,전라남도 함평군 나산면 월봉리,1944-01-01,1945-01-01,2,보조수원,50,3.05,3,25,10,200,필댐(죤형),18489,214,6,59,59,0,사통형,38.3,37.3,33,061-320-5205
4686010132,전남,함평,대창,전라남도 함평군 해보면 대창리,1944-03-01,1945-01-01,2,보조수원,40,3.8,2.86,30,10,200,필댐(죤형),4221,285,2.3,35.4,35.4,0,사통형,29.8,29.28,27.7,061-320-5205
4686010133,전남,함평,모산,전라남도 함평군 해보면 해보리,1943-03-01,1945-01-01,2,보조수원,70,4.8,3.2,30,10,200,필댐(죤형),8443,253,2.7,40.7,40.7,0,사통형,31.79,30.79,29.5,061-320-5205
4686010134,전남,함평,문암,전라남도 함평군 해보면 문장리,1943-01-01,1945-01-01,2,보조수원,50,3.4,3.1,25,10,200,필댐(죤형),6303,280,2.8,44.63,43.58,1.05,사통형,36.39,35.39,32.4,061-320-5205
4686010135,전남,함평,금덕,전라남도 함평군 해보면 금덕리,1942-03-01,1945-01-01,2,보조수원,110,7.73,4.91,40,10,100,필댐(죤형),15843,187,5.2,90,90,0,사통형,45.84,44.84,41.5,061-320-5205
4686010139,전남,함평,금계,전라남도 함평군 해보면 금계리,1956-03-01,1956-12-30,1,주수원,508,13.68,12.84,76,10,200,필댐(죤형),45630,260,12,656.6,656.6,0,사통형,73,72,61.5,061-320-5205
4686010145,전남,함평,내세,전라남도 함평군 월야면 용월리,1943-03-01,1945-01-01,2,보조수원,70,1.88,1.09,15,10,200,필댐(죤형),7037,131,4.7,10.1,10.1,0,사통형,42,41.6,40,061-320-5205
4686010146,전남,함평,방축,전라남도 함평군 월야면 용월리,1944-01-01,1945-01-01,2,보조수원,95,4.63,4.1,30,10,200,필댐(죤형),11967,278,3.5,59.5,59.5,0,사통형,32.22,31.72,30,061-320-5205
4686010147,전남,함평,덕령,전라남도 함평군 월야면 영월리,1943-01-01,1945-01-01,2,보조수원,60,2.24,1.28,15,10,200,필댐(죤형),9814,121,5.4,29.2,21.6,7.6,사통형,40.4,39.4,37,061-320-5205
4686010148,전남,함평,외치1,전라남도 함평군 월야면 외치리,1944-01-01,1945-01-01,2,보조수원,30,2,1.5,20,10,200,필댐(죤형),8999,123,6.2,21.62,21.62,0,사통형,48.9,47.9,45,061-320-5205
4686010149,전남,함평,외치2,전라남도 함평군 월야면 외치리,1944-01-01,1945-01-01,2,보조수원,50,0.96,0.9,6,10,200,필댐(죤형),10063,175,5,18.22,18.2,0.02,사통형,54,53,50,061-320-5205
4686010151,전남,함평,순촌,전라남도 함평군 월야면 월야리,1943-01-01,1945-01-01,2,보조수원,50,4.31,2.44,20,10,200,필댐(죤형),9844,230,4,47.97,47.33,0.64,사통형,35.4,34.9,33.3,061-320-5205
4686010152,전남,함평,연당,전라남도 함평군 월야면 월악리,1944-01-01,1945-01-01,2,보조수원,50,3.1,2.28,30,10,200,필댐(죤형),6512,136,5.7,22.1,19.6,2.5,사통형,42.9,42.4,40,061-320-5205
4686010153,전남,함평,예덕,전라남도 함평군 월야면 예덕리,1944-01-01,1945-01-01,2,보조수원,60,4.82,3.08,65.9,10,200,필댐(죤형),8931,149,5.4,47,47,0,사통형,60.8,59.8,57,061-320-5205
4686010155,전남,함평,용암,전라남도 함평군 월야면 용암리,1943-01-01,1945-01-01,2,보조수원,120,11.2,8.8,39.4,10,200,필댐(죤형),24417,231,7,104,104,0,사통형,49.2,48.2,43,061-320-5205
4686010156,전남,함평,용정,전라남도 함평군 월야면 용정리,1961-01-01,1962-01-01,2,보조수원,50,3.4,3.04,16.8,10,200,필댐(죤형),12386,160,5.9,51.49,46.71,4.78,사통형,52.8,52.3,49.6,061-320-5205
4686010158,전남,함평,용강,전라남도 함평군 월야면 월계리,1944-01-01,1945-01-01,2,보조수원,60,4.25,4.07,11.9,10,200,필댐(죤형),14384,199,5.2,47.6,45.13,2.47,사통형,50.19,49.19,45.5,061-320-5205
4686010159,전남,함평,송산,전라남도 함평군 해보면 산내리,1994-12-26,2001-12-31,1,보조수원,476,28.41,26.88,167.8,10,200,필댐(죤형),823142,226,34.42,2251.81,2233,18.81,취수탑형,79.3,78.3,60.5,061-320-5205
4687010010,전남,영광,칠성,전라남도 영광군 영광읍 덕호리,1922-01-01,1924-01-01,2,주수원,700,10.2,9.8,69.5,7,200,필댐(죤형),56270,1036,5.1,167,166.69,0.31,사통형,5.2,4.9,1.61,061-350-6500
4687010011,전남,영광,상돈,전라남도 영광군 영광읍 양평리,1942-01-01,1943-01-01,2,주수원,100,5.2,5,9.7,3,200,필댐(죤형),12004,180,5.5,42.37,41.5,0.87,사통형,9.35,8.8,6.17,061-350-6500
4687010012,전남,영광,신흥,전라남도 영광군 영광읍 신월리,1941-01-01,1942-01-01,2,주수원,70,2.1,2,1.3,3,200,필댐(죤형),3610,94,4,19.9,17.5,2.4,사통형,10.75,10.1,8.88,061-350-6500
4687010026,전남,영광,길용,전라남도 영광군 백수읍 길용리,1976-01-01,1979-01-01,1,주수원,620,33.36,31.76,281,10,200,필댐(죤형),191644,183,25.2,2845,2804,41,취수탑형,46,44.8,28.8,061-350-6500
4687010028,전남,영광,천정,전라남도 영광군 백수읍 천정리,1943-01-01,1945-01-01,2,주수원,246,10.7,10.2,89,3,200,필댐(죤형),29907,215,7.2,212.4,212.4,0,사통형,25.4,24.8,20.02,061-350-6500
4687010034,전남,영광,천마,전라남도 영광군 백수읍 천마리,1938-01-01,1939-01-01,2,주수원,115,2.2,2.1,22,5,200,필댐(죤형),47314,155,11,200.57,200.52,0.05,사통형,25.9,25.3,14.66,061-350-6500
4687010035,전남,영광,홍곡,전라남도 영광군 백수읍 홍곡리,1938-01-01,1939-01-01,1,주수원,290,9.5,9,104.6,3,200,필댐(죤형),95915,197,13.6,351.01,351,0.01,사통형,41.7,40.1,30.25,061-350-6500
4687010041,전남,영광,칠곡,전라남도 영광군 홍농읍 칠곡리,1928-01-01,1929-01-01,2,주수원,335,14,13,61,10,200,필댐(죤형),26457,201,6.5,269.9,264.9,5,사통형,6.15,5.9,1.36,061-350-6500
4687010052,전남,영광,남산,전라남도 영광군 대마면 남산리,1930-01-01,1932-01-01,1,주수원,380,10.5,10,175.9,10,200,필댐(죤형),222932,354,16.1,465.12,464.35,0.77,사통형,60.45,59.8,50.06,061-350-6500
4687010053,전남,영광,금곡,전라남도 영광군 대마면 월산리,1958-01-01,1960-01-01,2,주수원,134,1,1.2,16.3,3,200,필댐(죤형),70390,211,12,65.2,64.2,1,사통형,80.3,79.7,73.32,061-350-6500
4687010061,전남,영광,학동,전라남도 영광군 대마면 홍교리,1930-01-01,1943-01-01,2,주수원,85,5.3,5.1,20.6,3,200,필댐(죤형),61327,236,12.2,86.4,86.1,0.3,사통형,20.7,20.1,16.92,061-350-6500
4687010062,전남,영광,주교,전라남도 영광군 대마면 홍교리,1960-01-01,1961-01-01,2,주수원,66,3.2,3.1,31.1,10,200,필댐(죤형),9173,153,4.9,50.26,50.13,0.13,사통형,50.3,49.9,46.79,061-350-6500
4687010064,전남,영광,평금,전라남도 영광군 대마면 성산리,1942-01-01,1943-01-01,2,주수원,209,3.2,3.1,31.5,7,200,필댐(죤형),76838,345,9.6,107.19,107.02,0.17,사통형,35.7,35.1,27.58,061-350-6500
4687010065,전남,영광,대안,전라남도 영광군 대마면 성산리,1933-01-01,1935-01-01,2,주수원,80,1.8,1.7,39.8,3,200,필댐(죤형),32308,218,14,150.04,149.81,0.23,사통형,75.3,74.9,66.89,061-350-6500
4687010068,전남,영광,방축,전라남도 영광군 대마면 복평리,1914-01-01,1915-01-01,2,주수원,34,2,1.9,10.3,3,200,필댐(죤형),8130,118,5.3,23.9,23.4,0.5,사통형,45,44.8,41.2,061-350-6500
4687010070,전남,영광,복평,전라남도 영광군 대마면 복평리,1958-01-01,1959-01-01,2,주수원,30,0.35,1.3,8.9,3,200,필댐(죤형),7891,69,6.7,10.2,10.2,0,사통형,26.5,25.9,20.95,061-350-6500
4687010073,전남,영광,장등,전라남도 영광군 묘량면 덕흥리,1944-01-01,1945-01-01,2,주수원,27,2.8,2.7,7.7,3,200,필댐(죤형),7087,157,3.9,40.8,40.6,0.2,사통형,75.5,75.1,72.9,061-350-6500
4687010074,전남,영광,흥곡,전라남도 영광군 묘량면 덕흥리,1943-01-01,1944-01-01,2,주수원,97,1.75,1.7,30.8,10,200,필댐(죤형),33154,104,10.3,85,85,0,사통형,45.7,45.1,36.7,061-350-6500
4687010075,전남,영광,영촌,전라남도 영광군 묘량면 영양리,1945-01-01,1946-01-01,2,주수원,35,1.15,1.1,6,3,200,필댐(죤형),15632,92,8.7,35.5,35.4,0.1,사통형,55.7,55.2,48.7,061-350-6500
4687010076,전남,영광,보강,전라남도 영광군 묘량면 영양리,1945-01-01,1946-01-01,2,주수원,62,1.05,1,10.1,3,200,필댐(죤형),12537,62,9.2,45.5,45.5,0,사통형,50.3,49.9,45.07,061-350-6500
4687010078,전남,영광,운암,전라남도 영광군 묘량면 운당리,1945-01-01,1946-01-01,2,주수원,47,1.8,1.7,19.5,5,200,필댐(죤형),20348,205,6.9,44.1,44,0.1,사통형,47.75,47.1,42.5,061-350-6500
4687010083,전남,영광,몽강,전라남도 영광군 묘량면 삼효리,1945-01-01,1946-01-01,2,주수원,64,2.4,2.3,10,3,200,필댐(죤형),27813,161,8.9,49.92,49.7,0.22,사통형,47.35,46.8,42.1,061-350-6500
4687010086,전남,영광,신기,전라남도 영광군 묘량면 신천리,1940-01-01,1941-01-01,2,주수원,64,1.7,1.6,12.2,5,200,필댐(죤형),13536,120,6,36.39,36,0.39,사통형,80.2,79.8,76.2,061-350-6500
4687010087,전남,영광,용호,전라남도 영광군 묘량면 신천리,1942-01-01,1943-01-01,2,주수원,27,0.72,1.7,4.1,3,200,필댐(죤형),10240,82,7.5,19.2,18.99,0.21,사통형,90.4,89.9,84.34,061-350-6500
4687010089,전남,영광,삼산,전라남도 영광군 묘량면 삼학리,1943-06-04,1944-01-01,2,주수원,27,0.92,1.5,3,10,200,필댐(죤형),11247,109,6.7,10.3,10.25,0.05,사통형,90.5,90.1,87.23,061-350-6500
4687010091,전남,영광,청암,전라남도 영광군 묘량면 월암리,1942-01-01,1943-01-01,2,주수원,49,1.85,1.8,9.7,5,200,필댐(죤형),9741,69,7.8,19,18.7,0.3,사통형,90.75,90.2,86.47,061-350-6500
4687010097,전남,영광,불갑,전라남도 영광군 불갑면 녹산리,1983-02-18,2004-12-20,1,주수원,4680,220,202,3218,10,200,필댐(죤형),480000,460,19.8,16890,15200,1690,취수탑형,33.6,32.4,16,061-350-6500
4687010146,전남,영광,동고,전라남도 영광군 군남면 설매리,1944-01-01,1945-01-01,2,주수원,76,3.7,3.6,29.9,5,200,필댐(죤형),5757,115,4.5,75.3,75,0.3,사통형,15.5,15.1,10.23,061-350-6500
4687010148,전남,영광,장혈,전라남도 영광군 군남면 양덕리,1944-01-01,1945-01-01,2,주수원,17,1.25,1.2,9.1,10,200,필댐(죤형),6569,105,5.3,33.44,33.4,0.04,사통형,20.5,20.3,16.7,061-350-6500
4687010154,전남,영광,용암,전라남도 영광군 군남면 용암리,1971-01-01,1975-01-01,1,주수원,402,13.7,13.1,143.7,10,200,필댐(죤형),216644,261,17.3,763.27,762.9,0.37,사통형,55.7,54.9,41.4,061-350-6500
4687010164,전남,영광,명도,전라남도 영광군 염산면 상계리,1925-01-01,1930-01-01,2,주수원,170,9.8,9.6,16.5,3,200,필댐(죤형),17615,577,3.3,160.01,160.01,0,사통형,5.7,5.1,0.86,061-350-6500
4687010165,전남,영광,봉덕,전라남도 영광군 염산면 상계리,1924-01-01,1925-01-01,1,주수원,262,20.5,19,94.7,3,200,필댐(죤형),30576,390,5.6,629.23,628.5,0.73,사통형,6.1,5.2,1.2,061-350-6500
4687010167,전남,영광,봉양,전라남도 영광군 염산면 봉남리,1929-01-01,1930-01-01,1,주수원,168,11.5,11,67.2,3,200,필댐(죤형),75354,1322,5,560.37,560.37,0,사통형,5.75,5.1,0.16,061-350-6500
4687010168,전남,영광,구내,전라남도 영광군 염산면 봉남리,1928-01-01,1930-01-01,1,주수원,117,15.7,15,24.4,3,200,필댐(죤형),9105,163,4.2,315.57,315,0.57,사통형,5.4,4.8,1.2,061-350-6500
4687010169,전남,영광,노현,전라남도 영광군 염산면 신성리,1944-01-01,1945-01-01,2,주수원,6.2,2.3,2.2,11.9,10,200,필댐(죤형),6406,125,5,37.01,36.7,0.31,사통형,6,5.8,3.4,061-350-6500
4687010170,전남,영광,신대,전라남도 영광군 염산면 송암리,1944-01-01,1945-01-01,2,주수원,16,0.8,1.7,14.9,10,200,필댐(죤형),12980,158,6.2,17.61,17.4,0.21,사통형,15.3,14.7,10.74,061-350-6500
4687010176,전남,영광,오동,전라남도 영광군 염산면 오동리,1925-01-01,1930-01-01,1,주수원,900,59.5,57,290.2,3,200,필댐(죤형),152306,1075,7.7,1411.2,1407.65,3.55,사통형,5.7,5.1,0.86,061-350-6500
4687010181,전남,영광,옥실,전라남도 영광군 염산면 옥실리,1983-01-01,1986-01-01,1,주수원,186,34,33.1,138.8,10,200,필댐(죤형),58210,429,6.5,1088.8,1078.6,10.2,사통형,6,5.3,0.9,061-350-6500
4687010182,전남,영광,검산,전라남도 영광군 법성면 진내리,1927-01-01,1928-12-30,2,주수원,56,6,5.8,25.1,3,200,필댐(죤형),25667,296,5.66,95.25,93.84,1.41,사통형,5.6,5.4,2.32,061-350-6500
4687010183,전남,영광,영마,전라남도 영광군 대마면 송죽리,1999-09-20,2003-12-29,1,주수원,248,8.2,7.3,81.1,10,200,필댐(죤형),328938,202,24.35,554.12,532,22.12,취수탑형,94.35,93.15,78,061-350-6500
4687010340,전남,영광,상오,전라남도 영광군 염산면 오동리,2010-12-20,2013-12-30,1,주수원,123,5,4.85,58.4,10,200,필댐(코어형),260843,208,26.7,583,570,13,사통형,74.2,73.4,53,061-350-6500
4687010342,전남,영광,남산2,전라남도 영광군 대마면 남산리,2009-01-15,2018-12-07,1,주수원,286,7.2,6.82,176,0,200,필댐(죤형),0,153,28,473.6,462.77,10.83,사통형,121.8,120.6,108,061-350-6500
4688010002,전남,장성,유탕,전라남도 장성군 장성읍 유탕리,1958-01-01,1959-12-31,1,주수원,909,23.68,22.98,144.3,10,200,필댐(죤형),1720,245,27,2230,2150,80,취수탑형,122.8,121.3,101,061-390-8600
4688010008,전남,장성,장성호,전라남도 장성군 장성읍 용강리,1973-07-14,1976-10-10,1,주수원,12280,750,750,11139,10,500,필댐(죤형),1689000,620,38,103883,99707,4176,취수탑형,90.95,90.95,66.5,061-390-8600
4688010010,전남,장성,덕진,전라남도 장성군 장성읍 덕진리,1958-01-01,1959-12-30,2,주수원,136.2,6.3,1.87,36.2,10,200,필댐(죤형),1200,147,15.3,88.9,88.9,0,사통형,114,113,101,061-390-8600
4688010015,전남,장성,용동,전라남도 장성군 진원면 율곡리,1945-01-01,1945-12-31,2,보조수원,115,6,5.65,40,10,100,필댐(죤형),120,269,5,106.11,106.1,0.01,사통형,48.1,47.5,44,061-390-8600
4688010017,전남,장성,수촌,전라남도 장성군 진원면 산정리,1945-01-01,1945-12-31,2,보조수원,45,2.5,2.49,13,10,200,필댐(죤형),125,134,5,22.68,22.68,0,사통형,38.21,37.5,36.5,061-390-8600
4688010018,전남,장성,성문,전라남도 장성군 진원면 선적리,1971-01-01,1972-12-31,2,보조수원,63,2.58,1.71,43,10,200,필댐(죤형),560,203,10.2,35.2,35.2,0,사통형,104.5,103,95,061-390-8600
4688010019,전남,장성,선동,전라남도 장성군 진원면 선적리,1960-01-01,1960-12-30,2,보조수원,165,5,4.43,116.6,10,200,필댐(죤형),1320,234,16.1,231.6,231.6,0,사통형,114.9,114,100,061-390-8600
4688010020,전남,장성,궁구,전라남도 장성군 진원면 진원리,1960-01-01,1961-12-30,2,보조수원,18,3,2.57,56.3,10,200,필댐(죤형),210,462,6.5,51,51,0,사통형,83,82,77,061-390-8600
4688010021,전남,장성,진원,전라남도 장성군 진원면 진원리,1963-01-01,1964-12-24,1,보조수원,189,16.6,15.54,100,10,200,필댐(죤형),1750,186,29.2,960.3,852,108.3,사통형,116.9,116,100,061-390-8600
4688010023,전남,장성,학동,전라남도 장성군 진원면 상림리,1945-01-01,1947-12-30,2,보조수원,160,1.9,1.74,46,10,200,필댐(죤형),60,180,4.6,47.6,47.6,0,사통형,108.6,108,105,061-390-8600
4688010024,전남,장성,만수,전라남도 장성군 진원면 상림리,1948-01-01,1950-12-30,2,보조수원,110,6,4.74,51,10,200,필댐(죤형),160,203,5.8,66.3,66.3,0,사통형,42.8,42,38,061-390-8600
4688010027,전남,장성,죽분,전라남도 장성군 진원면 산정리,1945-01-01,1945-12-30,2,보조수원,38,3.1,3.02,20,10,200,필댐(죤형),60,135,4,30.6,30.6,0,사통형,41.7,41,39,061-390-8600
4688010029,전남,장성,풍정,전라남도 장성군 남면 녹진리,1945-01-01,1945-12-31,2,보조수원,32,1.7,1.4,4,10,200,필댐(죤형),50,90,4,14,14,0,사통형,42.3,41.5,37,061-390-8600
4688010031,전남,장성,마산,전라남도 장성군 남면 녹진리,1967-01-01,1968-12-31,2,보조수원,25,2.9,1.81,17.1,10,200,필댐(죤형),70,120,4,8.6,8.6,0,사통형,48.7,48,44,061-390-8600
4688010032,전남,장성,녹진,전라남도 장성군 남면 녹진리,1967-01-01,1968-12-30,2,보조수원,25,1.2,0.8,7,10,200,필댐(죤형),130,132,5,13.6,13.6,0,사통형,44.6,44,40,061-390-8600
4688010033,전남,장성,신안,전라남도 장성군 남면 덕성리,1945-01-01,1945-12-30,2,보조수원,121,8.2,5.87,40,10,100,필댐(죤형),90,266,5,88.4,88.4,0,사통형,43.2,42.5,39,061-390-8600
4688010034,전남,장성,자풍,전라남도 장성군 남면 덕성리,1945-01-01,1945-12-30,2,보조수원,36,2.8,2.76,12,10,200,필댐(죤형),50,210,4,16,16,0,사통형,42.8,42,40,061-390-8600
4688010035,전남,장성,백운,전라남도 장성군 남면 마령리,1945-01-01,1945-12-31,2,보조수원,136,9.7,5.77,40,10,100,필댐(죤형),180,335,7,159.8,159.8,0,사통형,46,45,40,061-390-8600
4688010037,전남,장성,행정,전라남도 장성군 남면 행정리,1945-01-01,1945-12-31,2,보조수원,20,1.7,1.04,10,10,200,필댐(죤형),50,145,4,12.8,12.8,0,사통형,40,39.5,37,061-390-8600
4688010038,전남,장성,불정,전라남도 장성군 남면 월정리,1945-01-01,1945-12-30,2,보조수원,45,5.3,4.34,20,10,200,필댐(죤형),80,170,4,37.4,37.4,0,사통형,30.61,29.6,26,061-390-8600
4688010039,전남,장성,구서양,전라남도 장성군 동화면 서양리,1945-01-01,1945-12-30,2,보조수원,370,1.83,1.83,12,10,200,필댐(죤형),250,83,7,41.9,41.9,0,사통형,91.5,91.5,88,061-390-8600
4688010040,전남,장성,서양,전라남도 장성군 동화면 서양리,1968-01-01,1969-12-30,2,보조수원,370,4.5,3.78,123,10,200,필댐(죤형),360,183,9,257,257,0,사통형,86.3,85.5,78,061-390-8600
4688010041,전남,장성,통안,전라남도 장성군 동화면 구림리,1954-01-01,1955-12-30,2,보조수원,46,2.8,1.01,15.5,10,200,필댐(죤형),90,72,5,12.7,12.7,0,사통형,178.8,178,175,061-390-8600
4688010042,전남,장성,구산,전라남도 장성군 동화면 구림리,1955-01-01,1956-12-30,2,보조수원,20,0.5,0.37,10,10,200,필댐(죤형),80,105,4,5.5,5.5,0,사통형,173.8,173,170,061-390-8600
4688010043,전남,장성,연산,전라남도 장성군 동화면 남산리,1965-01-01,1968-12-30,2,보조수원,23,0.35,0.34,7,10,100,필댐(죤형),120,77,5,8.3,8.3,0,사통형,72.6,72,67,061-390-8600
4688010047,전남,장성,임곡,전라남도 장성군 동화면 월산리,1945-01-01,1945-12-31,2,보조수원,218,10.9,6.83,98,10,200,필댐(죤형),390,94,9,252.1,252.1,0,사통형,58.3,57.5,50,061-390-8600
4688010054,전남,장성,송계,전라남도 장성군 동화면 송계리,1964-01-01,1965-12-30,2,보조수원,60,0.7,0.68,0.5,10,200,필댐(죤형),210,101,7,9.6,9.6,0,사통형,56.1,55.5,50,061-390-8600
4688010055,전남,장성,송계2,전라남도 장성군 동화면 송계리,1965-01-01,1965-12-30,2,보조수원,30,0.98,0.69,8.7,10,200,필댐(죤형),23,57,2.5,11.2,11.2,0,사통형,50.7,50,48,061-390-8600
4688010057,전남,장성,대곡,전라남도 장성군 삼서면 대곡리,1969-01-01,1970-12-31,2,보조수원,35,1.2,1.13,12,10,200,필댐(죤형),600,118,11,27.4,27.4,0,사통형,59.6,59,50,061-390-8600
4688010058,전남,장성,유평,전라남도 장성군 삼서면 학성리,1956-01-01,1957-12-31,2,보조수원,353,5.7,5.68,96.5,10,200,필댐(죤형),1730,101,18.5,257,257,0,사통형,91.9,91,75,061-390-8600
4688010059,전남,장성,유정,전라남도 장성군 삼서면 유평리,1969-01-01,1969-12-30,2,보조수원,165,4.4,2.68,49,10,200,필댐(죤형),590,118,11,53.6,53.6,0,사통형,79.6,79,70,061-390-8600
4688010060,전남,장성,대도,전라남도 장성군 삼서면 대도리,1945-01-01,1945-12-30,1,보조수원,553,14.2,14.16,128,10,100,필댐(죤형),670,280,11.1,592.5,592.5,0,사통형,65.8,65,56,061-390-8600
4688010061,전남,장성,죽산,전라남도 장성군 삼서면 금산리,1945-01-01,1945-12-24,2,보조수원,75,2.8,2.47,10.3,10,100,필댐(죤형),70,174,3.7,59.78,59.78,0,사통형,39.8,39.3,38.3,061-390-8600
4688010062,전남,장성,석마,전라남도 장성군 삼서면 석마리,1967-01-01,1968-12-30,2,보조수원,50,2.3,1.38,17.1,10,200,필댐(죤형),130,115,8,22.4,22.4,0,사통형,51.6,51,47,061-390-8600
4688010068,전남,장성,수양,전라남도 장성군 삼서면 두월리,1957-01-01,1959-12-30,1,보조수원,3300,194,164.2,1497,10,200,필댐(죤형),182450,338,15.1,11926,11834,92,취수탑형,48.41,48.41,37.66,061-390-8600
4688010072,전남,장성,성산,전라남도 장성군 삼계면 발산리,1957-01-01,1958-12-31,2,주수원,55,4,2.54,24.2,10,100,필댐(죤형),134,182,5.5,37.6,37.6,0,사통형,90.3,89.5,85.5,061-390-8600
4688010073,전남,장성,수각,전라남도 장성군 삼계면 수옥리,1957-01-01,1958-12-30,2,주수원,107,5.5,2.69,38,10,100,필댐(죤형),370,103,9.52,10,10,0,사통형,87.7,87,80.5,061-390-8600
4688010076,전남,장성,죽림,전라남도 장성군 삼계면 죽림리,1957-01-01,1958-12-31,1,주수원,331,12,8.47,97,10,200,필댐(죤형),1160,323,14.1,369,369,0,사통형,109,108,95,061-390-8600
4688010077,전남,장성,절암,전라남도 장성군 삼계면 부성리,1957-01-01,1958-11-30,2,주수원,187,2.6,2.24,43.2,10,200,필댐(죤형),417,129,8.5,90.3,90.3,0,사통형,85.7,85,78.5,061-390-8600
4688010079,전남,장성,화산,전라남도 장성군 삼계면 화산리,1957-01-01,1958-12-30,1,주수원,213,6.05,5.57,44.4,10,200,필댐(죤형),1240,153,26,419.8,392.8,27,사통형,145.8,144.6,133,061-390-8600
4688010080,전남,장성,신기,전라남도 장성군 삼계면 신기리,1957-01-01,1958-12-30,2,보조수원,334,6.8,6.03,61,10,100,필댐(죤형),680,152,11.9,220.84,220.84,0,사통형,80.6,80,70,061-390-8600
4688010082,전남,장성,와룡,전라남도 장성군 황룡면 와룡리,1945-01-01,1945-12-30,2,보조수원,60,1.8,1.34,20,10,200,필댐(죤형),290,110,7,27.4,27.4,0,사통형,84.3,83.5,77.5,061-390-8600
4688010097,전남,장성,광암,전라남도 장성군 북일면 문암리,1954-01-01,1955-12-31,2,주수원,267,4.6,4.09,96.4,10,200,필댐(죤형),810,252,13.9,241.44,241.44,0,사통형,143.4,142.5,131.4,061-390-8600
4688010102,전남,장성,구봉,전라남도 장성군 북일면 성산리,1960-01-01,1961-12-30,2,주수원,190,7,4.96,91.9,10,200,필댐(죤형),680,135,9.9,144.4,144.4,0,사통형,106.6,106,98,061-390-8600
4688010110,전남,장성,달성,전라남도 장성군 북이면 달성리,1956-01-01,1957-12-30,1,주수원,805,19.66,16.67,126.9,10,200,필댐(죤형),550,336,10.3,694.9,694.9,0,사통형,115,114,106,061-390-8600
4688010111,전남,장성,백암,전라남도 장성군 북이면 백암리,1992-05-06,1998-05-02,,주수원,344,14.5,8.47,147,10,200,,9230,235,38.1,1021,989.57,31.43,,196.8,195.8,173,061-390-8600
4688010115,전남,장성,죽청,전라남도 장성군 북이면 죽청리,1977-01-01,1978-12-31,1,주수원,384,11.4,8.25,68,10,200,필댐(죤형),2110,185,20.6,629.4,629.4,0,사통형,239,238,220,061-390-8600
4688010122,전남,장성,월성,전라남도 장성군 북하면 월성리,1986-08-12,1991-05-30,1,주수원,550,13.5,8.31,101,10,200,필댐(죤형),1580,202,19.4,517.01,517,0.01,사통형,223,220,204.6,061-390-8600
4688010124,전남,장성,모암,전라남도 장성군 서삼면 모암리,1999-12-07,2010-12-24,1,주수원,320,10.2,10.2,114.8,10,100,필댐(균일형),897363,173,30.8,778,682,96,취수탑형,177.9,176.8,160,061-390-8600
4688010125,전남,장성,추암,전라남도 장성군 서삼면 추암리,1999-12-07,2010-12-24,1,주수원,545,17.4,16.2,223.3,10,100,필댐(균일형),2158211,252,33.7,1587,1395,192,취수탑형,132.9,131.7,114,061-390-8600
4689010015,전남,해남.완도,영풍,전라남도 완도군 군외면 영풍리,1958-01-01,1960-01-01,2,주수원,320,3.52,1.7,43.9,10,100,필댐(죤형),17484,148,14,160.9,160.9,0,사통형,42.5,41.5,30,061-530-1500
4689010016,전남,해남.완도,불목,전라남도 완도군 군외면 불목리,1953-01-05,1954-01-01,1,보조수원,238,7.44,6.2,14.3,10,100,필댐(죤형),287321,269,14.6,546,474,72,사통형,52.3,51.3,40,061-530-1500
4689010018,전남,해남.완도,신학,전라남도 완도군 군외면 대문리,1958-01-01,1960-01-01,1,주수원,545,7.2,6,77.6,7,200,필댐(죤형),196283,205,21,621.5,621.2,0.3,사통형,63.4,62.9,45,061-530-1500
4689010024,전남,해남.완도,백운,전라남도 완도군 고금면 농상리,1944-01-03,1945-01-01,1,주수원,265,14.4,12,99.7,5,200,필댐(죤형),4047,213,6.5,511.03,505,6.03,사통형,30.2,29.7,26,061-530-1500
4689010026,전남,해남.완도,용지,전라남도 완도군 고금면 청용리,1944-01-04,1945-01-01,2,보조수원,148.61,6.6,5.48,51,3,100,필댐(죤형),73382,146,17.6,244.41,244,0.41,사통형,37.7,36.7,24.5,061-530-1500
4689010027,전남,해남.완도,청용,전라남도 완도군 고금면 청용리,1969-01-01,1971-01-01,1,주수원,254,13.6,11.3,109.8,10,200,필댐(죤형),134915,246,13.5,578.11,574,4.11,사통형,13.7,13.2,4.2,061-530-1500
4689010048,전남,해남.완도,중도,전라남도 완도군 완도읍 중도리,1944-01-03,1945-01-01,2,주수원,180,2.4,2,25.7,5,100,필댐(죤형),23745,170,7.2,175.97,170,5.97,사통형,5,4.5,0.5,061-530-1500
4689010049,전남,해남.완도,신평,전라남도 완도군 금일읍 신구리,2001-12-26,2009-12-30,2,주수원,182,4,3.8,91.76,10,200,필댐(코어형),38300,221,24.2,238,226,12,취수탑형,17,16,6,061-530-1500
4689010050,전남,해남.완도,용항,전라남도 완도군 금일읍 충동리,2001-12-26,2009-12-30,1,주수원,162,5.9,5.6,69.3,10,200,필댐(코어형),90800,148,18.2,305,281,24,사통형,13,12,4,061-530-1500
4690010001,전남,진도,동외,전라남도 진도군 진도읍 동외리,1937-05-20,1947-03-30,2,주수원,92.2,3.5,3.3,31.5,10,200,필댐(죤형),31337,140,9.2,180,180,0,사통형,24.5,23.5,15.5,061-540-5432
4690010002,전남,진도,성죽,전라남도 진도군 진도읍 동외리,1958-12-01,1964-09-30,2,주수원,120,5.75,5.3,97,10,200,필댐(죤형),148500,174.3,21.4,346.22,340.6,5.62,사통형,51.29,50.49,37.32,061-540-5432
4690010005,전남,진도,송현,전라남도 진도군 진도읍 교동리,1955-08-01,1956-12-30,2,주수원,27,1.3,0.42,8.9,10,200,필댐(죤형),11721,74,8,17,17,0,사통형,51.4,50,45,061-540-5432
4690010006,전남,진도,남산,전라남도 진도군 진도읍 남동리,1940-01-01,1945-12-30,2,주수원,82,2,1.7,12.9,10,200,필댐(죤형),29478,140,9.4,43,39,4,사통형,25.26,24.76,20,061-540-5432
4690010009,전남,진도,매향,전라남도 진도군 진도읍 수역리,1942-10-25,1952-12-30,2,주수원,107,3.8,2.9,55.1,10,200,필댐(죤형),129293,192,14.8,120,120,0,사통형,32.15,31.15,23.35,061-540-5432
4690010025,전남,진도,둔전,전라남도 진도군 군내면 세등리,1952-12-20,1958-12-30,1,주수원,725,90.4,79.7,227.9,10,200,필댐(죤형),74965,1276,5,1761,1316,445,사통형,4.35,3.85,1.97,061-540-5432
4690010033,전남,진도,월가,전라남도 진도군 군내면 월가리,1957-09-29,1963-12-30,1,주수원,438,15.2,13.7,116.83,10,200,필댐(죤형),130745,210,14.2,773,773,0,사통형,16.06,14.86,4.66,061-540-5432
4690010037,전남,진도,고성,전라남도 진도군 고군면 고성리,1958-01-01,1959-12-30,2,주수원,88,1.5,1.15,14.73,10,200,필댐(죤형),36761,107,11.5,43,43,0,사통형,50.3,49.3,41.5,061-540-5432
4690010039,전남,진도,도평,전라남도 진도군 고군면 도평리,1952-01-01,1970-10-30,2,주수원,87,5.6,3.4,44.63,10,200,필댐(죤형),99106,226,13.1,148,147,1,사통형,54.5,53.6,46.1,061-540-5432
4690010042,전남,진도,마산,전라남도 진도군 고군면 내산리,1924-11-10,1936-12-30,2,주수원,240,11.26,8.06,52.84,10,200,필댐(죤형),25712,403,4.7,207,194,13,사통형,6,5,1.9,061-540-5432
4690010043,전남,진도,오산,전라남도 진도군 고군면 오산리,1955-05-01,1956-12-30,1,주수원,373,11.2,10.1,125.24,10,200,필댐(죤형),172273,342,14.1,554,553,1,사통형,45,44,32,061-540-5432
4690010050,전남,진도,사천,전라남도 진도군 의신면 침계리,1954-01-01,1963-12-30,1,주수원,1062,48.9,43.9,280.1,10,200,필댐(죤형),240073,343,16.3,2722,2722,0,사통형,46.05,45.05,32.15,061-540-5432
4690010052,전남,진도,사천2,전라남도 진도군 의신면 사천리,1972-01-01,1972-12-30,2,주수원,250,3.6,1.94,15.62,10,100,필댐(죤형),3798,138,11.2,67,67,0,사통형,50,49.2,41.2,061-540-5432
4690010053,전남,진도,천망,전라남도 진도군 의신면 칠전리,1942-01-01,1954-12-30,1,주수원,766,29,21.7,145.62,10,200,필댐(죤형),147042,553,9.31,690,690,0,사통형,12.6,11.6,7.2,061-540-5432
4690010054,전남,진도,칠전,전라남도 진도군 의신면 칠전리,1956-04-01,1958-12-30,2,주수원,75,2.2,1.8,10.57,10,200,필댐(죤형),60685,167,12.6,57,57,0,사통형,51.9,50.9,43.4,061-540-5432
4690010055,전남,진도,월치,전라남도 진도군 의신면 칠전리,1956-01-01,1958-12-30,2,주수원,23.8,1.39,1,9.9,10,200,필댐(죤형),11919,76,8.33,32,31,1,사통형,20.91,19.91,14.31,061-540-5432
4690010066,전남,진도,송정,전라남도 진도군 의신면 만길리,1920-01-01,1926-12-30,1,주수원,290,19,16.07,118.1,10,200,필댐(죤형),24624,164,7.4,521,521,0,사통형,20.2,18.7,13.5,061-540-5432
4690010068,전남,진도,명슬,전라남도 진도군 임회면 명슬리,1940-01-01,1945-12-30,2,주수원,67,3.7,2.9,23.94,10,200,필댐(죤형),44991,218,8.73,85,85,0,사통형,40.82,39.82,34.32,061-540-5432
4690010069,전남,진도,선항,전라남도 진도군 임회면 삼막리,1976-01-01,1977-05-30,2,주수원,38,1.3,1.2,9.9,10,200,필댐(죤형),22794,131,8.2,40,40,0,사통형,14.32,13.32,6.62,061-540-5432
4690010070,전남,진도,용산,전라남도 진도군 임회면 용호리,1926-01-01,1931-12-30,1,주수원,656,22.9,20.1,210.8,10,200,필댐(죤형),26156,137,14.8,989,988,1,사통형,33.91,33.41,23.96,061-540-5432
4690010071,전남,진도,호구,전라남도 진도군 임회면 용호리,1955-01-01,1959-12-30,2,주수원,42,1.6,1.2,10.32,10,200,필댐(죤형),9642,97,6.34,44,43,1,사통형,33.87,33.37,28.63,061-540-5432
4690010087,전남,진도,백동,전라남도 진도군 임회면 백동리,1957-04-01,1960-12-30,2,주수원,165,6.13,5.9,68.9,10,200,필댐(죤형),133452,300,13.2,264,264,0,사통형,25.21,24.21,12.91,061-540-5432
4690010098,전남,진도,내연,전라남도 진도군 임회면 연동리,1967-11-10,1979-12-30,1,주수원,177,26.89,21.89,59.1,10,200,필댐(죤형),152073,313,6.81,457,429,28,사통형,7.16,6.56,3.86,061-540-5432
4690010107,전남,진도,고야,전라남도 진도군 지산면 고야리,1935-01-01,1939-03-30,2,주수원,171,8.1,7.3,81.7,10,200,필댐(죤형),44955,133,11.4,286,286,0,사통형,47.85,46.85,37.75,061-540-5432
4690010109,전남,진도,길은,전라남도 진도군 지산면 길은리,1940-01-01,1945-12-30,2,주수원,60,3.5,3.1,17.61,10,200,필댐(죤형),19584,244,5.52,76,62,14,사통형,4.28,3.78,1.68,061-540-5432
4690010110,전남,진도,고길,전라남도 진도군 지산면 길은리,1975-12-01,1976-12-30,2,보조수원,18.6,0.36,0.25,3.9,10,200,필댐(죤형),8305,132,5.2,7,7,0,사통형,9.5,8.87,5,061-540-5432
4690010113,전남,진도,소포2,전라남도 진도군 지산면 소포리,1976-11-01,1977-12-30,2,주수원,24,2.5,1.9,12,10,200,필댐(죤형),31599,261,6.7,44,44,0,사통형,8.35,7.35,2.75,061-540-5432
4690010120,전남,진도,와우,전라남도 진도군 지산면 와우리,1959-01-01,1961-12-30,2,주수원,43,3,2.3,20.32,10,200,필댐(죤형),17500,224,10.1,106,106,0,사통형,34.47,33.97,27.27,061-540-5432
4690010124,전남,진도,봉암,전라남도 진도군 지산면 심동리,1967-11-10,1979-12-30,1,주수원,571.28,92.5,74.2,397.7,10,200,필댐(죤형),42037,459,5.4,1806,1476,330,사통형,8.5,8.05,5.76,061-540-5432
4690010127,전남,진도,심동,전라남도 진도군 지산면 심동리,1967-11-10,1979-12-30,1,주수원,284,27.4,23.21,51.8,10,200,필댐(죤형),4130,590,5.9,704,704,0,사통형,8.06,6.56,2.36,061-540-5432
4690010128,전남,진도,대천,전라남도 진도군 지산면 오류리,1940-10-01,1945-12-30,2,주수원,72,4.27,3.97,41.38,10,200,필댐(죤형),40262,216,8,117,117,0,사통형,11.48,10.98,6.08,061-540-5432
4690010129,전남,진도,오류,전라남도 진도군 지산면 오류리,1967-01-01,1968-12-30,2,주수원,17,1,0.9,17.48,10,100,필댐(죤형),36008,163,4.3,27,25,2,사통형,7.04,6.54,3.63,061-540-5432
4690010133,전남,진도,창유,전라남도 진도군 조도면 창유리,1957-01-20,1961-12-30,2,주수원,127,7,6.1,51.3,10,200,필댐(죤형),38379,340,6.8,168,168,0,사통형,9.51,8.51,3.91,061-540-5432
4690010134,전남,진도,수장,전라남도 진도군 임회면 석교리,1997-11-24,2007-03-30,1,주수원,255,18.32,16.51,64.1,10,200,필댐(죤형),401841,242,24.6,1090,1088,2,취수탑형,72.1,71.1,57,061-540-5432
4691010077,전남,목포.무안.신안,한운,전라남도 신안군 자은면 한운리,1942-10-21,1944-12-31,2,주수원,45,14.4,12,16,10,100,필댐(죤형),63200,200,7.9,63.9,62.37,1.53,사통형,99.5,98.9,94,061-260-5530
4691010078,전남,목포.무안.신안,송산,전라남도 신안군 자은면 송산리,1944-04-10,1946-04-09,2,주수원,53,2.76,2.3,26.1,10,100,필댐(죤형),41320,246,5.6,63.1,63.1,0,사통형,24.83,24.33,20,061-260-5530
4691010080,전남,목포.무안.신안,대율,전라남도 신안군 자은면 대율리,1959-02-03,1960-03-18,2,주수원,33,3.6,3,25,10,100,필댐(죤형),34300,260,6.4,48,47.37,0.63,사통형,99.4,98.7,95,061-260-5530
4691010085,전남,목포.무안.신안,대율2,전라남도 신안군 자은면 대율리,1976-03-15,1977-03-14,2,주수원,26,2.4,2,14.5,10,100,필댐(죤형),5200,160,11,31.3,30.99,0.31,사통형,34.9,34.2,28,061-260-5530
4691010086,전남,목포.무안.신안,신흥,전라남도 신안군 자은면 대율리,1977-04-26,1978-04-25,2,주수원,8,1.8,1.5,11.2,10,100,필댐(죤형),2500,175,4,15.4,15.4,0,사통형,8.1,7.5,6,061-260-5530
4691010091,전남,목포.무안.신안,고장,전라남도 신안군 자은면 고장리,1943-02-22,1945-02-19,2,주수원,69,6,5,37.4,10,100,필댐(죤형),51300,323,5.3,106.18,105,1.18,사통형,99,98.5,95,061-260-5530
4691010092,전남,목포.무안.신안,외기,전라남도 신안군 자은면 고장리,1944-04-10,1946-04-09,2,주수원,38,2.4,2,22.8,10,100,필댐(죤형),34900,243,4.8,41.3,38.79,2.51,사통형,19.43,18.93,16,061-260-5530
4691010093,전남,목포.무안.신안,외기2,전라남도 신안군 자은면 고장리,1982-04-19,1983-04-18,2,주수원,33,3.36,2.8,16.7,10,200,필댐(죤형),104300,267,9.5,147.94,145.28,2.66,사통형,97.5,97,90,061-260-5530
4691010094,전남,목포.무안.신안,구영,전라남도 신안군 자은면 구영리,1943-02-08,1945-02-07,2,주수원,45,3.6,3,28.8,10,100,필댐(죤형),36100,177,10.2,114.6,110.4,4.2,사통형,20.6,20,14,061-260-5530
4691010095,전남,목포.무안.신안,장고,전라남도 신안군 자은면 구영리,1943-04-07,1945-01-01,2,주수원,33,1.68,1.4,14.4,10,100,필댐(죤형),21500,156,4.6,28.2,24.76,3.44,사통형,32.4,31.9,29,061-260-5530
4691010096,전남,목포.무안.신안,구영2,전라남도 신안군 자은면 구영리,1977-02-07,1978-02-06,2,주수원,88,4.2,3.5,9.8,10,100,필댐(죤형),44100,210,7,58.9,58.57,0.33,사통형,96.9,96.4,93,061-260-5530
4691010099,전남,목포.무안.신안,광대,전라남도 신안군 비금면 광대리,1979-02-05,1981-02-04,1,주수원,150,43.2,36,121.8,10,100,필댐(죤형),134900,353,9.5,963.68,944.36,19.32,사통형,97.6,96.68,90,061-260-5530
4691010155,전남,목포.무안.신안,장산,전라남도 신안군 장산면 공수리,1994-03-04,1997-12-31,1,보조수원,688,21.24,17.7,192.3,10,200,필댐(죤형),376300,656,14.5,1164.3,1142.75,21.55,사통형,14,13,3,061-260-5530
4691010167,전남,목포.무안.신안,대송,전라남도 신안군 안좌면 대리,1947-03-10,1950-03-09,2,주수원,35,2.4,2,21.2,10,100,필댐(죤형),44600,182,4.7,48,48,0,사통형,8.2,7,4,061-260-5530
4691010168,전남,목포.무안.신안,후천,전라남도 신안군 안좌면 대리,1955-02-01,1957-12-31,2,주수원,18,1.2,1,2.8,10,100,필댐(죤형),11600,88,4.4,8.6,8.27,0.33,사통형,99.9,99.2,97,061-260-5530
4691010177,전남,목포.무안.신안,용포,전라남도 신안군 안좌면 읍동리,1954-04-01,1956-12-28,2,주수원,50,2.79,2.33,29.9,10,100,필댐(죤형),46600,268,5.8,64.2,62.7,1.5,사통형,99.4,98.94,95,061-260-5530
4691010178,전남,목포.무안.신안,황금,전라남도 신안군 안좌면 구대리,1966-04-01,1967-12-31,2,주수원,45,3.14,2.62,26.8,10,100,필댐(죤형),39800,218,6,69.5,69.2,0.3,사통형,99,98.56,94,061-260-5530
4691010180,전남,목포.무안.신안,신촌,전라남도 신안군 안좌면 읍동리,1964-04-20,1965-04-19,1,주수원,219,16.8,14,96.6,10,100,필댐(죤형),51000,243,7.1,475.88,473.28,2.6,사통형,19.1,18.5,14,061-260-5530
4691010185,전남,목포.무안.신안,읍동,전라남도 신안군 안좌면 읍동리,1954-02-01,1956-12-28,2,주수원,45,2.64,2.2,18.9,10,100,필댐(죤형),21300,124,4.3,59.2,53,6.2,사통형,6.5,6,3,061-260-5530
4691010195,전남,목포.무안.신안,금읍,전라남도 신안군 팔금면 읍리,1943-02-15,1945-02-14,2,주수원,20,1.2,1,10.2,10,100,필댐(죤형),27500,126,7.3,12.2,10.53,1.67,사통형,20.5,20,18,061-260-5530
4691010201,전남,목포.무안.신안,추포,전라남도 신안군 암태면 수곡리,1953-12-29,1956-12-31,2,주수원,16,2.4,2,12,10,100,필댐(죤형),23100,111,7,47,46.96,0.04,사통형,20.5,20,16,061-260-5530
4691010202,전남,목포.무안.신안,수곡,전라남도 신안군 암태면 수곡리,1959-06-15,1963-06-14,2,주수원,107,3.6,3,26.3,10,100,필댐(죤형),43500,145,10,96.5,95.79,0.71,사통형,98.3,97.7,91,061-260-5530
4691010203,전남,목포.무안.신안,신기,전라남도 신안군 암태면 와촌리,1956-05-21,1959-05-20,2,주수원,145,3.6,3,33.1,10,100,필댐(죤형),43200,108,6,121.2,117.04,4.16,사통형,23.64,23.14,19,061-260-5530
4691010207,전남,목포.무안.신안,오상,전라남도 신안군 암태면 오상리,1954-03-15,1957-03-14,2,주수원,90,3.6,3,27.9,10,100,필댐(죤형),61250,291,7,99.9,98.63,1.27,사통형,98.8,98.2,93,061-260-5530
4691010208,전남,목포.무안.신안,기동,전라남도 신안군 암태면 기동리,1954-02-08,1957-02-07,1,주수원,207,9.84,8.2,92.1,10,100,필댐(죤형),72690,619,8.7,355.59,331.66,23.93,사통형,9.8,9,4,061-260-5530
4691010212,전남,목포.무안.신안,익금,전라남도 신안군 암태면 신석리,1954-03-09,1956-12-28,2,주수원,33,1.2,1,21.4,5,100,필댐(죤형),97760,208,9.4,37.4,35.19,2.21,사통형,24.7,24.11,20,061-260-5530
4691010213,전남,목포.무안.신안,산두1호,전라남도 신안군 안좌면 산두리,1984-05-08,1985-05-07,1,보조수원,408,13.2,11,49.7,10,200,필댐(죤형),143123,1018,4.9,365,304.2,60.8,사통형,7.4,7,3,061-260-5530
4691010214,전남,목포.무안.신안,고서,전라남도 신안군 비금면 고서리,2000-11-30,2006-12-20,1,주수원,712,25.08,20.9,185,10,200,필댐(죤형),203744,406,16.5,1544.56,1521.01,23.55,사통형,18.53,17.5,6,061-260-5530
4691010215,전남,목포.무안.신안,탄동,전라남도 신안군 지도읍 탄동리,2002-12-26,2009-12-25,1,주수원,282,10.8,10.06,108.4,10,200,필댐(균일형),89804,314,14.3,1035.2,900,135.2,사통형,16,15.45,3.6,061-260-5530
4691010432,전남,목포.무안.신안,대장,전라남도 신안군 신의면 상태서리,2014-07-16,2019-04-30,,주수원,40,9.86,9.35,0,10,200,필댐(죤형),0,369,26.8,858.7,804.6,54.1,사통형,18.8,18,6,061-260-5530
4711010003,경북,포항.울릉,삼정(삼정리),경상북도 포항시 남구 구룡포읍 삼정리,1978-01-01,1985-12-31,1,주수원,250,11.55,10.5,90.54,10,100,필댐(죤형),17580,132,22.2,860,852,8,사통형,43,42,24,054-720-7002
4711010012,경북,포항.울릉,달전,경상북도 포항시 남구 연일읍 달전리,1964-04-16,1968-12-31,1,주수원,575,16.6,15.1,0,10,100,필댐(죤형),8680,144,17.9,698.25,698.1,0.15,사통형,47,46,36,054-720-7002
4711010014,경북,경주,중명,경상북도 경주시 강동면 국당리,1945-01-01,1945-12-30,2,주수원,91.5,1.2,1.32,12.9,10,100,필댐(죤형),2260,159,4.4,18,17.8,0.2,사통형,29.9,29.6,26.5,054-778-1037
4711010016,경북,포항.울릉,조박,경상북도 포항시 남구 연일읍 인주리,1945-04-26,1949-10-19,1,주수원,2480,31.29,27.39,99.4,10,100,필댐(죤형),146347,1501,6.5,564.17,562.9,1.27,사통형,8.5,7.5,4.5,054-720-7002
4711010022,경북,포항.울릉,오어,경상북도 포항시 남구 오천읍 항사리,1955-01-01,1964-12-31,1,주수원,2705,65.19,58.07,244.66,10,500,필댐(죤형),271998,224,30.29,4122,3968,154,취수탑형,107.69,105.69,91,054-720-7002
4711010068,경북,포항.울릉,강사,경상북도 포항시 남구 구룡포읍 석병리,1978-01-01,1985-12-31,1,주수원,438,10.1,9.2,105.6,10,100,필댐(죤형),20650,144,23.9,806.2,794.2,12,사통형,23.8,22.75,5,054-720-7002
4711010069,경북,포항.울릉,대보,경상북도 포항시 남구 호미곶면 대보리,1974-02-05,1977-03-10,1,주수원,222,14.52,13.19,60.7,10,100,필댐(죤형),11700,100,19.5,703.01,702.85,0.16,사통형,32,31,15,054-720-7002
4711010083,경북,포항.울릉,지땡이,경상북도 포항시 북구 흥해읍 남송리,1945-01-01,1949-03-03,2,보조수원,8,0.47,0.42,3,3,100,필댐(죤형),1335,89,6,4.42,4.24,0.18,사통형,17,16,14.5,054-720-7002
4711010084,경북,포항.울릉,관답,경상북도 포항시 북구 흥해읍 남송리,1957-01-01,1959-01-01,2,보조수원,25,1.65,1.4,7,3,100,필댐(죤형),530,117,4,19.08,19.08,0,사통형,10.26,9.26,6.5,054-720-7002
4711010085,경북,포항.울릉,송동,경상북도 포항시 북구 흥해읍 남송리,1945-03-25,1947-11-04,2,보조수원,15,1.1,0.7,5,3,100,필댐(죤형),1260,105,4,16.37,15.53,0.84,사통형,10.4,9.41,6.5,054-720-7002
4711010086,경북,포항.울릉,천마,경상북도 포항시 북구 흥해읍 곡강리,1972-02-08,1976-02-17,2,주수원,130,9.46,8.53,73,10,200,필댐(죤형),38915,50,17.1,271.04,246,25.04,사통형,30.7,29.7,17.7,054-720-7002
4711010095,경북,포항.울릉,태평,경상북도 포항시 북구 흥해읍 덕장리,1945-01-01,1948-03-03,2,보조수원,30,4.36,3.9,14,3,100,필댐(죤형),4410,180,7,103.75,103.74,0.01,사통형,26.1,25.1,17.1,054-720-7002
4711010096,경북,포항.울릉,둔각,경상북도 포항시 북구 흥해읍 덕장리,1959-01-01,1963-10-23,2,보조수원,36,2.33,2.1,25,3,100,필댐(죤형),4400,440,7,21.84,21.81,0.03,사통형,27.7,26.7,25.1,054-720-7002
4711010098,경북,포항.울릉,삼정(금장리),경상북도 포항시 북구 흥해읍 금장리,1959-01-01,1963-11-13,2,보조수원,10,0.76,0.6,5,3,100,필댐(죤형),900,100,8,14.8,8,6.8,사통형,19.1,18.1,16.1,054-720-7002
4711010112,경북,포항.울릉,신리,경상북도 포항시 북구 신광면 냉수리,1957-01-01,1959-01-01,2,주수원,87,1.98,1.23,22.6,10,100,필댐(죤형),35035,110,13,41.91,41.91,0,사통형,125.5,124.41,117.39,054-720-7002
4711010113,경북,포항.울릉,용천,경상북도 포항시 북구 신광면 냉수리,1957-03-15,1959-12-31,1,주수원,750,23.64,17.05,93.4,10,200,필댐(죤형),99450,122,19.98,1044.98,1043.5,1.48,사통형,79.44,77.94,66,054-720-7002
4711010139,경북,포항.울릉,선량,경상북도 포항시 북구 신광면 죽성리,1945-01-01,1947-12-10,2,보조수원,20,0.7,0.67,1.5,3,100,필댐(죤형),800,200,4,6.53,6.52,0.01,사통형,102,101,99,054-720-7002
4711010140,경북,포항.울릉,올골,경상북도 포항시 북구 신광면 죽성리,1945-01-01,1947-11-25,2,보조수원,150,0.3,0.29,15,3,100,필댐(죤형),1800,150,6,3.18,3.18,0.01,사통형,83,82,80,054-720-7002
4711010141,경북,포항.울릉,방어,경상북도 포항시 북구 신광면 죽성리,1945-01-01,1948-11-11,2,보조수원,15,0.6,0.56,2,5,100,필댐(죤형),1500,150,6,4.04,3.68,0.37,사통형,105,104,103,054-720-7002
4711010142,경북,포항.울릉,죽성,경상북도 포항시 북구 신광면 죽성리,1945-01-01,1948-02-18,2,보조수원,20,0.22,0.2,2,5,100,필댐(죤형),2430,27,9,3,3,0,사통형,116,115,112.5,054-720-7002
4711010143,경북,포항.울릉,수정,경상북도 포항시 북구 신광면 죽성리,1945-01-01,1947-12-04,2,보조수원,10,0.78,0.7,5,3,100,필댐(죤형),1500,150,5,11.86,11.86,0,사통형,106.2,105.22,102.36,054-720-7002
4711010151,경북,포항.울릉,후재,경상북도 포항시 북구 신광면 상읍리,1945-01-01,1947-12-18,2,보조수원,15,0.88,0.8,6,5,100,필댐(죤형),3240,270,5,19.41,18.62,0.8,사통형,94,93,90,054-720-7002
4711010152,경북,포항.울릉,대재,경상북도 포항시 북구 신광면 상읍리,1945-02-01,1948-02-11,2,보조수원,30,1.94,1.76,8,5,100,필댐(죤형),4680,390,4,33.29,32.75,0.55,사통형,107.9,106.9,104.4,054-720-7002
4711010157,경북,포항.울릉,안신,경상북도 포항시 북구 신광면 안덕리,1945-01-01,1948-03-18,2,보조수원,50,2.6,2.56,25,5,100,필댐(죤형),25200,450,4,80.66,80.12,0.54,사통형,96,95,90,054-720-7002
4711010158,경북,포항.울릉,오야,경상북도 포항시 북구 신광면 안덕리,1945-01-01,1948-02-19,2,보조수원,5,0.58,0.52,3,5,100,필댐(죤형),900,180,5,6.7,6.7,0,사통형,95.2,94.2,92.08,054-720-7002
4711010164,경북,포항.울릉,반곡,경상북도 포항시 북구 신광면 반곡리,1943-11-05,1945-05-31,1,주수원,2770,22.77,20.7,258.4,10,100,필댐(죤형),18730,262,13,668.1,668.1,0,사통형,119.5,118.5,110.5,054-720-7002
4711010166,경북,포항.울릉,기일,경상북도 포항시 북구 신광면 기일리,1985-01-01,1993-01-01,2,보조수원,254,3.52,3.2,30,10,100,필댐(죤형),16800,160,21,190.62,190.62,0,사통형,218,217,202.5,054-720-7002
4711010167,경북,포항.울릉,상마북,경상북도 포항시 북구 신광면 마북리,1986-01-01,1993-12-15,2,보조수원,263,3.54,3.05,40,10,100,필댐(죤형),11700,90,26,199.85,199.3,0.55,사통형,229.5,228,212,054-720-7002
4711010168,경북,포항.울릉,마북,경상북도 포항시 북구 신광면 반곡리,1993-01-01,1999-01-01,1,주수원,1600,47.82,43.47,406.2,10,100,필댐(죤형),105900,286,46.3,6225,6160,65,취수탑형,166,164.3,134,054-720-7002
4711010169,경북,포항.울릉,용연,경상북도 포항시 북구 신광면 호리,1952-08-25,1962-12-18,1,주수원,6892,89.7,80.8,1283.7,10,200,필댐(죤형),276145,203,20.8,5671.2,5586.7,84.5,취수탑형,57.4,55.9,44,054-720-7002
4711010182,경북,포항.울릉,고현,경상북도 포항시 북구 청하면 고현리,1956-11-27,1958-08-30,1,주수원,325,9.35,8.5,99.1,10,100,필댐(죤형),15500,196.5,15.8,470,469.99,0.01,사통형,100,99,88,054-720-7002
4711010183,경북,포항.울릉,하대,경상북도 포항시 북구 청하면 하대리,1945-01-01,1947-06-05,2,보조수원,10,1.3,1.27,6,3,100,필댐(죤형),3870,180,5,17.78,16.89,0.89,사통형,50,49,47,054-720-7002
4711010188,경북,포항.울릉,안심,경상북도 포항시 북구 청하면 명안리,1966-03-18,1971-08-19,1,주수원,850,26.18,24.86,179.5,3,100,필댐(죤형),195828,265,16.7,1578.66,1577.49,1.17,사통형,89,88,76,054-720-7002
4711010191,경북,포항.울릉,회학,경상북도 포항시 북구 청하면 청계리,1945-02-01,1949-04-20,1,주수원,450,13.82,12.58,158.9,10,100,필댐(죤형),2902,215,13.8,722.02,721.82,0.2,사통형,116,114.9,102.19,054-720-7002
4711010192,경북,포항.울릉,삽실,경상북도 포항시 북구 청하면 청계리,1956-01-01,1958-04-11,2,주수원,9.7,0,4,19.9,3,100,필댐(죤형),6185,255,9.2,64.24,63.9,0.34,사통형,80.3,79.3,75.8,054-720-7002
4711010193,경북,포항.울릉,청계,경상북도 포항시 북구 청하면 청계리,1963-09-02,1965-12-31,1,주수원,589,13.81,13.2,149.4,3,100,필댐(죤형),251552,304,17.7,956.83,956.62,0.22,사통형,97,95.7,80.7,054-720-7002
4711010200,경북,포항.울릉,보경,경상북도 포항시 북구 송라면 중산리,1983-01-01,1985-02-20,2,보조수원,360,1.76,0.32,13,3,100,콘크리트댐(중력형),165,43,5,4.23,4.2,0.03,기타,76.9,75.7,72.9,054-720-7002
4711010202,경북,포항.울릉,용곡,경상북도 포항시 북구 송라면 방석리,1960-03-20,1964-12-31,1,주수원,2063,22.69,21.67,222.2,10,100,필댐(죤형),301920,370,16,1506.86,1506.65,0.21,사통형,48.4,47.4,33.4,054-720-7002
4711010207,경북,포항.울릉,방화,경상북도 포항시 북구 송라면 대전리,1972-01-01,1973-11-01,2,주수원,234,3.65,3.5,31.7,10,100,필댐(죤형),4980,83,12,128.34,128.1,0.24,사통형,52,51,43,054-720-7002
4711010218,경북,포항.울릉,고지,경상북도 포항시 북구 기계면 고지리,1945-01-01,1946-11-07,2,보조수원,30,1.1,0.93,3,5,100,필댐(죤형),400,80,5,13.17,13.17,0,사통형,60.7,59.7,56.2,054-720-7002
4711010229,경북,포항.울릉,화계,경상북도 포항시 북구 기계면 성계리,1945-01-01,1949-02-03,2,보조수원,80,0.69,0.63,5,3,100,필댐(죤형),598.5,57,7,11.82,11.8,0.03,사통형,51.5,50.5,46.5,054-720-7002
4711010231,경북,포항.울릉,칠성,경상북도 포항시 북구 기계면 성계리,1951-11-26,1953-12-03,2,보조수원,20,0.5,0.49,3,5,100,필댐(죤형),200,48,8,8.57,8.57,0.01,사통형,51.8,50.8,47.8,054-720-7002
4711010234,경북,포항.울릉,다락골,경상북도 포항시 북구 기계면 화대리,1945-01-01,1946-11-22,2,보조수원,15,0.43,0.29,2,3,100,필댐(죤형),840,60,7,6.07,6.07,0,사통형,67.4,66.4,63.36,054-720-7002
4711010236,경북,포항.울릉,기동,경상북도 포항시 북구 기계면 화봉리,1954-02-23,1955-12-31,1,주수원,1830,21.56,19.97,188.9,10,100,필댐(죤형),29100,381,13.9,597.2,597.19,0.02,사통형,80,79,69,054-720-7002
4711010239,경북,포항.울릉,당곡(미현리),경상북도 포항시 북구 기계면 미현리,1970-01-01,1974-03-13,2,보조수원,300,1.9,1.87,15,5,100,필댐(죤형),6600,120,11,48,47.94,0.06,사통형,148.4,147.4,142.4,054-720-7002
4711010247,경북,포항.울릉,상안심,경상북도 포항시 북구 기계면 가안리,1945-04-20,1947-05-14,2,보조수원,15,0.5,0.46,8,3,100,필댐(죤형),3504,73,16,8.41,8.38,0.03,사통형,144,143,139,054-720-7002
4711010251,경북,포항.울릉,상신야,경상북도 포항시 북구 기계면 남계리,1945-01-01,1948-02-11,2,보조수원,6,0.3,0.2,2,3,100,필댐(죤형),1268,65,6.5,2,2,0,사통형,185.7,184.7,180.7,054-720-7002
4711010252,경북,포항.울릉,하신야,경상북도 포항시 북구 기계면 가안리,1945-01-01,1947-12-05,2,보조수원,6,0.57,0.51,3,3,100,필댐(죤형),2200,110,8,8.88,8.75,0.14,사통형,143.3,142.3,139.3,054-720-7002
4711010253,경북,포항.울릉,남계,경상북도 포항시 북구 기계면 남계리,1956-01-01,1958-12-31,1,주수원,560,6.5,4.96,83.1,5,100,필댐(죤형),20190,165,20.4,352.52,352.15,0.37,사통형,160.32,158,144,054-720-7002
4711010277,경북,포항.울릉,은천,경상북도 포항시 북구 기계면 구지리,2010-11-29,2016-12-31,1,주수원,5303,78.7,66.14,485.9,10,200,콘크리트댐(중력형),22698,290,20.1,4190.2,4104.7,85.5,취수탑형,102.1,100.3,90,054-720-7002
4711010290,경북,포항.울릉,용전,경상북도 포항시 북구 기북면 용기리,1964-01-29,1967-05-18,1,주수원,504,7.26,7.05,66.1,10,100,필댐(죤형),122387,234,13.3,330.51,330.3,0.21,사통형,159,157.7,146.7,054-720-7002
4711010291,경북,포항.울릉,당곡(용기리),경상북도 포항시 북구 기북면 용기리,1965-01-01,1969-05-14,2,보조수원,130,1,0.88,4.5,5,100,필댐(죤형),16311,120,12.3,41.9,34.39,7.51,사통형,160.3,159.5,154,054-720-7002
4711010299,경북,포항.울릉,탑정,경상북도 포항시 북구 기북면 탑정리,1959-01-01,1964-12-22,1,주수원,315,5.9,5.39,63.3,10,100,필댐(죤형),104279,254,16.1,337.62,337.62,0,사통형,224,222.86,210.64,054-720-7002
4711110001,경북,포항.울릉,방산,경상북도 포항시 남구 장기면 방산리,1995-01-01,2002-05-30,1,주수원,285,10.6,9.75,93.5,10,100,필댐(죤형),262000,208,36.1,852,824,28,사통형,125,123.3,104,054-720-7002
4711310190,경북,포항.울릉,매산,경상북도 포항시 북구 흥해읍 매산리,2000-01-19,2009-12-31,1,주수원,420,15.9,17.22,180,10,100,필댐(죤형),180000,304,38.1,1470,1290,180,사통형,83.23,82.03,64,054-720-7002
4711310198,경북,포항.울릉,유계,경상북도 포항시 북구 청하면 유계리,1997-12-29,2017-12-28,1,주수원,975,40.95,38.2,0,10,200,필댐(코어형),456769,547.8,27,3447,3391,56,취수탑형,113.3,111.8,94,054-720-7002
4711310199,경북,포항.울릉,청하,경상북도 포항시 북구 청하면 청계리,1998-12-29,2017-12-28,1,주수원,360,17.56,16.76,0,10,200,필댐(코어형),429577,280,43.2,2450,2214,236,취수탑형,106.2,105.2,76,054-720-7002
4711310200,경북,포항.울릉,내청,경상북도 포항시 북구 청하면 청계리,1976-01-01,1977-01-01,2,보조수원,370,1.86,1.8,0,1,200,필댐(죤형),0,113.3,16.7,29.56,26,3.56,사통형,108.4,107.34,95.44,054-720-7002
4713010006,경북,경주,독수골,경상북도 경주시 충효동,1945-01-01,1945-12-30,2,보조수원,80,0.33,0.3,0.8,5,100,필댐(죤형),850,30,6.5,1.7,1.67,0.03,사통형,122.83,122.53,119.73,054-778-1037
4713010007,경북,경주,구평,경상북도 경주시 현곡면 상구리,1945-01-01,1945-12-30,2,보조수원,50,0.3,0.22,3,5,100,필댐(죤형),2450,65,7,3.8,3.73,0.07,사통형,159.83,159.33,156.33,054-778-1037
4713010008,경북,경주,원주골,경상북도 경주시 현곡면 하구리,1945-01-01,1945-12-30,2,보조수원,50,0.7,0.81,6,5,100,필댐(죤형),7130,148,8,24,23.5,0.5,사통형,111.7,111.4,106,054-778-1037
4713010009,경북,경주,충효,경상북도 경주시 충효동,1970-01-01,1974-12-30,2,보조수원,990,4.1,4.34,30,10,100,필댐(죤형),19500,269,10.9,160,159.8,0.2,사통형,68.6,67.6,60,054-778-1037
4713010024,경북,경주,보문,경상북도 경주시 보문동,1952-01-01,1963-12-30,1,주수원,3388,159,134.48,1081.6,10,100,필댐(죤형),431000,308,22,9855,9834,21,취수탑형,98.03,96.5,83,054-778-1037
4713010041,경북,경주,하동,경상북도 경주시 하동,1956-01-01,1963-12-30,1,주수원,606,15.1,13.6,149,10,100,필댐(죤형),50500,322,18,669.1,669.1,0,사통형,146.84,146.04,135,054-778-1037
4713010053,경북,경주,북군,경상북도 경주시 북군동,1968-05-01,1971-11-11,2,주수원,130,4.4,4,29.7,5,100,필댐(죤형),9450,147,10.1,114.7,114.7,0,사통형,118.3,117.8,111.7,054-778-1037
4713010078,경북,경주,육통,경상북도 경주시 안강읍 육통리,1960-01-01,1965-12-30,2,주수원,156,5.8,5.43,40.3,7,100,필댐(죤형),18560,285,9.07,241,239,2,사통형,54.8,54.4,47.5,054-778-1037
4713010079,경북,경주,대곡,경상북도 경주시 안강읍 육통리,1960-01-01,1965-12-30,2,보조수원,180,3.3,2.5,14.5,7,100,필댐(죤형),27300,298,12.7,118,118,0,사통형,80.57,80.02,71.37,054-778-1037
4713010084,경북,경주,옥산,경상북도 경주시 안강읍 옥산리,1944-01-01,1957-01-01,1,주수원,760,23,17.82,240,10,100,필댐(죤형),36650,199,35.5,2361,2139,222,사통형,127.3,126,109,054-778-1037
4713010085,경북,경주,정혜,경상북도 경주시 안강읍 옥산리,1944-01-01,1957-12-30,2,보조수원,46,3.6,3.3,13,7,100,필댐(죤형),3860,230,4.5,107,107,0,사통형,54.9,54.5,48.5,054-778-1037
4713010086,경북,경주,목곡,경상북도 경주시 안강읍 옥산리,1945-01-01,1957-12-30,2,보조수원,35,1,0.9,3.2,3,100,필댐(죤형),1160,95,4,13,13,0,사통형,63.89,63.5,60.89,054-778-1037
4713010087,경북,경주,목수,경상북도 경주시 안강읍 옥산리,1945-01-01,1957-12-30,2,보조수원,40,1.1,1,4.8,10,100,필댐(죤형),780,60,4,19,19,0,사통형,62.69,62.39,59.37,054-778-1037
4713010095,경북,경주,하곡,경상북도 경주시 안강읍 두류리,1928-01-01,1932-12-30,1,주수원,3370,86.2,78.3,975.6,10,100,필댐(죤형),110680,557,15.5,4784,4783.8,0.2,사통형,60.1,57.9,46.2,054-778-1037
4713010113,경북,경주,산대,경상북도 경주시 안강읍 산대리,1960-01-01,1964-12-30,2,주수원,40.7,5.49,4.92,25.5,10,200,필댐(죤형),40670,206,12,215.2,194.4,20.8,사통형,55.75,54.95,49.5,054-778-1037
4713010115,경북,경주,성산,경상북도 영천시 고경면 오룡리,1991-01-01,1994-12-30,1,주수원,480,9.4,8.44,29,10,100,필댐(죤형),27600,93,26.2,649.7,649.3,0.4,사통형,161.81,160.81,142,054-778-1037
4713010128,경북,경주,밀이,경상북도 경주시 건천읍 용명리,1945-01-01,1945-12-30,2,보조수원,690,5.5,4.41,6,10,100,필댐(죤형),10250,242,7,60,60,0,사통형,96.07,95.77,93.47,054-778-1037
4713010136,경북,경주,용곡,경상북도 경주시 건천읍 용명리,1957-01-01,1963-01-01,1,주수원,563,17.8,16.2,68.2,10,200,필댐(죤형),74600,158,39,1615.1,1615.1,0,사통형,137,136,114,054-778-1037
4713010138,경북,경주,소산,경상북도 경주시 건천읍 신평리,1945-01-01,1945-12-30,2,보조수원,290,0.6,0.64,15,5,100,필댐(죤형),2680,85,6,16,15.8,0.2,사통형,142.7,142.4,138,054-778-1037
4713010139,경북,경주,고척,경상북도 경주시 건천읍 신평리,1945-01-01,1945-12-30,2,보조수원,150,1.7,1.7,29,5,100,필댐(죤형),8500,163,8.5,29,29,0,사통형,123.84,123.44,120,054-778-1037
4713010140,경북,경주,청수,경상북도 경주시 건천읍 신평리,1945-01-01,1945-12-30,2,보조수원,34,1.1,0.88,20,10,100,필댐(죤형),1650,200,5.5,13,12.9,0.1,사통형,107.7,107.4,105,054-778-1037
4713010141,경북,경주,가척,경상북도 경주시 건천읍 신평리,1945-01-01,1945-12-30,2,보조수원,150,1.1,0.68,25,7,100,필댐(죤형),2500,127,5,10,10,0,사통형,114.93,114.63,112.09,054-778-1037
4713010142,경북,경주,모길,경상북도 경주시 건천읍 신평리,1945-01-01,1945-12-30,2,보조수원,35,3,2.95,11,5,100,필댐(죤형),5150,208,6,76,76,0,사통형,102.91,102.61,99.12,054-778-1037
4713010143,경북,경주,부곡,경상북도 경주시 건천읍 신평리,1945-01-01,1945-12-30,2,보조수원,26,1.3,1.2,5,5,100,필댐(죤형),2200,167,4,19,19,0,사통형,93.52,93.22,90.48,054-778-1037
4713010144,경북,경주,돈,경상북도 경주시 건천읍 신평리,1945-01-01,1945-12-30,2,보조수원,15,2.1,1.8,4,5,100,필댐(죤형),2540,178,4,19.7,19.7,0,사통형,94.89,94.6,92.34,054-778-1037
4713010145,경북,경주,품산,경상북도 경주시 건천읍 천포리,1945-01-01,1949-12-30,1,보조수원,567,14,12.89,86,10,100,필댐(죤형),85600,871,13,540,540,0,사통형,106.53,105.93,100,054-778-1037
4713010147,경북,경주,송선,경상북도 경주시 건천읍 송선리,1940-01-01,1943-12-30,1,보조수원,1400,24.3,22.1,181.5,10,100,필댐(죤형),56600,207,22,1964,1962.2,1.8,사통형,153.7,152.9,135,054-778-1037
4713010148,경북,경주,홈곡,경상북도 경주시 건천읍 송선리,1994-01-01,1999-12-30,1,보조수원,330,4.36,4.2,60,10,100,필댐(죤형),76750,200,27.1,351,351,0,사통형,182.9,181.9,166,054-778-1037
4713010167,경북,경주,방내,경상북도 경주시 건천읍 방내리,1957-01-01,1963-12-30,1,주수원,394,5.8,5.2,69.3,10,100,필댐(죤형),41000,189,22.9,364.83,364,0.83,사통형,163.1,161.9,148,054-778-1037
4713010169,경북,경주,장천,경상북도 경주시 건천읍 방내리,1930-01-01,1933-01-01,2,보조수원,516,5.9,5.4,19.6,10,100,필댐(죤형),12500,330,6.3,178,178,0,사통형,114.5,113.9,107.5,054-778-1037
4713010175,경북,경주,후평,경상북도 경주시 건천읍 금척리,1945-01-01,1945-12-30,2,보조수원,23,1.8,1.54,4,5,100,필댐(죤형),2880,224,4,31,31,0,사통형,83.5,83,80,054-778-1037
4713010183,경북,경주,고래,경상북도 경주시 외동읍 입실리,1945-01-01,1945-12-30,2,보조수원,60,0.6,0.5,12,7,100,필댐(죤형),1250,50,5,15.6,15.6,0,사통형,105.08,104.78,100.34,054-778-1037
4713010184,경북,경주,상보,경상북도 경주시 외동읍 모화리,1945-01-01,1945-12-30,2,보조수원,36,0.44,0.4,12,3,100,필댐(죤형),1980,110,4.5,5,4.4,0.6,사통형,77.1,76.8,75,054-778-1037
4713010186,경북,경주,밤갓,경상북도 경주시 외동읍 신계리,1945-01-01,1945-12-30,2,보조수원,35,0.8,0.77,8,7,100,필댐(죤형),3600,120,6,12,12,0,사통형,118.66,118.16,115.46,054-778-1037
4713010188,경북,경주,석계,경상북도 경주시 외동읍 석계리,1958-01-01,1966-12-30,1,주수원,565,9.4,8.43,137.3,10,100,필댐(죤형),57600,289,24,507.6,504.5,3.1,사통형,112.3,111.3,97,054-778-1037
4713010198,경북,경주,연꽃,경상북도 경주시 외동읍 연안리,1945-01-01,1945-12-30,2,보조수원,29,2.4,2.2,9,7,100,필댐(죤형),11800,320,5,43,43,0,사통형,77.7,77.4,73.9,054-778-1037
4713010200,경북,경주,대성,경상북도 경주시 외동읍 개곡리,1945-01-01,1945-12-30,2,보조수원,24,0,0.35,0,7,100,필댐(죤형),1440,80,3,3,3,0,사통형,92.7,92.2,90,054-778-1037
4713010202,경북,경주,한강,경상북도 경주시 외동읍 입실리,1945-01-01,1945-12-30,2,보조수원,73,1.4,1.4,17,7,100,필댐(죤형),15600,190,10,31,30.8,0.2,사통형,111.54,111.14,108,054-778-1037
4713010220,경북,경주,송전,경상북도 경주시 문무대왕면 죽전리,1945-01-01,1954-12-30,1,주수원,503,9.9,9.26,94,7,100,필댐(죤형),28900,121.5,19.4,385,385,0,사통형,96.3,95.8,88,054-778-1037
4713010222,경북,경주,송전하,경상북도 경주시 문무대왕면 송전리,1992-01-01,1997-12-30,2,보조수원,590,2.5,2.58,36.5,5,100,콘크리트댐(중력형),5250,67,23.5,95,95,0,사통형,75.7,75.1,65.5,054-778-1037
4713010226,경북,경주,권이,경상북도 경주시 문무대왕면 권이리,1960-01-01,1964-12-30,1,주수원,640,10.9,9.9,89.5,10,100,필댐(죤형),23500,150,18.9,550,550,0,사통형,167.1,165.9,154,054-778-1037
4713010248,경북,경주,명계,경상북도 경주시 내남면 명계리,1978-01-01,1983-12-30,1,주수원,1063,23.1,20,251.6,10,100,필댐(죤형),56680,196,23.8,1672,1670,2,사통형,123.7,122.5,103.5,054-778-1037
4713010264,경북,경주,화곡,경상북도 경주시 내남면 화곡리,1957-01-01,1963-12-30,1,주수원,955,28.9,26.4,288.2,10,100,필댐(죤형),28670,200,16.6,1522,1521.8,0.2,사통형,83.8,82.8,74,054-778-1037
4713010276,경북,경주,박달,경상북도 경주시 내남면 박달리,1985-01-01,1989-12-30,1,주수원,1450,35.2,28.4,151.3,10,100,필댐(죤형),32780,113,22.7,1890,1890,0,사통형,141.9,140.4,129.1,054-778-1037
4713010317,경북,경주,두달,경상북도 경주시 서면 아화리,1945-01-01,1945-12-30,2,보조수원,18,1.8,1.5,5,5,100,필댐(죤형),3260,223,5,16,16,0,사통형,108.14,107.84,105.94,054-778-1037
4713010329,경북,경주,곤,경상북도 경주시 서면 도계리,1945-01-01,1945-12-30,2,보조수원,12,2.1,2.08,3,5,100,필댐(죤형),1250,60,4,36,36,0,사통형,99.5,97.5,94,054-778-1037
4713010330,경북,경주,동산,경상북도 경주시 서면 도계리,1945-01-01,1945-12-30,2,보조수원,48,2.2,2,5,3,100,필댐(죤형),2360,191,4,29.7,29.7,0,사통형,95.06,94.76,91.71,054-778-1037
4713010355,경북,경주,심곡,경상북도 경주시 서면 심곡리,1930-01-01,1931-12-30,1,주수원,1970,57.2,51.1,1025,10,100,필댐(죤형),42500,198,17.6,3124,3124,0,취수탑형,113.29,112.4,100.5,054-778-1037
4713010370,경북,경주,사라,경상북도 경주시 서면 사라리,1945-01-01,1945-12-30,2,보조수원,193,3.3,3,89.6,7,100,필댐(죤형),5650,120,10.3,54,52,2,사통형,111.4,111.1,107.5,054-778-1037
4713010377,경북,경주,군곡,경상북도 경주시 서면 운대리,1945-01-01,1945-12-30,2,보조수원,290,1.2,0.53,2,5,100,필댐(죤형),3550,115,6,15.5,15.5,0,사통형,95.7,95.4,91.97,054-778-1037
4713010378,경북,경주,운대,경상북도 경주시 서면 운대리,1945-01-01,1945-12-30,2,보조수원,1490,5.3,16.96,38.5,10,100,필댐(죤형),3850,495,7.5,148,148,0,사통형,96.6,96.3,95,054-778-1037
4713010404,경북,경주,남사,경상북도 경주시 현곡면 남사리,1952-01-01,1963-12-30,1,주수원,715,26.4,21.95,238.3,10,100,필댐(죤형),58500,316,17.4,960,952,8,사통형,91.8,91,80,054-778-1037
4713010406,경북,경주,금광,경상북도 경주시 현곡면 상구리,1952-01-01,1963-12-30,2,보조수원,280,5.9,5.71,50,10,100,필댐(죤형),14500,190,11.5,195,193,2,사통형,56.18,55.68,50.38,054-778-1037
4713010411,경북,경주,내태,경상북도 경주시 현곡면 래태리,1966-01-01,1970-12-30,1,주수원,400,12.2,11.1,115.1,10,100,필댐(죤형),46550,220,20.8,784.8,783.8,1,사통형,105.78,104.58,92.64,054-778-1037
4713010425,경북,포항.울릉,애미,경상북도 경주시 강동면 단구리,1959-01-01,1963-02-19,2,보조수원,40,2.98,2.7,20,10,100,필댐(죤형),1120,140,8,63.95,63.45,0.5,사통형,70,69,65,054-720-7002
4713010428,경북,포항.울릉,부흥,경상북도 경주시 강동면 단구리,1960-02-10,1963-12-13,2,주수원,230,6.14,5.54,57.5,10,100,필댐(죤형),2537,145,17.5,230.62,219.4,11.22,사통형,96,94,85.6,054-720-7002
4713010429,경북,포항.울릉,낙산,경상북도 경주시 강동면 단구리,1959-01-01,1964-01-07,2,보조수원,35,0.9,0.1,5,5,100,필댐(죤형),550,110,7,20.2,20.02,0.18,사통형,71,70,66.5,054-720-7002
4713010432,경북,경주,작동,경상북도 경주시 강동면 오금리,1945-01-01,1945-12-30,2,보조수원,40,1.2,1.1,12,10,100,필댐(죤형),2400,50,8,22,21.2,0.8,사통형,27.4,27.1,24,054-778-1037
4713010433,경북,경주,왕신,경상북도 경주시 강동면 왕신리,1966-01-01,1975-01-01,1,주수원,2200,32,28.7,276.2,10,100,필댐(죤형),45550,303,19,1839,1839,0,사통형,57.7,56.2,44,054-778-1037
4713010442,경북,경주,물천,경상북도 경주시 천북면 물천리,1959-01-01,1966-12-30,1,주수원,240,7.7,7,76,10,100,필댐(죤형),53800,418,16,348,348,0,사통형,88.85,88.25,78,054-778-1037
4713010443,경북,경주,갈곡,경상북도 경주시 천북면 갈곡리,1942-01-01,1945-12-30,2,보조수원,190,2.9,2.6,24,7,100,필댐(죤형),14500,264,9.4,94.1,94.1,0,사통형,93.44,92.74,85.96,054-778-1037
4713010444,경북,경주,분황,경상북도 경주시 천북면 갈곡리,1960-01-01,1966-12-30,2,보조수원,6,2.2,2,6,10,100,필댐(죤형),1650,96,4,33,33,0,사통형,54.67,54.17,50.67,054-778-1037
4713010445,경북,경주,중방,경상북도 경주시 천북면 갈곡리,1966-01-01,1969-12-30,2,주수원,120,2.6,2.72,32.3,7,100,필댐(죤형),16850,178,9.9,162,162,0,사통형,122.68,122.38,111,054-778-1037
4713010448,경북,경주,성지,경상북도 경주시 천북면 성지리,1942-01-01,1943-12-30,1,주수원,803,30.8,27.5,133.8,7,100,필댐(죤형),14600,212,10.26,902.9,902.9,0,사통형,55.46,54.89,47,054-778-1037
4713010449,경북,경주,대곡,경상북도 경주시 천북면 성지리,1974-01-01,1976-12-30,1,주수원,139,3.5,3.46,37,7,100,필댐(죤형),27600,215.4,22.8,335.7,330.1,5.6,사통형,133.49,138,121,054-778-1037
4713010457,경북,경주,화산,경상북도 경주시 천북면 화산리,1995-01-01,1999-12-30,1,주수원,530,10.7,12.8,93.2,10,100,필댐(죤형),62760,128,37,1123,979,144,사통형,188,187,166,054-778-1037
4713010460,경북,경주,노곡,경상북도 경주시 내남면 노곡리,1945-01-01,1945-12-30,2,보조수원,18,0.7,0.6,2.8,5,50,필댐(죤형),3000,171,3.5,10.1,10.1,0,사통형,78.32,77.82,75.5,054-778-1037
4713010462,경북,경주,양피,경상북도 경주시 남산동,1945-01-01,1945-12-30,2,보조수원,2.5,0.22,0.2,15,7,100,필댐(죤형),2250,180,5,3,3,0,사통형,79.9,79.6,74.8,054-778-1037
4713010464,경북,경주,대현,경상북도 경주시 산내면 내일리,1992-01-01,2002-12-31,1,주수원,5410,21.2,19.39,220,10,200,필댐(죤형),90152,114,20.4,642,593.2,48.8,사통형,235.7,233.6,228.5,054-778-1037
4713010465,경북,경주,심원,경상북도 경주시 산내면 일부리,1992-01-01,2002-12-30,1,주수원,407,7.6,6.9,78,10,100,필댐(죤형),110221,156,21.6,519.1,453,66.1,사통형,251,250,239,054-778-1037
4713010467,경북,경주,입실,경상북도 경주시 외동읍 입실리,1997-04-25,2004-06-30,1,주수원,310,5.5,5.66,70,10,100,필댐(죤형),356150,174,45,704,531,173,취수탑형,258,256.7,238,054-778-1037
4713010469,경북,경주,화산곡,경상북도 경주시 안강읍 두류리,1997-12-05,2004-12-31,1,주수원,740,20.8,17.86,267,10,200,필댐(코어형),454000,216,40.2,2238,2234.3,3.7,사통형,115.7,114.4,93.5,054-778-1037
4713010484,경북,경주,모화,경상북도 경주시 외동읍 모화리,1999-01-29,2014-12-31,1,주수원,385,7.26,6.72,105,10,200,필댐(죤형),545000,281,50.3,781,673,108,취수탑형,177.3,176,156,054-778-1037
4713010485,경북,경주,괘릉,경상북도 경주시 외동읍 괘릉리,1999-01-29,2014-12-31,1,주수원,170,7,6.6,83,10,200,필댐(죤형),416231,247,47.12,803,695,108,취수탑형,227.4,226.4,208.5,054-778-1037
4713010486,경북,경주,개곡,경상북도 경주시 외동읍 개곡리,1999-01-29,2014-12-31,1,주수원,250,7.32,6.95,106,10,200,필댐(죤형),542458,422,45.2,954,801,153,취수탑형,190.2,189.2,166,054-778-1037
4715010030,경북,구미.김천,숭산,경상북도 김천시 아포읍 송천리,1951-01-01,1953-12-31,2,주수원,67,0.67,0.61,11.5,10,100,필댐(죤형),4361,79,6,10.52,10.52,0,사통형,58.45,57.75,54.9,054-712-3400
4715010041,경북,구미.김천,노곡,경상북도 김천시 농소면 노곡리,1960-01-01,1963-01-01,2,주수원,285,23.1,2.1,27.8,10,100,필댐(죤형),69082,158,16.9,88.03,88.03,0,사통형,182.9,182,172.8,054-712-3400
4715010054,경북,칠곡,남북,경상북도 김천시 남면 부상리,1945-01-01,1954-03-31,1,주수원,1000,14.6,14.5,141.8,3,100,필댐(죤형),11765,97.4,15.6,863.72,863.72,0,사통형,161.84,160.84,146.43,054-800-5000
4715010059,경북,구미.김천,오봉,경상북도 김천시 남면 오봉리,1979-01-01,1989-01-01,1,주수원,1460,52.7,43.74,517.6,10,100,필댐(죤형),239925,267,23.8,3957.58,3832.41,125.17,취수탑형,108.5,107.3,87,054-712-3400
4715010110,경북,구미.김천,광덕,경상북도 김천시 감문면 광덕리,1957-01-01,1959-01-01,1,주수원,384,14.35,13.05,124.4,10,100,필댐(죤형),89056,230,16,794.6,794.6,0,사통형,92,91,79.2,054-712-3400
4715010143,경북,구미.김천,금화,경상북도 김천시 봉산면 상금리,1956-01-01,1959-01-01,2,주수원,600,3.86,3.51,33.7,10,100,필댐(죤형),56923,168,15.5,115.24,115.24,0,사통형,176.5,176,168.6,054-712-3400
4715010156,경북,구미.김천,직지,경상북도 김천시 대항면 향천리,1952-01-01,1957-01-01,1,주수원,600,15.47,14.07,155.7,10,100,필댐(죤형),108342,207,18.3,815.84,815.84,0,사통형,128.9,128,116.1,054-712-3400
4715010177,경북,구미.김천,대방,경상북도 김천시 조마면 대방리,1957-01-01,1959-01-01,2,주수원,600,3.7,3.53,51.6,10,100,필댐(죤형),94132,198,17.7,187.2,187.2,0,사통형,221.1,220,211,054-712-3400
4717010013,경북,안동,만운,경상북도 안동시 풍산읍 만운리,1952-01-01,1959-01-01,1,주수원,2311,77.91,68.63,416.2,10,200,필댐(죤형),88760,160,14.6,3760,3585,175,취수탑형,104.15,102.95,93.5,054-850-5725
4717010014,경북,안동,신양,경상북도 안동시 풍산읍 신양리,1987-01-01,1997-01-01,1,주수원,409,18,17.6,131,10,100,필댐(죤형),23167,222,35.7,1756.7,1756.7,0,취수탑형,158.3,157.3,131,054-850-5725
4717010016,경북,안동,산곡,경상북도 안동시 풍산읍 오미리,1931-01-01,1933-01-01,2,보조수원,46,2.3,2,11,10,200,필댐(죤형),2598,157,8,34.8,34.8,0,사통형,104.4,103.44,99.94,054-850-5725
4717010017,경북,안동,소산,경상북도 안동시 풍산읍 소산리,1943-12-09,1945-01-01,2,주수원,85,4.5,4.2,24.1,10,200,필댐(죤형),2552,193,8.7,112.6,112.6,0,사통형,82.7,81.65,78.35,054-850-5725
4717010062,경북,안동,건잦,경상북도 안동시 풍천면 광덕리,1943-12-02,1945-01-01,2,주수원,53,1.2,0.9,15.9,10,200,필댐(죤형),13216,75,8.9,28.2,28.2,0,사통형,128.7,127.7,121.29,054-850-5725
4717010063,경북,안동,석방,경상북도 안동시 풍천면 기산리,1943-12-02,1945-01-01,2,주수원,112,2.2,2,12,5,100,필댐(죤형),4426,176,11.7,29.3,29.3,0,사통형,89.3,88.34,86,054-850-5725
4717010085,경북,안동,호민,경상북도 안동시 풍천면 갈전리,1939-12-13,1942-01-01,1,주수원,530,33,29,148.8,10,200,필댐(죤형),4672,290,8,803.5,769.6,33.9,사통형,86.85,85.65,81.25,054-850-5725
4717010086,경북,안동,가곡,경상북도 안동시 풍천면 가곡리,1943-08-19,1945-01-01,2,보조수원,85,3,2.6,57,5,200,필댐(죤형),19927,126,7,89,89,0,사통형,92,91,86.42,054-850-5725
4717010087,경북,안동,명동,경상북도 안동시 풍천면 하회리,1943-01-01,1945-01-01,2,보조수원,14,1,0.5,7,10,200,필댐(죤형),650,128,4.5,3.7,3.7,0,사통형,94.8,93.77,92.29,054-850-5725
4717010088,경북,안동,하회,경상북도 안동시 풍천면 하회리,1967-01-01,1969-01-01,2,보조수원,9,0.5,0.3,5,10,200,필댐(죤형),583,56,4.5,4,4,0,사통형,94,93,91,054-850-5725
4717010136,경북,안동,단호,경상북도 안동시 남후면 단호리,1941-09-01,1945-12-25,2,보조수원,147,4,3.5,13,10,200,필댐(죤형),1260,110,11,167.2,167.2,0,사통형,105,104,95.16,054-850-5725
4717010161,경북,안동,배방,경상북도 안동시 길안면 배방리,1969-01-08,1972-01-01,2,주수원,140,3,1.6,31.5,5,200,필댐(죤형),2942,111,13,69.9,69.9,0,사통형,349.6,348.6,340.68,054-850-5725
4717010171,경북,안동,위동,경상북도 안동시 임동면 위리,1972-01-01,1975-01-01,1,주수원,235,5.5,4.7,0,5,200,필댐(죤형),6276,91.6,18,320.4,308.3,12.1,사통형,189,188,175,054-850-5725
4717010175,경북,안동,지동,경상북도 안동시 임동면 지리,1944-03-02,1945-09-10,2,보조수원,11,1,0.9,1,5,200,필댐(죤형),945,123,5,5,5,0,사통형,166,165,164,054-850-5725
4717010176,경북,안동,매정,경상북도 안동시 녹전면 매정리,2000-11-14,2006-08-31,1,주수원,340,7,6.15,100,10,200,필댐(죤형),233000,144,39.1,579.7,516.4,63.3,사통형,282.1,281.1,266,054-850-5725
4717010177,경북,안동,한절골,경상북도 안동시 임하면 임하리,1943-12-09,1945-03-02,2,보조수원,20,0.5,0.4,3,10,200,필댐(죤형),380,72,8,10.1,9,1.1,사통형,134,132.9,130.4,054-850-5725
4717010178,경북,안동,대곡,경상북도 안동시 임동면 대곡리,2004-12-27,2009-05-11,1,주수원,240,4.77,4.5,72,10,200,필댐(죤형),143132,119,30.8,382.5,329.8,52.7,사통형,321,320,303,054-850-5725
4717010359,경북,안동,남흥,경상북도 안동시 와룡면 중가구리,2008-12-29,2021-12-31,1,부속시설,290,5.38,5,0,10,20,필댐(죤형),113.93,149,28.7,458.5,422.5,36,사통형,191,190.9,178,054-850-5725
4719010009,경북,구미.김천,대성,경상북도 구미시 선기동,1953-01-01,1962-01-01,1,주수원,1780,60.22,55.41,352.4,10,100,필댐(죤형),106394,188,18.84,3301.6,3301.6,0,사통형,85.3,84,69.2,054-712-3400
4719010011,경북,구미.김천,금오,경상북도 구미시 남통동,1945-01-01,1947-12-31,1,주수원,1100,26.69,24.27,55.4,10,100,필댐(죤형),157796,252,21.21,1739.83,1734.76,5.07,사통형,86.4,84.6,68.2,054-712-3400
4719010019,경북,칠곡,학서,경상북도 구미시 구평동,1931-04-15,1932-05-31,2,주수원,470,11.6,11,1.7,10,100,필댐(죤형),9744,209,12.4,295.29,295.29,0,사통형,78.93,78.03,71.14,054-800-5000
4719010022,경북,칠곡,백곡,경상북도 구미시 구평동,1944-03-25,1945-03-04,2,주수원,250,3.41,3.25,7.7,10,100,필댐(죤형),10350,150,15.5,121.62,121.62,0,사통형,100.2,99.2,89.65,054-800-5000
4719010026,경북,칠곡,검성,경상북도 구미시 황상동,1964-11-02,1967-12-30,2,주수원,133,4.94,4.7,0.5,10,100,필댐(죤형),32820,120,9.5,64.4,64.4,0,사통형,77.14,76.34,71.31,054-800-5000
4719010060,경북,구미.김천,문수,경상북도 구미시 고아읍 문성리,1945-01-01,1948-12-31,2,주수원,740,7.83,7.46,48.6,10,100,필댐(죤형),30960,720,5,175.1,175.1,0,사통형,55.4,54.8,50.4,054-712-3400
4719010077,경북,구미.김천,무을,경상북도 구미시 무을면 상송리,1966-01-01,1970-01-01,1,주수원,750,36.39,30.99,234,10,100,필댐(죤형),175331,365,17.23,1452.82,1387.42,65.4,사통형,103.95,103.03,91.03,054-712-3400
4719010095,경북,구미.김천,초곡,경상북도 구미시 옥성면 초곡리,1961-01-01,1963-01-01,2,보조수원,5,1.02,0.97,5,10,100,필댐(죤형),6750,150,5,21,21,0,사통형,78.6,78,68.5,054-712-3400
4719010099,경북,구미.김천,옥관,경상북도 구미시 옥성면 옥관리,1976-01-01,1979-01-01,1,주수원,460,7.6,6.85,128.9,10,100,필댐(죤형),284866,229,29,591.35,591.35,0,사통형,213.2,212,192.9,054-712-3400
4719010104,경북,구미.김천,대원,경상북도 구미시 옥성면 대원리,1945-01-01,1948-01-01,1,주수원,1150,43.43,40.44,448.8,10,200,필댐(죤형),75607,285,17,2947,2880,67,취수탑형,82.1,81.3,70,054-712-3400
4719010126,경북,구미.김천,제비,경상북도 구미시 해평면 해평리,1945-01-01,1948-12-31,2,보조수원,4,0.22,0.2,2,5,100,필댐(죤형),1317,151,3,0.9,0.9,0,사통형,39.6,39.4,37.2,054-712-3400
4719010127,경북,구미.김천,서당,경상북도 구미시 해평면 낙성리,1945-01-01,1948-12-31,2,보조수원,3,0.22,0.2,2,10,100,필댐(죤형),1625,130,2.5,0.9,0.9,0,사통형,43.4,43.2,39.7,054-712-3400
4719010128,경북,구미.김천,가망,경상북도 구미시 해평면 오상리,1945-01-01,1948-12-31,2,보조수원,18,0.22,0.2,5.8,10,100,필댐(죤형),2722,162,3,0.9,0.9,0,사통형,40.7,40.2,38.2,054-712-3400
4719010134,경북,구미.김천,연지,경상북도 구미시 해평면 금호리,1945-01-01,1948-12-31,2,보조수원,32,3.3,3,2,5,100,필댐(죤형),3646,217,3,3.3,3.3,0,사통형,50.7,50.2,43.8,054-712-3400
4719010135,경북,구미.김천,용수,경상북도 구미시 해평면 송곡리,1945-01-01,1948-12-31,2,주수원,289,3.6,3.28,32.2,10,100,필댐(죤형),15477,143,8.7,95.35,95.35,0,사통형,73.5,73,68,054-712-3400
4719010136,경북,구미.김천,송암,경상북도 구미시 해평면 송곡리,1945-01-01,1948-12-31,2,주수원,22,1.63,1.49,5.8,10,100,필댐(죤형),24462,452,6,40.26,40.26,0,사통형,62.6,62,58.7,054-712-3400
4719010137,경북,구미.김천,창림,경상북도 구미시 해평면 창림리,1942-01-01,1953-01-01,1,주수원,752,25.75,25.4,318.2,10,100,필댐(죤형),169025,305,19.03,1662.17,1649.49,12.68,사통형,72.2,71,57.9,054-712-3400
4719010141,경북,구미.김천,칠창,경상북도 구미시 해평면 낙산리,1945-01-01,1948-12-31,2,주수원,16,0.94,0.86,13.9,10,100,필댐(죤형),6243,139,5.4,16,16,0,사통형,95.6,95,92.4,054-712-3400
4719010142,경북,구미.김천,후곡,경상북도 구미시 해평면 낙산리,1961-01-01,1963-12-31,2,주수원,32,0.55,0.5,10.2,10,100,필댐(죤형),5043,108,5.5,9.9,9.9,0,사통형,91.53,90.93,88.03,054-712-3400
4719010164,경북,구미.김천,학사,경상북도 구미시 산동읍 임천리,1945-01-01,1945-12-31,2,보조수원,48,1.28,1.2,3,5,100,필댐(죤형),8446,153,6,24,24,0,사통형,59.1,58.5,53.5,054-712-3400
4719010167,경북,구미.김천,인덕,경상북도 구미시 산동읍 인덕리,1972-01-01,1974-01-01,1,주수원,275,10.7,7.36,61.5,10,100,필댐(죤형),62808,200,14.1,342.06,322,20.06,사통형,68.93,67.93,58.43,054-712-3400
4719010209,경북,구미.김천,오로,경상북도 구미시 장천면 오로리,1976-01-01,1978-01-01,1,주수원,810,37.37,31.34,181.4,10,100,필댐(죤형),87160,213,16.5,1898.34,1890.04,8.3,사통형,83.2,82,69.3,054-712-3400
4719010235,경북,의성.군위,백현,경상북도 구미시 산동읍 백현리,1995-02-01,2000-07-31,1,주수원,290,13.97,13.3,99,10,200,필댐(죤형),142230,183.5,22,1179,908.4,270.6,사통형,107.5,106.5,95.5,054-830-8126
4721010008,경북,영주.봉화,금계,경상북도 영주시 풍기읍 욱금리,1979-12-15,1987-12-21,1,주수원,2425,41,39.1,560.7,10,200,필댐(죤형),55347,182,40.7,5293,5271,22,취수탑형,307.8,306.7,279,054-639-5025
4721010048,경북,영주.봉화,대평,경상북도 영주시 안정면 대평리,1945-01-01,1946-12-31,2,주수원,42,1.6,1.5,35.9,10,200,필댐(죤형),6615,315,7,20,20,0,사통형,209.4,208.9,206.5,054-639-5025
4721010055,경북,영주.봉화,순흥,경상북도 영주시 순흥면 내죽리,1986-03-18,1996-09-30,1,주수원,2550,26,24.38,343.8,10,200,필댐(죤형),541054,313,37,2528.04,2352,176.04,취수탑형,277.9,276.4,259.8,054-639-5025
4721010060,경북,영주.봉화,당남,경상북도 영주시 부석면 임곡리,1945-01-01,1946-12-31,2,주수원,18,0.78,0.71,23.1,10,200,필댐(죤형),1080,90,6,8.7,8.7,0,사통형,371.4,370.9,369,054-639-5025
4721010061,경북,영주.봉화,단산,경상북도 영주시 단산면 옥대리,1991-05-29,2002-12-31,1,주수원,2750,30.26,28.64,481,10,200,필댐(죤형),812857,334,41.4,3833,3807.4,25.6,취수탑형,306.5,305.5,278,054-639-5025
4721010124,경북,영주.봉화,부석,경상북도 영주시 부석면 소천리,1998-12-31,2011-12-31,1,주수원,775,12.7,11.9,0,10,200,필댐(죤형),280980,158,40.8,1856.2,1785.2,71,취수탑형,382.2,381,357,054-639-5025
4721010125,경북,영주.봉화,성곡,경상북도 영주시 장수면 갈산리,1999-10-15,2016-12-31,1,주수원,970,23,22,0,10,200,필댐(죤형),525900,305,33.9,1659.9,1508.1,151.8,취수탑형,170.9,169.6,154,054-639-5025
4723010019,경북,영천,입,경상북도 영천시 봉동,1943-01-01,1945-12-28,2,보조수원,42,1.63,1.5,4.9,10,100,필댐(죤형),1380,120,5,45.9,45.9,0,사통형,199.5,199,195.71,054-339-5014
4723010021,경북,영천,승일,경상북도 영천시 봉동,1943-01-01,1945-12-28,2,보조수원,17,1.63,1.5,3.5,10,100,필댐(죤형),481,52,4,21.6,21.6,0,사통형,86.7,86.2,81.81,054-339-5014
4723010074,경북,영천,오수,경상북도 영천시 오수동,1943-10-01,1945-12-28,2,보조수원,31,2.2,1.1,5.4,10,100,필댐(죤형),3297,210,6,16.9,16.9,0,사통형,93.5,93,90.19,054-339-5014
4723010103,경북,영천,대미,경상북도 영천시 금호읍 대미리,1943-01-01,1945-12-28,1,보조수원,285,9.94,9.12,57.6,10,100,필댐(죤형),7447,265,9.4,418.8,418.8,0,사통형,88.5,84.41,77.13,054-339-5014
4723010105,경북,영천,부,경상북도 영천시 금호읍 원제리,1943-01-01,1945-12-28,1,보조수원,228,10.7,9.82,66.8,10,100,필댐(죤형),5692,211,11.1,408.7,408.7,0,사통형,86.19,85.69,77.25,054-339-5014
4723010109,경북,영천,탑,경상북도 영천시 금호읍 신월리,1943-01-01,1945-12-28,2,보조수원,137,10.68,9.8,37.9,10,100,필댐(죤형),7050,600,5,202,202,0,사통형,100.5,100,95.33,054-339-5014
4723010111,경북,영천,곡,경상북도 영천시 금호읍 봉죽리,1943-01-01,1945-12-28,2,보조수원,62,1.42,1.31,9.9,10,100,필댐(죤형),2794,150,9.2,30.8,30.8,0,사통형,98.95,98.45,94.31,054-339-5014
4723010112,경북,영천,해현,경상북도 영천시 금호읍 황정리,1943-01-01,1945-12-28,2,보조수원,2.4,2.41,2.21,2,10,100,필댐(죤형),3593,190,7.8,73.1,73.1,0,사통형,89.3,88.8,82.38,054-339-5014
4723010138,경북,영천,불모,경상북도 영천시 대창면 병암리,1943-01-01,1945-12-28,2,보조수원,10,0.65,0.6,1.8,10,100,필댐(죤형),558,62,5.5,8.4,8.4,0,사통형,73.67,73.17,70.62,054-339-5014
4723010145,경북,영천,대승,경상북도 영천시 금호읍 오계리,1983-05-28,1992-12-31,1,주수원,715,58,55.8,189.7,10,100,필댐(죤형),10591,359,13.5,1704,1619,85,사통형,78.8,77.8,67.5,054-339-5014
4723010146,경북,영천,고모,경상북도 영천시 금호읍 오계리,1943-01-01,1945-12-28,2,보조수원,30,1.14,1.05,6.5,10,100,필댐(죤형),903,95,5,21.4,21.4,0,사통형,81.72,81.22,77.35,054-339-5014
4723010152,경북,영천,신(금호),경상북도 영천시 금호읍 남성리,1943-01-01,1945-12-28,2,보조수원,7,1.63,1.5,2.5,10,100,필댐(죤형),850,103,5,21.7,21.7,0,사통형,81.6,81.1,77.25,054-339-5014
4723010153,경북,영천,구룡,경상북도 영천시 금호읍 남성리,1943-01-01,1945-12-28,2,보조수원,15,2.27,2.09,6.8,10,100,필댐(죤형),1573,110,7,36.6,36.6,0,사통형,73.3,72.8,68.01,054-339-5014
4723010154,경북,영천,남성,경상북도 영천시 금호읍 남성리,1943-01-01,1945-12-28,2,보조수원,9,0.61,0.56,3,10,100,필댐(죤형),630,90,4,8.4,8.4,0,사통형,83.85,83.35,80.54,054-339-5014
4723010156,경북,영천,숙,경상북도 영천시 금호읍 삼호리,1943-01-01,1945-12-28,2,보조수원,6,3.2,2.7,1.2,10,100,필댐(죤형),747,83,4,5.6,5.6,0,사통형,73.7,73.2,71.36,054-339-5014
4723010157,경북,영천,가라,경상북도 영천시 금호읍 삼호리,1943-01-01,1945-12-28,2,보조수원,60,2.76,2.54,11.1,10,100,필댐(죤형),1884,120,7.8,73.8,73.8,0,사통형,71,70.19,65.25,054-339-5014
4723010194,경북,영천,풍락,경상북도 영천시 청통면 대평리,1943-01-01,1945-12-28,1,주수원,980,66.27,60.8,334.9,10,100,필댐(죤형),11826,324,15,2143.1,2143.1,0,사통형,73.82,72.82,60.57,054-339-5014
4723010234,경북,영천,오라,경상북도 영천시 신녕면 치산리,1967-01-01,1971-01-01,1,주수원,400,8.62,7.91,91.8,10,100,필댐(죤형),9847,266,18.6,573.3,573.3,0,사통형,212.74,212.24,197.32,054-339-5014
4723010253,경북,영천,남티,경상북도 영천시 신녕면 왕산리,1943-01-01,1945-12-28,2,보조수원,50,1.27,1.17,1,10,100,필댐(죤형),1853,84,10.8,36.4,36.4,0,사통형,157.36,156.86,152.11,054-339-5014
4723010254,경북,영천,왕산,경상북도 영천시 신녕면 왕산리,1983-01-01,1989-01-01,2,보조수원,397,3.05,2.8,29,10,100,필댐(죤형),6188,110,22.5,142.4,142.4,0,사통형,216.4,215.9,202.74,054-339-5014
4723010256,경북,영천,매왕,경상북도 영천시 신녕면 매양리,1943-01-01,1945-12-28,2,주수원,250,7.41,6.8,33,10,100,필댐(죤형),5076,144,13.5,163.08,163.08,0,사통형,158.31,157.81,148.2,054-339-5014
4723010258,경북,영천,하마,경상북도 영천시 신녕면 완전리,1956-01-02,1958-12-31,2,주수원,170,10.45,9.59,29.8,10,100,필댐(죤형),1567,88,9,232.6,232.6,0,사통형,135.56,135.06,129.17,054-339-5014
4723010262,경북,영천,신양,경상북도 영천시 신녕면 연정리,1943-01-01,1945-12-28,2,보조수원,42,2.18,2,4,10,100,필댐(죤형),939,76,7,135.2,135.2,0,사통형,159.35,158.85,148.57,054-339-5014
4723010263,경북,영천,후곡,경상북도 영천시 신녕면 연정리,1943-01-01,1945-12-28,2,보조수원,48,0.76,0.7,5.5,10,100,필댐(죤형),1003,85,7.2,16.6,16.6,0,사통형,174.2,173.7,170.09,054-339-5014
4723010264,경북,영천,화산,경상북도 영천시 신녕면 연정리,1979-01-01,1983-01-01,1,주수원,395,15.04,13.8,117.2,10,100,필댐(죤형),12839,194,24.3,1009.2,1009.2,0,사통형,181,180,161.46,054-339-5014
4723010268,경북,영천,가천,경상북도 영천시 신녕면 가천리,1956-01-01,1958-12-31,1,주수원,490,9.81,8.91,99.6,10,100,필댐(죤형),8421,226,15.8,535.8,535.8,0,사통형,173,171.95,156.81,054-339-5014
4723010290,경북,영천,구연,경상북도 영천시 화산면 대안리,1943-01-01,1945-12-28,2,보조수원,36,1.96,1.8,3.2,10,100,필댐(죤형),1186,153,4.5,34.3,34.3,0,사통형,131.67,131.17,127.5,054-339-5014
4723010291,경북,영천,대안,경상북도 영천시 화산면 대안리,1943-01-01,1945-12-28,2,보조수원,26,1.85,1.7,6.5,10,100,필댐(죤형),918,108,5.9,28.2,28.2,0,사통형,112.26,111.74,107.66,054-339-5014
4723010292,경북,영천,신(화산),경상북도 영천시 화산면 덕암리,1943-01-01,1945-12-28,2,보조수원,65,1.53,1.4,7,10,100,필댐(죤형),692,101,4,6.9,6.9,0,사통형,118.54,118.04,116.19,054-339-5014
4723010293,경북,영천,늘얼,경상북도 영천시 화산면 대안리,1943-01-01,1945-12-31,2,보조수원,15,0.56,0.52,2.2,10,100,필댐(죤형),629,74,5,9.3,9.3,0,사통형,133.14,132.64,129.66,054-339-5014
4723010296,경북,영천,갈마,경상북도 영천시 화산면 효정리,1943-01-01,1945-12-28,2,보조수원,41,0.97,0.89,2.3,10,100,필댐(죤형),1799,83,8,14.8,14.8,0,사통형,168.1,167.6,164.75,054-339-5014
4723010300,경북,영천,효정,경상북도 영천시 화산면 효정리,1943-01-01,1945-12-28,2,보조수원,32,2.07,1.9,4,10,100,필댐(죤형),923,90,5,25.2,25.2,0,사통형,139.2,138.7,135.23,054-339-5014
4723010301,경북,영천,곽산,경상북도 영천시 화산면 효정리,1943-01-01,1945-12-28,2,보조수원,56,0.62,0.57,4.8,10,100,필댐(죤형),750,75,6,8.28,8.28,0,사통형,137,136,133.44,054-339-5014
4723010302,경북,영천,연지,경상북도 영천시 화산면 효정리,1943-01-01,1945-12-28,2,보조수원,148,4.14,3.8,4.3,10,100,필댐(죤형),1644,125,8.1,65.4,65.4,0,사통형,143.99,143.49,139.78,054-339-5014
4723010303,경북,영천,당지,경상북도 영천시 화산면 당지리,1995-08-05,2004-05-31,1,주수원,840,25.92,24.21,114.8,10,100,필댐(죤형),13254,209,28.1,2150,1844,306,취수탑형,174.9,173.7,160,054-339-5014
4723010347,경북,영천,삼부,경상북도 영천시 화산면 삼부리,1943-01-01,1945-12-28,2,보조수원,6.4,1.85,1.7,1,10,100,필댐(죤형),2660,122,9,106.5,106.5,0,사통형,100.5,100,93,054-339-5014
4723010363,경북,영천,달산,경상북도 영천시 화북면 자천리,1943-01-01,1945-12-28,2,보조수원,50,1.09,1,4.5,10,100,필댐(죤형),1426,88,7.6,23.9,23.9,0,사통형,196.8,196.3,192.34,054-339-5014
4723010364,경북,영천,봉당,경상북도 영천시 화북면 자천리,1943-01-01,1945-12-28,2,보조수원,55,1.74,1.6,7.8,10,100,필댐(죤형),1538,105,7.8,34.1,34.1,0,사통형,161.91,161.41,157.25,054-339-5014
4723010365,경북,영천,집당,경상북도 영천시 화북면 자천리,1943-01-01,1945-12-28,2,보조수원,10,1.74,1.6,2,10,100,필댐(죤형),542,65,4.6,6.9,6.9,0,사통형,160.9,160.4,157.66,054-339-5014
4723010366,경북,영천,황곡,경상북도 영천시 화북면 자천리,1943-01-01,1945-12-28,2,보조수원,50,3.05,2.8,8.4,10,100,필댐(죤형),2012,114,9.48,66.9,66.9,0,사통형,159.75,159.25,154.47,054-339-5014
4723010369,경북,영천,대곡(화북),경상북도 영천시 화북면 옥계리,1943-01-01,1945-12-28,2,보조수원,40,1.16,1.07,4.5,10,100,필댐(죤형),1109,84,7.8,28.2,28.2,0,사통형,177.8,177.3,172.28,054-339-5014
4723010385,경북,영천,선석,경상북도 영천시 화북면 횡계리,1943-01-01,1945-12-28,2,보조수원,20,0.76,0.7,2.8,10,100,필댐(죤형),1309,85,7.2,15.8,15.8,0,사통형,203.1,202.6,198.5,054-339-5014
4723010386,경북,영천,횡계,경상북도 영천시 화북면 횡계리,1974-01-01,1975-12-31,1,주수원,1800,9.42,8.65,115,10,100,필댐(죤형),10843,180,21.6,481.4,481.4,0,사통형,220.83,219.83,207.36,054-339-5014
4723010404,경북,영천,신(화북),경상북도 영천시 화북면 오산리,1943-01-01,1945-12-28,2,보조수원,78,1.31,1.2,5.8,10,100,필댐(죤형),1111,115,7.1,54.7,54.7,0,사통형,159.5,158.68,152.81,054-339-5014
4723010405,경북,영천,오곡,경상북도 영천시 화북면 오동리,1943-01-01,1945-12-28,2,보조수원,7,0.76,0.7,2.5,10,100,필댐(죤형),611,74,5,9.9,9.9,0,사통형,151.5,151,148.48,054-339-5014
4723010406,경북,영천,시목지,경상북도 영천시 화북면 오동리,1943-01-01,1945-12-28,2,보조수원,18,1.2,1.1,4,10,100,필댐(죤형),458,50,5.5,10.2,10.2,0,사통형,156.2,155.7,152,054-339-5014
4723010437,경북,영천,벌못,경상북도 영천시 화남면 사천리,1943-01-01,1945-12-28,2,보조수원,45,2.83,2.6,1,10,100,필댐(죤형),1196,104,7,18.7,18.7,0,사통형,126.2,125.7,122.84,054-339-5014
4723010438,경북,영천,천앙,경상북도 영천시 화남면 사천리,1943-01-01,1945-12-28,2,보조수원,10,0.55,0.5,0.7,10,100,필댐(죤형),810,60,8.5,5.7,5.7,0,사통형,119.7,119.2,116.33,054-339-5014
4723010439,경북,영천,고려장,경상북도 영천시 화남면 사천리,1943-01-01,1945-12-28,2,보조수원,5,0.27,0.25,8.8,10,100,필댐(죤형),619,55,7,4.3,4.3,0,사통형,123.75,123.25,119.88,054-339-5014
4723010440,경북,영천,보두막,경상북도 영천시 화남면 사천리,1943-01-01,1945-12-28,2,보조수원,5,0.33,0.3,0.5,10,100,필댐(죤형),894,65,8.5,9,9,0,사통형,119.47,118.97,114.98,054-339-5014
4723010441,경북,영천,배암골,경상북도 영천시 화남면 사천리,1943-01-01,1945-12-28,2,보조수원,8,0.76,0.7,1,10,100,필댐(죤형),580,58,6,6.8,6.8,0,사통형,114.03,113.53,110.42,054-339-5014
4723010443,경북,영천,노방,경상북도 영천시 화남면 사천리,1976-01-01,1979-01-01,1,주수원,272,10.72,9.84,77.5,10,100,필댐(죤형),7423,185,16.5,351,351,0,사통형,120.74,120.24,108.82,054-339-5014
4723010447,경북,영천,골안,경상북도 영천시 화남면 대천리,1943-01-01,1945-12-28,2,보조수원,39,1.92,1.77,2,10,100,필댐(죤형),1183,97,7.3,43.6,43.6,0,사통형,135.46,134.96,129.6,054-339-5014
4723010448,경북,영천,마골,경상북도 영천시 화남면 선천리,1943-01-01,1945-12-28,2,보조수원,20,0.98,0.9,3.5,10,100,필댐(죤형),870,58,6,8.5,8.5,0,사통형,139.21,138.71,134.9,054-339-5014
4723010449,경북,영천,신(화남),경상북도 영천시 화남면 대천리,1943-01-01,1945-12-28,2,보조수원,25,0.65,0.6,2,10,100,필댐(죤형),564,49,7,6.2,6.2,0,사통형,117.5,117,114.44,054-339-5014
4723010455,경북,영천,선천,경상북도 영천시 화남면 선천리,1943-01-01,1945-12-28,2,보조수원,15.4,0.22,0.2,1,10,100,필댐(죤형),390,50,4.7,5.52,5.52,0,사통형,128.46,127.96,124.34,054-339-5014
4723010456,경북,영천,한곡,경상북도 영천시 화남면 선천리,1979-01-01,1981-01-01,1,보조수원,68,7.85,7.2,1,10,100,필댐(죤형),9576,171,21.2,416.5,416.5,0,사통형,131.1,130.6,114.14,054-339-5014
4723010525,경북,영천,황강,경상북도 영천시 임고면 황강리,1943-01-01,1945-12-28,2,보조수원,16,0.87,0.8,1.6,10,100,필댐(죤형),875,125,3,7.6,7.6,0,사통형,114.6,114.1,112.08,054-339-5014
4723010544,경북,영천,대곡(임고),경상북도 영천시 임고면 효리,1943-01-01,1945-12-28,2,보조수원,45,0.33,0.3,2.5,10,100,필댐(죤형),600,64,4.5,2.6,2.6,0,사통형,126.99,126.49,124.07,054-339-5014
4723010545,경북,영천,방목,경상북도 영천시 임고면 효리,1943-01-01,1945-12-28,2,보조수원,49,0.44,0.4,2.9,10,100,필댐(죤형),827,104,4,8,6.8,1.2,사통형,119.97,119.47,117.42,054-339-5014
4723010546,경북,영천,돌성곡,경상북도 영천시 임고면 효리,1943-01-01,1945-12-28,2,보조수원,27,0.33,0.3,1.7,10,100,필댐(죤형),440,55,4,5.1,5.1,0,사통형,123.5,123,120.9,054-339-5014
4723010558,경북,영천,임고,경상북도 영천시 임고면 사리,2011-09-26,2013-12-31,1,주수원,2684,55.11,50.3,206.3,10,100,필댐(죤형),10086,275,21.5,3179.5,3179.5,0,취수탑형,168.32,166.72,151.72,054-339-5014
4723010584,경북,영천,우항,경상북도 영천시 임고면 우항리,1943-01-01,1945-12-28,2,보조수원,3,1.74,1.6,1,10,100,필댐(죤형),796,80,7,10.4,10.4,0,사통형,122.3,121.8,116.96,054-339-5014
4723010597,경북,영천,양호,경상북도 영천시 임고면 우항리,1969-01-01,1970-01-01,2,보조수원,30,1.64,1.5,1,10,100,필댐(죤형),2341,133,8.3,61.2,61.2,0,사통형,116.3,115.8,109.28,054-339-5014
4723010669,경북,영천,용전,경상북도 영천시 고경면 용전리,1943-01-01,1945-12-28,2,보조수원,32,1.42,1.3,4.2,10,100,필댐(죤형),1069,73,6,10.4,10.4,0,사통형,112.95,112.45,108.62,054-339-5014
4723010673,경북,영천,서운,경상북도 영천시 고경면 도암리,1943-01-01,1945-12-28,2,보조수원,5,1.64,1.5,1,10,100,필댐(죤형),2036,138,7,61.7,61.7,0,사통형,111.2,110.7,106.07,054-339-5014
4723010718,경북,영천,차당,경상북도 영천시 고경면 차당리,1957-01-01,1961-01-01,2,주수원,988,9.26,7.84,18.4,10,100,필댐(죤형),2563,149,8.52,137.26,137.26,0,사통형,110,108.7,104.33,054-339-5014
4723010757,경북,영천,삼포,경상북도 영천시 고경면 삼포리,1957-01-01,1961-01-01,2,주수원,480,6.54,6,50,10,100,필댐(죤형),4544,157,12.3,203.9,203.9,0,사통형,174.36,173.86,166.71,054-339-5014
4723010767,경북,영천,고경,경상북도 영천시 고경면 청정리,1954-01-01,1956-12-31,1,주수원,1690,32.85,30.14,215.2,10,100,필댐(죤형),6789,146,17.4,1345.5,1345.5,0,사통형,164,162.67,152.45,054-339-5014
4723010818,경북,영천,미망,경상북도 영천시 북안면 상리,1960-01-01,1963-01-01,2,보조수원,170,3.71,3.4,60.6,10,100,필댐(죤형),9978,167,21,259.2,259.2,0,사통형,200.75,200.25,187.14,054-339-5014
4723010819,경북,영천,두곡,경상북도 영천시 북안면 상리,1980-01-01,1982-01-01,2,보조수원,114,1.53,1.4,4.5,10,100,필댐(죤형),4500,125,13.6,75.35,75.35,0,사통형,254.95,254.45,244.81,054-339-5014
4723010837,경북,영천,도유,경상북도 영천시 북안면 도유리,1960-01-01,1963-01-01,1,주수원,570,17.22,15.8,142.8,10,100,필댐(죤형),3563,100,14.5,581.2,581.2,0,사통형,158.85,157.85,148.14,054-339-5014
4723010839,경북,영천,신(북안),경상북도 영천시 북안면 명주리,1943-01-01,1945-12-28,2,보조수원,4,0.87,0.8,0.9,10,100,필댐(죤형),982,82,6.5,18.3,18.3,0,사통형,134.5,134,130.06,054-339-5014
4723010840,경북,영천,신방,경상북도 영천시 북안면 명주리,1943-01-01,1945-12-28,2,보조수원,2,0.87,0.8,4.4,10,100,필댐(죤형),732,73,6.5,17.4,17.4,0,사통형,126.5,126,122.36,054-339-5014
4723010851,경북,영천,외통,경상북도 영천시 북안면 용계리,1943-01-01,1945-12-28,2,보조수원,5,0.44,0.4,1.4,10,100,필댐(죤형),744,88,4.2,5.1,5.1,0,사통형,137.5,137,134.65,054-339-5014
4723010855,경북,영천,범백,경상북도 영천시 북안면 신대리,1943-01-01,1945-12-28,2,보조수원,49,3.48,3.2,2.5,10,100,필댐(죤형),1956,120,6.8,86.3,86.3,0,사통형,119.53,119.03,113.86,054-339-5014
4723010856,경북,영천,개,경상북도 영천시 북안면 신대리,1943-01-01,1945-12-28,2,보조수원,80,1.81,1.66,4,10,100,필댐(죤형),2049,117,6.6,38.9,38.9,0,사통형,128,127.46,124.06,054-339-5014
4723010857,경북,영천,구로,경상북도 영천시 북안면 신리리,1943-01-01,1945-12-28,2,보조수원,62,1.43,1.31,3.9,10,100,필댐(죤형),1508,115,6.05,23.33,23.33,0,사통형,120.81,120.31,116.97,054-339-5014
4723010858,경북,영천,마평,경상북도 영천시 북안면 신리리,1943-01-01,1945-12-28,2,보조수원,209,1.85,1.7,6.4,10,100,필댐(죤형),2760,345,3,27.4,27.4,0,사통형,107.59,107.09,103.81,054-339-5014
4723010859,경북,영천,하신,경상북도 영천시 북안면 신리리,1943-01-01,1945-12-28,2,보조수원,16,0.87,0.8,0.2,10,100,필댐(죤형),2400,300,3.5,8.7,8.7,0,사통형,111.07,110.57,108.43,054-339-5014
4723010880,경북,영천,원두평,경상북도 영천시 북안면 도천리,1943-01-01,1945-12-28,2,보조수원,27,0.33,0.3,1.4,10,100,필댐(죤형),466,59,4.6,11.3,11.3,0,사통형,114.5,114,110.87,054-339-5014
4723010929,경북,영천,황산,경상북도 영천시 북안면 반정리,1943-01-01,1945-12-28,2,보조수원,10,7.52,6.9,1,10,100,필댐(죤형),2818,115,11.8,76.4,76.4,0,사통형,102.5,102,95.27,054-339-5014
4723010930,경북,영천,불,경상북도 영천시 북안면 반정리,1943-01-01,1945-12-28,2,보조수원,15,3.6,3.3,1,10,100,필댐(죤형),938,70,6.2,20.9,20.9,0,사통형,99.5,99,94.52,054-339-5014
4723010931,경북,영천,소부,경상북도 영천시 북안면 반정리,1943-01-01,1945-12-28,2,보조수원,22,7.52,6.9,1,10,100,필댐(죤형),1118,86,6,56.1,56.1,0,사통형,101.3,100.8,94.76,054-339-5014
4723010939,경북,영천,대부,경상북도 영천시 북안면 반정리,1943-01-01,1945-12-28,2,보조수원,48,6.65,2.82,18,3,100,필댐(죤형),2040,120,8,77.08,77.08,0,사통형,107.5,106.5,101.22,054-339-5014
4723010940,경북,영천,옥평,경상북도 영천시 북안면 송포리,1943-01-01,1945-12-28,2,보조수원,45,2.18,2,6,10,100,필댐(죤형),2030,140,6,53.4,53.4,0,사통형,88.5,88,83.56,054-339-5014
4723010942,경북,영천,유상,경상북도 영천시 북안면 유하리,1943-01-01,1945-12-28,1,주수원,505,20.81,19.1,101.1,10,100,필댐(죤형),13969,375,15,919.5,919.5,0,사통형,99.52,98.8,92.21,054-339-5014
4723010951,경북,영천,불암,경상북도 영천시 대창면 직천리,1943-01-01,1945-12-28,1,주수원,340,13.29,12.2,78.2,10,100,필댐(죤형),2565,110,13.5,479.4,479.4,0,사통형,157.22,156.72,149.19,054-339-5014
4723011039,경북,영천,세곡,경상북도 영천시 대창면 병암리,1943-01-01,1945-12-28,2,보조수원,15,1.09,1.02,2.7,10,100,필댐(죤형),827,88,6.2,13.93,13.93,0,사통형,92.4,91.8,89.1,054-339-5014
4723011040,경북,영천,대운,경상북도 영천시 대창면 병암리,1943-01-01,1945-12-28,2,보조수원,98,5.01,4.6,23.4,10,100,필댐(죤형),4432,190,9.5,118.8,118.8,0,사통형,98.96,98.46,93.22,054-339-5014
4723011041,경북,영천,우장,경상북도 영천시 대창면 병암리,1943-01-01,1945-12-28,2,보조수원,12,0.55,0.5,1.5,10,100,필댐(죤형),1174,86,6.2,53.7,53.7,0,사통형,88.19,87.69,80.42,054-339-5014
4723011972,경북,영천,당외,경상북도 영천시 화산면 당지리,1943-01-01,1945-12-31,2,보조수원,5,0.39,0.36,0,10,100,필댐(죤형),118.08,67,7.2,8.5,8.5,0,사통형,154.2,153,0,054-339-5014
4723011975,경북,영천,용계,경상북도 영천시 화남면 용계리,2001-12-28,2019-12-24,1,주수원,998,21.2,19.5,0,10,200,필댐(죤형),880425,172,45,3151,2808,343,취수탑형,229.5,228,198,054-339-5014
4725010004,경북,상주,개운,경상북도 상주시 개운동,1944-06-02,1948-12-20,1,주수원,650,25,23,202.7,10,100,필댐(죤형),97071,196.5,14.8,1195,1180,15,사통형,85.1,84.27,75.2,054-531-3618
4725010007,경북,상주,오대,경상북도 상주시 오대동,1944-01-01,1945-01-01,2,보조수원,14,0.7,0.5,5,5,100,필댐(죤형),1064,60,3,0.68,0.68,0,사통형,66.4,65.38,63.93,054-531-3618
4725010011,경북,상주,흥각2,경상북도 상주시 오대동,1944-01-03,1945-01-01,2,보조수원,13,2.6,2,5,5,100,필댐(죤형),16709,154,6.2,46.3,46.3,0,사통형,85.45,84.44,79,054-531-3618
4725010013,경북,상주,서곡,경상북도 상주시 서곡동,1944-01-01,1945-01-01,2,보조수원,14,0.47,0.46,5,5,100,필댐(죤형),5510,82,4.8,8.81,8.81,0,사통형,69.1,68.15,65.8,054-531-3618
4725010034,경북,상주,오상,경상북도 상주시 중동면 오상리,1952-03-25,1955-12-31,2,주수원,300,6.1,5.2,43.6,10,200,필댐(죤형),48127,124,11.5,228.8,228.8,0,사통형,90.9,89.4,78.4,054-531-3618
4725010058,경북,상주,덕담,경상북도 상주시 사벌국면 덕담리,1944-01-03,1945-01-01,2,보조수원,15,0.9,0.6,1,5,100,필댐(죤형),2052,72,3,4,4,0,사통형,70.1,68.87,67.26,054-531-3618
4725010061,경북,상주,덕가,경상북도 상주시 사벌국면 덕가리,1965-11-02,1969-12-31,1,주수원,549,26.8,26,175,10,200,필댐(죤형),136012,251,13.5,1141.3,1115.5,25.8,사통형,70.9,69.37,62.37,054-531-3618
4725010066,경북,상주,화달,경상북도 상주시 사벌국면 화달리,1944-01-01,1945-01-01,2,보조수원,8,1.4,1,3,5,100,필댐(죤형),6887,95,5,3,3,0,사통형,56.8,55.82,55,054-531-3618
4725010088,경북,상주,유대,경상북도 상주시 낙동면 신상리,1944-01-01,1945-01-01,2,보조수원,45,1.4,1,5,5,100,필댐(죤형),7752,76,6,9.7,9.7,0,사통형,60.4,58.77,56.88,054-531-3618
4725010103,경북,상주,청상,경상북도 상주시 청리면 청하리,1959-03-15,1964-12-30,1,주수원,1100,24,22,182.7,10,200,필댐(죤형),217755,180.5,20.8,1574,1556,18,사통형,116.18,114.5,95,054-531-3618
4725010144,경북,상주,덕곡,경상북도 상주시 모동면 덕곡리,1996-07-01,1999-12-20,1,주수원,200,10,10,75.9,10,200,필댐(죤형),92498,130,15.9,511,486,25,사통형,282,281,269,054-531-3618
4725010147,경북,상주,상판,경상북도 상주시 모동면 상판리,1971-05-25,1979-12-31,1,주수원,2200,73.5,72,928,10,200,필댐(죤형),482492,276.5,23.7,5772.91,5679.24,93.67,취수탑형,286.6,285.22,269.2,054-531-3618
4725010165,경북,상주,노류골,경상북도 상주시 화동면 선교리,1944-01-01,1945-01-01,2,보조수원,20,1.3,1,1,5,100,필댐(죤형),6120,60,6,6,6,0,사통형,282.9,281.4,279.6,054-531-3618
4725010166,경북,상주,판곡,경상북도 상주시 화동면 판곡리,1982-01-01,1988-01-01,1,주수원,412,24.4,22.8,190.9,10,100,필댐(죤형),146761,178,15.2,1118,1062,56,사통형,308.1,306.91,298.41,054-531-3618
4725010170,경북,상주,상덕,경상북도 상주시 화동면 신촌리,1944-01-01,1945-01-01,2,보조수원,60,2.6,2,10,10,100,필댐(죤형),1710,120,6,19.97,19.97,0,사통형,263.8,263.32,260.88,054-531-3618
4725010171,경북,상주,반곡,경상북도 상주시 화동면 반곡리,1942-09-22,1943-12-31,1,주수원,179,9.42,8.73,60,10,200,필댐(죤형),64961,150,26.3,648.5,610.4,38.1,사통형,308,307,295,054-531-3618
4725010174,경북,상주,보미,경상북도 상주시 화동면 보미리,1988-01-20,1998-01-01,1,주수원,430,11.6,10.6,110.3,10,200,필댐(죤형),136055,143.5,18.5,644.1,557.1,87,사통형,301,299.8,289,054-531-3618
4725010175,경북,상주,양지,경상북도 상주시 화동면 보미리,1988-01-20,1998-12-31,1,주수원,630,22,18.8,91,10,200,필댐(죤형),295208,173,24.3,1650,1446,204,사통형,309.2,308.2,293,054-531-3618
4725010209,경북,상주,앞실,경상북도 상주시 은척면 남곡리,1944-01-03,1945-01-03,2,보조수원,120,2.7,2,6,5,100,필댐(죤형),5075,70,5,5.05,5.05,0,사통형,147.7,146.9,145,054-531-3618
4725010214,경북,상주,황령,경상북도 상주시 은척면 황령리,1972-01-01,1975-12-31,1,주수원,420,9.11,7.7,142.8,10,100,필댐(죤형),281929,147,25.8,608,606,2,사통형,214,213.2,194,054-531-3618
4725010217,경북,상주,오태,경상북도 상주시 공검면 병암리,1952-03-30,1959-05-31,1,주수원,15040,145,139,997.3,10,200,필댐(죤형),728442,910,16.8,8729,8291,438,사통형,87.9,86.9,76.9,054-531-3618
4725010226,경북,상주,지평,경상북도 상주시 공검면 지평리,1944-08-01,1949-05-31,1,주수원,2556,60,61,584.2,10,100,필댐(죤형),104328,167,18.4,3812,3718,94,취수탑형,93.8,92.6,81,054-531-3618
4725010229,경북,상주,안룡,경상북도 상주시 이안면 안용리,1985-05-01,1990-05-01,1,주수원,325,11.5,10,143.8,10,200,필댐(죤형),488513,190,30.7,997,987,10,사통형,172.65,171.5,151,054-531-3618
4725010234,경북,상주,호암,경상북도 상주시 이안면 지산리,1944-01-03,1945-01-01,2,보조수원,7,1.2,1,3,5,100,필댐(죤형),2144,57,3.5,4.1,4.1,0,사통형,101,100,97.4,054-531-3618
4725010436,경북,상주,노류,경상북도 상주시 내서면 노류리,2006-11-29,2017-12-31,1,주수원,414,10.94,10.27,169.9,10,200,필댐(죤형),154403,135,31.6,1038.23,981.68,56.55,취수탑형,184,182.8,166,054-531-3618
4725010437,경북,상주,어산,경상북도 상주시 화동면 어산리,2006-11-29,2017-12-31,1,주수원,253,6.66,6.14,90.4,10,200,필댐(죤형),108294,134,25.1,515.2,489.8,25.4,사통형,169,167.8,154,054-531-3618
4725010446,경북,상주,북장,경상북도 상주시 내서면 북장리,2017-12-12,2019-12-31,2,주수원,250.7,4.87,4.39,0,10,200,필댐(죤형),83923,180.3,17.9,294.9,270.25,24.65,사통형,162,161,151,054-531-3618
4725010447,경북,상주,상용,경상북도 상주시 화서면 상용리,2014-12-09,2019-12-31,1,주수원,267,6.14,5.7,0,10,200,필댐(죤형),83923,154,20,415,402.2,12.8,사통형,264,263,251,054-531-3618
4725010448,경북,상주,평온,경상북도 상주시 화남면 평온리,2014-12-01,2019-12-31,1,주수원,114,4.18,3.94,0,10,200,필댐(죤형),167.41,122,36.3,440.3,438.2,2.1,사통형,248.3,247.3,227,054-531-3618
4728010014,경북,문경,금림,경상북도 문경시 영순면 금림리,1945-01-01,1945-12-31,2,보조수원,18,0.22,0.2,1,10,50,필댐(죤형),1395,72,5,6,6,0,사통형,70.5,70,67,054-550-5300 
4728010015,경북,문경,장안,경상북도 문경시 영순면 금림리,1945-01-01,1945-12-31,2,보조수원,45,2.64,2.4,10,10,50,필댐(죤형),6347,130,9,30.3,30.3,0,사통형,110.5,110,107,054-550-5300 
4728010019,경북,문경,먼갓,경상북도 문경시 영순면 말응리,1952-01-01,1953-01-01,2,보조수원,31,0.66,0.6,4,10,50,필댐(죤형),1395,90,10,14.1,14.1,0,사통형,81,80.5,77.5,054-550-5300 
4728010020,경북,문경,과곡,경상북도 문경시 산양면 과곡리,1963-01-01,1963-12-31,2,보조수원,13,0.88,0.8,5.7,10,50,필댐(죤형),977,112,4.5,14.1,14.1,0,사통형,91,90.5,88.5,054-550-5300 
4728010021,경북,문경,두봉,경상북도 문경시 산양면 위만리,1945-01-01,1945-12-31,2,보조수원,16,0.66,0.6,6,10,50,필댐(죤형),717,74,5,16.5,16.5,0,사통형,100.5,100,97,054-550-5300 
4728010022,경북,문경,우본,경상북도 예천군 용궁면 송암리,1944-01-01,1954-01-01,1,주수원,315,23.32,21.2,220.8,10,50,필댐(죤형),3643,143.3,8.2,617,605,12,사통형,80.5,79.44,74.08,054-550-5300 
4728010023,경북,문경,연화,경상북도 문경시 산양면 연소리,1961-01-01,1961-12-31,2,보조수원,83,1.54,1.4,6.7,10,50,필댐(죤형),1017,125,3.5,24.4,24.4,0,사통형,85.5,85,82,054-550-5300 
4728010024,경북,문경,봉정,경상북도 문경시 산양면 봉정리,1945-01-01,1945-12-31,2,보조수원,13,0.66,0.6,4.5,10,50,필댐(죤형),930,80,5,4.1,4.1,0,사통형,103.5,103,100,054-550-5300 
4728010025,경북,문경,평지,경상북도 문경시 산양면 평지리,1971-01-01,1976-01-01,1,보조수원,94,22.8,20.8,276.5,10,50,필댐(죤형),9223,199,13,812.1,812.1,0,사통형,92,91,81,054-550-5300 
4728010033,경북,문경,약석,경상북도 문경시 산북면 약석리,1975-01-01,1976-01-01,2,보조수원,40,0.44,0.4,7.5,10,50,필댐(죤형),521,56,4,5.1,5.1,0,사통형,119.5,119,116,054-550-5300 
4728010034,경북,문경,회룡,경상북도 문경시 산북면 회룡리,1959-01-01,1963-01-01,1,주수원,910,21.53,19.3,271.3,10,50,필댐(죤형),7812,140,12,1407,1407,0,사통형,131.6,131.1,117.4,054-550-5300 
4728010036,경북,문경,경천,경상북도 문경시 동로면 마광리,1983-06-23,1990-01-01,1,주수원,9150,171.6,156,3097.9,10,200,필댐(죤형),1902000,380,67.12,28220,27200,1020,취수탑형,231.37,228.5,191.5,054-550-5300 
4728010037,경북,문경,반암,경상북도 문경시 산양면 반곡리,1945-01-01,1945-12-31,2,보조수원,96,0.9,0.8,2,10,50,필댐(죤형),2131,50,11,16,16,0,사통형,120.5,120,117,054-550-5300 
4728010073,경북,문경,문경,경상북도 문경시 문경읍 당포리,2000-12-15,2016-06-14,1,주수원,4700,49.73,40.41,650,10,200,필댐(죤형),212460,217,35.3,3685,3567,118,취수탑형,242.23,240.23,222,054-550-5300 
4728010074,경북,문경,농암,경상북도 문경시 농암면 율수리,2004-11-11,2017-12-26,1,주수원,1450,18.95,17.11,0,10,200,필댐(죤형),0,133,38.1,1922,1680,242,취수탑형,242.6,241.1,218,054-550-5300 
4729010004,경북,경산.청도,남매,경상북도 경산시 계양동,1945-01-01,1947-12-30,1,주수원,80,40.28,38,158.6,10,100,필댐(죤형),63140,520,8.5,1180,1120,60,사통형,60,59,51.6,053-819-6000
4729010024,경북,경산.청도,삼천,경상북도 경산시 삼풍동,1945-01-01,1947-12-30,2,주수원,7182,7.95,7.5,15,7,200,필댐(죤형),29288,660,6,198,187,11,사통형,55,54,51,053-819-6000
4729010058,경북,경산.청도,연,경상북도 경산시 진량읍 선화리,1945-01-01,1947-12-30,1,주수원,42,22,20.76,55.7,10,200,필댐(죤형),49375,1929,4.6,413.76,413.76,0,사통형,49,48,45.7,053-819-6000
4729010059,경북,경산.청도,입,경상북도 경산시 압량읍 인안리,1945-01-01,1947-12-30,2,주수원,42,5.02,4.7,12.8,10,100,필댐(죤형),23188,380,6,48.18,48.18,0,사통형,63.25,62.25,60.3,053-819-6000
4729010065,경북,경산.청도,문천,경상북도 경산시 진량읍 내리리,1954-01-01,1959-01-01,1,주수원,1763,90.45,76.86,377.6,7,200,필댐(죤형),89840,555,9.5,2132.1,2132.1,0,사통형,62.22,61.17,54.32,053-819-6000
4729010116,경북,경산.청도,진촌,경상북도 경산시 와촌면 소월리,1945-01-01,1947-12-30,2,주수원,310,2.41,2.3,33.2,10,100,필댐(죤형),8803,143,6,79.46,79.46,0,사통형,74,73,67.5,053-819-6000
4729010118,경북,경산.청도,소월,경상북도 경산시 와촌면 소월리,1945-01-01,1959-01-01,1,주수원,1517,29.92,28.5,244,10,100,필댐(죤형),133024,303,17,2066.29,2066.29,0,사통형,77.7,76.7,61.5,053-819-6000
4729010121,경북,영천,천미,경상북도 경산시 와촌면 상암리,1943-01-01,1945-12-28,2,보조수원,137,4.47,4.1,8.9,10,100,필댐(죤형),3823,207,8.8,49.5,49.5,0,사통형,69,68,65.4,054-339-5014
4729010128,경북,경산.청도,덕곡,경상북도 경산시 와촌면 신한리,1945-01-01,1947-12-30,2,보조수원,20,0.63,0.6,3,3,100,필댐(죤형),7092,120,6,16,16,0,사통형,107,106.3,104.1,053-819-6000
4729010129,경북,경산.청도,신한,경상북도 경산시 와촌면 신한리,1956-01-01,1959-01-01,1,주수원,44,7.84,7.4,51.9,3,100,필댐(죤형),41179,153,12.7,401,354.45,46.55,사통형,104.8,103.8,96,053-819-6000
4729010169,경북,경산.청도,신사,경상북도 경산시 용성면 덕천리,1945-01-01,1947-12-30,2,주수원,44,2.12,2,6.3,10,100,필댐(죤형),13382,172,7.8,37,35,2,사통형,111,110,105.5,053-819-6000
4729010170,경북,경산.청도,덕곡,경상북도 경산시 용성면 덕천리,1945-01-01,1947-12-30,2,주수원,37,0.84,0.8,2.1,10,200,필댐(죤형),6830,103,6.8,10,10,0,사통형,117.7,116.7,113.1,053-819-6000
4729010172,경북,경산.청도,철방,경상북도 경산시 용성면 송림리,1945-01-01,1947-12-30,2,주수원,5,0.66,0.6,1.5,10,100,필댐(죤형),5437,88,6.8,18,18,0,사통형,116.7,115.8,110.8,053-819-6000
4729010173,경북,경산.청도,송림,경상북도 경산시 용성면 송림리,1988-01-01,2002-12-31,1,주수원,1153,22,20.9,224,10,200,필댐(죤형),535168,222,45.6,3700,3488,212,취수탑형,156,154.7,123,053-819-6000
4729010179,경북,경산.청도,신당,경상북도 경산시 용성면 부제리,1945-01-01,1947-12-30,2,주수원,30,1.16,1.1,5,3,100,필댐(죤형),5784,155,5.2,19.26,19.26,0,사통형,99.54,98.54,95.88,053-819-6000
4729010180,경북,경산.청도,미억,경상북도 경산시 용성면 부제리,1945-01-01,1947-12-30,2,주수원,10,2.22,2.1,7.8,10,100,필댐(죤형),16514,217,7.4,70.25,70.25,0,사통형,107.1,106.1,101.5,053-819-6000
4729010181,경북,경산.청도,부제,경상북도 경산시 용성면 부제리,1945-01-01,1947-12-30,2,주수원,180,5.19,4.9,41,10,100,필댐(죤형),32429,367,7.3,239.94,239.94,0,사통형,97,96,87.7,053-819-6000
4729010183,경북,경산.청도,하신,경상북도 경산시 용성면 곡신리,1945-01-01,1947-12-30,2,주수원,1200,4.92,4.6,15.9,10,100,필댐(죤형),23393,720,6,114.49,114.49,0,사통형,86,85,81.3,053-819-6000
4729010184,경북,경산.청도,궁정,경상북도 경산시 용성면 부제리,1945-01-01,1947-12-30,2,주수원,15,1.05,1,4,10,100,필댐(죤형),44069,141,4.7,27,25,2,사통형,88,87,83.6,053-819-6000
4729010208,경북,경산.청도,외촌,경상북도 경산시 용성면 외촌리,1972-01-01,1977-01-01,1,주수원,292,9.54,9,41,10,100,필댐(죤형),122720,208,20,482,459,23,사통형,104,103,94,053-819-6000
4729010264,경북,경산.청도,송내,경상북도 경산시 남산면 송내리,1967-01-01,1975-01-01,1,주수원,530,23.07,21.37,56.7,10,200,필댐(죤형),144533,378,15.83,1144,1087,57,사통형,112,111,98,053-819-6000
4729010285,경북,경산.청도,침법,경상북도 경산시 압량읍 의송리,1945-01-01,1947-12-30,1,주수원,1240,16.5,15,37.1,10,100,필댐(죤형),37048,1206,6,355.82,355.82,0,사통형,57,56,51.3,053-819-6000
4729010313,경북,경산.청도,송백,경상북도 경산시 남천면 신방리,1986-01-28,1999-02-28,1,주수원,345,12.72,12,124.1,10,200,필댐(죤형),432914,237,36,1632,1463,169,취수탑형,200,198.7,181,053-819-6000
4729010318,경북,경산.청도,하도,경상북도 경산시 남천면 하도리,1986-01-28,1998-02-28,1,주수원,455,12.2,11.3,51.6,10,200,필댐(죤형),300281,205,31.9,1262,1199,63,사통형,198.4,197.5,176,053-819-6000
4729010319,경북,경산.청도,용성,경상북도 경산시 용성면 송림리,1988-01-01,2002-12-31,1,주수원,738,18.96,14.7,47.2,10,200,필댐(죤형),276696,172,34.3,1963,1943,20,취수탑형,150,148.7,124,053-819-6000
4729010612,경북,경산.청도,육동,경상북도 경산시 용성면 부일리,2010-01-07,2017-11-30,1,주수원,161,10.91,10.5,0,10,200,필댐(코어형),253.19,192,36,1182.18,1154.09,28.09,취수탑형,314.7,313.7,293,053-819-6000
4772010073,경북,의성.군위,알령,대구광역시 군위군 소보면 송원리,1944-01-01,1945-12-30,2,보조수원,5,0.95,0.9,5.8,3,100,필댐(죤형),700,70,5,16,16,0,사통형,83.6,82,79.6,054-830-8126
4772010099,경북,의성.군위,어미,대구광역시 군위군 소보면 서경리,1979-01-01,1980-12-30,2,보조수원,380,1.05,1,5.2,3,100,필댐(죤형),800,80,5,14,14,0,사통형,88.7,87,85.3,054-830-8126
4772010100,경북,의성.군위,괴겸,대구광역시 군위군 소보면 평호리,1944-01-01,1945-12-31,2,보조수원,30,1.05,1,3,1,100,필댐(죤형),350,80,4,19,19,0,사통형,100.8,99,97,054-830-8126
4772010105,경북,의성.군위,산호,대구광역시 군위군 소보면 산법리,1952-01-01,1956-12-30,1,주수원,700,19.3,11,136.7,3,100,필댐(죤형),21280,152,14,516,460,56,사통형,103,102,91,054-830-8126
4772010107,경북,의성.군위,내의,대구광역시 군위군 소보면 내의리,1970-01-01,1976-12-20,1,주수원,370,4.2,4,44.8,10,100,필댐(죤형),13786,135,17,366.9,346.4,20.5,사통형,81.2,80.2,71.4,054-830-8126
4772010180,경북,의성.군위,고남,대구광역시 군위군 부계면 창평리,1944-01-01,1945-12-30,2,보조수원,15,0.21,0.2,0,10,100,필댐(죤형),180,40,4,1.7,1.7,0,사통형,159.9,159,157,054-830-8126
4772010181,경북,의성.군위,남방,대구광역시 군위군 부계면 창평리,1944-01-01,1945-12-30,2,보조수원,50,0.84,0.8,2,3,100,필댐(죤형),370,85,4,7,7,0,사통형,164.4,164,163,054-830-8126
4772010182,경북,의성.군위,창평,대구광역시 군위군 부계면 창평리,1945-01-01,1958-12-30,1,주수원,333,9.87,9.4,61.6,5,100,필댐(죤형),19000,190,14,326.9,325,1.9,사통형,168,166,158.5,054-830-8126
4772010189,경북,의성.군위,동림,대구광역시 군위군 부계면 가호리,1970-01-01,1972-12-30,2,주수원,230,4.41,4.2,15.5,5,100,필댐(죤형),22784,178,16,238,238,0,사통형,252.8,252,240.5,054-830-8126
4772010209,경북,의성.군위,텃골,대구광역시 군위군 산성면 무암리,1944-01-01,1945-12-30,2,보조수원,30,0.53,0.5,2,7,100,필댐(죤형),630,63,5,9,9,0,사통형,165.5,165,162.5,054-830-8126
4772010312,경북,의성.군위,답하,경상북도 영천시 신녕면 화서리,1964-01-01,1965-12-30,2,보조수원,50,0.53,0.5,1,7,100,필댐(죤형),440,66,5,14,14,0,사통형,198,197.5,195.1,054-830-8126
4772010316,경북,의성.군위,다리골,대구광역시 군위군 산성면 봉림리,1944-01-01,1945-12-30,2,보조수원,22,1.05,1,1,7,100,필댐(죤형),430,55,5.5,8,8,0,사통형,197.9,197.5,195.5,054-830-8126
4772010318,경북,의성.군위,백학,대구광역시 군위군 산성면 백학리,1952-01-01,1958-12-30,1,주수원,570,10.19,9.7,102.3,7,100,필댐(죤형),33040,236,14.1,429,429,0,사통형,202.8,202,192.4,054-830-8126
4772010328,경북,의성.군위,봉림,대구광역시 군위군 산성면 봉림리,1954-01-01,1958-12-30,2,주수원,150,5,3.9,22.2,10,100,필댐(죤형),8742,94,15.5,147,130,17,사통형,197.8,197,186.9,054-830-8126
4772010332,경북,의성.군위,가는골,대구광역시 군위군 산성면 삼산리,1944-01-01,1945-12-30,2,보조수원,10,0.53,0.5,0.5,7,100,필댐(죤형),330,50,5,5,5,0,사통형,188.4,188,186,054-830-8126
4772010342,경북,의성.군위,화본,대구광역시 군위군 산성면 화전리,1954-01-01,1958-12-30,2,주수원,210,9.87,9.4,30.7,7,100,필댐(죤형),15750,175,10,219,155,64,사통형,136.6,136,130.2,054-830-8126
4772010346,경북,의성.군위,고매,대구광역시 군위군 효령면 매곡리,1995-08-02,2000-12-20,1,주수원,387,8.9,8.6,140,10,100,필댐(죤형),245000,183,33.8,928,844,84,사통형,212.5,211.5,187,054-830-8126
4772010347,경북,의성.군위,가곡,대구광역시 군위군 산성면 화전리,1970-01-01,1971-12-20,2,보조수원,93,3.57,3.4,10,7,100,필댐(죤형),765,137,10.9,130.4,126,4.4,사통형,166.1,165.2,161.2,054-830-8126
4772010711,경북,의성.군위,평호,대구광역시 군위군 소보면 평호리,2011-12-29,2016-12-26,1,주수원,340.3,7.41,6.95,0,10,200,필댐(죤형),108414,161,20.2,498.45,463.71,34.74,사통형,132.1,131.1,120,054-830-8126
4773010079,경북,의성.군위,후평,경상북도 의성군 단촌면 후평리,1939-01-01,1940-12-30,2,보조수원,62,1.58,1.5,35,3,100,필댐(죤형),3100,97,8,35,35,0,사통형,158.4,158,153,054-830-8126
4773010098,경북,의성.군위,점곡,경상북도 의성군 점곡면 동변리,1970-01-01,1975-12-30,1,주수원,485,14.7,14,46.5,3,100,필댐(죤형),22453,243,16.8,798.5,791,7.5,사통형,198.8,198,187,054-830-8126
4773010099,경북,의성.군위,중리,경상북도 의성군 점곡면 사촌리,1944-01-01,1945-12-30,2,보조수원,28,0.32,0.6,2.8,3,100,필댐(죤형),630,48,6.3,6.7,6.7,0,사통형,178.1,177.8,175.8,054-830-8126
4773010103,경북,의성.군위,교곡,경상북도 의성군 점곡면 송내리,1965-01-01,1966-12-30,2,보조수원,29,0.42,0.6,1.5,3,200,필댐(죤형),250,50,5,20.5,20.5,0,사통형,178.5,178,176,054-830-8126
4773010106,경북,의성.군위,각곡,경상북도 의성군 점곡면 윤암리,1944-01-01,1945-12-30,2,보조수원,50,1.05,1,1.5,3,200,필댐(죤형),1080,82,4.4,4,4,0,사통형,192.3,192,189,054-830-8126
4773010111,경북,의성.군위,수봉,경상북도 의성군 옥산면 구성리,1944-01-01,1945-12-30,2,보조수원,40,0.42,1.1,6.9,3,100,필댐(죤형),2600,52,10,28.6,28.6,0,사통형,228.7,228,223,054-830-8126
4773010112,경북,의성.군위,전대,경상북도 의성군 옥산면 구성리,1944-01-01,1945-12-30,2,보조수원,24,0.53,0.7,3.3,3,100,필댐(죤형),1950,50,6.4,10.7,10.7,0,사통형,267.7,267,264,054-830-8126
4773010129,경북,의성.군위,실업,경상북도 의성군 옥산면 감계리,1984-01-01,1985-12-30,2,주수원,224,5.88,5.6,24.1,8,100,필댐(죤형),130,130,14,254,254,0,사통형,242.8,242,232,054-830-8126
4773010133,경북,의성.군위,금봉,경상북도 의성군 옥산면 금학리,2011-09-26,2013-12-31,1,주수원,2744,67.83,62.31,233.9,10,200,필댐(죤형),734500,188,40.8,7416.11,7259.22,156.89,취수탑형,321.8,319.9,294,054-830-8126
4773010137,경북,의성.군위,독점,경상북도 의성군 옥산면 입암리,1966-01-03,1967-12-30,2,보조수원,20,1.37,0.4,4.9,3,100,필댐(죤형),1460,70,5,9,9,0,사통형,213.5,213,209,054-830-8126
4773010142,경북,의성.군위,조곡,경상북도 의성군 옥산면 신계리,1938-01-01,1939-12-30,2,보조수원,20,1.2,0.9,2.9,3,100,필댐(죤형),2940,70,7,19.6,19.6,0,사통형,232.7,232,228,054-830-8126
4773010145,경북,의성.군위,신계,경상북도 의성군 옥산면 신계리,1971-01-01,1973-12-30,2,주수원,162,5.9,5.4,89.5,3,100,필댐(죤형),76,153,19.8,295.6,276.7,18.9,사통형,249.8,248.8,240,054-830-8126
4773010162,경북,의성.군위,매곡,경상북도 의성군 사곡면 매곡리,1976-07-01,1977-12-31,1,주수원,500,8.93,8.5,66.4,10,200,필댐(죤형),13552,121,14,422,394,28,사통형,158,157,148,054-830-8126
4773010254,경북,의성.군위,가음,경상북도 의성군 가음면 양지리,2011-09-26,2013-12-31,1,주수원,1750,76.47,69.05,225.3,10,200,필댐(죤형),209320,278,17.4,4703.87,4574.13,129.74,취수탑형,131.22,130.02,117.4,054-830-8126
4773010448,경북,의성.군위,기,경상북도 의성군 구천면 위성리,1939-01-01,1940-12-30,2,보조수원,178,6.09,5.8,30,10,100,필댐(죤형),8344,171,12.2,159,159,0,사통형,94.7,94.1,87.1,054-830-8126
4773010451,경북,의성.군위,조성,경상북도 의성군 구천면 조성리,1952-01-01,1959-12-30,1,주수원,1855,59.54,56.7,663.3,10,100,필댐(죤형),25800,258,16.8,3597,3296,301,취수탑형,94.2,93,79,054-830-8126
4773010468,경북,의성.군위,용암,경상북도 의성군 단밀면 위중리,1945-02-02,1958-12-30,1,주수원,368,14.39,13.7,221.5,5,200,필댐(죤형),15450,206,15,828,766,62,사통형,70.4,69.4,59.4,054-830-8126
4773010492,경북,의성.군위,새덕,경상북도 의성군 단북면 노연리,1944-01-01,1945-12-30,2,보조수원,15,0.9,0.6,6,10,100,필댐(죤형),65,65,3.5,8,8,0,사통형,57.8,57.4,55.2,054-830-8126
4773010493,경북,의성.군위,수동,경상북도 의성군 단북면 정안리,1943-01-01,1945-12-30,2,보조수원,75,3.68,3.5,30.8,10,100,필댐(죤형),165,165,4.5,49,49,0,사통형,56.2,55.8,53.3,054-830-8126
4773010494,경북,의성.군위,벼락,경상북도 의성군 단북면 정안리,1941-01-01,1946-12-30,2,보조수원,71,3.15,3,36.9,10,100,필댐(죤형),5.3,200,6,20,20,0,사통형,47.3,46.9,44.9,054-830-8126
4773010495,경북,의성.군위,소,경상북도 의성군 단북면 연제리,1949-01-01,1950-12-30,2,보조수원,67,2.63,2.5,23.1,10,100,필댐(죤형),100,100,4,10,10,0,사통형,50,49.7,47.2,054-830-8126
4773010496,경북,의성.군위,정곡,경상북도 의성군 단북면 연제리,1944-01-01,1945-12-30,2,보조수원,29,1.05,1,7.2,10,100,필댐(죤형),720,60,5,6,6,0,사통형,58.7,58.3,56.3,054-830-8126
4773010497,경북,의성.군위,구룡,경상북도 의성군 단북면 연제리,1945-01-01,1946-12-30,2,보조수원,38,1.58,1.5,18.7,10,100,필댐(죤형),3.3,80,6,8,8,0,사통형,52,51.6,49.6,054-830-8126
4773010498,경북,의성.군위,선안,경상북도 의성군 단북면 효제리,1945-01-01,1946-12-30,2,보조수원,34,0.53,0.5,12.8,10,100,필댐(죤형),55,55,6,6,6,0,사통형,52,51.6,49.6,054-830-8126
4773010499,경북,의성.군위,양덕,경상북도 의성군 단북면 신하리,1946-01-01,1947-12-30,2,보조수원,36,0.53,0.5,10.2,10,100,필댐(죤형),50,50,4.5,8,7.5,0.5,사통형,54.1,53.7,51.7,054-830-8126
4773010501,경북,의성.군위,신당,경상북도 의성군 안계면 용기리,1939-01-01,1940-12-30,2,보조수원,41,2.1,2,19.1,10,100,필댐(죤형),110,110,6,32,32,0,사통형,64.6,64.2,61.66,054-830-8126
4773010506,경북,의성.군위,개천,경상북도 의성군 안계면 위양리,1945-07-29,1952-03-31,1,주수원,1295,55.7,53,794.5,10,100,필댐(죤형),127530,327,12,1271,1259,12,사통형,61.45,60.25,53.75,054-830-8126
4773010528,경북,의성.군위,연,경상북도 의성군 안계면 시안리,1939-01-01,1940-12-30,2,보조수원,25,2.73,2.6,10,10,100,필댐(죤형),943,131,3.6,20,20,0,사통형,58.3,57.9,55.4,054-830-8126
4773010529,경북,의성.군위,한동,경상북도 의성군 안계면 시안리,1944-01-01,1945-12-30,2,보조수원,85,3.15,1.8,17,10,100,필댐(죤형),1250,125,5,23.9,23.9,0,사통형,61.6,61.2,58.7,054-830-8126
4773010530,경북,의성.군위,세레,경상북도 의성군 안계면 양곡리,1939-01-01,1940-12-30,2,보조수원,6,1.26,1.2,6,10,100,필댐(죤형),110,110,5,32,11,21,사통형,68,67.2,64.2,054-830-8126
4773010531,경북,의성.군위,사제,경상북도 의성군 안계면 시안리,1954-01-01,1955-12-30,2,보조수원,51,2.1,2,26,10,100,필댐(죤형),5.9,135,4,23,23,0,사통형,56.5,56.2,53.7,054-830-8126
4773010532,경북,의성.군위,사갑,경상북도 의성군 다인면 산내리,1950-01-01,1951-12-30,2,보조수원,50,1.05,1,15,10,100,필댐(죤형),19.1,300,5,27,27,0,사통형,63.9,63.5,60,054-830-8126
4773010533,경북,의성.군위,모산,경상북도 의성군 다인면 가원리,1941-01-01,1942-12-30,2,보조수원,32,1.05,1,8,10,200,필댐(죤형),16.5,180,6,18,18,0,사통형,55,54.6,52.1,054-830-8126
4773010534,경북,의성.군위,내송화,경상북도 의성군 다인면 송호리,1944-01-01,1945-12-30,2,보조수원,27,1.05,0.7,5,10,100,필댐(죤형),0.4,74,5.5,9.1,9.1,0,사통형,88,87.5,85,054-830-8126
4773010536,경북,의성.군위,광덕,경상북도 의성군 다인면 도암리,1941-01-01,1942-12-30,2,보조수원,38,0.95,0.9,10,10,100,필댐(죤형),6.9,90,5,15,15,0,사통형,62.2,61.8,59.3,054-830-8126
4773010537,경북,의성.군위,조산,경상북도 의성군 다인면 도암리,1939-01-01,1940-12-30,2,보조수원,107,2.21,2.1,11,10,100,필댐(죤형),12250,350,7,21,21,0,사통형,72.7,72.3,69.9,054-830-8126
4773010538,경북,의성.군위,효천,경상북도 의성군 다인면 도암리,1959-01-01,1964-12-30,1,주수원,230,20.37,19.3,106.7,10,100,필댐(죤형),13337,275,9.7,615,615,0,사통형,77.24,76.44,71.9,054-830-8126
4773010545,경북,의성.군위,행현,경상북도 의성군 다인면 덕지리,1962-01-01,1963-12-30,2,보조수원,32,0.53,0.5,6,10,100,필댐(죤형),80,80,5,3.3,3.3,0,사통형,69.9,69.5,67.3,054-830-8126
4773010556,경북,의성.군위,용천,경상북도 의성군 다인면 삼분리,1941-01-01,1943-12-30,2,주수원,146,6.3,6,52,10,200,필댐(죤형),200,274,6,77.97,76.47,1.5,사통형,71.44,70.54,65,054-830-8126
4773010557,경북,의성.군위,도관,경상북도 의성군 다인면 삼분리,1938-01-01,1940-12-30,2,보조수원,91,1.26,1.2,10,10,100,필댐(죤형),10.7,150,5,25,25,0,사통형,62.2,61.8,59.8,054-830-8126
4773010558,경북,의성.군위,홍연,경상북도 의성군 다인면 삼분리,1941-01-01,1942-12-30,2,보조수원,54,1.05,1,10,7,100,필댐(죤형),3600,150,8,35,35,0,사통형,54.7,54.4,50.9,054-830-8126
4773010559,경북,의성.군위,등곡,경상북도 의성군 다인면 삼분리,1949-01-01,1950-12-30,2,보조수원,29,1.05,0.7,8,10,100,필댐(죤형),6.9,109,5,9.8,9.8,0,사통형,69.8,69.5,67,054-830-8126
4773010560,경북,의성.군위,삼풍,경상북도 의성군 다인면 삼분리,1951-01-01,1952-12-30,2,보조수원,84,1.47,1.4,12,10,100,필댐(죤형),189,189,6,35,35,0,사통형,75.1,74.6,71.1,054-830-8126
4773010563,경북,의성.군위,벽수,경상북도 의성군 다인면 외정리,1941-01-01,1942-12-30,2,보조수원,75,1.05,1,15,10,100,필댐(죤형),9.3,100,6,38,30,8,사통형,59,58.5,55,054-830-8126
4773010564,경북,의성.군위,가산,경상북도 의성군 다인면 외정리,1950-01-01,1951-12-30,2,보조수원,27,1.05,1,3,10,100,필댐(죤형),19.2,120,8,9,9,0,사통형,72.1,71.3,67.8,054-830-8126
4773010565,경북,의성.군위,산정,경상북도 의성군 다인면 외정리,1951-01-01,1953-12-30,2,보조수원,27,1.26,1.2,3,10,100,필댐(죤형),10.6,110,6,12,12,0,사통형,77,76.5,74,054-830-8126
4773010566,경북,의성.군위,대동,경상북도 의성군 다인면 달제리,1950-01-01,1952-12-30,2,보조수원,63,3.15,1.4,10,10,100,필댐(죤형),14.9,120,7,53,42.8,10.2,사통형,128.8,128.4,124.9,054-830-8126
4773010567,경북,의성.군위,내산정,경상북도 의성군 다인면 외정리,1953-01-01,1954-12-30,2,보조수원,25,1.16,1.1,3,10,100,필댐(죤형),14.4,92,8,9,9,0,사통형,69.9,69.5,67,054-830-8126
4773010568,경북,의성.군위,신산,경상북도 의성군 다인면 신락리,1946-01-01,1948-12-30,2,보조수원,54,3.15,3,12,10,100,필댐(죤형),110,110,8,41,41,0,사통형,50.6,50.1,47.6,054-830-8126
4773010569,경북,의성.군위,상신,경상북도 의성군 다인면 신락리,1951-01-01,1952-12-30,2,보조수원,32,0.9,0.6,10,10,100,필댐(죤형),90,90,6,3.2,3.2,0,사통형,58.1,57.8,55.3,054-830-8126
4773010666,경북,의성.군위,삼춘,경상북도 의성군 안평면 삼춘리,2003-10-20,2006-12-20,2,주수원,320,4.65,4.17,39,10,200,필댐(죤형),4440,136,20,223,219,4,사통형,150.9,149.7,139,054-830-8126
4773011311,경북,의성.군위,사곡,경상북도 의성군 사곡면 공정리,2000-12-18,2015-09-30,1,주수원,1340,60.17,56.4,427,10,200,필댐(죤형),64022.4,228,35.1,6074,5175,899,취수탑형,186.3,185,168,054-830-8126
4773011312,경북,의성.군위,중하,경상북도 의성군 안사면 중하리,2015-08-26,2019-12-31,1,주수원,240,10.19,9.9,0,10,200,필댐(죤형),767059.2,192,29.6,913.2,794,119.2,사통형,186.7,185.7,168,054-830-8126
4773011316,경북,의성.군위,대풍,경상북도 의성군 비안면 현산리,2014-10-07,2019-12-26,2,보조수원,67,4.74,4.45,0,10,20,필댐(죤형),109355,134,24.9,372.87,351.13,21.74,사통형,88.3,87.4,73,054-830-8126
4775010009,경북,청송.영양,청운,경상북도 청송군 청송읍 청운리,1957-01-01,1963-01-01,2,주수원,105,3.3,3,41.3,10,100,필댐(죤형),390,100,13,137,130,7,사통형,254.1,252.92,244.72,054-870-0500
4775010011,경북,청송.영양,묘곡,경상북도 청송군 청송읍 송생리,1943-01-01,1945-01-01,2,보조수원,5,8.8,8,8,5,100,필댐(죤형),80.6,55,6.4,95,90,5,사통형,243.4,242.16,239.3,054-870-0500
4775010055,경북,청송.영양,화장,경상북도 청송군 부남면 화장리,1983-01-01,1987-12-31,1,주수원,1692,51.07,43.85,123.05,10,200,필댐(코어형),137324,180,25.7,3455.1,3403.5,51.6,취수탑형,380.5,378.8,363,054-870-0500
4775010064,경북,청송.영양,질부곡,경상북도 청송군 현동면 거성리,1943-01-01,1944-10-20,2,보조수원,12,1.1,1,1,10,100,필댐(죤형),163.8,53,9.5,15,14,1,사통형,303.2,302.7,297.4,054-870-0500
4775010065,경북,청송.영양,뒷골,경상북도 청송군 현동면 거성리,1943-01-01,1945-01-01,2,보조수원,12,1.1,1,1,10,100,필댐(죤형),154.3,56,9.5,15,14,1,사통형,302.2,301,297.5,054-870-0500
4775010066,경북,청송.영양,신풍,경상북도 청송군 현동면 거성리,1964-01-01,1971-01-01,1,주수원,3060,27.5,25,199.4,10,200,필댐(죤형),390,196,13,725,688,37,사통형,318.1,316.8,309.77,054-870-0500
4775010073,경북,청송.영양,월매,경상북도 청송군 현동면 월매리,1987-10-01,1997-12-31,1,주수원,920,9.9,9,180,10,200,필댐(죤형),1947,146,29.5,862,818,44,사통형,380.8,379.64,355.47,054-870-0500
4775010109,경북,청송.영양,오리골,경상북도 청송군 안덕면 복리,1943-01-01,1945-01-01,2,보조수원,114,2.2,2,3,10,100,필댐(죤형),99.3,126,7.5,51,48,3,사통형,291.9,290.69,285.53,054-870-0500
4775010112,경북,청송.영양,장전,경상북도 청송군 안덕면 장전리,1956-01-01,1959-12-31,1,주수원,450,12.1,11,118.3,10,200,필댐(죤형),510,260,15,450,427,23,사통형,320.6,319.43,311.83,054-870-0500
4775010117,경북,청송.영양,우질,경상북도 청송군 안덕면 문거리,1943-01-01,1945-01-01,2,보조수원,31,1.1,1,3,5,100,필댐(죤형),300.3,54,13.5,32,30,2,사통형,277.77,277.18,272.64,054-870-0500
4775010118,경북,청송.영양,제동,경상북도 청송군 안덕면 장전리,1943-01-01,1945-01-01,2,보조수원,72,4.4,4,6,5,100,필댐(죤형),82.8,100,7.78,92,87,5,사통형,287.37,286.22,281.26,054-870-0500
4775010122,경북,청송.영양,운지곡,경상북도 청송군 안덕면 복리,1943-01-01,1945-01-01,2,보조수원,50,1.1,1,3,5,100,필댐(죤형),96.9,62,7.4,24,22,2,사통형,317.8,316.57,313.11,054-870-0500
4775010123,경북,청송.영양,복사곡,경상북도 청송군 안덕면 복리,1943-01-01,1945-01-01,2,보조수원,30,0.55,0.5,1,5,100,필댐(죤형),66,66,6,39,35,4,사통형,305.2,304.7,301.2,054-870-0500
4775010124,경북,청송.영양,이치미,경상북도 청송군 안덕면 복리,1937-01-01,1938-12-30,2,보조수원,23,0.44,0.4,16,5,100,필댐(죤형),62,71,5.8,16,15,1,사통형,309.3,308.8,304.2,054-870-0500
4775010125,경북,청송.영양,못골,경상북도 청송군 안덕면 복리,1943-01-01,1945-01-01,2,보조수원,22,0.77,0.7,1,10,100,필댐(죤형),92.1,87,7.2,25,23,2,사통형,314.3,313.8,308.7,054-870-0500
4775010126,경북,청송.영양,부곡,경상북도 청송군 안덕면 복리,1943-01-01,1945-01-01,2,보조수원,24,0.44,0.4,1,5,100,필댐(죤형),112,60,8,11,10,1,사통형,303.2,302.7,297.4,054-870-0500
4775010127,경북,청송.영양,김천,경상북도 청송군 안덕면 복리,1943-01-01,1944-12-30,2,보조수원,53,0.66,0.6,17,3,50,필댐(죤형),10800,60,10,17,16,1,사통형,317.2,316.7,311.4,054-870-0500
4775010128,경북,청송.영양,감포,경상북도 청송군 안덕면 성재리,1943-01-01,1945-12-31,2,보조수원,42,0.44,0.4,1,5,100,필댐(죤형),8400,75,8,11,10,1,사통형,323.7,322.7,318,054-870-0500
4775010129,경북,청송.영양,덕재,경상북도 청송군 안덕면 성재리,1943-01-01,1945-01-01,2,보조수원,76,0.55,0.5,5,5,100,필댐(죤형),78.5,77,6.6,23,21,2,사통형,317,316.5,313.2,054-870-0500
4775010130,경북,청송.영양,송림,경상북도 청송군 안덕면 덕성리,1943-01-01,1945-01-01,2,보조수원,23,1.1,1,8,5,100,필댐(죤형),151.3,68,9.4,29,27,2,사통형,316,315.5,313.8,054-870-0500
4775010131,경북,청송.영양,덕성,경상북도 청송군 안덕면 덕성리,1943-01-01,1945-01-01,2,보조수원,56,0.22,0.2,5,10,100,필댐(죤형),170,40,10,6,5,1,사통형,302.5,302,296,054-870-0500
4775010132,경북,청송.영양,금평(공평),경상북도 청송군 안덕면 성재리,1943-01-01,1945-01-01,2,보조수원,41,0.22,0.2,1,10,100,필댐(죤형),59000,38,8,6,5,1,사통형,322.9,322,316.2,054-870-0500
4775010133,경북,청송.영양,은평,경상북도 청송군 안덕면 성재리,1943-01-01,1945-01-01,2,보조수원,191,1.21,1.1,1,5,100,필댐(죤형),40.3,73,6.7,22,20,2,사통형,350.1,349.6,344.8,054-870-0500
4775010134,경북,청송.영양,용담,경상북도 청송군 안덕면 성재리,1943-01-01,1945-01-01,2,보조수원,18,0.55,0.5,6,3,100,필댐(죤형),72.1,43,6.3,7,6,1,사통형,329.9,329.4,324.8,054-870-0500
4775010153,경북,청송.영양,오누이하,경상북도 청송군 진보면 진안리,1943-01-01,1945-01-01,2,보조수원,9,0.99,0.9,2,7,100,필댐(죤형),52.7,450.7,5.3,13,9,4,사통형,198.3,197.8,196.1,054-870-0500
4775010154,경북,청송.영양,오누이상,경상북도 청송군 진보면 진안리,1943-01-01,1945-01-01,2,보조수원,9,1.1,1,2,7,100,필댐(죤형),19.5,113,5,13,12,1,사통형,201.8,201.26,199.39,054-870-0500
4775010168,경북,청송.영양,광덕,경상북도 청송군 진보면 광덕리,1943-01-01,1945-01-01,2,보조수원,50,3.3,3,2,5,100,필댐(죤형),38187.5,125,13,64,64,0,사통형,182.3,181.05,175.23,054-870-0500
4775010170,경북,청송.영양,각산,경상북도 청송군 진보면 각산리,1986-01-01,1987-12-31,2,보조수원,285,5.5,5,5,10,200,필댐(죤형),82246,170,17,97,97,0,사통형,214.5,213.3,201.2,054-870-0500
4775010176,경북,청송.영양,고현,경상북도 청송군 진보면 고현리,1953-01-01,1959-12-31,1,주수원,3500,36.74,35.8,180.6,10,200,필댐(죤형),630493,195,14,2123,2068,55,사통형,210.9,210.7,202.1,054-870-0500
4775010179,경북,청송.영양,대원상,경상북도 청송군 진보면 신촌리,1943-01-01,1945-01-01,2,보조수원,15,3.3,3,3,3,100,필댐(죤형),32,210,4,20,19,1,사통형,256.3,255.8,251.4,054-870-0500
4775010180,경북,청송.영양,대원하,경상북도 청송군 진보면 신촌리,1943-01-01,1945-01-01,2,보조수원,8,1.1,1,1,5,100,필댐(죤형),47.5,94,5,15,14,1,사통형,250.9,250.44,247.12,054-870-0500
4775010181,경북,청송.영양,배골,경상북도 청송군 진보면 신촌리,1943-01-01,1945-01-01,2,보조수원,8,0.44,0.4,1,5,100,필댐(죤형),32,32.5,4,8,7,1,사통형,240.5,240,238,054-870-0500
4775010183,경북,청송.영양,갈평,경상북도 청송군 진보면 괴정리,1967-01-01,1971-12-31,1,주수원,743,18.75,17.63,120.5,10,200,필댐(죤형),486127,251,44,2057,1963,94,취수탑형,331.8,330.5,307,054-870-0500
4775010184,경북,청송.영양,대맥이,경상북도 영양군 영양읍 상원리,1943-01-01,1945-01-01,2,보조수원,15,0.22,0.2,1,5,100,필댐(죤형),9.2,83,4,1,1,0,사통형,248,247.5,246,054-870-0500
4775010185,경북,청송.영양,분티골,경상북도 영양군 석보면 택전리,1943-01-01,1945-01-01,2,보조수원,43,0.22,0.2,3,10,100,필댐(죤형),47.5,55,5,8,7,1,사통형,251.5,251,248,054-870-0500
4775010186,경북,청송.영양,가창상,경상북도 청송군 파천면 중평리,1953-03-14,1954-12-30,2,보조수원,37.5,0.18,0.17,1,10,50,필댐(죤형),2970,45,5.5,5,5,0,사통형,234,233,210,054-870-0500
4775010187,경북,청송.영양,가창하,경상북도 청송군 파천면 중평리,1953-03-10,1954-12-31,2,보조수원,37.5,0.31,0.3,1,10,50,필댐(죤형),2310,66,7,9.5,9.5,0,사통형,226,225,219,054-870-0500
4775010188,경북,청송.영양,진안,경상북도 청송군 진보면 진안리,2007-12-25,2010-12-31,2,보조수원,32,3.15,3.03,113,10,200,필댐(균일형),162000,140,30.56,284.06,278.76,5.3,사통형,239.9,239.3,222,054-870-0500
4775010343,경북,청송.영양,사촌,경상북도 청송군 현서면 사촌리,2010-05-03,2020-12-31,1,주수원,224,11.15,10.74,206,10,200,필댐(죤형),355925,223.8,35.63,1163,1100,63,취수탑형,451.8,450.7,431,054-870-0500
4775010344,경북,청송.영양,천천,경상북도 청송군 현서면 천천리,2010-05-03,2020-12-31,1,주수원,258,8.42,7.85,0,10,200,필댐(죤형),0,162.5,34.84,851.89,794.87,57.02,취수탑형,375.1,374,356,054-870-0500
4776010005,경북,청송.영양,연지,경상북도 영양군 영양읍 삼지리,1943-01-01,1945-01-01,2,보조수원,40,3.3,3,10,7,100,필댐(죤형),76.2,155,6.2,40,38,2,사통형,243,241.8,240.3,054-870-0500
4776010006,경북,청송.영양,내원당,경상북도 영양군 영양읍 하원리,1943-01-01,1945-01-01,2,보조수원,14,2.75,2.5,2,7,100,필댐(죤형),99.3,200,7.5,7,6,1,사통형,244,243,239.5,054-870-0500
4776010014,경북,청송.영양,탑구,경상북도 영양군 입암면 신구리,1943-01-01,1945-01-01,2,보조수원,15,1.1,1,1,10,100,필댐(죤형),28.8,203,3.5,15,14,1,사통형,209.8,209.32,207.78,054-870-0500
4776010024,경북,청송.영양,파대,경상북도 영양군 영양읍 삼지리,1943-01-01,1944-12-30,2,보조수원,72,8.8,8,1,10,100,필댐(죤형),60,120,5,25,23,2,사통형,226.9,225.72,223.24,054-870-0500
4776010027,경북,청송.영양,왕산,경상북도 영양군 입암면 노달리,1943-01-01,1945-01-20,2,보조수원,40,0.66,0.6,1,10,100,필댐(죤형),66,120,6,4,4,0,사통형,208.5,208,205.5,054-870-0500
4776010028,경북,청송.영양,대평,경상북도 영양군 석보면 지경리,1943-01-01,1945-01-01,2,보조수원,10,0.77,0.7,2,10,100,필댐(죤형),39.3,118,4.5,2,2,0,사통형,200.8,200.3,198.2,054-870-0500
4776010029,경북,청송.영양,목곡,경상북도 영양군 입암면 방전리,1949-01-01,1951-01-01,2,보조수원,10,0.66,0.6,2.4,7,100,필댐(죤형),139.5,56,9,13,12,1,사통형,198,197.5,194.2,054-870-0500
4776010030,경북,청송.영양,연안골,경상북도 영양군 입암면 병옥리,1943-01-01,1945-01-01,2,보조수원,138,1.1,1,7,5,100,필댐(죤형),186.3,58,10.5,19,18,1,사통형,199.6,198.4,191.7,054-870-0500
4776010031,경북,청송.영양,흥구,경상북도 영양군 입암면 흥구리,1943-01-01,1944-12-30,2,보조수원,35,1.1,1,1,10,100,필댐(죤형),406.8,96,15.5,30,28,2,사통형,197.31,196.7,189.69,054-870-0500
4776010038,경북,청송.영양,저연,경상북도 영양군 입암면 연당리,1958-01-01,1960-01-01,2,보조수원,41,1.43,1.3,1,10,100,필댐(죤형),229.2,40,11.1,28,26,2,사통형,219.5,219,215,054-870-0500
4776010039,경북,청송.영양,저동상,경상북도 영양군 청기면 저리,1956-01-01,1960-01-01,2,주수원,160,2.2,2,10,10,100,필댐(죤형),327.3,118,13.5,112,106,6,사통형,236.4,235.89,225.89,054-870-0500
4776010040,경북,청송.영양,저동하,경상북도 영양군 청기면 저리,1991-01-01,1994-01-01,2,보조수원,205,2.2,2,11,10,200,필댐(죤형),305.5,98,13,104,98,6,사통형,224,223.4,217.5,054-870-0500
4776010074,경북,청송.영양,오기,경상북도 영양군 수비면 오기리,1957-01-01,1961-01-01,1,주수원,567,14.3,13,52,7,200,필댐(죤형),363,220,12.51,412,391,21,사통형,428.9,427.72,418.72,054-870-0500
4776010077,경북,청송.영양,마우,경상북도 영양군 석보면 원리리,1949-01-01,1951-01-01,2,보조수원,10.5,0.55,0.5,3,10,100,필댐(죤형),87.5,62,7,1,1,0,사통형,190.2,189.4,184.8,054-870-0500
4776010082,경북,청송.영양,아랫골,경상북도 영양군 석보면 택전리,1943-01-01,1945-01-01,2,보조수원,35,0.22,0.2,3,5,100,필댐(죤형),47.5,27,5,1,1,0,사통형,242.24,241.5,238.5,054-870-0500
4776010083,경북,청송.영양,텃골,경상북도 영양군 석보면 택전리,1943-01-01,1944-10-20,2,보조수원,35,0.22,0.2,3,10,100,필댐(죤형),35,40,5,4,4,0,사통형,245.5,245,243,054-870-0500
4776010084,경북,청송.영양,신평,경상북도 영양군 석보면 신평리,1943-01-01,1945-01-01,2,보조수원,4,0.22,0.2,3,10,100,필댐(죤형),47.5,40,5,3,3,0,사통형,240.5,240,238,054-870-0500
4776010088,경북,청송.영양,용골,경상북도 영양군 석보면 택전리,1943-01-01,1945-01-01,2,보조수원,25,0.33,0.3,4,5,100,필댐(죤형),47.5,45,5,5,5,0,사통형,258.5,258,256,054-870-0500
4776010089,경북,청송.영양,화매,경상북도 영양군 석보면 화매리,1990-12-27,1997-12-30,1,주수원,480,17.6,16,218.6,10,200,필댐(죤형),446000,256,41.95,2090,1959,131,취수탑형,296,294.75,262.29,054-870-0500
4776010097,경북,청송.영양,파장,경상북도 영양군 입암면 산해리,1943-01-01,1944-12-30,2,보조수원,40,1.1,1,2,7,100,필댐(죤형),47.5,200,5,2,2,0,사통형,197,196.6,195,054-870-0500
4776010098,경북,청송.영양,도곡,경상북도 영양군 일월면 도곡리,1996-05-14,2004-12-31,1,주수원,740,13.62,12.74,190,10,200,필댐(죤형),266123,207,33.5,1191,1050,141,취수탑형,368.6,367.1,350,054-870-0500
4776010177,경북,청송.영양,청기,경상북도 영양군 청기면 당리,2000-12-15,2015-12-31,1,주수원,965,17.5,16.65,250,10,200,필댐(코어형),461.19,171,44,2707,2477,230,취수탑형,490,488.5,460,054-870-0500
4776010178,경북,청송.영양,수비,경상북도 영양군 수비면 계리,2003-11-11,2016-04-30,1,주수원,990,13.07,12.29,238,10,200,필댐(죤형),378230,215,38,1540,1501.5,38.5,취수탑형,460.5,459,437,054-870-0500
4776010180,경북,청송.영양,홍소,경상북도 영양군 석보면 홍계리,2011-01-03,2019-12-31,1,주수원,567.9,11.76,11.04,0,10,200,필댐(죤형),0,177,34.3,1234,1210,24,취수탑형,302.1,300.9,278,054-870-0500
4777010035,경북,영덕.울진,화전,경상북도 영덕군 강구면 화전리,1958-01-01,1963-01-01,2,주수원,200,2.6,1.7,39.7,10,200,필댐(죤형),69400,111,17.3,168,159,9,사통형,74,73,59.5,?54-730-5000
4777010044,경북,영덕.울진,천율,경상북도 영덕군 남정면 회리,1945-01-01,1945-12-30,2,보조수원,125,1.32,1.2,5.3,10,200,필댐(죤형),23000,108,10,69,65,4,사통형,97,96,88.5,?54-730-5000
4777010045,경북,영덕.울진,가지밭골,경상북도 영덕군 남정면 회리,1945-01-01,1947-12-30,2,보조수원,50,0.9,0.7,5,10,200,필댐(죤형),3500,65,6,13,12,1,사통형,103.8,103,100,?54-730-5000
4777010046,경북,영덕.울진,회동,경상북도 영덕군 남정면 회리,1970-01-01,1975-01-01,1,주수원,710,5.12,4.4,80.9,10,200,필댐(죤형),204000,288,16.9,368,345,23,사통형,138.5,137.5,124,?54-730-5000
4777010048,경북,영덕.울진,양성,경상북도 영덕군 남정면 양성리,1968-01-01,1970-01-01,2,주수원,303,4.12,3.9,24.8,10,200,필댐(죤형),51000,95,16.5,275,168,107,사통형,60.3,59.3,46.8,?54-730-5000
4777010053,경북,영덕.울진,사암,경상북도 영덕군 남정면 사암리,1970-01-01,1972-01-01,2,주수원,100,2.01,1.83,12.4,10,200,필댐(죤형),6500,49,9.1,63,61,2,사통형,98.6,98,90.6,?54-730-5000
4777010054,경북,영덕.울진,도천,경상북도 영덕군 남정면 도천리,1940-12-20,1942-03-31,1,주수원,1380,19.6,17.3,257,10,200,필댐(죤형),79810,121,16.5,1100,1052,48,사통형,57.6,56.3,46,?54-730-5000
4777010056,경북,영덕.울진,독곡,경상북도 영덕군 남정면 우곡리,1943-01-01,1945-01-01,2,주수원,12,1.5,1.3,3.7,10,200,필댐(죤형),7014,26,11.7,6,6,0,사통형,69,68,62,?54-730-5000
4777010057,경북,영덕.울진,대곡,경상북도 영덕군 남정면 우곡리,1968-01-01,1970-01-01,2,주수원,149,1.4,1.4,14.3,10,200,필댐(죤형),17810,50,13,76,76,0,사통형,114,113,106,?54-730-5000
4777010062,경북,영덕.울진,남정,경상북도 영덕군 남정면 남정리,1958-01-01,1964-01-01,2,주수원,900,7.3,7.3,48.9,10,200,필댐(죤형),32203,70,14.1,276,244,32,사통형,54.3,52.8,46,?54-730-5000
4777010064,경북,영덕.울진,부흥,경상북도 영덕군 남정면 부흥리,1943-12-02,1945-01-01,2,보조수원,55,0.5,0.4,0,10,200,필댐(죤형),1800,56,4,1,1,0,기타,22.5,22,17.5,?54-730-5000
4777010072,경북,영덕.울진,용전,경상북도 영덕군 달산면 용전리,1994-01-01,1998-01-01,2,보조수원,181,3,2.9,35,10,200,필댐(죤형),101000,100,23,240.8,230,10.8,사통형,157,155.8,141,?54-730-5000
4777010074,경북,영덕.울진,봉산,경상북도 영덕군 달산면 봉산리,1965-01-01,1969-01-01,1,주수원,410,7.45,5.6,84.2,10,200,필댐(죤형),113197,104,21.5,478,438,40,사통형,154.2,153,140.5,?54-730-5000
4777010102,경북,영덕.울진,묘곡,경상북도 영덕군 영해면 묘곡리,1997-12-31,2013-12-31,1,주수원,3530,81.43,76.06,1051,10,200,필댐(죤형),243228,430,26.6,8671,8441,230,취수탑형,53.09,51.59,33,?54-730-5000
4777010104,경북,영덕.울진,병곡,경상북도 영덕군 병곡면 병곡리,1944-01-07,1945-01-01,2,보조수원,50,0.8,0.7,0,10,200,필댐(죤형),2100,80,3,1,1,0,기타,15,13.5,11,?54-730-5000
4777010108,경북,영덕.울진,백록,경상북도 영덕군 병곡면 영리,1969-01-01,1970-01-01,1,주수원,469,8.01,7.9,110.1,10,200,필댐(죤형),80800,85,25,630,625,5,사통형,90.2,89,79,?54-730-5000
4777010109,경북,영덕.울진,영동,경상북도 영덕군 병곡면 영리,1983-01-01,1988-01-01,1,보조수원,335,5.35,5.1,80,10,200,필댐(죤형),114000,90,25.6,409,387,22,사통형,86.2,84.9,69,?54-730-5000
4777010117,경북,영덕.울진,각리,경상북도 영덕군 병곡면 각리리,1981-01-02,1982-01-01,2,보조수원,210,2.05,2,30,10,200,필댐(죤형),48727,89,15,171,152,19,사통형,33.7,32.9,22.9,?54-730-5000
4777010124,경북,영덕.울진,수동,경상북도 영덕군 창수면 수리,1971-02-24,1975-12-31,1,주수원,625,5.8,4.7,120.6,10,200,필댐(죤형),339000,153,22.6,434,433,1,사통형,172.5,171,158.5,?54-730-5000
4777010126,경북,영덕.울진,보림,경상북도 영덕군 창수면 백청리,1970-01-01,1975-12-31,2,주수원,630,4.17,3.5,84.6,10,200,필댐(죤형),50291,69,22.1,260.6,236.1,24.5,사통형,218.5,217,202,?54-730-5000
4777010127,경북,영덕.울진,기사,경상북도 영덕군 지품면 기사리,1992-01-01,2001-01-01,1,주수원,450,10.2,9.74,150.5,10,200,필댐(죤형),256394,169,38.4,1400,1242,158,사통형,380,379,353,?54-730-5000
4777010237,경북,영덕.울진,대곡,경상북도 영덕군 축산면 대곡리,1997-12-31,2013-12-31,1,주수원,420,11.12,10.4,153,10,200,필댐(죤형),263793,178,35.8,1331.5,1301.4,30.1,취수탑형,144.71,143.51,113,?54-730-5000
4777010238,경북,영덕.울진,칠성,경상북도 영덕군 축산면 칠성리,1997-12-31,2013-12-31,1,주수원,418,11.44,10.96,160,10,200,필댐(죤형),488032,264,41,1439,1212,227,취수탑형,156.6,155.4,135,?54-730-5000
4777010239,경북,영덕.울진,창수,경상북도 영덕군 창수면 창수리,1997-10-23,2013-12-31,1,주수원,280,11.36,10.68,140,10,200,필댐(죤형),348307,204,36.6,1288,1116,172,취수탑형,284.22,283.02,264,?54-730-5000
4777010240,경북,영덕.울진,매현,경상북도 영덕군 달산면 옥산리,2007-01-31,2013-04-30,1,주수원,370,12.43,11.69,130,10,200,필댐(죤형),0,147.8,31.4,1290.3,1147.2,143.1,사통형,139.8,138.6,120,?54-730-5000
4777010241,경북,영덕.울진,속곡,경상북도 영덕군 지품면 속곡리,1992-05-15,2017-12-26,1,주수원,1232,8.78,7.9,0,10,20,필댐(죤형),167640,141,30.98,758,737,21,취수탑형,203,201,184,?54-730-5000
4782010003,경북,경산.청도,화강,경상북도 청도군 화양읍 교촌리,1950-01-01,1954-01-01,1,주수원,648,6.48,6,108.5,10,200,필댐(죤형),117264,400,14,397.73,397.73,0,사통형,128.1,127.1,116,053-819-6000
4782010013,경북,경산.청도,남성현,경상북도 청도군 화양읍 삼신리,1945-01-01,1947-12-30,1,주수원,540,5.29,4.9,65.2,10,200,필댐(죤형),21381,225,17,316,300,16,사통형,134,133,119.5,053-819-6000
4782010014,경북,경산.청도,삼신,경상북도 청도군 화양읍 삼신리,1945-01-01,1947-12-30,2,주수원,420,7.34,6.8,18.2,10,200,필댐(죤형),17088,320,6,76.39,76.39,0,사통형,115,114,111.7,053-819-6000
4782010061,경북,경산.청도,부야,경상북도 청도군 청도읍 부야리,1945-01-01,1947-12-30,1,주수원,244,9.11,8.6,69.3,10,100,필댐(죤형),85478,330,13,388.4,386.6,1.8,사통형,106.2,105.2,96.5,053-819-6000
4782010068,경북,경산.청도,구사동,경상북도 청도군 각남면 사리,1970-01-01,1973-01-01,2,보조수원,15,1.7,1.6,3,7,100,필댐(죤형),15770,154,9,52,50,2,사통형,176.1,174.1,169.5,053-819-6000
4782010069,경북,경산.청도,불당,경상북도 청도군 각남면 사리,1970-01-01,1972-12-01,2,보조수원,70,1.87,1.7,0,10,100,필댐(죤형),2732,46,7,17,17,0,사통형,92,90,87.5,053-819-6000
4782010076,경북,경산.청도,구만,경상북도 청도군 각남면 녹명리,1968-01-01,1970-12-30,2,주수원,16,0.88,0.8,5.5,3,100,필댐(죤형),12721,107,10,24.29,24.29,0,사통형,125.8,125,118.5,053-819-6000
4782010078,경북,경산.청도,사동,경상북도 청도군 각남면 사리,1980-01-01,1985-12-30,1,주수원,352,7.45,6.9,113.3,10,200,필댐(죤형),346494,182,36,879,835,44,사통형,210,207,181,053-819-6000
4782010080,경북,경산.청도,대산,경상북도 청도군 각남면 옥산리,1945-01-01,1947-12-30,1,주수원,680,11.12,10.3,96.9,3,100,필댐(죤형),75441,183,17,605,581,24,사통형,113.5,112.5,101,053-819-6000
4782010094,경북,경산.청도,금곡,경상북도 청도군 풍각면 금곡리,1969-01-01,1971-01-01,2,주수원,120,1.51,1.4,20,10,100,필댐(죤형),9149,106,7,54,51,3,사통형,175.1,174.1,169.5,053-819-6000
4782010128,경북,경산.청도,지슬,경상북도 청도군 각북면 지슬리,1988-12-02,1996-12-30,1,주수원,320,11,10.1,116.4,10,200,필댐(죤형),544287,228,41,1364,1349,15,사통형,266.8,265.8,240,053-819-6000
4782010133,경북,경산.청도,금천,경상북도 청도군 각북면 금천리,1986-01-01,1997-01-01,1,주수원,210,8.37,7.9,95,10,200,필댐(죤형),316555,225,31,870,863,7,사통형,248.3,247.3,233,053-819-6000
4782010138,경북,경산.청도,강정,경상북도 청도군 이서면 칠엽리,1955-01-01,1958-01-01,1,주수원,580,9.81,9,49.5,10,200,필댐(죤형),235000,228,13,418.76,417.76,1,사통형,134.8,132.8,124.5,053-819-6000
4782010145,경북,경산.청도,각계,경상북도 청도군 이서면 각계리,1945-01-01,1947-12-30,2,주수원,130,1.57,1.5,15.3,10,200,필댐(죤형),91000,250,4,18,18,0,사통형,90.8,90,87.75,053-819-6000
4782010150,경북,경산.청도,수야,경상북도 청도군 이서면 수야리,1955-01-01,1958-01-01,1,주수원,425,13.64,12.4,153,10,100,필댐(죤형),75378,257,14,649,584,65,사통형,142,141,131.5,053-819-6000
4782010151,경북,경산.청도,명곡,경상북도 청도군 이서면 수야리,1956-01-01,1958-01-01,2,주수원,85,2.39,2.2,13,10,100,필댐(죤형),7486,180,4.8,56.04,56.04,0,사통형,126,125,120.9,053-819-6000
4782010209,경북,경산.청도,김전,경상북도 청도군 금천면 김전리,1995-01-01,1999-01-01,1,주수원,290,11,10.1,125,10,200,필댐(죤형),163858,220,22.2,767,699,68,사통형,195.2,194.2,182,053-819-6000
4782010210,경북,경산.청도,대비,경상북도 청도군 금천면 박곡리,1992-01-01,1999-01-01,1,주수원,600,18.79,17.4,195,10,200,필댐(죤형),256360,202,30.9,1522,1461,61,취수탑형,171.1,169.9,153,053-819-6000
4782010211,경북,경산.청도,우산,경상북도 청도군 각북면 우산리,1986-01-01,2000-01-01,1,주수원,160,8.79,8.3,80,10,200,필댐(죤형),351258,209,36.5,753,746,7,취수탑형,195,194,169.5,053-819-6000
4782010480,경북,경산.청도,성곡,경상북도 청도군 풍각면 성곡리,1999-02-22,2013-06-30,1,주수원,1280,81.38,76.2,0,10,200,필댐(코어형),502000,266,34.7,8481,7525,956,취수탑형,145.2,144,123.5,053-819-6000
4783010005,경북,고령,중화,경상북도 고령군 대가야읍 중화리,1956-01-01,1962-12-31,1,주수원,1610,24.73,22.83,164,5,200,필댐(죤형),38456,176,11.5,793,765,28,사통형,108,106.5,100,054-950-0700
4783010010,경북,고령,담마,경상북도 고령군 대가야읍 저전리,1944-05-18,1945-12-31,2,보조수원,27,1.65,1.61,32.3,5,100,필댐(죤형),7242,213,4,31.5,31.5,0,사통형,93.5,93,90,054-950-0700
4783010020,경북,고령,신동,경상북도 고령군 대가야읍 신리,1990-08-01,1997-12-31,1,주수원,290,11,10.3,110,10,200,필댐(죤형),585225,405,34,928,827,101,사통형,164.9,163.9,146,054-950-0700
4783010021,경북,고령,중촌,경상북도 고령군 대가야읍 외리,1944-06-14,1945-12-31,2,주수원,18,0.4,0.35,27.7,5,100,필댐(죤형),3780,84,5,4.92,4.92,0,사통형,51.5,51.3,49,054-950-0700
4783010022,경북,고령,앞산,경상북도 고령군 대가야읍 외리,1944-06-01,1945-12-31,2,보조수원,2,0.2,0.1,0,5,100,필댐(죤형),567,14,4.5,0.5,0.5,0,사통형,54.7,54,53,054-950-0700
4783010023,경북,고령,힌곡,경상북도 고령군 대가야읍 내곡리,1968-07-01,1969-12-31,2,보조수원,27,0.2,0.15,5,5,100,필댐(죤형),5022,36,9,3.2,3.2,0,사통형,57.5,57,55,054-950-0700
4783010024,경북,고령,바바골,경상북도 고령군 대가야읍 내곡리,1944-06-07,1945-12-31,2,보조수원,14,0.3,0.23,0,5,100,필댐(죤형),2720,80,4,2.95,2.95,0,사통형,64.5,63,58.3,054-950-0700
4783010025,경북,고령,구시골,경상북도 고령군 대가야읍 내곡리,1949-05-02,1950-12-31,2,주수원,70,2.8,2.5,46,5,50,필댐(죤형),3520,103,4,10.8,10.8,0,사통형,63.5,63,61,054-950-0700
4783010026,경북,고령,안일량,경상북도 고령군 대가야읍 내곡리,1961-07-03,1962-12-31,2,보조수원,28,1.4,1.3,6,5,100,필댐(죤형),5798,46,9.2,1.6,1.6,0,사통형,53.8,53,51,054-950-0700
4783010029,경북,고령,덕곡,경상북도 고령군 덕곡면 노리,2010-12-24,2015-01-31,1,주수원,2058,28.9,27.5,388.7,10,200,필댐(죤형),642000,219,54.2,4994.4,4810.9,183.5,취수탑형,184.4,182.7,153.7,054-950-0700
4783010035,경북,고령,옥계,경상북도 고령군 덕곡면 옥계리,1985-04-19,1996-12-24,1,주수원,152,3,2.8,46.6,10,200,필댐(죤형),189125,125,34,319,289,30,사통형,189,188,171,054-950-0700
4783010046,경북,고령,사부골,경상북도 고령군 운수면 봉평리,1944-06-02,1945-12-31,2,주수원,92,2.1,1.9,9.1,5,100,필댐(죤형),4750,100,5,60,60,0,사통형,63.2,62,58,054-950-0700
4783010047,경북,고령,새꼬지,경상북도 고령군 운수면 봉평리,1944-06-05,1945-12-31,2,보조수원,13,0.5,0.41,7.6,5,100,필댐(죤형),1938,57,4,9.1,9.1,0,사통형,66.2,66,64,054-950-0700
4783010052,경북,고령,노수골,경상북도 고령군 운수면 대평리,1944-05-17,1945-12-31,2,보조수원,192,0.7,0.6,0,5,100,필댐(죤형),5855,170,4.2,1.88,1.88,0,사통형,65,64.4,63,054-950-0700
4783010056,경북,고령,뒷개울,경상북도 고령군 운수면 신간리,1944-06-06,1945-12-31,2,보조수원,8,0.7,0.6,7.7,5,100,필댐(죤형),1800,60,4,17.7,17.7,0,사통형,77.5,77,74.5,054-950-0700
4783010059,경북,고령,법동,경상북도 고령군 운수면 법리,1944-06-07,1945-12-31,2,주수원,106,3,2,22,5,100,필댐(죤형),17760,80,12,62.15,62.15,0,사통형,107,105.9,98,054-950-0700
4783010061,경북,고령,청용,경상북도 고령군 운수면 법리,1967-06-23,1968-12-31,2,보조수원,40,0.65,0.6,4,5,100,필댐(죤형),5820,194,4,9.7,9.7,0,사통형,68.1,67,65,054-950-0700
4783010069,경북,고령,거러실,경상북도 고령군 운수면 화암리,1944-06-21,1945-12-31,2,보조수원,32,0.9,0.8,9.4,10,100,필댐(죤형),7200,120,6,12,9.9,2.1,사통형,63.57,63,60,054-950-0700
4783010074,경북,고령,신기지,경상북도 고령군 성산면 오곡리,1944-06-01,1945-12-31,2,보조수원,21,0.4,0.32,7,5,100,필댐(죤형),2338,55,5,6.3,6.3,0,사통형,42.2,41.5,37,054-950-0700
4783010075,경북,고령,아름다울,경상북도 고령군 성산면 오곡리,1944-07-13,1945-12-31,2,보조수원,20,0.4,0.3,3,5,100,필댐(죤형),1900,40,5,5.53,5.53,0,사통형,48.7,48,45.2,054-950-0700
4783010080,경북,고령,용소,경상북도 고령군 성산면 용소리,1944-07-19,1945-12-31,2,주수원,425,6,5.99,85,5,100,필댐(죤형),32400,216,10,195,195,0,사통형,51.01,49.1,44,054-950-0700
4783010103,경북,고령,주을,경상북도 고령군 다산면 곽촌리,1944-08-01,1945-12-31,2,보조수원,124,9.55,9.5,68,10,200,필댐(죤형),64125,270,12.5,253.4,246,7.4,사통형,117.5,117,113.3,054-950-0700
4783010108,경북,고령,안심,경상북도 고령군 다산면 월성리,1944-07-04,1945-12-31,2,주수원,16,1.3,1,7.7,5,100,필댐(죤형),3240,90,4.5,10.16,10.16,0,사통형,43.1,41.4,39,054-950-0700
4783010113,경북,고령,아시터,경상북도 고령군 다산면 나정리,1961-06-14,1962-12-31,2,보조수원,18,0.4,0.3,6,5,100,필댐(죤형),3850,68,4,4.8,4.8,0,사통형,54.5,54,53,054-950-0700
4783010114,경북,고령,불당,경상북도 고령군 다산면 나정리,1964-05-20,1965-01-01,2,보조수원,39,0.5,0.46,8,5,100,필댐(죤형),2913,70,5.5,17.4,17.4,0,사통형,54,53,49,054-950-0700
4783010120,경북,고령,웃골,경상북도 고령군 다산면 송곡리,1944-07-03,1945-12-31,2,보조수원,59,2.2,0.7,18,5,100,필댐(죤형),3943,83,5,17.13,17.13,0,사통형,52.5,51.5,49,054-950-0700
4783010123,경북,고령,사못,경상북도 고령군 개진면 양전리,1944-06-01,1945-12-31,2,보조수원,38,0.9,0.82,5.3,5,100,필댐(죤형),7661,120,5.7,24.2,24.2,0,사통형,37.6,36.8,32.1,054-950-0700
4783010125,경북,고령,방아골,경상북도 고령군 개진면 양전리,1969-07-29,1970-12-31,2,보조수원,17,0.6,0.51,1.8,10,100,필댐(죤형),4241,130,6.2,11.49,11.49,0,사통형,44.5,43.7,41,054-950-0700
4783010126,경북,고령,반운,경상북도 고령군 개진면 반운리,1944-08-01,1945-12-31,2,보조수원,8,0.5,0.41,6.1,5,100,필댐(죤형),3080,95,4.8,9.91,9.91,0,사통형,41.5,41,39,054-950-0700
4783010132,경북,고령,구곡,경상북도 고령군 개진면 구곡리,1944-06-05,1945-12-31,2,보조수원,181,1.25,1.21,19.4,5,100,필댐(죤형),8218,173,5,20.1,20.1,0,사통형,30.6,30,28,054-950-0700
4783010134,경북,고령,봉동,경상북도 고령군 개진면 구곡리,1944-07-04,1945-12-31,2,보조수원,55,0.7,0.61,0,5,100,필댐(죤형),3344,62,5.8,7.7,7.7,0,사통형,43,42.5,40,054-950-0700
4783010135,경북,고령,적산,경상북도 고령군 개진면 옥산리,1944-08-01,1945-12-31,2,보조수원,25,0.35,0.3,3.3,5,100,필댐(죤형),1890,30,6,9,9,0,사통형,37,36.5,34.5,054-950-0700
4783010143,경북,고령,속동,경상북도 고령군 우곡면 속리,1984-08-01,1947-12-31,2,보조수원,48,0.8,0.78,14.4,5,100,필댐(죤형),7371,117,6,22.21,22.21,0,사통형,52.5,52,49,054-950-0700
4783010144,경북,고령,윗마을,경상북도 고령군 우곡면 속리,1984-08-22,1985-12-31,2,주수원,77,0.7,0.64,12.9,5,100,필댐(죤형),102960,54,8.9,23.9,23.9,0,사통형,53.7,52.9,46.9,054-950-0700
4783010145,경북,고령,대평,경상북도 고령군 운수면 대평리,2003-09-24,2008-02-12,1,주수원,150,12.26,11.5,77.88,10,200,필댐(죤형),96000,132,24,958,840.06,117.94,사통형,99.5,98.5,84,054-950-0700
4784010062,경북,성주,운산,경상북도 성주군 용암면 운산리,1971-01-01,1974-01-01,2,보조수원,120,3.19,1.14,24,10,200,필댐(죤형),14700,88,10,73,66.3,6.7,사통형,55.6,55,47.6,054-930-0700
4784010100,경북,성주,성주,경상북도 성주군 가천면 중산리,1987-12-18,1997-12-31,1,주수원,14960,213,205,3217,10,200,필댐(죤형),1638000,430,63.6,38240,28150,10090,취수탑형,192.1,184.7,162.2,054-930-0700
4784010138,경북,성주,봉학,경상북도 성주군 벽진면 봉학리,1982-11-30,1990-01-24,1,주수원,1750,36.94,34.98,319.3,10,200,필댐(죤형),1049954,252.8,41.6,4612.5,4515.3,97.2,취수탑형,151.3,150.8,126.55,054-930-0700
4784010141,경북,성주,자산,경상북도 성주군 벽진면 자산리,1942-02-20,1944-12-30,1,주수원,650,18.47,16.2,115.1,10,200,필댐(죤형),48450,190,10,527.45,527.45,0,사통형,83.5,82.5,76,054-930-0700
4784010168,경북,성주,소성,경상북도 성주군 초전면 소성리,1969-01-31,1975-01-01,1,주수원,952,19.51,14.66,315.1,10,200,필댐(죤형),240620,240,20.5,1394,1280,114,사통형,179.24,178,164,054-930-0700
4784010173,경북,성주,월곡,경상북도 성주군 초전면 동포리,1986-01-02,1994-01-01,1,보조수원,580,8.76,7.94,81.5,10,200,필댐(죤형),71920,137,22,558.38,555.25,3.13,사통형,95,94,79.5,054-930-0700
4784010174,경북,성주,인촌,경상북도 성주군 월항면 인촌리,2000-11-27,2008-12-31,1,주수원,475,12.12,11.36,92.4,10,200,필댐(코어형),619680,243,49.5,1488,1336,152,취수탑형,172.9,171.9,146,054-930-0700
4785010003,경북,칠곡,매원,경상북도 칠곡군 왜관읍 매원리,1952-04-10,1956-12-30,1,주수원,728,17.3,16.5,127.2,10,100,필댐(죤형),40200,300,14.3,735.47,735.47,0,사통형,63.13,62.23,52.54,054-800-5000
4785010022,경북,칠곡,숙적,경상북도 칠곡군 지천면 신리,1930-01-01,1930-12-01,2,보조수원,75,1.4,1.3,33,10,100,필댐(죤형),7533,186,6,32,32,0,사통형,68.42,67.62,64.6,054-800-5000
4785010034,경북,달성,하빈,대구광역시 달성군 하빈면 기곡리,1943-01-20,1944-03-31,1,주수원,956,45,42.03,163,10,100,필댐(죤형),66820,256,7.8,1512.2,1512.2,0,사통형,36.7,35.8,31.1,053-628-1123
4785010043,경북,칠곡,지천,경상북도 칠곡군 지천면 창평리,1959-11-10,1965-12-31,1,주수원,1815,32.1,31.2,276.3,10,200,필댐(죤형),55074,279,17.9,1978,1978,0,취수탑형,75.62,74.14,61.56,054-800-5000
4785010044,경북,칠곡,창평,경상북도 칠곡군 지천면 창평리,1976-08-21,1979-07-18,2,주수원,240,6.4,6.1,41.5,10,100,필댐(죤형),22720,200,18.4,249,249,0,사통형,124.45,123.37,112.05,054-800-5000
4785010045,경북,칠곡,심천,경상북도 칠곡군 지천면 심천리,1945-02-01,1945-12-01,2,주수원,145,2,1.8,27.9,10,100,필댐(죤형),3090,95.4,11.2,72,72,0,사통형,124.62,123.72,118.18,054-800-5000
4785010065,경북,칠곡,달서,경상북도 칠곡군 지천면 황학리,1987-12-09,1995-05-30,1,주수원,250,6.9,6.6,51.1,10,100,필댐(죤형),64680,196,40,736,736,0,사통형,329.31,328.21,303.23,054-800-5000
4785010069,경북,칠곡,송산,경상북도 칠곡군 동명면 송산리,1945-01-31,1947-02-01,2,보조수원,65,2.5,2.4,12,10,100,필댐(죤형),5872,100,15,23.05,23.05,0,사통형,128.64,127.84,123.57,054-800-5000
4785010089,경북,칠곡,동명,경상북도 칠곡군 동명면 구덕리,1956-10-17,1961-11-30,1,주수원,2660,34.7,33,81.7,10,100,필댐(죤형),67320,408,12.5,1451.34,1451.34,0,사통형,87.8,85.8,75.01,054-800-5000
4785010093,경북,칠곡,봉림,경상북도 칠곡군 가산면 송학리,1945-02-01,1945-12-01,2,보조수원,130,2.3,2.15,13,10,100,필댐(죤형),6048,90,14.9,103.12,103.12,0,사통형,158.92,158.62,146.52,054-800-5000
4785010097,경북,칠곡,금화,경상북도 칠곡군 가산면 금화리,1978-08-10,1984-11-27,1,주수원,680,14,13.4,166.9,10,100,필댐(죤형),18276,231,30,1138.72,1138.72,0,사통형,180.23,179.34,157.83,054-800-5000
4785010106,경북,칠곡,천평,경상북도 칠곡군 가산면 천평리,1982-08-01,1984-11-27,2,보조수원,200,3.1,3,44.7,10,100,필댐(죤형),32092,142,23,183.55,183.55,0,사통형,169.11,168.08,151.27,054-800-5000
4785010109,경북,칠곡,석사,경상북도 칠곡군 가산면 학하리,1939-01-01,1939-12-28,2,보조수원,210,0.84,0.8,8.9,10,100,필댐(죤형),1540,70,6,19.18,19.18,0,사통형,130.03,129.53,123.55,054-800-5000
4785010113,경북,칠곡,후평,경상북도 칠곡군 가산면 학상리,1949-01-01,1951-01-01,2,보조수원,98,6.5,6.15,30,10,100,필댐(죤형),6975,155,7.5,47,47,0,사통형,152.43,151.93,146.75,054-800-5000
4785010114,경북,칠곡,오리,경상북도 칠곡군 가산면 학상리,1956-01-01,1958-01-01,2,보조수원,80,2.2,2.1,29,3,100,필댐(죤형),2896,198,6,25,25,0,사통형,112.15,111.95,108.12,054-800-5000
4785010126,경북,칠곡,봉학,경상북도 칠곡군 가산면 송학리,1972-11-23,1976-12-31,1,주수원,277,6.4,6.1,112.6,3,100,필댐(죤형),42616,270,29.48,598.49,598.49,0,사통형,172.09,171.18,150.92,054-800-5000
4785010128,경북,칠곡,유학,경상북도 칠곡군 석적읍 성곡리,1965-12-17,1969-12-31,1,주수원,425,8.2,7.8,24.4,10,100,필댐(죤형),131043,160,20.9,499.44,499.44,0,사통형,144.15,143.42,128.24,054-800-5000
4785010147,경북,칠곡,기곡,경상북도 칠곡군 북삼읍 율리,1963-01-01,1965-01-01,2,보조수원,24,0.13,0.12,6.5,10,100,필댐(죤형),1200,60,5,3.08,3.08,0,사통형,78.55,77.75,75.81,054-800-5000
4785010148,경북,칠곡,내율,경상북도 칠곡군 북삼읍 율리,1965-01-01,1968-01-01,2,보조수원,10,0.19,0.09,4,10,100,필댐(죤형),1500,50,4,2.75,2.75,0,사통형,66.7,66.4,64.26,054-800-5000
4785010149,경북,칠곡,배야곡,경상북도 칠곡군 북삼읍 율리,1968-01-01,1970-01-01,2,보조수원,15,0.09,0.08,4.3,10,100,필댐(죤형),11392,100,5.75,9.85,9.85,0,사통형,70.09,69.49,66.8,054-800-5000
4785010161,경북,칠곡,숭오,경상북도 칠곡군 북삼읍 인평리,1965-01-01,1967-01-01,2,보조수원,52,1.4,1.35,17,10,100,필댐(죤형),2443,61,5.85,15.63,15.63,0,사통형,129.9,129.4,124.38,054-800-5000
4785010162,경북,칠곡,작곡,경상북도 칠곡군 북삼읍 숭오리,1984-10-08,1985-12-26,2,보조수원,25,3.5,3.4,5,10,100,필댐(죤형),20765,202,15.7,226.74,226.74,0,사통형,124.58,124.08,112.26,054-800-5000
4785010165,경북,칠곡,인강,경상북도 칠곡군 북삼읍 인평리,1963-01-01,1964-01-01,2,보조수원,19,0.25,0.24,7,10,100,필댐(죤형),2277,115,4.9,10.99,10.99,0,사통형,96.43,96.03,92.78,054-800-5000
4785010167,경북,칠곡,도속,경상북도 칠곡군 북삼읍 오평리,1972-01-01,1972-12-30,2,보조수원,28,2.1,2,7,10,100,필댐(죤형),2090,95,6,36.04,36.04,0,사통형,52.8,52.5,49.04,054-800-5000
4785010168,경북,칠곡,곤산,경상북도 칠곡군 약목면 복성리,1948-01-01,1952-01-01,2,보조수원,34,0.42,0.4,3.7,3,100,필댐(죤형),960,48,5,2.32,2.32,0,사통형,112.95,112.55,108.16,054-800-5000
4785010171,경북,칠곡,용화,경상북도 칠곡군 약목면 남계리,1934-01-01,1936-03-31,2,주수원,60,1.79,1.7,21.7,3,100,필댐(죤형),7740,200,5.4,36.43,36.43,0,사통형,52.16,51.96,48.23,054-800-5000
4785010172,경북,칠곡,남계,경상북도 칠곡군 약목면 남계리,1934-11-05,1936-03-31,2,주수원,260,8.6,8.2,81.3,3,100,필댐(죤형),65008,381.8,7.5,221.72,221.72,0,사통형,50.49,50.04,43.48,054-800-5000
4785010173,경북,칠곡,호암,경상북도 칠곡군 약목면 남계리,1945-01-01,1948-01-01,2,주수원,95,2.9,2.7,11.8,3,100,필댐(죤형),18850,236,6.5,73.86,73.86,0,사통형,85.02,84.52,79.22,054-800-5000
4785010174,경북,칠곡,두만,경상북도 칠곡군 약목면 남계리,1970-08-13,1972-12-31,1,주수원,470,6.6,6.3,149.1,3,100,필댐(죤형),43659,189,23.5,369.04,369.04,0,사통형,107.3,106.61,89.19,054-800-5000
4785010176,경북,칠곡,내야,경상북도 칠곡군 약목면 관호리,1948-05-01,1952-10-31,2,주수원,140,4.09,3.9,29.8,10,100,필댐(죤형),4598,108,7,51.95,51.95,0,사통형,53.55,52.9,46.21,054-800-5000
4785010177,경북,칠곡,평죽,경상북도 칠곡군 기산면 평복리,1945-01-01,1948-03-31,2,주수원,114,2.8,2.7,19.2,10,100,필댐(죤형),9186,173,10.2,43.41,43.41,0,사통형,76.12,75.07,69.06,054-800-5000
4785010189,경북,칠곡,각산,경상북도 칠곡군 기산면 각산리,1972-01-01,1973-06-20,2,주수원,212,1.64,1.56,17.4,10,100,필댐(죤형),17523,102,14.2,20.19,20.19,0,사통형,139.5,139,132.76,054-800-5000
4785010191,경북,칠곡,노곡,경상북도 칠곡군 기산면 노석리,1967-01-01,1967-12-30,2,보조수원,45,0.52,0.5,10,3,100,필댐(죤형),3000,100,4,12,12,0,사통형,76.95,76.65,71.57,054-800-5000
4790010004,경북,문경,외석정,경상북도 예천군 예천읍 석정리,1945-01-01,1945-12-31,2,보조수원,9,0.55,0.5,9,10,50,필댐(죤형),1000,86,5,7.4,7.4,0,사통형,101.5,101,98,054-550-5300 
4790010017,경북,문경,성현,경상북도 예천군 용문면 성현리,1961-01-01,1961-12-31,2,보조수원,10,0.88,0.2,8.1,10,50,필댐(죤형),605,42,6.2,3.93,3.93,0,사통형,162.5,162,159,054-550-5300 
4790010018,경북,문경,덕신,경상북도 예천군 용문면 덕신리,1957-01-01,1961-01-01,2,보조수원,10.9,0.55,0.5,3.4,10,50,필댐(죤형),1304,66,8.5,6.1,6.1,0,사통형,155.5,155,152,054-550-5300 
4790010022,경북,예천,운암,경상북도 예천군 용문면 내지리,1944-03-15,1954-09-30,1,보조수원,1320,30.69,28.95,211.8,10,200,필댐(죤형),217178,245,30.1,2662.6,2647.1,15.5,취수탑형,221.5,220.5,202.5,054-650-7100
4790010024,경북,예천,죽림,경상북도 예천군 용문면 능천리,1971-06-05,1971-12-31,2,주수원,98,1.63,1.5,16.1,5,200,필댐(죤형),82707,75,15.8,37.9,37.9,0,사통형,165.6,165,157.5,054-650-7100
4790010050,경북,안동,원곡,경상북도 예천군 호명면 원곡리,1943-01-01,1945-01-01,2,보조수원,25,0.5,0.3,11,10,200,필댐(죤형),376,72,5,7,7,0,사통형,121,120,113,054-850-5725
4790010052,경북,안동,산합,경상북도 예천군 호명면 산합리,1927-01-01,1929-01-01,2,보조수원,6,0.5,0.3,6,10,200,필댐(죤형),464.6,100,4.5,17,15.9,1.1,사통형,109.5,108.5,105.5,054-850-5725
4790010064,경북,문경,마람터,경상북도 예천군 유천면 고산리,1945-01-01,1945-12-31,2,보조수원,5,0.77,0.7,14.1,10,50,필댐(죤형),814,70,5,9.1,9.1,0,사통형,101.5,101,98,054-550-5300 
4790010065,경북,예천,죽안,경상북도 예천군 유천면 죽안리,1960-03-15,1967-08-30,1,주수원,665,20.61,18.8,188.3,10,200,필댐(죤형),114719,282,17.7,994.4,986,8.4,사통형,146.7,146,133.1,054-650-7100
4790010066,경북,문경,죽안,경상북도 예천군 유천면 죽안리,1977-01-01,1977-12-31,2,보조수원,24,0.99,0.9,12.6,10,50,필댐(죤형),1820,61,11,54.99,54.99,0,사통형,177.5,177,174,054-550-5300 
4790010070,경북,문경,큰가산,경상북도 예천군 유천면 가리,1945-01-01,1945-12-31,2,보조수원,5,0.22,0.2,3.5,10,50,필댐(죤형),698,50,6,4.6,4.6,0,사통형,105,104.5,101.5,054-550-5300 
4790010075,경북,문경,무동,경상북도 예천군 용궁면 무지리,1945-01-01,1945-12-31,2,보조수원,11,1.1,1,8.5,10,50,필댐(죤형),1055,81,5.6,19.3,19.3,0,사통형,80.5,80,77,054-550-5300 
4790010077,경북,문경,산택,경상북도 예천군 용궁면 산택리,1942-01-01,1942-12-31,2,보조수원,20,1.54,1.4,15.2,10,50,필댐(죤형),930,80,5,19.8,19.8,0,사통형,80.5,80,77,054-550-5300 
4790010079,경북,문경,이사,경상북도 예천군 개포면 이사리,1939-01-01,1939-12-31,2,보조수원,23,0.77,0.7,8.8,10,100,필댐(죤형),2985,107,9,20.3,20.3,0,사통형,110.5,110,107,054-550-5300 
4790010081,경북,문경,신음,경상북도 예천군 개포면 신음리,1938-01-01,1938-12-31,2,보조수원,41,0.66,0.6,10,10,100,필댐(죤형),1628,80,7.5,19.27,19.27,0,사통형,93.2,93,90,054-550-5300 
4790010082,경북,문경,어룡,경상북도 예천군 개포면 가곡리,1945-01-01,1945-12-31,2,보조수원,3.8,0.66,0.6,12,10,50,필댐(죤형),749,46,7,6.4,6.4,0,사통형,93.9,93.6,90.6,054-550-5300 
4790010083,경북,문경,가오,경상북도 예천군 개포면 가곡리,1941-01-01,1941-12-31,2,보조수원,3.8,0.33,0.3,10,10,50,필댐(죤형),1163,60,5,4.1,4.1,0,사통형,99.5,99,96,054-550-5300 
4790010084,경북,문경,한티,경상북도 예천군 개포면 가곡리,1944-12-01,1945-12-31,2,보조수원,100,2.31,2.1,30,10,50,필댐(죤형),2232,120,6,59.8,59.8,0,사통형,102.5,102,99,054-550-5300 
4790010085,경북,문경,황산,경상북도 예천군 개포면 황산리,1940-12-02,1941-12-31,2,보조수원,39,0.33,0.3,12,10,50,필댐(죤형),930,40,6,5.6,5.6,0,사통형,90.5,90,87,054-550-5300 
4790010087,경북,예천,우봉,경상북도 예천군 지보면 소화리,1940-01-01,1940-12-31,2,보조수원,19,0.22,0.2,3.5,5,200,필댐(죤형),6895,76,5,15,15,0,사통형,134.5,133.5,128.5,054-650-7100
4790010088,경북,예천,전평,경상북도 예천군 지보면 소화리,1940-01-01,1940-12-31,2,보조수원,27,0.55,0.5,8,5,200,필댐(죤형),5967,106,4.8,24,24,0,사통형,112.8,112.3,108.3,054-650-7100
4790010089,경북,예천,소화,경상북도 예천군 지보면 소화리,1946-01-01,1946-12-31,2,보조수원,29,0.44,0.4,8,5,100,필댐(죤형),8431,105,5.7,24,24,0,사통형,114.7,114.3,109.3,054-650-7100
4790010090,경북,예천,요성,경상북도 예천군 지보면 마전리,1943-01-01,1943-12-31,2,보조수원,48,1.03,0.94,18,5,200,필댐(죤형),15288,108,7,25,25,0,사통형,97.6,96.4,93.8,054-650-7100
4790010091,경북,예천,마전2,경상북도 예천군 지보면 마전리,1945-01-01,1945-12-31,2,보조수원,40,3.52,3.2,12,10,200,필댐(죤형),5955,150,4.7,32,32,0,사통형,92.5,91.7,85.5,054-650-7100
4790010092,경북,예천,석계,경상북도 예천군 지보면 마전리,1950-01-01,1950-12-31,2,보조수원,19,0.99,0.9,0.5,5,100,필댐(죤형),7182,82,5.4,6.2,6.2,0,사통형,70.95,70.4,65.4,054-650-7100
4790010093,경북,예천,상락,경상북도 예천군 지보면 지보리,1921-01-01,1921-12-31,2,보조수원,15,0.66,0.6,7,5,200,필댐(죤형),9783,84,6.5,15,15,0,사통형,69.5,69,66.6,054-650-7100
4790010094,경북,예천,용암,경상북도 예천군 지보면 도화리,1936-01-01,1936-12-31,2,주수원,174,3.6,3,19.8,10,200,필댐(죤형),25949,57,11,175.9,175.9,0,사통형,91.3,90.7,84.7,054-650-7100
4790010095,경북,예천,도마,경상북도 예천군 지보면 도화리,1943-01-01,1943-12-31,2,보조수원,26,0.99,0.9,15.5,5,100,필댐(죤형),7589,97,5.6,20,20,0,사통형,98.93,98.3,95.9,054-650-7100
4790010096,경북,예천,신풍,경상북도 예천군 지보면 신풍리,1937-01-01,1937-12-31,2,주수원,180,11,10,120.5,10,200,필댐(죤형),32900,142,10,267.8,267.8,0,사통형,93.1,92.52,85.04,054-650-7100
4790010098,경북,예천,구룡,경상북도 예천군 지보면 신풍리,1945-01-01,1945-12-31,2,보조수원,13,0.44,0.4,2,10,200,필댐(죤형),7998,117,5.4,7.1,7.1,0,사통형,88.96,88.55,86.28,054-650-7100
4790010101,경북,안동,갈포,경상북도 예천군 지보면 암천리,1959-01-01,1961-01-01,2,보조수원,26,1.2,0.93,15,10,200,필댐(죤형),9506,149,5.5,37.3,35.3,2,사통형,106.5,105.5,101.5,054-850-5725
4790010102,경북,안동,다암,경상북도 예천군 지보면 어신리,1929-01-01,1931-01-01,2,보조수원,70.9,2,1.5,13,10,200,필댐(죤형),14399,121,7,24.2,24.2,0,사통형,96.8,95.8,92.82,054-850-5725
4790010105,경북,예천,방화,경상북도 예천군 지보면 만화리,1955-01-01,1955-12-31,2,보조수원,10,0.33,0.3,6.5,5,200,필댐(죤형),7700,96,5,18,18,0,사통형,109.25,108.75,103.75,054-650-7100
4790010106,경북,예천,마전1,경상북도 예천군 지보면 만화리,1971-06-15,1971-12-31,2,주수원,60,0.74,0.67,17.1,10,200,필댐(죤형),21790,97,8.94,30,30,0,사통형,116.1,115.7,109.5,054-650-7100
4790010112,경북,예천,별실,경상북도 예천군 풍양면 청곡리,1945-01-01,1945-12-31,2,보조수원,35,1.1,1,14,5,200,필댐(죤형),8482,94,5.4,25,25,0,사통형,75.8,75.3,73,054-650-7100
4790010113,경북,예천,청감,경상북도 예천군 풍양면 청곡리,1944-01-03,1944-12-29,2,보조수원,20,1.1,1.03,8.3,5,200,필댐(죤형),6312,102,4,17.2,17.2,0,사통형,84.9,84.2,81.6,054-650-7100
4790010121,경북,예천,삼풍,경상북도 예천군 풍양면 풍신리,1953-01-01,1953-12-31,2,보조수원,46,5.5,5,20,10,200,필댐(죤형),8568,86,12,65,65,0,사통형,72.3,71.8,66.93,054-650-7100
4790010124,경북,예천,삼청,경상북도 예천군 풍양면 와룡리,1947-01-01,1947-12-31,2,보조수원,8,0.99,0.99,8,5,200,필댐(죤형),7210,120,5,25,25,0,사통형,63,62.6,60.04,054-650-7100
4790010125,경북,예천,효갈,경상북도 예천군 풍양면 효갈리,1943-01-04,1943-12-31,2,보조수원,39,2.2,2,20,10,200,필댐(죤형),8568,300,6.75,60.9,53.3,7.6,사통형,89.2,88.4,84.5,054-650-7100
4790010126,경북,예천,내지(금당),경상북도 예천군 용문면 내지리,1990-07-06,2000-06-30,1,주수원,1455,18.35,17.38,350,10,200,필댐(죤형),1981184,223,31,1852,1670,182,취수탑형,202.8,201.3,187,054-650-7100
4790010127,경북,예천,돈답,경상북도 예천군 감천면 돈산리,1998-09-21,2006-12-31,1,주수원,166.5,15.7,14.2,81.6,10,200,필댐(죤형),227327,210,26.5,1152,1061,91,취수탑형,170,169,154,054-650-7100
4790010128,경북,예천,대맥,경상북도 예천군 감천면 대맥리,1998-09-21,2006-12-31,1,주수원,171.5,11.2,10.15,55,10,200,필댐(죤형),105972,180,15.9,604,501,103,취수탑형,119.5,118.5,111,054-650-7100
4790010216,경북,예천,백석,경상북도 예천군 효자면 백석리,2002-12-12,2015-12-30,1,주수원,1700,12.4,10.1,340,10,200,필댐(죤형),340000,212,37.4,1082,934,148,취수탑형,300,298,280,054-650-7100
4790010217,경북,예천,종산1,경상북도 예천군 호명면 종산리,2011-03-29,2017-12-30,2,보조수원,15,2.3,2.2,112.99,10,200,필댐(죤형),83581,135,16.6,100.62,98.84,1.78,사통형,131.6,131.1,120,054-650-7100
4790010218,경북,예천,종산2,경상북도 예천군 호명면 종산리,2012-03-29,2017-12-30,2,보조수원,22,3.2,3.02,54.67,10,200,필댐(죤형),51047,138,20.6,141.93,133.05,8.88,사통형,115,114.5,107,054-650-7100
4792010013,경북,영주.봉화,창평,경상북도 봉화군 봉성면 창평리,1956-12-30,1960-12-30,1,주수원,1850,26.65,24.66,154,10,200,필댐(죤형),14420,152.3,32.9,2738.5,2733.2,5.3,취수탑형,310,308.6,286,054-639-5025
4792010014,경북,영주.봉화,금봉,경상북도 봉화군 봉성면 금봉리,2011-12-24,2015-07-31,1,보조수원,906,28.1,26.1,60.7,10,200,필댐(죤형),485995,277.3,38.6,3277.64,2933.2,344.44,취수탑형,303.6,302.4,282,054-639-5025
4792010027,경북,영주.봉화,동면,경상북도 봉화군 재산면 동면리,1967-12-30,1970-12-30,1,주수원,1050,17.85,17.18,43.7,10,200,필댐(죤형),6742,129,32.5,1876,1835,41,취수탑형,409.7,408.5,385.5,054-639-5025
4792010067,경북,영주.봉화,물야,경상북도 봉화군 물야면 오전리,1993-12-11,2011-12-31,1,주수원,2050,33.6,31.5,0,10,200,필댐(죤형),621579,207,45.9,4583.9,4061,522.9,취수탑형,394.2,392.2,364,054-639-5025
4792010068,경북,영주.봉화,하눌,경상북도 봉화군 상운면 하눌리,1984-01-01,1990-12-31,1,주수원,310,0,8,89.9,10,200,필댐(죤형),0,112,12.7,455,364,91,사통형,291.3,290.3,282,054-639-5025
4792010069,경북,영주.봉화,남면,경상북도 봉화군 재산면 남면리,2013-08-05,2017-12-31,1,주수원,400,6.1,5.7,124,10,200,필댐(죤형),84136,86,31.3,523.74,465.39,58.35,사통형,378.7,377.2,364,054-639-5025
4793010006,경북,영덕.울진,오곡,경상북도 울진군 평해읍 오곡리,1971-11-29,1974-12-20,2,주수원,260,4.7,4.3,6.2,10,200,필댐(죤형),23800,84,11.2,167,150,17,사통형,101.7,100.5,93,?54-730-5000
4793010008,경북,영덕.울진,부구,경상북도 울진군 북면 덕구리,1955-03-20,1965-12-30,1,주수원,2300,15.06,9.4,64.1,10,200,필댐(죤형),65000,125,14,465,463,2,사통형,94.6,93,86,?54-730-5000
4793010010,경북,영덕.울진,매화,경상북도 울진군 매화면 기양리,2010-11-30,2014-10-31,1,주수원,5620,49.8,42.84,176.6,10,200,필댐(죤형),198050,154,28.8,2570.4,2554.1,16.3,취수탑형,67.8,65.5,53,?54-730-5000
4793010019,경북,영덕.울진,삼율,경상북도 울진군 후포면 삼율리,1965-03-07,1974-12-30,2,주수원,992,7.01,6.3,35,10,200,필댐(죤형),71000,125,16.2,205,187,18,사통형,56.1,55,50.5,?54-730-5000
4793010020,경북,영덕.울진,온정,경상북도 울진군 온정면 온정리,1996-05-02,2002-12-31,1,주수원,630,9.67,8.97,118,10,200,필댐(죤형),197000,116,41.4,1008,872,136,취수탑형,239.4,238,219,?54-730-5000
4793010035,경북,영덕.울진,외선미,경상북도 울진군 온정면 외선미리,2003-11-30,2010-12-31,1,주수원,365,6.8,6.44,102,10,200,필댐(죤형),0,202,43,882,786,96,취수탑형,206.7,205.2,180,?54-730-5000
4793010038,경북,영덕.울진,이평,경상북도 울진군 기성면 이평리,2015-03-25,2021-05-31,1,주수원,1080,18.7,15.9,0,10,200,필댐(죤형),312927,186,33.63,1628,1588,40,취수탑형,125.6,124.1,107,?54-730-5000
4811010005,경남,창원,불모산,경상남도 창원시 성산구 성주동,1971-01-01,1976-01-01,,주수원,600,14.45,13.1,0,10,100,,101000,475,23.13,646.71,646.71,0,,99.53,98.53,83.82,055-250-2244
4811010018,경남,창원,우곡,경상남도 김해시 진영읍 우동리,1945-01-01,1949-01-01,1,주수원,450,16,12.98,201.7,10,100,필댐(죤형),131000,208,14,650.28,628.81,21.47,사통형,56.5,55,47,055-250-2244
4811010022,경남,창원,가월,경상남도 창원시 의창구 동읍 다호리,1945-01-01,1945-12-31,1,주수원,3840,381.9,355.2,0,10,100,필댐(죤형),598851,2893,6.8,9703.2,2746.2,6957,기타,7,7,1.5,055-250-2244
4811010029,경남,창원,동면봉곡,경상남도 창원시 의창구 동읍 봉곡리,1945-01-01,1945-12-31,2,주수원,470,19,5.39,113.9,10,100,필댐(죤형),15000,360,6.5,83.31,83.1,0.21,사통형,9.62,8.22,5.5,055-250-2244
4811010030,경남,창원,동진봉곡,경상남도 창원시 의창구 동읍 봉곡리,1952-01-01,1954-01-01,2,주수원,140,7,3.79,41.5,10,100,필댐(죤형),42000,185.4,9.09,141.92,138.29,3.63,사통형,36.41,34.91,30,055-250-2244
4811010036,경남,창원,산남,경상남도 창원시 의창구 동읍 금산리,1945-01-01,1945-12-31,1,주수원,1290,82.75,69.09,670.9,10,100,필댐(균일형),621000,3000,6.8,1357.55,1340.69,16.86,기타,7,4.32,1.2,055-250-2244
4811010037,경남,창원,주남,경상남도 창원시 의창구 동읍 월잠리,1943-01-01,1945-12-31,1,주수원,3510,351,279.52,926.5,10,100,필댐(균일형),620000,3165,6.6,5628.94,5590.77,38.17,기타,7,4.32,1.2,055-250-2244
4811010063,경남,창원,신리,경상남도 창원시 의창구 북면 신촌리,1945-01-01,1945-12-31,2,보조수원,150,6.3,5.92,41,10,200,필댐(죤형),32000,280,5.6,209.37,179.18,30.19,사통형,9.6,8,4.5,055-250-2244
4815010025,경남,창원,입곡,경상남도 창원시 마산합포구 진동면 인곡리,1945-01-01,1945-12-31,2,주수원,490,5.83,5.3,93.2,10,100,필댐(죤형),42000,105,12,232.98,232.98,0,사통형,67.11,65.91,56.87,055-250-2244
4815010032,경남,창원,학동,경상남도 창원시 마산합포구 진북면 영학리,1971-01-01,1975-01-01,1,주수원,460,9.5,7.2,186.8,10,100,필댐(죤형),214000,173,20.79,392.65,392.65,0,사통형,95.85,94.85,80.66,055-250-2244
4815010036,경남,창원,추곡,경상남도 창원시 마산합포구 진북면 추곡리,1945-01-01,1945-12-31,1,주수원,350,6.84,6.8,96.9,10,100,필댐(죤형),227000,246,19,355.56,355.56,0,사통형,96.6,95.6,81.35,055-250-2244
4815010041,경남,창원,근곡,경상남도 창원시 마산합포구 진전면 근곡리,1952-01-01,1956-01-01,2,주수원,90,2.7,2.67,46.7,10,100,필댐(죤형),62000,166,12,118.7,116.73,1.97,사통형,45.7,44.93,38,055-250-2244
4815010045,경남,창원,곡안,경상남도 창원시 마산합포구 진전면 곡안리,1952-01-01,1956-01-01,2,주수원,161,3.46,1.97,70,10,100,필댐(죤형),61000,134,15.2,106.58,101,5.58,사통형,60.94,59.94,52,055-250-2244
4815010052,경남,창원,오서,경상남도 창원시 마산합포구 진전면 오서리,1952-01-01,1956-01-01,2,주수원,150,5.08,4.56,52.7,10,100,필댐(죤형),53000,157,11,126,126,0,사통형,41.31,40.21,34.52,055-250-2244
4815010061,경남,창원,평암,경상남도 창원시 마산합포구 진전면 평암리,1987-01-01,1998-01-01,1,주수원,1040,25.5,24.51,239.9,10,100,필댐(죤형),555000,196,33,3280.59,3197.92,82.67,취수탑형,116.2,115,92,055-250-2244
4817010026,경남,진주.산청,갈곡,경상남도 진주시 문산읍 갈곡리,1929-01-03,1930-12-29,2,주수원,100,5.2,4.19,39.1,10,200,필댐(죤형),22207,100,12,147.3,147.3,0,사통형,77.5,76,69.56,055-760-2535
4817010055,경남,진주.산청,가봉,경상남도 진주시 금곡면 가봉리,1984-01-04,1985-01-31,1,주수원,238,56,11.09,56.6,10,200,필댐(죤형),43315,188,9.04,387.69,387.69,0,사통형,50.88,48.88,41.69,055-760-2535
4817010058,경남,진주.산청,송곡,경상남도 진주시 금곡면 송곡리,1984-01-01,1985-12-31,1,주수원,178,7.89,5.61,42.5,10,200,필댐(죤형),39204,163,9.96,323.09,300.14,22.95,사통형,54.32,53.12,48,055-760-2535
4817010061,경남,진주.산청,인담,경상남도 진주시 금곡면 인담리,1984-01-01,1985-12-31,1,주수원,189,72.7,10.25,55,10,200,필댐(죤형),220994,201,19.9,767.55,767.55,0,사통형,75.83,73.83,59.43,055-760-2535
4817010068,경남,진주.산청,성산,경상남도 진주시 금곡면 성산리,1958-01-01,1960-12-30,2,주수원,115,3.01,2.57,22.6,10,200,필댐(죤형),30694,115,13.1,126.35,111.67,14.68,사통형,93,92,86,055-760-2535
4817010075,경남,진주.산청,백암,경상남도 진주시 진성면 대사리,1981-01-01,1984-12-21,1,주수원,150,51.25,11.39,64.9,10,200,필댐(죤형),66570,146,14.2,607.8,607.8,0,사통형,49.92,47.92,36.78,055-760-2535
4817010077,경남,진주.산청,저동,경상남도 진주시 진성면 구천리,1981-01-01,1984-12-31,1,주수원,188,42.45,10.4,41.8,10,200,필댐(죤형),70147,192,12.3,454.81,454.81,0,사통형,48.88,46.88,38.29,055-760-2535
4817010084,경남,진주.산청,월정,경상남도 진주시 진성면 동산리,1981-01-01,1984-12-31,1,주수원,220,52.42,5.6,48.4,10,200,필댐(죤형),345960,225,24.8,527.89,527.89,0,사통형,86,84,65.75,055-760-2535
4817010088,경남,진주.산청,가산,경상남도 진주시 이반성면 가산리,1981-01-05,1984-12-28,1,주수원,80,73.47,13.23,99.3,10,200,필댐(죤형),136792,212,16.2,798.08,798.08,0,사통형,38.2,36.2,23.01,055-760-2535
4817010092,경남,진주.산청,답천,경상남도 진주시 일반성면 답천리,1981-01-01,1984-12-28,1,주수원,140,52.58,12.3,44.3,10,200,필댐(죤형),100939,187,13.6,598.33,598.33,0,사통형,45,43,31.28,055-760-2535
4817010100,경남,진주.산청,운천,경상남도 진주시 일반성면 운천리,1981-01-01,1984-12-31,1,주수원,109,37.03,9.09,41.4,10,200,필댐(죤형),43774,182,9.9,352.92,345.39,7.53,사통형,42.55,40.55,34.5,055-760-2535
4817010102,경남,진주.산청,반성,경상남도 진주시 일반성면 남산리,1943-01-01,1948-12-01,2,주수원,260,7.78,5.92,66.3,3,200,필댐(죤형),79879,182.73,13.76,258.55,227.83,30.72,사통형,78.5,77,72,055-760-2535
4817010114,경남,진주.산청,평촌,경상남도 진주시 이반성면 평촌리,1981-01-01,1984-12-31,1,주수원,125,54.6,12.58,71,10,200,필댐(죤형),126421,326,12.7,636.26,636.26,0,사통형,64.74,62.74,53,055-760-2535
4817010117,경남,진주.산청,하곡,경상남도 진주시 이반성면 하곡리,1964-01-01,1965-12-31,2,주수원,163,5.8,4.11,45.6,3,200,필댐(죤형),36248,187,9.5,236.23,215.85,20.38,사통형,77.5,76,69.5,055-760-2535
4817010122,경남,진주.산청,대천,경상남도 진주시 이반성면 대천리,1941-01-01,1945-12-27,1,주수원,225,7.62,7,72.1,3,200,필댐(죤형),72234,169,12.3,362.88,359,3.88,사통형,78.5,77,69,055-760-2535
4817010127,경남,진주.산청,길성,경상남도 진주시 이반성면 길성리,1941-01-03,1945-12-28,2,주수원,145,6.65,4,13.6,10,200,필댐(죤형),66668,137,14.3,164.3,148,16.3,사통형,97,96,89.5,055-760-2535
4817010128,경남,진주.산청,칠성,경상남도 진주시 이반성면 길성리,1952-01-01,1955-12-29,2,주수원,110,3.82,1.67,6.3,5,200,필댐(죤형),28452,92,12.2,76.75,70.01,6.74,사통형,99,98,91.5,055-760-2535
4817010130,경남,진주.산청,발산,경상남도 진주시 이반성면 발산리,1981-01-01,1984-12-24,1,주수원,249,79.56,11.21,66.2,10,200,필댐(죤형),357581,260,22.5,861.7,861.7,0,사통형,78.28,76.28,60.55,055-760-2535
4817010142,경남,진주.산청,봉대,경상남도 진주시 사봉면 사곡리,1981-01-01,1984-12-31,1,주수원,134,35.45,10.66,52.9,10,200,필댐(죤형),48649,177,10.6,481.32,481.32,0,사통형,34.59,33.09,24.66,055-760-2535
4817010143,경남,진주.산청,사봉,경상남도 진주시 사봉면 부계리,1942-01-01,1945-12-31,1,주수원,268,9.8,8.93,87.4,3,200,필댐(죤형),68503,205,10.54,396.42,354.89,41.53,사통형,67,66.13,61,055-760-2535
4817010147,경남,진주.산청,움골,경상남도 진주시 사봉면 부계리,1987-01-01,1992-12-31,2,보조수원,54,3,2.81,6.95,10,50,필댐(죤형),36447,118,11.7,143.08,124.71,18.37,사통형,61,60,54,055-760-2535
4817010149,경남,진주.산청,지수,경상남도 진주시 지수면 청원리,1944-01-01,1945-12-31,2,주수원,190,7.28,6.16,43.8,3,200,필댐(죤형),36601,138.18,8.84,271.67,254.29,17.38,사통형,60,59,53.5,055-760-2535
4817010168,경남,진주.산청,설매,경상남도 진주시 대곡면 설매리,1979-01-01,1984-12-28,2,주수원,91,22.66,4.92,106.5,10,200,필댐(죤형),71779,163,13.6,279.22,279.22,0,사통형,47,45,34.75,055-760-2535
4817010184,경남,진주.산청,월암,경상남도 진주시 대곡면 월암리,1979-01-01,1984-12-31,1,주수원,117,36.3,4.48,36.2,10,200,필댐(죤형),215945,179,20.8,356.72,356.72,0,사통형,96,94,78.1,055-760-2535
4817010186,경남,진주.산청,용암,경상남도 진주시 대곡면 용암리,1979-01-01,1984-12-31,1,주수원,115,31.6,6.11,31.6,10,200,필댐(죤형),137194,148,18.8,417.04,417.04,0,사통형,98.89,96.89,82.89,055-760-2535
4817010194,경남,진주.산청,금호,경상남도 진주시 금산면 용아리,1957-01-04,1962-12-28,1,보조수원,312,28.43,25.1,60.7,10,200,필댐(죤형),52800,640,5.5,561.01,561.01,0,사통형,42.7,41.7,37.17,055-760-2535
4817010205,경남,진주.산청,한치,경상남도 진주시 집현면 사촌리,1979-01-01,1984-11-30,2,주수원,90,3.46,3.1,4.6,10,200,필댐(죤형),51630,101,14.8,186.71,186.71,0,사통형,53.5,52.06,41.8,055-760-2535
4817010212,경남,진주.산청,응석,경상남도 진주시 집현면 정평리,1979-01-01,1984-11-01,1,주수원,230,6.25,8.34,156.2,10,200,필댐(죤형),396333,181,27.5,912.07,912.07,0,사통형,119.35,117.35,94.83,055-760-2535
4817010213,경남,진주.산청,냉정,경상남도 진주시 집현면 냉정리,1979-01-01,1984-12-27,1,주수원,120,6.35,6.21,24.1,10,200,필댐(죤형),51872,137,12.4,320.46,285.86,34.6,사통형,69,67,61,055-760-2535
4817010216,경남,진주.산청,오방,경상남도 진주시 미천면 오방리,1979-01-01,1984-12-31,1,주수원,105,7.95,7.6,36.1,10,200,필댐(죤형),96844,138,17.3,539.32,539.32,0,사통형,59,58,43.65,055-760-2535
4817010217,경남,진주.산청,동향,경상남도 진주시 미천면 향양리,1979-01-01,1984-12-28,1,주수원,132,6.57,10.05,71.6,10,200,필댐(죤형),105105,155,17.1,775.88,775.88,0,사통형,63,61,45.95,055-760-2535
4817010220,경남,진주.산청,어옥,경상남도 진주시 미천면 어옥리,1979-01-01,1984-12-03,1,주수원,200,67.76,10.44,56.1,10,200,필댐(죤형),131837,149,19.5,881.56,791.74,89.82,사통형,71.32,69.32,59,055-760-2535
4817010221,경남,진주.산청,상미,경상남도 진주시 미천면 상미리,1988-01-01,1994-12-29,1,주수원,185,7.2,6.43,73,10,200,필댐(죤형),148477,146,19.1,460.68,413.95,46.73,사통형,163.93,161.93,153,055-760-2535
4817010231,경남,진주.산청,남성,경상남도 진주시 명석면 남성리,1979-01-01,1984-11-30,1,주수원,392,97.48,14.9,72.4,10,200,필댐(죤형),305405,183,26.6,1713.16,1713.16,0,사통형,100.98,98.98,76.2,055-760-2535
4817010238,경남,진주.산청,솔기,경상남도 진주시 명석면 신기리,1979-01-01,1984-12-31,1,주수원,240,4.68,10.46,97.6,10,200,필댐(죤형),351286,229,23.6,1058.64,1058.64,0,사통형,123.28,121.28,102.68,055-760-2535
4817010245,경남,진주.산청,지내,경상남도 진주시 명석면 용산리,1979-01-01,1984-11-30,1,주수원,260,9.5,8.6,36.5,10,200,필댐(죤형),111487,161,17.2,605.29,550.2,55.09,사통형,58.5,56.5,47,055-760-2535
4817010246,경남,진주.산청,빅실,경상남도 진주시 명석면 용산리,1979-01-01,1984-11-30,2,주수원,110,6.54,4.55,16.2,10,200,필댐(죤형),29547,93,11.4,181.41,181.41,0,사통형,58.5,57,48.93,055-760-2535
4817010483,경남,진주.산청,사방,경상남도 진주시 수곡면 대천리,2013-12-16,2019-12-20,1,주수원,190,15.1,14.1,0,10,200,필댐(코어형),49680,230,36,1138,1047,91,사통형,107.6,106.6,94.3,055-760-2535
4822010017,경남,고성.통영.거제,원산,경상남도 통영시 도산면 원산리,1971-01-01,1975-01-01,2,주수원,272,4.52,4.5,91,10,200,필댐(죤형),1000,255,24,260.1,260.1,0,사통형,68.7,67.65,53.25,055-670-7000
4822010025,경남,고성.통영.거제,관덕,경상남도 통영시 도산면 관덕리,1956-12-03,1960-12-01,2,주수원,230,7.59,6.9,58.3,10,200,필댐(죤형),1000,158,16,265.1,265.1,0,사통형,54.6,53.87,41.7,055-670-7000
4822010043,경남,고성.통영.거제,안정,경상남도 통영시 광도면 안정리,1954-01-01,1959-01-01,2,주수원,250,4.66,4.6,12.7,10,200,필댐(죤형),1000,307,19.7,212,212,0,사통형,56.36,55.86,45.98,055-670-7000
4824010001,경남,사천,와룡,경상남도 사천시 와룡동,1955-01-01,1959-01-01,1,주수원,726,13.7,13.62,216,10,100,필댐(죤형),252106,250,19.33,1165.08,1165.08,0,사통형,108.9,107.94,92.04,055-851-8100
4824010003,경남,사천,당산,경상남도 사천시 봉남동,1968-08-30,1969-12-31,2,보조수원,21,2.33,2.3,49,10,100,필댐(죤형),37128,340,5.82,58.94,58.94,0,사통형,45.5,44.51,40.64,055-851-8100
4824010007,경남,사천,백천,경상남도 사천시 백천동,1987-05-20,1996-01-01,1,보조수원,525,10.4,10.31,339,10,200,필댐(죤형),940940,176,39.3,1736.54,1736.54,0,취수탑형,157.5,156.6,120.2,055-851-8100
4824010008,경남,사천,벽동,경상남도 사천시 신벽동,1944-01-20,1945-12-31,2,주수원,56,1.12,1.1,27.5,10,100,필댐(죤형),35460,193,8,12.99,12.99,0,사통형,56.48,55.64,53.1,055-851-8100
4824010009,경남,사천,노룡하,경상남도 사천시 노룡동,1944-01-20,1945-12-31,2,보조수원,100,2,1.98,15,10,100,필댐(죤형),10167,180,4.61,43.73,43.73,0,사통형,19.3,19.14,15.74,055-851-8100
4824010010,경남,사천,미룡,경상남도 사천시 노룡동,1945-01-01,1945-12-31,2,보조수원,39,2.85,2.83,15,10,100,필댐(죤형),15783,413,3.76,42.72,42.72,0,사통형,29.79,29,26.76,055-851-8100
4824010011,경남,사천,남양,경상남도 사천시 죽림동,1948-09-10,1949-12-31,2,주수원,306,4.47,4.43,60,10,100,필댐(죤형),50798,161,11.58,248.35,248.35,0,사통형,69.2,68,58.87,055-851-8100
4824010014,경남,사천,마당,경상남도 사천시 죽림동,1968-02-12,1969-12-31,2,보조수원,10,1.09,1.07,10,10,100,필댐(죤형),10553,120,5.02,26.61,26.61,0,사통형,29.9,29.57,25.73,055-851-8100
4824010018,경남,사천,구암,경상남도 사천시 사천읍 구암리,1944-02-21,1945-12-31,2,주수원,218,3.77,3.74,60.7,10,100,필댐(죤형),8484,112,11.2,140.59,140.59,0,사통형,51.1,50.9,42.13,055-851-8100
4824010023,경남,사천,금곡,경상남도 사천시 사천읍 금곡리,1954-01-01,1956-01-01,2,주수원,110,3.3,3,29.9,10,100,필댐(죤형),23360,114,9.4,126.59,126.59,0,사통형,58.3,57.8,50.3,055-851-8100
4824010024,경남,사천,황전,경상남도 사천시 사천읍 장전리,1954-01-01,1956-12-30,2,보조수원,50,0.51,0.5,1.6,10,100,필댐(죤형),3024,115,3.86,8.72,8.72,0,사통형,38.85,38.25,35.88,055-851-8100
4824010027,경남,사천,둔암,경상남도 사천시 사천읍 두량리,1944-02-21,1945-12-31,2,주수원,87,3.24,3.21,41.5,10,100,필댐(죤형),22052,154,8,143.51,143.51,0,사통형,58.2,57.67,51.2,055-851-8100
4824010028,경남,사천,두량,경상남도 사천시 사천읍 두량리,1943-02-22,1945-12-31,1,주수원,2390,51.5,51,265.8,10,100,필댐(죤형),81269,247,10.7,1567.3,1567.3,0,사통형,21.1,20.63,12.47,055-851-8100
4824010029,경남,사천,관율,경상남도 사천시 사천읍 두량리,1954-01-01,1956-12-30,2,주수원,53,1.53,1.51,17.8,10,100,필댐(죤형),6634,206,9.89,59.72,59.72,0,사통형,45.2,43.69,35.93,055-851-8100
4824010035,경남,사천,풍정,경상남도 사천시 정동면 풍정리,1957-01-01,1960-01-01,2,주수원,90,4.82,4.77,26.6,10,100,필댐(죤형),36025,131,8.82,194.11,194.11,0,사통형,53.51,52.51,44.69,055-851-8100
4824010037,경남,사천,대곡,경상남도 사천시 정동면 대곡리,1944-02-21,1945-12-31,1,주수원,230,12.3,11.6,105.2,10,100,필댐(죤형),41901,215,26.5,867.86,843.5,24.36,취수탑형,53.4,52.6,41,055-851-8100
4824010043,경남,사천,가곡,경상남도 사천시 정동면 소곡리,1965-02-15,1967-12-29,2,주수원,115,1.38,1.37,17.9,10,100,필댐(죤형),18900,120,9.5,42.49,42.49,0,사통형,120.4,118.64,112.47,055-851-8100
4824010051,경남,사천,구룡,경상남도 사천시 사남면 우천리,1955-01-01,1958-12-31,1,주수원,2826,49,48.4,258,10,100,필댐(죤형),239284,291,19.14,3206,3206,0,사통형,56.4,54.4,38.51,055-851-8100
4824010052,경남,사천,능화,경상남도 사천시 사남면 우천리,1967-01-01,1969-12-31,2,보조수원,50,1.34,1.32,17,10,100,필댐(죤형),6942,49,7.72,44.53,44.53,0,사통형,83.5,82.27,76.68,055-851-8100
4824010054,경남,사천,사촌소,경상남도 사천시 사남면 사촌리,1967-02-13,1968-12-31,2,주수원,15,0.4,0.39,10.6,10,100,필댐(죤형),7784,102,7,7.95,7.95,0,사통형,153.7,153.43,148.34,055-851-8100
4824010055,경남,사천,대산,경상남도 사천시 사남면 사촌리,1968-02-20,1970-12-31,2,주수원,56,0.53,0.52,21.3,10,100,필댐(죤형),5991,110,3.65,7.32,7.32,0,사통형,152.5,151.73,149.73,055-851-8100
4824010062,경남,사천,온정(구.서택),경상남도 사천시 용현면 온정리,1944-02-21,1945-12-31,1,주수원,220,17.58,17.42,68.4,10,100,필댐(죤형),36270,558,4.49,313.3,313.3,0,사통형,5.3,4.45,-0.31,055-851-8100
4824010067,경남,사천,가내,경상남도 사천시 용현면 신복리,1944-02-21,1945-12-31,2,보조수원,250,1.23,1.22,15,10,100,필댐(죤형),10835,145,5.3,28,28,0,사통형,21.8,20.96,17.52,055-851-8100
4824010072,경남,사천,구월하,경상남도 사천시 용현면 구월리,1944-02-21,1945-12-31,2,보조수원,8,0.96,0.95,12,10,100,필댐(죤형),7560,84,4.74,22.43,22.43,0,사통형,58.4,58.12,54.49,055-851-8100
4824010073,경남,사천,구월상,경상남도 사천시 용현면 구월리,1951-08-17,1952-12-31,2,보조수원,5,0.16,0.15,8.1,10,100,필댐(죤형),2508,49,8.02,3.21,3.21,0,사통형,81.8,80.57,74.72,055-851-8100
4824010074,경남,사천,용치,경상남도 사천시 용현면 구월리,1955-01-01,1958-01-01,1,주수원,455,10.17,9.97,132.1,10,100,필댐(죤형),146289,257,16.8,566.03,566.03,0,사통형,55.66,53.52,39.54,055-851-8100
4824010077,경남,사천,덕곡,경상남도 사천시 백천동,1955-05-10,1958-01-01,1,주수원,686,8.68,8.6,312,10,100,필댐(죤형),453959,293,19.79,694.84,694.84,0,사통형,87.19,85.64,68.8,055-851-8100
4824010078,경남,사천,예동,경상남도 사천시 축동면 사다리,1944-02-21,1945-12-31,2,주수원,64,0.83,0.82,16,10,100,필댐(죤형),6894,144,4.2,18.54,18.54,0,사통형,15.5,15.03,12.03,055-851-8100
4824010081,경남,사천,상탑,경상남도 사천시 축동면 탑리,1944-02-21,1945-12-31,2,주수원,56,0.9,0.89,15.3,10,100,필댐(죤형),6110,90,4.94,20.39,20.39,0,사통형,28.9,28.36,25.47,055-851-8100
4824010087,경남,사천,송전,경상남도 사천시 곤양면 송전리,1944-02-21,1945-12-31,1,주수원,464,12,10.25,113.6,10,100,필댐(죤형),15966,84,8.77,360.93,337.14,23.79,사통형,16,15.5,11.46,055-851-8100
4824010095,경남,사천,목단,경상남도 사천시 곤양면 묵곡리,1984-02-20,1985-12-31,2,주수원,84,2.51,2.49,17.6,10,100,필댐(죤형),54600,100,14.02,148.96,148.96,0,사통형,36.2,35.69,23.7,055-851-8100
4824010097,경남,사천,묵곡,경상남도 사천시 곤양면 묵곡리,1990-01-01,1996-01-01,2,주수원,40,1.65,1.64,20,10,200,필댐(죤형),58752,102,15.18,100.04,100.04,0,사통형,40.3,39.75,26.68,055-851-8100
4824010098,경남,사천,흥사,경상남도 사천시 곤양면 흥사리,1990-01-01,1998-01-01,1,주수원,210,16.15,16,126.5,10,100,필댐(죤형),191441,170,17.86,937.85,937.85,0,사통형,24.8,23.82,9.62,055-851-8100
4824010103,경남,사천,궁골,경상남도 사천시 곤양면 무고리,1944-02-21,1945-12-31,2,주수원,64,0.28,0.27,21.2,10,100,필댐(죤형),5957,70,6.85,19,19,0,사통형,83.5,82.77,77.64,055-851-8100
4824010112,경남,사천,용산,경상남도 사천시 곤명면 조장리,1944-02-21,1945-12-31,1,주수원,360,6.79,6.73,118.3,10,100,필댐(죤형),33936,101,12.4,397.51,397.51,0,사통형,44.34,43.1,31.06,055-851-8100
4824010124,경남,사천,서릿개,경상남도 사천시 서포면 금진리,1944-02-21,1945-12-31,2,주수원,9,0.55,0.54,7.2,10,100,필댐(죤형),5400,90,2.72,6.83,6.83,0,사통형,2.7,2.45,0.59,055-851-8100
4824010125,경남,사천,후포(율포),경상남도 사천시 서포면 금진리,1972-02-21,1973-12-31,2,보조수원,24,1.11,1.1,30,10,100,필댐(죤형),5859,90,5.8,22.9,22.4,0.5,사통형,7.1,6.58,2.34,055-851-8100
4824010128,경남,사천,기와골,경상남도 사천시 서포면 외구리,1944-02-21,1945-12-31,2,보조수원,30,0.14,0.13,33.9,10,100,필댐(죤형),3250,50,4.4,2.2,2.2,0,사통형,41.6,41.34,38.04,055-851-8100
4824010129,경남,사천,가랑골,경상남도 사천시 서포면 외구리,1944-02-21,1945-12-31,2,보조수원,27,0.05,0.05,20,10,100,필댐(죤형),1237,30,2.03,0.25,0.25,0,사통형,33,32.84,31.5,055-851-8100
4824010131,경남,사천,지진개,경상남도 사천시 서포면 구랑리,1944-02-21,1945-12-31,2,보조수원,5,0.17,0.16,1.1,10,100,필댐(죤형),1000,50,4.74,2.55,2.55,0,사통형,2.9,2.39,-0.81,055-851-8100
4824010133,경남,사천,오진얼,경상남도 사천시 서포면 구랑리,1944-02-21,1945-12-31,2,보조수원,17,0.21,0.2,3.3,10,100,필댐(죤형),2275,60,2.59,2.16,2.16,0,사통형,4,3.72,2.11,055-851-8100
4824010134,경남,사천,잔드리,경상남도 사천시 서포면 구랑리,1944-02-21,1945-12-31,2,보조수원,78,4.93,4.9,31,10,100,필댐(죤형),12726,120,5,131.45,131.45,0,사통형,12.6,11.67,5.7,055-851-8100
4824010135,경남,사천,양달,경상남도 사천시 서포면 구랑리,1944-02-21,1945-12-31,2,보조수원,5,0.19,0.18,2.4,10,100,필댐(죤형),1739,50,3.84,2.48,2.48,0,사통형,7.22,6.22,4.38,055-851-8100
4824010136,경남,사천,음달,경상남도 사천시 서포면 구랑리,1944-02-21,1945-12-31,2,보조수원,5,0.13,0.12,1.8,10,100,필댐(죤형),1125,50,2.75,1.4,1.4,0,사통형,3.7,3.44,1.75,055-851-8100
4824010137,경남,사천,자혜작은골,경상남도 사천시 서포면 자혜리,1944-02-21,1945-12-31,2,보조수원,10,1,0.98,2.9,10,100,필댐(죤형),6057,69,6.2,6.9,6.9,0,사통형,7.7,7.36,2.2,055-851-8100
4824010138,경남,사천,중방이,경상남도 사천시 서포면 자혜리,1967-02-20,1968-12-31,2,보조수원,40,0.41,0.4,49,10,100,필댐(죤형),2502,129,3.6,7.72,7.72,0,기타,5.1,4.83,2.16,055-851-8100
4824010139,경남,사천,큰골,경상남도 사천시 서포면 자혜리,1968-02-20,1969-12-31,2,보조수원,12,0.55,0.54,7.2,10,100,필댐(죤형),6210,75,5.68,14.08,14.08,0,사통형,6.4,6.23,1.48,055-851-8100
4824010140,경남,사천,쌉사리,경상남도 사천시 서포면 구평리,1944-02-21,1945-12-31,2,보조수원,6,0.25,0.24,10,10,100,필댐(죤형),2040,50,3.68,3.41,3.41,0,기타,14.2,13.65,11.54,055-851-8100
4824010141,경남,사천,맛골,경상남도 사천시 서포면 구평리,1944-02-21,1945-12-31,2,보조수원,6,1.03,1.01,46,10,100,필댐(죤형),3440,50,4.65,28.64,28.64,0,사통형,4.6,4.56,0.44,055-851-8100
4824010142,경남,사천,문촌,경상남도 사천시 서포면 구평리,1944-02-21,1945-12-31,2,보조수원,5,0.31,0.3,30,10,100,필댐(죤형),3000,50,3.74,6.24,6.24,0,사통형,18.2,18.11,15.22,055-851-8100
4824010143,경남,사천,대포,경상남도 사천시 서포면 구평리,1944-02-21,1945-12-31,2,보조수원,7,0.58,0.55,9.3,10,100,필댐(죤형),700,112,2.2,6.84,6.84,0,사통형,4.68,4.67,2.75,055-851-8100
4824010144,경남,사천,구평작은골,경상남도 사천시 서포면 구랑리,1944-02-21,1945-12-31,2,보조수원,5,0.37,0.36,10,10,100,필댐(죤형),2220,85,4.07,7.33,7.33,0,사통형,15.2,14.95,12.01,055-851-8100
4824010145,경남,사천,까치섬,경상남도 사천시 서포면 구평리,1944-02-21,1945-12-31,2,보조수원,6,0.28,0.27,1.3,10,100,필댐(죤형),1495,77,3.79,5.84,5.84,0,사통형,4.9,4.45,1.29,055-851-8100
4824010146,경남,사천,신소,경상남도 사천시 서포면 다평리,1944-02-21,1945-12-31,2,보조수원,12,0.27,0.26,40,10,100,필댐(죤형),2775,50,4.16,5.18,5.18,0,사통형,5,4.65,1.71,055-851-8100
4824010147,경남,사천,금산골,경상남도 사천시 서포면 다평리,1968-01-01,1968-12-31,2,보조수원,6,0.52,0.51,52.4,10,100,필댐(죤형),4881,70,5.68,11.31,11.31,0,사통형,5.2,4.67,0.6,055-851-8100
4824010148,경남,사천,검섬,경상남도 사천시 서포면 선전리,1944-02-21,1945-12-31,2,보조수원,6,0.28,0.27,15,10,100,필댐(죤형),620,100,3.76,4.4,4.4,0,사통형,5.78,5.28,2.65,055-851-8100
4824010149,경남,사천,풍송골,경상남도 사천시 서포면 선전리,1944-02-21,1945-12-31,2,보조수원,5,0.12,0.11,17.5,10,100,필댐(죤형),2500,80,3.44,1.84,1.84,0,사통형,3.6,3.44,0.7,055-851-8100
4824010150,경남,사천,광개,경상남도 사천시 서포면 선전리,1944-02-21,1945-12-31,2,보조수원,5,0.37,0.36,24.5,10,100,필댐(죤형),3605,70,3.37,5.18,5.18,0,사통형,4.2,3.95,1.35,055-851-8100
4824010151,경남,사천,선창암,경상남도 사천시 서포면 선전리,1944-02-21,1945-12-31,2,보조수원,5,0.36,0.35,25.2,10,100,필댐(죤형),2735,70,3.92,6.66,6.66,0,사통형,6,5.78,2.97,055-851-8100
4824010152,경남,사천,아포,경상남도 사천시 서포면 선전리,1944-02-21,1945-12-31,2,보조수원,5,0.62,0.61,12,10,100,필댐(죤형),2028,30,4.61,3.9,3.9,0,사통형,4.8,4.63,0.18,055-851-8100
4824010153,경남,사천,염전,경상남도 사천시 서포면 선전리,1944-02-21,1945-12-31,2,보조수원,5,0.63,0.62,3.5,10,100,필댐(죤형),6826,120,4.97,13.42,13.42,0,사통형,18,17.78,14.26,055-851-8100
4824010154,경남,사천,망구,경상남도 사천시 서포면 구랑리,1944-02-21,1945-12-31,2,주수원,7,1.14,1.13,6.7,10,100,필댐(죤형),6120,150,3.32,16.97,16.97,0,사통형,15.9,15.65,13.18,055-851-8100
4824010155,경남,사천,굴포,경상남도 사천시 서포면 내구리,1967-02-20,1968-12-31,2,보조수원,20,0.74,0.73,66.4,10,100,필댐(죤형),2565,40,5.28,19.37,19.37,0,사통형,4.9,4.36,0.55,055-851-8100
4824010156,경남,사천,한개,경상남도 사천시 서포면 조도리,1944-02-21,1945-12-31,2,보조수원,5,0.23,0.22,1.8,10,100,필댐(죤형),985,50,4.08,4.31,4.31,0,사통형,11.6,11.08,8.13,055-851-8100
4824010157,경남,사천,달랑골,경상남도 사천시 서포면 내구리,1944-02-21,1945-12-31,2,보조수원,6,0.25,0.24,6,10,100,필댐(죤형),2329,70,3.73,4.57,4.57,0,사통형,33.6,33.44,30.75,055-851-8100
4824010158,경남,사천,석계,경상남도 사천시 용현면 석계리,1998-03-27,2003-12-20,1,주수원,200,10.8,9.8,83.4,10,200,필댐(죤형),2052753,231,28.83,1270.23,1222.8,47.43,취수탑형,106.82,105.85,85.6,055-851-8100
4824010161,경남,사천,외구,경상남도 사천시 서포면 외구리,2008-02-05,2013-12-20,1,보조수원,53,14.07,13.73,595,10,200,필댐(죤형),124.99,163,19.4,1171.2,1159.5,11.7,사통형,31.46,30.66,16.6,055-851-8100
4824010253,경남,사천,가천,경상남도 사천시 사남면 가천리,2010-11-29,2015-03-31,1,주수원,220,8,7.9,21,10,200,필댐(죤형),503913,230,41,1091.8,1086.2,5.6,취수탑형,165.2,164,140,055-851-8100
4824010256,경남,사천,대가곡,경상남도 사천시 정동면 소곡리,2002-01-01,2017-01-01,1,주수원,408,35.06,33.19,0,10,0,필댐(죤형),0,270,42.2,3780,3720,60,취수탑형,108,107,83.5,055-851-8100
4825010063,경남,김해.양산.부산,양동,경상남도 김해시 주촌면 양동리,1952-01-01,1954-01-01,2,보조수원,200,2.57,2.42,5,3,50,필댐(죤형),39000,143,11,107.8,107.8,0,사통형,101,100,92.5,055-320-4833
4825010076,경남,김해.양산.부산,진례,경상남도 김해시 진례면 신안리,1976-07-21,1978-11-30,1,주수원,472,13.4,12.8,241.8,10,200,필댐(죤형),1017000,267,41,2101,2095,6,사통형,132.3,131,100,055-320-4833
4825010139,경남,김해.양산.부산,성포,경상남도 김해시 생림면 생철리,1953-01-01,1954-01-01,2,보조수원,40,0.97,0.8,4.5,3,30,필댐(죤형),3000,155,4.7,23.54,23.54,0,사통형,21,20,15.2,055-320-4833
4825010140,경남,김해.양산.부산,시곡,경상남도 김해시 생림면 생철리,1953-01-01,1954-01-01,2,보조수원,45,0.62,0.56,1.4,3,30,필댐(죤형),4000,62,4.8,10.68,10.68,0,사통형,72.68,71.68,68.3,055-320-4833
4825010141,경남,김해.양산.부산,훈도곡,경상남도 김해시 생림면 생철리,1953-01-01,1954-01-01,2,보조수원,20,1.2,1,8.5,3,30,필댐(죤형),4000,68,5,34.91,34.91,0,사통형,36,35,30,055-320-4833
4825010142,경남,김해.양산.부산,지곡,경상남도 김해시 생림면 생철리,1953-01-01,1954-01-01,2,보조수원,20,0.69,0.5,0,3,30,필댐(죤형),3000,50,5,14.7,14.7,0,기타,8.01,7.1,3.5,055-320-4833
4825010143,경남,김해.양산.부산,안양,경상남도 김해시 생림면 안양리,1952-01-01,1954-01-01,2,보조수원,25,0.97,0.8,0.3,3,30,필댐(죤형),4000,70,4.8,18.8,18.8,0,사통형,35,34,29.3,055-320-4833
4827010014,경남,밀양,숭진,경상남도 밀양시 삼랑진읍 숭진리,2014-05-28,2018-12-20,1,주수원,279,5.74,5.26,75,10,200,필댐(죤형),225904,167,22.6,428.3,420.2,8.1,사통형,75.7,74.5,60,055-359-6307
4827010019,경남,밀양,남전3,경상남도 밀양시 하남읍 남전리,1945-01-01,1945-12-31,2,주수원,36,0.39,0.37,6.6,5,200,필댐(죤형),45020,155,4.6,5.89,5.89,0,사통형,79.4,79.1,76,055-359-6307
4827010020,경남,밀양,남전2,경상남도 밀양시 하남읍 남전리,1945-01-01,1945-12-31,2,보조수원,30,0.41,0.39,4,5,200,필댐(죤형),33860,197,3.5,6.24,6.24,0,사통형,58.3,57.9,56,055-359-6307
4827010021,경남,밀양,남전4,경상남도 밀양시 하남읍 남전리,1945-01-01,1945-12-31,2,보조수원,24,0.3,0.29,8.8,5,200,필댐(죤형),22520,157,4.04,5.21,5.21,0,사통형,47.07,45.69,44.22,055-359-6307
4827010023,경남,밀양,남전1,경상남도 밀양시 하남읍 남전리,1965-02-11,1967-12-29,2,주수원,96,2.99,2.85,50.1,7,200,필댐(죤형),68720,180,6,112.01,112.01,0,사통형,60.55,59.85,56,055-359-6307
4827010027,경남,밀양,귀명,경상남도 밀양시 하남읍 귀명리,1945-01-01,1945-12-31,2,보조수원,20,0.57,0.54,4.8,5,100,필댐(죤형),28350,150,3.5,11.22,11.22,0,사통형,17.9,17.4,14.5,055-359-6307
4827010039,경남,밀양,덕곡,경상남도 밀양시 부북면 덕곡리,1945-02-09,1945-12-31,1,주수원,610,26.4,22.52,231.4,10,100,필댐(죤형),242220,356.2,10.8,687.37,590.37,97,사통형,42,41,37,055-359-6307
4827010041,경남,밀양,가산,경상남도 밀양시 부북면 대항리,1927-11-21,1931-12-20,1,주수원,1570,65.7,61.57,682.3,10,200,필댐(죤형),187450,422,12.25,3393.77,3383.18,10.59,사통형,59.7,59.5,50,055-359-6307
4827010043,경남,밀양,상항,경상남도 밀양시 부북면 대항리,1961-02-01,1963-12-30,1,주수원,669,5.9,5.5,75.4,10,200,필댐(죤형),122339,208,20.7,613.3,606.88,6.42,사통형,124.5,123.5,112,055-359-6307
4827010044,경남,밀양,정동,경상남도 밀양시 부북면 대항리,1961-01-01,1963-12-30,2,보조수원,170,4.39,3.28,35,5,200,필댐(죤형),73310,230,6.5,92.22,92.22,0,사통형,72.31,71.61,67.1,055-359-6307
4827010045,경남,밀양,퇴로동,경상남도 밀양시 부북면 퇴로리,1945-01-01,1945-12-31,2,보조수원,50,0.51,0.49,6.6,10,200,필댐(죤형),65540,202,5.5,13.32,13.32,0,사통형,85.2,84.7,81,055-359-6307
4827010046,경남,밀양,퇴로서,경상남도 밀양시 부북면 퇴로리,1945-01-01,1945-12-31,2,보조수원,50,0.42,0.4,4,10,200,필댐(죤형),50160,136,3.5,8.03,8.03,0,사통형,79.1,78.6,76.8,055-359-6307
4827010049,경남,밀양,구위양,경상남도 밀양시 부북면 위양리,1945-01-01,1945-12-31,2,보조수원,220,5.5,5.07,40,10,200,필댐(죤형),44540,384,5.7,99,99,0,사통형,65.1,64.1,60.6,055-359-6307
4827010050,경남,밀양,신위양,경상남도 밀양시 부북면 위양리,1961-02-01,1963-12-30,2,주수원,192,2.99,2.85,61.1,10,200,필댐(죤형),119780,180,12.7,124,124,0,사통형,97,96.07,87.58,055-359-6307
4827010052,경남,밀양,무연,경상남도 밀양시 부북면 무연리,1945-01-01,1945-12-31,2,보조수원,74,1.77,1.69,17,10,100,필댐(죤형),93660,415,6.1,45.32,45.32,0,사통형,77.5,76.5,72.87,055-359-6307
4827010097,경남,밀양,가인(봉의),경상남도 밀양시 산내면 가인리,1976-09-20,1981-12-10,1,주수원,700,11.37,10.83,178.6,10,200,필댐(죤형),1380760,397,37,1492.35,1452.26,40.09,사통형,182,181,158,055-359-6307
4827010106,경남,밀양,단장,경상남도 밀양시 단장면 단장리,1972-01-01,1973-12-31,2,주수원,90,0.92,0.88,24.7,5,200,필댐(죤형),51560,114,10.87,38.27,38.27,0,사통형,86,85,78,055-359-6307
4827010107,경남,밀양,안법,경상남도 밀양시 단장면 안법리,1972-01-01,1973-12-31,2,보조수원,80,0.82,0.72,14,10,100,필댐(죤형),49890,132,12,23.44,23.44,0,사통형,82,81.05,75,055-359-6307
4827010112,경남,밀양,감물,경상남도 밀양시 단장면 감물리,1945-02-02,1945-12-31,1,주수원,700,11.65,10.32,104,10,100,필댐(죤형),39339,161,20.3,556.6,554.58,2.02,사통형,274.5,273.5,262,055-359-6307
4827010115,경남,밀양,국전,경상남도 밀양시 단장면 국전리,1976-02-03,1979-01-01,1,주수원,484,4.88,4.65,74.5,10,200,필댐(죤형),803700,149,29,449.08,448.56,0.52,사통형,218,217,195,055-359-6307
4827010126,경남,밀양,남산,경상남도 밀양시 상남면 남산리,1950-01-31,1952-12-29,1,주수원,360,7.32,6.97,96.8,10,100,필댐(죤형),63150,224,17.8,655.87,653.29,2.58,사통형,86,84.8,72,055-359-6307
4827010130,경남,밀양,두암,경상남도 밀양시 초동면 금포리,1945-01-01,1945-12-31,2,보조수원,15,0.28,0.27,4.8,10,100,필댐(죤형),12280,130,3.5,4.02,4.02,0,사통형,14,13.5,11,055-359-6307
4827010131,경남,밀양,금포,경상남도 밀양시 초동면 금포리,1945-01-01,1945-12-31,2,보조수원,56,0.25,0.24,4,5,100,필댐(죤형),37800,150,4,2.19,2.19,0,사통형,17,16.56,15,055-359-6307
4827010132,경남,밀양,성만,경상남도 밀양시 초동면 성만리,1945-02-05,1945-12-31,1,주수원,160,4.85,4.74,51.3,10,100,필댐(죤형),19516,173,15.4,319.27,311,8.27,사통형,53.2,52.2,43,055-359-6307
4827010134,경남,밀양,초동,경상남도 밀양시 초동면 신호리,1921-09-12,1924-12-10,1,주수원,2050,45.45,43.29,385,10,200,필댐(죤형),262790,840,7.5,1568,1568,0,사통형,15.5,14.5,8,055-359-6307
4827010140,경남,밀양,와지,경상남도 밀양시 초동면 봉황리,1961-01-30,1963-12-30,1,주수원,270,5.7,5.43,62,10,100,필댐(죤형),332120,297,21.3,399.31,381.15,18.16,사통형,98.5,97.5,87,055-359-6307
4827010141,경남,밀양,봉대,경상남도 밀양시 초동면 봉황리,1961-01-01,1963-12-30,2,주수원,253,3.68,3.4,43,10,100,필댐(죤형),165040,205,19.4,130.07,128.3,1.78,사통형,77.7,76.7,71,055-359-6307
4827010151,경남,밀양,화봉,경상남도 밀양시 무안면 화봉리,1958-01-27,1960-12-30,2,주수원,240,7.5,4.8,76.6,5,200,필댐(죤형),157430,230,13.1,241.39,238.13,3.26,사통형,87,86,79,055-359-6307
4827010164,경남,밀양,마흘,경상남도 밀양시 무안면 마흘리,1956-01-30,1958-12-29,1,주수원,280,4.68,4.46,85.5,10,100,필댐(죤형),80949,190,19,358.29,354.99,3.3,사통형,99.5,98.5,85,055-359-6307
4827010165,경남,밀양,백안,경상남도 밀양시 무안면 마흘리,1956-01-01,1958-12-29,2,보조수원,210,2.5,1.77,30,10,100,필댐(죤형),58340,86.4,16,87,85,2,사통형,131,130,121,055-359-6307
4827010170,경남,밀양,고사상,경상남도 밀양시 무안면 연상리,1951-01-01,1952-01-01,2,주수원,11,0.77,0.73,11.7,5,200,필댐(죤형),18780,54,7,28.25,28.25,0,사통형,49.45,48.85,41.85,055-359-6307
4827010171,경남,밀양,고사하,경상남도 밀양시 무안면 연상리,1951-01-01,1952-01-01,2,보조수원,9.3,0.39,0.37,2,10,200,필댐(죤형),7470,168,4,7.02,7.02,0,사통형,32.9,32.6,29.6,055-359-6307
4827010181,경남,밀양,웅동,경상남도 밀양시 무안면 웅동리,1956-01-01,1958-12-29,2,주수원,170,4.81,4.58,46.1,10,100,필댐(죤형),43169,220,17,260.84,254.73,6.12,사통형,92.5,91.5,82,055-359-6307
4827010185,경남,밀양,가례,경상남도 밀양시 무안면 가례리,1956-01-20,1958-12-29,2,주수원,120,5,4.7,58.5,10,100,필댐(죤형),27996,218,13,217.75,215.29,2.46,사통형,81.3,80.3,72,055-359-6307
4827010186,경남,밀양,서가정,경상남도 밀양시 무안면 가례리,1958-01-01,1960-12-30,2,주수원,130,3.42,3.26,32.3,5,100,필댐(죤형),68000,213,22.8,242.53,242.38,0.15,사통형,139.7,138.7,125,055-359-6307
4827010197,경남,밀양,소태,경상남도 밀양시 청도면 소태리,1986-10-31,1991-12-10,1,주수원,360,13.55,13.35,89.9,10,100,필댐(죤형),219330,236,25,1342.65,1269.1,73.55,사통형,126,125,110,055-359-6307
4827010211,경남,밀양,요고,경상남도 밀양시 청도면 요고리,1974-01-23,1976-01-01,1,주수원,1286,13.31,11.34,122.8,10,200,필댐(죤형),232430,212,17.2,632.31,563.29,69.02,사통형,114,113,104,055-359-6307
4827010212,경남,밀양,도곡,경상남도 밀양시 상동면 도곡리,1997-02-21,2001-01-01,1,주수원,728,6.01,5.17,62,10,100,필댐(죤형),220000,169,31.8,397.55,374,23.55,사통형,134,133,117,055-359-6307
4827010392,경남,밀양,조천,경상남도 밀양시 청도면 조천리,2009-04-30,2017-02-28,1,주수원,371,10.8,10.43,213.4,10,200,필댐(죤형),0,239.8,50,1560,1529,31,취수탑형,196.1,195.1,164,055-359-6307
4831010008,경남,고성.통영.거제,문동,경상남도 거제시 문동동,1951-01-01,1956-01-01,1,주수원,265,8.76,8.6,146.6,10,200,필댐(죤형),1000,127,17,340.1,340.1,0,기타,75.79,74.59,59.4,055-670-7000
4831010011,경남,고성.통영.거제,양정,경상남도 거제시 양정동,1953-01-01,1956-01-01,2,보조수원,174,3.7,3.6,10,10,200,필댐(죤형),1000,268,7.5,54.1,54.1,0,사통형,43.52,42.92,37.61,055-670-7000
4831010017,경남,고성.통영.거제,동부,경상남도 거제시 동부면 산양리,1952-01-01,1955-01-01,1,주수원,2400,19.85,19.7,216.4,10,200,필댐(죤형),1000,209,16,891.9,891.9,0,사통형,32.6,31.65,22,055-670-7000
4831010044,경남,고성.통영.거제,거제,경상남도 거제시 거제면 서상리,1943-12-01,1945-12-01,2,주수원,255,5.42,5.2,53.5,10,200,필댐(죤형),1000,246,21,281.7,281.7,0,사통형,51.6,50.61,36.6,055-670-7000
4831010046,경남,고성.통영.거제,명진,경상남도 거제시 거제면 명진리,1967-12-01,1972-01-01,2,주수원,148,1.86,1.7,30.1,10,200,필댐(죤형),500,206,22.4,91,91,0,사통형,88.9,87.86,74.67,055-670-7000
4831010060,경남,고성.통영.거제,사등,경상남도 거제시 사등면 사등리,1952-01-01,1954-01-01,2,주수원,240,2.71,2.5,63.7,10,200,필댐(죤형),1000,126,14.3,76.7,76.5,0.2,사통형,54,53.14,42.6,055-670-7000
4831010103,경남,고성.통영.거제,동림,경상남도 거제시 거제면 옥산리,1994-01-01,2000-01-01,1,주수원,183,6.23,5.9,72.7,10,200,필댐(죤형),1000,359,34.7,471.23,471.23,0,사통형,72.3,71.46,51.56,055-670-7000
4833010006,경남,김해.양산.부산,탑곡,경상남도 양산시 용당동,1931-03-26,1932-05-05,1,주수원,378,7.04,6.79,133.65,3,100,필댐(죤형),166000,216,19,451.8,451.8,0,사통형,101,100,87,055-320-4833
4833010016,경남,김해.양산.부산,장흥,경상남도 양산시 평산동,1942-01-01,1946-09-30,1,주수원,605,6.11,5.85,133,3,200,필댐(죤형),193000,217,21,340,340,0,사통형,195.6,194.1,183.1,055-320-4833
4833010040,경남,김해.양산.부산,대석,경상남도 양산시 상북면 대석리,1944-07-17,1954-03-31,2,주수원,570,3.55,3.38,73.9,3,50,필댐(죤형),219000,198,18,178.33,178.33,0,사통형,101.94,100,91,055-320-4833
4872010015,경남,의령,운암,경상남도 의령군 가례면 운암리,1945-04-12,1949-01-01,2,주수원,180,4.4,4.09,59.7,10,200,필댐(죤형),128093,187,16.2,258.9,258.9,0,사통형,77.88,76.88,64.17,055-570-6054
4872010017,경남,의령,대천,경상남도 의령군 가례면 대천리,1963-01-01,1963-12-31,2,주수원,80,0.61,0.57,14.6,10,200,필댐(죤형),1155,70.4,9,16.56,16.56,0,사통형,74.03,73.43,66.48,055-570-6054
4872010027,경남,의령,칠곡,경상남도 의령군 칠곡면 산남리,1945-01-04,1947-12-31,1,주수원,484,10.7,10.56,99.8,10,200,필댐(죤형),118720,169,14.6,581.62,581.62,0,사통형,118.2,117.7,105.2,055-570-6054
4872010036,경남,합천,삼가,경상남도 의령군 대의면 행정리,1976-02-05,1978-01-01,1,주수원,746,13.99,11.8,200.5,10,200,필댐(죤형),45566.5,277,10.08,853.2,853.2,0,사통형,201.71,200.71,186.35,055-930-8159
4872010043,경남,의령,다사,경상남도 의령군 대의면 다사리,1960-01-01,1960-12-31,2,주수원,150,0.5,0.39,8.2,10,50,필댐(죤형),6545,76,6.5,10.49,10.49,0,사통형,138.5,138,133.5,055-570-6054
4872010044,경남,의령,죽전,경상남도 의령군 대의면 다사리,1960-01-04,1960-12-31,2,주수원,208,1.49,1.48,12.9,10,50,필댐(죤형),3645,180,2.9,22.35,22.35,0,사통형,106.1,105.5,103.5,055-570-6054
4872010046,경남,의령,마쌍,경상남도 의령군 대의면 마쌍리,1968-01-05,1968-12-31,2,주수원,32,0.22,0.21,3.3,10,50,필댐(죤형),3593,31,7.2,5.03,5.03,0,사통형,116.6,115.8,110.2,055-570-6054
4872010047,경남,의령,추산,경상남도 의령군 대의면 추산리,1967-01-04,1967-12-31,2,주수원,16,0.27,0.24,7,10,50,필댐(죤형),6080,43,8.5,5.97,5.97,0,사통형,115.4,115,110.1,055-570-6054
4872010048,경남,의령,심지하,경상남도 의령군 대의면 심지리,1945-01-01,1945-12-31,2,주수원,66,0.27,0.26,4.3,10,50,필댐(죤형),720,64,5,5.7,4.89,0.81,사통형,96.6,96.3,93.1,055-570-6054
4872010049,경남,의령,신기,경상남도 의령군 대의면 심지리,1945-01-01,1945-12-31,2,주수원,33,0.78,0.73,13.6,10,100,필댐(죤형),1020,66,7,31.74,31.74,0,사통형,102.3,102,93.4,055-570-6054
4872010050,경남,의령,심지상,경상남도 의령군 대의면 심지리,1965-01-01,1965-12-31,2,주수원,60,0.31,0.29,4.2,10,50,필댐(죤형),10232,72,7.6,6.96,6.96,0,사통형,124.4,123.8,119.4,055-570-6054
4872010051,경남,의령,천곡,경상남도 의령군 대의면 천곡리,1963-01-04,1963-12-31,2,보조수원,80,0.35,0.31,18.3,10,50,필댐(죤형),11200,77,8.7,9.23,9.23,0,사통형,150.4,150,144.1,055-570-6054
4872010052,경남,의령,싹실,경상남도 의령군 대의면 천곡리,1964-01-04,1964-12-31,2,주수원,68.3,1.4,1.35,10.2,10,50,필댐(죤형),9693,60,7.5,30.12,30.12,0,사통형,94.5,94,89.9,055-570-6054
4872010059,경남,의령,가수,경상남도 의령군 화정면 가수리,1984-01-01,1989-01-01,1,주수원,270,8.4,8,103,10,200,필댐(죤형),169775,177,19,529.98,529.98,0,사통형,82.66,81.29,59.94,055-570-6054
4872010064,경남,의령,금동,경상남도 의령군 화정면 상정리,1961-01-01,1962-01-01,2,주수원,53,0.63,0.62,5.6,1,50,필댐(죤형),16179,69,9.5,17.2,17.2,0,사통형,52.6,52,47,055-570-6054
4872010065,경남,의령,저곡,경상남도 의령군 화정면 상정리,1965-01-09,1965-12-31,2,주수원,203,0.94,0.89,15,1,50,필댐(죤형),6720,67,7.5,32.34,32.34,0,사통형,43.5,43,36.6,055-570-6054
4872010075,경남,의령,덕암,경상남도 의령군 용덕면 이목리,1999-12-13,2006-12-29,1,주수원,470,14.5,13.94,150,10,50,필댐(죤형),287704,227,29.56,1192.13,1129.68,62.45,사통형,89.94,88.65,74.5,055-570-6054
4872010079,경남,의령,와요,경상남도 의령군 용덕면 와요리,1953-04-12,1959-12-31,2,보조수원,35,0.85,0.84,3.5,10,50,필댐(죤형),5040,42,7,36,36,0,사통형,71.3,70.7,64.41,055-570-6054
4872010081,경남,의령,가락,경상남도 의령군 용덕면 가락리,1954-01-01,1954-01-01,2,보조수원,126,3.8,3.4,22,10,200,필댐(죤형),17100,164,8.2,112.74,112.74,0,사통형,40.84,39.94,34.22,055-570-6054
4872010099,경남,의령,사례실,경상남도 의령군 정곡면 상촌리,1965-01-06,1965-12-31,2,주수원,27,0.6,0.55,17.4,10,50,필댐(죤형),752,71,5.8,18.5,18.5,0,사통형,74.1,73.5,68.4,055-570-6054
4872010103,경남,의령,백곡,경상남도 의령군 화정면 화양리,1966-04-26,1967-12-31,2,주수원,29,0.81,0.78,10.3,10,50,필댐(죤형),1800,90,8,26.1,26.1,0,사통형,46.5,45.9,40.2,055-570-6054
4872010109,경남,의령,오천,경상남도 의령군 지정면 오천리,1966-04-12,1968-01-07,2,보조수원,40,0.73,0.7,10,10,10,필댐(죤형),910,71,10.5,28.33,28.33,0,사통형,67.2,66.7,58.7,055-570-6054
4872010111,경남,의령,두곡,경상남도 의령군 낙서면 정곡리,1955-01-04,1955-12-31,2,주수원,15,1.34,1.31,10.2,10,50,필댐(죤형),1222,69,7.5,30,30,0,사통형,49,48.46,42.72,055-570-6054
4872010112,경남,의령,두곡지정,경상남도 의령군 지정면 두곡리,1963-01-04,1963-12-31,2,주수원,173,2.6,2.5,15,10,50,필댐(죤형),1080,69,6.5,20.06,20.06,0,사통형,68.68,67.98,56.85,055-570-6054
4872010114,경남,의령,관동,경상남도 의령군 지정면 두곡리,1966-01-01,1968-01-01,2,보조수원,48,0.9,0.84,12,10,50,필댐(죤형),3780,78,11.6,44,44,0,사통형,82.9,82.4,74,055-570-6054
4872010123,경남,의령,득소,경상남도 의령군 지정면 득소리,1966-04-12,1968-04-01,2,보조수원,67,1.53,1.36,24.3,10,50,필댐(죤형),2610,92,13.9,66.3,66.3,0,사통형,67.93,66.93,56.91,055-570-6054
4872010125,경남,의령,방계,경상남도 의령군 낙서면 전화리,1945-01-04,1945-12-31,2,주수원,38,0.77,0.68,10.3,10,10,필댐(죤형),600,56,6.4,20.49,20.49,0,사통형,56.9,56.5,52,055-570-6054
4872010141,경남,의령,서암,경상남도 의령군 가례면 괴진리,1953-01-01,1959-12-31,1,주수원,1380,16.9,16.62,285.1,10,5,필댐(죤형),219264,192,23,2053.25,2002.25,51,취수탑형,107.5,105.1,92,055-570-6054
4872010144,경남,의령,천락,경상남도 의령군 봉수면 천락리,1990-01-04,1998-12-31,1,주수원,625,11.6,11.5,128.9,10,200,필댐(죤형),591600,194,40,1450.7,1450.7,0,취수탑형,140.9,139,111.7,055-570-6054
4872010145,경남,의령,오산,경상남도 합천군 대양면 오산리,1987-01-01,1990-12-31,1,주수원,265,6.5,6.19,89.6,10,200,필댐(죤형),184000,219,26,623.82,623.82,0,사통형,189.95,188.95,167.79,055-570-6054
4872010147,경남,의령,예동,경상남도 의령군 궁류면 평촌리,1945-01-04,1945-12-31,2,주수원,74,0.37,0.32,3.3,10,50,필댐(죤형),5950,57,7.5,5.53,5.53,0,사통형,156.6,156.2,153.1,055-570-6054
4872010148,경남,의령,궁유,경상남도 의령군 궁류면 벽계리,1979-01-01,1985-12-30,1,주수원,980,20.3,19.7,363.6,10,200,필댐(죤형),414000,205,36.2,2522.59,2514.47,8.12,취수탑형,186.2,185,160.3,055-570-6054
4872010150,경남,의령,입사,경상남도 의령군 궁류면 운계리,1979-01-04,1987-12-31,1,보조수원,380,5.4,4.8,57,10,200,필댐(죤형),48587,169,24.5,363,363,0,사통형,181.19,179,150.31,055-570-6054
4872010163,경남,의령,마장,경상남도 의령군 유곡면 마장리,1962-01-01,1962-12-31,2,주수원,108,1.07,1,11.9,10,200,필댐(죤형),1645,74,12.5,47.44,47.44,0,사통형,123.8,123,114.2,055-570-6054
4872010164,경남,의령,표촌,경상남도 의령군 유곡면 마장리,1968-01-04,1968-12-31,2,주수원,50,2.23,2.09,3.9,10,50,필댐(죤형),7650,68,7,126.82,126.82,0,사통형,102.8,102,89.5,055-570-6054
4872010166,경남,의령,유곡,경상남도 의령군 유곡면 당동리,1945-01-04,1945-12-31,2,주수원,90,3.67,3.56,14.7,10,50,필댐(죤형),24960,143,8.3,185.43,185.43,0,사통형,71.1,70.5,61.7,055-570-6054
4872010168,경남,의령,지산,경상남도 의령군 지정면 두곡리,1985-01-04,1987-12-31,2,주수원,102,2.83,2.58,29,10,1,필댐(죤형),56700,96,15.5,154.52,154.52,0,사통형,76,75,63.1,055-570-6054
4872010169,경남,의령,천곡2,경상남도 의령군 대의면 천곡리,2004-12-01,2008-05-30,1,주수원,170,8.29,7.58,57.4,10,20,필댐(죤형),60.34,154,17.1,579.8,537.3,42.5,사통형,126.5,125.5,115,055-570-6054
4872010170,경남,의령,석천,경상남도 의령군 화정면 석천리,1999-12-21,2009-12-30,1,주수원,242,7.7,7.2,76.9,10,200,필댐(죤형),172072,163,30.6,681.2,674.38,6.82,취수탑형,106.4,105.4,85,055-570-6054
4872010176,경남,의령,의령,경상남도 의령군 용덕면 가미리,2010-12-06,2013-07-31,1,보조수원,122,18.4,17.9,285.1,10,20,필댐(죤형),0,237,52.5,3238.95,3232.3,6.65,취수탑형,106.3,105.5,65,055-570-6054
4872010318,경남,의령,상신,경상남도 의령군 유곡면 오목리,2016-02-01,2022-12-30,1,보조수원,872,23.3,21.4,0,10,0,필댐(죤형),361004,143,29.7,1768.2,1696.6,71.6,취수탑형,100.6,99.1,84,055-570-6054
4873010010,경남,함안,혈곡,경상남도 함안군 가야읍 혈곡리,1940-05-01,1942-12-30,2,보조수원,140,7.5,5.41,40.6,10,100,필댐(죤형),2005,75,9.2,197,182.8,14.2,사통형,38,37,32.5,055-580-0314
4873010021,경남,함안,장명,경상남도 함안군 가야읍 묘사리,1945-01-01,1945-12-31,2,보조수원,47,0.78,0.72,4.3,10,100,필댐(죤형),1390,168,3.3,14.4,12.96,1.44,사통형,10.32,9.82,8.4,055-580-0314
4873010023,경남,함안,이곡,경상남도 함안군 가야읍 산서리,1964-05-14,1966-12-31,2,주수원,1021.3,7.4,6.79,146.3,10,200,필댐(죤형),18312,666,10,220.91,198.81,22.1,사통형,18,17,14,055-580-0314
4873010038,경남,함안,봉성,경상남도 함안군 함안면 강명리,1998-12-31,2014-12-16,1,주수원,1370,25.7,24.02,557,10,200,필댐(죤형),750000,569,35,2528.9,2470.1,58.8,취수탑형,93.3,91.7,72.5,055-580-0314
4873010047,경남,함안,미산,경상남도 함안군 함안면 파수리,1952-12-20,1955-10-25,1,보조수원,290,6.55,5.33,100,10,200,필댐(죤형),12408,240,18.6,353.3,321.8,31.5,사통형,120.25,118.89,110.42,055-580-0314
4873010058,경남,함안,사촌,경상남도 함안군 군북면 사촌리,1977-12-01,1984-01-01,2,보조수원,107,2.9,2.45,30,10,200,필댐(죤형),7807,154,18.2,170.6,158.6,12,사통형,106.18,105.18,95,055-580-0314
4873010065,경남,함안,명관,경상남도 함안군 군북면 명관리,1970-01-01,1974-12-31,1,주수원,353,19.5,17.3,183.3,10,200,필댐(죤형),7450,219,11.32,1066.16,974.05,92.11,사통형,72,71,62,055-580-0314
4873010070,경남,함안,유현,경상남도 함안군 군북면 유현리,1977-12-01,1984-04-01,2,보조수원,25,1.5,1.33,7,10,100,필댐(죤형),2509,96,9,49.7,46.5,3.2,사통형,47.11,46.11,40.5,055-580-0314
4873010082,경남,함안,우거,경상남도 함안군 법수면 우거리,1945-01-01,1945-12-31,2,보조수원,51,0.35,0.3,13.7,10,100,필댐(죤형),1209,65,3,2.5,2.5,0,사통형,18.98,18.48,17,055-580-0314
4873010084,경남,함안,윤내,경상남도 함안군 법수면 윤내리,1945-01-01,1945-12-31,2,보조수원,39,0.5,0.16,1.2,10,100,필댐(죤형),723,67,3,1.2,1.2,0,사통형,17.28,16.78,15.46,055-580-0314
4873010085,경남,함안,문현,경상남도 함안군 법수면 황사리,1945-01-01,1945-12-31,2,보조수원,14,0.32,0.29,5.2,10,100,필댐(죤형),1199,97,3.7,2.5,2.5,0,사통형,14.73,14.23,12.23,055-580-0314
4873010087,경남,함안,토현,경상남도 함안군 법수면 사정리,1945-01-01,1945-12-31,2,보조수원,9,0.18,0.16,5.5,10,100,필댐(죤형),815,51,2.5,2.4,2.4,0,사통형,10.02,9.52,7.41,055-580-0314
4873010139,경남,함안,달전,경상남도 함안군 칠원읍 유원리,1961-01-01,1965-01-01,2,보조수원,85,2.3,1.82,20,10,200,필댐(죤형),3744,142,8.8,59.2,56.1,3.1,사통형,83.65,82.65,78,055-580-0314
4873010157,경남,함안,산정,경상남도 함안군 칠원읍 무기리,1961-01-01,1965-01-01,1,주수원,470,8.11,7.47,200.6,10,200,필댐(죤형),11646,180,23.8,616.98,562.91,54.07,사통형,135,134,123,055-580-0314
4873010161,경남,함안,운곡,경상남도 함안군 칠원읍 운곡리,1961-01-01,1965-01-01,2,주수원,517,9.4,8.4,105,10,200,,13944,256,19.5,585,547,38,,97.42,96.42,86.42,055-580-0314
4873010167,경남,함안,입곡,경상남도 함안군 산인면 입곡리,1925-01-01,1926-03-31,1,주수원,1050,13.5,11.67,232.2,10,100,필댐(죤형),4695,149,13.8,600.3,549.37,50.93,사통형,34.81,34.22,27.5,055-580-0314
4874010002,경남,창녕,명덕,경상남도 창녕군 창녕읍 교리,1925-04-01,1928-12-31,2,주수원,350,3,3,20.2,3,100,필댐(죤형),52500,210,12.5,143.09,142.6,0.49,사통형,83.6,83,76,055-530-7717
4874010003,경남,창녕,도야,경상남도 창녕군 창녕읍 교리,1952-03-31,1956-12-30,2,주수원,225,3.4,2.9,37.7,3,100,필댐(죤형),45390,272,9.5,120.8,120.79,0.01,사통형,78.6,78,71.5,055-530-7717
4874010004,경남,창녕,연화,경상남도 창녕군 창녕읍 교리,1953-06-10,1956-12-30,2,보조수원,30,2,1.9,12,3,100,필댐(죤형),19500,300,5,31.7,31.7,0,취수탑형,44.5,44,42.28,055-530-7717
4874010006,경남,창녕,말흘,경상남도 창녕군 창녕읍 말흘리,1953-03-22,1956-12-30,2,주수원,97,1.8,1.6,19.4,3,100,필댐(죤형),11090,256,5,57.95,57.12,0.83,취수탑형,97.6,97,92,055-530-7717
4874010007,경남,창녕,술정,경상남도 창녕군 창녕읍 술정리,1925-09-01,1925-12-31,2,보조수원,160,0.3,0.3,3,3,100,필댐(죤형),3000,150,2.5,2.45,2.45,0,취수탑형,48.3,48,47.24,055-530-7717
4874010008,경남,창녕,송고,경상남도 창녕군 창녕읍 직교리,1956-11-15,1958-08-17,2,주수원,500,5.2,5.2,62.5,3,100,필댐(죤형),51240,610,7,144.57,143.63,0.94,사통형,45.6,45,40.5,055-530-7717
4874010013,경남,창녕,퇴천,경상남도 창녕군 창녕읍 퇴천리,1952-03-22,1956-12-31,2,주수원,210,2.2,1.8,24.8,10,100,필댐(죤형),111321,217,18,113.22,113.15,0.07,취수탑형,103.1,102.5,93,055-530-7717
4874010017,경남,창녕,환곡,경상남도 창녕군 창녕읍 신촌리,1956-11-15,1958-08-17,2,주수원,64,1.5,1.5,23.2,3,100,필댐(죤형),15641,109,7,56.66,55.99,0.67,취수탑형,29.5,29,23.5,055-530-7717
4874010022,경남,창녕,옥천,경상남도 창녕군 창녕읍 옥천리,1953-05-25,1963-10-31,1,주수원,2660,18.4,15,275.5,10,100,필댐(죤형),209245,246,24,1576.22,1567.4,8.82,사통형,131.2,130,111.5,055-530-7717
4874010023,경남,창녕,노단이,경상남도 창녕군 창녕읍 옥천리,1991-07-18,1999-02-24,1,주수원,525,7.5,7,41.9,10,200,필댐(죤형),164447,144,38.4,681,618,63,사통형,275,274,258,055-530-7717
4874010027,경남,창녕,화전,경상남도 창녕군 창녕읍 여초리,1971-06-10,1974-12-31,2,주수원,320,4.4,2.9,39,3,100,필댐(죤형),73794,251,10.5,129.52,128.36,1.16,취수탑형,58.8,58,51,055-530-7717
4874010047,경남,창녕,어은상,경상남도 창녕군 고암면 원촌리,1944-04-27,1945-12-25,2,보조수원,240,1.4,1.4,10.8,3,100,필댐(죤형),3920,99,4,29.79,28.79,1,취수탑형,45.6,45,42.5,055-530-7717
4874010048,경남,창녕,어은하,경상남도 창녕군 고암면 원촌리,1944-04-30,1945-12-30,2,보조수원,230,1,1,5.3,3,100,필댐(죤형),8336,325,3,15.83,15.5,0.33,취수탑형,37.1,36,33.87,055-530-7717
4874010050,경남,창녕,모전,경상남도 창녕군 대합면 모전리,1965-04-10,1966-12-30,2,보조수원,390,0.46,0.46,21,3,100,필댐(죤형),6250,115,4.8,6.51,6.5,0.01,취수탑형,22.7,22.1,20,055-530-7717
4874010067,경남,창녕,감동,경상남도 창녕군 고암면 감리,1953-05-25,1963-10-31,1,주수원,1400,26.7,22.2,326.6,10,100,필댐(죤형),170781,270,16,1278,1213.8,64.2,사통형,192.2,191,180.5,055-530-7717
4874010074,경남,창녕,정녕1,경상남도 창녕군 성산면 정녕리,1944-03-19,1945-11-25,2,보조수원,450,0.7,0.4,2.3,3,100,필댐(죤형),4105,162,3.3,4.02,3.75,0.27,취수탑형,63.92,63.42,62.22,055-530-7717
4874010075,경남,창녕,웅골,경상남도 창녕군 성산면 정녕리,1944-03-27,1945-12-30,2,보조수원,150,0.5,0.5,1,3,100,필댐(죤형),2880,119,3,6.55,4.13,2.42,기타,59,58.49,57.51,055-530-7717
4874010076,경남,창녕,치이골,경상남도 창녕군 성산면 정녕리,1944-03-24,1945-11-27,2,보조수원,118,0.68,0.68,9.3,3,100,필댐(죤형),19000,75,8,18.76,18.43,0.33,취수탑형,77.7,77.4,73,055-530-7717
4874010081,경남,창녕,월곡,경상남도 창녕군 성산면 대산리,1987-12-11,1998-02-20,1,주수원,850,9.6,9.15,126.7,10,200,필댐(죤형),344166,192,41.5,1104.4,1081.85,22.55,사통형,234.6,233.4,208,055-530-7717
4874010088,경남,창녕,원동,경상남도 창녕군 대지면 모산리,1944-03-16,1945-12-30,2,보조수원,48,0.8,0.8,6.5,3,100,필댐(죤형),16660,280,5,13.74,13.69,0.05,취수탑형,36.1,35.8,33.5,055-530-7717
4874010089,경남,창녕,십이리,경상남도 창녕군 대합면 십이리,1939-03-19,1940-03-31,2,보조수원,235,5.6,5.6,57,10,100,필댐(죤형),80800,388,10,170.19,170.07,0.12,취수탑형,39.1,38.5,34.5,055-530-7717
4874010090,경남,창녕,신기,경상남도 창녕군 대합면 십이리,1956-03-12,1957-11-27,2,보조수원,27,0.3,0.3,7.1,3,100,필댐(죤형),4748,55,7,5.09,5.01,0.08,취수탑형,67.6,67,64.5,055-530-7717
4874010091,경남,창녕,도개,경상남도 창녕군 대합면 등지리,1956-01-21,1959-10-21,2,보조수원,66.5,2.8,2.8,21.9,3,100,필댐(죤형),12960,195,5,79.73,76.21,3.52,취수탑형,23.6,23,19.5,055-530-7717
4874010092,경남,창녕,등지,경상남도 창녕군 대합면 등지리,1956-01-26,1959-12-21,2,보조수원,62,3.5,2.9,13.8,3,100,필댐(죤형),7340,170,4,59.64,58.96,0.68,취수탑형,37.6,37,34,055-530-7717
4874010094,경남,창녕,장기,경상남도 창녕군 대합면 장기리,1939-10-01,1940-03-31,2,보조수원,110,4.7,4.7,40,3,100,필댐(죤형),22680,216,6,160.81,160.69,0.12,취수탑형,42.9,42,37,055-530-7717
4874010095,경남,창녕,매탄1,경상남도 창녕군 대합면 장기리,1944-03-21,1945-12-21,2,보조수원,125,4.2,4.2,14,3,100,필댐(죤형),17000,150,7,72.46,70.86,1.6,취수탑형,37.6,37,34,055-530-7717
4874010098,경남,창녕,율곡,경상남도 창녕군 대합면 장기리,1970-04-25,1971-12-30,2,보조수원,64,0.7,0.7,6.1,3,100,필댐(죤형),8294,108,6,17.68,17.42,0.26,취수탑형,50.6,50,46.5,055-530-7717
4874010100,경남,창녕,공수곡,경상남도 창녕군 대합면 평지리,1944-03-16,1945-12-30,2,보조수원,60,0.79,0.7,10.9,3,100,필댐(죤형),8467,98,6,21.46,18.68,2.78,취수탑형,27.6,27,24,055-530-7717
4874010101,경남,창녕,계양곡,경상남도 창녕군 대합면 모전리,1944-03-16,1945-12-28,2,보조수원,30,0.4,0.4,2.6,3,100,필댐(죤형),5148,130,4,5.89,5.88,0.01,취수탑형,23.6,23,21,055-530-7717
4874010102,경남,창녕,수장,경상남도 창녕군 대합면 모전리,1945-03-16,1945-12-30,2,보조수원,40,2.4,2.4,19.9,3,100,필댐(죤형),3192,70,4,70.94,69.54,1.4,취수탑형,37.6,37,33.5,055-530-7717
4874010103,경남,창녕,석실,경상남도 창녕군 대합면 모전리,1944-03-16,1945-12-30,2,보조수원,65,0.8,0.5,8.7,3,100,필댐(죤형),7956,136,5,10.9,10.9,0,취수탑형,38.6,38,35,055-530-7717
4874010105,경남,창녕,월분,경상남도 창녕군 대합면 소야리,1944-03-16,1945-12-30,2,보조수원,48,0.9,0.9,10.4,3,100,필댐(죤형),8640,100,6,27.13,26.7,0.43,취수탑형,27.6,27,23,055-530-7717
4874010109,경남,창녕,신당,경상남도 창녕군 대합면 신당리,1956-01-26,1959-10-21,2,주수원,58,1.1,0.9,14.6,3,100,필댐(죤형),17820,110,8,28.44,28.19,0.25,취수탑형,35.6,35,30,055-530-7717
4874010110,경남,창녕,모지,경상남도 창녕군 대합면 평지리,1944-03-16,1945-12-30,2,보조수원,125,0.9,0.9,12.5,3,100,필댐(죤형),4750,120,4,17.9,17.52,0.38,취수탑형,22.8,22.5,20,055-530-7717
4874010134,경남,창녕,죽전,경상남도 창녕군 이방면 등림리,1942-03-10,1943-12-30,2,보조수원,100,0.85,0.85,15.4,10,200,필댐(죤형),3438,120,3,22.18,21.13,1.05,취수탑형,22.5,21.9,19,055-530-7717
4874010151,경남,창녕,명전,경상남도 창녕군 계성면 명리,1936-04-10,1937-12-30,2,보조수원,200,1.1,1.09,25,10,100,필댐(죤형),3332,100,6,28.87,28.69,0.18,취수탑형,77.7,77.4,74,055-530-7717
4874010152,경남,창녕,관동,경상남도 창녕군 계성면 광계리,1944-04-10,1945-04-10,2,보조수원,200,1.4,1.4,35,10,100,필댐(죤형),7480,170,5,33.78,33.46,0.32,취수탑형,47.6,47.3,44,055-530-7717
4874010153,경남,창녕,성당,경상남도 창녕군 계성면 명리,1945-04-10,1946-12-30,2,보조수원,250,3.37,3.37,16,10,100,필댐(죤형),30141,197,9,138.92,138.26,0.66,취수탑형,76.8,76,69.5,055-530-7717
4874010155,경남,창녕,계남,경상남도 창녕군 계성면 명리,1945-04-01,1946-12-30,2,보조수원,100,0.6,0.48,14,10,100,필댐(죤형),3211,95,7,8.38,8.38,0,취수탑형,80.3,79.7,76,055-530-7717
4874010162,경남,창녕,봉산,경상남도 창녕군 계성면 봉산리,1920-03-19,1926-12-30,1,주수원,1990,80.54,78.2,842.6,10,100,필댐(죤형),23480,289,6.1,2378.7,2280.2,98.5,취수탑형,6.93,6.33,3,055-530-7717
4874010164,경남,창녕,연지,경상남도 창녕군 영산면 서리,1921-04-10,1922-12-30,2,보조수원,600,2.3,2.3,15,10,100,필댐(죤형),8100,300,3,40.45,40.19,0.26,취수탑형,56.9,56.3,53.5,055-530-7717
4874010165,경남,창녕,구계,경상남도 창녕군 영산면 교리,1942-10-07,1946-05-10,1,주수원,600,11.5,10,149.9,10,100,필댐(죤형),116000,217,21.9,562.23,561.33,0.9,사통형,117.3,116,102,055-530-7717
4874010176,경남,창녕,장척,경상남도 창녕군 영산면 봉암리,1939-03-19,1940-12-30,1,보조수원,630,54.8,54.8,154,10,100,필댐(죤형),35200,400,5.5,2021.93,2000.37,21.56,취수탑형,11.3,10.7,6,055-530-7717
4874010178,경남,창녕,유동,경상남도 창녕군 장마면 유리,1922-03-19,1926-12-30,1,보조수원,157,18.7,18.7,56,10,100,필댐(죤형),11286,183,5.1,314.37,313.24,1.13,취수탑형,11.3,10.2,7,055-530-7717
4874010192,경남,창녕,덕곡,경상남도 창녕군 도천면 덕곡리,1956-06-09,1958-12-30,2,주수원,250,5.4,4.9,92.3,3,100,필댐(죤형),65465,207,12.6,266.14,264.23,1.91,취수탑형,74.6,74,65,055-530-7717
4874010193,경남,창녕,심곡,경상남도 창녕군 도천면 덕곡리,1956-06-09,1958-12-30,2,보조수원,80,1.9,1.7,28,3,100,필댐(죤형),38243,100,14.9,99.73,99.67,0.06,취수탑형,125.7,125.1,113,055-530-7717
4874010209,경남,창녕,길곡,경상남도 창녕군 길곡면 길곡리,1976-07-29,1978-12-30,1,주수원,355,10.1,8.09,42.7,10,200,필댐(죤형),70564,250,14.4,425.48,425.01,0.47,사통형,73.3,72.3,62,055-530-7717
4882010017,경남,고성.통영.거제,삼봉,경상남도 고성군 삼산면 장치리,1986-01-01,1988-01-01,1,주수원,150,8.05,8,67.4,10,200,필댐(죤형),1000,221,19.2,554.1,554.1,0,사통형,68,67.02,55,055-670-7000
4882010018,경남,고성.통영.거제,학림,경상남도 고성군 하일면 학림리,1959-01-01,1966-01-01,2,주수원,150,3.65,3.6,52.4,10,200,필댐(죤형),1000,217,16.6,225.1,225.1,0,사통형,53.6,52.88,42,055-670-7000
4882010019,경남,고성.통영.거제,금단,경상남도 고성군 하일면 학림리,1962-12-03,1966-12-01,2,주수원,40,1.86,1.8,5.4,10,200,필댐(죤형),1000,180,7,46.9,46.9,0,사통형,39.5,38.89,34,055-670-7000
4882010020,경남,고성.통영.거제,금단1,경상남도 고성군 하일면 학림리,1963-12-02,1966-12-01,1,주수원,95,3.57,3.5,17.2,10,200,필댐(죤형),1000,184,23.1,312,312,0,사통형,58,56.95,37,055-670-7000
4882010022,경남,고성.통영.거제,수양,경상남도 고성군 하일면 수양리,1952-01-01,1954-01-01,1,주수원,184,6.95,6.8,66.5,10,200,필댐(죤형),1000,175,18.6,480.1,480.1,0,사통형,62.45,61.35,47.2,055-670-7000
4882010023,경남,고성.통영.거제,중촌,경상남도 고성군 하일면 용태리,1950-12-01,1954-12-01,2,주수원,20,0.77,0.9,2,10,200,필댐(죤형),100,113,4.5,9.9,9.9,0,사통형,19.7,19.13,17,055-670-7000
4882010024,경남,고성.통영.거제,삼만,경상남도 고성군 하일면 수양리,1951-12-03,1954-12-01,2,주수원,60,1,1,4,10,200,필댐(죤형),100,264,4.5,12.7,12.7,0,사통형,15.9,15.32,13,055-670-7000
4882010028,경남,고성.통영.거제,회미,경상남도 고성군 하일면 오방리,1941-12-01,1945-12-01,2,보조수원,6,0.53,0.9,18.5,10,100,필댐(죤형),100,142,3.6,6.1,6.1,0,사통형,62,61.29,59,055-670-7000
4882010029,경남,고성.통영.거제,계방골,경상남도 고성군 하일면 오방리,1953-12-01,1956-12-01,2,주수원,61,0.45,0.9,24.3,10,200,필댐(죤형),1000,70,7.6,9.8,9.8,0,사통형,80.1,79.18,75.5,055-670-7000
4882010031,경남,고성.통영.거제,진산골,경상남도 고성군 하일면 오방리,1965-12-01,1968-12-01,2,보조수원,2,1,1,21.8,10,200,필댐(죤형),100,127,3.4,6,6,0,사통형,84.6,84,81,055-670-7000
4882010041,경남,고성.통영.거제,음촌,경상남도 고성군 하이면 석지리,1942-12-01,1945-12-01,2,주수원,24,0.31,0.9,7,10,200,필댐(죤형),100,64,4.3,3.3,3.3,0,사통형,56.5,56.13,55,055-670-7000
4882010042,경남,고성.통영.거제,하이,경상남도 고성군 하이면 와룡리,1966-01-01,1971-01-01,1,주수원,1342,24.28,24.2,166.7,10,200,필댐(죤형),1000,394,23.2,2593.9,2593.9,0,사통형,63.1,61.86,44,055-670-7000
4882010045,경남,고성.통영.거제,봉현,경상남도 사천시 사남면 계양리,1992-01-01,1998-01-01,1,주수원,280,9.31,9.3,37.7,10,200,필댐(죤형),90823,246,28.4,910.4,910.4,0,사통형,77.4,76.37,56,055-670-7000
4882010047,경남,사천,사촌,경상남도 고성군 하이면 봉원리,1976-05-20,1978-01-01,1,주수원,350,13,11.2,124.5,10,200,필댐(죤형),167200,140,19.39,563.3,563.3,0,사통형,164.57,162.69,148.21,055-851-8100
4882010056,경남,고성.통영.거제,무선,경상남도 고성군 상리면 무선리,1952-01-01,1963-01-01,1,주수원,316,5.33,5.3,52.2,10,200,필댐(죤형),1000,177,12.7,330.9,312.97,17.93,사통형,129,128.4,120.6,055-670-7000
4882010061,경남,고성.통영.거제,척정,경상남도 고성군 대가면 척정리,1990-01-01,1995-01-01,1,주수원,250,8.56,8.5,82.4,10,200,필댐(죤형),1000,254,23.6,777.4,777.4,0,사통형,80.94,79.94,63.68,055-670-7000
4882010066,경남,고성.통영.거제,대가,경상남도 고성군 고성읍 덕선리,1926-01-01,1932-12-31,1,주수원,2026,88.3,86.6,899.4,10,200,필댐(죤형),2000,346,14.5,4614.8,4614.8,0,사통형,30.75,30.3,19.11,055-670-7000
4882010068,경남,고성.통영.거제,양화,경상남도 고성군 대가면 연지리,1970-01-01,1975-01-01,1,주수원,455,15.5,15.4,168,10,200,필댐(죤형),1000,268,21,1257.3,1257.3,0,사통형,81,80,64.1,055-670-7000
4882010075,경남,고성.통영.거제,갈천,경상남도 고성군 대가면 갈천리,1982-01-01,1985-01-01,1,주수원,816,13.9,13.4,169.7,10,200,필댐(죤형),1000,209,24,1207.9,1207.9,0,사통형,165,163.81,143.51,055-670-7000
4882010079,경남,고성.통영.거제,추계,경상남도 고성군 영현면 추계리,1951-12-03,1954-01-01,2,주수원,200,3.86,3.8,47.4,10,200,필댐(죤형),1000,130,12.5,162.4,162.4,0,사통형,124.6,123.77,114.46,055-670-7000
4882010086,경남,고성.통영.거제,연화,경상남도 고성군 영현면 신분리,1967-01-01,1971-01-01,2,주수원,435,4.85,4.8,49.6,10,200,필댐(죤형),1000,141,17.1,264.3,264.3,0,사통형,103.9,102.9,91.37,055-670-7000
4882010106,경남,고성.통영.거제,선동,경상남도 고성군 개천면 나선리,1982-01-01,1985-01-01,1,주수원,487,9.88,9.6,76.6,10,200,필댐(죤형),1000,184,19,546.6,546.6,0,사통형,158.1,156.91,143.65,055-670-7000
4882010108,경남,고성.통영.거제,가천,경상남도 고성군 개천면 가천리,1952-12-01,1956-01-02,1,주수원,1387,17.75,17.2,246.5,10,200,필댐(죤형),1000,228,18.2,949.5,949.5,0,사통형,108.2,106.97,95.86,055-670-7000
4882010116,경남,고성.통영.거제,구례,경상남도 고성군 개천면 예성리,1967-12-01,1971-01-01,2,주수원,161,3.93,3.9,57.6,10,200,필댐(죤형),1000,194,16.6,229.3,229.3,0,사통형,92.27,91.37,77.84,055-670-7000
4882010123,경남,고성.통영.거제,좌련,경상남도 고성군 개천면 좌연리,1982-01-01,1985-01-01,1,주수원,332,13.7,12.4,81.6,10,200,필댐(죤형),1000,176,27.5,950.1,950.1,0,사통형,147.73,146.73,128.21,055-670-7000
4882010152,경남,고성.통영.거제,삼덕,경상남도 고성군 회화면 삼덕리,1943-01-01,1950-01-01,1,주수원,345,9.51,9.5,98.9,10,200,필댐(죤형),1000,192,17,542.1,542.1,0,사통형,58.1,57.1,45,055-670-7000
4882010188,경남,고성.통영.거제,봉암,경상남도 고성군 동해면 봉암리,1942-12-01,1945-12-01,2,주수원,150,0.9,0.9,52.6,10,200,필댐(죤형),1000,180,22,117.7,117.7,0,사통형,39.5,38.92,30.4,055-670-7000
4882010190,경남,고성.통영.거제,용문,경상남도 고성군 동해면 외곡리,1942-12-01,1945-12-01,2,주수원,140,4.86,4.8,59.2,10,200,필댐(죤형),1000,132,21,177,177,0,사통형,70.4,69.95,58.33,055-670-7000
4882010193,경남,고성.통영.거제,남촌윗,경상남도 고성군 동해면 내곡리,1942-12-01,1945-12-01,2,주수원,4,0.25,0.9,11.5,10,200,필댐(죤형),100,129,4.3,6,6,0,사통형,44.7,44.44,39.75,055-670-7000
4882010194,경남,고성.통영.거제,남촌아래,경상남도 고성군 동해면 내곡리,1942-12-01,1945-12-01,2,주수원,2,0.45,0.9,31.8,10,200,필댐(죤형),1000,174,5,11.8,11.8,0,사통형,41.8,41.2,38,055-670-7000
4882010195,경남,고성.통영.거제,내곡,경상남도 고성군 동해면 내곡리,1981-12-01,1983-12-01,2,주수원,60,0.33,0.9,8.7,10,200,필댐(죤형),100,108,8,9.9,9.9,0,사통형,71.6,70.84,62.4,055-670-7000
4882010205,경남,고성.통영.거제,덕촌1,경상남도 고성군 거류면 가려리,1942-12-01,1945-12-01,2,주수원,9,0.34,0.9,19.5,10,200,필댐(죤형),1000,162,7.3,5.5,5.5,0,사통형,42.9,42.14,40,055-670-7000
4882010206,경남,고성.통영.거제,덕촌2,경상남도 고성군 거류면 가려리,1942-12-01,1945-12-01,2,보조수원,3,0.7,0.9,18.9,10,200,필댐(죤형),500,204,5,18,18,0,사통형,35.3,34.71,31,055-670-7000
4882010207,경남,고성.통영.거제,오방,경상남도 고성군 하일면 오방리,1999-10-07,2007-04-30,1,주수원,95,7,7,74.2,10,200,필댐(죤형),56400,188,31.3,794.9,698.3,96.6,사통형,100.5,99.5,83,055-670-7000
4882010208,경남,고성.통영.거제,대곡,경상남도 고성군 하일면 오방리,1999-10-07,2007-04-30,1,주수원,75,3.5,3.5,42.8,10,200,필댐(죤형),159000,249,32.5,474.07,400,74.07,사통형,99.1,98.1,82.1,055-670-7000
4882010209,경남,고성.통영.거제,월흥,경상남도 고성군 하이면 월흥리,1999-10-07,2007-04-30,1,주수원,64,4.3,4.3,41,10,200,필댐(죤형),136800,300,33.5,458.08,392,66.08,사통형,89.5,88.5,76,055-670-7000
4884010001,경남,하동.남해,차산,경상남도 남해군 남해읍 차산리,1943-01-01,1944-01-01,2,보조수원,70,1.22,1.16,15,10,100,필댐(죤형),12555,248,5,22.12,22.12,0,사통형,17.8,17,14.5,055-880-5114
4884010005,경남,하동.남해,아산,경상남도 남해군 남해읍 아산리,1956-01-01,1959-01-01,1,주수원,270,4.69,4.48,114.28,10,100,필댐(죤형),271959,273,23,369.72,368.99,0.73,사통형,79,78,63,055-880-5114
4884010008,경남,하동.남해,남해대곡,경상남도 남해군 남해읍 평현리,1956-01-01,1959-01-01,2,주수원,100,1.75,1.68,29.87,10,100,필댐(죤형),72453,99.5,19,90.4,90.4,0,사통형,88.6,88.2,75.5,055-880-5114
4884010009,경남,하동.남해,내금,경상남도 남해군 남해읍 평리,1956-01-01,1959-01-01,2,주수원,140,3.3,3.13,41.65,10,100,필댐(죤형),41254,123,13,173.39,173.39,0,사통형,53.8,53,43.17,055-880-5114
4884010017,경남,하동.남해,다천,경상남도 남해군 이동면 다정리,1957-01-01,1958-01-01,2,보조수원,60,0.5,0.48,4,10,100,필댐(죤형),2123,61,8,15.8,15.8,0,사통형,40.28,39.78,33.95,055-880-5114
4884010020,경남,하동.남해,다정,경상남도 남해군 이동면 다정리,1972-01-01,1975-01-01,2,주수원,240,3.98,3.78,60.72,10,100,필댐(죤형),309407,246,26,266.83,266.83,0,사통형,113.77,112.45,97.87,055-880-5114
4884010021,경남,하동.남해,초음,경상남도 남해군 이동면 초음리,1945-01-01,1945-12-31,2,보조수원,60,0.88,0.83,14,10,100,필댐(죤형),7321,137,5,15.37,15.37,0,사통형,37.3,36.8,34.19,055-880-5114
4884010022,경남,하동.남해,장평,경상남도 남해군 이동면 초음리,1944-01-01,1945-01-01,2,보조수원,120,2.5,2.44,46,10,100,필댐(죤형),13005,170,7,83.49,83.49,0,사통형,35.17,34.67,29.43,055-880-5114
4884010023,경남,하동.남해,초양,경상남도 남해군 이동면 초음리,1968-01-01,1969-01-01,2,보조수원,30,1.19,1.13,21,10,100,필댐(죤형),21870,300,6,29.77,29.77,0,사통형,13.5,13,9.32,055-880-5114
4884010024,경남,하동.남해,광두,경상남도 남해군 이동면 초음리,1968-01-01,1969-01-01,2,보조수원,20,1.01,0.97,17,10,100,필댐(죤형),8550,160,7,27.52,27.52,0,사통형,17.91,17.41,12.73,055-880-5114
4884010026,경남,하동.남해,석평,경상남도 남해군 이동면 석평리,1945-01-01,1945-12-31,2,보조수원,20,2.04,1.95,20.4,10,100,필댐(죤형),10080,140,8,53.85,53.85,0,사통형,35,34.5,29.45,055-880-5114
4884010028,경남,하동.남해,성현,경상남도 남해군 이동면 무림리,1945-01-01,1945-12-31,2,보조수원,24,0.51,0.48,20.5,10,100,필댐(죤형),6023,146,5,7.53,7.53,0,사통형,33.5,33,30.93,055-880-5114
4884010029,경남,하동.남해,골안,경상남도 남해군 이동면 무림리,1945-01-01,1945-12-31,2,보조수원,24,0.17,0.15,5,10,100,필댐(죤형),10519,34,5,2.97,2.97,0,사통형,44.5,44,40.84,055-880-5114
4884010030,경남,하동.남해,무림,경상남도 남해군 이동면 무림리,1945-01-01,1945-12-31,2,보조수원,14,0.2,0.19,3,10,100,필댐(죤형),7613,35,10,4.47,4.47,0,사통형,40.5,40,36.27,055-880-5114
4884010031,경남,하동.남해,봉곡,경상남도 남해군 이동면 무림리,1967-01-01,1968-01-01,2,보조수원,12,0.31,0.29,6,10,100,필댐(죤형),14044,107,10,9.05,9.05,0,사통형,62.5,62,56.97,055-880-5114
4884010035,경남,하동.남해,복곡,경상남도 남해군 이동면 신전리,1979-01-01,1984-01-01,1,주수원,560,12.13,11.56,216.03,10,200,필댐(죤형),808136,302,37.3,1525.33,1439.03,86.3,취수탑형,121.9,120.7,100,055-880-5114
4884010036,경남,하동.남해,용문곡,경상남도 남해군 이동면 용소리,1945-01-01,1945-12-31,2,보조수원,122,0.24,0.23,8,10,100,필댐(죤형),4999,31,10,6.96,6.96,0,사통형,107.5,107,101.53,055-880-5114
4884010037,경남,하동.남해,용소2,경상남도 남해군 이동면 용소리,1957-01-01,1958-01-01,2,보조수원,14,0.48,0.46,6.6,10,100,필댐(죤형),9570,58,10,13.88,13.88,0,사통형,39,38.5,33.59,055-880-5114
4884010038,경남,하동.남해,용소1,경상남도 남해군 이동면 용소리,1968-01-01,1969-01-01,2,보조수원,30,0.03,0.01,2,10,100,필댐(죤형),1092,40,4,1,1,0,사통형,57.76,57.26,56.91,055-880-5114
4884010039,경남,하동.남해,봉전,경상남도 남해군 이동면 용소리,1968-01-01,1969-01-01,2,보조수원,85,0.46,0.44,11,10,100,필댐(죤형),3047,65,5,8.59,8.59,0,사통형,22.83,22.33,19.41,055-880-5114
4884010040,경남,하동.남해,난문,경상남도 남해군 이동면 난음리,1945-01-01,1945-12-31,2,보조수원,55,0.58,0.56,8,10,100,필댐(죤형),10620,200,6,14.96,14.96,0,사통형,38.5,38,33.59,055-880-5114
4884010041,경남,하동.남해,난곡,경상남도 남해군 이동면 난음리,1942-01-01,1943-01-01,2,보조수원,15,1.05,1.03,16,10,100,필댐(죤형),6426,85,6,20.36,20.36,0,사통형,79.5,79,75.95,055-880-5114
4884010042,경남,하동.남해,난등,경상남도 남해군 이동면 난음리,1941-01-01,1942-01-01,2,보조수원,16.5,1.12,1.09,22,10,100,필댐(죤형),23305,230,7,33.72,33.72,0,사통형,34.5,34,29.68,055-880-5114
4884010050,경남,하동.남해,고잔,경상남도 남해군 삼동면 영지리,1945-01-01,1945-12-31,2,보조수원,15,0.73,0.69,15,10,100,필댐(죤형),5184,90,6,16.68,16.68,0,사통형,24,23.5,19.52,055-880-5114
4884010052,경남,하동.남해,시문1,경상남도 남해군 삼동면 영지리,1967-01-01,1968-01-01,2,보조수원,31,0.22,0.2,6.5,10,100,필댐(죤형),8738,114,7,3.94,3.94,0,사통형,38.44,37.94,34.8,055-880-5114
4884010053,경남,하동.남해,시문2,경상남도 남해군 삼동면 영지리,1967-01-01,1968-01-01,2,보조수원,31,0.59,0.56,15,10,100,필댐(죤형),12737,85,10,18.97,18.97,0,사통형,60.5,60,53.02,055-880-5114
4884010054,경남,하동.남해,영지,경상남도 남해군 삼동면 영지리,1957-01-01,1958-01-01,2,보조수원,22,0.23,0.21,5,10,100,필댐(죤형),5280,55,8,5.85,5.85,0,사통형,42.74,42.24,37.18,055-880-5114
4884010055,경남,하동.남해,갈곡,경상남도 남해군 삼동면 영지리,1983-01-01,1987-01-01,1,주수원,300,10.66,10.02,170.15,10,200,필댐(죤형),112025,188,29.1,1013.13,991.79,21.34,취수탑형,78.9,78,60,055-880-5114
4884010062,경남,하동.남해,내산,경상남도 남해군 삼동면 봉화리,1988-01-01,1997-01-01,1,주수원,620,22.92,21.75,266.81,10,200,필댐(죤형),560855,249,34.8,2481.46,2337.78,143.68,취수탑형,119.2,118.2,99,055-880-5114
4884010068,경남,하동.남해,성하,경상남도 남해군 남면 당항리,1971-01-01,1972-01-01,2,보조수원,5.1,0.54,0.52,6.3,10,100,필댐(죤형),3248,150,3.5,7.09,7.09,0,사통형,28.5,28,25.83,055-880-5114
4884010069,경남,하동.남해,산요,경상남도 남해군 남면 당항리,1945-01-01,1945-12-31,2,보조수원,16,0.3,0.28,5,10,100,필댐(죤형),1750,27,6,7.17,7.17,0,사통형,78.89,78.39,74.47,055-880-5114
4884010070,경남,하동.남해,상보,경상남도 남해군 남면 당항리,1945-01-01,1945-12-31,2,보조수원,16,0.31,0.29,3,10,100,필댐(죤형),6081,138,5,4.81,4.81,0,사통형,76.3,76,73.89,055-880-5114
4884010072,경남,하동.남해,두곡,경상남도 남해군 남면 당항리,1945-01-01,1945-12-31,2,보조수원,90,0.5,0.46,20.5,10,100,필댐(죤형),6928,46,8.5,11.7,11.7,0,사통형,55.5,55,50.91,055-880-5114
4884010094,경남,하동.남해,연죽,경상남도 남해군 서면 연죽리,1979-01-01,1981-01-01,1,주수원,510,7.51,7.28,103.1,10,100,필댐(균일형),156493,180,26.1,747.8,744,3.8,사통형,76.5,75.3,56.5,055-880-5114
4884010110,경남,하동.남해,이어,경상남도 남해군 고현면 이어리,1945-01-01,1945-12-31,2,보조수원,30,0.39,0.38,10.5,10,100,필댐(죤형),4080,124,4.5,6.07,6.07,0,사통형,17.3,17,14.87,055-880-5114
4884010112,경남,하동.남해,고현대곡,경상남도 남해군 고현면 대곡리,1969-01-01,1972-01-01,1,주수원,336,4.08,3.82,89.47,10,100,필댐(죤형),146417,181,19.7,300.57,300.57,0,사통형,58,57,42.87,055-880-5114
4884010117,경남,하동.남해,오곡,경상남도 남해군 고현면 오곡리,1944-01-01,1944-12-31,2,주수원,80,0.81,0.74,24.62,10,100,필댐(죤형),33891,110,13,38.55,38.55,0,사통형,61.48,60.48,50.78,055-880-5114
4884010121,경남,하동.남해,남치,경상남도 남해군 고현면 남치리,1945-01-01,1951-01-01,1,주수원,335,7.49,7.1,93.88,10,100,필댐(죤형),129021,148,21,432.04,432.04,0,사통형,57.53,56.53,45,055-880-5114
4884010133,경남,하동.남해,도래모,경상남도 남해군 설천면 진목리,1944-01-01,1944-12-31,2,보조수원,50,0.93,0.9,3.2,10,100,필댐(죤형),9394,241,4.5,20.25,20.25,0,사통형,31.92,31.42,28.18,055-880-5114
4884010134,경남,하동.남해,길가,경상남도 남해군 설천면 진목리,1942-01-01,1943-01-01,2,보조수원,20,0.22,0.2,0.8,10,100,필댐(죤형),2532,97,4,2.44,2.44,0,사통형,20.8,20.3,18.44,055-880-5114
4884010136,경남,하동.남해,진목,경상남도 남해군 설천면 진목리,1968-01-01,1970-01-01,2,주수원,62,0.9,0.84,29.84,10,100,필댐(죤형),32957,93,14.8,50.31,50.31,0,사통형,97.8,97,85.53,055-880-5114
4884010167,경남,하동.남해,적곡,경상남도 남해군 창선면 옥천리,1945-01-01,1945-12-31,2,보조수원,85,1.28,1.22,5.5,10,100,필댐(죤형),21485,94,11.5,49,49,0,사통형,97.17,96.67,89.12,055-880-5114
4884010168,경남,하동.남해,갈곡(소),경상남도 남해군 창선면 옥천리,1942-01-01,1943-01-01,2,보조수원,60,0.39,0.33,2,10,100,필댐(죤형),3686,84,4.5,4.83,4.83,0,사통형,52.52,52.02,49.81,055-880-5114
4884010169,경남,하동.남해,옥천,경상남도 남해군 창선면 옥천리,1976-01-01,1978-01-01,1,주수원,220,7.98,7.75,103.59,10,100,필댐(죤형),405880,229,28,803.84,798.95,4.89,사통형,87.88,86.88,68,055-880-5114
4884010170,경남,하동.남해,사시곡,경상남도 남해군 창선면 상죽리,1942-01-01,1943-01-01,2,보조수원,32,0.36,0.34,2,10,100,필댐(죤형),1561,55,8,9.99,9.99,0,사통형,36.06,35.56,30.94,055-880-5114
4884010171,경남,하동.남해,장곡,경상남도 남해군 창선면 상죽리,1943-01-01,1944-01-01,2,보조수원,34,0.9,0.82,2.5,10,100,필댐(죤형),8056,140,5.5,17.55,17.55,0,사통형,31.34,30.84,27.27,055-880-5114
4884010172,경남,하동.남해,노구,경상남도 남해군 서면 노구리,1995-07-19,2003-12-20,1,주수원,260,5.98,5.8,114.31,10,200,필댐(죤형),1312959,270,52.5,872.4,857.35,15.05,사통형,221.1,220.1,193,055-880-5114
4884010173,경남,하동.남해,남상,경상남도 남해군 서면 남상리,1995-07-19,2003-12-30,1,주수원,100,2.4,2.35,50.27,10,200,필댐(죤형),1664438,300,55,301.6,294.64,6.96,사통형,249,248,230,055-880-5114
4884010295,경남,하동.남해,운암,경상남도 남해군 남면 임포리,2006-12-08,2010-12-20,1,주수원,100,5.31,5.03,61.8,10,200,필댐(죤형),364.98,279,36.9,473.1,459.8,13.3,사통형,102.8,101.8,79,055-880-5114
4885010005,경남,하동.남해,신대,경상남도 하동군 악양면 신대리,1945-01-01,1945-12-31,2,보조수원,6.2,0.28,0.26,6.2,10,100,필댐(죤형),25272,104,12,5.39,5.39,0,사통형,49.5,49,46.23,055-880-5114
4885010006,경남,하동.남해,신성,경상남도 하동군 악양면 신성리,1945-01-01,1945-12-31,2,보조수원,12,0.14,0.13,9.1,10,100,필댐(죤형),20520,38,14,3.71,3.71,0,사통형,146.5,146,140.87,055-880-5114
4885010007,경남,하동.남해,신흥,경상남도 하동군 악양면 신흥리,1945-01-01,1945-12-31,2,보조수원,4,0.25,0.23,3.8,10,100,필댐(죤형),7224,86,7,3.36,3.36,0,사통형,74.3,74,71.91,055-880-5114
4885010009,경남,하동.남해,중대,경상남도 하동군 악양면 중대리,1950-01-01,1951-01-01,2,보조수원,13,0.14,0.13,9,10,100,필댐(죤형),13440,40,11,2.69,2.69,0,사통형,184.5,184,180.06,055-880-5114
4885010011,경남,하동.남해,노전하,경상남도 하동군 악양면 매계리,1945-01-01,1945-12-31,2,보조수원,3,0.17,0.15,2.7,10,100,필댐(죤형),3393,58,6,2.37,2.37,0,사통형,129.62,129.12,125.96,055-880-5114
4885010012,경남,하동.남해,매계,경상남도 하동군 악양면 매계리,1977-01-01,1978-01-01,2,보조수원,10,0.37,0.34,10,10,100,필댐(죤형),52313,150,12,8.77,8.77,0,사통형,130.18,129.68,125.02,055-880-5114
4885010013,경남,하동.남해,정서상,경상남도 하동군 악양면 정서리,1945-01-01,1945-12-31,2,보조수원,35,0.56,0.52,11.8,10,100,필댐(죤형),3120,40,6.5,13.02,13.02,0,사통형,176.5,176,170.91,055-880-5114
4885010015,경남,하동.남해,입석중,경상남도 하동군 악양면 입석리,1945-01-01,1945-12-31,2,보조수원,6.9,0.35,0.33,13.6,10,100,필댐(죤형),7560,70,8,7.75,7.75,0,사통형,128.18,127.68,124.22,055-880-5114
4885010016,경남,하동.남해,입석하,경상남도 하동군 악양면 입석리,1959-01-01,1960-01-01,2,보조수원,5,0.25,0.23,6.5,10,100,필댐(죤형),4320,40,8,5.9,5.9,0,사통형,84.84,84.34,79.94,055-880-5114
4885010017,경남,하동.남해,입석상,경상남도 하동군 악양면 입석리,1974-01-01,1975-01-01,2,보조수원,16,0.97,0.93,21.3,10,100,필댐(죤형),43200,120,12,44.87,44.87,0,사통형,121.5,121,112.98,055-880-5114
4885010022,경남,하동.남해,적량,경상남도 하동군 적량면 우계리,1985-01-01,1994-01-01,1,주수원,450,11.57,11.03,133.11,10,200,필댐(죤형),984170,308,40.7,1264.73,1236.95,27.78,사통형,106.5,105.5,82,055-880-5114
4885010025,경남,하동.남해,삼화,경상남도 하동군 적량면 서리,1993-01-01,1997-01-01,1,주수원,590,9.82,9.36,95.48,10,200,필댐(죤형),1150128,326,42,1213.26,1208.91,4.35,사통형,170.03,169.03,144,055-880-5114
4885010026,경남,하동.남해,강선,경상남도 하동군 적량면 고절리,1995-01-01,1997-01-01,1,주수원,185,7.07,6.8,74.08,10,200,필댐(죤형),782682,274,39.2,903.02,846.84,56.18,사통형,70.34,69.34,50,055-880-5114
4885010097,경남,하동.남해,송원,경상남도 하동군 진교면 송원리,1957-01-01,1959-01-01,1,주수원,1040,21.46,20.91,115.65,10,200,필댐(죤형),24793,292,6.3,366.4,366.4,0,사통형,7.18,6.68,3.51,055-880-5114
4885010101,경남,하동.남해,고이,경상남도 하동군 진교면 고이리,1973-01-01,1975-01-01,2,주수원,120,3.48,3,75.87,10,100,필댐(죤형),197424,169,24.5,210.57,208.21,2.36,사통형,94.8,94,80,055-880-5114
4885010102,경남,하동.남해,절골,경상남도 하동군 진교면 고이리,1973-01-01,1975-01-01,2,보조수원,170,1.79,1.68,38.3,10,100,필댐(죤형),61092,130,12.5,64.12,64.12,0,사통형,83.45,82.65,75.61,055-880-5114
4885010103,경남,하동.남해,서포,경상남도 하동군 진교면 고이리,1985-01-01,1997-01-01,1,보조수원,150,7.14,6.69,757,10,200,필댐(죤형),159130,258,14.5,497.82,460.26,37.56,사통형,73.01,72.01,61,055-880-5114
4885010137,경남,하동.남해,하동,경상남도 하동군 청암면 평촌리,1985-01-19,1993-11-20,1,주수원,5850,143.4,139.14,3155,10,200,필댐(죤형),3174906,486,58.6,31628.52,30336.92,1291.6,취수탑형,147.1,145.6,108,055-880-5114
4885010140,경남,하동.남해,묵계,경상남도 하동군 청암면 묵계리,1978-01-01,1983-01-01,1,주수원,2250,16.41,15.63,334.5,10,200,필댐(죤형),970064,184.5,50.8,2467.54,2458,9.54,취수탑형,387.2,385.6,352,055-880-5114
4885010141,경남,하동.남해,북부,경상남도 하동군 금성면 가덕리,1957-01-01,1958-01-01,2,보조수원,60,9.76,9.47,78.92,10,100,필댐(죤형),11413,321,5,194.81,194.81,0,사통형,4.18,3.68,0.65,055-880-5114
4885010166,경남,하동.남해,용포,경상남도 하동군 금성면 고포리,1985-01-01,1994-01-01,1,보조수원,98,5.71,5.42,368,10,200,필댐(죤형),156167,182,14.6,346.66,342.62,4.04,사통형,18,17,7,055-880-5114
4885010167,경남,하동.남해,옥종,경상남도 하동군 옥종면 궁항리,1997-01-01,2000-01-01,1,주수원,905,20.58,19.44,418.64,10,200,필댐(죤형),1148321,240,51.5,3384.8,3251.38,133.42,취수탑형,217,215.5,186,055-880-5114
4886010005,경남,진주.산청,모고,경상남도 산청군 산청읍 모고리,1960-01-01,1961-12-29,2,주수원,530,4.72,4.54,56.3,10,200,필댐(죤형),94639,117,14.8,192.8,192.8,0,사통형,161.5,160,153.44,055-760-2535
4886010011,경남,진주.산청,상골,경상남도 산청군 산청읍 차탄리,1942-01-01,1947-12-31,2,보조수원,40,0.6,0.5,4.1,1,100,필댐(죤형),8532,158,6,11.01,11.01,0,사통형,122,121.8,119.37,055-760-2535
4886010012,경남,진주.산청,계원,경상남도 진주시 명석면 계원리,1998-01-05,2000-12-29,2,보조수원,57.3,2.15,1.78,12.3,10,100,필댐(죤형),11475,60,8.5,73.36,63.25,10.11,사통형,66.5,65,58.6,055-760-2535
4886010019,경남,진주.산청,병정,경상남도 산청군 산청읍 병정리,1960-01-01,1961-12-29,2,주수원,740,4.65,3.95,68.1,10,200,필댐(죤형),101532,127,16,193.53,172.36,21.17,사통형,161.5,160,154.5,055-760-2535
4886010021,경남,진주.산청,정곡,경상남도 산청군 산청읍 정곡리,1961-01-01,1961-12-29,2,보조수원,29,0.7,0.51,6.2,1,100,필댐(죤형),3148,45,4.5,9.83,9.83,0,사통형,107.2,106.2,104,055-760-2535
4886010022,경남,진주.산청,내정,경상남도 산청군 산청읍 척지리,1974-01-01,1975-12-31,1,주수원,480,5.6,5.4,96.5,10,200,필댐(죤형),519479,223,31.34,473.89,473.89,0,사통형,249.1,247.4,226.4,055-760-2535
4886010025,경남,진주.산청,범학,경상남도 산청군 산청읍 범학리,1961-01-01,1961-12-26,2,보조수원,9,0.27,0.22,2,10,200,필댐(죤형),5688,129,4.5,4.51,4.51,0,사통형,142.1,141.6,138.57,055-760-2535
4886010028,경남,진주.산청,묵곡보조,경상남도 산청군 산청읍 묵곡리,1961-01-01,1961-12-29,2,보조수원,2.1,0.42,0.33,7,10,100,필댐(죤형),4840,67,5.6,8.34,8.34,0,사통형,100.5,100,96.18,055-760-2535
4886010029,경남,진주.산청,내리,경상남도 산청군 산청읍 내리,1960-01-01,1961-12-28,2,주수원,470,3.68,2.28,43.5,10,200,필댐(죤형),82425,90,18.3,129.6,129.6,0,사통형,141,139.47,130.78,055-760-2535
4886010030,경남,진주.산청,내리보조,경상남도 산청군 산청읍 내리,1960-01-01,1961-12-28,2,보조수원,15,0.9,0.7,4,10,200,필댐(죤형),2136,133,4.5,12.19,12.19,0,사통형,97.5,97,94.3,055-760-2535
4886010053,경남,진주.산청,중방곡,경상남도 산청군 오부면 방곡리,1946-01-01,1946-12-31,2,보조수원,20,0.5,0.19,3.4,1,100,필댐(죤형),7275,78,6.5,3.27,3.27,0,사통형,173.5,173,170.7,055-760-2535
4886010054,경남,진주.산청,원방,경상남도 산청군 오부면 방곡리,1950-01-01,1950-12-29,2,보조수원,35,0.55,0.5,12.6,1,100,필댐(죤형),5628,47,9,8.61,8.61,0,사통형,162.7,162.2,159.9,055-760-2535
4886010056,경남,진주.산청,금곡,경상남도 산청군 오부면 방곡리,1964-01-03,1964-12-30,2,보조수원,28,1,0.61,29.7,10,200,필댐(죤형),7738,67,7,11.09,11.09,0,사통형,177.8,177,174,055-760-2535
4886010090,경남,진주.산청,향양,경상남도 산청군 생초면 향양리,1991-01-01,1998-12-31,1,주수원,425,63.74,9.79,150.4,10,200,필댐(죤형),773020,200,38.9,1176.85,1176.85,0,사통형,275,273,245.58,055-760-2535
4886010096,경남,진주.산청,안치골,경상남도 산청군 생초면 신연리,1970-01-01,1971-12-31,2,주수원,47,0.68,0.65,5.1,5,100,필댐(죤형),16574,217,5.7,8.51,8.51,0,사통형,127.6,126.5,124.8,055-760-2535
4886010129,경남,진주.산청,묘산,경상남도 산청군 금서면 화계리,1945-01-01,1945-12-31,2,보조수원,20,0.5,0.17,2.2,1,100,필댐(죤형),2016,24,6,4.66,4.28,0.38,사통형,182.5,181.5,178,055-760-2535
4886010130,경남,진주.산청,관선,경상남도 산청군 금서면 화계리,1945-01-03,1945-12-31,2,보조수원,10,1.2,0.53,5.7,10,100,필댐(죤형),7705,240,3.3,9.78,9.78,0,사통형,147,146.2,143.67,055-760-2535
4886010131,경남,진주.산청,쌍정,경상남도 산청군 금서면 화계리,1945-01-01,1945-12-31,2,보조수원,20,0.8,0.13,1.7,1,100,필댐(죤형),6102,113,4.5,2.65,2.65,0,사통형,171.5,171,168,055-760-2535
4886010132,경남,진주.산청,산태,경상남도 산청군 금서면 화계리,1958-01-01,1958-12-31,2,보조수원,30,0.7,0.28,3.8,1,100,필댐(죤형),6460,170,4,4.54,4.54,0,사통형,154,153.2,150.99,055-760-2535
4886010133,경남,진주.산청,강효,경상남도 산청군 금서면 화계리,1965-01-04,1965-12-30,2,보조수원,65,0.8,0.26,5,10,100,필댐(죤형),948,49,3,4.91,4.91,0,사통형,143.7,142.4,139.67,055-760-2535
4886010144,경남,진주.산청,강누,경상남도 산청군 단성면 강누리,1956-01-04,1961-12-29,2,보조수원,10,0.52,0.63,6,10,200,필댐(죤형),5456,171,5.6,12.46,12.46,0,사통형,67,66.2,63.23,055-760-2535
4886010154,경남,진주.산청,묵곡,경상남도 산청군 단성면 묵곡리,1974-01-01,1974-12-30,2,주수원,75,3.26,3.08,20.8,10,200,필댐(죤형),16323,109,7.8,149.62,132.28,17.34,사통형,61.98,60.98,56,055-760-2535
4886010161,경남,진주.산청,자양,경상남도 산청군 단성면 자양리,1943-03-08,1944-12-15,2,보조수원,28,0.8,0.27,4,1,100,필댐(죤형),7693,104,5.5,4.08,4.08,0,사통형,91.8,90.8,88.77,055-760-2535
4886010164,경남,진주.산청,청현,경상남도 산청군 신안면 청현리,1975-01-01,1976-12-31,2,보조수원,130,0.7,0.65,7.6,1,100,필댐(죤형),17388,92,9,21.16,19.15,2.01,사통형,116,115,110.5,055-760-2535
4886010201,경남,진주.산청,단계,경상남도 산청군 신등면 양전리,1954-01-01,1955-12-30,2,주수원,290,5.2,4.71,90.4,10,200,필댐(죤형),58033,133.6,13,272.4,230.35,42.05,사통형,93.24,91.24,85.5,055-760-2535
4886010202,경남,진주.산청,양전,경상남도 산청군 신등면 양전리,1954-01-01,1955-12-30,2,보조수원,10,1.2,1.06,6,1,100,필댐(죤형),7840,240,3.3,19.82,19.82,0,사통형,76.2,76,73.52,055-760-2535
4886010210,경남,진주.산청,사정,경상남도 산청군 신등면 사정리,1954-01-01,1955-12-30,2,주수원,230,2.9,1.83,21.8,10,200,필댐(죤형),14127,67.3,9.3,72.21,72.21,0,사통형,99.2,98.2,92.31,055-760-2535
4886010212,경남,진주.산청,사정보조,경상남도 산청군 신등면 사정리,1964-01-01,1964-12-31,2,보조수원,18,0.7,0.45,4,1,100,필댐(죤형),9310,164,4,8.67,8.67,0,사통형,83.3,82.8,80.02,055-760-2535
4886010220,경남,진주.산청,손항,경상남도 산청군 신등면 장천리,1988-01-01,1997-12-31,1,주수원,1600,8.04,6.52,133.7,10,200,필댐(죤형),298775,154,29,576.45,531.48,44.97,취수탑형,226.22,224.22,210,055-760-2535
4886010221,경남,진주.산청,도리,경상남도 산청군 생비량면 도리,1995-01-01,2001-12-28,1,주수원,350,8.28,7.78,62.1,10,200,필댐(죤형),919253,219,40.8,1035.92,1035.92,0,사통형,133.14,131.14,105.66,055-760-2535
4886010222,경남,진주.산청,대현,경상남도 산청군 오부면 대현리,1999-04-26,2008-12-20,1,주수원,154,4.6,4.4,55,10,200,필댐(균일형),302.7,240,31.7,376.05,362,14.05,기타,287,286,270,055-760-2535
4886010223,경남,진주.산청,서당곡,경상남도 산청군 오부면 중촌리,1999-04-26,2008-12-20,1,주수원,150,4.8,4.6,50,10,200,필댐(균일형),224.96,210,27.7,327.55,327.55,0,사통형,309.4,308.4,295,055-760-2535
4886010225,경남,진주.산청,율현,경상남도 산청군 신등면 율현리,1998-01-01,2010-02-22,1,주수원,4030,21.37,18.68,465.3,10,200,필댐(균일형),372721,180,41.7,2375.6,2294.1,81.5,취수탑형,209.3,207.3,183,055-760-2535
4886010226,경남,진주.산청,청계,경상남도 산청군 단성면 청계리,1998-01-12,2011-11-30,1,주수원,940,178.13,22.96,364,10,200,필댐(균일형),754000,324,48.5,2978,2628,350,취수탑형,229.1,227.8,205,055-760-2535
4886010413,경남,진주.산청,철수,경상남도 산청군 차황면 철수리,2011-08-22,2016-01-13,1,보조수원,3600,22.14,19.07,0,10,200,필댐(죤형),511678,188,37,2047,2016,31,취수탑형,257,255,232,055-760-2535
4886010414,경남,진주.산청,손항2,경상남도 산청군 신등면 장천리,2011-08-22,2016-01-13,1,보조수원,1494,28.15,26.82,0,10,200,필댐(죤형),1289688,323,58,6034,6010,24,취수탑형,283,281,239.5,055-760-2535
4886010415,경남,진주.산청,방곡,경상남도 산청군 금서면 방곡리,,2022-12-30,1,주수원,1789,16.4,14.8,0,10,0,필댐(죤형),0,145,33.5,1585.4,1494.3,91.1,취수탑형,196.9,195.1,178.9,055-760-2535
4886010416,경남,진주.산청,오성,경상남도 산청군 오부면 방곡리,,2023-12-12,,주수원,165,4.96,4.68,0,0,0,필댐(죤형),0,168,43.9,454,405,49,사통형,227,226,207,055-760-2535
4887010002,경남,거창.함양,대덕,경상남도 함양군 함양읍 대덕리,1945-01-01,1945-12-30,2,주수원,153,5.36,5.1,184.6,3,200,필댐(죤형),35735,98,13,267.31,267.31,0,사통형,205.97,204.97,195.24,055-940-5515
4887010023,경남,거창.함양,구룡,경상남도 함양군 함양읍 구룡리,1974-01-01,1978-01-01,1,주수원,2460,8.44,7.55,70.8,10,200,콘크리트댐(중력형),16623,113,13.8,300.99,300.99,0,사통형,208.75,207.75,197.98,055-940-5515
4887010042,경남,거창.함양,월평,경상남도 함양군 휴천면 월평리,1985-09-25,1995-11-30,1,주수원,770,8.04,7.52,130.7,10,200,필댐(죤형),311820,137,30.5,536.92,536.92,0,사통형,314.7,313.52,298.34,055-940-5515
4887010056,경남,거창.함양,대천,경상남도 함양군 휴천면 대천리,1985-09-25,1995-11-30,1,주수원,390,5.03,4.61,76,10,200,필댐(죤형),451368,150,35.1,428.38,428.38,0,사통형,218.11,217.11,193.53,055-940-5515
4887010088,경남,거창.함양,죽산,경상남도 함양군 수동면 죽산리,1989-08-26,1996-12-30,1,주수원,216,6.3,5.75,90.1,10,200,필댐(죤형),780595,220,38.4,575.83,547.61,28.22,사통형,278.9,277.84,262,055-940-5515
4887010099,경남,거창.함양,공배,경상남도 함양군 지곡면 개평리,1945-01-01,1945-12-31,1,주수원,180,6.28,6.02,62.3,10,200,필댐(죤형),45512,142,11,303.25,303.25,0,사통형,171.67,170.67,162.4,055-940-5515
4887010103,경남,거창.함양,지곡,경상남도 함양군 지곡면 덕암리,1945-01-01,1945-12-31,1,주수원,617,4.03,3.96,91.9,10,200,필댐(죤형),237250,148,26,306.65,306.65,0,사통형,256.05,255.05,237.49,055-940-5515
4887010153,경남,거창.함양,서하,경상남도 함양군 서하면 운곡리,1995-07-15,1999-10-30,1,주수원,565,5.71,4.72,105,10,200,필댐(죤형),682762,195,39.2,491.9,484.89,7.01,사통형,541.5,540.22,517,055-940-5515
4887010182,경남,거창.함양,옥계,경상남도 함양군 병곡면 원산리,1979-12-18,1996-12-20,1,주수원,1250,26.38,25.07,411.5,10,200,필댐(죤형),2426397,411,56.3,4677,4620,57,취수탑형,377.1,375.9,338,055-940-5515
4887010185,경남,거창.함양,연덕,경상남도 함양군 병곡면 연덕리,1994-03-11,1998-12-30,1,주수원,388,4.92,4.61,107.4,10,200,필댐(죤형),373996,152,39.2,428.72,428.72,0,사통형,277.9,276.84,254.59,055-940-5515
4887010190,경남,거창.함양,초동,경상남도 함양군 안의면 초동리,2003-07-24,2007-01-01,1,주수원,167,4.28,4.08,72.9,10,200,필댐(죤형),124218,180,20.6,420.94,414.54,6.4,사통형,420.6,419.6,404,055-940-5515
4887010191,경남,거창.함양,서상,경상남도 함양군 서상면 상남리,1990-12-19,2007-01-01,1,주수원,2316,33.3,32.2,394.9,10,200,필댐(죤형),665117,207,51.1,4487.6,4474.9,12.7,취수탑형,522.9,521.4,484,055-940-5515
4887010192,경남,거창.함양,노상,경상남도 함양군 서상면 대남리,1990-12-19,2007-01-01,1,주수원,288,3.34,3.2,88.3,10,200,필댐(죤형),429879,178,46.4,394.7,384.7,10,취수탑형,664.2,663.1,640,055-940-5515
4888010044,경남,거창.함양,죽림,경상남도 거창군 웅양면 죽림리,1957-01-01,1957-12-31,2,보조수원,2,0.34,0.33,8,1,200,필댐(죤형),5916,60,4.5,4.53,4.53,0,사통형,345.1,345,342.8,055-940-5515
4888010045,경남,거창.함양,화동,경상남도 거창군 웅양면 노현리,1968-01-01,1968-12-31,2,보조수원,45,0.28,0.25,6,1,20,필댐(죤형),8212,75,10,4.83,4.83,0,사통형,355.2,354.8,351.94,055-940-5515
4888010046,경남,거창.함양,유령,경상남도 거창군 웅양면 죽림리,1971-01-01,1971-12-31,2,보조수원,55,0.28,0.2,9.7,1,20,필댐(죤형),7574,63,6.5,2.22,2.22,0,사통형,348.5,348.2,345.93,055-940-5515
4888010047,경남,거창.함양,성북,경상남도 거창군 웅양면 동호리,1945-01-01,1945-12-31,2,보조수원,33,0.29,0.24,0,1,20,필댐(죤형),10996,68,7.5,1.31,1.31,0,사통형,402.7,402.6,402.06,055-940-5515
4888010049,경남,거창.함양,산포1,경상남도 거창군 웅양면 산포리,1969-01-01,1969-12-31,2,보조수원,15,0.16,0.14,12,1,20,필댐(죤형),1017,65,5.2,0.89,0.89,0,사통형,366.1,366,364.9,055-940-5515
4888010050,경남,거창.함양,웅양,경상남도 거창군 웅양면 산포리,2010-06-21,2012-12-31,1,주수원,1160,22.12,20.75,264,10,200,필댐(죤형),1625170,356,50.7,3291,3185,106,취수탑형,404.5,403,374,055-940-5515
4888010051,경남,거창.함양,노현1,경상남도 거창군 웅양면 노현리,1959-01-01,1959-12-31,2,보조수원,41,0.44,0.4,12.8,1,20,필댐(죤형),14985,63,6,7.07,7.07,0,사통형,344.1,343.8,340.4,055-940-5515
4888010052,경남,거창.함양,노현2,경상남도 거창군 웅양면 노현리,1959-01-01,1959-12-31,2,보조수원,4,0.53,0.51,5.5,1,20,필댐(죤형),5065,112,7.4,17.42,17.42,0,사통형,383.9,383.59,377.97,055-940-5515
4888010070,경남,거창.함양,강남,경상남도 거창군 위천면 상천리,1945-01-01,1945-12-31,2,보조수원,10,0.61,0.55,2,10,20,필댐(죤형),4500,155,5.4,12.24,12.24,0,사통형,334.54,334.24,330.7,055-940-5515
4888010072,경남,거창.함양,서덕,경상남도 거창군 위천면 상천리,1945-01-01,1949-01-01,1,주수원,1890,8.69,7.98,158.5,10,200,필댐(죤형),123681,308,12.5,480.36,480.36,0,사통형,255.09,254.09,244.04,055-940-5515
4888010085,경남,거창.함양,황산,경상남도 거창군 위천면 황산리,1975-01-01,1977-01-01,2,주수원,260,2.76,2.63,65.7,10,200,필댐(죤형),283723,102,30.5,237.39,237.39,0,사통형,395.87,394.87,373.68,055-940-5515
4888010101,경남,거창.함양,무창,경상남도 거창군 남상면 무촌리,1954-01-01,1956-01-01,2,주수원,446,2.84,2.67,57.9,3,200,필댐(죤형),99367,180,14.8,162.34,162.34,0,사통형,233.53,232.53,223.2,055-940-5515
4888010103,경남,거창.함양,매산1,경상남도 거창군 남상면 무촌리,1973-01-01,1973-12-31,2,보조수원,12,0.24,0.2,0,1,20,필댐(죤형),20160,42,15,1.11,1.11,0,사통형,271.4,271.3,268.96,055-940-5515
4888010104,경남,거창.함양,매산,경상남도 거창군 남상면 무촌리,1985-10-01,1991-11-20,1,주수원,481,6.78,6.52,161.9,10,200,필댐(죤형),620072,287,29.8,629.81,629.81,0,사통형,298.56,297.56,272.84,055-940-5515
4888010106,경남,거창.함양,한산,경상남도 거창군 남상면 대산리,1962-01-01,1962-12-31,2,보조수원,30,0.41,0.37,22,1,20,필댐(죤형),8159,140,4.7,9.08,9.08,0,사통형,230,229.5,225.9,055-940-5515
4888010113,경남,거창.함양,송변1,경상남도 거창군 남상면 송변리,1945-01-01,1945-12-31,2,보조수원,8,0.49,0.46,17,1,20,필댐(죤형),4994,79,4.5,7.1,7.1,0,사통형,268.6,268.42,265.92,055-940-5515
4888010114,경남,거창.함양,송변2,경상남도 거창군 남상면 송변리,1967-01-01,1967-12-31,2,보조수원,7,0.6,0.59,19,1,20,필댐(죤형),11136,116,6,16.08,16.08,0,사통형,293.65,293.52,289.6,055-940-5515
4888010117,경남,거창.함양,오계,경상남도 거창군 남상면 오계리,1953-01-01,1953-12-31,2,보조수원,3,0.41,0.4,6,1,20,필댐(죤형),13543,165,5.7,9.52,9.52,0,사통형,264.1,264,260.78,055-940-5515
4888010133,경남,거창.함양,말랑들,경상남도 거창군 남하면 지산리,1947-01-01,1947-12-31,2,보조수원,4,0.49,0.49,8,1,20,필댐(죤형),18146,165,7.1,8.02,8.02,0,사통형,284,283.9,281.53,055-940-5515
4888010134,경남,거창.함양,천동,경상남도 거창군 남하면 지산리,1950-01-01,1950-12-31,2,보조수원,2,0.25,0.24,5,1,20,필댐(죤형),10353,145,6,2.49,2.49,0,사통형,247.67,247.6,245.9,055-940-5515
4888010135,경남,거창.함양,대천,경상남도 거창군 남하면 지산리,1955-01-01,1955-12-31,2,보조수원,6,0.28,0.24,7,1,20,필댐(죤형),6718,125,5,1.79,1.79,0,사통형,253.7,253.5,251.78,055-940-5515
4888010138,경남,거창.함양,당산,경상남도 거창군 남하면 지산리,1975-01-01,1975-12-31,2,보조수원,4,0.24,0.23,4,1,20,필댐(죤형),12464,95,8,4.17,4.17,0,사통형,263.9,263.8,260.87,055-940-5515
4888010139,경남,거창.함양,지산,경상남도 거창군 남하면 지산리,1985-10-14,1989-11-30,1,주수원,341,9.76,9.17,95,10,200,필댐(죤형),298005,180,25.5,717.82,637.67,80.15,사통형,304.57,303,292,055-940-5515
4888010147,경남,거창.함양,이인,경상남도 거창군 남상면 대산리,1945-01-01,1945-12-31,2,보조수원,7,0.41,0.41,5.5,1,20,필댐(죤형),3606,70,4.6,7.27,7.27,0,사통형,208.7,208.62,205.9,055-940-5515
4888010159,경남,거창.함양,광성,경상남도 거창군 가조면 기리,1950-01-01,1950-12-31,2,보조수원,7,0.43,0.4,8,1,20,필댐(죤형),6474,132,4.5,9.64,9.64,0,사통형,303.7,303.43,299.5,055-940-5515
4888010161,경남,거창.함양,음기1호,경상남도 거창군 가조면 기리,1968-01-01,1968-12-31,2,보조수원,22,0.58,0.51,8,1,20,필댐(죤형),9150,150,6,9.41,9.41,0,사통형,289.2,289.1,285.56,055-940-5515
4888010163,경남,거창.함양,제동,경상남도 거창군 가조면 석강리,1946-01-01,1946-12-31,2,보조수원,8,0.51,0.5,15,1,20,필댐(죤형),5125,100,5,4.09,4.09,0,사통형,288.5,288.4,286.98,055-940-5515
4888010164,경남,거창.함양,생초,경상남도 거창군 가조면 석강리,1951-01-01,1951-12-31,2,보조수원,19,0.24,0.23,7,1,20,필댐(죤형),5751,107,5,4.42,4.42,0,사통형,337,336.92,333.9,055-940-5515
4888010166,경남,거창.함양,부산,경상남도 거창군 가조면 일부리,1945-01-01,1945-12-31,2,보조수원,12,0.93,0.89,15,1,20,필댐(죤형),13500,225,5,12.36,12.36,0,사통형,290.15,290.1,287.97,055-940-5515
4888010167,경남,거창.함양,녹동,경상남도 거창군 가조면 일부리,1945-01-01,1945-12-31,2,보조수원,20,0.35,0.33,7,1,20,필댐(죤형),4480,80,5,5.33,5.33,0,사통형,304.72,304.6,301.84,055-940-5515
4888010168,경남,거창.함양,초정,경상남도 거창군 가조면 일부리,1945-01-01,1945-12-31,2,보조수원,15,0.4,0.37,18,1,20,필댐(죤형),10125,180,5,8.63,8.63,0,사통형,304.8,304.56,300.83,055-940-5515
4888010170,경남,거창.함양,모덕,경상남도 거창군 가조면 장기리,1950-01-01,1950-12-31,2,보조수원,40,0.25,0.25,0,1,20,필댐(죤형),4300,80,5,3.02,3.02,0,사통형,338.8,338.7,336.9,055-940-5515
4888010171,경남,거창.함양,일부,경상남도 거창군 가조면 일부리,1957-01-01,1957-12-31,2,보조수원,8,0.59,0.58,18,1,20,필댐(죤형),13024,255,4.5,8.95,8.95,0,사통형,288.1,288,285.4,055-940-5515
4888010172,경남,거창.함양,수월,경상남도 거창군 가조면 수월리,1945-01-01,1945-12-31,2,보조수원,74,1.32,1.3,20,1,20,필댐(죤형),53550,450,7,21.63,21.63,0,사통형,308.9,308.8,306.65,055-940-5515
4888010173,경남,거창.함양,대방,경상남도 거창군 가조면 일부리,1950-01-01,1950-12-31,2,보조수원,25,0.84,0.78,10,1,20,필댐(죤형),5952,80,6.2,16.84,16.84,0,사통형,298.6,298.4,294.77,055-940-5515
4888010175,경남,거창.함양,학당,경상남도 거창군 가조면 동례리,1967-01-01,1967-12-31,2,보조수원,145,0.44,0.43,10,1,20,필댐(죤형),7425,165,5,8.96,8.96,0,사통형,297.5,297.2,294.39,055-940-5515
4888010183,경남,거창.함양,가북,경상남도 거창군 가북면 박암리,1972-11-11,1982-12-20,1,주수원,3450,62.1,57.2,1034.2,10,200,필댐(죤형),262115,167,49,7984.5,7979,5.5,취수탑형,443,440.8,407,055-940-5515
4888010184,경남,거창.함양,고척,경상남도 거창군 남상면 전척리,1994-12-13,1999-12-20,2,주수원,97,1.77,1.66,24,10,100,필댐(죤형),201487,124,24.8,123.1,123.09,0.01,사통형,383.75,382.75,366.39,055-940-5515
4888010185,경남,거창.함양,금천,경상남도 거창군 남하면 지산리,1963-01-01,1963-12-31,2,보조수원,10,0.5,0.26,10,3,20,필댐(죤형),9160,74,7.8,3.1,3.1,0,사통형,286.4,286.1,282.98,055-940-5515
4888010186,경남,거창.함양,상천,경상남도 거창군 위천면 상천리,1995-07-11,2001-12-20,1,주수원,454,10.96,10.74,104.4,10,200,필댐(죤형),1475669,446,35.7,1211.16,1191.06,20.1,사통형,450,449.2,431,055-940-5515
4888010187,경남,거창.함양,거창,경상남도 거창군 고제면 농산리,1996-04-30,2008-08-21,1,주수원,2120,38.35,35.62,936,10,200,필댐(죤형),603000,236,45.5,4867,4285,582,취수탑형,393.5,391.5,365,055-940-5515
4888010189,경남,거창.함양,진목,경상남도 거창군 남상면 둔동리,2005-12-09,2012-12-20,1,주수원,184,5.1,5.49,82.9,10,200,필댐(죤형),510896,245,42.15,564,537,27,사통형,350.7,349.7,331.1,055-940-5515
4888010330,경남,거창.함양,신원,경상남도 거창군 신원면 덕산리,2010-09-09,2017-12-29,1,주수원,410,15.6,15,0,10,200,필댐(죤형),0,152,35,1722.3,1722.3,0,취수탑형,478,477,455,055-940-5515
4889010056,경남,합천,죽전,경상남도 합천군 가야면 대전리,1982-12-05,1988-01-01,1,주수원,1320,22.77,19.99,296.4,10,200,필댐(죤형),631061,360,47.65,3997.4,3986.7,10.7,취수탑형,346,344,307,055-930-8159
4889010060,경남,합천,구미2,경상남도 합천군 가야면 구미리,1944-02-06,1945-01-01,2,보조수원,12,0.4,0.4,7,7,200,필댐(죤형),3833.2,74,5.73,5.9,5.9,0,사통형,301.82,301.52,299.18,055-930-8159
4889010061,경남,합천,성터,경상남도 합천군 가야면 매안리,1944-02-05,1945-01-01,2,보조수원,17,1.5,1.5,10,7,200,필댐(죤형),6366,162,4.46,10.1,10.1,0,사통형,232.9,232.6,230.26,055-930-8159
4889010062,경남,합천,매화1,경상남도 합천군 가야면 매화리,1944-01-01,1945-01-01,2,보조수원,32,1,1,12,7,200,필댐(죤형),7702.8,183,3.94,8.3,8.3,0,사통형,228.02,227.72,225.85,055-930-8159
4889010063,경남,합천,매화2,경상남도 합천군 가야면 매화리,1945-01-01,1947-01-01,2,보조수원,29,2.9,2.9,10,7,200,필댐(죤형),4135.5,134,4.05,9.5,9.5,0,사통형,205.88,205.58,203.71,055-930-8159
4889010064,경남,합천,이천,경상남도 합천군 가야면 이천리,1944-01-01,1945-01-01,2,보조수원,8,1,1,7,7,200,필댐(죤형),2983,118,3.3,2.8,2.8,0,사통형,226.6,226.2,224.5,055-930-8159
4889010065,경남,합천,황산,경상남도 합천군 가야면 황산리,1982-12-01,1988-01-01,2,주수원,218,2.2,2.2,28,10,200,필댐(죤형),21978,185,41.91,125.2,125.2,0,사통형,407.68,406.88,392.08,055-930-8159
4889010085,경남,합천,토개,경상남도 합천군 율곡면 갑산리,1944-02-03,1945-01-01,2,보조수원,50,0.5,0.5,4,7,200,필댐(죤형),1349,58,3,22.6,22.6,0,사통형,21.79,21.49,16.11,055-930-8159
4889010105,경남,합천,대동1,경상남도 합천군 초계면 중리,1944-03-28,1945-01-01,2,보조수원,80,0.6,0.6,3,7,200,필댐(죤형),4830,115,3,22.7,22.7,0,사통형,31.34,31.04,27.77,055-930-8159
4889010107,경남,합천,하남1,경상남도 합천군 초계면 상대리,1944-02-01,1945-01-01,2,보조수원,23,0.4,0.4,2,7,200,필댐(죤형),4459,98,3.89,7.7,7.7,0,사통형,57.74,57.44,54.76,055-930-8159
4889010108,경남,합천,하남2,경상남도 합천군 초계면 상대리,1944-02-01,1945-01-01,2,보조수원,27,0.5,0.5,3,7,200,필댐(죤형),4235,110,3,5.3,5.3,0,사통형,88.7,88.4,86.31,055-930-8159
4889010110,경남,합천,무릉4,경상남도 합천군 초계면 상대리,1944-03-05,1945-01-01,2,보조수원,35,0.5,0.5,2,3,200,필댐(죤형),1852.2,98,7.82,8.1,8.1,0,사통형,129.36,129.06,123.91,055-930-8159
4889010111,경남,합천,새못,경상남도 합천군 초계면 대동리,1944-02-01,1945-01-01,2,보조수원,5,0.8,0.8,5,7,200,필댐(죤형),11970,190,3.75,56.6,56.6,0,사통형,30.17,29.67,27.07,055-930-8159
4889010112,경남,합천,각곡,경상남도 합천군 초계면 원당리,1944-02-29,1945-01-01,2,보조수원,40,0.6,0.6,2.5,7,200,필댐(죤형),4095,130,4.26,9.1,9.1,0,사통형,61.44,61.14,59.17,055-930-8159
4889010113,경남,합천,원당1,경상남도 합천군 초계면 원당리,1944-02-01,1945-01-01,2,보조수원,139,0.9,0.9,32,7,200,필댐(죤형),8000,150,12.6,53.7,53.7,0,사통형,99,98.2,91,055-930-8159
4889010115,경남,합천,원당2,경상남도 합천군 초계면 원당리,1963-02-01,1964-01-01,2,보조수원,9,0.3,0.3,3.3,7,200,필댐(죤형),1386,30,3,2.3,2.3,0,사통형,71.22,70.72,68.6,055-930-8159
4889010116,경남,합천,원당3,경상남도 합천군 초계면 원당리,1963-02-01,1964-01-01,2,보조수원,50,0.3,0.3,3.4,7,200,필댐(죤형),9737,130,7.78,15,15,0,사통형,135.14,134.64,129.03,055-930-8159
4889010117,경남,합천,대평2,경상남도 합천군 초계면 대평리,1944-02-01,1945-01-01,2,보조수원,20,0.5,0.5,2,7,200,필댐(죤형),1817,87,3,1,1,0,사통형,37.5,37.2,35.72,055-930-8159
4889010118,경남,합천,유하1,경상남도 합천군 초계면 유하리,1944-02-01,1945-01-01,2,보조수원,30,0.6,0.6,1.5,7,200,필댐(죤형),2205,90,3,5.8,5.8,0,사통형,43.16,42.66,41.47,055-930-8159
4889010119,경남,합천,유하2,경상남도 합천군 초계면 유하리,1944-02-01,1945-01-01,2,보조수원,35,0.6,0.6,1.5,7,200,필댐(죤형),3220,115,3,3.2,3.2,0,사통형,48.25,47.95,46.95,055-930-8159
4889010120,경남,합천,유하3,경상남도 합천군 초계면 상대리,1944-02-01,1945-01-01,2,보조수원,25,0.5,0.5,2,7,200,필댐(죤형),3780,120,3.7,7.5,7.5,0,사통형,48.84,48.54,46.91,055-930-8159
4889010121,경남,합천,유하,경상남도 합천군 초계면 유하리,1944-02-01,1945-01-01,2,보조수원,30,0.4,0.4,4,7,200,필댐(죤형),6125,150,3.58,6.1,6.1,0,사통형,55.59,55.29,53.84,055-930-8159
4889010122,경남,합천,신촌2,경상남도 합천군 초계면 신촌리,1945-01-01,1946-01-01,2,보조수원,50,0.3,0.3,4,7,200,필댐(죤형),1195,128,4.78,11.3,11.3,0,사통형,133.9,133.4,126.99,055-930-8159
4889010123,경남,합천,신촌,경상남도 합천군 초계면 신촌리,2009-09-23,2022-12-20,2,주수원,221,5.3,5,543.9,10,200,필댐(죤형),479490,288,31.29,519.5,518.3,1.2,취수탑형,141.8,140.6,121,055-930-8159
4889010129,경남,합천,상신,경상남도 합천군 쌍책면 상신리,1987-12-20,1995-01-01,1,주수원,180,8.8,8.1,87.9,10,200,필댐(죤형),21445.2,138,25.9,837.3,837.3,0,사통형,58.2,57.2,36.76,055-930-8159
4889010135,경남,합천,상포,경상남도 합천군 쌍책면 상포리,1944-02-11,1945-01-01,2,보조수원,11,0.6,0.6,2,7,200,필댐(죤형),1386,55,4.1,5.8,5.8,0,사통형,22.7,22.4,19.94,055-930-8159
4889010141,경남,합천,오서,경상남도 합천군 쌍책면 오서리,1944-02-11,1945-01-01,2,보조수원,23,0.3,0.3,3.5,7,200,필댐(죤형),602.6,53,3.79,5.7,5.7,0,사통형,25.7,25.4,23.2,055-930-8159
4889010142,경남,합천,제촌,경상남도 합천군 쌍책면 오서리,1944-02-11,1945-01-01,2,보조수원,16,0.4,0.4,2,7,200,필댐(죤형),4200,150,3.26,4.4,4.4,0,사통형,15,14.6,11.78,055-930-8159
4889010149,경남,합천,율원,경상남도 합천군 덕곡면 율원리,1982-02-01,1997-01-01,1,주수원,140,8.84,8.54,79.1,10,200,필댐(죤형),28355.6,164,22.53,503.4,503.4,0,사통형,77.54,76.54,56.14,055-930-8159
4889010155,경남,합천,두곡2,경상남도 합천군 청덕면 두곡리,1944-02-01,1945-01-01,2,보조수원,21,0.6,0.6,2,7,200,필댐(죤형),1023.1,87,3.92,8.3,8.3,0,사통형,39.26,38.96,35.46,055-930-8159
4889010156,경남,합천,두곡,경상남도 합천군 청덕면 두곡리,1956-02-01,1961-01-01,2,주수원,75,1.6,1.6,24.8,7,200,필댐(죤형),1386,175,13.26,67.2,67.2,0,사통형,61.03,60.43,52.26,055-930-8159
4889010157,경남,합천,송기,경상남도 합천군 청덕면 두곡리,1965-02-01,1967-01-01,2,주수원,31,1.8,1.6,9.8,10,200,필댐(죤형),2777.6,124,11.45,64.5,64.5,0,사통형,51,50,43.45,055-930-8159
4889010161,경남,합천,성태,경상남도 합천군 청덕면 성태리,1944-02-01,1945-01-01,2,보조수원,25,0.9,0.9,5,7,200,필댐(죤형),3028.2,103,3,11.6,11.6,0,사통형,19.54,18.74,15.91,055-930-8159
4889010162,경남,합천,화동,경상남도 합천군 청덕면 성태리,1956-07-17,1961-12-10,2,주수원,104,2.3,2.3,24.4,10,200,필댐(죤형),36746,131,12.8,101.9,101.9,0,사통형,98.9,98.1,90,055-930-8159
4889010170,경남,합천,말미,경상남도 합천군 적중면 옥두리,1944-02-01,1945-01-01,2,보조수원,35,0.5,0.5,3,10,200,필댐(죤형),10591,178,3,3.9,3.9,0,사통형,46.77,46.47,44.3,055-930-8159
4889010171,경남,합천,황정,경상남도 합천군 적중면 황정리,1944-02-01,1945-01-01,2,보조수원,18,0.5,0.5,3,7,200,필댐(죤형),9135,90,6.12,28.7,28.7,0,사통형,59.4,59,54.9,055-930-8159
4889010172,경남,합천,지다리,경상남도 합천군 적중면 상부리,1944-02-01,1945-01-01,2,보조수원,75,1.2,1.2,14,7,200,필댐(죤형),11550,275,7.23,51.2,51.2,0,사통형,54.58,54.08,50.3,055-930-8159
4889010173,경남,합천,황정숲1,경상남도 합천군 적중면 황정리,1944-02-01,1945-01-01,2,보조수원,8,0.4,0.4,3,7,200,필댐(죤형),1260,50,3.1,11.8,10.8,1,사통형,45.9,45.6,43.45,055-930-8159
4889010174,경남,합천,황정숲2,경상남도 합천군 적중면 황정리,1944-02-01,1945-01-01,2,보조수원,74,0.3,0.3,2.6,7,200,필댐(죤형),3276,120,3,4.1,4.1,0,사통형,50.21,49.91,48.2,055-930-8159
4889010175,경남,합천,상정토,경상남도 합천군 적중면 정토리,1944-02-01,1945-01-01,2,보조수원,27,0.4,0.4,12,7,200,필댐(죤형),2520,80,5.9,8.6,8.6,0,사통형,84.4,84.1,81.15,055-930-8159
4889010176,경남,합천,중정토,경상남도 합천군 적중면 정토리,1944-02-01,1945-01-01,2,보조수원,27,0.4,0.4,12,7,200,필댐(죤형),2520,70,4.19,7.2,7.2,0,사통형,70.81,70.11,68.36,055-930-8159
4889010179,경남,합천,당산,경상남도 합천군 적중면 옥두리,1944-02-29,1945-01-01,2,보조수원,70,0.7,0.7,3,7,200,필댐(죤형),3325,95,3,9.3,9.3,0,사통형,26.8,26.3,22.98,055-930-8159
4889010180,경남,합천,부수,경상남도 합천군 적중면 부수리,1944-02-01,1945-01-01,2,보조수원,30,0.7,0.7,3,7,200,필댐(죤형),6468,120,3.34,7.3,7.3,0,사통형,26.23,25.93,24.26,055-930-8159
4889010181,경남,합천,월막,경상남도 합천군 적중면 부수리,1944-01-01,1945-01-01,2,보조수원,65,0.4,0.4,3,7,200,필댐(죤형),3150,75,3.06,4.4,4.4,0,사통형,32.32,32,29.83,055-930-8159
4889010182,경남,합천,명곡2,경상남도 합천군 적중면 누하리,1944-01-01,1945-01-01,2,보조수원,31,0.4,0.4,4,10,200,필댐(죤형),193887,115,4.43,15.3,15.3,0,사통형,83.3,83,79.97,055-930-8159
4889010183,경남,합천,골안,경상남도 합천군 적중면 누하리,1944-02-29,1945-01-01,2,보조수원,69,0.6,0.6,18,7,200,필댐(죤형),495.6,59,10.03,12.7,12.7,0,사통형,118.59,117.79,112.96,055-930-8159
4889010184,경남,합천,박남,경상남도 합천군 적중면 누하리,1944-01-01,1945-01-01,2,보조수원,69,0.4,0.4,1.5,7,200,필댐(죤형),3080,60,4.25,6.1,6.1,0,사통형,62.81,62.51,60.18,055-930-8159
4889010185,경남,합천,명곡,경상남도 합천군 적중면 누하리,1981-04-16,1983-01-01,1,주수원,230,6,5.7,61.3,10,200,필댐(죤형),193887,204,26.08,570.6,570.6,0,사통형,118.82,118.02,99.92,055-930-8159
4889010186,경남,합천,상부1,경상남도 합천군 적중면 상부리,1944-01-01,1945-01-01,2,보조수원,20,0.6,0.6,2.5,7,200,필댐(죤형),3080,110,3.03,18.6,18.6,0,사통형,31.33,31.03,28.42,055-930-8159
4889010187,경남,합천,상부2,경상남도 합천군 적중면 상부리,1944-01-01,1945-01-01,2,보조수원,17,0.5,0.5,2,7,200,필댐(죤형),2744,98,3.9,19.8,19.8,0,사통형,34.44,34.14,31.67,055-930-8159
4889010189,경남,합천,중부2,경상남도 합천군 적중면 황정리,1944-01-01,1945-01-01,2,보조수원,20,0.7,0.7,3.5,7,200,필댐(죤형),3307.5,105,3.8,7.1,7.1,0,사통형,30.72,30.32,28.59,055-930-8159
4889010190,경남,합천,양림1,경상남도 합천군 적중면 양림리,1944-01-01,1945-01-01,2,보조수원,25,0.5,0.5,3,7,200,필댐(죤형),3622.5,115,3.24,8.7,8.7,0,사통형,40.16,39.76,37.63,055-930-8159
4889010191,경남,합천,양림2,경상남도 합천군 적중면 양림리,1944-01-01,1945-01-01,2,보조수원,21,0.5,0.5,2,7,200,필댐(죤형),3620,113,3,1.5,1.5,0,사통형,49.4,49.1,48.31,055-930-8159
4889010192,경남,합천,북조기,경상남도 합천군 적중면 두방리,1944-01-01,1945-01-01,2,보조수원,44,0.4,0.4,6,10,200,필댐(죤형),4455.5,95,5.65,24.2,24.2,0,사통형,54.39,54.09,50.46,055-930-8159
4889010193,경남,합천,황말,경상남도 합천군 적중면 두방리,1944-01-01,1945-01-01,2,보조수원,139,0.6,0.6,27.5,10,200,필댐(죤형),12740,260,8.7,39.1,39.1,0,취수탑형,84.53,84.13,78.56,055-930-8159
4889010201,경남,합천,무곡2,경상남도 합천군 대양면 무곡리,1944-01-01,1945-01-01,2,보조수원,18,0.4,0.4,3,7,200,필댐(죤형),145138,75,4.36,7.9,7.9,0,사통형,53.4,53.1,50.9,055-930-8159
4889010202,경남,합천,무곡,경상남도 합천군 대양면 무곡리,1945-01-01,1949-01-01,1,주수원,333,7,6.6,80.7,7,200,필댐(죤형),145138,284,13,349.2,349.2,0,사통형,83.8,82.6,74.27,055-930-8159
4889010217,경남,합천,상촌,경상남도 합천군 대양면 백암리,2004-12-20,2007-12-20,2,주수원,185,0.7,0.7,18.3,10,200,필댐(죤형),1349,170,16,115.4,115.4,0,사통형,195.13,194.33,187.39,055-930-8159
4889010240,경남,합천,백역,경상남도 합천군 쌍백면 운곡리,1998-01-01,2003-12-31,1,주수원,624,11.5,10.95,115,10,200,필댐(죤형),94000,196,16.2,535,462,73,사통형,127.62,126.62,116.91,055-930-8159
4889010261,경남,합천,신평,경상남도 합천군 삼가면 어전리,1944-01-01,1945-01-01,2,보조수원,75,0.8,0.8,5,7,200,필댐(죤형),6125,125,4.52,24.4,24.4,0,사통형,119.5,119,115.8,055-930-8159
4889010285,경남,합천,가회,경상남도 합천군 가회면 중촌리,1986-01-01,1996-01-01,1,주수원,900,16.47,16.47,247.2,10,200,필댐(죤형),165.6,227,36.8,1923.9,1923.9,0,취수탑형,291.64,290.64,264.58,055-930-8159
4889010331,경남,합천,율곡,경상남도 합천군 율곡면 노양리,1991-12-01,1998-12-01,1,주수원,190,5.9,5.7,71.1,10,200,필댐(죤형),78424.5,192,25.3,595.6,595.6,0,사통형,133.7,132.9,110,055-930-8159
4889010332,경남,합천,장계,경상남도 합천군 합천읍 장계리,1991-12-20,2008-02-28,1,주수원,1400,32.14,26.5,349.3,10,200,필댐(죤형),154400,139,33,2728.1,2681.2,46.9,취수탑형,134.5,132.7,110,055-930-8159
4889010333,경남,합천,마당,경상남도 합천군 쌍백면 백역리,1997-12-30,2010-12-20,2,주수원,28,0.97,10.95,8.4,10,200,필댐(죤형),12742,64,10.2,34.8,30,4.8,사통형,188.1,187.5,182,055-930-8159
4889010334,경남,합천,하허,경상남도 합천군 쌍백면 백역리,1997-12-30,2010-12-20,2,주수원,37,0.82,0.7,4.3,10,200,필댐(죤형),16286,67,13.1,25.5,22.5,3,사통형,187.8,187,182,055-930-8159
4889010335,경남,합천,대현,경상남도 합천군 쌍백면 대현리,1997-12-30,2010-12-20,1,주수원,155,6,5.53,57.2,10,200,필댐(죤형),133600,175,24,431.8,414.3,17.5,사통형,186,185.2,171,055-930-8159
4889010336,경남,합천,중촌,경상남도 합천군 쌍백면 평지리,1997-12-30,2010-12-20,1,주수원,205,8,7.6,60.9,10,200,필댐(죤형),155400,179,18,522.6,506.3,16.3,사통형,142,141.2,130,055-930-8159
4889010337,경남,합천,한실,경상남도 합천군 쌍백면 대곡리,1997-12-30,2010-12-20,2,주수원,98,4.3,4,44,10,200,필댐(죤형),97200,202,18,285.8,278.6,7.2,사통형,197,196.2,183,055-930-8159
4889010338,경남,합천,묵동,경상남도 합천군 쌍백면 육리,1997-12-30,2010-12-20,2,주수원,76.2,4,3.66,22.3,10,200,필댐(죤형),95000,124,17,250.3,235.4,14.9,사통형,145.5,144.7,135,055-930-8159
4889010339,경남,합천,대암,경상남도 합천군 율곡면 본천리,2001-11-06,2012-12-20,1,주수원,127,4.36,4.15,51,10,200,필댐(죤형),337958,168,39.5,558.1,491,67.1,사통형,155.6,154.6,132,055-930-8159
4889010340,경남,합천,큰골,경상남도 합천군 율곡면 영전리,2001-11-06,2012-12-20,2,주수원,113,2.15,2.03,26,10,200,필댐(죤형),146932,140,27.45,189.4,154,35.4,사통형,120.6,119.6,107,055-930-8159
4889010604,경남,합천,가봉,경상남도 합천군 덕곡면 본곡리,1945-01-01,1945-01-01,2,보조수원,21,0.3,0.3,2.5,0,50,필댐(죤형),0,137,5,7.3,6.9,0.4,사통형,101.7,101.2,97.1,055-930-8159
4889010605,경남,합천,대동,경상남도 합천군 덕곡면 본곡리,1945-01-01,1945-01-01,2,보조수원,28,0.6,0.5,2.7,0,50,필댐(죤형),0,239,6,8.4,8,0.4,사통형,95.8,95.3,91.5,055-930-8159
4889010606,경남,합천,박곡,경상남도 합천군 쌍책면 상신리,1946-01-01,1946-01-01,2,주수원,108,0.6,0.5,4.5,10,50,필댐(죤형),0,80,9,11.7,11.2,0.5,사통형,100.7,99.8,93.8,055-930-8159
4889010607,경남,합천,불동,경상남도 합천군 가회면 오도리,1945-01-01,1945-01-01,2,보조수원,26,0.8,0.7,4.3,0,50,필댐(죤형),0,9.3,12,10.2,9.7,0.5,사통형,148.2,147.7,137.7,055-930-8159
4889010608,경남,합천,비기,경상남도 합천군 가회면 월계리,1945-01-01,1945-01-01,2,주수원,88,1.1,1,5.1,10,50,필댐(죤형),0,162,13,9.8,9.4,0.4,사통형,215.9,215.4,207.4,055-930-8159
4889010609,경남,합천,안불,경상남도 합천군 가회면 오도리,1945-01-01,1945-01-01,2,보조수원,22,0.4,0.5,3.2,0,50,필댐(죤형),0,92,11,8.7,8.3,0.4,사통형,196.5,196,188,055-930-8159
4889010610,경남,합천,함방,경상남도 합천군 가회면 덕촌리,1945-01-01,1945-01-01,2,보조수원,30,1.4,1.3,2.9,0,50,필댐(죤형),0,121,5,7.7,7.5,0.2,사통형,111.3,110.8,106.8,055-930-8159
4889010613,경남,합천,이계,경상남도 합천군 대양면 대목리,1969-01-01,1969-01-01,2,보조수원,65,0.6,0.6,4.1,0,50,필댐(죤형),0,132,7,10.4,10,0.4,사통형,102.2,101.4,97.7,055-930-8159
4889010614,경남,합천,연동,경상남도 합천군 가회면 덕촌리,1945-01-01,1945-01-01,2,보조수원,21,0.5,0.4,3.1,0,50,필댐(죤형),6,81,7,6.3,6.1,0.2,사통형,185.9,185.4,180.4,055-930-8159
4889010621,경남,합천,황계,경상남도 합천군 용주면 황계리,2003-09-24,2018-02-20,1,주수원,680,8.6,8.04,0,10,200,필댐(코어형),228149,187,38.7,952.7,807.7,145,취수탑형,195.5,194.2,174,055-930-8159
4889010622,경남,합천,양리,경상남도 합천군 가회면 둔내리,2003-09-24,2018-02-20,1,주수원,414,10.83,10.3,0,10,200,필댐(죤형),272359,160,39.7,965,831,134,취수탑형,353.5,352.7,334,055-930-8159
4971010001,제주,본부직할,광령,제주특별자치도 제주시 애월읍 광령리,1953-05-20,1954-11-30,2,보조수원,525,4.2,4.4,0,10,10,필댐(죤형),0,300,5.1,76,51,25,사통형,77.7,76.7,74,064-750-8819
4971010002,제주,본부직할,수산,제주특별자치도 제주시 애월읍 수산리,1957-03-20,1960-10-13,1,보조수원,1750,12.2,11.2,69,10,10,필댐(죤형),0,420,13.3,724,681,43,사통형,51.52,50.9,43.6,064-750-8819
4971010003,제주,본부직할,용수,제주특별자치도 제주시 한경면 용수리,1956-03-13,1957-04-30,1,보조수원,328.7,13.2,11.8,126.4,10,10,필댐(균일형),0,596,4.5,335,253,82,사통형,24.8,24.1,21,064-750-8819
5011010004,제주,본부직할,상대,제주특별자치도 제주시 한림읍 상대리,2005-12-01,2018-12-31,1,주수원,0,7.4,7.4,670,10,0,필댐(표면차수벽형),0,1219,10,522,500,22,취수탑형,184,183.5,175.5,064-750-8819
5011010005,제주,본부직할,지향,제주특별자치도 제주시 한림읍 상대리,2005-12-30,2018-12-31,2,주수원,0,2.8,2.8,488,10,0,필댐(표면차수벽형),0,704,8,151,136,15,기타,90,89.5,83.5,064-750-8819
5011010006,제주,본부직할,동명,제주특별자치도 제주시 한림읍 동명리,2005-12-30,2018-12-31,2,주수원,0,0.3,0.3,0,10,0,필댐(표면차수벽형),0,426,3,7,6,1,기타,3,3,1,064-750-8819
5011010007,제주,본부직할,함덕,제주특별자치도 제주시 조천읍 함덕리,2011-10-13,2021-12-31,2,주수원,48,1.8,1.7,0,10,0,필댐(표면차수벽형),0,132,5.5,80,58,22,기타,9.5,8.5,4,064-750-8819
5011010008,제주,본부직할,송당,제주특별자치도 제주시 구좌읍 송당리,2011-10-13,2021-12-31,1,주수원,1860,12,10.8,0,10,0,필댐(표면차수벽형),0,555,14,849,784,65,기타,139,137,128,064-750-8819
5013010001,제주,본부직할,성읍,제주특별자치도 서귀포시 표선면 성읍리,2003-12-29,2016-12-31,1,주수원,9937,25.7,24.4,0,10,200,필댐(표면차수벽형),0,2343,8.7,1250,1050,200,취수탑형,169.3,168,163.4,064-750-8819
5013010003,제주,본부직할,무릉,제주특별자치도 서귀포시 대정읍 무릉리,2016-01-01,2023-12-29,1,주수원,4.8,4.8,4.5,0,0,0,,0,144,11,302,298,4,기타,37.5,37.2,27.5,064-750-8819
