#START7777
#2345678901234567890123456789012345678901234567890123456789012345678901234567890123456789012345678901234567890123456789012345678901234567890123456789012345678901234567890123456789012345678901234567890123456789012345678901234567890123456789012345678901234567890123456789012345678901234567890123456789012345678901234567890123
# YYMMDD STN   WS    WR  WD   WS   WS  WD   WS   WS    TA    TA   TA    TA   TA    TD    TS    TG    HM    HM   HM    PV  EV_S  EV_L    FG     PA     PS     PS   PS     PS   PS   CA   SS   SS   SS    SI    SI   SI     RN     RN    RN     RN   RN     RN   RN     RN   RN     SD   SD     SD   SD    TE    TE    TE    TE    TE
#    KST  ID  AVG   DAY MAX  MAX  MAX INS  INS  INS   AVG   MAX  MAX   MIN  MIN   AVG   AVG   MIN   AVG   MIN  MIN   AVG               DUR    AVG    AVG    MAX  MAX    MIN  MIN  TOT  DAY  DUR  CMB   DAY   60M  60M    DAY    D99   DUR    60M  60M    10M  10M    POW  POW    NEW  NEW    MAX  MAX     5    10    15    30    50
#             m/s     m  16  m/s   TM  16  m/s   TM     C     C   TM     C   TM     C     C     C     %     %   TM   hPa    mm    mm    hr    hPa    hPa    hPa   TM    hPa   TM    %   hr   hr   hr         MAX   TM     mm     mm    hr     mm   TM     mm   TM     mm   TM     cm   TM     cm   TM     C     C     C     C     C
20260820  90  1.3  1085   2  2.6 1232  36  4.7  150  25.2  27.5 1043  23.1  526  22.9  27.9  22.9  87.5  73.0 1044  28.0   3.0   2.1 -9.00 1011.8 1013.8 1014.8 1003 1012.8 1631  9.5  0.9 13.5 -9.0 12.56  2.25 1200   -9.0   -9.0 -9.00   -9.0   -9   -9.0   -9   -9.0   -9   -9.0   -9   -9.0   -9 -99.0 -99.0 -99.0 -99.0 -99.0
20260820  93  0.5   403  16  1.7 1537  16  2.9 1532  25.0  29.3 1313  21.7  453  23.0  26.6  22.7  89.6  68.0 1302  28.1   2.8   2.0 -9.00 1003.4 1014.4 1015.8  918 1013.0 1809  9.5  2.1 13.5 -9.0 11.45  2.48 1100    0.0    0.4  4.17    0.0   -9    0.0   -9   -9.0   -9   -9.0   -9   -9.0   -9  28.2  27.8  26.3  22.2  19.2
20260820  95  0.8   662  25  2.2 1229  25  4.6 1222  25.1  29.8 1202  21.5  534  22.7  27.3  21.7  88.3  58.0 1205  27.6   2.9   2.1 -9.00  996.6 1014.3 1015.6  830 1013.0 1800  9.4  2.6 13.5 -9.0 11.65  2.52 1100    0.0    1.4 -9.00    0.0   -9    0.0   -9   -9.0   -9   -9.0   -9   -9.0   -9 -99.0 -99.0 -99.0 -99.0 -99.0
20260820  98  0.5   458  18  2.1 1051  18  4.9 1049  25.6  30.0 1155  22.2  600  21.0  28.5  23.0  76.6  54.0 1144  24.9   3.0   2.1 -9.00 1000.6 1013.8 1014.9  854 1012.5 1831  9.3  1.8 13.5 -9.0 11.77  2.38 1000    0.2   -9.0 -9.00    0.2   -9    0.2   -9   -9.0   -9   -9.0   -9   -9.0   -9 -99.0 -99.0 -99.0 -99.0 -99.0
20260820  99  0.4   357  27  1.5 1022  29  3.3 1020  25.2  29.7 1136  22.2  443  23.0  28.3  22.6  88.6  64.0 1140  28.1   2.6   1.8 -9.00 1010.9 1014.4 1015.5  845 1013.2 1826  9.8  1.6 13.5 -9.0 11.32  1.79 1100    0.3   -9.0 -9.00    0.3 1336    0.2   -9   -9.0   -9   -9.0   -9   -9.0   -9 -99.0 -99.0 -99.0 -99.0 -99.0
20260820 100  1.0   896  27  3.1 1559  34  5.3 1309  21.9  27.6 1204  17.7  553  19.5  23.0  16.7  87.8  63.0 1202  22.8   2.7   1.9 -9.00  928.6 1014.1 1016.2  639 1012.3 1554  9.0  1.7 13.5 -9.0 11.30  2.38 1100    1.3   -9.0 -9.00    0.9 2203    0.7 2233   -9.0   -9   -9.0   -9   -9.0   -9 -99.0 -99.0 -99.0 -99.0 -99.0
20260820 101  1.0   856  29  2.4  156  32  3.9  152  25.2  29.7 1239  22.2  406  22.3  26.4  21.5  85.0  60.0 1248  27.0   2.9   2.0 -9.00 1004.6 1013.2 1014.8  920 1011.8 1828  9.6  0.9 13.5 -9.0 10.86  2.42 1100    0.1    0.2 -9.00    0.1   -9    0.1   -9   -9.0   -9   -9.0   -9   -9.0   -9  27.9  26.2  24.6  19.9  16.3
20260820 102  2.1  1824  16  5.7 1136  14  8.6 1023  24.7  26.8 1637  23.5  529  23.1  27.8  23.5  90.9  82.0 1202  28.2   2.1   1.5 -9.00 1008.6 1012.7 1014.1 1122 1011.6 1732  9.1  0.2 13.5 -9.0  8.60  1.28 1100    0.1   -9.0  7.33    0.1   -9    0.1   -9   -9.0   -9   -9.0   -9   -9.0   -9 -99.0 -99.0 -99.0 -99.0 -99.0
20260820 104  0.5   434   5  2.3 1330  36  3.7 1334  25.0  29.1 1228  21.9  535  23.0  26.8  21.3  88.9  79.0  400  28.1   1.4   1.0 -9.00 1004.3 1012.9 1014.0  648 1012.2 1640  9.1 -9.0 13.5 -9.0 -9.00  1.72 1100    0.1    0.1  3.50    0.1   -9    0.1   -9   -9.0   -9   -9.0   -9   -9.0   -9  26.1  24.3  23.0  18.8  14.2
20260820 105  1.3  1109  25  2.9  304  25  5.5  308  26.0  28.9 1242  24.2  636  21.3  26.5  22.6  76.3  66.0 1151  25.4   2.5   1.7 -9.00 1010.7 1013.8 1015.0  918 1012.8 1844  9.1  0.3 13.5 -9.0  9.18  1.86 1200    0.1   -9.0 -9.00    0.1   -9    0.1   -9   -9.0   -9   -9.0   -9   -9.0   -9  27.4  25.4  24.9  20.3  16.8
20260820 106  1.4  1196   2  3.0 1306   2  4.5 1446  25.3  29.2 1214  23.5  635  22.3  26.7  21.3  84.6  66.0 1155  27.0   2.9   2.0 -9.00 1009.4 1014.0 1015.2  913 1013.0 1852  9.3  1.4 13.5 -9.0 10.99  2.55 1100    0.5   -9.0 -9.00    0.5 1434    0.3 1524   -9.0   -9   -9.0   -9   -9.0   -9 -99.0 -99.0 -99.0 -99.0 -99.0
20260820 108  1.6  1379   2  2.7 1753  36  4.1 1850  26.0  28.0 1208  24.0  613  21.9  25.6  20.5  79.0  68.0 1132  26.4   2.3   1.6 -9.00 1004.1 1013.9 1015.0  836 1012.5 1835  9.6  0.1 13.5 -9.0  6.88  1.01  900    1.8    2.1  6.00    1.5 1252    0.8 1313   -9.0   -9   -9.0   -9   -9.0   -9  27.6  26.4  25.8  20.9  16.3
20260820 112  1.2   995  23  2.8 1144  18  4.9 1002  26.6  27.8 1659  25.5  558  24.0  27.3  21.9  85.9  78.0 1007  29.8   2.0   1.4 -9.00 1005.8 1013.6 1014.9 1141 1012.3 1826  9.6  0.0 13.5 -9.0  7.60  1.13 1500    0.7    1.0  7.08    0.7 1245    0.3 1245   -9.0   -9   -9.0   -9   -9.0   -9  26.7  25.7  24.0  20.0  15.8
20260820 114  1.1   953  29  2.6 1242  36  4.3 1426  26.3  29.2 1501  23.9  328  22.6  28.4  23.4  81.0  64.0 1530  27.4   2.6   1.8 -9.00  996.6 1013.6 1015.0  920 1012.2 1804  9.3  0.1 13.5 -9.0  9.74  1.43 1100    0.0   -9.0 -9.00    0.0   -9    0.0   -9   -9.0   -9   -9.0   -9   -9.0   -9 -99.0 -99.0 -99.0 -99.0 -99.0
20260820 115  1.2  1056  20  2.7 1146  23  4.5  404  26.8  29.1 1149  25.3  441  24.6  28.4  23.5  88.3  83.0 1418  31.0   3.1   2.2  1.50  988.7 1013.6 1014.7  748 1012.6 1609  9.1  1.8 13.5 -9.0 11.94  2.21 1100   23.6    0.2  5.98   20.1  350   12.6  407   -9.0   -9   -9.0   -9   -9.0   -9  24.6  22.8  21.4  15.0 -99.0
20260820 119  1.0   859  14  2.3  918  14  4.6  902  26.2  28.3 1805  24.0  308  22.9  27.7  23.2  82.5  72.0 1652  27.8   2.0   1.4 -9.00 1008.9 1013.5 1014.8  842 1012.0 1827  9.3  0.2 13.4 -9.0  7.33  1.03 1300    0.2    2.3  4.22    0.2   -9    0.1   -9   -9.0   -9   -9.0   -9   -9.0   -9  27.3  25.9  24.4  19.4  16.1
20260820 121  0.8   654  29  3.6 1445  29  7.9 1438  24.5  30.6 1411  22.5  412  22.9  25.4  22.0  91.6  61.0 1245  28.0   3.0   2.1 -9.00  987.2 1014.5 1016.1  917 1013.0 1409  8.9  0.6 13.4 -9.0 11.88  2.22 1200   11.7   -9.0 -9.00   11.7 1411    7.1 1448   -9.0   -9   -9.0   -9   -9.0   -9 -99.0 -99.0 -99.0 -99.0 -99.0
20260820 127  0.7   613  34  2.8 1506  34  4.5 1532  26.3  30.0 1451  23.3  409  23.4  28.3  23.5  84.8  68.0 1355  28.8   3.1   2.1 -9.00  999.9 1013.0 1014.6  843 1011.5 1809  9.0  0.7 13.4 -9.0 12.14  1.90 1000    0.2   -9.0 -9.00    0.1   -9    0.1   -9   -9.0   -9   -9.0   -9   -9.0   -9 -99.0 -99.0 -99.0 -99.0 -99.0
20260820 129  0.8   704   5  2.4 1738  32  4.0 1606  26.0  29.2 1605  24.3  517  24.1  27.8  23.0  90.0  69.0 1509  30.0   2.2   1.5 -9.00 1010.9 1013.8 1015.2  832 1012.3 1832  9.1  0.7 13.4 -9.0  8.91  1.31 1500    0.6    7.0 -9.00    0.4  950    0.2   -9   -9.0   -9   -9.0   -9   -9.0   -9  27.3  25.9  24.3  19.6  16.7
20260820 130  0.9   756   5  2.4 1314   5  3.8 1129  25.7  28.8 1259  23.8 2351  24.0  28.2  23.5  91.1  71.0  950  29.8  -9.0  -9.0 -9.00 1008.4 1014.0 1015.1 1016 1013.1 1859  8.8  1.4 13.4 -9.0 -9.00 -9.00   -9    2.8   -9.0 -9.00    1.4   34    1.3  121   -9.0   -9   -9.0   -9   -9.0   -9 -99.0 -99.0 -99.0 -99.0 -99.0
20260820 131  1.3  1089   5  2.9 1848   5  5.7 1716  28.1  31.3 1501  25.7  731  23.1  29.3  25.5  75.0  55.0 1635  28.3   3.8   2.6 -9.00 1006.5 1013.1 1014.8  837 1011.6 1836  8.8  1.6 13.4 -9.0 12.44  2.00 1300    0.4    0.8  4.88    0.4  557    0.3  607   -9.0   -9   -9.0   -9   -9.0   -9 -99.0 -99.0 -99.0 -99.0 -99.0
20260820 133  0.9   784  29  2.9 1242  16  5.6 2327  27.7  31.4 1611  25.0  548  24.0  29.6  24.9  80.9  62.0 1616  29.8   3.7   2.6 -9.00 1005.9 1013.6 1015.1  839 1012.0 1826  9.0  2.8 13.4 -9.0 14.04  1.80 1200    0.5    0.2  3.83    0.4  524    0.2   -9   -9.0   -9   -9.0   -9   -9.0   -9  29.1  27.8  26.2  22.1  18.1
20260820 135  0.9   777   5  3.8 1701   5  5.3 1654  26.0  31.3 1627  22.3  316  22.9  29.0  22.6  84.1  55.0 1603  27.9   4.2   2.9 -9.00  985.7 1013.3 1014.8  908 1011.3 1623  8.8  4.5 13.4 -9.0 17.19  2.57 1300    0.0   -9.0 -9.00    0.0   -9    0.0   -9   -9.0   -9   -9.0   -9   -9.0   -9 -99.0 -99.0 -99.0 -99.0 -99.0
20260820 136  0.9   756  32  2.9 1513  32  5.5 1506  27.4  31.3 1457  24.1  442  23.6  31.7  23.7  81.0  66.0 1237  29.2   3.7   2.6 -9.00  998.3 1014.3 1015.9  923 1012.9 1531  8.8  1.6 13.4 -9.0 13.40  2.13 1100   -9.0    0.0 -9.00   -9.0   -9   -9.0   -9   -9.0   -9   -9.0   -9   -9.0   -9 -99.0 -99.0 -99.0 -99.0 -99.0
20260820 137  0.5   448  23  2.4   10   2  4.5 1420  27.1  31.9 1412  24.1  522  24.3  29.5  23.2  85.3  65.0 1410  30.3   3.8   2.7 -9.00 1001.8 1012.7 1014.4  911 1011.1 1631  8.9  3.1 13.4 -9.0 15.37  2.09 1500   -9.0   -9.0 -9.00   -9.0   -9   -9.0   -9   -9.0   -9   -9.0   -9   -9.0   -9 -99.0 -99.0 -99.0 -99.0 -99.0
20260820 138  2.0  1707   5  4.3 1616   5  6.3 1546  27.5  30.9 1111  25.7 2348  22.5  29.3  23.8  74.9  64.0 1519  27.3   4.5   3.2 -9.00 1012.6 1013.1 1014.1  648 1012.2 1523  7.9  5.1 13.4 -9.0 17.19  2.86 1000    0.1    0.1  0.27    0.1   -9    0.1   -9   -9.0   -9   -9.0   -9   -9.0   -9  25.8  23.7  22.6  19.2  16.9
20260820 140  1.2  1047  34  2.9 1429  34  4.5 1421  27.5  31.7 1551  24.8  606  24.9  29.0  23.4  86.5  66.0 1546  31.5  -9.0  -9.0 -9.00 1010.9 1014.0 1015.9  836 1012.5 1729  8.1  3.7 13.4 -9.0 -9.00 -9.00   -9    0.0   -9.0 -9.00    0.0   -9    0.0   -9   -9.0   -9   -9.0   -9   -9.0   -9 -99.0 -99.0 -99.0 -99.0 -99.0
20260820 143  1.0   865  11  3.8 2115  14  6.1 2111  28.4  33.9 1630  24.9  324  23.0  30.4  24.2  74.6  48.0 1640  28.2   5.1   3.6 -9.00 1006.4 1012.6 1014.1  616 1010.6 1544  8.0  4.9 13.4 -9.0 17.35  2.54 1000    0.0   -9.0  0.75    0.0   -9    0.0   -9   -9.0   -9   -9.0   -9   -9.0   -9 -99.0 -99.0 -99.0 -99.0 -99.0
20260820 146  1.7  1505  27  3.7 1558  20  5.9 2028  28.7  33.6 1450  25.1  546  23.2  29.9  23.8  73.6  52.0 1446  28.5   4.9   3.4 -9.00 1006.4 1013.2 1015.0  902 1011.4 1647  7.9  4.5 13.4 -9.0 16.65  2.52 1100   -9.0    0.0 -9.00   -9.0   -9   -9.0   -9   -9.0   -9   -9.0   -9   -9.0   -9 -99.0 -99.0 -99.0 -99.0 -99.0
20260820 152  1.2  1051   9  2.8 1700  18  5.1 1313  27.3  32.5 1137  23.9  520  23.6  31.6  23.0  82.0  53.0 1313  29.2   5.2   3.7 -9.00 1003.7 1012.9 1014.1  644 1011.5 1526  7.3  8.7 13.4 -9.0 20.29  2.86 1000    3.6   -9.0  1.58    3.4 1355    2.5 1414   -9.0   -9   -9.0   -9   -9.0   -9 -99.0 -99.0 -99.0 -99.0 -99.0
20260820 155  1.5  1293  14  3.4 1328  18  5.7 1320  28.6  33.2 1318  24.5  356  24.5  30.8  23.6  80.1  56.0 1235  30.8   6.5   4.5 -9.00 1009.3 1013.3 1014.7  819 1011.6 1601  6.0 10.2 13.3 -9.0 23.54  3.26 1200   -9.0   -9.0 -9.00   -9.0   -9   -9.0   -9   -9.0   -9   -9.0   -9   -9.0   -9 -99.0 -99.0 -99.0 -99.0 -99.0
20260820 156  1.4  1215   5  4.9 1730   2  9.9 1727  27.0  35.1 1456  23.9  529  23.8  32.3  22.7  84.6  56.0 1441  29.5   4.5   3.2 -9.00 1005.3 1013.3 1014.6    1 1011.0 1533  7.4  5.6 13.3 -9.0 17.34  2.50 1100   28.1   -9.0  1.08   28.1 1725   12.1 1800   -9.0   -9   -9.0   -9   -9.0   -9 -99.0 -99.0 -99.0 -99.0 -99.0
20260820 159  2.4  2075  23  6.6 1227  23  8.6 1230  28.8  32.3 1420  25.5  410  23.6  29.7  21.6  74.4  56.0 1615  29.1  -9.0  -9.0 -9.00 1005.0 1012.9 1014.0  800 1011.3 1611  5.3 10.7 13.3 -9.0 -9.00 -9.00   -9   -9.0   -9.0 -9.00   -9.0   -9   -9.0   -9   -9.0   -9   -9.0   -9   -9.0   -9  27.0  26.6  25.8  20.4  18.7
20260820 162  1.6  1350  18  4.0 1220  20  6.3 1352  27.8  31.8 1347  24.4  536  24.2  30.0  23.1  82.0  59.0 1621  30.2   6.4   4.5 -9.00 1009.1 1012.6 1014.0  855 1010.9 1557  4.5  9.7 13.3 -9.0 23.65  3.13 1300   -9.0   -9.0 -9.00   -9.0   -9   -9.0   -9   -9.0   -9   -9.0   -9   -9.0   -9 -99.0 -99.0 -99.0 -99.0 -99.0
20260820 165  2.4  2053  20  4.8 1553  25  8.0 1548  28.3  33.0 1400  25.2  604  24.2  30.0  24.2  79.6  61.0 1421  30.2   5.9   4.1 -9.00 1008.2 1013.3 1014.7  807 1011.9 1526  6.4  6.8 13.3 -9.0 20.99  3.39 1200    0.0    0.0  0.27    0.0   -9    0.0   -9   -9.0   -9   -9.0   -9   -9.0   -9  28.2  25.7  25.0  21.6  18.1
20260820 168  1.9  1678   9  5.4  720   9  7.2  717  28.4  32.4 1514  25.3  536  24.3  34.0  25.0  79.8  58.0 1515  30.4   6.7   4.7 -9.00 1006.2 1013.7 1015.1  858 1012.2 1613  5.0 10.9 13.3 -9.0 24.59  3.34 1200   -9.0   -9.0 -9.00   -9.0   -9   -9.0   -9   -9.0   -9   -9.0   -9   -9.0   -9  28.8  27.0  25.7  20.4  17.4
20260820 169  3.4  2947  14  5.0 1016  16  7.7 1117  26.5  30.8 1606  24.3  605  24.4  28.3  24.6  88.6  71.0 1556  30.5   5.3   3.7  3.13 1004.6 1013.1 1014.4  827 1011.9 1632  8.3  6.0 13.3 -9.0 19.70  2.91 1100   -9.0   -9.0 -9.00   -9.0   -9   -9.0   -9   -9.0   -9   -9.0   -9   -9.0   -9 -99.0 -99.0 -99.0 -99.0 -99.0
20260820 170  2.2  1905  14  4.7 1456  18  7.0 1503  28.4  33.1 1350  25.3   15  25.0  30.1  24.7  83.1  61.0 1356  31.8   6.2   4.3 -9.00 1009.5 1013.5 1015.1  935 1012.3 1623  4.6  7.1 13.3 -9.0 21.46  3.41 1200   -9.0   -9.0 -9.00   -9.0   -9   -9.0   -9   -9.0   -9   -9.0   -9   -9.0   -9 -99.0 -99.0 -99.0 -99.0 -99.0
20260820 172  1.6  1376  27  4.4 1550  29  6.3 1449  27.7  33.5 1413  23.8  524  24.9  29.4  23.1  86.6  60.0 1358  31.5   5.4   3.8 -9.00 1007.1 1013.0 1014.4  826 1011.4 1630  7.5  7.4 13.3 -9.0 21.07  2.93 1000   -9.0   -9.0 -9.00   -9.0   -9   -9.0   -9   -9.0   -9   -9.0   -9   -9.0   -9 -99.0 -99.0 -99.0 -99.0 -99.0
20260820 174  1.0   907  18  3.4 1558  18  6.1 1245  26.7  33.2 1426  22.9  546  22.3  32.7  22.7  78.5  54.0 1404  27.0  -9.0  -9.0 -9.00  993.3 1011.9 1013.5  740 1009.8 1548  6.3  8.3 13.3 -9.0 -9.00 -9.00   -9   -9.0   -9.0 -9.00   -9.0   -9   -9.0   -9   -9.0   -9   -9.0   -9   -9.0   -9 -99.0 -99.0 -99.0 -99.0 -99.0
20260820 177  1.0   873   5  3.1 1747   5  4.1 1745  26.3  30.0 1608  24.5  537  24.2  27.6  23.9  88.6  75.0 1535  30.2   2.4   1.7 -9.00 1009.1 1012.3 1013.9  935 1010.8 1825  9.5  0.7 13.4 -9.0  9.50  1.41 1300    2.7    5.1  8.83    1.3  349    0.4  354   -9.0   -9   -9.0   -9   -9.0   -9 -99.0 -99.0 -99.0 -99.0 -99.0
20260820 181  1.0   860  36  2.9 1437   2  3.7 1415  26.0  29.7 1627  23.5  353  23.2  28.8  24.1  85.6  64.0 1629  28.4   3.4   2.4 -9.00 1009.9 1013.8 1015.4  832 1012.3 1826  9.1  1.5 13.4 -9.0 13.17  1.91 1300    0.6   -9.0 -9.00    0.5  600    0.2   -9   -9.0   -9   -9.0   -9   -9.0   -9 -99.0 -99.0 -99.0 -99.0 -99.0
20260820 184  2.5  2124  11  5.0 1136  11  8.8 1122  29.8  34.0 1210  26.1  354  23.0  31.6  24.3  67.8  51.0 1512  28.1   6.0   4.2 -9.00 1009.6 1011.9 1013.3    1 1010.1 1600  3.4  6.7 13.3 -9.0 15.67  2.87 1100   -9.0    0.0 -9.00   -9.0   -9   -9.0   -9   -9.0   -9   -9.0   -9   -9.0   -9  29.8  28.4  28.0  25.1  19.6
20260820 185  4.5  3866  11  7.3 1232  11 11.8 1116  28.1  31.5 1235  24.6   35  24.6  30.0  25.5  82.0  68.0 1021  30.9   7.4   5.2 -9.00 1004.1 1012.2 1013.7    1 1010.8 1552  4.8  9.6 13.3 -9.0 23.65  3.29 1200   -9.0   -9.0 -9.00   -9.0   -9   -9.0   -9   -9.0   -9   -9.0   -9   -9.0   -9 -99.0 -99.0 -99.0 -99.0 -99.0
20260820 188  2.6  2214  11  5.2  710  11  7.4  701  28.5  31.4 1311  25.1    1  25.7  29.5  25.8  85.6  73.0 1304  33.1  -9.0  -9.0 -9.00 1011.1 1013.4 1014.6  837 1012.2 1820  5.0  7.4 13.3 -9.0 -9.00 -9.00   -9   -9.0   -9.0 -9.00   -9.0   -9   -9.0   -9   -9.0   -9   -9.0   -9   -9.0   -9 -99.0 -99.0 -99.0 -99.0 -99.0
20260820 189  1.8  1565   7  3.8  806   9  6.6  942  29.2  32.2 1451  26.9   10  25.3  31.0  25.5  79.9  70.0 1349  32.2   6.0   4.2 -9.00 1007.3 1013.1 1014.4    8 1012.0 1626  6.1  6.4 13.2 -9.0 20.82  3.23 1300   -9.0    0.0 -9.00   -9.0   -9   -9.0   -9   -9.0   -9   -9.0   -9   -9.0   -9 -99.0 -99.0 -99.0 -99.0 -99.0
20260820 192  0.6   511  18  2.1 1523  27  4.5 1439  27.5  33.5 1400  23.7  547  24.2  30.6  23.8  83.9  60.0 1329  30.2   5.9   4.1 -9.00 1010.1 1013.5 1015.1  833 1011.6 1548  6.8  8.7 13.3 -9.0 22.24  3.28 1200   -9.0   -9.0 -9.00   -9.0   -9   -9.0   -9   -9.0   -9   -9.0   -9   -9.0   -9 -99.0 -99.0 -99.0 -99.0 -99.0
20260820 201  0.8   725  27  2.3 1136  25  3.5 1214  24.9  28.0 1113  21.7  118  23.3  26.8  19.9  91.0  70.0 1110  28.6  -9.0  -9.0 -9.00 1009.0 1014.5 1015.9  953 1013.4 1806  9.8  0.0 13.5 -9.0 -9.00 -9.00   -9    0.9   -9.0 -9.00    0.7 1308    0.2   -9   -9.0   -9   -9.0   -9   -9.0   -9 -99.0 -99.0 -99.0 -99.0 -99.0
20260820 202  0.6   561  20  1.7 1036  27  2.7 1448  25.4  27.8 1147  23.5  522  23.1  27.8  23.0  87.6  72.0 1626  28.2  -9.0  -9.0 -9.00 1008.8 1014.2 1015.7  913 1013.0 1812  9.9  0.0 13.5 -9.0 -9.00 -9.00   -9    3.9   -9.0 -9.00    3.9 1237    1.7 1321   -9.0   -9   -9.0   -9   -9.0   -9 -99.0 -99.0 -99.0 -99.0 -99.0
20260820 203  0.4   313  34  1.3 1353  32  2.5 1350  25.6  28.1 1427  23.6  443  24.3  27.8  24.5  92.8  82.0 1421  30.3  -9.0  -9.0 -9.00 1005.3 1014.5 1015.9  904 1013.2 1821  9.3  0.0 13.4 -9.0 -9.00 -9.00   -9    0.3   -9.0 -9.00    0.1   -9    0.1   -9   -9.0   -9   -9.0   -9   -9.0   -9 -99.0 -99.0 -99.0 -99.0 -99.0
20260820 211  0.9   748   2  2.3  749   2  4.1  743  23.9  29.2 1223  20.7   18  21.0  25.6  18.5  85.1  56.0 1301  25.0  -9.0  -9.0 -9.00  991.1 1014.1 1015.6  643 1012.6 1622  9.3  0.7 13.5 -9.0 -9.00 -9.00   -9    0.0   -9.0 -9.00    0.0   -9    0.0   -9   -9.0   -9   -9.0   -9   -9.0   -9 -99.0 -99.0 -99.0 -99.0 -99.0
20260820 212  0.6   491  11  1.6  727  11  3.2  649  24.6  27.5 1338  22.1  543  22.0  25.5  21.5  86.1  70.0 1156  26.5  -9.0  -9.0 -9.00  998.6 1014.6 1016.3  934 1013.1 1821  9.9  0.1 13.5 -9.0 -9.00 -9.00   -9    0.4   -9.0 -9.00    0.4 1413    0.2   -9   -9.0   -9   -9.0   -9   -9.0   -9 -99.0 -99.0 -99.0 -99.0 -99.0
20260820 216  0.7   646   2  2.0 1522   9  3.7 1519  23.0  28.8 1256  20.1  553  20.0  24.9  20.6  84.6  58.0 1257  23.5   2.9   2.0 -9.00  935.0 1014.0 1015.9  649 1011.8 1409  9.4  0.8 13.4 -9.0 10.50  2.40 1200    0.5   -9.0 -9.00    0.5 1525    0.4 1615   -9.0   -9   -9.0   -9   -9.0   -9 -99.0 -99.0 -99.0 -99.0 -99.0
20260820 217  0.8   664  36  1.7 1308  32  3.4  755  24.2  31.9 1303  21.4  344  22.2  26.7  22.2  89.5  56.0 1305  26.8  -9.0  -9.0 -9.00  979.3 1014.5 1016.1  640 1012.6 1845  9.0  1.0 13.5 -9.0 -9.00 -9.00   -9    3.7   -9.0 -9.00    2.5 1416    1.2 1446   -9.0   -9   -9.0   -9   -9.0   -9 -99.0 -99.0 -99.0 -99.0 -99.0
20260820 221  0.7   613  27  2.9 1427  29  5.1 1424  24.5  28.9 1219  21.5  405  22.4  27.1  21.8  89.1  66.0 1232  27.1  -9.0  -9.0 -9.00  984.0 1014.0 1015.7  912 1012.6 1634  9.4  0.4 13.4 -9.0 -9.00 -9.00   -9    0.0   -9.0 -9.00    0.0   -9    0.0   -9   -9.0   -9   -9.0   -9   -9.0   -9 -99.0 -99.0 -99.0 -99.0 -99.0
20260820 226  0.6   483  16  1.9  722  36  4.1 1651  26.2  30.1 1539  23.6  339  24.1  28.8  22.2  89.4  67.0 1520  30.0  -9.0  -9.0 -9.00  994.4 1013.8 1015.4  834 1012.1 1631  9.4  2.8 13.4 -9.0 -9.00 -9.00   -9    2.8   -9.0 -9.00    2.4 1237    2.1 1240   -9.0   -9   -9.0   -9   -9.0   -9 -99.0 -99.0 -99.0 -99.0 -99.0
20260820 232  0.6   510   2  2.3 1840   5  3.6 1843  25.7  29.8 1650  23.4  610  24.6  29.3  23.6  94.3  69.0 1622  31.0  -9.0  -9.0 -9.00 1004.7 1014.4 1015.9  919 1012.8 1901  9.1  0.7 13.4 -9.0 -9.00 -9.00   -9    1.1   -9.0 -9.00    0.6  534    0.3 1116   -9.0   -9   -9.0   -9   -9.0   -9 -99.0 -99.0 -99.0 -99.0 -99.0
20260820 235  1.4  1203  36  2.6 1511  36  4.8 1502  27.0  31.6 1515  24.6  528  24.4  29.4  24.3  86.1  66.0 1542  30.6   3.2   2.3 -9.00 1011.7 1012.8 1014.5  935 1011.2 1806  9.1  1.9 13.4 -9.0 11.96  2.10 1400    7.0   -9.0 -9.00    4.3  430    1.1  439   -9.0   -9   -9.0   -9   -9.0   -9 -99.0 -99.0 -99.0 -99.0 -99.0
20260820 236  0.4   342  32  2.0 1430  32  4.0 1427  26.9  31.4 1534  24.3  519  24.5  29.8  24.6  88.0  65.0 1532  30.8  -9.0  -9.0 -9.00 1012.3 1013.8 1015.3  817 1012.2 1822  8.9  2.5 13.4 -9.0 -9.00 -9.00   -9    3.9   -9.0 -9.00    2.2  427    0.6  447   -9.0   -9   -9.0   -9   -9.0   -9 -99.0 -99.0 -99.0 -99.0 -99.0
20260820 238  0.6   553  16  3.0 2209  16  5.4 2156  26.8  32.3 1512  23.7  621  23.9  28.6  23.6  85.8  57.0 1533  29.6  -9.0  -9.0 -9.00  994.0 1013.2 1014.8  844 1011.2 1555  8.6  3.7 13.4 -9.0 -9.00 -9.00   -9    2.4   -9.0 -9.00    1.5 2223    1.3 2224   -9.0   -9   -9.0   -9   -9.0   -9 -99.0 -99.0 -99.0 -99.0 -99.0
20260820 239  1.0   836  34  2.4 1423  34  4.7 1631  26.5  30.8 1626  24.3  528  24.2  29.7  24.7  88.3  64.0 1611  30.2   3.3   2.3 -9.00 1002.9 1013.1 1014.7  851 1011.3 1628  9.0  1.4 13.4 -9.0 13.05  1.69 1300    1.5   -9.0 -9.00    1.1  517    0.4  557   -9.0   -9   -9.0   -9   -9.0   -9 -99.0 -99.0 -99.0 -99.0 -99.0
20260820 243  1.0   862   2  2.4 1545  32  4.8 1501  27.7  32.8 1452  24.5  547  23.1  31.6  23.2  77.4  57.0 1341  28.2  -9.0  -9.0 -9.00 1012.2 1013.6 1015.2  840 1012.1 1833  7.8  4.7 13.4 -9.0 -9.00 -9.00   -9    0.0   -9.0 -9.00    0.0   -9    0.0   -9   -9.0   -9   -9.0   -9   -9.0   -9 -99.0 -99.0 -99.0 -99.0 -99.0
20260820 244  0.8   701  32  3.7 1856  32  6.9 1855  26.4  32.6 1510  22.1  445  22.6  30.1  22.2  81.9  52.0 1419  27.5  -9.0  -9.0 -9.00  985.5 1013.3 1014.9    1 1010.8 1557  7.4  6.8 13.4 -9.0 -9.00 -9.00   -9    0.3   -9.0 -9.00    0.3   -9    0.3 1959   -9.0   -9   -9.0   -9   -9.0   -9 -99.0 -99.0 -99.0 -99.0 -99.0
20260820 245  1.7  1451  14  5.7 1905  14  9.6 1938  27.4  33.2 1428  23.8  554  23.7  29.0  22.9  81.6  58.0 1656  29.3   5.3   3.7 -9.00 1005.4 1013.2 1014.6    1 1011.4 1646  7.4  6.6 13.4 -9.0 19.58  2.53 1300    0.6   -9.0 -9.00    0.6   -9    0.6 1931   -9.0   -9   -9.0   -9   -9.0   -9 -99.0 -99.0 -99.0 -99.0 -99.0
20260820 247  1.2  1051  23  4.7 1747  25  8.4 1738  26.4  33.2 1534  22.7  349  23.6  28.2  22.2  86.3  59.0 1403  29.1  -9.0  -9.0 -9.00  998.1 1013.3 1014.9  852 1010.8 1606  7.5  6.7 13.4 -9.0 -9.00 -9.00   -9    0.2   -9.0 -9.00    0.2   -9    0.2   -9   -9.0   -9   -9.0   -9   -9.0   -9 -99.0 -99.0 -99.0 -99.0 -99.0
20260820 248  0.9   770  23  3.9 1925  23  7.2 1922  25.7  31.4 1416  21.5  223  22.2  27.9  21.1  83.3  52.0 1539  26.7  -9.0  -9.0 -9.00  968.3 1013.7 1015.5    1 1011.0 1614  7.6  7.2 13.4 -9.0 -9.00 -9.00   -9   34.4   -9.0 -9.00   34.4 1919   10.9 1926   -9.0   -9   -9.0   -9   -9.0   -9 -99.0 -99.0 -99.0 -99.0 -99.0
20260820 251  1.3  1082   9  7.3 1854   9 10.1 1852  27.4  34.0 1414  23.3  609  24.5  29.0  23.3  85.9  60.0 1400  30.8   4.4   3.1 -9.00 1007.2 1012.9 1014.3    1 1011.1 1637  7.6  5.5 13.3 -9.0 16.89  2.36 1200    2.7   -9.0 -9.00    2.7 1810    1.5 1854   -9.0   -9   -9.0   -9   -9.0   -9 -99.0 -99.0 -99.0 -99.0 -99.0
20260820 252  0.9   808  34  2.6 1409  34  5.1 1409  27.3  32.0 1256  23.6  608  24.1  28.4  24.2  83.9  65.0 1337  30.0   4.9   3.4 -9.00 1008.8 1013.0 1014.4  838 1011.6 1619  7.4  6.4 13.3 -9.0 19.27  2.85 1100   -9.0   -9.0 -9.00   -9.0   -9   -9.0   -9   -9.0   -9   -9.0   -9   -9.0   -9 -99.0 -99.0 -99.0 -99.0 -99.0
20260820 254  1.1   925  16  5.1 1731  16 10.1 1723  26.1  34.3 1638  22.9 2321  22.8  29.1  22.8  84.8  52.0 1439  27.8   5.5   3.9 -9.00  999.2 1013.9 1015.5  843 1011.1 1624  7.6  5.8 13.4 -9.0 20.25  3.01 1000    5.4   -9.0 -9.00    3.6 1839    1.9 1916   -9.0   -9   -9.0   -9   -9.0   -9 -99.0 -99.0 -99.0 -99.0 -99.0
20260820 255  0.9   781  20  2.4 1401  18  4.9 1213  29.7  35.2 1453  25.2  608  24.2  30.2  23.1  74.3  53.0 1245  30.2   6.1   4.3 -9.00 1007.0 1012.7 1014.3  627 1010.6 1607  6.1  9.6 13.3 -9.0 21.33  2.89 1200   -9.0   -9.0 -9.00   -9.0   -9   -9.0   -9   -9.0   -9   -9.0   -9   -9.0   -9 -99.0 -99.0 -99.0 -99.0 -99.0
20260820 257  1.4  1199  20  3.8 1353  20  6.8 1254  29.7  35.3 1203  24.5  559  24.7  30.4  23.2  76.9  52.0 1204  31.1   6.4   4.5 -9.00 1012.4 1013.1 1014.7  641 1011.1 1602  5.9  9.5 13.3 -9.0 22.78  3.21 1100   -9.0   -9.0 -9.00   -9.0   -9   -9.0   -9   -9.0   -9   -9.0   -9   -9.0   -9 -99.0 -99.0 -99.0 -99.0 -99.0
20260820 258  1.5  1299  20  3.4 1417  20  4.2 1401  27.8  32.9 1343  24.0  359  24.2  30.8  22.8  82.8  61.0 1100  30.2   6.3   4.4 -9.00 1013.6 1013.8 1015.2  756 1012.1 1537  5.6  9.1 13.3 -9.0 23.75  3.33 1100   -9.0   -9.0 -9.00   -9.0   -9   -9.0   -9   -9.0   -9   -9.0   -9   -9.0   -9 -99.0 -99.0 -99.0 -99.0 -99.0
20260820 259  0.7   564  14  2.6 1449   9  3.8 1256  27.5  32.8 1457  23.9  450  24.5  30.2  25.0  85.5  64.0 1458  30.8   4.3   3.0 -9.00 1011.2 1013.0 1014.6  834 1011.7 1500  6.4  5.2 13.3 -9.0 16.47  2.32 1400   -9.0   -9.0 -9.00   -9.0   -9   -9.0   -9   -9.0   -9   -9.0   -9   -9.0   -9 -99.0 -99.0 -99.0 -99.0 -99.0
20260820 260  1.3  1106  16  3.9 1110  16  5.8 1512  27.0  31.7 1338  24.0  402  24.2  31.5  23.8  85.6  67.0 1512  30.3  -9.0  -9.0 -9.00 1008.2 1013.2 1014.7  836 1011.7 1519  6.5  7.7 13.3 -9.0 -9.00 -9.00   -9   -9.0   -9.0 -9.00   -9.0   -9   -9.0   -9   -9.0   -9   -9.0   -9   -9.0   -9 -99.0 -99.0 -99.0 -99.0 -99.0
20260820 261  1.9  1654  14  4.3 1025  16  6.5 1349  27.9  32.5 1329  24.3  340  25.1  29.5  23.3  85.5  69.0 1333  31.9  -9.0  -9.0 -9.00 1011.5 1013.4 1014.9  828 1012.1 1555  5.4  6.9 13.3 -9.0 -9.00 -9.00   -9   -9.0   -9.0 -9.00   -9.0   -9   -9.0   -9   -9.0   -9   -9.0   -9   -9.0   -9 -99.0 -99.0 -99.0 -99.0 -99.0
20260820 262  0.9   813  18  2.4 1432  18  4.6 1539  27.8  33.6 1405  23.5  406  23.4  29.5  25.5  79.1  60.0 1111  28.9   5.3   3.7 -9.00 1007.5 1013.4 1014.7  757 1011.9 1604  5.6  8.4 13.3 -9.0 19.95  2.97 1200   -9.0   -9.0 -9.00   -9.0   -9   -9.0   -9   -9.0   -9   -9.0   -9   -9.0   -9 -99.0 -99.0 -99.0 -99.0 -99.0
20260820 263  1.0   880  23  3.6 1350  23  5.5 1346  27.7  34.2 1512  23.1  554  24.0  31.7  22.8  82.6  53.0 1343  29.8   6.2   4.3 -9.00 1011.7 1013.3 1015.1  844 1011.2 1552  7.4  7.0 13.3 -9.0 22.05  3.13 1300   -9.0   -9.0 -9.00   -9.0   -9   -9.0   -9   -9.0   -9   -9.0   -9   -9.0   -9 -99.0 -99.0 -99.0 -99.0 -99.0
20260820 264  0.7   641  27  3.2 1403  29  4.8 1404  27.0  33.7 1539  23.1  238  24.3  29.6  23.1  86.9  58.0 1540  30.5   4.9   3.4 -9.00  996.5 1013.7 1015.3  559 1011.0 1621  8.4  5.2 13.4 -9.0 19.18  2.99 1100    8.0   -9.0 -9.00    7.5 1851    2.4 1940   -9.0   -9   -9.0   -9   -9.0   -9 -99.0 -99.0 -99.0 -99.0 -99.0
20260820 266  1.0   862  23  2.6 1229  25  4.8 1540  28.5  33.7 1205  24.1  351 -99.0  30.3  24.3  -9.0  57.0 1206  -9.0   5.5   3.8 -9.00 1003.8 1013.8 1015.3  758 1012.0 1618  5.9  8.6 13.3 -9.0 20.44  2.91 1000   -9.0   -9.0 -9.00   -9.0   -9   -9.0   -9   -9.0   -9   -9.0   -9   -9.0   -9 -99.0 -99.0 -99.0 -99.0 -99.0
20260820 268  1.2  1010  18  3.4  945  20  5.6  937  27.7  32.4 1257  23.7  449  24.1  29.0  23.1  82.4  61.0 1641  30.0  -9.0  -9.0 -9.00 1010.7 1011.8 1013.1  743 1010.5 1621  5.4  8.8 13.3 -9.0 -9.00 -9.00   -9   -9.0   -9.0 -9.00   -9.0   -9   -9.0   -9   -9.0   -9   -9.0   -9   -9.0   -9 -99.0 -99.0 -99.0 -99.0 -99.0
20260820 271  0.8   688  16  2.0 1708  23  4.3 1323  24.7  29.4 1235  22.2  548  22.4  26.6  21.2  87.9  60.0 1247  27.1  -9.0  -9.0 -9.00  977.7 1014.3 1015.6  649 1013.0 1741  9.3  1.3 13.4 -9.0 -9.00 -9.00   -9    0.4   -9.0 -9.00    0.4 1436    0.4 1526   -9.0   -9   -9.0   -9   -9.0   -9 -99.0 -99.0 -99.0 -99.0 -99.0
20260820 272  0.8   726  23  3.5 1408  23  6.3 1403  24.5  28.6 1125  22.2  535  23.6  27.1  22.0  95.5  70.0 1311  29.2  -9.0  -9.0 -9.00  990.0 1014.0 1015.3  927 1012.7 1827  9.0  0.3 13.4 -9.0 -9.00 -9.00   -9   16.5   -9.0 -9.00   16.5 1337    9.2 1358   -9.0   -9   -9.0   -9   -9.0   -9 -99.0 -99.0 -99.0 -99.0 -99.0
20260820 273  0.6   478  27  2.1 1321  27  4.1 1317  25.9  29.9 1631  23.3  430  24.8  28.0  22.1  94.6  72.0 1644  31.3  -9.0  -9.0 -9.00  993.6 1013.2 1014.7  843 1011.7 1618  9.1  2.6 13.4 -9.0 -9.00 -9.00   -9    8.5   -9.0 -9.00    8.5 1307    7.1 1317   -9.0   -9   -9.0   -9   -9.0   -9 -99.0 -99.0 -99.0 -99.0 -99.0
20260820 276  1.2  1052  14  3.8 1546  14  5.4 1546  26.3  31.5 1244  23.5 2312  24.1  28.5  22.8  89.5  66.0 1240  30.0   3.8   2.6 -9.00  989.6 1013.2 1014.6  646 1011.4 1530  9.0  1.7 13.4 -9.0 14.02  2.24 1100    0.4   -9.0 -9.00    0.4 1623    0.4 1637   -9.0   -9   -9.0   -9   -9.0   -9 -99.0 -99.0 -99.0 -99.0 -99.0
20260820 277  1.1   978   2  3.2 1109   2  5.9 1714  25.5  30.9 1232  22.5 2307  22.8  28.8  22.7  86.6  59.0 1233  27.8  -9.0  -9.0 -9.00 1009.2 1013.8 1014.7  719 1013.0  152  8.8  3.6 13.4 -9.0 -9.00 -9.00   -9    2.5   -9.0 -9.00    2.2 1327    1.8 1358   -9.0   -9   -9.0   -9   -9.0   -9 -99.0 -99.0 -99.0 -99.0 -99.0
20260820 278  0.7   627   5  2.6 1632  29  4.5 1509  27.6  32.5 1500  24.5  356  24.7  31.4  24.2  85.9  57.0 1512  31.1  -9.0  -9.0 -9.00 1003.3 1012.6 1014.1  930 1011.0 1537  8.5  1.7 13.4 -9.0 -9.00 -9.00   -9    0.3   -9.0 -9.00    0.3   -9    0.3   -9   -9.0   -9   -9.0   -9   -9.0   -9 -99.0 -99.0 -99.0 -99.0 -99.0
20260820 279  0.7   571   9  2.8 2255  11  5.0 2247  28.0  33.3 1633  24.6  522  23.9  30.0  17.2  79.8  56.0 1613  29.6   3.8   2.6 -9.00 1007.6 1013.2 1014.7  927 1011.5 1627  8.3  3.5 13.4 -9.0 13.68  2.01  900    0.5   -9.0 -9.00    0.5 2244    0.3 2257   -9.0   -9   -9.0   -9   -9.0   -9 -99.0 -99.0 -99.0 -99.0 -99.0
20260820 281  1.0   882   9  3.0 1650   9  5.7 1706  27.0  32.2 1209  23.6  334  23.3  28.5  23.2  82.3  59.0 1211  28.7  -9.0  -9.0 -9.00 1003.0 1013.9 1015.3  642 1012.3 1530  8.5  4.9 13.4 -9.0 -9.00 -9.00   -9   -9.0   -9.0 -9.00   -9.0   -9   -9.0   -9   -9.0   -9   -9.0   -9   -9.0   -9 -99.0 -99.0 -99.0 -99.0 -99.0
20260820 283  1.7  1453  36  5.3 1703  36  7.5 1656  27.3  32.8 1057  23.9  530  23.9  28.9  23.2  83.0  60.0 1154  29.7   4.5   3.1 -9.00 1009.2 1013.8 1015.0  637 1012.4 1505  8.3  4.7 13.4 -9.0 16.66  2.77 1100    1.6   -9.0 -9.00    1.3 2140    0.8 2204   -9.0   -9   -9.0   -9   -9.0   -9 -99.0 -99.0 -99.0 -99.0 -99.0
20260820 284  1.1   947  20  3.7 1905  27  5.8 1947  26.9  33.1 1336  23.1 2334  23.7  28.9  22.4  83.8  59.0 1307  29.4   5.1   3.5 -9.00  987.8 1013.5 1015.0  605 1010.8 1559  8.5  5.5 13.4 -9.0 18.53  2.70 1200    5.6   -9.0 -9.00    5.4 1927    3.3 1950   -9.0   -9   -9.0   -9   -9.0   -9 -99.0 -99.0 -99.0 -99.0 -99.0
20260820 285  0.6   548  36  1.7 1410  23  4.1 1915  27.9  34.2 1502  24.1  516  24.5  30.7  24.2  84.0  52.0 1504  30.7  -9.0  -9.0 -9.00 1010.5 1013.6 1015.1  806 1011.4 1611  8.3  6.1 13.4 -9.0 -9.00 -9.00   -9    2.2   -9.0 -9.00    1.9 1949    0.9 2009   -9.0   -9   -9.0   -9   -9.0   -9 -99.0 -99.0 -99.0 -99.0 -99.0
20260820 288  1.2  1058   7  3.4 1957   5  7.3 1952  28.7  36.0 1620  24.6  314  23.5  32.5  17.7  76.0  42.0 1403  29.0   6.6   4.6 -9.00 1010.8 1011.8 1013.4  635 1009.4 1621  7.3  8.3 13.4 -9.0 22.21  3.24 1200   -9.0   -9.0 -9.00   -9.0   -9   -9.0   -9   -9.0   -9   -9.0   -9   -9.0   -9 -99.0 -99.0 -99.0 -99.0 -99.0
20260820 289  0.7   584  27  3.1 1454  29  4.7 1448  26.4  33.9 1243  23.1  524  24.0  30.9  22.1  88.5  59.0 1245  29.8  -9.0  -9.0 -9.00  998.7 1014.4 1015.9  808 1012.1 1529  8.4  4.5 13.4 -9.0 -9.00 -9.00   -9    5.3   -9.0 -9.00    4.0 1814    1.4 1820   -9.0   -9   -9.0   -9   -9.0   -9 -99.0 -99.0 -99.0 -99.0 -99.0
20260820 294  0.8   672  23  2.3 1304  23  4.9 1314  27.9  32.6 1158  23.2  537  23.0  30.8  22.2  76.3  57.0 1200  28.0  -9.0  -9.0 -9.00 1009.1 1014.1 1015.5  828 1012.5 1610  5.4 10.2 13.3 -9.0 -9.00 -9.00   -9   -9.0   -9.0 -9.00   -9.0   -9   -9.0   -9   -9.0   -9   -9.0   -9   -9.0   -9 -99.0 -99.0 -99.0 -99.0 -99.0
20260820 295  0.9   784  20  2.6 1602  23  3.9 1235  27.6  32.8 1517  23.7  423  23.2  30.0  22.2  78.4  57.0 1519  28.5  -9.0  -9.0 -9.00 1008.4 1013.6 1015.2  843 1011.9 1623  6.5  7.0 13.3 -9.0 -9.00 -9.00   -9   -9.0   -9.0 -9.00   -9.0   -9   -9.0   -9   -9.0   -9   -9.0   -9   -9.0   -9 -99.0 -99.0 -99.0 -99.0 -99.0
20260820 296  1.5  1289  16  4.3 1219  18  7.1 1316  29.1  33.8 1124  24.1  407  24.8  30.4  21.7  79.3  52.0 1121  31.3   6.8   4.8 -9.00 1012.2 1012.5 1013.8  623 1010.7 1559  5.4 10.6 13.3 -9.0 24.42  3.20 1100   -9.0   -9.0 -9.00   -9.0   -9   -9.0   -9   -9.0   -9   -9.0   -9   -9.0   -9 -99.0 -99.0 -99.0 -99.0 -99.0
20260821  90  1.4  1243  14  5.0 1531  14  7.1 1523  24.9  26.7 1236  23.3  410  23.2  26.7  23.6  90.6  82.0 1223  28.4   2.3   1.6 -9.00 1010.3 1012.3 1013.5    1 1010.8 1604  9.5  0.0 13.5 -9.0  7.65  1.12 1200    0.5   -9.0 -9.00    0.3  744    0.2   -9   -9.0   -9   -9.0   -9   -9.0   -9 -99.0 -99.0 -99.0 -99.0 -99.0
20260821  93  0.4   325  27  1.9 1656  27  2.9 1656  24.7  27.9 1523  23.1  441  23.7  26.8  24.0  94.4  79.0 1605  29.2   1.7   1.2 -9.00 1001.8 1012.8 1014.0   24 1011.1 1459  9.9  0.0 13.4 -9.0  6.57  0.91 1300    1.0    0.9  3.83    0.6 1645    0.6 1654   -9.0   -9   -9.0   -9   -9.0   -9  28.0  27.7  26.2  22.2  19.2
20260821  95  0.6   516  23  2.3 1429  25  3.7 1424  24.0  26.6 1606  22.2  627  23.5  25.9  22.8  97.6  89.0 1409  29.0   1.6   1.1 -9.00  995.0 1012.8 1014.0  744 1011.3 1513  9.8  0.1 13.4 -9.0  6.01  0.80 1500    4.1    3.5 -9.00    2.3 1201    2.3 1248   -9.0   -9   -9.0   -9   -9.0   -9 -99.0 -99.0 -99.0 -99.0 -99.0
20260821  98  0.4   356  16  1.9 1546  16  4.2 1539  24.8  27.4 1520  23.0  540  21.6  26.9  23.4  83.3  73.0 1513  25.9   1.7   1.2 -9.00  998.8 1012.0 1013.3   20 1010.5 1509  9.9  0.0 13.4 -9.0  5.93  0.76 1200    0.9   -9.0 -9.00    0.4 1025    0.3 1110   -9.0   -9   -9.0   -9   -9.0   -9 -99.0 -99.0 -99.0 -99.0 -99.0
20260821  99  0.5   449   7  2.0 1232   5  3.4 1227  24.7  27.0 1650  23.3  508  23.9  26.8  23.7  96.1  83.0 1647  29.7   1.3   0.9 -9.00 1009.1 1012.6 1013.9   26 1011.2 1514 10.0  0.0 13.4 -9.0  5.04  0.82 1000    1.2   -9.0 -9.00    1.0 1219    0.5 1257   -9.0   -9   -9.0   -9   -9.0   -9 -99.0 -99.0 -99.0 -99.0 -99.0
20260821 100  1.0   863  23  3.1 2254  23  5.8 2251  21.3  25.0 1551  19.5  219  20.6  23.5  19.5  96.1  78.0 1559  24.4   1.9   1.3 -9.00  927.5 1013.0 1014.4    1 1010.4 1550 10.0  0.3 13.4 -9.0  7.77  1.12 1300   10.1   -9.0 -9.00    4.8 2211    2.0 2248   -9.0   -9   -9.0   -9   -9.0   -9 -99.0 -99.0 -99.0 -99.0 -99.0
20260821 101  0.7   591  32  2.6 1804  18  4.1 1656  24.9  27.8 1407  23.2  507  22.6  27.1  23.0  87.8  76.0 1417  27.5   1.8   1.3 -9.00 1003.0 1011.7 1012.9   24 1009.8 1502  9.9  0.0 13.4 -9.0  6.65  0.98 1300    0.1    0.5 -9.00    0.1   -9    0.1   -9   -9.0   -9   -9.0   -9   -9.0   -9  27.8  26.2  24.7  19.9  16.3
20260821 102  2.5  2144  14  4.6 1231  18  7.1 1255  24.4  26.1 1208  23.4  121  22.9  26.7  23.1  91.5  80.0 1215  27.9   2.1   1.5 -9.00 1006.7 1010.8 1012.1    1 1009.5 1714  9.5  0.5 13.4 -9.0  8.52  1.19 1400    0.7   -9.0  5.72    0.4 1211    0.4 1301   -9.0   -9   -9.0   -9   -9.0   -9 -99.0 -99.0 -99.0 -99.0 -99.0
20260821 104  0.9   770  16  3.5 2326  18  7.0 2147  24.2  26.5 1152  22.7  549  23.4  25.6  22.7  95.9  88.0 1126  28.9   1.9   1.3 -9.00 1003.2 1011.8 1012.9   11 1010.3 1604 10.0  0.1 13.4 -9.0  7.36  1.07 1000    6.8    8.8  9.20    4.4 2235    1.5 2318   -9.0   -9   -9.0   -9   -9.0   -9  26.6  25.1  23.9  19.7  16.4
20260821 105  0.9   814  20  2.9 2317  20  5.2 2311  25.1  26.7 1112  23.4 2356  22.9  26.5  23.6  87.9  81.0 1042  28.0   1.5   1.1 -9.00 1009.4 1012.5 1013.6    1 1010.9 1752 10.0 -9.0 13.4 -9.0 -9.00  0.92 1300    6.1   -9.0 -9.00    2.7 2238    1.5 2311   -9.0   -9   -9.0   -9   -9.0   -9  27.1  25.4  24.9  20.3  16.9
20260821 106  1.3  1139  32  3.8 2216  32  6.0 2209  24.6  27.0 1458  22.6  532  23.5  27.4  22.4  94.3  85.0 1010  29.0   1.9   1.3 -9.00 1008.2 1012.8 1013.9    1 1011.3 1758  9.4  0.1 13.4 -9.0  8.34  1.35 1300    7.6   -9.0 -9.00    2.7 2143    1.6 2213   -9.0   -9   -9.0   -9   -9.0   -9 -99.0 -99.0 -99.0 -99.0 -99.0
20260821 108  1.8  1551  16  3.6 1328  11  6.6 1311  26.1  27.9 1547  24.7  508  22.7  25.8  22.2  82.0  70.0 1608  27.5   2.1   1.5 -9.00 1002.3 1012.0 1013.3    1 1010.7 1709  9.9  0.0 13.4 -9.0  5.85  0.94 1400    0.6    7.5  8.08    0.3  747    0.2   -9   -9.0   -9   -9.0   -9   -9.0   -9  27.4  26.4  25.8  21.0  16.3
20260821 112  1.4  1216  16  5.1 1219  14  8.9 1325  26.5  27.7 1532  25.8  617  24.1  26.8  23.5  87.4  78.0 1740  30.1   1.9   1.3 -9.00 1003.9 1011.7 1013.1   26 1010.4 1659  9.6  0.0 13.4 -9.0  6.04  1.04 1400    0.5    7.6 11.58    0.3  728    0.2   -9   -9.0   -9   -9.0   -9   -9.0   -9  26.5  25.7  24.0  20.0  15.9
20260821 114  0.9   790  18  2.6 2324   9  4.4 2257  25.0  26.7 1505  23.5 2258  23.2  26.7  22.8  90.1  81.0 1717  28.4   1.6   1.1 -9.00  995.3 1012.3 1013.6 1020 1010.8 1750  9.5  0.0 13.4 -9.0  5.93  0.84 1200   36.8   -9.0 -9.00   25.9 2241   12.6 2253   -9.0   -9   -9.0   -9   -9.0   -9 -99.0 -99.0 -99.0 -99.0 -99.0
20260821 115  1.3  1115   5  3.7 1352   5  5.7 1227  26.1  29.8 1053  24.3 2348  23.4  27.2  22.8  85.9  78.0  717  28.9   3.2   2.2 -9.00  988.0 1012.9 1013.8 2234 1011.9 1800  8.9  2.7 13.4 -9.0 12.72  2.71 1200    1.3    6.1  3.42    0.7 1438    0.3 2244   -9.0   -9   -9.0   -9   -9.0   -9  24.8  22.8  21.5  15.4 -99.0
20260821 119  1.4  1175  14  4.0 1446  14  6.7 1445  25.4  27.0 1601  24.4  235  23.3  26.6  23.6  88.5  79.0 1720  28.7   1.7   1.2 -9.00 1007.1 1011.7 1013.2  956 1009.7 1451  9.6  0.0 13.4 -9.0  5.37  1.20 1400    6.4   49.4 10.08    2.1  939    0.7  748   -9.0   -9   -9.0   -9   -9.0   -9  27.1  25.8  24.4  19.5  16.2
20260821 121  0.6   526   9  2.4 1748   9  3.1 1653  23.9  26.8 1442  22.5  434  23.0  25.8  24.0  95.1  85.0 1452  28.1   1.6   1.1 -9.00  986.2 1013.5 1014.9 1058 1011.7 1527  9.4  0.0 13.4 -9.0  6.31  1.27 1300   11.6   -9.0 -9.00    4.6  904    1.3  946   -9.0   -9   -9.0   -9   -9.0   -9 -99.0 -99.0 -99.0 -99.0 -99.0
20260821 127  1.0   853   5  3.5 1615   2  6.4 1048  24.8  26.2 1336  23.9 2313  23.2  26.4  23.7  90.9  84.0 1756  28.3   1.7   1.2 -9.00  998.6 1011.6 1013.1 1017 1010.0 1745  9.3  0.0 13.4 -9.0  5.46  0.98 1300   17.2   -9.0 -9.00   10.6 1003    5.4 1024   -9.0   -9   -9.0   -9   -9.0   -9 -99.0 -99.0 -99.0 -99.0 -99.0
20260821 129  1.2  1011   7  3.0 2210  20  4.6 1723  25.2  27.0 1453  24.1 2048  24.6  26.6  22.4  96.4  88.0 1724  30.9   1.3   0.9 -9.00 1008.9 1011.8 1013.9 1117 1010.2 1502  9.6  0.0 13.4 -9.0  3.65  0.96 1400   29.9   23.5 -9.00    8.5 1023    1.7 1113   -9.0   -9   -9.0   -9   -9.0   -9  27.1  25.8  24.3  19.7  16.7
20260821 130  0.9   787  16  2.7 1658  14  4.4 1532  24.8  26.8  956  23.6  144  23.9  27.2  23.3  95.3  83.0 1039  29.7  -9.0  -9.0 -9.00 1007.5 1013.1 1013.8    1 1012.1 1614  9.3  1.3 13.4 -9.0 -9.00 -9.00   -9   21.4   -9.0 -9.00   18.5 1155    7.3 1217   -9.0   -9   -9.0   -9   -9.0   -9 -99.0 -99.0 -99.0 -99.0 -99.0
20260821 131  1.1   950   7  2.9 2038   5  5.0 2223  26.2  28.0 1723  25.3 1426  23.2  26.9  25.1  84.3  74.0 1610  28.5   1.8   1.3 -9.00 1005.0 1011.7 1013.0  918 1010.1 1709  9.5  0.0 13.4 -9.0  4.96  0.84 1400    8.3    7.5 10.58    3.0  904    1.0  907   -9.0   -9   -9.0   -9   -9.0   -9 -99.0 -99.0 -99.0 -99.0 -99.0
20260821 133  0.9   796  14  2.9    7   5  4.7 1411  26.2  28.1 1606  24.7  714  24.4  27.9  24.2  90.4  76.0   16  30.7   2.0   1.4 -9.00 1004.5 1012.2 1013.3    8 1010.9 1816  9.6  0.0 13.4 -9.0  6.22  1.17 1400    2.0    1.8  5.93    0.8  903    0.3  927   -9.0   -9   -9.0   -9   -9.0   -9  29.1  27.8  26.2  22.1  18.1
20260821 135  1.0   889   7  3.7 1507   7  4.9 1507  25.3  28.1 1258  23.1  418  23.2  27.7  23.1  88.9  78.0 1302  28.4   2.4   1.7 -9.00  984.5 1012.2 1013.3   20 1010.7 1437  9.0  0.0 13.3 -9.0  8.55  1.11  900    0.0   -9.0 -9.00    0.0   -9    0.0   -9   -9.0   -9   -9.0   -9   -9.0   -9 -99.0 -99.0 -99.0 -99.0 -99.0
20260821 136  0.8   726  29  2.5 1044   2  4.6 1151  26.5  29.8 1419  24.5  657  23.5  30.5  24.0  84.0  65.0 1420  28.9   3.2   2.3 -9.00  997.3 1013.3 1014.2    1 1011.8 1732  8.9  1.2 13.4 -9.0 12.41  1.78 1300    1.3    1.3  2.50    1.3 1117    1.0 1205   -9.0   -9   -9.0   -9   -9.0   -9 -99.0 -99.0 -99.0 -99.0 -99.0
20260821 137  0.3   295   2  1.4 1225   2  2.9 1220  26.1  28.6 1336  24.5  457  24.5  28.4  24.1  91.5  78.0 1330  30.8   2.1   1.5 -9.00 1000.7 1011.6 1012.6    1 1010.3 1706  9.3  0.0 13.4 -9.0  8.26  1.42 1300    2.7   -9.0 -9.00    2.3   32    0.7   53   -9.0   -9   -9.0   -9   -9.0   -9 -99.0 -99.0 -99.0 -99.0 -99.0
20260821 138  1.4  1202  14  4.4 1251   2  7.1 1307  26.1  29.3 1046  24.9  455  23.5  27.9  23.5  86.0  68.0 1237  28.9   2.8   1.9 -9.00 1011.8 1012.2 1013.0    1 1011.0 1250  8.3  2.8 13.4 -9.0 11.00  2.30 1000   24.8   24.8  2.67   24.6 1242   17.0 1318   -9.0   -9   -9.0   -9   -9.0   -9  26.0  23.7  22.6  19.2  17.0
20260821 140  1.3  1093  29  5.3 1858  27  7.3 1851  25.7  27.5 1644  24.2 2007  24.3  26.6  23.0  92.1  85.0   15  30.4  -9.0  -9.0 -9.00 1009.2 1012.4 1013.8    1 1011.4 1638  9.8  0.0 13.3 -9.0 -9.00 -9.00   -9    5.1   -9.0 -9.00    4.1 1853    2.0 1916   -9.0   -9   -9.0   -9   -9.0   -9 -99.0 -99.0 -99.0 -99.0 -99.0
20260821 143  1.2  1047  11  3.9 1617  14  5.8 1636  26.7  32.4 1304  23.9 2254  23.2  29.5  23.3  82.8  56.0 1311  28.5   3.6   2.5 -9.00 1005.4 1011.6 1012.7   19 1009.7 1502  8.9  2.9 13.3 -9.0 12.94  2.08  900    4.7   -9.0  2.33    3.4 1925    3.0 1935   -9.0   -9   -9.0   -9   -9.0   -9 -99.0 -99.0 -99.0 -99.0 -99.0
20260821 146  1.5  1268  34  3.5 1438  25  6.0 1906  27.6  30.7 1211  25.0 2346  24.0  28.3  21.4  81.3  68.0 1415  29.8   2.9   2.1 -9.00 1004.8 1011.6 1013.0    1 1010.3 1610  8.9  0.0 13.3 -9.0  8.16  1.53 1200    2.5    2.5  1.92    2.5 1818    0.9 1908   -9.0   -9   -9.0   -9   -9.0   -9 -99.0 -99.0 -99.0 -99.0 -99.0
20260821 152  1.2  1049   7  3.0 1442   7  6.1 1435  26.1  31.3 1137  24.1  423  23.8  28.7  23.9  87.9  62.0 1415  29.5   4.1   2.9 -9.00 1002.8 1012.0 1013.0    1 1010.4 1423  7.6  4.8 13.3 -9.0 16.20  2.99 1100    2.6   -9.0  1.47    2.5 1459    1.3 1502   -9.0   -9   -9.0   -9   -9.0   -9 -99.0 -99.0 -99.0 -99.0 -99.0
20260821 155  1.6  1406  20  3.7 1837  20  6.7 1902  28.8  32.6 1436  25.6  558  24.7  31.2  24.6  79.8  65.0 1548  31.2   5.5   3.8 -9.00 1008.0 1012.0 1013.1   17 1010.4 1518  7.4  9.2 13.3 -9.0 21.07  2.84 1300   -9.0   -9.0 -9.00   -9.0   -9   -9.0   -9   -9.0   -9   -9.0   -9   -9.0   -9 -99.0 -99.0 -99.0 -99.0 -99.0
20260821 156  1.3  1138  16  4.0 1652  16  5.6 1533  27.8  33.1 1540  23.7  427  24.6  30.7  22.7  83.5  63.0 1336  31.0   4.3   3.0 -9.00 1003.4 1011.3 1013.2    1 1009.5 1607  8.3  3.0 13.3 -9.0 14.59  2.64 1200   -9.0   -9.0 -9.00   -9.0   -9   -9.0   -9   -9.0   -9   -9.0   -9   -9.0   -9 -99.0 -99.0 -99.0 -99.0 -99.0
20260821 159  1.9  1660  16  3.7 1536  11  6.8 1752  28.6  32.9 1259  26.6  537  24.2  29.7  23.5  78.0  58.0 1432  30.2   6.0   4.2 -9.00 1003.8 1011.7 1012.8    1 1009.9 1514  6.6  6.6 13.3 -9.0 20.11  3.08 1200   -9.0   -9.0 -9.00   -9.0   -9   -9.0   -9   -9.0   -9   -9.0   -9   -9.0   -9  27.6  26.5  25.7  20.4  18.7
20260821 162  1.4  1211  18  2.9 1315  20  4.1 1305  28.9  33.8 1327  25.4  241  24.4  31.0  24.0  78.1  57.0 1506  30.5   5.6   3.9 -9.00 1007.5 1011.0 1012.2    8 1009.2 1537  6.0  7.4 13.3 -9.0 20.55  3.08 1300   -9.0   -9.0 -9.00   -9.0   -9   -9.0   -9   -9.0   -9   -9.0   -9   -9.0   -9 -99.0 -99.0 -99.0 -99.0 -99.0
20260821 165  3.0  2589  18  5.8 1453  16  8.9 1026  28.8  32.6 1437  25.0  441  24.2  29.7  23.9  77.6  62.0 1310  30.3   6.2   4.3 -9.00 1006.1 1011.2 1012.9    1 1009.9 2337  7.0  7.3 13.3 -9.0 19.58  2.91 1100   -9.0   -9.0 -9.00   -9.0   -9   -9.0   -9   -9.0   -9   -9.0   -9   -9.0   -9  28.3  25.8  25.0  21.7  18.1
20260821 168  2.5  2158   9  4.8  452   9  7.1  447  28.5  31.9 1352  26.3  222  24.8  33.9  25.3  81.1  61.0 1345  31.4   5.7   4.0 -9.00 1004.5 1012.0 1013.1    1 1010.6 1512  7.3  9.4 13.3 -9.0 22.13  2.94 1000   -9.0    0.1 -9.00   -9.0   -9   -9.0   -9   -9.0   -9   -9.0   -9   -9.0   -9  29.3  27.0  25.6  20.6  17.4
20260821 169  5.6  4830  14 10.8 2304  16 15.5 2223  26.8  30.2 1447  24.9  140  24.6  30.7  25.4  88.4  77.0 1055  31.0   4.7   3.3 -9.00 1002.3 1010.8 1012.6   11 1009.1 2257  7.9  6.1 13.3 -9.0 17.06  2.38 1000   -9.0   -9.0 -9.00   -9.0   -9   -9.0   -9   -9.0   -9   -9.0   -9   -9.0   -9 -99.0 -99.0 -99.0 -99.0 -99.0
20260821 170  2.7  2306  14  5.1  900  14  8.5 2359  28.5  33.1 1300  25.6  141  25.5  30.9  25.3  84.6  66.0 1354  32.7   5.4   3.8 -9.00 1007.6 1011.6 1013.1    1 1010.4 1428  6.4  7.1 13.3 -9.0 18.26  2.78 1300   -9.0   -9.0 -9.00   -9.0   -9   -9.0   -9   -9.0   -9   -9.0   -9   -9.0   -9 -99.0 -99.0 -99.0 -99.0 -99.0
20260821 172  1.9  1665  25  6.9 1702  20 10.4 1659  27.1  32.3 1505  23.9 1730  24.7  28.7  23.6  88.3  66.0 1411  31.0   4.0   2.8 -9.00 1005.3 1011.3 1012.7    2 1009.5 1600  8.8  1.2 13.3 -9.0 12.89  2.27 1100   54.6   -9.0 -9.00   53.6 1659   21.6 1718   -9.0   -9   -9.0   -9   -9.0   -9 -99.0 -99.0 -99.0 -99.0 -99.0
20260821 174  0.9   759  14  3.1 1145  11  5.3 1136  26.5  31.9 1305  21.8  535  22.4  30.5  21.8  79.5  59.0 1306  27.2  -9.0  -9.0 -9.00  991.6 1010.2 1012.1    1 1008.4 1442  7.5  4.0 13.3 -9.0 -9.00 -9.00   -9   -9.0   -9.0 -9.00   -9.0   -9   -9.0   -9   -9.0   -9   -9.0   -9   -9.0   -9 -99.0 -99.0 -99.0 -99.0 -99.0
20260821 177  0.9   746  16  2.3 1900  14  3.9 1538  25.5  27.2 1651  24.4   35  24.1  26.3  22.4  92.4  88.0 1800  30.0   1.3   0.9 -9.00 1007.5 1010.7 1012.5 1159 1008.7 1729  9.8  0.0 13.4 -9.0  3.66  0.82 1400   30.7   25.9 12.42    9.1 1128    2.8 1201   -9.0   -9   -9.0   -9   -9.0   -9 -99.0 -99.0 -99.0 -99.0 -99.0
20260821 181  1.2  1015  36  4.7 1339   2  7.5 1332  24.5  26.0 1701  23.4 1411  23.4  26.7  24.3  93.6  84.0 1638  28.7   1.5   1.1 -9.00 1008.4 1012.3 1013.6  910 1010.8 1703  9.5  0.0 13.4 -9.0  4.89  0.73 1400   13.0   -9.0 -9.00    6.0 1351    4.1 1407   -9.0   -9   -9.0   -9   -9.0   -9 -99.0 -99.0 -99.0 -99.0 -99.0
20260821 184  3.3  2829  14  5.7 1523  16 11.7 1443  30.5  34.5 1310  27.5  430  22.9  35.3  25.0  64.5  50.0 1613  27.9   8.4   5.9 -9.00 1007.5 1009.8 1011.3   18 1008.3 1604  5.8 11.0 13.2 -9.0 22.02  3.30 1200    0.0    0.1  0.13    0.0   -9    0.0   -9   -9.0   -9   -9.0   -9   -9.0   -9  29.9  28.5  28.0  25.2  19.8
20260821 185  5.4  4648  11  8.7 1114  14 13.2 1157  28.4  31.6 1254  26.4  219  24.4  30.2  26.0  79.6  65.0 1318  30.6   7.7   5.4 -9.00 1002.0 1010.1 1011.9    1 1008.6 1604  3.5 10.5 13.2 -9.0 24.66  3.43 1200   -9.0   -9.0 -9.00   -9.0   -9   -9.0   -9   -9.0   -9   -9.0   -9   -9.0   -9 -99.0 -99.0 -99.0 -99.0 -99.0
20260821 188  3.5  3047  16  5.1 1019  11  7.2 1306  29.1  31.7 1133  27.6   17  25.9  30.4  26.6  83.5  73.0 1134  33.5  -9.0  -9.0 -9.00 1009.2 1011.5 1012.7    1 1010.5 1544  4.9  8.4 13.2 -9.0 -9.00 -9.00   -9   -9.0   -9.0 -9.00   -9.0   -9   -9.0   -9   -9.0   -9   -9.0   -9   -9.0   -9 -99.0 -99.0 -99.0 -99.0 -99.0
20260821 189  1.7  1468   7  3.0  714   9  5.5  720  29.6  32.4 1427  27.5  520  25.6  31.7  26.5  79.8  67.0 1510  32.8   6.2   4.3 -9.00 1005.4 1011.2 1012.7    9 1010.2 1631  6.4  8.1 13.2 -9.0 22.92  3.02 1300    0.0    0.7  0.22    0.0   -9    0.0   -9   -9.0   -9   -9.0   -9   -9.0   -9 -99.0 -99.0 -99.0 -99.0 -99.0
20260821 192  0.5   465   9  2.4 1317   9  4.5 1313  27.4  32.9 1439  23.6  433  24.5  30.0  23.5  85.6  61.0 1414  30.8   4.1   2.9 -9.00 1008.6 1011.9 1013.3    9 1010.1 1504  8.8  4.5 13.3 -9.0 16.39  2.52 1300    0.4    0.4 -9.00    0.4 1627    0.4 1637   -9.0   -9   -9.0   -9   -9.0   -9 -99.0 -99.0 -99.0 -99.0 -99.0
20260821 201  0.7   620  25  2.4 1326  25  6.2 1343  24.8  26.9 1530  23.3  426  23.8  25.8  22.1  94.9  76.0 1530  29.5  -9.0  -9.0 -9.00 1007.1 1012.6 1013.9    1 1011.3 1459  9.8  0.0 13.4 -9.0 -9.00 -9.00   -9    0.5   -9.0 -9.00    0.3 1219    0.2   -9   -9.0   -9   -9.0   -9   -9.0   -9 -99.0 -99.0 -99.0 -99.0 -99.0
20260821 202  0.8   708  18  2.6 2204   7  4.0 1427  24.8  26.6 1744  23.7  403  23.4  26.9  23.3  92.6  81.0 1716  28.8  -9.0  -9.0 -9.00 1007.4 1012.8 1013.9 1005 1011.2 1743  9.4  0.0 13.4 -9.0 -9.00 -9.00   -9    2.0   -9.0 -9.00    0.8 1046    0.4 1108   -9.0   -9   -9.0   -9   -9.0   -9 -99.0 -99.0 -99.0 -99.0 -99.0
20260821 203  0.4   368   9  1.5 1553   9  3.1 1534  24.9  26.7 1513  23.6  402  24.6  26.8  24.1  98.9  92.0 1613  30.9  -9.0  -9.0 -9.00 1003.8 1013.0 1014.4 1000 1011.4 1732  9.6  0.0 13.4 -9.0 -9.00 -9.00   -9    7.2   -9.0 -9.00    2.7  800    0.8  815   -9.0   -9   -9.0   -9   -9.0   -9 -99.0 -99.0 -99.0 -99.0 -99.0
20260821 211  0.8   680   2  2.0  716   2  3.5  708  23.7  27.1 1525  21.7  559  21.5  25.6  21.1  88.3  74.0 1513  25.7  -9.0  -9.0 -9.00  989.6 1012.6 1014.0  828 1010.3 1532  9.8  0.0 13.4 -9.0 -9.00 -9.00   -9    0.3   -9.0 -9.00    0.2   -9    0.1   -9   -9.0   -9   -9.0   -9   -9.0   -9 -99.0 -99.0 -99.0 -99.0 -99.0
20260821 212  0.5   471  11  1.6 1435  11  2.7 1411  24.5  26.5 1457  22.7  502  22.7  25.8  21.8  89.9  80.0 1013  27.5  -9.0  -9.0 -9.00  997.1 1013.1 1014.2    6 1011.5 1555  9.9  0.0 13.4 -9.0 -9.00 -9.00   -9    1.9   -9.0 -9.00    1.5 1151    0.5 1157   -9.0   -9   -9.0   -9   -9.0   -9 -99.0 -99.0 -99.0 -99.0 -99.0
20260821 216  0.7   572  18  2.2 1450  23  3.5 1444  22.1  24.6 1639  20.0  507  20.7  24.2  21.0  92.1  78.0 1412  24.4   1.5   1.1 -9.00  934.1 1013.3 1014.5    6 1011.3 1604  9.3  0.1 13.4 -9.0  6.24  1.25 1300   13.6   -9.0 -9.00    7.2 1013    5.0 1020   -9.0   -9   -9.0   -9   -9.0   -9 -99.0 -99.0 -99.0 -99.0 -99.0
20260821 217 -9.0   468  16  1.6 1444  14  2.9 1442 -99.0  27.9 1408  22.2  600 -99.0 -99.0  23.9  -9.0  79.0 1429  -9.0  -9.0  -9.0 -9.00   -9.0   -9.0 1014.4    1 1011.8 1536  9.9  0.0 13.4 -9.0 -9.00 -9.00   -9   -9.0   -9.0 -9.00    2.9 1128    1.2 1209   -9.0   -9   -9.0   -9   -9.0   -9 -99.0 -99.0 -99.0 -99.0 -99.0
20260821 221  0.6   542   7  1.8  355   7  3.9  350  23.4  24.9 1424  22.1  137  23.1  25.8  21.8  98.3  92.0 1702  28.2  -9.0  -9.0 -9.00  982.9 1012.9 1014.5 1047 1011.1 1751  9.3  0.0 13.4 -9.0 -9.00 -9.00   -9    8.2   -9.0 -9.00    3.4  845    2.0 1224   -9.0   -9   -9.0   -9   -9.0   -9 -99.0 -99.0 -99.0 -99.0 -99.0
20260821 226  0.5   474  16  1.9 2105  18  4.1 1941  25.2  27.7 1507  23.0  557  24.2  27.2  22.0  95.1  79.0 1514  30.3  -9.0  -9.0 -9.00  993.1 1012.5 1013.8   23 1011.0 1820  9.5  0.0 13.4 -9.0 -9.00 -9.00   -9    3.3   -9.0 -9.00    1.0  938    0.6  734   -9.0   -9   -9.0   -9   -9.0   -9 -99.0 -99.0 -99.0 -99.0 -99.0
20260821 232  0.8   674   7  3.0 2036   7  4.3 2035  24.8  26.0 1729  23.5  306  24.5  27.4  23.5  98.5  92.0 1655  30.7  -9.0  -9.0 -9.00 1003.1 1012.7 1014.1 1209 1011.1 1751  9.8  0.0 13.4 -9.0 -9.00 -9.00   -9   22.9   -9.0 -9.00   14.6 1227    7.4 1249   -9.0   -9   -9.0   -9   -9.0   -9 -99.0 -99.0 -99.0 -99.0 -99.0
20260821 235  1.3  1150   2  3.3 1309  18  5.9 2011  25.6  28.2 1643  23.7 1851  24.1  26.7  23.4  91.8  84.0 1803  30.1   1.5   1.1 -9.00 1010.0 1011.1 1012.7 1107 1009.0 1959  9.8  0.0 13.4 -9.0  3.08  0.90 1300   17.0   -9.0 -9.00    4.1  800    1.3  841   -9.0   -9   -9.0   -9   -9.0   -9 -99.0 -99.0 -99.0 -99.0 -99.0
20260821 236  0.6   546  36  2.8 1031  36  5.2 1031  25.5  27.5 1651  24.4  537  24.9  27.6  24.2  96.9  87.0 1358  31.5  -9.0  -9.0 -9.00 1010.7 1012.2 1013.5    6 1010.8 2012  9.8  0.0 13.4 -9.0 -9.00 -9.00   -9    7.6   -9.0 -9.00    2.4  806    1.0 1942   -9.0   -9   -9.0   -9   -9.0   -9 -99.0 -99.0 -99.0 -99.0 -99.0
20260821 238  0.4   366  14  1.4 2111  11  2.8 2107  25.8  28.5 1604  23.5  511  24.1  27.7  23.4  90.9  75.0 1757  30.0  -9.0  -9.0 -9.00  992.6 1011.8 1013.1    1 1010.4 1629  9.4  0.0 13.3 -9.0 -9.00 -9.00   -9    0.6   -9.0 -9.00    0.4  910    0.2   -9   -9.0   -9   -9.0   -9   -9.0   -9 -99.0 -99.0 -99.0 -99.0 -99.0
20260821 239  0.7   594  32  2.3 1932  32  4.2 1931  25.2  26.7 1617  24.1  559  24.5  27.9  24.4  96.0  89.0 1450  30.7   1.4   1.0 -9.00 1001.4 1011.6 1012.9 1040 1010.1 1704  9.5  0.0 13.4 -9.0  4.46  0.89 1400    7.8   -9.0 -9.00    2.6  848    1.3 1343   -9.0   -9   -9.0   -9   -9.0   -9 -99.0 -99.0 -99.0 -99.0 -99.0
20260821 243  1.1   955   5  3.5 1529   5  5.7 1534  26.3  29.7 1138  23.8 2233  23.8  26.4  22.9  86.9  73.0 1144  29.4  -9.0  -9.0 -9.00 1010.5 1011.9 1013.0    1 1010.6 2322  9.4  0.0 13.3 -9.0 -9.00 -9.00   -9    1.4   -9.0 -9.00    1.2 1717    0.6 1807   -9.0   -9   -9.0   -9   -9.0   -9 -99.0 -99.0 -99.0 -99.0 -99.0
20260821 244  0.6   557  11  2.3 1903   5  4.9 1947  26.1  30.7 1441  22.8  316  23.3  28.3  22.5  86.1  62.0 1430  28.7  -9.0  -9.0 -9.00  983.8 1011.5 1013.5    1 1009.6 1610  9.0  0.8 13.3 -9.0 -9.00 -9.00   -9    0.8   -9.0 -9.00    0.7 1942    0.5 2034   -9.0   -9   -9.0   -9   -9.0   -9 -99.0 -99.0 -99.0 -99.0 -99.0
20260821 245  1.4  1172  23  6.7 1758  23 13.2 1752  26.1  32.2 1217  23.4 2035  23.7  27.3  22.6  87.9  62.0 1218  29.4   3.3   2.3 -9.00 1003.9 1011.8 1013.0    1 1010.2 1357  8.6  0.8 13.3 -9.0 10.22  2.03 1100   38.5   -9.0 -9.00   38.5 1718   23.0 1802   -9.0   -9   -9.0   -9   -9.0   -9 -99.0 -99.0 -99.0 -99.0 -99.0
20260821 247  1.3  1100   7  3.7 1703   7  5.9 1658  26.7  32.1 1435  22.9  438  23.2  28.1  22.3  82.8  66.0 1314  28.5  -9.0  -9.0 -9.00  996.4 1011.5 1013.5    4 1009.5 1617  8.5  1.6 13.3 -9.0 -9.00 -9.00   -9   -9.0   -9.0 -9.00   -9.0   -9   -9.0   -9   -9.0   -9   -9.0   -9   -9.0   -9 -99.0 -99.0 -99.0 -99.0 -99.0
20260821 248  0.7   611  36  3.7 1438  36  5.8 1436  24.3  29.7 1259  21.8  523  23.0  26.9  21.5  93.1  67.0 1322  28.1  -9.0  -9.0 -9.00  966.8 1012.4 1014.1   14 1010.2 1419  9.1  0.8 13.3 -9.0 -9.00 -9.00   -9    4.0   -9.0 -9.00    3.5   -9    3.0 1657   -9.0   -9   -9.0   -9   -9.0   -9 -99.0 -99.0 -99.0 -99.0 -99.0
20260821 251  1.7  1430  36  4.3 1719   5  7.7 1717  26.7  31.7 1451  23.8 2242  24.4  28.2  23.7  88.4  70.0 1223  30.5   3.2   2.3 -9.00 1005.5 1011.2 1012.7    1 1009.3 1640  8.8  1.1 13.3 -9.0 10.23  1.97 1100   56.8   -9.0 -9.00   56.1 1654   22.8 1726   -9.0   -9   -9.0   -9   -9.0   -9 -99.0 -99.0 -99.0 -99.0 -99.0
20260821 252  1.1   987  27  4.7 1631  25 11.1 1630  26.5  32.4 1446  23.3 1735  23.7  28.3  24.3  85.9  66.0 1454  29.3   4.1   2.9 -9.00 1006.8 1011.1 1012.7    7 1009.4 1555  8.8  2.6 13.3 -9.0 14.22  2.65 1100   63.1   -9.0 -9.00   41.3 1706   14.6 1627   -9.0   -9   -9.0   -9   -9.0   -9 -99.0 -99.0 -99.0 -99.0 -99.0
20260821 253  1.1   925  16  3.4 1721  16  6.1 1725  28.8  34.3 1354  25.0  515  24.8  34.8  25.1  79.9  62.0 1411  31.4   4.7   3.3 -9.00 1006.5 1012.7 1013.8    1 1011.0 1501  6.5  7.6 13.3 -9.0 17.94  2.90 1300   -9.0   -9.0 -9.00   -9.0   -9   -9.0   -9   -9.0   -9   -9.0   -9   -9.0   -9 -99.0 -99.0 -99.0 -99.0 -99.0
20260821 254  0.7   614  29  3.0 1902  27  4.5 1853  26.9  32.7 1458  22.7  333  23.5  28.7  22.2  83.3  61.0 1303  29.0   4.3   3.0 -9.00  997.3 1012.0 1014.1    1 1010.0 1555  8.5  2.6 13.3 -9.0 15.23  2.75 1200   -9.0   -9.0 -9.00   -9.0   -9   -9.0   -9   -9.0   -9   -9.0   -9   -9.0   -9 -99.0 -99.0 -99.0 -99.0 -99.0
20260821 255  1.1   979  32  3.5 1551  32  5.8 1622  29.4  34.0 1448  25.8  530  24.5  29.6  24.0  75.5  61.0 1450  30.7   3.3   2.3 -9.00 1005.7 1011.4 1012.7    9 1009.4 1519  7.4  4.7 13.3 -9.0 11.20  1.78  900   -9.0   -9.0 -9.00   -9.0   -9   -9.0   -9   -9.0   -9   -9.0   -9   -9.0   -9 -99.0 -99.0 -99.0 -99.0 -99.0
20260821 257  1.3  1105   5  4.1 1729  11  7.8 1643  29.0  35.5 1310  25.5  540  25.0  31.6  24.0  80.5  53.0 1448  31.7   5.2   3.7 -9.00 1011.2 1011.9 1013.1    1 1009.7 1504  6.5  6.0 13.3 -9.0 18.04  3.17 1300   -9.0   -9.0 -9.00   -9.0   -9   -9.0   -9   -9.0   -9   -9.0   -9   -9.0   -9 -99.0 -99.0 -99.0 -99.0 -99.0
20260821 258  1.7  1484  16  3.6 1443  18  4.7 1333  28.2  33.7 1352  24.2  147  24.7  29.3  23.1  83.0  55.0 1352  31.1   5.6   3.9 -9.00 1011.8 1012.0 1013.5    1 1010.5 1438  6.9  5.9 13.3 -9.0 19.98  3.27 1300   -9.0   -9.0 -9.00   -9.0   -9   -9.0   -9   -9.0   -9   -9.0   -9   -9.0   -9 -99.0 -99.0 -99.0 -99.0 -99.0
20260821 259  1.1   982   9  2.9 1406   9  5.8 1214  28.3  32.6 1418  23.9  537  25.1  29.3  24.6  84.1  65.0 1422  31.9   4.3   3.0 -9.00 1009.3 1011.1 1012.8   11 1009.8 1429  6.5  4.3 13.3 -9.0 16.19  2.04 1100   -9.0   -9.0 -9.00   -9.0   -9   -9.0   -9   -9.0   -9   -9.0   -9   -9.0   -9 -99.0 -99.0 -99.0 -99.0 -99.0
20260821 260  1.7  1430  14  4.4 1113  14  6.4 1022  27.8  32.2 1306  23.3  557  24.8  30.7  22.6  84.6  67.0 1259  31.3  -9.0  -9.0 -9.00 1006.3 1011.3 1013.1    5 1009.9 1439  6.9  7.9 13.3 -9.0 -9.00 -9.00   -9   -9.0   -9.0 -9.00   -9.0   -9   -9.0   -9   -9.0   -9   -9.0   -9   -9.0   -9 -99.0 -99.0 -99.0 -99.0 -99.0
20260821 261  3.1  2713  14  5.7 1427  11  9.5 2340  28.4  32.0 1128  25.1  447  25.4  30.0  24.2  84.4  71.0 1129  32.4  -9.0  -9.0 -9.00 1009.6 1011.4 1013.1    1 1010.3 1423  6.9  7.3 13.3 -9.0 -9.00 -9.00   -9   -9.0   -9.0 -9.00   -9.0   -9   -9.0   -9   -9.0   -9   -9.0   -9   -9.0   -9 -99.0 -99.0 -99.0 -99.0 -99.0
20260821 262  1.3  1118  18  3.4 1239  23  6.4 1044  28.0  32.9 1340  23.6  207  24.2  29.3  25.6  81.5  57.0 1326  30.2   5.4   3.8 -9.00 1005.8 1011.7 1013.1    1 1010.4 1436  7.0  8.0 13.3 -9.0 20.17  3.18 1300   -9.0   -9.0 -9.00   -9.0   -9   -9.0   -9   -9.0   -9   -9.0   -9   -9.0   -9 -99.0 -99.0 -99.0 -99.0 -99.0
20260821 263  0.8   686   5  2.7 2013   5  4.5 2013  27.8  33.0 1517  23.8  521  24.4  31.7  24.0  83.1  63.0 1457  30.6   4.1   2.9 -9.00 1010.3 1011.9 1013.1    1 1010.0 1510  8.6  4.0 13.3 -9.0 15.92  2.51 1400    0.9   -9.0 -9.00    0.9 1230    0.8 1311   -9.0   -9   -9.0   -9   -9.0   -9 -99.0 -99.0 -99.0 -99.0 -99.0
20260821 264  0.8   679  29  3.8 1650  34  6.8 1624  26.4  32.8 1534  23.2  612  24.3  29.0  23.4  89.4  68.0 1447  30.3   3.9   2.7 -9.00  995.1 1012.3 1014.1    8 1009.8 1535  8.9  2.1 13.3 -9.0 15.05  2.66 1300    0.0   -9.0 -9.00    0.0   -9    0.0   -9   -9.0   -9   -9.0   -9   -9.0   -9 -99.0 -99.0 -99.0 -99.0 -99.0
20260821 266  1.1   981   7  2.5  745   9  4.7  830  28.6  32.8 1407  24.9  540  25.2  29.5  24.8  82.6  60.0 1337  32.0   3.9   2.7 -9.00 1002.2 1012.2 1013.6   18 1010.5 1500  7.9  4.0 13.3 -9.0 15.32  2.71 1300   -9.0   -9.0 -9.00   -9.0   -9   -9.0   -9   -9.0   -9   -9.0   -9   -9.0   -9 -99.0 -99.0 -99.0 -99.0 -99.0
20260821 268  1.8  1584  11  3.9 2324  11  9.1 2400  28.7  32.4 1208  25.6  514  24.7  30.2  24.3  79.8  65.0 1211  31.2  -9.0  -9.0 -9.00 1008.6 1009.7 1011.4    1 1008.7 2344  6.6  9.0 13.3 -9.0 -9.00 -9.00   -9   -9.0   -9.0 -9.00   -9.0   -9   -9.0   -9   -9.0   -9   -9.0   -9   -9.0   -9 -99.0 -99.0 -99.0 -99.0 -99.0
20260821 271  0.5   465  32  3.4 1140  32  6.1 1134  23.4  26.7 1618  21.8  538  21.9  26.5  21.0  91.9  77.0  951  26.3  -9.0  -9.0 -9.00  976.7 1013.5 1014.8 1140 1011.8 1742  9.8  0.3 13.4 -9.0 -9.00 -9.00   -9   23.1   -9.0 -9.00   21.7 1111    6.4 1134   -9.0   -9   -9.0   -9   -9.0   -9 -99.0 -99.0 -99.0 -99.0 -99.0
20260821 272  0.6   560  29  4.3 1051  29  6.6 1048  23.9  26.8 1631  21.7 1105  23.4  27.5  21.7  97.3  82.0 1647  28.7  -9.0  -9.0 -9.00  989.0 1013.1 1014.8 1059 1011.5 1740  9.6  0.2 13.4 -9.0 -9.00 -9.00   -9   14.7   -9.0 -9.00   13.0 1029    7.6 1046   -9.0   -9   -9.0   -9   -9.0   -9 -99.0 -99.0 -99.0 -99.0 -99.0
20260821 273  0.5   443  11  1.7 1644  14  2.9 1655  25.2  28.5 1407  23.6 2354  24.2  27.9  22.4  94.6  74.0 1410  30.2  -9.0  -9.0 -9.00  992.5 1012.1 1013.1    1 1010.8 1704  9.4  0.2 13.4 -9.0 -9.00 -9.00   -9    4.4   -9.0 -9.00    2.2 1111    0.8 1147   -9.0   -9   -9.0   -9   -9.0   -9 -99.0 -99.0 -99.0 -99.0 -99.0
20260821 276  1.1   963   5  3.5 1218   5  7.0 1215  25.7  30.5 1050  23.1  436  24.3  27.4  22.5  92.9  75.0 1028  30.5   2.8   2.0 -9.00  988.6 1012.1 1013.4    1 1011.0 1612  9.3  2.0 13.4 -9.0 11.75  2.09 1000    1.6   -9.0 -9.00    1.0 1313    0.5 1350   -9.0   -9   -9.0   -9   -9.0   -9 -99.0 -99.0 -99.0 -99.0 -99.0
20260821 277  0.9   817  34  4.8 1321  34  7.7 1321  24.4  30.0 1136  22.0 1323  23.0  27.0  22.2  92.9  70.0 1138  28.1  -9.0  -9.0 -9.00 1008.2 1012.9 1013.9 1322 1012.0 1155  9.4  1.6 13.4 -9.0 -9.00 -9.00   -9   66.6   -9.0 -9.00   49.7 1222   14.4 1302   -9.0   -9   -9.0   -9   -9.0   -9 -99.0 -99.0 -99.0 -99.0 -99.0
20260821 278  0.8   691   2  2.6 1325   5  4.8 1322  26.9  30.8 1202  24.4  607  24.1  28.3  23.9  86.6  63.0 1618  30.1  -9.0  -9.0 -9.00 1002.3 1011.5 1012.5    2 1010.1 1515  9.0  0.7 13.4 -9.0 -9.00 -9.00   -9    3.1   -9.0 -9.00    3.0   -9    2.4    2   -9.0   -9   -9.0   -9   -9.0   -9 -99.0 -99.0 -99.0 -99.0 -99.0
20260821 279  0.6   482  14  2.4 2316  14  4.5 2312  26.8  31.5 1339  24.0  417  24.2  29.4  23.7  86.1  67.0 1343  30.1   2.7   1.9 -9.00 1006.5 1012.1 1013.2   15 1010.6 1458  9.0  0.3 13.4 -9.0 10.39  1.66  900    1.9   -9.0 -9.00    0.9 1755    0.6 2052   -9.0   -9   -9.0   -9   -9.0   -9 -99.0 -99.0 -99.0 -99.0 -99.0
20260821 281  1.1   981   9  4.1 1604   9  8.1 1501  25.8  32.1 1210  23.1  547  23.4  28.1  22.4  87.8  57.0 1207  28.7  -9.0  -9.0 -9.00 1002.0 1012.9 1013.9    1 1011.5 1409  8.3  4.1 13.3 -9.0 -9.00 -9.00   -9    2.5   -9.0 -9.00    2.2 1946    0.6 1951   -9.0   -9   -9.0   -9   -9.0   -9 -99.0 -99.0 -99.0 -99.0 -99.0
20260821 283  1.1   939  36  4.4 1415  34  6.5 1412  25.7  31.8 1105  23.8  223  24.3  27.9  23.1  92.8  65.0 1109  30.4   3.0   2.1 -9.00 1008.4 1013.0 1013.9   38 1011.9 1333  8.5  1.7 13.3 -9.0 11.66  2.41 1000    5.3   -9.0 -9.00    1.9 1409    1.5 1439   -9.0   -9   -9.0   -9   -9.0   -9 -99.0 -99.0 -99.0 -99.0 -99.0
20260821 284  1.0   854  32  3.1 1748  34  4.8 1748  25.7  31.8 1335  22.6  126  23.2  28.5  21.8  87.0  68.0 1322  28.5   3.1   2.2 -9.00  986.5 1012.3 1014.1   13 1009.8 1445  9.4  1.5 13.3 -9.0 13.06  2.19 1300   21.5   -9.0 -9.00   21.3 1724   11.2 1807   -9.0   -9   -9.0   -9   -9.0   -9 -99.0 -99.0 -99.0 -99.0 -99.0
20260821 285  0.7   599  18  5.7 1817  20 10.0 1811  26.7  32.2 1353  23.6 1822  24.6  29.3  23.6  89.4  66.0 1354  31.0  -9.0  -9.0 -9.00 1009.2 1012.3 1013.5    1 1010.4 1500  9.1  2.3 13.3 -9.0 -9.00 -9.00   -9   41.3   -9.0 -9.00   41.3 1801   30.2 1815   -9.0   -9   -9.0   -9   -9.0   -9 -99.0 -99.0 -99.0 -99.0 -99.0
20260821 288  1.5  1255   9  3.6 1812  18  7.7 1327  28.0  34.9 1440  23.7  553  23.6  33.5  20.9  79.0  50.0 1459  29.1   4.9   3.4 -9.00 1009.6 1010.6 1012.0    1 1008.3 1511  8.4  5.8 13.3 -9.0 17.56  2.46 1000    0.0   -9.0 -9.00    0.0   -9    0.0   -9   -9.0   -9   -9.0   -9   -9.0   -9 -99.0 -99.0 -99.0 -99.0 -99.0
20260821 289  0.9   738   9  2.6 2130  34  4.9 1822  26.7  32.6 1430  23.3   18  24.2  31.1  23.4  87.1  64.0 1439  30.1  -9.0  -9.0 -9.00  997.2 1012.8 1014.7    1 1010.6 1449  8.9  2.4 13.3 -9.0 -9.00 -9.00   -9    0.0   -9.0 -9.00    0.0   -9    0.0   -9   -9.0   -9   -9.0   -9   -9.0   -9 -99.0 -99.0 -99.0 -99.0 -99.0
20260821 294  1.3  1093   9  2.5 1022  11  5.4 1951  28.0  32.3 1442  24.9  231  24.1  32.0  24.4  80.8  57.0 1548  30.0  -9.0  -9.0 -9.00 1007.6 1012.7 1013.7    1 1011.2 1531  6.9  7.9 13.3 -9.0 -9.00 -9.00   -9    1.5   -9.0 -9.00    1.5 2004    1.5 2007   -9.0   -9   -9.0   -9   -9.0   -9 -99.0 -99.0 -99.0 -99.0 -99.0
20260821 295  0.9   811  36  2.1 1303   7  3.9 1453  27.6  32.5 1535  24.4   51  24.0  31.4  23.0  81.6  59.0 1417  29.8  -9.0  -9.0 -9.00 1006.9 1012.1 1013.1    1 1010.4 1517  7.4  7.1 13.3 -9.0 -9.00 -9.00   -9   -9.0   -9.0 -9.00   -9.0   -9   -9.0   -9   -9.0   -9   -9.0   -9   -9.0   -9 -99.0 -99.0 -99.0 -99.0 -99.0
20260821 296  1.8  1553   5  4.1 1851   5  7.4 1750  29.3  34.6 1457  25.5  505  25.0  30.7  22.5  78.5  56.0 1420  31.6   5.5   3.8 -9.00 1010.9 1011.2 1012.3    1 1009.1 1508  6.4  7.4 13.3 -9.0 19.29  2.96 1300   -9.0   -9.0 -9.00   -9.0   -9   -9.0   -9   -9.0   -9   -9.0   -9   -9.0   -9 -99.0 -99.0 -99.0 -99.0 -99.0
20260822  90  1.4  1188  14  4.3 1843  18  7.8 1834  25.2  28.1  835  22.9 2338  23.3  27.6  23.1  89.8  77.0  836  28.6   2.5   1.7 -9.00 1010.9 1012.9 1013.9 1241 1011.6   55  8.3  0.8 13.4 -9.0  8.63  1.24  900    8.4   -9.0 -9.00    5.6 1619    4.3 1635   -9.0   -9   -9.0   -9   -9.0   -9 -99.0 -99.0 -99.0 -99.0 -99.0
20260822  93  0.5   444  34  6.2 1454  34 10.4 1452  23.0  26.2 1308  21.4 2347  22.5  24.9  22.2  97.0  91.0 1254  27.3   1.4   1.0 -9.00 1002.8 1013.8 1015.3 2214 1012.3  335  8.3  0.0 13.4 -9.0  4.06  0.78 1200   24.0   23.7 11.67   18.7 1446    8.0 1517   -9.0   -9   -9.0   -9   -9.0   -9  27.7  27.6  26.2  22.3  19.2
20260822  95  0.8   716  25  5.0 1328  25  9.5 1328  22.6  23.8 1217  20.9 2340  22.4  24.2  21.0  99.6  95.0 1429  27.1   1.1   0.8 -9.00  995.8 1013.7 1015.0 2131 1012.2 1634  8.9  0.4 13.4 -9.0  3.05  0.34 1500   49.2   48.5 -9.00   28.4 1247   13.5 1331   -9.0   -9   -9.0   -9   -9.0   -9 -99.0 -99.0 -99.0 -99.0 -99.0
20260822  98  0.5   455  32  2.4 1304  29  7.7 1301  22.9  24.2  741  21.3 2340  21.2  24.3  20.6  90.4  84.0    1  25.2   1.2   0.9 -9.00  999.7 1013.0 1014.3 2202 1011.5  400  9.3  0.0 13.4 -9.0  2.40  0.27 1000   43.9   -9.0 -9.00   30.5 1240   13.9 1301   -9.0   -9   -9.0   -9   -9.0   -9 -99.0 -99.0 -99.0 -99.0 -99.0
20260822  99  1.0   857  36  4.2 1220   2 10.3 1216  22.7  24.0    1  21.3 2258  22.6  24.5  21.3  99.9  93.0 1824  27.5   1.0   0.7 -9.00 1009.8 1013.3 1014.7 2135 1011.9  419  9.3  0.6 13.4 -9.0  2.52  0.38 1800   55.8   -9.0 -9.00   27.9 1201   13.8 1215   -9.0   -9   -9.0   -9   -9.0   -9 -99.0 -99.0 -99.0 -99.0 -99.0
20260822 100  1.4  1238  11  3.2 1553  11  5.7 1545  21.0  25.6 1416  19.3  337  20.4  23.7  19.3  97.0  77.0 1403  24.0   2.4   1.7 -9.00  927.9 1013.6 1014.5 2131 1011.9 1523  9.4  1.4 13.4 -9.0  8.04  1.86 1300   42.9   -9.0 -9.00   19.4 1628    7.3 1635   -9.0   -9   -9.0   -9   -9.0   -9 -99.0 -99.0 -99.0 -99.0 -99.0
20260822 101  1.0   822  29  5.2 1501  29  8.8 1455  23.2  26.4 1329  21.6 2338  21.8  25.1  21.1  92.8  85.0 1323  26.2   1.4   1.0 -9.00 1004.0 1012.7 1014.3 2209 1011.3  316  8.6  0.0 13.4 -9.0  4.35  0.84 1200   28.4   27.9 -9.00   22.5 1448    8.6 1512   -9.0   -9   -9.0   -9   -9.0   -9  27.6  26.0  24.6  19.9  16.4
20260822 102  4.1  3507  14  8.3 1244  14 14.1 1244  23.0  24.5 1623  21.5 1028  21.9  23.7  21.6  94.0  85.0 1618  26.2   1.9   1.3 -9.00 1006.6 1010.7 1012.2 1012 1009.2 1219  8.0  1.2 13.4 -9.0  5.74  1.60 1600   86.0   -9.0 10.17   35.1  559   10.5  626   -9.0   -9   -9.0   -9   -9.0   -9 -99.0 -99.0 -99.0 -99.0 -99.0
20260822 104  0.9   738  14  3.3 2011  16  4.9    8  24.0  27.9 1443  22.4  416  23.4  27.0  21.6  97.0  86.0 1432  28.9   2.4   1.7 -9.00 1003.9 1012.5 1013.5 1731 1011.1  246  9.3  0.5 13.4 -9.0  7.75  2.01 1400   28.6   26.6  9.42   22.7 1713   10.1 1720   -9.0   -9   -9.0   -9   -9.0   -9  26.4  25.1  24.0  19.7  15.8
20260822 105  0.9   805  20  2.4  506  11  3.8  120  24.5  27.8 1438  22.9  153  22.7  27.0  23.3  90.3  77.0 1503  27.6   2.6   1.8 -9.00 1010.2 1013.3 1014.2 1726 1011.8  328  9.4  0.7 13.4 -9.0  7.73  1.86 1400   17.2   -9.0 -9.00    6.9 1650    2.6 1711   -9.0   -9   -9.0   -9   -9.0   -9  26.9  25.4  24.9  20.3  16.9
20260822 106  1.5  1305  23  3.7   25  25  5.9   25  24.6  29.1 1336  23.1  351  23.6  27.2  23.1  94.4  75.0 1237  29.1   3.5   2.5 -9.00 1008.8 1013.4 1014.3 1940 1012.4  449  9.5  2.2 13.4 -9.0 11.92  3.18 1300   20.6   -9.0 -9.00    5.0   27    2.1  543   -9.0   -9   -9.0   -9   -9.0   -9 -99.0 -99.0 -99.0 -99.0 -99.0
20260822 108  2.2  1873  27  5.2 1252  25  9.7 1243  24.1  26.5 1238  22.6 2045  22.3  23.5  20.6  89.9  79.0 1243  26.9   1.7   1.2 -9.00 1003.2 1013.0 1014.3 1442 1011.4  326  9.6  0.2 13.4 -9.0  3.92  0.78 1100   30.4   23.2 11.75    8.9 1444    5.0 1444   -9.0   -9   -9.0   -9   -9.0   -9  27.3  26.3  25.8  21.0  16.4
20260822 112  1.7  1461  32  6.3 1212  34 10.9 1208  24.1  27.0 1134  22.4 1946  23.1  24.6  20.6  94.5  83.0 1152  28.3   1.4   1.0 -9.00 1004.7 1012.6 1014.4 1505 1010.8  324  9.3  0.3 13.4 -9.0  3.83  0.69 1000   49.8   42.4 11.33   15.6 1210    9.7 1211   -9.0   -9   -9.0   -9   -9.0   -9  26.3  25.6  24.0  20.1  15.9
20260822 114  1.2  1030  29  4.3 1630  29  7.9 1621  24.6  30.0 1407  22.6  708  22.9  26.4  22.6  91.3  72.0 1316  28.0   2.9   2.0 -9.00  995.8 1013.0 1014.4 2229 1010.9 1458  8.6  1.0 13.4 -9.0 10.42  2.53 1200   70.6   -9.0 -9.00   26.7  300   10.2  336   -9.0   -9   -9.0   -9   -9.0   -9 -99.0 -99.0 -99.0 -99.0 -99.0
20260822 115  1.6  1374  27  6.2  913  27  9.4  909  26.1  28.9 1456  23.1  950  23.7  27.3  21.7  86.8  77.0  427  29.4   3.7   2.6 -9.00  989.0 1014.0 1015.5  906 1013.0  313  9.6  1.6 13.4 -9.0 11.74  1.97 1300   26.9   22.2  4.92   24.6  846   12.9  909   -9.0   -9   -9.0   -9   -9.0   -9  24.9  22.9  21.5  15.5 -99.0
20260822 119  1.8  1512  29  5.1 1352  29  8.5 1321  24.2  29.7 1231  22.2 1716  22.3  25.2  21.2  90.1  68.0 1312  27.0   2.5   1.7 -9.00 1008.0 1012.5 1014.5 1615 1011.0  100  9.1  0.3 13.4 -9.0  7.24  1.97 1100   92.1   47.0 10.97   33.7  409   10.5  419   -9.0   -9   -9.0   -9   -9.0   -9  26.7  25.9  24.4  19.5  16.2
20260822 121  0.9   819  29  5.3 1804  34 12.2 1802  24.6  33.2 1354  21.4  706  22.9  28.5  20.8  91.0  61.0 1355  28.0   3.8   2.7 -9.00  986.4 1013.6 1015.5 1851 1011.0 1507  8.8  3.1 13.4 -9.0 14.52  3.13 1300   27.5   -9.0 -9.00   19.1 1810   14.3 1818   -9.0   -9   -9.0   -9   -9.0   -9 -99.0 -99.0 -99.0 -99.0 -99.0
20260822 127  1.4  1212  32  4.2 1619  32  8.2 1611  25.7  32.5 1323  22.7 2342  22.8  27.7  23.0  85.1  59.0 1413  27.8   3.8   2.7 -9.00  999.1 1012.1 1013.9 1813 1009.8 1500  9.3  2.3 13.4 -9.0 13.68  2.80 1300   16.5   -9.0 -9.00   14.2 1657    6.0 1714   -9.0   -9   -9.0   -9   -9.0   -9 -99.0 -99.0 -99.0 -99.0 -99.0
20260822 129  2.1  1816  32  6.1 1454   9  9.9 1455  24.7  31.2 1148  21.8 1600  23.5  26.0  20.8  93.5  66.0 1151  29.0   2.5   1.8 -9.00 1009.5 1012.3 1015.1 1552 1010.8 1831  9.1  1.2 13.3 -9.0  8.02  2.29 1000   39.5   39.4 -9.00   19.9 1454    6.8 1501   -9.0   -9   -9.0   -9   -9.0   -9  26.8  25.8  24.3  19.7  16.8
20260822 130  1.2  1033   9  5.4 1508   9  7.5 1502  25.0  29.0 1141  23.0 2251  24.1  25.7  22.3  95.3  83.0 1143  30.0  -9.0  -9.0 -9.00 1008.0 1013.6 1015.4 2024 1012.7  419  9.4  3.2 13.4 -9.0 -9.00 -9.00   -9   80.2   -9.0 -9.00   63.7 1506   17.5 1555   -9.0   -9   -9.0   -9   -9.0   -9 -99.0 -99.0 -99.0 -99.0 -99.0
20260822 131  1.4  1203  29  3.8 1651  32  9.4 1638  27.0  33.6 1323  23.7 1738  22.9  28.3  23.7  79.8  53.0 1259  27.9   4.6   3.2 -9.00 1005.5 1012.1 1014.4 1732 1010.1 1501  8.8  3.6 13.3 -9.0 15.40  3.33 1100   39.3   39.3  4.95   25.8 1635   12.8 1635   -9.0   -9   -9.0   -9   -9.0   -9 -99.0 -99.0 -99.0 -99.0 -99.0
20260822 133  1.3  1155  32  5.6 1639  34 11.3 1639  25.9  33.4 1228  23.0 1927  23.9  27.8  22.9  90.1  58.0 1237  29.7   4.1   2.9 -9.00 1004.8 1012.6 1014.7 1736 1010.8 1502  7.6  4.7 13.3 -9.0 15.03  2.85 1100   33.8   33.8  4.28   18.7 1605    9.4 1423   -9.0   -9   -9.0   -9   -9.0   -9  28.6  27.6  26.3  22.3  18.3
20260822 135  1.6  1381  29  5.9 1753  29 11.5 1744  25.4  31.7 1446  22.0 2335  22.6  28.5  22.3  85.4  64.0 1503  27.4   4.3   3.0 -9.00  984.8 1012.5 1014.2 1834 1010.0 1524  7.1  3.9 13.3 -9.0 15.56  3.08 1300    9.9   -9.0 -9.00    9.9 1824    6.0 1824   -9.0   -9   -9.0   -9   -9.0   -9 -99.0 -99.0 -99.0 -99.0 -99.0
20260822 136  1.2  1072  29  5.7 1907  32 13.9 1846  27.2  34.3 1446  22.7 2227  23.3  32.7  22.6  81.0  58.0 1447  28.7   4.8   3.4 -9.00  997.6 1013.6 1015.6 1918 1011.2 1536  8.8  4.3 13.3 -9.0 17.62  2.70 1400    2.5    2.5  1.42    2.3 1907    0.9 1906   -9.0   -9   -9.0   -9   -9.0   -9 -99.0 -99.0 -99.0 -99.0 -99.0
20260822 137  0.6   539  29  5.3 1805  34 12.2 1804  26.6  32.9 1424  22.5 1829  24.0  29.9  21.8  87.1  65.0 1428  29.9   3.9   2.7 -9.00 1001.1 1012.1 1014.0 2153 1009.6 1520  8.1  3.0 13.3 -9.0 15.30  2.85 1300   22.6   -9.0 -9.00   22.6 1759   12.0 1823   -9.0   -9   -9.0   -9   -9.0   -9 -99.0 -99.0 -99.0 -99.0 -99.0
20260822 138  1.8  1566   9  3.9 1643  11  5.8 1717  27.2  30.5 1559  24.8  414  24.4  29.1  24.3  85.5  68.0 1617  30.6   4.1   2.9 -9.00 1012.2 1012.6 1014.0 2048 1011.2 1541  8.3  3.3 13.3 -9.0 13.38  2.51 1400   -9.0   -9.0 -9.00   -9.0   -9   -9.0   -9   -9.0   -9   -9.0   -9   -9.0   -9  26.2  23.8  22.6  19.3  17.0
20260822 140  2.2  1879  32  5.7 1645   2  8.8 1847  27.1  33.9 1338  24.2 2136  24.3  28.7  21.6  85.4  60.0 1345  30.5  -9.0  -9.0 -9.00 1009.5 1012.7 1014.0 2222 1011.5    3  5.8  6.4 13.3 -9.0 -9.00 -9.00   -9   -9.0   -9.0 -9.00   -9.0   -9   -9.0   -9   -9.0   -9   -9.0   -9   -9.0   -9 -99.0 -99.0 -99.0 -99.0 -99.0
20260822 143  1.9  1683  14  4.7 2110  11  7.3 2041  27.5  33.2 1507  23.6   56  23.1  30.6  23.2  78.5  57.0 1551  28.3   5.8   4.1 -9.00 1005.8 1011.9 1013.5 2325 1009.6 1557  6.6  5.8 13.3 -9.0 20.67  3.11 1100   -9.0   -9.0 -9.00   -9.0   -9   -9.0   -9   -9.0   -9   -9.0   -9   -9.0   -9 -99.0 -99.0 -99.0 -99.0 -99.0
20260822 146  1.9  1681  34  6.3 1734  34 10.7 1735  28.3  35.5 1419  24.6  601  23.2  30.5  16.8  76.1  48.0 1413  28.5   6.1   4.3 -9.00 1005.0 1011.8 1013.3 1803 1010.0 1504  5.9  7.3 13.3 -9.0 19.69  3.12 1100    0.5    0.5  0.62    0.5   -9    0.5 1641   -9.0   -9   -9.0   -9   -9.0   -9 -99.0 -99.0 -99.0 -99.0 -99.0
20260822 152  1.5  1253  11  3.4 1023  11  5.6 1537  27.4  31.7 1409  24.0  442  24.2  29.6  23.9  83.8  62.0 1256  30.3   4.8   3.4 -9.00 1003.2 1012.4 1013.8 2102 1011.1 1601  6.5  5.1 13.3 -9.0 17.32  2.51 1200   -9.0   -9.0 -9.00   -9.0   -9   -9.0   -9   -9.0   -9   -9.0   -9   -9.0   -9 -99.0 -99.0 -99.0 -99.0 -99.0
20260822 155  1.8  1558  16  4.7 1624  20  7.7 1627  28.8  33.0 1438  26.5 2340  25.1  31.0  25.2  81.5  60.0 1439  31.9   6.0   4.2 -9.00 1008.7 1012.6 1013.9 2349 1011.6  216  5.5  7.5 13.3 -9.0 21.20  3.21 1200   -9.0   -9.0 -9.00   -9.0   -9   -9.0   -9   -9.0   -9   -9.0   -9   -9.0   -9 -99.0 -99.0 -99.0 -99.0 -99.0
20260822 156  2.3  1959  16  4.9 1455  16  7.8 1309  29.7  33.9 1334  26.3  544  24.6  31.6  24.3  74.8  60.0 1336  31.0   5.7   4.0 -9.00 1003.6 1011.5 1013.1 2356 1010.2   18  3.0  7.3 13.3 -9.0 18.63  2.63 1100   -9.0   -9.0 -9.00   -9.0   -9   -9.0   -9   -9.0   -9   -9.0   -9   -9.0   -9 -99.0 -99.0 -99.0 -99.0 -99.0
20260822 159  2.1  1796  16  5.4 1431  16  7.4 1429  29.1  33.0 1247  27.0    1  24.6  30.8  24.0  77.4  64.0 1320  31.0   6.6   4.6 -9.00 1004.4 1012.3 1013.6 2121 1011.2  230  4.5  8.4 13.3 -9.0 22.93  3.48 1200   -9.0   -9.0 -9.00   -9.0   -9   -9.0   -9   -9.0   -9   -9.0   -9   -9.0   -9  28.0  26.5  25.6  20.4  18.7
20260822 162  2.0  1712  20  4.9 1516  20  7.1 1515  28.6  33.9 1320  26.0  228  24.7  30.2  24.4  80.9  60.0 1443  31.2   6.1   4.3 -9.00 1008.1 1011.6 1012.9 2116 1010.5  215  3.3  8.1 13.3 -9.0 21.06  3.34 1200    0.0   -9.0 -9.00    0.0   -9    0.0   -9   -9.0   -9   -9.0   -9   -9.0   -9 -99.0 -99.0 -99.0 -99.0 -99.0
20260822 165  4.1  3553  14  7.3 1150  14 12.4 1415  29.4  32.7 1438  27.5  453  24.2  33.5  25.9  74.6  59.0 1251  30.2   7.1   5.0 -9.00 1006.3 1011.3 1012.9 2356 1010.0    1  3.1  8.3 13.3 -9.0 22.17  3.12 1400   -9.0   -9.0 -9.00   -9.0   -9   -9.0   -9   -9.0   -9   -9.0   -9   -9.0   -9  28.4  25.9  25.1  21.7  18.2
20260822 168  2.8  2415  14  5.1 1304  14  8.1 1211  28.6  31.0 1538  27.4  129  26.0  32.9  26.7  86.0  73.0 1257  33.5   5.7   4.0 -9.00 1005.1 1012.6 1013.7 2318 1011.3  128  5.3  6.8 13.3 -9.0 20.40  3.20 1100    0.1   -9.0  1.12    0.1   -9    0.1   -9   -9.0   -9   -9.0   -9   -9.0   -9  29.7  27.2  25.6  20.7  17.4
20260822 169  8.9  7693  14 12.7 1956  16 16.0 1850  27.2  30.0 1438  25.3  237  25.2  29.8  25.2  89.6  79.0 1437  32.1   5.3   3.7 -9.00 1002.2 1010.7 1011.9 2400 1009.2   12  3.3  6.3 13.2 -9.0 18.19  2.99 1400    0.2   -9.0  1.67    0.2   -9    0.1   -9   -9.0   -9   -9.0   -9   -9.0   -9 -99.0 -99.0 -99.0 -99.0 -99.0
20260822 170  5.1  4382  14  8.1 1103  16 12.4  952  29.0  32.7 1327  27.2  613  25.8  31.1  26.2  83.4  68.0 1338  33.2   5.9   4.1 -9.00 1007.9 1011.9 1013.0 2357 1010.4   57  3.4  7.0 13.2 -9.0 19.64  3.36 1300   -9.0   -9.0 -9.00   -9.0   -9   -9.0   -9   -9.0   -9   -9.0   -9   -9.0   -9 -99.0 -99.0 -99.0 -99.0 -99.0
20260822 172  2.5  2155   5  5.9 1844  11  9.6 1139  28.7  33.8 1339  25.1 2242  25.2  29.7  24.1  83.1  55.0 1559  32.1   6.8   4.8 -9.00 1005.3 1011.3 1012.9 2359 1009.7    1  4.0  9.4 13.3 -9.0 23.63  3.19 1300   -9.0   -9.0 -9.00   -9.0   -9   -9.0   -9   -9.0   -9   -9.0   -9   -9.0   -9 -99.0 -99.0 -99.0 -99.0 -99.0
20260822 174  1.8  1593  18  5.6 1335  16  9.7 1331  26.9  31.7 1240  22.7 2344  22.8  31.1  22.0  79.5  60.0 1611  27.8  -9.0  -9.0 -9.00  992.1 1010.7 1012.4 2356 1009.5  112  4.8  7.7 13.3 -9.0 -9.00 -9.00   -9    0.0   -9.0 -9.00    0.0   -9    0.0   -9   -9.0   -9   -9.0   -9   -9.0   -9 -99.0 -99.0 -99.0 -99.0 -99.0
20260822 177  1.4  1244   5  6.1 1451  29 10.5 1522  24.9  31.3 1202  22.0 1637  23.4  26.0  21.5  92.1  77.0 1156  28.9   2.9   2.0 -9.00 1008.0 1011.2 1014.0 1633 1009.6 1237  9.3  1.4 13.3 -9.0  9.56  2.32 1100   13.3   13.3  7.97    7.4 1556    4.8 1613   -9.0   -9   -9.0   -9   -9.0   -9 -99.0 -99.0 -99.0 -99.0 -99.0
20260822 181  1.7  1495  32  7.3 1624  18 16.9 1516  25.1  32.6 1314  21.9 2316  23.2  27.7  21.8  90.3  59.0 1313  28.6   3.5   2.4 -9.00 1008.9 1012.7 1014.8 1732 1010.7 1528  9.4  3.1 13.3 -9.0 13.55  2.74 1000   46.4   -9.0 -9.00   23.3 1633   16.1 1522   -9.0   -9   -9.0   -9   -9.0   -9 -99.0 -99.0 -99.0 -99.0 -99.0
20260822 184  3.7  3161  16  5.5  548  16 11.2 1204  30.2  33.4 1613  28.4  624  23.4  32.5  25.9  67.4  54.0 1713  28.7   6.6   4.6 -9.00 1007.6 1009.9 1011.2 2159 1008.2  442  2.9  9.1 13.2 -9.0 17.44  2.92 1300    1.0    0.9  5.25    0.6 1116    0.6 1206   -9.0   -9   -9.0   -9   -9.0   -9  30.1  28.6  28.0  25.2  19.9
20260822 185  6.7  5773  11 10.1 1217  14 15.4 1140  28.2  31.2 1325  27.0  416  25.3  30.7  25.3  84.5  69.0 1329  32.2   6.2   4.4 -9.00 1002.1 1010.2 1011.9 2149 1008.6  222  1.6  6.1 13.2 -9.0 19.70  3.22 1200    0.9   -9.0 -9.00    0.5  920    0.5 1010   -9.0   -9   -9.0   -9   -9.0   -9 -99.0 -99.0 -99.0 -99.0 -99.0
20260822 188  4.6  3943  14  7.7  944  14 10.2  930  28.7  31.4 1134  27.7 2339  25.9  29.8  26.8  85.1  73.0 1050  33.4  -9.0  -9.0 -9.00 1009.5 1011.8 1013.2 2208 1010.1  502  3.0  7.7 13.2 -9.0  0.00  0.00  500    2.0   -9.0 -9.00    2.0 1143    2.0 1151   -9.0   -9   -9.0   -9   -9.0   -9 -99.0 -99.0 -99.0 -99.0 -99.0
20260822 189  1.4  1184   7  2.3 2034  25  5.9 1030  29.2  31.4 1500  28.1  831  25.9  30.9  27.2  82.6  72.0 1309  33.3   4.5   3.1 -9.00 1005.9 1011.7 1013.3 2226 1010.2  445  6.0  4.4 13.2 -9.0 17.09  2.75 1200    1.6    1.8  3.08    0.7  738    0.5  828   -9.0   -9   -9.0   -9   -9.0   -9 -99.0 -99.0 -99.0 -99.0 -99.0
20260822 192  0.7   591  18  2.4 1605  16  8.0 1557  27.6  32.8 1259  24.3 2343  24.6  30.2  24.0  84.8  65.0 1305  30.9   4.3   3.0 -9.00 1009.2 1012.6 1013.9 2352 1011.5  212  4.4  6.2 13.3 -9.0 16.45  2.39 1500   -9.0   -9.0 -9.00   -9.0   -9   -9.0   -9   -9.0   -9   -9.0   -9   -9.0   -9 -99.0 -99.0 -99.0 -99.0 -99.0
20260822 201  1.2  1001  29  6.3 1128  25 12.7 1120  22.9  25.0 1024  21.0 2038  22.7  23.4  19.3  99.1  92.0 1115  27.6  -9.0  -9.0 -9.00 1007.9 1013.4 1014.9 1344 1011.8  332  8.4  0.4 13.4 -9.0 -9.00 -9.00   -9   67.5   -9.0 -9.00   22.5  650   13.2  723   -9.0   -9   -9.0   -9   -9.0   -9 -99.0 -99.0 -99.0 -99.0 -99.0
20260822 202  1.1   969  32  4.2 1500  32  8.7 1451  23.8  28.9 1251  22.4 2359  22.7  25.7  21.7  94.1  71.0 1258  27.6  -9.0  -9.0 -9.00 1008.1 1013.5 1014.8 1724 1012.0  142  9.4  0.4 13.4 -9.0 -9.00 -9.00   -9   28.1   -9.0 -9.00    7.8 1430    2.8 1448   -9.0   -9   -9.0   -9   -9.0   -9 -99.0 -99.0 -99.0 -99.0 -99.0
20260822 203  0.6   533  32  2.7 1506  32  7.2 1500  24.1  29.3 1234  22.1 2319  23.5  26.3  23.0  96.9  77.0 1236  28.9  -9.0  -9.0 -9.00 1004.5 1013.7 1015.0 1642 1012.0  122  9.3  1.0 13.4 -9.0 -9.00 -9.00   -9   46.8   -9.0 -9.00   15.8  400    9.6 1510   -9.0   -9   -9.0   -9   -9.0   -9 -99.0 -99.0 -99.0 -99.0 -99.0
20260822 211  0.6   519   5  1.8  527   2  3.2  527  22.9  25.9 1044  21.4 2348  21.7  25.1  20.3  93.8  78.0 1010  26.0  -9.0  -9.0 -9.00  990.4 1013.5 1014.7 2144 1012.2  345  8.3  0.1 13.4 -9.0 -9.00 -9.00   -9   14.2   -9.0 -9.00    9.8 1534    3.2 1604   -9.0   -9   -9.0   -9   -9.0   -9 -99.0 -99.0 -99.0 -99.0 -99.0
20260822 212  0.7   647  29  3.8 1543  34  7.3 1536  23.8  27.1 1426  22.4 2209  22.6  24.9  22.0  93.8  78.0 1351  27.5  -9.0  -9.0 -9.00  997.8 1013.9 1015.2 2149 1012.3  220  8.8  0.0 13.4 -9.0 -9.00 -9.00   -9   22.9   -9.0 -9.00    8.4 1521    3.1 1547   -9.0   -9   -9.0   -9   -9.0   -9 -99.0 -99.0 -99.0 -99.0 -99.0
20260822 216  1.1   971   2  3.8 1540   5  7.0 1545  22.7  29.1 1150  20.1  404  20.6  24.8  21.2  89.3  61.0 1251  24.3   4.0   2.8 -9.00  934.4 1013.5 1015.4  724 1011.3 1149  9.4  2.7 13.4 -9.0 13.98  2.88 1100   14.2   -9.0 -9.00   11.5 1909    6.3 1922   -9.0   -9   -9.0   -9   -9.0   -9 -99.0 -99.0 -99.0 -99.0 -99.0
20260822 221  1.0   888  20  4.3 1744  23  8.0 1710  23.6  29.9 1339  21.0 2352  22.3  26.8  21.0  93.4  67.0 1341  27.0  -9.0  -9.0 -9.00  983.3 1013.3 1014.9 2340 1011.0 1540  9.3  1.4 13.4 -9.0 -9.00 -9.00   -9   15.7   -9.0 -9.00   12.4 1726    5.9 1739   -9.0   -9   -9.0   -9   -9.0   -9 -99.0 -99.0 -99.0 -99.0 -99.0
20260822 226  1.0   901  27  3.9 1720  29  9.0 1716  25.3  30.8 1307  22.2 2348  23.3  28.4  21.0  90.1  66.0 1325  28.6  -9.0  -9.0 -9.00  993.5 1013.0 1014.7 1756 1010.7 1455  7.9  5.5 13.3 -9.0 -9.00 -9.00   -9   14.7   -9.0 -9.00   13.0 1712   11.3 1719   -9.0   -9   -9.0   -9   -9.0   -9 -99.0 -99.0 -99.0 -99.0 -99.0
20260822 232  1.4  1168  14  4.8 1547  14  8.6 1543  25.5  31.6 1302  22.2 2358  24.0  28.4  22.1  92.3  69.0 1318  29.9  -9.0  -9.0 -9.00 1003.5 1013.1 1015.3 1714 1011.4 1500  9.3  2.6 13.4 -9.0 -9.00 -9.00   -9   14.4   -9.0 -9.00   14.2 1541    7.2 1556   -9.0   -9   -9.0   -9   -9.0   -9 -99.0 -99.0 -99.0 -99.0 -99.0
20260822 235  2.0  1697  36  6.3 1638   5 12.0 1600  27.0  33.5 1118  23.4 1912  23.5  28.3  22.8  82.1  60.0 1020  29.0   4.1   2.9 -9.00 1010.2 1011.4 1013.4 1640 1009.2 1906  7.6  4.4 13.3 -9.0 13.31  2.70 1000    0.4   -9.0 -9.00    0.2   -9    0.2   -9   -9.0   -9   -9.0   -9   -9.0   -9 -99.0 -99.0 -99.0 -99.0 -99.0
20260822 236  1.0   864  32  4.4 1627  32  9.5 1620  26.4  33.0 1250  23.0 2147  23.8  29.4  22.7  86.8  61.0 1244  29.6  -9.0  -9.0 -9.00 1011.0 1012.5 1014.0 2217 1011.0    1  7.8  5.3 13.3 -9.0 -9.00 -9.00   -9    0.5   -9.0 -9.00    0.5 1351    0.5 1351   -9.0   -9   -9.0   -9   -9.0   -9 -99.0 -99.0 -99.0 -99.0 -99.0
20260822 238  0.8   683  32  2.9 1652  36  7.7 1651  25.9  33.5 1255  22.4 2355  23.7  28.4  22.3  89.1  59.0 1255  29.3  -9.0  -9.0 -9.00  992.8 1012.1 1013.7 2348 1009.7 1507  7.3  5.7 13.3 -9.0 -9.00 -9.00   -9    8.1   -9.0 -9.00    8.1 1707    3.5 1718   -9.0   -9   -9.0   -9   -9.0   -9 -99.0 -99.0 -99.0 -99.0 -99.0
20260822 239  1.0   882  32  5.8 1613  36 12.8 1610  25.8  32.7 1332  22.6 1929  24.0  29.2  23.0  91.1  61.0 1255  29.8   3.9   2.7 -9.00 1001.7 1011.9 1013.8 1632 1009.7 1500  8.4  3.3 13.3 -9.0 14.95  3.05 1100   32.0   -9.0 -9.00   32.0 1614   13.6 1627   -9.0   -9   -9.0   -9   -9.0   -9 -99.0 -99.0 -99.0 -99.0 -99.0
20260822 243  1.4  1250   5  5.3 1827   7  9.3 1818  27.6  34.5 1321  23.8  105  23.5  31.5  22.1  79.8  53.0 1337  29.0  -9.0  -9.0 -9.00 1010.7 1012.1 1013.5 2344 1010.3    8  5.0  6.2 13.3 -9.0 -9.00 -9.00   -9    0.0   -9.0 -9.00    0.0   -9    0.0   -9   -9.0   -9   -9.0   -9   -9.0   -9 -99.0 -99.0 -99.0 -99.0 -99.0
20260822 244  1.3  1121  27  4.9 1546  29  8.1 1544  27.1  33.3 1348  23.2  518  23.1  31.3  22.2  80.6  56.0 1404  28.3  -9.0  -9.0 -9.00  984.0 1011.7 1013.5 2340 1010.1 1513  3.5  9.7 13.3 -9.0 -9.00 -9.00   -9   -9.0   -9.0 -9.00   -9.0   -9   -9.0   -9   -9.0   -9   -9.0   -9   -9.0   -9 -99.0 -99.0 -99.0 -99.0 -99.0
20260822 245  1.7  1465  34  6.1 1719  36 10.2 1713  27.9  34.6 1411  23.7    1  23.6  28.5  23.1  79.5  53.0 1433  29.2   5.6   3.9 -9.00 1003.9 1011.7 1013.2 2343 1010.0   24  4.5  7.4 13.3 -9.0 18.38  2.88 1100    0.0   -9.0 -9.00    0.0   -9    0.0   -9   -9.0   -9   -9.0   -9   -9.0   -9 -99.0 -99.0 -99.0 -99.0 -99.0
20260822 247  2.0  1716  23  4.9 1525  23  8.5 1457  28.5  34.2 1251  24.4  607  24.1  30.0  23.3  78.4  56.0 1333  30.0  -9.0  -9.0 -9.00  996.5 1011.5 1013.3 2348 1010.1 1529  3.4  7.8 13.3 -9.0 -9.00 -9.00   -9   -9.0   -9.0 -9.00   -9.0   -9   -9.0   -9   -9.0   -9   -9.0   -9   -9.0   -9 -99.0 -99.0 -99.0 -99.0 -99.0
20260822 248  1.1   929  36  5.0 1938  36  7.4 1935  25.7  31.9 1504  21.5 2359  22.4  28.7  20.6  84.0  58.0 1402  27.0  -9.0  -9.0 -9.00  967.0 1012.4 1014.6 2345 1010.2 1508  5.3  6.2 13.3 -9.0 -9.00 -9.00   -9   -9.0   -9.0 -9.00   -9.0   -9   -9.0   -9   -9.0   -9   -9.0   -9   -9.0   -9 -99.0 -99.0 -99.0 -99.0 -99.0
20260822 251  2.2  1914  18  5.3 1417   5  9.5 1818  27.7  33.6 1402  23.8  533  24.6  29.4  23.6  84.8  58.0 1555  31.0   5.6   3.9 -9.00 1005.6 1011.3 1012.9 2355 1009.7    7  3.8  7.7 13.3 -9.0 18.52  2.68 1200   -9.0   -9.0 -9.00   -9.0   -9   -9.0   -9   -9.0   -9   -9.0   -9   -9.0   -9 -99.0 -99.0 -99.0 -99.0 -99.0
20260822 252  1.8  1557  18  5.4 1246  18  9.6 1309  27.6  33.3 1340  24.2 2310  24.0  28.4  24.2  82.3  55.0 1658  29.8   6.4   4.4 -9.00 1007.0 1011.3 1012.7 2351 1009.4    4  3.8  8.4 13.3 -9.0 21.61  3.16 1200   -9.0   -9.0 -9.00   -9.0   -9   -9.0   -9   -9.0   -9   -9.0   -9   -9.0   -9 -99.0 -99.0 -99.0 -99.0 -99.0
20260822 253  1.1   954  18  3.6 1618  18  6.7 1617  28.9  33.9 1449  26.1   11  24.7  31.7  24.2  78.8  63.0 1451  31.1   5.0   3.5 -9.00 1007.2 1013.3 1014.6 2103 1012.3 1557  4.4  5.3 13.3 -9.0 16.25  2.51 1100   -9.0   -9.0 -9.00   -9.0   -9   -9.0   -9   -9.0   -9   -9.0   -9   -9.0   -9 -99.0 -99.0 -99.0 -99.0 -99.0
20260822 254  1.5  1257  16  3.9 1438  16  6.9 1431  28.4  33.4 1313  24.2  609  23.6  31.0  23.2  77.1  54.0 1550  29.0   6.8   4.7 -9.00  997.4 1012.0 1013.7 2308 1010.9 1502  3.3  9.1 13.3 -9.0 22.50  3.08 1200   -9.0   -9.0 -9.00   -9.0   -9   -9.0   -9   -9.0   -9   -9.0   -9   -9.0   -9 -99.0 -99.0 -99.0 -99.0 -99.0
20260822 255  1.0   904  18  2.8 1521  14  6.9 1654  29.5  35.0 1448  25.7  608  24.9  29.9  24.3  77.1  60.0 1324  31.4   4.9   3.4 -9.00 1006.4 1012.1 1013.5 2353 1010.8 1605  3.3  6.2 13.3 -9.0 16.44  2.16 1500   -9.0   -9.0 -9.00   -9.0   -9   -9.0   -9   -9.0   -9   -9.0   -9   -9.0   -9 -99.0 -99.0 -99.0 -99.0 -99.0
20260822 257  1.5  1263   5  2.9  802   2  5.6  802  29.2  34.7 1503  25.7 2348  25.1  30.5  23.9  79.6  58.0 1320  31.8   4.0   2.8 -9.00 1011.8 1012.5 1013.9 2348 1011.0 1610  4.4  2.9 13.3 -9.0 13.06  2.35 1300   -9.0   -9.0 -9.00   -9.0   -9   -9.0   -9   -9.0   -9   -9.0   -9   -9.0   -9 -99.0 -99.0 -99.0 -99.0 -99.0
20260822 258  2.4  2064  20  6.0 1333  20  7.6 1301  28.7  33.3 1315  26.1   12  25.5  29.7  24.3  84.1  59.0 1335  32.7   6.1   4.3 -9.00 1012.2 1012.4 1013.8 2338 1011.3  134  4.8  7.8 13.3 -9.0 21.77  3.38 1300    0.0   -9.0 -9.00    0.0   -9    0.0   -9   -9.0   -9   -9.0   -9   -9.0   -9 -99.0 -99.0 -99.0 -99.0 -99.0
20260822 259  1.9  1671  14  4.0 1401   9  6.9  940  29.2  32.6 1206  26.8 2249  25.0  30.3  25.7  79.4  59.0 1442  31.7   6.1   4.3 -9.00 1009.7 1011.5 1012.8 2359 1010.1  505  4.6  6.0 13.3 -9.0 20.83  3.27 1100   -9.0   -9.0 -9.00   -9.0   -9   -9.0   -9   -9.0   -9   -9.0   -9   -9.0   -9 -99.0 -99.0 -99.0 -99.0 -99.0
20260822 260  2.7  2316  18  5.8 1240  18  9.4 1231  28.8  31.7 1151  26.7 2252  25.3  31.1  23.0  82.0  66.0 1500  32.2  -9.0  -9.0 -9.00 1006.7 1011.7 1013.0 2358 1010.4   38  5.0  7.8 13.2 -9.0 -9.00 -9.00   -9   -9.0   -9.0 -9.00   -9.0   -9   -9.0   -9   -9.0   -9   -9.0   -9   -9.0   -9 -99.0 -99.0 -99.0 -99.0 -99.0
20260822 261  4.6  3998  11  8.5 1345  14 12.4 1228  29.1  32.1 1206  27.3 2120  25.8  30.7  26.0  82.5  70.0 1228  33.1  -9.0  -9.0 -9.00 1009.9 1011.8 1013.0 2351 1010.4  122  4.4  7.7 13.3 -9.0 -9.00 -9.00   -9    0.0   -9.0 -9.00    0.0   -9    0.0   -9   -9.0   -9   -9.0   -9   -9.0   -9 -99.0 -99.0 -99.0 -99.0 -99.0
20260822 262  1.7  1463  18  5.6 1247  20 10.3 1239  29.1  33.1 1131  26.4 2218  24.9  31.9  27.4  79.5  57.0 1534  31.6   6.3   4.4 -9.00 1006.2 1012.1 1013.3 2325 1010.8  133  4.0  8.8 13.3 -9.0 22.94  3.02 1400   -9.0   -9.0 -9.00   -9.0   -9   -9.0   -9   -9.0   -9   -9.0   -9   -9.0   -9 -99.0 -99.0 -99.0 -99.0 -99.0
20260822 263  1.1   911  23  4.4 1626  23  7.0 1623  27.6  33.2 1357  23.8  510  24.7  31.6  23.3  85.8  62.0 1530  31.1   4.5   3.1 -9.00 1010.9 1012.5 1013.8 2355 1010.9 1541  4.1  4.8 13.3 -9.0 17.15  2.43 1300   -9.0   -9.0 -9.00   -9.0   -9   -9.0   -9   -9.0   -9   -9.0   -9   -9.0   -9 -99.0 -99.0 -99.0 -99.0 -99.0
20260822 264  1.4  1231  16  3.7 1203  18  6.9 1552  27.9  33.5 1503  24.0 2359  24.9  30.2  23.4  85.0  64.0 1544  31.6   5.7   4.0 -9.00  995.1 1012.2 1014.0 2353 1010.2 1536  5.6  6.0 13.3 -9.0 21.00  3.21 1300   -9.0   -9.0 -9.00   -9.0   -9   -9.0   -9   -9.0   -9   -9.0   -9   -9.0   -9 -99.0 -99.0 -99.0 -99.0 -99.0
20260822 266  1.5  1300   9  3.4 1033   9  6.0  934  28.4  33.0 1336  26.1 2357  25.6  28.4  25.7  85.4  64.0 1339  32.8   4.0   2.8 -9.00 1002.8 1012.8 1014.1 2350 1011.5  203  4.4  3.2 13.3 -9.0 13.63  2.77 1300   -9.0   -9.0 -9.00   -9.0   -9   -9.0   -9   -9.0   -9   -9.0   -9   -9.0   -9 -99.0 -99.0 -99.0 -99.0 -99.0
20260822 268  2.8  2417  11  4.4   29  11 11.0 1420  28.8  31.5 1213  27.4  257  24.9  30.2  25.6  80.3  70.0 1214  31.6  -9.0  -9.0 -9.00 1008.8 1009.9 1011.2 2347 1008.5   12  4.8  7.6 13.2 -9.0 -9.00 -9.00   -9   -9.0   -9.0 -9.00   -9.0   -9   -9.0   -9   -9.0   -9   -9.0   -9   -9.0   -9 -99.0 -99.0 -99.0 -99.0 -99.0
20260822 271  0.9   753   5  2.8 1731   7  5.8 1738  25.0  31.2 1449  21.6 2338  22.0  27.3  20.7  85.0  62.0 1513  26.4  -9.0  -9.0 -9.00  977.0 1013.6 1016.0 1930 1011.3 1520  9.0  3.2 13.3 -9.0 -9.00 -9.00   -9   51.0   -9.0 -9.00   48.1 1858   14.4 1932   -9.0   -9   -9.0   -9   -9.0   -9 -99.0 -99.0 -99.0 -99.0 -99.0
20260822 272  1.2  1019  32  9.6 1845  32 14.8 1837  25.6  31.0 1358  22.5  302  23.5  28.5  22.4  89.8  65.0 1131  28.9  -9.0  -9.0 -9.00  989.2 1013.1 1015.0 2344 1011.0 1522  8.4  2.4 13.4 -9.0 -9.00 -9.00   -9    1.6   -9.0 -9.00    1.6 1846    1.2 1853   -9.0   -9   -9.0   -9   -9.0   -9 -99.0 -99.0 -99.0 -99.0 -99.0
20260822 273  0.8   684  29  7.7 1806  29 16.0 1758  25.5  30.8 1415  22.6 2337  23.7  27.4  21.2  91.1  70.0 1303  29.3  -9.0  -9.0 -9.00  993.0 1012.6 1014.3 2138 1010.4 1518  8.6  1.5 13.3 -9.0 -9.00 -9.00   -9   32.1   -9.0 -9.00   32.1 1757   25.1 1802   -9.0   -9   -9.0   -9   -9.0   -9 -99.0 -99.0 -99.0 -99.0 -99.0
20260822 276  1.4  1204  32  5.4 1952  34 11.2 1943  26.4  34.1 1355  22.0 2259  24.0  29.1  21.4  88.3  57.0 1347  29.9   5.2   3.6 -9.00  989.0 1012.5 1015.4 2020 1010.1 1544  8.5  4.4 13.3 -9.0 18.29  3.13 1300   15.5   -9.0 -9.00   15.5 1946    4.6 2026   -9.0   -9   -9.0   -9   -9.0   -9 -99.0 -99.0 -99.0 -99.0 -99.0
20260822 277  1.1   940  32  6.1 2032  29 12.5 2027  25.1  29.9 1237  22.2 2322  23.3  28.9  22.2  90.3  72.0 1238  28.6  -9.0  -9.0 -9.00 1008.8 1013.4 1015.7 2027 1012.2 1509  8.6  3.3 13.3 -9.0 -9.00 -9.00   -9    1.5   -9.0 -9.00    1.5 2024    0.7 2113   -9.0   -9   -9.0   -9   -9.0   -9 -99.0 -99.0 -99.0 -99.0 -99.0
20260822 278  0.9   779  27  6.5 1907  27 12.0 1904  27.2  34.0 1447  23.3 2340  24.1  31.5  22.9  85.4  57.0 1452  30.0  -9.0  -9.0 -9.00 1002.7 1011.9 1013.6 1928 1009.6 1533  8.1  3.4 13.3 -9.0 -9.00 -9.00   -9   15.3   -9.0 -9.00   14.4 1853    8.4 1929   -9.0   -9   -9.0   -9   -9.0   -9 -99.0 -99.0 -99.0 -99.0 -99.0
20260822 279  0.8   660  27  3.7 1924  32  9.1 1853  27.7  34.0 1524  24.0 2335  23.8  30.6  24.3  81.3  56.0 1525  29.5   4.4   3.1 -9.00 1006.8 1012.4 1014.1 2326 1010.0 1535  8.3  4.0 13.3 -9.0 15.92  2.81 1300    3.4   -9.0 -9.00    3.4 1911    1.4 1916   -9.0   -9   -9.0   -9   -9.0   -9 -99.0 -99.0 -99.0 -99.0 -99.0
20260822 281  1.3  1083  32  5.6 1931  27 12.1 1923  26.3  31.9 1416  23.0 2257  23.9  28.8  22.6  88.0  64.0 1418  29.7  -9.0  -9.0 -9.00 1002.5 1013.4 1015.2 2036 1011.5 1559  7.0  3.3 13.3 -9.0 -9.00 -9.00   -9    7.9   -9.0 -9.00    7.6 1910    2.8 1922   -9.0   -9   -9.0   -9   -9.0   -9 -99.0 -99.0 -99.0 -99.0 -99.0
20260822 283  1.1   976  14  3.8 1654  14  5.7 1650  27.6  33.6 1442  23.9   58  24.3  29.9  23.5  83.6  62.0 1600  30.4   5.1   3.6 -9.00 1008.7 1013.3 1014.6 2056 1011.4 1552  7.1  4.1 13.3 -9.0 17.55  2.50 1400   -9.0   -9.0 -9.00   -9.0   -9   -9.0   -9   -9.0   -9   -9.0   -9   -9.0   -9 -99.0 -99.0 -99.0 -99.0 -99.0
20260822 284  1.3  1116  14  4.5 1617  16  6.5 1616  26.7  32.0 1513  23.7  359  24.1  28.6  22.6  86.6  70.0 1428  30.1   3.5   2.5 -9.00  986.7 1012.4 1014.1 2350 1010.3 1524  6.8  3.1 13.3 -9.0 15.32  2.48 1100   -9.0   -9.0 -9.00   -9.0   -9   -9.0   -9   -9.0   -9   -9.0   -9   -9.0   -9 -99.0 -99.0 -99.0 -99.0 -99.0
20260822 285  0.6   543  18  2.1 1620  20  5.4 1742  27.6  33.3 1459  24.1   15  25.1  30.2  24.4  87.5  64.0 1501  31.8  -9.0  -9.0 -9.00 1009.7 1012.7 1014.0 2356 1010.9 1547  5.6  4.0 13.3 -9.0 -9.00 -9.00   -9   -9.0   -9.0 -9.00   -9.0   -9   -9.0   -9   -9.0   -9   -9.0   -9   -9.0   -9 -99.0 -99.0 -99.0 -99.0 -99.0
20260822 288  1.6  1369  18  3.1 1600  23  6.3 1651  29.1  35.0 1551  24.2  132  24.3  33.0  24.8  76.5  56.0 1548  30.4   5.9   4.1 -9.00 1010.1 1011.0 1012.3 2339 1009.1 1550  4.5  7.1 13.3 -9.0 19.90  2.76 1000   -9.0   -9.0 -9.00   -9.0   -9   -9.0   -9   -9.0   -9   -9.0   -9   -9.0   -9 -99.0 -99.0 -99.0 -99.0 -99.0
20260822 289  1.4  1236   5  3.5  118   7  6.1   38  27.4  32.5 1552  24.9 2343  24.7  30.4  23.0  86.0  65.0 1551  31.2  -9.0  -9.0 -9.00  997.4 1013.0 1014.5 2354 1011.3 1543  6.4  3.1 13.3 -9.0 -9.00 -9.00   -9    0.8   -9.0 -9.00    0.8  811    0.4  816   -9.0   -9   -9.0   -9   -9.0   -9 -99.0 -99.0 -99.0 -99.0 -99.0
20260822 294  1.3  1103   7  3.0 1210  11  5.8 1102  27.4  31.1 1233  25.2 2358  24.5  29.4  24.4  84.9  70.0 1649  30.8  -9.0  -9.0 -9.00 1008.2 1013.3 1014.5 2112 1012.1  219  4.1  2.8 13.3 -9.0 -9.00 -9.00   -9   -9.0   -9.0 -9.00   -9.0   -9   -9.0   -9   -9.0   -9   -9.0   -9   -9.0   -9 -99.0 -99.0 -99.0 -99.0 -99.0
20260822 295  1.1   973  18  3.4 1455  16  7.2 1540  27.6  31.8 1238  24.7 2308  24.1  30.7  22.9  82.6  64.0 1644  30.1  -9.0  -9.0 -9.00 1007.5 1012.7 1013.8 2342 1011.4  135  4.4  5.2 13.3 -9.0 -9.00 -9.00   -9   -9.0   -9.0 -9.00   -9.0   -9   -9.0   -9   -9.0   -9   -9.0   -9   -9.0   -9 -99.0 -99.0 -99.0 -99.0 -99.0
20260822 296  1.9  1635  16  3.7 1639  16  5.9 1630  29.4  34.2 1419  26.3 2308  25.0  29.8  23.5  78.3  60.0 1444  31.7   5.0   3.5 -9.00 1011.5 1011.8 1013.1 2109 1010.5 1611  4.3  4.9 13.3 -9.0 16.28  2.14 1400   -9.0   -9.0 -9.00   -9.0   -9   -9.0   -9   -9.0   -9   -9.0   -9   -9.0   -9 -99.0 -99.0 -99.0 -99.0 -99.0
20260823  90  1.9  1620  14  5.3 1646  16  7.6 1650  26.1  30.8 1600  22.5  540  23.0  29.6  22.6  83.5  66.0 1557  28.1   5.4   3.8 -9.00 1010.8 1012.8 1014.4  937 1011.3 1631  5.5  8.9 13.4 -9.0 19.98  2.81 1400   -9.0   -9.0 -9.00   -9.0   -9   -9.0   -9   -9.0   -9   -9.0   -9   -9.0   -9 -99.0 -99.0 -99.0 -99.0 -99.0
20260823  93  0.8   691  23  3.1 1648  20  5.0 1409  26.1  32.6 1536  21.1   24  23.3  28.7  22.2  86.0  61.0 1615  28.6   5.5   3.9 -9.00 1003.3 1014.2 1016.3 1003 1012.3 1616  3.4  9.6 13.4 -9.0 21.87  3.14 1200   -9.0   -9.0 -9.00   -9.0   -9   -9.0   -9   -9.0   -9   -9.0   -9   -9.0   -9  26.8  27.3  26.2  22.5  19.2
20260823  95  1.0   869  25  3.1 1530  25  6.5 1527  26.1  32.1 1513  20.7  144  22.9  29.0  20.8  85.0  59.0 1635  27.9   6.4   4.5 -9.00  996.5 1014.2 1015.5  928 1012.6 1615  4.3 10.5 13.4 -9.0 24.52  3.29 1100    0.1   -9.0 -9.00    0.1   -9    0.1   -9   -9.0   -9   -9.0   -9   -9.0   -9 -99.0 -99.0 -99.0 -99.0 -99.0
20260823  98  0.7   597  27  2.3 1633  27  5.2 1707  26.2  32.4 1442  21.2  218  21.9  28.8  21.0  78.4  54.0 1339  26.3   5.5   3.8 -9.00 1000.5 1013.7 1015.1  942 1012.3 1543  4.3  8.3 13.4 -9.0 20.86  2.97 1100    0.0   -9.0 -9.00   -9.0   -9   -9.0   -9   -9.0   -9   -9.0   -9   -9.0   -9 -99.0 -99.0 -99.0 -99.0 -99.0
20260823  99  0.8   686  27  2.6 1424  29  5.1 1415  26.0  32.2 1413  21.5  114  23.2  29.2  21.8  86.4  60.0 1418  28.4   5.8   4.0 -9.00 1010.8 1014.3 1015.8  942 1013.2 1542  4.0  9.8 13.4 -9.0 21.92  3.10 1300   -9.0   -9.0 -9.00   -9.0   -9   -9.0   -9   -9.0   -9   -9.0   -9   -9.0   -9 -99.0 -99.0 -99.0 -99.0 -99.0
20260823 100  2.1  1827  27  5.1 1610  29  8.9 1427  23.7  29.2 1528  18.8  646  20.9  26.6  18.7  85.6  62.0 1530  24.8   6.8   4.8 -9.00  928.7 1013.6 1015.8  658 1010.9 1628  3.6 10.7 13.4 -9.0 26.19  3.51 1200   -9.0   -9.0 -9.00   -9.0   -9   -9.0   -9   -9.0   -9   -9.0   -9   -9.0   -9 -99.0 -99.0 -99.0 -99.0 -99.0
20260823 101  1.1   936  25  3.2 1355  25  4.8 1554  26.6  33.6 1536  21.6    1  22.7  29.2  21.3  80.9  52.0 1538  27.6   6.0   4.2 -9.00 1004.4 1013.0 1015.1 1002 1010.9 1616  3.3  8.2 13.4 -9.0 22.22  3.22 1200   -9.0   -9.0 -9.00   -9.0   -9   -9.0   -9   -9.0   -9   -9.0   -9   -9.0   -9  27.2  26.1  24.6  19.9  16.4
20260823 102  4.0  3427  16  5.6 1154  16 10.6 1107  25.3  28.5 1342  23.1  219  23.9  26.8  22.7  92.3  81.0 1343  29.8   4.4   3.1 -9.00 1008.0 1012.2 1013.1  920 1011.0  407  7.1  4.4 13.4 -9.0 17.69  3.41 1200    0.0   -9.0  0.42    0.0   -9    0.0   -9   -9.0   -9   -9.0   -9   -9.0   -9 -99.0 -99.0 -99.0 -99.0 -99.0
20260823 104  0.9   760  11  2.7 1355  25  4.3 1123  27.0  32.2 1732  21.3  457  24.5  29.8  20.7  87.1  71.0 1658  30.9   6.1   4.3 -9.00 1003.6 1012.2 1013.6  959 1010.5 1701  3.8 12.3 13.4 -9.0 24.84  3.25 1100   -9.0   -9.0 -9.00   -9.0   -9   -9.0   -9   -9.0   -9   -9.0   -9   -9.0   -9  26.1  25.0  23.9  19.8  15.6
20260823 105  1.5  1257  23  2.7 2119  25  4.8 2344  28.1  33.4 1620  23.0  101  22.8  29.8  22.3  74.3  57.0 1629  27.9   6.8   4.7 -9.00 1009.8 1012.9 1014.6 1003 1011.1 1716  3.1 12.4 13.4 -9.0 23.86  3.05 1100   -9.0   -9.0 -9.00   -9.0   -9   -9.0   -9   -9.0   -9   -9.0   -9   -9.0   -9  26.9  25.8  24.9  20.4  16.9
20260823 106  1.5  1289  23  2.6 2245   9  3.7 1354  26.2  30.4 1636  22.4  410  23.3  29.3  21.1  84.9  65.0 1554  28.6   6.1   4.3 -9.00 1008.7 1013.3 1014.8  950 1012.0 1814  3.0 11.7 13.3 -9.0 24.60  3.20 1200   -9.0   -9.0 -9.00   -9.0   -9   -9.0   -9   -9.0   -9   -9.0   -9   -9.0   -9 -99.0 -99.0 -99.0 -99.0 -99.0
20260823 108  2.0  1726  27  3.2 1417  27  5.8 1818  27.5  33.1 1641  22.7  539  22.6  26.4  20.6  76.1  54.0 1624  27.5   5.5   3.8 -9.00 1004.0 1013.7 1015.3 1014 1012.4 1547  3.5  8.0 13.4 -9.0 20.18  3.09 1200   -9.0   -9.0 -9.00   -9.0   -9   -9.0   -9   -9.0   -9   -9.0   -9   -9.0   -9  26.8  26.2  25.7  21.1  16.4
20260823 112  1.8  1534  20  4.1 1306  23  6.6 1640  27.6  31.5 1445  23.1    1  24.2  29.1  20.9  83.4  67.0 1433  30.3   6.4   4.5 -9.00 1005.7 1013.5 1014.9 1002 1012.7 1555  3.6 11.0 13.3 -9.0 25.01  3.26 1200   -9.0   -9.0 -9.00   -9.0   -9   -9.0   -9   -9.0   -9   -9.0   -9   -9.0   -9  25.7  25.5  24.0  20.1  15.9
20260823 114  1.1   921  32  2.7 1359  32  4.8 1346  27.1  33.3 1546  22.0  638  22.8  29.3  22.6  79.6  51.0 1547  27.8   5.7   4.0 -9.00  996.7 1013.7 1015.5 1011 1011.9 1633  2.6  8.3 13.3 -9.0 20.88  3.21 1100   -9.0   -9.0 -9.00   -9.0   -9   -9.0   -9   -9.0   -9   -9.0   -9   -9.0   -9 -99.0 -99.0 -99.0 -99.0 -99.0
20260823 115  3.4  2942  25  5.5  820  23  8.9  747  28.0  31.0 1151  25.4   11  24.9  30.9  23.3  83.8  74.0 1836  31.6   6.2   4.3 -9.00  988.7 1013.5 1014.7 1004 1012.4 1727  2.5 11.2 13.3 -9.0 21.63  2.78 1100    0.1   -9.0  0.58    0.1   -9    0.1   -9   -9.0   -9   -9.0   -9   -9.0   -9  25.0  23.1  21.8  15.6 -99.0
20260823 119  1.5  1322  29  3.4 1753  29  6.2 1713  27.6  33.2 1450  22.4  416  23.0  29.8  20.9  78.0  54.0 1452  28.2   5.8   4.1 -9.00 1008.8 1013.3 1014.9 1006 1012.0 1553  2.8 10.2 13.3 -9.0 22.05  3.11 1200   -9.0   -9.0 -9.00   -9.0   -9   -9.0   -9   -9.0   -9   -9.0   -9   -9.0   -9  26.3  25.8  24.4  19.8  16.3
20260823 121  0.8   658  20  2.5 1501  23  3.9 1458  26.4  33.7 1513  21.3  439  23.1  32.6  19.7  84.3  55.0 1431  28.3   5.7   4.0 -9.00  987.4 1014.5 1016.8  946 1012.0 1709  2.4  7.5 13.3 -9.0 22.14  3.45 1200   -9.0   -9.0 -9.00   -9.0   -9   -9.0   -9   -9.0   -9   -9.0   -9   -9.0   -9 -99.0 -99.0 -99.0 -99.0 -99.0
20260823 127  0.9   772  34  2.4 1544  23  4.9 1217  27.3  33.3 1450  22.6   30  23.3  29.3  22.8  80.5  56.0 1718  28.7   6.2   4.3 -9.00 1000.1 1013.0 1014.8  920 1011.3 1652  2.1  8.6 13.3 -9.0 23.44  3.58 1200   -9.0   -9.0 -9.00   -9.0   -9   -9.0   -9   -9.0   -9   -9.0   -9   -9.0   -9 -99.0 -99.0 -99.0 -99.0 -99.0
20260823 129  1.3  1126  18  3.7 1238  23  5.9 1349  27.5  32.9 1607  21.4  454  23.4  28.3  20.1  80.1  57.0 1513  28.8   6.8   4.8 -9.00 1010.7 1013.6 1015.0  955 1012.8 1536  1.0 12.2 13.3 -9.0 25.39  3.35 1200   -9.0   -9.0 -9.00   -9.0   -9   -9.0   -9   -9.0   -9   -9.0   -9   -9.0   -9  26.2  25.9  24.4  19.8  16.8
20260823 130  1.5  1306   9  3.2 1232  20  5.7  818  27.2  31.5  931  23.1    1  24.8  29.8  22.4  87.6  68.0  918  31.4  -9.0  -9.0 -9.00 1007.8 1013.4 1014.5  942 1012.2 1802  1.8 12.5 13.3 -9.0 -9.00 -9.00   -9   -9.0   -9.0 -9.00   -9.0   -9   -9.0   -9   -9.0   -9   -9.0   -9   -9.0   -9 -99.0 -99.0 -99.0 -99.0 -99.0
20260823 131  1.0   904  29  2.3 1435  27  5.1 1355  29.0  34.5 1520  23.1  548  23.1  30.9  23.1  72.4  49.0 1544  28.4   7.4   5.1 -9.00 1006.6 1013.3 1014.9  943 1011.6 1637  1.9 10.2 13.3 -9.0 26.17  3.49 1200   -9.0   -9.0 -9.00   -9.0   -9   -9.0   -9   -9.0   -9   -9.0   -9   -9.0   -9 -99.0 -99.0 -99.0 -99.0 -99.0
20260823 133  0.8   708  34  2.5 2008   7  4.0 1508  27.9  34.4 1421  22.5  457  23.8  29.3  22.2  79.9  53.0 1417  29.5   5.8   4.0 -9.00 1006.1 1013.8 1015.4 1011 1012.1 1640  3.9  9.6 13.3 -9.0 22.13  3.30 1200   -9.0   -9.0 -9.00   -9.0   -9   -9.0   -9   -9.0   -9   -9.0   -9   -9.0   -9  28.6  27.6  26.2  22.3  18.3
20260823 135  1.2  1027  18  3.5 1434  16  5.5 1307  25.9  32.2 1533  21.8  352  23.1  28.8  22.1  85.9  61.0 1535  28.2   6.3   4.4 -9.00  986.0 1013.7 1015.4  915 1011.8 1551  1.6  8.6 13.3 -9.0 23.05  3.53 1200   -9.0   -9.0 -9.00   -9.0   -9   -9.0   -9   -9.0   -9   -9.0   -9   -9.0   -9 -99.0 -99.0 -99.0 -99.0 -99.0
20260823 136  1.0   823  32  3.0 1417  27  6.4 1308  27.6  34.5 1549  22.3  222  23.1  33.1  22.3  78.6  51.0 1549  28.3   6.8   4.8 -9.00  998.7 1014.6 1016.7  938 1012.6 1710  3.4  9.3 13.3 -9.0 24.28  3.40 1200   -9.0   -9.0 -9.00   -9.0   -9   -9.0   -9   -9.0   -9   -9.0   -9   -9.0   -9 -99.0 -99.0 -99.0 -99.0 -99.0
20260823 137  0.4   333  16  1.4 1428  14  2.9 1423  27.2  33.6 1554  22.7  220  24.2  30.4  22.1  85.0  59.0 1629  30.2   5.8   4.1 -9.00 1002.1 1013.1 1015.0  929 1011.0 1801  2.6  8.1 13.3 -9.0 21.35  3.21 1300   -9.0   -9.0 -9.00   -9.0   -9   -9.0   -9   -9.0   -9   -9.0   -9   -9.0   -9 -99.0 -99.0 -99.0 -99.0 -99.0
20260823 138  2.0  1740  23  4.0 1127  27  7.6 1448  30.1  35.1 1520  25.2  607  23.5  31.4  23.4  70.0  43.0 1419  29.0   7.9   5.5 -9.00 1012.4 1012.8 1014.2  722 1011.2 1541  0.0 11.9 13.3 -9.0 24.73  3.24 1200   -9.0   -9.0 -9.00   -9.0   -9   -9.0   -9   -9.0   -9   -9.0   -9   -9.0   -9  26.1  23.7  22.6  19.2  17.0
20260823 140  1.3  1140  27  3.7 1709   7  5.6    4  28.6  34.4 1424  22.9  526  24.6  30.7  20.7  80.0  57.0 1419  31.0  -9.0  -9.0 -9.00 1011.0 1014.2 1015.5 1046 1012.9 1622  2.0 11.4 13.3 -9.0 -9.00 -9.00   -9   -9.0   -9.0 -9.00   -9.0   -9   -9.0   -9   -9.0   -9   -9.0   -9   -9.0   -9 -99.0 -99.0 -99.0 -99.0 -99.0
20260823 143  1.0   838  11  2.5   33  25  4.3 1316  29.2  35.2 1452  23.3  600  22.0  31.4  21.8  68.1  40.0 1437  26.5   6.3   4.4 -9.00 1006.8 1012.9 1014.4  900 1011.0 1640  1.6  9.1 13.3 -9.0 22.15  3.15 1200   -9.0   -9.0 -9.00   -9.0   -9   -9.0   -9   -9.0   -9   -9.0   -9   -9.0   -9 -99.0 -99.0 -99.0 -99.0 -99.0
20260823 146  1.7  1456  27  4.1 1859  20  6.7 1430  30.3  36.0 1613  24.2  521  23.0  32.0  20.4  67.8  39.0 1614  28.2   7.6   5.3 -9.00 1006.4 1013.2 1014.4 1009 1011.5 1749  2.6 11.8 13.3 -9.0 24.17  3.48 1200   -9.0   -9.0 -9.00   -9.0   -9   -9.0   -9   -9.0   -9   -9.0   -9   -9.0   -9 -99.0 -99.0 -99.0 -99.0 -99.0
20260823 152  1.2  1021  16  2.6 1419  16  5.1 1323  28.1  33.4 1225  24.3  556  23.8  30.5  23.4  79.0  48.0 1133  29.4   6.0   4.2 -9.00 1003.9 1013.1 1014.0  701 1011.6 1613  2.3 10.2 13.3 -9.0 22.21  3.10 1300   -9.0   -9.0 -9.00   -9.0   -9   -9.0   -9   -9.0   -9   -9.0   -9   -9.0   -9 -99.0 -99.0 -99.0 -99.0 -99.0
20260823 155  1.3  1164  14  3.8 1624  18  5.7 1554  29.3  34.6 1500  25.4  535  25.1  33.6  23.6  79.8  53.0 1228  31.8   5.9   4.1 -9.00 1009.7 1013.7 1014.8  922 1012.2 1654  2.4  9.0 13.2 -9.0 20.84  2.78 1000   -9.0   -9.0 -9.00   -9.0   -9   -9.0   -9   -9.0   -9   -9.0   -9   -9.0   -9 -99.0 -99.0 -99.0 -99.0 -99.0
20260823 156  2.1  1786  16  4.2 1546  16  6.8 1444  29.9  35.2 1344  25.5  459  24.4  33.0  23.1  73.9  52.0 1347  30.6   6.5   4.5 -9.00 1005.3 1013.2 1014.4 1007 1011.9 1555  2.8 10.2 13.2 -9.0 22.26  3.24 1100   -9.0   -9.0 -9.00   -9.0   -9   -9.0   -9   -9.0   -9   -9.0   -9   -9.0   -9 -99.0 -99.0 -99.0 -99.0 -99.0
20260823 159  1.9  1606  23  4.9 1248  23  6.4 1239  29.6  33.1 1052  26.8  527  24.8  31.3  22.6  75.9  64.0 1059  31.4   7.0   4.9 -9.00 1005.4 1013.3 1014.2  956 1012.1 1642  2.9 11.7 13.2 -9.0 25.55  3.35 1200   -9.0   -9.0 -9.00   -9.0   -9   -9.0   -9   -9.0   -9   -9.0   -9   -9.0   -9  28.3  26.6  25.6  20.5  18.7
20260823 162  1.6  1343  23  3.6 1443  20  5.3 1326  29.0  34.1 1516  25.0  546  24.5  31.9  23.1  78.4  55.0 1519  30.7   6.5   4.5 -9.00 1009.4 1012.9 1013.8 1008 1011.6 1649  3.9  9.8 13.2 -9.0 23.85  3.44 1100   -9.0   -9.0 -9.00   -9.0   -9   -9.0   -9   -9.0   -9   -9.0   -9   -9.0   -9 -99.0 -99.0 -99.0 -99.0 -99.0
20260823 165  3.2  2801  18  5.8 1324  14  9.8 1334  29.4  33.0 1422  26.8  358  24.4  34.7  25.1  75.4  56.0 1423  30.5   6.8   4.7 -9.00 1008.3 1013.3 1014.3 1051 1012.4 1703  4.1 10.3 13.2 -9.0 22.15  3.13 1400   -9.0   -9.0 -9.00   -9.0   -9   -9.0   -9   -9.0   -9   -9.0   -9   -9.0   -9  25.8  26.0  25.2  21.7  18.3
20260823 168  2.6  2257  25  4.1 1801   9  5.7  228  29.0  32.1 1349  26.4  605  24.9  33.0  25.6  79.8  64.0 1536  31.6   6.5   4.5 -9.00 1006.6 1014.1 1015.1 1003 1013.0 1643  3.5 10.8 13.2 -9.0 24.11  3.23 1300   -9.0   -9.0 -9.00   -9.0   -9   -9.0   -9   -9.0   -9   -9.0   -9   -9.0   -9  29.9  27.3  25.6  20.8  17.4
20260823 169  7.3  6341  16 10.1    1  16 12.2    6  28.4  32.1 1531  25.7  340  25.5  32.1  25.3  85.4  73.0 1406  32.7   7.4   5.2 -9.00 1004.3 1012.8 1013.8 1002 1011.8    2  2.5 12.5 13.2 -9.0 26.36  3.41 1300   -9.0   -9.0 -9.00   -9.0   -9   -9.0   -9   -9.0   -9   -9.0   -9   -9.0   -9 -99.0 -99.0 -99.0 -99.0 -99.0
20260823 170  3.6  3069  14  6.0 1037  16  9.1 1032  29.0  33.7 1229  25.8 2344  25.3  30.9  25.2  81.8  64.0 1400  32.3   6.6   4.6 -9.00 1009.7 1013.7 1014.6 1034 1012.8  456  3.4  9.2 13.2 -9.0 22.32  3.45 1200    0.1   -9.0 -9.00    0.1   -9    0.1   -9   -9.0   -9   -9.0   -9   -9.0   -9 -99.0 -99.0 -99.0 -99.0 -99.0
20260823 172  2.1  1787  11  4.2  849  14  7.4 1039  29.6  34.4 1433  25.1   28  25.5  30.9  24.0  80.9  53.0 1544  32.7   6.4   4.5 -9.00 1007.2 1013.1 1014.2 1020 1011.7 1601  1.6 11.0 13.2 -9.0 23.09  3.34 1200   -9.0   -9.0 -9.00   -9.0   -9   -9.0   -9   -9.0   -9   -9.0   -9   -9.0   -9 -99.0 -99.0 -99.0 -99.0 -99.0
20260823 174  1.0   838  20  3.5 1326  14  5.7  949  26.8  33.1 1446  22.2  338  22.2  32.0  21.6  78.1  51.0 1441  26.8  -9.0  -9.0 -9.00  993.7 1012.3 1013.3 1034 1010.8 1646  3.9  9.3 13.2 -9.0 -9.00 -9.00   -9   -9.0   -9.0 -9.00   -9.0   -9   -9.0   -9   -9.0   -9   -9.0   -9   -9.0   -9 -99.0 -99.0 -99.0 -99.0 -99.0
20260823 177  1.3  1121  23  3.7 1510  20  6.2 1525  27.5  33.5 1619  21.2  437  23.4  29.6  21.1  80.3  55.0 1620  28.9   6.5   4.6  0.42 1009.1 1012.3 1013.5  958 1011.1 1556  1.4 11.8 13.3 -9.0 23.93  3.18 1200   -9.0   -9.0 -9.00   -9.0   -9   -9.0   -9   -9.0   -9   -9.0   -9   -9.0   -9 -99.0 -99.0 -99.0 -99.0 -99.0
20260823 181  1.0   872  25  2.9 1312  23  4.6 1312  26.5  33.5 1700  21.4  230  23.4  29.3  21.4  84.9  55.0 1644  28.9   6.2   4.4 -9.00 1010.1 1013.9 1015.6  936 1012.3 1633  1.1  9.2 13.3 -9.0 23.63  3.37 1200   -9.0   -9.0 -9.00   -9.0   -9   -9.0   -9   -9.0   -9   -9.0   -9   -9.0   -9 -99.0 -99.0 -99.0 -99.0 -99.0
20260823 184  2.5  2130  14  4.6 1641  20  8.6  913  30.9  34.8 1348  27.8  559  22.3  33.5  24.6  60.6  50.0 1349  26.9   6.0   4.2 -9.00 1009.6 1011.9 1013.1 1033 1010.5  105  2.9  8.9 13.2 -9.0 16.84  2.30 1100    0.0    0.0  0.37    0.0   -9    0.0   -9   -9.0   -9   -9.0   -9   -9.0   -9  30.1  28.6  28.0  25.4  20.0
20260823 185  5.3  4551  14  8.7 1055  14 11.9  928  28.1  31.6 1404  26.7 2250  24.8  30.9  25.2  82.5  65.0 1413  31.2   5.7   4.0 -9.00 1004.4 1012.4 1013.7 2238 1011.3  329  1.4  6.3 13.2 -9.0 17.12  2.86 1300   -9.0   -9.0 -9.00   -9.0   -9   -9.0   -9   -9.0   -9   -9.0   -9   -9.0   -9 -99.0 -99.0 -99.0 -99.0 -99.0
20260823 188  3.0  2610  16  5.0  832  16 10.0  828  28.7  31.2 1328  27.1 2215  25.6  30.6  26.5  83.9  73.0 1451  32.8  -9.0  -9.0 -9.00 1011.3 1013.6 1014.7 1030 1012.6  430  0.0  9.3 13.2 -9.0 -9.00 -9.00   -9    0.7   -9.0 -9.00    0.7   -9    0.7  827   -9.0   -9   -9.0   -9   -9.0   -9 -99.0 -99.0 -99.0 -99.0 -99.0
20260823 189  1.4  1208   7  2.6 2047  27  4.9 1456  28.8  32.0 1350  27.4  546  25.4  30.5  26.2  82.1  70.0 1134  32.4   5.5   3.8 -9.00 1007.7 1013.5 1014.7 2302 1012.5  417  5.3  6.2 13.2 -9.0 20.12  3.30 1300    1.8    0.9  1.15    0.9  810    0.9  827   -9.0   -9   -9.0   -9   -9.0   -9 -99.0 -99.0 -99.0 -99.0 -99.0
20260823 192  0.7   593  18  2.0 1448  25  4.3 1520  28.0  34.1 1407  23.3  412  23.9  31.0  23.2  80.6  54.0 1521  29.7   5.8   4.1 -9.00 1010.5 1013.8 1015.1 1002 1012.3 1649  2.1  9.0 13.2 -9.0 21.57  2.98 1400   -9.0   -9.0 -9.00   -9.0   -9   -9.0   -9   -9.0   -9   -9.0   -9   -9.0   -9 -99.0 -99.0 -99.0 -99.0 -99.0
20260823 201  1.5  1294  25  3.5 1302  27  6.3 1311  25.8  30.5 1412  21.8    1  23.3  27.7  20.7  87.8  65.0 1611  28.7  -9.0  -9.0 -9.00 1009.0 1014.5 1015.9  929 1013.7 1858  3.8  9.1 13.4 -9.0 -9.00 -9.00   -9   -9.0   -9.0 -9.00   -9.0   -9   -9.0   -9   -9.0   -9   -9.0   -9   -9.0   -9 -99.0 -99.0 -99.0 -99.0 -99.0
20260823 202  1.0   839  20  2.3 1356  20  3.8 1029  26.3  31.6 1634  21.8  521  23.0  29.6  21.6  83.9  62.0 1330  28.2  -9.0  -9.0 -9.00 1008.9 1014.3 1016.3 1019 1012.7 1842  3.1  8.6 13.3 -9.0 -9.00 -9.00   -9   -9.0   -9.0 -9.00   -9.0   -9   -9.0   -9   -9.0   -9   -9.0   -9   -9.0   -9 -99.0 -99.0 -99.0 -99.0 -99.0
20260823 203  0.5   404   7  1.7 1450  18  3.2 1225  26.5  33.2 1605  22.0   32  24.1  29.4  22.8  87.9  60.0 1653  30.0  -9.0  -9.0 -9.00 1005.4 1014.5 1016.6 1005 1012.9 1639  3.3  6.3 13.3 -9.0 -9.00 -9.00   -9   -9.0   -9.0 -9.00   -9.0   -9   -9.0   -9   -9.0   -9   -9.0   -9   -9.0   -9 -99.0 -99.0 -99.0 -99.0 -99.0
20260823 211  0.9   777  18  3.0 1410  14  6.7 1456  25.5  31.8 1540  20.8  516  21.8  28.9  21.0  82.1  56.0 1441  26.1  -9.0  -9.0 -9.00  990.8 1013.7 1015.5  953 1011.5 1628  2.5  7.0 13.4 -9.0 -9.00 -9.00   -9   -9.0   -9.0 -9.00   -9.0   -9   -9.0   -9   -9.0   -9   -9.0   -9   -9.0   -9 -99.0 -99.0 -99.0 -99.0 -99.0
20260823 212  0.8   668  27  2.7 1702  14  5.0 1243  26.3  32.6 1618  21.9  639  22.8  27.8  22.2  82.9  57.0 1620  27.8  -9.0  -9.0 -9.00  998.5 1014.4 1016.5  951 1012.6 1754  4.3  6.4 13.3 -9.0 -9.00 -9.00   -9   -9.0   -9.0 -9.00   -9.0   -9   -9.0   -9   -9.0   -9   -9.0   -9   -9.0   -9 -99.0 -99.0 -99.0 -99.0 -99.0
20260823 216  0.9   738  18  2.5 1337  25  5.7 1304  24.5  32.0 1414  19.1  529  20.4  27.0  20.9  80.4  50.0 1119  24.0   5.8   4.0 -9.00  935.2 1013.8 1015.8  650 1010.9 1529  1.9  8.7 13.3 -9.0 21.89  3.09 1100   -9.0   -9.0 -9.00   -9.0   -9   -9.0   -9   -9.0   -9   -9.0   -9   -9.0   -9 -99.0 -99.0 -99.0 -99.0 -99.0
20260823 221  0.9   766  20  2.9 1405  20  5.2 1324  25.2  31.1 1624  20.4  116  22.6  28.2  20.6  87.4  60.0 1640  27.4  -9.0  -9.0 -9.00  984.3 1014.3 1016.1  958 1012.1 1623  2.6  7.3 13.3 -9.0 -9.00 -9.00   -9   -9.0   -9.0 -9.00   -9.0   -9   -9.0   -9   -9.0   -9   -9.0   -9   -9.0   -9 -99.0 -99.0 -99.0 -99.0 -99.0
20260823 226  0.5   397  34  2.1 1513  36  4.1 1604  26.3  32.6 1555  21.4  422  23.2  29.2  20.5  85.8  55.0 1557  28.5  -9.0  -9.0 -9.00  994.7 1014.1 1015.8  936 1012.3 1700  2.1  8.8 13.3 -9.0 -9.00 -9.00   -9   -9.0   -9.0 -9.00   -9.0   -9   -9.0   -9   -9.0   -9   -9.0   -9   -9.0   -9 -99.0 -99.0 -99.0 -99.0 -99.0
20260823 232  0.8   703  14  2.2 1013  14  3.5 1210  26.4  32.6 1412  21.3  417  24.3  29.9  21.1  89.8  61.0 1413  30.6  -9.0  -9.0 -9.00 1004.8 1014.4 1016.2  945 1012.9 1753  2.4  9.2 13.3 -9.0 -9.00 -9.00   -9   -9.0   -9.0 -9.00   -9.0   -9   -9.0   -9   -9.0   -9   -9.0   -9   -9.0   -9 -99.0 -99.0 -99.0 -99.0 -99.0
20260823 235  1.5  1328  20  4.2 1231  23  6.4 1317  29.1  34.5 1348  23.6   54  23.7  30.1  22.5  74.4  55.0 1353  29.3   6.9   4.8 -9.00 1011.7 1012.8 1014.1 1024 1012.0 1547  2.8 11.4 13.3 -9.0 24.92  3.34 1200   -9.0   -9.0 -9.00   -9.0   -9   -9.0   -9   -9.0   -9   -9.0   -9   -9.0   -9 -99.0 -99.0 -99.0 -99.0 -99.0
20260823 236  0.3   291  29  2.7 1818  27  4.4 1813  27.8  34.3 1540  22.0  438  23.8  31.1  22.0  80.4  55.0 1546  29.5  -9.0  -9.0 -9.00 1012.4 1013.9 1015.3  956 1012.5 1630  3.3  9.4 13.3 -9.0 -9.00 -9.00   -9   -9.0   -9.0 -9.00   -9.0   -9   -9.0   -9   -9.0   -9   -9.0   -9   -9.0   -9 -99.0 -99.0 -99.0 -99.0 -99.0
20260823 238  0.6   503  34  1.8 1304  29  3.4 1318  27.2  33.8 1508  22.0  309  24.0  28.9  21.9  84.5  58.0 1509  29.9  -9.0  -9.0 -9.00  994.1 1013.3 1015.1  916 1011.5 1603  3.5  5.7 13.3 -9.0 -9.00 -9.00   -9   -9.0   -9.0 -9.00   -9.0   -9   -9.0   -9   -9.0   -9   -9.0   -9   -9.0   -9 -99.0 -99.0 -99.0 -99.0 -99.0
20260823 239  0.8   720  32  2.6 1910  32  3.7 1922  27.3  34.4 1619  22.3  435  24.0  30.7  22.4  84.1  54.0 1608  29.9   5.9   4.1 -9.00 1003.0 1013.1 1014.7  921 1011.1 1711  2.6  8.4 13.3 -9.0 22.66  3.00 1400   -9.0   -9.0 -9.00   -9.0   -9   -9.0   -9   -9.0   -9   -9.0   -9   -9.0   -9 -99.0 -99.0 -99.0 -99.0 -99.0
20260823 243  1.0   880  16  2.9 1212  29  5.3 1717  28.5  34.0 1441  22.9  350  23.5  32.6  21.3  76.4  52.0 1503  29.0  -9.0  -9.0 -9.00 1012.3 1013.7 1015.0 1027 1012.5 1636  2.5 10.0 13.3 -9.0 -9.00 -9.00   -9   -9.0   -9.0 -9.00   -9.0   -9   -9.0   -9   -9.0   -9   -9.0   -9   -9.0   -9 -99.0 -99.0 -99.0 -99.0 -99.0
20260823 244  0.9   802  20  3.5 1046  18  5.9 1055  27.4  32.9 1529  21.7  559  22.6  30.8  20.6  77.4  53.0 1724  27.4  -9.0  -9.0 -9.00  985.7 1013.5 1014.7 1035 1011.7 1619  3.1  9.7 13.3 -9.0 -9.00 -9.00   -9   -9.0   -9.0 -9.00   -9.0   -9   -9.0   -9   -9.0   -9   -9.0   -9   -9.0   -9 -99.0 -99.0 -99.0 -99.0 -99.0
20260823 245  1.3  1110  18  3.8 1048  18  7.2 1041  29.1  34.7 1655  23.5  434  24.2  30.3  22.1  76.9  52.0 1436  30.3   5.8   4.1 -9.00 1005.6 1013.3 1014.4 1019 1011.8 1650  3.4  9.3 13.3 -9.0 20.35  2.78 1000   -9.0   -9.0 -9.00   -9.0   -9   -9.0   -9   -9.0   -9   -9.0   -9   -9.0   -9 -99.0 -99.0 -99.0 -99.0 -99.0
20260823 247  1.6  1372  25  3.2 1421  29  6.9 1519  28.2  34.7 1520  23.1  538  23.5  30.3  22.1  78.0  53.0 1522  29.0  -9.0  -9.0 -9.00  998.3 1013.4 1014.6 1002 1011.5 1631  3.4 10.0 13.2 -9.0 -9.00 -9.00   -9   -9.0   -9.0 -9.00   -9.0   -9   -9.0   -9   -9.0   -9   -9.0   -9   -9.0   -9 -99.0 -99.0 -99.0 -99.0 -99.0
20260823 248  0.8   712  23  2.5 1423  18  4.6 1335  25.8  31.7 1306  19.7  608  22.2  28.6  18.7  83.0  58.0 1154  26.9  -9.0  -9.0 -9.00  968.6 1014.1 1015.4  639 1012.1 1639  2.8 10.0 13.3 -9.0 -9.00 -9.00   -9   -9.0   -9.0 -9.00   -9.0   -9   -9.0   -9   -9.0   -9   -9.0   -9   -9.0   -9 -99.0 -99.0 -99.0 -99.0 -99.0
20260823 251  1.6  1402  18  4.4 1058  18  7.7 1055  28.6  34.8 1402  23.4  314  24.8  29.7  23.3  81.8  54.0 1546  31.3   5.8   4.0 -9.00 1007.4 1013.0 1014.0 1020 1011.4 1609  2.5 10.3 13.2 -9.0 20.68  2.70 1300   -9.0   -9.0 -9.00   -9.0   -9   -9.0   -9   -9.0   -9   -9.0   -9   -9.0   -9 -99.0 -99.0 -99.0 -99.0 -99.0
20260823 252  1.3  1139  14  3.7  928  14  6.1  915  28.7  34.1 1458  24.2  557  24.2  29.3  24.1  78.5  55.0 1517  30.1   6.3   4.4 -9.00 1008.9 1013.1 1014.2 1024 1011.9 1600  2.1 10.7 13.3 -9.0 23.12  2.95 1200   -9.0   -9.0 -9.00   -9.0   -9   -9.0   -9   -9.0   -9   -9.0   -9   -9.0   -9 -99.0 -99.0 -99.0 -99.0 -99.0
20260823 253  1.0   898  16  3.4 1607  16  5.2 1558  29.2  34.8 1414  24.7  506  25.4  32.4  23.2  81.9  58.0 1407  32.5   5.9   4.2 -9.00 1008.3 1014.4 1015.5  958 1013.0 1652  1.8  9.6 13.2 -9.0 22.04  3.20 1100   -9.0   -9.0 -9.00   -9.0   -9   -9.0   -9   -9.0   -9   -9.0   -9   -9.0   -9 -99.0 -99.0 -99.0 -99.0 -99.0
20260823 254  1.2  1024  16  3.1 1204   9  5.4 1226  28.3  35.1 1617  22.9  535  23.4  32.0  22.1  77.1  46.0 1509  28.8   6.0   4.2 -9.00  999.2 1013.8 1015.1 1005 1011.9 1617  3.0 10.6 13.2 -9.0 21.92  3.04 1400   -9.0   -9.0 -9.00   -9.0   -9   -9.0   -9   -9.0   -9   -9.0   -9   -9.0   -9 -99.0 -99.0 -99.0 -99.0 -99.0
20260823 255  0.8   710  29  2.3 1258  32  4.9 1252  30.0  35.7 1543  25.4  553  24.5  30.0  23.3  74.3  49.0 1557  30.7   5.3   3.7 -9.00 1007.5 1013.2 1014.3  927 1011.4 1605  2.1  9.6 13.2 -9.0 19.04  2.64 1000   -9.0   -9.0 -9.00   -9.0   -9   -9.0   -9   -9.0   -9   -9.0   -9   -9.0   -9 -99.0 -99.0 -99.0 -99.0 -99.0
20260823 257  1.3  1090  23  3.1 1533  25  5.7 1530  29.8  37.1 1328  24.1  602  25.1  32.3  22.3  78.3  50.0 1234  31.8   6.6   4.6 -9.00 1012.8 1013.5 1014.6  733 1011.8 1613  0.8  9.2 13.3 -9.0 22.64  3.15 1100   -9.0   -9.0 -9.00   -9.0   -9   -9.0   -9   -9.0   -9   -9.0   -9   -9.0   -9 -99.0 -99.0 -99.0 -99.0 -99.0
20260823 258  1.8  1575  20  3.2 1346  20  4.4 1346  28.6  33.1 1413  25.1 2330  25.1  30.3  23.8  83.0  60.0 1416  31.9   6.1   4.2 -9.00 1013.9 1014.1 1015.0  946 1012.9 1623  4.6  9.7 13.2 -9.0 22.52  3.14 1300   -9.0   -9.0 -9.00   -9.0   -9   -9.0   -9   -9.0   -9   -9.0   -9   -9.0   -9 -99.0 -99.0 -99.0 -99.0 -99.0
20260823 259  1.2  1023  14  3.0 1603  16  4.7 1141  28.9  33.7 1417  24.8 2400  25.0  30.9  24.8  80.6  58.0 1419  31.7   5.6   3.9 -9.00 1011.5 1013.3 1014.2 1017 1012.3 1627  3.4  7.6 13.2 -9.0 21.40  3.06 1300   -9.0   -9.0 -9.00   -9.0   -9   -9.0   -9   -9.0   -9   -9.0   -9   -9.0   -9 -99.0 -99.0 -99.0 -99.0 -99.0
20260823 260  2.2  1939  16  4.7 1149  16  6.9 1148  28.5  32.1 1400  25.1 2348  24.9  30.8  24.0  81.8  66.0 1538  31.6  -9.0  -9.0 -9.00 1008.4 1013.4 1014.4 1018 1012.5 1611  3.3  9.0 13.2 -9.0 -9.00 -9.00   -9   -9.0   -9.0 -9.00   -9.0   -9   -9.0   -9   -9.0   -9   -9.0   -9   -9.0   -9 -99.0 -99.0 -99.0 -99.0 -99.0
20260823 261  3.2  2783  14  6.0 1308  14  9.1 1314  28.5  33.0 1401  25.0 2348  25.3  31.0  21.4  83.3  63.0 1304  32.2  -9.0  -9.0 -9.00 1011.8 1013.6 1014.5 1049 1012.7 1612  3.4  9.2 13.2 -9.0 -9.00 -9.00   -9    0.0   -9.0 -9.00    0.0   -9    0.0   -9   -9.0   -9   -9.0   -9   -9.0   -9 -99.0 -99.0 -99.0 -99.0 -99.0
20260823 262  1.0   881   9  2.9 1233  16  5.3 1232  28.4  32.7 1215  24.4 2359  24.6  29.5  26.2  81.3  60.0 1611  30.9   4.0   2.8 -9.00 1007.8 1013.7 1014.6  935 1012.7 1631  4.1  5.0 13.2 -9.0 14.11  2.12 1200   -9.0   -9.0 -9.00   -9.0   -9   -9.0   -9   -9.0   -9   -9.0   -9   -9.0   -9 -99.0 -99.0 -99.0 -99.0 -99.0
20260823 263  0.9   761  23  3.1 1735   5  4.3 1348  27.5  34.2 1614  22.6  516  23.9  31.1  22.2  83.0  54.0 1601  29.6   5.6   3.9 -9.00 1012.1 1013.7 1015.1  931 1011.8 1652  1.6  6.4 13.2 -9.0 20.49  2.97 1100   -9.0   -9.0 -9.00   -9.0   -9   -9.0   -9   -9.0   -9   -9.0   -9   -9.0   -9 -99.0 -99.0 -99.0 -99.0 -99.0
20260823 264  0.6   535  18  2.1 1702  11  4.0 1539  27.8  34.8 1536  23.0  432  24.5  29.1  22.3  84.3  53.0 1359  30.8   5.5   3.8 -9.00  996.7 1013.8 1015.1  831 1011.6 1648  2.3  7.7 13.3 -9.0 21.34  3.21 1200   -9.0   -9.0 -9.00   -9.0   -9   -9.0   -9   -9.0   -9   -9.0   -9   -9.0   -9 -99.0 -99.0 -99.0 -99.0 -99.0
20260823 266  1.0   886  20  2.7 1501  16  4.8 1307  29.1  34.0 1437  24.9  554  24.7  30.4  24.3  79.1  54.0 1431  31.2   5.8   4.0 -9.00 1004.2 1014.2 1015.2  954 1012.9 1656  3.4  8.1 13.2 -9.0 20.97  2.95 1400   -9.0   -9.0 -9.00   -9.0   -9   -9.0   -9   -9.0   -9   -9.0   -9   -9.0   -9 -99.0 -99.0 -99.0 -99.0 -99.0
20260823 268  2.5  2155  11  4.6 2351   9  7.9 1220  28.9  32.8 1307  26.7 2211  24.7  31.1  25.2  78.9  58.0 1541  31.1  -9.0  -9.0 -9.00 1010.9 1012.0 1012.9 1032 1011.0  414  3.8  9.0 13.2 -9.0 -9.00 -9.00   -9   -9.0   -9.0 -9.00   -9.0   -9   -9.0   -9   -9.0   -9   -9.0   -9   -9.0   -9 -99.0 -99.0 -99.0 -99.0 -99.0
20260823 271  1.0   832  16  3.2 1035  18  5.7 1424  25.3  32.1 1621  20.5  538  22.3  27.4  19.8  85.3  60.0 1630  26.9  -9.0  -9.0 -9.00  977.9 1014.4 1016.0  651 1012.1 1620  2.6  8.7 13.3 -9.0 -9.00 -9.00   -9   -9.0   -9.0 -9.00   -9.0   -9   -9.0   -9   -9.0   -9   -9.0   -9   -9.0   -9 -99.0 -99.0 -99.0 -99.0 -99.0
20260823 272  1.0   853  29  3.6 1523  25  8.0 1317  25.9  32.4 1514  21.4  457  23.0  30.7  21.1  85.8  55.0 1543  28.2  -9.0  -9.0 -9.00  990.2 1014.1 1015.8  918 1012.0 1658  2.9  9.6 13.3 -9.0 -9.00 -9.00   -9   -9.0   -9.0 -9.00   -9.0   -9   -9.0   -9   -9.0   -9   -9.0   -9   -9.0   -9 -99.0 -99.0 -99.0 -99.0 -99.0
20260823 273  0.9   795  11  2.9 1211   9  4.8 1207  26.6  32.6 1551  21.8  505  24.6  29.9  20.4  90.3  66.0 1620  31.1  -9.0  -9.0 -9.00  993.9 1013.5 1015.3  943 1011.6 1656  3.1  8.5 13.3 -9.0 -9.00 -9.00   -9   -9.0   -9.0 -9.00   -9.0   -9   -9.0   -9   -9.0   -9   -9.0   -9   -9.0   -9 -99.0 -99.0 -99.0 -99.0 -99.0
20260823 276  1.1   947  36  3.2 1257  34  6.3 1257  26.7  34.1 1613  21.9  535  23.6  28.8  21.6  85.5  54.0 1617  29.1   6.4   4.5 -9.00  990.0 1013.5 1015.1  711 1011.2 1654  2.1  9.3 13.3 -9.0 24.38  3.42 1200   -9.0   -9.0 -9.00   -9.0   -9   -9.0   -9   -9.0   -9   -9.0   -9   -9.0   -9 -99.0 -99.0 -99.0 -99.0 -99.0
20260823 277  1.8  1566  32  3.7  933  27  7.2 1146  26.8  33.4 1425  22.2   17  23.3  30.1  22.3  82.5  50.0 1414  28.6  -9.0  -9.0 -9.00 1008.9 1013.5 1014.7  952 1012.1 1751  0.9 12.4 13.3 -9.0 -9.00 -9.00   -9   -9.0   -9.0 -9.00   -9.0   -9   -9.0   -9   -9.0   -9   -9.0   -9   -9.0   -9 -99.0 -99.0 -99.0 -99.0 -99.0
20260823 278  0.7   631  27  2.6 1525  27  4.3 1518  27.0  33.9 1601  22.4  641  23.5  30.5  22.5  83.4  52.0 1638  28.9  -9.0  -9.0 -9.00 1003.8 1013.1 1015.0  939 1011.1 1748  2.0  8.0 13.3 -9.0 -9.00 -9.00   -9   -9.0   -9.0 -9.00   -9.0   -9   -9.0   -9   -9.0   -9   -9.0   -9   -9.0   -9 -99.0 -99.0 -99.0 -99.0 -99.0
20260823 279  0.7   615   5  1.9 1407   9  4.5 1409  27.9  34.9 1600  23.9  136  23.5  31.0  24.0  79.3  48.0 1629  29.0   5.5   3.9 -9.00 1008.1 1013.7 1015.5  959 1011.7 1801  1.8  6.6 13.3 -9.0 19.34  3.14 1300   -9.0   -9.0 -9.00   -9.0   -9   -9.0   -9   -9.0   -9   -9.0   -9   -9.0   -9 -99.0 -99.0 -99.0 -99.0 -99.0
20260823 281  0.7   637  27  2.4 1351  27  4.9 1451  27.1  33.7 1446  22.3  538  23.4  29.2  21.7  83.1  50.0 1452  28.8  -9.0  -9.0 -9.00 1003.4 1014.3 1015.7  737 1012.5 1803  0.8  8.2 13.3 -9.0 -9.00 -9.00   -9   -9.0   -9.0 -9.00   -9.0   -9   -9.0   -9   -9.0   -9   -9.0   -9   -9.0   -9 -99.0 -99.0 -99.0 -99.0 -99.0
20260823 283  1.4  1248  18  3.4 1835  18  5.3 1858  28.7  35.4 1430  23.3  540  24.0  30.8  22.5  77.6  50.0 1432  29.8   6.5   4.5 -9.00 1009.3 1013.9 1015.2  716 1012.1 1556  1.6  9.5 13.3 -9.0 23.11  3.51 1200   -9.0   -9.0 -9.00   -9.0   -9   -9.0   -9   -9.0   -9   -9.0   -9   -9.0   -9 -99.0 -99.0 -99.0 -99.0 -99.0
20260823 284  1.1   909  14  3.3 1323  16  5.7 1319  27.4  33.2 1249  22.3  405  23.8  28.9  21.0  82.4  59.0 1251  29.6   5.2   3.7 -9.00  988.1 1013.7 1015.2  833 1011.7 1654  1.5  7.5 13.3 -9.0 19.71  3.25 1200   -9.0   -9.0 -9.00   -9.0   -9   -9.0   -9   -9.0   -9   -9.0   -9   -9.0   -9 -99.0 -99.0 -99.0 -99.0 -99.0
20260823 285  0.7   609  18  1.7 1304   9  3.3 1247  28.0  34.5 1404  24.0  330  24.6  30.8  24.3  84.1  52.0 1403  30.9  -9.0  -9.0 -9.00 1010.9 1013.9 1015.4  900 1012.2 1656  2.5  8.3 13.3 -9.0 -9.00 -9.00   -9   -9.0   -9.0 -9.00   -9.0   -9   -9.0   -9   -9.0   -9   -9.0   -9   -9.0   -9 -99.0 -99.0 -99.0 -99.0 -99.0
20260823 288  1.1   972  14  3.3 2015  34  4.9 1342  29.5  35.8 1537  24.2  605  24.3  32.0  24.5  75.6  49.0 1305  30.4   5.9   4.2 -9.00 1011.2 1012.1 1013.4  730 1010.3 1603  2.1  8.9 13.3 -9.0 21.16  3.19 1200   -9.0   -9.0 -9.00   -9.0   -9   -9.0   -9   -9.0   -9   -9.0   -9   -9.0   -9 -99.0 -99.0 -99.0 -99.0 -99.0
20260823 289  0.7   644   9  2.4 1519   7  4.8 1649  27.9  34.5 1342  23.4  454  24.2  32.4  22.2  82.0  57.0 1355  30.1  -9.0  -9.0 -9.00  998.9 1014.5 1015.8  856 1012.7 1647  2.4  7.5 13.2 -9.0 -9.00 -9.00   -9   -9.0   -9.0 -9.00   -9.0   -9   -9.0   -9   -9.0   -9   -9.0   -9   -9.0   -9 -99.0 -99.0 -99.0 -99.0 -99.0
20260823 294  0.8   657  20  2.4 1704  18  5.5 1702  28.0  33.1 1520  24.2  424  24.2  32.0  22.9  80.9  60.0 1529  30.2  -9.0  -9.0 -9.00 1009.4 1014.5 1015.6 1028 1013.2 1702  2.5  8.2 13.2 -9.0 -9.00 -9.00   -9   -9.0   -9.0 -9.00   -9.0   -9   -9.0   -9   -9.0   -9   -9.0   -9   -9.0   -9 -99.0 -99.0 -99.0 -99.0 -99.0
20260823 295  1.0   907  29  2.3 1712   2  3.6 1051  27.9  32.9 1545  24.6  244  23.7  32.0  22.7  79.1  58.0 1548  29.4  -9.0  -9.0 -9.00 1008.9 1014.1 1015.2  950 1012.7 1659  4.1  8.3 13.2 -9.0 -9.00 -9.00   -9   -9.0   -9.0 -9.00   -9.0   -9   -9.0   -9   -9.0   -9   -9.0   -9   -9.0   -9 -99.0 -99.0 -99.0 -99.0 -99.0
20260823 296  1.5  1334  20  3.9 1648  18  6.1 1509  29.8  35.6 1423  24.8  448  25.1  31.2  22.2  77.8  52.0 1218  31.9   7.5   5.2 -9.00 1012.5 1012.8 1013.8  934 1011.3 1613  1.6 11.1 13.2 -9.0 25.48  3.34 1200   -9.0   -9.0 -9.00   -9.0   -9   -9.0   -9   -9.0   -9   -9.0   -9   -9.0   -9 -99.0 -99.0 -99.0 -99.0 -99.0
20260824  90  2.2  1866  27  6.0 2400  29 10.2 2353  29.5  33.2 1718  24.7  459  22.9  32.1  23.6  68.4  52.0 2138  27.9   8.4   5.9 -9.00 1008.4 1010.4 1012.5   58 1008.4 1622  4.4 12.2 13.3 -9.0 24.94  3.21 1200   -9.0   -9.0 -9.00   -9.0   -9   -9.0   -9   -9.0   -9   -9.0   -9   -9.0   -9 -99.0 -99.0 -99.0 -99.0 -99.0
20260824  93  1.2   998  23  4.7 1542  25  7.0 1535  27.5  33.3 1432  23.2  336  24.0  29.3  24.0  83.0  58.0 1425  29.8   5.7   4.0 -9.00 1001.6 1012.4 1014.5  134 1009.5 1557  3.3  8.2 13.3 -9.0 20.01  2.73 1400   -9.0    0.4 -9.00   -9.0   -9   -9.0   -9   -9.0   -9   -9.0   -9   -9.0   -9  27.7  27.2  26.1  22.5  19.2
20260824  95  1.4  1246  25  3.7 1346  25  6.9 1419  26.7  32.0 1331  22.2  621  23.4  29.5  22.3  84.3  59.0 1358  28.7   5.8   4.1 -9.00  995.1 1012.7 1014.7   52 1010.0 1545  5.6  8.4 13.3 -9.0 21.39  3.31 1200    0.9    0.9 -9.00    0.9 2001    0.8 2042   -9.0   -9   -9.0   -9   -9.0   -9 -99.0 -99.0 -99.0 -99.0 -99.0
20260824  98  1.1   981  27  4.2 1651  25  8.0 1642  27.4  32.2 1424  23.2  506  22.4  30.3  22.2  75.6  54.0 1409  27.2   5.9   4.1 -9.00  999.3 1012.3 1014.0  114 1010.0 1545  3.4  8.8 13.3 -9.0 20.74  2.88 1300    0.0   -9.0 -9.00    0.0   -9    0.0   -9   -9.0   -9   -9.0   -9   -9.0   -9 -99.0 -99.0 -99.0 -99.0 -99.0
20260824  99  1.1   960  27  3.8 1514  29  7.5 1512  26.9  31.8 1228  22.3  504  23.8  29.8  22.6  85.1  58.0 1602  29.6   5.8   4.0 -9.00 1009.5 1013.0 1014.5  108 1011.2 1516  3.6  9.1 13.3 -9.0 21.96  3.17 1100    4.5   -9.0 -9.00    4.5 1907    4.4 1952   -9.0   -9   -9.0   -9   -9.0   -9 -99.0 -99.0 -99.0 -99.0 -99.0
20260824 100  3.4  2915  27  6.3 1346  29 11.3 2140  24.6  29.6 1456  20.2  530  20.8  26.1  18.6  81.1  54.0 1434  24.7   6.8   4.8 -9.00  927.0 1011.4 1014.4   27 1008.2 1610  0.8 11.6 13.3 -9.0 24.85  3.25 1300   -9.0   -9.0 -9.00   -9.0   -9   -9.0   -9   -9.0   -9   -9.0   -9   -9.0   -9 -99.0 -99.0 -99.0 -99.0 -99.0
20260824 101  1.6  1396  25  3.8 1427  20  7.4 1938  27.9  33.3 1337  23.2  415  22.8  29.4  22.6  75.5  52.0 1547  27.7   6.8   4.7 -9.00 1002.6 1011.2 1013.4  112 1008.2 1604  3.1  7.8 13.3 -9.0 21.50  3.16 1200   -9.0    6.2 -9.00   -9.0   -9   -9.0   -9   -9.0   -9   -9.0   -9   -9.0   -9  27.5  26.0  24.6  20.0  16.4
20260824 102  3.4  2948  34  8.6 1844  34 15.1 1838  26.1  28.9 1237  22.8 1859  24.3  28.3  23.1  90.5  78.0 1837  30.5   4.2   2.9  3.75 1007.0 1011.1 1012.5   42 1009.5 2011  7.8  2.8 13.3 -9.0 15.83  1.92 1200    3.0   -9.0  1.13    3.0 1805    1.5 1846   -9.0   -9   -9.0   -9   -9.0   -9 -99.0 -99.0 -99.0 -99.0 -99.0
20260824 104  1.6  1345  25  3.4 1829  29  7.3 2229  29.7  33.8 1658  23.9  553  24.3  31.2  22.4  73.4  57.0 1707  30.4   6.9   4.8 -9.00 1001.3 1009.7 1012.0    1 1007.6 1603  1.1 12.0 13.3 -9.0 24.37  3.23 1200   -9.0    0.6 -9.00   -9.0   -9   -9.0   -9   -9.0   -9   -9.0   -9   -9.0   -9  26.9  25.0  23.9  19.8  15.8
20260824 105  2.3  1948  23  4.4 1335  23  8.1 1231  31.3  36.4 1525  26.4  259  21.8  30.4  23.7  58.1  41.0 1507  26.1   8.6   6.0 -9.00 1007.4 1010.5 1012.8  123 1008.2 1605  0.3 12.3 13.3 -9.0 23.71  3.09 1200   -9.0   -9.0 -9.00   -9.0   -9   -9.0   -9   -9.0   -9   -9.0   -9   -9.0   -9  27.7  25.6  24.9  20.4  17.0
20260824 106  1.9  1654  14  4.1 1249  16  7.3 1242  28.6  32.3 1414  23.9  321  23.7  30.5  22.0  75.6  61.0 1402  29.4   6.7   4.7 -9.00 1006.5 1011.0 1013.0    1 1009.0 1630  0.0 11.7 13.3 -9.0 24.69  3.21 1200   -9.0   -9.0 -9.00   -9.0   -9   -9.0   -9   -9.0   -9   -9.0   -9   -9.0   -9 -99.0 -99.0 -99.0 -99.0 -99.0
20260824 108  2.0  1760  27  4.4 1456  20  8.8 1555  28.6  32.5 1429  25.4  553  23.0  27.7  22.4  72.8  56.0 1414  28.0   5.5   3.9 -9.00 1002.9 1012.5 1014.0  106 1010.3 1532  2.8  6.1 13.3 -9.0 17.51  2.52 1200   -9.0   20.1 -9.00   -9.0   -9   -9.0   -9   -9.0   -9   -9.0   -9   -9.0   -9  27.2  26.0  25.7  21.1  16.5
20260824 112  2.4  2095  23  4.8 1535  25  8.6 1604  28.4  31.0 1507  26.3  539  25.2  30.5  23.1  83.6  66.0 1446  32.0   6.2   4.4 -9.00 1004.8 1012.6 1013.7  111 1010.9 1559  3.0  9.5 13.3 -9.0 23.79  3.21 1200   -9.0   32.7 -9.00   -9.0   -9   -9.0   -9   -9.0   -9   -9.0   -9   -9.0   -9  26.2  25.3  23.9  20.1  15.9
20260824 114  1.3  1141  27  3.4 1915  27  6.2 1923  28.6  33.8 1409  24.3  539  23.2  30.6  23.3  74.1  49.0 1412  28.4   5.8   4.0 -9.00  995.2 1012.1 1014.1  631 1009.5 1548  1.1  8.6 13.3 -9.0 21.54  3.12 1300   -9.0   -9.0 -9.00   -9.0   -9   -9.0   -9   -9.0   -9   -9.0   -9   -9.0   -9 -99.0 -99.0 -99.0 -99.0 -99.0
20260824 115  4.1  3565  23  5.8 2318  23 10.5 2318  29.1  32.2 1112  26.7    6  25.4  31.5  24.3  80.9  71.0 1007  32.5   6.9   4.8 -9.00  986.8 1011.5 1013.5    1 1010.1 1702  0.0 12.0 13.3 -9.0 23.50  3.02 1200   -9.0   -9.0 -9.00   -9.0   -9   -9.0   -9   -9.0   -9   -9.0   -9   -9.0   -9  25.1  23.1  21.8  15.7 -99.0
20260824 119  1.7  1461  29  4.1 1705  32  7.3 1703  28.0  32.6 1420  24.6  441  23.7  30.7  23.2  78.6  61.0 1415  29.3   5.5   3.8 -9.00 1007.8 1012.3 1013.8  644 1010.1 1601  2.0  9.2 13.3 -9.0 20.66  2.77 1400   -9.0    5.9 -9.00   -9.0   -9   -9.0   -9   -9.0   -9   -9.0   -9   -9.0   -9  27.4  25.6  24.4  19.9  16.4
20260824 121  1.2  1059  25  3.5 1801  23  7.6 1349  27.4  34.2 1458  23.0  555  23.0  33.0  22.5  79.4  47.0 1439  28.1   6.4   4.5 -9.00  985.7 1012.7 1015.4  633 1009.4 1609  0.8  9.1 13.3 -9.0 23.84  3.29 1200   -9.0   -9.0 -9.00   -9.0   -9   -9.0   -9   -9.0   -9   -9.0   -9   -9.0   -9 -99.0 -99.0 -99.0 -99.0 -99.0
20260824 127  1.3  1112  23  3.5 1911  23  6.2 1843  28.5  34.5 1514  24.1  423  23.4  29.7  23.7  75.8  51.0 1526  28.7   6.1   4.2 -9.00  998.8 1011.7 1013.4  618 1009.1 1607  1.1  8.4 13.3 -9.0 22.20  2.99 1200   -9.0   -9.0 -9.00   -9.0   -9   -9.0   -9   -9.0   -9   -9.0   -9   -9.0   -9 -99.0 -99.0 -99.0 -99.0 -99.0
20260824 129  1.6  1379  23  4.3 1221  25  6.9 1430  28.1  32.3 1348  24.3  447  24.6  29.3  22.2  82.8  58.0 1334  30.9   6.0   4.2 -9.00 1010.1 1012.9 1014.0    1 1011.3 1553  1.1 10.8 13.3 -9.0 22.90  2.94 1300   -9.0   -9.0 -9.00   -9.0   -9   -9.0   -9   -9.0   -9   -9.0   -9   -9.0   -9  26.8  25.7  24.3  19.8  16.8
20260824 130  1.6  1346  18  4.0 1237  16  7.1 1237  28.5  32.3  907  24.8  529  25.1  30.9  23.1  82.8  68.0  859  32.0  -9.0  -9.0 -9.00 1005.8 1011.3 1013.4    1 1009.2 1610  0.3 12.4 13.3 -9.0 -9.00 -9.00   -9   -9.0   -9.0 -9.00   -9.0   -9   -9.0   -9   -9.0   -9   -9.0   -9   -9.0   -9 -99.0 -99.0 -99.0 -99.0 -99.0
20260824 131  1.2  1031  27  3.0 1520  27  5.7 1627  29.9  34.7 1605  26.5  609  23.2  31.3  25.6  68.8  49.0 1628  28.5   6.1   4.3 -9.00 1005.6 1012.2 1013.5  556 1009.7 1608  1.5  9.0 13.3 -9.0 21.63  3.04 1300   -9.0   -9.0 -9.00   -9.0   -9   -9.0   -9   -9.0   -9   -9.0   -9   -9.0   -9 -99.0 -99.0 -99.0 -99.0 -99.0
20260824 133  1.1   988  20  3.0 1344  29  6.2 1534  29.5  34.6 1359  25.5  559  23.8  30.8  24.8  73.5  50.0 1552  29.6   6.7   4.7 -9.00 1005.0 1012.6 1014.0   27 1010.5 1558  2.0 11.1 13.3 -9.0 23.67  3.35 1300   -9.0   -9.0 -9.00   -9.0   -9   -9.0   -9   -9.0   -9   -9.0   -9   -9.0   -9  29.0  27.6  26.4  22.5  18.4
20260824 135  1.6  1343  29  4.6 2305  27  7.2 2318  27.4  33.1 1335  22.8  255  22.7  28.7  22.3  77.3  55.0 1350  27.6   5.7   4.0 -9.00  984.6 1012.1 1014.1  658 1009.3 1626  2.3  6.5 13.2 -9.0 19.75  3.09 1100    0.0   -9.0 -9.00    0.0   -9    0.0   -9   -9.0   -9   -9.0   -9   -9.0   -9 -99.0 -99.0 -99.0 -99.0 -99.0
20260824 136  1.5  1277  27  3.4 1641  27  6.4 1718  29.2  35.0 1432  23.7  413  23.7  35.1  23.1  73.5  54.0 1348  29.2   7.0   4.9 -9.00  997.0 1012.8 1015.1  710 1010.1 1615  1.8  9.8 13.3 -9.0 23.85  3.40 1200   -9.0   -9.0 -9.00   -9.0   -9   -9.0   -9   -9.0   -9   -9.0   -9   -9.0   -9 -99.0 -99.0 -99.0 -99.0 -99.0
20260824 137  0.7   640  25  2.3 2325  27  4.7 1740  29.1  34.4 1448  23.8  604  24.5  32.0  22.5  78.0  57.0 1443  30.8   5.8   4.1 -9.00 1000.5 1011.3 1013.3  636 1008.8 1617  1.5  8.9 13.3 -9.0 20.99  3.17 1000   -9.0   -9.0 -9.00   -9.0   -9   -9.0   -9   -9.0   -9   -9.0   -9   -9.0   -9 -99.0 -99.0 -99.0 -99.0 -99.0
20260824 138  2.3  2009  18  3.8 1702  16  7.1 1243  31.2  36.0 1502  26.6  540  23.1  33.1  24.6  64.1  44.0 1504  28.3   7.6   5.3 -9.00 1010.7 1011.1 1013.0  654 1008.7 1615  0.8 10.1 13.2 -9.0 21.94  3.11 1200   -9.0   -9.0 -9.00   -9.0   -9   -9.0   -9   -9.0   -9   -9.0   -9   -9.0   -9  26.3  23.8  22.6  19.3  17.0
20260824 140  1.9  1615  29  5.1 1734  32  7.1 1726  28.2  32.7 1141  25.2  559  25.3  30.6  22.7  84.8  60.0 1115  32.2  -9.0  -9.0 -9.00 1010.5 1013.6 1014.7   25 1012.0 1548  1.0 10.4 13.2 -9.0 -9.00 -9.00   -9   -9.0   -9.0 -9.00   -9.0   -9   -9.0   -9   -9.0   -9   -9.0   -9   -9.0   -9 -99.0 -99.0 -99.0 -99.0 -99.0
20260824 143  1.1   955  27  3.2 2209  32  5.3 2234  30.6  35.8 1528  24.7  557  22.1  32.0  22.7  62.9  41.0 1325  26.6   7.1   4.9 -9.00 1005.3 1011.3 1013.6  706 1008.6 1709  0.8 10.7 13.2 -9.0 22.34  3.13 1100   -9.0   -9.0 -9.00   -9.0   -9   -9.0   -9   -9.0   -9   -9.0   -9   -9.0   -9 -99.0 -99.0 -99.0 -99.0 -99.0
20260824 146  1.9  1660  25  5.2 1513  25  8.3 1505  29.9  34.7 1534  26.1  615  23.9  33.3  18.9  71.8  50.0 1521  29.7   7.2   5.0 -9.00 1005.8 1012.6 1013.9  347 1010.4 1551  1.0 11.2 13.2 -9.0 23.21  2.95 1100   -9.0   -9.0 -9.00   -9.0   -9   -9.0   -9   -9.0   -9   -9.0   -9   -9.0   -9 -99.0 -99.0 -99.0 -99.0 -99.0
20260824 152  1.5  1274  23  3.3 1948  14  6.7 1328  29.5  34.1 1148  24.6  540  23.4  30.7  23.5  71.6  47.0 1110  28.8   6.9   4.8 -9.00 1002.4 1011.5 1013.5   13 1009.2 1606  0.8 11.6 13.2 -9.0 23.43  3.05 1100   -9.0   -9.0 -9.00   -9.0   -9   -9.0   -9   -9.0   -9   -9.0   -9   -9.0   -9 -99.0 -99.0 -99.0 -99.0 -99.0
20260824 155  1.6  1401  16  4.2 1255  20  7.3 1304  29.7  34.7 1450  25.8  249  25.0  32.7  24.2  77.5  53.0 1429  31.7   7.1   5.0 -9.00 1008.5 1012.5 1014.2   16 1010.6 1554  0.9 11.9 13.2 -9.0 24.40  3.21 1200   -9.0   -9.0 -9.00   -9.0   -9   -9.0   -9   -9.0   -9   -9.0   -9   -9.0   -9 -99.0 -99.0 -99.0 -99.0 -99.0
20260824 156  1.5  1277  23  3.8 1848  23  6.5 1406  29.9  34.8 1501  25.4  612  24.4  33.4  22.7  73.8  51.0 1435  30.6   6.5   4.5 -9.00 1004.8 1012.7 1014.0   30 1010.4 1614  2.1  8.6 13.2 -9.0 22.09  3.16 1200   -9.0   -9.0 -9.00   -9.0   -9   -9.0   -9   -9.0   -9   -9.0   -9   -9.0   -9 -99.0 -99.0 -99.0 -99.0 -99.0
20260824 159  2.4  2032  20  5.8 1215  20  8.6 1206  30.1  34.0 1053  26.9  543  23.7  31.5  22.4  69.4  53.0 1041  29.4   7.5   5.2 -9.00 1004.1 1011.9 1013.6    1 1010.1 1621  0.3 11.8 13.2 -9.0 24.06  3.28 1200   -9.0   -9.0 -9.00   -9.0   -9   -9.0   -9   -9.0   -9   -9.0   -9   -9.0   -9  28.7  26.7  25.6  20.5  18.7
20260824 162  1.8  1542  25  4.2 1334  25  6.3 1532  29.1  33.6 1451  25.5  546  24.2  32.1  24.2  76.6  50.0 1312  30.3   7.0   4.9 -9.00 1008.4 1011.9 1013.4    1 1010.2 1555  0.4 11.4 13.2 -9.0 24.29  3.24 1200   -9.0   -9.0 -9.00   -9.0   -9   -9.0   -9   -9.0   -9   -9.0   -9   -9.0   -9 -99.0 -99.0 -99.0 -99.0 -99.0
20260824 165  2.3  2029  27  4.3 1616  23  6.5 1820  28.8  33.2 1515  25.3  611  24.4  33.9  23.7  78.1  58.0 1618  30.5   6.7   4.7 -9.00 1008.0 1013.1 1014.1   37 1011.2 1609  1.6 11.1 13.2 -9.0 23.75  3.41 1300   -9.0   -9.0 -9.00   -9.0   -9   -9.0   -9   -9.0   -9   -9.0   -9   -9.0   -9  28.5  26.1  25.2  21.8  18.2
20260824 168  2.8  2432  25  5.6 1822  25  6.6 1758  29.1  32.1 1410  26.3  559  24.7  33.3  25.6  77.9  60.0 1424  31.0   7.4   5.2 -9.00 1005.7 1013.1 1014.5   56 1011.5 1722  0.6 12.1 13.2 -9.0 25.23  3.29 1200   -9.0   -9.0 -9.00   -9.0   -9   -9.0   -9   -9.0   -9   -9.0   -9   -9.0   -9  30.1  27.5  25.7  20.9  17.5
20260824 169  4.8  4133  16  9.1   45  16 11.4   28  29.5  34.7 1214  26.2 2358  25.9  33.6  25.9  82.1  63.0 1235  33.4   7.4   5.2 -9.00 1004.3 1012.7 1013.6 2135 1011.4 1603  2.3 11.4 13.2 -9.0 24.98  3.44 1200   -9.0   -9.0 -9.00   -9.0   -9   -9.0   -9   -9.0   -9   -9.0   -9   -9.0   -9 -99.0 -99.0 -99.0 -99.0 -99.0
20260824 170  2.0  1704  14  4.2 1533  14  6.8 1446  28.8  33.8 1301  25.6   17  25.1  30.0  25.1  81.6  62.0 1319  32.0   5.2   3.6 -9.00 1009.2 1013.2 1014.3   17 1011.7 1558  1.1  7.0 13.2 -9.0 18.22  3.37 1200   -9.0   -9.0 -9.00   -9.0   -9   -9.0   -9   -9.0   -9   -9.0   -9   -9.0   -9 -99.0 -99.0 -99.0 -99.0 -99.0
20260824 172  1.7  1442  29  4.2 1654  29  5.8 1632  28.0  33.7 1531  23.5  504  24.5  28.0  22.4  83.8  57.0 1415  30.7   5.5   3.9 -9.00 1006.7 1012.6 1013.9  227 1010.7 1600  0.8 -9.0 13.2 -9.0 -9.00  3.32 1200   -9.0   -9.0 -9.00   -9.0   -9   -9.0   -9   -9.0   -9   -9.0   -9   -9.0   -9 -99.0 -99.0 -99.0 -99.0 -99.0
20260824 174  1.1   919  20  3.6 1722  14  6.8 1422  26.9  33.3 1343  21.9  510  22.0  33.1  21.8  76.6  52.0 1545  26.4  -9.0  -9.0 -9.00  992.8 1011.4 1013.0    1 1009.1 1604  0.8  9.9 13.2 -9.0 -9.00 -9.00   -9   -9.0   -9.0 -9.00   -9.0   -9   -9.0   -9   -9.0   -9   -9.0   -9   -9.0   -9 -99.0 -99.0 -99.0 -99.0 -99.0
20260824 177  1.8  1587  18  5.2 1503  20  8.8 1635  28.5  33.1 1228  24.3  610  24.1  30.0  23.8  78.9  56.0 1454  30.0   7.0   4.9 -9.00 1008.3 1011.4 1012.8    1 1009.5 1607  2.0 10.4 13.3 -9.0 23.88  3.17 1300   -9.0   -9.0 -9.00   -9.0   -9   -9.0   -9   -9.0   -9   -9.0   -9   -9.0   -9 -99.0 -99.0 -99.0 -99.0 -99.0
20260824 181  1.2  1024  25  3.9 1458  27  6.3 1658  27.6  33.1 1435  23.7  558  23.5  30.8  23.5  80.3  54.0 1535  29.0   6.2   4.4 -9.00 1009.0 1012.8 1014.2  556 1010.4 1601  1.3 10.2 13.3 -9.0 23.32  3.29 1100   -9.0   -9.0 -9.00   -9.0   -9   -9.0   -9   -9.0   -9   -9.0   -9   -9.0   -9 -99.0 -99.0 -99.0 -99.0 -99.0
20260824 184  2.3  1984  32  4.3 1456  34  6.7 1532  30.3  34.4 1556  26.9  621  23.7  35.0  24.4  68.5  58.0 1308  29.3   6.1   4.3 -9.00 1009.7 1012.0 1013.0  734 1010.4 1555  1.6  9.7 13.1 -9.0 19.75  3.02 1200   -9.0   -9.0 -9.00   -9.0   -9   -9.0   -9   -9.0   -9   -9.0   -9   -9.0   -9  30.1  28.7  28.1  25.6  19.8
20260824 185  4.4  3824  16  8.3 1356  16 10.1 1413  28.0  31.9 1112  25.0 2350  24.2  32.0  23.0  80.5  62.0 1527  30.2   7.8   5.5 -9.00 1004.4 1012.4 1013.4    4 1010.9 1628  1.4 12.0 13.1 -9.0 26.33  3.47 1200    0.7   -9.0 -9.00    0.7   -9    0.7  403   -9.0   -9   -9.0   -9   -9.0   -9 -99.0 -99.0 -99.0 -99.0 -99.0
20260824 188  1.9  1599  16  3.7 1234  16  5.3 1422  28.5  31.8 1458  25.1 2343  24.9  30.9  25.8  81.9  69.0 1459  31.5  -9.0  -9.0 -9.00 1011.0 1013.3 1014.2    1 1011.8 1734  1.3 11.9 13.1 -9.0 -9.00 -9.00   -9   -9.0   -9.0 -9.00   -9.0   -9   -9.0   -9   -9.0   -9   -9.0   -9   -9.0   -9 -99.0 -99.0 -99.0 -99.0 -99.0
20260824 189  1.4  1169  36  2.2  555  27  4.3 1511  29.2  32.3 1427  26.4  600  24.1  31.3  25.3  74.6  66.0 1410  30.1   6.7   4.7 -9.00 1007.4 1013.2 1014.3    1 1011.7 1730  3.5 11.1 13.1 -9.0 25.69  3.38 1200   -9.0   -9.0 -9.00   -9.0   -9   -9.0   -9   -9.0   -9   -9.0   -9   -9.0   -9 -99.0 -99.0 -99.0 -99.0 -99.0
20260824 192  0.8   653  18  2.0 1626  14  6.2 1500  28.0  33.7 1409  23.3  544  23.7  32.7  23.1  79.3  57.0 1411  29.2   6.1   4.3 -9.00 1009.4 1012.7 1014.3  727 1010.6 1551  0.3 11.2 13.2 -9.0 23.18  3.09 1100   -9.0   -9.0 -9.00   -9.0   -9   -9.0   -9   -9.0   -9   -9.0   -9   -9.0   -9 -99.0 -99.0 -99.0 -99.0 -99.0
20260824 201  2.0  1743  23  4.3 1519  25  7.2 1646  26.8  30.1 1349  22.8  538  24.6  28.9  20.9  88.9  67.0 1436  30.9  -9.0  -9.0 -9.00 1007.9 1013.3 1014.6  106 1011.8 1557  3.3  8.5 13.3 -9.0 -9.00 -9.00   -9   -9.0   -9.0 -9.00   -9.0   -9   -9.0   -9   -9.0   -9   -9.0   -9   -9.0   -9 -99.0 -99.0 -99.0 -99.0 -99.0
20260824 202  1.2  1000  20  3.0 1415  29  6.8 1731  27.7  33.2 1510  23.8  657  23.2  30.1  23.3  78.8  53.0 1530  28.5  -9.0  -9.0 -9.00 1007.5 1012.9 1014.5  625 1010.4 1554  1.1  7.5 13.3 -9.0 -9.00 -9.00   -9   -9.0   -9.0 -9.00   -9.0   -9   -9.0   -9   -9.0   -9   -9.0   -9   -9.0   -9 -99.0 -99.0 -99.0 -99.0 -99.0
20260824 203  0.9   747  20  2.5 1616  25  6.6 1859  27.9  33.5 1332  24.4  237  24.7  30.9  24.7  84.3  56.0 1540  31.1  -9.0  -9.0 -9.00 1004.0 1013.1 1014.8  639 1010.5 1606  1.9  6.2 13.3 -9.0 -9.00 -9.00   -9   -9.0   -9.0 -9.00   -9.0   -9   -9.0   -9   -9.0   -9   -9.0   -9   -9.0   -9 -99.0 -99.0 -99.0 -99.0 -99.0
20260824 211  1.4  1251  18  3.7 2120  23  9.0 2211  27.4  32.7 1506  22.8   23  21.9  31.3  20.7  73.8  52.0 1506  26.4  -9.0  -9.0 -9.00  989.0 1011.6 1014.2  104 1008.5 1608  4.3  7.1 13.3 -9.0 -9.00 -9.00   -9   -9.0   -9.0 -9.00   -9.0   -9   -9.0   -9   -9.0   -9   -9.0   -9   -9.0   -9 -99.0 -99.0 -99.0 -99.0 -99.0
20260824 212  1.0   895  27  3.1 1544  32  6.5 1557  27.8  33.6 1449  23.7  616  22.8  30.6  23.0  76.8  50.0 1451  27.8  -9.0  -9.0 -9.00  996.9 1012.7 1014.8  629 1009.9 1557  1.1  7.3 13.3 -9.0 -9.00 -9.00   -9   -9.0   -9.0 -9.00   -9.0   -9   -9.0   -9   -9.0   -9   -9.0   -9   -9.0   -9 -99.0 -99.0 -99.0 -99.0 -99.0
20260824 216  1.1   939  20  3.5 1200  23  8.1 1207  25.2  31.4 1341  19.1  505  19.9  26.3  19.4  74.5  48.0 1212  23.3   5.2   3.6 -9.00  933.6 1011.9 1015.5  556 1008.6 1550  1.8  8.0 13.3 -9.0 19.93  3.43 1200   -9.0   -9.0 -9.00   -9.0   -9   -9.0   -9   -9.0   -9   -9.0   -9   -9.0   -9 -99.0 -99.0 -99.0 -99.0 -99.0
20260824 221  1.3  1080  23  4.2 1632  23  6.7 1630  26.2  31.7 1507  21.9  310  22.7  29.3  22.0  83.4  57.0 1459  27.6  -9.0  -9.0 -9.00  982.8 1012.6 1014.8  622 1009.8 1602  1.8  9.7 13.3 -9.0 -9.00 -9.00   -9   -9.0   -9.0 -9.00   -9.0   -9   -9.0   -9   -9.0   -9   -9.0   -9   -9.0   -9 -99.0 -99.0 -99.0 -99.0 -99.0
20260824 226  0.7   578  32  2.7 1553  27  5.7 1551  26.9  32.8 1445  23.2  432  23.6  29.4  21.3  85.0  56.0 1351  29.1  -9.0  -9.0 -9.00  993.6 1012.9 1014.5  615 1010.3 1558  1.0  8.5 13.3 -9.0 -9.00 -9.00   -9   -9.0   -9.0 -9.00   -9.0   -9   -9.0   -9   -9.0   -9   -9.0   -9   -9.0   -9 -99.0 -99.0 -99.0 -99.0 -99.0
20260824 232  0.8   698  27  3.1 1638  27  6.7 1744  27.4  32.8 1409  23.8  605  24.2  30.2  23.3  84.5  57.0 1411  30.3  -9.0  -9.0 -9.00 1003.7 1013.3 1014.7    3 1010.9 1613  0.8  8.6 13.3 -9.0 -9.00 -9.00   -9   -9.0   -9.0 -9.00   -9.0   -9   -9.0   -9   -9.0   -9   -9.0   -9   -9.0   -9 -99.0 -99.0 -99.0 -99.0 -99.0
20260824 235  1.5  1262  20  4.3 1414  23  6.8 1419  28.5  33.2 1304  25.4  533  24.4  31.0  24.0  79.6  60.0 1412  30.5   6.6   4.6 -9.00 1011.3 1012.4 1013.3    1 1010.9 1607  0.6 10.3 13.2 -9.0 24.08  3.27 1200   -9.0   -9.0 -9.00   -9.0   -9   -9.0   -9   -9.0   -9   -9.0   -9   -9.0   -9 -99.0 -99.0 -99.0 -99.0 -99.0
20260824 236  0.6   706  23  2.8 1459  23  5.8 1456  28.1  33.3 1307  24.0 2355  24.0  31.3  23.4  80.4  56.0 1339  29.9  -9.0  -9.0 -9.00 1011.7 1013.2 1014.3  738 1011.3 1618  0.8 10.6 13.3 -9.0 -9.00 -9.00   -9   -9.0   -9.0 -9.00   -9.0   -9   -9.0   -9   -9.0   -9   -9.0   -9   -9.0   -9 -99.0 -99.0 -99.0 -99.0 -99.0
20260824 238  0.7   642  23  2.8 1451  23  5.3 1449  28.4  34.4 1424  24.4 2336  23.9  30.3  23.0  78.9  55.0 1340  29.8  -9.0  -9.0 -9.00  993.1 1012.2 1013.9  648 1009.8 1532  1.3  8.9 13.2 -9.0 -9.00 -9.00   -9   -9.0   -9.0 -9.00   -9.0   -9   -9.0   -9   -9.0   -9   -9.0   -9   -9.0   -9 -99.0 -99.0 -99.0 -99.0 -99.0
20260824 239  0.9   788  27  2.6 1405  27  4.8 1607  28.2  33.2 1347  24.6  536  24.0  31.7  24.3  79.8  56.0 1326  29.9   6.3   4.4 -9.00 1002.0 1012.1 1013.5   31 1009.5 1619  0.8 10.3 13.3 -9.0 23.89  3.12 1200   -9.0   -9.0 -9.00   -9.0   -9   -9.0   -9   -9.0   -9   -9.0   -9   -9.0   -9 -99.0 -99.0 -99.0 -99.0 -99.0
20260824 243  1.3  1119  27  3.8 1655  29  6.3 1325  28.7  33.0 1250  25.1  544  24.0  33.4  22.5  77.8  54.0 1143  29.9  -9.0  -9.0 -9.00 1011.8 1013.2 1014.2    9 1011.5 1547  1.0 10.1 13.2 -9.0 -9.00 -9.00   -9   -9.0   -9.0 -9.00   -9.0   -9   -9.0   -9   -9.0   -9   -9.0   -9   -9.0   -9 -99.0 -99.0 -99.0 -99.0 -99.0
20260824 244  1.1   985  27  3.0 1309  32  5.7 1238  27.5  33.4 1515  23.0  558  22.7  32.0  21.5  77.4  51.0 1435  27.6  -9.0  -9.0 -9.00  985.0 1012.7 1014.2   19 1010.1 1642  0.9  9.2 13.2 -9.0 -9.00 -9.00   -9   -9.0   -9.0 -9.00   -9.0   -9   -9.0   -9   -9.0   -9   -9.0   -9   -9.0   -9 -99.0 -99.0 -99.0 -99.0 -99.0
20260824 245  1.6  1359  27  5.0 1733  23  7.8 1256  28.8  34.3 1339  24.4  609  24.0  31.0  23.1  77.0  50.0 1351  29.9   7.0   4.9 -9.00 1005.2 1012.9 1014.1  324 1010.8 1635  0.5 11.7 13.2 -9.0 24.10  3.14 1200   -9.0   -9.0 -9.00   -9.0   -9   -9.0   -9   -9.0   -9   -9.0   -9   -9.0   -9 -99.0 -99.0 -99.0 -99.0 -99.0
20260824 247  1.6  1354  25  3.8 1234  25  7.5 1230  28.9  34.1 1518  23.2  547  23.4  31.7  22.2  74.4  56.0 1227  28.9  -9.0  -9.0 -9.00  997.5 1012.5 1014.1    1 1010.1 1603  2.0 10.6 13.2 -9.0 -9.00 -9.00   -9   -9.0   -9.0 -9.00   -9.0   -9   -9.0   -9   -9.0   -9   -9.0   -9   -9.0   -9 -99.0 -99.0 -99.0 -99.0 -99.0
20260824 248  1.0   906  25  3.7 1229  25  6.5 1225  26.2  32.1 1351  20.5  559  22.2  29.3  19.8  80.9  55.0 1254  26.7  -9.0  -9.0 -9.00  967.8 1013.2 1015.4  632 1010.5 1602  0.8 11.3 13.2 -9.0 -9.00 -9.00   -9   -9.0   -9.0 -9.00   -9.0   -9   -9.0   -9   -9.0   -9   -9.0   -9   -9.0   -9 -99.0 -99.0 -99.0 -99.0 -99.0
20260824 251  1.3  1129  25  3.4 1533  29  5.2 1718  28.1  34.2 1330  23.1  534  24.7  29.9  22.6  83.6  58.0 1334  31.2   6.1   4.2 -9.00 1007.0 1012.7 1013.9  228 1010.5 1557  1.6 11.2 13.2 -9.0 22.57  3.17 1100   -9.0   -9.0 -9.00   -9.0   -9   -9.0   -9   -9.0   -9   -9.0   -9   -9.0   -9 -99.0 -99.0 -99.0 -99.0 -99.0
20260824 252  1.1   943  25  2.7 1256  23  5.2 1335  28.1  33.4 1406  23.6  544  24.2  29.9  23.7  81.3  58.0 1348  30.3   6.8   4.7 -9.00 1008.5 1012.8 1013.8   38 1010.9 1607  1.1 11.5 13.2 -9.0 25.73  3.59 1200   -9.0   -9.0 -9.00   -9.0   -9   -9.0   -9   -9.0   -9   -9.0   -9   -9.0   -9 -99.0 -99.0 -99.0 -99.0 -99.0
20260824 253  1.2  1040  16  4.4 1450  16  7.1 1429  30.0  35.0 1222  25.3  443  25.3  33.1  24.0  77.6  55.0 1536  32.3   6.8   4.8 -9.00 1007.0 1013.2 1014.8   11 1011.3 1622  0.5 11.1 13.2 -9.0 23.96  3.26 1200   -9.0   -9.0 -9.00   -9.0   -9   -9.0   -9   -9.0   -9   -9.0   -9   -9.0   -9 -99.0 -99.0 -99.0 -99.0 -99.0
20260824 254  1.2  1063  29  4.0 1506  27  6.8 1516  28.4  34.1 1653  23.9  445  23.5  32.5  22.8  76.8  51.0 1600  28.9   6.5   4.6 -9.00  998.5 1013.1 1014.7  725 1010.7 1625  1.3  8.9 13.2 -9.0 22.62  3.01 1000   -9.0   -9.0 -9.00   -9.0   -9   -9.0   -9   -9.0   -9   -9.0   -9   -9.0   -9 -99.0 -99.0 -99.0 -99.0 -99.0
20260824 255  0.9   819  20  2.9 1453  23  5.3 1453  30.9  37.0 1246  26.1  535  24.5  30.5  23.8  70.9  46.0 1250  30.8   6.4   4.5 -9.00 1006.3 1012.0 1013.8   13 1009.7 1553  0.5 11.8 13.2 -9.0 21.81  3.09 1200   -9.0   -9.0 -9.00   -9.0   -9   -9.0   -9   -9.0   -9   -9.0   -9   -9.0   -9 -99.0 -99.0 -99.0 -99.0 -99.0
20260824 257  1.6  1414  20  3.9 1709  20  6.3 1728  30.1  36.3 1240  24.8  455  25.1  33.2  22.8  77.1  51.0 1241  31.9   6.7   4.7 -9.00 1011.6 1012.3 1014.1   19 1010.2 1545  0.9 10.0 13.2 -9.0 22.54  3.03 1100   -9.0   -9.0 -9.00   -9.0   -9   -9.0   -9   -9.0   -9   -9.0   -9   -9.0   -9 -99.0 -99.0 -99.0 -99.0 -99.0
20260824 258  1.9  1631  20  4.3 1324  20  5.5 1309  28.4  33.7 1436  23.9  457  24.6  31.0  22.7  81.8  53.0 1503  31.0   7.0   4.9 -9.00 1013.1 1013.3 1014.6  109 1011.5 1550  0.8 11.7 13.2 -9.0 25.29  3.28 1100   -9.0   -9.0 -9.00   -9.0   -9   -9.0   -9   -9.0   -9   -9.0   -9   -9.0   -9 -99.0 -99.0 -99.0 -99.0 -99.0
20260824 259  0.8   700  23  2.4 1746  20  4.0 1508  28.7  34.3 1439  23.9  443  24.9  30.9  24.3  81.9  56.0 1400  31.5   6.7   4.7 -9.00 1011.0 1012.8 1014.0  102 1010.9 1554  0.8 11.0 13.2 -9.0 25.57  3.36 1200   -9.0   -9.0 -9.00   -9.0   -9   -9.0   -9   -9.0   -9   -9.0   -9   -9.0   -9 -99.0 -99.0 -99.0 -99.0 -99.0
20260824 260  1.4  1251  14  4.4 1250  14  6.3 1641  27.8  32.3 1419  23.5  605  24.7  32.9  23.0  83.8  69.0 1110  31.1  -9.0  -9.0 -9.00 1007.9 1012.8 1014.2  116 1010.9 1602  1.3 10.0 13.2 -9.0 -9.00 -9.00   -9   -9.0   -9.0 -9.00   -9.0   -9   -9.0   -9   -9.0   -9   -9.0   -9   -9.0   -9 -99.0 -99.0 -99.0 -99.0 -99.0
20260824 261  1.5  1315  23  3.6 1526  14  5.3 1140  28.9  33.9 1448  24.1  609  25.0  32.7  22.9  81.1  57.0 1440  31.8  -9.0  -9.0 -9.00 1011.3 1013.2 1014.2    1 1011.3 1552  1.0 11.1 13.2 -9.0 -9.00 -9.00   -9   -9.0   -9.0 -9.00   -9.0   -9   -9.0   -9   -9.0   -9   -9.0   -9   -9.0   -9 -99.0 -99.0 -99.0 -99.0 -99.0
20260824 262  1.2  1048  29  4.4 1320  29  6.8 1409  27.9  34.2 1310  23.3  533  23.8  31.8  25.2  80.3  53.0 1405  29.6   6.1   4.2 -9.00 1007.1 1013.0 1014.3   53 1011.3 1602  0.8  9.3 13.2 -9.0 21.26  3.12 1200   -9.0   -9.0 -9.00   -9.0   -9   -9.0   -9   -9.0   -9   -9.0   -9   -9.0   -9 -99.0 -99.0 -99.0 -99.0 -99.0
20260824 263  1.4  1223  23  4.3 1721  25  7.4 1813  28.3  34.3 1355  22.8  557  24.1  31.7  22.4  80.3  50.0 1418  30.1   6.7   4.7 -9.00 1010.8 1012.4 1014.2   34 1010.1 1555  1.1  9.0 13.2 -9.0 23.15  3.28 1300   -9.0   -9.0 -9.00   -9.0   -9   -9.0   -9   -9.0   -9   -9.0   -9   -9.0   -9 -99.0 -99.0 -99.0 -99.0 -99.0
20260824 264  0.9   796  29  3.4 1421  36  5.5 1601  27.8  34.7 1453  22.5  542  24.1  28.7  21.9  82.6  57.0 1413  30.1   5.7   4.0 -9.00  995.6 1012.7 1014.8  625 1010.0 1607  1.5  6.9 13.2 -9.0 19.75  2.87 1000   -9.0   -9.0 -9.00   -9.0   -9   -9.0   -9   -9.0   -9   -9.0   -9   -9.0   -9 -99.0 -99.0 -99.0 -99.0 -99.0
20260824 266  1.3  1108  23  3.4 1741  20  5.8 1555  29.3  34.6 1518  24.9  601  24.3  30.7  24.5  76.5  52.0 1526  30.4   6.8   4.8 -9.00 1003.3 1013.2 1014.7  120 1011.3 1546  0.6 11.3 13.2 -9.0 24.02  3.16 1300   -9.0   -9.0 -9.00   -9.0   -9   -9.0   -9   -9.0   -9   -9.0   -9   -9.0   -9 -99.0 -99.0 -99.0 -99.0 -99.0
20260824 268  1.4  1242  11  4.1    4  20  6.5 1051  28.3  33.1 1413  24.9  530  24.5  36.5  23.9  81.4  59.0 1404  30.8  -9.0  -9.0 -9.00 1010.5 1011.6 1012.6  102 1010.1 1550  0.5 11.5 13.2 -9.0 -9.00 -9.00   -9   -9.0   -9.0 -9.00   -9.0   -9   -9.0   -9   -9.0   -9   -9.0   -9   -9.0   -9 -99.0 -99.0 -99.0 -99.0 -99.0
20260824 271  1.0   880  18  3.1 1037  18  6.2 1330  26.0  32.3 1517  21.0  631  22.2  29.7  20.3  81.9  53.0 1508  26.8  -9.0  -9.0 -9.00  976.2 1012.6 1015.2  607 1009.5 1613  1.3  9.7 13.3 -9.0 -9.00 -9.00   -9   -9.0   -9.0 -9.00   -9.0   -9   -9.0   -9   -9.0   -9   -9.0   -9   -9.0   -9 -99.0 -99.0 -99.0 -99.0 -99.0
20260824 272  1.5  1312  32  5.8 2118  34  9.9 2058  27.4  32.6 1358  21.7  550  23.5  31.2  20.9  80.6  59.0 1441  29.0  -9.0  -9.0 -9.00  988.4 1012.2 1014.5  602 1009.6 1557  1.3  9.1 13.3 -9.0 -9.00 -9.00   -9   -9.0   -9.0 -9.00   -9.0   -9   -9.0   -9   -9.0   -9   -9.0   -9   -9.0   -9 -99.0 -99.0 -99.0 -99.0 -99.0
20260824 273  1.2  1054  32  4.3 2004  29  9.1 2003  27.6  33.6 1506  23.0  534  24.2  30.2  20.9  83.1  55.0 1509  30.2  -9.0  -9.0 -9.00  992.3 1011.8 1013.6  611 1009.1 1558  0.8  8.6 13.3 -9.0 -9.00 -9.00   -9   -9.0   -9.0 -9.00   -9.0   -9   -9.0   -9   -9.0   -9   -9.0   -9   -9.0   -9 -99.0 -99.0 -99.0 -99.0 -99.0
20260824 276  1.2   998  29  3.8 1308  27  6.8 1411  28.2  35.3 1721  21.3  408  23.5  30.2  20.4  79.3  50.0 1658  29.1   6.0   4.2 -9.00  988.2 1011.6 1014.2  648 1008.4 1720  2.0  8.7 13.3 -9.0 21.53  2.88 1200    0.0   -9.0 -9.00    0.0   -9    0.0   -9   -9.0   -9   -9.0   -9   -9.0   -9 -99.0 -99.0 -99.0 -99.0 -99.0
20260824 277  1.9  1677  16  4.1 1335  18  6.8 1401  28.1  33.6 1204  23.0  341  23.4  30.5  22.2  77.0  55.0 1112  28.7  -9.0  -9.0 -9.00 1007.0 1011.6 1013.6    1 1009.5 1609  0.3 10.9 13.3 -9.0 -9.00 -9.00   -9   -9.0   -9.0 -9.00   -9.0   -9   -9.0   -9   -9.0   -9   -9.0   -9   -9.0   -9 -99.0 -99.0 -99.0 -99.0 -99.0
20260824 278  0.9   736  20  3.6 1933  18  7.7 1930  28.2  35.3 1535  22.4  605  24.1  32.6  21.7  81.6  50.0 1414  30.1  -9.0  -9.0 -9.00 1002.2 1011.3 1013.5  700 1008.5 1617  1.3 10.0 13.3 -9.0 -9.00 -9.00   -9    3.8   -9.0 -9.00    3.8   -9    3.8 1927   -9.0   -9   -9.0   -9   -9.0   -9 -99.0 -99.0 -99.0 -99.0 -99.0
20260824 279  1.0   861  27  3.5 1754  27  7.2 1751  28.8  36.2 1526  24.0  526  23.7  31.9  23.0  76.4  46.0 1529  29.4   4.7   3.3 -9.00 1006.4 1011.9 1014.0  702 1009.1 1608  2.3  6.4 13.2 -9.0 16.34  2.54 1100    0.6   -9.0 -9.00    0.6 1747    0.6 1754   -9.0   -9   -9.0   -9   -9.0   -9 -99.0 -99.0 -99.0 -99.0 -99.0
20260824 281  1.0   898  27  3.3 1534   7  6.4 1306  28.7  35.1 1421  22.9  459  23.2  30.5  21.2  75.3  45.0 1422  28.4  -9.0  -9.0 -9.00 1001.8 1012.6 1014.8  640 1010.0 1721  1.0 11.4 13.2 -9.0 -9.00 -9.00   -9   -9.0   -9.0 -9.00   -9.0   -9   -9.0   -9   -9.0   -9   -9.0   -9   -9.0   -9 -99.0 -99.0 -99.0 -99.0 -99.0
20260824 283  1.9  1677  20  4.2 1733  18  5.9 1724  29.5  36.1 1515  23.8  530  24.4  31.6  22.1  76.3  48.0 1613  30.5   6.9   4.8 -9.00 1007.7 1012.2 1014.3  640 1009.7 1659  0.5 10.1 13.2 -9.0 22.38  3.22 1100   -9.0   -9.0 -9.00   -9.0   -9   -9.0   -9   -9.0   -9   -9.0   -9   -9.0   -9 -99.0 -99.0 -99.0 -99.0 -99.0
20260824 284  1.4  1193  20  3.4 1429  20  5.6 1653  27.9  34.6 1329  23.2  229  23.9  29.3  21.7  80.8  56.0 1334  29.7   6.6   4.7 -9.00  986.9 1012.5 1014.7  707 1009.6 1547  0.8  8.9 13.2 -9.0 21.88  2.99 1200   -9.0   -9.0 -9.00   -9.0   -9   -9.0   -9   -9.0   -9   -9.0   -9   -9.0   -9 -99.0 -99.0 -99.0 -99.0 -99.0
20260824 285  0.9   772  20  2.7 1547  18  5.7 1526  28.8  35.4 1349  23.4  512  24.1  32.1  23.3  78.6  49.0 1415  30.0  -9.0  -9.0 -9.00 1009.5 1012.6 1014.5  704 1010.2 1619  0.6  9.3 13.2 -9.0 -9.00 -9.00   -9   -9.0   -9.0 -9.00   -9.0   -9   -9.0   -9   -9.0   -9   -9.0   -9   -9.0   -9 -99.0 -99.0 -99.0 -99.0 -99.0
20260824 288  1.3  1107  23  2.9 1521  25  5.0 1252  29.9  36.1 1427  24.7  621  24.5  34.7  25.2  75.1  47.0 1322  30.7   6.6   4.6 -9.00 1009.9 1010.8 1012.8  703 1008.3 1717  0.6  9.8 13.2 -9.0 21.93  2.83 1100   -9.0   -9.0 -9.00   -9.0   -9   -9.0   -9   -9.0   -9   -9.0   -9   -9.0   -9 -99.0 -99.0 -99.0 -99.0 -99.0
20260824 289  0.8   649   5  2.1 1232   9  5.0 1406  28.3  34.6 1333  23.2  452  24.3  33.0  22.0  80.9  56.0 1404  30.4  -9.0  -9.0 -9.00  997.8 1013.4 1015.5  715 1010.9 1547  1.3  7.1 13.2 -9.0 -9.00 -9.00   -9   -9.0   -9.0 -9.00   -9.0   -9   -9.0   -9   -9.0   -9   -9.0   -9   -9.0   -9 -99.0 -99.0 -99.0 -99.0 -99.0
20260824 294  1.1   940  20  2.7 1720  32  5.9 1627  28.4  32.9 1152  24.1  503  23.5  34.3  22.8  76.1  58.0 1040  29.0  -9.0  -9.0 -9.00 1008.4 1013.5 1014.8    1 1011.8 1607  0.5 11.9 13.2 -9.0 -9.00 -9.00   -9   -9.0   -9.0 -9.00   -9.0   -9   -9.0   -9   -9.0   -9   -9.0   -9   -9.0   -9 -99.0 -99.0 -99.0 -99.0 -99.0
20260824 295  0.9   770  27  2.4 1417  23  5.1 1208  28.2  33.5 1340  24.4  459  24.0  32.8  22.6  78.9  51.0 1411  29.9  -9.0  -9.0 -9.00 1007.8 1013.0 1014.3    4 1011.3 1603  0.5 10.2 13.2 -9.0 -9.00 -9.00   -9   -9.0   -9.0 -9.00   -9.0   -9   -9.0   -9   -9.0   -9   -9.0   -9   -9.0   -9 -99.0 -99.0 -99.0 -99.0 -99.0
20260824 296  1.7  1440  18  4.8 1420  18  7.7 1444  29.8  34.8 1133  25.0  553  25.5  31.4  22.6  79.0  54.0 1105  32.6   7.1   5.0 -9.00 1011.3 1011.6 1013.3   16 1009.6 1624  0.4 11.2 13.2 -9.0 24.24  3.16 1200   -9.0   -9.0 -9.00   -9.0   -9   -9.0   -9   -9.0   -9   -9.0   -9   -9.0   -9 -99.0 -99.0 -99.0 -99.0 -99.0
20260825  90  2.5  2169  27  6.2    1  25 12.9   54  28.2  33.0 1017  24.3 2308  22.4  33.2  24.4  72.1  50.0 1014  27.2   6.1   4.3 -9.00 1008.3 1010.3 1011.6 1055 1008.6  150  3.9 10.0 13.3 -9.0 23.36  3.28 1200   -9.0   -9.0 -9.00   -9.0   -9   -9.0   -9   -9.0   -9   -9.0   -9   -9.0   -9 -99.0 -99.0 -99.0 -99.0 -99.0
20260825  93  0.9   740  23  2.5 1524  25  4.7 1519  27.5  32.9 1443  24.3  529  24.1  30.5  24.8  83.1  58.0 1454  30.0   5.1   3.6 -9.00 1000.5 1011.3 1012.8  724 1009.7 1716  6.0  7.5 13.3 -9.0 19.89  3.04 1200    0.4   -9.0  2.33    0.4  355    0.2   -9   -9.0   -9   -9.0   -9   -9.0   -9  28.2  27.2  26.0  22.6  19.2
20260825  95  0.9   804  23  2.4  228  25  4.7 1216  26.8  31.4 1516  23.7 2351  23.8  29.8  24.2  85.3  60.0 1617  29.6   4.5   3.1 -9.00  994.2 1011.7 1013.2 1040 1010.1 1652  7.3  6.9 13.3 -9.0 17.59  2.80 1400   -9.0   -9.0 -9.00   -9.0   -9   -9.0   -9   -9.0   -9   -9.0   -9   -9.0   -9 -99.0 -99.0 -99.0 -99.0 -99.0
20260825  98  0.7   615  27  2.2 1508  29  4.3 1502  27.5  32.7 1538  24.7 2356  22.6  31.0  24.2  76.3  53.0 1452  27.5   4.2   3.0 -9.00  998.2 1011.2 1012.7 1057 1009.5 1701  6.5  5.5 13.3 -9.0 16.48  2.61 1400    1.8   -9.0 -9.00    1.8  221    1.5  310   -9.0   -9   -9.0   -9   -9.0   -9 -99.0 -99.0 -99.0 -99.0 -99.0
20260825  99  0.6   489  27  2.1 1629   2  4.8 1758  27.1  31.7 1455  24.3 2332  24.0  30.7  24.6  84.8  61.0 1456  29.8   4.5   3.2 -9.00 1008.5 1012.0 1013.6 1036 1010.5 1649  6.5  6.9 13.3 -9.0 18.64  3.13 1300   -9.0   -9.0 -9.00   -9.0   -9   -9.0   -9   -9.0   -9   -9.0   -9   -9.0   -9 -99.0 -99.0 -99.0 -99.0 -99.0
20260825 100  3.0  2632  27  5.8  435  27 10.6  313  23.9  29.1 1530  20.7 2312  21.0  25.9  19.2  84.9  63.0 1531  24.8   5.6   3.9 -9.00  926.0 1010.5 1012.3 2317 1008.6 1527  5.5  8.3 13.3 -9.0 22.77  3.23 1200    0.3   -9.0 -9.00    0.3  757    0.2   -9   -9.0   -9   -9.0   -9   -9.0   -9 -99.0 -99.0 -99.0 -99.0 -99.0
20260825 101  1.3  1112  20  3.0 1543  16  4.8 1446  27.7  33.2 1534  24.3  523  23.2  30.5  23.7  78.1  52.0 1433  28.4   5.3   3.7 -9.00 1001.5 1010.1 1011.8  744 1008.4 1715  6.0  7.0 13.3 -9.0 19.73  2.90 1400    6.2   -9.0 -9.00    6.1  407    2.7  439   -9.0   -9   -9.0   -9   -9.0   -9  27.8  25.9  24.6  20.0  16.5
20260825 102  1.9  1613  18  4.3 1558  20  6.5 1553  26.0  29.9 1539  22.8  306  24.1  28.4  22.7  89.6  72.0 1110  30.1   3.9   2.7 -9.00 1006.6 1010.7 1012.0 1044 1009.3 1808  5.5  6.2 13.3 -9.0 17.29  2.26 1500   -9.0   -9.0 -9.00   -9.0   -9   -9.0   -9   -9.0   -9   -9.0   -9   -9.0   -9 -99.0 -99.0 -99.0 -99.0 -99.0
20260825 104  1.3  1106  11  3.6 1318  27  6.1   34  28.1  32.6 1303  23.9  515  24.3  32.4  23.9  81.0  65.0 1334  30.4   6.1   4.3 -9.00 1001.0 1009.5 1010.8 2003 1008.4  155  6.1  9.5 13.3 -9.0 23.85  3.24 1200    0.6   -9.0  0.92    0.6  344    0.4  350   -9.0   -9   -9.0   -9   -9.0   -9  27.6  25.1  23.9  19.8  16.0
20260825 105  1.9  1663  18  3.6  150  27  7.3   42  29.3  33.2 1340  25.7 2355  22.6  31.3  24.6  68.4  54.0 1342  27.4   6.3   4.4 -9.00 1007.1 1010.2 1011.4  954 1009.2  212  6.5  8.8 13.3 -9.0 21.41  3.00 1100    1.2   -9.0 -9.00    1.2  338    0.5  419   -9.0   -9   -9.0   -9   -9.0   -9  28.1  25.7  24.9  20.4  17.0
20260825 106  1.6  1372  25  3.7    2  27  6.8  420  27.9  33.5 1258  25.0 2357  23.3  29.8  22.3  77.3  53.0 1253  28.8   5.4   3.8 -9.00 1006.1 1010.7 1012.3 1024 1009.4   36  5.9  6.2 13.3 -9.0 17.59  2.84 1200   -9.0   -9.0 -9.00   -9.0   -9   -9.0   -9   -9.0   -9   -9.0   -9   -9.0   -9 -99.0 -99.0 -99.0 -99.0 -99.0
20260825 108  2.3  1949  20  3.7  239  27  6.5  642  28.6  32.7 1542  25.2  703  23.6  29.3  23.4  75.9  56.0 1524  29.2   6.0   4.2 -9.00 1001.7 1011.4 1012.9  719 1009.8 1711  4.9  8.0 13.3 -9.0 20.50  2.77 1400   20.1   -9.0  2.73   18.7  544    7.4  557   -9.0   -9   -9.0   -9   -9.0   -9  27.5  26.0  25.6  21.2  16.5
20260825 112  2.2  1943  25  4.1  612  27  7.6  606  28.2  31.3 1604  25.1  611  25.8  29.7  24.1  87.6  59.0 1708  33.2   6.0   4.2 -9.00 1003.7 1011.4 1012.9 1033 1010.1 1724  4.3 10.5 13.3 -9.0 23.90  3.25 1300   32.7   -9.0  0.92   32.7  545   13.8  604   -9.0   -9   -9.0   -9   -9.0   -9  26.4  25.6  23.9  20.2  16.0
20260825 114  1.1   993  32  2.9 1429  29  4.8 1422  27.5  32.6 1458  24.7  500  23.3  29.5  22.6  78.6  58.0 1434  28.6   4.7   3.3 -9.00  994.2 1011.1 1013.1 1017 1009.2 1758  6.5  4.8 13.3 -9.0 15.60  2.86 1300    1.8   -9.0 -9.00    1.8  852    1.0  936   -9.0   -9   -9.0   -9   -9.0   -9 -99.0 -99.0 -99.0 -99.0 -99.0
20260825 115  2.6  2236  25  7.7  307  27 11.7  258  28.8  32.4 1130  26.1 2209  23.8  30.4  22.9  75.3  59.0 1116  29.5   6.0   4.2 -9.00  986.0 1010.7 1011.6 1013 1009.2  240  3.5 10.5 13.3 -9.0 21.73  2.91 1300   -9.0   -9.0 -9.00   -9.0   -9   -9.0   -9   -9.0   -9   -9.0   -9   -9.0   -9  25.3  23.1  21.8  15.6 -99.0
20260825 119  1.7  1467  25  3.8 1616  23  5.9 1612  27.7  32.5 1604  24.7  808  23.9  31.1  23.7  81.3  58.0 1608  29.6   5.3   3.7 -9.00 1006.7 1011.2 1012.8 1024 1009.5 1735  5.0  7.1 13.3 -9.0 18.36  2.66 1200    5.9   -9.0  1.30    5.7  717    3.3  746   -9.0   -9   -9.0   -9   -9.0   -9  27.4  25.6  24.4  19.9  16.4
20260825 121  0.8   709  23  2.4 1606  27  4.2 1502  25.9  31.8 1537  22.1  547  23.2  31.4  23.3  86.3  65.0 1539  28.5   3.9   2.7 -9.00  985.0 1012.1 1014.0 1052 1009.9 1813  6.1  3.7 13.2 -9.0 14.79  2.47 1300   -9.0   -9.0 -9.00   -9.0   -9   -9.0   -9   -9.0   -9   -9.0   -9   -9.0   -9 -99.0 -99.0 -99.0 -99.0 -99.0
20260825 127  1.0   823  20  3.1 1211  18  5.2 1209  26.9  31.3 1528  23.2  610  23.2  28.8  23.1  81.0  63.0 1700  28.4   4.0   2.8 -9.00  997.9 1010.9 1012.6 1026 1008.8 1822  4.5  3.2 13.2 -9.0 14.68  2.19 1400   -9.0   -9.0 -9.00   -9.0   -9   -9.0   -9   -9.0   -9   -9.0   -9   -9.0   -9 -99.0 -99.0 -99.0 -99.0 -99.0
20260825 129  1.1   980  18  3.7 1445  23  5.6 1441  27.1  31.1 1115  24.3 2255  25.2  28.0  22.5  90.3  61.0 1118  32.0   2.9   2.1 -9.00 1009.0 1011.8 1013.3 1044 1010.4 1753  3.3  3.9 13.2 -9.0 10.95  1.46 1000   10.2   10.2 -9.00    8.4 1357    3.7 1442   -9.0   -9   -9.0   -9   -9.0   -9  27.2  25.7  24.3  19.9  16.9
20260825 130  1.3  1139  23  3.3  406  23  7.5  414  27.7  33.3 1229  24.7  535  23.9  28.8  22.7  80.6  56.0 1231  29.7  -9.0  -9.0 -9.00 1005.5 1011.1 1012.4 1013 1009.8  400  6.1  5.4 13.2 -9.0 -9.00 -9.00   -9    0.0   -9.0 -9.00    0.0   -9    0.0   -9   -9.0   -9   -9.0   -9   -9.0   -9 -99.0 -99.0 -99.0 -99.0 -99.0
20260825 131  1.2  1019   7  3.9 1223   5  6.3 1155  28.8  32.7 1534  25.2  541  23.0  29.7  24.2  71.9  56.0 1647  28.2   5.8   4.1 -9.00 1004.7 1011.3 1012.9  744 1008.9 1827  4.5  6.1 13.2 -9.0 19.95  3.43 1200   -9.0   -9.0 -9.00   -9.0   -9   -9.0   -9   -9.0   -9   -9.0   -9   -9.0   -9 -99.0 -99.0 -99.0 -99.0 -99.0
20260825 133  1.2  1050  20  3.8  127  34  5.6 1103  28.4  33.5 1257  23.9  556  23.7  29.9  23.3  77.4  53.0 1310  29.3   5.9   4.1 -9.00 1004.2 1011.8 1013.5  749 1009.6 1838  2.5 10.0 13.2 -9.0 21.70  3.47 1200   -9.0   -9.0 -9.00   -9.0   -9   -9.0   -9   -9.0   -9   -9.0   -9   -9.0   -9  29.4  27.7  26.4  22.5  18.5
20260825 135  1.4  1189  25  3.9 1314  25  6.4 1156  26.8  32.8 1508  21.6  612  22.0  30.1  20.3  77.1  52.0 1511  26.5   7.0   4.9 -9.00  983.9 1011.4 1013.1  713 1009.2 1549  0.5 12.0 13.2 -9.0 25.86  3.51 1200   -9.0   -9.0 -9.00   -9.0   -9   -9.0   -9   -9.0   -9   -9.0   -9   -9.0   -9 -99.0 -99.0 -99.0 -99.0 -99.0
20260825 136  1.3  1086  27  3.2 1157  29  6.3 1148  28.0  33.0 1228  23.5  601  23.1  33.4  22.3  76.1  57.0 1230  28.2   5.3   3.7 -9.00  996.3 1012.2 1013.8  800 1010.1 1846  2.3  8.7 13.2 -9.0 19.17  3.17 1100   -9.0   -9.0 -9.00   -9.0   -9   -9.0   -9   -9.0   -9   -9.0   -9   -9.0   -9 -99.0 -99.0 -99.0 -99.0 -99.0
20260825 137  1.0   842  25  2.2  903  25  4.5  901  28.1  32.9 1607  23.8  521  23.8  32.3  21.6  78.4  58.0 1619  29.5   4.9   3.5 -9.00  999.8 1010.7 1012.3 1047 1008.5 1844  2.5  9.1 13.2 -9.0 19.23  2.58 1100   -9.0   -9.0 -9.00   -9.0   -9   -9.0   -9   -9.0   -9   -9.0   -9   -9.0   -9 -99.0 -99.0 -99.0 -99.0 -99.0
20260825 138  1.9  1647  11  3.9 1600  29  6.6 1418  30.8  35.9 1452  27.3  548  21.9  34.1  24.1  60.3  39.0 1429  26.3   7.8   5.5 -9.00 1009.7 1010.1 1011.9 1003 1008.7 1551  0.6 11.9 13.2 -9.0 24.59  3.17 1100   -9.0   -9.0 -9.00   -9.0   -9   -9.0   -9   -9.0   -9   -9.0   -9   -9.0   -9  26.7  23.8  22.7  19.3  17.0
20260825 140  1.6  1424  27  4.4 1606  29  5.6 1428  28.2  31.9 1523  24.5  630  24.8  32.0  22.2  83.1  64.0 1455  31.3  -9.0  -9.0 -9.00 1009.4 1012.5 1014.2  748 1010.5 1842  1.6 10.2 13.2 -9.0 -9.00 -9.00   -9   -9.0   -9.0 -9.00   -9.0   -9   -9.0   -9   -9.0   -9   -9.0   -9   -9.0   -9 -99.0 -99.0 -99.0 -99.0 -99.0
20260825 143  1.2  1069  27  2.8 1103  27  4.8 1057  30.4  35.3 1505  25.5  612  21.0  33.5  23.0  58.9  39.0 1405  24.8   7.0   4.9 -9.00 1004.2 1010.2 1012.1  953 1008.3 1735  0.4 11.1 13.2 -9.0 23.13  3.18 1200   -9.0   -9.0 -9.00   -9.0   -9   -9.0   -9   -9.0   -9   -9.0   -9   -9.0   -9 -99.0 -99.0 -99.0 -99.0 -99.0
20260825 146  1.7  1443  32  3.8 1722  34  6.6 1725  29.6  35.4 1528  24.9  510  23.3  33.8  20.2  70.8  45.0 1432  28.6   7.2   5.0 -9.00 1004.7 1011.5 1013.2 1019 1009.3 1839  0.8 11.4 13.2 -9.0 23.53  3.17 1200   -9.0   -9.0 -9.00   -9.0   -9   -9.0   -9   -9.0   -9   -9.0   -9   -9.0   -9 -99.0 -99.0 -99.0 -99.0 -99.0
20260825 152  1.4  1178  18  2.7 1508  16  6.2 1429  29.1  33.3 1325  25.5  413  22.9  30.7  24.5  71.4  47.0 1057  28.1   6.4   4.5 -9.00 1001.2 1010.3 1012.1 1009 1008.8 1549  0.4 11.3 13.2 -9.0 22.41  3.05 1100   -9.0   -9.0 -9.00   -9.0   -9   -9.0   -9   -9.0   -9   -9.0   -9   -9.0   -9 -99.0 -99.0 -99.0 -99.0 -99.0
20260825 155  1.5  1278  14  3.6 1406  20  7.3 1800  30.1  35.4 1508  26.0  342  24.5  32.9  24.2  74.0  50.0 1535  30.8   6.2   4.3 -9.00 1007.1 1011.1 1012.9 1009 1009.2 1546  0.9 10.6 13.2 -9.0 21.35  3.07 1100   -9.0   -9.0 -9.00   -9.0   -9   -9.0   -9   -9.0   -9   -9.0   -9   -9.0   -9 -99.0 -99.0 -99.0 -99.0 -99.0
20260825 156  1.4  1229  36  3.4 1818  18  5.5 1826  29.4  34.7 1653  25.2  453  24.1  30.7  22.8  74.3  51.0 1258  30.0   6.1   4.2 -9.00 1003.3 1011.2 1013.2 1030 1009.0 1735  1.1  8.7 13.2 -9.0 21.87  3.00 1200   -9.0   -9.0 -9.00   -9.0   -9   -9.0   -9   -9.0   -9   -9.0   -9   -9.0   -9 -99.0 -99.0 -99.0 -99.0 -99.0
20260825 159  2.3  1945  23  5.1 1408  23  7.4 1525  30.3  34.1 1457  27.5  504  24.4  31.8  23.0  71.4  57.0 1458  30.6   7.3   5.1 -9.00 1002.7 1010.5 1012.3 1004 1009.1 1552  0.8 11.9 13.2 -9.0 25.04  3.29 1200   -9.0   -9.0 -9.00   -9.0   -9   -9.0   -9   -9.0   -9   -9.0   -9   -9.0   -9  28.9  26.8  25.6  20.5  18.8
20260825 162  1.6  1348  20  3.5 1221  20  5.7 1519  29.1  34.7 1420  25.6  521  24.5  32.6  23.9  77.8  48.0 1431  30.7   7.3   5.1 -9.00 1006.7 1010.3 1012.0  940 1008.5 1548  0.0 11.4 13.2 -9.0 25.42  3.42 1100   -9.0   -9.0 -9.00   -9.0   -9   -9.0   -9   -9.0   -9   -9.0   -9   -9.0   -9 -99.0 -99.0 -99.0 -99.0 -99.0
20260825 165  2.5  2118   2  6.0 1735   2  8.4 1739  28.7  32.6 1515  25.5  604  24.4  32.8  22.9  78.3  60.0 1415  30.5   6.4   4.5 -9.00 1006.7 1011.7 1013.5  957 1010.0 1600  0.8 10.1 13.2 -9.0 21.56  3.32 1300   -9.0   -9.0 -9.00   -9.0   -9   -9.0   -9   -9.0   -9   -9.0   -9   -9.0   -9  28.9  26.2  25.3  21.8  18.3
20260825 168  2.0  1685  23  3.2 1551  20  4.6 1144  29.8  33.8 1535  26.7  558  24.5  34.4  25.6  74.5  53.0 1543  30.7   7.4   5.2 -9.00 1004.0 1011.4 1013.5 1014 1009.5 1705  0.0 12.0 13.1 -9.0 25.33  3.35 1200   -9.0   -9.0 -9.00   -9.0   -9   -9.0   -9   -9.0   -9   -9.0   -9   -9.0   -9  30.3  27.6  25.7  20.9  17.5
20260825 169  2.5  2136  34  5.3 1820  36  6.0 1758  28.6  33.3 1357  25.8  120  25.0  32.9  25.4  81.9  62.0 1249  31.7   7.2   5.1 -9.00 1003.4 1011.8 1013.7 1043 1010.5 1607  1.0 11.6 13.1 -9.0 25.14  3.41 1200   -9.0   -9.0 -9.00   -9.0   -9   -9.0   -9   -9.0   -9   -9.0   -9   -9.0   -9 -99.0 -99.0 -99.0 -99.0 -99.0
20260825 170  1.3  1086   9  2.6 1603  14  4.2 1500  29.4  34.9 1506  25.0  521  23.9  32.5  24.1  74.3  50.0 1540  29.8   3.3   2.3 -9.00 1007.8 1011.8 1013.5  919 1009.8 1633  0.4  5.4 13.1 -9.0  9.32  2.37 1400   -9.0   -9.0 -9.00   -9.0   -9   -9.0   -9   -9.0   -9   -9.0   -9   -9.0   -9 -99.0 -99.0 -99.0 -99.0 -99.0
20260825 172  1.5  1315  27  4.6 1411  29  7.0 1407  28.0  33.2 1311  23.7  629  24.9  30.8  22.5  85.1  59.0 1203  31.5   7.0   4.9 -9.00 1005.6 1011.5 1013.2  753 1009.8 1743  0.5 12.1 13.2 -9.0 25.24  3.46 1200   -9.0   -9.0 -9.00   -9.0   -9   -9.0   -9   -9.0   -9   -9.0   -9   -9.0   -9 -99.0 -99.0 -99.0 -99.0 -99.0
20260825 174  0.9   789  23  2.9 1200  25  4.6 1144  27.8  34.6 1520  22.6  415  22.0  33.4  21.4  73.9  44.0 1455  26.5  -9.0  -9.0 -9.00  991.2 1009.7 1011.8    1 1007.3 1556  0.3 11.6 13.2 -9.0 -9.00 -9.00   -9   -9.0   -9.0 -9.00   -9.0   -9   -9.0   -9   -9.0   -9   -9.0   -9   -9.0   -9 -99.0 -99.0 -99.0 -99.0 -99.0
20260825 177  1.6  1352  27  3.3 1437  27  5.6 1138  27.4  32.6 1409  24.5  423  24.7  29.5  24.2  86.1  63.0 1417  31.2   4.6   3.2 -9.00 1007.2 1010.4 1011.8 1034 1008.7 1811  3.6  7.7 13.2 -9.0 18.28  2.61 1000    4.7    4.7  2.17    2.6   -9    2.6 1436   -9.0   -9   -9.0   -9   -9.0   -9 -99.0 -99.0 -99.0 -99.0 -99.0
20260825 181  1.4  1190  20  4.3   46   2  5.5 1207  26.3  31.4 1545  22.1  608  23.3  29.3  21.6  84.5  64.0 1602  28.6   5.1   3.6 -9.00 1008.1 1012.0 1013.6  744 1009.7 1827  3.9  6.8 13.2 -9.0 19.41  3.05 1200    0.0   -9.0 -9.00    0.0   -9    0.0   -9   -9.0   -9   -9.0   -9   -9.0   -9 -99.0 -99.0 -99.0 -99.0 -99.0
20260825 184  2.6  2218   5  5.9 1650   5  8.9 1725  29.6  32.6 1338  26.5  556  22.5  36.3  23.6  66.3  56.0 1906  27.4   7.0   4.9 -9.00 1008.6 1010.9 1012.9  925 1009.2 1755  1.3 11.2 13.1 -9.0 21.01  3.06 1200   -9.0   -9.0 -9.00   -9.0   -9   -9.0   -9   -9.0   -9   -9.0   -9   -9.0   -9  30.3  28.7  28.1  25.7  19.9
20260825 185  3.3  2879  34  7.3 1149  34  9.2 1144  27.8  31.4 1638  24.5  614  22.7  31.3  21.9  74.5  60.0 1527  27.7   6.8   4.8 -9.00 1003.0 1011.0 1013.2    1 1009.4 1818  1.1  9.2 13.1 -9.0 21.54  2.94 1000   -9.0   -9.0 -9.00   -9.0   -9   -9.0   -9   -9.0   -9   -9.0   -9   -9.0   -9 -99.0 -99.0 -99.0 -99.0 -99.0
20260825 188  1.9  1605   5  4.1 1528   5  6.5 1519  28.0  32.3 1143  23.9  554  23.3  29.4  24.2  77.0  55.0 1341  28.5  -9.0  -9.0 -9.00 1009.3 1011.6 1013.7  940 1010.0 1817  0.9 10.1 13.1 -9.0 -9.00 -9.00   -9   -9.0   -9.0 -9.00   -9.0   -9   -9.0   -9   -9.0   -9   -9.0   -9   -9.0   -9 -99.0 -99.0 -99.0 -99.0 -99.0
20260825 189  1.6  1417   7  3.8 1800   9  6.5 1752  29.6  34.1 1458  25.4  602  21.8  30.5  23.7  64.0  51.0 1443  26.3   8.2   5.8 -9.00 1005.6 1011.4 1013.6    1 1009.7 1729  1.6 10.0 13.1 -9.0 24.76  3.36 1200   -9.0   -9.0 -9.00   -9.0   -9   -9.0   -9   -9.0   -9   -9.0   -9   -9.0   -9 -99.0 -99.0 -99.0 -99.0 -99.0
20260825 192  0.7   633  34  1.8 1249  18  4.2 1904  28.6  35.6 1446  22.8  618  23.5  33.8  23.2  76.1  46.0 1417  29.0   6.9   4.8 -9.00 1007.8 1011.2 1013.3 1015 1009.0 1719  0.0 11.5 13.2 -9.0 25.03  3.25 1200   -9.0   -9.0 -9.00   -9.0   -9   -9.0   -9   -9.0   -9   -9.0   -9   -9.0   -9 -99.0 -99.0 -99.0 -99.0 -99.0
20260825 201  1.9  1681  25  4.1 1557  25  6.2 1555  27.2  30.9 1249  24.6  546  24.8  29.7  22.9  88.1  64.0 1210  31.4  -9.0  -9.0 -9.00 1006.8 1012.3 1013.8 1052 1010.9 1926  3.8  9.2 13.3 -9.0 -9.00 -9.00   -9    1.1   -9.0 -9.00    1.0  402    0.7  441   -9.0   -9   -9.0   -9   -9.0   -9 -99.0 -99.0 -99.0 -99.0 -99.0
20260825 202  1.0   902  18  3.1 1728  18  5.5 1722  27.1  32.8 1523  23.9  500  23.5  30.0  23.1  82.8  52.0 1602  29.0  -9.0  -9.0 -9.00 1006.4 1011.8 1013.4  947 1010.1 1733  6.1  6.8 13.3 -9.0 -9.00 -9.00   -9    4.8   -9.0 -9.00    4.4  724    1.8  733   -9.0   -9   -9.0   -9   -9.0   -9 -99.0 -99.0 -99.0 -99.0 -99.0
20260825 203  1.0   852  16  3.1 1611  16  5.2 1611  27.5  32.0 1452  24.5  505  24.9  29.4  24.5  86.6  70.0 1142  31.5  -9.0  -9.0 -9.00 1002.9 1012.0 1013.6 1033 1010.5 1739  7.1  4.0 13.3 -9.0 -9.00 -9.00   -9   -9.0   -9.0 -9.00   -9.0   -9   -9.0   -9   -9.0   -9   -9.0   -9   -9.0   -9 -99.0 -99.0 -99.0 -99.0 -99.0
20260825 211  1.4  1181  20  3.2  651  20  6.7  522  26.7  31.7 1440  22.9 2400  22.1  30.3  20.7  77.0  55.0 1619  26.6  -9.0  -9.0 -9.00  988.0 1010.7 1012.2  942 1009.2 1723  6.0  3.5 13.3 -9.0 -9.00 -9.00   -9   -9.0   -9.0 -9.00   -9.0   -9   -9.0   -9   -9.0   -9   -9.0   -9   -9.0   -9 -99.0 -99.0 -99.0 -99.0 -99.0
20260825 212  0.9   766  25  2.6 1335  32  5.0 1434  27.3  32.5 1407  23.7  139  22.9  30.0  22.5  78.4  51.0 1608  27.9  -9.0  -9.0 -9.00  995.7 1011.6 1013.1  738 1009.9 1729  5.6  6.3 13.3 -9.0 -9.00 -9.00   -9    0.9   -9.0 -9.00    0.9  625    0.5  712   -9.0   -9   -9.0   -9   -9.0   -9 -99.0 -99.0 -99.0 -99.0 -99.0
20260825 216  1.2   995  32  3.1 1152  36  6.5 1143  24.5  29.9 1408  20.9 2356  19.9  26.0  20.6  76.9  56.0 1411  23.3   3.9   2.7 -9.00  933.0 1011.4 1012.9  957 1009.1 1626  6.4  3.6 13.2 -9.0 13.84  2.49 1100   -9.0   -9.0 -9.00   -9.0   -9   -9.0   -9   -9.0   -9   -9.0   -9   -9.0   -9 -99.0 -99.0 -99.0 -99.0 -99.0
20260825 221  0.7   599  23  2.3 1631  25  3.6 1625  24.5  28.9 1551  21.3  614  23.4  27.5  21.2  94.0  75.0 1549  28.8  -9.0  -9.0 -9.00  981.9 1011.8 1013.7 1041 1010.0 1804  5.9  2.3 13.3 -9.0 -9.00 -9.00   -9    3.5   -9.0 -9.00    3.5 1016    1.2 1053   -9.0   -9   -9.0   -9   -9.0   -9 -99.0 -99.0 -99.0 -99.0 -99.0
20260825 226  0.8   712  36  3.9 1304  34  7.1 1301  26.1  30.9 1215  21.6  546  23.0  29.2  19.1  85.0  61.0 1232  28.1  -9.0  -9.0 -9.00  992.7 1012.1 1013.8  746 1009.6 1844  2.4  8.8 13.2 -9.0 -9.00 -9.00   -9   -9.0   -9.0 -9.00   -9.0   -9   -9.0   -9   -9.0   -9   -9.0   -9   -9.0   -9 -99.0 -99.0 -99.0 -99.0 -99.0
20260825 232  0.7   626  34  2.8 1052  36  4.9 1048  26.3  31.3 1632  22.3  604  24.6  29.8  21.8  91.0  66.0 1543  31.0  -9.0  -9.0 -9.00 1002.8 1012.4 1014.0  744 1010.4 1813  4.1  4.5 13.2 -9.0 -9.00 -9.00   -9   -9.0   -9.0 -9.00   -9.0   -9   -9.0   -9   -9.0   -9   -9.0   -9   -9.0   -9 -99.0 -99.0 -99.0 -99.0 -99.0
20260825 235  1.2  1016  20  3.6 1131  23  6.5 1304  28.3  34.2 1519  24.5  411  24.3  31.9  23.0  80.4  59.0 1500  30.4   6.4   4.5 -9.00 1010.1 1011.2 1012.9 1050 1009.5 1830  1.9 10.0 13.2 -9.0 23.65  3.47 1200   -9.0   -9.0 -9.00   -9.0   -9   -9.0   -9   -9.0   -9   -9.0   -9   -9.0   -9 -99.0 -99.0 -99.0 -99.0 -99.0
20260825 236  0.4   392  36  2.0 1733  32  4.7 1741  27.3  33.0 1603  22.9  406  24.3  29.7  22.5  84.9  60.0 1255  30.3  -9.0  -9.0 -9.00 1010.5 1012.0 1013.9 1009 1010.1 1831  3.1  5.5 13.2 -9.0 -9.00 -9.00   -9   -9.0   -9.0 -9.00   -9.0   -9   -9.0   -9   -9.0   -9   -9.0   -9   -9.0   -9 -99.0 -99.0 -99.0 -99.0 -99.0
20260825 238  0.7   632  36  2.1 1506  34  4.6 1713  27.4  33.7 1534  22.0  541  23.2  30.8  21.4  80.4  51.0 1546  28.5  -9.0  -9.0 -9.00  992.2 1011.4 1013.4  723 1009.0 1857  0.6 10.5 13.2 -9.0 -9.00 -9.00   -9   -9.0   -9.0 -9.00   -9.0   -9   -9.0   -9   -9.0   -9   -9.0   -9   -9.0   -9 -99.0 -99.0 -99.0 -99.0 -99.0
20260825 239  1.0   873  34  2.7 1103  34  4.7 1247  27.3  32.2 1600  23.1  507  23.8  30.7  23.0  83.0  60.0 1559  29.6   4.8   3.4 -9.00 1001.0 1011.2 1012.9  721 1008.8 1831  3.5  7.2 13.2 -9.0 18.27  2.73 1000    0.0   -9.0 -9.00    0.0   -9    0.0   -9   -9.0   -9   -9.0   -9   -9.0   -9 -99.0 -99.0 -99.0 -99.0 -99.0
20260825 243  1.0   829  32  3.0 1326  25  5.1 1625  28.1  33.3 1315  24.5  451  23.9  32.8  21.8  79.1  56.0 1233  29.6  -9.0  -9.0 -9.00 1010.7 1012.1 1013.9 1058 1010.3 1832  1.8  9.7 13.2 -9.0 -9.00 -9.00   -9   -9.0   -9.0 -9.00   -9.0   -9   -9.0   -9   -9.0   -9   -9.0   -9   -9.0   -9 -99.0 -99.0 -99.0 -99.0 -99.0
20260825 244  0.9   790   7  2.4  941  36  4.6 1205  27.7  33.9 1604  21.6  553  22.4  31.8  20.4  75.8  47.0 1604  27.1  -9.0  -9.0 -9.00  983.8 1011.4 1013.4  723 1009.0 1654  0.8  9.2 13.2 -9.0 -9.00 -9.00   -9   -9.0   -9.0 -9.00   -9.0   -9   -9.0   -9   -9.0   -9   -9.0   -9   -9.0   -9 -99.0 -99.0 -99.0 -99.0 -99.0
20260825 245  1.5  1312  34  4.9 1619  36  7.4 1618  28.8  34.5 1317  23.9  556  23.7  32.8  22.1  76.0  50.0 1310  29.4   6.9   4.8 -9.00 1004.0 1011.7 1013.4 1040 1009.9 1930  1.0 11.1 13.2 -9.0 23.54  3.35 1200   -9.0   -9.0 -9.00   -9.0   -9   -9.0   -9   -9.0   -9   -9.0   -9   -9.0   -9 -99.0 -99.0 -99.0 -99.0 -99.0
20260825 247  1.2  1009  29  2.8 1347  29  5.5 1342  28.6  34.8 1443  23.6  531  23.1  32.8  22.3  74.3  50.0 1443  28.2  -9.0  -9.0 -9.00  996.2 1011.1 1013.1  740 1008.8 1729  0.6 11.6 13.2 -9.0 -9.00 -9.00   -9   -9.0   -9.0 -9.00   -9.0   -9   -9.0   -9   -9.0   -9   -9.0   -9   -9.0   -9 -99.0 -99.0 -99.0 -99.0 -99.0
20260825 248  0.8   670  34  2.6 1426  34  4.7 1421  25.6  32.6 1537  20.5  350  22.0  29.2  19.5  83.1  50.0 1538  26.4  -9.0  -9.0 -9.00  966.7 1012.1 1014.3  734 1009.5 1536  1.1  8.5 13.2 -9.0 -9.00 -9.00   -9   -9.0   -9.0 -9.00   -9.0   -9   -9.0   -9   -9.0   -9   -9.0   -9   -9.0   -9 -99.0 -99.0 -99.0 -99.0 -99.0
20260825 251  1.3  1082  29  3.3 1818  34  4.9 1519  28.0  34.0 1352  23.3  545  24.4  29.5  22.8  82.6  56.0 1347  30.6   5.6   3.9 -9.00 1005.7 1011.4 1013.0  748 1009.5 1716  1.0 10.1 13.2 -9.0 19.97  3.11 1300   -9.0   -9.0 -9.00   -9.0   -9   -9.0   -9   -9.0   -9   -9.0   -9   -9.0   -9 -99.0 -99.0 -99.0 -99.0 -99.0
20260825 252  1.2  1038  36  3.5 1733  32  5.9 1551  27.9  33.0 1230  23.8  631  24.0  30.4  24.5  81.1  56.0 1223  29.8   6.7   4.7 -9.00 1007.3 1011.5 1013.3  935 1009.7 1930  0.0 11.4 13.2 -9.0 25.02  3.34 1100   -9.0   -9.0 -9.00   -9.0   -9   -9.0   -9   -9.0   -9   -9.0   -9   -9.0   -9 -99.0 -99.0 -99.0 -99.0 -99.0
20260825 253  1.2  1008  18  4.2 1611  18  7.3 1607  30.1  36.3 1335  26.2  246  25.2  32.8  25.0  76.4  45.0 1315  32.0   5.9   4.1 -9.00 1005.6 1011.7 1013.6 1021 1009.8 1552  0.8  9.1 13.2 -9.0 20.09  3.03 1300   -9.0   -9.0 -9.00   -9.0   -9   -9.0   -9   -9.0   -9   -9.0   -9   -9.0   -9 -99.0 -99.0 -99.0 -99.0 -99.0
20260825 254  1.3  1124  32  5.0 1842  32  6.9 1835  28.6  34.9 1519  23.2  559  22.9  33.4  22.1  74.3  47.0 1521  28.0   7.0   4.9 -9.00  997.1 1011.6 1013.6  716 1009.3 1712  0.5 11.2 13.2 -9.0 24.51  3.61 1100   -9.0   -9.0 -9.00   -9.0   -9   -9.0   -9   -9.0   -9   -9.0   -9   -9.0   -9 -99.0 -99.0 -99.0 -99.0 -99.0
20260825 255  0.9   765  32  2.4 1257  32  4.2 1057  30.9  36.7 1505  26.8  612  24.3  31.0  24.4  69.6  47.0 1720  30.4   5.7   4.0 -9.00 1004.7 1010.4 1012.3 1018 1008.3 1553  1.3 10.3 13.2 -9.0 19.36  2.54 1400   -9.0   -9.0 -9.00   -9.0   -9   -9.0   -9   -9.0   -9   -9.0   -9   -9.0   -9 -99.0 -99.0 -99.0 -99.0 -99.0
20260825 257  1.4  1195  20  3.1 1333  23  5.4 1357  30.4  36.7 1507  25.4  541  25.1  34.2  23.6  75.4  47.0 1320  31.8   7.1   5.0 -9.00 1010.1 1010.8 1012.5 1007 1008.7 1555  0.8 10.1 13.2 -9.0 23.74  3.23 1200   -9.0   -9.0 -9.00   -9.0   -9   -9.0   -9   -9.0   -9   -9.0   -9   -9.0   -9 -99.0 -99.0 -99.0 -99.0 -99.0
20260825 258  1.9  1604  20  4.0 1422  20  4.9 1419  28.8  34.4 1516  24.0  434  24.1  31.2  22.3  78.4  50.0 1448  30.1   7.5   5.2 -9.00 1011.4 1011.6 1013.5    1 1009.5 1700  0.8 12.0 13.2 -9.0 26.27  3.46 1200   -9.0   -9.0 -9.00   -9.0   -9   -9.0   -9   -9.0   -9   -9.0   -9   -9.0   -9 -99.0 -99.0 -99.0 -99.0 -99.0
20260825 259  0.6   543  20  2.4 1838  20  4.1 1831  29.0  35.1 1458  24.0  521  24.0  31.0  24.3  77.3  50.0 1323  29.9   6.0   4.2 -9.00 1009.3 1011.1 1013.1    1 1009.1 1550  1.1  8.4 13.2 -9.0 22.00  3.37 1200   -9.0   -9.0 -9.00   -9.0   -9   -9.0   -9   -9.0   -9   -9.0   -9   -9.0   -9 -99.0 -99.0 -99.0 -99.0 -99.0
20260825 260  1.0   895  16  3.6 1556  14  4.7 1551  28.5  35.4 1505  23.7  535  24.0  34.9  19.4  78.8  48.0 1508  29.9  -9.0  -9.0 -9.00 1006.2 1011.2 1013.2    1 1009.1 1549  1.1 10.9 13.2 -9.0 -9.00 -9.00   -9   -9.0   -9.0 -9.00   -9.0   -9   -9.0   -9   -9.0   -9   -9.0   -9   -9.0   -9 -99.0 -99.0 -99.0 -99.0 -99.0
20260825 261  1.0   904  23  4.1 1751  25  5.2 1711  28.6  34.5 1458  23.8  537  24.4  33.7  19.6  79.6  57.0 1435  30.6  -9.0  -9.0 -9.00 1009.8 1011.6 1013.5    1 1009.6 1559  1.6  9.7 13.2 -9.0 -9.00 -9.00   -9   -9.0   -9.0 -9.00   -9.0   -9   -9.0   -9   -9.0   -9   -9.0   -9   -9.0   -9 -99.0 -99.0 -99.0 -99.0 -99.0
20260825 262  1.0   884  29  3.2 1346  32  5.6 1312  28.7  35.8 1519  23.3  535  23.1  33.2  25.0  74.4  45.0 1535  28.2   6.6   4.6 -9.00 1005.4 1011.3 1013.3    3 1009.3 1604  0.3 10.2 13.1 -9.0 22.52  2.98 1400   -9.0   -9.0 -9.00   -9.0   -9   -9.0   -9   -9.0   -9   -9.0   -9   -9.0   -9 -99.0 -99.0 -99.0 -99.0 -99.0
20260825 263  1.0   870   5  2.5 1145   9  4.2 1348  28.6  35.0 1537  23.1  542  23.9  31.9  22.7  78.1  48.0 1524  29.6   6.7   4.7 -9.00 1009.4 1011.0 1013.0 1014 1008.8 1731  0.6 10.2 13.2 -9.0 24.48  3.48 1200   -9.0   -9.0 -9.00   -9.0   -9   -9.0   -9   -9.0   -9   -9.0   -9   -9.0   -9 -99.0 -99.0 -99.0 -99.0 -99.0
20260825 264  0.8   715  32  3.0 1533  32  4.4 1611  28.5  36.0 1443  22.3  547  23.7  31.5  21.5  78.4  48.0 1444  29.4   7.2   5.0 -9.00  994.2 1011.2 1013.4  730 1008.6 1733  0.9 11.0 13.2 -9.0 25.73  3.31 1300   -9.0   -9.0 -9.00   -9.0   -9   -9.0   -9   -9.0   -9   -9.0   -9   -9.0   -9 -99.0 -99.0 -99.0 -99.0 -99.0
20260825 266  1.0   895  11  2.7 1112   7  4.4 1104  29.9  35.8 1529  25.0  609  24.2  31.0  24.5  73.8  48.0 1453  30.3   6.7   4.7 -9.00 1001.6 1011.5 1013.6 1016 1009.5 1702  0.6 10.9 13.2 -9.0 23.45  3.29 1100   -9.0   -9.0 -9.00   -9.0   -9   -9.0   -9   -9.0   -9   -9.0   -9   -9.0   -9 -99.0 -99.0 -99.0 -99.0 -99.0
20260825 268  1.2  1020  23  3.4 1138  20  5.6 1120  27.9  32.9 1506  23.5  539  23.8  35.5  23.1  80.3  54.0 1107  29.4  -9.0  -9.0 -9.00 1009.2 1010.3 1012.0 1005 1008.5 1600  0.3 10.4 13.1 -9.0 -9.00 -9.00   -9   -9.0   -9.0 -9.00   -9.0   -9   -9.0   -9   -9.0   -9   -9.0   -9   -9.0   -9 -99.0 -99.0 -99.0 -99.0 -99.0
20260825 271  0.9   768  34  2.6 1106  32  5.3 1105  24.8  30.6 1231  20.0  541  21.8  28.4  18.6  85.1  59.0 1059  26.2  -9.0  -9.0 -9.00  975.7 1012.2 1014.1  806 1010.3 1635  4.6  5.4 13.2 -9.0 -9.00 -9.00   -9   -9.0   -9.0 -9.00   -9.0   -9   -9.0   -9   -9.0   -9   -9.0   -9   -9.0   -9 -99.0 -99.0 -99.0 -99.0 -99.0
20260825 272  1.9  1676  32  4.6  922  34  8.1  512  25.9  30.1 1618  22.2  611  22.7  28.6  21.4  84.0  63.0 1110  27.6  -9.0  -9.0 -9.00  987.9 1011.7 1013.2  800 1009.7 1826  4.6  4.9 13.2 -9.0 -9.00 -9.00   -9   -9.0   -9.0 -9.00   -9.0   -9   -9.0   -9   -9.0   -9   -9.0   -9   -9.0   -9 -99.0 -99.0 -99.0 -99.0 -99.0
20260825 273  1.2  1009  32  3.9 1336  34  6.1 1331  26.8  31.4 1656  22.4  543  23.3  29.6  19.5  82.5  61.0 1541  28.6  -9.0  -9.0 -9.00  991.7 1011.2 1012.7 1038 1009.1 1826  3.4  8.3 13.2 -9.0 -9.00 -9.00   -9    0.0   -9.0 -9.00    0.0   -9    0.0   -9   -9.0   -9   -9.0   -9   -9.0   -9 -99.0 -99.0 -99.0 -99.0 -99.0
20260825 276  1.6  1359  29  4.2 1104  34  7.1 1235  27.3  33.8 1359  22.0  541  23.3  30.9  19.9  81.5  54.0 1226  28.7   6.6   4.6 -9.00  987.5 1010.9 1012.7  733 1009.0 1900  0.0 10.6 13.2 -9.0 23.21  3.32 1100   -9.0   -9.0 -9.00   -9.0   -9   -9.0   -9   -9.0   -9   -9.0   -9   -9.0   -9 -99.0 -99.0 -99.0 -99.0 -99.0
20260825 277  1.4  1181  25  3.2  432  29  6.2  426  27.6  33.4 1357  23.9 2337  22.4  31.9  22.3  75.1  53.0 1358  27.1  -9.0  -9.0 -9.00 1006.4 1011.0 1012.7 1026 1009.7 1909  1.9 10.4 13.2 -9.0 -9.00 -9.00   -9   -9.0   -9.0 -9.00   -9.0   -9   -9.0   -9   -9.0   -9   -9.0   -9   -9.0   -9 -99.0 -99.0 -99.0 -99.0 -99.0
20260825 278  1.0   844  29  3.0 1532  29  5.9 1132  28.0  33.9 1347  23.4  636  23.6  32.1  23.0  79.8  52.0 1350  29.1  -9.0  -9.0 -9.00 1001.4 1010.6 1012.3  745 1008.5 1850  1.3  9.4 13.2 -9.0 -9.00 -9.00   -9   -9.0   -9.0 -9.00   -9.0   -9   -9.0   -9   -9.0   -9   -9.0   -9   -9.0   -9 -99.0 -99.0 -99.0 -99.0 -99.0
20260825 279  1.2  1006  27  2.8 1444  32  5.1 1424  29.2  35.8 1516  23.3  616  22.6  33.9  21.9  70.3  44.0 1458  27.3   7.0   4.9 -9.00 1005.6 1011.1 1012.8  725 1009.1 1631  0.6 11.4 13.2 -9.0 24.33  3.08 1300   -9.0   -9.0 -9.00   -9.0   -9   -9.0   -9   -9.0   -9   -9.0   -9   -9.0   -9 -99.0 -99.0 -99.0 -99.0 -99.0
20260825 281  1.4  1194  27  3.5  852  27  6.4  819  29.0  34.9 1500  24.4  625  22.4  31.6  21.9  70.4  43.0 1505  27.0  -9.0  -9.0 -9.00 1000.7 1011.6 1013.3  944 1009.8 1741  0.4 11.7 13.2 -9.0 -9.00 -9.00   -9   -9.0   -9.0 -9.00   -9.0   -9   -9.0   -9   -9.0   -9   -9.0   -9   -9.0   -9 -99.0 -99.0 -99.0 -99.0 -99.0
20260825 283  1.9  1647  29  4.1  937  29  6.7  937  29.4  36.3 1620  24.2  601  23.0  33.7  23.5  72.0  42.0 1504  28.2   7.9   5.6 -9.00 1006.6 1011.1 1013.0  927 1009.2 1624  0.1 11.8 13.2 -9.0 25.77  3.25 1300   -9.0   -9.0 -9.00   -9.0   -9   -9.0   -9   -9.0   -9   -9.0   -9   -9.0   -9 -99.0 -99.0 -99.0 -99.0 -99.0
20260825 284  1.2  1056  27  2.9 1843   5  4.4 1103  28.3  35.9 1605  21.7  607  23.3  30.8  20.0  76.6  47.0 1616  28.7   7.2   5.0 -9.00  985.7 1011.2 1013.4  703 1008.4 1658  0.5 11.3 13.2 -9.0 25.63  3.41 1200   -9.0   -9.0 -9.00   -9.0   -9   -9.0   -9   -9.0   -9   -9.0   -9   -9.0   -9 -99.0 -99.0 -99.0 -99.0 -99.0
20260825 285  0.7   618   7  1.8 1615  36  3.2 1612  29.0  35.6 1532  23.6  524  23.6  33.8  23.2  75.9  47.0 1434  29.2  -9.0  -9.0 -9.00 1008.2 1011.3 1013.2  736 1009.2 1730  0.0 11.7 13.2 -9.0 -9.00 -9.00   -9   -9.0   -9.0 -9.00   -9.0   -9   -9.0   -9   -9.0   -9   -9.0   -9   -9.0   -9 -99.0 -99.0 -99.0 -99.0 -99.0
20260825 288  1.2  1011  18  2.9 2006  18  6.2 1942  30.5  36.5 1343  25.5  552  23.3  34.9  25.6  69.0  39.0 1730  28.7   7.2   5.0 -9.00 1008.5 1009.4 1011.3 1017 1007.3 1732  0.0 10.2 13.2 -9.0 23.09  3.37 1200   -9.0   -9.0 -9.00   -9.0   -9   -9.0   -9   -9.0   -9   -9.0   -9   -9.0   -9 -99.0 -99.0 -99.0 -99.0 -99.0
20260825 289  0.8   700  29  2.4 1313  32  4.4 1233  28.5  35.7 1318  23.2  559  23.6  34.9  21.6  77.4  50.0 1321  29.2  -9.0  -9.0 -9.00  996.5 1012.0 1014.0  745 1009.8 1719  0.0 11.0 13.2 -9.0 -9.00 -9.00   -9   -9.0   -9.0 -9.00   -9.0   -9   -9.0   -9   -9.0   -9   -9.0   -9   -9.0   -9 -99.0 -99.0 -99.0 -99.0 -99.0
20260825 294  0.8   671  20  2.4 1726  18  5.1 1747  28.5  33.6 1449  24.6  515  23.4  34.2  23.1  75.5  52.0 1526  28.8  -9.0  -9.0 -9.00 1006.8 1011.9 1013.7 1033 1010.3 1605  0.5  9.3 13.2 -9.0 -9.00 -9.00   -9   -9.0   -9.0 -9.00   -9.0   -9   -9.0   -9   -9.0   -9   -9.0   -9   -9.0   -9 -99.0 -99.0 -99.0 -99.0 -99.0
20260825 295  1.0   872   7  2.1 1419  20  3.8 1826  28.8  34.2 1453  25.0  556  23.4  33.4  23.0  74.3  51.0 1401  28.8  -9.0  -9.0 -9.00 1006.2 1011.4 1013.4 1014 1009.5 1704  0.4 10.9 13.2 -9.0 -9.00 -9.00   -9   -9.0   -9.0 -9.00   -9.0   -9   -9.0   -9   -9.0   -9   -9.0   -9   -9.0   -9 -99.0 -99.0 -99.0 -99.0 -99.0
20260825 296  1.4  1212  18  3.7 1626  16  6.1 1359  30.1  35.3 1527  25.2  547  25.2  31.3  22.8  77.1  53.0 1154  32.1   6.1   4.3 -9.00 1009.8 1010.1 1011.9 1007 1008.2 1555  0.8  9.6 13.2 -9.0 20.50  2.97 1100   -9.0   -9.0 -9.00   -9.0   -9   -9.0   -9   -9.0   -9   -9.0   -9   -9.0   -9 -99.0 -99.0 -99.0 -99.0 -99.0
20260826  90  1.8  1545  34  5.8 1332   2 12.6 1307  25.5  30.3 1134  23.2 2316  21.7  27.9  23.2  80.1  67.0  920  26.1   3.5   2.5 -9.00 1006.5 1008.5 1010.3    6 1007.1 2018  8.9  2.8 13.3 -9.0 13.03  2.88 1100    0.0   -9.0 -9.00    0.0   -9    0.0   -9   -9.0   -9   -9.0   -9   -9.0   -9 -99.0 -99.0 -99.0 -99.0 -99.0
20260826  93  0.6   537  32  2.4 1737  34  4.0 1738  26.3  30.9 1323  23.3  432  23.5  28.4  24.2  85.9  64.0 1332  29.0   3.2   2.3 -9.00  997.9 1008.8 1011.2    1 1006.8 1805  8.9  3.2 13.3 -9.0 12.47  2.33 1300   -9.0   -9.0 -9.00   -9.0   -9   -9.0   -9   -9.0   -9   -9.0   -9   -9.0   -9  28.6  27.3  26.0  22.6  19.3
20260826  95  1.2  1043  11  4.8 1625  11  7.9 1644  24.8  29.7 1239  21.9 2312  22.6  26.9  23.3  88.5  65.0 1250  27.6   3.0   2.1 -9.00  991.5 1009.1 1011.5    4 1007.7 2017  9.0  2.6 13.3 -9.0 11.15  2.03 1200   -9.0   -9.0 -9.00   -9.0   -9   -9.0   -9   -9.0   -9   -9.0   -9   -9.0   -9 -99.0 -99.0 -99.0 -99.0 -99.0
20260826  98  0.5   418  36  1.7 1828  36  5.3 1819  26.1  30.5 1254  23.3 2345  21.8  27.8  23.0  77.6  60.0 1257  26.1   3.0   2.1 -9.00  995.3 1008.3 1010.9    5 1006.6 1801  6.8  1.9 13.3 -9.0 11.58  1.69 1200   -9.0   -9.0 -9.00   -9.0   -9   -9.0   -9   -9.0   -9   -9.0   -9   -9.0   -9 -99.0 -99.0 -99.0 -99.0 -99.0
20260826  99  0.6   555   7  3.0 1838   5  5.8 1827  25.3  30.0 1228  22.7 2044  23.0  27.8  23.0  87.8  59.0 1706  28.1   3.0   2.1 -9.00 1005.6 1009.1 1011.4    1 1007.6 1712  8.5  1.1 13.3 -9.0 11.45  1.93 1200   -9.0   -9.0 -9.00   -9.0   -9   -9.0   -9   -9.0   -9   -9.0   -9   -9.0   -9 -99.0 -99.0 -99.0 -99.0 -99.0
20260826 100  2.1  1816  27  4.4 1211  29  8.6 1209  22.1  27.9 1208  19.2 1739  20.7  25.6  19.5  92.5  66.0 1431  24.4   3.4   2.3 -9.00  923.9 1008.9 1011.6    2 1006.9 1207  8.8  3.7 13.2 -9.0 13.53  2.50 1100   -9.0   -9.0 -9.00   -9.0   -9   -9.0   -9   -9.0   -9   -9.0   -9   -9.0   -9 -99.0 -99.0 -99.0 -99.0 -99.0
20260826 101  1.4  1167  32  3.1 1757  34  5.0 1804  26.2  31.9 1348  23.4  411  22.4  28.7  23.1  80.3  57.0 1349  27.1   3.8   2.7 -9.00  999.1 1007.6 1010.3    8 1005.7 1822  8.8  1.7 13.3 -9.0 13.06  2.87 1300   -9.0   -9.0 -9.00   -9.0   -9   -9.0   -9   -9.0   -9   -9.0   -9   -9.0   -9  28.1  26.0  24.6  20.1  16.5
20260826 102  1.7  1450  16  4.0 1714  16  5.9 1710  25.9  28.3 1543  24.2  326  24.2  27.2  23.6  90.9  79.0 1330  30.2   2.3   1.6  1.25 1003.3 1007.4 1009.8    3 1006.2 1654  9.1  0.6 13.3 -9.0  8.97  1.40 1500   -9.0   -9.0 -9.00   -9.0   -9   -9.0   -9   -9.0   -9   -9.0   -9   -9.0   -9 -99.0 -99.0 -99.0 -99.0 -99.0
20260826 104  1.4  1224  27  5.7 1437  14 12.1 1407  25.6  33.1 1210  22.4 1958  23.2  27.0  21.7  87.4  64.0 1211  28.5   3.2   2.3 -9.00  999.3 1007.8 1009.5    6 1006.2 1159  9.0  3.5 13.2 -9.0 12.66  2.94 1200    0.0    0.0  0.25    0.0   -9    0.0   -9   -9.0   -9   -9.0   -9   -9.0   -9  28.1  25.5  24.1  20.0  16.3
20260826 105  2.0  1766  29  8.5 1421  18 14.5 1416  26.5  33.8 1226  23.5 2213  21.5  28.1  22.7  75.4  51.0 1228  25.8   4.1   2.8 -9.00 1005.5 1008.6 1010.3    1 1006.9 1227  8.8  3.7 13.2 -9.0 13.29  3.01 1200   -9.0   -9.0 -9.00   -9.0   -9   -9.0   -9   -9.0   -9   -9.0   -9   -9.0   -9  28.4  25.8  24.9  20.4  17.0
20260826 106  1.9  1633  36  8.5 1459  36 17.6 1452  26.0  31.9 1321  23.4 2008  22.7  31.5  22.0  83.3  63.0  844  27.7   4.2   2.9 -9.00 1004.1 1008.7 1010.6    1 1007.4 1240  8.0  6.2 13.2 -9.0 17.42  2.71 1300   -9.0   -9.0 -9.00   -9.0   -9   -9.0   -9   -9.0   -9   -9.0   -9   -9.0   -9 -99.0 -99.0 -99.0 -99.0 -99.0
20260826 108  1.6  1367  29  3.4 1307  29  5.3 1259  27.9  31.0 1241  24.8  613  22.4  27.1  21.5  73.1  61.0 1227  27.2   3.6   2.6 -9.00  998.7 1008.3 1011.0    1 1006.7 1735  7.5  2.9 13.2 -9.0 12.24  1.63 1000   -9.0   -9.0 -9.00   -9.0   -9   -9.0   -9   -9.0   -9   -9.0   -9   -9.0   -9  27.8  26.1  25.6  21.2  16.5
20260826 112  1.5  1328  27  3.0 1045  23  4.6 1246  27.6  30.2 1253  26.0  607  24.6  28.1  23.1  84.4  65.0 1822  31.0   3.8   2.6 -9.00 1000.5 1008.3 1010.9    1 1006.7 1819  7.8  3.3 13.2 -9.0 14.38  2.62 1200   -9.0   -9.0 -9.00   -9.0   -9   -9.0   -9   -9.0   -9   -9.0   -9   -9.0   -9  26.9  25.6  24.0  20.4  16.0
20260826 114  1.1   908  29  2.7 1406  29  4.7 1336  27.9  32.2 1319  23.9  520  23.0  29.0  22.5  75.8  56.0 1610  28.0   4.0   2.8 -9.00  991.3 1008.1 1010.7   31 1006.2 1801  7.6  4.1 13.2 -9.0 15.52  2.13 1300   -9.0   -9.0 -9.00   -9.0   -9   -9.0   -9   -9.0   -9   -9.0   -9   -9.0   -9 -99.0 -99.0 -99.0 -99.0 -99.0
20260826 115  3.1  2704   7  5.4 1910   5  9.2 1902  27.2  30.1 1328  25.3 2110  24.6  30.1  22.4  86.1  75.0  359  31.0   3.1   2.2 -9.00  983.7 1008.4 1011.5    6 1007.1 1856  7.4  3.4 13.2 -9.0 11.74  2.05  900   -9.0    0.1 -9.00   -9.0   -9   -9.0   -9   -9.0   -9   -9.0   -9   -9.0   -9  25.5  23.2  21.8  15.7  13.7
20260826 119  1.4  1195  29  3.0 1358  32  5.2 1313  27.6  32.0 1206  24.2  518  23.5  28.7  23.0  79.9  53.0 1339  28.9   4.3   3.0 -9.00 1003.5 1008.0 1010.8   14 1006.4 1746  7.6  4.5 13.2 -9.0 15.96  2.87 1100   -9.0   -9.0 -9.00   -9.0   -9   -9.0   -9   -9.0   -9   -9.0   -9   -9.0   -9  27.6  25.8  24.4  20.0  16.5
20260826 121  0.9   762  29  2.8 1348  27  5.2 1425  26.9  33.5 1139  22.8  243  23.4  33.1  19.8  83.3  54.0 1357  28.9   4.4   3.1 -9.00  981.9 1008.9 1012.1    1 1006.7 1658  6.8  4.4 13.2 -9.0 17.33  2.97 1100   -9.0   -9.0 -9.00   -9.0   -9   -9.0   -9   -9.0   -9   -9.0   -9   -9.0   -9 -99.0 -99.0 -99.0 -99.0 -99.0
20260826 127  0.8   732  34  2.7 1552   7  5.5 1047  27.2  33.0 1321  23.7  200  23.2  28.8  23.6  80.3  58.0 1335  28.4   4.2   3.0 -9.00  994.6 1007.5 1010.3    1 1005.7 1850  7.0  4.0 13.2 -9.0 16.65  2.80 1300   -9.0   -9.0 -9.00   -9.0   -9   -9.0   -9   -9.0   -9   -9.0   -9   -9.0   -9 -99.0 -99.0 -99.0 -99.0 -99.0
20260826 129  1.2  1053  32  4.2 1445  32  6.3 1436  27.2  32.7 1214  23.2  449  23.5  28.6  21.1  82.1  56.0 1623  29.0   5.2   3.7 -9.00 1005.6 1008.5 1011.3   13 1006.9 1843  5.9  7.4 13.2 -9.0 19.87  2.75 1200   -9.0   -9.0 -9.00   -9.0   -9   -9.0   -9   -9.0   -9   -9.0   -9   -9.0   -9  27.1  25.8  24.3  19.9  16.9
20260826 130  1.5  1293  23  4.5 1648  18 10.5 1651  26.8  32.8  921  24.2 2155  23.9  31.0  23.1  84.5  66.0  920  29.8  -9.0  -9.0 -9.00 1002.9 1008.5 1011.2    2 1006.7 1548  6.8  8.0 13.2 -9.0 -9.00 -9.00   -9   -9.0   -9.0 -9.00   -9.0   -9   -9.0   -9   -9.0   -9   -9.0   -9   -9.0   -9 -99.0 -99.0 -99.0 -99.0 -99.0
20260826 131  1.1   942  27  2.7 1748  32  5.2 1431  29.6  34.7 1408  25.7  458  22.9  31.1  24.7  68.5  47.0 1451  27.9   5.7   4.0 -9.00 1001.1 1007.7 1010.4    1 1005.8 1831  6.4  6.8 13.2 -9.0 20.88  3.36 1200   -9.0   -9.0 -9.00   -9.0   -9   -9.0   -9   -9.0   -9   -9.0   -9   -9.0   -9 -99.0 -99.0 -99.0 -99.0 -99.0
20260826 133  1.1   956  32  3.1 1604  27  5.1 1609  29.2  34.7 1451  24.8  424  24.1  30.6  24.2  76.0  47.0 1428  30.1   5.1   3.6 -9.00 1000.6 1008.2 1011.1    1 1006.2 1820  4.8  7.4 13.2 -9.0 19.62  2.71 1100   -9.0   -9.0 -9.00   -9.0   -9   -9.0   -9   -9.0   -9   -9.0   -9   -9.0   -9  29.5  27.9  26.4  22.5  18.5
20260826 135  0.7   640  16  2.9 1044  27  4.5 1518  27.1  33.7 1457  21.5  531  22.4  30.8  21.1  77.3  52.0 1505  27.0   5.4   3.8 -9.00  980.4 1007.7 1011.0    1 1005.6 1531  4.3  8.2 13.2 -9.0 21.30  3.23 1100   -9.0   -9.0 -9.00   -9.0   -9   -9.0   -9   -9.0   -9   -9.0   -9   -9.0   -9 -99.0 -99.0 -99.0 -99.0 -99.0
20260826 136  1.2  1077  29  3.1 1401  29  6.0 1518  29.0  35.0 1421  23.6  519  23.2  36.6  22.7  72.5  45.0 1509  28.4   5.4   3.8 -9.00  992.9 1008.7 1011.9    6 1006.5 1808  4.1  6.9 13.2 -9.0 19.55  2.48 1200   -9.0   -9.0 -9.00   -9.0   -9   -9.0   -9   -9.0   -9   -9.0   -9   -9.0   -9 -99.0 -99.0 -99.0 -99.0 -99.0
20260826 137  0.5   400  18  1.7 1339  20  3.5 1337  28.3  34.5 1506  23.2  514  24.3  32.9  21.7  80.3  50.0 1510  30.4   5.0   3.5 -9.00  996.3 1007.2 1010.2    1 1005.1 1753  4.9  7.3 13.2 -9.0 20.68  3.20 1100   -9.0   -9.0 -9.00   -9.0   -9   -9.0   -9   -9.0   -9   -9.0   -9   -9.0   -9 -99.0 -99.0 -99.0 -99.0 -99.0
20260826 138  2.3  1955   7  6.1 1932   9  9.6 1920  29.2  34.3 1429  25.9 2306  22.7  33.3  23.8  69.5  44.0 1423  27.7   5.9   4.2 -9.00 1007.2 1007.6 1010.1   21 1005.4 1540  5.3  7.6 13.2 -9.0 19.51  2.79 1300   -9.0   -9.0 -9.00   -9.0   -9   -9.0   -9   -9.0   -9   -9.0   -9   -9.0   -9  26.9  24.0  22.7  19.4  17.0
20260826 140  1.3  1120  27  4.3 1351  29  5.6 1600  28.4  32.9 1323  24.7  556  25.4  31.8  22.5  84.6  65.0 1325  32.5  -9.0  -9.0 -9.00 1005.7 1008.9 1011.6    1 1007.2 1838  5.1  8.9 13.2 -9.0 -9.00 -9.00   -9   -9.0   -9.0 -9.00   -9.0   -9   -9.0   -9   -9.0   -9   -9.0   -9   -9.0   -9 -99.0 -99.0 -99.0 -99.0 -99.0
20260826 143  1.3  1109  14  3.7 2354  14  6.0 2353  30.1  36.9 1535  24.5  538  21.8  33.8  22.7  63.5  33.0 1528  26.1   6.2   4.3 -9.00 1001.0 1007.1 1010.2   23 1004.6 1535  3.9  8.9 13.2 -9.0 21.16  3.11 1200   -9.0   -9.0 -9.00   -9.0   -9   -9.0   -9   -9.0   -9   -9.0   -9   -9.0   -9 -99.0 -99.0 -99.0 -99.0 -99.0
20260826 146  1.6  1368  27  4.2 1633   2  7.9 1500  30.5  36.1 1241  25.4  627  23.5  34.1  22.0  68.4  43.0 1140  29.0   6.9   4.8 -9.00 1001.0 1007.8 1010.8    3 1006.0 1807  5.8  9.7 13.2 -9.0 22.48  3.33 1200   -9.0   -9.0 -9.00   -9.0   -9   -9.0   -9   -9.0   -9   -9.0   -9   -9.0   -9 -99.0 -99.0 -99.0 -99.0 -99.0
20260826 152  1.4  1218  18  2.8 1142  11  5.5 1437  28.8  33.4 1528  24.0  614  23.4  31.7  22.3  74.4  49.0 1435  28.8   5.9   4.1 -9.00  998.4 1007.5 1010.2    1 1005.4 1822  5.0  9.6 13.2 -9.0 22.04  2.86 1400   -9.0   -9.0 -9.00   -9.0   -9   -9.0   -9   -9.0   -9   -9.0   -9   -9.0   -9 -99.0 -99.0 -99.0 -99.0 -99.0
20260826 155  1.7  1449  18  4.5 1304  18  7.0 1258  29.6  34.3 1121  25.5  621  24.9  33.4  23.3  77.0  51.0 1107  31.4   6.2   4.4 -9.00 1004.0 1007.9 1010.7    1 1006.1 1805  4.3 11.4 13.1 -9.0 22.62  3.05 1100   -9.0   -9.0 -9.00   -9.0   -9   -9.0   -9   -9.0   -9   -9.0   -9   -9.0   -9 -99.0 -99.0 -99.0 -99.0 -99.0
20260826 156  1.4  1189  16  3.4 1316  16  6.4 1309  30.5  36.0 1625  25.3  512  24.2  33.4  22.3  71.3  42.0 1149  30.3   7.1   5.0 -9.00  999.7 1007.5 1010.4   53 1005.5 1728  3.9 10.3 13.1 -9.0 25.04  3.13 1100   -9.0   -9.0 -9.00   -9.0   -9   -9.0   -9   -9.0   -9   -9.0   -9   -9.0   -9 -99.0 -99.0 -99.0 -99.0 -99.0
20260826 159  1.5  1315  16  4.9 1151  16  6.9 1125  30.5  34.5 1500  26.5  612  25.1  31.8  21.3  73.9  58.0 1419  32.0   6.3   4.4 -9.00  999.8 1007.5 1010.0    1 1005.7 1757  4.0 10.8 13.1 -9.0 23.62  3.20 1100   -9.0   -9.0 -9.00   -9.0   -9   -9.0   -9   -9.0   -9   -9.0   -9   -9.0   -9  29.1  26.9  25.6  20.6  18.8
20260826 162  1.8  1530   5  4.4 1000   2  6.9  955  29.7  35.0 1455  25.0  455  24.2  32.7  22.4  74.6  51.0 1457  30.3   6.5   4.5 -9.00 1003.5 1007.0 1009.7    1 1005.3 1744  2.9 10.8 13.1 -9.0 23.45  3.08 1100   -9.0   -9.0 -9.00   -9.0   -9   -9.0   -9   -9.0   -9   -9.0   -9   -9.0   -9 -99.0 -99.0 -99.0 -99.0 -99.0
20260826 165  2.3  1972  27  4.9 1354  27  6.5 1347  29.3  34.4 1325  25.3  533  24.3  34.3  21.7  76.3  47.0 1237  30.4   7.0   4.9 -9.00 1002.9 1008.0 1010.7   13 1006.3 1733  2.8 11.6 13.1 -9.0 24.21  3.29 1200   -9.0   -9.0 -9.00   -9.0   -9   -9.0   -9   -9.0   -9   -9.0   -9   -9.0   -9  28.8  26.4  25.4  21.8  18.3
20260826 168  2.4  2088   7  4.9  750   9  7.1  748  29.9  33.8 1522  26.5  551  24.2  33.9  25.6  72.9  50.0 1517  30.2   7.0   4.9 -9.00 1000.8 1008.1 1010.5    1 1006.4 1844  3.1 12.2 13.1 -9.0 24.51  3.10 1100   -9.0   -9.0 -9.00   -9.0   -9   -9.0   -9   -9.0   -9   -9.0   -9   -9.0   -9  30.6  27.7  25.7  21.0  17.3
20260826 169  3.1  2702  36  5.1 1953   2  7.3 2131  29.1  34.0 1428  25.7  552  25.2  33.1  24.7  80.8  61.0 1431  32.1   3.3   2.3 -9.00  999.7 1008.1 1010.8    1 1006.4 1723  2.0  7.0 13.1 -9.0  9.27  2.27 1500   -9.0   -9.0 -9.00   -9.0   -9   -9.0   -9   -9.0   -9   -9.0   -9   -9.0   -9 -99.0 -99.0 -99.0 -99.0 -99.0
20260826 170  1.8  1574  14  4.8 1436  16  7.5 1431  29.8  35.0 1415  24.5  438  24.2  33.3  23.5  73.9  52.0 1142  30.2   7.3   5.1 -9.00 1004.2 1008.2 1010.5    1 1006.4 1830  2.8 11.9 13.1 -9.0 25.04  3.19 1300   -9.0   -9.0 -9.00   -9.0   -9   -9.0   -9   -9.0   -9   -9.0   -9   -9.0   -9 -99.0 -99.0 -99.0 -99.0 -99.0
20260826 172  1.4  1185  27  4.6 1454  29  7.0 1452  28.5  34.6 1347  23.5  557  25.4  33.5  22.3  85.3  48.0 1306  32.5   6.3   4.4 -9.00 1001.9 1007.8 1010.7    1 1006.1 1749  4.3 11.2 13.1 -9.0 24.10  3.29 1200   -9.0   -9.0 -9.00   -9.0   -9   -9.0   -9   -9.0   -9   -9.0   -9   -9.0   -9 -99.0 -99.0 -99.0 -99.0 -99.0
20260826 174  0.8   709  20  2.9 1337  23  5.2 1226  27.5  34.2 1444  21.2  556  22.0  33.4  19.8  75.0  45.0 1451  26.5  -9.0  -9.0 -9.00  987.9 1006.4 1009.3    1 1004.3 1759  4.0  9.7 13.1 -9.0 -9.00 -9.00   -9   -9.0   -9.0 -9.00   -9.0   -9   -9.0   -9   -9.0   -9   -9.0   -9   -9.0   -9 -99.0 -99.0 -99.0 -99.0 -99.0
20260826 177  1.0   898  32  4.0 1605  25  6.0 1428  27.4  33.6 1307  23.2  510  24.2  28.6  23.4  84.0  53.0 1414  30.3   4.8   3.4  0.58 1004.0 1007.1 1009.8    1 1005.3 1823  7.1  4.6 13.2 -9.0 18.29  2.87 1100   -9.0   -9.0 -9.00   -9.0   -9   -9.0   -9   -9.0   -9   -9.0   -9   -9.0   -9 -99.0 -99.0 -99.0 -99.0 -99.0
20260826 181  1.1   958  34  3.5 1714  23  4.8 1310  27.1  32.6 1326  22.5  541  23.2  29.9  22.4  81.4  55.0 1323  28.5   4.9   3.4 -9.00 1004.6 1008.4 1011.2    1 1006.6 1830  6.4  6.4 13.2 -9.0 19.65  3.02 1300   -9.0   -9.0 -9.00   -9.0   -9   -9.0   -9   -9.0   -9   -9.0   -9   -9.0   -9 -99.0 -99.0 -99.0 -99.0 -99.0
20260826 184  3.3  2824   5  8.1 1111   5 11.3 1121  30.1  35.4 1430  27.1  428  24.5  36.1  23.6  72.4  50.0 1414  30.9   6.5   4.6 -9.00 1004.5 1006.8 1010.0    1 1004.9 1636  2.5 11.0 13.1 -9.0 19.10  2.47 1100   -9.0   -9.0 -9.00   -9.0   -9   -9.0   -9   -9.0   -9   -9.0   -9   -9.0   -9  30.3  28.8  28.1  25.1  19.8
20260826 185  4.1  3504  14  7.5 1323  11 10.9 1414  30.1  35.3 1302  26.0  408  22.9  32.6  23.4  66.8  46.0 1630  27.9   9.2   6.5 -9.00  998.7 1006.7 1010.0    6 1004.7 1625  1.3 11.6 13.1 -9.0 25.20  3.45 1200   -9.0   -9.0 -9.00   -9.0   -9   -9.0   -9   -9.0   -9   -9.0   -9   -9.0   -9 -99.0 -99.0 -99.0 -99.0 -99.0
20260826 188  2.8  2438  11  4.9 2159   9  7.4 1258  29.4  32.3 1457  25.4    8  26.2  31.0  25.2  83.6  68.0 1458  34.0  -9.0  -9.0 -9.00 1005.6 1007.9 1010.4    8 1006.5 1651  1.6  9.8 13.1 -9.0 -9.00 -9.00   -9   -9.0   -9.0 -9.00   -9.0   -9   -9.0   -9   -9.0   -9   -9.0   -9   -9.0   -9 -99.0 -99.0 -99.0 -99.0 -99.0
20260826 189  2.6  2216   7  4.8 1441   9  8.2 2312  31.6  34.9 1357  28.5  129  22.8  32.8  25.2  60.5  51.0 1510  28.0   8.3   5.8 -9.00 1001.5 1007.3 1010.1    1 1005.8 1755  1.4 10.9 13.1 -9.0 25.43  3.37 1200   -9.0   -9.0 -9.00   -9.0   -9   -9.0   -9   -9.0   -9   -9.0   -9   -9.0   -9 -99.0 -99.0 -99.0 -99.0 -99.0
20260826 192  0.6   518  14  1.8 1142  16  4.0 1828  28.6  35.2 1421  22.8  551  23.8  34.6  22.2  77.3  50.0 1338  29.5   6.1   4.2 -9.00 1004.6 1008.0 1010.7    1 1005.9 1806  5.0 10.4 13.1 -9.0 22.85  3.06 1300   -9.0   -9.0 -9.00   -9.0   -9   -9.0   -9   -9.0   -9   -9.0   -9   -9.0   -9 -99.0 -99.0 -99.0 -99.0 -99.0
20260826 201  0.8   669  25  2.4 1307  25  3.6 1300  25.7  28.9 1704  23.0  508  24.2  26.7  21.0  92.4  71.0 1550  30.2  -9.0  -9.0 -9.00 1003.8 1009.3 1011.5    1 1007.7 1804  8.5  1.1 13.2 -9.0 -9.00 -9.00   -9   -9.0   -9.0 -9.00   -9.0   -9   -9.0   -9   -9.0   -9   -9.0   -9   -9.0   -9 -99.0 -99.0 -99.0 -99.0 -99.0
20260826 202  0.9   798  29  2.1 1421  27  3.7 1436  27.2  31.4 1302  24.7  649  23.5  29.3  24.2  81.8  59.0 1355  29.0  -9.0  -9.0 -9.00 1003.4 1008.7 1011.2    3 1007.0 1745  8.1  2.2 13.2 -9.0 -9.00 -9.00   -9   -9.0   -9.0 -9.00   -9.0   -9   -9.0   -9   -9.0   -9   -9.0   -9   -9.0   -9 -99.0 -99.0 -99.0 -99.0 -99.0
20260826 203  0.4   359  18  1.9 1343  18  3.0 1313  27.2  32.0 1250  24.3  244  25.0  29.3  25.0  88.9  63.0 1324  31.7  -9.0  -9.0 -9.00 1000.0 1009.0 1011.5   17 1007.2 1806  7.9  1.8 13.2 -9.0 -9.00 -9.00   -9   -9.0   -9.0 -9.00   -9.0   -9   -9.0   -9   -9.0   -9   -9.0   -9   -9.0   -9 -99.0 -99.0 -99.0 -99.0 -99.0
20260826 211  1.1   915   7  3.8 1654   9  6.7 1647  25.1  31.3 1406  22.1 2148  21.2  29.4  20.6  80.1  54.0 1409  25.3  -9.0  -9.0 -9.00  985.8 1008.6 1011.3    7 1006.8 1554  8.8  1.6 13.2 -9.0 -9.00 -9.00   -9   -9.0   -9.0 -9.00   -9.0   -9   -9.0   -9   -9.0   -9   -9.0   -9   -9.0   -9 -99.0 -99.0 -99.0 -99.0 -99.0
20260826 212  0.8   683  27  2.6 1227  29  4.5 1226  26.6  31.3 1336  23.8  507  22.7  28.2  23.1  80.4  55.0 1309  27.6  -9.0  -9.0 -9.00  993.1 1008.9 1011.5   27 1007.1 1727  8.6  0.7 13.2 -9.0 -9.00 -9.00   -9   -9.0   -9.0 -9.00   -9.0   -9   -9.0   -9   -9.0   -9   -9.0   -9   -9.0   -9 -99.0 -99.0 -99.0 -99.0 -99.0
20260826 216  1.3  1112   5  4.4 1623   7  8.3 1636  23.7  31.4 1410  19.3  605  20.2  25.7  19.8  82.8  52.0 1346  23.7   4.4   3.1 -9.00  930.4 1008.8 1012.4    1 1005.9 1410  7.6  6.5 13.2 -9.0 17.48  2.72 1200   -9.0   -9.0 -9.00   -9.0   -9   -9.0   -9   -9.0   -9   -9.0   -9   -9.0   -9 -99.0 -99.0 -99.0 -99.0 -99.0
20260826 221  0.6   513  23  3.3 1304  25  5.0 1259  25.6  30.6 1427  22.2  130  22.8  28.2  22.4  86.4  60.0 1400  27.7  -9.0  -9.0 -9.00  978.9 1008.6 1011.6    8 1006.6 1702  6.8  2.7 13.2 -9.0 -9.00 -9.00   -9   -9.0   -9.0 -9.00   -9.0   -9   -9.0   -9   -9.0   -9   -9.0   -9   -9.0   -9 -99.0 -99.0 -99.0 -99.0 -99.0
20260826 226  0.5   470  34  2.1 1539  34  3.8 1530  26.9  32.6 1331  22.2  601  23.4  30.0  20.3  83.3  56.0 1415  28.7  -9.0  -9.0 -9.00  989.2 1008.4 1011.5    1 1006.4 1738  4.6  6.7 13.2 -9.0 -9.00 -9.00   -9   -9.0   -9.0 -9.00   -9.0   -9   -9.0   -9   -9.0   -9   -9.0   -9   -9.0   -9 -99.0 -99.0 -99.0 -99.0 -99.0
20260826 232  0.6   527  36  2.2 1528  34  4.1 1526  27.1  32.3 1345  22.7  546  24.5  29.8  22.1  87.1  59.0 1700  30.7  -9.0  -9.0 -9.00  999.4 1008.9 1011.8    1 1007.1 1840  6.1  5.5 13.2 -9.0 -9.00 -9.00   -9   -9.0   -9.0 -9.00   -9.0   -9   -9.0   -9   -9.0   -9   -9.0   -9   -9.0   -9 -99.0 -99.0 -99.0 -99.0 -99.0
20260826 235  1.1   969  20  3.4 1147  20  5.0 1147  28.6  33.8 1400  24.5  500  24.1  31.3  23.2  78.3  58.0 1700  30.1   6.0   4.2 -9.00 1006.6 1007.7 1010.2    1 1006.0 1847  5.4 10.0 13.2 -9.0 22.30  3.68 1200   -9.0   -9.0 -9.00   -9.0   -9   -9.0   -9   -9.0   -9   -9.0   -9   -9.0   -9 -99.0 -99.0 -99.0 -99.0 -99.0
20260826 236  0.6   487  32  2.6 1550  32  4.3 1550  28.4  33.7 1347  23.8  410  24.3  31.0  23.2  80.4  56.0 1344  30.4  -9.0  -9.0 -9.00 1007.0 1008.5 1011.2    6 1006.8 1759  5.8  7.8 13.2 -9.0 -9.00 -9.00   -9   -9.0   -9.0 -9.00   -9.0   -9   -9.0   -9   -9.0   -9   -9.0   -9   -9.0   -9 -99.0 -99.0 -99.0 -99.0 -99.0
20260826 238  0.6   507  34  2.2 1332  34  4.7 1431  28.3  34.2 1341  23.4  434  23.6  30.5  21.7  78.5  50.0 1508  29.2  -9.0  -9.0 -9.00  988.7 1007.7 1010.7    1 1005.7 1752  4.6  5.7 13.2 -9.0 -9.00 -9.00   -9   -9.0   -9.0 -9.00   -9.0   -9   -9.0   -9   -9.0   -9   -9.0   -9   -9.0   -9 -99.0 -99.0 -99.0 -99.0 -99.0
20260826 239  1.0   873  32  3.3 1814  34  4.7 1753  28.0  33.5 1439  23.8  532  24.1  31.4  23.7  81.0  56.0 1329  30.0   5.0   3.5 -9.00  997.4 1007.5 1010.5    1 1005.7 1707  6.5  6.9 13.2 -9.0 19.54  2.73 1200   -9.0   -9.0 -9.00   -9.0   -9   -9.0   -9   -9.0   -9   -9.0   -9   -9.0   -9 -99.0 -99.0 -99.0 -99.0 -99.0
20260826 243  0.9   806  27  3.6 1336  32  6.7 1401  28.5  34.2 1230  24.4  623  23.9  32.4  21.8  78.0  47.0 1231  29.8  -9.0  -9.0 -9.00 1007.0 1008.4 1011.1    1 1007.0 1742  5.4  8.6 13.2 -9.0 -9.00 -9.00   -9   -9.0   -9.0 -9.00   -9.0   -9   -9.0   -9   -9.0   -9   -9.0   -9   -9.0   -9 -99.0 -99.0 -99.0 -99.0 -99.0
20260826 244  1.0   845  25  3.4 1435  20  6.5 1459  28.0  35.0 1410  21.9  614  22.7  32.8  20.6  75.8  42.0 1305  27.6  -9.0  -9.0 -9.00  980.2 1007.7 1010.9   13 1005.6 1722  3.9  9.8 13.2 -9.0 -9.00 -9.00   -9   -9.0   -9.0 -9.00   -9.0   -9   -9.0   -9   -9.0   -9   -9.0   -9   -9.0   -9 -99.0 -99.0 -99.0 -99.0 -99.0
20260826 245  1.5  1312  27  3.7 1551  32  6.8 1515  29.3  35.4 1425  24.2  551  24.1  33.4  22.7  75.8  47.0 1216  30.0   6.8   4.7 -9.00 1000.3 1008.0 1010.9   10 1006.3 1800  4.6 10.7 13.2 -9.0 22.98  3.34 1200   -9.0   -9.0 -9.00   -9.0   -9   -9.0   -9   -9.0   -9   -9.0   -9   -9.0   -9 -99.0 -99.0 -99.0 -99.0 -99.0
20260826 247  1.6  1352  27  3.9 1407  29  6.6 1410  29.1  35.6 1448  23.1  540  23.5  33.1  21.7  73.9  49.0 1315  29.0  -9.0  -9.0 -9.00  992.7 1007.6 1010.6   18 1005.4 1737  3.9 10.2 13.1 -9.0 -9.00 -9.00   -9   -9.0   -9.0 -9.00   -9.0   -9   -9.0   -9   -9.0   -9   -9.0   -9   -9.0   -9 -99.0 -99.0 -99.0 -99.0 -99.0
20260826 248  0.9   775  20  3.0 1410  20  6.2 1402  26.3  33.6 1349  20.3  518  21.9  29.5  19.2  80.0  37.0 1344  26.3  -9.0  -9.0 -9.00  963.3 1008.4 1011.9   13 1005.8 1734  3.6  8.4 13.2 -9.0 -9.00 -9.00   -9   -9.0   -9.0 -9.00   -9.0   -9   -9.0   -9   -9.0   -9   -9.0   -9   -9.0   -9 -99.0 -99.0 -99.0 -99.0 -99.0
20260826 251  1.2  1075  27  3.6 1552  27  5.5 1551  28.5  34.7 1421  23.1  610  24.7  30.1  22.8  81.9  51.0 1253  31.1   6.1   4.3 -9.00 1002.0 1007.7 1010.7    1 1006.0 1749  4.6 10.4 13.1 -9.0 22.09  3.07 1200   -9.0   -9.0 -9.00   -9.0   -9   -9.0   -9   -9.0   -9   -9.0   -9   -9.0   -9 -99.0 -99.0 -99.0 -99.0 -99.0
20260826 252  1.2  1008  25  2.9 1504  23  5.1 1520  28.4  33.9 1343  23.7  619  24.4  30.9  24.0  81.1  54.0 1145  30.7   6.5   4.5 -9.00 1003.6 1007.8 1010.5    5 1006.2 1749  3.8 11.0 13.1 -9.0 23.68  3.25 1100   -9.0   -9.0 -9.00   -9.0   -9   -9.0   -9   -9.0   -9   -9.0   -9   -9.0   -9 -99.0 -99.0 -99.0 -99.0 -99.0
20260826 253  1.2  1008  18  3.3 1322  16  5.7 1611  30.1  35.5 1147  24.3  613  24.7  35.4  23.2  74.6  48.0 1142  31.2   6.2   4.3 -9.00 1002.6 1008.7 1011.3    1 1006.8 1820  4.8 10.5 13.1 -9.0 22.58  3.12 1100   -9.0   -9.0 -9.00   -9.0   -9   -9.0   -9   -9.0   -9   -9.0   -9   -9.0   -9 -99.0 -99.0 -99.0 -99.0 -99.0
20260826 254  1.0   903  20  3.1 1312  27  5.1 1515  28.9  35.5 1640  23.4  539  23.6  33.7  22.0  75.5  45.0 1436  29.1   6.5   4.6 -9.00  993.6 1008.1 1011.1   21 1005.8 1729  3.9 10.8 13.1 -9.0 23.04  3.11 1200   -9.0   -9.0 -9.00   -9.0   -9   -9.0   -9   -9.0   -9   -9.0   -9   -9.0   -9 -99.0 -99.0 -99.0 -99.0 -99.0
20260826 255  0.9   783  32  2.4 1004  34  4.6 1032  31.0  36.5 1435  25.6  614  24.0  31.5  22.8  67.9  47.0 1147  29.8   6.1   4.3 -9.00 1001.7 1007.3 1010.4    1 1005.2 1809  4.5 10.6 13.1 -9.0 20.85  3.01 1300   -9.0   -9.0 -9.00   -9.0   -9   -9.0   -9   -9.0   -9   -9.0   -9   -9.0   -9 -99.0 -99.0 -99.0 -99.0 -99.0
20260826 257  1.2  1008  20  3.2 1716  20  6.3 1711  30.4  36.5 1320  23.8  627  24.4  34.5  21.8  72.4  44.0 1205  30.6   6.3   4.4 -9.00 1007.0 1007.7 1010.7    1 1005.6 1824  4.8  9.2 13.2 -9.0 22.52  3.11 1100   -9.0   -9.0 -9.00   -9.0   -9   -9.0   -9   -9.0   -9   -9.0   -9   -9.0   -9 -99.0 -99.0 -99.0 -99.0 -99.0
20260826 258  1.5  1301  23  4.2 1550  23  5.4 1542  28.9  34.8 1451  23.4  508  24.1  31.3  21.1  77.6  51.0 1217  30.0   7.1   5.0 -9.00 1008.1 1008.3 1010.7    1 1006.2 1806  3.4 12.2 13.1 -9.0 24.88  3.12 1300   -9.0   -9.0 -9.00   -9.0   -9   -9.0   -9   -9.0   -9   -9.0   -9   -9.0   -9 -99.0 -99.0 -99.0 -99.0 -99.0
20260826 259  0.8   653  20  2.1 1504  16  3.2 1504  29.4  35.4 1408  23.4  553  24.6  31.3  23.4  78.0  53.0 1347  31.0   6.9   4.9 -9.00 1005.8 1007.6 1010.1    1 1005.7 1754  3.3 10.7 13.1 -9.0 24.56  3.24 1200   -9.0   -9.0 -9.00   -9.0   -9   -9.0   -9   -9.0   -9   -9.0   -9   -9.0   -9 -99.0 -99.0 -99.0 -99.0 -99.0
20260826 260  1.2  1042  14  4.2 1521  14  7.1 1254  28.6  34.1 1452  22.8  554  24.1  34.0  21.8  78.3  53.0 1223  30.0  -9.0  -9.0 -9.00 1002.8 1007.7 1010.3    4 1005.7 1802  3.8 11.5 13.1 -9.0 -9.00 -9.00   -9   -9.0   -9.0 -9.00   -9.0   -9   -9.0   -9   -9.0   -9   -9.0   -9   -9.0   -9 -99.0 -99.0 -99.0 -99.0 -99.0
20260826 261  1.1   911  14  4.6 1206  14  5.9 1203  29.0  35.5 1420  22.5  552  24.8  33.0  21.1  79.8  56.0 1105  31.4  -9.0  -9.0 -9.00 1006.2 1008.1 1010.7    5 1006.0 1756  3.0 11.3 13.1 -9.0 -9.00 -9.00   -9   -9.0   -9.0 -9.00   -9.0   -9   -9.0   -9   -9.0   -9   -9.0   -9   -9.0   -9 -99.0 -99.0 -99.0 -99.0 -99.0
20260826 262  1.0   887  32  4.1 1644  20  6.0 1130  28.8  36.1 1343  22.1  447  23.9  31.3  24.1  77.0  49.0 1132  29.9   6.2   4.4 -9.00 1002.1 1007.9 1010.3    1 1006.1 1804  3.3 10.3 13.1 -9.0 21.32  3.14 1300   -9.0   -9.0 -9.00   -9.0   -9   -9.0   -9   -9.0   -9   -9.0   -9   -9.0   -9 -99.0 -99.0 -99.0 -99.0 -99.0
20260826 263  1.2   995  18  3.0 1415  18  4.6 1410  28.7  35.5 1529  22.5  608  23.9  32.4  21.4  78.0  48.0 1252  29.7   6.6   4.6 -9.00 1006.1 1007.7 1010.6    1 1005.5 1756  4.0 10.2 13.2 -9.0 23.19  3.10 1300   -9.0   -9.0 -9.00   -9.0   -9   -9.0   -9   -9.0   -9   -9.0   -9   -9.0   -9 -99.0 -99.0 -99.0 -99.0 -99.0
20260826 264  0.8   732  32  2.9 1610  34  4.8 1601  28.6  35.7 1541  22.2  537  24.2  31.7  21.4  79.6  48.0 1542  30.3   6.1   4.3 -9.00  991.0 1008.0 1011.2   30 1005.2 1751  3.6  9.3 13.1 -9.0 22.42  3.34 1200   -9.0   -9.0 -9.00   -9.0   -9   -9.0   -9   -9.0   -9   -9.0   -9   -9.0   -9 -99.0 -99.0 -99.0 -99.0 -99.0
20260826 266  1.2  1004  25  2.8 1545  25  5.5 1513  30.2  35.8 1440  24.7  515  24.1  32.3  24.0  72.1  45.0 1610  30.0   7.1   4.9 -9.00  998.4 1008.3 1010.9    1 1006.4 1724  3.8 11.0 13.1 -9.0 23.57  3.06 1300   -9.0   -9.0 -9.00   -9.0   -9   -9.0   -9   -9.0   -9   -9.0   -9   -9.0   -9 -99.0 -99.0 -99.0 -99.0 -99.0
20260826 268  1.1   912  18  4.2 1355  20  7.1 1347  28.5  34.8 1634  23.1  614  23.6  36.4  21.9  77.4  49.0 1057  29.1  -9.0  -9.0 -9.00 1005.5 1006.6 1009.2    1 1004.8 1756  1.9 11.3 13.1 -9.0 -9.00 -9.00   -9   -9.0   -9.0 -9.00   -9.0   -9   -9.0   -9   -9.0   -9   -9.0   -9   -9.0   -9 -99.0 -99.0 -99.0 -99.0 -99.0
20260826 271  0.9   776  20  2.4 1145  25  4.5 1136  25.5  31.7 1518  20.9  422  22.1  29.2  19.8  83.1  55.0 1521  26.6  -9.0  -9.0 -9.00  972.5 1008.9 1012.3    1 1006.8 1743  6.4  4.8 13.2 -9.0 -9.00 -9.00   -9   -9.0   -9.0 -9.00   -9.0   -9   -9.0   -9   -9.0   -9   -9.0   -9   -9.0   -9 -99.0 -99.0 -99.0 -99.0 -99.0
20260826 272  1.1   953  29  3.6 1536  29  5.8 1521  26.4  32.4 1457  21.5  227  22.9  31.5  20.7  83.3  58.0 1500  27.9  -9.0  -9.0 -9.00  984.6 1008.3 1011.5   22 1006.3 1810  5.3  5.7 13.2 -9.0 -9.00 -9.00   -9   -9.0   -9.0 -9.00   -9.0   -9   -9.0   -9   -9.0   -9   -9.0   -9   -9.0   -9 -99.0 -99.0 -99.0 -99.0 -99.0
20260826 273  0.9   778   9  3.0 1151  11  4.4 1144  27.3  33.4 1502  22.3  550  24.2  31.6  20.1  84.6  53.0 1514  30.2  -9.0  -9.0 -9.00  988.3 1007.7 1010.5    1 1005.6 1746  5.0  6.6 13.2 -9.0 -9.00 -9.00   -9   -9.0   -9.0 -9.00   -9.0   -9   -9.0   -9   -9.0   -9   -9.0   -9   -9.0   -9 -99.0 -99.0 -99.0 -99.0 -99.0
20260826 276  1.2  1074  29  3.8 1505  14  6.5 2030  27.5  34.3 1333  21.8  442  23.1  30.3  20.3  79.6  48.0 1605  28.4   4.9   3.4 -9.00  984.4 1007.8 1011.1   16 1005.5 1802  6.1  5.2 13.2 -9.0 17.92  3.38 1200   -9.0   -9.0 -9.00   -9.0   -9   -9.0   -9   -9.0   -9   -9.0   -9   -9.0   -9 -99.0 -99.0 -99.0 -99.0 -99.0
20260826 277  2.0  1741   5  7.9 1747   2 15.3 1739  26.2  32.2 1126  23.1  212  22.3  31.1  22.4  80.3  60.0 1512  27.0  -9.0  -9.0 -9.00 1003.8 1008.4 1010.9    1 1006.8 1353  6.9  7.7 13.2 -9.0 -9.00 -9.00   -9   -9.0   -9.0 -9.00   -9.0   -9   -9.0   -9   -9.0   -9   -9.0   -9   -9.0   -9 -99.0 -99.0 -99.0 -99.0 -99.0
20260826 278  0.7   623  27  2.3 1309  27  4.2 1302  28.3  34.7 1502  22.5  616  23.6  32.9  21.5  78.6  43.0 1505  29.2  -9.0  -9.0 -9.00  998.0 1007.1 1010.2   11 1004.9 1810  5.3  7.0 13.2 -9.0 -9.00 -9.00   -9   -9.0   -9.0 -9.00   -9.0   -9   -9.0   -9   -9.0   -9   -9.0   -9   -9.0   -9 -99.0 -99.0 -99.0 -99.0 -99.0
20260826 279  0.9   743  11  2.1 1225   5  4.2 1445  29.5  36.4 1304  23.9  520  23.5  33.7  22.7  72.0  45.0 1306  29.0   5.0   3.5 -9.00 1002.1 1007.6 1010.7    8 1005.4 1809  4.4  7.0 13.2 -9.0 18.71  3.37 1200   -9.0   -9.0 -9.00   -9.0   -9   -9.0   -9   -9.0   -9   -9.0   -9   -9.0   -9 -99.0 -99.0 -99.0 -99.0 -99.0
20260826 281  1.2  1028   9  3.9 2054   7  6.9 2052  28.3  35.6 1447  22.7  556  22.2  31.7  20.9  72.6  38.0 1431  26.8  -9.0  -9.0 -9.00  997.7 1008.5 1011.5   25 1006.2 1541  4.9  8.7 13.2 -9.0 -9.00 -9.00   -9   -9.0   -9.0 -9.00   -9.0   -9   -9.0   -9   -9.0   -9   -9.0   -9   -9.0   -9 -99.0 -99.0 -99.0 -99.0 -99.0
20260826 283  2.0  1690   2  5.3 2030   2  8.2 2024  28.8  36.0 1628  23.4  529  23.3  33.9  22.6  74.9  45.0 1224  28.6   6.6   4.6 -9.00 1003.9 1008.4 1011.1   19 1005.9 1756  4.6  9.9 13.2 -9.0 22.95  2.89 1000   -9.0   -9.0 -9.00   -9.0   -9   -9.0   -9   -9.0   -9   -9.0   -9   -9.0   -9 -99.0 -99.0 -99.0 -99.0 -99.0
20260826 284  1.3  1125  16  3.5 1418  14  5.4 1408  28.3  35.4 1544  22.1  612  24.0  31.0  20.4  79.1  53.0 1555  29.9   6.0   4.2 -9.00  982.4 1007.8 1011.2   40 1005.0 1755  3.6  8.7 13.1 -9.0 21.96  3.29 1200   -9.0   -9.0 -9.00   -9.0   -9   -9.0   -9   -9.0   -9   -9.0   -9   -9.0   -9 -99.0 -99.0 -99.0 -99.0 -99.0
20260826 285  0.7   565  18  1.6 1306  16  3.4 1302  28.8  35.7 1505  23.3  615  24.7  34.1  22.8  80.5  50.0 1506  31.1  -9.0  -9.0 -9.00 1005.0 1008.0 1011.0   28 1005.7 1740  3.5  9.2 13.1 -9.0 -9.00 -9.00   -9   -9.0   -9.0 -9.00   -9.0   -9   -9.0   -9   -9.0   -9   -9.0   -9   -9.0   -9 -99.0 -99.0 -99.0 -99.0 -99.0
20260826 288  1.3  1085   5  2.4  739  18  5.1 1341  30.8  37.4 1419  24.3  618  23.4  35.5  24.9  67.9  38.0 1358  28.9   6.8   4.8 -9.00 1005.2 1006.2 1009.2    1 1003.8 1807  4.1 10.6 13.2 -9.0 23.50  3.24 1100   -9.0   -9.0 -9.00   -9.0   -9   -9.0   -9   -9.0   -9   -9.0   -9   -9.0   -9 -99.0 -99.0 -99.0 -99.0 -99.0
20260826 289  0.8   731  27  3.1 1701  27  6.7 1659  28.1  35.4 1504  22.8  540  24.2  34.5  21.6  82.1  51.0 1157  30.2  -9.0  -9.0 -9.00  993.3 1008.8 1011.5   16 1006.7 1800  3.8  7.3 13.1 -9.0 -9.00 -9.00   -9    0.3   -9.0 -9.00    0.3   -9    0.3 1655   -9.0   -9   -9.0   -9   -9.0   -9 -99.0 -99.0 -99.0 -99.0 -99.0
20260826 294  0.9   815  14  2.7 1221   7  4.8 1149  29.0  33.9 1548  23.8  418  23.8  35.4  21.5  75.1  50.0 1557  29.6  -9.0  -9.0 -9.00 1003.7 1008.7 1011.3    1 1006.9 1753  3.4 11.2 13.1 -9.0 -9.00 -9.00   -9   -9.0   -9.0 -9.00   -9.0   -9   -9.0   -9   -9.0   -9   -9.0   -9   -9.0   -9 -99.0 -99.0 -99.0 -99.0 -99.0
20260826 295  1.1   928   2  2.5 1011   5  4.2 1009  28.9  34.4 1608  24.6  459  23.6  33.6  22.3  74.3  48.0 1609  29.0  -9.0  -9.0 -9.00 1003.1 1008.2 1010.6    1 1006.3 1838  3.6 10.6 13.1 -9.0 -9.00 -9.00   -9   -9.0   -9.0 -9.00   -9.0   -9   -9.0   -9   -9.0   -9   -9.0   -9   -9.0   -9 -99.0 -99.0 -99.0 -99.0 -99.0
20260826 296  1.5  1294  18  4.1 1622  20  6.3 1249  30.1  35.7 1528  23.9  524  24.6  32.3  20.9  74.3  49.0 1207  30.9   6.5   4.6 -9.00 1006.8 1007.1 1009.8    1 1005.1 1746  4.4 10.9 13.1 -9.0 23.78  3.09 1100    0.0   -9.0  0.20    0.0   -9    0.0   -9   -9.0   -9   -9.0   -9   -9.0   -9 -99.0 -99.0 -99.0 -99.0 -99.0
20260827  90  1.7  1454  36  4.0 1337   5  5.8 1211  25.6  28.6 1315  22.8  110  21.0  30.7  22.9  76.3  64.0 1817  24.8   5.4   3.8 -9.00 1005.9 1007.9 1010.6 2207 1006.3  539  8.0  7.0 13.2 -9.0 21.12  3.30 1300    0.0   -9.0 -9.00    0.0   -9    0.0   -9   -9.0   -9   -9.0   -9   -9.0   -9 -99.0 -99.0 -99.0 -99.0 -99.0
20260827  93  0.9   785  23  3.5 1743  25  5.0 1736  27.0  32.6 1529  22.5  642  23.3  29.9  23.5  81.9  58.0 1519  28.5   5.9   4.1 -9.00  996.6 1007.4 1008.9   16 1005.1 1628  8.0  9.4 13.2 -9.0 21.86  3.36 1300   -9.0   -9.0 -9.00   -9.0   -9   -9.0   -9   -9.0   -9   -9.0   -9   -9.0   -9  28.2  27.5  26.0  22.6  19.3
20260827  95  1.0   835  14  3.4 2348  11  6.1 2341  26.3  31.4 1550  21.6  359  22.1  29.3  22.7  79.6  59.0 1500  26.7   5.0   3.5 -9.00  990.3 1007.8 1009.4    1 1005.4 1633  7.6  7.8 13.2 -9.0 19.03  2.90 1100   -9.0   -9.0 -9.00   -9.0   -9   -9.0   -9   -9.0   -9   -9.0   -9   -9.0   -9 -99.0 -99.0 -99.0 -99.0 -99.0
20260827  98  0.5   436  29  1.5 1659  34  4.1 1204  26.9  32.2 1436  22.7  306  21.5  29.8  22.7  73.8  52.0 1437  25.7   4.4   3.1 -9.00  994.1 1007.1 1008.5    1 1005.2 1613  7.5  5.7 13.2 -9.0 17.12  2.42 1000   -9.0   -9.0 -9.00   -9.0   -9   -9.0   -9   -9.0   -9   -9.0   -9   -9.0   -9 -99.0 -99.0 -99.0 -99.0 -99.0
20260827  99  0.8   684   9  2.1  219  27  4.7 1338  26.3  31.4 1442  21.7  328  22.6  29.9  22.3  81.4  61.0 1503  27.5   4.8   3.4 -9.00 1004.5 1008.0 1009.2   26 1006.1 1600  7.8  7.8 13.2 -9.0 19.44  2.86 1200    0.0   -9.0 -9.00    0.0   -9    0.0   -9   -9.0   -9   -9.0   -9   -9.0   -9 -99.0 -99.0 -99.0 -99.0 -99.0
20260827 100  1.9  1649   9  4.4 1502  14  6.7 1358  22.2  28.6 1254  19.8   27  20.8  25.7  19.6  92.8  62.0 1311  24.6   3.9   2.7 -9.00  922.8 1007.6 1010.2 2236 1005.0 1322  8.5  5.2 13.2 -9.0 16.92  3.25 1200    0.9   -9.0 -9.00    0.8 1906    0.5 1918   -9.0   -9   -9.0   -9   -9.0   -9 -99.0 -99.0 -99.0 -99.0 -99.0
20260827 101  1.2  1058  32  3.2  153  25  4.7 1552  27.0  33.0 1609  22.5  556  22.2  29.1  22.1  76.8  52.0 1539  26.8   5.7   4.0 -9.00  997.7 1006.3 1007.9   29 1003.8 1631  7.9  7.7 13.2 -9.0 19.81  3.12 1200   -9.0   -9.0 -9.00   -9.0   -9   -9.0   -9   -9.0   -9   -9.0   -9   -9.0   -9  28.1  26.0  24.6  20.1  16.5
20260827 102  2.1  1815  34  4.6 1620  36  6.0 1610  24.9  27.9 1447  22.7 1935  21.5  26.7  21.5  82.4  64.0 2332  25.8   4.4   3.1  1.32 1002.7 1006.8 1007.8 1121 1005.9 1607  6.0  5.9 13.2 -9.0 16.45  2.96 1400    1.1   -9.0  4.90    0.8  300    0.3  333   -9.0   -9   -9.0   -9   -9.0   -9 -99.0 -99.0 -99.0 -99.0 -99.0
20260827 104  1.4  1182   2  3.6 1407  32  6.0 1242  25.3  29.1 1118  22.6  331  23.2  28.4  22.2  89.3  76.0 1113  28.5   3.6   2.5 -9.00  998.5 1007.0 1009.7 2238 1005.6  540  8.3  3.6 13.2 -9.0 15.44  2.63 1200    1.1    1.1  1.00    1.1 1805    0.6 1819   -9.0   -9   -9.0   -9   -9.0   -9  27.5  25.7  24.2  20.1  16.3
20260827 105  1.6  1391  32  3.5 1338  34  5.6 1342  26.2  29.5 1140  23.6  401  21.9  29.8  23.3  77.8  64.0 1209  26.2   4.1   2.9 -9.00 1004.7 1007.8 1010.2 2222 1006.3  541  8.4  4.0 13.2 -9.0 15.61  2.90 1300    0.0   -9.0 -9.00    0.0   -9    0.0   -9   -9.0   -9   -9.0   -9   -9.0   -9  27.8  25.9  25.0  20.4  17.1
20260827 106  1.7  1485  36  4.2 1420   5  6.4 1606  25.8  29.2 1346  23.3  516  23.4  29.7  22.9  87.1  74.0 1351  28.8   3.2   2.3 -9.00 1003.3 1007.9 1010.0 2201 1006.7 1503  8.4  1.3 13.2 -9.0 12.96  2.65 1300   -9.0   -9.0 -9.00   -9.0   -9   -9.0   -9   -9.0   -9   -9.0   -9   -9.0   -9 -99.0 -99.0 -99.0 -99.0 -99.0
20260827 108  1.6  1356  29  3.5 1403  29  6.5 2115  28.5  32.5 1531  25.2  554  22.4  29.2  22.9  71.0  51.0 1548  27.2   5.8   4.0 -9.00  997.5 1007.1 1008.2    4 1005.4 1619  7.4  6.4 13.2 -9.0 18.26  2.91 1300   -9.0   -9.0 -9.00   -9.0   -9   -9.0   -9   -9.0   -9   -9.0   -9   -9.0   -9  27.8  26.2  25.6  21.2  16.6
20260827 112  1.7  1443  25  3.4 1356  27  5.3 1423  27.7  31.4 1413  25.1  349  23.9  28.9  23.1  80.5  66.0 1318  29.7   5.1   3.6 -9.00  999.4 1007.2 1008.4 2131 1005.7 1610  7.5  6.7 13.2 -9.0 18.26  2.91 1300   -9.0   -9.0 -9.00   -9.0   -9   -9.0   -9   -9.0   -9   -9.0   -9   -9.0   -9  26.9  25.8  24.1  20.4  16.1
20260827 114  1.0   851  29  2.6 1747  32  3.9 1802  27.7  32.2 1523  24.6  546  22.9  30.2  24.4  76.6  52.0 1524  28.0   4.1   2.9 -9.00  990.0 1006.8 1008.3 2203 1004.9 1648  8.8  4.7 13.2 -9.0 15.05  2.37 1300   -9.0   -9.0 -9.00   -9.0   -9   -9.0   -9   -9.0   -9   -9.0   -9   -9.0   -9 -99.0 -99.0 -99.0 -99.0 -99.0
20260827 115  2.5  2136   5  5.6 2305   5  9.4 2340  26.1  27.9 1504  24.7 2135  24.0  27.8  22.6  88.4  84.0 1514  29.9   3.1   2.2 -9.00  982.9 1007.8 1009.9 2332 1006.3 1504  8.8  1.8 13.2 -9.0  9.97  1.69 1500    0.1    0.2  0.42    0.1   -9    0.1   -9   -9.0   -9   -9.0   -9   -9.0   -9  25.4  23.3  21.9  15.8  14.3
20260827 119  1.3  1137  29  3.2 1622  23  5.2 1526  27.5  31.8 1440  24.6  604  23.3  30.0  24.2  79.0  60.0 1414  28.5   4.1   2.9 -9.00 1002.4 1006.9 1008.2 2151 1005.1 1629  7.9  4.7 13.2 -9.0 14.06  2.46 1300   -9.0   -9.0 -9.00   -9.0   -9   -9.0   -9   -9.0   -9   -9.0   -9   -9.0   -9  27.7  25.9  24.4  20.0  16.5
20260827 121  0.6   491  16  2.3 1658  18  3.6 1655  26.2  31.4 1649  23.3  634  23.3  30.0  24.5  85.3  64.0 1653  28.6   2.9   2.0 -9.00  980.8 1007.7 1009.5 2227 1005.4 1615  8.1  2.5 13.2 -9.0 11.78  2.05 1400   -9.0   -9.0 -9.00   -9.0   -9   -9.0   -9   -9.0   -9   -9.0   -9   -9.0   -9 -99.0 -99.0 -99.0 -99.0 -99.0
20260827 127  0.6   520  34  2.4 1546  34  3.7 1538  26.7  31.1 1706  24.2  559  23.5  28.4  24.2  83.1  63.0 1706  28.9   2.8   2.0 -9.00  993.5 1006.5 1007.6 2209 1004.7 1622  8.3  2.3 13.2 -9.0 10.98  1.36 1400   -9.0   -9.0 -9.00   -9.0   -9   -9.0   -9   -9.0   -9   -9.0   -9   -9.0   -9 -99.0 -99.0 -99.0 -99.0 -99.0
20260827 129  1.2  1032  32  3.0 1421   7  4.6 1541  27.2  31.7 1320  24.5  410  23.7  28.5  22.5  82.8  57.0 1302  29.3   4.2   2.9 -9.00 1004.6 1007.4 1008.4 2208 1005.9 1632  7.0  4.7 13.2 -9.0 15.31  2.46 1200   -9.0   -9.0 -9.00   -9.0   -9   -9.0   -9   -9.0   -9   -9.0   -9   -9.0   -9  27.3  25.8  24.3  20.0  17.0
20260827 130  0.9   820  16  2.6 1108   7  4.6 1339  26.1  29.8 1215  24.0  557  24.5  28.4  23.1  91.6  79.0 1216  30.8  -9.0  -9.0 -9.00 1002.4 1007.9 1009.8 2201 1006.7 1359  9.0  2.3 13.2 -9.0 -9.00 -9.00   -9    0.0   -9.0 -9.00    0.0   -9    0.0   -9   -9.0   -9   -9.0   -9   -9.0   -9 -99.0 -99.0 -99.0 -99.0 -99.0
20260827 131  1.0   899   7  2.8 1733   2  6.0 1530  29.2  32.7 1425  26.7  551  22.9  29.7  25.7  69.8  50.0 1432  27.9   4.3   3.0 -9.00 1000.1 1006.6 1007.6 2131 1004.9 1634  6.9  3.2 13.2 -9.0 13.93  2.16 1400   -9.0    0.1 -9.00   -9.0   -9   -9.0   -9   -9.0   -9   -9.0   -9   -9.0   -9 -99.0 -99.0 -99.0 -99.0 -99.0
20260827 133  1.0   891  29  3.8 1526  34  7.4 1551  28.9  33.2 1227  25.8  637  24.0  30.3  25.8  75.8  49.0 1206  29.8   4.6   3.2 -9.00  999.5 1007.2 1008.2 2055 1005.2 1727  7.4  4.2 13.1 -9.0 16.04  2.46 1200   -9.0   -9.0 -9.00   -9.0   -9   -9.0   -9   -9.0   -9   -9.0   -9   -9.0   -9  29.7  28.0  26.3  22.4  18.4
20260827 135  1.0   839  16  3.4 1821  27  5.1 1217  27.0  31.7 1540  23.6  508  22.9  29.5  23.8  80.0  57.0 1229  28.0   3.9   2.7 -9.00  979.5 1006.8 1008.5 2048 1004.4 1709  8.1  2.4 13.1 -9.0 14.63  2.15 1200   -9.0   -9.0 -9.00   -9.0   -9   -9.0   -9   -9.0   -9   -9.0   -9   -9.0   -9 -99.0 -99.0 -99.0 -99.0 -99.0
20260827 136  1.2  1034  29  2.7 1244  25  6.1 1439  28.5  33.7 1514  25.2  554  23.2  32.8  24.7  74.5  54.0 1449  28.5   3.9   2.8 -9.00  992.1 1007.9 1009.7 2130 1005.7 1651  7.5  2.2 13.2 -9.0 13.47  1.84 1200   -9.0    1.5 -9.00   -9.0   -9   -9.0   -9   -9.0   -9   -9.0   -9   -9.0   -9 -99.0 -99.0 -99.0 -99.0 -99.0
20260827 137  0.5   464  23  1.7 1408  29  4.4 1528  28.3  33.2 1525  25.1  549  24.4  31.9  23.8  80.5  56.0 1529  30.6   3.7   2.6 -9.00  995.4 1006.2 1007.8 2105 1003.8 1703  8.0  3.0 13.2 -9.0 14.17  1.82 1200   -9.0   -9.0 -9.00   -9.0   -9   -9.0   -9   -9.0   -9   -9.0   -9   -9.0   -9 -99.0 -99.0 -99.0 -99.0 -99.0
20260827 138  1.3  1162  16  5.5 1340  14  9.0 1331  27.2  32.7 1327  25.7  543  23.4  29.7  24.1  80.8  58.0 1443  28.9   3.3   2.3 -9.00 1006.6 1007.0 1008.6 2058 1004.6 1402  8.9  0.8 13.1 -9.0 10.73  2.03 1300    5.8    5.8  3.88    4.5 1625    2.6 1704   -9.0   -9   -9.0   -9   -9.0   -9  27.1  24.1  22.8  19.5  17.1
20260827 140  1.6  1350  29  4.4 1520  29  6.3 1517  28.6  33.6 1218  26.0  626  24.8  31.7  23.9  80.5  55.0 1212  31.2  -9.0  -9.0 -9.00 1004.6 1007.8 1009.0 2106 1006.1 1732  6.4  4.2 13.1 -9.0 -9.00 -9.00   -9   -9.0   -9.0 -9.00   -9.0   -9   -9.0   -9   -9.0   -9   -9.0   -9   -9.0   -9 -99.0 -99.0 -99.0 -99.0 -99.0
20260827 143  1.3  1127  11  3.5  125  14  5.3    4  27.7  34.1 1309  25.0 1620  23.2  30.7  24.5  78.3  49.0 1310  28.5   3.3   2.3 -9.00 1000.4 1006.5 1008.3 2021 1004.2 1445  8.5  1.5 13.1 -9.0 10.88  2.14 1200   28.7   -9.0  3.47   22.6 1531    9.1 1610   -9.0   -9   -9.0   -9   -9.0   -9 -99.0 -99.0 -99.0 -99.0 -99.0
20260827 146  1.7  1509  29  4.6 1635  32  7.9 1635  30.2  35.3 1238  26.9  548  23.4  34.3  21.6  68.4  47.0 1201  28.7   5.8   4.0 -9.00 1000.1 1006.8 1008.4 2110 1004.6 1516  6.4  5.3 13.1 -9.0 17.77  2.89 1200   -9.0    0.1 -9.00   -9.0   -9   -9.0   -9   -9.0   -9   -9.0   -9   -9.0   -9 -99.0 -99.0 -99.0 -99.0 -99.0
20260827 152  1.5  1267  23  4.3 1345  23  6.9 1343  27.3  33.1 1226  25.2  405  23.9  29.2  24.8  82.9  61.0 1228  29.7   3.9   2.7 -9.00  997.7 1006.8 1008.2 2128 1005.1 1336  8.8  2.6 13.1 -9.0 13.41  2.66 1200    0.9   -9.0  2.65    0.7 2040    0.4 2119   -9.0   -9   -9.0   -9   -9.0   -9 -99.0 -99.0 -99.0 -99.0 -99.0
20260827 155  1.3  1105  20  5.0 1735  20  8.3 1732  28.7  31.9 1358  27.0 2341  26.1  31.0  25.9  86.5  72.0 1644  33.8   2.8   2.0 -9.00 1003.2 1007.1 1008.6 2130 1005.6 1727  8.1  2.1 13.1 -9.0 11.10  2.27 1300    5.8   -9.0  1.88    4.4 1041    1.7 1052   -9.0   -9   -9.0   -9   -9.0   -9 -99.0 -99.0 -99.0 -99.0 -99.0
20260827 156  1.1   967  16  5.3 1513  16  9.9 1506  28.6  35.0 1336  24.8 1725  25.4  31.8  24.5  84.0  58.0 1415  32.5   4.1   2.9 -9.00  999.0 1006.9 1008.6 2054 1004.5 1449  7.1  3.5 13.1 -9.0 16.66  2.25 1200   24.7   -9.0  3.17   16.1 1555    6.4 1558   -9.0   -9   -9.0   -9   -9.0   -9 -99.0 -99.0 -99.0 -99.0 -99.0
20260827 159  2.8  2444  25  6.5 1605  23 11.1 1602  29.7  32.9 1256  28.1  422  25.5  31.2  24.8  78.3  64.0 1257  32.5   4.2   2.9 -9.00  999.0 1006.7 1008.1 2134 1005.4 1601  8.1  2.8 13.1 -9.0 13.23  1.99 1000    0.2   14.5  1.27    0.2   -9    0.2   -9   -9.0   -9   -9.0   -9   -9.0   -9  29.3  27.0  25.7  20.6  18.8
20260827 162  2.1  1800  20  4.9 1619  20  7.7 1634  29.2  32.8 1219  27.4  445  25.6  32.1  25.9  81.8  63.0 1142  32.8   4.2   2.9 -9.00 1002.8 1006.3 1007.9 2110 1005.1 1614  7.9  4.1 13.1 -9.0 15.73  2.13 1000   -9.0   -9.0 -9.00   -9.0   -9   -9.0   -9   -9.0   -9   -9.0   -9   -9.0   -9 -99.0 -99.0 -99.0 -99.0 -99.0
20260827 165  2.0  1694  18  5.9 1514  20  9.5 1510  29.2  33.6 1329  27.0  418  25.3  32.7  25.0  80.4  59.0 1345  32.2   4.6   3.2 -9.00 1002.2 1007.2 1008.5 2047 1005.7 1433  6.1  5.6 13.1 -9.0 17.11  3.11 1300    2.5    8.3  0.62    2.5 1834    2.4 1849   -9.0   -9   -9.0   -9   -9.0   -9  29.4  26.5  25.4  21.9  18.4
20260827 168  2.2  1920  23  5.9 1634  23  8.2 1622  29.9  32.7 1452  28.0  434  25.6  34.1  27.2  78.5  60.0 1457  32.8   4.4   3.1 -9.00 1000.0 1007.4 1008.9 2054 1006.0 1621  7.0  5.2 13.1 -9.0 15.79  3.04 1400   -9.0   13.2 -9.00   -9.0   -9   -9.0   -9   -9.0   -9   -9.0   -9   -9.0   -9  30.8  27.8  25.8  21.0  17.1
20260827 169  3.0  2633  36  6.2  959   2  8.2  950  29.7  34.1 1607  26.5   44  24.9  34.4  25.8  76.6  58.0 1608  31.5   7.0   4.9 -9.00  998.8 1007.2 1008.2 2337 1005.7 1542  4.3 11.2 13.1 -9.0 23.12  3.47 1200    0.0   -9.0  0.07    0.0   -9    0.0   -9   -9.0   -9   -9.0   -9   -9.0   -9 -99.0 -99.0 -99.0 -99.0 -99.0
20260827 170  2.2  1858  16  6.3 2348  16 10.9 2344  29.8  35.1 1258  26.2  540  25.6  34.7  25.8  78.9  57.0 1332  32.8   7.0   4.9 -9.00 1003.3 1007.2 1008.6 2028 1005.9 1530  5.4 10.0 13.1 -9.0 24.67  3.24 1300    0.1   -9.0 -9.00    0.1   -9    0.1   -9   -9.0   -9   -9.0   -9   -9.0   -9 -99.0 -99.0 -99.0 -99.0 -99.0
20260827 172  1.4  1226  32  4.6 1459  11  7.2 1659  28.5  34.3 1355  25.4  628  25.9  32.0  24.6  87.6  57.0 1536  33.4   4.8   3.4 -9.00 1000.9 1006.8 1008.2 2122 1004.9 1539  7.1  5.2 13.1 -9.0 17.78  2.71 1300    0.0   -9.0 -9.00    0.0   -9    0.0   -9   -9.0   -9   -9.0   -9   -9.0   -9 -99.0 -99.0 -99.0 -99.0 -99.0
20260827 174  0.9   817  18  3.7 1402  18  6.6 1355  27.1  32.9 1153  23.7  530  23.6  31.1  23.0  82.9  54.0 1152  29.1  -9.0  -9.0 -9.00  987.1 1005.6 1007.3 2048 1003.9 1530  7.6  5.8 13.1 -9.0 -9.00 -9.00   -9    4.5   -9.0 -9.00    4.5 1716    4.2 1717   -9.0   -9   -9.0   -9   -9.0   -9 -99.0 -99.0 -99.0 -99.0 -99.0
20260827 177  1.0   821   5  3.7 1548   9  5.6 1515  27.4  32.6 1332  24.4  545  23.9  28.8  24.1  82.0  59.0 1346  29.7   4.2   2.9 -9.00 1002.8 1006.0 1007.0 2055 1004.2 1605  6.9  4.7 13.2 -9.0 15.19  3.10 1300   -9.0   -9.0 -9.00   -9.0   -9   -9.0   -9   -9.0   -9   -9.0   -9   -9.0   -9 -99.0 -99.0 -99.0 -99.0 -99.0
20260827 181  1.0   829   2  4.0 1542   2  5.6 1545  26.5  31.1 1436  23.9  527  23.0  29.4  23.8  82.4  59.0 1351  28.1   3.8   2.7 -9.00 1003.5 1007.3 1008.3 2118 1005.7 1619  7.3  3.8 13.2 -9.0 13.80  2.04 1400   -9.0   -9.0 -9.00   -9.0   -9   -9.0   -9   -9.0   -9   -9.0   -9   -9.0   -9 -99.0 -99.0 -99.0 -99.0 -99.0
20260827 184  2.9  2499  14  5.6 1435  11 10.0 1221  30.8  34.4 1250  27.9 2243  23.8  35.9  25.9  67.4  52.0 1105  29.5   5.4   3.8 -9.00 1003.4 1005.7 1007.2 2244 1004.6 1533  5.1  8.3 13.0 -9.0 15.69  2.59 1100    2.1    8.3  4.67    1.4 2125    1.4 2215   -9.0   -9   -9.0   -9   -9.0   -9  30.5  28.9  28.1  25.2  20.1
20260827 185  4.8  4117  11  7.8 1117  14 12.9 1455  29.4  33.4 1032  26.2 2312  24.1  32.8  24.5  74.6  55.0 1034  30.2   7.8   5.4 -9.00  997.9 1005.9 1007.4 2326 1004.4 1636  4.3 11.5 13.0 -9.0 23.90  3.05 1100    6.0   -9.0 -9.00    6.0   -9    5.6 2305   -9.0   -9   -9.0   -9   -9.0   -9 -99.0 -99.0 -99.0 -99.0 -99.0
20260827 188  3.8  3259  16  6.0 1956  14 10.1 1952  29.7  32.1 1227  27.4 2132  26.3  31.7  26.9  82.6  71.0 1337  34.2  -9.0  -9.0 -9.00 1004.8 1007.1 1008.4 2138 1006.2 1706  4.5  8.6 13.0 -9.0 -9.00 -9.00   -9    3.5   -9.0 -9.00    2.3   -9    2.3 1718   -9.0   -9   -9.0   -9   -9.0   -9 -99.0 -99.0 -99.0 -99.0 -99.0
20260827 189  2.0  1750   7  4.6  934  11  8.3  931  29.9  32.7 1457  27.1 2343  25.6  33.3  26.7  78.4  63.0  958  32.9   5.6   3.9 -9.00 1001.1 1006.9 1008.3 2350 1005.9 1709  5.1  7.9 13.0 -9.0 20.72  3.09 1100    3.6    7.8  1.77    2.0 1931    2.0 1956   -9.0   -9   -9.0   -9   -9.0   -9 -99.0 -99.0 -99.0 -99.0 -99.0
20260827 192  0.8   696  18  2.5 1441  18  6.2 1611  28.6  34.2 1316  25.1  514  25.1  35.5  25.1  83.0  61.0 1254  32.0   5.2   3.6 -9.00 1003.8 1007.1 1008.7 2108 1005.3 1500  7.4  7.8 13.1 -9.0 20.62  3.17 1300    0.0   43.4 -9.00    0.0   -9    0.0   -9   -9.0   -9   -9.0   -9   -9.0   -9 -99.0 -99.0 -99.0 -99.0 -99.0
20260827 201  1.0   904  25  3.3 1611  23  4.8 1555  26.0  30.2 1301  22.5  541  23.5  28.7  22.0  86.9  65.0 1308  28.9  -9.0  -9.0 -9.00 1002.7 1008.2 1009.2    8 1006.7 1714  7.4  5.4 13.2 -9.0 -9.00 -9.00   -9    0.0   -9.0 -9.00    0.0   -9    0.0   -9   -9.0   -9   -9.0   -9   -9.0   -9 -99.0 -99.0 -99.0 -99.0 -99.0
20260827 202  1.0   822  18  2.8 1557  18  4.0 1550  27.4  32.1 1518  24.7  400  23.6  29.9  24.1  81.4  51.0 1507  29.1  -9.0  -9.0 -9.00 1002.1 1007.5 1008.8 2157 1005.8 1540  7.4  5.4 13.2 -9.0 -9.00 -9.00   -9   -9.0   -9.0 -9.00   -9.0   -9   -9.0   -9   -9.0   -9   -9.0   -9   -9.0   -9 -99.0 -99.0 -99.0 -99.0 -99.0
20260827 203  0.5   438  16  2.0 1534  16  3.4 1530  27.5  31.8 1459  24.6  520  24.6  30.6  25.4  85.5  62.0 1503  30.9  -9.0  -9.0 -9.00  998.7 1007.8 1009.0 2141 1006.1 1541  7.9  3.6 13.2 -9.0 -9.00 -9.00   -9   -9.0   -9.0 -9.00   -9.0   -9   -9.0   -9   -9.0   -9   -9.0   -9   -9.0   -9 -99.0 -99.0 -99.0 -99.0 -99.0
20260827 211  1.2  1021   7  3.7 1900   7  6.5 1857  25.7  31.8 1427  21.2  540  20.9  31.8  20.5  76.4  55.0 1419  24.8  -9.0  -9.0 -9.00  984.6 1007.3 1009.5 2226 1004.5 1603  8.1  6.0 13.2 -9.0 -9.00 -9.00   -9   -9.0   -9.0 -9.00   -9.0   -9   -9.0   -9   -9.0   -9   -9.0   -9   -9.0   -9 -99.0 -99.0 -99.0 -99.0 -99.0
20260827 212  0.8   697  27  2.7 1609  29  5.0 1613  27.0  32.9 1556  23.1  510  21.8  29.0  22.4  75.1  49.0 1418  26.2  -9.0  -9.0 -9.00  991.9 1007.7 1009.1 2206 1005.3 1548  8.0  5.8 13.2 -9.0 -9.00 -9.00   -9   -9.0   -9.0 -9.00   -9.0   -9   -9.0   -9   -9.0   -9   -9.0   -9   -9.0   -9 -99.0 -99.0 -99.0 -99.0 -99.0
20260827 216  0.9   807  34  2.7 1624  36  5.5 1620  24.2  30.1 1521  21.5  122  20.2  25.3  22.0  80.0  50.0 1522  23.7   2.9   2.0 -9.00  929.3 1007.4 1009.9 2220 1004.3 1520  9.1  1.7 13.2 -9.0 10.34  1.92 1500    0.2   -9.0 -9.00    0.2   -9    0.2   -9   -9.0   -9   -9.0   -9   -9.0   -9 -99.0 -99.0 -99.0 -99.0 -99.0
20260827 221  0.6   531  23  2.3 1213  20  4.0 1420  25.0  29.3 1351  22.4 2400  22.9  27.9  22.5  89.3  68.0 1518  27.9  -9.0  -9.0 -9.00  977.7 1007.4 1009.0 2217 1005.6 1559  8.1  2.2 13.2 -9.0 -9.00 -9.00   -9   -9.0   -9.0 -9.00   -9.0   -9   -9.0   -9   -9.0   -9   -9.0   -9   -9.0   -9 -99.0 -99.0 -99.0 -99.0 -99.0
20260827 226  0.6   502  34  2.7 1544  36  5.4 1726  26.9  31.4 1408  24.1  412  24.2  29.2  22.3  86.9  60.0 1411  30.1  -9.0  -9.0 -9.00  988.2 1007.4 1008.7 2123 1005.4 1707  7.9  3.4 13.2 -9.0 -9.00 -9.00   -9    0.0   -9.0 -9.00    0.0   -9    0.0   -9   -9.0   -9   -9.0   -9   -9.0   -9 -99.0 -99.0 -99.0 -99.0 -99.0
20260827 232  0.6   508   2  2.5 1632   5  4.3 1624  26.5  30.9 1512  23.7 2355  24.3  29.6  23.1  88.9  62.0 1539  30.4  -9.0  -9.0 -9.00  998.3 1007.9 1009.1 2230 1006.2 1610  7.3  3.6 13.2 -9.0 -9.00 -9.00   -9   -9.0   -9.0 -9.00   -9.0   -9   -9.0   -9   -9.0   -9   -9.0   -9   -9.0   -9 -99.0 -99.0 -99.0 -99.0 -99.0
20260827 235  1.0   825  20  2.6 1038   2  4.2  621  28.2  33.1 1238  25.1  352  24.1  30.1  24.1  79.1  57.0 1203  30.0   4.2   2.9 -9.00 1005.5 1006.6 1007.6 2140 1005.1 1628  7.8  3.8 13.1 -9.0 15.24  2.50 1200   -9.0   -9.0 -9.00   -9.0   -9   -9.0   -9   -9.0   -9   -9.0   -9   -9.0   -9 -99.0 -99.0 -99.0 -99.0 -99.0
20260827 236  0.4   381  36  1.9 1500  27  3.6 1553  28.1  33.3 1236  24.5  558  23.9  30.6  24.6  79.9  53.0 1256  29.7  -9.0  -9.0 -9.00 1006.0 1007.5 1008.5 1020 1005.6 1725  8.1  4.4 13.1 -9.0 -9.00 -9.00   -9   -9.0   -9.0 -9.00   -9.0   -9   -9.0   -9   -9.0   -9   -9.0   -9   -9.0   -9 -99.0 -99.0 -99.0 -99.0 -99.0
20260827 238  0.6   550  34  2.0 1151  34  5.5 1336  28.4  33.8 1332  25.2  543  24.2  30.4  24.2  79.5  56.0 1336  30.2  -9.0  -9.0 -9.00  987.6 1006.6 1008.0 2124 1004.5 1717  7.3  2.4 13.1 -9.0 -9.00 -9.00   -9   -9.0   -9.0 -9.00   -9.0   -9   -9.0   -9   -9.0   -9   -9.0   -9   -9.0   -9 -99.0 -99.0 -99.0 -99.0 -99.0
20260827 239  0.9   768  34  2.5 1700  34  4.5 1822  27.5  32.3 1443  24.7  518  23.6  30.4  24.6  81.0  55.0 1354  29.2   4.0   2.8 -9.00  996.5 1006.6 1007.7 2115 1004.6 1630  7.9  3.4 13.2 -9.0 14.57  2.48 1400   -9.0   -9.0 -9.00   -9.0   -9   -9.0   -9   -9.0   -9   -9.0   -9   -9.0   -9 -99.0 -99.0 -99.0 -99.0 -99.0
20260827 243  0.9   787  29  3.5 1551  29  6.4 1551  29.0  34.3 1334  25.5  630  23.2  34.3  23.7  72.4  50.0 1201  28.4  -9.0  -9.0 -9.00 1006.0 1007.4 1008.7 2114 1005.8 1452  7.0  6.1 13.1 -9.0 -9.00 -9.00   -9    0.0   -9.0 -9.00    0.0   -9    0.0   -9   -9.0   -9   -9.0   -9   -9.0   -9 -99.0 -99.0 -99.0 -99.0 -99.0
20260827 244  1.0   847  23  5.6 1717  20  9.5 1716  27.3  34.1 1534  24.2 1730  23.8  31.9  23.8  83.8  51.0 1441  29.5  -9.0  -9.0 -9.00  979.5 1007.0 1008.8 2114 1003.9 1533  8.0  5.4 13.1 -9.0 -9.00 -9.00   -9   17.4   -9.0 -9.00   16.6 1708    7.0 1710   -9.0   -9   -9.0   -9   -9.0   -9 -99.0 -99.0 -99.0 -99.0 -99.0
20260827 245  1.5  1257  34  5.2 1650  36  9.1 1645  28.7  36.0 1403  25.9 2358  24.3  32.4  24.8  78.8  50.0 1358  30.3   5.2   3.6 -9.00  999.4 1007.1 1008.5 2104 1005.0 1511  8.1  4.8 13.1 -9.0 17.23  3.09 1300    0.0   -9.0 -9.00    0.0   -9    0.0   -9   -9.0   -9   -9.0   -9   -9.0   -9 -99.0 -99.0 -99.0 -99.0 -99.0
20260827 247  1.5  1324  20  6.9 1544  20 11.2 1537  28.1  35.5 1259  24.9 2344  24.4  33.0  24.7  82.4  52.0 1300  30.5  -9.0  -9.0 -9.00  991.9 1006.9 1008.7 2142 1004.2 1504  8.4  6.3 13.1 -9.0 -9.00 -9.00   -9   14.6   -9.0 -9.00   13.6 1526   10.4 1536   -9.0   -9   -9.0   -9   -9.0   -9 -99.0 -99.0 -99.0 -99.0 -99.0
20260827 248  0.9   820  27  4.8 1724  27  8.2 1716  26.1  32.8 1432  23.0  342  23.2  29.7  22.5  86.8  54.0 1456  28.5  -9.0  -9.0 -9.00  962.5 1007.6 1009.6 2134 1004.3 1536  8.1  5.0 13.1 -9.0 -9.00 -9.00   -9   17.4   -9.0 -9.00   15.7 1702   10.5 1734   -9.0   -9   -9.0   -9   -9.0   -9 -99.0 -99.0 -99.0 -99.0 -99.0
20260827 251  1.3  1095  18  4.6 1706  18  7.0 1658  28.4  34.8 1302  25.0  337  25.2  30.1  25.0  84.3  57.0 1304  32.1   4.8   3.3 -9.00 1001.1 1006.7 1008.3 2122 1004.7 1510  7.4  5.4 13.1 -9.0 17.01  2.68 1200    0.0   -9.0 -9.00    0.0   -9    0.0   -9   -9.0   -9   -9.0   -9   -9.0   -9 -99.0 -99.0 -99.0 -99.0 -99.0
20260827 252  1.1   926  36  4.5 1735  36  7.1 1734  28.3  33.7 1407  25.2  604  24.8  30.9  25.3  82.4  60.0 1541  31.2   4.8   3.4 -9.00 1002.6 1006.8 1008.1 2135 1005.0 1549  6.9  7.6 13.1 -9.0 18.79  2.69 1000   -9.0   -9.0 -9.00   -9.0   -9   -9.0   -9   -9.0   -9   -9.0   -9   -9.0   -9 -99.0 -99.0 -99.0 -99.0 -99.0
20260827 253  0.9   798  29  4.0 1226  29  7.9 1218  28.8  32.0 1433  26.9  802  26.7  30.9  25.8  88.9  74.0 1427  35.0   2.3   1.6 -9.00 1001.8 1007.9 1009.4 2144 1006.5 1658  8.9  1.1 13.1 -9.0  8.59  1.57 1400    2.2   -9.0 -9.00    0.8  542    0.7  632   -9.0   -9   -9.0   -9   -9.0   -9 -99.0 -99.0 -99.0 -99.0 -99.0
20260827 254  1.3  1087  27  6.3 1714  16  9.5 1542  27.9  35.3 1417  24.8 2353  24.2  31.8  24.3  82.4  49.0 1237  30.2   4.8   3.3 -9.00  992.9 1007.4 1009.2 2140 1004.7 1521  8.4  5.4 13.1 -9.0 16.97  2.88 1200    1.2   -9.0 -9.00    1.2 1701    1.1 1715   -9.0   -9   -9.0   -9   -9.0   -9 -99.0 -99.0 -99.0 -99.0 -99.0
20260827 255  0.7   635  32  4.3 1132  32  6.8 1132  29.0  32.7 1021  26.1 1135  26.4  29.4  25.3  83.3  71.0 1023  34.6   0.9   0.7 -9.00 1001.1 1006.8 1008.3 2113 1005.1 1728  8.9 -9.0 13.1 -9.0 -9.00 -9.00   -9   42.5   -9.0 -9.00   38.5 1053   11.5 1113   -9.0   -9   -9.0   -9   -9.0   -9 -99.0 -99.0 -99.0 -99.0 -99.0
20260827 257  1.2  1064  32  3.1  731  36  6.3  730  28.7  33.2 1506  24.8  732  26.5  30.5  24.0  88.9  70.0 1111  34.7   3.0   2.1 -9.00 1006.5 1007.2 1008.7 2147 1005.6 1700  9.4  2.3 13.1 -9.0 10.80  2.15 1000   10.4   -9.0 -9.00    7.8  725    7.1  727   -9.0   -9   -9.0   -9   -9.0   -9 -99.0 -99.0 -99.0 -99.0 -99.0
20260827 258  1.9  1605  23  4.6 1515  25  6.4 1507  29.2  34.0 1459  25.7  554  25.3  32.0  24.3  81.1  60.0 1152  32.2   5.4   3.8 -9.00 1007.2 1007.4 1009.1 2043 1005.9 1519  6.0  7.0 13.1 -9.0 20.74  3.03 1400    0.0   -9.0 -9.00    0.0   -9    0.0   -9   -9.0   -9   -9.0   -9   -9.0   -9 -99.0 -99.0 -99.0 -99.0 -99.0
20260827 259  0.9   745  20  2.7 1427  20  4.6 1420  29.3  34.4 1346  25.5  539  25.6  30.3  25.6  81.8  64.0 1622  32.9   4.1   2.8 -9.00 1005.0 1006.8 1008.2 2038 1005.3 1527  5.4  5.7 13.1 -9.0 16.77  2.50 1200   -9.0   -9.0 -9.00   -9.0   -9   -9.0   -9   -9.0   -9   -9.0   -9   -9.0   -9 -99.0 -99.0 -99.0 -99.0 -99.0
20260827 260  1.6  1369  14  5.3 1318  14  7.8 1510  29.1  33.6 1131  25.3  506  25.6  34.0  24.7  82.4  63.0 1543  32.9  -9.0  -9.0 -9.00 1001.8 1006.8 1008.3 2041 1005.3 1442  5.9  8.6 13.1 -9.0 -9.00 -9.00   -9   -9.0   -9.0 -9.00   -9.0   -9   -9.0   -9   -9.0   -9   -9.0   -9   -9.0   -9 -99.0 -99.0 -99.0 -99.0 -99.0
20260827 261  1.6  1367  11  5.3 1338  14  7.2 1303  29.4  34.3 1217  25.3  619  25.9  33.4  21.5  82.6  63.0 1135  33.5  -9.0  -9.0 -9.00 1005.3 1007.2 1008.6 2058 1005.5 1633  5.1  7.6 13.1 -9.0 -9.00 -9.00   -9   -9.0   -9.0 -9.00   -9.0   -9   -9.0   -9   -9.0   -9   -9.0   -9   -9.0   -9 -99.0 -99.0 -99.0 -99.0 -99.0
20260827 262  1.4  1235  23  4.8 1425  25  7.3 1450  29.2  34.4 1339  25.3  450  25.2  35.6  26.4  80.4  55.0 1340  32.1   5.6   3.9 -9.00 1001.3 1007.1 1008.7 2058 1005.7 1514  5.9  7.2 13.1 -9.0 20.29  3.24 1400   -9.0   -9.0 -9.00   -9.0   -9   -9.0   -9   -9.0   -9   -9.0   -9   -9.0   -9 -99.0 -99.0 -99.0 -99.0 -99.0
20260827 263  0.9   807  14  4.2 1237   7  6.8 1706  27.2  32.8 1131  24.6  523  25.3  31.1  24.5  90.6  65.0 1151  32.3   2.6   1.8 -9.00 1005.4 1007.0 1008.7 2101 1005.3 1501  8.1  1.9 13.1 -9.0 10.87  2.30 1100    8.9   -9.0 -9.00    5.5 1620    2.9 1649   -9.0   -9   -9.0   -9   -9.0   -9 -99.0 -99.0 -99.0 -99.0 -99.0
20260827 264  0.9   783  23  3.6 1443  20  5.7 1356  27.9  35.3 1342  24.4  419  25.3  30.8  23.9  87.1  57.0 1245  32.3   4.7   3.3 -9.00  990.1 1007.2 1009.2 2138 1004.5 1457  7.6  4.7 13.1 -9.0 17.64  3.40 1300    6.9   -9.0 -9.00    2.4 1510    1.5 2014   -9.0   -9   -9.0   -9   -9.0   -9 -99.0 -99.0 -99.0 -99.0 -99.0
20260827 266  1.1   927  23  3.3 1652  20  5.3 1744  29.6  34.0 1405  26.7  546  25.3  31.6  26.2  78.8  62.0 1146  32.3   3.9   2.8 -9.00  997.7 1007.5 1009.1 2056 1006.0 1529  6.9  4.9 13.1 -9.0 15.44  2.64 1300   -9.0   -9.0 -9.00   -9.0   -9   -9.0   -9   -9.0   -9   -9.0   -9   -9.0   -9 -99.0 -99.0 -99.0 -99.0 -99.0
20260827 268  1.3  1084  20  4.5 1449  14  7.6 1518  29.2  34.1 1244  25.0  603  25.2  37.5  24.6  80.4  61.0 1103  32.1  -9.0  -9.0 -9.00 1004.6 1005.7 1006.9 2050 1004.3 1518  3.8  9.8 13.1 -9.0 -9.00 -9.00   -9   -9.0   -9.0 -9.00   -9.0   -9   -9.0   -9   -9.0   -9   -9.0   -9   -9.0   -9 -99.0 -99.0 -99.0 -99.0 -99.0
20260827 271  0.8   721  18  2.7 1127  18  4.3 1135  25.7  30.5 1454  22.9  328  22.6  28.9  22.0  84.5  57.0 1444  27.5  -9.0  -9.0 -9.00  971.5 1007.8 1009.6 2119 1005.7 1503  8.9  1.2 13.2 -9.0 -9.00 -9.00   -9   -9.0   -9.0 -9.00   -9.0   -9   -9.0   -9   -9.0   -9   -9.0   -9   -9.0   -9 -99.0 -99.0 -99.0 -99.0 -99.0
20260827 272  1.2   996  32  4.6 1522  32  7.6 1513  26.2  30.2 1505  23.3 2346  23.1  29.7  22.7  84.9  57.0 1600  28.4  -9.0  -9.0 -9.00  983.6 1007.3 1009.1 2146 1005.3 1506  9.1  1.5 13.2 -9.0 -9.00 -9.00   -9    0.2   -9.0 -9.00    0.2   -9    0.2   -9   -9.0   -9   -9.0   -9   -9.0   -9 -99.0 -99.0 -99.0 -99.0 -99.0
20260827 273  0.7   642  29  2.4 1741  29  4.5 1740  27.1  31.5 1518  24.3 2356  24.7  30.5  22.6  87.6  61.0 1340  31.1  -9.0  -9.0 -9.00  987.2 1006.6 1008.4 2132 1004.7 1635  8.0  1.9 13.2 -9.0 -9.00 -9.00   -9   -9.0   -9.0 -9.00   -9.0   -9   -9.0   -9   -9.0   -9   -9.0   -9   -9.0   -9 -99.0 -99.0 -99.0 -99.0 -99.0
20260827 276  1.2  1054  14  4.4 1802  11  7.5 1759  27.4  33.2 1539  23.8  244  24.4  29.3  22.3  85.3  57.0 1729  30.6   3.6   2.5 -9.00  983.4 1006.7 1008.6 2124 1004.4 1616  8.1  1.9 13.2 -9.0 12.92  1.89 1200   -9.0   -9.0 -9.00   -9.0   -9   -9.0   -9   -9.0   -9   -9.0   -9   -9.0   -9 -99.0 -99.0 -99.0 -99.0 -99.0
20260827 277  1.1   992   5  5.3 1511   2  7.6 1445  26.3  32.7 1439  23.2  248  23.7  30.7  22.9  86.6  57.0 1433  29.4  -9.0  -9.0 -9.00 1002.9 1007.6 1009.2 2119 1005.6 1425  8.1  1.8 13.2 -9.0 -9.00 -9.00   -9    0.0   -9.0 -9.00    0.0   -9    0.0   -9   -9.0   -9   -9.0   -9   -9.0   -9 -99.0 -99.0 -99.0 -99.0 -99.0
20260827 278  0.8   691  23  4.1 1744  25  9.3 1735  27.6  33.6 1537  24.2 2325  23.9  31.2  23.4  82.3  54.0 1523  29.7  -9.0  -9.0 -9.00  997.2 1006.4 1008.2 2053 1003.9 1652  8.6  2.2 13.2 -9.0 -9.00 -9.00   -9   -9.0   -9.0 -9.00   -9.0   -9   -9.0   -9   -9.0   -9   -9.0   -9   -9.0   -9 -99.0 -99.0 -99.0 -99.0 -99.0
20260827 279  0.9   771  18  3.4 1710  11  7.0 1654  28.2  34.5 1254  24.5 2351  23.7  31.3  24.0  78.5  53.0 1251  29.4   3.4   2.4 -9.00 1001.3 1006.9 1008.6 2128 1004.7 1551  8.1  1.8 13.1 -9.0 11.96  2.35 1100    5.5   -9.0 -9.00    5.5 1631    4.8 1655   -9.0   -9   -9.0   -9   -9.0   -9 -99.0 -99.0 -99.0 -99.0 -99.0
20260827 281  0.9   814  27  2.7 1310  27  6.2 1406  26.8  34.7 1344  24.2  556  24.0  29.3  23.6  86.9  53.0 1348  29.8  -9.0  -9.0 -9.00  997.0 1007.8 1009.7 2038 1005.7 1528  8.5  2.6 13.1 -9.0 -9.00 -9.00   -9   18.3   -9.0 -9.00   10.7 1708    7.1 1712   -9.0   -9   -9.0   -9   -9.0   -9 -99.0 -99.0 -99.0 -99.0 -99.0
20260827 283  1.4  1239  18  5.4 1349  18  9.2 1344  26.8  34.3 1203  24.3  455  24.0  28.7  23.9  86.0  59.0 1205  29.9   3.4   2.4 -9.00 1003.2 1007.7 1009.2 2128 1006.0 1531  9.1  2.2 13.1 -9.0 12.30  2.70 1100    3.1   -9.0 -9.00    2.0 1241    1.3 1236   -9.0   -9   -9.0   -9   -9.0   -9 -99.0 -99.0 -99.0 -99.0 -99.0
20260827 284  1.2  1068   7  4.9 1643   5  8.2 1638  27.3  34.7 1338  24.5 1817  24.2  30.1  23.7  84.4  59.0 1246  30.2   4.4   3.1 -9.00  981.7 1007.2 1009.3 2048 1004.3 1455  8.1  4.0 13.1 -9.0 15.79  3.00 1100   26.6   -9.0 -9.00   26.2 1739    9.5 1753   -9.0   -9   -9.0   -9   -9.0   -9 -99.0 -99.0 -99.0 -99.0 -99.0
20260827 285  0.9   814  18  4.2 1349  32  8.2 1855  27.6  34.7 1327  24.6 2357  25.3  31.7  24.9  88.1  57.0 1332  32.2  -9.0  -9.0 -9.00 1004.3 1007.4 1009.3 2051 1005.3 1628  8.3  4.3 13.1 -9.0 -9.00 -9.00   -9   57.3   -9.0 -9.00   37.3 1837   22.1 1859   -9.0   -9   -9.0   -9   -9.0   -9 -99.0 -99.0 -99.0 -99.0 -99.0
20260827 288  1.4  1241  16  3.8 1215  16  6.7 1218  29.3  34.3 1126  27.2  447  25.8  31.5  27.6  82.0  63.0 1117  33.1   4.0   2.8 -9.00 1004.7 1005.6 1007.1 2128 1003.7 1626  8.5  3.2 13.1 -9.0 14.41  2.36 1300    1.6   -9.0 -9.00    1.1 1801    0.8 1833   -9.0   -9   -9.0   -9   -9.0   -9 -99.0 -99.0 -99.0 -99.0 -99.0
20260827 289  0.7   621   9  3.6 1511   5  7.4 1856  27.1  34.0 1235  24.7 1931  25.0  29.0  24.3  89.9  59.0 1216  31.7  -9.0  -9.0 -9.00  992.4 1008.0 1009.9 2051 1005.7 1651  7.8  2.5 13.1 -9.0 -9.00 -9.00   -9   28.0   -9.0 -9.00    8.9 1926    5.5 1455   -9.0   -9   -9.0   -9   -9.0   -9 -99.0 -99.0 -99.0 -99.0 -99.0
20260827 294  1.1   947   7  3.2 1545  27  7.6 1349  28.8  32.6 1335  26.6  403  25.0  35.3  25.8  80.6  64.0 1342  31.7  -9.0  -9.0 -9.00 1002.9 1008.0 1009.4 2054 1006.5 1629  7.9  3.6 13.1 -9.0 -9.00 -9.00   -9    0.0   -9.0 -9.00    0.0   -9    0.0   -9   -9.0   -9   -9.0   -9   -9.0   -9 -99.0 -99.0 -99.0 -99.0 -99.0
20260827 295  1.0   865  16  3.2 1151  32  5.8 1118  28.7  33.2 1220  26.2  445  25.0  33.2  24.6  81.0  64.0 1408  31.7  -9.0  -9.0 -9.00 1002.2 1007.4 1008.9 2056 1006.0 1604  6.8  5.1 13.1 -9.0 -9.00 -9.00   -9   -9.0   -9.0 -9.00   -9.0   -9   -9.0   -9   -9.0   -9   -9.0   -9   -9.0   -9 -99.0 -99.0 -99.0 -99.0 -99.0
20260827 296  1.7  1433  18  4.7 1647  18  7.9 1711  28.8  32.3 1112  26.3  809  26.3  29.4  24.6  86.9  76.0 1041  34.2   2.8   2.0 -9.00 1006.0 1006.3 1007.8 2119 1004.9 1704  9.1  1.6 13.1 -9.0  9.85  1.64 1000    7.7   -9.0  3.95    7.6   -9    5.6  756   -9.0   -9   -9.0   -9   -9.0   -9 -99.0 -99.0 -99.0 -99.0 -99.0
20260828  90  1.9  1655  11  4.6 2239  20  7.9 1457  24.4  27.3 1127  22.5 1939  21.5  26.7  23.2  84.8  71.0 1458  25.7   2.2   1.6 -9.00 1008.6 1010.6 1012.3  945 1008.9 2357  9.9  0.0 13.2 -9.0  6.58  1.66 1100    1.3   -9.0 -9.00    0.7 2233    0.5 2323   -9.0   -9   -9.0   -9   -9.0   -9 -99.0 -99.0 -99.0 -99.0 -99.0
20260828  93  0.7   602   7  2.6 1402   5  4.9 1015  25.6  27.6 1058  23.7 2208  21.9  27.3  24.2  80.8  66.0 1249  26.2   1.6   1.1 -9.00  998.3 1009.1 1010.5 1003 1008.2 1848  9.5  0.5 13.2 -9.0  5.55  0.87 1000    0.0    0.0  0.58    0.0   -9    0.0   -9   -9.0   -9   -9.0   -9   -9.0   -9  28.7  27.6  26.0  22.7  19.4
20260828  95  1.6  1410  11  3.9 1645  11  6.3 1551  24.4  28.2 1308  21.9 2359  21.5  26.3  22.9  84.1  71.0 1047  25.6   2.1   1.5 -9.00  991.4 1009.0 1010.4  922 1007.9 1606  9.9  0.5 13.2 -9.0  7.84  1.66 1000   -9.0    1.9 -9.00   -9.0   -9   -9.0   -9   -9.0   -9   -9.0   -9   -9.0   -9 -99.0 -99.0 -99.0 -99.0 -99.0
20260828  98  0.6   520   9  2.0 1358   9  4.4 1504  25.8  28.8 1130  23.7  541  20.7  27.4  23.3  73.8  63.0 1227  24.4   2.1   1.5 -9.00  995.0 1008.0 1009.5  924 1006.8 1606  9.6  0.0 13.2 -9.0  7.42  1.23 1000   -9.0   -9.0 -9.00   -9.0   -9   -9.0   -9   -9.0   -9   -9.0   -9   -9.0   -9 -99.0 -99.0 -99.0 -99.0 -99.0
20260828  99  1.5  1269   9  2.8  800   7  5.4  801  24.9  28.7 1458  22.3  606  22.2  27.6  22.6  85.3  77.0  959  26.8   2.3   1.6 -9.00 1005.2 1008.7 1010.1  927 1007.5 1542  9.6  0.0 13.2 -9.0  8.91  1.34 1100   -9.0   -9.0 -9.00   -9.0   -9   -9.0   -9   -9.0   -9   -9.0   -9   -9.0   -9 -99.0 -99.0 -99.0 -99.0 -99.0
20260828 100  1.5  1309  11  3.3  112  11  5.5  108  19.6  20.8    1  19.1 1856  19.0  21.5  19.3  96.9  90.0 1230  22.0   0.9   0.6 -9.00  924.7 1010.5 1012.2 1005 1009.0 2337  9.8  0.0 13.2 -9.0  2.11  0.34 1200    5.2   -9.0 -9.00    2.5 1415    0.8 1415   -9.0   -9   -9.0   -9   -9.0   -9 -99.0 -99.0 -99.0 -99.0 -99.0
20260828 101  1.6  1391   5  3.2 1310   5  5.2 1245  25.3  27.2 1116  23.7 2334  21.0  26.8  22.7  77.8  66.0 1119  24.9   1.7   1.2 -9.00  999.4 1008.1 1009.4 1001 1007.0 1850  9.6  0.1 13.2 -9.0  4.98  0.68 1000   -9.0   -9.0 -9.00   -9.0   -9   -9.0   -9   -9.0   -9   -9.0   -9   -9.0   -9  28.2  26.1  24.6  20.1  16.6
20260828 102  2.1  1777   5  4.7 2306   2  8.6 1921  23.3  26.7 1208  21.7 2059  19.6  24.3  21.6  79.8  63.0    2  22.8   2.4   1.7 -9.00 1003.4 1007.5 1008.4 1055 1006.4 1609  9.9  0.0 13.2 -9.0  7.43  1.10 1000    0.0   -9.0  1.17    0.0   -9    0.0   -9   -9.0   -9   -9.0   -9   -9.0   -9 -99.0 -99.0 -99.0 -99.0 -99.0
20260828 104  0.8   658  25  2.6  139  27  4.6 1404  22.9  25.7 1131  21.2 1408  22.2  23.9  21.5  96.3  85.0 1148  26.7   1.0   0.7 -9.00 1001.3 1010.0 1011.6 1002 1008.4 2358  9.9  0.0 13.2 -9.0 -9.00  0.49 1000   41.6   41.7 11.12   20.1 1354    6.8 1410   -9.0   -9   -9.0   -9   -9.0   -9  27.5  25.8  24.3  20.2  16.4
20260828 105  1.1   980  32  3.9 1403  34  6.3 1359  23.2  25.7 1251  22.2 1925  21.5  24.6  23.1  90.5  77.0 1249  25.6   1.1   0.8 -9.00 1007.6 1010.7 1012.3  915 1009.2 2356  9.8  0.0 13.2 -9.0  2.76  0.53 1100   13.9   -9.0 -9.00    5.9 1431    1.6 1440   -9.0   -9   -9.0   -9   -9.0   -9  27.8  25.9  25.0  20.4  17.1
20260828 106  1.4  1237  34  3.6   41   2  7.5   40  24.0  27.0 1229  22.6 1922  22.5  25.2  23.0  91.9  74.0 1232  27.2   1.3   0.9 -9.00 1006.1 1010.8 1012.5  925 1009.3 2357  9.8  0.0 13.2 -9.0  3.50  0.74 1100   18.4   -9.0 -9.00    5.4 2143    1.4 2214   -9.0   -9   -9.0   -9   -9.0   -9 -99.0 -99.0 -99.0 -99.0 -99.0
20260828 108  2.4  2075   5  4.0 1352   9  6.9 1601  26.9  30.1 1235  25.2 1932  22.5  27.1  23.2  77.6  66.0 1238  27.3   3.0   2.1 -9.00  998.4 1008.1 1009.2  930 1007.0 1522  9.0  0.3 13.2 -9.0  8.41  1.58 1200    1.3    1.3  1.92    1.3 1655    0.7 1709   -9.0   -9   -9.0   -9   -9.0   -9  27.9  26.2  25.6  21.3  16.6
20260828 112  1.7  1472   7  3.3 1559   9  6.9 1552  27.9  30.5 1227  26.5  219  24.8  28.7  23.9  83.9  71.0 1605  31.3   3.4   2.4 -9.00  999.8 1007.6 1008.9 1023 1006.3 1621  8.5  1.1 13.2 -9.0 11.83  1.97 1200   -9.0   -9.0 -9.00   -9.0   -9   -9.0   -9   -9.0   -9   -9.0   -9   -9.0   -9  27.1  25.8  24.1  20.3  16.2
20260828 114  1.3  1157   2  3.1 1125  29  5.7 1302  24.8  27.6 1001  23.7 2303  22.3  26.9  23.7  86.4  77.0 1002  26.9   2.0   1.4 -9.00  991.4 1008.4 1009.3  913 1007.5    1  9.1  0.0 13.2 -9.0  6.16  1.08 1300    0.3   -9.0 -9.00    0.3 1628    0.3 1541   -9.0   -9   -9.0   -9   -9.0   -9 -99.0 -99.0 -99.0 -99.0 -99.0
20260828 115  3.7  3237   5  6.7  101   2 10.7  347  23.4  25.7 1015  21.1 1609  21.1  24.3  20.8  87.5  75.0 1110  25.1   1.6   1.1  3.08  985.7 1010.8 1012.4 1016 1009.4   57  9.4  0.1 13.2 -9.0  4.44  0.94  900   26.8   86.2 10.38   12.3 1338    4.3 1340   -9.0   -9   -9.0   -9   -9.0   -9  25.4  23.3  21.9  15.9  13.9
20260828 119  1.9  1654  14  5.4 1442  14  7.5 1411  26.3  30.6 1315  24.9 2216  23.7  27.4  24.0  85.9  68.0 1319  29.2   2.8   2.0 -9.00 1003.2 1007.7 1008.7  955 1006.7 1537  8.9  0.7 13.1 -9.0  9.53  1.56 1300    0.6    0.6  2.83    0.6 1335    0.6 1425   -9.0   -9   -9.0   -9   -9.0   -9  27.7  25.9  24.4  20.0  16.5
20260828 121  0.8   724   9  3.1 1008   7  5.6 1003  24.0  28.3 1347  22.1 2330  22.0  24.7  17.7  89.4  70.0 1237  26.4   1.9   1.4 -9.00  982.4 1009.6 1010.9  947 1008.6 1525  9.3  0.0 13.1 -9.0  6.32  1.33 1200    7.5   -9.0 -9.00    3.9 1641    0.9 1701   -9.0   -9   -9.0   -9   -9.0   -9 -99.0 -99.0 -99.0 -99.0 -99.0
20260828 127  1.3  1115   9  3.2  954   9  6.1 1739  25.4  29.8 1216  23.5 2339  22.8  27.2  23.7  86.0  69.0 1218  27.7   2.3   1.6 -9.00  994.6 1007.7 1008.7  911 1006.6 1811  9.5  0.1 13.1 -9.0  7.94  1.59 1100   32.3   -9.0 -9.00   21.6 1524    5.1 1551   -9.0   -9   -9.0   -9   -9.0   -9 -99.0 -99.0 -99.0 -99.0 -99.0
20260828 129  1.1   939  16  3.3 1333  18  5.6 1341  27.3  31.0 1228  24.0  219  24.5  28.7  21.9  85.9  65.0 1302  30.7   3.4   2.3 -9.00 1004.9 1007.8 1008.8  950 1006.5 1604  8.4  1.4 13.1 -9.0 12.57  1.95 1100    1.7    2.0 -9.00    1.3 1922    1.0 1923   -9.0   -9   -9.0   -9   -9.0   -9  27.3  25.9  24.3  20.0  17.0
20260828 130  1.8  1519  11  6.9 1843  11  9.9 1742  23.9  25.3  112  23.0 1010  23.4  24.5  22.9  97.4  90.0  533  28.8  -9.0  -9.0 -9.00 1004.5 1010.1 1011.9 1040 1008.4 2332  9.9  0.0 13.1 -9.0 -9.00 -9.00   -9   54.3   -9.0 -9.00   15.7 1502    3.8 1547   -9.0   -9   -9.0   -9   -9.0   -9 -99.0 -99.0 -99.0 -99.0 -99.0
20260828 131  1.0   898   7  3.2 1527   5  5.8 1518  27.1  32.8 1249  25.1 1547  23.7  28.1  25.3  82.4  59.0 1249  29.4   3.1   2.2 -9.00 1001.1 1007.7 1008.6  905 1006.4 1326  9.8  1.7 13.1 -9.0 11.51  2.71 1200   84.2   89.3 12.25   42.8 1448   14.5 1505   -9.0   -9   -9.0   -9   -9.0   -9 -99.0 -99.0 -99.0 -99.0 -99.0
20260828 133  1.2  1068  18  8.1 1411  20 13.4 1402  26.9  33.2 1237  24.7 1437  24.6  27.8  25.3  88.6  61.0 1234  31.0   2.6   1.9 -9.00 1000.5 1008.1 1009.1  858 1006.8 1332  9.0  0.5 13.1 -9.0  9.10  2.39 1200   60.6   63.2  7.47   38.9 1408   12.5 1409   -9.0   -9   -9.0   -9   -9.0   -9  29.7  28.1  26.4  22.5  18.4
20260828 135  1.1   964   9  3.9 1151   9  6.0 1335  24.5  29.0 1206  23.2 2205  23.2  26.8  23.5  93.4  77.0 1209  28.5   1.8   1.2 -9.00  980.7 1008.3 1009.7  954 1007.2 1733  9.5  0.3 13.1 -9.0  6.57  1.99 1100   59.6   -9.0 -9.00   31.4 1523    8.3 1608   -9.0   -9   -9.0   -9   -9.0   -9 -99.0 -99.0 -99.0 -99.0 -99.0
20260828 136  1.0   903   9  2.8  916  11  5.2  914  24.6  26.3    1  23.2 2040  22.8  26.1  23.0  89.8  80.0  615  27.7   1.3   0.9  1.75  993.8 1009.8 1011.5  938 1008.6 1909  9.9  0.0 13.1 -9.0  3.72  0.64 1300   71.5   70.8 13.83   21.0 1829    4.5 1834   -9.0   -9   -9.0   -9   -9.0   -9 -99.0 -99.0 -99.0 -99.0 -99.0
20260828 137  0.6   476   2  1.9 1314  36  4.9 1827  24.5  26.2  905  23.5 1826  23.7  26.5  23.2  95.4  87.0  802  29.2   1.1   0.8 -9.00  997.0 1008.0 1009.3  944 1006.7 1717  9.6  0.0 13.1 -9.0  3.39  0.60 1300   60.0   -9.0 -9.00   24.0 1603    7.8 1643   -9.0   -9   -9.0   -9   -9.0   -9 -99.0 -99.0 -99.0 -99.0 -99.0
20260828 138  1.6  1403   7  3.6  749   5  6.5  601  25.4  26.5 1011  24.7 2125  23.9  27.3  24.7  91.6  83.0 1004  29.7   2.0   1.4 -9.00 1008.5 1009.0 1010.2  939 1007.9 1635  9.6  0.0 13.1 -9.0  5.49  1.03 1300    9.1    9.1  8.83    2.8 1139    1.1 1932   -9.0   -9   -9.0   -9   -9.0   -9  27.0  24.2  22.9  19.5  17.1
20260828 140  1.6  1422  14  4.3 1223  14  8.0 1217  27.4  31.9 1139  25.3  539  25.5  28.1  23.4  89.8  68.0 1141  32.6  -9.0  -9.0 -9.00 1005.3 1008.5 1009.4  934 1007.5 1628  7.6  0.9 13.1 -9.0 -9.00 -9.00   -9   29.9   -9.0 -9.00   17.9 1311    4.9 1327   -9.0   -9   -9.0   -9   -9.0   -9 -99.0 -99.0 -99.0 -99.0 -99.0
20260828 143  1.3  1120  11  3.8  946  14  5.5  931  25.7  27.5 1355  25.0  401  24.5  28.1  24.5  93.8  83.0  942  30.8   1.8   1.2 -9.00 1002.0 1008.2 1009.9 1049 1006.9 1635  9.4  0.2 13.1 -9.0  6.40  1.39 1300   18.7   -9.0  8.27   12.8 1049    4.2 1052   -9.0   -9   -9.0   -9   -9.0   -9 -99.0 -99.0 -99.0 -99.0 -99.0
20260828 146  1.7  1483  16  4.2 1140  18  9.3 1139  27.5  33.7 1037  26.0 2345  24.5  29.1  23.9  84.0  59.0 1040  30.7   3.1   2.2 -9.00 1001.1 1008.0 1008.8 2220 1006.9 1635  8.4  1.7 13.1 -9.0 10.62  2.67 1000    7.7   12.3  4.58    3.3 1439    1.4 1512   -9.0   -9   -9.0   -9   -9.0   -9 -99.0 -99.0 -99.0 -99.0 -99.0
20260828 152  0.8   692  18  2.5  923  18  5.1  916  25.5  27.8 1358  24.1  409  24.2  28.0  23.7  93.4  81.0 1403  30.3   2.0   1.4 -9.00  999.4 1008.6 1010.2  959 1007.4 1815  9.0  0.0 13.1 -9.0  6.26  1.30 1300   21.1   -9.0 11.13    5.0  919    2.3 2329   -9.0   -9   -9.0   -9   -9.0   -9 -99.0 -99.0 -99.0 -99.0 -99.0
20260828 155  1.0   826   2  3.0  622   5  4.9  616  26.2  27.6  148  25.1  826  25.6  27.9  25.0  96.9  92.0  240  32.9   1.5   1.0 -9.00 1004.8 1008.8 1010.4 1018 1007.7 1555  8.6  0.1 13.1 -9.0  3.62  0.74 1500  111.0   -9.0 13.50   37.6  539   19.7  602   -9.0   -9   -9.0   -9   -9.0   -9 -99.0 -99.0 -99.0 -99.0 -99.0
20260828 156  1.3  1088  16  4.1 1328  25  7.7 1630  26.6  30.0 1230  25.3  219  25.7  28.5  24.4  95.0  83.0 1234  33.0   2.4   1.7 -9.00 1000.2 1008.2 1009.2 2235 1007.1 1517  8.1  1.0 13.1 -9.0 11.06  1.74 1100   73.0   -9.0  8.50   38.9 1258   13.0 1322   -9.0   -9   -9.0   -9   -9.0   -9 -99.0 -99.0 -99.0 -99.0 -99.0
20260828 159  2.1  1816  27  7.8 1813  25 16.8 1808  26.5  28.5  227  25.1 1112  25.0  27.6  23.5  91.8  81.0    1  31.7   1.3   0.9 -9.00 1000.5 1008.4 1010.5 1041 1007.2 1629  9.5  0.0 13.1 -9.0  2.64  0.44 1100  139.0  125.2 14.98   47.8 1012   13.8 1044   -9.0   -9   -9.0   -9   -9.0   -9  29.0  27.1  25.7  20.6  18.8
20260828 162  2.1  1827  23  7.3 2044  20 12.3 2038  27.1  29.3 1410  25.6 1225  25.4  28.9  25.7  90.6  81.0 1527  32.5   2.5   1.7 -9.00 1004.2 1007.7 1009.0 1000 1006.6 1604  8.1  0.6 13.1 -9.0  6.86  1.88 1300   19.2   -9.0 -9.00    7.9 1104    3.8 1150   -9.0   -9   -9.0   -9   -9.0   -9 -99.0 -99.0 -99.0 -99.0 -99.0
20260828 165  2.7  2309  23  5.5 1113  23  9.2 1057  27.5  30.5 1721  25.9  729  25.6  28.8  24.8  89.9  76.0 1725  32.8   4.1   2.9 -9.00 1003.1 1008.2 1009.3 2202 1007.0 1558  6.8  4.2 13.1 -9.0 14.26  2.89 1200   19.2   16.4  3.70   12.7 1052    8.0 1114   -9.0   -9   -9.0   -9   -9.0   -9  29.1  26.6  25.5  21.9  18.5
20260828 168  3.3  2861  23  6.9 1916  20 10.5 1910  27.7  29.6 1248  25.8  703  26.0  29.0  26.2  91.3  78.0 1425  33.7   2.9   2.0 -9.00 1001.2 1008.6 1009.7  942 1007.3 1606  9.0  0.7 13.0 -9.0  8.81  2.27 1200   19.5    6.3 10.12   10.7  605    9.8  617   -9.0   -9   -9.0   -9   -9.0   -9  30.6  27.9  25.8  21.1  17.3
20260828 169  4.2  3613  14  8.0  341  14 10.3  420  29.2  36.0 1402  26.5 2317  25.7  33.6  26.5  82.1  60.0 1406  33.0   6.4   4.5 -9.00  999.2 1007.7 1008.7 2214 1006.5 1638  6.4  8.2 13.1 -9.0 21.22  3.50 1300    0.8   -9.0  0.87    0.8 2247    0.6 2319   -9.0   -9   -9.0   -9   -9.0   -9 -99.0 -99.0 -99.0 -99.0 -99.0
20260828 170  2.1  1776  18  6.8 1212  18  9.7 1150  27.8  32.6 1127  25.9 2023  25.7  28.7  25.6  88.8  71.0 1129  33.0   3.5   2.5 -9.00 1004.4 1008.4 1009.5 2143 1007.2 1559  8.1  3.3 13.0 -9.0 11.80  1.90 1000   41.7   -9.0 -9.00   26.5 1943    9.8 2019   -9.0   -9   -9.0   -9   -9.0   -9 -99.0 -99.0 -99.0 -99.0 -99.0
20260828 172  1.8  1548  27  5.0 1452  29  8.1 1451  27.7  31.3 1419  25.9  343  26.8  29.2  24.9  95.8  76.0 1424  35.2   2.8   2.0 -9.00 1001.8 1007.7 1008.8 2236 1006.6 1540  6.9  2.3 13.1 -9.0 11.36  1.90 1200    9.9   -9.0 -9.00    4.1 1108    3.0 1305   -9.0   -9   -9.0   -9   -9.0   -9 -99.0 -99.0 -99.0 -99.0 -99.0
20260828 174  0.6   542  23  2.4  813  20  4.2  811  24.8  27.2 1220  24.0 2005  24.3  26.7  23.6  97.5  87.0 1222  30.4  -9.0  -9.0 -9.00  988.4 1007.1 1008.3  943 1005.6 1552  9.5  0.0 13.1 -9.0 -9.00 -9.00   -9  124.0   -9.0 -9.00   29.8  759   11.8  349   -9.0   -9   -9.0   -9   -9.0   -9 -99.0 -99.0 -99.0 -99.0 -99.0
20260828 177  0.8   719  18  3.9 1233  16  6.6 1216  26.8  30.4 1041  23.6  255  24.8  29.0  23.7  88.8  77.0 1131  31.3   2.2   1.6 -9.00 1003.3 1006.4 1007.5  948 1005.2 1612  8.9  1.0 13.1 -9.0  9.29  1.53 1500   30.8   42.4  5.58   28.4 1201   12.0 1239   -9.0   -9   -9.0   -9   -9.0   -9 -99.0 -99.0 -99.0 -99.0 -99.0
20260828 181  1.3  1149   5  5.8 1457   5  7.8 1452  25.3  30.6 1013  23.3  111  23.8  27.9  23.5  92.0  69.0 1230  29.5   2.7   1.9 -9.00 1004.4 1008.2 1009.2  900 1007.2 1323  9.9  1.6 13.1 -9.0 10.81  2.49 1200   80.6   -9.0 -9.00   37.2 1509    9.4 1516   -9.0   -9   -9.0   -9   -9.0   -9 -99.0 -99.0 -99.0 -99.0 -99.0
20260828 184  2.0  1707   2  4.9 1511   2  6.6 1506  29.3  32.4 1417  26.9  425  25.3  30.7  26.7  79.9  67.0 1456  32.3   4.2   3.0 -9.00 1005.0 1007.3 1008.4 2344 1006.1  130  8.3  3.9 13.0 -9.0 12.65  2.38 1400    9.3    5.4  6.83    4.4  213    2.2  223   -9.0   -9   -9.0   -9   -9.0   -9  30.6  29.0  28.3  25.9  20.2
20260828 185  5.7  4909  14  8.8 1437  14 11.4 1125  27.6  30.7 1305  25.5  245  25.5  30.4  25.7  88.9  75.0 1258  32.6   6.4   4.4 -9.00  999.6 1007.6 1008.9 2312 1006.5  458  5.1  8.0 13.0 -9.0 23.10  3.48 1200   18.3   -9.0 -9.00   14.3  118    9.6  128   -9.0   -9   -9.0   -9   -9.0   -9 -99.0 -99.0 -99.0 -99.0 -99.0
20260828 188  3.9  3376  14  6.9  537  16 11.6  423  28.4  31.5 1240  26.4  536  25.8  29.7  26.3  86.6  74.0 1104  33.3  -9.0  -9.0 -9.00 1006.2 1008.5 1009.6 2304 1007.4  156  6.8  6.4 13.0 -9.0 -9.00 -9.00   -9   12.1   -9.0 -9.00    7.2  410    6.4  424   -9.0   -9   -9.0   -9   -9.0   -9 -99.0 -99.0 -99.0 -99.0 -99.0
20260828 189  2.3  1978  18  4.3  534  23  8.1  115  28.9  32.3 1440  26.8 2213  25.9  30.5  26.4  84.5  70.0 1144  33.4   4.8   3.4 -9.00 1002.7 1008.5 1009.7 2205 1007.4  110  8.0  4.9 13.0 -9.0 17.65  3.18 1200   15.4   13.4  7.78    9.6 2153    7.5 2205   -9.0   -9   -9.0   -9   -9.0   -9 -99.0 -99.0 -99.0 -99.0 -99.0
20260828 192  0.5   449  14  1.5 2119  14  3.5  449  25.4  27.4 1356  24.1  648  24.5  27.6  25.0  95.6  89.0 1358  30.8   1.6   1.1 -9.00 1005.4 1008.7 1010.3  922 1007.5 1548  9.6  0.1 13.1 -9.0  4.79  1.07 1300   77.3   34.2 -9.00   22.1  452    6.0  513   -9.0   -9   -9.0   -9   -9.0   -9 -99.0 -99.0 -99.0 -99.0 -99.0
20260828 201  1.2   996   7  2.5  932   5  4.5  924  26.0  28.4 1232  23.4  607  23.7  27.1  22.3  87.9  73.0 1110  29.4  -9.0  -9.0 -9.00 1003.2 1008.7 1010.1  940 1007.3 1623  9.4  0.3 13.2 -9.0 -9.00 -9.00   -9   -9.0   -9.0 -9.00   -9.0   -9   -9.0   -9   -9.0   -9   -9.0   -9   -9.0   -9 -99.0 -99.0 -99.0 -99.0 -99.0
20260828 202  1.0   870  20  2.6 1840   7  4.4 1343  25.2  27.5 1034  23.7 2152  22.7  27.8  23.1  86.5  72.0 1119  27.6  -9.0  -9.0 -9.00 1003.4 1008.8 1010.0  954 1007.9    1  9.3  0.0 13.1 -9.0 -9.00 -9.00   -9    0.3   -9.0 -9.00    0.3 1634    0.3 1724   -9.0   -9   -9.0   -9   -9.0   -9 -99.0 -99.0 -99.0 -99.0 -99.0
20260828 203  0.5   462   5  1.7 1248  36  4.0 1318  24.6  27.5 1051  23.6 2137  24.3  27.1  25.0  98.5  86.0 1052  30.3  -9.0  -9.0 -9.00 1000.0 1009.1 1010.2  926 1008.2 1656  9.4  0.0 13.1 -9.0 -9.00 -9.00   -9    7.3   -9.0 -9.00    4.1 1110    2.7 1133   -9.0   -9   -9.0   -9   -9.0   -9 -99.0 -99.0 -99.0 -99.0 -99.0
20260828 211  1.3  1085   7  2.6  117   5  6.0  113  23.9  26.7 1109  22.7 2328  19.5  26.0  21.9  76.8  62.0 1122  22.7  -9.0  -9.0 -9.00  986.6 1009.5 1011.0  930 1008.2 1854  9.9  0.0 13.2 -9.0 -9.00 -9.00   -9   -9.0   -9.0 -9.00   -9.0   -9   -9.0   -9   -9.0   -9   -9.0   -9   -9.0   -9 -99.0 -99.0 -99.0 -99.0 -99.0
20260828 212  0.8   673   7  2.2  947   7  4.5 1008  24.1  26.3 1023  22.9 2016  21.5  25.2  22.4  85.9  72.0 1021  25.6  -9.0  -9.0 -9.00  993.5 1009.4 1010.8 1103 1008.5    7  9.1  0.0 13.2 -9.0 -9.00 -9.00   -9    2.9   -9.0 -9.00    2.6 1036    1.3 1119   -9.0   -9   -9.0   -9   -9.0   -9 -99.0 -99.0 -99.0 -99.0 -99.0
20260828 216  0.9   771   2  2.7  454   7  6.2  642  20.6  22.2  209  19.6  832  20.0  22.8  21.3  96.4  87.0 1243  23.4   1.0   0.7 -9.00  931.1 1010.5 1012.5  936 1009.2 2348  9.4  0.0 13.1 -9.0  3.00  0.58 1300   15.1   -9.0 -9.00    4.0 1726    1.2 1729   -9.0   -9   -9.0   -9   -9.0   -9 -99.0 -99.0 -99.0 -99.0 -99.0
20260828 217  0.6    -9   5  2.5 1618   5  4.1 1614 -99.0  24.5 1532  21.5 2001 -99.0 -99.0  21.7  -9.0  78.0 1532  -9.0  -9.0  -9.0 -9.00   -9.0   -9.0 1009.1 2141 1008.2 1532  9.5  0.0 13.2 -9.0 -9.00 -9.00   -9   -9.0   -9.0 -9.00   -9.0   -9   -9.0   -9   -9.0   -9   -9.0   -9   -9.0   -9 -99.0 -99.0 -99.0 -99.0 -99.0
20260828 221  1.2  1054   5  3.5 1045   5  6.1 1347  23.4  26.4 1244  21.8 2352  22.1  25.7  22.9  93.3  71.0 1253  26.6  -9.0  -9.0 -9.00  979.2 1009.2 1010.3  911 1008.2   19  9.5  0.0 13.1 -9.0 -9.00 -9.00   -9    8.7   -9.0 -9.00    5.0 1601    1.3 1629   -9.0   -9   -9.0   -9   -9.0   -9 -99.0 -99.0 -99.0 -99.0 -99.0
20260828 226  0.8   688  14  3.4 1509  14  5.9 1503  24.8  29.0 1317  23.5 1900  23.7  27.4  21.8  94.5  73.0 1314  29.4  -9.0  -9.0 -9.00  989.2 1008.6 1009.8 1008 1007.6 1321  9.3  1.3 13.1 -9.0 -9.00 -9.00   -9   62.1   -9.0 -9.00   33.0 1553    8.0 1559   -9.0   -9   -9.0   -9   -9.0   -9 -99.0 -99.0 -99.0 -99.0 -99.0
20260828 232  1.1   954   2  3.3 1342   2  6.2 1256  25.3  29.5 1024  23.4  152  24.8  28.0  22.9  97.1  81.0 1028  31.3  -9.0  -9.0 -9.00  999.2 1008.8 1009.9  940 1007.8 1707  9.3  0.8 13.1 -9.0 -9.00 -9.00   -9   35.0   -9.0 -9.00   27.3 1348   10.0 1404   -9.0   -9   -9.0   -9   -9.0   -9 -99.0 -99.0 -99.0 -99.0 -99.0
20260828 235  1.6  1387  20  4.5 2127  20  7.1 2103  27.4  31.6 1101  25.1  141  25.0  28.6  24.0  87.5  68.0 1057  31.7   2.8   2.0 -9.00 1006.0 1007.1 1008.1  937 1006.1 1611  8.8  0.9 13.1 -9.0 10.43  1.59 1000   40.6   -9.0 -9.00   25.5 2028   10.3 2105   -9.0   -9   -9.0   -9   -9.0   -9 -99.0 -99.0 -99.0 -99.0 -99.0
20260828 236  0.4   381  14  3.8 1319  14  6.6 1327  26.7  31.5 1213  25.0  609  25.2  28.4  25.0  92.1  65.0 1256  32.0  -9.0  -9.0 -9.00 1006.7 1008.2 1009.3 1007 1007.3 1714  9.1  1.3 13.1 -9.0 -9.00 -9.00   -9   49.4   -9.0 -9.00   24.7 1347   11.8 1352   -9.0   -9   -9.0   -9   -9.0   -9 -99.0 -99.0 -99.0 -99.0 -99.0
20260828 238  0.6   523  16  3.9 1247  16  7.4 1243  26.3  31.6 1158  24.0  621  24.7  27.8  22.2  92.6  65.0 1200  31.2  -9.0  -9.0 -9.00  988.6 1007.8 1008.9  918 1006.8 1556  8.5  1.2 13.1 -9.0 -9.00 -9.00   -9   14.0   -9.0 -9.00    6.7 1423    2.0 1423   -9.0   -9   -9.0   -9   -9.0   -9 -99.0 -99.0 -99.0 -99.0 -99.0
20260828 239  0.8   690  14  3.0 1110  18  5.1 1450  26.0  31.2 1229  24.4 2224  24.5  28.0  24.3  92.0  66.0 1226  30.7   2.7   1.9 -9.00  997.4 1007.5 1008.4  855 1006.1 1346  9.6  1.0 13.1 -9.0  9.92  1.96 1000   77.2   -9.0 -9.00   65.8 1434   16.3 1454   -9.0   -9   -9.0   -9   -9.0   -9 -99.0 -99.0 -99.0 -99.0 -99.0
20260828 243  1.2  1036  16  4.3 1253  16  6.5 1053  27.3  31.1 1005  25.6  354  25.0  28.4  23.3  88.0  69.0 1009  31.7  -9.0  -9.0 -9.00 1006.8 1008.2 1009.1  934 1007.1 1615  7.1  1.4 13.1 -9.0 -9.00 -9.00   -9    7.9   -9.0 -9.00    5.8 1420    3.3 1424   -9.0   -9   -9.0   -9   -9.0   -9 -99.0 -99.0 -99.0 -99.0 -99.0
20260828 244  0.9   738  23  2.5 1033  23  4.8 1040  24.8  26.3  923  23.6  514  24.0  27.1  23.4  95.9  86.0 1013  29.9  -9.0  -9.0 -9.00  980.6 1008.4 1009.3 1011 1007.2 1544  8.8  0.0 13.1 -9.0 -9.00 -9.00   -9   15.7   -9.0 -9.00    4.6 1246    1.4 1245   -9.0   -9   -9.0   -9   -9.0   -9 -99.0 -99.0 -99.0 -99.0 -99.0
20260828 245  1.3  1134  14  4.0 1007  18  7.0 1546  27.1  29.8  913  25.7  245  25.2  29.5  24.1  89.4  74.0  958  32.0   2.6   1.8 -9.00 1000.2 1008.0 1008.9 1114 1006.9 1628  7.6  2.9 13.1 -9.0 10.27  2.08 1300   31.4   -9.0 -9.00   16.4 1201    5.2 1239   -9.0   -9   -9.0   -9   -9.0   -9 -99.0 -99.0 -99.0 -99.0 -99.0
20260828 247  1.0   848   7  3.7  708   5  5.9  705  25.0  28.3 1347  24.1  613  24.9  26.8  23.6  99.5  80.0 1344  31.4  -9.0  -9.0 -9.00  993.3 1008.4 1009.6  956 1007.1 1529  8.4  0.1 13.1 -9.0 -9.00 -9.00   -9   46.6   -9.0 -9.00   11.4 1628    4.7 1659   -9.0   -9   -9.0   -9   -9.0   -9 -99.0 -99.0 -99.0 -99.0 -99.0
20260828 248  0.7   590  20  2.7 1730  20  5.1 1730  24.2  26.0 1036  22.4  401  23.5  26.3  22.6  96.5  87.0 1315  28.9  -9.0  -9.0 -9.00  963.4 1008.9 1009.9  800 1007.3 1620  9.1  0.0 13.1 -9.0 -9.00 -9.00   -9   23.2   -9.0 -9.00    9.5  642    4.0 1112   -9.0   -9   -9.0   -9   -9.0   -9 -99.0 -99.0 -99.0 -99.0 -99.0
20260828 251  1.4  1203  14  3.9  918  34  6.9 1506  27.3  30.1  902  24.9  203  25.9  29.2  24.8  92.8  81.0  903  33.4   2.2   1.6 -9.00 1002.0 1007.7 1008.7 2213 1006.6 1448  7.1  1.8 13.1 -9.0  9.05  1.59 1200   38.4   -9.0 -9.00   20.3 1133    8.9 1154   -9.0   -9   -9.0   -9   -9.0   -9 -99.0 -99.0 -99.0 -99.0 -99.0
20260828 252  1.4  1193  23  3.7 1417  23  7.3 1425  27.9  31.5 1411  25.6  627  25.3  28.9  25.7  86.3  72.0 1713  32.1   3.9   2.7 -9.00 1003.5 1007.7 1008.6  929 1006.6 1539  6.6  3.3 13.1 -9.0 14.31  2.19 1100    4.4   -9.0 -9.00    3.7 1151    3.7 1241   -9.0   -9   -9.0   -9   -9.0   -9 -99.0 -99.0 -99.0 -99.0 -99.0
20260828 253  0.7   565  20  2.7 1012  18  6.2 1008  26.0  27.4  119  24.9 1026  25.8  27.4  24.8  99.0  99.0    1  33.2   1.2   0.8 -9.00 1003.4 1009.6 1011.5 1009 1008.6 1603  9.6  0.0 13.1 -9.0  2.50  0.69 1500   90.8   -9.0 -9.00   16.8  958    5.7 1302   -9.0   -9   -9.0   -9   -9.0   -9 -99.0 -99.0 -99.0 -99.0 -99.0
20260828 254  0.8   727   9  2.8 1007   9  4.4 1115  25.5  27.2 1319  24.5  146  24.8  27.0  23.7  96.4  89.0  733  31.4   1.5   1.1 -9.00  994.1 1008.8 1009.9 1010 1007.6 1541  8.9  0.3 13.1 -9.0  6.18  0.98 1200   70.1   -9.0 -9.00   29.2 1435   10.0 1434   -9.0   -9   -9.0   -9   -9.0   -9 -99.0 -99.0 -99.0 -99.0 -99.0
20260828 255  0.6   520  23  2.5  614  23  5.4  607  26.9  28.2    1  25.0  613  26.6  27.1  24.1  98.6  90.0    1  34.7   1.4   1.0 -9.00 1002.7 1008.5 1010.2 1000 1007.2 1616  9.5  0.0 13.1 -9.0  3.42  0.65 1500   92.1   -9.0 -9.00   29.5  605   17.7  611   -9.0   -9   -9.0   -9   -9.0   -9 -99.0 -99.0 -99.0 -99.0 -99.0
20260828 257  1.0   851   5  3.5  603   2  6.6  624  26.3  27.2  641  25.6 1724  26.0  27.7  25.0  99.0  90.0  637  33.6   1.4   1.0 -9.00 1008.3 1009.0 1010.7 1051 1007.9 1603  9.4  0.0 13.1 -9.0  4.21  0.54 1300   67.4   -9.0 -9.00   11.7 1625    6.4 1654   -9.0   -9   -9.0   -9   -9.0   -9 -99.0 -99.0 -99.0 -99.0 -99.0
20260828 258  1.8  1515  20  5.8 1337  20  8.6 1335  26.9  30.7 1606  25.7  446  26.0  27.7  25.0  95.4  75.0 1608  33.5   2.1   1.5 -9.00 1008.5 1008.7 1009.8 1004 1007.3 1602  8.9  0.4 13.1 -9.0  6.39  1.20 1400   60.1   -9.0 -9.00   17.1  703    8.2 1745   -9.0   -9   -9.0   -9   -9.0   -9 -99.0 -99.0 -99.0 -99.0 -99.0
20260828 259  0.9   812  20  3.0 1223  23  5.7 1222  27.4  32.2 1203  25.1  658  26.4  29.0  24.6  95.0  74.0 1204  34.5   3.3   2.3 -9.00 1006.1 1007.9 1009.3 2149 1006.7 1559  8.0  1.9 13.0 -9.0 12.74  3.40 1100   58.3   -9.0 -9.00   27.6  622    9.3  645   -9.0   -9   -9.0   -9   -9.0   -9 -99.0 -99.0 -99.0 -99.0 -99.0
20260828 260  1.1   913  18  4.2 1134  20  9.1 1127  27.1  29.3 1207  26.0  714  25.9  28.4  23.7  93.3  87.0 1210  33.4  -9.0  -9.0 -9.00 1003.0 1008.0 1009.4 2211 1006.9 1456  8.0  0.4 13.1 -9.0 -9.00 -9.00   -9   55.0   -9.0 -9.00   23.8  634   13.4  702   -9.0   -9   -9.0   -9   -9.0   -9 -99.0 -99.0 -99.0 -99.0 -99.0
20260828 261  1.9  1638  20  5.3 1318  20  7.6 1314  27.9  31.2 1306  25.9  527  26.1  29.9  20.6  90.1  78.0 1252  33.8  -9.0  -9.0 -9.00 1006.4 1008.3 1009.6 2204 1007.1 1606  8.5  3.3 13.0 -9.0 -9.00 -9.00   -9    9.1   -9.0 -9.00    4.6  556    3.1  603   -9.0   -9   -9.0   -9   -9.0   -9 -99.0 -99.0 -99.0 -99.0 -99.0
20260828 262  1.7  1449  20  5.6 1357  20 10.1 1353  28.1  31.9 1452  26.0  420  25.6  29.7  26.7  87.4  69.0 1455  32.8   4.0   2.8 -9.00 1002.4 1008.2 1009.4 2218 1007.0 1552  8.1  2.9 13.0 -9.0 13.99  2.72 1300   18.0   -9.0 -9.00    7.0  131    5.6  137   -9.0   -9   -9.0   -9   -9.0   -9 -99.0 -99.0 -99.0 -99.0 -99.0
20260828 263  0.3   259  20  2.1 2229  23  3.6 2222  25.7  27.1 1433  24.7 1025  25.3  29.2  25.5  98.4  91.0 1428  32.3   1.6   1.1 -9.00 1007.1 1008.7 1010.5  952 1007.6 1553  9.5  0.0 13.1 -9.0  4.14  0.90 1300   46.7   -9.0 -9.00   19.5  923    7.2  927   -9.0   -9   -9.0   -9   -9.0   -9 -99.0 -99.0 -99.0 -99.0 -99.0
20260828 264  0.6   560  11  2.3 1304  11  3.6 1259  25.7  28.4 1358  24.1 2330  25.1  28.0  23.8  96.8  90.0 1400  31.9   1.7   1.2 -9.00  991.6 1008.8 1010.1  926 1007.4 1548  8.9  0.0 13.1 -9.0  6.62  1.16 1300   26.5   -9.0 -9.00    7.6 1734    3.7 1800   -9.0   -9   -9.0   -9   -9.0   -9 -99.0 -99.0 -99.0 -99.0 -99.0
20260828 266  0.8   719   9  2.7  513  29  5.0  821  26.4  27.5    1  25.1  527  26.3  26.8  25.4 100.0  91.0    1  34.2   1.2   0.9 -9.00  999.0 1008.9 1010.2  954 1007.8 1600  9.3  0.0 13.1 -9.0  3.11  0.87 1100  123.7   -9.0 -9.00   24.4  417   14.4  415   -9.0   -9   -9.0   -9   -9.0   -9 -99.0 -99.0 -99.0 -99.0 -99.0
20260828 268  1.4  1224  20  3.4 1614  18  6.6  940  27.7  30.7 1637  26.2 2352  25.7  31.7  25.7  89.4  74.0 1640  33.0  -9.0  -9.0 -9.00 1005.5 1006.6 1007.8 2204 1005.6 1612  6.9  4.1 13.0 -9.0 -9.00 -9.00   -9   30.6   -9.0 -9.00   14.1 1107   10.2 1157   -9.0   -9   -9.0   -9   -9.0   -9 -99.0 -99.0 -99.0 -99.0 -99.0
20260828 271  0.8   723  14  2.7  700  14  5.3  652  23.4  25.1 1233  22.1 2112  21.6  24.9  21.9  90.4  77.0  827  25.9  -9.0  -9.0 -9.00  973.3 1009.9 1011.5 1020 1009.1 1557 10.0  0.0 13.1 -9.0 -9.00 -9.00   -9   27.6   -9.0 -9.00    4.8 1639    1.7 1015   -9.0   -9   -9.0   -9   -9.0   -9 -99.0 -99.0 -99.0 -99.0 -99.0
20260828 272  0.9   742  32  2.3 2154  32  3.6 2146  23.5  24.9  654  22.5 1856  23.1  25.7  22.6  98.4  88.0 1125  28.4  -9.0  -9.0 -9.00  985.5 1009.5 1011.4 1032 1008.6    1  9.8  0.0 13.1 -9.0 -9.00 -9.00   -9   47.4   -9.0 -9.00   16.1 1628    4.8 1711   -9.0   -9   -9.0   -9   -9.0   -9 -99.0 -99.0 -99.0 -99.0 -99.0
20260828 273  0.6   477  11  2.0 1105   9  3.8 1100  24.3  25.8 1143  23.3 2027  23.8  25.7  21.6  97.5  88.0 1146  29.4  -9.0  -9.0 -9.00  988.9 1008.5 1010.0 1032 1007.3 1811  9.9  0.0 13.1 -9.0 -9.00 -9.00   -9   71.6   -9.0 -9.00   21.6 1651    7.0 1738   -9.0   -9   -9.0   -9   -9.0   -9 -99.0 -99.0 -99.0 -99.0 -99.0
20260828 276  0.8   666  16  2.9 1241  14  5.0 1222  24.9  27.6 1220  23.6 2217  24.4  26.1  23.3  97.8  82.0 1157  30.5   1.9   1.3 -9.00  985.3 1008.9 1010.2 1000 1007.7 1817  9.9  0.0 13.1 -9.0  5.38  1.07 1100   38.4   -9.0 -9.00   10.4 1845    3.2 1903   -9.0   -9   -9.0   -9   -9.0   -9 -99.0 -99.0 -99.0 -99.0 -99.0
20260828 277  1.9  1682   2  5.6  452   5  9.0  446  23.8  26.8 1022  22.7  714  22.9  26.9  23.0  95.4  83.0 1023  27.9  -9.0  -9.0 -9.00 1005.0 1009.7 1011.3 1041 1008.5 2354 10.0  0.3 13.1 -9.0 -9.00 -9.00   -9   48.1   -9.0 -9.00   17.2 1614    4.6 1656   -9.0   -9   -9.0   -9   -9.0   -9 -99.0 -99.0 -99.0 -99.0 -99.0
20260828 278  0.5   415  29  1.5 1238  20  2.5 1045  25.4  27.5 1032  24.0  152  25.0  27.5  23.4  97.9  80.0 1033  31.6  -9.0  -9.0 -9.00  998.7 1007.9 1009.3 1000 1006.5 1817  9.8  0.0 13.1 -9.0 -9.00 -9.00   -9   44.0   -9.0 -9.00   14.4 1223    4.4 1236   -9.0   -9   -9.0   -9   -9.0   -9 -99.0 -99.0 -99.0 -99.0 -99.0
20260828 279  0.6   559  11  2.9 1241  14  5.1 1251  25.7  27.5 1244  24.5   46  24.3  27.4  24.0  92.5  85.0  911  30.4   1.3   0.9 -9.00 1002.8 1008.4 1009.8  948 1007.2 1621  9.9  0.0 13.1 -9.0  3.82  1.27 1200   35.8   -9.0 -9.00   12.0 1735    4.0 1814   -9.0   -9   -9.0   -9   -9.0   -9 -99.0 -99.0 -99.0 -99.0 -99.0
20260828 281  1.2  1071  11  3.0  938  14  4.6  929  25.0  27.2 1411  23.9 2302  24.4  27.5  23.5  96.8  86.0  826  30.5  -9.0  -9.0 -9.00  998.5 1009.5 1011.0 1022 1008.4 1551  9.1  0.2 13.1 -9.0 -9.00 -9.00   -9   12.8   -9.0 -9.00    4.9 1141    1.5 1141   -9.0   -9   -9.0   -9   -9.0   -9 -99.0 -99.0 -99.0 -99.0 -99.0
20260828 283  1.8  1583  36  4.3  933  36  6.1  759  25.4  27.2 1430  24.4 1954  24.3  27.8  23.7  94.4  86.0  811  30.4   1.8   1.2 -9.00 1004.9 1009.5 1011.2 1109 1008.4 1608  8.9  0.0 13.1 -9.0  5.85  0.96 1200   18.8   -9.0 -9.00   12.9 1102    3.8 1130   -9.0   -9   -9.0   -9   -9.0   -9 -99.0 -99.0 -99.0 -99.0 -99.0
20260828 284  0.9   759  14  2.5 1320  29  4.0 1926  25.1  27.1 1243  23.3 2355  23.9  27.4  22.7  93.6  88.0  931  29.7   1.6   1.1 -9.00  983.0 1008.7 1010.0  942 1007.1 1606  9.1  0.0 13.1 -9.0  6.37  1.10 1300    9.5   -9.0 -9.00    3.6 1648    1.5 1715   -9.0   -9   -9.0   -9   -9.0   -9 -99.0 -99.0 -99.0 -99.0 -99.0
20260828 285  0.4   367  27  1.3  700  25  3.1  705  25.8  27.5 1314  24.5  118  25.3  28.0  24.9  97.6  89.0 1302  32.3  -9.0  -9.0 -9.00 1005.8 1008.8 1010.6  959 1007.5 1620  9.0  0.0 13.1 -9.0 -9.00 -9.00   -9   35.1   -9.0 -9.00   15.0  650    6.2  658   -9.0   -9   -9.0   -9   -9.0   -9 -99.0 -99.0 -99.0 -99.0 -99.0
20260828 288  1.0   841  16  2.9  741  16  5.0 1421  26.3  28.0 1324  24.9  803  25.3  26.3  26.2  94.6  87.0 1327  32.2   1.5   1.1 -9.00 1006.5 1007.4 1009.1 1010 1006.2 1623  9.3  0.0 13.1 -9.0  5.09  1.03 1300   49.0   -9.0 -9.00   16.4 2234    6.2 2235   -9.0   -9   -9.0   -9   -9.0   -9 -99.0 -99.0 -99.0 -99.0 -99.0
20260828 289  0.6   489   5  3.2 1407   5  5.6 1406  25.3  26.9 1339  24.3  702  24.9  27.4  24.0  98.6  91.0 1350  31.5  -9.0  -9.0 -9.00  993.8 1009.5 1011.0  922 1008.0 1611  9.4  0.0 13.1 -9.0 -9.00 -9.00   -9   64.8   -9.0 -9.00   30.8  613   12.2  621   -9.0   -9   -9.0   -9   -9.0   -9 -99.0 -99.0 -99.0 -99.0 -99.0
20260828 294  1.0   846  32  4.1 2102   7  8.4 1655  26.3  27.7 1414  25.1  530  25.0  28.4  25.0  93.1  86.0  150  31.7  -9.0  -9.0 -9.00 1004.2 1009.3 1010.8 1021 1008.0 1625  8.6  0.0 13.1 -9.0 -9.00 -9.00   -9   74.1   -9.0 -9.00   20.0 1639    9.3  927   -9.0   -9   -9.0   -9   -9.0   -9 -99.0 -99.0 -99.0 -99.0 -99.0
20260828 295  1.1   928  29  2.8  919  20  6.2 1501  26.6  28.3 1440  25.5  816  25.3  28.0  24.6  92.8  84.0 1504  32.3  -9.0  -9.0 -9.00 1003.5 1008.7 1010.0  957 1007.4 1604  8.5  0.0 13.1 -9.0 -9.00 -9.00   -9   65.4   -9.0 -9.00   19.5  637    6.2  711   -9.0   -9   -9.0   -9   -9.0   -9 -99.0 -99.0 -99.0 -99.0 -99.0
20260828 296  1.1   923  20  4.1  644  20  7.0  637  26.4  27.3 1547  25.3  649  25.6  27.5  24.5  95.9  92.0  626  32.9   1.3   0.9 -9.00 1007.8 1008.1 1010.0 1011 1007.1 1556  9.5  0.0 13.1 -9.0  3.67  0.71 1500  114.4   -9.0 14.92   23.7  632   15.3  643   -9.0   -9   -9.0   -9   -9.0   -9 -99.0 -99.0 -99.0 -99.0 -99.0
20260829  90  2.0  1710  29  3.6  437  34  7.5  442  23.3  24.8 1508  21.9  556  21.0  25.2  22.3  87.5  80.0 1753  25.0   1.7   1.2 -9.00 1005.3 1007.3 1008.9    1 1006.3 1548  9.4  0.0 13.2 -9.0  5.44  0.85  900    1.9   -9.0 -9.00    1.3  325    0.6  341   -9.0   -9   -9.0   -9   -9.0   -9 -99.0 -99.0 -99.0 -99.0 -99.0
20260829  93  0.7   562  34  3.4 1617  34  5.4 1616  25.2  29.2 1554  23.1  637  22.3  27.2  23.6  85.0  65.0 1846  27.0   2.5   1.7 -9.00  996.4 1007.2 1008.8 2338 1005.6 1455  9.4  1.8 13.1 -9.0  8.62  2.39 1200    0.0    1.0  0.67    0.4 2330    0.2   -9   -9.0   -9   -9.0   -9   -9.0   -9  28.0  27.6  26.0  22.7  19.5
20260829  95  0.9   768  25  2.6 2135  25  4.9   46  22.2  25.4 1551  20.7  853  21.5  24.9  22.6  96.4  82.0 1545  25.7   1.6   1.1 -9.00  990.4 1008.2 1009.6 2141 1007.1 1528  9.5  0.8 13.2 -9.0  5.38  1.43 1300    2.1    0.2 -9.00    1.8  754    0.8  841   -9.0   -9   -9.0   -9   -9.0   -9 -99.0 -99.0 -99.0 -99.0 -99.0
20260829  98  0.6   497  34  1.4 1514  29  4.6  942  24.1  29.1 1449  21.7  858  20.0  27.9  22.8  78.8  57.0 1432  23.3   3.1   2.2 -9.00  994.1 1007.2 1008.7 2350 1006.2 1423  9.3  2.3 13.1 -9.0 11.73  2.46 1300    1.6   -9.0 -9.00    0.8  752    0.6  841   -9.0   -9   -9.0   -9   -9.0   -9 -99.0 -99.0 -99.0 -99.0 -99.0
20260829  99  1.2   996   9  2.9  116   9  4.8  114  23.8  28.0 1512  22.0 2346  21.4  27.5  22.7  87.1  67.0 1516  25.5   2.9   2.0 -9.00 1004.5 1008.0 1009.3 2120 1007.1 1556  9.0  0.7 13.1 -9.0 11.06  2.09 1200    0.4   -9.0 -9.00    0.2   -9    0.2   -9   -9.0   -9   -9.0   -9   -9.0   -9 -99.0 -99.0 -99.0 -99.0 -99.0
20260829 100  2.6  2219  27  5.3 1148  25  9.5 1557  21.3  26.3 1614  19.1 2147  19.9  23.6  19.1  92.6  71.0 1126  23.3   3.4   2.4 -9.00  921.7 1006.7 1009.0    1 1004.2 1611  8.3  4.2 13.1 -9.0 13.62  2.31  900    0.1   -9.0 -9.00    0.1   -9    0.1   -9   -9.0   -9   -9.0   -9   -9.0   -9 -99.0 -99.0 -99.0 -99.0 -99.0
20260829 101  1.0   886  29  3.1 1702  16  6.6 1223  25.3  30.6 1451  23.2  558  21.5  27.7  22.4  80.4  60.0 1507  25.7   3.0   2.1 -9.00  997.5 1006.1 1007.8 2329 1004.2 1448  9.4  1.1 13.1 -9.0  9.87  2.10 1200    0.0    0.3 -9.00    0.0   -9    0.0   -9   -9.0   -9   -9.0   -9   -9.0   -9  28.0  26.2  24.6  20.1  16.6
20260829 102  1.6  1373  36  3.7  531  36  5.0  533  22.1  24.2 1137  20.6 2346  20.2  23.9  21.1  89.4  75.0 1123  23.7   1.9   1.3 -9.00 1003.1 1007.3 1008.7 2137 1006.4 1627  9.6  0.0 13.1 -9.0  7.14  0.98  900    0.4   -9.0  5.33    0.2 1156    0.2 1246   -9.0   -9   -9.0   -9   -9.0   -9 -99.0 -99.0 -99.0 -99.0 -99.0
20260829 104  1.3  1089  32  3.4 1500  32  6.9 1452  23.5  26.7 1415  21.8    2  22.4  25.8  21.5  93.9  83.0 1416  27.0   2.4   1.7 -9.00  997.8 1006.4 1008.5   11 1005.1 1431  8.9  1.0 13.1 -9.0  9.57  1.82  900    0.1    0.0  0.67    0.1   -9    0.1   -9   -9.0   -9   -9.0   -9   -9.0   -9  26.3  25.7  24.3  20.2  16.0
20260829 105  1.4  1218  29  4.5 1639   9  7.1 1741  23.8  26.8 1436  22.2   10  21.5  26.2  22.6  87.8  74.0 1444  25.7   2.7   1.9 -9.00 1004.1 1007.2 1009.2    1 1006.0 1431  8.1  0.9 13.1 -9.0  9.32  1.77  900    1.1   -9.0 -9.00    0.9 2223    0.9 2313   -9.0   -9   -9.0   -9   -9.0   -9  27.0  25.9  25.1  20.4  17.1
20260829 106  2.2  1931  36  6.0 1513   2 10.3 1506  24.5  27.8 1124  22.8  547  22.7  27.6  22.1  90.8  78.0 1133  27.7   4.0   2.8 -9.00 1002.5 1007.1 1009.3    1 1005.9 1439  7.9  4.1 13.1 -9.0 16.81  2.81 1100    2.7   -9.0 -9.00    1.7 2301    0.8 2334   -9.0   -9   -9.0   -9   -9.0   -9 -99.0 -99.0 -99.0 -99.0 -99.0
20260829 108  2.1  1850  36  4.2 1642  32  7.1 1616  27.0  31.3 1553  25.2 2333  21.5  28.3  23.2  72.8  56.0 1545  25.8   5.5   3.8 -9.00  997.3 1007.0 1008.4 2359 1005.6 1551  7.6  4.5 13.1 -9.0 18.30  2.82 1200   -9.0    0.0 -9.00   -9.0   -9   -9.0   -9   -9.0   -9   -9.0   -9   -9.0   -9  27.7  26.2  25.6  21.3  16.6
20260829 112  2.2  1916  25  4.0 1422  23  6.1 1353  26.9  30.2 1513  25.1 2400  22.9  30.3  23.6  79.8  53.0 1604  28.1   5.2   3.6 -9.00  999.3 1007.1 1008.3 2400 1006.1 1528  6.6  6.3 13.1 -9.0 19.51  3.09 1300    0.0    0.0  0.08    0.0   -9    0.0   -9   -9.0   -9   -9.0   -9   -9.0   -9  27.1  25.9  24.1  20.4  16.2
20260829 114  1.3  1082  23  2.9 1600  20  5.6 1526  26.8  31.2 1416  22.8  438  22.9  28.3  23.8  80.1  65.0 1419  27.9   3.7   2.6 -9.00  989.6 1006.5 1008.2    1 1004.9 1536  8.0  2.0 13.1 -9.0 13.04  2.41 1100    1.0   -9.0 -9.00    0.6  614    0.4  659   -9.0   -9   -9.0   -9   -9.0   -9 -99.0 -99.0 -99.0 -99.0 -99.0
20260829 115  2.7  2313  23  6.0  929  25 11.2 1303  25.8  29.7 1455  22.5  248  23.3  26.9  21.9  86.5  72.0 1445  28.7   5.2   3.6  6.33  981.5 1006.3 1009.9    8 1005.0 1445  6.8  8.0 13.1 -9.0 19.69  2.93 1200   59.6    0.0  7.42   19.9  122    4.6  143   -9.0   -9   -9.0   -9   -9.0   -9  25.0  23.9  22.8  15.9  13.9
20260829 119  1.8  1526  29  4.0 1228  32  7.5 1342  26.9  30.6 1434  24.7  453  21.9  30.0  23.7  75.4  56.0 1659  26.4   5.5   3.8 -9.00 1002.2 1006.7 1007.9 2124 1005.4 1550  7.8  6.4 13.1 -9.0 19.06  2.57 1400   -9.0    0.0 -9.00   -9.0   -9   -9.0   -9   -9.0   -9   -9.0   -9   -9.0   -9  27.5  26.0  24.5  20.1  16.6
20260829 121  0.8   710  18  3.1 1236  25  5.1 1541  25.4  31.3 1517  21.9  322  23.0  28.9  15.8  87.4  63.0 1520  28.1   3.5   2.5 -9.00  980.2 1007.3 1009.4    1 1005.2 1517  8.1  2.1 13.1 -9.0 13.36  2.33 1200    3.3   -9.0 -9.00    1.9  244    0.5  259   -9.0   -9   -9.0   -9   -9.0   -9 -99.0 -99.0 -99.0 -99.0 -99.0
20260829 127  0.7   624  20  3.0 1452  23  6.7 1444  26.4  31.1 1443  23.3   43  23.3  27.5  23.5  84.3  63.0 1445  28.6   3.0   2.1 -9.00  993.2 1006.1 1007.5    1 1004.6 1506  8.0  1.5 13.1 -9.0 10.92  1.98 1400   42.3   -9.0 -9.00   18.0  207    4.3  244   -9.0   -9   -9.0   -9   -9.0   -9 -99.0 -99.0 -99.0 -99.0 -99.0
20260829 129  1.2  1024  32  3.2 1549  34  4.8 1550  26.3  30.3 1045  23.9 2339  24.3  28.3  22.5  89.3  68.0 1053  30.4   3.2   2.2 -9.00 1004.6 1007.5 1008.6 2059 1006.4 1512  8.5  1.6 13.1 -9.0 11.13  2.19 1000    0.4    0.5 -9.00    0.1   -9    0.1   -9   -9.0   -9   -9.0   -9   -9.0   -9  27.4  25.9  24.4  20.1  17.0
20260829 130  1.2  1015   7  3.5 1207   5  5.4 1514  25.2  27.7 1053  23.1  220  24.0  28.0  22.4  93.6  81.0 1533  29.8  -9.0  -9.0 -9.00 1001.4 1007.0 1008.6 2246 1006.0 1418  8.9  5.4 13.1 -9.0 -9.00 -9.00   -9    1.6   -9.0 -9.00    0.9  452    0.5  500   -9.0   -9   -9.0   -9   -9.0   -9 -99.0 -99.0 -99.0 -99.0 -99.0
20260829 131  0.9   806  29  2.3 2226  27  4.8 2220  27.3  32.4 1356  25.0  946  24.0  29.2  25.8  82.8  63.0 1352  29.9   3.9   2.8 -9.00 1000.0 1006.6 1007.8 2347 1005.1 1533  8.8  2.8 13.1 -9.0 14.93  3.32 1300   18.1   18.9  9.18   11.5  856    4.2  913   -9.0   -9   -9.0   -9   -9.0   -9 -99.0 -99.0 -99.0 -99.0 -99.0
20260829 133  1.7  1442  20  5.3 1507  20  8.0 1500  26.5  29.8 1405  24.7  721  25.1  28.5  25.3  92.6  77.0 1253  31.9   3.0   2.1 -9.00  999.7 1007.3 1008.4 2332 1006.1 1651  8.8  2.1 13.1 -9.0 11.67  1.78 1200   12.1   27.6 10.18    4.2 1040    3.8 1809   -9.0   -9   -9.0   -9   -9.0   -9  29.2  28.3  26.5  22.4  18.4
20260829 135  1.2  1023  27  5.0 1242  27  7.7 1236  24.7  29.2 1212  22.7  450  23.1  26.4  22.6  91.5  72.0 1214  28.2   3.4   2.4 -9.00  979.6 1007.1 1008.4    1 1006.0 1707  8.6  2.9 13.1 -9.0 12.93  2.37 1200   27.1   -9.0 -9.00   17.4 2301    8.4 2339   -9.0   -9   -9.0   -9   -9.0   -9 -99.0 -99.0 -99.0 -99.0 -99.0
20260829 136  1.1   937  27  3.0 1239  29  5.9 1234  25.7  28.7 1207  23.1  136  23.9  28.6  23.0  90.4  79.0 1210  29.7   3.0   2.1 -9.00  992.0 1007.9 1009.6    1 1006.6 1632  8.6  2.6 13.1 -9.0 12.51  2.36 1400   16.2   41.8  5.42    9.9 2050    4.2 2115   -9.0   -9   -9.0   -9   -9.0   -9 -99.0 -99.0 -99.0 -99.0 -99.0
20260829 137  0.7   606  23  2.6 1623  36  5.1 1221  26.0  30.7 1509  23.2  436  24.4  29.1  22.2  92.0  75.0 1513  30.5   3.3   2.3 -9.00  995.4 1006.3 1007.9    6 1004.9 1509  8.4  2.6 13.1 -9.0 12.96  2.50 1300   10.1   -9.0 -9.00    5.4 1221    4.0 1226   -9.0   -9   -9.0   -9   -9.0   -9 -99.0 -99.0 -99.0 -99.0 -99.0
20260829 138  2.5  2143  27  4.5 1014  25  8.8 1017  27.7  32.0 1335  24.7    1  23.9  28.9  24.4  80.6  58.0 1420  29.6   4.4   3.1 -9.00 1006.0 1006.4 1008.3    1 1004.9 1501  7.9  4.2 13.1 -9.0 15.15  2.52 1300    2.0    6.0  1.83    2.0 1630    1.0 1639   -9.0   -9   -9.0   -9   -9.0   -9  26.7  24.2  22.9  19.5  17.1
20260829 140  2.3  1947  34  5.3 2359  29  9.7  428  26.5  30.1 1505  24.1  540  24.9  28.6  22.9  91.5  80.0 1513  31.5  -9.0  -9.0 -9.00 1005.1 1008.3 1009.3 2107 1007.2 1522  8.9  2.8 13.1 -9.0 -9.00 -9.00   -9  121.3   -9.0 -9.00   31.9 2008   13.0 2040   -9.0   -9   -9.0   -9   -9.0   -9 -99.0 -99.0 -99.0 -99.0 -99.0
20260829 143  1.0   822  29  2.9 1359  25  4.8 1529  26.6  30.3 1335  25.0  116  24.5  28.9  24.5  88.5  69.0 1247  30.7   2.8   1.9 -9.00 1000.6 1006.7 1008.2    1 1005.5 1500  9.1  1.1 13.1 -9.0 10.62  1.84 1200    3.0   -9.0  3.50    2.1 1505    1.2 1525   -9.0   -9   -9.0   -9   -9.0   -9 -99.0 -99.0 -99.0 -99.0 -99.0
20260829 146  1.5  1317  32  4.3  623  32  6.9  619  26.8  29.8 1724  24.4  700  24.7  29.1  24.4  88.9  78.0 1731  31.2   2.5   1.8 -9.00 1000.8 1007.6 1008.4  703 1006.4 1659  8.3  1.8 13.1 -9.0  9.12  1.42  900   48.3   76.0  6.83   30.3 1234    8.8 1323   -9.0   -9   -9.0   -9   -9.0   -9 -99.0 -99.0 -99.0 -99.0 -99.0
20260829 152  1.6  1401  23  4.5 1046  23  7.8 1122  27.2  31.8 1308  24.6  432  24.2  29.2  24.1  85.1  60.0 1142  30.2   3.7   2.6 -9.00  997.4 1006.5 1008.2    1 1005.0 1500  7.9  4.9 13.1 -9.0 14.22  2.55 1100   15.5   -9.0  3.97    8.7 1832    3.6 1835   -9.0   -9   -9.0   -9   -9.0   -9 -99.0 -99.0 -99.0 -99.0 -99.0
20260829 155  1.3  1116  18  4.2 1135  20  7.7 1112  27.8  32.4 1235  25.7   26  25.9  29.5  25.0  90.3  70.0 1237  33.4   3.4   2.4 -9.00 1003.6 1007.6 1008.9    1 1006.5 1604  7.9  4.4 13.0 -9.0 12.99  2.55 1000    3.3   -9.0  1.77    2.3   -9    1.5 1505   -9.0   -9   -9.0   -9   -9.0   -9 -99.0 -99.0 -99.0 -99.0 -99.0
20260829 156  1.7  1429  18  3.5 1006   2  6.1 1154  26.9  30.8 1056  25.5  257  25.4  28.4  25.0  91.6  80.0 1418  32.4   3.6   2.5 -9.00 1000.0 1007.9 1008.8    1 1006.6 1645  7.6  2.8 13.0 -9.0 14.02  2.67 1000   23.8   -9.0  4.67   10.9 1121    7.8 1204   -9.0   -9   -9.0   -9   -9.0   -9 -99.0 -99.0 -99.0 -99.0 -99.0
20260829 159  3.9  3401  25  7.6 1457  25 11.5 1741  27.9  31.3 1344  25.6    1  24.8  28.6  23.3  83.6  70.0 1333  31.2   5.4   3.8 -9.00  999.4 1007.2 1008.6    1 1005.9 1518  8.4  3.6 13.0 -9.0 16.72  2.70 1300    0.9    0.4  4.03    0.5  230    0.3 1151   -9.0   -9   -9.0   -9   -9.0   -9  27.9  27.8  26.3  21.2  19.3
20260829 162  3.6  3144  23  8.8 1334  20 12.4 1333  28.5  31.4 1253  26.6  707  25.4  30.0  26.1  83.4  68.0 1242  32.4   5.4   3.8 -9.00 1003.6 1007.1 1008.2   10 1005.9 1621  5.6  5.0 13.0 -9.0 18.09  3.09 1200    2.9   -9.0 -9.00    2.1  625    1.1  628   -9.0   -9   -9.0   -9   -9.0   -9 -99.0 -99.0 -99.0 -99.0 -99.0
20260829 165  2.6  2218  23  5.0 1143  20  7.7 1039  28.0  30.9 1316  26.1  535  25.9  31.1  25.0  88.8  76.0 1319  33.4   5.0   3.5 -9.00 1003.0 1008.0 1009.0    1 1007.2 1501  6.1  6.6 13.0 -9.0 20.49  2.85 1200    3.0   19.8  2.92    2.2  438    2.0  528   -9.0   -9   -9.0   -9   -9.0   -9  28.9  26.6  25.6  22.0  18.5
20260829 168  5.2  4504  23  9.4 1351  25 11.9 1349  28.4  30.4 1232  27.1  623  26.0  30.3  26.6  87.0  76.0 1257  33.5   5.8   4.0 -9.00 1000.6 1008.0 1009.1    1 1006.7 1632  5.6  5.3 13.0 -9.0 19.79  3.33 1200    0.0    0.0  0.58    0.0   -9    0.0   -9   -9.0   -9   -9.0   -9   -9.0   -9  30.0  28.0  25.9  21.1  17.4
20260829 169  2.9  2490  16  6.1 1256  18  8.2 1251  27.7  31.7 1218  26.0  710  25.8  29.1  26.3  90.0  71.0 1226  33.2   3.7   2.6 -9.00  999.3 1007.7 1008.5    1 1006.9 1536  6.5  3.9 13.0 -9.0 13.94  2.20 1000   19.2   -9.0  6.32    7.2 1256    3.0  950   -9.0   -9   -9.0   -9   -9.0   -9 -99.0 -99.0 -99.0 -99.0 -99.0
20260829 170  1.6  1384  25  4.8 1414  32  8.4 1405  28.2  31.9 1037  25.7  540  25.7  30.7  25.7  86.8  70.0 1151  32.9   4.7   3.3 -9.00 1004.2 1008.2 1009.3    1 1007.3 1521  5.0  6.1 13.0 -9.0 17.59  2.48 1000    1.4   -9.0 -9.00    1.4 1401    1.4 1410   -9.0   -9   -9.0   -9   -9.0   -9 -99.0 -99.0 -99.0 -99.0 -99.0
20260829 172  1.9  1679  27  4.8 1030  27  6.8 1023  27.4  30.2 1528  25.7 1039  26.7  29.7  25.3  96.9  78.0 1600  35.1   3.1   2.2 -9.00 1001.7 1007.6 1008.4 1032 1006.6 1645  8.5  1.6 13.0 -9.0 12.96  2.31 1300   16.5   -9.0 -9.00   15.7  954    7.4 1027   -9.0   -9   -9.0   -9   -9.0   -9 -99.0 -99.0 -99.0 -99.0 -99.0
20260829 174  0.6   549  18  4.7 1629  20  7.0 1624  25.5  29.1 1226  23.9  404  24.0  28.5  23.8  92.3  74.0 1057  29.9  -9.0  -9.0 -9.00  988.0 1006.6 1007.8    1 1005.3 1532  7.3  2.3 13.0 -9.0 -9.00 -9.00   -9   37.1   -9.0 -9.00   19.3 1341   13.9 1425   -9.0   -9   -9.0   -9   -9.0   -9 -99.0 -99.0 -99.0 -99.0 -99.0
20260829 177  1.6  1363  20  4.1 1504  20  6.9 1436  27.2  31.5 1435  24.1 2349  24.0  29.0  24.0  83.8  65.0 1446  30.0   4.1   2.8 -9.00 1002.8 1005.9 1007.2 2144 1004.7 1521  8.5  3.4 13.1 -9.0 14.96  2.20 1400   12.0    0.9  3.00   11.6  633    4.7  639   -9.0   -9   -9.0   -9   -9.0   -9 -99.0 -99.0 -99.0 -99.0 -99.0
20260829 181  1.3  1101  16  3.8 1649  18  5.2 1643  25.7  30.8 1541  23.5 2354  24.1  28.8  24.6  91.3  69.0 1346  30.0   3.5   2.5 -9.00 1003.4 1007.2 1008.4 2204 1005.7 1535  8.6  3.2 13.1 -9.0 14.47  2.89 1300   21.1   -9.0 -9.00   16.2  852    6.1  912   -9.0   -9   -9.0   -9   -9.0   -9 -99.0 -99.0 -99.0 -99.0 -99.0
20260829 184  2.3  1966   5  4.3 1433   2  6.2 1426  29.4  32.1 1636  27.1  551  25.2  30.0  26.4  78.8  68.0 1242  32.1   4.3   3.0 -9.00 1005.2 1007.5 1008.4 2254 1006.6 1605  4.0  5.1 13.0 -9.0 12.85  2.03 1100    2.3    0.0  1.38    2.3   -9    1.4   20   -9.0   -9   -9.0   -9   -9.0   -9  30.6  29.1  28.3  25.7  20.0
20260829 185  5.1  4393  16  8.2 1212  16 10.4  315  27.9  30.3 1325  25.8  329  25.5  30.4  25.6  87.4  71.0 1251  32.6   6.3   4.4 -9.00  999.9 1008.0 1008.9    1 1007.1 1540  3.6  9.5 13.0 -9.0 22.87  3.08 1100    1.3   -9.0 -9.00    1.2   -9    1.2  314   -9.0   -9   -9.0   -9   -9.0   -9 -99.0 -99.0 -99.0 -99.0 -99.0
20260829 188  4.0  3452  18  7.2 1402  18 10.1 1408  28.8  31.2 1310  27.1  533  25.5  29.9  26.5  82.8  72.0 1315  32.5  -9.0  -9.0 -9.00 1006.3 1008.6 1009.6 2246 1007.7 1504  3.8  9.3 13.0 -9.0 -9.00 -9.00   -9   -9.0   -9.0 -9.00   -9.0   -9   -9.0   -9   -9.0   -9   -9.0   -9   -9.0   -9 -99.0 -99.0 -99.0 -99.0 -99.0
20260829 189  2.3  1973  18  4.3 1219  23  7.7  703  29.3  32.7 1448  27.2  719  25.8  31.9  27.1  81.9  68.0 1509  33.2   5.9   4.1 -9.00 1002.9 1008.7 1009.8 2225 1008.0 1456  5.9  6.5 13.0 -9.0 20.37  3.31 1100    3.1    2.0  2.68    1.9  711    1.5  802   -9.0   -9   -9.0   -9   -9.0   -9 -99.0 -99.0 -99.0 -99.0 -99.0
20260829 192  0.8   680  23  3.5 1545  25  7.2 1537  25.6  30.1 1046  24.0 2003  24.5  29.4  25.2  93.8  76.0 1048  30.7   3.0   2.1 -9.00 1004.4 1007.8 1009.0    8 1006.3 1616  7.5  3.4 13.0 -9.0 12.32  2.44 1000   26.3   73.4 -9.00   11.9 1129    9.3 1158   -9.0   -9   -9.0   -9   -9.0   -9 -99.0 -99.0 -99.0 -99.0 -99.0
20260829 201  0.9   764  29  3.2 1428  29  5.6 1451  24.6  28.9 1322  22.5 2327  21.7  28.3  22.3  85.3  48.0 1325  26.0  -9.0  -9.0 -9.00 1002.6 1008.1 1009.3 2153 1007.3 1611  8.6  4.0 13.1 -9.0 -9.00 -9.00   -9    0.5   -9.0 -9.00    0.5 2247    0.3 2254   -9.0   -9   -9.0   -9   -9.0   -9 -99.0 -99.0 -99.0 -99.0 -99.0
20260829 202  1.1   979  18  2.7 1042  27  5.5 1418  26.5  32.2 1417  23.5  508  22.1  29.5  23.5  78.4  55.0 1418  26.7  -9.0  -9.0 -9.00 1001.8 1007.2 1008.6    1 1005.8 1601  8.3  2.5 13.1 -9.0 -9.00 -9.00   -9    0.0   -9.0 -9.00    0.0   -9    0.0   -9   -9.0   -9   -9.0   -9   -9.0   -9 -99.0 -99.0 -99.0 -99.0 -99.0
20260829 203  0.9   773  20  2.9 1557  25  6.3 1447  27.0  32.1 1440  23.5  143  23.5  30.2  24.9  82.8  63.0 1449  28.9  -9.0  -9.0 -9.00  998.4 1007.5 1008.9    1 1006.0 1513  8.0  4.9 13.1 -9.0 -9.00 -9.00   -9    0.4   -9.0 -9.00    0.3 -2338    0.2   -9   -9.0   -9   -9.0   -9   -9.0   -9 -99.0 -99.0 -99.0 -99.0 -99.0
20260829 211  0.7   598   5  2.4 2107   5  4.4 2106  23.3  27.8 1616  21.3  449  21.1  26.2  21.3  88.0  70.0 1651  25.1  -9.0  -9.0 -9.00  984.1 1007.0 1008.9 2227 1005.1 1612  9.6  0.2 13.1 -9.0 -9.00 -9.00   -9    0.4   -9.0 -9.00    0.3 2312    0.2 2344   -9.0   -9   -9.0   -9   -9.0   -9 -99.0 -99.0 -99.0 -99.0 -99.0
20260829 212  0.8   729  32  2.8 1728  29  4.9 1724  25.8  30.7 1433  22.7  407  21.7  27.4  22.7  79.4  61.0 1434  26.0  -9.0  -9.0 -9.00  991.4 1007.2 1008.8    1 1005.4 1557  8.9  2.0 13.1 -9.0 -9.00 -9.00   -9   -9.0   -9.0 -9.00   -9.0   -9   -9.0   -9   -9.0   -9   -9.0   -9   -9.0   -9 -99.0 -99.0 -99.0 -99.0 -99.0
20260829 216  0.9   791  18  2.6 1249  23  8.1 1245  23.5  28.2 1536  20.3    2  20.4  24.8  21.1  84.0  58.0 1308  24.0   2.8   2.0 -9.00  928.2 1006.4 1009.3    1 1004.1 1536  8.5  1.3 13.1 -9.0  9.72  1.66 1200    4.0   -9.0 -9.00    2.8  323    1.6  408   -9.0   -9   -9.0   -9   -9.0   -9 -99.0 -99.0 -99.0 -99.0 -99.0
20260829 217  0.8   680  18  3.9 1116  20  8.7 1123  25.0  29.9 1539  21.5   15  22.2  27.1  21.9  85.8  64.0 1154  26.8  -9.0  -9.0 -9.00  971.0 1005.9 1008.6    1 1003.7 1539  8.6  3.6 13.1 -9.0 -9.00 -9.00   -9    1.9   -9.0 -9.00    0.7  300    0.5   34   -9.0   -9   -9.0   -9   -9.0   -9 -99.0 -99.0 -99.0 -99.0 -99.0
20260829 221  0.9   796  23  3.9 1346  23  6.6 1306  24.9  29.2 1427  21.6  234  22.5  27.5  22.8  88.0  64.0 1432  27.2  -9.0  -9.0 -9.00  977.1 1006.9 1008.9    1 1005.2 1541  7.5  3.4 13.1 -9.0 -9.00 -9.00   -9    3.3   -9.0 -9.00    1.8  212    0.8  251   -9.0   -9   -9.0   -9   -9.0   -9 -99.0 -99.0 -99.0 -99.0 -99.0
20260829 226  0.9   777  18  3.7 1631  18  6.1 1610  25.2  29.7 1441  23.6  105  24.2  28.3  23.4  95.1  73.0 1418  30.3  -9.0  -9.0 -9.00  988.1 1007.5 1008.5 2133 1006.1 1440  8.6  2.0 13.1 -9.0 -9.00 -9.00   -9   22.8   -9.0 -9.00   11.9 2248    3.9 2329   -9.0   -9   -9.0   -9   -9.0   -9 -99.0 -99.0 -99.0 -99.0 -99.0
20260829 232  0.7   609  27  2.4 1502  27  5.9 1455  26.4  30.9 1439  23.8 2344  24.6  29.6  23.4  91.0  69.0 1307  30.9  -9.0  -9.0 -9.00  998.2 1007.8 1009.0 2140 1006.3 1539  8.0  3.8 13.1 -9.0 -9.00 -9.00   -9    7.2   -9.0 -9.00    3.7  730    2.6  802   -9.0   -9   -9.0   -9   -9.0   -9 -99.0 -99.0 -99.0 -99.0 -99.0
20260829 235  2.0  1749  18  5.1 1334  23  7.1 1257  27.3  31.6 1457  25.4 2344  25.3  30.0  25.0  89.3  71.0 1507  32.2   4.5   3.1 -9.00 1005.7 1006.8 1007.8 2320 1005.8 1555  8.6  4.6 13.1 -9.0 17.73  3.37 1300    7.6   -9.0 -9.00    6.0 2256    2.0 2339   -9.0   -9   -9.0   -9   -9.0   -9 -99.0 -99.0 -99.0 -99.0 -99.0
20260829 236  0.8   700  20  3.0 1530  18  5.6 1421  26.3  30.1 1618  24.4 2337  25.1  29.5  24.6  93.3  78.0 1308  31.8  -9.0  -9.0 -9.00 1006.2 1007.7 1008.9 2130 1006.6 1541  8.6  1.8 13.1 -9.0 -9.00 -9.00   -9   21.4   -9.0 -9.00    8.9 2301    5.3 2328   -9.0   -9   -9.0   -9   -9.0   -9 -99.0 -99.0 -99.0 -99.0 -99.0
20260829 238  0.6   513  20  2.5 1255  14  5.2 1357  25.6  29.9 1340  24.0  741  24.8  27.5  23.8  96.0  74.0 1342  31.3  -9.0  -9.0 -9.00  988.0 1007.2 1008.0 2321 1006.0 1710  9.1  1.7 13.1 -9.0 -9.00 -9.00   -9   45.2   -9.0 -9.00   28.9 2237    9.2 2312   -9.0   -9   -9.0   -9   -9.0   -9 -99.0 -99.0 -99.0 -99.0 -99.0
20260829 239  0.8   705  32  2.3 1004  23  4.3 1600  26.5  31.4 1413  24.5    1  24.9  30.1  24.9  91.5  66.0 1418  31.5   3.3   2.3 -9.00  996.5 1006.6 1007.9 2359 1005.0 1602  8.1  2.9 13.1 -9.0 14.05  3.09 1300   14.2   -9.0 -9.00    8.1 2246    2.8 2258   -9.0   -9   -9.0   -9   -9.0   -9 -99.0 -99.0 -99.0 -99.0 -99.0
20260829 243  1.2  1064  27  3.2 1200  27  5.7 1425  27.8  31.4 1513  25.0  600  24.6  29.5  24.3  83.4  65.0 1514  30.9  -9.0  -9.0 -9.00 1006.4 1007.8 1008.6 2141 1006.7 1719  8.3  3.0 13.0 -9.0 -9.00 -9.00   -9   10.9   -9.0 -9.00   10.6  312    7.5  351   -9.0   -9   -9.0   -9   -9.0   -9 -99.0 -99.0 -99.0 -99.0 -99.0
20260829 244  0.9   790  20  3.3 1714  20  4.8 1712  25.5  29.5 1625  24.1    1  24.6  27.9  23.8  95.4  73.0 1625  31.0  -9.0  -9.0 -9.00  979.9 1007.6 1008.7    1 1006.2 1600  8.3  1.7 13.1 -9.0 -9.00 -9.00   -9   20.2   -9.0 -9.00   12.6 1126    4.5 1157   -9.0   -9   -9.0   -9   -9.0   -9 -99.0 -99.0 -99.0 -99.0 -99.0
20260829 245  1.8  1580  23  4.2 1211  23  7.1 1204  27.7  31.3 1500  26.0  330  25.3  30.5  25.0  87.5  71.0 1455  32.3   3.3   2.3 -9.00  999.8 1007.5 1008.4 2117 1006.5 1645  8.0  1.7 13.1 -9.0 12.45  2.59 1400   12.8   -9.0 -9.00    5.9 1013    4.7 1046   -9.0   -9   -9.0   -9   -9.0   -9 -99.0 -99.0 -99.0 -99.0 -99.0
20260829 247  0.6   551  27  2.6 1300  27  5.6 1255  26.1  29.3 1149  24.1  121  24.8  27.8  23.6  93.9  76.0 1150  31.4  -9.0  -9.0 -9.00  992.6 1007.7 1008.8    1 1006.5 1551  8.3  0.9 13.0 -9.0 -9.00 -9.00   -9   20.8   -9.0 -9.00    8.6 1240    6.0 1251   -9.0   -9   -9.0   -9   -9.0   -9 -99.0 -99.0 -99.0 -99.0 -99.0
20260829 248  0.7   565  20  2.5 1434  23  4.7 1429  24.6  27.7 1409  23.5  642  24.0  27.0  23.5  97.4  83.0 1412  29.9  -9.0  -9.0 -9.00  962.6 1008.0 1009.0   19 1006.9 1632  8.6  0.6 13.1 -9.0 -9.00 -9.00   -9   35.0   -9.0 -9.00    7.5  900    3.4  905   -9.0   -9   -9.0   -9   -9.0   -9 -99.0 -99.0 -99.0 -99.0 -99.0
20260829 251  1.4  1210  25  4.7 1016  25  7.3 1010  27.2  30.7 1443  25.1  255  25.8  29.2  24.9  92.4  79.0 1412  33.2   3.1   2.1 -9.00 1001.8 1007.5 1008.3 2131 1006.3 1653  8.6  1.3 13.0 -9.0 11.98  1.96 1400   16.7   -9.0 -9.00   12.5 1007    5.8 1042   -9.0   -9   -9.0   -9   -9.0   -9 -99.0 -99.0 -99.0 -99.0 -99.0
20260829 252  1.5  1276  27  2.8 1058  25  5.8 1406  27.4  31.2 1430  25.6 1014  25.3  30.2  25.7  88.9  71.0 1435  32.2   4.0   2.8 -9.00 1003.4 1007.6 1008.2    1 1006.6 1641  7.9  3.7 13.0 -9.0 15.81  3.21 1400   12.5   -9.0 -9.00   12.1  926    6.0 1007   -9.0   -9   -9.0   -9   -9.0   -9 -99.0 -99.0 -99.0 -99.0 -99.0
20260829 253  1.5  1293  25  4.2 1346  27  8.2 1341  28.1  32.0 1314  25.5   19  26.2  29.1  24.8  90.5  72.0 1307  34.1   3.2   2.2 -9.00 1002.1 1008.3 1009.7    1 1007.1 1517  7.0  3.1 13.0 -9.0 11.58  2.43 1200    3.8   -9.0 -9.00    2.0  107    1.8  123   -9.0   -9   -9.0   -9   -9.0   -9 -99.0 -99.0 -99.0 -99.0 -99.0
20260829 254  1.0   896  27  5.6 1206  27  8.2 1202  26.2  28.8 1140  24.6  411  24.9  28.1  24.1  93.0  80.0 1145  31.5   2.7   1.9 -9.00  993.6 1008.2 1009.3   23 1007.0 1633  8.0  1.1 13.0 -9.0  9.50  1.82 1000   27.8   -9.0 -9.00   12.2 1155    5.6 1203   -9.0   -9   -9.0   -9   -9.0   -9 -99.0 -99.0 -99.0 -99.0 -99.0
20260829 255  0.8   675  29  3.0 1354  32  6.3 1347  28.7  33.1 1221  26.6  612  26.2  28.0  25.4  86.9  67.0 1222  33.9   2.9   2.0 -9.00 1001.5 1007.2 1008.7    1 1006.1 1507  7.3  3.2 13.0 -9.0 10.43  1.80 1000    2.2   -9.0 -9.00    1.8 1348    1.0 1357   -9.0   -9   -9.0   -9   -9.0   -9 -99.0 -99.0 -99.0 -99.0 -99.0
20260829 257  1.8  1554  20  4.4 1242  20  9.3 1236  28.2  33.3 1317  25.9   52  26.5  28.3  24.9  91.4  66.0 1320  34.5   2.8   2.0 -9.00 1006.8 1007.5 1009.1    7 1006.2 1541  7.6  1.8 13.0 -9.0  9.41  1.99 1300    3.5   -9.0 -9.00    2.3  401    1.1  433   -9.0   -9   -9.0   -9   -9.0   -9 -99.0 -99.0 -99.0 -99.0 -99.0
20260829 258  1.2  1057  25  4.8 1417  25  7.2 1411  27.3  31.3 1005  25.7  512  26.0  29.4  24.7  93.4  73.0  952  33.6   3.7   2.6 -9.00 1008.2 1008.4 1009.5   21 1007.3 1606  6.1  4.0 13.0 -9.0 14.66  2.49 1300   27.5   -9.0 -9.00   16.7 1530    5.5 1555   -9.0   -9   -9.0   -9   -9.0   -9 -99.0 -99.0 -99.0 -99.0 -99.0
20260829 259  0.8   676  14  2.8 1205  14  6.0 1432  27.5  32.5 1335  25.0  601  26.0  30.1  26.3  92.3  75.0 1248  33.6   4.5   3.1 -9.00 1005.9 1007.7 1008.8    1 1006.5 1456  5.3  3.8 13.0 -9.0 17.15  3.44 1300    5.2   -9.0 -9.00    3.6  856    2.9  946   -9.0   -9   -9.0   -9   -9.0   -9 -99.0 -99.0 -99.0 -99.0 -99.0
20260829 260  1.0   839  27  4.1 1427  27  7.1 1432  28.1  32.3 1415  25.3  600  26.0  30.8  25.9  89.1  72.0 1419  33.6  -9.0  -9.0 -9.00 1002.8 1007.7 1009.0    1 1006.4 1456  5.5  5.3 13.0 -9.0 -9.00 -9.00   -9    6.3   -9.0 -9.00    4.2 1534    2.0 1620   -9.0   -9   -9.0   -9   -9.0   -9 -99.0 -99.0 -99.0 -99.0 -99.0
20260829 261  2.0  1731  23  6.8 1439  23  9.5 1458  27.8  31.7 1349  25.3  520  26.0  30.5  25.0  90.9  77.0 1250  33.7  -9.0  -9.0 -9.00 1006.4 1008.2 1009.3    1 1007.3 1457  5.3  6.2 13.0 -9.0 -9.00 -9.00   -9    3.8   -9.0 -9.00    2.4  751    1.5  751   -9.0   -9   -9.0   -9   -9.0   -9 -99.0 -99.0 -99.0 -99.0 -99.0
20260829 262  1.6  1396  18  4.1 1429  20  8.1 1212  28.5  32.8 1210  26.0  630  25.8  29.7  27.5  85.9  67.0 1052  33.1   4.7   3.3 -9.00 1002.1 1007.9 1009.0    1 1007.0 1436  6.3  5.6 13.0 -9.0 16.89  2.39 1100    0.4   -9.0 -9.00    0.3   -9    0.3  145   -9.0   -9   -9.0   -9   -9.0   -9 -99.0 -99.0 -99.0 -99.0 -99.0
20260829 263  1.7  1456  23  5.8 1215  23  9.2 1229  27.6  31.4 1148  25.0  509  25.4  30.6  25.3  88.6  71.0 1144  32.4   4.1   2.8 -9.00 1005.9 1007.5 1009.0   10 1006.2 1448  7.4  3.7 13.0 -9.0 15.85  2.62 1100    2.9   -9.0 -9.00    2.6   -9    2.6   10   -9.0   -9   -9.0   -9   -9.0   -9 -99.0 -99.0 -99.0 -99.0 -99.0
20260829 264  0.7   636  32  3.8 1506  29  6.3 1505  26.2  29.7 1658  24.0  201  25.1  27.9  23.9  94.4  78.0 1702  31.9   2.5   1.7 -9.00  990.6 1007.8 1009.1   15 1006.4 1551  7.5  0.5 13.0 -9.0  9.34  1.56 1100   10.3   -9.0 -9.00    5.3  841    2.4  915   -9.0   -9   -9.0   -9   -9.0   -9 -99.0 -99.0 -99.0 -99.0 -99.0
20260829 266  1.3  1139  32  3.7 1151  29  6.9 1307  27.4  31.1 1057  25.6 2347  26.4  30.0  25.4  95.4  74.0 1052  34.4   3.7   2.6 -9.00  998.3 1008.2 1009.5    1 1006.9 1625  7.0  4.4 13.0 -9.0 15.73  2.67 1000   11.1   -9.0 -9.00    8.6 1457    5.9 1546   -9.0   -9   -9.0   -9   -9.0   -9 -99.0 -99.0 -99.0 -99.0 -99.0
20260829 268  1.4  1238  23  4.4 1523  20  7.8 1523  27.8  31.6 1247  25.6 2240  25.9  31.4  26.1  90.0  71.0 1247  33.3  -9.0  -9.0 -9.00 1005.6 1006.7 1007.6   15 1005.7 1730  4.4  5.5 13.0 -9.0 -9.00 -9.00   -9    2.0   -9.0 -9.00    1.2    1    1.2   19   -9.0   -9   -9.0   -9   -9.0   -9 -99.0 -99.0 -99.0 -99.0 -99.0
20260829 271  0.9   762  16  3.3 1315  23  5.8 1336  24.8  29.6 1524  22.0  241  22.8  27.5  21.6  89.4  65.0 1526  27.7  -9.0  -9.0 -9.00  970.9 1007.2 1009.3    1 1005.3 1533  8.8  2.4 13.1 -9.0 -9.00 -9.00   -9    6.6   -9.0 -9.00    4.7  238    1.5  253   -9.0   -9   -9.0   -9   -9.0   -9 -99.0 -99.0 -99.0 -99.0 -99.0
20260829 272  0.8   692  32  4.9 1418  29  7.5 1357  24.9  29.8 1501  22.2  551  23.3  28.4  22.4  92.0  63.0 1515  28.5  -9.0  -9.0 -9.00  983.2 1007.0 1008.9   12 1005.3 1509  9.5  3.0 13.1 -9.0 -9.00 -9.00   -9    9.1   -9.0 -9.00    3.8  153    2.1  200   -9.0   -9   -9.0   -9   -9.0   -9 -99.0 -99.0 -99.0 -99.0 -99.0
20260829 273  0.6   552  11  1.9 1543  11  3.6 1614  25.3  29.9 1510  23.2   52  24.6  28.1  22.4  96.8  76.0 1405  30.9  -9.0  -9.0 -9.00  987.1 1006.6 1008.2    1 1005.1 1509  9.3  1.3 13.1 -9.0 -9.00 -9.00   -9   25.7   -9.0 -9.00    9.0 1036    4.1 1916   -9.0   -9   -9.0   -9   -9.0   -9 -99.0 -99.0 -99.0 -99.0 -99.0
20260829 276  1.2  1060  29  4.2 1336  29  7.8 1328  25.6  30.4 1234  23.0  603  24.5  27.1  22.0  94.6  73.0 1236  30.9   3.0   2.1 -9.00  983.3 1006.8 1008.4    1 1005.5 1313  8.3  2.4 13.1 -9.0 12.94  2.38 1200   28.5   -9.0 -9.00   21.6 2216   12.4 2250   -9.0   -9   -9.0   -9   -9.0   -9 -99.0 -99.0 -99.0 -99.0 -99.0
20260829 277  1.4  1241  27  3.8 1500  29  7.4 1451  25.3  30.8 1423  22.4  103  23.3  27.1  22.4  89.5  66.0 1426  28.5  -9.0  -9.0 -9.00 1002.2 1006.8 1008.5    1 1005.6 1419  8.5  2.7 13.1 -9.0 -9.00 -9.00   -9    3.8   -9.0 -9.00    3.5 2259    1.6 2338   -9.0   -9   -9.0   -9   -9.0   -9 -99.0 -99.0 -99.0 -99.0 -99.0
20260829 278  0.7   618  34  3.1 1332  36  5.5 1314  26.0  30.6 1241  24.1  509  24.9  27.7  23.6  94.6  68.0 1242  31.5  -9.0  -9.0 -9.00  997.2 1006.4 1007.8    1 1005.3 1734  8.9  1.0 13.1 -9.0 -9.00 -9.00   -9   19.9   -9.0 -9.00   15.2 1325    8.0 1329   -9.0   -9   -9.0   -9   -9.0   -9 -99.0 -99.0 -99.0 -99.0 -99.0
20260829 279  0.6   525  14  2.5 1250  14  4.5 1254  26.6  31.3 1325  24.4  534  24.4  29.0  24.5  88.8  63.0 1346  30.6   3.2   2.2 -9.00 1001.5 1007.1 1008.5    9 1005.9 1339  8.1  2.1 13.1 -9.0 11.46  2.31 1100    3.3   -9.0 -9.00    1.8 1527    0.9  830   -9.0   -9   -9.0   -9   -9.0   -9 -99.0 -99.0 -99.0 -99.0 -99.0
20260829 281  1.1   992  27  3.7 1348  25  6.6 1342  26.5  30.9 1335  23.9  142  24.3  27.9  23.6  89.1  64.0 1341  30.4  -9.0  -9.0 -9.00  996.8 1007.7 1009.3    1 1006.3 1451  8.4  2.1 13.1 -9.0 -9.00 -9.00   -9    0.7   -9.0 -9.00    0.4   -9    0.4 1006   -9.0   -9   -9.0   -9   -9.0   -9 -99.0 -99.0 -99.0 -99.0 -99.0
20260829 283  1.8  1550  23  4.8  923  23  7.9  929  26.6  31.1 1222  24.5   51  25.0  28.1  24.2  91.6  70.0  948  31.7   3.1   2.2 -9.00 1003.0 1007.5 1009.2   12 1006.2 1516  7.9  1.4 13.1 -9.0 10.90  1.61  900   10.7   -9.0 -9.00   10.4 1642    7.7 1712   -9.0   -9   -9.0   -9   -9.0   -9 -99.0 -99.0 -99.0 -99.0 -99.0
20260829 284  0.8   653  34  2.4 1356   5  3.7 1618  25.3  28.0 1753  23.3    1  24.2  27.0  22.9  94.3  87.0 1752  30.3   2.1   1.5 -9.00  981.9 1007.6 1009.0    4 1006.3 1451  7.8  1.1 13.0 -9.0  7.10  1.21 1400   36.1   -9.0 -9.00   12.5 1530    8.7 1613   -9.0   -9   -9.0   -9   -9.0   -9 -99.0 -99.0 -99.0 -99.0 -99.0
20260829 285  0.5   450  34  2.1 1710  32  4.3 1708  26.5  29.2 1641  24.7  619  25.7  29.0  24.9  95.6  82.0 1336  33.1  -9.0  -9.0 -9.00 1004.6 1007.6 1008.9   22 1006.4 1531  7.4  1.3 13.0 -9.0 -9.00 -9.00   -9   11.1   -9.0 -9.00    8.8 1616    8.7 1702   -9.0   -9   -9.0   -9   -9.0   -9 -99.0 -99.0 -99.0 -99.0 -99.0
20260829 288  1.0   846  32  4.7 1624  34  7.9 1618  27.4  32.1 1250  25.0 1923  25.4  28.5  24.5  90.0  69.0 1230  32.4   2.8   1.9 -9.00 1005.1 1006.0 1007.4    1 1004.6 1541  7.3  0.6 13.0 -9.0  9.07  2.00 1200   26.9   -9.0 -9.00   23.2 1847    9.6 1919   -9.0   -9   -9.0   -9   -9.0   -9 -99.0 -99.0 -99.0 -99.0 -99.0
20260829 289  0.6   546  32  2.5 1208  29  4.3 1121  26.6  30.7 1227  24.2  511  25.3  29.9  24.0  93.3  73.0 1231  32.3  -9.0  -9.0 -9.00  992.7 1008.3 1009.7    1 1006.9 1624  7.6  2.3 13.0 -9.0 -9.00 -9.00   -9    6.3   -9.0 -9.00    5.0 1329    3.6 1331   -9.0   -9   -9.0   -9   -9.0   -9 -99.0 -99.0 -99.0 -99.0 -99.0
20260829 294  2.4  2042  34  3.9 1417  27  9.7 1634  27.8  29.8 1341  26.1  249  24.8  28.9  26.0  84.3  75.0 1259  31.3  -9.0  -9.0 -9.00 1003.3 1008.4 1009.5    1 1007.1 1626  6.5  1.2 13.0 -9.0 -9.00 -9.00   -9    3.2   -9.0 -9.00    1.7  650    1.2  702   -9.0   -9   -9.0   -9   -9.0   -9 -99.0 -99.0 -99.0 -99.0 -99.0
20260829 295  1.3  1138  20  3.0 1125  25  6.7  453  27.9  31.9 1318  25.8 2318  25.1  29.6  25.0  85.6  66.0 1312  32.0  -9.0  -9.0 -9.00 1002.8 1008.0 1009.1   24 1006.5 1617  6.1  4.1 13.0 -9.0 -9.00 -9.00   -9    5.3   -9.0 -9.00    2.5 1342    1.1  713   -9.0   -9   -9.0   -9   -9.0   -9 -99.0 -99.0 -99.0 -99.0 -99.0
20260829 296  1.8  1519  20  5.1 1216  20  8.5 1234  28.4  32.6 1332  25.8  207  26.3  29.1  24.2  89.0  71.0 1348  34.3   3.6   2.6 -9.00 1006.5 1006.8 1008.2    1 1005.6 1451  7.6  2.6 13.0 -9.0 12.34  2.71 1200    9.1   -9.0  6.17    7.8  310    5.4  336   -9.0   -9   -9.0   -9   -9.0   -9 -99.0 -99.0 -99.0 -99.0 -99.0
20260830  90  1.5  1285  14  3.3 1722  14  5.1 1640  24.0  25.9 1405  21.8  409  21.9  26.6  22.4  88.3  79.0 1058  26.2   2.7   1.9 -9.00 1006.8 1008.8 1009.5 1033 1007.7  248  9.6  0.7 13.1 -9.0 11.42  1.77 1000    0.8   -9.0 -9.00    0.7   50    0.3  109   -9.0   -9   -9.0   -9   -9.0   -9 -99.0 -99.0 -99.0 -99.0 -99.0
20260830  93  0.5   439  25  1.7 1046  23  3.3 1030  24.3  27.7 1533  21.7  506  22.3  26.3  23.1  89.1  70.0 1653  26.9   2.4   1.7 -9.00  998.0 1008.9 1010.1  722 1007.6 1537  9.9  1.5 13.1 -9.0 10.16  1.68 1000    1.0   20.0  1.58    0.8 -2358    0.4   48   -9.0   -9   -9.0   -9   -9.0   -9  27.6  27.3  26.0  22.7  19.5
20260830  95  0.6   560  25  2.5 1852  25  4.4  511  23.2  27.0 1523  20.1  631  21.9  25.2  20.8  93.3  75.0 1236  26.3   2.1   1.4 -9.00  991.3 1009.1 1010.2  640 1007.9 1616  9.5  1.4 13.1 -9.0  9.14  1.40 1500    0.0    3.7 -9.00    0.0   -9    0.0   -9   -9.0   -9   -9.0   -9   -9.0   -9 -99.0 -99.0 -99.0 -99.0 -99.0
20260830  98  0.4   336  36  1.4  526   2  4.7  526  24.0  27.5 1514  21.2  621  20.8  26.5  22.2  82.8  65.0 1604  24.6   2.1   1.5 -9.00  995.1 1008.3 1009.3  650 1007.1 1648 10.0  0.4 13.1 -9.0  8.53  1.19 1500    0.1   -9.0 -9.00    0.2   -9    0.1   -9   -9.0   -9   -9.0   -9   -9.0   -9 -99.0 -99.0 -99.0 -99.0 -99.0
20260830  99  0.8   704   9  1.9 2254   9  3.4 2316  23.7  27.0 1521  21.2  540  21.8  26.9  21.7  89.8  77.0 1310  26.2   2.1   1.5 -9.00 1005.5 1009.0 1010.1 1036 1007.6  235  9.5  0.3 13.1 -9.0  8.72  1.25 1100    0.0   -9.0 -9.00    0.2   -9    0.2   -9   -9.0   -9   -9.0   -9   -9.0   -9 -99.0 -99.0 -99.0 -99.0 -99.0
20260830 100  1.4  1172  27  3.3  958  25  5.5  949  21.9  27.0 1127  19.2  243  20.3  24.6  19.1  91.8  68.0 1130  23.9   3.3   2.3 -9.00  923.2 1008.1 1009.6 2306 1006.6 1613  9.4  2.6 13.1 -9.0 14.23  2.59 1100    0.0   -9.0 -9.00    0.0   -9    0.0   -9   -9.0   -9   -9.0   -9   -9.0   -9 -99.0 -99.0 -99.0 -99.0 -99.0
20260830 101  0.9   800  32  2.5   19  32  4.1  608  24.3  27.8 1537  21.8  504  21.4  26.6  21.6  84.4  67.0 1527  25.5   2.5   1.8 -9.00  999.1 1007.7 1008.9  722 1006.3 1538  9.9  0.2 13.1 -9.0  9.68  1.56 1000    0.3   17.4 -9.00    0.3    7    0.3   57   -9.0   -9   -9.0   -9   -9.0   -9  27.7  26.2  24.7  20.1  16.6
20260830 102  1.7  1461  36  4.1 1709  36  5.9 1703  22.3  25.7 1330  20.7    2  20.3  24.6  21.0  88.6  71.0 1253  23.8   2.6   1.8 -9.00 1003.9 1008.1 1008.9 1056 1007.0 1920  9.9  0.3 13.1 -9.0 10.43  1.80 1300   -9.0   -9.0 -9.00   -9.0   -9   -9.0   -9   -9.0   -9   -9.0   -9   -9.0   -9 -99.0 -99.0 -99.0 -99.0 -99.0
20260830 104  0.9   789  11  2.5 1257  11  4.2 1255  24.4  27.6 1142  21.6  536  23.0  27.1  20.9  92.6  82.0 1124  28.2   2.6   1.8 -9.00  999.4 1008.0 1008.9  716 1006.7  516  9.0  1.3 13.1 -9.0 11.82  2.59 1100    0.0   12.0  1.67    0.0   -9    0.0   -9   -9.0   -9   -9.0   -9   -9.0   -9  26.1  25.5  24.3  20.2  16.0
20260830 105  1.1   968   9  2.3 1158  20  4.4 1434  24.6  26.9 1126  22.2  529  22.1  26.5  22.4  86.6  74.0 1221  26.6   2.5   1.8 -9.00 1005.7 1008.8 1009.8  736 1007.3  526  9.4  0.8 13.1 -9.0  9.97  1.88  900    0.0   -9.0 -9.00    0.0   -9    0.0   -9   -9.0   -9   -9.0   -9   -9.0   -9  26.9  25.8  25.1  20.4  17.2
20260830 106  1.4  1220   2  3.6  927   5  5.7  914  25.2  28.1 1319  22.4  515  23.2  28.2  22.2  89.0  75.0 1224  28.4   3.3   2.3 -9.00 1004.3 1008.9 1009.8 1056 1007.5  549  9.3  2.3 13.1 -9.0 14.50  2.21 1200    1.0   -9.0 -9.00    1.0  226    0.6  300   -9.0   -9   -9.0   -9   -9.0   -9 -99.0 -99.0 -99.0 -99.0 -99.0
20260830 108  1.6  1349  29  3.7  605  32  6.7  556  26.0  28.5 1556  23.3  618  21.2  26.6  21.7  75.5  65.0 1314  25.2   2.6   1.8 -9.00  998.6 1008.3 1009.4 1046 1006.9 1623  9.9  0.0 13.1 -9.0  7.81  1.18 1200    0.0   16.1  2.42    0.0   -9    0.0   -9   -9.0   -9   -9.0   -9   -9.0   -9  27.7  26.2  25.6  21.3  16.7
20260830 112  1.5  1304  27  3.5  541  27  6.4  539  25.8  27.9 1555  23.7  624  22.6  27.2  22.4  82.8  73.0 1309  27.4   2.4   1.7 -9.00 1000.3 1008.1 1009.3 1047 1007.0 1607 10.0  0.0 13.1 -9.0  8.50  1.16 1200    0.0    1.4  3.25    0.0   -9    0.0   -9   -9.0   -9   -9.0   -9   -9.0   -9  27.1  25.9  24.1  20.4  16.2
20260830 114  1.0   836  29  2.3 1441  32  3.7 1432  26.1  29.2 1148  23.7  530  22.5  27.5  23.6  81.4  66.0 1150  27.2   2.9   2.0 -9.00  991.0 1007.9 1009.1  718 1006.7 1623  9.3  0.9 13.1 -9.0 11.09  2.15 1100    0.3   -9.0 -9.00    0.3  119    0.1   -9   -9.0   -9   -9.0   -9   -9.0   -9 -99.0 -99.0 -99.0 -99.0 -99.0
20260830 115  1.7  1443   5  5.0 1151   7  7.2 1135  25.4  27.3 1416  24.2  557  22.8  27.9  22.0  85.8  82.0 1058  27.8   2.8   2.0 -9.00  983.9 1008.8 1010.4 2206 1006.5  324  8.1  1.7 13.1 -9.0 12.32  2.04 1200    0.0   44.2  0.42    0.0   -9    0.0   -9   -9.0   -9   -9.0   -9   -9.0   -9  24.9  23.8  22.7  16.1 -99.0
20260830 119  1.3  1105  16  3.1 1206  16  4.5 1424  25.9  28.5 1545  23.6  548  22.2  27.4  22.8  80.6  65.0 1201  26.7   2.6   1.8 -9.00 1003.4 1007.9 1009.0  716 1006.4 1626  9.8  0.2 13.1 -9.0  9.50  1.29 1100    0.0    7.7  1.92    0.0   -9    0.0   -9   -9.0   -9   -9.0   -9   -9.0   -9  27.6  26.0  24.5  20.1  16.7
20260830 121  0.8   728  11  2.7 1017  14  4.1 1016  25.8  30.8 1153  23.1  438  23.2  29.0  19.5  86.9  63.0 1155  28.4   3.4   2.4 -9.00  981.6 1008.6 1009.5  858 1007.0 1655  9.5  2.0 13.1 -9.0 14.04  2.67 1100    0.0   -9.0 -9.00    0.0   -9    0.0   -9   -9.0   -9   -9.0   -9   -9.0   -9 -99.0 -99.0 -99.0 -99.0 -99.0
20260830 127  0.6   508   9  1.9 1704  25  3.0  404  25.6  28.6 1042  22.8  612  22.8  27.4  23.1  85.5  65.0 1152  27.8   2.9   2.0 -9.00  994.5 1007.5 1008.4  805 1006.0 1643  9.6  1.6 13.1 -9.0 11.51  2.35  900    0.0   -9.0 -9.00    0.0   -9    0.0   -9   -9.0   -9   -9.0   -9   -9.0   -9 -99.0 -99.0 -99.0 -99.0 -99.0
20260830 129  0.9   767  32  2.5  723  34  4.0  714  25.4  27.5 1207  23.4  412  23.7  27.6  22.8  91.1  76.0 1006  29.3   1.6   1.1 -9.00 1005.4 1008.3 1009.4 1031 1007.0 1553  9.5  0.7 13.1 -9.0  7.51  1.22  800    1.8   14.2 -9.00    0.8 1242    0.4 1332   -9.0   -9   -9.0   -9   -9.0   -9  27.3  25.9  24.4  20.1  17.1
20260830 130  0.9   796   7  2.8 1150   2  5.0 1147  25.0  27.8 1057  23.1  552  23.5  26.7  22.6  92.0  79.0 1055  28.9  -9.0  -9.0 -9.00 1003.6 1009.2 1010.0  948 1007.9  446  9.6  2.2 13.1 -9.0 -9.00 -9.00   -9    4.1   -9.0 -9.00    2.9  145    0.8  206   -9.0   -9   -9.0   -9   -9.0   -9 -99.0 -99.0 -99.0 -99.0 -99.0
20260830 131  0.7   617   7  2.2  958   2  3.8 1713  26.4  29.2 1527  23.6  349  22.9  27.7  24.4  81.8  68.0 1401  28.0   2.8   1.9 -9.00 1001.2 1007.8 1009.0 1002 1006.0 1609  9.3  0.9 13.1 -9.0 10.05  2.49 1100    6.0   12.7 11.08    2.7  336    1.0  346   -9.0   -9   -9.0   -9   -9.0   -9 -99.0 -99.0 -99.0 -99.0 -99.0
20260830 133  0.9   774  16  3.4 1652  16  6.2 1652  26.3  30.4 1231  23.5  341  24.1  28.2  23.9  88.3  67.0 1241  30.0   2.9   2.1 -9.00 1000.6 1008.3 1009.1 1007 1006.4 1617  8.8  2.6 13.0 -9.0 12.95  2.21 1200   25.4   42.4  6.72    7.3 2328    7.3 2351   -9.0   -9   -9.0   -9   -9.0   -9  29.0  28.2  26.7  22.6  18.5
20260830 135  1.1   917  18  5.5 1726  18  8.1 1719  24.7  30.3 1248  22.1 2316  22.6  27.2  22.6  89.3  63.0 1239  27.4   3.5   2.4 -9.00  980.4 1008.1 1009.1 2226 1006.9 1435  8.6  4.0 13.0 -9.0 14.93  3.07 1000   21.8   -9.0 -9.00   10.1   36    3.7  119   -9.0   -9   -9.0   -9   -9.0   -9 -99.0 -99.0 -99.0 -99.0 -99.0
20260830 136  0.8   705  27  2.1 1337  25  4.0 1200  26.0  31.5 1357  23.1  234  23.5  28.2  23.1  87.3  63.0 1359  29.0   3.4   2.4 -9.00  993.2 1009.1 1010.2 2105 1007.7 1516  9.1  2.9 13.1 -9.0 13.52  2.85 1200   27.1    4.2  6.75   14.2   28    4.4   34   -9.0   -9   -9.0   -9   -9.0   -9 -99.0 -99.0 -99.0 -99.0 -99.0
20260830 137  0.5   391  23  2.4 1836  23  4.4 1834  25.7  30.6 1322  23.7  125  24.1  28.0  23.0  91.4  69.0 1258  30.0   2.9   2.0 -9.00  996.4 1007.4 1008.4 2107 1006.0 1800  8.9  2.3 13.0 -9.0 12.89  2.25 1200   18.5   -9.0 -9.00    9.6    0    3.6   23   -9.0   -9   -9.0   -9   -9.0   -9 -99.0 -99.0 -99.0 -99.0 -99.0
20260830 138  1.8  1525   5  3.7 1223   5  6.3 1303  25.8  29.3 1121  24.3  430  23.1  28.6  23.6  85.6  70.0 1110  28.3   4.2   2.9 -9.00 1007.8 1008.3 1009.1 2113 1007.3  128  9.1  3.3 13.0 -9.0 15.69  2.93 1200    5.5    1.6  5.58    3.0  410    2.5  427   -9.0   -9   -9.0   -9   -9.0   -9  26.5  24.3  22.9  19.5  17.1
20260830 140  1.9  1657  32  5.8    7  34  7.9    1  25.7  29.2 1157  23.7  430  24.1  27.6  22.8  91.6  79.0 1131  30.1  -9.0  -9.0 -9.00 1005.7 1008.9 1009.8 1052 1007.0 1626  8.6  3.6 13.0 -9.0 -9.00 -9.00   -9   53.4   -9.0 -9.00   35.2    1   14.0    5   -9.0   -9   -9.0   -9   -9.0   -9 -99.0 -99.0 -99.0 -99.0 -99.0
20260830 143  1.0   863  25  6.1 1612  27  9.9 1612  25.9  31.8 1454  23.2  517  22.9  29.2  23.0  85.1  59.0 1431  27.9   3.7   2.6 -9.00 1001.5 1007.7 1009.0 2142 1005.9 1458  9.0  3.7 13.0 -9.0 14.74  2.95 1000   45.3   -9.0  3.83   30.6  500   10.5  500   -9.0   -9   -9.0   -9   -9.0   -9 -99.0 -99.0 -99.0 -99.0 -99.0
20260830 146  1.7  1466  32  6.7  106  32 13.0  101  26.0  31.5 1146  23.5  220  23.6  26.9  21.9  87.5  67.0 1132  29.2   3.0   2.1 -9.00 1001.5 1008.3 1009.2  427 1006.6 1657  9.0  3.4 13.0 -9.0 12.32  2.70 1000   36.7   38.6  8.50   20.0  104   15.6  104   -9.0   -9   -9.0   -9   -9.0   -9 -99.0 -99.0 -99.0 -99.0 -99.0
20260830 152  1.4  1203   9  4.0 1423   9  7.1 1432  25.4  31.2 1335  22.8 2238  23.8  28.8  23.2  91.1  68.0 1108  29.5   3.6   2.5 -9.00  998.9 1008.1 1009.7 1923 1006.8 1512  8.4  2.5 13.0 -9.0 13.09  3.05 1000   20.1   -9.0  6.00    8.9 1543    4.8 1615   -9.0   -9   -9.0   -9   -9.0   -9 -99.0 -99.0 -99.0 -99.0 -99.0
20260830 155  1.4  1173  18  4.4 1516  20  7.8 1508  28.1  32.3 1214  24.9 2130  25.6  30.8  25.2  87.3  68.0 1136  32.8   4.2   3.0 -9.00 1004.4 1008.3 1009.5 2044 1006.9 1539  7.5  6.3 13.0 -9.0 16.70  2.54  900    7.2   -9.0  2.58    4.1   -9    4.1  517   -9.0   -9   -9.0   -9   -9.0   -9 -99.0 -99.0 -99.0 -99.0 -99.0
20260830 156  1.7  1447  16  4.8 1427  16  7.9 1426  26.7  32.8 1226  24.3  612  24.8  28.3  24.1  90.0  69.0 1222  31.3   4.1   2.8 -9.00 1000.2 1008.2 1008.8 1058 1006.9 1448  8.1  3.5 13.0 -9.0 15.63  3.02 1200   58.1   -9.0  5.92   33.9 1505   20.2 1545   -9.0   -9   -9.0   -9   -9.0   -9 -99.0 -99.0 -99.0 -99.0 -99.0
20260830 159  3.5  2992  23  6.7 1244  27 10.2 1705  28.5  32.5 1442  25.5 2124  24.6  29.6  23.2  80.0  66.0 1507  30.9   6.2   4.3 -9.00 1000.1 1008.0 1009.6 2056 1006.6 1552  6.6  8.2 13.0 -9.0 20.99  2.89 1400    0.1    0.1  0.30    0.1   -9    0.1   -9   -9.0   -9   -9.0   -9   -9.0   -9  28.2  27.7  26.4  21.2  19.3
20260830 162  2.8  2393  23  5.6 1021  23  8.7  147  28.5  32.2 1331  26.4 2239  25.2  30.3  25.5  82.9  65.0 1340  32.0   5.3   3.7 -9.00 1004.1 1007.6 1008.6 2100 1006.5 1554  5.1  5.3 13.0 -9.0 17.87  2.88 1300    1.9   -9.0 -9.00    1.9 1857    1.5 1905   -9.0   -9   -9.0   -9   -9.0   -9 -99.0 -99.0 -99.0 -99.0 -99.0
20260830 165  2.8  2431   2  7.0 1528  36  9.8 1521  26.5  31.4 1403  24.9 1710  25.0  28.7  24.0  92.5  71.0 1348  31.7   3.7   2.6 -9.00 1003.2 1008.3 1008.8    8 1007.4 1602  8.1  3.1 13.0 -9.0 14.41  2.96 1200   64.2   44.6  9.18   28.7  845   10.5  915   -9.0   -9   -9.0   -9   -9.0   -9  29.2  26.7  25.6  22.0  18.5
20260830 168  3.6  3144  23  6.9  204  23  9.9 1724  28.2  30.6 1351  26.3 2328  25.8  33.6  26.4  87.0  74.0 1615  33.1   5.7   4.0 -9.00 1001.2 1008.6 1009.5 2124 1007.3 1615  7.3  7.3 13.0 -9.0 20.92  3.42 1200   17.0   19.1  2.73   12.3  905   12.1  915   -9.0   -9   -9.0   -9   -9.0   -9  30.1  28.0  26.0  21.2  17.5
20260830 169  4.7  4090  16  9.4 2350  18 12.3 2352  26.5  32.8 1320  24.5 1607  25.3  26.4  25.4  93.4  75.0 1325  32.2   3.6   2.6 -9.00  999.2 1007.7 1008.7 1503 1006.7 2230  8.5  2.7 13.0 -9.0 14.08  2.83 1200   33.7   -9.0  7.07   21.0 1503   14.8 1504   -9.0   -9   -9.0   -9   -9.0   -9 -99.0 -99.0 -99.0 -99.0 -99.0
20260830 170  2.3  2030  18  6.7 1501  18  9.3 2246  28.5  33.5 1307  26.0 2125  25.7  30.4  25.8  85.9  69.0 1127  33.1   4.8   3.4 -9.00 1004.3 1008.3 1009.0    1 1007.0 1608  6.0  4.5 13.0 -9.0 16.03  3.02 1300   13.7   -9.0 -9.00   13.7 2031    9.3 2117   -9.0   -9   -9.0   -9   -9.0   -9 -99.0 -99.0 -99.0 -99.0 -99.0
20260830 172  2.2  1879  32  5.5  304  27  9.8  302  25.9  30.9 1138  22.9  407  25.0  27.4  23.1  96.0  73.0 1205  31.8   2.2   1.6 -9.00 1002.0 1008.0 1009.0  356 1006.9 1603  8.8  2.4 13.0 -9.0 10.63  2.19 1100  103.8   -9.0 -9.00   37.4 1345   16.6 1343   -9.0   -9   -9.0   -9   -9.0   -9 -99.0 -99.0 -99.0 -99.0 -99.0
20260830 174  0.9   814   9  3.5 1744   9  6.7 1743  24.5  30.2 1308  22.8 2142  23.4  28.0  22.8  94.1  69.0 1323  28.9  -9.0  -9.0 -9.00  988.5 1007.2 1008.3 2100 1005.6 1623  8.0  2.5 13.0 -9.0 -9.00 -9.00   -9   71.7   -9.0 -9.00   27.8 1740   12.2 1751   -9.0   -9   -9.0   -9   -9.0   -9 -99.0 -99.0 -99.0 -99.0 -99.0
20260830 177  0.9   812  34  2.5 1647  34  3.6 1639  25.5  28.0 1210  23.0  450  23.6  27.1  23.3  89.6  78.0 1216  29.2   2.2   1.5 -9.00 1003.8 1006.9 1008.0 1054 1005.4 1619  9.5  0.3 13.1 -9.0  8.89  1.68 1000    1.7   29.7  7.67    0.7 1326    0.4  744   -9.0   -9   -9.0   -9   -9.0   -9 -99.0 -99.0 -99.0 -99.0 -99.0
20260830 181  0.8   656   5  2.8 1709   5  4.1 1717  24.8  28.3 1148  22.2  300  22.9  27.8  23.4  90.4  72.0 1400  28.0   2.5   1.8 -9.00 1004.6 1008.4 1009.5 1052 1006.6 1606  8.9  0.6 13.1 -9.0 10.15  2.19 1100    5.8   -9.0 -9.00    2.4  334    0.9  402   -9.0   -9   -9.0   -9   -9.0   -9 -99.0 -99.0 -99.0 -99.0 -99.0
20260830 184  2.1  1836   5  4.6 1552   5  7.5 1941  29.8  32.6 1309  27.2  402  24.8  32.5  26.0  75.0  64.0 1318  31.3   4.7   3.3 -9.00 1005.1 1007.4 1008.3   53 1006.1 1729  5.6  6.1 12.9 -9.0 14.88  2.20 1200    0.0    0.0  0.42    0.0   -9    0.0   -9   -9.0   -9   -9.0   -9   -9.0   -9  30.5  29.1  28.3  25.8  20.2
20260830 185  6.2  5363  16  8.7 2324  14 11.0 1817  27.7  30.1 1351  26.0  555  25.4  30.1  25.6  87.9  77.0 1359  32.5   6.1   4.3 -9.00  999.9 1007.9 1008.8    3 1006.8 1555  4.1  7.9 12.9 -9.0 20.76  2.68 1400    2.1   -9.0 -9.00    0.7   42    0.7   54   -9.0   -9   -9.0   -9   -9.0   -9 -99.0 -99.0 -99.0 -99.0 -99.0
20260830 188  3.5  3057  18  5.9 1412  18  9.8 1617  28.7  31.3 1458  26.5 2059  25.7  30.3  26.7  84.1  73.0 1510  32.9  -9.0  -9.0 -9.00 1006.4 1008.7 1009.4 1031 1007.9 1553  4.5  6.9 12.9 -9.0 -9.00 -9.00   -9    5.4   -9.0 -9.00    5.3 2014    4.1 2051   -9.0   -9   -9.0   -9   -9.0   -9 -99.0 -99.0 -99.0 -99.0 -99.0
20260830 189  2.5  2193  20  4.3 1337  20  7.2 1334  29.2  32.4 1531  27.2  601  25.9  31.7  27.1  82.9  70.0 1416  33.5   5.7   4.0 -9.00 1003.0 1008.8 1009.5    8 1007.8 1607  6.1  6.1 12.9 -9.0 19.50  3.19 1300    1.7    0.8  2.45    0.6  752    0.6  804   -9.0   -9   -9.0   -9   -9.0   -9 -99.0 -99.0 -99.0 -99.0 -99.0
20260830 192  0.8   671  32  3.3 1658  29  9.2 1655  25.2  30.1 1443  22.3 1719  23.6  29.2  24.3  91.8  73.0 1454  29.2   3.4   2.4 -9.00 1005.1 1008.4 1009.6 2041 1006.8 1524  7.8  4.5 13.0 -9.0 13.89  2.18 1100   66.2   18.8 -9.00   37.1  304   17.4  308   -9.0   -9   -9.0   -9   -9.0   -9 -99.0 -99.0 -99.0 -99.0 -99.0
20260830 201  0.8   705   5  2.0 1011   5  4.1  104  23.8  27.0 1510  21.4  419  22.0  26.5  20.8  90.5  71.0 1512  26.4  -9.0  -9.0 -9.00 1003.7 1009.2 1010.3 1042 1008.1 1549  9.6  0.3 13.1 -9.0 -9.00 -9.00   -9    0.0   -9.0 -9.00    0.1   -9    0.0   -9   -9.0   -9   -9.0   -9   -9.0   -9 -99.0 -99.0 -99.0 -99.0 -99.0
20260830 202  0.9   756  18  2.3 1221  20  3.7 1217  25.2  28.0 1517  22.8  538  21.9  27.5  21.1  82.6  65.0 1351  26.3  -9.0  -9.0 -9.00 1003.2 1008.6 1009.9 1048 1007.3 1648  9.8  1.0 13.1 -9.0 -9.00 -9.00   -9    0.1   -9.0 -9.00    0.1   -9    0.1   -9   -9.0   -9   -9.0   -9   -9.0   -9 -99.0 -99.0 -99.0 -99.0 -99.0
20260830 203  0.4   340  16  1.4 1332  16  2.8 1333  25.5  28.2 1246  22.6  547  23.2  28.5  23.8  88.0  69.0 1255  28.4  -9.0  -9.0 -9.00  999.8 1008.9 1010.1 1108 1007.7 1637  9.0  0.5 13.1 -9.0 -9.00 -9.00   -9    0.0   -9.0 -9.00    0.0   -9    0.0   -9   -9.0   -9   -9.0   -9   -9.0   -9 -99.0 -99.0 -99.0 -99.0 -99.0
20260830 211  0.7   592  36  2.2 1948  34  3.9 1941  23.6  27.1 1604  20.6  504  20.9  26.3  19.7  85.9  68.0 1605  24.8  -9.0  -9.0 -9.00  985.5 1008.4 1009.7  731 1007.1 1548 10.0  0.3 13.1 -9.0 -9.00 -9.00   -9    0.3   -9.0 -9.00    0.3 2331    0.1   -9   -9.0   -9   -9.0   -9   -9.0   -9 -99.0 -99.0 -99.0 -99.0 -99.0
20260830 212  0.7   570  34  1.6 1125   5  2.7  303  24.8  27.7 1649  21.9  604  21.7  26.0  20.4  83.9  69.0 1116  26.0  -9.0  -9.0 -9.00  993.0 1008.9 1010.1  723 1007.6 1703  9.4  0.1 13.1 -9.0 -9.00 -9.00   -9    0.0   -9.0 -9.00    0.0   -9    0.0   -9   -9.0   -9   -9.0   -9   -9.0   -9 -99.0 -99.0 -99.0 -99.0 -99.0
20260830 216  1.2  1069   5  3.2  840   5  6.2  827  23.1  28.1 1323  20.5  853  20.9  24.9  21.7  88.8  65.0 1321  24.8   3.5   2.5 -9.00  929.7 1008.3 1009.7  853 1006.8 1318  9.5  3.2 13.1 -9.0 14.96  2.92 1000    0.1   -9.0 -9.00    0.1   -9    0.1   -9   -9.0   -9   -9.0   -9   -9.0   -9 -99.0 -99.0 -99.0 -99.0 -99.0
20260830 217  0.8   713   5  2.6 1837  18  5.1 1239  25.3  30.0 1302  22.5  548  22.1  27.7  22.5  84.3  56.0 1151  26.7  -9.0  -9.0 -9.00  972.5 1007.3 1008.5 2104 1005.9 1559  9.3  2.3 13.1 -9.0 -9.00 -9.00   -9    1.2   -9.0 -9.00    0.9  239    0.4  308   -9.0   -9   -9.0   -9   -9.0   -9 -99.0 -99.0 -99.0 -99.0 -99.0
20260830 221  0.7   579  25  2.5 1404  20  3.6 1304  24.7  28.2 1047  21.9  646  22.6  27.2  22.3  89.3  65.0 1154  27.4  -9.0  -9.0 -9.00  978.6 1008.4 1009.1 2229 1007.0 1649  9.6  2.2 13.1 -9.0 -9.00 -9.00   -9    0.2   -9.0 -9.00    0.1   -9    0.1   -9   -9.0   -9   -9.0   -9   -9.0   -9 -99.0 -99.0 -99.0 -99.0 -99.0
20260830 226  0.7   570  18  2.3 1743  14  4.7 1717  25.5  29.0 1248  23.4  512  24.1  27.3  23.1  92.6  70.0 1249  30.0  -9.0  -9.0 -9.00  989.0 1008.4 1009.2  804 1007.0 1711  8.8  1.9 13.1 -9.0 -9.00 -9.00   -9   12.1   -9.0 -9.00    5.4   56    1.9  116   -9.0   -9   -9.0   -9   -9.0   -9 -99.0 -99.0 -99.0 -99.0 -99.0
20260830 232  0.7   576   9  2.0 1558  11  3.0 1037  25.1  28.3 1043  22.2  228  24.0  28.5  22.2  94.3  75.0 1151  29.8  -9.0  -9.0 -9.00  999.2 1008.9 1010.0 1116 1007.2 1611  8.9  1.5 13.1 -9.0 -9.00 -9.00   -9    2.0   -9.0 -9.00    1.7    1    0.4   34   -9.0   -9   -9.0   -9   -9.0   -9 -99.0 -99.0 -99.0 -99.0 -99.0
20260830 235  1.0   883   2  3.0 1019   5  4.6 1014  25.6  29.3 1651  24.0  608  24.0  27.2  23.8  91.5  80.0 1652  29.9   2.0   1.4 -9.00 1006.4 1007.5 1008.7 1121 1005.9 1532  9.3  1.7 13.0 -9.0  7.78  1.82 1000   12.8   -9.0 -9.00    4.7  231    1.7  247   -9.0   -9   -9.0   -9   -9.0   -9 -99.0 -99.0 -99.0 -99.0 -99.0
20260830 236  0.3   301  27  1.7 1814  14  3.7 1552  25.8  28.3 1053  24.0  159  24.2  28.2  24.3  91.6  75.0 1045  30.1  -9.0  -9.0 -9.00 1007.2 1008.7 1009.6 1059 1006.5 1551  9.1  1.9 13.0 -9.0 -9.00 -9.00   -9   15.3   -9.0 -9.00    5.9    1    3.0    7   -9.0   -9   -9.0   -9   -9.0   -9 -99.0 -99.0 -99.0 -99.0 -99.0
20260830 238  0.6   554  14  4.0 1627  11  6.8 1620  25.4  30.2 1216  23.4 2318  23.6  26.7  22.9  91.1  68.0 1217  29.2  -9.0  -9.0 -9.00  988.7 1007.9 1008.8 2105 1006.1 1705  8.6  3.0 13.0 -9.0 -9.00 -9.00   -9   47.3   -9.0 -9.00   20.7   13   13.9   22   -9.0   -9   -9.0   -9   -9.0   -9 -99.0 -99.0 -99.0 -99.0 -99.0
20260830 239  0.7   576   2  1.8 1047  14  3.4 1608  25.3  28.4 1158  22.5  430  24.1  28.4  25.1  93.6  75.0 1208  30.0   2.1   1.5 -9.00  997.5 1007.7 1008.7  958 1005.8 1600  8.6  0.6 13.1 -9.0  8.68  2.32 1100   11.4   -9.0 -9.00    5.0    3    2.5  336   -9.0   -9   -9.0   -9   -9.0   -9 -99.0 -99.0 -99.0 -99.0 -99.0
20260830 243  0.9   773  29  4.1 1434  29  7.5   19  25.3  29.7 1127  23.4 1505  23.6  27.4  22.5  91.3  69.0 1053  29.2  -9.0  -9.0 -9.00 1007.0 1008.4 1009.8 1433 1007.1 1606  9.3  2.5 13.0 -9.0 -9.00 -9.00   -9   57.2   -9.0 -9.00   18.5   22    6.3   37   -9.0   -9   -9.0   -9   -9.0   -9 -99.0 -99.0 -99.0 -99.0 -99.0
20260830 244  1.1   963   7  4.1 1441   5  7.6 1439  24.4  30.4 1244  22.5 1551  23.1  26.8  23.0  93.1  69.0 1303  28.3  -9.0  -9.0 -9.00  980.4 1008.3 1010.1 1536 1007.0 1332  9.5  2.7 13.0 -9.0 -9.00 -9.00   -9  122.3   -9.0 -9.00   79.1 1512   25.7 1525   -9.0   -9   -9.0   -9   -9.0   -9 -99.0 -99.0 -99.0 -99.0 -99.0
20260830 245  1.6  1409  27  6.2 1452  29 12.4 1445  25.3  31.3 1126  23.8 1506  24.0  26.5  23.7  93.4  70.0 1108  29.9   2.6   1.8 -9.00 1000.5 1008.3 1009.1 1511 1006.9 1616  9.4  2.6 13.0 -9.0 10.61  2.54 1000   57.6   -9.0 -9.00   39.3 1434   24.4 1446   -9.0   -9   -9.0   -9   -9.0   -9 -99.0 -99.0 -99.0 -99.0 -99.0
20260830 247  1.0   833  18  3.8 1359  20  6.5 1404  25.5  32.1 1256  23.6 2336  24.3  28.0  23.1  94.4  65.0 1301  30.5  -9.0  -9.0 -9.00  993.0 1008.1 1009.0 2106 1006.9 1347  8.4  2.8 13.0 -9.0 -9.00 -9.00   -9   36.6   -9.0 -9.00   17.9 1357    8.3 1405   -9.0   -9   -9.0   -9   -9.0   -9 -99.0 -99.0 -99.0 -99.0 -99.0
20260830 248  1.0   899  25  4.5 1503  23  9.4 1458  24.3  30.3 1211  22.3  613  22.7  26.5  22.1  92.0  65.0 1407  27.6  -9.0  -9.0 -9.00  963.2 1008.6 1009.7 2352 1006.4 1434  9.3  4.3 13.0 -9.0 -9.00 -9.00   -9   56.4   -9.0 -9.00   19.1  212   11.9 1457   -9.0   -9   -9.0   -9   -9.0   -9 -99.0 -99.0 -99.0 -99.0 -99.0
20260830 251  1.7  1437   5  4.8  329   9  8.7  320  25.8  31.0 1147  23.8  631  24.7  27.1  23.8  94.3  76.0 1155  31.1   2.3   1.6 -9.00 1002.3 1008.0 1008.8 1409 1006.7 1614  8.6  2.4 13.0 -9.0  9.91  2.36 1000  109.6   -9.0 -9.00   52.4 1342   22.5 1410   -9.0   -9   -9.0   -9   -9.0   -9 -99.0 -99.0 -99.0 -99.0 -99.0
20260830 252  1.5  1308  36  5.9 1439  36 10.1 1434  25.2  31.0 1117  22.7 1450  23.8  26.7  23.1  92.9  73.0 1130  29.5   2.7   1.9 -9.00 1003.7 1007.9 1008.7 1704 1006.8 1556  9.0  3.1 13.0 -9.0 12.02  3.07 1000   82.2   -9.0 -9.00   31.0 1358   12.8 1402   -9.0   -9   -9.0   -9   -9.0   -9 -99.0 -99.0 -99.0 -99.0 -99.0
20260830 253  1.0   898  25  3.4 1546  20  6.9 1512  28.0  33.2 1417  24.4 2022  25.7  30.1  24.0  88.1  66.0 1419  33.0   4.4   3.1 -9.00 1002.9 1009.0 1010.5 2108 1007.7 1458  6.9  5.4 13.0 -9.0 16.24  2.32 1000    9.9   -9.0 -9.00    6.7 1900    2.6 1901   -9.0   -9   -9.0   -9   -9.0   -9 -99.0 -99.0 -99.0 -99.0 -99.0
20260830 254  1.2  1073  16  4.0 1440  16  8.3 1438  25.8  31.7 1318  23.6  653  23.7  27.0  23.2  89.5  62.0 1319  29.4   3.3   2.3 -9.00  994.0 1008.7 1009.5 2212 1006.9 1413  8.8  2.8 13.0 -9.0 13.18  2.59 1200   22.7   -9.0 -9.00    8.5  526    6.5  535   -9.0   -9   -9.0   -9   -9.0   -9 -99.0 -99.0 -99.0 -99.0 -99.0
20260830 255  1.0   849  32  5.1 1845  34 10.4 1841  28.7  33.5 1322  25.3 1951  25.8  29.1  24.6  85.5  65.0 1159  33.2   4.4   3.1 -9.00 1002.2 1007.9 1009.3 2051 1006.3 1541  6.6  6.1 13.0 -9.0 16.66  2.43 1100   10.5   -9.0 -9.00    3.9 1840    2.6  525   -9.0   -9   -9.0   -9   -9.0   -9 -99.0 -99.0 -99.0 -99.0 -99.0
20260830 257  1.6  1385   5  4.5 1849   5  8.8 1843  27.7  33.8 1352  24.1 1941  25.8  29.8  23.5  90.9  67.0 1415  33.2   4.8   3.3 -9.00 1007.6 1008.3 1010.0 2112 1006.5 1541  6.8  5.6 13.0 -9.0 17.65  2.67 1400   36.6   -9.0 -9.00   24.0 1843    9.9 1904   -9.0   -9   -9.0   -9   -9.0   -9 -99.0 -99.0 -99.0 -99.0 -99.0
20260830 258  2.2  1859  34  7.1 1808  34 10.4 1806  27.3  32.4 1344  24.2 1940  25.3  30.1  23.8  89.4  69.0 1320  32.2   5.1   3.5 -9.00 1008.5 1008.7 1009.8 2142 1007.1 1540  5.3  5.6 13.0 -9.0 19.57  3.54 1200  171.8   -9.0 -9.00  124.6 1811   30.0 1822   -9.0   -9   -9.0   -9   -9.0   -9 -99.0 -99.0 -99.0 -99.0 -99.0
20260830 259  0.9   765  14  2.9 1509  32  6.0 1708  27.2  32.9 1424  25.0  630  26.1  30.5  25.2  94.1  71.0 1411  33.7   4.3   3.0 -9.00 1006.1 1007.9 1008.7 2159 1006.1 1615  7.3  4.4 13.0 -9.0 16.68  2.87 1400   24.0   -9.0 -9.00    7.4 1126    7.3 1647   -9.0   -9   -9.0   -9   -9.0   -9 -99.0 -99.0 -99.0 -99.0 -99.0
20260830 260  1.4  1187  16  5.2 1535   5  8.6 1713  27.0  30.3 1417  25.3 2130  25.4  29.2  25.1  91.5  79.0 1551  32.4  -9.0  -9.0 -9.00 1003.1 1008.1 1008.9 2139 1006.2 1615  6.0  3.5 13.0 -9.0 -9.00 -9.00   -9   29.9   -9.0 -9.00   19.1 1722    6.9 1724   -9.0   -9   -9.0   -9   -9.0   -9 -99.0 -99.0 -99.0 -99.0 -99.0
20260830 261  1.7  1427  18  5.4 1549  16  9.1 1543  28.1  32.2 1403  25.4 2223  26.2  31.0  23.5  90.3  75.0 1354  34.1  -9.0  -9.0 -9.00 1006.4 1008.3 1009.3 2202 1006.9 1550  6.6  3.3 13.0 -9.0 -9.00 -9.00   -9   21.3   -9.0 -9.00   13.1 2131    8.6 2210   -9.0   -9   -9.0   -9   -9.0   -9 -99.0 -99.0 -99.0 -99.0 -99.0
20260830 262  1.7  1428  20  5.6 1641  23  9.0 1641  28.3  33.1 1446  25.3  609  25.5  31.4  27.1  85.6  66.0 1337  32.6   5.8   4.1 -9.00 1002.5 1008.3 1009.2 2145 1006.9 1603  4.9  7.6 13.0 -9.0 21.26  3.19 1400   19.0   -9.0 -9.00    8.8  915    6.8  949   -9.0   -9   -9.0   -9   -9.0   -9 -99.0 -99.0 -99.0 -99.0 -99.0
20260830 263  1.4  1185  23  5.1  434  23  8.4 1655  26.8  32.7 1446  23.5 2150  24.6  31.1  24.5  89.4  63.0 1425  31.0   4.3   3.0 -9.00 1006.8 1008.4 1009.6 1905 1006.3 1532  7.5  4.3 13.0 -9.0 17.12  2.72 1100   16.2   -9.0 -9.00    7.4  338    5.8  338   -9.0   -9   -9.0   -9   -9.0   -9 -99.0 -99.0 -99.0 -99.0 -99.0
20260830 264  0.8   687  23  2.7 1452  20  4.8 1448  26.3  32.0 1330  23.9 2312  24.9  28.8  23.9  92.8  72.0 1333  31.5   3.2   2.2 -9.00  991.2 1008.4 1009.4 2114 1006.6 1512  8.4  2.5 13.0 -9.0 13.15  2.33 1000    3.9   -9.0 -9.00    1.8 1834    0.6  425   -9.0   -9   -9.0   -9   -9.0   -9 -99.0 -99.0 -99.0 -99.0 -99.0
20260830 266  1.3  1128  29  4.5 1849  27  9.2 1848  27.1  32.9 1411  24.3 2059  25.3  28.6  25.5  91.0  64.0 1416  32.2   4.7   3.3 -9.00  998.9 1008.8 1010.0 2112 1007.4 1523  7.0  5.2 13.0 -9.0 18.51  2.97 1200   27.7   -9.0 -9.00   14.1  150   11.6  218   -9.0   -9   -9.0   -9   -9.0   -9 -99.0 -99.0 -99.0 -99.0 -99.0
20260830 268  1.2  1021  20  3.6 1333  25  6.7 1324  27.2  31.7 1346  25.3  606  25.6  30.0  25.3  91.9  71.0 1348  32.9  -9.0  -9.0 -9.00 1005.6 1006.7 1007.5   16 1005.6 1608  5.8  3.6 13.0 -9.0 -9.00 -9.00   -9    3.8   -9.0 -9.00    1.6 1410    1.6 1500   -9.0   -9   -9.0   -9   -9.0   -9 -99.0 -99.0 -99.0 -99.0 -99.0
20260830 271  0.9   751  16  2.7 1023  20  4.7 1209  24.9  29.6 1311  22.8  529  22.7  27.2  22.4  88.8  59.0 1251  27.7  -9.0  -9.0 -9.00  972.3 1008.7 1010.0 2252 1007.3 1524  9.0  2.7 13.1 -9.0 -9.00 -9.00   -9   10.8   -9.0 -9.00    7.8  123    3.5  123   -9.0   -9   -9.0   -9   -9.0   -9 -99.0 -99.0 -99.0 -99.0 -99.0
20260830 272  0.8   680  18  2.0 1128  23  3.5 1126  25.3  29.4 1248  22.6  629  23.8  28.6  23.0  92.8  69.0 1224  29.5  -9.0  -9.0 -9.00  984.5 1008.3 1009.4 2231 1007.1 1513  9.4  2.2 13.1 -9.0 -9.00 -9.00   -9    1.6   -9.0 -9.00    1.4   59    0.5  125   -9.0   -9   -9.0   -9   -9.0   -9 -99.0 -99.0 -99.0 -99.0 -99.0
20260830 273  0.5   471  14  1.7 1946  34  3.0 1217  25.7  29.9 1327  23.4  451  24.5  27.4  22.4  93.9  70.0 1331  30.8  -9.0  -9.0 -9.00  988.3 1007.8 1008.7 2106 1006.4 1805  9.5  1.6 13.0 -9.0 -9.00 -9.00   -9   25.6   -9.0 -9.00   18.6   29    6.2   54   -9.0   -9   -9.0   -9   -9.0   -9 -99.0 -99.0 -99.0 -99.0 -99.0
20260830 276  1.1   927  14  3.7 1840  14  5.8 1840  25.8  31.4 1420  22.9  439  24.2  27.8  22.5  92.5  66.0 1430  30.2   3.5   2.4 -9.00  984.6 1008.1 1009.2 2052 1006.3 1519  8.9  2.5 13.0 -9.0 14.31  2.83 1100   22.6   -9.0 -9.00   11.9  252    6.6  329   -9.0   -9   -9.0   -9   -9.0   -9 -99.0 -99.0 -99.0 -99.0 -99.0
20260830 277  1.1   916   2  4.0 1313   2  5.9 1310  23.9  26.7 1352  22.3  520  22.8  27.4  22.8  94.3  80.0 1514  27.8  -9.0  -9.0 -9.00 1004.4 1009.1 1009.9 2014 1007.6  331  9.0  0.5 13.0 -9.0 -9.00 -9.00   -9   16.3   -9.0 -9.00    8.7  250    3.7  251   -9.0   -9   -9.0   -9   -9.0   -9 -99.0 -99.0 -99.0 -99.0 -99.0
20260830 278  0.6   561  18  1.8 1649  18  3.4 1742  26.1  31.9 1351  23.4  449  24.2  28.8  23.0  91.0  61.0 1355  30.2  -9.0  -9.0 -9.00  998.3 1007.5 1008.5 2126 1006.0 1811  9.1  2.5 13.0 -9.0 -9.00 -9.00   -9   43.3   -9.0 -9.00   23.5  152    8.4  244   -9.0   -9   -9.0   -9   -9.0   -9 -99.0 -99.0 -99.0 -99.0 -99.0
20260830 279  0.7   603  27  2.1 1503  23  3.1 1315  26.1  31.8 1324  23.9 2353  24.1  29.4  24.1  89.5  60.0 1247  30.0   3.2   2.3 -9.00 1002.4 1008.0 1009.2 2150 1006.6 1751  8.4  3.2 13.0 -9.0 13.30  2.71 1200   25.2   -9.0 -9.00    7.4 1437    5.0 1512   -9.0   -9   -9.0   -9   -9.0   -9 -99.0 -99.0 -99.0 -99.0 -99.0
20260830 281  0.9   765  11  3.2 1524  11  5.8 1545  25.6  31.3 1434  23.2 2301  23.6  28.4  23.2  90.0  62.0 1442  29.1  -9.0  -9.0 -9.00  998.2 1009.1 1010.2 2159 1007.5 1507  8.8  2.5 13.0 -9.0 -9.00 -9.00   -9   18.6   -9.0 -9.00   17.3  524   12.0  524   -9.0   -9   -9.0   -9   -9.0   -9 -99.0 -99.0 -99.0 -99.0 -99.0
20260830 283  1.7  1505  20  7.0 1745  20 10.5 1738  25.5  32.2 1309  22.5 1754  23.6  28.1  22.7  90.0  63.0 1310  29.1   3.7   2.6 -9.00 1004.4 1008.9 1010.1 1736 1007.8  324  8.6  3.2 13.0 -9.0 14.59  3.12 1100   34.2   -9.0 -9.00   20.3 1730    9.4 1739   -9.0   -9   -9.0   -9   -9.0   -9 -99.0 -99.0 -99.0 -99.0 -99.0
20260830 284  1.2  1073   5  5.2 1605   2  9.9 1602  26.0  31.4 1343  23.7 1944  23.7  29.0  23.2  88.6  71.0 1158  29.4   4.1   2.9 -9.00  982.5 1008.2 1009.5 2110 1006.1 1511  8.9  4.4 13.0 -9.0 16.71  2.84 1100   13.1   -9.0 -9.00    8.6 1604    6.8 1628   -9.0   -9   -9.0   -9   -9.0   -9 -99.0 -99.0 -99.0 -99.0 -99.0
20260830 285  0.7   606   7  2.3 1653   5  4.3 1628  26.5  32.2 1402  24.1 2343  24.8  29.5  24.6  90.9  67.0 1240  31.3  -9.0  -9.0 -9.00 1005.4 1008.5 1009.7 2133 1006.9 1521  8.6  3.3 13.0 -9.0 -9.00 -9.00   -9    6.2   -9.0 -9.00    2.5 1859    1.4  507   -9.0   -9   -9.0   -9   -9.0   -9 -99.0 -99.0 -99.0 -99.0 -99.0
20260830 288  0.9   791  27  4.2 1721  34  9.2 1718  26.5  34.2 1402  23.5 1945  24.3  28.4  24.8  88.6  63.0 1222  30.4   3.7   2.6 -9.00 1006.1 1007.0 1008.5 1816 1005.2 1617  8.0  3.1 13.0 -9.0 13.71  2.54 1200   49.1   -9.0 -9.00   34.4 1721   14.4 1724   -9.0   -9   -9.0   -9   -9.0   -9 -99.0 -99.0 -99.0 -99.0 -99.0
20260830 289  0.7   636   2  2.6 2034   2  6.0 2030  25.9  30.9 1114  24.2 2200  24.8  29.1  24.1  94.4  73.0 1119  31.4  -9.0  -9.0 -9.00  993.4 1009.0 1010.0 2136 1007.4 1517  8.1  1.2 13.0 -9.0 -9.00 -9.00   -9   18.6   -9.0 -9.00    6.6 1659    4.1 1708   -9.0   -9   -9.0   -9   -9.0   -9 -99.0 -99.0 -99.0 -99.0 -99.0
20260830 294  1.6  1355  32  3.0  423  25  7.3 1756  28.0  30.8 1544  26.2 2315  24.7  29.5  25.7  82.6  71.0 1547  31.1  -9.0  -9.0 -9.00 1004.1 1009.1 1010.2 2058 1007.9 1614  5.3  4.7 13.0 -9.0 -9.00 -9.00   -9    0.2   -9.0 -9.00    0.1   -9    0.1   -9   -9.0   -9   -9.0   -9   -9.0   -9 -99.0 -99.0 -99.0 -99.0 -99.0
20260830 295  1.2  1039  20  3.6 1521  18  6.4 1656  27.5  30.8 1051  25.2 2209  24.9  30.2  25.1  86.5  73.0 1435  31.5  -9.0  -9.0 -9.00 1003.4 1008.5 1009.8 2151 1007.2 1611  5.9  4.8 13.0 -9.0 -9.00 -9.00   -9   16.2   -9.0 -9.00    9.4 2002    5.2 2006   -9.0   -9   -9.0   -9   -9.0   -9 -99.0 -99.0 -99.0 -99.0 -99.0
20260830 296  1.9  1677   5  5.9 1855   2  9.2 1849  28.2  32.9 1449  24.8 2220  26.0  30.5  21.9  88.8  74.0 1012  33.7   5.2   3.7 -9.00 1007.2 1007.5 1009.0 1920 1006.0 1546  6.4  6.4 13.0 -9.0 19.71  3.01 1300    6.4   -9.0  3.65    4.2 1733    2.1 1806   -9.0   -9   -9.0   -9   -9.0   -9 -99.0 -99.0 -99.0 -99.0 -99.0
20260831  90  1.6  1407  16  4.8 1945  16  9.1 1937  23.6  24.6 1234  22.4 2311  22.4  25.1  23.2  93.4  89.0  553  27.1   1.2   0.8 -9.00 1007.9 1009.9 1011.9 2248 1008.0  337 10.0  0.0 13.1 -9.0  3.57  0.49 1400   20.7   -9.0 -9.00    3.4  649    1.6  731   -9.0   -9   -9.0   -9   -9.0   -9 -99.0 -99.0 -99.0 -99.0 -99.0
20260831  93  0.4   372  34  1.8 2353  18  3.0  448  23.4  25.3 1346  22.4  457  23.0  25.4  22.7  98.0  92.0 1357  28.1   1.2   0.8 -9.00  998.8 1009.7 1011.4 2200 1008.0  359 10.0  0.0 13.1 -9.0  4.39  0.69 1300   36.0   19.6 19.42   18.9  435    8.8  449   -9.0   -9   -9.0   -9   -9.0   -9  27.3  27.2  26.0  22.7  19.5
20260831  95  0.7   633  23  2.7 1823  25  4.8 1821  22.9  24.6 1327  21.7  442  22.7  24.4  22.3  99.1  93.0 1149  27.6   1.1   0.7 -9.00  991.9 1009.7 1011.6 2238 1008.1 1721 10.0  0.0 13.1 -9.0  3.79  0.80 1100   13.3   24.2 -9.00    4.5  820    1.4  838   -9.0   -9   -9.0   -9   -9.0   -9 -99.0 -99.0 -99.0 -99.0 -99.0
20260831  98  0.4   321  20  1.7 1728  18  5.8 1722  23.4  25.2 1319  22.2 2326  21.6  25.4  22.8  89.9  85.0    3  25.8   1.1   0.7 -9.00  995.7 1008.9 1011.0 2245 1007.5  335 10.0  0.0 13.1 -9.0  3.59  0.67 1200   12.3   -9.0 -9.00    2.0 1620    0.6  953   -9.0   -9   -9.0   -9   -9.0   -9 -99.0 -99.0 -99.0 -99.0 -99.0
20260831  99  0.8   703   9  2.3 1110  14  3.7 1628  23.2  24.7 1308  22.2  425  22.5  25.2  22.7  96.4  92.0    1  27.3   1.0   0.7 -9.00 1005.9 1009.4 1011.4 2241 1007.6 1626 10.0  0.0 13.0 -9.0  3.56  0.68 1200   12.5   -9.0 -9.00    2.2 1411    0.7 1432   -9.0   -9   -9.0   -9   -9.0   -9 -99.0 -99.0 -99.0 -99.0 -99.0
20260831 100  1.2  1013  29  3.5  552  29  6.4  551  20.5  22.5 1319  19.3  547  20.0  23.1  19.2  97.3  91.0 1021  23.4   1.4   1.0 -9.00  924.4 1009.9 1011.7 2250 1008.2  426 10.0  0.0 13.0 -9.0  5.59  0.94 1300   25.3   -9.0 -9.00    9.5  258    4.5  303   -9.0   -9   -9.0   -9   -9.0   -9 -99.0 -99.0 -99.0 -99.0 -99.0
20260831 101  0.7   632  32  2.2   51  32  3.5   46  23.6  25.1 1427  22.7  713  22.3  25.6  22.7  92.8  89.0   11  27.0   1.2   0.8 -9.00 1000.0 1008.6 1010.3 2157 1007.1  346 10.0  0.0 13.1 -9.0  4.19  0.62 1300   36.2   20.8 -9.00   15.6  422   11.5  446   -9.0   -9   -9.0   -9   -9.0   -9  27.5  26.1  24.7  20.2  16.6
20260831 102  2.3  1969  16  6.9 2018  16 12.3 2015  23.1  26.1 1439  20.8 2148  21.0  24.8  20.8  88.8  77.0 1504  24.9   2.4   1.7 -9.00 1003.8 1007.9 1010.1 2242 1006.4  450 10.0  0.2 13.1 -9.0  9.24  1.55 1400   19.3   -9.0  5.17    8.4 1854    4.1 1920   -9.0   -9   -9.0   -9   -9.0   -9 -99.0 -99.0 -99.0 -99.0 -99.0
20260831 104  0.7   645  16  2.5  428  32  5.0  906  23.7  24.8 1515  22.8 2014  23.3  25.6  22.7  98.4  93.0 1455  28.6   1.2   0.8 -9.00 1000.6 1009.2 1010.8 2257 1007.0  521 10.0  0.0 13.1 -9.0  4.71  0.73 1400   18.9   19.2 16.13    6.3  352    2.0  352   -9.0   -9   -9.0   -9   -9.0   -9  26.3  25.4  24.4  20.2  16.4
20260831 105  1.0   903  32  3.2  945  34  4.8  944  24.2  25.4 1322  23.4 2122  22.8  25.9  24.0  92.3  84.0 1429  27.7   1.2   0.9 -9.00 1006.9 1010.0 1011.6 2254 1007.7  446 10.0  0.0 13.1 -9.0  4.42  0.61 1300   21.1   -9.0 -9.00    9.7  342    3.8  435   -9.0   -9   -9.0   -9   -9.0   -9  26.9  26.0  25.1  20.5  17.2
20260831 106  1.5  1267  36  3.9  917   2  8.4  920  24.5  26.6 1433  23.3 2318  23.6  26.8  23.2  95.3  85.0 1429  29.1   1.7   1.2 -9.00 1005.3 1010.0 1011.6 2224 1008.1  503 10.0  0.0 13.0 -9.0  6.67  1.14  900   25.3   -9.0 -9.00   10.9 1856    6.2 1937   -9.0   -9   -9.0   -9   -9.0   -9 -99.0 -99.0 -99.0 -99.0 -99.0
20260831 108  1.9  1636  11  3.3 1352  11  6.6 1348  24.2  25.8    1  23.2 2328  22.5  24.0  22.0  90.9  78.0    1  27.3   1.0   0.7 -9.00  999.1 1008.9 1010.5 2240 1007.6  218 10.0  0.0 13.0 -9.0  2.63  0.53 1200   34.8   27.7 21.67   13.6  331    4.5  355   -9.0   -9   -9.0   -9   -9.0   -9  27.5  26.2  25.6  21.4  16.7
20260831 112  1.5  1335  14  3.1 1659  14  6.2 1651  24.7  25.9   18  23.5 2122  23.9  25.1  23.2  95.9  86.0    1  29.7   0.9   0.6 -9.00 1000.6 1008.5 1010.3 2229 1007.0  345 10.0  0.0 13.0 -9.0  2.96  0.62 1100   16.9   43.6 21.00    2.5 1632    0.9 1646   -9.0   -9   -9.0   -9   -9.0   -9  26.8  25.9  24.2  20.5  16.2
20260831 114  1.1   976  32  2.7 1919  11  4.7 2246  23.8  25.2    9  22.8 2356  22.7  25.6  22.6  94.1  85.0    1  27.7   1.1   0.8 -9.00  992.0 1009.1 1011.4 2239 1007.8   12 10.0  0.0 13.0 -9.0  3.58  0.54 1300   66.1   -9.0 -9.00   30.6  250   10.8  258   -9.0   -9   -9.0   -9   -9.0   -9 -99.0 -99.0 -99.0 -99.0 -99.0
20260831 115  2.1  1783   5  5.1 1400   5  9.0 1359  25.3  26.5 1250  24.5  852  23.9  25.8  23.6  92.3  88.0  138  29.7   2.3   1.6  1.58  985.4 1010.3 1011.5 2328 1008.5  607  8.9  0.1 13.0 -9.0  6.39  1.19 1100   45.3    1.1  7.33   30.0  723   11.1  759   -9.0   -9   -9.0   -9   -9.0   -9  25.1  24.5  22.9  16.2 -99.0
20260831 119  1.5  1315  14  3.5 1801  11  5.2 2206  24.0  25.5 1316  23.1 2000  22.9  25.5  23.0  94.0  88.0 1233  28.0   0.9   0.7 -9.00 1004.0 1008.6 1010.2 2249 1007.4  345 10.0  0.0 13.0 -9.0  2.86  0.52 1200   31.1   33.9 23.67    3.4 1835    1.6  422   -9.0   -9   -9.0   -9   -9.0   -9  27.3  25.9  24.5  20.1  16.7
20260831 121  0.9   780  27  2.9 1905  27  5.2 1901  23.7  26.6 1351  22.4 2303  23.1  25.2  23.7  97.1  88.0 1328  28.3   1.3   0.9 -9.00  982.8 1010.1 1011.9 2213 1008.0 1426  9.6  0.0 13.0 -9.0  5.19  1.13 1300   30.9   -9.0 -9.00    6.9  230    4.5 1927   -9.0   -9   -9.0   -9   -9.0   -9 -99.0 -99.0 -99.0 -99.0 -99.0
20260831 127  0.9   788   7  3.2 1253  23  6.7 2211  24.1  25.3 1126  23.2 2017  22.8  25.8  23.5  93.0  86.0 1146  27.7   1.1   0.8 -9.00  995.3 1008.4 1010.6 2210 1006.9  751 10.0  0.0 13.0 -9.0  3.73  0.59 1200   47.3   -9.0 -9.00   11.3  243    5.2  151   -9.0   -9   -9.0   -9   -9.0   -9 -99.0 -99.0 -99.0 -99.0 -99.0
20260831 129  1.5  1314   5  4.1 1033   7  6.7 1036  23.7  24.3    1  22.7 2024  23.4  25.5  22.3  98.4  95.0 1036  28.7   0.8   0.5 -9.00 1005.4 1008.3 1010.1 2217 1007.3  616 10.0  0.0 13.0 -9.0  2.38  0.63 1100   55.2   70.2 -9.00   10.2 1732    3.3 1800   -9.0   -9   -9.0   -9   -9.0   -9  27.0  25.9  24.4  20.2  17.1
20260831 130  0.8   672   9  2.4 1108   9  5.2 1101  24.4  26.8 1409  23.0 2359  24.1  25.5  22.0  98.3  89.0 1326  29.9  -9.0  -9.0 -9.00 1004.4 1010.0 1011.4 2249 1008.4  333  8.6  0.0 13.0 -9.0 -9.00 -9.00   -9    5.6   -9.0 -9.00    1.4  708    0.9 1453   -9.0   -9   -9.0   -9   -9.0   -9 -99.0 -99.0 -99.0 -99.0 -99.0
20260831 131  1.1   943   7  2.9 1627  27  5.4 2232  24.9  26.7    1  24.3 1652  22.7  26.2  24.5  88.0  84.0    6  27.6   1.2   0.8 -9.00 1001.8 1008.5 1010.6 2233 1007.2  315 10.0  0.0 13.0 -9.0  3.00  0.43 1200   48.2   39.7 18.33    9.4 1502    5.4 1504   -9.0   -9   -9.0   -9   -9.0   -9 -99.0 -99.0 -99.0 -99.0 -99.0
20260831 133  0.9   806  18  4.8  402  20  7.0  359  23.7  24.6   21  22.5  641  23.2  25.5  22.9  97.8  94.0 1641  28.5   1.1   0.8 -9.00 1001.2 1009.0 1011.2 2239 1007.7  301  9.6  0.0 13.0 -9.0  3.40  0.56 1400   94.3   59.8 19.77   31.4 1253   11.6 1316   -9.0   -9   -9.0   -9   -9.0   -9  28.8  28.2  26.6  22.5  18.3
20260831 135  1.4  1239  27  5.7 1536  27 17.2 1454  23.5  29.6 1413  22.0 2357  22.4  26.0  22.4  94.5  75.0 1416  27.2   3.0   2.1 -9.00  981.2 1008.9 1011.2 2337 1005.1 1449  7.8  2.3 13.0 -9.0  9.97  2.56 1300   13.4   -9.0 -9.00    9.7 1454    6.1 1457   -9.0   -9   -9.0   -9   -9.0   -9 -99.0 -99.0 -99.0 -99.0 -99.0
20260831 136  1.1   915  29  8.7 1457  34 18.0 1455  24.2  31.0 1429  22.3 2023  22.7  26.0  22.2  92.1  71.0 1435  27.7   2.3   1.6 -9.00  994.1 1010.2 1012.5 2230 1005.9 1443  8.5  0.5 13.0 -9.0  7.17  1.74 1200   22.3   18.8  7.92   12.4 1553    5.4 1630   -9.0   -9   -9.0   -9   -9.0   -9 -99.0 -99.0 -99.0 -99.0 -99.0
20260831 137  0.4   381  27  3.4 1343  25  9.9 1339  24.0  26.9 1427  23.0 2335  23.6  25.4  22.1  98.4  94.0 1428  29.2   1.7   1.2 -9.00  997.4 1008.4 1010.6 2210 1005.3 1331  8.4  0.3 13.0 -9.0  4.76  0.96 1400   53.5   -9.0 -9.00   25.3 1517   21.3 1519   -9.0   -9   -9.0   -9   -9.0   -9 -99.0 -99.0 -99.0 -99.0 -99.0
20260831 138  1.6  1395   2  3.9 1726   5  6.2 1556  27.1  31.0 1455  24.4   11  23.7  28.5  23.3  82.4  66.0 1449  29.3   3.9   2.7 -9.00 1008.3 1008.8 1011.0 2309 1006.9 1510  5.9  3.9 13.0 -9.0 13.01  2.16 1100   -9.0   -9.0 -9.00   -9.0   -9   -9.0   -9   -9.0   -9   -9.0   -9   -9.0   -9  26.5  24.2  23.0  19.6  17.2
20260831 140  1.9  1620  32  5.1 1228  32  9.7 2116  23.7  24.6 1652  22.3  422  23.1  24.7  21.7  96.5  94.0  209  28.2  -9.0  -9.0 -9.00 1005.7 1008.9 1011.9 2333 1007.6  621  9.4  0.0 13.0 -9.0 -9.00 -9.00   -9  154.0   -9.0 -9.00   29.5  121   12.2 2128   -9.0   -9   -9.0   -9   -9.0   -9 -99.0 -99.0 -99.0 -99.0 -99.0
20260831 143  1.5  1281  16  3.0 1454  16  5.2 1449  27.4  32.3 1435  23.5  231  22.7  29.1  23.4  77.4  56.0 1522  27.6   5.5   3.9 -9.00 1002.8 1008.9 1011.8 2357 1007.1 1505  6.4  6.3 13.0 -9.0 17.64  3.09 1200    0.1   -9.0  0.42    0.1   -9    0.1   -9   -9.0   -9   -9.0   -9   -9.0   -9 -99.0 -99.0 -99.0 -99.0 -99.0
20260831 146  1.5  1338  32  4.9 1346  34  8.0 1344  24.8  27.6 1536  23.0  353  23.5  26.5  23.1  93.3  86.0 1543  29.0   2.3   1.6 -9.00 1001.7 1008.5 1010.9 2334 1007.2 1542  8.4  1.7 13.0 -9.0  7.43  1.72 1500   83.2   48.9 10.70   30.9 1009   15.7 1059   -9.0   -9   -9.0   -9   -9.0   -9 -99.0 -99.0 -99.0 -99.0 -99.0
20260831 152  1.7  1505  23  5.6 1535  23  8.4 1451  27.1  32.2 1504  22.9  233  22.6  28.8  22.4  78.4  52.0 1442  27.5   6.2   4.4 -9.00  999.6 1008.8 1011.3 2348 1007.1 1531  5.6  8.9 13.0 -9.0 20.87  3.06 1200   -9.0   -9.0 -9.00   -9.0   -9   -9.0   -9   -9.0   -9   -9.0   -9   -9.0   -9 -99.0 -99.0 -99.0 -99.0 -99.0
20260831 155  1.9  1644  20  4.7 1122  25  9.6 1606  27.8  31.9 1328  25.3  503  25.1  29.9  23.7  86.4  64.0 1329  31.8   5.0   3.5 -9.00 1005.4 1009.4 1011.7 2330 1008.1  332  5.5  6.7 13.0 -9.0 17.43  2.85 1200    5.4   -9.0  1.28    4.9  405    4.3  436   -9.0   -9   -9.0   -9   -9.0   -9 -99.0 -99.0 -99.0 -99.0 -99.0
20260831 156  2.9  2498  18  5.2 1645  16  9.3 1258  28.1  32.1 1611  24.7  104  25.3  29.8  24.4  85.3  72.0 1656  32.2   4.4   3.1 -9.00 1000.1 1008.0 1010.9 2248 1006.6  544  6.9  3.8 13.0 -9.0 13.97  2.19 1100    0.7   -9.0  0.33    0.7 1430    0.7 1432   -9.0   -9   -9.0   -9   -9.0   -9 -99.0 -99.0 -99.0 -99.0 -99.0
20260831 159  3.7  3235  27  7.2 1711  20 10.5 1340  28.5  31.5 1134  26.2   20  24.3  29.3  23.0  78.5  63.0 1213  30.4   6.6   4.7 -9.00 1001.3 1009.1 1011.4 2254 1007.9  308  4.8  9.3 13.0 -9.0 21.38  3.32 1200    0.0   -9.0  0.73    0.0   -9    0.0   -9   -9.0   -9   -9.0   -9   -9.0   -9  28.5  27.6  26.4  21.2  19.3
20260831 162  3.3  2853  20  5.9  947  20  9.0  946  28.2  31.4 1414  26.0 2311  24.5  29.4  24.2  81.3  66.0 1424  30.7   4.8   3.4 -9.00 1005.1 1008.7 1011.1 2353 1007.2  321  4.3  5.7 13.0 -9.0 18.47  2.94 1100    0.0   -9.0 -9.00    0.0   -9    0.0   -9   -9.0   -9   -9.0   -9   -9.0   -9 -99.0 -99.0 -99.0 -99.0 -99.0
20260831 165  4.2  3670  20  8.1 1159  18 12.8 1203  27.9  31.2 1421  24.9   10  25.4  28.3  24.0  86.8  71.0 1623  32.4   5.0   3.5 -9.00 1003.0 1008.1 1010.8 2232 1006.5  423  5.6  3.5 13.0 -9.0 15.43  2.04 1100    0.2    0.0  3.33    0.1   -9    0.1   -9   -9.0   -9   -9.0   -9   -9.0   -9  28.6  27.0  25.7  22.2  18.6
20260831 168  4.2  3591  23  7.8 1135  25 11.1 1358  27.9  30.7 1128  26.2  233  25.0  29.9  25.9  85.0  72.0 1107  31.8   5.9   4.2 -9.00 1002.1 1009.5 1011.7 2251 1008.2  304  5.8  7.8 12.9 -9.0 21.52  3.31 1100    2.1   -9.0  2.27    1.5    1    1.0   49   -9.0   -9   -9.0   -9   -9.0   -9  30.2  28.0  26.0  21.3  17.6
20260831 169  9.1  7840  18 12.4  404  20 20.1  359  27.4  31.2 1217  24.7  405  25.5  29.5  24.6  90.3  77.0 1303  32.7   5.9   4.1 -9.00  998.5 1007.0 1009.4 2051 1005.2  551  7.5  6.0 13.0 -9.0 17.39  2.99 1200   53.9   -9.0  5.43   23.8  401   11.2  448   -9.0   -9   -9.0   -9   -9.0   -9 -99.0 -99.0 -99.0 -99.0 -99.0
20260831 170  2.9  2484  18  6.1 1145  18  9.2 1150  28.4  33.6 1250  25.7 2354  25.5  30.4  25.8  84.8  64.0 1305  32.6   5.3   3.7 -9.00 1004.8 1008.8 1011.1 2241 1007.2  328  4.8  6.5 12.9 -9.0 17.89  3.01 1200   -9.0   -9.0 -9.00   -9.0   -9   -9.0   -9   -9.0   -9   -9.0   -9   -9.0   -9 -99.0 -99.0 -99.0 -99.0 -99.0
20260831 172  2.8  2458  20  6.1 1404  25 11.8  931  26.8  30.4 1420  23.1  618  25.2  26.6  22.9  92.0  81.0 1404  32.2   3.2   2.2 -9.00 1001.8 1007.8 1010.3 2254 1005.6  535  7.6  1.7 13.0 -9.0  9.97  1.91 1000   84.1   -9.0 -9.00   51.4  549   21.3  605   -9.0   -9   -9.0   -9   -9.0   -9 -99.0 -99.0 -99.0 -99.0 -99.0
20260831 174  1.7  1431  16  4.0 1434  16  7.7 1108  26.2  30.1 1042  22.8  112  23.1  29.6  22.8  84.5  66.0 1518  28.3  -9.0  -9.0 -9.00  988.9 1007.5 1010.1 2334 1006.0 1539  5.5  4.2 13.0 -9.0 -9.00 -9.00   -9   21.0   -9.0 -9.00   18.7    9    9.6   29   -9.0   -9   -9.0   -9   -9.0   -9 -99.0 -99.0 -99.0 -99.0 -99.0
20260831 177  1.3  1147   7  3.9 2124   7  6.2 2120  23.5  25.1    5  22.5 1836  22.7  24.7  19.4  95.9  92.0   44  27.6   0.6   0.5 -9.00 1004.0 1007.2 1008.9 2036 1005.9  323 10.0  0.0 13.0 -9.0  1.34  0.18 1100  195.5  182.9 22.25   62.2 2023   15.9 2038   -9.0   -9   -9.0   -9   -9.0   -9 -99.0 -99.0 -99.0 -99.0 -99.0
20260831 181  1.1   984  11  3.0 1220  34  4.5 1641  23.4  24.5   30  22.7 2338  22.7  26.2  23.6  96.4  91.0 1445  27.6   0.9   0.7 -9.00 1005.3 1009.1 1011.1 2243 1007.6  332  9.9  0.0 13.0 -9.0  2.93  0.54 1400   41.3   -9.0 -9.00    8.2 1016    8.0 2227   -9.0   -9   -9.0   -9   -9.0   -9 -99.0 -99.0 -99.0 -99.0 -99.0
20260831 184  2.7  2354   5  6.0 1516   2  9.3 1646  30.2  33.9 1341  27.4  539  24.1  34.5  24.7  70.8  54.0 1635  30.1   7.3   5.1 -9.00 1005.4 1007.7 1009.9 2139 1006.2 1548  3.9 12.1 12.9 -9.0 21.12  3.01 1200   -9.0   -9.0 -9.00   -9.0   -9   -9.0   -9   -9.0   -9   -9.0   -9   -9.0   -9  30.5  29.1  28.4  25.2  20.0
20260831 185  8.2  7092  16 10.5 1215  16 12.6  411  27.8  29.8 1114  26.6 2300  24.6  30.1  24.9  83.0  75.0 1227  30.9   6.8   4.7 -9.00 1000.5 1008.5 1010.9 2147 1007.1  344  3.9  8.7 12.9 -9.0 20.72  2.96 1200    0.0   -9.0 -9.00    0.0   -9    0.0   -9   -9.0   -9   -9.0   -9   -9.0   -9 -99.0 -99.0 -99.0 -99.0 -99.0
20260831 188  4.3  3685  18  6.8 1110  18  9.4  920  28.2  30.4 1143  25.9 2348  24.9  28.9  25.7  82.9  74.0 1424  31.5  -9.0  -9.0 -9.00 1007.2 1009.5 1011.7 2156 1008.0  318  2.5  7.2 12.9 -9.0 -9.00 -9.00   -9    3.4   -9.0 -9.00    3.4    9    2.7   15   -9.0   -9   -9.0   -9   -9.0   -9 -99.0 -99.0 -99.0 -99.0 -99.0
20260831 189  3.1  2688  20  4.9 1422  25  8.6 1402  29.1  32.2 1307  27.0 2338  24.9  30.7  26.4  78.5  67.0 1509  31.4   6.6   4.7 -9.00 1003.7 1009.6 1011.8 2141 1008.1  331  5.0  7.8 12.9 -9.0 22.23  3.32 1200    0.2    0.0  0.42    0.2   -9    0.2   -9   -9.0   -9   -9.0   -9   -9.0   -9 -99.0 -99.0 -99.0 -99.0 -99.0
20260831 192  0.9   777  20  3.2 1524  18  6.8 1201  25.9  29.6 1212  23.0   29  23.4  30.2  24.2  87.1  71.0 1354  28.8   5.3   3.7 -9.00 1005.9 1009.3 1011.7 2331 1008.0 1601  5.1  8.3 13.0 -9.0 20.90  3.20 1100   -9.0   -9.0 -9.00   -9.0   -9   -9.0   -9   -9.0   -9   -9.0   -9   -9.0   -9 -99.0 -99.0 -99.0 -99.0 -99.0
20260831 201  0.9   755   9  2.1 1430  11  4.3 1429  23.0  24.6 1303  21.6 1909  22.9  23.9  21.5 100.0  96.0    1  28.0  -9.0  -9.0 -9.00 1004.0 1009.5 1011.5 2228 1007.9 1614 10.0  0.0 13.1 -9.0 -9.00 -9.00   -9   17.6   -9.0 -9.00    3.8  756    1.3  818   -9.0   -9   -9.0   -9   -9.0   -9 -99.0 -99.0 -99.0 -99.0 -99.0
20260831 202  0.9   757  18  2.7 1921  18  4.8 2344  23.9  25.2 1326  23.0 2332  23.1  26.3  23.1  95.5  88.0 1335  28.2  -9.0  -9.0 -9.00 1004.0 1009.4 1011.2 2400 1008.2  334 10.0  0.0 13.0 -9.0 -9.00 -9.00   -9   32.8   -9.0 -9.00    8.3 2315    3.7  158   -9.0   -9   -9.0   -9   -9.0   -9 -99.0 -99.0 -99.0 -99.0 -99.0
20260831 203  0.5   405   5  1.7 1148  36  3.5 1140  23.9  25.0 1606  23.1 2349  23.8  25.9  23.1 100.0  95.0   30  29.5  -9.0  -9.0 -9.00 1000.6 1009.7 1011.6 2150 1008.3  348 10.0  0.0 13.0 -9.0 -9.00 -9.00  100   81.9   -9.0 -9.00   16.7 2249    7.7  239   -9.0   -9   -9.0   -9   -9.0   -9 -99.0 -99.0 -99.0 -99.0 -99.0
20260831 211  0.8   669   5  2.0  947   7  3.4  802  22.3  24.0 1412  21.1 2348  21.4  24.7  20.5  95.0  89.0   10  25.5  -9.0  -9.0 -9.00  986.7 1009.7 1011.8 2214 1008.1  408 10.0  0.0 13.1 -9.0 -9.00 -9.00   -9   28.3   -9.0 -9.00    9.8  453    3.7  502   -9.0   -9   -9.0   -9   -9.0   -9 -99.0 -99.0 -99.0 -99.0 -99.0
20260831 212  0.7   620   9  1.7 2314   7  3.0 2309  23.6  25.0 1406  22.5 2353  22.8  24.9  22.2  95.4  86.0 1524  27.7  -9.0  -9.0 -9.00  993.9 1009.9 1011.9 2208 1008.4  400 10.0  0.0 13.1 -9.0 -9.00 -9.00   -9   26.1   -9.0 -9.00    5.4  335    1.9  335   -9.0   -9   -9.0   -9   -9.0   -9 -99.0 -99.0 -99.0 -99.0 -99.0
20260831 216  0.9   754   5  2.7 1302   2  4.5 1255  21.8  23.2 1123  20.7 2343  21.0  23.6  21.3  95.6  88.0 1214  24.8   1.4   1.0 -9.00  930.9 1009.9 1012.0 2244 1008.5  848  9.9  0.0 13.0 -9.0  4.61  0.73 1100   26.4   -9.0 -9.00   10.5  425    4.9 1721   -9.0   -9   -9.0   -9   -9.0   -9 -99.0 -99.0 -99.0 -99.0 -99.0
20260831 217  0.7   571  18  2.1 1218   5  3.4 1250  23.3  27.0 1411  21.9 2307  22.4  25.5  21.6  95.4  78.0 1420  27.1  -9.0  -9.0 -9.00  973.7 1009.0 1011.3 2227 1007.5 1339  9.6  0.0 13.0 -9.0 -9.00 -9.00   -9   33.1   -9.0 -9.00   11.3 1514    4.3 1517   -9.0   -9   -9.0   -9   -9.0   -9 -99.0 -99.0 -99.0 -99.0 -99.0
20260831 221  0.7   582   5  2.3 1214   5  4.1 1227  22.8  24.8 1322  22.0  512  22.7  25.1  22.6  99.5  92.0 1334  27.5  -9.0  -9.0 -9.00  979.5 1009.5 1011.5 2224 1008.3  809 10.0  0.0 13.0 -9.0 -9.00 -9.00   -9   32.5   -9.0 -9.00    8.6  214    4.9  231   -9.0   -9   -9.0   -9   -9.0   -9 -99.0 -99.0 -99.0 -99.0 -99.0
20260831 226  0.7   575  32  2.7 1425  36  5.3 1423  23.3  25.1 1314  22.5  912  23.2  25.0  21.6  99.9  92.0 1533  28.4  -9.0  -9.0 -9.00  989.8 1009.3 1011.5 2324 1007.7 1346  9.4  0.0 13.0 -9.0 -9.00 -9.00   -9   74.2   -9.0 -9.00   20.2 1337   11.4 1417   -9.0   -9   -9.0   -9   -9.0   -9 -99.0 -99.0 -99.0 -99.0 -99.0
20260831 232  1.0   882  18  4.0 2236  23  7.0 2233  24.0  24.6 1458  23.1 2119  23.8  26.6  23.2  99.0  95.0 1543  29.5  -9.0  -9.0 -9.00  999.9 1009.6 1011.4 2247 1008.1  346 10.0  0.0 13.0 -9.0 -9.00 -9.00   -9   48.1   -9.0 -9.00    8.6 2208    2.8 2230   -9.0   -9   -9.0   -9   -9.0   -9 -99.0 -99.0 -99.0 -99.0 -99.0
20260831 235  1.7  1439  16  4.8 2326  20  9.4 2325  24.1  25.0    1  23.0 1645  23.1  25.3  23.5  94.6  88.0 1212  28.3   0.9   0.6 -9.00 1006.4 1007.5 1009.6 2137 1006.2  406  9.8  0.0 13.0 -9.0  1.43  0.28 1200  122.0   -9.0 -9.00   24.2 2030   18.1 2045   -9.0   -9   -9.0   -9   -9.0   -9 -99.0 -99.0 -99.0 -99.0 -99.0
20260831 236  0.7   667  27  4.3 2131  27  8.0 2124  23.6  24.7   40  22.8  812  23.3  25.5  23.2  98.8  94.0 1801  28.6  -9.0  -9.0 -9.00 1007.3 1008.8 1011.7 2124 1007.5  650  9.6  0.0 13.0 -9.0 -9.00 -9.00   -9  109.9   -9.0 -9.00   17.3 2120   13.8 2124   -9.0   -9   -9.0   -9   -9.0   -9 -99.0 -99.0 -99.0 -99.0 -99.0
20260831 238  0.5   397  29  2.9 1355  32  7.1 1346  23.6  25.9 1613  22.7  609  23.3  25.5  21.4  98.6  86.0 1616  28.6  -9.0  -9.0 -9.00  989.3 1008.6 1010.8 2338 1006.8 1328  8.8  0.2 13.0 -9.0 -9.00 -9.00   -9   87.1   -9.0 -9.00   28.8 1128   14.2 1348   -9.0   -9   -9.0   -9   -9.0   -9 -99.0 -99.0 -99.0 -99.0 -99.0
20260831 239  0.8   728  11  3.0 1124  16  6.1 2201  23.4  24.8    1  22.5  647  23.2  26.5  23.9  99.5  97.0  521  28.5   0.8   0.5 -9.00  998.0 1008.2 1011.2 2202 1007.0  322 10.0  0.0 13.0 -9.0  2.16  0.28 1500   62.9   -9.0 -9.00   11.8   14    8.8   16   -9.0   -9   -9.0   -9   -9.0   -9 -99.0 -99.0 -99.0 -99.0 -99.0
20260831 243  1.5  1305   7  4.1  609   7  7.6  614  24.5  27.8 1723  22.0  544  23.5  25.3  21.0  94.9  85.0 1723  29.1  -9.0  -9.0 -9.00 1006.9 1008.3 1011.0 2329 1007.1  603  9.1  1.1 13.0 -9.0 -9.00 -9.00   -9  146.8   -9.0 -9.00   62.1  517   15.5  544   -9.0   -9   -9.0   -9   -9.0   -9 -99.0 -99.0 -99.0 -99.0 -99.0
20260831 244  1.4  1245  25  5.8 1430  25 11.3 1427  25.6  30.7 1331  23.1  100  23.6  26.9  23.2  89.5  66.0 1428  29.2  -9.0  -9.0 -9.00  980.5 1008.2 1011.0 2315 1006.2 1543  7.6  2.9 13.0 -9.0 -9.00 -9.00   -9    5.4   -9.0 -9.00    2.4  229    2.1 1427   -9.0   -9   -9.0   -9   -9.0   -9 -99.0 -99.0 -99.0 -99.0 -99.0
20260831 245  2.0  1716   5  4.1  654  27  7.0  729  25.5  28.1 1709  22.5  648  24.2  27.0  22.3  92.6  86.0 1249  30.2   2.7   1.9 -9.00 1000.2 1008.0 1010.5 2257 1006.7  440  8.3  1.5 13.0 -9.0  8.92  1.92 1200   99.6   -9.0 -9.00   47.0  642   16.3  652   -9.0   -9   -9.0   -9   -9.0   -9 -99.0 -99.0 -99.0 -99.0 -99.0
20260831 247  2.4  2086  18  5.6 1535  16  9.6 1409  27.0  32.0 1427  23.5   14  23.9  28.1  23.1  84.6  67.0 1511  29.7  -9.0  -9.0 -9.00  993.2 1008.2 1011.1 2333 1006.4 1542  6.9  6.7 13.0 -9.0 -9.00 -9.00   -9    5.0   -9.0 -9.00    3.5   -9    2.7  314   -9.0   -9   -9.0   -9   -9.0   -9 -99.0 -99.0 -99.0 -99.0 -99.0
20260831 248  1.2  1076  20  5.1 1331  23 12.5 1343  24.8  30.2 1406  22.0 2128  22.4  25.9  20.8  88.1  63.0 1408  27.1  -9.0  -9.0 -9.00  963.4 1008.8 1011.9 2338 1006.6 1457  7.5  3.1 13.0 -9.0 -9.00 -9.00   -9    2.2   -9.0 -9.00    2.0  354    1.5  409   -9.0   -9   -9.0   -9   -9.0   -9 -99.0 -99.0 -99.0 -99.0 -99.0
20260831 251  2.2  1939  34  5.3  618   5 10.2  557  26.3  31.4 1422  22.5  627  25.0  26.6  22.4  93.0  77.0 1423  31.7   3.0   2.1 -9.00 1001.9 1007.6 1010.3 2236 1005.5  600  7.8  1.2 13.0 -9.0  8.74  1.65 1400   78.0   -9.0 -9.00   42.1  558   20.0  619   -9.0   -9   -9.0   -9   -9.0   -9 -99.0 -99.0 -99.0 -99.0 -99.0
20260831 252  2.1  1830  20  5.4 1414  23  9.1 1500  26.4  31.3 1440  22.5  530  24.4  27.1  22.2  89.4  72.0 1453  30.5   3.8   2.7 -9.00 1003.5 1007.7 1010.2 2247 1005.6  352  7.9  3.4 13.0 -9.0 11.85  2.69 1400  120.8   -9.0 -9.00   50.3  507   16.6  520   -9.0   -9   -9.0   -9   -9.0   -9 -99.0 -99.0 -99.0 -99.0 -99.0
20260831 253  1.7  1461  16  5.7 1317  14  8.7 1430  27.9  31.6 1200  24.3  216  25.5  30.4  23.7  87.6  69.0 1259  32.7   5.2   3.7 -9.00 1004.1 1010.3 1012.6 2346 1009.0  339  4.8  7.8 13.0 -9.0 19.33  2.73 1100   -9.0   -9.0 -9.00   -9.0   -9   -9.0   -9   -9.0   -9   -9.0   -9   -9.0   -9 -99.0 -99.0 -99.0 -99.0 -99.0
20260831 254  1.6  1345  16  5.7 1215  16  9.9 1534  27.0  32.2 1345  23.6   51  23.6  28.3  23.1  83.5  61.0 1346  29.2   4.8   3.3 -9.00  994.1 1008.6 1011.5 2257 1006.9 1518  7.0  3.4 13.0 -9.0 15.18  3.15 1300    4.5   -9.0 -9.00    2.3   -9    2.3  329   -9.0   -9   -9.0   -9   -9.0   -9 -99.0 -99.0 -99.0 -99.0 -99.0
20260831 255  1.2  1035  20  2.7 1359  23  7.5 1244  28.4  33.4 1306  25.1  121  24.7  29.0  24.2  81.8  57.0 1441  31.2   5.0   3.5 -9.00 1003.2 1009.0 1011.4 2333 1007.6 1511  5.1  7.0 13.0 -9.0 17.71  2.65 1300    0.6   -9.0 -9.00    0.6  547    0.5  613   -9.0   -9   -9.0   -9   -9.0   -9 -99.0 -99.0 -99.0 -99.0 -99.0
20260831 257  1.6  1408  23  4.5 1348  23  8.3 1347  27.9  33.4 1328  24.2    2  24.6  29.6  23.3  84.8  53.0 1346  31.0   6.1   4.3 -9.00 1008.8 1009.5 1012.0 2352 1008.1 1546  5.0  8.9 13.0 -9.0 21.31  3.17 1200   -9.0   -9.0 -9.00   -9.0   -9   -9.0   -9   -9.0   -9   -9.0   -9   -9.0   -9 -99.0 -99.0 -99.0 -99.0 -99.0
20260831 258  2.8  2387  23  6.0 1216  23  8.1 1154  27.8  30.9 1209  24.6    1  25.6  29.1  24.6  88.1  72.0 1310  32.7   4.2   3.0 -9.00 1009.1 1009.3 1011.6 2236 1008.0  304  5.3  3.5 13.0 -9.0 14.85  2.46 1300    5.2   -9.0 -9.00    4.1  316    2.3  346   -9.0   -9   -9.0   -9   -9.0   -9 -99.0 -99.0 -99.0 -99.0 -99.0
20260831 259  1.1   983  20  3.4 1245  20  6.8 1241  28.5  32.6 1455  25.5 2340  25.8  31.6  26.3  86.4  68.0 1351  33.2   5.8   4.0 -9.00 1006.5 1008.3 1010.8 2241 1006.8  442  4.4  7.0 12.9 -9.0 22.09  3.37 1300    0.7   -9.0 -9.00    0.7   32    0.5   55   -9.0   -9   -9.0   -9   -9.0   -9 -99.0 -99.0 -99.0 -99.0 -99.0
20260831 260  2.8  2424  16  5.7 1403  16  8.6  446  28.0  31.0 1326  26.0   39  25.7  30.7  26.2  87.6  78.0 1328  33.0  -9.0  -9.0 -9.00 1003.5 1008.4 1011.0 2257 1007.0  441  4.6  6.3 13.0 -9.0 -9.00 -9.00   -9    0.6   -9.0 -9.00    0.6  152    0.2   -9   -9.0   -9   -9.0   -9   -9.0   -9 -99.0 -99.0 -99.0 -99.0 -99.0
20260831 261  2.3  1950  20  6.5 1456  23  9.6 1118  28.4  31.6 1608  25.5  448  25.9  31.1  25.3  87.1  74.0 1446  33.5  -9.0  -9.0 -9.00 1006.8 1008.7 1011.2 2239 1007.2  313  4.1  5.9 12.9 -9.0 -9.00 -9.00   -9    2.0   -9.0 -9.00    1.7    1    1.5   22   -9.0   -9   -9.0   -9   -9.0   -9 -99.0 -99.0 -99.0 -99.0 -99.0
20260831 262  1.9  1682  18  5.5 1419  23  9.8 1302  27.7  31.4 1540  24.2 2348  24.7  29.9  26.8  84.8  69.0 1255  31.2   4.7   3.3 -9.00 1003.2 1009.0 1011.3 2348 1007.6  329  5.3  5.9 12.9 -9.0 16.67  2.41 1200    0.4   -9.0 -9.00    0.4   -9    0.3  259   -9.0   -9   -9.0   -9   -9.0   -9 -99.0 -99.0 -99.0 -99.0 -99.0
20260831 263  1.6  1399  20  5.1 1354  20  9.6 1556  26.7  31.9 1302  23.4 2357  23.9  30.6  23.4  86.4  65.0 1229  29.7   5.6   3.9 -9.00 1007.7 1009.3 1011.7 2340 1007.8 1524  5.8  6.6 13.0 -9.0 20.06  3.37 1200   -9.0   -9.0 -9.00   -9.0   -9   -9.0   -9   -9.0   -9   -9.0   -9   -9.0   -9 -99.0 -99.0 -99.0 -99.0 -99.0
20260831 264  1.0   850  27  4.2 1531  29  7.0 1524  27.0  33.6 1458  23.1 2359  24.2  29.3  22.5  86.9  54.0 1516  30.3   4.9   3.4 -9.00  991.7 1008.8 1011.7 2340 1006.4 1537  6.6  5.2 13.0 -9.0 17.91  2.99 1400    0.2   -9.0 -9.00    0.2   -9    0.2   -9   -9.0   -9   -9.0   -9   -9.0   -9 -99.0 -99.0 -99.0 -99.0 -99.0
20260831 266  1.5  1276  18  3.7 1239  20  8.3 1314  27.7  31.3 1312  24.4    1  25.5  31.1  25.8  88.9  70.0 1229  32.7   4.6   3.2 -9.00  999.7 1009.6 1012.0 2345 1008.3  300  5.6  5.2 13.0 -9.0 17.67  2.92 1100    3.3   -9.0 -9.00    1.7  643    0.9  642   -9.0   -9   -9.0   -9   -9.0   -9 -99.0 -99.0 -99.0 -99.0 -99.0
20260831 268  3.1  2681  20  5.8 1249  20 10.9 1419  28.3  31.2 1611  26.5 2317  25.1  30.0  25.4  83.3  71.0 1554  31.8  -9.0  -9.0 -9.00 1005.8 1006.9 1009.3 2240 1005.4  257  4.3  6.3 12.9 -9.0 -9.00 -9.00   -9   -9.0   -9.0 -9.00   -9.0   -9   -9.0   -9   -9.0   -9   -9.0   -9   -9.0   -9 -99.0 -99.0 -99.0 -99.0 -99.0
20260831 271  0.6   511  20  3.8 1653  23  8.0 1648  23.5  25.7 1525  21.8 2236  22.6  25.2  21.4  95.4  83.0 1131  27.5  -9.0  -9.0 -9.00  973.4 1010.0 1012.3 2219 1008.4 1518  9.3  0.0 13.0 -9.0 -9.00 -9.00   -9   16.9   -9.0 -9.00    5.0  632    4.7 1649   -9.0   -9   -9.0   -9   -9.0   -9 -99.0 -99.0 -99.0 -99.0 -99.0
20260831 272  0.5   451  27  3.2 1558  25  5.4 1558  23.5  24.8 1132  22.5 2336  23.4  26.0  22.8  99.8  96.0 1503  28.8  -9.0  -9.0 -9.00  985.6 1009.6 1011.7 2224 1008.0 1453  9.5  0.0 13.0 -9.0 -9.00 -9.00   -9   38.0   -9.0 -9.00   17.3 1527    9.6 1558   -9.0   -9   -9.0   -9   -9.0   -9 -99.0 -99.0 -99.0 -99.0 -99.0
20260831 273  0.6   499  29  5.5 1508  29 10.0 1504  23.7  25.5 1416  22.4 1515  23.6  25.3  21.3  99.6  96.0 1746  29.1  -9.0  -9.0 -9.00  989.3 1009.0 1010.9 2215 1007.0 1412  8.9  0.1 13.0 -9.0 -9.00 -9.00   -9   67.3   -9.0 -9.00   26.3 1459   21.1 1504   -9.0   -9   -9.0   -9   -9.0   -9 -99.0 -99.0 -99.0 -99.0 -99.0
20260831 276  1.0   865  14  4.4 1517  11  7.4 1508  25.3  32.3 1433  21.8 2343  24.0  27.4  20.8  93.3  65.0 1430  29.9   3.3   2.3 -9.00  985.5 1009.0 1011.5 2344 1006.3 1458  7.4  2.1 13.0 -9.0 12.23  2.46 1400    4.5   -9.0 -9.00    4.4   -9    4.0  235   -9.0   -9   -9.0   -9   -9.0   -9 -99.0 -99.0 -99.0 -99.0 -99.0
20260831 277  1.4  1198   2  5.6 1338   5  8.8 1330  24.7  28.5 1205  22.6  111  23.4  27.5  22.3  92.9  77.0 1131  28.7  -9.0  -9.0 -9.00 1005.0 1009.7 1011.5 2351 1008.3  337  7.5  1.5 13.0 -9.0 -9.00 -9.00   -9    0.3   -9.0 -9.00    0.3  335    0.2   -9   -9.0   -9   -9.0   -9   -9.0   -9 -99.0 -99.0 -99.0 -99.0 -99.0
20260831 278  0.7   616  34  4.8 1632  32 10.3 1627  25.7  32.4 1519  23.3 2359  24.0  28.0  22.7  91.6  63.0 1402  29.8  -9.0  -9.0 -9.00  998.9 1008.2 1010.6 2233 1005.4 1521  7.9  1.6 13.0 -9.0 -9.00 -9.00   -9    0.4   -9.0 -9.00    0.4  157    0.4  204   -9.0   -9   -9.0   -9   -9.0   -9 -99.0 -99.0 -99.0 -99.0 -99.0
20260831 279  0.8   699  11  3.3 1420   9  6.8 1417  26.2  33.4 1605  23.5 2354  23.1  28.4  23.0  84.1  57.0 1606  28.2   3.4   2.4 -9.00 1003.2 1008.7 1011.2 2222 1005.7 1519  7.3  2.6 13.0 -9.0 10.67  2.21 1500    0.0   -9.0 -9.00    0.0   -9    0.0   -9   -9.0   -9   -9.0   -9   -9.0   -9 -99.0 -99.0 -99.0 -99.0 -99.0
20260831 281  1.0   893  18  3.3 1428  23  7.0 1547  26.6  32.8 1357  22.7  346  23.0  28.0  22.5  83.5  51.0 1429  28.1  -9.0  -9.0 -9.00  998.7 1009.6 1012.0 2245 1007.6 1528  6.3  7.1 13.0 -9.0 -9.00 -9.00   -9    0.2   -9.0 -9.00    0.1   -9    0.1   -9   -9.0   -9   -9.0   -9   -9.0   -9 -99.0 -99.0 -99.0 -99.0 -99.0
20260831 283  1.8  1551  18  4.8 1339  18  7.6 1524  26.8  33.8 1331  22.8  530  23.2  27.9  21.1  83.0  56.0 1334  28.5   6.1   4.3 -9.00 1005.1 1009.6 1012.0 2305 1007.8 1512  6.8  7.2 13.0 -9.0 19.95  3.19 1100   -9.0   -9.0 -9.00   -9.0   -9   -9.0   -9   -9.0   -9   -9.0   -9   -9.0   -9 -99.0 -99.0 -99.0 -99.0 -99.0
20260831 284  1.8  1568  18  4.9 1413  20  8.7 1428  26.6  32.5 1517  23.4 2359  23.8  28.4  22.6  86.1  64.0 1446  29.6   5.3   3.7 -9.00  983.0 1008.7 1011.6 2355 1006.1 1516  6.3  6.2 13.0 -9.0 18.34  3.03 1400   -9.0   -9.0 -9.00   -9.0   -9   -9.0   -9   -9.0   -9   -9.0   -9   -9.0   -9 -99.0 -99.0 -99.0 -99.0 -99.0
20260831 285  1.1   936  20  3.6 1503  25  7.5 1426  27.2  32.8 1238  24.0  303  24.4  29.7  24.5  85.8  63.0 1241  30.5  -9.0  -9.0 -9.00 1006.2 1009.2 1011.7 2359 1007.4 1526  5.9  5.8 13.0 -9.0 -9.00 -9.00   -9    0.0   -9.0 -9.00    0.0   -9    0.0   -9   -9.0   -9   -9.0   -9   -9.0   -9 -99.0 -99.0 -99.0 -99.0 -99.0
20260831 288  1.3  1153  18  3.9 1331  18  8.0 1350  27.9  33.8 1145  23.8    5  23.8  29.4  24.6  80.1  54.0 1326  29.5   6.1   4.2 -9.00 1006.9 1007.8 1010.3 2340 1006.2 1521  5.5  7.4 13.0 -9.0 20.72  3.28 1100    1.2   -9.0 -9.00    0.7  432    0.4  522   -9.0   -9   -9.0   -9   -9.0   -9 -99.0 -99.0 -99.0 -99.0 -99.0
20260831 289  1.9  1626   7  4.4 2301   7 10.4 1121  27.2  31.5 1204  24.1  506  24.7  30.3  23.9  87.3  67.0 1619  31.0  -9.0  -9.0 -9.00  993.9 1009.5 1012.1 2345 1007.9 1530  5.9  5.2 13.0 -9.0 -9.00 -9.00   -9    0.0   -9.0 -9.00    0.0   -9    0.0   -9   -9.0   -9   -9.0   -9   -9.0   -9 -99.0 -99.0 -99.0 -99.0 -99.0
20260831 294  1.6  1368   9  3.9 1001  18  9.8 1031  27.6  30.3 1208  25.6 2152  24.0  29.8  24.5  81.4  69.0 1215  29.9  -9.0  -9.0 -9.00 1005.1 1010.2 1012.5 2343 1008.6  351  4.4  3.7 13.0 -9.0 -9.00 -9.00   -9    0.0   -9.0 -9.00    0.0   -9    0.0   -9   -9.0   -9   -9.0   -9   -9.0   -9 -99.0 -99.0 -99.0 -99.0 -99.0
20260831 295  1.6  1361  18  3.9 1047  18  7.4 1053  27.0  29.9 1106  24.6 2303  24.5  28.7  23.3  86.6  75.0 1127  30.7  -9.0  -9.0 -9.00 1004.4 1009.6 1011.8 2335 1008.1  319  4.9  2.6 13.0 -9.0 -9.00 -9.00   -9    5.9   -9.0 -9.00    4.1  106    2.7  123   -9.0   -9   -9.0   -9   -9.0   -9 -99.0 -99.0 -99.0 -99.0 -99.0
20260831 296  2.0  1759  18  6.2 1447  18 10.3 1544  27.8  31.9 1300  24.5  516  25.1  29.3  19.6  86.1  68.0 1226  31.9   6.0   4.2 -9.00 1008.4 1008.7 1011.1 2333 1007.5  344  4.5  9.9 13.0 -9.0 21.85  3.00 1200   -9.0   -9.0 -9.00   -9.0   -9   -9.0   -9   -9.0   -9   -9.0   -9   -9.0   -9 -99.0 -99.0 -99.0 -99.0 -99.0
20260901  90  1.1   982  32  3.7  816   2  6.8  814  23.2  24.1 1719  22.4   15  22.0  24.4  23.1  93.6  85.0  922  26.5   1.1   0.7 -9.00 1009.6 1011.6 1012.7 2047 1010.1    3  9.9  0.0 13.0 -9.0  3.32  0.45  900    5.8   -9.0 -9.00    2.2 1302    1.3  812   -9.0   -9   -9.0   -9   -9.0   -9 -99.0 -99.0 -99.0 -99.0 -99.0
20260901  93  0.6   533  34  3.4 1258  34  6.1 1255  22.6  24.4 1442  21.6 2158  22.0  24.8  23.2  97.1  89.0 1444  26.5   1.0   0.7 -9.00 1000.7 1011.7 1013.0 1120 1010.1 1352 10.0  0.3 13.0 -9.0  3.56  0.78 1300   13.3   10.4 20.17    2.9 1153    2.0  654   -9.0   -9   -9.0   -9   -9.0   -9  26.8  27.1  26.0  22.7  19.6
20260901  95  0.7   647  16  2.5  237  25  5.2  743  22.1  24.7 1534  20.9  846  21.8  24.4  21.9  98.5  84.0 1605  26.1   1.3   0.9 -9.00  994.0 1011.9 1013.4 1051 1010.7  223  9.8  0.7 13.0 -9.0  4.65  1.10 1400   17.9    3.3 -9.00   10.0  737    3.7  740   -9.0   -9   -9.0   -9   -9.0   -9 -99.0 -99.0 -99.0 -99.0 -99.0
20260901  98  0.4   332  18  1.5 1649  20  3.3 1644  22.3  24.5 1356  21.6  938  20.6  24.8  22.6  90.5  80.0 1400  24.3   1.2   0.9 -9.00  998.0 1011.2 1012.7 1039 1009.9  455  9.5  0.1 13.0 -9.0  3.80  1.12 1300   11.1   -9.0 -9.00    4.8  652    2.1  653   -9.0   -9   -9.0   -9   -9.0   -9 -99.0 -99.0 -99.0 -99.0 -99.0
20260901  99  1.1   972   9  3.0 1501   7  4.4  139  22.4  24.8 1407  21.0 2244  21.9  25.1  21.2  97.3  86.0 1346  26.2   1.3   0.9 -9.00 1008.2 1011.7 1012.8 2202 1010.5  136  9.5  0.0 13.0 -9.0  4.14  1.02 1300    6.9   -9.0 -9.00    4.0  628    2.6  707   -9.0   -9   -9.0   -9   -9.0   -9 -99.0 -99.0 -99.0 -99.0 -99.0
20260901 100  1.4  1229  29  3.6 1226  29  6.1 1322  20.1  22.5 1429  18.7 2216  19.6  22.2  18.8  97.3  89.0 1433  22.8   1.4   1.0 -9.00  925.7 1011.4 1013.0 2110 1010.2 1534  9.9  0.0 13.0 -9.0  5.73  0.97 1400   11.0   -9.0 -9.00    6.0   50    3.9  134   -9.0   -9   -9.0   -9   -9.0   -9 -99.0 -99.0 -99.0 -99.0 -99.0
20260901 101  0.8   659  29  4.7 1255  29  8.4 1252  22.6  24.1 1546  21.7 2345  21.3  25.0  22.2  93.0  86.0 1449  25.4   1.0   0.7 -9.00 1001.9 1010.6 1011.9 1118 1008.9 1351 10.0  0.0 13.0 -9.0  3.21  0.69 1400   12.5   11.9 -9.00    3.0 1103    0.9  650   -9.0   -9   -9.0   -9   -9.0   -9  27.2  26.0  24.6  20.2  16.6
20260901 102  2.6  2205  34  5.0 1348  34  7.5 1605  22.4  24.8 1100  20.6  309  20.6  23.6  20.1  90.3  82.0 1101  24.3   3.4   2.4 -9.00 1006.3 1010.5 1011.9 2106 1009.1  201  7.3  3.0 13.0 -9.0 12.33  2.05 1500    0.1   -9.0  0.83    0.3   -9    0.1   -9   -9.0   -9   -9.0   -9   -9.0   -9 -99.0 -99.0 -99.0 -99.0 -99.0
20260901 104  0.7   626  11  2.1 1450  32  3.6 1649  22.7  24.1 1420  21.5 2328  22.3  24.2  21.4  98.3  95.0 1040  27.0   1.3   0.9 -9.00 1002.2 1010.9 1012.2 2112 1009.4  206  9.8  0.0 13.0 -9.0  4.13  0.63 1100   14.1    1.8 10.08    7.3  551    3.0  601   -9.0   -9   -9.0   -9   -9.0   -9  26.0  25.3  24.4  20.3  16.6
20260901 105  0.9   819  29  2.9 1706  11  5.2 1700  23.1  24.6 1453  22.3 2044  21.6  24.8  22.8  91.8  84.0 1535  25.8   1.3   0.9 -9.00 1008.6 1011.7 1013.0 2111 1010.2  207  9.9  0.0 13.0 -9.0  3.80  0.60 1100    7.5   -9.0 -9.00    3.1  122    1.9  206   -9.0   -9   -9.0   -9   -9.0   -9  26.6  25.9  25.1  20.7  17.2
20260901 106  1.5  1280  34  3.6 1837  36  6.2 1846  23.7  27.9 1324  22.5 2357  22.8  25.9  22.2  94.9  80.0 1326  27.7   2.2   1.5 -9.00 1007.0 1011.7 1013.0 2029 1010.2  234  9.0  0.7 13.0 -9.0  8.64  2.34 1300    1.0   -9.0 -9.00    0.6 1625    0.5 1705   -9.0   -9   -9.0   -9   -9.0   -9 -99.0 -99.0 -99.0 -99.0 -99.0
20260901 108  1.7  1476   5  3.6 1734  11  6.1 1613  22.8  24.5 1423  21.9 1956  21.5  23.1  21.1  92.4  83.0 1544  25.6   1.3   0.9 -9.00 1001.3 1011.2 1012.3 1036 1009.8  505  9.8  0.0 13.0 -9.0  3.34  0.71 1200   23.1   14.4 20.58    6.1  955    1.2  955   -9.0   -9   -9.0   -9   -9.0   -9  27.0  26.2  25.6  21.4  16.8
20260901 112  1.5  1291   7  3.6 1733  23  5.9  604  23.0  24.0 1521  21.7  713  22.6  24.4  21.4  97.9  92.0 1724  27.5   1.2   0.9 -9.00 1002.8 1010.7 1012.1 2343 1009.4  438  9.9  0.0 13.0 -9.0  4.04  0.86 1100   38.8   10.7 19.58   21.5  536    8.5  609   -9.0   -9   -9.0   -9   -9.0   -9  26.1  25.9  24.3  20.5  16.2
20260901 114  0.9   812  23  2.7 1554  23  4.8 1421  23.2  25.9 1410  22.1  520  21.8  25.1  22.4  92.0  81.0 1420  26.2   1.2   0.8 -9.00  994.0 1011.1 1012.4  941 1009.9  150  9.9  0.0 13.0 -9.0 -9.00  0.71 1200   22.7   -9.0 -9.00   15.3 1247    9.0    4   -9.0   -9   -9.0   -9   -9.0   -9 -99.0 -99.0 -99.0 -99.0 -99.0
20260901 115  3.0  2571  23  7.1  750  20 12.3  748  26.6  29.3 1403  24.6 2319  24.3  29.7  24.5  87.6  79.0 1459  30.4   4.2   3.0  0.92  986.5 1011.4 1012.7 2026 1010.2  506  6.4  5.9 13.0 -9.0 17.76  2.84 1400    0.8   10.2  0.17    1.5 2315    1.1 2353   -9.0   -9   -9.0   -9   -9.0   -9  25.1  24.1  23.2  16.4 -99.0
20260901 119  1.3  1087   9  3.8 1107   9  5.8 1104  22.6  23.7 1011  21.1 1418  21.6  24.2  22.2  94.4  86.0 1225  25.8   1.0   0.7 -9.00 1006.2 1010.8 1011.9 2345 1009.5  212  9.9  0.0 13.0 -9.0  2.60  0.41 1400   31.9   21.4 13.33    9.6 1325    4.9 1334   -9.0   -9   -9.0   -9   -9.0   -9  26.7  25.9  24.5  20.1  16.7
20260901 121  0.7   584  32  3.1 1445  34  5.3 1439  22.9  27.9 1252  20.9 2320  22.1  24.4  22.3  95.8  76.0 1255  26.6   1.9   1.3 -9.00  984.7 1012.1 1013.4 2110 1010.7  201  9.3  0.2 13.0 -9.0  7.27  1.95 1200    7.1   -9.0 -9.00    4.5 1529    1.9 1605   -9.0   -9   -9.0   -9   -9.0   -9 -99.0 -99.0 -99.0 -99.0 -99.0
20260901 127  0.7   588   2  3.7 1757   5  6.6 1720  23.7  27.5 1224  21.9 2317  22.1  25.5  22.1  91.6  77.0 1417  26.7   1.8   1.2 -9.00  997.4 1010.5 1011.6 2325 1009.1  110  9.4  0.0 13.0 -9.0  6.82  1.39 1100   17.1   -9.0 -9.00    9.6 1441    4.4 1520   -9.0   -9   -9.0   -9   -9.0   -9 -99.0 -99.0 -99.0 -99.0 -99.0
20260901 129  1.8  1556   9  5.2 1044   9  9.6 1038  23.8  26.0 1459  22.8 1234  23.4  25.4  22.2  97.8  88.0 1616  28.8   1.1   0.8 -9.00 1007.6 1010.5 1012.4 2340 1008.9 1044  9.6  0.0 13.0 -9.0  3.45  0.84 1500   76.7   49.0 -9.00   29.6 1112   13.5 1111   -9.0   -9   -9.0   -9   -9.0   -9  26.3  26.2  25.4  20.3  17.2
20260901 130  1.4  1231   7  3.7 1114   7  6.3 1104  24.8  29.3  836  22.3  445  23.8  27.5  21.1  94.6  74.0  829  29.6  -9.0  -9.0 -9.00 1006.0 1011.6 1012.8 2100 1010.3  503  7.0  6.8 13.0 -9.0 -9.00 -9.00   -9    2.2   -9.0 -9.00    1.5 1624    1.2 1645   -9.0   -9   -9.0   -9   -9.0   -9 -99.0 -99.0 -99.0 -99.0 -99.0
20260901 131  0.9   794   9  3.2 1210  27  8.3 1345  26.5  30.7 1241  24.1  346  22.6  27.3  24.5  80.4  58.0 1243  27.5   3.1   2.2 -9.00 1003.8 1010.4 1011.8 2319 1009.2  155  8.5  0.6 13.0 -9.0 11.31  2.02 1100    8.2    6.5  7.05    4.0   -9    3.9 1341   -9.0   -9   -9.0   -9   -9.0   -9 -99.0 -99.0 -99.0 -99.0 -99.0
20260901 133  1.3  1146  20  5.1 1335  20  8.9 1328  26.4  32.5 1312  23.3   12  23.4  27.0  23.3  85.0  55.0 1313  28.8   4.0   2.8 -9.00 1003.2 1010.9 1012.3 2317 1009.5 1524  8.4  2.1 13.0 -9.0 14.60  2.78 1200    0.6    0.0  3.55    0.5  636    0.2   -9   -9.0   -9   -9.0   -9   -9.0   -9  27.5  28.0  27.1  23.9  18.5
20260901 135  1.2  1028  27  4.3 1723  27  7.1 1719  25.1  30.4 1459  21.3  222  22.0  28.2  21.2  84.8  62.0 1347  26.5   4.5   3.2 -9.00  983.1 1010.8 1012.4 2331 1008.7 1540  5.9  6.1 13.0 -9.0 18.43  2.78 1100    0.0   -9.0 -9.00    0.0   -9    0.0   -9   -9.0   -9   -9.0   -9   -9.0   -9 -99.0 -99.0 -99.0 -99.0 -99.0
20260901 136  1.0   827  29  3.3 1913  29  6.1 1910  26.1  32.4 1504  21.8  431  22.7  30.3  22.3  84.0  55.0 1505  27.7   5.0   3.5  2.17  996.0 1012.0 1013.5 2257 1009.9 1705  7.6  7.0 13.0 -9.0 20.01  2.94 1200   53.5   53.5  2.75   48.4 1845   15.5 1856   -9.0   -9   -9.0   -9   -9.0   -9 -99.0 -99.0 -99.0 -99.0 -99.0
20260901 137  0.4   371  29  3.6 1736  27  8.7 1729  26.0  32.2 1444  22.7  124  23.7  30.4  21.8  88.5  62.0 1409  29.3   5.0   3.5 -9.00  999.3 1010.3 1011.7 2305 1008.2 1709  6.9  6.8 13.0 -9.0 21.46  3.06 1000    0.0   -9.0 -9.00    0.0   -9    0.0   -9   -9.0   -9   -9.0   -9   -9.0   -9 -99.0 -99.0 -99.0 -99.0 -99.0
20260901 138  2.0  1691  11  4.4 1406  25  7.2  832  27.8  32.2 1206  24.3  539  22.8  28.3  21.5  75.6  51.0 1220  27.8   5.0   3.5 -9.00 1010.0 1010.4 1011.6 2054 1008.9 1511  5.5  6.9 13.0 -9.0 17.10  2.96 1100    0.0    0.0  0.37    0.0   -9    0.0   -9   -9.0   -9   -9.0   -9   -9.0   -9  26.5  24.2  23.0  19.7  17.2
20260901 140  2.2  1928  29  5.7 1641  20  9.8 1244  25.9  31.0 1142  23.3  201  23.8  26.8  21.7  88.9  68.0 1257  29.5  -9.0  -9.0 -9.00 1008.4 1011.5 1013.1 2247 1010.2  125  8.6  4.2 13.0 -9.0 -9.00 -9.00   -9    0.0   -9.0 -9.00    0.0   -9    0.0   -9   -9.0   -9   -9.0   -9   -9.0   -9 -99.0 -99.0 -99.0 -99.0 -99.0
20260901 143  1.1   978  18  3.9 1506  18  7.9 1505  27.4  32.3 1414  23.3  510  22.1  29.5  21.4  74.1  53.0 1357  26.5   4.8   3.3 -9.00 1005.2 1011.4 1012.6 2338 1010.0 1424  6.3  8.3 13.0 -9.0 17.81  2.53 1100   -9.0   -9.0 -9.00   -9.0   -9   -9.0   -9   -9.0   -9   -9.0   -9   -9.0   -9 -99.0 -99.0 -99.0 -99.0 -99.0
20260901 146  2.2  1906  25  5.9 1421  25 10.6 1421  26.9  32.8 1306  24.1  552  23.1  27.7  21.8  80.5  54.0 1256  28.2   5.2   3.6 -9.00 1004.1 1011.0 1012.5 2137 1009.4  136  6.6  5.1 13.0 -9.0 18.55  2.98 1100    0.7    0.7  0.20    0.7   -9    0.7 1420   -9.0   -9   -9.0   -9   -9.0   -9 -99.0 -99.0 -99.0 -99.0 -99.0
20260901 152  1.9  1674  23  6.3 1444  23  9.7 1426  27.1  32.3 1249  23.0  546  21.4  27.5  21.3  72.9  52.0 1305  25.6   5.4   3.8 -9.00 1001.5 1010.7 1011.8 2323 1009.6 1345  5.1  7.4 13.0 -9.0 18.45  2.97 1100   -9.0   -9.0 -9.00   -9.0   -9   -9.0   -9   -9.0   -9   -9.0   -9   -9.0   -9 -99.0 -99.0 -99.0 -99.0 -99.0
20260901 155  1.4  1214  23  3.9 1223  20  8.2 1241  26.9  30.7 1116  24.9  301  24.2  28.4  22.9  86.0  69.0 1606  30.2   3.7   2.6 -9.00 1007.5 1011.5 1012.5 2109 1010.5 1629  5.8  5.0 12.9 -9.0 13.46  1.94 1100    1.4   -9.0  1.00    1.4 1203    0.6 1207   -9.0   -9   -9.0   -9   -9.0   -9 -99.0 -99.0 -99.0 -99.0 -99.0
20260901 156  2.2  1904  16  4.9 1113  25  9.6 1410  28.2  33.2 1424  25.2  534  23.8  31.6  22.5  78.3  57.0 1441  29.6   5.1   3.6 -9.00 1002.9 1010.8 1012.2 2052 1009.6 1553  5.8  5.9 12.9 -9.0 18.70  2.91 1100   -9.0   -9.0 -9.00   -9.0   -9   -9.0   -9   -9.0   -9   -9.0   -9   -9.0   -9 -99.0 -99.0 -99.0 -99.0 -99.0
20260901 159  3.2  2793  29  9.0 1307  29 13.1 1303  28.1  31.7 1133  25.9  356  23.1  28.5  22.1  74.9  60.0 1454  28.2   5.5   3.8 -9.00 1003.2 1011.1 1012.1 2105 1010.1 1719  5.0  6.2 12.9 -9.0 17.69  3.12 1100   -9.0   -9.0 -9.00   -9.0   -9   -9.0   -9   -9.0   -9   -9.0   -9   -9.0   -9  28.5  27.6  26.4  21.2  19.2
20260901 162  1.6  1380  23  8.3 1125  23 12.7 1103  26.2  29.3 1516  24.7  536  23.7  28.0  23.0  87.3  70.0 1528  29.4   3.7   2.6 -9.00 1007.3 1010.9 1012.0 1125 1009.8 1657  6.4  3.1 12.9 -9.0 13.42  2.06 1300    0.2   -9.0 -9.00    0.1   -9    0.1   -9   -9.0   -9   -9.0   -9   -9.0   -9 -99.0 -99.0 -99.0 -99.0 -99.0
20260901 165  2.8  2416  18  5.8  943  18  9.0  941  28.0  31.0 1350  25.4  543  24.3  30.5  23.2  81.1  65.0 1352  30.3   5.9   4.2 -9.00 1006.1 1011.1 1012.3 2053 1009.6  126  5.8  9.1 12.9 -9.0 22.82  3.21 1300   -9.0   -9.0 -9.00   -9.0   -9   -9.0   -9   -9.0   -9   -9.0   -9   -9.0   -9  28.5  26.7  25.8  22.2  18.7
20260901 168  2.6  2222  25  5.5 1538  25  7.4 1549  27.8  30.5 1423  25.9  613  24.3  30.5  25.3  81.9  65.0 1506  30.4   5.7   4.0 -9.00 1004.2 1011.6 1012.8 2102 1010.5  205  5.5  8.0 12.9 -9.0 20.37  3.49 1200   -9.0   -9.0 -9.00   -9.0   -9   -9.0   -9   -9.0   -9   -9.0   -9   -9.0   -9  30.0  28.0  26.1  21.4  17.6
20260901 169  5.0  4278  16 10.4   48  18 13.4  109  28.0  32.8 1323  25.4   51  24.4  30.8  24.7  81.4  62.0 1247  30.5   5.5   3.9 -9.00 1002.2 1010.7 1012.3 2327 1008.5  140  6.9  8.3 12.9 -9.0 20.64  3.26 1200   -9.0   -9.0 -9.00   -9.0   -9   -9.0   -9   -9.0   -9   -9.0   -9   -9.0   -9 -99.0 -99.0 -99.0 -99.0 -99.0
20260901 170  1.6  1419  14  3.3 1125  16  5.5 1119  28.1  33.1 1506  24.5  316  24.5  29.9  24.5  81.8  60.0 1508  30.7   4.1   2.8 -9.00 1007.4 1011.3 1012.5 2057 1010.0  218  6.4  5.4 12.9 -9.0 15.68  1.99 1400    0.0   -9.0 -9.00    0.0   -9    0.0   -9   -9.0   -9   -9.0   -9   -9.0   -9 -99.0 -99.0 -99.0 -99.0 -99.0
20260901 172  3.1  2645  27  7.0 1343  27  9.8 1337  27.1  31.9 1333  24.0 2322  24.8  28.5  23.7  88.4  61.0 1320  31.2   5.3   3.7 -9.00 1004.8 1010.8 1012.3 2050 1009.3  112  5.3  8.1 12.9 -9.0 21.07  3.17 1100   -9.0   -9.0 -9.00   -9.0   -9   -9.0   -9   -9.0   -9   -9.0   -9   -9.0   -9 -99.0 -99.0 -99.0 -99.0 -99.0
20260901 174  1.2  1076  18  3.7 1427  14  7.5 1455  25.5  30.9 1209  22.2 2345  22.4  30.1  21.8  84.1  63.0 1210  27.2  -9.0  -9.0 -9.00  991.2 1009.8 1011.5 2103 1008.4 1448  5.9  5.7 12.9 -9.0 -9.00 -9.00   -9    0.1   -9.0 -9.00    0.1   -9    0.1   -9   -9.0   -9   -9.0   -9   -9.0   -9 -99.0 -99.0 -99.0 -99.0 -99.0
20260901 177  1.6  1401  18  4.9 1654  20  9.0 1648  24.4  26.8 1547  22.8   58  23.3  25.4  23.0  93.8  85.0 1648  28.6   1.6   1.1 -9.00 1006.1 1009.3 1010.9 2309 1007.9 1600  9.4  0.0 13.0 -9.0  5.28  0.78 1400   21.5    7.0 11.83    7.0  315    1.9  315   -9.0   -9   -9.0   -9   -9.0   -9 -99.0 -99.0 -99.0 -99.0 -99.0
20260901 181  1.0   884  27  3.9 1339  25  6.5 1339  24.3  28.5 1243  22.3  113  22.8  26.9  22.9  92.1  71.0 1239  27.9   2.6   1.8 -9.00 1007.2 1011.0 1012.4 2316 1009.8  154  9.1  0.4 13.0 -9.0 10.57  1.90 1100   16.6   -9.0 -9.00    6.1    1    5.6   16   -9.0   -9   -9.0   -9   -9.0   -9 -99.0 -99.0 -99.0 -99.0 -99.0
20260901 184  2.3  2005   2  4.6 1336  29  6.9 2004  29.1  32.4 1227  26.1  542  22.9  34.7  23.2  69.6  61.0  909  28.0   5.4   3.8 -9.00 1008.0 1010.3 1011.8 2102 1008.5  254  6.4  8.2 12.9 -9.0 17.90  2.95 1200    0.0    0.0  1.05    0.0   -9    0.0   -9   -9.0   -9   -9.0   -9   -9.0   -9  30.5  28.7  28.4  25.9  20.2
20260901 185  4.5  3894  14  7.6  252  16 10.4  249  27.6  30.2 1330  25.6 2349  23.9  30.8  24.6  80.9  68.0 1322  29.7   5.9   4.2 -9.00 1002.7 1010.7 1012.0 2059 1009.1  338  6.0  8.4 12.9 -9.0 21.29  3.42 1200    0.2   -9.0 -9.00    0.2   -9    0.2   -9   -9.0   -9   -9.0   -9   -9.0   -9 -99.0 -99.0 -99.0 -99.0 -99.0
20260901 188  2.7  2331  18  5.5  157  18  7.5  357  28.4  31.8 1332  25.8    8  24.5  29.7  25.6  79.8  64.0 1247  30.7  -9.0  -9.0 -9.00 1009.1 1011.4 1012.5 2035 1010.0  339  6.4  8.9 12.9 -9.0 -9.00 -9.00   -9   -9.0   -9.0 -9.00   -9.0   -9   -9.0   -9   -9.0   -9   -9.0   -9   -9.0   -9 -99.0 -99.0 -99.0 -99.0 -99.0
20260901 189  1.5  1312  20  2.6  809  23  4.7  124  28.9  32.1 1236  26.7   48  24.0  30.4  25.9  75.5  62.0 1350  29.8   5.3   3.7 -9.00 1005.6 1011.4 1012.5 2035 1010.2  332  7.1  7.4 12.9 -9.0 19.04  3.44 1200    1.0    1.0  0.48    1.0   -9    1.0  917   -9.0   -9   -9.0   -9   -9.0   -9 -99.0 -99.0 -99.0 -99.0 -99.0
20260901 192  0.7   644  25  2.7 1156  23  5.9 1004  25.1  30.1 1529  21.2  511  22.5  30.2  22.7  86.3  66.0 1352  27.2   4.6   3.2 -9.00 1008.1 1011.5 1012.6 2059 1010.2 1636  5.5  7.9 12.9 -9.0 20.44  3.03 1300    3.2    3.2 -9.00    3.2   -9    3.2 1005   -9.0   -9   -9.0   -9   -9.0   -9 -99.0 -99.0 -99.0 -99.0 -99.0
20260901 201  1.0   874  20  2.9  621  23  6.7  614  22.4  24.8 1359  20.7 2249  22.2  23.8  19.4  99.3  84.0 1348  26.8  -9.0  -9.0 -9.00 1006.2 1011.7 1013.0 2131 1010.5   55  9.9  0.0 13.0 -9.0 -9.00 -9.00   -9    8.9   -9.0 -9.00    4.8  600    1.3  616   -9.0   -9   -9.0   -9   -9.0   -9 -99.0 -99.0 -99.0 -99.0 -99.0
20260901 202  0.7   638  16  2.9 1428  16  4.7 1427  22.6  24.5 1256  21.1 1655  21.9  24.7  21.6  96.1  83.0 1413  26.3  -9.0  -9.0 -9.00 1006.1 1011.5 1012.7  929 1010.3  200 10.0  0.0 13.0 -9.0 -9.00 -9.00   -9   29.6   -9.0 -9.00    9.8 -2343    3.7 -2358   -9.0   -9   -9.0   -9   -9.0   -9 -99.0 -99.0 -99.0 -99.0 -99.0
20260901 203  0.5   458   9  2.0 1249   9  5.1 1245  22.7  25.0 1232  21.3 1615  22.6  24.3  22.9  99.9  93.0 1328  27.4  -9.0  -9.0 -9.00 1002.7 1012.0 1013.0 1028 1010.5  157  9.9  0.0 13.0 -9.0 -9.00 -9.00   -9   31.8   -9.0 -9.00   10.3  425    4.6  440   -9.0   -9   -9.0   -9   -9.0   -9 -99.0 -99.0 -99.0 -99.0 -99.0
20260901 211  0.5   470  36  1.9 1840   2  3.9 1421  21.6  22.8 1515  20.8  513  21.0  23.9  20.5  96.5  88.0 1439  24.9  -9.0  -9.0 -9.00  988.4 1011.5 1012.4  913 1010.4 1422 10.0  0.0 13.0 -9.0 -9.00 -9.00   -9    9.1   -9.0 -9.00    2.3 1214    2.0  718   -9.0   -9   -9.0   -9   -9.0   -9 -99.0 -99.0 -99.0 -99.0 -99.0
20260901 212  0.6   537  29  2.5 1433  34  5.1 1428  22.4  23.9 1316  21.5 2227  21.7  23.2  21.2  96.6  88.0 1634  26.0  -9.0  -9.0 -9.00  995.8 1011.9 1013.2  948 1009.9 1405  9.9  0.0 13.0 -9.0 -9.00 -9.00   -9   19.6   -9.0 -9.00    4.2   13    1.1  107   -9.0   -9   -9.0   -9   -9.0   -9 -99.0 -99.0 -99.0 -99.0 -99.0
20260901 216  0.9   774  32  3.0 1720  36  5.8 1437  22.0  29.2 1341  19.9 2121  19.7  24.6  20.2  88.0  50.0 1349  23.0   2.8   1.9 -9.00  932.4 1011.5 1013.3 2055 1009.1 1340  8.9  1.7 13.0 -9.0 10.93  2.47 1300    4.6   -9.0 -9.00    4.2 2007    2.4 2037   -9.0   -9   -9.0   -9   -9.0   -9 -99.0 -99.0 -99.0 -99.0 -99.0
20260901 217  0.7   602  18  2.8 1214  18  4.4 1214  23.2  28.4 1310  21.8    6  21.7  25.3  21.7  92.1  67.0 1311  26.0  -9.0  -9.0 -9.00  975.5 1010.7 1012.1 2231 1009.8  122  9.4  0.3 13.0 -9.0 -9.00 -9.00   -9    1.9   -9.0 -9.00    0.8  704    0.3  737   -9.0   -9   -9.0   -9   -9.0   -9 -99.0 -99.0 -99.0 -99.0 -99.0
20260901 221  0.4   305  32  3.7 1531  29  7.7 1528  22.3  26.1 1135  20.2 2301  21.8  25.0  20.9  97.9  75.0 1259  26.1  -9.0  -9.0 -9.00  981.5 1011.6 1012.8 2109 1010.1  151  9.3  0.0 13.0 -9.0 -9.00 -9.00   -9    9.8   -9.0 -9.00    3.0 1502    1.5 1511   -9.0   -9   -9.0   -9   -9.0   -9 -99.0 -99.0 -99.0 -99.0 -99.0
20260901 226  0.7   621  16  4.8 1723  18  9.9 1717  24.5  30.0 1346  21.9  321  22.7  26.4  20.7  91.5  61.0 1356  27.6  -9.0  -9.0 -9.00  991.8 1011.3 1012.6 2332 1009.5 1537  8.5  2.8 13.0 -9.0 -9.00 -9.00   -9    2.5   -9.0 -9.00    2.4 1715    2.4 1715   -9.0   -9   -9.0   -9   -9.0   -9 -99.0 -99.0 -99.0 -99.0 -99.0
20260901 232  1.1   931   7  3.8 1239   5  6.2 1239  24.7  28.5 1552  23.2 2351  24.0  27.0  22.6  96.6  82.0 1557  29.9  -9.0  -9.0 -9.00 1001.8 1011.5 1012.8 2358 1010.3  100  9.5  0.1 13.0 -9.0 -9.00 -9.00   -9    8.3   -9.0 -9.00    2.3  328    0.9  336   -9.0   -9   -9.0   -9   -9.0   -9 -99.0 -99.0 -99.0 -99.0 -99.0
20260901 235  2.4  2040  20  7.6 1252  20 12.0 1243  25.4  28.4 1424  23.7 2309  23.6  27.0  23.5  89.8  78.0 1422  29.1   2.7   1.9 -9.00 1009.0 1010.1 1011.7 2324 1008.5  122  8.9  1.4 13.0 -9.0 10.10  2.52 1400   15.6   -9.0 -9.00    4.9  514    1.1  514   -9.0   -9   -9.0   -9   -9.0   -9 -99.0 -99.0 -99.0 -99.0 -99.0
20260901 236  0.8   728  20  4.2 1310  18  8.3 1306  25.4  29.8 1113  22.6 2400  23.3  27.2  22.2  89.6  69.0 1140  28.6  -9.0  -9.0 -9.00 1009.6 1011.1 1012.8 2314 1009.9  120  8.6  2.1 13.0 -9.0 -9.00 -9.00   -9    4.3   -9.0 -9.00    2.3  542    0.7  616   -9.0   -9   -9.0   -9   -9.0   -9 -99.0 -99.0 -99.0 -99.0 -99.0
20260901 238  0.7   563  25  3.6 1531  23  8.3 1525  25.7  32.4 1316  22.0  620  23.1  27.7  22.0  87.1  53.0 1320  28.2  -9.0  -9.0 -9.00  991.3 1010.5 1012.1 2344 1008.8 1508  8.3  3.9 13.0 -9.0 -9.00 -9.00   -9   12.6   -9.0 -9.00   12.6 1518    9.4 1526   -9.0   -9   -9.0   -9   -9.0   -9 -99.0 -99.0 -99.0 -99.0 -99.0
20260901 239  0.9   775  32  3.8 1317  32  6.9 1317  25.3  28.8 1133  22.8    1  23.5  27.7  23.2  90.8  72.0 1520  29.0   2.7   1.9 -9.00 1000.1 1010.3 1011.9 2333 1008.8 1509  8.8  0.9 13.0 -9.0 11.06  1.87 1100    4.3   -9.0 -9.00    2.0  603    0.8    1   -9.0   -9   -9.0   -9   -9.0   -9 -99.0 -99.0 -99.0 -99.0 -99.0
20260901 243  1.6  1410  29  4.4 1438  20  8.3 1211  26.5  32.3 1231  23.5  233  23.3  28.1  22.3  83.9  56.0 1231  28.6  -9.0  -9.0 -9.00 1009.8 1011.2 1012.8 2108 1009.7  119  7.3  4.9 12.9 -9.0 -9.00 -9.00   -9   -9.0   -9.0 -9.00   -9.0   -9   -9.0   -9   -9.0   -9   -9.0   -9   -9.0   -9 -99.0 -99.0 -99.0 -99.0 -99.0
20260901 244  1.2  1038  34  3.6 1600  34  7.4 1629  25.9  31.2 1410  22.4  444  22.5  28.1  21.0  83.3  59.0 1353  27.3  -9.0  -9.0 -9.00  983.1 1010.8 1012.5 2119 1009.0 1508  5.8  4.8 12.9 -9.0 -9.00 -9.00   -9    0.0   -9.0 -9.00    0.0   -9    0.0   -9   -9.0   -9   -9.0   -9   -9.0   -9 -99.0 -99.0 -99.0 -99.0 -99.0
20260901 245  2.2  1924  27  6.2 1351  27  9.4 1345  27.2  31.8 1202  24.0  451  23.4  28.1  22.5  81.1  59.0 1204  28.8   4.7   3.3 -9.00 1003.1 1010.9 1012.5 2113 1009.3  120  6.3  5.9 12.9 -9.0 17.37  2.97 1100    0.1   -9.0 -9.00    0.1   -9    0.1   -9   -9.0   -9   -9.0   -9   -9.0   -9 -99.0 -99.0 -99.0 -99.0 -99.0
20260901 247  1.9  1642  14  5.7 1647  11  9.2 1638  25.5  32.5 1348  22.1  538  23.2  26.8  21.3  88.9  60.0 1234  28.4  -9.0  -9.0 -9.00  995.8 1011.0 1012.6 2112 1009.3 1538  6.0  5.0 12.9 -9.0 -9.00 -9.00   -9    8.4   -9.0 -9.00    4.1 1921    3.0 1926   -9.0   -9   -9.0   -9   -9.0   -9 -99.0 -99.0 -99.0 -99.0 -99.0
20260901 248  1.1   989  29  4.5 1658  23  7.6 1652  24.4  30.7 1329  19.4  613  21.5  26.8  18.4  85.9  57.0 1316  25.6  -9.0  -9.0 -9.00  965.8 1011.4 1012.9 2111 1009.3 1521  6.9  5.9 12.9 -9.0 -9.00 -9.00   -9   11.4   -9.0 -9.00    6.3 1915    2.5 1946   -9.0   -9   -9.0   -9   -9.0   -9 -99.0 -99.0 -99.0 -99.0 -99.0
20260901 251  2.4  2070  23  5.6 1324  18  7.9  916  27.1  32.7 1316  23.7 2329  24.4  28.2  23.2  86.0  62.0 1325  30.6   4.6   3.2 -9.00 1005.0 1010.7 1012.2 2052 1009.2   46  5.8  7.2 12.9 -9.0 18.63  2.71 1200   -9.0   -9.0 -9.00   -9.0   -9   -9.0   -9   -9.0   -9   -9.0   -9   -9.0   -9 -99.0 -99.0 -99.0 -99.0 -99.0
20260901 252  1.7  1507  20  4.8 1210  20  8.5  911  27.0  31.6 1259  24.0 2324  23.7  28.1  22.6  83.6  64.0 1202  29.4   4.8   3.4 -9.00 1006.6 1010.8 1012.2 2357 1009.2  121  6.0  8.0 12.9 -9.0 20.12  3.23 1100    1.3   -9.0 -9.00    1.3 1332    1.0 1342   -9.0   -9   -9.0   -9   -9.0   -9 -99.0 -99.0 -99.0 -99.0 -99.0
20260901 253  0.9   750  23  5.0 1254  25 10.3 1250  27.4  32.5 1152  24.1  458  24.4  29.0  22.8  85.3  64.0 1139  30.7   3.4   2.4 -9.00 1006.1 1012.4 1013.4 1254 1011.4 1708  5.5  5.0 12.9 -9.0 13.81  2.20 1100   10.7   -9.0 -9.00   10.6 1250   10.3 1250   -9.0   -9   -9.0   -9   -9.0   -9 -99.0 -99.0 -99.0 -99.0 -99.0
20260901 254  1.6  1355  27  5.0 1551  27  8.4 1546  26.8  32.6 1313  22.7  541  22.5  27.8  21.4  79.4  53.0 1310  27.3   5.5   3.9 -9.00  996.6 1011.2 1012.8 2334 1009.8 1435  5.6  6.6 12.9 -9.0 20.46  3.32 1200   -9.0   -9.0 -9.00   -9.0   -9   -9.0   -9   -9.0   -9   -9.0   -9   -9.0   -9 -99.0 -99.0 -99.0 -99.0 -99.0
20260901 255  0.9   770  20  2.9 1201  16  7.8 1231  28.0  32.0  944  25.1  556  23.8  27.1  23.2  78.8  63.0  951  29.5   3.2   2.3 -9.00 1005.4 1011.1 1012.2 2112 1009.9 1729  6.5  4.7 12.9 -9.0 11.79  1.75  900    1.3   -9.0 -9.00    1.3   -9    1.3 1233   -9.0   -9   -9.0   -9   -9.0   -9 -99.0 -99.0 -99.0 -99.0 -99.0
20260901 257  1.3  1164  23  4.7 1317  20 10.2 1311  27.5  33.0 1131  23.4  557  24.4  27.6  21.8  84.8  60.0 1133  30.5   4.3   3.0 -9.00 1010.8 1011.5 1012.5 2110 1010.3 1731  6.1  5.7 12.9 -9.0 15.67  2.63 1000    0.0   -9.0 -9.00    0.0   -9    0.0   -9   -9.0   -9   -9.0   -9   -9.0   -9 -99.0 -99.0 -99.0 -99.0 -99.0
20260901 258  2.2  1897  23  4.9 1447  20  6.4 1414  27.5  31.7 1148  24.3  613  24.9  29.1  23.3  86.6  66.0 1258  31.5   5.3   3.7 -9.00 1011.4 1011.6 1012.9 2047 1010.5 1542  5.5  6.8 12.9 -9.0 21.02  3.44 1100    0.9   -9.0 -9.00    0.9  703    0.9  725   -9.0   -9   -9.0   -9   -9.0   -9 -99.0 -99.0 -99.0 -99.0 -99.0
20260901 259  1.0   826  20  2.8 1252  18  5.0 1827  28.0  32.6 1152  24.1  610  24.5  29.8  24.9  82.5  63.0 1150  30.7   5.1   3.6 -9.00 1009.1 1010.9 1012.1 2057 1009.6  226  5.9  6.4 12.9 -9.0 20.54  3.21 1100    0.0   -9.0 -9.00    0.0   -9    0.0   -9   -9.0   -9   -9.0   -9   -9.0   -9 -99.0 -99.0 -99.0 -99.0 -99.0
20260901 260  1.8  1531  16  5.3 1512  16  7.6 1141  27.2  30.9 1110  24.4  611  24.9  31.2  24.9  87.6  73.0 1013  31.4  -9.0  -9.0 -9.00 1006.0 1011.0 1012.3 2109 1009.8  129  5.6  4.5 12.9 -9.0 -9.00 -9.00   -9    0.1   -9.0 -9.00    0.1   -9    0.1   -9   -9.0   -9   -9.0   -9   -9.0   -9 -99.0 -99.0 -99.0 -99.0 -99.0
20260901 261  1.8  1549  23  4.9 1325  23  7.1 1132  27.5  31.9 1346  23.3  543  24.6  30.5  23.5  84.9  69.0 1239  31.0  -9.0  -9.0 -9.00 1009.5 1011.3 1012.7 2048 1010.1  153  6.0  7.7 12.9 -9.0 -9.00 -9.00   -9   -9.0   -9.0 -9.00   -9.0   -9   -9.0   -9   -9.0   -9   -9.0   -9   -9.0   -9 -99.0 -99.0 -99.0 -99.0 -99.0
20260901 262  1.5  1267  20  4.5 1209  20  8.3 1201  27.3  32.7 1418  23.4  311  24.0  29.1  25.8  83.4  58.0 1412  29.8   5.4   3.8 -9.00 1005.4 1011.3 1012.5 2036 1010.2  220  4.8  7.5 12.9 -9.0 20.34  3.20 1300    0.7   -9.0 -9.00    0.7   -9    0.6  640   -9.0   -9   -9.0   -9   -9.0   -9 -99.0 -99.0 -99.0 -99.0 -99.0
20260901 263  1.5  1324  18  4.0 1426  20  7.5 1323  26.0  30.7 1227  21.7  552  23.3  30.1  21.9  86.1  63.0 1426  28.6   5.0   3.5 -9.00 1009.7 1011.3 1012.4 2113 1010.1 1546  5.6  6.4 12.9 -9.0 18.94  2.58 1000   -9.0   -9.0 -9.00   -9.0   -9   -9.0   -9   -9.0   -9   -9.0   -9   -9.0   -9 -99.0 -99.0 -99.0 -99.0 -99.0
20260901 264  0.9   798  29  4.0 1835  27  6.5 1833  26.3  32.2 1429  22.5  135  23.9  28.4  21.6  88.0  63.0 1312  29.6   3.9   2.8 -9.00  994.1 1011.3 1013.1 2210 1009.2 1506  6.1  3.5 12.9 -9.0 15.47  3.14 1000    3.6   -9.0 -9.00    2.8 2124    1.8 2213   -9.0   -9   -9.0   -9   -9.0   -9 -99.0 -99.0 -99.0 -99.0 -99.0
20260901 266  1.2  1069   9  3.4 1127  23  6.6 1534  27.3  32.1 1500  24.7  343  25.1  32.6  25.0  88.9  64.0 1409  31.8   5.8   4.0 -9.00 1001.8 1011.8 1013.0 2111 1010.6 1535  5.3  6.9 12.9 -9.0 21.16  3.31 1200    6.4   -9.0 -9.00    6.1  823    5.9  832   -9.0   -9   -9.0   -9   -9.0   -9 -99.0 -99.0 -99.0 -99.0 -99.0
20260901 268  1.5  1306  23  4.0 1327  23  7.3 1325  27.2  31.2 1219  23.9  610  24.1  29.5  23.5  84.5  64.0 1321  30.1  -9.0  -9.0 -9.00 1008.7 1009.8 1010.9 2053 1008.4  130  4.9  6.1 12.9 -9.0 -9.00 -9.00   -9    0.1   -9.0 -9.00    0.1   -9    0.1   -9   -9.0   -9   -9.0   -9   -9.0   -9 -99.0 -99.0 -99.0 -99.0 -99.0
20260901 271  0.8   690  32  3.5 1754  29  5.9 1746  23.8  30.1 1529  21.5  523  21.5  27.5  20.9  88.6  55.0 1511  25.7  -9.0  -9.0 -9.00  975.3 1011.9 1013.2 2054 1010.0 1506  8.4  3.9 13.0 -9.0 -9.00 -9.00   -9    4.6   -9.0 -9.00    4.0 1746    3.5 1748   -9.0   -9   -9.0   -9   -9.0   -9 -99.0 -99.0 -99.0 -99.0 -99.0
20260901 272  0.6   533  32  7.9 1645  32 12.0 1640  24.3  29.7 1350  21.8 2350  22.8  28.5  21.1  92.4  64.0 1354  27.7  -9.0  -9.0 -9.00  987.5 1011.5 1012.9 2306 1009.6 1626  7.8  1.3 13.0 -9.0 -9.00 -9.00   -9    7.9   -9.0 -9.00    7.9 1642    6.5 1644   -9.0   -9   -9.0   -9   -9.0   -9 -99.0 -99.0 -99.0 -99.0 -99.0
20260901 273  0.7   642  29  2.6 1622  27  4.9 1619  25.3  30.3 1404  23.1    1  23.8  28.1  22.3  92.5  66.0 1406  29.4  -9.0  -9.0 -9.00  991.2 1010.8 1012.1 2304 1009.1 1554  8.1  2.2 13.0 -9.0 -9.00 -9.00   -9    3.1   -9.0 -9.00    1.7 1726    1.4 1621   -9.0   -9   -9.0   -9   -9.0   -9 -99.0 -99.0 -99.0 -99.0 -99.0
20260901 276  1.1   972  16  2.9 1733  34  5.4 1131  25.8  32.7 1539  21.5   43  23.6  28.0  20.9  89.5  55.0 1530  29.2   4.5   3.2 -9.00  987.3 1010.8 1012.3  733 1008.7 1649  7.1  5.1 13.0 -9.0 17.73  2.84 1000    0.4   -9.0 -9.00    0.3   -9    0.3 2046   -9.0   -9   -9.0   -9   -9.0   -9 -99.0 -99.0 -99.0 -99.0 -99.0
20260901 277  1.3  1142   5  4.1 1404   5  6.6 1403  25.0  30.5 1127  22.3  604  23.0  28.6  21.7  90.0  62.0 1026  28.1  -9.0  -9.0 -9.00 1006.7 1011.3 1012.3 2319 1010.4  455  6.8  7.0 13.0 -9.0 -9.00 -9.00   -9    5.7   -9.0 -9.00    5.3 1502    3.1 1524   -9.0   -9   -9.0   -9   -9.0   -9 -99.0 -99.0 -99.0 -99.0 -99.0
20260901 278  0.8   727  29  2.1 1913  25  4.7 2150  26.3  32.7 1547  21.5  529  23.0  29.7  20.5  84.6  54.0 1551  28.2  -9.0  -9.0 -9.00 1001.0 1010.3 1012.0 2350 1008.1 1713  7.0  6.1 13.0 -9.0 -9.00 -9.00   -9   14.0   -9.0 -9.00    8.0 2125    3.1 1949   -9.0   -9   -9.0   -9   -9.0   -9 -99.0 -99.0 -99.0 -99.0 -99.0
20260901 279  0.8   695  11  2.5 1027  25  5.9 1623  26.5  32.6 1430  21.9  545  23.0  29.1  20.1  83.0  56.0 1426  28.1   3.8   2.7 -9.00 1005.3 1010.9 1012.3 2257 1008.8 1549  5.9  5.2 13.0 -9.0 15.20  2.09 1000   29.0   -9.0 -9.00   16.8 1838   14.0 1900   -9.0   -9   -9.0   -9   -9.0   -9 -99.0 -99.0 -99.0 -99.0 -99.0
20260901 281  1.1   984  27  3.9 1552  29  7.6 1548  26.3  32.4 1251  21.3  617  22.4  27.0  19.7  81.3  52.0 1305  27.0  -9.0  -9.0 -9.00 1000.8 1011.7 1012.9 2302 1010.4 1517  5.1  8.4 12.9 -9.0 -9.00 -9.00   -9    0.0   -9.0 -9.00    0.0   -9    0.0   -9   -9.0   -9   -9.0   -9   -9.0   -9 -99.0 -99.0 -99.0 -99.0 -99.0
20260901 283  1.8  1536  18  6.7 1450  16 10.2 1444  26.3  34.7 1326  21.5  505  22.4  28.3  19.4  81.0  52.0 1303  27.0   5.6   3.9 -9.00 1006.9 1011.5 1012.8 2316 1010.2 1422  5.1  7.4 12.9 -9.0 20.58  3.14 1100   -9.0   -9.0 -9.00   -9.0   -9   -9.0   -9   -9.0   -9   -9.0   -9   -9.0   -9 -99.0 -99.0 -99.0 -99.0 -99.0
20260901 284  1.3  1115  14  3.7 1606  14  5.9 1613  26.1  32.8 1406  22.0  321  23.3  28.6  20.4  86.1  59.0 1409  28.7   4.4   3.1 -9.00  985.4 1011.1 1012.9 2300 1008.8 1534  6.5  5.1 12.9 -9.0 17.45  2.91 1300    8.0   -9.0 -9.00    3.4 2229    1.7 1710   -9.0   -9   -9.0   -9   -9.0   -9 -99.0 -99.0 -99.0 -99.0 -99.0
20260901 285  1.1   924  18  3.1 1459  23  6.7 1604  27.6  32.7 1440  23.2  636  23.7  31.0  23.4  81.0  59.0 1328  29.4  -9.0  -9.0 -9.00 1008.3 1011.3 1012.6 2310 1009.9 1524  5.6  8.1 12.9 -9.0 -9.00 -9.00   -9   -9.0   -9.0 -9.00   -9.0   -9   -9.0   -9   -9.0   -9   -9.0   -9   -9.0   -9 -99.0 -99.0 -99.0 -99.0 -99.0
20260901 288  1.3  1123  14  4.8 1414  25  9.2 1313  27.0  33.2 1154  22.9  543  23.3  31.0  23.3  81.4  56.0 1239  28.5   5.2   3.6 -9.00 1009.0 1010.0 1011.0  730 1008.8 1654  5.1  7.9 12.9 -9.0 18.51  2.85 1100   -9.0   -9.0 -9.00   -9.0   -9   -9.0   -9   -9.0   -9   -9.0   -9   -9.0   -9 -99.0 -99.0 -99.0 -99.0 -99.0
20260901 289  1.3  1147   5  3.8 1426   5  7.7 1425  26.2  31.2 1242  22.6  611  23.7  29.0  22.0  86.9  65.0 1255  29.3  -9.0  -9.0 -9.00  996.3 1012.0 1013.4 2237 1010.3 1514  6.0  3.6 12.9 -9.0 -9.00 -9.00   -9    0.0   -9.0 -9.00    0.0   -9    0.0   -9   -9.0   -9   -9.0   -9   -9.0   -9 -99.0 -99.0 -99.0 -99.0 -99.0
20260901 294  0.9   735  34  3.7 1121  27 10.6 1120  26.0  30.1 1059  23.9  515  23.1  28.4  22.6  84.4  66.0 1100  28.2  -9.0  -9.0 -9.00 1007.3 1012.4 1013.4 1132 1011.3  504  6.3  3.4 12.9 -9.0 -9.00 -9.00   -9    0.3   -9.0 -9.00    0.3 1128    0.3 1145   -9.0   -9   -9.0   -9   -9.0   -9 -99.0 -99.0 -99.0 -99.0 -99.0
20260901 295  1.0   884  18  3.1 1049  16  6.4 1036  26.3  30.3 1523  23.7  551  23.6  28.6  22.8  86.0  69.0 1324  29.1  -9.0  -9.0 -9.00 1006.4 1011.6 1012.7 2052 1010.6  217  5.5  4.7 12.9 -9.0 -9.00 -9.00   -9    0.7   -9.0 -9.00    0.7   -9    0.7 1033   -9.0   -9   -9.0   -9   -9.0   -9 -99.0 -99.0 -99.0 -99.0 -99.0
20260901 296  1.3  1108  23  5.9 1302  23  9.5 1255  27.6  32.3 1122  23.7  557  24.3  29.1  21.3  83.5  65.0 1646  30.4   4.8   3.3 -9.00 1010.5 1010.8 1011.8 2110 1009.7 1714  5.4  6.4 12.9 -9.0 18.01  3.07 1000    0.0   -9.0  0.83    0.0   -9    0.0   -9   -9.0   -9   -9.0   -9   -9.0   -9 -99.0 -99.0 -99.0 -99.0 -99.0
20260902  90  1.2  1072  36  3.2 1201  36  4.3 1158  23.0  24.8 1146  21.6 2322  21.4  25.2  22.1  91.1  83.0 1733  25.5   2.4   1.7 -9.00 1010.3 1012.3 1013.2 2140 1011.5  519  8.3  0.3 13.0 -9.0  7.99  1.28 1100    0.5   -9.0 -9.00    0.5  728    0.2  734   -9.0   -9   -9.0   -9   -9.0   -9 -99.0 -99.0 -99.0 -99.0 -99.0
20260902  93  0.6   482  20  2.5 1606  16  3.8 1537  23.6  28.5 1524  20.7 2354  21.8  26.2  19.4  90.9  63.0 1551  26.2   3.6   2.5 -9.00 1001.1 1012.1 1013.0 2151 1010.7 1552  7.0  4.3 13.0 -9.0 13.62  2.18 1400    0.7   -9.0  7.67    0.4  407    0.2   -9   -9.0   -9   -9.0   -9   -9.0   -9  26.2  26.7  25.8  22.7  19.6
20260902  95  0.7   628  23  2.0 1410  25  4.1 1436  23.3  29.0 1547  19.6 2353  20.7  26.3  20.4  87.5  59.0 1549  24.5   4.9   3.4 -9.00  994.6 1012.4 1013.3 2227 1010.5 1703  4.8  8.1 13.0 -9.0 18.75  2.99 1300   -9.0   -9.0 -9.00   -9.0   -9   -9.0   -9   -9.0   -9   -9.0   -9   -9.0   -9 -99.0 -99.0 -99.0 -99.0 -99.0
20260902  98  0.4   313  27  1.7 1744  27  3.2 1740  24.0  29.7 1529  21.1 2348  19.7  27.8  20.1  78.6  51.0 1516  23.0   3.9   2.8 -9.00  998.6 1011.8 1012.6  757 1010.3 1634  5.8  4.4 13.0 -9.0 14.21  2.29 1400   -9.0   -9.0 -9.00   -9.0   -9   -9.0   -9   -9.0   -9   -9.0   -9   -9.0   -9 -99.0 -99.0 -99.0 -99.0 -99.0
20260902  99  0.6   490  23  1.5 1504  29  3.3 1436  23.1  29.0 1540  20.0  523  20.9  27.1  20.1  89.1  63.0 1440  24.8   4.4   3.0 -9.00 1009.0 1012.6 1013.4  750 1011.2 1608  4.3  6.6 13.0 -9.0 17.95  2.74 1300   -9.0   -9.0 -9.00   -9.0   -9   -9.0   -9   -9.0   -9   -9.0   -9   -9.0   -9 -99.0 -99.0 -99.0 -99.0 -99.0
20260902 100  1.2  1072  27  3.1 1509  29  5.5 1323  20.4  23.9 1231  18.3 2359  18.9  22.6  18.5  91.5  68.0 1401  21.8   2.9   2.0 -9.00  926.2 1011.9 1013.3 2133 1010.3 1515  7.9  0.9 13.0 -9.0 10.87  1.75 1200   -9.0   -9.0 -9.00   -9.0   -9   -9.0   -9   -9.0   -9   -9.0   -9   -9.0   -9 -99.0 -99.0 -99.0 -99.0 -99.0
20260902 101  0.7   604  23  2.5 1207  23  4.0 1649  24.1  29.5 1619  21.3 2355  21.1  26.4  20.3  84.8  58.0 1633  25.0   4.0   2.8 -9.00 1002.3 1010.9 1011.9 2245 1009.2 1608  7.3  3.8 13.0 -9.0 14.18  2.09 1400    1.4    0.0 -9.00    0.5   35    0.3   52   -9.0   -9   -9.0   -9   -9.0   -9  26.8  25.9  24.6  20.2  16.7
20260902 102  3.7  3224  34  5.6 1551  34  9.5 1645  22.0  24.5 1248  20.1 2249  19.4  23.8  18.5  85.6  70.0 1817  22.5   6.1   4.3 -9.00 1007.6 1011.7 1012.7 1100 1011.0 1610  0.9 11.8 13.0 -9.0 25.97  3.37 1200   -9.0   -9.0 -9.00   -9.0   -9   -9.0   -9   -9.0   -9   -9.0   -9   -9.0   -9 -99.0 -99.0 -99.0 -99.0 -99.0
20260902 104  0.8   720  36  2.8 1430   2  4.2 1239  23.0  25.2 1239  21.3  210  22.1  24.5  20.4  95.4  90.0  843  26.7   1.9   1.3 -9.00 1002.9 1011.5 1012.6 2116 1010.8  434  7.9  0.0 13.0 -9.0  7.22  1.25 1200   -9.0   -9.0 -9.00   -9.0   -9   -9.0   -9   -9.0   -9   -9.0   -9   -9.0   -9  25.5  25.2  24.4  20.3  16.2
20260902 105  1.2  1009  36  2.7 1433  29  4.0 1249  23.4  25.7 1233  21.7  327  21.3  25.1  22.3  88.5  80.0 1237  25.3   2.1   1.4 -9.00 1009.3 1012.4 1013.3 2105 1011.5  515  8.5  0.1 13.0 -9.0  6.75  1.37 1200   -9.0   -9.0 -9.00   -9.0   -9   -9.0   -9   -9.0   -9   -9.0   -9   -9.0   -9  26.2  25.8  25.2  20.9  17.3
20260902 106  1.7  1433   2  4.3 1308   5  6.5 1224  23.8  26.2 1127  22.1  425  22.4  26.3  21.5  92.3  84.0 1130  27.1   2.5   1.7 -9.00 1007.6 1012.2 1013.3 2048 1011.4  536  9.3  0.1 13.0 -9.0  8.22  1.24 1200    0.3   -9.0 -9.00    0.3  804    0.2   -9   -9.0   -9   -9.0   -9   -9.0   -9 -99.0 -99.0 -99.0 -99.0 -99.0
20260902 108  1.5  1325  18  4.0 1844  20  5.8 1838  24.7  29.2 1542  22.0  552  20.7  25.2  20.0  79.6  58.0 1612  24.5   4.6   3.2 -9.00 1002.1 1011.9 1012.9 1101 1010.5 1645  6.3  3.3 13.0 -9.0 15.73  2.44 1400    0.3   -9.0  1.83    0.3   36    0.1   -9   -9.0   -9   -9.0   -9   -9.0   -9  26.6  26.1  25.6  21.4  16.8
20260902 112  1.6  1406  23  4.5 1632  23  6.9 1601  24.6  28.3 1500  22.0  520  22.6  26.6  19.9  89.5  76.0 1505  27.5   4.6   3.2 -9.00 1003.9 1011.8 1012.8 1044 1010.8 1605  5.0  6.0 13.0 -9.0 17.95  2.77 1400   -9.0   -9.0 -9.00   -9.0   -9   -9.0   -9   -9.0   -9   -9.0   -9   -9.0   -9  25.8  25.7  24.4  21.2  16.4
20260902 114  0.9   788  29  2.2 1622  23  3.8 1116  24.0  27.7 1427  21.3 2328  21.4  25.7  19.4  86.6  67.0 1431  25.5   2.7   1.9 -9.00  994.6 1011.7 1012.6 1109 1010.5 1600  8.4  0.7 13.0 -9.0  8.85  1.45 1400   -9.0   -9.0 -9.00   -9.0   -9   -9.0   -9   -9.0   -9   -9.0   -9   -9.0   -9 -99.0 -99.0 -99.0 -99.0 -99.0
20260902 115  2.6  2247  23  5.3  532  23  8.9  524  25.1  26.6 1146  23.6 2346  23.3  26.8  23.6  90.4  86.0 1335  28.7   2.5   1.8 -9.00  986.5 1011.5 1012.7 2050 1010.3  458  9.0  0.4 13.0 -9.0  9.13  1.53 1100    9.4    0.8  2.33    8.3   44    3.6  125   -9.0   -9   -9.0   -9   -9.0   -9  25.2  24.0  23.0  16.5 -99.0
20260902 119  1.2   994  25  3.0 1541  23  4.4 1553  24.1  27.6 1720  21.8  621  21.6  26.1  20.1  86.8  70.0 1316  25.8   3.4   2.4 -9.00 1007.1 1011.6 1012.8 1030 1010.5 1726  7.0  3.2 13.0 -9.0 12.33  1.75 1300   -9.0   -9.0 -9.00   -9.0   -9   -9.0   -9   -9.0   -9   -9.0   -9   -9.0   -9  26.0  25.8  24.6  20.4  16.8
20260902 121  0.6   544  32  1.9   16  27  2.8 1705  22.9  26.4 1442  20.5 2228  21.5  25.2  20.4  93.0  75.0 1444  25.7   2.1   1.4 -9.00  985.3 1012.7 1013.6 2124 1011.2 1633  9.4  0.0 13.0 -9.0  7.28  1.09 1400    1.4   -9.0 -9.00    0.7  651    0.3  722   -9.0   -9   -9.0   -9   -9.0   -9 -99.0 -99.0 -99.0 -99.0 -99.0
20260902 127  0.4   357  20  2.5 1428  20  4.2 1421  23.4  26.3 1412  21.2 2230  21.4  25.2  21.5  89.0  69.0 1541  25.5   2.0   1.4 -9.00  998.2 1011.3 1012.2 1035 1010.1 1603  9.0  0.1 13.0 -9.0  7.26  1.14 1300    1.2   -9.0 -9.00    0.9  718    0.3  721   -9.0   -9   -9.0   -9   -9.0   -9 -99.0 -99.0 -99.0 -99.0 -99.0
20260902 129  0.6   529  34  2.1 1608  34  3.5 1604  24.0  27.2 1508  21.9 2348  22.4  26.1  19.6  91.4  69.0 1433  27.0   2.4   1.7 -9.00 1009.3 1012.2 1013.2 1025 1011.3 1630  9.0  1.1 13.0 -9.0  9.18  1.29 1300    0.1   -9.0 -9.00    0.1   -9    0.1   -9   -9.0   -9   -9.0   -9   -9.0   -9  25.9  25.8  25.1  20.5  17.3
20260902 130  1.0   850   7  3.3 1251   5  4.7 1229  24.6  27.4 1021  22.7  558  23.5  26.2  22.2  94.5  84.0 1156  29.0  -9.0  -9.0 -9.00 1006.4 1012.1 1013.2 2148 1010.8  515  8.8  0.1 12.9 -9.0 -9.00 -9.00   -9   -9.0   -9.0 -9.00   -9.0   -9   -9.0   -9   -9.0   -9   -9.0   -9   -9.0   -9 -99.0 -99.0 -99.0 -99.0 -99.0
20260902 131  0.9   806   7  2.3 1631   9  4.2 1627  25.2  27.5 1609  23.6  545  21.2  26.5  24.0  79.8  65.0 1243  25.2   2.3   1.6 -9.00 1004.8 1011.5 1012.7 1017 1010.4 1637  9.4  0.0 12.9 -9.0  7.48  1.04 1400    2.5    0.0  4.17    1.2  615    0.6  526   -9.0   -9   -9.0   -9   -9.0   -9 -99.0 -99.0 -99.0 -99.0 -99.0
20260902 133  0.8   719  32  3.2 1359  32  5.3 1359  24.9  27.8 1307  23.2 2300  22.6  26.3  22.7  88.0  70.0 1309  27.4   2.3   1.6 -9.00 1004.3 1012.0 1012.8  950 1010.9 1547  9.1  0.0 12.9 -9.0  8.39  1.40 1100    0.0    0.0  1.83    0.0   -9    0.0   -9   -9.0   -9   -9.0   -9   -9.0   -9  28.0  27.8  26.9  23.9  18.7
20260902 135  0.9   806  27  2.9 1041  34  5.7 1453  24.4  28.2 1424  21.7 2344  21.5  27.6  22.0  85.0  69.0 1427  25.7   3.4   2.4 -9.00  983.7 1011.4 1012.3    4 1010.0 1659  9.4  1.3 12.9 -9.0 13.35  1.96 1100   -9.0   -9.0 -9.00   -9.0   -9   -9.0   -9   -9.0   -9   -9.0   -9   -9.0   -9 -99.0 -99.0 -99.0 -99.0 -99.0
20260902 136  1.0   850  25  2.9 1328  23  5.4 1327  25.4  29.8 1416  23.0  243  22.4  28.4  22.7  85.0  65.0 1419  27.2   3.6   2.5 -9.00  996.3 1012.4 1013.4    1 1010.9 1716  8.8  2.1 12.9 -9.0 13.73  2.28 1400    0.0    0.0  0.25    0.0   -9    0.0   -9   -9.0   -9   -9.0   -9   -9.0   -9 -99.0 -99.0 -99.0 -99.0 -99.0
20260902 137  0.4   370  27  1.8 1324  25  4.3 1246  25.5  29.2 1241  23.1 2358  23.0  28.0  22.6  86.9  70.0 1248  28.0   2.9   2.0 -9.00  999.7 1010.7 1011.7    5 1009.3 1618  9.1  0.6 12.9 -9.0 11.23  1.86 1100   -9.0   -9.0 -9.00   -9.0   -9   -9.0   -9   -9.0   -9   -9.0   -9   -9.0   -9 -99.0 -99.0 -99.0 -99.0 -99.0
20260902 138  2.2  1924   5  4.1 1445   5  6.5 1503  26.8  30.5 1126  24.9  536  23.1  29.5  23.8  81.0  60.0 1117  28.3   4.1   2.9 -9.00 1010.5 1010.9 1012.0 2124 1009.7 1613  8.4  4.1 12.9 -9.0 15.73  2.33 1400    2.0    2.0  2.00    2.0 2005    1.3 2005   -9.0   -9   -9.0   -9   -9.0   -9  26.5  24.2  23.0  19.7  17.2
20260902 140  1.0   904  32  3.1 1308  34  4.5 1600  24.7  27.8 1618  22.7  440  22.9  26.1  21.7  90.5  76.0 1622  28.0  -9.0  -9.0 -9.00 1009.4 1012.6 1013.6  950 1011.5 1729  9.8  1.1 12.9 -9.0 -9.00 -9.00   -9    0.0   -9.0 -9.00    0.0   -9    0.0   -9   -9.0   -9   -9.0   -9   -9.0   -9 -99.0 -99.0 -99.0 -99.0 -99.0
20260902 143  1.2  1076  29  3.1 2145  29  4.8 2146  27.1  32.6 1333  24.2  534  22.6  29.4  23.6  77.5  50.0 1337  27.4   3.7   2.6 -9.00 1005.3 1011.5 1012.5    7 1009.7 1606  8.8  2.7 12.9 -9.0 13.37  2.12 1300    0.2   -9.0  1.67    0.2   -9    0.2   -9   -9.0   -9   -9.0   -9   -9.0   -9 -99.0 -99.0 -99.0 -99.0 -99.0
20260902 146  1.4  1176  32  4.4 1416  34  7.4 1413  25.9  29.3 1301  24.1  552  22.8  27.3  23.0  83.4  71.0 1441  27.7   3.2   2.2 -9.00 1004.9 1011.7 1012.5  950 1010.5 1527  9.6  0.2 12.9 -9.0 11.05  1.68 1200   -9.0   -9.0 -9.00   -9.0   -9   -9.0   -9   -9.0   -9   -9.0   -9   -9.0   -9 -99.0 -99.0 -99.0 -99.0 -99.0
20260902 152  1.5  1258  23  3.1 1123  14  6.1 1411  27.2  32.2 1426  23.2  515  22.8  29.0  22.3  77.9  55.0 1216  27.7   5.2   3.6 -9.00 1001.3 1010.5 1011.8    1 1008.7 1607  7.9  5.9 12.9 -9.0 18.49  2.50 1000   -9.0   -9.0 -9.00   -9.0   -9   -9.0   -9   -9.0   -9   -9.0   -9   -9.0   -9 -99.0 -99.0 -99.0 -99.0 -99.0
20260902 155  1.4  1193  16  4.4 1502  14  6.6 1437  27.9  32.8 1426  24.6  417  24.7  30.8  23.3  83.8  62.0 1430  31.1   4.9   3.4 -9.00 1007.1 1011.1 1012.4   19 1009.6 1602  7.8  7.3 12.9 -9.0 18.77  3.02 1400   -9.0   -9.0 -9.00   -9.0   -9   -9.0   -9   -9.0   -9   -9.0   -9   -9.0   -9 -99.0 -99.0 -99.0 -99.0 -99.0
20260902 156  1.2  1079   2  3.2 1451   2  4.9 1443  27.5  31.9 1458  24.9  358  23.8  31.9  23.6  81.1  64.0 1555  29.5   3.5   2.5 -9.00 1003.2 1011.1 1012.2 1018 1009.5 1522  9.0  1.7 12.9 -9.0 12.76  2.38 1200   -9.0   -9.0 -9.00   -9.0   -9   -9.0   -9   -9.0   -9   -9.0   -9   -9.0   -9 -99.0 -99.0 -99.0 -99.0 -99.0
20260902 159  2.3  1952  23  5.0 1344  25  7.7 1250  28.7  32.8 1328  26.0  431  23.3  29.0  22.7  73.5  56.0 1301  28.7   6.1   4.3 -9.00 1002.7 1010.6 1011.9    9 1009.2 1631  7.0  8.3 12.9 -9.0 20.07  3.18 1200   -9.0   -9.0 -9.00   -9.0   -9   -9.0   -9   -9.0   -9   -9.0   -9   -9.0   -9  28.4  27.6  26.4  21.2  19.3
20260902 162  1.4  1189  23  4.0 1142  23  5.7 1137  27.4  32.3 1446  24.6  512  24.1  29.8  23.2  83.5  59.0 1432  30.1   5.3   3.7 -9.00 1006.8 1010.3 1011.6    1 1008.7 1646  7.0  8.3 12.9 -9.0 20.42  3.10 1200   -9.0   -9.0 -9.00   -9.0   -9   -9.0   -9   -9.0   -9   -9.0   -9   -9.0   -9 -99.0 -99.0 -99.0 -99.0 -99.0
20260902 165  2.5  2201  36  6.2 1539  34  8.9 1709  26.9  30.5 1422  25.0  537  24.0  29.2  23.4  84.5  68.0 1353  29.8   4.5   3.1 -9.00 1006.4 1011.5 1012.2   16 1010.2 1543  8.6  2.8 12.9 -9.0 15.95  2.36 1300   -9.0   -9.0 -9.00   -9.0   -9   -9.0   -9   -9.0   -9   -9.0   -9   -9.0   -9  28.8  26.6  25.7  22.2  18.6
20260902 168  2.0  1703  25  3.9 1911  20  5.1 1456  28.2  31.7 1452  25.8  620  24.3  31.3  25.6  80.5  62.0 1457  30.4   5.2   3.7 -9.00 1003.9 1011.4 1012.5   17 1009.9 1612  7.6  6.7 12.9 -9.0 19.58  2.62 1400   -9.0   -9.0 -9.00   -9.0   -9   -9.0   -9   -9.0   -9   -9.0   -9   -9.0   -9  30.0  28.0  26.1  21.4  17.7
20260902 169  3.6  3071   2  5.9 1652   5  7.9 1623  26.6  30.7 1338  24.9 2032  24.0  29.4  24.6  86.1  74.0 1342  29.9   4.3   3.0 -9.00 1003.0 1011.6 1012.5   35 1010.6 1512  8.8  2.5 12.9 -9.0 13.95  2.60 1200   -9.0   -9.0 -9.00   -9.0   -9   -9.0   -9   -9.0   -9   -9.0   -9   -9.0   -9 -99.0 -99.0 -99.0 -99.0 -99.0
20260902 170  1.5  1288  18  3.6 1531  16  5.2 1503  28.4  33.3 1526  25.4  106  24.7  30.6  25.6  81.4  59.0 1427  31.1   4.5   3.1 -9.00 1007.3 1011.3 1012.3   16 1010.1 1528  8.3  4.7 12.9 -9.0 15.71  2.59 1400    0.0   -9.0 -9.00    0.0   -9    0.0   -9   -9.0   -9   -9.0   -9   -9.0   -9 -99.0 -99.0 -99.0 -99.0 -99.0
20260902 172  1.5  1277   5  4.2 1659   5  6.1 1732  25.5  30.2 1329  23.3  605  24.1  27.3  23.4  92.9  70.0 1310  30.1   2.8   1.9 -9.00 1005.5 1011.5 1012.4  949 1010.3 1502  9.3  0.6 12.9 -9.0 10.99  1.97 1100   -9.0   -9.0 -9.00   -9.0   -9   -9.0   -9   -9.0   -9   -9.0   -9   -9.0   -9 -99.0 -99.0 -99.0 -99.0 -99.0
20260902 174  0.8   702  32  2.7 1412  18  4.2 1605  25.4  30.3 1452  21.7  208  22.3  30.1  21.9  84.4  60.0 1326  26.9  -9.0  -9.0 -9.00  991.1 1009.8 1011.2   36 1008.0 1545  8.4  2.6 12.9 -9.0 -9.00 -9.00   -9    0.0   -9.0 -9.00    0.0   -9    0.0   -9   -9.0   -9   -9.0   -9   -9.0   -9 -99.0 -99.0 -99.0 -99.0 -99.0
20260902 177  0.8   724   2  2.0 2235  20  3.0 1247  24.3  27.5 1611  22.5 2306  22.5  25.9  22.4  90.1  78.0 1627  27.2   2.1   1.4 -9.00 1007.5 1010.7 1011.9 1023 1009.7 1614  9.3  0.4 12.9 -9.0  8.21  1.18 1100    1.4   -9.0  3.50    1.1  525    0.6  615   -9.0   -9   -9.0   -9   -9.0   -9 -99.0 -99.0 -99.0 -99.0 -99.0
20260902 181  0.7   633  36  2.5 1620  34  3.3 1615  23.4  26.1 1440  21.8 2323  21.6  26.3  22.2  90.8  75.0 1243  25.9   1.9   1.3 -9.00 1008.2 1012.1 1013.3 1012 1010.9 1633  9.3  0.0 12.9 -9.0  7.38  1.01 1400    1.5   -9.0 -9.00    1.0  620    0.6  657   -9.0   -9   -9.0   -9   -9.0   -9 -99.0 -99.0 -99.0 -99.0 -99.0
20260902 184  2.4  2032   5  7.8 1438   5 11.2 1431  28.6  33.1 1227  25.8  535  23.1  32.8  23.1  72.5  54.0 1224  28.2   5.0   3.5 -9.00 1008.0 1010.3 1011.6   16 1008.9 1549  7.4  5.1 12.9 -9.0 13.81  2.59 1000   -9.0   -9.0 -9.00   -9.0   -9   -9.0   -9   -9.0   -9   -9.0   -9   -9.0   -9  30.5  29.2  28.5  26.0  20.2
20260902 185  3.0  2551  14  5.8 1100  11  7.8 1006  27.3  31.3 1145  24.7  439  23.0  29.9  23.2  77.9  61.0 1152  28.0   4.7   3.3 -9.00 1002.6 1010.6 1011.9    1 1009.6 1456  7.5  3.3 12.8 -9.0 14.15  2.88 1100    0.0   -9.0 -9.00    0.0   -9    0.0   -9   -9.0   -9   -9.0   -9   -9.0   -9 -99.0 -99.0 -99.0 -99.0 -99.0
20260902 188  1.5  1336  25  4.9  641  25  8.3  639  28.1  31.6 1334  25.0  401  24.2  29.4  25.6  80.5  67.0 1408  30.3  -9.0  -9.0 -9.00 1009.0 1011.3 1012.2    1 1010.2 1731  7.0  6.8 12.8 -9.0 -9.00 -9.00   -9   -9.0   -9.0 -9.00   -9.0   -9   -9.0   -9   -9.0   -9   -9.0   -9   -9.0   -9 -99.0 -99.0 -99.0 -99.0 -99.0
20260902 189  1.5  1290   7  2.6  852   2  4.9  701  28.9  32.3 1313  25.7  643  23.2  30.7  25.1  72.0  64.0 1503  28.6   5.7   4.0 -9.00 1005.3 1011.1 1012.3   12 1010.1 1525  7.6  6.0 12.8 -9.0 19.62  2.96 1200    0.0    0.0  0.50    0.0   -9    0.0   -9   -9.0   -9   -9.0   -9   -9.0   -9 -99.0 -99.0 -99.0 -99.0 -99.0
20260902 192  0.6   533  23  2.4 1455  16  4.5 1455  25.9  30.5 1421  23.0   40  23.0  29.3  24.7  84.9  63.0 1337  28.0   4.2   2.9 -9.00 1007.9 1011.3 1012.3    3 1009.6 1642  8.4  5.7 12.9 -9.0 16.75  2.78 1200   -9.0   -9.0 -9.00   -9.0   -9   -9.0   -9   -9.0   -9   -9.0   -9   -9.0   -9 -99.0 -99.0 -99.0 -99.0 -99.0
20260902 201  1.0   889  25  3.5 1708  25  5.4 1706  23.4  28.1 1525  20.1  227  21.3  26.3  17.3  89.8  67.0 1429  25.4  -9.0  -9.0 -9.00 1007.2 1012.7 1013.6 1046 1011.5 1614  4.5  5.1 13.0 -9.0 -9.00 -9.00   -9   -9.0   -9.0 -9.00   -9.0   -9   -9.0   -9   -9.0   -9   -9.0   -9   -9.0   -9 -99.0 -99.0 -99.0 -99.0 -99.0
20260902 202  0.7   615  18  2.5 1517  20  3.9 1514  23.6  26.7 1326  21.5  108  21.7  26.1  20.2  89.6  71.0 1335  25.9  -9.0  -9.0 -9.00 1006.9 1012.3 1013.2 1054 1011.3 1736  8.0  2.2 13.0 -9.0 -9.00 -9.00   -9    0.8   -9.0 -9.00    0.3  230    0.2   -9   -9.0   -9   -9.0   -9   -9.0   -9 -99.0 -99.0 -99.0 -99.0 -99.0
20260902 203  0.4   323  20  1.4 1112  18  2.4 1106  23.8  27.9 1707  21.4 2351  22.4  25.6  22.1  93.0  71.0 1718  27.2  -9.0  -9.0 -9.00 1003.4 1012.5 1013.5 1046 1011.4 1801  8.5  1.3 13.0 -9.0 -9.00 -9.00   -9    0.1   -9.0 -9.00    0.1   -9    0.1   -9   -9.0   -9   -9.0   -9   -9.0   -9 -99.0 -99.0 -99.0 -99.0 -99.0
20260902 211  0.7   646  25  2.8 1557  29  5.6 1236  23.4  28.1 1530  20.6  350  20.4  26.4  19.2  84.9  60.0 1653  24.0  -9.0  -9.0 -9.00  988.6 1011.6 1012.9 2228 1009.9 1601  7.3  2.8 13.0 -9.0 -9.00 -9.00   -9    0.0   -9.0 -9.00    0.0   -9    0.0   -9   -9.0   -9   -9.0   -9   -9.0   -9 -99.0 -99.0 -99.0 -99.0 -99.0
20260902 212  0.5   432  27  1.8 1511  32  3.2 1505  23.5  27.8 1537  21.5 2400  21.2  24.6  20.4  88.1  64.0 1529  25.1  -9.0  -9.0 -9.00  996.3 1012.4 1013.3 2122 1011.1 1655  8.0  2.8 13.0 -9.0 -9.00 -9.00   -9    0.1   -9.0 -9.00    0.1   -9    0.1   -9   -9.0   -9   -9.0   -9   -9.0   -9 -99.0 -99.0 -99.0 -99.0 -99.0
20260902 216  0.7   642  20  2.3 1325  23  5.4 1226  21.1  25.4 1438  18.8 2358  18.7  23.2  20.0  87.5  59.0 1440  21.6   2.1   1.5 -9.00  932.7 1012.1 1013.7 2133 1010.5 1429  9.5  0.3 13.0 -9.0  7.85  1.39 1300    0.1   -9.0 -9.00    0.1   -9    0.1   -9   -9.0   -9   -9.0   -9   -9.0   -9 -99.0 -99.0 -99.0 -99.0 -99.0
20260902 217  0.7   583  18  2.7 1353  18  4.1 1348 -99.0  24.3 1721  20.6 2123 -99.0  24.4  19.6  -9.0  78.0 1641  -9.0  -9.0  -9.0 -9.00  976.5   -9.0 1013.5 2130 1010.9  519  9.1 -9.0 13.0 -9.0 -9.00 -9.00   -9   -9.0   -9.0 -9.00   -9.0   -9   -9.0   -9   -9.0   -9   -9.0   -9   -9.0   -9 -99.0 -99.0 -99.0 -99.0 -99.0
20260902 221  0.5   430  20  2.3 1313  23  4.0 1110  22.1  25.4 1517  19.5 2216  21.3  24.7  19.3  95.8  76.0 1249  25.3  -9.0  -9.0 -9.00  982.0 1012.2 1013.1 2130 1010.9 1625  9.0  0.4 13.0 -9.0 -9.00 -9.00   -9    0.4   -9.0 -9.00    0.3  541    0.2   -9   -9.0   -9   -9.0   -9   -9.0   -9 -99.0 -99.0 -99.0 -99.0 -99.0
20260902 226  0.5   451  34  2.0 1421  34  4.2 1351  23.5  26.9 1420  21.2 2351  22.0  26.0  20.2  92.1  71.0 1427  26.4  -9.0  -9.0 -9.00  992.6 1012.1 1012.9 1018 1010.7 1621  9.4  0.2 12.9 -9.0 -9.00 -9.00   -9    0.5   -9.0 -9.00    0.4  525    0.2   -9   -9.0   -9   -9.0   -9   -9.0   -9 -99.0 -99.0 -99.0 -99.0 -99.0
20260902 232  0.4   373  25  1.6 1326  25  2.7 1102  23.5  26.2 1545  21.8 2336  22.9  26.6  21.6  96.3  82.0 1608  27.9  -9.0  -9.0 -9.00 1002.8 1012.6 1013.7 1027 1011.6 1618  9.4  0.0 12.9 -9.0 -9.00 -9.00   -9    2.2   -9.0 -9.00    1.2  619    0.5  706   -9.0   -9   -9.0   -9   -9.0   -9 -99.0 -99.0 -99.0 -99.0 -99.0
20260902 235  0.9   794   2  2.7 1111  36  5.8 1104  24.6  27.7 1519  23.2  559  22.6  26.5  22.7  89.1  72.0 1346  27.4   2.4   1.7 -9.00 1010.3 1011.4 1012.5 1036 1010.3 1616  9.5  0.6 12.9 -9.0  8.31  1.29 1300    0.4   -9.0 -9.00    0.4  623    0.2   -9   -9.0   -9   -9.0   -9   -9.0   -9 -99.0 -99.0 -99.0 -99.0 -99.0
20260902 236  0.2   216  32  1.7 1309  27  3.8 1304  24.2  27.9 1550  22.4   18  22.5  26.8  22.1  91.1  69.0 1303  27.2  -9.0  -9.0 -9.00 1010.8 1012.3 1013.3 1024 1011.2 1606  9.6  0.3 12.9 -9.0 -9.00 -9.00   -9    0.0   -9.0 -9.00    0.0   -9    0.0   -9   -9.0   -9   -9.0   -9   -9.0   -9 -99.0 -99.0 -99.0 -99.0 -99.0
20260902 238  0.4   375  34  2.5 1416  36  4.8 1415  24.7  28.4 1216  22.4  236  22.8  26.8  22.1  90.3  70.0 1201  27.8  -9.0  -9.0 -9.00  992.0 1011.4 1012.3  718 1010.3 1601  9.5  0.0 12.9 -9.0 -9.00 -9.00   -9    0.1   -9.0 -9.00    0.1   -9    0.1   -9   -9.0   -9   -9.0   -9   -9.0   -9 -99.0 -99.0 -99.0 -99.0 -99.0
20260902 239  0.8   661  34  2.8 1259  34  3.9 1256  23.8  26.2 1607  22.4  638  22.2  27.0  22.7  91.6  70.0 1453  26.8   2.0   1.4 -9.00 1001.2 1011.5 1012.4  949 1010.3 1625  9.5  0.0 12.9 -9.0  8.22  1.29 1200    0.3   -9.0 -9.00    0.2   -9    0.2   -9   -9.0   -9   -9.0   -9   -9.0   -9 -99.0 -99.0 -99.0 -99.0 -99.0
20260902 243  0.6   555  34  2.5 1303  34  5.0 1302  25.2  29.1 1314  23.6  255  22.6  25.9  22.5  86.3  65.0 1228  27.4  -9.0  -9.0 -9.00 1010.6 1012.0 1013.0 1026 1011.2 1721  9.3  0.5 12.9 -9.0 -9.00 -9.00   -9    0.0   -9.0 -9.00    0.0   -9    0.0   -9   -9.0   -9   -9.0   -9   -9.0   -9 -99.0 -99.0 -99.0 -99.0 -99.0
20260902 244  0.8   726   7  3.9 1528   9  7.0 1521  25.1  30.1 1337  22.8  539  22.5  27.8  22.8  86.3  63.0 1213  27.2  -9.0  -9.0 -9.00  983.5 1011.4 1012.3  217 1009.6 1601  9.0  1.7 12.9 -9.0 -9.00 -9.00   -9   -9.0   -9.0 -9.00   -9.0   -9   -9.0   -9   -9.0   -9   -9.0   -9   -9.0   -9 -99.0 -99.0 -99.0 -99.0 -99.0
20260902 245  1.5  1292  34  5.6 1428  36  7.9 1434  25.6  31.0 1318  23.7  256  23.1  27.3  23.1  86.8  64.0 1326  28.3   3.2   2.3 -9.00 1003.9 1011.7 1012.5  941 1010.4 1522  9.4  0.7 12.9 -9.0 11.87  2.24 1300   -9.0   -9.0 -9.00   -9.0   -9   -9.0   -9   -9.0   -9   -9.0   -9   -9.0   -9 -99.0 -99.0 -99.0 -99.0 -99.0
20260902 247  0.8   694  25  2.4 1444  32  4.8 1648  25.7  31.2 1551  22.5  453  23.1  27.7  22.2  86.8  62.0 1423  28.2  -9.0  -9.0 -9.00  996.1 1011.2 1012.4  305 1009.1 1553  9.0  3.4 12.9 -9.0 -9.00 -9.00   -9   -9.0   -9.0 -9.00   -9.0   -9   -9.0   -9   -9.0   -9   -9.0   -9   -9.0   -9 -99.0 -99.0 -99.0 -99.0 -99.0
20260902 248  0.9   813   2  3.5 1749   2  6.2 1749  24.2  29.6 1436  21.4  510  22.1  27.2  21.1  89.4  61.0 1420  26.5  -9.0  -9.0 -9.00  966.2 1011.8 1012.8    1 1009.6 1615  9.0  2.6 12.9 -9.0 -9.00 -9.00   -9    0.0   -9.0 -9.00    0.0   -9    0.0   -9   -9.0   -9   -9.0   -9   -9.0   -9 -99.0 -99.0 -99.0 -99.0 -99.0
20260902 251  1.4  1174   2  4.4 1628  36  7.7 1455  25.6  30.5 1259  23.0 2346  23.7  27.3  23.8  89.9  68.0 1321  29.3   3.1   2.2 -9.00 1005.6 1011.3 1012.2   14 1010.1 1514  9.4  1.1 12.9 -9.0 11.81  2.00 1200   -9.0   -9.0 -9.00   -9.0   -9   -9.0   -9   -9.0   -9   -9.0   -9   -9.0   -9 -99.0 -99.0 -99.0 -99.0 -99.0
20260902 252  0.9   795  36  4.2 1441  34  7.1 1615  25.3  29.3 1159  23.2 2400  23.1  27.0  23.1  88.6  72.0 1225  28.4   2.8   2.0 -9.00 1007.1 1011.4 1012.3  944 1010.3 1801  9.1  1.1 12.9 -9.0 11.21  2.23 1100   -9.0   -9.0 -9.00   -9.0   -9   -9.0   -9   -9.0   -9   -9.0   -9   -9.0   -9 -99.0 -99.0 -99.0 -99.0 -99.0
20260902 253  0.9   774  16  2.8 1737  16  4.6 1434  28.2  33.4 1256  24.1  557  24.6  30.3  23.0  81.9  57.0 1358  30.9   4.6   3.2 -9.00 1005.6 1011.8 1013.2   44 1010.3 1607  7.6  6.1 12.9 -9.0 18.08  2.71 1200   -9.0   -9.0 -9.00   -9.0   -9   -9.0   -9   -9.0   -9   -9.0   -9   -9.0   -9 -99.0 -99.0 -99.0 -99.0 -99.0
20260902 254  1.0   882  32  3.9 1640  34  6.3 1640  26.1  31.6 1539  23.5  439  22.5  28.1  23.2  81.8  56.0 1513  27.3   3.8   2.7 -9.00  997.1 1011.8 1012.7   43 1009.7 1536  9.1  2.7 12.9 -9.0 14.05  2.03 1200   -9.0   -9.0 -9.00   -9.0   -9   -9.0   -9   -9.0   -9   -9.0   -9   -9.0   -9 -99.0 -99.0 -99.0 -99.0 -99.0
20260902 255  0.7   590  32  2.7 1344  29  4.9 1343  28.7  33.9 1511  24.9  604  24.1  28.1  23.3  77.5  56.0 1237  30.1   3.8   2.7 -9.00 1004.9 1010.7 1012.1   28 1008.8 1609  7.8  4.3 12.9 -9.0 14.07  2.15 1400   -9.0   -9.0 -9.00   -9.0   -9   -9.0   -9   -9.0   -9   -9.0   -9   -9.0   -9 -99.0 -99.0 -99.0 -99.0 -99.0
20260902 257  1.2  1026  20  3.2 1514  20  5.0 1516  28.5  34.2 1400  24.0  507  24.5  28.8  22.4  81.0  55.0 1401  30.8   4.4   3.1 -9.00 1010.3 1011.0 1012.5   54 1009.3 1715  7.4  5.4 12.9 -9.0 15.81  2.38 1100   -9.0   -9.0 -9.00   -9.0   -9   -9.0   -9   -9.0   -9   -9.0   -9   -9.0   -9 -99.0 -99.0 -99.0 -99.0 -99.0
20260902 258  1.5  1334  18  3.6 1403  18  5.0 1400  27.3  31.7 1408  24.5  222  24.6  29.2  24.1  86.5  66.0 1411  30.9   4.6   3.2 -9.00 1011.3 1011.5 1012.6   11 1010.0 1613  8.1  3.7 12.9 -9.0 17.37  3.19 1300    0.0   -9.0 -9.00    0.0   -9    0.0   -9   -9.0   -9   -9.0   -9   -9.0   -9 -99.0 -99.0 -99.0 -99.0 -99.0
20260902 259  0.7   622  20  2.4 1622  20  4.5 1711  27.4  33.3 1438  24.4  559  24.6  30.1  25.3  85.8  60.0 1444  30.9   4.6   3.2 -9.00 1009.1 1010.9 1011.9    1 1009.3 1558  8.5  4.0 12.9 -9.0 17.45  3.07 1200    0.0   -9.0 -9.00    0.0   -9    0.0   -9   -9.0   -9   -9.0   -9   -9.0   -9 -99.0 -99.0 -99.0 -99.0 -99.0
20260902 260  1.1   969  16  3.5 1416  14  5.6 1511  26.8  31.4 1341  24.1  438  24.3  28.8  25.0  86.6  71.0 1307  30.3  -9.0  -9.0 -9.00 1006.0 1011.0 1012.1    1 1009.5 1533  8.6  3.0 12.9 -9.0 -9.00 -9.00   -9   -9.0   -9.0 -9.00   -9.0   -9   -9.0   -9   -9.0   -9   -9.0   -9   -9.0   -9 -99.0 -99.0 -99.0 -99.0 -99.0
20260902 261  0.8   699  25  3.5 1719  23  5.7 1712  27.5  31.8 1422  24.5  514  24.9  29.6  23.0  86.5  68.0 1144  31.5  -9.0  -9.0 -9.00 1009.6 1011.4 1012.4   14 1010.0 1518  8.3  2.8 12.9 -9.0 -9.00 -9.00   -9   -9.0   -9.0 -9.00   -9.0   -9   -9.0   -9   -9.0   -9   -9.0   -9   -9.0   -9 -99.0 -99.0 -99.0 -99.0 -99.0
20260902 262  0.8   729   5  3.0 1228   5  6.1 1221  27.4  32.4 1458  23.9  553  24.2  29.7  26.2  84.3  63.0 1409  30.3   3.3   2.3 -9.00 1005.2 1011.1 1012.2    9 1009.6 1604  8.1  3.2 12.9 -9.0 11.98  2.17 1300   -9.0   -9.0 -9.00   -9.0   -9   -9.0   -9   -9.0   -9   -9.0   -9   -9.0   -9 -99.0 -99.0 -99.0 -99.0 -99.0
20260902 263  1.1   944  20  3.1 1511  23  4.9 1427  27.0  32.6 1556  23.0  106  23.9  31.4  23.7  84.5  56.0 1511  29.7   4.5   3.1 -9.00 1009.5 1011.1 1012.4   10 1009.2 1639  8.4  4.4 12.9 -9.0 17.17  2.92 1300   -9.0   -9.0 -9.00   -9.0   -9   -9.0   -9   -9.0   -9   -9.0   -9   -9.0   -9 -99.0 -99.0 -99.0 -99.0 -99.0
20260902 264  0.8   713  32  3.0 1541  32  4.8 1251  26.5  32.6 1530  22.5  144  24.1  28.6  22.4  88.3  59.0 1600  30.2   4.3   3.0 -9.00  994.2 1011.4 1012.9   42 1009.0 1615  8.9  3.7 12.9 -9.0 16.68  2.70 1200   -9.0   -9.0 -9.00   -9.0   -9   -9.0   -9   -9.0   -9   -9.0   -9   -9.0   -9 -99.0 -99.0 -99.0 -99.0 -99.0
20260902 266  0.8   722  29  2.2 1116  18  4.4 1502  27.7  32.9 1446  24.2  601  24.8  33.1  24.8  85.8  58.0 1402  31.3   4.2   3.0 -9.00 1001.6 1011.6 1012.6   54 1009.9 1646  8.1  4.4 12.9 -9.0 16.35  2.98 1300   -9.0   -9.0 -9.00   -9.0   -9   -9.0   -9   -9.0   -9   -9.0   -9   -9.0   -9 -99.0 -99.0 -99.0 -99.0 -99.0
20260902 268  0.8   693  25  3.6 1231  23  5.3 1226  26.4  31.4 1400  24.1 2151  24.1  28.8  24.8  88.3  66.0 1402  30.0  -9.0  -9.0 -9.00 1008.9 1010.0 1010.8    1 1008.8 1457  8.4  2.9 12.9 -9.0 -9.00 -9.00   -9   13.0   -9.0 -9.00   13.0 1201   10.4 1233   -9.0   -9   -9.0   -9   -9.0   -9 -99.0 -99.0 -99.0 -99.0 -99.0
20260902 271  1.0   826   2  2.6 1654  18  4.3 1313  23.1  27.3 1312  20.4 2303  21.1  25.7  19.4  89.5  66.0 1313  25.1  -9.0  -9.0 -9.00  975.5 1012.3 1013.4 2119 1010.9 1723  9.4  0.2 12.9 -9.0 -9.00 -9.00   -9   -9.0   -9.0 -9.00   -9.0   -9   -9.0   -9   -9.0   -9   -9.0   -9   -9.0   -9 -99.0 -99.0 -99.0 -99.0 -99.0
20260902 272  1.0   850  32  4.3 1522  32  7.4 1521  23.1  27.7 1419  19.9 2256  21.2  26.2  19.1  90.5  65.0 1435  25.2  -9.0  -9.0 -9.00  987.8 1011.9 1012.8   16 1010.5 1632  9.3  0.2 13.0 -9.0 -9.00 -9.00   -9    0.0   -9.0 -9.00    0.0   -9    0.0   -9   -9.0   -9   -9.0   -9   -9.0   -9 -99.0 -99.0 -99.0 -99.0 -99.0
20260902 273  0.7   610  29  2.1 1328  32  5.1 1532  24.2  28.0 1443  21.0 2228  22.5  27.0  19.7  91.6  69.0 1504  27.4  -9.0  -9.0 -9.00  991.5 1011.2 1011.9    1 1009.8 1652  9.3  0.2 12.9 -9.0 -9.00 -9.00   -9   -9.0   -9.0 -9.00   -9.0   -9   -9.0   -9   -9.0   -9   -9.0   -9   -9.0   -9 -99.0 -99.0 -99.0 -99.0 -99.0
20260902 276  1.1   960  32  3.3 1422  34  6.0 1624  25.6  30.7 1514  22.4  503  23.4  27.4  22.4  88.8  65.0 1513  28.7   3.5   2.4 -9.00  987.6 1011.1 1012.3  736 1009.6 1544  8.9  1.6 12.9 -9.0 13.97  2.07 1200    1.5   -9.0 -9.00    0.8  151    0.5  214   -9.0   -9   -9.0   -9   -9.0   -9 -99.0 -99.0 -99.0 -99.0 -99.0
20260902 277  1.3  1160   5  3.8 1626   2  6.3 1304  24.8  30.1 1207  22.7  615  23.1  27.9  23.0  91.1  68.0 1148  28.3  -9.0  -9.0 -9.00 1007.1 1011.7 1012.7 2202 1011.0  450  9.0  1.9 12.9 -9.0 -9.00 -9.00   -9    0.2   -9.0 -9.00    0.1   -9    0.1   -9   -9.0   -9   -9.0   -9   -9.0   -9 -99.0 -99.0 -99.0 -99.0 -99.0
20260902 278  0.7   594  29  2.1 1548  32  3.9 1530  25.8  30.6 1437  23.0  426  23.1  28.4  22.7  86.6  60.0 1522  28.2  -9.0  -9.0 -9.00 1001.4 1010.7 1011.9    1 1009.2 1620  9.0  1.0 12.9 -9.0 -9.00 -9.00   -9    2.2   -9.0 -9.00    1.7    1    1.0   45   -9.0   -9   -9.0   -9   -9.0   -9 -99.0 -99.0 -99.0 -99.0 -99.0
20260902 279  0.7   608  27  2.1 1859  36  5.5 1610  26.2  32.6 1402  23.4  557  23.1  29.2  23.4  84.5  57.0 1352  28.3   3.5   2.4 -9.00 1005.7 1011.3 1012.2   14 1009.8 1611  9.0  2.7 12.9 -9.0 13.71  2.68 1000    1.5   -9.0 -9.00    1.3 2020    0.9 2045   -9.0   -9   -9.0   -9   -9.0   -9 -99.0 -99.0 -99.0 -99.0 -99.0
20260902 281  1.0   877  29  3.1 1548  27  5.3 1251  26.3  31.9 1443  22.7  525  23.0  27.9  22.2  83.9  56.0 1428  28.1  -9.0  -9.0 -9.00 1000.9 1011.8 1012.9    1 1010.1 1550  8.4  3.8 12.9 -9.0 -9.00 -9.00   -9    0.7   -9.0 -9.00    0.7 2248    0.6 2310   -9.0   -9   -9.0   -9   -9.0   -9 -99.0 -99.0 -99.0 -99.0 -99.0
20260902 283  2.0  1687  36  6.5 1728  34 10.4 1725  26.8  34.2 1504  22.3  518  23.3  30.4  21.6  82.8  52.0 1514  28.7   4.7   3.3 -9.00 1007.0 1011.6 1012.6    1 1009.6 1611  8.3  5.1 12.9 -9.0 17.62  2.59 1100    0.0   -9.0 -9.00    0.0   -9    0.0   -9   -9.0   -9   -9.0   -9   -9.0   -9 -99.0 -99.0 -99.0 -99.0 -99.0
20260902 284  1.1   990   5  4.3 1857   5  7.9 1857  26.1  31.9 1457  22.4  606  23.0  28.3  22.1  84.6  62.0 1615  28.2   4.3   3.0 -9.00  985.5 1011.2 1012.7  648 1008.7 1622  9.0  3.6 12.9 -9.0 16.62  2.71 1200    1.0   -9.0 -9.00    0.7 2155    0.7 2245   -9.0   -9   -9.0   -9   -9.0   -9 -99.0 -99.0 -99.0 -99.0 -99.0
20260902 285  0.8   655   7  2.1 2044   7  5.2 2038  27.1  32.6 1432  23.7  512  23.3  30.9  23.7  81.3  57.0 1501  28.6  -9.0  -9.0 -9.00 1008.4 1011.4 1012.6  708 1009.5 1617  8.8 -9.0 12.9 -9.0 -9.00 -9.00   -9    0.2   -9.0 -9.00    0.2   -9    0.2   -9   -9.0   -9   -9.0   -9   -9.0   -9 -99.0 -99.0 -99.0 -99.0 -99.0
20260902 288  1.1   912  27  2.6 1305  25  4.3 1717  28.4  34.1 1446  23.6  459  23.5  32.5  24.1  76.9  46.0 1450  29.0   5.2   3.6 -9.00 1008.6 1009.5 1011.0    9 1007.6 1559  7.9  7.5 12.9 -9.0 19.45  2.76 1300   -9.0   -9.0 -9.00   -9.0   -9   -9.0   -9   -9.0   -9   -9.0   -9   -9.0   -9 -99.0 -99.0 -99.0 -99.0 -99.0
20260902 289  0.7   629  23  2.0 1308  27  3.1  956  26.3  31.5 1531  22.6  407  23.8  29.2  22.7  87.5  64.0 1335  29.6  -9.0  -9.0 -9.00  996.4 1012.1 1013.4  310 1010.2 1604  8.8  4.6 12.9 -9.0 -9.00 -9.00   -9    1.2   -9.0 -9.00    1.2 2200    1.1 2224   -9.0   -9   -9.0   -9   -9.0   -9 -99.0 -99.0 -99.0 -99.0 -99.0
20260902 294  0.8   719  27  2.6 1507  29  4.9 1505  26.8  31.3 1407  24.1  445  23.2  29.6  22.7  81.6  62.0 1410  28.5  -9.0  -9.0 -9.00 1006.8 1011.9 1013.1    3 1010.4 1638  7.3  5.9 12.9 -9.0 -9.00 -9.00   -9   -9.0   -9.0 -9.00   -9.0   -9   -9.0   -9   -9.0   -9   -9.0   -9   -9.0   -9 -99.0 -99.0 -99.0 -99.0 -99.0
20260902 295  0.9   741  16  2.2 1501  16  4.3 1459  26.8  31.4 1427  23.9  537  23.6  29.1  23.2  83.8  65.0 1412  29.2  -9.0  -9.0 -9.00 1006.2 1011.4 1012.5   13 1009.7 1658  7.6  4.4 12.9 -9.0 -9.00 -9.00   -9   -9.0   -9.0 -9.00   -9.0   -9   -9.0   -9   -9.0   -9   -9.0   -9   -9.0   -9 -99.0 -99.0 -99.0 -99.0 -99.0
20260902 296  1.3  1130  18  5.2 1416  16  8.2 1409  28.0  33.4 1317  23.9  446  24.5  29.5  20.5  82.3  59.0 1318  30.8   5.1   3.5 -9.00 1009.9 1010.2 1011.6    2 1008.7 1556  7.4  7.5 12.9 -9.0 18.94  2.64 1200   -9.0   -9.0 -9.00   -9.0   -9   -9.0   -9   -9.0   -9   -9.0   -9   -9.0   -9 -99.0 -99.0 -99.0 -99.0 -99.0
20260903  90  1.8  1525   2  3.9 1110   5  7.7 1106  22.3  26.5  952  20.0 2341  20.3  24.8  20.2  88.9  67.0 1041  23.9   2.1   1.5 -9.00 1012.3 1014.3 1015.9 2400 1012.9  432  4.4  2.0 12.9 -9.0  7.51  1.74  900    5.8   -9.0 -9.00    4.2 1104    1.7 1111   -9.0   -9   -9.0   -9   -9.0   -9 -99.0 -99.0 -99.0 -99.0 -99.0
20260903  93  1.2  1033   7  5.3 1652   7 10.2 1701  24.5  31.4 1439  20.0  642  19.2  27.8  18.3  75.4  40.0 1324  22.3   6.9   4.9 -9.00 1002.0 1012.9 1014.7 2353 1010.6 1544  0.0 11.4 12.9 -9.0 23.60  2.96 1200   -9.0   -9.0 -9.00   -9.0   -9   -9.0   -9   -9.0   -9   -9.0   -9   -9.0   -9  26.5  26.7  25.8  22.8  19.6
20260903  95  2.2  1879  14  4.8 1403  11  8.4 1658  23.4  29.7 1333  18.1  529  19.1  25.7  18.4  79.5  47.0 1249  22.2   6.9   4.8 -9.00  995.4 1013.2 1014.7 2356 1010.9 1609  0.5 10.3 12.9 -9.0 23.27  3.30 1200   -9.0   -9.0 -9.00   -9.0   -9   -9.0   -9   -9.0   -9   -9.0   -9   -9.0   -9 -99.0 -99.0 -99.0 -99.0 -99.0
20260903  98  0.7   632   7  2.0 2034   7  5.8 2107  24.5  30.3 1429  20.0  511  18.1  27.3  18.7  69.6  43.0 1357  20.8   6.7   4.7 -9.00  998.9 1012.1 1013.4 2354 1009.9 1556  0.0 10.3 12.9 -9.0 23.56  3.15 1200   -9.0   -9.0 -9.00   -9.0   -9   -9.0   -9   -9.0   -9   -9.0   -9   -9.0   -9 -99.0 -99.0 -99.0 -99.0 -99.0
20260903  99  1.6  1365   7  3.2 1557   9  7.1 1608  23.7  29.9 1456  19.7 2351  20.1  27.5  19.7  82.8  50.0 1332  23.6   6.4   4.5 -9.00 1009.4 1012.9 1014.1  820 1011.0 1618  0.0  9.2 12.9 -9.0 21.72  3.16 1200   -9.0   -9.0 -9.00   -9.0   -9   -9.0   -9   -9.0   -9   -9.0   -9   -9.0   -9 -99.0 -99.0 -99.0 -99.0 -99.0
20260903 100  2.0  1735   9  4.5 1201   9  7.7 1359  19.0  23.0 1136  16.6  720  17.2  24.7  16.2  90.1  69.0 1103  19.6   4.8   3.3 -9.00  927.5 1013.9 1015.6 2339 1012.5 1440  3.9  9.0 12.9 -9.0 22.60  3.11 1100    0.0   -9.0 -9.00    0.0   -9    0.0   -9   -9.0   -9   -9.0   -9   -9.0   -9 -99.0 -99.0 -99.0 -99.0 -99.0
20260903 101  2.0  1721   5  5.3 1608   5  8.9 1700  24.6  31.2 1426  20.1 2353  18.9  26.5  18.5  73.4  40.0 1248  21.9   7.6   5.3 -9.00 1003.0 1011.7 1013.6 2353 1009.2 1542  0.0 10.8 12.9 -9.0 24.31  3.26 1200   -9.0   -9.0 -9.00   -9.0   -9   -9.0   -9   -9.0   -9   -9.0   -9   -9.0   -9  26.8  25.8  24.6  20.2  16.7
20260903 102  3.5  3008  36  6.3 1711  36 10.3 1757  22.6  24.6 1417  19.6  642  18.1  23.4  18.0  76.5  67.0 1206  20.7   7.0   4.9 -9.00 1008.1 1012.2 1013.4  947 1011.0 1634  0.0 12.3 12.9 -9.0 26.01  3.40 1200   -9.0   -9.0 -9.00   -9.0   -9   -9.0   -9   -9.0   -9   -9.0   -9   -9.0   -9 -99.0 -99.0 -99.0 -99.0 -99.0
20260903 104  1.1   914   7  3.6 1212   2  7.4 1011  22.9  27.0 1131  20.6 2257  21.4  24.7  19.6  91.8  78.0 1406  25.5   3.7   2.6 -9.00 1004.7 1013.4 1015.1 2357 1012.2    1  3.9  4.2 12.9 -9.0 15.88  2.80 1100    0.3    0.3  0.75    0.3 1650    0.3 1701   -9.0   -9   -9.0   -9   -9.0   -9  25.4  25.1  24.3  20.4  16.3
20260903 105  1.5  1308   9  3.2 1348  11  7.4 1147  23.6  26.8 1139  21.3 2358  20.1  25.3  21.0  81.6  68.0 1345  23.6   3.3   2.3 -9.00 1011.1 1014.2 1015.9 2400 1013.0    1  4.3  2.4 12.9 -9.0 11.68  2.35 1100   -9.0   -9.0 -9.00   -9.0   -9   -9.0   -9   -9.0   -9   -9.0   -9   -9.0   -9  26.2  25.6  25.2  20.8  17.3
20260903 106  2.3  1995   2  4.6 1127   5  7.5  942  24.3  27.5 1049  21.7 2349  21.3  27.2  20.9  83.8  72.0 1414  25.3   3.8   2.7 -9.00 1009.5 1014.1 1015.7 2353 1012.8  123  6.6  4.6 12.9 -9.0 15.56  2.57 1000    0.0   -9.0 -9.00    0.0   -9    0.0   -9   -9.0   -9   -9.0   -9   -9.0   -9 -99.0 -99.0 -99.0 -99.0 -99.0
20260903 108  2.3  2009   5  5.0 2120   5  9.6 2113  26.0  31.3 1534  21.2  517  18.5  25.5  18.4  66.3  37.0 1620  21.4   8.2   5.7 -9.00 1002.1 1011.9 1013.1  802 1009.7 1623  1.4 11.0 12.9 -9.0 24.29  3.46 1100   -9.0   -9.0 -9.00   -9.0   -9   -9.0   -9   -9.0   -9   -9.0   -9   -9.0   -9  26.6  25.9  25.6  21.5  16.8
20260903 112  2.2  1922   9  4.9 2341  36  8.7 1623  25.7  29.9 1617  22.3  604  20.8  26.8  19.0  76.1  52.0 1547  24.6   6.2   4.3  0.25 1003.7 1011.6 1012.8  815 1009.6 1644  0.1  9.3 12.9 -9.0 19.82  2.66 1300   -9.0   -9.0 -9.00   -9.0   -9   -9.0   -9   -9.0   -9   -9.0   -9   -9.0   -9  25.7  25.5  24.3  21.1  16.5
20260903 114  1.4  1183  16  3.0 1831  14  5.5 1831  25.1  31.7 1553  20.3  613  18.7  26.4  19.6  70.3  43.0 1633  21.7   5.8   4.0 -9.00  994.6 1011.7 1013.1 2350 1009.0 1649  4.1  7.5 12.9 -9.0 20.29  3.30 1200   -9.0   -9.0 -9.00   -9.0   -9   -9.0   -9   -9.0   -9   -9.0   -9   -9.0   -9 -99.0 -99.0 -99.0 -99.0 -99.0
20260903 115  4.6  3944   5  7.3 2337   9 10.8 1324  22.9  24.9 1302  21.6 2323  20.8  24.5  21.6  88.0  81.0 2255  24.6   3.4   2.3 -9.00  987.8 1013.0 1014.8 2053 1011.4  512  8.9  1.7 12.9 -9.0  8.58  2.13 1200    3.8    3.0  3.83    2.2  850    1.9  927   -9.0   -9   -9.0   -9   -9.0   -9  25.3  24.0  23.0  16.6 -99.0
20260903 119  1.7  1497   9  4.3 2208   9  7.2 2118  25.8  31.0 1538  20.1  512  18.9  28.5  18.3  69.0  39.0 1717  21.9   7.2   5.0 -9.00 1006.7 1011.2 1012.6  747 1009.1 1740  0.3 11.1 12.9 -9.0 23.54  3.19 1200   -9.0   -9.0 -9.00   -9.0   -9   -9.0   -9   -9.0   -9   -9.0   -9   -9.0   -9  26.1  25.6  24.7  20.6  16.9
20260903 121  1.5  1318   7  4.9 1826   9  8.6 2127  23.9  31.2 1433  20.3  520  20.0  27.7  20.3  80.4  55.0 1434  23.5   5.5   3.9 -9.00  985.5 1012.8 1014.6 2336 1010.1 1551  7.1  7.7 12.9 -9.0 18.91  2.74 1000   -9.0   -9.0 -9.00   -9.0   -9   -9.0   -9   -9.0   -9   -9.0   -9   -9.0   -9 -99.0 -99.0 -99.0 -99.0 -99.0
20260903 127  1.0   827   7  3.0 2013   9  6.2 2009  24.6  29.6 1549  21.1    7  20.7  26.4  20.6  80.1  61.0 1543  24.5   4.5   3.1 -9.00  998.0 1011.1 1012.4 2348 1008.9 1540  7.1  4.9 12.9 -9.0 15.92  2.26  900   -9.0   -9.0 -9.00   -9.0   -9   -9.0   -9   -9.0   -9   -9.0   -9   -9.0   -9 -99.0 -99.0 -99.0 -99.0 -99.0
20260903 129  1.7  1429   7  3.5 1017  34  6.0 1506  24.9  29.6 1502  20.7  628  20.7  26.4  17.7  79.4  53.0 1452  24.5   5.3   3.7 -9.00 1008.6 1011.5 1013.0 1006 1009.9 1603  4.5  9.6 12.9 -9.0 18.62  2.34 1400   -9.0   -9.0 -9.00   -9.0   -9   -9.0   -9   -9.0   -9   -9.0   -9   -9.0   -9  25.8  25.7  24.9  20.5  17.3
20260903 130  1.3  1148   5  2.6 1639   9  7.1  948  23.5  25.4 1323  21.6 2352  22.0  24.8  20.2  91.8  79.0 2231  26.5  -9.0  -9.0 -9.00 1008.0 1013.7 1015.2 2053 1012.2  445  8.8  0.0 12.9 -9.0 -9.00 -9.00   -9    1.0   -9.0 -9.00    0.7  552    0.3  629   -9.0   -9   -9.0   -9   -9.0   -9 -99.0 -99.0 -99.0 -99.0 -99.0
20260903 131  2.2  1886   9  3.8 1921   5  6.0 1340  26.0  29.8 1700  22.8  411  20.5  26.2  22.7  72.6  59.0 1636  24.1   5.4   3.8 -9.00 1004.4 1011.1 1012.2  853 1009.2 1555  7.5  3.5 12.9 -9.0 15.68  2.79 1100   -9.0   -9.0 -9.00   -9.0   -9   -9.0   -9   -9.0   -9   -9.0   -9   -9.0   -9 -99.0 -99.0 -99.0 -99.0 -99.0
20260903 133  1.7  1439  11  5.0 1903  11  8.6 1917  25.6  30.4 1314  22.4  501  21.7  27.0  22.0  80.4  61.0 1300  26.0   5.1   3.6 -9.00 1003.6 1011.3 1012.7  956 1009.5 1628  8.6  3.1 12.9 -9.0 15.51  2.80 1100   -9.0   -9.0 -9.00   -9.0   -9   -9.0   -9   -9.0   -9   -9.0   -9   -9.0   -9  27.8  27.7  26.9  23.7  18.8
20260903 135  1.8  1580   9  4.6 1556   9  7.3 1857  23.5  28.0 1510  20.5 2349  20.5  26.6  19.8  83.9  73.0 1515  24.2   3.9   2.7 -9.00  983.6 1011.4 1013.2 2344 1009.5 1524  8.0  2.1 12.9 -9.0 12.81  1.87 1200   -9.0   -9.0 -9.00   -9.0   -9   -9.0   -9   -9.0   -9   -9.0   -9   -9.0   -9 -99.0 -99.0 -99.0 -99.0 -99.0
20260903 136  1.8  1559  11  4.7 1530  11  8.4 1701  24.6  27.0 1124  22.6 2348  20.5  26.0  20.7  79.0  68.0 1538  24.3   3.2   2.3 -9.00  996.8 1012.9 1014.4 2330 1011.9 1505  8.5  0.4 12.9 -9.0  9.42  1.22 1300   -9.0   -9.0 -9.00   -9.0   -9   -9.0   -9   -9.0   -9   -9.0   -9   -9.0   -9 -99.0 -99.0 -99.0 -99.0 -99.0
20260903 137  0.5   417   2  1.9 1037   9  4.1 1620  24.6  28.9 1507  22.2  314  21.4  27.4  20.6  83.4  74.0 1509  25.6   3.0   2.1 -9.00 1000.1 1011.1 1012.7 2339 1009.5 1509  8.6  1.1 12.9 -9.0 11.06  1.77 1200   -9.0   -9.0 -9.00   -9.0   -9   -9.0   -9   -9.0   -9   -9.0   -9   -9.0   -9 -99.0 -99.0 -99.0 -99.0 -99.0
20260903 138  3.2  2796   5  6.6 2247  11 10.8 2235  25.0  26.1 1453  23.9 2032  21.9  25.9  22.6  83.5  74.0 1459  26.3   3.6   2.5 -9.00 1011.4 1011.9 1012.9 2358 1010.9  437  9.3  0.2 12.9 -9.0  6.69  1.23 1300    3.4    4.0  3.42    3.0 1844    1.0 1935   -9.0   -9   -9.0   -9   -9.0   -9  26.4  24.3  23.1  19.7  17.3
20260903 140  1.6  1369   5  3.4 2240   7  6.9 2303  25.6  29.8 1427  22.6  433  22.7  27.3  21.3  84.6  67.0 1421  27.6  -9.0  -9.0 -9.00 1008.3 1011.5 1013.0 1017 1009.8 1554  8.0  4.7 12.9 -9.0 -9.00 -9.00   -9   -9.0   -9.0 -9.00   -9.0   -9   -9.0   -9   -9.0   -9   -9.0   -9   -9.0   -9 -99.0 -99.0 -99.0 -99.0 -99.0
20260903 143  2.3  1972  11  5.0 1303   9  8.6 1551  25.7  28.8 1523  23.9 2322  21.1  28.2  23.2  77.0  62.0 1457  25.2   5.2   3.6 -9.00 1005.6 1011.8 1013.0 2259 1010.4 1514  8.8  4.0 12.9 -9.0 14.43  2.70 1300    0.1   -9.0  0.42    0.1   -9    0.1   -9   -9.0   -9   -9.0   -9   -9.0   -9 -99.0 -99.0 -99.0 -99.0 -99.0
20260903 146  1.6  1385  36  3.6 1522  34  5.5 1516  26.8  31.4 1554  22.7  535  22.6  28.6  22.1  78.8  62.0 1356  27.5   5.6   3.9 -9.00 1003.6 1010.4 1012.1  718 1008.4 1628  8.0  5.5 12.9 -9.0 18.08  2.72 1400   -9.0   -9.0 -9.00   -9.0   -9   -9.0   -9   -9.0   -9   -9.0   -9   -9.0   -9 -99.0 -99.0 -99.0 -99.0 -99.0
20260903 152  2.5  2118   5  4.2 2247   2  8.7 1855  25.1  28.1 1141  23.3 2101  21.7  27.1  22.6  82.0  69.0 1214  25.9   4.1   2.8 -9.00 1001.8 1011.1 1012.1 2050 1010.2  523  8.8  1.8 12.9 -9.0 11.46  1.98 1100    0.2   -9.0  1.27    0.2   -9    0.2   -9   -9.0   -9   -9.0   -9   -9.0   -9 -99.0 -99.0 -99.0 -99.0 -99.0
20260903 155  1.5  1329   5  5.9 1554   7 10.0 1551  27.0  31.5 1323  24.2 1609  23.2  28.8  23.1  80.6  63.0 1325  28.6   3.9   2.7 -9.00 1006.5 1010.5 1011.4  948 1008.9 1521  8.0  1.7 12.9 -9.0 12.19  2.03 1000   24.1   -9.0  1.17   24.1 1546   14.7 1605   -9.0   -9   -9.0   -9   -9.0   -9 -99.0 -99.0 -99.0 -99.0 -99.0
20260903 156  1.8  1555  16  3.9 1809  18  6.3 1756  28.1  33.3 1620  24.0  621  23.6  33.1  20.0  77.6  55.0 1513  29.1   6.4   4.4 -9.00 1001.8 1009.7 1011.4    1 1007.6 1606  8.5  6.2 12.9 -9.0 19.87  3.43 1100   -9.0   -9.0 -9.00   -9.0   -9   -9.0   -9   -9.0   -9   -9.0   -9   -9.0   -9 -99.0 -99.0 -99.0 -99.0 -99.0
20260903 159  2.7  2349   9  5.3 2247   7 11.7 1813  27.8  31.2 1342  25.5 2357  22.6  28.5  22.5  74.0  62.0 1426  27.5   5.5   3.8 -9.00 1002.1 1010.0 1010.7 1003 1008.8 1453  8.8  3.1 12.9 -9.0 15.44  2.46 1300    0.0    0.0  0.23    0.0   -9    0.0   -9   -9.0   -9   -9.0   -9   -9.0   -9  28.5  27.5  26.4  21.2  19.3
20260903 162  1.9  1661   5  3.7  856   7  7.8 2209  27.2  31.8 1304  24.8  552  22.9  28.8  23.0  78.1  61.0 1312  28.0   4.8   3.3 -9.00 1005.7 1009.3 1010.1    1 1007.8 1554  8.8  3.4 12.9 -9.0 15.57  2.97 1200   -9.0   -9.0 -9.00   -9.0   -9   -9.0   -9   -9.0   -9   -9.0   -9   -9.0   -9 -99.0 -99.0 -99.0 -99.0 -99.0
20260903 165  3.3  2872   5  5.8 1355   2  7.8 1327  27.1  30.5 1303  24.3  414  23.3  31.9  22.7  80.4  62.0 1307  28.6   6.1   4.3 -9.00 1005.1 1010.2 1011.7   44 1008.4 1557  8.3  8.5 12.9 -9.0 21.36  3.15 1100   -9.0   -9.0 -9.00   -9.0   -9   -9.0   -9   -9.0   -9   -9.0   -9   -9.0   -9  28.4  26.5  25.7  22.2  18.7
20260903 168  3.9  3330   9  8.6 2122   9 13.7 2320  27.6  30.7 1458  25.8  650  23.4  29.9  25.1  78.8  65.0 1358  28.9   6.5   4.5 -9.00 1002.7 1010.1 1011.4 1014 1008.8 1551  8.4  4.5 12.8 -9.0 16.87  3.21 1100   -9.0   -9.0 -9.00   -9.0   -9   -9.0   -9   -9.0   -9   -9.0   -9   -9.0   -9  30.0  28.0  26.1  21.5  17.7
20260903 169  5.9  5056   2  8.5 1358   2 10.3 1356  26.5  29.9 1153  24.7  453  22.7  28.9  23.8  80.5  68.0 1419  27.7   6.1   4.3 -9.00 1002.0 1010.5 1012.0    4 1009.1 1747  8.1  6.9 12.9 -9.0 19.57  3.29 1100   -9.0   -9.0 -9.00   -9.0   -9   -9.0   -9   -9.0   -9   -9.0   -9   -9.0   -9 -99.0 -99.0 -99.0 -99.0 -99.0
20260903 170  1.8  1563  16  4.9 1706  18  6.6 1701  27.8  32.8 1412  24.5  342  24.1  27.3  24.5  81.4  65.0 1413  30.1   5.2   3.6 -9.00 1006.0 1010.0 1011.3    1 1008.6 1548  9.0  3.7 12.8 -9.0 15.64  2.20 1100   -9.0   -9.0 -9.00   -9.0   -9   -9.0   -9   -9.0   -9   -9.0   -9   -9.0   -9 -99.0 -99.0 -99.0 -99.0 -99.0
20260903 172  2.3  1949   5  5.2 1242   2  7.1 1233  26.3  31.3 1511  22.6  318  23.4  27.7  22.6  86.1  58.0 1405  28.8   5.9   4.1 -9.00 1004.2 1010.2 1011.7    1 1008.3 1604  7.9  8.2 12.9 -9.0 21.36  3.16 1300   -9.0   -9.0 -9.00   -9.0   -9   -9.0   -9   -9.0   -9   -9.0   -9   -9.0   -9 -99.0 -99.0 -99.0 -99.0 -99.0
20260903 174  1.2  1027  14  4.2 1801  14  7.4 1755  25.5  31.3 1319  22.2  554  21.9  29.5  22.0  81.9  60.0 1319  26.3  -9.0  -9.0 -9.00  989.9 1008.5 1010.1    6 1006.6 1522  8.3  4.9 12.9 -9.0 -9.00 -9.00   -9    0.0   -9.0 -9.00    0.0   -9    0.0   -9   -9.0   -9   -9.0   -9   -9.0   -9 -99.0 -99.0 -99.0 -99.0 -99.0
20260903 177  1.6  1354   7  4.4 1557   5  6.0 1430  24.7  29.7 1542  21.6  521  21.9  26.2  21.7  85.3  60.0 1555  26.3   4.2   3.0  1.08 1007.0 1010.1 1011.5  803 1008.2 1746  6.5  5.1 12.9 -9.0 14.93  2.02 1500   -9.0   -9.0 -9.00   -9.0   -9   -9.0   -9   -9.0   -9   -9.0   -9   -9.0   -9 -99.0 -99.0 -99.0 -99.0 -99.0
20260903 181  1.9  1650  11  4.0 2021  14  6.7 2020  24.0  27.9 1452  21.0  306  20.7  26.5  20.4  83.0  66.0 1610  24.4   4.3   3.0 -9.00 1007.8 1011.7 1012.8  849 1009.8 1619  7.9  3.5 12.9 -9.0 14.85  2.51 1100   -9.0   -9.0 -9.00   -9.0   -9   -9.0   -9   -9.0   -9   -9.0   -9   -9.0   -9 -99.0 -99.0 -99.0 -99.0 -99.0
20260903 184  3.8  3243   7  7.7 2335   7 14.4 2319  29.0  31.9 1431  27.0  459  23.9  36.3  23.8  74.5  66.0 1146  29.8   7.1   5.0 -9.00 1006.4 1008.7 1010.6    2 1007.0 1933  7.6 10.2 12.8 -9.0 20.15  2.97 1300    0.0    0.0  0.50    0.0   -9    0.0   -9   -9.0   -9   -9.0   -9   -9.0   -9  30.4  29.1  28.5  25.4  20.1
20260903 185  3.6  3072  23  6.3 1153  25  9.6 1209  27.4  29.9 1130  25.3  620  23.6  29.3  23.4  80.1  70.0 1258  29.2   5.5   3.8 -9.00 1000.4 1008.5 1010.6    1 1006.6 1944  6.4  7.8 12.8 -9.0 16.81  2.86 1100   -9.0   -9.0 -9.00   -9.0   -9   -9.0   -9   -9.0   -9   -9.0   -9   -9.0   -9 -99.0 -99.0 -99.0 -99.0 -99.0
20260903 188  3.2  2806   5  7.4 2305   5 13.0 2400  28.3  31.0 1302  25.8  126  24.9  29.0  25.9  82.5  64.0 1010  31.5  -9.0  -9.0 -9.00 1007.1 1009.4 1011.1   18 1007.8 1902  7.4  7.3 12.8 -9.0 -9.00 -9.00   -9   -9.0   -9.0 -9.00   -9.0   -9   -9.0   -9   -9.0   -9   -9.0   -9   -9.0   -9 -99.0 -99.0 -99.0 -99.0 -99.0
20260903 189  2.5  2153   7  5.8 1658   9 10.4 1420  29.7  33.6 1340  26.0  507  23.2  31.8  24.7  68.9  54.0  932  28.4   7.6   5.3 -9.00 1002.9 1008.7 1010.9   29 1007.2 1603  6.6  9.7 12.8 -9.0 23.03  3.32 1200    0.0    0.0  0.42    0.0   -9    0.0   -9   -9.0   -9   -9.0   -9   -9.0   -9 -99.0 -99.0 -99.0 -99.0 -99.0
20260903 192  0.9   781   9  3.5 1729  14  8.1 1736  25.3  30.4 1520  22.3  602  21.7  28.8  24.0  81.4  63.0 1433  25.9   4.2   2.9 -9.00 1007.2 1010.6 1011.6  754 1008.5 1552  8.6  4.0 12.9 -9.0 14.74  2.29 1300   -9.0   -9.0 -9.00   -9.0   -9   -9.0   -9   -9.0   -9   -9.0   -9   -9.0   -9 -99.0 -99.0 -99.0 -99.0 -99.0
20260903 201  1.7  1454   5  2.9 2400   7  6.4 2032  24.2  29.5 1606  19.4  315  19.3  25.4  16.3  76.4  42.0 1439  22.4  -9.0  -9.0 -9.00 1007.4 1012.9 1014.1  937 1011.2 1657  0.1 10.1 12.9 -9.0 -9.00 -9.00   -9   -9.0   -9.0 -9.00   -9.0   -9   -9.0   -9   -9.0   -9   -9.0   -9   -9.0   -9 -99.0 -99.0 -99.0 -99.0 -99.0
20260903 202  1.1   947   7  2.9 1822   5  5.7 1916  25.5  31.5 1455  20.8  404  18.4  28.1  20.5  70.3  35.0 1350  21.4  -9.0  -9.0 -9.00 1006.9 1012.3 1013.6 2358 1010.1 1709  0.8  9.7 12.9 -9.0 -9.00 -9.00   -9   -9.0   -9.0 -9.00   -9.0   -9   -9.0   -9   -9.0   -9   -9.0   -9   -9.0   -9 -99.0 -99.0 -99.0 -99.0 -99.0
20260903 203  0.6   545   7  1.6 1154  36  3.2 1135  25.1  31.5 1539  21.1  605  21.0  29.2  21.9  80.0  48.0 1345  25.0  -9.0  -9.0 -9.00 1003.3 1012.5 1013.7 2315 1010.2 1640  1.8 10.1 12.9 -9.0 -9.00 -9.00   -9   -9.0   -9.0 -9.00   -9.0   -9   -9.0   -9   -9.0   -9   -9.0   -9   -9.0   -9 -99.0 -99.0 -99.0 -99.0 -99.0
20260903 211  2.0  1760   2  5.5 1512   2 10.4 1418  22.6  29.3 1338  18.8 2350  18.2  26.6  16.3  78.4  47.0 1149  21.0  -9.0  -9.0 -9.00  990.1 1013.3 1015.3 2353 1011.7 1234  0.9  8.3 13.0 -9.0 -9.00 -9.00   -9   -9.0   -9.0 -9.00   -9.0   -9   -9.0   -9   -9.0   -9   -9.0   -9   -9.0   -9 -99.0 -99.0 -99.0 -99.0 -99.0
20260903 212  1.2  1029   7  3.8 1715   5  7.0 1647  24.6  31.9 1545  20.5 2345  18.3  27.6  17.7  71.4  36.0 1459  21.1  -9.0  -9.0 -9.00  996.9 1012.9 1014.7 2352 1010.0 1548  1.0  8.9 12.9 -9.0 -9.00 -9.00   -9   -9.0   -9.0 -9.00   -9.0   -9   -9.0   -9   -9.0   -9   -9.0   -9   -9.0   -9 -99.0 -99.0 -99.0 -99.0 -99.0
20260903 216  1.7  1474   2  4.0 1609  16  7.4 1220  19.8  22.8 1207  17.7 2301  17.5  21.9  18.7  86.9  74.0 1310  20.0   2.5   1.7 -9.00  933.9 1013.8 1015.8 2352 1012.4 1431  8.8  0.1 12.9 -9.0  8.28  1.36 1200   -9.0   -9.0 -9.00   -9.0   -9   -9.0   -9   -9.0   -9   -9.0   -9   -9.0   -9 -99.0 -99.0 -99.0 -99.0 -99.0
20260903 217  1.2  1007   5  3.7 1613  23  7.1 1519  23.0  28.9 1303  19.2 2317  18.4  26.3  17.4  77.8  50.0 1255  21.2  -9.0  -9.0 -9.00  977.7 1013.1 1015.3 2344 1010.9 1458  5.1  8.5 12.9 -9.0 -9.00 -9.00   -9   -9.0   -9.0 -9.00   -9.0   -9   -9.0   -9   -9.0   -9   -9.0   -9   -9.0   -9 -99.0 -99.0 -99.0 -99.0 -99.0
20260903 221  1.3  1157   5  4.0 2300  36  7.6 2310  23.5  29.4 1614  19.7  616  18.9  26.2  19.0  77.5  56.0 1458  22.0  -9.0  -9.0 -9.00  982.2 1012.2 1013.8 2349 1009.6 1612  6.1  9.0 12.9 -9.0 -9.00 -9.00   -9   -9.0   -9.0 -9.00   -9.0   -9   -9.0   -9   -9.0   -9   -9.0   -9   -9.0   -9 -99.0 -99.0 -99.0 -99.0 -99.0
20260903 226  1.0   865  18  3.3 1428  16  7.0 2110  24.0  28.7 1411  20.6  549  20.7  26.2  19.7  83.0  67.0 1416  24.5  -9.0  -9.0 -9.00  992.2 1011.7 1013.1 2343 1009.7 1607  8.1  3.1 12.9 -9.0 -9.00 -9.00   -9   -9.0   -9.0 -9.00   -9.0   -9   -9.0   -9   -9.0   -9   -9.0   -9   -9.0   -9 -99.0 -99.0 -99.0 -99.0 -99.0
20260903 232  1.1   978   7  2.9 2339   7  4.7 2325  24.6  29.1 1644  21.2  518  21.6  27.4  20.8  84.9  60.0 1648  25.9  -9.0  -9.0 -9.00 1002.5 1012.2 1013.4  831 1010.3 1619  7.8  4.8 12.9 -9.0 -9.00 -9.00   -9   -9.0   -9.0 -9.00   -9.0   -9   -9.0   -9   -9.0   -9   -9.0   -9   -9.0   -9 -99.0 -99.0 -99.0 -99.0 -99.0
20260903 235  2.4  2045  36  4.8 1437   5  7.7  929  25.7  30.2 1228  22.5  423  21.2  28.0  21.9  77.6  56.0 1505  25.2   6.1   4.3 -9.00 1009.2 1010.4 1011.7    2 1008.9 1625  7.9  6.2 12.9 -9.0 19.35  3.22 1200   -9.0   -9.0 -9.00   -9.0   -9   -9.0   -9   -9.0   -9   -9.0   -9   -9.0   -9 -99.0 -99.0 -99.0 -99.0 -99.0
20260903 236  1.0   822   5  3.1 1030   5  6.3 1022  25.5  30.2 1340  22.1  601  21.9  27.8  22.1  81.9  54.0 1328  26.3  -9.0  -9.0 -9.00 1009.9 1011.4 1012.7  951 1009.7 1623  8.0  4.7 12.9 -9.0 -9.00 -9.00   -9   -9.0   -9.0 -9.00   -9.0   -9   -9.0   -9   -9.0   -9   -9.0   -9   -9.0   -9 -99.0 -99.0 -99.0 -99.0 -99.0
20260903 238  0.8   665  36  2.2 1121   5  4.4 1849  25.2  29.4 1554  21.8  517  21.6  27.1  21.5  82.0  67.0 1433  25.9  -9.0  -9.0 -9.00  991.4 1010.7 1012.0  738 1008.7 1558  7.8  2.4 12.9 -9.0 -9.00 -9.00   -9   -9.0   -9.0 -9.00   -9.0   -9   -9.0   -9   -9.0   -9   -9.0   -9   -9.0   -9 -99.0 -99.0 -99.0 -99.0 -99.0
20260903 239  1.4  1177  34  3.1 1356  36  6.3 1354  24.8  29.1 1346  21.9  422  21.5  27.7  21.4  83.1  62.0 1311  25.7   5.0   3.5 -9.00 1000.7 1010.9 1012.2  924 1008.9 1613  8.5  4.4 12.9 -9.0 17.01  2.96 1300   -9.0   -9.0 -9.00   -9.0   -9   -9.0   -9   -9.0   -9   -9.0   -9   -9.0   -9 -99.0 -99.0 -99.0 -99.0 -99.0
20260903 243  1.2   994   2  2.8 1511  36  5.1 1520  25.9  31.0 1555  22.8  557  21.8  27.8  22.0  79.8  51.0 1512  26.1  -9.0  -9.0 -9.00 1009.5 1010.9 1012.5 1020 1009.3 1734  7.9  4.8 12.9 -9.0 -9.00 -9.00   -9   -9.0   -9.0 -9.00   -9.0   -9   -9.0   -9   -9.0   -9   -9.0   -9   -9.0   -9 -99.0 -99.0 -99.0 -99.0 -99.0
20260903 244  0.9   757   7  2.5 1336   5  5.0 1327  25.9  31.4 1507  22.0  528  21.3  28.2  22.0  77.6  53.0 1518  25.4  -9.0  -9.0 -9.00  982.3 1010.1 1011.8    1 1007.7 1620  7.9  6.3 12.9 -9.0 -9.00 -9.00   -9   -9.0   -9.0 -9.00   -9.0   -9   -9.0   -9   -9.0   -9   -9.0   -9   -9.0   -9 -99.0 -99.0 -99.0 -99.0 -99.0
20260903 245  1.9  1666  34  4.4 1132  36  6.5 1148  26.2  31.0 1510  23.0  313  22.4  28.3  22.5  81.1  55.0 1411  27.1   5.7   4.0 -9.00 1002.6 1010.4 1012.0  805 1008.6 1559  7.1  7.1 12.9 -9.0 19.85  3.06 1300   -9.0   -9.0 -9.00   -9.0   -9   -9.0   -9   -9.0   -9   -9.0   -9   -9.0   -9 -99.0 -99.0 -99.0 -99.0 -99.0
20260903 247  1.8  1537   7  6.5 2248   9 12.0 2233  26.9  32.9 1503  23.0  547  22.6  28.5  22.6  78.9  54.0 1358  27.4  -9.0  -9.0 -9.00  994.7 1009.8 1011.4    1 1007.4 1604  8.3  6.1 12.9 -9.0 -9.00 -9.00   -9   -9.0   -9.0 -9.00   -9.0   -9   -9.0   -9   -9.0   -9   -9.0   -9   -9.0   -9 -99.0 -99.0 -99.0 -99.0 -99.0
20260903 248  1.4  1215  36  3.6 1314   5  6.3 1855  24.6  30.0 1250  21.3  520  20.9  27.3  19.7  81.6  60.0 1505  24.8  -9.0  -9.0 -9.00  965.2 1010.7 1012.4    1 1008.0 1605  8.4  4.9 12.9 -9.0 -9.00 -9.00   -9   -9.0   -9.0 -9.00   -9.0   -9   -9.0   -9   -9.0   -9   -9.0   -9   -9.0   -9 -99.0 -99.0 -99.0 -99.0 -99.0
20260903 251  2.1  1779  34  4.7 1236  36  8.3 1257  26.3  31.1 1428  22.6  150  23.0  28.7  23.1  83.5  62.0 1441  28.1   5.6   3.9 -9.00 1004.3 1010.0 1011.7   15 1008.1 1552  8.1  7.9 12.9 -9.0 19.72  2.95 1300   -9.0   -9.0 -9.00   -9.0   -9   -9.0   -9   -9.0   -9   -9.0   -9   -9.0   -9 -99.0 -99.0 -99.0 -99.0 -99.0
20260903 252  1.3  1123  34  3.8 1731  34  6.7 1722  25.9  30.7 1406  22.5  544  22.5  28.6  22.3  83.3  54.0 1408  27.3   5.7   4.0 -9.00 1005.9 1010.1 1011.7  759 1008.5 1614  7.5  8.7 12.9 -9.0 21.73  3.21 1300   -9.0   -9.0 -9.00   -9.0   -9   -9.0   -9   -9.0   -9   -9.0   -9   -9.0   -9 -99.0 -99.0 -99.0 -99.0 -99.0
20260903 253  0.8   675  11  2.1 1108  29  4.6 1702  27.3  31.9 1115  24.9  534  23.4  28.8  23.5  80.5  63.0 1116  29.0   3.7   2.6 -9.00 1005.1 1011.3 1012.2 1010 1010.0 1456  8.5  1.2 12.9 -9.0 12.75  2.24 1100   -9.0   -9.0 -9.00   -9.0   -9   -9.0   -9   -9.0   -9   -9.0   -9   -9.0   -9 -99.0 -99.0 -99.0 -99.0 -99.0
20260903 254  1.0   825  34  3.0 1341  32  4.7 1337  26.7  33.5 1518  22.6  513  22.1  30.6  22.3  78.1  46.0 1547  26.6   5.6   3.9 -9.00  995.7 1010.3 1012.1    1 1008.0 1557  8.5  6.7 12.9 -9.0 18.67  3.03 1200   11.4   -9.0 -9.00    9.7 1935    7.0 1947   -9.0   -9   -9.0   -9   -9.0   -9 -99.0 -99.0 -99.0 -99.0 -99.0
20260903 255  1.6  1388   7  4.7 1530   7  8.7 1530  27.7  31.8 1304  25.0  558  22.9  26.3  23.5  76.0  63.0 1311  28.0   3.9   2.7 -9.00 1004.4 1010.2 1011.0  758 1008.5 1459  8.8  0.8 12.9 -9.0 10.46  1.64  900    0.3   -9.0 -9.00    0.3 1536    0.3 1544   -9.0   -9   -9.0   -9   -9.0   -9 -99.0 -99.0 -99.0 -99.0 -99.0
20260903 257  2.9  2485   7  4.4 2135   5 11.0 2234  27.3  32.0 1122  25.3 2305  23.4  28.0  23.6  79.6  63.0 1114  28.8   4.4   3.1 -9.00 1010.0 1010.7 1011.4 2349 1009.6 1502  8.5  1.2 12.9 -9.0 12.28  1.88 1000    0.0   -9.0 -9.00    0.0   -9    0.0   -9   -9.0   -9   -9.0   -9   -9.0   -9 -99.0 -99.0 -99.0 -99.0 -99.0
20260903 258  2.0  1757  18  3.9 1820  16  5.4 1736  27.3  31.6 1654  24.0  600  24.0  28.4  23.5  83.1  61.0 1628  29.8   5.1   3.6 -9.00 1010.1 1010.3 1011.6    1 1008.7 1552  9.0  3.7 12.9 -9.0 16.24  2.50 1300   -9.0   -9.0 -9.00   -9.0   -9   -9.0   -9   -9.0   -9   -9.0   -9   -9.0   -9 -99.0 -99.0 -99.0 -99.0 -99.0
20260903 259  0.8   729  11  2.1 1108  14  3.9 1533  27.7  32.1 1250  24.2  515  24.3  29.3  25.0  83.3  65.0 1223  30.5   4.6   3.2 -9.00 1007.7 1009.5 1011.0    1 1008.0 1521  8.8  3.8 12.8 -9.0 15.59  3.12 1200   -9.0   -9.0 -9.00   -9.0   -9   -9.0   -9   -9.0   -9   -9.0   -9   -9.0   -9 -99.0 -99.0 -99.0 -99.0 -99.0
20260903 260  1.3  1150  11  3.6 2207   9  6.1 2344  27.1  31.5 1238  24.0  600  24.2  29.7  25.0  84.6  68.0 1409  30.2  -9.0  -9.0 -9.00 1004.7 1009.7 1011.2    1 1008.0 1527  8.4  3.9 12.9 -9.0 -9.00 -9.00   -9   -9.0   -9.0 -9.00   -9.0   -9   -9.0   -9   -9.0   -9   -9.0   -9   -9.0   -9 -99.0 -99.0 -99.0 -99.0 -99.0
20260903 261  0.7   605  34  4.4 1543  32  6.4 1537  27.0  31.7 1313  23.9  450  24.7  29.2  22.1  88.1  67.0 1311  31.2  -9.0  -9.0 -9.00 1008.2 1010.1 1011.6   20 1008.6 1514  8.8  3.1 12.8 -9.0 -9.00 -9.00   -9    3.2   -9.0 -9.00    3.2 1520    1.2 1544   -9.0   -9   -9.0   -9   -9.0   -9 -99.0 -99.0 -99.0 -99.0 -99.0
20260903 262  1.2  1022  18  3.1 1600   7  7.0 2302  27.6  31.7 1529  23.7  210  23.8  29.4  25.8  80.9  61.0 1549  29.6   4.2   3.0 -9.00 1003.9 1009.8 1011.1    1 1008.4 1536  8.5  3.5 12.8 -9.0 14.24  1.70 1300   -9.0   -9.0 -9.00   -9.0   -9   -9.0   -9   -9.0   -9   -9.0   -9   -9.0   -9 -99.0 -99.0 -99.0 -99.0 -99.0
20260903 263  1.4  1204   9  3.9 1623   5  6.7 1530  26.0  31.7 1424  23.2  350  22.9  30.2  22.8  84.3  61.0 1354  28.1   4.7   3.3 -9.00 1009.0 1010.6 1011.7 2356 1008.7 1534  8.1  2.5 12.9 -9.0 14.82  2.60 1300   -9.0   -9.0 -9.00   -9.0   -9   -9.0   -9   -9.0   -9   -9.0   -9   -9.0   -9 -99.0 -99.0 -99.0 -99.0 -99.0
20260903 264  1.0   871   9  2.9 1506  11  5.2 1557  26.8  32.5 1541  23.3  505  23.4  28.9  23.1  83.0  61.0 1536  28.8   4.7   3.3 -9.00  993.5 1010.6 1012.2 2355 1008.1 1518  8.6  3.9 12.9 -9.0 17.15  2.99 1200   -9.0   -9.0 -9.00   -9.0   -9   -9.0   -9   -9.0   -9   -9.0   -9   -9.0   -9 -99.0 -99.0 -99.0 -99.0 -99.0
20260903 266  1.5  1294   9  4.6 1844   5  8.7 2207  27.3  31.3 1335  24.9  442  23.7  29.8  24.5  82.1  64.0 1428  29.4   5.0   3.5 -9.00 1000.5 1010.4 1011.5    1 1008.8 1534  8.5  2.6 12.9 -9.0 15.34  2.28 1300    0.0   -9.0 -9.00    0.0   -9    0.0   -9   -9.0   -9   -9.0   -9   -9.0   -9 -99.0 -99.0 -99.0 -99.0 -99.0
20260903 268  1.3  1122  32  4.3 1511  32  6.5 1507  26.4  31.1 1255  23.5  558  23.2  28.2  23.9  83.6  61.0 1225  28.4  -9.0  -9.0 -9.00 1007.6 1008.7 1010.2    1 1007.3 1542  8.8  5.0 12.8 -9.0 -9.00 -9.00   -9   -9.0   -9.0 -9.00   -9.0   -9   -9.0   -9   -9.0   -9   -9.0   -9   -9.0   -9 -99.0 -99.0 -99.0 -99.0 -99.0
20260903 271  1.3  1085  14  3.6 1500  14  7.2 1544  22.4  27.5 1413  19.5 2357  18.9  25.2  17.1  81.8  59.0 1428  21.9  -9.0  -9.0 -9.00  976.1 1013.0 1014.7 2058 1011.1 1449  8.5  2.0 12.9 -9.0 -9.00 -9.00   -9   -9.0   -9.0 -9.00   -9.0   -9   -9.0   -9   -9.0   -9   -9.0   -9   -9.0   -9 -99.0 -99.0 -99.0 -99.0 -99.0
20260903 272  1.2  1064  11  3.0 1716  11  5.4 1716  23.0  27.5 1441  19.0 2338  20.6  26.4  17.9  87.8  67.0 1444  24.3  -9.0  -9.0 -9.00  988.3 1012.4 1014.2 2328 1010.7 1534  8.5  1.0 12.9 -9.0 -9.00 -9.00   -9    0.0   -9.0 -9.00    0.0   -9    0.0   -9   -9.0   -9   -9.0   -9   -9.0   -9 -99.0 -99.0 -99.0 -99.0 -99.0
20260903 273  1.1   930   9  4.0 1511  11  6.2 1359  23.5  29.2 1259  19.9 2355  21.1  26.0  17.9  87.9  70.0 1148  25.1  -9.0  -9.0 -9.00  991.9 1011.6 1013.3 2341 1010.0 1455  8.5  2.4 12.9 -9.0 -9.00 -9.00   -9   -9.0   -9.0 -9.00   -9.0   -9   -9.0   -9   -9.0   -9   -9.0   -9   -9.0   -9 -99.0 -99.0 -99.0 -99.0 -99.0
20260903 276  1.3  1145  11  3.8 1551   9  8.2 1609  23.1  27.0 1602  19.3 2339  21.5  24.0  18.3  91.8  70.0 1604  25.7   2.4   1.7 -9.00  988.3 1012.1 1013.7 2349 1010.9 1558  8.6  0.9 12.9 -9.0  7.49  1.69 1500    3.0   -9.0 -9.00    1.5   32    1.3   42   -9.0   -9   -9.0   -9   -9.0   -9 -99.0 -99.0 -99.0 -99.0 -99.0
20260903 277  2.8  2409   2  5.4 1525   2  9.1 1522  23.1  25.3 1512  21.8 2345  21.4  25.8  20.7  90.8  81.0 1307  25.5  -9.0  -9.0 -9.00 1008.3 1013.0 1014.3 2111 1011.7  504  8.0  0.0 12.9 -9.0 -9.00 -9.00   -9    0.2   -9.0 -9.00    0.2   -9    0.1   -9   -9.0   -9   -9.0   -9   -9.0   -9 -99.0 -99.0 -99.0 -99.0 -99.0
20260903 278  0.9   772   7  3.2 1647   9  5.5 1457  24.7  28.3 1131  21.1 2353  21.7  26.9  19.8  84.9  63.0 1639  26.1  -9.0  -9.0 -9.00 1001.7 1011.0 1012.6 2351 1009.7 1606  8.0  1.0 12.9 -9.0 -9.00 -9.00   -9    4.9   -9.0 -9.00    4.8 1224    1.4 1303   -9.0   -9   -9.0   -9   -9.0   -9 -99.0 -99.0 -99.0 -99.0 -99.0
20260903 279  1.1   939   7  3.5 1546   9  6.1 1434  25.2  30.3 1415  22.8 2400  21.5  28.0  21.3  80.6  62.0 1707  25.7   3.5   2.4 -9.00 1005.9 1011.6 1013.2 2348 1009.7 1620  8.5  1.6 12.9 -9.0 11.23  1.80 1300   -9.0   -9.0 -9.00   -9.0   -9   -9.0   -9   -9.0   -9   -9.0   -9   -9.0   -9 -99.0 -99.0 -99.0 -99.0 -99.0
20260903 281  1.9  1636   9  4.5 1703   7  9.2 1656  25.0  28.5 1409  23.5 2141  21.2  28.0  22.1  80.5  63.0 1504  25.3  -9.0  -9.0 -9.00 1001.3 1012.3 1013.4 2338 1011.3 1501  8.6  1.2 12.9 -9.0 -9.00 -9.00   -9    0.2   -9.0 -9.00    0.2   -9    0.2   -9   -9.0   -9   -9.0   -9   -9.0   -9 -99.0 -99.0 -99.0 -99.0 -99.0
20260903 283  3.4  2925   2  5.2 1323  36  9.3 1316  24.7  26.6 1345  23.0 2353  22.1  26.0  22.0  85.8  75.0 1434  26.6   2.8   2.0 -9.00 1007.8 1012.4 1013.4 2048 1011.3  530  9.1  0.0 12.9 -9.0  5.98  1.13 1300    0.0   -9.0 -9.00    0.0   -9    0.0   -9   -9.0   -9   -9.0   -9   -9.0   -9 -99.0 -99.0 -99.0 -99.0 -99.0
20260903 284  1.3  1149  16  3.8 1412  11  6.2 1749  25.4  30.9 1604  23.0  522  22.0  26.9  21.7  81.9  65.0 1603  26.5   4.4   3.1 -9.00  985.1 1010.9 1012.4 2351 1008.4 1559  8.5  3.9 12.9 -9.0 15.85  2.87 1200    0.0   -9.0 -9.00    0.0   -9    0.0   -9   -9.0   -9   -9.0   -9   -9.0   -9 -99.0 -99.0 -99.0 -99.0 -99.0
20260903 285  1.2  1014   2  3.0 1514   2  6.7 1408  26.5  31.6 1436  23.6  448  22.8  30.6  23.9  81.4  62.0 1611  27.8  -9.0  -9.0 -9.00 1008.0 1011.1 1012.3 2358 1009.3 1514  8.4  4.7 12.9 -9.0 -9.00 -9.00   -9   -9.0   -9.0 -9.00   -9.0   -9   -9.0   -9   -9.0   -9   -9.0   -9   -9.0   -9 -99.0 -99.0 -99.0 -99.0 -99.0
20260903 288  1.8  1548   5  4.7 1406   7  9.2 1359  27.4  32.2 1256  24.8  609  22.8  29.1  25.1  77.0  61.0 1241  27.9   5.1   3.6 -9.00 1008.3 1009.3 1010.3 2343 1008.0 1454  8.1  1.6 12.9 -9.0 14.47  2.35 1100   -9.0   -9.0 -9.00   -9.0   -9   -9.0   -9   -9.0   -9   -9.0   -9   -9.0   -9 -99.0 -99.0 -99.0 -99.0 -99.0
20260903 289  1.0   905   9  3.1 1839   7  6.1 1832  26.6  32.0 1434  23.6  556  23.2  29.7  23.4  82.8  62.0 1405  28.5  -9.0  -9.0 -9.00  995.8 1011.4 1012.9 2400 1009.1 1551  8.8  5.7 12.9 -9.0 -9.00 -9.00   -9   -9.0   -9.0 -9.00   -9.0   -9   -9.0   -9   -9.0   -9   -9.0   -9   -9.0   -9 -99.0 -99.0 -99.0 -99.0 -99.0
20260903 294  1.3  1102  14  3.4 1534  14  7.4 1353  26.6  30.4 1238  23.7  117  22.2  29.8  22.3  77.6  68.0 1239  26.8  -9.0  -9.0 -9.00 1005.9 1011.0 1012.0  946 1009.7 1542  9.0  3.2 12.9 -9.0 -9.00 -9.00   -9   -9.0   -9.0 -9.00   -9.0   -9   -9.0   -9   -9.0   -9   -9.0   -9   -9.0   -9 -99.0 -99.0 -99.0 -99.0 -99.0
20260903 295  1.4  1193   9  3.4 2013   9  5.8 2007  27.1  31.1 1507  24.7   26  23.2  28.9  23.8  79.6  63.0 1510  28.4  -9.0  -9.0 -9.00 1005.2 1010.4 1011.7  951 1008.8 1535  8.4  4.1 12.9 -9.0 -9.00 -9.00   -9   -9.0   -9.0 -9.00   -9.0   -9   -9.0   -9   -9.0   -9   -9.0   -9   -9.0   -9 -99.0 -99.0 -99.0 -99.0 -99.0
20260903 296  3.3  2866   5  7.4 1819   2 10.7 1813  27.5  32.0 1220  25.4   49  23.6  27.4  23.3  80.0  65.0 1221  29.2   5.2   3.6 -9.00 1009.5 1009.8 1010.5 1002 1008.7 1501  8.9  2.1 12.9 -9.0 13.71  2.38 1100   -9.0   -9.0 -9.00   -9.0   -9   -9.0   -9   -9.0   -9   -9.0   -9   -9.0   -9 -99.0 -99.0 -99.0 -99.0 -99.0
20260904  90  2.1  1809  36  3.7 1023   7  6.2 1137  23.2  26.4 1227  19.1  549  18.2  26.9  18.7  74.8  60.0 1222  20.9   6.0   4.2 -9.00 1014.4 1016.5 1017.5  913 1015.7 1508  1.6 10.8 12.9 -9.0 22.28  3.22 1200   -9.0   -9.0 -9.00   -9.0   -9   -9.0   -9   -9.0   -9   -9.0   -9   -9.0   -9 -99.0 -99.0 -99.0 -99.0 -99.0
20260904  93  1.6  1402  11  4.5 1553   9 10.3 1321  22.1  28.6 1246  16.4  621  15.6  24.6  15.0  70.1  43.0 1216  17.8   6.0   4.2 -9.00 1004.1 1015.2 1016.3 2225 1013.3 1534  1.5 10.0 12.9 -9.0 20.75  3.15 1100   -9.0   -9.0 -9.00   -9.0   -9   -9.0   -9   -9.0   -9   -9.0   -9   -9.0   -9  26.5  26.6  25.7  22.8  19.7
20260904  95  2.1  1784  11  4.7 1400  11  8.9 1355  22.2  28.9 1248  16.9 2336  15.7  24.3  17.0  70.0  38.0 1522  17.8   6.6   4.6 -9.00  997.2 1015.2 1016.7 2325 1012.9 1537  0.8 11.6 12.9 -9.0 22.57  3.22 1200   -9.0   -9.0 -9.00   -9.0   -9   -9.0   -9   -9.0   -9   -9.0   -9   -9.0   -9 -99.0 -99.0 -99.0 -99.0 -99.0
20260904  98  1.2  1050   7  3.6 1452   9  7.0 1444  23.4  29.5 1413  18.4  456  14.5  27.3  17.2  59.9  36.0 1515  16.6   7.3   5.1 -9.00 1000.7 1014.0 1015.7 2348 1011.7 1555  1.4 10.8 12.9 -9.0 24.51  3.24 1200   -9.0   -9.0 -9.00   -9.0   -9   -9.0   -9   -9.0   -9   -9.0   -9   -9.0   -9 -99.0 -99.0 -99.0 -99.0 -99.0
20260904  99  2.0  1752   9  4.4 1659   9  9.0 1339  22.6  29.0 1428  17.6  551  16.1  25.5  16.8  69.0  45.0 1332  18.3   6.9   4.8 -9.00 1011.0 1014.5 1016.2 2328 1012.4 1519  1.6 11.4 12.9 -9.0 24.09  3.21 1200   -9.0   -9.0 -9.00   -9.0   -9   -9.0   -9   -9.0   -9   -9.0   -9   -9.0   -9 -99.0 -99.0 -99.0 -99.0 -99.0
20260904 100  3.3  2844   9  5.3  951   9  9.5  947  17.5  20.5 1227  16.1  545  15.4  21.3  14.6  87.8  72.0 1205  17.5   3.0   2.1 -9.00  929.0 1015.9 1016.9  826 1014.4 1538  4.4  3.1 12.9 -9.0 13.41  2.20 1200   -9.0   -9.0 -9.00   -9.0   -9   -9.0   -9   -9.0   -9   -9.0   -9   -9.0   -9 -99.0 -99.0 -99.0 -99.0 -99.0
20260904 101  2.6  2279   5  5.0 1430   7  9.2 1140  22.6  28.6 1403  17.6 2346  15.4  24.6  15.8  67.0  42.0 1221  17.5   7.5   5.2 -9.00 1005.2 1013.9 1015.1 2225 1011.9 1529  1.0 11.4 12.9 -9.0 24.43  3.22 1300   -9.0   -9.0 -9.00   -9.0   -9   -9.0   -9   -9.0   -9   -9.0   -9   -9.0   -9  26.9  25.8  24.6  20.3  16.7
20260904 102  2.9  2491  11  4.8  939   9  6.9  927  23.2  27.6 1255  20.3  605  17.9  24.7  17.2  73.1  52.0 1313  20.6   7.2   5.0 -9.00 1008.8 1012.9 1014.0  931 1011.6 1856  0.3 12.2 12.9 -9.0 25.24  3.29 1200   -9.0   -9.0 -9.00   -9.0   -9   -9.0   -9   -9.0   -9   -9.0   -9   -9.0   -9 -99.0 -99.0 -99.0 -99.0 -99.0
20260904 104  1.3  1152   5  3.3 1356   7  6.0 1155  22.4  26.7 1414  19.0  610  19.4  25.2  16.9  84.1  66.0 1103  22.5   5.3   3.7 -9.00 1006.8 1015.5 1016.4  806 1014.6 1502  3.4 10.0 12.9 -9.0 22.75  3.17 1200   -9.0   -9.0 -9.00   -9.0   -9   -9.0   -9   -9.0   -9   -9.0   -9   -9.0   -9  25.4  24.9  24.3  20.4  16.9
20260904 105  1.6  1353   9  2.9 1115  11  6.5 1326  23.0  26.9 1341  18.9  604  17.8  25.7  18.2  73.8  55.0 1134  20.3   4.8   3.4 -9.00 1013.1 1016.3 1017.4  807 1015.3 1536  2.3  8.1 12.9 -9.0 18.98  3.10 1100   -9.0   -9.0 -9.00   -9.0   -9   -9.0   -9   -9.0   -9   -9.0   -9   -9.0   -9  26.0  25.4  25.2  20.8  17.3
20260904 106  2.9  2477   5  5.3 2100   7  8.9 2102  23.1  26.9 1206  19.0  628  18.6  27.3  16.7  77.1  59.0 1016  21.5   6.5   4.5 -9.00 1011.5 1016.2 1017.3  810 1015.3 1533  4.6  8.1 12.9 -9.0 21.07  3.19 1200    0.6   -9.0 -9.00    0.6 2029    0.6 2036   -9.0   -9   -9.0   -9   -9.0   -9 -99.0 -99.0 -99.0 -99.0 -99.0
20260904 108  3.8  3293   5  5.7 1602   5 11.6 1646  25.1  29.8 1423  21.3  616  14.7  25.1  17.4  53.6  40.0 1554  16.7   8.9   6.2 -9.00 1003.7 1013.5 1015.1 2357 1011.3 1529  1.8 11.7 12.9 -9.0 24.50  3.33 1200   -9.0   -9.0 -9.00   -9.0   -9   -9.0   -9   -9.0   -9   -9.0   -9   -9.0   -9  26.6  25.8  25.6  21.5  16.9
20260904 112  3.3  2842   7  5.8 2128   9 10.4 2219  25.8  29.8 1539  21.5  555  15.5  27.6  17.4  54.8  37.0 1403  17.7   9.1   6.3 -9.00 1005.2 1013.0 1014.6 2354 1010.9 1536  0.8 10.7 12.9 -9.0 24.26  3.26 1200   -9.0   -9.0 -9.00   -9.0   -9   -9.0   -9   -9.0   -9   -9.0   -9   -9.0   -9  25.8  25.3  24.2  21.0  16.6
20260904 114  2.0  1731   9  4.7 1651  11  9.9 1647  23.7  30.1 1331  18.5  609  14.6  26.4  15.9  60.0  35.0 1244  16.7   7.5   5.3 -9.00  996.4 1013.6 1015.2 2146 1011.5 1536  1.0 10.6 12.9 -9.0 24.25  3.46 1200   -9.0   -9.0 -9.00   -9.0   -9   -9.0   -9   -9.0   -9   -9.0   -9   -9.0   -9 -99.0 -99.0 -99.0 -99.0 -99.0
20260904 115  5.9  5134   5  8.0  326   5 14.9  953  22.4  24.6 1203  20.8  420  18.2 -99.0  -9.0  77.6  71.0  948  20.9   5.7   4.0 -9.00  989.5 1014.8 1016.0  841 1014.0  207  4.3  6.5 12.9 -9.0 18.34  2.96 1100   -9.0   -9.0 -9.00   -9.0   -9   -9.0   -9   -9.0   -9   -9.0   -9   -9.0   -9  25.1  24.0  22.9  16.6 -99.0
20260904 119  2.9  2514   9  5.5 1751   9  9.8 1747  25.0  29.7 1544  20.8  541  14.9  27.0  17.8  55.1  39.0 1450  17.0   8.3   5.8 -9.00 1008.3 1012.9 1014.2 2333 1010.5 1531  0.9 10.9 12.9 -9.0 23.86  3.24 1200   -9.0   -9.0 -9.00   -9.0   -9   -9.0   -9   -9.0   -9   -9.0   -9   -9.0   -9  26.3  25.5  24.6  20.6  16.9
20260904 121  2.0  1768   7  6.8 1701   5 11.5 1152  21.7  29.6 1318  16.7  601  15.7  23.6  18.0  71.6  43.0 1319  17.8   6.3   4.4 -9.00  987.3 1014.9 1016.3  736 1012.8 1440  2.0  8.7 12.9 -9.0 22.06  3.08 1100   -9.0   -9.0 -9.00   -9.0   -9   -9.0   -9   -9.0   -9   -9.0   -9   -9.0   -9 -99.0 -99.0 -99.0 -99.0 -99.0
20260904 127  1.9  1622   2  4.4 1430   5  8.8 1134  23.0  29.3 1340  17.0 2339  15.3  25.4  17.4  65.0  41.0 1432  17.5   7.1   5.0 -9.00  999.6 1012.8 1014.3 2138 1010.7 1547  2.5  9.7 12.9 -9.0 24.03  3.31 1200   -9.0   -9.0 -9.00   -9.0   -9   -9.0   -9   -9.0   -9   -9.0   -9   -9.0   -9 -99.0 -99.0 -99.0 -99.0 -99.0
20260904 129  3.3  2842   7  6.0 1558   9 10.8 1005  24.8  29.3 1548  21.0 2350  16.0  25.9  16.0  60.4  37.0 1550  18.4   8.2   5.8 -9.00 1009.5 1012.4 1013.7 2359 1010.6 1531  1.5 11.7 12.9 -9.0 25.02  3.28 1200   -9.0   -9.0 -9.00   -9.0   -9   -9.0   -9   -9.0   -9   -9.0   -9   -9.0   -9  25.8  25.6  24.8  20.6  17.3
20260904 130  2.2  1874   7  4.2 1101   5  8.5 2144  23.4  26.1 1326  20.1  609  18.5  24.8  18.5  75.0  60.0 1238  21.3  -9.0  -9.0 -9.00 1009.9 1015.6 1016.7 1000 1014.9 1533  4.4  7.9 12.9 -9.0 -9.00 -9.00   -9   -9.0   -9.0 -9.00   -9.0   -9   -9.0   -9   -9.0   -9   -9.0   -9   -9.0   -9 -99.0 -99.0 -99.0 -99.0 -99.0
20260904 131  3.2  2799   9  5.8 1151   9  9.7 1540  25.8  30.7 1455  21.8  513  14.1  25.4  19.5  50.6  35.0 1018  16.3  10.0   7.0 -9.00 1005.8 1012.5 1013.6 2122 1010.3 1538  0.5 11.6 12.9 -9.0 26.36  3.43 1200   -9.0   -9.0 -9.00   -9.0   -9   -9.0   -9   -9.0   -9   -9.0   -9   -9.0   -9 -99.0 -99.0 -99.0 -99.0 -99.0
20260904 133  3.8  3310  11  7.5 1022  14 13.1  951  25.2  29.5 1352  22.0 2304  15.6  26.2  18.5  56.1  42.0 1601  17.8   8.6   6.0 -9.00 1004.9 1012.7 1013.8 2142 1010.6 1548  2.0 11.9 12.9 -9.0 25.34  3.32 1200   -9.0   -9.0 -9.00   -9.0   -9   -9.0   -9   -9.0   -9   -9.0   -9   -9.0   -9  27.9  27.6  26.9  23.8  19.0
20260904 135  3.8  3267   9  7.3 1253   9 12.9  953  22.6  26.6 1436  19.0  201  15.5  24.3  17.1  65.8  47.0 1503  17.7   7.5   5.2 -9.00  985.2 1013.1 1014.2  732 1011.2 1608  4.5 10.1 12.8 -9.0 24.40  3.49 1100   -9.0   -9.0 -9.00   -9.0   -9   -9.0   -9   -9.0   -9   -9.0   -9   -9.0   -9 -99.0 -99.0 -99.0 -99.0 -99.0
20260904 136  2.1  1793  11  6.2 1423  14 12.0 1413  23.5  28.3 1348  19.3 2249  15.3  26.5  17.2  61.6  41.0 1349  17.4   7.2   5.1 -9.00  998.7 1014.9 1015.8  744 1013.5 1542  5.1 10.9 12.9 -9.0 23.87  3.13 1100   -9.0   -9.0 -9.00   -9.0   -9   -9.0   -9   -9.0   -9   -9.0   -9   -9.0   -9 -99.0 -99.0 -99.0 -99.0 -99.0
20260904 137  1.0   886  11  2.4 1527  11  8.0 1637  23.4  28.9 1404  19.0 2354  17.1  28.7  16.6  69.9  44.0 1537  19.6   6.3   4.4 -9.00 1001.8 1012.9 1014.1  726 1011.1 1546  3.9 10.8 12.9 -9.0 24.37  3.27 1100   -9.0   -9.0 -9.00   -9.0   -9   -9.0   -9   -9.0   -9   -9.0   -9   -9.0   -9 -99.0 -99.0 -99.0 -99.0 -99.0
20260904 138  5.4  4694   7  7.5  716   5 12.5 1223  25.5  26.7 1346  24.1   24  17.8  25.6  22.3  62.8  50.0 1441  20.3   7.8   5.5 -9.00 1012.7 1013.2 1014.2 1023 1012.4  317  6.5  7.1 12.9 -9.0 18.94  3.01 1300    0.6    0.0  1.00    0.6    1    0.6   17   -9.0   -9   -9.0   -9   -9.0   -9  26.2  24.3  23.1  19.8  17.3
20260904 140  2.9  2517   7  4.6  834   7  9.9 1717  25.4  29.0 1424  22.4 2346  18.1  25.3  19.5  64.9  52.0 1508  20.8  -9.0  -9.0 -9.00 1008.8 1011.9 1013.1 2121 1010.2 1540  1.8 11.5 12.8 -9.0 -9.00 -9.00   -9   -9.0   -9.0 -9.00   -9.0   -9   -9.0   -9   -9.0   -9   -9.0   -9   -9.0   -9 -99.0 -99.0 -99.0 -99.0 -99.0
20260904 143  3.3  2840   9  6.6 1252   9 11.5 1621  24.6  28.0 1336  21.3 2358  16.0  26.3  18.1  60.5  39.0 1229  18.3   7.2   5.1 -9.00 1007.0 1013.3 1014.2 2130 1012.3 1526  4.8  8.6 12.8 -9.0 21.00  3.28 1200   -9.0   -9.0 -9.00   -9.0   -9   -9.0   -9   -9.0   -9   -9.0   -9   -9.0   -9 -99.0 -99.0 -99.0 -99.0 -99.0
20260904 146  2.7  2319   9  5.6 1614   7  9.3 1610  26.5  30.8 1441  22.4  620  16.9  26.2  17.3  57.5  41.0 1332  19.5   8.4   5.9 -9.00 1003.9 1010.8 1012.2 2338 1008.7 1539  2.3 11.5 12.8 -9.0 24.62  3.27 1200   -9.0   -9.0 -9.00   -9.0   -9   -9.0   -9   -9.0   -9   -9.0   -9   -9.0   -9 -99.0 -99.0 -99.0 -99.0 -99.0
20260904 152  3.8  3309   5  6.5 1057   2 12.6 1056  24.4  26.8 1306  23.4 1406  16.3  24.5  22.3  60.9  49.0 1301  18.5   5.9   4.1 -9.00 1002.9 1012.2 1013.1  956 1011.5 1529  6.5  4.3 12.8 -9.0 14.18  2.43 1100    0.0   -9.0  0.33    0.0   -9    0.0   -9   -9.0   -9   -9.0   -9   -9.0   -9 -99.0 -99.0 -99.0 -99.0 -99.0
20260904 155  3.1  2685   9  6.5 1530   7 12.2 1550  26.1  29.8 1331  23.2 2337  17.0  27.4  20.0  58.4  42.0 1450  19.5   8.0   5.6 -9.00 1007.5 1011.5 1012.6 2131 1010.5 1441  5.0  8.0 12.8 -9.0 21.99  3.42 1200   -9.0   -9.0 -9.00   -9.0   -9   -9.0   -9   -9.0   -9   -9.0   -9   -9.0   -9 -99.0 -99.0 -99.0 -99.0 -99.0
20260904 156  3.9  3380   5  5.5 1530   5  9.9  821  26.4  31.3 1515  22.0 2352  19.0  32.0  18.3  65.0  51.0 1529  22.2   8.0   5.6 -9.00 1001.9 1009.9 1011.3 2215 1007.8 1528  3.6  8.8 12.8 -9.0 23.39  3.24 1200   -9.0   -9.0 -9.00   -9.0   -9   -9.0   -9   -9.0   -9   -9.0   -9   -9.0   -9 -99.0 -99.0 -99.0 -99.0 -99.0
20260904 159  4.6  3944   9  7.5 1139   9 16.4 1131  26.0  29.2 1259  24.5 2202  17.5  26.7  21.0  59.9  45.0 1227  20.0   7.8   5.5 -9.00 1002.7 1010.7 1011.6 2127 1009.7 1547  7.0  6.0 12.8 -9.0 19.14  3.49 1200    0.0    0.0  0.07    0.0   -9    0.0   -9   -9.0   -9   -9.0   -9   -9.0   -9  28.3  27.5  26.4  21.2  19.3
20260904 162  2.8  2394   7  4.6 1209   7 13.2 1338  25.9  28.7 1406  23.8 2350  17.1  28.2  21.1  58.8  43.0 1520  19.5   7.2   5.1 -9.00 1006.3 1009.8 1011.2 2112 1008.6 1538  6.6  6.9 12.8 -9.0 19.80  4.06 1200   -9.0   -9.0 -9.00   -9.0   -9   -9.0   -9   -9.0   -9   -9.0   -9   -9.0   -9 -99.0 -99.0 -99.0 -99.0 -99.0
20260904 165  2.6  2285  18  4.9 1623   5  8.1 1353  27.4  31.8 1514  24.6  602  19.8  33.8  22.4  64.4  49.0 1414  23.3   7.3   5.1 -9.00 1004.7 1009.8 1011.0 2126 1008.0 1548  5.6  7.9 12.8 -9.0 21.46  3.18 1200   -9.0   -9.0 -9.00   -9.0   -9   -9.0   -9   -9.0   -9   -9.0   -9   -9.0   -9  28.5  26.5  25.8  22.3  18.8
20260904 168  8.1  6963   9 10.6 1840   9 18.6  443  25.9  28.6 1405  23.9 2352  17.6  25.8  22.1  60.8  50.0 1412  20.2  10.6   7.4 -9.00 1002.8 1010.3 1011.7 2325 1009.0 1550  5.9  6.2 12.8 -9.0 20.68  3.41 1200   -9.0   -9.0 -9.00   -9.0   -9   -9.0   -9   -9.0   -9   -9.0   -9   -9.0   -9  29.7  28.0  26.2  21.5  17.6
20260904 169  4.7  4078   2  6.5  123   5  9.1  115  26.8  30.1 1500  24.0 2334  22.3  30.1  23.3  77.4  63.0 1504  27.0   7.8   5.5 -9.00 1001.3 1009.8 1010.8 2355 1008.8 1517  3.4 10.9 12.8 -9.0 23.55  3.28 1200   -9.0   -9.0 -9.00   -9.0   -9   -9.0   -9   -9.0   -9   -9.0   -9   -9.0   -9 -99.0 -99.0 -99.0 -99.0 -99.0
20260904 170  4.8  4128   7  8.8  808   7 13.3  759  26.4  29.1 1427  24.1 2339  19.8  27.3  20.9  67.5  58.0 1637  23.1   5.7   4.0 -9.00 1005.9 1009.9 1011.2 2333 1008.7 1545  7.0  1.0 12.8 -9.0 10.79  1.68 1400   -9.0   -9.0 -9.00   -9.0   -9   -9.0   -9   -9.0   -9   -9.0   -9   -9.0   -9 -99.0 -99.0 -99.0 -99.0 -99.0
20260904 172  2.8  2461   7  5.2 1649   2  6.9 1118  26.0  31.9 1423  21.1 2355  20.0  28.0  18.4  71.8  51.0 1450  23.7   7.8   5.4 -9.00 1003.9 1009.8 1011.3 2332 1007.7 1542  2.8 10.1 12.8 -9.0 23.73  3.27 1200   -9.0   -9.0 -9.00   -9.0   -9   -9.0   -9   -9.0   -9   -9.0   -9   -9.0   -9 -99.0 -99.0 -99.0 -99.0 -99.0
20260904 174  1.4  1215  14  4.8 1635  14  8.1 1630  23.5  30.0 1238  16.6 2359  18.0  29.3  16.2  73.9  46.0 1331  20.7  -9.0  -9.0 -9.00  990.1 1008.9 1010.7 2347 1007.0 1514  4.4  6.9 12.8 -9.0 -9.00 -9.00   -9   -9.0   -9.0 -9.00   -9.0   -9   -9.0   -9   -9.0   -9   -9.0   -9   -9.0   -9 -99.0 -99.0 -99.0 -99.0 -99.0
20260904 177  3.0  2579   5  6.5 1338   2 10.3 1601  24.3  29.1 1535  19.2 2339  17.9  25.9  17.8  69.4  46.0 1510  20.6   7.8   5.5 -9.00 1007.9 1011.1 1012.3 2341 1009.0 1545  1.6 10.8 12.9 -9.0 24.33  3.28 1200   -9.0   -9.0 -9.00   -9.0   -9   -9.0   -9   -9.0   -9   -9.0   -9   -9.0   -9 -99.0 -99.0 -99.0 -99.0 -99.0
20260904 181  3.2  2778   2  6.2 1326   9 10.6 1756  23.2  28.3 1441  17.1 2400  15.4  26.1  16.1  64.8  41.0 1049  17.6   8.7   6.1 -9.00 1009.2 1013.1 1014.2 2144 1010.9 1536  1.1 11.8 12.9 -9.0 25.62  3.36 1200   -9.0   -9.0 -9.00   -9.0   -9   -9.0   -9   -9.0   -9   -9.0   -9   -9.0   -9 -99.0 -99.0 -99.0 -99.0 -99.0
20260904 184  7.9  6817   7 10.7 1456   7 20.5 1600  26.7  27.8    1  25.5 2400  19.6  28.6  24.8  65.3  54.0 1713  22.9   5.8   4.1 -9.00 1005.9 1008.3 1009.9 2155 1007.1  529  9.1  0.0 12.8 -9.0  2.75  0.64 1100    0.0   -9.0  0.80    0.0   -9    0.0   -9   -9.0   -9   -9.0   -9   -9.0   -9  30.5  29.2  28.2  24.1  20.1
20260904 185  8.2  7045   7 13.0 1155   7 20.3 1148  25.9  28.7 1249  24.6 2328  20.1  28.9  22.9  70.8  61.0 1252  23.6   8.3   5.8 -9.00  998.8 1006.9 1008.7 2122 1005.6  609  6.4  5.6 12.8 -9.0 18.12  2.87 1200   -9.0   -9.0 -9.00   -9.0   -9   -9.0   -9   -9.0   -9   -9.0   -9   -9.0   -9 -99.0 -99.0 -99.0 -99.0 -99.0
20260904 188  7.5  6517   5 11.4 1601   5 19.3 1104  26.7  28.0   38  25.9  522  21.3  25.0  24.5  72.8  64.0 1916  25.5  -9.0  -9.0 -9.00 1006.3 1008.6 1010.1 2229 1007.6  510  6.3  0.0 12.8 -9.0 -9.00 -9.00   -9    0.5   -9.0 -9.00    0.5  426    0.5  516   -9.0   -9   -9.0   -9   -9.0   -9 -99.0 -99.0 -99.0 -99.0 -99.0
20260904 189  5.3  4557   7  7.5 1630   9 16.1 1626  26.5  28.7 1223  25.3 1647  20.9  27.1  24.3  71.8  63.0 1324  24.8   5.7   4.0 -9.00 1001.5 1007.4 1009.1 2225 1006.3  527  9.1  0.5 12.8 -9.0  9.80  1.73 1200    0.0    0.0  5.83    0.0   -9    0.0   -9   -9.0   -9   -9.0   -9   -9.0   -9 -99.0 -99.0 -99.0 -99.0 -99.0
20260904 192  1.8  1583   5  3.8 1444   9  9.1 1333  24.0  28.7 1351  18.6 2315  16.8  26.2  18.7  64.9  49.0 1352  19.2   5.7   4.0 -9.00 1008.2 1011.6 1012.9 2101 1010.2 1539  5.3  7.0 12.8 -9.0 19.07  3.05 1100   -9.0   -9.0 -9.00   -9.0   -9   -9.0   -9   -9.0   -9   -9.0   -9   -9.0   -9 -99.0 -99.0 -99.0 -99.0 -99.0
20260904 201  2.8  2443   5  4.2  614   5  8.7  611  23.9  28.7 1432  20.4  607  16.1  25.4  16.2  62.6  44.0 1441  18.3  -9.0  -9.0 -9.00 1008.8 1014.3 1015.7 2253 1012.4 1532  1.5 11.4 12.9 -9.0 -9.00 -9.00   -9   -9.0   -9.0 -9.00   -9.0   -9   -9.0   -9   -9.0   -9   -9.0   -9   -9.0   -9 -99.0 -99.0 -99.0 -99.0 -99.0
20260904 202  1.9  1660   7  4.6 1738   9  9.6 1731  23.9  29.5 1427  18.9  551  15.0  26.7  16.1  60.9  38.0 1429  17.2  -9.0  -9.0 -9.00 1008.8 1014.2 1015.6 2139 1012.2 1515  0.9 11.0 12.9 -9.0 -9.00 -9.00   -9   -9.0   -9.0 -9.00   -9.0   -9   -9.0   -9   -9.0   -9   -9.0   -9   -9.0   -9 -99.0 -99.0 -99.0 -99.0 -99.0
20260904 203  1.3  1086   7  3.6 1258   5  7.3 1530  23.1  29.8 1400  17.7 2346  16.6  27.0  19.0  69.6  44.0 1250  18.9  -9.0  -9.0 -9.00 1005.1 1014.3 1015.7 2142 1012.1 1509  1.6  8.9 12.9 -9.0 -9.00 -9.00   -9   -9.0   -9.0 -9.00   -9.0   -9   -9.0   -9   -9.0   -9   -9.0   -9   -9.0   -9 -99.0 -99.0 -99.0 -99.0 -99.0
20260904 211  1.8  1535   2  3.8 1333   2  8.2 1326  20.6  26.8 1444  16.4 2323  15.3  24.8  12.6  74.3  47.0 1613  17.3  -9.0  -9.0 -9.00  992.0 1015.4 1016.5  701 1013.5 1509  2.1  6.4 12.9 -9.0 -9.00 -9.00   -9   -9.0   -9.0 -9.00   -9.0   -9   -9.0   -9   -9.0   -9   -9.0   -9   -9.0   -9 -99.0 -99.0 -99.0 -99.0 -99.0
20260904 212  1.5  1298   5  4.5 1439   5  9.1 1749  22.2  29.0 1257  16.9  644  15.0  25.1  15.3  67.6  38.0 1244  17.1  -9.0  -9.0 -9.00  998.8 1015.0 1016.3  728 1013.0 1519  2.0  9.8 12.9 -9.0 -9.00 -9.00   -9   -9.0   -9.0 -9.00   -9.0   -9   -9.0   -9   -9.0   -9   -9.0   -9   -9.0   -9 -99.0 -99.0 -99.0 -99.0 -99.0
20260904 216  2.5  2155  36  5.2 1549   2  9.6 1548  18.4  22.6 1439  15.8  509  14.5  21.7  15.7  78.9  54.0 1536  16.5   4.1   2.8 -9.00  935.3 1015.8 1017.1  746 1013.5 1530  5.4  5.5 12.9 -9.0 16.90  2.64 1300   -9.0   -9.0 -9.00   -9.0   -9   -9.0   -9   -9.0   -9   -9.0   -9   -9.0   -9 -99.0 -99.0 -99.0 -99.0 -99.0
20260904 217  1.8  1568   5  5.2 1537  34 10.9 1612  20.7  26.3 1413  16.4  617  15.4  24.5  13.6  73.1  49.0 1414  17.5  -9.0  -9.0 -9.00  979.6 1015.3 1017.2  730 1013.4 1448  3.3  6.9 12.9 -9.0 -9.00 -9.00   -9   -9.0   -9.0 -9.00   -9.0   -9   -9.0   -9   -9.0   -9   -9.0   -9   -9.0   -9 -99.0 -99.0 -99.0 -99.0 -99.0
20260904 221  2.7  2313   5  5.5 1249   7 11.0 1413  21.1  26.5 1451  15.9 2159  15.4  24.7  15.1  72.4  47.0 1418  17.5  -9.0  -9.0 -9.00  984.0 1014.3 1015.8 2114 1012.4 1621  2.0 10.8 12.9 -9.0 -9.00 -9.00   -9   -9.0   -9.0 -9.00   -9.0   -9   -9.0   -9   -9.0   -9   -9.0   -9   -9.0   -9 -99.0 -99.0 -99.0 -99.0 -99.0
20260904 226  1.5  1256  14  3.6  910   9  8.0 1405  22.5  27.6 1444  17.7 2347  15.7  25.4  13.9  67.4  47.0 1607  17.9  -9.0  -9.0 -9.00  993.7 1013.4 1014.8 2121 1011.3 1555  2.1 10.0 12.9 -9.0 -9.00 -9.00   -9   -9.0   -9.0 -9.00   -9.0   -9   -9.0   -9   -9.0   -9   -9.0   -9   -9.0   -9 -99.0 -99.0 -99.0 -99.0 -99.0
20260904 232  2.7  2340   9  5.5 1355   9  9.5 1243  23.8  29.1 1454  19.6 2236  16.5  26.9  17.1  66.6  44.0 1335  18.9  -9.0  -9.0 -9.00 1003.8 1013.5 1014.8 2144 1011.3 1531  1.6  9.6 12.9 -9.0 -9.00 -9.00   -9   -9.0   -9.0 -9.00   -9.0   -9   -9.0   -9   -9.0   -9   -9.0   -9   -9.0   -9 -99.0 -99.0 -99.0 -99.0 -99.0
20260904 235  3.4  2979   2  6.4 1011  11 11.9  846  26.2  30.7 1445  22.7 2359  15.3  26.8  18.7  52.5  35.0 1357  17.5   9.4   6.6 -9.00 1009.7 1010.8 1012.1 2400 1009.3 1504  1.1 11.0 12.9 -9.0 24.99  3.36 1200   -9.0   -9.0 -9.00   -9.0   -9   -9.0   -9   -9.0   -9   -9.0   -9   -9.0   -9 -99.0 -99.0 -99.0 -99.0 -99.0
20260904 236  2.3  1962   7  4.4 1421   2  8.6 1052  25.0  29.6 1442  20.3 2359  16.0  26.5  17.8  59.6  43.0 1044  18.3  -9.0  -9.0 -9.00 1010.7 1012.3 1013.4 2134 1010.5 1537  2.0 12.0 12.9 -9.0 -9.00 -9.00   -9   -9.0   -9.0 -9.00   -9.0   -9   -9.0   -9   -9.0   -9   -9.0   -9   -9.0   -9 -99.0 -99.0 -99.0 -99.0 -99.0
20260904 238  2.2  1907   9  5.7 1434   9 10.2 1510  23.9  28.7 1524  19.5  619  16.4  25.9  16.8  65.3  45.0 1612  18.7  -9.0  -9.0 -9.00  992.5 1012.0 1013.1 2348 1009.8 1550  1.9 10.3 12.8 -9.0 -9.00 -9.00   -9   -9.0   -9.0 -9.00   -9.0   -9   -9.0   -9   -9.0   -9   -9.0   -9   -9.0   -9 -99.0 -99.0 -99.0 -99.0 -99.0
20260904 239  2.5  2150  11  4.4 1700   9 10.3 1506  24.4  29.1 1354  20.3  633  16.2  27.7  17.4  61.9  44.0 1104  18.5   7.3   5.1 -9.00 1001.8 1012.0 1013.2 2131 1009.8 1535  1.8 10.7 12.9 -9.0 24.38  3.27 1200   -9.0   -9.0 -9.00   -9.0   -9   -9.0   -9   -9.0   -9   -9.0   -9   -9.0   -9 -99.0 -99.0 -99.0 -99.0 -99.0
20260904 243  3.1  2636   5  4.9 1535   5  8.5 1507  25.6  31.4 1420  20.7 2349  18.0  27.5  18.2  64.4  44.0 1443  20.7  -9.0  -9.0 -9.00 1009.5 1010.9 1012.1 2152 1009.1 1602  2.6 10.3 12.8 -9.0 -9.00 -9.00   -9   -9.0   -9.0 -9.00   -9.0   -9   -9.0   -9   -9.0   -9   -9.0   -9   -9.0   -9 -99.0 -99.0 -99.0 -99.0 -99.0
20260904 244  1.6  1422  18  4.1 1635  11  8.2  129  24.0  29.2 1327  18.1 2301  17.1  26.9  15.4  67.4  47.0 1527  19.5  -9.0  -9.0 -9.00  982.8 1010.7 1012.4 2146 1008.7 1547  3.5 10.4 12.8 -9.0 -9.00 -9.00   -9   -9.0   -9.0 -9.00   -9.0   -9   -9.0   -9   -9.0   -9   -9.0   -9   -9.0   -9 -99.0 -99.0 -99.0 -99.0 -99.0
20260904 245  2.1  1846   2  4.1 1144   7  7.3  951  26.1  31.6 1445  21.7 2355  18.1  28.0  17.9  62.9  46.0 1627  21.0   7.4   5.2 -9.00 1002.6 1010.4 1011.8 2202 1008.5 1443  3.1 10.8 12.8 -9.0 23.35  3.36 1200   -9.0   -9.0 -9.00   -9.0   -9   -9.0   -9   -9.0   -9   -9.0   -9   -9.0   -9 -99.0 -99.0 -99.0 -99.0 -99.0
20260904 247  6.1  5243   7  8.7  538   5 14.6 1011  25.4  29.2 1522  22.2 2359  17.7  26.3  20.3  62.9  48.0 1548  20.3  -9.0  -9.0 -9.00  995.2 1010.3 1011.8 2054 1008.6 1549  3.4 10.1 12.8 -9.0 -9.00 -9.00   -9   -9.0   -9.0 -9.00   -9.0   -9   -9.0   -9   -9.0   -9   -9.0   -9   -9.0   -9 -99.0 -99.0 -99.0 -99.0 -99.0
20260904 248  1.6  1411   5  3.7 1057   5  9.5 1725  21.9  27.1 1425  16.3 2348  16.3  25.3  13.8  72.5  50.0 1636  18.6  -9.0  -9.0 -9.00  966.0 1012.0 1013.8 2103 1009.8 1506  3.8  9.1 12.8 -9.0 -9.00 -9.00   -9   -9.0   -9.0 -9.00   -9.0   -9   -9.0   -9   -9.0   -9   -9.0   -9   -9.0   -9 -99.0 -99.0 -99.0 -99.0 -99.0
20260904 251  3.3  2818   9  6.9 2058   9 10.6 2109  26.5  32.1 1359  22.6  705  19.5  27.2  19.7  66.9  48.0 2121  22.9   7.4   5.2 -9.00 1004.1 1009.8 1011.2 2335 1007.8 1523  2.8  9.6 12.8 -9.0 21.69  3.03 1200   -9.0   -9.0 -9.00   -9.0   -9   -9.0   -9   -9.0   -9   -9.0   -9   -9.0   -9 -99.0 -99.0 -99.0 -99.0 -99.0
20260904 252  1.1   929  34  2.5 1347  34  5.0 1211  26.2  32.0 1431  21.5 2313  19.3  28.1  18.5  67.8  47.0 1617  22.6   6.3   4.4 -9.00 1005.5 1009.8 1011.1 2336 1007.8 1544  3.1  9.6 12.8 -9.0 23.18  3.31 1200   -9.0   -9.0 -9.00   -9.0   -9   -9.0   -9   -9.0   -9   -9.0   -9   -9.0   -9 -99.0 -99.0 -99.0 -99.0 -99.0
20260904 253  1.3  1142  29  2.8  924   9 10.1 1322  25.4  30.0 1239  23.1 2121  18.0  26.8  20.1  64.3  47.0 1413  20.7   5.1   3.6 -9.00 1006.2 1012.4 1013.3 2125 1011.4 1557  5.9  5.4 12.8 -9.0 16.85  2.65 1200   -9.0   -9.0 -9.00   -9.0   -9   -9.0   -9   -9.0   -9   -9.0   -9   -9.0   -9 -99.0 -99.0 -99.0 -99.0 -99.0
20260904 254  2.4  2053   9  5.4 1459   9 10.3 1609  25.7  30.3 1325  22.5  240  16.6  26.2  20.1  58.6  42.0 1617  19.1   7.9   5.6 -9.00  996.1 1010.8 1012.1 2135 1008.8 1535  2.9 10.5 12.8 -9.0 24.75  3.35 1200   -9.0   -9.0 -9.00   -9.0   -9   -9.0   -9   -9.0   -9   -9.0   -9   -9.0   -9 -99.0 -99.0 -99.0 -99.0 -99.0
20260904 255  2.5  2156   7  5.1 1132   9 13.5 1911  26.6  30.3 1346  22.6 2358  17.1  26.0  20.3  57.0  41.0 1434  19.6   6.9   4.8 -9.00 1005.3 1011.0 1012.2 2131 1010.0 1453  4.9  7.6 12.8 -9.0 19.28  3.01 1200   -9.0   -9.0 -9.00   -9.0   -9   -9.0   -9   -9.0   -9   -9.0   -9   -9.0   -9 -99.0 -99.0 -99.0 -99.0 -99.0
20260904 257  3.7  3160   9  6.5 1217   5 15.4 1402  26.1  28.9 1206  23.7 2301  18.1  27.9  21.4  62.4  46.0 1349  20.9   6.6   4.6 -9.00 1010.9 1011.6 1012.4 2130 1010.4 1549  6.3  5.9 12.8 -9.0 17.85  2.85 1100   -9.0   -9.0 -9.00   -9.0   -9   -9.0   -9   -9.0   -9   -9.0   -9   -9.0   -9 -99.0 -99.0 -99.0 -99.0 -99.0
20260904 258  4.1  3584  14  7.7 1349  11 10.9 1412  25.9  30.3 1531  21.2 2345  18.6  25.9  18.2  64.4  51.0 1623  21.5   7.8   5.4 -9.00 1010.4 1010.6 1012.0 2049 1009.1 1552  5.6  6.6 12.8 -9.0 21.20  2.94 1400   -9.0   -9.0 -9.00   -9.0   -9   -9.0   -9   -9.0   -9   -9.0   -9   -9.0   -9 -99.0 -99.0 -99.0 -99.0 -99.0
20260904 259  2.3  1952   9  4.0 1448   9  9.2 1004  27.1  30.9 1242  23.9 2333  19.0  28.1  20.1  61.6  53.0 1245  22.1   6.1   4.3 -9.00 1007.7 1009.5 1010.8 2346 1008.2 1513  6.0  5.4 12.8 -9.0 18.59  2.63 1200   -9.0   -9.0 -9.00   -9.0   -9   -9.0   -9   -9.0   -9   -9.0   -9   -9.0   -9 -99.0 -99.0 -99.0 -99.0 -99.0
20260904 260  2.3  1963  14  5.4 1535  14 10.9 2119  25.9  29.6 1316  22.9 2347  19.1  27.6  19.0  66.8  54.0 2231  22.2  -9.0  -9.0 -9.00 1004.7 1009.7 1011.1 2353 1008.2 1516  6.5  2.8 12.8 -9.0 -9.00 -9.00   -9   -9.0   -9.0 -9.00   -9.0   -9   -9.0   -9   -9.0   -9   -9.0   -9   -9.0   -9 -99.0 -99.0 -99.0 -99.0 -99.0
20260904 261  4.2  3642   9  8.0 2139   9 12.1 2052  26.3  31.5 1346  22.7 2359  20.7  28.5  20.9  72.3  58.0 1337  24.6  -9.0  -9.0 -9.00 1007.9 1009.8 1011.0 2344 1008.5 1551  6.8  4.1 12.8 -9.0 -9.00 -9.00   -9   -9.0   -9.0 -9.00   -9.0   -9   -9.0   -9   -9.0   -9   -9.0   -9   -9.0   -9 -99.0 -99.0 -99.0 -99.0 -99.0
20260904 262  3.0  2573   7  5.5  951   9 11.8  848  26.3  31.0 1542  23.3 2355  18.4  26.6  22.9  62.4  47.0 1543  21.3   6.2   4.3 -9.00 1004.1 1009.9 1011.4 2334 1008.6 1539  6.1  3.9 12.8 -9.0 15.84  3.00 1100    0.0   -9.0 -9.00    0.0   -9    0.0   -9   -9.0   -9   -9.0   -9   -9.0   -9 -99.0 -99.0 -99.0 -99.0 -99.0
20260904 263  3.0  2635   2  5.3  927   5 10.1 1620  24.0  27.5 1340  20.4 2400  17.9  28.0  17.2  69.5  56.0 1629  20.6   5.3   3.7 -9.00 1010.2 1011.8 1013.0 2054 1010.8 1451  4.9  4.6 12.8 -9.0 17.04  2.93 1100   -9.0   -9.0 -9.00   -9.0   -9   -9.0   -9   -9.0   -9   -9.0   -9   -9.0   -9 -99.0 -99.0 -99.0 -99.0 -99.0
20260904 264  1.8  1536  11  4.8 1556  11  8.7 1605  23.8  29.1 1443  17.6 2349  18.1  26.1  16.7  73.0  45.0 1454  21.0   5.4   3.8 -9.00  995.1 1012.4 1013.9 2219 1010.4 1559  5.3  5.8 12.8 -9.0 18.09  2.89 1400   -9.0   -9.0 -9.00   -9.0   -9   -9.0   -9   -9.0   -9   -9.0   -9   -9.0   -9 -99.0 -99.0 -99.0 -99.0 -99.0
20260904 266  3.4  2970   9  5.5  822   9 12.2 2103  25.8  29.3 1436  22.9 2348  17.7  30.6  20.8  61.6  50.0 1534  20.4   7.6   5.3 -9.00 1000.9 1010.9 1012.2 2129 1009.4 1538  5.4  7.2 12.8 -9.0 21.96  3.16 1100   -9.0   -9.0 -9.00   -9.0   -9   -9.0   -9   -9.0   -9   -9.0   -9   -9.0   -9 -99.0 -99.0 -99.0 -99.0 -99.0
20260904 268  1.8  1552   7  5.0 1052   2  8.9  912  26.5  31.0 1320  22.4 2231  20.0  28.3  21.1  68.8  52.0 1334  23.5  -9.0  -9.0 -9.00 1007.1 1008.2 1009.4 2139 1007.0 1507  6.4  5.9 12.8 -9.0 -9.00 -9.00   -9   -9.0   -9.0 -9.00   -9.0   -9   -9.0   -9   -9.0   -9   -9.0   -9   -9.0   -9 -99.0 -99.0 -99.0 -99.0 -99.0
20260904 271  1.9  1670  36  4.9  721  36 10.7  719  21.1  25.7 1242  16.3 2343  14.3  23.1  14.5  67.0  45.0 1341  16.3  -9.0  -9.0 -9.00  977.8 1014.9 1015.9 2131 1013.6 1412  3.6  8.6 12.9 -9.0 -9.00 -9.00   -9   -9.0   -9.0 -9.00   -9.0   -9   -9.0   -9   -9.0   -9   -9.0   -9   -9.0   -9 -99.0 -99.0 -99.0 -99.0 -99.0
20260904 272  2.1  1803  11  4.8 1734   9  7.9 1534  20.9  27.4 1323  16.1 2353  15.9  26.8  14.9  77.4  44.0 1420  18.1  -9.0  -9.0 -9.00  990.1 1014.5 1015.9 2118 1012.6 1614  2.5  9.0 12.9 -9.0 -9.00 -9.00   -9   -9.0   -9.0 -9.00   -9.0   -9   -9.0   -9   -9.0   -9   -9.0   -9   -9.0   -9 -99.0 -99.0 -99.0 -99.0 -99.0
20260904 273  2.2  1884   9  6.1 1035  11  9.9 1038  21.8  28.1 1305  16.4 2348  16.7  24.3  14.0  75.9  46.0 1424  19.0  -9.0  -9.0 -9.00  993.6 1013.5 1014.8 2123 1011.3 1559  2.8  9.8 12.9 -9.0 -9.00 -9.00   -9   -9.0   -9.0 -9.00   -9.0   -9   -9.0   -9   -9.0   -9   -9.0   -9   -9.0   -9 -99.0 -99.0 -99.0 -99.0 -99.0
20260904 276  2.6  2272  11  6.0 1325  14 10.5 1504  22.6  26.7 1250  18.9  608  16.9  24.6  16.8  71.8  48.0 1431  19.3   6.2   4.3 -9.00  990.0 1013.8 1014.7  703 1012.6 1556  7.8  6.8 12.9 -9.0 22.01  3.11 1200   -9.0   -9.0 -9.00   -9.0   -9   -9.0   -9   -9.0   -9   -9.0   -9   -9.0   -9 -99.0 -99.0 -99.0 -99.0 -99.0
20260904 277  4.7  4076   5  8.0 1116   5 13.0 1144  22.9  26.1 1358  20.2 2306  18.3  26.9  18.6  76.1  62.0 1321  21.0  -9.0  -9.0 -9.00 1009.9 1014.6 1015.6  813 1013.9 1553  6.6  5.3 12.9 -9.0 -9.00 -9.00   -9    0.2   -9.0 -9.00    0.2   -9    0.2   -9   -9.0   -9   -9.0   -9   -9.0   -9 -99.0 -99.0 -99.0 -99.0 -99.0
20260904 278  2.0  1752   7  4.9 1125   5 10.5 1215  23.5  28.4 1317  18.4 2349  17.0  26.8  16.6  70.1  42.0 1321  19.5  -9.0  -9.0 -9.00 1003.5 1012.9 1013.8  810 1011.5 1547  5.0  8.4 12.9 -9.0 -9.00 -9.00   -9   -9.0   -9.0 -9.00   -9.0   -9   -9.0   -9   -9.0   -9   -9.0   -9   -9.0   -9 -99.0 -99.0 -99.0 -99.0 -99.0
20260904 279  1.7  1483   9  5.4 1709   9  9.9 1711  24.9  29.7 1434  21.4 2359  16.4  27.0  18.7  61.0  37.0 1357  18.7   6.6   4.6 -9.00 1007.6 1013.3 1014.4  806 1011.6 1555  4.4  8.8 12.9 -9.0 21.72  3.09 1300   -9.0   -9.0 -9.00   -9.0   -9   -9.0   -9   -9.0   -9   -9.0   -9   -9.0   -9 -99.0 -99.0 -99.0 -99.0 -99.0
20260904 281  3.3  2842   9  6.6 1326   7 12.2 1154  23.8  27.2 1239  20.3 2351  16.7  27.2  16.8  65.3  48.0 1229  19.1  -9.0  -9.0 -9.00 1002.8 1013.8 1014.5  702 1013.0  314  4.9  8.5 12.8 -9.0 -9.00 -9.00   -9   -9.0   -9.0 -9.00   -9.0   -9   -9.0   -9   -9.0   -9   -9.0   -9   -9.0   -9 -99.0 -99.0 -99.0 -99.0 -99.0
20260904 283  3.8  3302   5  8.0 1113   5 13.3 1135  24.0  27.4 1414  19.8 2340  17.7  25.7  16.9  69.0  48.0 1402  20.3   5.7   4.0 -9.00 1009.1 1013.7 1014.6 1003 1013.0  306  6.4  5.1 12.8 -9.0 16.03  2.61 1000    0.0   -9.0 -9.00    0.0   -9    0.0   -9   -9.0   -9   -9.0   -9   -9.0   -9 -99.0 -99.0 -99.0 -99.0 -99.0
20260904 284  2.3  1974   9  5.0 1814  14  8.6 1552  23.0  28.1 1500  17.3 2351  17.6  25.2  15.2  73.4  53.0 1450  20.2   5.8   4.0 -9.00  986.6 1012.6 1014.1 2053 1010.5 1521  4.6  7.1 12.8 -9.0 20.50  3.13 1200   -9.0   -9.0 -9.00   -9.0   -9   -9.0   -9   -9.0   -9   -9.0   -9   -9.0   -9 -99.0 -99.0 -99.0 -99.0 -99.0
20260904 285  2.3  2014   7  5.7 1129   7 11.2 1213  24.6  29.2 1313  19.7 2324  17.9  28.9  18.1  67.4  47.0 1259  20.5  -9.0  -9.0 -9.00 1009.5 1012.6 1013.6 2055 1011.5 1421  5.5  6.9 12.8 -9.0 -9.00 -9.00   -9   -9.0   -9.0 -9.00   -9.0   -9   -9.0   -9   -9.0   -9   -9.0   -9   -9.0   -9 -99.0 -99.0 -99.0 -99.0 -99.0
20260904 288  2.9  2531   5  5.5 1351  36 10.2 1351  25.9  30.0 1242  23.7 2355  17.3  26.0  22.3  60.0  44.0 1243  19.8   6.7   4.7 -9.00 1009.6 1010.5 1011.6 2135 1009.7  303  4.8  7.1 12.8 -9.0 19.12  3.17 1200   -9.0   -9.0 -9.00   -9.0   -9   -9.0   -9   -9.0   -9   -9.0   -9   -9.0   -9 -99.0 -99.0 -99.0 -99.0 -99.0
20260904 289  1.6  1366   7  4.9 1329   9  8.2 1320  23.8  28.7 1343  18.2 2329  17.8  27.0  17.6  70.6  47.0 1349  20.4  -9.0  -9.0 -9.00  997.3 1013.1 1014.5 2050 1011.4 1522  5.6  4.3 12.8 -9.0 -9.00 -9.00   -9   -9.0   -9.0 -9.00   -9.0   -9   -9.0   -9   -9.0   -9   -9.0   -9   -9.0   -9 -99.0 -99.0 -99.0 -99.0 -99.0
20260904 294  2.1  1849   9  4.3 1300   7 11.4 1255  25.7  28.6 1150  23.6 2304  17.2  29.7  20.8  60.1  47.0 1514  19.7  -9.0  -9.0 -9.00 1006.7 1011.8 1012.8 2110 1010.9 1529  6.6  6.3 12.8 -9.0 -9.00 -9.00   -9   -9.0   -9.0 -9.00   -9.0   -9   -9.0   -9   -9.0   -9   -9.0   -9   -9.0   -9 -99.0 -99.0 -99.0 -99.0 -99.0
20260904 295  2.9  2541   9  5.4 1551   5  8.8 1114  25.5  29.4 1328  22.5 2350  18.3  26.7  20.3  65.4  50.0 1437  21.2  -9.0  -9.0 -9.00 1005.9 1011.1 1012.5 2340 1009.5 1533  6.1  5.1 12.8 -9.0 -9.00 -9.00   -9   -9.0   -9.0 -9.00   -9.0   -9   -9.0   -9   -9.0   -9   -9.0   -9   -9.0   -9 -99.0 -99.0 -99.0 -99.0 -99.0
20260904 296  5.4  4689   5  9.8 1258   5 16.8 1251  25.7  28.6 1359  23.7 2302  18.5  24.6  20.5  65.4  50.0 1400  21.4   7.8   5.5 -9.00 1010.4 1010.7 1011.6 2115 1009.8 1601  6.4  6.2 12.8 -9.0 18.34  2.82 1400   -9.0   -9.0 -9.00   -9.0   -9   -9.0   -9   -9.0   -9   -9.0   -9   -9.0   -9 -99.0 -99.0 -99.0 -99.0 -99.0
20260905  90  2.7  2345   5  5.4 2310   7  9.1 2306  22.8  26.9 1357  19.0  326  17.4  25.6  18.9  72.1  57.0 1047  19.8   6.0   4.2 -9.00 1014.8 1016.8 1017.4  936 1016.3  548  4.4  8.1 12.9 -9.0 19.60  3.07 1300    0.2   -9.0 -9.00    0.2   -9    0.2   -9   -9.0   -9   -9.0   -9   -9.0   -9 -99.0 -99.0 -99.0 -99.0 -99.0
20260905  93  1.3  1135   7  4.3 1650   5  7.4 1645  20.7  27.9 1443  14.3  558  15.4  24.6  12.7  75.0  43.0 1436  17.5   5.2   3.6 -9.00 1004.7 1015.9 1016.9 2118 1014.4 1530  3.3  9.7 12.9 -9.0 19.84  2.57 1400   -9.0   -9.0 -9.00   -9.0   -9   -9.0   -9   -9.0   -9   -9.0   -9   -9.0   -9  25.8  26.5  25.7  22.8  19.7
20260905  95  1.8  1594  11  4.1 1130  11  8.9 1558  20.6  27.8 1217  14.3  508  15.1  22.4  14.6  73.5  41.0 1324  17.1   5.1   3.6 -9.00  998.0 1016.1 1017.1  645 1014.3 1530  3.4  9.4 12.9 -9.0 18.87  2.54 1000   -9.0   -9.0 -9.00   -9.0   -9   -9.0   -9   -9.0   -9   -9.0   -9   -9.0   -9 -99.0 -99.0 -99.0 -99.0 -99.0
20260905  98  1.1   970   7  3.4 1627   7  7.4 1624  22.2  28.2 1551  15.8  617  13.8  26.3  14.9  61.4  37.0 1548  15.8   5.5   3.9 -9.00 1001.6 1014.9 1016.0  646 1013.0 1547  2.9  9.5 12.9 -9.0 20.68  2.96 1100   -9.0   -9.0 -9.00   -9.0   -9   -9.0   -9   -9.0   -9   -9.0   -9   -9.0   -9 -99.0 -99.0 -99.0 -99.0 -99.0
20260905  99  2.1  1840   9  3.8 1426   7  7.6 1409  21.5  28.0 1553  15.9  501  15.6  23.7  15.3  71.5  44.0 1555  17.8   5.7   4.0 -9.00 1012.0 1015.6 1016.7  912 1013.7 1621  3.1 10.0 12.9 -9.0 21.83  2.83 1200   -9.0   -9.0 -9.00   -9.0   -9   -9.0   -9   -9.0   -9   -9.0   -9   -9.0   -9 -99.0 -99.0 -99.0 -99.0 -99.0
20260905 100  3.7  3174   9  5.3 1001   7 10.1  957  16.8  20.0 1315  15.8  104  15.2  19.4  14.6  90.6  74.0 1130  17.2   2.5   1.7 -9.00  929.0 1016.3 1017.4 2101 1015.3 1315  8.8  2.5 12.9 -9.0 11.74  2.06 1100    2.9   -9.0 -9.00    1.7 1730    1.1 1332   -9.0   -9   -9.0   -9   -9.0   -9 -99.0 -99.0 -99.0 -99.0 -99.0
20260905 101  1.6  1384   5  5.0 1509   5  8.5 1007  21.2  27.9 1456  14.7  523  15.2  24.1  13.1  71.5  44.0 1219  17.3   5.4   3.8 -9.00 1005.7 1014.6 1015.7 2112 1013.0 1456  2.8  8.3 12.9 -9.0 20.02  2.74 1000   -9.0   -9.0 -9.00   -9.0   -9   -9.0   -9   -9.0   -9   -9.0   -9   -9.0   -9  26.7  25.7  24.6  20.3  16.8
20260905 102  3.5  3004  11  5.6 1030   7  8.3 1024  23.1  26.6 1437  20.2  616  16.5  24.4  17.7  67.1  46.0 1446  18.8   7.1   5.0 -9.00 1009.8 1013.9 1015.2 1006 1012.7 1754  1.8 11.4 12.9 -9.0 24.15  3.24 1300   -9.0   -9.0 -9.00   -9.0   -9   -9.0   -9   -9.0   -9   -9.0   -9   -9.0   -9 -99.0 -99.0 -99.0 -99.0 -99.0
20260905 104  1.5  1320   9  3.6 1342  14  6.6 1422  21.9  26.3 1144  18.0  323  18.5  24.7  16.3  81.8  65.0 1145  21.3   4.3   3.0 -9.00 1007.1 1015.8 1016.6 2057 1015.1 1439  5.5  7.2 12.9 -9.0 20.70  3.17 1100   -9.0    3.5 -9.00   -9.0   -9   -9.0   -9   -9.0   -9   -9.0   -9   -9.0   -9  25.4  24.9  24.2  20.5  15.7
20260905 105  1.8  1545   7  3.4 1547   9  7.9 1441  22.3  25.9 1019  18.5  512  17.0  24.3  18.0  73.0  57.0 1145  19.3   4.3   3.0 -9.00 1013.4 1016.6 1017.2 2051 1015.8 1511  5.5  5.3 12.9 -9.0 15.74  2.32 1000    0.5   -9.0 -9.00    0.5 1210    0.5 1300   -9.0   -9   -9.0   -9   -9.0   -9  25.9  25.3  25.1  20.7  17.4
20260905 106  3.8  3244   5  5.1 1149   2  9.0 1400  23.5  26.2 1137  21.2  343  17.2  26.0  18.1  68.3  61.0 1202  19.7   6.0   4.2 -9.00 1011.7 1016.4 1017.2 2056 1015.7 1513  5.3  7.4 12.8 -9.0 20.59  3.26 1100    0.0   -9.0 -9.00    0.0   -9    0.0   -9   -9.0   -9   -9.0   -9   -9.0   -9 -99.0 -99.0 -99.0 -99.0 -99.0
20260905 108  3.3  2835   5  5.8 1718   5 10.6 1711  24.0  29.4 1454  19.1  618  14.0  24.0  15.4  54.8  38.0 1618  16.0   8.0   5.6 -9.00 1004.6 1014.4 1015.4  943 1012.6 1520  2.3 10.9 12.9 -9.0 23.14  3.16 1200   -9.0   -9.0 -9.00   -9.0   -9   -9.0   -9   -9.0   -9   -9.0   -9   -9.0   -9  26.3  25.7  25.5  21.5  16.9
20260905 112  3.2  2800   9  5.4 2056   9 10.5 1223  24.8  29.3 1339  21.1  621  14.3  26.5  15.5  52.6  39.0 1543  16.3   7.5   5.2 -9.00 1006.1 1014.0 1015.2  926 1012.3 1550  1.9  8.5 12.8 -9.0 20.88  3.21 1300   -9.0   -9.0 -9.00   -9.0   -9   -9.0   -9   -9.0   -9   -9.0   -9   -9.0   -9  25.7  25.3  24.2  21.0  16.7
20260905 114  1.6  1396   9  4.7 1652   7  9.1 1648  22.2  29.0 1430  16.2  536  14.5  25.0  13.3  64.4  40.0 1143  16.6   5.9   4.1 -9.00  997.1 1014.4 1015.5 2136 1012.4 1430  3.4  8.8 12.8 -9.0 20.74  2.78 1000   -9.0   -9.0 -9.00   -9.0   -9   -9.0   -9   -9.0   -9   -9.0   -9   -9.0   -9 -99.0 -99.0 -99.0 -99.0 -99.0
20260905 115  5.4  4679   7  7.8 2149   7 13.7 2140  22.7  24.4 1149  20.8  521  18.3 -99.0  -9.0  76.5  67.0 1009  21.0   5.5   3.9 -9.00  989.7 1015.1 1015.7 1051 1014.4 1620  3.5  7.6 12.8 -9.0 18.23  2.88 1100    0.0    0.0  0.42    0.0   -9    0.0   -9   -9.0   -9   -9.0   -9   -9.0   -9  24.8  23.9  22.9  16.6 -99.0
20260905 119  2.7  2357   9  5.3 1154   9  8.2 1631  24.1  28.7 1506  19.8  620  14.0  26.1  15.9  54.3  39.0 1517  16.0   7.1   5.0 -9.00 1009.2 1013.8 1014.8  632 1011.9 1534  1.8 10.0 12.8 -9.0 21.06  3.02 1100   -9.0   -9.0 -9.00   -9.0   -9   -9.0   -9   -9.0   -9   -9.0   -9   -9.0   -9  26.0  25.5  24.5  20.6  17.0
20260905 121  1.8  1569   7  5.2 1531   5 10.6 1653  20.6  29.0 1252  14.5  550  15.1  25.9  16.5  73.8  41.0 1247  17.2   6.3   4.4 -9.00  987.7 1015.4 1016.6 2114 1013.2 1502  2.8  9.5 12.8 -9.0 21.94  3.04 1100   -9.0   -9.0 -9.00   -9.0   -9   -9.0   -9   -9.0   -9   -9.0   -9   -9.0   -9 -99.0 -99.0 -99.0 -99.0 -99.0
20260905 127  1.8  1555   5  4.6 1924   2  9.6 1924  21.9  28.8 1415  14.8  543  14.1  24.7  15.1  65.0  39.0 1434  16.1   7.4   5.2 -9.00 1000.2 1013.5 1014.8  739 1011.5 1528  2.3 10.5 12.8 -9.0 24.86  3.29 1200   -9.0   -9.0 -9.00   -9.0   -9   -9.0   -9   -9.0   -9   -9.0   -9   -9.0   -9 -99.0 -99.0 -99.0 -99.0 -99.0
20260905 129  2.7  2358   7  5.5 1142   9  9.5 1326  23.5  28.7 1626  18.4  516  14.2  24.9  14.5  57.6  40.0 1600  16.2   7.9   5.5 -9.00 1010.5 1013.5 1014.6 1028 1012.1 1625  1.3 11.9 12.8 -9.0 24.51  3.23 1300   -9.0   -9.0 -9.00   -9.0   -9   -9.0   -9   -9.0   -9   -9.0   -9   -9.0   -9  25.6  25.5  24.7  20.6  17.3
20260905 130  2.7  2316   7  4.6 2027   5  9.9 2251  23.9  26.8 1256  21.8  255  18.5  26.3  19.8  72.4  61.0 1208  21.4  -9.0  -9.0 -9.00 1010.0 1015.6 1016.4  952 1014.9 1558  4.8 11.0 12.8 -9.0 -9.00 -9.00   -9   -9.0   -9.0 -9.00   -9.0   -9   -9.0   -9   -9.0   -9   -9.0   -9   -9.0   -9 -99.0 -99.0 -99.0 -99.0 -99.0
20260905 131  2.9  2494   5  4.6  915  27  8.4 1334  24.3  29.5 1259  18.7  614  13.8  24.2  17.2  53.6  37.0 1308  15.8   7.6   5.4 -9.00 1006.5 1013.2 1014.5  717 1011.5 1555  2.1  8.6 12.8 -9.0 21.77  3.58 1200   -9.0   -9.0 -9.00   -9.0   -9   -9.0   -9   -9.0   -9   -9.0   -9   -9.0   -9 -99.0 -99.0 -99.0 -99.0 -99.0
20260905 133  3.1  2661  11  6.6 1147  11 11.2 1023  23.8  29.1 1416  18.6  619  15.1  25.1  16.0  59.3  42.0 1617  17.2   6.9   4.8 -9.00 1005.7 1013.5 1014.3  655 1011.7 1614  1.9  9.2 12.8 -9.0 20.93  2.76 1300   -9.0    0.0 -9.00   -9.0   -9   -9.0   -9   -9.0   -9   -9.0   -9   -9.0   -9  27.7  27.5  26.9  23.8  19.1
20260905 135  3.3  2834   7  6.6 1531   9  9.9 1531  21.3  26.2 1427  17.2  511  15.2  23.1  15.0  69.0  53.0 1529  17.3   5.3   3.7 -9.00  985.5 1013.6 1014.6 1003 1011.6 1552  4.9  5.8 12.8 -9.0 17.31  2.45 1300   -9.0   -9.0 -9.00   -9.0   -9   -9.0   -9   -9.0   -9   -9.0   -9   -9.0   -9 -99.0 -99.0 -99.0 -99.0 -99.0
20260905 136  1.7  1450  11  5.6 1453  14 10.1  947  23.0  28.4 1405  16.2  358  14.6  27.4  15.2  61.6  38.0 1503  16.7  -9.0  -9.0 -9.00  998.8 1015.0 1016.0 2058 1013.5 1523  5.1 -9.0 12.8 -9.0 -9.00  1.68  900   -9.0   -9.0 -9.00   -9.0   -9   -9.0   -9   -9.0   -9   -9.0   -9   -9.0   -9 -99.0 -99.0 -99.0 -99.0 -99.0
20260905 137  0.8   714  11  1.6 1403   2  4.8 1514  22.4  28.6 1553  16.2  456  16.3  26.5  14.5  70.0  46.0 1557  18.6   5.3   3.7 -9.00 1002.1 1013.3 1014.3  511 1011.3 1553  4.1  8.1 12.8 -9.0 19.90  3.38 1100   -9.0   -9.0 -9.00   -9.0   -9   -9.0   -9   -9.0   -9   -9.0   -9   -9.0   -9 -99.0 -99.0 -99.0 -99.0 -99.0
20260905 138  5.5  4746   5  7.5 1435   5 11.9  823  25.1  26.1 1451  24.2  736  17.9  25.4  22.1  64.9  57.0 1629  20.6   6.7   4.7 -9.00 1012.6 1013.1 1013.9 1033 1012.3 1601  6.4  4.5 12.8 -9.0 14.05  1.88 1400    0.2    0.2  1.50    0.2   -9    0.2   -9   -9.0   -9   -9.0   -9   -9.0   -9  25.9  24.2  23.1  19.8  17.3
20260905 140  2.9  2523   7  5.7 2002   2 10.0 2023  24.7  28.8 1442  20.5  602  17.0  25.1  17.9  63.1  54.0 1615  19.4  -9.0  -9.0 -9.00 1009.9 1013.1 1014.0  959 1011.8 1545  0.9 11.5 12.8 -9.0 -9.00 -9.00   -9   -9.0   -9.0 -9.00   -9.0   -9   -9.0   -9   -9.0   -9   -9.0   -9   -9.0   -9 -99.0 -99.0 -99.0 -99.0 -99.0
20260905 143  2.7  2306  11  5.9 1448  11 10.2 1119  24.0  27.6 1305  20.8  615  15.9  25.5  17.4  61.1  47.0 1438  18.0   5.9   4.2 -9.00 1007.3 1013.5 1014.3 2047 1012.2 1603  6.0  4.6 12.8 -9.0 16.76  2.57 1300   -9.0   -9.0 -9.00   -9.0   -9   -9.0   -9   -9.0   -9   -9.0   -9   -9.0   -9 -99.0 -99.0 -99.0 -99.0 -99.0
20260905 146  2.4  2060   9  5.0 1604   7  9.3 1606  24.9  30.5 1328  19.6  522  15.4  24.6  15.4  56.8  39.0 1510  17.5   7.7   5.4 -9.00 1005.1 1012.0 1013.1 2330 1010.3 1534  1.9 11.0 12.8 -9.0 23.52  2.94 1300   -9.0   -9.0 -9.00   -9.0   -9   -9.0   -9   -9.0   -9   -9.0   -9   -9.0   -9 -99.0 -99.0 -99.0 -99.0 -99.0
20260905 152  3.5  2997   9  5.9 1314   9 12.0 1403  23.9  26.5 1029  22.5  501  16.9  25.0  20.1  65.4  54.0  749  19.3   5.8   4.0 -9.00 1002.9 1012.2 1012.9 1010 1011.3 1525  5.5  6.7 12.8 -9.0 16.62  2.51 1200    0.2   -9.0  2.27    0.2   -9    0.2   -9   -9.0   -9   -9.0   -9   -9.0   -9 -99.0 -99.0 -99.0 -99.0 -99.0
20260905 155  2.8  2448   9  6.6 1403   9 11.3 1201  25.2  29.3 1240  21.4  616  17.0  26.7  18.8  61.3  46.0 1155  19.4   7.0   4.9 -9.00 1007.8 1011.8 1012.5  913 1010.4 1541  3.1 10.1 12.8 -9.0 22.42  3.20 1100   -9.0   -9.0 -9.00   -9.0   -9   -9.0   -9   -9.0   -9   -9.0   -9   -9.0   -9 -99.0 -99.0 -99.0 -99.0 -99.0
20260905 156  3.5  3000   5  5.3 1817   2  9.4 1754  24.9  30.9 1558  19.8  424  17.4  30.5  16.1  64.1  46.0 1357  19.9   7.8   5.5 -9.00 1003.1 1011.1 1012.4 2305 1009.1 1557  1.4 11.3 12.8 -9.0 24.83  3.30 1200   -9.0   -9.0 -9.00   -9.0   -9   -9.0   -9   -9.0   -9   -9.0   -9   -9.0   -9 -99.0 -99.0 -99.0 -99.0 -99.0
20260905 159  4.0  3460  11  6.1 1246   7 15.6  803  25.9  29.6 1159  23.3  601  17.2  27.0  19.5  59.4  47.0 1158  19.6   7.9   5.5 -9.00 1002.9 1010.8 1011.6  951 1009.7 1544  3.0  8.9 12.8 -9.0 23.02  3.35 1300    0.0    0.0  0.10    0.0   -9    0.0   -9   -9.0   -9   -9.0   -9   -9.0   -9  27.8  27.5  26.4  21.3  19.3
20260905 162  2.9  2539   5  5.4  753   2  9.9  820  25.4  29.7 1242  22.6  643  16.5  26.8  20.0  58.6  45.0 1205  18.8   6.9   4.8 -9.00 1006.7 1010.3 1011.1 2108 1008.8 1550  2.5  9.3 12.8 -9.0 21.30  2.85 1300   -9.0   -9.0 -9.00   -9.0   -9   -9.0   -9   -9.0   -9   -9.0   -9   -9.0   -9 -99.0 -99.0 -99.0 -99.0 -99.0
20260905 165  3.1  2658  34  6.9 1631  36  9.7 1539  25.7  29.7 1405  21.2  631  17.4  29.3  17.8  60.8  48.0 1322  20.0   7.7   5.4 -9.00 1005.9 1011.0 1012.1  918 1009.4 1538  3.4 11.5 12.8 -9.0 24.66  3.28 1200   -9.0   -9.0 -9.00   -9.0   -9   -9.0   -9   -9.0   -9   -9.0   -9   -9.0   -9  28.0  26.5  25.7  22.3  18.9
20260905 168  7.1  6158   5 10.1  457   2 16.4  845  25.3  28.9 1434  22.8  527  16.5  26.6  21.3  59.1  48.0 1404  18.8  10.3   7.2 -9.00 1003.6 1011.1 1012.0 2136 1009.5 1526  1.8 10.8 12.8 -9.0 24.21  3.18 1100   -9.0   -9.0 -9.00   -9.0   -9   -9.0   -9   -9.0   -9   -9.0   -9   -9.0   -9  28.7  27.9  26.2  21.5  17.8
20260905 169  4.8  4167   7  9.1 2250   7 12.4 2243  25.9  28.7 1348  22.9  624  18.7  29.4  21.0  65.1  54.0 1405  21.6   8.5   6.0 -9.00 1002.5 1011.1 1012.3  954 1010.3 1543  3.3 11.9 12.8 -9.0 25.49  3.36 1200   -9.0   -9.0 -9.00   -9.0   -9   -9.0   -9   -9.0   -9   -9.0   -9   -9.0   -9 -99.0 -99.0 -99.0 -99.0 -99.0
20260905 170  4.2  3586   7  6.5  824   7 11.0  844  26.4  30.7 1358  22.8  443  18.1  29.8  19.4  61.3  48.0 1406  20.8   8.3   5.8 -9.00 1007.0 1011.0 1011.9 2258 1009.6 1556  2.0 10.9 12.8 -9.0 25.17  3.35 1200   -9.0   -9.0 -9.00   -9.0   -9   -9.0   -9   -9.0   -9   -9.0   -9   -9.0   -9 -99.0 -99.0 -99.0 -99.0 -99.0
20260905 172  2.8  2439   5  6.0 1642  34  8.5 1348  24.2  30.3 1334  17.6  605  17.4  26.7  16.3  68.0  44.0 1458  19.8   7.5   5.2 -9.00 1005.1 1011.1 1012.2 2254 1009.2 1605  0.6 11.9 12.8 -9.0 24.22  3.27 1200   -9.0   -9.0 -9.00   -9.0   -9   -9.0   -9   -9.0   -9   -9.0   -9   -9.0   -9 -99.0 -99.0 -99.0 -99.0 -99.0
20260905 174  1.3  1124  11  4.5 1511  11  8.1 1806  21.5  29.4 1419  14.4  605  15.4  28.4  14.2  72.0  40.0 1140  17.5  -9.0  -9.0 -9.00  991.0 1010.0 1011.3 2111 1007.8 1529  0.9 11.3 12.8 -9.0 -9.00 -9.00   -9   -9.0   -9.0 -9.00   -9.0   -9   -9.0   -9   -9.0   -9   -9.0   -9   -9.0   -9 -99.0 -99.0 -99.0 -99.0 -99.0
20260905 177  2.3  1991   5  5.1 1454   2  8.2 1040  23.2  28.7 1424  17.8  521  16.4  25.8  16.0  67.4  49.0 1531  18.7   6.7   4.7 -9.00 1008.8 1012.0 1013.1  635 1010.4 1614  2.0 11.9 12.8 -9.0 23.94  3.33 1200   -9.0   -9.0 -9.00   -9.0   -9   -9.0   -9   -9.0   -9   -9.0   -9   -9.0   -9 -99.0 -99.0 -99.0 -99.0 -99.0
20260905 181  2.7  2368   5  5.9 1057   7  7.9  921  21.6  28.0 1329  15.9  356  15.2  24.3  14.8  68.4  45.0 1330  17.2   5.8   4.0 -9.00 1009.9 1013.8 1015.0  713 1012.0 1611  2.9  7.8 12.8 -9.0 20.59  3.16 1100   -9.0   -9.0 -9.00   -9.0   -9   -9.0   -9   -9.0   -9   -9.0   -9   -9.0   -9 -99.0 -99.0 -99.0 -99.0 -99.0
20260905 184  5.7  4890   7  8.2 1024   5 15.9 1018  26.0  28.7 1620  24.4  538  18.5  28.4  23.3  63.8  50.0 1714  21.3   5.4   3.8 -9.00 1007.2 1009.6 1010.5 2141 1008.7  519  5.9  3.6 12.8 -9.0  9.75  1.23 1500   -9.0    0.0 -9.00   -9.0   -9   -9.0   -9   -9.0   -9   -9.0   -9   -9.0   -9  29.8  29.0  28.0  24.0  20.1
20260905 185  7.4  6411   7 11.7 1611   7 18.2 1733  25.7  28.4 1358  23.6  542  18.3  28.8  21.4  64.3  47.0 1730  21.0   9.4   6.6 -9.00 1000.1 1008.2 1009.7 2339 1006.9 1513  2.1 10.3 12.7 -9.0 23.76  3.34 1200   -9.0   -9.0 -9.00   -9.0   -9   -9.0   -9   -9.0   -9   -9.0   -9   -9.0   -9 -99.0 -99.0 -99.0 -99.0 -99.0
20260905 188  6.4  5558   5  9.5  719   5 15.9  148  26.3  27.8 1206  25.4 2355  19.7  25.0  23.7  67.4  61.0  736  22.9  -9.0  -9.0 -9.00 1007.6 1009.9 1011.0 2133 1008.9  509  5.1  4.2 12.7 -9.0 -9.00 -9.00   -9   -9.0   -9.0 -9.00   -9.0   -9   -9.0   -9   -9.0   -9   -9.0   -9   -9.0   -9 -99.0 -99.0 -99.0 -99.0 -99.0
20260905 189  4.9  4217   7  6.2 1255   9 14.0  936  26.6  29.6 1234  24.9  625  19.2  29.4  23.1  64.4  49.0 1715  22.3   8.0   5.6 -9.00 1003.0 1008.9 1010.0 2309 1007.6  510  5.4  9.3 12.7 -9.0 23.45  3.41 1200   -9.0   -9.0 -9.00   -9.0   -9   -9.0   -9   -9.0   -9   -9.0   -9   -9.0   -9 -99.0 -99.0 -99.0 -99.0 -99.0
20260905 192  1.5  1292  36  3.6 1251   5  8.1 1212  22.9  28.1 1201  18.0  605  15.9  26.5  18.0  66.0  50.0 1152  18.1   5.8   4.1 -9.00 1008.8 1012.2 1013.0  422 1010.5 1458  2.0  8.8 12.8 -9.0 20.93  3.28 1200   -9.0   -9.0 -9.00   -9.0   -9   -9.0   -9   -9.0   -9   -9.0   -9   -9.0   -9 -99.0 -99.0 -99.0 -99.0 -99.0
20260905 201  2.8  2458   5  4.6  833   7  8.8  826  22.9  28.1 1507  18.2  459  15.3  25.0  14.2  63.1  43.0 1620  17.3  -9.0  -9.0 -9.00 1009.8 1015.4 1016.8 1008 1013.7 1549  2.5 11.0 12.9 -9.0 -9.00 -9.00   -9   -9.0   -9.0 -9.00   -9.0   -9   -9.0   -9   -9.0   -9   -9.0   -9   -9.0   -9 -99.0 -99.0 -99.0 -99.0 -99.0
20260905 202  2.1  1839   7  5.5 1701   7 10.8 1830  22.7  29.0 1319  16.6  548  14.7  27.3  13.6  63.5  37.0 1528  16.7  -9.0  -9.0 -9.00 1009.5 1014.9 1015.9  758 1013.3 1544  2.9 10.9 12.9 -9.0 -9.00 -9.00   -9   -9.0   -9.0 -9.00   -9.0   -9   -9.0   -9   -9.0   -9   -9.0   -9   -9.0   -9 -99.0 -99.0 -99.0 -99.0 -99.0
20260905 203  1.1   916   7  2.8 1403   5  7.0 1604  22.0  29.5 1409  15.5  514  15.8  25.5  17.0  70.6  43.0 1432  17.9  -9.0  -9.0 -9.00 1005.9 1015.2 1016.1 2136 1013.0 1559  2.4  9.6 12.8 -9.0 -9.00 -9.00   -9   -9.0   -9.0 -9.00   -9.0   -9   -9.0   -9   -9.0   -9   -9.0   -9   -9.0   -9 -99.0 -99.0 -99.0 -99.0 -99.0
20260905 211  1.6  1385   5  5.0 1513   5  9.1 1511  20.0  25.1 1215  14.7  507  15.1  22.7  10.6  75.5  49.0 1218  17.2  -9.0  -9.0 -9.00  992.3 1015.7 1016.7 2029 1014.6 1434  5.4  3.3 12.9 -9.0 -9.00 -9.00   -9   -9.0   -9.0 -9.00   -9.0   -9   -9.0   -9   -9.0   -9   -9.0   -9   -9.0   -9 -99.0 -99.0 -99.0 -99.0 -99.0
20260905 212  1.4  1235   5  4.6 1530   5  8.6 1521  21.1  28.2 1405  15.7  630  14.3  25.1  13.4  68.4  37.0 1406  16.3  -9.0  -9.0 -9.00  999.5 1015.7 1016.6 2042 1014.2 1435  3.3  9.5 12.8 -9.0 -9.00 -9.00   -9   -9.0   -9.0 -9.00   -9.0   -9   -9.0   -9   -9.0   -9   -9.0   -9   -9.0   -9 -99.0 -99.0 -99.0 -99.0 -99.0
20260905 216  2.6  2266  36  4.5 1014  36  9.5 2127  18.1  22.2 1424  16.1  339  14.4  21.0  15.6  80.0  58.0 1426  16.4   3.9   2.7 -9.00  935.3 1015.8 1016.9 2130 1013.9 1424  5.9  4.7 12.8 -9.0 17.03  2.85 1200    0.0   -9.0 -9.00   -9.0   -9   -9.0   -9   -9.0   -9   -9.0   -9   -9.0   -9 -99.0 -99.0 -99.0 -99.0 -99.0
20260905 217  2.1  1778   5  4.6 1051   5  9.8 1050  21.0  26.2 1420  17.7  448  14.4  25.1  15.4  67.8  44.0 1221  16.5  -9.0  -9.0 -9.00  979.6 1015.4 1016.5 2041 1013.7 1433  5.5  5.5 12.8 -9.0 -9.00 -9.00   -9    0.0   -9.0 -9.00    0.0   -9    0.0   -9   -9.0   -9   -9.0   -9   -9.0   -9 -99.0 -99.0 -99.0 -99.0 -99.0
20260905 221  2.0  1770   5  5.4 1625   5  9.0 1642  20.1  26.5 1413  13.2  541  14.5  24.1  12.1  73.8  44.0 1415  16.5  -9.0  -9.0 -9.00  984.4 1014.9 1016.3 2054 1013.0 1517  1.9 11.1 12.8 -9.0 -9.00 -9.00   -9   -9.0   -9.0 -9.00   -9.0   -9   -9.0   -9   -9.0   -9   -9.0   -9   -9.0   -9 -99.0 -99.0 -99.0 -99.0 -99.0
20260905 226  1.1   957  16  4.1 1107  16  8.8 1058  21.1  26.9 1548  14.8  608  14.7  23.9  11.6  70.3  44.0 1554  16.8  -9.0  -9.0 -9.00  994.2 1014.0 1015.1  457 1012.3 1528  2.4  9.0 12.8 -9.0 -9.00 -9.00   -9   -9.0   -9.0 -9.00   -9.0   -9   -9.0   -9   -9.0   -9   -9.0   -9   -9.0   -9 -99.0 -99.0 -99.0 -99.0 -99.0
20260905 232  2.3  1980   9  4.7 1232   9  8.5 1323  22.9  28.3 1623  17.4  426  14.9  25.1  15.1  62.8  43.0 1523  17.0  -9.0  -9.0 -9.00 1004.6 1014.4 1015.5  707 1012.7 1546  3.0  9.7 12.8 -9.0 -9.00 -9.00   -9   -9.0   -9.0 -9.00   -9.0   -9   -9.0   -9   -9.0   -9   -9.0   -9   -9.0   -9 -99.0 -99.0 -99.0 -99.0 -99.0
20260905 235  3.1  2653   2  5.7  311   9 11.3 1056  24.9  30.4 1340  20.6  529  15.1  26.2  17.3  55.3  42.0 1412  17.2   8.2   5.7 -9.00 1010.9 1012.1 1013.0 1007 1010.7 1622  0.6 11.0 12.8 -9.0 24.86  3.35 1200   -9.0   -9.0 -9.00   -9.0   -9   -9.0   -9   -9.0   -9   -9.0   -9   -9.0   -9 -99.0 -99.0 -99.0 -99.0 -99.0
20260905 236  1.8  1517   9  4.1 1159   9  8.1 1218  23.9  29.2 1525  18.8  621  15.5  25.6  16.7  61.0  46.0 1516  17.7  -9.0  -9.0 -9.00 1011.8 1013.3 1014.2 1007 1011.8 1629  1.8 11.9 12.8 -9.0 -9.00 -9.00   -9   -9.0   -9.0 -9.00   -9.0   -9   -9.0   -9   -9.0   -9   -9.0   -9   -9.0   -9 -99.0 -99.0 -99.0 -99.0 -99.0
20260905 238  1.6  1408   9  5.4 1342   9  9.9 1340  22.8  28.5 1439  17.2  520  15.9  25.2  14.5  67.1  48.0 1529  18.1  -9.0  -9.0 -9.00  993.2 1012.7 1013.7 2323 1011.1 1613  3.5  8.5 12.8 -9.0 -9.00 -9.00   -9   -9.0   -9.0 -9.00   -9.0   -9   -9.0   -9   -9.0   -9   -9.0   -9   -9.0   -9 -99.0 -99.0 -99.0 -99.0 -99.0
20260905 239  1.6  1400  14  4.1 1256  11  8.1 1227  23.0  28.9 1534  17.1  550  15.1  26.8  15.6  63.0  41.0 1624  17.2   6.5   4.6 -9.00 1002.5 1012.8 1014.0  700 1010.9 1547  2.4  9.4 12.8 -9.0 22.92  3.30 1100   -9.0   -9.0 -9.00   -9.0   -9   -9.0   -9   -9.0   -9   -9.0   -9   -9.0   -9 -99.0 -99.0 -99.0 -99.0 -99.0
20260905 243  2.8  2379   5  4.9 1618   2  8.4 1556  24.6  30.7 1438  18.6  617  16.2  27.1  16.9  61.4  44.0 1337  18.4  -9.0  -9.0 -9.00 1010.8 1012.2 1013.2  948 1010.7 1556  0.8 10.5 12.8 -9.0 -9.00 -9.00   -9   -9.0   -9.0 -9.00   -9.0   -9   -9.0   -9   -9.0   -9   -9.0   -9   -9.0   -9 -99.0 -99.0 -99.0 -99.0 -99.0
20260905 244  1.6  1418  14  4.1 1248  14  7.8 1156  22.4  28.8 1424  15.7  600  15.6  24.8  14.0  68.4  44.0 1413  17.7  -9.0  -9.0 -9.00  983.8 1011.9 1013.3 2332 1009.9 1549  1.4 10.2 12.8 -9.0 -9.00 -9.00   -9   -9.0   -9.0 -9.00   -9.0   -9   -9.0   -9   -9.0   -9   -9.0   -9   -9.0   -9 -99.0 -99.0 -99.0 -99.0 -99.0
20260905 245  2.2  1899   7  4.5 1129   7  8.5 1438  24.6  31.0 1437  18.4  628  16.1  28.9  15.7  61.0  41.0 1413  18.3   7.7   5.4 -9.00 1003.8 1011.7 1012.7 2300 1009.8 1629  0.6 11.8 12.8 -9.0 24.44  3.17 1300   -9.0   -9.0 -9.00   -9.0   -9   -9.0   -9   -9.0   -9   -9.0   -9   -9.0   -9 -99.0 -99.0 -99.0 -99.0 -99.0
20260905 247  4.9  4224   7  7.6 1638   5 13.4 1641  24.5  29.1 1508  21.2  608  17.1  26.2  19.5  64.0  51.0 1428  19.5  -9.0  -9.0 -9.00  996.2 1011.4 1012.6 2109 1009.7 1508  0.8 11.8 12.8 -9.0 -9.00 -9.00   -9   -9.0   -9.0 -9.00   -9.0   -9   -9.0   -9   -9.0   -9   -9.0   -9   -9.0   -9 -99.0 -99.0 -99.0 -99.0 -99.0
20260905 248  1.4  1194   2  3.9 1307   5 10.3 1018  20.3  26.9 1507  14.2  550  15.4  24.0  13.0  76.6  50.0 1332  17.5  -9.0  -9.0 -9.00  966.6 1013.0 1014.3  355 1010.7 1505  4.3  6.6 12.8 -9.0 -9.00 -9.00   -9   -9.0   -9.0 -9.00   -9.0   -9   -9.0   -9   -9.0   -9   -9.0   -9   -9.0   -9 -99.0 -99.0 -99.0 -99.0 -99.0
20260905 251  2.8  2394   9  4.7 2134   5  7.7 1607  24.7  31.1 1504  18.8  612  17.5  26.1  17.3  66.1  45.0 1341  20.0   7.4   5.2 -9.00 1005.3 1011.1 1012.3 2329 1009.1 1556  0.6 11.6 12.8 -9.0 23.42  3.21 1200   -9.0   -9.0 -9.00   -9.0   -9   -9.0   -9   -9.0   -9   -9.0   -9   -9.0   -9 -99.0 -99.0 -99.0 -99.0 -99.0
20260905 252  1.1   952  36  3.4 1436  34  5.9 1432  24.2  30.5 1529  17.7  618  17.0  26.9  16.2  66.0  43.0 1403  19.5   6.8   4.8 -9.00 1006.9 1011.2 1012.2  915 1009.4 1554  1.0 11.6 12.8 -9.0 24.89  3.33 1200   -9.0   -9.0 -9.00   -9.0   -9   -9.0   -9   -9.0   -9   -9.0   -9   -9.0   -9 -99.0 -99.0 -99.0 -99.0 -99.0
20260905 253  1.2  1037  29  2.2 1339  11  7.2  424  25.7  30.0 1133  22.2  341  17.7  27.5  18.8  62.3  50.0 1506  20.3   5.1   3.6 -9.00 1006.4 1012.6 1013.3  703 1011.2 1506  3.3  7.3 12.8 -9.0 19.15  2.98 1100   -9.0   -9.0 -9.00   -9.0   -9   -9.0   -9   -9.0   -9   -9.0   -9   -9.0   -9 -99.0 -99.0 -99.0 -99.0 -99.0
20260905 254  2.2  1893   9  4.5 1128   9  9.4 1745  24.9  30.0 1434  19.0  501  15.5  26.9  16.2  56.9  41.0 1448  17.6   7.8   5.4 -9.00  997.1 1011.8 1013.0 2313 1009.9 1524  0.9 11.9 12.8 -9.0 25.67  3.40 1200   -9.0   -9.0 -9.00   -9.0   -9   -9.0   -9   -9.0   -9   -9.0   -9   -9.0   -9 -99.0 -99.0 -99.0 -99.0 -99.0
20260905 255  2.9  2519  32  5.7 1604  34 11.8 1648  25.7  30.1 1457  22.2  200  17.2  26.1  19.6  60.3  45.0 1508  19.6   7.0   4.9 -9.00 1005.7 1011.5 1012.4  658 1009.8 1543  3.5  9.0 12.8 -9.0 20.82  2.84 1200   -9.0   -9.0 -9.00   -9.0   -9   -9.0   -9   -9.0   -9   -9.0   -9   -9.0   -9 -99.0 -99.0 -99.0 -99.0 -99.0
20260905 257  3.0  2591   7  5.0 1344   5 12.6 1214  25.9  29.8 1407  22.7  459  18.0  28.0  20.5  62.5  49.0 1434  20.7   6.4   4.5 -9.00 1011.0 1011.7 1012.5  949 1010.5 1601  5.0  7.0 12.8 -9.0 19.59  3.24 1200    0.0   -9.0 -9.00    0.0   -9    0.0   -9   -9.0   -9   -9.0   -9   -9.0   -9 -99.0 -99.0 -99.0 -99.0 -99.0
20260905 258  3.5  2990  11  7.5 1015  14 10.2  950  25.0  30.5 1447  19.7 2308  17.4  24.8  17.2  64.6  44.0 1302  19.9   8.1   5.7 -9.00 1011.2 1011.4 1012.6 2225 1009.8 1531  1.4 11.9 12.8 -9.0 25.88  3.42 1200   -9.0   -9.0 -9.00   -9.0   -9   -9.0   -9   -9.0   -9   -9.0   -9   -9.0   -9 -99.0 -99.0 -99.0 -99.0 -99.0
20260905 259  2.0  1726   9  4.0 1359   9  7.4 1120  25.8  30.9 1547  20.8  345  17.4  27.0  17.6  60.6  48.0 1146  19.9   7.3   5.1 -9.00 1008.7 1010.5 1011.5 2206 1008.9 1543  1.8 10.5 12.8 -9.0 24.68  3.24 1200   -9.0   -9.0 -9.00   -9.0   -9   -9.0   -9   -9.0   -9   -9.0   -9   -9.0   -9 -99.0 -99.0 -99.0 -99.0 -99.0
20260905 260  3.0  2563   9  5.6 2056  11  9.9 2105  25.3  30.0 1505  21.2  530  17.4  27.5  17.6  62.4  46.0 1243  20.0  -9.0  -9.0 -9.00 1005.6 1010.6 1011.7 2207 1008.9 1610  1.3 11.4 12.8 -9.0 -9.00 -9.00   -9   -9.0   -9.0 -9.00   -9.0   -9   -9.0   -9   -9.0   -9   -9.0   -9   -9.0   -9 -99.0 -99.0 -99.0 -99.0 -99.0
20260905 261  3.7  3154   7  6.8 2305   9 10.2 2305  25.7  31.1 1450  21.2  311  18.9  28.6  17.7  67.0  52.0 1348  21.9  -9.0  -9.0 -9.00 1009.0 1010.9 1011.7  919 1009.3 1535  1.6 10.6 12.8 -9.0 -9.00 -9.00   -9   -9.0   -9.0 -9.00   -9.0   -9   -9.0   -9   -9.0   -9   -9.0   -9   -9.0   -9 -99.0 -99.0 -99.0 -99.0 -99.0
20260905 262  2.7  2323  11  4.9 1301   5 10.1 1313  25.8  30.9 1536  22.2  441  16.8  27.4  22.2  58.8  44.0 1412  19.1   7.4   5.2 -9.00 1005.0 1010.9 1011.9  820 1009.2 1605  1.3 10.8 12.8 -9.0 23.56  3.12 1100   -9.0   -9.0 -9.00   -9.0   -9   -9.0   -9   -9.0   -9   -9.0   -9   -9.0   -9 -99.0 -99.0 -99.0 -99.0 -99.0
20260905 263  2.7  2339  36  5.7 1209   5 10.2 1444  23.0  27.4 1410  19.4  339  17.3  26.6  16.2  71.0  59.0 1311  19.8   5.6   4.0 -9.00 1010.7 1012.3 1013.0  616 1011.1 1418  2.6  7.6 12.8 -9.0 19.62  2.91 1000   -9.0   -9.0 -9.00   -9.0   -9   -9.0   -9   -9.0   -9   -9.0   -9   -9.0   -9 -99.0 -99.0 -99.0 -99.0 -99.0
20260905 264  1.3  1158  11  4.3 1217  11  7.7 1214  22.3  28.7 1345  16.9  617  18.0  25.5  15.7  78.9  53.0 1342  20.7   4.8   3.3 -9.00  995.5 1013.0 1013.9  557 1010.9 1523  6.8  4.2 12.8 -9.0 17.79  3.01 1200   -9.0   -9.0 -9.00   -9.0   -9   -9.0   -9   -9.0   -9   -9.0   -9   -9.0   -9 -99.0 -99.0 -99.0 -99.0 -99.0
20260905 266  3.3  2840   7  5.4 1044   5 11.5  726  24.9  29.4 1348  22.2  511  16.7  28.2  20.0  60.6  48.0 1253  19.0   7.9   5.5 -9.00 1001.7 1011.7 1012.9  850 1010.1 1602  1.3 10.9 12.8 -9.0 24.47  3.33 1200   -9.0   -9.0 -9.00   -9.0   -9   -9.0   -9   -9.0   -9   -9.0   -9   -9.0   -9 -99.0 -99.0 -99.0 -99.0 -99.0
20260905 268  2.2  1938   7  4.8 1105   7  9.1 1128  25.8  30.4 1318  20.0  359  16.9  25.9  19.4  58.5  45.0 1326  19.3  -9.0  -9.0 -9.00 1008.2 1009.3 1010.1  921 1008.1 1531  3.4  6.3 12.8 -9.0 -9.00 -9.00   -9   -9.0   -9.0 -9.00   -9.0   -9   -9.0   -9   -9.0   -9   -9.0   -9   -9.0   -9 -99.0 -99.0 -99.0 -99.0 -99.0
20260905 271  1.7  1486  36  3.8 1211   5  8.3 1631  20.9  25.8 1312  15.9   35  13.6  23.7  13.1  64.4  43.0 1243  15.6  -9.0  -9.0 -9.00  977.9 1015.0 1016.1 2033 1013.7 1410  4.4  8.6 12.8 -9.0 -9.00 -9.00   -9   -9.0   -9.0 -9.00   -9.0   -9   -9.0   -9   -9.0   -9   -9.0   -9   -9.0   -9 -99.0 -99.0 -99.0 -99.0 -99.0
20260905 272  1.9  1617  11  3.5 1544  11  6.3 1123  20.2  27.4 1508  13.9  525  14.2  26.0  11.5  72.6  43.0 1144  16.2  -9.0  -9.0 -9.00  990.3 1014.7 1015.7  532 1012.8 1506  3.0  8.9 12.8 -9.0 -9.00 -9.00   -9   -9.0   -9.0 -9.00   -9.0   -9   -9.0   -9   -9.0   -9   -9.0   -9   -9.0   -9 -99.0 -99.0 -99.0 -99.0 -99.0
20260905 273  1.9  1652   9  5.2 1102   9  9.6 1101  21.2  28.0 1500  14.8  424  15.7  25.0  12.5  74.0  45.0 1605  17.8  -9.0  -9.0 -9.00  993.8 1013.8 1014.9  501 1011.8 1602  4.3  9.4 12.8 -9.0 -9.00 -9.00   -9   -9.0   -9.0 -9.00   -9.0   -9   -9.0   -9   -9.0   -9   -9.0   -9   -9.0   -9 -99.0 -99.0 -99.0 -99.0 -99.0
20260905 276  2.3  2008  11  4.6 1525  14  9.4 1521  21.6  26.1 1546  18.5 2330  17.4  22.1  15.9  78.3  54.0 1532  19.9   4.0   2.8 -9.00  990.0 1013.9 1014.8 2033 1012.4 1616  4.4  3.0 12.8 -9.0 13.45  2.15 1500    0.0   -9.0 -9.00    0.0   -9    0.0   -9   -9.0   -9   -9.0   -9   -9.0   -9 -99.0 -99.0 -99.0 -99.0 -99.0
20260905 277  4.8  4186   5  8.4 1054   5 13.0 1048  22.7  26.2 1418  19.9  440  18.0  26.6  18.7  75.3  60.0 1053  20.6  -9.0  -9.0 -9.00 1009.8 1014.5 1015.6 1045 1013.9 1619  5.5  4.9 12.8 -9.0 -9.00 -9.00   -9    0.0   -9.0 -9.00    0.0   -9    0.0   -9   -9.0   -9   -9.0   -9   -9.0   -9 -99.0 -99.0 -99.0 -99.0 -99.0
20260905 278  1.7  1463   5  4.4 1630   5  7.8  836  22.7  28.0 1520  17.3  407  16.4  24.5  15.0  70.3  46.0 1622  18.7  -9.0  -9.0 -9.00 1003.8 1013.2 1014.0  958 1011.7 1604  5.6  3.3 12.8 -9.0 -9.00 -9.00   -9   -9.0   -9.0 -9.00   -9.0   -9   -9.0   -9   -9.0   -9   -9.0   -9   -9.0   -9 -99.0 -99.0 -99.0 -99.0 -99.0
20260905 279  1.4  1247   9  3.4 1742   5  6.8 1239  22.9  29.4 1434  18.6  550  16.2  25.8  17.3  68.0  45.0 1436  18.4   4.8   3.4 -9.00 1008.0 1013.7 1014.6  933 1011.8 1538  4.3  4.8 12.8 -9.0 15.22  2.50 1400    0.0   -9.0 -9.00    0.0   -9    0.0   -9   -9.0   -9   -9.0   -9   -9.0   -9 -99.0 -99.0 -99.0 -99.0 -99.0
20260905 281  2.9  2513   7  6.3 1035   7 11.1 1028  23.3  27.0 1220  19.4  526  16.4  25.8  16.4  65.9  50.0 1342  18.6  -9.0  -9.0 -9.00 1002.8 1013.9 1014.6 1020 1012.9 1544  6.4  7.0 12.8 -9.0 -9.00 -9.00   -9    0.0   -9.0 -9.00    0.0   -9    0.0   -9   -9.0   -9   -9.0   -9   -9.0   -9 -99.0 -99.0 -99.0 -99.0 -99.0
20260905 283  3.4  2936   5  6.9 1143   2 13.4 1141  23.2  26.9 1134  20.1  509  18.2  24.2  16.5  74.3  59.0 1017  20.9   4.7   3.3 -9.00 1009.1 1013.7 1014.4 1221 1012.9 1539  5.5  4.7 12.8 -9.0 14.93  2.49 1100    1.1   -9.0 -9.00    0.7 1140    0.7 1217   -9.0   -9   -9.0   -9   -9.0   -9 -99.0 -99.0 -99.0 -99.0 -99.0
20260905 284  1.7  1429  11  4.5 1504   7  9.0 1254  21.2  27.5 1246  16.6  145  17.4  24.0  14.8  80.0  59.0 1250  19.9   4.1   2.9 -9.00  986.9 1013.2 1014.2  601 1011.1 1450  5.5  3.8 12.8 -9.0 14.73  3.03 1200   -9.0   -9.0 -9.00   -9.0   -9   -9.0   -9   -9.0   -9   -9.0   -9   -9.0   -9 -99.0 -99.0 -99.0 -99.0 -99.0
20260905 285  1.4  1229   2  3.9 1312   5  7.8 1605  22.9  28.4 1345  18.6  531  17.7  26.9  17.2  73.9  53.0 1346  20.3  -9.0  -9.0 -9.00 1010.0 1013.1 1014.0  936 1011.7 1535  3.9 -9.0 12.8 -9.0 -9.00 -9.00   -9   -9.0   -9.0 -9.00   -9.0   -9   -9.0   -9   -9.0   -9   -9.0   -9   -9.0   -9 -99.0 -99.0 -99.0 -99.0 -99.0
20260905 288  2.6  2261   5  6.2 1335   2 10.1 1507  25.4  29.2 1100  21.8  307  17.2  27.9  20.5  61.5  47.0  930  19.7   6.4   4.5 -9.00 1009.9 1010.8 1011.5 2056 1009.9 1458  3.5  8.0 12.8 -9.0 19.62  2.84 1100   -9.0   -9.0 -9.00   -9.0   -9   -9.0   -9   -9.0   -9   -9.0   -9   -9.0   -9 -99.0 -99.0 -99.0 -99.0 -99.0
20260905 289  1.3  1107   5  4.4 1533   2  7.5 1530  22.3  28.0 1326  17.7  614  17.3  25.2  17.2  75.4  54.0 1054  19.8  -9.0  -9.0 -9.00  997.7 1013.7 1014.6 2117 1011.8 1455  5.5  3.0 12.8 -9.0 -9.00 -9.00   -9   -9.0   -9.0 -9.00   -9.0   -9   -9.0   -9   -9.0   -9   -9.0   -9   -9.0   -9 -99.0 -99.0 -99.0 -99.0 -99.0
20260905 294  1.8  1581   9  3.9 1147  11  8.8 1325  25.3  28.7 1303  22.8  602  16.8  29.8  19.9  59.9  48.0 1147  19.1  -9.0  -9.0 -9.00 1007.0 1012.1 1012.9  941 1011.0 1458  2.5  8.4 12.8 -9.0 -9.00 -9.00   -9   -9.0   -9.0 -9.00   -9.0   -9   -9.0   -9   -9.0   -9   -9.0   -9   -9.0   -9 -99.0 -99.0 -99.0 -99.0 -99.0
20260905 295  2.6  2274  36  3.8 1100   5  7.6 1441  24.6  29.1 1438  21.4  512  17.7  26.9  19.6  66.4  53.0 1229  20.3  -9.0  -9.0 -9.00 1006.6 1011.8 1012.8  847 1010.1 1506  2.1  8.2 12.8 -9.0 -9.00 -9.00   -9   -9.0   -9.0 -9.00   -9.0   -9   -9.0   -9   -9.0   -9   -9.0   -9   -9.0   -9 -99.0 -99.0 -99.0 -99.0 -99.0
20260905 296  4.4  3777   5  7.3 1126   5 11.2 1125  25.7  29.4 1030  23.1  511  18.2  25.2  19.6  63.9  52.0 1012  20.9   7.6   5.3 -9.00 1010.7 1011.0 1011.7  950 1009.9 1449  3.1  9.2 12.8 -9.0 22.45  3.00 1300    0.0   -9.0  0.73    0.0   -9    0.0   -9   -9.0   -9   -9.0   -9   -9.0   -9 -99.0 -99.0 -99.0 -99.0 -99.0
20260906  90  3.3  2892   5  7.3 1114   7 10.9 1108  23.3  25.2 1508  20.5 1221  17.8  26.7  19.7  71.4  61.0  800  20.3   4.3   3.0 -9.00 1013.1 1015.1 1016.7   17 1013.2 2342  4.9  6.0 12.8 -9.0 15.41  2.68 1400    0.7   -9.0 -9.00    0.7  929    0.7 1019   -9.0   -9   -9.0   -9   -9.0   -9 -99.0 -99.0 -99.0 -99.0 -99.0
20260906  93  1.4  1208   5  4.9 1703   5 10.0 1520  21.0  27.2 1120  15.3  537  15.7  24.3  13.6  74.8  46.0 1706  17.9   4.7   3.3 -9.00 1003.0 1014.1 1016.5   22 1012.3 1643  3.6  8.8 12.8 -9.0 16.79  2.86 1000    0.0    0.0  1.00    0.0   -9    0.0   -9   -9.0   -9   -9.0   -9   -9.0   -9  25.3  26.2  25.6  22.8  19.7
20260906  95  2.2  1924  11  5.3 1525  11  9.9 1200  20.9  28.2 1256  14.9  418  15.6  23.1  15.2  74.8  43.0 1307  17.8   5.7   4.0 -9.00  996.5 1014.5 1016.9    2 1012.4 1702  3.9 10.7 12.8 -9.0 20.36  3.29 1200   -9.0   -9.0 -9.00   -9.0   -9   -9.0   -9   -9.0   -9   -9.0   -9   -9.0   -9 -99.0 -99.0 -99.0 -99.0 -99.0
20260906  98  1.1   946   7  3.9 1505   7  8.1 1538  21.8  29.4 1352  16.6  523  14.2  25.7  15.1  63.9  38.0 1306  16.2   5.5   3.9 -9.00 1000.0 1013.4 1015.8   15 1011.2 1722  3.3  9.4 12.8 -9.0 20.40  3.23 1200   -9.0   -9.0 -9.00   -9.0   -9   -9.0   -9   -9.0   -9   -9.0   -9   -9.0   -9 -99.0 -99.0 -99.0 -99.0 -99.0
20260906  99  2.3  1995   9  5.2 1533   9  8.4 1527  21.7  29.1 1442  16.5  519  16.0  23.8  16.1  72.1  46.0 1351  18.2   6.1   4.2 -9.00 1010.5 1014.0 1016.3    4 1011.8 1603  3.0 10.3 12.8 -9.0 22.15  3.25 1200   -9.0   -9.0 -9.00   -9.0   -9   -9.0   -9   -9.0   -9   -9.0   -9   -9.0   -9 -99.0 -99.0 -99.0 -99.0 -99.0
20260906 100  3.9  3376   7  6.4 1859   5 12.3 1850  16.3  18.2 1353  15.3  454  15.4  18.1  15.0  95.3  88.0 1327  17.5   1.4   1.0 -9.00  927.1 1014.3 1016.5    1 1012.6 2359  9.9  0.7 12.8 -9.0  5.64  0.93 1300   18.7   -9.0 -9.00    4.2 1400    1.8 1427   -9.0   -9   -9.0   -9   -9.0   -9 -99.0 -99.0 -99.0 -99.0 -99.0
20260906 101  1.5  1272   5  5.0 1554   7  8.5 1704  20.6  26.9 1133  15.3  604  15.0  22.9  14.0  72.9  45.0 1134  17.1   4.9   3.4 -9.00 1004.0 1012.8 1015.4   24 1010.9 1639  4.1  6.3 12.8 -9.0 16.54  2.75 1000   -9.0   -9.0 -9.00   -9.0   -9   -9.0   -9   -9.0   -9   -9.0   -9   -9.0   -9  26.3  25.7  24.6  20.3  16.8
20260906 102  3.3  2887   9  5.4  932   7  8.3  806  22.9  26.9 1356  20.5  550  16.9  25.4  17.7  69.8  44.0 1410  19.3   7.2   5.0 -9.00 1008.5 1012.6 1014.3  900 1010.8 1732  0.9 12.2 12.8 -9.0 24.99  3.26 1200   -9.0   -9.0 -9.00   -9.0   -9   -9.0   -9   -9.0   -9   -9.0   -9   -9.0   -9 -99.0 -99.0 -99.0 -99.0 -99.0
20260906 104  1.9  1661  14  4.4 1638   7  6.8 1631  22.0  26.1 1252  18.1  554  19.6  25.0  -9.0  86.9  69.0 1554  22.8  -9.0  -9.0 -9.00 1004.8 1013.5 1016.0    1 1012.0 2348  6.8 -9.0 12.8 -9.0 -9.00  2.47 1200    7.5    4.0  4.16    3.0  233    1.5  249   -9.0   -9   -9.0   -9   -9.0   -9 -99.0 -99.0 -99.0 -99.0 -99.0
20260906 105  1.7  1465   9  3.3  934   7  8.1 1301  22.3  26.3 1244  19.1  519  18.4  24.9  18.9  79.8  59.0 1249  21.2   3.6   2.5 -9.00 1011.4 1014.5 1016.7    1 1012.8 2342  6.5  3.9 12.8 -9.0 13.50  2.95 1200    4.0   -9.0 -9.00    2.3 1809    1.6 1859   -9.0   -9   -9.0   -9   -9.0   -9  25.7  25.2  25.0  20.7  17.4
20260906 106  4.4  3763   2  6.4  257   5 10.6  948  23.3  26.3 1150  20.7  421  17.9  25.9  18.7  72.5  60.0 1218  20.6   5.2   3.6 -9.00 1009.6 1014.2 1016.3    1 1012.5 2351  6.9  5.6 12.8 -9.0 17.26  2.75 1200    0.4   -9.0 -9.00    0.4 2010    0.4 2012   -9.0   -9   -9.0   -9   -9.0   -9 -99.0 -99.0 -99.0 -99.0 -99.0
20260906 108  3.1  2718   5  6.2 1628   5 10.6 1840  23.9  29.5 1334  19.7  642  14.4  24.3  16.2  56.3  42.0 1204  16.4   7.9   5.5 -9.00 1003.0 1012.8 1015.2    6 1010.7 1715  2.3 10.5 12.8 -9.0 23.98  3.44 1300   -9.0   -9.0 -9.00   -9.0   -9   -9.0   -9   -9.0   -9   -9.0   -9   -9.0   -9  26.0  25.6  25.5  21.5  16.9
20260906 112  3.0  2586   7  6.3 1623   7 10.7 1722  24.5  29.5 1411  20.4  551  15.1  27.0  15.0  57.1  41.0 1413  17.2   7.3   5.1 -9.00 1004.6 1012.5 1014.6    9 1010.2 1610  2.3  9.5 12.8 -9.0 21.62  3.08 1100   -9.0   -9.0 -9.00   -9.0   -9   -9.0   -9   -9.0   -9   -9.0   -9   -9.0   -9  25.4  25.2  24.1  21.0  16.8
20260906 114  1.8  1524   2  4.4 1715   9  9.6 1633  21.9  28.1 1548  16.3  530  15.1  24.2  13.8  66.8  42.0 1416  17.1   5.1   3.6 -9.00  995.2 1012.5 1015.1   45 1010.3 1603  5.5  7.1 12.8 -9.0 17.81  2.89 1000   -9.0   -9.0 -9.00   -9.0   -9   -9.0   -9   -9.0   -9   -9.0   -9   -9.0   -9 -99.0 -99.0 -99.0 -99.0 -99.0
20260906 115  6.4  5534   5  9.5 1101   2 15.7  934  22.8  24.4 1313  21.6  607  18.3  25.2  17.1  76.3  70.0 1135  21.1   6.1   4.3 -9.00  987.1 1012.4 1015.3   51 1009.8 2359  4.3  6.8 12.8 -9.0 19.23  2.71 1100   -9.0   -9.0 -9.00   -9.0   -9   -9.0   -9   -9.0   -9   -9.0   -9   -9.0   -9  24.6  23.8  22.8  16.7 -99.0
20260906 119  2.5  2181   7  4.8  912   5  8.7  849  24.0  28.5 1334  19.6  523  14.6  26.3  15.2  56.6  43.0 1330  16.7   7.2   5.0 -9.00 1007.5 1012.1 1014.3    6 1009.6 1708  2.1 10.7 12.8 -9.0 22.90  3.23 1200   -9.0   -9.0 -9.00   -9.0   -9   -9.0   -9   -9.0   -9   -9.0   -9   -9.0   -9  25.6  25.3  24.5  20.6  17.0
20260906 121  1.8  1573   9  5.7 1031   7 10.3 1026  20.8  27.8 1411  15.5  124  15.9  24.0  16.1  75.1  43.0 1442  18.0   4.7   3.3 -9.00  985.5 1013.1 1016.4  105 1010.9 1529  6.6  4.9 12.8 -9.0 16.27  2.31 1400   -9.0   -9.0 -9.00   -9.0   -9   -9.0   -9   -9.0   -9   -9.0   -9   -9.0   -9 -99.0 -99.0 -99.0 -99.0 -99.0
20260906 127  1.5  1298   9  3.9 1109   5 10.6 1032  22.2  28.1 1235  16.4  307  15.3  24.5  16.7  66.9  43.0 1609  17.3   6.1   4.2 -9.00  998.4 1011.6 1014.1   52 1009.2 1615  4.0  8.4 12.8 -9.0 20.21  3.27 1100   -9.0   -9.0 -9.00   -9.0   -9   -9.0   -9   -9.0   -9   -9.0   -9   -9.0   -9 -99.0 -99.0 -99.0 -99.0 -99.0
20260906 129  2.7  2364   9  5.7 1257   7  9.7 1154  23.4  29.2 1545  18.6  634  15.0  24.6  15.3  60.8  41.0 1544  17.1   7.0   4.9 -9.00 1009.1 1012.0 1014.3   55 1009.6 1654  2.3  8.7 12.8 -9.0 21.57  3.22 1200   -9.0   -9.0 -9.00   -9.0   -9   -9.0   -9   -9.0   -9   -9.0   -9   -9.0   -9  25.3  25.4  24.6  20.7  17.4
20260906 130  2.9  2518  11  5.5  358  11 11.9  352  23.7  26.6 1054  19.8  249  18.1  25.3  19.4  72.0  59.0  946  20.8  -9.0  -9.0 -9.00 1007.6 1013.3 1015.7  122 1011.6 2337  4.4 10.5 12.8 -9.0 -9.00 -9.00   -9    5.1   -9.0 -9.00    3.2  219    1.7  220   -9.0   -9   -9.0   -9   -9.0   -9 -99.0 -99.0 -99.0 -99.0 -99.0
20260906 131  3.0  2579   5  5.8 1231   2 10.0 1444  24.3  29.6 1506  19.7  421  14.7  24.0  18.1  56.4  39.0 1507  16.7   7.2   5.1 -9.00 1004.7 1011.4 1013.9    1 1008.8 1739  4.3  6.2 12.8 -9.0 19.62  2.89 1300   -9.0   -9.0 -9.00   -9.0   -9   -9.0   -9   -9.0   -9   -9.0   -9   -9.0   -9 -99.0 -99.0 -99.0 -99.0 -99.0
20260906 133  2.4  2093  11  5.2 2233  11  9.7 2101  23.4  29.0 1547  18.1  514  15.3  25.1  15.3  62.0  41.0 1602  17.4   6.7   4.7 -9.00 1003.8 1011.6 1014.2    1 1009.1 1651  3.0  8.1 12.8 -9.0 20.73  3.07 1100    0.0   -9.0  0.55    0.0   -9    0.0   -9   -9.0   -9   -9.0   -9   -9.0   -9  27.4  27.4  26.7  23.7  19.1
20260906 135  2.7  2348   5  6.2 1153   7 10.2 1217  20.8  26.7 1443  16.5  420  15.0  23.3  14.6  70.9  45.0 1648  17.2   5.7   4.0 -9.00  983.4 1011.5 1014.2   44 1009.0 1604  5.3  7.5 12.8 -9.0 19.34  2.60 1200    0.3   -9.0 -9.00    0.3   -9    0.3  536   -9.0   -9   -9.0   -9   -9.0   -9 -99.0 -99.0 -99.0 -99.0 -99.0
20260906 136  1.6  1382  11  5.1 1144  11  9.4 1139  22.3  28.5 1212  17.5  242  15.0  27.1  15.8  65.6  38.0 1421  17.1   6.5   4.5 -9.00  996.6 1012.9 1015.3    1 1011.0 1626  2.9  7.7 12.8 -9.0 20.96  2.95 1400   -9.0   -9.0 -9.00   -9.0   -9   -9.0   -9   -9.0   -9   -9.0   -9   -9.0   -9 -99.0 -99.0 -99.0 -99.0 -99.0
20260906 137  1.0   870   7  2.5 1318   5  6.4 1438  22.3  29.1 1436  17.3  245  16.0  27.0  15.5  69.4  45.0 1647  18.2   5.5   3.8 -9.00 1000.0 1011.1 1013.7    4 1008.9 1614  4.0  8.7 12.8 -9.0 20.31  2.60 1300    0.4   -9.0 -9.00    0.4  503    0.4  513   -9.0   -9   -9.0   -9   -9.0   -9 -99.0 -99.0 -99.0 -99.0 -99.0
20260906 138  5.5  4750   5  7.2 1322   2 11.9 1602  25.3  26.8 1346  24.4  538  18.0  26.9  23.4  64.3  57.0  918  20.6   7.2   5.0 -9.00 1010.2 1010.6 1013.1   21 1009.1 2334  6.5  7.4 12.8 -9.0 19.58  3.00 1300    0.0    0.0  0.42    0.0   -9    0.0   -9   -9.0   -9   -9.0   -9   -9.0   -9  25.5  24.1  23.1  19.9  17.3
20260906 140  2.6  2245   7  4.6 1422   7 11.6 1148  24.1  28.8 1532  19.2  613  16.7  26.2  16.1  64.5  50.0 1712  19.1  -9.0  -9.0 -9.00 1008.4 1011.6 1013.9   55 1009.3 1649  1.4 11.0 12.8 -9.0 -9.00 -9.00   -9   -9.0   -9.0 -9.00   -9.0   -9   -9.0   -9   -9.0   -9   -9.0   -9   -9.0   -9 -99.0 -99.0 -99.0 -99.0 -99.0
20260906 143  2.6  2221   7  5.6 1639  11  9.0 1311  24.5  28.2 1508  20.9  620  14.9  26.2  18.4  56.4  39.0 1506  17.0   6.5   4.5 -9.00 1004.9 1011.2 1013.8    1 1009.4 1529  5.9  6.9 12.8 -9.0 18.84  2.77 1300   -9.0   -9.0 -9.00   -9.0   -9   -9.0   -9   -9.0   -9   -9.0   -9   -9.0   -9 -99.0 -99.0 -99.0 -99.0 -99.0
20260906 146  2.5  2189   7  6.0 1108   9 10.5 1034  24.2  29.9 1303  19.1  555  14.6  24.0  13.9  57.0  37.0 1255  16.7   7.0   4.9 -9.00 1003.5 1010.4 1012.9    1 1008.1 1609  1.8  8.8 12.8 -9.0 21.16  3.26 1200   -9.0   -9.0 -9.00   -9.0   -9   -9.0   -9   -9.0   -9   -9.0   -9   -9.0   -9 -99.0 -99.0 -99.0 -99.0 -99.0
20260906 152  3.8  3322   7  6.9  825   9 14.2  814  24.3  26.8 1230  22.6  206  16.7  25.8  20.2  63.0  52.0 1248  19.1   5.5   3.8 -9.00 1000.3 1009.6 1012.4    4 1008.1 2358  7.5  3.1 12.8 -9.0 15.45  2.29 1100    0.1   -9.0  0.75    0.1   -9    0.1   -9   -9.0   -9   -9.0   -9   -9.0   -9 -99.0 -99.0 -99.0 -99.0 -99.0
20260906 155  2.8  2435   5  6.4 1527   7 11.8 1527  25.0  29.5 1333  21.5  603  16.9  25.7  18.2  61.5  44.0 1333  19.2   6.5   4.5 -9.00 1005.4 1009.4 1012.3    1 1007.6 1559  4.9  7.3 12.7 -9.0 18.27  2.46 1400   -9.0   -9.0 -9.00   -9.0   -9   -9.0   -9   -9.0   -9   -9.0   -9   -9.0   -9 -99.0 -99.0 -99.0 -99.0 -99.0
20260906 156  3.0  2607   5  4.8 1324  36  9.5 1253  24.8  30.3 1518  19.5  548  16.8  29.6  15.8  62.0  45.0 1506  19.1   7.0   4.9 -9.00 1001.4 1009.4 1012.2   35 1007.1 1555  1.9 10.4 12.8 -9.0 22.06  3.08 1200   -9.0   -9.0 -9.00   -9.0   -9   -9.0   -9   -9.0   -9   -9.0   -9   -9.0   -9 -99.0 -99.0 -99.0 -99.0 -99.0
20260906 159  4.1  3537   9  6.7 1031   7 16.4 1050  25.8  29.5 1513  23.9  317  17.4  27.6  20.2  60.4  49.0 1438  19.9   6.7   4.7 -9.00 1000.5 1008.4 1011.3    4 1006.9 2350  6.6  5.1 12.7 -9.0 18.04  2.56 1400    0.0   -9.0  1.38    0.0   -9    0.0   -9   -9.0   -9   -9.0   -9   -9.0   -9  27.5  27.4  26.4  21.3  19.3
20260906 162  3.5  3027   5  5.8 2133   2 10.1 2245  25.2  29.4 1440  22.6  528  16.5  27.7  19.8  59.4  42.0 1631  18.8   6.7   4.7 -9.00 1004.3 1007.9 1010.9    1 1006.0 1547  5.9  7.0 12.8 -9.0 18.92  2.75 1400   -9.0   -9.0 -9.00   -9.0   -9   -9.0   -9   -9.0   -9   -9.0   -9   -9.0   -9 -99.0 -99.0 -99.0 -99.0 -99.0
20260906 165  2.8  2423  34  4.9 1316  36  7.0 1607  25.2  29.0 1338  20.7  556  16.6  27.2  16.3  59.9  48.0 1341  19.0   6.5   4.6 -9.00 1004.4 1009.5 1011.9    1 1007.3 1721  4.9  9.0 12.7 -9.0 20.15  2.98 1300   -9.0   -9.0 -9.00   -9.0   -9   -9.0   -9   -9.0   -9   -9.0   -9   -9.0   -9  27.6  26.4  25.7  22.4  18.9
20260906 168  7.8  6697   5 10.5 2307   2 16.9  804  25.2  28.8 1413  22.9  254  15.6  25.3  21.5  55.9  46.0 1422  17.8  10.4   7.3 -9.00 1001.5 1009.0 1011.6    2 1007.0 1619  3.6  9.2 12.7 -9.0 21.45  3.19 1300   -9.0   -9.0 -9.00   -9.0   -9   -9.0   -9   -9.0   -9   -9.0   -9   -9.0   -9  28.1  27.7  26.2  21.6  17.8
20260906 169  5.7  4939  36  9.1 2116   2 11.9 2317  25.6  28.5 1441  22.4  556  18.7  29.0  20.0  65.9  59.0 1346  21.6   8.7   6.1 -9.00 1001.3 1009.8 1011.5  104 1008.1 1847  1.4 12.0 12.7 -9.0 25.25  3.33 1200   -9.0   -9.0 -9.00   -9.0   -9   -9.0   -9   -9.0   -9   -9.0   -9   -9.0   -9 -99.0 -99.0 -99.0 -99.0 -99.0
20260906 170  2.8  2458   7  8.0 1106   7 11.1 1113  25.9  31.0 1539  20.3  618  17.5  30.1  17.5  60.8  46.0 1541  20.0   7.3   5.1 -9.00 1005.3 1009.3 1011.9    1 1007.4 1614  4.5  9.5 12.7 -9.0 23.04  3.38 1200   -9.0   -9.0 -9.00   -9.0   -9   -9.0   -9   -9.0   -9   -9.0   -9   -9.0   -9 -99.0 -99.0 -99.0 -99.0 -99.0
20260906 172  2.9  2521   5  6.1 1021   2  8.6 1130  23.1  29.8 1411  18.2  602  17.9  25.5  16.1  74.6  45.0 1404  20.5   6.1   4.2 -9.00 1003.7 1009.7 1012.1    2 1007.3 1614  1.6  9.8 12.8 -9.0 21.70  3.30 1200   -9.0   -9.0 -9.00   -9.0   -9   -9.0   -9   -9.0   -9   -9.0   -9   -9.0   -9 -99.0 -99.0 -99.0 -99.0 -99.0
20260906 174  1.1   949   9  4.3 1127  11  8.0 1120  21.2  29.1 1310  14.6  538  15.4  26.7  14.3  73.0  43.0 1342  17.5  -9.0  -9.0 -9.00  989.1 1008.0 1011.1    4 1005.5 1548  1.6 10.2 12.7 -9.0 -9.00 -9.00   -9   -9.0   -9.0 -9.00   -9.0   -9   -9.0   -9   -9.0   -9   -9.0   -9   -9.0   -9 -99.0 -99.0 -99.0 -99.0 -99.0
20260906 177  2.7  2374   5  5.6 1322   2  9.8 1317  23.4  29.0 1506  19.1   21  17.1  25.8  17.4  68.5  51.0 1510  19.5   6.0   4.2 -9.00 1007.3 1010.5 1012.8  121 1007.9 1622  2.8  6.6 12.8 -9.0 19.17  3.05 1200   -9.0   -9.0 -9.00   -9.0   -9   -9.0   -9   -9.0   -9   -9.0   -9   -9.0   -9 -99.0 -99.0 -99.0 -99.0 -99.0
20260906 181  3.1  2653   5  6.1 1213   2 10.1 1512  21.8  27.7 1356  16.4  448  15.3  24.3  15.2  68.4  47.0 1407  17.4   6.1   4.3 -9.00 1008.1 1012.0 1014.5    1 1009.5 1644  4.0  7.3 12.8 -9.0 20.47  3.00 1200    0.0   -9.0 -9.00   -9.0   -9   -9.0   -9   -9.0   -9   -9.0   -9   -9.0   -9 -99.0 -99.0 -99.0 -99.0 -99.0
20260906 184  4.4  3815   5  8.3 1502   7 13.6 1321  26.1  29.0 1310  24.9  611  19.1  29.6  23.2  65.9  53.0 1340  22.2   5.2   3.6 -9.00 1005.8 1008.2 1010.3    1 1006.6 1655  8.8  2.8 12.7 -9.0 12.40  2.78 1100    0.8    1.1  1.00    0.8 1740    0.5 1802   -9.0   -9   -9.0   -9   -9.0   -9  29.5  28.8  28.2  24.4  20.2
20260906 185  6.7  5746  34  9.9 2203   7 14.8   54  25.3  28.2 1229  22.9  451  19.2  28.9  21.0  70.0  54.0 1214  22.3   8.8   6.1 -9.00  999.4 1007.5 1009.4  101 1005.9 1602  4.1 10.6 12.7 -9.0 24.74  3.38 1200   -9.0   -9.0 -9.00   -9.0   -9   -9.0   -9   -9.0   -9   -9.0   -9   -9.0   -9 -99.0 -99.0 -99.0 -99.0 -99.0
20260906 188  5.1  4430   5  7.3 1445   5 14.5 1221  26.1  28.2 1310  24.4  606  19.8  26.6  23.0  68.5  61.0 1319  23.1  -9.0  -9.0 -9.00 1006.0 1008.3 1010.5    1 1007.0 1555  6.9  5.2 12.7 -9.0 -9.00 -9.00   -9   -9.0   -9.0 -9.00   -9.0   -9   -9.0   -9   -9.0   -9   -9.0   -9   -9.0   -9 -99.0 -99.0 -99.0 -99.0 -99.0
20260906 189  3.7  3169   5  5.8 1126   9 13.3 1002  26.6  29.7 1356  24.4  429  19.1  31.1  22.7  64.3  52.0 1134  22.1   8.3   5.8 -9.00 1002.0 1007.9 1009.7    1 1006.4 1554  5.5  9.9 12.7 -9.0 24.08  3.28 1300   -9.0   -9.0 -9.00   -9.0   -9   -9.0   -9   -9.0   -9   -9.0   -9   -9.0   -9 -99.0 -99.0 -99.0 -99.0 -99.0
20260906 192  1.8  1531   5  3.7 1420   5  8.1 1451  23.8  28.7 1444  19.3  547  15.0  27.6  18.1  58.8  44.0 1452  17.0   6.2   4.4 -9.00 1006.5 1009.9 1012.8   18 1007.9 1543  3.8  8.9 12.7 -9.0 20.66  2.70 1200   -9.0   -9.0 -9.00   -9.0   -9   -9.0   -9   -9.0   -9   -9.0   -9   -9.0   -9 -99.0 -99.0 -99.0 -99.0 -99.0
20260906 201  2.9  2466   7  4.6 1641   9  8.1 1017  23.0  28.4 1543  19.4  529  15.5  25.7  15.5  63.8  46.0 1430  17.7  -9.0  -9.0 -9.00 1008.3 1013.9 1016.0    1 1011.4 1625  2.6 10.0 12.8 -9.0 -9.00 -9.00   -9   -9.0   -9.0 -9.00   -9.0   -9   -9.0   -9   -9.0   -9   -9.0   -9   -9.0   -9 -99.0 -99.0 -99.0 -99.0 -99.0
20260906 202  1.8  1562   7  4.9 1722   7  8.5 1805  22.8  27.8 1207  16.9  506  15.2  28.1  14.1  64.6  44.0 1208  17.3  -9.0  -9.0 -9.00 1007.7 1013.2 1015.7   33 1011.2 1703  3.9  6.8 12.8 -9.0 -9.00 -9.00   -9   -9.0   -9.0 -9.00   -9.0   -9   -9.0   -9   -9.0   -9   -9.0   -9   -9.0   -9 -99.0 -99.0 -99.0 -99.0 -99.0
20260906 203  1.1   948   2  2.9 1302   2  6.9  916  22.3  28.8 1215  16.4  318  16.7  25.3  17.4  72.3  51.0 1200  19.0  -9.0  -9.0 -9.00 1004.0 1013.2 1015.9    1 1011.0 1708  2.8  8.0 12.8 -9.0 -9.00 -9.00   -9   -9.0   -9.0 -9.00   -9.0   -9   -9.0   -9   -9.0   -9   -9.0   -9   -9.0   -9 -99.0 -99.0 -99.0 -99.0 -99.0
20260906 211  2.4  2073   2  5.2 1122   5 10.2 1118  21.2  24.3 1520  16.9  420  15.6  23.9  13.5  71.8  52.0 1644  17.8  -9.0  -9.0 -9.00  990.6 1013.9 1015.9    9 1012.2 1832  5.6  3.6 12.8 -9.0 -9.00 -9.00   -9    0.4   -9.0 -9.00    0.4 1201    0.4 1243   -9.0   -9   -9.0   -9   -9.0   -9 -99.0 -99.0 -99.0 -99.0 -99.0
20260906 212  1.3  1162   7  4.9 1144   7  8.3 1035  20.6  27.0 1527  15.4  401  14.9  24.8  12.9  72.0  42.0 1048  17.0  -9.0  -9.0 -9.00  997.7 1014.0 1016.6   14 1012.1 1715  4.4  6.6 12.8 -9.0 -9.00 -9.00   -9   -9.0   -9.0 -9.00   -9.0   -9   -9.0   -9   -9.0   -9   -9.0   -9   -9.0   -9 -99.0 -99.0 -99.0 -99.0 -99.0
20260906 216  2.7  2294   2  4.6 1308  34 10.9 1526  17.6  21.6 1314  16.4  251  15.1  20.4  16.7  85.9  62.0 1317  17.1   2.9   2.0 -9.00  933.1 1013.7 1016.3    4 1011.8 1454  9.4  2.4 12.8 -9.0 11.59  2.48 1200    8.2   -9.0 -9.00    3.1  342    1.3  421   -9.0   -9   -9.0   -9   -9.0   -9 -99.0 -99.0 -99.0 -99.0 -99.0
20260906 217  2.1  1857   5  5.4 1159   5 10.9  623  20.4  24.7 1346  17.8   35  15.5  23.7  16.0  74.4  57.0 1439  17.6  -9.0  -9.0 -9.00  977.6 1013.4 1015.9    4 1011.5 1451  5.9  1.7 12.8 -9.0 -9.00 -9.00   -9    0.0   -9.0 -9.00    0.0   -9    0.0   -9   -9.0   -9   -9.0   -9   -9.0   -9 -99.0 -99.0 -99.0 -99.0 -99.0
20260906 221  1.8  1596   5  5.5 1417   2  9.2 1625  20.0  25.8 1523  14.9  220  15.7  25.0  13.7  79.0  51.0 1505  17.9  -9.0  -9.0 -9.00  982.3 1012.8 1015.7  112 1010.7 1559  3.4  8.6 12.8 -9.0 -9.00 -9.00   -9   -9.0   -9.0 -9.00   -9.0   -9   -9.0   -9   -9.0   -9   -9.0   -9   -9.0   -9 -99.0 -99.0 -99.0 -99.0 -99.0
20260906 226  1.2  1041   9  3.4 1132  16  8.2 1505  21.1  27.1 1429  15.1  321  15.5  23.7  12.3  73.4  44.0 1630  17.7  -9.0  -9.0 -9.00  992.4 1012.1 1014.9   24 1009.6 1709  2.9  7.5 12.8 -9.0 -9.00 -9.00   -9   -9.0   -9.0 -9.00   -9.0   -9   -9.0   -9   -9.0   -9   -9.0   -9   -9.0   -9 -99.0 -99.0 -99.0 -99.0 -99.0
20260906 232  2.4  2040   9  5.8 1150   9 11.3 1141  22.9  28.2 1402  17.5  418  15.7  25.3  15.2  65.9  45.0 1608  17.8  -9.0  -9.0 -9.00 1002.8 1012.5 1015.0    1 1010.1 1718  2.5  7.8 12.8 -9.0 -9.00 -9.00   -9   -9.0   -9.0 -9.00   -9.0   -9   -9.0   -9   -9.0   -9   -9.0   -9   -9.0   -9 -99.0 -99.0 -99.0 -99.0 -99.0
20260906 235  3.1  2686  36  6.1  919   5 11.2 1202  24.3  29.8 1610  19.5  345  16.0  26.4  16.5  61.1  43.0 1513  18.2   8.0   5.6 -9.00 1009.5 1010.6 1012.9    4 1008.2 1648  2.9 10.3 12.8 -9.0 23.63  3.27 1300   -9.0   -9.0 -9.00   -9.0   -9   -9.0   -9   -9.0   -9   -9.0   -9   -9.0   -9 -99.0 -99.0 -99.0 -99.0 -99.0
20260906 236  1.5  1319   9  3.6 1451   2  6.9 1142  23.5  29.1 1522  18.7  533  16.2  26.2  16.8  65.4  45.0 1504  18.4  -9.0  -9.0 -9.00 1010.1 1011.7 1014.0    1 1009.2 1748  2.0 10.0 12.8 -9.0 -9.00 -9.00   -9   -9.0   -9.0 -9.00   -9.0   -9   -9.0   -9   -9.0   -9   -9.0   -9   -9.0   -9 -99.0 -99.0 -99.0 -99.0 -99.0
20260906 238  1.3  1156   7  4.0 1153   9  8.7 1410  22.4  28.6 1520  16.9  526  15.6  24.5  14.8  67.8  44.0 1529  17.7  -9.0  -9.0 -9.00  991.5 1011.0 1013.7   43 1008.4 1602  3.9  6.0 12.8 -9.0 -9.00 -9.00   -9    0.0   -9.0 -9.00    0.0   -9    0.0   -9   -9.0   -9   -9.0   -9   -9.0   -9 -99.0 -99.0 -99.0 -99.0 -99.0
20260906 239  1.4  1226   9  3.4 1127   9  6.4 1608  22.9  28.7 1525  17.9  520  16.3  26.5  16.3  67.4  45.0 1534  18.5   5.7   4.0 -9.00 1000.7 1011.0 1013.7  118 1008.2 1641  3.9  6.6 12.8 -9.0 19.73  2.93 1200   -9.0   -9.0 -9.00   -9.0   -9   -9.0   -9   -9.0   -9   -9.0   -9   -9.0   -9 -99.0 -99.0 -99.0 -99.0 -99.0
20260906 243  3.1  2657   5  5.3 1209   2  9.0 1239  24.2  30.6 1320  18.6  557  15.4  27.4  16.5  59.9  39.0 1321  17.5  -9.0  -9.0 -9.00 1009.3 1010.7 1012.9    1 1008.5 1717  2.4  8.1 12.8 -9.0 -9.00 -9.00   -9   -9.0   -9.0 -9.00   -9.0   -9   -9.0   -9   -9.0   -9   -9.0   -9   -9.0   -9 -99.0 -99.0 -99.0 -99.0 -99.0
20260906 244  1.3  1149  14  4.4 1249  14  8.4 1508  21.3  28.2 1508  15.2  503  15.3  24.0  13.6  72.3  43.0 1504  17.4  -9.0  -9.0 -9.00  982.1 1010.3 1013.2   55 1007.7 1551  2.1  8.4 12.8 -9.0 -9.00 -9.00   -9   -9.0   -9.0 -9.00   -9.0   -9   -9.0   -9   -9.0   -9   -9.0   -9   -9.0   -9 -99.0 -99.0 -99.0 -99.0 -99.0
20260906 245  2.4  2032   7  5.7 1414   9  8.5 1405  23.8  29.6 1510  17.2  612  15.7  28.5  15.4  62.8  41.0 1448  17.9   6.8   4.7 -9.00 1002.3 1010.2 1012.6    1 1007.9 1550  2.0  9.6 12.8 -9.0 21.84  3.03 1100   -9.0   -9.0 -9.00   -9.0   -9   -9.0   -9   -9.0   -9   -9.0   -9   -9.0   -9 -99.0 -99.0 -99.0 -99.0 -99.0
20260906 247  4.3  3690   7  8.4  922   9 14.3  922  24.3  28.7 1356  20.8  414  16.4  26.5  18.3  62.1  49.0 1401  18.6  -9.0  -9.0 -9.00  994.5 1009.7 1012.2    4 1007.4 1553  1.9 11.5 12.8 -9.0 -9.00 -9.00   -9   -9.0   -9.0 -9.00   -9.0   -9   -9.0   -9   -9.0   -9   -9.0   -9   -9.0   -9 -99.0 -99.0 -99.0 -99.0 -99.0
20260906 248  1.7  1438   5  4.2 1643   7  8.0 1559  19.3  26.2 1555  13.9  546  14.7  22.1  12.4  77.1  50.0 1556  16.7  -9.0  -9.0 -9.00  964.8 1011.2 1014.2    4 1008.2 1558  3.1  4.9 12.8 -9.0 -9.00 -9.00   -9   -9.0   -9.0 -9.00   -9.0   -9   -9.0   -9   -9.0   -9   -9.0   -9   -9.0   -9 -99.0 -99.0 -99.0 -99.0 -99.0
20260906 251  2.7  2334   5  4.8 1045  36  9.0 1038  23.3  30.2 1446  18.5  544  17.4  24.5  17.0  71.1  44.0 1447  19.9   5.6   3.9 -9.00 1003.9 1009.7 1012.1    1 1007.3 1545  1.5  8.8 12.8 -9.0 19.07  2.94 1100   -9.0   -9.0 -9.00   -9.0   -9   -9.0   -9   -9.0   -9   -9.0   -9   -9.0   -9 -99.0 -99.0 -99.0 -99.0 -99.0
20260906 252  1.0   847  36  3.0 1212   5  6.2 1150  23.1  30.1 1529  17.5  550  16.8  25.7  15.7  69.8  43.0 1506  19.2   5.7   4.0 -9.00 1005.4 1009.7 1011.9    1 1007.5 1606  2.0  8.5 12.8 -9.0 21.94  3.18 1100   -9.0   -9.0 -9.00   -9.0   -9   -9.0   -9   -9.0   -9   -9.0   -9   -9.0   -9 -99.0 -99.0 -99.0 -99.0 -99.0
20260906 253  1.3  1080  32  2.4 1950   9  7.7 1039  25.2  29.7 1313  22.7  533  18.1  27.9  19.3  65.1  48.0 1512  20.7   5.2   3.6 -9.00 1003.9 1010.1 1013.0    2 1008.6 1558  5.0  5.0 12.8 -9.0 17.00  2.31 1100    0.0   -9.0 -9.00    0.0   -9    0.0   -9   -9.0   -9   -9.0   -9   -9.0   -9 -99.0 -99.0 -99.0 -99.0 -99.0
20260906 254  1.8  1596   9  4.9 1252  11  9.6 1023  23.7  29.9 1515  18.3  617  15.1  26.4  15.9  60.4  40.0 1412  17.2   7.2   5.1 -9.00  995.4 1010.2 1012.7    1 1007.7 1539  2.4 11.6 12.8 -9.0 24.17  3.47 1200   -9.0   -9.0 -9.00   -9.0   -9   -9.0   -9   -9.0   -9   -9.0   -9   -9.0   -9 -99.0 -99.0 -99.0 -99.0 -99.0
20260906 255  3.2  2753  32  5.3 1437   9 12.9 1224  25.6  30.4 1411  22.7  639  17.2  24.8  20.5  60.9  44.0 1412  19.7   6.2   4.3 -9.00 1003.2 1009.0 1012.0    1 1007.1 1609  5.9  5.8 12.7 -9.0 15.91  2.33 1200   -9.0   -9.0 -9.00   -9.0   -9   -9.0   -9   -9.0   -9   -9.0   -9   -9.0   -9 -99.0 -99.0 -99.0 -99.0 -99.0
20260906 257  3.0  2552   7  4.9  937   5 11.9  927  25.6  29.4 1134  23.4  602  18.3  27.8  21.4  64.8  50.0 1308  21.0   5.8   4.0 -9.00 1008.6 1009.3 1012.0    1 1007.7 1554  5.8  3.8 12.8 -9.0 15.00  2.26 1100    0.0   -9.0 -9.00    0.0   -9    0.0   -9   -9.0   -9   -9.0   -9   -9.0   -9 -99.0 -99.0 -99.0 -99.0 -99.0
20260906 258  2.7  2309  11  7.3 1035  16 10.7 1128  23.6  31.1 1507  18.1  344  17.9  25.1  16.8  73.1  45.0 1446  20.6   7.1   5.0 -9.00 1009.3 1009.5 1012.3    2 1007.3 1558  2.4  9.4 12.7 -9.0 23.29  3.26 1100   -9.0   -9.0 -9.00   -9.0   -9   -9.0   -9   -9.0   -9   -9.0   -9   -9.0   -9 -99.0 -99.0 -99.0 -99.0 -99.0
20260906 259  1.4  1198   9  4.1 1155   9  8.8 1107  25.5  31.1 1506  18.9  617  17.7  28.3  16.6  63.5  45.0 1440  20.3   6.8   4.7 -9.00 1007.0 1008.8 1011.5   23 1006.6 1618  3.8  9.4 12.7 -9.0 23.35  3.20 1100   -9.0   -9.0 -9.00   -9.0   -9   -9.0   -9   -9.0   -9   -9.0   -9   -9.0   -9 -99.0 -99.0 -99.0 -99.0 -99.0
20260906 260  1.9  1680  14  5.3 1240  14  9.8 1417  24.1  30.0 1536  18.8  635  18.0  27.5  16.7  70.5  46.0 1529  20.7  -9.0  -9.0 -9.00 1003.8 1008.9 1011.6    1 1006.6 1614  2.6  8.8 12.7 -9.0 -9.00 -9.00   -9   -9.0   -9.0 -9.00   -9.0   -9   -9.0   -9   -9.0   -9   -9.0   -9   -9.0   -9 -99.0 -99.0 -99.0 -99.0 -99.0
20260906 261  2.0  1751   7  6.1    5   7  8.3    4  24.7  30.6 1439  18.1  614  19.0  28.0  16.5  71.8  50.0 1334  22.1  -9.0  -9.0 -9.00 1007.5 1009.3 1011.7    9 1007.2 1554  3.8  9.0 12.7 -9.0 -9.00 -9.00   -9   -9.0   -9.0 -9.00   -9.0   -9   -9.0   -9   -9.0   -9   -9.0   -9   -9.0   -9 -99.0 -99.0 -99.0 -99.0 -99.0
20260906 262  2.5  2171   5  5.2 1016   9 12.0 1216  25.7  30.7 1510  20.9  628  16.5  28.7  21.8  58.1  43.0 1511  18.8   7.8   5.4 -9.00 1003.0 1008.9 1011.6   12 1007.0 1539  3.5 10.2 12.7 -9.0 23.01  2.99 1300   -9.0   -9.0 -9.00   -9.0   -9   -9.0   -9   -9.0   -9   -9.0   -9   -9.0   -9 -99.0 -99.0 -99.0 -99.0 -99.0
20260906 263  2.8  2453   5  5.5 1545   5 11.6 1541  23.4  28.2 1408  20.1  614  16.8  27.2  16.9  67.1  52.0 1417  19.2   5.8   4.1 -9.00 1008.3 1009.9 1012.6    1 1008.1 1623  4.8  7.2 12.7 -9.0 18.79  2.52 1300   -9.0   -9.0 -9.00   -9.0   -9   -9.0   -9   -9.0   -9   -9.0   -9   -9.0   -9 -99.0 -99.0 -99.0 -99.0 -99.0
20260906 264  1.5  1268  11  4.2 1344   9  8.5 1235  22.2  28.2 1425  17.1  536  17.0  24.1  15.9  74.6  51.0 1431  19.4   4.7   3.3 -9.00  993.3 1010.8 1013.7    1 1008.4 1609  5.3  5.4 12.8 -9.0 16.22  2.20 1200   -9.0   -9.0 -9.00   -9.0   -9   -9.0   -9   -9.0   -9   -9.0   -9   -9.0   -9 -99.0 -99.0 -99.0 -99.0 -99.0
20260906 266  2.9  2513   7  4.1 1540  16 12.4  858  25.0  29.2 1556  22.4  319  16.2  28.5  20.1  58.4  45.0 1600  18.4   7.6   5.3 -9.00  999.6 1009.6 1012.3    1 1007.5 1605  3.0 10.5 12.8 -9.0 22.86  3.08 1200   -9.0   -9.0 -9.00   -9.0   -9   -9.0   -9   -9.0   -9   -9.0   -9   -9.0   -9 -99.0 -99.0 -99.0 -99.0 -99.0
20260906 268  2.3  2020   5  5.2  939   5  7.7  937  24.9  28.8 1300  19.3  439  17.8  26.3  17.9  65.6  49.0 1506  20.4  -9.0  -9.0 -9.00 1006.8 1007.9 1010.1   21 1006.0 1725  5.5  8.3 12.7 -9.0 -9.00 -9.00   -9   -9.0   -9.0 -9.00   -9.0   -9   -9.0   -9   -9.0   -9   -9.0   -9   -9.0   -9 -99.0 -99.0 -99.0 -99.0 -99.0
20260906 271  1.7  1463  11  4.1 1539  34  9.3  854  20.9  25.4 1435  17.3  135  14.4  23.5  14.4  66.9  49.0 1344  16.4  -9.0  -9.0 -9.00  975.7 1012.8 1015.3   57 1011.2 1524  4.9  5.0 12.8 -9.0 -9.00 -9.00   -9    0.1   -9.0 -9.00    0.1   -9    0.1   -9   -9.0   -9   -9.0   -9   -9.0   -9 -99.0 -99.0 -99.0 -99.0 -99.0
20260906 272  1.8  1598   7  4.8 1548   7  8.1 1544  20.9  27.1 1501  15.2  114  16.0  26.7  13.1  76.5  42.0 1431  18.2  -9.0  -9.0 -9.00  988.1 1012.4 1015.4   49 1010.4 1535  5.4  4.7 12.8 -9.0 -9.00 -9.00   -9   -9.0   -9.0 -9.00   -9.0   -9   -9.0   -9   -9.0   -9   -9.0   -9   -9.0   -9 -99.0 -99.0 -99.0 -99.0 -99.0
20260906 273  1.8  1558  11  4.9 1547  11  8.3 1223  21.6  27.9 1357  15.5  225  16.1  25.0  13.4  73.1  48.0 1457  18.3  -9.0  -9.0 -9.00  991.7 1011.6 1014.4   35 1009.3 1607  4.4  8.3 12.8 -9.0 -9.00 -9.00   -9    0.7   -9.0 -9.00    0.7  524    0.3  556   -9.0   -9   -9.0   -9   -9.0   -9 -99.0 -99.0 -99.0 -99.0 -99.0
20260906 276  2.7  2319   9  5.2 1013  11 10.1 1520  22.6  26.9 1219  18.0 2344  17.0  24.6  15.8  72.0  47.0 1536  19.4   6.2   4.3 -9.00  987.6 1011.5 1014.2    1 1010.0 1635  6.8  6.7 12.8 -9.0 20.01  3.12 1200    0.0   -9.0 -9.00    0.0   -9    0.0   -9   -9.0   -9   -9.0   -9   -9.0   -9 -99.0 -99.0 -99.0 -99.0 -99.0
20260906 277  6.1  5238   5  9.1 1109   5 15.0 1848  23.2  26.1 1313  19.8  427  17.8  27.5  19.4  73.1  58.0 1637  20.4  -9.0  -9.0 -9.00 1007.6 1012.3 1014.4    2 1010.5 2330  6.4 10.2 12.8 -9.0 -9.00 -9.00   -9    2.4   -9.0 -9.00    1.7  235    0.7  309   -9.0   -9   -9.0   -9   -9.0   -9 -99.0 -99.0 -99.0 -99.0 -99.0
20260906 278  1.7  1496   7  4.9 1718   5 10.1 1423  22.7  28.7 1322  17.2  311  16.0  26.0  14.8  69.8  39.0 1424  18.3  -9.0  -9.0 -9.00 1001.5 1010.9 1013.5    1 1009.1 1528  3.9  7.9 12.8 -9.0 -9.00 -9.00   -9   -9.0   -9.0 -9.00   -9.0   -9   -9.0   -9   -9.0   -9   -9.0   -9   -9.0   -9 -99.0 -99.0 -99.0 -99.0 -99.0
20260906 279  1.5  1325  11  4.0 1418  11  8.6 1458  23.7  30.0 1559  18.1  347  15.3  27.4  15.2  62.5  36.0 1535  17.5   6.1   4.3 -9.00 1005.7 1011.3 1014.2    5 1009.0 1612  4.6  7.5 12.8 -9.0 18.99  2.63 1400   -9.0   -9.0 -9.00   -9.0   -9   -9.0   -9   -9.0   -9   -9.0   -9   -9.0   -9 -99.0 -99.0 -99.0 -99.0 -99.0
20260906 281  2.7  2351   7  6.2 1038   9 11.6 1031  23.8  27.3 1419  20.9  552  16.4  27.0  19.1  64.4  45.0 1351  18.7  -9.0  -9.0 -9.00 1000.5 1011.5 1014.0   10 1010.2 1543  6.1  6.8 12.8 -9.0 -9.00 -9.00   -9    0.1   -9.0 -9.00    0.1   -9    0.1   -9   -9.0   -9   -9.0   -9   -9.0   -9 -99.0 -99.0 -99.0 -99.0 -99.0
20260906 283  4.7  4049   5  8.0 1439   5 14.1 1447  24.1  27.6 1319  20.6  612  17.6  25.9  18.7  67.4  52.0 1341  20.1   6.8   4.8 -9.00 1006.5 1011.2 1013.7    1 1009.6 2324  6.9  5.6 12.8 -9.0 18.26  3.27 1300    0.0   -9.0 -9.00    0.0   -9    0.0   -9   -9.0   -9   -9.0   -9   -9.0   -9 -99.0 -99.0 -99.0 -99.0 -99.0
20260906 284  2.2  1897   7  4.6 1054   5  8.2 1005  21.9  27.9 1451  16.5  253  16.6  25.0  14.2  73.5  54.0 1457  19.0   5.0   3.5 -9.00  984.8 1010.9 1014.1   37 1008.3 1636  5.4  5.9 12.8 -9.0 17.53  2.24  900   -9.0   -9.0 -9.00   -9.0   -9   -9.0   -9   -9.0   -9   -9.0   -9   -9.0   -9 -99.0 -99.0 -99.0 -99.0 -99.0
20260906 285  1.7  1427   5  4.6 1255   9  9.8 1148  23.7  29.1 1357  18.8  436  17.0  28.3  16.9  68.1  47.0 1212  19.4  -9.0  -9.0 -9.00 1007.6 1010.7 1013.4    1 1008.6 1607  4.1  7.8 12.8 -9.0 -9.00 -9.00   -9   -9.0   -9.0 -9.00   -9.0   -9   -9.0   -9   -9.0   -9   -9.0   -9   -9.0   -9 -99.0 -99.0 -99.0 -99.0 -99.0
20260906 288  2.8  2404   5  5.2 1439   2 10.0 1802  25.5  29.3 1313  23.0  527  16.8  28.0  21.5  59.5  42.0 1305  19.1   6.1   4.3 -9.00 1007.4 1008.4 1011.1    1 1006.8 1555  5.1  5.0 12.8 -9.0 15.73  2.28 1300   -9.0   -9.0 -9.00   -9.0   -9   -9.0   -9   -9.0   -9   -9.0   -9   -9.0   -9 -99.0 -99.0 -99.0 -99.0 -99.0
20260906 289  1.2  1067   5  4.3 1525   7  8.9 1046  22.5  28.4 1440  17.8  508  17.0  25.7  17.0  73.1  48.0 1441  19.3  -9.0  -9.0 -9.00  995.5 1011.4 1014.4   27 1009.0 1607  5.1  4.0 12.8 -9.0 -9.00 -9.00   -9   -9.0   -9.0 -9.00   -9.0   -9   -9.0   -9   -9.0   -9   -9.0   -9   -9.0   -9 -99.0 -99.0 -99.0 -99.0 -99.0
20260906 294  1.6  1385   9  3.6 1054   7  9.7 1046  25.1  28.6 1431  22.8  508  17.3  29.5  19.9  62.5  49.0 1433  19.8  -9.0  -9.0 -9.00 1004.6 1009.7 1012.6    1 1008.2 1644  7.0  4.7 12.7 -9.0 -9.00 -9.00   -9    0.0   -9.0 -9.00    0.0   -9    0.0   -9   -9.0   -9   -9.0   -9   -9.0   -9 -99.0 -99.0 -99.0 -99.0 -99.0
20260906 295  2.6  2261   2  3.9 1150   2  8.0 1100  24.8  29.2 1429  21.9  242  16.8  28.5  19.5  62.3  46.0 1614  19.2  -9.0  -9.0 -9.00 1004.4 1009.7 1012.4    1 1007.4 1549  3.8  8.9 12.8 -9.0 -9.00 -9.00   -9   -9.0   -9.0 -9.00   -9.0   -9   -9.0   -9   -9.0   -9   -9.0   -9   -9.0   -9 -99.0 -99.0 -99.0 -99.0 -99.0
20260906 296  4.6  3939   5  7.3 1515   5 12.6 1058  25.6  28.9 1301  24.1  242  18.7  24.7  21.5  66.4  50.0 1304  21.5   7.2   5.0 -9.00 1008.1 1008.4 1011.3    1 1007.0 1542  5.9  5.0 12.7 -9.0 17.14  2.57 1200    0.0   -9.0  1.37    0.0   -9    0.0   -9   -9.0   -9   -9.0   -9   -9.0   -9 -99.0 -99.0 -99.0 -99.0 -99.0
20260907  90  2.4  2115  36  4.9 1135   5  6.9 1041  21.5  25.3 1359  17.7 2334  16.9  26.5  17.5  76.0  57.0 1400  19.2   6.0   4.2 -9.00 1008.7 1010.8 1013.2    1 1009.4 1604  1.9  8.2 12.8 -9.0 21.65  3.20 1200    0.7   -9.0 -9.00    0.7  117    0.7  125   -9.0   -9   -9.0   -9   -9.0   -9 -99.0 -99.0 -99.0 -99.0 -99.0
20260907  93  1.1   925   9  3.4 1352   9  6.0 1350  20.9  28.8 1544  14.0  607  14.6  25.4  11.6  71.8  35.0 1656  16.6   6.0   4.2 -9.00  998.9 1010.0 1012.8    1 1007.0 1605  0.8 10.8 12.8 -9.0 21.70  3.15 1300   -9.0   -9.0 -9.00   -9.0   -9   -9.0   -9   -9.0   -9   -9.0   -9   -9.0   -9  24.8  25.8  25.5  23.0  19.7
20260907  95  1.7  1467  11  4.1  922  11  6.4 1422  21.2  28.6 1552  14.5  602  15.0  24.5  14.8  71.5  41.0 1704  17.0   6.3   4.4 -9.00  992.2 1010.1 1013.5    1 1007.1 1603  1.3 11.9 12.8 -9.0 23.26  2.93 1200   -9.0   -9.0 -9.00   -9.0   -9   -9.0   -9   -9.0   -9   -9.0   -9   -9.0   -9 -99.0 -99.0 -99.0 -99.0 -99.0
20260907  98  0.8   650   9  1.9 1050   5  4.2 1049  21.8  28.8 1512  15.3  612  14.1  27.9  14.5  64.0  38.0 1432  16.1   6.2   4.3 -9.00  996.0 1009.3 1012.5    8 1006.4 1617  0.1 10.7 12.8 -9.0 23.43  3.40 1200   -9.0   -9.0 -9.00   -9.0   -9   -9.0   -9   -9.0   -9   -9.0   -9   -9.0   -9 -99.0 -99.0 -99.0 -99.0 -99.0
20260907  99  1.8  1586   9  3.5  329   9  5.7  739  21.2  27.9 1539  15.7  603  15.7  24.6  15.2  73.0  47.0 1500  17.8   6.1   4.3 -9.00 1006.5 1010.1 1013.1    1 1007.6 1605  0.1 11.3 12.8 -9.0 23.59  3.18 1200   -9.0   -9.0 -9.00   -9.0   -9   -9.0   -9   -9.0   -9   -9.0   -9   -9.0   -9 -99.0 -99.0 -99.0 -99.0 -99.0
20260907 100  2.3  1985   7  4.1  919   7  7.1  910  15.6  20.5 1519  10.1 2335  13.7  19.6   8.3  89.4  65.0 1521  15.8   3.7   2.6 -9.00  923.7 1010.9 1012.7    1 1008.4 1442  7.6  6.2 12.8 -9.0 16.36  2.79 1300   -9.0   -9.0 -9.00   -9.0   -9   -9.0   -9   -9.0   -9   -9.0   -9   -9.0   -9 -99.0 -99.0 -99.0 -99.0 -99.0
20260907 101  1.2  1011   2  3.9 1201   7  6.2 1400  21.0  29.0 1531  13.7  553  14.5  24.1  11.7  70.1  36.0 1701  16.5   6.5   4.5 -9.00 1000.0 1008.7 1011.7    1 1005.7 1603  0.8 10.9 12.8 -9.0 22.96  3.21 1200   -9.0   -9.0 -9.00   -9.0   -9   -9.0   -9   -9.0   -9   -9.0   -9   -9.0   -9  25.8  25.5  24.6  20.3  16.8
20260907 102  3.6  3144  34  7.6 1600  36 10.5 1547  22.1  24.9 1217  20.1  528  16.2  25.4  17.1  70.5  51.0 1159  18.5   6.7   4.7 -9.00 1005.3 1009.4 1011.5    1 1007.7 1602  0.6 12.2 12.8 -9.0 24.98  3.28 1200   -9.0   -9.0 -9.00   -9.0   -9   -9.0   -9   -9.0   -9   -9.0   -9   -9.0   -9 -99.0 -99.0 -99.0 -99.0 -99.0
20260907 104  1.9  1642  14  4.5 1233  20  7.8 1226  21.2  25.7 1119  17.6  403  18.0  22.1  15.7  82.9  70.0 1001  20.7   4.8   3.4 -9.00 1001.1 1009.8 1012.1    3 1008.5 1600  2.5  7.1 12.8 -9.0 19.43  2.93 1000    0.0   -9.0  0.42    0.0   -9    0.0   -9   -9.0   -9   -9.0   -9   -9.0   -9  25.1  24.8  24.2  20.6  16.6
20260907 105  2.0  1703  29  4.5 1250  34  8.8 1324  21.2  25.1 1237  18.3  355  16.6  23.9  17.5  76.1  59.0 1045  18.9   4.8   3.4 -9.00 1007.4 1010.6 1012.8    1 1009.3 1602  3.5  6.2 12.8 -9.0 17.24  2.61 1200   -9.0   -9.0 -9.00   -9.0   -9   -9.0   -9   -9.0   -9   -9.0   -9   -9.0   -9  25.5  25.1  25.0  20.7  17.4
20260907 106  2.9  2526  36  6.2 1415   5 10.3 1413  21.7  25.7 1227  18.1 2400  16.9  24.2  15.9  74.9  57.0 1243  19.3   4.9   3.4 -9.00 1005.8 1010.4 1012.5    1 1009.2 1435  2.5  6.8 12.8 -9.0 18.54  3.14 1200    0.1   -9.0 -9.00    0.1   -9    0.1   -9   -9.0   -9   -9.0   -9   -9.0   -9 -99.0 -99.0 -99.0 -99.0 -99.0
20260907 108  2.1  1784   2  4.3 1134   7  7.1 1205  24.0  29.6 1608  18.4  617  14.0  25.0  13.9  54.9  38.0 1536  16.0   7.7   5.4 -9.00  999.2 1009.0 1012.0    1 1006.5 1600  0.3 12.1 12.8 -9.0 24.90  3.24 1200   -9.0   -9.0 -9.00   -9.0   -9   -9.0   -9   -9.0   -9   -9.0   -9   -9.0   -9  25.8  25.5  25.4  21.6  17.0
20260907 112  2.4  2052   9  4.0 1039   7  7.1  951  24.4  29.0 1549  19.5  615  15.9  27.9  14.8  60.5  41.0 1506  18.1   7.3   5.1 -9.00 1000.9 1008.8 1011.7    1 1006.5 1555  0.0 10.9 12.8 -9.0 23.71  3.17 1200   -9.0   -9.0 -9.00   -9.0   -9   -9.0   -9   -9.0   -9   -9.0   -9   -9.0   -9  25.2  25.1  24.1  21.1  16.8
20260907 114  1.4  1242   5  3.3 2136   2  6.0 1411  22.6  29.5 1504  16.2  601  14.6  26.8  13.0  63.8  37.0 1500  16.6   6.8   4.7 -9.00  991.5 1008.6 1011.6    3 1005.7 1603  0.1 11.6 12.8 -9.0 24.29  3.24 1200   -9.0   -9.0 -9.00   -9.0   -9   -9.0   -9   -9.0   -9   -9.0   -9   -9.0   -9 -99.0 -99.0 -99.0 -99.0 -99.0
20260907 115  6.4  5506   5  9.6 1326   5 15.6  658  22.5  24.5 1128  20.8  552  18.4  25.6  16.8  78.4  69.0 1020  21.2   5.6   3.9 -9.00  983.0 1008.2 1009.9    1 1006.8 1535  3.5  8.4 12.8 -9.0 21.37  3.05 1200   -9.0   -9.0 -9.00   -9.0   -9   -9.0   -9   -9.0   -9   -9.0   -9   -9.0   -9  24.5  23.8  22.8  16.7 -99.0
20260907 119  1.6  1421  11  4.2 1030   9  6.8 1027  23.4  28.5 1535  18.1  634  14.6  27.5  15.0  59.9  40.0 1454  16.7   6.7   4.7 -9.00 1003.9 1008.5 1011.3    1 1006.2 1601  0.0 11.8 12.8 -9.0 23.56  3.07 1100   -9.0   -9.0 -9.00   -9.0   -9   -9.0   -9   -9.0   -9   -9.0   -9   -9.0   -9  25.4  25.2  24.4  20.6  17.1
20260907 121  2.0  1705   7  4.8 1057   9 10.3  919  20.8  29.0 1330  13.9  612  14.2  24.5  16.0  69.4  40.0 1338  16.2   6.9   4.9 -9.00  982.0 1009.6 1012.3   26 1006.7 1445  0.4 11.0 12.8 -9.0 23.95  3.25 1200   -9.0   -9.0 -9.00   -9.0   -9   -9.0   -9   -9.0   -9   -9.0   -9   -9.0   -9 -99.0 -99.0 -99.0 -99.0 -99.0
20260907 127  1.3  1088   9  2.9 2033  34  6.7 1459  22.1  29.0 1502  14.3  546  14.7  25.7  14.7  65.9  37.0 1627  16.8   6.8   4.8 -9.00  994.8 1008.0 1011.0   10 1005.4 1623  0.3 11.3 12.8 -9.0 24.29  3.26 1200   -9.0   -9.0 -9.00   -9.0   -9   -9.0   -9   -9.0   -9   -9.0   -9   -9.0   -9 -99.0 -99.0 -99.0 -99.0 -99.0
20260907 129 -9.0    -9  32  4.0 1540   7  6.5  855  22.7  28.7 1520  17.5  612  15.6  25.5  13.3  67.1  38.0 1529  17.8   3.3   2.3 -9.00 1005.9 1008.8 1011.2    3 1006.8 1559  0.0 11.9 12.8 -9.0 24.34  3.26 1200   -9.0   -9.0 -9.00   -9.0   -9   -9.0   -9   -9.0   -9   -9.0   -9   -9.0   -9  25.1  25.2  24.5  20.7  17.4
20260907 130  2.3  2019  11  4.6 1000  18 10.3 1348  22.5  26.0 1150  19.2 2334  17.5  26.0  16.8  74.1  58.0 1151  19.9  -9.0  -9.0 -9.00 1004.2 1009.8 1011.6    1 1008.4 1447  2.4 11.6 12.8 -9.0 -9.00 -9.00   -9   -9.0   -9.0 -9.00   -9.0   -9   -9.0   -9   -9.0   -9   -9.0   -9   -9.0   -9 -99.0 -99.0 -99.0 -99.0 -99.0
20260907 131  2.0  1752   7  4.0 1421   5  6.7 1153  24.3  29.5 1514  18.8  550  15.0  25.3  17.3  58.3  38.0 1420  17.1   7.5   5.2 -9.00 1001.4 1008.1 1011.0    1 1005.8 1633  0.4 11.6 12.7 -9.0 24.92  3.34 1200   -9.0   -9.0 -9.00   -9.0   -9   -9.0   -9   -9.0   -9   -9.0   -9   -9.0   -9 -99.0 -99.0 -99.0 -99.0 -99.0
20260907 133  1.5  1293  14  3.6    1  14  9.3 1245  23.2  29.4 1518  17.3  546  16.3  25.3  14.8  67.1  42.0 1435  18.5   6.4   4.5 -9.00 1000.7 1008.4 1010.9   18 1006.3 1612  0.3 11.6 12.7 -9.0 23.85  3.25 1200   -9.0   -9.0 -9.00   -9.0   -9   -9.0   -9   -9.0   -9   -9.0   -9   -9.0   -9  27.2  27.3  26.7  23.7  19.2
20260907 135  1.2  1059  11  4.3 1050  11  6.4 1158  20.4  27.0 1530  14.2  553  14.6  24.0  12.5  71.6  50.0 1519  16.7   6.1   4.3 -9.00  980.3 1008.4 1011.3    1 1005.9 1557  1.0 10.9 12.7 -9.0 24.04  3.29 1200   -9.0   -9.0 -9.00   -9.0   -9   -9.0   -9   -9.0   -9   -9.0   -9   -9.0   -9 -99.0 -99.0 -99.0 -99.0 -99.0
20260907 136  1.5  1307  14  4.4 1859  14  7.3 1857  22.4  29.4 1544  14.8  620  14.6  28.3  13.3  64.1  37.0 1606  16.7   6.7   4.7 -9.00  993.2 1009.4 1012.2    5 1006.8 1524  0.8 11.2 12.7 -9.0 23.55  3.13 1300   -9.0   -9.0 -9.00   -9.0   -9   -9.0   -9   -9.0   -9   -9.0   -9   -9.0   -9 -99.0 -99.0 -99.0 -99.0 -99.0
20260907 137  0.6   505   5  2.2 1338  36  4.4 1330  21.9  28.7 1600  15.1  548  16.3  27.7  13.0  72.4  47.0 1423  18.6   6.0   4.2 -9.00  996.7 1007.8 1010.4    1 1005.3 1731  0.3 12.0 12.7 -9.0 24.31  3.23 1200   -9.0   -9.0 -9.00   -9.0   -9   -9.0   -9   -9.0   -9   -9.0   -9   -9.0   -9 -99.0 -99.0 -99.0 -99.0 -99.0
20260907 138  4.5  3899   5  7.1 1230   2 12.6 1307  23.6  26.0 1347  21.6 2246  16.0  26.8  19.9  63.0  50.0 1306  18.2   7.1   4.9 -9.00 1007.5 1008.0 1009.2   11 1006.9 1450  3.8  9.4 12.7 -9.0 21.50  3.09 1300    0.0   -9.0  0.58    0.0   -9    0.0   -9   -9.0   -9   -9.0   -9   -9.0   -9  25.3  24.0  23.1  19.9  17.4
20260907 140  1.8  1592  32  3.6  742  16  6.9  825  23.7  29.0 1529  19.0  536  17.3  27.5  15.1  68.5  51.0 1435  19.8  -9.0  -9.0 -9.00 1005.4 1008.5 1010.9    1 1006.8 1606  0.1 11.4 12.7 -9.0 -9.00 -9.00   -9   -9.0   -9.0 -9.00   -9.0   -9   -9.0   -9   -9.0   -9   -9.0   -9   -9.0   -9 -99.0 -99.0 -99.0 -99.0 -99.0
20260907 143  2.0  1766  11  5.4 1856  14  7.8 1847  23.6  29.1 1439  19.6  615  15.0  27.7  16.8  60.0  38.0 1536  17.1   6.3   4.4 -9.00 1002.1 1008.4 1010.4    1 1005.9 1529  2.1 10.2 12.7 -9.0 20.57  3.06 1300   -9.0   -9.0 -9.00   -9.0   -9   -9.0   -9   -9.0   -9   -9.0   -9   -9.0   -9 -99.0 -99.0 -99.0 -99.0 -99.0
20260907 146  1.7  1455  34  4.3 1816  34  6.7 1807  24.3  30.6 1433  18.4  537  15.3  25.5  13.9  59.0  37.0 1414  17.4   7.4   5.2 -9.00 1000.5 1007.4 1010.0    1 1005.2 1658  0.4 11.7 12.7 -9.0 24.09  3.21 1200   -9.0   -9.0 -9.00   -9.0   -9   -9.0   -9   -9.0   -9   -9.0   -9   -9.0   -9 -99.0 -99.0 -99.0 -99.0 -99.0
20260907 152  3.6  3118   5  6.2 1626   2 13.8  955  23.0  26.4 1153  19.8 2400  15.6  26.0  18.6  64.4  44.0 1422  17.8   6.4   4.5 -9.00  997.9 1007.2 1008.5 2126 1006.1 1449  4.3  6.7 12.7 -9.0 17.87  2.91 1100    0.0   -9.0  2.08    0.0   -9    0.0   -9   -9.0   -9   -9.0   -9   -9.0   -9 -99.0 -99.0 -99.0 -99.0 -99.0
20260907 155  2.1  1842   5  4.5 1333   9  8.6 1344  25.0  29.0 1446  21.2 2330  15.9  26.3  17.0  58.0  43.0 1814  18.2   6.1   4.2 -9.00 1003.1 1007.1 1008.8 2201 1005.5 1601  2.8  9.1 12.7 -9.0 19.27  2.52 1000   -9.0   -9.0 -9.00   -9.0   -9   -9.0   -9   -9.0   -9   -9.0   -9   -9.0   -9 -99.0 -99.0 -99.0 -99.0 -99.0
20260907 156  1.7  1437   5  3.4  120   2  5.8  227  25.1  31.1 1354  19.1  607  17.4  30.8  14.9  63.8  41.0 1327  20.0   6.7   4.7 -9.00  998.9 1006.9 1009.0    1 1004.9 1642  0.8  9.6 12.7 -9.0 25.24  3.09 1100   -9.0   -9.0 -9.00   -9.0   -9   -9.0   -9   -9.0   -9   -9.0   -9   -9.0   -9 -99.0 -99.0 -99.0 -99.0 -99.0
20260907 159  3.5  3044   7  5.2  456   7 11.2  957  25.4  29.8 1414  22.2 2318  16.3  28.2  18.6  57.9  41.0 1641  18.6   7.5   5.3 -9.00  998.3 1006.2 1007.9 2133 1005.0 1600  3.1 10.0 12.7 -9.0 21.45  3.18 1200   -9.0   -9.0 -9.00   -9.0   -9   -9.0   -9   -9.0   -9   -9.0   -9   -9.0   -9  27.3  27.3  26.4  21.3  19.4
20260907 162  3.0  2612   5  5.9 1123   2  9.2 1209  24.8  29.8 1616  21.8  552  15.9  26.7  17.9  58.5  43.0 1629  18.1   6.9   4.8 -9.00 1002.4 1005.9 1007.7 2201 1004.2 1607  2.8 10.6 12.7 -9.0 22.77  3.23 1200   -9.0   -9.0 -9.00   -9.0   -9   -9.0   -9   -9.0   -9   -9.0   -9   -9.0   -9 -99.0 -99.0 -99.0 -99.0 -99.0
20260907 165  2.6  2269  32  5.6 2014  27  7.8 2004  24.6  28.7 1436  20.4  629  17.1  31.3  14.8  64.3  44.0 1617  19.6   7.0   4.9 -9.00 1002.3 1007.4 1008.9    1 1006.0 1707  0.0 12.0 12.7 -9.0 24.75  3.29 1200   -9.0   -9.0 -9.00   -9.0   -9   -9.0   -9   -9.0   -9   -9.0   -9   -9.0   -9  27.2  26.2  25.7  22.4  18.9
20260907 168  5.2  4478   5 11.1  206   5 17.3  237  25.4  28.5 1527  23.0  500  16.6  27.4  21.9  58.9  50.0 1455  19.0   7.7   5.4 -9.00  999.5 1007.0 1008.4    3 1005.6 1613  3.8  8.7 12.7 -9.0 22.22  3.26 1200   -9.0   -9.0 -9.00   -9.0   -9   -9.0   -9   -9.0   -9   -9.0   -9   -9.0   -9  27.6  27.5  26.2  21.7  17.8
20260907 169  6.4  5544  36  9.6 1717  36 12.0 1713  24.8  28.2 1231  22.3  607  18.5  28.3  19.7  68.6  58.0 1043  21.3   8.2   5.7 -9.00  999.1 1007.7 1008.8    1 1006.6 1711  0.8 12.0 12.7 -9.0 25.01  3.34 1200   -9.0   -9.0 -9.00   -9.0   -9   -9.0   -9   -9.0   -9   -9.0   -9   -9.0   -9 -99.0 -99.0 -99.0 -99.0 -99.0
20260907 170  1.5  1330  25  3.6 1643  14  6.0 1501  25.5  31.4 1342  21.7  645  18.2  29.5  19.1  65.4  45.0 1350  20.9   6.3   4.4 -9.00 1003.3 1007.3 1008.8    1 1005.9 1542  3.6  8.8 12.7 -9.0 21.52  3.37 1200   -9.0   -9.0 -9.00   -9.0   -9   -9.0   -9   -9.0   -9   -9.0   -9   -9.0   -9 -99.0 -99.0 -99.0 -99.0 -99.0
20260907 172  2.0  1736  27  5.0 1508   5  6.8  907  22.9  29.8 1408  17.0  602  18.5  26.7  15.2  78.6  43.0 1318  21.4   6.3   4.4 -9.00 1001.3 1007.3 1009.2    1 1005.6 1626  0.5 12.1 12.7 -9.0 24.41  3.25 1200   -9.0   -9.0 -9.00   -9.0   -9   -9.0   -9   -9.0   -9   -9.0   -9   -9.0   -9 -99.0 -99.0 -99.0 -99.0 -99.0
20260907 174  0.8   716  27  3.6 1307  25  5.4 1304  22.0  29.7 1424  14.7  605  16.9  29.0  14.2  76.1  44.0 1255  19.3  -9.0  -9.0 -9.00  986.8 1005.6 1008.0   20 1003.3 1656  3.0  8.7 12.7 -9.0 -9.00 -9.00   -9   -9.0   -9.0 -9.00   -9.0   -9   -9.0   -9   -9.0   -9   -9.0   -9   -9.0   -9 -99.0 -99.0 -99.0 -99.0 -99.0
20260907 177  2.1  1782   7  4.9 1543  36  7.0 1535  23.1  28.9 1454  18.9  556  16.6  27.7  16.5  68.9  45.0 1615  18.9   6.5   4.5 -9.00 1004.1 1007.3 1009.8   13 1005.1 1607  0.0 12.1 12.7 -9.0 24.20  3.21 1200   -9.0   -9.0 -9.00   -9.0   -9   -9.0   -9   -9.0   -9   -9.0   -9   -9.0   -9 -99.0 -99.0 -99.0 -99.0 -99.0
20260907 181  1.8  1555   2  4.5 1256   2  6.8  958  20.9  27.5 1542  14.7  604  15.5  25.0  13.8  74.3  44.0 1458  17.6   6.3   4.4 -9.00 1004.8 1008.7 1011.5   14 1006.5 1629  0.6 11.8 12.7 -9.0 24.72  3.30 1200   -9.0   -9.0 -9.00   -9.0   -9   -9.0   -9   -9.0   -9   -9.0   -9   -9.0   -9 -99.0 -99.0 -99.0 -99.0 -99.0
20260907 184  2.5  2141   5  5.1 1503   9  8.3   16  25.4  29.1 1410  23.1  316  18.6  29.1  20.9  66.3  55.0 1411  21.4   4.2   3.0 -9.00 1004.3 1006.7 1007.7   14 1005.6 1555  5.1  5.3 12.7 -9.0 11.00  2.54 1400    0.3    0.0  4.87    0.3  139    0.2   -9   -9.0   -9   -9.0   -9   -9.0   -9  29.1  28.5  28.2  24.7  20.1
20260907 185  5.2  4509  34  9.7 1519   2 13.2 1140  24.8  27.2 1027  22.6 2248  18.6  29.0  19.2  68.9  60.0 1030  21.5   6.5   4.6 -9.00  998.2 1006.3 1008.1 2231 1005.2 1559  5.9  6.1 12.7 -9.0 18.95  2.76 1400   -9.0   -9.0 -9.00   -9.0   -9   -9.0   -9   -9.0   -9   -9.0   -9   -9.0   -9 -99.0 -99.0 -99.0 -99.0 -99.0
20260907 188  3.4  2942   2  5.6 1011   5  9.6  944  25.1  27.5 1508  22.8  652  19.3  26.2  22.6  70.6  62.0 1444  22.4  -9.0  -9.0 -9.00 1004.8 1007.1 1008.4 2200 1006.1 1601  6.4  4.3 12.7 -9.0 -9.00 -9.00   -9    0.4   -9.0 -9.00    0.4   -9    0.4 2141   -9.0   -9   -9.0   -9   -9.0   -9 -99.0 -99.0 -99.0 -99.0 -99.0
20260907 189  3.0  2626   7  6.7 1231  11 11.4 1345  26.4  30.1 1405  23.9 2221  18.9  29.8  22.4  63.9  54.0 1254  21.9   6.0   4.2 -9.00 1000.7 1006.5 1008.1 2316 1005.3 1546  6.4  5.4 12.7 -9.0 17.95  3.01 1200   -9.0   -9.0 -9.00   -9.0   -9   -9.0   -9   -9.0   -9   -9.0   -9   -9.0   -9 -99.0 -99.0 -99.0 -99.0 -99.0
20260907 192  1.2  1001   2  3.1  828  34  6.9  941  22.5  29.2 1448  17.7  635  15.5  28.2  17.3  66.4  43.0 1543  17.6   6.0   4.2 -9.00 1004.1 1007.4 1009.4   16 1005.5 1614  3.3 10.3 12.7 -9.0 23.60  3.16 1200   -9.0   -9.0 -9.00   -9.0   -9   -9.0   -9   -9.0   -9   -9.0   -9   -9.0   -9 -99.0 -99.0 -99.0 -99.0 -99.0
20260907 201  2.0  1729   7  3.7  918   5  7.6  948  22.3  27.6 1434  18.2 2344  15.3  25.8  13.7  65.8  45.0 1539  17.4  -9.0  -9.0 -9.00 1004.5 1010.0 1012.8    1 1008.0 1605  0.1 11.7 12.8 -9.0 -9.00 -9.00   -9   -9.0   -9.0 -9.00   -9.0   -9   -9.0   -9   -9.0   -9   -9.0   -9   -9.0   -9 -99.0 -99.0 -99.0 -99.0 -99.0
20260907 202  1.1   927   7  3.3 1049   9  6.2 1043  22.6  29.0 1421  16.9  611  15.3  28.0  13.6  66.9  39.0 1425  17.5  -9.0  -9.0 -9.00 1003.9 1009.4 1012.0   14 1006.9 1604  0.0 11.2 12.8 -9.0 -9.00 -9.00   -9   -9.0   -9.0 -9.00   -9.0   -9   -9.0   -9   -9.0   -9   -9.0   -9   -9.0   -9 -99.0 -99.0 -99.0 -99.0 -99.0
20260907 203  0.8   657   7  2.3 1407   2  5.2 1205  22.4  29.0 1509  16.1  630  16.3  26.3  17.2  70.5  45.0 1359  18.5  -9.0  -9.0 -9.00 1000.4 1009.6 1012.2    1 1007.1 1606  0.3 10.2 12.8 -9.0 -9.00 -9.00   -9   -9.0   -9.0 -9.00   -9.0   -9   -9.0   -9   -9.0   -9   -9.0   -9   -9.0   -9 -99.0 -99.0 -99.0 -99.0 -99.0
20260907 211  1.8  1530   5  4.0 1209   5  7.9 1200  20.2  27.0 1452  15.2  556  14.5  25.9  10.7  72.5  41.0 1453  16.6  -9.0  -9.0 -9.00  986.6 1009.9 1012.4    1 1007.2 1558  1.6  7.8 12.8 -9.0 -9.00 -9.00   -9   -9.0   -9.0 -9.00   -9.0   -9   -9.0   -9   -9.0   -9   -9.0   -9   -9.0   -9 -99.0 -99.0 -99.0 -99.0 -99.0
20260907 212  1.1   978   7  3.3 1211  14  6.6 1154  21.3  28.9 1454  15.3  556  14.0  26.8  13.1  68.0  32.0 1648  16.0  -9.0  -9.0 -9.00  993.8 1010.0 1012.7    1 1007.1 1656  0.9 10.1 12.8 -9.0 -9.00 -9.00   -9   -9.0   -9.0 -9.00   -9.0   -9   -9.0   -9   -9.0   -9   -9.0   -9   -9.0   -9 -99.0 -99.0 -99.0 -99.0 -99.0
20260907 216  2.4  2110   5  4.6 1242  11  9.6 1102  17.3  22.5 1349  13.3 2351  13.5  21.2  14.2  78.9  60.0 1248  15.5   4.5   3.2 -9.00  930.0 1010.3 1012.6    3 1007.7 1447  6.4  6.5 12.8 -9.0 18.93  3.03 1000   -9.0   -9.0 -9.00   -9.0   -9   -9.0   -9   -9.0   -9   -9.0   -9   -9.0   -9 -99.0 -99.0 -99.0 -99.0 -99.0
20260907 217  1.6  1362   2  3.9 1426   5  7.5 1418  20.0  26.7 1523  14.9 2346  14.1  25.6  12.2  71.3  45.0 1434  16.1  -9.0  -9.0 -9.00  974.2 1009.9 1012.1    1 1007.0 1443  1.6  8.6 12.8 -9.0 -9.00 -9.00   -9   -9.0   -9.0 -9.00   -9.0   -9   -9.0   -9   -9.0   -9   -9.0   -9   -9.0   -9 -99.0 -99.0 -99.0 -99.0 -99.0
20260907 221  1.4  1235   5  3.6 1039   2  6.9  942  19.6  27.1 1535  12.0  542  14.0  24.7  10.6  73.8  45.0 1407  16.0  -9.0  -9.0 -9.00  978.9 1009.2 1012.2    1 1006.3 1623  0.4 11.7 12.8 -9.0 -9.00 -9.00   -9   -9.0   -9.0 -9.00   -9.0   -9   -9.0   -9   -9.0   -9   -9.0   -9   -9.0   -9 -99.0 -99.0 -99.0 -99.0 -99.0
20260907 226  0.6   485  18  2.1 1322  14  4.8 1445  20.4  27.9 1624  13.7  612  16.1  24.5  10.4  79.8  48.0 1432  18.4  -9.0  -9.0 -9.00  989.1 1008.9 1011.9    1 1006.3 1605  0.9 10.6 12.7 -9.0 -9.00 -9.00   -9   -9.0   -9.0 -9.00   -9.0   -9   -9.0   -9   -9.0   -9   -9.0   -9   -9.0   -9 -99.0 -99.0 -99.0 -99.0 -99.0
20260907 232  1.2  1001   7  4.4 1025   9  6.9 1016  21.5  28.0 1500  15.2  536  16.7  25.7  13.9  77.8  44.0 1632  19.0  -9.0  -9.0 -9.00  999.4 1009.2 1012.0    2 1007.1 1608  0.4 11.8 12.8 -9.0 -9.00 -9.00   -9   -9.0   -9.0 -9.00   -9.0   -9   -9.0   -9   -9.0   -9   -9.0   -9   -9.0   -9 -99.0 -99.0 -99.0 -99.0 -99.0
20260907 235  3.0  2591   2  5.8  922   5  9.4  922  23.8  29.8 1357  19.6  635  16.0  27.0  17.1  63.3  42.0 1311  18.2   7.2   5.0 -9.00 1006.4 1007.5 1010.0    1 1005.6 1557  0.3 11.0 12.7 -9.0 24.07  3.26 1200   -9.0   -9.0 -9.00   -9.0   -9   -9.0   -9   -9.0   -9   -9.0   -9   -9.0   -9 -99.0 -99.0 -99.0 -99.0 -99.0
20260907 236  1.2  1040   5  2.8 1222  32  6.8 1305  23.0  29.2 1507  18.0  526  16.5  26.7  16.1  69.3  46.0 1623  18.8  -9.0  -9.0 -9.00 1007.0 1008.5 1011.1    1 1006.6 1607  0.3 12.0 12.7 -9.0 -9.00 -9.00   -9   -9.0   -9.0 -9.00   -9.0   -9   -9.0   -9   -9.0   -9   -9.0   -9   -9.0   -9 -99.0 -99.0 -99.0 -99.0 -99.0
20260907 238  0.8   686   5  2.6 1621  14  5.1 1011  21.6  28.9 1516  14.7  614  15.4  24.2  12.9  70.9  42.0 1616  17.5  -9.0  -9.0 -9.00  988.4 1007.8 1010.7    1 1005.4 1635  0.5 11.1 12.7 -9.0 -9.00 -9.00   -9   -9.0   -9.0 -9.00   -9.0   -9   -9.0   -9   -9.0   -9   -9.0   -9   -9.0   -9 -99.0 -99.0 -99.0 -99.0 -99.0
20260907 239  1.1   978   9  2.8 1145   5  5.5 1431  22.6  29.1 1627  16.8  620  15.9  27.3  15.6  68.6  42.0 1614  18.1   6.0   4.2 -9.00  997.6 1007.8 1010.7    3 1005.3 1635  0.4 10.4 12.7 -9.0 23.56  3.19 1200   -9.0   -9.0 -9.00   -9.0   -9   -9.0   -9   -9.0   -9   -9.0   -9   -9.0   -9 -99.0 -99.0 -99.0 -99.0 -99.0
20260907 243  1.7  1485   5  3.5  854   2  6.3  858  23.3  29.7 1511  17.8  535  16.6  27.5  15.5  68.1  42.0 1358  19.1  -9.0  -9.0 -9.00 1006.6 1008.0 1010.0    1 1006.5 1558  0.5 10.7 12.7 -9.0 -9.00 -9.00   -9   -9.0   -9.0 -9.00   -9.0   -9   -9.0   -9   -9.0   -9   -9.0   -9   -9.0   -9 -99.0 -99.0 -99.0 -99.0 -99.0
20260907 244  0.7   616   7  2.1 1637  34  4.5 1311  21.8  29.7 1530  14.2  607  15.9  24.3  12.4  73.0  42.0 1504  18.1  -9.0  -9.0 -9.00  979.2 1007.4 1010.4    1 1004.8 1641  1.1 11.4 12.7 -9.0 -9.00 -9.00   -9   -9.0   -9.0 -9.00   -9.0   -9   -9.0   -9   -9.0   -9   -9.0   -9   -9.0   -9 -99.0 -99.0 -99.0 -99.0 -99.0
20260907 245  2.1  1798  34  4.2 1201  36  6.4 1157  23.3  30.0 1439  16.7  609  17.0  29.8  14.4  70.0  45.0 1604  19.4   6.6   4.6 -9.00  999.7 1007.6 1009.7    1 1005.8 1601  0.6 11.9 12.7 -9.0 24.10  3.24 1200   -9.0   -9.0 -9.00   -9.0   -9   -9.0   -9   -9.0   -9   -9.0   -9   -9.0   -9 -99.0 -99.0 -99.0 -99.0 -99.0
20260907 247  2.4  2035   7  4.9  946   9  8.8  959  24.6  30.6 1419  18.5  620  17.0  27.7  16.4  63.8  49.0 1247  19.5  -9.0  -9.0 -9.00  991.6 1006.8 1009.2    1 1004.7 1608  1.5 10.4 12.7 -9.0 -9.00 -9.00   -9   -9.0   -9.0 -9.00   -9.0   -9   -9.0   -9   -9.0   -9   -9.0   -9   -9.0   -9 -99.0 -99.0 -99.0 -99.0 -99.0
20260907 248  0.9   735  36  3.0 1533  36  5.6 1530  19.4  27.8 1413  12.1  557  15.3  24.1  10.3  80.5  50.0 1233  17.4  -9.0  -9.0 -9.00  962.0 1008.3 1011.3    1 1005.2 1443  2.0 10.5 12.7 -9.0 -9.00 -9.00   -9   -9.0   -9.0 -9.00   -9.0   -9   -9.0   -9   -9.0   -9   -9.0   -9   -9.0   -9 -99.0 -99.0 -99.0 -99.0 -99.0
20260907 251  2.1  1825  29  3.9 1047  34  6.0 1051  23.0  29.7 1443  16.4  507  18.0  25.6  16.3  75.1  53.0 1549  20.7   5.9   4.1 -9.00 1001.4 1007.2 1009.2    1 1005.2 1624  0.6 12.0 12.7 -9.0 22.84  3.03 1200   -9.0   -9.0 -9.00   -9.0   -9   -9.0   -9   -9.0   -9   -9.0   -9   -9.0   -9 -99.0 -99.0 -99.0 -99.0 -99.0
20260907 252  1.0   902  36  3.5 1620  32  5.2 1530  22.7  29.3 1420  16.8  509  17.3  26.5  15.0  73.5  45.0 1247  19.9   6.1   4.3 -9.00 1003.1 1007.3 1008.9    1 1005.9 1621  0.5 11.7 12.7 -9.0 24.67  3.30 1200   -9.0   -9.0 -9.00   -9.0   -9   -9.0   -9   -9.0   -9   -9.0   -9   -9.0   -9 -99.0 -99.0 -99.0 -99.0 -99.0
20260907 253  1.3  1108  34  2.3   44  32  5.6  601  24.6  30.6 1417  21.0 2400  17.2  28.3  18.1  64.3  44.0 1626  19.8   5.9   4.1 -9.00 1001.7 1007.9 1009.6 2210 1006.4 1601  2.9  9.3 12.7 -9.0 21.44  2.89 1000   -9.0   -9.0 -9.00   -9.0   -9   -9.0   -9   -9.0   -9   -9.0   -9   -9.0   -9 -99.0 -99.0 -99.0 -99.0 -99.0
20260907 254  1.0   887  11  2.7  939   9  5.1  932  23.1  30.8 1643  16.4  615  16.4  27.6  14.1  68.0  41.0 1258  18.7   6.0   4.2 -9.00  992.7 1007.5 1010.0    1 1005.2 1636  1.1  9.5 12.7 -9.0 22.59  3.41 1300   -9.0   -9.0 -9.00   -9.0   -9   -9.0   -9   -9.0   -9   -9.0   -9   -9.0   -9 -99.0 -99.0 -99.0 -99.0 -99.0
20260907 255  2.6  2267  32  4.7 1229  34  8.7 1258  25.4  30.2 1431  21.5 2332  16.3  26.1  17.8  58.5  40.0 1633  18.6   6.6   4.7 -9.00 1000.9 1006.7 1008.5 2207 1004.9 1603  2.8 10.0 12.7 -9.0 20.40  2.93 1200   -9.0   -9.0 -9.00   -9.0   -9   -9.0   -9   -9.0   -9   -9.0   -9   -9.0   -9 -99.0 -99.0 -99.0 -99.0 -99.0
20260907 257  3.3  2888   5  5.8  415   5 12.9  432  25.0  29.4 1340  21.4 2400  17.2  28.6  18.9  63.0  40.0 1607  19.6   6.8   4.8 -9.00 1006.3 1007.0 1008.6 2133 1005.7 1555  2.6  9.2 12.7 -9.0 21.25  3.15 1200   -9.0   -9.0 -9.00   -9.0   -9   -9.0   -9   -9.0   -9   -9.0   -9   -9.0   -9 -99.0 -99.0 -99.0 -99.0 -99.0
20260907 258  1.7  1427  23  3.8 1545  23  4.8 1540  24.1  30.9 1359  18.5  547  19.5  26.4  17.0  77.6  50.0 1401  22.8   5.7   4.0 -9.00 1007.1 1007.3 1009.2   15 1005.5 1600  3.3  8.9 12.7 -9.0 22.57  3.36 1200   -9.0   -9.0 -9.00   -9.0   -9   -9.0   -9   -9.0   -9   -9.0   -9   -9.0   -9 -99.0 -99.0 -99.0 -99.0 -99.0
20260907 259  0.9   742  32  2.3 1435  34  3.6 1441  24.6  31.2 1553  19.0  545  18.5  27.5  17.6  71.4  46.0 1343  21.3   5.5   3.8 -9.00 1004.9 1006.8 1008.5    8 1005.1 1549  2.8  8.1 12.7 -9.0 21.21  3.34 1200   -9.0   -9.0 -9.00   -9.0   -9   -9.0   -9   -9.0   -9   -9.0   -9   -9.0   -9 -99.0 -99.0 -99.0 -99.0 -99.0
20260907 260  1.0   851  27  2.7 1422  25  4.4 1332  24.1  31.1 1635  17.7  626  18.8  27.9  16.2  74.4  43.0 1331  21.7  -9.0  -9.0 -9.00 1001.8 1006.8 1008.7   11 1004.9 1641  3.9 10.1 12.7 -9.0 -9.00 -9.00   -9   -9.0   -9.0 -9.00   -9.0   -9   -9.0   -9   -9.0   -9   -9.0   -9   -9.0   -9 -99.0 -99.0 -99.0 -99.0 -99.0
20260907 261  1.5  1270  23  4.6 1547  25  7.7 1510  24.3  30.3 1504  19.3  623  19.0  29.7  17.9  74.1  50.0 1354  22.0  -9.0  -9.0 -9.00 1005.4 1007.3 1008.8    1 1005.7 1621  2.1 10.0 12.7 -9.0 -9.00 -9.00   -9   -9.0   -9.0 -9.00   -9.0   -9   -9.0   -9   -9.0   -9   -9.0   -9   -9.0   -9 -99.0 -99.0 -99.0 -99.0 -99.0
20260907 262  1.6  1394  32  4.1 1217   9  7.3 1140  25.4  31.6 1508  20.5  535  18.0  29.5  21.4  65.3  47.0 1259  20.8   5.7   4.0 -9.00 1001.0 1006.9 1008.5    1 1005.3 1600  4.9  9.1 12.7 -9.0 20.04  3.02 1200   -9.0   -9.0 -9.00   -9.0   -9   -9.0   -9   -9.0   -9   -9.0   -9   -9.0   -9 -99.0 -99.0 -99.0 -99.0 -99.0
20260907 263  1.8  1540   5  4.4  929   5  8.5 1008  22.7  29.0 1547  17.1 2337  17.2  28.9  14.6  72.3  52.0 1524  19.6   5.7   4.0 -9.00 1005.9 1007.5 1009.3 2313 1005.6 1524  2.9  9.9 12.7 -9.0 23.03  3.16 1200   -9.0   -9.0 -9.00   -9.0   -9   -9.0   -9   -9.0   -9   -9.0   -9   -9.0   -9 -99.0 -99.0 -99.0 -99.0 -99.0
20260907 264  0.8   681  11  3.0 1607   9  6.2 1602  22.0  31.2 1539  14.6  609  17.1  26.3  13.4  77.1  46.0 1547  19.6   6.2   4.3 -9.00  990.6 1008.0 1010.7    1 1005.1 1507  1.0 10.6 12.7 -9.0 24.59  3.36 1200   -9.0   -9.0 -9.00   -9.0   -9   -9.0   -9   -9.0   -9   -9.0   -9   -9.0   -9 -99.0 -99.0 -99.0 -99.0 -99.0
20260907 266  2.1  1794   7  3.8  150   7 10.7  218  25.3  29.8 1436  22.0  653  16.8  27.2  20.1  59.9  48.0 1444  19.2   6.0   4.2 -9.00  997.3 1007.3 1008.9    1 1005.6 1621  2.9  6.8 12.7 -9.0 20.86  3.82 1100   -9.0   -9.0 -9.00   -9.0   -9   -9.0   -9   -9.0   -9   -9.0   -9   -9.0   -9 -99.0 -99.0 -99.0 -99.0 -99.0
20260907 268  1.6  1377   7  3.6  438  29  5.9 1501  23.9  28.5 1352  19.2  645  17.5  27.3  18.2  69.3  46.0 1357  20.0  -9.0  -9.0 -9.00 1004.8 1005.9 1007.2    1 1004.7 1612  1.8 11.0 12.7 -9.0 -9.00 -9.00   -9   -9.0   -9.0 -9.00   -9.0   -9   -9.0   -9   -9.0   -9   -9.0   -9   -9.0   -9 -99.0 -99.0 -99.0 -99.0 -99.0
20260907 271  1.8  1525  34  4.1 1047  34  8.0 1038  18.9  26.5 1452  11.9 2353  13.0  24.1  10.1  72.6  37.0 1519  15.0  -9.0  -9.0 -9.00  972.4 1009.6 1011.8  156 1006.7 1447  0.1 10.8 12.8 -9.0 -9.00 -9.00   -9   -9.0   -9.0 -9.00   -9.0   -9   -9.0   -9   -9.0   -9   -9.0   -9   -9.0   -9 -99.0 -99.0 -99.0 -99.0 -99.0
20260907 272  1.4  1225  32  3.1  406   7  4.4 1748  20.0  28.1 1458  13.4  550  14.3  27.4  10.1  74.1  44.0 1528  16.4  -9.0  -9.0 -9.00  984.7 1009.0 1011.7    9 1006.0 1546  0.4 11.1 12.8 -9.0 -9.00 -9.00   -9   -9.0   -9.0 -9.00   -9.0   -9   -9.0   -9   -9.0   -9   -9.0   -9   -9.0   -9 -99.0 -99.0 -99.0 -99.0 -99.0
20260907 273  1.1   933  11  2.6 1155  11  6.0 1404  21.0  28.0 1551  14.5  616  16.4  27.3  11.8  78.0  50.0 1438  18.7  -9.0  -9.0 -9.00  988.4 1008.3 1011.0    8 1005.7 1556  0.4 11.8 12.8 -9.0 -9.00 -9.00   -9   -9.0   -9.0 -9.00   -9.0   -9   -9.0   -9   -9.0   -9   -9.0   -9   -9.0   -9 -99.0 -99.0 -99.0 -99.0 -99.0
20260907 276  1.8  1526  11  4.8 1044   2  9.2 1016  20.9  28.1 1546  14.5 2400  15.8  25.9  12.3  76.6  43.0 1530  18.0   6.1   4.2 -9.00  984.6 1008.5 1010.8    1 1005.6 1450  1.1 11.0 12.7 -9.0 24.28  3.22 1300   -9.0   -9.0 -9.00   -9.0   -9   -9.0   -9   -9.0   -9   -9.0   -9   -9.0   -9 -99.0 -99.0 -99.0 -99.0 -99.0
20260907 277  4.6  3938   5  9.1 1133   2 14.2 1118  21.6  25.6 1310  17.4 2304  16.4  27.1  15.4  73.6  54.0 1116  18.7  -9.0  -9.0 -9.00 1004.5 1009.2 1010.6    1 1007.9 1451  1.8 10.0 12.7 -9.0 -9.00 -9.00   -9   -9.0   -9.0 -9.00   -9.0   -9   -9.0   -9   -9.0   -9   -9.0   -9   -9.0   -9 -99.0 -99.0 -99.0 -99.0 -99.0
20260907 278  1.1   929   5  4.5 1020   5  8.7 1013  22.2  29.4 1459  15.0  602  15.9  27.1  12.3  71.6  41.0 1428  18.1  -9.0  -9.0 -9.00  998.3 1007.7 1010.4   11 1005.1 1552  0.6 10.6 12.7 -9.0 -9.00 -9.00   -9   -9.0   -9.0 -9.00   -9.0   -9   -9.0   -9   -9.0   -9   -9.0   -9   -9.0   -9 -99.0 -99.0 -99.0 -99.0 -99.0
20260907 279  1.0   893  11  2.6 1418  16  5.0 1042  23.5  30.2 1445  17.5  555  15.7  28.7  15.9  64.1  37.0 1441  17.8   6.1   4.2 -9.00 1002.5 1008.1 1010.8    1 1005.7 1747  2.3 10.3 12.7 -9.0 22.98  3.22 1200   -9.0   -9.0 -9.00   -9.0   -9   -9.0   -9   -9.0   -9   -9.0   -9   -9.0   -9 -99.0 -99.0 -99.0 -99.0 -99.0
20260907 281  2.0  1735  11  4.3 1536   5  8.0  936  22.3  28.0 1354  17.3 2357  15.4  27.9  13.9  67.1  41.0 1340  17.5  -9.0  -9.0 -9.00  997.8 1008.8 1010.4    1 1006.8 1445  1.8 11.2 12.7 -9.0 -9.00 -9.00   -9   -9.0   -9.0 -9.00   -9.0   -9   -9.0   -9   -9.0   -9   -9.0   -9   -9.0   -9 -99.0 -99.0 -99.0 -99.0 -99.0
20260907 283  4.1  3582   2  7.6 1006   2 13.9  958  22.6  27.0 1146  18.4 2355  16.4  27.1  15.7  69.6  47.0 1401  18.7   6.5   4.6 -9.00 1004.2 1008.8 1009.9 2124 1007.3 1440  3.1  9.0 12.7 -9.0 21.94  3.04 1300    0.0   -9.0 -9.00    0.0   -9    0.0   -9   -9.0   -9   -9.0   -9   -9.0   -9 -99.0 -99.0 -99.0 -99.0 -99.0
20260907 284  1.4  1236  27  3.5 2113   9  5.5 1501  21.4  30.0 1543  14.7  559  16.3  25.4  12.2  74.8  43.0 1710  18.6   5.7   4.0 -9.00  981.9 1008.0 1010.7    1 1004.9 1543  0.8 10.7 12.7 -9.0 23.33  3.20 1200   -9.0   -9.0 -9.00   -9.0   -9   -9.0   -9   -9.0   -9   -9.0   -9   -9.0   -9 -99.0 -99.0 -99.0 -99.0 -99.0
20260907 285  1.1   940   2  3.2 1341   2  6.3 1148  23.0  29.5 1539  17.5  616  17.1  29.3  15.9  72.4  47.0 1541  19.6  -9.0  -9.0 -9.00 1005.0 1008.0 1009.9    5 1006.0 1602  2.0 11.9 12.7 -9.0 -9.00 -9.00   -9   -9.0   -9.0 -9.00   -9.0   -9   -9.0   -9   -9.0   -9   -9.0   -9   -9.0   -9 -99.0 -99.0 -99.0 -99.0 -99.0
20260907 288  2.7  2369   2  4.4 1115   2  9.0  832  24.8  29.9 1625  19.4 2400  16.0  28.4  18.4  60.0  37.0 1623  18.2   7.3   5.1 -9.00 1005.1 1006.0 1007.7 2317 1004.2 1552  2.3 11.2 12.7 -9.0 24.33  3.45 1200   -9.0   -9.0 -9.00   -9.0   -9   -9.0   -9   -9.0   -9   -9.0   -9   -9.0   -9 -99.0 -99.0 -99.0 -99.0 -99.0
20260907 289  1.0   869   5  2.8 1226  27  5.0 1011  22.2  29.6 1513  15.8  535  17.0  27.3  15.1  74.9  48.0 1241  19.4  -9.0  -9.0 -9.00  992.8 1008.6 1010.9    1 1006.1 1652  1.8  9.8 12.7 -9.0 -9.00 -9.00   -9   -9.0   -9.0 -9.00   -9.0   -9   -9.0   -9   -9.0   -9   -9.0   -9   -9.0   -9 -99.0 -99.0 -99.0 -99.0 -99.0
20260907 294  1.5  1297   7  2.8 1633   9  6.6 2121  24.4  28.4 1509  21.7 2354  16.0  28.8  17.9  60.4  47.0 1707  18.3  -9.0  -9.0 -9.00 1002.5 1007.7 1009.2 2131 1006.2 1602  4.1  5.7 12.7 -9.0 -9.00 -9.00   -9   -9.0   -9.0 -9.00   -9.0   -9   -9.0   -9   -9.0   -9   -9.0   -9   -9.0   -9 -99.0 -99.0 -99.0 -99.0 -99.0
20260907 295  1.8  1559  36  3.8  828   2  7.0  829  24.3  29.4 1529  20.3 2359  17.1  30.2  16.9  64.8  50.0 1457  19.5  -9.0  -9.0 -9.00 1002.2 1007.4 1009.3    2 1005.5 1625  3.1  9.6 12.7 -9.0 -9.00 -9.00   -9   -9.0   -9.0 -9.00   -9.0   -9   -9.0   -9   -9.0   -9   -9.0   -9   -9.0   -9 -99.0 -99.0 -99.0 -99.0 -99.0
20260907 296  4.6  3964   7  7.2 1025  27 12.0 1352  25.1  28.9 1336  22.1 2312  17.4  26.0  18.2  63.6  40.0 1632  20.0   7.9   5.5 -9.00 1005.9 1006.2 1007.9 2142 1005.0 1605  3.8 11.2 12.7 -9.0 24.32  3.23 1200   -9.0   -9.0 -9.00   -9.0   -9   -9.0   -9   -9.0   -9   -9.0   -9   -9.0   -9 -99.0 -99.0 -99.0 -99.0 -99.0
20260908  90  2.6  2262   7  6.4 1833   9 11.0 1833  20.2  25.8 1438  15.6  533  15.4  24.7  15.0  75.4  53.0 1320  17.7   5.2   3.6 -9.00 1009.4 1011.4 1016.1 2223 1008.9  449  6.4  9.0 12.7 -9.0 19.62  2.98 1200   10.8   -9.0 -9.00    4.5 1733    2.0 1746   -9.0   -9   -9.0   -9   -9.0   -9 -99.0 -99.0 -99.0 -99.0 -99.0
20260908  93  1.4  1229   7  4.4 2251   7 10.6 2128  21.1  29.7 1404  12.2  557  14.1  25.1   9.3  68.3  34.0 1350  16.2   6.8   4.7 -9.00  999.1 1010.2 1013.7 2400 1006.9 1433  5.1 11.7 12.7 -9.0 22.21  3.06 1200   -9.0    0.0 -9.00   -9.0   -9   -9.0   -9   -9.0   -9   -9.0   -9   -9.0   -9  24.7  25.6  25.3  23.0  19.7
20260908  95  1.5  1322  11  4.7 2349  11  7.5 2341  21.4  30.7 1500  11.6  541  13.9  24.3  11.9  65.9  35.0 1232  16.0   6.5   4.5 -9.00  992.0 1009.9 1013.4 2400 1006.5 1441  3.4 11.4 12.7 -9.0 21.65  3.13 1200   -9.0    0.0 -9.00   -9.0   -9   -9.0   -9   -9.0   -9   -9.0   -9   -9.0   -9 -99.0 -99.0 -99.0 -99.0 -99.0
20260908  98  0.6   553   7  2.0 1742   7  5.2 2349  22.4  30.6 1425  13.6  623  13.4  29.2  12.1  60.4  26.0 1146  15.4   6.3   4.4 -9.00  995.6 1008.9 1011.4 2400 1006.2 1424  2.1 10.5 12.7 -9.0 22.65  3.11 1200   -9.0   -9.0 -9.00   -9.0   -9   -9.0   -9   -9.0   -9   -9.0   -9   -9.0   -9 -99.0 -99.0 -99.0 -99.0 -99.0
20260908  99  1.2   994   9  3.1  255   9  5.1  246  21.7  29.1 1527  13.9  514  15.5  24.5  12.7  70.6  39.0 1333  17.7   5.8   4.1 -9.00 1006.0 1009.5 1012.0 2344 1007.3 1601  2.8 11.2 12.7 -9.0 22.04  3.14 1200   -9.0   -9.0 -9.00   -9.0   -9   -9.0   -9   -9.0   -9   -9.0   -9   -9.0   -9 -99.0 -99.0 -99.0 -99.0 -99.0
20260908 100  2.2  1907   9  5.9 1955   9 10.7 1946  14.9  20.9 1244   7.5  629  13.0  20.6  11.1  89.6  58.0 1345  15.1   4.8   3.4 -9.00  924.0 1011.4 1015.2 2357 1008.5 1243  6.5  9.7 12.7 -9.0 22.88  3.31 1200    8.1   -9.0 -9.00    2.7 1935    0.6 1929   -9.0   -9   -9.0   -9   -9.0   -9 -99.0 -99.0 -99.0 -99.0 -99.0
20260908 101  2.1  1798   2  4.2 1545   2  8.1 2400  21.6  29.5 1517  14.1  613  14.4  24.6  11.6  66.6  35.0 1342  16.4   7.0   4.9 -9.00 1000.1 1008.9 1012.4 2356 1005.7 1429  4.0 10.4 12.7 -9.0 21.76  3.09 1200   -9.0   -9.0 -9.00   -9.0   -9   -9.0   -9   -9.0   -9   -9.0   -9   -9.0   -9  25.6  25.4  24.5  20.3  16.8
20260908 102  5.4  4653  34  9.1 1918  34 14.0 2111  21.7  24.0 1241  20.2 2349  17.8  24.6  18.5  79.4  60.0 2250  20.6   6.0   4.2 -9.00 1004.8 1008.9 1011.1 2205 1007.6  344  2.9  9.3 12.7 -9.0 20.08  2.76 1300   -9.0   -9.0 -9.00   -9.0   -9   -9.0   -9   -9.0   -9   -9.0   -9   -9.0   -9 -99.0 -99.0 -99.0 -99.0 -99.0
20260908 104  1.6  1416  16  4.5 1808  36  7.6 1805  20.4  25.8 1406  15.3  514  17.3  24.0  13.3  83.3  65.0 1047  19.8   4.6   3.2 -9.00 1001.5 1010.3 1014.8 2250 1008.4  433  3.5  9.2 12.7 -9.0 21.45  3.19 1200   10.4   11.1  4.00    5.4 1830    2.8 1842   -9.0   -9   -9.0   -9   -9.0   -9  24.8  24.7  24.2  20.6  16.3
20260908 105  2.4  2046   2  4.0 1815  34  7.5 1810  20.9  25.9 1428  16.5  556  15.8  25.6  15.3  73.6  51.0 1049  17.9   4.9   3.4 -9.00 1007.9 1011.0 1015.5 2307 1009.2  233  3.8  9.0 12.7 -9.0 20.24  2.96 1200    9.3   -9.0 -9.00    5.3 2212    2.0 1918   -9.0   -9   -9.0   -9   -9.0   -9  25.1  24.9  24.9  20.8  17.4
20260908 106  3.2  2765   5  7.9 1947   5 12.7 1938  21.0  25.8 1417  16.0  612  17.0  27.3  14.2  79.1  60.0 1013  19.4   5.7   4.0 -9.00 1006.1 1010.8 1014.8 2317 1009.1  304  4.4  8.0 12.7 -9.0 21.25  3.19 1200    7.1   -9.0 -9.00    3.8 1805    1.3 2314   -9.0   -9   -9.0   -9   -9.0   -9 -99.0 -99.0 -99.0 -99.0 -99.0
20260908 108  2.4  2077   5  6.6 2320   5 11.7 2351  24.4  31.1 1523  17.8  641  13.4  25.2  13.9  52.6  26.0 1306  15.4   8.4   5.9 -9.00  998.9 1008.6 1010.8 2356 1006.2 1502  1.3 11.9 12.7 -9.0 23.75  3.25 1200   -9.0    0.0 -9.00   -9.0   -9   -9.0   -9   -9.0   -9   -9.0   -9   -9.0   -9  25.6  25.4  25.4  21.6  17.0
20260908 112  2.1  1829   9  4.2 2324  29  7.1 1655  24.8  29.0 1608  20.4  647  16.6  28.1  14.1  61.5  41.0 1547  19.0   7.6   5.3 -9.00 1000.6 1008.4 1010.3 2357 1006.5 1441  1.8 10.9 12.7 -9.0 23.07  3.17 1200   -9.0   -9.0 -9.00   -9.0   -9   -9.0   -9   -9.0   -9   -9.0   -9   -9.0   -9  25.1  24.9  24.0  21.1  16.8
20260908 114  1.3  1133   5  3.7 1634   2  7.3 1631  21.9  30.4 1522  14.3  635  13.5  25.5  10.4  62.0  30.0 1614  15.5   6.9   4.8 -9.00  991.4 1008.7 1011.1 2236 1005.6 1538  1.6 11.3 12.7 -9.0 23.53  3.21 1200   -9.0   -9.0 -9.00   -9.0   -9   -9.0   -9   -9.0   -9   -9.0   -9   -9.0   -9 -99.0 -99.0 -99.0 -99.0 -99.0
20260908 115  6.9  5965   5 10.9 2106   5 21.6 2334  21.9  25.0 1315  19.8 2340  18.3  23.7  15.5  80.4  71.0 1557  21.1   6.5   4.5 -9.00  983.3 1008.5 1011.0 2359 1007.3  216  4.4  6.3 12.7 -9.0 18.62  2.86 1200   -9.0   -9.0 -9.00   -9.0   -9   -9.0   -9   -9.0   -9   -9.0   -9   -9.0   -9  24.3  23.7  22.7  16.7 -99.0
20260908 119  1.5  1328   5  2.9 1057   9  5.5 2322  23.6  29.5 1557  18.0  425  13.4  26.3  13.8  56.1  26.0 1250  15.6   7.0   4.9 -9.00 1003.7 1008.3 1010.4 2359 1006.2 1444  1.4 10.8 12.7 -9.0 22.50  3.25 1200   -9.0   -9.0 -9.00   -9.0   -9   -9.0   -9   -9.0   -9   -9.0   -9   -9.0   -9  25.3  25.1  24.3  20.6  17.1
20260908 121  1.6  1389   5  6.3 1625   2 10.4 1657  20.4  29.6 1357  12.4  528  13.0  23.5  15.2  67.5  31.0 1443  15.1   7.4   5.2 -9.00  982.3 1009.9 1012.5 2251 1006.3 1359  3.3 10.5 12.7 -9.0 24.01  3.25 1200   -9.0   -9.0 -9.00   -9.0   -9   -9.0   -9   -9.0   -9   -9.0   -9   -9.0   -9 -99.0 -99.0 -99.0 -99.0 -99.0
20260908 127  1.7  1511   7  4.8 2002   5  9.7 2356  22.7  29.5 1543  15.6  603  12.6  25.5  14.5  56.4  32.0 1406  14.7   8.3   5.8 -9.00  994.8 1007.9 1010.3 2239 1005.3 1505  0.9 11.5 12.7 -9.0 24.80  3.32 1200   -9.0   -9.0 -9.00   -9.0   -9   -9.0   -9   -9.0   -9   -9.0   -9   -9.0   -9 -99.0 -99.0 -99.0 -99.0 -99.0
20260908 129  1.8  1526  27  3.4 1502  27  6.0 1310  23.2  28.7 1344  18.2  617  16.3  24.8  15.3  69.3  29.0 1251  18.8   7.2   5.1 -9.00 1005.6 1008.5 1010.2 2224 1006.9 1525  0.3 11.7 12.7 -9.0 23.98  3.31 1200   -9.0   -9.0 -9.00   -9.0   -9   -9.0   -9   -9.0   -9   -9.0   -9   -9.0   -9  25.0  25.1  24.4  20.8  17.6
20260908 130  2.4  2039   7  5.8 2009   5 12.3 2129  21.9  26.3 1333  16.1  554  17.5  24.8  14.6  77.3  61.0 1133  20.1  -9.0  -9.0 -9.00 1004.4 1010.1 1013.1 2339 1008.7  308  4.0 11.3 12.7 -9.0 -9.00 -9.00   -9    0.0   -9.0 -9.00    0.0   -9    0.0   -9   -9.0   -9   -9.0   -9   -9.0   -9 -99.0 -99.0 -99.0 -99.0 -99.0
20260908 131  1.9  1628   7  3.7 1422   5  6.9 1408  24.3  30.2 1603  18.7  610  13.2  26.1  17.2  53.1  27.0 1605  15.3   8.4   5.9 -9.00 1001.2 1007.9 1010.0 2358 1005.7 1502  0.4 11.6 12.7 -9.0 25.37  3.38 1200   -9.0   -9.0 -9.00   -9.0   -9   -9.0   -9   -9.0   -9   -9.0   -9   -9.0   -9 -99.0 -99.0 -99.0 -99.0 -99.0
20260908 133  1.3  1142  11  3.1 2233  20  5.1 1738  23.7  29.9 1506  18.1  610  15.6  26.1  15.4  62.8  37.0 1543  17.7   6.9   4.8 -9.00 1000.5 1008.2 1010.2 2353 1006.1 1452  0.6 12.0 12.7 -9.0 24.29  3.25 1200   -9.0   -9.0 -9.00   -9.0   -9   -9.0   -9   -9.0   -9   -9.0   -9   -9.0   -9  27.2  27.1  26.5  23.7  19.2
20260908 135  1.4  1244   7  4.4 1405   7  7.2 1357  20.0  26.7 1505  13.1  600  14.2  25.1  10.7  72.0  38.0 1405  16.3   6.6   4.6 -9.00  980.5 1008.6 1011.2 2343 1006.1 1505  1.6 11.6 12.7 -9.0 24.79  3.30 1200   -9.0   -9.0 -9.00   -9.0   -9   -9.0   -9   -9.0   -9   -9.0   -9   -9.0   -9 -99.0 -99.0 -99.0 -99.0 -99.0
20260908 136  1.4  1173  14  5.0 1532  14  8.3 1531  21.2  29.1 1418  14.6  343  14.3  28.0  12.8  67.3  43.0 1405  16.3   6.8   4.8  0.33  993.6 1009.9 1012.3 2355 1007.2 1422  2.4 10.6 12.7 -9.0 24.07  3.24 1200   -9.0   -9.0 -9.00   -9.0   -9   -9.0   -9   -9.0   -9   -9.0   -9   -9.0   -9 -99.0 -99.0 -99.0 -99.0 -99.0
20260908 137  0.6   551   2  1.7 1213  36  3.9 1254  21.6  28.2 1528  14.8  603  16.1  28.1  12.3  73.3  44.0 1443  18.3   5.9   4.1 -9.00  997.0 1008.1 1010.4 2354 1005.7 1532  1.6 11.9 12.7 -9.0 24.53  3.28 1200   -9.0   -9.0 -9.00   -9.0   -9   -9.0   -9   -9.0   -9   -9.0   -9   -9.0   -9 -99.0 -99.0 -99.0 -99.0 -99.0
20260908 138  3.5  2984   5  7.3 1617   5 12.5 1650  22.9  25.9 1222  18.6  612  16.2  25.9  14.4  66.6  57.0 1212  18.5   7.6   5.3 -9.00 1007.7 1008.2 1010.1 2334 1007.0 1418  3.1 10.2 12.7 -9.0 22.77  3.21 1200    0.0    0.0  0.33    0.0   -9    0.0   -9   -9.0   -9   -9.0   -9   -9.0   -9  25.1  24.0  23.1  20.0  17.4
20260908 140  1.8  1553  29  4.3 1331  27  6.7 1330  23.7  28.2 1624  19.2  616  18.4  28.3  15.6  73.6  55.0 1219  21.2  -9.0  -9.0 -9.00 1005.4 1008.6 1010.2 2254 1007.0 1540  0.1 11.4 12.7 -9.0 -9.00 -9.00   -9   -9.0   -9.0 -9.00   -9.0   -9   -9.0   -9   -9.0   -9   -9.0   -9   -9.0   -9 -99.0 -99.0 -99.0 -99.0 -99.0
20260908 143  1.7  1440  11  5.3 1619   9  7.7 1603  22.3  28.5 1437  16.2  537  15.2  27.1  12.5  66.0  43.0 1506  17.2   6.9   4.8 -9.00 1002.5 1008.8 1011.0 2352 1006.3 1425  1.4 10.9 12.7 -9.0 22.92  3.16 1200   -9.0   -9.0 -9.00   -9.0   -9   -9.0   -9   -9.0   -9   -9.0   -9   -9.0   -9 -99.0 -99.0 -99.0 -99.0 -99.0
20260908 146  1.9  1599  32  4.1 1324  32  7.3 1328  24.4  30.5 1515  18.4  536  16.1  26.1  14.0  62.1  35.0 1652  18.3   7.4   5.2 -9.00 1000.6 1007.5 1009.5 2309 1005.4 1510  0.8 11.9 12.7 -9.0 24.08  3.25 1200   -9.0   -9.0 -9.00   -9.0   -9   -9.0   -9   -9.0   -9   -9.0   -9   -9.0   -9 -99.0 -99.0 -99.0 -99.0 -99.0
20260908 152  3.0  2604   7  5.0 1718   2  8.7 1809  22.5  26.9 1232  18.4  501  15.9  26.0  16.7  67.1  52.0 1052  18.1   6.3   4.4 -9.00  998.0 1007.3 1009.2 2209 1005.9 1409  2.4  8.9 12.7 -9.0 20.10  2.82 1000    0.0   -9.0  0.40    0.0   -9    0.0   -9   -9.0   -9   -9.0   -9   -9.0   -9 -99.0 -99.0 -99.0 -99.0 -99.0
20260908 155  2.0  1734   5  4.1  800   9  7.4 1814  24.2  29.6 1530  19.3  525  16.0  27.1  16.3  61.8  44.0 1415  18.2   7.1   5.0 -9.00 1003.4 1007.4 1009.4 2243 1005.5 1410  0.4 10.9 12.7 -9.0 23.70  3.20 1200   -9.0   -9.0 -9.00   -9.0   -9   -9.0   -9   -9.0   -9   -9.0   -9   -9.0   -9 -99.0 -99.0 -99.0 -99.0 -99.0
20260908 156  1.5  1295   2  3.7 1314   5  6.3 1233  25.2  31.0 1525  20.3  632  18.4  31.6  16.7  68.0  41.0 1515  21.2   7.8   5.5 -9.00  999.3 1007.2 1009.3 2336 1005.0 1442  1.0 11.3 12.7 -9.0 -9.00 -9.00   -9   -9.0   -9.0 -9.00   -9.0   -9   -9.0   -9   -9.0   -9   -9.0   -9   -9.0   -9 -99.0 -99.0 -99.0 -99.0 -99.0
20260908 159  3.2  2760   7  5.7 2221   5 10.7 2159  24.8  30.2 1236  20.8  631  16.4  27.3  17.7  60.3  44.0 1212  18.6   7.4   5.2 -9.00  998.6 1006.5 1008.5 2154 1004.9 1442  0.8 10.3 12.7 -9.0 22.58  3.25 1200   -9.0   -9.0 -9.00   -9.0   -9   -9.0   -9   -9.0   -9   -9.0   -9   -9.0   -9  27.0  27.2  26.3  21.4  19.4
20260908 162  2.3  2029   5  4.3 1332   2  7.7 1328  24.3  29.9 1537  19.5  622  16.2  27.1  16.2  61.3  43.0 1534  18.4   7.4   5.1 -9.00 1002.7 1006.3 1008.3 2253 1004.6 1407  1.9 11.1 12.7 -9.0 23.78  3.23 1200   -9.0   -9.0 -9.00   -9.0   -9   -9.0   -9   -9.0   -9   -9.0   -9   -9.0   -9 -99.0 -99.0 -99.0 -99.0 -99.0
20260908 165  3.4  2979  34  7.5 1354  36  9.9 1459  24.4  28.1 1317  21.1  637  18.8  30.2  17.8  72.4  49.0 1615  21.8   7.5   5.2 -9.00 1002.7 1007.8 1009.5 2327 1006.1 1440  1.1 12.0 12.7 -9.0 24.28  3.28 1200   -9.0   -9.0 -9.00   -9.0   -9   -9.0   -9   -9.0   -9   -9.0   -9   -9.0   -9  27.3  26.0  25.6  22.4  18.9
20260908 168  3.3  2818   5  6.1  806   2 10.0  805  24.6  28.3 1555  21.6  530  15.8  26.9  20.1  58.3  45.0 1412  18.0   8.5   6.0 -9.00 1000.0 1007.5 1009.3 2207 1005.7 1431  0.8 11.2 12.7 -9.0 24.36  3.31 1200   -9.0   -9.0 -9.00   -9.0   -9   -9.0   -9   -9.0   -9   -9.0   -9   -9.0   -9  27.7  27.3  26.1  21.7  17.9
20260908 169  6.9  5925  36 11.4 2008  36 13.7 2001  25.6  29.2 1210  22.8  328  20.3  29.5  20.9  73.5  61.0 1203  23.8   8.2   5.7 -9.00  999.5 1008.1 1009.7 2231 1006.9 1449  1.8 11.0 12.7 -9.0 24.16  3.30 1200   -9.0   -9.0 -9.00   -9.0   -9   -9.0   -9   -9.0   -9   -9.0   -9   -9.0   -9 -99.0 -99.0 -99.0 -99.0 -99.0
20260908 170  1.5  1309  16  4.1 1706  18  6.4 1703  25.0  32.2 1500  20.5  549  19.8  29.7  17.6  74.6  44.0 1442  23.2   6.3   4.4 -9.00 1003.6 1007.6 1009.5 2149 1005.6 1449  3.0  9.3 12.7 -9.0 22.00  3.22 1100   -9.0   -9.0 -9.00   -9.0   -9   -9.0   -9   -9.0   -9   -9.0   -9   -9.0   -9 -99.0 -99.0 -99.0 -99.0 -99.0
20260908 172  1.8  1520  29  5.7 1508  29  8.4 1501  23.2  29.6 1256  18.3  507  19.0  27.1  16.5  80.9  48.0 1258  22.0   6.5   4.5 -9.00 1001.6 1007.6 1009.4 2312 1005.7 1447  2.0 11.8 12.7 -9.0 23.77  3.35 1200   -9.0   -9.0 -9.00   -9.0   -9   -9.0   -9   -9.0   -9   -9.0   -9   -9.0   -9 -99.0 -99.0 -99.0 -99.0 -99.0
20260908 174  0.9   774  27  3.6 1256  25  6.6 1319  22.0  29.6 1410  15.9  600  17.1  30.8  17.1  77.6  37.0 1509  19.6  -9.0  -9.0 -9.00  987.1 1005.9 1008.3 2358 1003.3 1424  1.9  9.6 12.7 -9.0 -9.00 -9.00   -9   -9.0   -9.0 -9.00   -9.0   -9   -9.0   -9   -9.0   -9   -9.0   -9   -9.0   -9 -99.0 -99.0 -99.0 -99.0 -99.0
20260908 177  1.4  1219   2  3.7 1257   5  6.4 1328  22.8  29.3 1602  16.9  540  17.1  28.1  15.4  72.8  42.0 1559  19.5   6.6   4.6 -9.00 1003.8 1007.0 1008.8 2204 1005.1 1547  0.3 12.1 12.7 -9.0 24.14  3.21 1200   -9.0   -9.0 -9.00   -9.0   -9   -9.0   -9   -9.0   -9   -9.0   -9   -9.0   -9 -99.0 -99.0 -99.0 -99.0 -99.0
20260908 181  1.6  1370   7  3.9 1412   5  6.4 1416  21.2  28.3 1624  15.0  546  15.2  24.9  13.8  72.6  31.0 1625  17.3   7.1   5.0 -9.00 1004.7 1008.6 1010.6 2351 1006.4 1526  0.9 11.9 12.7 -9.0 24.94  3.33 1200   -9.0   -9.0 -9.00   -9.0   -9   -9.0   -9   -9.0   -9   -9.0   -9   -9.0   -9 -99.0 -99.0 -99.0 -99.0 -99.0
20260908 184  2.5  2122   2  6.0 2157   2  9.0 2143  26.4  30.2 1452  23.0  429  19.1  32.7  20.3  64.8  53.0 1022  22.1   6.5   4.6 -9.00 1004.6 1007.0 1008.6 2229 1005.6 1527  2.9 10.1 12.7 -9.0 20.43  2.95 1200    0.0   -9.0  0.85    0.0   -9    0.0   -9   -9.0   -9   -9.0   -9   -9.0   -9  28.7  28.3  28.1  24.9  20.1
20260908 185  5.3  4537  32  9.6 2107  34 12.2 2102  24.4  26.5 1522  20.7  350  19.3  28.7  17.2  73.6  62.0 1926  22.4   7.6   5.3 -9.00  998.9 1007.0 1008.8 2156 1005.5 1519  1.6 11.6 12.6 -9.0 24.44  3.30 1200   -9.0   -9.0 -9.00   -9.0   -9   -9.0   -9   -9.0   -9   -9.0   -9   -9.0   -9 -99.0 -99.0 -99.0 -99.0 -99.0
20260908 188  2.4  2112   5  5.4 1042   2  8.8 1027  24.6  27.9 1427  21.5  628  19.1  26.9  19.0  72.5  57.0 1325  22.1  -9.0  -9.0 -9.00 1005.2 1007.5 1009.3 2251 1006.2 1521  2.3  9.8 12.6 -9.0 -9.00 -9.00   -9   -9.0   -9.0 -9.00   -9.0   -9   -9.0   -9   -9.0   -9   -9.0   -9   -9.0   -9 -99.0 -99.0 -99.0 -99.0 -99.0
20260908 189  1.9  1623  23  4.2 1227  23  6.5 1133  26.1  30.9 1510  22.0  611  19.4  31.0  20.3  67.4  52.0 1518  22.5   6.2   4.4 -9.00 1001.3 1007.2 1009.0 2250 1005.6 1509  1.6  8.0 12.6 -9.0 21.03  3.31 1100   -9.0   -9.0 -9.00   -9.0   -9   -9.0   -9   -9.0   -9   -9.0   -9   -9.0   -9 -99.0 -99.0 -99.0 -99.0 -99.0
20260908 192  0.8   696  34  2.9 1120  34  6.1 1113  21.5  29.3 1504  14.5  557  14.2  28.0  14.8  67.9  29.0 1528  16.2   6.6   4.6 -9.00 1004.4 1007.8 1009.9 2350 1005.6 1421  1.0 10.6 12.7 -9.0 24.34  3.29 1200   -9.0   -9.0 -9.00   -9.0   -9   -9.0   -9   -9.0   -9   -9.0   -9   -9.0   -9 -99.0 -99.0 -99.0 -99.0 -99.0
20260908 201  1.1   970   5  2.6 2347  36  4.9 2259  22.4  28.5 1603  15.0  622  16.0  24.6  10.4  69.6  36.0 1303  18.3  -9.0  -9.0 -9.00 1004.0 1009.5 1011.5 2356 1007.8 1620  3.1 11.4 12.7 -9.0 -9.00 -9.00   -9   -9.0   -9.0 -9.00   -9.0   -9   -9.0   -9   -9.0   -9   -9.0   -9   -9.0   -9 -99.0 -99.0 -99.0 -99.0 -99.0
20260908 202  1.0   887   7  3.6 1653   7  6.0 1649  21.9  29.3 1626  14.5  615  13.9  26.1  11.1  63.8  36.0 1630  15.9  -9.0  -9.0 -9.00 1003.9 1009.4 1011.6 2214 1007.0 1448  2.0 11.1 12.7 -9.0 -9.00 -9.00   -9   -9.0   -9.0 -9.00   -9.0   -9   -9.0   -9   -9.0   -9   -9.0   -9   -9.0   -9 -99.0 -99.0 -99.0 -99.0 -99.0
20260908 203  0.6   502   7  1.7 1355  36  4.1 2321  21.6  29.3 1536  13.9  554  15.2  25.0  15.3  70.1  36.0 1541  17.3  -9.0  -9.0 -9.00 1000.4 1009.6 1011.9 2358 1007.3 1423  1.6 10.0 12.7 -9.0 -9.00 -9.00   -9   -9.0   -9.0 -9.00   -9.0   -9   -9.0   -9   -9.0   -9   -9.0   -9   -9.0   -9 -99.0 -99.0 -99.0 -99.0 -99.0
20260908 211  2.9  2547   2  6.5 2140   5 12.0 2131  19.2  27.2 1243  11.7  654  12.8  24.0   9.2  69.4  37.0 1229  14.9  -9.0  -9.0 -9.00  987.3 1010.7 1014.9 2356 1007.5 1232  7.5  9.3 12.7 -9.0 -9.00 -9.00   -9   -9.0   -9.0 -9.00   -9.0   -9   -9.0   -9   -9.0   -9   -9.0   -9   -9.0   -9 -99.0 -99.0 -99.0 -99.0 -99.0
20260908 212  1.2  1073   5  4.1 1519   7  7.4 1532  20.6  30.0 1402  12.4  604  13.0  24.8   9.4  66.3  28.0 1418  15.1  -9.0  -9.0 -9.00  994.0 1010.2 1013.3 2357 1006.8 1426  4.6 10.6 12.7 -9.0 -9.00 -9.00   -9   -9.0   -9.0 -9.00   -9.0   -9   -9.0   -9   -9.0   -9   -9.0   -9   -9.0   -9 -99.0 -99.0 -99.0 -99.0 -99.0
20260908 216  1.8  1587  36  4.8 2234  36 13.0 2227  16.3  22.9 1223   8.8  550  12.9  19.8  10.7  81.9  50.0 1543  15.0   5.0   3.5 -9.00  930.1 1010.8 1014.1 2322 1007.5 1315  5.9  9.3 12.7 -9.0 22.79  3.26 1200    4.4   -9.0 -9.00    1.7 2201    0.4 2044   -9.0   -9   -9.0   -9   -9.0   -9 -99.0 -99.0 -99.0 -99.0 -99.0
20260908 217  1.8  1553   5  4.7 2204  34  8.6 1601  19.6  27.3 1242  13.5  726  13.4  25.9  10.8  70.8  28.0 1325  15.4  -9.0  -9.0 -9.00  974.5 1010.3 1013.4 2359 1007.0 1327  5.9  9.1 12.7 -9.0 -9.00 -9.00   -9   -9.0   -9.0 -9.00   -9.0   -9   -9.0   -9   -9.0   -9   -9.0   -9   -9.0   -9 -99.0 -99.0 -99.0 -99.0 -99.0
20260908 221  1.7  1458   5  4.7 1559   5  7.8 1756  19.1  27.8 1441  11.1  611  12.5  24.4   9.1  71.1  28.0 1443  14.6  -9.0  -9.0 -9.00  979.0 1009.5 1012.0 2239 1006.2 1437  2.5 11.6 12.7 -9.0 -9.00 -9.00   -9   -9.0   -9.0 -9.00   -9.0   -9   -9.0   -9   -9.0   -9   -9.0   -9   -9.0   -9 -99.0 -99.0 -99.0 -99.0 -99.0
20260908 226  0.7   596  18  3.3 1643  16  5.1 1610  20.6  27.9 1530  14.2  623  16.2  25.0  10.4  78.9  38.0 1553  18.5  -9.0  -9.0 -9.00  989.1 1008.8 1011.1 2302 1006.2 1512  1.0 11.2 12.7 -9.0 -9.00 -9.00   -9   -9.0   -9.0 -9.00   -9.0   -9   -9.0   -9   -9.0   -9   -9.0   -9   -9.0   -9 -99.0 -99.0 -99.0 -99.0 -99.0
20260908 232  0.9   787   5  2.9 1425   7  5.8 1424  21.5  28.8 1526  15.2  616  15.6  25.5  13.7  74.5  25.0 1420  17.8  -9.0  -9.0 -9.00  999.4 1009.1 1011.2 2224 1007.0 1437  1.3 11.8 12.7 -9.0 -9.00 -9.00   -9   -9.0   -9.0 -9.00   -9.0   -9   -9.0   -9   -9.0   -9   -9.0   -9   -9.0   -9 -99.0 -99.0 -99.0 -99.0 -99.0
20260908 235  1.5  1265  36  3.9 1233   2  6.6 1203  24.2  31.5 1458  19.1  237  16.8  27.8  16.4  66.4  34.0 1226  19.1   7.1   5.0 -9.00 1006.3 1007.4 1009.3 2225 1005.7 1535  0.3 11.0 12.7 -9.0 24.04  3.32 1200   -9.0   -9.0 -9.00   -9.0   -9   -9.0   -9   -9.0   -9   -9.0   -9   -9.0   -9 -99.0 -99.0 -99.0 -99.0 -99.0
20260908 236  1.1   957   2  3.1  821   5  5.8  817  23.3  30.5 1557  18.0  201  15.8  27.2  15.5  66.3  29.0 1408  18.0  -9.0  -9.0 -9.00 1006.8 1008.4 1010.3 2355 1006.5 1524  1.0 11.9 12.7 -9.0 -9.00 -9.00   -9   -9.0   -9.0 -9.00   -9.0   -9   -9.0   -9   -9.0   -9   -9.0   -9   -9.0   -9 -99.0 -99.0 -99.0 -99.0 -99.0
20260908 238  0.6   610   7  3.0 1642   7  5.1 1630  21.4  29.6 1603  14.4  612  14.9  25.4  12.8  71.4  23.0 1629  17.0  -9.0  -9.0 -9.00  988.4 1007.9 1010.2 2312 1005.2 1533  2.4 11.0 12.7 -9.0 -9.00 -9.00   -9   -9.0   -9.0 -9.00   -9.0   -9   -9.0   -9   -9.0   -9   -9.0   -9   -9.0   -9 -99.0 -99.0 -99.0 -99.0 -99.0
20260908 239  0.9   746   9  2.8 1428   7  5.1 1406  22.5  29.4 1532  17.4  606  15.2  28.0  16.0  67.4  32.0 1451  17.4   6.3   4.4 -9.00  997.4 1007.6 1009.8 2343 1005.3 1524  1.4 10.2 12.7 -9.0 23.70  3.23 1200   -9.0   -9.0 -9.00   -9.0   -9   -9.0   -9   -9.0   -9   -9.0   -9   -9.0   -9 -99.0 -99.0 -99.0 -99.0 -99.0
20260908 243  1.3  1080  27  3.5 1423  27  6.0 1534  23.3  29.2 1227  17.8  616  17.6  27.2  15.5  72.6  39.0 1236  20.2  -9.0  -9.0 -9.00 1006.8 1008.2 1009.7 2300 1006.7 1438  1.3 10.7 12.7 -9.0 -9.00 -9.00   -9   -9.0   -9.0 -9.00   -9.0   -9   -9.0   -9   -9.0   -9   -9.0   -9   -9.0   -9 -99.0 -99.0 -99.0 -99.0 -99.0
20260908 244  0.8   694   7  2.7 1123   5  5.7 1058  21.9  29.5 1509  15.0  619  16.0  24.6  12.8  73.6  44.0 1200  18.3  -9.0  -9.0 -9.00  979.5 1007.6 1010.0 2333 1004.7 1508  1.3 11.7 12.7 -9.0 -9.00 -9.00   -9   -9.0   -9.0 -9.00   -9.0   -9   -9.0   -9   -9.0   -9   -9.0   -9   -9.0   -9 -99.0 -99.0 -99.0 -99.0 -99.0
20260908 245  1.7  1479  34  4.6 1311  34  7.7 1308  23.5  29.8 1507  18.1  621  17.5  30.2  15.8  71.8  42.0 1434  20.0   6.8   4.8 -9.00 1000.0 1007.8 1009.7 2323 1005.9 1453  1.4 11.8 12.7 -9.0 24.11  3.29 1200   -9.0   -9.0 -9.00   -9.0   -9   -9.0   -9   -9.0   -9   -9.0   -9   -9.0   -9 -99.0 -99.0 -99.0 -99.0 -99.0
20260908 247  1.9  1671   7  3.9   13   7  5.6    4  23.7  30.8 1613  17.4  625  15.8  27.5  15.5  64.3  35.0 1535  18.0  -9.0  -9.0 -9.00  992.0 1007.2 1009.4 2344 1004.6 1510  1.3 12.1 12.7 -9.0 -9.00 -9.00   -9   -9.0   -9.0 -9.00   -9.0   -9   -9.0   -9   -9.0   -9   -9.0   -9   -9.0   -9 -99.0 -99.0 -99.0 -99.0 -99.0
20260908 248  1.1   926  36  3.5 1228  34  7.0 1120  19.1  27.7 1524  12.1  628  14.6  23.9  10.2  79.4  42.0 1613  16.6  -9.0  -9.0 -9.00  962.3 1008.6 1011.4 2354 1005.2 1524  1.0 10.8 12.7 -9.0 -9.00 -9.00   -9   -9.0   -9.0 -9.00   -9.0   -9   -9.0   -9   -9.0   -9   -9.0   -9   -9.0   -9 -99.0 -99.0 -99.0 -99.0 -99.0
20260908 251  1.4  1198   2  4.3 1236   5  8.2 1229  22.8  29.6 1520  17.4  509  18.1  25.9  17.4  78.0  45.0 1404  20.7   6.2   4.3 -9.00 1001.8 1007.5 1009.4 2311 1005.4 1452  1.5 11.8 12.7 -9.0 22.82  3.06 1200   -9.0   -9.0 -9.00   -9.0   -9   -9.0   -9   -9.0   -9   -9.0   -9   -9.0   -9 -99.0 -99.0 -99.0 -99.0 -99.0
20260908 252  1.4  1217  32  4.0 1512  32  7.2 1407  23.1  28.3 1153  18.7  511  18.1  26.9  17.4  76.0  48.0 1208  20.8   6.4   4.5 -9.00 1003.4 1007.6 1009.2 2311 1006.1 1429  2.0 11.6 12.7 -9.0 24.30  3.29 1200   -9.0   -9.0 -9.00   -9.0   -9   -9.0   -9   -9.0   -9   -9.0   -9   -9.0   -9 -99.0 -99.0 -99.0 -99.0 -99.0
20260908 253  1.6  1375  29  3.8  850  32  6.3  434  23.8  30.5 1403  18.8  458  16.5  27.1  17.0  64.9  42.0 1236  18.8   6.2   4.4 -9.00 1001.9 1008.1 1010.2 2309 1006.3 1406  1.0  9.9 12.7 -9.0 22.70  3.30 1200   -9.0   -9.0 -9.00   -9.0   -9   -9.0   -9   -9.0   -9   -9.0   -9   -9.0   -9 -99.0 -99.0 -99.0 -99.0 -99.0
20260908 254  1.4  1167  32  4.5 1741  32  6.7 1724  23.1  30.3 1542  16.9  644  16.5  28.3  14.4  70.1  37.0 1413  18.8   7.1   4.9 -9.00  993.1 1007.8 1010.0 2342 1005.3 1432  1.4 11.8 12.7 -9.0 24.95  3.34 1200   -9.0   -9.0 -9.00   -9.0   -9   -9.0   -9   -9.0   -9   -9.0   -9   -9.0   -9 -99.0 -99.0 -99.0 -99.0 -99.0
20260908 255  2.1  1776  32  3.7 1212  32  7.7 2131  24.3  30.2 1348  19.5  553  16.3  25.2  16.0  62.3  45.0 1540  18.5   6.2   4.4 -9.00 1001.3 1007.1 1009.2 2304 1004.9 1408  1.4  9.3 12.7 -9.0 20.04  3.05 1200   -9.0   -9.0 -9.00   -9.0   -9   -9.0   -9   -9.0   -9   -9.0   -9   -9.0   -9 -99.0 -99.0 -99.0 -99.0 -99.0
20260908 257  2.6  2232   7  4.5 1525   2  9.5 1713  24.6  30.1 1422  20.0  605  16.9  28.1  16.9  63.5  45.0 1205  19.2   7.7   5.4 -9.00 1006.6 1007.3 1009.4 2145 1005.6 1419  1.1  9.7 12.7 -9.0 23.22  3.17 1200   -9.0   -9.0 -9.00   -9.0   -9   -9.0   -9   -9.0   -9   -9.0   -9   -9.0   -9 -99.0 -99.0 -99.0 -99.0 -99.0
20260908 258  1.5  1273  23  4.2 1705  23  5.6 1703  23.9  30.1 1514  18.9  549  19.7  26.9  17.7  79.5  50.0 1545  22.9   6.5   4.5 -9.00 1007.6 1007.8 1009.7 2356 1005.5 1437  1.9 11.5 12.7 -9.0 24.91  3.41 1200   -9.0   -9.0 -9.00   -9.0   -9   -9.0   -9   -9.0   -9   -9.0   -9   -9.0   -9 -99.0 -99.0 -99.0 -99.0 -99.0
20260908 259  1.0   868  32  3.0 1220  11  5.4 1309  24.3  31.1 1456  18.8  602  19.1  28.7  17.2  75.5  46.0 1458  22.1   6.3   4.4 -9.00 1005.3 1007.2 1009.3 2359 1005.0 1437  1.9 10.2 12.7 -9.0 23.80  3.32 1200   -9.0   -9.0 -9.00   -9.0   -9   -9.0   -9   -9.0   -9   -9.0   -9   -9.0   -9 -99.0 -99.0 -99.0 -99.0 -99.0
20260908 260  1.3  1088  16  4.4 1715  14  7.1 1621  23.8  31.4 1601  18.3  606  18.8  28.5  16.8  76.4  43.0 1519  21.8  -9.0  -9.0 -9.00 1002.2 1007.2 1009.3 2352 1004.8 1556  2.3 10.5 12.7 -9.0 -9.00 -9.00   -9   -9.0   -9.0 -9.00   -9.0   -9   -9.0   -9   -9.0   -9   -9.0   -9   -9.0   -9 -99.0 -99.0 -99.0 -99.0 -99.0
20260908 261  1.6  1388  34  4.8 1709  34  9.2 1720  23.9  30.4 1354  18.1  559  19.3  29.1  16.3  77.4  53.0 1236  22.5  -9.0  -9.0 -9.00 1005.8 1007.7 1009.7 2345 1005.6 1428  2.3 11.4 12.7 -9.0 -9.00 -9.00   -9   -9.0   -9.0 -9.00   -9.0   -9   -9.0   -9   -9.0   -9   -9.0   -9   -9.0   -9 -99.0 -99.0 -99.0 -99.0 -99.0
20260908 262  1.2  1017  32  3.2 1058   7  6.3 1136  24.0  31.1 1357  18.0  634  18.0  27.8  21.0  71.4  43.0 1357  20.6   5.8   4.1 -9.00 1001.4 1007.4 1009.1 2139 1005.3 1415  2.6  9.8 12.7 -9.0 21.03  3.13 1200   -9.0   -9.0 -9.00   -9.0   -9   -9.0   -9   -9.0   -9   -9.0   -9   -9.0   -9 -99.0 -99.0 -99.0 -99.0 -99.0
20260908 263  1.6  1343   7  4.0 1159   5  7.0 1145  21.5  28.5 1539  14.2  617  16.6  29.1  12.0  76.5  48.0 1419  19.0   6.4   4.5 -9.00 1006.2 1007.8 1009.8 2354 1005.7 1411  1.4 10.8 12.7 -9.0 24.27  3.34 1200   -9.0   -9.0 -9.00   -9.0   -9   -9.0   -9   -9.0   -9   -9.0   -9   -9.0   -9 -99.0 -99.0 -99.0 -99.0 -99.0
20260908 264  0.8   665  18  3.6 1728  18  5.7 1734  21.5  31.3 1557  14.1  614  15.9  26.4  12.7  75.0  33.0 1556  18.1   6.4   4.4 -9.00  990.8 1008.2 1010.8 2340 1004.8 1519  1.6 10.8 12.7 -9.0 24.78  3.36 1200   -9.0   -9.0 -9.00   -9.0   -9   -9.0   -9   -9.0   -9   -9.0   -9   -9.0   -9 -99.0 -99.0 -99.0 -99.0 -99.0
20260908 266  1.4  1199  20  3.3 1536   5  5.7  922  24.6  30.4 1452  19.1  618  16.1  29.5  17.9  61.1  39.0 1457  18.4   7.2   5.0 -9.00  997.8 1007.9 1009.8 2358 1005.7 1418  1.5 10.8 12.7 -9.0 23.99  3.28 1200   -9.0   -9.0 -9.00   -9.0   -9   -9.0   -9   -9.0   -9   -9.0   -9   -9.0   -9 -99.0 -99.0 -99.0 -99.0 -99.0
20260908 268  2.4  2069  32  5.0 1623   5  9.1 1653  23.6  28.7 1406  18.6  509  18.9  26.9  17.9  76.6  47.0 1609  21.8  -9.0  -9.0 -9.00 1005.2 1006.3 1008.1 2339 1004.8 1418  1.8 10.7 12.7 -9.0 -9.00 -9.00   -9   -9.0   -9.0 -9.00   -9.0   -9   -9.0   -9   -9.0   -9   -9.0   -9   -9.0   -9 -99.0 -99.0 -99.0 -99.0 -99.0
20260908 271  1.5  1285   5  4.0 1529   2  8.4 1602  18.4  27.3 1321   8.3  611  11.9  23.5   6.1  69.4  38.0 1325  14.1  -9.0  -9.0 -9.00  972.7 1010.1 1012.2 2143 1006.8 1318  2.5 10.7 12.7 -9.0 -9.00 -9.00   -9   -9.0   -9.0 -9.00   -9.0   -9   -9.0   -9   -9.0   -9   -9.0   -9   -9.0   -9 -99.0 -99.0 -99.0 -99.0 -99.0
20260908 272  1.3  1093  11  3.8 1646  11  6.8 1634  19.5  28.2 1613  11.9  611  13.6  27.3   8.6  72.6  39.0 1310  15.7  -9.0  -9.0 -9.00  985.0 1009.4 1011.7 2308 1006.2 1534  2.9 10.0 12.7 -9.0 -9.00 -9.00   -9   -9.0   -9.0 -9.00   -9.0   -9   -9.0   -9   -9.0   -9   -9.0   -9   -9.0   -9 -99.0 -99.0 -99.0 -99.0 -99.0
20260908 273  1.1   953   9  3.0 1019   9  5.0 1440  20.5  27.7 1524  14.1  621  16.0  27.7  10.2  77.8  46.0 1508  18.3  -9.0  -9.0 -9.00  988.6 1008.5 1010.9 2312 1006.0 1531  2.5 11.7 12.7 -9.0 -9.00 -9.00   -9   -9.0   -9.0 -9.00   -9.0   -9   -9.0   -9   -9.0   -9   -9.0   -9   -9.0   -9 -99.0 -99.0 -99.0 -99.0 -99.0
20260908 276  1.5  1260   9  4.7 1347   9  8.0 1340  19.5  28.1 1300  12.8  349  15.5  24.5  10.4  80.8  50.0 1316  17.7   6.0   4.2 -9.00  984.9 1008.9 1011.3 2346 1006.3 1259  4.6  8.7 12.7 -9.0 22.71  3.49 1100   -9.0   -9.0 -9.00   -9.0   -9   -9.0   -9   -9.0   -9   -9.0   -9   -9.0   -9 -99.0 -99.0 -99.0 -99.0 -99.0
20260908 277  3.8  3310   5  9.0 2325   2 14.6 1525  20.9  24.9 1223  14.7  548  16.5  26.7  12.5  77.3  61.0 1234  18.8  -9.0  -9.0 -9.00 1004.7 1009.4 1011.8 2400 1008.2 1443  3.0 10.4 12.7 -9.0 -9.00 -9.00   -9   -9.0   -9.0 -9.00   -9.0   -9   -9.0   -9   -9.0   -9   -9.0   -9   -9.0   -9 -99.0 -99.0 -99.0 -99.0 -99.0
20260908 278  1.1   919   9  3.6 1516   9  6.9 1612  21.2  29.7 1501  13.3  617  15.0  26.9  10.3  71.8  43.0 1225  17.1  -9.0  -9.0 -9.00  998.6 1008.0 1010.4 2336 1005.4 1427  3.9 10.8 12.7 -9.0 -9.00 -9.00   -9   -9.0   -9.0 -9.00   -9.0   -9   -9.0   -9   -9.0   -9   -9.0   -9   -9.0   -9 -99.0 -99.0 -99.0 -99.0 -99.0
20260908 279  0.9   772   9  2.8 1814   9  4.9 1740  22.3  29.6 1643  15.6  600  15.5  29.8  13.5  68.0  40.0 1506  17.6   6.4   4.5 -9.00 1002.8 1008.5 1010.8 2340 1006.0 1600  1.9 10.8 12.7 -9.0 23.85  3.23 1200   -9.0   -9.0 -9.00   -9.0   -9   -9.0   -9   -9.0   -9   -9.0   -9   -9.0   -9 -99.0 -99.0 -99.0 -99.0 -99.0
20260908 281  1.3  1098   9  4.1 1453   7  7.5 1546  20.9  27.9 1401  14.1  548  15.4  25.7  11.2  73.4  48.0 1354  17.5  -9.0  -9.0 -9.00  998.1 1009.2 1011.3 2358 1007.1 1418  4.0 10.7 12.7 -9.0 -9.00 -9.00   -9   -9.0   -9.0 -9.00   -9.0   -9   -9.0   -9   -9.0   -9   -9.0   -9   -9.0   -9 -99.0 -99.0 -99.0 -99.0 -99.0
20260908 283  2.7  2304   5  5.7 1250   7  9.2 1306  21.3  27.0 1256  15.0  533  16.4  24.8  12.1  75.0  53.0 1300  18.6   6.2   4.3 -9.00 1004.3 1008.9 1010.7 2115 1007.4 1338  2.6  8.0 12.7 -9.0 19.77  2.77 1000   -9.0   -9.0 -9.00   -9.0   -9   -9.0   -9   -9.0   -9   -9.0   -9   -9.0   -9 -99.0 -99.0 -99.0 -99.0 -99.0
20260908 284  1.3  1086  16  4.3 1612  16  6.7 1642  20.5  30.2 1457  13.2  537  14.7  24.9  10.4  74.1  30.0 1515  16.8   6.5   4.5 -9.00  982.1 1008.3 1011.0 2400 1004.8 1446  2.8  9.1 12.7 -9.0 23.22  3.24 1200   -9.0   -9.0 -9.00   -9.0   -9   -9.0   -9   -9.0   -9   -9.0   -9   -9.0   -9 -99.0 -99.0 -99.0 -99.0 -99.0
20260908 285  1.0   901   7  3.4 1508   5  6.4 1445  22.2  29.6 1532  15.3  638  16.2  29.1  12.5  73.5  35.0 1513  18.5  -9.0  -9.0 -9.00 1005.3 1008.3 1010.5 2354 1006.2 1412  1.5 11.1 12.7 -9.0 -9.00 -9.00   -9   -9.0   -9.0 -9.00   -9.0   -9   -9.0   -9   -9.0   -9   -9.0   -9   -9.0   -9 -99.0 -99.0 -99.0 -99.0 -99.0
20260908 288  1.9  1620   5  4.1 1436   2  7.6 2122  24.1  30.4 1449  17.1  431  15.6  27.2  17.9  61.5  41.0 1403  17.8   7.8   5.4 -9.00 1005.3 1006.3 1008.3 2119 1004.0 1423  0.9 11.5 12.7 -9.0 23.72  3.23 1200   -9.0   -9.0 -9.00   -9.0   -9   -9.0   -9   -9.0   -9   -9.0   -9   -9.0   -9 -99.0 -99.0 -99.0 -99.0 -99.0
20260908 289  1.0   892   5  3.2 1504   2  7.1 1502  21.7  30.4 1406  15.4  622  16.4  27.9  15.1  75.6  37.0 1431  18.7  -9.0  -9.0 -9.00  993.0 1008.9 1011.3 2348 1005.8 1455  1.6  9.8 12.7 -9.0 -9.00 -9.00   -9   -9.0   -9.0 -9.00   -9.0   -9   -9.0   -9   -9.0   -9   -9.0   -9   -9.0   -9 -99.0 -99.0 -99.0 -99.0 -99.0
20260908 294  1.3  1081  32  2.7 1206   9  6.1 1837  23.9  28.1 1306  19.1  435  16.9  28.1  15.7  65.6  49.0 1257  19.3  -9.0  -9.0 -9.00 1002.8 1008.0 1010.0 2304 1006.5 1705  1.5 10.8 12.7 -9.0 -9.00 -9.00   -9   -9.0   -9.0 -9.00   -9.0   -9   -9.0   -9   -9.0   -9   -9.0   -9   -9.0   -9 -99.0 -99.0 -99.0 -99.0 -99.0
20260908 295  1.3  1134   2  2.3 1303   2  5.2 1223  23.1  29.2 1509  18.9  619  16.5  29.4  15.7  68.4  39.0 1448  18.8  -9.0  -9.0 -9.00 1002.5 1007.8 1009.5 2339 1005.8 1549  1.3 11.4 12.7 -9.0 -9.00 -9.00   -9   -9.0   -9.0 -9.00   -9.0   -9   -9.0   -9   -9.0   -9   -9.0   -9   -9.0   -9 -99.0 -99.0 -99.0 -99.0 -99.0
20260908 296  3.2  2752   2  6.1 2025  34 11.0 1944  24.3  29.9 1312  18.1  558  17.1  25.9  14.8  66.1  46.0 1207  19.6   8.4   5.9 -9.00 1006.2 1006.5 1008.5 2140 1004.8 1345  1.4 11.3 12.7 -9.0 24.39  3.25 1200   -9.0   -9.0 -9.00   -9.0   -9   -9.0   -9   -9.0   -9   -9.0   -9   -9.0   -9 -99.0 -99.0 -99.0 -99.0 -99.0
20260909  90  3.4  2973  36  7.6  313   2 12.1  300  18.5  20.8  758  14.0 2343  11.1  18.9  13.4  63.9  46.0 1526  13.3   3.3   2.3 -9.00 1017.3 1019.4 1021.7 2208 1015.6  137  7.5  0.5 12.7 -9.0  6.15  0.94 1500    0.2   -9.0 -9.00    0.2   -9    0.2   -9   -9.0   -9   -9.0   -9   -9.0   -9 -99.0 -99.0 -99.0 -99.0 -99.0
20260909  93  2.3  2024   7  5.3 1128   2 11.4  236  18.8  23.1 1201  12.2 2348  10.9  23.3   9.8  62.0  45.0 1122  13.0   4.3   3.0 -9.00 1007.1 1018.3 1021.9 2230 1013.7    1  8.0  5.7 12.7 -9.0 15.52  3.00 1100    0.0   -9.0  0.45    0.0   -9    0.0   -9   -9.0   -9   -9.0   -9   -9.0   -9  24.8  25.3  25.2  23.0  19.8
20260909  95  2.7  2364  11  5.2  249  11  9.2 1306  18.4  24.3 1330  13.4 2400  11.4  23.1  13.7  66.1  41.0 1307  13.5   5.1   3.6 -9.00  999.9 1018.1 1022.0 2212 1013.3    4  7.9  7.6 12.7 -9.0 18.36  3.45 1100    0.0   -9.0 -9.00   -9.0   -9   -9.0   -9   -9.0   -9   -9.0   -9   -9.0   -9 -99.0 -99.0 -99.0 -99.0 -99.0
20260909  98  1.1   972   7  3.2 1748   7  6.6 1818  19.8  25.2 1245  14.6 2303  11.1  26.1  13.0  58.3  40.0 1248  13.3   4.3   3.0 -9.00 1003.4 1016.9 1021.0 2239 1011.5    1  7.3  5.9 12.7 -9.0 16.23  2.92 1200   -9.0   -9.0 -9.00   -9.0   -9   -9.0   -9   -9.0   -9   -9.0   -9   -9.0   -9 -99.0 -99.0 -99.0 -99.0 -99.0
20260909  99  2.0  1717   9  3.9 1237   7  8.1 1353  19.5  25.1 1516  14.1 2222  12.6  24.4  13.1  65.8  47.0 1518  14.7   4.9   3.5 -9.00 1013.8 1017.4 1021.5 2329 1012.0    1  7.3  6.2 12.7 -9.0 18.01  2.98 1100   -9.0   -9.0 -9.00   -9.0   -9   -9.0   -9   -9.0   -9   -9.0   -9   -9.0   -9 -99.0 -99.0 -99.0 -99.0 -99.0
20260909 100  2.8  2412   7  5.4  919   5 10.7  923  12.1  13.3 1146   9.3 2345   9.7  15.0   7.4  85.4  76.0 1520  12.0   1.3   0.9 -9.00  930.3 1019.4 1022.6 2344 1015.2    1  9.5  0.0 12.7 -9.0  3.97  0.56 1200    0.5   -9.0 -9.00    0.3 -2333    0.1   -9   -9.0   -9   -9.0   -9   -9.0   -9 -99.0 -99.0 -99.0 -99.0 -99.0
20260909 101  2.9  2474   7  5.6 1037   7  9.7 1029  19.0  23.8 1204  13.0 2340  11.3  22.7  10.7  62.5  45.0 1206  13.4   4.8   3.4 -9.00 1008.1 1017.0 1020.6 2231 1012.4    1  8.1  3.9 12.7 -9.0 16.86  3.22 1100   -9.0   -9.0 -9.00   -9.0   -9   -9.0   -9   -9.0   -9   -9.0   -9   -9.0   -9  25.4  25.3  24.5  20.4  16.8
20260909 102  3.8  3256  36  9.7   29  36 14.1   24  20.6  23.5 1314  18.6  416  14.5  24.2  17.1  68.6  56.0 1315  16.6   5.6   3.9 -9.00 1011.6 1015.8 1018.9 2256 1010.8    1  6.5  5.1 12.7 -9.0 18.94  2.82 1300   -9.0   -9.0 -9.00   -9.0   -9   -9.0   -9   -9.0   -9   -9.0   -9   -9.0   -9 -99.0 -99.0 -99.0 -99.0 -99.0
20260909 104  1.9  1684  29  3.9  141   7  8.6  948  17.7  20.3 1158  14.1 2400  13.3  17.6  11.4  76.3  59.0 1530  15.3   1.8   1.3 -9.00 1009.4 1018.3 1020.9 2236 1014.5    1  7.8  0.0 12.7 -9.0  4.62  0.69 1500    0.7    0.0  2.87    0.5 -2355    0.5   21   -9.0   -9   -9.0   -9   -9.0   -9  24.7  24.7  24.3  20.8  16.6
20260909 105  2.0  1735  32  3.6  134  14  7.0 1025  18.0  20.5 1207  13.6 2352  11.5  18.9  12.8  67.5  49.0 1221  13.6   2.2   1.5 -9.00 1015.8 1019.0 1021.7 2242 1015.2    1  7.8  0.0 12.7 -9.0  4.11  0.68 1200    0.7   -9.0 -9.00    0.9   -9    0.4   16   -9.0   -9   -9.0   -9   -9.0   -9  24.9  24.8  24.9  20.7  17.5
20260909 106  3.7  3188   2  8.3  749   5 13.3  744  18.4  20.5  945  13.2 2352  12.2  17.9  11.7  68.5  52.0 1514  14.2   2.7   1.9 -9.00 1014.0 1018.8 1021.6 2332 1014.6    1  7.9  0.0 12.7 -9.0  4.31  0.58 1200    0.4   -9.0 -9.00    1.7 -2331    0.4   13   -9.0   -9   -9.0   -9   -9.0   -9 -99.0 -99.0 -99.0 -99.0 -99.0
20260909 108  4.2  3648   5  6.8  908   7 13.6  904  21.3  26.1 1347  17.8 2354  10.6  24.9  14.4  50.9  41.0 1422  12.8   7.2   5.1 -9.00 1006.4 1016.4 1020.4 2246 1010.8    1  5.0  7.1 12.7 -9.0 19.49  3.18 1100    0.0   -9.0  0.25    0.0   -9    0.0   -9   -9.0   -9   -9.0   -9   -9.0   -9  25.5  25.3  25.3  21.6  17.0
20260909 112  3.7  3235   9  6.1  744   9 11.5  742  22.3  26.1 1326  18.9 2333  11.8  25.2  13.1  51.9  41.0 1429  13.9   6.5   4.6 -9.00 1007.9 1015.8 1019.9 2241 1010.2    2  5.9  4.9 12.7 -9.0 16.79  3.12 1200   -9.0   -9.0 -9.00   -9.0   -9   -9.0   -9   -9.0   -9   -9.0   -9   -9.0   -9  25.1  24.8  24.0  21.1  16.8
20260909 114  2.6  2242   5  4.9 1258   7  9.2 1254  20.0  24.5 1306  14.9 2351  11.8  24.2   9.8  59.9  47.0 1308  13.9   4.1   2.8 -9.00  999.0 1016.5 1020.7 2346 1011.0    1  7.5  2.1 12.7 -9.0 13.65  2.39 1100   -9.0   -9.0 -9.00   -9.0   -9   -9.0   -9   -9.0   -9   -9.0   -9   -9.0   -9 -99.0 -99.0 -99.0 -99.0 -99.0
20260909 115  8.3  7174   5 13.5  448   5 22.6  333  19.4  20.8  959  17.8 2309  12.8  21.1  14.6  66.0  60.0 2006  14.8   5.9   4.1 -9.00  990.2 1015.9 1019.9 2253 1010.5  100  5.8  5.1 12.7 -9.0 15.89  2.43 1200   -9.0   -9.0 -9.00   -9.0   -9   -9.0   -9   -9.0   -9   -9.0   -9   -9.0   -9  24.1  23.7  22.7  16.4 -99.0
20260909 119  3.5  3005   9  5.2  945   9  9.5  354  21.7  25.8 1428  18.2 2336  11.3  25.2  14.8  52.0  43.0 1441  13.4   6.4   4.5 -9.00 1011.0 1015.6 1019.8 2222 1010.4    1  5.1  6.7 12.7 -9.0 18.93  3.14 1200   -9.0   -9.0 -9.00   -9.0   -9   -9.0   -9   -9.0   -9   -9.0   -9   -9.0   -9  25.2  24.9  24.2  20.6  17.1
20260909 121  2.6  2257   9  7.3 1248   9 14.4 1255  17.9  23.8 1252  11.4 2352  11.2  20.9  15.2  65.9  46.0 1437  13.3   3.8   2.6 -9.00  989.8 1017.9 1022.2 2334 1012.4    1  8.5  2.7 12.7 -9.0 14.64  2.36 1200   -9.0   -9.0 -9.00   -9.0   -9   -9.0   -9   -9.0   -9   -9.0   -9   -9.0   -9 -99.0 -99.0 -99.0 -99.0 -99.0
20260909 127  3.5  3057   5  6.6  153   5 12.1  114  20.2  24.7 1230  15.1 2327  10.8  23.7  13.5  55.1  44.0 1529  13.0   5.2   3.7 -9.00 1002.3 1015.7 1019.6 2241 1009.8    1  6.8  6.0 12.7 -9.0 17.56  2.78 1200   -9.0   -9.0 -9.00   -9.0   -9   -9.0   -9   -9.0   -9   -9.0   -9   -9.0   -9 -99.0 -99.0 -99.0 -99.0 -99.0
20260909 129  3.5  3036  11  5.8  534   2  9.7 1043  22.0  26.7 1516  17.7 2355  12.8  23.5  13.9  56.6  42.0 1534  14.8   6.8   4.8 -9.00 1012.2 1015.1 1019.5 2311 1010.0    1  4.3  8.7 12.7 -9.0 22.16  3.22 1200   -9.0   -9.0 -9.00   -9.0   -9   -9.0   -9   -9.0   -9   -9.0   -9   -9.0   -9  24.9  25.0  24.3  20.8  17.7
20260909 130  2.8  2393   9  5.2  857  18 11.1  111  19.0  21.8  908  15.9 2326  13.0  19.6  13.3  69.0  55.0 1532  15.1  -9.0  -9.0 -9.00 1012.1 1017.8 1020.8 2339 1012.9   20  7.1  0.7 12.7 -9.0 -9.00 -9.00   -9    0.3   -9.0 -9.00    0.3  110    0.2   -9   -9.0   -9   -9.0   -9   -9.0   -9 -99.0 -99.0 -99.0 -99.0 -99.0
20260909 131  3.1  2708   9  5.0 1824   5  8.1 1318  22.2  26.3 1237  18.8 2350  12.1  23.8  16.2  53.5  43.0 1239  14.2   5.6   3.9 -9.00 1008.5 1015.3 1019.4 2317 1010.0    1  5.1  5.9 12.7 -9.0 15.25  2.84 1100   -9.0   -9.0 -9.00   -9.0   -9   -9.0   -9   -9.0   -9   -9.0   -9   -9.0   -9 -99.0 -99.0 -99.0 -99.0 -99.0
20260909 133  3.1  2688  14  6.8 1638  14  9.8 1632  21.8  27.4 1325  18.5 2342  13.6  25.3  15.5  60.3  47.0 1246  15.7   6.1   4.3 -9.00 1007.7 1015.6 1019.6 2325 1010.1    1  4.6  7.4 12.7 -9.0 19.28  3.09 1200   -9.0   -9.0 -9.00   -9.0   -9   -9.0   -9   -9.0   -9   -9.0   -9   -9.0   -9  27.3  27.0  26.4  23.7  19.2
20260909 135  2.8  2386   9  5.9  959   9  9.7  953  18.7  22.6 1143  13.1 2359  12.8  22.1  10.9  69.0  56.0 1014  14.8   3.5   2.4 -9.00  987.7 1016.1 1020.3 2326 1010.9   42  9.3  4.3 12.7 -9.0 12.09  2.21  900   -9.0   -9.0 -9.00   -9.0   -9   -9.0   -9   -9.0   -9   -9.0   -9   -9.0   -9 -99.0 -99.0 -99.0 -99.0 -99.0
20260909 136  1.5  1307  11  4.2 1219  14  8.5 1042  19.4  24.2 1123  14.1 2358  11.8  25.4  11.9  62.1  50.0 1042  13.9   3.2   2.3 -9.00 1001.1 1017.6 1021.5 2349 1012.0   38  7.6  4.0 12.7 -9.0 11.72  2.13 1000   -9.0   -9.0 -9.00   -9.0   -9   -9.0   -9   -9.0   -9   -9.0   -9   -9.0   -9 -99.0 -99.0 -99.0 -99.0 -99.0
20260909 137  0.7   602   5  1.9 1139  11  5.0 1401  20.0  25.5 1131  14.8 2356  13.8  24.9  12.2  68.1  54.0 1132  15.8   2.8   2.0 -9.00 1004.4 1015.7 1019.6 2338 1010.1    9  8.3  4.6 12.7 -9.0 11.74  2.44 1100   -9.0   -9.0 -9.00   -9.0   -9   -9.0   -9   -9.0   -9   -9.0   -9   -9.0   -9 -99.0 -99.0 -99.0 -99.0 -99.0
20260909 138  5.5  4741   5  9.0  300   2 15.0  546  21.6  23.4    1  19.6 2325  13.5  22.9  18.2  60.5  51.0 1937  15.6   4.5   3.2 -9.00 1015.0 1015.5 1018.8 2147 1010.0   36  9.1  0.5 12.7 -9.0  5.32  1.03  800    0.0    0.0  4.58    0.0   -9    0.0   -9   -9.0   -9   -9.0   -9   -9.0   -9  24.9  23.8  23.1  19.9  17.4
20260909 140  2.8  2411   7  4.2 2119   2  9.0  908  23.0  27.3 1429  19.1 2354  16.1  28.2  16.4  66.0  54.0 1401  18.4  -9.0  -9.0 -9.00 1011.8 1015.0 1019.2 2311 1010.1    1  3.1 10.9 12.7 -9.0 -9.00 -9.00   -9   -9.0   -9.0 -9.00   -9.0   -9   -9.0   -9   -9.0   -9   -9.0   -9   -9.0   -9 -99.0 -99.0 -99.0 -99.0 -99.0
20260909 143  2.6  2241   9  5.7 1553   7 10.0  942  21.2  24.2 1036  17.5 2343  11.7  24.8  13.7  55.1  44.0 2057  13.9   4.0   2.8 -9.00 1009.9 1016.2 1019.9 2225 1010.7  119  8.4  3.8 12.7 -9.0 11.23  1.84 1000   -9.0   -9.0 -9.00   -9.0   -9   -9.0   -9   -9.0   -9   -9.0   -9   -9.0   -9 -99.0 -99.0 -99.0 -99.0 -99.0
20260909 146  2.3  1980   9  5.9 1841   9  9.5 1834  23.3  29.2 1408  19.1 2354  15.2  25.5  13.4  61.5  42.0 1410  17.3   6.7   4.7 -9.00 1007.0 1013.9 1018.3 2353 1009.4    1  4.1  8.5 12.7 -9.0 20.44  3.03 1100   -9.0   -9.0 -9.00   -9.0   -9   -9.0   -9   -9.0   -9   -9.0   -9   -9.0   -9 -99.0 -99.0 -99.0 -99.0 -99.0
20260909 152  4.1  3519   7  6.6 1213   9 12.1  822  20.9  23.0  906  18.9 2320  12.8  21.9  18.2  60.3  55.0  731  14.9   4.1   2.9 -9.00 1005.1 1014.6 1018.2 2301 1008.8    1  6.6  1.1 12.7 -9.0  7.96  1.34 1100    0.0   -9.0  0.28    0.0   -9    0.0   -9   -9.0   -9   -9.0   -9   -9.0   -9 -99.0 -99.0 -99.0 -99.0 -99.0
20260909 155  3.0  2572   5  6.2 1140  11 11.7 1001  22.2  26.5 1115  19.3 2400  14.2  22.2  16.8  61.1  47.0 1116  16.3   5.0   3.5 -9.00 1010.4 1014.4 1018.3 2248 1009.2    1  5.6  4.5 12.6 -9.0 12.90  2.71 1000   -9.0   -9.0 -9.00   -9.0   -9   -9.0   -9   -9.0   -9   -9.0   -9   -9.0   -9 -99.0 -99.0 -99.0 -99.0 -99.0
20260909 156  2.8  2410   5  5.2 1417  36  9.1 1412  23.7  29.5 1427  19.8 2325  16.3  30.9  16.6  64.9  46.0 1246  18.6   9.6   6.7 -9.00 1005.3 1013.4 1017.5 2359 1009.2    1  5.3  8.5 12.6 -9.0 -9.00 -9.00   -9   -9.0   -9.0 -9.00   -9.0   -9   -9.0   -9   -9.0   -9   -9.0   -9   -9.0   -9 -99.0 -99.0 -99.0 -99.0 -99.0
20260909 159  4.2  3594   9  6.3 1219   7 14.5 1217  22.8  27.1 1204  19.8 2354  13.8  25.8  16.5  57.4  48.0  956  15.8   6.8   4.8 -9.00 1005.4 1013.4 1017.2 2157 1007.9   15  5.0  5.7 12.6 -9.0 18.09  3.33 1200   -9.0   -9.0 -9.00   -9.0   -9   -9.0   -9   -9.0   -9   -9.0   -9   -9.0   -9  26.9  27.1  26.3  21.4  19.4
20260909 162  3.8  3289   5  6.5  803   2 11.9  750  22.6  27.1 1259  19.8 2350  14.3  23.7  16.4  60.1  45.0 1218  16.3   6.0   4.2 -9.00 1009.4 1013.0 1017.0 2227 1008.0    1  3.9  6.4 12.6 -9.0 16.75  3.04 1100   -9.0   -9.0 -9.00   -9.0   -9   -9.0   -9   -9.0   -9   -9.0   -9   -9.0   -9 -99.0 -99.0 -99.0 -99.0 -99.0
20260909 165  2.4  2088  34  4.5 1558  18  7.1 1857  24.1  28.0 1206  20.5  608  17.5  29.5  17.5  67.5  54.0 1209  20.1   5.1   3.6 -9.00 1008.3 1013.4 1017.3 2238 1009.3  130  5.1  6.5 12.6 -9.0 16.73  3.06 1100    0.0    0.0  1.37    0.0   -9    0.0   -9   -9.0   -9   -9.0   -9   -9.0   -9  27.1  25.9  25.6  22.4  19.0
20260909 168  7.6  6604   5 10.8  857   9 17.2 2028  23.3  26.7 1408  20.8 2334  14.1  25.0  20.1  56.8  46.0 1409  16.1   9.8   6.8 -9.00 1006.2 1013.8 1017.7 2239 1009.2    1  1.8  9.2 12.6 -9.0 22.53  3.22 1200   -9.0   -9.0 -9.00   -9.0   -9   -9.0   -9   -9.0   -9   -9.0   -9   -9.0   -9  27.6  27.1  26.0  21.7  17.9
20260909 169  3.9  3402  36  9.3    1  36 11.4   36  25.2  29.6 1449  22.3 2328  19.8  29.4  21.2  73.1  54.0 1500  23.2   7.4   5.2 -9.00 1004.7 1013.3 1016.5 2137 1009.5  139  3.5 11.5 12.6 -9.0 23.72  3.22 1200   -9.0   -9.0 -9.00   -9.0   -9   -9.0   -9   -9.0   -9   -9.0   -9   -9.0   -9 -99.0 -99.0 -99.0 -99.0 -99.0
20260909 170  2.8  2426   7  5.6 2118   7  8.9 1908  24.7  30.9 1415  19.9  434  17.6  29.3  17.6  66.4  48.0 1423  20.2   7.8   5.4 -9.00 1009.5 1013.6 1017.3 2153 1009.4   10  5.6  9.6 12.6 -9.0 23.05  3.31 1200   -9.0   -9.0 -9.00   -9.0   -9   -9.0   -9   -9.0   -9   -9.0   -9   -9.0   -9 -99.0 -99.0 -99.0 -99.0 -99.0
20260909 172  2.0  1769   9  4.5 1628   5  6.9 1619  23.0  29.3 1426  17.9  406  17.2  26.9  16.2  72.3  46.0 1148  19.6   6.1   4.3 -9.00 1007.2 1013.3 1017.4 2400 1009.2   12  5.5  9.6 12.6 -9.0 22.04  3.02 1200   -9.0   -9.0 -9.00   -9.0   -9   -9.0   -9   -9.0   -9   -9.0   -9   -9.0   -9 -99.0 -99.0 -99.0 -99.0 -99.0
20260909 174  1.1   947  11  3.5 1501  11  5.9 1601  20.1  27.5 1306  15.3  617  14.9  25.9  14.5  75.3  42.0 1227  17.0  -9.0  -9.0 -9.00  993.2 1012.3 1016.5 2234 1008.2  102  5.9  6.7 12.6 -9.0 -9.00 -9.00   -9   -9.0   -9.0 -9.00   -9.0   -9   -9.0   -9   -9.0   -9   -9.0   -9   -9.0   -9 -99.0 -99.0 -99.0 -99.0 -99.0
20260909 177  3.0  2602   7  5.4  921   7  8.6 1018  21.8  27.1 1500  16.8 2400  15.2  28.0  15.7  67.3  48.0 1414  17.3   6.1   4.3 -9.00 1010.6 1013.8 1018.2 2318 1008.6    1  4.9  8.7 12.7 -9.0 21.27  2.98 1100   -9.0   -9.0 -9.00   -9.0   -9   -9.0   -9   -9.0   -9   -9.0   -9   -9.0   -9 -99.0 -99.0 -99.0 -99.0 -99.0
20260909 181  3.1  2648   5  5.6 1153   5  9.1 1237  20.1  25.1 1339  15.8 2339  12.9  22.8  13.2  64.1  49.0 1227  14.9   4.9   3.4 -9.00 1011.9 1015.8 1020.0 2323 1010.6    1  5.9  6.8 12.7 -9.0 17.20  3.15 1200   -9.0   -9.0 -9.00   -9.0   -9   -9.0   -9   -9.0   -9   -9.0   -9   -9.0   -9 -99.0 -99.0 -99.0 -99.0 -99.0
20260909 184  3.4  2977   7  6.4 1046   7 10.9 1307  25.2  28.6 1352  23.1  621  17.0  30.8  19.7  61.0  49.0 1352  19.4   6.2   4.4 -9.00 1010.1 1012.5 1015.9 2256 1008.1    6  5.1  6.8 12.6 -9.0 14.78  2.38 1300   -9.0   -9.0 -9.00   -9.0   -9   -9.0   -9   -9.0   -9   -9.0   -9   -9.0   -9  28.8  28.1  28.1  24.7  20.1
20260909 185  3.5  3024  27  6.3 1353   5  8.8 1551  24.4  28.6 1043  21.5  323  17.6  27.7  18.4  66.9  48.0 1532  20.2   6.1   4.3 -9.00 1004.0 1012.2 1015.6 2159 1008.6    1  3.3  8.4 12.6 -9.0 16.91  2.69 1000   -9.0   -9.0 -9.00   -9.0   -9   -9.0   -9   -9.0   -9   -9.0   -9   -9.0   -9 -99.0 -99.0 -99.0 -99.0 -99.0
20260909 188  4.4  3797   5  7.2 1402   5 13.2 1653  24.1  26.9 1255  21.5  438  18.0  27.0  18.5  69.4  58.0 1258  20.6  -9.0  -9.0 -9.00 1010.9 1013.3 1016.6 2145 1009.1    1  5.1  5.7 12.6 -9.0 -9.00 -9.00   -9   -9.0   -9.0 -9.00   -9.0   -9   -9.0   -9   -9.0   -9   -9.0   -9   -9.0   -9 -99.0 -99.0 -99.0 -99.0 -99.0
20260909 189  3.2  2772   7  6.7 1240   9 12.6 1231  24.6  28.6 1129  22.0  558  17.3  29.6  19.2  64.3  54.0 1132  19.8   6.7   4.7 -9.00 1006.9 1012.8 1015.9 2246 1008.8    1  4.4  8.1 12.6 -9.0 19.18  2.88 1100    0.0    0.0  0.30    0.0   -9    0.0   -9   -9.0   -9   -9.0   -9   -9.0   -9 -99.0 -99.0 -99.0 -99.0 -99.0
20260909 192  1.5  1268   7  3.7 1041   7  7.9 1312  20.5  26.1 1225  16.1  348  13.2  25.4  16.2  64.1  48.0 1225  15.2   4.3   3.0 -9.00 1011.5 1014.9 1018.9 2225 1009.9    1  5.8  5.4 12.6 -9.0 15.72  2.70 1000   -9.0   -9.0 -9.00   -9.0   -9   -9.0   -9   -9.0   -9   -9.0   -9   -9.0   -9 -99.0 -99.0 -99.0 -99.0 -99.0
20260909 201  3.1  2712   5  4.9  224   5  9.2  215  20.4  25.1 1511  17.3 2352  13.0  24.5  12.6  63.0  48.0 1513  15.0  -9.0  -9.0 -9.00 1011.5 1017.1 1021.0 2202 1011.6    1  6.8  6.5 12.7 -9.0 -9.00 -9.00   -9   -9.0   -9.0 -9.00   -9.0   -9   -9.0   -9   -9.0   -9   -9.0   -9   -9.0   -9 -99.0 -99.0 -99.0 -99.0 -99.0
20260909 202  2.4  2070   5  5.1 1218   2 12.8  228  20.5  25.1 1338  15.5 2318  10.7  25.8  11.0  54.6  42.0 1315  12.9  -9.0  -9.0 -9.00 1011.6 1017.1 1020.9 2312 1011.6    1  6.0  6.0 12.7 -9.0 -9.00 -9.00   -9   -9.0   -9.0 -9.00   -9.0   -9   -9.0   -9   -9.0   -9   -9.0   -9   -9.0   -9 -99.0 -99.0 -99.0 -99.0 -99.0
20260909 203  1.6  1360   7  3.8 1124   7  7.1 1058  19.9  26.0 1355  13.6 2344  12.9  24.4  11.8  65.4  48.0 1449  14.9  -9.0  -9.0 -9.00 1007.9 1017.3 1021.3 2241 1011.9    1  7.1  5.1 12.7 -9.0 -9.00 -9.00   -9   -9.0   -9.0 -9.00   -9.0   -9   -9.0   -9   -9.0   -9   -9.0   -9   -9.0   -9 -99.0 -99.0 -99.0 -99.0 -99.0
20260909 211  2.8  2400   2  5.6    4   2 10.8  619  16.6  19.9 1459  11.0 2357  10.2  21.1   7.2  67.3  52.0 1048  12.4  -9.0  -9.0 -9.00  994.9 1018.7 1022.2 2309 1014.6  230  8.8  0.3 12.7 -9.0 -9.00 -9.00   -9    0.0   -9.0 -9.00   -9.0   -9   -9.0   -9   -9.0   -9   -9.0   -9   -9.0   -9 -99.0 -99.0 -99.0 -99.0 -99.0
20260909 212  2.0  1770   7  4.5 1158   5 10.0 1239  18.9  23.4 1225  13.0 2356  10.5  25.1  10.5  59.8  42.0 1227  12.7  -9.0  -9.0 -9.00 1001.7 1018.2 1022.0 2353 1013.3    1  7.9  4.9 12.7 -9.0 -9.00 -9.00   -9   -9.0   -9.0 -9.00   -9.0   -9   -9.0   -9   -9.0   -9   -9.0   -9   -9.0   -9 -99.0 -99.0 -99.0 -99.0 -99.0
20260909 216  2.4  2049  34  5.4  206   5 12.3 1024  12.5  15.0    8   8.8 2355  10.5  15.6  10.1  88.3  74.0 1604  12.7   1.2   0.8 -9.00  936.7 1019.3 1023.2 2355 1013.6   18  9.6  0.0 12.7 -9.0  4.33  0.61 1100    3.6   -9.0 -9.00    1.2  904    0.6  954   -9.0   -9   -9.0   -9   -9.0   -9 -99.0 -99.0 -99.0 -99.0 -99.0
20260909 217  1.5  1280  36  3.5 1258  29  7.2 1319  16.3  18.9 1240  10.8 2349  10.6  20.3   7.3  70.5  57.0 1241  12.8  -9.0  -9.0 -9.00  982.0 1018.5 1022.5 2329 1013.4    1  9.3  0.0 12.7 -9.0 -9.00 -9.00   -9   -9.0   -9.0 -9.00   -9.0   -9   -9.0   -9   -9.0   -9   -9.0   -9   -9.0   -9 -99.0 -99.0 -99.0 -99.0 -99.0
20260909 221  2.5  2159   5  5.3 1200   5 10.5 1043  16.8  22.2 1232  10.5 2336  11.0  22.3   8.4  70.5  52.0 1225  13.2  -9.0  -9.0 -9.00  986.5 1017.4 1021.6 2326 1011.7    3  8.0  2.4 12.7 -9.0 -9.00 -9.00   -9   -9.0   -9.0 -9.00   -9.0   -9   -9.0   -9   -9.0   -9   -9.0   -9   -9.0   -9 -99.0 -99.0 -99.0 -99.0 -99.0
20260909 226  1.2  1014  14  3.2 1811  16  7.1 1802  18.9  24.0 1242  14.9 2359  13.4  22.7  10.3  72.6  53.0 1244  15.5  -9.0  -9.0 -9.00  996.2 1016.2 1020.3 2338 1011.0    1  7.1  5.0 12.7 -9.0 -9.00 -9.00   -9   -9.0   -9.0 -9.00   -9.0   -9   -9.0   -9   -9.0   -9   -9.0   -9   -9.0   -9 -99.0 -99.0 -99.0 -99.0 -99.0
20260909 232  3.0  2611   7  5.2  842   7  9.2  938  20.9  25.7 1401  15.8 2354  13.0  24.1  13.5  61.4  48.0 1315  15.0  -9.0  -9.0 -9.00 1006.5 1016.4 1020.5 2306 1011.1    1  5.9  7.5 12.7 -9.0 -9.00 -9.00   -9   -9.0   -9.0 -9.00   -9.0   -9   -9.0   -9   -9.0   -9   -9.0   -9   -9.0   -9 -99.0 -99.0 -99.0 -99.0 -99.0
20260909 235  2.5  2180   2  5.3 1020   9  8.6 1123  23.6  28.6 1500  19.2 2358  15.0  26.6  16.6  59.5  45.0 1503  17.1   7.2   5.0 -9.00 1012.6 1013.7 1018.2 2325 1009.0    1  3.3 10.1 12.7 -9.0 21.76  3.18 1100   -9.0   -9.0 -9.00   -9.0   -9   -9.0   -9   -9.0   -9   -9.0   -9   -9.0   -9 -99.0 -99.0 -99.0 -99.0 -99.0
20260909 236  1.9  1626   9  3.7 1757   9  7.2 1807  22.1  27.2 1425  17.9 2352  14.8  26.7  15.1  64.9  48.0 1416  16.9  -9.0  -9.0 -9.00 1013.7 1015.3 1019.5 2321 1010.2    1  4.5  9.4 12.7 -9.0 -9.00 -9.00   -9   -9.0   -9.0 -9.00   -9.0   -9   -9.0   -9   -9.0   -9   -9.0   -9   -9.0   -9 -99.0 -99.0 -99.0 -99.0 -99.0
20260909 238  1.8  1593   9  4.3 1625   9  8.8 1937  20.7  26.0 1407  15.5 2355  14.0  24.9  12.3  67.6  48.0 1258  16.0  -9.0  -9.0 -9.00  995.2 1014.9 1019.1 2328 1010.1    2  6.9  8.0 12.7 -9.0 -9.00 -9.00   -9   -9.0   -9.0 -9.00   -9.0   -9   -9.0   -9   -9.0   -9   -9.0   -9   -9.0   -9 -99.0 -99.0 -99.0 -99.0 -99.0
20260909 239  1.8  1555   9  3.4 1740  14  6.5 1755  21.3  26.5 1312  17.6 2337  14.1  26.6  14.5  64.4  48.0 1336  16.2   4.4   3.1 -9.00 1004.5 1014.8 1019.2 2327 1009.8    4  5.9  5.1 12.7 -9.0 15.62  2.83 1100   -9.0   -9.0 -9.00   -9.0   -9   -9.0   -9   -9.0   -9   -9.0   -9   -9.0   -9 -99.0 -99.0 -99.0 -99.0 -99.0
20260909 243  2.0  1752   7  4.7 1758   7  8.1 1706  22.9  29.0 1420  18.2 2357  15.9  27.3  16.1  67.0  43.0 1415  18.1  -9.0  -9.0 -9.00 1012.8 1014.2 1018.3 2343 1009.6    1  3.6  8.4 12.7 -9.0 -9.00 -9.00   -9   -9.0   -9.0 -9.00   -9.0   -9   -9.0   -9   -9.0   -9   -9.0   -9   -9.0   -9 -99.0 -99.0 -99.0 -99.0 -99.0
20260909 244  1.2  1079  18  3.4 1649  18  6.0 1824  20.3  26.8 1224  15.2  600  14.5  22.6  14.0  71.8  47.0 1225  16.5  -9.0  -9.0 -9.00  985.7 1014.2 1018.3 2340 1009.9    4  6.1  7.0 12.6 -9.0 -9.00 -9.00   -9   -9.0   -9.0 -9.00   -9.0   -9   -9.0   -9   -9.0   -9   -9.0   -9   -9.0   -9 -99.0 -99.0 -99.0 -99.0 -99.0
20260909 245  2.2  1898  34  5.1 1510   5  9.3 1542  22.8  29.4 1439  17.9  608  15.7  29.6  15.8  66.4  46.0 1411  17.9   6.8   4.8 -9.00 1005.8 1013.8 1018.0 2319 1009.4  125  5.1  9.2 12.7 -9.0 22.07  3.12 1200   -9.0   -9.0 -9.00   -9.0   -9   -9.0   -9   -9.0   -9   -9.0   -9   -9.0   -9 -99.0 -99.0 -99.0 -99.0 -99.0
20260909 247  4.9  4197   7  7.8  841   7 13.9  821  22.2  27.0 1138  19.0 2342  14.8  25.2  16.7  63.5  50.0 1155  16.8  -9.0  -9.0 -9.00  998.4 1013.8 1017.7 2349 1009.2  106  5.3  9.3 12.7 -9.0 -9.00 -9.00   -9   -9.0   -9.0 -9.00   -9.0   -9   -9.0   -9   -9.0   -9   -9.0   -9   -9.0   -9 -99.0 -99.0 -99.0 -99.0 -99.0
20260909 248  1.4  1214   7  4.4 1329   7  8.9 1354  18.0  24.4 1145  13.0  525  13.3  21.7  11.3  76.6  51.0 1147  15.3  -9.0  -9.0 -9.00  968.5 1015.3 1019.9 2352 1011.0  120  6.6  5.0 12.6 -9.0 -9.00 -9.00   -9   -9.0   -9.0 -9.00   -9.0   -9   -9.0   -9   -9.0   -9   -9.0   -9   -9.0   -9 -99.0 -99.0 -99.0 -99.0 -99.0
20260909 251  2.5  2139   9  5.9 2024  11  8.4 1854  23.0  29.4 1349  17.2  502  17.2  25.4  17.3  72.3  50.0 1113  19.7   6.3   4.4 -9.00 1007.5 1013.3 1017.5 2325 1009.2   12  5.3  9.2 12.6 -9.0 20.27  2.86 1300   -9.0   -9.0 -9.00   -9.0   -9   -9.0   -9   -9.0   -9   -9.0   -9   -9.0   -9 -99.0 -99.0 -99.0 -99.0 -99.0
20260909 252  1.0   845  32  2.8 1426  29  5.9 1437  23.2  29.1 1454  17.7  609  16.6  27.4  16.7  69.0  46.0 1319  18.9   5.6   3.9 -9.00 1009.0 1013.3 1017.3 2328 1009.1    1  5.1  8.8 12.6 -9.0 21.00  3.07 1100   -9.0   -9.0 -9.00   -9.0   -9   -9.0   -9   -9.0   -9   -9.0   -9   -9.0   -9 -99.0 -99.0 -99.0 -99.0 -99.0
20260909 253  1.5  1265  29  2.7  908  29  7.9  139  22.4  27.7 1127  19.2 2343  14.5  25.7  16.8  61.6  51.0 1040  16.6   4.6   3.2 -9.00 1008.9 1015.2 1019.1 2307 1009.5    1  7.6  3.9 12.7 -9.0 15.42  3.11 1100   -9.0   -9.0 -9.00   -9.0   -9   -9.0   -9   -9.0   -9   -9.0   -9   -9.0   -9 -99.0 -99.0 -99.0 -99.0 -99.0
20260909 254  1.8  1584  11  4.7 1050   9  8.4 1906  22.1  28.3 1335  17.4  412  14.1  26.2  15.1  62.9  41.0 1251  16.1   6.2   4.4 -9.00  999.3 1014.2 1018.2 2341 1009.8  105  5.8  7.9 12.7 -9.0 20.67  3.26 1200   -9.0   -9.0 -9.00   -9.0   -9   -9.0   -9   -9.0   -9   -9.0   -9   -9.0   -9 -99.0 -99.0 -99.0 -99.0 -99.0
20260909 255  3.3  2850  32  6.1 1156  34 10.9 1155  22.3  27.7 1136  19.4 2352  14.5  22.3  15.9  61.6  45.0 1125  16.5   4.9   3.4 -9.00 1008.3 1014.2 1018.2 2319 1008.9    5  7.3  3.9 12.6 -9.0 11.42  2.62 1000   -9.0   -9.0 -9.00   -9.0   -9   -9.0   -9   -9.0   -9   -9.0   -9   -9.0   -9 -99.0 -99.0 -99.0 -99.0 -99.0
20260909 257  3.6  3099   7  6.3  456   5 14.6  452  22.6  26.7 1143  20.3 2254  14.8  24.5  18.0  61.9  50.0 1033  16.9   4.9   3.4 -9.00 1013.6 1014.3 1018.0 2143 1008.7    1  7.1  3.3 12.6 -9.0 12.80  2.75 1000   -9.0   -9.0 -9.00   -9.0   -9   -9.0   -9   -9.0   -9   -9.0   -9   -9.0   -9 -99.0 -99.0 -99.0 -99.0 -99.0
20260909 258  2.8  2422  11  5.7 1551  11  7.9 1941  22.4  28.9 1452  17.6  559  16.3  24.5  16.4  71.1  47.0 1416  18.7   6.8   4.7 -9.00 1013.9 1014.1 1018.1 2222 1009.7    1  5.0  8.3 12.6 -9.0 21.32  3.32 1200   -9.0   -9.0 -9.00   -9.0   -9   -9.0   -9   -9.0   -9   -9.0   -9   -9.0   -9 -99.0 -99.0 -99.0 -99.0 -99.0
20260909 259  1.4  1245   9  4.0  955   9  7.5 1804  23.5  28.9 1258  18.8  529  17.0  26.3  16.9  68.5  50.0 1225  19.4   5.5   3.9 -9.00 1011.4 1013.2 1017.1 2252 1009.1    9  6.3  6.7 12.6 -9.0 18.09  3.30 1200   -9.0   -9.0 -9.00   -9.0   -9   -9.0   -9   -9.0   -9   -9.0   -9   -9.0   -9 -99.0 -99.0 -99.0 -99.0 -99.0
20260909 260  1.6  1424  14  5.2  955  11  7.8 1755  22.9  27.9 1202  18.0  533  16.5  26.4  17.0  69.0  53.0 1208  18.9  -9.0  -9.0 -9.00 1008.2 1013.3 1017.2 2210 1009.2   43  6.1  5.5 12.6 -9.0 -9.00 -9.00   -9   -9.0   -9.0 -9.00   -9.0   -9   -9.0   -9   -9.0   -9   -9.0   -9   -9.0   -9 -99.0 -99.0 -99.0 -99.0 -99.0
20260909 261  2.4  2064  11  5.2 1002  11  9.1  855  23.7  29.5 1310  17.9  523  17.9  27.0  16.3  71.5  52.0 1311  20.5  -9.0  -9.0 -9.00 1011.6 1013.5 1017.3 2334 1009.6    4  6.3  6.8 12.6 -9.0 -9.00 -9.00   -9   -9.0   -9.0 -9.00   -9.0   -9   -9.0   -9   -9.0   -9   -9.0   -9   -9.0   -9 -99.0 -99.0 -99.0 -99.0 -99.0
20260909 262  2.1  1800   5  4.8  955   7 10.1  950  23.4  29.1 1506  17.8  356  15.4  27.9  20.3  62.6  42.0 1426  17.6   6.8   4.8 -9.00 1007.6 1013.6 1017.5 2233 1009.1    1  4.1  8.9 12.6 -9.0 21.53  3.01 1300   -9.0   -9.0 -9.00   -9.0   -9   -9.0   -9   -9.0   -9   -9.0   -9   -9.0   -9 -99.0 -99.0 -99.0 -99.0 -99.0
20260909 263  2.4  2084   7  5.3 1000   5 10.7  958  20.0  24.7 1101  15.5 2300  14.5  25.4  12.7  72.0  55.0 1144  16.6   4.2   3.0 -9.00 1013.3 1015.0 1019.0 2240 1009.7    2  7.0  4.6 12.6 -9.0 14.39  2.82 1000   -9.0   -9.0 -9.00   -9.0   -9   -9.0   -9   -9.0   -9   -9.0   -9   -9.0   -9 -99.0 -99.0 -99.0 -99.0 -99.0
20260909 264  1.2  1048  11  3.9 1636  11  6.8 1229  20.0  26.5 1140  15.3 2359  15.3  23.4  13.7  76.6  50.0 1135  17.4   3.8   2.7 -9.00  997.8 1015.5 1019.7 2234 1010.8    1  8.5  4.4 12.7 -9.0 14.42  2.96 1100   -9.0   -9.0 -9.00   -9.0   -9   -9.0   -9   -9.0   -9   -9.0   -9   -9.0   -9 -99.0 -99.0 -99.0 -99.0 -99.0
20260909 266  3.0  2620   9  5.1 1456   9 11.4 1741  22.8  27.4 1306  19.6 2356  14.4  27.6  18.5  59.5  47.0 1310  16.4   6.9   4.8 -9.00 1004.2 1014.4 1018.3 2223 1009.8    1  4.4  8.1 12.6 -9.0 21.30  3.19 1200   -9.0   -9.0 -9.00   -9.0   -9   -9.0   -9   -9.0   -9   -9.0   -9   -9.0   -9 -99.0 -99.0 -99.0 -99.0 -99.0
20260909 268  0.9   757  18  3.9 1145  18  5.7 1143  22.9  27.9 1218  19.0  453  18.5  25.2  17.6  77.9  52.0 1040  21.2  -9.0  -9.0 -9.00 1010.8 1011.9 1015.6 2202 1007.9  101  6.1  5.9 12.6 -9.0 -9.00 -9.00   -9    1.2   -9.0 -9.00    1.0 1839    0.4 1857   -9.0   -9   -9.0   -9   -9.0   -9 -99.0 -99.0 -99.0 -99.0 -99.0
20260909 271  2.0  1757  32  4.9 1147   5  9.7 1427  16.7  21.1 1028  10.2 2348  10.6  22.3   8.2  68.5  56.0  844  12.8  -9.0  -9.0 -9.00  979.9 1017.7 1022.0 2157 1011.8   52  8.5  4.2 12.7 -9.0 -9.00 -9.00   -9   -9.0   -9.0 -9.00   -9.0   -9   -9.0   -9   -9.0   -9   -9.0   -9   -9.0   -9 -99.0 -99.0 -99.0 -99.0 -99.0
20260909 272  2.2  1861   5  4.4 1355   5  7.3 1348  17.6  22.7 1012  11.7 2343  12.2  24.6   9.2  72.3  53.0 1046  14.2  -9.0  -9.0 -9.00  992.4 1017.1 1021.3 2336 1011.5    4  8.4  3.3 12.7 -9.0 -9.00 -9.00   -9   -9.0   -9.0 -9.00   -9.0   -9   -9.0   -9   -9.0   -9   -9.0   -9   -9.0   -9 -99.0 -99.0 -99.0 -99.0 -99.0
20260909 273  1.4  1235  11  3.8 1755   9  6.9 1750  18.8  23.5 1031  13.5 2330  13.6  23.2   9.8  73.1  58.0 1033  15.7  -9.0  -9.0 -9.00  996.0 1016.2 1020.2 2349 1010.7    1  8.6  4.0 12.7 -9.0 -9.00 -9.00   -9   -9.0   -9.0 -9.00   -9.0   -9   -9.0   -9   -9.0   -9   -9.0   -9   -9.0   -9 -99.0 -99.0 -99.0 -99.0 -99.0
20260909 276  2.1  1775   5  4.5 1525   7  8.5 1516  17.5  21.4  901  11.4 2352  13.0  20.6   9.3  76.5  57.0 1719  15.1   2.3   1.6 -9.00  992.2 1016.6 1020.6 2209 1011.0    8  9.0  2.7 12.7 -9.0  7.86  1.02  800    0.0   -9.0 -9.00    0.0   -9    0.0   -9   -9.0   -9   -9.0   -9   -9.0   -9 -99.0 -99.0 -99.0 -99.0 -99.0
20260909 277  5.2  4467   2  9.6  141   2 16.5  906  19.3  21.6    1  16.0 2019  12.8  22.9  13.6  66.9  55.0 1655  14.8  -9.0  -9.0 -9.00 1012.1 1016.9 1020.2 2225 1011.6  114  8.6  2.5 12.7 -9.0 -9.00 -9.00   -9   -9.0   -9.0 -9.00   -9.0   -9   -9.0   -9   -9.0   -9   -9.0   -9   -9.0   -9 -99.0 -99.0 -99.0 -99.0 -99.0
20260909 278  2.1  1804   9  5.1 1330  11 10.1 1253  19.2  24.5 1039  12.8 2336  12.9  24.0   9.6  68.8  51.0  911  15.0  -9.0  -9.0 -9.00 1006.3 1015.8 1019.7 2147 1010.1  100  8.4  2.9 12.7 -9.0 -9.00 -9.00   -9   -9.0   -9.0 -9.00   -9.0   -9   -9.0   -9   -9.0   -9   -9.0   -9   -9.0   -9 -99.0 -99.0 -99.0 -99.0 -99.0
20260909 279  1.7  1471   9  3.8 1151   7  7.2 1053  21.0  24.5  957  15.7 2359  12.5  26.1  12.9  59.0  49.0  921  14.5   3.3   2.3 -9.00 1010.4 1016.1 1020.0 2318 1010.5   56  8.3  3.1 12.7 -9.0  9.23  2.09  900   -9.0   -9.0 -9.00   -9.0   -9   -9.0   -9   -9.0   -9   -9.0   -9   -9.0   -9 -99.0 -99.0 -99.0 -99.0 -99.0
20260909 281  2.5  2180   7  5.3  957   9  9.9  944  20.1  23.5 1004  15.7 2325  12.3  23.8  14.0  61.4  53.0  955  14.4  -9.0  -9.0 -9.00 1005.3 1016.5 1020.2 2230 1011.0   43  8.6  1.6 12.7 -9.0 -9.00 -9.00   -9   -9.0   -9.0 -9.00   -9.0   -9   -9.0   -9   -9.0   -9   -9.0   -9   -9.0   -9 -99.0 -99.0 -99.0 -99.0 -99.0
20260909 283  4.8  4171   5  8.2 1119   2 14.3  904  20.3  23.0  858  16.3 2400  13.9  22.2  13.5  67.5  56.0  900  16.0   3.2   2.2 -9.00 1011.5 1016.2 1019.8 2247 1010.5   54  9.0  0.8 12.7 -9.0  4.99  0.88  900    0.0   -9.0 -9.00    0.0   -9    0.0   -9   -9.0   -9   -9.0   -9   -9.0   -9 -99.0 -99.0 -99.0 -99.0 -99.0
20260909 284  1.8  1550  14  5.3 1117  14  7.3 1105  19.2  24.6 1024  14.5 2357  14.8  23.9  11.5  77.0  56.0 1011  16.9   3.5   2.4 -9.00  989.1 1015.6 1020.0 2351 1010.9    9  8.3  4.7 12.7 -9.0 12.58  2.88 1000   -9.0   -9.0 -9.00   -9.0   -9   -9.0   -9   -9.0   -9   -9.0   -9   -9.0   -9 -99.0 -99.0 -99.0 -99.0 -99.0
20260909 285  1.5  1328   2  3.6 1108   5  8.2 1107  20.8  25.7 1105  16.6 2359  15.0  26.0  14.1  71.5  50.0 1053  17.1  -9.0  -9.0 -9.00 1012.5 1015.6 1019.6 2235 1010.4   17  7.4  4.4 12.7 -9.0 -9.00 -9.00   -9   -9.0   -9.0 -9.00   -9.0   -9   -9.0   -9   -9.0   -9   -9.0   -9   -9.0   -9 -99.0 -99.0 -99.0 -99.0 -99.0
20260909 288  3.1  2643   5  5.2  755   7 10.5  755  22.3  25.5 1005  19.2 2339  13.5  24.0  18.4  57.9  46.0  926  15.6   4.4   3.1 -9.00 1012.6 1013.6 1017.3 2250 1008.0    1  7.5  4.2 12.6 -9.0 11.71  2.22  900   -9.0   -9.0 -9.00   -9.0   -9   -9.0   -9   -9.0   -9   -9.0   -9   -9.0   -9 -99.0 -99.0 -99.0 -99.0 -99.0
20260909 289  1.2  1035   5  4.3 1159   9  7.4 1147  20.0  25.6 1119  15.7 2352  14.5  24.8  14.5  72.6  50.0 1101  16.5  -9.0  -9.0 -9.00 1000.1 1016.2 1020.3 2233 1011.2    1  7.8  3.4 12.7 -9.0 -9.00 -9.00   -9   -9.0   -9.0 -9.00   -9.0   -9   -9.0   -9   -9.0   -9   -9.0   -9   -9.0   -9 -99.0 -99.0 -99.0 -99.0 -99.0
20260909 294  1.4  1245   9  3.2 1057  34  7.8 1549  22.3  26.2 1306  20.0 2328  14.5  25.0  16.6  61.9  49.0 1220  16.6  -9.0  -9.0 -9.00 1009.6 1014.8 1018.8 2231 1009.4    5  5.8  5.2 12.6 -9.0 -9.00 -9.00   -9   -9.0   -9.0 -9.00   -9.0   -9   -9.0   -9   -9.0   -9   -9.0   -9   -9.0   -9 -99.0 -99.0 -99.0 -99.0 -99.0
20260909 295  2.2  1882   2  4.2 1442   2  8.9 1821  22.5  27.1 1242  19.6 2347  15.1  27.2  16.8  64.0  46.0 1310  17.3  -9.0  -9.0 -9.00 1009.3 1014.6 1018.6 2221 1009.4    1  4.5  7.4 12.6 -9.0 -9.00 -9.00   -9   -9.0   -9.0 -9.00   -9.0   -9   -9.0   -9   -9.0   -9   -9.0   -9   -9.0   -9 -99.0 -99.0 -99.0 -99.0 -99.0
20260909 296  5.2  4460   5  8.0  846   2 14.9  504  22.6  26.7 1104  20.3 2255  15.2  23.1  17.6  63.5  51.0 1046  17.4   5.8   4.1 -9.00 1013.2 1013.5 1017.4 2154 1007.8    1  7.3  3.5 12.6 -9.0 13.79  2.85 1000   -9.0   -9.0 -9.00   -9.0   -9   -9.0   -9   -9.0   -9   -9.0   -9   -9.0   -9 -99.0 -99.0 -99.0 -99.0 -99.0
20260910  90  1.8  1530  27  3.0  539  27  3.8   50  17.9  22.2 1245  14.2    1  12.1  19.9  13.4  69.8  47.0 1300  14.1   2.9   2.0 -9.00 1019.1 1021.2 1022.5  958 1020.1 1639  8.0  0.1 12.7 -9.0  8.34  1.16 1200   -9.0   -9.0 -9.00   -9.0   -9   -9.0   -9   -9.0   -9   -9.0   -9   -9.0   -9 -99.0 -99.0 -99.0 -99.0 -99.0
20260910  93  0.5   399   5  2.0 1504   7  4.6 1357  15.8  21.5 1417  11.7  459  12.2  19.9   8.5  81.0  51.0 1523  14.2   2.2   1.5 -9.00 1010.1 1021.5 1022.8 2327 1019.9 1704  7.9  0.2 12.7 -9.0  9.14  1.26 1200   -9.0   -9.0 -9.00   -9.0   -9   -9.0   -9   -9.0   -9   -9.0   -9   -9.0   -9  23.7  25.2  25.0  22.8  19.8
20260910  95  1.0   868  11  3.2 1009  11  4.9  950  16.2  21.4 1316  11.4 2321  11.1  19.9  10.6  74.6  46.0 1359  13.2   2.7   1.9 -9.00 1003.2 1021.6 1023.2 2336 1020.0 1614  7.0  2.2 12.7 -9.0 10.96  1.56 1000   -9.0   -9.0 -9.00   -9.0   -9   -9.0   -9   -9.0   -9   -9.0   -9   -9.0   -9 -99.0 -99.0 -99.0 -99.0 -99.0
20260910  98  0.5   462   9  1.5 1221   9  3.2 1217  16.8  21.3 1339  12.8 2329  10.5  20.7  10.6  67.8  45.0 1234  12.7   2.6   1.8 -9.00 1007.2 1020.9 1022.1 2324 1019.5 1606  6.9  0.4 12.7 -9.0  9.57  1.35 1100   -9.0   -9.0 -9.00   -9.0   -9   -9.0   -9   -9.0   -9   -9.0   -9   -9.0   -9 -99.0 -99.0 -99.0 -99.0 -99.0
20260910  99  1.8  1534   9  3.9  336   7  5.9  946  16.4  21.2 1307  12.5 2307  12.2  20.0  11.0  77.1  58.0 1314  14.2   2.6   1.8 -9.00 1017.8 1021.5 1022.6 2324 1020.2 1827  6.8  1.5 12.7 -9.0 11.24  1.51 1100   -9.0   -9.0 -9.00   -9.0   -9   -9.0   -9   -9.0   -9   -9.0   -9   -9.0   -9 -99.0 -99.0 -99.0 -99.0 -99.0
20260910 100  1.3  1150   9  2.9 1214  11  5.3 1241  12.3  15.1 1157   9.1   26   9.8  15.3   7.0  85.5  72.0 1101  12.1   1.8   1.3 -9.00  932.7 1021.9 1023.3 2320 1020.1 1429  9.0  0.0 12.7 -9.0  7.10  1.10 1100   -9.0   -9.0 -9.00   -9.0   -9   -9.0   -9   -9.0   -9   -9.0   -9   -9.0   -9 -99.0 -99.0 -99.0 -99.0 -99.0
20260910 101  0.8   701  29  2.5  212  27  3.9 1409  16.3  21.4 1423  12.3  517  12.0  19.8  10.2  77.3  53.0 1400  14.1   2.2   1.5 -9.00 1011.2 1020.2 1021.5 2326 1018.6 1501  7.8  0.0 12.7 -9.0  8.99  1.24 1200   -9.0   -9.0 -9.00   -9.0   -9   -9.0   -9   -9.0   -9   -9.0   -9   -9.0   -9  25.1  25.1  24.4  20.4  16.8
20260910 102  2.8  2383  11  4.7  412  11  7.6  411  18.8  21.6 1625  16.4 1931  11.1  21.0  12.8  61.8  38.0 1645  13.3   4.0   2.8 -9.00 1015.5 1019.8 1021.3 2304 1018.6  304  5.6  4.1 12.7 -9.0 12.72  2.47 1500   -9.0   -9.0 -9.00   -9.0   -9   -9.0   -9   -9.0   -9   -9.0   -9   -9.0   -9 -99.0 -99.0 -99.0 -99.0 -99.0
20260910 104  0.8   723  27  2.1 1838  32  3.1 1116  17.4  21.1 1233  13.8   30  13.6  18.2  11.2  78.9  63.0 1201  15.6   2.2   1.6 -9.00 1011.5 1020.5 1021.5  936 1019.3 1539  9.4  0.0 12.7 -9.0  7.67  1.22 1200   -9.0   -9.0 -9.00   -9.0   -9   -9.0   -9   -9.0   -9   -9.0   -9   -9.0   -9  23.2  24.5  24.2  20.8  16.8
20260910 105  1.6  1412  25  3.1 2321  27  5.0 2359  17.4  21.1 1333  13.4   53  12.4  18.7  12.6  73.9  55.0 1441  14.5   2.6   1.8 -9.00 1018.1 1021.3 1022.4  938 1020.2 1519  9.4  0.0 12.7 -9.0  6.83  1.13 1200   -9.0   -9.0 -9.00   -9.0   -9   -9.0   -9   -9.0   -9   -9.0   -9   -9.0   -9  23.6  24.6  24.8  20.8  17.5
20260910 106  1.8  1535  20  2.6  128  32  4.4 1019  17.4  21.2 1157  12.8  258  13.4  18.1  11.0  78.3  58.0 1200  15.4   2.1   1.5 -9.00 1016.4 1021.2 1022.3 1020 1020.1 1546  9.3  0.0 12.7 -9.0  5.39  0.92 1100   -9.0   -9.0 -9.00   -9.0   -9   -9.0   -9   -9.0   -9   -9.0   -9   -9.0   -9 -99.0 -99.0 -99.0 -99.0 -99.0
20260910 108  2.3  1998   5  4.5 1116   5  7.4 1112  18.4  21.5 1414  15.8  603   9.7  20.9   9.0  57.5  47.0 1220  12.0   3.3   2.3 -9.00 1010.3 1020.4 1021.7 2306 1019.4 1623  7.1  0.2 12.7 -9.0  8.49  1.17 1000   -9.0   -9.0 -9.00   -9.0   -9   -9.0   -9   -9.0   -9   -9.0   -9   -9.0   -9  25.2  25.1  25.2  21.7  17.1
20260910 112  2.4  2064   9  4.4 1029   9  7.0 1018  19.4  21.7 1359  17.6  618  10.3  20.3  11.3  56.4  45.0 1444  12.6   3.2   2.2 -9.00 1012.0 1020.1 1021.5 2306 1019.1 1655  6.9  0.3 12.7 -9.0  8.47  1.13 1000   -9.0   -9.0 -9.00   -9.0   -9   -9.0   -9   -9.0   -9   -9.0   -9   -9.0   -9  24.6  24.7  23.9  21.1  16.8
20260910 114  1.1   951   2  2.6 1155   2  4.8  943  16.9  21.3 1348  13.1  551  11.5  19.9  10.4  72.1  48.0 1358  13.7   2.4   1.7 -9.00 1002.7 1020.4 1021.5  949 1018.9 1453  8.8  0.0 12.6 -9.0  7.37  1.27 1100   -9.0   -9.0 -9.00   -9.0   -9   -9.0   -9   -9.0   -9   -9.0   -9   -9.0   -9 -99.0 -99.0 -99.0 -99.0 -99.0
20260910 115  3.8  3321   5  6.6  744   2 12.6  743  19.2  21.6 1104  17.6   21  13.6  19.2  13.1  70.4  61.0   14  15.6   2.4   1.7 -9.00  994.3 1020.1 1021.1 2147 1019.2 1508  8.9 -9.0 -9.0 -9.0 -9.00 -9.00   -9    0.0    0.0  0.17    0.0   -9    0.0   -9   -9.0   -9   -9.0   -9   -9.0   -9  23.8  23.6  22.7  16.4 -99.0
20260910 119  1.7  1490   9  3.9 1212   9  6.7 1024  18.4  21.1 1404  15.3  513  10.0  20.9  11.4  58.8  46.0 1148  12.3   3.0   2.1 -9.00 1015.2 1019.9 1021.3 2352 1018.9 1544  8.3  0.1 12.6 -9.0  8.35  1.62 1100   -9.0   -9.0 -9.00   -9.0   -9   -9.0   -9   -9.0   -9   -9.0   -9   -9.0   -9  24.6  24.8  24.2  20.6  17.2
20260910 121  0.7   635   5  2.7 1107   7  4.8 1103 -99.0  20.7 1359  10.0  303 -99.0  17.3  13.9  -9.0  57.0 1129  -9.0   1.8   1.2 -9.00   -9.0   -9.0 1022.6  755 1019.7 1415  9.8  0.0 12.6 -9.0  6.53  1.04 1100    0.0   -9.0 -9.00    0.0   -9    0.0   -9   -9.0   -9   -9.0   -9   -9.0   -9 -99.0 -99.0 -99.0 -99.0 -99.0
20260910 127  1.2  1014   5  2.5 1247   2  5.5 1350  17.9  20.8 1531  12.7  237  11.4  20.3  12.4  66.4  53.0 1239  13.5   2.5   1.7 -9.00 1006.0 1019.5 1020.5  947 1018.4 1801  9.4  0.0 12.6 -9.0  7.34  1.07 1200    0.0   -9.0 -9.00    0.0   -9    0.0   -9   -9.0   -9   -9.0   -9   -9.0   -9 -99.0 -99.0 -99.0 -99.0 -99.0
20260910 129  2.1  1801   7  5.4 1152   7  9.0 1042  17.8  20.3 1511  14.9  558  11.1  20.4  11.0  65.3  53.0 1103  13.2   2.7   1.9 -9.00 1016.7 1019.7 1021.1 2350 1018.7 1551  8.6  0.0 12.6 -9.0  6.50  1.16 1100   -9.0   -9.0 -9.00   -9.0   -9   -9.0   -9   -9.0   -9   -9.0   -9   -9.0   -9  24.4  24.9  24.2  20.8  17.7
20260910 130  1.6  1385  25  2.6  801  29  5.8 1052  18.4  21.2 1051  15.8   17  13.7  18.6  13.2  74.9  65.0 1054  15.8  -9.0  -9.0 -9.00 1014.9 1020.7 1021.6  932 1019.7 1435  9.6  0.0 12.6 -9.0 -9.00 -9.00   -9    0.0   -9.0 -9.00    0.0   -9    0.0   -9   -9.0   -9   -9.0   -9   -9.0   -9 -99.0 -99.0 -99.0 -99.0 -99.0
20260910 131  2.8  2402   5  4.6 1557   2  7.4 1540  18.9  21.8 1323  15.8  436  11.1  20.4  14.3  61.0  49.0 1324  13.3   3.6   2.5 -9.00 1012.5 1019.4 1020.4 2308 1018.2 1559  8.5  0.0 12.6 -9.0  7.96  1.37 1100    0.0    0.0  0.42    0.0   -9    0.0   -9   -9.0   -9   -9.0   -9   -9.0   -9 -99.0 -99.0 -99.0 -99.0 -99.0
20260910 133  1.8  1524  11  3.7 1028   9  7.2   16  19.5  22.4 1354  16.7  447  12.5  22.9  13.4  64.8  52.0 1141  14.7   3.0   2.1 -9.00 1011.4 1019.4 1020.5 2154 1018.1 1619  8.6  0.3 12.6 -9.0  9.68  1.28 1000    0.0    0.0  1.13    0.0   -9    0.0   -9   -9.0   -9   -9.0   -9   -9.0   -9  27.0  27.1  26.3  23.6  19.1
20260910 135  1.9  1636   5  5.5 1618   5  8.1 1617  17.1  22.2 1519  11.3  456  12.1  21.4   9.0  73.1  59.0 1521  14.2   3.8   2.6 -9.00  991.0 1019.8 1021.1 2251 1017.8 1516  9.1  2.1 12.6 -9.0 14.52  2.19 1200    0.0   -9.0 -9.00    0.0   -9    0.0   -9   -9.0   -9   -9.0   -9   -9.0   -9 -99.0 -99.0 -99.0 -99.0 -99.0
20260910 136  1.1   957  14  3.4 1359  11  7.6 1032  17.9  23.2 1330  11.3  530  12.1  21.8  10.3  70.4  48.0 1252  14.1   3.3   2.3 -9.00 1004.4 1021.1 1022.3 2252 1019.5 1404  9.5  0.3 12.6 -9.0 11.32  1.95 1000    0.0    0.0  0.67    0.0   -9    0.0   -9   -9.0   -9   -9.0   -9   -9.0   -9 -99.0 -99.0 -99.0 -99.0 -99.0
20260910 137  0.7   563   2  2.2 1505  34  5.1 1457  17.8  23.2 1312  12.1  511  12.9  22.1  10.1  74.1  58.0 1207  14.9   3.3   2.3 -9.00 1008.0 1019.4 1020.5  912 1017.8 1433  9.5  0.7 12.6 -9.0 13.01  2.25 1200    0.0   -9.0 -9.00    0.0   -9    0.0   -9   -9.0   -9   -9.0   -9   -9.0   -9 -99.0 -99.0 -99.0 -99.0 -99.0
20260910 138  3.3  2873   5  5.7  617   5  9.9  522  21.7  23.7 1404  19.5  553  12.2  24.0  18.0  55.3  46.0 1537  14.2   5.2   3.7 -9.00 1018.4 1018.9 1020.0 2136 1018.0 1506  9.1  2.6 12.6 -9.0 14.55  2.30 1000   -9.0    0.1 -9.00   -9.0   -9   -9.0   -9   -9.0   -9   -9.0   -9   -9.0   -9  24.7  23.8  23.1  20.0  17.4
20260910 140  2.2  1886   5  4.0   39  29  6.4 1117  19.5  23.1 1230  16.4  508  13.8  22.3  12.8  69.9  58.0 1205  15.8  -9.0  -9.0 -9.00 1016.1 1019.4 1020.7 2342 1018.4 1606  9.0  0.1 12.6 -9.0 -9.00 -9.00   -9    0.0   -9.0 -9.00    0.0   -9    0.0   -9   -9.0   -9   -9.0   -9   -9.0   -9 -99.0 -99.0 -99.0 -99.0 -99.0
20260910 143  2.1  1789   9  5.3 1052  11  8.4 1324  20.1  24.8 1222  14.3  609  11.4  24.4  11.3  59.1  41.0 1120  13.5   6.2   4.3 -9.00 1013.1 1019.5 1020.9 2133 1017.9 1525  8.3  6.5 12.6 -9.0 19.37  3.32 1200   -9.0   -9.0 -9.00   -9.0   -9   -9.0   -9   -9.0   -9   -9.0   -9   -9.0   -9 -99.0 -99.0 -99.0 -99.0 -99.0
20260910 146  1.9  1682  34  4.0 1459  34  6.3 1522  20.9  26.1 1412  15.8  414  14.1  24.1  11.3  66.1  50.0 1346  16.2   4.2   2.9 -9.00 1011.1 1018.2 1019.7 2210 1016.7 1453  8.5  2.9 12.6 -9.0 14.94  2.12 1100    0.0    0.0  0.83    0.0   -9    0.0   -9   -9.0   -9   -9.0   -9   -9.0   -9 -99.0 -99.0 -99.0 -99.0 -99.0
20260910 152  2.7  2335   5  4.8  906  11  8.9 1125  20.6  23.9 1307  18.2  238  12.1  23.7  17.0  58.5  48.0 1037  14.1   5.0   3.5 -9.00 1008.8 1018.3 1019.4 2146 1017.1 1412  6.9  4.8 12.6 -9.0 17.01  2.72 1000   -9.0   -9.0 -9.00   -9.0   -9   -9.0   -9   -9.0   -9   -9.0   -9   -9.0   -9 -99.0 -99.0 -99.0 -99.0 -99.0
20260910 155  2.1  1793   5  4.0 1058   7  7.2 1017  22.2  27.1 1409  17.7  537  13.3  25.1  14.2  57.6  44.0 1448  15.3   5.7   4.0 -9.00 1014.1 1018.2 1019.9 2358 1016.5 1446  4.4  7.7 12.6 -9.0 19.20  3.18 1200   -9.0   -9.0 -9.00   -9.0   -9   -9.0   -9   -9.0   -9   -9.0   -9   -9.0   -9 -99.0 -99.0 -99.0 -99.0 -99.0
20260910 156  1.8  1513   5  3.3  244  27  6.1 1645  22.4  28.3 1519  17.1  535  15.1  28.0  13.5  64.1  42.0 1525  17.2   9.0   6.3 -9.00 1009.6 1017.7 1019.5 2236 1015.9 1527  7.1  6.9 12.6 -9.0 -9.00 -9.00   -9   -9.0   -9.0 -9.00   -9.0   -9   -9.0   -9   -9.0   -9   -9.0   -9   -9.0   -9 -99.0 -99.0 -99.0 -99.0 -99.0
20260910 159  3.0  2629   9  5.1  952   7 11.7  923  22.8  27.5 1349  19.0  447  13.6  26.3  15.3  57.0  46.0 1228  15.7   6.8   4.7 -9.00 1009.3 1017.4 1018.9 2228 1016.0 1448  4.5  7.8 12.6 -9.0 20.98  3.27 1100   -9.0   -9.0 -9.00   -9.0   -9   -9.0   -9   -9.0   -9   -9.0   -9   -9.0   -9  26.4  27.0  26.2  21.4  19.4
20260910 162  2.6  2288   5  5.1  847   2  8.7  812  22.4  27.2 1538  18.4  526  13.7  25.3  14.7  58.9  45.0 1452  15.7   6.5   4.6 -9.00 1013.3 1016.9 1018.8 2400 1015.3 1500  4.6 10.4 12.6 -9.0 23.00  3.24 1200   -9.0   -9.0 -9.00   -9.0   -9   -9.0   -9   -9.0   -9   -9.0   -9   -9.0   -9 -99.0 -99.0 -99.0 -99.0 -99.0
20260910 165  2.2  1917  36  5.5 1642  34  8.0 1642  22.2  26.8 1412  18.2  636  14.8  26.7  13.5  63.9  39.0 1531  16.9   6.5   4.5 -9.00 1012.8 1018.0 1019.7 2218 1016.9  233  4.5 10.3 12.6 -9.0 22.97  3.47 1300   -9.0   -9.0 -9.00   -9.0   -9   -9.0   -9   -9.0   -9   -9.0   -9   -9.0   -9  26.6  25.8  25.5  22.5  19.0
20260910 168  4.4  3758   9  8.1 1032  11 12.9   11  22.5  25.7 1529  19.2  620  13.1  26.0  18.4  55.8  49.0 1458  15.2   7.6   5.3 -9.00 1010.3 1017.9 1019.8 2335 1016.6 1652  3.8 10.9 12.6 -9.0 23.67  3.23 1200   -9.0   -9.0 -9.00   -9.0   -9   -9.0   -9   -9.0   -9   -9.0   -9   -9.0   -9  27.0  26.9  26.0  21.7  17.9
20260910 169  3.7  3225  14  7.4  119  16 11.1  111  22.7  27.1 1116  20.9  541  15.7  25.8  19.4  65.1  51.0 1132  17.8   5.1   3.6 -9.00 1009.4 1018.1 1020.0 2243 1016.3    8  8.4  3.9 12.6 -9.0 14.57  2.13 1100    0.0   -9.0  0.18   -9.0   -9   -9.0   -9   -9.0   -9   -9.0   -9   -9.0   -9 -99.0 -99.0 -99.0 -99.0 -99.0
20260910 170  2.4  2086   7  4.4  847  14  7.5  824  23.4  28.6 1522  19.7  441  15.8  29.3  16.9  63.3  48.0 1216  18.0   6.3   4.4 -9.00 1013.9 1018.0 1020.0 2250 1016.8  345  6.1 10.1 12.6 -9.0 22.93  3.27 1200   -9.0   -9.0 -9.00   -9.0   -9   -9.0   -9   -9.0   -9   -9.0   -9   -9.0   -9 -99.0 -99.0 -99.0 -99.0 -99.0
20260910 172  2.0  1694  29  4.6 1430  29  7.0 1430  20.5  26.8 1228  15.1  610  16.0  25.5  13.7  77.9  47.0 1229  18.2   5.4   3.8 -9.00 1011.8 1018.0 1019.6 2212 1016.8 1329  8.6  7.4 12.6 -9.0 21.02  3.31 1300    0.0   -9.0 -9.00    0.0   -9    0.0   -9   -9.0   -9   -9.0   -9   -9.0   -9 -99.0 -99.0 -99.0 -99.0 -99.0
20260910 174  0.9   742  14  3.6 1150  14  6.6 1115  19.4  26.6 1413  12.4  602  14.5  25.0  11.4  76.4  43.0 1555  16.6  -9.0  -9.0 -9.00  997.2 1016.4 1018.3 2307 1014.5 1533  7.1 10.0 12.6 -9.0 -9.00 -9.00   -9   -9.0   -9.0 -9.00   -9.0   -9   -9.0   -9   -9.0   -9   -9.0   -9   -9.0   -9 -99.0 -99.0 -99.0 -99.0 -99.0
20260910 177  2.0  1718   9  4.4 1259  18  6.2 1255  18.3  20.3 1527  15.9  434  13.1  20.7  14.2  72.1  60.0 1227  15.1   2.3   1.6 -9.00 1015.0 1018.3 1019.4 2307 1017.4 1552  9.4  0.0 12.6 -9.0  5.72  0.85 1100    0.0    0.0  0.42    0.0   -9    0.0   -9   -9.0   -9   -9.0   -9   -9.0   -9 -99.0 -99.0 -99.0 -99.0 -99.0
20260910 181  2.5  2174   5  5.5 1146   5  7.3 1218  16.5  19.8 1401  12.2  243  12.2  19.1  10.6  77.1  61.0 1159  14.3   2.8   2.0 -9.00 1015.9 1019.9 1020.9  935 1018.7 1554  9.0  0.0 12.6 -9.0  8.01  1.37 1100    0.0   -9.0 -9.00    0.0   -9    0.0   -9   -9.0   -9   -9.0   -9   -9.0   -9 -99.0 -99.0 -99.0 -99.0 -99.0
20260910 184  4.0  3483   7  7.1 1227   7 12.4 1152  24.3  26.9 1408  22.4  620  17.0  30.9  21.0  64.1  56.0 1048  19.3   5.7   4.0 -9.00 1014.3 1016.7 1018.8 2340 1015.4  439  5.3  8.1 12.6 -9.0 17.04  2.68 1300   -9.0    0.0 -9.00   -9.0   -9   -9.0   -9   -9.0   -9   -9.0   -9   -9.0   -9  28.6  28.0  27.8  24.2  20.2
20260910 185  4.2  3622  32  7.8 1119  16 13.8 1607  23.4  27.4 1212  20.3  218  16.8  27.6  17.5  66.9  55.0 1706  19.1   6.9   4.9 -9.00 1008.1 1016.3 1019.0 2252 1014.7  135  3.4 10.6 12.6 -9.0 22.16  2.90 1100   -9.0   -9.0 -9.00   -9.0   -9   -9.0   -9   -9.0   -9   -9.0   -9   -9.0   -9 -99.0 -99.0 -99.0 -99.0 -99.0
20260910 188  4.7  4068   5  7.5 1136   5 12.5 1050  24.1  26.8 1311  22.7  228  17.8  27.3  20.5  68.3  60.0 1309  20.5  -9.0  -9.0 -9.00 1015.0 1017.3 1019.4 2322 1016.1  332  5.9  6.2 12.6 -9.0 -9.00 -9.00   -9   -9.0   -9.0 -9.00   -9.0   -9   -9.0   -9   -9.0   -9   -9.0   -9   -9.0   -9 -99.0 -99.0 -99.0 -99.0 -99.0
20260910 189  3.8  3264   7  6.8 1501   9 12.3 1615  24.3  28.1 1406  22.0  436  17.4  30.1  20.7  66.0  53.0 1408  19.9   6.8   4.7 -9.00 1010.8 1016.8 1019.2 2305 1015.3 1448  3.1  9.4 12.6 -9.0 21.42  3.26 1300   -9.0   -9.0 -9.00   -9.0   -9   -9.0   -9   -9.0   -9   -9.0   -9   -9.0   -9 -99.0 -99.0 -99.0 -99.0 -99.0
20260910 192  1.0   827   7  2.4 1108   9  6.2 1202  20.0  25.6 1453  13.5  637  12.1  26.2  13.6  61.5  46.0 1348  14.2   5.2   3.6 -9.00 1015.0 1018.5 1020.2 2326 1016.8 1520  7.4  9.6 12.6 -9.0 20.82  3.21 1200   -9.0   -9.0 -9.00   -9.0   -9   -9.0   -9   -9.0   -9   -9.0   -9   -9.0   -9 -99.0 -99.0 -99.0 -99.0 -99.0
20260910 201  1.6  1393   5  2.9  935   5  6.0  959  17.1  20.9 1347  12.4 2354  11.4  19.3   7.5  70.6  56.0 1146  13.5  -9.0  -9.0 -9.00 1015.6 1021.3 1022.5 2312 1020.3 1604  6.3  0.8 12.7 -9.0 -9.00 -9.00   -9   -9.0   -9.0 -9.00   -9.0   -9   -9.0   -9   -9.0   -9   -9.0   -9   -9.0   -9 -99.0 -99.0 -99.0 -99.0 -99.0
20260910 202  0.8   663  20  1.9 1035   2  4.9 1138  17.3  21.3 1454  13.6  503  11.6  19.7   8.8  71.1  46.0 1157  13.7  -9.0  -9.0 -9.00 1015.3 1020.9 1022.0 2347 1019.6 1658  8.1  0.0 12.7 -9.0 -9.00 -9.00   -9   -9.0   -9.0 -9.00   -9.0   -9   -9.0   -9   -9.0   -9   -9.0   -9   -9.0   -9 -99.0 -99.0 -99.0 -99.0 -99.0
20260910 203  0.5   439   5  1.6 1226   2  3.7 1117  16.5  20.9 1208  12.0  512  13.2  20.3   9.7  82.3  58.0 1211  15.3  -9.0  -9.0 -9.00 1011.7 1021.2 1022.2 2334 1020.0 1658  8.6  0.0 12.6 -9.0 -9.00 -9.00   -9   -9.0   -9.0 -9.00   -9.0   -9   -9.0   -9   -9.0   -9   -9.0   -9   -9.0   -9 -99.0 -99.0 -99.0 -99.0 -99.0
20260910 211  0.9   784   2  2.7 1235   2  5.8 1211  14.8  20.4 1224  10.8  414  10.9  18.5   8.0  79.1  50.0 1229  13.0  -9.0  -9.0 -9.00  997.4 1021.4 1023.0 2342 1019.6 1518  7.9  0.0 12.7 -9.0 -9.00 -9.00   -9   -9.0   -9.0 -9.00   -9.0   -9   -9.0   -9   -9.0   -9   -9.0   -9   -9.0   -9 -99.0 -99.0 -99.0 -99.0 -99.0
20260910 212  0.3   276  25  1.3 1414  32  2.5 1410  15.6  20.6 1439  11.3  459  11.9  19.1   8.7  80.1  56.0 1302  14.0  -9.0  -9.0 -9.00 1005.1 1021.8 1022.9  858 1020.0 1552  8.0  0.0 12.7 -9.0 -9.00 -9.00   -9   -9.0   -9.0 -9.00   -9.0   -9   -9.0   -9   -9.0   -9   -9.0   -9   -9.0   -9 -99.0 -99.0 -99.0 -99.0 -99.0
20260910 216  1.0   869   2  3.0 1257   9  6.5 1233  12.7  15.9 1219   8.2  230  10.5  14.8   9.6  87.4  69.0 1228  12.7   1.7   1.2 -9.00  939.2 1021.9 1023.2  122 1020.1 1428  9.6  0.0 12.6 -9.0  5.52  0.93 1000    0.2   -9.0 -9.00    0.2   -9    0.2   -9   -9.0   -9   -9.0   -9   -9.0   -9 -99.0 -99.0 -99.0 -99.0 -99.0
20260910 217  1.1   927   2  3.1 1220  29  5.8 1204  14.7  19.6 1353   9.9  241  11.1  17.9   6.6  80.6  56.0 1354  13.3  -9.0  -9.0 -9.00  984.8 1021.7 1022.8  747 1019.6 1413  9.6  0.0 12.6 -9.0 -9.00 -9.00   -9   -9.0   -9.0 -9.00   -9.0   -9   -9.0   -9   -9.0   -9   -9.0   -9   -9.0   -9 -99.0 -99.0 -99.0 -99.0 -99.0
20260910 221  1.2  1045   5  3.1 1126   7  6.0 1023  15.3  19.2 1342   9.4  155  11.6  19.4   7.4  79.9  59.0 1335  13.6  -9.0  -9.0 -9.00  989.6 1020.8 1021.8 2222 1019.3 1551  9.9  0.0 12.6 -9.0 -9.00 -9.00   -9   -9.0   -9.0 -9.00   -9.0   -9   -9.0   -9   -9.0   -9   -9.0   -9   -9.0   -9 -99.0 -99.0 -99.0 -99.0 -99.0
20260910 226  0.8   665  16  3.6 1029  14  8.7 1039  16.8  20.7 1422  11.1  420  12.9  20.5   8.2  79.6  58.0 1012  14.9  -9.0  -9.0 -9.00  999.9 1020.1 1021.1 2226 1018.5 1611  9.6  0.0 12.6 -9.0 -9.00 -9.00   -9    0.0   -9.0 -9.00    0.0   -9    0.0   -9   -9.0   -9   -9.0   -9   -9.0   -9 -99.0 -99.0 -99.0 -99.0 -99.0
20260910 232  1.7  1474   7  4.0 1339   5  6.4 1310  17.4  20.4 1513  14.0  227  12.5  20.5  12.4  74.0  58.0 1332  14.5  -9.0  -9.0 -9.00 1010.4 1020.5 1021.5 2350 1019.3 1602  9.4  0.1 12.6 -9.0 -9.00 -9.00   -9   -9.0   -9.0 -9.00   -9.0   -9   -9.0   -9   -9.0   -9   -9.0   -9   -9.0   -9 -99.0 -99.0 -99.0 -99.0 -99.0
20260910 235  2.6  2279   2  4.7 1043   2  7.5 1959  19.4  23.0 1248  16.8  409  12.2  21.1  13.6  63.9  52.0 1149  14.3   3.3   2.3 -9.00 1017.0 1018.2 1019.7 2344 1017.4  248  8.8  0.0 12.6 -9.0  7.70  1.54 1100    0.0   -9.0 -9.00    0.0   -9    0.0   -9   -9.0   -9   -9.0   -9   -9.0   -9 -99.0 -99.0 -99.0 -99.0 -99.0
20260910 236  1.5  1272  36  2.9  918  36  6.3  619  18.6  22.2 1350  15.3  353  13.1  22.6  13.0  71.0  58.0 1419  15.1  -9.0  -9.0 -9.00 1017.8 1019.4 1020.6 2309 1018.3 1544  9.6  0.3 12.6 -9.0 -9.00 -9.00   -9    0.0   -9.0 -9.00    0.0   -9    0.0   -9   -9.0   -9   -9.0   -9   -9.0   -9 -99.0 -99.0 -99.0 -99.0 -99.0
20260910 238  0.8   687   7  3.1 1135   5  6.2 1149  18.6  23.8 1238  12.6  521  13.5  22.8  10.5  73.4  52.0 1250  15.5  -9.0  -9.0 -9.00  998.8 1018.8 1020.1 2144 1017.0 1447  9.4  0.4 12.6 -9.0 -9.00 -9.00   -9    0.0   -9.0 -9.00    0.0   -9    0.0   -9   -9.0   -9   -9.0   -9   -9.0   -9 -99.0 -99.0 -99.0 -99.0 -99.0
20260910 239  1.1   910   5  2.6 1629   2  5.4 1706  18.1  22.1 1421  14.4  430  12.5  22.7  12.5  70.8  56.0 1346  14.6   2.6   1.8 -9.00 1008.5 1019.0 1020.1 2312 1017.7 1546  9.6  0.0 12.6 -9.0  8.22  1.24 1200   -9.0   -9.0 -9.00   -9.0   -9   -9.0   -9   -9.0   -9   -9.0   -9   -9.0   -9 -99.0 -99.0 -99.0 -99.0 -99.0
20260910 243  1.5  1269  11  2.8  949   5  4.8  718  19.9  24.6 1328  15.3  533  14.1  23.9  13.2  70.1  51.0 1333  16.1  -9.0  -9.0 -9.00 1017.2 1018.7 1020.1 2200 1017.6 1525  9.4  1.1 12.6 -9.0 -9.00 -9.00   -9    0.0   -9.0 -9.00    0.0   -9    0.0   -9   -9.0   -9   -9.0   -9   -9.0   -9 -99.0 -99.0 -99.0 -99.0 -99.0
20260910 244  0.9   820  16  3.2 1028  18  6.2 1020  19.8  25.9 1436  12.6  606  13.8  23.1  10.9  71.0  41.0 1344  15.8  -9.0  -9.0 -9.00  989.4 1018.0 1019.7 2324 1016.0 1546  7.9  7.7 12.6 -9.0 -9.00 -9.00   -9   -9.0   -9.0 -9.00   -9.0   -9   -9.0   -9   -9.0   -9   -9.0   -9   -9.0   -9 -99.0 -99.0 -99.0 -99.0 -99.0
20260910 245  1.9  1670  34  4.9 1611   2  7.1 1225  20.7  27.1 1152  14.9  605  14.5  27.4  12.4  69.3  44.0 1103  16.5   5.3   3.7 -9.00 1010.2 1018.2 1019.9 2209 1017.0 1524  7.9  6.1 12.6 -9.0 19.21  3.29 1100   -9.0   -9.0 -9.00   -9.0   -9   -9.0   -9   -9.0   -9   -9.0   -9   -9.0   -9 -99.0 -99.0 -99.0 -99.0 -99.0
20260910 247  3.1  2672   7  5.8  824   9 10.8  211  21.7  26.5 1429  17.6  545  14.0  25.1  16.0  62.0  49.0 1454  16.1  -9.0  -9.0 -9.00 1002.1 1017.6 1019.4 2251 1015.9 1526  7.9  7.8 12.6 -9.0 -9.00 -9.00   -9   -9.0   -9.0 -9.00   -9.0   -9   -9.0   -9   -9.0   -9   -9.0   -9   -9.0   -9 -99.0 -99.0 -99.0 -99.0 -99.0
20260910 248  0.9   762   7  3.8 1014   7  6.3 1009  17.6  24.1 1345  10.2  535  13.2  21.3   8.3  78.5  49.0 1211  15.3  -9.0  -9.0 -9.00  971.8 1018.9 1020.7  638 1016.3 1543  8.5  5.9 12.6 -9.0 -9.00 -9.00   -9    0.0   -9.0 -9.00    0.0   -9    0.0   -9   -9.0   -9   -9.0   -9   -9.0   -9 -99.0 -99.0 -99.0 -99.0 -99.0
20260910 251  2.0  1759  29  3.8 1355  27  7.2 1352  21.1  26.7 1432  15.6  455  15.8  23.5  15.2  73.1  49.0 1201  18.0   5.0   3.5 -9.00 1012.0 1017.9 1019.6 2215 1016.6 1335  8.6  6.9 12.6 -9.0 18.99  2.94 1100   -9.0   -9.0 -9.00   -9.0   -9   -9.0   -9   -9.0   -9   -9.0   -9   -9.0   -9 -99.0 -99.0 -99.0 -99.0 -99.0
20260910 252  1.0   861  34  2.8 1539  23  5.1 1420  20.4  26.8 1336  15.6  604  15.1  25.2  14.3  73.1  48.0 1331  17.2   5.0   3.5 -9.00 1013.6 1018.0 1019.5 2205 1016.9  311  9.0  7.5 12.6 -9.0 20.10  3.28 1300   -9.0   -9.0 -9.00   -9.0   -9   -9.0   -9   -9.0   -9   -9.0   -9   -9.0   -9 -99.0 -99.0 -99.0 -99.0 -99.0
20260910 253  1.1   950  32  2.1  226  32  6.0  549  21.9  27.1 1406  18.1  146  14.2  25.7  15.4  62.4  49.0 1408  16.3   4.5   3.1 -9.00 1012.6 1019.0 1020.5 2218 1017.4 1508  5.9  6.4 12.6 -9.0 16.74  2.75 1000   -9.0   -9.0 -9.00   -9.0   -9   -9.0   -9   -9.0   -9   -9.0   -9   -9.0   -9 -99.0 -99.0 -99.0 -99.0 -99.0
20260910 254  1.2  1078  32  4.4 1653  34  6.2 1652  20.6  26.9 1528  14.0  616  13.6  26.5  12.2  66.8  39.0 1531  15.7   5.8   4.0 -9.00 1003.2 1018.3 1020.0 2238 1016.3 1526  7.9  8.6 12.6 -9.0 21.51  3.28 1200   -9.0   -9.0 -9.00   -9.0   -9   -9.0   -9   -9.0   -9   -9.0   -9   -9.0   -9 -99.0 -99.0 -99.0 -99.0 -99.0
20260910 255  2.0  1711  32  4.0  853  34  6.8  858  22.3  27.9 1321  18.1  552  13.3  23.5  14.3  57.6  43.0 1322  15.3   5.2   3.7 -9.00 1011.9 1017.8 1019.6 2233 1015.8 1453  7.1  7.3 12.6 -9.0 17.17  3.04 1200   -9.0   -9.0 -9.00   -9.0   -9   -9.0   -9   -9.0   -9   -9.0   -9   -9.0   -9 -99.0 -99.0 -99.0 -99.0 -99.0
20260910 257  2.7  2363   9  4.4 1003   9 10.0 1030  22.7  27.7 1436  19.5  536  14.0  25.9  16.8  58.6  47.0 1438  16.0   6.5   4.5 -9.00 1017.4 1018.1 1019.7 2225 1016.7 1415  6.9  8.9 12.6 -9.0 21.12  3.07 1100   -9.0   -9.0 -9.00   -9.0   -9   -9.0   -9   -9.0   -9   -9.0   -9   -9.0   -9 -99.0 -99.0 -99.0 -99.0 -99.0
20260910 258  2.0  1717  11  4.9  956  14  7.1 1117  21.6  26.9 1456  15.2  614  15.8  24.2  14.3  71.8  48.0 1722  18.0   6.6   4.6 -9.00 1018.0 1018.2 1019.9 2301 1016.8 1529  5.4 11.2 12.6 -9.0 24.52  3.30 1200   -9.0   -9.0 -9.00   -9.0   -9   -9.0   -9   -9.0   -9   -9.0   -9   -9.0   -9 -99.0 -99.0 -99.0 -99.0 -99.0
20260910 259  1.4  1188  11  3.8 1048  11  6.5 1000  22.3  27.9 1411  16.4  618  15.6  26.2  14.9  67.4  47.0 1358  17.8   5.6   3.9 -9.00 1015.7 1017.5 1019.5 2251 1016.0 1520  6.9  8.6 12.6 -9.0 21.48  3.13 1200   -9.0   -9.0 -9.00   -9.0   -9   -9.0   -9   -9.0   -9   -9.0   -9   -9.0   -9 -99.0 -99.0 -99.0 -99.0 -99.0
20260910 260  1.7  1444  11  5.4  231  11  9.2  226  22.0  27.8 1541  15.2  627  15.4  26.9  14.3  67.8  46.0 1543  17.5  -9.0  -9.0 -9.00 1012.5 1017.6 1019.6 2241 1016.0 1530  6.8  9.0 12.6 -9.0 -9.00 -9.00   -9   -9.0   -9.0 -9.00   -9.0   -9   -9.0   -9   -9.0   -9   -9.0   -9   -9.0   -9 -99.0 -99.0 -99.0 -99.0 -99.0
20260910 261  2.3  1999   9  5.3  714   9  6.6  933  22.3  27.5 1526  17.5  613  16.6  26.4  14.6  71.0  54.0 1411  19.0  -9.0  -9.0 -9.00 1016.0 1017.9 1020.1 2308 1016.7 1514  6.3  9.2 12.6 -9.0 -9.00 -9.00   -9   -9.0   -9.0 -9.00   -9.0   -9   -9.0   -9   -9.0   -9   -9.0   -9   -9.0   -9 -99.0 -99.0 -99.0 -99.0 -99.0
20260910 262  1.5  1268   7  3.7  820   7  7.2 1019  22.3  28.3 1659  16.4  621  14.8  26.0  18.7  64.3  42.0 1621  16.9   5.3   3.7 -9.00 1011.7 1017.7 1019.5 2308 1016.3 1644  5.4  8.8 12.6 -9.0 19.33  3.04 1100   -9.0   -9.0 -9.00   -9.0   -9   -9.0   -9   -9.0   -9   -9.0   -9   -9.0   -9 -99.0 -99.0 -99.0 -99.0 -99.0
20260910 263  1.6  1416  34  4.2 1451  34  6.8 1307  20.1  26.8 1535  13.4  503  14.0  28.5  11.1  69.5  47.0 1538  16.0   5.7   4.0 -9.00 1016.8 1018.4 1020.1 2329 1016.5 1538  7.6  9.4 12.6 -9.0 22.77  3.24 1200   -9.0   -9.0 -9.00   -9.0   -9   -9.0   -9   -9.0   -9   -9.0   -9   -9.0   -9 -99.0 -99.0 -99.0 -99.0 -99.0
20260910 264  0.8   707  18  2.7 1305  11  5.6 1135  19.5  26.5 1543  11.6  622  14.4  24.3  10.4  74.8  47.0 1546  16.5   5.0   3.5 -9.00 1001.2 1018.9 1020.7  706 1016.5 1533  8.6  6.6 12.6 -9.0 20.58  3.25 1100   -9.0   -9.0 -9.00   -9.0   -9   -9.0   -9   -9.0   -9   -9.0   -9   -9.0   -9 -99.0 -99.0 -99.0 -99.0 -99.0
20260910 266  2.2  1866   7  4.2   43   5  8.9   22  22.4  27.2 1432  18.2  440  13.2  25.2  16.8  56.3  45.0 1659  15.2   6.1   4.3 -9.00 1008.1 1018.4 1020.1 2325 1016.8 1644  5.4  9.7 12.6 -9.0 22.11  3.24 1200   -9.0   -9.0 -9.00   -9.0   -9   -9.0   -9   -9.0   -9   -9.0   -9   -9.0   -9 -99.0 -99.0 -99.0 -99.0 -99.0
20260910 268  1.1   991  27  3.1 1403  32  5.9 1331  21.4  26.7 1223  16.3  635  15.9  25.7  16.2  72.8  50.0 1200  18.1  -9.0  -9.0 -9.00 1015.3 1016.5 1018.5 2232 1015.3  342  5.6  9.9 12.6 -9.0 -9.00 -9.00   -9   -9.0   -9.0 -9.00   -9.0   -9   -9.0   -9   -9.0   -9   -9.0   -9   -9.0   -9 -99.0 -99.0 -99.0 -99.0 -99.0
20260910 271  1.0   904   5  2.9 1200   2  6.8 1051  14.9  19.9 1301   8.3  417  11.0  17.9   6.2  79.4  56.0 1200  13.2  -9.0  -9.0 -9.00  983.1 1021.3 1022.4 2255 1019.6 1410  9.9  0.0 12.6 -9.0 -9.00 -9.00   -9    0.0   -9.0 -9.00    0.0   -9    0.0   -9   -9.0   -9   -9.0   -9   -9.0   -9 -99.0 -99.0 -99.0 -99.0 -99.0
20260910 272  1.0   869  32  2.8  243  32  3.4  235  15.8  20.1 1328  10.2  213  12.3  20.5   7.2  81.8  53.0 1137  14.4  -9.0  -9.0 -9.00  995.8 1020.8 1021.7 1018 1019.3 1434 10.0  0.0 12.6 -9.0 -9.00 -9.00   -9    0.0   -9.0 -9.00    0.0   -9    0.0   -9   -9.0   -9   -9.0   -9   -9.0   -9 -99.0 -99.0 -99.0 -99.0 -99.0
20260910 273  0.9   749  11  3.0 1223  11  4.4 1218  16.6  21.2 1239  11.1  455  13.0  20.7   7.6  80.9  57.0 1236  15.1  -9.0  -9.0 -9.00  999.5 1019.9 1021.1 2243 1018.4 1419  9.9  0.0 12.6 -9.0 -9.00 -9.00   -9    0.1   -9.0 -9.00    0.1   -9    0.1   -9   -9.0   -9   -9.0   -9   -9.0   -9 -99.0 -99.0 -99.0 -99.0 -99.0
20260910 276  1.4  1234  11  4.3 1134  11  7.8 1047  16.9  22.1 1239   9.7  535  13.2  19.8   8.2  81.3  57.0 1201  15.3   2.6   1.8 -9.00  995.2 1019.8 1021.2 2313 1018.1 1508  9.3  2.0 12.6 -9.0  9.80  1.39  800   -9.0   -9.0 -9.00   -9.0   -9   -9.0   -9   -9.0   -9   -9.0   -9   -9.0   -9 -99.0 -99.0 -99.0 -99.0 -99.0
20260910 277  2.6  2222   5  6.2 1018   5  9.9 1307  19.3  24.0 1245  16.2  136  12.9  24.5  12.6  67.5  49.0 1308  15.0  -9.0  -9.0 -9.00 1015.3 1020.1 1021.1 2108 1019.0 1534  9.3  2.0 12.6 -9.0 -9.00 -9.00   -9    0.0   -9.0 -9.00    0.0   -9    0.0   -9   -9.0   -9   -9.0   -9   -9.0   -9 -99.0 -99.0 -99.0 -99.0 -99.0
20260910 278  0.9   809   9  3.5 1424   9  6.3 1631  18.2  24.0 1332  11.3  544  12.9  22.5   7.9  74.4  49.0 1340  15.0  -9.0  -9.0 -9.00 1009.5 1019.1 1020.2  730 1017.6 1412  9.3  1.9 12.6 -9.0 -9.00 -9.00   -9    0.0   -9.0 -9.00    0.0   -9    0.0   -9   -9.0   -9   -9.0   -9   -9.0   -9 -99.0 -99.0 -99.0 -99.0 -99.0
20260910 279  1.1   973   9  2.9 1332   9  6.0 1622  19.8  25.5 1158  13.0  546  12.3  26.2  10.7  64.0  45.0 1447  14.3   4.4   3.1 -9.00 1013.6 1019.4 1020.6 2134 1017.7 1452  9.1  4.7 12.6 -9.0 17.04  3.31 1100    0.0   -9.0 -9.00    0.0   -9    0.0   -9   -9.0   -9   -9.0   -9   -9.0   -9 -99.0 -99.0 -99.0 -99.0 -99.0
20260910 281  1.8  1551   9  4.7 1144   5  8.6 1203  19.2  24.4 1443  13.1  555  12.5  23.9  10.3  67.0  44.0 1147  14.5  -9.0  -9.0 -9.00 1008.6 1019.9 1021.1 2205 1018.5 1527  8.8  4.7 12.6 -9.0 -9.00 -9.00   -9   -9.0   -9.0 -9.00   -9.0   -9   -9.0   -9   -9.0   -9   -9.0   -9   -9.0   -9 -99.0 -99.0 -99.0 -99.0 -99.0
20260910 283  2.3  2013   5  5.5 1018   5  9.7 1219  19.5  23.9 1037  13.9  515  13.4  22.4  11.4  70.1  49.0 1039  15.4   4.1   2.8 -9.00 1015.0 1019.7 1020.9 2154 1018.6 1452  9.3  2.0 12.6 -9.0 13.22  1.94 1000   -9.0   -9.0 -9.00   -9.0   -9   -9.0   -9   -9.0   -9   -9.0   -9   -9.0   -9 -99.0 -99.0 -99.0 -99.0 -99.0
20260910 284  1.3  1140   9  3.3 1008   9  6.4 1008  18.7  26.0 1339  11.1  611  13.6  23.5   8.8  74.1  50.0 1342  15.7   5.0   3.5 -9.00  992.4 1019.1 1020.7  647 1016.6 1523  8.8  7.5 12.6 -9.0 20.21  3.41 1100   -9.0   -9.0 -9.00   -9.0   -9   -9.0   -9   -9.0   -9   -9.0   -9   -9.0   -9 -99.0 -99.0 -99.0 -99.0 -99.0
20260910 285  1.0   899   5  3.0 1022   5  6.9 1547  20.1  26.7 1353  13.2  619  14.0  27.2  11.4  70.5  44.0 1407  16.0  -9.0  -9.0 -9.00 1015.9 1019.1 1020.7 2325 1017.3 1522  7.8  8.5 12.6 -9.0 -9.00 -9.00   -9   -9.0   -9.0 -9.00   -9.0   -9   -9.0   -9   -9.0   -9   -9.0   -9   -9.0   -9 -99.0 -99.0 -99.0 -99.0 -99.0
20260910 288  1.8  1540   2  3.9 1023  11  7.4 1235  22.0  27.0 1230  16.6  505  12.6  24.9  16.2  56.3  41.0 1401  14.6   5.5   3.9 -9.00 1016.1 1017.1 1018.7 2202 1015.3 1502  7.6  7.4 12.6 -9.0 19.10  3.02 1100   -9.0   -9.0 -9.00   -9.0   -9   -9.0   -9   -9.0   -9   -9.0   -9   -9.0   -9 -99.0 -99.0 -99.0 -99.0 -99.0
20260910 289  0.8   704   2  3.2 1442   2  5.3 1426  19.4  26.3 1413  12.6  623  14.1  25.8  11.9  73.5  48.0 1417  16.1  -9.0  -9.0 -9.00 1003.5 1019.6 1021.2  720 1017.4 1536  8.0  6.1 12.6 -9.0 -9.00 -9.00   -9   -9.0   -9.0 -9.00   -9.0   -9   -9.0   -9   -9.0   -9   -9.0   -9   -9.0   -9 -99.0 -99.0 -99.0 -99.0 -99.0
20260910 294  1.3  1162  11  2.8 1522  11  7.8 1008  22.0  26.3 1434  18.6  435  14.2  27.2  14.3  61.6  51.0 1215  16.2  -9.0  -9.0 -9.00 1013.4 1018.7 1020.3 2305 1017.3 1450  6.4  6.2 12.6 -9.0 -9.00 -9.00   -9   -9.0   -9.0 -9.00   -9.0   -9   -9.0   -9   -9.0   -9   -9.0   -9   -9.0   -9 -99.0 -99.0 -99.0 -99.0 -99.0
20260910 295  1.8  1544  36  3.1  808  34  6.2  117  21.6  26.3 1610  18.0  608  14.0  28.4  14.9  62.4  49.0 1511  16.0  -9.0  -9.0 -9.00 1013.1 1018.4 1020.0 2338 1016.8 1534  5.1 11.1 12.6 -9.0 -9.00 -9.00   -9   -9.0   -9.0 -9.00   -9.0   -9   -9.0   -9   -9.0   -9   -9.0   -9   -9.0   -9 -99.0 -99.0 -99.0 -99.0 -99.0
20260910 296  3.8  3279   5  6.1  947  18 10.1 1015  22.6  27.4 1450  19.5  331  14.3  24.2  16.2  60.1  47.0 1244  16.3   7.0   4.9 -9.00 1017.0 1017.4 1018.9 2222 1015.8 1450  6.5  9.5 12.6 -9.0 22.05  3.28 1200   -9.0   -9.0 -9.00   -9.0   -9   -9.0   -9   -9.0   -9   -9.0   -9   -9.0   -9 -99.0 -99.0 -99.0 -99.0 -99.0
20260911  90  2.0  1756  14  4.2 1649  16  5.9 1647  19.4  24.8 1425  13.3  509  11.5  26.3  11.6  62.3  41.0 1209  13.7   6.2   4.4 -9.00 1018.6 1020.7 1021.8 1005 1019.7 1755  3.0 10.9 12.6 -9.0 22.79  3.13 1100   -9.0   -9.0 -9.00   -9.0   -9   -9.0   -9   -9.0   -9   -9.0   -9   -9.0   -9 -99.0 -99.0 -99.0 -99.0 -99.0
20260911  93  0.7   597  23  2.2 1558  18  3.8 1242  16.8  24.9 1500   9.5  437  13.1  22.1   6.5  81.4  45.0 1525  15.2   4.1   2.9 -9.00 1010.9 1022.3 1024.0  942 1020.1 1618  7.1  7.1 12.6 -9.0 18.12  3.14 1200   -9.0   -9.0 -9.00   -9.0   -9   -9.0   -9   -9.0   -9   -9.0   -9   -9.0   -9  23.1  24.8  24.8  23.0  19.8
20260911  95  0.7   567  25  1.9 1131  25  4.5 1424  17.2  25.7 1503   9.0  458  12.0  21.7   8.5  76.5  36.0 1504  14.2   4.7   3.3 -9.00 1003.9 1022.3 1023.9  911 1020.0 1720  3.9  8.5 12.6 -9.0 21.13  3.20 1200   -9.0   -9.0 -9.00   -9.0   -9   -9.0   -9   -9.0   -9   -9.0   -9   -9.0   -9 -99.0 -99.0 -99.0 -99.0 -99.0
20260911  98  0.6   495   7  1.4 1326  34  4.1 1431  18.3  25.3 1403  10.3  553  11.6  24.6   8.8  68.4  35.0 1321  13.8   4.7   3.3 -9.00 1008.0 1021.7 1022.9  901 1019.7 1655  4.3 10.0 12.6 -9.0 21.21  3.15 1200   -9.0   -9.0 -9.00   -9.0   -9   -9.0   -9   -9.0   -9   -9.0   -9   -9.0   -9 -99.0 -99.0 -99.0 -99.0 -99.0
20260911  99  0.7   628   9  2.4  949   9  4.3  949  17.6  25.5 1503  10.0  453  13.6  21.1   8.8  80.1  45.0 1457  15.8   4.2   3.0 -9.00 1018.7 1022.3 1023.6  852 1020.5 1628  4.0  8.3 12.6 -9.0 19.97  3.17 1200   -9.0   -9.0 -9.00   -9.0   -9   -9.0   -9   -9.0   -9   -9.0   -9   -9.0   -9 -99.0 -99.0 -99.0 -99.0 -99.0
20260911 100  1.1   908  11  3.6 1445  11  6.0 1504  12.8  21.5 1156   5.5  716   9.2  16.7   6.8  81.8  45.0 1124  11.7   4.5   3.2 -9.00  933.4 1022.4 1025.0  711 1018.6 1425  5.0 10.4 12.6 -9.0 22.10  3.31 1200   -9.0   -9.0 -9.00   -9.0   -9   -9.0   -9   -9.0   -9   -9.0   -9   -9.0   -9 -99.0 -99.0 -99.0 -99.0 -99.0
20260911 101  0.7   616  25  2.4 1814  25  3.5 1503  17.6  25.6 1442  11.6  238  13.1  20.7   8.7  77.4  40.0 1411  15.2   3.9   2.7 -9.00 1012.0 1021.0 1022.7  936 1018.7 1617  6.9  5.4 12.6 -9.0 16.86  3.00 1200   -9.0   -9.0 -9.00   -9.0   -9   -9.0   -9   -9.0   -9   -9.0   -9   -9.0   -9  24.3  24.9  24.4  20.4  16.9
20260911 102  1.7  1477  32  3.5 1132  29  4.9 1306  20.5  24.2 1425  15.8  629  13.4  22.3   9.8  65.4  31.0 1326  15.5   4.8   3.4 -9.00 1016.9 1021.1 1022.6 1047 1020.1 1705  4.3  8.2 12.6 -9.0 19.49  2.91 1100   -9.0   -9.0 -9.00   -9.0   -9   -9.0   -9   -9.0   -9   -9.0   -9   -9.0   -9 -99.0 -99.0 -99.0 -99.0 -99.0
20260911 104  0.9   811  11  2.7 1444   7  4.8 1220  18.4  25.1 1427  12.9  537  13.8  20.3   9.6  76.6  40.0 1114  15.8   4.6   3.2 -9.00 1011.3 1020.2 1021.1 2036 1019.1 1724  3.4 -9.0 12.6 -9.0 -9.00  3.27 1100   -9.0   -9.0 -9.00   -9.0   -9   -9.0   -9   -9.0   -9   -9.0   -9   -9.0   -9  22.4  24.1  24.1  20.8  16.7
20260911 105  2.2  1886  25  3.8  747  25  6.3  323  19.6  25.4 1429  14.6  601  12.0  21.6  12.9  63.5  32.0 1103  14.1   5.7   4.0 -9.00 1017.8 1021.0 1022.1 1005 1019.8 1722  3.1  9.1 12.6 -9.0 21.04  3.07 1100   -9.0   -9.0 -9.00   -9.0   -9   -9.0   -9   -9.0   -9   -9.0   -9   -9.0   -9  23.0  24.3  24.8  20.8  17.6
20260911 106  1.9  1658   5  3.3 1209   7  5.4 1213  19.3  25.8 1234  13.6  519  14.4  24.0  11.8  75.5  50.0 1522  16.5   5.1   3.6 -9.00 1016.5 1021.3 1022.3 2052 1020.3 1723  5.4  9.2 12.6 -9.0 22.45  3.20 1200   -9.0   -9.0 -9.00   -9.0   -9   -9.0   -9   -9.0   -9   -9.0   -9   -9.0   -9 -99.0 -99.0 -99.0 -99.0 -99.0
20260911 108  1.6  1376  32  4.1 1617   9  6.8 1609  20.0  25.7 1345  13.4  636  12.1  22.5   7.6  62.3  39.0 1525  14.2   4.8   3.3 -9.00 1011.4 1021.5 1022.7 1004 1019.9 1624  5.1  9.0 12.6 -9.0 18.72  2.81 1100   -9.0   -9.0 -9.00   -9.0   -9   -9.0   -9   -9.0   -9   -9.0   -9   -9.0   -9  24.5  25.0  25.2  21.7  17.1
20260911 112  1.8  1523  23  3.2 1225  29  6.0 1222  20.6  25.9 1447  15.3  619  14.4  22.5   9.6  69.3  45.0 1453  16.5   4.6   3.2 -9.00 1013.3 1021.4 1022.8 1023 1020.0 1613  4.3  8.3 12.6 -9.0 18.02  2.61 1400   -9.0   -9.0 -9.00   -9.0   -9   -9.0   -9   -9.0   -9   -9.0   -9   -9.0   -9  23.9  24.5  23.9  21.1  16.9
20260911 114  1.1   931  32  2.6 1706  29  3.9 1321  18.6  26.4 1541  11.8  554  11.5  22.6   7.5  67.3  27.0 1427  13.6   5.2   3.6 -9.00 1003.6 1021.3 1022.6  759 1019.0 1641  5.8  9.2 12.6 -9.0 22.11  3.27 1200   -9.0   -9.0 -9.00   -9.0   -9   -9.0   -9   -9.0   -9   -9.0   -9   -9.0   -9 -99.0 -99.0 -99.0 -99.0 -99.0
20260911 115  2.3  1966   5  3.6  911   5  6.7  903  21.0  24.5 1126  18.7  536  16.0  24.0  12.5  73.5  65.0 1131  18.2  -9.0  -9.0 -9.00  995.3 1020.9 1022.2 2133 1020.0  408  5.9 -9.0 -9.0 -9.0 -9.00 -9.00   -9   -9.0   -9.0 -9.00   -9.0   -9   -9.0   -9   -9.0   -9   -9.0   -9   -9.0   -9  23.4  23.4  22.6  16.8 -99.0
20260911 119  1.4  1217  29  3.8 1554  32  5.8 1550  19.8  26.0 1522  12.8  629  11.8  25.0   9.2  63.6  32.0 1421  13.9   5.7   4.0 -9.00 1016.3 1021.0 1022.2  948 1019.3 1605  4.5 10.1 12.6 -9.0 22.80  3.31 1200   -9.0   -9.0 -9.00   -9.0   -9   -9.0   -9   -9.0   -9   -9.0   -9   -9.0   -9  23.9  24.7  24.2  20.7  17.3
20260911 121  0.7   639  27  2.4 1202  27  4.3 1153  17.3  26.5 1557  12.8  546  11.1  21.1  15.4  72.9  20.0 1335  13.4   4.8   3.4 -9.00  993.9 1022.1 1023.9  853 1019.0 1703  6.5  5.7 12.6 -9.0 20.10  3.27 1200   -9.0   -9.0 -9.00   -9.0   -9   -9.0   -9   -9.0   -9   -9.0   -9   -9.0   -9 -99.0 -99.0 -99.0 -99.0 -99.0
20260911 127  0.8   719  23  2.1 1504  27  4.6 1334  18.2  25.8 1507  11.5  610  12.4  22.7  11.0  72.0  33.0 1430  14.4   5.1   3.5 -9.00 1007.1 1020.7 1021.9  814 1018.6 1641  6.0  8.9 12.6 -9.0 21.71  3.29 1200   -9.0   -9.0 -9.00   -9.0   -9   -9.0   -9   -9.0   -9   -9.0   -9   -9.0   -9 -99.0 -99.0 -99.0 -99.0 -99.0
20260911 129  1.6  1363  27  4.0 1347  29  8.4 1312  19.3  25.2 1249  13.1  617  12.8  22.0   8.8  69.1  34.0 1226  14.9   5.4   3.8 -9.00 1018.6 1021.5 1022.8 1104 1020.3 1538  5.6  8.3 12.6 -9.0 20.56  3.42 1200   -9.0   -9.0 -9.00   -9.0   -9   -9.0   -9   -9.0   -9   -9.0   -9   -9.0   -9  23.5  24.6  24.2  20.9  17.8
20260911 130  1.4  1235   7  3.4 1109   7  5.5 1117  20.0  24.2 1304  15.1  609  15.8  24.4  13.5  78.6  60.0  936  18.0  -9.0  -9.0 -9.00 1015.5 1021.2 1022.1 2035 1020.4  325  6.0  9.3 12.6 -9.0 -9.00 -9.00   -9   -9.0   -9.0 -9.00   -9.0   -9   -9.0   -9   -9.0   -9   -9.0   -9   -9.0   -9 -99.0 -99.0 -99.0 -99.0 -99.0
20260911 131  1.8  1597   5  3.6 1203   5  6.2 1310  21.2  26.7 1437  15.6  602  10.9  23.5  14.1  54.9  23.0 1247  13.1   6.2   4.3 -9.00 1013.9 1020.7 1021.8  931 1018.9 1618  5.8  8.4 12.6 -9.0 21.53  3.49 1200   -9.0   -9.0 -9.00   -9.0   -9   -9.0   -9   -9.0   -9   -9.0   -9   -9.0   -9 -99.0 -99.0 -99.0 -99.0 -99.0
20260911 133  1.2  1044  36  3.1 1258  34  6.1 1345  20.8  26.7 1454  15.1  622  13.4  24.6  12.0  65.1  31.0 1359  15.4   5.4   3.8 -9.00 1013.1 1021.1 1022.1  957 1019.6 1642  5.6  9.0 12.6 -9.0 21.90  3.30 1200   -9.0   -9.0 -9.00   -9.0   -9   -9.0   -9   -9.0   -9   -9.0   -9   -9.0   -9  26.3  26.8  26.3  23.7  19.3
20260911 135  0.9   773  16  2.6 1049  18  4.9 1049  18.9  25.1 1307  12.8  608  13.4  23.6  10.2  72.3  46.0 1350  15.4   4.7   3.3 -9.00  992.1 1020.7 1021.9 2054 1018.7 1639  6.9  9.0 12.6 -9.0 20.82  3.17 1100   -9.0   -9.0 -9.00   -9.0   -9   -9.0   -9   -9.0   -9   -9.0   -9   -9.0   -9 -99.0 -99.0 -99.0 -99.0 -99.0
20260911 136  0.8   681  27  2.4 1329  25  4.4 1349  20.4  26.8 1439  13.1  613  13.5  28.1  11.6  67.6  35.0 1352  15.6   5.2   3.6 -9.00 1005.1 1021.6 1022.7  823 1019.8 1607  7.0 10.3 12.6 -9.0 22.09  3.08 1200   -9.0   -9.0 -9.00   -9.0   -9   -9.0   -9   -9.0   -9   -9.0   -9   -9.0   -9 -99.0 -99.0 -99.0 -99.0 -99.0
20260911 137  0.5   400  16  1.7 1438  18  3.2 1433  20.2  27.1 1330  14.0  619  13.9  26.6  11.2  70.4  39.0 1312  15.9   4.8   3.4 -9.00 1008.8 1020.1 1021.2  800 1018.4 1616  5.9  9.4 12.6 -9.0 21.71  3.13 1100   -9.0   -9.0 -9.00   -9.0   -9   -9.0   -9   -9.0   -9   -9.0   -9   -9.0   -9 -99.0 -99.0 -99.0 -99.0 -99.0
20260911 138  2.0  1750   7  4.0 1119   5  6.2 1327  22.5  25.0 1209  20.3  258  15.1  27.0  17.5  63.4  57.0    1  17.3   5.9   4.2 -9.00 1019.6 1020.1 1021.1 2056 1019.0  258  6.8  9.4 12.6 -9.0 22.64  3.20 1100    0.1   -9.0  2.67    0.1   -9    0.1   -9   -9.0   -9   -9.0   -9   -9.0   -9  24.3  23.7  23.0  20.0  17.4
20260911 140  1.8  1587  34  3.8 1644  34  6.9 1225  21.3  27.6 1509  16.0  608  14.6  26.6  11.9  67.4  43.0 1435  16.6  -9.0  -9.0 -9.00 1018.1 1021.4 1022.4  931 1020.1 1617  5.4  9.7 12.6 -9.0 -9.00 -9.00   -9   -9.0   -9.0 -9.00   -9.0   -9   -9.0   -9   -9.0   -9   -9.0   -9   -9.0   -9 -99.0 -99.0 -99.0 -99.0 -99.0
20260911 143  1.2  1041  11  3.6 2009  11  6.2 2018  22.7  28.4 1611  18.4  524  13.8  28.0  17.9  59.0  36.0 1508  15.8   5.6   3.9 -9.00 1014.1 1020.4 1021.6 2133 1018.7 1602  7.1  8.8 12.6 -9.0 20.95  3.07 1100    0.1   -9.0  1.17    0.1   -9    0.1   -9   -9.0   -9   -9.0   -9   -9.0   -9 -99.0 -99.0 -99.0 -99.0 -99.0
20260911 146  1.9  1618  32  4.4 1400  36  7.1 1356  22.3  27.9 1547  16.5  621  14.1  25.1  12.7  62.0  35.0 1715  16.1   6.4   4.5 -9.00 1013.2 1020.2 1021.2 2049 1018.8 1618  6.8  9.4 12.6 -9.0 22.05  3.29 1200   -9.0   -9.0 -9.00   -9.0   -9   -9.0   -9   -9.0   -9   -9.0   -9   -9.0   -9 -99.0 -99.0 -99.0 -99.0 -99.0
20260911 152  2.4  2074   9  5.7 1335  11  9.6 1448  21.4  25.6 1126  18.8 2358  15.0  26.1  16.6  67.6  54.0 1304  17.1   5.7   4.0 -9.00 1010.0 1019.5 1020.9 2049 1018.5  307  6.3  8.0 12.6 -9.0 20.56  2.85 1100   -9.0   -9.0 -9.00   -9.0   -9   -9.0   -9   -9.0   -9   -9.0   -9   -9.0   -9 -99.0 -99.0 -99.0 -99.0 -99.0
20260911 155  1.7  1428   5  4.0 1203  16  7.3 1615  23.0  28.8 1409  19.6  514  16.4  27.5  17.8  67.6  40.0 1418  18.7   6.0   4.2 -9.00 1015.6 1019.7 1020.8  955 1018.6 1521  4.3  9.4 12.6 -9.0 22.42  3.14 1200   -9.0   -9.0 -9.00   -9.0   -9   -9.0   -9   -9.0   -9   -9.0   -9   -9.0   -9 -99.0 -99.0 -99.0 -99.0 -99.0
20260911 156  1.4  1235   5  3.3 1917   2  5.9 1917  23.5  29.6 1455  19.2  631  16.1  30.3  15.4  64.6  43.0 1245  18.4   8.9   6.2 -9.00 1011.5 1019.6 1021.0 2156 1018.0 1610  5.5  8.8 12.6 -9.0 -9.00 -9.00   -9   -9.0   -9.0 -9.00   -9.0   -9   -9.0   -9   -9.0   -9   -9.0   -9   -9.0   -9 -99.0 -99.0 -99.0 -99.0 -99.0
20260911 159  2.6  2264  14  4.2 1432  14  9.3 1550  23.6  28.1 1154  20.6  213  16.4  26.6  15.9  64.3  52.0 1133  18.7   5.8   4.0 -9.00 1011.0 1019.0 1020.4 2146 1018.0  306  4.1  7.7 12.6 -9.0 19.27  2.38 1100   -9.0   -9.0 -9.00   -9.0   -9   -9.0   -9   -9.0   -9   -9.0   -9   -9.0   -9  26.2  26.9  26.2  21.4  19.5
20260911 162  2.1  1821   5  4.7 1305   2  7.5 1308  23.0  29.0 1424  19.1  546  16.0  26.2  15.8  65.9  43.0 1428  18.2   5.8   4.1 -9.00 1015.1 1018.8 1020.0 2134 1017.6 1535  4.1  8.2 12.6 -9.0 20.60  3.17 1200   -9.0   -9.0 -9.00   -9.0   -9   -9.0   -9   -9.0   -9   -9.0   -9   -9.0   -9 -99.0 -99.0 -99.0 -99.0 -99.0
20260911 165  3.0  2632  29  7.6 1753  36 10.0 1813  22.4  26.9 1351  19.6  619  16.2  27.5  15.0  68.6  52.0 1356  18.5   6.4   4.5 -9.00 1014.9 1020.1 1021.3 2200 1019.0  311  4.5 10.7 12.6 -9.0 22.71  3.30 1300   -9.0   -9.0 -9.00   -9.0   -9   -9.0   -9   -9.0   -9   -9.0   -9   -9.0   -9  26.6  25.6  25.5  22.6  19.0
20260911 168  2.8  2429   5  5.7  844   2  8.6  839  23.7  27.7 1456  21.0  547  15.5  26.9  19.5  61.3  47.0 1611  17.8   6.7   4.7 -9.00 1012.3 1019.9 1021.0 2209 1018.9  205  2.9 10.6 12.6 -9.0 23.37  3.14 1200   -9.0   -9.0 -9.00   -9.0   -9   -9.0   -9   -9.0   -9   -9.0   -9   -9.0   -9  26.9  26.7  25.9  21.8  18.0
20260911 169  5.9  5134  36  8.3 1718   2 11.3  911  22.6  26.6 1241  20.5  608  16.2  25.1  18.6  67.6  55.0 1829  18.4   7.2   5.1 -9.00 1011.7 1020.5 1021.5 2147 1019.2  300  4.9  9.1 12.6 -9.0 21.81  3.22 1200   -9.0   -9.0 -9.00   -9.0   -9   -9.0   -9   -9.0   -9   -9.0   -9   -9.0   -9 -99.0 -99.0 -99.0 -99.0 -99.0
20260911 170  1.3  1152  25  2.6 1847  34  4.5 1549  23.6  29.0 1310  19.2  641  17.1  27.3  17.4  68.6  49.0 1341  19.6   5.9   4.1 -9.00 1016.0 1020.1 1021.2 2105 1018.9 1627  5.6 10.2 12.6 -9.0 22.05  3.35 1200   -9.0   -9.0 -9.00   -9.0   -9   -9.0   -9   -9.0   -9   -9.0   -9   -9.0   -9 -99.0 -99.0 -99.0 -99.0 -99.0
20260911 172  2.1  1801   5  4.1 1450  29  6.4 1530  21.2  27.4 1337  16.7  556  17.0  26.0  14.9  79.8  44.0 1318  19.4   5.6   3.9 -9.00 1014.0 1020.1 1021.1 2100 1018.9 1614  6.4  8.8 12.6 -9.0 21.14  3.33 1200   -9.0   -9.0 -9.00   -9.0   -9   -9.0   -9   -9.0   -9   -9.0   -9   -9.0   -9 -99.0 -99.0 -99.0 -99.0 -99.0
20260911 174  0.9   769  23  3.2 1250  25  4.9 1324  21.5  28.2 1453  16.8  642  16.0  31.0  15.6  74.1  41.0 1439  18.2  -9.0  -9.0 -9.00  999.0 1018.1 1019.7 2210 1016.4 1540  6.3  9.9 12.6 -9.0 -9.00 -9.00   -9   -9.0   -9.0 -9.00   -9.0   -9   -9.0   -9   -9.0   -9   -9.0   -9   -9.0   -9 -99.0 -99.0 -99.0 -99.0 -99.0
20260911 177  1.6  1401   2  4.4 1026   5  7.5 1157  20.2  26.2 1504  15.4  213  14.2  25.2  13.1  70.3  41.0 1319  16.2   5.3   3.7 -9.00 1016.8 1020.0 1021.2 1037 1018.5 1547  5.6  8.6 12.6 -9.0 21.37  3.36 1100   -9.0   -9.0 -9.00   -9.0   -9   -9.0   -9   -9.0   -9   -9.0   -9   -9.0   -9 -99.0 -99.0 -99.0 -99.0 -99.0
20260911 181  1.5  1309   5  3.3 1156   2  6.2 1150  18.5  25.4 1426  11.6  628  12.6  22.2  10.1  71.6  34.0 1304  14.6   5.0   3.5 -9.00 1017.3 1021.3 1022.4  929 1019.6 1616  6.1  8.1 12.6 -9.0 21.22  3.43 1200   -9.0   -9.0 -9.00   -9.0   -9   -9.0   -9   -9.0   -9   -9.0   -9   -9.0   -9 -99.0 -99.0 -99.0 -99.0 -99.0
20260911 184  2.6  2208   5  6.0 1339   5  9.8 1451  24.8  28.2 1156  22.7  345  16.7  31.3  19.4  61.4  51.0 1544  19.1   6.2   4.3 -9.00 1016.7 1019.1 1020.2 2107 1017.8  318  4.5  9.0 12.5 -9.0 18.17  2.95 1200    0.0   -9.0  2.38    0.0   -9    0.0   -9   -9.0   -9   -9.0   -9   -9.0   -9  28.5  27.8  27.7  25.0  20.2
20260911 185  4.1  3510  34  8.7 1415  34 12.1 1507  23.4  26.2 1513  21.3 2248  17.5  27.5  19.0  70.0  62.0 1346  20.1   5.4   3.8 -9.00 1010.9 1019.2 1020.2 2106 1018.1 1559  5.3  5.1 12.5 -9.0 15.20  2.81 1400   -9.0   -9.0 -9.00   -9.0   -9   -9.0   -9   -9.0   -9   -9.0   -9   -9.0   -9 -99.0 -99.0 -99.0 -99.0 -99.0
20260911 188  2.5  2175   7  6.2 1358   7  8.7 1231  23.7  27.1 1303  21.1  548  17.5  28.0  18.6  69.4  55.0 1221  20.0  -9.0  -9.0 -9.00 1017.4 1019.7 1020.7 2103 1018.4  346  3.8  9.0 12.5 -9.0 -9.00 -9.00   -9   -9.0   -9.0 -9.00   -9.0   -9   -9.0   -9   -9.0   -9   -9.0   -9   -9.0   -9 -99.0 -99.0 -99.0 -99.0 -99.0
20260911 189  2.0  1764   7  4.4 1816   9  8.0 1753  24.9  29.2 1241  21.6  655  16.6  29.9  20.1  61.0  49.0 1246  19.0   6.2   4.4 -9.00 1013.4 1019.4 1020.5 2107 1018.3  341  3.4  5.6 12.5 -9.0 19.01  3.03 1200   -9.0   -9.0 -9.00   -9.0   -9   -9.0   -9   -9.0   -9   -9.0   -9   -9.0   -9 -99.0 -99.0 -99.0 -99.0 -99.0
20260911 192  0.6   557  11  2.2 1034   5  5.7 1513  21.1  27.7 1536  16.5  520  14.8  28.4  17.7  69.1  40.0 1618  16.9   5.3   3.7 -9.00 1016.5 1019.9 1021.1 2141 1018.4 1633  5.9  9.6 12.6 -9.0 21.91  2.87 1100   -9.0   -9.0 -9.00   -9.0   -9   -9.0   -9   -9.0   -9   -9.0   -9   -9.0   -9 -99.0 -99.0 -99.0 -99.0 -99.0
20260911 201  1.6  1355  29  4.0 1710   5  6.1 1329  18.4  25.3 1354  11.1  530  14.3  20.1   5.7  79.8  47.0 1356  16.4  -9.0  -9.0 -9.00 1016.7 1022.4 1023.7 1034 1021.0 1649  3.6  8.6 12.6 -9.0 -9.00 -9.00   -9   -9.0   -9.0 -9.00   -9.0   -9   -9.0   -9   -9.0   -9   -9.0   -9   -9.0   -9 -99.0 -99.0 -99.0 -99.0 -99.0
20260911 202  0.9   755  29  2.6 1515  32  4.4 1313  18.3  26.3 1505  12.2  621  12.7  24.4   7.1  74.6  38.0 1446  14.7  -9.0  -9.0 -9.00 1016.2 1021.8 1023.3  918 1020.2 1622  5.4  7.1 12.6 -9.0 -9.00 -9.00   -9   -9.0   -9.0 -9.00   -9.0   -9   -9.0   -9   -9.0   -9   -9.0   -9   -9.0   -9 -99.0 -99.0 -99.0 -99.0 -99.0
20260911 203  0.5   473   5  1.6 1123   5  3.3 1117  18.2  26.3 1525  11.6  521  13.6  22.0   9.0  77.9  43.0 1657  15.6  -9.0  -9.0 -9.00 1012.7 1022.1 1023.4  921 1020.3 1623  4.5  7.8 12.6 -9.0 -9.00 -9.00   -9   -9.0   -9.0 -9.00   -9.0   -9   -9.0   -9   -9.0   -9   -9.0   -9   -9.0   -9 -99.0 -99.0 -99.0 -99.0 -99.0
20260911 211  1.2  1014  18  2.6 1136  23  4.5 1601  16.6  24.9 1519  11.2   43  12.0  22.9   8.3  77.0  40.0 1450  14.1  -9.0  -9.0 -9.00  998.0 1021.9 1023.6  902 1019.3 1512  7.1  6.6 12.6 -9.0 -9.00 -9.00   -9   -9.0   -9.0 -9.00   -9.0   -9   -9.0   -9   -9.0   -9   -9.0   -9   -9.0   -9 -99.0 -99.0 -99.0 -99.0 -99.0
20260911 212  0.9   763  20  2.1 1534  23  3.7 1529  16.7  24.5 1421  11.7  304  12.1  21.3   9.5  77.6  39.0 1620  14.2  -9.0  -9.0 -9.00 1006.0 1022.6 1024.4  930 1020.4 1645  7.3  5.3 12.6 -9.0 -9.00 -9.00   -9   -9.0   -9.0 -9.00   -9.0   -9   -9.0   -9   -9.0   -9   -9.0   -9   -9.0   -9 -99.0 -99.0 -99.0 -99.0 -99.0
20260911 216  1.2  1021   5  3.6 1519  11  6.6 1432  15.7  24.1 1414   9.4  649  10.9  19.0  13.2  77.1  27.0 1357  13.1   5.2   3.6 -9.00  939.9 1021.6 1024.0 2301 1017.9 1403  5.9  7.9 12.6 -9.0 22.09  3.29 1200   -9.0   -9.0 -9.00   -9.0   -9   -9.0   -9   -9.0   -9   -9.0   -9   -9.0   -9 -99.0 -99.0 -99.0 -99.0 -99.0
20260911 217  1.0   878   2  2.4  629  27  3.7  625  17.4  26.3 1417  12.3  242  11.5  22.5   9.7  72.9  32.0 1415  13.6  -9.0  -9.0 -9.00  985.4 1021.8 1023.9  916 1018.4 1628  7.9  5.9 12.6 -9.0 -9.00 -9.00   -9   -9.0   -9.0 -9.00   -9.0   -9   -9.0   -9   -9.0   -9   -9.0   -9   -9.0   -9 -99.0 -99.0 -99.0 -99.0 -99.0
20260911 221  0.9   749  11  2.6  934  11  4.4  922  16.2  24.9 1529   8.9  612  11.7  22.1   6.7  78.6  36.0 1248  13.8  -9.0  -9.0 -9.00  990.6 1021.7 1023.1  645 1019.2 1651  6.3  8.6 12.6 -9.0 -9.00 -9.00   -9   -9.0   -9.0 -9.00   -9.0   -9   -9.0   -9   -9.0   -9   -9.0   -9   -9.0   -9 -99.0 -99.0 -99.0 -99.0 -99.0
20260911 226  0.7   575  36  2.8 1624  34  4.9 1635  18.7  26.2 1447  12.5  605  13.3  23.9   8.2  74.5  33.0 1448  15.4  -9.0  -9.0 -9.00 1001.1 1021.3 1022.3  804 1019.5 1533  6.5  8.2 12.6 -9.0 -9.00 -9.00   -9   -9.0   -9.0 -9.00   -9.0   -9   -9.0   -9   -9.0   -9   -9.0   -9   -9.0   -9 -99.0 -99.0 -99.0 -99.0 -99.0
20260911 232  0.7   611  23  2.7 1308  36  6.3 1323  18.6  26.2 1443  12.2  600  13.2  22.8   8.6  75.5  33.0 1508  15.3  -9.0  -9.0 -9.00 1011.9 1021.9 1022.8  744 1020.2 1610  6.0  8.6 12.6 -9.0 -9.00 -9.00   -9   -9.0   -9.0 -9.00   -9.0   -9   -9.0   -9   -9.0   -9   -9.0   -9   -9.0   -9 -99.0 -99.0 -99.0 -99.0 -99.0
20260911 235  2.3  2025   2  4.8 1006  36  8.3 1334  21.0  26.8 1248  15.4  615  13.4  23.5  13.6  64.4  29.0 1253  15.4   6.0   4.2 -9.00 1019.2 1020.4 1021.6 1044 1019.1 1610  5.5  8.3 12.6 -9.0 21.15  3.49 1200   -9.0   -9.0 -9.00   -9.0   -9   -9.0   -9   -9.0   -9   -9.0   -9   -9.0   -9 -99.0 -99.0 -99.0 -99.0 -99.0
20260911 236  1.2  1031   2  2.7 1127   5  6.0 1407  20.4  27.5 1404  15.4  625  13.6  24.7  13.9  67.3  41.0 1433  15.6  -9.0  -9.0 -9.00 1019.6 1021.2 1022.4  941 1020.0 1556  5.8  8.6 12.6 -9.0 -9.00 -9.00   -9   -9.0   -9.0 -9.00   -9.0   -9   -9.0   -9   -9.0   -9   -9.0   -9   -9.0   -9 -99.0 -99.0 -99.0 -99.0 -99.0
20260911 238  0.5   469  36  2.5 1549  36  4.6 1540  20.0  26.3 1507  14.3  611  13.8  24.4  12.2  70.0  35.0 1649  15.8  -9.0  -9.0 -9.00 1000.6 1020.4 1021.5 2102 1018.7 1616  6.8  8.6 12.6 -9.0 -9.00 -9.00   -9   -9.0   -9.0 -9.00   -9.0   -9   -9.0   -9   -9.0   -9   -9.0   -9   -9.0   -9 -99.0 -99.0 -99.0 -99.0 -99.0
20260911 239  1.2  1056  34  2.8 1444  34  5.4 1510  19.9  26.3 1344  15.0  556  13.0  26.5  12.5  66.6  36.0 1345  15.0   4.9   3.4 -9.00 1010.0 1020.5 1021.5  946 1018.7 1610  5.6  7.8 12.6 -9.0 20.20  3.27 1200   -9.0   -9.0 -9.00   -9.0   -9   -9.0   -9   -9.0   -9   -9.0   -9   -9.0   -9 -99.0 -99.0 -99.0 -99.0 -99.0
20260911 243  1.3  1092  29  2.9 1646  29  5.9 1639  21.2  27.6 1408  15.3  615  14.1  25.4  12.8  66.1  40.0 1503  16.2  -9.0  -9.0 -9.00 1019.4 1020.8 1021.9 1001 1019.7  312  6.0  8.2 12.6 -9.0 -9.00 -9.00   -9   -9.0   -9.0 -9.00   -9.0   -9   -9.0   -9   -9.0   -9   -9.0   -9   -9.0   -9 -99.0 -99.0 -99.0 -99.0 -99.0
20260911 244  0.8   704   7  2.5 1359   5  5.4 1328  21.0  27.8 1428  15.8  633  14.8  24.2  14.0  70.3  43.0 1223  16.8  -9.0  -9.0 -9.00  991.4 1020.0 1021.3 2136 1018.4 1427  6.5  8.5 12.6 -9.0 -9.00 -9.00   -9   -9.0   -9.0 -9.00   -9.0   -9   -9.0   -9   -9.0   -9   -9.0   -9   -9.0   -9 -99.0 -99.0 -99.0 -99.0 -99.0
20260911 245  1.8  1581  34  4.8 1507  34  7.0 1433  21.4  27.9 1408  16.6  546  15.1  27.9  13.6  69.4  40.0 1658  17.2   5.5   3.9 -9.00 1012.4 1020.5 1021.5 2109 1019.2 1631  6.5  9.3 12.6 -9.0 20.76  3.17 1200   -9.0   -9.0 -9.00   -9.0   -9   -9.0   -9   -9.0   -9   -9.0   -9   -9.0   -9 -99.0 -99.0 -99.0 -99.0 -99.0
20260911 247  1.5  1327   7  3.2  119  32  6.1 1253  22.5  28.8 1506  17.9  620  15.5  27.6  15.6  65.9  43.0 1434  17.6  -9.0  -9.0 -9.00 1004.0 1019.5 1021.0 2213 1017.8 1606  6.5  8.7 12.6 -9.0 -9.00 -9.00   -9   -9.0   -9.0 -9.00   -9.0   -9   -9.0   -9   -9.0   -9   -9.0   -9   -9.0   -9 -99.0 -99.0 -99.0 -99.0 -99.0
20260911 248  1.0   856  36  3.7 1228  36  6.0 1225  19.4  26.1 1417  15.0  654  14.1  24.0  14.1  76.1  32.0 1403  16.2  -9.0  -9.0 -9.00  973.7 1020.5 1022.4 2142 1018.4 1541  7.1  8.6 12.6 -9.0 -9.00 -9.00   -9   -9.0   -9.0 -9.00   -9.0   -9   -9.0   -9   -9.0   -9   -9.0   -9   -9.0   -9 -99.0 -99.0 -99.0 -99.0 -99.0
20260911 251  1.9  1654   5  4.3 1546   5  7.2 1538  21.0  26.9 1338  15.9  609  16.3  23.9  16.1  76.1  50.0 1450  18.5   5.0   3.5 -9.00 1014.2 1020.1 1021.0 2103 1018.7 1614  6.0  8.9 12.6 -9.0 19.96  3.04 1200   -9.0   -9.0 -9.00   -9.0   -9   -9.0   -9   -9.0   -9   -9.0   -9   -9.0   -9 -99.0 -99.0 -99.0 -99.0 -99.0
20260911 252  1.5  1260  36  3.9 1749   2  7.0 1540  20.9  26.7 1317  16.3  608  15.8  25.7  14.2  74.0  53.0 1306  18.0   5.3   3.7 -9.00 1015.8 1020.2 1021.1  924 1019.1  313  5.9  9.3 12.6 -9.0 21.34  3.36 1200   -9.0   -9.0 -9.00   -9.0   -9   -9.0   -9   -9.0   -9   -9.0   -9   -9.0   -9 -99.0 -99.0 -99.0 -99.0 -99.0
20260911 253  1.2  1050  14  3.6 1510  16  6.3 1510  23.3  29.4 1349  19.4  508  16.8  27.9  16.7  67.4  45.0 1355  19.2   5.0   3.5 -9.00 1014.1 1020.4 1021.7 2135 1019.0 1546  5.8  7.3 12.6 -9.0 19.51  3.03 1100   -9.0   -9.0 -9.00   -9.0   -9   -9.0   -9   -9.0   -9   -9.0   -9   -9.0   -9 -99.0 -99.0 -99.0 -99.0 -99.0
20260911 254  1.4  1186  32  4.9 1753  32  7.4 1748  21.8  28.4 1355  16.7  630  15.2  28.2  15.1  68.8  41.0 1242  17.2   5.8   4.0 -9.00 1005.1 1020.1 1021.6 2215 1018.5 1554  6.1  9.3 12.6 -9.0 21.76  3.44 1100   -9.0   -9.0 -9.00   -9.0   -9   -9.0   -9   -9.0   -9   -9.0   -9   -9.0   -9 -99.0 -99.0 -99.0 -99.0 -99.0
20260911 255  1.5  1326  32  3.9 1104  32  6.5 1217  23.8  30.0 1423  19.9  435  16.3  25.5  17.3  64.1  41.0 1426  18.6   5.3   3.7 -9.00 1013.3 1019.2 1020.4 2132 1017.7 1523  5.1  8.4 12.6 -9.0 19.88  2.82 1300   -9.0   -9.0 -9.00   -9.0   -9   -9.0   -9   -9.0   -9   -9.0   -9   -9.0   -9 -99.0 -99.0 -99.0 -99.0 -99.0
20260911 257  2.0  1724   9  4.2 1728  11  9.2 1756  23.8  29.6 1404  20.5  504  16.9  28.7  17.9  66.3  47.0 1323  19.3   5.7   4.0 -9.00 1018.9 1019.6 1021.0 2151 1018.2 1536  6.1  8.6 12.6 -9.0 20.46  3.02 1100   -9.0   -9.0 -9.00   -9.0   -9   -9.0   -9   -9.0   -9   -9.0   -9   -9.0   -9 -99.0 -99.0 -99.0 -99.0 -99.0
20260911 258  1.7  1485  18  3.2 1314  16  4.8 1333  22.6  28.3 1522  18.7 2357  17.7  25.4  17.6  76.3  50.0 1517  20.3   6.1   4.3 -9.00 1019.9 1020.1 1021.4 2119 1018.7 1646  5.3  9.3 12.6 -9.0 23.34  3.34 1200   -9.0   -9.0 -9.00   -9.0   -9   -9.0   -9   -9.0   -9   -9.0   -9   -9.0   -9 -99.0 -99.0 -99.0 -99.0 -99.0
20260911 259  0.9   744  20  2.4 1748  20  4.5 1644  22.8  29.3 1556  17.5  612  17.8  26.8  16.0  75.4  49.0 1317  20.4   4.9   3.4 -9.00 1017.6 1019.5 1020.7 2140 1018.0 1628  6.5  7.7 12.6 -9.0 19.91  2.77 1000   -9.0   -9.0 -9.00   -9.0   -9   -9.0   -9   -9.0   -9   -9.0   -9   -9.0   -9 -99.0 -99.0 -99.0 -99.0 -99.0
20260911 260  1.1   989  14  3.7 1432  14  5.4 1648  22.6  29.2 1415  18.0  633  17.8  27.9  16.9  76.0  46.0 1343  20.4  -9.0  -9.0 -9.00 1014.4 1019.5 1020.8 2108 1018.1 1634  5.4  8.4 12.6 -9.0 -9.00 -9.00   -9   -9.0   -9.0 -9.00   -9.0   -9   -9.0   -9   -9.0   -9   -9.0   -9   -9.0   -9 -99.0 -99.0 -99.0 -99.0 -99.0
20260911 261  1.2  1031  32  4.0 1757  29  5.9 1310  22.3  28.9 1407  16.9  620  17.9  28.1  15.3  78.1  53.0 1412  20.6  -9.0  -9.0 -9.00 1018.2 1020.1 1021.4 2152 1018.8 1636  5.6 10.0 12.6 -9.0 -9.00 -9.00   -9   -9.0   -9.0 -9.00   -9.0   -9   -9.0   -9   -9.0   -9   -9.0   -9   -9.0   -9 -99.0 -99.0 -99.0 -99.0 -99.0
20260911 262  1.1   924  29  3.4 1238  36  5.7 1307  22.8  29.5 1512  17.4  637  16.2  26.8  19.3  68.9  43.0 1325  18.4   5.1   3.6 -9.00 1013.7 1019.7 1021.1 2139 1018.5 1634  5.1  8.7 12.6 -9.0 19.29  3.05 1200   -9.0   -9.0 -9.00   -9.0   -9   -9.0   -9   -9.0   -9   -9.0   -9   -9.0   -9 -99.0 -99.0 -99.0 -99.0 -99.0
20260911 263  1.2  1046   7  3.2 1325   5  5.8 1148  21.0  28.0 1416  16.5 2342  15.7  29.6  14.3  73.6  42.0 1408  17.9   5.7   4.0 -9.00 1018.2 1019.8 1021.0 2130 1018.4 1624  5.9  8.0 12.6 -9.0 22.24  3.26 1200   -9.0   -9.0 -9.00   -9.0   -9   -9.0   -9   -9.0   -9   -9.0   -9   -9.0   -9 -99.0 -99.0 -99.0 -99.0 -99.0
20260911 264  0.8   702  16  2.6 1638  34  4.2 1318  22.0  29.5 1528  16.9  637  16.5  27.3  15.6  73.9  43.0 1545  18.8   5.5   3.8 -9.00 1002.3 1020.0 1021.6 2213 1017.7 1541  6.8  8.2 12.6 -9.0 22.31  3.43 1200   -9.0   -9.0 -9.00   -9.0   -9   -9.0   -9   -9.0   -9   -9.0   -9   -9.0   -9 -99.0 -99.0 -99.0 -99.0 -99.0
20260911 266  1.3  1112   9  3.0 1005   9  5.7 1015  23.7  29.0 1446  19.3  605  15.8  31.8  18.3  62.6  47.0 1410  18.1   5.7   4.0 -9.00 1009.9 1020.1 1021.3 2112 1018.7 1642  4.9  8.9 12.6 -9.0 22.05  3.22 1200   -9.0   -9.0 -9.00   -9.0   -9   -9.0   -9   -9.0   -9   -9.0   -9   -9.0   -9 -99.0 -99.0 -99.0 -99.0 -99.0
20260911 268  1.5  1320  32  4.1 1730  34  7.1 1721  21.5  26.8 1454  17.1  553  16.7  26.3  16.5  75.9  51.0 1350  19.1  -9.0  -9.0 -9.00 1017.4 1018.6 1019.9 2136 1017.6  307  5.1 10.3 12.6 -9.0 -9.00 -9.00   -9   -9.0   -9.0 -9.00   -9.0   -9   -9.0   -9   -9.0   -9   -9.0   -9   -9.0   -9 -99.0 -99.0 -99.0 -99.0 -99.0
20260911 271  0.8   708  14  2.2 1411  16  4.0 1402  17.3  25.3 1440  10.0  631  12.0  23.1   7.1  75.6  35.0 1341  14.2  -9.0  -9.0 -9.00  983.7 1021.6 1023.1 2059 1019.3 1517  6.5  8.4 12.6 -9.0 -9.00 -9.00   -9   -9.0   -9.0 -9.00   -9.0   -9   -9.0   -9   -9.0   -9   -9.0   -9   -9.0   -9 -99.0 -99.0 -99.0 -99.0 -99.0
20260911 272  1.2  1030  32  2.7 1900  29  4.4 1846  18.2  25.1 1355  10.9  610  12.9  25.2   8.3  74.4  47.0 1335  14.9  -9.0  -9.0 -9.00  996.4 1021.1 1022.3 2243 1019.1 1659  5.8  8.4 12.6 -9.0 -9.00 -9.00   -9   -9.0   -9.0 -9.00   -9.0   -9   -9.0   -9   -9.0   -9   -9.0   -9   -9.0   -9 -99.0 -99.0 -99.0 -99.0 -99.0
20260911 273  1.0   876  11  2.3 1101  29  4.9 2125  19.2  26.3 1530  12.4  608  13.6  25.4   8.3  72.9  45.0 1348  15.6  -9.0  -9.0 -9.00 1000.2 1020.5 1021.5  807 1018.6 1543  6.6  8.8 12.6 -9.0 -9.00 -9.00   -9   -9.0   -9.0 -9.00   -9.0   -9   -9.0   -9   -9.0   -9   -9.0   -9   -9.0   -9 -99.0 -99.0 -99.0 -99.0 -99.0
20260911 276  1.1   915  14  3.7 1540  14  6.0 1532  19.7  26.7 1309  13.5  607  15.7  25.0  10.5  81.1  44.0 1329  17.9   4.8   3.4 -9.00  996.0 1020.3 1021.7 2120 1018.5 1339  6.4  6.2 12.6 -9.0 20.07  3.23 1200   -9.0   -9.0 -9.00   -9.0   -9   -9.0   -9   -9.0   -9   -9.0   -9   -9.0   -9 -99.0 -99.0 -99.0 -99.0 -99.0
20260911 277  1.2  1057   2  4.2 1116   5  6.2 1107  20.0  24.8 1326  15.2  624  15.6  26.1  12.9  77.3  55.0 1148  17.8  -9.0  -9.0 -9.00 1016.2 1021.0 1022.1 2137 1020.0  321  6.4  8.4 12.6 -9.0 -9.00 -9.00   -9    0.0   -9.0 -9.00    0.0   -9    0.0   -9   -9.0   -9   -9.0   -9   -9.0   -9 -99.0 -99.0 -99.0 -99.0 -99.0
20260911 278  0.7   601  25  2.5 1512  25  4.4 1508  20.6  26.5 1240  14.5  632  15.1  25.9  11.2  74.0  43.0 1246  17.2  -9.0  -9.0 -9.00 1010.3 1019.9 1020.9  741 1018.2 1609  6.6  6.8 12.6 -9.0 -9.00 -9.00   -9   -9.0   -9.0 -9.00   -9.0   -9   -9.0   -9   -9.0   -9   -9.0   -9   -9.0   -9 -99.0 -99.0 -99.0 -99.0 -99.0
20260911 279  0.8   690  29  2.1 1356  29  4.1 1253  21.4  28.2 1341  16.1  630  13.4  29.0  14.3  62.6  35.0 1410  15.4   5.2   3.6 -9.00 1014.5 1020.3 1021.4 1002 1018.9 1554  7.1  7.8 12.6 -9.0 20.54  3.14 1100   -9.0   -9.0 -9.00   -9.0   -9   -9.0   -9   -9.0   -9   -9.0   -9   -9.0   -9 -99.0 -99.0 -99.0 -99.0 -99.0
20260911 281  1.1   941  11  3.2 1743  14  5.6 1732  21.0  27.0 1416  17.2  317  15.1  27.1  15.9  71.4  46.0 1344  17.2  -9.0  -9.0 -9.00 1009.6 1020.9 1022.2 2146 1019.5 1540  7.4  8.4 12.6 -9.0 -9.00 -9.00   -9    0.0   -9.0 -9.00    0.0   -9    0.0   -9   -9.0   -9   -9.0   -9   -9.0   -9 -99.0 -99.0 -99.0 -99.0 -99.0
20260911 283  1.7  1470  36  4.1  940   2  7.3 1326  21.1  27.6 1347  17.4  456  16.2  26.2  15.5  75.4  49.0 1356  18.4   5.0   3.5 -9.00 1016.0 1020.7 1022.0 2144 1019.5 1553  7.1  6.0 12.6 -9.0 18.79  2.97 1300    0.0   -9.0 -9.00    0.0   -9    0.0   -9   -9.0   -9   -9.0   -9   -9.0   -9 -99.0 -99.0 -99.0 -99.0 -99.0
20260911 284  1.2  1020  16  4.3 1614  11  7.0 1610  21.2  28.8 1531  16.2  623  15.6  27.0  14.6  73.0  40.0 1541  17.8   5.7   4.0 -9.00  993.6 1020.0 1021.6 2213 1017.6 1527  7.4  8.9 12.6 -9.0 22.17  3.19 1200    0.0   -9.0 -9.00    0.0   -9    0.0   -9   -9.0   -9   -9.0   -9   -9.0   -9 -99.0 -99.0 -99.0 -99.0 -99.0
20260911 285  0.8   705   9  2.0 1325  14  4.4 1100  22.0  28.5 1354  17.6 2351  15.6  29.0  15.7  69.9  43.0 1453  17.7  -9.0  -9.0 -9.00 1017.1 1020.3 1021.5 2235 1018.9 1550  7.3  8.7 12.6 -9.0 -9.00 -9.00   -9    0.0   -9.0 -9.00    0.0   -9    0.0   -9   -9.0   -9   -9.0   -9   -9.0   -9 -99.0 -99.0 -99.0 -99.0 -99.0
20260911 288  1.3  1138  32  3.4 1117  34  6.2 1023  23.8  29.5 1427  19.3  341  15.0  27.7  20.8  60.4  38.0 1450  17.1   6.2   4.3 -9.00 1017.3 1018.2 1019.6 2200 1016.7 1528  6.1  7.8 12.6 -9.0 21.22  3.17 1200   -9.0   -9.0 -9.00   -9.0   -9   -9.0   -9   -9.0   -9   -9.0   -9   -9.0   -9 -99.0 -99.0 -99.0 -99.0 -99.0
20260911 289  0.7   626   5  2.4 1224  27  4.1 1412  21.7  28.2 1443  17.2  622  16.0  27.8  15.9  72.4  44.0 1329  18.2  -9.0  -9.0 -9.00 1004.7 1020.8 1022.1 2225 1018.9 1633  6.1  6.6 12.6 -9.0 -9.00 -9.00   -9   -9.0   -9.0 -9.00   -9.0   -9   -9.0   -9   -9.0   -9   -9.0   -9   -9.0   -9 -99.0 -99.0 -99.0 -99.0 -99.0
20260911 294  1.1   945  14  3.2 1847  34  6.2 1134  22.3  27.0 1400  18.0  551  16.6  27.9  15.0  71.3  51.0 1144  18.9  -9.0  -9.0 -9.00 1015.2 1020.4 1021.4 2217 1019.4  312  5.0  9.5 12.6 -9.0 -9.00 -9.00   -9   -9.0   -9.0 -9.00   -9.0   -9   -9.0   -9   -9.0   -9   -9.0   -9   -9.0   -9 -99.0 -99.0 -99.0 -99.0 -99.0
20260911 295  1.3  1141  36  2.4  848   2  4.7  839  22.3  27.7 1447  18.3  604  16.0  29.2  16.0  69.3  46.0 1442  18.3  -9.0  -9.0 -9.00 1014.8 1020.1 1021.2  951 1018.7 1624  4.5 10.2 12.6 -9.0 -9.00 -9.00   -9   -9.0   -9.0 -9.00   -9.0   -9   -9.0   -9   -9.0   -9   -9.0   -9   -9.0   -9 -99.0 -99.0 -99.0 -99.0 -99.0
20260911 296  2.1  1817   5  3.9 1621   9  6.9 1708  23.5  29.0 1406  19.0  558  17.2  25.9  15.2  69.1  46.0 1320  19.6   5.6   3.9 -9.00 1018.5 1018.9 1020.2 2136 1017.4 1543  5.3  8.4 12.6 -9.0 19.63  2.81 1000   -9.0   -9.0 -9.00   -9.0   -9   -9.0   -9   -9.0   -9   -9.0   -9   -9.0   -9 -99.0 -99.0 -99.0 -99.0 -99.0
20260912  90  1.7  1499  14  3.8 1452  14  5.6 1452  20.7  24.6 1143  16.2  226  14.7  22.6  14.1  69.6  55.0 1100  16.9   3.1   2.2 -9.00 1018.8 1020.9 1022.2  953 1020.0  303  7.9  0.8 12.6 -9.0 11.23  1.87 1100   -9.0   -9.0 -9.00   -9.0   -9   -9.0   -9   -9.0   -9   -9.0   -9   -9.0   -9 -99.0 -99.0 -99.0 -99.0 -99.0
20260912  93  0.5   430  18  1.6 1221  23  2.7 1219  17.7  22.0 1326  11.8  439  15.5  21.2   9.5  87.5  70.0 1403  17.7   2.0   1.4 -9.00 1010.7 1022.0 1023.7  725 1020.4 1644  8.4  1.3 12.6 -9.0  9.55  1.50 1200   -9.0    0.3 -9.00   -9.0   -9   -9.0   -9   -9.0   -9   -9.0   -9   -9.0   -9  23.2  24.5  24.7  23.0  19.9
20260912  95  0.6   547  14  1.8  939  11  3.0  932  18.0  23.2 1437  12.0  427  14.4  20.5  11.5  81.4  58.0 1313  16.5   2.4   1.7 -9.00 1003.6 1022.0 1023.5  826 1020.1 1631  8.0  1.4 12.6 -9.0 10.34  1.78 1100   -9.0   -9.0 -9.00   -9.0   -9   -9.0   -9   -9.0   -9   -9.0   -9   -9.0   -9 -99.0 -99.0 -99.0 -99.0 -99.0
20260912  98  0.4   368  18  1.4 1213  20  3.0 1208  19.0  23.5 1328  14.5  352  14.3  21.8  12.5  75.5  56.0 1206  16.4   2.2   1.5 -9.00 1007.6 1021.2 1022.5  737 1019.7 1554  8.8  0.5 12.6 -9.0  9.28  1.35 1000   -9.0   -9.0 -9.00   -9.0   -9   -9.0   -9   -9.0   -9   -9.0   -9   -9.0   -9 -99.0 -99.0 -99.0 -99.0 -99.0
20260912  99  0.6   521   9  2.2  853   7  3.7  817  18.4  22.6 1222  13.3  343  16.4  20.9  12.3  89.3  66.0 1225  18.7   2.1   1.5 -9.00 1018.2 1021.8 1023.4 1035 1020.3 1626  8.1  0.6 12.6 -9.0  9.60  1.67 1000   -9.0   -9.0 -9.00   -9.0   -9   -9.0   -9   -9.0   -9   -9.0   -9   -9.0   -9 -99.0 -99.0 -99.0 -99.0 -99.0
20260912 100  0.5   425  36  2.5 1845  34  3.8 1842  12.9  20.0 1404   4.9  459  10.2  15.2   4.0  84.9  54.0 1228  12.6   1.9   1.4 -9.00  934.0 1023.1 1026.1  600 1020.0 1533  9.4  0.3 12.6 -9.0  8.50  1.29 1000   -9.0   -9.0 -9.00   -9.0   -9   -9.0   -9   -9.0   -9   -9.0   -9   -9.0   -9 -99.0 -99.0 -99.0 -99.0 -99.0
20260912 101  0.5   455  32  1.9  815  34  3.0  501  18.0  22.3 1406  13.0  250  15.0  21.1  10.5  83.3  67.0 1414  17.1   2.0   1.4 -9.00 1011.8 1020.8 1022.5  726 1019.2 1640  8.5  0.4 12.6 -9.0  8.96  1.42 1100   -9.0    0.2 -9.00   -9.0   -9   -9.0   -9   -9.0   -9   -9.0   -9   -9.0   -9  24.1  24.8  24.3  20.4  16.9
20260912 102  1.4  1190  34  4.1 1756  16  6.1 1049  21.2  24.5 1459  18.5  229  18.0  24.2  13.8  82.5  59.0 1618  20.6   4.0   2.8 -9.00 1015.9 1020.1 1021.6  959 1019.0 1804  7.8  4.4 12.6 -9.0 15.95  2.39 1400   -9.0   -9.0 -9.00   -9.0   -9   -9.0   -9   -9.0   -9   -9.0   -9   -9.0   -9 -99.0 -99.0 -99.0 -99.0 -99.0
20260912 104  0.7   645  20  2.8  119  20  4.2  108  19.6  23.6 1440  15.3   13  16.1  19.7  11.6  80.9  64.0  120  18.5   2.0   1.4 -9.00 1011.4 1020.3 1021.6 1003 1019.5  353  8.5  0.1 12.6 -9.0  8.60  1.13 1100   -9.0   -9.0 -9.00   -9.0   -9   -9.0   -9   -9.0   -9   -9.0   -9   -9.0   -9  22.6  23.8  24.0  20.9  16.7
20260912 105  1.7  1484  25  4.6  428  27  7.9  510  20.1  23.8 1446  16.5  526  13.6  19.9  14.3  66.9  55.0 1423  15.8   2.3   1.6 -9.00 1018.0 1021.2 1022.6 1044 1020.1 1832  8.5  0.2 12.6 -9.0  7.82  1.06 1000   -9.0   -9.0 -9.00   -9.0   -9   -9.0   -9   -9.0   -9   -9.0   -9   -9.0   -9  23.2  24.0  24.6  20.8  17.6
20260912 106  1.8  1540  23  3.0  517  25  5.5  205  19.6  25.1 1344  14.7  453  15.7  21.1  12.3  78.5  55.0 1045  17.9   2.8   1.9 -9.00 1016.7 1021.4 1022.5  916 1020.4 1911  9.4  0.6 12.6 -9.0 10.14  1.52  900   -9.0   -9.0 -9.00   -9.0   -9   -9.0   -9   -9.0   -9   -9.0   -9   -9.0   -9 -99.0 -99.0 -99.0 -99.0 -99.0
20260912 108  1.5  1333   5  3.0 1509   7  4.7 1503  20.5  23.6 1318  17.1  507  14.3  21.1  10.0  68.4  55.0 1539  16.3   2.8   2.0 -9.00 1010.8 1020.9 1022.6 1050 1019.5 1603  8.9  0.3 12.6 -9.0  8.55  1.32 1200    0.0    0.2  0.07    0.0   -9    0.0   -9   -9.0   -9   -9.0   -9   -9.0   -9  24.2  24.8  25.1  21.7  17.1
20260912 112  1.4  1223  29  2.9 1618  32  5.6 1619  21.5  23.6 1415  19.0  559  16.4  22.0  13.5  73.6  62.0 1207  18.7   2.5   1.7 -9.00 1012.6 1020.7 1022.4 1036 1019.5 1548  8.9  0.1 12.6 -9.0  8.70  1.46 1100   -9.0    0.1 -9.00   -9.0   -9   -9.0   -9   -9.0   -9   -9.0   -9   -9.0   -9  23.6  24.1  23.7  21.1  16.8
20260912 114  0.8   690  32  2.5 1835  29  3.6 1830  18.6  23.3 1524  13.1  438  13.8  21.3   8.6  75.0  52.0 1452  15.9   2.5   1.8 -9.00 1003.5 1021.1 1022.8  933 1019.2 1802  8.8  0.2 12.6 -9.0  9.91  1.39 1300   -9.0   -9.0 -9.00   -9.0   -9   -9.0   -9   -9.0   -9   -9.0   -9   -9.0   -9 -99.0 -99.0 -99.0 -99.0 -99.0
20260912 115  1.7  1426   7  3.1  926   9  6.0 1006  22.3  25.2 1534  19.1   16  18.5  23.8  12.8  79.3  72.0 1332  21.4   3.3   2.3 -9.00  996.0 1021.5 1022.6 1047 1020.8  452  7.4  1.6 12.6 -9.0 12.35  1.82 1000   -9.0   -9.0 -9.00   -9.0   -9   -9.0   -9   -9.0   -9   -9.0   -9   -9.0   -9  23.2  23.3  22.6  16.6  14.5
20260912 119  1.0   842  11  2.6 1508   5  3.6 2101  20.1  24.3 1532  15.7  350  14.3  22.2  12.7  70.8  49.0 1540  16.3   2.3   1.6 -9.00 1015.9 1020.6 1022.3 1035 1019.0 1620  9.3  0.0 12.6 -9.0  8.52  1.19 1400   -9.0    0.0 -9.00   -9.0   -9   -9.0   -9   -9.0   -9   -9.0   -9   -9.0   -9  23.7  24.3  24.0  20.7  17.3
20260912 121  0.6   556   7  2.0 1628   9  3.3 1826  17.9  25.5 1540  11.3  428  14.1  21.7  14.3  80.6  51.0 1621  16.2   3.3   2.3 -9.00  994.0 1022.2 1024.4  725 1019.5 1623  8.6  1.3 12.6 -9.0 14.10  2.07 1300   -9.0   -9.0 -9.00   -9.0   -9   -9.0   -9   -9.0   -9   -9.0   -9   -9.0   -9 -99.0 -99.0 -99.0 -99.0 -99.0
20260912 127  0.8   712  34  2.8 1454  34  6.0 1318  19.5  26.4 1334  13.1  418  15.0  23.5  12.8  77.1  49.0 1337  17.1   4.1   2.9 -9.00 1006.8 1020.3 1022.2  927 1018.3 1602  8.8  3.1 12.6 -9.0 16.53  2.72 1300   -9.0   -9.0 -9.00   -9.0   -9   -9.0   -9   -9.0   -9   -9.0   -9   -9.0   -9 -99.0 -99.0 -99.0 -99.0 -99.0
20260912 129  1.1   985  29  3.0 1152  27  4.7 1328  21.4  27.2 1355  16.1  204  15.5  23.2  13.1  72.3  36.0 1353  17.7   4.2   3.0 -9.00 1017.8 1020.8 1022.2 1005 1019.4 1604  8.6  2.1 12.6 -9.0 15.65  2.70 1200   -9.0   -9.0 -9.00   -9.0   -9   -9.0   -9   -9.0   -9   -9.0   -9   -9.0   -9  23.4  24.4  24.1  20.9  17.8
20260912 130  1.6  1360  11  3.5 1520  11  4.7 1524  20.6  25.2 1038  16.8  636  17.1  24.9  15.9  81.5  56.0 1437  19.5  -9.0  -9.0 -9.00 1015.8 1021.6 1022.7 1000 1020.6  404  7.1  5.9 12.6 -9.0 -9.00 -9.00   -9   -9.0   -9.0 -9.00   -9.0   -9   -9.0   -9   -9.0   -9   -9.0   -9   -9.0   -9 -99.0 -99.0 -99.0 -99.0 -99.0
20260912 131  1.3  1164   5  3.4 1732   2  5.4 1728  22.4  29.0 1540  17.2  510  13.3  25.3  15.8  58.5  32.0 1411  15.3   6.2   4.3 -9.00 1013.4 1020.3 1022.1  950 1018.3 1551  7.0  7.1 12.6 -9.0 21.20  3.19 1200   -9.0   -9.0 -9.00   -9.0   -9   -9.0   -9   -9.0   -9   -9.0   -9   -9.0   -9 -99.0 -99.0 -99.0 -99.0 -99.0
20260912 133  0.9   814   2  2.4 1459  27  4.2 1451  22.3  29.6 1500  17.0  514  14.2  26.4  14.7  63.8  28.0 1421  16.2   6.1   4.3 -9.00 1012.7 1020.6 1022.3  811 1018.7 1548  4.8  8.7 12.6 -9.0 22.05  3.29 1200   -9.0   -9.0 -9.00   -9.0   -9   -9.0   -9   -9.0   -9   -9.0   -9   -9.0   -9  26.3  26.6  26.0  23.5  19.1
20260912 135  0.9   811   9  3.3 1610  14  5.7 1256  19.5  27.0 1525  12.5  514  13.2  25.1  10.1  70.3  37.0 1209  15.3   6.0   4.2 -9.00  992.1 1020.6 1022.4  658 1018.3 1608  3.9  9.8 12.6 -9.0 23.31  3.26 1200   -9.0   -9.0 -9.00   -9.0   -9   -9.0   -9   -9.0   -9   -9.0   -9   -9.0   -9 -99.0 -99.0 -99.0 -99.0 -99.0
20260912 136  1.0   898  11  3.7 1842   9  6.6 1906  22.0  29.2 1606  16.1  607  15.0  28.3  15.3  68.4  31.0 1308  17.1   6.1   4.3 -9.00 1005.2 1021.6 1023.6  936 1019.3 1606  4.6  8.6 12.6 -9.0 22.30  3.48 1100   -9.0   -9.0 -9.00   -9.0   -9   -9.0   -9   -9.0   -9   -9.0   -9   -9.0   -9 -99.0 -99.0 -99.0 -99.0 -99.0
20260912 137  0.5   442  16  1.5 1231   2  3.3 1736  20.5  28.1 1551  15.1  556  15.2  27.2  13.3  74.1  39.0 1629  17.3   5.3   3.7 -9.00 1008.8 1020.1 1022.0  857 1018.1 1549  5.0  8.1 12.6 -9.0 21.44  3.17 1200   -9.0   -9.0 -9.00   -9.0   -9   -9.0   -9   -9.0   -9   -9.0   -9   -9.0   -9 -99.0 -99.0 -99.0 -99.0 -99.0
20260912 138  1.9  1638   7  3.7 1602   5  6.0 1247  22.7  26.1 1200  18.2  559  16.9  26.3  15.9  70.8  50.0 1147  19.3   5.7   4.0 -9.00 1019.9 1020.4 1021.5  737 1019.7 1532  2.8 11.0 12.6 -9.0 21.40  3.19 1200   -9.0   -9.0 -9.00   -9.0   -9   -9.0   -9   -9.0   -9   -9.0   -9   -9.0   -9  24.2  23.6  22.9  20.0  17.5
20260912 140  1.6  1368  29  3.7 1451  29  5.0 1450  22.3  28.3 1356  18.3  501  16.8  27.8  14.4  73.0  34.0 1321  19.2  -9.0  -9.0 -9.00 1017.9 1021.2 1022.6  905 1019.8 1618  4.0  9.8 12.5 -9.0 -9.00 -9.00   -9   -9.0   -9.0 -9.00   -9.0   -9   -9.0   -9   -9.0   -9   -9.0   -9   -9.0   -9 -99.0 -99.0 -99.0 -99.0 -99.0
20260912 143  1.7  1468   9  4.3 1836   9  6.7 1851  23.2  29.9 1524  17.2  604  14.4  28.6  13.8  62.4  20.0 1213  16.6   6.8   4.7 -9.00 1014.5 1020.8 1022.4  657 1018.6 1600  4.0 11.7 12.6 -9.0 22.69  3.23 1200   -9.0   -9.0 -9.00   -9.0   -9   -9.0   -9   -9.0   -9   -9.0   -9   -9.0   -9 -99.0 -99.0 -99.0 -99.0 -99.0
20260912 146  1.4  1191  27  3.5 1522  29  6.3 1347  23.8  30.2 1433  18.1  620  14.9  26.2  13.8  59.8  37.0 1518  17.0   6.8   4.8 -9.00 1013.1 1020.1 1021.5  846 1018.3 1543  3.1 11.2 12.6 -9.0 23.12  3.15 1200   -9.0   -9.0 -9.00   -9.0   -9   -9.0   -9   -9.0   -9   -9.0   -9   -9.0   -9 -99.0 -99.0 -99.0 -99.0 -99.0
20260912 152  2.0  1690   9  4.8 1404  11  7.7 1356  21.8  26.4 1344  16.7  604  16.4  27.3  14.2  73.4  46.0 1253  18.7   6.3   4.4 -9.00 1010.6 1020.1 1021.1  716 1018.9 1526  2.1 11.6 12.5 -9.0 23.82  3.22 1200   -9.0   -9.0 -9.00   -9.0   -9   -9.0   -9   -9.0   -9   -9.0   -9   -9.0   -9 -99.0 -99.0 -99.0 -99.0 -99.0
20260912 155  1.5  1339  14  4.4 1426  14  6.7 1420  23.2  29.0 1256  18.4  608  17.7  28.0  15.9  72.9  43.0 1313  20.3   6.0   4.2 -9.00 1016.2 1020.3 1021.5  945 1018.9 1529  1.1 11.1 12.5 -9.0 23.09  3.15 1200   -9.0   -9.0 -9.00   -9.0   -9   -9.0   -9   -9.0   -9   -9.0   -9   -9.0   -9 -99.0 -99.0 -99.0 -99.0 -99.0
20260912 156  1.0   860  16  2.4 2210  25  4.7 1825  24.0  30.1 1527  17.9  554  16.4  28.3  13.0  64.3  41.0 1425  18.6   7.9   5.5 -9.00 1011.9 1020.0 1021.3  731 1018.1 1630  3.0 10.9 12.5 -9.0 -9.00 -9.00   -9   -9.0   -9.0 -9.00   -9.0   -9   -9.0   -9   -9.0   -9   -9.0   -9   -9.0   -9 -99.0 -99.0 -99.0 -99.0 -99.0
20260912 159  2.5  2190  16  4.1 1118  11  7.8 1328  24.5  29.0 1107  20.5  320  17.8  27.7  15.7  67.3  49.0 1032  20.5   6.8   4.8 -9.00 1011.5 1019.5 1020.4  744 1018.4 1516  2.6 11.7 12.5 -9.0 24.00  3.21 1200   -9.0   -9.0 -9.00   -9.0   -9   -9.0   -9   -9.0   -9   -9.0   -9   -9.0   -9  26.0  26.7  26.1  21.4  19.5
20260912 162  2.1  1783   5  4.1  804  36  5.9 1010  23.8  29.4 1538  19.2  515  17.7  25.8  14.8  70.3  47.0 1232  20.2   5.8   4.1 -9.00 1015.6 1019.2 1020.3  750 1017.8 1526  1.3 10.0 12.5 -9.0 21.39  3.22 1200   -9.0   -9.0 -9.00   -9.0   -9   -9.0   -9   -9.0   -9   -9.0   -9   -9.0   -9 -99.0 -99.0 -99.0 -99.0 -99.0
20260912 165  1.9  1660  27  4.3 1416  32  5.8 1747  23.3  28.0 1504  18.6  628  16.7  25.7  13.8  67.4  50.0 1558  19.1   6.0   4.2 -9.00 1015.2 1020.4 1021.6  931 1019.0 1630  2.9 11.0 12.5 -9.0 21.91  3.20 1300   -9.0   -9.0 -9.00   -9.0   -9   -9.0   -9   -9.0   -9   -9.0   -9   -9.0   -9  26.2  25.5  25.4  22.6  19.1
20260912 168  2.6  2276   9  6.4 1020   9  8.6  811  24.1  28.5 1642  20.7  613  17.6  27.2  19.4  68.8  46.0 1230  20.3   6.4   4.5 -9.00 1012.7 1020.3 1021.7  957 1019.2 1526  2.1 11.1 12.5 -9.0 23.64  3.24 1200   -9.0   -9.0 -9.00   -9.0   -9   -9.0   -9   -9.0   -9   -9.0   -9   -9.0   -9  27.0  26.5  25.9  21.8  18.0
20260912 169  2.7  2362   2  5.8  738   5  8.4  735  23.3  27.5 1428  20.0  302  17.2  26.4  18.0  69.5  53.0 1300  19.7   6.3   4.4 -9.00 1011.8 1020.5 1021.7  957 1019.4 1617  1.6 12.0 12.5 -9.0 23.89  3.26 1200   -9.0   -9.0 -9.00   -9.0   -9   -9.0   -9   -9.0   -9   -9.0   -9   -9.0   -9 -99.0 -99.0 -99.0 -99.0 -99.0
20260912 170  1.5  1304  16  3.3 1658  18  5.3 1658  23.7  30.1 1609  18.0  608  18.4  28.6  15.6  74.3  46.0 1311  21.2   6.4   4.5 -9.00 1016.3 1020.4 1021.6  919 1019.2 1551  1.9 11.8 12.5 -9.0 23.54  3.27 1200   -9.0   -9.0 -9.00   -9.0   -9   -9.0   -9   -9.0   -9   -9.0   -9   -9.0   -9 -99.0 -99.0 -99.0 -99.0 -99.0
20260912 172  1.5  1308  29  4.6 1410  29  7.6 1404  21.9  29.0 1342  15.5  613  16.1  26.5  13.2  72.8  40.0 1137  18.4   6.2   4.3 -9.00 1014.1 1020.2 1021.5  945 1018.7 1601  3.8 11.8 12.5 -9.0 23.33  3.12 1200   -9.0   -9.0 -9.00   -9.0   -9   -9.0   -9   -9.0   -9   -9.0   -9   -9.0   -9 -99.0 -99.0 -99.0 -99.0 -99.0
20260912 174  0.8   730  18  3.3 1644  14  4.3 1240  20.8  28.8 1522  14.6  637  15.4  27.4  13.2  75.3  39.0 1523  17.5  -9.0  -9.0 -9.00  999.6 1018.8 1020.2  712 1016.6 1534  2.3 11.3 12.5 -9.0 -9.00 -9.00   -9   -9.0   -9.0 -9.00   -9.0   -9   -9.0   -9   -9.0   -9   -9.0   -9   -9.0   -9 -99.0 -99.0 -99.0 -99.0 -99.0
20260912 177  1.2  1068   7  3.2 1324   9  4.7 1300  21.2  28.5 1428  16.4  352  16.4  25.7  15.9  76.0  44.0 1250  18.7   5.0   3.5 -9.00 1016.1 1019.3 1020.7  742 1017.7 1618  8.1  4.0 12.6 -9.0 18.12  3.11 1200   -9.0   -9.0 -9.00   -9.0   -9   -9.0   -9   -9.0   -9   -9.0   -9   -9.0   -9 -99.0 -99.0 -99.0 -99.0 -99.0
20260912 181  1.1   920   5  3.2 1744   7  4.7 1742  19.7  27.8 1609  14.5  335  14.3  23.8  13.4  74.6  34.0 1506  16.4   5.4   3.8 -9.00 1016.9 1020.9 1022.6  812 1019.0 1545  7.1  7.0 12.6 -9.0 21.02  3.25 1200   -9.0   -9.0 -9.00   -9.0   -9   -9.0   -9   -9.0   -9   -9.0   -9   -9.0   -9 -99.0 -99.0 -99.0 -99.0 -99.0
20260912 184  2.8  2455   5  5.8 1351   5  9.8 1246  25.2  28.5 1223  22.5  121  18.4  31.8  19.5  66.9  57.0 1224  21.3   5.5   3.8 -9.00 1016.9 1019.3 1020.5 1017 1018.5 1532  3.5  7.1 12.5 -9.0 16.77  2.96 1200   -9.0   -9.0 -9.00   -9.0   -9   -9.0   -9   -9.0   -9   -9.0   -9   -9.0   -9  28.4  27.7  27.6  24.5  20.2
20260912 185  3.4  2963  34  5.7 1814  27  8.9  953  24.4  28.4 1041  21.9  409  19.0  28.3  18.5  72.3  54.0 1025  22.0   6.4   4.5 -9.00 1011.3 1019.5 1020.2 2119 1018.6 1535  2.8  9.5 12.5 -9.0 22.47  3.06 1300   -9.0   -9.0 -9.00   -9.0   -9   -9.0   -9   -9.0   -9   -9.0   -9   -9.0   -9 -99.0 -99.0 -99.0 -99.0 -99.0
20260912 188  2.6  2222   5  4.9 1121   5  8.9 1122  24.1  27.6 1302  21.4   18  19.5  28.8  19.1  76.4  64.0  848  22.7  -9.0  -9.0 -9.00 1017.8 1020.1 1021.1 1004 1019.3  434  2.8  9.6 12.5 -9.0 -9.00 -9.00   -9   -9.0   -9.0 -9.00   -9.0   -9   -9.0   -9   -9.0   -9   -9.0   -9   -9.0   -9 -99.0 -99.0 -99.0 -99.0 -99.0
20260912 189  2.1  1772   7  4.0  919   9  7.8  851  25.4  29.2 1141  22.7 2359  18.4  31.5  20.0  65.4  53.0 1049  21.2   6.3   4.4 -9.00 1013.8 1019.8 1020.6 1011 1018.9 1527  1.8  9.3 12.5 -9.0 21.33  3.32 1200   -9.0   -9.0 -9.00   -9.0   -9   -9.0   -9   -9.0   -9   -9.0   -9   -9.0   -9 -99.0 -99.0 -99.0 -99.0 -99.0
20260912 192  0.6   515   7  2.0 1321   9  4.1 1318  20.7  28.7 1544  13.5  600  14.5  28.1  14.1  71.5  34.0 1445  16.6   6.1   4.2 -9.00 1017.0 1020.4 1021.8  702 1018.6 1610  1.9 10.6 12.5 -9.0 23.76  3.28 1200   -9.0   -9.0 -9.00   -9.0   -9   -9.0   -9   -9.0   -9   -9.0   -9   -9.0   -9 -99.0 -99.0 -99.0 -99.0 -99.0
20260912 201  0.8   662  36  2.2 1832  36  3.3 1912  19.0  22.9 1205  14.1  305  15.6  20.6   9.5  81.6  55.0 1248  17.7  -9.0  -9.0 -9.00 1016.1 1021.8 1023.4 1023 1020.4 1601  9.1  0.3 12.6 -9.0 -9.00 -9.00   -9   -9.0   -9.0 -9.00   -9.0   -9   -9.0   -9   -9.0   -9   -9.0   -9   -9.0   -9 -99.0 -99.0 -99.0 -99.0 -99.0
20260912 202  0.7   599  16  1.8  959  16  2.9  953  18.4  23.1 1521  14.0  425  15.1  21.5   9.9  82.4  61.0 1522  17.2  -9.0  -9.0 -9.00 1016.0 1021.7 1023.5  948 1020.0 1646  9.5  0.3 12.6 -9.0 -9.00 -9.00   -9   -9.0   -9.0 -9.00   -9.0   -9   -9.0   -9   -9.0   -9   -9.0   -9   -9.0   -9 -99.0 -99.0 -99.0 -99.0 -99.0
20260912 203  0.4   376   5  1.1 1023   2  2.4 1023  17.9  23.3 1533  13.0  444  15.5  20.9  10.5  87.0  63.0 1456  17.7  -9.0  -9.0 -9.00 1012.5 1022.0 1023.7 1001 1020.4 1640  9.4  0.3 12.6 -9.0 -9.00 -9.00   -9   -9.0   -9.0 -9.00   -9.0   -9   -9.0   -9   -9.0   -9   -9.0   -9   -9.0   -9 -99.0 -99.0 -99.0 -99.0 -99.0
20260912 211  1.0   883   5  2.2  654   7  4.1  647  17.3  22.5 1328  12.8  250  13.9  21.3   8.2  81.5  58.0 1339  15.9  -9.0  -9.0 -9.00  998.0 1021.8 1023.9  743 1019.9 1602  8.4  0.4 12.6 -9.0 -9.00 -9.00   -9   -9.0   -9.0 -9.00   -9.0   -9   -9.0   -9   -9.0   -9   -9.0   -9   -9.0   -9 -99.0 -99.0 -99.0 -99.0 -99.0
20260912 212  0.5   430   7  1.5  501  14  3.2  553  17.5  22.8 1604  12.6  518  14.3  20.7  10.4  82.8  60.0 1512  16.4  -9.0  -9.0 -9.00 1005.6 1022.2 1024.1  956 1020.5 1641  8.6  0.0 12.6 -9.0 -9.00 -9.00   -9   -9.0   -9.0 -9.00   -9.0   -9   -9.0   -9   -9.0   -9   -9.0   -9   -9.0   -9 -99.0 -99.0 -99.0 -99.0 -99.0
20260912 216  0.9   782   2  3.4 1544   7  5.6 1512  16.4  24.1 1413   9.3  442  12.0  19.3  10.0  78.1  40.0 1424  14.1   3.7   2.6 -9.00  940.5 1022.0 1024.9  619 1019.1 1436  9.1  2.8 12.6 -9.0 14.85  2.36 1300   -9.0   -9.0 -9.00   -9.0   -9   -9.0   -9   -9.0   -9   -9.0   -9   -9.0   -9 -99.0 -99.0 -99.0 -99.0 -99.0
20260912 217  0.9   741   5  2.3 1724   5  3.7 1953  16.6  23.2 1605  11.8  441  13.3  20.7   8.9  82.1  60.0 1607  15.4  -9.0  -9.0 -9.00  985.9 1022.5 1024.6  711 1019.8 1605  9.6  0.4 12.6 -9.0 -9.00 -9.00   -9   -9.0   -9.0 -9.00   -9.0   -9   -9.0   -9   -9.0   -9   -9.0   -9   -9.0   -9 -99.0 -99.0 -99.0 -99.0 -99.0
20260912 221  0.8   694   5  2.6 1537   7  4.2 1537  17.1  24.4 1411  10.4  350  13.5  22.3   8.7  82.0  49.0 1310  15.6  -9.0  -9.0 -9.00  990.6 1021.7 1023.5  728 1019.4 1558  9.0  0.9 12.6 -9.0 -9.00 -9.00   -9   -9.0   -9.0 -9.00   -9.0   -9   -9.0   -9   -9.0   -9   -9.0   -9   -9.0   -9 -99.0 -99.0 -99.0 -99.0 -99.0
20260912 226  0.8   673  16  2.9 1223  18  5.4 1155  19.8  27.4 1531  14.2  552  14.3  24.6  12.0  75.0  33.0 1519  16.3  -9.0  -9.0 -9.00 1000.9 1020.9 1022.8  823 1018.8 1540  4.9  9.0 12.6 -9.0 -9.00 -9.00   -9   -9.0   -9.0 -9.00   -9.0   -9   -9.0   -9   -9.0   -9   -9.0   -9   -9.0   -9 -99.0 -99.0 -99.0 -99.0 -99.0
20260912 232  0.7   588  14  2.3 1506  11  3.6 1525  20.1  27.7 1427  14.8  506  14.9  24.3  13.0  77.3  25.0 1435  17.1  -9.0  -9.0 -9.00 1011.5 1021.5 1023.1  813 1019.7 1541  7.3  5.0 12.6 -9.0 -9.00 -9.00   -9   -9.0   -9.0 -9.00   -9.0   -9   -9.0   -9   -9.0   -9   -9.0   -9   -9.0   -9 -99.0 -99.0 -99.0 -99.0 -99.0
20260912 235  1.1   960  36  2.6 1146   9  4.7 1203  22.8  30.6 1330  17.8  118  16.0  26.2  14.7  68.4  32.0 1154  18.3   5.6   3.9 -9.00 1018.7 1019.9 1021.4 1023 1018.5 1517  6.0  7.5 12.6 -9.0 20.20  3.17 1200   -9.0   -9.0 -9.00   -9.0   -9   -9.0   -9   -9.0   -9   -9.0   -9   -9.0   -9 -99.0 -99.0 -99.0 -99.0 -99.0
20260912 236  0.5   454   2  2.2 1321  36  4.4 1132  21.4  29.5 1602  16.3  537  13.9  27.0  14.5  67.5  20.0 1604  16.1  -9.0  -9.0 -9.00 1019.3 1020.8 1022.5  958 1019.3 1609  5.5  8.0 12.6 -9.0 -9.00 -9.00   -9   -9.0   -9.0 -9.00   -9.0   -9   -9.0   -9   -9.0   -9   -9.0   -9   -9.0   -9 -99.0 -99.0 -99.0 -99.0 -99.0
20260912 238  0.5   445   5  2.3 1414   9  4.5 1414  21.0  29.1 1540  14.4  438  13.8  26.3  12.8  67.5  34.0 1511  15.8  -9.0  -9.0 -9.00 1000.4 1020.1 1021.9  744 1017.8 1540  4.4  9.5 12.6 -9.0 -9.00 -9.00   -9   -9.0   -9.0 -9.00   -9.0   -9   -9.0   -9   -9.0   -9   -9.0   -9   -9.0   -9 -99.0 -99.0 -99.0 -99.0 -99.0
20260912 239  0.7   640  29  2.8 1806   9  3.9 1327  21.4  28.9 1447  16.5  512  14.5  28.6  15.0  68.4  29.0 1424  16.5   5.5   3.9 -9.00 1009.5 1020.0 1021.8  818 1017.9 1548  6.1  7.4 12.6 -9.0 20.89  3.21 1200   -9.0   -9.0 -9.00   -9.0   -9   -9.0   -9   -9.0   -9   -9.0   -9   -9.0   -9 -99.0 -99.0 -99.0 -99.0 -99.0
20260912 243  0.9   801  29  2.8 1630  29  5.5 1518  22.4  29.2 1351  16.4  553  15.4  26.9  12.6  67.0  21.0 1330  17.5  -9.0  -9.0 -9.00 1019.3 1020.7 1022.2  958 1019.5 1545  4.3 10.3 12.5 -9.0 -9.00 -9.00   -9   -9.0   -9.0 -9.00   -9.0   -9   -9.0   -9   -9.0   -9   -9.0   -9   -9.0   -9 -99.0 -99.0 -99.0 -99.0 -99.0
20260912 244  0.7   641  25  2.2 1607  14  4.1 1211  20.9  28.7 1411  14.6  616  14.7  24.2  12.5  71.4  31.0 1324  16.7  -9.0  -9.0 -9.00  991.6 1020.2 1021.8  727 1017.9 1544  5.1 11.0 12.5 -9.0 -9.00 -9.00   -9   -9.0   -9.0 -9.00   -9.0   -9   -9.0   -9   -9.0   -9   -9.0   -9   -9.0   -9 -99.0 -99.0 -99.0 -99.0 -99.0
20260912 245  1.4  1186  34  4.4 1703  36  5.6 1656  22.5  30.2 1522  16.0  627  15.1  29.6  12.8  66.0  33.0 1611  17.2   6.5   4.5 -9.00 1012.3 1020.3 1021.7  949 1018.7 1542  3.3 11.6 12.5 -9.0 23.16  3.21 1200   -9.0   -9.0 -9.00   -9.0   -9   -9.0   -9   -9.0   -9   -9.0   -9   -9.0   -9 -99.0 -99.0 -99.0 -99.0 -99.0
20260912 247  1.2  1057  25  2.7 1449  23  5.5 1446  22.4  29.7 1353  15.7  631  16.4  27.6  13.9  71.1  46.0 1525  18.6  -9.0  -9.0 -9.00 1004.5 1020.0 1021.5  748 1018.0 1525  5.1 11.6 12.5 -9.0 -9.00 -9.00   -9   -9.0   -9.0 -9.00   -9.0   -9   -9.0   -9   -9.0   -9   -9.0   -9   -9.0   -9 -99.0 -99.0 -99.0 -99.0 -99.0
20260912 248  0.7   609  25  2.6 1601  27  5.0 1514  19.0  27.9 1432  13.0  638  14.4  23.8  11.1  78.6  39.0 1449  16.4  -9.0  -9.0 -9.00  974.0 1020.9 1022.8  651 1018.0 1535  3.8 10.2 12.5 -9.0 -9.00 -9.00   -9   -9.0   -9.0 -9.00   -9.0   -9   -9.0   -9   -9.0   -9   -9.0   -9   -9.0   -9 -99.0 -99.0 -99.0 -99.0 -99.0
20260912 251  1.2  1006  29  3.8 1451  29  6.9 1443  21.7  29.5 1426  14.6  607  16.5  24.3  15.3  75.1  45.0 1143  18.8   5.7   4.0 -9.00 1014.3 1020.1 1021.3  649 1018.4 1526  3.6 11.5 12.5 -9.0 21.92  2.95 1200   -9.0   -9.0 -9.00   -9.0   -9   -9.0   -9   -9.0   -9   -9.0   -9   -9.0   -9 -99.0 -99.0 -99.0 -99.0 -99.0
20260912 252  0.9   755  25  2.9 1507  23  5.1 1459  21.7  28.8 1416  15.6  615  15.2  26.9  13.8  69.4  41.0 1157  17.3   6.0   4.2 -9.00 1015.9 1020.3 1021.7  926 1018.9 1640  4.0 11.6 12.5 -9.0 23.29  3.16 1200   -9.0   -9.0 -9.00   -9.0   -9   -9.0   -9   -9.0   -9   -9.0   -9   -9.0   -9 -99.0 -99.0 -99.0 -99.0 -99.0
20260912 253  1.2  1019  14  3.2 1457  14  5.9 1411  23.5  30.5 1400  17.5  604  17.8  27.7  14.2  71.9  45.0 1310  20.3   6.1   4.2 -9.00 1014.6 1020.9 1022.1  718 1019.3 1607  1.8  9.6 12.5 -9.0 21.87  3.20 1200   -9.0   -9.0 -9.00   -9.0   -9   -9.0   -9   -9.0   -9   -9.0   -9   -9.0   -9 -99.0 -99.0 -99.0 -99.0 -99.0
20260912 254  1.0   893  27  2.7 1853  27  4.0 1431  21.9  30.2 1607  14.9  627  15.2  27.6  12.7  69.1  36.0 1412  17.2   6.3   4.4 -9.00 1005.5 1020.5 1022.2  731 1018.5 1544  3.8 11.7 12.5 -9.0 23.83  3.25 1300   -9.0   -9.0 -9.00   -9.0   -9   -9.0   -9   -9.0   -9   -9.0   -9   -9.0   -9 -99.0 -99.0 -99.0 -99.0 -99.0
20260912 255  1.1   981  32  3.0  955  34  4.8  907  24.0  30.0 1255  18.4  602  17.6  25.0  14.6  69.8  44.0 1322  20.2   5.2   3.6 -9.00 1013.8 1019.7 1021.3  729 1018.0 1514  1.4  9.7 12.5 -9.0 19.90  2.95 1200   -9.0   -9.0 -9.00   -9.0   -9   -9.0   -9   -9.0   -9   -9.0   -9   -9.0   -9 -99.0 -99.0 -99.0 -99.0 -99.0
20260912 257  2.0  1695   9  3.9 1818   9  8.2 1826  23.9  31.3 1315  17.5  523  17.8  27.7  14.2  71.3  39.0 1135  20.5   6.2   4.4 -9.00 1019.4 1020.1 1021.5  742 1018.4 1529  1.8  9.4 12.5 -9.0 21.58  3.11 1200   -9.0   -9.0 -9.00   -9.0   -9   -9.0   -9   -9.0   -9   -9.0   -9   -9.0   -9 -99.0 -99.0 -99.0 -99.0 -99.0
20260912 258  1.6  1388  20  2.9 1321  18  4.4 1314  22.7  29.5 1553  17.2  603  17.7  25.1  16.0  77.1  34.0 1549  20.3   6.5   4.5 -9.00 1020.4 1020.6 1021.8  907 1019.0 1612  2.4 11.6 12.5 -9.0 24.50  3.35 1200   -9.0   -9.0 -9.00   -9.0   -9   -9.0   -9   -9.0   -9   -9.0   -9   -9.0   -9 -99.0 -99.0 -99.0 -99.0 -99.0
20260912 259  0.8   683  11  2.3 1243   9  4.5 1134  23.3  30.1 1501  17.3  601  18.2  28.6  15.6  76.5  45.0 1434  21.0   6.1   4.3 -9.00 1018.1 1019.9 1021.1  922 1018.3 1544  2.5 10.3 12.5 -9.0 23.57  3.36 1200   -9.0   -9.0 -9.00   -9.0   -9   -9.0   -9   -9.0   -9   -9.0   -9   -9.0   -9 -99.0 -99.0 -99.0 -99.0 -99.0
20260912 260  1.0   879  16  3.3 1532  16  5.0 1458  22.0  29.6 1357  15.8  614  17.4  26.4  14.6  77.4  42.0 1401  19.9  -9.0  -9.0 -9.00 1014.9 1020.1 1021.1  906 1018.4 1527  2.4 10.0 12.5 -9.0 -9.00 -9.00   -9   -9.0   -9.0 -9.00   -9.0   -9   -9.0   -9   -9.0   -9   -9.0   -9   -9.0   -9 -99.0 -99.0 -99.0 -99.0 -99.0
20260912 261  1.1   917  27  4.5 1626  27  5.7 1618  22.5  29.6 1427  16.0  608  18.5  27.6  13.9  80.1  56.0 1057  21.4  -9.0  -9.0 -9.00 1018.5 1020.4 1021.4  845 1019.0 1550  3.1  8.9 12.5 -9.0 -9.00 -9.00   -9   -9.0   -9.0 -9.00   -9.0   -9   -9.0   -9   -9.0   -9   -9.0   -9   -9.0   -9 -99.0 -99.0 -99.0 -99.0 -99.0
20260912 262  1.0   858  29  4.1 1230  32  6.6 1230  22.5  30.6 1329  16.0  523  16.9  26.2  17.5  74.1  41.0 1330  19.4   5.1   3.6 -9.00 1014.1 1020.1 1021.3  925 1018.8 1534  1.6  8.3 12.5 -9.0 18.74  3.04 1200   -9.0   -9.0 -9.00   -9.0   -9   -9.0   -9   -9.0   -9   -9.0   -9   -9.0   -9 -99.0 -99.0 -99.0 -99.0 -99.0
20260912 263  1.0   836  36  2.9 1844   5  4.4 1219  20.6  29.4 1439  13.2  549  15.2  29.0  11.4  75.3  39.0 1331  17.3   6.2   4.3 -9.00 1018.6 1020.3 1021.9  917 1018.5 1531  2.3 10.9 12.5 -9.0 23.68  3.31 1200   -9.0   -9.0 -9.00   -9.0   -9   -9.0   -9   -9.0   -9   -9.0   -9   -9.0   -9 -99.0 -99.0 -99.0 -99.0 -99.0
20260912 264  0.8   677  11  2.9 1348   9  4.4 1238  21.4  30.0 1615  14.5  620  15.8  26.7  12.8  74.9  36.0 1531  18.0   6.0   4.2 -9.00 1002.9 1020.6 1022.6  710 1018.1 1609  4.6 10.4 12.6 -9.0 22.92  3.13 1200   -9.0   -9.0 -9.00   -9.0   -9   -9.0   -9   -9.0   -9   -9.0   -9   -9.0   -9 -99.0 -99.0 -99.0 -99.0 -99.0
20260912 266  1.2  1035   9  3.1 1448   9  5.5 1006  23.8  29.5 1553  18.3  551  16.7  31.8  16.8  67.5  38.0 1539  19.0  -9.0  -9.0 -9.00 1010.4 1020.6 1021.8  912 1019.1 1525  1.1 11.1 12.5 -9.0 23.72  3.27 1200   -9.0   -9.0 -9.00   -9.0   -9   -9.0   -9   -9.0   -9   -9.0   -9   -9.0   -9 -99.0 -99.0 -99.0 -99.0 -99.0
20260912 268  0.9   770  29  3.0 1553  34  6.6 1531  21.5  28.6 1503  15.7  620  16.6  26.1  15.0  76.3  51.0 1505  18.9  -9.0  -9.0 -9.00 1017.6 1018.7 1019.9  921 1017.7 1550  2.5  9.2 12.5 -9.0 -9.00 -9.00   -9   -9.0   -9.0 -9.00   -9.0   -9   -9.0   -9   -9.0   -9   -9.0   -9   -9.0   -9 -99.0 -99.0 -99.0 -99.0 -99.0
20260912 271  0.8   719  14  2.2 1729  23  3.5 1452  18.7  26.8 1532  12.5  619  13.0  24.3  11.2  73.8  39.0 1207  15.1  -9.0  -9.0 -9.00  984.1 1021.8 1023.6  732 1019.0 1543  8.0  5.1 12.6 -9.0 -9.00 -9.00   -9   -9.0   -9.0 -9.00   -9.0   -9   -9.0   -9   -9.0   -9   -9.0   -9   -9.0   -9 -99.0 -99.0 -99.0 -99.0 -99.0
20260912 272  1.2  1047  29  2.7 1835  29  4.5 1832  19.4  27.1 1525  13.9  604  13.6  27.1  12.4  73.8  33.0 1526  15.7  -9.0  -9.0 -9.00  996.7 1021.3 1022.8  714 1019.0 1548  6.6  6.0 12.6 -9.0 -9.00 -9.00   -9   -9.0   -9.0 -9.00   -9.0   -9   -9.0   -9   -9.0   -9   -9.0   -9   -9.0   -9 -99.0 -99.0 -99.0 -99.0 -99.0
20260912 273  1.1   916  11  2.2 1301   9  5.4 1418  19.6  27.6 1550  14.3  625  14.5  27.2  12.5  75.4  39.0 1444  16.5  -9.0  -9.0 -9.00 1000.3 1020.5 1022.2  810 1018.6 1544  5.9  8.5 12.6 -9.0 -9.00 -9.00   -9   -9.0   -9.0 -9.00   -9.0   -9   -9.0   -9   -9.0   -9   -9.0   -9   -9.0   -9 -99.0 -99.0 -99.0 -99.0 -99.0
20260912 276  1.3  1123  16  3.5 1826  14  6.3 1824  20.4  29.6 1446  14.9  529  16.1  27.8  11.9  80.6  36.0 1438  18.4   6.1   4.3 -9.00  996.3 1020.6 1022.4  713 1018.0 1531  2.8 10.1 12.6 -9.0 23.71  3.35 1200   -9.0   -9.0 -9.00   -9.0   -9   -9.0   -9   -9.0   -9   -9.0   -9   -9.0   -9 -99.0 -99.0 -99.0 -99.0 -99.0
20260912 277  1.4  1224  11  3.7 1340   9  6.3 1355  20.5  26.1 1236  16.0  618  16.7  27.2  14.8  80.6  46.0 1224  19.0  -9.0  -9.0 -9.00 1016.5 1021.3 1022.5  943 1020.5  421  3.3  9.9 12.6 -9.0 -9.00 -9.00   -9   -9.0   -9.0 -9.00   -9.0   -9   -9.0   -9   -9.0   -9   -9.0   -9   -9.0   -9 -99.0 -99.0 -99.0 -99.0 -99.0
20260912 278  0.7   587  32  2.1 1233  25  3.8 1640  21.3  29.6 1547  15.1  547  16.1  27.9  11.8  76.8  37.0 1633  18.3  -9.0  -9.0 -9.00 1010.4 1019.9 1021.7  735 1017.6 1559  3.0  9.4 12.6 -9.0 -9.00 -9.00   -9   -9.0   -9.0 -9.00   -9.0   -9   -9.0   -9   -9.0   -9   -9.0   -9   -9.0   -9 -99.0 -99.0 -99.0 -99.0 -99.0
20260912 279  0.9   766  11  2.1 1249   9  4.1 1153  21.8  30.1 1350  15.4  601  13.7  29.6  12.8  63.4  31.0 1511  15.7   6.4   4.4 -9.00 1014.6 1020.3 1022.0  653 1018.3 1536  3.4 10.1 12.5 -9.0 22.71  3.16 1200   -9.0   -9.0 -9.00   -9.0   -9   -9.0   -9   -9.0   -9   -9.0   -9   -9.0   -9 -99.0 -99.0 -99.0 -99.0 -99.0
20260912 281  1.2  1054  11  3.5 1739  14  6.0 1737  20.8  29.0 1350  14.6  541  14.9  27.3  11.4  73.4  31.0 1516  17.0  -9.0  -9.0 -9.00 1010.1 1021.3 1022.7  659 1019.7 1540  4.1 10.9 12.6 -9.0 -9.00 -9.00   -9   -9.0   -9.0 -9.00   -9.0   -9   -9.0   -9   -9.0   -9   -9.0   -9   -9.0   -9 -99.0 -99.0 -99.0 -99.0 -99.0
20260912 283  1.6  1394  36  5.3 1358  34  7.5 1349  20.8  28.4 1302  14.5  559  16.2  25.9  11.3  78.1  42.0 1243  18.5   5.8   4.1 -9.00 1016.5 1021.2 1022.6  742 1019.8 1513  3.1 11.2 12.5 -9.0 22.12  3.22 1200   -9.0   -9.0 -9.00   -9.0   -9   -9.0   -9   -9.0   -9   -9.0   -9   -9.0   -9 -99.0 -99.0 -99.0 -99.0 -99.0
20260912 284  1.3  1104  14  3.4 1552   9  5.1 1122  20.5  28.7 1425  14.3  631  14.7  25.9  11.0  72.6  38.0 1558  16.8   6.3   4.4 -9.00  994.1 1020.6 1022.4  654 1018.1 1539  4.1 10.8 12.6 -9.0 23.28  3.24 1200   -9.0   -9.0 -9.00   -9.0   -9   -9.0   -9   -9.0   -9   -9.0   -9   -9.0   -9 -99.0 -99.0 -99.0 -99.0 -99.0
20260912 285  0.7   574   5  2.1 1325   5  4.4 1131  21.5  29.2 1510  15.1  617  15.5  28.4  12.8  72.9  39.0 1605  17.6  -9.0  -9.0 -9.00 1017.6 1020.7 1022.3  725 1019.1 1540  3.4 11.9 12.5 -9.0 -9.00 -9.00   -9   -9.0   -9.0 -9.00   -9.0   -9   -9.0   -9   -9.0   -9   -9.0   -9   -9.0   -9 -99.0 -99.0 -99.0 -99.0 -99.0
20260912 288  1.2  1051  20  2.8 1424  32  6.5 1418  23.6  31.4 1427  16.5  555  16.7  27.9  17.1  68.8  38.0 1428  19.1   6.6   4.6 -9.00 1017.8 1018.7 1020.4  731 1016.7 1535  2.0 11.3 12.5 -9.0 23.42  3.24 1200   -9.0   -9.0 -9.00   -9.0   -9   -9.0   -9   -9.0   -9   -9.0   -9   -9.0   -9 -99.0 -99.0 -99.0 -99.0 -99.0
20260912 289  0.6   559  20  2.1 1317  23  3.8 1121  20.9  28.8 1509  14.3  621  15.2  26.8  12.9  73.6  37.0 1525  17.3  -9.0  -9.0 -9.00 1005.3 1021.4 1023.3  728 1019.3 1540  3.9 10.3 12.5 -9.0 -9.00 -9.00   -9   -9.0   -9.0 -9.00   -9.0   -9   -9.0   -9   -9.0   -9   -9.0   -9   -9.0   -9 -99.0 -99.0 -99.0 -99.0 -99.0
20260912 294  1.1   986   7  2.6 1331  14  6.8 1911  23.1  27.6 1427  18.0  441  17.7  27.9  13.6  73.6  42.0 1532  20.3  -9.0  -9.0 -9.00 1015.7 1020.9 1022.0 1017 1019.9 1535  1.9 11.1 12.5 -9.0 -9.00 -9.00   -9   -9.0   -9.0 -9.00   -9.0   -9   -9.0   -9   -9.0   -9   -9.0   -9   -9.0   -9 -99.0 -99.0 -99.0 -99.0 -99.0
20260912 295  1.1   962   2  1.9  805  32  4.1 1007  22.7  28.3 1433  18.0  554  17.3  29.0  15.4  73.8  46.0 1417  19.8  -9.0  -9.0 -9.00 1015.2 1020.5 1022.1 1004 1019.1 1541  1.3 11.4 12.5 -9.0 -9.00 -9.00   -9   -9.0   -9.0 -9.00   -9.0   -9   -9.0   -9   -9.0   -9   -9.0   -9   -9.0   -9 -99.0 -99.0 -99.0 -99.0 -99.0
20260912 296  1.8  1528   5  3.8 1637  11  6.1 1450  23.9  30.4 1303  17.1  441  18.0  26.2  12.8  72.1  42.0 1248  20.7   6.7   4.7 -9.00 1019.0 1019.3 1020.7  744 1017.8 1517  1.9 10.9 12.5 -9.0 23.25  3.18 1200   -9.0   -9.0 -9.00   -9.0   -9   -9.0   -9   -9.0   -9   -9.0   -9   -9.0   -9 -99.0 -99.0 -99.0 -99.0 -99.0
20260913  90  1.7  1454  27  3.9 2029  29  6.5 2037  21.5  24.2 1419  17.9  344  14.6  21.7  17.3  66.4  41.0 1600  16.7   3.0   2.1 -9.00 1015.2 1017.3 1020.4    1 1015.2 1901  9.1  0.2 12.6 -9.0  7.21  1.41 1200    0.0   -9.0 -9.00    0.0   -9    0.0   -9   -9.0   -9   -9.0   -9   -9.0   -9 -99.0 -99.0 -99.0 -99.0 -99.0
20260913  93  0.4   331   7  1.1  355  14  2.1 1107  18.4  22.3 1636  15.4  523  16.8  20.6  14.3  91.0  74.0 1618  19.2   1.7   1.2 -9.00 1008.1 1019.4 1021.4    5 1017.5 1802  9.4  0.5 12.5 -9.0  7.20  1.31 1100    0.3    0.0  2.83    0.3  759    0.3  849   -9.0   -9   -9.0   -9   -9.0   -9  23.1  24.2  24.6  23.0  20.0
20260913  95  0.7   643  25  2.3 1623  25  4.0 1326  18.4  23.5 1154  13.3  550  14.6  20.8  12.9  80.3  51.0 1155  16.7   2.5   1.8 -9.00 1001.1 1019.4 1021.6    1 1017.7 1540  9.5  1.7 12.6 -9.0  9.64  2.34 1100   -9.0   -9.0 -9.00   -9.0   -9   -9.0   -9   -9.0   -9   -9.0   -9   -9.0   -9 -99.0 -99.0 -99.0 -99.0 -99.0
20260913  98  0.5   398  20  1.4 1351  23  3.1 1533  19.5  23.2 1134  15.6  611  14.4  22.7  14.3  73.4  57.0 1142  16.5   2.2   1.5 -9.00 1005.3 1018.8 1020.5    1 1017.1 1738  9.4  0.3 12.6 -9.0  8.04  1.53 1100   -9.0   -9.0 -9.00   -9.0   -9   -9.0   -9   -9.0   -9   -9.0   -9   -9.0   -9 -99.0 -99.0 -99.0 -99.0 -99.0
20260913  99  0.5   456  23  1.4 1328  27  3.0 1604  19.4  23.2 1522  15.3  636  17.3  21.8  14.3  88.5  64.0 1130  19.8   2.2   1.5 -9.00 1015.7 1019.3 1021.0    1 1017.9 1717  9.6  1.2 12.5 -9.0  9.22  1.77 1000   -9.0   -9.0 -9.00   -9.0   -9   -9.0   -9   -9.0   -9   -9.0   -9   -9.0   -9 -99.0 -99.0 -99.0 -99.0 -99.0
20260913 100  1.8  1565  27  4.3 1556  27  8.5 1555  15.2  19.0 1552  12.1  111  12.5  16.5  12.1  84.9  62.0 1905  14.6   2.0   1.4 -9.00  931.1 1019.1 1022.9   27 1016.7 1532 10.0  0.5 12.5 -9.0  6.25  0.89 1500    0.0   -9.0 -9.00    0.0   -9    0.0   -9   -9.0   -9   -9.0   -9   -9.0   -9 -99.0 -99.0 -99.0 -99.0 -99.0
20260913 101  0.5   458  29  1.7   36  32  2.9  904  18.7  22.5 1612  15.8  626  15.9  20.5  15.0  84.9  72.0 1629  18.2   1.8   1.2 -9.00 1009.2 1018.1 1020.2   13 1016.2 1835  9.5  0.0 12.5 -9.0  7.52  1.35 1200    0.2    0.0 -9.00    0.2   -9    0.1   -9   -9.0   -9   -9.0   -9   -9.0   -9  23.9  24.6  24.1  20.5  16.9
20260913 102  1.6  1423  25  3.7 1528  20  5.1 1133  21.5  25.1 1237  18.7  303  18.0  24.6  15.8  81.6  51.0 1113  20.7   4.3   3.0 -9.00 1013.5 1017.7 1019.6   14 1016.4 1825  7.8  4.4 12.5 -9.0 15.20  2.36 1100   -9.0   -9.0 -9.00   -9.0   -9   -9.0   -9   -9.0   -9   -9.0   -9   -9.0   -9 -99.0 -99.0 -99.0 -99.0 -99.0
20260913 104  0.8   730  20  2.8 2222  23  4.6 1555  19.9  24.3 1602  17.4  446  16.2  19.9  15.7  80.1  50.0 2006  18.6   2.0   1.4 -9.00 1007.8 1016.6 1019.9    1 1015.1 1637  9.3  0.0 12.5 -9.0  5.30  0.84 1300    0.0    0.0  0.25    0.0   -9    0.0   -9   -9.0   -9   -9.0   -9   -9.0   -9  22.6  23.6  23.9  20.9  16.5
20260913 105  1.7  1504  25  4.9 1606  27  9.2 1558  21.8  24.9 1602  18.7  117  13.6  20.4  17.2  61.4  41.0 1859  15.8   3.7   2.6 -9.00 1014.2 1017.4 1020.6    1 1015.6 1849  9.4  0.1 12.5 -9.0  6.14  1.04  900    0.0   -9.0 -9.00    0.0   -9    0.0   -9   -9.0   -9   -9.0   -9   -9.0   -9  23.1  23.8  24.5  20.8  17.6
20260913 106  1.9    -9   2  4.9 1134   5  7.2 1140  20.9  25.7 1401  17.7 2315  17.0  24.1  13.7  79.0  62.0  915  19.4   4.4   3.1 -9.00 1012.9 1017.6 1020.9    1 1016.3 1659  8.3  4.2 12.5 -9.0 15.84  2.85 1000   -9.0   -9.0 -9.00   -9.0   -9   -9.0   -9   -9.0   -9   -9.0   -9   -9.0   -9 -99.0 -99.0 -99.0 -99.0 -99.0
20260913 108  1.4  1203  36  2.7 1037  25  4.0 1030  21.0  23.8 1521  18.5  455  15.5  20.9  14.6  71.1  62.0 1652  17.6   2.5   1.7 -9.00 1008.7 1018.7 1020.2    1 1017.3 1736  9.6  0.4 12.5 -9.0  7.81  1.49 1000    0.2    0.0  3.17    0.1   -9    0.1   -9   -9.0   -9   -9.0   -9   -9.0   -9  24.0  24.5  25.0  21.7  17.2
20260913 112  1.3  1087  23  2.6 1346  25  4.1 1736  22.0  23.8 1453  20.1  624  17.9  22.7  15.9  78.0  71.0 1139  20.5   2.4   1.7 -9.00 1010.5 1018.5 1019.9    1 1017.3 1625  9.0  0.2 12.5 -9.0  7.90  1.28 1000    0.1    0.0  3.50    0.1   -9    0.1   -9   -9.0   -9   -9.0   -9   -9.0   -9  23.4  23.9  23.6  21.1  16.8
20260913 114  0.9   789  36  2.4 1134  32  3.8 1126  20.1  24.9 1600  17.4 2347  15.4  23.3  13.6  75.4  47.0 1603  17.6   2.6   1.8 -9.00 1001.2 1018.7 1020.7    1 1016.8 1612  9.3  1.3 12.5 -9.0 10.50  1.67  900    0.0   -9.0 -9.00    0.0   -9    0.0   -9   -9.0   -9   -9.0   -9   -9.0   -9 -99.0 -99.0 -99.0 -99.0 -99.0
20260913 115  1.6  1373  23  3.8 2221  23  5.3 2223  23.8  27.4 1509  20.9  557  19.5  26.7  -9.0  77.1  56.0 2259  22.8   5.2   3.7 -9.00  992.2 1017.5 1021.4    1 1015.7 1453  5.0 10.4 12.5 -9.0 20.87  3.02 1200   -9.0   -9.0 -9.00   -9.0   -9   -9.0   -9   -9.0   -9   -9.0   -9   -9.0   -9  23.2  23.2  22.5  16.9  14.3
20260913 119  0.8   671  29  2.5 1408  29  3.6 1400  20.9  23.8 1351  18.1  401  16.3  22.5  16.5  76.0  55.0 1355  18.6   2.2   1.5 -9.00 1013.8 1018.5 1020.1    1 1017.0 1751  9.1  0.0 12.5 -9.0  7.44  1.44 1200    0.1    0.1  1.65    0.1   -9    0.1   -9   -9.0   -9   -9.0   -9   -9.0   -9  23.6  24.2  23.9  20.7  17.3
20260913 121  0.9   755  34  3.6 1434  27  6.1 1405  19.8  27.8 1326  14.9  249  15.1  24.6  14.5  77.4  45.0 1219  17.1   4.6   3.3 -9.00  991.2 1019.2 1022.2   23 1016.5 1405  7.6  6.5 12.5 -9.0 18.65  3.00 1100   -9.0   -9.0 -9.00   -9.0   -9   -9.0   -9   -9.0   -9   -9.0   -9   -9.0   -9 -99.0 -99.0 -99.0 -99.0 -99.0
20260913 127  1.0   832  34  3.6 1522  32  6.1 1352  20.3  27.0 1338  15.3  342  15.6  24.2  14.8  76.5  50.0 1256  17.7   4.8   3.3 -9.00 1004.6 1018.0 1020.2    2 1016.2 1628  6.8  8.0 12.5 -9.0 19.37  3.05 1100   -9.0   -9.0 -9.00   -9.0   -9   -9.0   -9   -9.0   -9   -9.0   -9   -9.0   -9 -99.0 -99.0 -99.0 -99.0 -99.0
20260913 129  0.7   624  25  3.6 1555  25  5.5 1601  20.9  25.8 1430  16.4  612  16.7  23.3  13.6  78.9  44.0 1334  19.1   3.0   2.1 -9.00 1016.0 1018.9 1020.4    1 1017.6 1736  8.8  2.0 12.5 -9.0 12.02  1.86 1400   -9.0   -9.0 -9.00   -9.0   -9   -9.0   -9   -9.0   -9   -9.0   -9   -9.0   -9  23.5  24.2  24.0  20.9  17.9
20260913 130  1.7  1496  23  3.7  632  20  6.2  632  22.3  27.2 1326  17.7   28  17.8  26.2  15.6  76.4  56.0 1328  20.4  -9.0  -9.0 -9.00 1012.0 1017.7 1021.5    1 1016.3 1418  4.8 11.3 12.5 -9.0 -9.00 -9.00   -9   -9.0   -9.0 -9.00   -9.0   -9   -9.0   -9   -9.0   -9   -9.0   -9   -9.0   -9 -99.0 -99.0 -99.0 -99.0 -99.0
20260913 131  1.0   861  29  2.7 1636  27  5.0 1719  23.1  28.4 1421  18.5  606  15.1  26.4  16.0  62.4  39.0 1318  17.2   5.7   4.0 -9.00 1011.4 1018.2 1020.1    1 1016.4 1523  6.8 10.0 12.5 -9.0 21.22  3.12 1100   -9.0   -9.0 -9.00   -9.0   -9   -9.0   -9   -9.0   -9   -9.0   -9   -9.0   -9 -99.0 -99.0 -99.0 -99.0 -99.0
20260913 133  1.1   938  18  3.2 1205  29  6.5 1247  22.4  28.4 1632  16.8  609  16.3  25.7  14.2  71.3  40.0 1543  18.6   5.2   3.7 -9.00 1010.8 1018.6 1020.6    2 1016.7 1601  5.9  9.8 12.5 -9.0 20.12  3.03 1100   -9.0   -9.0 -9.00   -9.0   -9   -9.0   -9   -9.0   -9   -9.0   -9   -9.0   -9  26.5  26.4  26.1  23.7  19.4
20260913 135  1.2  1035  27  3.6 1139  27  7.2 1219  20.5  27.3 1357  13.3  624  14.7  24.5  11.1  71.6  48.0 1112  16.7   6.0   4.2 -9.00  989.9 1018.3 1021.3    2 1015.7 1603  4.9 11.0 12.5 -9.0 22.31  3.12 1200   -9.0   -9.0 -9.00   -9.0   -9   -9.0   -9   -9.0   -9   -9.0   -9   -9.0   -9 -99.0 -99.0 -99.0 -99.0 -99.0
20260913 136  1.0   872  27  3.8 1408  27  6.5 1406  21.8  28.8 1501  15.6  509  16.0  28.5  14.6  72.1  41.0 1344  18.2   5.9   4.1 -9.00 1002.7 1019.1 1022.1    1 1016.5 1703  5.3  8.9 12.5 -9.0 20.90  3.15 1200   -9.0   -9.0 -9.00   -9.0   -9   -9.0   -9   -9.0   -9   -9.0   -9   -9.0   -9 -99.0 -99.0 -99.0 -99.0 -99.0
20260913 137  0.6   536  27  2.7 1400  23  6.0 1334  21.7  29.0 1529  15.0  542  16.2  27.2  12.6  73.4  46.0 1432  18.4   5.4   3.8 -9.00 1006.4 1017.6 1020.6   10 1015.1 1612  5.3 10.7 12.5 -9.0 21.07  3.10 1100   -9.0   -9.0 -9.00   -9.0   -9   -9.0   -9   -9.0   -9   -9.0   -9   -9.0   -9 -99.0 -99.0 -99.0 -99.0 -99.0
20260913 138  2.0  1741   9  4.7 1455   9  7.0 1451  24.7  30.8 1358  19.6  518  17.6  28.6  18.2  66.8  35.0 1347  20.2   6.9   4.8 -9.00 1016.5 1017.0 1020.4    1 1014.6 1635  4.0 11.1 12.5 -9.0 22.05  3.07 1200   -9.0   -9.0 -9.00   -9.0   -9   -9.0   -9   -9.0   -9   -9.0   -9   -9.0   -9  24.2  23.4  22.9  20.1  17.5
20260913 140  1.6  1408  27  4.4 1539  29  6.5 1608  21.5  26.4 1315  17.0  531  17.2  26.9  13.3  78.1  48.0 1414  19.6  -9.0  -9.0 -9.00 1016.3 1019.6 1021.1    1 1018.1 1734  4.6 10.9 12.5 -9.0 -9.00 -9.00   -9   -9.0   -9.0 -9.00   -9.0   -9   -9.0   -9   -9.0   -9   -9.0   -9   -9.0   -9 -99.0 -99.0 -99.0 -99.0 -99.0
20260913 143  1.1   970  29  2.7 1607  27  4.6 1220  24.2  31.3 1456  17.6  548  15.7  29.6  14.9  62.4  31.0 1558  17.8   6.5   4.5 -9.00 1011.8 1018.1 1021.3    1 1015.3 1619  3.9 10.4 12.5 -9.0 21.40  3.07 1200   -9.0   -9.0 -9.00   -9.0   -9   -9.0   -9   -9.0   -9   -9.0   -9   -9.0   -9 -99.0 -99.0 -99.0 -99.0 -99.0
20260913 146  2.1  1805  27  4.3 1511  27  7.6 1335  23.4  28.4 1443  18.6  608  15.1  26.0  12.9  62.0  38.0 1717  17.3   6.2   4.3 -9.00 1011.5 1018.5 1020.4    1 1016.7 1628  5.3 10.5 12.5 -9.0 21.48  2.98 1100   -9.0   -9.0 -9.00   -9.0   -9   -9.0   -9   -9.0   -9   -9.0   -9   -9.0   -9 -99.0 -99.0 -99.0 -99.0 -99.0
20260913 152  1.5  1261  11  3.2 1449  14  6.0 1432  23.8  29.3 1322  19.0  311  18.7  28.4  17.5  75.4  48.0 1232  21.6   5.6   3.9 -9.00 1007.6 1016.9 1020.1    1 1014.8 1621  3.4 10.2 12.5 -9.0 20.02  2.70 1000   -9.0   -9.0 -9.00   -9.0   -9   -9.0   -9   -9.0   -9   -9.0   -9   -9.0   -9 -99.0 -99.0 -99.0 -99.0 -99.0
20260913 155  1.4  1236  14  4.1 1540  16  6.1 1610  24.5  29.5 1249  20.2  555  19.6  27.3  18.0  76.0  52.0 1250  22.9   5.0   3.5 -9.00 1013.6 1017.6 1020.3    1 1015.5 1618  2.3  8.4 12.5 -9.0 18.13  2.66 1000   -9.0   -9.0 -9.00   -9.0   -9   -9.0   -9   -9.0   -9   -9.0   -9   -9.0   -9 -99.0 -99.0 -99.0 -99.0 -99.0
20260913 156  1.1   936  27  2.7 1651  27  5.7 1651  23.6  30.1 1400  19.0  618  17.1  30.0  12.7  68.1  46.0 1401  19.5   8.0   5.6 -9.00 1010.3 1018.4 1020.4    1 1016.4 1541  4.3  8.7 12.5 -9.0 -9.00 -9.00   -9   -9.0   -9.0 -9.00   -9.0   -9   -9.0   -9   -9.0   -9   -9.0   -9   -9.0   -9 -99.0 -99.0 -99.0 -99.0 -99.0
20260913 159  2.6  2218  25  6.3 1240  25  8.5 1227  25.8  29.4 1157  22.3  618  19.9  29.3  18.5  70.4  53.0 1006  23.2   6.6   4.6 -9.00 1008.9 1016.9 1019.5    1 1015.1 1629  2.1 11.0 12.5 -9.0 23.57  3.24 1200   -9.0   -9.0 -9.00   -9.0   -9   -9.0   -9   -9.0   -9   -9.0   -9   -9.0   -9  26.2  26.6  26.1  21.5  19.5
20260913 162  2.1  1855  23  4.4 1256  20  6.7 1250  25.0  29.9 1500  21.1  557  19.5  28.0  18.1  73.4  49.0 1329  22.8   6.2   4.3 -9.00 1013.2 1016.8 1019.4    1 1014.8 1615  2.9 10.7 12.5 -9.0 22.21  3.02 1300   -9.0   -9.0 -9.00   -9.0   -9   -9.0   -9   -9.0   -9   -9.0   -9   -9.0   -9 -99.0 -99.0 -99.0 -99.0 -99.0
20260913 165  2.2  1919  34  5.9 1807  32  8.1 1812  23.4  27.6 1306  19.7  647  17.5  26.3  15.3  71.0  52.0 1502  20.0   6.4   4.5 -9.00 1013.7 1018.9 1020.7    3 1017.4 1715  2.4 11.4 12.5 -9.0 23.13  3.31 1200   -9.0   -9.0 -9.00   -9.0   -9   -9.0   -9   -9.0   -9   -9.0   -9   -9.0   -9  26.3  25.3  25.3  22.7  19.1
20260913 168  3.3  2866  23  5.9 1525  20  9.7 1711  25.0  29.0 1246  21.8  538  18.9  27.5  20.8  70.1  52.0 1245  21.9   7.5   5.2 -9.00 1010.4 1018.0 1020.5    1 1016.0 1657  2.6 10.9 12.5 -9.0 23.43  3.31 1200   -9.0   -9.0 -9.00   -9.0   -9   -9.0   -9   -9.0   -9   -9.0   -9   -9.0   -9  27.1  26.5  25.8  21.9  18.1
20260913 169  1.8  1565  34  3.5 1648  36  5.0 1644  23.6  27.8 1114  20.0  301  16.3  25.8  17.5  64.4  46.0 1126  18.6   5.8   4.1 -9.00 1010.3 1019.0 1020.7    1 1017.8 1710  3.8 10.5 12.5 -9.0 21.01  2.89 1300   -9.0   -9.0 -9.00   -9.0   -9   -9.0   -9   -9.0   -9   -9.0   -9   -9.0   -9 -99.0 -99.0 -99.0 -99.0 -99.0
20260913 170  1.7  1490  27  4.2 1553  32  7.0 1729  24.4  30.4 1433  19.5  453  18.0  28.9  16.9  69.5  45.0 1406  20.7   6.6   4.6 -9.00 1014.5 1018.6 1020.8    6 1016.8 1613  3.4 11.5 12.5 -9.0 22.68  2.81 1100   -9.0   -9.0 -9.00   -9.0   -9   -9.0   -9   -9.0   -9   -9.0   -9   -9.0   -9 -99.0 -99.0 -99.0 -99.0 -99.0
20260913 172  1.6  1395  29  4.8 1336  29  8.1 1346  21.5  27.7 1137  15.9  607  18.0  26.1  14.0  83.0  51.0 1435  20.6   5.1   3.5 -9.00 1012.5 1018.6 1020.5   20 1017.2 1605  4.9  9.3 12.5 -9.0 20.31  2.86 1300   -9.0   -9.0 -9.00   -9.0   -9   -9.0   -9   -9.0   -9   -9.0   -9   -9.0   -9 -99.0 -99.0 -99.0 -99.0 -99.0
20260913 174  1.2  1062  25  3.6 1322  27  5.8 1516  21.9  28.6 1513  15.7  602  16.2  28.3  14.1  73.1  44.0 1356  18.5  -9.0  -9.0 -9.00  997.6 1016.6 1019.7    1 1014.0 1718  4.5 10.9 12.5 -9.0 -9.00 -9.00   -9   -9.0   -9.0 -9.00   -9.0   -9   -9.0   -9   -9.0   -9   -9.0   -9   -9.0   -9 -99.0 -99.0 -99.0 -99.0 -99.0
20260913 177  1.3  1092  25  3.6 1143  27  5.6 1110  21.6  28.2 1516  16.1  640  16.1  28.4  15.1  73.6  43.0 1418  18.3   4.5   3.2 -9.00 1014.1 1017.3 1019.1    1 1016.0 1642  7.1  6.0 12.5 -9.0 18.12  2.53  900   -9.0   -9.0 -9.00   -9.0   -9   -9.0   -9   -9.0   -9   -9.0   -9   -9.0   -9 -99.0 -99.0 -99.0 -99.0 -99.0
20260913 181  1.1   970  32  4.8 1540  34  6.6 1532  20.2  27.4 1318  14.5  601  15.7  24.2  13.3  77.8  44.0 1251  17.8   4.7   3.3 -9.00 1014.8 1018.8 1020.7    1 1017.1 1544  6.0  9.6 12.5 -9.0 19.96  3.04 1100   -9.0   -9.0 -9.00   -9.0   -9   -9.0   -9   -9.0   -9   -9.0   -9   -9.0   -9 -99.0 -99.0 -99.0 -99.0 -99.0
20260913 184  2.5  2140   5  4.0 1125   2  6.1 1210  25.4  29.4 1432  22.4  309  18.3  32.1  19.3  65.3  54.0 1635  21.1   6.1   4.3 -9.00 1015.8 1018.2 1019.8    1 1016.9 1619  2.1 10.9 12.5 -9.0 19.66  2.83 1200   -9.0   -9.0 -9.00   -9.0   -9   -9.0   -9   -9.0   -9   -9.0   -9   -9.0   -9  28.4  27.6  27.5  24.6  20.2
20260913 185  4.5  3863  32  7.8 1650  34 10.0 1633  24.0  27.3 1129  21.2  207  18.7  28.9  18.6  72.5  65.0 1748  21.5   7.8   5.4 -9.00 1010.0 1018.3 1020.2    1 1016.8 1635  2.0 11.6 12.5 -9.0 23.60  3.21 1200   -9.0   -9.0 -9.00   -9.0   -9   -9.0   -9   -9.0   -9   -9.0   -9   -9.0   -9 -99.0 -99.0 -99.0 -99.0 -99.0
20260913 188  2.5  2138   7  4.7 1146   5  7.6 1250  24.6  28.4 1023  21.5  140  19.7  27.2  19.3  74.6  63.0 1007  23.0  -9.0  -9.0 -9.00 1016.2 1018.6 1020.5    1 1017.1 1638  4.1  5.7 12.5 -9.0 -9.00 -9.00   -9   -9.0   -9.0 -9.00   -9.0   -9   -9.0   -9   -9.0   -9   -9.0   -9   -9.0   -9 -99.0 -99.0 -99.0 -99.0 -99.0
20260913 189  1.6  1374  23  3.2 1219  27  5.1 1217  25.7  30.0 1302  21.6  315  18.5  32.5  20.1  65.4  51.0 1304  21.5   6.4   4.5 -9.00 1012.5 1018.5 1020.5    1 1016.9 1642  1.4 10.4 12.5 -9.0 23.07  3.19 1200   -9.0   -9.0 -9.00   -9.0   -9   -9.0   -9   -9.0   -9   -9.0   -9   -9.0   -9 -99.0 -99.0 -99.0 -99.0 -99.0
20260913 192  0.6   530  16  2.1 1511   9  4.8 1506  21.7  28.4 1541  15.3  534  17.2  29.0  15.9  78.0  51.0 1325  19.7   5.3   3.7 -9.00 1014.5 1018.0 1020.8    1 1015.5 1621  2.5 10.6 12.5 -9.0 22.43  3.16 1200   -9.0   -9.0 -9.00   -9.0   -9   -9.0   -9   -9.0   -9   -9.0   -9   -9.0   -9 -99.0 -99.0 -99.0 -99.0 -99.0
20260913 201  1.1   956  25  2.3 1611  16  5.3 1129  20.2  23.4 1147  16.1  448  17.8  21.9  12.5  87.0  70.0 1136  20.4  -9.0  -9.0 -9.00 1013.8 1019.4 1021.0    1 1018.1 1845  9.8  0.9 12.5 -9.0 -9.00 -9.00   -9   -9.0   -9.0 -9.00   -9.0   -9   -9.0   -9   -9.0   -9   -9.0   -9   -9.0   -9 -99.0 -99.0 -99.0 -99.0 -99.0
20260913 202  0.5   449  32  1.7 1440  27  3.0 1451  19.6  23.3 1428  17.4  602  16.8  21.5  15.9  84.6  59.0 1429  19.1  -9.0  -9.0 -9.00 1013.6 1019.2 1020.9    1 1017.6 1710  9.9  0.0 12.5 -9.0 -9.00 -9.00   -9    0.6   -9.0 -9.00    0.6 1007    0.4 1057   -9.0   -9   -9.0   -9   -9.0   -9 -99.0 -99.0 -99.0 -99.0 -99.0
20260913 203  0.4   378  32  1.7 1241  34  3.2 1233  20.0  25.0 1439  16.9  508  17.6  22.4  16.3  87.6  60.0 1511  20.2  -9.0  -9.0 -9.00 1010.1 1019.5 1021.4    1 1017.9 1812  9.8  0.5 12.5 -9.0 -9.00 -9.00   -9    0.0   -9.0 -9.00    0.0   -9    0.0   -9   -9.0   -9   -9.0   -9   -9.0   -9 -99.0 -99.0 -99.0 -99.0 -99.0
20260913 211  0.6   506  16  1.9 1343  16  3.2 1231  17.6  21.7 1609  14.8  540  15.0  20.2  12.4  85.5  62.0 1609  17.1  -9.0  -9.0 -9.00  995.3 1019.0 1021.3    1 1016.9 1553  9.8  0.0 12.5 -9.0 -9.00 -9.00   -9    0.2   -9.0 -9.00    0.2   -9    0.1   -9   -9.0   -9   -9.0   -9   -9.0   -9 -99.0 -99.0 -99.0 -99.0 -99.0
20260913 212  0.4   371  29  1.5 1554   9  2.5  151  18.6  23.0 1416  16.0  539  16.0  20.5  15.3  85.6  63.0 1528  18.2  -9.0  -9.0 -9.00 1003.1 1019.6 1021.8    1 1017.7 1725  9.8  0.1 12.5 -9.0 -9.00 -9.00   -9    0.3   -9.0 -9.00    0.2   -9    0.1   -9   -9.0   -9   -9.0   -9   -9.0   -9 -99.0 -99.0 -99.0 -99.0 -99.0
20260913 216  1.0   888  20  3.1 1437  23  6.5 1433  18.2  26.5 1350  12.4  626  13.1  20.2  14.6  75.0  41.0 1353  15.1   4.7   3.3 -9.00  937.6 1018.3 1022.6    1 1014.1 1350  7.5  8.7 12.5 -9.0 19.70  2.95 1200   -9.0   -9.0 -9.00   -9.0   -9   -9.0   -9   -9.0   -9   -9.0   -9   -9.0   -9 -99.0 -99.0 -99.0 -99.0 -99.0
20260913 217  0.7   647  29  2.7 1235  27  4.8 1628  19.4  26.1 1124  15.3  215  14.7  23.7  13.0  77.1  50.0 1247  16.7  -9.0  -9.0 -9.00  982.7 1018.8 1022.2   25 1015.7 1636  8.8  4.3 12.5 -9.0 -9.00 -9.00   -9   -9.0   -9.0 -9.00   -9.0   -9   -9.0   -9   -9.0   -9   -9.0   -9   -9.0   -9 -99.0 -99.0 -99.0 -99.0 -99.0
20260913 221  0.9   751  23  3.4 1221  20  5.6 1214  18.7  26.2 1222  13.2 2400  14.4  23.9  11.7  79.3  49.0 1229  16.5  -9.0  -9.0 -9.00  988.1 1018.9 1021.6    7 1016.7 1541  7.6  6.0 12.5 -9.0 -9.00 -9.00   -9   -9.0   -9.0 -9.00   -9.0   -9   -9.0   -9   -9.0   -9   -9.0   -9   -9.0   -9 -99.0 -99.0 -99.0 -99.0 -99.0
20260913 226  0.7   610  29  2.7 1257  29  5.5 1415  20.0  27.2 1457  13.8  551  15.9  25.0  10.6  80.5  49.0 1206  18.1  -9.0  -9.0 -9.00  999.0 1018.9 1021.3    1 1016.6 1613  6.0 10.1 12.5 -9.0 -9.00 -9.00   -9   -9.0   -9.0 -9.00   -9.0   -9   -9.0   -9   -9.0   -9   -9.0   -9   -9.0   -9 -99.0 -99.0 -99.0 -99.0 -99.0
20260913 232  0.7   618  25  2.4 1209  25  4.8 1208  20.4  27.3 1155  15.5  500  16.3  24.5  13.5  80.4  46.0 1139  18.6  -9.0  -9.0 -9.00 1009.4 1019.4 1021.3    1 1017.8 1554  6.9  7.5 12.5 -9.0 -9.00 -9.00   -9   -9.0   -9.0 -9.00   -9.0   -9   -9.0   -9   -9.0   -9   -9.0   -9   -9.0   -9 -99.0 -99.0 -99.0 -99.0 -99.0
20260913 235  1.0   904  20  3.1 1049   2  5.1 1503  22.1  29.3 1426  17.0  548  16.7  26.1  14.3  73.8  46.0 1137  19.1   4.9   3.4 -9.00 1017.1 1018.2 1019.5    1 1017.0 1625  5.4  9.6 12.5 -9.0 19.96  2.66 1300   -9.0   -9.0 -9.00   -9.0   -9   -9.0   -9   -9.0   -9   -9.0   -9   -9.0   -9 -99.0 -99.0 -99.0 -99.0 -99.0
20260913 236  0.6   573  20  2.5 1631  27  4.1 1219  20.9  27.9 1413  15.2  610  15.9  26.1  13.0  76.3  45.0 1607  18.1  -9.0  -9.0 -9.00 1017.5 1019.1 1020.7    1 1017.4 1621  5.4 10.6 12.5 -9.0 -9.00 -9.00   -9   -9.0   -9.0 -9.00   -9.0   -9   -9.0   -9   -9.0   -9   -9.0   -9   -9.0   -9 -99.0 -99.0 -99.0 -99.0 -99.0
20260913 238  0.7   646  29  3.2 1340  29  6.6 1338  21.0  28.4 1346  14.2  558  15.9  25.7  12.2  75.1  45.0 1407  18.1  -9.0  -9.0 -9.00  998.5 1018.3 1020.6    1 1015.9 1613  5.5 10.1 12.5 -9.0 -9.00 -9.00   -9   -9.0   -9.0 -9.00   -9.0   -9   -9.0   -9   -9.0   -9   -9.0   -9   -9.0   -9 -99.0 -99.0 -99.0 -99.0 -99.0
20260913 239  0.9   779  34  2.8 1712  32  4.8 1207  21.6  28.4 1549  16.3  614  16.4  28.4  15.1  74.9  44.0 1308  18.6   4.9   3.4 -9.00 1007.6 1018.0 1020.0    1 1015.9 1539  5.3  8.8 12.5 -9.0 20.12  2.81 1100   -9.0   -9.0 -9.00   -9.0   -9   -9.0   -9   -9.0   -9   -9.0   -9   -9.0   -9 -99.0 -99.0 -99.0 -99.0 -99.0
20260913 243  1.2  1017  29  3.6 1316  27  6.5 1159  22.0  27.0 1342  17.7  633  16.4  26.2  14.8  72.9  41.0 1602  18.7  -9.0  -9.0 -9.00 1017.7 1019.1 1020.6    1 1017.9 1617  5.3  9.8 12.5 -9.0 -9.00 -9.00   -9   -9.0   -9.0 -9.00   -9.0   -9   -9.0   -9   -9.0   -9   -9.0   -9   -9.0   -9 -99.0 -99.0 -99.0 -99.0 -99.0
20260913 244  0.8   677  34  3.0 1452   7  6.1 1412  20.9  28.3 1400  14.7  614  15.6  24.4  13.1  74.1  47.0 1234  17.7  -9.0  -9.0 -9.00  990.1 1018.6 1021.0    1 1016.1 1617  5.9  8.8 12.5 -9.0 -9.00 -9.00   -9   -9.0   -9.0 -9.00   -9.0   -9   -9.0   -9   -9.0   -9   -9.0   -9   -9.0   -9 -99.0 -99.0 -99.0 -99.0 -99.0
20260913 245  1.5  1262  34  5.0 1643  36  7.2 1639  22.7  28.9 1451  17.1  602  16.0  30.6  14.1  68.1  47.0 1452  18.2   5.7   4.0 -9.00 1010.8 1018.7 1020.6    4 1017.1 1611  5.5 10.3 12.5 -9.0 21.26  2.83 1300   -9.0   -9.0 -9.00   -9.0   -9   -9.0   -9   -9.0   -9   -9.0   -9   -9.0   -9 -99.0 -99.0 -99.0 -99.0 -99.0
20260913 247  1.3  1130  25  2.9 1256  32  5.4 1618  22.1  29.4 1403  16.2  631  17.0  26.8  14.9  74.5  47.0 1420  19.3  -9.0  -9.0 -9.00 1002.9 1018.3 1020.7    1 1015.7 1549  4.5  9.4 12.5 -9.0 -9.00 -9.00   -9   -9.0   -9.0 -9.00   -9.0   -9   -9.0   -9   -9.0   -9   -9.0   -9   -9.0   -9 -99.0 -99.0 -99.0 -99.0 -99.0
20260913 248  0.8   714  29  3.1 1557  23  6.4 1346  19.4  27.8 1346  12.7  502  15.4  23.9  10.8  80.3  45.0 1351  17.6  -9.0  -9.0 -9.00  972.3 1019.0 1022.1    1 1016.1 1627  5.5  7.6 12.5 -9.0 -9.00 -9.00   -9   -9.0   -9.0 -9.00   -9.0   -9   -9.0   -9   -9.0   -9   -9.0   -9   -9.0   -9 -99.0 -99.0 -99.0 -99.0 -99.0
20260913 251  1.1   938  29  3.8 1257  29  6.0 1257  21.6  28.5 1403  15.3  602  17.3  24.6  15.9  78.5  47.0 1705  19.7   4.9   3.5 -9.00 1012.7 1018.5 1020.4    1 1016.9 1601  5.6  9.6 12.5 -9.0 19.85  3.17 1300   -9.0   -9.0 -9.00   -9.0   -9   -9.0   -9   -9.0   -9   -9.0   -9   -9.0   -9 -99.0 -99.0 -99.0 -99.0 -99.0
20260913 252  0.9   816  36  4.0 1417  34  6.1 1358  22.0  28.6 1300  16.7  529  16.8  26.9  14.8  74.9  45.0 1205  19.2   5.3   3.7 -9.00 1014.4 1018.7 1020.4    1 1017.4 1615  4.3 10.6 12.5 -9.0 21.69  3.38 1200   -9.0   -9.0 -9.00   -9.0   -9   -9.0   -9   -9.0   -9   -9.0   -9   -9.0   -9 -99.0 -99.0 -99.0 -99.0 -99.0
20260913 253  1.3  1116  16  4.0 1652  16  6.8 1644  24.7  31.1 1315  20.3  631  19.7  28.8  17.8  74.6  48.0 1319  23.0   5.5   3.8 -9.00 1012.0 1018.3 1021.0    1 1016.1 1624  4.0  8.2 12.5 -9.0 20.54  3.05 1100   -9.0   -9.0 -9.00   -9.0   -9   -9.0   -9   -9.0   -9   -9.0   -9   -9.0   -9 -99.0 -99.0 -99.0 -99.0 -99.0
20260913 254  1.3  1120  34  3.8 1552  20  6.8 1611  21.6  28.6 1507  15.7  600  15.7  27.9  13.9  71.9  46.0 1402  17.9   5.7   4.0 -9.00 1003.9 1018.9 1021.1    1 1016.5 1600  5.0  9.3 12.5 -9.0 21.72  3.27 1200   -9.0   -9.0 -9.00   -9.0   -9   -9.0   -9   -9.0   -9   -9.0   -9   -9.0   -9 -99.0 -99.0 -99.0 -99.0 -99.0
20260913 255  0.9   741  23  2.5 1516  20  5.1 1512  25.2  31.1 1447  20.1  628  19.5  26.1  16.9  72.3  48.0 1322  22.7   4.9   3.4 -9.00 1011.3 1017.2 1020.0   53 1014.6 1619  3.1  8.4 12.5 -9.0 18.28  2.70 1100   -9.0   -9.0 -9.00   -9.0   -9   -9.0   -9   -9.0   -9   -9.0   -9   -9.0   -9 -99.0 -99.0 -99.0 -99.0 -99.0
20260913 257  1.4  1187  20  3.5 1701  20  5.9 1655  25.3  33.0 1353  20.3  318  19.6  29.1  18.0  73.0  40.0 1335  22.8   5.8   4.1 -9.00 1016.7 1017.4 1020.3    1 1015.0 1621  4.0  8.8 12.5 -9.0 20.57  3.07 1200   -9.0   -9.0 -9.00   -9.0   -9   -9.0   -9   -9.0   -9   -9.0   -9   -9.0   -9 -99.0 -99.0 -99.0 -99.0 -99.0
20260913 258  2.4  2095  20  4.3 1419  23  8.3 1427  23.1  29.5 1510  18.2  615  18.4  24.7  17.0  76.5  53.0 1725  21.2   6.5   4.5 -9.00 1018.3 1018.5 1021.0    1 1016.2 1708  3.5 11.0 12.5 -9.0 22.74  3.27 1200   -9.0   -9.0 -9.00   -9.0   -9   -9.0   -9   -9.0   -9   -9.0   -9   -9.0   -9 -99.0 -99.0 -99.0 -99.0 -99.0
20260913 259  1.0   864  27  2.7 1650  27  5.2 1648  23.1  30.5 1403  17.7  613  18.0  28.3  16.2  75.6  47.0 1342  20.7   5.5   3.9 -9.00 1016.3 1018.2 1020.4    1 1016.1 1614  4.3  9.1 12.5 -9.0 20.50  3.07 1300   -9.0   -9.0 -9.00   -9.0   -9   -9.0   -9   -9.0   -9   -9.0   -9   -9.0   -9 -99.0 -99.0 -99.0 -99.0 -99.0
20260913 260  1.1   943  34  3.6 1704  34  5.7 1700  22.8  30.6 1501  16.4  625  17.3  27.1  13.6  74.3  43.0 1503  19.8  -9.0  -9.0 -9.00 1013.1 1018.2 1020.6    1 1016.0 1610  4.5 10.7 12.5 -9.0 -9.00 -9.00   -9   -9.0   -9.0 -9.00   -9.0   -9   -9.0   -9   -9.0   -9   -9.0   -9   -9.0   -9 -99.0 -99.0 -99.0 -99.0 -99.0
20260913 261  1.5  1262  29  4.4 1732  29  7.7 1720  22.4  29.1 1403  16.7  544  18.2  26.3  14.8  78.8  56.0 1404  21.0  -9.0  -9.0 -9.00 1016.9 1018.8 1021.0    1 1017.1 1608  3.5  9.4 12.5 -9.0 -9.00 -9.00   -9   -9.0   -9.0 -9.00   -9.0   -9   -9.0   -9   -9.0   -9   -9.0   -9   -9.0   -9 -99.0 -99.0 -99.0 -99.0 -99.0
20260913 262  1.3  1130  32  3.8 1234  34  6.7 1551  23.7  30.6 1435  17.9  622  17.8  29.5  19.1  72.8  43.0 1506  20.4   6.0   4.2 -9.00 1012.1 1018.1 1020.6    1 1016.0 1651  3.0 10.3 12.5 -9.0 21.55  3.12 1100   -9.0   -9.0 -9.00   -9.0   -9   -9.0   -9   -9.0   -9   -9.0   -9   -9.0   -9 -99.0 -99.0 -99.0 -99.0 -99.0
20260913 263  1.0   843  18  2.7 1429  14  4.6 1310  22.7  30.2 1459  15.7  617  18.0  30.2  13.9  77.6  44.0 1525  20.7   5.7   4.0 -9.00 1016.0 1017.7 1020.6    1 1015.0 1629  3.0 10.3 12.5 -9.0 22.47  3.32 1200   -9.0   -9.0 -9.00   -9.0   -9   -9.0   -9   -9.0   -9   -9.0   -9   -9.0   -9 -99.0 -99.0 -99.0 -99.0 -99.0
20260913 264  1.2  1036  34  3.9 1448  34  7.2 1436  22.1  29.9 1504  13.8  625  17.0  27.1  12.6  76.0  42.0 1546  19.5   5.9   4.1 -9.00 1000.7 1018.3 1021.5    1 1015.4 1617  4.9  8.9 12.5 -9.0 22.01  3.19 1100   -9.0   -9.0 -9.00   -9.0   -9   -9.0   -9   -9.0   -9   -9.0   -9   -9.0   -9 -99.0 -99.0 -99.0 -99.0 -99.0
20260913 266  1.0   846  23  2.8 1631  18  6.3 1623  24.5  29.7 1454  19.7  551  18.3  29.6  18.4  70.3  49.0 1440  21.0   4.9   3.4 -9.00 1008.1 1018.2 1021.0    1 1016.0 1614  2.6  8.3 12.5 -9.0 17.84  3.07 1100   -9.0   -9.0 -9.00   -9.0   -9   -9.0   -9   -9.0   -9   -9.0   -9   -9.0   -9 -99.0 -99.0 -99.0 -99.0 -99.0
20260913 268  1.1   912  32  3.7 1625  32  6.5 1415  21.6  27.6 1331  16.4  532  16.7  26.2  15.6  76.0  52.0 1223  19.0  -9.0  -9.0 -9.00 1016.3 1017.4 1019.4  101 1016.0 1636  3.0 10.2 12.5 -9.0 -9.00 -9.00   -9   -9.0   -9.0 -9.00   -9.0   -9   -9.0   -9   -9.0   -9   -9.0   -9   -9.0   -9 -99.0 -99.0 -99.0 -99.0 -99.0
20260913 271  1.0   839  16  2.9 1127  18  5.2 1138  18.9  27.2 1258  12.3  609  14.5  24.5   9.7  79.0  47.0 1500  16.6  -9.0  -9.0 -9.00  981.4 1019.0 1022.9    1 1015.9 1528  6.1  8.9 12.5 -9.0 -9.00 -9.00   -9   -9.0   -9.0 -9.00   -9.0   -9   -9.0   -9   -9.0   -9   -9.0   -9   -9.0   -9 -99.0 -99.0 -99.0 -99.0 -99.0
20260913 272  1.8  1582  32  4.6 2022  32  7.5 1206  20.2  27.3 1242  13.6  617  14.8  25.5  11.2  74.3  44.0 1212  16.9  -9.0  -9.0 -9.00  993.9 1018.5 1022.1    1 1015.9 1611  6.4  9.2 12.5 -9.0 -9.00 -9.00   -9   -9.0   -9.0 -9.00   -9.0   -9   -9.0   -9   -9.0   -9   -9.0   -9   -9.0   -9 -99.0 -99.0 -99.0 -99.0 -99.0
20260913 273  1.2  1054  27  3.1 1420  27  6.0 1412  20.6  28.3 1253  14.1  558  16.2  26.3  11.0  78.3  46.0 1342  18.4  -9.0  -9.0 -9.00  997.9 1018.0 1021.0    1 1015.6 1621  5.3 10.3 12.5 -9.0 -9.00 -9.00   -9   -9.0   -9.0 -9.00   -9.0   -9   -9.0   -9   -9.0   -9   -9.0   -9   -9.0   -9 -99.0 -99.0 -99.0 -99.0 -99.0
20260913 276  1.1   990  32  4.1 1526  34  7.2 1518  21.0  29.2 1459  13.8  231  16.5  26.8  10.8  79.6  40.0 1604  18.9   5.4   3.8 -9.00  993.6 1017.8 1021.5    2 1014.8 1653  4.9  7.8 12.5 -9.0 20.87  3.18 1100   -9.0   -9.0 -9.00   -9.0   -9   -9.0   -9   -9.0   -9   -9.0   -9   -9.0   -9 -99.0 -99.0 -99.0 -99.0 -99.0
20260913 277  1.8  1538  32  4.4 1123  29  7.7 1423  22.3  29.6 1517  16.3  220  17.0  28.3  15.0  75.0  42.0 1442  19.4  -9.0  -9.0 -9.00 1013.0 1017.7 1021.4    8 1015.5 1546  4.6  9.7 12.5 -9.0 -9.00 -9.00   -9   -9.0   -9.0 -9.00   -9.0   -9   -9.0   -9   -9.0   -9   -9.0   -9   -9.0   -9 -99.0 -99.0 -99.0 -99.0 -99.0
20260913 278  0.8   695  25  3.1 1413  29  5.7 1445  22.0  29.7 1344  14.1  622  15.9  28.2  11.2  72.8  41.0 1306  18.1  -9.0  -9.0 -9.00 1008.0 1017.4 1020.6    1 1014.9 1616  5.4  9.1 12.5 -9.0 -9.00 -9.00   -9   -9.0   -9.0 -9.00   -9.0   -9   -9.0   -9   -9.0   -9   -9.0   -9   -9.0   -9 -99.0 -99.0 -99.0 -99.0 -99.0
20260913 279  0.8   709  27  2.4 2038  34  4.8 1229  23.1  30.6 1430  15.8  526  15.7  29.6  13.2  65.6  41.0 1148  17.8   5.2   3.6 -9.00 1012.2 1017.9 1020.7    1 1015.4 1609  4.9  7.6 12.5 -9.0 19.31  3.10 1200    0.0   -9.0 -9.00    0.0   -9    0.0   -9   -9.0   -9   -9.0   -9   -9.0   -9 -99.0 -99.0 -99.0 -99.0 -99.0
20260913 281  1.0   864  27  2.8 1243  27  6.2 1235  22.1  30.2 1545  15.2  605  16.2  27.1  12.7  72.9  40.0 1602  18.4  -9.0  -9.0 -9.00 1007.2 1018.4 1021.8    3 1015.7 1629  4.1 10.5 12.5 -9.0 -9.00 -9.00   -9   -9.0   -9.0 -9.00   -9.0   -9   -9.0   -9   -9.0   -9   -9.0   -9   -9.0   -9 -99.0 -99.0 -99.0 -99.0 -99.0
20260913 283  1.5  1305  29  3.2 1105  32  6.4 1151  23.1  31.8 1550  16.0  531  17.6  27.4  13.8  74.8  37.0 1552  20.2   6.2   4.4 -9.00 1013.3 1018.0 1021.5    1 1015.1 1626  4.0 10.9 12.5 -9.0 22.51  3.20 1200   -9.0   -9.0 -9.00   -9.0   -9   -9.0   -9   -9.0   -9   -9.0   -9   -9.0   -9 -99.0 -99.0 -99.0 -99.0 -99.0
20260913 284  1.1   938  29  3.0 1523  27  4.9 1517  21.4  30.7 1601  13.1  606  16.4  26.2  10.5  75.5  47.0 1553  18.8   5.6   3.9 -9.00  991.8 1018.2 1021.8   10 1014.8 1539  4.5 10.0 12.5 -9.0 21.29  3.02 1100   -9.0   -9.0 -9.00   -9.0   -9   -9.0   -9   -9.0   -9   -9.0   -9   -9.0   -9 -99.0 -99.0 -99.0 -99.0 -99.0
20260913 285  0.7   583  20  2.0 1620  20  4.1 1616  23.1  30.6 1508  15.6  548  17.7  29.5  13.4  74.6  46.0 1405  20.3  -9.0  -9.0 -9.00 1015.0 1018.1 1021.2    3 1015.4 1623  4.4 11.1 12.5 -9.0 -9.00 -9.00   -9   -9.0   -9.0 -9.00   -9.0   -9   -9.0   -9   -9.0   -9   -9.0   -9   -9.0   -9 -99.0 -99.0 -99.0 -99.0 -99.0
20260913 288  1.2  1075  16  2.7 1307  27  4.5 1536  24.3  31.4 1515  18.2  600  17.8  28.9  19.0  69.9  39.0 1519  20.4   5.6   3.9 -9.00 1015.2 1016.2 1019.2   12 1013.4 1709  3.6 10.5 12.5 -9.0 20.44  2.84 1300   -9.0   -9.0 -9.00   -9.0   -9   -9.0   -9   -9.0   -9   -9.0   -9   -9.0   -9 -99.0 -99.0 -99.0 -99.0 -99.0
20260913 289  0.6   511  29  1.9  856  23  3.1 1222  21.7  29.2 1355  14.8  603  17.3  26.0  13.7  78.4  50.0 1158  19.8  -9.0  -9.0 -9.00 1003.0 1019.1 1022.1    9 1016.4 1616  5.3  6.4 12.5 -9.0 -9.00 -9.00   -9   -9.0   -9.0 -9.00   -9.0   -9   -9.0   -9   -9.0   -9   -9.0   -9   -9.0   -9 -99.0 -99.0 -99.0 -99.0 -99.0
20260913 294  1.2  1063  20  3.6 1800  25  7.5 1430  24.3  28.9 1350  21.3  603  19.5  30.0  19.1  75.8  56.0 1317  22.6  -9.0  -9.0 -9.00 1013.2 1018.4 1020.9    1 1016.5 1616  4.0  9.2 12.5 -9.0 -9.00 -9.00   -9   -9.0   -9.0 -9.00   -9.0   -9   -9.0   -9   -9.0   -9   -9.0   -9   -9.0   -9 -99.0 -99.0 -99.0 -99.0 -99.0
20260913 295  1.1   941  18  2.6 1551  16  5.0 1547  23.6  29.2 1450  19.5  542  19.0  29.4  16.6  76.8  49.0 1447  22.0  -9.0  -9.0 -9.00 1012.8 1018.1 1020.7    1 1015.9 1707  2.6  9.6 12.5 -9.0 -9.00 -9.00   -9   -9.0   -9.0 -9.00   -9.0   -9   -9.0   -9   -9.0   -9   -9.0   -9   -9.0   -9 -99.0 -99.0 -99.0 -99.0 -99.0
20260913 296  1.5  1280  18  4.2 1522  18  7.2 1545  25.0  30.8 1309  20.0  312  20.1  27.7  17.1  75.8  48.0 1305  23.5   6.0   4.2 -9.00 1016.3 1016.7 1019.5    1 1014.5 1623  4.5 10.1 12.5 -9.0 21.65  3.06 1200   -9.0   -9.0 -9.00   -9.0   -9   -9.0   -9   -9.0   -9   -9.0   -9   -9.0   -9 -99.0 -99.0 -99.0 -99.0 -99.0
20260914  90  1.7  1496  36  5.9 1116   2  8.7 1139  21.7  25.3  959  18.5 2348  15.7  24.4  17.9  69.9  51.0  813  17.9   3.6   2.5 -9.00 1014.8 1016.9 1017.8 2117 1015.7  330  5.9  2.7 12.5 -9.0 12.57  2.40 1000    3.0   -9.0 -9.00    2.4 2012    1.0 2105   -9.0   -9   -9.0   -9   -9.0   -9 -99.0 -99.0 -99.0 -99.0 -99.0
20260914  93  0.6   512  25  2.3 1555  27  4.1 1555  19.5  26.7 1545  14.3 2341  15.5  23.6  11.6  81.0  46.0 1643  17.7   4.2   2.9 -9.00 1006.4 1017.6 1019.2   25 1015.2 1548  5.3  7.8 12.5 -9.0 17.04  2.86 1200   -9.0   -9.0 -9.00   -9.0   -9   -9.0   -9   -9.0   -9   -9.0   -9   -9.0   -9  22.8  24.1  24.5  23.1  20.0
20260914  95  0.7   628  18  2.7 1404  25  5.5 1357  19.2  25.9 1357  12.8 2343  13.4  24.9  11.1  74.5  31.0 1348  15.7   5.0   3.5 -9.00  999.8 1017.9 1019.5  700 1015.6 1559  4.5  8.6 12.5 -9.0 19.78  3.03 1300   -9.0   -9.0 -9.00   -9.0   -9   -9.0   -9   -9.0   -9   -9.0   -9   -9.0   -9 -99.0 -99.0 -99.0 -99.0 -99.0
20260914  98  0.5   407  29  1.5 1426  29  4.5 1425  20.3  27.8 1356  14.3 2348  13.2  26.1   9.0  66.8  31.0 1434  15.3   4.7   3.3 -9.00 1003.9 1017.3 1018.8  721 1015.4 1541  4.5  7.2 12.5 -9.0 18.06  2.66 1300   -9.0   -9.0 -9.00   -9.0   -9   -9.0   -9   -9.0   -9   -9.0   -9   -9.0   -9 -99.0 -99.0 -99.0 -99.0 -99.0
20260914  99  0.5   429  34  1.7 1449  34  4.3 1213  19.1  26.4 1541  12.1 2338  14.5  24.0  10.2  78.9  33.0 1545  16.7   4.7   3.3 -9.00 1014.4 1018.0 1019.4  938 1016.0 1639  4.5  7.7 12.5 -9.0 18.77  2.88 1300   -9.0   -9.0 -9.00   -9.0   -9   -9.0   -9   -9.0   -9   -9.0   -9   -9.0   -9 -99.0 -99.0 -99.0 -99.0 -99.0
20260914 100  1.5  1298  11  3.6 1311  11  6.2 1327  15.5  20.6 1106  11.4 2326  13.0  18.3   9.6  86.4  48.0 1043  15.0   3.3   2.3 -9.00  930.0 1017.8 1019.5 2326 1015.5 1600  6.8  6.6 12.5 -9.0 15.10  2.29 1100   -9.0   -9.0 -9.00   -9.0   -9   -9.0   -9   -9.0   -9   -9.0   -9   -9.0   -9 -99.0 -99.0 -99.0 -99.0 -99.0
20260914 101  0.7   646  11  2.4 1407  16  3.7 1400  20.0  27.8 1558  14.7 2342  15.1  22.5  12.2  76.4  39.0 1728  17.2   4.4   3.1 -9.00 1007.4 1016.3 1018.1   23 1013.7 1627  5.3  7.0 12.5 -9.0 16.50  2.72 1300   -9.0   -9.0 -9.00   -9.0   -9   -9.0   -9   -9.0   -9   -9.0   -9   -9.0   -9  23.7  24.4  24.1  20.4  17.0
20260914 102  5.6  4803  34  9.7 1335  34 13.5 1339  20.2  21.5 1140  17.9 2338  13.7  21.9  14.6  67.3  50.0 1440  15.8   7.1   5.0 -9.00 1013.8 1018.0 1019.6  957 1016.9 1903  1.5 11.6 12.5 -9.0 24.80  3.31 1200   -9.0   -9.0 -9.00   -9.0   -9   -9.0   -9   -9.0   -9   -9.0   -9   -9.0   -9 -99.0 -99.0 -99.0 -99.0 -99.0
20260914 104  1.3  1108  29  3.2 1241  14  5.8 1212  20.9  25.1 1013  17.5   53  16.8  21.4  15.8  77.8  53.0  943  19.2   3.0   2.1 -9.00 1007.4 1016.2 1017.0 2050 1015.2  347  7.6  1.3 12.5 -9.0 11.67  1.93  900   -9.0   -9.0 -9.00   -9.0   -9   -9.0   -9   -9.0   -9   -9.0   -9   -9.0   -9  22.3  23.3  23.7  20.9  16.7
20260914 105  2.1  1800  25  3.7  708  25  6.6  647  21.9  25.1  957  19.4 2335  14.6  23.1  17.2  64.6  43.0  946  16.8   3.5   2.5 -9.00 1013.8 1016.9 1017.8 2136 1016.0  431  7.1  2.1 12.5 -9.0 12.16  1.68 1300   -9.0   -9.0 -9.00   -9.0   -9   -9.0   -9   -9.0   -9   -9.0   -9   -9.0   -9  22.9  23.6  24.4  20.8  17.6
20260914 106  2.2  1929   2  5.4 1218   5  8.4 1216  21.5  26.7  934  17.9  619  15.6  24.1  14.0  70.9  38.0  931  18.0   3.8   2.7 -9.00 1012.3 1017.0 1017.9 2306 1016.1  500  7.0  4.0 12.5 -9.0 14.12  3.22 1100    0.6   -9.0 -9.00    0.6 2106    0.3 2143   -9.0   -9   -9.0   -9   -9.0   -9 -99.0 -99.0 -99.0 -99.0 -99.0
20260914 108  1.8  1558  27  3.5 1151  25  6.8 1134  21.8  26.4 1408  18.0 2400  13.4  23.9  10.2  61.1  36.0 1643  15.7   5.3   3.7 -9.00 1007.2 1017.2 1018.6   45 1015.4 1600  4.5  6.5 12.5 -9.0 16.33  2.49 1300   -9.0   -9.0 -9.00   -9.0   -9   -9.0   -9   -9.0   -9   -9.0   -9   -9.0   -9  24.0  24.4  24.9  21.7  17.2
20260914 112  1.9  1673  32  3.6 1204  32  7.3 1153  22.5  26.3 1606  19.1 2351  14.2  25.1  12.3  62.4  29.0 1612  16.6   6.3   4.4 -9.00 1009.2 1017.2 1018.5  941 1015.7 1548  4.1  7.9 12.5 -9.0 19.04  3.03 1300   -9.0   -9.0 -9.00   -9.0   -9   -9.0   -9   -9.0   -9   -9.0   -9   -9.0   -9  23.3  23.7  23.5  21.1  16.9
20260914 114  0.9   768  29  2.6 1439  32  3.9 1310  20.2  26.0 1641  16.7  538  15.1  23.8  12.9  74.0  40.0 1407  17.2   3.6   2.5 -9.00  999.7 1017.1 1018.8   57 1014.7 1641  5.5  4.3 12.5 -9.0 14.22  1.93 1400   -9.0   -9.0 -9.00   -9.0   -9   -9.0   -9   -9.0   -9   -9.0   -9   -9.0   -9 -99.0 -99.0 -99.0 -99.0 -99.0
20260914 115  3.4  2939   5  7.8 2001   5 12.5 2006  23.1  26.5 1259  21.0 2329  18.3  26.1  -9.0  74.9  52.0  736  21.1   5.3   3.7 -9.00  990.7 1016.0 1017.3 2249 1014.7 1549  8.1  5.8 12.5 -9.0 16.50  2.74 1100    0.0    0.0  0.25    0.0   -9    0.0   -9   -9.0   -9   -9.0   -9   -9.0   -9  23.3  23.0  22.4  16.7  14.7
20260914 119  1.3  1125  32  3.2 1608  32  5.0 1500  21.0  26.7 1451  15.6 2358  14.7  24.6  12.0  70.0  30.0 1619  17.0   4.6   3.2 -9.00 1012.3 1016.9 1018.4   42 1015.1 1545  4.9  6.2 12.5 -9.0 15.66  2.34 1300   -9.0   -9.0 -9.00   -9.0   -9   -9.0   -9   -9.0   -9   -9.0   -9   -9.0   -9  23.6  24.0  23.8  20.8  17.4
20260914 121  0.8   706  29  2.6 1333  27  4.3 1213  19.1  26.4 1355  14.2  343  14.3  23.4  16.8  77.0  41.0 1501  16.3   3.7   2.6 -9.00  989.9 1017.8 1019.9  656 1015.1 1547  6.3  4.5 12.5 -9.0 16.19  2.75 1000   -9.0   -9.0 -9.00   -9.0   -9   -9.0   -9   -9.0   -9   -9.0   -9   -9.0   -9 -99.0 -99.0 -99.0 -99.0 -99.0
20260914 127  0.6   507  23  2.1 1335  25  4.0 1333  19.5  25.1 1417  15.1  115  15.6  23.0  14.6  79.6  49.0 1334  17.7   3.1   2.1 -9.00 1003.3 1016.7 1018.3  840 1014.7 1642  6.9  3.3 12.5 -9.0 13.23  2.03 1300   -9.0   -9.0 -9.00   -9.0   -9   -9.0   -9   -9.0   -9   -9.0   -9   -9.0   -9 -99.0 -99.0 -99.0 -99.0 -99.0
20260914 129  1.1   975  25  5.4 1446  25  7.4 1427  19.8  25.6 1503  14.1 2354  14.2  22.3   9.4  73.6  32.0 1612  16.4   4.0   2.8 -9.00 1014.7 1017.7 1018.9    3 1016.5 1541  5.1  4.8 12.5 -9.0 13.72  2.33 1400   -9.0   -9.0 -9.00   -9.0   -9   -9.0   -9   -9.0   -9   -9.0   -9   -9.0   -9  23.5  24.0  23.9  20.9  17.9
20260914 130  1.6  1388   5  4.3 1411  29  8.6 1502  21.3  27.3  955  16.0  621  16.0  25.0  14.1  73.5  40.0 1041  18.2  -9.0  -9.0 -9.00 1011.0 1016.7 1017.6 1019 1015.9 1412  6.1  8.0 12.5 -9.0 -9.00 -9.00   -9   -9.0   -9.0 -9.00   -9.0   -9   -9.0   -9   -9.0   -9   -9.0   -9   -9.0   -9 -99.0 -99.0 -99.0 -99.0 -99.0
20260914 131  0.8   670  29  2.2 1852  32  4.4 1834  22.1  26.2 1618  18.6  625  15.2  23.8  15.6  66.4  48.0 2027  17.5   3.0   2.1 -9.00 1010.2 1017.0 1018.4  831 1015.0 1632  5.5  2.6 12.5 -9.0 11.01  1.31 1500   -9.0   -9.0 -9.00   -9.0   -9   -9.0   -9   -9.0   -9   -9.0   -9   -9.0   -9 -99.0 -99.0 -99.0 -99.0 -99.0
20260914 133  0.9   798  32  2.7 1131  34  5.3 1209  21.3  25.7 1054  16.9  605  16.6  24.8  13.8  75.8  55.0 2221  19.0   3.4   2.4 -9.00 1009.6 1017.5 1018.8   48 1015.7 1636  5.6  4.2 12.5 -9.0 13.76  1.97 1000   -9.0   -9.0 -9.00   -9.0   -9   -9.0   -9   -9.0   -9   -9.0   -9   -9.0   -9  26.5  26.4  26.0  23.6  19.4
20260914 135  2.3  1950  27  4.5  950  27  6.5  838  20.1  25.4 1303  16.2  622  15.2  22.9  13.5  75.0  49.0 1252  17.3   4.2   3.0 -9.00  988.5 1016.9 1018.5  705 1014.8 1559  4.6  6.3 12.5 -9.0 17.00  2.96 1100   -9.0   -9.0 -9.00   -9.0   -9   -9.0   -9   -9.0   -9   -9.0   -9   -9.0   -9 -99.0 -99.0 -99.0 -99.0 -99.0
20260914 136  0.9   794  29  2.5 1435  34  4.5 1431  21.2  28.6 1414  15.1  611  14.3  28.5  13.5  67.9  34.0 1333  16.4   4.7   3.3 -9.00 1001.1 1017.5 1019.2  656 1015.4 1543  5.9  6.7 12.5 -9.0 17.95  3.08 1300   -9.0   -9.0 -9.00   -9.0   -9   -9.0   -9   -9.0   -9   -9.0   -9   -9.0   -9 -99.0 -99.0 -99.0 -99.0 -99.0
20260914 137  0.9   803  25  2.6  627  27  5.4  137  21.4  27.6 1213  16.8  423  15.7  24.8  13.7  72.0  37.0 1352  17.9   4.0   2.8 -9.00 1004.8 1016.0 1017.6  720 1014.1 1531  4.5  6.3 12.5 -9.0 16.98  2.95 1100   -9.0   -9.0 -9.00   -9.0   -9   -9.0   -9   -9.0   -9   -9.0   -9   -9.0   -9 -99.0 -99.0 -99.0 -99.0 -99.0
20260914 138  2.3  2009   2  4.7 1910   5  8.0 1911  24.1  28.6 1207  21.6  547  14.8  27.6  20.2  57.5  34.0 1211  16.9   5.9   4.1 -9.00 1015.2 1015.7 1016.6  849 1014.5 1539  7.8  5.6 12.5 -9.0 18.29  3.27 1100   -9.0   -9.0 -9.00   -9.0   -9   -9.0   -9   -9.0   -9   -9.0   -9   -9.0   -9  24.4  23.4  22.8  20.1  17.5
20260914 140  1.4  1220  29  4.6 1721  27  6.5 1540  20.7  26.1 1055  16.2  607  17.1  24.8  12.2  80.8  67.0 1047  19.7  -9.0  -9.0 -9.00 1015.0 1018.2 1019.5   22 1016.6 1645  4.3  6.7 12.5 -9.0 -9.00 -9.00   -9   -9.0   -9.0 -9.00   -9.0   -9   -9.0   -9   -9.0   -9   -9.0   -9   -9.0   -9 -99.0 -99.0 -99.0 -99.0 -99.0
20260914 143  1.8  1573  11  3.7 2010   9  5.7 2005  24.5  29.6 1435  21.0 2356  13.6  30.0  16.8  52.6  32.0 1442  15.6   5.4   3.8 -9.00 1010.1 1016.4 1018.1  713 1014.0 1543  5.3  7.0 12.5 -9.0 18.17  2.85 1100   -9.0   -9.0 -9.00   -9.0   -9   -9.0   -9   -9.0   -9   -9.0   -9   -9.0   -9 -99.0 -99.0 -99.0 -99.0 -99.0
20260914 146  1.9  1612  29  4.8 1347  34  7.3 1340  22.0  27.6 1319  17.6  619  16.2  23.7  13.4  70.9  51.0 1211  18.5   4.7   3.3 -9.00 1010.2 1017.2 1018.7  710 1015.4 1635  6.1  6.1 12.5 -9.0 16.35  2.65 1000   -9.0   -9.0 -9.00   -9.0   -9   -9.0   -9   -9.0   -9   -9.0   -9   -9.0   -9 -99.0 -99.0 -99.0 -99.0 -99.0
20260914 152  2.3  1959   9  5.0 1438   9  8.3 1550  23.2  27.5 1205  20.8 2340  13.9  27.9  19.8  58.0  31.0 1149  16.1   5.7   4.0 -9.00 1005.9 1015.3 1016.3  919 1013.9 1534  7.0  6.7 12.5 -9.0 18.54  2.63 1300   -9.0   -9.0 -9.00   -9.0   -9   -9.0   -9   -9.0   -9   -9.0   -9   -9.0   -9 -99.0 -99.0 -99.0 -99.0 -99.0
20260914 155  1.6  1361  14  4.6 1531  20  8.4 1537  24.7  30.1 1416  21.2  459  16.1  28.3  18.0  60.6  35.0 1331  18.4   6.0   4.2 -9.00 1011.7 1015.8 1017.2  855 1014.1 1513  6.1  9.3 12.5 -9.0 19.96  2.77 1300   -9.0   -9.0 -9.00   -9.0   -9   -9.0   -9   -9.0   -9   -9.0   -9   -9.0   -9 -99.0 -99.0 -99.0 -99.0 -99.0
20260914 156  1.6  1387   5  4.2 1641  20  7.3 1639  23.0  29.7 1420  18.3  618  16.7  28.9  12.9  69.5  44.0 1424  19.0   8.5   5.9 -9.00 1008.7 1016.9 1018.5    1 1014.8 1507  3.8  7.0 12.5 -9.0 -9.00 -9.00   -9   -9.0   -9.0 -9.00   -9.0   -9   -9.0   -9   -9.0   -9   -9.0   -9   -9.0   -9 -99.0 -99.0 -99.0 -99.0 -99.0
20260914 159  1.4  1193  16  5.2 1304  36  8.4  341  25.2  30.0 1425  22.3  658  16.9  28.7  19.8  61.1  39.0 1311  19.4   5.9   4.1 -9.00 1007.1 1015.0 1016.2  943 1013.6 1553  6.5  7.8 12.5 -9.0 20.70  3.33 1200   -9.0   -9.0 -9.00   -9.0   -9   -9.0   -9   -9.0   -9   -9.0   -9   -9.0   -9  26.4  26.5  26.0  21.5  19.6
20260914 162  1.9  1604   5  4.3  905   2  7.6  904  24.7  29.8 1420  20.6  619  15.8  27.1  17.7  61.9  29.0 1336  18.3   6.7   4.7 -9.00 1011.1 1014.7 1016.0  705 1012.8 1550  4.8 10.7 12.5 -9.0 22.17  3.18 1100   -9.0   -9.0 -9.00   -9.0   -9   -9.0   -9   -9.0   -9   -9.0   -9   -9.0   -9 -99.0 -99.0 -99.0 -99.0 -99.0
20260914 165  4.5  3931  34  8.7 1738  32 11.5 1453  22.9  27.3 1407  20.0  616  17.5  28.9  16.4  72.5  46.0 1544  20.1   6.3   4.4 -9.00 1012.2 1017.3 1018.6    1 1015.6 1536  3.8  8.2 12.5 -9.0 20.70  3.15 1200   -9.0   -9.0 -9.00   -9.0   -9   -9.0   -9   -9.0   -9   -9.0   -9   -9.0   -9  26.3  25.2  25.3  22.7  19.2
20260914 168  2.9  2503  36  7.7  311   5  9.9  148  25.0  29.8 1509  21.0  605  14.1  29.1  19.3  52.1  32.0 1451  16.2   7.4   5.2 -9.00 1008.4 1016.0 1017.4  753 1014.3 1538  4.6 10.3 12.5 -9.0 22.71  2.99 1300   -9.0   -9.0 -9.00   -9.0   -9   -9.0   -9   -9.0   -9   -9.0   -9   -9.0   -9  27.2  26.4  25.7  21.9  18.1
20260914 169  4.9  4266  36 10.2 1731  36 13.4 1727  23.4  28.9 1242  20.3 2328  17.9  27.7  18.3  71.8  59.0 1947  20.8   7.0   4.9 -9.00 1009.0 1017.7 1018.8   18 1016.4 1519  4.4  6.3 12.5 -9.0 17.78  2.93 1100   -9.0   -9.0 -9.00   -9.0   -9   -9.0   -9   -9.0   -9   -9.0   -9   -9.0   -9 -99.0 -99.0 -99.0 -99.0 -99.0
20260914 170  2.0  1743  36  3.7 2150   5  8.3 2316  24.6  31.3 1355  20.0  320  16.6  28.1  16.5  63.1  40.0 1314  18.9   6.4   4.5 -9.00 1012.8 1016.8 1018.4  722 1014.9 1546  3.3 10.6 12.5 -9.0 22.17  3.17 1100   -9.0   -9.0 -9.00   -9.0   -9   -9.0   -9   -9.0   -9   -9.0   -9   -9.0   -9 -99.0 -99.0 -99.0 -99.0 -99.0
20260914 172  2.0  1701  32  4.9 1521  34  7.7 1627  20.9  28.1 1240  16.4  624  17.9  24.6  13.3  85.5  49.0 1245  20.6   5.1   3.5 -9.00 1011.2 1017.3 1018.6    1 1015.5 1543  4.5  6.9 12.5 -9.0 19.61  3.30 1200   -9.0   -9.0 -9.00   -9.0   -9   -9.0   -9   -9.0   -9   -9.0   -9   -9.0   -9 -99.0 -99.0 -99.0 -99.0 -99.0
20260914 174  1.8  1582  27  3.4 1310  27  6.7 1309  22.2  28.4 1501  17.4  220  14.7  27.8  14.6  65.3  33.0 1503  16.8  -9.0  -9.0 -9.00  995.7 1014.7 1016.5    1 1012.4 1539  6.5  8.7 12.5 -9.0 -9.00 -9.00   -9   -9.0   -9.0 -9.00   -9.0   -9   -9.0   -9   -9.0   -9   -9.0   -9   -9.0   -9 -99.0 -99.0 -99.0 -99.0 -99.0
20260914 177  1.4  1209  29  3.5 1552  34  6.0 1521  20.2  26.4 1437  14.9 2357  15.8  23.4  12.5  77.6  41.0 1729  18.2   3.5   2.5 -9.00 1012.9 1016.1 1017.5   27 1014.6 1633  5.5  3.6 12.5 -9.0 12.41  1.98 1100   -9.0   -9.0 -9.00   -9.0   -9   -9.0   -9   -9.0   -9   -9.0   -9   -9.0   -9 -99.0 -99.0 -99.0 -99.0 -99.0
20260914 181  0.8   687  32  2.7 1841  29  4.5 1837  19.1  25.2 1518  14.8  436  15.6  22.4  13.7  81.3  56.0 1559  17.8   2.8   1.9 -9.00 1013.6 1017.6 1019.0  842 1015.7 1627  5.9  2.0 12.5 -9.0 11.64  1.54 1500   -9.0   -9.0 -9.00   -9.0   -9   -9.0   -9   -9.0   -9   -9.0   -9   -9.0   -9 -99.0 -99.0 -99.0 -99.0 -99.0
20260914 184  2.7  2307   2  4.7  815   2  7.3  814  25.4  29.4 1427  22.1  311  17.7  31.8  19.5  63.0  49.0 1336  20.3   6.5   4.5 -9.00 1014.3 1016.7 1018.2  937 1015.1 1542  3.4  9.7 12.4 -9.0 19.04  2.91 1200   -9.0   -9.0 -9.00   -9.0   -9   -9.0   -9   -9.0   -9   -9.0   -9   -9.0   -9  28.4  27.6  27.4  24.4  20.2
20260914 185  7.6  6554  34 10.4  543  18 13.5 1026  23.9  25.3 1509  22.9 2348  18.2  28.3  20.3  71.0  63.0  944  21.0   8.3   5.8 -9.00 1008.2 1016.4 1018.1    1 1015.0 1526  2.5 11.3 12.4 -9.0 23.19  3.21 1200   -9.0   -9.0 -9.00   -9.0   -9   -9.0   -9   -9.0   -9   -9.0   -9   -9.0   -9 -99.0 -99.0 -99.0 -99.0 -99.0
20260914 188  2.8  2391   9  5.6 1430  11 11.0 1358  24.4  28.2 1402  20.3  226  16.7  28.0  17.4  64.3  36.0 1256  19.1  -9.0  -9.0 -9.00 1014.2 1016.6 1018.4    1 1015.1 1605  2.5 11.4 12.4 -9.0 -9.00 -9.00   -9   -9.0   -9.0 -9.00   -9.0   -9   -9.0   -9   -9.0   -9   -9.0   -9   -9.0   -9 -99.0 -99.0 -99.0 -99.0 -99.0
20260914 189  2.0  1718  23  3.9 1126  23  6.0 1217  25.4  29.9 1604  21.3  544  16.5  32.4  19.7  59.0  41.0 1537  18.9   7.1   5.0 -9.00 1010.3 1016.2 1018.2    1 1014.8 1602  2.3 10.8 12.4 -9.0 23.55  3.18 1200   -9.0   -9.0 -9.00   -9.0   -9   -9.0   -9   -9.0   -9   -9.0   -9   -9.0   -9 -99.0 -99.0 -99.0 -99.0 -99.0
20260914 192  0.6   529   7  2.4 1049   5  5.1 1030  21.4  28.6 1347  15.9  621  14.2  28.6  16.2  68.0  32.0 1638  16.3   5.2   3.6 -9.00 1012.7 1016.1 1017.6  701 1014.0 1554  5.0  9.9 12.5 -9.0 20.52  3.06 1100   -9.0   -9.0 -9.00   -9.0   -9   -9.0   -9   -9.0   -9   -9.0   -9   -9.0   -9 -99.0 -99.0 -99.0 -99.0 -99.0
20260914 201  1.2  1074  32  3.2 1927  32  7.1 1409  20.1  26.0 1557  14.3 2348  13.8  25.6   8.7  70.9  31.0 1643  16.2  -9.0  -9.0 -9.00 1012.6 1018.2 1019.6 1008 1016.7 1557  4.4  8.4 12.5 -9.0 -9.00 -9.00   -9   -9.0   -9.0 -9.00   -9.0   -9   -9.0   -9   -9.0   -9   -9.0   -9   -9.0   -9 -99.0 -99.0 -99.0 -99.0 -99.0
20260914 202  0.8   677  25  2.4 1512  25  4.4 1503  19.8  26.4 1544  15.5 2400  15.9  24.3  10.7  80.3  43.0 1720  18.1  -9.0  -9.0 -9.00 1012.0 1017.6 1019.1  101 1015.7 1547  5.4  5.8 12.5 -9.0 -9.00 -9.00   -9   -9.0   -9.0 -9.00   -9.0   -9   -9.0   -9   -9.0   -9   -9.0   -9   -9.0   -9 -99.0 -99.0 -99.0 -99.0 -99.0
20260914 203  0.5   456  11  2.0 1522  16  4.1 1311  20.0  26.8 1553  15.1 2400  16.7  22.9  12.7  82.6  57.0 1603  19.1  -9.0  -9.0 -9.00 1008.5 1017.9 1019.5  950 1015.8 1643  6.1  2.8 12.5 -9.0 -9.00 -9.00   -9   -9.0   -9.0 -9.00   -9.0   -9   -9.0   -9   -9.0   -9   -9.0   -9   -9.0   -9 -99.0 -99.0 -99.0 -99.0 -99.0
20260914 211  0.9   775   9  2.7 1645   2  4.6 1644  19.1  26.1 1537  15.4 2346  14.8  24.6  12.3  78.9  47.0 1519  16.9  -9.0  -9.0 -9.00  993.6 1017.2 1018.9   14 1014.4 1608  6.5  6.3 12.5 -9.0 -9.00 -9.00   -9   -9.0   -9.0 -9.00   -9.0   -9   -9.0   -9   -9.0   -9   -9.0   -9   -9.0   -9 -99.0 -99.0 -99.0 -99.0 -99.0
20260914 212  0.4   374  27  1.8 1243  34  3.5 1435  19.8  26.5 1504  15.7 2343  15.3  24.0  12.3  78.5  45.0 1456  17.4  -9.0  -9.0 -9.00 1001.4 1017.8 1019.5   30 1015.6 1545  5.9  5.5 12.5 -9.0 -9.00 -9.00   -9   -9.0   -9.0 -9.00   -9.0   -9   -9.0   -9   -9.0   -9   -9.0   -9   -9.0   -9 -99.0 -99.0 -99.0 -99.0 -99.0
20260914 216  1.3  1085   5  3.8 1335   7  6.5 1314  16.3  25.2 1247  10.6  454  12.1  17.7  11.4  79.6  35.0 1235  14.3   3.8   2.7 -9.00  936.5 1017.8 1019.9  216 1014.1 1246  7.3  4.9 12.5 -9.0 15.29  3.35 1200   -9.0   -9.0 -9.00   -9.0   -9   -9.0   -9   -9.0   -9   -9.0   -9   -9.0   -9 -99.0 -99.0 -99.0 -99.0 -99.0
20260914 217  0.8   687  27  2.4 1220  27  3.9 1221  19.1  26.2 1400  14.3  545  13.9  23.2  12.1  75.3  38.0 1318  15.9  -9.0  -9.0 -9.00  981.3 1017.4 1019.6  703 1014.4 1517  6.4  3.9 12.5 -9.0 -9.00 -9.00   -9   -9.0   -9.0 -9.00   -9.0   -9   -9.0   -9   -9.0   -9   -9.0   -9   -9.0   -9 -99.0 -99.0 -99.0 -99.0 -99.0
20260914 221  0.8   656  20  3.2 1433  23  5.0 1546  17.6  24.5 1353  12.5   36  14.4  23.3  11.3  83.9  52.0 1319  16.4  -9.0  -9.0 -9.00  986.8 1017.6 1019.5  124 1015.2 1545  6.0  4.0 12.5 -9.0 -9.00 -9.00   -9   -9.0   -9.0 -9.00   -9.0   -9   -9.0   -9   -9.0   -9   -9.0   -9   -9.0   -9 -99.0 -99.0 -99.0 -99.0 -99.0
20260914 226  0.6   547  34  3.2 1215  36  6.2 1212  19.1  25.6 1217  13.7  618  16.2  22.4   9.9  86.4  51.0 1203  18.5  -9.0  -9.0 -9.00  997.6 1017.6 1019.6  838 1015.7 1646  6.0  2.9 12.5 -9.0 -9.00 -9.00   -9   -9.0   -9.0 -9.00   -9.0   -9   -9.0   -9   -9.0   -9   -9.0   -9   -9.0   -9 -99.0 -99.0 -99.0 -99.0 -99.0
20260914 232  0.6   532  29  1.9 1622  29  4.9 1730  19.6  26.0 1459  14.8 2321  16.5  24.2  12.1  84.3  57.0 1504  18.8  -9.0  -9.0 -9.00 1008.1 1018.1 1019.5   14 1016.1 1640  5.1  3.6 12.5 -9.0 -9.00 -9.00   -9   -9.0   -9.0 -9.00   -9.0   -9   -9.0   -9   -9.0   -9   -9.0   -9   -9.0   -9 -99.0 -99.0 -99.0 -99.0 -99.0
20260914 235  1.2  1037  23  2.5 1425  36  5.4 1526  20.7  27.1 1607  15.9 2300  15.4  23.5  11.8  72.9  49.0 1800  17.8   3.5   2.5 -9.00 1015.8 1017.0 1018.3   24 1015.5 1557  4.6  3.1 12.5 -9.0 12.70  1.66 1400   -9.0   -9.0 -9.00   -9.0   -9   -9.0   -9   -9.0   -9   -9.0   -9   -9.0   -9 -99.0 -99.0 -99.0 -99.0 -99.0
20260914 236  0.3   292  20  2.1 1628  32  4.2 1828  19.7  26.2 1613  14.8  418  16.4  24.4  12.0  82.9  60.0 1909  18.7  -9.0  -9.0 -9.00 1016.3 1017.8 1019.3  929 1016.0 1626  5.1  1.5 12.5 -9.0 -9.00 -9.00   -9   -9.0   -9.0 -9.00   -9.0   -9   -9.0   -9   -9.0   -9   -9.0   -9   -9.0   -9 -99.0 -99.0 -99.0 -99.0 -99.0
20260914 238  0.5   459  29  2.4 1339  29  5.2 1316  20.1  26.6 1154  14.5  601  16.3  23.7  11.8  80.9  47.0 1154  18.5  -9.0  -9.0 -9.00  997.3 1017.0 1018.9  713 1015.1 1615  5.0  5.9 12.5 -9.0 -9.00 -9.00   -9   -9.0   -9.0 -9.00   -9.0   -9   -9.0   -9   -9.0   -9   -9.0   -9   -9.0   -9 -99.0 -99.0 -99.0 -99.0 -99.0
20260914 239  0.7   588  32  2.7 1939  34  4.5 1906  20.0  25.9 1633  15.5  617  16.3  25.2  14.3  80.6  58.0 2036  18.8   2.8   1.9 -9.00 1006.4 1016.9 1018.4  644 1014.8 1624  6.0  1.8 12.5 -9.0 11.41  1.51 1000   -9.0   -9.0 -9.00   -9.0   -9   -9.0   -9   -9.0   -9   -9.0   -9   -9.0   -9 -99.0 -99.0 -99.0 -99.0 -99.0
20260914 243  1.0   856  29  3.6 1648  32  6.5 1711  21.0  27.0 1148  16.8  506  16.5  23.2  13.2  77.3  53.0 1152  18.8  -9.0  -9.0 -9.00 1016.4 1017.8 1018.9   12 1016.4 1658  4.8  6.1 12.5 -9.0 -9.00 -9.00   -9   -9.0   -9.0 -9.00   -9.0   -9   -9.0   -9   -9.0   -9   -9.0   -9   -9.0   -9 -99.0 -99.0 -99.0 -99.0 -99.0
20260914 244  1.0   895   2  2.9 1528  32  5.9 1514  20.9  27.5 1353  14.6  644  15.7  24.1  12.1  74.5  42.0 1234  17.9  -9.0  -9.0 -9.00  988.5 1016.9 1018.9  716 1014.8 1537  5.4  7.4 12.5 -9.0 -9.00 -9.00   -9   -9.0   -9.0 -9.00   -9.0   -9   -9.0   -9   -9.0   -9   -9.0   -9   -9.0   -9 -99.0 -99.0 -99.0 -99.0 -99.0
20260914 245  1.8  1532  34  4.7 1359  36  7.3 1152  21.6  27.6 1302  16.9  612  16.7  25.8  13.1  75.5  51.0 1304  19.0   5.1   3.6 -9.00 1009.5 1017.5 1018.8    5 1015.8 1600  4.8  7.2 12.5 -9.0 18.19  2.99 1100   -9.0   -9.0 -9.00   -9.0   -9   -9.0   -9   -9.0   -9   -9.0   -9   -9.0   -9 -99.0 -99.0 -99.0 -99.0 -99.0
20260914 247  1.3  1129  29  3.0 1231  29  6.1 1600  21.8  29.1 1446  15.5  603  16.3  26.6  14.2  73.6  41.0 1348  18.5  -9.0  -9.0 -9.00 1001.2 1016.6 1018.6  704 1014.0 1535  5.8  8.7 12.5 -9.0 -9.00 -9.00   -9   -9.0   -9.0 -9.00   -9.0   -9   -9.0   -9   -9.0   -9   -9.0   -9   -9.0   -9 -99.0 -99.0 -99.0 -99.0 -99.0
20260914 248  1.2  1000  36  3.7 1557  36  6.3 1656  19.0  26.7 1430  12.2  627  13.9  24.2  10.2  76.9  39.0 1221  16.0  -9.0  -9.0 -9.00  970.7 1017.5 1019.9  640 1014.5 1537  5.5  7.3 12.5 -9.0 -9.00 -9.00   -9   -9.0   -9.0 -9.00   -9.0   -9   -9.0   -9   -9.0   -9   -9.0   -9   -9.0   -9 -99.0 -99.0 -99.0 -99.0 -99.0
20260914 251 -9.0    -9  34  4.4 1248  34  7.6 1246 -99.0  27.7 1235  15.5  557 -99.0 -99.0  15.7  -9.0  51.0 1243  -9.0   1.6   1.1 -9.00   -9.0   -9.0 1018.6  645 1016.6 1221  4.8 -9.0 12.5 -9.0 -9.00  2.68 1100   -9.0   -9.0 -9.00   -9.0   -9   -9.0   -9   -9.0   -9   -9.0   -9   -9.0   -9 -99.0 -99.0 -99.0 -99.0 -99.0
20260914 252  1.3  1138  34  4.6 1657  36  7.6 1639  21.1  27.9 1315  16.6  527  16.4  25.5  14.0  76.6  50.0 1508  18.7   5.1   3.6 -9.00 1013.0 1017.3 1018.6  801 1015.7 1553  4.8  8.1 12.5 -9.0 19.23  3.19 1200   -9.0   -9.0 -9.00   -9.0   -9   -9.0   -9   -9.0   -9   -9.0   -9   -9.0   -9 -99.0 -99.0 -99.0 -99.0 -99.0
20260914 253  1.4  1215  18  3.2 1505  14  5.7 1757  24.4  30.3 1251  21.1  559  17.1  29.4  19.3  65.8  40.0 1240  19.6   5.5   3.8 -9.00 1010.2 1016.5 1017.8  839 1014.7 1553  7.1  6.8 12.5 -9.0 18.44  3.17 1200   -9.0   -9.0 -9.00   -9.0   -9   -9.0   -9   -9.0   -9   -9.0   -9   -9.0   -9 -99.0 -99.0 -99.0 -99.0 -99.0
20260914 254  1.6  1355  32  5.5 1641  32  8.5 1634  21.4  29.1 1356  15.2  607  15.7  25.7  12.6  72.5  37.0 1231  17.8   5.8   4.1 -9.00 1002.3 1017.3 1019.2  701 1015.1 1522  6.5  7.9 12.5 -9.0 20.70  3.20 1100   -9.0   -9.0 -9.00   -9.0   -9   -9.0   -9   -9.0   -9   -9.0   -9   -9.0   -9 -99.0 -99.0 -99.0 -99.0 -99.0
20260914 255  1.2  1017  32  3.5 1211  32  6.4 1050  25.5  31.1 1522  21.4  531  16.0  26.5  17.2  59.0  31.0 1527  18.4   5.8   4.1 -9.00 1009.4 1015.3 1016.9  738 1013.1 1524  5.8  8.3 12.5 -9.0 18.83  2.60 1300   -9.0   -9.0 -9.00   -9.0   -9   -9.0   -9   -9.0   -9   -9.0   -9   -9.0   -9 -99.0 -99.0 -99.0 -99.0 -99.0
20260914 257  1.7  1447  11  4.1 1647  14  9.1 1726  25.4  31.4 1355  21.1  603  16.9  30.3  18.7  63.0  28.0 1147  19.4   6.4   4.5 -9.00 1014.8 1015.5 1016.8  916 1013.4 1549  7.5  7.3 12.5 -9.0 19.90  3.04 1200   -9.0   -9.0 -9.00   -9.0   -9   -9.0   -9   -9.0   -9   -9.0   -9   -9.0   -9 -99.0 -99.0 -99.0 -99.0 -99.0
20260914 258  3.0  2553  32  5.3  545  36  7.9 1217  23.5  29.7 1441  18.5  608  15.7  24.1  16.6  65.5  33.0 1500  18.0   6.4   4.5 -9.00 1016.3 1016.5 1018.0  744 1014.5 1546  4.1  9.2 12.5 -9.0 21.52  3.24 1200   -9.0   -9.0 -9.00   -9.0   -9   -9.0   -9   -9.0   -9   -9.0   -9   -9.0   -9 -99.0 -99.0 -99.0 -99.0 -99.0
20260914 259  1.5  1332  32  3.4 1845  34  6.1 1930  23.4  29.8 1601  18.1  300  16.7  26.9  15.4  68.5  45.0 1152  19.0   6.1   4.2 -9.00 1014.5 1016.4 1018.0    1 1014.3 1548  5.5  8.6 12.5 -9.0 21.34  2.93 1300   -9.0   -9.0 -9.00   -9.0   -9   -9.0   -9   -9.0   -9   -9.0   -9   -9.0   -9 -99.0 -99.0 -99.0 -99.0 -99.0
20260914 260  2.0  1731  36  4.3 1324   5  7.1 1054  23.2  29.9 1527  16.7  521  16.7  27.0  15.5  70.1  40.0 1115  19.1  -9.0  -9.0 -9.00 1011.3 1016.4 1018.1    1 1014.2 1542  4.9  9.5 12.5 -9.0 -9.00 -9.00   -9   -9.0   -9.0 -9.00   -9.0   -9   -9.0   -9   -9.0   -9   -9.0   -9   -9.0   -9 -99.0 -99.0 -99.0 -99.0 -99.0
20260914 261  2.8  2407  32  5.5 1833  32 13.8 1524  23.1  29.4 1418  17.3  222  18.4  27.4  15.4  76.3  54.0 1420  21.3  -9.0  -9.0 -9.00 1015.2 1017.1 1018.6    7 1015.1 1523  4.8  9.3 12.5 -9.0 -9.00 -9.00   -9   -9.0   -9.0 -9.00   -9.0   -9   -9.0   -9   -9.0   -9   -9.0   -9   -9.0   -9 -99.0 -99.0 -99.0 -99.0 -99.0
20260914 262  1.3  1147  32  4.3 1249   7  7.9  909  22.6  30.7 1633  16.2  517  15.1  27.1  17.1  66.6  28.0 1549  17.2   6.0   4.2 -9.00 1010.1 1016.2 1017.7    1 1014.2 1539  4.1  9.5 12.5 -9.0 20.45  3.02 1200   -9.0   -9.0 -9.00   -9.0   -9   -9.0   -9   -9.0   -9   -9.0   -9   -9.0   -9 -99.0 -99.0 -99.0 -99.0 -99.0
20260914 263  1.3  1149  34  4.2 1221  36  6.3 1221  22.1  28.8 1606  17.1  627  16.2  29.1  15.3  72.6  36.0 1450  18.4   5.6   3.9 -9.00 1014.3 1015.9 1017.6  703 1013.9 1613  5.8  9.0 12.5 -9.0 20.56  3.06 1100   -9.0   -9.0 -9.00   -9.0   -9   -9.0   -9   -9.0   -9   -9.0   -9   -9.0   -9 -99.0 -99.0 -99.0 -99.0 -99.0
20260914 264  0.8   667  34  2.9 1603  32  5.0 1558  21.7  30.1 1507  14.5  627  15.8  27.1  12.7  73.6  34.0 1508  18.0   5.2   3.7 -9.00  998.9 1016.5 1018.9  723 1013.6 1538  6.1  6.9 12.5 -9.0 20.25  2.82 1200   -9.0   -9.0 -9.00   -9.0   -9   -9.0   -9   -9.0   -9   -9.0   -9   -9.0   -9 -99.0 -99.0 -99.0 -99.0 -99.0
20260914 266  1.1   937  23  2.6 1426  29  5.3 1903  24.4  30.1 1647  19.1  629  15.7  32.1  17.3  59.6  37.0 1306  17.8   6.0   4.2 -9.00 1006.1 1016.2 1017.8  656 1014.3 1544  4.8  9.6 12.5 -9.0 21.32  3.27 1200   -9.0   -9.0 -9.00   -9.0   -9   -9.0   -9   -9.0   -9   -9.0   -9   -9.0   -9 -99.0 -99.0 -99.0 -99.0 -99.0
20260914 268  2.7  2371  34  5.3 1622  32  9.8 1522  22.5  27.5 1414  17.6  150  17.6  25.5  16.1  75.1  52.0 1510  20.1  -9.0  -9.0 -9.00 1014.8 1015.9 1017.6    1 1014.2 1541  5.0  7.3 12.5 -9.0 -9.00 -9.00   -9   -9.0   -9.0 -9.00   -9.0   -9   -9.0   -9   -9.0   -9   -9.0   -9   -9.0   -9 -99.0 -99.0 -99.0 -99.0 -99.0
20260914 271  0.9   752  25  2.6 1256  23  4.6 1254  17.9  27.5 1309  11.3  635  13.5  22.5   8.6  78.9  34.0 1312  15.6  -9.0  -9.0 -9.00  979.9 1017.5 1019.7  655 1014.9 1607  6.0  6.5 12.5 -9.0 -9.00 -9.00   -9   -9.0   -9.0 -9.00   -9.0   -9   -9.0   -9   -9.0   -9   -9.0   -9   -9.0   -9 -99.0 -99.0 -99.0 -99.0 -99.0
20260914 272  1.6  1377  32  4.9 1646  32  8.1 1638  18.7  26.7 1236  12.8  459  13.6  23.3   9.3  75.5  34.0 1245  15.6  -9.0  -9.0 -9.00  992.4 1017.1 1018.5  731 1014.8 1559  4.5  5.7 12.5 -9.0 -9.00 -9.00   -9   -9.0   -9.0 -9.00   -9.0   -9   -9.0   -9   -9.0   -9   -9.0   -9   -9.0   -9 -99.0 -99.0 -99.0 -99.0 -99.0
20260914 273  1.2  1053  29  3.0 1646  27  5.9 1640  20.6  27.9 1238  14.8  519  15.2  24.1  11.2  73.6  39.0 1248  17.3  -9.0  -9.0 -9.00  996.3 1016.3 1017.8  709 1014.5 1539  4.5  6.4 12.5 -9.0 -9.00 -9.00   -9   -9.0   -9.0 -9.00   -9.0   -9   -9.0   -9   -9.0   -9   -9.0   -9   -9.0   -9 -99.0 -99.0 -99.0 -99.0 -99.0
20260914 276  1.1   927  14  4.3 1619  14  7.1 1638  21.1  29.4 1507  15.0 2359  15.9  28.0  11.5  76.5  38.0 1355  18.1   5.6   3.9 -9.00  992.0 1016.0 1017.8  720 1013.1 1527  6.0  7.9 12.5 -9.0 20.94  3.17 1300   -9.0   -9.0 -9.00   -9.0   -9   -9.0   -9   -9.0   -9   -9.0   -9   -9.0   -9 -99.0 -99.0 -99.0 -99.0 -99.0
20260914 277  2.1  1778   5  6.0 1559   2  9.5 1552  21.9  27.4 1153  18.0 2353  14.3  28.6  15.7  64.3  32.0 1026  16.4  -9.0  -9.0 -9.00 1011.7 1016.5 1017.4 1000 1015.6 1539  5.6  7.3 12.5 -9.0 -9.00 -9.00   -9   -9.0   -9.0 -9.00   -9.0   -9   -9.0   -9   -9.0   -9   -9.0   -9   -9.0   -9 -99.0 -99.0 -99.0 -99.0 -99.0
20260914 278  0.7   633  27  2.5 1533  32  5.7 1611  21.5  28.7 1417  16.0  637  16.0  28.5  12.6  74.3  35.0 1557  18.2  -9.0  -9.0 -9.00 1006.3 1015.8 1017.6  703 1013.4 1551  5.8  7.0 12.5 -9.0 -9.00 -9.00   -9   -9.0   -9.0 -9.00   -9.0   -9   -9.0   -9   -9.0   -9   -9.0   -9   -9.0   -9 -99.0 -99.0 -99.0 -99.0 -99.0
20260914 279  1.2  1018  29  3.0 1141  32  5.5 1616  23.2  30.2 1451  18.4 2332  15.1  30.2  14.6  63.0  30.0 1319  17.2   5.3   3.7 -9.00 1010.6 1016.2 1018.0  723 1014.1 1527  4.1  7.5 12.5 -9.0 18.44  3.05 1200   -9.0   -9.0 -9.00   -9.0   -9   -9.0   -9   -9.0   -9   -9.0   -9   -9.0   -9 -99.0 -99.0 -99.0 -99.0 -99.0
20260914 281  1.3  1097  11  3.1 1604  14  5.7 1545  22.6  28.9 1519  18.3  342  14.2  28.2  15.6  62.3  31.0 1520  16.3  -9.0  -9.0 -9.00 1005.7 1016.8 1018.3  706 1014.7 1529  6.4  7.0 12.5 -9.0 -9.00 -9.00   -9   -9.0   -9.0 -9.00   -9.0   -9   -9.0   -9   -9.0   -9   -9.0   -9   -9.0   -9 -99.0 -99.0 -99.0 -99.0 -99.0
20260914 283  2.1  1819  29  4.1  610  29  6.5  610  23.1  29.2 1248  18.4  409  15.2  25.8  16.4  64.0  31.0 1251  17.4   5.9   4.1 -9.00 1011.8 1016.5 1017.8  740 1014.7 1544  8.3  5.4 12.5 -9.0 18.57  3.27 1100   -9.0   -9.0 -9.00   -9.0   -9   -9.0   -9   -9.0   -9   -9.0   -9   -9.0   -9 -99.0 -99.0 -99.0 -99.0 -99.0
20260914 284  1.5  1274   5  3.4 1715   5  6.2 1709  21.5  30.0 1405  14.8  629  14.8  26.7  11.8  70.0  30.0 1436  17.0   5.5   3.8 -9.00  990.1 1016.4 1018.6  658 1013.4 1532  5.6  8.3 12.5 -9.0 19.95  3.04 1200   -9.0   -9.0 -9.00   -9.0   -9   -9.0   -9   -9.0   -9   -9.0   -9   -9.0   -9 -99.0 -99.0 -99.0 -99.0 -99.0
20260914 285  0.8   675  11  2.4 1448   9  4.6 1136  22.8  30.2 1420  17.9  630  16.3  29.9  15.9  70.8  30.0 1255  18.6  -9.0  -9.0 -9.00 1013.3 1016.4 1018.2  718 1014.3 1552  5.0  9.2 12.5 -9.0 -9.00 -9.00   -9   -9.0   -9.0 -9.00   -9.0   -9   -9.0   -9   -9.0   -9   -9.0   -9   -9.0   -9 -99.0 -99.0 -99.0 -99.0 -99.0
20260914 288  1.4  1226  32  3.2 1252   5  6.6 1539  24.8  31.2 1538  19.0  518  15.5  26.4  19.7  59.3  31.0 1249  17.6   6.4   4.5 -9.00 1013.3 1014.3 1015.8  848 1012.0 1611  7.0  9.4 12.5 -9.0 21.02  3.29 1200   -9.0   -9.0 -9.00   -9.0   -9   -9.0   -9   -9.0   -9   -9.0   -9   -9.0   -9 -99.0 -99.0 -99.0 -99.0 -99.0
20260914 289  1.0   830  27  3.7 1236  27  6.4 1319  22.0  29.4 1408  16.0  651  16.1  27.7  14.3  72.5  32.0 1353  18.3  -9.0  -9.0 -9.00 1001.2 1017.2 1019.2  712 1014.7 1545  6.1  7.2 12.5 -9.0 -9.00 -9.00   -9   -9.0   -9.0 -9.00   -9.0   -9   -9.0   -9   -9.0   -9   -9.0   -9   -9.0   -9 -99.0 -99.0 -99.0 -99.0 -99.0
20260914 294  1.2  1004  32  2.9  938  32  5.8 1014  24.0  28.7 1328  20.6  611  16.5  28.3  17.5  65.3  37.0 1242  18.9  -9.0  -9.0 -9.00 1011.3 1016.5 1017.9  923 1015.0 1543  5.1 10.4 12.5 -9.0 -9.00 -9.00   -9   -9.0   -9.0 -9.00   -9.0   -9   -9.0   -9   -9.0   -9   -9.0   -9   -9.0   -9 -99.0 -99.0 -99.0 -99.0 -99.0
20260914 295  1.1   954  34  2.2  907  36  4.1  905  23.8  29.3 1426  19.5  343  15.5  29.1  16.2  63.1  30.0 1505  17.8  -9.0  -9.0 -9.00 1010.8 1016.1 1017.8  932 1014.3 1552  5.3 11.2 12.5 -9.0 -9.00 -9.00   -9   -9.0   -9.0 -9.00   -9.0   -9   -9.0   -9   -9.0   -9   -9.0   -9   -9.0   -9 -99.0 -99.0 -99.0 -99.0 -99.0
20260914 296  1.5  1317   9  3.6 1611   9  6.6 1616  25.1  31.1 1340  21.0  614  17.6  27.8  18.6  66.4  33.0 1352  20.3   6.1   4.3 -9.00 1014.5 1014.8 1016.0  739 1012.9 1552  7.0  7.6 12.5 -9.0 20.26  3.17 1200   -9.0   -9.0 -9.00   -9.0   -9   -9.0   -9   -9.0   -9   -9.0   -9   -9.0   -9 -99.0 -99.0 -99.0 -99.0 -99.0
20260915  90  2.4  2053  14  6.4 1402  14  9.0 1401  20.7  25.3 1407  16.5  602  16.6  27.3  16.4  78.6  60.0 1433  18.9   5.9   4.1 -9.00 1015.2 1017.3 1018.3 2112 1015.8 1409  1.3  9.8 12.5 -9.0 21.53  3.02 1200   -9.0   -9.0 -9.00   -9.0   -9   -9.0   -9   -9.0   -9   -9.0   -9   -9.0   -9 -99.0 -99.0 -99.0 -99.0 -99.0
20260915  93  0.7   635  20  2.6 1224  16  5.4 1423  17.7  26.5 1518  11.6  535  11.5  23.3   8.6  73.6  28.0 1649  13.7   6.0   4.2 -9.00 1006.9 1018.2 1019.6  751 1015.9 1506  1.0  9.3 12.5 -9.0 21.65  3.13 1200   -9.0   -9.0 -9.00   -9.0   -9   -9.0   -9   -9.0   -9   -9.0   -9   -9.0   -9  23.2  23.8  24.2  23.1  20.0
20260915  95  0.8   673  25  2.3 1356  25  6.0 1328  16.7  25.7 1424   8.5  613   9.0  22.2   7.5  68.6  25.0 1516  11.6   6.1   4.3 -9.00 1000.2 1018.6 1020.3  803 1016.4 1510  0.0 11.6 12.5 -9.0 23.52  3.18 1200   -9.0   -9.0 -9.00   -9.0   -9   -9.0   -9   -9.0   -9   -9.0   -9   -9.0   -9 -99.0 -99.0 -99.0 -99.0 -99.0
20260915  98  0.6   516   9  1.6 1143  36  4.4 1359  18.3  26.7 1404  10.6  618   8.9  24.1   5.9  58.9  25.0 1254  11.4   6.1   4.2 -9.00 1004.3 1017.9 1019.4  812 1016.1 1652  0.0 10.7 12.5 -9.0 22.57  3.15 1200   -9.0   -9.0 -9.00   -9.0   -9   -9.0   -9   -9.0   -9   -9.0   -9   -9.0   -9 -99.0 -99.0 -99.0 -99.0 -99.0
20260915  99  0.6   533   9  1.9  950  20  4.1 1328  17.3  26.1 1458   9.6  658  11.0  20.8   7.7  71.5  35.0 1506  13.2   5.6   3.9 -9.00 1014.9 1018.5 1019.9  757 1016.8 1642  0.0 10.9 12.5 -9.0 22.62  3.09 1200   -9.0   -9.0 -9.00   -9.0   -9   -9.0   -9   -9.0   -9   -9.0   -9   -9.0   -9 -99.0 -99.0 -99.0 -99.0 -99.0
20260915 100  1.0   892  25  3.5 1346  25  6.5 1330  15.0  23.2 1329   9.5 2349  11.3  19.5   7.5  82.8  40.0 1432  13.5   5.3   3.7 -9.00  930.1 1018.0 1020.9 2348 1014.0 1422  0.5  9.2 12.5 -9.0 21.90  3.21 1200   -9.0   -9.0 -9.00   -9.0   -9   -9.0   -9   -9.0   -9   -9.0   -9   -9.0   -9 -99.0 -99.0 -99.0 -99.0 -99.0
20260915 101  1.1   944  23  2.8 1624  20  5.0 1456  18.5  27.5 1515  12.6  405  11.4  21.7   7.6  69.0  28.0 1557  13.6   6.0   4.2 -9.00 1008.0 1016.9 1018.4  750 1014.4 1517  0.1  8.4 12.5 -9.0 20.63  3.09 1200   -9.0   -9.0 -9.00   -9.0   -9   -9.0   -9   -9.0   -9   -9.0   -9   -9.0   -9  23.8  24.2  23.9  20.5  16.9
20260915 102  2.5  2168  32  5.5 1607  34  7.8 1341  19.4  23.3 1057  16.2  353  13.8  21.2  10.1  70.8  36.0  957  15.8   6.5   4.5 -9.00 1013.2 1017.5 1018.9 1016 1016.4 1814  0.0 11.8 12.5 -9.0 24.29  3.26 1200   -9.0   -9.0 -9.00   -9.0   -9   -9.0   -9   -9.0   -9   -9.0   -9   -9.0   -9 -99.0 -99.0 -99.0 -99.0 -99.0
20260915 104  1.4  1175  11  4.9 1308  14  8.0 1304  20.6  25.5 1536  16.2  617  17.8  24.3  14.1  85.3  68.0 1538  20.4   5.2   3.6 -9.00 1007.6 1016.4 1017.5 2122 1014.6 1524  0.8 10.9 12.5 -9.0 21.93  3.02 1100   -9.0   -9.0 -9.00   -9.0   -9   -9.0   -9   -9.0   -9   -9.0   -9   -9.0   -9  22.5  23.2  23.5  20.9  16.4
20260915 105  2.1  1788  14  4.5 1158  11  8.2 1127  21.6  26.3 1455  17.4  537  16.2  25.5  15.8  72.8  56.0 1456  18.5   5.7   4.0 -9.00 1014.0 1017.1 1018.1  759 1015.4 1525  1.1 10.7 12.5 -9.0 20.60  2.87 1200   -9.0   -9.0 -9.00   -9.0   -9   -9.0   -9   -9.0   -9   -9.0   -9   -9.0   -9  23.1  23.4  24.3  20.8  17.7
20260915 106  2.2  1869  14  5.0 1627  16  8.2 1551  21.2  26.4 1211  17.8  634  17.2  26.0  15.2  79.6  57.0 1346  19.6   5.5   3.8 -9.00 1012.7 1017.5 1018.3 1022 1016.2 1544  1.0  9.4 12.5 -9.0 21.02  3.03 1200    0.0   -9.0 -9.00    0.0   -9    0.0   -9   -9.0   -9   -9.0   -9   -9.0   -9 -99.0 -99.0 -99.0 -99.0 -99.0
20260915 108  1.7  1487  25  4.0 1501  32  6.7 1531  20.4  26.7 1534  14.6  640   9.0  23.3   6.0  51.0  27.0 1326  11.6   7.7   5.4 -9.00 1007.6 1017.6 1018.8  756 1016.1 1631  0.0 11.8 12.5 -9.0 24.29  3.28 1200   -9.0   -9.0 -9.00   -9.0   -9   -9.0   -9   -9.0   -9   -9.0   -9   -9.0   -9  23.9  24.2  24.8  21.7  17.2
20260915 112  2.1  1838  11  3.6   11  29  6.8  105  20.9  25.8 1536  16.2  501  11.0  24.5   9.4  55.4  27.0 1155  13.3   6.8   4.8 -9.00 1009.6 1017.7 1018.9 1003 1016.4 1642  0.0 11.0 12.5 -9.0 23.36  3.20 1200   -9.0   -9.0 -9.00   -9.0   -9   -9.0   -9   -9.0   -9   -9.0   -9   -9.0   -9  23.3  23.6  23.4  21.2  16.9
20260915 114  1.1   971  32  3.0 1625  27  5.4 1433  19.5  26.9 1456  14.4 2358  11.6  24.4   9.1  65.8  25.0 1715  13.9   6.1   4.3 -9.00  999.8 1017.4 1018.8 2355 1015.2 1531  0.6  9.2 12.5 -9.0 21.65  3.02 1200   -9.0   -9.0 -9.00   -9.0   -9   -9.0   -9   -9.0   -9   -9.0   -9   -9.0   -9 -99.0 -99.0 -99.0 -99.0 -99.0
20260915 115  3.3  2827   5  6.1  409   2 10.2   10  21.2  24.7 1158  19.0 2358  15.8  24.1  -9.0  71.6  66.0 1233  18.0   4.5   3.2 -9.00  992.0 1017.5 1018.6 2205 1016.7  144  2.4  7.8 12.5 -9.0 16.18  2.43 1100   -9.0   -9.0 -9.00   -9.0   -9   -9.0   -9   -9.0   -9   -9.0   -9   -9.0   -9  23.3  23.0  22.3  16.8  14.8
20260915 119  1.5  1297  27  3.7 1821  29  6.4 1551  19.1  26.4 1530  12.4  626  10.5  25.0   9.0  62.4  24.0 1247  12.8   6.9   4.8 -9.00 1012.6 1017.3 1018.4  727 1015.8 1614  0.0 11.7 12.4 -9.0 23.26  3.17 1200   -9.0   -9.0 -9.00   -9.0   -9   -9.0   -9   -9.0   -9   -9.0   -9   -9.0   -9  23.5  23.9  23.7  20.8  17.5
20260915 121  0.8   726  29  2.4 1216  32  5.1 1312  19.0  28.6 1442  13.1 2344  13.7  22.7  15.6  75.9  32.0 1302  15.8   5.3   3.7 -9.00  990.0 1018.0 1020.0 2353 1014.9 1442  1.5  7.7 12.5 -9.0 19.56  3.20 1200   -9.0   -9.0 -9.00   -9.0   -9   -9.0   -9   -9.0   -9   -9.0   -9   -9.0   -9 -99.0 -99.0 -99.0 -99.0 -99.0
20260915 127  0.8   715  25  2.6 1419  25  5.7 1414  19.4  26.9 1427  12.8 2352  13.0  24.7  11.8  70.9  31.0 1714  15.2   5.2   3.7 -9.00 1003.3 1016.8 1018.1 2328 1014.8 1556  0.8  8.8 12.5 -9.0 19.86  3.00 1100   -9.0   -9.0 -9.00   -9.0   -9   -9.0   -9   -9.0   -9   -9.0   -9   -9.0   -9 -99.0 -99.0 -99.0 -99.0 -99.0
20260915 129  1.4  1242  25  5.0 1536  25  7.5 1610  18.9  26.1 1311  12.7 2359  11.1  21.5   7.1  65.9  18.0 1257  13.3   7.0   4.9 -9.00 1014.9 1017.9 1019.0 1022 1017.0 1819  0.0 11.7 12.4 -9.0 23.83  3.27 1200   -9.0   -9.0 -9.00   -9.0   -9   -9.0   -9   -9.0   -9   -9.0   -9   -9.0   -9  23.1  23.9  23.8  21.0  17.9
20260915 130  1.7  1441  11  3.6 1347  11  5.4 1342  22.1  26.1 1046  18.5  601  17.6  27.5  16.7  77.1  55.0 1311  20.1  -9.0  -9.0 -9.00 1011.7 1017.4 1018.3 2323 1016.3 1510  2.4  8.8 12.5 -9.0 -9.00 -9.00   -9   -9.0   -9.0 -9.00   -9.0   -9   -9.0   -9   -9.0   -9   -9.0   -9   -9.0   -9 -99.0 -99.0 -99.0 -99.0 -99.0
20260915 131  1.2  1040  29  3.0 1750  27  6.3 1417  21.5  27.7 1403  16.5  610  11.3  24.7  13.6  54.9  25.0 1643  13.5   7.0   4.9 -9.00 1010.2 1017.0 1018.4 1003 1015.4 1613  0.1 10.5 12.4 -9.0 22.86  3.27 1200   -9.0   -9.0 -9.00   -9.0   -9   -9.0   -9   -9.0   -9   -9.0   -9   -9.0   -9 -99.0 -99.0 -99.0 -99.0 -99.0
20260915 133  1.3  1084  36  2.9 1546   2  6.3 1721  20.9  27.6 1421  15.6  628  12.1  25.3  12.8  59.8  34.0 1613  14.2   6.3   4.4 -9.00 1009.5 1017.4 1018.5  841 1015.7 1558  1.1 11.2 12.4 -9.0 22.60  3.12 1200   -9.0   -9.0 -9.00   -9.0   -9   -9.0   -9   -9.0   -9   -9.0   -9   -9.0   -9  26.2  26.3  25.9  23.6  19.4
20260915 135  0.6   561   5  3.2 1110   5  4.6 1106  19.2  26.6 1520  13.6 2342  13.6  24.2  11.0  73.5  38.0 1446  15.7   4.8   3.4 -9.00  988.4 1016.8 1018.4 2329 1014.4 1613  1.6  9.2 12.4 -9.0 19.52  3.17 1200   -9.0   -9.0 -9.00   -9.0   -9   -9.0   -9   -9.0   -9   -9.0   -9   -9.0   -9 -99.0 -99.0 -99.0 -99.0 -99.0
20260915 136  1.0   835  11  3.5 1926  11  5.6 1920  21.3  28.3 1500  14.3  632  14.7  28.6  13.2  69.4  31.0 1524  16.8   6.2   4.3 -9.00 1001.3 1017.7 1019.2  718 1015.4 1538  1.1 11.2 12.4 -9.0 22.95  3.12 1200   -9.0   -9.0 -9.00   -9.0   -9   -9.0   -9   -9.0   -9   -9.0   -9   -9.0   -9 -99.0 -99.0 -99.0 -99.0 -99.0
20260915 137  0.4   384  23  1.5 1344  11  3.1 1211  20.2  28.3 1427  15.1  558  15.4  26.1  12.1  77.3  35.0 1600  17.6   5.4   3.8 -9.00 1004.9 1016.2 1017.5  735 1013.9 1623  1.4 10.2 12.4 -9.0 21.51  3.14 1200   -9.0   -9.0 -9.00   -9.0   -9   -9.0   -9   -9.0   -9   -9.0   -9   -9.0   -9 -99.0 -99.0 -99.0 -99.0 -99.0
20260915 138  2.1  1773   5  4.5 1051   2  6.8  905  23.9  27.2 1326  20.6  539  16.9  28.8  17.7  65.3  54.0 1328  19.2   6.2   4.4 -9.00 1015.5 1016.0 1017.1 2123 1015.1 1525  5.3  9.4 12.4 -9.0 21.73  3.26 1200   -9.0   -9.0 -9.00   -9.0   -9   -9.0   -9   -9.0   -9   -9.0   -9   -9.0   -9  24.5  23.3  22.8  20.1  17.6
20260915 140  1.7  1491  29  5.8 1505  29  8.3 1458  20.0  26.4 1357  14.3  600  13.9  25.5  10.1  69.9  47.0 1300  16.0  -9.0  -9.0 -9.00 1014.8 1018.0 1019.3  859 1016.7 1601  0.8 10.9 12.4 -9.0 -9.00 -9.00   -9   -9.0   -9.0 -9.00   -9.0   -9   -9.0   -9   -9.0   -9   -9.0   -9   -9.0   -9 -99.0 -99.0 -99.0 -99.0 -99.0
20260915 143  1.4  1214   9  4.3 1945  11  6.4 1931  22.5  29.1 1343  17.1  620  15.0  27.0  13.8  64.4  35.0 1554  17.0   5.1   3.6 -9.00 1010.4 1016.7 1018.0  749 1014.4 1600  5.0  8.2 12.4 -9.0 16.98  3.04 1300   -9.0   -9.0 -9.00   -9.0   -9   -9.0   -9   -9.0   -9   -9.0   -9   -9.0   -9 -99.0 -99.0 -99.0 -99.0 -99.0
20260915 146  1.6  1364  32  4.3 1557  27  6.7 1738  22.0  28.2 1506  16.8  623  14.7  25.0  12.8  65.0  37.0 1628  16.7   6.3   4.4 -9.00 1009.9 1016.9 1018.2 1002 1015.2 1532  3.5 10.4 12.4 -9.0 21.11  3.02 1200   -9.0   -9.0 -9.00   -9.0   -9   -9.0   -9   -9.0   -9   -9.0   -9   -9.0   -9 -99.0 -99.0 -99.0 -99.0 -99.0
20260915 152  2.1  1816  11  5.3 1300   9  9.8 1320  22.5  26.0 1142  19.5  340  16.9  27.3  17.9  71.6  55.0 1417  19.2   5.0   3.5 -9.00 1006.2 1015.6 1016.9 2210 1014.5 1508  5.9  8.7 12.4 -9.0 18.97  2.84 1200   -9.0   -9.0 -9.00   -9.0   -9   -9.0   -9   -9.0   -9   -9.0   -9   -9.0   -9 -99.0 -99.0 -99.0 -99.0 -99.0
20260915 155  1.6  1373  14  4.5 1526  20  7.8 1546  24.0  29.5 1457  19.6  554  17.0  28.2  16.3  66.9  39.0 1500  19.5   5.6   3.9 -9.00 1011.8 1015.9 1016.9 2154 1014.5 1442  4.4  9.8 12.4 -9.0 19.81  3.03 1200   -9.0   -9.0 -9.00   -9.0   -9   -9.0   -9   -9.0   -9   -9.0   -9   -9.0   -9 -99.0 -99.0 -99.0 -99.0 -99.0
20260915 156  1.3  1140  36  3.5 1240  32  7.3 1657  22.6  28.8 1432  17.9  556  14.6  27.7  13.0  62.6  39.0 1319  16.7  -9.0  -9.0 -9.00 1008.4 1016.5 1017.8  945 1014.6 1555  4.1  9.5 12.4 -9.0 -9.00 -9.00   -9   -9.0   -9.0 -9.00   -9.0   -9   -9.0   -9   -9.0   -9   -9.0   -9   -9.0   -9 -99.0 -99.0 -99.0 -99.0 -99.0
20260915 159  1.4  1173  14  3.8 1437  16  9.1 1345  24.6  29.6 1207  21.8  457  17.4  27.0  18.0  64.9  47.0 1107  19.9   4.6   3.3 -9.00 1007.2 1015.2 1016.3 2203 1014.2 1346  7.1  6.9 12.4 -9.0 17.03  2.81 1000   -9.0   -9.0 -9.00   -9.0   -9   -9.0   -9   -9.0   -9   -9.0   -9   -9.0   -9  26.4  26.5  26.0  21.5  19.6
20260915 162  2.1  1810  18  4.6 1502  20  7.0 1456  23.8  29.6 1439  19.8  551  17.2  26.2  15.7  67.9  34.0 1438  19.6   5.7   4.0 -9.00 1011.3 1014.9 1016.0 2224 1013.6 1443  4.6  8.8 12.4 -9.0 19.50  3.03 1200   -9.0   -9.0 -9.00   -9.0   -9   -9.0   -9   -9.0   -9   -9.0   -9   -9.0   -9 -99.0 -99.0 -99.0 -99.0 -99.0
20260915 165  4.1  3535  32  7.4 1443   2 10.6 1749  21.8  25.9 1310  18.5  630  15.1  26.8  13.2  66.9  47.0 1417  17.2   6.9   4.9 -9.00 1011.9 1017.1 1018.2 1023 1015.9 1440  4.5 11.1 12.4 -9.0 22.41  3.14 1200   -9.0   -9.0 -9.00   -9.0   -9   -9.0   -9   -9.0   -9   -9.0   -9   -9.0   -9  25.9  25.2  25.2  22.6  19.2
20260915 168  2.6  2221   9  5.6  912   9  8.3  904  24.7  29.0 1602  22.2  619  16.8  28.1  21.3  62.8  44.0 1349  19.2   6.5   4.6 -9.00 1008.5 1016.0 1017.0  937 1014.9 1602  5.5 10.4 12.4 -9.0 21.69  3.08 1200   -9.0   -9.0 -9.00   -9.0   -9   -9.0   -9   -9.0   -9   -9.0   -9   -9.0   -9  27.2  26.4  25.6  21.9  18.1
20260915 169  6.9  6002  34  9.7    5  34 11.8   33  21.6  26.0 1223  18.9 2243  14.4  25.5  17.8  64.3  51.0 1139  16.4   7.8   5.5 -9.00 1008.8 1017.5 1018.7 1024 1016.6 1907  4.1 10.5 12.4 -9.0 23.93  3.36 1200   -9.0   -9.0 -9.00   -9.0   -9   -9.0   -9   -9.0   -9   -9.0   -9   -9.0   -9 -99.0 -99.0 -99.0 -99.0 -99.0
20260915 170  1.4  1207  29  3.2 1811  34  6.0 1811  22.9  29.2 1333  17.6  457  15.3  27.3  14.1  63.6  37.0 1529  17.4   6.4   4.5 -9.00 1012.6 1016.7 1017.7  921 1015.2 1700  5.1 10.8 12.4 -9.0 22.99  3.33 1200   -9.0   -9.0 -9.00   -9.0   -9   -9.0   -9   -9.0   -9   -9.0   -9   -9.0   -9 -99.0 -99.0 -99.0 -99.0 -99.0
20260915 172  1.8  1566  29  5.9 1521  29  9.0 1529  19.9  27.1 1332  14.4  546  15.2  24.6  11.5  78.3  42.0 1313  17.4   6.2   4.4 -9.00 1010.9 1017.0 1018.1  833 1015.7 1424  2.6 10.9 12.4 -9.0 22.50  3.11 1200   -9.0   -9.0 -9.00   -9.0   -9   -9.0   -9   -9.0   -9   -9.0   -9   -9.0   -9 -99.0 -99.0 -99.0 -99.0 -99.0
20260915 174  1.3  1112  27  3.1 1121  27  5.4 1150  21.0  27.7 1455  16.5  411  15.3  24.2  15.1  72.3  41.0 1341  17.4  -9.0  -9.0 -9.00  995.8 1014.9 1017.0 2342 1012.7 1624  5.5  7.8 12.4 -9.0 -9.00 -9.00   -9   -9.0   -9.0 -9.00   -9.0   -9   -9.0   -9   -9.0   -9   -9.0   -9   -9.0   -9 -99.0 -99.0 -99.0 -99.0 -99.0
20260915 177  1.5  1312   5  3.6 1408   5  7.1 1444  18.5  27.3 1511  11.6  607  11.8  24.6   9.9  69.3  27.0 1630  13.9   6.4   4.5 -9.00 1013.2 1016.4 1017.5  840 1015.1 1444  0.0 11.7 12.4 -9.0 23.68  3.16 1200   -9.0   -9.0 -9.00   -9.0   -9   -9.0   -9   -9.0   -9   -9.0   -9   -9.0   -9 -99.0 -99.0 -99.0 -99.0 -99.0
20260915 181  1.1   976  34  3.9 1733   2  6.4 1406  18.2  25.9 1448  12.6  603  11.7  22.6  11.0  69.8  27.0 1600  13.8   6.1   4.3 -9.00 1013.7 1017.6 1018.9  852 1016.1 1545  0.1 10.4 12.4 -9.0 22.61  3.17 1200   -9.0   -9.0 -9.00   -9.0   -9   -9.0   -9   -9.0   -9   -9.0   -9   -9.0   -9 -99.0 -99.0 -99.0 -99.0 -99.0
20260915 184  2.5  2162   2  4.0 1233   2  6.7 1205  24.5  28.5 1356  21.6  616  14.8  32.0  18.6  55.6  42.0 1527  16.9   6.0   4.2 -9.00 1013.9 1016.3 1017.4  845 1015.1 1814  5.1 10.5 12.4 -9.0 20.00  2.96 1200   -9.0    0.1 -9.00   -9.0   -9   -9.0   -9   -9.0   -9   -9.0   -9   -9.0   -9  28.4  27.5  27.3  24.6  20.4
20260915 185  6.4  5527  32  9.7  912  34 14.5  808  22.7  24.1 1550  21.5  641  15.3  27.5  19.2  63.3  54.0 1148  17.4   7.5   5.3 -9.00 1007.9 1016.1 1017.2 1023 1015.0 1628  3.8 11.2 12.4 -9.0 23.57  3.19 1200   -9.0   -9.0 -9.00   -9.0   -9   -9.0   -9   -9.0   -9   -9.0   -9   -9.0   -9 -99.0 -99.0 -99.0 -99.0 -99.0
20260915 188  2.7  2294  29  4.7 1034  32  9.4 1000  23.5  27.8 1331  20.6  532  15.2  28.2  18.5  61.1  40.0 1209  17.4  -9.0  -9.0 -9.00 1013.9 1016.3 1017.2 1039 1015.4 1637  4.0 10.5 12.4 -9.0 -9.00 -9.00   -9   -9.0   -9.0 -9.00   -9.0   -9   -9.0   -9   -9.0   -9   -9.0   -9   -9.0   -9 -99.0 -99.0 -99.0 -99.0 -99.0
20260915 189  1.6  1415  20  3.1 1356  25  6.1 1417  24.8  29.2 1503  21.4  556  15.8  31.7  19.1  57.8  46.0 1504  18.0   6.5   4.5 -9.00 1010.0 1016.0 1016.8 1020 1015.2 1805  5.5 10.2 12.4 -9.0 22.23  3.11 1200   -9.0   -9.0 -9.00   -9.0   -9   -9.0   -9   -9.0   -9   -9.0   -9   -9.0   -9 -99.0 -99.0 -99.0 -99.0 -99.0
20260915 192  0.6   477  14  1.7 1454  16  4.4 1848  20.9  28.0 1429  14.6  607  15.4  28.4  13.8  73.3  42.0 1434  17.5   5.2   3.6 -9.00 1012.7 1016.2 1017.3  750 1014.4 1622  4.3 10.3 12.4 -9.0 21.07  2.81 1300   -9.0   -9.0 -9.00   -9.0   -9   -9.0   -9   -9.0   -9   -9.0   -9   -9.0   -9 -99.0 -99.0 -99.0 -99.0 -99.0
20260915 201  1.6  1366  25  3.7 1654  34  9.0 1201  18.4  24.9 1412  11.0  552  11.9  22.4   5.2  69.0  33.0 1210  14.0  -9.0  -9.0 -9.00 1013.0 1018.6 1019.9 1021 1017.6 1516  0.0 11.6 12.5 -9.0 -9.00 -9.00   -9   -9.0   -9.0 -9.00   -9.0   -9   -9.0   -9   -9.0   -9   -9.0   -9   -9.0   -9 -99.0 -99.0 -99.0 -99.0 -99.0
20260915 202  0.8   716  29  2.5 1417  29  4.6 1534  18.6  26.8 1345  12.6  555  10.9  24.7   7.6  67.1  23.0 1336  13.2  -9.0  -9.0 -9.00 1012.4 1018.0 1019.3  933 1016.4 1517  0.0 11.4 12.5 -9.0 -9.00 -9.00   -9   -9.0   -9.0 -9.00   -9.0   -9   -9.0   -9   -9.0   -9   -9.0   -9   -9.0   -9 -99.0 -99.0 -99.0 -99.0 -99.0
20260915 203  0.6   508  20  2.5 1524  18  4.3 1325  18.7  27.9 1509  12.2  606  11.6  22.5   9.4  69.8  25.0 1553  13.8  -9.0  -9.0 -9.00 1008.9 1018.3 1019.5  754 1016.4 1515  0.1  9.5 12.4 -9.0 -9.00 -9.00   -9   -9.0   -9.0 -9.00   -9.0   -9   -9.0   -9   -9.0   -9   -9.0   -9   -9.0   -9 -99.0 -99.0 -99.0 -99.0 -99.0
20260915 211  1.2  1023  25  3.0 1213  25  4.8 1205  17.6  25.8 1508  12.3 2353  12.0  24.1   8.0  73.4  24.0 1551  14.1  -9.0  -9.0 -9.00  994.2 1017.8 1019.9 2356 1015.1 1501  1.8  7.1 12.5 -9.0 -9.00 -9.00   -9   -9.0   -9.0 -9.00   -9.0   -9   -9.0   -9   -9.0   -9   -9.0   -9   -9.0   -9 -99.0 -99.0 -99.0 -99.0 -99.0
20260915 212  0.8   678  29  2.4 1421  29  4.0 1601  18.2  26.7 1448  12.3 2400  11.7  23.8   8.5  71.6  26.0 1450  13.9  -9.0  -9.0 -9.00 1001.8 1018.3 1020.0 2358 1016.0 1455  1.5  7.7 12.5 -9.0 -9.00 -9.00   -9   -9.0   -9.0 -9.00   -9.0   -9   -9.0   -9   -9.0   -9   -9.0   -9   -9.0   -9 -99.0 -99.0 -99.0 -99.0 -99.0
20260915 216  1.0   846   2  3.5 1436   7  5.8 1517  16.5  25.4 1328  11.2  611  12.5  18.4  11.5  80.6  40.0 1200  14.6   4.5   3.1 -9.00  936.6 1017.9 1020.2 2400 1013.6 1328  0.9  6.2 12.4 -9.0 18.43  3.35 1200   -9.0   -9.0 -9.00   -9.0   -9   -9.0   -9   -9.0   -9   -9.0   -9   -9.0   -9 -99.0 -99.0 -99.0 -99.0 -99.0
20260915 217  1.1   960  18  3.7 1536  18  5.9 1527  18.6  26.6 1424  13.1 2358  13.1  24.2   9.8  74.1  35.0 1623  15.1  -9.0  -9.0 -9.00  981.5 1017.7 1020.0 2324 1014.4 1500  2.8  7.7 12.5 -9.0 -9.00 -9.00   -9   -9.0   -9.0 -9.00   -9.0   -9   -9.0   -9   -9.0   -9   -9.0   -9   -9.0   -9 -99.0 -99.0 -99.0 -99.0 -99.0
20260915 221  1.0   851  23  3.8 1519  23  6.8 1422  17.3  25.6 1403  10.1 2359  12.4  24.1   8.1  77.3  39.0 1654  14.5  -9.0  -9.0 -9.00  986.8 1017.8 1019.7 2346 1015.3 1459  0.9 10.9 12.5 -9.0 -9.00 -9.00   -9   -9.0   -9.0 -9.00   -9.0   -9   -9.0   -9   -9.0   -9   -9.0   -9   -9.0   -9 -99.0 -99.0 -99.0 -99.0 -99.0
20260915 226  0.7   631  34  3.0 1405  36  6.0 1403  19.1  26.9 1356  13.6 2351  14.4  24.2   9.3  77.9  43.0 1612  16.5  -9.0  -9.0 -9.00  997.5 1017.4 1018.8 2334 1015.5 1610  1.5  9.4 12.4 -9.0 -9.00 -9.00   -9   -9.0   -9.0 -9.00   -9.0   -9   -9.0   -9   -9.0   -9   -9.0   -9   -9.0   -9 -99.0 -99.0 -99.0 -99.0 -99.0
20260915 232  0.7   638  29  2.4 1208  36  5.3 1207  18.4  26.6 1455  12.3  614  12.0  23.7   9.3  73.1  26.0 1524  14.1  -9.0  -9.0 -9.00 1008.3 1018.3 1019.3  820 1016.7 1544  0.0 11.3 12.4 -9.0 -9.00 -9.00   -9   -9.0   -9.0 -9.00   -9.0   -9   -9.0   -9   -9.0   -9   -9.0   -9   -9.0   -9 -99.0 -99.0 -99.0 -99.0 -99.0
20260915 235  1.6  1392  36  3.1 1035   5  5.7 1000  20.2  29.3 1332  14.1  536  12.2  24.5  10.0  63.3  25.0 1416  14.3   6.9   4.8 -9.00 1015.7 1016.9 1018.0  901 1015.8 1528  0.5 10.8 12.4 -9.0 23.32  3.17 1200   -9.0   -9.0 -9.00   -9.0   -9   -9.0   -9   -9.0   -9   -9.0   -9   -9.0   -9 -99.0 -99.0 -99.0 -99.0 -99.0
20260915 236  1.1   948  27  3.0 1412  27  5.9 1256  19.8  28.1 1445  12.7  634  11.3  25.1  10.0  64.0  25.0 1610  13.5  -9.0  -9.0 -9.00 1016.1 1017.7 1019.0  848 1016.3 1549  0.6 11.4 12.4 -9.0 -9.00 -9.00   -9   -9.0   -9.0 -9.00   -9.0   -9   -9.0   -9   -9.0   -9   -9.0   -9   -9.0   -9 -99.0 -99.0 -99.0 -99.0 -99.0
20260915 238  0.6   523  27  2.3 1429  29  4.9 1436  20.1  27.5 1441  14.5 2359  14.4  25.6  11.4  73.5  42.0 1521  16.5  -9.0  -9.0 -9.00  996.9 1016.7 1018.1  836 1014.6 1600  2.9  9.5 12.4 -9.0 -9.00 -9.00   -9   -9.0   -9.0 -9.00   -9.0   -9   -9.0   -9   -9.0   -9   -9.0   -9   -9.0   -9 -99.0 -99.0 -99.0 -99.0 -99.0
20260915 239  1.0   905  34  2.9 1748  34  5.3 1457  19.4  26.9 1612  14.3  611  11.3  26.6  12.8  63.9  23.0 1628  13.5   6.3   4.4 -9.00 1006.4 1016.8 1018.0  801 1015.0 1544  0.1  9.5 12.4 -9.0 21.88  3.10 1200   -9.0   -9.0 -9.00   -9.0   -9   -9.0   -9   -9.0   -9   -9.0   -9   -9.0   -9 -99.0 -99.0 -99.0 -99.0 -99.0
20260915 243  1.1   986  29  4.0 1406  29  7.4 1404  20.4  26.9 1248  15.3  627  13.7  24.5  12.0  68.3  39.0 1257  15.7  -9.0  -9.0 -9.00 1016.1 1017.6 1018.8  950 1016.4 1556  1.3 10.4 12.4 -9.0 -9.00 -9.00   -9   -9.0   -9.0 -9.00   -9.0   -9   -9.0   -9   -9.0   -9   -9.0   -9   -9.0   -9 -99.0 -99.0 -99.0 -99.0 -99.0
20260915 244  0.9   780  36  2.3 1754  34  5.3 1749  20.2  27.1 1506  15.0  620  14.6  23.1  13.5  72.6  47.0 1503  16.6  -9.0  -9.0 -9.00  988.1 1016.7 1017.9  700 1014.5 1528  4.5  8.7 12.4 -9.0 -9.00 -9.00   -9   -9.0   -9.0 -9.00   -9.0   -9   -9.0   -9   -9.0   -9   -9.0   -9   -9.0   -9 -99.0 -99.0 -99.0 -99.0 -99.0
20260915 245  1.6  1396  32  5.2 1507  32  8.2 1507  20.6  27.1 1414  15.7  608  14.0  27.5  12.9  69.0  41.0 1431  16.1   6.3   4.4 -9.00 1009.2 1017.2 1018.5 1024 1015.8 1433  2.8 11.0 12.4 -9.0 22.30  3.10 1200   -9.0   -9.0 -9.00   -9.0   -9   -9.0   -9   -9.0   -9   -9.0   -9   -9.0   -9 -99.0 -99.0 -99.0 -99.0 -99.0
20260915 247  1.2  1079  29  3.1 1559  29  5.5 1355  21.5  28.5 1442  16.1  601  15.8  26.4  14.9  72.5  48.0 1341  18.0  -9.0  -9.0 -9.00 1000.8 1016.3 1017.7  719 1014.3 1451  4.5  8.7 12.4 -9.0 -9.00 -9.00   -9   -9.0   -9.0 -9.00   -9.0   -9   -9.0   -9   -9.0   -9   -9.0   -9   -9.0   -9 -99.0 -99.0 -99.0 -99.0 -99.0
20260915 248  0.8   701  32  2.9 1629  36  5.1 1310  18.6  26.3 1442  13.6  345  14.5  24.2  11.8  81.0  43.0 1447  16.6  -9.0  -9.0 -9.00  970.3 1017.1 1018.8  723 1014.3 1529  4.9  7.8 12.4 -9.0 -9.00 -9.00   -9   -9.0   -9.0 -9.00   -9.0   -9   -9.0   -9   -9.0   -9   -9.0   -9   -9.0   -9 -99.0 -99.0 -99.0 -99.0 -99.0
20260915 251 -9.0    -9  34  4.0 1439  34  7.4 1433 -99.0  27.3 1407  15.7 2354 -99.0 -99.0  12.3  -9.0  42.0 1232  -9.0   1.8   1.2 -9.00   -9.0   -9.0 1017.7 2344 1015.3 1451  2.6 -9.0 12.4 -9.0 -9.00  0.18 1700   -9.0   -9.0 -9.00   -9.0   -9   -9.0   -9   -9.0   -9   -9.0   -9   -9.0   -9 -99.0 -99.0 -99.0 -99.0 -99.0
20260915 252  1.3  1111  34  4.3 1621  36  7.9 1606  20.0  26.5 1407  14.6  451  14.2  25.4  12.3  71.6  40.0 1332  16.2   6.5   4.6 -9.00 1012.7 1017.1 1018.2  829 1016.0 1725  3.8 10.8 12.4 -9.0 22.87  3.18 1200   -9.0   -9.0 -9.00   -9.0   -9   -9.0   -9   -9.0   -9   -9.0   -9   -9.0   -9 -99.0 -99.0 -99.0 -99.0 -99.0
20260915 253  1.3  1121  27  3.0  950   5  5.3 1627  23.5  29.8 1329  19.7  550  17.4  25.5  16.8  69.4  50.0 1239  19.9   3.7   2.6 -9.00 1010.3 1016.6 1017.8 2230 1015.3 1416  6.4  4.6 12.4 -9.0 12.63  2.09  900   -9.0   -9.0 -9.00   -9.0   -9   -9.0   -9   -9.0   -9   -9.0   -9   -9.0   -9 -99.0 -99.0 -99.0 -99.0 -99.0
20260915 254  1.4  1213  32  6.3 1740  34  9.0 1736  20.5  28.4 1352  15.4  534  14.0  25.9  13.8  69.1  39.0 1338  16.0   5.6   3.9 -9.00 1001.9 1017.0 1018.2  702 1014.9 1514  4.3  9.0 12.4 -9.0 19.74  3.05 1100   -9.0   -9.0 -9.00   -9.0   -9   -9.0   -9   -9.0   -9   -9.0   -9   -9.0   -9 -99.0 -99.0 -99.0 -99.0 -99.0
20260915 255  1.5  1331  32  3.8 1134  32  7.1 1129  24.7  30.4 1429  20.0  606  17.2  26.3  16.5  64.4  37.0 1404  19.6   5.4   3.8 -9.00 1009.6 1015.4 1016.6 2222 1013.5 1538  5.3  9.3 12.4 -9.0 18.58  2.80 1200   -9.0   -9.0 -9.00   -9.0   -9   -9.0   -9   -9.0   -9   -9.0   -9   -9.0   -9 -99.0 -99.0 -99.0 -99.0 -99.0
20260915 257  1.9  1670   7  3.5  916   9  8.9 1753  24.4  30.4 1206  19.3  617  18.3  27.7  16.3  70.1  48.0 1234  21.1   5.3   3.7 -9.00 1015.1 1015.8 1017.0 2214 1014.3 1417  6.0  6.8 12.4 -9.0 17.44  2.95 1100    0.0   -9.0 -9.00    0.0   -9    0.0   -9   -9.0   -9   -9.0   -9   -9.0   -9 -99.0 -99.0 -99.0 -99.0 -99.0
20260915 258  2.4  2031  32  3.7  119  32  5.6  117  22.5  28.5 1441  17.8  621  17.1  24.3  16.1  73.1  45.0 1608  19.6   5.6   3.9 -9.00 1016.2 1016.4 1017.5  944 1014.9 1725  5.0  9.1 12.4 -9.0 20.68  2.78 1100   -9.0   -9.0 -9.00   -9.0   -9   -9.0   -9   -9.0   -9   -9.0   -9   -9.0   -9 -99.0 -99.0 -99.0 -99.0 -99.0
20260915 259  1.2  1053  29  3.8 1716  27  6.9 1716  22.3  28.6 1501  16.9  638  16.0  26.9  14.7  69.3  44.0 1605  18.2   5.4   3.8 -9.00 1014.4 1016.2 1017.3  804 1014.5 1646  5.4  9.4 12.4 -9.0 20.92  3.04 1200   -9.0   -9.0 -9.00   -9.0   -9   -9.0   -9   -9.0   -9   -9.0   -9   -9.0   -9 -99.0 -99.0 -99.0 -99.0 -99.0
20260915 260  1.3  1102  29  3.2 1800  34  5.4 1752  22.0  29.6 1507  15.9  640  16.1  26.1  14.6  71.6  42.0 1547  18.3  -9.0  -9.0 -9.00 1011.1 1016.2 1017.4  757 1014.4 1701  5.4 10.1 12.4 -9.0 -9.00 -9.00   -9   -9.0   -9.0 -9.00   -9.0   -9   -9.0   -9   -9.0   -9   -9.0   -9   -9.0   -9 -99.0 -99.0 -99.0 -99.0 -99.0
20260915 261  2.5  2140  29  6.8 1612  29 11.0 1605  21.5  28.7 1514  15.6  621  15.9  26.6  13.2  72.6  43.0 1534  18.2  -9.0  -9.0 -9.00 1015.0 1016.9 1017.9  944 1015.3 1555  4.0 10.8 12.4 -9.0 -9.00 -9.00   -9   -9.0   -9.0 -9.00   -9.0   -9   -9.0   -9   -9.0   -9   -9.0   -9   -9.0   -9 -99.0 -99.0 -99.0 -99.0 -99.0
20260915 262  1.1   918  32  3.2 1148  32  5.2 1404  22.2  30.3 1506  16.7  520  16.9  27.6  17.8  74.6  42.0 1508  19.2   4.5   3.2 -9.00 1010.1 1016.1 1017.1  946 1014.7 1457  4.8  6.9 12.4 -9.0 16.45  2.28 1000   -9.0   -9.0 -9.00   -9.0   -9   -9.0   -9   -9.0   -9   -9.0   -9   -9.0   -9 -99.0 -99.0 -99.0 -99.0 -99.0
20260915 263  1.0   878   2  2.9 1221   5  5.2 1359  21.4  29.0 1527  14.7  604  16.5  29.1  12.7  76.8  41.0 1624  18.8   5.2   3.6 -9.00 1014.4 1016.0 1017.1  732 1014.3 1530  4.6  9.7 12.4 -9.0 20.72  2.84 1100   -9.0   -9.0 -9.00   -9.0   -9   -9.0   -9   -9.0   -9   -9.0   -9   -9.0   -9 -99.0 -99.0 -99.0 -99.0 -99.0
20260915 264  0.7   603  18  2.4 1628  36  3.9 1521  21.3  29.9 1535  15.1  557  16.0  27.3  13.7  75.9  38.0 1449  18.3   5.5   3.9 -9.00  998.8 1016.4 1018.2  724 1013.8 1528  5.3  9.2 12.4 -9.0 21.06  2.96 1200   -9.0   -9.0 -9.00   -9.0   -9   -9.0   -9   -9.0   -9   -9.0   -9   -9.0   -9 -99.0 -99.0 -99.0 -99.0 -99.0
20260915 266  1.1   964   9  2.7 1057   7  4.8  845  24.4  29.5 1426  20.8  656  16.9  31.8  19.6  65.0  42.0 1334  19.3   5.5   3.8 -9.00 1006.2 1016.3 1017.3  944 1014.9 1629  5.9  8.9 12.4 -9.0 19.74  3.09 1200    0.0   -9.0 -9.00    0.0   -9    0.0   -9   -9.0   -9   -9.0   -9   -9.0   -9 -99.0 -99.0 -99.0 -99.0 -99.0
20260915 268  2.2  1925  32  5.1 1159  32  8.7 1159  20.7  25.9 1351  15.2  622  15.0  25.0  13.6  71.6  50.0 1511  17.0  -9.0  -9.0 -9.00 1014.4 1015.5 1016.5  938 1014.6 1421  3.6 10.4 12.4 -9.0 -9.00 -9.00   -9   -9.0   -9.0 -9.00   -9.0   -9   -9.0   -9   -9.0   -9   -9.0   -9   -9.0   -9 -99.0 -99.0 -99.0 -99.0 -99.0
20260915 271  1.1   976   2  3.9 2040   5  5.3 2042  18.3  26.3 1415  11.5  626  13.0  24.1   8.6  75.1  37.0 1440  15.0  -9.0  -9.0 -9.00  980.1 1017.8 1019.7 2318 1014.7 1544  1.6  9.8 12.5 -9.0 -9.00 -9.00   -9   -9.0   -9.0 -9.00   -9.0   -9   -9.0   -9   -9.0   -9   -9.0   -9   -9.0   -9 -99.0 -99.0 -99.0 -99.0 -99.0
20260915 272  1.4  1249  32  2.9 2235  29  4.8 1938  19.3  26.7 1409  13.3  542  14.1  26.5  10.4  75.3  38.0 1534  16.2  -9.0  -9.0 -9.00  992.7 1017.3 1018.6 2216 1014.9 1506  1.6 10.2 12.4 -9.0 -9.00 -9.00   -9   -9.0   -9.0 -9.00   -9.0   -9   -9.0   -9   -9.0   -9   -9.0   -9   -9.0   -9 -99.0 -99.0 -99.0 -99.0 -99.0
20260915 273  1.1   991  29  3.5 1951  32  7.4 1945  20.1  27.6 1438  14.1  503  14.7  26.7  10.1  74.0  45.0 1455  16.9  -9.0  -9.0 -9.00  996.4 1016.5 1017.8  723 1014.5 1435  1.6  9.2 12.5 -9.0 -9.00 -9.00   -9   -9.0   -9.0 -9.00   -9.0   -9   -9.0   -9   -9.0   -9   -9.0   -9   -9.0   -9 -99.0 -99.0 -99.0 -99.0 -99.0
20260915 276  1.0   887   9  3.5 1523  14  6.3 1610  19.0  28.0 1407  12.3  608  15.7  22.6   9.6  84.0  48.0 1249  17.9   4.3   3.0 -9.00  992.4 1016.7 1018.2  704 1014.2 1406  4.3  8.3 12.4 -9.0 18.39  2.86 1000   -9.0   -9.0 -9.00   -9.0   -9   -9.0   -9   -9.0   -9   -9.0   -9   -9.0   -9 -99.0 -99.0 -99.0 -99.0 -99.0
20260915 277  1.3  1150   2  4.5 1133   5  8.1 1132  21.0  26.2 1317  17.1  502  16.7  27.1  14.8  78.1  55.0 1225  19.0  -9.0  -9.0 -9.00 1012.3 1017.1 1018.2 2344 1016.1 1529  3.3  7.5 12.5 -9.0 -9.00 -9.00   -9   -9.0   -9.0 -9.00   -9.0   -9   -9.0   -9   -9.0   -9   -9.0   -9   -9.0   -9 -99.0 -99.0 -99.0 -99.0 -99.0
20260915 278  0.7   643  32  2.9 1413  34  5.0 1412  20.4  28.8 1541  13.6  602  15.2  27.6  10.4  76.4  39.0 1643  17.3  -9.0  -9.0 -9.00 1006.5 1016.0 1017.5  717 1013.7 1547  3.3  9.6 12.4 -9.0 -9.00 -9.00   -9   -9.0   -9.0 -9.00   -9.0   -9   -9.0   -9   -9.0   -9   -9.0   -9   -9.0   -9 -99.0 -99.0 -99.0 -99.0 -99.0
20260915 279  0.8   697   9  1.9 1419   7  3.7 1206  21.6  29.5 1413  16.0  605  14.5  27.8  13.2  67.5  31.0 1402  16.5   5.3   3.7 -9.00 1010.7 1016.5 1017.8  732 1014.3 1557  2.8  9.7 12.4 -9.0 20.12  2.98 1300   -9.0   -9.0 -9.00   -9.0   -9   -9.0   -9   -9.0   -9   -9.0   -9   -9.0   -9 -99.0 -99.0 -99.0 -99.0 -99.0
20260915 281  1.2   998   9  3.7 1548   9  6.5 1540  21.0  27.5 1446  14.9  613  15.6  26.8  12.5  73.5  49.0 1448  17.7  -9.0  -9.0 -9.00 1005.9 1017.1 1018.3 2210 1015.3 1513  4.5  8.8 12.4 -9.0 -9.00 -9.00   -9   -9.0   -9.0 -9.00   -9.0   -9   -9.0   -9   -9.0   -9   -9.0   -9   -9.0   -9 -99.0 -99.0 -99.0 -99.0 -99.0
20260915 283  1.7  1477   7  4.5 1417   5  7.8 1131  21.6  27.3 1202  17.2  637  17.3  24.7  14.3  78.1  55.0 1237  19.7   3.9   2.7 -9.00 1012.1 1016.8 1018.1 2209 1015.6 1356  5.3  4.8 12.4 -9.0 14.13  2.16  900   -9.0   -9.0 -9.00   -9.0   -9   -9.0   -9   -9.0   -9   -9.0   -9   -9.0   -9 -99.0 -99.0 -99.0 -99.0 -99.0
20260915 284  1.1   930  27  2.9 2200  16  5.4 1410  20.2  28.2 1326  13.8  511  15.3  25.0  11.0  76.1  45.0 1302  17.5   5.1   3.6 -9.00  990.1 1016.6 1018.2  644 1014.1 1419  5.0  8.1 12.4 -9.0 19.46  3.12 1300   -9.0   -9.0 -9.00   -9.0   -9   -9.0   -9   -9.0   -9   -9.0   -9   -9.0   -9 -99.0 -99.0 -99.0 -99.0 -99.0
20260915 285  0.7   605   5  2.2 1223   7  4.3 1218  21.9  29.0 1445  15.7  523  16.5  28.9  13.6  74.5  42.0 1400  18.8  -9.0  -9.0 -9.00 1013.5 1016.6 1017.9  818 1014.7 1729  6.1 10.1 12.4 -9.0 -9.00 -9.00   -9    0.0   -9.0 -9.00    0.0   -9    0.0   -9   -9.0   -9   -9.0   -9   -9.0   -9 -99.0 -99.0 -99.0 -99.0 -99.0
20260915 288  1.2  1053  29  2.8 1253  34  5.0  919  24.1  30.6 1517  17.9  521  17.3  29.0  15.8  67.8  40.0 1229  19.7   5.4   3.8 -9.00 1013.5 1014.4 1015.7 2248 1012.4 1545  5.6  8.4 12.4 -9.0 19.00  2.57 1300    0.0   -9.0 -9.00    0.0   -9    0.0   -9   -9.0   -9   -9.0   -9   -9.0   -9 -99.0 -99.0 -99.0 -99.0 -99.0
20260915 289  0.8   685   9  2.1 1541   7  3.9 1532  21.3  28.8 1415  15.4  556  16.1  27.6  13.7  75.3  39.0 1425  18.3  -9.0  -9.0 -9.00 1001.2 1017.2 1018.9  806 1015.1 1515  5.5  9.0 12.4 -9.0 -9.00 -9.00   -9   -9.0   -9.0 -9.00   -9.0   -9   -9.0   -9   -9.0   -9   -9.0   -9   -9.0   -9 -99.0 -99.0 -99.0 -99.0 -99.0
20260915 294  1.1   952   9  2.4 1622  11  5.8 1801  22.8  28.7 1355  18.9  545  22.0  34.6  14.8  73.8  46.0 1357  26.5  -9.0  -9.0 -9.00 1011.4 1016.6 1017.5 2148 1015.7 1343  4.9  9.1 12.4 -9.0 -9.00 -9.00   -9   -9.0   -9.0 -9.00   -9.0   -9   -9.0   -9   -9.0   -9   -9.0   -9   -9.0   -9 -99.0 -99.0 -99.0 -99.0 -99.0
20260915 295  1.1   966  36  2.4  846   2  4.3  835  23.3  28.5 1437  19.9  626  22.0  34.6  17.4  68.6  37.0 1512  26.5  -9.0  -9.0 -9.00 1010.9 1016.2 1017.4  933 1014.8 1727  4.6 10.6 12.4 -9.0 -9.00 -9.00   -9   -9.0   -9.0 -9.00   -9.0   -9   -9.0   -9   -9.0   -9   -9.0   -9   -9.0   -9 -99.0 -99.0 -99.0 -99.0 -99.0
20260915 296  1.7  1488   5  3.9  919   7  6.8 1812  23.8  30.3 1321  18.4  606  18.4  25.8  15.1  72.8  43.0 1310  21.1   4.5   3.2 -9.00 1014.7 1015.1 1016.2 2300 1013.6 1437  6.1  5.8 12.4 -9.0 14.94  2.37 1000   -9.0   -9.0 -9.00   -9.0   -9   -9.0   -9   -9.0   -9   -9.0   -9   -9.0   -9 -99.0 -99.0 -99.0 -99.0 -99.0
20260916  90  2.2  1883  14  4.9 1631  14  6.8 1628  19.9  25.3 1400  14.9  605  13.8  26.9  13.0  69.0  47.0  843  16.0   5.9   4.1 -9.00 1017.6 1019.6 1021.3 2332 1017.9  219  0.0 11.4 12.4 -9.0 22.33  3.05 1200   -9.0   -9.0 -9.00   -9.0   -9   -9.0   -9   -9.0   -9   -9.0   -9   -9.0   -9 -99.0 -99.0 -99.0 -99.0 -99.0
20260916  93  0.8   659  20  2.4 1415  20  4.1 1329  17.7  27.5 1559   8.4  554  11.3  23.9   5.1  70.5  34.0 1250  13.5   5.9   4.1 -9.00 1008.4 1019.8 1021.4  705 1017.1 1622  0.3 11.5 12.4 -9.0 22.80  3.08 1200   -9.0   -9.0 -9.00   -9.0   -9   -9.0   -9   -9.0   -9   -9.0   -9   -9.0   -9  23.2  24.0  24.2  23.1  20.1
20260916  95  0.6   541  25  2.3 1427  11  4.8 1629  17.8  28.4 1529   8.0  523   9.5  22.4   6.1  67.8  23.0 1431  12.0   6.3   4.4 -9.00 1001.3 1019.7 1021.2  716 1017.1 1529  0.0 11.6 12.4 -9.0 23.12  3.14 1200   -9.0   -9.0 -9.00   -9.0   -9   -9.0   -9   -9.0   -9   -9.0   -9   -9.0   -9 -99.0 -99.0 -99.0 -99.0 -99.0
20260916  98  0.7   570  11  2.0 1426   5  4.0 1423  19.3  29.0 1408  10.3  629   8.6  25.4   5.4  57.5  15.0 1420  11.4   6.4   4.5 -9.00 1005.1 1018.7 1020.0  749 1016.7 1628  0.0 10.7 12.4 -9.0 21.97  3.09 1200   -9.0   -9.0 -9.00   -9.0   -9   -9.0   -9   -9.0   -9   -9.0   -9   -9.0   -9 -99.0 -99.0 -99.0 -99.0 -99.0
20260916  99  0.7   595  34  2.2 1323  20  5.6 1257  17.9  27.3 1529  10.1  533  11.3  21.1   7.5  70.5  28.0 1508  13.5   5.7   4.0 -9.00 1015.7 1019.3 1020.5 1001 1017.6 1621  0.0 10.6 12.4 -9.0 22.21  3.06 1200   -9.0   -9.0 -9.00   -9.0   -9   -9.0   -9   -9.0   -9   -9.0   -9   -9.0   -9 -99.0 -99.0 -99.0 -99.0 -99.0
20260916 100  1.2  1004   9  3.9 1531   9  7.1 1428  13.3  21.0 1412   6.1  633  11.0  17.9   6.1  87.8  59.0 1058  13.3   4.2   2.9 -9.00  932.1 1020.9 1024.3 2345 1017.8 1412  0.8 10.3 12.4 -9.0 20.29  2.84 1300   -9.0   -9.0 -9.00   -9.0   -9   -9.0   -9   -9.0   -9   -9.0   -9   -9.0   -9 -99.0 -99.0 -99.0 -99.0 -99.0
20260916 101  1.2  1013  32  2.8 2159  32  4.4 2155  18.3  28.3 1639  10.0  633  11.8  22.5   5.5  70.3  34.0 1536  14.0   5.7   4.0 -9.00 1009.5 1018.4 1020.1  704 1015.6 1629  0.0 10.5 12.4 -9.0 21.97  3.02 1200   -9.0   -9.0 -9.00   -9.0   -9   -9.0   -9   -9.0   -9   -9.0   -9   -9.0   -9  23.7  24.0  23.9  20.5  17.0
20260916 102  1.9  1652  18  3.9 1241  16  6.0 1336  20.1  24.2 1333  15.9  700  12.0  22.0   9.8  61.5  33.0 1627  14.1   6.4   4.5 -9.00 1013.4 1017.7 1018.6 1053 1016.7 1638  0.0 11.7 12.4 -9.0 23.79  3.19 1200   -9.0   -9.0 -9.00   -9.0   -9   -9.0   -9   -9.0   -9   -9.0   -9   -9.0   -9 -99.0 -99.0 -99.0 -99.0 -99.0
20260916 104  1.2  1073  11  3.9 1534  11  7.0 1331  19.8  25.7 1250  15.0 2357  16.6  23.7  11.9  83.1  63.0 1637  19.0   5.4   3.8 -9.00 1010.0 1018.9 1020.7 2321 1017.3  136  0.0 11.2 12.4 -9.0 22.64  3.12 1200   -9.0   -9.0 -9.00   -9.0   -9   -9.0   -9   -9.0   -9   -9.0   -9   -9.0   -9  23.0  23.1  23.4  20.9  16.3
20260916 105  2.4  2039  11  4.0 1229   7  7.9 1503  20.7  26.1 1241  16.6  613  14.3  24.9  14.9  68.1  50.0 1224  16.4   5.5   3.9 -9.00 1016.4 1019.6 1021.4 2352 1017.9  221  0.3 10.4 12.4 -9.0 19.79  2.72 1300   -9.0   -9.0 -9.00   -9.0   -9   -9.0   -9   -9.0   -9   -9.0   -9   -9.0   -9  23.4  23.3  24.1  20.9  17.7
20260916 106  1.9  1656  20  2.7  702  14  4.9 1534  20.1  26.1 1320  15.5 2350  15.4  26.4  13.1  76.3  47.0 1534  17.6   5.6   3.9 -9.00 1015.1 1019.9 1021.6 2350 1018.1  220  1.5  9.9 12.4 -9.0 21.83  3.05 1200   -9.0   -9.0 -9.00   -9.0   -9   -9.0   -9   -9.0   -9   -9.0   -9   -9.0   -9 -99.0 -99.0 -99.0 -99.0 -99.0
20260916 108  1.8  1545   5  3.4 1133  36  7.6 1131  21.6  28.8 1541  14.0  642   9.0  23.7   6.3  48.6  17.0 1335  11.7   8.2   5.7 -9.00 1008.4 1018.4 1019.6 2357 1016.6 1634  0.0 11.7 12.4 -9.0 23.98  3.22 1200   -9.0   -9.0 -9.00   -9.0   -9   -9.0   -9   -9.0   -9   -9.0   -9   -9.0   -9  23.6  24.1  24.7  21.8  17.3
20260916 112  1.8  1582  25  3.1 1418  32  6.1 1309  22.5  28.0 1456  16.4  635  10.2  25.0  10.0  49.3  25.0 1354  12.7   7.8   5.5 -9.00 1010.1 1018.1 1019.1 1036 1016.5 1636  0.0 11.0 12.4 -9.0 22.62  3.10 1200   -9.0   -9.0 -9.00   -9.0   -9   -9.0   -9   -9.0   -9   -9.0   -9   -9.0   -9  23.0  23.4  23.3  21.2  17.0
20260916 114  1.0   901   9  3.0 1400   2  5.3 1256  19.7  28.7 1523  11.0  543  11.1  23.7   5.4  62.1  28.0 1532  13.3   6.3   4.4 -9.00 1001.0 1018.5 1020.1  704 1015.9 1535  0.0 11.2 12.4 -9.0 22.69  3.08 1200   -9.0   -9.0 -9.00   -9.0   -9   -9.0   -9   -9.0   -9   -9.0   -9   -9.0   -9 -99.0 -99.0 -99.0 -99.0 -99.0
20260916 115  3.0  2626   5  4.7 1615   5  7.9 1609  20.9  24.2 1354  18.4  400  15.6  23.3  -9.0  72.0  61.0 1043  17.8   5.3   3.7 -9.00  994.1 1019.6 1021.0 2111 1018.2   46  3.8 10.0 12.4 -9.0 18.39  2.55 1300   -9.0   -9.0 -9.00   -9.0   -9   -9.0   -9   -9.0   -9   -9.0   -9   -9.0   -9  23.2  22.9  22.3  16.8  15.0
20260916 119  1.4  1187  11  3.4 1610  14  5.4 1559  20.4  28.0 1517  12.3  556   9.2  25.1   8.6  55.0  14.0 1440  11.9   7.3   5.1 -9.00 1013.3 1018.0 1019.4 2400 1016.1 1630  0.0 11.7 12.4 -9.0 23.07  3.12 1200   -9.0   -9.0 -9.00   -9.0   -9   -9.0   -9   -9.0   -9   -9.0   -9   -9.0   -9  23.3  23.8  23.6  20.8  17.5
20260916 121  1.4  1183   9  3.9 1916   5  6.3 1757  18.8  29.3 1305  11.0  400  12.3  23.7  14.2  71.0  34.0 1441  14.4   6.2   4.3 -9.00  991.6 1019.6 1022.0 2333 1016.1 1542  1.4  9.3 12.4 -9.0 22.40  3.18 1200   -9.0   -9.0 -9.00   -9.0   -9   -9.0   -9   -9.0   -9   -9.0   -9   -9.0   -9 -99.0 -99.0 -99.0 -99.0 -99.0
20260916 127  0.9   758   9  2.8 2134   9  5.6 2123  19.2  28.0 1436  11.0  529  12.5  24.9  10.5  68.5  33.0 1303  14.6   5.4   3.8 -9.00 1004.5 1017.9 1019.7 2247 1015.6 1621  0.8 10.2 12.4 -9.0 20.07  3.03 1300   -9.0   -9.0 -9.00   -9.0   -9   -9.0   -9   -9.0   -9   -9.0   -9   -9.0   -9 -99.0 -99.0 -99.0 -99.0 -99.0
20260916 129  1.5  1287   5  3.6  929   7  6.0  922  20.7  28.6 1453  11.9  309  11.7  21.3   7.1  61.9  26.0 1456  13.9   6.9   4.8 -9.00 1015.1 1018.0 1019.2 2344 1016.4 1615  0.3 11.5 12.4 -9.0 22.63  3.14 1200   -9.0   -9.0 -9.00   -9.0   -9   -9.0   -9   -9.0   -9   -9.0   -9   -9.0   -9  22.7  23.7  23.7  21.0  18.0
20260916 130  1.7  1498  11  4.1 1330  11  5.8 1352  20.5  25.9 1110  16.2 2350  15.5  25.1  14.2  75.5  47.0 1414  17.7  -9.0  -9.0 -9.00 1013.9 1019.7 1021.2 2102 1018.1   45  3.0  9.7 12.4 -9.0 -9.00 -9.00   -9   -9.0   -9.0 -9.00   -9.0   -9   -9.0   -9   -9.0   -9   -9.0   -9   -9.0   -9 -99.0 -99.0 -99.0 -99.0 -99.0
20260916 131  1.7  1454  11  3.8 2132  18  7.2 2204  22.6  29.1 1420  14.8  656  11.2  25.2  13.1  51.4  26.0 1628  13.3   7.3   5.1 -9.00 1011.0 1017.9 1019.6 2358 1015.8 1540  0.6 10.7 12.4 -9.0 22.73  3.12 1100   -9.0   -9.0 -9.00   -9.0   -9   -9.0   -9   -9.0   -9   -9.0   -9   -9.0   -9 -99.0 -99.0 -99.0 -99.0 -99.0
20260916 133  1.8  1550  14  5.7 2153  14  9.0 2149  21.9  29.2 1421  14.8  633  12.8  25.5  12.1  59.8  27.0 1246  14.9   7.2   5.0 -9.00 1010.3 1018.2 1020.1 2400 1016.3 1618  0.6 11.2 12.4 -9.0 22.90  3.22 1200   -9.0   -9.0 -9.00   -9.0   -9   -9.0   -9   -9.0   -9   -9.0   -9   -9.0   -9  26.1  26.2  25.8  23.6  19.4
20260916 135  1.7  1447   9  5.9 2037   7  9.2 2033  19.2  26.2 1456  12.1  344  13.2  23.9   9.5  70.3  44.0 1401  15.2   5.8   4.0 -9.00  990.0 1018.5 1020.7 2220 1015.9 1531  2.6  9.8 12.4 -9.0 20.87  3.24 1100   -9.0   -9.0 -9.00   -9.0   -9   -9.0   -9   -9.0   -9   -9.0   -9   -9.0   -9 -99.0 -99.0 -99.0 -99.0 -99.0
20260916 136  1.6  1351  11  4.6 1719  11  8.2 1621  21.3  28.1 1359  15.8 2311  14.1  27.3  13.3  66.8  40.0 1243  16.2   6.5   4.6 -9.00 1003.2 1019.6 1021.7 2211 1017.6 1537  2.6  9.2 12.4 -9.0 21.41  3.18 1200   -9.0   -9.0 -9.00   -9.0   -9   -9.0   -9   -9.0   -9   -9.0   -9   -9.0   -9 -99.0 -99.0 -99.0 -99.0 -99.0
20260916 137  0.6   483  36  1.4 1308   9  5.4 1928  20.6  28.0 1444  13.9  611  14.3  27.0  11.3  69.8  42.0 1504  16.3   5.5   3.8 -9.00 1006.6 1017.9 1020.0 2252 1015.4 1557  2.6 10.2 12.4 -9.0 21.86  3.10 1200   -9.0   -9.0 -9.00   -9.0   -9   -9.0   -9   -9.0   -9   -9.0   -9   -9.0   -9 -99.0 -99.0 -99.0 -99.0 -99.0
20260916 138  2.6  2212   7  4.9 1835   5  8.4 1931  23.6  26.9 1241  20.2  554  14.0  28.3  16.3  56.4  40.0 1244  16.1   8.4   5.9 -9.00 1017.6 1018.1 1019.4 2049 1016.6  320  2.6  9.6 12.4 -9.0 21.52  3.16 1200   -9.0   -9.0 -9.00   -9.0   -9   -9.0   -9   -9.0   -9   -9.0   -9   -9.0   -9  24.6  23.3  22.8  20.0  17.6
20260916 140  1.6  1410   7  3.4  728   7  5.8  749  21.8  28.9 1503  14.5  604  15.2  26.7  10.2  68.0  40.0 1626  17.4  -9.0  -9.0 -9.00 1015.0 1018.3 1019.6 2348 1016.7 1502  1.4 10.9 12.4 -9.0 -9.00 -9.00   -9   -9.0   -9.0 -9.00   -9.0   -9   -9.0   -9   -9.0   -9   -9.0   -9   -9.0   -9 -99.0 -99.0 -99.0 -99.0 -99.0
20260916 143  2.2  1893  11  5.5 1825  11  9.7 1805  22.1  27.7 1405  17.7  623  13.5  27.4  13.6  61.4  35.0 1344  15.6   7.1   5.0 -9.00 1012.2 1018.5 1020.3 2313 1016.6 1528  3.8 10.2 12.4 -9.0 20.91  3.00 1300   -9.0   -9.0 -9.00   -9.0   -9   -9.0   -9   -9.0   -9   -9.0   -9   -9.0   -9 -99.0 -99.0 -99.0 -99.0 -99.0
20260916 146  1.5  1280  36  3.4 1614  34  6.5 1540  23.2  29.7 1537  16.5  547  14.2  24.3  11.9  58.8  35.0 1525  16.2   6.4   4.5 -9.00 1010.2 1017.2 1018.8 2342 1015.0 1616  2.6 10.4 12.4 -9.0 20.27  3.03 1200   -9.0   -9.0 -9.00   -9.0   -9   -9.0   -9   -9.0   -9   -9.0   -9   -9.0   -9 -99.0 -99.0 -99.0 -99.0 -99.0
20260916 152  2.3  1977   9  4.9 1115   9  9.3 1225  21.9  25.7 1319  18.2  439  13.6  26.5  16.2  61.4  36.0 1333  15.7   7.2   5.1 -9.00 1008.2 1017.6 1019.1 2057 1016.4  138  3.6  9.3 12.4 -9.0 20.63  2.96 1300   -9.0   -9.0 -9.00   -9.0   -9   -9.0   -9   -9.0   -9   -9.0   -9   -9.0   -9 -99.0 -99.0 -99.0 -99.0 -99.0
20260916 155  1.8  1583   9  3.8 1644   7  7.8 2008  23.8  29.2 1422  20.1  627  14.8  27.2  15.5  59.1  36.0 1352  17.0   6.0   4.2 -9.00 1013.3 1017.3 1019.2 2241 1015.6 1529  3.9  7.8 12.4 -9.0 18.39  2.70 1300   -9.0   -9.0 -9.00   -9.0   -9   -9.0   -9   -9.0   -9   -9.0   -9   -9.0   -9 -99.0 -99.0 -99.0 -99.0 -99.0
20260916 156  1.1   948  16  2.9 2138   2  5.1 1536  23.8  29.9 1452  17.7  626  15.9  29.5  12.9  62.9  44.0 1446  18.1   4.9   3.5 -9.00 1008.8 1016.9 1018.3 2330 1014.9 1615  4.9  7.7 12.4 -9.0 -9.00 -9.00   -9   -9.0   -9.0 -9.00   -9.0   -9   -9.0   -9   -9.0   -9   -9.0   -9   -9.0   -9 -99.0 -99.0 -99.0 -99.0 -99.0
20260916 159  2.3  1974  11  5.0 1229  11 12.1 1237  24.0  28.4 1330  21.1 2351  14.4  27.7  16.7  56.1  36.0 1235  16.5   7.8   5.5 -9.00 1008.7 1016.7 1018.2 2248 1015.4 1545  3.0 10.0 12.4 -9.0 22.92  3.25 1200   -9.0   -9.0 -9.00   -9.0   -9   -9.0   -9   -9.0   -9   -9.0   -9   -9.0   -9  26.2  26.4  25.9  21.5  19.6
20260916 162  1.9  1684   5  4.0 1310   2  7.5 1250  24.1  29.2 1457  20.9 2400  14.7  26.4  15.9  57.8  39.0 1414  16.9   6.9   4.8 -9.00 1012.6 1016.2 1017.9 2136 1014.5 1541  2.6 10.2 12.4 -9.0 21.85  3.16 1200   -9.0   -9.0 -9.00   -9.0   -9   -9.0   -9   -9.0   -9   -9.0   -9   -9.0   -9 -99.0 -99.0 -99.0 -99.0 -99.0
20260916 165  2.4  2044   5  5.6 1708   2  7.4 1707  23.5  28.4 1431  18.3  642  16.6  30.5  14.6  66.0  50.0 1605  19.1   5.5   3.8 -9.00 1012.0 1017.2 1018.4 2324 1015.5 1602  4.5  8.9 12.4 -9.0 19.40  3.01 1100   -9.0   -9.0 -9.00   -9.0   -9   -9.0   -9   -9.0   -9   -9.0   -9   -9.0   -9  25.6  25.1  25.1  22.6  19.3
20260916 168  3.7  3201   9  6.8 1037   9 10.5 1033  24.2  28.0 1540  22.2 2355  15.9  27.3  20.6  61.0  45.0 1513  18.2   8.5   6.0 -9.00 1009.6 1017.2 1018.9 2325 1015.8 1614  3.1 10.0 12.4 -9.0 22.17  3.15 1200   -9.0   -9.0 -9.00   -9.0   -9   -9.0   -9   -9.0   -9   -9.0   -9   -9.0   -9  27.3  26.3  25.6  22.0  18.2
20260916 169  3.6  3073  36  5.6  909   2  7.5  919  22.5  26.9 1217  19.0   12  16.5  26.1  16.9  70.1  53.0 1218  18.8   6.1   4.3 -9.00 1008.7 1017.4 1018.6 2215 1016.2 1642  1.9 11.6 12.4 -9.0 23.30  3.19 1200   -9.0   -9.0 -9.00   -9.0   -9   -9.0   -9   -9.0   -9   -9.0   -9   -9.0   -9 -99.0 -99.0 -99.0 -99.0 -99.0
20260916 170  2.1  1800  14  4.9 1342  16  7.3 1457  23.7  30.3 1325  18.1  606  16.7  28.3  15.5  66.3  42.0 1454  19.1   6.8   4.7 -9.00 1013.1 1017.2 1018.6 2343 1015.6 1558  2.9 10.5 12.4 -9.0 22.52  3.13 1100   -9.0   -9.0 -9.00   -9.0   -9   -9.0   -9   -9.0   -9   -9.0   -9   -9.0   -9 -99.0 -99.0 -99.0 -99.0 -99.0
20260916 172  1.5  1299  29  4.7 1531  27  7.0 1613  21.6  29.7 1412  15.0  457  16.6  24.9  12.1  76.4  42.0 1350  19.1   5.4   3.8 -9.00 1010.9 1017.0 1018.3 2319 1015.3 1539  3.4 10.3 12.4 -9.0 20.59  2.98 1100   -9.0   -9.0 -9.00   -9.0   -9   -9.0   -9   -9.0   -9   -9.0   -9   -9.0   -9 -99.0 -99.0 -99.0 -99.0 -99.0
20260916 174  0.8   690  20  3.2 1204  14  5.0 1107  20.1  27.9 1525  15.4  538  15.0 -99.0  13.3  75.9  42.0 1350  17.1  -9.0  -9.0 -9.00  997.6 1016.8 1018.8 2357 1014.6 1522  4.8  6.8 12.4 -9.0 -9.00 -9.00   -9   -9.0   -9.0 -9.00   -9.0   -9   -9.0   -9   -9.0   -9   -9.0   -9   -9.0   -9 -99.0 -99.0 -99.0 -99.0 -99.0
20260916 177  1.2  1065   5  3.6 1419   7  5.5 1451  19.8  29.1 1523  10.6  520  13.9  25.1   9.3  71.3  36.0 1618  16.0   5.8   4.1 -9.00 1013.5 1016.7 1018.2 2354 1014.8 1544  0.0 11.5 12.4 -9.0 22.34  3.09 1200   -9.0   -9.0 -9.00   -9.0   -9   -9.0   -9   -9.0   -9   -9.0   -9   -9.0   -9 -99.0 -99.0 -99.0 -99.0 -99.0
20260916 181  1.4  1198   2  3.9 1240  16  6.3 2204  19.5  28.1 1519  11.1  547  12.3  22.7   9.2  67.0  31.0 1634  14.4   5.8   4.1 -9.00 1014.5 1018.5 1020.3 2400 1016.4 1634  0.5 10.9 12.4 -9.0 22.32  3.04 1100   -9.0   -9.0 -9.00   -9.0   -9   -9.0   -9   -9.0   -9   -9.0   -9   -9.0   -9 -99.0 -99.0 -99.0 -99.0 -99.0
20260916 184  2.9  2544   7  6.7 1511   9 12.0 1418  24.2  28.0 1430  21.8  611  16.5  29.1  18.8  62.8  46.0 1728  18.9   5.0   3.5 -9.00 1013.7 1016.1 1017.3 2105 1015.0 1557  5.0  5.7 12.4 -9.0 12.09  2.89 1300    0.3    0.2  2.30    0.2   -9    0.2   -9   -9.0   -9   -9.0   -9   -9.0   -9  28.4  27.4  27.3  25.1  20.4
20260916 185  4.0  3467  32  8.7 1613  32 11.8 1611  23.6  26.6 1518  21.6  657  17.0  26.0  15.5  67.3  49.0 2253  19.5   5.1   3.6 -9.00 1007.7 1016.0 1017.3 2052 1014.4 1712  4.6  5.9 12.4 -9.0 13.43  2.28  900   -9.0   -9.0 -9.00   -9.0   -9   -9.0   -9   -9.0   -9   -9.0   -9   -9.0   -9 -99.0 -99.0 -99.0 -99.0 -99.0
20260916 188  3.8  3310   7  7.2 1227   5 11.0 1320  25.0  28.4 1037  21.3  621  17.1  28.9  19.3  62.3  49.0 1238  19.5  -9.0  -9.0 -9.00 1014.2 1016.6 1018.1 2120 1015.5  330  2.5  9.8 12.4 -9.0 -9.00 -9.00   -9   -9.0   -9.0 -9.00   -9.0   -9   -9.0   -9   -9.0   -9   -9.0   -9   -9.0   -9 -99.0 -99.0 -99.0 -99.0 -99.0
20260916 189  2.5  2149   7  6.0 1431   9 12.2 1604  25.1  29.6 1329  21.8  626  16.1  31.2  18.9  57.9  42.0 1307  18.4   6.9   4.8 -9.00 1010.3 1016.2 1017.9 2109 1015.2 1501  3.9  8.8 12.4 -9.0 19.68  3.00 1200   -9.0   -9.0 -9.00   -9.0   -9   -9.0   -9   -9.0   -9   -9.0   -9   -9.0   -9 -99.0 -99.0 -99.0 -99.0 -99.0
20260916 192  0.8   679  36  2.6 1406   9  6.1 1500  21.0  27.8 1534  14.7 2350  14.4  28.2  12.5  68.8  39.0 1645  16.4   4.9   3.5 -9.00 1014.1 1017.5 1019.6 2221 1015.6 1529  3.4  8.9 12.4 -9.0 19.85  2.99 1100   -9.0   -9.0 -9.00   -9.0   -9   -9.0   -9   -9.0   -9   -9.0   -9   -9.0   -9 -99.0 -99.0 -99.0 -99.0 -99.0
20260916 201  1.0   877  11  2.2 1045   2  4.9 1604  18.9  27.5 1505  12.0  402   9.5  24.2   6.4  60.8  20.0 1425  12.0  -9.0  -9.0 -9.00 1013.6 1019.3 1020.3 1006 1018.0 1651  0.0 11.5 12.4 -9.0 -9.00 -9.00   -9   -9.0   -9.0 -9.00   -9.0   -9   -9.0   -9   -9.0   -9   -9.0   -9   -9.0   -9 -99.0 -99.0 -99.0 -99.0 -99.0
20260916 202  0.9   759  18  2.7 1315  27  4.4 1254  18.7  26.8 1625  10.9  615  12.4  24.5   5.4  70.5  35.0 1627  14.5  -9.0  -9.0 -9.00 1013.5 1019.1 1020.5 2358 1017.3 1607  0.0 11.4 12.4 -9.0 -9.00 -9.00   -9   -9.0   -9.0 -9.00   -9.0   -9   -9.0   -9   -9.0   -9   -9.0   -9   -9.0   -9 -99.0 -99.0 -99.0 -99.0 -99.0
20260916 203  0.5   475   5  1.6  911   5  3.4 1427  18.5  28.0 1555   9.8  634  12.8  21.7   6.9  73.6  35.0 1328  14.8  -9.0  -9.0 -9.00 1010.0 1019.4 1021.0 2353 1017.3 1615  0.0  9.5 12.4 -9.0 -9.00 -9.00   -9   -9.0   -9.0 -9.00   -9.0   -9   -9.0   -9   -9.0   -9   -9.0   -9   -9.0   -9 -99.0 -99.0 -99.0 -99.0 -99.0
20260916 211  1.4  1204   5  3.2 1630   5  6.7 1628  17.2  27.5 1418  11.4  225  10.5  25.0   8.0  69.5  31.0 1517  12.7  -9.0  -9.0 -9.00  996.1 1019.9 1022.2 2346 1016.7 1454  0.5  9.1 12.4 -9.0 -9.00 -9.00   -9   -9.0   -9.0 -9.00   -9.0   -9   -9.0   -9   -9.0   -9   -9.0   -9   -9.0   -9 -99.0 -99.0 -99.0 -99.0 -99.0
20260916 212  0.6   485  29  2.3 1714  34  4.0 1709  17.8  27.9 1446   9.5  550  11.5  23.8   5.5  71.6  31.0 1432  13.6  -9.0  -9.0 -9.00 1003.4 1019.9 1021.7  759 1017.0 1624  0.3 10.0 12.4 -9.0 -9.00 -9.00   -9   -9.0   -9.0 -9.00   -9.0   -9   -9.0   -9   -9.0   -9   -9.0   -9   -9.0   -9 -99.0 -99.0 -99.0 -99.0 -99.0
20260916 216  1.2  1040   2  4.1 1239   2  7.0 1609  14.9  23.1 1310  10.0  603  11.3  16.9  10.8  81.3  51.0 1305  13.4   3.8   2.6 -9.00  938.7 1020.6 1023.8 2337 1017.2 1357  2.5  6.7 12.4 -9.0 16.96  2.89 1300   -9.0   -9.0 -9.00   -9.0   -9   -9.0   -9   -9.0   -9   -9.0   -9   -9.0   -9 -99.0 -99.0 -99.0 -99.0 -99.0
20260916 217  1.2  1011  36  3.3 1439   5  6.1 1554  17.4  27.5 1357  11.2  532  12.0  22.9   8.4  74.1  39.0 1332  14.0  -9.0  -9.0 -9.00  983.7 1020.1 1022.8 2324 1016.4 1521  1.0  8.4 12.4 -9.0 -9.00 -9.00   -9   -9.0   -9.0 -9.00   -9.0   -9   -9.0   -9   -9.0   -9   -9.0   -9   -9.0   -9 -99.0 -99.0 -99.0 -99.0 -99.0
20260916 221  0.9   797   5  3.3 1949  27  5.5 1348  17.3  26.6 1434   8.3  531  11.3  22.8   6.3  72.8  35.0 1303  13.5  -9.0  -9.0 -9.00  988.3 1019.3 1021.5 2327 1016.3 1538  0.5 10.7 12.4 -9.0 -9.00 -9.00   -9   -9.0   -9.0 -9.00   -9.0   -9   -9.0   -9   -9.0   -9   -9.0   -9   -9.0   -9 -99.0 -99.0 -99.0 -99.0 -99.0
20260916 226  1.0   854  18  4.0 1306  18  7.9 2038  19.3  26.5 1520  11.5  620  13.0  24.3   7.9  71.0  37.0 1431  15.0  -9.0  -9.0 -9.00  998.7 1018.7 1020.8 2357 1016.5 1609  1.1 10.8 12.4 -9.0 -9.00 -9.00   -9   -9.0   -9.0 -9.00   -9.0   -9   -9.0   -9   -9.0   -9   -9.0   -9   -9.0   -9 -99.0 -99.0 -99.0 -99.0 -99.0
20260916 232  0.8   685   7  3.4 1600  11  5.5 1302  19.0  27.8 1548  10.8  639  13.4  23.5   7.7  74.8  32.0 1619  15.5  -9.0  -9.0 -9.00 1009.1 1019.1 1020.9 2357 1016.9 1629  0.3 11.0 12.4 -9.0 -9.00 -9.00   -9   -9.0   -9.0 -9.00   -9.0   -9   -9.0   -9   -9.0   -9   -9.0   -9   -9.0   -9 -99.0 -99.0 -99.0 -99.0 -99.0
20260916 235  1.4  1174  20  3.6 1402   5  6.5 2325  21.4  30.4 1336  13.3  553  14.0  24.7  10.3  64.8  41.0 1325  16.2   6.4   4.5 -9.00 1015.9 1017.0 1018.1 2348 1015.6 1608  1.3 10.2 12.4 -9.0 20.59  2.98 1300   -9.0   -9.0 -9.00   -9.0   -9   -9.0   -9   -9.0   -9   -9.0   -9   -9.0   -9 -99.0 -99.0 -99.0 -99.0 -99.0
20260916 236  0.7   594  11  2.5 1210  36  5.0 1400  20.3  29.2 1434  12.9  258  13.2  25.3  10.4  67.8  32.0 1527  15.2  -9.0  -9.0 -9.00 1016.6 1018.2 1019.8 2352 1016.5 1613  1.1 11.1 12.4 -9.0 -9.00 -9.00   -9   -9.0   -9.0 -9.00   -9.0   -9   -9.0   -9   -9.0   -9   -9.0   -9   -9.0   -9 -99.0 -99.0 -99.0 -99.0 -99.0
20260916 238  0.7   616   9  2.4 1155   9  5.0 1207  20.2  28.3 1533  12.7  640  13.1  24.7  10.5  68.3  35.0 1610  15.1  -9.0  -9.0 -9.00  998.0 1017.8 1020.1 2355 1015.3 1608  2.3  9.8 12.4 -9.0 -9.00 -9.00   -9   -9.0   -9.0 -9.00   -9.0   -9   -9.0   -9   -9.0   -9   -9.0   -9   -9.0   -9 -99.0 -99.0 -99.0 -99.0 -99.0
20260916 239  0.9   806  11  2.5 1201  11  5.5 1503  20.8  28.5 1509  13.5  609  12.9  27.5  12.0  63.9  30.0 1438  15.0   6.0   4.2 -9.00 1007.1 1017.5 1019.4 2355 1015.3 1611  0.6  9.7 12.4 -9.0 22.14  3.11 1200   -9.0   -9.0 -9.00   -9.0   -9   -9.0   -9   -9.0   -9   -9.0   -9   -9.0   -9 -99.0 -99.0 -99.0 -99.0 -99.0
20260916 243  0.9   766  29  2.4 1644  32  4.4 1627  21.6  29.1 1415  14.5  516  14.8  23.6  11.4  67.0  40.0 1549  17.1  -9.0  -9.0 -9.00 1016.3 1017.7 1018.7  854 1016.2 1556  1.4  9.2 12.4 -9.0 -9.00 -9.00   -9   -9.0   -9.0 -9.00   -9.0   -9   -9.0   -9   -9.0   -9   -9.0   -9   -9.0   -9 -99.0 -99.0 -99.0 -99.0 -99.0
20260916 244  0.7   583  18  2.3 1720  20  4.4 1349  20.0  28.0 1531  13.3  625  13.9  22.2  12.0  71.9  41.0 1536  16.0  -9.0  -9.0 -9.00  988.8 1017.4 1019.7 2356 1015.0 1529  3.8  8.1 12.4 -9.0 -9.00 -9.00   -9   -9.0   -9.0 -9.00   -9.0   -9   -9.0   -9   -9.0   -9   -9.0   -9   -9.0   -9 -99.0 -99.0 -99.0 -99.0 -99.0
20260916 245  1.3  1157  34  3.5 1739  36  5.5 1600  21.9  29.4 1420  14.9  601  15.3  26.5  12.0  68.0  44.0 1415  17.5   5.4   3.8 -9.00 1009.4 1017.3 1018.7 2342 1015.5 1559  3.9  9.5 12.4 -9.0 18.80  2.91 1100   -9.0   -9.0 -9.00   -9.0   -9   -9.0   -9   -9.0   -9   -9.0   -9   -9.0   -9 -99.0 -99.0 -99.0 -99.0 -99.0
20260916 247  1.9  1641   7  4.7 2320   7  8.2 2312  22.1  29.3 1444  15.4  613  14.0  26.0  13.9  63.8  35.0 1345  16.0  -9.0  -9.0 -9.00 1001.6 1017.1 1019.0 2359 1014.8 1501  3.6  9.6 12.4 -9.0 -9.00 -9.00   -9   -9.0   -9.0 -9.00   -9.0   -9   -9.0   -9   -9.0   -9   -9.0   -9   -9.0   -9 -99.0 -99.0 -99.0 -99.0 -99.0
20260916 248  0.8   654  36  3.3 1435  34  6.9 1427  18.1  27.1 1237  12.5  513  13.3  22.8  10.1  77.9  40.0 1241  15.3  -9.0  -9.0 -9.00  971.4 1018.4 1021.4 2348 1015.4 1538  3.4  8.3 12.4 -9.0 -9.00 -9.00   -9   -9.0   -9.0 -9.00   -9.0   -9   -9.0   -9   -9.0   -9   -9.0   -9   -9.0   -9 -99.0 -99.0 -99.0 -99.0 -99.0
20260916 251  1.2   999  32  3.7 1636  11  6.0 1517  21.3  29.4 1455  13.4  618  15.3  25.2  10.1  71.8  42.0 1213  17.4   5.6   3.9 -9.00 1011.2 1017.1 1018.4 2322 1015.1 1613  4.0  9.4 12.4 -9.0 19.16  3.01 1200   -9.0   -9.0 -9.00   -9.0   -9   -9.0   -9   -9.0   -9   -9.0   -9   -9.0   -9 -99.0 -99.0 -99.0 -99.0 -99.0
20260916 252  1.0   857  36  3.3 1443  34  5.7 1435  21.1  28.7 1421  14.3  602  15.7  24.4  12.6  73.9  46.0 1343  18.0   4.8   3.3 -9.00 1012.8 1017.2 1018.2 2315 1015.6 1557  3.6  9.5 12.4 -9.0 19.23  2.98 1100   -9.0   -9.0 -9.00   -9.0   -9   -9.0   -9   -9.0   -9   -9.0   -9   -9.0   -9 -99.0 -99.0 -99.0 -99.0 -99.0
20260916 253  1.1   968  11  3.0 1107   9  7.5 1102  23.9  29.4 1341  20.6  656  15.4  28.1  16.3  60.5  42.0 1344  17.6   6.0   4.2 -9.00 1011.8 1018.2 1019.8 2239 1016.6 1539  3.3  8.9 12.4 -9.0 20.77  3.15 1100   -9.0   -9.0 -9.00   -9.0   -9   -9.0   -9   -9.0   -9   -9.0   -9   -9.0   -9 -99.0 -99.0 -99.0 -99.0 -99.0
20260916 254  1.0   830  14  2.7 1329  14  4.2 1324  21.2  29.8 1537  14.5  638  14.7  27.2  12.6  69.8  31.0 1416  16.8   5.9   4.1 -9.00 1002.5 1017.6 1019.6 2345 1015.1 1608  3.9  9.8 12.4 -9.0 21.89  3.23 1200   -9.0   -9.0 -9.00   -9.0   -9   -9.0   -9   -9.0   -9   -9.0   -9   -9.0   -9 -99.0 -99.0 -99.0 -99.0 -99.0
20260916 255  1.9  1668   7  3.7 1102   7  7.0 1106  24.3  29.7 1419  20.3 2345  15.0  26.5  15.5  58.4  37.0 1342  17.2   6.4   4.5 -9.00 1011.1 1016.9 1018.9 2222 1015.0 1533  3.8  8.8 12.4 -9.0 19.32  2.85 1100   -9.0   -9.0 -9.00   -9.0   -9   -9.0   -9   -9.0   -9   -9.0   -9   -9.0   -9 -99.0 -99.0 -99.0 -99.0 -99.0
20260916 257  2.7  2312   7  4.0 1136   5  9.8 1128  24.2  29.1 1404  21.4  545  15.5  28.6  18.3  60.1  40.0 1411  17.7   7.2   5.0 -9.00 1016.7 1017.4 1019.0 2258 1015.9 1544  2.1  8.6 12.4 -9.0 21.02  3.18 1200   -9.0   -9.0 -9.00   -9.0   -9   -9.0   -9   -9.0   -9   -9.0   -9   -9.0   -9 -99.0 -99.0 -99.0 -99.0 -99.0
20260916 258  2.2  1903  16  4.5 1107  14  6.4 1101  22.7  29.0 1526  17.7  443  17.2  24.1  16.4  73.5  42.0 1408  19.6   6.3   4.4 -9.00 1017.3 1017.5 1019.2 2353 1015.5 1619  4.1  9.5 12.4 -9.0 22.25  3.23 1200   -9.0   -9.0 -9.00   -9.0   -9   -9.0   -9   -9.0   -9   -9.0   -9   -9.0   -9 -99.0 -99.0 -99.0 -99.0 -99.0
20260916 259  1.0   881  11  2.9 1210   9  6.0 1311  22.8  29.6 1303  16.2  628  17.2  28.2  14.9  73.0  45.0 1511  19.6   5.7   4.0 -9.00 1014.9 1016.8 1018.2 2335 1014.9 1610  4.1  9.0 12.4 -9.0 21.23  3.30 1200   -9.0   -9.0 -9.00   -9.0   -9   -9.0   -9   -9.0   -9   -9.0   -9   -9.0   -9 -99.0 -99.0 -99.0 -99.0 -99.0
20260916 260  1.1   928  18  3.6 1338  18  5.9 1336  22.1  28.7 1407  15.5  641  17.1  25.3  14.5  75.1  43.0 1557  19.5  -9.0  -9.0 -9.00 1011.7 1016.8 1018.4 2342 1014.8 1624  4.3  7.0 12.4 -9.0 -9.00 -9.00   -9   -9.0   -9.0 -9.00   -9.0   -9   -9.0   -9   -9.0   -9   -9.0   -9   -9.0   -9 -99.0 -99.0 -99.0 -99.0 -99.0
20260916 261  1.2  1010  11  4.7 1325  11  8.4 1048  22.2  30.1 1315  15.0  634  18.2  26.3  13.3  79.8  50.0 1259  21.1  -9.0  -9.0 -9.00 1015.4 1017.3 1018.7 2336 1015.6 1615  4.9  7.3 12.4 -9.0 -9.00 -9.00   -9    0.0   -9.0 -9.00    0.0   -9    0.0   -9   -9.0   -9   -9.0   -9   -9.0   -9 -99.0 -99.0 -99.0 -99.0 -99.0
20260916 262  1.2  1025   9  3.5 1029  11  7.3 1246  22.5  29.7 1508  17.1  620  16.4  27.2  18.3  71.4  40.0 1456  18.7   5.0   3.5 -9.00 1011.0 1017.1 1018.7 2358 1015.3 1609  4.0  8.5 12.4 -9.0 17.10  2.28 1000   -9.0   -9.0 -9.00   -9.0   -9   -9.0   -9   -9.0   -9   -9.0   -9   -9.0   -9 -99.0 -99.0 -99.0 -99.0 -99.0
20260916 263  1.3  1089   5  3.3 1536   5  6.0 1040  20.9  28.4 1455  14.9 2347  16.0  28.4  10.3  76.5  42.0 1436  18.3   4.9   3.4 -9.00 1015.8 1017.5 1019.5 2206 1015.4 1531  3.8  6.9 12.4 -9.0 17.79  2.69 1400   -9.0   -9.0 -9.00   -9.0   -9   -9.0   -9   -9.0   -9   -9.0   -9   -9.0   -9 -99.0 -99.0 -99.0 -99.0 -99.0
20260916 264  0.9   782  18  3.1 1422  16  5.4 1417  21.4  29.1 1609  14.8 2358  15.4  27.3  12.8  72.8  34.0 1530  17.6   5.5   3.9 -9.00 1000.3 1017.9 1020.7 2357 1015.4 1535  4.1  8.9 12.4 -9.0 21.22  3.35 1200    0.0   -9.0 -9.00    0.0   -9    0.0   -9   -9.0   -9   -9.0   -9   -9.0   -9 -99.0 -99.0 -99.0 -99.0 -99.0
20260916 266  1.8  1554   9  3.9  756   7  8.0 1153  23.9  29.2 1512  20.4 2353  16.0  32.1  17.9  63.0  37.0 1605  18.3   7.0   4.9 -9.00 1007.4 1017.5 1019.6 2328 1015.7 1641  3.6 10.1 12.4 -9.0 22.42  3.17 1100   -9.0   -9.0 -9.00   -9.0   -9   -9.0   -9   -9.0   -9   -9.0   -9   -9.0   -9 -99.0 -99.0 -99.0 -99.0 -99.0
20260916 268  1.2  1072  18  3.8 1349  20  6.2 1341  21.7  28.2 1434  15.5  613  16.5  24.7  13.6  73.9  52.0 1220  18.9  -9.0  -9.0 -9.00   -9.0   -9.0 1016.3 2042 1014.4 1549  4.3  6.9 12.4 -9.0 -9.00 -9.00   -9   -9.0   -9.0 -9.00   -9.0   -9   -9.0   -9   -9.0   -9   -9.0   -9   -9.0   -9 -99.0 -99.0 -99.0 -99.0 -99.0
20260916 271  1.3  1144  14  4.2 1558  14  9.9 1546  17.1  25.7 1242  11.2  600  12.4  22.6   7.8  77.5  41.0 1243  14.4  -9.0  -9.0 -9.00  982.2 1020.0 1022.8 2324 1017.5 1453  2.1  9.0 12.4 -9.0 -9.00 -9.00   -9   -9.0   -9.0 -9.00   -9.0   -9   -9.0   -9   -9.0   -9   -9.0   -9   -9.0   -9 -99.0 -99.0 -99.0 -99.0 -99.0
20260916 272  1.4  1173  11  3.4 1732  11  5.9 1753  19.1  26.7 1602  13.6  635  13.7  26.8  11.1  75.0  40.0 1544  15.8  -9.0  -9.0 -9.00  994.5 1019.1 1021.7 2235 1016.6 1536  2.4  8.8 12.4 -9.0 -9.00 -9.00   -9   -9.0   -9.0 -9.00   -9.0   -9   -9.0   -9   -9.0   -9   -9.0   -9   -9.0   -9 -99.0 -99.0 -99.0 -99.0 -99.0
20260916 273  1.2  1001  14  3.0 1245  14  4.9 1236  19.3  27.2 1440  13.0  612  14.1  26.1   9.9  74.4  42.0 1444  16.2  -9.0  -9.0 -9.00  998.2 1018.4 1020.6 2225 1016.0 1615  1.4  8.6 12.4 -9.0 -9.00 -9.00   -9   -9.0   -9.0 -9.00   -9.0   -9   -9.0   -9   -9.0   -9   -9.0   -9   -9.0   -9 -99.0 -99.0 -99.0 -99.0 -99.0
20260916 276  1.3  1141   9  4.0 1307  11  7.5 1303  18.3  26.4 1211  12.8 2258  14.2  23.3   8.9  81.4  46.0 1526  16.3   4.4   3.1 -9.00  994.4 1018.8 1021.1 2326 1016.9 1602  3.0  6.1 12.4 -9.0 16.10  2.52 1200   -9.0   -9.0 -9.00   -9.0   -9   -9.0   -9   -9.0   -9   -9.0   -9   -9.0   -9 -99.0 -99.0 -99.0 -99.0 -99.0
20260916 277  1.7  1508   2  5.3 1502   2  8.9 1537  20.3  26.0 1314  16.3 2317  14.9  26.9  13.8  73.9  45.0 1333  17.1  -9.0  -9.0 -9.00 1014.5 1019.3 1020.7 2232 1017.7  123  2.9  9.6 12.4 -9.0 -9.00 -9.00   -9    0.8   -9.0 -9.00    0.8   -9    0.8  657   -9.0   -9   -9.0   -9   -9.0   -9 -99.0 -99.0 -99.0 -99.0 -99.0
20260916 278  0.9   782   5  3.2 1245   2  6.5 1721  20.0  28.8 1448  14.3 2354  14.2  26.6   9.7  73.9  39.0 1600  16.3  -9.0  -9.0 -9.00 1008.3 1017.9 1020.0 2308 1015.6 1600  3.1  7.5 12.4 -9.0 -9.00 -9.00   -9   -9.0   -9.0 -9.00   -9.0   -9   -9.0   -9   -9.0   -9   -9.0   -9   -9.0   -9 -99.0 -99.0 -99.0 -99.0 -99.0
20260916 279  1.1   992  11  3.1 2027   7  6.1 2022  21.9  29.5 1416  15.6  502  13.6  27.7  13.0  62.9  36.0 1553  15.6   5.7   4.0 -9.00 1012.5 1018.2 1020.2 2249 1015.8 1555  3.3  9.3 12.4 -9.0 20.90  3.03 1100   -9.0   -9.0 -9.00   -9.0   -9   -9.0   -9   -9.0   -9   -9.0   -9   -9.0   -9 -99.0 -99.0 -99.0 -99.0 -99.0
20260916 281  1.6  1375   9  4.5 1302   9  8.1 1241  20.3  26.8 1220  15.0 2354  13.9  27.0  11.6  70.9  40.0 1335  16.0  -9.0  -9.0 -9.00 1007.8 1019.1 1020.7 2305 1017.6 1544  3.1 10.2 12.4 -9.0 -9.00 -9.00   -9   -9.0   -9.0 -9.00   -9.0   -9   -9.0   -9   -9.0   -9   -9.0   -9   -9.0   -9 -99.0 -99.0 -99.0 -99.0 -99.0
20260916 283  2.2  1918   7  5.8 1313   2  9.9 1524  20.7  27.5 1157  15.4 2356  14.6  26.1  12.4  71.9  40.0 1406  16.8   5.7   4.0 -9.00 1014.2 1018.9 1020.4 2118 1017.5  309  3.3  8.3 12.4 -9.0 19.13  2.64 1100   -9.0   -9.0 -9.00   -9.0   -9   -9.0   -9   -9.0   -9   -9.0   -9   -9.0   -9 -99.0 -99.0 -99.0 -99.0 -99.0
20260916 284  1.2  1050  11  3.4 1232  11  5.5 1232  20.2  27.5 1510  14.1  636  14.4  24.5  11.2  71.8  43.0 1403  16.4   4.6   3.2 -9.00  991.6 1018.1 1020.7 2356 1015.4 1527  3.0  8.3 12.4 -9.0 17.47  2.64 1000   -9.0   -9.0 -9.00   -9.0   -9   -9.0   -9   -9.0   -9   -9.0   -9   -9.0   -9 -99.0 -99.0 -99.0 -99.0 -99.0
20260916 285  0.9   742  36  2.9 1243   5  5.8 1428  21.8  29.2 1412  16.1 2332  15.6  28.0  12.1  71.5  39.0 1227  17.8  -9.0  -9.0 -9.00 1015.0 1018.1 1020.2 2342 1016.1 1512  3.0  9.8 12.4 -9.0 -9.00 -9.00   -9   -9.0   -9.0 -9.00   -9.0   -9   -9.0   -9   -9.0   -9   -9.0   -9   -9.0   -9 -99.0 -99.0 -99.0 -99.0 -99.0
20260916 288  1.3  1158   7  4.0 1508   7  7.5 1701  23.6  29.7 1431  17.7 2338  15.0  27.9  15.8  61.6  38.0 1545  17.2   6.0   4.2 -9.00 1015.2 1016.2 1018.0 2214 1014.2 1542  4.1  9.7 12.4 -9.0 20.37  2.78 1200   -9.0   -9.0 -9.00   -9.0   -9   -9.0   -9   -9.0   -9   -9.0   -9   -9.0   -9 -99.0 -99.0 -99.0 -99.0 -99.0
20260916 289  0.9   799   2  3.3 1441   2  5.2 1436  21.5  28.4 1428  15.9 2400  15.1  27.5  10.9  70.3  37.0 1507  17.2  -9.0  -9.0 -9.00 1002.6 1018.6 1021.2 2359 1016.4 1523  3.6  8.2 12.4 -9.0 -9.00 -9.00   -9   -9.0   -9.0 -9.00   -9.0   -9   -9.0   -9   -9.0   -9   -9.0   -9   -9.0   -9 -99.0 -99.0 -99.0 -99.0 -99.0
20260916 294  1.4  1191  11  3.5 1332   5  8.2 1708  23.2  27.7 1314  20.1  230  15.2  28.0  14.7  62.5  42.0 1144  17.4  -9.0  -9.0 -9.00 1012.8 1018.0 1019.6 2159 1016.7  212  2.8  9.8 12.4 -9.0 -9.00 -9.00   -9   -9.0   -9.0 -9.00   -9.0   -9   -9.0   -9   -9.0   -9   -9.0   -9   -9.0   -9 -99.0 -99.0 -99.0 -99.0 -99.0
20260916 295  1.4  1212  36  2.6  943   2  5.4  908  23.0  28.1 1452  19.1 2343  16.6  29.5  14.3  69.3  44.0 1547  19.0  -9.0  -9.0 -9.00 1012.2 1017.5 1019.3 2334 1015.8 1624  3.5 10.0 12.4 -9.0 -9.00 -9.00   -9   -9.0   -9.0 -9.00   -9.0   -9   -9.0   -9   -9.0   -9   -9.0   -9   -9.0   -9 -99.0 -99.0 -99.0 -99.0 -99.0
20260916 296  3.1  2683   5  5.8  902  16  9.4 1234  23.8  28.6 1357  20.3  305  16.1  26.0  16.4  64.1  41.0 1310  18.4   7.8   5.5 -9.00 1016.3 1016.6 1018.2 2130 1015.1 1555  3.0  9.3 12.4 -9.0 21.77  3.20 1200   -9.0   -9.0 -9.00   -9.0   -9   -9.0   -9   -9.0   -9   -9.0   -9   -9.0   -9 -99.0 -99.0 -99.0 -99.0 -99.0
20260917  90  2.0  1727  11  3.6 1539  11  5.9 1524  20.9  25.5 1321  15.8  332  15.5  26.5  14.4  71.9  59.0 1325  17.6   5.1   3.6 -9.00 1020.6 1022.6 1023.7 2112 1021.2  140  5.1  9.6 12.4 -9.0 20.34  3.03 1300   -9.0   -9.0 -9.00   -9.0   -9   -9.0   -9   -9.0   -9   -9.0   -9   -9.0   -9 -99.0 -99.0 -99.0 -99.0 -99.0
20260917  93  1.4  1222   7  5.7 1846   7  8.9 1846  18.9  27.7 1409   9.9  641  12.6  23.6   6.8  70.4  40.0 1412  14.6   5.3   3.7 -9.00 1010.7 1022.0 1023.7  736 1019.4 1609  4.8  9.7 12.4 -9.0 18.56  3.05 1100   -9.0   -9.0 -9.00   -9.0   -9   -9.0   -9   -9.0   -9   -9.0   -9   -9.0   -9  23.3  24.0  24.1  23.1  20.2
20260917  95  1.3  1096  11  3.7 1558  11  7.0 1402  19.0  27.1 1433   9.7  625  12.3  21.5   7.5  68.5  36.0 1251  14.3   4.9   3.4 -9.00 1003.7 1021.9 1023.6  748 1019.5 1558  5.6  9.8 12.4 -9.0 17.95  2.77 1100   -9.0   -9.0 -9.00   -9.0   -9   -9.0   -9   -9.0   -9   -9.0   -9   -9.0   -9 -99.0 -99.0 -99.0 -99.0 -99.0
20260917  98  1.1   989   7  3.0 2400  18  7.8 1221  20.9  28.9 1358  12.4  622  11.4  22.9   9.3  57.3  35.0 1351  13.5   5.4   3.8 -9.00 1007.2 1020.7 1022.3  744 1018.9 1520  5.4  7.4 12.4 -9.0 17.28  2.90 1100   -9.0   -9.0 -9.00   -9.0   -9   -9.0   -9   -9.0   -9   -9.0   -9   -9.0   -9 -99.0 -99.0 -99.0 -99.0 -99.0
20260917  99  1.5  1321   9  3.5  803   9  5.8 1224  19.2  28.0 1347  12.7  612  14.1  20.7  10.5  74.1  40.0 1348  16.2   4.7   3.3 -9.00 1017.7 1021.3 1022.8 1004 1019.8 1524  5.9  6.3 12.4 -9.0 17.23  3.06 1100   -9.0   -9.0 -9.00   -9.0   -9   -9.0   -9   -9.0   -9   -9.0   -9   -9.0   -9 -99.0 -99.0 -99.0 -99.0 -99.0
20260917 100  2.2  1871   9  4.4 1418  11  7.8 1332  14.0  20.4 1310   6.3  516  12.4  17.3   5.8  91.0  70.0 1312  14.7   3.2   2.3 -9.00  934.4 1023.2 1025.1  611 1021.2 1310  6.5  4.3 12.4 -9.0 15.74  2.77 1100   -9.0   -9.0 -9.00   -9.0   -9   -9.0   -9   -9.0   -9   -9.0   -9   -9.0   -9 -99.0 -99.0 -99.0 -99.0 -99.0
20260917 101  1.9  1611   5  4.2 1548   5  7.2 1649  19.7  27.6 1427  12.3  546  12.9  23.5   7.7  68.0  42.0 1430  15.0   5.6   3.9 -9.00 1011.7 1020.6 1022.4  739 1018.0 1605  4.8  8.2 12.4 -9.0 19.78  3.03 1100   -9.0   -9.0 -9.00   -9.0   -9   -9.0   -9   -9.0   -9   -9.0   -9   -9.0   -9  23.5  23.9  23.8  20.5  17.0
20260917 102  2.2  1943  11  4.8 1022  11  8.1 1021  20.4  24.9 1600  16.5  440  15.3  21.8  11.5  73.6  48.0 1604  17.4   4.7   3.3 -9.00 1014.8 1019.0 1020.6 1038 1017.6  328  5.9  7.1 12.4 -9.0 16.11  2.51 1200   -9.0   -9.0 -9.00   -9.0   -9   -9.0   -9   -9.0   -9   -9.0   -9   -9.0   -9 -99.0 -99.0 -99.0 -99.0 -99.0
20260917 104  1.2  1050  11  3.8 1423  11  6.4 1427  20.1  25.3 1300  13.8  233  16.9  23.4  11.3  82.4  66.0 1301  19.4   4.4   3.1 -9.00 1012.9 1021.8 1022.8 2120 1020.6   24  4.6  8.6 12.4 -9.0 19.54  2.88 1100   -9.0   -9.0 -9.00   -9.0   -9   -9.0   -9   -9.0   -9   -9.0   -9   -9.0   -9  23.0  23.1  23.3  20.9  16.3
20260917 105  1.7  1464  11  3.7 1435   9  7.4 1429  20.4  25.8 1229  15.4  436  14.9  24.4  12.9  71.8  51.0 1340  17.1   4.4   3.1 -9.00 1019.3 1022.5 1023.5 2130 1021.1   31  4.5  7.2 12.4 -9.0 17.10  2.71 1300   -9.0   -9.0 -9.00   -9.0   -9   -9.0   -9   -9.0   -9   -9.0   -9   -9.0   -9  23.3  23.3  24.1  20.9  17.7
20260917 106  2.3  1977   2  3.5 1103   9  6.0 1227  21.2  26.6 1248  14.7  431  16.3  25.3  12.7  74.6  58.0 1138  18.6   5.2   3.6 -9.00 1017.8 1022.5 1023.4 1013 1021.3   19  5.6  6.7 12.4 -9.0 17.81  2.98 1200   -9.0   -9.0 -9.00   -9.0   -9   -9.0   -9   -9.0   -9   -9.0   -9   -9.0   -9 -99.0 -99.0 -99.0 -99.0 -99.0
20260917 108  2.6  2240   5  4.2 1151   2  8.7 1118  22.8  27.7 1313  17.3  623  12.4  23.7  10.6  52.6  41.0 1327  14.5   6.6   4.6 -9.00 1010.3 1020.3 1021.6  733 1018.6 1526  6.1  8.1 12.4 -9.0 18.71  3.17 1200   -9.0   -9.0 -9.00   -9.0   -9   -9.0   -9   -9.0   -9   -9.0   -9   -9.0   -9  23.5  24.0  24.6  21.8  17.3
20260917 112  2.1  1853   9  4.6 2340  11  8.3 1503  23.5  28.4 1302  19.2  545  12.7  24.4  12.3  51.6  38.0 1422  14.8   6.4   4.5 -9.00 1011.9 1019.8 1021.1  943 1018.7 1503  6.0  6.7 12.4 -9.0 17.80  3.18 1200   -9.0   -9.0 -9.00   -9.0   -9   -9.0   -9   -9.0   -9   -9.0   -9   -9.0   -9  22.9  23.3  23.2  21.2  17.0
20260917 114  1.6  1346   9  3.5 1613   9  8.8 1744  20.4  27.7 1249  13.3  608  12.3  22.1   8.5  62.5  39.0 1155  14.3   4.7   3.3 -9.00 1003.1 1020.6 1022.2  736 1018.3 1542  6.0  5.9 12.4 -9.0 15.78  2.93 1100   -9.0   -9.0 -9.00   -9.0   -9   -9.0   -9   -9.0   -9   -9.0   -9   -9.0   -9 -99.0 -99.0 -99.0 -99.0 -99.0
20260917 115  4.2  3590   5  7.2 1744   5 12.6 1715  22.0  24.5 1231  20.3    6  17.8  25.8  -9.0  77.8  69.0 1111  20.4   5.0   3.5 -9.00  996.2 1021.8 1023.0 1009 1020.8  116  5.6  6.5 12.4 -9.0 18.56  2.88 1200   -9.0   -9.0 -9.00   -9.0   -9   -9.0   -9   -9.0   -9   -9.0   -9   -9.0   -9  23.1  22.9  22.2  16.8  14.9
20260917 119  2.7  2302  14  4.9 1242  11  9.2 1205  22.5  26.3 1238  16.9  614  12.3  24.1  12.3  53.4  41.0 1118  14.3   6.0   4.2 -9.00 1015.1 1019.8 1021.1  734 1018.4 1530  5.4  6.3 12.4 -9.0 16.19  3.02 1100   -9.0   -9.0 -9.00   -9.0   -9   -9.0   -9   -9.0   -9   -9.0   -9   -9.0   -9  23.3  23.7  23.5  20.9  17.6
20260917 121  1.5  1269   7  5.2 1611   9  7.9 1553  18.7  27.8 1322  10.7  641  13.2  20.3  13.3  73.1  42.0 1324  15.2   3.9   2.8 -9.00  993.6 1021.8 1023.7  731 1019.5 1550  6.1  4.4 12.4 -9.0 14.19  2.41 1000   -9.0   -9.0 -9.00   -9.0   -9   -9.0   -9   -9.0   -9   -9.0   -9   -9.0   -9 -99.0 -99.0 -99.0 -99.0 -99.0
20260917 127  1.2  1036   7  3.6 1052   2  7.5 1151  20.0  26.8 1339  12.3  603  12.9  21.4  11.1  66.4  40.0 1400  14.9   4.4   3.1 -9.00 1006.4 1019.8 1021.3 2126 1017.9 1536  6.4  5.6 12.4 -9.0 16.50  2.75 1000   -9.0   -9.0 -9.00   -9.0   -9   -9.0   -9   -9.0   -9   -9.0   -9   -9.0   -9 -99.0 -99.0 -99.0 -99.0 -99.0
20260917 129  2.0  1703   5  4.2 1040   2  6.7 1011  21.9  26.3 1445  16.3  323  12.6  21.5  10.7  56.6  44.0 1444  14.7   4.7   3.3 -9.00 1016.6 1019.5 1020.7  934 1018.5  223  6.9  5.6 12.4 -9.0 14.46  2.69 1000   -9.0   -9.0 -9.00   -9.0   -9   -9.0   -9   -9.0   -9   -9.0   -9   -9.0   -9  22.7  23.6  23.6  21.0  18.0
20260917 130  3.2  2729  11  6.0  847  11  8.9 2301  22.1  25.3 1144  15.9   57  15.9  23.8  14.0  69.3  52.0 1147  18.1  -9.0  -9.0 -9.00 1016.3 1022.0 1023.0  940 1020.8  329  6.6  6.9 12.4 -9.0 -9.00 -9.00   -9   -9.0   -9.0 -9.00   -9.0   -9   -9.0   -9   -9.0   -9   -9.0   -9   -9.0   -9 -99.0 -99.0 -99.0 -99.0 -99.0
20260917 131  2.4  2109   9  5.4 1654   9  9.6 1143  23.1  27.7 1250  17.8  626  11.9  24.0  14.1  50.6  32.0 1146  14.0   6.2   4.3 -9.00 1012.8 1019.6 1021.0 2056 1018.1 1503  6.6  6.0 12.4 -9.0 16.40  3.01 1100   -9.0   -9.0 -9.00   -9.0   -9   -9.0   -9   -9.0   -9   -9.0   -9   -9.0   -9 -99.0 -99.0 -99.0 -99.0 -99.0
20260917 133  2.2  1935  16  5.0 1044   7  9.1 1905  22.2  27.0 1246  16.5  617  13.9  23.5  12.6  60.6  46.0 1203  15.9   4.6   3.2 -9.00 1012.0 1019.9 1021.3 2140 1018.4 1503  6.9  5.2 12.4 -9.0 13.91  2.74 1000   -9.0   -9.0 -9.00   -9.0   -9   -9.0   -9   -9.0   -9   -9.0   -9   -9.0   -9  26.2  26.1  25.8  23.6  19.5
20260917 135  2.4  2073   9  6.2 1102   9 11.0 1139  19.1  25.4 1317  12.0  600  12.9  22.3   8.5  69.1  49.0 1251  14.9   4.9   3.4 -9.00  991.6 1020.1 1021.4  709 1018.2 1459  7.0  6.3 12.4 -9.0 17.02  2.79 1000   -9.0   -9.0 -9.00   -9.0   -9   -9.0   -9   -9.0   -9   -9.0   -9   -9.0   -9 -99.0 -99.0 -99.0 -99.0 -99.0
20260917 136  1.8  1571  14  5.2 1109  14  9.1 1109  20.4  26.8 1132  13.1  540  13.7  25.0  11.6  67.3  46.0 1117  15.7   4.4   3.1 -9.00 1005.1 1021.6 1022.8 2143 1020.4 1519  6.8  4.9 12.4 -9.0 15.13  2.60 1100   -9.0   -9.0 -9.00   -9.0   -9   -9.0   -9   -9.0   -9   -9.0   -9   -9.0   -9 -99.0 -99.0 -99.0 -99.0 -99.0
20260917 137  0.7   591  11  1.7 1351  11  5.4 1351  20.3  27.1 1314  14.0  615  14.2  24.3  10.5  69.6  45.0 1402  16.2   3.5   2.5 -9.00 1008.6 1019.9 1021.0 2214 1018.2 1525  7.4  4.4 12.4 -9.0 14.26  2.65 1000   -9.0   -9.0 -9.00   -9.0   -9   -9.0   -9   -9.0   -9   -9.0   -9   -9.0   -9 -99.0 -99.0 -99.0 -99.0 -99.0
20260917 138  4.3  3742   7  6.1 1815   7  9.7 1235  24.7  27.1 1305  23.0    8  16.1  28.3  21.3  59.4  48.0  933  18.3   6.8   4.8 -9.00 1019.3 1019.8 1020.9 1013 1018.4  419  6.1  7.9 12.4 -9.0 18.87  2.96 1100   -9.0    0.4 -9.00   -9.0   -9   -9.0   -9   -9.0   -9   -9.0   -9   -9.0   -9  24.7  23.4  22.8  20.1  17.6
20260917 140  2.0  1747   5  3.4 2141   7  7.3 2123  22.5  27.0 1202  18.0  628  15.3  24.2  14.8  64.5  51.0 1211  17.4  -9.0  -9.0 -9.00 1016.4 1019.6 1020.7  712 1018.4 1533  7.6  5.5 12.4 -9.0 -9.00 -9.00   -9   -9.0   -9.0 -9.00   -9.0   -9   -9.0   -9   -9.0   -9   -9.0   -9   -9.0   -9 -99.0 -99.0 -99.0 -99.0 -99.0
20260917 143  2.7  2346  11  6.5 1440   9 10.5 1636  21.9  27.1 1224  15.4  514  13.1  26.1  11.7  59.5  31.0 1356  15.1   6.5   4.6 -9.00 1013.9 1020.2 1021.0  740 1018.9 1523  7.5  7.8 12.4 -9.0 18.92  2.70 1100   -9.0   -9.0 -9.00   -9.0   -9   -9.0   -9   -9.0   -9   -9.0   -9   -9.0   -9 -99.0 -99.0 -99.0 -99.0 -99.0
20260917 146  2.0  1729   7  4.3 1534   9  7.8 1451  23.3  28.9 1257  17.0  629  13.5  23.9  10.3  55.1  40.0 1258  15.5   5.8   4.1 -9.00 1011.6 1018.6 1019.9  715 1017.0 1547  7.3  6.9 12.4 -9.0 17.07  2.79 1200   -9.0   -9.0 -9.00   -9.0   -9   -9.0   -9   -9.0   -9   -9.0   -9   -9.0   -9 -99.0 -99.0 -99.0 -99.0 -99.0
20260917 152  3.2  2725   9  7.3 1402  11 12.0  946  22.8  25.4 1217  20.1  314  14.6  25.9  18.7  60.4  49.0 1111  16.7   5.4   3.8 -9.00 1009.7 1019.1 1020.0  949 1017.8  355  8.0  4.9 12.4 -9.0 16.58  2.74 1200   -9.0   -9.0 -9.00   -9.0   -9   -9.0   -9   -9.0   -9   -9.0   -9   -9.0   -9 -99.0 -99.0 -99.0 -99.0 -99.0
20260917 155  2.5  2170   9  6.2 1158   9 10.8 1214  23.2  27.9 1448  18.2  615  14.6  26.8  14.7  59.1  43.0 1409  16.6   5.7   4.0 -9.00 1014.8 1018.9 1019.8  956 1017.8 1441  6.1  7.5 12.3 -9.0 17.72  2.97 1100   -9.0   -9.0 -9.00   -9.0   -9   -9.0   -9   -9.0   -9   -9.0   -9   -9.0   -9 -99.0 -99.0 -99.0 -99.0 -99.0
20260917 156  2.4  2047   5  3.9  823   2  7.4 1135  22.9  29.0 1243  17.5  559  15.0  25.0  12.1  62.3  45.0 1245  17.1   4.8   3.3 -9.00 1010.0 1018.1 1019.3  709 1016.7 1518  7.5  6.1 12.4 -9.0 15.65  2.80 1100   -9.0   -9.0 -9.00   -9.0   -9   -9.0   -9   -9.0   -9   -9.0   -9   -9.0   -9 -99.0 -99.0 -99.0 -99.0 -99.0
20260917 159  3.6  3091   9  5.8 1514  11 13.0 1408  24.0  27.5 1319  20.8  319  15.4  27.0  16.2  59.5  44.0 1447  17.6   6.0   4.2 -9.00 1010.0 1018.0 1018.8 1009 1017.1  320  7.5  4.6 12.4 -9.0 16.81  2.74 1300   -9.0    0.2 -9.00   -9.0   -9   -9.0   -9   -9.0   -9   -9.0   -9   -9.0   -9  26.0  26.4  25.9  21.5  19.6
20260917 162  2.5  2196   5  5.4  758   7  9.5 1228  23.6  27.5 1344  20.3  556  14.7  25.2  14.9  58.1  45.0 1540  16.8   5.0   3.5 -9.00 1013.8 1017.4 1018.2 2339 1016.4 1612  7.0  5.3 12.4 -9.0 16.54  2.53 1300   -9.0   -9.0 -9.00   -9.0   -9   -9.0   -9   -9.0   -9   -9.0   -9   -9.0   -9 -99.0 -99.0 -99.0 -99.0 -99.0
20260917 165  2.1  1821   2  4.4 1726  14  6.9 2240  23.8  27.7 1459  19.6  637  15.8  29.8  14.3  61.6  49.0 1501  18.1   5.1   3.5 -9.00 1013.0 1018.2 1019.3  950 1017.0 1621  8.0  4.6 12.3 -9.0 16.20  2.74 1100   -9.0   -9.0 -9.00   -9.0   -9   -9.0   -9   -9.0   -9   -9.0   -9   -9.0   -9  25.9  25.0  25.1  22.7  19.3
20260917 168  6.0  5147   5  8.9  459   9 16.6 2020  23.7  27.1 1435  21.1  534  13.8  25.0  19.5  53.9  48.0 1358  15.8   8.1   5.6 -9.00 1010.6 1018.2 1019.2  948 1017.0 1535  7.4  6.2 12.4 -9.0 18.56  3.08 1100   -9.0    0.5 -9.00   -9.0   -9   -9.0   -9   -9.0   -9   -9.0   -9   -9.0   -9  27.1  26.3  25.5  22.0  18.2
20260917 169  3.0  2561  36  6.2 2116   2  9.0 2108  22.9  26.3 1221  20.6  505  17.7  25.5  19.1  73.3  51.0 1129  20.2   4.8   3.4 -9.00 1009.4 1018.1 1019.0  936 1017.2 1540  8.3  3.9 12.4 -9.0 15.07  2.42 1000   -9.0   -9.0 -9.00   -9.0   -9   -9.0   -9   -9.0   -9   -9.0   -9   -9.0   -9 -99.0 -99.0 -99.0 -99.0 -99.0
20260917 170  2.7  2345   7  5.2 1004   9  8.7 2331  24.0  28.5 1117  18.6  540  16.3  26.4  14.5  62.6  50.0 1045  18.5   5.8   4.1 -9.00 1014.0 1018.1 1019.2  730 1016.9 1442  7.9  5.7 12.4 -9.0 16.54  3.02 1000   -9.0   -9.0 -9.00   -9.0   -9   -9.0   -9   -9.0   -9   -9.0   -9   -9.0   -9 -99.0 -99.0 -99.0 -99.0 -99.0
20260917 172  1.5  1297   9  4.3 1237   9  6.4 1232  22.4  28.1 1239  16.2  640  16.1  25.2  12.5  69.6  41.0 1230  18.3   4.9   3.5 -9.00 1012.0 1018.1 1019.1  654 1016.8 1509  7.5  6.6 12.4 -9.0 17.25  2.87 1200   -9.0   -9.0 -9.00   -9.0   -9   -9.0   -9   -9.0   -9   -9.0   -9   -9.0   -9 -99.0 -99.0 -99.0 -99.0 -99.0
20260917 174  1.1   982  11  5.2 1116  14  9.0 1108  19.0  27.1 1152  11.6  614  14.2  24.2   9.8  76.6  45.0 1147  16.2  -9.0  -9.0 -9.00  998.7 1018.0 1019.5  714 1016.2 1506  7.3  5.7 12.3 -9.0 -9.00 -9.00   -9   -9.0   -9.0 -9.00   -9.0   -9   -9.0   -9   -9.0   -9   -9.0   -9   -9.0   -9 -99.0 -99.0 -99.0 -99.0 -99.0
20260917 177  1.7  1493   7  5.2 1151   5  8.3 1049  21.4  26.0 1128  14.3  510  14.7  24.6  12.6  67.0  51.0 1340  16.8   4.6   3.2 -9.00 1015.0 1018.2 1019.3  747 1017.0 1533  7.0  6.1 12.4 -9.0 15.05  2.61 1000   -9.0   -9.0 -9.00   -9.0   -9   -9.0   -9   -9.0   -9   -9.0   -9   -9.0   -9 -99.0 -99.0 -99.0 -99.0 -99.0
20260917 181  2.4  2034  11  5.1 1213   9 10.3 1207  20.0  26.5 1131  12.9  433  13.1  22.0  10.1  67.1  40.0 1210  15.1   5.2   3.6 -9.00 1016.2 1020.2 1021.5 2102 1018.7 1512  6.3  6.2 12.4 -9.0 16.56  3.04 1100   -9.0   -9.0 -9.00   -9.0   -9   -9.0   -9   -9.0   -9   -9.0   -9   -9.0   -9 -99.0 -99.0 -99.0 -99.0 -99.0
20260917 184  4.5  3917   7  8.5 1418   5 14.5 1417  24.5  27.3 1320  22.4   53  18.2  27.3  19.0  68.4  59.0 1439  20.9   4.3   3.0 -9.00 1014.3 1016.7 1017.7 2111 1015.5 1440  7.6  2.2 12.3 -9.0  9.07  2.01 1200    0.4   16.6  5.78    0.4 2259    0.2   -9   -9.0   -9   -9.0   -9   -9.0   -9  28.0  27.3  27.1  24.2  20.3
20260917 185  4.1  3561   7  7.8  926   5 11.3  911  24.1  28.6 1329  20.5  528  17.6  26.5  15.4  67.5  53.0 1328  20.1   5.1   3.6 -9.00 1007.7 1015.9 1017.3    5 1014.4 1422  6.0  6.3 12.3 -9.0 16.25  2.48 1200   -9.0   -9.0 -9.00   -9.0   -9   -9.0   -9   -9.0   -9   -9.0   -9   -9.0   -9 -99.0 -99.0 -99.0 -99.0 -99.0
20260917 188  4.9  4197   5  7.3 1516   5 12.3 1852  24.7  27.2 1253  22.8  606  18.7  26.4  20.7  69.4  61.0    2  21.5  -9.0  -9.0 -9.00 1014.8 1017.2 1018.3 2152 1016.3 1454  7.4  1.6 12.3 -9.0 -9.00 -9.00   -9   -9.0   -9.0 -9.00   -9.0   -9   -9.0   -9   -9.0   -9   -9.0   -9   -9.0   -9 -99.0 -99.0 -99.0 -99.0 -99.0
20260917 189  3.9  3406   7  7.2 1425   9 13.2 1631  24.9  28.8 1345  22.5  320  18.2  30.0  20.3  66.6  57.0 1345  20.9   6.3   4.4 -9.00 1010.6 1016.5 1017.7 2118 1015.5 1448  7.1  8.9 12.3 -9.0 19.57  2.86 1200   -9.0    0.0 -9.00   -9.0   -9   -9.0   -9   -9.0   -9   -9.0   -9   -9.0   -9 -99.0 -99.0 -99.0 -99.0 -99.0
20260917 192  1.0   840   7  3.4 1356   2  8.6 1352  20.4  27.1 1348  13.0  437  13.2  26.0  11.6  65.6  46.0 1345  15.2   4.3   3.0 -9.00 1015.6 1019.1 1020.3 2303 1017.5 1518  7.6  7.3 12.4 -9.0 16.92  3.04 1100   -9.0    0.6 -9.00   -9.0   -9   -9.0   -9   -9.0   -9   -9.0   -9   -9.0   -9 -99.0 -99.0 -99.0 -99.0 -99.0
20260917 201  1.5  1330  14  3.7 1326   7  7.1 1301  21.1  28.1 1323  14.9  305  13.1  23.7   9.7  62.1  38.0 1229  15.1  -9.0  -9.0 -9.00 1015.4 1021.0 1022.6 1000 1019.9   35  6.3  7.4 12.4 -9.0 -9.00 -9.00   -9   -9.0   -9.0 -9.00   -9.0   -9   -9.0   -9   -9.0   -9   -9.0   -9   -9.0   -9 -99.0 -99.0 -99.0 -99.0 -99.0
20260917 202  1.2  1074   9  2.9 2140  11  6.1 2207  20.9  27.1 1349  13.8  619  13.0  23.9   7.8  63.9  44.0 1346  15.1  -9.0  -9.0 -9.00 1015.5 1021.0 1022.4  744 1019.0 1538  5.8  7.3 12.4 -9.0 -9.00 -9.00   -9   -9.0   -9.0 -9.00   -9.0   -9   -9.0   -9   -9.0   -9   -9.0   -9   -9.0   -9 -99.0 -99.0 -99.0 -99.0 -99.0
20260917 203  0.8   692  11  2.3 1426   2  5.7 1256  20.1  27.3 1249  12.8  558  15.0  22.1   8.9  75.3  48.0 1152  17.2  -9.0  -9.0 -9.00 1011.9 1021.3 1022.8  750 1019.5 1520  5.3  5.2 12.4 -9.0 -9.00 -9.00   -9   -9.0   -9.0 -9.00   -9.0   -9   -9.0   -9   -9.0   -9   -9.0   -9   -9.0   -9 -99.0 -99.0 -99.0 -99.0 -99.0
20260917 211  1.6  1371   2  4.1 1516   7  8.3 1633  17.7  25.9 1406  10.3  628  11.6  24.0   7.6  70.6  40.0 1357  13.7  -9.0  -9.0 -9.00  998.6 1022.4 1024.1  737 1020.2 1424  5.8  7.6 12.4 -9.0 -9.00 -9.00   -9   -9.0   -9.0 -9.00   -9.0   -9   -9.0   -9   -9.0   -9   -9.0   -9   -9.0   -9 -99.0 -99.0 -99.0 -99.0 -99.0
20260917 212  0.8   729  11  2.8 1843   5  5.5 1228  19.1  28.2 1359  11.3  550  12.1  24.0   7.9  67.6  36.0 1402  14.2  -9.0  -9.0 -9.00 1005.6 1022.1 1024.0  801 1019.3 1557  5.1  7.1 12.4 -9.0 -9.00 -9.00   -9   -9.0   -9.0 -9.00   -9.0   -9   -9.0   -9   -9.0   -9   -9.0   -9   -9.0   -9 -99.0 -99.0 -99.0 -99.0 -99.0
20260917 216  1.5  1291   5  3.2 1117   5  6.1 1054  15.6  20.4 1134   9.6  340  13.1  16.5  10.0  86.4  64.0 1141  15.2   2.0   1.4 -9.00  940.7 1022.6 1023.8  150 1021.3 1624  8.4  0.9 12.4 -9.0  7.67  1.62 1100    0.4   -9.0 -9.00    0.2   -9    0.2   -9   -9.0   -9   -9.0   -9   -9.0   -9 -99.0 -99.0 -99.0 -99.0 -99.0
20260917 217  1.3  1109   5  3.7 1535   5  6.7 1530  17.5  24.6 1244  12.2  315  13.3  20.9   8.4  77.8  56.0 1244  15.4  -9.0  -9.0 -9.00  985.8 1022.2 1023.6  755 1020.3 1510  7.6  1.1 12.4 -9.0 -9.00 -9.00   -9   -9.0   -9.0 -9.00   -9.0   -9   -9.0   -9   -9.0   -9   -9.0   -9   -9.0   -9 -99.0 -99.0 -99.0 -99.0 -99.0
20260917 221  1.8  1560   5  4.5 1550   7  8.7 1105  18.4  26.4 1224  10.4  518  12.9  21.1   7.6  72.9  46.0 1231  15.0  -9.0  -9.0 -9.00  990.2 1021.1 1022.6  645 1019.2 1522  6.1  5.4 12.4 -9.0 -9.00 -9.00   -9   -9.0   -9.0 -9.00   -9.0   -9   -9.0   -9   -9.0   -9   -9.0   -9   -9.0   -9 -99.0 -99.0 -99.0 -99.0 -99.0
20260917 226  1.3  1114  16  4.7 1121  18  9.3 1121  19.8  25.2 1245  12.1  521  13.6  22.5   7.7  70.0  49.0 1114  15.6  -9.0  -9.0 -9.00 1000.5 1020.5 1021.7  712 1018.7 1509  7.5  5.3 12.4 -9.0 -9.00 -9.00   -9   -9.0   -9.0 -9.00   -9.0   -9   -9.0   -9   -9.0   -9   -9.0   -9   -9.0   -9 -99.0 -99.0 -99.0 -99.0 -99.0
20260917 232  2.2  1875  11  5.4 1257   9  9.1 1311  20.6  26.2 1248  13.0  621  13.8  22.4   9.7  68.0  42.0 1240  15.8  -9.0  -9.0 -9.00 1010.8 1020.7 1022.0 2055 1019.2 1500  7.0  5.8 12.4 -9.0 -9.00 -9.00   -9   -9.0   -9.0 -9.00   -9.0   -9   -9.0   -9   -9.0   -9   -9.0   -9   -9.0   -9 -99.0 -99.0 -99.0 -99.0 -99.0
20260917 235  2.6  2271   9  4.8  529  11  9.2  544  23.9  27.2 1205  20.0  624  13.0  24.0  15.9  50.9  42.0 1037  15.1   5.3   3.7 -9.00 1017.2 1018.3 1019.4 2137 1017.3 1538  7.0  5.8 12.4 -9.0 13.93  2.16 1000   -9.0   -9.0 -9.00   -9.0   -9   -9.0   -9   -9.0   -9   -9.0   -9   -9.0   -9 -99.0 -99.0 -99.0 -99.0 -99.0
20260917 236  1.3  1124   9  3.5 1044   9  7.0 1023  21.6  26.1 1214  15.3  352  14.4  23.2  12.7  64.5  51.0 1040  16.5  -9.0  -9.0 -9.00 1018.2 1019.8 1020.8  729 1018.3 1559  7.1  5.4 12.4 -9.0 -9.00 -9.00   -9   -9.0   -9.0 -9.00   -9.0   -9   -9.0   -9   -9.0   -9   -9.0   -9   -9.0   -9 -99.0 -99.0 -99.0 -99.0 -99.0
20260917 238  1.1   923   9  3.7 1307  14  7.3 1220  20.3  28.0 1249  12.7  553  13.9  23.0   8.9  69.5  40.0 1251  15.9  -9.0  -9.0 -9.00  999.4 1019.3 1020.8  735 1017.5 1458  7.3  5.7 12.4 -9.0 -9.00 -9.00   -9   -9.0   -9.0 -9.00   -9.0   -9   -9.0   -9   -9.0   -9   -9.0   -9   -9.0   -9 -99.0 -99.0 -99.0 -99.0 -99.0
20260917 239  1.7  1449  11  4.1 1308  16  8.3 1305  21.7  27.1 1207  15.5  618  13.2  25.6  12.5  60.1  43.0 1156  15.2   4.7   3.3 -9.00 1008.8 1019.2 1020.6  735 1017.6 1618  7.3  5.0 12.4 -9.0 14.44  2.60 1100   -9.0   -9.0 -9.00   -9.0   -9   -9.0   -9   -9.0   -9   -9.0   -9   -9.0   -9 -99.0 -99.0 -99.0 -99.0 -99.0
20260917 243  1.6  1342   5  3.0 1255   9  5.5 2203  23.0  28.6 1249  16.3  630  14.1  25.0  11.2  58.0  32.0 1301  16.2  -9.0  -9.0 -9.00 1017.5 1018.9 1020.1 1001 1017.7 1519  7.5  5.5 12.4 -9.0 -9.00 -9.00   -9   -9.0   -9.0 -9.00   -9.0   -9   -9.0   -9   -9.0   -9   -9.0   -9   -9.0   -9 -99.0 -99.0 -99.0 -99.0 -99.0
20260917 244  1.3  1118  16  3.5 1514  23  7.2 1215  20.8  28.0 1343  12.7  636  13.1  21.9  10.4  63.9  38.0 1343  15.1  -9.0  -9.0 -9.00  990.2 1018.7 1020.5  659 1016.8 1522  7.6  6.3 12.4 -9.0 -9.00 -9.00   -9   -9.0   -9.0 -9.00   -9.0   -9   -9.0   -9   -9.0   -9   -9.0   -9   -9.0   -9 -99.0 -99.0 -99.0 -99.0 -99.0
20260917 245  1.6  1395   5  3.6 1243  23  7.1 1039  23.2  28.9 1156  16.3  633  13.7  27.5  11.7  57.1  34.0 1228  15.8   5.4   3.8 -9.00 1010.4 1018.4 1019.6  712 1016.9 1533  6.1  6.9 12.4 -9.0 17.90  3.14 1100   -9.0   -9.0 -9.00   -9.0   -9   -9.0   -9   -9.0   -9   -9.0   -9   -9.0   -9 -99.0 -99.0 -99.0 -99.0 -99.0
20260917 247  3.6  3126   7  5.5 1023   5  9.7   34  22.5  27.8 1410  15.6  652  14.3  24.3  13.4  60.9  48.0 1225  16.4  -9.0  -9.0 -9.00 1002.8 1018.3 1019.8  654 1016.7 1528  7.1  6.1 12.4 -9.0 -9.00 -9.00   -9   -9.0   -9.0 -9.00   -9.0   -9   -9.0   -9   -9.0   -9   -9.0   -9   -9.0   -9 -99.0 -99.0 -99.0 -99.0 -99.0
20260917 248  1.2  1066   5  4.0 1147   9  7.7 1004  18.4  25.4 1241  10.0  540  12.8  21.8   7.1  73.0  45.0 1221  14.8  -9.0  -9.0 -9.00  972.8 1019.7 1022.0  701 1017.5 1505  7.8  5.3 12.4 -9.0 -9.00 -9.00   -9   -9.0   -9.0 -9.00   -9.0   -9   -9.0   -9   -9.0   -9   -9.0   -9   -9.0   -9 -99.0 -99.0 -99.0 -99.0 -99.0
20260917 251  2.1  1829   9  5.4 2312   9  7.6 2304  23.3  28.9 1351  16.4  644  14.5  24.2  13.2  58.6  42.0 1142  16.6   4.5   3.1 -9.00 1012.3 1018.0 1019.2  658 1016.7 1500  7.6  6.2 12.4 -9.0 15.39  2.86 1100   -9.0   -9.0 -9.00   -9.0   -9   -9.0   -9   -9.0   -9   -9.0   -9   -9.0   -9 -99.0 -99.0 -99.0 -99.0 -99.0
20260917 252  1.0   869  11  3.3 1134  14  5.7 1130  22.2  28.4 1156  16.6  633  15.6  25.1  13.3  69.4  34.0 1245  17.8   4.6   3.2 -9.00 1013.8 1018.1 1019.3  957 1017.0 1458  7.1  6.5 12.4 -9.0 16.79  2.84 1100   -9.0   -9.0 -9.00   -9.0   -9   -9.0   -9   -9.0   -9   -9.0   -9   -9.0   -9 -99.0 -99.0 -99.0 -99.0 -99.0
20260917 253  1.3  1165  11  2.8 1208   7  7.7 1234  23.6  28.5 1249  19.6  512  15.7  27.5  16.1  62.0  47.0 1252  17.9   4.1   2.9 -9.00 1013.3 1019.6 1020.5 1023 1018.6  457  7.5  5.4 12.4 -9.0 15.53  2.46 1200   -9.0   -9.0 -9.00   -9.0   -9   -9.0   -9   -9.0   -9   -9.0   -9   -9.0   -9 -99.0 -99.0 -99.0 -99.0 -99.0
20260917 254  1.4  1179   9  3.1 1538   9  6.2 1408  22.5  29.3 1347  14.1  621  13.0  24.3  11.1  56.8  38.0 1348  15.0   5.3   3.7 -9.00 1003.7 1018.7 1020.4  721 1016.9 1522  7.0  7.3 12.4 -9.0 18.32  3.16 1200   -9.0   -9.0 -9.00   -9.0   -9   -9.0   -9   -9.0   -9   -9.0   -9   -9.0   -9 -99.0 -99.0 -99.0 -99.0 -99.0
20260917 255  2.3  1960   9  4.1 1720   7 11.5 1439  23.6  28.4 1317  18.8  606  14.8  25.4  14.0  58.4  41.0 1415  16.8   4.9   3.4 -9.00 1012.6 1018.5 1019.5 2349 1017.3 1523  7.3  6.6 12.3 -9.0 14.86  2.62 1200   -9.0   -9.0 -9.00   -9.0   -9   -9.0   -9   -9.0   -9   -9.0   -9   -9.0   -9 -99.0 -99.0 -99.0 -99.0 -99.0
20260917 257  3.1  2709   5  4.8 1317   5 12.7 1417  24.0  28.0 1426  20.8  535  16.2  26.8  18.5  62.4  44.0 1313  18.4   5.1   3.5 -9.00 1018.2 1018.9 1019.8  943 1017.9  315  7.9  3.1 12.4 -9.0 12.78  2.15 1100   -9.0   -9.0 -9.00   -9.0   -9   -9.0   -9   -9.0   -9   -9.0   -9   -9.0   -9 -99.0 -99.0 -99.0 -99.0 -99.0
20260917 258  2.8  2444  11  6.0 1048  14  8.8 1102  22.7  28.5 1313  15.4  550  15.4  22.9  14.0  64.8  49.0 1319  17.5   5.8   4.1 -9.00 1018.3 1018.5 1019.6 2234 1017.2 1514  7.4  6.3 12.4 -9.0 19.16  3.19 1100   -9.0   -9.0 -9.00   -9.0   -9   -9.0   -9   -9.0   -9   -9.0   -9   -9.0   -9 -99.0 -99.0 -99.0 -99.0 -99.0
20260917 259  1.4  1239   9  5.1 1217   9  9.2 1215  23.3  28.7 1443  16.2  608  16.3  26.9  13.8  65.9  50.0 1520  18.6   4.8   3.4 -9.00 1015.8 1017.7 1018.8  723 1016.3 1610  8.1  5.6 12.3 -9.0 17.56  3.00 1100   -9.0   -9.0 -9.00   -9.0   -9   -9.0   -9   -9.0   -9   -9.0   -9   -9.0   -9 -99.0 -99.0 -99.0 -99.0 -99.0
20260917 260  1.8  1577  11  4.9 1134   9  9.9 1134  22.4  27.6 1238  15.2  603  15.6  25.6  13.8  66.8  50.0 1415  17.9  -9.0  -9.0 -9.00 1012.7 1017.8 1018.9  726 1016.4 1505  7.9  5.9 12.4 -9.0 -9.00 -9.00   -9   -9.0   -9.0 -9.00   -9.0   -9   -9.0   -9   -9.0   -9   -9.0   -9   -9.0   -9 -99.0 -99.0 -99.0 -99.0 -99.0
20260917 261  2.4  2066   9  6.7 1154   9 10.5 1149  23.3  28.3 1333  16.8  620  17.2  26.8  14.7  69.4  56.0 1344  19.7  -9.0  -9.0 -9.00 1016.2 1018.1 1019.1  731 1016.9 1438  7.5  5.7 12.3 -9.0 -9.00 -9.00   -9   -9.0   -9.0 -9.00   -9.0   -9   -9.0   -9   -9.0   -9   -9.0   -9   -9.0   -9 -99.0 -99.0 -99.0 -99.0 -99.0
20260917 262  1.7  1502   7  4.2 1200   7  9.3 1149  23.1  29.0 1248  16.5  257  15.0  26.4  16.6  61.9  46.0 1250  17.1   5.5   3.8 -9.00 1012.0 1018.0 1018.9  721 1016.7 1515  7.9  6.9 12.4 -9.0 17.93  2.65 1200   -9.0   -9.0 -9.00   -9.0   -9   -9.0   -9   -9.0   -9   -9.0   -9   -9.0   -9 -99.0 -99.0 -99.0 -99.0 -99.0
20260917 263  1.7  1445   7  4.8 1328   5  9.0 1321  20.7  27.9 1243  12.9  541  14.7  26.7   9.6  70.9  46.0 1245  16.7   4.7   3.3 -9.00 1017.4 1019.1 1020.1 2252 1017.5 1510  7.5  6.7 12.4 -9.0 17.88  3.05 1200   -9.0   -9.0 -9.00   -9.0   -9   -9.0   -9   -9.0   -9   -9.0   -9   -9.0   -9 -99.0 -99.0 -99.0 -99.0 -99.0
20260917 264  1.1   990  11  4.2 1251  11  8.3 1404  19.8  27.4 1357  11.7  637  14.5  24.3   9.6  74.3  46.0 1452  16.6   4.2   2.9 -9.00 1001.9 1019.7 1021.5  720 1017.4 1501  7.6  5.1 12.4 -9.0 16.77  2.73 1100   -9.0   -9.0 -9.00   -9.0   -9   -9.0   -9   -9.0   -9   -9.0   -9   -9.0   -9 -99.0 -99.0 -99.0 -99.0 -99.0
20260917 266  2.7  2320   7  4.8 1126   7  9.9  817  23.3  27.9 1401  19.3  506  14.0  26.3  16.8  56.3  47.0 1334  16.0   5.9   4.1 -9.00 1008.5 1018.7 1019.7 2254 1017.3 1530  6.9  5.8 12.4 -9.0 17.84  2.99 1100   -9.0   -9.0 -9.00   -9.0   -9   -9.0   -9   -9.0   -9   -9.0   -9   -9.0   -9 -99.0 -99.0 -99.0 -99.0 -99.0
20260917 268  1.3  1161   5  4.0 1230   5  6.6 1001  22.5  27.8 1346  16.2  622  16.6  25.1  14.5  71.4  50.0 1347  19.0  -9.0  -9.0 -9.00 1015.3 1016.5 1017.4  722 1015.4 1601  7.6  5.1 12.4 -9.0 -9.00 -9.00   -9   -9.0   -9.0 -9.00   -9.0   -9   -9.0   -9   -9.0   -9   -9.0   -9   -9.0   -9 -99.0 -99.0 -99.0 -99.0 -99.0
20260917 271  1.5  1268  14  5.4 1121  11  9.4 1129  17.6  24.2 1325   9.8  515  12.6  21.2   6.8  75.1  44.0 1140  14.7  -9.0  -9.0 -9.00  984.1 1022.0 1023.3  708 1020.7 1556  6.6  5.3 12.4 -9.0 -9.00 -9.00   -9   -9.0   -9.0 -9.00   -9.0   -9   -9.0   -9   -9.0   -9   -9.0   -9   -9.0   -9 -99.0 -99.0 -99.0 -99.0 -99.0
20260917 272  1.9  1644  11  4.4 1105   9  9.8 1052  19.1  26.0 1238  12.5  346  14.1  24.3   9.6  76.1  42.0 1240  16.1  -9.0  -9.0 -9.00  996.5 1021.2 1022.6 2220 1019.9 1458  7.1  5.1 12.4 -9.0 -9.00 -9.00   -9   -9.0   -9.0 -9.00   -9.0   -9   -9.0   -9   -9.0   -9   -9.0   -9   -9.0   -9 -99.0 -99.0 -99.0 -99.0 -99.0
20260917 273  1.5  1336  11  5.0 1111  11 10.4 1318  19.2  26.6 1308  12.5  541  14.6  22.3   8.2  76.9  46.0 1313  16.7  -9.0  -9.0 -9.00 1000.0 1020.3 1021.7 2116 1018.7 1540  6.8  5.7 12.4 -9.0 -9.00 -9.00   -9   -9.0   -9.0 -9.00   -9.0   -9   -9.0   -9   -9.0   -9   -9.0   -9   -9.0   -9 -99.0 -99.0 -99.0 -99.0 -99.0
20260917 276  2.2  1899  11  5.5 1149  14 10.0 1109  20.0  26.4 1154  11.8  159  14.7  23.6   7.9  74.1  50.0 1144  16.8   4.4   3.0 -9.00  996.1 1020.4 1021.3  651 1019.6 1545  8.3  4.4 12.4 -9.0 14.72  2.95 1100   -9.0   -9.0 -9.00   -9.0   -9   -9.0   -9   -9.0   -9   -9.0   -9   -9.0   -9 -99.0 -99.0 -99.0 -99.0 -99.0
20260917 277  2.8  2396   7  6.0 1051   7  9.4 1227  21.8  25.5 1134  15.8   38  15.5  25.5  13.6  68.1  53.0  955  17.6  -9.0  -9.0 -9.00 1016.5 1021.3 1022.3  959 1020.0  427  7.6  5.7 12.4 -9.0 -9.00 -9.00   -9   -9.0   -9.0 -9.00   -9.0   -9   -9.0   -9   -9.0   -9   -9.0   -9   -9.0   -9 -99.0 -99.0 -99.0 -99.0 -99.0
20260917 278  1.3  1100   9  4.2 1331   9  8.8 1054  20.2  27.9 1324  12.8  449  14.2  25.0   8.9  71.5  41.0 1218  16.2  -9.0  -9.0 -9.00 1010.2 1019.7 1020.9 2118 1018.5 1527  7.5  4.8 12.4 -9.0 -9.00 -9.00   -9   -9.0   -9.0 -9.00   -9.0   -9   -9.0   -9   -9.0   -9   -9.0   -9   -9.0   -9 -99.0 -99.0 -99.0 -99.0 -99.0
20260917 279  1.4  1202   7  4.7 1506   9  8.2 1503  21.1  28.6 1330  14.1  547  13.2  25.7  10.9  63.8  36.0 1331  15.2   4.7   3.3 -9.00 1014.3 1020.1 1021.3 2235 1018.3 1516  7.1  5.1 12.4 -9.0 15.93  3.00 1100   -9.0   -9.0 -9.00   -9.0   -9   -9.0   -9   -9.0   -9   -9.0   -9   -9.0   -9 -99.0 -99.0 -99.0 -99.0 -99.0
20260917 281  2.3  1978   7  5.5 1352   9 10.4 1231  20.9  26.5 1244  14.0  154  14.1  24.3  10.2  67.0  43.0 1421  16.1  -9.0  -9.0 -9.00 1009.4 1020.7 1021.4  952 1019.7 1548  7.1  5.2 12.4 -9.0 -9.00 -9.00   -9    0.1   -9.0 -9.00    0.1   -9    0.1   -9   -9.0   -9   -9.0   -9   -9.0   -9 -99.0 -99.0 -99.0 -99.0 -99.0
20260917 283  2.9  2520   7  6.0 1557   7 10.2 1549  21.5  27.5 1127  14.3  346  15.3  25.7  11.2  69.8  43.0 1048  17.4   5.7   4.0 -9.00 1015.8 1020.5 1021.2  958 1019.6  400  7.0  6.1 12.4 -9.0 17.63  2.72 1000   -9.0   -9.0 -9.00   -9.0   -9   -9.0   -9   -9.0   -9   -9.0   -9   -9.0   -9 -99.0 -99.0 -99.0 -99.0 -99.0
20260917 284  2.0  1708   7  4.7 1410  11  8.7 1336  19.8  27.1 1351  11.4  613  14.0  24.0   8.1  71.4  47.0 1342  16.1   4.6   3.2 -9.00  993.3 1019.8 1021.5  700 1017.7 1505  7.4  5.8 12.4 -9.0 16.79  2.90 1200   -9.0   -9.0 -9.00   -9.0   -9   -9.0   -9   -9.0   -9   -9.0   -9   -9.0   -9 -99.0 -99.0 -99.0 -99.0 -99.0
20260917 285  1.2  1031   7  4.0 1419  11  7.0 1302  21.1  28.6 1317  13.4  625  14.4  27.2  10.8  68.9  40.0 1425  16.5  -9.0  -9.0 -9.00 1016.7 1019.8 1020.9  736 1018.1 1522  6.9 -9.0 12.4 -9.0 -9.00 -9.00   -9   -9.0   -9.0 -9.00   -9.0   -9   -9.0   -9   -9.0   -9   -9.0   -9   -9.0   -9 -99.0 -99.0 -99.0 -99.0 -99.0
20260917 288  1.2  1057  11  4.8 1349  11  8.0 1216  23.4  29.1 1357  16.7  156  15.0  24.8  14.8  61.0  38.0 1344  17.1   4.7   3.3 -9.00 1016.8 1017.7 1018.7 2127 1016.5 1501  7.3  4.9 12.4 -9.0 16.22  2.69 1200   -9.0   -9.0 -9.00   -9.0   -9   -9.0   -9   -9.0   -9   -9.0   -9   -9.0   -9 -99.0 -99.0 -99.0 -99.0 -99.0
20260917 289  1.1   963   7  3.9 1343   2  6.9 1327  20.0  27.5 1244  12.9  527  14.3  24.4   8.9  72.4  47.0 1538  16.3  -9.0  -9.0 -9.00 1004.3 1020.4 1022.0  718 1018.4 1454  7.5  4.8 12.4 -9.0 -9.00 -9.00   -9   -9.0   -9.0 -9.00   -9.0   -9   -9.0   -9   -9.0   -9   -9.0   -9   -9.0   -9 -99.0 -99.0 -99.0 -99.0 -99.0
20260917 294  1.5  1288   9  3.5 1229  11  9.3 1107  23.2  26.9 1349  18.4  554  15.7  28.2  14.2  63.8  48.0 1507  17.9  -9.0  -9.0 -9.00 1014.0 1019.2 1020.0  952 1018.3  351  7.4  4.2 12.3 -9.0 -9.00 -9.00   -9   -9.0   -9.0 -9.00   -9.0   -9   -9.0   -9   -9.0   -9   -9.0   -9   -9.0   -9 -99.0 -99.0 -99.0 -99.0 -99.0
20260917 295  2.3  1947   9  4.8 1326   9  7.0 1433  22.8  27.9 1302  17.6  534  14.6  27.2  13.8  60.8  48.0 1304  16.7  -9.0  -9.0 -9.00 1013.5 1018.8 1020.0  945 1017.3 1535  7.3  6.6 12.4 -9.0 -9.00 -9.00   -9   -9.0   -9.0 -9.00   -9.0   -9   -9.0   -9   -9.0   -9   -9.0   -9   -9.0   -9 -99.0 -99.0 -99.0 -99.0 -99.0
20260917 296  4.1  3533   5  6.5 1305   7 11.3 1051  24.1  27.3 1110  21.2   33  17.4  24.9  17.2  67.0  51.0 1440  19.9   5.3   3.7 -9.00 1017.6 1018.0 1018.8 1012 1017.1  307  7.5  4.6 12.4 -9.0 14.44  2.36 1100   -9.0   -9.0 -9.00   -9.0   -9   -9.0   -9   -9.0   -9   -9.0   -9   -9.0   -9 -99.0 -99.0 -99.0 -99.0 -99.0
20260918  90  2.3  2003   7  4.0  758   9  6.8  845  22.4  25.9 1210  18.1  637  17.3  26.6  17.7  73.5  60.0 1342  19.7   5.5   3.9 -9.00 1021.8 1023.9 1025.0 1001 1022.9  209  4.5  8.5 12.3 -9.0 20.79  3.02 1200   -9.0   -9.0 -9.00   -9.0   -9   -9.0   -9   -9.0   -9   -9.0   -9   -9.0   -9 -99.0 -99.0 -99.0 -99.0 -99.0
20260918  93  1.9  1647   7  5.9 1822   7 12.3 1852  20.7  27.9 1259  13.0  626  13.6  26.2  11.1  68.0  38.0 1319  15.6   7.0   4.9 -9.00 1011.5 1022.7 1023.8  658 1021.1 1731  2.6 11.4 12.3 -9.0 22.66  3.22 1200   -9.0   -9.0 -9.00   -9.0   -9   -9.0   -9   -9.0   -9   -9.0   -9   -9.0   -9  23.6  24.0  24.1  23.1  20.2
20260918  95  1.8  1562  11  4.4 1132  11  8.7 1134  20.9  28.4 1456  13.2  625  13.4  24.3  11.3  66.0  36.0 1454  15.4   5.9   4.2 -9.00 1004.6 1022.7 1024.3  756 1020.6 1613  3.6 10.8 12.3 -9.0 19.18  3.05 1200   -9.0   -9.0 -9.00   -9.0   -9   -9.0   -9   -9.0   -9   -9.0   -9   -9.0   -9 -99.0 -99.0 -99.0 -99.0 -99.0
20260918  98  1.8  1524   9  4.0 1115   9  8.1 1111  22.9  30.8 1340  16.7  624  11.7  27.7  12.8  50.9  30.0 1343  13.7   6.2   4.4 -9.00 1007.9 1021.4 1022.6  749 1019.5 1702  4.0  9.3 12.3 -9.0 19.76  2.83 1100   -9.0   -9.0 -9.00   -9.0   -9   -9.0   -9   -9.0   -9   -9.0   -9   -9.0   -9 -99.0 -99.0 -99.0 -99.0 -99.0
20260918  99  2.1  1824   9  3.8  956   7  7.0  851  21.9  29.4 1413  14.6  224  13.9  24.8  11.8  63.1  37.0 1425  15.9   6.0   4.2 -9.00 1018.4 1022.0 1023.3  917 1020.2 1617  5.0  9.7 12.3 -9.0 20.88  2.90 1200   -9.0   -9.0 -9.00   -9.0   -9   -9.0   -9   -9.0   -9   -9.0   -9   -9.0   -9 -99.0 -99.0 -99.0 -99.0 -99.0
20260918 100  3.4  2909   9  4.8  918   7  9.7 1139  16.4  19.4 1329  15.1  128  14.4  18.1  14.6  88.8  69.0 1140  16.4   2.5   1.8 -9.00  935.3 1023.3 1024.1  950 1022.5  305  6.4  2.5 12.3 -9.0 11.34  1.88 1300    0.0   -9.0 -9.00    0.0   -9    0.0   -9   -9.0   -9   -9.0   -9   -9.0   -9 -99.0 -99.0 -99.0 -99.0 -99.0
20260918 101  2.3  1996   5  5.7 1400  36 11.9 1247  20.6  27.5 1308  14.2  630  13.6  24.4  10.8  67.1  40.0 1249  15.6   6.3   4.4 -9.00 1012.5 1021.3 1022.5  655 1019.7 1650  2.8 10.1 12.3 -9.0 20.58  2.75 1100   -9.0   -9.0 -9.00   -9.0   -9   -9.0   -9   -9.0   -9   -9.0   -9   -9.0   -9  23.5  23.9  23.7  20.5  17.1
20260918 102  3.3  2841  14  6.2 1230  11  8.8 1127  22.0  26.3 1302  18.8  628  15.1  24.7  15.6  66.1  48.0 1342  17.2   6.6   4.6 -9.00 1015.9 1020.0 1021.3  954 1019.0    1  3.6 10.2 12.3 -9.0 21.82  3.11 1200   -9.0   -9.0 -9.00   -9.0   -9   -9.0   -9   -9.0   -9   -9.0   -9   -9.0   -9 -99.0 -99.0 -99.0 -99.0 -99.0
20260918 104  1.4  1175   7  3.5 1203   9  6.3 1159  21.3  25.3 1109  18.1  425  18.3  25.3  16.6  83.8  69.0 1000  21.0   3.7   2.6 -9.00 1013.9 1022.7 1023.6 1012 1021.8  314  4.4  6.6 12.3 -9.0 17.01  2.39 1300    0.0    0.0  0.08    0.0   -9    0.0   -9   -9.0   -9   -9.0   -9   -9.0   -9  23.1  23.1  23.2  20.9  16.9
20260918 105  1.6  1403   9  3.6 1114   5  6.7 1504  21.9  26.0 1055  18.2  234  16.9  25.2  17.5  74.0  53.0 1103  19.3   4.0   2.8 -9.00 1020.3 1023.5 1024.4  953 1022.5  311  5.0  5.7 12.3 -9.0 15.41  2.65 1000   -9.0   -9.0 -9.00   -9.0   -9   -9.0   -9   -9.0   -9   -9.0   -9   -9.0   -9  23.5  23.3  24.0  20.9  17.7
20260918 106  3.5  3021   5  4.8  419   5  8.4 2041  22.8  26.5 1040  21.6   13  17.6  27.6  18.1  73.0  60.0 1000  20.1   5.1   3.6 -9.00 1018.6 1023.3 1024.6 1020 1022.2  321  7.1  6.8 12.3 -9.0 17.79  2.79 1300   -9.0   -9.0 -9.00   -9.0   -9   -9.0   -9   -9.0   -9   -9.0   -9   -9.0   -9 -99.0 -99.0 -99.0 -99.0 -99.0
20260918 108  3.3  2855   5  5.3 2052  11 10.2 1041  23.7  28.4 1418  19.1  552  12.8  24.0  14.2  51.1  40.0 1630  14.8   6.8   4.8 -9.00 1011.0 1020.9 1022.0  917 1019.3 1614  5.3  7.2 12.3 -9.0 17.94  2.89 1100   -9.0   -9.0 -9.00   -9.0   -9   -9.0   -9   -9.0   -9   -9.0   -9   -9.0   -9  23.6  23.9  24.5  21.8  17.3
20260918 112  3.0  2564   9  5.2 1000   7  9.9 1238  24.7  29.1 1551  20.3  616  13.6  27.5  15.5  50.5  42.0 1556  15.6   6.7   4.7 -9.00 1012.6 1020.5 1021.7  856 1019.0 1617  5.3  7.1 12.3 -9.0 17.97  2.84 1100   -9.0   -9.0 -9.00   -9.0   -9   -9.0   -9   -9.0   -9   -9.0   -9   -9.0   -9  23.0  23.2  23.1  21.1  17.0
20260918 114  1.7  1470   9  3.8 1210   9  8.2 1149  21.7  28.5 1305  15.4  641  13.2  23.7  11.3  60.8  37.0 1319  15.2   5.0   3.5 -9.00 1003.7 1021.1 1022.2  737 1019.3 1540  4.9  6.4 12.3 -9.0 16.03  2.32 1300   -9.0   -9.0 -9.00   -9.0   -9   -9.0   -9   -9.0   -9   -9.0   -9   -9.0   -9 -99.0 -99.0 -99.0 -99.0 -99.0
20260918 115  5.5  4746   5  7.9 1126   5 12.7  735  21.8  23.4 1342  21.2  103  18.3  23.4  -9.0  81.1  74.0 1514  21.1   3.4   2.3 -9.00  996.5 1022.0 1023.6 1036 1021.3  254  6.9  1.1 12.3 -9.0  8.39  1.66 1300   -9.0   -9.0 -9.00   -9.0   -9   -9.0   -9   -9.0   -9   -9.0   -9   -9.0   -9  23.0  22.8  22.2  16.8  15.4
20260918 119  2.9  2492  11  5.5 1348   9  8.8 1237  23.9  28.3 1437  19.3  614  12.8  26.6  16.4  50.3  42.0 1445  14.8   6.3   4.4 -9.00 1015.7 1020.4 1021.5  903 1018.9 1602  5.4  7.1 12.3 -9.0 17.70  3.02 1100   -9.0   -9.0 -9.00   -9.0   -9   -9.0   -9   -9.0   -9   -9.0   -9   -9.0   -9  23.4  23.6  23.5  20.9  17.6
20260918 121  1.7  1497   9  5.8 1249   9 10.5 1247  20.5  29.6 1350  15.1  625  14.4  24.9  17.3  71.5  38.0 1339  16.4   5.3   3.7 -9.00  994.1 1022.0 1023.5 2218 1020.2 1409  5.4  6.0 12.3 -9.0 17.54  3.03 1200   -9.0   -9.0 -9.00   -9.0   -9   -9.0   -9   -9.0   -9   -9.0   -9   -9.0   -9 -99.0 -99.0 -99.0 -99.0 -99.0
20260918 127  1.8  1570   5  4.9 2003   2  9.3 1954  22.0  28.8 1545  15.5  535  14.1  26.9  15.0  63.9  39.0 1334  16.2   6.2   4.3 -9.00 1006.9 1020.3 1021.6  843 1018.5 1650  5.4  8.5 12.3 -9.0 20.87  3.04 1200   -9.0   -9.0 -9.00   -9.0   -9   -9.0   -9   -9.0   -9   -9.0   -9   -9.0   -9 -99.0 -99.0 -99.0 -99.0 -99.0
20260918 129  2.1  1815   5  4.2 1202   2  7.7 1031  23.5  28.9 1501  18.5  630  14.3  24.3  14.2  57.8  40.0 1437  16.3   5.4   3.8 -9.00 1017.2 1020.2 1021.3  835 1018.9 1705  5.0  8.0 12.3 -9.0 17.62  2.98 1100   -9.0   -9.0 -9.00   -9.0   -9   -9.0   -9   -9.0   -9   -9.0   -9   -9.0   -9  22.7  23.4  23.4  21.0  18.1
20260918 130  2.7  2343  11  5.7  311  11  8.9  316  22.8  25.8 1316  19.8 2358  17.8  24.6  17.4  74.0  63.0 1250  20.3  -9.0  -9.0 -9.00 1016.8 1022.5 1023.9  950 1021.4  313  6.4  2.2 12.3 -9.0 -9.00 -9.00   -9    0.4   -9.0 -9.00    0.4  228    0.4  248   -9.0   -9   -9.0   -9   -9.0   -9 -99.0 -99.0 -99.0 -99.0 -99.0
20260918 131  2.4  2109   9  5.8 1047   9  8.8 1041  23.7  28.9 1604  19.1  637  14.2  25.2  17.2  56.1  41.0 1106  16.2   5.7   4.0 -9.00 1013.3 1020.1 1021.2  812 1018.7 1608  4.3  6.1 12.3 -9.0 17.36  2.74 1200   -9.0   -9.0 -9.00   -9.0   -9   -9.0   -9   -9.0   -9   -9.0   -9   -9.0   -9 -99.0 -99.0 -99.0 -99.0 -99.0
20260918 133  2.5  2145  11  6.3 1228   9 10.3 1227  23.7  28.9 1345  19.7  726  15.5  26.8  17.2  60.9  45.0 1550  17.6   5.9   4.2 -9.00 1012.5 1020.3 1021.4  851 1019.1 1607  4.1  8.2 12.3 -9.0 19.09  2.57 1100   -9.0   -9.0 -9.00   -9.0   -9   -9.0   -9   -9.0   -9   -9.0   -9   -9.0   -9  25.9  26.1  25.7  23.6  19.5
20260918 135  2.6  2225   7  5.9 1452   9  8.7 1204  20.8  25.5 1443  16.7  502  15.5  23.8  15.4  71.9  56.0 1552  17.6   4.4   3.0 -9.00  992.4 1020.7 1021.7  809 1019.1 1639  7.1  5.0 12.3 -9.0 15.89  2.46 1300   -9.0   -9.0 -9.00   -9.0   -9   -9.0   -9   -9.0   -9   -9.0   -9   -9.0   -9 -99.0 -99.0 -99.0 -99.0 -99.0
20260918 136  1.6  1417  11  5.2 1711  11  9.3 1704  21.2  27.2 1521  16.7 2351  15.5  25.0  15.3  71.3  51.0 1327  17.6   4.3   3.0 -9.00 1005.8 1022.3 1023.4  917 1021.2 1520  6.3  4.4 12.3 -9.0 14.10  2.28 1300   -9.0   -9.0 -9.00   -9.0   -9   -9.0   -9   -9.0   -9   -9.0   -9   -9.0   -9 -99.0 -99.0 -99.0 -99.0 -99.0
20260918 137  0.8   674  11  1.8 1646  14  5.5 1354  22.0  28.0 1408  17.8  642  16.3  26.7  16.2  71.4  51.0 1439  18.5   4.1   2.8 -9.00 1009.0 1020.3 1021.4 1051 1019.0 1633  6.9  4.6 12.3 -9.0 16.31  2.80 1200   -9.0   -9.0 -9.00   -9.0   -9   -9.0   -9   -9.0   -9   -9.0   -9   -9.0   -9 -99.0 -99.0 -99.0 -99.0 -99.0
20260918 138  4.4  3834   5  6.7 1843   5 10.7 1915  23.7  24.8 1558  22.6 1948  18.1  24.0  20.2  70.9  61.0  546  20.7   3.2   2.2 -9.00 1020.0 1020.5 1021.6  858 1019.4  252  9.5  0.3 12.3 -9.0  4.97  0.89 1400    3.6    3.2  8.63    3.1 1903    2.2 1945   -9.0   -9   -9.0   -9   -9.0   -9  24.7  23.4  22.7  20.2  17.6
20260918 140  2.1  1785   7  3.3   58   2  6.2  153  24.4  29.5 1513  20.4  648  17.1  28.6  18.9  64.4  50.0 1515  19.5  -9.0  -9.0 -9.00 1017.0 1020.2 1021.3  941 1019.0 1722  4.9  9.1 12.3 -9.0 -9.00 -9.00   -9   -9.0   -9.0 -9.00   -9.0   -9   -9.0   -9   -9.0   -9   -9.0   -9   -9.0   -9 -99.0 -99.0 -99.0 -99.0 -99.0
20260918 143  2.2  1861  11  4.8 1606   9  8.2  535  22.7  26.0 1449  20.5  923  16.0  24.7  16.5  66.6  52.0 1501  18.2   3.0   2.1 -9.00 1014.6 1020.9 1021.9  955 1019.8  424  7.3  1.4 12.3 -9.0  7.81  2.07 1400    0.4   -9.0  4.00    0.3  814    0.2   -9   -9.0   -9   -9.0   -9   -9.0   -9 -99.0 -99.0 -99.0 -99.0 -99.0
20260918 146  2.2  1917   9  4.4 1736   9  7.5 1133  24.7  30.9 1358  20.5  730  15.6  26.3  15.6  57.9  38.0 1403  17.7   5.6   3.9 -9.00 1012.1 1019.1 1020.2 2340 1017.7 1606  4.4  8.1 12.3 -9.0 18.61  3.03 1200   -9.0   -9.0 -9.00   -9.0   -9   -9.0   -9   -9.0   -9   -9.0   -9   -9.0   -9 -99.0 -99.0 -99.0 -99.0 -99.0
20260918 152  2.5  2174   5  4.5 1712   9  8.3  353  22.2  24.1 1503  20.2 2157  17.7  23.3  19.6  76.9  63.0  512  20.4   2.3   1.6 -9.00 1010.5 1019.9 1021.3  943 1018.6  153  8.4  1.1 12.3 -9.0  6.02  1.14 1400    3.7   -9.0  8.50    1.3 2105    1.0 2155   -9.0   -9   -9.0   -9   -9.0   -9 -99.0 -99.0 -99.0 -99.0 -99.0
20260918 155  1.6  1395   7  3.7 1851   9  7.3 1710  23.0  27.4 1545  19.8  905  17.6  23.8  19.5  72.8  57.0 1548  20.2   3.4   2.4 -9.00 1015.6 1019.7 1021.1 1020 1018.6  229  7.5  2.5 12.3 -9.0  9.75  1.76 1200    3.4   -9.0  2.32    2.7  815    0.8  853   -9.0   -9   -9.0   -9   -9.0   -9 -99.0 -99.0 -99.0 -99.0 -99.0
20260918 156  2.6  2224   5  4.1 1036   2  7.6 1733  23.8  29.5 1358  20.2  725  16.8  28.4  17.6  65.4  48.0 1416  19.1   4.9   3.5 -9.00 1010.7 1018.8 1019.8 1003 1017.5 1600  5.8  4.6 12.3 -9.0 16.07  3.13 1200   -9.0   -9.0 -9.00   -9.0   -9   -9.0   -9   -9.0   -9   -9.0   -9   -9.0   -9 -99.0 -99.0 -99.0 -99.0 -99.0
20260918 159  3.2  2803   9  5.2  319  11 12.3 1355  22.9  25.8 1514  21.4 1022  18.2  24.7  18.3  75.5  65.0  444  20.9   2.9   2.0 -9.00 1010.9 1018.9 1020.6 1009 1017.5  408  7.1  2.1 12.3 -9.0  7.95  1.78 1500    5.6    5.4  6.18    3.5 1038    0.8 1044   -9.0   -9   -9.0   -9   -9.0   -9  25.9  26.3  25.8  21.6  19.7
20260918 162  2.1  1857   5  4.4  158   2  7.3  152  23.3  27.1 1545  20.7  955  17.5  24.5  19.1  70.8  54.0 1653  20.1   3.8   2.7 -9.00 1014.7 1018.3 1019.9  951 1016.9  227  6.8  4.3 12.3 -9.0 11.53  2.57 1400    1.7   -9.0 -9.00    0.8  707    0.3  735   -9.0   -9   -9.0   -9   -9.0   -9 -99.0 -99.0 -99.0 -99.0 -99.0
20260918 165  2.0  1717   7  4.4 1647  11  6.7   16  24.6  29.2 1506  21.2  659  16.8  30.0  18.4  62.5  50.0 1539  19.3   5.8   4.0 -9.00 1013.8 1019.0 1020.0  939 1017.9  346  5.8  7.8 12.3 -9.0 20.23  3.10 1200   -9.0   -9.0 -9.00   -9.0   -9   -9.0   -9   -9.0   -9   -9.0   -9   -9.0   -9  25.8  24.8  25.0  22.7  19.3
20260918 168  6.2  5364   9  8.3  604   9 14.7  116  23.5  25.7 1529  21.3  823  16.9  25.3  20.8  66.9  53.0    9  19.2   6.7   4.7 -9.00 1011.6 1019.2 1020.3  924 1017.8  306  5.3  5.7 12.3 -9.0 15.82  2.93 1200    0.5    0.0  1.58    0.5  748    0.4  806   -9.0   -9   -9.0   -9   -9.0   -9  26.7  26.3  25.4  22.1  18.2
20260918 169  3.6  3072  36  5.4 1804   5  7.8 1029  23.7  27.7 1611  21.5  625  17.5  27.9  20.6  69.4  50.0 1605  20.0   6.0   4.2 -9.00 1010.3 1019.0 1019.9 2133 1017.8  259  4.8  9.9 12.3 -9.0 21.39  3.02 1100   -9.0   -9.0 -9.00   -9.0   -9   -9.0   -9   -9.0   -9   -9.0   -9   -9.0   -9 -99.0 -99.0 -99.0 -99.0 -99.0
20260918 170  3.2  2764   7  5.7 1727   9  8.8 1726  24.6  29.0 1412  21.2 2229  18.0  28.0  18.1  67.5  54.0 1422  20.7   6.1   4.2 -9.00 1014.9 1018.9 1020.0 1010 1017.8  347  4.8  7.9 12.3 -9.0 19.30  3.08 1200   -9.0   -9.0 -9.00   -9.0   -9   -9.0   -9   -9.0   -9   -9.0   -9   -9.0   -9 -99.0 -99.0 -99.0 -99.0 -99.0
20260918 172  1.6  1405  29  5.0 1639  29  7.6 1635  23.1  30.4 1332  18.2  711  17.3  25.9  15.8  72.0  44.0 1333  19.8   5.2   3.6 -9.00 1012.7 1018.8 1019.8  934 1017.3 1618  5.3  7.8 12.3 -9.0 19.72  3.06 1200   -9.0   -9.0 -9.00   -9.0   -9   -9.0   -9   -9.0   -9   -9.0   -9   -9.0   -9 -99.0 -99.0 -99.0 -99.0 -99.0
20260918 174  1.0   884  14  4.1 1513  14  6.8 1507  20.5  28.3 1438  16.4 2348  15.8  26.8  14.6  77.1  46.0 1346  17.9  -9.0  -9.0 -9.00  999.6 1018.7 1019.9 2326 1017.4 1558  6.8  6.3 12.3 -9.0 -9.00 -9.00   -9    0.1   -9.0 -9.00    0.1  708    0.1  758   -9.0   -9   -9.0   -9   -9.0   -9 -99.0 -99.0 -99.0 -99.0 -99.0
20260918 177  2.3  1954   7  5.5 1252   7  8.8 1116  23.4  28.7 1417  18.4  415  16.6  26.8  16.0  66.9  50.0 1427  19.0   5.6   3.9 -9.00 1015.5 1018.8 1019.8  843 1017.4 1705  4.9  9.8 12.3 -9.0 20.26  3.11 1200   -9.0   -9.0 -9.00   -9.0   -9   -9.0   -9   -9.0   -9   -9.0   -9   -9.0   -9 -99.0 -99.0 -99.0 -99.0 -99.0
20260918 181  2.1  1839  11  5.1 1201  11  7.7 1129  21.1  27.5 1306  15.7  710  14.8  23.7  14.7  69.0  47.0 1155  16.9   4.6   3.2 -9.00 1016.8 1020.7 1021.7  749 1019.2 1621  5.1  5.9 12.3 -9.0 16.51  2.59 1200   -9.0   -9.0 -9.00   -9.0   -9   -9.0   -9   -9.0   -9   -9.0   -9   -9.0   -9 -99.0 -99.0 -99.0 -99.0 -99.0
20260918 184  3.6  3114   7  7.1 1237   9 12.7 1217  24.0  26.0 1231  22.7  133  20.2  24.2  21.9  79.5  71.0 1234  23.7   2.7   1.9 -9.00 1015.2 1017.6 1018.8 2043 1016.1  340  8.9  0.2 12.3 -9.0  4.71  1.00 1200   17.7    1.5 17.20    6.8   54    2.1   54   -9.0   -9   -9.0   -9   -9.0   -9  27.6  27.1  27.1  24.6  20.5
20260918 185  3.8  3242  23  9.6 1507  25 13.1 1507  24.3  30.7 1350  22.4   16  19.7  28.2  19.6  75.6  59.0 1344  22.9   5.9   4.1 -9.00 1008.5 1016.7 1017.8 2124 1015.6  320  5.4  4.6 12.3 -9.0 15.59  3.11 1200    0.1   -9.0 -9.00    0.1   -9    0.1   -9   -9.0   -9   -9.0   -9   -9.0   -9 -99.0 -99.0 -99.0 -99.0 -99.0
20260918 188  4.8  4134   5  7.0 1515   5 11.3 1848  24.7  26.2 1039  23.6 1321  20.6  24.3  22.0  78.3  70.0   23  24.2  -9.0  -9.0 -9.00 1015.9 1018.2 1019.3 2043 1016.5  403  8.9  0.0 12.3 -9.0 -9.00 -9.00   -9    4.2   -9.0 -9.00    4.1 1243    1.9 1317   -9.0   -9   -9.0   -9   -9.0   -9 -99.0 -99.0 -99.0 -99.0 -99.0
20260918 189  3.8  3282   7  6.8 1256  11 12.5 1155  25.4  28.5 1304  23.8 2245  20.2  31.4  21.7  73.4  65.0 1152  23.7   5.0   3.5 -9.00 1011.6 1017.6 1018.6 2041 1016.2  345  8.3  3.9 12.3 -9.0 14.19  2.51 1400    0.0    0.0  7.63    0.0   -9    0.0   -9   -9.0   -9   -9.0   -9   -9.0   -9 -99.0 -99.0 -99.0 -99.0 -99.0
20260918 192  0.7   635   2  3.2 1226   5  6.5 1216  20.4  25.4 1626  16.7 2351  16.2  24.3  16.0  78.3  62.0 1635  18.4   2.6   1.8 -9.00 1016.7 1020.1 1021.6  936 1019.0  206  7.1  1.8 12.3 -9.0  9.71  2.20 1100    1.1    0.5 -9.00    0.4  717    0.2   -9   -9.0   -9   -9.0   -9   -9.0   -9 -99.0 -99.0 -99.0 -99.0 -99.0
20260918 201  2.4  2082   7  4.3  952  16  8.5 1347  23.0  28.8 1458  16.8  312  13.7  29.9  12.3  57.1  40.0 1351  15.7  -9.0  -9.0 -9.00 1016.2 1021.8 1023.1  938 1020.3 1620  6.3  7.8 12.3 -9.0 -9.00 -9.00   -9   -9.0   -9.0 -9.00   -9.0   -9   -9.0   -9   -9.0   -9   -9.0   -9   -9.0   -9 -99.0 -99.0 -99.0 -99.0 -99.0
20260918 202  1.7  1426   7  3.6 1245  11  8.3 1945  22.5  28.5 1426  16.4  611  13.7  26.3  11.2  59.5  38.0 1613  15.7  -9.0  -9.0 -9.00 1016.0 1021.5 1022.8  848 1019.9 1708  5.0  7.4 12.3 -9.0 -9.00 -9.00   -9   -9.0   -9.0 -9.00   -9.0   -9   -9.0   -9   -9.0   -9   -9.0   -9   -9.0   -9 -99.0 -99.0 -99.0 -99.0 -99.0
20260918 203  1.0   848   5  2.5 1102  36  6.7 1050  21.9  28.7 1541  15.2  634  15.3  23.1  11.7  67.9  45.0 1546  17.4  -9.0  -9.0 -9.00 1012.5 1021.8 1023.0 2333 1020.1 1623  5.8  5.2 12.3 -9.0 -9.00 -9.00   -9   -9.0   -9.0 -9.00   -9.0   -9   -9.0   -9   -9.0   -9   -9.0   -9   -9.0   -9 -99.0 -99.0 -99.0 -99.0 -99.0
20260918 211  1.3  1083  11  3.6 1137  14  9.6 1118  19.2  25.8 1218  13.3  620  13.4  25.6   9.3  72.3  41.0 1155  15.4  -9.0  -9.0 -9.00  999.2 1022.8 1023.8  644 1021.4 1513  3.5  8.2 12.3 -9.0 -9.00 -9.00   -9   -9.0   -9.0 -9.00   -9.0   -9   -9.0   -9   -9.0   -9   -9.0   -9   -9.0   -9 -99.0 -99.0 -99.0 -99.0 -99.0
20260918 212  1.4  1229   5  4.4 1559   7  8.1 1236  20.5  28.9 1328  13.5  633  13.0  25.5  10.3  66.4  34.0 1354  15.0  -9.0  -9.0 -9.00 1006.3 1022.6 1023.9  702 1020.6 1555  2.5 10.3 12.3 -9.0 -9.00 -9.00   -9   -9.0   -9.0 -9.00   -9.0   -9   -9.0   -9   -9.0   -9   -9.0   -9   -9.0   -9 -99.0 -99.0 -99.0 -99.0 -99.0
20260918 216  2.4  2045   2  4.5 1152   2  8.9 2136  17.4  21.1 1226  15.8  116  14.2  19.1  15.3  82.1  59.0 1210  16.2   2.7   1.9 -9.00  941.6 1022.9 1024.0 1003 1021.9 1245  8.4  1.7 12.3 -9.0 11.00  2.43 1200    0.3   -9.0 -9.00    0.3 2040    0.3 2130   -9.0   -9   -9.0   -9   -9.0   -9 -99.0 -99.0 -99.0 -99.0 -99.0
20260918 217  2.0  1695   5  5.0 1407   5  9.8 1403  20.2  24.8 1157  16.9    3  14.3  22.6  14.4  70.5  51.0 1201  16.3  -9.0  -9.0 -9.00  986.2 1022.3 1023.5 2044 1021.6  316  6.3  3.6 12.3 -9.0 -9.00 -9.00   -9   -9.0   -9.0 -9.00   -9.0   -9   -9.0   -9   -9.0   -9   -9.0   -9   -9.0   -9 -99.0 -99.0 -99.0 -99.0 -99.0
20260918 221  2.3  1945   5  5.4 1241   2  8.9 1700  19.9  26.8 1341  14.7  649  13.8  23.8  12.6  70.6  43.0 1359  15.8  -9.0  -9.0 -9.00  990.9 1021.6 1023.0 2130 1019.9 1601  5.5  7.8 12.3 -9.0 -9.00 -9.00   -9   -9.0   -9.0 -9.00   -9.0   -9   -9.0   -9   -9.0   -9   -9.0   -9   -9.0   -9 -99.0 -99.0 -99.0 -99.0 -99.0
20260918 226  1.7  1434  16  4.1 1357  14  9.3 1056  21.9  26.8 1428  17.0 2356  15.7  25.7  12.2  69.1  50.0 1439  17.8  -9.0  -9.0 -9.00 1001.0 1020.8 1022.2 2337 1019.5 1617  5.4  7.6 12.3 -9.0 -9.00 -9.00   -9   -9.0   -9.0 -9.00   -9.0   -9   -9.0   -9   -9.0   -9   -9.0   -9   -9.0   -9 -99.0 -99.0 -99.0 -99.0 -99.0
20260918 232  2.4  2047  11  5.7 1127  11  9.5 1234  22.4  27.8 1450  17.5  446  15.1  24.4  15.5  65.1  45.0 1217  17.2  -9.0  -9.0 -9.00 1011.3 1021.2 1022.3  907 1019.8 1602  5.1  7.6 12.3 -9.0 -9.00 -9.00   -9   -9.0   -9.0 -9.00   -9.0   -9   -9.0   -9   -9.0   -9   -9.0   -9   -9.0   -9 -99.0 -99.0 -99.0 -99.0 -99.0
20260918 235  2.2  1924   2  4.1  823   9  8.0   55  25.0  31.0 1343  21.0  632  15.4  27.6  18.2  56.4  38.0 1349  17.5   6.6   4.6 -9.00 1017.8 1019.0 1019.9  916 1018.0 1535  4.8  8.7 12.3 -9.0 20.12  3.10 1200   -9.0   -9.0 -9.00   -9.0   -9   -9.0   -9   -9.0   -9   -9.0   -9   -9.0   -9 -99.0 -99.0 -99.0 -99.0 -99.0
20260918 236  1.6  1354   9  4.1 1446   9  7.1 1307  23.7  28.9 1536  19.2  637  15.9  27.5  17.1  62.9  45.0 1320  18.1  -9.0  -9.0 -9.00 1018.7 1020.3 1021.4  939 1019.0 1600  5.4  9.5 12.3 -9.0 -9.00 -9.00   -9   -9.0   -9.0 -9.00   -9.0   -9   -9.0   -9   -9.0   -9   -9.0   -9   -9.0   -9 -99.0 -99.0 -99.0 -99.0 -99.0
20260918 238  1.2  1042   7  4.1 1116   9  8.0 1113  21.7  27.8 1545  17.5  619  15.8  25.2  14.5  71.3  49.0 1132  18.0  -9.0  -9.0 -9.00 1000.1 1019.8 1020.9 2243 1018.4 1601  5.8  6.3 12.3 -9.0 -9.00 -9.00   -9   -9.0   -9.0 -9.00   -9.0   -9   -9.0   -9   -9.0   -9   -9.0   -9   -9.0   -9 -99.0 -99.0 -99.0 -99.0 -99.0
20260918 239  1.8  1561  11  4.2 1037   9  7.4 1034  23.3  28.3 1517  18.4  713  15.6  29.0  16.9  62.9  47.0 1213  17.7   5.1   3.6 -9.00 1009.3 1019.6 1020.8  754 1018.1 1646  4.5  7.1 12.3 -9.0 17.54  2.47 1100   -9.0   -9.0 -9.00   -9.0   -9   -9.0   -9   -9.0   -9   -9.0   -9   -9.0   -9 -99.0 -99.0 -99.0 -99.0 -99.0
20260918 243  1.5  1316  11  2.8 1043  11  5.2 1035  24.0  30.7 1446  19.3  528  15.8  27.3  15.3  61.9  38.0 1443  18.0  -9.0  -9.0 -9.00 1018.1 1019.5 1020.7  943 1018.4 1606  5.0  8.6 12.3 -9.0 -9.00 -9.00   -9   -9.0   -9.0 -9.00   -9.0   -9   -9.0   -9   -9.0   -9   -9.0   -9   -9.0   -9 -99.0 -99.0 -99.0 -99.0 -99.0
20260918 244  1.6  1344  18  3.5 1556  16  7.1 1551  22.5  28.3 1423  17.6 2346  15.1  24.5  15.5  64.6  45.0 1433  17.1  -9.0  -9.0 -9.00  990.9 1019.2 1020.6 2302 1018.0 1607  4.6  8.6 12.3 -9.0 -9.00 -9.00   -9   -9.0   -9.0 -9.00   -9.0   -9   -9.0   -9   -9.0   -9   -9.0   -9   -9.0   -9 -99.0 -99.0 -99.0 -99.0 -99.0
20260918 245  1.4  1239   7  3.6 1552   9  5.6 1540  24.3  31.0 1425  18.7  706  15.3  29.4  16.2  59.0  37.0 1426  17.4   5.1   3.6 -9.00 1011.2 1019.1 1020.2  953 1017.8 1533  5.4  7.6 12.3 -9.0 17.77  2.95 1100   -9.0   -9.0 -9.00   -9.0   -9   -9.0   -9   -9.0   -9   -9.0   -9   -9.0   -9 -99.0 -99.0 -99.0 -99.0 -99.0
20260918 247  4.6  3995   9  6.8 1511   7 10.9  926  23.7  28.3 1501  20.9  613  16.5  25.9  18.2  64.8  51.0 1314  18.8  -9.0  -9.0 -9.00 1003.6 1019.0 1019.8  749 1018.0  459  6.1  5.4 12.3 -9.0 -9.00 -9.00   -9    0.0   -9.0 -9.00    0.0   -9    0.0   -9   -9.0   -9   -9.0   -9   -9.0   -9 -99.0 -99.0 -99.0 -99.0 -99.0
20260918 248  1.3  1146   7  4.8 1213   5  8.5 1207  20.1  26.2 1430  15.3 2340  14.6  24.5  13.4  72.9  50.0 1259  16.6  -9.0  -9.0 -9.00  973.6 1020.3 1021.9 2313 1018.8 1424  5.5  7.2 12.3 -9.0 -9.00 -9.00   -9   -9.0   -9.0 -9.00   -9.0   -9   -9.0   -9   -9.0   -9   -9.0   -9   -9.0   -9 -99.0 -99.0 -99.0 -99.0 -99.0
20260918 251  1.8  1552   9  5.4   47   9  7.6   40 -99.0  30.6 1440  18.4  709 -99.0  25.4  16.9  -9.0  45.0 1441  -9.0   4.8   3.4 -9.00   -9.0   -9.0 1019.9  940 1017.4 1553  5.8  7.3 12.3 -9.0 17.73  3.14 1200   -9.0   -9.0 -9.00   -9.0   -9   -9.0   -9   -9.0   -9   -9.0   -9   -9.0   -9 -99.0 -99.0 -99.0 -99.0 -99.0
20260918 252  1.0   880  34  2.6 1559  34  4.8 1509  23.2  29.2 1329  18.5  639  16.5  26.5  16.2  67.9  44.0 1201  18.9   4.9   3.4 -9.00 1014.6 1018.9 1020.1  958 1017.8 1608  5.4  9.3 12.3 -9.0 18.94  3.00 1100    0.1   -9.0 -9.00    0.1   16    0.1  106   -9.0   -9   -9.0   -9   -9.0   -9 -99.0 -99.0 -99.0 -99.0 -99.0
20260918 253  0.9   773  27  2.0  836  36  6.5 1101  23.0  26.7 1601  20.0  751  18.2  25.2  18.2  74.8  60.0 1627  20.9   2.4   1.7 -9.00 1014.2 1020.5 1021.9 1052 1019.2  157  7.1  1.6 12.3 -9.0  7.34  1.71 1400    1.8   -9.0 -9.00    1.0  849    0.4  740   -9.0   -9   -9.0   -9   -9.0   -9 -99.0 -99.0 -99.0 -99.0 -99.0
20260918 254  1.3  1155   9  4.5 1701   7  8.0 1652  23.2  29.1 1438  19.3  618  15.3  26.6  16.7  62.4  42.0 1541  17.4   5.4   3.8 -9.00 1004.4 1019.4 1020.6 2346 1018.0 1602  5.5  8.0 12.3 -9.0 19.48  3.13 1200   -9.0   -9.0 -9.00   -9.0   -9   -9.0   -9   -9.0   -9   -9.0   -9   -9.0   -9 -99.0 -99.0 -99.0 -99.0 -99.0
20260918 255  2.1  1781  32  4.0 1238   7  8.3 1508  23.4  27.5 1520  20.0  759  18.1  23.1  18.9  73.0  55.0 1651  20.8   3.2   2.3 -9.00 1013.5 1019.4 1020.9 1029 1018.2  355  8.0  2.1 12.3 -9.0  8.62  1.41 1300    7.5   -9.0 -9.00    5.3  644    4.0  727   -9.0   -9   -9.0   -9   -9.0   -9 -99.0 -99.0 -99.0 -99.0 -99.0
20260918 257  2.9  2471   7  4.5  429  11 11.5  426  23.6  27.1 1529  21.1  952  18.7  25.0  19.2  74.6  59.0 1530  21.5   3.0   2.1 -9.00 1018.9 1019.6 1021.2 1103 1018.3  411  7.5  1.5 12.3 -9.0  7.54  1.63 1400    0.9   -9.0 -9.00    0.4  718    0.3  946   -9.0   -9   -9.0   -9   -9.0   -9 -99.0 -99.0 -99.0 -99.0 -99.0
20260918 258  2.5  2158  14  5.7 1603  14  8.0 1559  23.2  28.3 1414  19.4 2352  17.7  23.3  17.2  72.5  53.0 1303  20.3   5.8   4.0 -9.00 1019.3 1019.5 1020.6 1029 1018.2  510  5.4  7.3 12.3 -9.0 18.76  3.21 1200    0.0   -9.0 -9.00    0.0   -9    0.0   -9   -9.0   -9   -9.0   -9   -9.0   -9 -99.0 -99.0 -99.0 -99.0 -99.0
20260918 259  1.5  1284  11  4.1 1452   9  6.7 1625  23.8  29.2 1535  19.9 2400  17.6  29.3  17.8  69.8  52.0 1436  20.2   5.6   3.9 -9.00 1016.7 1018.5 1019.5 2330 1017.5  407  4.9  7.4 12.3 -9.0 19.26  3.02 1200    0.0   -9.0 -9.00    0.0   -9    0.0   -9   -9.0   -9   -9.0   -9   -9.0   -9 -99.0 -99.0 -99.0 -99.0 -99.0
20260918 260  1.7  1488  11  5.0 1720   9  9.3 1630  23.3  28.7 1437  19.1 2339  17.5  26.0  17.7  71.3  48.0 1329  20.0  -9.0  -9.0 -9.00 1013.5 1018.6 1019.7 2112 1017.4  453  5.0  8.0 12.3 -9.0 -9.00 -9.00   -9    0.0   -9.0 -9.00    0.0   -9    0.0   -9   -9.0   -9   -9.0   -9   -9.0   -9 -99.0 -99.0 -99.0 -99.0 -99.0
20260918 261  3.3  2888  11  6.3 1631  11  8.5 1750  24.1  29.8 1411  19.8 2356  18.4  28.7  16.4  71.3  54.0 1534  21.3  -9.0  -9.0 -9.00 1017.0 1018.9 1019.8 2051 1017.8  305  4.1  8.4 12.3 -9.0 -9.00 -9.00   -9    0.0   -9.0 -9.00    0.0   -9    0.0   -9   -9.0   -9   -9.0   -9   -9.0   -9 -99.0 -99.0 -99.0 -99.0 -99.0
20260918 262  2.1  1845   5  4.9 1544  11  9.0 1542  24.1  28.7 1439  21.5 2300  17.2  28.1  20.7  66.0  50.0 1537  19.6   5.2   3.6 -9.00 1012.8 1018.8 1019.9 1111 1017.6  454  5.8  6.5 12.3 -9.0 16.34  2.86 1200    0.1   -9.0 -9.00    0.1   -9    0.1   -9   -9.0   -9   -9.0   -9   -9.0   -9 -99.0 -99.0 -99.0 -99.0 -99.0
20260918 263  1.4  1239   5  4.0 1233   5  9.0 1228  21.3  25.9 1506  18.6  814  17.8  25.0  16.2  81.1  67.0 1507  20.4   2.9   2.0 -9.00 1018.3 1020.0 1021.4  957 1018.9  231  7.8  1.5 12.3 -9.0 10.12  2.43 1200    4.5   -9.0 -9.00    2.4  737    0.8  822   -9.0   -9   -9.0   -9   -9.0   -9 -99.0 -99.0 -99.0 -99.0 -99.0
20260918 264  1.1   960  11  4.2 1508   7  9.1 1351  21.3  27.7 1334  17.5  649  17.3  24.6  16.2  80.0  54.0 1536  19.7   4.4   3.1 -9.00 1002.8 1020.5 1021.9  903 1019.2 1623  7.5  5.3 12.3 -9.0 17.25  3.16 1100    0.5   -9.0 -9.00    0.4  537    0.2   -9   -9.0   -9   -9.0   -9   -9.0   -9 -99.0 -99.0 -99.0 -99.0 -99.0
20260918 266  2.8  2429   9  4.4 1006   9 10.1 1053  23.5  27.3 1430  20.7  933  16.7  25.2  19.8  66.3  55.0 1454  19.0   5.2   3.6 -9.00 1009.4 1019.6 1020.9  907 1018.4  251  6.1  5.4 12.3 -9.0 15.55  2.86 1300    0.2   -9.0 -9.00    0.1  650    0.1  740   -9.0   -9   -9.0   -9   -9.0   -9 -99.0 -99.0 -99.0 -99.0 -99.0
20260918 268  1.6  1382   5  4.4 1101  36  7.8 1127  23.7  29.0 1441  19.9  422  17.4  26.2  17.6  69.0  51.0 1441  19.9  -9.0  -9.0 -9.00 1015.8 1016.9 1018.1 1026 1016.2  245  5.5  7.0 12.3 -9.0 -9.00 -9.00   -9   -9.0   -9.0 -9.00   -9.0   -9   -9.0   -9   -9.0   -9   -9.0   -9   -9.0   -9 -99.0 -99.0 -99.0 -99.0 -99.0
20260918 271  1.5  1259  14  4.0 1312   5  8.3 1150  19.6  25.6 1409  14.1 2400  14.2  23.4  11.0  73.1  49.0 1341  16.2  -9.0  -9.0 -9.00  984.6 1022.2 1023.5 2040 1021.0 1450  6.1  5.0 12.3 -9.0 -9.00 -9.00   -9   -9.0   -9.0 -9.00   -9.0   -9   -9.0   -9   -9.0   -9   -9.0   -9   -9.0   -9 -99.0 -99.0 -99.0 -99.0 -99.0
20260918 272  1.8  1554  14  4.1 1306  16  8.9 1358  19.9  26.8 1317  14.8 2345  15.7  25.2  11.8  79.5  46.0 1259  17.9  -9.0  -9.0 -9.00  997.2 1021.8 1023.0  938 1020.3 1532  6.6  4.3 12.3 -9.0 -9.00 -9.00   -9   -9.0   -9.0 -9.00   -9.0   -9   -9.0   -9   -9.0   -9   -9.0   -9   -9.0   -9 -99.0 -99.0 -99.0 -99.0 -99.0
20260918 273  1.5  1264  14  4.6 1256  14  8.0 1248  21.1  27.4 1546  16.6 2355  16.0  24.6  11.8  74.8  52.0 1308  18.2  -9.0  -9.0 -9.00 1000.7 1020.8 1022.0  915 1019.4 1535  5.6  4.4 12.3 -9.0 -9.00 -9.00   -9   -9.0   -9.0 -9.00   -9.0   -9   -9.0   -9   -9.0   -9   -9.0   -9   -9.0   -9 -99.0 -99.0 -99.0 -99.0 -99.0
20260918 276  2.1  1818   9  4.2 1009  11  7.6  130  21.3  24.6 1336  17.7 2356  17.0  21.4  14.6  77.3  66.0 1324  19.4   2.5   1.8 -9.00  996.9 1021.0 1022.0 2043 1019.9  236  8.0  1.2 12.3 -9.0  7.56  1.16 1300    0.0   -9.0 -9.00    0.0   -9    0.0   -9   -9.0   -9   -9.0   -9   -9.0   -9 -99.0 -99.0 -99.0 -99.0 -99.0
20260918 277  4.5  3913   2  8.2 1526   2 12.4 1520  22.4  24.8 1519  20.2 2331  17.0  23.6  18.7  71.9  64.0  142  19.3  -9.0  -9.0 -9.00 1017.0 1021.8 1023.0  946 1020.8  225  8.3  0.8 12.3 -9.0 -9.00 -9.00   -9    0.5   -9.0 -9.00    0.4 1315    0.3 1310   -9.0   -9   -9.0   -9   -9.0   -9 -99.0 -99.0 -99.0 -99.0 -99.0
20260918 278  1.3  1086   9  4.0 1509   9  8.4 1523  20.9  26.9 1426  16.7 2351  16.4  24.2  12.8  77.4  55.0 1427  18.7  -9.0  -9.0 -9.00 1010.9 1020.4 1021.4  848 1019.3 1705  6.8  2.6 12.3 -9.0 -9.00 -9.00   -9   -9.0   -9.0 -9.00   -9.0   -9   -9.0   -9   -9.0   -9   -9.0   -9   -9.0   -9 -99.0 -99.0 -99.0 -99.0 -99.0
20260918 279  1.1   936   9  3.9 1625   9  7.8 1618  22.2  28.0 1516  18.5  438  15.8  25.8  17.2  68.6  48.0 1517  18.0   3.8   2.6 -9.00 1014.9 1020.7 1021.8  939 1019.6 1536  7.8  4.4 12.3 -9.0 12.81  1.86 1100    0.0   -9.0 -9.00    0.0   -9    0.0   -9   -9.0   -9   -9.0   -9   -9.0   -9 -99.0 -99.0 -99.0 -99.0 -99.0
20260918 281  2.0  1686   9  4.5 1552   7  8.3 1645  22.0  24.5 1459  18.9 2358  16.5  23.6  16.0  71.8  62.0 1336  18.8  -9.0  -9.0 -9.00 1010.1 1021.3 1022.3 1100 1020.1  155  8.4  0.8 12.3 -9.0 -9.00 -9.00   -9    0.5   -9.0 -9.00    0.4  744    0.2   -9   -9.0   -9   -9.0   -9   -9.0   -9 -99.0 -99.0 -99.0 -99.0 -99.0
20260918 283  2.5  2203   5  5.9 1726   5  9.9 1720  22.2  25.8 1558  19.3 2340  18.2  24.4  17.5  79.3  62.0 1553  20.9   2.9   2.0 -9.00 1016.4 1021.1 1022.2 1035 1020.0  155  9.3  0.5 12.3 -9.0  8.37  1.59 1300    0.8   -9.0 -9.00    0.4  837    0.2   -9   -9.0   -9   -9.0   -9   -9.0   -9 -99.0 -99.0 -99.0 -99.0 -99.0
20260918 284  1.6  1413  11  4.6 1416   7  8.2 1415  21.0  26.7 1422  17.4  601  16.8  24.1  15.9  77.9  60.0 1404  19.1   4.4   3.0 -9.00  994.1 1020.5 1021.8  907 1019.2 1631  7.4  5.7 12.3 -9.0 16.42  2.68 1200    0.7   -9.0 -9.00    0.4  457    0.2   -9   -9.0   -9   -9.0   -9   -9.0   -9 -99.0 -99.0 -99.0 -99.0 -99.0
20260918 285  0.9   756   7  3.6 1455  36  7.0 1331  21.1  27.1 1447  18.3  631  17.9  24.7  17.8  83.5  58.0 1449  20.5  -9.0  -9.0 -9.00 1017.5 1020.7 1021.9  920 1019.7  259  7.6  2.2 12.3 -9.0 -9.00 -9.00   -9    2.4   -9.0 -9.00    1.0  614    0.3  626   -9.0   -9   -9.0   -9   -9.0   -9 -99.0 -99.0 -99.0 -99.0 -99.0
20260918 288  1.7  1438   7  3.7 1414   5  7.5 1339  23.6  27.5 1358  19.9  850  17.9  25.2  19.9  71.4  56.0 1403  20.5   3.8   2.6 -9.00 1017.5 1018.5 1019.8 1023 1017.3  410  8.3  1.5 12.3 -9.0 10.09  2.47 1300    1.7   -9.0 -9.00    1.2  806    0.4  826   -9.0   -9   -9.0   -9   -9.0   -9 -99.0 -99.0 -99.0 -99.0 -99.0
20260918 289  0.8   677   2  3.0 1419   2  6.1 1410  20.6  26.2 1411  17.5  710  17.1  24.1  15.8  81.9  58.0 1455  19.5  -9.0  -9.0 -9.00 1005.2 1021.3 1022.7  922 1020.2 1605  8.1  2.4 12.3 -9.0 -9.00 -9.00   -9    1.2   -9.0 -9.00    0.9  628    0.3  633   -9.0   -9   -9.0   -9   -9.0   -9 -99.0 -99.0 -99.0 -99.0 -99.0
20260918 294  1.2  1034   7  2.5 1435   5  5.4 1432  22.6  25.6 1549  20.1 1017  18.3  25.0  18.3  77.1  64.0 1620  21.0  -9.0  -9.0 -9.00 1014.8 1020.0 1021.6  934 1018.7  312  6.9  2.9 12.3 -9.0 -9.00 -9.00   -9    4.6   -9.0 -9.00    3.2  956    0.8 1013   -9.0   -9   -9.0   -9   -9.0   -9 -99.0 -99.0 -99.0 -99.0 -99.0
20260918 295  2.2  1915   2  3.6 1219   2  7.0 1234  22.6  26.0 1516  20.1  823  17.6  25.3  19.0  73.8  59.0    2  20.1  -9.0  -9.0 -9.00 1014.5 1019.8 1021.3  928 1018.7  313  6.8  3.1 12.3 -9.0 -9.00 -9.00   -9    1.5   -9.0 -9.00    1.4  747    0.8  813   -9.0   -9   -9.0   -9   -9.0   -9 -99.0 -99.0 -99.0 -99.0 -99.0
20260918 296  3.6  3087   5  6.0  545   2  9.7  544  23.3  26.7 1543  21.3 1001  19.2  23.2  19.1  77.9  63.0 1544  22.2   3.2   2.2 -9.00 1018.6 1018.9 1020.4 1102 1017.5  346  7.0  1.6 12.3 -9.0  7.54  1.62 1400    2.7   -9.0  5.80    1.7  925    0.5 1015   -9.0   -9   -9.0   -9   -9.0   -9 -99.0 -99.0 -99.0 -99.0 -99.0
20260919  90 -9.0    -9   2  4.3 1015   5  6.7  819 -99.0  24.7 1045  19.4  346 -99.0 -99.0  18.7  -9.0  65.0 1046  -9.0  -9.0  -9.0 -9.00   -9.0   -9.0 1023.8 1046 1022.7  511 -9.0 -9.0 12.3 -9.0 -9.00 -9.00   -9   -9.0   -9.0 -9.00   -9.0   -9   -9.0   -9   -9.0   -9   -9.0   -9   -9.0   -9 -99.0 -99.0 -99.0 -99.0 -99.0
20260919  93 -9.0    -9   7  3.5 1049   9  6.2 1049 -99.0  25.5 1032  14.7  605 -99.0 -99.0  12.6  -9.0  53.0 1035  -9.0  -9.0  -9.0 -9.00   -9.0   -9.0 1023.6    4 1022.2 1023 -9.0 -9.0 12.3 -9.0 -9.00 -9.00   -9   -9.0   -9.0 -9.00   -9.0   -9   -9.0   -9   -9.0   -9   -9.0   -9   -9.0   -9  24.0  24.0  24.0  23.1  20.2
20260919  95 -9.0    -9  11  4.1  943  11  6.5 1001 -99.0  24.8 1053  16.2  457 -99.0 -99.0  13.9  -9.0  58.0 1044  -9.0  -9.0  -9.0 -9.00   -9.0   -9.0 1023.8  117 1022.4  620 -9.0 -9.0 12.3 -9.0 -9.00 -9.00   -9   -9.0   -9.0 -9.00   -9.0   -9   -9.0   -9   -9.0   -9   -9.0   -9   -9.0   -9 -99.0 -99.0 -99.0 -99.0 -99.0
20260919  98 -9.0    -9   7  1.6  241   9  3.7  235 -99.0  25.4 1054  17.6  332 -99.0 -99.0  13.1  -9.0  48.0 1043  -9.0  -9.0  -9.0 -9.00   -9.0   -9.0 1022.2   46 1021.0  459 -9.0 -9.0 12.3 -9.0 -9.00 -9.00   -9   -9.0   -9.0 -9.00   -9.0   -9   -9.0   -9   -9.0   -9   -9.0   -9   -9.0   -9 -99.0 -99.0 -99.0 -99.0 -99.0
20260919  99 -9.0    -9   9  2.5  143   7  5.1 1034 -99.0  24.5 1050  16.0  317 -99.0 -99.0  13.6  -9.0  57.0 1042  -9.0  -9.0  -9.0 -9.00   -9.0   -9.0 1023.1 1016 1021.5  445 -9.0 -9.0 12.3 -9.0 -9.00 -9.00   -9   -9.0   -9.0 -9.00   -9.0   -9   -9.0   -9   -9.0   -9   -9.0   -9   -9.0   -9 -99.0 -99.0 -99.0 -99.0 -99.0
20260919 100 -9.0    -9   9  2.9   30   9  6.1   15 -99.0  19.0 1014  15.1  324 -99.0 -99.0  13.3  -9.0  75.0 1012  -9.0  -9.0  -9.0 -9.00   -9.0   -9.0 1023.3  950 1022.3 1015 -9.0 -9.0 12.3 -9.0 -9.00 -9.00   -9   -9.0   -9.0 -9.00   -9.0   -9   -9.0   -9   -9.0   -9   -9.0   -9   -9.0   -9 -99.0 -99.0 -99.0 -99.0 -99.0
20260919 101 -9.0    -9  29  3.3  740  32  4.8  613 -99.0  24.9 1048  15.6  636 -99.0 -99.0  12.3  -9.0  56.0 1040  -9.0  -9.0  -9.0 -9.00   -9.0   -9.0 1022.3    1 1021.0 1017 -9.0 -9.0 12.3 -9.0 -9.00 -9.00   -9   -9.0   -9.0 -9.00   -9.0   -9   -9.0   -9   -9.0   -9   -9.0   -9   -9.0   -9  23.5  23.7  23.6  20.5  17.1
20260919 102 -9.0    -9  11  5.2 1002  14  8.3 1037 -99.0  24.3 1026  19.9  545 -99.0 -99.0  17.3  -9.0  55.0 1027  -9.0  -9.0  -9.0 -9.00   -9.0   -9.0 1021.0 1047 1019.2  451 -9.0 -9.0 12.3 -9.0 -9.00 -9.00   -9   -9.0   -9.0 -9.00   -9.0   -9   -9.0   -9   -9.0   -9   -9.0   -9   -9.0   -9 -99.0 -99.0 -99.0 -99.0 -99.0
20260919 104 -9.0    -9   7  2.9 1054   2  5.4 1049 -99.0  24.5 1046  18.5  103 -99.0 -99.0  16.4  -9.0  74.0 1051  -9.0  -9.0  -9.0 -9.00   -9.0   -9.0 1022.5 1028 1021.7  853 -9.0 -9.0 12.3 -9.0 -9.00 -9.00   -9   -9.0   -9.0 -9.00   -9.0   -9   -9.0   -9   -9.0   -9   -9.0   -9   -9.0   -9  23.4  23.2  23.3  21.0  16.8
20260919 105 -9.0    -9  32  3.2  954  29  4.7  949 -99.0  22.9 1041  18.8  539 -99.0 -99.0  17.6  -9.0  72.0 1047  -9.0  -9.0  -9.0 -9.00   -9.0   -9.0 1023.4 1012 1022.5  518 -9.0 -9.0 12.3 -9.0 -9.00 -9.00   -9    0.0   -9.0 -9.00   -9.0   -9   -9.0   -9   -9.0   -9   -9.0   -9   -9.0   -9  23.6  23.3  23.9  20.9  17.8
20260919 106 -9.0    -9  36  4.6  912   2  9.3  856 -99.0  22.9  848  20.5  108 -99.0 -99.0  17.4  -9.0  75.0  854  -9.0  -9.0  -9.0 -9.00   -9.0   -9.0 1023.3 1035 1022.2  218 -9.0 -9.0 12.3 -9.0 -9.00 -9.00   -9   -9.0   -9.0 -9.00    0.8  943    0.6 1024   -9.0   -9   -9.0   -9   -9.0   -9 -99.0 -99.0 -99.0 -99.0 -99.0
20260919 108 -9.0    -9   5  4.6    1   5  8.5    8 -99.0  25.7 1052  20.0  514 -99.0 -99.0  14.8  -9.0  48.0 1054  -9.0  -9.0  -9.0 -9.00   -9.0   -9.0 1021.7  846 1020.6  447 -9.0 -9.0 12.3 -9.0 -9.00 -9.00   -9   -9.0   -9.0 -9.00   -9.0   -9   -9.0   -9   -9.0   -9   -9.0   -9   -9.0   -9 -99.0 -99.0 -99.0 -99.0 -99.0
20260919 112 -9.0    -9   7  4.2  133   5  6.7   14 -99.0  25.7 1049  21.0  644 -99.0 -99.0  16.8  -9.0  52.0 1051  -9.0  -9.0  -9.0 -9.00   -9.0   -9.0 1021.6  925 1020.0  435 -9.0 -9.0 12.3 -9.0 -9.00 -9.00   -9   -9.0   -9.0 -9.00   -9.0   -9   -9.0   -9   -9.0   -9   -9.0   -9   -9.0   -9  23.2  23.2  23.0  21.1  17.0
20260919 114 -9.0    -9   2  2.5    1   7  3.8 1041 -99.0  25.5 1044  16.1  632 -99.0 -99.0  12.6  -9.0  49.0 1045  -9.0  -9.0  -9.0 -9.00   -9.0   -9.0 1022.1    1 1020.8 1002 -9.0 -9.0 12.3 -9.0 -9.00 -9.00   -9   -9.0   -9.0 -9.00   -9.0   -9   -9.0   -9   -9.0   -9   -9.0   -9   -9.0   -9 -99.0 -99.0 -99.0 -99.0 -99.0
20260919 115 -9.0    -9   5  7.7  839   5 11.8  856 -99.0  23.6 1047  20.8  529 -99.0 -99.0  -9.0  -9.0  77.0 1026  -9.0  -9.0  -9.0 -9.00   -9.0   -9.0 1021.6  947 1020.6  344 -9.0 -9.0 12.3 -9.0 -9.00 -9.00   -9   -9.0   -9.0 -9.00   -9.0   -9   -9.0   -9   -9.0   -9   -9.0   -9   -9.0   -9 -99.0 -99.0 -99.0 -99.0 -99.0
20260919 119 -9.0    -9   9  3.6  136   9  5.8  835 -99.0  25.3 1044  19.3  618 -99.0 -99.0  16.6  -9.0  48.0 1050  -9.0  -9.0  -9.0 -9.00   -9.0   -9.0 1021.2  115 1020.1  530 -9.0 -9.0 12.3 -9.0 -9.00 -9.00   -9   -9.0   -9.0 -9.00   -9.0   -9   -9.0   -9   -9.0   -9   -9.0   -9   -9.0   -9 -99.0 -99.0 -99.0 -99.0 -99.0
20260919 121 -9.0    -9   9  5.0 1053   9  8.8 1047 -99.0  24.1 1041  13.8  506 -99.0 -99.0  13.8  -9.0  62.0 1038  -9.0  -9.0  -9.0 -9.00   -9.0   -9.0 1023.3   38 1021.9 1037 -9.0 -9.0 12.3 -9.0 -9.00 -9.00   -9   -9.0   -9.0 -9.00   -9.0   -9   -9.0   -9   -9.0   -9   -9.0   -9   -9.0   -9 -99.0 -99.0 -99.0 -99.0 -99.0
20260919 127 -9.0    -9   9  3.3 1039   7  6.0 1054 -99.0  24.8 1049  15.3  558 -99.0 -99.0  14.6  -9.0  58.0 1050  -9.0  -9.0  -9.0 -9.00   -9.0   -9.0 1021.4  409 1020.1  638 -9.0 -9.0 12.3 -9.0 -9.00 -9.00   -9   -9.0   -9.0 -9.00   -9.0   -9   -9.0   -9   -9.0   -9   -9.0   -9   -9.0   -9 -99.0 -99.0 -99.0 -99.0 -99.0
20260919 129 -9.0    -9  32  3.5  950   2  6.4  827 -99.0  25.4 1051  19.1  708 -99.0 -99.0  15.0  -9.0  48.0 1046  -9.0  -9.0  -9.0 -9.00   -9.0   -9.0 1021.6 1025 1019.9  449 -9.0 -9.0 12.3 -9.0 -9.00 -9.00   -9   -9.0   -9.0 -9.00   -9.0   -9   -9.0   -9   -9.0   -9   -9.0   -9   -9.0   -9  22.9  23.3  23.3  21.0  18.1
20260919 130 -9.0    -9  25  2.7  607  34  6.4  659 -99.0  22.8  847  19.6   26 -99.0 -99.0  17.2  -9.0  81.0  849  -9.0  -9.0  -9.0 -9.00   -9.0   -9.0 1022.5  939 1021.5  155 -9.0 -9.0 12.3 -9.0 -9.00 -9.00   -9    0.1   -9.0 -9.00    0.1  537    0.1  627   -9.0   -9   -9.0   -9   -9.0   -9 -99.0 -99.0 -99.0 -99.0 -99.0
20260919 131 -9.0    -9   7  3.3  945   5  5.8  940 -99.0  25.0 1053  18.6  557 -99.0 -99.0  17.2  -9.0  54.0 1054  -9.0  -9.0  -9.0 -9.00   -9.0   -9.0 1021.2  133 1019.9  556 -9.0 -9.0 12.3 -9.0 -9.00 -9.00   -9   -9.0   -9.0 -9.00   -9.0   -9   -9.0   -9   -9.0   -9   -9.0   -9   -9.0   -9 -99.0 -99.0 -99.0 -99.0 -99.0
20260919 133 -9.0    -9  14  3.0 1053  14  5.3 1053 -99.0  27.0 1052  18.6  714 -99.0 -99.0  16.2  -9.0  51.0 1026  -9.0  -9.0  -9.0 -9.00   -9.0   -9.0 1021.4  127 1020.1  559 -9.0 -9.0 12.3 -9.0 -9.00 -9.00   -9   -9.0   -9.0 -9.00   -9.0   -9   -9.0   -9   -9.0   -9   -9.0   -9   -9.0   -9  26.0  26.0  25.5  23.4  19.4
20260919 135 -9.0    -9   7  4.0 1049   9  5.6 1048 -99.0  23.4 1052  14.8  534 -99.0 -99.0  12.6  -9.0  63.0 1054  -9.0  -9.0  -9.0 -9.00   -9.0   -9.0 1021.7  357 1020.7  650 -9.0 -9.0 12.3 -9.0 -9.00 -9.00   -9   -9.0   -9.0 -9.00   -9.0   -9   -9.0   -9   -9.0   -9   -9.0   -9   -9.0   -9 -99.0 -99.0 -99.0 -99.0 -99.0
20260919 136 -9.0    -9  29  2.0  959  32  3.0  952 -99.0  23.2 1044  15.5  437 -99.0 -99.0  13.8  -9.0  66.0 1034  -9.0  -9.0  -9.0 -9.00   -9.0   -9.0 1022.8  305 1021.7  737 -9.0 -9.0 12.3 -9.0 -9.00 -9.00   -9   -9.0   -9.0 -9.00   -9.0   -9   -9.0   -9   -9.0   -9   -9.0   -9   -9.0   -9 -99.0 -99.0 -99.0 -99.0 -99.0
20260919 137 -9.0    -9  18  1.1  145  32  2.2 1009 -99.0  22.7 1050  15.6  543 -99.0 -99.0  13.5  -9.0  69.0 1041  -9.0  -9.0  -9.0 -9.00   -9.0   -9.0 1021.2  937 1020.2  624 -9.0 -9.0 12.3 -9.0 -9.00 -9.00   -9   -9.0   -9.0 -9.00   -9.0   -9   -9.0   -9   -9.0   -9   -9.0   -9   -9.0   -9 -99.0 -99.0 -99.0 -99.0 -99.0
20260919 138 -9.0    -9   5  5.9  826   2  9.7  820 -99.0  24.8 1037  21.9  612 -99.0 -99.0  20.0  -9.0  63.0 1039  -9.0  -9.0  -9.0 -9.00   -9.0   -9.0 1020.6  951 1019.4  425 -9.0 -9.0 12.3 -9.0 -9.00 -9.00   -9    0.0   -9.0 -9.00   -9.0   -9   -9.0   -9   -9.0   -9   -9.0   -9   -9.0   -9  24.5  23.4  22.7  20.2  17.6
20260919 140 -9.0    -9  34  3.0  548   7  5.7  404 -99.0  25.8 1050  19.8  650 -99.0 -99.0  17.6  -9.0  61.0 1051  -9.0  -9.0  -9.0 -9.00   -9.0   -9.0 1021.4  936 1020.1  500 -9.0 -9.0 12.3 -9.0 -9.00 -9.00   -9   -9.0   -9.0 -9.00   -9.0   -9   -9.0   -9   -9.0   -9   -9.0   -9   -9.0   -9 -99.0 -99.0 -99.0 -99.0 -99.0
20260919 143 -9.0    -9  11  2.0  722   9  3.0  725 -99.0  23.8 1008  17.9  523 -99.0 -99.0  15.0  -9.0  63.0  932  -9.0  -9.0  -9.0 -9.00   -9.0   -9.0 1021.4  837 1020.5  658 -9.0 -9.0 12.3 -9.0 -9.00 -9.00   -9   -9.0   -9.0 -9.00   -9.0   -9   -9.0   -9   -9.0   -9   -9.0   -9   -9.0   -9 -99.0 -99.0 -99.0 -99.0 -99.0
20260919 146 -9.0    -9   2  2.6 1010   2  3.8 1009 -99.0  26.1 1051  18.6  549 -99.0 -99.0  14.3  -9.0  59.0 1047  -9.0  -9.0  -9.0 -9.00   -9.0   -9.0 1020.3  723 1019.1  520 -9.0 -9.0 12.3 -9.0 -9.00 -9.00   -9   -9.0   -9.0 -9.00   -9.0   -9   -9.0   -9   -9.0   -9   -9.0   -9   -9.0   -9 -99.0 -99.0 -99.0 -99.0 -99.0
20260919 152 -9.0    -9   5  4.1 1010   2  7.7  945 -99.0  24.3 1049  20.8   17 -99.0 -99.0  19.8  -9.0  64.0 1042  -9.0  -9.0  -9.0 -9.00   -9.0   -9.0 1019.9  936 1018.9  501 -9.0 -9.0 12.3 -9.0 -9.00 -9.00   -9   -9.0   -9.0 -9.00   -9.0   -9   -9.0   -9   -9.0   -9   -9.0   -9   -9.0   -9 -99.0 -99.0 -99.0 -99.0 -99.0
20260919 155 -9.0    -9   7  3.0  904  11  5.9  911 -99.0  26.0 1038  20.8  458 -99.0 -99.0  18.0  -9.0  62.0  955  -9.0  -9.0  -9.0 -9.00   -9.0   -9.0 1019.9  942 1018.9  449 -9.0 -9.0 12.3 -9.0 -9.00 -9.00   -9   -9.0   -9.0 -9.00   -9.0   -9   -9.0   -9   -9.0   -9   -9.0   -9   -9.0   -9 -99.0 -99.0 -99.0 -99.0 -99.0
20260919 156 -9.0    -9   5  3.1   18   2  5.2   18 -99.0  27.0 1054  19.6  440 -99.0 -99.0  15.0  -9.0  60.0 1048  -9.0  -9.0  -9.0 -9.00   -9.0   -9.0 1019.9  914 1018.7  509 -9.0 -9.0 12.3 -9.0 -9.00 -9.00   -9   -9.0   -9.0 -9.00   -9.0   -9   -9.0   -9   -9.0   -9   -9.0   -9   -9.0   -9 -99.0 -99.0 -99.0 -99.0 -99.0
20260919 159 -9.0    -9   7  4.3 1015   7 10.6  921 -99.0  25.4 1045  21.3  152 -99.0 -99.0  17.9  -9.0  64.0 1048  -9.0  -9.0  -9.0 -9.00   -9.0   -9.0 1019.2  946 1018.0  434 -9.0 -9.0 12.3 -9.0 -9.00 -9.00   -9   -9.0   -9.0 -9.00   -9.0   -9   -9.0   -9   -9.0   -9   -9.0   -9   -9.0   -9  25.4  26.2  25.8  21.6  19.7
20260919 162 -9.0    -9   5  4.8 1046   2  7.6 1041 -99.0  26.0 1039  20.8  456 -99.0 -99.0  17.4  -9.0  60.0 1008  -9.0  -9.0  -9.0 -9.00   -9.0   -9.0 1018.5    1 1017.8  331 -9.0 -9.0 12.3 -9.0 -9.00 -9.00   -9   -9.0   -9.0 -9.00   -9.0   -9   -9.0   -9   -9.0   -9   -9.0   -9   -9.0   -9 -99.0 -99.0 -99.0 -99.0 -99.0
20260919 165 -9.0    -9  34  3.1 1049  32  4.8 1049 -99.0  26.1 1019  20.6  604 -99.0 -99.0  16.3  -9.0  58.0 1044  -9.0  -9.0  -9.0 -9.00   -9.0   -9.0 1020.2  949 1018.8  458 -9.0 -9.0 12.3 -9.0 -9.00 -9.00   -9   -9.0   -9.0 -9.00   -9.0   -9   -9.0   -9   -9.0   -9   -9.0   -9   -9.0   -9  26.0  24.8  25.0  22.6  19.3
20260919 168 -9.0    -9   5  7.8  902   2 13.6  321 -99.0  24.5 1036  22.2  622 -99.0 -99.0  20.8  -9.0  63.0  848  -9.0  -9.0  -9.0 -9.00   -9.0   -9.0 1019.7    2 1018.4  544 -9.0 -9.0 12.3 -9.0 -9.00 -9.00   -9   -9.0   -9.0 -9.00   -9.0   -9   -9.0   -9   -9.0   -9   -9.0   -9   -9.0   -9 -99.0 -99.0 -99.0 -99.0 -99.0
20260919 169 -9.0    -9   9  3.1 1005  11  4.1  953 -99.0  27.0 1047  20.7  538 -99.0 -99.0  18.9  -9.0  62.0 1048  -9.0  -9.0  -9.0 -9.00   -9.0   -9.0 1020.3 1007 1018.8  446 -9.0 -9.0 12.3 -9.0 -9.00 -9.00   -9   -9.0   -9.0 -9.00   -9.0   -9   -9.0   -9   -9.0   -9   -9.0   -9   -9.0   -9 -99.0 -99.0 -99.0 -99.0 -99.0
20260919 170 -9.0    -9   7  2.6   20   9  4.4   49 -99.0  28.8 1038  19.4  430 -99.0 -99.0  15.7  -9.0  51.0 1048  -9.0  -9.0  -9.0 -9.00   -9.0   -9.0 1019.9 1025 1018.8  511 -9.0 -9.0 12.3 -9.0 -9.00 -9.00   -9   -9.0   -9.0 -9.00   -9.0   -9   -9.0   -9   -9.0   -9   -9.0   -9   -9.0   -9 -99.0 -99.0 -99.0 -99.0 -99.0
20260919 172 -9.0    -9   7  2.9  925   5  4.1  919 -99.0  26.3 1054  17.1  416 -99.0 -99.0  14.2  -9.0  61.0 1045  -9.0  -9.0  -9.0 -9.00   -9.0   -9.0 1019.9  238 1018.9  442 -9.0 -9.0 12.3 -9.0 -9.00 -9.00   -9   -9.0   -9.0 -9.00   -9.0   -9   -9.0   -9   -9.0   -9   -9.0   -9   -9.0   -9 -99.0 -99.0 -99.0 -99.0 -99.0
20260919 174 -9.0    -9  20  1.7 1046  20  2.6 1045 -99.0  25.3 1032  14.6  540 -99.0 -99.0  13.4  -9.0  57.0 1014  -9.0  -9.0  -9.0 -9.00   -9.0   -9.0 1019.7    1 1018.7  518 -9.0 -9.0 12.3 -9.0 -9.00 -9.00   -9   -9.0   -9.0 -9.00   -9.0   -9   -9.0   -9   -9.0   -9   -9.0   -9   -9.0   -9 -99.0 -99.0 -99.0 -99.0 -99.0
20260919 177 -9.0    -9   5  3.1 1008   7  5.0  953 -99.0  25.7 1043  18.7  601 -99.0 -99.0  16.1  -9.0  58.0 1044  -9.0  -9.0  -9.0 -9.00   -9.0   -9.0 1020.0 1052 1018.6  514 -9.0 -9.0 12.3 -9.0 -9.00 -9.00   -9   -9.0   -9.0 -9.00   -9.0   -9   -9.0   -9   -9.0   -9   -9.0   -9   -9.0   -9 -99.0 -99.0 -99.0 -99.0 -99.0
20260919 181 -9.0    -9   5  3.9 1049   2  5.7  945 -99.0  23.2 1042  15.0  355 -99.0 -99.0  13.9  -9.0  60.0 1039  -9.0  -9.0  -9.0 -9.00   -9.0   -9.0 1021.8  132 1020.5  552 -9.0 -9.0 12.3 -9.0 -9.00 -9.00   -9   -9.0   -9.0 -9.00   -9.0   -9   -9.0   -9   -9.0   -9   -9.0   -9   -9.0   -9 -99.0 -99.0 -99.0 -99.0 -99.0
20260919 184 -9.0    -9   7  4.8 1013   7  8.2 1028 -99.0  25.2 1054  23.5  608 -99.0 -99.0  22.3  -9.0  68.0 1036  -9.0  -9.0  -9.0 -9.00   -9.0   -9.0 1018.8  949 1017.4  501 -9.0 -9.0 12.3 -9.0 -9.00 -9.00   -9    0.0   -9.0 -9.00   -9.0   -9   -9.0   -9   -9.0   -9   -9.0   -9   -9.0   -9  27.2  26.9  27.0  24.5  20.5
20260919 185 -9.0    -9  27  6.6   43  32 11.6  920 -99.0  26.9 1036  21.2  458 -99.0 -99.0  18.8  -9.0  62.0 1040  -9.0  -9.0  -9.0 -9.00   -9.0   -9.0 1018.1  826 1016.7  417 -9.0 -9.0 12.3 -9.0 -9.00 -9.00   -9   -9.0   -9.0 -9.00   -9.0   -9   -9.0   -9   -9.0   -9   -9.0   -9   -9.0   -9 -99.0 -99.0 -99.0 -99.0 -99.0
20260919 188 -9.0    -9   5  5.3 1028   5 10.0  126 -99.0  25.5 1038  23.6  534 -99.0 -99.0  22.8  -9.0  71.0 1034  -9.0  -9.0  -9.0 -9.00   -9.0   -9.0 1019.1 1013 1017.9  523 -9.0 -9.0 12.3 -9.0 -9.00 -9.00   -9   -9.0   -9.0 -9.00   -9.0   -9   -9.0   -9   -9.0   -9   -9.0   -9   -9.0   -9 -99.0 -99.0 -99.0 -99.0 -99.0
20260919 189 -9.0    -9   2  4.4  958  11  9.0 1017 -99.0  27.3 1045  23.3  534 -99.0 -99.0  20.9  -9.0  63.0 1046  -9.0  -9.0  -9.0 -9.00   -9.0   -9.0 1018.7  913 1017.2  425 -9.0 -9.0 12.3 -9.0 -9.00 -9.00   -9   -9.0   -9.0 -9.00   -9.0   -9   -9.0   -9   -9.0   -9   -9.0   -9   -9.0   -9 -99.0 -99.0 -99.0 -99.0 -99.0
20260919 192 -9.0    -9  36  2.3  942  34  5.1  917 -99.0  23.3  959  15.2  602 -99.0 -99.0  14.5  -9.0  65.0  915  -9.0  -9.0  -9.0 -9.00   -9.0   -9.0 1020.5    1 1019.4  619 -9.0 -9.0 12.3 -9.0 -9.00 -9.00   -9   -9.0   -9.0 -9.00   -9.0   -9   -9.0   -9   -9.0   -9   -9.0   -9   -9.0   -9 -99.0 -99.0 -99.0 -99.0 -99.0
20260919 201 -9.0    -9   5  3.3  936  36  5.9  332 -99.0  24.4 1041  19.4  616 -99.0 -99.0  16.1  -9.0  55.0 1053  -9.0  -9.0  -9.0 -9.00   -9.0   -9.0 1023.0 1005 1021.2  434 -9.0 -9.0 12.3 -9.0 -9.00 -9.00   -9   -9.0   -9.0 -9.00   -9.0   -9   -9.0   -9   -9.0   -9   -9.0   -9   -9.0   -9 -99.0 -99.0 -99.0 -99.0 -99.0
20260919 202 -9.0    -9  20  2.4   40  20  4.0   32 -99.0  26.0 1046  17.3  541 -99.0 -99.0  13.7  -9.0  49.0 1047  -9.0  -9.0  -9.0 -9.00   -9.0   -9.0 1022.3  109 1021.1  614 -9.0 -9.0 12.3 -9.0 -9.00 -9.00   -9   -9.0   -9.0 -9.00   -9.0   -9   -9.0   -9   -9.0   -9   -9.0   -9   -9.0   -9 -99.0 -99.0 -99.0 -99.0 -99.0
20260919 203 -9.0    -9   5  2.0  958  36  5.0  829 -99.0  26.2 1052  16.0  622 -99.0 -99.0  13.5  -9.0  56.0 1038  -9.0  -9.0  -9.0 -9.00   -9.0   -9.0 1022.7  758 1021.7  609 -9.0 -9.0 12.3 -9.0 -9.00 -9.00   -9   -9.0   -9.0 -9.00   -9.0   -9   -9.0   -9   -9.0   -9   -9.0   -9   -9.0   -9 -99.0 -99.0 -99.0 -99.0 -99.0
20260919 211 -9.0    -9   2  3.1 1034   5  5.0 1022 -99.0  23.4 1054  13.8  333 -99.0 -99.0  10.2  -9.0  59.0 1054  -9.0  -9.0  -9.0 -9.00   -9.0   -9.0 1023.7   10 1021.9 1054 -9.0 -9.0 12.3 -9.0 -9.00 -9.00   -9   -9.0   -9.0 -9.00   -9.0   -9   -9.0   -9   -9.0   -9   -9.0   -9   -9.0   -9 -99.0 -99.0 -99.0 -99.0 -99.0
20260919 212 -9.0    -9   7  2.1 1032   9  4.5 1031 -99.0  25.4 1054  14.6  610 -99.0 -99.0  12.2  -9.0  51.0 1043  -9.0  -9.0  -9.0 -9.00   -9.0   -9.0 1023.7   12 1022.1 1027 -9.0 -9.0 12.3 -9.0 -9.00 -9.00   -9   -9.0   -9.0 -9.00   -9.0   -9   -9.0   -9   -9.0   -9   -9.0   -9   -9.0   -9 -99.0 -99.0 -99.0 -99.0 -99.0
20260919 216 -9.0    -9  36  3.2 1053   5  8.4  754 -99.0  16.6   26  15.8  146 -99.0 -99.0  14.9  -9.0  84.0  348  -9.0  -9.0  -9.0 -9.00   -9.0   -9.0 1023.3 1001 1021.9  746 -9.0 -9.0 12.3 -9.0 -9.00 -9.00   -9    1.0   -9.0 -9.00    0.7  729    0.3  741   -9.0   -9   -9.0   -9   -9.0   -9 -99.0 -99.0 -99.0 -99.0 -99.0
20260919 217 -9.0    -9  16  1.8 1036  29  3.4 1043 -99.0  21.7 1051  14.8  416 -99.0 -99.0  11.7  -9.0  66.0 1052  -9.0  -9.0  -9.0 -9.00   -9.0   -9.0 1023.3  324 1022.1 1047 -9.0 -9.0 12.3 -9.0 -9.00 -9.00   -9   -9.0   -9.0 -9.00   -9.0   -9   -9.0   -9   -9.0   -9   -9.0   -9   -9.0   -9 -99.0 -99.0 -99.0 -99.0 -99.0
20260919 221 -9.0    -9   5  3.6 1028   7  7.5 1026 -99.0  23.6 1054  12.6  331 -99.0 -99.0  11.5  -9.0  62.0  945  -9.0  -9.0  -9.0 -9.00   -9.0   -9.0 1022.8    6 1021.3  944 -9.0 -9.0 12.3 -9.0 -9.00 -9.00   -9   -9.0   -9.0 -9.00   -9.0   -9   -9.0   -9   -9.0   -9   -9.0   -9   -9.0   -9 -99.0 -99.0 -99.0 -99.0 -99.0
20260919 226 -9.0    -9  18  3.4 1039  18  5.2 1034 -99.0  23.8 1054  14.7  436 -99.0 -99.0  11.1  -9.0  61.0 1053  -9.0  -9.0  -9.0 -9.00   -9.0   -9.0 1022.0    1 1020.9  619 -9.0 -9.0 12.3 -9.0 -9.00 -9.00   -9   -9.0   -9.0 -9.00   -9.0   -9   -9.0   -9   -9.0   -9   -9.0   -9   -9.0   -9 -99.0 -99.0 -99.0 -99.0 -99.0
20260919 232 -9.0    -9   9  3.8  905   9  6.0  921 -99.0  24.4 1054  16.1  346 -99.0 -99.0  13.5  -9.0  56.0 1049  -9.0  -9.0  -9.0 -9.00   -9.0   -9.0 1022.4  128 1020.9  605 -9.0 -9.0 12.3 -9.0 -9.00 -9.00   -9   -9.0   -9.0 -9.00   -9.0   -9   -9.0   -9   -9.0   -9   -9.0   -9   -9.0   -9 -99.0 -99.0 -99.0 -99.0 -99.0
20260919 235 -9.0    -9   5  3.6   27   5  6.9  417 -99.0  28.1 1052  20.1  617 -99.0 -99.0  16.9  -9.0  46.0 1049  -9.0  -9.0  -9.0 -9.00   -9.0   -9.0 1020.1 1048 1018.8  449 -9.0 -9.0 12.3 -9.0 -9.00 -9.00   -9   -9.0   -9.0 -9.00   -9.0   -9   -9.0   -9   -9.0   -9   -9.0   -9   -9.0   -9 -99.0 -99.0 -99.0 -99.0 -99.0
20260919 236 -9.0    -9  36  3.3  510  32  5.8  502 -99.0  26.3 1053  18.7  645 -99.0 -99.0  15.8  -9.0  52.0 1051  -9.0  -9.0  -9.0 -9.00   -9.0   -9.0 1021.4   57 1020.1  517 -9.0 -9.0 12.3 -9.0 -9.00 -9.00   -9   -9.0   -9.0 -9.00   -9.0   -9   -9.0   -9   -9.0   -9   -9.0   -9   -9.0   -9 -99.0 -99.0 -99.0 -99.0 -99.0
20260919 238 -9.0    -9   7  1.9 1053   7  3.8 1045 -99.0  25.4 1038  16.0  536 -99.0 -99.0  12.8  -9.0  57.0 1043  -9.0  -9.0  -9.0 -9.00   -9.0   -9.0 1020.9    1 1019.7  617 -9.0 -9.0 12.3 -9.0 -9.00 -9.00   -9   -9.0   -9.0 -9.00   -9.0   -9   -9.0   -9   -9.0   -9   -9.0   -9   -9.0   -9 -99.0 -99.0 -99.0 -99.0 -99.0
20260919 239 -9.0    -9   9  2.1    2  11  4.2 1025 -99.0  25.7 1048  17.7  612 -99.0 -99.0  15.4  -9.0  55.0 1036  -9.0  -9.0  -9.0 -9.00   -9.0   -9.0 1021.0  128 1019.7  538 -9.0 -9.0 12.3 -9.0 -9.00 -9.00   -9   -9.0   -9.0 -9.00   -9.0   -9   -9.0   -9   -9.0   -9   -9.0   -9   -9.0   -9 -99.0 -99.0 -99.0 -99.0 -99.0
20260919 243 -9.0    -9   7  2.2  751   5  4.1  745 -99.0  26.0 1052  18.1  624 -99.0 -99.0  14.2  -9.0  55.0 1053  -9.0  -9.0  -9.0 -9.00   -9.0   -9.0 1020.8 1045 1019.4  452 -9.0 -9.0 12.3 -9.0 -9.00 -9.00   -9   -9.0   -9.0 -9.00   -9.0   -9   -9.0   -9   -9.0   -9   -9.0   -9   -9.0   -9 -99.0 -99.0 -99.0 -99.0 -99.0
20260919 244 -9.0    -9  14  1.8 1052  14  3.7 1050 -99.0  23.9 1047  15.1  446 -99.0 -99.0  12.8  -9.0  62.0 1048  -9.0  -9.0  -9.0 -9.00   -9.0   -9.0 1020.6  718 1019.6  843 -9.0 -9.0 12.3 -9.0 -9.00 -9.00   -9   -9.0   -9.0 -9.00   -9.0   -9   -9.0   -9   -9.0   -9   -9.0   -9   -9.0   -9 -99.0 -99.0 -99.0 -99.0 -99.0
20260919 245 -9.0    -9   7  2.8  347   2  4.5 1031 -99.0  27.1 1053  17.4  620 -99.0 -99.0  15.3  -9.0  54.0 1054  -9.0  -9.0  -9.0 -9.00   -9.0   -9.0 1020.4  841 1019.2  505 -9.0 -9.0 12.3 -9.0 -9.00 -9.00   -9   -9.0   -9.0 -9.00   -9.0   -9   -9.0   -9   -9.0   -9   -9.0   -9   -9.0   -9 -99.0 -99.0 -99.0 -99.0 -99.0
20260919 247 -9.0    -9   7  4.9   23   9  7.6    4 -99.0  26.3 1054  17.7  619 -99.0 -99.0  15.8  -9.0  61.0 1052  -9.0  -9.0  -9.0 -9.00   -9.0   -9.0 1020.0  738 1018.8  533 -9.0 -9.0 12.3 -9.0 -9.00 -9.00   -9   -9.0   -9.0 -9.00   -9.0   -9   -9.0   -9   -9.0   -9   -9.0   -9   -9.0   -9 -99.0 -99.0 -99.0 -99.0 -99.0
20260919 248 -9.0    -9  34  1.6 1049  34  2.9 1041 -99.0  23.1 1043  12.5  508 -99.0 -99.0  10.1  -9.0  66.0 1044  -9.0  -9.0  -9.0 -9.00   -9.0   -9.0 1021.9  318 1020.1 1049 -9.0 -9.0 12.3 -9.0 -9.00 -9.00   -9   -9.0   -9.0 -9.00   -9.0   -9   -9.0   -9   -9.0   -9   -9.0   -9   -9.0   -9 -99.0 -99.0 -99.0 -99.0 -99.0
20260919 251 -9.0    -9  11  2.9  117   5  4.7  849 -99.0  26.3 1048  16.6  507 -99.0 -99.0  14.3  -9.0  61.0 1051  -9.0  -9.0  -9.0 -9.00   -9.0   -9.0 1020.1  843 1019.1  428 -9.0 -9.0 12.3 -9.0 -9.00 -9.00   -9   -9.0   -9.0 -9.00   -9.0   -9   -9.0   -9   -9.0   -9   -9.0   -9   -9.0   -9 -99.0 -99.0 -99.0 -99.0 -99.0
20260919 252 -9.0    -9  36  1.8 1045  34  3.2 1045 -99.0  25.7 1050  17.5  429 -99.0 -99.0  15.3  -9.0  54.0 1051  -9.0  -9.0  -9.0 -9.00   -9.0   -9.0 1020.2 1049 1018.9  436 -9.0 -9.0 12.3 -9.0 -9.00 -9.00   -9   -9.0   -9.0 -9.00   -9.0   -9   -9.0   -9   -9.0   -9   -9.0   -9   -9.0   -9 -99.0 -99.0 -99.0 -99.0 -99.0
20260919 253 -9.0    -9  32  2.1  757   2  4.5  338 -99.0  26.4 1042  20.3  653 -99.0 -99.0  18.4  -9.0  62.0 1041  -9.0  -9.0  -9.0 -9.00   -9.0   -9.0 1020.7  949 1019.6  451 -9.0 -9.0 12.3 -9.0 -9.00 -9.00   -9   -9.0   -9.0 -9.00   -9.0   -9   -9.0   -9   -9.0   -9   -9.0   -9   -9.0   -9 -99.0 -99.0 -99.0 -99.0 -99.0
20260919 254 -9.0    -9   9  2.6 1050   9  3.8 1047 -99.0  25.7 1053  16.3  542 -99.0 -99.0  13.7  -9.0  56.0 1050  -9.0  -9.0  -9.0 -9.00   -9.0   -9.0 1020.6  731 1019.5  531 -9.0 -9.0 12.3 -9.0 -9.00 -9.00   -9   -9.0   -9.0 -9.00   -9.0   -9   -9.0   -9   -9.0   -9   -9.0   -9   -9.0   -9 -99.0 -99.0 -99.0 -99.0 -99.0
20260919 255 -9.0    -9  32  3.5  838  32  5.5  908 -99.0  26.3 1054  20.9  607 -99.0 -99.0  17.4  -9.0  64.0 1037  -9.0  -9.0  -9.0 -9.00   -9.0   -9.0 1019.5   27 1018.8  427 -9.0 -9.0 12.3 -9.0 -9.00 -9.00   -9   -9.0   -9.0 -9.00   -9.0   -9   -9.0   -9   -9.0   -9   -9.0   -9   -9.0   -9 -99.0 -99.0 -99.0 -99.0 -99.0
20260919 257 -9.0    -9   7  4.0  816   5  9.1  826 -99.0  28.8 1031  21.9  109 -99.0 -99.0  19.4  -9.0  56.0 1052  -9.0  -9.0  -9.0 -9.00   -9.0   -9.0 1019.7  938 1018.6  501 -9.0 -9.0 12.3 -9.0 -9.00 -9.00   -9   -9.0   -9.0 -9.00   -9.0   -9   -9.0   -9   -9.0   -9   -9.0   -9   -9.0   -9 -99.0 -99.0 -99.0 -99.0 -99.0
20260919 258 -9.0    -9   9  3.4 1041   9  4.8 1032 -99.0  26.9 1047  17.5  520 -99.0 -99.0  16.1  -9.0  60.0 1048  -9.0  -9.0  -9.0 -9.00   -9.0   -9.0 1020.2    1 1019.1  501 -9.0 -9.0 12.3 -9.0 -9.00 -9.00   -9   -9.0   -9.0 -9.00   -9.0   -9   -9.0   -9   -9.0   -9   -9.0   -9   -9.0   -9 -99.0 -99.0 -99.0 -99.0 -99.0
20260919 259 -9.0    -9   7  2.3  946   5  4.3  932 -99.0  28.0 1041  17.7  446 -99.0 -99.0  16.0  -9.0  55.0 1042  -9.0  -9.0  -9.0 -9.00   -9.0   -9.0 1019.5  837 1018.4  514 -9.0 -9.0 12.3 -9.0 -9.00 -9.00   -9   -9.0   -9.0 -9.00   -9.0   -9   -9.0   -9   -9.0   -9   -9.0   -9   -9.0   -9 -99.0 -99.0 -99.0 -99.0 -99.0
20260919 260 -9.0    -9   9  3.0  955   9  4.2  945 -99.0  28.1 1051  16.5  616 -99.0 -99.0  15.3  -9.0  54.0 1054  -9.0  -9.0  -9.0 -9.00   -9.0   -9.0 1019.5    1 1018.6  514 -9.0 -9.0 12.3 -9.0 -9.00 -9.00   -9   -9.0   -9.0 -9.00   -9.0   -9   -9.0   -9   -9.0   -9   -9.0   -9   -9.0   -9 -99.0 -99.0 -99.0 -99.0 -99.0
20260919 261 -9.0    -9   9  5.0  921   9  6.2  919 -99.0  27.9 1033  16.6  619 -99.0 -99.0  13.7  -9.0  60.0  955  -9.0  -9.0  -9.0 -9.00   -9.0   -9.0 1019.8  819 1018.8  455 -9.0 -9.0 12.3 -9.0 -9.00 -9.00   -9   -9.0   -9.0 -9.00   -9.0   -9   -9.0   -9   -9.0   -9   -9.0   -9   -9.0   -9 -99.0 -99.0 -99.0 -99.0 -99.0
20260919 262 -9.0    -9   5  4.0  859   7  6.6  853 -99.0  27.3 1054  18.9  639 -99.0 -99.0  18.8  -9.0  56.0 1054  -9.0  -9.0  -9.0 -9.00   -9.0   -9.0 1019.6    1 1018.4  515 -9.0 -9.0 12.3 -9.0 -9.00 -9.00   -9   -9.0   -9.0 -9.00   -9.0   -9   -9.0   -9   -9.0   -9   -9.0   -9   -9.0   -9 -99.0 -99.0 -99.0 -99.0 -99.0
20260919 263 -9.0    -9  36  4.9  932  36  7.7  911 -99.0  23.8 1008  16.5  614 -99.0 -99.0  14.4  -9.0  70.0  932  -9.0  -9.0  -9.0 -9.00   -9.0   -9.0 1020.3    1 1019.6  423 -9.0 -9.0 12.3 -9.0 -9.00 -9.00   -9   -9.0   -9.0 -9.00   -9.0   -9   -9.0   -9   -9.0   -9   -9.0   -9   -9.0   -9 -99.0 -99.0 -99.0 -99.0 -99.0
20260919 264 -9.0    -9  36  1.3 1007  11  2.6  110 -99.0  23.5 1051  16.3  550 -99.0 -99.0  14.5  -9.0  71.0 1049  -9.0  -9.0  -9.0 -9.00   -9.0   -9.0 1021.1    9 1020.4  553 -9.0 -9.0 12.3 -9.0 -9.00 -9.00   -9   -9.0   -9.0 -9.00   -9.0   -9   -9.0   -9   -9.0   -9   -9.0   -9   -9.0   -9 -99.0 -99.0 -99.0 -99.0 -99.0
20260919 266 -9.0    -9   7  4.3  430   9  8.9  358 -99.0  25.2  942  21.5  631 -99.0 -99.0  19.2  -9.0  61.0  909  -9.0  -9.0  -9.0 -9.00   -9.0   -9.0 1020.2   13 1019.0  533 -9.0 -9.0 12.3 -9.0 -9.00 -9.00   -9   -9.0   -9.0 -9.00   -9.0   -9   -9.0   -9   -9.0   -9   -9.0   -9   -9.0   -9 -99.0 -99.0 -99.0 -99.0 -99.0
20260919 268 -9.0    -9   5  3.4 1042   5  5.4 1043 -99.0  26.9 1048  17.4  537 -99.0 -99.0  14.4  -9.0  54.0 1042  -9.0  -9.0  -9.0 -9.00   -9.0   -9.0   -9.0   -9   -9.0   -9 -9.0 -9.0 12.3 -9.0 -9.00 -9.00   -9   -9.0   -9.0 -9.00   -9.0   -9   -9.0   -9   -9.0   -9   -9.0   -9   -9.0   -9 -99.0 -99.0 -99.0 -99.0 -99.0
20260919 271 -9.0    -9   2  2.3 1008  11  5.5  948 -99.0  22.3 1021  13.2  152 -99.0 -99.0  10.6  -9.0  67.0 1002  -9.0  -9.0  -9.0 -9.00   -9.0   -9.0 1023.1  100 1021.5  902 -9.0 -9.0 12.3 -9.0 -9.00 -9.00   -9   -9.0   -9.0 -9.00   -9.0   -9   -9.0   -9   -9.0   -9   -9.0   -9   -9.0   -9 -99.0 -99.0 -99.0 -99.0 -99.0
20260919 272 -9.0    -9  29  2.7  134  32  3.4  128 -99.0  23.2 1048  13.9  107 -99.0 -99.0  11.4  -9.0  60.0 1043  -9.0  -9.0  -9.0 -9.00   -9.0   -9.0 1022.5   42 1021.3  751 -9.0 -9.0 12.3 -9.0 -9.00 -9.00   -9   -9.0   -9.0 -9.00   -9.0   -9   -9.0   -9   -9.0   -9   -9.0   -9   -9.0   -9 -99.0 -99.0 -99.0 -99.0 -99.0
20260919 273 -9.0    -9  32  1.7  405  11  2.6  942 -99.0  21.4 1050  14.8  559 -99.0 -99.0  11.2  -9.0  76.0 1051  -9.0  -9.0  -9.0 -9.00   -9.0   -9.0 1021.7   22 1020.5  624 -9.0 -9.0 12.3 -9.0 -9.00 -9.00   -9   -9.0   -9.0 -9.00   -9.0   -9   -9.0   -9   -9.0   -9   -9.0   -9   -9.0   -9 -99.0 -99.0 -99.0 -99.0 -99.0
20260919 276 -9.0    -9  11  3.5 1013  14  6.4 1011 -99.0  24.0 1039  15.7  406 -99.0 -99.0  12.9  -9.0  67.0 1013  -9.0  -9.0  -9.0 -9.00   -9.0   -9.0 1021.5  330 1020.2  812 -9.0 -9.0 12.3 -9.0 -9.00 -9.00   -9   -9.0   -9.0 -9.00   -9.0   -9   -9.0   -9   -9.0   -9   -9.0   -9   -9.0   -9 -99.0 -99.0 -99.0 -99.0 -99.0
20260919 277 -9.0    -9   5  5.6 1052   5  9.5 1050 -99.0  23.6 1051  19.4  251 -99.0 -99.0  16.8  -9.0  71.0 1048  -9.0  -9.0  -9.0 -9.00   -9.0   -9.0 1022.0  930 1020.8  411 -9.0 -9.0 12.3 -9.0 -9.00 -9.00   -9   -9.0   -9.0 -9.00   -9.0   -9   -9.0   -9   -9.0   -9   -9.0   -9   -9.0   -9 -99.0 -99.0 -99.0 -99.0 -99.0
20260919 278 -9.0    -9  25  1.2 1008  20  2.2 1029 -99.0  24.6 1046  15.4  517 -99.0 -99.0  12.0  -9.0  63.0 1053  -9.0  -9.0  -9.0 -9.00   -9.0   -9.0 1020.8   25 1019.9 1013 -9.0 -9.0 12.3 -9.0 -9.00 -9.00   -9   -9.0   -9.0 -9.00   -9.0   -9   -9.0   -9   -9.0   -9   -9.0   -9   -9.0   -9 -99.0 -99.0 -99.0 -99.0 -99.0
20260919 279 -9.0    -9  29  1.7  756  29  3.3  755 -99.0  24.7 1054  18.2  321 -99.0 -99.0  15.5  -9.0  61.0 1004  -9.0  -9.0  -9.0 -9.00   -9.0   -9.0 1021.3   13 1020.4  606 -9.0 -9.0 12.3 -9.0 -9.00 -9.00   -9   -9.0   -9.0 -9.00   -9.0   -9   -9.0   -9   -9.0   -9   -9.0   -9   -9.0   -9 -99.0 -99.0 -99.0 -99.0 -99.0
20260919 281 -9.0    -9   9  3.0 1030   5  5.4 1049 -99.0  24.2 1021  16.8  429 -99.0 -99.0  13.5  -9.0  56.0 1026  -9.0  -9.0  -9.0 -9.00   -9.0   -9.0 1021.4  903 1020.6  754 -9.0 -9.0 12.3 -9.0 -9.00 -9.00   -9   -9.0   -9.0 -9.00   -9.0   -9   -9.0   -9   -9.0   -9   -9.0   -9   -9.0   -9 -99.0 -99.0 -99.0 -99.0 -99.0
20260919 283 -9.0    -9  36  3.4  813   2  5.8  846 -99.0  24.0 1051  19.5   14 -99.0 -99.0  17.8  -9.0  68.0 1046  -9.0  -9.0  -9.0 -9.00   -9.0   -9.0 1021.3  926 1020.3  411 -9.0 -9.0 12.3 -9.0 -9.00 -9.00   -9    0.0   -9.0 -9.00   -9.0   -9   -9.0   -9   -9.0   -9   -9.0   -9   -9.0   -9 -99.0 -99.0 -99.0 -99.0 -99.0
20260919 284 -9.0    -9  27  2.8  330  27  3.5  329 -99.0  23.9 1051  15.7  602 -99.0 -99.0  11.4  -9.0  69.0 1040  -9.0  -9.0  -9.0 -9.00   -9.0   -9.0 1021.2    8 1020.3  925 -9.0 -9.0 12.3 -9.0 -9.00 -9.00   -9   -9.0   -9.0 -9.00   -9.0   -9   -9.0   -9   -9.0   -9   -9.0   -9   -9.0   -9 -99.0 -99.0 -99.0 -99.0 -99.0
20260919 285 -9.0    -9   2  2.0 1045   9  4.2 1046 -99.0  25.3 1053  16.9  439 -99.0 -99.0  15.2  -9.0  65.0 1054  -9.0  -9.0  -9.0 -9.00   -9.0   -9.0 1021.0  854 1020.1  619 -9.0 -9.0 12.3 -9.0 -9.00 -9.00   -9   -9.0   -9.0 -9.00   -9.0   -9   -9.0   -9   -9.0   -9   -9.0   -9   -9.0   -9 -99.0 -99.0 -99.0 -99.0 -99.0
20260919 288 -9.0    -9   7  3.9  959   5  7.3  952 -99.0  26.4  933  20.8  349 -99.0 -99.0  13.2  -9.0  60.0  929  -9.0  -9.0  -9.0 -9.00   -9.0   -9.0 1018.6    1 1017.7  731 -9.0 -9.0 12.3 -9.0 -9.00 -9.00   -9   -9.0   -9.0 -9.00   -9.0   -9   -9.0   -9   -9.0   -9   -9.0   -9   -9.0   -9 -99.0 -99.0 -99.0 -99.0 -99.0
20260919 289 -9.0    -9  34  1.6 1026   2  3.2 1053 -99.0  23.8 1053  16.4  537 -99.0 -99.0  12.8  -9.0  72.0 1049  -9.0  -9.0  -9.0 -9.00   -9.0   -9.0 1021.9  835 1020.9  618 -9.0 -9.0 12.3 -9.0 -9.00 -9.00   -9   -9.0   -9.0 -9.00   -9.0   -9   -9.0   -9   -9.0   -9   -9.0   -9   -9.0   -9 -99.0 -99.0 -99.0 -99.0 -99.0
20260919 294 -9.0    -9   7  2.0 1042   9  5.0 1052 -99.0  25.2 1045  19.2  500 -99.0 -99.0  16.4  -9.0  66.0 1048  -9.0  -9.0  -9.0 -9.00   -9.0   -9.0 1020.4  938 1019.5  420 -9.0 -9.0 12.3 -9.0 -9.00 -9.00   -9   -9.0   -9.0 -9.00   -9.0   -9   -9.0   -9   -9.0   -9   -9.0   -9   -9.0   -9 -99.0 -99.0 -99.0 -99.0 -99.0
20260919 295 -9.0    -9  36  2.7  914  36  5.4  823 -99.0  24.7 1050  19.5  601 -99.0 -99.0  16.5  -9.0  65.0  909  -9.0  -9.0  -9.0 -9.00   -9.0   -9.0 1020.3  841 1019.5  443 -9.0 -9.0 12.3 -9.0 -9.00 -9.00   -9   -9.0   -9.0 -9.00   -9.0   -9   -9.0   -9   -9.0   -9   -9.0   -9   -9.0   -9 -99.0 -99.0 -99.0 -99.0 -99.0
20260919 296 -9.0    -9   7  4.8  835   7  7.6  644 -99.0  26.6 1038  22.1    1 -99.0 -99.0  18.9  -9.0  66.0 1039  -9.0  -9.0  -9.0 -9.00   -9.0   -9.0 1019.1 1002 1017.8  504 -9.0 -9.0 12.3 -9.0 -9.00 -9.00   -9   -9.0   -9.0 -9.00   -9.0   -9   -9.0   -9   -9.0   -9   -9.0   -9   -9.0   -9 -99.0 -99.0 -99.0 -99.0 -99.0
#7777END
