#START7777
#2345678901234567890123456789012345678901234567890123456789012345678901234567890123456789012345678901234567890123456789012345678901234567890123456789012345678901234567890123456789012345678901234567890123456789012345678901234567890123456789012345678901234567890123456789012345678901234567890123456789012345678901234567890123
# YYMMDD STN   WS    WR  WD   WS   WS  WD   WS   WS    TA    TA   TA    TA   TA    TD    TS    TG    HM    HM   HM    PV  EV_S  EV_L    FG     PA     PS     PS   PS     PS   PS   CA   SS   SS   SS    SI    SI   SI     RN     RN    RN     RN   RN     RN   RN     RN   RN     SD   SD     SD   SD    TE    TE    TE    TE    TE
#    KST  ID  AVG   DAY MAX  MAX  MAX INS  INS  INS   AVG   MAX  MAX   MIN  MIN   AVG   AVG   MIN   AVG   MIN  MIN   AVG               DUR    AVG    AVG    MAX  MAX    MIN  MIN  TOT  DAY  DUR  CMB   DAY   60M  60M    DAY    D99   DUR    60M  60M    10M  10M    POW  POW    NEW  NEW    MAX  MAX     5    10    15    30    50
#             m/s     m  16  m/s   TM  16  m/s   TM     C     C   TM     C   TM     C     C     C     %     %   TM   hPa    mm    mm    hr    hPa    hPa    hPa   TM    hPa   TM    %   hr   hr   hr         MAX   TM     mm     mm    hr     mm   TM     mm   TM     mm   TM     cm   TM     cm   TM     C     C     C     C     C
20260710  90  1.6  1342  14  3.7 1514  36  5.8  627  25.5  27.7 1159  22.7  718  21.6  27.4  22.8  79.8  68.0 1239  25.9   4.5   3.1 -9.00 1007.7 1009.7 1011.1 1329 1007.5  244  8.6  2.7 14.7 -9.0 15.83  3.54 1100    1.7   -9.0 -9.00    1.4  604    1.0  603   -9.0   -9   -9.0   -9   -9.0   -9 -99.0 -99.0 -99.0 -99.0 -99.0
20260710  93  0.5   438  18  2.0 1511  20  3.2 1504  24.3  27.0 1734  21.8  128  23.7  25.5  21.8  96.4  88.0 1735  29.3   2.0   1.4 -9.00 1000.3 1011.2 1012.8 2313 1009.6  154  9.1  0.2 14.6 -9.0  6.18  0.90 1600   27.4   11.7 15.08   12.6   50    5.8  115   -9.0   -9   -9.0   -9   -9.0   -9  25.2  24.2  22.0  17.5  14.8
20260710  95  1.4  1229  25  3.8  351  25  8.3  231  24.7  28.0 1332  21.1  548  23.8  25.3  21.3  95.1  78.0 1339  29.5   2.4   1.7 -9.00  993.3 1010.9 1012.7 2323 1008.6  338  9.3  0.7 14.7 -9.0  7.84  1.23 1300   51.9    3.2 -9.00   27.5  343    9.1  344   -9.0   -9   -9.0   -9   -9.0   -9 -99.0 -99.0 -99.0 -99.0 -99.0
20260710  98  1.5  1300  25  4.3 1238  23 10.4 1229  25.4  27.2 1216  21.3  453  22.4  26.2  21.2  83.9  71.0 1235  27.0   2.5   1.8 -9.00  997.3 1010.5 1012.3 2330 1008.4  121  9.0  0.1 14.6 -9.0  6.99  1.10 1200   17.9   -9.0 -9.00    8.1 -2355    4.1  442   -9.0   -9   -9.0   -9   -9.0   -9 -99.0 -99.0 -99.0 -99.0 -99.0
20260710  99  1.6  1357  25  3.8 1159  27  8.8 1143  25.3  28.1 1200  21.5  428  23.6  26.9  23.4  90.8  75.0 1214  29.1   2.6   1.8 -9.00 1007.4 1010.9 1012.9 2304 1008.8  111  9.0  0.0 14.6 -9.0  8.19  1.54 1100    2.2   -9.0 -9.00    0.5  406    0.3  427   -9.0   -9   -9.0   -9   -9.0   -9 -99.0 -99.0 -99.0 -99.0 -99.0
20260710 100  3.7  3181  27  5.8 1204  27 11.3  327  22.5  25.8 1217  20.6    1  20.5  22.6  19.2  88.9  74.0 1218  24.0   3.1   2.1 -9.00  925.4 1010.3 1012.2 2321 1008.1  229  8.6  1.5 14.6 -9.0 10.60  1.92 1100    2.2   -9.0 -9.00    1.8 1319    0.7 1330   -9.0   -9   -9.0   -9   -9.0   -9 -99.0 -99.0 -99.0 -99.0 -99.0
20260710 101  0.6   535  14  3.5 1254  14  5.1 1251  24.4  27.0 1724  22.0  131  23.1  26.4  22.1  92.8  85.0 1002  28.4   2.0   1.4 -9.00 1001.5 1010.2 1011.8 2307 1008.6  157  9.1  0.1 14.6 -9.0  6.36  0.87 1400   39.5   17.7 -9.00   18.1   45    7.9  109   -9.0   -9   -9.0   -9   -9.0   -9  25.4  22.9  20.7  16.8  15.1
20260710 102  6.0  5171  20  8.9  434  20 14.8  437  24.3  25.4 1158  21.9    7  22.6  24.6  22.0  90.8  86.0 1159  27.4   2.0   1.4  2.82 1003.5 1007.6 1010.0 2214 1005.1  416  7.0  0.0 14.7 -9.0  6.46  1.06 1200    0.3   -9.0  6.50    0.3  122    0.2  120   -9.0   -9   -9.0   -9   -9.0   -9 -99.0 -99.0 -99.0 -99.0 -99.0
20260710 104  1.4  1213  18  3.2  601  14  6.1  732  26.8  31.9 1230  23.7  154  23.3  26.1  22.2  81.4  61.0 1235  28.6   3.8   2.6 -9.00 1000.5 1009.0 1010.3 2340 1007.0  237  8.8  3.2 14.6 -9.0 13.95  2.28  900    0.2    0.2  1.58    0.2   -9    0.2   -9   -9.0   -9   -9.0   -9   -9.0   -9  24.1  22.4  20.2  16.0  13.9
20260710 105  1.6  1388  25  3.8  844  27  8.3 1005  27.7  31.5 1115  23.5  316  21.9  27.1  22.9  71.8  54.0 1116  26.3   4.5   3.1 -9.00 1006.9 1010.0 1011.3 2146 1008.1  230  8.6  2.7 14.6 -9.0 12.69  1.98  900    0.0   -9.0 -9.00    0.0   -9    0.0   -9   -9.0   -9   -9.0   -9   -9.0   -9  25.2  23.1  21.6  17.3  15.4
20260710 106  1.3  1139  25  3.3 1214  25  5.7 1211  26.0  33.7 1227  22.4  317  22.7  26.5  21.3  83.1  50.0 1228  27.6   3.7   2.6 -9.00 1005.8 1010.4 1011.6 2127 1008.4  254  8.4  3.0 14.6 -9.0 13.34  2.62 1100    1.6   -9.0 -9.00    1.6 1308    1.6 1358   -9.0   -9   -9.0   -9   -9.0   -9 -99.0 -99.0 -99.0 -99.0 -99.0
20260710 108  2.4  2036  20  5.2 1214  23  9.4 1225  26.0  27.7 1636  23.6    1  23.4  25.3  23.1  85.8  80.0 1209  28.7   2.4   1.7 -9.00 1001.1 1010.8 1012.4 2307 1009.0  127  9.3  0.0 14.6 -9.0  6.83  1.16 1100    4.1    4.1  4.50    2.1 1645    1.9 1649   -9.0   -9   -9.0   -9   -9.0   -9  25.4  23.5  22.3  17.4  14.4
20260710 112  3.1  2684  20  5.4  130  20 10.0  228  25.5  27.2 1527  24.2   30  24.5  26.2  22.8  94.1  89.0 1017  30.7   2.5   1.7 -9.00 1002.6 1010.4 1012.3 2235 1008.3  128  8.1  0.5 14.6 -9.0  8.83  1.49 1000    4.1    0.8  6.33    4.6 -2331    3.3    4   -9.0   -9   -9.0   -9   -9.0   -9  24.5  23.3  16.7  20.6  14.4
20260710 114  0.9   738  23  3.4 1128  23  6.6 1120  25.4  28.6 1731  22.5    1  23.3  26.9  22.3  88.8  73.0 1009  28.7   2.8   1.9 -9.00  994.1 1011.2 1012.8 2326 1009.5  208  8.5  0.5 14.6 -9.0  9.58  1.44 1400    8.7   -9.0 -9.00    6.3 1218    2.5 1225   -9.0   -9   -9.0   -9   -9.0   -9 -99.0 -99.0 -99.0 -99.0 -99.0
20260710 115  6.8  5897  25  9.6  620  23 16.9  351  25.5  28.0 1358  23.7    3  22.7  26.8  22.3  85.0  79.0 1527  27.6   5.8   4.0 -9.00  986.4 1011.4 1012.3 2328 1009.6  336  7.4  5.5 14.6 -9.0 19.38  2.72 1300    0.0    0.0  0.17    0.0   -9    0.0   -9   -9.0   -9   -9.0   -9   -9.0   -9  22.3  19.5  18.2  13.8  13.4
20260710 119  1.6  1349  23  3.6 1137  23  7.2 1137  25.6  28.5 1532  23.1    1  22.8  27.1  22.6  85.1  74.0 1032  27.8   3.1   2.1 -9.00 1006.1 1010.7 1012.4 2258 1009.0  212  8.6  0.6 14.6 -9.0  9.64  1.47 1400    7.3    6.9  2.15    6.5 1100    2.7 1106   -9.0   -9   -9.0   -9   -9.0   -9  24.6  23.0  20.9  17.0  14.0
20260710 121  0.7   645  25  3.0 1242  27  5.6 1242  24.9  30.2 1132  21.2  631  23.0  26.4  21.2  90.3  67.0 1134  28.2   3.2   2.3 -9.00  984.6 1011.8 1013.6 2351 1010.6  248  7.1  1.1 14.6 -9.0 13.17  2.73 1100    2.7   -9.0 -9.00    2.4 2200    1.2 2244   -9.0   -9   -9.0   -9   -9.0   -9 -99.0 -99.0 -99.0 -99.0 -99.0
20260710 127  0.7   631  20  5.1 2111  20 10.0 2107  25.6  29.9 1102  21.7  517  23.1  27.1  21.1  86.9  66.0 1104  28.3   3.4   2.4 -9.00  997.5 1010.6 1012.5 2111 1008.5  240  8.0  2.0 14.6 -9.0 13.76  2.37 1000   17.7   -9.0 -9.00   17.4 2104   15.4 2108   -9.0   -9   -9.0   -9   -9.0   -9 -99.0 -99.0 -99.0 -99.0 -99.0
20260710 129  2.4  2049  20  5.4 1526  20 10.3 1516  25.8  28.9 1317  23.5  506  24.5  26.9  22.2  93.3  77.0 1705  30.8   3.6   2.6 -9.00 1007.9 1010.8 1012.4 2334 1008.9  203  8.1  2.0 14.5 -9.0 13.27  2.71 1300   19.5   11.7 -9.00   11.4  955    4.4 1024   -9.0   -9   -9.0   -9   -9.0   -9  24.7  23.1  21.1  16.7  15.1
20260710 130  2.1  1824  18  5.4 1506  16  7.6 1500  25.0  26.5  915  22.7 1941  22.3  26.8  21.1  85.8  76.0  900  27.0  -9.0  -9.0 -9.00 1005.2 1010.8 1011.9 2129 1009.3  341  9.0  2.5 14.6 -9.0 -9.00 -9.00   -9   -9.0   -9.0 -9.00   -9.0   -9   -9.0   -9   -9.0   -9   -9.0   -9   -9.0   -9 -99.0 -99.0 -99.0 -99.0 -99.0
20260710 131  0.9   820  23  2.9 1931  18  9.8 1928  27.6  32.5 1739  24.2  427  22.6  28.8  23.7  74.9  60.0 1632  27.4   4.4   3.1 -9.00 1003.9 1010.6 1012.2 2312 1008.9  216  7.6  2.9 14.5 -9.0 15.84  1.90 1100   10.5   10.5  1.50    9.4 1920    8.6 1930   -9.0   -9   -9.0   -9   -9.0   -9 -99.0 -99.0 -99.0 -99.0 -99.0
20260710 133  1.2  1044  20  5.9 1828  20 10.1 1821  27.2  33.0 1601  22.9  325  23.5  28.4  22.6  81.9  59.0 1459  29.0   5.0   3.5 -9.00 1003.3 1011.0 1012.8 2322 1009.6  311  7.3  4.7 14.5 -9.0 18.32  2.68 1100    0.0    0.0  0.67    0.0   -9    0.0   -9   -9.0   -9   -9.0   -9   -9.0   -9  25.7  25.3  24.2  20.4  16.6
20260710 135  0.8   661  16  3.4 1820  18  5.9 1817  25.7  31.5 1705  21.2  352  22.7  30.5  22.6  84.9  62.0 1700  27.6   5.0   3.5 -9.00  983.3 1010.9 1012.8 2352 1009.2 1711  6.8  5.5 14.5 -9.0 19.84  2.79 1000    5.9   -9.0 -9.00    5.9 1857    3.1 1906   -9.0   -9   -9.0   -9   -9.0   -9 -99.0 -99.0 -99.0 -99.0 -99.0
20260710 136  0.9   738  32  2.2 1205  23  4.5 1337  27.2  32.4 1508  21.7  428  22.7  29.0  21.2  78.1  57.0 1512  27.6   5.4   3.8 -9.00  996.0 1011.9 1013.1 2212 1010.4 1745  7.8  7.0 14.5 -9.0 21.30  2.92 1000    0.0   -9.0  0.50    0.0   -9    0.0   -9   -9.0   -9   -9.0   -9   -9.0   -9 -99.0 -99.0 -99.0 -99.0 -99.0
20260710 137  0.4   305  25  3.2 2007  27  6.1 2001  26.8  32.8 1619  22.7  415  23.9  30.0  22.2  86.0  62.0 1624  29.7   4.9   3.4 -9.00  999.4 1010.4 1011.9 2255 1008.6 1813  7.5  4.9 14.5 -9.0 20.31  2.62 1100    3.3   -9.0 -9.00    3.3 1942    2.2 1959   -9.0   -9   -9.0   -9   -9.0   -9 -99.0 -99.0 -99.0 -99.0 -99.0
20260710 138  2.3  2008  23  3.9 1017  27  6.7 1102  29.5  33.6 1355  25.3  603  21.7  31.9  23.1  63.8  47.0 1316  26.1   7.2   5.0 -9.00 1010.1 1010.5 1011.6 2250 1009.1 1654  4.9  7.6 14.5 -9.0 21.67  2.68 1000   -9.0   -9.0 -9.00   -9.0   -9   -9.0   -9   -9.0   -9   -9.0   -9   -9.0   -9  24.1  21.1  19.7  17.1  16.1
20260710 140  1.8  1516  29  3.9 1513  29  6.2 1511  27.2  32.4 1353  23.4  558  24.3  29.9  21.3  85.3  68.0 1321  30.5  -9.0  -9.0 -9.00 1008.5 1011.7 1013.2 2334 1010.2  412  6.4  5.6 14.5 -9.0 -9.00 -9.00   -9    0.3   -9.0 -9.00    0.3   -9    0.1   -9   -9.0   -9   -9.0   -9   -9.0   -9 -99.0 -99.0 -99.0 -99.0 -99.0
20260710 143  1.4  1237  18  3.1 1659  25  5.6 1252  29.3  35.0 1309  24.2  516  21.2  32.9  21.4  63.0  42.0 1523  25.1   6.0   4.2 -9.00 1004.5 1010.6 1012.0 2245 1009.2 1549  6.9  5.5 14.5 -9.0 18.17  2.76 1100    0.0   -9.0  0.17    0.0   -9    0.0   -9   -9.0   -9   -9.0   -9   -9.0   -9 -99.0 -99.0 -99.0 -99.0 -99.0
20260710 146  2.0  1747  18  3.8  920  18  7.7 1059  28.6  33.9 1342  23.7  317  23.1  30.2  19.9  73.9  51.0 1532  28.3   6.5   4.6 -9.00 1004.0 1010.9 1012.5 2227 1009.7  432  4.5  7.2 14.5 -9.0 21.89  2.78 1200    0.9    0.0  2.33    0.6  138    0.3  203   -9.0   -9   -9.0   -9   -9.0   -9 -99.0 -99.0 -99.0 -99.0 -99.0
20260710 152  2.2  1887  23  5.7 1711  20  8.3 1056  27.8  32.0 1253  23.0  527  22.1  30.6  21.0  72.4  53.0 1245  26.6   7.2   5.1 -9.00 1001.8 1011.0 1012.0 2315 1009.8 1646  4.5 10.5 14.4 -9.0 24.66  3.07 1200   -9.0   -9.0 -9.00   -9.0   -9   -9.0   -9   -9.0   -9   -9.0   -9   -9.0   -9 -99.0 -99.0 -99.0 -99.0 -99.0
20260710 155  1.9  1611  18  5.3 1537  23  9.4 1533  27.6  32.1 1448  24.1   48  23.6  30.7  22.2  80.0  62.0 1518  29.2   7.0   4.9 -9.00 1008.2 1012.2 1012.9 2312 1011.2  413  5.9  8.4 14.4 -9.0 24.31  3.42 1200   -9.0   -9.0 -9.00   -9.0   -9   -9.0   -9   -9.0   -9   -9.0   -9   -9.0   -9 -99.0 -99.0 -99.0 -99.0 -99.0
20260710 156  3.0  2595  16  6.0 1327  18 10.8 1318  28.2  32.7 1400  24.9  341  24.2  30.9  22.9  79.5  67.0 1347  30.1   7.2   5.0 -9.00 1003.3 1011.3 1012.6 2324 1009.7  557  4.6  9.0 14.4 -9.0 25.15  3.69 1200    0.2   -9.0  0.70    0.2   -9    0.1   -9   -9.0   -9   -9.0   -9   -9.0   -9 -99.0 -99.0 -99.0 -99.0 -99.0
20260710 159  3.2  2793  25  6.1 1549  25  8.0 1244  27.6  31.2 1412  24.2  222  22.5  29.7  21.0  75.0  61.0 1412  27.3   7.9   5.5 -9.00 1003.9 1011.8 1012.5 1111 1011.1  408  5.0 10.2 14.4 -9.0 26.75  3.26 1400   -9.0   -9.0 -9.00   -9.0   -9   -9.0   -9   -9.0   -9   -9.0   -9   -9.0   -9  25.2  22.9  21.8  17.6  17.4
20260710 162  1.6  1367  18  3.1 1328  23  6.9  103  26.2  30.0 1729  23.7   18  22.4  27.3  21.5  80.4  62.0 1739  27.0   5.3   3.7 -9.00 1008.1 1011.6 1012.6 1220 1010.7  351  5.1  5.5 14.4 -9.0 19.52  2.69 1300   -9.0   -9.0 -9.00   -9.0   -9   -9.0   -9   -9.0   -9   -9.0   -9   -9.0   -9 -99.0 -99.0 -99.0 -99.0 -99.0
20260710 165  3.3  2855  14  5.7 1313  14  9.7 1318  27.4  31.0 1448  24.8   47  24.7  28.8  22.6  85.9  72.0 1130  31.1   6.3   4.4 -9.00 1006.1 1011.2 1012.5 2350 1009.4  530  4.8  5.6 14.4 -9.0 21.56  2.86 1000    0.0   -9.0  1.13    0.0   -9    0.0   -9   -9.0   -9   -9.0   -9   -9.0   -9  25.1  22.5  21.5  18.5  16.3
20260710 168  1.6  1373  23  3.9 1501  23  5.9 1457  26.4  29.5 1517  24.4    1  23.5  29.9  24.1  85.0  72.0 1608  28.9   5.0   3.5 -9.00 1005.1 1012.5 1013.7 1201 1011.2  408  6.1  4.1 14.4 -9.0 17.76  2.61 1400   -9.0   -9.0 -9.00   -9.0   -9   -9.0   -9   -9.0   -9   -9.0   -9   -9.0   -9  25.8  23.4  21.4  18.2  16.9
20260710 169  7.6  6535  18 11.1   23  18 15.6  606  24.3  28.0 1352  22.1   40  23.3  26.7  22.7  94.6  82.0 1626  28.5   4.4   3.1  6.20 1001.8 1010.4 1011.8 1029 1008.4  504  5.3  5.4 14.4 -9.0 16.69  2.80 1400    0.8   -9.0  2.07    0.6  304    0.6  316   -9.0   -9   -9.0   -9   -9.0   -9 -99.0 -99.0 -99.0 -99.0 -99.0
20260710 170  3.2  2736  16  6.5    8  18 10.5    4  26.7  31.1 1333  24.5 2244  24.1  28.7  24.0  86.0  70.0 1651  30.0   4.7   3.3 -9.00 1007.8 1011.9 1013.2 1137 1010.2  556  5.6  4.1 14.3 -9.0 14.88  2.36 1300    0.0   -9.0 -9.00    0.0   -9    0.0   -9   -9.0   -9   -9.0   -9   -9.0   -9 -99.0 -99.0 -99.0 -99.0 -99.0
20260710 172  3.5  3003  16  5.0  411  14  9.6  510  28.1  32.8 1428  25.1  346  24.3  26.9  23.5  81.1  59.0 1317  30.4   8.2   5.7 -9.00 1004.6 1010.5 1012.0 2301 1009.0  535  4.8  8.9 14.4 -9.0 27.71  3.57 1200    0.0   -9.0 -9.00    0.0   -9    0.0   -9   -9.0   -9   -9.0   -9   -9.0   -9 -99.0 -99.0 -99.0 -99.0 -99.0
20260710 174  1.6  1361  14  4.0  654  11  7.4  726  25.1  28.9 1506  22.4 2356  22.6  27.6  22.7  86.9  71.0 1538  27.5  -9.0  -9.0 -9.00  992.0 1010.7 1011.9 2351 1009.4  623  6.1  2.8 14.4 -9.0 -9.00 -9.00   -9    0.0   -9.0 -9.00    0.0   -9    0.0   -9   -9.0   -9   -9.0   -9   -9.0   -9 -99.0 -99.0 -99.0 -99.0 -99.0
20260710 177  1.9  1673  18  5.3 1501  20  9.2 1454  26.5  30.3 1656  23.6  545  24.2  27.3  22.6  88.0  76.0 1658  30.3   3.9   2.7 -9.00 1006.4 1009.5 1011.2 2340 1007.7  159  8.1  1.9 14.5 -9.0 13.04  2.00 1200    6.5    3.6  3.33    3.5  924    2.6 1009   -9.0   -9   -9.0   -9   -9.0   -9 -99.0 -99.0 -99.0 -99.0 -99.0
20260710 181  1.3  1141  18  4.4  221  18  7.9  219  26.2  31.6 1508  22.0  428  23.1  27.8  21.4  84.3  63.0 1624  28.3   4.0   2.8 -9.00 1007.3 1011.1 1012.9 2315 1009.4  211  7.4  2.4 14.5 -9.0 15.20  1.90 1300    4.4   -9.0 -9.00    4.3 1931    4.3 1938   -9.0   -9   -9.0   -9   -9.0   -9 -99.0 -99.0 -99.0 -99.0 -99.0
20260710 184  1.9  1654  34  4.4 1454   5  7.7  739  28.6  32.5 1745  25.7  350  23.0  34.7  22.6  72.3  58.0 1754  28.1   7.7   5.4 -9.00 1007.7 1010.1 1011.6 1202 1008.8  743  5.6  8.6 14.2 -9.0 24.05  3.22 1200   -9.0   -9.0 -9.00   -9.0   -9   -9.0   -9   -9.0   -9   -9.0   -9   -9.0   -9  27.3  25.3  24.2  22.1  18.0
20260710 185  7.0  6045  14  9.7 1358  11 15.0 1433  27.1  29.5 1317  25.4   10  24.4  28.7  24.8  85.8  76.0 1416  30.5   7.5   5.2 -9.00 1002.2 1010.2 1011.7 1113 1009.1  713  5.0  8.9 14.2 -9.0 23.14  3.13 1300   -9.0   -9.0 -9.00   -9.0   -9   -9.0   -9   -9.0   -9   -9.0   -9   -9.0   -9 -99.0 -99.0 -99.0 -99.0 -99.0
20260710 188  2.2  1940  18  4.4 1037  20  6.3 1114  27.0  29.6 1159  24.9 2337  25.0  29.6  24.8  89.4  79.0 1201  31.7  -9.0  -9.0 -9.00 1009.4 1011.7 1013.1 1236 1010.7  230  5.3  7.2 14.2 -9.0 -9.00 -9.00   -9   -9.0   -9.0 -9.00   -9.0   -9   -9.0   -9   -9.0   -9   -9.0   -9   -9.0   -9 -99.0 -99.0 -99.0 -99.0 -99.0
20260710 189  1.4  1247   5  2.9 1950   7  7.0 1736  28.2  31.0 1420  26.4  437  24.9  30.6  25.9  82.8  72.0 1421  31.5   6.2   4.4 -9.00 1005.9 1011.8 1013.2 1055 1010.9  250  5.9  5.6 14.2 -9.0 20.74  3.16 1300   -9.0   -9.0 -9.00   -9.0   -9   -9.0   -9   -9.0   -9   -9.0   -9   -9.0   -9 -99.0 -99.0 -99.0 -99.0 -99.0
20260710 192  0.8   731  18  2.5 1406  16  8.3 1406  26.7  30.6 1139  23.4 2356  23.9  31.1  22.0  85.5  70.0 1537  29.7   5.0   3.5 -9.00 1008.8 1012.2 1013.0 2331 1011.0  400  5.5  6.4 14.4 -9.0 19.53  2.58 1100   -9.0   -9.0 -9.00   -9.0   -9   -9.0   -9   -9.0   -9   -9.0   -9   -9.0   -9 -99.0 -99.0 -99.0 -99.0 -99.0
20260710 201  4.1  3559  23  7.2  127  25 15.8  107  25.7  27.3 1535  23.8  138  23.6  26.8  22.3  88.4  80.0 1158  29.1  -9.0  -9.0 -9.00 1005.5 1011.0 1012.9 2224 1008.9  107  8.5  1.1 14.6 -9.0 -9.00 -9.00   -9    2.0   -9.0 -9.00    1.9  314    1.2  346   -9.0   -9   -9.0   -9   -9.0   -9 -99.0 -99.0 -99.0 -99.0 -99.0
20260710 202  0.9   785  16  2.8 1154  18  5.2 1150  25.0  27.4 1803  22.1    1  23.3  26.9  22.3  90.6  81.0 1057  28.6  -9.0  -9.0 -9.00 1006.1 1011.5 1012.9 2317 1009.8  200  9.0  0.0 14.6 -9.0 -9.00 -9.00   -9   23.1   -9.0 -9.00   22.0 1150    9.1 1151   -9.0   -9   -9.0   -9   -9.0   -9 -99.0 -99.0 -99.0 -99.0 -99.0
20260710 203  0.5   440  20  1.9 1152  18  4.3 1213  25.5  29.1 1731  22.7   31  24.6  28.0  22.4  95.8  81.0 1541  31.0  -9.0  -9.0 -9.00 1002.6 1011.7 1013.2 2319 1009.7  213  8.3  0.3 14.6 -9.0 -9.00 -9.00   -9   12.4   -9.0 -9.00   10.9 1119    5.9 1137   -9.0   -9   -9.0   -9   -9.0   -9 -99.0 -99.0 -99.0 -99.0 -99.0
20260710 211  1.0   904  20  2.8 1558  16  5.3 1227  23.5  25.3 1748  21.2  144  22.3  25.1  21.3  93.6  85.0 1027  26.9  -9.0  -9.0 -9.00  987.6 1010.6 1012.4 2329 1009.0  206  8.8  0.0 14.7 -9.0 -9.00 -9.00   -9   12.1   -9.0 -9.00    2.7 1341    0.9 1234   -9.0   -9   -9.0   -9   -9.0   -9 -99.0 -99.0 -99.0 -99.0 -99.0
20260710 212  0.7   605  25  2.2 1520  27  4.9 1517  24.6  27.4 1110  21.9   43  22.9  25.4  22.0  91.0  73.0 1021  28.0  -9.0  -9.0 -9.00  995.5 1011.5 1013.2 2324 1009.9  154  8.6  0.3 14.6 -9.0 -9.00 -9.00   -9    8.0   -9.0 -9.00    3.6 1207    1.4 1206   -9.0   -9   -9.0   -9   -9.0   -9 -99.0 -99.0 -99.0 -99.0 -99.0
20260710 216  1.7  1505  20  3.6 1044  23 10.9 1110  24.5  28.0 1031  21.8    9  19.4  25.1  20.3  74.5  56.0 1031  22.6   4.7   3.3 -9.00  932.2 1010.5 1012.5 2102 1008.6  302  7.9  4.7 14.6 -9.0 16.86  2.67  900    0.1   -9.0 -9.00    0.1   -9    0.1   -9   -9.0   -9   -9.0   -9   -9.0   -9 -99.0 -99.0 -99.0 -99.0 -99.0
20260710 217  1.2  1019  16  3.9 1010  14  8.2 1005  24.6  28.8 1221  21.1  207  21.8  27.6  21.8  85.4  66.0 1158  26.1  -9.0  -9.0 -9.00  976.4 1011.6 1013.6 2346 1010.2  252  8.0  1.8 14.6 -9.0 -9.00 -9.00   -9   12.4   -9.0 -9.00   11.3 1230    9.8 1313   -9.0   -9   -9.0   -9   -9.0   -9 -99.0 -99.0 -99.0 -99.0 -99.0
20260710 221  0.8   692  25  3.7 2207  27  6.3 2207  24.2  27.4 1532  20.7  541  22.4  29.0  20.6  90.3  75.0 1029  27.1  -9.0  -9.0 -9.00  981.5 1011.4 1013.3 2333 1010.0  239  6.5  2.5 14.6 -9.0 -9.00 -9.00   -9    2.1   -9.0 -9.00    1.9   -9    0.9 2156   -9.0   -9   -9.0   -9   -9.0   -9 -99.0 -99.0 -99.0 -99.0 -99.0
20260710 226  0.8   701  20  3.0 1914  23  5.6 1913  25.8  31.0 1505  21.9  534  23.3  28.4  21.0  87.6  61.0 1512  28.6  -9.0  -9.0 -9.00  992.0 1011.4 1013.2 2359 1009.6 1806  8.4  4.3 14.5 -9.0 -9.00 -9.00   -9    1.8   -9.0 -9.00    1.8 1901    1.5 1914   -9.0   -9   -9.0   -9   -9.0   -9 -99.0 -99.0 -99.0 -99.0 -99.0
20260710 232  0.8   664   9  1.8  729  20  4.0 1043  26.1  30.4 1631  22.5   28  24.7  27.9  21.6  92.9  76.0 1734  31.2  -9.0  -9.0 -9.00 1001.9 1011.5 1013.3 2343 1009.9  203  8.5  1.8 14.5 -9.0 -9.00 -9.00   -9    0.7   -9.0 -9.00    0.7 1004    0.4 1049   -9.0   -9   -9.0   -9   -9.0   -9 -99.0 -99.0 -99.0 -99.0 -99.0
20260710 235  3.2  2733  18  6.2  219  20 11.3  211  27.3  31.5 1327  24.9 2313  23.8  27.2  23.3  81.6  70.0 1336  29.4   5.4   3.8 -9.00 1009.0 1010.1 1011.5 2300 1008.5  302  6.1  5.4 14.5 -9.0 17.43  2.74 1400    0.0   -9.0 -9.00    0.0   -9    0.0   -9   -9.0   -9   -9.0   -9   -9.0   -9 -99.0 -99.0 -99.0 -99.0 -99.0
20260710 236  0.9   757  25  2.6 1754  27  4.9 1644  27.1  31.9 1528  22.9  514  24.2  28.9  22.7  85.5  66.0 1450  30.1  -9.0  -9.0 -9.00 1009.7 1011.2 1012.7 2320 1009.8  617  7.4  5.1 14.5 -9.0 -9.00 -9.00   -9    0.1   -9.0 -9.00    0.1   -9    0.1   -9   -9.0   -9   -9.0   -9   -9.0   -9 -99.0 -99.0 -99.0 -99.0 -99.0
20260710 238  0.9   751  20  2.8 1655  23  5.8 1741  26.1  33.8 1619  22.4    8  23.3  27.7  21.3  86.6  53.0 1622  28.6  -9.0  -9.0 -9.00  991.5 1010.7 1012.4 2342 1009.1 1620  7.1  4.8 14.5 -9.0 -9.00 -9.00   -9    1.8   -9.0 -9.00    1.2 1717    1.1 1741   -9.0   -9   -9.0   -9   -9.0   -9 -99.0 -99.0 -99.0 -99.0 -99.0
20260710 239  0.9   750  20  2.1 1119  25  4.8 1127  26.4  31.9 1506  22.4  311  23.7  29.2  21.9  86.3  64.0 1454  29.3   4.3   3.0 -9.00 1000.2 1010.4 1012.2 2351 1009.1  221  7.9  2.6 14.5 -9.0 16.08  2.59 1400    0.1   -9.0 -9.00    0.1   -9    0.1   -9   -9.0   -9   -9.0   -9   -9.0   -9 -99.0 -99.0 -99.0 -99.0 -99.0
20260710 243  2.2  1905  20  4.0 1726  18  7.0 1156  28.0  33.3 1426  23.9  325  23.2  27.9  22.0  76.3  58.0 1430  28.4  -9.0  -9.0 -9.00 1009.7 1011.1 1012.6 2225 1009.5  416  5.0  6.5 14.4 -9.0 -9.00 -9.00   -9    1.8   -9.0 -9.00    1.8  112    0.8  145   -9.0   -9   -9.0   -9   -9.0   -9 -99.0 -99.0 -99.0 -99.0 -99.0
20260710 244  1.9  1637  20  4.1 1512  25  7.4 1521  26.6  31.6 1331  22.7  441  22.9  28.4  21.2  81.1  60.0 1321  27.9  -9.0  -9.0 -9.00  983.4 1011.1 1013.0 2256 1010.1  454  4.3  6.5 14.4 -9.0 -9.00 -9.00   -9   -9.0   -9.0 -9.00   -9.0   -9   -9.0   -9   -9.0   -9   -9.0   -9   -9.0   -9 -99.0 -99.0 -99.0 -99.0 -99.0
20260710 245  2.9  2484  18  5.7 1632  20 10.4 1625  28.4  33.4 1412  24.0    1  23.1  28.2  22.1  74.3  57.0 1302  28.3   7.6   5.3 -9.00 1003.0 1010.7 1012.5 2259 1009.2  519  4.4  8.9 14.4 -9.0 24.34  3.43 1200    0.0   -9.0 -9.00    0.0   -9    0.0   -9   -9.0   -9   -9.0   -9   -9.0   -9 -99.0 -99.0 -99.0 -99.0 -99.0
20260710 247  2.5  2173  18  5.7 1456  18  9.5 1454  27.3  32.2 1300  22.6  321  23.2  29.8  22.0  79.6  62.0 1247  28.4  -9.0  -9.0 -9.00  996.2 1011.2 1012.9 2347 1010.0  615  3.9  9.5 14.4 -9.0 -9.00 -9.00   -9   -9.0   -9.0 -9.00   -9.0   -9   -9.0   -9   -9.0   -9   -9.0   -9   -9.0   -9 -99.0 -99.0 -99.0 -99.0 -99.0
20260710 248  1.7  1493  23  3.6 1450  23  7.3 1726  25.7  31.2 1432  20.9  337  21.6  27.3  19.1  80.0  56.0 1406  25.8  -9.0  -9.0 -9.00  966.1 1011.5 1013.7 2253 1010.2 1518  4.1  8.7 14.4 -9.0 -9.00 -9.00   -9   -9.0   -9.0 -9.00   -9.0   -9   -9.0   -9   -9.0   -9   -9.0   -9   -9.0   -9 -99.0 -99.0 -99.0 -99.0 -99.0
20260710 251  3.0  2554  16  6.1 1430  18  9.6 1421  27.8  32.1 1416  23.7  305  24.5  28.1  22.6  82.8  67.0 1417  30.8   6.8   4.8 -9.00 1005.0 1010.7 1012.3 2252 1009.3  519  4.5  8.9 14.4 -9.0 24.21  3.40 1300    0.0   -9.0 -9.00    0.0   -9    0.0   -9   -9.0   -9   -9.0   -9   -9.0   -9 -99.0 -99.0 -99.0 -99.0 -99.0
20260710 252  2.4  2044  16  4.5 1446  16  8.4 1445  27.8  32.7 1517  23.7  213  24.0  27.7  21.7  80.6  62.0 1521  29.8   7.5   5.2 -9.00 1006.4 1010.7 1012.2 2302 1009.2  523  4.9  8.0 14.4 -9.0 26.29  3.30 1200    0.0   -9.0 -9.00    0.0   -9    0.0   -9   -9.0   -9   -9.0   -9   -9.0   -9 -99.0 -99.0 -99.0 -99.0 -99.0
20260710 253  1.6  1340  25  4.0 1234  25  7.1 1226  28.1  32.9 1537  24.1   55  23.7  31.8  22.2  78.3  62.0 1641  29.4   6.6   4.6 -9.00 1006.7 1012.9 1013.6 1011 1012.1  350  5.6  7.3 14.4 -9.0 23.12  3.41 1200   -9.0   -9.0 -9.00   -9.0   -9   -9.0   -9   -9.0   -9   -9.0   -9   -9.0   -9 -99.0 -99.0 -99.0 -99.0 -99.0
20260710 254  2.0  1691  16  5.1 1500  16  8.6 1537  27.0  33.0 1359  22.6  225  22.6  29.7  21.7  78.9  55.0 1344  27.4   7.9   5.5 -9.00  997.2 1011.8 1013.4 2345 1010.6  555  5.0  9.0 14.4 -9.0 27.57  3.68 1300    0.0   -9.0 -9.00    0.0   -9    0.0   -9   -9.0   -9   -9.0   -9   -9.0   -9 -99.0 -99.0 -99.0 -99.0 -99.0
20260710 255  1.1   982  23  2.8 1213  14  7.4 1406  28.7  33.4 1256  25.3   36  23.7  29.4  22.7  75.4  60.0 1302  29.3   6.6   4.6 -9.00 1006.0 1011.8 1012.6 2305 1011.0  414  4.9  7.8 14.4 -9.0 22.85  3.27 1300   -9.0   -9.0 -9.00   -9.0   -9   -9.0   -9   -9.0   -9   -9.0   -9   -9.0   -9 -99.0 -99.0 -99.0 -99.0 -99.0
20260710 257  2.2  1889  23  4.7 1330  20  8.9 1350  28.5  34.2 1508  24.5   56  24.4  33.6  21.9  79.6  60.0 1217  30.5   6.4   4.5 -9.00 1011.3 1012.0 1012.8 2325 1011.2 1551  5.4  6.1 14.4 -9.0 21.43  2.79 1400   -9.0   -9.0 -9.00   -9.0   -9   -9.0   -9   -9.0   -9   -9.0   -9   -9.0   -9 -99.0 -99.0 -99.0 -99.0 -99.0
20260710 258  1.7  1430  20  6.0 1441  23  8.6 1554  26.8  30.5 1403  24.0 2357  24.7  28.4  22.6  89.4  73.0 1449  31.2   4.8   3.3 -9.00 1012.3 1012.5 1013.6 1136 1011.1  627  6.0  3.2 14.4 -9.0 17.89  3.58 1400    0.0   -9.0 -9.00    0.0   -9    0.0   -9   -9.0   -9   -9.0   -9   -9.0   -9 -99.0 -99.0 -99.0 -99.0 -99.0
20260710 259  1.7  1435  14  3.6 1302  11  6.8 1707  26.9  30.4 1351  24.3 2349  24.5  26.7  21.8  87.1  74.0 1352  30.7   3.8   2.7 -9.00 1009.7 1011.5 1012.6 1126 1009.9  549  5.9  0.7 14.3 -9.0 11.49  1.84 1200    0.0   -9.0 -9.00    0.0   -9    0.0   -9   -9.0   -9   -9.0   -9   -9.0   -9 -99.0 -99.0 -99.0 -99.0 -99.0
20260710 260  3.0  2562  14  5.0 1634  16  8.9  634  26.5  28.8 1503  24.4 2345  24.7  29.4  23.4  90.4  83.0 1501  31.1  -9.0  -9.0 -9.00 1006.7 1011.7 1012.9 1128 1010.1  604  6.1  2.3 14.4 -9.0 -9.00 -9.00   -9    0.0   -9.0 -9.00    0.0   -9    0.0   -9   -9.0   -9   -9.0   -9   -9.0   -9 -99.0 -99.0 -99.0 -99.0 -99.0
20260710 261  4.0  3490  11  8.0 1418  11 10.0  635  27.1  30.4 1407  25.2  129  25.0  29.1  23.8  88.5  81.0 1353  31.7  -9.0  -9.0 -9.00 1009.7 1011.6 1012.9 1122 1009.8  558  5.9  7.2 14.3 -9.0 -9.00 -9.00   -9    0.0   -9.0 -9.00    0.0   -9    0.0   -9   -9.0   -9   -9.0   -9   -9.0   -9 -99.0 -99.0 -99.0 -99.0 -99.0
20260710 262  1.5  1262  16  4.9  648  18  8.4  639  26.5  29.5 1423  23.1 2345  24.0  27.5  24.3  86.4  72.0 1827  29.8   3.2   2.2 -9.00 1006.1 1012.0 1013.1 1156 1010.7  438  6.0  1.1 14.3 -9.0  9.10  1.55 1200   -9.0   -9.0 -9.00   -9.0   -9   -9.0   -9   -9.0   -9   -9.0   -9   -9.0   -9 -99.0 -99.0 -99.0 -99.0 -99.0
20260710 263  1.7  1471  23  5.1 1201  23  7.7 1155  27.6  32.0 1618  23.1  446  24.1  31.6  21.1  82.5  65.0 1625  30.1   5.5   3.8 -9.00 1010.4 1012.0 1013.0 2313 1011.0  424  5.5  5.6 14.4 -9.0 20.03  2.69 1200    0.0   -9.0 -9.00    0.0   -9    0.0   -9   -9.0   -9   -9.0   -9   -9.0   -9 -99.0 -99.0 -99.0 -99.0 -99.0
20260710 264  1.0   831  18  3.7 1444  20  5.6 1439  26.6  33.0 1348  21.6  354  23.6  28.4  21.1  85.3  64.0 1137  29.2   5.5   3.9 -9.00  994.4 1011.6 1013.4 2324 1010.3 1416  5.1  6.7 14.4 -9.0 21.57  3.75 1100    0.0   -9.0 -9.00    0.0   -9    0.0   -9   -9.0   -9   -9.0   -9   -9.0   -9 -99.0 -99.0 -99.0 -99.0 -99.0
20260710 266  1.1   964  20  3.7 1348  27  6.8 1535  26.9  30.4 1452  24.5 2335  24.7  29.9  22.7  88.9  70.0 1454  31.1   4.4   3.1 -9.00 1002.6 1012.6 1013.5 1146 1011.5  413  5.9  2.2 14.4 -9.0 14.14  1.97 1400    0.0   -9.0 -9.00    0.0   -9    0.0   -9   -9.0   -9   -9.0   -9   -9.0   -9 -99.0 -99.0 -99.0 -99.0 -99.0
20260710 268  2.5  2201  11  5.2 2149  11  9.5 2137  26.8  30.2 1153  23.9  304  24.2  28.1  23.2  86.3  74.0 1218  30.1  -9.0  -9.0 -9.00 1008.9 1010.0 1011.2 1117 1008.2  546  5.6  6.4 14.3 -9.0 -9.00 -9.00   -9    0.0   -9.0 -9.00    0.0   -9    0.0   -9   -9.0   -9   -9.0   -9   -9.0   -9 -99.0 -99.0 -99.0 -99.0 -99.0
20260710 271  0.9   741  20  3.1 1309  20  6.3 1216  25.0  29.5 1652  21.1  106  22.0  26.8  20.4  84.6  63.0 1206  26.4  -9.0  -9.0 -9.00  975.3 1011.7 1013.3 2347 1010.4 1723  7.9  4.2 14.6 -9.0 -9.00 -9.00   -9    0.1   -9.0 -9.00    0.1   -9    0.1   -9   -9.0   -9   -9.0   -9   -9.0   -9 -99.0 -99.0 -99.0 -99.0 -99.0
20260710 272  0.7   644  29  2.4 1944  14  3.6 1603  25.2  29.3 1534  21.5  456  23.2  28.8  21.6  89.8  68.0 1321  28.4  -9.0  -9.0 -9.00  987.5 1011.4 1012.8 2337 1010.1 1717  8.0  2.6 14.5 -9.0 -9.00 -9.00   -9    0.2   -9.0 -9.00    0.2   -9    0.2   -9   -9.0   -9   -9.0   -9   -9.0   -9 -99.0 -99.0 -99.0 -99.0 -99.0
20260710 273  0.8   651  23  4.0 2035  25  7.6 2029  25.9  30.9 1605  22.4  338  23.9  28.5  21.6  90.1  68.0 1554  29.7  -9.0  -9.0 -9.00  991.2 1010.8 1012.2 2319 1009.3 1748  8.4  2.8 14.5 -9.0 -9.00 -9.00   -9   13.4   -9.0 -9.00   13.4 2012   10.2 2027   -9.0   -9   -9.0   -9   -9.0   -9 -99.0 -99.0 -99.0 -99.0 -99.0
20260710 276  1.1   967  32  3.1 1116  34  6.4 1226  27.0  33.0 1642  21.4  458  23.4  27.6  20.2  83.3  56.0 1631  28.8   5.1   3.6 -9.00  987.3 1010.7 1012.2 2324 1008.9 1754  7.4  5.0 14.5 -9.0 18.76  2.17 1100   -9.0   -9.0 -9.00   -9.0   -9   -9.0   -9   -9.0   -9   -9.0   -9   -9.0   -9 -99.0 -99.0 -99.0 -99.0 -99.0
20260710 277  1.5  1261  16  3.8 1552  14  6.9 1601  26.8  31.7 1430  22.5  506  22.1  31.6  21.6  76.8  57.0 1339  26.6  -9.0  -9.0 -9.00 1006.3 1010.9 1011.9 2230 1009.9  318  7.0  8.0 14.5 -9.0 -9.00 -9.00   -9   -9.0   -9.0 -9.00   -9.0   -9   -9.0   -9   -9.0   -9   -9.0   -9   -9.0   -9 -99.0 -99.0 -99.0 -99.0 -99.0
20260710 278  1.0   821  23  3.2 1054  25  5.9 1006  28.0  33.7 1508  22.2  428  23.4  30.5  20.7  78.8  53.0 1509  28.8  -9.0  -9.0 -9.00 1001.0 1010.2 1011.6 2358 1008.6 1738  7.3  6.4 14.5 -9.0 -9.00 -9.00   -9   -9.0   -9.0 -9.00   -9.0   -9   -9.0   -9   -9.0   -9   -9.0   -9   -9.0   -9 -99.0 -99.0 -99.0 -99.0 -99.0
20260710 279  1.3  1137  11  3.5  326  11  6.1  113  28.5  34.1 1610  23.5  459  22.6  30.0  23.0  71.8  52.0 1610  27.4   5.0   3.5 -9.00 1005.3 1010.9 1012.4 2314 1009.5 1750  7.1  5.0 14.5 -9.0 17.63  2.63 1200    0.0   -9.0 -9.00    0.0   -9    0.0   -9   -9.0   -9   -9.0   -9   -9.0   -9 -99.0 -99.0 -99.0 -99.0 -99.0
20260710 281  1.6  1424  25  3.7  912  27  9.8  908  28.4  34.0 1419  22.7  417  22.0  33.1  20.9  70.3  48.0 1502  26.4  -9.0  -9.0 -9.00 1000.8 1011.7 1013.0 2253 1010.3 1627  5.4  8.1 14.5 -9.0 -9.00 -9.00   -9   -9.0   -9.0 -9.00   -9.0   -9   -9.0   -9   -9.0   -9   -9.0   -9   -9.0   -9 -99.0 -99.0 -99.0 -99.0 -99.0
20260710 283  2.4  2086  18  4.9 1651  25  8.1 1258  28.3  35.5 1550  22.1  546  22.3  31.3  20.1  72.4  46.0 1315  26.9   7.9   5.5 -9.00 1007.0 1011.5 1012.8 2259 1010.0 1621  3.8  8.9 14.5 -9.0 23.89  3.23 1200   -9.0   -9.0 -9.00   -9.0   -9   -9.0   -9   -9.0   -9   -9.0   -9   -9.0   -9 -99.0 -99.0 -99.0 -99.0 -99.0
20260710 284  1.4  1231  20  4.3 1603  16  6.2 1406  26.2  32.0 1403  21.5  348  22.9  27.6  19.9  83.4  63.0 1234  28.0   5.0   3.5 -9.00  984.7 1010.4 1012.1 2302 1009.0 1747  5.0  5.1 14.4 -9.0 19.21  3.11 1200    0.0   -9.0 -9.00    0.0   -9    0.0   -9   -9.0   -9   -9.0   -9   -9.0   -9 -99.0 -99.0 -99.0 -99.0 -99.0
20260710 285  1.3  1081  18  4.1 1457  20  9.0 1535  27.3  32.9 1357  23.2  358  23.7  29.0  23.0  82.1  61.0 1443  29.4  -9.0  -9.0 -9.00 1008.7 1011.8 1013.0 2259 1010.9  410  5.8  6.4 14.4 -9.0 -9.00 -9.00   -9    0.0   -9.0 -9.00    0.0   -9    0.0   -9   -9.0   -9   -9.0   -9   -9.0   -9 -99.0 -99.0 -99.0 -99.0 -99.0
20260710 288  1.8  1551  16  4.0 1654  18  7.6 1647  28.7  33.9 1341  23.7  501  23.5  33.2  24.0  75.3  56.0 1342  29.0   6.8   4.8 -9.00 1009.5 1010.4 1011.5 2314 1009.5 1645  5.9  7.6 14.4 -9.0 23.59  2.94 1100   -9.0   -9.0 -9.00   -9.0   -9   -9.0   -9   -9.0   -9   -9.0   -9   -9.0   -9 -99.0 -99.0 -99.0 -99.0 -99.0
20260710 289  1.9  1600   7  4.3    1   5  7.6 1338  26.7  31.9 1243  22.6  551  23.5  28.1  21.4  83.4  67.0 1239  28.9  -9.0  -9.0 -9.00  996.6 1012.2 1013.8 2340 1011.0  359  5.3  5.7 14.4 -9.0 -9.00 -9.00   -9   -9.0   -9.0 -9.00   -9.0   -9   -9.0   -9   -9.0   -9   -9.0   -9   -9.0   -9 -99.0 -99.0 -99.0 -99.0 -99.0
20260710 294  1.1   931  11  2.9 1313  11  7.4 1309  26.9  30.8 1501  23.8 2357  22.5  30.1  21.6  77.5  61.0 1416  27.2  -9.0  -9.0 -9.00 1007.9 1013.0 1014.0 1223 1011.8  426  5.0  6.3 14.4 -9.0 -9.00 -9.00   -9   -9.0   -9.0 -9.00   -9.0   -9   -9.0   -9   -9.0   -9   -9.0   -9   -9.0   -9 -99.0 -99.0 -99.0 -99.0 -99.0
20260710 295  1.5  1298  20  5.5 1509  23  8.8 1505  26.7  30.2 1329  23.7 2341  23.1  28.1  22.1  81.5  66.0 1338  28.3  -9.0  -9.0 -9.00 1007.2 1012.4 1013.5 1201 1011.1  405  6.4  4.8 14.4 -9.0 -9.00 -9.00   -9   -9.0   -9.0 -9.00   -9.0   -9   -9.0   -9   -9.0   -9   -9.0   -9   -9.0   -9 -99.0 -99.0 -99.0 -99.0 -99.0
20260710 296  1.9  1634  16  5.2 1328  18  9.3 1312  27.7  32.4 1439  23.7  157  24.3  29.6  20.8  82.9  67.0 1136  30.5   6.4   4.5 -9.00 1011.1 1011.4 1012.2 2400 1010.6  409  5.6  6.6 14.4 -9.0 23.37  3.24 1100   -9.0   -9.0 -9.00   -9.0   -9   -9.0   -9   -9.0   -9   -9.0   -9   -9.0   -9 -99.0 -99.0 -99.0 -99.0 -99.0
20260711  90  1.7  1485  14  5.3 1637  16  8.6 1630  27.6  34.3 1335  24.4   38  21.9  31.0  24.0  72.3  48.0 1330  26.3   6.0   4.2 -9.00 1007.9 1009.9 1010.9 1058 1008.8  425  8.0  6.3 14.7 -9.0 21.44  3.29 1300   -9.0   -9.0 -9.00   -9.0   -9   -9.0   -9   -9.0   -9   -9.0   -9   -9.0   -9 -99.0 -99.0 -99.0 -99.0 -99.0
20260711  93  1.0   849  23  3.3 1515  23  5.1 1356  27.4  32.7 1420  22.9  336  23.7  29.6  22.7  82.3  57.0 1421  29.3   5.8   4.1  2.67 1000.7 1011.5 1012.7    1 1010.0 1849  6.3  9.5 14.6 -9.0 22.73  3.48 1100   -9.0   -9.0 -9.00   -9.0   -9   -9.0   -9   -9.0   -9   -9.0   -9   -9.0   -9  25.3  24.3  22.1  17.6  14.8
20260711  95  1.2  1035  25  2.8 1143  25  5.9 1135  26.9  31.3 1320  23.3 2400  23.8  29.1  23.3  84.9  60.0 1306  29.5   5.7   4.0 -9.00  994.3 1011.8 1012.8 2130 1010.5 1741  7.5  8.1 14.6 -9.0 22.38  3.04 1200    0.0   -9.0 -9.00    0.0   -9    0.0   -9   -9.0   -9   -9.0   -9   -9.0   -9 -99.0 -99.0 -99.0 -99.0 -99.0
20260711  98  0.7   566  29  2.2 1701  23  5.6 1441  27.2  32.2 1326  24.1  445  22.4  30.0  22.6  76.5  55.0 1312  27.1   5.0   3.5 -9.00  998.2 1011.3 1012.2    1 1010.2 1754  6.5  5.7 14.6 -9.0 18.90  2.31 1200   -9.0   -9.0 -9.00   -9.0   -9   -9.0   -9   -9.0   -9   -9.0   -9   -9.0   -9 -99.0 -99.0 -99.0 -99.0 -99.0
20260711  99  0.9   755  27  3.4 1412  29  6.0 1406  26.8  31.6 1430  23.6  535  23.4  29.0  24.2  82.8  62.0 1332  28.7   5.6   3.9 -9.00 1008.4 1011.8 1012.7    1 1010.7 1848  7.4  7.3 14.6 -9.0 21.96  2.71 1200   -9.0   -9.0 -9.00   -9.0   -9   -9.0   -9   -9.0   -9   -9.0   -9   -9.0   -9 -99.0 -99.0 -99.0 -99.0 -99.0
20260711 100  3.8  3259  27  6.4 1337  27 11.8 1233  24.3  28.7 1449  22.0  421  20.8  25.3  20.2  81.8  60.0 1505  24.6   6.1   4.3 -9.00  926.3 1010.7 1012.5 2252 1009.3 1550  7.1  9.6 14.6 -9.0 21.66  3.03 1400   -9.0   -9.0 -9.00   -9.0   -9   -9.0   -9   -9.0   -9   -9.0   -9   -9.0   -9 -99.0 -99.0 -99.0 -99.0 -99.0
20260711 101  1.1   923  20  2.9 1337  25  5.4 1334  27.7  33.4 1435  23.4  529  23.0  30.4  23.5  78.1  50.0 1445  28.1   6.1   4.2 -9.00 1001.9 1010.5 1011.7    1 1008.8 1844  7.0  8.2 14.6 -9.0 22.51  3.33 1100   -9.0   -9.0 -9.00   -9.0   -9   -9.0   -9   -9.0   -9   -9.0   -9   -9.0   -9  25.3  22.9  20.8  16.8  15.1
20260711 102  4.2  3617  16  6.6 1057  16 10.8  601  23.3  26.1 1401  21.4  708  21.4  25.2  21.5  89.4  77.0 1403  25.5   5.0   3.5  5.23 1005.5 1009.6 1010.8 1235 1008.5 1835  7.0  6.2 14.6 -9.0 18.02  3.08 1400    0.1   -9.0  2.33    0.1   -9    0.1   -9   -9.0   -9   -9.0   -9   -9.0   -9 -99.0 -99.0 -99.0 -99.0 -99.0
20260711 104  1.3  1135  16  2.8  214  16  4.8 2022  29.5  34.6 1625  23.5  433  24.2  30.1  21.8  73.9  58.0 1306  30.2   6.1   4.3 -9.00 1000.5 1008.9 1010.2 2242 1007.9 1735  7.4  8.4 14.6 -9.0 20.70  3.07 1400   -9.0   -9.0 -9.00   -9.0   -9   -9.0   -9   -9.0   -9   -9.0   -9   -9.0   -9  24.6  22.3  20.3  16.0  13.9
20260711 105  2.5  2143  23  4.8 1142  20  8.8 1141  30.5  35.5 1516  27.6  528  21.6  33.0  25.3  59.8  41.0 1517  25.7   7.3   5.1 -9.00 1007.0 1010.0 1011.1    1 1008.9 1734  7.6  7.3 14.6 -9.0 19.24  2.63 1400   -9.0   -9.0 -9.00   -9.0   -9   -9.0   -9   -9.0   -9   -9.0   -9   -9.0   -9  25.7  23.1  21.7  17.3  15.4
20260711 106  1.5  1305  14  3.8 1429  16  6.9 1429  27.5  32.7 1116  24.3  440  23.1  28.6  22.6  78.1  59.0 1113  28.3   5.2   3.7 -9.00 1006.0 1010.6 1011.8 1041 1009.8 1847  8.4  5.6 14.6 -9.0 18.34  2.59 1100    0.0   -9.0 -9.00    0.0   -9    0.0   -9   -9.0   -9   -9.0   -9   -9.0   -9 -99.0 -99.0 -99.0 -99.0 -99.0
20260711 108  1.5  1317  20  3.5 1354  18  6.3 1346  28.6  32.6 1643  24.7  537  22.9  28.0  22.2  72.8  56.0 1320  28.0   6.8   4.7 -9.00 1001.6 1011.2 1012.3    1 1010.0 1837  6.1  9.4 14.6 -9.0 23.04  3.18 1100   -9.0   -9.0 -9.00   -9.0   -9   -9.0   -9   -9.0   -9   -9.0   -9   -9.0   -9  25.5  23.5  22.5  17.7  14.5
20260711 112  1.8  1566  23  3.5  948  23  5.9 1443  28.3  31.9 1739  24.8  532  24.0  29.3  21.6  78.9  58.0 1733  29.8   7.0   4.9 -9.00 1003.3 1011.1 1012.1 1141 1010.0 1901  5.9 11.6 14.6 -9.0 25.67  3.16 1300   -9.0   -9.0 -9.00   -9.0   -9   -9.0   -9   -9.0   -9   -9.0   -9   -9.0   -9  24.4  23.2  16.8  20.7  14.1
20260711 114  1.1   928  29  2.6 1257  29  4.7 1250  28.3  33.5 1455  23.3  509  23.0  30.2  22.0  75.3  50.0 1456  28.1   6.7   4.7 -9.00  994.4 1011.2 1012.6    7 1009.8 1847  5.3 11.1 14.6 -9.0 24.34  3.18 1200   -9.0   -9.0 -9.00   -9.0   -9   -9.0   -9   -9.0   -9   -9.0   -9   -9.0   -9 -99.0 -99.0 -99.0 -99.0 -99.0
20260711 115  5.1  4427  25  8.1 2400  23 14.4 2357  27.8  30.2 1549  24.9  204  23.4  29.5  22.9  77.8  70.0 2340  28.8   7.7   5.4 -9.00  986.4 1011.1 1012.1    3 1010.7 1743  7.9 10.0 14.6 -9.0 21.51  2.72 1200   -9.0   -9.0 -9.00   -9.0   -9   -9.0   -9   -9.0   -9   -9.0   -9   -9.0   -9  22.4  19.6  18.3  13.9  13.4
20260711 119  1.2  1036  32  2.7 1424  29  4.7 1433  28.7  33.1 1624  23.8  454  22.8  31.3  21.7  72.1  52.0 1349  27.7   7.0   4.9 -9.00 1006.4 1010.9 1012.0    1 1009.6 1847  5.3 11.4 14.6 -9.0 25.03  3.16 1300   -9.0   -9.0 -9.00   -9.0   -9   -9.0   -9   -9.0   -9   -9.0   -9   -9.0   -9  24.9  23.0  21.1  16.9  14.1
20260711 121  0.7   616  29  2.9 1558  27  4.7 1555  27.3  33.3 1441  23.1  555  23.5  29.0  23.4  82.3  54.0 1456  29.0   6.0   4.2 -9.00  985.1 1012.0 1013.6  814 1010.2 1737  6.6  9.6 14.6 -9.0 22.57  2.96 1300   -9.0   -9.0 -9.00   -9.0   -9   -9.0   -9   -9.0   -9   -9.0   -9   -9.0   -9 -99.0 -99.0 -99.0 -99.0 -99.0
20260711 127  0.7   622  25  2.5 1316  27  5.2 1502  27.8  33.6 1645  22.8  146  23.8  29.7  22.5  81.0  56.0 1454  29.5   6.8   4.8 -9.00  997.8 1010.7 1012.2    1 1009.2 1729  4.4  9.2 14.5 -9.0 24.88  3.17 1300   -9.0   -9.0 -9.00   -9.0   -9   -9.0   -9   -9.0   -9   -9.0   -9   -9.0   -9 -99.0 -99.0 -99.0 -99.0 -99.0
20260711 129  1.3  1085  20  4.9 1154  23  6.9 1153  28.4  35.2 1704  22.6  512  23.1  30.2  19.7  75.4  44.0 1537  28.2   7.7   5.4 -9.00 1008.3 1011.2 1012.3    1 1009.9 1653  2.5 12.8 14.5 -9.0 27.39  3.29 1400   -9.0   -9.0 -9.00   -9.0   -9   -9.0   -9   -9.0   -9   -9.0   -9   -9.0   -9  24.9  23.2  21.3  16.8  15.1
20260711 130  2.1  1785  18  5.2 1717  16  7.7 1719  26.8  32.1  858  23.2 1842  22.7  31.2  22.5  79.0  60.0  856  27.6  -9.0  -9.0 -9.00 1005.5 1011.0 1011.9 1033 1010.1 1714  6.3 12.0 14.5 -9.0 -9.00 -9.00   -9   -9.0   -9.0 -9.00   -9.0   -9   -9.0   -9   -9.0   -9   -9.0   -9   -9.0   -9 -99.0 -99.0 -99.0 -99.0 -99.0
20260711 131  0.9   761  27  2.5 1302  27  5.1 1331  30.1  34.9 1510  24.2  503  22.9  32.0  24.2  67.0  49.0 1512  27.8   8.2   5.8 -9.00 1004.2 1010.8 1012.2    1 1009.3 1742  3.8 11.5 14.5 -9.0 28.75  3.73 1100   -9.0   -9.0 -9.00   -9.0   -9   -9.0   -9   -9.0   -9   -9.0   -9   -9.0   -9 -99.0 -99.0 -99.0 -99.0 -99.0
20260711 133  1.0   887  20  2.7 1234  18  4.8 1227  29.3  34.6 1455  23.1  538  24.2  30.8  21.9  76.3  51.0 1348  30.2   7.2   5.0 -9.00 1003.7 1011.4 1012.8    1 1009.8 1650  2.8 11.3 14.5 -9.0 26.71  3.30 1300   -9.0   -9.0 -9.00   -9.0   -9   -9.0   -9   -9.0   -9   -9.0   -9   -9.0   -9  26.4  25.1  24.2  20.6  16.9
20260711 135  1.1   950   9  3.4 1618   9  5.6 1333  26.5  32.5 1419  21.1  534  23.4  29.7  23.0  84.5  63.0 1231  28.8   6.4   4.5 -9.00  983.7 1011.3 1012.7    1 1009.4 1639  4.4  9.6 14.5 -9.0 24.27  3.41 1100   -9.0   -9.0 -9.00   -9.0   -9   -9.0   -9   -9.0   -9   -9.0   -9   -9.0   -9 -99.0 -99.0 -99.0 -99.0 -99.0
20260711 136  0.8   667  27  2.4 1511  23  4.6 1213  28.0  33.8 1603  23.3  451  23.4  33.5  22.7  77.4  55.0 1318  28.7   7.2   5.0  2.00  996.4 1012.3 1013.7  815 1010.7 1655  5.8 10.0 14.5 -9.0 26.20  3.43 1100   -9.0   -9.0 -9.00   -9.0   -9   -9.0   -9   -9.0   -9   -9.0   -9   -9.0   -9 -99.0 -99.0 -99.0 -99.0 -99.0
20260711 137  0.3   246   5  1.4 1228   2  3.6 1113  27.7  34.0 1627  23.2  457  24.9  30.8  22.9  86.6  61.0 1556  31.5   6.4   4.5 -9.00  999.8 1010.7 1012.0  810 1009.0 1659  3.4  9.0 14.5 -9.0 24.08  3.18 1300   -9.0   -9.0 -9.00   -9.0   -9   -9.0   -9   -9.0   -9   -9.0   -9   -9.0   -9 -99.0 -99.0 -99.0 -99.0 -99.0
20260711 138  2.3  1996  11  4.6 1541  14  7.2 1400  30.2  34.0 1741  26.1  521  22.0  33.3  22.1  62.0  53.0 1336  26.4   8.4   5.9 -9.00 1010.2 1010.6 1011.9  738 1009.0 1645  2.4 11.9 14.5 -9.0 25.68  3.17 1100   -9.0   -9.0 -9.00   -9.0   -9   -9.0   -9   -9.0   -9   -9.0   -9   -9.0   -9  24.4  21.3  19.8  17.2  16.1
20260711 140  1.4  1233  18  3.3 1109  16  4.9 1043  29.2  35.5 1601  23.2  502  24.1  33.3  20.6  75.3  55.0 1555  30.1  -9.0  -9.0 -9.00 1008.7 1011.8 1013.1    1 1010.4 1652  1.1 12.8 14.5 -9.0 -9.00 -9.00   -9   -9.0   -9.0 -9.00   -9.0   -9   -9.0   -9   -9.0   -9   -9.0   -9   -9.0   -9 -99.0 -99.0 -99.0 -99.0 -99.0
20260711 143  1.1   939  27  2.6 1129  27  4.6 1316  30.7  37.3 1433  23.7  524  20.5  37.9  20.5  57.3  36.0 1436  24.2   7.6   5.3 -9.00 1004.7 1010.7 1012.1    1 1008.9 1700  1.4 11.1 14.4 -9.0 24.54  3.03 1300   -9.0   -9.0 -9.00   -9.0   -9   -9.0   -9   -9.0   -9   -9.0   -9   -9.0   -9 -99.0 -99.0 -99.0 -99.0 -99.0
20260711 146  2.1  1777  23  4.2 1552  16  7.1 1027  30.3  35.9 1527  24.6  517  22.2  30.9  21.4  63.6  44.0 1741  26.8   9.0   6.3 -9.00 1004.2 1011.0 1012.5    8 1009.6 1548  2.1 12.2 14.4 -9.0 27.94  3.52 1200   -9.0   -9.0 -9.00   -9.0   -9   -9.0   -9   -9.0   -9   -9.0   -9   -9.0   -9 -99.0 -99.0 -99.0 -99.0 -99.0
20260711 152  1.2  1045  16  2.9 1304  18  6.5 1439  27.4  31.6 1122  22.9  510  22.3  31.5  20.7  74.6  58.0 1124  26.9   7.7   5.4 -9.00 1002.2 1011.4 1012.3   55 1010.1 1702  3.0 13.0 14.4 -9.0 28.32  3.46 1200   -9.0   -9.0 -9.00   -9.0   -9   -9.0   -9   -9.0   -9   -9.0   -9   -9.0   -9 -99.0 -99.0 -99.0 -99.0 -99.0
20260711 155  1.5  1309  11  4.3 1236  20  8.8 1540  29.1  35.4 1442  23.5  444  22.9  32.8  21.5  71.5  48.0 1447  27.9   8.4   5.9 -9.00 1008.0 1012.0 1012.9    1 1011.0 1636  0.0 12.8 14.4 -9.0 28.52  3.48 1200   -9.0   -9.0 -9.00   -9.0   -9   -9.0   -9   -9.0   -9   -9.0   -9   -9.0   -9 -99.0 -99.0 -99.0 -99.0 -99.0
20260711 156  2.2  1928  16  5.1 1640  18  8.8 1454  29.6  34.3 1250  24.1  553  23.2  32.1  21.6  70.4  53.0 1412  28.5   8.2   5.7 -9.00 1003.1 1011.0 1012.6    5 1010.0 1649  0.3 12.6 14.4 -9.0 28.01  3.54 1200   -9.0   -9.0 -9.00   -9.0   -9   -9.0   -9   -9.0   -9   -9.0   -9   -9.0   -9 -99.0 -99.0 -99.0 -99.0 -99.0
20260711 159  1.6  1413  23  4.5 1540  25  6.3 1639  28.9  33.0 1348  25.1  425  22.6  31.6  20.7  69.8  57.0 1201  27.5   8.3   5.8 -9.00 1003.8 1011.6 1012.6   22 1010.6 1703  0.9 12.4 14.4 -9.0 29.56  3.58 1200   -9.0   -9.0 -9.00   -9.0   -9   -9.0   -9   -9.0   -9   -9.0   -9   -9.0   -9  25.7  23.0  21.9  17.7  17.4
20260711 162  1.4  1183  18  3.3 1413  18  5.1 1426  27.8  33.2 1338  22.8  519  22.3  29.8  20.7  74.3  50.0 1325  26.9   7.8   5.4 -9.00 1007.7 1011.2 1012.4  136 1010.0 1725  0.0 12.5 14.4 -9.0 28.90  3.52 1200   -9.0   -9.0 -9.00   -9.0   -9   -9.0   -9   -9.0   -9   -9.0   -9   -9.0   -9 -99.0 -99.0 -99.0 -99.0 -99.0
20260711 165  4.3  3672  14  7.2 1111  16 12.4 1116  29.0  32.7 1332  25.1  421  23.2  30.3  23.1  71.8  57.0 1335  28.4   9.7   6.8 -9.00 1005.7 1010.7 1012.5    1 1009.8 1814  0.3 13.2 14.3 -9.0 29.55  3.53 1200   -9.0   -9.0 -9.00   -9.0   -9   -9.0   -9   -9.0   -9   -9.0   -9   -9.0   -9  25.9  22.7  21.6  18.7  16.4
20260711 168  2.2  1888   7  5.2  727   9  7.1  744  28.3  31.9 1449  24.2  453  22.6  33.3  23.1  72.9  55.0 1546  27.4   7.9   5.5 -9.00 1004.6 1012.1 1013.1   15 1011.2 1810  0.6 13.3 14.3 -9.0 28.81  3.53 1200   -9.0   -9.0 -9.00   -9.0   -9   -9.0   -9   -9.0   -9   -9.0   -9   -9.0   -9  26.3  23.5  21.5  18.3  16.9
20260711 169  8.8  7570  14 15.2 1910  16 20.8 1623  24.7  27.4 1107  21.7  532  22.2  29.5  21.7  86.6  76.0 1251  26.7   8.2   5.8 -9.00 1001.6 1010.1 1011.6    1 1008.7 1910  0.0 13.6 14.3 -9.0 29.81  3.56 1200   -9.0   -9.0 -9.00   -9.0   -9   -9.0   -9   -9.0   -9   -9.0   -9   -9.0   -9 -99.0 -99.0 -99.0 -99.0 -99.0
20260711 170  3.5  2982  14  6.7 1335  14 10.4 1420  28.2  33.1 1331  23.0  503  23.4  31.7  22.7  76.6  59.0 1336  28.8   8.6   6.0 -9.00 1007.4 1011.4 1012.8   23 1010.3 1729  0.1 13.1 14.3 -9.0 28.96  3.48 1200   -9.0   -9.0 -9.00   -9.0   -9   -9.0   -9   -9.0   -9   -9.0   -9   -9.0   -9 -99.0 -99.0 -99.0 -99.0 -99.0
20260711 172  3.1  2713  18  5.5 1005  14 11.0  953  29.6  34.1 1420  25.1  452  22.4  28.1  23.0  67.0  47.0 1515  27.2  10.1   7.1 -9.00 1004.6 1010.5 1012.0    7 1009.3 1740  1.4 13.3 14.4 -9.0 29.66  3.59 1200   -9.0   -9.0 -9.00   -9.0   -9   -9.0   -9   -9.0   -9   -9.0   -9   -9.0   -9 -99.0 -99.0 -99.0 -99.0 -99.0
20260711 174  1.4  1176  16  4.6 1147  20  9.0 1336  25.9  32.4 1312  18.4  556  21.6  32.4  22.6  80.0  50.0 1313  25.9  -9.0  -9.0 -9.00  992.0 1010.6 1012.0    5 1009.6 1707  0.0 11.4 14.4 -9.0 -9.00 -9.00   -9    0.0   -9.0 -9.00    0.0   -9    0.0   -9   -9.0   -9   -9.0   -9   -9.0   -9 -99.0 -99.0 -99.0 -99.0 -99.0
20260711 177  1.0   901  23  2.8 1304  23  4.5 1300  28.8  34.5 1504  22.7  546  24.3  30.7  21.5  78.9  52.0 1306  30.5   6.7   4.7  2.00 1006.7 1009.8 1011.1    1 1008.4 1706  3.9 11.1 14.5 -9.0 24.57  2.88 1000   -9.0   -9.0 -9.00   -9.0   -9   -9.0   -9   -9.0   -9   -9.0   -9   -9.0   -9 -99.0 -99.0 -99.0 -99.0 -99.0
20260711 181  0.8   695   2  2.6 1658  25  4.7  913  27.9  34.2 1621  21.9  440  23.6  30.5  20.7  79.9  53.0 1544  29.2   7.0   4.9 -9.00 1007.7 1011.5 1012.9    1 1010.0 1735  3.0 10.4 14.5 -9.0 25.85  3.25 1100   -9.0   -9.0 -9.00   -9.0   -9   -9.0   -9   -9.0   -9   -9.0   -9   -9.0   -9 -99.0 -99.0 -99.0 -99.0 -99.0
20260711 184  4.9  4194  16  7.3 1025  11 15.3 1932  30.2  33.2 1403  27.4  209  22.5  36.9  24.4  64.1  54.0 1304  27.3  10.7   7.5 -9.00 1006.8 1009.1 1010.4    1 1007.6 1640  6.4 12.7 14.2 -9.0 28.14  3.58 1200   -9.0    0.0 -9.00   -9.0   -9   -9.0   -9   -9.0   -9   -9.0   -9   -9.0   -9  27.7  25.1  24.1  21.4  17.9
20260711 185  8.0  6904  11 11.7  950  11 19.8  924  28.3  31.0 1423  26.2  513  23.4  29.6  24.4  75.1  65.0 1425  28.8   9.5   6.7 -9.00 1000.7 1008.7 1010.7    1 1007.4 1653  6.3 12.5 14.2 -9.0 27.80  3.45 1200   -9.0   -9.0 -9.00   -9.0   -9   -9.0   -9   -9.0   -9   -9.0   -9   -9.0   -9 -99.0 -99.0 -99.0 -99.0 -99.0
20260711 188  1.9  1621  14  6.0 2343  14  9.1 2400  27.5  30.3 1439  24.5  411  24.7  31.5  24.3  85.5  73.0 1443  31.1  -9.0  -9.0 -9.00 1008.9 1011.2 1012.4    1 1010.1 1700  5.1 12.3 14.2 -9.0 -9.00 -9.00   -9   -9.0   -9.0 -9.00   -9.0   -9   -9.0   -9   -9.0   -9   -9.0   -9   -9.0   -9 -99.0 -99.0 -99.0 -99.0 -99.0
20260711 189  3.8  3274   7  5.8 1709   9 11.6 1701  28.9  31.5 1120  27.2  512  24.1  29.9  25.3  75.6  65.0 1029  30.0   6.8   4.8 -9.00 1005.1 1011.0 1012.4    1 1009.6 1642  7.3  9.9 14.2 -9.0 25.19  3.21 1000   -9.0   -9.0 -9.00   -9.0   -9   -9.0   -9   -9.0   -9   -9.0   -9   -9.0   -9 -99.0 -99.0 -99.0 -99.0 -99.0
20260711 192  0.8   664  14  2.5 1414  20  6.8 1238  27.7  33.6 1436  22.0  450  23.2  34.1  20.6  78.9  53.0 1355  28.4   7.3   5.1 -9.00 1008.8 1012.1 1013.1   15 1011.1 1732  0.0 11.4 14.4 -9.0 28.20  3.51 1200   -9.0   -9.0 -9.00   -9.0   -9   -9.0   -9   -9.0   -9   -9.0   -9   -9.0   -9 -99.0 -99.0 -99.0 -99.0 -99.0
20260711 201  1.3  1085  25  3.7 1302  25  7.2 1239  26.6  30.5 1423  23.6 2316  23.5  28.7  21.9  84.3  64.0 1236  29.0  -9.0  -9.0 -9.00 1006.6 1012.0 1013.1 1235 1011.0 1845  6.0  8.2 14.6 -9.0 -9.00 -9.00   -9   -9.0   -9.0 -9.00   -9.0   -9   -9.0   -9   -9.0   -9   -9.0   -9   -9.0   -9 -99.0 -99.0 -99.0 -99.0 -99.0
20260711 202  0.8   716  18  2.0 1323  20  3.1 1319  27.3  32.0 1614  23.7  405  23.5  30.4  23.3  81.5  57.0 1624  29.0  -9.0  -9.0 -9.00 1006.4 1011.8 1012.8  915 1010.5 1847  5.6  7.7 14.6 -9.0 -9.00 -9.00   -9   -9.0   -9.0 -9.00   -9.0   -9   -9.0   -9   -9.0   -9   -9.0   -9   -9.0   -9 -99.0 -99.0 -99.0 -99.0 -99.0
20260711 203  0.5   433  18  2.2 1507  20  4.0 1504  28.0  33.7 1628  24.2  538  24.7  31.0  23.4  83.9  57.0 1512  31.1  -9.0  -9.0 -9.00 1002.8 1011.9 1013.1    2 1010.6 1833  5.6  7.7 14.6 -9.0 -9.00 -9.00   -9   -9.0   -9.0 -9.00   -9.0   -9   -9.0   -9   -9.0   -9   -9.0   -9   -9.0   -9 -99.0 -99.0 -99.0 -99.0 -99.0
20260711 211  1.6  1343  20  4.0 1714  20  7.7 1149  26.6  32.1 1546  22.9  149  22.3  29.3  21.7  79.5  52.0 1406  26.9  -9.0  -9.0 -9.00  988.2 1011.0 1012.2    2 1009.6 1736  7.4  6.3 14.6 -9.0 -9.00 -9.00   -9   -9.0   -9.0 -9.00   -9.0   -9   -9.0   -9   -9.0   -9   -9.0   -9   -9.0   -9 -99.0 -99.0 -99.0 -99.0 -99.0
20260711 212  0.8   717  27  2.6 1618  36  4.3 1347  27.3  32.7 1435  23.2  348  22.8  28.8  23.2  78.8  53.0 1456  27.7  -9.0  -9.0 -9.00  996.1 1011.9 1013.0    1 1010.5 1747  6.5  6.9 14.6 -9.0 -9.00 -9.00   -9   -9.0   -9.0 -9.00   -9.0   -9   -9.0   -9   -9.0   -9   -9.0   -9   -9.0   -9 -99.0 -99.0 -99.0 -99.0 -99.0
20260711 216  1.4  1247  20  3.3 1324  23  6.7 1323  26.2  31.0 1637  22.7    2  19.7  27.0  21.0  68.9  45.0 1416  23.0   6.5   4.5 -9.00  933.0 1010.9 1012.7 2337 1009.1 1631  7.8 10.8 14.6 -9.0 23.34  3.00 1100   -9.0   -9.0 -9.00   -9.0   -9   -9.0   -9   -9.0   -9   -9.0   -9   -9.0   -9 -99.0 -99.0 -99.0 -99.0 -99.0
20260711 217  1.4  1167  18  4.7 1145  18  8.1 1117  26.6  33.4 1539  21.7  413  21.9  29.8  22.5  77.9  53.0 1548  26.2  -9.0  -9.0 -9.00  977.0 1011.9 1013.4    1 1010.1 1539  7.6  8.9 14.6 -9.0 -9.00 -9.00   -9   -9.0   -9.0 -9.00   -9.0   -9   -9.0   -9   -9.0   -9   -9.0   -9   -9.0   -9 -99.0 -99.0 -99.0 -99.0 -99.0
20260711 221  0.8   684  20  3.1 1331  23  5.0 1346  25.7  31.2 1718  21.3  344  22.8  31.6  20.9  86.1  58.0 1430  27.8  -9.0  -9.0 -9.00  982.0 1011.8 1013.1    1 1010.2 1739  6.3  9.2 14.6 -9.0 -9.00 -9.00   -9   -9.0   -9.0 -9.00   -9.0   -9   -9.0   -9   -9.0   -9   -9.0   -9   -9.0   -9 -99.0 -99.0 -99.0 -99.0 -99.0
20260711 226  0.5   433  18  1.8 1228  20  3.3 1227  27.1  32.7 1625  22.9  643  24.3  29.3  23.4  86.8  58.0 1357  30.4  -9.0  -9.0 -9.00  992.4 1011.7 1013.1    1 1010.1 1635  3.3  7.1 14.5 -9.0 -9.00 -9.00   -9   -9.0   -9.0 -9.00   -9.0   -9   -9.0   -9   -9.0   -9   -9.0   -9   -9.0   -9 -99.0 -99.0 -99.0 -99.0 -99.0
20260711 232  0.8   665  11  2.4  937  11  4.5 1140  27.6  33.2 1653  22.2  557  24.0  30.6  21.9  83.3  58.0 1555  30.0  -9.0  -9.0 -9.00 1002.4 1012.0 1013.1    1 1010.6 1735  4.1 10.4 14.5 -9.0 -9.00 -9.00   -9   -9.0   -9.0 -9.00   -9.0   -9   -9.0   -9   -9.0   -9   -9.0   -9   -9.0   -9 -99.0 -99.0 -99.0 -99.0 -99.0
20260711 235  1.4  1232  20  4.1 1249  20  6.9 1002  29.5  34.9 1620  24.4  400  23.9  30.1  22.2  72.9  55.0 1622  29.7   8.0   5.6 -9.00 1009.3 1010.4 1011.4   40 1009.3 1924  1.4 12.1 14.5 -9.0 28.20  3.44 1200   -9.0   -9.0 -9.00   -9.0   -9   -9.0   -9   -9.0   -9   -9.0   -9   -9.0   -9 -99.0 -99.0 -99.0 -99.0 -99.0
20260711 236  0.7   566  11  2.2 1020  14  3.8 1227  28.5  34.7 1700  22.7  547  23.8  31.2  21.7  78.0  53.0 1605  29.5  -9.0  -9.0 -9.00 1010.0 1011.5 1012.6  101 1010.0 1641  2.0 11.7 14.5 -9.0 -9.00 -9.00   -9   -9.0   -9.0 -9.00   -9.0   -9   -9.0   -9   -9.0   -9   -9.0   -9   -9.0   -9 -99.0 -99.0 -99.0 -99.0 -99.0
20260711 238  0.8   718  14  2.2 1039   2  4.5 1425  27.9  34.5 1636  21.9  607  23.7  29.4  21.8  79.8  54.0 1248  29.3  -9.0  -9.0 -9.00  991.8 1010.9 1012.5    2 1009.0 1657  3.0  9.2 14.5 -9.0 -9.00 -9.00   -9   -9.0   -9.0 -9.00   -9.0   -9   -9.0   -9   -9.0   -9   -9.0   -9   -9.0   -9 -99.0 -99.0 -99.0 -99.0 -99.0
20260711 239  1.0   841  32  2.2 2339  14  3.7 1259  28.4  34.6 1640  23.3  338  24.0  31.4  22.2  79.0  54.0 1557  29.9   6.9   4.8 -9.00 1000.6 1010.7 1012.2    1 1009.0 1645  3.6 10.5 14.5 -9.0 25.86  2.85 1000   -9.0   -9.0 -9.00   -9.0   -9   -9.0   -9   -9.0   -9   -9.0   -9   -9.0   -9 -99.0 -99.0 -99.0 -99.0 -99.0
20260711 243  1.5  1327  20  3.8 1120  18  6.0 1437  29.6  35.3 1452  22.8  545  22.6  29.3  20.6  68.4  47.0 1437  27.4  -9.0  -9.0 -9.00 1009.8 1011.2 1012.5    1 1010.2 1802  1.0 12.4 14.4 -9.0 -9.00 -9.00   -9   -9.0   -9.0 -9.00   -9.0   -9   -9.0   -9   -9.0   -9   -9.0   -9   -9.0   -9 -99.0 -99.0 -99.0 -99.0 -99.0
20260711 244  1.4  1238  25  4.2 1517  25  7.5 1443  27.3  33.4 1430  21.2  533  21.8  29.3  19.6  74.4  51.0 1440  26.1  -9.0  -9.0 -9.00  983.6 1011.3 1012.7    1 1009.9 1557  1.9 12.8 14.4 -9.0 -9.00 -9.00   -9   -9.0   -9.0 -9.00   -9.0   -9   -9.0   -9   -9.0   -9   -9.0   -9   -9.0   -9 -99.0 -99.0 -99.0 -99.0 -99.0
20260711 245  2.4  2086  18  5.8 1544  23  9.4 1550  30.0  35.7 1507  23.2  514  22.2  29.3  21.2  65.3  45.0 1459  26.8   9.9   6.9 -9.00 1003.1 1010.9 1012.3   25 1009.8 1737  1.8 13.1 14.4 -9.0 28.35  3.48 1200   -9.0   -9.0 -9.00   -9.0   -9   -9.0   -9   -9.0   -9   -9.0   -9   -9.0   -9 -99.0 -99.0 -99.0 -99.0 -99.0
20260711 247  2.7  2318  23  5.9 1358  23 10.3 1430  28.5  34.7 1339  22.2  515  22.7  31.8  21.4  73.0  52.0 1341  27.5  -9.0  -9.0 -9.00  996.2 1011.2 1012.7   12 1010.0 1634  1.1 13.0 14.4 -9.0 -9.00 -9.00   -9   -9.0   -9.0 -9.00   -9.0   -9   -9.0   -9   -9.0   -9   -9.0   -9   -9.0   -9 -99.0 -99.0 -99.0 -99.0 -99.0
20260711 248  1.2  1054  23  3.2 1047  23  5.6 1648  25.8  33.0 1512  19.0  529  21.2  28.4  17.4  78.8  55.0 1449  25.2  -9.0  -9.0 -9.00  966.5 1011.9 1013.6    1 1010.0 1635  1.8 12.2 14.4 -9.0 -9.00 -9.00   -9   -9.0   -9.0 -9.00   -9.0   -9   -9.0   -9   -9.0   -9   -9.0   -9   -9.0   -9 -99.0 -99.0 -99.0 -99.0 -99.0
20260711 251  2.8  2413  18  6.2 1410  14 10.2 1538  29.4  34.0 1446  23.3  155  23.6  29.4  21.8  72.6  54.0 1601  29.2   8.8   6.2 -9.00 1005.0 1010.6 1012.3   13 1009.5 1736  0.0 13.4 14.4 -9.0 27.72  3.34 1200   -9.0   -9.0 -9.00   -9.0   -9   -9.0   -9   -9.0   -9   -9.0   -9   -9.0   -9 -99.0 -99.0 -99.0 -99.0 -99.0
20260711 252  2.2  1890  14  4.9 1034  14  8.8 1746  29.2  34.7 1411  23.6  524  23.2  28.7  21.2  71.8  51.0 1450  28.4   8.8   6.1 -9.00 1006.4 1010.6 1012.1   11 1009.6 1733  0.5 13.1 14.4 -9.0 29.35  3.55 1200   -9.0   -9.0 -9.00   -9.0   -9   -9.0   -9   -9.0   -9   -9.0   -9   -9.0   -9 -99.0 -99.0 -99.0 -99.0 -99.0
20260711 253  1.1   982  25  3.2 1747  25  5.9 1743  29.7  35.6 1429  23.5  451  23.7  34.0  21.5  72.1  50.0 1430  29.3   7.8   5.4 -9.00 1006.6 1012.7 1013.8  115 1011.6 1653  0.0 12.5 14.4 -9.0 28.03  3.49 1200   -9.0   -9.0 -9.00   -9.0   -9   -9.0   -9   -9.0   -9   -9.0   -9   -9.0   -9 -99.0 -99.0 -99.0 -99.0 -99.0
20260711 254  1.9  1643  14  5.0 1328  14  8.7 1320  28.1  34.2 1353  21.7  601  21.7  32.8  20.8  71.0  45.0 1430  26.0   9.0   6.3 -9.00  997.1 1011.7 1013.3    1 1010.4 1624  1.0 12.9 14.4 -9.0 29.56  3.63 1200   -9.0   -9.0 -9.00   -9.0   -9   -9.0   -9   -9.0   -9   -9.0   -9   -9.0   -9 -99.0 -99.0 -99.0 -99.0 -99.0
20260711 255  0.9   764  23  2.5 1149  23  5.9 1155  30.1  35.5 1407  24.4  524  22.9  31.6  21.9  67.8  47.0 1359  27.9   7.4   5.2 -9.00 1005.9 1011.6 1012.7   25 1010.3 1639  0.5 13.2 14.4 -9.0 26.37  3.26 1200   -9.0   -9.0 -9.00   -9.0   -9   -9.0   -9   -9.0   -9   -9.0   -9   -9.0   -9 -99.0 -99.0 -99.0 -99.0 -99.0
20260711 257  1.7  1434  20  4.6 1448  20  8.2 1443  30.2  36.8 1340  23.5  519  24.0  36.4  21.0  72.5  45.0 1323  29.8   8.5   6.0 -9.00 1011.1 1011.8 1013.0  105 1010.5 1635  0.0 10.6 14.4 -9.0 27.49  3.45 1200   -9.0   -9.0 -9.00   -9.0   -9   -9.0   -9   -9.0   -9   -9.0   -9   -9.0   -9 -99.0 -99.0 -99.0 -99.0 -99.0
20260711 258  1.7  1471  16  4.6 1253  16  6.2 1306  28.1  33.3 1413  22.4  418  23.8  29.9  21.2  79.6  57.0 1523  29.5   7.5   5.2 -9.00 1011.9 1012.1 1013.3    7 1011.1 1800  0.0 13.5 14.4 -9.0 28.43  3.35 1200   -9.0   -9.0 -9.00   -9.0   -9   -9.0   -9   -9.0   -9   -9.0   -9   -9.0   -9 -99.0 -99.0 -99.0 -99.0 -99.0
20260711 259  2.2  1858  14  4.8 1405  16  9.7 1226  29.2  33.5 1310  23.6  141  23.8  29.4  21.4  74.0  57.0 1227  29.4   8.1   5.7 -9.00 1009.2 1011.0 1012.4    1 1010.1 1803  0.5 12.3 14.3 -9.0 28.87  3.43 1300   -9.0   -9.0 -9.00   -9.0   -9   -9.0   -9   -9.0   -9   -9.0   -9   -9.0   -9 -99.0 -99.0 -99.0 -99.0 -99.0
20260711 260  2.4  2058  16  5.4 1258  14  8.1 1151  28.1  31.6 1304  22.5  456  23.5  31.6  21.9  77.3  63.0 1513  29.0  -9.0  -9.0 -9.00 1006.2 1011.2 1012.6   11 1010.2 1807  0.6 13.1 14.3 -9.0 -9.00 -9.00   -9   -9.0   -9.0 -9.00   -9.0   -9   -9.0   -9   -9.0   -9   -9.0   -9   -9.0   -9 -99.0 -99.0 -99.0 -99.0 -99.0
20260711 261  4.3  3755  11  8.8 1404  11 12.1 1323  28.5  31.8 1217  24.3  436  23.8  32.0  22.8  76.4  64.0 1254  29.4  -9.0  -9.0 -9.00 1009.3 1011.1 1012.5   16 1010.0 1800  0.0 13.1 14.3 -9.0 -9.00 -9.00   -9   -9.0   -9.0 -9.00   -9.0   -9   -9.0   -9   -9.0   -9   -9.0   -9   -9.0   -9 -99.0 -99.0 -99.0 -99.0 -99.0
20260711 262  1.3  1160  16  3.3 1428  20  8.7 1526  27.7  32.9 1348  22.1  349  22.8  28.7  23.2  77.1  55.0 1359  27.8   6.7   4.7 -9.00 1005.7 1011.6 1012.8    1 1010.7 1658  0.0 12.5 14.3 -9.0 26.32  3.09 1200   -9.0   -9.0 -9.00   -9.0   -9   -9.0   -9   -9.0   -9   -9.0   -9   -9.0   -9 -99.0 -99.0 -99.0 -99.0 -99.0
20260711 263  1.4  1240  20  4.7 1340  14  7.9 1509  28.4  35.1 1418  22.0  521  23.5  33.1  19.8  77.8  48.0 1350  29.0   8.0   5.6 -9.00 1010.4 1012.0 1013.1   27 1010.8 1648  1.3 11.1 14.4 -9.0 28.13  3.59 1200   -9.0   -9.0 -9.00   -9.0   -9   -9.0   -9   -9.0   -9   -9.0   -9   -9.0   -9 -99.0 -99.0 -99.0 -99.0 -99.0
20260711 264  1.3  1094   9  4.1 1328   9  8.1 1328  27.7  35.2 1458  22.1  149  23.4  30.3  21.4  80.1  51.0 1508  28.9   7.8   5.4 -9.00  994.7 1011.8 1013.5   31 1009.9 1600  1.6 10.5 14.4 -9.0 27.24  3.48 1200   -9.0   -9.0 -9.00   -9.0   -9   -9.0   -9   -9.0   -9   -9.0   -9   -9.0   -9 -99.0 -99.0 -99.0 -99.0 -99.0
20260711 266  1.1   936   7  2.7 1118  11  5.1 1128  28.9  33.8 1541  23.3  501  23.2  33.8  21.3  73.8  52.0 1258  28.5   7.5   5.2 -9.00 1002.4 1012.3 1013.3    1 1011.4 1734  0.5 12.2 14.4 -9.0 28.38  3.53 1200   -9.0   -9.0 -9.00   -9.0   -9   -9.0   -9   -9.0   -9   -9.0   -9   -9.0   -9 -99.0 -99.0 -99.0 -99.0 -99.0
20260711 268  3.4  2938  11  5.7 1257   9 12.6 1039  28.7  31.5 1222  24.2  521  22.6  30.8  23.1  70.1  59.0 1152  27.3  -9.0  -9.0 -9.00 1008.2 1009.3 1010.9    1 1008.4 1749  0.0 13.2 14.3 -9.0 -9.00 -9.00   -9   -9.0   -9.0 -9.00   -9.0   -9   -9.0   -9   -9.0   -9   -9.0   -9   -9.0   -9 -99.0 -99.0 -99.0 -99.0 -99.0
20260711 271  1.1   940  20  2.7 1420  20  6.4 1106  26.2  31.9 1610  22.3  524  22.4  29.1  21.1  81.3  55.0 1716  27.1  -9.0  -9.0 -9.00  975.7 1012.0 1013.5 2348 1010.5 1707  6.6 10.0 14.5 -9.0 -9.00 -9.00   -9   -9.0   -9.0 -9.00   -9.0   -9   -9.0   -9   -9.0   -9   -9.0   -9   -9.0   -9 -99.0 -99.0 -99.0 -99.0 -99.0
20260711 272  1.1   943  29  2.6 1945  16  4.3 1414  26.2  31.7 1606  21.6  454  23.7  30.4  20.5  87.9  64.0 1612  29.4  -9.0  -9.0 -9.00  988.0 1011.8 1013.1  827 1010.3 1730  5.5  7.8 14.5 -9.0 -9.00 -9.00   -9   -9.0   -9.0 -9.00   -9.0   -9   -9.0   -9   -9.0   -9   -9.0   -9   -9.0   -9 -99.0 -99.0 -99.0 -99.0 -99.0
20260711 273  1.0   825  14  2.4 1229  11  4.1 1154  27.0  32.8 1526  22.9  202  24.6  29.5  20.5  88.5  62.0 1539  30.9  -9.0  -9.0 -9.00  991.7 1011.1 1012.3  758 1009.6 1711  3.9  8.7 14.5 -9.0 -9.00 -9.00   -9   -9.0   -9.0 -9.00   -9.0   -9   -9.0   -9   -9.0   -9   -9.0   -9   -9.0   -9 -99.0 -99.0 -99.0 -99.0 -99.0
20260711 276  1.2  1035  34  3.5 1220  34  6.2 1342  28.1  34.9 1630  21.3  510  23.7  30.6  19.5  80.3  50.0 1536  29.4   7.1   5.0 -9.00  987.6 1010.9 1012.3  103 1009.0 1656  4.4 11.1 14.5 -9.0 25.70  3.38 1100   -9.0   -9.0 -9.00   -9.0   -9   -9.0   -9   -9.0   -9   -9.0   -9   -9.0   -9 -99.0 -99.0 -99.0 -99.0 -99.0
20260711 277  1.9  1620  16  4.4 1214  16  8.4 1243  27.3  32.3 1020  22.9  605  22.5  33.1  22.5  76.4  52.0 1046  27.3  -9.0  -9.0 -9.00 1006.6 1011.2 1012.1  946 1010.2 1726  5.0 11.7 14.5 -9.0 -9.00 -9.00   -9   -9.0   -9.0 -9.00   -9.0   -9   -9.0   -9   -9.0   -9   -9.0   -9   -9.0   -9 -99.0 -99.0 -99.0 -99.0 -99.0
20260711 278  0.8   716  29  2.5 1221  27  4.7 1220  28.5  35.4 1623  22.5  522  23.3  32.7  20.8  76.8  48.0 1617  28.6  -9.0  -9.0 -9.00 1001.3 1010.5 1011.7   23 1008.8 1659  5.6 11.9 14.5 -9.0 -9.00 -9.00   -9   -9.0   -9.0 -9.00   -9.0   -9   -9.0   -9   -9.0   -9   -9.0   -9   -9.0   -9 -99.0 -99.0 -99.0 -99.0 -99.0
20260711 279  1.1   993  25  2.9 1714  25  5.8 1710  29.6  36.4 1533  23.1  520  22.3  33.5  22.0  67.4  43.0 1633  26.9   7.7   5.4 -9.00 1005.6 1011.1 1012.3    1 1009.3 1703  3.5 11.2 14.5 -9.0 26.54  3.39 1200   -9.0   -9.0 -9.00   -9.0   -9   -9.0   -9   -9.0   -9   -9.0   -9   -9.0   -9 -99.0 -99.0 -99.0 -99.0 -99.0
20260711 281  1.3  1154  27  3.6 1233  27  6.6 1228  29.4  36.3 1413  21.9  529  21.6  33.0  19.8  67.0  41.0 1548  25.8  -9.0  -9.0 -9.00 1001.0 1011.8 1013.2  748 1010.1 1601  1.8 11.6 14.5 -9.0 -9.00 -9.00   -9   -9.0   -9.0 -9.00   -9.0   -9   -9.0   -9   -9.0   -9   -9.0   -9   -9.0   -9 -99.0 -99.0 -99.0 -99.0 -99.0
20260711 283  2.2  1904  18  4.7 1654  20  7.6 1709  29.2  37.4 1413  21.9  536  22.8  32.3  19.5  70.9  42.0 1414  27.8   8.2   5.7 -9.00 1007.1 1011.7 1012.9   21 1009.8 1643  2.6 11.2 14.4 -9.0 25.97  3.16 1000   -9.0   -9.0 -9.00   -9.0   -9   -9.0   -9   -9.0   -9   -9.0   -9   -9.0   -9 -99.0 -99.0 -99.0 -99.0 -99.0
20260711 284  1.4  1241  14  3.8 1433  16  6.8 1443  27.6  34.5 1450  22.2  145  22.9  31.9  19.9  77.4  55.0 1533  27.9   8.0   5.6 -9.00  985.1 1010.7 1012.4   31 1008.7 1637  2.1 10.6 14.4 -9.0 27.90  3.70 1200   -9.0   -9.0 -9.00   -9.0   -9   -9.0   -9   -9.0   -9   -9.0   -9   -9.0   -9 -99.0 -99.0 -99.0 -99.0 -99.0
20260711 285  1.2  1024  18  3.3 1559  20  7.0 1527  28.4  35.4 1425  22.3  439  22.9  33.7  22.1  75.3  45.0 1502  28.0  -9.0  -9.0 -9.00 1009.0 1012.0 1013.1   30 1010.8 1635  1.1 10.8 14.4 -9.0 -9.00 -9.00   -9   -9.0   -9.0 -9.00   -9.0   -9   -9.0   -9   -9.0   -9   -9.0   -9   -9.0   -9 -99.0 -99.0 -99.0 -99.0 -99.0
20260711 288  1.4  1189  18  4.3 1515  16  7.0 1448  29.7  36.8 1403  23.1  527  22.6  33.5  19.5  68.9  40.0 1416  27.4   8.7   6.1 -9.00 1009.5 1010.4 1011.6   40 1008.9 1637  0.6 12.2 14.4 -9.0 28.72  3.48 1200   -9.0   -9.0 -9.00   -9.0   -9   -9.0   -9   -9.0   -9   -9.0   -9   -9.0   -9 -99.0 -99.0 -99.0 -99.0 -99.0
20260711 289  1.2  1041   7  4.0 1132   7  8.1 1130  27.5  34.7 1500  22.0  355  22.9  30.5  19.9  78.5  49.0 1606  27.9  -9.0  -9.0 -9.00  997.0 1012.6 1014.0   43 1011.3 1557  1.3  8.6 14.4 -9.0 -9.00 -9.00   -9   -9.0   -9.0 -9.00   -9.0   -9   -9.0   -9   -9.0   -9   -9.0   -9   -9.0   -9 -99.0 -99.0 -99.0 -99.0 -99.0
20260711 294  0.8   713  34  2.5 1354  27  5.5 1637  27.9  33.6 1410  22.4  500  22.4  33.3  20.1  74.0  50.0 1638  27.1  -9.0  -9.0 -9.00 1007.6 1012.7 1013.8  123 1011.7 1727  0.0 12.9 14.4 -9.0 -9.00 -9.00   -9   -9.0   -9.0 -9.00   -9.0   -9   -9.0   -9   -9.0   -9   -9.0   -9   -9.0   -9 -99.0 -99.0 -99.0 -99.0 -99.0
20260711 295  1.1   930  16  4.2 1447  18  7.0 1442  27.3  32.8 1311  22.8  216  22.4  31.0  20.7  76.3  53.0 1325  27.1  -9.0  -9.0 -9.00 1007.0 1012.2 1013.2   12 1011.2 1733  0.0 11.1 14.4 -9.0 -9.00 -9.00   -9   -9.0   -9.0 -9.00   -9.0   -9   -9.0   -9   -9.0   -9   -9.0   -9   -9.0   -9 -99.0 -99.0 -99.0 -99.0 -99.0
20260711 296  1.7  1464  18  4.4 1458  16  7.5 1428  29.6  35.2 1418  23.4  418  23.8  31.7  20.2  73.4  49.0 1309  29.5   8.4   5.9 -9.00 1010.9 1011.2 1012.3  105 1009.9 1700  0.4 12.0 14.4 -9.0 28.72  3.53 1200   -9.0   -9.0 -9.00   -9.0   -9   -9.0   -9   -9.0   -9   -9.0   -9   -9.0   -9 -99.0 -99.0 -99.0 -99.0 -99.0
20260712  90  1.5  1336  14  5.0 1323  16  7.9 1717  28.6  32.7 1440  24.8  246  22.9  30.8  23.4  72.4  53.0 1716  27.9   6.6   4.6 -9.00 1007.3 1009.3 1010.3  834 1008.2 1714  4.4  7.8 14.6 -9.0 20.97  3.81 1200   -9.0   -9.0 -9.00   -9.0   -9   -9.0   -9   -9.0   -9   -9.0   -9   -9.0   -9 -99.0 -99.0 -99.0 -99.0 -99.0
20260712  93  1.1   977  23  3.6 1617  20  6.2 1208  28.6  34.5 1358  22.9  518  24.8  31.3  22.6  81.9  57.0 1359  31.3   6.6   4.6 -9.00  999.9 1010.7 1012.3  734 1008.9 1724  4.1  9.6 14.6 -9.0 23.74  3.63 1300   -9.0   -9.0 -9.00   -9.0   -9   -9.0   -9   -9.0   -9   -9.0   -9   -9.0   -9  26.3  24.3  22.2  17.7  15.0
20260712  95  1.1   993  25  2.9 1306  25  6.1 1106  28.2  34.0 1456  22.3  459  23.9  30.1  22.5  79.9  53.0 1446  29.7   6.7   4.7 -9.00  993.3 1010.8 1012.4    1 1009.3 1538  4.5 10.3 14.6 -9.0 25.90  3.24 1200   -9.0   -9.0 -9.00   -9.0   -9   -9.0   -9   -9.0   -9   -9.0   -9   -9.0   -9 -99.0 -99.0 -99.0 -99.0 -99.0
20260712  98  0.8   716  23  3.7 1204  23  8.0 1116  28.6  34.5 1504  22.7  436  22.3  31.7  21.2  70.8  46.0 1517  27.0   6.1   4.3 -9.00  997.2 1010.2 1011.6  652 1008.8 1513  3.4  9.1 14.6 -9.0 23.46  2.68 1400   -9.0   -9.0 -9.00   -9.0   -9   -9.0   -9   -9.0   -9   -9.0   -9   -9.0   -9 -99.0 -99.0 -99.0 -99.0 -99.0
20260712  99  1.0   858  29  4.1 1244  29  7.8 1212  28.1  33.8 1445  22.6  450  23.9  29.7  23.3  80.1  57.0 1446  29.7   6.9   4.8 -9.00 1007.4 1010.8 1012.1  717 1009.5 1733  2.3 11.9 14.6 -9.0 26.97  3.46 1300   -9.0   -9.0 -9.00   -9.0   -9   -9.0   -9   -9.0   -9   -9.0   -9   -9.0   -9 -99.0 -99.0 -99.0 -99.0 -99.0
20260712 100  2.8  2401  29  5.2  848  29  9.4 1434  25.4  31.0 1327  21.2  528  21.4  27.4  19.3  79.8  60.0 1328  25.5   6.7   4.7 -9.00  926.0 1010.1 1011.6    1 1007.6 1516  5.0 12.1 14.6 -9.0 25.18  3.25 1300   -9.0   -9.0 -9.00   -9.0   -9   -9.0   -9   -9.0   -9   -9.0   -9   -9.0   -9 -99.0 -99.0 -99.0 -99.0 -99.0
20260712 101  1.3  1136  25  3.6 1229  25  5.7 1423  28.7  34.5 1352  23.3  459  23.6  31.7  22.3  76.3  52.0 1417  29.2   6.5   4.6 -9.00 1001.1 1009.6 1011.4  708 1007.8 1717  3.3  8.3 14.6 -9.0 23.63  3.38 1100   -9.0   -9.0 -9.00   -9.0   -9   -9.0   -9   -9.0   -9   -9.0   -9   -9.0   -9  25.9  23.0  20.9  16.9  15.1
20260712 102  4.4  3768  14  7.3  910  14 13.0 1255  26.0  29.3 1532  22.3  108  21.8  27.7  21.2  78.9  63.0 1125  26.1   7.6   5.3 -9.00 1004.7 1008.8 1010.1   29 1008.2 1744  0.5 13.4 14.6 -9.0 29.80  3.50 1200   -9.0   -9.0 -9.00   -9.0   -9   -9.0   -9   -9.0   -9   -9.0   -9   -9.0   -9 -99.0 -99.0 -99.0 -99.0 -99.0
20260712 104  1.5  1323  18  3.0   37   7  5.4 1319  30.0  34.6 1254  25.2  216  24.8  32.1  22.9  74.4  54.0 1047  31.3   6.7   4.7 -9.00 1000.0 1008.4 1009.3  729 1007.0 1509  4.5 10.5 14.6 -9.0 23.68  3.53 1200   -9.0   -9.0 -9.00   -9.0   -9   -9.0   -9   -9.0   -9   -9.0   -9   -9.0   -9  25.3  22.3  20.2  16.0  13.9
20260712 105  2.1  1803  23  4.0  617  34  7.3 1633  31.2  36.2 1426  26.1  402  22.6  36.7  23.6  61.1  45.0 1437  27.4   7.6   5.3 -9.00 1006.3 1009.3 1010.3  729 1007.6 1544  4.3 10.7 14.6 -9.0 22.83  2.72 1200   -9.0   -9.0 -9.00   -9.0   -9   -9.0   -9   -9.0   -9   -9.0   -9   -9.0   -9  26.3  23.2  21.8  17.3  15.4
20260712 106  1.4  1176  23  2.9   59  25  4.2  337  29.3  34.9 1508  25.1  451  23.3  33.1  22.7  71.5  52.0 1505  28.7   6.7   4.7 -9.00 1005.3 1009.8 1011.2 1004 1008.3 1626  4.9 10.8 14.6 -9.0 23.59  2.65  900   -9.0   -9.0 -9.00   -9.0   -9   -9.0   -9   -9.0   -9   -9.0   -9   -9.0   -9 -99.0 -99.0 -99.0 -99.0 -99.0
20260712 108  1.8  1580  20  4.1 1417  23  8.0 1113  30.3  35.0 1602  25.2  517  23.1  29.6  22.1  66.6  50.0 1422  28.2   7.5   5.3 -9.00 1000.7 1010.2 1011.7  639 1008.7 1729  2.8 10.0 14.6 -9.0 24.45  3.32 1300   -9.0   -9.0 -9.00   -9.0   -9   -9.0   -9   -9.0   -9   -9.0   -9   -9.0   -9  26.1  23.5  22.5  17.8  14.5
20260712 112  2.1  1845  18  5.2 1030  16  8.5 1143  30.7  34.6 1501  26.3  517  24.3  32.7  22.4  70.3  56.0 1750  30.4   8.6   6.0 -9.00 1002.3 1010.0 1011.1  741 1009.0 1709  1.1 13.0 14.6 -9.0 28.65  3.42 1300   -9.0   -9.0 -9.00   -9.0   -9   -9.0   -9   -9.0   -9   -9.0   -9   -9.0   -9  25.1  23.2  16.8  20.7  14.2
20260712 114  1.4  1216  20  4.1 1254  20  7.8 1226  30.1  35.6 1502  24.0  511  23.6  34.4  22.3  70.8  46.0 1141  29.1   7.4   5.2 -9.00  993.5 1010.2 1011.9  636 1008.6 1456  3.3 11.3 14.6 -9.0 25.39  3.40 1100   -9.0   -9.0 -9.00   -9.0   -9   -9.0   -9   -9.0   -9   -9.0   -9   -9.0   -9 -99.0 -99.0 -99.0 -99.0 -99.0
20260712 115  7.2  6188  25  9.4 1734  25 16.2 1759  29.6  32.1 1129  27.2  147  23.5  32.2  25.2  70.4  61.0 1136  29.0   8.8   6.2 -9.00  985.5 1010.1 1011.2  947 1009.0 1729  6.8  9.4 14.6 -9.0 21.70  2.88 1400   -9.0   -9.0 -9.00   -9.0   -9   -9.0   -9   -9.0   -9   -9.0   -9   -9.0   -9  22.6  19.7  18.4  13.9  13.5
20260712 119  1.8  1517  18  5.3 1130  16  8.2 1115  29.6  34.5 1541  24.4  506  23.3  31.1  22.6  70.5  51.0 1539  28.5   8.1   5.6 -9.00 1005.5 1009.9 1011.2  635 1008.5 1718  2.1 11.1 14.6 -9.0 26.16  3.35 1300   -9.0   -9.0 -9.00   -9.0   -9   -9.0   -9   -9.0   -9   -9.0   -9   -9.0   -9  25.8  23.1  21.2  16.7  14.1
20260712 121  1.1   932  20  3.4 1339  18  6.2 1331  28.4  35.4 1504  23.1  330  24.1  32.9  19.9  80.1  49.0 1455  30.0   6.9   4.9 -9.00  984.2 1011.1 1013.2  727 1008.7 1729  4.4  9.0 14.5 -9.0 23.64  2.99 1400    0.0   -9.0 -9.00    0.0   -9    0.0   -9   -9.0   -9   -9.0   -9   -9.0   -9 -99.0 -99.0 -99.0 -99.0 -99.0
20260712 127  1.1   925  11  3.2 1654  20  6.0 1409  29.6  35.7 1610  24.3  519  24.3  31.7  23.7  75.1  51.0 1612  30.4   7.9   5.5 -9.00  996.8 1009.7 1011.3  745 1008.0 1632  3.3  9.7 14.5 -9.0 27.43  3.57 1300   -9.0   -9.0 -9.00   -9.0   -9   -9.0   -9   -9.0   -9   -9.0   -9   -9.0   -9 -99.0 -99.0 -99.0 -99.0 -99.0
20260712 129  2.0  1728  20  5.6 1729  20  8.5 1645  29.6  34.4 1636  24.1  536  23.9  30.8  21.9  73.9  52.0 1245  29.7   8.8   6.1 -9.00 1007.3 1010.2 1011.7    1 1009.0 1647  0.5 13.6 14.5 -9.0 29.31  3.54 1200   -9.0   -9.0 -9.00   -9.0   -9   -9.0   -9   -9.0   -9   -9.0   -9   -9.0   -9  25.7  23.2  21.3  16.8  15.1
20260712 130  1.7  1458  18  4.3 1400  16  7.6 1353  28.9  34.7 1659  25.4  356  22.8  32.8  22.0  70.3  54.0 1645  27.8  -9.0  -9.0 -9.00 1004.9 1010.4 1011.7    1 1008.9 1649  5.1 12.1 14.5 -9.0 -9.00 -9.00   -9   -9.0   -9.0 -9.00   -9.0   -9   -9.0   -9   -9.0   -9   -9.0   -9   -9.0   -9 -99.0 -99.0 -99.0 -99.0 -99.0
20260712 131  1.3  1151  27  3.3 1310  23  6.2 1753  31.3  35.7 1436  26.5  529  22.7  32.1  26.2  61.8  46.0 1740  27.6   8.3   5.8 -9.00 1003.4 1009.9 1011.2    1 1008.5 1643  2.0 11.1 14.5 -9.0 26.59  3.74 1200   -9.0   -9.0 -9.00   -9.0   -9   -9.0   -9   -9.0   -9   -9.0   -9   -9.0   -9 -99.0 -99.0 -99.0 -99.0 -99.0
20260712 133  1.7  1440  18  4.0 1248  27  7.5 1521  30.4  35.3 1447  24.6  516  23.2  31.4  23.8  67.5  48.0 1547  28.4   7.7   5.4 -9.00 1003.0 1010.6 1012.0    1 1009.1 1652  1.6 11.6 14.5 -9.0 24.88  3.03 1100   -9.0   -9.0 -9.00   -9.0   -9   -9.0   -9   -9.0   -9   -9.0   -9   -9.0   -9  27.4  25.3  24.2  20.4  17.0
20260712 135  2.1  1814  18  5.4 1523  18  8.4 1237  27.9  33.2 1441  21.2  411  22.6  30.9  22.7  74.4  55.0 1445  27.4   7.3   5.1 -9.00  983.2 1010.6 1012.2   13 1008.6 1737  2.0  9.5 14.5 -9.0 24.65  3.41 1100   -9.0   -9.0 -9.00   -9.0   -9   -9.0   -9   -9.0   -9   -9.0   -9   -9.0   -9 -99.0 -99.0 -99.0 -99.0 -99.0
20260712 136  1.4  1235  23  4.0 1205  27  8.1 1116  29.7  35.0 1601  23.2  523  22.9  33.9  22.6  69.0  51.0 1517  27.9   7.3   5.1 -9.00  996.0 1011.8 1013.4  808 1010.0 1724  4.1 10.1 14.5 -9.0 24.32  2.83 1000   -9.0   -9.0 -9.00   -9.0   -9   -9.0   -9   -9.0   -9   -9.0   -9   -9.0   -9 -99.0 -99.0 -99.0 -99.0 -99.0
20260712 137  0.8   692  20  2.3 1815  20  5.3 1220  29.2  34.8 1558  24.1  433  24.6  33.9  23.1  78.0  56.0 1601  31.0   7.5   5.2 -9.00  999.2 1010.0 1011.8  751 1008.2 1703  4.1  9.5 14.5 -9.0 26.83  3.46 1300   -9.0   -9.0 -9.00   -9.0   -9   -9.0   -9   -9.0   -9   -9.0   -9   -9.0   -9 -99.0 -99.0 -99.0 -99.0 -99.0
20260712 138  3.1  2656  20  5.6 1628  23  9.3 1710  31.4  36.3 1606  27.2  444  21.5  35.0  24.5  57.3  39.0 1459  25.7  10.0   7.0 -9.00 1010.1 1010.5 1011.6  826 1008.7 1626  4.3 11.6 14.4 -9.0 27.07  3.22 1300   -9.0   -9.0 -9.00   -9.0   -9   -9.0   -9   -9.0   -9   -9.0   -9   -9.0   -9  24.8  21.3  19.9  17.2  16.1
20260712 140  2.8  2388  14  5.5 1212  14  9.5 1113  30.1  34.2 1437  25.5  409  24.0  31.6  22.6  71.0  58.0 1349  29.9  -9.0  -9.0 -9.00 1007.9 1011.0 1012.4    1 1010.0 1555  0.5 11.7 14.4 -9.0 -9.00 -9.00   -9   -9.0   -9.0 -9.00   -9.0   -9   -9.0   -9   -9.0   -9   -9.0   -9   -9.0   -9 -99.0 -99.0 -99.0 -99.0 -99.0
20260712 143  1.5  1275  25  3.2 1031  20  5.6 1108  30.4  35.8 1330  25.3  438  21.4  37.5  22.1  59.8  43.0 1325  25.5   6.9   4.8 -9.00 1004.7 1010.8 1011.8  642 1009.3 1733  3.8  7.4 14.4 -9.0 20.83  3.18 1300   -9.0   -9.0 -9.00   -9.0   -9   -9.0   -9   -9.0   -9   -9.0   -9   -9.0   -9 -99.0 -99.0 -99.0 -99.0 -99.0
20260712 146  2.7  2315  18  5.3 1533  20 10.4 1525  30.2  34.5 1453  25.6  443  22.8  30.4  22.7  65.6  49.0 1455  27.8   8.3   5.8 -9.00 1003.6 1010.4 1011.5    1 1009.3 1632  1.6 10.8 14.4 -9.0 25.72  3.30 1000   -9.0   -9.0 -9.00   -9.0   -9   -9.0   -9   -9.0   -9   -9.0   -9   -9.0   -9 -99.0 -99.0 -99.0 -99.0 -99.0
20260712 152  3.2  2807  23  7.4 1118  20 11.7 1229  29.0  33.7 1406  23.6  459  22.4  32.6  22.1  68.9  50.0 1408  27.1   9.3   6.5 -9.00 1002.0 1011.2 1012.2 2143 1009.9 1523  4.0 11.8 14.4 -9.0 28.33  3.65 1200   -9.0   -9.0 -9.00   -9.0   -9   -9.0   -9   -9.0   -9   -9.0   -9   -9.0   -9 -99.0 -99.0 -99.0 -99.0 -99.0
20260712 155  2.5  2168  18  6.1 1423  20 12.5 1421  29.0  33.6 1152  24.9  447  24.5  32.6  22.9  77.8  60.0 1152  30.7   7.2   5.0 -9.00 1008.3 1012.2 1013.0 1022 1011.4  220  5.0 10.2 14.4 -9.0 25.68  3.17 1200    0.0   -9.0  0.33    0.0   -9    0.0   -9   -9.0   -9   -9.0   -9   -9.0   -9 -99.0 -99.0 -99.0 -99.0 -99.0
20260712 156  3.3  2881  16  7.0 1431  16 12.9 1356  29.4  32.9 1543  27.7  423  24.3  32.1  24.3  74.4  64.0 1545  30.4   6.8   4.7 -9.00 1002.7 1010.6 1011.5 1018 1009.8  321  3.0  6.3 14.4 -9.0 19.96  3.01 1300   -9.0   -9.0 -9.00   -9.0   -9   -9.0   -9   -9.0   -9   -9.0   -9   -9.0   -9 -99.0 -99.0 -99.0 -99.0 -99.0
20260712 159  5.0  4318  27  8.6 1827  27 13.9 1405  29.2  32.5 1444  26.5  524  23.3  33.3  21.8  71.3  61.0 1051  28.8   9.2   6.5 -9.00 1004.0 1011.8 1012.7 1040 1010.8  152  4.1 10.8 14.4 -9.0 28.41  3.62 1200   -9.0   -9.0 -9.00   -9.0   -9   -9.0   -9   -9.0   -9   -9.0   -9   -9.0   -9  26.2  23.2  22.0  17.7  17.4
20260712 162  2.7  2333  18  5.1 1034  20  7.8 1441  27.8  31.5 1257  24.1  357  23.7  30.3  22.1  79.5  64.0 1312  29.3   6.9   4.9 -9.00 1008.2 1011.7 1012.3 2121 1010.7  228  3.0  8.6 14.3 -9.0 25.28  3.48 1200   -9.0   -9.0 -9.00   -9.0   -9   -9.0   -9   -9.0   -9   -9.0   -9   -9.0   -9 -99.0 -99.0 -99.0 -99.0 -99.0
20260712 165  5.5  4779  14  8.0  831  14 13.9 1229  29.1  31.4 1258  27.5 2232  24.7  30.5  25.9  78.0  70.0    4  31.2   7.7   5.4 -9.00 1005.0 1010.0 1011.0 2330 1009.3  509  3.3  8.8 14.3 -9.0 27.36  3.51 1200   -9.0   -9.0 -9.00   -9.0   -9   -9.0   -9   -9.0   -9   -9.0   -9   -9.0   -9  26.7  23.0  21.7  18.6  16.4
20260712 168  2.1  1838  14  4.1 1116  14  7.4 1112  27.8  29.6 1039  26.4  428  24.4  30.5  24.6  82.1  75.0  857  30.6   4.0   2.8 -9.00 1004.9 1012.3 1013.2 1011 1011.4  151  5.5  1.6 14.3 -9.0 14.02  2.42 1000    0.0    0.0  0.42    0.0   -9    0.0   -9   -9.0   -9   -9.0   -9   -9.0   -9  27.3  23.7  21.6  18.4  17.0
20260712 169 13.0 11190  14 17.4  541  16 24.5  507  24.9  27.2 1416  22.8  224  23.0  29.6  22.7  89.9  80.0 1433  28.1   6.8   4.8 -9.00  999.9 1008.5 1010.0    3 1007.1 1850  1.8 11.8 14.3 -9.0 27.45  3.59 1200   -9.0   -9.0 -9.00   -9.0   -9   -9.0   -9   -9.0   -9   -9.0   -9   -9.0   -9 -99.0 -99.0 -99.0 -99.0 -99.0
20260712 170  5.5  4784  14  8.0 1218  16 13.5 1127  27.6  29.9 1212  25.5  225  24.9  27.6  24.6  85.3  79.0 1214  31.4   3.7   2.6 -9.00 1006.8 1010.8 1011.5 1042 1010.1 1835  4.1  1.5 14.3 -9.0  8.92  1.41 1200    0.0   -9.0 -9.00    0.0   -9    0.0   -9   -9.0   -9   -9.0   -9   -9.0   -9 -99.0 -99.0 -99.0 -99.0 -99.0
20260712 172  4.3  3724  14  7.3 1529  11 14.3 1106  29.9  33.0 1447  27.8 2357  23.3  29.4  24.4  68.3  56.0 1454  28.6   9.2   6.5 -9.00 1003.7 1009.6 1010.4 1009 1008.8 1520  0.8 12.2 14.4 -9.0 29.17  3.53 1100   -9.0   -9.0 -9.00   -9.0   -9   -9.0   -9   -9.0   -9   -9.0   -9   -9.0   -9 -99.0 -99.0 -99.0 -99.0 -99.0
20260712 174  2.5  2134  14  5.2 1359  14  9.6 1502  26.1  29.1 1155  21.5  258  22.7  26.9  22.0  82.1  71.0 1203  27.7  -9.0  -9.0 -9.00  991.8 1010.4 1011.2 1004 1009.7 1622  6.1  1.2 14.3 -9.0 -9.00 -9.00   -9    0.0   -9.0 -9.00    0.0   -9    0.0   -9   -9.0   -9   -9.0   -9   -9.0   -9 -99.0 -99.0 -99.0 -99.0 -99.0
20260712 177  1.8  1579  11  4.5 1010   9  8.2 1018  29.8  35.3 1506  24.0  505  24.1  31.4  23.1  73.1  53.0 1408  30.0   8.4   5.9 -9.00 1005.7 1008.9 1010.6   11 1007.6 1657  0.6 11.8 14.5 -9.0 27.15  3.34 1300   -9.0   -9.0 -9.00   -9.0   -9   -9.0   -9   -9.0   -9   -9.0   -9   -9.0   -9 -99.0 -99.0 -99.0 -99.0 -99.0
20260712 181  1.5  1333  25  4.1 1723  18  6.9 1510  28.9  34.8 1539  23.3  542  23.5  31.1  22.5  74.5  51.0 1601  29.0   7.7   5.4 -9.00 1006.8 1010.6 1011.9  732 1009.2 1640  1.8 11.7 14.5 -9.0 26.61  3.29 1200   -9.0   -9.0 -9.00   -9.0   -9   -9.0   -9   -9.0   -9   -9.0   -9   -9.0   -9 -99.0 -99.0 -99.0 -99.0 -99.0
20260712 184  4.7  4071  16  9.4  747  16 19.5  753  31.7  35.4 1500  28.9  108  22.3  39.3  26.1  58.5  44.0 1402  27.0  10.9   7.6 -9.00 1005.7 1008.0 1009.7 2325 1006.7  656  6.4 12.1 14.2 -9.0 29.86  3.87 1100    0.0    0.0  5.02    0.0   -9    0.0   -9   -9.0   -9   -9.0   -9   -9.0   -9  28.2  25.7  24.3  21.3  18.0
20260712 185 10.6  9141  11 14.3  724  11 20.9 1102  27.9  30.4 1414  26.3 2131  25.1  30.6  25.9  85.1  76.0 1229  31.9   8.1   5.7 -9.00 1000.0 1008.1 1010.2 2335 1006.2  402  3.8  9.8 14.2 -9.0 26.66  3.58 1200   -9.0   -9.0 -9.00   -9.0   -9   -9.0   -9   -9.0   -9   -9.0   -9   -9.0   -9 -99.0 -99.0 -99.0 -99.0 -99.0
20260712 188  4.8  4159  16  8.0 1025  16 10.8 1005  27.4  29.3 1317  26.1 2347  25.5  31.0  25.8  89.6  82.0 1318  32.5  -9.0  -9.0 -9.00 1008.3 1010.6 1011.8 2325 1009.3  405  1.8  8.0 14.2 -9.0 -9.00 -9.00   -9   -9.0   -9.0 -9.00   -9.0   -9   -9.0   -9   -9.0   -9   -9.0   -9   -9.0   -9 -99.0 -99.0 -99.0 -99.0 -99.0
20260712 189  1.8  1590   7  3.9  245   7  8.3  857  28.4  31.3 1335  27.2  211  25.8  29.7  27.0  85.9  75.0 1336  33.1   3.8   2.6 -9.00 1005.1 1010.9 1012.0 2310 1009.5  358  8.5  1.9 14.2 -9.0 13.84  2.82 1200   -9.0   -9.0 -9.00   -9.0   -9   -9.0   -9   -9.0   -9   -9.0   -9   -9.0   -9 -99.0 -99.0 -99.0 -99.0 -99.0
20260712 192  0.9   788  18  3.0 1406  16  7.3 1025  27.4  31.3 1312  22.7  425  24.3  31.7  21.7  84.1  70.0 1314  30.4   5.2   3.6 -9.00 1008.9 1012.2 1013.0 1052 1011.3  234  5.8  7.6 14.4 -9.0 20.84  3.29 1300   -9.0    0.0 -9.00   -9.0   -9   -9.0   -9   -9.0   -9   -9.0   -9   -9.0   -9 -99.0 -99.0 -99.0 -99.0 -99.0
20260712 201  1.4  1173  16  3.2 1303  16  6.3 1249  27.8  33.0 1538  22.7  412  23.7  29.9  20.6  80.3  59.0 1347  29.4  -9.0  -9.0 -9.00 1005.6 1011.0 1012.1  717 1010.2 1625  1.1 11.0 14.6 -9.0 -9.00 -9.00   -9   -9.0   -9.0 -9.00   -9.0   -9   -9.0   -9   -9.0   -9   -9.0   -9   -9.0   -9 -99.0 -99.0 -99.0 -99.0 -99.0
20260712 202  1.0   898  23  3.0 1422  25  5.2 1459  28.7  33.4 1552  23.4  537  23.7  30.8  22.1  76.6  54.0 1500  29.3  -9.0  -9.0 -9.00 1005.5 1010.9 1012.3  704 1009.4 1749  2.5 11.2 14.6 -9.0 -9.00 -9.00   -9   -9.0   -9.0 -9.00   -9.0   -9   -9.0   -9   -9.0   -9   -9.0   -9   -9.0   -9 -99.0 -99.0 -99.0 -99.0 -99.0
20260712 203  1.0   894  18  3.4 1537  16  5.8 1332  29.7  35.0 1446  23.7  442  24.7  33.1  22.6  77.1  55.0 1447  31.2  -9.0  -9.0 -9.00 1002.0 1011.0 1012.5  658 1009.5 1717  2.8  9.2 14.6 -9.0 -9.00 -9.00   -9   -9.0   -9.0 -9.00   -9.0   -9   -9.0   -9   -9.0   -9   -9.0   -9   -9.0   -9 -99.0 -99.0 -99.0 -99.0 -99.0
20260712 211  1.1   956  18  4.1 1604  16  9.3 1602  27.3  33.4 1539  22.2  459  22.7  30.6  20.6  78.5  52.0 1616  27.6  -9.0  -9.0 -9.00  987.5 1010.2 1011.9  632 1008.2 1543  6.5  7.6 14.6 -9.0 -9.00 -9.00   -9   -9.0   -9.0 -9.00   -9.0   -9   -9.0   -9   -9.0   -9   -9.0   -9   -9.0   -9 -99.0 -99.0 -99.0 -99.0 -99.0
20260712 212  1.1   921  27  3.4 1441  27  7.9 1441  28.6  34.7 1502  23.1  457  23.1  30.0  23.0  75.0  48.0 1515  28.3  -9.0  -9.0 -9.00  995.1 1010.9 1012.8  754 1009.2 1721  3.8  8.3 14.6 -9.0 -9.00 -9.00   -9   -9.0   -9.0 -9.00   -9.0   -9   -9.0   -9   -9.0   -9   -9.0   -9   -9.0   -9 -99.0 -99.0 -99.0 -99.0 -99.0
20260712 216  1.7  1480  20  4.6 1327  25 10.1 1256  26.7  31.4 1118  21.4  516  20.7  28.4  20.3  71.5  49.0 1119  24.5   7.0   4.9 -9.00  932.7 1010.4 1012.3  555 1008.4 1722  4.5 11.3 14.6 -9.0 24.62  3.04 1100   -9.0   -9.0 -9.00   -9.0   -9   -9.0   -9   -9.0   -9   -9.0   -9   -9.0   -9 -99.0 -99.0 -99.0 -99.0 -99.0
20260712 217  1.3  1095  18  4.7 1444  18  7.7 1722  27.9  34.4 1644  21.8  443  23.1  33.3  22.6  77.1  53.0 1233  28.2  -9.0  -9.0 -9.00  976.2 1010.9 1013.2  657 1008.3 1709  4.4  7.9 14.6 -9.0 -9.00 -9.00   -9   -9.0   -9.0 -9.00   -9.0   -9   -9.0   -9   -9.0   -9   -9.0   -9   -9.0   -9 -99.0 -99.0 -99.0 -99.0 -99.0
20260712 221  1.0   825  25  3.2 1214  18  7.3 1331  27.3  32.4 1526  21.9  511  23.7  34.5  21.2  82.6  56.0 1156  29.3  -9.0  -9.0 -9.00  981.2 1010.8 1012.5  709 1009.0 1525  4.8  8.2 14.5 -9.0 -9.00 -9.00   -9    0.0   -9.0 -9.00    0.0   -9    0.0   -9   -9.0   -9   -9.0   -9   -9.0   -9 -99.0 -99.0 -99.0 -99.0 -99.0
20260712 226  1.0   883  18  3.6 1009  18  5.4 1005  28.2  33.1 1527  24.0  448  24.3  30.7  22.4  81.5  57.0 1401  30.5  -9.0  -9.0 -9.00  991.6 1010.8 1012.3    1 1009.2 1713  2.6 10.1 14.5 -9.0 -9.00 -9.00   -9   -9.0   -9.0 -9.00   -9.0   -9   -9.0   -9   -9.0   -9   -9.0   -9   -9.0   -9 -99.0 -99.0 -99.0 -99.0 -99.0
20260712 232  1.1   944  16  3.4 1211  11  7.8 1207  28.4  34.2 1508  22.6  509  24.2  31.9  21.9  80.3  56.0 1403  30.3  -9.0  -9.0 -9.00 1001.5 1011.1 1012.4    1 1009.8 1702  1.1 11.9 14.5 -9.0 -9.00 -9.00   -9   -9.0   -9.0 -9.00   -9.0   -9   -9.0   -9   -9.0   -9   -9.0   -9   -9.0   -9 -99.0 -99.0 -99.0 -99.0 -99.0
20260712 235  2.4  2075  16  5.5 1434  25 10.9 1049  30.9  35.5 1554  25.5  153  23.4  30.4  23.6  64.8  51.0 1558  28.8   8.7   6.1 -9.00 1008.3 1009.4 1011.2    2 1008.4 1552  0.0 11.7 14.5 -9.0 27.83  3.47 1200   -9.0   -9.0 -9.00   -9.0   -9   -9.0   -9   -9.0   -9   -9.0   -9   -9.0   -9 -99.0 -99.0 -99.0 -99.0 -99.0
20260712 236  1.7  1511  14  4.7 1250  14  8.0 1255  29.3  34.7 1453  23.1  541  23.6  31.2  22.6  73.6  53.0 1702  29.2  -9.0  -9.0 -9.00 1009.3 1010.8 1012.2    1 1009.7 1611  1.0 11.7 14.5 -9.0 -9.00 -9.00   -9   -9.0   -9.0 -9.00   -9.0   -9   -9.0   -9   -9.0   -9   -9.0   -9   -9.0   -9 -99.0 -99.0 -99.0 -99.0 -99.0
20260712 238  1.4  1210  18  3.3 1427  20  5.9 1346  29.0  35.1 1601  22.5  537  23.1  29.8  20.9  73.0  50.0 1537  28.3  -9.0  -9.0 -9.00  991.2 1010.2 1011.9   24 1008.7 1546  1.5 11.9 14.5 -9.0 -9.00 -9.00   -9   -9.0   -9.0 -9.00   -9.0   -9   -9.0   -9   -9.0   -9   -9.0   -9   -9.0   -9 -99.0 -99.0 -99.0 -99.0 -99.0
20260712 239  1.3  1114  16  3.6 1143  14  6.3 1212  29.2  34.3 1610  23.8  511  23.2  32.2  23.2  72.1  53.0 1718  28.5   7.6   5.3 -9.00  999.9 1009.9 1011.6   13 1008.4 1645  0.6 11.4 14.5 -9.0 27.24  3.25 1100   -9.0   -9.0 -9.00   -9.0   -9   -9.0   -9   -9.0   -9   -9.0   -9   -9.0   -9 -99.0 -99.0 -99.0 -99.0 -99.0
20260712 243  3.2  2745  16  6.2 1056  16 11.1 1049  30.0  34.2 1351  25.6  551  22.8  32.0  22.7  66.4  51.0 1513  27.7  -9.0  -9.0 -9.00 1009.1 1010.5 1011.5    1 1009.7 1536  0.1 12.8 14.4 -9.0 -9.00 -9.00   -9   -9.0   -9.0 -9.00   -9.0   -9   -9.0   -9   -9.0   -9   -9.0   -9   -9.0   -9 -99.0 -99.0 -99.0 -99.0 -99.0
20260712 244  2.2  1911  25  4.7 1614  27 10.2  825  27.8  32.1 1434  22.3  351  22.7  28.0  21.1  74.6  60.0 1645  27.5  -9.0  -9.0 -9.00  983.2 1010.8 1012.0    1 1009.7 1637  2.9  9.2 14.4 -9.0 -9.00 -9.00   -9   -9.0   -9.0 -9.00   -9.0   -9   -9.0   -9   -9.0   -9   -9.0   -9   -9.0   -9 -99.0 -99.0 -99.0 -99.0 -99.0
20260712 245  3.6  3143  18  7.6 1621  18 12.4  830  30.3  34.4 1421  26.0  232  23.1  30.9  23.4  66.0  54.0 1401  28.2   8.7   6.1 -9.00 1002.5 1010.1 1011.1   17 1009.2 1600  2.5 11.8 14.4 -9.0 25.23  3.24 1300   -9.0   -9.0 -9.00   -9.0   -9   -9.0   -9   -9.0   -9   -9.0   -9   -9.0   -9 -99.0 -99.0 -99.0 -99.0 -99.0
20260712 247  2.6  2262  18  5.9 1213  20 10.2 1212  28.2  32.5 1254  23.3  325  23.4  30.9  22.3  76.4  63.0 1241  28.8  -9.0  -9.0 -9.00  996.0 1011.0 1011.8 1029 1010.0 1522  3.3  7.6 14.4 -9.0 -9.00 -9.00   -9   -9.0   -9.0 -9.00   -9.0   -9   -9.0   -9   -9.0   -9   -9.0   -9   -9.0   -9 -99.0 -99.0 -99.0 -99.0 -99.0
20260712 248  1.4  1234  23  3.6 1221  20  6.6 1142  25.9  31.9 1454  20.3  335  22.0  28.0  19.1  81.5  57.0 1527  26.4  -9.0  -9.0 -9.00  966.1 1011.5 1013.1    2 1009.6 1527  1.8  8.6 14.4 -9.0 -9.00 -9.00   -9   -9.0   -9.0 -9.00   -9.0   -9   -9.0   -9   -9.0   -9   -9.0   -9   -9.0   -9 -99.0 -99.0 -99.0 -99.0 -99.0
20260712 251  4.4  3780  18  7.8 1432  18 13.4 1421  29.9  32.9 1354  27.9  356  24.4  29.6  24.8  72.9  64.0 1357  30.7   8.4   5.9 -9.00 1004.3 1009.9 1010.6  832 1009.0  243  2.4 11.0 14.4 -9.0 27.41  3.34 1100   -9.0   -9.0 -9.00   -9.0   -9   -9.0   -9   -9.0   -9   -9.0   -9   -9.0   -9 -99.0 -99.0 -99.0 -99.0 -99.0
20260712 252  3.3  2867  14  6.3 1315  14 12.9 1328  29.6  33.6 1529  26.7  444  23.9  29.6  23.5  72.4  59.0 1329  29.7   8.0   5.6 -9.00 1005.6 1009.8 1010.6 1028 1009.1  244  1.0 10.3 14.4 -9.0 27.27  3.48 1200   -9.0   -9.0 -9.00   -9.0   -9   -9.0   -9   -9.0   -9   -9.0   -9   -9.0   -9 -99.0 -99.0 -99.0 -99.0 -99.0
20260712 253  1.4  1208  16  4.1 1309  20  7.2  909  28.8  33.0 1239  25.0  429  24.5  32.3  22.7  78.4  64.0 1240  30.9   5.2   3.7 -9.00 1006.9 1013.0 1013.8 1015 1012.1  124  4.0  6.7 14.4 -9.0 18.58  2.07  900   -9.0   -9.0 -9.00   -9.0   -9   -9.0   -9   -9.0   -9   -9.0   -9   -9.0   -9 -99.0 -99.0 -99.0 -99.0 -99.0
20260712 254  2.9  2531  14  5.8 1606  14  9.3 1036  28.7  32.2 1412  23.8  220  22.7  32.2  22.5  70.5  59.0 1316  27.5   7.6   5.3 -9.00  996.8 1011.3 1012.2 1002 1010.4 1534  4.3  8.4 14.4 -9.0 24.90  3.45 1100   -9.0   -9.0 -9.00   -9.0   -9   -9.0   -9   -9.0   -9   -9.0   -9   -9.0   -9 -99.0 -99.0 -99.0 -99.0 -99.0
20260712 255  1.4  1224  20  3.2 1036  16  8.1 1122  29.7  34.0 1254  25.8  524  24.4  29.5  22.8  74.3  59.0 1215  30.6   6.0   4.2 -9.00 1006.1 1011.8 1012.6 2219 1010.9 1621  4.1  7.5 14.4 -9.0 21.39  3.27 1200   -9.0   -9.0 -9.00   -9.0   -9   -9.0   -9   -9.0   -9   -9.0   -9   -9.0   -9 -99.0 -99.0 -99.0 -99.0 -99.0
20260712 257  2.7  2343  23  5.8 1328  20 10.2 1155  29.3  34.0 1255  24.8  432  25.3  34.2  22.2  80.5  61.0 1208  32.3   6.8   4.8 -9.00 1011.4 1012.1 1012.9 2139 1011.2 1715  4.3  7.0 14.4 -9.0 22.92  3.42 1200    0.0   -9.0 -9.00    0.0   -9    0.0   -9   -9.0   -9   -9.0   -9   -9.0   -9 -99.0 -99.0 -99.0 -99.0 -99.0
20260712 258  2.6  2222  20  5.4 1737  20  7.7 1706  28.2  31.1 1332  24.7  106  25.4  27.9  23.4  85.0  75.0 1134  32.4   4.4   3.1 -9.00 1011.9 1012.1 1012.9 1006 1011.3  216  5.9  1.7 14.3 -9.0 14.75  2.57 1300    0.0   -9.0 -9.00    0.0   -9    0.0   -9   -9.0   -9   -9.0   -9   -9.0   -9 -99.0 -99.0 -99.0 -99.0 -99.0
20260712 259  2.9  2536  14  5.2 1406  11 10.2 1341  28.6  31.7 1417  27.3  111  24.9  27.9  23.8  80.4  72.0 1400  31.5   3.9   2.7 -9.00 1008.9 1010.7 1011.5 1010 1010.1  145  4.6  0.7 14.3 -9.0 11.29  2.11 1400    0.0   -9.0 -9.00    0.0   -9    0.0   -9   -9.0   -9   -9.0   -9   -9.0   -9 -99.0 -99.0 -99.0 -99.0 -99.0
20260712 260  3.8  3257  16  5.9 1850  14  9.6 1422  27.8  29.7 1604  27.1 2347  25.1  28.7  25.0  85.6  74.0    1  32.0  -9.0  -9.0 -9.00 1006.0 1011.0 1011.7 1008 1010.1  147  5.4  0.9 14.3 -9.0 -9.00 -9.00   -9    0.0   -9.0 -9.00    0.0   -9    0.0   -9   -9.0   -9   -9.0   -9   -9.0   -9 -99.0 -99.0 -99.0 -99.0 -99.0
20260712 261  5.8  5019  11  9.6  915  11 14.8  912  28.1  30.2 1428  26.1  140  25.6  30.1  24.5  86.6  81.0    1  32.8  -9.0  -9.0 -9.00 1008.8 1010.7 1011.5 1123 1010.1  226  4.4  5.3 14.3 -9.0 -9.00 -9.00   -9    0.0   -9.0 -9.00    0.0   -9    0.0   -9   -9.0   -9   -9.0   -9   -9.0   -9 -99.0 -99.0 -99.0 -99.0 -99.0
20260712 262  2.1  1790  18  4.8 1525  20  8.5 1522  27.9  30.5 1534  24.2   36  24.6  28.3  25.0  82.9  74.0 1532  31.0   3.5   2.4 -9.00 1005.7 1011.6 1012.5 1007 1010.8  157  4.9  1.8 14.3 -9.0  9.83  2.05 1500    0.0   -9.0 -9.00    0.0   -9    0.0   -9   -9.0   -9   -9.0   -9   -9.0   -9 -99.0 -99.0 -99.0 -99.0 -99.0
20260712 263  2.0  1711  20  5.0 1432  16  9.7 1426  28.2  32.6 1338  22.8  453  24.5  33.0  20.8  81.9  65.0 1343  30.8   6.5   4.5 -9.00 1010.5 1012.1 1012.8 1004 1011.2 1636  4.4  7.6 14.4 -9.0 23.07  3.17 1000   -9.0   -9.0 -9.00   -9.0   -9   -9.0   -9   -9.0   -9   -9.0   -9   -9.0   -9 -99.0 -99.0 -99.0 -99.0 -99.0
20260712 264  1.5  1274  18  4.2 1259  20  7.8 1122  27.7  33.2 1504  21.8  505  24.0  30.4  21.2  81.9  62.0 1522  30.0   6.4   4.4 -9.00  994.3 1011.5 1012.6    1 1009.9 1534  4.0  8.5 14.4 -9.0 24.06  3.18 1200   -9.0   -9.0 -9.00   -9.0   -9   -9.0   -9   -9.0   -9   -9.0   -9   -9.0   -9 -99.0 -99.0 -99.0 -99.0 -99.0
20260712 266  1.5  1303  11  3.2 1123  20  6.7 1826  28.2  31.0 1655  25.9  513  25.4  29.8  23.7  85.4  74.0  121  32.5   2.8   1.9 -9.00 1002.6 1012.6 1013.3 1011 1011.6  155  5.8  1.2 14.3 -9.0 10.22  1.58 1600    0.0   -9.0 -9.00    0.0   -9    0.0   -9   -9.0   -9   -9.0   -9   -9.0   -9 -99.0 -99.0 -99.0 -99.0 -99.0
20260712 268  3.8  3289  11  6.2  956   7 12.6  826  28.3  30.6 1346  26.6 2359  24.7  31.7  25.2  81.5  70.0    1  31.2  -9.0  -9.0 -9.00 1007.6 1008.7 1009.7 2237 1008.0  536  3.0  8.3 14.3 -9.0 -9.00 -9.00   -9   -9.0   -9.0 -9.00   -9.0   -9   -9.0   -9   -9.0   -9   -9.0   -9   -9.0   -9 -99.0 -99.0 -99.0 -99.0 -99.0
20260712 271  1.0   902  25  3.1 1424  16  6.2 1117  26.7  32.0 1142  20.8  547  22.3  31.0  19.5  79.1  55.0 1105  27.0  -9.0  -9.0 -9.00  975.5 1011.7 1013.4    1 1009.8 1707  4.3  8.4 14.5 -9.0 -9.00 -9.00   -9   -9.0   -9.0 -9.00   -9.0   -9   -9.0   -9   -9.0   -9   -9.0   -9   -9.0   -9 -99.0 -99.0 -99.0 -99.0 -99.0
20260712 272  1.5  1283  16  3.4 1157  16  5.7 1152  27.3  32.5 1419  22.4  533  23.8  32.7  21.5  83.4  59.0 1421  29.6  -9.0  -9.0 -9.00  987.5 1011.3 1012.6    5 1009.5 1724  4.5 10.1 14.5 -9.0 -9.00 -9.00   -9   -9.0   -9.0 -9.00   -9.0   -9   -9.0   -9   -9.0   -9   -9.0   -9   -9.0   -9 -99.0 -99.0 -99.0 -99.0 -99.0
20260712 273  1.1   941  14  2.8 1103  14  5.0 1146  28.2  33.5 1725  23.2  445  24.5  31.1  20.8  82.4  61.0 1453  30.8  -9.0  -9.0 -9.00  991.1 1010.5 1012.0  756 1008.8 1647  3.9  9.5 14.5 -9.0 -9.00 -9.00   -9   -9.0   -9.0 -9.00   -9.0   -9   -9.0   -9   -9.0   -9   -9.0   -9   -9.0   -9 -99.0 -99.0 -99.0 -99.0 -99.0
20260712 276  1.2  1043  27  3.7 1210  27  7.3 1204  28.5  34.5 1435  21.3  523  23.4  32.6  19.5  76.9  54.0 1427  28.8   7.2   5.0 -9.00  987.3 1010.6 1012.3  636 1008.6 1718  5.0 11.2 14.5 -9.0 25.63  3.29 1000   -9.0   -9.0 -9.00   -9.0   -9   -9.0   -9   -9.0   -9   -9.0   -9   -9.0   -9 -99.0 -99.0 -99.0 -99.0 -99.0
20260712 277  2.1  1815  27  4.2 1407  23  9.1 1256  30.3  36.7 1451  24.1  414  21.9  35.7  22.7  62.8  44.0 1250  26.3  -9.0  -9.0 -9.00 1006.0 1010.5 1011.8  755 1008.9 1707  3.9 11.8 14.5 -9.0 -9.00 -9.00   -9   -9.0   -9.0 -9.00   -9.0   -9   -9.0   -9   -9.0   -9   -9.0   -9   -9.0   -9 -99.0 -99.0 -99.0 -99.0 -99.0
20260712 278  1.4  1196  23  4.2 1057  23  7.0 1254  29.0  34.9 1408  22.4  508  23.4  33.3  21.0  74.6  52.0 1424  28.7  -9.0  -9.0 -9.00 1001.1 1010.3 1011.7  810 1008.6 1744  3.1 11.2 14.5 -9.0 -9.00 -9.00   -9   -9.0   -9.0 -9.00   -9.0   -9   -9.0   -9   -9.0   -9   -9.0   -9   -9.0   -9 -99.0 -99.0 -99.0 -99.0 -99.0
20260712 279  1.6  1406  14  3.6 2002  25  7.7 1012  29.7  34.5 1437  23.9  458  22.6  32.7  22.0  67.0  51.0 1437  27.4   6.7   4.7 -9.00 1005.3 1010.8 1012.0 1023 1009.2 1739  2.3  9.7 14.4 -9.0 21.49  2.92 1200   -9.0   -9.0 -9.00   -9.0   -9   -9.0   -9   -9.0   -9   -9.0   -9   -9.0   -9 -99.0 -99.0 -99.0 -99.0 -99.0
20260712 281  1.7  1484  27  3.9 1238  23  8.1 1206  29.2  34.5 1401  22.4  511  22.3  33.5  20.2  68.6  48.0 1401  27.0  -9.0  -9.0 -9.00 1001.1 1011.9 1013.1  749 1010.3 1652  3.5  9.1 14.4 -9.0 -9.00 -9.00   -9   -9.0   -9.0 -9.00   -9.0   -9   -9.0   -9   -9.0   -9   -9.0   -9   -9.0   -9 -99.0 -99.0 -99.0 -99.0 -99.0
20260712 283  2.6  2214  18  5.8 1051  16  8.7 1048  29.6  36.5 1325  23.1  530  23.2  32.6  20.5  70.6  47.0 1220  28.5   8.3   5.8 -9.00 1007.2 1011.7 1012.6  801 1010.1 1640  3.8 10.1 14.4 -9.0 25.50  3.00 1200   -9.0   -9.0 -9.00   -9.0   -9   -9.0   -9   -9.0   -9   -9.0   -9   -9.0   -9 -99.0 -99.0 -99.0 -99.0 -99.0
20260712 284  2.0  1741  20  5.6 1500  20  9.5 1450  27.5  33.3 1432  21.9  349  23.1  32.0  20.3  78.4  57.0 1443  28.4   7.6   5.3 -9.00  984.9 1010.5 1011.6    1 1008.7 1524  3.4 11.3 14.4 -9.0 26.95  3.24 1400   -9.0   -9.0 -9.00   -9.0   -9   -9.0   -9   -9.0   -9   -9.0   -9   -9.0   -9 -99.0 -99.0 -99.0 -99.0 -99.0
20260712 285  1.3  1096  20  4.1 1554  20  8.3 1549  28.2  33.1 1438  22.7  351  24.2  33.5  22.6  80.3  63.0 1247  30.2  -9.0  -9.0 -9.00 1009.0 1012.0 1012.8  946 1011.0 1522  4.4  3.9 14.4 -9.0 -9.00 -9.00   -9   -9.0   -9.0 -9.00   -9.0   -9   -9.0   -9   -9.0   -9   -9.0   -9   -9.0   -9 -99.0 -99.0 -99.0 -99.0 -99.0
20260712 288  1.6  1425  16  4.2 1214  16 10.6 1153  29.8  34.7 1345  24.1  504  24.1  35.1  24.3  72.9  55.0 1347  30.1   6.4   4.5 -9.00 1009.6 1010.5 1011.3  636 1009.5 1604  3.6  6.0 14.4 -9.0 20.77  2.94 1100   -9.0   -9.0 -9.00   -9.0   -9   -9.0   -9   -9.0   -9   -9.0   -9   -9.0   -9 -99.0 -99.0 -99.0 -99.0 -99.0
20260712 289  2.2  1933   7  4.9  917   7 10.4  916  27.5  31.5 1458  23.1  303  24.2  28.9  21.2  83.3  70.0 1440  30.3  -9.0  -9.0 -9.00  996.8 1012.4 1013.2 1058 1011.4 1532  4.9  2.8 14.4 -9.0 -9.00 -9.00   -9   -9.0   -9.0 -9.00   -9.0   -9   -9.0   -9   -9.0   -9   -9.0   -9   -9.0   -9 -99.0 -99.0 -99.0 -99.0 -99.0
20260712 294  1.7  1437  11  4.5 1135  11 10.3 1052  28.0  31.5 1204  23.7  458  23.8  32.5  21.6  78.8  65.0  901  29.5  -9.0  -9.0 -9.00 1007.8 1012.9 1013.6 1105 1011.9  245  3.5  6.8 14.3 -9.0 -9.00 -9.00   -9   -9.0   -9.0 -9.00   -9.0   -9   -9.0   -9   -9.0   -9   -9.0   -9   -9.0   -9 -99.0 -99.0 -99.0 -99.0 -99.0
20260712 295  1.6  1354  18  4.1 1136  18  7.4 1233  27.5  30.5  903  24.1  337  24.2  29.1  22.6  83.1  69.0  848  30.3  -9.0  -9.0 -9.00 1007.2 1012.3 1013.1 1010 1011.3  200  4.9  3.7 14.3 -9.0 -9.00 -9.00   -9    0.7   -9.0 -9.00    0.7 2023    0.5 2025   -9.0   -9   -9.0   -9   -9.0   -9 -99.0 -99.0 -99.0 -99.0 -99.0
20260712 296  3.0  2567  18  6.4 1302  18 11.2 1306  28.7  32.6 1138  24.2  508  25.1  30.5  21.1  81.6  66.0 1119  31.9   6.4   4.5 -9.00 1011.2 1011.5 1012.3 1029 1010.6  201  3.4  7.4 14.4 -9.0 22.17  3.37 1100   -9.0   -9.0 -9.00   -9.0   -9   -9.0   -9   -9.0   -9   -9.0   -9   -9.0   -9 -99.0 -99.0 -99.0 -99.0 -99.0
20260713  90  1.8  1589  14  4.9 1709  16  8.4 1701  29.6  34.5 1221  25.4 2134  23.0  34.8  24.4  69.4  49.0 1225  28.0   6.9   4.8 -9.00 1005.6 1007.6 1009.3    1 1005.7 1729  1.8 11.6 14.6 -9.0 25.02  3.53 1100   -9.0   -9.0 -9.00   -9.0   -9   -9.0   -9   -9.0   -9   -9.0   -9   -9.0   -9 -99.0 -99.0 -99.0 -99.0 -99.0
20260713  93  1.0   835  23  4.3 1624  23  6.4 1616  28.4  33.6 1550  24.0  503  24.8  31.2  23.6  82.8  56.0 1638  31.3   5.2   3.6 -9.00  998.2 1009.0 1010.8  652 1006.6 1725  4.3  6.1 14.6 -9.0 18.28  2.20 1400   -9.0    0.2 -9.00   -9.0   -9   -9.0   -9   -9.0   -9   -9.0   -9   -9.0   -9  27.2  24.7  22.2  17.7  15.0
20260713  95  0.9   798  16  4.3 1514  11  7.7 1511  27.6  31.6 1427  23.4  507  24.8  28.9  23.4  86.4  64.0 1346  31.4   4.3   3.0 -9.00  991.7 1009.1 1010.8    1 1006.8 1730  4.6  5.7 14.6 -9.0 16.19  2.29 1300    0.0    0.9 -9.00    0.0   -9    0.0   -9   -9.0   -9   -9.0   -9   -9.0   -9 -99.0 -99.0 -99.0 -99.0 -99.0
20260713  98  0.7   617  27  3.1 1420  25  6.3 1417  28.1  32.0 1348  24.7  412  23.1  30.5  22.7  75.1  55.0 1626  28.3   4.3   3.0 -9.00  995.6 1008.5 1010.2    2 1006.3 1715  5.6  2.7 14.6 -9.0 14.82  2.18 1500    0.1   -9.0 -9.00    0.1   -9    0.1   -9   -9.0   -9   -9.0   -9   -9.0   -9 -99.0 -99.0 -99.0 -99.0 -99.0
20260713  99  0.8   723  29  3.1 1204  27  6.6 1213  27.6  32.4 1522  23.7  414  24.2  29.5  24.3  83.5  61.0 1622  30.1   5.1   3.6 -9.00 1005.8 1009.2 1010.8    1 1007.0 1727  4.6  5.4 14.6 -9.0 18.81  2.81 1400    0.2   -9.0 -9.00    0.2   -9    0.2   -9   -9.0   -9   -9.0   -9   -9.0   -9 -99.0 -99.0 -99.0 -99.0 -99.0
20260713 100  3.2  2800  29  5.6  922  27 10.3  848  25.6  29.3 1415  21.0  107  21.8  27.3  19.5  80.6  65.0 1419  26.2   6.2   4.3 -9.00  924.4 1008.2 1011.2    1 1005.8 1718  2.5 10.7 14.6 -9.0 24.21  3.21 1400   -9.0   -9.0 -9.00   -9.0   -9   -9.0   -9   -9.0   -9   -9.0   -9   -9.0   -9 -99.0 -99.0 -99.0 -99.0 -99.0
20260713 101  1.2  1024  20  3.8 1601  20  6.3 1558  28.3  34.0 1719  24.0  526  23.7  30.7  22.7  77.5  51.0 1640  29.3   5.2   3.6 -9.00  999.4 1007.9 1009.9  608 1005.3 1727  4.3  4.9 14.6 -9.0 17.82  2.50 1500   -9.0    0.0 -9.00   -9.0   -9   -9.0   -9   -9.0   -9   -9.0   -9   -9.0   -9  26.6  23.2  21.0  16.9  15.2
20260713 102  5.8  4970  16  9.4 1847  18 15.6 1843  24.3  26.2 1343  22.6  429  22.1  26.1  22.7  87.6  79.0 1548  26.6   4.2   2.9 -9.00 1002.3 1006.4 1008.6    1 1004.7 1724  6.6  1.6 14.6 -9.0 16.31  2.63 1300    0.0   -9.0  0.97   -9.0   -9   -9.0   -9   -9.0   -9   -9.0   -9   -9.0   -9 -99.0 -99.0 -99.0 -99.0 -99.0
20260713 104  1.6  1415  11  3.6 1245   9  6.2 1243  30.4  34.2 1253  27.4    1  24.6  33.3  24.4  71.9  59.0  907  31.0   6.9   4.8 -9.00  998.3 1006.7 1008.8    1 1004.9 1719  1.3 12.3 14.6 -9.0 25.98  3.08 1100   -9.0   -9.0 -9.00   -9.0   -9   -9.0   -9   -9.0   -9   -9.0   -9   -9.0   -9  26.2  22.5  20.3  16.1  14.0
20260713 105  2.3  1994  25  4.3  924  25  9.2  927  31.3  35.9 1212  27.4  600  22.7  34.2  26.4  61.5  45.0 1201  27.6   7.5   5.3 -9.00 1004.7 1007.7 1009.7    1 1005.8 1715  1.3 11.2 14.6 -9.0 24.07  3.38 1100   -9.0   -9.0 -9.00   -9.0   -9   -9.0   -9   -9.0   -9   -9.0   -9   -9.0   -9  27.0  23.3  21.9  17.4  15.5
20260713 106  2.1  1842  23  5.8  331  25  9.3  325  29.5  34.4  945  26.3 1849  23.8  36.5  24.5  72.4  53.0  947  29.5   7.1   4.9 -9.00 1003.6 1008.2 1010.1    1 1006.7 1743  0.3 12.3 14.6 -9.0 27.58  3.37 1200   -9.0   -9.0 -9.00   -9.0   -9   -9.0   -9   -9.0   -9   -9.0   -9   -9.0   -9 -99.0 -99.0 -99.0 -99.0 -99.0
20260713 108  2.5  2180  18  4.8 2339  18  8.9 2333  30.4  33.5 1648  27.6  600  22.8  29.0  23.8  64.6  56.0 1653  27.8   5.8   4.0 -9.00  999.1 1008.6 1010.3    1 1006.1 1749  3.6  4.2 14.6 -9.0 16.28  1.83 1500    0.0    0.0  0.25    0.0   -9    0.0   -9   -9.0   -9   -9.0   -9   -9.0   -9  26.6  23.7  22.6  17.9  14.5
20260713 112  2.5  2157  18  4.5 1058  20  7.7  950  29.6  32.0 1600  27.6  540  24.4  32.2  23.8  74.1  64.0 1545  30.6   6.6   4.7 -9.00 1000.8 1008.6 1010.1   17 1006.4 1719  2.6  9.5 14.5 -9.0 23.75  3.15 1300   -9.0    0.0 -9.00   -9.0   -9   -9.0   -9   -9.0   -9   -9.0   -9   -9.0   -9  25.7  23.4  16.9  20.8  14.1
20260713 114  1.3  1090  23  3.5 1253  23  6.0 1247  29.4  34.6 1621  25.0  525  23.3  33.8  23.4  71.6  49.0 1445  28.7   5.6   3.9 -9.00  992.0 1008.7 1010.5    1 1006.2 1745  2.9  5.9 14.5 -9.0 19.56  2.78 1400   -9.0   -9.0 -9.00   -9.0   -9   -9.0   -9   -9.0   -9   -9.0   -9   -9.0   -9 -99.0 -99.0 -99.0 -99.0 -99.0
20260713 115  5.5  4759  25  7.6  156  23 13.8  207  29.7  32.2 1504  28.0 1936  24.1  34.6  25.6  72.3  67.0  842  30.0   9.1   6.4 -9.00  984.0 1008.6 1010.4    1 1007.6 1706  0.0 12.8 14.5 -9.0 27.26  3.23 1200   -9.0   -9.0 -9.00   -9.0   -9   -9.0   -9   -9.0   -9   -9.0   -9   -9.0   -9  22.8  19.7  18.4  13.9  13.5
20260713 119  2.0  1696  23  3.7 1505  23  6.3 1222  29.8  33.1 1458  25.7  539  22.5  32.1  23.4  66.1  53.0 1742  27.3   6.1   4.3 -9.00 1003.9 1008.4 1010.3   34 1006.0 1742  4.6  7.0 14.5 -9.0 19.34  2.81 1400   -9.0   -9.0 -9.00   -9.0   -9   -9.0   -9   -9.0   -9   -9.0   -9   -9.0   -9  26.5  23.3  21.2  16.7  14.2
20260713 121  0.8   702  25  3.6 1307  23  7.0 1306  28.7  33.9 1340  24.2  510  24.0  33.3  23.7  78.3  53.0 1344  29.9   5.5   3.8 -9.00  982.5 1009.3 1011.5    1 1006.6 1744  1.8  7.7 14.5 -9.0 21.00  2.52 1100   -9.0   -9.0 -9.00   -9.0   -9   -9.0   -9   -9.0   -9   -9.0   -9   -9.0   -9 -99.0 -99.0 -99.0 -99.0 -99.0
20260713 127  1.0   903  20  3.3 1005  23  5.4 1136  28.9  34.1 1516  24.2  522  23.8  31.0  23.7  75.6  54.0 1502  29.5   6.1   4.3 -9.00  995.4 1008.2 1010.0    4 1005.8 1659  2.8  7.5 14.5 -9.0 22.21  2.72 1000    0.0   -9.0 -9.00    0.0   -9    0.0   -9   -9.0   -9   -9.0   -9   -9.0   -9 -99.0 -99.0 -99.0 -99.0 -99.0
20260713 129  2.0  1703  23  5.1 1423  20  8.9 1204  29.1  32.7 1450  24.8  530  24.0  30.1  22.3  74.9  58.0 1358  29.8   6.9   4.9 -9.00 1005.9 1008.7 1010.6    1 1006.7 1751  4.0  8.4 14.5 -9.0 23.39  3.44 1300   -9.0    0.0 -9.00   -9.0   -9   -9.0   -9   -9.0   -9   -9.0   -9   -9.0   -9  26.3  23.4  21.4  16.9  15.2
20260713 130  2.5  2154  18  5.1 1557  29  9.2  257  29.0  33.1  905  25.0 1832  23.1  36.0  24.3  71.3  59.0  907  28.3  -9.0  -9.0 -9.00 1003.0 1008.5 1010.6    1 1006.8 1721  0.8 13.5 14.5 -9.0 -9.00 -9.00   -9   -9.0   -9.0 -9.00   -9.0   -9   -9.0   -9   -9.0   -9   -9.0   -9   -9.0   -9 -99.0 -99.0 -99.0 -99.0 -99.0
20260713 131  1.6  1405  27  4.2 1719  27  7.1 1713  31.1  35.8 1627  27.2  429  22.1  31.9  26.2  59.6  45.0 1711  26.5   8.1   5.7 -9.00 1001.9 1008.4 1010.2    1 1006.1 1711  2.3 10.4 14.5 -9.0 25.32  2.80 1400   -9.0   -9.0 -9.00   -9.0   -9   -9.0   -9   -9.0   -9   -9.0   -9   -9.0   -9 -99.0 -99.0 -99.0 -99.0 -99.0
20260713 133  2.2  1915  20  4.5 1553  20  7.2 1544  30.2  34.6 1557  25.1  526  22.7  31.8  24.2  65.6  48.0 1546  27.6   7.6   5.3 -9.00 1001.5 1009.1 1010.9    1 1006.8 1752  0.9 10.2 14.4 -9.0 23.72  3.09 1400   -9.0   -9.0 -9.00   -9.0   -9   -9.0   -9   -9.0   -9   -9.0   -9   -9.0   -9  28.0  25.7  24.3  20.4  17.0
20260713 135  1.3  1082  18  3.5 1213  18  6.3 1152  27.7  32.9 1410  22.7  415  22.8  31.6  23.2  75.9  59.0 1245  27.8   5.9   4.2 -9.00  981.7 1009.0 1011.1    1 1006.6 1713  2.1  8.7 14.4 -9.0 21.89  2.62 1000   -9.0   -9.0 -9.00   -9.0   -9   -9.0   -9   -9.0   -9   -9.0   -9   -9.0   -9 -99.0 -99.0 -99.0 -99.0 -99.0
20260713 136  1.2  1031  23  2.8 1902  23  5.4 1838  29.7  34.6 1556  23.7  522  23.1  36.0  22.8  69.1  51.0 1701  28.3   6.1   4.2 -9.00  994.3 1010.1 1012.3   32 1007.5 1742  2.5  7.5 14.5 -9.0 21.88  2.45  900   -9.0   -9.0 -9.00   -9.0   -9   -9.0   -9   -9.0   -9   -9.0   -9   -9.0   -9 -99.0 -99.0 -99.0 -99.0 -99.0
20260713 137  0.8   648  23  2.5 2007  20  5.4 2003  29.2  34.1 1514  24.2  531  24.5  34.6  23.0  77.0  59.0 1234  30.8   6.6   4.6 -9.00  997.7 1008.5 1010.4    1 1005.9 1712  2.8  9.1 14.4 -9.0 25.23  3.40 1100   -9.0   -9.0 -9.00   -9.0   -9   -9.0   -9   -9.0   -9   -9.0   -9   -9.0   -9 -99.0 -99.0 -99.0 -99.0 -99.0
20260713 138  3.2  2734  23  5.6 1429  23  9.8 1205  31.5  36.7 1519  27.4  503  21.6  36.1  24.5  57.8  39.0 1439  25.9  10.0   7.0 -9.00 1008.4 1008.8 1011.1    1 1006.5 1709  0.6 11.8 14.4 -9.0 25.81  3.45 1200   -9.0   -9.0 -9.00   -9.0   -9   -9.0   -9   -9.0   -9   -9.0   -9   -9.0   -9  25.2  21.5  20.0  17.2  16.1
20260713 140  2.7  2321  16  4.7 1625  18  8.2 1621  29.7  33.2 1321  26.4  400  24.1  32.9  23.2  72.9  59.0 1620  30.0  -9.0  -9.0 -9.00 1006.5 1009.6 1011.6    1 1007.5 1654  4.9  6.6 14.4 -9.0 -9.00 -9.00   -9   -9.0   -9.0 -9.00   -9.0   -9   -9.0   -9   -9.0   -9   -9.0   -9   -9.0   -9 -99.0 -99.0 -99.0 -99.0 -99.0
20260713 143  1.5  1332  29  3.3 1157  16  5.9 2013  30.9  35.1 1356  27.1  538  21.6  40.2  25.4  58.9  42.0 1403  25.8   5.9   4.1 -9.00 1003.1 1009.1 1011.3    1 1007.2 1611  2.0  8.2 14.4 -9.0 18.98  2.46 1000   -9.0   -9.0 -9.00   -9.0   -9   -9.0   -9   -9.0   -9   -9.0   -9   -9.0   -9 -99.0 -99.0 -99.0 -99.0 -99.0
20260713 146  2.6  2241  16  5.5 1228  14 10.3 1224  29.9  33.9 1421  27.0  537  23.1  29.5  23.9  67.8  53.0 1408  28.3   7.6   5.3 -9.00 1002.3 1009.0 1010.9    1 1006.8 1658  2.6  8.9 14.4 -9.0 23.06  2.74 1200   -9.0   -9.0 -9.00   -9.0   -9   -9.0   -9   -9.0   -9   -9.0   -9   -9.0   -9 -99.0 -99.0 -99.0 -99.0 -99.0
20260713 152  3.2  2741  23  6.0  856  23  9.2 1457  29.3  33.5 1545  25.3  534  22.0  32.9  23.0  66.8  47.0 1437  26.5   8.7   6.1 -9.00 1000.4 1009.5 1011.5    1 1007.7 1630  1.6 11.3 14.4 -9.0 25.06  3.03 1300   -9.0   -9.0 -9.00   -9.0   -9   -9.0   -9   -9.0   -9   -9.0   -9   -9.0   -9 -99.0 -99.0 -99.0 -99.0 -99.0
20260713 155  3.1  2645  18  6.0 2249  23 10.9 2309  28.8  32.5 1426  27.2 2230  24.7  33.8  25.6  79.3  64.0 1518  31.1   6.5   4.5 -9.00 1007.0 1010.9 1012.5    1 1009.5 1729  5.5  8.2 14.4 -9.0 23.39  3.16 1400    0.1   -9.0  0.40    0.1   -9    0.1   -9   -9.0   -9   -9.0   -9   -9.0   -9 -99.0 -99.0 -99.0 -99.0 -99.0
20260713 156  3.8  3322  16  6.7 1244  14 11.3 1640  29.3  32.8 1541  27.4 2356  24.5  35.1  25.3  75.9  64.0 1451  30.7   6.8   4.8 -9.00 1001.5 1009.4 1011.2    1 1007.6 1657  4.4  9.4 14.3 -9.0 24.05  3.30 1300   -9.0   -9.0 -9.00   -9.0   -9   -9.0   -9   -9.0   -9   -9.0   -9   -9.0   -9 -99.0 -99.0 -99.0 -99.0 -99.0
20260713 159  6.4  5510  27  9.2 1109  27 13.9 2337  28.4  31.9 1403  26.9  524  25.0  35.1  24.5  82.1  69.0 1345  31.7   7.9   5.5 -9.00 1002.8 1010.6 1012.1    1 1009.4 1711  5.5  8.6 14.4 -9.0 27.57  3.57 1100   -9.0   -9.0 -9.00   -9.0   -9   -9.0   -9   -9.0   -9   -9.0   -9   -9.0   -9  26.6  23.4  22.1  17.7  17.5
20260713 162  4.0  3462  20  5.6 2311  20 10.3 2310  27.6  30.4 1613  26.1  105  24.7  28.4  25.8  84.9  69.0 1622  31.2   4.4   3.1 -9.00 1006.9 1010.5 1012.1    1 1009.1 1728  5.1  3.9 14.3 -9.0 16.08  2.18 1600    0.6   -9.0 -9.00    0.6  518    0.4  535   -9.0   -9   -9.0   -9   -9.0   -9 -99.0 -99.0 -99.0 -99.0 -99.0
20260713 165  4.3  3681  18  7.9 1304  16 11.7 1222  28.4  31.4 1439  26.8  506  24.8  30.9  25.0  81.1  66.0 1250  31.2   6.1   4.2 -9.00 1004.1 1009.2 1011.1    3 1007.4 1703  6.6  3.8 14.3 -9.0 19.61  3.48 1300   -9.0    0.0 -9.00   -9.0   -9   -9.0   -9   -9.0   -9   -9.0   -9   -9.0   -9  27.1  23.2  21.8  18.7  16.4
20260713 168  4.8  4188  20  7.3  219  20 10.7  215  28.1  29.9 1440  26.7  421  24.7  33.4  26.1  82.0  73.0 1200  31.1   6.2   4.3 -9.00 1003.7 1011.1 1012.8    1 1009.6 1727  5.5  6.1 14.3 -9.0 22.82  3.55 1300    0.0    0.0  4.05    0.0   -9    0.0   -9   -9.0   -9   -9.0   -9   -9.0   -9  27.3  23.9  21.7  18.4  17.0
20260713 169 14.6 12635  16 17.7  216  16 23.5  205  26.1  29.0 1420  24.6    1  24.1  29.7  24.6  89.4  78.0 1404  30.1   6.6   4.6 -9.00  998.9 1007.3 1009.5    2 1005.6 1658  7.8  5.0 14.3 -9.0 21.44  3.58 1300    0.0   -9.0  1.12    0.0   -9    0.0   -9   -9.0   -9   -9.0   -9   -9.0   -9 -99.0 -99.0 -99.0 -99.0 -99.0
20260713 170  4.8  4148  16  9.0  214  18 14.0  202  28.4  33.1 1202  25.3 2344  25.0  30.6  25.4  82.5  67.0 1205  31.7   5.6   3.9 -9.00 1005.9 1009.9 1011.5   35 1008.4 1735  4.3  6.3 14.3 -9.0 19.62  3.20 1100   -9.0   -9.0 -9.00   -9.0   -9   -9.0   -9   -9.0   -9   -9.0   -9   -9.0   -9 -99.0 -99.0 -99.0 -99.0 -99.0
20260713 172  3.8  3258  14  5.5 1537  16 10.6 1646  29.0  32.4 1503  27.2  301  23.9  28.6  25.4  74.9  58.0 1504  29.7   6.6   4.6 -9.00 1002.7 1008.6 1010.4    1 1006.5 1715  4.5  5.9 14.4 -9.0 20.31  2.92 1400   -9.0   -9.0 -9.00   -9.0   -9   -9.0   -9   -9.0   -9   -9.0   -9   -9.0   -9 -99.0 -99.0 -99.0 -99.0 -99.0
20260713 174  2.8  2383  14  4.3 1232  11  8.2 1853  26.5  29.4 1315  25.3  304  23.4  28.4  24.1  83.6  71.0 1321  28.8  -9.0  -9.0 -9.00  990.5 1009.1 1010.7    1 1007.6 1708  8.8  1.5 14.3 -9.0 -9.00 -9.00   -9    1.9   -9.0 -9.00    0.8 1417    0.5 1005   -9.0   -9   -9.0   -9   -9.0   -9 -99.0 -99.0 -99.0 -99.0 -99.0
20260713 177  2.0  1745  11  3.8  857  18  9.6 1620  29.8  33.5 1516  25.7  458  24.3  29.9  23.9  73.4  58.0 1334  30.4   5.2   3.6 -9.00 1004.2 1007.3 1009.3    2 1005.1 1726  4.4  6.9 14.5 -9.0 17.29  1.97  900    0.0    0.0  0.55    0.0   -9    0.0   -9   -9.0   -9   -9.0   -9   -9.0   -9 -99.0 -99.0 -99.0 -99.0 -99.0
20260713 181  1.9  1657  20  4.4 1537  25  7.2 1447  29.0  34.0 1514  23.3  505  22.8  30.7  22.9  71.0  51.0 1556  27.8   7.6   5.3 -9.00 1005.4 1009.1 1010.9    1 1006.7 1751  2.1 10.4 14.5 -9.0 24.91  2.98 1300   -9.0   -9.0 -9.00   -9.0   -9   -9.0   -9   -9.0   -9   -9.0   -9   -9.0   -9 -99.0 -99.0 -99.0 -99.0 -99.0
20260713 184  3.6  3093   5  7.3 1536   2 10.3 1529  29.7  32.5 1159  27.6 2310  22.6  35.0  25.7  66.3  54.0 1238  27.4   7.9   5.6 -9.00 1005.8 1008.1 1009.7    1 1006.1 1717  4.0  9.7 14.2 -9.0 24.50  3.55 1100   -9.0   -9.0 -9.00   -9.0   -9   -9.0   -9   -9.0   -9   -9.0   -9   -9.0   -9  28.6  26.1  24.5  21.3  17.9
20260713 185  9.2  7949  14 12.6 1051  14 18.3 1045  26.6  29.2 1401  25.5 2205  24.3  30.6  25.8  87.9  76.0 1402  30.5   6.3   4.4 -9.00 1000.9 1009.0 1010.2    2 1007.2 1723  4.4  7.1 14.2 -9.0 23.37  3.33 1300   -9.0   -9.0 -9.00   -9.0   -9   -9.0   -9   -9.0   -9   -9.0   -9   -9.0   -9 -99.0 -99.0 -99.0 -99.0 -99.0
20260713 188  4.2  3668  18  8.4 1623  18 11.7 1610  27.1  29.7 1202  25.3 2013  24.9  32.1  25.4  88.4  78.0 1209  31.5  -9.0  -9.0 -9.00 1008.2 1010.5 1011.8    1 1008.8 1557  3.1  7.9 14.2 -9.0 -9.00 -9.00   -9    0.0   -9.0 -9.00    0.0   -9    0.0   -9   -9.0   -9   -9.0   -9   -9.0   -9 -99.0 -99.0 -99.0 -99.0 -99.0
20260713 189  1.9  1684  18  3.8  810  23  7.2  750  27.5  29.6 1118  26.5 2253  25.0  29.2  26.4  86.5  77.0 1120  31.7   3.1   2.2 -9.00 1005.0 1010.9 1012.0    1 1009.7 1739  8.9  0.6 14.2 -9.0 11.29  2.07 1000   -9.0    0.0 -9.00   -9.0   -9   -9.0   -9   -9.0   -9   -9.0   -9   -9.0   -9 -99.0 -99.0 -99.0 -99.0 -99.0
20260713 192  1.1   975  20  2.6 1218  18  6.9 1338  27.9  31.1 1304  25.6 2307  24.9  34.8  24.5  84.5  71.0 1305  31.5   5.3   3.7 -9.00 1007.5 1010.8 1012.5    1 1009.3 1719  5.1  7.5 14.4 -9.0 21.47  2.88 1100    0.6    0.6 -9.00    0.6 2030    0.4 2049   -9.0   -9   -9.0   -9   -9.0   -9 -99.0 -99.0 -99.0 -99.0 -99.0
20260713 201  1.8  1568  23  4.1 1011  27  7.5 1342  27.7  30.5 1146  24.0  309  23.7  30.3  21.7  80.0  68.0 1140  29.3  -9.0  -9.0 -9.00 1004.0 1009.4 1011.0    3 1007.6 1727  3.6  7.3 14.6 -9.0 -9.00 -9.00   -9    0.0   -9.0 -9.00    0.0   -9    0.0   -9   -9.0   -9   -9.0   -9   -9.0   -9 -99.0 -99.0 -99.0 -99.0 -99.0
20260713 202  1.0   895  18  2.8 1551  18  4.9 1130  28.6  32.7 1649  23.8  551  23.3  31.6  22.8  75.1  55.0 1639  28.6  -9.0  -9.0 -9.00 1003.9 1009.3 1010.9    1 1006.9 1745  3.1  7.7 14.6 -9.0 -9.00 -9.00   -9   -9.0   -9.0 -9.00   -9.0   -9   -9.0   -9   -9.0   -9   -9.0   -9   -9.0   -9 -99.0 -99.0 -99.0 -99.0 -99.0
20260713 203  1.0   880  18  3.2 1116  16  6.4 1116  29.4  34.0 1531  24.3  516  24.6  32.1  23.3  76.8  57.0 1648  30.9  -9.0  -9.0 -9.00 1000.4 1009.4 1011.1    1 1007.0 1902  2.4  5.2 14.5 -9.0 -9.00 -9.00   -9   -9.0   -9.0 -9.00   -9.0   -9   -9.0   -9   -9.0   -9   -9.0   -9   -9.0   -9 -99.0 -99.0 -99.0 -99.0 -99.0
20260713 211  1.2  1011  20  3.2 1813  18  7.0 1727  27.1  32.3 1606  23.1  513  22.6  31.1  20.6  78.3  55.0 1656  27.4  -9.0  -9.0 -9.00  985.9 1008.5 1010.4  615 1006.1 1719  2.9  3.6 14.6 -9.0 -9.00 -9.00   -9   -9.0   -9.0 -9.00   -9.0   -9   -9.0   -9   -9.0   -9   -9.0   -9   -9.0   -9 -99.0 -99.0 -99.0 -99.0 -99.0
20260713 212  0.9   737  27  3.6 1231  27  6.8 1223  28.1  33.9 1628  23.6  555  23.2  29.7  23.5  76.9  49.0 1621  28.4  -9.0  -9.0 -9.00  993.6 1009.4 1011.3  705 1006.9 1730  2.9  4.7 14.6 -9.0 -9.00 -9.00   -9   -9.0   -9.0 -9.00   -9.0   -9   -9.0   -9   -9.0   -9   -9.0   -9   -9.0   -9 -99.0 -99.0 -99.0 -99.0 -99.0
20260713 216  1.5  1286  20  3.5 2344  25  8.4 2335  27.1  31.7 1443  22.7  438  20.9  29.7  21.2  70.1  52.0 1049  24.8   5.3   3.7 -9.00  930.9 1008.4 1011.6    1 1006.1 1633  2.4  8.3 14.5 -9.0 20.76  2.56 1000   -9.0   -9.0 -9.00   -9.0   -9   -9.0   -9   -9.0   -9   -9.0   -9   -9.0   -9 -99.0 -99.0 -99.0 -99.0 -99.0
20260713 217  1.4  1208  16  4.0 1051  16  8.5 1009  28.7  34.6 1509  23.7  551  22.7  37.2  24.6  72.5  50.0 1500  27.5  -9.0  -9.0 -9.00  974.4 1009.0 1011.4    1 1006.4 1658  3.0  9.3 14.5 -9.0 -9.00 -9.00   -9   -9.0   -9.0 -9.00   -9.0   -9   -9.0   -9   -9.0   -9   -9.0   -9   -9.0   -9 -99.0 -99.0 -99.0 -99.0 -99.0
20260713 221  1.1   928  23  3.4 1135  25  6.0 1429  27.4  32.0 1516  23.3  336  23.3  32.8  22.8  80.5  57.0 1517  28.6  -9.0  -9.0 -9.00  979.6 1009.2 1011.1    6 1006.7 1725  2.1  8.6 14.5 -9.0 -9.00 -9.00   -9   -9.0   -9.0 -9.00   -9.0   -9   -9.0   -9   -9.0   -9   -9.0   -9   -9.0   -9 -99.0 -99.0 -99.0 -99.0 -99.0
20260713 226  0.9   795  18  3.6 1649  18  6.4 1502  27.9  33.6 1600  23.2  431  23.3  30.8  21.2  79.3  52.0 1525  28.7  -9.0  -9.0 -9.00  990.2 1009.4 1011.4   53 1007.1 1700  1.4 10.8 14.5 -9.0 -9.00 -9.00   -9   -9.0   -9.0 -9.00   -9.0   -9   -9.0   -9   -9.0   -9   -9.0   -9   -9.0   -9 -99.0 -99.0 -99.0 -99.0 -99.0
20260713 232  1.1   949  23  2.8 1131  20  6.0 1101  28.5  32.5 1306  23.0  534  23.8  30.9  22.6  77.5  59.0 1313  29.6  -9.0  -9.0 -9.00 1000.1 1009.6 1011.5    1 1007.2 1759  2.3  7.6 14.5 -9.0 -9.00 -9.00   -9   -9.0   -9.0 -9.00   -9.0   -9   -9.0   -9   -9.0   -9   -9.0   -9   -9.0   -9 -99.0 -99.0 -99.0 -99.0 -99.0
20260713 235  2.6  2270  20  5.0 1522  20  9.0 2054  29.8  32.1 1707  27.0  457  23.8  30.0  24.3  70.5  63.0 1136  29.6   7.1   5.0 -9.00 1007.0 1008.1 1010.0    1 1006.1 1711  4.0  8.1 14.5 -9.0 22.84  3.19 1300   -9.0   -9.0 -9.00   -9.0   -9   -9.0   -9   -9.0   -9   -9.0   -9   -9.0   -9 -99.0 -99.0 -99.0 -99.0 -99.0
20260713 236  1.6  1423  14  4.2 1356  18  7.6 1624  29.2  33.8 1427  24.1  503  23.5  30.9  23.3  72.9  56.0 1526  29.0  -9.0  -9.0 -9.00 1007.8 1009.3 1011.2    1 1007.0 1724  3.6  7.0 14.4 -9.0 -9.00 -9.00   -9   -9.0   -9.0 -9.00   -9.0   -9   -9.0   -9   -9.0   -9   -9.0   -9   -9.0   -9 -99.0 -99.0 -99.0 -99.0 -99.0
20260713 238  1.9  1613  18  5.4 1232  23  8.9 1229  29.2  34.5 1258  23.1  532  22.6  30.6  21.9  70.5  49.0 1216  27.4  -9.0  -9.0 -9.00  989.8 1008.8 1010.9   20 1006.5 1714  0.0 12.1 14.4 -9.0 -9.00 -9.00   -9   -9.0   -9.0 -9.00   -9.0   -9   -9.0   -9   -9.0   -9   -9.0   -9   -9.0   -9 -99.0 -99.0 -99.0 -99.0 -99.0
20260713 239  1.2  1031  16  2.5  853  20  5.4 1453  28.8  32.9 1651  24.3  504  22.9  31.4  23.7  71.9  56.0 1419  27.9   5.7   4.0 -9.00  998.4 1008.5 1010.4    1 1005.9 1730  2.1  7.9 14.5 -9.0 20.42  2.70 1300   -9.0   -9.0 -9.00   -9.0   -9   -9.0   -9   -9.0   -9   -9.0   -9   -9.0   -9 -99.0 -99.0 -99.0 -99.0 -99.0
20260713 243  2.8  2421  18  5.2 1610  20  8.9 1335  29.5  33.3 1644  26.3  539  23.1  31.1  23.8  69.3  53.0 1631  28.2  -9.0  -9.0 -9.00 1007.8 1009.2 1011.0    1 1007.2 1716  4.0  6.9 14.4 -9.0 -9.00 -9.00   -9   -9.0   -9.0 -9.00   -9.0   -9   -9.0   -9   -9.0   -9   -9.0   -9   -9.0   -9 -99.0 -99.0 -99.0 -99.0 -99.0
20260713 244  2.6  2285  20  4.3 1129  18  9.1 1443  27.8  30.8 1541  25.2  528  22.9  28.4  23.6  75.3  63.0 1551  27.9  -9.0  -9.0 -9.00  981.9 1009.4 1011.2    1 1007.4 1738  3.3  9.2 14.4 -9.0 -9.00 -9.00   -9   -9.0   -9.0 -9.00   -9.0   -9   -9.0   -9   -9.0   -9   -9.0   -9   -9.0   -9 -99.0 -99.0 -99.0 -99.0 -99.0
20260713 245  3.8  3311  18  6.5 1755  20 11.1 1416  29.9  33.4 1507  27.8  208  22.9  33.1  25.7  66.8  55.0 1508  28.0   8.3   5.8 -9.00 1001.3 1008.9 1010.7    1 1006.8 1717  3.4 10.1 14.4 -9.0 24.72  3.37 1300    0.0   -9.0 -9.00    0.0   -9    0.0   -9   -9.0   -9   -9.0   -9   -9.0   -9 -99.0 -99.0 -99.0 -99.0 -99.0
20260713 247  2.8  2382  18  5.3 1601  18  8.9 1920  28.9  31.5 1505  25.1  542  23.3  33.9  24.8  72.3  63.0 1542  28.5  -9.0  -9.0 -9.00  994.6 1009.6 1011.4    1 1007.7 1705  5.6  6.3 14.4 -9.0 -9.00 -9.00   -9   -9.0   -9.0 -9.00   -9.0   -9   -9.0   -9   -9.0   -9   -9.0   -9   -9.0   -9 -99.0 -99.0 -99.0 -99.0 -99.0
20260713 248  1.6  1408  23  3.9 1500  18  6.9 1101  26.5  30.8 1552  21.2  307  21.7  27.4  19.8  76.6  57.0 1554  26.0  -9.0  -9.0 -9.00  964.8 1010.0 1012.5    1 1007.6 1740  3.1  8.5 14.4 -9.0 -9.00 -9.00   -9   -9.0   -9.0 -9.00   -9.0   -9   -9.0   -9   -9.0   -9   -9.0   -9   -9.0   -9 -99.0 -99.0 -99.0 -99.0 -99.0
20260713 251  4.0  3489  16  7.0 1231  18 10.4 1243  29.2  32.1 1646  27.3  526  24.5  29.1  25.5  76.4  65.0 1557  30.8   6.6   4.6 -9.00 1003.2 1008.8 1010.7   14 1006.7 1659  4.5  6.0 14.4 -9.0 20.37  2.64 1300   -9.0   -9.0 -9.00   -9.0   -9   -9.0   -9   -9.0   -9   -9.0   -9   -9.0   -9 -99.0 -99.0 -99.0 -99.0 -99.0
20260713 252  2.7  2341  18  5.0 1720  18  8.8 1821  28.8  32.3 1518  26.5  244  24.3  29.0  24.0  77.5  62.0 1558  30.4   5.7   4.0 -9.00 1004.5 1008.7 1010.5    1 1006.8 1706  4.8  4.0 14.4 -9.0 18.73  2.41 1200    0.0   -9.0 -9.00    0.0   -9    0.0   -9   -9.0   -9   -9.0   -9   -9.0   -9 -99.0 -99.0 -99.0 -99.0 -99.0
20260713 253  2.1  1843  25  4.2 1259  25  7.7 1315  28.9  33.4 1352  26.3  530  25.3  34.5  25.2  81.9  63.0 1449  32.2   5.9   4.1 -9.00 1005.6 1011.7 1013.2    1 1010.4 1716  3.9  7.4 14.3 -9.0 22.46  3.10 1200   -9.0   -9.0 -9.00   -9.0   -9   -9.0   -9   -9.0   -9   -9.0   -9   -9.0   -9 -99.0 -99.0 -99.0 -99.0 -99.0
20260713 254  2.4  2032  16  4.5 1804  14  8.3 1803  28.6  32.4 1542  25.9  254  22.7  32.4  24.7  71.3  55.0 1445  27.5   6.2   4.4 -9.00  995.4 1009.9 1011.8    2 1008.0 1734  5.1  5.9 14.4 -9.0 21.23  3.00 1300   -9.0   -9.0 -9.00   -9.0   -9   -9.0   -9   -9.0   -9   -9.0   -9   -9.0   -9 -99.0 -99.0 -99.0 -99.0 -99.0
20260713 255  1.8  1515  20  2.8 1250  23  6.9 1246  30.1  33.4 1159  27.8  630  24.9  32.5  25.7  74.1  61.0 1446  31.4   6.7   4.7 -9.00 1004.7 1010.5 1012.2    1 1008.9 1712  3.9  9.3 14.4 -9.0 24.15  3.07 1400    0.0   -9.0 -9.00    0.0   -9    0.0   -9   -9.0   -9   -9.0   -9   -9.0   -9 -99.0 -99.0 -99.0 -99.0 -99.0
20260713 257  3.4  2899  20  5.6 1138  20  9.0  959  29.5  33.9 1234  27.1  531  26.5  36.9  25.5  84.8  63.0 1235  34.5   6.5   4.6 -9.00 1010.1 1010.8 1012.4    1 1009.2 1618  4.3  7.8 14.4 -9.0 24.06  3.31 1300   -9.0   -9.0 -9.00   -9.0   -9   -9.0   -9   -9.0   -9   -9.0   -9   -9.0   -9 -99.0 -99.0 -99.0 -99.0 -99.0
20260713 258  3.6  3149  20  6.2 1431  18  8.7 1330  28.2  31.1 1314  26.9  424  25.0  29.1  25.7  83.5  72.0 1315  31.7   5.6   4.0 -9.00 1010.7 1010.9 1012.6    1 1009.3 1717  6.0  5.6 14.3 -9.0 20.62  3.31 1300    0.0   -9.0 -9.00    0.0   -9    0.0   -9   -9.0   -9   -9.0   -9   -9.0   -9 -99.0 -99.0 -99.0 -99.0 -99.0
20260713 259  2.5  2129  11  3.9 1638  18  7.3 1357  28.5  31.9 1340  26.9 2356  24.8  28.6  25.0  81.1  69.0 1237  31.3   3.8   2.7 -9.00 1007.8 1009.6 1011.3    1 1008.1 1735  4.9  1.9 14.3 -9.0 14.45  2.08 1300   -9.0   -9.0 -9.00   -9.0   -9   -9.0   -9   -9.0   -9   -9.0   -9   -9.0   -9 -99.0 -99.0 -99.0 -99.0 -99.0
20260713 260  4.0  3470  16  5.6 1254  14  9.5  220  27.4  29.9 1235  26.0 2353  25.2  29.9  25.5  88.0  80.0 1231  32.1  -9.0  -9.0 -9.00 1005.0 1010.0 1011.6    1 1008.5 1718  5.0  2.5 14.3 -9.0 -9.00 -9.00   -9    0.0   -9.0 -9.00    0.0   -9    0.0   -9   -9.0   -9   -9.0   -9   -9.0   -9 -99.0 -99.0 -99.0 -99.0 -99.0
20260713 261  4.3  3743  11  8.3 1748  11 10.1 1843  27.9  31.4 1335  26.2 2234  25.3  30.5  25.5  86.1  73.0 1301  32.2  -9.0  -9.0 -9.00 1008.0 1009.8 1011.5    1 1008.1 1709  3.5  4.8 14.3 -9.0 -9.00 -9.00   -9    0.0   -9.0 -9.00    0.0   -9    0.0   -9   -9.0   -9   -9.0   -9   -9.0   -9 -99.0 -99.0 -99.0 -99.0 -99.0
20260713 262  3.3  2892  18  5.6 1504  18 10.1 1555  28.6  31.4 1318  27.3 2129  24.2  29.6  26.4  77.6  65.0 1401  30.3   6.1   4.2 -9.00 1004.6 1010.4 1012.2    2 1008.9 1657  4.9  7.1 14.3 -9.0 20.84  3.44 1200   -9.0   -9.0 -9.00   -9.0   -9   -9.0   -9   -9.0   -9   -9.0   -9   -9.0   -9 -99.0 -99.0 -99.0 -99.0 -99.0
20260713 263  2.3  1994  20  4.7 1217  23  9.6 1221  28.3  32.9 1402  25.7  252  25.2  31.6  23.2  84.0  60.0 1401  32.0   5.8   4.1 -9.00 1009.1 1010.7 1012.4    1 1009.2 1714  3.8  6.0 14.4 -9.0 21.45  3.21 1300    0.1   -9.0 -9.00    0.1   -9    0.1   -9   -9.0   -9   -9.0   -9   -9.0   -9 -99.0 -99.0 -99.0 -99.0 -99.0
20260713 264  1.3  1147  23  3.9 1754  25  5.8 1746  27.9  33.4 1506  23.1  533  24.2  31.0  22.3  82.1  59.0 1458  30.3   5.9   4.1 -9.00  992.9 1010.0 1012.1    1 1007.8 1711  4.4  6.5 14.4 -9.0 21.12  3.24 1400   -9.0   -9.0 -9.00   -9.0   -9   -9.0   -9   -9.0   -9   -9.0   -9   -9.0   -9 -99.0 -99.0 -99.0 -99.0 -99.0
20260713 266  2.0  1739  23  3.7 1237  25  6.8 1407  28.0  30.8 1441  26.2  553  25.7  30.9  25.2  88.0  73.0 1407  33.0   4.3   3.0 -9.00 1001.3 1011.3 1013.0    1 1009.7 1717  7.1  4.0 14.3 -9.0 17.45  2.50 1300    2.4   -9.0 -9.00    1.7  316    1.5  318   -9.0   -9   -9.0   -9   -9.0   -9 -99.0 -99.0 -99.0 -99.0 -99.0
20260713 268  2.3  2025  20  5.5 2339  20 11.5 2342  27.6  30.8 1404  25.8  430  24.0  31.7  24.5  81.9  68.0 1526  29.9  -9.0  -9.0 -9.00 1007.0 1008.1 1009.8   10 1006.6 1638  5.0  5.9 14.3 -9.0 -9.00 -9.00   -9   -9.0   -9.0 -9.00   -9.0   -9   -9.0   -9   -9.0   -9   -9.0   -9   -9.0   -9 -99.0 -99.0 -99.0 -99.0 -99.0
20260713 271  1.1   983  18  3.2 1149  23  6.5 1239  27.5  32.6 1450  22.6  545  22.3  32.1  21.6  75.4  52.0 1425  26.9  -9.0  -9.0 -9.00  973.7 1009.8 1012.3   19 1007.1 1716  2.1  9.5 14.5 -9.0 -9.00 -9.00   -9   -9.0   -9.0 -9.00   -9.0   -9   -9.0   -9   -9.0   -9   -9.0   -9   -9.0   -9 -99.0 -99.0 -99.0 -99.0 -99.0
20260713 272  1.1   965  18  3.0 1223  18  5.6 1245  27.5  32.8 1419  22.6  426  24.0  32.8  21.7  82.9  57.0 1413  29.8  -9.0  -9.0 -9.00  985.8 1009.5 1011.8   52 1006.8 1744  1.8  7.1 14.5 -9.0 -9.00 -9.00   -9   -9.0   -9.0 -9.00   -9.0   -9   -9.0   -9   -9.0   -9   -9.0   -9   -9.0   -9 -99.0 -99.0 -99.0 -99.0 -99.0
20260713 273  1.0   855  11  2.4 1125   9  3.8 1308  27.9  32.9 1529  23.5  516  24.6  30.6  21.2  83.9  62.0 1457  30.9  -9.0  -9.0 -9.00  989.6 1009.0 1011.0  108 1006.3 1718  4.0  5.7 14.5 -9.0 -9.00 -9.00   -9   -9.0   -9.0 -9.00   -9.0   -9   -9.0   -9   -9.0   -9   -9.0   -9   -9.0   -9 -99.0 -99.0 -99.0 -99.0 -99.0
20260713 276  1.5  1283  27  4.5 1321  29  8.1  930  29.0  35.7 1634  22.0  536  23.2  32.9  20.0  74.1  47.0 1626  28.4   7.5   5.2 -9.00  985.6 1008.9 1011.4   24 1006.1 1716  2.4 10.0 14.5 -9.0 25.26  3.28 1100   -9.0   -9.0 -9.00   -9.0   -9   -9.0   -9   -9.0   -9   -9.0   -9   -9.0   -9 -99.0 -99.0 -99.0 -99.0 -99.0
20260713 277  1.9  1654  32  5.1 1424  29  8.6 1422  30.6  37.1 1300  25.2  332  22.1  36.1  23.2  61.8  40.0 1557  26.6  -9.0  -9.0 -9.00 1004.2 1008.7 1010.9    1 1006.8 1701  1.0 12.1 14.5 -9.0 -9.00 -9.00   -9   -9.0   -9.0 -9.00   -9.0   -9   -9.0   -9   -9.0   -9   -9.0   -9   -9.0   -9 -99.0 -99.0 -99.0 -99.0 -99.0
20260713 278  1.4  1169  25  3.7 1232  25  8.1 1228  29.6  35.9 1539  23.2  501  23.3  33.8  21.7  71.8  46.0 1540  28.6  -9.0  -9.0 -9.00  999.4 1008.5 1010.7    1 1006.0 1724  1.6 10.8 14.4 -9.0 -9.00 -9.00   -9   -9.0   -9.0 -9.00   -9.0   -9   -9.0   -9   -9.0   -9   -9.0   -9   -9.0   -9 -99.0 -99.0 -99.0 -99.0 -99.0
20260713 279  1.7  1504  23  3.4 2017  25  8.6 2046  30.4  35.6 1435  25.0  529  23.0  34.2  24.0  66.0  47.0 1441  28.0   7.4   5.2 -9.00 1003.7 1009.1 1011.4    1 1006.9 1736  1.8  9.8 14.4 -9.0 24.03  3.07 1100   -9.0   -9.0 -9.00   -9.0   -9   -9.0   -9   -9.0   -9   -9.0   -9   -9.0   -9 -99.0 -99.0 -99.0 -99.0 -99.0
20260713 281  2.0  1717  27  4.4 1341  29  9.5 1338  29.6  35.1 1451  24.0  604  22.3  35.5  22.3  67.6  44.0 1423  27.0  -9.0  -9.0 -9.00  999.4 1010.1 1012.3    1 1008.1 1639  2.4  9.3 14.4 -9.0 -9.00 -9.00   -9   -9.0   -9.0 -9.00   -9.0   -9   -9.0   -9   -9.0   -9   -9.0   -9   -9.0   -9 -99.0 -99.0 -99.0 -99.0 -99.0
20260713 283  3.0  2620  25  6.0 1000  27  8.9 1017  30.2  36.8 1319  24.1  517  23.3  34.7  21.8  69.6  43.0 1539  28.5   9.5   6.6 -9.00 1005.5 1010.0 1012.3    1 1007.8 1732  0.5 12.3 14.4 -9.0 28.19  3.59 1200   -9.0   -9.0 -9.00   -9.0   -9   -9.0   -9   -9.0   -9   -9.0   -9   -9.0   -9 -99.0 -99.0 -99.0 -99.0 -99.0
20260713 284  2.3  1996  20  5.0 1317  20  8.1 1257  27.8  32.8 1332  23.4  524  23.1  32.5  21.7  77.0  59.0 1612  28.2   7.4   5.2 -9.00  983.4 1008.9 1011.1    1 1006.7 1704  3.0 10.1 14.4 -9.0 26.23  3.23 1200   -9.0   -9.0 -9.00   -9.0   -9   -9.0   -9   -9.0   -9   -9.0   -9   -9.0   -9 -99.0 -99.0 -99.0 -99.0 -99.0
20260713 285  1.7  1487  20  3.7 1112  18  7.6 1409  29.2  33.6 1413  25.8    1  24.3  33.5  25.3  76.3  57.0 1354  30.4  -9.0  -9.0 -9.00 1007.4 1010.4 1012.4    1 1008.8 1715  2.0  7.6 14.4 -9.0 -9.00 -9.00   -9   -9.0   -9.0 -9.00   -9.0   -9   -9.0   -9   -9.0   -9   -9.0   -9   -9.0   -9 -99.0 -99.0 -99.0 -99.0 -99.0
20260713 288  2.2  1876  18  4.7 1117  18  7.8 1534  30.0  35.0 1452  26.0  602  24.4  34.1  26.0  73.1  50.0 1330  30.5   6.4   4.5 -9.00 1008.1 1009.0 1010.8   11 1007.3 1721  3.9  6.9 14.4 -9.0 22.05  3.62 1300    0.0   -9.0 -9.00    0.0   -9    0.0   -9   -9.0   -9   -9.0   -9   -9.0   -9 -99.0 -99.0 -99.0 -99.0 -99.0
20260713 289  2.2  1894   5  4.2  844   5  7.7  840  28.3  31.9 1558  26.1  115  24.2  30.4  23.9  79.1  66.0 1402  30.2  -9.0  -9.0 -9.00  995.3 1010.8 1012.7    8 1009.2 1703  5.9  4.3 14.4 -9.0 -9.00 -9.00   -9    0.0   -9.0 -9.00    0.0   -9    0.0   -9   -9.0   -9   -9.0   -9   -9.0   -9 -99.0 -99.0 -99.0 -99.0 -99.0
20260713 294  1.7  1437   5  3.2 1348  14  8.7 2051  27.2  28.8 1345  26.3  511  24.5  28.7  25.9  85.1  77.0 1347  30.7  -9.0  -9.0 -9.00 1006.7 1011.8 1013.1    1 1010.7 1710  5.3  0.0 14.3 -9.0 -9.00 -9.00   -9    0.6   -9.0 -9.00    0.5 1403    0.3 1405   -9.0   -9   -9.0   -9   -9.0   -9 -99.0 -99.0 -99.0 -99.0 -99.0
20260713 295  1.8  1515  20  3.4 1216  18  8.1  738  27.1  28.7 1358  26.1  201  24.7  28.0  25.1  87.4  79.0 1558  31.2  -9.0  -9.0 -9.00 1005.9 1011.1 1012.7    1 1009.7 1722  6.3  0.8 14.3 -9.0 -9.00 -9.00   -9   11.1   -9.0 -9.00    5.3  852    3.7  856   -9.0   -9   -9.0   -9   -9.0   -9 -99.0 -99.0 -99.0 -99.0 -99.0
20260713 296  3.0  2591  18  5.3 1723  18  8.8 1508  28.4  31.7 1014  26.5  501  26.4  30.3  24.7  89.3  73.0 1015  34.3   4.4   3.1 -9.00 1009.9 1010.2 1011.7    1 1008.9 1611  3.8  4.8 14.4 -9.0 17.58  2.55 1000    0.0   -9.0  0.02    0.0   -9    0.0   -9   -9.0   -9   -9.0   -9   -9.0   -9 -99.0 -99.0 -99.0 -99.0 -99.0
20260714  90  2.8  2436  14  8.3 1400  14 12.2 1358  29.1  32.9 2107  25.4   14  22.9  31.9  25.4  70.1  52.0 2106  27.9   7.3   5.1 -9.00  999.5 1001.5 1006.5  802  994.2 2346  7.6  4.9 14.6 -9.0 18.93  3.39 1200    0.6   -9.0 -9.00    0.6 2301    0.5 2351   -9.0   -9   -9.0   -9   -9.0   -9 -99.0 -99.0 -99.0 -99.0 -99.0
20260714  93  1.7  1445  18  5.1 1513  14  9.1 1938  27.9  32.5 1453  24.8 2346  24.5  30.3  24.7  83.3  63.0 1405  30.8   3.8   2.7 -9.00  992.3 1003.0 1008.1   28  996.1 2344  8.5  2.3 14.6 -9.0 11.30  1.80 1400   33.2   43.9  8.83   22.3 2318    5.8 2331   -9.0   -9   -9.0   -9   -9.0   -9  27.6  25.0  22.3  17.8  15.1
20260714  95  1.8  1540  25  5.2 2338  11 11.2 2224  27.1  31.2 1354  24.9   52  24.7  28.0  25.0  87.8  65.0 1256  31.1   3.2   2.2 -9.00  985.1 1002.5 1008.1    1  996.0 2315  9.5  1.9 14.6 -9.0 11.34  2.28  900   55.9   62.7 -9.00   23.5 2216    5.7 2216   -9.0   -9   -9.0   -9   -9.0   -9 -99.0 -99.0 -99.0 -99.0 -99.0
20260714  98  1.8  1588  18  4.1 2051  18 10.2 2138  27.2  30.6 1317  24.8 2345  23.1  29.3  24.3  79.3  61.0 1309  28.3   2.8   2.0 -9.00  989.3 1002.2 1007.7   32  996.2 2244  9.5  0.7 14.6 -9.0  8.97  1.98  900   82.9   -9.0 -9.00   43.4 2151    8.7 2206   -9.0   -9   -9.0   -9   -9.0   -9 -99.0 -99.0 -99.0 -99.0 -99.0
20260714  99  2.0  1769  27  4.9 2348  29 11.3 2400  26.4  31.2 1326  24.5  601  24.4  28.5  25.3  89.5  68.0 1328  30.5   2.5   1.8 -9.00  999.3 1002.8 1008.2    1  996.9 2211  9.0  0.2 14.6 -9.0  8.79  1.57 1200   74.1   -9.0 -9.00   37.6 2112   10.7 2131   -9.0   -9   -9.0   -9   -9.0   -9 -99.0 -99.0 -99.0 -99.0 -99.0
20260714 100  4.5  3908  27  9.2 2157  27 17.2 2155  26.1  30.7 1355  22.3  700  21.4  26.9  21.5  76.1  60.0 1407  25.5   6.7   4.7 -9.00  918.8 1002.0 1007.3  740  995.1 2343  7.6  7.4 14.6 -9.0 20.46  3.25 1100    0.0   -9.0 -9.00    0.0   -9    0.0   -9   -9.0   -9   -9.0   -9   -9.0   -9 -99.0 -99.0 -99.0 -99.0 -99.0
20260714 101  2.0  1698  20  4.8 1418  18 11.0 1945  28.0  32.5 1510  25.2 2341  23.8  31.7  24.2  79.1  58.0 1511  29.4   4.4   3.1 -9.00  993.4 1001.9 1007.1   23  994.8 2349  8.5  1.4 14.6 -9.0 12.99  2.30 1400   32.9   45.8 -9.00   21.6 2327    6.3 2339   -9.0   -9   -9.0   -9   -9.0   -9  27.0  23.4  21.1  17.0  15.2
20260714 102  8.6  7468  16 11.2 1114  18 19.7 1017  23.4  24.7 1806  22.6 2259  22.3  23.5  22.7  94.0  90.0    6  26.9   1.9   1.3 -9.00  994.1  998.2 1004.8    1  992.3 1807  8.9  0.0 14.6 -9.0  1.69  0.36 1100   32.0   -9.0 18.33   16.1 1441    5.2 1520   -9.0   -9   -9.0   -9   -9.0   -9 -99.0 -99.0 -99.0 -99.0 -99.0
20260714 104  2.0  1705  20  4.4 2315  25 10.0 2207  31.5  36.7 1407  27.0  456  24.4  33.7  24.0  66.9  49.0 1349  30.6   8.0   5.6 -9.00  992.6 1000.9 1005.8  641  994.1 2356  6.5  7.5 14.6 -9.0 23.76  3.68 1300    0.0    3.1  0.50    0.0   -9    0.0   -9   -9.0   -9   -9.0   -9   -9.0   -9  26.9  22.9  20.5  16.2  14.0
20260714 105  2.5  2193  20  4.7 1539  18  8.4 1315  32.4  36.4 1446  28.0    2  22.4  34.6  26.6  56.5  44.0 1454  27.2   8.3   5.8 -9.00  998.9 1001.9 1006.8  751  995.0 2351  6.6  6.8 14.6 -9.0 19.62  3.03 1400   -9.0   -9.0 -9.00   -9.0   -9   -9.0   -9   -9.0   -9   -9.0   -9   -9.0   -9  27.6  23.6  22.0  17.5  15.5
20260714 106  2.1  1845  14  5.5 1155  23 10.0 2229  30.0  36.0 1545  26.0  204  22.7  36.7  23.8  65.8  47.0 1545  27.6   6.9   4.8 -9.00  998.2 1002.8 1007.2  639  996.0 2348  5.5  8.1 14.5 -9.0 21.76  2.96 1400   -9.0   -9.0 -9.00   -9.0   -9   -9.0   -9   -9.0   -9   -9.0   -9   -9.0   -9 -99.0 -99.0 -99.0 -99.0 -99.0
20260714 108  3.4  2947  23  7.6 2343  18 14.9 2335  28.1  31.0 1212  25.2 2331  23.9  26.9  24.2  79.0  63.0 1214  29.7   2.7   1.9 -9.00  993.1 1002.7 1007.8   10  996.9 2247  8.9  0.5 14.5 -9.0  7.02  1.25 1200   74.5   91.4  8.83   26.0 2148    7.9 2154   -9.0   -9   -9.0   -9   -9.0   -9  26.9  23.9  22.6  17.9  14.6
20260714 112  5.4  4705  18 10.0 1938  16 17.7 1930  27.5  31.2 1233  24.4 2345  24.6  27.9  23.8  85.3  68.0 1116  30.9   3.7   2.6 -9.00  994.5 1002.2 1007.7    1  996.8 2138  9.3  1.6 14.5 -9.0 11.32  2.54 1100   43.7   51.6  9.42   22.4 2045    6.4 2131   -9.0   -9   -9.0   -9   -9.0   -9  26.0  23.7  17.0  20.9  14.4
20260714 114  2.5  2176  20  5.9 2035  23 14.3 2029  30.0  34.4 1527  25.6 2351  22.7  32.7  24.4  66.1  51.0 1448  27.7   6.5   4.6 -9.00  986.4 1003.0 1008.1   51  996.9 2358  8.3  4.5 14.5 -9.0 19.65  2.73 1000   10.6   -9.0 -9.00    8.6 2258    2.1 2351   -9.0   -9   -9.0   -9   -9.0   -9 -99.0 -99.0 -99.0 -99.0 -99.0
20260714 115  7.1  6151  23 12.0 2106  23 20.3 2143  27.8  31.5  947  25.0 2342  23.6  33.5  24.2  79.3  66.0  917  29.2   6.5   4.5 -9.00  979.8 1004.4 1007.6    1 1000.0 2358  3.6 11.6 14.5 -9.0 24.39  3.14 1200   -9.0   17.5 -9.00   -9.0   -9   -9.0   -9   -9.0   -9   -9.0   -9   -9.0   -9  23.1  19.8  18.5  14.0  13.5
20260714 119  3.6  3099  23  6.9 2350  20 12.1 2323  28.1  31.7 1328  25.2 2342  22.9  28.5  25.1  74.3  60.0 1316  28.0   3.8   2.6 -9.00  998.3 1002.8 1007.8    4  997.7 2234  9.3  1.2 14.5 -9.0 10.47  1.50 1200   42.7   45.4  7.17   24.2 2128    6.7 2201   -9.0   -9   -9.0   -9   -9.0   -9  26.7  23.5  21.3  16.6  14.2
20260714 121  1.8  1577  18  5.6 2139  18 12.4 2028  28.9  34.2 1203  24.2  214  23.6  36.0  22.8  74.8  51.0 1342  29.1   6.6   4.6 -9.00  977.5 1004.1 1009.1  152  999.0 2351  8.5  6.3 14.5 -9.0 22.67  3.31 1100    1.9   -9.0 -9.00    1.9 2301    1.0 2356   -9.0   -9   -9.0   -9   -9.0   -9 -99.0 -99.0 -99.0 -99.0 -99.0
20260714 127  1.7  1495  18  5.7 2106  16 11.8 2043  29.8  34.0 1451  25.2  120  23.1  30.3  24.2  68.9  54.0 1547  28.4   5.7   4.0 -9.00  990.2 1002.9 1007.8  117  997.4 2358  7.9  4.3 14.5 -9.0 19.04  2.54  900    2.7   -9.0 -9.00    2.6 2257    1.0 2321   -9.0   -9   -9.0   -9   -9.0   -9 -99.0 -99.0 -99.0 -99.0 -99.0
20260714 129  5.3  4598  18  9.3 1239  18 16.6 1236  27.5  30.9 1227  25.0 2258  24.1  27.6  24.5  82.8  65.0 1145  30.0   3.7   2.6 -9.00 1000.4 1003.3 1008.0    1  999.0 2055  8.3  1.2 14.5 -9.0 11.76  2.30 1200   20.5   20.5 -9.00    6.1 2219    2.4 2310   -9.0   -9   -9.0   -9   -9.0   -9  26.6  23.6  21.5  17.0  15.2
20260714 130  2.1  1856  16  5.6 1807  18  8.2 2150  25.5  28.9  653  21.7 2351  21.8  30.9  21.7  80.9  69.0    1  26.2  -9.0  -9.0 -9.00  998.6 1004.1 1008.1  639  997.9 2356  5.6 10.9 14.5 -9.0 -9.00 -9.00   -9   -9.0   -9.0 -9.00   -9.0   -9   -9.0   -9   -9.0   -9   -9.0   -9   -9.0   -9 -99.0 -99.0 -99.0 -99.0 -99.0
20260714 131  2.1  1826  23  4.2 2339  23 10.1 2332  30.4  33.9 1237  26.7 2226  22.4  31.7  26.9  63.4  51.0 1300  27.2   5.7   4.0 -9.00  996.8 1003.4 1008.1   18  998.5 2359  8.8  3.7 14.5 -9.0 18.31  2.87 1200    3.0    6.2  4.67    2.3 2156    0.8 2208   -9.0   -9   -9.0   -9   -9.0   -9 -99.0 -99.0 -99.0 -99.0 -99.0
20260714 133  3.5  3061  20  6.8 1233  20 11.3 1233  29.4  32.8 1123  26.0 2321  23.4  31.2  25.8  71.0  57.0 1124  28.8   5.4   3.8 -9.00  996.7 1004.3 1008.8    1  999.9 2356  8.1  3.4 14.4 -9.0 16.85  2.71 1100    1.7   11.9  3.67    1.2 2219    0.6 2240   -9.0   -9   -9.0   -9   -9.0   -9  28.3  26.1  24.3  20.3  17.0
20260714 135  1.8  1577  16  5.1 1749  18  7.9 1747  27.2  32.7 1352  21.6  444  22.7  30.9  22.8  78.0  60.0 1354  27.7   5.4   3.8 -9.00  977.2 1004.5 1009.0   57 1000.2 2355  7.3  6.1 14.4 -9.0 20.06  3.39 1300    0.6   -9.0 -9.00    0.6 2258    0.3 2319   -9.0   -9   -9.0   -9   -9.0   -9 -99.0 -99.0 -99.0 -99.0 -99.0
20260714 136  2.0  1754  23  4.5 1529  23 10.0 1724  29.3  35.1 1431  23.8  603  22.9  35.2  23.2  70.0  51.0 1501  28.0   7.2   5.0 -9.00  989.9 1005.6 1009.7  158 1000.9 2358  5.3  7.9 14.4 -9.0 23.57  3.06 1300    0.0    3.6  0.33    0.0   -9    0.0   -9   -9.0   -9   -9.0   -9   -9.0   -9 -99.0 -99.0 -99.0 -99.0 -99.0
20260714 137  1.0   854  23  2.3 1442   9  6.2 1349  28.2  34.1 1256  23.8  513  24.2  34.1  22.8  80.0  59.0 1258  30.3   5.2   3.7 -9.00  993.1 1003.9 1008.1   53  999.4 2356  6.9  6.7 14.4 -9.0 21.59  3.24 1200    1.4   -9.0 -9.00    1.5 2303    0.4 2338   -9.0   -9   -9.0   -9   -9.0   -9 -99.0 -99.0 -99.0 -99.0 -99.0
20260714 138  3.5  3063  20  6.9 1718  18 11.8 1418  30.4  34.7 1408  27.9  422  21.9  34.3  26.0  61.3  46.0 1359  26.3   8.8   6.2 -9.00 1004.5 1004.9 1008.4    1 1000.6 2357  5.8  7.9 14.4 -9.0 21.19  2.42 1300   -9.0    0.0 -9.00   -9.0   -9   -9.0   -9   -9.0   -9   -9.0   -9   -9.0   -9  25.6  21.7  20.2  17.3  16.1
20260714 140  3.7  3163  18  6.5 1722  18 12.2 1720  28.4  32.2 1358  25.9 2331  24.7  30.6  24.4  80.9  67.0 1329  31.1  -9.0  -9.0 -9.00 1002.1 1005.3 1009.4    1 1001.9 2354  8.6  2.8 14.4 -9.0 -9.00 -9.00   -9    3.4   -9.0 -9.00    3.2 2145    2.0 2149   -9.0   -9   -9.0   -9   -9.0   -9 -99.0 -99.0 -99.0 -99.0 -99.0
20260714 143  1.8  1516  20  3.6 2148  16  6.7 2122  30.1  34.3 1224  27.0  413  22.1  34.9  26.0  63.3  49.0 1157  26.6   6.4   4.5 -9.00  999.1 1005.2 1008.9    1 1001.4 2357  6.3  3.3 14.4 -9.0 15.90  2.33 1100   -9.0   -9.0 -9.00   -9.0   -9   -9.0   -9   -9.0   -9   -9.0   -9   -9.0   -9 -99.0 -99.0 -99.0 -99.0 -99.0
20260714 146  3.1  2703  18  5.4 1218  20 10.5 1052  29.2  32.6 1151  26.7 2355  23.8  29.2  25.4  73.5  61.0 1152  29.4   5.8   4.0 -9.00  998.1 1004.9 1008.7    1 1001.6 2359  7.5  3.9 14.4 -9.0 18.39  2.99 1200    0.8    7.5  3.92    0.8 2253    0.4 2253   -9.0   -9   -9.0   -9   -9.0   -9 -99.0 -99.0 -99.0 -99.0 -99.0
20260714 152  4.1  3576  23  8.2 1309  23 12.0 1434  28.5  31.9 1138  26.1  437  22.6  32.5  24.0  70.9  58.0 1142  27.4   7.9   5.5 -9.00  996.7 1005.8 1009.1    1 1002.2 2358  5.8  5.9 14.4 -9.0 21.64  3.47 1200   -9.0   -9.0 -9.00   -9.0   -9   -9.0   -9   -9.0   -9   -9.0   -9   -9.0   -9 -99.0 -99.0 -99.0 -99.0 -99.0
20260714 155  2.8  2378  18  5.5 1725  23 11.5 1745  27.1  28.5  820  26.3  448  24.9  28.0  25.3  88.0  78.0 1317  31.4   2.6   1.8 -9.00 1003.3 1007.3 1010.2    1 1004.0 2325  9.0  0.2 14.3 -9.0  6.53  0.89  800    1.5   -9.0 13.93    0.5 1717    0.4 1807   -9.0   -9   -9.0   -9   -9.0   -9 -99.0 -99.0 -99.0 -99.0 -99.0
20260714 156  3.9  3341  16  6.6 1411  16 11.3 1410  28.2  31.2 1520  26.6  539  24.7  32.1  25.2  81.8  71.0 1524  31.2   4.0   2.8 -9.00  998.0 1005.9 1009.1    1 1003.4 2354  8.0  1.0 14.3 -9.0 11.58  2.52 1200    0.0   -9.0  1.75    0.0   -9    0.0   -9   -9.0   -9   -9.0   -9   -9.0   -9 -99.0 -99.0 -99.0 -99.0 -99.0
20260714 159  6.8  5894  27 12.8 2139  25 19.6 2210  27.4  29.7 1236  26.2 1950  24.3  30.5  23.8  83.3  72.0  846  30.3   4.8   3.3 -9.00  999.3 1007.2 1010.0    1 1003.9 2347  8.6  1.6 14.3 -9.0 14.09  2.36 1200    0.2    0.2  1.48    0.2   -9    0.1   -9   -9.0   -9   -9.0   -9   -9.0   -9  26.9  23.6  22.2  17.8  17.5
20260714 162  5.3  4537  23  9.8 2327  23 16.7 2321  26.9  29.5 1227  25.9  347  24.1  27.1  25.3  85.0  71.0 1230  30.0   3.6   2.5 -9.00 1003.6 1007.1 1009.9    1 1004.2 2355  8.1  0.4 14.3 -9.0  9.12  1.82 1200    0.6   -9.0 -9.00    0.5  314    0.4  327   -9.0   -9   -9.0   -9   -9.0   -9 -99.0 -99.0 -99.0 -99.0 -99.0
20260714 165  6.0  5148  18  9.4 1326  16 14.7 1324  27.2  28.8 1342  26.1  632  24.9  29.7  24.8  87.3  81.0 1232  31.5   3.9   2.7 -9.00 1000.9 1006.0 1009.0    1 1003.8 1905  8.8  0.8 14.3 -9.0 11.29  2.21 1300    0.0    0.0  3.00    0.0   -9    0.0   -9   -9.0   -9   -9.0   -9   -9.0   -9  27.2  23.5  21.9  18.7  16.4
20260714 168  6.6  5684  20  9.4 1620  20 14.2 1604  26.3  27.3 1339  25.4 2254  24.7  28.8  26.0  91.4  85.0    1  31.1   3.1   2.1 -9.00 1000.2 1007.7 1010.6    1 1005.0 2357  8.4  0.0 14.3 -9.0  8.18  1.63 1300    0.0   -9.0  2.12    0.0   -9    0.0   -9   -9.0   -9   -9.0   -9   -9.0   -9  27.6  24.1  21.8  18.4  17.0
20260714 169 11.8 10162  16 14.7 1141  18 19.9  712  25.6  27.6 1058  24.4 2131  24.2  27.6  24.9  92.3  82.0 1051  30.2   3.9   2.8 -9.00  995.8 1004.3 1007.0   16 1002.3 1814  9.0  0.5 14.3 -9.0 10.08  2.03 1000    0.0   -9.0  0.92    0.0   -9    0.0   -9   -9.0   -9   -9.0   -9   -9.0   -9 -99.0 -99.0 -99.0 -99.0 -99.0
20260714 170  4.2  3589  18  8.5 1636  25 15.5 1632  27.9  32.3 1347  25.0   39  24.4  31.6  25.4  82.0  66.0 1200  30.5   6.5   4.5 -9.00 1002.9 1006.9 1009.7    1 1004.7 2013  7.8  5.3 14.3 -9.0 20.31  3.41 1100    0.3   -9.0 -9.00    0.3  653    0.2   -9   -9.0   -9   -9.0   -9   -9.0   -9 -99.0 -99.0 -99.0 -99.0 -99.0
20260714 172  4.7  4075  18  7.5 1521  18 13.5 1515  27.7  30.5 1246  26.2  617  25.1  27.9  25.4  86.3  68.0 1250  31.8   4.3   3.0 -9.00  999.1 1005.0 1008.1    1 1002.4 2349  7.3  1.3 14.3 -9.0 14.17  2.40 1100    1.0   -9.0 -9.00    0.8 2234    0.8 2236   -9.0   -9   -9.0   -9   -9.0   -9 -99.0 -99.0 -99.0 -99.0 -99.0
20260714 174  1.6  1424  14  3.9 1433  18  8.3 2034  25.7  27.8  913  24.4  152  23.5  28.0  24.1  88.1  79.0 1508  28.9  -9.0  -9.0 -9.00  986.9 1005.5 1008.5    1 1002.7 2357  8.4  0.1 14.3 -9.0 -9.00 -9.00   -9    4.9   -9.0 -9.00    1.6  423    0.6  506   -9.0   -9   -9.0   -9   -9.0   -9 -99.0 -99.0 -99.0 -99.0 -99.0
20260714 177  3.7  3166  18  7.0 2351  16 13.0 1829  28.5  31.7 1331  25.9 2358  24.4  30.1  25.3  79.5  64.0 1259  30.6   4.0   2.8 -9.00  998.9 1002.0 1006.7    1  997.9 2259  9.1  2.0 14.5 -9.0 12.35  1.86 1100   14.2   16.8  8.33    5.8 2039    2.6 2335   -9.0   -9   -9.0   -9   -9.0   -9 -99.0 -99.0 -99.0 -99.0 -99.0
20260714 181  3.6  3095  23  7.1 1239  16 11.9 1450  28.7  32.4 1245  25.5 2217  23.3  30.0  24.5  73.4  59.0 1235  28.6   5.7   4.0 -9.00 1000.3 1004.0 1008.7    1  999.1 2351  7.8  3.8 14.5 -9.0 17.85  3.03 1200    3.2   -9.0 -9.00    2.6 2152    1.0 2207   -9.0   -9   -9.0   -9   -9.0   -9 -99.0 -99.0 -99.0 -99.0 -99.0
20260714 184  4.5  3849  25  8.2 1551  20 16.5 2320  30.5  34.9 1315  26.8  614  22.9  38.6  24.9  64.9  48.0 1336  27.9  10.7   7.5 -9.00 1003.4 1005.8 1008.0    2 1003.5 2357  5.9  9.8 14.2 -9.0 25.87  3.66 1200   -9.0   -9.0 -9.00   -9.0   -9   -9.0   -9   -9.0   -9   -9.0   -9   -9.0   -9  28.8  26.4  24.7  22.0  18.0
20260714 185  8.0  6913  14 10.7 1227  16 13.3 1053  25.7  27.3 1154  24.7 2353  24.4  29.0  25.4  93.1  86.0 1157  30.6   3.0   2.1 -9.00  998.9 1007.0 1009.2    1 1005.4 1751  6.4  0.4 14.2 -9.0 10.62  2.03 1100    0.0   -9.0 -9.00    0.0   -9    0.0   -9   -9.0   -9   -9.0   -9   -9.0   -9 -99.0 -99.0 -99.0 -99.0 -99.0
20260714 188  4.9  4229  18  7.1 1325  23 11.0 2153  26.5  28.3 1127  25.1 1946  24.8  28.9  25.3  90.8  83.0 1129  31.2  -9.0  -9.0 -9.00 1005.7 1008.0 1010.4    1 1006.0 1941  6.4  0.3 14.2 -9.0 -9.00 -9.00   -9    0.2   -9.0 -9.00    0.2   -9    0.2   -9   -9.0   -9   -9.0   -9   -9.0   -9 -99.0 -99.0 -99.0 -99.0 -99.0
20260714 189  2.5  2135  23  4.3  306  29  7.8 2011  26.6  27.4 1344  25.9  304  25.0  27.4  25.8  91.3  88.0  754  31.7   1.4   1.0 -9.00 1002.5 1008.4 1010.7    1 1006.6 2354 10.0  0.0 14.2 -9.0  3.86  0.55 1100    0.0    0.0  6.55    0.0   -9    0.0   -9   -9.0   -9   -9.0   -9   -9.0   -9 -99.0 -99.0 -99.0 -99.0 -99.0
20260714 192  1.1   957  18  2.8 1420  18  7.6 1419  26.7  29.1 1527  25.6    6  24.7  29.5  24.7  89.4  80.0 1245  31.1   3.4   2.4 -9.00 1003.8 1007.1 1010.1    1 1003.8 2352  8.5  0.7 14.3 -9.0 11.08  1.69 1200    0.6    0.6 -9.00    0.5 1633    0.5 1657   -9.0   -9   -9.0   -9   -9.0   -9 -99.0 -99.0 -99.0 -99.0 -99.0
20260714 201  3.7  3219  25 10.8 2227  27 19.2 2227  26.1  28.8 1127  24.2 2311  24.3  26.1  23.8  90.1  73.0  148  30.3  -9.0  -9.0 -9.00  997.5 1002.9 1008.4    3  997.1 2145  9.0  0.1 14.6 -9.0 -9.00 -9.00   -9  100.9   -9.0 -9.00   45.6 2043   11.4 2058   -9.0   -9   -9.0   -9   -9.0   -9 -99.0 -99.0 -99.0 -99.0 -99.0
20260714 202  1.8  1581  16  4.6 2248  16  7.9 2240  28.2  31.8 1510  25.0 2336  23.2  31.3  24.3  75.5  60.0 1348  28.4  -9.0  -9.0 -9.00  998.2 1003.5 1008.5   57  997.5 2355  8.6  1.4 14.5 -9.0 -9.00 -9.00   -9   46.8   -9.0 -9.00   28.4 2238    6.4 2303   -9.0   -9   -9.0   -9   -9.0   -9 -99.0 -99.0 -99.0 -99.0 -99.0
20260714 203  2.8  2405  18  6.2 1921  20 11.4 1914  28.8  32.3 1453  25.5 2256  24.2  30.8  25.2  77.1  64.0 1454  30.2  -9.0  -9.0 -9.00  994.8 1003.8 1008.7   48  998.1 2325  8.8  2.2 14.5 -9.0 -9.00 -9.00   -9   37.5   -9.0 -9.00   21.5 2250    4.3 2334   -9.0   -9   -9.0   -9   -9.0   -9 -99.0 -99.0 -99.0 -99.0 -99.0
20260714 211  2.5  2137  20  4.6 1533  23 10.4 1534  28.0  32.2 1417  23.8  100  22.3  30.4  22.6  72.6  56.0 1553  26.9  -9.0  -9.0 -9.00  979.8 1002.2 1007.7  108  995.5 2353  8.3  2.0 14.6 -9.0 -9.00 -9.00   -9    8.8   -9.0 -9.00    8.7 2310    2.2 2326   -9.0   -9   -9.0   -9   -9.0   -9 -99.0 -99.0 -99.0 -99.0 -99.0
20260714 212  1.3  1119  20  3.8 2027  23  8.1 1331  28.4  33.6 1354  24.9  126  23.0  30.4  23.7  74.4  52.0 1331  28.1  -9.0  -9.0 -9.00  987.8 1003.4 1008.6  154  996.8 2358  8.5  2.6 14.6 -9.0 -9.00 -9.00   -9   15.9   -9.0 -9.00   12.5 2331    2.7 2331   -9.0   -9   -9.0   -9   -9.0   -9 -99.0 -99.0 -99.0 -99.0 -99.0
20260714 216  2.5  2190  20  6.4 2303  23 15.4 2259  26.9  31.5 1503  23.7  210  20.4  29.0  21.7  68.5  53.0 1339  24.0   6.5   4.6 -9.00  926.0 1003.1 1007.9  148  996.8 2340  6.6  6.8 14.5 -9.0 21.51  3.19 1300    0.0   -9.0 -9.00    0.0   -9    0.0   -9   -9.0   -9   -9.0   -9   -9.0   -9 -99.0 -99.0 -99.0 -99.0 -99.0
20260714 217  2.8  2400  18  6.3 2311  16 11.8 2346  29.3  33.6 1416  24.8   13  22.2  35.1  25.1  66.6  51.0 1414  26.8  -9.0  -9.0 -9.00  969.1 1003.4 1008.3    1  997.8 2322  8.3  5.7 14.5 -9.0 -9.00 -9.00   -9    1.1   -9.0 -9.00    1.1 2301    0.7 2347   -9.0   -9   -9.0   -9   -9.0   -9 -99.0 -99.0 -99.0 -99.0 -99.0
20260714 221  1.7  1437  18  4.1 2052  20  8.2 2043  27.4  31.8 1326  23.6  152  23.1  31.7  23.0  78.9  61.0 1207  28.2  -9.0  -9.0 -9.00  974.5 1003.9 1008.7  100  998.5 2359  8.3  4.8 14.5 -9.0 -9.00 -9.00   -9    5.6   -9.0 -9.00    5.4 2259    1.9 2335   -9.0   -9   -9.0   -9   -9.0   -9 -99.0 -99.0 -99.0 -99.0 -99.0
20260714 226  2.3  1998  18  5.9 2105  16 10.2 2114  27.8  32.4 1346  23.1  358  23.1  30.4  21.6  77.9  57.0 1349  28.3  -9.0  -9.0 -9.00  985.6 1004.7 1009.3   57 1000.2 2354  7.4  5.3 14.4 -9.0 -9.00 -9.00   -9    3.4   -9.0 -9.00    2.3 2242    1.0 2325   -9.0   -9   -9.0   -9   -9.0   -9 -99.0 -99.0 -99.0 -99.0 -99.0
20260714 232  1.7  1491  18  3.9 2232  16 10.9 2242  28.1  32.0 1408  25.8  512  24.6  30.5  24.4  82.4  64.0 1327  31.0  -9.0  -9.0 -9.00  994.9 1004.4 1009.2    1  999.3 2347  8.5  3.6 14.5 -9.0 -9.00 -9.00   -9    2.2   -9.0 -9.00    1.0 2150    0.4 2151   -9.0   -9   -9.0   -9   -9.0   -9 -99.0 -99.0 -99.0 -99.0 -99.0
20260714 235  6.7  5781  20 11.1 2353  20 17.3 1855  28.0  31.7 1242  25.6 2354  24.1  27.7  25.2  80.0  67.0 1200  30.0   5.2   3.6 -9.00 1002.2 1003.3 1007.4    1  999.8 2331  9.1  3.0 14.4 -9.0 14.80  2.90 1300    3.0   -9.0 -9.00    1.7 2000    0.7 2030   -9.0   -9   -9.0   -9   -9.0   -9 -99.0 -99.0 -99.0 -99.0 -99.0
20260714 236  3.4  2927  16  6.4 1831  18 12.7 1826  28.6  32.7 1247  26.2 2308  24.0  30.0  25.6  77.1  63.0 1248  29.9  -9.0  -9.0 -9.00 1003.1 1004.6 1008.9    1 1000.8 2345  9.0  2.9 14.4 -9.0 -9.00 -9.00   -9    2.6   -9.0 -9.00    1.8 2050    0.7 2134   -9.0   -9   -9.0   -9   -9.0   -9 -99.0 -99.0 -99.0 -99.0 -99.0
20260714 238  2.7  2316  18  5.1 1313  16  9.4 1715  28.8  33.3 1155  24.4  300  23.3  29.9  22.3  73.5  56.0 1254  28.6  -9.0  -9.0 -9.00  985.3 1004.2 1008.6    4 1000.1 2359  7.3  6.3 14.4 -9.0 -9.00 -9.00   -9    0.2   -9.0 -9.00    0.2   -9    0.2   -9   -9.0   -9   -9.0   -9   -9.0   -9 -99.0 -99.0 -99.0 -99.0 -99.0
20260714 239  2.1  1778  20  5.1 2307  25  9.8 2312  28.2  31.1 1143  25.5 2336  23.5  30.2  25.2  76.6  65.0 1158  29.0   3.6   2.6 -9.00  993.5 1003.5 1008.2    1  999.1 2350  8.6  1.9 14.4 -9.0 12.84  1.98 1100    3.7   -9.0 -9.00    2.2 2119    0.6 2230   -9.0   -9   -9.0   -9   -9.0   -9 -99.0 -99.0 -99.0 -99.0 -99.0
20260714 243  4.5  3862  18  7.4 1159  20 11.7 1220  28.2  31.8 1323  25.9 2400  23.8  30.1  24.2  77.8  63.0 1323  29.5  -9.0  -9.0 -9.00 1003.8 1005.2 1008.9    1 1002.2 2337  7.5  3.7 14.4 -9.0 -9.00 -9.00   -9    1.7   -9.0 -9.00    1.2 2305    0.6 2341   -9.0   -9   -9.0   -9   -9.0   -9 -99.0 -99.0 -99.0 -99.0 -99.0
20260714 244  2.4  2101  25  4.8 2320  27  8.9 2237  26.8  30.2 1222  25.1  504  23.5  28.7  23.7  82.9  70.0 1223  29.0  -9.0  -9.0 -9.00  977.9 1005.5 1009.1    1 1002.5 2348  8.3  2.1 14.4 -9.0 -9.00 -9.00   -9    1.1   -9.0 -9.00    0.9 2119    0.5 2121   -9.0   -9   -9.0   -9   -9.0   -9 -99.0 -99.0 -99.0 -99.0 -99.0
20260714 245  4.9  4275  18  8.6 1853  18 15.4 1648  28.8  31.7 1501  26.6  520  23.9  31.9  25.3  75.3  63.0 1502  29.6   6.0   4.2 -9.00  997.3 1005.0 1008.7    1 1002.1 2355  7.9  4.5 14.4 -9.0 17.38  2.92 1000    0.0   -9.0 -9.00    0.0   -9    0.0   -9   -9.0   -9   -9.0   -9   -9.0   -9 -99.0 -99.0 -99.0 -99.0 -99.0
20260714 247  3.0  2629  23  5.6 1632  23  9.5 1629  28.5  30.9 1432  26.9  154  23.4  34.0  25.4  74.1  68.0 1512  28.7  -9.0  -9.0 -9.00  990.7 1005.6 1009.2    1 1002.5 2350  8.5  2.3 14.3 -9.0 -9.00 -9.00   -9    0.0   -9.0 -9.00    0.0   -9    0.0   -9   -9.0   -9   -9.0   -9   -9.0   -9 -99.0 -99.0 -99.0 -99.0 -99.0
20260714 248  2.3  2009  20  4.4 1419  20 11.4 1921  26.5  29.5 1521  23.7  110  22.3  26.4  22.4  78.1  67.0 1521  26.9  -9.0  -9.0 -9.00  960.8 1005.7 1009.7  108 1002.3 2354  7.5  1.1 14.4 -9.0 -9.00 -9.00   -9    0.2   -9.0 -9.00    0.1   -9    0.1   -9   -9.0   -9   -9.0   -9   -9.0   -9 -99.0 -99.0 -99.0 -99.0 -99.0
20260714 251  4.7  4038  20  8.1 1444  20 14.8 1441  27.9  30.9 1222  26.0  443  25.0  28.9  24.9  84.5  74.0 1451  31.6   4.2   3.0 -9.00  999.5 1005.1 1008.5    1 1002.5 2356  7.9  2.5 14.3 -9.0 15.46  2.83 1100    0.3   -9.0 -9.00    0.3 2223    0.3 2246   -9.0   -9   -9.0   -9   -9.0   -9 -99.0 -99.0 -99.0 -99.0 -99.0
20260714 252  4.1  3574  18  6.3 1449  16 11.6 1411  27.5  30.7 1407  25.7 2342  24.4  27.8  24.6  83.8  71.0 1409  30.6   3.2   2.2 -9.00 1000.9 1005.1 1008.3    1 1002.5 2347  7.1  0.6 14.3 -9.0 10.42  1.69 1300    1.2   -9.0 -9.00    0.7 2224    0.7 2225   -9.0   -9   -9.0   -9   -9.0   -9 -99.0 -99.0 -99.0 -99.0 -99.0
20260714 253  2.2  1874  25  4.7 2311  27 10.1 2306  27.6  30.6 1038  25.9 2152  24.7  30.3  25.4  84.9  73.0 1051  31.1   3.5   2.5 -9.00 1002.0 1008.2 1011.0    1 1005.0 2339  6.5  1.1 14.3 -9.0 10.43  2.08 1000    1.2   -9.0 -9.00    1.1 2053    0.6 2143   -9.0   -9   -9.0   -9   -9.0   -9 -99.0 -99.0 -99.0 -99.0 -99.0
20260714 254  2.7  2302  16  5.5 1350  16  9.9 1618  27.8  30.8 1434  25.8 2400  23.3  31.2  24.8  77.4  64.0 1433  28.6   4.4   3.1 -9.00  991.7 1006.2 1009.6    1 1003.5 2346  8.4  1.0 14.3 -9.0 12.34  1.99 1300    0.4   -9.0 -9.00    0.3 2248    0.3 2336   -9.0   -9   -9.0   -9   -9.0   -9 -99.0 -99.0 -99.0 -99.0 -99.0
20260714 255  1.8  1566  18  3.2 2048  23  9.4 2046  28.2  30.6 1320  27.1 2026  24.7  28.2  25.1  81.8  70.0 1321  31.2   3.3   2.3 -9.00 1001.3 1007.0 1010.0    1 1003.8 2336  7.3  0.5 14.3 -9.0  9.89  1.46 1300    1.2   -9.0 -9.00    0.5 1932    0.3 2022   -9.0   -9   -9.0   -9   -9.0   -9 -99.0 -99.0 -99.0 -99.0 -99.0
20260714 257  3.4  2968  23  4.8 1202  20  9.4 1139  28.2  31.4 1102  26.6 2331  25.8  30.6  24.8  87.6  71.0 1103  33.3   3.3   2.3 -9.00 1006.6 1007.3 1010.3    1 1004.0 2356  7.5  0.2 14.3 -9.0  8.75  1.57 1100    0.1   -9.0 -9.00    0.1   -9    0.1   -9   -9.0   -9   -9.0   -9   -9.0   -9 -99.0 -99.0 -99.0 -99.0 -99.0
20260714 258  3.3  2876  23  6.6 2145  23 11.9 2057  27.2  30.0 1338  25.9  534  25.1  27.7  25.4  88.6  79.0 1339  31.9   3.4   2.4 -9.00 1007.3 1007.5 1010.3    1 1005.0 2348  7.9  0.6 14.3 -9.0 11.17  2.52 1300    0.0   -9.0 -9.00    0.0   -9    0.0   -9   -9.0   -9   -9.0   -9   -9.0   -9 -99.0 -99.0 -99.0 -99.0 -99.0
20260714 259  1.6  1341  20  3.6 1922  20  8.8 1722  27.7  31.2 1519  25.8  430  25.1  28.5  25.5  86.8  72.0 1520  31.9   3.4   2.4 -9.00 1004.7 1006.5 1009.2    1 1004.3 2356  7.6  0.8 14.3 -9.0 10.89  2.07 1200    0.0   -9.0 -9.00    0.0   -9    0.0   -9   -9.0   -9   -9.0   -9   -9.0   -9 -99.0 -99.0 -99.0 -99.0 -99.0
20260714 260  3.0  2574  14  5.5 1528  16  9.0 1117  26.8  28.9 1308  25.5  311  24.9  27.8  25.2  89.8  83.0 1259  31.4  -9.0  -9.0 -9.00 1001.7 1006.7 1009.5    1 1004.5 2346  8.4  0.2 14.3 -9.0 -9.00 -9.00   -9    0.0   -9.0 -9.00    0.0   -9    0.0   -9   -9.0   -9   -9.0   -9   -9.0   -9 -99.0 -99.0 -99.0 -99.0 -99.0
20260714 261  4.9  4207  20  9.1 2352  20 15.3 2254  27.5  30.1 1254  26.1  625  25.2  29.2  25.2  87.4  79.0 1302  32.0  -9.0  -9.0 -9.00 1005.0 1006.9 1009.7    1 1004.7 2358  7.3  0.5 14.3 -9.0 -9.00 -9.00   -9    0.6   -9.0 -9.00    0.5  610    0.2   -9   -9.0   -9   -9.0   -9   -9.0   -9 -99.0 -99.0 -99.0 -99.0 -99.0
20260714 262  3.1  2712  18  5.7 1514  20 10.0 1639  27.2  30.0 1141  26.0  601  24.6  28.5  26.4  86.3  74.0 1216  30.9   3.8   2.6 -9.00 1001.3 1007.2 1010.0    1 1004.8 2358  7.6  1.5 14.3 -9.0 13.79  2.48 1300    0.0   -9.0 -9.00    0.0   -9    0.0   -9   -9.0   -9   -9.0   -9   -9.0   -9 -99.0 -99.0 -99.0 -99.0 -99.0
20260714 263  2.9  2489  20  4.7 1414  20  8.5 1606  28.0  30.7 1211  26.3  508  25.1  31.3  24.0  84.5  73.0 1217  31.8   4.9   3.4 -9.00 1005.3 1006.9 1010.0    1 1003.5 2355  8.0  1.0 14.4 -9.0 14.42  2.18 1100    0.0   -9.0 -9.00    0.0   -9    0.0   -9   -9.0   -9   -9.0   -9   -9.0   -9 -99.0 -99.0 -99.0 -99.0 -99.0
20260714 264  1.5  1259  18  3.8 1553  20  6.5 1527  27.9  32.5 1243  23.0  347  24.4  30.4  22.3  82.5  66.0 1243  30.7   5.1   3.6 -9.00  988.8 1005.8 1009.8    1 1002.2 2356  7.1  4.3 14.4 -9.0 18.77  2.40 1200    0.0   -9.0 -9.00    0.0   -9    0.0   -9   -9.0   -9   -9.0   -9   -9.0   -9 -99.0 -99.0 -99.0 -99.0 -99.0
20260714 266  1.9  1685  20  3.4 1230  18  6.5 1315  27.0  29.8 1313  25.7  201  25.9  29.7  25.1  94.1  79.0 1223  33.5   3.2   2.3 -9.00  997.7 1007.7 1010.8   12 1004.7 2356  8.4  0.5 14.3 -9.0 11.59  2.19 1200    1.5   -9.0 -9.00    1.5  104    0.7  121   -9.0   -9   -9.0   -9   -9.0   -9 -99.0 -99.0 -99.0 -99.0 -99.0
20260714 268  4.8  4134  18  6.8 1918  20 12.9 1536  26.5  27.6 1047  25.9  700  24.4  27.2  24.8  88.3  84.0    2  30.5  -9.0  -9.0 -9.00 1004.0 1005.1 1007.8    1 1003.0 2348  6.9  0.0 14.3 -9.0 -9.00 -9.00   -9    0.0   -9.0 -9.00    0.0   -9    0.0   -9   -9.0   -9   -9.0   -9   -9.0   -9 -99.0 -99.0 -99.0 -99.0 -99.0
20260714 271  1.3  1140  16  3.4 1456  16  6.6 1223  26.7  31.9 1448  22.2  331  22.3  30.7  20.4  78.0  58.0 1543  26.9  -9.0  -9.0 -9.00  969.1 1005.1 1009.5  343 1000.5 2347  6.5  4.1 14.5 -9.0 -9.00 -9.00   -9    1.3   -9.0 -9.00    1.3 2318    0.6 2334   -9.0   -9   -9.0   -9   -9.0   -9 -99.0 -99.0 -99.0 -99.0 -99.0
20260714 272  1.3  1140  18  3.2 1146  18  5.8 1144  26.7  32.3 1518  22.3  455  23.6  31.2  21.5  84.4  62.0 1524  29.1  -9.0  -9.0 -9.00  981.3 1004.9 1009.1  152 1000.0 2355  6.6  2.6 14.5 -9.0 -9.00 -9.00   -9    1.6   -9.0 -9.00    1.3 2248    0.4 2258   -9.0   -9   -9.0   -9   -9.0   -9 -99.0 -99.0 -99.0 -99.0 -99.0
20260714 273  1.3  1145   9  3.2 1002  14  5.7 1411  27.5  32.5 1545  22.9  431  24.4  31.1  20.7  84.3  68.0 1149  30.5  -9.0  -9.0 -9.00  985.0 1004.3 1008.6  150  999.6 2357  8.3  4.7 14.5 -9.0 -9.00 -9.00   -9    3.2   -9.0 -9.00    2.2 2214    0.5 2227   -9.0   -9   -9.0   -9   -9.0   -9 -99.0 -99.0 -99.0 -99.0 -99.0
20260714 276  2.0  1745  16  3.9 1721  14  8.7 1826  29.1  34.8 1414  23.0  527  23.7  34.0  20.4  74.4  53.0 1415  29.2   5.6   4.0 -9.00  981.3 1004.4 1008.5    1  999.5 2359  5.5  7.2 14.4 -9.0 20.35  2.57 1400   -9.0   -9.0 -9.00   -9.0   -9   -9.0   -9   -9.0   -9   -9.0   -9   -9.0   -9 -99.0 -99.0 -99.0 -99.0 -99.0
20260714 277  2.4  2072  20  5.1 1637  18 10.5 2113  29.2  34.7 1622  23.7  503  22.1  36.4  22.0  66.5  49.0 1625  26.6  -9.0  -9.0 -9.00 1000.0 1004.6 1008.4  730  999.1 2400  4.6  9.9 14.4 -9.0 -9.00 -9.00   -9   -9.0   -9.0 -9.00   -9.0   -9   -9.0   -9   -9.0   -9   -9.0   -9   -9.0   -9 -99.0 -99.0 -99.0 -99.0 -99.0
20260714 278  2.1  1803  20  5.0 1751  23 10.3 2250  29.4  35.0 1539  23.4  514  23.4  34.0  21.8  72.1  51.0 1346  28.8  -9.0  -9.0 -9.00  995.0 1004.1 1008.1    1  999.6 2348  4.9  8.3 14.4 -9.0 -9.00 -9.00   -9    0.0   -9.0 -9.00    0.0   -9    0.0   -9   -9.0   -9   -9.0   -9   -9.0   -9 -99.0 -99.0 -99.0 -99.0 -99.0
20260714 279  2.0  1722  25  4.2 1725  14  8.9 2331  29.8  34.7 1346  24.7  507  23.2  35.5  23.6  68.8  53.0 1346  28.4   7.4   5.2 -9.00  999.3 1004.8 1009.0  112 1000.4 2356  5.3 11.0 14.4 -9.0 27.47  3.32 1200    0.0   -9.0 -9.00    0.0   -9    0.0   -9   -9.0   -9   -9.0   -9   -9.0   -9 -99.0 -99.0 -99.0 -99.0 -99.0
20260714 281  2.3  1980  27  4.7  931  20 10.6 1453  29.5  33.1 1413  26.2  527  22.5  36.7  24.3  67.1  53.0 1439  27.3  -9.0  -9.0 -9.00  995.5 1006.2 1009.6    1 1002.1 2400  5.9  6.9 14.4 -9.0 -9.00 -9.00   -9   -9.0   -9.0 -9.00   -9.0   -9   -9.0   -9   -9.0   -9   -9.0   -9   -9.0   -9 -99.0 -99.0 -99.0 -99.0 -99.0
20260714 283  3.3  2871  18  6.7 1525  20  9.9 1522  29.4  35.1 1306  24.8  442  23.4  32.6  22.6  71.6  51.0 1232  28.8   7.6   5.3 -9.00 1001.6 1006.2 1009.6    1 1002.1 2400  6.5  3.9 14.4 -9.0 18.07  3.04 1100    0.0   -9.0 -9.00    0.0   -9    0.0   -9   -9.0   -9   -9.0   -9   -9.0   -9 -99.0 -99.0 -99.0 -99.0 -99.0
20260714 284  2.1  1839  16  5.6 1459  14  8.9 1459  27.6  32.3 1423  22.9  316  23.5  33.6  21.4  79.3  63.0 1351  29.0   5.6   3.9 -9.00  979.2 1004.6 1008.7    1 1001.0 2356  6.8  5.1 14.4 -9.0 20.42  3.08 1400    0.0   -9.0 -9.00    0.0   -9    0.0   -9   -9.0   -9   -9.0   -9   -9.0   -9 -99.0 -99.0 -99.0 -99.0 -99.0
20260714 285  2.1  1800  20  4.1 1336  18  8.9 1342  28.4  32.4 1412  25.6  416  24.6  32.7  25.0  80.3  65.0 1421  30.9  -9.0  -9.0 -9.00 1003.4 1006.4 1009.9    1 1002.6 2359  7.5  4.6 14.4 -9.0 -9.00 -9.00   -9    0.1   -9.0 -9.00    0.1   -9    0.1   -9   -9.0   -9   -9.0   -9   -9.0   -9 -99.0 -99.0 -99.0 -99.0 -99.0
20260714 288  2.4  2080  18  5.2 1332  18 10.8 1327  28.7  32.8 1252  25.9  507  24.8  30.5  23.1  80.6  64.0 1253  31.4   6.0   4.2 -9.00 1004.5 1005.4 1008.5    1 1001.9 2348  7.9  2.8 14.4 -9.0 18.27  3.29 1300    0.1   -9.0 -9.00    0.1   -9    0.1   -9   -9.0   -9   -9.0   -9   -9.0   -9 -99.0 -99.0 -99.0 -99.0 -99.0
20260714 289  2.5  2182   5  4.5 1359   5  9.6 1537  27.7  31.1 1320  25.5  441  24.4  31.9  23.7  82.6  73.0 1321  30.5  -9.0  -9.0 -9.00  991.1 1006.6 1010.3   15 1002.8 2359  7.3  4.4 14.4 -9.0 -9.00 -9.00   -9    0.0   -9.0 -9.00    0.0   -9    0.0   -9   -9.0   -9   -9.0   -9   -9.0   -9 -99.0 -99.0 -99.0 -99.0 -99.0
20260714 294  1.8  1550  32  3.5  519  27  7.3  519  26.2  27.3 1146  25.5  527  24.1  26.7  25.3  88.6  80.0 1233  30.1  -9.0  -9.0 -9.00 1003.0 1008.1 1011.0    1 1004.7 2358  7.9  0.0 14.3 -9.0 -9.00 -9.00   -9    3.0   -9.0 -9.00    1.0 1758    0.6   16   -9.0   -9   -9.0   -9   -9.0   -9 -99.0 -99.0 -99.0 -99.0 -99.0
20260714 295  1.9  1643  18  3.4 1643  20  7.7 1634  26.5  27.5  924  25.8  421  24.3  26.9  25.0  87.6  84.0  931  30.3  -9.0  -9.0 -9.00 1002.3 1007.5 1010.5    1 1004.7 2400  7.5  0.1 14.3 -9.0 -9.00 -9.00   -9    3.3   -9.0 -9.00    1.5  110    0.5  149   -9.0   -9   -9.0   -9   -9.0   -9 -99.0 -99.0 -99.0 -99.0 -99.0
20260714 296  3.4  2975  18  5.8 1529  20 10.4 1531  27.6  30.1 1051  25.9 2217  25.6  28.1  24.9  89.5  78.0 1035  32.9   3.2   2.2 -9.00 1006.4 1006.7 1009.6    1 1003.3 2349  7.1  0.4 14.3 -9.0  9.26  1.51 1000    1.0   -9.0 11.50    0.7 1837    0.3 1909   -9.0   -9   -9.0   -9   -9.0   -9 -99.0 -99.0 -99.0 -99.0 -99.0
20260715  90  3.6  3141  27  7.6  941  27 16.4  959  30.1  35.2 1413  23.1  302  21.0  34.2  23.0  59.6  43.0 1329  24.9  11.3   7.9 -9.00  994.0  995.9  999.7 2202  992.8  306  4.9 11.1 14.6 -9.0 31.51  3.77 1300    3.0   -9.0 -9.00    3.0    1    0.9   31   -9.0   -9   -9.0   -9   -9.0   -9 -99.0 -99.0 -99.0 -99.0 -99.0
20260715  93  2.3  2008  20  4.9 1049  23  8.0  916  25.6  28.1 1232  23.3 2356  23.7  27.2  23.2  89.9  79.0 1511  29.4   2.6   1.8 -9.00  989.2 1000.0 1003.6 2309  996.1  226  8.0  1.0 14.6 -9.0  9.35  1.64 1200   10.9    0.0  9.75   20.4 -2331    5.6 -2359   -9.0   -9   -9.0   -9   -9.0   -9  27.3  25.2  22.5  18.0  15.1
20260715  95  2.3  2025  25  5.2  142  25 10.9  121  24.6  26.4 1651  22.4 2255  23.9  25.8  22.5  96.3  87.0 1647  29.7   2.1   1.4 -9.00  982.7 1000.2 1003.9 2346  996.2    1  8.8  0.8 14.6 -9.0  6.53  1.06 1500    8.3    0.6 -9.00    7.0 -2331    1.0    1   -9.0   -9   -9.0   -9   -9.0   -9 -99.0 -99.0 -99.0 -99.0 -99.0
20260715  98  1.7  1468  23  4.3   15  27  9.9    8  24.4  27.0 1239  22.3 2349  21.8  26.7  19.7  85.5  73.0 1244  26.1   2.4   1.7 -9.00  987.2 1000.3 1003.8 2356  996.6    1  7.8  0.3 14.6 -9.0  6.66  1.44 1200    7.4   -9.0 -9.00    4.4 -2331    1.0 -2356   -9.0   -9   -9.0   -9   -9.0   -9 -99.0 -99.0 -99.0 -99.0 -99.0
20260715  99  1.8  1558  27  5.1    5  25 10.7    6  24.6  28.7 1537  21.7 2314  23.0  27.4  22.3  91.6  77.0 1420  28.1   2.8   1.9 -9.00  997.3 1000.7 1004.3 2336  997.3    1  7.5  0.8 14.6 -9.0 10.19  1.68 1100    1.6   -9.0 -9.00    0.4  523    0.2   -9   -9.0   -9   -9.0   -9   -9.0   -9 -99.0 -99.0 -99.0 -99.0 -99.0
20260715 100  6.6  5706  27 11.4 1212  27 20.3  527  22.9  26.2 1435  20.3 2336  20.6  24.5  19.0  87.6  66.0 1441  24.4   5.8   4.0 -9.00  914.0  997.8 1002.9 2320  993.6  241  7.8  6.5 14.5 -9.0 22.01  3.74 1200   15.1   -9.0 -9.00    7.6   35    1.9  112   -9.0   -9   -9.0   -9   -9.0   -9 -99.0 -99.0 -99.0 -99.0 -99.0
20260715 101  2.0  1697  20  4.0 1037  23  7.9 1019  25.7  27.5 1017  22.9 2359  22.7  28.6  21.2  84.1  72.0 1524  27.7   3.1   2.1 -9.00  990.5  999.0 1002.7 2352  995.2    1  7.9  0.7 14.6 -9.0 10.84  1.68 1000   12.9    0.0 -9.00   21.6 -2331    5.1   10   -9.0   -9   -9.0   -9   -9.0   -9  27.1  23.6  21.3  17.1  15.1
20260715 102  4.6  4015  29  8.0  937  29 12.0 1447  24.2  27.7 1606  21.6 2119  21.2  26.9  20.2  84.3  65.0 1551  25.2   6.9   4.8 -9.00  995.5  999.6 1002.5 2231  995.7    1  3.4 11.7 14.6 -9.0 28.91  3.58 1200    0.2   -9.0  0.83    0.2  502    0.2  552   -9.0   -9   -9.0   -9   -9.0   -9 -99.0 -99.0 -99.0 -99.0 -99.0
20260715 104  2.9  2547  25  6.6 1104  27 12.5 1038  29.6  35.2 1332  25.2 2321  22.8  33.0  22.6  68.4  45.0 1313  27.9   9.6   6.7 -9.00  987.1  995.4  999.2 2244  992.3  422  4.5 11.0 14.5 -9.0 29.64  3.58 1200    3.1   -9.0  2.97    2.6   49    0.7  110   -9.0   -9   -9.0   -9   -9.0   -9  27.6  23.3  20.7  16.3  14.0
20260715 105  3.9  3400  25  6.6 1643  25 13.9 1112  30.1  33.7 1417  26.2  302  21.2  33.8  26.3  60.3  44.0 1421  25.3  10.8   7.6 -9.00  993.5  996.5 1000.1 2303  993.3  405  5.4 10.6 14.5 -9.0 27.68  3.38 1200    3.4   -9.0 -9.00    2.5   41    0.7   54   -9.0   -9   -9.0   -9   -9.0   -9  28.0  23.9  22.1  17.5  15.5
20260715 106  3.0  2615  27  6.2 1949  29 12.3  831  29.9  34.9 1122  22.6  414  21.3  35.3  22.9  62.0  41.0 1559  25.4  10.4   7.3 -9.00  992.5  996.9 1000.7 2255  994.2  423  5.0 10.3 14.5 -9.0 26.46  3.34 1300    0.8   -9.0 -9.00    0.8   40    0.7  119   -9.0   -9   -9.0   -9   -9.0   -9 -99.0 -99.0 -99.0 -99.0 -99.0
20260715 108  3.3  2883  23  7.2  103  23 13.3  101  24.6  26.3 1841  23.4 1050  22.8  24.3  19.8  90.1  78.0 1753  27.8   2.5   1.7 -9.00  991.1 1000.8 1004.1 2344  997.4    1  7.9  0.9 14.5 -9.0  7.14  2.02 1100   17.6    0.7 11.50    9.2 -2331    1.8   11   -9.0   -9   -9.0   -9   -9.0   -9  27.0  24.7  23.6  19.1  14.6
20260715 112  3.8  3324  25  6.7 1404  23 11.5    1  24.3  26.8 1704  23.0  932  23.4  26.0  20.4  95.3  82.0 1658  28.8   4.1   2.9 -9.00  993.0 1000.8 1004.0 2354  997.7    1  7.0  3.8 14.5 -9.0 15.89  2.83 1400    8.0    0.1 10.67    5.5 -2331    1.2  114   -9.0   -9   -9.0   -9   -9.0   -9  25.6  24.5  17.6  21.1  14.5
20260715 114  2.6  2275  25  5.7  247  25 12.6  229  26.3  29.8 1217  23.8 2400  22.3  26.7  21.2  79.4  61.0 1236  27.0   4.4   3.1 -9.00  983.7 1000.5 1003.7 2239  997.1    1  8.3  2.0 14.5 -9.0 13.37  3.18 1200   26.3   -9.0 -9.00   21.6 -2353    8.2   18   -9.0   -9   -9.0   -9   -9.0   -9 -99.0 -99.0 -99.0 -99.0 -99.0
20260715 115  7.7  6641  25 13.7  905  23 22.3  905  26.6  31.1 1546  23.8  445  23.4  26.5  20.9  83.5  66.0 1701  28.7   6.5   4.6  3.25  973.0  997.6 1000.5 2359  995.5  914  5.9  6.8 14.5 -9.0 20.60  2.98 1000   17.5   -9.0  3.58   11.0  342    3.3  429   -9.0   -9   -9.0   -9   -9.0   -9  23.3  19.9  18.6  14.0  13.5
20260715 119  3.2  2755  23  7.5   45  25 13.4    9  24.6  27.2 1416  22.1 2400  21.8  27.5  19.7  84.8  68.0 1419  26.1   3.5   2.4 -9.00  996.5 1001.0 1003.9 2303  998.0    1  7.3  1.8 14.5 -9.0 11.81  2.10 1400    2.7    0.0  8.65    1.3  428    0.4  429   -9.0   -9   -9.0   -9   -9.0   -9  26.4  23.8  21.4  16.8  14.2
20260715 121  2.3  1990  27  5.2 1500  23 11.2  403  26.1  30.0 1420  22.7 2345  22.4  27.4  22.0  81.4  56.0 1530  27.2   4.7   3.3 -9.00  973.7 1000.5 1004.2 2335  997.8  113  8.1  4.4 14.5 -9.0 14.72  3.11 1400   17.9   -9.0 -9.00    8.9  100    2.4  126   -9.0   -9   -9.0   -9   -9.0   -9 -99.0 -99.0 -99.0 -99.0 -99.0
20260715 127  2.7  2374  16  5.5    1  23  9.8 1246  27.1  30.6 1219  23.2 2345  22.1  28.4  22.8  75.3  58.0 1204  26.7   6.1   4.2 -9.00  987.2 1000.0 1003.1 2256  997.2   15  8.0  4.6 14.5 -9.0 18.61  2.91 1400   17.1   -9.0 -9.00   11.4   36    3.6  115   -9.0   -9   -9.0   -9   -9.0   -9 -99.0 -99.0 -99.0 -99.0 -99.0
20260715 129  3.7  3207  20  7.7    1  20 13.6    8  26.1  29.6 1635  23.9 2248  23.1  28.1  22.3  84.8  56.0 1657  28.2   5.8   4.1 -9.00  999.0 1001.8 1004.5 2338  999.4  241  7.8  6.0 14.4 -9.0 21.44  3.31 1200    0.0   -9.0 -9.00    0.0   -9    0.0   -9   -9.0   -9   -9.0   -9   -9.0   -9  26.1  23.9  21.6  17.1  15.3
20260715 130  2.3  1954  29  5.3 1343  32 13.1 1339  28.8  36.1 1452  20.0  246  21.3  34.7  19.5  66.5  40.0 1432  25.6  -9.0  -9.0 -9.00  992.2  997.6 1001.1 2258  995.7 1324  6.9  8.3 14.5 -9.0 -9.00 -9.00   -9    0.5   -9.0 -9.00    0.5  129    0.4  219   -9.0   -9   -9.0   -9   -9.0   -9 -99.0 -99.0 -99.0 -99.0 -99.0
20260715 131  2.5  2201  27  4.8 1109  27  9.8  109  28.0  31.8 1534  25.5 2359  21.6  29.6  26.0  69.9  49.0 1639  25.9   6.9   4.8 -9.00  994.4 1001.0 1003.6 2256  998.5   11  8.6  6.0 14.4 -9.0 21.62  2.99 1100    3.2   -9.0  5.17    1.7   36    0.6   39   -9.0   -9   -9.0   -9   -9.0   -9 -99.0 -99.0 -99.0 -99.0 -99.0
20260715 133  2.4  2053  20  5.6   35  20 13.4   35  27.1  31.5 1551  25.0 2311  22.4  29.3  23.7  77.4  50.0 1601  27.2   6.6   4.6 -9.00  994.2 1001.8 1004.3 2343  999.8  207  7.4  7.1 14.4 -9.0 21.86  2.90 1200   10.2    0.0  9.17    5.2  215    1.8  234   -9.0   -9   -9.0   -9   -9.0   -9  28.3  26.3  24.0  20.0  16.7
20260715 135  4.3  3740  27  9.2 1320  27 14.4 1143  26.8  29.8 1245  23.7 2335  21.1  27.4  22.7  72.6  54.0 1514  25.3   8.5   5.9 -9.00  973.3 1000.5 1003.4 2309  998.9  236  5.8  8.3 14.4 -9.0 24.06  3.63 1200    5.6   -9.0 -9.00    2.9   -9    2.7  822   -9.0   -9   -9.0   -9   -9.0   -9 -99.0 -99.0 -99.0 -99.0 -99.0
20260715 136  2.9  2506  27  6.5 1204  32 12.0 1131  27.8  32.2 1313  24.7 2341  21.8  31.7  23.2  72.0  48.0 1502  26.3   8.3   5.8 -9.00  985.0 1000.7 1003.6 2340  999.4  149  5.8  8.1 14.4 -9.0 24.11  3.62 1200    3.6   -9.0  4.67    1.6  432    0.9  516   -9.0   -9   -9.0   -9   -9.0   -9 -99.0 -99.0 -99.0 -99.0 -99.0
20260715 137  2.1  1803  27  5.3 1348  27 13.3 1210  28.0  31.2 1230  25.3    3  22.5  30.1  23.3  73.6  55.0 1728  27.4   7.2   5.1 -9.00  988.9  999.7 1002.5 2232  998.0  223  5.8  8.0 14.4 -9.0 23.55  3.59 1200    3.7   -9.0 -9.00    1.7  435    0.7  525   -9.0   -9   -9.0   -9   -9.0   -9 -99.0 -99.0 -99.0 -99.0 -99.0
20260715 138  4.0  3495  29  6.9 1658  27 13.6 1406  32.0  37.1 1441  28.3 2357  19.6  35.8  23.5  49.8  27.0 1618  23.1  11.4   8.0 -9.00  998.2  998.6 1001.3 2349  996.5 1326  5.3 10.3 14.4 -9.0 25.51  3.37 1200    0.0   -9.0  0.58    0.0   -9    0.0   -9   -9.0   -9   -9.0   -9   -9.0   -9  25.8  21.9  20.2  17.4  16.2
20260715 140  3.3  2870  29  7.0  956  18 13.4   34  25.8  28.1 1716  23.7 2305  23.3  28.7  21.8  86.8  74.0 1656  28.7  -9.0  -9.0 -9.00 1000.3 1003.4 1005.5 2330 1001.5  216  6.4  6.9 14.4 -9.0 -9.00 -9.00   -9    6.4   -9.0 -9.00    6.1  234    3.4  310   -9.0   -9   -9.0   -9   -9.0   -9 -99.0 -99.0 -99.0 -99.0 -99.0
20260715 143  3.1  2661  29  5.1 1735  27  9.0  709  31.4  36.4 1546  27.7  112  19.3  40.6  25.3  51.4  25.0 1554  22.9   9.6   6.7 -9.00  993.6  999.6 1002.3 2355  997.6 1332  5.3  8.9 14.4 -9.0 23.08  3.00 1400    0.2   -9.0  1.08    0.2   -9    0.1   -9   -9.0   -9   -9.0   -9   -9.0   -9 -99.0 -99.0 -99.0 -99.0 -99.0
20260715 146  3.5  3065  23  6.4  728  25 12.6  231  27.3  30.7 1509  24.7 2352  22.5  28.2  22.0  76.5  55.0 1756  27.5   6.6   4.6 -9.00  995.9 1002.7 1004.7 2345 1000.9  254  7.0  6.8 14.4 -9.0 22.37  3.48 1200    6.7    0.0  6.25    4.5   18    2.7   31   -9.0   -9   -9.0   -9   -9.0   -9 -99.0 -99.0 -99.0 -99.0 -99.0
20260715 152  3.9  3354  20  6.6  918  23 11.1  147  30.5  36.1 1615  26.1 2322  19.9  34.2  22.0  55.3  32.0 1617  23.8   9.7   6.8 -9.00  990.1  999.1 1002.3    1  996.7 1533  4.9 11.7 14.4 -9.0 26.53  3.07 1400    0.0   -9.0  0.58    0.0   -9    0.0   -9   -9.0   -9   -9.0   -9   -9.0   -9 -99.0 -99.0 -99.0 -99.0 -99.0
20260715 155  2.3  1958  20  5.9 1412  29 10.7  922  28.9  32.9 1401  25.2 2305  23.6  32.5  21.5  73.5  43.0 1945  29.4   7.4   5.2 -9.00  997.6 1001.5 1004.1    1  999.6 1609  4.0 11.7 14.3 -9.0 27.97  3.48 1200    0.0   -9.0  0.60    0.0   -9    0.0   -9   -9.0   -9   -9.0   -9   -9.0   -9 -99.0 -99.0 -99.0 -99.0 -99.0
20260715 156  2.9  2476  18  6.9  114  18 12.2  113  28.4  32.7 1552  25.3 2328  23.1  34.5  21.2  74.8  49.0 1500  28.4   6.1   4.2 -9.00  995.1 1003.0 1004.6 2247 1002.2 1532  4.5  7.4 14.3 -9.0 20.56  3.50 1200    0.0   -9.0  1.00    0.0   -9    0.0   -9   -9.0   -9   -9.0   -9   -9.0   -9 -99.0 -99.0 -99.0 -99.0 -99.0
20260715 159  5.8  5030  27 10.7    2  25 15.5  240  27.5  31.0 1434  24.3 2349  23.2  33.4  20.3  77.9  66.0 1426  28.4   7.8   5.5 -9.00  993.2 1001.0 1004.0    1  999.0 1650  4.3  9.2 14.3 -9.0 25.17  3.43 1300    0.0   -9.0  0.52    0.0   -9    0.0   -9   -9.0   -9   -9.0   -9   -9.0   -9  26.6  23.8  22.1  17.8  17.5
20260715 162  3.7  3160  23 10.2   34  20 17.5   34  26.5  30.1 1630  23.5 2341  23.7  29.1  20.6  85.0  72.0 1631  29.2   4.8   3.4 -9.00  998.2 1001.7 1004.3    4  999.9 1725  5.5  6.0 14.3 -9.0 18.58  2.94 1300   -9.0   -9.0 -9.00   -9.0   -9   -9.0   -9   -9.0   -9   -9.0   -9   -9.0   -9 -99.0 -99.0 -99.0 -99.0 -99.0
20260715 165  3.3  2892  20  7.7  115  20 12.0  112  27.3  30.7 1525  24.6 2345  23.8  32.8  20.8  82.5  61.0 1713  29.6   6.0   4.2 -9.00  998.6 1003.7 1004.8 2231 1003.1  201  3.8  7.3 14.3 -9.0 23.47  3.43 1300    0.0    0.0  0.17    0.0   -9    0.0   -9   -9.0   -9   -9.0   -9   -9.0   -9  26.7  23.6  22.1  18.9  16.5
20260715 168  6.2  5336  23  9.4  201  27 13.9 1542  28.6  32.7 1636  25.4   32  23.1  33.5  25.0  74.4  46.0 1755  28.6   8.3   5.8 -9.00  995.4 1002.8 1004.9    1 1001.1 1534  4.5  9.5 14.3 -9.0 26.75  3.44 1200    0.0   -9.0  0.20    0.0   -9    0.0   -9   -9.0   -9   -9.0   -9   -9.0   -9  27.1  24.3  21.9  18.5  17.0
20260715 169  4.1  3565  20 11.2   35  23 18.5    3  27.6  30.7 1146  24.1 2048  23.7  33.1  24.4  80.0  66.0 1254  29.5   6.8   4.8 -9.00  995.0 1003.4 1004.6 2203 1001.9  401  3.0 12.1 14.3 -9.0 26.71  3.36 1200   -9.0   -9.0 -9.00   -9.0   -9   -9.0   -9   -9.0   -9   -9.0   -9   -9.0   -9 -99.0 -99.0 -99.0 -99.0 -99.0
20260715 170  3.8  3276  23  7.0  102  27 14.0  118  27.6  32.2 1641  23.8 2357  24.0  31.2  23.3  81.0  57.0 1841  29.9   6.1   4.2 -9.00  999.8 1003.8 1004.8    1 1002.5 1657  4.9  7.6 14.2 -9.0 22.25  2.99 1200    0.0   -9.0 -9.00    0.0   -9    0.0   -9   -9.0   -9   -9.0   -9   -9.0   -9 -99.0 -99.0 -99.0 -99.0 -99.0
20260715 172  3.7  3168  20  6.6  105  20 10.3  127  26.7  30.4 1352  22.9 2356  23.1  27.2  21.5  82.5  52.0 1533  28.3   6.9   4.8 -9.00  997.0 1003.0 1004.6 2228 1001.6  421  3.6  8.5 14.3 -9.0 24.69  3.64 1200    3.8   -9.0 -9.00    3.0   13    1.9  101   -9.0   -9   -9.0   -9   -9.0   -9 -99.0 -99.0 -99.0 -99.0 -99.0
20260715 174  2.1  1836  27  4.6 1144  29  8.7 1710  26.9  31.3 1544  22.3 2313  21.9  28.3  21.4  75.4  49.0 1717  26.4  -9.0  -9.0 -9.00  982.9 1001.3 1002.9 2313  999.9 1541  6.5  6.2 14.3 -9.0 -9.00 -9.00   -9   -9.0   -9.0 -9.00   -9.0   -9   -9.0   -9   -9.0   -9   -9.0   -9   -9.0   -9 -99.0 -99.0 -99.0 -99.0 -99.0
20260715 177  3.9  3343  18  6.6  245  18 12.7   48  26.4  29.5 1631  24.2 2345  23.2  28.2  23.4  83.3  64.0 1627  28.5   6.2   4.4 -9.00  997.3 1000.4 1003.2 2322  998.0   15  7.8  6.8 14.4 -9.0 23.12  3.59 1200    2.6    0.0  2.83    2.6    1    1.1   39   -9.0   -9   -9.0   -9   -9.0   -9 -99.0 -99.0 -99.0 -99.0 -99.0
20260715 181  3.4  2943  23  8.1   36  23 11.9   14  26.5  30.1 1522  23.2 2353  22.0  27.9  22.2  77.9  56.0 1535  26.6   6.0   4.2 -9.00  997.8 1001.6 1004.2 2252  998.9   11  7.6  6.0 14.4 -9.0 20.31  3.28 1200    5.0   -9.0 -9.00    2.8   37    1.2   41   -9.0   -9   -9.0   -9   -9.0   -9 -99.0 -99.0 -99.0 -99.0 -99.0
20260715 184  5.4  4653  25  8.4  332  23 14.8   20  29.6  33.6 1411  27.0 2341  24.2  37.1  26.7  73.5  61.0 1415  30.3   7.7   5.4 -9.00 1001.0 1003.3 1004.3 2325 1002.3 1626  4.8  9.0 14.2 -9.0 24.53  3.38 1200    0.0    0.0  0.10    0.0   -9    0.0   -9   -9.0   -9   -9.0   -9   -9.0   -9  29.2  26.5  24.8  23.0  19.2
20260715 185  5.1  4382  20  8.9  349  25 12.4  554  25.8  27.9 1706  24.6    3  24.7  29.1  25.0  93.9  85.0 1712  31.1   3.5   2.4 -9.00  996.4 1004.4 1005.9   11 1003.4 1659  6.1  2.4 14.2 -9.0 15.14  2.04 1500   -9.0   -9.0 -9.00   -9.0   -9   -9.0   -9   -9.0   -9   -9.0   -9   -9.0   -9 -99.0 -99.0 -99.0 -99.0 -99.0
20260715 188  4.4  3795  20  9.7  309  20 14.4  309  27.9  31.9 1557  25.9 2259  25.1  30.7  25.2  85.3  71.0 1554  31.8  -9.0  -9.0 -9.00 1002.2 1004.5 1006.4    1 1003.2 1544  5.5  6.4 14.2 -9.0 -9.00 -9.00   -9   -9.0   -9.0 -9.00   -9.0   -9   -9.0   -9   -9.0   -9   -9.0   -9   -9.0   -9 -99.0 -99.0 -99.0 -99.0 -99.0
20260715 189  2.5  2168  23  4.6 1425   9  9.0  809  26.8  29.3 1452  25.6 2347  24.8  28.9  25.5  89.3  80.0 1454  31.3   3.2   2.2 -9.00  999.0 1004.9 1006.7   23 1003.4 1641  7.6  3.5 14.2 -9.0 11.79  2.44 1400    0.0   -9.0  0.10    0.0   -9    0.0   -9   -9.0   -9   -9.0   -9   -9.0   -9 -99.0 -99.0 -99.0 -99.0 -99.0
20260715 192  1.8  1551  25  5.7 1451  25 11.0 1506  28.5  34.0 1409  22.1 2328  23.1  34.0  19.8  74.3  47.0 1558  28.4   7.6   5.3 -9.00  998.4 1001.7 1003.9    2 1000.0 1622  4.5 11.3 14.3 -9.0 27.70  3.43 1300    0.0   -9.0 -9.00    0.0   -9    0.0   -9   -9.0   -9   -9.0   -9   -9.0   -9 -99.0 -99.0 -99.0 -99.0 -99.0
20260715 201  3.5  3064  25  7.1   43  25 12.6   19  24.1  27.5 1526  21.5 2316  23.0  25.2  19.4  94.1  77.0 1533  28.0  -9.0  -9.0 -9.00  995.7 1001.1 1004.6 2322  997.6    1  7.1  2.8 14.5 -9.0 -9.00 -9.00   -9    1.5   -9.0 -9.00    0.6 -2331    0.2   -9   -9.0   -9   -9.0   -9   -9.0   -9 -99.0 -99.0 -99.0 -99.0 -99.0
20260715 202  1.7  1476  25  4.8   53  25 10.7  111  25.2  27.5 1326  22.4 2344  22.4  26.1  20.5  85.4  69.0 1329  27.2  -9.0  -9.0 -9.00  995.6 1001.0 1004.3 2341  997.3   11  8.0  0.5 14.5 -9.0 -9.00 -9.00   -9    5.0   -9.0 -9.00    5.6 -2338    0.7 -2356   -9.0   -9   -9.0   -9   -9.0   -9 -99.0 -99.0 -99.0 -99.0 -99.0
20260715 203  1.9  1666  20  4.3  228  23 10.3  115  25.6  28.6 1147  23.0 2359  23.3  27.7  21.4  87.9  70.0 1544  28.7  -9.0  -9.0 -9.00  992.3 1001.4 1004.4 2321  998.2   36  7.6  2.4 14.5 -9.0 -9.00 -9.00   -9    5.3   -9.0 -9.00    5.5 -2350    1.8 -2356   -9.0   -9   -9.0   -9   -9.0   -9 -99.0 -99.0 -99.0 -99.0 -99.0
20260715 211  3.1  2669  20  5.6  123  23 12.7  116  25.6  28.1 1403  22.9 2335  22.1  26.1  22.0  81.8  70.0 1405  26.7  -9.0  -9.0 -9.00  976.2  998.8 1003.1 2326  994.6   31  8.0  0.3 14.6 -9.0 -9.00 -9.00   -9   11.0   -9.0 -9.00    7.4 -2331    2.4    1   -9.0   -9   -9.0   -9   -9.0   -9 -99.0 -99.0 -99.0 -99.0 -99.0
20260715 212  1.7  1449  20  3.6 1406  27  8.8 1242  25.4  29.6 1305  22.7 2339  22.4  26.1  21.4  84.5  64.0 1308  27.2  -9.0  -9.0 -9.00  984.7 1000.5 1004.0 2218  996.7   30  8.4  1.4 14.5 -9.0 -9.00 -9.00   -9   24.1   -9.0 -9.00   18.7    5    6.4   35   -9.0   -9   -9.0   -9   -9.0   -9 -99.0 -99.0 -99.0 -99.0 -99.0
20260715 216  2.4  2045  20  6.0  106  32 15.9   58  24.5  29.4 1434  20.8 2321  19.4  26.3  20.2  75.0  50.0 1508  22.7   5.7   4.0 -9.00  920.8  998.2 1003.1 2258  995.2  545  6.0  5.5 14.5 -9.0 17.71  3.50 1300   19.0   -9.0 -9.00    6.4  214    1.5  300   -9.0   -9   -9.0   -9   -9.0   -9 -99.0 -99.0 -99.0 -99.0 -99.0
20260715 217  2.7  2362  18  4.9  445  18 10.5  325  25.9  30.9 1331  21.6 2340  21.3  29.1  22.4  77.0  53.0 1332  25.4  -9.0  -9.0 -9.00  964.9  999.5 1003.7 2259  996.3  304  8.9  3.6 14.5 -9.0 -9.00 -9.00   -9   29.7   -9.0 -9.00   14.0   52    3.0  137   -9.0   -9   -9.0   -9   -9.0   -9 -99.0 -99.0 -99.0 -99.0 -99.0
20260715 221  3.1  2642  23  5.4  238  25  9.3  236  25.1  29.0 1247  21.8 2351  22.0  27.1  21.5  84.0  63.0 1442  26.5  -9.0  -9.0 -9.00  970.9 1000.4 1003.9 2311  997.6  206  8.4  4.4 14.5 -9.0 -9.00 -9.00   -9   23.9   -9.0 -9.00   14.1   26    4.7  108   -9.0   -9   -9.0   -9   -9.0   -9 -99.0 -99.0 -99.0 -99.0 -99.0
20260715 226  2.1  1827  18  4.7  118  27  8.5 1334  26.3  30.1 1609  22.3 2343  22.3  27.5  20.7  79.9  57.0 1612  27.0  -9.0  -9.0 -9.00  982.4 1001.6 1004.4 2313  999.5  212  7.1  5.4 14.4 -9.0 -9.00 -9.00   -9    4.2   -9.0 -9.00    2.3  236    1.0  239   -9.0   -9   -9.0   -9   -9.0   -9 -99.0 -99.0 -99.0 -99.0 -99.0
20260715 232  2.4  2087  27  5.0 1008  23 10.0   28  26.3  29.1 1547  22.5 2339  23.5  29.6  21.6  85.8  65.0 1521  29.0  -9.0  -9.0 -9.00  992.3 1001.8 1004.8 2306  999.3    4  7.9  4.2 14.5 -9.0 -9.00 -9.00   -9    6.8   -9.0 -9.00    4.3   54    1.4  115   -9.0   -9   -9.0   -9   -9.0   -9 -99.0 -99.0 -99.0 -99.0 -99.0
20260715 235  3.1  2717  20 10.7   46  20 16.6   16  25.9  29.7 1546  23.9 2135  23.1  28.4  23.2  85.3  62.0 1550  28.3   5.5   3.9 -9.00 1000.8 1001.9 1004.0 2242  999.7  305  7.3  6.8 14.4 -9.0 21.23  3.39 1300    0.9   -9.0 -9.00    0.9    2    0.7    6   -9.0   -9   -9.0   -9   -9.0   -9 -99.0 -99.0 -99.0 -99.0 -99.0
20260715 236  2.3  1949  18  4.9   22  23  9.8  902  26.7  30.9 1505  23.6 2300  22.8  30.6  23.2  80.9  52.0 1456  27.9  -9.0  -9.0 -9.00 1001.0 1002.5 1004.8 2317 1000.6  139  6.8  7.7 14.4 -9.0 -9.00 -9.00   -9    9.7   -9.0 -9.00    5.1  145    2.5  150   -9.0   -9   -9.0   -9   -9.0   -9 -99.0 -99.0 -99.0 -99.0 -99.0
20260715 238  2.1  1825  20  5.0  211  23 12.1  152  26.9  30.6 1548  22.9 2255  22.4  29.3  21.4  78.1  54.0 1601  27.3  -9.0  -9.0 -9.00  982.4 1001.4 1004.1 2239  999.2  314  6.0  8.0 14.4 -9.0 -9.00 -9.00   -9   13.0   -9.0 -9.00    5.3  342    1.4  354   -9.0   -9   -9.0   -9   -9.0   -9 -99.0 -99.0 -99.0 -99.0 -99.0
20260715 239  2.1  1788  18  3.9    5  29  9.9 1609  26.2  29.6 1434  23.1 2353  22.7  29.7  22.9  82.4  58.0 1436  27.7   5.9   4.1 -9.00  991.1 1001.2 1003.9 2341  999.0    7  7.4  6.5 14.4 -9.0 21.62  3.32 1300    5.8   -9.0 -9.00    3.4  103    1.4  153   -9.0   -9   -9.0   -9   -9.0   -9 -99.0 -99.0 -99.0 -99.0 -99.0
20260715 243  2.5  2132  20  5.8   31  27  9.5  941  26.9  30.0 1548  23.8 2337  23.0  29.9  22.1  79.8  58.0 1433  28.1  -9.0  -9.0 -9.00 1001.7 1003.1 1004.8 2225 1001.2  241  5.6  8.5 14.4 -9.0 -9.00 -9.00   -9    2.2   -9.0 -9.00    1.6    1    1.1    1   -9.0   -9   -9.0   -9   -9.0   -9 -99.0 -99.0 -99.0 -99.0 -99.0
20260715 244  2.1  1813  34  4.6 1311  29  8.1  151  26.0  30.6 1400  21.5 2327  22.1  28.0  20.9  81.4  52.0 1516  26.8  -9.0  -9.0 -9.00  975.0 1002.6 1004.7 2247 1001.2  418  6.4  6.9 14.4 -9.0 -9.00 -9.00   -9    3.0   -9.0 -9.00    1.3  132    1.1  849   -9.0   -9   -9.0   -9   -9.0   -9 -99.0 -99.0 -99.0 -99.0 -99.0
20260715 245  3.3  2851  18  6.7    4  23 11.7   47  27.4  31.4 1424  24.0 2326  22.9  31.3  22.5  78.4  54.0 1518  28.1   6.8   4.8 -9.00  995.2 1002.9 1004.7 2228 1001.4  251  4.5  8.2 14.4 -9.0 23.78  3.55 1200    2.4   -9.0 -9.00    2.4   18    1.5   25   -9.0   -9   -9.0   -9   -9.0   -9 -99.0 -99.0 -99.0 -99.0 -99.0
20260715 247  2.3  1978  23  5.0   48  23  9.2   45  27.5  32.7 1322  22.9 2327  22.9  30.0  21.7  77.6  52.0 1350  28.1  -9.0  -9.0 -9.00  987.5 1002.5 1004.5 2256 1001.4 1350  7.0  6.4 14.3 -9.0 -9.00 -9.00   -9    0.1   -9.0 -9.00    0.1   -9    0.1   -9   -9.0   -9   -9.0   -9   -9.0   -9 -99.0 -99.0 -99.0 -99.0 -99.0
20260715 248  2.4  2106  25  6.3 1038  25 11.7 1034  24.8  29.1 1425  19.5 2341  21.3  26.3  18.4  82.6  55.0 1421  25.4  -9.0  -9.0 -9.00  957.7 1002.8 1005.5 2302 1001.5  434  7.3  7.0 14.4 -9.0 -9.00 -9.00   -9    9.1   -9.0 -9.00    3.1  135    1.4  104   -9.0   -9   -9.0   -9   -9.0   -9 -99.0 -99.0 -99.0 -99.0 -99.0
20260715 251  2.6  2260  23  5.0  147  23 11.1  125  26.9  31.1 1339  22.6 2344  23.5  28.6  22.2  83.6  54.0 1356  29.1   5.9   4.2 -9.00  997.3 1003.0 1004.7 2231 1001.8  228  5.1  8.0 14.3 -9.0 21.24  3.32 1200    3.9   -9.0 -9.00    3.1   24    1.6  112   -9.0   -9   -9.0   -9   -9.0   -9 -99.0 -99.0 -99.0 -99.0 -99.0
20260715 252  2.1  1844  18  5.4   22  16 11.1   15  26.4  31.0 1330  22.6 2354  22.7  28.6  21.3  81.6  55.0 1300  27.7   6.3   4.4 -9.00  998.9 1003.1 1004.5 2227 1001.8  425  3.8  7.4 14.3 -9.0 23.23  3.57 1200    1.8   -9.0 -9.00    1.7   42    1.4   48   -9.0   -9   -9.0   -9   -9.0   -9 -99.0 -99.0 -99.0 -99.0 -99.0
20260715 253  3.4  2958  27  5.5  132  27  9.9  149  29.3  32.9 1417  25.7   27  24.0  33.3  22.2  74.3  42.0 1857  30.2   7.8   5.5 -9.00  995.8 1001.9 1005.2    8  999.9 1539  3.5 11.0 14.3 -9.0 26.56  3.50 1200    0.7   -9.0 -9.00    0.7    1    0.4   19   -9.0   -9   -9.0   -9   -9.0   -9 -99.0 -99.0 -99.0 -99.0 -99.0
20260715 254  3.3  2836  27  6.5  758  29 11.2  603  27.1  32.0 1356  22.7 2346  21.8  30.2  21.5  74.6  46.0 1509  26.2   5.3   3.7 -9.00  988.7 1003.1 1005.1 2248 1002.3 1353  5.6 -9.0 14.3 -9.0 -9.00 -9.00   -9    1.4   -9.0 -9.00    0.9  117    0.6  142   -9.0   -9   -9.0   -9   -9.0   -9 -99.0 -99.0 -99.0 -99.0 -99.0
20260715 255  1.8  1579  18  3.2  140  18  8.4  428  30.0  34.6 1403  26.4 2356  23.6  31.1  20.8  69.6  39.0 1839  29.5   7.5   5.3 -9.00  995.3 1000.9 1003.9    1  998.8 1608  4.4 12.2 14.3 -9.0 25.55  3.22 1300    0.0   -9.0 -9.00    0.0   -9    0.0   -9   -9.0   -9   -9.0   -9   -9.0   -9 -99.0 -99.0 -99.0 -99.0 -99.0
20260715 257  4.0  3425  23  6.2 1358  20 11.8  956  30.5  35.0 1450  26.4   22  24.4  35.9  22.7  71.4  47.0 1808  31.0   8.2   5.7 -9.00 1000.0 1000.7 1004.0    1  998.6 1511  4.5  9.5 14.3 -9.0 25.19  3.40 1200    0.2   -9.0 -9.00    0.2   -9    0.1   -9   -9.0   -9   -9.0   -9   -9.0   -9 -99.0 -99.0 -99.0 -99.0 -99.0
20260715 258  2.5  2175  32  5.3 1755  20  8.7   20  28.1  32.9 1505  23.9 2236  23.8  29.0  22.5  78.9  54.0 1545  29.7   6.7   4.7 -9.00 1003.1 1003.3 1005.0    1 1001.9 1711  4.8  6.4 14.3 -9.0 20.97  3.36 1300    0.0   -9.0 -9.00    0.0   -9    0.0   -9   -9.0   -9   -9.0   -9   -9.0   -9 -99.0 -99.0 -99.0 -99.0 -99.0
20260715 259  1.9  1677  23  3.5  113  20  9.7  109  27.9  34.1 1532  23.1 2334  24.1  29.8  21.2  81.0  53.0 1723  30.2   5.5   3.9 -9.00 1001.5 1003.3 1004.4 2230 1002.1 1531  5.3  5.9 14.3 -9.0 18.10  3.13 1400   -9.0   -9.0 -9.00   -9.0   -9   -9.0   -9   -9.0   -9   -9.0   -9   -9.0   -9 -99.0 -99.0 -99.0 -99.0 -99.0
20260715 260  2.1  1789  32  4.8 1617  27  8.8  245  27.6  32.7 1532  22.5 2345  23.6  31.3  20.6  80.1  52.0 1803  29.3  -9.0  -9.0 -9.00  998.3 1003.2 1004.5    1 1001.9 1542  5.5  5.1 14.3 -9.0 -9.00 -9.00   -9   -9.0   -9.0 -9.00   -9.0   -9   -9.0   -9   -9.0   -9   -9.0   -9   -9.0   -9 -99.0 -99.0 -99.0 -99.0 -99.0
20260715 261  3.2  2794  23  8.2   51  23 14.1  110  26.8  31.9 1535  22.4 2359  24.2  30.1  21.0  86.5  58.0 1649  30.3  -9.0  -9.0 -9.00 1002.0 1003.9 1005.1 2234 1002.9 1527  4.8  5.0 14.3 -9.0 -9.00 -9.00   -9   -9.0   -9.0 -9.00   -9.0   -9   -9.0   -9   -9.0   -9   -9.0   -9   -9.0   -9 -99.0 -99.0 -99.0 -99.0 -99.0
20260715 262  2.2  1925  29  4.8 1659  32  9.8 1414  27.8  33.1 1628  22.9 2359  23.7  30.2  24.3  80.0  47.0 1755  29.4   5.8   4.1 -9.00  997.3 1003.1 1004.8    1 1001.6 1536  5.1  7.0 14.3 -9.0 19.24  2.78 1100   -9.0   -9.0 -9.00   -9.0   -9   -9.0   -9   -9.0   -9   -9.0   -9   -9.0   -9 -99.0 -99.0 -99.0 -99.0 -99.0
20260715 263  3.6  3100  23  9.0  518  23 14.0  618  29.6  35.1 1524  22.9 2354  23.5  31.9  19.3  71.4  42.0 1715  29.3   6.5   4.5 -9.00  999.7 1001.2 1003.5    1  999.4 1459  4.1  6.8 14.3 -9.0 19.50  2.67 1500    0.0   -9.0 -9.00    0.0   -9    0.0   -9   -9.0   -9   -9.0   -9   -9.0   -9 -99.0 -99.0 -99.0 -99.0 -99.0
20260715 264  3.4  2930  34  5.4 1453  34 12.1 1445  28.8  32.4 1334  23.4 2342  23.1  31.3  21.3  72.6  52.0 1518  28.5   7.9   5.5 -9.00  984.8 1001.7 1003.8 2308 1000.4  454  5.8  7.5 14.4 -9.0 23.33  3.46 1300    0.0   -9.0 -9.00    0.0   -9    0.0   -9   -9.0   -9   -9.0   -9   -9.0   -9 -99.0 -99.0 -99.0 -99.0 -99.0
20260715 266  2.5  2125  27  4.5   47  23 10.0  210  28.5  33.3 1415  25.0 2249  24.4  31.5  22.3  79.9  47.0 1649  30.8   6.9   4.8 -9.00  992.8 1002.6 1004.7    1 1001.1 1533  5.1  8.1 14.3 -9.0 24.20  3.26 1300    0.0   -9.0 -9.00    0.0   -9    0.0   -9   -9.0   -9   -9.0   -9   -9.0   -9 -99.0 -99.0 -99.0 -99.0 -99.0
20260715 268  2.5  2124  23  5.3  249  23 10.4  145  26.7  30.9 1540  22.1 2355  23.5  31.9  21.1  83.5  59.0 1742  29.1  -9.0  -9.0 -9.00 1001.5 1002.6 1003.8 2221 1001.9 1522  4.3  5.5 14.3 -9.0 -9.00 -9.00   -9   -9.0   -9.0 -9.00   -9.0   -9   -9.0   -9   -9.0   -9   -9.0   -9   -9.0   -9 -99.0 -99.0 -99.0 -99.0 -99.0
20260715 271  1.8  1552  29  4.7 1358  23 10.5  504  26.0  30.7 1505  22.0 2336  21.5  27.5  19.8  78.1  48.0 1422  25.8  -9.0  -9.0 -9.00  963.7  999.6 1003.3 2356  997.9  227  6.3  6.8 14.5 -9.0 -9.00 -9.00   -9   18.8   -9.0 -9.00    7.9  226    2.0  234   -9.0   -9   -9.0   -9   -9.0   -9 -99.0 -99.0 -99.0 -99.0 -99.0
20260715 272  3.5  3017  32  7.6 1433  29 13.1 1715  26.4  30.6 1336  24.1  144  22.0  29.4  22.7  78.5  55.0 1443  26.7  -9.0  -9.0 -9.00  976.1  999.6 1002.8 2330  997.7  249  5.4  6.5 14.5 -9.0 -9.00 -9.00   -9   16.3   -9.0 -9.00    8.9   51    2.5  130   -9.0   -9   -9.0   -9   -9.0   -9 -99.0 -99.0 -99.0 -99.0 -99.0
20260715 273  2.4  2048  29  6.0 1343  32 11.6 1336  27.3  31.0 1310  23.6 2323  22.5  29.0  20.3  76.8  55.0 1408  27.4  -9.0  -9.0 -9.00  980.5  999.7 1002.8 2358  998.0  235  5.5  7.9 14.4 -9.0 -9.00 -9.00   -9    4.8   -9.0 -9.00    1.9  208    0.6  241   -9.0   -9   -9.0   -9   -9.0   -9 -99.0 -99.0 -99.0 -99.0 -99.0
20260715 276  3.3  2886  29  8.4 1432  29 13.8 1346  28.4  32.9 1517  24.4 2359  22.6  30.7  20.4  73.4  40.0 1421  27.8   7.8   5.5 -9.00  976.0  999.1 1002.2 2325  997.5  325  6.3  6.9 14.4 -9.0 20.36  3.29 1400    1.0   -9.0 -9.00    0.5  105    0.3  745   -9.0   -9   -9.0   -9   -9.0   -9 -99.0 -99.0 -99.0 -99.0 -99.0
20260715 277  4.0  3492  27  9.7 1416  27 21.2 1407  29.5  34.9 1344  26.1  233  20.5  33.4  24.6  59.9  35.0 1407  24.3  -9.0  -9.0 -9.00  993.7  998.3 1001.3 2350  995.7 1407  6.8  6.1 14.4 -9.0 -9.00 -9.00   -9    0.1   -9.0 -9.00    0.1   -9    0.1   -9   -9.0   -9   -9.0   -9   -9.0   -9 -99.0 -99.0 -99.0 -99.0 -99.0
20260715 278  1.9  1672  27  5.3 1159  29 10.6 1257  28.2  33.9 1248  23.9 2359  22.5  30.3  21.9  74.8  41.0 1439  27.6  -9.0  -9.0 -9.00  990.3  999.4 1002.1 2356  997.9 1228  6.4  8.0 14.4 -9.0 -9.00 -9.00   -9    5.8   -9.0 -9.00    3.6  835    1.6  910   -9.0   -9   -9.0   -9   -9.0   -9 -99.0 -99.0 -99.0 -99.0 -99.0
20260715 279  1.7  1435  29  5.0 1527  32  9.5 1527  29.3  35.1 1230  25.8  546  21.5  33.1  22.5  65.5  38.0 1407  25.9   8.3   5.8 -9.00  994.8 1000.3 1003.1 2334  998.8 1228  5.3  7.8 14.4 -9.0 21.89  3.45 1300    1.5   -9.0 -9.00    1.2  455    0.5  530   -9.0   -9   -9.0   -9   -9.0   -9 -99.0 -99.0 -99.0 -99.0 -99.0
20260715 281  3.5  3060  29  6.5 1409  25 12.3 1422  30.4  36.5 1418  26.3 2357  20.6  38.0  23.5  57.6  33.0 1429  24.6  -9.0  -9.0 -9.00  989.7 1000.3 1002.9 2355  998.3 1344  5.0  8.1 14.4 -9.0 -9.00 -9.00   -9   -9.0   -9.0 -9.00   -9.0   -9   -9.0   -9   -9.0   -9   -9.0   -9   -9.0   -9 -99.0 -99.0 -99.0 -99.0 -99.0
20260715 283  4.4  3825  27  8.8 1421  29 15.1 1419  31.9  37.6 1459  27.7 2355  20.9  35.1  24.5  53.9  31.0 1648  25.0  11.5   8.0 -9.00  995.3  999.8 1002.4 2333  997.5 1454  5.6 11.0 14.4 -9.0 26.30  3.21 1400    0.0   -9.0 -9.00    0.0   -9    0.0   -9   -9.0   -9   -9.0   -9   -9.0   -9 -99.0 -99.0 -99.0 -99.0 -99.0
20260715 284  3.0  2575  29  6.4 1514  20 13.5  236  28.1  33.1 1424  20.8 2359  21.8  32.2  17.6  69.6  47.0 1643  26.3   7.8   5.5 -9.00  974.9 1000.1 1002.9 2335  998.7 1254  5.8  7.6 14.4 -9.0 22.21  3.47 1300    0.0   -9.0 -9.00    0.0   -9    0.0   -9   -9.0   -9   -9.0   -9   -9.0   -9 -99.0 -99.0 -99.0 -99.0 -99.0
20260715 285  2.0  1764  25  4.3 1314  25 10.3 1126  29.6  35.2 1319  23.1 2357  22.0  36.1  22.0  66.3  40.0 1719  26.7  -9.0  -9.0 -9.00  998.2 1001.2 1003.4 2317  999.8 1354  4.5  9.4 14.3 -9.0 -9.00 -9.00   -9    0.0   -9.0 -9.00    0.0   -9    0.0   -9   -9.0   -9   -9.0   -9   -9.0   -9 -99.0 -99.0 -99.0 -99.0 -99.0
20260715 288  2.6  2270  29  6.3 1532  32 12.4 1528  30.9  37.0 1507  24.9 2346  22.3  33.8  24.6  62.8  36.0 1528  27.3   8.5   6.0 -9.00  998.4  999.3 1002.0    2  997.2 1446  5.5  9.7 14.3 -9.0 24.26  3.03 1300    0.0   -9.0 -9.00    0.0   -9    0.0   -9   -9.0   -9   -9.0   -9   -9.0   -9 -99.0 -99.0 -99.0 -99.0 -99.0
20260715 289  3.0  2583  27  8.1 1125  27 16.0 1121  29.3  33.8 1353  24.8 2400  22.0  33.4  20.3  65.9  48.0 1637  26.7  -9.0  -9.0 -9.00  986.7 1002.0 1004.0 2315 1000.9 1250  6.3  7.7 14.3 -9.0 -9.00 -9.00   -9   -9.0   -9.0 -9.00   -9.0   -9   -9.0   -9   -9.0   -9   -9.0   -9   -9.0   -9 -99.0 -99.0 -99.0 -99.0 -99.0
20260715 294  2.9  2515  32  5.0   38  27 13.1  617  26.6  28.6 1647  24.7 2400  23.4  29.5  21.2  83.1  70.0 2235  28.8  -9.0  -9.0 -9.00  997.7 1002.8 1004.8    1 1001.0 1659  5.3  6.5 14.3 -9.0 -9.00 -9.00   -9    0.0   -9.0 -9.00    0.0   -9    0.0   -9   -9.0   -9   -9.0   -9   -9.0   -9 -99.0 -99.0 -99.0 -99.0 -99.0
20260715 295  2.5  2131  25  4.8  447  29 11.0  446  28.6  33.0 1522  24.6 2331  23.2  29.6  22.5  73.6  53.0 1732  28.6  -9.0  -9.0 -9.00  997.3 1002.4 1004.7    4 1000.8 1539  3.8  8.0 14.3 -9.0 -9.00 -9.00   -9    0.0   -9.0 -9.00    0.0   -9    0.0   -9   -9.0   -9   -9.0   -9   -9.0   -9 -99.0 -99.0 -99.0 -99.0 -99.0
20260715 296  4.0  3455  20  7.1 1310  23 11.1 1231  29.1  33.3 1423  24.4 2356  25.2  31.1  20.3  80.3  70.0 1451  32.2   7.8   5.5 -9.00 1000.1 1000.4 1003.4    1  998.4 1620  3.8 10.7 14.3 -9.0 26.22  3.35 1100    0.0   -9.0  2.15    0.0   -9    0.0   -9   -9.0   -9   -9.0   -9   -9.0   -9 -99.0 -99.0 -99.0 -99.0 -99.0
20260716  90  1.5  1304  14  3.5 1338  27  6.4  602  27.4  33.3 1028  23.2  435  20.0  31.5  19.8  64.6  41.0  951  23.5   6.3   4.4 -9.00  998.7 1000.7 1001.6 2242  999.6    1  5.4  8.6 14.6 -9.0 23.53  3.10 1100   -9.0   -9.0 -9.00   -9.0   -9   -9.0   -9   -9.0   -9   -9.0   -9   -9.0   -9 -99.0 -99.0 -99.0 -99.0 -99.0
20260716  93  0.7   568  23  2.7 1327  20  4.8 1202  26.1  31.1 1528  22.1  529  22.8  28.8  21.7  83.8  61.0 1612  27.8   4.9   3.5 -9.00  992.6 1003.4 1005.0  901 1001.2 1759  6.4  7.1 14.5 -9.0 20.27  3.14 1200   -9.0   -9.0 -9.00   -9.0   -9   -9.0   -9   -9.0   -9   -9.0   -9   -9.0   -9  26.7  25.5  22.7  18.2  15.3
20260716  95  0.9   742  25  3.5 1345  25  6.4 1339  25.8  30.1 1329  21.0  540  22.9  28.2  21.2  85.4  65.0 1526  28.0   4.9   3.4 -9.00  986.1 1003.6 1005.1  751 1001.8 1854  6.4  8.5 14.6 -9.0 21.06  2.89 1000   -9.0   -9.0 -9.00   -9.0   -9   -9.0   -9   -9.0   -9   -9.0   -9   -9.0   -9 -99.0 -99.0 -99.0 -99.0 -99.0
20260716  98  0.6   513  25  2.6 1313  27  4.6 1255  25.9  30.2 1302  21.7  452  21.4  29.0  19.5  77.1  60.0 1448  25.5   4.6   3.3 -9.00  990.2 1003.3 1004.6  836 1001.4 1752  7.6  5.8 14.5 -9.0 19.17  2.86 1100   -9.0   -9.0 -9.00   -9.0   -9   -9.0   -9   -9.0   -9   -9.0   -9   -9.0   -9 -99.0 -99.0 -99.0 -99.0 -99.0
20260716  99  0.6   551  36  1.7 1158  27  3.7 2124  25.3  29.9 1529  21.3   57  22.9  28.0  22.0  87.9  71.0 1530  28.0   4.2   2.9 -9.00 1000.6 1004.0 1005.2  810 1002.1 1834  6.3  2.8 14.5 -9.0 17.72  2.33 1100   -9.0   -9.0 -9.00   -9.0   -9   -9.0   -9   -9.0   -9   -9.0   -9   -9.0   -9 -99.0 -99.0 -99.0 -99.0 -99.0
20260716 100  2.3  2010  25  5.0 1447  25  8.3 1303  22.8  29.5 1355  17.6  523  19.2  24.8  16.2  82.0  54.0 1344  22.2   6.0   4.2 -9.00  918.2 1002.4 1004.6  546  999.9 1355  5.5  8.8 14.5 -9.0 24.11  3.38 1300   -9.0   -9.0 -9.00   -9.0   -9   -9.0   -9   -9.0   -9   -9.0   -9   -9.0   -9 -99.0 -99.0 -99.0 -99.0 -99.0
20260716 101  1.1   922  20  2.8 1556  23  4.4 1625  26.1  31.1 1516  21.9  518  21.8  29.2  20.7  78.9  59.0 1304  26.2   5.0   3.5 -9.00  993.8 1002.4 1003.9  602 1000.1 1821  6.1  5.8 14.5 -9.0 20.26  3.20 1200   -9.0   -9.0 -9.00   -9.0   -9   -9.0   -9   -9.0   -9   -9.0   -9   -9.0   -9  26.9  23.8  21.4  17.1  15.2
20260716 102  1.9  1680  18  5.5 1041  18  7.5 1035  23.4  28.1 1356  19.9  341  21.1  26.2  19.8  87.5  67.0 1351  25.0   5.3   3.7  5.25  998.6 1002.7 1003.7 2159 1001.6 1834  6.4  6.9 14.5 -9.0 23.10  3.40 1300   -9.0   -9.0 -9.00   -9.0   -9   -9.0   -9   -9.0   -9   -9.0   -9   -9.0   -9 -99.0 -99.0 -99.0 -99.0 -99.0
20260716 104  1.4  1250  16  2.7  311  29  7.9 1101  28.4  34.8 1425  23.2  520  21.0  32.2  19.2  65.8  39.0 1055  24.9   6.8   4.7 -9.00  991.5  999.9 1000.9  631  999.1    3  5.3  9.4 14.5 -9.0 24.62  3.37 1100   -9.0   -9.0 -9.00   -9.0   -9   -9.0   -9   -9.0   -9   -9.0   -9   -9.0   -9  27.6  23.7  20.8  16.3  14.1
20260716 105  2.5  2133  23  4.5  416  23  9.0  410  30.4  35.0 1441  26.1  522  18.6  33.8  23.4  50.6  30.0 1233  21.5   7.7   5.4 -9.00  997.8 1000.8 1001.9  633  999.9    9  5.1  8.7 14.5 -9.0 22.44  3.17 1100   -9.0   -9.0 -9.00   -9.0   -9   -9.0   -9   -9.0   -9   -9.0   -9   -9.0   -9  27.8  24.2  22.2  17.6  15.6
20260716 106  2.0  1751  14  4.7 1307  14  7.5 1302  27.1  32.6  922  23.9  504  19.7  34.6  19.7  65.3  41.0  915  23.0   6.5   4.5 -9.00  996.9 1001.5 1002.2  654 1000.4   10  5.4  9.0 14.5 -9.0 24.42  3.42 1100   -9.0   -9.0 -9.00   -9.0   -9   -9.0   -9   -9.0   -9   -9.0   -9   -9.0   -9 -99.0 -99.0 -99.0 -99.0 -99.0
20260716 108  1.7  1443  27  3.7 1455  25  5.7 1544  26.4  30.3 1334  22.9  245  22.1  26.8  19.3  78.4  64.0 1736  26.6   4.8   3.4 -9.00  993.8 1003.5 1004.6  743 1001.7 1739  6.9  2.6 14.5 -9.0 16.93  2.50 1300   -9.0   -9.0 -9.00   -9.0   -9   -9.0   -9   -9.0   -9   -9.0   -9   -9.0   -9  26.5  24.8  23.9  19.8  14.6
20260716 112  1.9  1677  20  4.6 1310  18  6.5 1310  25.6  28.3 1527  23.3  545  23.6  28.1  20.7  89.4  67.0 1540  29.2   4.9   3.4 -9.00  995.7 1003.5 1004.5 1118 1001.8 1750  7.0  5.5 14.5 -9.0 20.67  2.91 1300   -9.0   -9.0 -9.00   -9.0   -9   -9.0   -9   -9.0   -9   -9.0   -9   -9.0   -9  25.2  24.1  17.7  21.3  14.5
20260716 114  1.3  1117  27  3.1 1347  25  4.9 1153  27.0  30.9 1459  22.2  518  21.9  28.9  19.6  74.9  58.0 1057  26.3   5.0   3.5 -9.00  986.2 1003.1 1004.8  629 1000.9 1811  7.6  4.1 14.5 -9.0 19.40  2.93 1000   -9.0   -9.0 -9.00   -9.0   -9   -9.0   -9   -9.0   -9   -9.0   -9   -9.0   -9 -99.0 -99.0 -99.0 -99.0 -99.0
20260716 115  2.5  2135  20  5.4 2249  23  7.8 2215  27.1  30.1  944  24.6 2017  21.7  30.3  19.3  72.8  63.0 1019  26.0   6.8   4.8 -9.00  977.1 1001.7 1002.7  806 1000.4    3  4.3 10.3 14.5 -9.0 24.55  3.21 1200   -9.0    0.0 -9.00   -9.0   -9   -9.0   -9   -9.0   -9   -9.0   -9   -9.0   -9  23.4  20.1  18.7  14.1  13.5
20260716 119  1.5  1288  25  4.1 1607  25  6.0 1614  25.3  29.8 1321  21.9   14  21.6  28.1  19.7  80.5  59.0 1556  25.8   4.4   3.1 -9.00  998.9 1003.4 1004.5  828 1001.8 1757  7.4  2.3 14.5 -9.0 15.66  2.35 1200   -9.0   -9.0 -9.00   -9.0   -9   -9.0   -9   -9.0   -9   -9.0   -9   -9.0   -9  25.9  23.9  21.6  16.9  14.3
20260716 121  1.2  1000  25  3.7 1436  25  5.8 1433  25.6  30.8 1453  21.1  531  22.0  28.1  20.8  81.6  60.0 1235  26.5   4.8   3.4 -9.00  976.5 1003.4 1005.5  653 1001.2 1833  7.8  4.3 14.5 -9.0 19.81  3.01 1000   -9.0   -9.0 -9.00   -9.0   -9   -9.0   -9   -9.0   -9   -9.0   -9   -9.0   -9 -99.0 -99.0 -99.0 -99.0 -99.0
20260716 127  0.9   765  34  2.8 1457  34  5.3 1240  26.4  31.0 1517  21.7  509  22.4  28.4  21.1  79.5  62.0 1518  27.1   4.3   3.0 -9.00  989.6 1002.5 1004.1  652 1000.5 1746  8.1  3.3 14.4 -9.0 17.85  2.46 1000   -9.0   -9.0 -9.00   -9.0   -9   -9.0   -9   -9.0   -9   -9.0   -9   -9.0   -9 -99.0 -99.0 -99.0 -99.0 -99.0
20260716 129  1.2  1018  16  3.1 1003  18  5.2 1034  25.0  28.6  954  23.4  316  23.2  27.3  21.5  90.4  70.0  931  28.4   2.1   1.5 -9.00 1001.0 1003.9 1005.2 1117 1002.4 1824  8.6 -9.0 14.4 -9.0 -9.00  2.15  900    0.5    0.5 -9.00    0.4 1044    0.4 1100   -9.0   -9   -9.0   -9   -9.0   -9  26.1  23.9  21.7  17.1  15.3
20260716 130  1.8  1593  16  3.4 1147  27  5.6  221  26.1  30.9  806  22.9 1941  20.2  34.0  21.8  71.4  48.0  933  23.8  -9.0  -9.0 -9.00  996.1 1001.7 1002.8  816 1000.6  302  6.3 10.4 14.5 -9.0 -9.00 -9.00   -9   -9.0   -9.0 -9.00   -9.0   -9   -9.0   -9   -9.0   -9   -9.0   -9   -9.0   -9 -99.0 -99.0 -99.0 -99.0 -99.0
20260716 131  1.2  1040  27  2.5 1608  27  4.9 1206  27.4  30.2 1358  24.7  511  21.4  29.4  24.8  70.4  61.0 1112  25.5   3.9   2.7 -9.00  996.4 1003.0 1004.5  757 1001.2 1748  8.9  1.6 14.4 -9.0 14.92  2.42 1100    0.0    2.8  1.43    0.0   -9    0.0   -9   -9.0   -9   -9.0   -9   -9.0   -9 -99.0 -99.0 -99.0 -99.0 -99.0
20260716 133  1.2  1014  20  3.3 1117  20  5.5 1113  26.9  29.7 1118  23.9  417  23.1  29.0  22.8  80.4  64.0 1016  28.3   3.5   2.4 -9.00  995.9 1003.6 1004.8  743 1001.7 1802  9.3  2.2 14.4 -9.0 15.16  2.18 1000    0.0   23.0  0.52    0.0   -9    0.0   -9   -9.0   -9   -9.0   -9   -9.0   -9  28.2  26.3  24.4  20.3  17.0
20260716 135  2.4  2112  27  5.0 1342  27  8.2   53  25.1  29.2 1333  22.3  556  20.9  26.2  22.3  78.4  64.0 1143  24.8   4.1   2.9 -9.00  975.5 1002.9 1004.7  837 1001.2 1826  9.3  1.6 14.4 -9.0 14.77  2.68 1100   -9.0   -9.0 -9.00   -9.0   -9   -9.0   -9   -9.0   -9   -9.0   -9   -9.0   -9 -99.0 -99.0 -99.0 -99.0 -99.0
20260716 136  1.7  1459  27  4.1 1413  27  7.0 1409  27.2  32.1 1605  23.3  436  21.5  32.3  22.3  71.9  56.0 1118  25.6   5.5   3.8 -9.00  987.5 1003.3 1004.9  824 1001.5 1825  8.6  5.5 14.4 -9.0 20.99  3.45 1200   -9.0   -9.0 -9.00   -9.0   -9   -9.0   -9   -9.0   -9   -9.0   -9   -9.0   -9 -99.0 -99.0 -99.0 -99.0 -99.0
20260716 137  1.6  1346  25  3.0 1332  23  6.9 1332  27.1  31.6 1600  24.2  511  22.9  29.5  22.5  78.0  65.0 1225  27.9   4.2   2.9 -9.00  991.1 1001.9 1003.5  825 1000.4 1740  9.0  2.4 14.4 -9.0 16.25  2.96 1200   -9.0   -9.0 -9.00   -9.0   -9   -9.0   -9   -9.0   -9   -9.0   -9   -9.0   -9 -99.0 -99.0 -99.0 -99.0 -99.0
20260716 138  2.8  2420  25  4.6  737  25  8.9  729  30.2  35.0 1540  26.1  606  19.4  34.7  24.4  53.4  34.0 1323  22.5   7.5   5.3 -9.00 1000.7 1001.1 1002.4  821  999.6 1627  8.0  6.4 14.4 -9.0 21.03  2.84 1300   -9.0    0.0 -9.00   -9.0   -9   -9.0   -9   -9.0   -9   -9.0   -9   -9.0   -9  26.0  22.0  20.4  17.3  16.2
20260716 140  1.0   867  11  2.9  551  11  3.5  547  25.5  27.6  918  23.0  344  23.6  27.9  20.6  89.5  78.0  912  29.1  -9.0  -9.0 -9.00 1001.2 1004.3 1006.2 1023 1002.2 1759  9.0  0.4 14.4 -9.0 -9.00 -9.00   -9    2.8   -9.0 -9.00    2.4 1016    1.7 1031   -9.0   -9   -9.0   -9   -9.0   -9 -99.0 -99.0 -99.0 -99.0 -99.0
20260716 143  2.4  2061  27  4.2   37  27  6.8  813  29.4  34.1 1558  26.0  541  19.4  34.1  24.4  55.8  39.0 1317  22.7   6.3   4.4 -9.00  995.7 1001.8 1003.3  817 1000.3 1623  7.9  4.3 14.4 -9.0 18.34  2.30 1200   -9.0   -9.0 -9.00   -9.0   -9   -9.0   -9   -9.0   -9   -9.0   -9   -9.0   -9 -99.0 -99.0 -99.0 -99.0 -99.0
20260716 146  1.3  1136  25  3.1  943  25  4.9  942  26.6  30.2 1307  23.4  341  22.2  27.7  16.9  77.6  64.0 1314  26.8   3.7   2.6 -9.00  996.8 1003.6 1005.0 1028 1001.6 1844  9.3  1.4 14.4 -9.0 12.73  1.95  900    0.1    0.1  0.83    0.1   -9    0.1   -9   -9.0   -9   -9.0   -9   -9.0   -9 -99.0 -99.0 -99.0 -99.0 -99.0
20260716 152  1.7  1466  27  3.8 2046  29  6.1 1543  29.3  34.6 1537  24.2  602  17.3  33.7  22.2  50.0  29.0 1233  19.8   7.2   5.0 -9.00  992.1 1001.2 1002.4  751  999.6 1703  7.0  8.2 14.3 -9.0 23.60  3.27 1100   -9.0   -9.0 -9.00   -9.0   -9   -9.0   -9   -9.0   -9   -9.0   -9   -9.0   -9 -99.0 -99.0 -99.0 -99.0 -99.0
20260716 155  1.0   852   7  3.1  924  34  5.7 1446  28.5  35.6 1436  23.9  526  20.7  31.2  20.7  63.9  36.0 1441  24.5   5.3   3.7 -9.00  998.6 1002.5 1003.8  844 1001.2 1758  8.3  5.0 14.3 -9.0 18.60  2.81 1300   -9.0   -9.0 -9.00   -9.0   -9   -9.0   -9   -9.0   -9   -9.0   -9   -9.0   -9 -99.0 -99.0 -99.0 -99.0 -99.0
20260716 156  0.9   746   5  2.3  951   5  3.3  942  27.1  30.1 1203  24.1  516  22.7  29.5  21.0  77.4  61.0 1206  27.6   3.0   2.1 -9.00  995.6 1003.5 1005.1 1038 1001.9 1642  8.8  0.6 14.3 -9.0 10.43  1.52 1200    0.0   -9.0  4.08    0.0   -9    0.0   -9   -9.0   -9   -9.0   -9   -9.0   -9 -99.0 -99.0 -99.0 -99.0 -99.0
20260716 159  2.8  2395  23  5.5 1534  32  9.1 2347  27.6  32.3 1313  24.4    1  19.3  33.2  20.7  61.6  44.0 1014  22.4   6.3   4.4 -9.00  994.1 1001.9 1002.7  847 1000.8 1709  8.0  4.8 14.3 -9.0 19.21  3.05 1400   -9.0   -9.0 -9.00   -9.0   -9   -9.0   -9   -9.0   -9   -9.0   -9   -9.0   -9  26.7  24.0  22.2  17.9  17.5
20260716 162  1.3  1080  23  3.2 1222  25  4.9 1527  25.8  30.4 1225  22.4  532  21.5  29.1  19.4  78.6  50.0 1452  25.7   4.7   3.3 -9.00  998.6 1002.2 1003.2  812 1000.8 1742  8.8  4.5 14.3 -9.0 17.52  2.67 1200   -9.0   -9.0 -9.00   -9.0   -9   -9.0   -9   -9.0   -9   -9.0   -9   -9.0   -9 -99.0 -99.0 -99.0 -99.0 -99.0
20260716 165  1.0   893  27  3.1  943  27  4.8  938  25.9  28.2 1721  24.0  345  23.2  27.0  21.0  85.6  73.0 1653  28.4   2.1   1.5 -9.00  998.8 1003.8 1005.8  940 1002.2 1653  9.5  0.0 14.3 -9.0  7.77  1.18 1200    0.3    1.4  1.80    0.3 1018    0.1   -9   -9.0   -9   -9.0   -9   -9.0   -9  27.0  23.7  22.3  19.0  16.5
20260716 168  2.2  1908  34  5.0  129  34  8.8  128  27.1  30.0 1235  25.2  540  21.7  29.0  23.3  73.1  62.0 1155  26.1   4.5   3.2 -9.00  995.9 1003.3 1004.4 1011 1001.9 1736  8.9  2.5 14.3 -9.0 14.60  2.92 1100    0.0    0.0  0.13    0.0   -9    0.0   -9   -9.0   -9   -9.0   -9   -9.0   -9  27.5  24.5  22.0  18.5  17.0
20260716 169  4.1  3558  16  6.8 1109  36  7.8  735  23.7  25.3 1821  22.6  834  21.9  25.1  23.2  90.1  73.0  309  26.3   2.1   1.4  0.40  995.0 1003.6 1005.6  806 1002.1 1743  9.8  0.3 14.3 -9.0  7.91  1.26 1100    7.7   -9.0  2.63    4.4  857    1.2  907   -9.0   -9   -9.0   -9   -9.0   -9 -99.0 -99.0 -99.0 -99.0 -99.0
20260716 170  1.0   879  27  4.4 1127  29  7.3 1122  25.4  28.0 1603  22.8  305  22.9  27.3  23.0  86.8  75.0 1035  28.0   2.1   1.5 -9.00  999.9 1003.9 1005.4 1017 1002.4 1718  9.0  0.0 14.2 -9.0  6.88  0.82 1400    2.0   -9.0 -9.00    2.0 1111    1.0 1127   -9.0   -9   -9.0   -9   -9.0   -9 -99.0 -99.0 -99.0 -99.0 -99.0
20260716 172  1.1   921  27  3.0  748  29  3.9  742  25.8  28.6 1502  22.4  405  22.9  25.4  21.3  85.1  63.0 1123  28.1   2.6   1.8 -9.00  997.5 1003.5 1005.1  920 1001.9 1823  9.4  0.0 14.3 -9.0  8.77  1.06 1100    0.3   -9.0 -9.00    0.3  856    0.2   -9   -9.0   -9   -9.0   -9   -9.0   -9 -99.0 -99.0 -99.0 -99.0 -99.0
20260716 174  1.8  1572  32  4.4  145  32  7.2  141  25.4  29.4 1548  21.7  457  21.1  26.9  21.0  78.3  62.0 1248  25.1  -9.0  -9.0 -9.00  983.5 1002.0 1003.2  959 1000.4 1655  9.4  0.6 14.3 -9.0 -9.00 -9.00   -9    0.0   -9.0 -9.00    0.0   -9    0.0   -9   -9.0   -9   -9.0   -9   -9.0   -9 -99.0 -99.0 -99.0 -99.0 -99.0
20260716 177  1.6  1417  18  4.2 1104  20  6.3 1121  25.5  28.9 1022  23.7  542  22.9  26.9  23.0  85.9  76.0 1327  27.9   2.3   1.6 -9.00  999.2 1002.4 1003.5  803 1000.7 1814  8.4  0.7 14.4 -9.0  9.55  1.40  900    4.0   14.1  6.33    3.9 2320    2.4 2342   -9.0   -9   -9.0   -9   -9.0   -9 -99.0 -99.0 -99.0 -99.0 -99.0
20260716 181  1.3  1085  23  3.0 1458  34  4.2 1640  25.6  29.4 1358  22.0  553  22.0  28.2  21.1  81.6  67.0 1133  26.5   3.4   2.4 -9.00  999.9 1003.7 1005.2  759 1001.9 1747  8.6  2.2 14.4 -9.0 14.49  2.31 1100    0.0   -9.0 -9.00    0.0   -9    0.0   -9   -9.0   -9   -9.0   -9   -9.0   -9 -99.0 -99.0 -99.0 -99.0 -99.0
20260716 184  1.9  1681   5  4.6 1158  36  9.5  533  27.6  30.6 1637  26.0  522  23.7  33.1  25.2  79.9  62.0 1729  29.3   3.8   2.7 -9.00 1000.8 1003.1 1004.6  945 1001.3 1724  8.6  0.3 14.2 -9.0 12.07  1.61 1300    0.0    0.0  0.25    0.0   -9    0.0   -9   -9.0   -9   -9.0   -9   -9.0   -9  29.3  26.9  25.4  22.5  18.1
20260716 185  3.3  2886  14  6.7 1738  14  9.0 1739  25.8  29.1 1350  24.5  246  24.5  29.1  25.3  92.9  76.0 1353  30.8   2.8   2.0 -9.00  995.6 1003.6 1005.4  923 1002.1 1705  9.3  0.2 14.1 -9.0 10.39  1.60 1300   -9.0   -9.0 -9.00   -9.0   -9   -9.0   -9   -9.0   -9   -9.0   -9   -9.0   -9 -99.0 -99.0 -99.0 -99.0 -99.0
20260716 188  1.8  1582   2  4.1 1307  36  5.9 1240  26.9  29.6 1235  25.0  436  24.8  30.6  24.8  88.8  74.0 1507  31.3  -9.0  -9.0 -9.00 1001.8 1004.1 1005.2  925 1002.8 1750  8.1  0.5 14.2 -9.0 -9.00 -9.00   -9   -9.0   -9.0 -9.00   -9.0   -9   -9.0   -9   -9.0   -9   -9.0   -9   -9.0   -9 -99.0 -99.0 -99.0 -99.0 -99.0
20260716 189  1.1   961  20  2.5 1113  25  4.2 1009  26.6  28.8 1158  25.0  612  25.0  28.6  24.9  91.1  82.0 1205  31.6   2.9   2.0  2.63  998.3 1004.2 1005.4  924 1003.1 1710  9.9  0.2 14.1 -9.0 10.64  2.04 1100   -9.0   -9.0 -9.00   -9.0   -9   -9.0   -9   -9.0   -9   -9.0   -9   -9.0   -9 -99.0 -99.0 -99.0 -99.0 -99.0
20260716 192  0.7   614  20  2.2 2055  18  3.8 2110  26.5  32.1 1507  20.2  546  21.3  30.9  18.6  74.6  46.0 1409  25.4   4.6   3.2 -9.00  999.5 1002.9 1004.2 1019 1001.4 1748  8.9  4.0 14.3 -9.0 17.36  2.97 1100   -9.0   -9.0 -9.00   -9.0   -9   -9.0   -9   -9.0   -9   -9.0   -9   -9.0   -9 -99.0 -99.0 -99.0 -99.0 -99.0
20260716 201  1.5  1294  25  4.3 1233  23  6.3 1225  24.9  28.6 1216  22.6  347  23.1  27.3  21.5  90.6  74.0 1514  28.3  -9.0  -9.0 -9.00  998.8 1004.3 1005.3  743 1002.4 1854  5.5  3.9 14.5 -9.0 -9.00 -9.00   -9   -9.0   -9.0 -9.00   -9.0   -9   -9.0   -9   -9.0   -9   -9.0   -9   -9.0   -9 -99.0 -99.0 -99.0 -99.0 -99.0
20260716 202  1.1   955  29  2.5 1323  27  4.6 1435  26.1  30.9 1432  21.7  502  22.0  29.1  19.9  79.8  60.0 1405  26.5  -9.0  -9.0 -9.00  998.3 1003.7 1005.2  804 1001.5 1805  8.4  4.5 14.5 -9.0 -9.00 -9.00   -9   -9.0   -9.0 -9.00   -9.0   -9   -9.0   -9   -9.0   -9   -9.0   -9   -9.0   -9 -99.0 -99.0 -99.0 -99.0 -99.0
20260716 203  0.8   718  23  2.0 2203  18  4.6 1658  26.0  31.2 1402  21.4  228  22.8  28.7  20.5  84.1  64.0 1406  27.8  -9.0  -9.0 -9.00  994.9 1003.9 1005.4  759 1002.1 1731  7.5  2.2 14.5 -9.0 -9.00 -9.00   -9   -9.0   -9.0 -9.00   -9.0   -9   -9.0   -9   -9.0   -9   -9.0   -9   -9.0   -9 -99.0 -99.0 -99.0 -99.0 -99.0
20260716 211  1.3  1145  20  3.6 1437  20  6.9 1429  25.4  31.1 1404  21.5  548  21.2  29.2  20.3  78.9  56.0 1409  25.1  -9.0  -9.0 -9.00  980.1 1002.8 1004.4  543 1000.7 1816  5.1  5.9 14.5 -9.0 -9.00 -9.00   -9   -9.0   -9.0 -9.00   -9.0   -9   -9.0   -9   -9.0   -9   -9.0   -9   -9.0   -9 -99.0 -99.0 -99.0 -99.0 -99.0
20260716 212  0.9   786  32  3.0 1324  32  6.0 1322  26.1  31.7 1407  21.8  218  21.4  27.3  21.4  77.1  52.0 1410  25.5  -9.0  -9.0 -9.00  987.8 1003.6 1005.1  610 1001.5 1820  7.1  6.3 14.5 -9.0 -9.00 -9.00   -9   -9.0   -9.0 -9.00   -9.0   -9   -9.0   -9   -9.0   -9   -9.0   -9   -9.0   -9 -99.0 -99.0 -99.0 -99.0 -99.0
20260716 216  1.1   911  34  2.8 1308  34  5.6 1502  25.0  32.3 1142  16.8  532  17.7  27.7  17.0  68.0  31.0 1037  20.4   6.5   4.6 -9.00  924.4 1002.0 1004.9  554  999.4 1326  6.6  9.0 14.5 -9.0 25.13  3.38 1100   -9.0   -9.0 -9.00   -9.0   -9   -9.0   -9   -9.0   -9   -9.0   -9   -9.0   -9 -99.0 -99.0 -99.0 -99.0 -99.0
20260716 217  1.1   974  18  4.0 1456  18  7.7 1430  25.4  32.3 1334  19.3  516  20.7  30.9  19.9  77.1  53.0 1300  24.4  -9.0  -9.0 -9.00  968.4 1003.1 1005.4  655 1000.7 1549  5.9  6.3 14.5 -9.0 -9.00 -9.00   -9   -9.0   -9.0 -9.00   -9.0   -9   -9.0   -9   -9.0   -9   -9.0   -9   -9.0   -9 -99.0 -99.0 -99.0 -99.0 -99.0
20260716 221  1.0   904  23  4.3 1346  20  7.2 1337  24.1  29.1 1421  18.8  444  21.2  27.3  18.0  85.1  62.0 1454  25.2  -9.0  -9.0 -9.00  973.7 1003.4 1005.1  630 1001.0 1822  7.6  4.7 14.5 -9.0 -9.00 -9.00   -9   -9.0   -9.0 -9.00   -9.0   -9   -9.0   -9   -9.0   -9   -9.0   -9   -9.0   -9 -99.0 -99.0 -99.0 -99.0 -99.0
20260716 226  0.8   707  29  3.2 1304  27  5.9 1301  25.6  29.8 1535  21.6  507  22.8  28.0  20.3  85.9  66.0 1537  27.8  -9.0  -9.0 -9.00  984.3 1003.5 1005.1  818 1001.7 1836  9.3  2.5 14.4 -9.0 -9.00 -9.00   -9   -9.0   -9.0 -9.00   -9.0   -9   -9.0   -9   -9.0   -9   -9.0   -9   -9.0   -9 -99.0 -99.0 -99.0 -99.0 -99.0
20260716 232  0.8   686  25  2.1 1535  27  4.4 1600  25.0  30.0 1318  21.5  538  23.0  28.3  20.7  89.3  71.0 1319  28.1  -9.0  -9.0 -9.00  994.6 1004.2 1005.5  742 1002.4 1740  8.5  1.7 14.4 -9.0 -9.00 -9.00   -9   -9.0   -9.0 -9.00   -9.0   -9   -9.0   -9   -9.0   -9   -9.0   -9   -9.0   -9 -99.0 -99.0 -99.0 -99.0 -99.0
20260716 235  1.2  1028  20  3.9 1015  25  5.8 1010  25.5  27.6  841  23.5  312  23.3  27.5  22.3  88.4  76.0  859  28.7   2.1   1.5 -9.00 1002.1 1003.2 1004.6  945 1001.3 1735  9.1  0.4 14.4 -9.0  9.07  1.15  900    9.6   -9.0 -9.00    8.4 2300    3.4 2325   -9.0   -9   -9.0   -9   -9.0   -9 -99.0 -99.0 -99.0 -99.0 -99.0
20260716 236  0.6   544  20  2.2 1114  36  3.8 2146  25.5  28.1 1056  22.8  342  23.6  28.3  22.6  89.6  70.0 1032  29.1  -9.0  -9.0 -9.00 1002.5 1004.0 1005.3  845 1002.1 1813  9.5  0.5 14.4 -9.0 -9.00 -9.00   -9    2.2   -9.0 -9.00    2.2   -9    2.2 2351   -9.0   -9   -9.0   -9   -9.0   -9 -99.0 -99.0 -99.0 -99.0 -99.0
20260716 238  0.6   530  23  2.9 1250  27  5.4 1233  25.0  30.0 1130  21.6  441  22.4  27.4  20.4  86.5  66.0 1101  27.2  -9.0  -9.0 -9.00  984.1 1003.2 1004.6  732 1001.5 1742  9.6  1.6 14.4 -9.0 -9.00 -9.00   -9    6.4   -9.0 -9.00    6.4 1212    3.0 1237   -9.0   -9   -9.0   -9   -9.0   -9 -99.0 -99.0 -99.0 -99.0 -99.0
20260716 239  1.1   913  32  2.3 2216  23  3.1 1041  25.6  28.7 1402  22.4  432  23.0  29.1  22.2  86.8  71.0  949  28.2   2.9   2.0 -9.00  993.0 1003.1 1004.3  745 1001.2 1757  9.6  1.1 14.4 -9.0 12.77  1.73  900    0.1   -9.0 -9.00    0.1   -9    0.1   -9   -9.0   -9   -9.0   -9   -9.0   -9 -99.0 -99.0 -99.0 -99.0 -99.0
20260716 243  0.7   591   5  2.3 1607   5  3.3 1608  26.3  29.5 1211  23.4  308  22.8  27.3  21.4  81.9  63.0 1202  27.8  -9.0  -9.0 -9.00 1002.4 1003.8 1005.6  904 1002.3 1759  9.0  0.5 14.3 -9.0 -9.00 -9.00   -9    0.0   -9.0 -9.00    0.0   -9    0.0   -9   -9.0   -9   -9.0   -9   -9.0   -9 -99.0 -99.0 -99.0 -99.0 -99.0
20260716 244  0.7   601   7  2.6 1239  11  4.4 1233  24.9  29.6 1251  20.8  347  21.9  26.8  20.0  84.5  55.0 1309  26.3  -9.0  -9.0 -9.00  975.8 1003.5 1004.8  655 1001.8 1657  9.5  1.1 14.3 -9.0 -9.00 -9.00   -9   -9.0   -9.0 -9.00   -9.0   -9   -9.0   -9   -9.0   -9   -9.0   -9   -9.0   -9 -99.0 -99.0 -99.0 -99.0 -99.0
20260716 245  1.2   998  34  3.4 1330   2  5.2 1340  26.3  30.4 1241  22.8  309  22.1  28.5  21.3  79.0  57.0 1140  26.7   3.7   2.6 -9.00  996.0 1003.7 1005.4  911 1002.0 1830  9.3  0.5 14.3 -9.0 11.88  1.91 1100    0.0   -9.0 -9.00    0.0   -9    0.0   -9   -9.0   -9   -9.0   -9   -9.0   -9 -99.0 -99.0 -99.0 -99.0 -99.0
20260716 247  1.0   862  27  2.3 1726   2  3.8 1110  25.7  29.6 1242  21.6  409  22.0  27.6  20.9  81.4  68.0 1105  26.5  -9.0  -9.0 -9.00  988.4 1003.4 1004.7  726 1001.7 1646  9.6  0.8 14.3 -9.0 -9.00 -9.00   -9   -9.0   -9.0 -9.00   -9.0   -9   -9.0   -9   -9.0   -9   -9.0   -9   -9.0   -9 -99.0 -99.0 -99.0 -99.0 -99.0
20260716 248  0.9   760  36  2.9 1549  36  4.3 1319  24.0  29.0 1318  19.1  411  21.3  26.2  18.0  86.4  52.0 1355  25.3  -9.0  -9.0 -9.00  958.6 1004.0 1005.5    1 1002.1 1703  9.3  1.0 14.3 -9.0 -9.00 -9.00   -9   -9.0   -9.0 -9.00   -9.0   -9   -9.0   -9   -9.0   -9   -9.0   -9   -9.0   -9 -99.0 -99.0 -99.0 -99.0 -99.0
20260716 251  0.9   770  32  2.6 1258   2  4.0 1807  25.7  28.9 1448  21.9  248  23.2  27.0  21.6  86.8  69.0 1351  28.4   2.4   1.7 -9.00  997.9 1003.6 1005.2  903 1001.8 1822  9.3  0.0 14.3 -9.0  8.21  0.92  900    0.1   -9.0 -9.00    0.1   -9    0.1   -9   -9.0   -9   -9.0   -9   -9.0   -9 -99.0 -99.0 -99.0 -99.0 -99.0
20260716 252  0.5   458  36  1.7 1304  36  2.6 1317  25.3  27.8 1652  22.2  219  22.9  26.2  21.1  87.1  72.0 1250  28.0   2.1   1.4 -9.00  999.3 1003.5 1005.2  905 1002.0 1819  9.6  0.0 14.3 -9.0  7.59  1.06 1200    0.5   -9.0 -9.00    0.4  916    0.3 1006   -9.0   -9   -9.0   -9   -9.0   -9 -99.0 -99.0 -99.0 -99.0 -99.0
20260716 253  1.2  1014  27  3.4 1524  29  5.8 1035  28.7  35.3 1453  24.4  546  21.1  32.9  21.2  64.1  45.0 1455  25.0   5.0   3.5 -9.00  997.0 1003.1 1004.5  841 1001.6 1652  8.3  5.3 14.3 -9.0 17.50  2.89 1400   -9.0   -9.0 -9.00   -9.0   -9   -9.0   -9   -9.0   -9   -9.0   -9   -9.0   -9 -99.0 -99.0 -99.0 -99.0 -99.0
20260716 254  0.7   627  27  2.0  922  18  2.9 1554  25.7  29.8 1208  21.4  421  22.4  27.5  20.3  83.1  61.0 1037  27.1   3.1   2.2 -9.00  989.5 1004.0 1005.4  918 1002.3 1637  9.6  0.7 14.3 -9.0 11.17  1.89 1000    0.0   -9.0 -9.00    0.0   -9    0.0   -9   -9.0   -9   -9.0   -9   -9.0   -9 -99.0 -99.0 -99.0 -99.0 -99.0
20260716 255  0.9   787  32  3.0 1353  34  5.2 1350  29.6  36.0 1435  24.5  554  20.8  31.3  20.2  60.4  38.0 1436  24.6   5.3   3.7 -9.00  996.4 1002.1 1003.5  826 1000.6 1521  7.8  5.0 14.3 -9.0 17.49  2.77 1400   -9.0   -9.0 -9.00   -9.0   -9   -9.0   -9   -9.0   -9   -9.0   -9   -9.0   -9 -99.0 -99.0 -99.0 -99.0 -99.0
20260716 257  1.8  1578  20  4.1 1649  20  6.6 1733  29.6  36.9 1454  24.2  532  21.5  36.8  20.7  63.1  42.0 1455  25.7   5.9   4.1 -9.00 1001.4 1002.1 1003.6  844 1000.6 1606  8.8  4.0 14.3 -9.0 18.32  2.91 1400   -9.0   -9.0 -9.00   -9.0   -9   -9.0   -9   -9.0   -9   -9.0   -9   -9.0   -9 -99.0 -99.0 -99.0 -99.0 -99.0
20260716 258  1.7  1496  32  4.5  322  32  5.8  318  26.7  30.0 1215  22.7   33  23.4  26.8  21.9  82.5  65.0 1139  28.8   3.3   2.3 -9.00 1003.5 1003.7 1004.9 1100 1002.1 1716  8.9  0.5 14.3 -9.0 11.35  2.13 1100    0.0   -9.0 -9.00    0.0   -9    0.0   -9   -9.0   -9   -9.0   -9   -9.0   -9 -99.0 -99.0 -99.0 -99.0 -99.0
20260716 259  0.5   425  27  2.2 1040  29  4.1 1049  25.7  28.7 1221  22.2  356  23.2  26.5  20.7  87.0  71.0 1226  28.5   2.3   1.6 -9.00 1001.7 1003.5 1005.1 1023 1001.8 1804  9.1  0.0 14.3 -9.0  7.90  1.11 1200    0.0   -9.0 -9.00    0.0   -9    0.0   -9   -9.0   -9   -9.0   -9   -9.0   -9 -99.0 -99.0 -99.0 -99.0 -99.0
20260716 260  0.7   609  34  2.2 1351  32  3.3 1112  25.8  28.9 1426  21.7  411  23.2  28.0  20.4  86.1  74.0 1256  28.5  -9.0  -9.0 -9.00  998.5 1003.5 1005.1 1040 1001.8 1653  9.4  0.0 14.3 -9.0 -9.00 -9.00   -9    0.0   -9.0 -9.00    0.0   -9    0.0   -9   -9.0   -9   -9.0   -9   -9.0   -9 -99.0 -99.0 -99.0 -99.0 -99.0
20260716 261  0.5   466  29  4.1  959  29  6.7  954  25.3  28.2 1748  21.9  406  23.5  27.0  20.9  90.3  84.0  911  29.0  -9.0  -9.0 -9.00 1002.1 1004.0 1006.2 1025 1002.2 1759  9.3  0.0 14.2 -9.0 -9.00 -9.00   -9    3.1   -9.0 -9.00    2.2 1125    0.9 1137   -9.0   -9   -9.0   -9   -9.0   -9 -99.0 -99.0 -99.0 -99.0 -99.0
20260716 262  1.0   866  27  4.3 1058  27  6.1 1116  26.0  30.7 1319  21.7  509  22.8  27.2  23.5  83.1  60.0 1302  27.7   3.2   2.2 -9.00  997.5 1003.3 1004.6 1047 1001.8 1712  9.1  0.7 14.2 -9.0 10.36  1.85 1100    0.0   -9.0 -9.00    0.0   -9    0.0   -9   -9.0   -9   -9.0   -9   -9.0   -9 -99.0 -99.0 -99.0 -99.0 -99.0
20260716 263  0.9   772  14  2.5 1528  27  4.1 1605  27.5  35.1 1431  20.2  540  21.8  32.3  17.8  72.9  46.0 1459  26.2   5.2   3.6 -9.00 1001.0 1002.6 1004.3  832 1001.1 1744  8.3  3.5 14.3 -9.0 18.65  3.32 1300   -9.0   -9.0 -9.00   -9.0   -9   -9.0   -9   -9.0   -9   -9.0   -9   -9.0   -9 -99.0 -99.0 -99.0 -99.0 -99.0
20260716 264  1.2  1021  27  3.1 1434  29  5.0 1145  26.5  33.7 1400  22.2  514  22.4  29.0  20.8  79.9  49.0 1357  27.2   4.6   3.2 -9.00  986.1 1003.1 1004.6  746 1001.5 1656  9.4  2.1 14.3 -9.0 15.67  3.45 1300    0.0   -9.0 -9.00    0.0   -9    0.0   -9   -9.0   -9   -9.0   -9   -9.0   -9 -99.0 -99.0 -99.0 -99.0 -99.0
20260716 266  0.9   759   9  2.7 1325  27  4.0 1504  27.4  31.5 1256  22.9  535  23.2  32.1  21.2  78.8  60.0 1229  28.5   4.0   2.8 -9.00  993.5 1003.4 1004.6 1000 1001.9 1739  9.0  2.1 14.3 -9.0 14.99  3.13 1100    0.0   -9.0 -9.00    0.0   -9    0.0   -9   -9.0   -9   -9.0   -9   -9.0   -9 -99.0 -99.0 -99.0 -99.0 -99.0
20260716 268  0.8   655  27  3.6  929  27  8.1  924  24.9  28.4 1629  22.1   27  23.0  26.7  21.4  90.0  75.0 1826  28.1  -9.0  -9.0 -9.00 1001.5 1002.6 1004.9  931 1000.9 1745  9.5  0.2 14.2 -9.0 -9.00 -9.00   -9   19.5   -9.0 -9.00   15.1 1005    4.7 1053   -9.0   -9   -9.0   -9   -9.0   -9 -99.0 -99.0 -99.0 -99.0 -99.0
20260716 271  1.2  1009  34  3.9 1524  23  6.8 1155  25.0  30.8 1324  18.8  532  20.7  27.5  17.0  78.9  55.0 1425  24.5  -9.0  -9.0 -9.00  966.7 1002.9 1004.5  546 1000.9 1628  7.5  6.5 14.4 -9.0 -9.00 -9.00   -9   -9.0   -9.0 -9.00   -9.0   -9   -9.0   -9   -9.0   -9   -9.0   -9   -9.0   -9 -99.0 -99.0 -99.0 -99.0 -99.0
20260716 272  2.5  2155  32  6.1  703  32 10.6  658  25.9  30.7 1259  21.1  456  21.2  28.6  19.9  76.0  54.0 1234  25.2  -9.0  -9.0 -9.00  978.9 1002.5 1004.0  757 1000.8 1808  8.6  5.0 14.4 -9.0 -9.00 -9.00   -9   -9.0   -9.0 -9.00   -9.0   -9   -9.0   -9   -9.0   -9   -9.0   -9   -9.0   -9 -99.0 -99.0 -99.0 -99.0 -99.0
20260716 273  1.2  1063  29  3.7  619  29  6.8  615  26.8  31.3 1234  23.7    7  22.4  28.4  20.3  77.6  58.0 1240  27.2  -9.0  -9.0 -9.00  982.8 1002.1 1003.6  809 1000.6 1751  9.0  3.1 14.4 -9.0 -9.00 -9.00   -9   -9.0   -9.0 -9.00   -9.0   -9   -9.0   -9   -9.0   -9   -9.0   -9   -9.0   -9 -99.0 -99.0 -99.0 -99.0 -99.0
20260716 276  2.0  1692  27  4.5 1213  29  7.6 1155  27.3  33.3 1707  22.2  557  22.1  31.8  19.8  75.6  45.0 1507  26.7   6.2   4.3 -9.00  978.8 1002.0 1003.6  805  999.9 1658  8.6  5.9 14.4 -9.0 21.86  3.00 1200   -9.0   -9.0 -9.00   -9.0   -9   -9.0   -9   -9.0   -9   -9.0   -9   -9.0   -9 -99.0 -99.0 -99.0 -99.0 -99.0
20260716 277  2.0  1746  29  5.2   16  29  9.7  706  27.8  33.7 1412  23.9 1943  20.1  35.4  24.2  63.6  40.0 1110  23.5  -9.0  -9.0 -9.00  997.0 1001.6 1002.7  842 1000.5 1623  8.9  7.0 14.4 -9.0 -9.00 -9.00   -9   -9.0   -9.0 -9.00   -9.0   -9   -9.0   -9   -9.0   -9   -9.0   -9   -9.0   -9 -99.0 -99.0 -99.0 -99.0 -99.0
20260716 278  1.1   977  25  3.7 1404  27  6.1 1403  27.4  32.8 1402  22.6  548  22.5  31.5  21.3  76.8  54.0 1457  27.4  -9.0  -9.0 -9.00  992.6 1001.7 1003.4  845 1000.0 1757  8.5  3.9 14.4 -9.0 -9.00 -9.00   -9   -9.0   -9.0 -9.00   -9.0   -9   -9.0   -9   -9.0   -9   -9.0   -9   -9.0   -9 -99.0 -99.0 -99.0 -99.0 -99.0
20260716 279  1.4  1181  32  2.9 1030  29  5.5 1116  28.2  33.4 1405  24.0  602  20.9  32.1  21.5  65.5  48.0 1206  24.8   5.1   3.6 -9.00  997.1 1002.6 1004.0  755 1001.1 1859  8.3  3.2 14.4 -9.0 17.86  2.81 1000    0.0   -9.0 -9.00    0.0   -9    0.0   -9   -9.0   -9   -9.0   -9   -9.0   -9 -99.0 -99.0 -99.0 -99.0 -99.0
20260716 281  2.3  1955  29  4.4 1452  27  8.1 1451  28.5  34.1 1411  24.4  558  20.5  33.8  20.7  63.3  43.0 1351  24.2  -9.0  -9.0 -9.00  992.0 1002.8 1004.3  824 1001.2 1632  8.1  4.4 14.4 -9.0 -9.00 -9.00   -9   -9.0   -9.0 -9.00   -9.0   -9   -9.0   -9   -9.0   -9   -9.0   -9   -9.0   -9 -99.0 -99.0 -99.0 -99.0 -99.0
20260716 283  2.0  1714  25  4.2 1259  34  7.4 1457  29.8  35.9 1400  24.5  124  20.0  33.1  20.5  57.0  35.0 1356  23.4   6.2   4.4 -9.00  997.7 1002.2 1003.7  823 1000.6 1648  7.9  5.4 14.3 -9.0 19.51  3.07 1100   -9.0   -9.0 -9.00   -9.0   -9   -9.0   -9   -9.0   -9   -9.0   -9   -9.0   -9 -99.0 -99.0 -99.0 -99.0 -99.0
20260716 284  1.1   917   5  3.4 1512   2  5.6 1500  26.1  32.3 1350  19.5  408  21.2  30.6  17.6  75.5  58.0 1117  25.4   4.5   3.1 -9.00  976.5 1001.9 1003.9  800 1000.1 1618  9.1  1.9 14.3 -9.0 15.73  2.45 1100   -9.0   -9.0 -9.00   -9.0   -9   -9.0   -9   -9.0   -9   -9.0   -9   -9.0   -9 -99.0 -99.0 -99.0 -99.0 -99.0
20260716 285  0.6   515  20  1.6 1252  18  3.5 1250  27.3  33.8 1505  20.6  455  21.0  32.5  19.6  70.5  45.0 1504  24.9  -9.0  -9.0 -9.00  999.8 1002.8 1004.9  819 1001.3 1753  8.1  1.0 14.3 -9.0 -9.00 -9.00   -9    0.0   -9.0 -9.00    0.0   -9    0.0   -9   -9.0   -9   -9.0   -9   -9.0   -9 -99.0 -99.0 -99.0 -99.0 -99.0
20260716 288  1.2  1025  32  4.1 1602  34  6.1 1601  29.1  36.4 1447  22.9  517  20.6  31.9  22.4  62.1  38.0 1454  24.4   5.4   3.8 -9.00  999.9 1000.8 1002.6  826  999.1 1734  8.1  3.8 14.3 -9.0 17.18  2.65 1200   -9.0   -9.0 -9.00   -9.0   -9   -9.0   -9   -9.0   -9   -9.0   -9   -9.0   -9 -99.0 -99.0 -99.0 -99.0 -99.0
20260716 289  0.9   770  32  3.0 1342  29  5.8 1349  26.5  33.7 1340  21.6  429  21.1  29.7  18.3  73.3  47.0 1337  25.2  -9.0  -9.0 -9.00  988.1 1003.6 1005.2  753 1002.2 1705  9.6  1.6 14.3 -9.0 -9.00 -9.00   -9    0.0   -9.0 -9.00    0.0   -9    0.0   -9   -9.0   -9   -9.0   -9   -9.0   -9 -99.0 -99.0 -99.0 -99.0 -99.0
20260716 294  1.2   998  20  4.2 2234  20  8.5 2229  27.0  32.4 1406  21.3  524  20.3  31.3  18.3  68.0  45.0 1314  23.8  -9.0  -9.0 -9.00  998.4 1003.4 1004.7 1030 1002.0 1746  8.3  6.6 14.3 -9.0 -9.00 -9.00   -9   -9.0   -9.0 -9.00   -9.0   -9   -9.0   -9   -9.0   -9   -9.0   -9   -9.0   -9 -99.0 -99.0 -99.0 -99.0 -99.0
20260716 295  0.7   625   7  2.1 1253  29  3.8    2  26.4  31.0 1348  22.1  549  21.9  27.9  20.4  77.0  57.0 1350  26.3  -9.0  -9.0 -9.00  998.0 1003.1 1004.5 1029 1001.6 1802  8.9  3.0 14.3 -9.0 -9.00 -9.00   -9    0.0   -9.0 -9.00    0.0   -9    0.0   -9   -9.0   -9   -9.0   -9   -9.0   -9 -99.0 -99.0 -99.0 -99.0 -99.0
20260716 296  1.4  1186  18  3.3 1539  16  6.7 1540  28.6  36.2 1507  23.4  555  21.9  30.8  19.8  68.8  43.0 1411  26.4   5.7   4.0 -9.00 1001.3 1001.6 1002.9  853 1000.1 1701  8.4  5.8 14.3 -9.0 19.84  3.06 1400   -9.0   -9.0 -9.00   -9.0   -9   -9.0   -9   -9.0   -9   -9.0   -9   -9.0   -9 -99.0 -99.0 -99.0 -99.0 -99.0
20260717  90  2.0  1731  36  4.7 1237  36 11.3 1234  25.5  28.4  912  23.7 2233  20.1  29.0  21.4  72.5  60.0  908  23.5   4.2   2.9 -9.00 1000.3 1002.3 1003.4 1208 1000.9  245  9.0  3.4 14.5 -9.0 16.50  2.87 1200   -9.0   -9.0 -9.00   -9.0   -9   -9.0   -9   -9.0   -9   -9.0   -9   -9.0   -9 -99.0 -99.0 -99.0 -99.0 -99.0
20260717  93  0.6   530  34  2.2 1602  27  3.4 1427  26.3  32.3 1456  21.8  412  22.7  29.3  21.7  82.4  58.0 1827  27.7   4.0   2.8 -9.00  991.2 1002.0 1003.8    1 1000.2 1805  8.8  4.1 14.5 -9.0 16.57  2.64 1400    0.0   98.1  3.37    0.0   -9    0.0   -9   -9.0   -9   -9.0   -9   -9.0   -9  27.2  25.3  22.8  18.3  15.3
20260717  95  1.2  1023  11  3.6 1224  11  5.5 1220  26.0  30.3 1422  22.5  611  22.8  28.6  23.4  84.0  62.0 1412  27.8   3.9   2.7 -9.00  984.7 1002.1 1004.0    7 1000.6 1655  8.6  3.6 14.5 -9.0 15.56  2.55 1400   -9.0  159.5 -9.00   -9.0   -9   -9.0   -9   -9.0   -9   -9.0   -9   -9.0   -9 -99.0 -99.0 -99.0 -99.0 -99.0
20260717  98  0.4   363   9  1.5 2027  36  3.7 1852  26.3  31.2 1451  23.0  403  21.7  29.7  21.7  77.1  54.0 1451  26.0   3.5   2.4 -9.00  988.4 1001.4 1003.5    5 1000.0 1647  8.5  2.0 14.5 -9.0 14.94  2.18 1300    0.0   -9.0 -9.00    0.0   -9    0.0   -9   -9.0   -9   -9.0   -9   -9.0   -9 -99.0 -99.0 -99.0 -99.0 -99.0
20260717  99  1.2  1015   9  3.3 2346  11  5.8 2359  25.6  30.2 1417  22.5  159  23.2  28.3  23.7  87.0  69.0 1345  28.4   3.6   2.5 -9.00  998.6 1002.1 1004.1    1 1000.7 1634  8.9  1.9 14.5 -9.0 14.82  2.48 1300    0.0   -9.0 -9.00    0.0   -9    0.0   -9   -9.0   -9   -9.0   -9   -9.0   -9 -99.0 -99.0 -99.0 -99.0 -99.0
20260717 100  1.3  1098  11  3.9 1335   9  6.2 1335  22.0  27.4 1207  17.6  503  19.0  24.6  17.0  84.1  63.0 1608  22.0   4.1   2.8 -9.00  917.9 1002.3 1004.2 2312 1000.9 1609  8.8  5.2 14.5 -9.0 18.17  3.21 1100    0.0   -9.0 -9.00    0.0   -9    0.0   -9   -9.0   -9   -9.0   -9   -9.0   -9 -99.0 -99.0 -99.0 -99.0 -99.0
20260717 101  1.2  1045  25  2.6 1444  27  4.9 1218  26.5  32.2 1531  22.3  316  21.8  29.2  21.4  76.9  56.0 1458  26.1   4.4   3.1 -9.00  992.4 1000.9 1002.8    1  999.1 1806  8.8  2.5 14.5 -9.0 16.32  2.53 1100    0.0   93.6 -9.00    0.0   -9    0.0   -9   -9.0   -9   -9.0   -9   -9.0   -9  27.0  24.0  21.6  17.2  15.1
20260717 102  1.4  1195  34  4.2 2153  36  6.1 2246  23.2  26.3 1138  20.9   11  20.9  24.8  19.3  87.4  74.0 1139  24.7   2.8   2.0  0.42  997.1 1001.2 1002.7    1  999.4 2025  9.5  0.2 14.5 -9.0  9.43  1.73 1100    2.2   -9.0  5.67    5.5 2331    1.3 2356   -9.0   -9   -9.0   -9   -9.0   -9 -99.0 -99.0 -99.0 -99.0 -99.0
20260717 104  1.5  1328  32  4.4 1313  32  7.7 1313  24.9  29.5 1034  22.3 2331  21.1  29.5  20.8  79.8  66.0 1024  25.0   4.0   2.8 -9.00  992.9 1001.4 1002.6 2259  999.9  146  8.6  3.7 14.5 -9.0 17.66  2.85 1200    0.0   54.0  0.67    0.0   -9    0.0   -9   -9.0   -9   -9.0   -9   -9.0   -9  27.8  24.0  21.0  16.4  14.1
20260717 105  2.4  2041  29  5.2 1159  34  9.1 1320  26.1  29.8 1055  24.0 2232  19.7  30.9  23.2  68.4  58.0 1023  23.0   4.5   3.2 -9.00  999.3 1002.4 1003.5 2301 1000.6  140  8.5  3.4 14.5 -9.0 17.03  2.84 1000    0.0   -9.0 -9.00    0.0   -9    0.0   -9   -9.0   -9   -9.0   -9   -9.0   -9  28.0  24.4  22.4  17.6  15.6
20260717 106  2.2  1889   2  5.9 1402   2  8.9 1359  25.6  29.1  812  22.9 2359  20.9  32.9  20.9  76.1  64.0  208  24.7   4.5   3.2 -9.00  997.9 1002.4 1003.6 2304 1000.9  205  8.4  4.2 14.5 -9.0 18.59  2.85 1100    0.1   -9.0 -9.00    0.1   -9    0.1   -9   -9.0   -9   -9.0   -9   -9.0   -9 -99.0 -99.0 -99.0 -99.0 -99.0
20260717 108  1.5  1313  16  3.4 1525   5  6.5 1353  27.8  31.7 1423  24.1  331  22.6  28.6  20.8  74.6  53.0 1500  27.4   4.4   3.1 -9.00  991.7 1001.3 1003.5    1  999.9 2355  8.5  3.5 14.5 -9.0 17.04  2.53 1000    1.4  120.1  3.33    1.4 2110    0.6 2151   -9.0   -9   -9.0   -9   -9.0   -9  26.6  24.6  23.8  19.4  14.7
20260717 112  1.4  1227  20  3.2 1519  32  5.0 1142  27.1  30.6 1344  23.9  232  24.8  29.0  20.5  88.3  67.0 1441  31.4   3.4   2.4 -9.00  993.5 1001.2 1003.4    1  999.5 2354  8.8  3.0 14.5 -9.0 15.25  2.52 1300    7.6  109.7  4.17    5.5 2118    2.0 2157   -9.0   -9   -9.0   -9   -9.0   -9  25.4  24.0  17.6  21.4  14.5
20260717 114  1.3  1114  32  2.9 1238  34  4.7 1233  27.5  32.2 1535  23.9  343  23.3  29.3  22.3  79.0  60.0 1313  28.6   4.0   2.8 -9.00  984.4 1001.1 1003.4    1  999.8 1547  8.4  1.9 14.5 -9.0 15.15  2.38 1000    0.2   -9.0 -9.00    0.2   -9    0.2   -9   -9.0   -9   -9.0   -9   -9.0   -9 -99.0 -99.0 -99.0 -99.0 -99.0
20260717 115  1.4  1227  25  5.4   30  23  8.1   13  25.9  29.0 1319  23.7  418  22.5  30.4  21.1  82.0  67.0  130  27.4   3.9   2.8 -9.00  977.5 1002.2 1003.1 2147 1001.3 1713  9.0  4.6 14.5 -9.0 17.88  2.48 1300    0.0    0.1  0.17    0.0   -9    0.0   -9   -9.0   -9   -9.0   -9   -9.0   -9  23.6  20.2  18.8  14.1  13.1
20260717 119  1.1   960  16  2.9 2308  16  4.9 1413  26.8  31.2 1345  22.3  525  22.7  29.0  21.3  79.9  56.0 1346  27.7   3.5   2.5 -9.00  996.6 1001.1 1003.6   17  999.6 2345  8.6  3.1 14.4 -9.0 13.83  1.95 1000    1.5   14.2 -9.00    0.9 2255    0.5 2343   -9.0   -9   -9.0   -9   -9.0   -9  26.0  23.9  21.8  17.0  14.4
20260717 121  1.2  1000  11  4.0 1528  16  6.4 1519  25.6  32.7 1150  22.4  427  23.0  26.9  21.4  86.9  59.0 1151  28.1   3.5   2.4 -9.00  975.2 1002.1 1004.0    5 1000.8 1740  9.1  1.9 14.4 -9.0 14.10  2.42 1000    0.5   -9.0 -9.00    0.5 2241    0.3 2310   -9.0   -9   -9.0   -9   -9.0   -9 -99.0 -99.0 -99.0 -99.0 -99.0
20260717 127  0.9   808  11  2.8 2327   9  4.9 2318  26.7  30.4 1408  23.7  335  23.6  28.9  23.6  84.0  67.0 1401  29.2   3.2   2.2 -9.00  988.0 1000.8 1002.7    1  999.5 1643  8.9  1.1 14.4 -9.0 12.36  2.35 1300   11.3   -9.0 -9.00   11.0 2301    6.9 2351   -9.0   -9   -9.0   -9   -9.0   -9 -99.0 -99.0 -99.0 -99.0 -99.0
20260717 129  0.9   794  23  2.6 1154   9  4.2 1045  26.2  29.9 1349  23.3  500  24.3  27.5  22.6  89.8  69.0 1050  30.4   2.8   2.0 -9.00  998.6 1001.5 1003.9   11  999.7 2359  9.5  1.2 14.4 -9.0 11.35  2.61 1000    3.6   13.1 -9.00    3.0 1933    1.3 2023   -9.0   -9   -9.0   -9   -9.0   -9  25.9  24.0  21.8  17.2  15.3
20260717 130  1.0   867  14  2.4 1437  25  6.0 1457  25.3  30.0 1135  22.3 2332  22.1  29.1  21.5  83.1  61.0 1132  26.5  -9.0  -9.0 -9.00  997.0 1002.6 1004.0 2355 1000.7  313  9.3  0.9 14.4 -9.0 -9.00 -9.00   -9    0.0   -9.0 -9.00    0.0   -9    0.0   -9   -9.0   -9   -9.0   -9   -9.0   -9 -99.0 -99.0 -99.0 -99.0 -99.0
20260717 131  0.7   605  14  1.8 2302  14  3.4 2302  26.6  29.5 1621  24.3   48  23.3  28.7  26.1  82.5  70.0 1623  28.6   2.6   1.8 -9.00  994.6 1001.0 1003.4    6  999.7 1759  9.4  0.9 14.4 -9.0  9.68  2.27 1400   17.0   24.3 14.52    6.0 2052    2.9 2255   -9.0   -9   -9.0   -9   -9.0   -9 -99.0 -99.0 -99.0 -99.0 -99.0
20260717 133  0.9   778  18  3.6 2216  20  5.9 2210  25.8  29.7 1610  23.7  305  24.5  28.4  24.3  93.3  76.0 1606  30.8   2.3   1.6 -9.00  994.1 1001.8 1003.7    1 1000.3 1755  9.6  0.5 14.4 -9.0  9.24  1.73 1500   32.5   20.8 12.20    9.3 2102    6.2 2128   -9.0   -9   -9.0   -9   -9.0   -9  28.1  26.4  24.2  20.1  16.8
20260717 135  1.4  1218   7  4.5 1522  16  7.0 1902  25.1  29.5 1304  22.7  454  23.4  27.8  23.6  90.9  73.0 1308  28.8   3.0   2.1 -9.00  974.2 1001.6 1003.2   20 1000.0 1756  9.4  1.1 14.4 -9.0 12.02  3.32 1200   52.5   -9.0 -9.00   17.4 1828    9.3 1900   -9.0   -9   -9.0   -9   -9.0   -9 -99.0 -99.0 -99.0 -99.0 -99.0
20260717 136  0.8   666  14  4.4 2400  14  7.7 2358  25.7  28.6 1035  23.2 2337  23.1  27.9  23.0  86.0  73.0 1044  28.2   2.0   1.4 -9.00  986.9 1002.8 1004.5 2338 1001.8 1731  9.9  0.0 14.4 -9.0  7.67  1.25 1000    9.3   10.6  4.37    3.5 2330    2.1 2350   -9.0   -9   -9.0   -9   -9.0   -9 -99.0 -99.0 -99.0 -99.0 -99.0
20260717 137  0.8   656  25  2.6  326  25  5.0  340  25.6  29.0 1559  23.2 2308  24.2  28.3  23.1  92.8  80.0 1530  30.2   2.0   1.4 -9.00  990.2 1001.1 1002.7 2250  999.7 1746  9.5  0.4 14.4 -9.0  8.80  1.76 1500   42.2   -9.0 -9.00   16.5 1957   13.9 2011   -9.0   -9   -9.0   -9   -9.0   -9 -99.0 -99.0 -99.0 -99.0 -99.0
20260717 138  1.7  1448  23  3.4  558   9  5.2 1506  26.3  30.2  946  22.7 2333  20.8  32.6  22.3  72.8  59.0  957  24.6   3.9   2.7 -9.00 1001.4 1001.8 1003.4 2311 1000.4  227  9.6  1.1 14.4 -9.0 13.99  2.20 1300    6.1    7.1  4.33    3.2 2259    1.1 1913   -9.0   -9   -9.0   -9   -9.0   -9  26.1  22.2  20.5  17.5  16.2
20260717 140  1.2   998  29  3.9 2038  32  5.5 2032  26.7  30.0 1557  24.5  500  24.9  28.0  23.4  90.0  81.0 1600  31.5  -9.0  -9.0 -9.00  999.0 1002.1 1004.2    1 1001.0 1640  9.1  0.4 14.3 -9.0 -9.00 -9.00   -9    0.1   -9.0 -9.00    0.1   -9    0.1   -9   -9.0   -9   -9.0   -9   -9.0   -9 -99.0 -99.0 -99.0 -99.0 -99.0
20260717 143  1.8  1521  11  5.8 2207  11  8.3 2203  27.6  35.6 1409  21.9 2317  21.8  34.2  21.9  73.3  46.0 1334  26.1   4.3   3.0 -9.00  995.0 1001.0 1002.9 2252  998.7 1500  9.6  3.3 14.3 -9.0 15.27  3.03 1300  116.6   -9.0  7.07   45.2 2140   13.8 1558   -9.0   -9   -9.0   -9   -9.0   -9 -99.0 -99.0 -99.0 -99.0 -99.0
20260717 146  1.3  1153  27  3.8 1337  27  6.2 1222  28.6  32.3 1116  25.5  309  25.0  29.2  16.8  81.5  68.0 1120  31.8   3.6   2.5 -9.00  994.5 1001.3 1003.3   25 1000.1 1705  9.0  1.4 14.3 -9.0 12.90  2.12 1100    0.0    0.0  0.67    0.0   -9    0.0   -9   -9.0   -9   -9.0   -9   -9.0   -9 -99.0 -99.0 -99.0 -99.0 -99.0
20260717 152  1.6  1387   9  5.1 1453   9  8.3 1441  27.0  32.7 1141  23.3 2146  21.3  30.8  23.5  72.3  54.0 1145  25.3   4.2   2.9 -9.00  992.4 1001.5 1003.0 2226 1000.6  235  9.3  1.7 14.3 -9.0 12.58  2.43 1100    0.6   -9.0  3.07    0.5 1958    0.2   -9   -9.0   -9   -9.0   -9   -9.0   -9 -99.0 -99.0 -99.0 -99.0 -99.0
20260717 155  1.8  1532  14  4.6 1341  14  7.3 1336  28.2  32.4 1145  25.2  456  24.5  33.0  23.9  81.3  61.0 1146  30.7   5.3   3.7 -9.00  998.0 1001.9 1002.9    6 1000.4 1702  8.9  5.3 14.3 -9.0 20.07  3.29 1200    0.0   -9.0  0.37    0.0   -9    0.0   -9   -9.0   -9   -9.0   -9   -9.0   -9 -99.0 -99.0 -99.0 -99.0 -99.0
20260717 156  1.6  1421  14  3.4 2344  25  6.2 1049  28.9  32.4 1539  26.0  512  25.4  32.9  24.7  81.9  69.0 1546  32.4   3.8   2.6 -9.00  993.6 1001.5 1003.6   32 1000.3 1641  9.0  1.5 14.3 -9.0 13.01  2.08 1200    0.2   -9.0  0.58    0.2   -9    0.2   -9   -9.0   -9   -9.0   -9   -9.0   -9 -99.0 -99.0 -99.0 -99.0 -99.0
20260717 159  2.6  2281  23  5.3 1323  29  8.0    3  26.8  30.7 1259  24.8  550  23.5  30.7  22.6  83.0  68.0 1004  29.1   4.5   3.2 -9.00  993.9 1001.7 1002.7 2243 1000.6 1639  9.0  3.8 14.3 -9.0 17.45  3.15 1200   -9.0   -9.0 -9.00   -9.0   -9   -9.0   -9   -9.0   -9   -9.0   -9   -9.0   -9  26.6  24.1  22.3  17.9  17.5
20260717 162  2.1  1813  18  4.2 1641  18  7.2 1639  25.6  28.8 1311  23.9  254  23.3  30.0  23.2  87.4  68.0  910  28.7   4.7   3.3 -9.00  998.0 1001.5 1002.7   25 1000.1 1633  8.0  5.9 14.2 -9.0 21.21  3.33 1200   -9.0   -9.0 -9.00   -9.0   -9   -9.0   -9   -9.0   -9   -9.0   -9   -9.0   -9 -99.0 -99.0 -99.0 -99.0 -99.0
20260717 165  2.5  2181  18  5.1 1735  18  7.0 1734  27.0  30.2 1623  25.4  525  25.3  28.1  23.1  91.0  83.0 1636  32.3   3.0   2.1 -9.00  996.7 1001.8 1003.7   19 1000.7 1532  8.4  0.4 14.3 -9.0 10.99  1.88 1400   14.9   13.8  2.60   13.8  858    5.4  859   -9.0   -9   -9.0   -9   -9.0   -9  26.5  23.7  22.4  19.1  16.6
20260717 168  2.0  1757  23  4.0 1259  25  5.0 2044  27.7  31.0 1209  25.2  510  24.3  32.6  24.8  82.4  68.0 1210  30.4   4.8   3.4 -9.00  994.9 1002.3 1003.7    1 1001.1 1634  8.0  4.9 14.2 -9.0 19.62  2.90 1100   -9.0   -9.0 -9.00   -9.0   -9   -9.0   -9   -9.0   -9   -9.0   -9   -9.0   -9  27.5  24.6  22.1  18.6  17.1
20260717 169  5.3  4543  18  8.2 1830  18 11.1 1927  24.1  26.6 1347  22.6   16  23.4  25.4  24.3  96.3  89.0 1400  28.8   2.0   1.4 19.92  992.7 1001.2 1003.0    1 1000.1 1748  9.9  0.0 14.2 -9.0  7.25  1.27 1300    2.7   -9.0  1.90    1.8  802    0.9  814   -9.0   -9   -9.0   -9   -9.0   -9 -99.0 -99.0 -99.0 -99.0 -99.0
20260717 170  1.0   867  14  2.9 1542  16  4.7 1543  27.3  31.5 1427  24.2  508  24.6  30.1  24.3  86.0  74.0 1406  31.0   3.5   2.5 -9.00  998.3 1002.2 1003.9    1 1001.2 1511  8.0  2.1 14.2 -9.0 13.99  1.97 1400   -9.0   -9.0 -9.00   -9.0   -9   -9.0   -9   -9.0   -9   -9.0   -9   -9.0   -9 -99.0 -99.0 -99.0 -99.0 -99.0
20260717 172  1.4  1186  23  3.8 1223  23  5.9 1222  28.5  32.1 1513  24.9  516  25.5  28.5  24.8  84.9  65.0 1526  32.7   3.5   2.4 -9.00  995.2 1001.1 1003.5    7  999.9 1717  9.1  1.2 14.3 -9.0 12.96  2.13 1100   -9.0   -9.0 -9.00   -9.0   -9   -9.0   -9   -9.0   -9   -9.0   -9   -9.0   -9 -99.0 -99.0 -99.0 -99.0 -99.0
20260717 174  0.9   767  20  3.5 1852  18  5.4 1735  26.4  31.6 1329  22.4  127  23.6  28.7  22.9  85.5  66.0 1339  29.2  -9.0  -9.0 -9.00  982.1 1000.5 1002.4    1  999.0 1552  9.1  0.7 14.3 -9.0 -9.00 -9.00   -9    0.0   -9.0 -9.00    0.0   -9    0.0   -9   -9.0   -9   -9.0   -9   -9.0   -9 -99.0 -99.0 -99.0 -99.0 -99.0
20260717 177  0.7   619  16  1.9 1936  18  2.8  726  25.9  28.9 1403  23.1   41  24.0  26.6  23.0  89.6  80.0 1406  29.9   2.1   1.5 -9.00  997.1 1000.3 1002.6    1  998.7 2356  9.6  0.0 14.4 -9.0  7.52  1.30 1100   19.2   17.8 10.22    6.5 1931    4.2 1934   -9.0   -9   -9.0   -9   -9.0   -9 -99.0 -99.0 -99.0 -99.0 -99.0
20260717 181  0.9   802  20  2.2 1452  18  2.9 1232  25.3  29.1 1616  23.0   59  23.7  27.6  23.3  91.3  74.0 1617  29.3   2.5   1.7 -9.00  998.0 1001.8 1004.0    2 1000.4 1753  9.8  0.9 14.4 -9.0 10.09  2.28 1400   27.8   -9.0 -9.00   15.3 2053    8.0 2058   -9.0   -9   -9.0   -9   -9.0   -9 -99.0 -99.0 -99.0 -99.0 -99.0
20260717 184  1.8  1571   5  4.4 1332   5  8.3 2321  28.8  31.4 1305  25.7  550  23.4  35.2  24.2  73.3  63.0 1614  28.8   5.6   3.9 -9.00  999.0 1001.4 1003.3   30 1000.4 1825  7.4  7.1 14.1 -9.0 19.78  2.83 1200   -9.0   -9.0 -9.00   -9.0   -9   -9.0   -9   -9.0   -9   -9.0   -9   -9.0   -9  29.3  27.2  25.5  22.6  18.1
20260717 185  4.4  3810  11  6.5 2359  11  9.1 2358  26.4  28.1 1047  25.4  431  25.2  29.9  25.5  93.6  86.0 1052  32.1   4.6   3.2 -9.00  993.9 1002.0 1003.6    1 1001.1 1732  7.5  3.0 14.1 -9.0 18.46  2.35 1200   -9.0   -9.0 -9.00   -9.0   -9   -9.0   -9   -9.0   -9   -9.0   -9   -9.0   -9 -99.0 -99.0 -99.0 -99.0 -99.0
20260717 188  3.1  2684  18  6.0 1321  20  7.6 1317  27.7  31.3 1220  26.0  353  25.6  32.5  25.6  89.0  73.0 1223  32.8  -9.0  -9.0 -9.00 1000.2 1002.5 1003.9    1 1001.7 1815  7.3  6.9 14.1 -9.0 -9.00 -9.00   -9   -9.0   -9.0 -9.00   -9.0   -9   -9.0   -9   -9.0   -9   -9.0   -9   -9.0   -9 -99.0 -99.0 -99.0 -99.0 -99.0
20260717 189  1.5  1308  23  3.2 1108  27  6.4 1108  27.3  30.2 1125  26.0  319  25.4  30.3  25.5  89.8  78.0 1127  32.5   4.4   3.1  1.32  996.8 1002.6 1004.2    1 1001.9 1754  7.8  4.9 14.1 -9.0 17.74  2.87 1000   -9.0   -9.0 -9.00   -9.0   -9   -9.0   -9   -9.0   -9   -9.0   -9   -9.0   -9 -99.0 -99.0 -99.0 -99.0 -99.0
20260717 192  0.8   685  16  2.2 1515  18  5.2 1219  28.1  32.9 1212  24.7  343  24.7  32.7  24.1  82.5  66.0 1214  31.2   5.1   3.6 -9.00  998.4 1001.7 1003.1    1 1000.3 1651  9.1  5.8 14.3 -9.0 19.70  2.97 1100   -9.0   -9.0 -9.00   -9.0   -9   -9.0   -9   -9.0   -9   -9.0   -9   -9.0   -9 -99.0 -99.0 -99.0 -99.0 -99.0
20260717 201  0.9   811   9  2.3 1333   9  4.4 1330  25.5  30.2 1417  21.8  119  23.2  26.9  20.9  88.0  65.0 1407  28.4  -9.0  -9.0 -9.00  996.8 1002.3 1004.2    1 1000.3 2357  8.9  1.2 14.5 -9.0 -9.00 -9.00   -9    0.3   -9.0 -9.00    4.6 2331    0.5 2356   -9.0   -9   -9.0   -9   -9.0   -9 -99.0 -99.0 -99.0 -99.0 -99.0
20260717 202  0.9   814  29  2.4 1246  29  3.6 1250  26.8  31.0 1446  23.0  404  23.3  30.4  21.5  82.3  60.0 1508  28.5  -9.0  -9.0 -9.00  996.5 1001.8 1003.6    9 1000.4 1746  8.1  3.2 14.5 -9.0 -9.00 -9.00   -9    1.9   -9.0  3.17    1.9 2138    1.5 2217   -9.0   -9   -9.0   -9   -9.0   -9 -99.0 -99.0 -99.0 -99.0 -99.0
20260717 203  0.6   496  16  1.7 2130  16  3.8 2128  27.2  31.5 1436  22.6  407  24.1  30.0  21.8  84.8  62.0 1414  30.0  -9.0  -9.0 -9.00  993.0 1002.0 1003.9   17 1000.6 1742  8.6  2.4 14.4 -9.0 -9.00 -9.00   -9    1.5   -9.0 -9.00    1.1 2118    0.5 2204   -9.0   -9   -9.0   -9   -9.0   -9 -99.0 -99.0 -99.0 -99.0 -99.0
20260717 211  1.5  1265   2  4.2 1526   5  8.1 1523  25.4  31.3 1239  21.7  214  19.4  29.5  19.6  71.6  46.0 1251  22.7  -9.0  -9.0 -9.00  979.2 1001.9 1003.7   13 1000.1 1439  8.9  1.8 14.5 -9.0 -9.00 -9.00   -9    0.0   -9.0 -9.00    0.0   -9    0.0   -9   -9.0   -9   -9.0   -9   -9.0   -9 -99.0 -99.0 -99.0 -99.0 -99.0
20260717 212  1.1   922  27  2.4 1251  29  4.4 1244  26.2  31.8 1528  22.6 2359  21.6  27.6  22.0  77.6  58.0 1521  25.9  -9.0  -9.0 -9.00  986.3 1002.0 1004.1    1 1000.3 1748  8.4  2.5 14.5 -9.0 -9.00 -9.00   -9    0.6   -9.0 -9.00    0.6 2259    0.6 2349   -9.0   -9   -9.0   -9   -9.0   -9 -99.0 -99.0 -99.0 -99.0 -99.0
20260717 216  1.0   824   5  3.2 1420   9  5.9  911  23.2  29.1 1227  20.1  521  20.1  24.4  20.9  83.8  58.0 1229  23.6   2.9   2.0 -9.00  924.3 1002.3 1003.5 2337 1000.6 1227  9.0  1.4 14.4 -9.0 12.17  2.77 1200    7.2   -9.0 -9.00    5.8 2309    1.8 2344   -9.0   -9   -9.0   -9   -9.0   -9 -99.0 -99.0 -99.0 -99.0 -99.0
20260717 217  1.0   884  18  2.8 1629  29  9.2 1401  25.6  33.6 1300  21.8  248  21.3  30.9  22.5  78.9  47.0 1409  25.4  -9.0  -9.0 -9.00  967.4 1002.1 1003.9   37 1000.1 1354  9.0  3.0 14.5 -9.0 -9.00 -9.00   -9    0.1   -9.0 -9.00    0.1   -9    0.1   -9   -9.0   -9   -9.0   -9   -9.0   -9 -99.0 -99.0 -99.0 -99.0 -99.0
20260717 221  0.9   760  18  2.9 1358  14  4.8 1501  25.4  29.1 1230  22.1  208  23.2  28.6  21.8  88.6  63.0 1255  28.4  -9.0  -9.0 -9.00  972.2 1001.7 1003.7    1 1000.5 1805  8.9  1.8 14.4 -9.0 -9.00 -9.00   -9    0.7   -9.0 -9.00    0.7 2301    0.5 2350   -9.0   -9   -9.0   -9   -9.0   -9 -99.0 -99.0 -99.0 -99.0 -99.0
20260717 226  0.7   587  11  3.5 2211  11  5.5 2208  24.8  28.3 1557  22.9  145  23.9  27.0  22.6  95.4  81.0 1517  29.7  -9.0  -9.0 -9.00  982.8 1002.1 1003.7    3 1000.5 1740  9.8  0.6 14.4 -9.0 -9.00 -9.00   -9   30.0   -9.0 -9.00   14.8 2104    6.5 2159   -9.0   -9   -9.0   -9   -9.0   -9 -99.0 -99.0 -99.0 -99.0 -99.0
20260717 232  0.7   618  14  3.0 2400  11  5.5 2351  25.7  29.3 1509  22.5  537  24.6  29.2  22.6  94.4  78.0 1520  31.0  -9.0  -9.0 -9.00  992.7 1002.2 1004.3    1 1000.9 1728  9.5  0.8 14.4 -9.0 -9.00 -9.00   -9   10.9   -9.0 -9.00    8.8 2325    3.8 2337   -9.0   -9   -9.0   -9   -9.0   -9 -99.0 -99.0 -99.0 -99.0 -99.0
20260717 235  1.3  1094  14  3.5 1827  16  7.4 1827  26.0  29.0 1525  23.9  647  24.7  27.1  24.0  93.4  81.0 1538  31.2   1.9   1.3 -9.00  999.7 1000.8 1003.3    1  999.3 2356  9.6  0.0 14.4 -9.0  5.75  1.37 1400  120.4   -9.0 -9.00   43.7  618   12.1 1819   -9.0   -9   -9.0   -9   -9.0   -9 -99.0 -99.0 -99.0 -99.0 -99.0
20260717 236  1.0   867  29  2.1   16  36  4.9 1449  25.7  29.3 1449  23.6  151  24.5  28.4  24.0  93.9  78.0 1606  30.7  -9.0  -9.0 -9.00 1000.3 1001.8 1004.1    1 1000.6 1714  9.4  0.4 14.4 -9.0 -9.00 -9.00   -9   49.5   -9.0 -9.00   22.8 2008   10.3 2029   -9.0   -9   -9.0   -9   -9.0   -9 -99.0 -99.0 -99.0 -99.0 -99.0
20260717 238  0.7   609  34  2.6 1410  36  5.0 2207  26.3  30.7 1310  23.8  416  25.0  28.4  23.6  93.4  74.0 1228  31.6  -9.0  -9.0 -9.00  982.2 1001.2 1003.2   11  999.7 1640  9.3  0.7 14.3 -9.0 -9.00 -9.00   -9   27.5   -9.0 -9.00   21.3 1848   12.0 1932   -9.0   -9   -9.0   -9   -9.0   -9 -99.0 -99.0 -99.0 -99.0 -99.0
20260717 239  0.7   629  16  2.2 2353  14  3.1 2358  25.0  28.7 1605  23.2  421  24.4  27.5  23.9  96.8  79.0 1558  30.5   1.6   1.1 -9.00  991.2 1001.3 1003.5    1  999.7 1747  9.6  0.6 14.4 -9.0  6.21  1.70 1500   22.6   -9.0 -9.00    4.5  355    2.1  404   -9.0   -9   -9.0   -9   -9.0   -9 -99.0 -99.0 -99.0 -99.0 -99.0
20260717 243  0.8   686  20  3.5 1132  20  5.6 1131  27.6  31.1 1300  25.3  541  24.9  29.2  23.9  85.8  69.0 1045  31.5  -9.0  -9.0 -9.00 1000.2 1001.6 1003.7    3 1000.5 1812  8.9  1.6 14.3 -9.0 -9.00 -9.00   -9    0.9   -9.0 -9.00    0.9   -9    0.7 2030   -9.0   -9   -9.0   -9   -9.0   -9 -99.0 -99.0 -99.0 -99.0 -99.0
20260717 244  0.9   814  32  2.8 1256  34  5.2 1334  26.9  31.7 1330  24.0  500  24.5  29.0  23.9  87.1  67.0 1330  30.7  -9.0  -9.0 -9.00  973.9 1001.3 1003.4   17  999.9 1713  9.5  1.8 14.3 -9.0 -9.00 -9.00   -9    0.7   -9.0 -9.00    0.5   -9    0.5 1433   -9.0   -9   -9.0   -9   -9.0   -9 -99.0 -99.0 -99.0 -99.0 -99.0
20260717 245  1.3  1161  23  4.0 1222  23  6.4 1051  28.6  31.8 1256  24.9  610  25.2  31.0  24.2  82.6  68.0 1317  32.1   4.2   3.0 -9.00  993.6 1001.3 1003.7    2 1000.1 1706  9.0  1.5 14.3 -9.0 13.89  2.07 1200    0.0   -9.0 -9.00    0.0   -9    0.0   -9   -9.0   -9   -9.0   -9   -9.0   -9 -99.0 -99.0 -99.0 -99.0 -99.0
20260717 247  1.2  1062  27  4.0 1230  27  6.7 1226  27.8  32.8 1330  24.2  314  24.8  30.1  24.0  85.3  66.0 1336  31.4  -9.0  -9.0 -9.00  986.4 1001.3 1003.4    1  999.8 1753  9.3  2.5 14.3 -9.0 -9.00 -9.00   -9    1.1   -9.0 -9.00    0.9   -9    0.8 1856   -9.0   -9   -9.0   -9   -9.0   -9 -99.0 -99.0 -99.0 -99.0 -99.0
20260717 248  1.0   893  20  2.9 1057  16  5.7 1323  26.2  30.1 1322  22.7  309  23.7  27.7  22.7  87.5  69.0 1108  29.3  -9.0  -9.0 -9.00  956.8 1001.7 1003.9    1 1000.2 1648  9.4  1.7 14.3 -9.0 -9.00 -9.00   -9    0.2   -9.0 -9.00    0.2   -9    0.2   -9   -9.0   -9   -9.0   -9   -9.0   -9 -99.0 -99.0 -99.0 -99.0 -99.0
20260717 251  1.2  1018  23  3.5 1036  20  4.9 1106  28.0  31.9 1518  24.6  333  25.8  29.7  24.6  88.5  72.0 1523  33.3   3.5   2.4 -9.00  995.5 1001.1 1003.7    7  999.9 1654  9.4  1.1 14.3 -9.0 12.72  1.72 1100    0.3   -9.0 -9.00    0.3   42    0.2   -9   -9.0   -9   -9.0   -9   -9.0   -9 -99.0 -99.0 -99.0 -99.0 -99.0
20260717 252  1.3  1081  16  3.1 1103  18  5.2 1056  27.8  31.1 1502  24.5  518  25.3  28.4  23.6  86.6  76.0 1500  32.3   2.9   2.0 -9.00  997.1 1001.2 1003.6   12 1000.0 1710  9.1  0.6 14.3 -9.0 10.64  2.11 1100    0.0   -9.0 -9.00    0.0   -9    0.0   -9   -9.0   -9   -9.0   -9   -9.0   -9 -99.0 -99.0 -99.0 -99.0 -99.0
20260717 253  1.5  1258  16  4.0 1415  16  6.7 1419  27.7  32.9 1321  25.7  518  24.9  31.8  24.2  85.3  67.0 1059  31.5   4.4   3.1 -9.00  996.6 1002.7 1003.6 2224 1001.4 1619  9.3  4.1 14.3 -9.0 17.17  3.15 1200    0.0   -9.0 -9.00    0.0   -9    0.0   -9   -9.0   -9   -9.0   -9   -9.0   -9 -99.0 -99.0 -99.0 -99.0 -99.0
20260717 254  1.1   976  27  4.2 1154  29  6.7 1250  27.8  31.3 1306  24.3  327  23.9  30.4  23.7  80.1  65.0 1508  29.7   4.3   3.0 -9.00  987.5 1001.9 1004.1   26 1000.5 1702  9.1  2.3 14.3 -9.0 15.47  2.88 1000   -9.0   -9.0 -9.00   -9.0   -9   -9.0   -9   -9.0   -9   -9.0   -9   -9.0   -9 -99.0 -99.0 -99.0 -99.0 -99.0
20260717 255  0.9   764  23  2.4 1356  20  4.9 1326  29.6  35.0 1317  26.6  527  24.4  30.2  24.0  74.5  57.0 1109  30.5   4.5   3.1 -9.00  995.7 1001.3 1002.5 2236  999.8 1617  9.3  3.8 14.3 -9.0 16.43  2.82 1200   -9.0   -9.0 -9.00   -9.0   -9   -9.0   -9   -9.0   -9   -9.0   -9   -9.0   -9 -99.0 -99.0 -99.0 -99.0 -99.0
20260717 257  1.7  1497  23  4.2 1410  23  7.3 1406  29.6  35.0 1143  26.3  525  25.6  34.9  24.3  80.0  58.0 1124  32.8   5.0   3.5 -9.00 1001.1 1001.8 1002.9 2223 1000.5 1646  9.6  3.8 14.3 -9.0 17.49  3.10 1300    0.0   -9.0 -9.00    0.0   -9    0.0   -9   -9.0   -9   -9.0   -9   -9.0   -9 -99.0 -99.0 -99.0 -99.0 -99.0
20260717 258  1.0   849  20  3.3 1320  23  4.1 1312  27.3  30.4 1029  24.5  437  25.4  28.5  24.0  89.8  68.0 1033  32.4   3.0   2.1 -9.00 1002.2 1002.4 1003.9    1 1001.3 1629  8.8  1.2 14.2 -9.0 12.42  1.87 1300    0.5   -9.0 -9.00    0.5 1102    0.5 1131   -9.0   -9   -9.0   -9   -9.0   -9 -99.0 -99.0 -99.0 -99.0 -99.0
20260717 259  0.6   491  16  1.9 1711  14  3.4 1705  27.2  30.9 1619  24.2  419  25.4  28.7  23.1  90.9  79.0 1414  32.5   2.7   1.9 -9.00 1000.0 1001.8 1003.6    1 1000.7 1542  8.9  1.1 14.2 -9.0 10.61  1.69 1400   12.0   -9.0 -9.00   11.2  952    6.2 1025   -9.0   -9   -9.0   -9   -9.0   -9 -99.0 -99.0 -99.0 -99.0 -99.0
20260717 260  1.3  1091  16  3.8 1618  16  5.6 1627  27.0  30.5 1458  24.4  400  25.0  29.7  23.5  89.4  80.0  950  31.7  -9.0  -9.0 -9.00  996.9 1001.8 1003.7    1 1000.7 1514  8.8  1.2 14.2 -9.0 -9.00 -9.00   -9   19.2   -9.0 -9.00   12.4 1002    5.2 1154   -9.0   -9   -9.0   -9   -9.0   -9 -99.0 -99.0 -99.0 -99.0 -99.0
20260717 261  0.7   604  25  3.8 1639  25  5.3 1713  27.5  32.3 1540  24.2  413  25.9  29.2  23.6  91.4  82.0 1542  33.5  -9.0  -9.0 -9.00 1000.2 1002.1 1004.1    2 1000.9 1537  9.3  0.8 14.2 -9.0 -9.00 -9.00   -9    0.4   -9.0 -9.00    0.4 1039    0.4 1129   -9.0   -9   -9.0   -9   -9.0   -9 -99.0 -99.0 -99.0 -99.0 -99.0
20260717 262  0.9   784  27  4.8 1057  32  7.6 1057  27.4  32.0  945  23.7  405  24.8  28.8  25.0  86.5  70.0  927  31.4   3.6   2.5 -9.00  996.2 1002.0 1003.6   24 1000.8 1608  8.3  2.9 14.2 -9.0 13.93  2.01  900    3.4   -9.0 -9.00    3.4   -9    3.4 1112   -9.0   -9   -9.0   -9   -9.0   -9 -99.0 -99.0 -99.0 -99.0 -99.0
20260717 263  1.4  1199  20  3.9 1336  25  6.5 1636  29.3  34.2 1308  24.9  506  25.7  31.8  23.8  81.5  60.0 1320  33.0   4.5   3.2 -9.00  999.9 1001.5 1002.8    1  999.9 1631  9.4  2.9 14.3 -9.0 15.49  2.61 1100    0.6   -9.0 -9.00    0.6  302    0.6  352   -9.0   -9   -9.0   -9   -9.0   -9 -99.0 -99.0 -99.0 -99.0 -99.0
20260717 264  1.1   971  32  3.8 1311  34  6.8 1350  28.6  33.9 1406  24.3    1  25.3  31.0  23.9  83.9  65.0 1217  32.4   4.8   3.3 -9.00  984.4 1001.3 1003.4    1  999.8 1747  8.9  3.7 14.3 -9.0 17.89  2.97 1000    0.2   -9.0 -9.00    0.2   -9    0.2   -9   -9.0   -9   -9.0   -9   -9.0   -9 -99.0 -99.0 -99.0 -99.0 -99.0
20260717 266  1.1   950  23  3.2 1255  25  7.2 1223  28.4  32.5 1502  25.4  240  25.9  33.5  24.3  87.0  68.0 1102  33.4   4.0   2.8 -9.00  992.4 1002.3 1003.7    1 1000.9 1705  8.8  1.8 14.3 -9.0 15.54  2.55 1100    0.0   -9.0 -9.00    0.0   -9    0.0   -9   -9.0   -9   -9.0   -9   -9.0   -9 -99.0 -99.0 -99.0 -99.0 -99.0
20260717 268  1.3  1098  20  3.6 1622  18  6.1 1621  26.8  30.4 1501  23.9  411  25.0  28.4  23.7  90.3  79.0 1502  31.7  -9.0  -9.0 -9.00  999.5 1000.6 1002.5    1  999.6 1756  8.5  0.4 14.2 -9.0 -9.00 -9.00   -9    0.0   -9.0 -9.00    0.0   -9    0.0   -9   -9.0   -9   -9.0   -9   -9.0   -9 -99.0 -99.0 -99.0 -99.0 -99.0
20260717 271  0.7   639  16  3.1 1229  18  5.1 1222  24.0  29.0 1324  22.2  509  22.0  25.9  21.4  89.4  61.0 1328  26.4  -9.0  -9.0 -9.00  966.4 1002.7 1004.6 2341 1001.7 1322  9.5  0.6 14.4 -9.0 -9.00 -9.00   -9   25.1   -9.0 -9.00   11.5 2254    4.9 2342   -9.0   -9   -9.0   -9   -9.0   -9 -99.0 -99.0 -99.0 -99.0 -99.0
20260717 272  1.0   867  32  4.4   26  34  7.2   25  24.7  28.7 1151  22.0 2321  23.2  27.0  22.2  92.3  69.0 1147  28.4  -9.0  -9.0 -9.00  978.5 1002.2 1004.0 2258 1001.4  243  9.4  0.1 14.4 -9.0 -9.00 -9.00   -9   55.2   -9.0 -9.00   27.5 2208    6.2 2236   -9.0   -9   -9.0   -9   -9.0   -9 -99.0 -99.0 -99.0 -99.0 -99.0
20260717 273  0.9   794  29  3.4   28  29  8.2   21  25.7  27.7 1628  23.8 2242  24.2  27.6  22.9  92.3  80.0   39  30.2  -9.0  -9.0 -9.00  982.1 1001.4 1003.0 2229 1000.4 1634  9.3  0.1 14.4 -9.0 -9.00 -9.00   -9   33.8   -9.0 -9.00   18.9 2153   10.4 2233   -9.0   -9   -9.0   -9   -9.0   -9 -99.0 -99.0 -99.0 -99.0 -99.0
20260717 276  1.2  1000  36  3.6 1426  34  6.4 1411  25.8  30.7 1104  22.1 2232  23.8  28.8  21.6  89.6  68.0 1110  29.5   2.5   1.8 -9.00  978.5 1001.8 1003.3 2227 1000.7 1723  9.5  0.4 14.4 -9.0 10.01  1.58 1000    8.8   -9.0 -9.00    6.1 2049    1.3 2058   -9.0   -9   -9.0   -9   -9.0   -9 -99.0 -99.0 -99.0 -99.0 -99.0
20260717 277  1.3  1157   2  4.4 1203   7  7.3 1359  25.6  31.7 1232  21.9 2227  21.4  29.8  22.5  79.0  51.0 1234  25.5  -9.0  -9.0 -9.00  997.7 1002.3 1003.7 2128 1000.7  247  9.6  0.3 14.4 -9.0 -9.00 -9.00   -9    5.2   -9.0 -9.00    3.2 1434    2.9 1516   -9.0   -9   -9.0   -9   -9.0   -9 -99.0 -99.0 -99.0 -99.0 -99.0
20260717 278  0.9   752   2  2.5 1613   2  4.9 1606  26.2  30.6 1627  23.2 2235  24.1  29.1  22.9  89.1  73.0 1014  30.0  -9.0  -9.0 -9.00  991.9 1001.1 1002.3 2257  999.5 1705  9.4  0.9 14.4 -9.0 -9.00 -9.00   -9   24.8   -9.0 -9.00   17.8 1949    8.0 2010   -9.0   -9   -9.0   -9   -9.0   -9 -99.0 -99.0 -99.0 -99.0 -99.0
20260717 279  0.9   766  14  2.7 1903  29  4.8 1556  27.1  33.7 1246  23.1 2151  23.9  30.5  23.3  84.1  59.0 1247  29.7   3.9   2.7 -9.00  996.1 1001.6 1002.9 2144 1000.1 1740  9.8  1.7 14.4 -9.0 14.30  3.09 1200   88.5   -9.0 -9.00   65.2 1918   18.3 2007   -9.0   -9   -9.0   -9   -9.0   -9 -99.0 -99.0 -99.0 -99.0 -99.0
20260717 281  1.7  1426   9  5.0 1402   9  8.3 1545  26.7  32.6 1352  21.6 2340  21.6  32.3  21.6  75.6  56.0 1102  25.8  -9.0  -9.0 -9.00  991.6 1002.4 1004.2 2244 1000.9 1513  9.1  2.0 14.3 -9.0 -9.00 -9.00   -9   25.5   -9.0 -9.00   21.2 2238   11.3 2322   -9.0   -9   -9.0   -9   -9.0   -9 -99.0 -99.0 -99.0 -99.0 -99.0
20260717 283  1.5  1322  11  4.4 1433  11  7.4 1430  26.8  33.5 1159  22.9 2321  22.4  31.4  23.1  79.1  54.0 1200  27.1   3.6   2.5 -9.00  997.9 1002.4 1004.0 2223 1001.1 1348  9.8  0.6 14.3 -9.0 11.10  1.91 1100   14.5   -9.0 -9.00    8.1 1646    3.3 1646   -9.0   -9   -9.0   -9   -9.0   -9 -99.0 -99.0 -99.0 -99.0 -99.0
20260717 284  1.3  1112  20  4.2 1408  20  6.9 1355  28.4  34.3 1349  23.8  459  24.1  33.1  22.8  78.5  57.0 1356  30.1   4.8   3.4 -9.00  974.8 1000.0 1002.1    1  998.4 1353  8.8  3.4 14.3 -9.0 16.95  2.80 1300    0.0   -9.0 -9.00    0.0   -9    0.0   -9   -9.0   -9   -9.0   -9   -9.0   -9 -99.0 -99.0 -99.0 -99.0 -99.0
20260717 285  0.8   660  18  2.4 1447  18  4.9 1439  28.6  35.1 1239  24.3  645  24.8  33.4  24.4  81.5  56.0 1241  31.4  -9.0  -9.0 -9.00  998.5 1001.5 1002.7    1 1000.0 1502  9.1  0.6 14.3 -9.0 -9.00 -9.00   -9    0.5   -9.0 -9.00    0.4 1434    0.3 1518   -9.0   -9   -9.0   -9   -9.0   -9 -99.0 -99.0 -99.0 -99.0 -99.0
20260717 288  1.5  1320   5  6.1 1828   5 10.1 1827  29.1  36.3 1400  25.9  647  23.9  30.8  26.7  74.5  51.0 1358  29.7   5.3   3.7 -9.00  999.2 1000.1 1001.2 2219  998.3 1638  9.4  3.0 14.3 -9.0 16.94  2.87 1200    0.1   -9.0 -9.00    0.1   -9    0.1   -9   -9.0   -9   -9.0   -9   -9.0   -9 -99.0 -99.0 -99.0 -99.0 -99.0
20260717 289  1.0   826   9  2.9 1429   7  5.9 1420  27.8  32.8 1224  24.1  442  25.3  30.6  23.5  86.9  67.0 1148  32.2  -9.0  -9.0 -9.00  986.7 1002.1 1003.9    4 1000.7 1624  9.4  2.6 14.3 -9.0 -9.00 -9.00   -9    0.3   -9.0 -9.00    0.3   -9    0.2   -9   -9.0   -9   -9.0   -9   -9.0   -9 -99.0 -99.0 -99.0 -99.0 -99.0
20260717 294  1.9  1611  18  4.3 1408  18  8.9 1749  27.4  31.9 1113  25.4  532  23.4  32.9  23.9  79.8  63.0 1114  28.9  -9.0  -9.0 -9.00  997.6 1002.7 1003.7   37 1001.3 1656  7.6  6.0 14.3 -9.0 -9.00 -9.00   -9   -9.0   -9.0 -9.00   -9.0   -9   -9.0   -9   -9.0   -9   -9.0   -9   -9.0   -9 -99.0 -99.0 -99.0 -99.0 -99.0
20260717 295  0.8   734  27  2.5 1503  29  4.6 1457  28.0  32.4 1205  24.5  528  24.1  31.1  23.6  80.4  64.0 1441  30.1  -9.0  -9.0 -9.00  996.8 1002.0 1003.4    4 1000.7 1629  8.1  4.9 14.2 -9.0 -9.00 -9.00   -9   -9.0   -9.0 -9.00   -9.0   -9   -9.0   -9   -9.0   -9   -9.0   -9   -9.0   -9 -99.0 -99.0 -99.0 -99.0 -99.0
20260717 296  2.0  1770  20  5.3 1431  18  8.7 1356  28.1  32.4 1105  25.7  509  25.2  30.5  23.7  85.3  66.0  958  32.1   4.8   3.4 -9.00 1000.8 1001.1 1002.1 2229  999.8 1639  9.0  4.5 14.3 -9.0 18.72  3.36 1300   -9.0   -9.0 -9.00   -9.0   -9   -9.0   -9   -9.0   -9   -9.0   -9   -9.0   -9 -99.0 -99.0 -99.0 -99.0 -99.0
20260718  90  1.8  1570  29  5.2  925  32  9.1  924  21.8  24.4  120  19.2  612  20.0  23.2  19.4  90.1  64.0  240  23.4   1.3   0.9 -9.00 1000.5 1002.5 1004.4 2254 1000.6  849  9.9  0.0 14.5 -9.0  4.23  0.69 1300  107.3   -9.0 -9.00   23.7  904    7.5  926   -9.0   -9   -9.0   -9   -9.0   -9 -99.0 -99.0 -99.0 -99.0 -99.0
20260718  93  1.1   915  34  4.5  858  20  8.6  749  22.3  27.5 1555  18.4  616  20.5  24.0  18.5  90.4  68.0 1551  24.1   2.4   1.7 -9.00  990.5 1001.4 1002.8 2148  998.5  800  9.9  2.1 14.5 -9.0  8.72  2.09 1400  111.9   14.1 13.75   24.1  206    7.8  234   -9.0   -9   -9.0   -9   -9.0   -9  26.5  25.7  22.8  18.5  15.3
20260718  95  2.9  2478  11  5.7 1430  11 12.1  843  22.1  26.4 1609  18.2  534  20.3  24.1  18.2  90.3  69.0  113  23.8   3.4   2.4 -9.00  983.4 1001.1 1002.7 2152  999.1  727  9.4  3.5 14.5 -9.0 10.07  2.29 1400  171.1   11.6 -9.00   47.2  739   11.0  810   -9.0   -9   -9.0   -9   -9.0   -9 -99.0 -99.0 -99.0 -99.0 -99.0
20260718  98  1.2   997   9  5.5  851   9  9.4  851  22.5  27.2 1519  18.7  417  19.7  24.2  18.2  84.9  67.0   53  23.0   2.4   1.7 -9.00  986.5  999.6 1001.6 2137  997.2  705  9.0  0.7 14.5 -9.0  7.50  1.66 1400  164.2   -9.0 -9.00   55.3  322   12.6  331   -9.0   -9   -9.0   -9   -9.0   -9 -99.0 -99.0 -99.0 -99.0 -99.0
20260718  99  2.4  2060   9  5.0  358   9 10.3  350  21.9  26.0 1503  18.5  342  20.7  24.3  20.2  93.6  80.0 1504  24.4   2.2   1.6 -9.00  996.6 1000.1 1002.2 2305  997.6  640  8.4  0.2 14.5 -9.0  7.57  1.51 1400  159.8   -9.0 -9.00   37.5  106   10.5  303   -9.0   -9   -9.0   -9   -9.0   -9 -99.0 -99.0 -99.0 -99.0 -99.0
20260718 100  1.4  1246  11  3.4  448  14  7.3  900  18.2  20.2  140  15.7  422  17.6  20.1  16.1  96.4  80.0  215  20.1   1.1   0.8 -9.00  916.6 1002.1 1004.2 2314 1000.4  925 10.0  0.0 14.5 -9.0  3.49  0.65 1200   76.9   -9.0 -9.00   15.2  456    4.8  509   -9.0   -9   -9.0   -9   -9.0   -9 -99.0 -99.0 -99.0 -99.0 -99.0
20260718 101  1.7  1478  27  4.0  827  34  6.9  848  22.1  26.8 1554  18.6  615  19.8  23.9  18.5  87.5  70.0 1556  23.2   2.4   1.7 -9.00  991.7 1000.4 1002.0 2342  997.7  757  9.9  0.6 14.5 -9.0  8.10  2.30 1400  108.4   15.0 -9.00   28.0  201    8.6  233   -9.0   -9   -9.0   -9   -9.0   -9  27.2  24.1  21.7  17.2  15.2
20260718 102  2.9  2535   7  7.5  317   7 11.6  313  21.1  24.1 1449  18.3  504  17.9  23.8  18.1  82.4  66.0 1420  20.5   4.7   3.3 -9.00  995.5  999.6 1001.3 2152  997.4  402  8.8  3.8 14.5 -9.0 20.40  2.78 1000   32.3   -9.0  6.33   10.8   19    2.3   35   -9.0   -9   -9.0   -9   -9.0   -9 -99.0 -99.0 -99.0 -99.0 -99.0
20260718 104  1.5  1304  32  4.3 1108  34  8.3 1118  21.1  22.8  100  19.0  526  20.5  23.4  19.1  96.9  85.0  251  24.2   0.9   0.6 -9.00  992.8 1001.4 1003.4 2342  999.9  926 10.0  0.0 14.5 -9.0  2.72  0.44 1600   96.2   50.6 16.75   17.5  517    4.9  533   -9.0   -9   -9.0   -9   -9.0   -9  27.2  24.2  21.4  16.7  14.3
20260718 105  1.4  1240  32  3.7 1135  29  7.2 1129  21.6  24.3   27  19.5  605  20.0  23.9  20.1  91.4  69.0   45  23.5   1.0   0.7 -9.00  999.3 1002.4 1004.4 2319 1000.6  927  9.5  0.0 14.5 -9.0  2.82  0.43 1600   80.4   -9.0 -9.00   17.7  530    5.7  532   -9.0   -9   -9.0   -9   -9.0   -9  27.3  24.5  22.5  17.7  15.6
20260718 106  1.4  1237  29  3.5 1238  32  5.9 1305  21.8  23.3 1423  20.4  640  21.0  24.0  20.5  96.0  85.0    5  24.9   1.0   0.7 -9.00  997.7 1002.4 1004.5 2337 1000.4  935  9.6  0.0 14.5 -9.0  3.37  0.64 1400   54.9   -9.0 -9.00   14.8 1107    7.2  618   -9.0   -9   -9.0   -9   -9.0   -9 -99.0 -99.0 -99.0 -99.0 -99.0
20260718 108  2.8  2389   5  5.7  600   5 13.4  434  24.0  28.1 1531  19.8  654  21.4  26.4  18.9  86.5  71.0 1544  25.6   4.1   2.9 -9.00  989.5  999.3 1001.8 2345  996.0  434  8.8  3.1 14.5 -9.0 13.81  3.25 1400  119.7    1.1 12.10   53.2  335   12.7  355   -9.0   -9   -9.0   -9   -9.0   -9  26.8  25.2  24.5  20.0  14.8
20260718 112  2.2  1936  14  5.2  510   5  8.7  432  23.7  26.9 1759  20.5  546  22.8  26.4  19.8  95.4  83.0 1732  27.9   3.3   2.3 -9.00  991.0  998.8 1001.7 2318  996.2  625  7.4  4.2 14.5 -9.0 13.00  3.08 1400  102.2    0.1  9.50   41.9  308   11.7  543   -9.0   -9   -9.0   -9   -9.0   -9  25.5  24.3  17.8  21.5  14.5
20260718 114  1.6  1387   5  4.8 1114  18  8.9  324  22.7  26.7  129  20.6  730  21.5  24.5  20.4  93.0  81.0  129  25.7   1.1   0.8 -9.00  982.8  999.8 1002.3 2344  997.3  410  9.5  0.0 14.4 -9.0  2.31  0.39 1600   39.7   -9.0 -9.00   13.4  659    6.1  727   -9.0   -9   -9.0   -9   -9.0   -9 -99.0 -99.0 -99.0 -99.0 -99.0
20260718 115  3.1  2707  25  9.6 1555  25 16.2 1635  24.3  27.6 1646  22.8 2353  22.3  25.0  21.7  89.0  76.0 1719  27.0   1.9   1.3 -9.00  976.5 1001.3 1003.8 2323  999.2 1608  9.4  0.5 14.5 -9.0  5.97  1.18 1600    8.5   13.5 -9.00    6.7 2234    5.9 2326   -9.0   -9   -9.0   -9   -9.0   -9  23.8  20.3  18.9  14.1  13.3
20260718 119  2.6  2232  18  5.0  806  16  9.8  749  26.2  29.6 1423  23.6 2355  22.8  28.4  23.2  82.3  67.0 1406  27.8   3.6   2.5 -9.00  994.3  998.7 1001.5 2332  996.3  427  8.6  1.1 14.4 -9.0 11.10  2.47 1300   12.7   -9.0  5.83    9.3  523    3.4  540   -9.0   -9   -9.0   -9   -9.0   -9  26.1  23.9  21.8  17.0  14.4
20260718 121  1.1   981   9  3.5  853   7  5.4  914  22.2  24.7 1214  21.2 1533  21.7  23.9  21.8  96.9  94.0 1616  25.9   0.9   0.6 -9.00  973.9 1001.1 1003.2 2228  999.4  411  9.8  0.0 14.4 -9.0  2.41  0.57 1100   39.3   -9.0 -9.00    9.5  408    4.5  954   -9.0   -9   -9.0   -9   -9.0   -9 -99.0 -99.0 -99.0 -99.0 -99.0
20260718 127  1.4  1203   9  3.8  412   9  8.6  705  25.4  27.9 1622  22.7 2335  23.5  26.4  22.7  89.6  80.0  652  29.0   1.2   0.9 -9.00  985.9  998.8 1001.2 2333  996.9  645  9.9  0.0 14.4 -9.0  3.51  0.54 1300   28.5   -9.0 -9.00    9.5 2305    3.9    1   -9.0   -9   -9.0   -9   -9.0   -9 -99.0 -99.0 -99.0 -99.0 -99.0
20260718 129  3.1  2679  20  8.5  750  18 13.6  818  25.9  29.9 1557  22.6 2329  23.5  28.3  22.3  87.3  63.0 1600  29.0   5.9   4.1 -9.00  996.4  999.2 1002.1 2322  996.5  419  7.9  6.2 14.4 -9.0 20.60  3.46 1300    9.5   -9.0 -9.00    8.2  454    2.7  533   -9.0   -9   -9.0   -9   -9.0   -9  26.0  24.0  21.9  17.3  15.4
20260718 130  0.9   771  11  3.9   52  11  7.0   51  21.9  22.9   22  20.9 1129  21.3  24.2  20.9  97.0  91.0 1451  25.3  -9.0  -9.0 -9.00  996.6 1002.2 1004.5 2318 1001.1  408  9.9  0.0 14.4 -9.0 -9.00 -9.00   -9   13.1   -9.0 -9.00    8.8 2314    5.5 2339   -9.0   -9   -9.0   -9   -9.0   -9 -99.0 -99.0 -99.0 -99.0 -99.0
20260718 131  1.1   983  27  2.2 1725  27  4.8 2230  27.5  29.6 1425  25.8  400  24.2  28.0  26.2  82.6  76.0 1430  30.2   2.0   1.4 -9.00  992.3  998.9 1001.1 2252  997.1  626  9.8  0.0 14.4 -9.0  5.00  1.19 1100   14.5    6.4  8.17    7.3  645    5.3  648   -9.0   -9   -9.0   -9   -9.0   -9 -99.0 -99.0 -99.0 -99.0 -99.0
20260718 133  1.6  1364  20  3.4 1840  23  6.1 1244  26.2  28.9 1557  24.3  136  25.1  27.1  24.9  94.0  83.0 1605  32.0   1.8   1.3 -9.00  992.0  999.7 1001.9 2307  998.1  616  8.6  0.0 14.4 -9.0  5.43  0.86 1100   13.2    1.9  7.43    7.0  659    3.8  657   -9.0   -9   -9.0   -9   -9.0   -9  27.9  26.3  24.2  20.1  16.8
20260718 135  0.8   660  32  5.3 1716  34  9.4 1713  25.5  29.3 1434  23.1   54  24.4  27.8  24.2  94.3  75.0 1348  30.7   1.9   1.3 -9.00  972.5  999.8 1001.6    1  998.4 1648  9.3  0.2 14.3 -9.0  6.94  1.51 1200   10.1   -9.0 -9.00    7.9 1659    6.3 1709   -9.0   -9   -9.0   -9   -9.0   -9 -99.0 -99.0 -99.0 -99.0 -99.0
20260718 136  1.1   944  14  4.6    3  16  6.4    1  24.9  30.8 1535  22.3  254  23.4  27.7  22.7  91.6  77.0 1534  28.9   2.3   1.6  0.33  985.4 1001.2 1003.4 2329  999.6 1656  9.9  0.8 14.4 -9.0  9.03  1.50 1500   63.9   67.3  8.92   19.9 1822   13.8 1858   -9.0   -9   -9.0   -9   -9.0   -9 -99.0 -99.0 -99.0 -99.0 -99.0
20260718 137  0.3   276  23  1.4 2233  25  2.8 2224  25.9  30.0 1521  23.1  810  25.2  28.1  23.2  97.1  81.0 1443  32.2   2.1   1.5 -9.00  988.4  999.3 1001.4    1  998.1 1514  9.5  0.2 14.4 -9.0  8.32  1.70 1200   18.8   -9.0 -9.00   10.0 1555    6.8 1559   -9.0   -9   -9.0   -9   -9.0   -9 -99.0 -99.0 -99.0 -99.0 -99.0
20260718 138  1.5  1338   5  4.2 1504   2  6.1 1409  23.1  26.3 1124  21.9 2209  20.6  26.9  22.1  86.0  74.0 1728  24.3   3.1   2.2 -9.00 1000.9 1001.3 1004.2 2241  999.3 1309  8.9  1.0 14.3 -9.0 14.06  2.25 1100    1.0    0.3  1.42    1.0    1    0.5   13   -9.0   -9   -9.0   -9   -9.0   -9  26.1  22.3  20.6  17.6  16.2
20260718 140  2.7  2290  16  5.2  550  23  8.2 1341  26.0  29.8 1335  22.9 2230  24.3  26.4  22.4  90.3  82.0 1352  30.4  -9.0  -9.0 -9.00  997.4 1000.5 1002.8 2143  998.5  518  9.4  0.1 14.3 -9.0 -9.00 -9.00   -9    1.4   -9.0 -9.00    1.2 2043    0.8 2133   -9.0   -9   -9.0   -9   -9.0   -9 -99.0 -99.0 -99.0 -99.0 -99.0
20260718 143  1.9  1624  14  3.9  359  11  6.0  413  27.2  31.7 1256  21.9    1  23.0  29.1  22.0  79.0  62.0 1258  28.2   3.5   2.4 -9.00  994.0 1000.1 1002.3    1  998.6 1512  8.9  0.8 14.3 -9.0 11.41  2.27 1100    0.3   -9.0  0.50    0.2   -9    0.2   -9   -9.0   -9   -9.0   -9   -9.0   -9 -99.0 -99.0 -99.0 -99.0 -99.0
20260718 146  2.1  1857  29  4.2 1635  29  7.9 2200  27.9  32.3 1410  24.1 2328  24.6  28.2  16.3  83.0  68.0 1412  31.0   2.8   1.9 -9.00  993.1  999.9 1002.3 2325  998.1  324  9.0  0.5 14.3 -9.0  8.98  2.18 1200    1.9    4.0  3.77    1.1  902    0.7  934   -9.0   -9   -9.0   -9   -9.0   -9 -99.0 -99.0 -99.0 -99.0 -99.0
20260718 152  1.8  1535  23  5.2 1318  23  8.6 1210  26.9  32.1 1418  23.4   51  22.5  30.0  23.1  77.8  61.0 1419  27.4   4.3   3.0 -9.00  991.8 1000.9 1003.4 2321  999.3 1416  9.3  2.0 14.3 -9.0 14.41  2.35 1200    0.1   -9.0  0.92    0.1   -9    0.1   -9   -9.0   -9   -9.0   -9   -9.0   -9 -99.0 -99.0 -99.0 -99.0 -99.0
20260718 155  2.4  2060  20  5.3 1319  20  8.6 1309  27.6  31.0 1259  25.6  553  25.2  30.0  25.7  87.3  73.0 1255  32.0   3.2   2.3 -9.00  997.6 1001.5 1003.1 2256 1000.8 1439  9.6  0.5 14.3 -9.0 10.47  2.06 1200    0.0   -9.0  0.08    0.0   -9    0.0   -9   -9.0   -9   -9.0   -9   -9.0   -9 -99.0 -99.0 -99.0 -99.0 -99.0
20260718 156  2.9  2477  16  4.5 1458  18  9.1 1102  28.6  32.0 1120  26.5 2354  25.8  33.0  25.6  85.0  73.0 1122  33.2   3.7   2.6 -9.00  992.6 1000.4 1001.9 2323  999.3 1533  9.0  0.9 14.3 -9.0 13.31  2.08 1300   10.9   -9.0  2.00    9.8 2301    3.6 2351   -9.0   -9   -9.0   -9   -9.0   -9 -99.0 -99.0 -99.0 -99.0 -99.0
20260718 159  4.4  3810  27  9.0 1553  27 13.4 1546  27.1  30.2 1614  24.8  200  24.6  30.9  23.6  86.3  71.0 1616  30.8   4.7   3.3  0.85  993.6 1001.4 1003.0 2326 1000.5 1506  9.3  1.8 14.2 -9.0 17.25  2.52 1300   -9.0    0.0 -9.00   -9.0   -9   -9.0   -9   -9.0   -9   -9.0   -9   -9.0   -9  26.7  24.2  22.4  17.9  17.6
20260718 162  2.6  2221  20  5.4 1855  23  7.9 1850  25.7  28.0 1356  24.4    1  24.4  27.8  24.8  93.1  82.0 1358  30.6   2.0   1.4 -9.00  997.7 1001.2 1002.6 2257 1000.4  448  8.8  0.0 14.2 -9.0  6.72  1.10 1300   -9.0   -9.0 -9.00   -9.0   -9   -9.0   -9   -9.0   -9   -9.0   -9   -9.0   -9 -99.0 -99.0 -99.0 -99.0 -99.0
20260718 165  3.0  2574  18  5.1 1154  20  7.4 1136  27.1  29.5 1406  25.7 2323  25.7  28.7  24.5  92.1  84.0 1415  33.0   2.6   1.8 -9.00  995.8 1000.8 1002.5 2252  999.5  313  9.4  0.2 14.2 -9.0 10.60  1.59 1400   42.5   42.5  2.62   40.2 2248   12.4 2302   -9.0   -9   -9.0   -9   -9.0   -9  26.8  23.8  22.5  19.2  16.6
20260718 168  2.6  2247  23  6.5 1922  20  9.0 1907  27.2  30.0 1251  25.7  301  25.1  30.7  26.9  88.9  77.0 1253  31.8   4.8   3.3 -9.00  994.4 1001.8 1003.0 2204 1000.8 1430  8.3  3.4 14.2 -9.0 18.92  3.10 1400   -9.0    0.0 -9.00   -9.0   -9   -9.0   -9   -9.0   -9   -9.0   -9   -9.0   -9  27.9  24.7  22.3  18.7  17.1
20260718 169  5.3  4571  18 10.7  626  18 14.8  452  25.2  28.1 1426  22.9  103  24.2  28.5  24.2  94.5  86.0 1429  30.2   3.1   2.2  8.53  992.0 1000.5 1002.7 2220  999.0  157  9.3  0.7 14.2 -9.0 12.89  2.16 1200    0.0   -9.0  0.63    0.0   -9    0.0   -9   -9.0   -9   -9.0   -9   -9.0   -9 -99.0 -99.0 -99.0 -99.0 -99.0
20260718 170  1.4  1240  25  4.2 2256  27  7.7 1448  28.0  32.1 1656  25.1  318  25.1  31.3  26.2  85.0  70.0 1418  31.9   4.4   3.1 -9.00  997.4 1001.4 1002.8 2207 1000.4 1550  8.4  4.6 14.2 -9.0 17.29  2.02 1300    0.2   -9.0 -9.00    0.2   -9    0.2   -9   -9.0   -9   -9.0   -9   -9.0   -9 -99.0 -99.0 -99.0 -99.0 -99.0
20260718 172  3.5  2986  14  5.5  523  16 10.1  330  27.5  31.1 1406  24.5 2350  25.7  26.8  25.6  90.5  74.0 1410  33.2   3.1   2.2 -9.00  994.2 1000.0 1001.9 2200  998.4  305  9.6  0.5 14.3 -9.0 11.22  2.16 1300    0.9   -9.0 -9.00    0.5 2029    0.3 1159   -9.0   -9   -9.0   -9   -9.0   -9 -99.0 -99.0 -99.0 -99.0 -99.0
20260718 174  1.9  1637  18  3.6 1530  18  6.6 1605  27.3  30.7 1406  25.1  352  23.9  31.2  24.5  82.6  70.0 1407  29.7  -9.0  -9.0 -9.00  981.3  999.7 1001.2 2353  998.4 1405  8.6  3.2 14.2 -9.0 -9.00 -9.00   -9    0.0   -9.0 -9.00    0.0   -9    0.0   -9   -9.0   -9   -9.0   -9   -9.0   -9 -99.0 -99.0 -99.0 -99.0 -99.0
20260718 177  2.9  2473  18  6.8  835  23 12.8  745  26.4  30.0 1707  23.4 2335  23.9  28.3  22.9  86.4  70.0 1700  29.6   4.8   3.4 -9.00  994.9  998.0 1000.8 2339  995.6  425  8.8  4.8 14.4 -9.0 16.75  2.87 1500    8.7    0.0  5.58    8.6  533    4.7  545   -9.0   -9   -9.0   -9   -9.0   -9 -99.0 -99.0 -99.0 -99.0 -99.0
20260718 181  1.7  1450  25  3.9 1206  23  6.8 1201  26.2  28.5 1505  24.2  507  24.5  26.8  24.5  91.0  81.0 1523  30.8   1.9   1.3 -9.00  995.7  999.5 1001.8 2332  997.7  623  9.1  0.0 14.4 -9.0  4.65  1.35 1100    7.4   -9.0 -9.00    3.5  753    2.9  817   -9.0   -9   -9.0   -9   -9.0   -9 -99.0 -99.0 -99.0 -99.0 -99.0
20260718 184  2.1  1853   5  5.3 1717   5  6.9 1710  29.1  33.2 1256  26.4  521  24.4  35.9  25.1  76.6  59.0 1254  30.5   5.6   3.9 -9.00  998.3 1000.6 1002.2 2313  999.5  455  6.9  6.8 14.1 -9.0 19.19  2.60 1300   -9.0   -9.0 -9.00   -9.0   -9   -9.0   -9   -9.0   -9   -9.0   -9   -9.0   -9  29.5  27.3  25.7  22.4  18.1
20260718 185  5.8  5027  16  8.7 1322  16 10.6 1322  26.8  29.1 1311  25.3  214  25.2  30.1  25.0  91.5  82.0 1154  32.1   4.1   2.8 -9.00  993.3 1001.3 1002.8 2245 1000.5 1629  6.1  3.2 14.1 -9.0 17.41  2.71 1300   -9.0   -9.0 -9.00   -9.0   -9   -9.0   -9   -9.0   -9   -9.0   -9   -9.0   -9 -99.0 -99.0 -99.0 -99.0 -99.0
20260718 188  3.8  3316  18  6.5 1607  20  8.7  833  27.9  30.9 1139  25.9  512  25.4  31.5  25.3  87.1  75.0 1138  32.5  -9.0  -9.0 -9.00  999.6 1001.9 1003.3 2350 1001.2  433  7.8  6.8 14.1 -9.0 -9.00 -9.00   -9   -9.0   -9.0 -9.00   -9.0   -9   -9.0   -9   -9.0   -9   -9.0   -9   -9.0   -9 -99.0 -99.0 -99.0 -99.0 -99.0
20260718 189  1.7  1445  23  3.7 1517  25  6.2 1524  28.1  30.4 1327  26.4  429  25.5  31.8  26.2  86.1  78.0  954  32.6   4.4   3.0 -9.00  996.4 1002.2 1003.3 2227 1001.4 1631  7.9  4.4 14.1 -9.0 18.20  2.58 1300   -9.0   -9.0 -9.00   -9.0   -9   -9.0   -9   -9.0   -9   -9.0   -9   -9.0   -9 -99.0 -99.0 -99.0 -99.0 -99.0
20260718 192  1.1   966  20  2.6 1424  16  6.5 1147  27.9  31.7 1302  26.1   47  25.1  33.5  25.7  85.5  72.0 1304  31.9   5.0   3.5 -9.00  997.9 1001.2 1002.7 2228 1000.2 1432  8.9  4.9 14.3 -9.0 20.18  3.34 1200    0.0    0.2 -9.00    0.0   -9    0.0   -9   -9.0   -9   -9.0   -9   -9.0   -9 -99.0 -99.0 -99.0 -99.0 -99.0
20260718 201  2.3  1991   5  5.4  433   5 12.2  432  22.2  26.6 1807  18.9  504  21.5  23.4  18.7  96.5  80.0 1757  25.7  -9.0  -9.0 -9.00  994.5 1000.0 1002.2 2241  997.6  608  7.4  1.6 14.5 -9.0 -9.00 -9.00   -9  120.2   -9.0 -9.00   31.9  405   10.2   32   -9.0   -9   -9.0   -9   -9.0   -9 -99.0 -99.0 -99.0 -99.0 -99.0
20260718 202  1.3  1123  18  3.7  748  18  6.0  747  23.2  26.3 1622  20.1  805  21.5  26.1  20.2  90.8  76.0 1625  25.7  -9.0  -9.0 -9.00  994.6  999.9 1002.2 2334  997.8  714  9.8  0.1 14.4 -9.0 -9.00 -9.00   -9   48.0   -9.0 -9.00   17.0  551    7.0  627   -9.0   -9   -9.0   -9   -9.0   -9 -99.0 -99.0 -99.0 -99.0 -99.0
20260718 203  0.8   670   5  2.1 1320   2  5.3 1232  23.6  25.9    1  21.6  747  23.1  26.4  22.1  97.5  85.0 1312  28.3  -9.0  -9.0 -9.00  991.0 1000.1 1002.5 2352  998.0  347  9.6  0.0 14.4 -9.0 -9.00 -9.00   -9   30.1   -9.0 -9.00   20.2  610    8.2  628   -9.0   -9   -9.0   -9   -9.0   -9 -99.0 -99.0 -99.0 -99.0 -99.0
20260718 211  1.6  1381   5  3.5  421   2  7.4  516  20.7  24.3 1603  17.7  430  18.9  23.2  17.2  90.1  64.0  210  21.9  -9.0  -9.0 -9.00  978.7 1001.7 1003.3 2152  999.2  831  9.8  0.0 14.5 -9.0 -9.00 -9.00   -9  140.0   -9.0 -9.00   33.5  643   11.7  710   -9.0   -9   -9.0   -9   -9.0   -9 -99.0 -99.0 -99.0 -99.0 -99.0
20260718 212  1.0   874  11  2.9  407  14  6.1  404  21.5  24.6 1458  18.3  615  19.9  23.3  18.5  91.0  77.0 1500  23.2  -9.0  -9.0 -9.00  985.1 1001.1 1002.8 2300  999.0  804  9.8  0.1 14.5 -9.0 -9.00 -9.00   -9  110.1   -9.0 -9.00   27.2  320    7.4  609   -9.0   -9   -9.0   -9   -9.0   -9 -99.0 -99.0 -99.0 -99.0 -99.0
20260718 216  1.1   932   5  3.1 1340   5  6.6 1236  19.7  22.7 1138  18.3  843  19.1  21.3  19.6  96.8  93.0 1205  22.1   0.9   0.6 -9.00  922.9 1001.9 1004.4 2234  999.5 1138  9.9  0.0 14.4 -9.0  2.58  0.86 1100   56.3   -9.0 -9.00   15.9 1017    8.3 1031   -9.0   -9   -9.0   -9   -9.0   -9 -99.0 -99.0 -99.0 -99.0 -99.0
20260718 217  0.7   644   2  4.0 1147   5  8.8 1139  20.0  22.0    1  18.9  839  19.3  22.6  19.6  96.4  91.0  718  22.5  -9.0  -9.0 -9.00  966.9 1002.3 1004.3 2259 1000.3  442  9.9  0.0 14.4 -9.0 -9.00 -9.00   -9  102.9   -9.0 -9.00   35.0 1108   15.7 1150   -9.0   -9   -9.0   -9   -9.0   -9 -99.0 -99.0 -99.0 -99.0 -99.0
20260718 221  1.2  1037   5  4.3 1556   5  7.0 1555  22.7  25.7 1210  21.4 1942  22.4  24.6  21.9  98.8  95.0 1659  27.2  -9.0  -9.0 -9.00  970.6 1000.3 1002.5 2252  998.8  434  9.6  0.0 14.4 -9.0 -9.00 -9.00   -9   44.4   -9.0 -9.00   11.3    1    9.8   29   -9.0   -9   -9.0   -9   -9.0   -9 -99.0 -99.0 -99.0 -99.0 -99.0
20260718 226  0.8   708  16  2.5    2  18  4.5  251  25.9  28.9 1629  23.6   50  24.9  26.7  23.2  94.9  81.0 1521  31.6  -9.0  -9.0 -9.00  980.8 1000.0 1001.8 2337  998.6  641  9.6  0.0 14.4 -9.0 -9.00 -9.00   -9   25.8   -9.0 -9.00   10.3 2325    7.3 2335   -9.0   -9   -9.0   -9   -9.0   -9 -99.0 -99.0 -99.0 -99.0 -99.0
20260718 232  1.2  1011   7  3.0  615  16  6.5  828  26.1  28.2 1429  24.6  649  25.8  27.5  24.3  98.8  90.0 1628  33.3  -9.0  -9.0 -9.00  990.4  999.9 1002.2 2322  998.0  613  9.0  0.0 14.4 -9.0 -9.00 -9.00   -9   24.9   -9.0 -9.00   12.0  611    5.4  639   -9.0   -9   -9.0   -9   -9.0   -9 -99.0 -99.0 -99.0 -99.0 -99.0
20260718 235  3.3  2827  20  8.1  753  23 11.5  558  25.1  27.5  420  22.1 2322  23.6  26.4  21.9  91.8  83.0 1607  29.3   2.2   1.5 -9.00  998.1  999.2 1001.5 2144  996.7  421  8.5  0.0 14.3 -9.0  6.57  1.11 1500    5.6   -9.0 -9.00    3.7  529    2.1  532   -9.0   -9   -9.0   -9   -9.0   -9 -99.0 -99.0 -99.0 -99.0 -99.0
20260718 236  1.3  1096  18  3.6  935  18  6.6  919  26.1  29.1 1246  24.0 2349  24.7  27.8  24.9  92.5  83.0 1339  31.1  -9.0  -9.0 -9.00  998.4  999.9 1002.1 2325  998.2  526  8.9  0.1 14.4 -9.0 -9.00 -9.00   -9   12.5   -9.0 -9.00   11.4  556    6.1  616   -9.0   -9   -9.0   -9   -9.0   -9 -99.0 -99.0 -99.0 -99.0 -99.0
20260718 238  1.1   923  18  3.5  835  16  8.2  900  27.5  32.2 1423  24.2    1  25.2  28.2  24.2  88.8  65.0 1306  32.1  -9.0  -9.0 -9.00  980.2  999.1 1001.0 2253  997.9  631  9.5  1.3 14.3 -9.0 -9.00 -9.00   -9   17.0   -9.0 -9.00    8.9 1532    5.5 1559   -9.0   -9   -9.0   -9   -9.0   -9 -99.0 -99.0 -99.0 -99.0 -99.0
20260718 239  1.3  1147  20  2.8 1111  20  6.6 1047  26.2  29.2 1422  24.1  303  24.9  28.1  24.7  93.1  81.0 1602  31.4   2.5   1.8 -9.00  988.9  998.9 1001.2 2306  997.3  615  8.9  0.2 14.4 -9.0  8.72  1.36 1100   17.6   -9.0 -9.00   13.7  627    6.3  636   -9.0   -9   -9.0   -9   -9.0   -9 -99.0 -99.0 -99.0 -99.0 -99.0
20260718 243  2.7  2314  18  5.0  551  20  8.2  543  26.8  30.8 1347  23.5 2223  24.4  26.5  22.4  87.5  73.0 1346  30.6  -9.0  -9.0 -9.00  998.7 1000.1 1002.3 2342  998.5  302  9.0  1.0 14.3 -9.0 -9.00 -9.00   -9    4.0   -9.0 -9.00    3.9   -9    3.0  847   -9.0   -9   -9.0   -9   -9.0   -9 -99.0 -99.0 -99.0 -99.0 -99.0
20260718 244  1.7  1467  25  3.5 1551  23  6.8 1549  27.4  31.0 1538  25.7 2333  24.8  28.3  24.5  86.3  72.0 1531  31.3  -9.0  -9.0 -9.00  972.7 1000.0 1001.5 2254  998.8 1541  9.4  0.5 14.3 -9.0 -9.00 -9.00   -9   11.0   -9.0 -9.00   11.0 2248    6.0 2324   -9.0   -9   -9.0   -9   -9.0   -9 -99.0 -99.0 -99.0 -99.0 -99.0
20260718 245  3.0  2618  18  8.2  611  20 12.5  607  28.1  33.0 1420  24.4 2400  24.6  30.1  24.6  82.0  65.0 1356  31.0   3.4   2.4 -9.00  992.2  999.9 1002.1 2317  998.4  313  9.6  1.4 14.3 -9.0 11.52  2.88 1300    0.0   -9.0 -9.00    0.0   -9    0.0   -9   -9.0   -9   -9.0   -9   -9.0   -9 -99.0 -99.0 -99.0 -99.0 -99.0
20260718 247  1.2  1073  20  3.8 1417  20  7.8 1410  27.8  31.4 1327  26.1  339  25.3  29.5  25.6  87.4  70.0 1112  32.4  -9.0  -9.0 -9.00  985.3 1000.2 1001.5 2235  999.1 1707  9.4  0.2 14.3 -9.0 -9.00 -9.00   -9   21.5   -9.0 -9.00   15.7 1702    5.0 1737   -9.0   -9   -9.0   -9   -9.0   -9 -99.0 -99.0 -99.0 -99.0 -99.0
20260718 248  1.6  1362  20  2.9 1815  20  7.5 1054  26.6  29.7 1438  24.5    1  23.9  27.1  24.2  85.5  73.0 1502  29.6  -9.0  -9.0 -9.00  955.7 1000.4 1002.1 2259  999.1 1656  9.6  0.3 14.3 -9.0 -9.00 -9.00   -9   27.3   -9.0 -9.00   12.4 2253    6.6 1921   -9.0   -9   -9.0   -9   -9.0   -9 -99.0 -99.0 -99.0 -99.0 -99.0
20260718 251  2.8  2423  16  6.4  538  16 10.2  532  28.1  31.3 1458  24.9 2258  25.8  28.2  25.4  87.5  79.0 1501  33.2   2.3   1.6 -9.00  994.3  999.9 1002.0 2156  998.4  318  9.6  0.3 14.3 -9.0  7.94  1.85 1300    0.3   -9.0 -9.00    0.2   -9    0.1   -9   -9.0   -9   -9.0   -9   -9.0   -9 -99.0 -99.0 -99.0 -99.0 -99.0
20260718 252  2.3  2023  16  4.0  554  20  7.2 1610  26.9  30.5 1422  24.2 2335  25.0  27.1  24.5  89.5  80.0 1401  31.6   2.6   1.8 -9.00  996.0 1000.1 1001.9 2157  998.6  259  9.6  0.1 14.3 -9.0  9.14  1.70 1300    0.3   -9.0 -9.00    0.2   -9    0.2   -9   -9.0   -9   -9.0   -9   -9.0   -9 -99.0 -99.0 -99.0 -99.0 -99.0
20260718 253  1.7  1507  16  3.6 1641  16  6.7 1456  27.1  29.7 1644  25.1  441  26.0  29.2  25.2  94.3  82.0 1644  33.7   1.9   1.3 -9.00  996.3 1002.5 1004.1 2305 1001.6 1442  9.0  0.5 14.3 -9.0  6.07  1.15 1600   -9.0   -9.0 -9.00   -9.0   -9   -9.0   -9   -9.0   -9   -9.0   -9   -9.0   -9 -99.0 -99.0 -99.0 -99.0 -99.0
20260718 254  1.5  1326  27  4.7 1736  27  7.3 1816  28.0  31.5 1346  26.2 2356  24.8  29.3  25.2  83.1  68.0 1347  31.2   2.9   2.0 -9.00  986.3 1000.7 1002.3 2335  999.4 1655  9.0  0.3 14.3 -9.0 10.09  1.67 1200   14.0   -9.0 -9.00    6.3 2145    6.1 2211   -9.0   -9   -9.0   -9   -9.0   -9 -99.0 -99.0 -99.0 -99.0 -99.0
20260718 255  1.1   987  18  2.6 1614  20  6.7 1612  28.7  32.0 1321  27.5  206  25.1  28.1  26.2  81.1  70.0 1322  31.9   2.9   2.0 -9.00  995.5 1001.2 1002.9 2302 1000.3 1413  8.8  0.6 14.3 -9.0  8.82  1.89 1200   -9.0   -9.0 -9.00   -9.0   -9   -9.0   -9   -9.0   -9   -9.0   -9   -9.0   -9 -99.0 -99.0 -99.0 -99.0 -99.0
20260718 257  2.4  2035  20  5.1 1404  23  8.9 1333  28.6  31.8 1407  27.1  314  26.2  33.4  25.8  87.4  73.0 1308  34.0   3.1   2.2 -9.00 1000.9 1001.6 1003.4 2332 1000.5 1449  8.9  0.6 14.3 -9.0 10.25  2.09 1300   -9.0   -9.0 -9.00   -9.0   -9   -9.0   -9   -9.0   -9   -9.0   -9   -9.0   -9 -99.0 -99.0 -99.0 -99.0 -99.0
20260718 258  1.9  1624  20  4.5 1942  20  5.9 1522  28.2  32.1 1436  25.8   37  25.8  29.9  25.8  87.5  71.0 1445  33.2   5.1   3.6 -9.00 1001.5 1001.7 1003.1 2339 1000.5 1430  8.3  3.7 14.2 -9.0 19.85  3.26 1400   -9.0   -9.0 -9.00   -9.0   -9   -9.0   -9   -9.0   -9   -9.0   -9   -9.0   -9 -99.0 -99.0 -99.0 -99.0 -99.0
20260718 259  1.1   940  20  2.5 1547  14  5.3 1609  28.1  31.5 1414  25.6  550  25.8  29.1  24.5  87.9  75.0 1228  33.2   3.1   2.2 -9.00  999.2 1001.0 1002.2 2243  999.9 1649  8.5  1.9 14.2 -9.0 13.36  1.93 1200   -9.0   -9.0 -9.00   -9.0   -9   -9.0   -9   -9.0   -9   -9.0   -9   -9.0   -9 -99.0 -99.0 -99.0 -99.0 -99.0
20260718 260  2.8  2405  14  4.5  140  14  7.0 1426  27.6  30.5 1055  25.3  132  25.7  28.9  25.4  89.9  82.0 1052  33.0  -9.0  -9.0 -9.00  996.0 1001.0 1002.4 2309  999.9 1522  8.8  2.0 14.2 -9.0 -9.00 -9.00   -9   -9.0   -9.0 -9.00   -9.0   -9   -9.0   -9   -9.0   -9   -9.0   -9   -9.0   -9 -99.0 -99.0 -99.0 -99.0 -99.0
20260718 261  2.2  1936  20  5.5 1510  20  8.1 1509  27.4  29.9 1313  25.0  534  25.8  28.9  24.4  91.4  84.0 1317  33.3  -9.0  -9.0 -9.00  999.6 1001.4 1002.7 2230 1000.3  316  9.0  0.1 14.2 -9.0 -9.00 -9.00   -9    0.0   -9.0 -9.00    0.0   -9    0.0   -9   -9.0   -9   -9.0   -9   -9.0   -9 -99.0 -99.0 -99.0 -99.0 -99.0
20260718 262  1.6  1358  20  4.1 1530  20  6.4 1357  28.4  32.4 1507  25.4  457  25.4  30.8  26.4  84.5  66.0 1511  32.4   4.6   3.2 -9.00  995.4 1001.2 1002.7 2339 1000.0 1446  8.3  5.6 14.2 -9.0 17.74  2.03 1500   -9.0   -9.0 -9.00   -9.0   -9   -9.0   -9   -9.0   -9   -9.0   -9   -9.0   -9 -99.0 -99.0 -99.0 -99.0 -99.0
20260718 263  2.2  1918  20  4.4 1524  20  7.8 1630  29.0  31.9 1152  26.9  447  25.5  32.1  25.7  81.9  71.0 1139  32.6   3.8   2.7 -9.00  999.5 1001.1 1002.7 2237 1000.1 1433  9.0  0.8 14.3 -9.0 13.19  2.22 1100    0.0   -9.0 -9.00    0.0   -9    0.0   -9   -9.0   -9   -9.0   -9   -9.0   -9 -99.0 -99.0 -99.0 -99.0 -99.0
20260718 264  0.6   549  23  3.5 1454  23  5.0 1451  27.8  31.4 1416  25.7  452  26.5  29.9  25.4  93.0  75.0 1412  34.6   2.1   1.5 -9.00  983.6 1000.5 1002.1 2230  999.4 1729  9.5  0.1 14.3 -9.0  8.95  1.15 1300    1.4   -9.0 -9.00    1.2   -9    1.2 1446   -9.0   -9   -9.0   -9   -9.0   -9 -99.0 -99.0 -99.0 -99.0 -99.0
20260718 266  1.2  1030  23  3.0 1853  23  4.8 1903  28.3  31.7 1512  26.1  254  26.4  33.9  25.7  90.6  72.0 1142  34.4   3.7   2.6 -9.00  991.9 1001.7 1003.1 2148 1000.6 1427  8.9  1.6 14.2 -9.0 14.63  1.98 1000   -9.0   -9.0 -9.00   -9.0   -9   -9.0   -9   -9.0   -9   -9.0   -9   -9.0   -9 -99.0 -99.0 -99.0 -99.0 -99.0
20260718 268  2.2  1894  20  4.3  949  20  7.5  912  27.0  29.0  908  25.1  315  25.3  28.6  24.5  91.0  81.0  912  32.3  -9.0  -9.0 -9.00  998.7  999.8 1001.4 2243  998.8  333  8.9  0.8 14.2 -9.0 -9.00 -9.00   -9    0.4   -9.0 -9.00    0.4 2201    0.3 2234   -9.0   -9   -9.0   -9   -9.0   -9 -99.0 -99.0 -99.0 -99.0 -99.0
20260718 271  0.5   473  14  2.0 1915  11  4.0 1913  23.5  26.9 1445  21.4 2359  22.6  24.8  20.9  94.9  85.0 1441  27.5  -9.0  -9.0 -9.00  964.9 1001.2 1003.8 2358  999.9 1528  9.6  0.0 14.4 -9.0 -9.00 -9.00   -9   19.9   -9.0 -9.00    6.7 2210    5.0 2207   -9.0   -9   -9.0   -9   -9.0   -9 -99.0 -99.0 -99.0 -99.0 -99.0
20260718 272  0.4   333   5  3.2 2228   9  5.0 2228  23.8  26.2 1742  22.1    3  23.7  25.2  22.4  99.9  98.0 1333  29.3  -9.0  -9.0 -9.00  977.0 1000.7 1002.9    1  999.5 1741  9.6  0.0 14.4 -9.0 -9.00 -9.00   -9   63.7   -9.0 -9.00   16.1 2058    7.9 2102   -9.0   -9   -9.0   -9   -9.0   -9 -99.0 -99.0 -99.0 -99.0 -99.0
20260718 273  0.7   610  14  1.9  137  14  3.1  135  25.1  28.6 1657  22.6  433  24.8  26.1  21.8  98.8  84.0 1704  31.4  -9.0  -9.0 -9.00  980.4  999.8 1001.8    1  998.7 1635  9.8  0.2 14.4 -9.0 -9.00 -9.00   -9   20.4   -9.0 -9.00    7.4  916    3.1 2338   -9.0   -9   -9.0   -9   -9.0   -9 -99.0 -99.0 -99.0 -99.0 -99.0
20260718 276  2.0  1763   2  4.9 1830   2  9.9 1823  26.3  32.9 1633  22.0  119  24.2  27.3  21.6  90.1  66.0 1450  30.4   3.6   2.5 -9.00  977.0 1000.2 1003.5 2358  998.2 1523  9.3  1.2 14.4 -9.0 13.26  2.10 1000   15.4   -9.0 -9.00   10.9 2005    9.4 2030   -9.0   -9   -9.0   -9   -9.0   -9 -99.0 -99.0 -99.0 -99.0 -99.0
20260718 277  1.4  1170   5  4.8 1344   2  7.6 1331  22.3  25.0 1157  20.7 1750  21.0  26.8  21.3  93.1  81.0 1201  25.0  -9.0  -9.0 -9.00  997.1 1001.8 1004.4 2342 1000.5 1147  9.1  0.1 14.4 -9.0 -9.00 -9.00   -9    4.5   -9.0 -9.00    3.9 1914    1.9 1918   -9.0   -9   -9.0   -9   -9.0   -9 -99.0 -99.0 -99.0 -99.0 -99.0
20260718 278  0.9   774  23  2.4 1231  36  5.5 1742  26.5  33.0 1604  23.3  441  24.9  28.8  23.1  92.3  65.0 1607  31.6  -9.0  -9.0 -9.00  990.3  999.4 1002.2   11  997.5 1659  9.0  1.2 14.4 -9.0 -9.00 -9.00   -9   52.4   -9.0 -9.00   25.9 2230   10.8 1913   -9.0   -9   -9.0   -9   -9.0   -9 -99.0 -99.0 -99.0 -99.0 -99.0
20260718 279  1.3  1116   9  2.8  803  27  7.0 1022  28.0  33.5 1429  23.5    1  24.5  29.6  23.7  82.5  62.0 1436  30.8   3.5   2.5 -9.00  994.3  999.8 1002.3    1  998.2 1632  9.1  2.1 14.3 -9.0 13.19  2.18 1400   17.6   -9.0 -9.00   13.9 2125    5.3 2210   -9.0   -9   -9.0   -9   -9.0   -9 -99.0 -99.0 -99.0 -99.0 -99.0
20260718 281  1.6  1405   9  3.6 2004  27  6.1 1308  26.1  31.7 1530  21.7   31  22.9  27.7  21.5  83.9  65.0 1507  28.0  -9.0  -9.0 -9.00  990.7 1001.5 1004.1 2255  999.8 1510  9.3  1.4 14.3 -9.0 -9.00 -9.00   -9    2.5   -9.0 -9.00    2.5    1    1.8   22   -9.0   -9   -9.0   -9   -9.0   -9 -99.0 -99.0 -99.0 -99.0 -99.0
20260718 283  2.9  2491  36  5.7 1752  36  8.8 1751  26.6  33.5 1342  22.8    4  23.0  28.8  23.2  81.6  63.0 1344  28.3   5.4   3.8 -9.00  997.1 1001.6 1004.5 2254  999.7 1457  8.8  2.7 14.3 -9.0 18.90  2.78 1100   -9.0   -9.0 -9.00   -9.0   -9   -9.0   -9   -9.0   -9   -9.0   -9   -9.0   -9 -99.0 -99.0 -99.0 -99.0 -99.0
20260718 284  1.9  1637  20  4.6 1129  23  8.2 1128  27.8  31.5 1438  25.9  401  24.9  30.3  25.0  84.9  71.0 1116  31.5   3.1   2.2 -9.00  974.0  999.2 1001.0 2231  997.8 1439  9.4  0.7 14.3 -9.0 11.54  1.91 1100    2.3   -9.0 -9.00    1.4 2022    0.7 1533   -9.0   -9   -9.0   -9   -9.0   -9 -99.0 -99.0 -99.0 -99.0 -99.0
20260718 285  1.2  1041  20  3.5 1223  18  7.3 1218  28.7  32.9 1204  25.4  153  25.3  31.7  25.9  82.4  65.0 1207  32.3  -9.0  -9.0 -9.00  997.8 1000.8 1002.5 2238  999.6 1504  9.1  0.6 14.3 -9.0 -9.00 -9.00   -9    1.2   -9.0 -9.00    1.2 1440    1.2 1530   -9.0   -9   -9.0   -9   -9.0   -9 -99.0 -99.0 -99.0 -99.0 -99.0
20260718 288  2.5  2159  18  4.7 1212  16  8.3  836  29.4  33.0 1226  26.1  120  25.1  31.6  24.9  78.5  66.0 1228  31.9   4.6   3.2 -9.00  998.7  999.6 1001.4 2255  998.6 1443  9.1  1.9 14.3 -9.0 14.84  2.89 1200    0.0   -9.0 -9.00    0.0   -9    0.0   -9   -9.0   -9   -9.0   -9   -9.0   -9 -99.0 -99.0 -99.0 -99.0 -99.0
20260718 289  2.8  2397   5  5.2  415   7  9.1  411  27.4  31.2 1211  26.0  556  25.4  28.9  25.0  89.6  75.0 1215  32.5  -9.0  -9.0 -9.00  985.9 1001.3 1002.8 2238 1000.3 1719  9.0  0.7 14.3 -9.0 -9.00 -9.00   -9   16.9   -9.0 -9.00   14.3 1428    9.9 1500   -9.0   -9   -9.0   -9   -9.0   -9 -99.0 -99.0 -99.0 -99.0 -99.0
20260718 294  2.0  1755  14  6.0  943  11 12.4  956  26.9  27.8 1216  25.6   18  24.5  28.7  25.6  87.0  81.0 1007  30.7  -9.0  -9.0 -9.00  997.3 1002.3 1003.9 2309 1001.5  520  8.4  0.1 14.2 -9.0 -9.00 -9.00   -9    0.0   -9.0 -9.00    0.0   -9    0.0   -9   -9.0   -9   -9.0   -9   -9.0   -9 -99.0 -99.0 -99.0 -99.0 -99.0
20260718 295  1.5  1260  23  3.1 1324  25  5.7 1322  27.4  30.2 1311  26.0  157  24.8  31.9  25.1  85.9  76.0 1109  31.2  -9.0  -9.0 -9.00  996.4 1001.6 1002.9 2243 1000.6 1441  8.3  5.5 14.2 -9.0 -9.00 -9.00   -9    0.1   -9.0 -9.00    0.1   -9    0.1   -9   -9.0   -9   -9.0   -9   -9.0   -9 -99.0 -99.0 -99.0 -99.0 -99.0
20260718 296  2.4  2095  18  5.4 1521  18  9.4 1514  27.7  31.5 1349  26.1  426  25.9  29.5  23.9  90.3  78.0 1350  33.4   3.0   2.1 -9.00 1000.7 1001.0 1002.7 2315 1000.0 1511  9.0  0.4 14.2 -9.0 10.50  2.37 1300   -9.0   -9.0 -9.00   -9.0   -9   -9.0   -9   -9.0   -9   -9.0   -9   -9.0   -9 -99.0 -99.0 -99.0 -99.0 -99.0
20260719  90  1.1   981  29  2.3    1   9  3.1 1453  23.0  25.1 1242  21.5  448  21.6  26.2  22.0  92.8  82.0 1243  25.9   3.1   2.2 -9.00 1003.6 1005.6 1007.3 2256 1004.0   19  9.3  0.8 14.5 -9.0 13.53  2.53 1200    9.1   -9.0 -9.00    3.3  146    0.8  110   -9.0   -9   -9.0   -9   -9.0   -9 -99.0 -99.0 -99.0 -99.0 -99.0
20260719  93  0.7   613  23  2.6 1608  16  4.3 1014  25.7  31.3 1517  21.8  442  22.1  28.3  22.1  82.6  53.0 1449  26.6   5.2   3.6 -9.00  993.3 1004.2 1006.3 2253 1002.5   38  8.0  7.2 14.5 -9.0 20.85  2.78 1100    0.3    1.1  1.25    0.3  140    0.2   -9   -9.0   -9   -9.0   -9   -9.0   -9  25.5  25.7  23.6  18.8  15.6
20260719  95  1.2  1050  11  3.2  125  11  5.0  105  25.0  28.8 1320  22.0  431  21.8  26.6  22.1  83.3  64.0 1323  26.1   3.5   2.5 -9.00  986.8 1004.3 1006.8 2238 1002.2   36  8.5  5.6 14.5 -9.0 16.54  3.15 1100   -9.0    4.0 -9.00   -9.0   -9   -9.0   -9   -9.0   -9   -9.0   -9   -9.0   -9 -99.0 -99.0 -99.0 -99.0 -99.0
20260719  98  0.5   457  29  2.6 1304  27  5.2 1258  24.6  28.9 1106  21.8  456  20.5  26.7  20.9  78.4  57.0 1051  24.1   3.3   2.3 -9.00  990.8 1003.9 1006.0 2203 1001.3   27  8.1  3.5 14.5 -9.0 14.41  3.01 1000   -9.0   -9.0 -9.00   -9.0   -9   -9.0   -9   -9.0   -9   -9.0   -9   -9.0   -9 -99.0 -99.0 -99.0 -99.0 -99.0
20260719  99  0.6   551  34  2.1 1816  29  4.0 1230  23.8  27.6 1320  21.7  243  21.7  26.1  23.5  88.6  70.0 1053  25.9   2.8   2.0 -9.00 1001.2 1004.7 1006.7 2302 1001.8   14  7.9  1.4 14.5 -9.0 12.59  2.09 1000   -9.0   -9.0 -9.00   -9.0   -9   -9.0   -9   -9.0   -9   -9.0   -9   -9.0   -9 -99.0 -99.0 -99.0 -99.0 -99.0
20260719 100  1.7  1439   9  4.1 1619   9  6.3 1616  20.0  22.8 1524  18.2    1  19.5  23.3  18.3  97.4  91.0 1448  22.7   2.3   1.6 -9.00  919.8 1005.1 1007.0 2239 1003.6 1525  8.9  1.4 14.4 -9.0 10.13  1.63 1400    9.5   -9.0 -9.00    3.7   46    1.8  119   -9.0   -9   -9.0   -9   -9.0   -9 -99.0 -99.0 -99.0 -99.0 -99.0
20260719 101  1.4  1226  23  3.1 1551  23  4.8 1601  25.7  31.3 1632  21.8  457  21.4  27.7  21.9  78.8  52.0 1414  25.5   5.4   3.8 -9.00  994.6 1003.1 1005.3 2249 1001.4 1555  8.0  5.1 14.5 -9.0 20.40  3.16 1100    0.2    1.3 -9.00    0.2   -9    0.2   -9   -9.0   -9   -9.0   -9   -9.0   -9  26.1  24.7  22.0  17.3  15.3
20260719 102  1.7  1444  32  3.0 1642  32  4.5  434  22.0  25.5 1021  19.5  448  18.6  25.8  19.8  82.0  70.0 1028  21.5   3.7   2.6 -9.00  999.3 1003.5 1005.5 2210 1000.8   43  8.5  3.9 14.5 -9.0 17.48  2.56 1100   -9.0   -9.0 -9.00   -9.0   -9   -9.0   -9   -9.0   -9   -9.0   -9   -9.0   -9 -99.0 -99.0 -99.0 -99.0 -99.0
20260719 104  0.5   431  27  2.3  158  27  3.3  155  22.4  24.2 1507  21.1   43  22.0  24.6  21.2  97.9  92.0 1508  26.5   1.6   1.1 -9.00  996.0 1004.6 1006.2 2147 1003.0   20  8.5  0.0 14.5 -9.0  6.95  1.28 1200    8.5    0.2 10.42    3.1  103    1.0  147   -9.0   -9   -9.0   -9   -9.0   -9  24.9  24.2  21.7  16.8  13.9
20260719 105  0.7   630  11  2.1 1425   7  3.8 1135  22.9  24.6 1537  21.4  313  21.4  25.2  22.5  91.4  83.0 1647  25.5   1.8   1.3 -9.00 1002.6 1005.7 1007.3 2248 1004.1    8  8.9  0.0 14.5 -9.0  6.61  1.13 1300    7.5   -9.0 -9.00    2.5  109    1.1  109   -9.0   -9   -9.0   -9   -9.0   -9  25.3  25.1  22.8  18.0  15.7
20260719 106  1.1   951   2  2.5 1311   7  3.7 1428  22.8  25.4 1224  21.8  253  21.8  25.2  20.7  94.5  85.0 1726  26.1   2.8   2.0 -9.00 1001.1 1005.8 1007.4 2255 1003.8  145  8.9  0.8 14.4 -9.0 12.09  2.02 1000   12.4   -9.0 -9.00    3.9  645    1.7  412   -9.0   -9   -9.0   -9   -9.0   -9 -99.0 -99.0 -99.0 -99.0 -99.0
20260719 108  1.7  1509  20  3.5 1327  25  6.0 1256  25.9  29.2 1521  23.2  542  21.0  28.0  22.4  75.5  59.0 1524  24.9   5.0   3.5 -9.00  994.4 1004.1 1006.1 2140 1001.5    2  8.5  3.8 14.4 -9.0 19.89  2.52 1000    0.1    6.7  3.00    0.1   -9    0.1   -9   -9.0   -9   -9.0   -9   -9.0   -9  26.0  25.2  24.9  21.7  15.1
20260719 112  1.9  1643  23  3.8 1159  27  6.0 1211  24.5  26.6 1506  22.8  431  21.8  27.2  22.4  85.8  71.0 1548  26.1   4.5   3.2 -9.00  996.4 1004.2 1006.1 2131 1001.5    3  7.8  4.5 14.4 -9.0 20.46  2.82 1300    0.0    6.7  1.17    0.0   -9    0.0   -9   -9.0   -9   -9.0   -9   -9.0   -9  25.2  24.2  18.2  21.6  14.8
20260719 114  1.1   938  29  3.1 1536  32  5.3 1528  25.7  31.5 1522  22.0    2  22.0  28.0  22.0  81.5  55.0 1525  26.4   4.3   3.0 -9.00  986.9 1003.8 1006.1 2238 1001.8   22  9.4  4.2 14.4 -9.0 16.83  2.70 1400    1.4   -9.0 -9.00    1.3 -2358    0.9 -2356   -9.0   -9   -9.0   -9   -9.0   -9 -99.0 -99.0 -99.0 -99.0 -99.0
20260719 115  1.9  1649   5  6.0  154   5  9.1  154  23.2  25.0 1331  22.0  156  22.1  24.3  21.6  94.0  90.0 1354  26.7   1.6   1.1 13.17  980.3 1005.4 1006.8 2331 1003.5   10  9.4  0.0 14.4 -9.0  5.23  1.03 1200   12.7    8.4 10.50    4.7 2145    2.3   34   -9.0   -9   -9.0   -9   -9.0   -9  23.6  20.4  18.9  14.2  13.3
20260719 119  1.8  1541  25  3.7 1140  29  5.8 1352  24.9  28.4 1437  22.6  216  20.2  29.3  23.0  76.1  60.0 1438  23.7   5.6   3.9 -9.00  999.4 1003.9 1006.0 2312 1001.4    1  8.1  5.7 14.4 -9.0 21.21  3.09 1300   -9.0    9.8 -9.00   -9.0   -9   -9.0   -9   -9.0   -9   -9.0   -9   -9.0   -9  26.1  24.0  21.9  17.1  14.5
20260719 121  0.9   768  27  3.0   53  27  5.9   48  23.6  29.9 1700  20.9  521  22.5  25.5  21.0  94.0  73.0 1729  27.3   3.2   2.3 -9.00  977.7 1004.8 1007.2 2301 1002.7   26  8.4  2.3 14.4 -9.0 12.69  2.21 1500   29.4   -9.0 -9.00   11.7  150    5.0  219   -9.0   -9   -9.0   -9   -9.0   -9 -99.0 -99.0 -99.0 -99.0 -99.0
20260719 127  0.8   691  23  2.5 1700   2  4.1  958  25.4  31.3 1517  22.7  237  22.7  28.4  23.1  86.0  55.0 1622  27.6   4.1   2.9 -9.00  990.2 1003.2 1005.7 2250 1000.8    1  8.3  3.4 14.4 -9.0 15.02  3.16 1400    3.6   -9.0 -9.00    1.0    1    0.8    1   -9.0   -9   -9.0   -9   -9.0   -9 -99.0 -99.0 -99.0 -99.0 -99.0
20260719 129  1.4  1201  23  2.9 1205  27  4.6 1216  24.8  28.5 1444  21.8  452  20.4  28.1  20.0  78.0  60.0 1340  24.0   4.6   3.2 -9.00 1001.6 1004.5 1006.4 2239 1001.9   19  8.0  4.9 14.4 -9.0 19.60  2.89 1400   -9.0   31.5 -9.00   -9.0   -9   -9.0   -9   -9.0   -9   -9.0   -9   -9.0   -9  26.1  24.1  22.0  17.4  15.4
20260719 130  0.6   550   7  2.3 1153   7  3.2 1133  22.8  24.5 1147  21.5    1  22.3  24.7  21.1  97.8  90.0 1149  27.0  -9.0  -9.0 -9.00 1000.0 1005.6 1007.3 2226 1004.1   44  8.9  0.2 14.4 -9.0 -9.00 -9.00   -9   16.4   -9.0 -9.00    6.0 1327    2.7 1337   -9.0   -9   -9.0   -9   -9.0   -9 -99.0 -99.0 -99.0 -99.0 -99.0
20260719 131  1.3  1104  29  3.0 1416  32  5.6 1408  27.6  32.0 1431  24.2  507  21.9  30.9  26.2  72.3  49.0 1405  26.2   6.5   4.5 -9.00  996.8 1003.4 1005.6 2230 1000.9    2  7.0  6.1 14.4 -9.0 23.70  3.59 1200    0.2   16.4  2.48    0.1   -9    0.1   -9   -9.0   -9   -9.0   -9   -9.0   -9 -99.0 -99.0 -99.0 -99.0 -99.0
20260719 133  1.9  1648  20  4.4 1059  20  6.7 1141  26.1  30.8 1445  23.0  609  21.9  29.3  23.2  78.9  58.0 1446  26.2   4.9   3.5 -9.00  996.4 1004.1 1006.3 2258 1001.6    1  7.9  4.4 14.3 -9.0 19.15  3.25 1300    0.0    0.9  3.50    0.0   -9    0.0   -9   -9.0   -9   -9.0   -9   -9.0   -9  27.7  26.4  24.3  20.1  16.8
20260719 135  1.0   834  25  3.6 1402  27  6.1 1401  25.2  28.4 1439  23.1 2201  23.8  27.8  24.2  92.5  79.0 1442  29.5   3.2   2.3 -9.00  976.2 1003.6 1006.3 2256 1001.0   18  8.9  1.1 14.3 -9.0 12.14  2.27 1400   20.0   -9.0 -9.00   12.3  241    5.3  249   -9.0   -9   -9.0   -9   -9.0   -9 -99.0 -99.0 -99.0 -99.0 -99.0
20260719 136  0.9   804  14  3.2   30  14  5.5   26  24.3  28.1 1744  22.3  512  22.9  24.6  22.2  92.5  82.0 1751  28.0   1.8   1.2 -9.00  989.1 1005.2 1007.1 2255 1002.8   36  9.0  1.2 14.4 -9.0  6.19  2.18 1600   14.4   10.3  8.63    6.0 1411    3.2 1427   -9.0   -9   -9.0   -9   -9.0   -9 -99.0 -99.0 -99.0 -99.0 -99.0
20260719 137  0.4   386  23  1.7  136  25  3.4  108  25.4  29.1 1825  23.2  658  24.1  27.6  23.3  93.5  77.0 1759  30.1   2.3   1.6 -9.00  992.2 1003.2 1005.5 2242 1000.4    1  8.4  1.9 14.3 -9.0  8.63  1.23 1700   22.2   -9.0 -9.00   11.2   48    6.5   55   -9.0   -9   -9.0   -9   -9.0   -9 -99.0 -99.0 -99.0 -99.0 -99.0
20260719 138  1.3  1108   7  3.0 1417   7  5.2 1452  23.0  25.2 1429  22.0    1  21.2  26.6  22.1  90.0  79.0 1448  25.2   2.9   2.0 -9.00 1004.4 1004.9 1006.8 2151 1003.8 1401  8.6  0.3 14.3 -9.0 11.74  1.98 1300    0.3   -9.0  1.75    0.3  725    0.2   -9   -9.0   -9   -9.0   -9   -9.0   -9  25.8  22.4  20.7  17.5  16.3
20260719 140  2.1  1795  27  4.0 1243  27  5.5 1242  25.1  28.6 1614  22.7  343  21.9  28.8  21.4  83.4  68.0 1507  26.3  -9.0  -9.0 -9.00 1001.9 1005.1 1007.0 2301 1002.5   34  7.3  6.1 14.3 -9.0 -9.00 -9.00   -9   -9.0   -9.0 -9.00   -9.0   -9   -9.0   -9   -9.0   -9   -9.0   -9   -9.0   -9 -99.0 -99.0 -99.0 -99.0 -99.0
20260719 143  2.1  1855  14  5.0  135  11  7.4  200  25.6  29.2 1713  22.5  546  23.3  28.0  22.4  87.8  78.0 1443  28.8   2.4   1.7 -9.00  997.5 1003.6 1005.9 2400 1001.9    6  8.6  0.1 14.3 -9.0  7.00  1.25 1400    3.7   -9.0  7.17    2.4  533    2.0  542   -9.0   -9   -9.0   -9   -9.0   -9 -99.0 -99.0 -99.0 -99.0 -99.0
20260719 146  1.3  1164  25  3.2 1837  25  4.9 1753  25.8  31.3 1625  22.6  703  22.4  28.8  12.4  82.5  60.0 1626  27.1   4.9   3.4  0.63  997.5 1004.3 1006.3 2221 1001.9    4  8.1  4.5 14.3 -9.0 16.44  3.11 1400    2.1    0.0  4.58    1.7  146    1.5  236   -9.0   -9   -9.0   -9   -9.0   -9 -99.0 -99.0 -99.0 -99.0 -99.0
20260719 152  1.4  1189  23  3.8 1509  23  6.1 1503  26.7  31.0 1631  23.1  440  23.3  30.9  22.9  82.4  67.0 1648  28.6   3.8   2.7 -9.00  994.9 1004.0 1006.0 2218 1002.7 1452  8.0  2.2 14.3 -9.0 14.54  1.93 1200    0.1   -9.0  0.58    0.1   -9    0.1   -9   -9.0   -9   -9.0   -9   -9.0   -9 -99.0 -99.0 -99.0 -99.0 -99.0
20260719 155  2.2  1868  20  3.9 2047  20  6.8 1437  27.5  30.0 1506  25.2  545  25.6  29.5  25.1  90.0  80.0 1509  32.9   2.7   1.9 -9.00 1000.6 1004.5 1006.5 2328 1002.7    1  8.4  0.2 14.2 -9.0  9.28  1.34 1500    0.1   -9.0  0.93    0.1   -9    0.1   -9   -9.0   -9   -9.0   -9   -9.0   -9 -99.0 -99.0 -99.0 -99.0 -99.0
20260719 156  1.5  1256  18  5.2   47  16  8.8   40  27.8  32.0 1707  25.3   48  25.4  30.1  25.2  87.8  74.0 1713  32.5   2.8   1.9 -9.00  996.1 1003.9 1005.6 2118 1002.0    1  8.0  0.6 14.2 -9.0  9.31  1.33 1400   43.2   -9.0  2.67   34.1 -2353   13.9   20   -9.0   -9   -9.0   -9   -9.0   -9 -99.0 -99.0 -99.0 -99.0 -99.0
20260719 159  2.5  2170  27  7.7 1453  27 11.1 1446  26.7  30.6 1314  24.1  443  24.6  30.5  22.4  88.4  75.0 1245  30.9   3.7   2.6  1.08  996.6 1004.5 1006.3 2252 1002.8    1  9.9  1.0 14.2 -9.0 12.97  2.79 1200    0.0    0.7  2.72    0.0   -9    0.0   -9   -9.0   -9   -9.0   -9   -9.0   -9  26.7  24.3  22.5  18.0  17.6
20260719 162  2.3  2023  18  3.7  659  18  5.4  659  25.7  27.1 1406  24.8  327  24.8  27.4  25.2  94.8  88.0 1413  31.2   1.8   1.2 -9.00 1000.5 1004.0 1006.1 2254 1002.3   10  7.3  0.0 14.2 -9.0  6.26  0.67  900   -9.0   -9.0 -9.00   -9.0   -9   -9.0   -9   -9.0   -9   -9.0   -9   -9.0   -9 -99.0 -99.0 -99.0 -99.0 -99.0
20260719 165  2.0  1770  36  4.2 1844  16  5.4 1805  26.0  29.7 1451  23.7  639  23.9  28.9  23.2  88.9  76.0 1455  29.7   4.7   3.3  4.12  999.4 1004.4 1006.0 2138 1002.2  108  7.5  2.0 14.2 -9.0 17.86  3.43 1300    0.0   -9.0  0.18    0.0   -9    0.0   -9   -9.0   -9   -9.0   -9   -9.0   -9  26.8  24.3  22.7  19.3  16.6
20260719 168  1.8  1517  23  3.4  116  23  5.1  109  27.7  30.5 1455  25.5  621  25.6  33.0  26.7  89.3  78.0 1457  32.9   5.1   3.6 -9.00  997.2 1004.6 1006.6 2245 1003.0    1  7.1  5.5 14.2 -9.0 20.08  3.10 1400    0.0    6.9  0.23    0.0   -9    0.0   -9   -9.0   -9   -9.0   -9   -9.0   -9  28.3  24.8  22.4  18.7  17.1
20260719 169  2.7  2297  32  4.8 2252   5  6.4 2345  25.0  28.9 1223  23.2  434  22.6  28.6  24.0  87.1  72.0 1232  27.4   5.3   3.7 -9.00  996.0 1004.5 1006.4 2243 1002.2   21  8.9  5.2 14.2 -9.0 20.80  3.48 1200    0.0   -9.0  0.22   -9.0   -9   -9.0   -9   -9.0   -9   -9.0   -9   -9.0   -9 -99.0 -99.0 -99.0 -99.0 -99.0
20260719 170  1.0   889  23  2.3    9  16  4.2    2  27.8  32.4 1349  25.4  618  25.4  30.9  26.5  87.4  73.0 1519  32.5   4.0   2.8 -9.00 1000.4 1004.4 1006.3 2219 1002.4    2  5.9  3.2 14.2 -9.0 14.32  2.45 1300    0.1   -9.0 -9.00    0.1   -9    0.1   -9   -9.0   -9   -9.0   -9   -9.0   -9 -99.0 -99.0 -99.0 -99.0 -99.0
20260719 172  1.4  1197  29  4.6 1653  27  6.1 1638  25.7  31.1 1447  23.1  450  22.9  27.8  23.7  85.8  61.0 1315  27.9   4.9   3.4 -9.00  998.1 1004.1 1005.8 2205 1001.7    5  7.8  3.6 14.3 -9.0 17.59  2.99 1400    0.3   -9.0 -9.00    0.3  413    0.1   -9   -9.0   -9   -9.0   -9   -9.0   -9 -99.0 -99.0 -99.0 -99.0 -99.0
20260719 174  0.9   787  16  3.1 1430  18  5.1 1334  26.5  30.1 1418  25.1  548  24.3  29.5  25.7  88.5  73.0 1419  30.4  -9.0  -9.0 -9.00  984.2 1002.7 1004.7 2252 1000.9   16  8.0  0.5 14.2 -9.0 -9.00 -9.00   -9   15.8   -9.0 -9.00   11.1 1609    6.4 1651   -9.0   -9   -9.0   -9   -9.0   -9 -99.0 -99.0 -99.0 -99.0 -99.0
20260719 177  1.9  1603  23  3.9 1227  20  6.5 1353  25.5  29.5 1341  22.8  425  20.9  29.2  22.4  76.4  59.0 1343  24.7   6.0   4.2 -9.00  999.8 1002.9 1005.0 2131 1000.4    4  8.0  7.2 14.4 -9.0 25.32  3.64 1300    0.0   43.2  0.17    0.0   -9    0.0   -9   -9.0   -9   -9.0   -9   -9.0   -9 -99.0 -99.0 -99.0 -99.0 -99.0
20260719 181  1.4  1228  25  3.7 1357  25  5.6 1259  26.0  30.7 1519  23.2  511  22.6  28.9  23.2  82.5  55.0 1347  27.5   5.7   4.0 -9.00 1000.2 1004.0 1006.3 2257 1001.5    1  6.9  6.5 14.4 -9.0 23.43  3.63 1200    0.0   -9.0 -9.00    0.0   -9    0.0   -9   -9.0   -9   -9.0   -9   -9.0   -9 -99.0 -99.0 -99.0 -99.0 -99.0
20260719 184  2.0  1745   2  4.2 1209   5  5.7 1510  29.2  32.1 1506  26.8  519  25.4  37.4  25.6  80.5  70.0 1047  32.4   6.5   4.6 -9.00 1001.3 1003.6 1005.4 2214 1001.8   22  5.6  7.5 14.1 -9.0 23.40  2.99 1200   -9.0   -9.0 -9.00   -9.0   -9   -9.0   -9   -9.0   -9   -9.0   -9   -9.0   -9  29.6  27.0  25.8  23.1  18.3
20260719 185  3.8  3296  16  5.9 1152  14  7.6 1145  27.2  29.3 1137  25.8  110  26.0  31.3  26.4  93.8  85.0 1139  33.6   5.0   3.5 -9.00  996.1 1004.1 1006.2 2302 1002.2    9  4.3  3.4 14.1 -9.0 19.85  3.29 1100   -9.0   -9.0 -9.00   -9.0   -9   -9.0   -9   -9.0   -9   -9.0   -9   -9.0   -9 -99.0 -99.0 -99.0 -99.0 -99.0
20260719 188  2.7  2330  18  5.1 1407  18  6.9 1401  27.6  30.3 1306  26.1  207  26.1  31.7  26.3  92.0  81.0 1321  33.8  -9.0  -9.0 -9.00 1002.4 1004.7 1006.6 2231 1003.0   48  4.9  2.4 14.1 -9.0 -9.00 -9.00   -9   -9.0   -9.0 -9.00   -9.0   -9   -9.0   -9   -9.0   -9   -9.0   -9   -9.0   -9 -99.0 -99.0 -99.0 -99.0 -99.0
20260719 189  1.4  1245  23  3.1 1418  23  4.7 1410  28.2  30.8 1225  26.7  154  26.3  30.6  26.6  90.0  80.0 1226  34.2   3.4   2.4  0.45  999.0 1004.8 1006.7 2232 1003.0   11  9.9  0.1 14.1 -9.0 12.01  2.29 1200   -9.0    0.2 -9.00   -9.0   -9   -9.0   -9   -9.0   -9   -9.0   -9   -9.0   -9 -99.0 -99.0 -99.0 -99.0 -99.0
20260719 192  0.9   783  11  2.2 1658  25  5.2 1149  28.0  31.1 1612  26.2   21  25.6  31.1  25.7  87.3  77.0 1441  32.8   3.6   2.5 -9.00 1000.8 1004.1 1006.3 2305 1002.4   12  7.0  3.1 14.2 -9.0 13.00  1.93 1400    0.2    0.6 -9.00    0.1   -9    0.1   -9   -9.0   -9   -9.0   -9   -9.0   -9 -99.0 -99.0 -99.0 -99.0 -99.0
20260719 201  1.3  1163  25  3.8 1140  27  5.6 1137  23.6  26.4 1347  21.8  218  21.5  25.9  21.1  89.4  69.0 1351  25.7  -9.0  -9.0 -9.00  999.5 1005.0 1006.8 2225 1002.1    4  7.6  2.9 14.5 -9.0 -9.00 -9.00   -9   -9.0   -9.0 -9.00   -9.0   -9   -9.0   -9   -9.0   -9   -9.0   -9   -9.0   -9 -99.0 -99.0 -99.0 -99.0 -99.0
20260719 202  1.1   909  20  2.3 1258  16  4.5 1231  25.7  30.0 1533  22.7  137  21.4  29.2  22.4  78.6  58.0 1448  25.5  -9.0  -9.0 -9.00  998.9 1004.3 1006.4 2217 1002.1    1  8.1  5.1 14.4 -9.0 -9.00 -9.00   -9   -9.0   -9.0 -9.00   -9.0   -9   -9.0   -9   -9.0   -9   -9.0   -9   -9.0   -9 -99.0 -99.0 -99.0 -99.0 -99.0
20260719 203  0.8   648  18  2.9 1334  18  5.7 1523  25.7  30.4 1439  22.4  457  22.5  30.5  22.7  84.4  60.0 1450  27.3  -9.0  -9.0 -9.00  995.4 1004.5 1006.6 2224 1002.3   19  7.3  4.8 14.4 -9.0 -9.00 -9.00   -9    0.0   -9.0 -9.00    0.0   -9    0.0   -9   -9.0   -9   -9.0   -9   -9.0   -9 -99.0 -99.0 -99.0 -99.0 -99.0
20260719 211  1.4  1210   7  3.0 1830   9  5.9 1827  23.8  30.3 1611  20.5  201  20.6  27.4  20.2  83.6  55.0 1626  24.3  -9.0  -9.0 -9.00  981.5 1004.3 1006.6 2253 1002.1 1611  9.0  3.9 14.5 -9.0 -9.00 -9.00   -9    2.3   -9.0 -9.00    1.1  721    0.6  723   -9.0   -9   -9.0   -9   -9.0   -9 -99.0 -99.0 -99.0 -99.0 -99.0
20260719 212  0.9   735  27  3.3 1506  29  5.5 1504  25.3  31.2 1440  21.3  141  20.8  27.3  21.1  78.4  47.0 1501  24.6  -9.0  -9.0 -9.00  988.6 1004.4 1006.7 2246 1002.7    6  8.6  5.3 14.5 -9.0 -9.00 -9.00   -9    0.4   -9.0 -9.00    0.2   -9    0.1   -9   -9.0   -9   -9.0   -9   -9.0   -9 -99.0 -99.0 -99.0 -99.0 -99.0
20260719 216  0.9   781   7  3.1 1333   7  4.6 1326  20.8  25.3 1239  18.8  107  20.1  22.3  18.9  96.1  80.0 1242  23.6   2.5   1.7 -9.00  926.3 1005.2 1007.1 2220 1003.2 1239  8.8  0.5 14.4 -9.0  9.49  1.90 1000   73.3   -9.0 -9.00   39.4  641   10.3  653   -9.0   -9   -9.0   -9   -9.0   -9 -99.0 -99.0 -99.0 -99.0 -99.0
20260719 217  0.6   530  18  3.1 1702   5  4.9 1600  22.9  29.3 1650  20.1  117  21.7  25.3  20.9  93.3  72.0 1655  26.1  -9.0  -9.0 -9.00  970.0 1005.1 1007.1 2240 1003.1 1616  8.0  2.1 14.4 -9.0 -9.00 -9.00   -9   19.9   -9.0 -9.00    9.8  230    2.9  310   -9.0   -9   -9.0   -9   -9.0   -9 -99.0 -99.0 -99.0 -99.0 -99.0
20260719 221  0.8   679  18  2.6 1721  14  3.9 1648  23.4  28.6 1655  21.1  108  22.2  26.8  21.6  93.6  70.0 1656  26.8  -9.0  -9.0 -9.00  974.4 1004.3 1006.7 2306 1002.2    8  8.6  1.7 14.4 -9.0 -9.00 -9.00   -9    7.0   -9.0 -9.00    2.9    1    1.9  433   -9.0   -9   -9.0   -9   -9.0   -9 -99.0 -99.0 -99.0 -99.0 -99.0
20260719 226  0.6   545  23  2.2 1627  23  4.6 1626  25.2  30.2 1634  23.4 2201  23.1  28.0  22.8  89.9  60.0 1445  28.3  -9.0  -9.0 -9.00  984.9 1004.2 1006.6 2229 1001.5   17  8.0  2.8 14.3 -9.0 -9.00 -9.00   -9   15.6   -9.0 -9.00   15.5  324    7.1  325   -9.0   -9   -9.0   -9   -9.0   -9 -99.0 -99.0 -99.0 -99.0 -99.0
20260719 232  1.0   835  29  2.2 1328  29  5.2 1356  25.8  30.4 1515  22.9  547  23.2  31.0  23.0  87.3  62.0 1442  28.5  -9.0  -9.0 -9.00  994.9 1004.5 1006.9 2245 1001.9   17  7.3  7.7 14.4 -9.0 -9.00 -9.00   -9   -9.0   -9.0 -9.00   -9.0   -9   -9.0   -9   -9.0   -9   -9.0   -9   -9.0   -9 -99.0 -99.0 -99.0 -99.0 -99.0
20260719 235  0.9   775  20  3.6 1139  23  5.2 1126  25.1  29.9 1359  21.4  548  21.4  28.6  21.2  81.1  59.0 1346  25.5   5.8   4.0 -9.00 1002.8 1003.9 1005.6 2131 1001.2   32  7.0  8.2 14.3 -9.0 24.55  3.54 1300   -9.0   -9.0 -9.00   -9.0   -9   -9.0   -9   -9.0   -9   -9.0   -9   -9.0   -9 -99.0 -99.0 -99.0 -99.0 -99.0
20260719 236  1.1   952  20  2.7 1452  23  5.0 1302  25.8  30.6 1509  22.6  539  21.9  30.8  23.3  80.3  57.0 1501  26.2  -9.0  -9.0 -9.00 1002.9 1004.4 1006.4 2317 1001.8    2  6.0  8.8 14.3 -9.0 -9.00 -9.00   -9   -9.0   -9.0 -9.00   -9.0   -9   -9.0   -9   -9.0   -9   -9.0   -9   -9.0   -9 -99.0 -99.0 -99.0 -99.0 -99.0
20260719 238  1.0   821  20  2.7 1525  29  5.5 1438  26.0  30.8 1622  23.5  615  23.4  28.3  23.6  86.8  54.0 1628  28.8  -9.0  -9.0 -9.00  984.4 1003.5 1005.8 2227 1000.8    2  8.4  2.5 14.3 -9.0 -9.00 -9.00   -9    3.5   -9.0 -9.00    2.2  243    1.8  327   -9.0   -9   -9.0   -9   -9.0   -9 -99.0 -99.0 -99.0 -99.0 -99.0
20260719 239  1.1   974  14  2.6 1015  32  4.9 1217  25.6  30.5 1449  22.7  601  21.7  30.3  23.2  80.5  59.0 1100  26.1   5.9   4.2 -9.00  993.3 1003.4 1005.8 2249 1001.0    1  6.8  7.7 14.3 -9.0 25.04  3.51 1200   -9.0   -9.0 -9.00   -9.0   -9   -9.0   -9   -9.0   -9   -9.0   -9   -9.0   -9 -99.0 -99.0 -99.0 -99.0 -99.0
20260719 243  1.0   858  32  3.0 1605  36  5.2 1704  25.3  28.9 1401  23.4  458  21.7  28.1  22.5  81.0  64.0 1621  25.9  -9.0  -9.0 -9.00 1003.2 1004.6 1006.5 2246 1002.0   11  7.9  5.1 14.3 -9.0 -9.00 -9.00   -9   -9.0   -9.0 -9.00   -9.0   -9   -9.0   -9   -9.0   -9   -9.0   -9   -9.0   -9 -99.0 -99.0 -99.0 -99.0 -99.0
20260719 244  0.9   760  29  4.7   59  27  7.9   58  25.7  29.5 1609  24.0  809  24.0  27.5  24.5  91.0  74.0 1718  29.8  -9.0  -9.0 -9.00  976.1 1003.8 1005.9 2255 1001.3    2  8.5  1.8 14.3 -9.0 -9.00 -9.00   -9   62.6   -9.0 -9.00   53.0   16   17.4   52   -9.0   -9   -9.0   -9   -9.0   -9 -99.0 -99.0 -99.0 -99.0 -99.0
20260719 245  1.5  1332  36  3.6 1647   5  6.2 1644  25.9  32.3 1544  22.8  631  22.5  31.8  23.1  82.9  57.0 1448  27.2   4.7   3.3 -9.00  996.5 1004.3 1006.2 2253 1001.8    1  8.1  4.7 14.3 -9.0 16.80  3.43 1300    0.6   -9.0 -9.00    0.3  442    0.2   -9   -9.0   -9   -9.0   -9   -9.0   -9 -99.0 -99.0 -99.0 -99.0 -99.0
20260719 247  1.3  1106  25  3.8 1440  27  6.4 1403  27.4  31.1 1439  25.5  446  25.5  29.0  25.4  90.6  71.0 1440  32.6  -9.0  -9.0 -9.00  988.6 1003.6 1005.6 2241 1001.2    9  8.4  2.1 14.3 -9.0 -9.00 -9.00   -9   24.9   -9.0 -9.00    9.4  520    8.2  546   -9.0   -9   -9.0   -9   -9.0   -9 -99.0 -99.0 -99.0 -99.0 -99.0
20260719 248  0.9   761  27  3.0 1512  18  5.4  152  25.3  28.3 1735  23.4 2147  23.9  25.9  22.6  92.8  76.0 1702  29.7  -9.0  -9.0 -9.00  958.9 1004.0 1006.4 2226 1001.6   44  8.6  0.3 14.3 -9.0 -9.00 -9.00   -9   25.9   -9.0 -9.00   10.9  326    4.4  409   -9.0   -9   -9.0   -9   -9.0   -9 -99.0 -99.0 -99.0 -99.0 -99.0
20260719 251  1.2  1029  27  3.6 1655  27  4.8 1640  25.8  31.7 1418  23.2  531  23.5  29.0  23.8  88.4  66.0 1559  29.0   4.5   3.2 -9.00  998.4 1004.1 1006.0 2244 1001.7   11  7.9  4.2 14.3 -9.0 16.74  2.83 1300    0.7   -9.0 -9.00    0.6  426    0.2   -9   -9.0   -9   -9.0   -9   -9.0   -9 -99.0 -99.0 -99.0 -99.0 -99.0
20260719 252  1.0   904  25  3.4 1537  23  5.3 1531  25.7  30.6 1518  23.3  529  22.7  29.8  23.1  84.6  65.0 1425  27.6   5.1   3.6 -9.00  999.9 1004.1 1005.7 2142 1001.7    4  7.5  3.5 14.2 -9.0 18.62  3.17 1400   -9.0   -9.0 -9.00   -9.0   -9   -9.0   -9   -9.0   -9   -9.0   -9   -9.0   -9 -99.0 -99.0 -99.0 -99.0 -99.0
20260719 253  1.7  1500  16  3.7 1102  16  7.1 1107  27.3  29.5  955  25.8  448  26.7  29.7  25.7  97.0  87.0  957  35.1   1.9   1.4 -9.00  999.2 1005.4 1007.3 2349 1003.8    1  8.1  0.3 14.2 -9.0  7.05  1.62  900   -9.0   -9.0 -9.00   -9.0   -9   -9.0   -9   -9.0   -9   -9.0   -9   -9.0   -9 -99.0 -99.0 -99.0 -99.0 -99.0
20260719 254  1.7  1451  25  5.4   55  27  9.7   48  27.0  31.0 1538  25.0  313  25.0  29.6  24.2  89.5  69.0 1540  31.7   4.1   2.9 -9.00  989.7 1004.2 1006.2 2253 1002.0    1  7.6  3.2 14.3 -9.0 15.37  3.19 1300   56.4   -9.0 -9.00   40.0   16   16.8   54   -9.0   -9   -9.0   -9   -9.0   -9 -99.0 -99.0 -99.0 -99.0 -99.0
20260719 255  0.9   745  18  2.3 1425  18  6.1 1244  29.0  30.7 1743  27.7  617  25.7  27.9  25.9  82.8  76.0 1021  33.1   1.6   1.1 -9.00  998.5 1004.2 1006.1 2312 1002.4    4  7.4  0.3 14.2 -9.0  5.22  0.73  800    0.0   -9.0 -9.00    0.0   -9    0.0   -9   -9.0   -9   -9.0   -9   -9.0   -9 -99.0 -99.0 -99.0 -99.0 -99.0
20260719 257  1.8  1517  23  4.1 1113  23  7.7 1105  28.9  32.6 1018  27.4    7  27.0  31.4  26.2  90.1  72.0 1017  35.6   2.8   1.9 -9.00 1003.8 1004.5 1006.4 2316 1003.0    5  7.9  0.5 14.2 -9.0  8.85  1.94 1000   -9.0   -9.0 -9.00   -9.0   -9   -9.0   -9   -9.0   -9   -9.0   -9   -9.0   -9 -99.0 -99.0 -99.0 -99.0 -99.0
20260719 258  1.4  1215  20  3.9 1516  20  5.0 1507  28.2  32.0 1725  26.2  516  26.3  28.7  26.7  90.5  72.0 1730  34.3   3.5   2.5 -9.00 1004.3 1004.5 1006.5 2220 1002.9    5  6.4  2.0 14.2 -9.0 12.58  2.03 1400    1.9   -9.0 -9.00    0.7   -9    0.7  323   -9.0   -9   -9.0   -9   -9.0   -9 -99.0 -99.0 -99.0 -99.0 -99.0
20260719 259  0.9   764  18  2.2 1408  18  4.3 1526  28.0  32.7 1348  26.0  631  26.4  29.9  25.7  92.0  74.0 1353  34.5   3.6   2.5 -9.00 1002.1 1003.9 1005.9 2211 1002.1   52  6.6  1.8 14.2 -9.0 13.06  3.53 1300    8.1   -9.0 -9.00    6.6  346    3.6  434   -9.0   -9   -9.0   -9   -9.0   -9 -99.0 -99.0 -99.0 -99.0 -99.0
20260719 260  1.9  1651  14  4.2 1620  14  6.1 1546  27.3  30.7 1358  25.9  527  26.0  28.2  25.8  93.0  84.0 1307  33.6  -9.0  -9.0 -9.00  999.0 1004.0 1006.0 2216 1002.1  102  6.6  0.7 14.2 -9.0 -9.00 -9.00   -9   10.9   -9.0 -9.00    9.8  452    5.7  456   -9.0   -9   -9.0   -9   -9.0   -9 -99.0 -99.0 -99.0 -99.0 -99.0
20260719 261  1.4  1217  27  3.5 1744  27  4.8 1741  27.5  32.1 1647  25.8  709  25.9  29.8  25.3  91.5  75.0 1615  33.4  -9.0  -9.0 -9.00 1002.6 1004.4 1006.3 2145 1002.5    1  6.8  2.6 14.2 -9.0 -9.00 -9.00   -9    4.1   -9.0 -9.00    4.1  308    4.0  358   -9.0   -9   -9.0   -9   -9.0   -9 -99.0 -99.0 -99.0 -99.0 -99.0
20260719 262  1.3  1149  32  3.4 1143  18  5.4 1619  28.4  32.6 1413  26.1  455  25.7  30.7  27.1  85.9  70.0 1600  33.0   4.1   2.8 -9.00  998.3 1004.2 1006.1 2218 1002.4  105  6.3  4.0 14.2 -9.0 13.96  1.92 1300    0.0   -9.0 -9.00    0.0   -9    0.0   -9   -9.0   -9   -9.0   -9   -9.0   -9 -99.0 -99.0 -99.0 -99.0 -99.0
20260719 263  1.6  1383  20  3.8 1705  20  6.6 1101  28.6  31.5 1546  27.0  428  25.9  31.2  26.0  85.8  76.0 1537  33.4   3.1   2.2 -9.00 1002.6 1004.2 1006.3 2244 1002.4   21  6.9  0.4 14.2 -9.0  9.46  1.55 1300    0.2   -9.0 -9.00    0.2   -9    0.2   -9   -9.0   -9   -9.0   -9   -9.0   -9 -99.0 -99.0 -99.0 -99.0 -99.0
20260719 264  0.7   562  25  2.2 1738  11  3.3 1319  27.1  30.8 1844  25.6 2349  26.2  28.1  25.4  95.5  79.0 1850  34.1   2.4   1.6 -9.00  986.8 1003.8 1006.3 2300 1001.8    6  8.4  1.1 14.3 -9.0  7.90  0.87 1200   28.5   -9.0 -9.00   11.9  637    5.7  655   -9.0   -9   -9.0   -9   -9.0   -9 -99.0 -99.0 -99.0 -99.0 -99.0
20260719 266  1.2  1023  20  2.7 1856  18  4.8 1637  28.2  31.5 1622  26.3  538  26.9  31.8  26.2  93.3  74.0 1514  35.4   2.5   1.7 -9.00  994.7 1004.6 1006.6 2231 1003.0   16  6.8  0.4 14.2 -9.0  9.22  1.38 1300    0.0   -9.0 -9.00    0.0   -9    0.0   -9   -9.0   -9   -9.0   -9   -9.0   -9 -99.0 -99.0 -99.0 -99.0 -99.0
20260719 268  1.2  1016  32  3.2  908  34  4.8  907  26.2  30.4 1435  23.9  827  24.6  28.8  25.0  91.6  75.0 1338  30.9  -9.0  -9.0 -9.00 1002.0 1003.1 1004.7 2129 1001.0    7  7.3  2.3 14.2 -9.0 -9.00 -9.00   -9    0.0   -9.0 -9.00    0.0   -9    0.0   -9   -9.0   -9   -9.0   -9   -9.0   -9 -99.0 -99.0 -99.0 -99.0 -99.0
20260719 271  0.7   608  16  2.7 1749  29  4.2  659  23.1  26.9 1719  20.5  600  22.1  25.1  20.2  95.0  81.0 1727  26.7  -9.0  -9.0 -9.00  968.5 1005.0 1006.8 2222 1003.2  133  8.4  0.3 14.4 -9.0 -9.00 -9.00   -9   45.4   -9.0 -9.00   25.3  754    8.3  755   -9.0   -9   -9.0   -9   -9.0   -9 -99.0 -99.0 -99.0 -99.0 -99.0
20260719 272  0.7   562   5  2.8   23   2  4.2   56  23.8  26.6 1806  21.4  345  23.2  25.7  21.6  97.0  89.0 1510  28.4  -9.0  -9.0 -9.00  980.7 1004.5 1006.5 2215 1002.7    1  8.6  0.4 14.4 -9.0 -9.00 -9.00   -9   87.9   -9.0 -9.00   26.8  327   10.7  339   -9.0   -9   -9.0   -9   -9.0   -9 -99.0 -99.0 -99.0 -99.0 -99.0
20260719 273  0.8   732  11  2.7  115  16  4.6  112  25.4  29.1 1625  23.0  555  24.5  27.2  22.1  95.4  79.0 1801  30.8  -9.0  -9.0 -9.00  984.1 1003.5 1005.8 2247 1000.6   57  8.3  2.1 14.4 -9.0 -9.00 -9.00   -9   73.9   -9.0 -9.00   31.6    1   12.5   35   -9.0   -9   -9.0   -9   -9.0   -9 -99.0 -99.0 -99.0 -99.0 -99.0
20260719 276  1.7  1460  14  3.5  104  14  6.3   59  23.9  26.2 1333  21.9  103  23.8  24.8  21.4 100.0  95.0 1337  29.6   1.6   1.1 -9.00  980.6 1004.1 1006.2 2150 1002.6   58  9.5  0.3 14.3 -9.0  5.18  0.91 1300   19.7   -9.0 -9.00   15.7 1609    7.3 1619   -9.0   -9   -9.0   -9   -9.0   -9 -99.0 -99.0 -99.0 -99.0 -99.0
20260719 277  0.9   783   2  2.7 1643   2  4.5 1516  22.0  24.3 1101  20.9    1  21.4  25.2  21.4  97.1  90.0 1355  25.5  -9.0  -9.0 -9.00 1000.7 1005.4 1007.1 2151 1003.9  153  8.8  0.0 14.4 -9.0 -9.00 -9.00   -9   11.1   -9.0 -9.00    6.2 1653    1.9 1717   -9.0   -9   -9.0   -9   -9.0   -9 -99.0 -99.0 -99.0 -99.0 -99.0
20260719 278  0.8   674  36  2.5 1518  34  5.2 1458  24.9  27.5 1747  23.6  353  24.6  26.4  23.3  98.4  85.0 1806  30.9  -9.0  -9.0 -9.00  994.1 1003.3 1005.3 2203 1001.0  113  9.0  0.7 14.3 -9.0 -9.00 -9.00   -9   53.0   -9.0 -9.00   48.3 1459   21.3 1505   -9.0   -9   -9.0   -9   -9.0   -9 -99.0 -99.0 -99.0 -99.0 -99.0
20260719 279  1.0   835   9  2.6  413  11  4.4  414  26.4  28.4 1320  25.1  547  24.8  27.4  24.7  91.4  84.0 1111  31.3   1.9   1.4 -9.00  998.1 1003.7 1006.1 2329 1001.4    8  8.6  0.2 14.3 -9.0  6.91  1.55 1500   28.6   -9.0 -9.00   18.0 1337    9.2 1401   -9.0   -9   -9.0   -9   -9.0   -9 -99.0 -99.0 -99.0 -99.0 -99.0
20260719 281  1.4  1236   7  2.7  240   9  5.1   17  24.5  28.7 1534  22.0   48  23.2  26.8  21.6  92.9  79.0 1537  28.4  -9.0  -9.0 -9.00  994.1 1005.0 1006.9 2311 1003.6 1531  8.8  0.1 14.3 -9.0 -9.00 -9.00   -9    2.2   -9.0 -9.00    1.2  648    0.8  651   -9.0   -9   -9.0   -9   -9.0   -9 -99.0 -99.0 -99.0 -99.0 -99.0
20260719 283  2.5  2133  36  4.5 1414   2  7.0 1816  25.3  29.5 1548  22.3  311  22.7  27.0  22.3  86.5  74.0 1511  27.7   3.5   2.4 -9.00 1000.4 1005.0 1007.1 2207 1003.7 1535  8.3  0.5 14.3 -9.0 11.66  2.02 1000    0.7   -9.0 -9.00    0.6  212    0.4  219   -9.0   -9   -9.0   -9   -9.0   -9 -99.0 -99.0 -99.0 -99.0 -99.0
20260719 284  1.6  1343  14  4.1 1344  14  5.6 1344  27.1  30.4 1727  25.4  352  25.2  29.2  24.5  89.9  80.0 1822  32.2   3.6   2.5 -9.00  977.2 1002.6 1005.1 2232 1000.8   33  8.0  2.5 14.3 -9.0 13.01  1.94 1300   10.0   -9.0 -9.00    5.8  255    2.4  345   -9.0   -9   -9.0   -9   -9.0   -9 -99.0 -99.0 -99.0 -99.0 -99.0
20260719 285  0.5   444  18  1.7 1348  16  4.3 1343  27.0  30.1 1329  25.0 2146  26.1  29.1  25.4  95.6  80.0 1331  33.9  -9.0  -9.0 -9.00 1001.0 1004.0 1006.3 2238 1002.2   28  8.6  0.0 14.3 -9.0 -9.00 -9.00   -9   41.5   -9.0 -9.00   26.9 2026    9.1 2055   -9.0   -9   -9.0   -9   -9.0   -9 -99.0 -99.0 -99.0 -99.0 -99.0
20260719 288  1.9  1640  18  3.7 1348  25  7.6 1417  29.1  32.4 1621  26.5  501  25.8  30.2  18.1  83.0  71.0 1622  33.2   3.3   2.3 -9.00 1001.8 1002.7 1004.8 2313 1001.1   10  8.0  1.3 14.3 -9.0 10.28  2.28 1400    1.6   -9.0 -9.00    1.4  101    1.2  118   -9.0   -9   -9.0   -9   -9.0   -9 -99.0 -99.0 -99.0 -99.0 -99.0
20260719 289  1.6  1401   7  4.4  118   5  8.2  118  27.3  30.6 1503  25.5  514  26.1  29.8  24.8  93.9  80.0 1522  33.9  -9.0  -9.0 -9.00  989.0 1004.5 1006.8 2309 1002.5   16  8.0  0.6 14.3 -9.0 -9.00 -9.00   -9   14.3   -9.0 -9.00    7.3 1317    2.8  512   -9.0   -9   -9.0   -9   -9.0   -9 -99.0 -99.0 -99.0 -99.0 -99.0
20260719 294  1.8  1538  11  4.3  714  16  8.8  705  27.0  28.4 1133  26.4    2  25.0  28.2  26.4  89.5  81.0 1145  31.7  -9.0  -9.0 -9.00 1000.2 1005.3 1007.3 2255 1003.3   41  7.0  0.2 14.2 -9.0 -9.00 -9.00   -9    0.1   -9.0 -9.00    0.1   -9    0.1   -9   -9.0   -9   -9.0   -9   -9.0   -9 -99.0 -99.0 -99.0 -99.0 -99.0
20260719 295  1.4  1191  20  2.9  102  16  7.2 1416  28.0  31.9 1615  26.3   18  25.2  30.6  25.3  85.4  71.0 1617  32.0  -9.0  -9.0 -9.00  999.2 1004.4 1006.5 2236 1002.7   17  7.1  4.4 14.2 -9.0 -9.00 -9.00   -9    0.0   -9.0 -9.00    0.0   -9    0.0   -9   -9.0   -9   -9.0   -9   -9.0   -9 -99.0 -99.0 -99.0 -99.0 -99.0
20260719 296  2.5  2169  18  4.8 1103  20  7.9 1031  28.0  29.9 1000  26.8    1  26.5  28.8  25.8  92.3  86.0 1003  34.7   2.7   1.9 -9.00 1003.6 1003.9 1005.8 2346 1002.4    1  8.1  0.0 14.2 -9.0  8.92  1.19 1000    0.0   -9.0  0.63    0.0   -9    0.0   -9   -9.0   -9   -9.0   -9   -9.0   -9 -99.0 -99.0 -99.0 -99.0 -99.0
20260720  90  1.4  1193  14  4.0 1540  14  5.6 1548  23.3  25.5 1417  21.8  348  21.8  25.7  22.8  91.8  79.0 1419  26.1   2.2   1.6 -9.00 1005.7 1007.7 1009.0  805 1006.8  121  9.3  0.4 14.5 -9.0  9.07  1.59 1100    5.2   -9.0 -9.00    2.0  947    0.6  941   -9.0   -9   -9.0   -9   -9.0   -9 -99.0 -99.0 -99.0 -99.0 -99.0
20260720  93  0.4   345  23  2.3  750  27  3.7  750  23.8  25.3 1202  23.0  520  23.0  25.6  23.2  95.9  86.0 1102  28.1   1.6   1.1 -9.00  996.3 1007.2 1008.6 1230 1005.6  135  9.5  0.0 14.4 -9.0  6.15  1.07 1000   13.3   22.0 13.17    3.6  841    1.5 2209   -9.0   -9   -9.0   -9   -9.0   -9  26.6  25.3  23.5  19.2  16.1
20260720  95  0.6   481  23  1.7 2400  25  3.8 2344  23.7  26.5 1602  21.5  421  22.9  26.0  22.5  96.4  82.0 1622  28.0   2.1   1.5 -9.00  989.3 1006.9 1008.6  629 1005.6 2358  9.9  2.5 14.5 -9.0  8.31  1.85 1400    7.6   25.4 -9.00    1.7  628    0.5  632   -9.0   -9   -9.0   -9   -9.0   -9 -99.0 -99.0 -99.0 -99.0 -99.0
20260720  98  0.5   455  16  2.8 2342  18  7.5 2321  23.9  26.1 1432  22.3  416  21.6  26.3  22.2  87.9  74.0 1504  25.9   1.7   1.2 -9.00  993.2 1006.3 1008.2 1213 1005.2 2327  9.6  0.2 14.4 -9.0  6.02  1.44 1400   10.8   -9.0 -9.00    3.0  555    1.0  610   -9.0   -9   -9.0   -9   -9.0   -9 -99.0 -99.0 -99.0 -99.0 -99.0
20260720  99  0.9   797  23  2.9 2338  23  6.0 2337  23.4  25.2 1357  21.7  634  23.0  25.8  23.7  98.0  86.0 1400  28.1   1.6   1.1 -9.00 1003.3 1006.8 1008.7 1203 1005.5 2027  9.9  0.0 14.4 -9.0  6.39  1.94 1300   23.5   -9.0 -9.00    4.3 2133    1.7 2225   -9.0   -9   -9.0   -9   -9.0   -9 -99.0 -99.0 -99.0 -99.0 -99.0
20260720 100  0.7   570  25  3.7  902  23  7.0  854  20.5  24.4 1731  18.3 1029  19.9  22.3  19.1  96.5  83.0 1729  23.2   1.8   1.3 -9.00  922.4 1007.7 1009.8 1031 1006.1 1722  9.1  1.5 14.4 -9.0  7.99  1.00  700   29.3   -9.0 -9.00   11.0  947    4.4 1018   -9.0   -9   -9.0   -9   -9.0   -9 -99.0 -99.0 -99.0 -99.0 -99.0
20260720 101  0.8   682  27  2.5 1022  32  3.2  351  23.6  25.3 1217  22.7  521  21.9  25.7  22.4  90.6  80.0 1216  26.3   1.6   1.1 -9.00  997.6 1006.2 1007.6 1229 1004.6  134  9.5  0.0 14.4 -9.0  5.68  0.99 1000   13.3   19.4 -9.00    4.6  840    1.3  921   -9.0   -9   -9.0   -9   -9.0   -9  26.5  24.6  22.3  17.4  15.2
20260720 102  1.9  1603  16  4.5 1142  14  6.8 1137  21.5  22.8  922  20.0 2215  19.8  23.3  20.0  90.6  82.0    2  23.1   1.9   1.4 -9.00 1001.0 1005.2 1006.6 1157 1003.8 2357  9.8  0.0 14.5 -9.0  7.77  1.08 1100    1.9   -9.0 18.42    0.6 1224    0.3 1314   -9.0   -9   -9.0   -9   -9.0   -9 -99.0 -99.0 -99.0 -99.0 -99.0
20260720 104 -9.0    -9  16  3.0 1053  18  4.5 1042  23.2  25.8 1426  21.7   55  22.9 -99.0  -9.0  98.0  90.0 1741  27.9   2.0   1.4 -9.00  998.0 1006.6   -9.0   -9   -9.0   -9  8.8  0.7 14.4 -9.0  8.04  1.24 1400   21.1   21.0  6.83   10.4 1014    5.0  923   -9.0   -9   -9.0   -9   -9.0   -9  24.7  23.8  21.8  16.8  14.5
20260720 105  0.8   678  25  2.7 1043  23  4.2 1036  24.0  26.5 1530  22.4 1055  21.6  26.0  22.5  87.0  74.0 1353  25.8   2.4   1.7 -9.00 1004.6 1007.7 1009.2 1036 1006.8 1848  8.3  0.8 14.4 -9.0  8.72  1.22 1400   13.2   -9.0 -9.00    8.1 1014    3.3 1037   -9.0   -9   -9.0   -9   -9.0   -9  25.8  24.8  23.0  18.3  15.7
20260720 106  1.2  1016   2  2.9  958   5  6.2  955  23.9  27.9 1348  22.5    5  22.7  27.4  21.3  93.8  76.0 1342  27.6   3.8   2.6 -9.00 1003.2 1007.8 1009.6 1114 1006.9  139  7.3  2.9 14.4 -9.0 13.04  2.78 1400   21.7   -9.0 -9.00   21.2 1036   11.8 1112   -9.0   -9   -9.0   -9   -9.0   -9 -99.0 -99.0 -99.0 -99.0 -99.0
20260720 108  1.8  1530   5  3.2 1800   5  6.0 1752  24.3  25.3 2348  23.1 1212  22.5  24.5  22.2  90.0  80.0   10  27.3   1.5   1.0 -9.00  996.8 1006.6 1008.5 1157 1005.2  209  9.9  0.0 14.4 -9.0  4.36  0.73 1400   20.8   38.6 13.17    8.9 1149    3.8 1201   -9.0   -9   -9.0   -9   -9.0   -9  26.4  25.0  24.6  20.7  15.3
20260720 112  1.7  1489  16  5.3 2329  16  9.9 2324  24.7  26.4 2152  23.7 1147  23.9  25.6  22.5  95.5  89.0    2  29.7   1.5   1.1 -9.00  998.1 1006.0 1007.9 1132 1004.6 1750  9.6  0.0 14.4 -9.0  5.71  1.07 1300   19.6   28.0 13.33    7.4 1101    2.4 1147   -9.0   -9   -9.0   -9   -9.0   -9  25.2  24.1  18.2  21.7  14.8
20260720 114  1.0   873  14  2.3  811  18  4.5  803  24.0  27.0 1735  21.8 1230  22.4  25.3  21.9  91.0  81.0 1743  27.1   2.1   1.5 -9.00  989.8 1006.9 1008.6 1224 1005.4  215  8.5  1.7 14.4 -9.0  8.04  1.78 1500   41.1   -9.0 -9.00   23.0 1215   10.4 1222   -9.0   -9   -9.0   -9   -9.0   -9 -99.0 -99.0 -99.0 -99.0 -99.0
20260720 115  1.4  1176  23  3.3 2334  20  5.5 2329  24.4  25.8 1259  23.0   27  23.2  25.6  22.0  93.5  90.0 1220  28.5   2.5   1.7 13.33  983.0 1008.0 1008.9 2119 1006.3  237  7.8  0.0 14.4 -9.0  7.89  1.30 1000    0.8   -9.0  2.00    0.6  100    0.3  110   -9.0   -9   -9.0   -9   -9.0   -9  23.5  20.5  19.1  14.2  13.6
20260720 119  1.8  1528  11  4.4 1320  11  7.7 1320  24.4  27.0 1754  22.3 1321  21.7  25.2  22.6  85.6  75.0 1708  26.0   2.3   1.6 -9.00 1001.7 1006.3 1008.1 1135 1004.9 1751  9.6  1.0 14.4 -9.0  6.46  1.77 1600   48.4   42.2 10.68   34.0 1245   10.1 1314   -9.0   -9   -9.0   -9   -9.0   -9  26.3  24.0  21.9  17.1  14.5
20260720 121  0.8   666  27  4.2 1342  25  8.1 1338  24.1  28.7 1729  21.8 1047  22.8  25.3  21.7  93.3  76.0 1736  27.8   3.4   2.4 -9.00  980.4 1007.5 1009.1 1046 1005.9 1759  8.1  2.6 14.4 -9.0 11.75  1.97 1600    5.2   -9.0 -9.00    2.3 1000    1.9 1035   -9.0   -9   -9.0   -9   -9.0   -9 -99.0 -99.0 -99.0 -99.0 -99.0
20260720 127  1.1   967   7  4.5 1116   9  8.8 1109  24.9  29.5 1620  22.6  312  22.7  27.6  22.2  88.3  69.0 1716  27.6   3.8   2.7 -9.00  993.0 1006.0 1008.0 1222 1004.5 1802  6.5  3.5 14.4 -9.0 12.42  2.98 1400   29.6   -9.0 -9.00   13.2 1919   11.4 1930   -9.0   -9   -9.0   -9   -9.0   -9 -99.0 -99.0 -99.0 -99.0 -99.0
20260720 129  2.1  1849  20  4.7 1709  16  8.6 1718  24.6  29.2 1718  21.3  750  23.5  25.8  20.9  94.0  81.0 1647  29.1   2.1   1.5 -9.00 1003.3 1006.2 1007.9 1117 1005.0 1639  8.8  0.5 14.3 -9.0  7.47  2.03 1400   41.4   12.9 -9.00   12.0  557    4.4  801   -9.0   -9   -9.0   -9   -9.0   -9  26.0  24.6  22.4  17.4  15.5
20260720 130  0.9   778   5  2.8 1155   5  4.8 1240  23.5  25.3 1444  22.5    1  22.7  25.7  21.8  95.6  88.0 1445  27.6  -9.0  -9.0 -9.00 1002.4 1008.0 1009.0 1201 1006.9  119  6.5  0.1 14.4 -9.0 -9.00 -9.00   -9    0.0   -9.0 -9.00    0.0   -9    0.0   -9   -9.0   -9   -9.0   -9   -9.0   -9 -99.0 -99.0 -99.0 -99.0 -99.0
20260720 131  1.5  1317   7  4.2  827   9  8.0  837  26.3  31.0 1612  22.2  848  22.4  27.6  22.8  79.6  63.0 1613  27.1   4.7   3.3 -9.00  999.3 1006.0 1007.4 1101 1004.5 1641  6.9  3.7 14.3 -9.0 15.38  3.22 1300   34.3   18.0  8.53   14.2  821    7.7  837   -9.0   -9   -9.0   -9   -9.0   -9 -99.0 -99.0 -99.0 -99.0 -99.0
20260720 133  1.3  1091  29  4.3  757  29  8.2  751  26.4  31.6 1559  22.3  836  23.4  28.9  22.6  84.8  69.0 1551  28.9   4.9   3.4 -9.00  998.7 1006.4 1007.7 1017 1005.0 1630  7.1  3.9 14.3 -9.0 16.15  2.96 1200    1.3    0.4  4.77    0.7  705    0.7  750   -9.0   -9   -9.0   -9   -9.0   -9  27.8  26.3  24.2  20.0  16.8
20260720 135  1.1   934  16  5.0 1557  16  9.7 1550  26.0  31.8 1358  22.8 2347  24.3  30.6  23.3  90.8  71.0 1130  30.4   4.2   2.9 -9.00  978.4 1005.8 1007.5 2216 1004.3 1533  5.5  3.4 14.3 -9.0 15.38  2.67 1300    6.9   -9.0 -9.00    4.8 1559    4.7 1601   -9.0   -9   -9.0   -9   -9.0   -9 -99.0 -99.0 -99.0 -99.0 -99.0
20260720 136  1.3  1136  29  3.7 1500  29  6.4 1455  26.8  33.5 1311  24.5  629  24.3  27.6  24.2  86.6  63.0 1339  30.3   5.3   3.7 -9.00  991.3 1007.2 1008.5 2156 1005.6 1644  6.8  3.6 14.3 -9.0 17.60  2.68 1100    0.6    0.0  2.75    0.4  415    0.2   -9   -9.0   -9   -9.0   -9   -9.0   -9 -99.0 -99.0 -99.0 -99.0 -99.0
20260720 137  0.4   314  27  2.3 1809  27  4.5 1803  26.8  31.2 1611  24.0  221  25.2  29.9  24.1  91.6  72.0 1616  32.1   4.1   2.9 -9.00  994.5 1005.4 1006.7 2139 1004.0 1626  6.3  3.1 14.3 -9.0 14.86  2.17 1000   39.3   -9.0 -9.00   16.1 1750   11.0 1810   -9.0   -9   -9.0   -9   -9.0   -9 -99.0 -99.0 -99.0 -99.0 -99.0
20260720 138  1.2  1024   9  3.0 1331   7  5.4 1343  23.5  26.0 1334  22.3  157  22.0  27.3  20.9  91.6  79.0 1349  26.5   3.3   2.3 -9.00 1006.8 1007.3 1007.9  645 1006.2  112  6.5  0.0 14.3 -9.0 10.57  2.04 1300   -9.0   -9.0 -9.00   -9.0   -9   -9.0   -9   -9.0   -9   -9.0   -9   -9.0   -9  25.4  22.5  20.8  17.5  16.3
20260720 140  1.8  1551  18  3.8 1707  23  7.3 1738  26.3  30.3 1415  22.5  803  24.2  26.9  21.9  88.8  79.0 1858  30.3  -9.0  -9.0 -9.00 1003.7 1006.8 1007.9 2147 1006.0  157  6.9  4.0 14.3 -9.0 -9.00 -9.00   -9   23.9   -9.0 -9.00   11.6  639    5.4  707   -9.0   -9   -9.0   -9   -9.0   -9 -99.0 -99.0 -99.0 -99.0 -99.0
20260720 143  2.0  1707  14  3.3 1624  14  5.0 1443  28.8  34.4 1407  24.2  544  23.3  32.3  24.0  73.9  49.0 1424  28.5   6.6   4.6 -9.00  999.7 1005.8 1007.2 2305 1004.4 1601  4.4  7.1 14.3 -9.0 22.01  3.40 1300    0.0   -9.0  0.25    0.0   -9    0.0   -9   -9.0   -9   -9.0   -9   -9.0   -9 -99.0 -99.0 -99.0 -99.0 -99.0
20260720 146  1.9  1653  23  5.4 1701  23 11.3 1708  28.2  33.6 1535  24.5  433  23.5  28.8  23.0  76.3  60.0 1643  28.9   6.1   4.3 -9.00  999.2 1006.1 1007.3 2214 1004.9 1519  5.9  4.2 14.3 -9.0 17.88  2.72 1300    0.0    0.0  0.88    0.0   -9    0.0   -9   -9.0   -9   -9.0   -9   -9.0   -9 -99.0 -99.0 -99.0 -99.0 -99.0
20260720 152  1.4  1172  20  3.8 1551  20  6.9 1552  27.9  32.4 1526  24.8  256  23.7  32.3  23.4  79.0  59.0 1528  29.4   6.0   4.2 -9.00  997.4 1006.5 1007.6 2316 1005.1 1658  5.0  5.2 14.2 -9.0 18.29  3.41 1200    0.0   -9.0  0.05    0.0   -9    0.0   -9   -9.0   -9   -9.0   -9   -9.0   -9 -99.0 -99.0 -99.0 -99.0 -99.0
20260720 155  2.3  1988  20  5.5 1738  20  8.6 1738  28.2  31.9 1529  26.2 2358  25.6  32.3  24.9  86.3  70.0 1525  32.8   5.4   3.8 -9.00 1003.4 1007.3 1008.8 2158 1005.9  102  6.4  5.5 14.2 -9.0 19.32  2.74 1400    2.9   -9.0  3.17    2.9  118    2.1  159   -9.0   -9   -9.0   -9   -9.0   -9 -99.0 -99.0 -99.0 -99.0 -99.0
20260720 156  2.8  2385  18  5.4 1430  23 10.2 1322  29.0  32.7 1312  27.1  410  25.4  32.0  25.3  81.3  61.0 1405  32.4   5.3   3.7 -9.00  998.4 1006.3 1007.7 2135 1005.0  233  6.1  3.2 14.2 -9.0 16.15  2.37 1300    0.0   -9.0  0.23    0.0   -9    0.0   -9   -9.0   -9   -9.0   -9   -9.0   -9 -99.0 -99.0 -99.0 -99.0 -99.0
20260720 159  3.5  3003  25  6.1 1449  23 11.4 1441  28.0  31.1 1505  25.7    1  25.2  31.8  23.4  85.6  70.0 1613  32.1   5.5   3.9  0.35  999.3 1007.1 1008.3 2138 1005.6  128  5.5  4.0 14.2 -9.0 18.58  2.72 1500    0.7    0.0  0.45    0.7  840    0.6  843   -9.0   -9   -9.0   -9   -9.0   -9  26.8  24.3  22.6  18.0  17.6
20260720 162  2.4  2108  23  5.9 1342  20  9.0 1337  26.8  30.0 1724  25.1    7  25.0  28.4  24.9  90.3  74.0 1727  31.6   3.6   2.5 -9.00 1003.4 1006.9 1008.4 2230 1005.2  248  5.5  1.4 14.2 -9.0 13.47  1.83 1300    1.6   -9.0 -9.00    1.6  324    1.6  404   -9.0   -9   -9.0   -9   -9.0   -9 -99.0 -99.0 -99.0 -99.0 -99.0
20260720 165  3.5  3047  20  6.4 1519  23 10.8 1516  27.9  31.2 1601  24.8    1  25.1  29.2  23.4  85.8  69.0 1557  31.9   4.5   3.1 -9.00 1001.3 1006.3 1007.6 2132 1005.1  221  5.6  2.1 14.2 -9.0 14.45  2.49 1500    1.6    1.6  1.13    1.6 1143    1.1 1201   -9.0   -9   -9.0   -9   -9.0   -9  27.3  24.1  22.8  19.3  16.8
20260720 168  2.7  2354  23  6.7 1625  23  9.0 1652  27.6  30.0 1500  26.0  548  25.7  32.7  27.1  89.5  78.0 1512  32.9   5.0   3.5  0.40 1000.2 1007.6 1009.1 2202 1005.8  212  5.9  5.2 14.2 -9.0 18.94  2.79 1400    6.9    0.0  1.23    6.9  221    6.8  231   -9.0   -9   -9.0   -9   -9.0   -9  28.7  25.0  22.5  18.8  17.1
20260720 169  6.9  5939  16 10.8 1914  18 14.9 1913  25.5  29.1 1233  22.8  354  24.1  27.7  24.1  92.1  78.0 1253  30.0   3.6   2.5  5.13  997.0 1005.5 1006.5 2218 1004.3  325  8.4  0.8 14.2 -9.0 13.61  1.80 1200    0.4   -9.0  0.28    0.4 2118    0.4 2120   -9.0   -9   -9.0   -9   -9.0   -9 -99.0 -99.0 -99.0 -99.0 -99.0
20260720 170  2.2  1910  16  4.3 1122  27  8.9 1142  28.7  32.9 1212  25.3  415  24.9  34.2  26.2  81.3  61.0 1653  31.6   6.8   4.8 -9.00 1003.0 1006.9 1008.4 2147 1005.2  235  3.4  9.0 14.2 -9.0 24.05  3.62 1300   -9.0   -9.0 -9.00   -9.0   -9   -9.0   -9   -9.0   -9   -9.0   -9   -9.0   -9 -99.0 -99.0 -99.0 -99.0 -99.0
20260720 172  3.1  2687  20  6.9 1623  20 10.2 1616  28.4  31.4 1512  23.8    1  24.7  28.4  24.0  81.4  65.0 1616  31.1   5.5   3.8 -9.00  999.8 1005.7 1007.1 2152 1004.8  221  6.4  3.8 14.2 -9.0 17.08  2.66 1400    0.6   -9.0 -9.00    0.6   -9    0.6 1259   -9.0   -9   -9.0   -9   -9.0   -9 -99.0 -99.0 -99.0 -99.0 -99.0
20260720 174  1.6  1371  16  3.4 1422  16  7.4 1420  26.9  30.9 1341  24.9 2132  23.5  29.0  25.3  81.9  67.0 1432  28.9  -9.0  -9.0 -9.00  987.1 1005.6 1007.1 2143 1003.9  232  6.0  2.4 14.2 -9.0 -9.00 -9.00   -9    0.2   -9.0 -9.00    0.2  346    0.1  352   -9.0   -9   -9.0   -9   -9.0   -9 -99.0 -99.0 -99.0 -99.0 -99.0
20260720 177  1.7  1436  18  3.8 1800  20  8.7 1807  25.2  29.2 1758  20.8  728  23.0  26.6  20.7  88.4  82.0 1759  28.3   2.5   1.7 -9.00 1001.8 1005.0 1006.6  608 1003.7 1655  8.3  0.8 14.3 -9.0  8.50  1.92 1500   43.8    4.0  8.92   18.6  633    7.6  722   -9.0   -9   -9.0   -9   -9.0   -9 -99.0 -99.0 -99.0 -99.0 -99.0
20260720 181  1.7  1499   5  5.4  903   7  8.3  858  24.4  29.2 1619  21.0  856  22.6  26.7  21.7  90.0  71.0 1648  27.4   3.9   2.7 -9.00 1002.8 1006.6 1008.1  928 1005.4  132  7.3  3.7 14.3 -9.0 14.24  2.64 1300   23.6   -9.0 -9.00   10.9  843    6.6  843   -9.0   -9   -9.0   -9   -9.0   -9 -99.0 -99.0 -99.0 -99.0 -99.0
20260720 184  3.3  2817  25  7.9 1000   5 13.4 1459  30.7  35.9 1354  27.3  501  23.5  39.5  26.1  67.5  42.0 1355  28.9  10.1   7.1 -9.00 1003.4 1005.7 1006.8 2145 1004.1  150  3.3 11.4 14.1 -9.0 28.01  3.55 1200   -9.0   -9.0 -9.00   -9.0   -9   -9.0   -9   -9.0   -9   -9.0   -9   -9.0   -9  29.9  27.7  26.0  22.9  18.4
20260720 185  7.3  6280  14 10.5 1742  14 13.3 1728  27.5  29.6 1347  25.9  639  25.5  31.7  26.1  89.5  79.0 1348  32.6   6.2   4.3 -9.00  998.4 1006.5 1007.5 2133 1004.6  150  1.8  7.9 14.1 -9.0 24.01  3.49 1200    0.0   -9.0 -9.00    0.0   -9    0.0   -9   -9.0   -9   -9.0   -9   -9.0   -9 -99.0 -99.0 -99.0 -99.0 -99.0
20260720 188  3.7  3226  20  7.2 1121  20 10.9 1125  28.0  31.7 1220  25.7   19  25.8  31.1  26.1  88.5  69.0 1238  33.3  -9.0  -9.0 -9.00 1005.2 1007.5 1008.8 2124 1005.4  211  2.3  4.1 14.1 -9.0 -9.00 -9.00   -9   -9.0   -9.0 -9.00   -9.0   -9   -9.0   -9   -9.0   -9   -9.0   -9   -9.0   -9 -99.0 -99.0 -99.0 -99.0 -99.0
20260720 189  1.8  1583  20  3.7 1351  23  6.9  700  28.9  31.8 1301  26.8  701  26.0  33.2  26.7  84.9  71.0 1346  33.6   5.3   3.7 -9.00 1002.0 1007.8 1009.1 2216 1005.6  146  8.3  5.4 14.1 -9.0 20.32  3.29 1300    0.2   -9.0  0.85    0.2   -9    0.2   -9   -9.0   -9   -9.0   -9   -9.0   -9 -99.0 -99.0 -99.0 -99.0 -99.0
20260720 192  1.1   968  14  2.8 1223  20  7.5 1548  28.6  32.4 1454  26.2 2342  25.4  34.6  24.5  83.6  68.0 1530  32.4   6.1   4.3 -9.00 1003.7 1007.0 1008.5 2146 1005.5  128  2.4  7.8 14.2 -9.0 23.12  2.81 1400    0.6   -9.0 -9.00    0.6   -9    0.6  434   -9.0   -9   -9.0   -9   -9.0   -9 -99.0 -99.0 -99.0 -99.0 -99.0
20260720 201  1.2  1058  23  5.8 2343  25 12.7 2323  23.7  26.4 2325  22.0   26  23.4  24.8  22.2  98.4  91.0 2359  28.8  -9.0  -9.0 -9.00 1001.4 1006.8 1008.7 1059 1005.4 2248 10.0  0.0 14.4 -9.0 -9.00 -9.00   -9   30.3   -9.0 -9.00   10.4 1739    3.9 1755   -9.0   -9   -9.0   -9   -9.0   -9 -99.0 -99.0 -99.0 -99.0 -99.0
20260720 202  1.0   829  18  3.2  931  20  4.4  925  23.3  25.4 1747  21.7  911  22.1  25.1  21.8  93.5  84.0 1758  26.6  -9.0  -9.0 -9.00 1001.8 1007.2 1008.6 1154 1005.6  218  9.5  0.7 14.4 -9.0 -9.00 -9.00   -9   16.9   -9.0 -9.00    4.9  808    2.4 1406   -9.0   -9   -9.0   -9   -9.0   -9 -99.0 -99.0 -99.0 -99.0 -99.0
20260720 203  0.4   348   5  1.8 1451   7  3.3 1444  23.4  26.0 1636  21.2  833  23.1  25.8  21.3  98.9  88.0 1704  28.3  -9.0  -9.0 -9.00  998.3 1007.4 1009.1 1224 1005.8  210  9.0  0.6 14.4 -9.0 -9.00 -9.00   -9   38.1   -9.0 -9.00   16.9  726    4.2  751   -9.0   -9   -9.0   -9   -9.0   -9 -99.0 -99.0 -99.0 -99.0 -99.0
20260720 211  0.8   656   5  1.4 1106   7  2.7   33  22.6  24.5 1344  21.5  538  21.4  24.7  20.8  93.6  84.0 1206  25.5  -9.0  -9.0 -9.00  984.0 1007.0 1008.3  737 1006.0  129  9.6  0.0 14.5 -9.0 -9.00 -9.00   -9    9.1   -9.0 -9.00    3.9  922    1.0 1446   -9.0   -9   -9.0   -9   -9.0   -9 -99.0 -99.0 -99.0 -99.0 -99.0
20260720 212  0.5   419  11  2.0  957  16  4.0  956  23.2  24.8 1751  21.8  931  22.0  24.1  21.7  93.0  87.0 1754  26.4  -9.0  -9.0 -9.00  991.5 1007.5 1008.9 1223 1006.1  145  9.3  0.1 14.4 -9.0 -9.00 -9.00   -9   18.9   -9.0 -9.00    5.7 1205    2.0 1240   -9.0   -9   -9.0   -9   -9.0   -9 -99.0 -99.0 -99.0 -99.0 -99.0
20260720 216  0.9   794   5  2.7 1218   5  5.7 1216  22.1  25.5 1526  20.3  328  20.9  24.3  21.0  93.6  77.0 1526  24.8   2.3   1.6 -9.00  928.6 1007.4 1008.7 1207 1005.9 1705  8.1  0.7 14.4 -9.0  8.66  1.38 1300    9.8   -9.0 -9.00    5.6 1033    3.5 1118   -9.0   -9   -9.0   -9   -9.0   -9 -99.0 -99.0 -99.0 -99.0 -99.0
20260720 217  0.9   769   2  4.1 1028  36  7.3 1011  23.4  27.3 1655  21.6  424  21.5  26.0  23.1  89.6  72.0 1657  25.6  -9.0  -9.0 -9.00  972.7 1007.8 1009.3 1136 1006.6  119  8.6  1.0 14.4 -9.0 -9.00 -9.00   -9    2.3   -9.0 -9.00    1.0 1131    0.7 1128   -9.0   -9   -9.0   -9   -9.0   -9 -99.0 -99.0 -99.0 -99.0 -99.0
20260720 221  0.9   789  23  2.9  707  25  6.2 1307  23.5  27.1 1732  21.3 1042  22.5  26.2  21.8  94.8  77.0 1639  27.2  -9.0  -9.0 -9.00  977.2 1007.0 1008.6 1041 1005.7  217  7.4  3.3 14.4 -9.0 -9.00 -9.00   -9   35.9   -9.0 -9.00   12.7 1947    7.1 2011   -9.0   -9   -9.0   -9   -9.0   -9 -99.0 -99.0 -99.0 -99.0 -99.0
20260720 226  0.9   752  27  3.2 1812  27  6.6 1802  25.2  31.4 1641  22.8  348  23.9  28.5  22.6  93.3  69.0 1549  29.7  -9.0  -9.0 -9.00  987.3 1006.6 1007.7 2127 1004.8 1646  7.0  4.3 14.3 -9.0 -9.00 -9.00   -9    4.6   -9.0 -9.00    3.7 1745    2.6 1752   -9.0   -9   -9.0   -9   -9.0   -9 -99.0 -99.0 -99.0 -99.0 -99.0
20260720 232  1.2  1008   7  3.1 1521   5  5.9  754  24.5  29.1 1633  21.1  939  23.6  28.0  21.2  95.3  79.0 1604  29.3  -9.0  -9.0 -9.00  997.5 1007.2 1008.9  729 1005.8 1655  8.8  2.1 14.3 -9.0 -9.00 -9.00   -9   64.9   -9.0 -9.00   33.8  905   11.8  925   -9.0   -9   -9.0   -9   -9.0   -9 -99.0 -99.0 -99.0 -99.0 -99.0
20260720 235  2.9  2485  20  6.6 1731  20  9.9 1542  26.2  31.5 1438  21.7  620  23.6  27.3  21.9  86.4  70.0 1441  29.2   4.2   3.0 -9.00 1004.3 1005.4 1006.7  643 1004.5 1509  7.6  2.3 14.3 -9.0 13.04  2.48 1500   18.8   -9.0 -9.00    6.4  538    4.8  537   -9.0   -9   -9.0   -9   -9.0   -9 -99.0 -99.0 -99.0 -99.0 -99.0
20260720 236  1.3  1090  32  3.7  753  36  6.9  735  26.0  31.0 1620  21.3  814  23.6  28.7  21.4  87.5  71.0 1622  29.3  -9.0  -9.0 -9.00 1005.0 1006.5 1007.8 1035 1005.5  203  7.0  3.7 14.3 -9.0 -9.00 -9.00   -9   65.3   -9.0 -9.00   53.7  729   13.6  743   -9.0   -9   -9.0   -9   -9.0   -9 -99.0 -99.0 -99.0 -99.0 -99.0
20260720 238  1.0   877  18  3.0 1514  29  5.5 1034  27.1  33.8 1603  23.6  522  23.9  29.7  23.1  83.6  57.0 1507  29.7  -9.0  -9.0 -9.00  986.6 1005.6 1007.0 2205 1004.0 1545  5.4  5.9 14.3 -9.0 -9.00 -9.00   -9    0.0   -9.0 -9.00    0.0   -9    0.0   -9   -9.0   -9   -9.0   -9   -9.0   -9 -99.0 -99.0 -99.0 -99.0 -99.0
20260720 239  1.2  1035  32  3.7  719  32  6.3  722  24.8  30.7 1619  21.4 1002  23.4  28.8  21.8  92.9  70.0 1602  28.9   3.9   2.8 -9.00  995.8 1006.0 1007.5  915 1004.4 1615  6.9  3.5 14.3 -9.0 14.73  3.09 1300   25.4   -9.0 -9.00   15.2  815    7.9  816   -9.0   -9   -9.0   -9   -9.0   -9 -99.0 -99.0 -99.0 -99.0 -99.0
20260720 243  1.5  1326  20  4.5 1702  16  7.2 1644  27.2  31.6 1319  24.1  433  23.4  26.8  23.0  80.1  65.0 1320  28.7  -9.0  -9.0 -9.00 1004.9 1006.3 1007.5 2205 1005.3  230  6.0  4.3 14.3 -9.0 -9.00 -9.00   -9    2.2   -9.0 -9.00    2.2 1336    2.1 1357   -9.0   -9   -9.0   -9   -9.0   -9 -99.0 -99.0 -99.0 -99.0 -99.0
20260720 244  1.5  1275  27  4.2 1646  29  8.3 1639  26.6  30.8 1337  24.3   21  24.0  28.1  23.6  86.4  68.0 1345  29.9  -9.0  -9.0 -9.00  978.5 1006.1 1007.8 2144 1005.0  209  5.5  3.7 14.2 -9.0 -9.00 -9.00   -9    1.6   -9.0 -9.00    1.1   -9    1.0 1454   -9.0   -9   -9.0   -9   -9.0   -9 -99.0 -99.0 -99.0 -99.0 -99.0
20260720 245  2.3  1959  18  6.4 1601  23 11.0 1753  27.9  32.2 1713  24.1  437  23.7  29.3  23.3  78.9  60.0 1722  29.4   5.7   4.0 -9.00  998.3 1006.0 1007.3 2206 1005.0  237  6.3  3.8 14.2 -9.0 13.85  2.01 1500    0.1   -9.0 -9.00    0.1   -9    0.1   -9   -9.0   -9   -9.0   -9   -9.0   -9 -99.0 -99.0 -99.0 -99.0 -99.0
20260720 247  2.3  1985  23  5.4 1241  25  8.7 1627  28.6  32.6 1405  25.6  454  24.2  28.4  25.2  78.1  65.0 1342  30.2  -9.0  -9.0 -9.00  991.2 1006.1 1007.7 2144 1004.9  208  5.8  4.2 14.2 -9.0 -9.00 -9.00   -9    0.4   -9.0 -9.00    0.3   -9    0.3 1448   -9.0   -9   -9.0   -9   -9.0   -9 -99.0 -99.0 -99.0 -99.0 -99.0
20260720 248  1.3  1093  16  4.2 1630   9  8.1 1625  26.3  30.8 1428  22.3 2316  23.1  27.2  21.1  84.0  63.0 1430  28.3  -9.0  -9.0 -9.00  961.4 1006.4 1008.6 2219 1005.2 1453  5.5  3.2 14.2 -9.0 -9.00 -9.00   -9   16.4   -9.0 -9.00   16.2 1534   12.6 1617   -9.0   -9   -9.0   -9   -9.0   -9 -99.0 -99.0 -99.0 -99.0 -99.0
20260720 251  2.4  2106  18  5.7 1458  20  9.6 1432  27.8  31.1 1312  23.8  308  25.0  28.6  23.8  85.1  74.0 1637  31.8   4.1   2.9 -9.00 1000.2 1005.8 1007.3 2127 1004.9  230  6.9  1.9 14.2 -9.0 12.43  1.99 1400    2.2   -9.0 -9.00    2.2   -9    2.2 1410   -9.0   -9   -9.0   -9   -9.0   -9 -99.0 -99.0 -99.0 -99.0 -99.0
20260720 252  2.2  1882  20  5.2 1625  20  9.1 1616  27.9  31.5 1459  24.0  333  24.4  29.2  23.2  82.1  70.0 1504  30.7   4.7   3.3 -9.00 1001.6 1005.8 1007.1 2139 1004.7  251  6.5  3.1 14.2 -9.0 15.72  2.30 1400    0.3   -9.0 -9.00    0.3  622    0.3  712   -9.0   -9   -9.0   -9   -9.0   -9 -99.0 -99.0 -99.0 -99.0 -99.0
20260720 253  2.0  1754  16  4.2 1240  16  7.2 1236  28.7  33.0 1632  26.4  412  26.4  32.1  24.7  88.3  66.0 1615  34.4   4.7   3.3 -9.00 1001.9 1008.0 1009.4 2157 1006.6  117  5.0  4.5 14.2 -9.0 17.20  2.00 1500   -9.0   -9.0 -9.00   -9.0   -9   -9.0   -9   -9.0   -9   -9.0   -9   -9.0   -9 -99.0 -99.0 -99.0 -99.0 -99.0
20260720 254  1.5  1306  16  3.9 1345  20  8.0 1541  28.4  32.1 1317  25.6   58  24.0  29.4  24.5  77.9  63.0 1307  29.8   5.2   3.7 -9.00  992.2 1006.7 1008.2 2214 1005.5  243  5.5  3.6 14.2 -9.0 16.21  2.48 1300    2.7   -9.0 -9.00    2.7   -9    2.7 1413   -9.0   -9   -9.0   -9   -9.0   -9 -99.0 -99.0 -99.0 -99.0 -99.0
20260720 255  1.1   946  18  2.7 1705  18  6.2 1702  29.6  33.7 1510  27.6 2336  25.3  30.7  23.9  78.9  64.0 1513  32.3   4.5   3.2 -9.00 1001.2 1006.9 1008.4 2157 1005.4  308  4.4  4.1 14.2 -9.0 15.39  2.41 1500   -9.0   -9.0 -9.00   -9.0   -9   -9.0   -9   -9.0   -9   -9.0   -9   -9.0   -9 -99.0 -99.0 -99.0 -99.0 -99.0
20260720 257  2.5  2165  23  4.4 1151  20  8.8 1151  29.6  33.0 1015  27.4  452  26.5  32.3  25.3  84.3  66.0 1143  34.6   5.1   3.6 -9.00 1006.5 1007.2 1008.6 2207 1005.8  125  4.8  3.9 14.2 -9.0 16.45  2.50 1000   -9.0   -9.0 -9.00   -9.0   -9   -9.0   -9   -9.0   -9   -9.0   -9   -9.0   -9 -99.0 -99.0 -99.0 -99.0 -99.0
20260720 258  2.4  2034  25  4.8 1414  25  7.3 1413  28.5  32.4 1439  26.4  523  25.7  29.5  25.4  85.9  69.0 1601  33.1   5.5   3.8 -9.00 1007.2 1007.4 1009.0 2324 1005.7  218  5.4  5.6 14.2 -9.0 20.19  2.69 1300    0.2   -9.0 -9.00    0.2   -9    0.2   -9   -9.0   -9   -9.0   -9   -9.0   -9 -99.0 -99.0 -99.0 -99.0 -99.0
20260720 259  1.2   997  23  3.5 1503  20  7.5 1501  28.3  32.0 1450  25.9 2356  25.6  29.7  24.8  86.3  67.0 1451  32.8   3.6   2.5 -9.00 1004.7 1006.5 1008.0 2312 1004.8  241  5.5  1.5 14.2 -9.0 12.30  1.86 1400    0.2   -9.0 -9.00    0.2   -9    0.2   -9   -9.0   -9   -9.0   -9   -9.0   -9 -99.0 -99.0 -99.0 -99.0 -99.0
20260720 260  2.7  2357  16  4.6 1207  25  7.6 1545  28.0  31.4 1657  25.9  512  25.5  29.2  25.6  87.0  69.0 1753  32.7  -9.0  -9.0 -9.00 1001.7 1006.7 1008.2 2307 1005.0  223  5.5  3.5 14.2 -9.0 -9.00 -9.00   -9    0.0   -9.0 -9.00    0.0   -9    0.0   -9   -9.0   -9   -9.0   -9   -9.0   -9 -99.0 -99.0 -99.0 -99.0 -99.0
20260720 261  2.8  2447  23  5.8 1246  20 10.0 1327  28.2  31.2 1314  25.7    2  25.6  31.5  25.1  86.4  75.0 1826  32.8  -9.0  -9.0 -9.00 1005.0 1006.9 1008.3 2145 1005.2  235  5.0  5.0 14.2 -9.0 -9.00 -9.00   -9   -9.0   -9.0 -9.00   -9.0   -9   -9.0   -9   -9.0   -9   -9.0   -9   -9.0   -9 -99.0 -99.0 -99.0 -99.0 -99.0
20260720 262  2.0  1761  18  4.6 1301  20  9.3 1446  28.8  32.1 1155  26.2  449  25.0  32.0  26.6  81.3  66.0 1533  31.7   5.6   3.9 -9.00 1001.2 1007.0 1008.5 2135 1005.2  224  4.1  6.2 14.2 -9.0 19.54  2.73 1200   -9.0   -9.0 -9.00   -9.0   -9   -9.0   -9   -9.0   -9   -9.0   -9   -9.0   -9 -99.0 -99.0 -99.0 -99.0 -99.0
20260720 263  2.2  1901  20  4.7  959  20  8.1  957  29.3  33.1 1430  26.6  358  25.6  32.9  24.5  81.4  65.0 1353  32.8   5.6   3.9 -9.00 1005.3 1006.9 1008.5 2205 1005.6  223  4.5  3.6 14.2 -9.0 17.55  2.61 1300    0.1   -9.0 -9.00    0.1   -9    0.1   -9   -9.0   -9   -9.0   -9   -9.0   -9 -99.0 -99.0 -99.0 -99.0 -99.0
20260720 264  1.0   869  29  3.7 1103  34  6.4 1730  28.4  33.4 1419  24.1 2359  25.5  31.0  23.7  85.8  65.0 1620  32.7   5.8   4.0 -9.00  989.4 1006.4 1008.3 2221 1005.0 1608  5.3  5.8 14.3 -9.0 20.54  3.14 1200   -9.0   -9.0 -9.00   -9.0   -9   -9.0   -9   -9.0   -9   -9.0   -9   -9.0   -9 -99.0 -99.0 -99.0 -99.0 -99.0
20260720 266  1.5  1324  25  3.9 1632  23  7.3 1523  28.4  31.6 1331  26.3 2350  26.4  31.8  25.1  90.1  69.0 1538  34.4   4.2   3.0 -9.00  997.7 1007.6 1009.2 2157 1005.8  229  4.6  3.6 14.2 -9.0 15.69  2.53 1300    0.3   -9.0 -9.00    0.2  237    0.1  257   -9.0   -9   -9.0   -9   -9.0   -9 -99.0 -99.0 -99.0 -99.0 -99.0
20260720 268  2.5  2149  20  5.1 1408  20  8.9 1525  27.5  30.5 1419  25.4    1  25.1  29.4  25.1  87.0  75.0 1417  31.8  -9.0  -9.0 -9.00 1004.1 1005.2 1006.5 2125 1003.8  215  5.0  2.9 14.2 -9.0 -9.00 -9.00   -9   -9.0   -9.0 -9.00   -9.0   -9   -9.0   -9   -9.0   -9   -9.0   -9   -9.0   -9 -99.0 -99.0 -99.0 -99.0 -99.0
20260720 271  0.5   462  20  2.7 1318  25  4.6 1316  24.8  29.3 1257  22.8  249  23.7  26.0  22.4  93.8  74.0 1301  29.3  -9.0  -9.0 -9.00  970.9 1007.2 1008.4 2137 1005.8 1353  7.9  1.4 14.4 -9.0 -9.00 -9.00   -9    8.9   -9.0 -9.00    6.0 1413    2.9 1424   -9.0   -9   -9.0   -9   -9.0   -9 -99.0 -99.0 -99.0 -99.0 -99.0
20260720 272  0.6   533  32  4.0 1037  29  7.3 1514  25.3  29.3 1617  23.0   27  24.5  28.1  23.0  96.1  79.0 1729  30.7  -9.0  -9.0 -9.00  982.9 1006.7 1007.7 2125 1005.2 1822  7.5  1.8 14.4 -9.0 -9.00 -9.00   -9    5.0   -9.0 -9.00    1.9  743    1.4 1938   -9.0   -9   -9.0   -9   -9.0   -9 -99.0 -99.0 -99.0 -99.0 -99.0
20260720 273  0.6   561  29  2.1 1344  27  5.1 1839  26.1  31.3 1640  24.2  351  25.1  28.4  23.6  95.4  72.0 1647  32.0  -9.0  -9.0 -9.00  986.4 1005.8 1007.0 2238 1004.2 1733  6.6  2.0 14.3 -9.0 -9.00 -9.00   -9   13.4   -9.0 -9.00   11.6 1745    7.5 1835   -9.0   -9   -9.0   -9   -9.0   -9 -99.0 -99.0 -99.0 -99.0 -99.0
20260720 276  1.5  1276  14  4.6 1552  14  7.6 1540  26.6  33.0 1334  23.0 2342  24.8  27.4  21.8  91.5  66.0 1335  31.5   5.1   3.5 -9.00  982.9 1006.2 1007.8 2144 1004.5 1519  4.6  3.6 14.3 -9.0 18.08  3.12 1100    0.0   -9.0 -9.00    0.0   -9    0.0   -9   -9.0   -9   -9.0   -9   -9.0   -9 -99.0 -99.0 -99.0 -99.0 -99.0
20260720 277  1.1   938   2  3.3 1315   7  5.6 1417  23.1  25.9 1115  21.6   45  22.3  26.2  22.0  95.6  84.0 1228  26.9  -9.0  -9.0 -9.00 1003.2 1007.8 1008.6 1149 1006.7  112  4.9  0.0 14.3 -9.0 -9.00 -9.00   -9   -9.0   -9.0 -9.00   -9.0   -9   -9.0   -9   -9.0   -9   -9.0   -9   -9.0   -9 -99.0 -99.0 -99.0 -99.0 -99.0
20260720 278  0.9   769  20  3.0 1315  23  6.8 1309  28.5  34.2 1600  24.7  141  25.2  30.5  24.1  84.6  59.0 1604  32.1  -9.0  -9.0 -9.00  996.1 1005.2 1006.5 2137 1003.6 1632  5.5  4.8 14.3 -9.0 -9.00 -9.00   -9    0.0   -9.0 -9.00    0.0   -9    0.0   -9   -9.0   -9   -9.0   -9   -9.0   -9 -99.0 -99.0 -99.0 -99.0 -99.0
20260720 279  1.2  1074  23  3.9 1341  25  7.2 1312  28.9  34.7 1604  25.5  300  24.7  30.3  24.9  79.9  55.0 1358  31.1   5.8   4.1 -9.00 1000.3 1005.8 1007.3 2251 1004.3 1557  4.5  5.5 14.3 -9.0 18.87  3.08 1300   -9.0   -9.0 -9.00   -9.0   -9   -9.0   -9   -9.0   -9   -9.0   -9   -9.0   -9 -99.0 -99.0 -99.0 -99.0 -99.0
20260720 281  1.9  1623   9  3.2 1536   7  5.7 1532  26.2  33.7 1417  23.2  534  23.5  28.7  22.5  86.8  53.0 1418  29.0  -9.0  -9.0 -9.00  996.4 1007.3 1008.5 2311 1006.0 1516  5.0  5.2 14.3 -9.0 -9.00 -9.00   -9   -9.0   -9.0 -9.00   -9.0   -9   -9.0   -9   -9.0   -9   -9.0   -9   -9.0   -9 -99.0 -99.0 -99.0 -99.0 -99.0
20260720 283  2.6  2224  36  6.5 1628  34  9.1 1603  26.0  33.3 1309  23.3 2345  23.2  29.6  21.9  85.3  64.0 1314  28.5   6.0   4.2 -9.00 1003.0 1007.5 1008.6 2137 1006.2 1529  4.5  5.9 14.3 -9.0 20.35  3.13 1200   -9.0   -9.0 -9.00   -9.0   -9   -9.0   -9   -9.0   -9   -9.0   -9   -9.0   -9 -99.0 -99.0 -99.0 -99.0 -99.0
20260720 284  1.7  1447  14  4.2 1059  14  6.5 1419  28.0  33.0 1317  23.9 2354  24.7  29.7  22.7  83.3  64.0 1553  31.2   5.7   4.0 -9.00  979.8 1005.2 1007.1 2207 1003.7 1545  5.4  5.2 14.3 -9.0 20.00  3.19 1100    1.2   -9.0 -9.00    0.7 1707    0.7 1757   -9.0   -9   -9.0   -9   -9.0   -9 -99.0 -99.0 -99.0 -99.0 -99.0
20260720 285  1.2  1060  18  3.6 1125  23  7.8 1649  28.8  33.3 1243  25.1   35  25.2  31.1  25.5  82.1  62.0 1301  32.0  -9.0  -9.0 -9.00 1003.7 1006.7 1008.2 2202 1005.6  224  4.5  7.3 14.3 -9.0 -9.00 -9.00   -9    0.5   -9.0 -9.00    0.3  547    0.3  637   -9.0   -9   -9.0   -9   -9.0   -9 -99.0 -99.0 -99.0 -99.0 -99.0
20260720 288  2.0  1770  16  4.7 1134  16  8.9 1130  29.7  34.1 1609  26.6 2359  25.3  31.4  23.3  78.5  58.0 1128  32.4   5.7   4.0 -9.00 1004.5 1005.4 1007.0 2209 1004.1  243  4.5  3.8 14.2 -9.0 16.73  2.73 1000    0.6   -9.0 -9.00    0.6  508    0.6  558   -9.0   -9   -9.0   -9   -9.0   -9 -99.0 -99.0 -99.0 -99.0 -99.0
20260720 289  1.7  1447   7  3.6 1646   5  6.7 1350  27.9  31.6 1350  25.9 2339  25.3  29.0  24.0  86.6  71.0 1605  32.3  -9.0  -9.0 -9.00  991.6 1007.1 1008.8 2206 1005.8  222  4.9  2.2 14.2 -9.0 -9.00 -9.00   -9    3.7   -9.0 -9.00    3.6  459    3.2  512   -9.0   -9   -9.0   -9   -9.0   -9 -99.0 -99.0 -99.0 -99.0 -99.0
20260720 294  1.4  1251   9  2.8  803  27  8.3 1801  27.1  28.7 1151  26.0  307  24.8  28.2  25.3  87.6  80.0 1201  31.3  -9.0  -9.0 -9.00 1003.1 1008.2 1009.6 2156 1006.5  317  5.1  1.5 14.2 -9.0 -9.00 -9.00   -9    1.3   -9.0 -9.00    1.2  216    0.6  306   -9.0   -9   -9.0   -9   -9.0   -9 -99.0 -99.0 -99.0 -99.0 -99.0
20260720 295  1.5  1253  18  3.1 1659  23  6.3 1711  28.2  30.7 1502  26.1 2332  25.1  32.0  24.2  83.5  72.0 1649  31.8  -9.0  -9.0 -9.00 1002.3 1007.4 1008.9 2148 1005.6  235  4.6  5.6 14.2 -9.0 -9.00 -9.00   -9    0.0   -9.0 -9.00    0.0   -9    0.0   -9   -9.0   -9   -9.0   -9   -9.0   -9 -99.0 -99.0 -99.0 -99.0 -99.0
20260720 296  2.9  2475  18  5.6 1658  18  9.7 1323  28.8  31.7 1554  26.9 2358  26.6  31.0  23.9  88.8  79.0 1104  34.9   5.5   3.8 -9.00 1006.3 1006.6 1007.9 2149 1005.1  128  4.9  5.5 14.2 -9.0 19.94  2.57 1000    0.0   -9.0  0.13    0.0   -9    0.0   -9   -9.0   -9   -9.0   -9   -9.0   -9 -99.0 -99.0 -99.0 -99.0 -99.0
20260721  90  1.1   974  36  3.6 1342  36  6.9 1340  23.9  25.4 1619  23.0  526  22.8  25.5  23.6  94.3  90.0 1155  27.8   1.4   1.0 -9.00 1003.6 1005.6 1007.1    2 1004.3 1303  9.3  0.0 14.4 -9.0  4.87  0.64 1100    3.5   -9.0 -9.00    2.7 1344    0.9 1414   -9.0   -9   -9.0   -9   -9.0   -9 -99.0 -99.0 -99.0 -99.0 -99.0
20260721  93  0.5   412  29  2.0 1246  32  4.0 1241  24.9  26.7 1037  23.1   15  24.4  25.7  23.3  97.3  87.0 1047  30.5   1.2   0.9 -9.00  995.6 1006.5 1008.1 2351 1005.3 1217  8.8  0.0 14.4 -9.0  3.06  0.39 1300   29.2   19.4 18.08   10.9 1203    6.4 1233   -9.0   -9   -9.0   -9   -9.0   -9  26.2  25.3  23.5  19.7  16.2
20260721  95  1.4  1251  25  3.7 1250  25  8.9 1033  24.8  26.1 1526  24.1  418  24.2  25.3  24.0  97.0  89.0 1529  30.1   1.4   1.0 -9.00  988.7 1006.3 1008.5 2333 1004.2 1036  8.6  0.2 14.4 -9.0  3.39  0.92 1500   67.0   45.2 -9.00   29.5 1105   10.4 1111   -9.0   -9   -9.0   -9   -9.0   -9 -99.0 -99.0 -99.0 -99.0 -99.0
20260721  98  1.4  1212  16  3.4  414  14  9.7  945  24.5  25.2  108  23.7 2355  22.7  25.4  22.9  89.9  85.0 2102  27.6   1.4   1.0 -9.00  992.7 1005.8 1008.2 2327 1003.9  939  8.3  0.0 14.4 -9.0  2.43  0.27 1400   41.2   -9.0 -9.00   19.5  343    8.7  347   -9.0   -9   -9.0   -9   -9.0   -9 -99.0 -99.0 -99.0 -99.0 -99.0
20260721  99  1.7  1442  23  3.5   36  23  7.3  820  24.6  25.8 1518  23.2 2112  23.6  25.7  24.2  94.9  89.0 1521  29.2   1.4   1.0 -9.00 1002.6 1006.1 1008.7 2310 1004.1  903  7.6  0.2 14.4 -9.0  3.98  0.92 1400   72.5   -9.0 -9.00   40.8  919   13.1  945   -9.0   -9   -9.0   -9   -9.0   -9 -99.0 -99.0 -99.0 -99.0 -99.0
20260721 100  3.1  2718  25  5.9 1328  23 11.6 1334  23.5  27.0 1341  20.7    1  21.4  23.3  20.0  88.5  73.0 1315  25.5   2.8   2.0 -9.00  921.4 1005.6 1007.3    1 1003.8 1337  8.5  0.9 14.4 -9.0  9.92  1.72 1200    4.0   -9.0 -9.00    2.5 1438    2.0 1506   -9.0   -9   -9.0   -9   -9.0   -9 -99.0 -99.0 -99.0 -99.0 -99.0
20260721 101  0.6   502  16  2.8 1521  18  4.9 1238  24.8  26.5 1735  22.9  301  23.7  26.1  23.2  93.6  86.0 1029  29.3   1.3   0.9 -9.00  996.8 1005.5 1007.1 2349 1004.3 1210  9.3  0.0 14.4 -9.0  3.48  0.44 1600   21.4   14.0 -9.00    7.5 1207    4.4 1233   -9.0   -9   -9.0   -9   -9.0   -9  26.4  24.5  22.4  17.6  15.3
20260721 102  2.8  2405  32  5.4 1731  34  7.4  836  22.6  25.6 1640  20.5   23  20.8  25.6  20.0  90.1  75.0 1648  24.5   5.6   3.9 -9.00 1000.3 1004.4 1007.0 2304 1002.7  705  4.0  9.0 14.4 -9.0 24.48  3.32 1300    6.7   -9.0  7.33    2.5  619    0.8  658   -9.0   -9   -9.0   -9   -9.0   -9 -99.0 -99.0 -99.0 -99.0 -99.0
20260721 104  0.9   807  29  2.9 1533  34  5.9 1519  25.6  30.4 1413  22.4  349  24.2  26.9  22.0  92.5  78.0 1442  30.2   2.3   1.6  0.92  996.1 1004.6 1006.0    1 1003.0 1338  8.5  0.6 14.4 -9.0  9.01  1.24 1300    0.4    1.0  1.17    0.4 1515    0.3 1531   -9.0   -9   -9.0   -9   -9.0   -9  24.6  23.5  21.7  16.8  14.3
20260721 105  1.0   897  34  3.2 1633   2  5.5 1601  26.1  31.5 1458  22.6  455  23.2  27.5  22.8  85.0  64.0 1353  28.5   2.8   1.9 -9.00 1002.6 1005.6 1007.1 2347 1003.9 1337  8.4  0.9 14.4 -9.0  9.85  1.41 1300    0.2   -9.0 -9.00    0.2   -9    0.2   -9   -9.0   -9   -9.0   -9   -9.0   -9  25.8  24.8  23.0  18.3  15.7
20260721 106  1.5  1312  14  3.7 1128  18  6.8 1131  26.2  35.0 1331  22.4  307  23.7  29.6  21.1  87.1  50.0 1337  29.3   5.8   4.1 -9.00 1001.2 1005.8 1007.3    2 1004.1 1335  7.3  6.9 14.4 -9.0 22.83  3.31 1100    0.1   -9.0 -9.00    0.1   -9    0.1   -9   -9.0   -9   -9.0   -9   -9.0   -9 -99.0 -99.0 -99.0 -99.0 -99.0
20260721 108  2.4  2066  20  6.8 1145  18 12.3 1137  25.1  25.9  923  24.3 1238  23.8  24.3  23.6  92.8  87.0  923  29.5   1.1   0.8 -9.00  996.5 1006.2 1008.3 2332 1004.8  922  8.8  0.0 14.4 -9.0  2.70  0.35 1100   39.1   14.6 12.75   18.8  305   10.0  307   -9.0   -9   -9.0   -9   -9.0   -9  26.3  25.0  24.6  20.3  15.4
20260721 112  3.6  3095  20  8.2 1116  18 12.5  319  24.8  26.4   59  23.6 2222  24.4  25.5  23.2  98.5  94.0   16  30.6   1.5   1.1 -9.00  997.9 1005.7 1008.2 2331 1004.0  905  9.0  1.0 14.4 -9.0  5.72  1.40 1700   33.3   18.2 11.00   12.4  245    7.7  255   -9.0   -9   -9.0   -9   -9.0   -9  25.0  24.2  18.5  21.8  14.9
20260721 114  1.3  1117  27  3.6 1359  20  8.3 1326  26.6  30.5 1231  24.0  130  23.9  26.4  22.9  85.8  67.0  928  29.6   2.0   1.4 -9.00  989.5 1006.4 1007.9 2325 1004.9 1255  9.1  0.0 14.4 -9.0  6.27  1.02  900   13.5   -9.0 -9.00    6.7 1400    4.0 1400   -9.0   -9   -9.0   -9   -9.0   -9 -99.0 -99.0 -99.0 -99.0 -99.0
20260721 115  5.6  4878  25  8.6 2351  23 16.3 2233  26.7  29.0 1328  24.3  447  24.6  29.8  23.8  88.6  79.0 1200  30.9   6.4   4.5  6.83  982.2 1007.0 1008.4  735 1005.5 1807  4.8  9.1 14.4 -9.0 24.12  3.13 1300   -9.0   -9.0 -9.00   -9.0   -9   -9.0   -9   -9.0   -9   -9.0   -9   -9.0   -9  23.5  20.6  19.1  14.2  13.6
20260721 119  2.1  1795  25  4.6 1150  23  8.1 1145  25.4  26.9  904  24.3 2342  23.4  26.1  24.5  89.5  79.0  840  28.9   1.2   0.8 -9.00 1001.6 1006.1 1008.1 2335 1005.0  925  9.0  0.0 14.4 -9.0  3.53  0.46 1500   30.6   30.9 10.05   12.9 1052    5.5 1113   -9.0   -9   -9.0   -9   -9.0   -9  25.8  24.1  22.0  17.2  14.5
20260721 121  1.0   877  32  3.8 1611  16  7.4 1112  26.5  31.4 1138  23.0  525  24.1  28.1  23.3  88.4  62.0 1143  30.1   3.4   2.4 -9.00  980.1 1007.1 1008.3 2349 1005.1 1709  8.5  2.2 14.4 -9.0 13.47  1.81  800   10.9   -9.0 -9.00    5.9 1849    3.7 1933   -9.0   -9   -9.0   -9   -9.0   -9 -99.0 -99.0 -99.0 -99.0 -99.0
20260721 127  0.8   670  20  2.9 1334  20  6.7 1327  27.0  30.8 1222  23.8  124  24.3  27.9  23.4  86.1  65.0 1223  30.4   2.8   2.0 -9.00  992.9 1005.8 1007.3 2348 1004.4 1546  8.8  1.0 14.3 -9.0 11.22  1.65 1000   10.8   -9.0 -9.00    5.8 1756    4.2 1642   -9.0   -9   -9.0   -9   -9.0   -9 -99.0 -99.0 -99.0 -99.0 -99.0
20260721 129  3.0  2585  20  5.9 1201  20 11.3 1152  25.6  27.3  802  24.7 1209  24.8  25.9  24.2  96.0  84.0  752  31.4   1.1   0.8 -9.00 1003.5 1006.4 1008.2 2302 1005.2  816  8.9  0.1 14.3 -9.0  3.73  0.96 1500   34.9   55.6 -9.00   28.9 1133   16.9 1144   -9.0   -9   -9.0   -9   -9.0   -9  25.6  24.4  22.8  17.6  15.5
20260721 130  1.6  1403  18  4.8 1745  16  7.4 1052  25.8  27.9 1218  22.4  440  23.5  29.4  20.8  88.1  77.0 1052  29.1  -9.0  -9.0 -9.00 1000.8 1006.3 1007.8  742 1004.7 1720  3.4 12.0 14.3 -9.0 -9.00 -9.00   -9   -9.0   -9.0 -9.00   -9.0   -9   -9.0   -9   -9.0   -9   -9.0   -9   -9.0   -9 -99.0 -99.0 -99.0 -99.0 -99.0
20260721 131  1.4  1251  27  3.7 1359  27  7.4 1350  28.8  31.7 1151  26.8  223  23.6  29.2  26.7  74.0  61.0 1152  29.1   3.5   2.5 -9.00  999.5 1006.1 1007.7 2352 1005.2 1720  9.0  0.8 14.3 -9.0 11.60  1.62 1300    0.4    8.8  1.42    0.4 1445    0.2 1457   -9.0   -9   -9.0   -9   -9.0   -9 -99.0 -99.0 -99.0 -99.0 -99.0
20260721 133  2.0  1719  20  6.4 1133  23 10.1 1128  28.3  31.7 1044  25.2  544  24.6  29.6  24.3  81.3  62.0  918  31.0   3.6   2.5 -9.00  999.1 1006.7 1008.3 2340 1005.7 1617  7.6  3.0 14.3 -9.0 14.05  2.00  800    1.5    5.3  2.05    1.5 1335    1.5 1351   -9.0   -9   -9.0   -9   -9.0   -9  28.0  26.3  24.7  20.5  17.2
20260721 135  1.1   929  23  4.5 1401  25  7.3 1358  27.0  32.7 1514  22.2  150  23.6  29.3  22.5  83.4  58.0 1421  29.2   5.4   3.8 -9.00  979.2 1006.5 1007.8  645 1004.6 1501  6.3  6.8 14.3 -9.0 20.17  3.24 1100   -9.0   -9.0 -9.00   -9.0   -9   -9.0   -9   -9.0   -9   -9.0   -9   -9.0   -9 -99.0 -99.0 -99.0 -99.0 -99.0
20260721 136  1.3  1133  25  4.2 1422  25  8.0 1419  28.4  33.5 1246  23.5  527  24.3  31.7  23.1  79.6  58.0 1250  30.4   5.3   3.7 -9.00  991.8 1007.6 1009.1  623 1005.5 1626  6.1  5.9 14.3 -9.0 19.67  2.66 1200    0.0    0.0  0.42    0.0   -9    0.0   -9   -9.0   -9   -9.0   -9   -9.0   -9 -99.0 -99.0 -99.0 -99.0 -99.0
20260721 137  0.7   563  23  2.0 1419  29  4.8 1547  28.8  33.2 1509  24.8  556  25.7  32.6  24.8  84.6  66.0 1307  33.0   4.7   3.3 -9.00  995.1 1005.9 1007.2  651 1004.2 1501  7.8  5.3 14.3 -9.0 19.65  2.78 1100   -9.0   -9.0 -9.00   -9.0   -9   -9.0   -9   -9.0   -9   -9.0   -9   -9.0   -9 -99.0 -99.0 -99.0 -99.0 -99.0
20260721 138  2.8  2443  23  5.8 1407  20  9.4 1352  30.2  35.6 1528  22.3  210  22.1  32.2  19.9  65.1  43.0 1353  26.7   9.4   6.6 -9.00 1006.0 1006.4 1008.2  614 1004.3 1648  2.3 10.8 14.3 -9.0 24.31  2.99 1100   -9.0   -9.0 -9.00   -9.0   -9   -9.0   -9   -9.0   -9   -9.0   -9   -9.0   -9  25.2  22.4  20.8  17.6  16.2
20260721 140  2.7  2291  18  4.9 1349  16  9.2  840  28.0  31.1 1342  25.7   55  25.3  28.0  23.9  85.8  74.0 1345  32.3  -9.0  -9.0 -9.00 1004.4 1007.5 1009.1 2318 1006.7 1714  8.3  1.1 14.3 -9.0 -9.00 -9.00   -9   -9.0   -9.0 -9.00   -9.0   -9   -9.0   -9   -9.0   -9   -9.0   -9   -9.0   -9 -99.0 -99.0 -99.0 -99.0 -99.0
20260721 143  1.4  1190  16  3.0 1632  20  5.1 1210  30.0  35.1 1517  25.3  459  22.7  34.7  23.8  66.6  48.0 1518  27.5   6.4   4.5 -9.00 1000.6 1006.6 1008.1  629 1004.7 1550  3.3  6.4 14.3 -9.0 19.83  2.54 1300   -9.0   -9.0 -9.00   -9.0   -9   -9.0   -9   -9.0   -9   -9.0   -9   -9.0   -9 -99.0 -99.0 -99.0 -99.0 -99.0
20260721 146  2.5  2132  23  6.0 1155  18 12.2  959  29.4  33.2 1432  27.3  440  24.3  31.3  25.6  74.6  61.0 1431  30.4   4.6   3.2 -9.00 1000.0 1006.8 1008.4 2334 1005.6 1508  7.3  3.8 14.2 -9.0 15.24  2.59 1400   -9.0    4.0 -9.00   -9.0   -9   -9.0   -9   -9.0   -9   -9.0   -9   -9.0   -9 -99.0 -99.0 -99.0 -99.0 -99.0
20260721 152  3.3  2868  20  6.6  843  20 10.4  840  28.9  32.9 1401  25.0  326  22.4  33.7  22.3  69.1  54.0 1539  27.1   7.4   5.2 -9.00  998.0 1007.1 1008.4  621 1005.4 1655  2.1  9.3 14.2 -9.0 21.42  2.68 1400   -9.0   -9.0 -9.00   -9.0   -9   -9.0   -9   -9.0   -9   -9.0   -9   -9.0   -9 -99.0 -99.0 -99.0 -99.0 -99.0
20260721 155  2.5  2127  20  5.3 1205  25  9.1 1720  28.3  32.6 1349  25.8  257  25.1  31.8  24.1  83.6  64.0 1352  31.9   5.3   3.7 -9.00 1004.5 1008.4 1009.1  720 1007.3 1657  6.1  5.5 14.2 -9.0 18.33  3.19 1300    0.0   -9.0  0.12    0.0   -9    0.0   -9   -9.0   -9   -9.0   -9   -9.0   -9 -99.0 -99.0 -99.0 -99.0 -99.0
20260721 156  3.3  2814  18  5.2 1114  14  9.9 1115  29.1  32.6 1446  26.7  431  25.1  32.4  24.7  79.3  69.0 1449  31.8   4.6   3.2 -9.00  999.5 1007.4 1008.8 2355 1006.1 1612  6.0  3.9 14.2 -9.0 15.68  1.98 1400    0.0   -9.0  1.00    0.0   -9    0.0   -9   -9.0   -9   -9.0   -9   -9.0   -9 -99.0 -99.0 -99.0 -99.0 -99.0
20260721 159  4.6  3958  27  8.7 1752  27 12.9 1751  27.9  31.6 1454  25.6  523  24.6  32.5  22.8  82.4  68.0 1613  30.9   6.0   4.2 -9.00 1000.3 1008.2 1009.2  747 1007.1 1624  3.5  5.5 14.2 -9.0 20.12  2.91 1400   -9.0   -9.0 -9.00   -9.0   -9   -9.0   -9   -9.0   -9   -9.0   -9   -9.0   -9  26.9  24.4  22.7  18.1  17.6
20260721 162  3.5  2992  23  7.0 1432  23 11.5 1455  27.3  30.6 1437  24.9  456  24.7  30.0  24.8  86.3  70.0 1516  31.1   4.8   3.4 -9.00 1004.5 1008.0 1008.7 2357 1007.0 1629  2.9  3.9 14.2 -9.0 17.11  3.09 1400   -9.0   -9.0 -9.00   -9.0   -9   -9.0   -9   -9.0   -9   -9.0   -9   -9.0   -9 -99.0 -99.0 -99.0 -99.0 -99.0
20260721 165  4.1  3585  18  6.3  710  18 10.3  702  28.0  30.8 1548  26.1  202  25.4  31.1  24.0  86.0  74.0 1551  32.4   4.7   3.3 -9.00 1002.5 1007.6 1009.0 2342 1006.6 1555  7.1  2.5 14.2 -9.0 15.78  2.28 1500    0.0    0.0  0.78    0.0   -9    0.0   -9   -9.0   -9   -9.0   -9   -9.0   -9  27.2  24.2  22.9  19.4  16.7
20260721 168  4.7  4088  23  7.2 1725  20  9.9  743  27.8  30.1 1456  26.2  352  25.6  31.7  26.3  88.3  77.0 1554  32.8   6.5   4.6 -9.00 1001.3 1008.7 1009.6 2359 1007.7 1641  4.0  7.1 14.2 -9.0 23.71  3.58 1200    0.0   -9.0  0.12    0.0   -9    0.0   -9   -9.0   -9   -9.0   -9   -9.0   -9  29.5  24.2  23.7  18.2  17.1
20260721 169  7.0  6006  16 11.2  456  18 14.9  517  25.9  29.8 1159  23.7  659  24.3  28.8  24.7  91.6  78.0 1432  30.4   4.0   2.8  6.10  998.2 1006.7 1008.4 2327 1005.4  242  8.4  1.4 14.2 -9.0 15.53  2.41 1100    0.0   -9.0  0.23    0.0   -9    0.0   -9   -9.0   -9   -9.0   -9   -9.0   -9 -99.0 -99.0 -99.0 -99.0 -99.0
20260721 170  1.9  1625  16  5.6  111  18  9.2  111  28.7  32.8 1449  25.0  600  25.0  32.3  25.5  81.3  66.0 1455  31.7   4.9   3.4 -9.00 1004.3 1008.3 1009.6 2400 1007.2 1632  5.5  4.8 14.1 -9.0 16.95  2.28 1300   -9.0   -9.0 -9.00   -9.0   -9   -9.0   -9   -9.0   -9   -9.0   -9   -9.0   -9 -99.0 -99.0 -99.0 -99.0 -99.0
20260721 172  3.9  3336  20  6.2 1343  14  9.7  657  28.8  32.1 1406  26.5  233  24.6  28.0  25.3  79.0  64.0 1334  31.0   5.5   3.8 -9.00 1001.0 1006.8 1008.3 2340 1005.8 1543  6.4  4.3 14.2 -9.0 17.36  3.50 1300   -9.0   -9.0 -9.00   -9.0   -9   -9.0   -9   -9.0   -9   -9.0   -9   -9.0   -9 -99.0 -99.0 -99.0 -99.0 -99.0
20260721 174  1.6  1385  16  3.5 1104  11  6.8  623  27.1  30.9 1445  25.4  623  23.5  29.8  24.3  81.4  65.0 1447  29.0  -9.0  -9.0 -9.00  988.2 1006.7 1007.9 2312 1005.4 1547  6.8  2.2 14.2 -9.0 -9.00 -9.00   -9    0.2   -9.0 -9.00    0.2   -9    0.2   -9   -9.0   -9   -9.0   -9   -9.0   -9 -99.0 -99.0 -99.0 -99.0 -99.0
20260721 177  2.4  2051  16  4.7  934  16 10.0 1017  26.3  27.7  102  25.5  543  24.6  26.3  24.8  90.3  83.0  106  30.9   1.5   1.0 -9.00 1002.0 1005.1 1006.9 2313 1004.1  938  9.4  0.0 14.3 -9.0  3.93  0.54 1400   33.1   40.1 10.50   17.1 1311    7.8 1342   -9.0   -9   -9.0   -9   -9.0   -9 -99.0 -99.0 -99.0 -99.0 -99.0
20260721 181  2.0  1766  23  4.9 1406  23  7.6 1344  27.1  29.9 1121  24.1   39  23.9  27.5  23.7  83.1  68.0 1117  29.6   3.0   2.1 -9.00 1002.9 1006.7 1008.3 2349 1005.8 1717  9.0  0.6 14.3 -9.0 10.10  1.41 1100    0.0   -9.0 -9.00    0.0   -9    0.0   -9   -9.0   -9   -9.0   -9   -9.0   -9 -99.0 -99.0 -99.0 -99.0 -99.0
20260721 184  2.7  2295   5  5.7 1222   7  8.9 1504  29.8  33.5 1337  27.8  510  23.6  37.8  25.1  70.0  56.0 1337  29.2   8.6   6.0 -9.00 1004.9 1007.2 1008.9 2352 1006.1  154  3.0 10.9 14.1 -9.0 26.64  3.43 1300   -9.0   -9.0 -9.00   -9.0   -9   -9.0   -9   -9.0   -9   -9.0   -9   -9.0   -9  30.3  28.0  26.3  23.0  18.3
20260721 185  6.9  5970  14  9.1   47  14 12.0   44  27.0  29.1 1333  25.7  422  25.5  30.8  25.7  91.8  82.0 1419  32.5   4.6   3.2 -9.00  999.9 1008.0 1009.8 2328 1006.9  137  4.1  2.2 14.1 -9.0 15.73  2.55 1300    0.2   -9.0 -9.00    0.2   -9    0.2   -9   -9.0   -9   -9.0   -9   -9.0   -9 -99.0 -99.0 -99.0 -99.0 -99.0
20260721 188  4.7  4061  20  7.3 1357  18 10.0 1417  28.0  30.0 1450  26.5  402  25.7  32.4  25.9  87.6  79.0 1123  32.9  -9.0  -9.0 -9.00 1006.4 1008.7 1010.1 2356 1007.7  153  1.4  6.5 14.1 -9.0 -9.00 -9.00   -9   -9.0   -9.0 -9.00   -9.0   -9   -9.0   -9   -9.0   -9   -9.0   -9   -9.0   -9 -99.0 -99.0 -99.0 -99.0 -99.0
20260721 189  2.1  1815  23  3.6 2223  27  6.7 2221  28.3  30.5 1047  27.1  425  25.9  31.6  26.6  87.0  78.0  940  33.4   3.9   2.7 -9.00 1003.2 1009.1 1010.7 2345 1008.1 1642  8.4  1.7 14.0 -9.0 13.38  1.80 1200    0.0    0.0  0.47    0.0   -9    0.0   -9   -9.0   -9   -9.0   -9   -9.0   -9 -99.0 -99.0 -99.0 -99.0 -99.0
20260721 192  1.2  1067  20  3.1 1359  20  7.0 1035  28.0  32.2 1557  25.0  341  24.8  32.9  23.0  83.6  66.0 1603  31.3   6.2   4.3 -9.00 1004.9 1008.2 1009.0 2321 1007.0 1547  3.1  8.9 14.2 -9.0 23.15  3.12 1300   -9.0   -9.0 -9.00   -9.0   -9   -9.0   -9   -9.0   -9   -9.0   -9   -9.0   -9 -99.0 -99.0 -99.0 -99.0 -99.0
20260721 201  3.2  2790  23  6.7  925  25 13.3    8  24.4  26.9  220  22.3 2259  23.9  25.1  23.0  97.8  87.0  219  29.6  -9.0  -9.0 -9.00 1000.9 1006.3 1008.9 2319 1004.6  805  7.8  0.0 14.4 -9.0 -9.00 -9.00   -9   69.0   -9.0 -9.00   30.4  743   13.8  816   -9.0   -9   -9.0   -9   -9.0   -9 -99.0 -99.0 -99.0 -99.0 -99.0
20260721 202  0.7   642  14  2.2 1123  16  3.8 1048  25.3  27.0 1003  23.4    1  24.1  26.8  23.4  93.9  84.0  909  30.1  -9.0  -9.0 -9.00 1001.4 1006.8 1008.4 2345 1005.8 1016  8.5  0.0 14.4 -9.0 -9.00 -9.00   -9   33.6   -9.0 -9.00   17.9 1222    6.7 1253   -9.0   -9   -9.0   -9   -9.0   -9 -99.0 -99.0 -99.0 -99.0 -99.0
20260721 203  1.2  1002  18  5.2 1114  18  8.3 1106  25.8  29.5  947  23.6    1  25.0  27.1  23.4  96.0  75.0  950  31.7  -9.0  -9.0 -9.00  997.9 1007.0 1008.6 2346 1006.0  947  9.3  0.3 14.4 -9.0 -9.00 -9.00   -9   22.9   -9.0 -9.00   12.7 1232    7.8 1302   -9.0   -9   -9.0   -9   -9.0   -9 -99.0 -99.0 -99.0 -99.0 -99.0
20260721 211  1.2  1062  23  3.5 1826  20  6.3 1929  24.3  25.8 1154  22.0  137  23.1  25.6  22.1  93.5  86.0 1235  28.3  -9.0  -9.0 -9.00  983.0 1005.9 1007.1 2336 1004.6 1235  9.4  0.0 14.4 -9.0 -9.00 -9.00   -9   22.7   -9.0 -9.00   11.7 1303    3.9 1331   -9.0   -9   -9.0   -9   -9.0   -9 -99.0 -99.0 -99.0 -99.0 -99.0
20260721 212  0.5   474   7  2.1  818  18  4.4 1046  24.8  27.6 1050  22.9  321  24.0  25.1  22.3  95.6  74.0 1053  29.8  -9.0  -9.0 -9.00  990.9 1006.8 1008.4 2357 1005.7 1255  8.9  0.0 14.4 -9.0 -9.00 -9.00   -9   35.4   -9.0 -9.00   23.1 1313   10.0 1347   -9.0   -9   -9.0   -9   -9.0   -9 -99.0 -99.0 -99.0 -99.0 -99.0
20260721 216  1.9  1666  20  4.2 1257  23 10.3 1538  25.4  29.4 1505  20.5  246  21.0  26.3  20.1  77.6  60.0  952  24.9   5.1   3.5 -9.00  928.3 1006.0 1007.6    1 1003.9 1701  7.6  4.3 14.4 -9.0 18.19  2.72 1000    0.4   -9.0 -9.00    0.4 1818    0.4 1833   -9.0   -9   -9.0   -9   -9.0   -9 -99.0 -99.0 -99.0 -99.0 -99.0
20260721 217  1.0   850  18  3.3 2353  25  6.1 1455  26.6  31.3 1440  21.8  424  23.2  29.4  23.0  83.3  64.0  859  28.5  -9.0  -9.0 -9.00  971.9 1006.6 1008.2    2 1004.8 1439  9.0  1.1 14.4 -9.0 -9.00 -9.00   -9    4.6   -9.0 -9.00    2.2 1729    1.8 1814   -9.0   -9   -9.0   -9   -9.0   -9 -99.0 -99.0 -99.0 -99.0 -99.0
20260721 221  0.8   691  25  3.7 1432  25  6.4 1722  25.2  28.7 1341  22.5  115  24.1  27.4  22.2  94.5  74.0 1135  30.1  -9.0  -9.0 -9.00  977.2 1006.8 1008.0 2358 1005.1 1655  9.0  0.4 14.4 -9.0 -9.00 -9.00   -9   12.5   -9.0 -9.00    6.4   -9    6.2 1719   -9.0   -9   -9.0   -9   -9.0   -9 -99.0 -99.0 -99.0 -99.0 -99.0
20260721 226  1.1   966  14  3.5  954  20  6.6 1314  26.7  30.9 1329  23.4  409  24.4  29.1  23.5  88.8  66.0 1258  30.6  -9.0  -9.0 -9.00  987.8 1007.0 1008.4 2355 1005.9 1549  8.0  1.9 14.3 -9.0 -9.00 -9.00   -9   11.3   -9.0 -9.00    8.4 1934    7.6 1935   -9.0   -9   -9.0   -9   -9.0   -9 -99.0 -99.0 -99.0 -99.0 -99.0
20260721 232  0.9   800  20  3.3 1053  23  6.9 1047  26.4  28.4 1014  24.7  233  25.6  27.8  23.6  95.5  80.0  934  32.8  -9.0  -9.0 -9.00  997.6 1007.2 1008.7 2321 1006.3 1615  9.0  0.3 14.3 -9.0 -9.00 -9.00   -9    4.7   -9.0 -9.00    2.2 1520    1.8 1531   -9.0   -9   -9.0   -9   -9.0   -9 -99.0 -99.0 -99.0 -99.0 -99.0
20260721 235  4.3  3680  20  8.5 1302  23 12.8 1030  26.6  27.9  932  25.5 2033  24.8  26.2  24.8  90.1  80.0  120  31.3   1.6   1.1 -9.00 1004.9 1006.0 1007.7 2320 1004.9  446  8.4  0.0 14.3 -9.0  3.71  0.53 1100   12.7   -9.0 -9.00   12.5 1242   10.7 1302   -9.0   -9   -9.0   -9   -9.0   -9 -99.0 -99.0 -99.0 -99.0 -99.0
20260721 236  1.8  1578  20  6.1 1358  23 10.3 1356  27.6  30.9 1343  26.3  155  24.7  28.5  25.0  84.6  72.0 1350  31.1  -9.0  -9.0 -9.00 1005.5 1007.0 1008.5 2315 1006.3 1654  8.0  0.6 14.3 -9.0 -9.00 -9.00   -9    1.0   -9.0 -9.00    1.0 1052    0.7 1108   -9.0   -9   -9.0   -9   -9.0   -9 -99.0 -99.0 -99.0 -99.0 -99.0
20260721 238  1.5  1288  18  4.0 1038  20  7.4 1051  28.2  33.2 1222  24.4  341  24.3  29.4  23.4  80.6  58.0 1223  30.4  -9.0  -9.0 -9.00  987.3 1006.3 1007.8 2337 1005.1 1506  6.9  4.1 14.3 -9.0 -9.00 -9.00   -9    1.0   -9.0 -9.00    0.9 1336    0.9 1410   -9.0   -9   -9.0   -9   -9.0   -9 -99.0 -99.0 -99.0 -99.0 -99.0
20260721 239  1.2  1076  18  2.8 1002  16  6.6 1135  26.9  30.0 1409  24.5  152  24.5  28.8  24.3  87.6  73.0  937  30.9   2.8   2.0 -9.00  996.0 1006.1 1007.7 2327 1005.1 1725  8.4  0.5 14.3 -9.0 11.34  1.74 1300    3.3   -9.0 -9.00    2.4 1427    2.4 1452   -9.0   -9   -9.0   -9   -9.0   -9 -99.0 -99.0 -99.0 -99.0 -99.0
20260721 243  2.6  2277  20  6.4  950  18 12.3  949  28.7  31.9 1431  25.9   24  24.3  29.6  23.7  77.6  64.0 1432  30.3  -9.0  -9.0 -9.00 1005.7 1007.1 1008.6 2325 1006.2 1745  7.4  4.0 14.2 -9.0 -9.00 -9.00   -9   -9.0   -9.0 -9.00   -9.0   -9   -9.0   -9   -9.0   -9   -9.0   -9   -9.0   -9 -99.0 -99.0 -99.0 -99.0 -99.0
20260721 244  1.9  1668  23  4.3 1030  23  9.1 1026  27.5  31.3 1529  24.7  246  23.6  29.3  23.3  80.1  66.0 1233  29.2  -9.0  -9.0 -9.00  979.6 1007.1 1008.6 2320 1005.7 1525  7.3  4.9 14.2 -9.0 -9.00 -9.00   -9   -9.0   -9.0 -9.00   -9.0   -9   -9.0   -9   -9.0   -9   -9.0   -9   -9.0   -9 -99.0 -99.0 -99.0 -99.0 -99.0
20260721 245  4.2  3605  18  7.7  503  20 12.8  900  29.5  33.0 1452  27.5  228  24.1  33.0  25.7  73.1  63.0 1453  30.0   5.8   4.1 -9.00  999.2 1006.8 1008.4 2334 1005.8 1608  7.1  6.0 14.2 -9.0 19.21  2.49 1300    0.0   -9.0 -9.00    0.0   -9    0.0   -9   -9.0   -9   -9.0   -9   -9.0   -9 -99.0 -99.0 -99.0 -99.0 -99.0
20260721 247  2.5  2191  23  4.4 1125  23  8.5 1042  29.1  32.7 1517  26.7  328  23.7  28.9  25.0  73.0  64.0 1519  29.3  -9.0  -9.0 -9.00  992.3 1007.2 1008.6 2352 1005.7 1520  5.8  4.3 14.2 -9.0 -9.00 -9.00   -9   -9.0   -9.0 -9.00   -9.0   -9   -9.0   -9   -9.0   -9   -9.0   -9   -9.0   -9 -99.0 -99.0 -99.0 -99.0 -99.0
20260721 248  2.0  1725  18  3.4  952  14  8.1  845  27.0  30.0 1638  24.7   18  22.7  28.0  22.5  77.8  69.0 1547  27.7  -9.0  -9.0 -9.00  962.4 1007.4 1008.9 2339 1005.9 1638  7.1  2.7 14.2 -9.0 -9.00 -9.00   -9    0.4   -9.0 -9.00    0.4   -9    0.4 1425   -9.0   -9   -9.0   -9   -9.0   -9 -99.0 -99.0 -99.0 -99.0 -99.0
20260721 251  3.7  3166  16  6.9  844  18 10.7  835  28.7  32.1 1610  26.8  634  25.3  28.6  25.1  82.1  72.0 1609  32.1   4.4   3.1 -9.00 1001.3 1006.9 1008.3 2303 1005.6 1603  7.3  4.1 14.2 -9.0 15.58  2.23 1400   -9.0   -9.0 -9.00   -9.0   -9   -9.0   -9   -9.0   -9   -9.0   -9   -9.0   -9 -99.0 -99.0 -99.0 -99.0 -99.0
20260721 252  3.0  2629  16  5.3  912  20 10.6 1227  28.7  32.2 1301  26.5  219  24.9  30.3  24.3  80.4  67.0 1511  31.5   5.5   3.8 -9.00 1002.7 1006.9 1008.4 2336 1005.9 1603  6.6  5.1 14.2 -9.0 19.92  2.63 1300   -9.0   -9.0 -9.00   -9.0   -9   -9.0   -9   -9.0   -9   -9.0   -9   -9.0   -9 -99.0 -99.0 -99.0 -99.0 -99.0
20260721 253  1.8  1559  16  4.1 1222  18  7.3 1218  28.8  33.3 1545  25.8  337  25.5  32.7  23.2  83.4  65.0 1509  32.7   5.0   3.5 -9.00 1003.0 1009.2 1010.1  725 1008.1 1655  3.0  5.9 14.2 -9.0 17.95  2.88 1500   -9.0   -9.0 -9.00   -9.0   -9   -9.0   -9   -9.0   -9   -9.0   -9   -9.0   -9 -99.0 -99.0 -99.0 -99.0 -99.0
20260721 254  2.3  1954  16  4.3 1013  14  7.2 1007  28.8  32.7 1706  26.7    1  23.3  29.7  24.8  72.4  62.0 1433  28.6   4.4   3.1 -9.00  993.3 1007.8 1009.1 2336 1006.3 1713  6.0  3.3 14.2 -9.0 14.66  2.38 1400    0.0   -9.0 -9.00    0.0   -9    0.0   -9   -9.0   -9   -9.0   -9   -9.0   -9 -99.0 -99.0 -99.0 -99.0 -99.0
20260721 255  1.5  1266  20  3.2 1134  20  9.3 1151  29.5  33.9 1453  26.8  323  25.0  31.8  22.8  77.3  61.0 1454  31.6   6.1   4.3 -9.00 1002.2 1007.9 1008.9  741 1006.6 1657  3.3  7.4 14.2 -9.0 20.68  3.15 1200   -9.0   -9.0 -9.00   -9.0   -9   -9.0   -9   -9.0   -9   -9.0   -9   -9.0   -9 -99.0 -99.0 -99.0 -99.0 -99.0
20260721 257  3.0  2583  20  5.8 1623  20 10.2 1458  29.3  32.8 1038  25.8  424  26.1  36.8  22.9  83.8  68.0 1040  33.8   5.7   4.0 -9.00 1007.6 1008.3 1009.3  727 1006.9 1645  2.8  5.5 14.2 -9.0 19.29  2.65 1500    0.0   -9.0 -9.00    0.0   -9    0.0   -9   -9.0   -9   -9.0   -9   -9.0   -9 -99.0 -99.0 -99.0 -99.0 -99.0
20260721 258  2.5  2182  23  4.8 1227  23  6.7 1439  28.2  31.7 1557  26.3  201  25.7  29.8  25.8  87.0  70.0 1558  33.1   5.2   3.6 -9.00 1008.4 1008.6 1009.7 2400 1007.4 1550  5.6  4.3 14.2 -9.0 18.64  2.77 1400    1.9   -9.0 -9.00    1.9  456    1.2  524   -9.0   -9   -9.0   -9   -9.0   -9 -99.0 -99.0 -99.0 -99.0 -99.0
20260721 259  1.1   964  16  3.0  929  23  5.8 1639  28.6  32.0 1514  25.8    6  25.5  30.4  24.6  83.8  71.0 1125  32.6   4.7   3.3 -9.00 1005.9 1007.7 1009.1 2359 1006.6 1610  6.3  4.9 14.1 -9.0 18.50  2.53  900   -9.0   -9.0 -9.00   -9.0   -9   -9.0   -9   -9.0   -9   -9.0   -9   -9.0   -9 -99.0 -99.0 -99.0 -99.0 -99.0
20260721 260  2.7  2322  14  5.1 1612  14  7.5 1450  27.9  30.8 1534  26.0  549  25.7  29.4  17.4  88.3  81.0 1536  33.1  -9.0  -9.0 -9.00 1002.9 1007.8 1009.2 2357 1006.6 1637  6.4  3.8 14.2 -9.0 -9.00 -9.00   -9   -9.0   -9.0 -9.00   -9.0   -9   -9.0   -9   -9.0   -9   -9.0   -9   -9.0   -9 -99.0 -99.0 -99.0 -99.0 -99.0
20260721 261  2.8  2403  23  5.8 1134  20  9.1 1036  28.4  31.3 1519  25.6  104  25.8  30.9  24.7  86.3  77.0 1520  33.2  -9.0  -9.0 -9.00 1006.3 1008.1 1009.7 2354 1007.2 1519  6.3  2.0 14.1 -9.0 -9.00 -9.00   -9   -9.0   -9.0 -9.00   -9.0   -9   -9.0   -9   -9.0   -9   -9.0   -9   -9.0   -9 -99.0 -99.0 -99.0 -99.0 -99.0
20260721 262  2.7  2347  18  5.4  439  20  9.5  147  28.8  33.3 1527  26.4 2249  25.0  34.4  26.5  80.9  58.0 1551  31.7   6.4   4.5 -9.00 1002.4 1008.3 1009.3 2359 1007.0 1543  4.4  7.3 14.1 -9.0 22.03  3.43 1200   -9.0   -9.0 -9.00   -9.0   -9   -9.0   -9   -9.0   -9   -9.0   -9   -9.0   -9 -99.0 -99.0 -99.0 -99.0 -99.0
20260721 263  2.8  2451  18  4.7 1149  20  9.7 1205  29.0  33.0 1634  25.2  349  24.9  32.1  22.7  79.6  63.0 1618  31.5   5.9   4.2 -9.00 1006.4 1008.0 1008.9 2328 1006.5 1647  3.5  5.8 14.2 -9.0 19.64  2.63 1100   -9.0   -9.0 -9.00   -9.0   -9   -9.0   -9   -9.0   -9   -9.0   -9   -9.0   -9 -99.0 -99.0 -99.0 -99.0 -99.0
20260721 264  0.8   692  11  2.3 1302  14  4.1 1109  28.1  34.0 1553  23.7   47  25.0  30.7  23.4  84.5  62.0 1559  31.7   5.0   3.5 -9.00  990.4 1007.4 1009.0 2349 1005.4 1546  5.3  5.0 14.2 -9.0 19.36  2.40 1400   -9.0   -9.0 -9.00   -9.0   -9   -9.0   -9   -9.0   -9   -9.0   -9   -9.0   -9 -99.0 -99.0 -99.0 -99.0 -99.0
20260721 266  1.8  1533  23  3.6 1342  27  7.5 1527  28.4  32.2 1410  25.7  255  26.0  32.8  24.4  87.6  66.0 1442  33.5   5.6   3.9 -9.00  998.8 1008.7 1009.7 2318 1007.5 1600  4.9  5.8 14.2 -9.0 20.29  3.58 1200    0.0   -9.0 -9.00    0.0   -9    0.0   -9   -9.0   -9   -9.0   -9   -9.0   -9 -99.0 -99.0 -99.0 -99.0 -99.0
20260721 268  3.2  2751  18  4.5  434  18  9.6  504  27.9  30.0 1555  26.0   54  25.2  28.5  24.6  85.9  79.0 1553  32.1  -9.0  -9.0 -9.00 1005.4 1006.5 1008.0 2358 1005.7  331  5.6  2.1 14.1 -9.0 -9.00 -9.00   -9   -9.0   -9.0 -9.00   -9.0   -9   -9.0   -9   -9.0   -9   -9.0   -9   -9.0   -9 -99.0 -99.0 -99.0 -99.0 -99.0
20260721 271  0.7   578  14  2.7  939  25  5.0 1145  26.0  30.2 1532  22.7  441  23.6  28.2  22.7  87.9  67.0 1528  29.2  -9.0  -9.0 -9.00  971.1 1007.3 1008.7  643 1005.3 1721  6.6  2.0 14.3 -9.0 -9.00 -9.00   -9   -9.0   -9.0 -9.00   -9.0   -9   -9.0   -9   -9.0   -9   -9.0   -9   -9.0   -9 -99.0 -99.0 -99.0 -99.0 -99.0
20260721 272  1.1   940  16  3.3 1352  18  6.1 1352  26.7  31.7 1546  23.2  426  24.1  30.2  23.5  87.3  63.0 1633  30.0  -9.0  -9.0 -9.00  983.2 1006.8 1008.4  738 1004.8 1652  7.6  3.3 14.3 -9.0 -9.00 -9.00   -9    0.0   -9.0 -9.00    0.0   -9    0.0   -9   -9.0   -9   -9.0   -9   -9.0   -9 -99.0 -99.0 -99.0 -99.0 -99.0
20260721 273  0.9   768  14  2.7 1315  27  4.2 1503  27.4  32.0 1601  24.6  331  25.1  29.5  23.9  88.4  65.0 1546  31.8  -9.0  -9.0 -9.00  986.9 1006.3 1007.5  721 1004.6 1728  8.1  2.1 14.3 -9.0 -9.00 -9.00   -9    0.4   -9.0 -9.00    0.4 2354    0.4 2354   -9.0   -9   -9.0   -9   -9.0   -9 -99.0 -99.0 -99.0 -99.0 -99.0
20260721 276  1.4  1186  27  3.8 1229  25 10.8 1403  28.3  34.2 1536  22.4  549  23.9  30.4  21.6  79.8  56.0 1427  29.7   6.3   4.4 -9.00  983.1 1006.4 1008.3  607 1004.0 1556  3.4  6.8 14.3 -9.0 21.98  3.13 1300   -9.0   -9.0 -9.00   -9.0   -9   -9.0   -9   -9.0   -9   -9.0   -9   -9.0   -9 -99.0 -99.0 -99.0 -99.0 -99.0
20260721 277  1.7  1431  14  4.3 1139  16  7.9 1145  27.7  32.4 1536  22.0  327  23.3  30.9  21.4  78.5  61.0 1524  28.6  -9.0  -9.0 -9.00 1001.9 1006.5 1008.2  651 1004.4 1742  2.3 10.8 14.3 -9.0 -9.00 -9.00   -9   -9.0   -9.0 -9.00   -9.0   -9   -9.0   -9   -9.0   -9   -9.0   -9   -9.0   -9 -99.0 -99.0 -99.0 -99.0 -99.0
20260721 278  1.4  1224  25  4.6 1226  20  8.4 1148  29.1  34.6 1519  23.2  531  24.2  31.4  22.2  76.8  55.0 1344  30.2  -9.0  -9.0 -9.00  996.8 1005.9 1007.4  612 1003.9 1700  3.6  7.9 14.3 -9.0 -9.00 -9.00   -9   -9.0   -9.0 -9.00   -9.0   -9   -9.0   -9   -9.0   -9   -9.0   -9   -9.0   -9 -99.0 -99.0 -99.0 -99.0 -99.0
20260721 279  1.4  1182  14  3.2 1342  25  6.9 1347  29.4  34.9 1549  24.4  459  23.7  31.0  23.8  73.4  54.0 1503  29.3   6.1   4.2 -9.00 1001.1 1006.6 1007.9  557 1004.7 1528  4.5  7.2 14.3 -9.0 20.57  2.66 1100   -9.0   -9.0 -9.00   -9.0   -9   -9.0   -9   -9.0   -9   -9.0   -9   -9.0   -9 -99.0 -99.0 -99.0 -99.0 -99.0
20260721 281  1.7  1498  23  4.1 1207  25  8.4 1133  28.4  33.6 1439  22.4  510  22.8  32.1  21.2  73.9  54.0 1439  27.8  -9.0  -9.0 -9.00  997.0 1007.8 1009.3  622 1005.7 1619  2.6  8.6 14.3 -9.0 -9.00 -9.00   -9   -9.0   -9.0 -9.00   -9.0   -9   -9.0   -9   -9.0   -9   -9.0   -9   -9.0   -9 -99.0 -99.0 -99.0 -99.0 -99.0
20260721 283  3.1  2707  18  5.7 1622  18  8.8 1553  29.2  35.4 1435  22.7  255  23.5  32.4  20.7  73.8  51.0 1330  29.1   8.4   5.9 -9.00 1003.1 1007.6 1009.2  623 1005.6 1710  2.6 10.4 14.3 -9.0 25.23  2.89 1100   -9.0   -9.0 -9.00   -9.0   -9   -9.0   -9   -9.0   -9   -9.0   -9   -9.0   -9 -99.0 -99.0 -99.0 -99.0 -99.0
20260721 284  1.6  1386  20  4.2 1510  16  6.6 1109  27.9  32.8 1527  22.7  302  23.7  30.9  21.3  79.5  63.0 1545  29.4   5.5   3.9 -9.00  980.7 1006.1 1007.6 2310 1004.2 1546  5.0  6.5 14.2 -9.0 20.34  3.01 1000    0.0   -9.0 -9.00    0.0   -9    0.0   -9   -9.0   -9   -9.0   -9   -9.0   -9 -99.0 -99.0 -99.0 -99.0 -99.0
20260721 285  1.5  1255  20  3.9 1250  20  7.1 1249  28.8  33.3 1505  24.7  438  24.7  31.2  24.1  79.5  63.0 1506  31.0  -9.0  -9.0 -9.00 1004.8 1007.8 1008.8 2320 1006.3 1611  4.5  5.6 14.2 -9.0 -9.00 -9.00   -9    0.0   -9.0 -9.00    0.0   -9    0.0   -9   -9.0   -9   -9.0   -9   -9.0   -9 -99.0 -99.0 -99.0 -99.0 -99.0
20260721 288  2.3  2015  18  4.7  939  16  9.2 1524  29.5  34.8 1501  24.7  525  24.4  35.2  16.9  75.6  55.0 1505  30.5   6.8   4.7 -9.00 1005.6 1006.5 1007.6  632 1004.9 1723  2.9  7.1 14.2 -9.0 23.01  3.23 1400   -9.0   -9.0 -9.00   -9.0   -9   -9.0   -9   -9.0   -9   -9.0   -9   -9.0   -9 -99.0 -99.0 -99.0 -99.0 -99.0
20260721 289  2.2  1920   7  4.5 1048   5 11.1 1017  28.0  31.7 1607  24.1  419  24.6  28.8  22.7  82.5  71.0 1601  31.0  -9.0  -9.0 -9.00  992.7 1008.2 1009.5 2357 1006.7 1547  4.9  5.0 14.2 -9.0 -9.00 -9.00   -9   -9.0   -9.0 -9.00   -9.0   -9   -9.0   -9   -9.0   -9   -9.0   -9   -9.0   -9 -99.0 -99.0 -99.0 -99.0 -99.0
20260721 294  2.0  1685   9  3.9 1039  11 11.4 1037  27.3  29.0 1507  26.1  518  24.5  28.6  25.5  85.0  78.0 1508  30.8  -9.0  -9.0 -9.00 1004.2 1009.2 1010.0  754 1008.4 1647  3.4  0.1 14.2 -9.0 -9.00 -9.00   -9    0.0   -9.0 -9.00    0.0   -9    0.0   -9   -9.0   -9   -9.0   -9   -9.0   -9 -99.0 -99.0 -99.0 -99.0 -99.0
20260721 295  1.5  1313  20  3.5  904  16  7.3  535  27.8  30.1 1305  26.0  327  24.7  30.0  23.7  83.1  74.0 1308  31.0  -9.0  -9.0 -9.00 1003.4 1008.6 1009.4 2327 1007.5 1649  4.3  3.8 14.2 -9.0 -9.00 -9.00   -9    0.0   -9.0 -9.00    0.0   -9    0.0   -9   -9.0   -9   -9.0   -9   -9.0   -9 -99.0 -99.0 -99.0 -99.0 -99.0
20260721 296  2.9  2504  18  7.0 1106  18 10.7 1121  28.3  31.9 1551  24.8  512  26.0  30.8  21.9  88.3  77.0 1552  33.7   5.4   3.8 -9.00 1007.4 1007.7 1008.6  727 1006.5 1644  2.3  7.1 14.2 -9.0 20.13  2.54 1000    0.0   -9.0  1.13    0.0   -9    0.0   -9   -9.0   -9   -9.0   -9   -9.0   -9 -99.0 -99.0 -99.0 -99.0 -99.0
20260722  90  1.4  1243  14  4.1 1304  14  6.0 1259  26.2  30.4 1215  22.0  427  23.6  27.6  22.0  86.9  60.0 1216  29.2   3.4   2.4 -9.00 1004.7 1006.7 1007.5  618 1005.8 1720  8.4  1.0 14.4 -9.0 12.67  1.71 1200    0.5   -9.0 -9.00    0.5 1623    0.5 1713   -9.0   -9   -9.0   -9   -9.0   -9 -99.0 -99.0 -99.0 -99.0 -99.0
20260722  93  0.6   502  20  3.4 1208  18  5.4 1205  26.4  30.2 1120  23.5  536  25.0  28.3  23.5  92.5  73.0 1123  31.7   2.8   1.9 -9.00  997.1 1008.0 1009.0  603 1006.8 1715  8.9  1.9 14.4 -9.0 12.23  2.85 1100    6.6   14.6  6.83    4.5 2216    2.4 2301   -9.0   -9   -9.0   -9   -9.0   -9  26.2  25.5  23.5  19.8  16.5
20260722  95  0.9   747  25  3.2 1429  25  5.5 1420  25.6  30.2 1202  22.2  332  24.3  26.9  22.3  93.8  66.0 1156  30.5   3.7   2.6 -9.00  990.5 1008.1 1009.3  640 1006.8 1719  7.5  4.3 14.4 -9.0 16.95  3.31 1100   46.5   63.7 -9.00   16.3 1907    8.8 1943   -9.0   -9   -9.0   -9   -9.0   -9 -99.0 -99.0 -99.0 -99.0 -99.0
20260722  98  0.5   397  23  2.1 1129  16  4.7 2030  25.4  29.9 1110  22.6  514  23.0  27.7  20.8  87.4  64.0 1059  28.2   2.7   1.9 -9.00  994.6 1007.7 1008.8  709 1006.3 1759  8.0  1.6 14.4 -9.0 12.59  2.30 1000   73.3   -9.0 -9.00   33.5 2146   10.5 2219   -9.0   -9   -9.0   -9   -9.0   -9 -99.0 -99.0 -99.0 -99.0 -99.0
20260722  99  0.5   441  27  1.8 1705  29  3.5 1713  25.1  28.4 1643  22.6  531  24.0  26.6  24.2  94.0  76.0 1053  29.8   2.5   1.8 -9.00 1004.8 1008.3 1009.6  749 1007.1 1630  8.0  2.6 14.4 -9.0 11.82  2.39 1000    5.6   -9.0 -9.00    4.5 1413    3.1 1458   -9.0   -9   -9.0   -9   -9.0   -9 -99.0 -99.0 -99.0 -99.0 -99.0
20260722 100  2.8  2392  27  5.1 1132  29  9.6   21  23.2  28.3 1426  21.7  550  22.1  25.1  21.3  93.9  76.0 1432  26.6   3.5   2.5 -9.00  923.0 1007.5 1008.9 2205 1005.5 1428  8.8  2.1 14.4 -9.0 13.52  2.74 1200    8.9   -9.0 -9.00    6.0  439    4.0  458   -9.0   -9   -9.0   -9   -9.0   -9 -99.0 -99.0 -99.0 -99.0 -99.0
20260722 101  0.7   626  16  3.2 1158  16  5.1 1205  26.4  29.7 1124  23.5  432  24.2  29.1  22.2  88.4  74.0 1112  30.2   2.7   1.9 -9.00  998.4 1006.9 1008.0  602 1005.6 1726  9.0  0.6 14.4 -9.0 11.49  1.97 1100    5.2   11.4 -9.00    3.2 2219    1.1 1302   -9.0   -9   -9.0   -9   -9.0   -9  26.3  24.5  22.6  17.7  15.3
20260722 102  2.2  1887  16  4.6 1827  16  7.0 1837  23.4  27.1 1520  20.3  312  21.4  28.3  18.7  89.4  73.0 1523  25.6   5.2   3.7  9.50 1002.3 1006.4 1007.9  646 1004.9 1757  8.9  4.9 14.4 -9.0 22.32  3.43 1100    0.0   -9.0  0.83    0.0   -9    0.0   -9   -9.0   -9   -9.0   -9   -9.0   -9 -99.0 -99.0 -99.0 -99.0 -99.0
20260722 104  1.0   861  16  2.7  310  16  4.4  307  26.7  30.9 1229  22.8  222  25.0  28.3  22.8  91.3  76.0 1247  31.7   4.5   3.2  1.17  997.4 1005.9 1006.8 2151 1004.8 1456  8.8  2.9 14.4 -9.0 14.83  2.63 1200    0.6    0.0  3.17    0.6  541    0.3  553   -9.0   -9   -9.0   -9   -9.0   -9  24.9  23.4  21.7  16.8  14.1
20260722 105  1.5  1270  25  3.3  954  25  5.3  804  27.6  32.9 1353  23.4  332  23.7  29.2  24.1  80.3  61.0 1346  29.3   5.5   3.9 -9.00 1003.8 1006.9 1007.9 2154 1005.6 1501  8.6  4.0 14.4 -9.0 17.00  3.45 1300    2.1   -9.0 -9.00    2.0  513    1.0  530   -9.0   -9   -9.0   -9   -9.0   -9  26.4  24.6  23.2  18.6  15.8
20260722 106  1.3  1149   5  2.9 1205  16  4.8 1047  26.2  30.3 1032  23.6  330  24.2  30.7  23.8  89.0  72.0 1033  30.2   5.4   3.8 -9.00 1002.7 1007.3 1008.4  615 1006.1 1508  7.6  8.7 14.4 -9.0 22.42  3.28 1300    1.6   -9.0 -9.00    1.6  517    1.6  517   -9.0   -9   -9.0   -9   -9.0   -9 -99.0 -99.0 -99.0 -99.0 -99.0
20260722 108  1.3  1162  20  3.2 1715  18  5.7 1711  25.7  27.7 1654  23.7  538  24.2  25.6  22.1  91.6  84.0 1702  30.2   1.8   1.2 -9.00  998.2 1007.9 1008.9  654 1006.6 1659  8.8  0.0 14.4 -9.0  6.07  0.72 1400   12.5   14.6  7.78    5.9 1058    3.3 1107   -9.0   -9   -9.0   -9   -9.0   -9  26.1  25.0  24.9  21.4  15.4
20260722 112  1.5  1257  25  3.6 1609  20  5.8 2238  25.3  27.4 1447  23.1  441  25.0  27.2  21.5  98.1  95.0 1643  31.7   1.9   1.3 -9.00  999.7 1007.6 1008.6  658 1006.4 1751  7.9  0.3 14.4 -9.0  8.78  1.65 1400    8.2    8.2  6.17    4.6 2215    4.6 2228   -9.0   -9   -9.0   -9   -9.0   -9  24.7  24.2  19.1  21.8  14.9
20260722 114  0.7   639  32  3.1  408  29  5.6  415  26.2  29.0 1250  24.3  513  24.8  27.4  24.1  92.4  82.0 1205  31.4   2.0   1.4 -9.00  990.9 1007.8 1008.8  709 1006.5 1649  9.1  0.5 14.4 -9.0  7.59  1.12 1100   30.6   -9.0 -9.00   15.6  327    8.4  402   -9.0   -9   -9.0   -9   -9.0   -9 -99.0 -99.0 -99.0 -99.0 -99.0
20260722 115  2.5  2198  25  7.8   15  27 13.3  145  28.7  31.2 1224  26.6 2034  24.9  32.3  23.6  80.6  75.0 1241  31.6   6.7   4.7 -9.00  982.7 1007.3 1008.3  743 1006.0  145  3.8 10.6 14.4 -9.0 25.12  3.16 1200   -9.0   -9.0 -9.00   -9.0   -9   -9.0   -9   -9.0   -9   -9.0   -9   -9.0   -9  23.6  20.4  18.9  14.2  13.3
20260722 119  1.1   976  23  2.7 1853  25  4.8 1403  26.2  29.1 1431  23.7  250  24.0  27.7  24.2  88.1  77.0 1447  29.8   2.4   1.7 -9.00 1003.0 1007.5 1008.5  637 1006.3 1716  9.1  0.3 14.3 -9.0  8.23  1.47 1400   10.1    6.2  6.47    5.2  948    2.5 1010   -9.0   -9   -9.0   -9   -9.0   -9  25.5  24.1  22.1  17.3  14.6
20260722 121  0.8   717  27  3.2 1538  27  6.0 1621  27.0  32.2 1545  24.6  430  25.0  29.7  24.7  89.8  67.0 1545  31.7   4.1   2.9 -9.00  981.2 1008.1 1009.4 2150 1006.3 1610  8.3  3.8 14.3 -9.0 16.25  2.39 1300    5.0   -9.0 -9.00    3.3 2126    2.8 2204   -9.0   -9   -9.0   -9   -9.0   -9 -99.0 -99.0 -99.0 -99.0 -99.0
20260722 127  0.9   781  34  3.0 1623  23  6.3 2021  27.4  32.4 1449  25.0 2343  24.8  29.3  25.0  86.5  68.0 1452  31.2   4.1   2.9 -9.00  994.2 1007.1 1008.4 2130 1005.5 1632  7.8  2.5 14.3 -9.0 16.04  2.61 1400   14.7   -9.0 -9.00   10.4 2012    8.7 2020   -9.0   -9   -9.0   -9   -9.0   -9 -99.0 -99.0 -99.0 -99.0 -99.0
20260722 129  2.2  1871  23  5.4 1435  20  9.2 1432  26.3  30.2 1444  23.7  353  25.5  27.1  23.4  95.5  79.0 1445  32.6   2.9   2.0 -9.00 1004.9 1007.8 1008.6  707 1006.6 1625  9.0  1.0 14.3 -9.0 11.37  2.30 1400   24.4    0.9 -9.00   19.2  304    5.6  343   -9.0   -9   -9.0   -9   -9.0   -9  25.4  24.8  23.6  18.0  15.5
20260722 130  1.6  1417  18  4.4 1254  16  7.4 1246  26.5  30.1 1215  23.6  602  23.9  32.6  23.0  86.0  70.0 1216  29.6  -9.0  -9.0 -9.00 1001.6 1007.2 1008.4  646 1005.7 1711  4.6 11.2 14.3 -9.0 -9.00 -9.00   -9    0.3   -9.0 -9.00    0.3  352    0.3  358   -9.0   -9   -9.0   -9   -9.0   -9 -99.0 -99.0 -99.0 -99.0 -99.0
20260722 131  1.3  1094  27  3.3 1221  27  8.8 1835  28.6  32.2 1207  26.2  606  24.6  29.9  26.8  79.8  63.0 1211  30.9   5.7   4.0 -9.00 1000.8 1007.4 1008.6  657 1005.8 1638  7.6  5.8 14.3 -9.0 21.70  3.35 1100   20.7   12.3  5.83    8.4  520    5.0  551   -9.0   -9   -9.0   -9   -9.0   -9 -99.0 -99.0 -99.0 -99.0 -99.0
20260722 133  1.9  1601  20  5.2 1317  18  9.6 1516  27.7  32.7 1338  25.1 1522  25.6  29.6  25.7  89.0  62.0 1308  32.8   4.6   3.2 -9.00 1000.4 1008.0 1009.1  635 1006.3 1641  6.9  4.0 14.3 -9.0 18.04  2.92 1200   11.1    7.3  6.42    6.6 1436    4.7 1519   -9.0   -9   -9.0   -9   -9.0   -9  28.1  26.4  24.5  20.3  17.1
20260722 135  1.4  1200  29  4.0 1822  29  6.7 1629  27.6  33.1 1444  23.7  519  23.8  30.4  24.1  81.5  57.0 1445  29.5   6.3   4.4 -9.00  980.1 1007.4 1009.0  651 1005.3 1631  5.0  8.8 14.3 -9.0 23.47  3.26 1100    0.0   -9.0 -9.00    0.0   -9    0.0   -9   -9.0   -9   -9.0   -9   -9.0   -9 -99.0 -99.0 -99.0 -99.0 -99.0
20260722 136  1.4  1172  32  3.8 1856  32  8.0 1854  29.1  34.2 1640  25.8 2328  24.6  33.8  25.7  77.8  59.0 1643  31.0   5.8   4.1 -9.00  992.6 1008.4 1009.8  703 1005.9 1716  6.0  5.9 14.3 -9.0 22.14  3.06 1400    2.8    2.8  0.70    2.8 2215    1.4 2238   -9.0   -9   -9.0   -9   -9.0   -9 -99.0 -99.0 -99.0 -99.0 -99.0
20260722 137  0.9   741  23  2.5 1532  29  5.6 2054  29.1  34.6 1606  25.7  459  25.3  32.7  25.3  81.3  56.0 1506  32.3   6.5   4.5 -9.00  995.9 1006.7 1008.2  655 1004.4 1633  5.6  7.3 14.3 -9.0 23.64  3.31 1300   -9.0   -9.0 -9.00   -9.0   -9   -9.0   -9   -9.0   -9   -9.0   -9   -9.0   -9 -99.0 -99.0 -99.0 -99.0 -99.0
20260722 138  3.2  2728  25  4.9  407  27  8.6  130  31.8  37.0 1645  27.4  529  22.1  34.7  25.2  57.8  40.0 1541  26.6   9.4   6.6 -9.00 1006.3 1006.7 1008.4  728 1004.4 1700  1.8 11.6 14.2 -9.0 25.44  3.49 1200   -9.0   -9.0 -9.00   -9.0   -9   -9.0   -9   -9.0   -9   -9.0   -9   -9.0   -9  25.3  22.4  20.9  17.7  16.2
20260722 140  1.9  1663  29  5.0 1613  32  8.2 1719  28.6  32.0 1346  26.5  315  25.6  30.7  24.5  84.6  69.0 1459  32.8  -9.0  -9.0 -9.00 1005.5 1008.7 1009.7  743 1007.3 1615  6.3  4.2 14.2 -9.0 -9.00 -9.00   -9    0.8   -9.0 -9.00    0.8   -9    0.8  259   -9.0   -9   -9.0   -9   -9.0   -9 -99.0 -99.0 -99.0 -99.0 -99.0
20260722 143  1.3  1090  27  3.0 1506  20  4.7 1740  30.5  35.6 1517  25.9  526  22.6  34.6  24.0  64.4  45.0 1519  27.4   5.8   4.1 -9.00 1001.1 1007.2 1008.9  717 1004.8 1651  2.6  8.6 14.2 -9.0 19.84  2.64 1000   -9.0   -9.0 -9.00   -9.0   -9   -9.0   -9   -9.0   -9   -9.0   -9   -9.0   -9 -99.0 -99.0 -99.0 -99.0 -99.0
20260722 146  1.9  1601  25  5.8 1356  25  9.5 1351  29.1  33.1 1249  26.1  553  24.7  30.7  25.2  78.0  60.0 1731  31.1   5.8   4.1 -9.00 1001.2 1008.0 1009.3  610 1006.2 1700  6.4  5.7 14.2 -9.0 19.98  3.35 1200    5.4    1.4 -9.00    4.0  520    3.7  547   -9.0   -9   -9.0   -9   -9.0   -9 -99.0 -99.0 -99.0 -99.0 -99.0
20260722 152  2.7  2339  23  5.9 1149  20  9.0 1502  30.1  35.1 1353  25.9  557  21.8  34.8  24.3  62.6  45.0 1343  26.1   8.9   6.2 -9.00  998.0 1007.1 1008.6  727 1005.2 1548  0.6 12.1 14.2 -9.0 26.06  3.40 1100   -9.0   -9.0 -9.00   -9.0   -9   -9.0   -9   -9.0   -9   -9.0   -9   -9.0   -9 -99.0 -99.0 -99.0 -99.0 -99.0
20260722 155  2.1  1841  18  5.3 1240  20  9.7 1415  29.1  33.4 1326  26.1  424  24.7  34.0  24.3  78.4  60.0 1329  31.2   6.4   4.5 -9.00 1004.9 1008.9 1009.9  655 1007.5 1627  3.3 10.7 14.2 -9.0 24.02  3.13 1300   -9.0   -9.0 -9.00   -9.0   -9   -9.0   -9   -9.0   -9   -9.0   -9   -9.0   -9 -99.0 -99.0 -99.0 -99.0 -99.0
20260722 156  3.0  2634  16  5.2 1207  25 11.2 1308  28.9  33.3 1335  26.9  517  25.0  31.5  25.1  80.3  63.0 1425  31.7   5.0   3.5 -9.00 1000.4 1008.3 1009.5  734 1007.1 1636  5.9  4.1 14.2 -9.0 17.54  2.91 1200   -9.0   -9.0 -9.00   -9.0   -9   -9.0   -9   -9.0   -9   -9.0   -9   -9.0   -9 -99.0 -99.0 -99.0 -99.0 -99.0
20260722 159  4.7  4019  25  8.1 1543  23 11.9 1642  28.8  31.8 1443  26.0  447  24.0  35.6  23.2  76.0  60.0 1508  29.9   9.0   6.3 -9.00 1000.6 1008.4 1009.5  709 1006.9 1625  1.1 11.5 14.2 -9.0 29.12  3.68 1200   -9.0   -9.0 -9.00   -9.0   -9   -9.0   -9   -9.0   -9   -9.0   -9   -9.0   -9  26.9  24.5  22.8  18.1  17.6
20260722 162  2.9  2531  23  6.9 1402  23 11.2 1416  27.9  31.3 1602  25.1  525  24.4  31.7  24.1  82.4  63.0 1332  30.6   6.6   4.6 -9.00 1005.1 1008.6 1009.5  653 1007.5 1644  0.9  9.3 14.2 -9.0 25.80  3.48 1200   -9.0   -9.0 -9.00   -9.0   -9   -9.0   -9   -9.0   -9   -9.0   -9   -9.0   -9 -99.0 -99.0 -99.0 -99.0 -99.0
20260722 165  3.8  3317  18  6.3 1002  18 10.5  958  28.4  31.2 1528  26.6  533  25.3  30.6  25.2  84.1  70.0 1529  32.2   5.4   3.8 -9.00 1003.4 1008.5 1009.5  704 1007.5 1638  5.1  5.0 14.1 -9.0 18.78  2.57 1300    0.0   -9.0  0.32    0.0   -9    0.0   -9   -9.0   -9   -9.0   -9   -9.0   -9  27.4  24.2  22.9  19.5  16.8
20260722 168  4.0  3421  23  6.4 1418  20  9.0 1616  28.1  30.1 1249  26.1  307  25.4  33.1  26.1  86.0  71.0 1244  32.4   6.9   4.8 -9.00 1002.0 1009.5 1010.5  814 1008.5 1707  2.4 10.8 14.1 -9.0 26.96  3.52 1200   -9.0   -9.0 -9.00   -9.0   -9   -9.0   -9   -9.0   -9   -9.0   -9   -9.0   -9  28.8  25.4  22.7  18.8  17.2
20260722 169  6.5  5576  18  9.7 2148  18 12.6 2023  25.9  30.2 1249  23.7    1  24.6  28.6  24.7  93.1  77.0 1301  30.9   3.9   2.7  8.63  999.3 1007.8 1008.4    1 1006.9 1749  8.6  1.3 14.1 -9.0 13.98  2.64 1200   -9.0   -9.0 -9.00   -9.0   -9   -9.0   -9   -9.0   -9   -9.0   -9   -9.0   -9 -99.0 -99.0 -99.0 -99.0 -99.0
20260722 170  2.5  2123  11  5.1 1205  27 10.1  216  29.1  33.2 1259  25.6 2342  24.9  32.4  25.9  79.0  64.0 1420  31.5   5.9   4.1 -9.00 1005.1 1009.0 1010.0  707 1007.9 1730  2.4  7.3 14.1 -9.0 21.26  3.22 1200    0.1   -9.0 -9.00    0.1   -9    0.1   -9   -9.0   -9   -9.0   -9   -9.0   -9 -99.0 -99.0 -99.0 -99.0 -99.0
20260722 172  2.9  2502  20  5.5 1308  18  8.7 1306  28.1  31.4 1118  26.2  449  25.4  28.4  25.0  86.0  65.0 1130  32.4   5.1   3.5 -9.00 1002.1 1008.0 1008.9  703 1006.8 1659  6.1  5.0 14.2 -9.0 19.12  2.99 1000    9.4   -9.0 -9.00    4.7  342    3.9  346   -9.0   -9   -9.0   -9   -9.0   -9 -99.0 -99.0 -99.0 -99.0 -99.0
20260722 174  1.3  1102  16  4.5 1325  16  7.2 1347  27.3  30.8 1500  24.5  456  23.2  33.1  25.0  79.8  60.0 1456  28.5  -9.0  -9.0 -9.00  989.0 1007.5 1008.5  653 1006.1 1703  3.3  4.5 14.2 -9.0 -9.00 -9.00   -9   -9.0   -9.0 -9.00   -9.0   -9   -9.0   -9   -9.0   -9   -9.0   -9   -9.0   -9 -99.0 -99.0 -99.0 -99.0 -99.0
20260722 177  2.3  2029  18  5.6 1512  20 10.5 1433  27.6  31.4 1411  24.5  554  25.2  29.6  24.7  87.4  75.0 1412  32.1   5.1   3.6 -9.00 1003.3 1006.4 1007.5  728 1005.1 1630  8.1  3.7 14.3 -9.0 18.69  3.09 1400   10.4    0.0  8.08    6.4  345    3.8  413   -9.0   -9   -9.0   -9   -9.0   -9 -99.0 -99.0 -99.0 -99.0 -99.0
20260722 181  1.7  1487  23  5.4 1833  20 10.9 1828  27.3  31.0 1534  24.8 2329  25.0  29.4  24.9  87.8  70.0 1556  31.6   4.6   3.2 -9.00 1004.2 1008.0 1009.0  654 1006.5 1600  7.0  5.1 14.3 -9.0 18.48  2.62 1500   21.8   -9.0 -9.00    7.5 1234    7.0 1832   -9.0   -9   -9.0   -9   -9.0   -9 -99.0 -99.0 -99.0 -99.0 -99.0
20260722 184  3.1  2708   5  6.1 1548   2  9.1 1533  30.1  32.9 1224  28.1  627  23.7  39.0  26.3  69.3  54.0 1037  29.4   8.4   5.9 -9.00 1005.7 1008.0 1009.2  722 1006.9 1508  0.8 12.8 14.0 -9.0 28.26  3.45 1200   -9.0   -9.0 -9.00   -9.0   -9   -9.0   -9   -9.0   -9   -9.0   -9   -9.0   -9  30.5  28.2  26.4  23.0  18.4
20260722 185  6.7  5796  14  9.4 1231  14 11.9 1025  27.6  29.6 1427  25.9  533  25.5  31.6  25.8  89.1  80.0 1138  32.7   6.6   4.6 -9.00 1000.7 1008.7 1009.8    1 1007.5 1645  1.0 10.4 14.0 -9.0 25.70  3.41 1200   -9.0   -9.0 -9.00   -9.0   -9   -9.0   -9   -9.0   -9   -9.0   -9   -9.0   -9 -99.0 -99.0 -99.0 -99.0 -99.0
20260722 188  4.2  3589  18  6.6 1035  18  9.1 1035  28.5  31.0 1313  26.4  524  25.8  35.3  25.6  85.6  74.0 1740  33.2  -9.0  -9.0 -9.00 1007.2 1009.5 1010.6  811 1008.4 1715  0.4 11.3 14.0 -9.0 -9.00 -9.00   -9   -9.0   -9.0 -9.00   -9.0   -9   -9.0   -9   -9.0   -9   -9.0   -9   -9.0   -9 -99.0 -99.0 -99.0 -99.0 -99.0
20260722 189  1.6  1421  20  2.9 1544  27  5.3    1  29.2  32.3 1713  27.0  410  25.9  33.3  26.1  82.8  70.0 1706  33.4   6.3   4.4 -9.00 1004.0 1009.8 1010.8  832 1008.6 1656  5.9  9.6 14.0 -9.0 24.21  3.36 1100    0.2    0.3  0.53    0.2   -9    0.2   -9   -9.0   -9   -9.0   -9   -9.0   -9 -99.0 -99.0 -99.0 -99.0 -99.0
20260722 192  1.3  1083  23  3.1 1433  18  9.8 1430  28.9  32.7 1211  26.2  531  24.5  37.5  24.1  78.1  63.0 1216  30.8   6.6   4.6 -9.00 1005.5 1008.8 1009.7  711 1007.7 1557  1.8 10.9 14.2 -9.0 25.88  3.25 1300   -9.0   -9.0 -9.00   -9.0   -9   -9.0   -9   -9.0   -9   -9.0   -9   -9.0   -9 -99.0 -99.0 -99.0 -99.0 -99.0
20260722 201  0.9   801  25  2.7 1731  27  4.8 1729  24.7  27.1 1315  22.3  431  24.2  26.3  22.5  97.1  83.0 1019  30.2  -9.0  -9.0 -9.00 1003.0 1008.4 1009.7  726 1007.2 1741  8.0  0.3 14.4 -9.0 -9.00 -9.00   -9    1.3   -9.0 -9.00    0.7 1301    0.6 1349   -9.0   -9   -9.0   -9   -9.0   -9 -99.0 -99.0 -99.0 -99.0 -99.0
20260722 202  0.6   512  14  2.2 1439   9  3.7 1438  25.6  28.0 1343  24.2  448  24.8  27.2  24.6  95.9  82.0 1346  31.3  -9.0  -9.0 -9.00 1002.9 1008.3 1009.1  736 1007.0 1723  8.6  0.3 14.4 -9.0 -9.00 -9.00   -9   29.5   -9.0 -9.00   12.2 1430    8.7 1432   -9.0   -9   -9.0   -9   -9.0   -9 -99.0 -99.0 -99.0 -99.0 -99.0
20260722 203  0.4   361  18  1.5  340  16  3.6 2104  26.1  29.3 1208  24.6  653  25.6  27.2  24.6  97.6  85.0 1208  32.7  -9.0  -9.0 -9.00  999.4 1008.5 1009.4 2132 1007.3 1636  9.0  0.3 14.3 -9.0 -9.00 -9.00   -9   28.0   -9.0 -9.00   11.8  321    7.3 1319   -9.0   -9   -9.0   -9   -9.0   -9 -99.0 -99.0 -99.0 -99.0 -99.0
20260722 211  1.1   908  20  3.4 1250  20  6.4 1248  25.6  30.5 1204  22.5  602  23.5  27.9  21.3  89.0  66.0 1206  29.0  -9.0  -9.0 -9.00  984.7 1007.4 1008.7  618 1006.4 1726  8.6  1.4 14.4 -9.0 -9.00 -9.00   -9    1.1   -9.0 -9.00    1.0 2243    0.7 2249   -9.0   -9   -9.0   -9   -9.0   -9 -99.0 -99.0 -99.0 -99.0 -99.0
20260722 212  0.2   189  25  1.2 1607  29  2.4 1605  25.6  27.9 1357  24.0  453  24.4  26.7  23.8  93.8  82.0 1506  30.6  -9.0  -9.0 -9.00  992.5 1008.4 1009.2  717 1007.3 1646  9.0  0.0 14.4 -9.0 -9.00 -9.00   -9   10.3   -9.0 -9.00    4.5  556    1.7  307   -9.0   -9   -9.0   -9   -9.0   -9 -99.0 -99.0 -99.0 -99.0 -99.0
20260722 216  1.2  1011  20  3.7 1227  27  7.1 1222  25.9  31.9 1500  22.5 2258  21.9  29.5  23.4  80.8  53.0 1237  26.3   5.5   3.9 -9.00  929.5 1007.2 1009.3 2210 1004.3 1500  7.6  5.6 14.3 -9.0 20.08  3.62 1200    1.4   -9.0 -9.00    0.8  119    0.3  132   -9.0   -9   -9.0   -9   -9.0   -9 -99.0 -99.0 -99.0 -99.0 -99.0
20260722 217  1.3  1140  18  3.5 1142  14  6.3   28  27.5  32.6 1335  24.2  533  24.3  29.6  24.7  83.8  61.0 1336  30.3  -9.0  -9.0 -9.00  973.1 1007.8 1009.3 2136 1005.9 1453  8.3  3.8 14.4 -9.0 -9.00 -9.00   -9    6.8   -9.0 -9.00    4.1 1938    2.6 2007   -9.0   -9   -9.0   -9   -9.0   -9 -99.0 -99.0 -99.0 -99.0 -99.0
20260722 221  0.9   775  23  3.0 1545  25  5.6 1544  26.2  29.8 1503  24.2  601  24.8  29.4  24.5  92.6  73.0 1511  31.2  -9.0  -9.0 -9.00  978.2 1007.8 1009.1 2126 1006.3 1637  8.8  2.7 14.3 -9.0 -9.00 -9.00   -9    7.9   -9.0 -9.00    4.6 1535    3.6 1538   -9.0   -9   -9.0   -9   -9.0   -9 -99.0 -99.0 -99.0 -99.0 -99.0
20260722 226  0.9   758  11  3.1 2113  18  6.8 1259  27.3  32.0 1459  24.6 2356  24.9  30.0  24.0  88.1  64.0 1434  31.5  -9.0  -9.0 -9.00  988.9 1008.2 1009.4  706 1006.5 1503  7.0  3.6 14.3 -9.0 -9.00 -9.00   -9    8.6   -9.0 -9.00    4.6 1518    3.9 1554   -9.0   -9   -9.0   -9   -9.0   -9 -99.0 -99.0 -99.0 -99.0 -99.0
20260722 232  1.1   945  11  3.2 1907  23  6.5 1300  27.4  31.8 1536  24.7  636  25.9  30.0  24.5  92.3  71.0 1628  33.4  -9.0  -9.0 -9.00  998.8 1008.4 1009.6  651 1006.6 1612  7.9  4.7 14.3 -9.0 -9.00 -9.00   -9    3.2   -9.0 -9.00    1.7    1    0.8   34   -9.0   -9   -9.0   -9   -9.0   -9 -99.0 -99.0 -99.0 -99.0 -99.0
20260722 235  3.5  3021  20  6.0 1240  23  9.2 1236  27.3  30.6 1317  25.9    1  25.4  28.1  25.5  89.6  76.0 1305  32.4   4.4   3.1 -9.00 1006.2 1007.3 1008.1  740 1006.3 1640  8.4  2.6 14.3 -9.0 15.01  3.30 1300    0.2   -9.0 -9.00    0.2   -9    0.2   -9   -9.0   -9   -9.0   -9   -9.0   -9 -99.0 -99.0 -99.0 -99.0 -99.0
20260722 236  1.3  1116  20  3.9 1419  27  6.5 1248  27.8  32.1 1350  25.6 2355  25.2  30.4  25.4  86.9  66.0 1352  32.1  -9.0  -9.0 -9.00 1006.8 1008.3 1009.1  644 1006.7 1627  6.4  2.9 14.3 -9.0 -9.00 -9.00   -9    4.7   -9.0 -9.00    4.0  737    2.9  737   -9.0   -9   -9.0   -9   -9.0   -9 -99.0 -99.0 -99.0 -99.0 -99.0
20260722 238  0.8   723  18  2.8 1303  18  4.9 1259  27.9  33.4 1343  25.4  643  25.4  29.1  24.8  87.9  57.0 1411  32.4  -9.0  -9.0 -9.00  988.5 1007.5 1008.8  634 1005.6 1648  6.1  2.6 14.2 -9.0 -9.00 -9.00   -9    5.1   -9.0 -9.00    5.1  627    3.3  636   -9.0   -9   -9.0   -9   -9.0   -9 -99.0 -99.0 -99.0 -99.0 -99.0
20260722 239  1.3  1115  18  3.2 1537  16  6.8 1132  27.1  31.6 1432  24.9 2355  25.3  30.8  25.1  91.0  70.0 1506  32.3   4.9   3.4 -9.00  997.2 1007.3 1008.5  645 1005.4 1633  7.0  5.0 14.3 -9.0 20.10  2.77 1200   35.6   -9.0 -9.00   20.4  457   12.2  506   -9.0   -9   -9.0   -9   -9.0   -9 -99.0 -99.0 -99.0 -99.0 -99.0
20260722 243  1.9  1604  20  4.5 1312  20  9.1 1652  28.7  32.3 1454  26.4  304  24.6  31.0  24.1  79.1  61.0 1304  30.9  -9.0  -9.0 -9.00 1006.9 1008.3 1009.3  731 1006.9 1631  5.6  4.4 14.2 -9.0 -9.00 -9.00   -9    0.3   -9.0 -9.00    0.3   -9    0.3 1326   -9.0   -9   -9.0   -9   -9.0   -9 -99.0 -99.0 -99.0 -99.0 -99.0
20260722 244  1.5  1293  25  3.5 1718  32  6.4 1658  27.2  31.9 1411  24.9  555  24.1  30.0  24.0  84.3  61.0 1413  30.0  -9.0  -9.0 -9.00  980.6 1008.1 1009.3  730 1006.4 1624  6.8  3.0 14.2 -9.0 -9.00 -9.00   -9    1.7   -9.0 -9.00    1.3  529    0.9  532   -9.0   -9   -9.0   -9   -9.0   -9 -99.0 -99.0 -99.0 -99.0 -99.0
20260722 245  2.6  2210  18  5.9 1531  23 10.2 1531  28.8  32.6 1443  25.4  458  24.3  29.3  24.7  77.8  61.0 1557  30.5   5.8   4.0 -9.00 1000.4 1008.1 1009.2  729 1006.5 1653  5.5  6.4 14.2 -9.0 18.54  2.61 1100   19.2   -9.0 -9.00   19.2  426   10.2  447   -9.0   -9   -9.0   -9   -9.0   -9 -99.0 -99.0 -99.0 -99.0 -99.0
20260722 247  1.6  1413  23  4.3 1259  23  7.0 1257  28.6  33.8 1343  25.4 2326  24.2  29.1  24.2  77.6  60.0 1346  30.1  -9.0  -9.0 -9.00  993.2 1008.1 1009.5  754 1006.6 1537  6.1  3.0 14.2 -9.0 -9.00 -9.00   -9    0.0   -9.0 -9.00   -9.0   -9   -9.0   -9   -9.0   -9   -9.0   -9   -9.0   -9 -99.0 -99.0 -99.0 -99.0 -99.0
20260722 248  1.3  1163  23  3.1 1423  23  6.5 1213  26.1  31.0 1447  22.6 2352  23.2  27.5  21.7  85.1  62.0 1434  28.4  -9.0  -9.0 -9.00  963.4 1008.6 1009.7 2359 1006.9 1436  7.4  3.9 14.2 -9.0 -9.00 -9.00   -9    2.6   -9.0 -9.00    1.7 1535    1.2 1534   -9.0   -9   -9.0   -9   -9.0   -9 -99.0 -99.0 -99.0 -99.0 -99.0
20260722 251  2.5  2161  20  5.2 1621  18  8.8 1444  28.2  31.6 1432  25.2 2246  25.4  29.4  24.6  85.6  73.0 1405  32.5   4.7   3.3 -9.00 1002.4 1008.0 1009.2  729 1006.7 1635  6.0  4.7 14.2 -9.0 17.51  2.29 1100   16.7   -9.0 -9.00   16.4  342   11.8  412   -9.0   -9   -9.0   -9   -9.0   -9 -99.0 -99.0 -99.0 -99.0 -99.0
20260722 252  2.5  2155  20  5.2 1525  20 10.0 1434  28.6  32.3 1422  26.1  325  24.9  30.5  24.7  81.4  64.0 1445  31.6   5.7   4.0 -9.00 1003.8 1008.0 1009.0  720 1006.8 1655  5.6  5.3 14.2 -9.0 20.98  2.83 1400    0.9   -9.0 -9.00    0.6 1055    0.6 1104   -9.0   -9   -9.0   -9   -9.0   -9 -99.0 -99.0 -99.0 -99.0 -99.0
20260722 253  1.9  1599  25  5.0 1512  27  8.9 1429  29.7  34.3 1221  25.9  548  24.7  35.4  23.6  75.8  59.0 1321  31.1   6.7   4.7 -9.00 1003.3 1009.4 1010.5  701 1008.2 1607  1.5 10.3 14.2 -9.0 24.26  3.03 1200   -9.0   -9.0 -9.00   -9.0   -9   -9.0   -9   -9.0   -9   -9.0   -9   -9.0   -9 -99.0 -99.0 -99.0 -99.0 -99.0
20260722 254  1.6  1411  27  4.9 1500  27  9.1 1455  28.5  32.7 1319  25.3 2341  23.8  31.7  24.2  76.9  57.0 1305  29.4   4.6   3.2 -9.00  994.2 1008.7 1009.9  720 1007.2 1713  6.3  3.5 14.2 -9.0 16.98  2.50 1200    0.5   -9.0 -9.00    0.3  248    0.3  338   -9.0   -9   -9.0   -9   -9.0   -9 -99.0 -99.0 -99.0 -99.0 -99.0
20260722 255  1.2  1037  18  2.8 1041  18  7.7 1352  30.2  34.4 1334  27.0  454  24.7  33.6  23.1  73.4  58.0 1346  31.1   6.7   4.7 -9.00 1002.7 1008.4 1009.5  703 1006.7 1720  1.8 12.4 14.2 -9.0 25.16  3.26 1300   -9.0   -9.0 -9.00   -9.0   -9   -9.0   -9   -9.0   -9   -9.0   -9   -9.0   -9 -99.0 -99.0 -99.0 -99.0 -99.0
20260722 257  3.0  2585  20  5.5 1436  20  9.9 1414  30.4  35.4 1519  26.1  535  25.4  37.3  23.5  76.5  54.0 1520  32.5   7.4   5.2 -9.00 1007.7 1008.4 1009.8  709 1006.9 1626  0.9  8.8 14.2 -9.0 23.76  3.30 1300   -9.0   -9.0 -9.00   -9.0   -9   -9.0   -9   -9.0   -9   -9.0   -9   -9.0   -9 -99.0 -99.0 -99.0 -99.0 -99.0
20260722 258  2.3  2007  25  4.8 1115  27  6.7 1050  28.5  31.7 1237  26.0  517  25.4  29.6  24.9  84.1  63.0 1249  32.5   6.4   4.5 -9.00 1009.2 1009.4 1010.4  745 1008.3 1648  2.6  7.4 14.1 -9.0 24.32  3.65 1200   -9.0   -9.0 -9.00   -9.0   -9   -9.0   -9   -9.0   -9   -9.0   -9   -9.0   -9 -99.0 -99.0 -99.0 -99.0 -99.0
20260722 259  1.3  1083  16  3.0 1246  18  6.8 1057  28.8  33.1 1348  26.3 2311  25.3  30.4  25.5  82.8  62.0 1332  32.3   5.4   3.7 -9.00 1006.7 1008.5 1009.6  732 1007.4 1601  3.8  5.6 14.1 -9.0 20.32  3.48 1200   -9.0   -9.0 -9.00   -9.0   -9   -9.0   -9   -9.0   -9   -9.0   -9   -9.0   -9 -99.0 -99.0 -99.0 -99.0 -99.0
20260722 260  2.2  1883  14  5.1 1302  14  8.2 1252  28.0  31.4 1105  26.1  548  25.6  30.0  25.4  87.1  70.0 1138  32.8  -9.0  -9.0 -9.00 1003.7 1008.7 1009.7  734 1007.5 1606  4.5  4.3 14.1 -9.0 -9.00 -9.00   -9    0.0   -9.0 -9.00    0.0   -9    0.0   -9   -9.0   -9   -9.0   -9   -9.0   -9 -99.0 -99.0 -99.0 -99.0 -99.0
20260722 261  3.0  2607  25  6.2 1449  20  9.8    8  28.6  32.5 1340  26.1 2349  25.6  32.3  25.1  84.4  67.0 1343  32.8  -9.0  -9.0 -9.00 1007.1 1009.0 1010.0  717 1008.0 1640  3.4  6.6 14.1 -9.0 -9.00 -9.00   -9    0.2   -9.0 -9.00    0.1   -9    0.1   -9   -9.0   -9   -9.0   -9   -9.0   -9 -99.0 -99.0 -99.0 -99.0 -99.0
20260722 262  2.5  2124  18  5.3 1056  20  9.2 1530  28.8  32.1 1413  25.9 2359  24.7  34.6  26.8  79.5  62.0 1602  31.2   7.0   4.9 -9.00 1003.2 1009.1 1010.1  801 1008.0 1707  2.1 11.3 14.1 -9.0 24.93  2.96 1100   -9.0   -9.0 -9.00   -9.0   -9   -9.0   -9   -9.0   -9   -9.0   -9   -9.0   -9 -99.0 -99.0 -99.0 -99.0 -99.0
20260722 263  2.7  2347  23  6.4 1326  25 10.3 1452  29.6  34.3 1359  25.1  554  24.5  35.1  23.1  75.5  57.0 1403  30.7   7.6   5.3 -9.00 1007.0 1008.6 1009.6  725 1007.1 1611  1.4  9.6 14.2 -9.0 25.20  2.95 1300   -9.0   -9.0 -9.00   -9.0   -9   -9.0   -9   -9.0   -9   -9.0   -9   -9.0   -9 -99.0 -99.0 -99.0 -99.0 -99.0
20260722 264  1.0   825  34  3.5 1216   2  5.7 1608  28.6  34.2 1339  24.5  552  24.9  30.6  23.9  82.0  58.0 1313  31.5   5.3   3.7 -9.00  991.3 1008.3 1009.7  630 1006.2 1607  5.3  5.8 14.2 -9.0 20.15  2.81 1000    0.0   -9.0 -9.00    0.0   -9    0.0   -9   -9.0   -9   -9.0   -9   -9.0   -9 -99.0 -99.0 -99.0 -99.0 -99.0
20260722 266  2.0  1686  25  4.0 1112  23  8.1 1219  29.0  32.8 1206  26.5  547  25.5  33.6  25.5  82.9  59.0 1220  32.6   6.3   4.4 -9.00  999.5 1009.4 1010.4  654 1008.3 1702  3.3  7.8 14.2 -9.0 23.08  3.52 1100   -9.0   -9.0 -9.00   -9.0   -9   -9.0   -9   -9.0   -9   -9.0   -9   -9.0   -9 -99.0 -99.0 -99.0 -99.0 -99.0
20260722 268  3.0  2553  20  5.5 1334  23  9.6 1559  28.2  31.1 1429  26.9  603  25.0  31.7  25.7  83.1  68.0 1647  31.6  -9.0  -9.0 -9.00 1006.3 1007.4 1008.3  754 1006.5 1559  3.8  6.9 14.1 -9.0 -9.00 -9.00   -9    0.0   -9.0 -9.00    0.0   -9    0.0   -9   -9.0   -9   -9.0   -9   -9.0   -9 -99.0 -99.0 -99.0 -99.0 -99.0
20260722 271  1.1   977  34  2.9 1719  34  6.5 1714  26.1  31.4 1534  23.5 2231  23.7  28.4  22.7  87.5  61.0 1541  29.4  -9.0  -9.0 -9.00  971.9 1008.1 1009.5 2208 1006.2 1624  7.0  3.9 14.3 -9.0 -9.00 -9.00   -9    2.8   -9.0 -9.00    2.6  247    1.3  254   -9.0   -9   -9.0   -9   -9.0   -9 -99.0 -99.0 -99.0 -99.0 -99.0
20260722 272  0.9   782  32  3.8 1606  29  6.8 1603  26.8  31.9 1423  24.3 2320  25.3  31.4  24.5  92.6  66.0 1418  32.2  -9.0  -9.0 -9.00  984.1 1007.8 1009.0  743 1005.7 1625  6.6  3.7 14.3 -9.0 -9.00 -9.00   -9    1.7   -9.0 -9.00    1.7 1730    1.3 1739   -9.0   -9   -9.0   -9   -9.0   -9 -99.0 -99.0 -99.0 -99.0 -99.0
20260722 273  0.8   686  29  2.9 1838  34  5.3 1848  27.8  33.5 1617  25.0  516  25.5  30.4  24.0  88.5  58.0 1521  32.7  -9.0  -9.0 -9.00  987.8 1007.1 1008.5  651 1005.0 1629  6.4  4.9 14.3 -9.0 -9.00 -9.00   -9    3.3   -9.0 -9.00    1.0 2105    0.7 2128   -9.0   -9   -9.0   -9   -9.0   -9 -99.0 -99.0 -99.0 -99.0 -99.0
20260722 276  1.6  1353  27  4.9 2005  27  8.5 1142  29.3  34.7 1743  24.1  601  25.4  32.1  22.9  81.5  58.0 1750  32.4   6.2   4.3 -9.00  983.8 1007.0 1008.7  625 1004.6 1701  4.5  8.3 14.3 -9.0 22.56  2.76 1100   -9.0   -9.0 -9.00   -9.0   -9   -9.0   -9   -9.0   -9   -9.0   -9   -9.0   -9 -99.0 -99.0 -99.0 -99.0 -99.0
20260722 277  1.9  1614  29  4.5 1055  32  8.2 1040  29.2  35.7 1255  24.6  359  23.4  32.5  23.8  72.5  50.0 1235  28.8  -9.0  -9.0 -9.00 1002.5 1007.0 1008.5  659 1005.5 1645  3.4 10.2 14.3 -9.0 -9.00 -9.00   -9    0.0   -9.0 -9.00    0.0   -9    0.0   -9   -9.0   -9   -9.0   -9   -9.0   -9 -99.0 -99.0 -99.0 -99.0 -99.0
20260722 278  1.0   855  29  6.0 1858  29 11.7 1849  28.9  34.7 1608  24.7  513  25.1  31.9  23.7  82.4  54.0 1628  31.8  -9.0  -9.0 -9.00  997.6 1006.7 1008.4  713 1004.3 1646  4.6  7.7 14.3 -9.0 -9.00 -9.00   -9   15.0   -9.0 -9.00   11.7 1900    9.0 1900   -9.0   -9   -9.0   -9   -9.0   -9 -99.0 -99.0 -99.0 -99.0 -99.0
20260722 279  0.9   754  18  2.2 1043   7  4.3 1334  29.3  35.2 1635  25.5  514  24.4  31.8  24.8  76.0  54.0 1625  30.5   5.0   3.5 -9.00 1001.9 1007.4 1009.1  704 1005.0 1645  3.9  6.5 14.2 -9.0 18.25  2.61 1000    1.2   -9.0 -9.00    1.2 1340    0.9 1337   -9.0   -9   -9.0   -9   -9.0   -9 -99.0 -99.0 -99.0 -99.0 -99.0
20260722 281  1.8  1560  25  3.5 1226  23  7.2 1722  29.9  35.1 1505  24.4  551  23.0  34.9  22.4  68.1  49.0 1506  28.0  -9.0  -9.0 -9.00  997.4 1008.2 1009.9  709 1006.0 1650  1.6 11.8 14.2 -9.0 -9.00 -9.00   -9   -9.0   -9.0 -9.00   -9.0   -9   -9.0   -9   -9.0   -9   -9.0   -9   -9.0   -9 -99.0 -99.0 -99.0 -99.0 -99.0
20260722 283  2.6  2256  25  5.3 1237  23  8.7 1435  30.7  37.0 1405  24.5  524  23.2  34.8  22.4  66.6  43.0 1428  28.4   9.2   6.4 -9.00 1003.3 1007.8 1009.4  648 1005.6 1709  1.1 12.5 14.2 -9.0 27.29  3.37 1300   -9.0   -9.0 -9.00   -9.0   -9   -9.0   -9   -9.0   -9   -9.0   -9   -9.0   -9 -99.0 -99.0 -99.0 -99.0 -99.0
20260722 284  1.6  1361  20  4.8 1526  20  7.4 1523  28.5  34.9 1412  24.3  543  24.2  33.5  23.0  78.9  54.0 1401  30.3   6.5   4.5 -9.00  981.5 1006.9 1008.4  724 1004.8 1528  4.8  7.5 14.2 -9.0 23.51  3.43 1000    0.0   -9.0 -9.00    0.0   -9    0.0   -9   -9.0   -9   -9.0   -9   -9.0   -9 -99.0 -99.0 -99.0 -99.0 -99.0
20260722 285  1.3  1108  20  3.6 1557  18  7.3 1642  29.3  34.7 1215  24.3  451  24.4  33.7  24.4  77.0  53.0 1216  30.7  -9.0  -9.0 -9.00 1005.4 1008.4 1009.6  651 1006.7 1652  2.3  7.9 14.2 -9.0 -9.00 -9.00   -9   -9.0   -9.0 -9.00   -9.0   -9   -9.0   -9   -9.0   -9   -9.0   -9   -9.0   -9 -99.0 -99.0 -99.0 -99.0 -99.0
20260722 288  1.5  1279  18  4.1 1354  16  7.5 1426  29.8  35.9 1210  24.8  501  24.1  33.4  24.7  73.4  47.0 1211  30.0   5.9   4.1 -9.00 1006.0 1006.9 1008.4  707 1005.1 1701  2.4  6.7 14.2 -9.0 19.81  2.49 1300   -9.0   -9.0 -9.00   -9.0   -9   -9.0   -9   -9.0   -9   -9.0   -9   -9.0   -9 -99.0 -99.0 -99.0 -99.0 -99.0
20260722 289  1.1   969   7  3.2 1752   5  8.2 1752  28.6  33.7 1506  24.4  430  24.6  31.0  22.8  80.9  57.0 1122  31.0  -9.0  -9.0 -9.00  993.5 1009.0 1010.4  717 1007.2 1612  2.4  8.5 14.2 -9.0 -9.00 -9.00   -9   -9.0   -9.0 -9.00   -9.0   -9   -9.0   -9   -9.0   -9   -9.0   -9   -9.0   -9 -99.0 -99.0 -99.0 -99.0 -99.0
20260722 294  2.3  1947  32  4.0  134  29  8.9 1403  27.9  31.1 1349  25.8  526  24.3  34.1  24.4  81.3  67.0 1350  30.3  -9.0  -9.0 -9.00 1004.7 1009.8 1010.8  657 1008.8 1738  2.0  8.9 14.1 -9.0 -9.00 -9.00   -9   -9.0   -9.0 -9.00   -9.0   -9   -9.0   -9   -9.0   -9   -9.0   -9   -9.0   -9 -99.0 -99.0 -99.0 -99.0 -99.0
20260722 295  1.4  1221  16  3.1 1205  27  6.5  521  28.3  30.8 1227  25.5  233  24.6  31.9  23.3  80.9  68.0  911  31.0  -9.0  -9.0 -9.00 1004.1 1009.3 1010.2  741 1008.2 1707  1.6  8.9 14.1 -9.0 -9.00 -9.00   -9   -9.0   -9.0 -9.00   -9.0   -9   -9.0   -9   -9.0   -9   -9.0   -9   -9.0   -9 -99.0 -99.0 -99.0 -99.0 -99.0
20260722 296  2.9  2539  16  6.3 1332  18 10.6 1314  29.7  34.2 1424  25.2  541  25.1  33.5  22.4  77.9  56.0 1426  31.9   8.0   5.6 -9.00 1007.6 1007.9 1009.0  710 1006.6 1641  1.0 12.0 14.2 -9.0 28.29  3.50 1200   -9.0   -9.0 -9.00   -9.0   -9   -9.0   -9   -9.0   -9   -9.0   -9   -9.0   -9 -99.0 -99.0 -99.0 -99.0 -99.0
20260723  90  1.4  1172  34  3.9 1204   2  7.6 1159  24.1  26.5   39  22.9 1640  23.1  25.5  23.3  94.1  85.0   39  28.2   1.8   1.3 -9.00 1005.9 1007.9 1009.5 2400 1006.2  131  9.0  0.0 14.4 -9.0  5.10  0.91 1000   51.1   -9.0 -9.00   17.7 1424    7.2 1624   -9.0   -9   -9.0   -9   -9.0   -9 -99.0 -99.0 -99.0 -99.0 -99.0
20260723  93  0.7   564  34  2.9 1337  34  5.3 1348  25.1  27.4 1206  23.9 2216  24.6  26.8  24.2  97.4  89.0 1556  31.0   1.6   1.1 -9.00  997.0 1007.9 1009.8 2350 1006.6 1439  8.6  0.7 14.4 -9.0  6.32  1.14 1500   65.8   57.8 19.17   24.6  954   11.8 1031   -9.0   -9   -9.0   -9   -9.0   -9  26.7  25.3  23.5  20.1  16.7
20260723  95  1.0   883  20  3.3  923  25  5.6 1235  23.7  25.7  913  22.0 1302  23.5  25.3  23.0  99.1  94.0  917  29.0   1.0   0.7 -9.00  990.4 1008.0 1009.8 2317 1006.2  457  9.1  0.0 14.4 -9.0  3.16  0.50 1400   57.0   45.7 -9.00   14.7  955    6.0 1246   -9.0   -9   -9.0   -9   -9.0   -9 -99.0 -99.0 -99.0 -99.0 -99.0
20260723  98  0.9   759  27  2.4 1441  29  5.8 1428  26.0  28.6 1156  24.2 1333  23.7  28.0  24.3  87.8  74.0 1202  29.3   2.2   1.6 -9.00  994.1 1007.1 1009.1 2311 1005.8  426  8.8  0.3 14.4 -9.0  7.79  1.82 1400   20.1   -9.0 -9.00   26.1 -2331    5.4 -2356   -9.0   -9   -9.0   -9   -9.0   -9 -99.0 -99.0 -99.0 -99.0 -99.0
20260723  99  1.4  1219  29  4.3 1427  32  7.8 1420  26.1  30.2 1408  24.0 2141  24.8  27.6  25.6  93.3  76.0 1412  31.2   2.6   1.8 -9.00 1004.2 1007.7 1009.6 2357 1005.9  442  8.9  0.4 14.4 -9.0  9.86  1.88 1400   26.9   -9.0 -9.00   10.0   36    3.9  100   -9.0   -9   -9.0   -9   -9.0   -9 -99.0 -99.0 -99.0 -99.0 -99.0
20260723 100  2.1  1850  27  4.8 1005  29  8.0 1103  23.5  28.7 1423  21.6  454  22.0  25.9  20.8  91.9  71.0 1424  26.4   3.6   2.5 -9.00  923.2 1007.6 1009.5 2347 1005.2 1423  7.5  2.6 14.4 -9.0 13.01  1.99 1300   10.8   -9.0 -9.00    8.5 1615    4.3 1618   -9.0   -9   -9.0   -9   -9.0   -9 -99.0 -99.0 -99.0 -99.0 -99.0
20260723 101  1.1   915  32  5.0 1515  32  7.7 1513  25.1  27.4 1220  23.8 2232  23.8  27.5  24.0  92.6  87.0 1318  29.4   2.1   1.4 -9.00  998.2 1006.9 1008.9 2353 1005.6 1236  8.5  0.3 14.4 -9.0  8.22  1.22 1400   39.3   33.1 -9.00   10.0 1808    9.4 1231   -9.0   -9   -9.0   -9   -9.0   -9  26.5  24.5  22.6  17.9  15.3
20260723 102  2.8  2446  23  5.0 1539  23  8.8 1526  23.9  27.1 1544  21.5  930  22.8  24.7  22.2  94.3  86.0 1554  27.9   1.5   1.1  4.83 1000.8 1004.9 1006.8 2302 1003.9  330  9.0  0.3 14.4 -9.0  5.30  1.97 1500   61.2   -9.0 12.08   37.7 1045   12.1 1044   -9.0   -9   -9.0   -9   -9.0   -9 -99.0 -99.0 -99.0 -99.0 -99.0
20260723 104  1.7  1432  34  4.5 1225  20  8.1 1237  25.8  31.9  941  22.9 2115  24.0  28.4  22.6  90.9  71.0  949  30.0   3.0   2.1  0.17  998.2 1006.7 1008.6 2354 1005.2  924  8.3  3.8 14.4 -9.0 14.86  2.62  900    4.6    4.7  4.03    3.8 1614    1.6 1629   -9.0   -9   -9.0   -9   -9.0   -9  25.6  23.3  21.6  16.8  14.4
20260723 105  1.7  1488  32  4.2 1328  36  7.5 1304  26.3  32.6 1021  23.4 1725  22.9  29.0  24.2  82.4  58.0  959  27.9   4.2   2.9 -9.00 1004.6 1007.7 1009.6 2357 1006.3  353  7.5  5.2 14.4 -9.0 17.20  3.09 1100    6.9   -9.0 -9.00    6.0 1640    3.4 1657   -9.0   -9   -9.0   -9   -9.0   -9  27.2  24.5  23.3  18.5  15.8
20260723 106  2.2  1920   2  6.3 1448   2 10.5 1505  26.6  32.5 1213  23.7 1823  24.0  32.5  23.2  86.9  60.0 1214  29.9   5.3   3.7 -9.00 1003.1 1007.7 1009.4 1933 1006.6 1315  6.5  8.5 14.3 -9.0 22.89  3.29 1200   11.5   -9.0 -9.00   10.2 1729    6.7 1747   -9.0   -9   -9.0   -9   -9.0   -9 -99.0 -99.0 -99.0 -99.0 -99.0
20260723 108  2.7  2352  20  6.3 1353  20 10.2 1353  27.1  29.3 1306  25.7  414  24.5  26.8  24.2  86.0  75.0 1319  30.7   3.5   2.4 -9.00  997.8 1007.5 1009.5 2350 1006.2  441  8.6  0.8 14.3 -9.0 10.20  1.93 1400    6.0    3.9  5.50    3.7 1340    3.6 1344   -9.0   -9   -9.0   -9   -9.0   -9  26.3  25.0  24.7  20.9  15.4
20260723 112  3.4  2915  18  5.1 1200  20  9.1 1300  27.0  28.9 1346  25.8    1  25.9  26.9  24.9  94.4  88.0 1313  33.4   3.4   2.4 -9.00  999.3 1007.1 1009.0 2343 1005.6  425  7.6  0.8 14.3 -9.0 12.52  2.13 1300    0.0    0.0  1.92    0.0   -9    0.0   -9   -9.0   -9   -9.0   -9   -9.0   -9  24.9  24.1  19.0  21.9  15.0
20260723 114  1.2  1048  20  3.8 1459  25  8.1 1510  27.6  32.7 1448  24.3  503  24.6  29.1  24.1  84.9  63.0 1448  30.8   3.9   2.7 -9.00  990.7 1007.5 1009.6 2341 1005.4 1501  7.6  1.8 14.3 -9.0 13.57  1.93 1300   12.2   -9.0 -9.00   12.2 1507    9.9 1523   -9.0   -9   -9.0   -9   -9.0   -9 -99.0 -99.0 -99.0 -99.0 -99.0
20260723 115  3.0  2592  25  5.3 2329  25  9.5 2321  29.0  31.6 1235  26.8  613  24.5  33.4  23.8  77.3  71.0 1156  30.8   7.2   5.1 -9.00  982.9 1007.5 1008.9 2008 1006.7 1553  3.1 11.7 14.3 -9.0 25.86  3.16 1200   -9.0   -9.0 -9.00   -9.0   -9   -9.0   -9   -9.0   -9   -9.0   -9   -9.0   -9  24.2  20.8  19.3  14.3  13.9
20260723 119  2.6  2251  20  5.8 1138  23  9.8 1107  27.7  31.2 1414  25.5  329  23.9  29.1  24.7  80.6  67.0 1422  29.7   4.8   3.3 -9.00 1002.8 1007.3 1009.3 2300 1006.0 1320  7.0  1.9 14.3 -9.0 15.13  2.51 1400    0.0    0.0  0.22    0.0   -9    0.0   -9   -9.0   -9   -9.0   -9   -9.0   -9  25.8  24.1  22.2  17.5  14.7
20260723 121  0.9   736  27  3.9 1749  32 10.3 1747  26.4  32.5 1454  24.1  523  24.5  29.5  21.8  90.6  65.0 1457  30.7   3.8   2.7 -9.00  981.5 1008.5 1010.6 2348 1006.3 1444  7.4  2.3 14.3 -9.0 14.50  1.87 1300    1.4   -9.0 -9.00    0.8 1910    0.6 1943   -9.0   -9   -9.0   -9   -9.0   -9 -99.0 -99.0 -99.0 -99.0 -99.0
20260723 127  1.1   911  18  3.9 1552  18  7.2 1701  27.4  32.7 1520  24.5  535  24.6  29.4  24.7  85.9  62.0 1517  30.9   4.9   3.4 -9.00  994.2 1007.1 1009.0 2304 1005.6 1439  6.5  2.4 14.3 -9.0 16.79  2.49 1200    1.3   -9.0 -9.00    1.3 1655    1.2 1702   -9.0   -9   -9.0   -9   -9.0   -9 -99.0 -99.0 -99.0 -99.0 -99.0
20260723 129  3.1  2715  18  6.6  957  18 10.8 1155  27.3  29.1 1204  25.8  222  25.7  27.4  24.8  91.8  83.0  949  33.1   3.2   2.3 -9.00 1004.8 1007.7 1009.5 2359 1006.3  408  6.6  0.4 14.3 -9.0 10.80  1.67  900    0.2   -9.0 -9.00    0.2   -9    0.2   -9   -9.0   -9   -9.0   -9   -9.0   -9  25.6  24.4  23.1  17.9  15.6
20260723 130  1.4  1249   7  5.5 1549   5  8.9 1549  28.5  36.1 1528  24.0 2352  24.3  35.3  23.1  80.0  49.0 1312  30.3  -9.0  -9.0 -9.00 1002.2 1007.7 1009.8 2050 1006.0 1426  2.6 11.0 14.3 -9.0 -9.00 -9.00   -9    0.0   -9.0 -9.00    0.0   -9    0.0   -9   -9.0   -9   -9.0   -9   -9.0   -9 -99.0 -99.0 -99.0 -99.0 -99.0
20260723 131  1.4  1214  27  3.6 1534  27  6.7 1507  29.2  33.4 1554  26.5  155  23.8  30.7  27.5  73.6  60.0 1520  29.5   5.5   3.8 -9.00 1000.9 1007.5 1009.4 2349 1006.2 1437  5.8  4.2 14.3 -9.0 17.43  3.30 1400    2.5    2.5  0.50    2.5 1335    1.3 1338   -9.0   -9   -9.0   -9   -9.0   -9 -99.0 -99.0 -99.0 -99.0 -99.0
20260723 133  1.5  1262  20  4.9 1200  20  7.5 1151  28.3  32.8 1453  25.3  524  24.8  30.2  25.1  82.4  62.0 1456  31.3   5.0   3.5 -9.00 1000.4 1008.1 1010.1 2350 1006.8 1444  5.6  3.8 14.2 -9.0 16.56  2.51 1200    0.6    0.6  0.47    0.6   -9    0.6 1615   -9.0   -9   -9.0   -9   -9.0   -9  28.5  26.5  24.5  20.3  17.0
20260723 135  1.0   864  29  6.7 1815  27 12.9 1811  26.7  32.5 1608  23.1  348  23.4  29.5  23.3  83.8  60.0 1312  28.8   5.3   3.7 -9.00  980.6 1007.9 1009.9 2248 1005.9 1706  4.6  6.2 14.2 -9.0 19.64  3.27 1200   14.7   -9.0 -9.00   14.7   -9   13.9 1807   -9.0   -9   -9.0   -9   -9.0   -9 -99.0 -99.0 -99.0 -99.0 -99.0
20260723 136  1.1   931  27  3.0 1220  32  5.8 1225  28.6  33.4 1407  25.2  304  24.6  32.2  25.2  80.0  61.0 1435  30.9   5.8   4.1 -9.00  993.0 1008.8 1010.4 2352 1007.1 1542  5.4  5.5 14.3 -9.0 21.28  3.06 1200   -9.0   -9.0 -9.00   -9.0   -9   -9.0   -9   -9.0   -9   -9.0   -9   -9.0   -9 -99.0 -99.0 -99.0 -99.0 -99.0
20260723 137  0.7   566  23  2.6 1354  23  5.6 1230  28.6  33.4 1513  24.6  422  25.2  33.4  24.2  83.1  62.0 1511  32.0   4.9   3.4 -9.00  996.4 1007.2 1009.0 2356 1005.4 1509  4.8  5.1 14.2 -9.0 19.17  2.43 1200    0.0   -9.0 -9.00    0.0   -9    0.0   -9   -9.0   -9   -9.0   -9   -9.0   -9 -99.0 -99.0 -99.0 -99.0 -99.0
20260723 138  2.6  2281   5  5.7 2033   7  9.5 2022  30.5  36.6 1610  25.0 2211  21.9  37.2  23.0  62.3  41.0 1447  26.4   8.4   5.9 -9.00 1007.0 1007.4 1009.7 2158 1005.4 1534  2.3 11.3 14.2 -9.0 25.48  3.28 1200   -9.0   -9.0 -9.00   -9.0   -9   -9.0   -9   -9.0   -9   -9.0   -9   -9.0   -9  25.7  22.4  20.9  17.7  16.3
20260723 140  2.3  2012  16  4.2 1140  23  8.0 1626  28.6  32.3 1452  26.0  401  25.2  29.9  23.7  82.8  66.0 1647  32.2  -9.0  -9.0 -9.00 1005.6 1008.8 1010.9 2343 1007.4  412  4.3  6.9 14.2 -9.0 -9.00 -9.00   -9   -9.0   -9.0 -9.00   -9.0   -9   -9.0   -9   -9.0   -9   -9.0   -9   -9.0   -9 -99.0 -99.0 -99.0 -99.0 -99.0
20260723 143  1.2  1069  25  3.0 1029  25  5.5 1028  30.6  36.0 1451  25.6  458  22.6  34.3  23.8  64.4  44.0 1349  27.5   6.8   4.8 -9.00 1001.3 1007.3 1009.0 2251 1005.5 1451  2.6  8.0 14.2 -9.0 21.69  3.66 1200   -9.0   -9.0 -9.00   -9.0   -9   -9.0   -9   -9.0   -9   -9.0   -9   -9.0   -9 -99.0 -99.0 -99.0 -99.0 -99.0
20260723 146  2.4  2044  25  5.3 1633  25  8.6 1633  29.7  33.8 1552  26.9  342  24.0  30.6  24.9  72.5  59.0 1415  29.9   6.2   4.4 -9.00 1001.3 1008.1 1010.0 2345 1006.8 1441  4.4  5.7 14.2 -9.0 18.38  2.63 1300   -9.0   -9.0 -9.00   -9.0   -9   -9.0   -9   -9.0   -9   -9.0   -9   -9.0   -9 -99.0 -99.0 -99.0 -99.0 -99.0
20260723 152  2.2  1897  23  5.6 1036  23  9.0 1219  29.7  34.8 1430  24.9  545  22.5  35.1  22.8  66.3  46.0 1431  27.2   7.5   5.3 -9.00  998.4 1007.4 1008.9 2249 1005.7 1546  1.8 10.5 14.2 -9.0 24.48  3.26 1100   -9.0   -9.0 -9.00   -9.0   -9   -9.0   -9   -9.0   -9   -9.0   -9   -9.0   -9 -99.0 -99.0 -99.0 -99.0 -99.0
20260723 155  2.0  1689  20  4.5 1611  25  9.3 1611  28.8  34.0 1357  26.0  422  24.7  34.4  24.4  79.9  59.0 1442  31.2   6.7   4.7 -9.00 1005.1 1009.0 1010.7 2255 1007.7 1444  3.0  7.9 14.1 -9.0 22.33  3.42 1300    0.0   -9.0  0.10    0.0   -9    0.0   -9   -9.0   -9   -9.0   -9   -9.0   -9 -99.0 -99.0 -99.0 -99.0 -99.0
20260723 156  3.1  2681  18  6.6 1326  16 10.9 1324  29.1  33.0 1438  27.0  514  24.7  32.7  23.9  77.4  67.0 1531  31.0   6.0   4.2 -9.00 1000.6 1008.5 1010.4 2224 1007.1  412  4.3  6.2 14.1 -9.0 19.52  2.72 1100   -9.0   -9.0 -9.00   -9.0   -9   -9.0   -9   -9.0   -9   -9.0   -9   -9.0   -9 -99.0 -99.0 -99.0 -99.0 -99.0
20260723 159  4.3  3675  23  7.1 1423  25 10.8 1550  29.2  32.6 1456  25.9  555  23.9  36.3  22.8  74.0  59.0 1456  29.8   8.6   6.0 -9.00 1000.6 1008.4 1009.7 2337 1007.4 1738  1.1 11.2 14.1 -9.0 27.27  3.59 1200    0.0    0.0  0.08    0.0   -9    0.0   -9   -9.0   -9   -9.0   -9   -9.0   -9  27.3  24.6  22.9  18.2  17.7
20260723 162  2.7  2298  23  6.7 1720  23 10.3 1703  28.1  31.9 1435  25.5  531  24.1  31.0  24.4  79.9  61.0 1409  30.0   6.8   4.8 -9.00 1005.1 1008.6 1010.3 2300 1007.5  410  1.8  8.5 14.1 -9.0 23.04  3.41 1200    0.0   -9.0 -9.00    0.0   -9    0.0   -9   -9.0   -9   -9.0   -9   -9.0   -9 -99.0 -99.0 -99.0 -99.0 -99.0
20260723 165  4.0  3469  20  7.4 1443  23 10.2 1215  28.8  31.9 1435  26.6  512  24.7  33.3  24.5  79.6  59.0 1439  31.1   7.4   5.2 -9.00 1003.7 1008.8 1010.6 2149 1006.9  411  3.3  8.2 14.1 -9.0 24.25  3.40 1300   -9.0   -9.0 -9.00   -9.0   -9   -9.0   -9   -9.0   -9   -9.0   -9   -9.0   -9  27.6  24.3  23.0  19.5  16.8
20260723 168  4.0  3492  25  8.3 1523  25 10.5 1523  28.4  31.0 1458  26.5  603  24.9  35.1  26.9  82.1  68.0 1514  31.5   7.6   5.3 -9.00 1002.0 1009.5 1011.3 2225 1008.2  347  3.1 10.3 14.1 -9.0 26.97  3.47 1100   -9.0   -9.0 -9.00   -9.0   -9   -9.0   -9   -9.0   -9   -9.0   -9   -9.0   -9  29.1  25.6  22.9  18.9  17.2
20260723 169  7.4  6368  16  9.4 2111  16 11.7 2247  26.8  31.6 1359  24.0  438  24.8  31.8  24.8  89.6  72.0 1435  31.3   6.8   4.8  7.10  999.3 1007.8 1009.7 2229 1005.9  323  6.1  9.8 14.1 -9.0 26.01  3.41 1300   -9.0   -9.0 -9.00   -9.0   -9   -9.0   -9   -9.0   -9   -9.0   -9   -9.0   -9 -99.0 -99.0 -99.0 -99.0 -99.0
20260723 170  2.3  1959  25  5.5 1108  27 11.2 1038  28.5  32.9 1517  25.3  101  23.9  35.2  25.2  77.8  54.0 1505  29.7   7.2   5.0 -9.00 1005.3 1009.3 1011.2 2216 1007.5  341  1.0 10.9 14.1 -9.0 25.90  3.43 1300   -9.0   -9.0 -9.00   -9.0   -9   -9.0   -9   -9.0   -9   -9.0   -9   -9.0   -9 -99.0 -99.0 -99.0 -99.0 -99.0
20260723 172  3.7  3217  20  7.4 1318  20 11.1 1312  28.5  32.0 1515  26.3 2353  24.5  27.5  24.9  80.1  60.0 1646  30.7   7.4   5.1 -9.00 1002.3 1008.1 1010.0 2341 1006.3  432  3.6  7.9 14.2 -9.0 23.74  3.58 1200   -9.0   -9.0 -9.00   -9.0   -9   -9.0   -9   -9.0   -9   -9.0   -9   -9.0   -9 -99.0 -99.0 -99.0 -99.0 -99.0
20260723 174  1.2  1054  20  4.0 1706  16  6.1 1538  27.0  32.2 1450  23.5 2351  23.2  31.5  23.8  80.9  62.0 1209  28.4  -9.0  -9.0 -9.00  989.0 1007.6 1009.9 2250 1006.1 1442  3.0  5.5 14.1 -9.0 -9.00 -9.00   -9   -9.0   -9.0 -9.00   -9.0   -9   -9.0   -9   -9.0   -9   -9.0   -9   -9.0   -9 -99.0 -99.0 -99.0 -99.0 -99.0
20260723 177  2.5  2175  20  5.6 1312  20  9.1 1712  28.0  30.7 1223  26.1  531  25.0  29.0  24.9  84.1  76.0 1224  31.6   4.1   2.9 -9.00 1003.3 1006.4 1008.3 2318 1005.0  414  5.4  1.3 14.3 -9.0 13.52  1.94 1200    0.0   -9.0  3.25    0.0   -9    0.0   -9   -9.0   -9   -9.0   -9   -9.0   -9 -99.0 -99.0 -99.0 -99.0 -99.0
20260723 181  1.7  1439  23  4.6 1516  25  7.3 1434  27.3  31.8 1609  24.2  356  24.2  29.5  24.0  84.3  66.0 1545  30.3   4.9   3.4 -9.00 1004.3 1008.0 1010.0 2319 1006.8 1435  6.1  3.5 14.3 -9.0 16.83  3.24 1400    2.2   -9.0 -9.00    2.2   -9    2.2 1340   -9.0   -9   -9.0   -9   -9.0   -9 -99.0 -99.0 -99.0 -99.0 -99.0
20260723 184  3.1  2652  25  7.0 1208  27 13.2 1318  31.0  36.5 1343  27.3  551  22.4  39.2  25.1  62.0  34.0 1346  27.2  10.4   7.3 -9.00 1005.9 1008.2 1009.9 2211 1006.7  348  0.3 12.9 14.0 -9.0 28.78  3.50 1200   -9.0   -9.0 -9.00   -9.0   -9   -9.0   -9   -9.0   -9   -9.0   -9   -9.0   -9  30.8  28.4  26.4  23.6  18.8
20260723 185  6.1  5256  14  8.4 1512  16 11.2 1547  27.8  29.9 1206  26.5   50  25.3  32.6  26.2  86.6  74.0 1515  32.3   7.2   5.0 -9.00 1000.9 1009.0 1010.7 2223 1007.3  415  0.4 10.0 14.0 -9.0 25.85  3.46 1200   -9.0   -9.0 -9.00   -9.0   -9   -9.0   -9   -9.0   -9   -9.0   -9   -9.0   -9 -99.0 -99.0 -99.0 -99.0 -99.0
20260723 188  4.3  3737  18  7.5 1453  20 10.5 1223  28.8  33.2 1222  26.6  513  25.2  35.4  25.9  81.9  52.0 1245  32.0  -9.0  -9.0 -9.00 1007.3 1009.6 1011.4 2230 1007.7  504  0.0 12.4 14.0 -9.0 -9.00 -9.00   -9   -9.0   -9.0 -9.00   -9.0   -9   -9.0   -9   -9.0   -9   -9.0   -9   -9.0   -9 -99.0 -99.0 -99.0 -99.0 -99.0
20260723 189  1.9  1619  23  4.0 1539  27  7.2  920  29.5  32.8 1431  27.1  438  25.0  35.7  25.1  77.6  60.0 1440  31.6   7.8   5.4 -9.00 1004.2 1010.1 1011.7 2230 1008.3  439  2.0 11.4 14.0 -9.0 28.02  3.50 1200    0.1   -9.0  0.32    0.1   -9    0.1   -9   -9.0   -9   -9.0   -9   -9.0   -9 -99.0 -99.0 -99.0 -99.0 -99.0
20260723 192  1.1   934  18  2.9 1328  16  8.6 1427  28.6  33.4 1409  24.8  441  24.6  34.4  22.7  80.0  60.0 1223  30.9   6.3   4.4 -9.00 1005.5 1008.8 1010.6 2236 1007.5 1452  2.1  8.4 14.1 -9.0 22.21  3.07 1300   -9.0   -9.0 -9.00   -9.0   -9   -9.0   -9   -9.0   -9   -9.0   -9   -9.0   -9 -99.0 -99.0 -99.0 -99.0 -99.0
20260723 201  3.2  2795  23  5.7 1211  23 11.8 1205  26.2  27.7 1119  24.3  119  25.1  25.7  23.7  94.3  84.0 1206  31.9  -9.0  -9.0 -9.00 1002.4 1007.8 1009.7 2330 1006.0  422  8.5  0.0 14.4 -9.0 -9.00 -9.00   -9   49.5   -9.0 -9.00   33.4   55   12.0  100   -9.0   -9   -9.0   -9   -9.0   -9 -99.0 -99.0 -99.0 -99.0 -99.0
20260723 202  1.1   916  32  2.8 1442  29  7.2 1436  26.6  30.3 1349  24.6  547  24.9  29.6  24.9  91.0  72.0 1649  31.6  -9.0  -9.0 -9.00 1002.7 1008.0 1010.0 2334 1006.5 1357  8.3  1.2 14.3 -9.0 -9.00 -9.00   -9    6.8   -9.0 -9.00    2.7 1432    1.7 1432   -9.0   -9   -9.0   -9   -9.0   -9 -99.0 -99.0 -99.0 -99.0 -99.0
20260723 203  1.2  1010  18  3.8 1207  27  7.1 1603  27.9  32.1 1509  24.8  422  25.7  31.1  24.6  88.4  72.0 1519  33.1  -9.0  -9.0 -9.00  999.1 1008.1 1010.2 2346 1006.7 1427  7.5  2.0 14.3 -9.0 -9.00 -9.00   -9    1.8   -9.0 -9.00    1.1 1144    0.9 1228   -9.0   -9   -9.0   -9   -9.0   -9 -99.0 -99.0 -99.0 -99.0 -99.0
20260723 211  0.8   681   7  3.6 1247   5  6.2 1241  23.5  26.0 1106  22.1 2145  23.1  26.0  22.3  97.6  86.0 1303  28.3  -9.0  -9.0 -9.00  984.8 1007.7 1009.2 2223 1006.7  413  8.6  0.0 14.4 -9.0 -9.00 -9.00   -9   45.0   -9.0 -9.00   15.1 1347    8.4 1415   -9.0   -9   -9.0   -9   -9.0   -9 -99.0 -99.0 -99.0 -99.0 -99.0
20260723 212  0.8   695  18  3.3 1148  20  6.6 1022  26.2  29.4 1223  24.0  456  24.3  27.1  23.5  90.1  71.0 1102  30.3  -9.0  -9.0 -9.00  992.2 1008.0 1009.9 2328 1006.5 1425  8.1  0.9 14.4 -9.0 -9.00 -9.00   -9   11.3   -9.0 -9.00    7.0 1224    3.1 1252   -9.0   -9   -9.0   -9   -9.0   -9 -99.0 -99.0 -99.0 -99.0 -99.0
20260723 216  1.1   917  18  3.0 1535  23  6.4 1528  24.9  29.7 1424  21.2  435  21.2  27.8  21.8  82.1  58.0 1244  25.2   4.5   3.1 -9.00  929.9 1007.9 1010.1 2319 1005.4 1454  5.3  5.5 14.3 -9.0 16.77  2.37 1200    1.2   -9.0 -9.00    1.2 1525    0.7 1542   -9.0   -9   -9.0   -9   -9.0   -9 -99.0 -99.0 -99.0 -99.0 -99.0
20260723 217  0.8   707  34  3.2 1700  32  8.5 1656  26.7  32.3 1604  23.8  514  24.2  30.3  25.2  87.9  65.0 1443  30.2  -9.0  -9.0 -9.00  973.5 1008.3 1010.3 2353 1006.0 1546  7.4  1.6 14.3 -9.0 -9.00 -9.00   -9    1.7   -9.0 -9.00    1.7 1652    1.2 1731   -9.0   -9   -9.0   -9   -9.0   -9 -99.0 -99.0 -99.0 -99.0 -99.0
20260723 221  0.9   757  20  4.0 1529  23  6.4 1525  25.8  30.5 1518  23.9  129  24.5  29.1  24.3  93.1  69.0 1520  30.7  -9.0  -9.0 -9.00  978.5 1008.1 1010.1 2345 1006.1 1517  6.6  2.6 14.3 -9.0 -9.00 -9.00   -9    1.5   -9.0 -9.00    1.5 1717    0.7 1737   -9.0   -9   -9.0   -9   -9.0   -9 -99.0 -99.0 -99.0 -99.0 -99.0
20260723 226  0.8   675  18  4.3 1806  16  7.7 1803  26.4  31.5 1437  23.7  312  24.5  29.0  22.8  90.8  64.0 1438  30.8  -9.0  -9.0 -9.00  989.2 1008.5 1010.4 2350 1006.8 1446  6.1  3.1 14.3 -9.0 -9.00 -9.00   -9    5.6   -9.0 -9.00    4.4 1717    3.3 1803   -9.0   -9   -9.0   -9   -9.0   -9 -99.0 -99.0 -99.0 -99.0 -99.0
20260723 232  1.2  1010  25  3.0 1537  23  6.6 1112  27.3  31.4 1348  24.7 2349  25.6  29.7  23.8  91.1  71.0 1545  32.8  -9.0  -9.0 -9.00  998.9 1008.5 1010.5 2311 1007.2 1434  6.1  2.5 14.3 -9.0 -9.00 -9.00   -9   -9.0   -9.0 -9.00   -9.0   -9   -9.0   -9   -9.0   -9   -9.0   -9   -9.0   -9 -99.0 -99.0 -99.0 -99.0 -99.0
20260723 235  4.3  3678  20  7.9 1305  20 12.1 1124  28.0  30.2 1253  26.5    1  25.1  28.2  25.1  84.6  76.0 1255  31.8   5.0   3.5 -9.00 1006.3 1007.4 1009.2 2319 1005.8  409  5.3  3.0 14.2 -9.0 16.11  2.35 1400    0.0   -9.0 -9.00    0.0   -9    0.0   -9   -9.0   -9   -9.0   -9   -9.0   -9 -99.0 -99.0 -99.0 -99.0 -99.0
20260723 236  1.2  1031  16  3.8 1208  27  8.2 1428  27.8  32.2 1419  24.6 2359  24.8  30.4  24.1  84.5  68.0 1420  31.3  -9.0  -9.0 -9.00 1006.8 1008.3 1010.3 2344 1007.0  425  5.0  4.9 14.2 -9.0 -9.00 -9.00   -9    1.8   -9.0 -9.00    0.9   -9    0.9  807   -9.0   -9   -9.0   -9   -9.0   -9 -99.0 -99.0 -99.0 -99.0 -99.0
20260723 238  1.0   887  16  2.8 1039  23  5.9 1428  28.4  33.3 1424  24.9  254  24.6  30.2  23.8  81.9  59.0 1411  31.0  -9.0  -9.0 -9.00  988.7 1007.7 1009.8 2348 1006.2 1432  4.9  4.1 14.2 -9.0 -9.00 -9.00   -9    0.1   -9.0 -9.00    0.1   -9    0.1   -9   -9.0   -9   -9.0   -9   -9.0   -9 -99.0 -99.0 -99.0 -99.0 -99.0
20260723 239  1.1   961  23  2.6 1348  25  6.3 1703  27.3  32.1 1622  24.8  106  24.8  31.1  24.6  87.4  67.0 1626  31.4   5.1   3.6 -9.00  997.4 1007.5 1009.6 2357 1006.1 1410  6.0  5.4 14.3 -9.0 19.32  2.94 1400    0.0   -9.0 -9.00    0.0   -9    0.0   -9   -9.0   -9   -9.0   -9   -9.0   -9 -99.0 -99.0 -99.0 -99.0 -99.0
20260723 243  2.4  2036  20  5.0 1459  18  8.6 1133  29.0  33.0 1404  25.9  322  23.9  32.9  23.8  75.0  60.0 1316  29.7  -9.0  -9.0 -9.00 1007.0 1008.4 1010.2 2306 1006.8  413  3.3  9.0 14.2 -9.0 -9.00 -9.00   -9   -9.0   -9.0 -9.00   -9.0   -9   -9.0   -9   -9.0   -9   -9.0   -9   -9.0   -9 -99.0 -99.0 -99.0 -99.0 -99.0
20260723 244  1.6  1406  29  3.9 1547  32  7.1 1542  27.2  31.9 1537  24.5  542  23.7  28.7  23.2  82.1  62.0 1538  29.3  -9.0  -9.0 -9.00  980.8 1008.4 1010.5 2355 1006.9 1444  4.1  5.2 14.2 -9.0 -9.00 -9.00   -9   -9.0   -9.0 -9.00   -9.0   -9   -9.0   -9   -9.0   -9   -9.0   -9   -9.0   -9 -99.0 -99.0 -99.0 -99.0 -99.0
20260723 245  2.7  2306  16  5.9 1225  25 10.2 1534  29.0  33.1 1334  26.4  133  23.7  28.3  24.8  74.3  56.0 1754  29.4   5.9   4.1 -9.00 1000.5 1008.2 1010.1 2339 1006.6  420  4.3  6.4 14.2 -9.0 17.50  2.47 1300   -9.0   -9.0 -9.00   -9.0   -9   -9.0   -9   -9.0   -9   -9.0   -9   -9.0   -9 -99.0 -99.0 -99.0 -99.0 -99.0
20260723 247  1.9  1627  25  4.2 1540  27  6.7 1631  28.5  33.5 1500  24.1  342  24.1  30.3  23.5  78.4  62.0 1441  30.0  -9.0  -9.0 -9.00  993.4 1008.3 1010.4 2357 1006.8 1459  3.6  5.9 14.2 -9.0 -9.00 -9.00   -9   -9.0   -9.0 -9.00   -9.0   -9   -9.0   -9   -9.0   -9   -9.0   -9   -9.0   -9 -99.0 -99.0 -99.0 -99.0 -99.0
20260723 248  1.3  1149  25  3.7 1454  25  6.3 1741  26.2  30.5 1409  21.8  325  22.8  27.0  20.8  82.5  65.0 1409  27.7  -9.0  -9.0 -9.00  963.6 1008.7 1010.8 2337 1007.2 1410  4.4  2.8 14.2 -9.0 -9.00 -9.00   -9   -9.0   -9.0 -9.00   -9.0   -9   -9.0   -9   -9.0   -9   -9.0   -9   -9.0   -9 -99.0 -99.0 -99.0 -99.0 -99.0
20260723 251  2.9  2504  23  5.8 1539  23  8.7 1401  28.6  32.7 1505  25.5    1  24.9  29.5  24.4  81.3  67.0 1508  31.5   5.8   4.0 -9.00 1002.5 1008.1 1010.2 2345 1006.5  410  4.4  7.0 14.2 -9.0 19.41  3.04 1400   -9.0   -9.0 -9.00   -9.0   -9   -9.0   -9   -9.0   -9   -9.0   -9   -9.0   -9 -99.0 -99.0 -99.0 -99.0 -99.0
20260723 252  2.8  2379  20  5.3 1255  20 10.1 1249  28.5  31.8 1419  26.4 2344  24.8  30.5  24.6  80.9  66.0 1421  31.3   6.0   4.2 -9.00 1004.1 1008.3 1010.0 2351 1006.3  416  4.3  5.2 14.2 -9.0 19.37  3.20 1200   -9.0   -9.0 -9.00   -9.0   -9   -9.0   -9   -9.0   -9   -9.0   -9   -9.0   -9 -99.0 -99.0 -99.0 -99.0 -99.0
20260723 253  1.5  1314  25  3.9 1145  25  7.3 1210  29.7  35.3 1359  26.2  514  24.7  35.3  23.8  75.6  55.0 1450  31.2   6.6   4.6 -9.00 1003.4 1009.5 1011.1 2308 1008.2 1455  1.9  8.4 14.2 -9.0 21.92  3.12 1100   -9.0   -9.0 -9.00   -9.0   -9   -9.0   -9   -9.0   -9   -9.0   -9   -9.0   -9 -99.0 -99.0 -99.0 -99.0 -99.0
20260723 254  1.6  1357  27  5.9 1530  29  8.9 1523  28.1  32.7 1534  24.8   52  23.7  31.5  23.9  78.8  58.0 1549  29.3   5.9   4.1 -9.00  994.3 1008.9 1011.0 2350 1007.5 1407  3.9  5.4 14.2 -9.0 18.54  3.04 1300   -9.0   -9.0 -9.00   -9.0   -9   -9.0   -9   -9.0   -9   -9.0   -9   -9.0   -9 -99.0 -99.0 -99.0 -99.0 -99.0
20260723 255  1.1   928  18  2.9 1519  16  6.4 1703  30.2  35.0 1456  27.4  444  24.9  34.3  23.7  74.1  56.0 1445  31.5   6.0   4.2 -9.00 1002.8 1008.5 1010.3 2222 1006.8 1453  2.8  7.6 14.1 -9.0 20.20  2.98 1300   -9.0   -9.0 -9.00   -9.0   -9   -9.0   -9   -9.0   -9   -9.0   -9   -9.0   -9 -99.0 -99.0 -99.0 -99.0 -99.0
20260723 257  2.6  2241  23  5.2 1450  20  9.5 1456  30.0  35.8 1440  25.9  509  25.4  37.5  23.3  77.5  55.0 1440  32.4   6.9   4.8 -9.00 1007.9 1008.6 1010.3 2318 1007.0 1452  1.9  6.4 14.2 -9.0 20.21  3.24 1300   -9.0   -9.0 -9.00   -9.0   -9   -9.0   -9   -9.0   -9   -9.0   -9   -9.0   -9 -99.0 -99.0 -99.0 -99.0 -99.0
20260723 258  1.8  1598  23  4.7 1341  23  7.2 1616  28.6  32.1 1251  25.4 2346  25.3  29.7  24.8  83.8  66.0 1629  32.3   6.1   4.3 -9.00 1009.3 1009.5 1011.5 2238 1008.0  442  2.4  6.8 14.1 -9.0 22.00  3.48 1200   -9.0   -9.0 -9.00   -9.0   -9   -9.0   -9   -9.0   -9   -9.0   -9   -9.0   -9 -99.0 -99.0 -99.0 -99.0 -99.0
20260723 259  1.5  1313  25  3.5 1442  25  7.9 1152  28.7  33.8 1414  24.8 2349  24.8  30.5  23.8  81.0  58.0 1503  31.3   5.1   3.6 -9.00 1007.0 1008.8 1010.7 2208 1007.0  420  2.8  5.3 14.1 -9.0 18.03  3.40 1400   -9.0   -9.0 -9.00   -9.0   -9   -9.0   -9   -9.0   -9   -9.0   -9   -9.0   -9 -99.0 -99.0 -99.0 -99.0 -99.0
20260723 260  1.7  1503  25  3.5 1200  25  6.0 1153  28.3  33.2 1536  25.7  206  24.9  31.2  24.5  82.8  62.0 1555  31.5  -9.0  -9.0 -9.00 1003.9 1008.9 1010.8 2200 1007.2  430  2.4  4.8 14.1 -9.0 -9.00 -9.00   -9   -9.0   -9.0 -9.00   -9.0   -9   -9.0   -9   -9.0   -9   -9.0   -9   -9.0   -9 -99.0 -99.0 -99.0 -99.0 -99.0
20260723 261  2.9  2490  23  7.0 1547  23 11.1 1142  28.0  31.3 1433  24.5 2358  25.2  32.8  23.4  85.3  73.0 1435  32.0  -9.0  -9.0 -9.00 1007.4 1009.3 1011.1 2150 1007.5  359  2.5  6.8 14.1 -9.0 -9.00 -9.00   -9   -9.0   -9.0 -9.00   -9.0   -9   -9.0   -9   -9.0   -9   -9.0   -9   -9.0   -9 -99.0 -99.0 -99.0 -99.0 -99.0
20260723 262  1.8  1522  18  5.4 1424  20  9.3 1422  28.1  32.9 1357  24.7 2348  24.2  32.5  26.1  80.3  61.0 1718  30.1   6.5   4.5 -9.00 1003.3 1009.2 1011.1 2223 1007.6  440  1.1 10.5 14.1 -9.0 23.46  3.15 1300   -9.0   -9.0 -9.00   -9.0   -9   -9.0   -9   -9.0   -9   -9.0   -9   -9.0   -9 -99.0 -99.0 -99.0 -99.0 -99.0
20260723 263  2.1  1832  23  6.1 1745  25  9.1 1742  29.6  35.2 1445  24.5  559  24.9  36.4  22.4  77.5  55.0 1427  31.5   7.6   5.3 -9.00 1007.0 1008.6 1010.4 2252 1007.0 1442  1.1  8.1 14.2 -9.0 24.71  3.33 1300   -9.0   -9.0 -9.00   -9.0   -9   -9.0   -9   -9.0   -9   -9.0   -9   -9.0   -9 -99.0 -99.0 -99.0 -99.0 -99.0
20260723 264  1.0   888  36  3.6 1636  34  6.1 1547  28.4  34.4 1623  23.4  306  24.8  30.6  23.0  82.5  58.0 1426  31.3   5.8   4.1 -9.00  991.5 1008.6 1010.5 2221 1006.7 1422  3.6  5.7 14.2 -9.0 20.62  2.76 1200    0.0   -9.0 -9.00    0.0   -9    0.0   -9   -9.0   -9   -9.0   -9   -9.0   -9 -99.0 -99.0 -99.0 -99.0 -99.0
20260723 266  1.6  1382  25  3.8 1707  25  7.5 1442  28.9  33.7 1400  25.8  439  24.9  34.0  19.1  80.9  59.0 1229  31.5   6.2   4.3 -9.00  999.6 1009.5 1011.5 2225 1008.2 1419  1.4  6.4 14.1 -9.0 21.90  3.33 1200   -9.0   -9.0 -9.00   -9.0   -9   -9.0   -9   -9.0   -9   -9.0   -9   -9.0   -9 -99.0 -99.0 -99.0 -99.0 -99.0
20260723 268  3.2  2801  23  5.6 1113  20 10.0 1257  28.3  31.1 1451  26.0 2230  24.7  32.4  24.5  81.5  69.0 1454  31.2  -9.0  -9.0 -9.00 1006.6 1007.7 1009.4 2149 1005.7  408  2.8  6.8 14.1 -9.0 -9.00 -9.00   -9   -9.0   -9.0 -9.00   -9.0   -9   -9.0   -9   -9.0   -9   -9.0   -9   -9.0   -9 -99.0 -99.0 -99.0 -99.0 -99.0
20260723 271  1.0   824  20  3.1 1149  18  6.0 1144  26.1  31.3 1609  22.9  259  23.2  28.2  21.8  85.8  61.0 1610  28.5  -9.0  -9.0 -9.00  972.4 1008.6 1010.7 2359 1006.6 1607  6.1  3.4 14.3 -9.0 -9.00 -9.00   -9    3.6   -9.0 -9.00    3.6 1930    3.4 1930   -9.0   -9   -9.0   -9   -9.0   -9 -99.0 -99.0 -99.0 -99.0 -99.0
20260723 272  0.8   726  32  8.2 1849  29 14.9 1844  26.3  31.7 1328  23.6  220  24.1  29.6  23.5  88.9  64.0 1330  29.9  -9.0  -9.0 -9.00  984.4 1008.2 1010.1 2349 1006.3 1546  6.4  2.5 14.3 -9.0 -9.00 -9.00   -9   12.0   -9.0 -9.00   12.0   -9   11.8 1845   -9.0   -9   -9.0   -9   -9.0   -9 -99.0 -99.0 -99.0 -99.0 -99.0
20260723 273  0.9   757  27  3.5 1736  25  6.2 1727  27.0  32.8 1513  23.7  440  24.8  29.9  22.4  89.1  63.0 1451  31.3  -9.0  -9.0 -9.00  988.2 1007.6 1009.3 2344 1005.9 1446  5.6  3.4 14.3 -9.0 -9.00 -9.00   -9    0.0   -9.0 -9.00    0.0   -9    0.0   -9   -9.0   -9   -9.0   -9   -9.0   -9 -99.0 -99.0 -99.0 -99.0 -99.0
20260723 276  1.4  1167  29  4.0 1136  27  7.7 1135  28.8  34.2 1559  24.7  315  25.0  32.9  23.5  82.5  57.0 1554  31.7   5.8   4.0 -9.00  984.2 1007.5 1009.3 2327 1005.6 1539  3.6  5.8 14.2 -9.0 20.46  2.64 1200   -9.0   -9.0 -9.00   -9.0   -9   -9.0   -9   -9.0   -9   -9.0   -9   -9.0   -9 -99.0 -99.0 -99.0 -99.0 -99.0
20260723 277  2.0  1766   5  5.2 1955  27  8.6 1220  28.9  35.7 1430  24.2 2333  23.1  34.1  23.8  72.9  48.0 1431  28.2  -9.0  -9.0 -9.00 1003.1 1007.7 1009.5 2112 1006.3 1448  2.4 10.5 14.3 -9.0 -9.00 -9.00   -9   -9.0   -9.0 -9.00   -9.0   -9   -9.0   -9   -9.0   -9   -9.0   -9   -9.0   -9 -99.0 -99.0 -99.0 -99.0 -99.0
20260723 278  0.9   801  27  2.6 1540  25  5.2 1316  29.2  34.9 1531  24.6  547  25.0  32.4  24.4  80.4  53.0 1532  31.7  -9.0  -9.0 -9.00  998.0 1007.1 1008.8 2354 1005.4 1533  3.0  8.1 14.2 -9.0 -9.00 -9.00   -9   -9.0   -9.0 -9.00   -9.0   -9   -9.0   -9   -9.0   -9   -9.0   -9   -9.0   -9 -99.0 -99.0 -99.0 -99.0 -99.0
20260723 279  1.1   931  27  2.5 1900  34  4.1 1635  29.7  36.2 1627  24.6  458  24.1  34.0  24.1  73.6  46.0 1640  30.0   6.5   4.6 -9.00 1002.2 1007.7 1009.5 2358 1005.8 1707  3.5  8.9 14.2 -9.0 23.14  2.82 1100    0.0   -9.0 -9.00    0.0   -9    0.0   -9   -9.0   -9   -9.0   -9   -9.0   -9 -99.0 -99.0 -99.0 -99.0 -99.0
20260723 281  1.7  1466  27  3.9 1324  29  8.1 1331  30.0  35.0 1333  23.5  524  22.9  35.5  22.1  67.6  49.0 1329  28.0  -9.0  -9.0 -9.00  997.7 1008.5 1009.9 2247 1006.8 1501  2.8  9.2 14.2 -9.0 -9.00 -9.00   -9   -9.0   -9.0 -9.00   -9.0   -9   -9.0   -9   -9.0   -9   -9.0   -9   -9.0   -9 -99.0 -99.0 -99.0 -99.0 -99.0
20260723 283  2.6  2272  23  5.8 1116  23  9.6 1110  30.3  37.0 1511  23.6  519  23.4  35.7  22.1  69.0  44.0 1515  28.7   8.8   6.1 -9.00 1003.7 1008.2 1010.0 2400 1006.4 1634  2.4 11.5 14.2 -9.0 26.31  3.48 1300   -9.0   -9.0 -9.00   -9.0   -9   -9.0   -9   -9.0   -9   -9.0   -9   -9.0   -9 -99.0 -99.0 -99.0 -99.0 -99.0
20260723 284  1.6  1350  25  4.3 1148  27  8.0 1233  28.4  34.8 1514  23.2  416  23.8  35.2  21.5  77.9  57.0 1326  29.6   6.8   4.8 -9.00  981.8 1007.2 1009.2 2259 1005.2 1506  3.4  7.7 14.2 -9.0 23.43  3.04 1100   -9.0   -9.0 -9.00   -9.0   -9   -9.0   -9   -9.0   -9   -9.0   -9   -9.0   -9 -99.0 -99.0 -99.0 -99.0 -99.0
20260723 285  1.0   880  20  2.8 1754  18  6.9 1747  29.4  35.1 1514  24.6  439  24.7  34.4  24.4  77.6  55.0 1535  31.2  -9.0  -9.0 -9.00 1005.4 1008.4 1010.3 2248 1006.8 1458  1.9  4.4 14.2 -9.0 -9.00 -9.00   -9   -9.0   -9.0 -9.00   -9.0   -9   -9.0   -9   -9.0   -9   -9.0   -9   -9.0   -9 -99.0 -99.0 -99.0 -99.0 -99.0
20260723 288  1.6  1385  16  3.7 1529  20  7.4 1555  30.0  37.1 1445  24.8  533  24.5  34.3  25.0  74.1  47.0 1438  30.7   6.6   4.6 -9.00 1006.1 1007.0 1008.8 2318 1005.1 1451  3.3  5.6 14.2 -9.0 19.81  3.53 1200   -9.0   -9.0 -9.00   -9.0   -9   -9.0   -9   -9.0   -9   -9.0   -9   -9.0   -9 -99.0 -99.0 -99.0 -99.0 -99.0
20260723 289  1.0   865   9  2.5 1244  11  5.2 1242  28.4  34.0 1412  23.8  437  24.6  32.3  22.3  81.6  59.0 1329  31.0  -9.0  -9.0 -9.00  993.7 1009.2 1011.1 2235 1007.5 1441  2.3  5.9 14.2 -9.0 -9.00 -9.00   -9   -9.0   -9.0 -9.00   -9.0   -9   -9.0   -9   -9.0   -9   -9.0   -9   -9.0   -9 -99.0 -99.0 -99.0 -99.0 -99.0
20260723 294  2.1  1803  20  4.2 1916  20  9.9 1742  27.8  31.6 1400  26.5  421  24.0  33.0  24.4  80.4  65.0 1401  29.9  -9.0  -9.0 -9.00 1004.8 1009.9 1011.3 2157 1008.8  423  2.3  7.1 14.1 -9.0 -9.00 -9.00   -9    1.8   -9.0 -9.00    1.8  857    1.7  945   -9.0   -9   -9.0   -9   -9.0   -9 -99.0 -99.0 -99.0 -99.0 -99.0
20260723 295  1.3  1096  20  3.3 1819  27  6.7 1147  28.1  32.3 1222  25.0  331  24.0  32.0  22.7  79.6  61.0 1211  29.9  -9.0  -9.0 -9.00 1004.1 1009.3 1011.2 2302 1008.1  354  2.6  8.4 14.1 -9.0 -9.00 -9.00   -9   -9.0   -9.0 -9.00   -9.0   -9   -9.0   -9   -9.0   -9   -9.0   -9   -9.0   -9 -99.0 -99.0 -99.0 -99.0 -99.0
20260723 296  2.5  2170  18  6.4 1536  18 11.0 1552  29.3  34.1 1325  25.6  215  25.6  33.0  22.8  81.0  57.0 1320  32.8   7.4   5.2 -9.00 1007.7 1008.0 1009.6 2303 1006.7 1442  2.1  9.9 14.1 -9.0 25.54  3.57 1100   -9.0   -9.0 -9.00   -9.0   -9   -9.0   -9   -9.0   -9   -9.0   -9   -9.0   -9 -99.0 -99.0 -99.0 -99.0 -99.0
20260724  90  1.4  1220  36  4.2 1533   2  7.3 1614  24.6  27.2 1128  22.7  518  22.5  30.0  22.8  88.6  76.0 1252  27.2   5.0   3.5 -9.00 1008.7 1010.7 1011.8 1550 1009.3   46  3.5  6.5 14.4 -9.0 23.33  3.60 1100   -9.0   -9.0 -9.00   -9.0   -9   -9.0   -9   -9.0   -9   -9.0   -9   -9.0   -9 -99.0 -99.0 -99.0 -99.0 -99.0
20260724  93  0.9   736  20  4.3 1444  23  6.8 1508  27.1  32.6 1523  23.6  302  24.4  29.3  23.6  86.5  61.0 1509  30.5   5.6   3.9 -9.00  999.7 1010.5 1011.7 1205 1008.9 1728  3.5  6.3 14.3 -9.0 19.12  3.24 1300   -9.0   -9.0 -9.00   -9.0   -9   -9.0   -9   -9.0   -9   -9.0   -9   -9.0   -9  26.2  25.7  23.7  20.3  17.0
20260724  95  1.2  1041  23  3.9 1325  25  8.3 1338  26.8  31.2 1622  23.1    1  24.4  28.6  24.1  88.1  63.0 1339  30.5   5.0   3.5 -9.00  993.0 1010.5 1012.0 2322 1009.0  432  6.6  6.4 14.4 -9.0 18.11  3.21 1300    5.9   -9.0 -9.00    4.2  454    2.9  530   -9.0   -9   -9.0   -9   -9.0   -9 -99.0 -99.0 -99.0 -99.0 -99.0
20260724  98  1.5  1256  20  4.1 1339  20  7.5 1040  27.3  32.0 1524  24.7  238  22.5  29.4  23.7  76.5  57.0 1341  27.3   5.2   3.7 -9.00  997.0 1010.0 1011.5 2314 1008.6  330  5.0  5.2 14.3 -9.0 17.65  2.52 1400    1.1   -9.0 -9.00    0.4  111    0.3  201   -9.0   -9   -9.0   -9   -9.0   -9 -99.0 -99.0 -99.0 -99.0 -99.0
20260724  99  1.4  1245  29  4.0 1435  27  7.1 1410  26.3  30.8 1425  23.7 2214  24.0  28.5  24.2  88.5  68.0 1429  29.9   4.7   3.3 -9.00 1007.2 1010.7 1011.9 1203 1009.0  318  5.0  5.1 14.3 -9.0 16.98  2.66 1400    6.8   -9.0 -9.00    6.3  347    2.8  417   -9.0   -9   -9.0   -9   -9.0   -9 -99.0 -99.0 -99.0 -99.0 -99.0
20260724 100  3.0  2607  27  6.1 1215  27 12.3 1258  23.5  29.2 1603  20.6 2348  21.2  25.9  20.2  88.1  62.0 1618  25.2   6.6   4.6 -9.00  925.7 1010.3 1012.1 2218 1008.8 1721  3.0 11.1 14.3 -9.0 26.73  3.14 1200   -9.0   -9.0 -9.00   -9.0   -9   -9.0   -9   -9.0   -9   -9.0   -9   -9.0   -9 -99.0 -99.0 -99.0 -99.0 -99.0
20260724 101  1.1   961  25  3.6 1558  18  5.2 1517  27.2  33.0 1729  23.1  254  23.4  29.7  22.4  81.5  56.0 1552  28.8   5.6   3.9 -9.00 1000.8 1009.4 1010.6 2320 1007.7 1723  3.5  6.1 14.3 -9.0 19.57  3.15 1300   -9.0   -9.0 -9.00   -9.0   -9   -9.0   -9   -9.0   -9   -9.0   -9   -9.0   -9  26.8  24.6  22.7  18.0  15.4
20260724 102  3.3  2834  23  6.0 1006  20 10.8 1009  25.0  27.0 1359  23.7  336  23.3  26.2  24.1  91.1  80.0 1155  28.7   2.9   2.0  3.33 1003.8 1007.9 1009.3 2145 1006.3    2  7.5  1.9 14.4 -9.0 11.38  1.70 1100   11.1   -9.0  4.83    8.0  730    3.7  813   -9.0   -9   -9.0   -9   -9.0   -9 -99.0 -99.0 -99.0 -99.0 -99.0
20260724 104  1.0   850   9  2.7 1432  11  4.8 1521  25.0  29.0 1555  22.7  241  23.8  29.1  23.3  93.4  82.0 1303  29.5   5.3   3.7  0.25 1001.1 1009.7 1010.6 2219 1008.3  321  3.0 -9.0 14.3 -9.0 -9.00  3.43 1200   -9.0    0.0 -9.00   -9.0   -9   -9.0   -9   -9.0   -9   -9.0   -9   -9.0   -9  25.7  23.6  21.7  17.0  14.8
20260724 105  1.4  1206  36  2.8 1727   9  5.3 1410  25.9  29.8 1404  23.2  235  22.9  30.1  24.4  84.1  69.0 1430  27.9   6.3   4.4 -9.00 1007.6 1010.7 1011.4 2129 1009.3  221  3.3  8.6 14.3 -9.0 23.96  3.26 1200   -9.0   -9.0 -9.00   -9.0   -9   -9.0   -9   -9.0   -9   -9.0   -9   -9.0   -9  27.3  24.8  23.3  18.5  15.9
20260724 106  1.5  1301   2  3.1   42   7  5.6   35  25.0  28.0 1348  23.4  249  23.6  29.4  22.8  92.3  81.0 1318  29.1   5.4   3.8 -9.00 1006.3 1010.9 1011.8 2118 1009.1    6  3.5  6.3 14.3 -9.0 23.17  3.36 1200   -9.0   -9.0 -9.00   -9.0   -9   -9.0   -9   -9.0   -9   -9.0   -9   -9.0   -9 -99.0 -99.0 -99.0 -99.0 -99.0
20260724 108  2.7  2352  23  5.0 1320  23  9.3 1340  28.5  32.1 1457  26.2  438  23.5  28.5  24.3  75.3  58.0 1424  29.0   5.6   3.9 -9.00 1000.6 1010.2 1011.5 2256 1009.1  158  6.0  5.0 14.3 -9.0 17.87  3.43 1300   -9.0   -9.0 -9.00   -9.0   -9   -9.0   -9   -9.0   -9   -9.0   -9   -9.0   -9  26.6  24.9  24.6  20.8  15.5
20260724 112  3.1  2671  20  5.3 1121  18  9.5 1139  28.0  30.5 1409  26.3  350  25.6  29.3  24.4  87.1  76.0 1651  32.7   6.5   4.6 -9.00 1002.3 1010.1 1011.5 1207 1008.5  156  4.4  9.5 14.3 -9.0 25.33  3.34 1300    0.0   -9.0  2.08    0.0   -9    0.0   -9   -9.0   -9   -9.0   -9   -9.0   -9  25.1  24.0  19.0  21.9  15.0
20260724 114  1.2  1048  20  3.0 1111  18  6.1 1103  28.5  33.6 1601  24.0  535  23.4  30.0  22.7  75.5  52.0 1624  28.8   6.6   4.7 -9.00  993.4 1010.3 1011.3 2334 1008.6 1703  3.5  8.0 14.3 -9.0 23.04  2.94 1300   -9.0   -9.0 -9.00   -9.0   -9   -9.0   -9   -9.0   -9   -9.0   -9   -9.0   -9 -99.0 -99.0 -99.0 -99.0 -99.0
20260724 115  1.5  1275  25  5.3   30  25  9.5   27  27.3  29.8 1217  25.3  330  24.6  33.9  22.1  85.6  73.0  102  31.0   6.0   4.2 -9.00  985.9 1010.7 1012.2 2204 1008.4    1  1.4 12.5 14.3 -9.0 25.67  3.07 1300   -9.0   -9.0 -9.00   -9.0   -9   -9.0   -9   -9.0   -9   -9.0   -9   -9.0   -9  24.6  20.9  19.4  14.3  13.3
20260724 119  2.0  1746  25  4.6 1451  25  8.0 1220  28.3  32.7 1533  25.0  317  22.9  30.2  23.4  74.0  52.0 1456  28.0   6.1   4.3 -9.00 1005.6 1010.1 1011.3 2256 1008.8 1702  3.4  6.8 14.3 -9.0 20.25  2.90 1300    0.0    0.0  0.33    0.0   -9    0.0   -9   -9.0   -9   -9.0   -9   -9.0   -9  26.2  24.1  22.3  17.6  14.7
20260724 121  0.9   793  27  3.1 1328  29  6.2 1310  27.4  33.1 1524  23.6  527  23.7  29.5  20.5  82.5  54.0 1530  29.4   5.5   3.9 -9.00  984.0 1010.9 1012.1  832 1009.1 1754  2.3  7.5 14.3 -9.0 20.97  2.96 1200   -9.0   -9.0 -9.00   -9.0   -9   -9.0   -9   -9.0   -9   -9.0   -9   -9.0   -9 -99.0 -99.0 -99.0 -99.0 -99.0
20260724 127  1.0   880  23  3.2 1343  23  6.2 1313  28.2  33.8 1622  23.6  517  23.8  29.9  23.6  79.0  55.0 1623  29.5   6.2   4.4 -9.00  996.8 1009.7 1010.8 1212 1008.2 1802  1.6  8.4 14.3 -9.0 23.01  3.03 1300   -9.0   -9.0 -9.00   -9.0   -9   -9.0   -9   -9.0   -9   -9.0   -9   -9.0   -9 -99.0 -99.0 -99.0 -99.0 -99.0
20260724 129  3.0  2607  18  5.8  957  23  9.7 1153  28.0  31.2 1340  25.8  517  25.3  29.2  24.6  86.3  68.0 1610  32.2   6.8   4.7 -9.00 1007.6 1010.5 1011.6 1159 1008.9  150  3.6  8.7 14.3 -9.0 25.95  3.38 1200   -9.0   -9.0 -9.00   -9.0   -9   -9.0   -9   -9.0   -9   -9.0   -9   -9.0   -9  25.8  24.4  22.9  18.0  15.6
20260724 130  1.4  1222  11  2.9 1006  25  4.3  235  24.9  26.3  915  23.5  322  23.9  31.9  22.5  94.6  88.0 1217  29.6  -9.0  -9.0 -9.00 1005.4 1011.0 1012.0 2250 1009.0  110  0.9  4.0 14.3 -9.0 -9.00 -9.00   -9   -9.0   -9.0 -9.00   -9.0   -9   -9.0   -9   -9.0   -9   -9.0   -9   -9.0   -9 -99.0 -99.0 -99.0 -99.0 -99.0
20260724 131  1.4  1192  25  3.3 1228  27  6.2 1228  30.0  34.7 1714  26.0  520  23.2  30.9  26.7  68.0  51.0 1638  28.5   7.3   5.1 -9.00 1003.5 1010.1 1011.2 1146 1008.4 1811  3.6  8.5 14.2 -9.0 23.87  3.08 1200   -9.0    0.0 -9.00   -9.0   -9   -9.0   -9   -9.0   -9   -9.0   -9   -9.0   -9 -99.0 -99.0 -99.0 -99.0 -99.0
20260724 133  1.6  1380  20  4.4 1048  20  7.7 1044  29.2  33.7 1611  24.9  535  24.0  31.3  24.3  74.8  54.0 1629  29.8   7.0   4.9 -9.00 1003.0 1010.6 1011.7 1204 1008.9 1809  3.4  9.2 14.2 -9.0 24.78  3.42 1200   -9.0   -9.0 -9.00   -9.0   -9   -9.0   -9   -9.0   -9   -9.0   -9   -9.0   -9  28.5  26.6  24.7  20.6  17.2
20260724 135  1.0   846  27  3.8 1345  29  7.5 1310  27.5  32.9 1555  21.7  523  23.0  30.4  22.2  78.9  54.0 1337  28.1   7.8   5.4 -9.00  982.7 1010.1 1011.3  731 1008.5 1753  0.9 12.8 14.2 -9.0 29.21  3.57 1200   -9.0   -9.0 -9.00   -9.0   -9   -9.0   -9   -9.0   -9   -9.0   -9   -9.0   -9 -99.0 -99.0 -99.0 -99.0 -99.0
20260724 136  1.2  1048  29  3.8 1337  27  7.9 1346  29.0  34.0 1702  24.4  530  23.6  36.0  23.8  74.3  52.0 1702  29.1   7.9   5.5 -9.00  995.3 1011.1 1012.2  806 1009.7 1848  0.3 11.4 14.2 -9.0 28.19  3.53 1200   -9.0   -9.0 -9.00   -9.0   -9   -9.0   -9   -9.0   -9   -9.0   -9   -9.0   -9 -99.0 -99.0 -99.0 -99.0 -99.0
20260724 137  0.6   497  25  2.5 1436  32  5.3 1321  29.3  34.4 1524  24.2  512  24.5  35.8  23.5  77.3  55.0 1541  30.7   7.0   4.9 -9.00  998.6 1009.4 1010.5  748 1008.0 1804  0.5 10.6 14.2 -9.0 26.13  3.11 1400   -9.0   -9.0 -9.00   -9.0   -9   -9.0   -9   -9.0   -9   -9.0   -9   -9.0   -9 -99.0 -99.0 -99.0 -99.0 -99.0
20260724 138  2.3  1951  11  5.1 1325   9  8.0 1324  29.1  34.8 1534  25.5   20  21.6  39.0  23.2  65.8  42.0 1611  25.8   7.8   5.4 -9.00 1009.2 1009.6 1010.5 2347 1008.4  309  1.4 12.6 14.2 -9.0 26.04  3.31 1200   -9.0   -9.0 -9.00   -9.0   -9   -9.0   -9   -9.0   -9   -9.0   -9   -9.0   -9  26.1  22.5  21.0  17.8  16.3
20260724 140  2.5  2160  29  5.0 1453  29  7.8 1435  28.8  33.6 1615  24.9  553  24.8  32.2  22.6  79.9  60.0 1608  31.3  -9.0  -9.0 -9.00 1008.3 1011.4 1012.5 1134 1009.9 1716  1.5 11.2 14.2 -9.0 -9.00 -9.00   -9   -9.0   -9.0 -9.00   -9.0   -9   -9.0   -9   -9.0   -9   -9.0   -9   -9.0   -9 -99.0 -99.0 -99.0 -99.0 -99.0
20260724 143  1.1   931  25  2.5 1123  29  4.2 1335  31.5  37.2 1513  26.2  545  21.1  35.7  24.0  57.4  31.0 1501  25.2   7.6   5.3 -9.00 1003.3 1009.4 1010.6  842 1007.9 1736  0.5 10.9 14.2 -9.0 25.03  3.46 1200   -9.0   -9.0 -9.00   -9.0   -9   -9.0   -9   -9.0   -9   -9.0   -9   -9.0   -9 -99.0 -99.0 -99.0 -99.0 -99.0
20260724 146  2.0  1710  27  4.5 1244  32  6.8 2026  30.1  35.3 1530  25.7  523  23.3  33.5  23.0  68.8  48.0 1745  28.7   7.5   5.3 -9.00 1003.8 1010.6 1011.7 2143 1008.6 1744  2.5 10.8 14.2 -9.0 25.42  3.18 1300   -9.0   -9.0 -9.00   -9.0   -9   -9.0   -9   -9.0   -9   -9.0   -9   -9.0   -9 -99.0 -99.0 -99.0 -99.0 -99.0
20260724 152  1.5  1296  14  4.0 1415  14  7.0 1406  29.9  35.5 1310  25.4  546  22.4  36.9  23.3  66.4  43.0 1110  27.1   8.2   5.8 -9.00 1000.4 1009.4 1010.3  834 1008.6  307  0.3 12.4 14.1 -9.0 26.84  3.48 1200   -9.0   -9.0 -9.00   -9.0   -9   -9.0   -9   -9.0   -9   -9.0   -9   -9.0   -9 -99.0 -99.0 -99.0 -99.0 -99.0
20260724 155  1.8  1557  11  4.7 1210  16  7.8 1341  29.3  35.0 1428  24.4  550  24.5  36.1  22.5  77.0  55.0 1408  30.8   7.8   5.5 -9.00 1006.8 1010.8 1011.8  819 1009.8  257  0.0 12.5 14.1 -9.0 27.92  3.44 1200   -9.0   -9.0 -9.00   -9.0   -9   -9.0   -9   -9.0   -9   -9.0   -9   -9.0   -9 -99.0 -99.0 -99.0 -99.0 -99.0
20260724 156  2.1  1816  18  4.5 1057  18  7.4 1637  29.8  34.9 1507  25.1  523  24.5  36.1  22.1  74.6  51.0 1645  30.7   7.6   5.3 -9.00 1002.8 1010.7 1012.0 2335 1009.1 1705  1.9 10.8 14.1 -9.0 25.67  3.33 1400   -9.0   -9.0 -9.00   -9.0   -9   -9.0   -9   -9.0   -9   -9.0   -9   -9.0   -9 -99.0 -99.0 -99.0 -99.0 -99.0
20260724 159  4.7  4074  29  7.8  927  27 13.8  925  29.3  33.7 1159  26.4  533  24.0  36.1  23.3  73.9  58.0 1158  29.8   9.0   6.3 -9.00 1002.5 1010.3 1011.1  846 1009.0  312  0.5 12.3 14.1 -9.0 29.17  3.58 1200   -9.0   -9.0 -9.00   -9.0   -9   -9.0   -9   -9.0   -9   -9.0   -9   -9.0   -9  27.5  24.7  23.0  18.2  17.7
20260724 162  2.3  1984  18  4.5 1805  18  7.0 1652  28.3  32.2 1447  25.6  403  24.6  32.8  23.4  81.4  63.0 1223  30.9   7.4   5.2 -9.00 1006.8 1010.4 1011.4 2314 1009.3  241  0.0 11.5 14.1 -9.0 28.24  3.54 1200   -9.0   -9.0 -9.00   -9.0   -9   -9.0   -9   -9.0   -9   -9.0   -9   -9.0   -9 -99.0 -99.0 -99.0 -99.0 -99.0
20260724 165  2.9  2500  25  5.2 1411  18  7.8 1642  28.9  32.7 1506  25.3  412  24.8  32.1  22.2  79.6  58.0 1541  31.3   7.2   5.1 -9.00 1005.9 1011.0 1012.1 2225 1009.4  233  2.3 11.0 14.1 -9.0 26.54  3.43 1300   -9.0   -9.0 -9.00   -9.0   -9   -9.0   -9   -9.0   -9   -9.0   -9   -9.0   -9  27.7  24.5  23.1  19.6  16.8
20260724 168  2.8  2387  23  4.8 1619  20  6.6 1617  28.9  32.3 1416  26.1  337  24.8  35.4  25.9  79.5  62.0 1431  31.3   7.7   5.4 -9.00 1004.0 1011.4 1012.4  820 1010.0  340  2.0 11.3 14.1 -9.0 27.95  3.54 1200   -9.0   -9.0 -9.00   -9.0   -9   -9.0   -9   -9.0   -9   -9.0   -9   -9.0   -9  29.4  25.7  23.0  19.0  17.2
20260724 169  6.6  5680  16 10.6  101  18 13.4  113  27.9  32.8 1334  25.0   34  25.6  31.9  25.3  88.5  71.0 1335  32.9   7.5   5.2  3.98 1001.8 1010.2 1011.7 2214 1008.3  130  1.3 10.5 14.1 -9.0 27.53  3.53 1200   -9.0   -9.0 -9.00   -9.0   -9   -9.0   -9   -9.0   -9   -9.0   -9   -9.0   -9 -99.0 -99.0 -99.0 -99.0 -99.0
20260724 170  1.8  1597  16  4.6 1902  34  8.5 1326  28.8  33.5 1640  24.9   30  24.3  34.9  25.0  78.1  53.0 1524  30.4   7.0   4.9 -9.00 1007.4 1011.4 1012.4 1210 1009.6  209  0.5  9.5 14.1 -9.0 23.57  3.43 1200   -9.0   -9.0 -9.00   -9.0   -9   -9.0   -9   -9.0   -9   -9.0   -9   -9.0   -9 -99.0 -99.0 -99.0 -99.0 -99.0
20260724 172  2.7  2339  23  5.0 1411  20  7.8 1108  29.1  34.2 1446  24.3  526  23.6  29.5  22.6  74.3  47.0 1608  29.2   8.1   5.6 -9.00 1004.5 1010.4 1011.6 2212 1008.7 1745  2.4 10.1 14.1 -9.0 25.89  3.22 1400   -9.0   -9.0 -9.00   -9.0   -9   -9.0   -9   -9.0   -9   -9.0   -9   -9.0   -9 -99.0 -99.0 -99.0 -99.0 -99.0
20260724 174  1.1   941  20  3.9 1713  20  6.1 1712  27.2  33.2 1406  22.4  431  22.8  34.8  23.3  78.8  54.0 1412  27.8  -9.0  -9.0 -9.00  991.1 1009.6 1010.9 2300 1008.3 1716  0.5  8.9 14.1 -9.0 -9.00 -9.00   -9   -9.0   -9.0 -9.00   -9.0   -9   -9.0   -9   -9.0   -9   -9.0   -9   -9.0   -9 -99.0 -99.0 -99.0 -99.0 -99.0
20260724 177  2.6  2271  20  5.5 1105  18  9.6 1126  28.8  32.9 1604  24.6  538  24.4  29.9  23.7  78.5  56.0 1632  30.5   7.5   5.2 -9.00 1006.0 1009.1 1010.3 2324 1007.5  227  3.3 10.5 14.2 -9.0 26.69  3.70 1300   -9.0   -9.0 -9.00   -9.0   -9   -9.0   -9   -9.0   -9   -9.0   -9   -9.0   -9 -99.0 -99.0 -99.0 -99.0 -99.0
20260724 181  1.5  1327  25  4.7 1128  25  7.4 1106  28.1  33.2 1720  22.7  516  23.5  30.2  22.3  77.9  56.0 1723  28.9   7.0   4.9 -9.00 1006.9 1010.7 1011.9 1207 1009.1 1755  2.6  9.5 14.2 -9.0 25.10  3.15 1300   -9.0   -9.0 -9.00   -9.0   -9   -9.0   -9   -9.0   -9   -9.0   -9   -9.0   -9 -99.0 -99.0 -99.0 -99.0 -99.0
20260724 184  2.7  2349   5  5.7 1614   5  8.2 1559  29.6  32.4 1511  26.9  501  23.5  38.2  23.4  70.3  58.0   51  29.2   8.1   5.7 -9.00 1008.1 1010.4 1011.7 1253 1008.5  230  1.3 12.4 14.0 -9.0 28.23  3.45 1400   -9.0   -9.0 -9.00   -9.0   -9   -9.0   -9   -9.0   -9   -9.0   -9   -9.0   -9  30.9  28.6  26.8  23.0  18.3
20260724 185  4.9  4271  14  6.6 2018  14  8.7 1934  28.2  30.6 1310  26.5  110  25.6  33.3  26.1  86.3  77.0 1311  32.8   7.4   5.2 -9.00 1003.0 1011.0 1012.2 2357 1009.1  333  0.3 12.0 14.0 -9.0 28.38  3.47 1100   -9.0   -9.0 -9.00   -9.0   -9   -9.0   -9   -9.0   -9   -9.0   -9   -9.0   -9 -99.0 -99.0 -99.0 -99.0 -99.0
20260724 188  3.5  3014  18  6.8 1403  18  9.7 1258  29.0  32.2 1417  26.6  543  25.3  36.3  25.9  81.4  64.0  948  32.2  -9.0  -9.0 -9.00 1009.2 1011.5 1012.5 2239 1009.7  340  0.0 11.8 14.0 -9.0 -9.00 -9.00   -9   -9.0   -9.0 -9.00   -9.0   -9   -9.0   -9   -9.0   -9   -9.0   -9   -9.0   -9 -99.0 -99.0 -99.0 -99.0 -99.0
20260724 189  1.9  1622  23  4.0 1303  23  6.4 1327  29.9  32.9 1546  27.3    1  25.3  37.1  25.0  77.0  64.0 1015  32.3   7.8   5.5 -9.00 1006.0 1011.8 1012.7 2151 1010.1  338  1.5 12.3 14.0 -9.0 28.83  3.51 1200   -9.0   -9.0 -9.00   -9.0   -9   -9.0   -9   -9.0   -9   -9.0   -9   -9.0   -9 -99.0 -99.0 -99.0 -99.0 -99.0
20260724 192  1.1   940  18  2.8 1719  18  6.6 1518  28.8  35.3 1429  23.4  524  24.4 -99.0  21.0  78.5  53.0 1430  30.6   7.4   5.2 -9.00 1007.5 1010.8 1012.1  825 1009.8  236  0.0 11.5 14.1 -9.0 27.39  3.43 1200   -9.0   -9.0 -9.00   -9.0   -9   -9.0   -9   -9.0   -9   -9.0   -9   -9.0   -9 -99.0 -99.0 -99.0 -99.0 -99.0
20260724 201  3.0  2628  23  5.2 1149  25  9.6 1321  26.9  30.1 1354  24.9 2320  24.9  28.8  24.5  89.8  69.0 1647  31.5  -9.0  -9.0 -9.00 1005.4 1010.9 1012.1 1154 1009.2  228  5.4  7.1 14.3 -9.0 -9.00 -9.00   -9    3.1   -9.0 -9.00    2.3  256    1.2  330   -9.0   -9   -9.0   -9   -9.0   -9 -99.0 -99.0 -99.0 -99.0 -99.0
20260724 202  0.9   806  16  2.5  958  20  4.0 1637  27.6  32.1 1536  23.5  600  23.4  29.8  23.6  79.6  55.0 1651  28.8  -9.0  -9.0 -9.00 1005.5 1010.8 1011.9 1143 1009.5 1710  3.9  4.5 14.3 -9.0 -9.00 -9.00   -9   -9.0   -9.0 -9.00   -9.0   -9   -9.0   -9   -9.0   -9   -9.0   -9   -9.0   -9 -99.0 -99.0 -99.0 -99.0 -99.0
20260724 203  0.9   800  18  2.5 1304  27  5.0 1530  28.3  33.3 1510  23.9  540  24.6  31.7  23.6  81.5  59.0 1512  30.9  -9.0  -9.0 -9.00 1001.9 1011.0 1012.0 1145 1009.6 1701  2.9  5.9 14.3 -9.0 -9.00 -9.00   -9   -9.0   -9.0 -9.00   -9.0   -9   -9.0   -9   -9.0   -9   -9.0   -9   -9.0   -9 -99.0 -99.0 -99.0 -99.0 -99.0
20260724 211  0.8   723  18  2.8 1447  23  6.2 1103  25.2  31.2 1433  21.3  434  22.6  27.2  20.8  87.0  62.0 1436  27.4  -9.0  -9.0 -9.00  987.3 1010.2 1011.5 2306 1008.7 1735  4.4  3.2 14.4 -9.0 -9.00 -9.00   -9    0.1   -9.0 -9.00    0.1   -9    0.1   -9   -9.0   -9   -9.0   -9   -9.0   -9 -99.0 -99.0 -99.0 -99.0 -99.0
20260724 212  1.0   847  29  3.6 1512  32  6.3 1531  27.5  33.0 1654  23.7  517  23.2  28.8  23.2  79.6  52.0 1652  28.5  -9.0  -9.0 -9.00  995.1 1010.9 1011.8 1204 1009.3 1718  3.0  6.1 14.3 -9.0 -9.00 -9.00   -9   -9.0   -9.0 -9.00   -9.0   -9   -9.0   -9   -9.0   -9   -9.0   -9   -9.0   -9 -99.0 -99.0 -99.0 -99.0 -99.0
20260724 216  1.3  1111  20  3.7 1222  23  8.1 1314  25.3  31.3 1525  20.8  536  20.0  28.7  21.0  75.0  48.0 1327  23.4   6.9   4.8 -9.00  932.3 1010.4 1012.7 2313 1009.0 1648  0.8 11.6 14.3 -9.0 27.05  3.56 1200   -9.0   -9.0 -9.00   -9.0   -9   -9.0   -9   -9.0   -9   -9.0   -9   -9.0   -9 -99.0 -99.0 -99.0 -99.0 -99.0
20260724 217  1.1   980  18  3.8 1547  18  7.6 1337  27.4  34.0 1508  22.9 2359  23.0  30.3  23.7  79.0  52.0 1335  28.0  -9.0  -9.0 -9.00  976.0 1010.7 1012.3 2310 1009.1 1758  2.8  8.2 14.3 -9.0 -9.00 -9.00   -9   -9.0   -9.0 -9.00   -9.0   -9   -9.0   -9   -9.0   -9   -9.0   -9   -9.0   -9 -99.0 -99.0 -99.0 -99.0 -99.0
20260724 221  1.1   962  20  3.9 1249  20  6.1 1244  26.3  31.1 1706  23.4  347  23.6  29.8  23.3  86.8  60.0 1435  29.1  -9.0  -9.0 -9.00  981.0 1010.7 1011.6  808 1009.2 1729  2.1  7.3 14.3 -9.0 -9.00 -9.00   -9   -9.0   -9.0 -9.00   -9.0   -9   -9.0   -9   -9.0   -9   -9.0   -9   -9.0   -9 -99.0 -99.0 -99.0 -99.0 -99.0
20260724 226  0.5   461  27  2.6 1318  27  4.9 1317  27.3  32.4 1545  23.3  613  24.1  30.3  23.4  85.0  58.0 1705  30.1  -9.0  -9.0 -9.00  991.6 1010.8 1011.9  755 1009.2 1737  2.8  7.3 14.2 -9.0 -9.00 -9.00   -9   -9.0   -9.0 -9.00   -9.0   -9   -9.0   -9   -9.0   -9   -9.0   -9   -9.0   -9 -99.0 -99.0 -99.0 -99.0 -99.0
20260724 232  0.9   761  23  2.7 1417  20  4.9  937  27.7  32.9 1426  23.0  527  24.3  30.5  22.5  83.1  59.0 1650  30.3  -9.0  -9.0 -9.00 1001.6 1011.2 1012.2 1135 1009.8 1708  2.9  9.1 14.2 -9.0 -9.00 -9.00   -9   -9.0   -9.0 -9.00   -9.0   -9   -9.0   -9   -9.0   -9   -9.0   -9   -9.0   -9 -99.0 -99.0 -99.0 -99.0 -99.0
20260724 235  3.2  2780  20  6.7 1001  20 10.1 1029  28.5  32.0 1333  26.4  305  24.8  29.4  24.6  81.1  65.0 1534  31.4   7.4   5.1 -9.00 1009.0 1010.1 1011.1 1126 1008.3  221  2.8  9.9 14.2 -9.0 26.33  3.53 1200   -9.0   -9.0 -9.00   -9.0   -9   -9.0   -9   -9.0   -9   -9.0   -9   -9.0   -9 -99.0 -99.0 -99.0 -99.0 -99.0
20260724 236  1.3  1093  20  3.3 1051  23  6.2 1353  28.6  33.1 1544  23.5  521  24.5  31.1  23.2  79.9  59.0 1610  30.7  -9.0  -9.0 -9.00 1009.5 1011.0 1012.1 1131 1009.5  204  3.0  8.8 14.2 -9.0 -9.00 -9.00   -9   -9.0   -9.0 -9.00   -9.0   -9   -9.0   -9   -9.0   -9   -9.0   -9   -9.0   -9 -99.0 -99.0 -99.0 -99.0 -99.0
20260724 238  1.0   823  27  2.9 1216  27  5.4 1213  28.7  33.9 1453  22.9  602  23.5  30.5  22.2  76.1  53.0 1454  29.0  -9.0  -9.0 -9.00  991.1 1010.1 1011.2 2258 1008.3 1757  1.8 10.8 14.2 -9.0 -9.00 -9.00   -9   -9.0   -9.0 -9.00   -9.0   -9   -9.0   -9   -9.0   -9   -9.0   -9   -9.0   -9 -99.0 -99.0 -99.0 -99.0 -99.0
20260724 239  1.2  1013  20  2.7 1105  25  5.5 1332  28.4  33.0 1712  23.8  516  24.2  31.8  23.6  79.3  58.0 1721  30.2   6.4   4.5 -9.00  999.9 1010.0 1011.2 2339 1008.2 1716  3.1  8.3 14.2 -9.0 24.46  3.31 1200   -9.0   -9.0 -9.00   -9.0   -9   -9.0   -9   -9.0   -9   -9.0   -9   -9.0   -9 -99.0 -99.0 -99.0 -99.0 -99.0
20260724 243  1.7  1443  18  3.9  915  18  6.2  940  29.1  34.3 1456  24.7  536  23.9  34.2  21.9  75.6  50.0 1628  29.8  -9.0  -9.0 -9.00 1009.6 1011.0 1012.1 1129 1009.4 1754  2.0 10.9 14.2 -9.0 -9.00 -9.00   -9   -9.0   -9.0 -9.00   -9.0   -9   -9.0   -9   -9.0   -9   -9.0   -9   -9.0   -9 -99.0 -99.0 -99.0 -99.0 -99.0
20260724 244  1.0   859  27  2.8 1051  20  5.8 1541  27.7  33.4 1541  22.3  545  23.1  30.5  21.2  77.8  54.0 1539  28.3  -9.0  -9.0 -9.00  983.0 1010.6 1011.8  837 1008.7 1817  2.0  9.6 14.2 -9.0 -9.00 -9.00   -9   -9.0   -9.0 -9.00   -9.0   -9   -9.0   -9   -9.0   -9   -9.0   -9   -9.0   -9 -99.0 -99.0 -99.0 -99.0 -99.0
20260724 245  1.9  1642  18  4.5 1037  23  7.4 1034  29.3  35.0 1431  24.1  542  24.1  31.0  22.0  75.0  54.0 1536  30.0   7.0   4.9 -9.00 1003.0 1010.7 1011.9 2213 1008.9 1754  2.9 10.7 14.1 -9.0 24.02  3.23 1200   -9.0   -9.0 -9.00   -9.0   -9   -9.0   -9   -9.0   -9   -9.0   -9   -9.0   -9 -99.0 -99.0 -99.0 -99.0 -99.0
20260724 247  1.5  1262  23  3.0 1926  23  5.5 1308  29.0  34.8 1543  23.1  510  23.8  33.1  22.0  75.6  54.0 1453  29.6  -9.0  -9.0 -9.00  995.5 1010.5 1011.9  759 1008.6 1730  0.5 11.5 14.1 -9.0 -9.00 -9.00   -9   -9.0   -9.0 -9.00   -9.0   -9   -9.0   -9   -9.0   -9   -9.0   -9   -9.0   -9 -99.0 -99.0 -99.0 -99.0 -99.0
20260724 248  1.0   906  23  3.1 1100  23  6.1 1043  26.3  32.2 1552  19.9  532  22.0  29.7  18.7  80.1  51.0 1647  26.5  -9.0  -9.0 -9.00  965.9 1011.1 1012.3 2158 1009.2 1723  0.5 11.8 14.2 -9.0 -9.00 -9.00   -9   -9.0   -9.0 -9.00   -9.0   -9   -9.0   -9   -9.0   -9   -9.0   -9   -9.0   -9 -99.0 -99.0 -99.0 -99.0 -99.0
20260724 251  1.9  1626  18  4.1  929  23  6.6 1216  28.3  34.1 1542  23.4  520  24.7  28.8  22.4  81.9  57.0 1608  31.1   6.2   4.3 -9.00 1004.9 1010.5 1011.9 2340 1008.8 1639  3.3  9.0 14.1 -9.0 21.89  2.88 1200   -9.0   -9.0 -9.00   -9.0   -9   -9.0   -9   -9.0   -9   -9.0   -9   -9.0   -9 -99.0 -99.0 -99.0 -99.0 -99.0
20260724 252  2.0  1763  23  4.4 1403  20  8.1 1138  28.8  34.0 1540  24.2  415  24.2  32.3  21.8  77.9  53.0 1521  30.2   7.6   5.3 -9.00 1006.3 1010.5 1011.7 2345 1008.9  231  2.3 10.4 14.1 -9.0 26.64  3.48 1300   -9.0   -9.0 -9.00   -9.0   -9   -9.0   -9   -9.0   -9   -9.0   -9   -9.0   -9 -99.0 -99.0 -99.0 -99.0 -99.0
20260724 253  1.6  1373  16  4.8 1544  16  7.6 1547  30.0  36.4 1310  25.0  451  24.4  36.5  22.7  73.4  49.0 1311  30.5   7.9   5.5 -9.00 1005.2 1011.4 1012.4  839 1010.3  430  0.0 12.0 14.1 -9.0 26.94  3.48 1200   -9.0   -9.0 -9.00   -9.0   -9   -9.0   -9   -9.0   -9   -9.0   -9   -9.0   -9 -99.0 -99.0 -99.0 -99.0 -99.0
20260724 254  1.3  1125  29  3.7 1504  27  6.8 1231  28.7  34.8 1707  22.8  556  23.0  34.2  21.4  73.3  47.0 1708  28.1   7.0   4.9 -9.00  996.5 1011.1 1012.5  803 1009.2 1704  2.3 10.6 14.1 -9.0 25.25  3.31 1400   -9.0   -9.0 -9.00   -9.0   -9   -9.0   -9   -9.0   -9   -9.0   -9   -9.0   -9 -99.0 -99.0 -99.0 -99.0 -99.0
20260724 255  1.1   908  20  2.3 1338  23  5.0 1447  30.4  36.1 1350  25.9  533  24.2  34.8  21.7  70.9  52.0 1352  30.2   7.0   4.9 -9.00 1004.6 1010.3 1011.6 2319 1009.1 1736  0.0 13.0 14.1 -9.0 25.44  3.23 1200   -9.0   -9.0 -9.00   -9.0   -9   -9.0   -9   -9.0   -9   -9.0   -9   -9.0   -9 -99.0 -99.0 -99.0 -99.0 -99.0
20260724 257  2.4  2100  20  4.9 1452  23  8.8 1517  30.7  36.8 1313  25.7  442  24.9  38.0  22.9  73.5  47.0 1331  31.6   8.3   5.8 -9.00 1009.8 1010.5 1011.5  834 1009.4 1816  0.0 10.7 14.1 -9.0 26.59  3.40 1200   -9.0   -9.0 -9.00   -9.0   -9   -9.0   -9   -9.0   -9   -9.0   -9   -9.0   -9 -99.0 -99.0 -99.0 -99.0 -99.0
20260724 258  1.5  1329  20  4.4 1418  23  5.8 1430  28.9  33.5 1507  24.9   36  25.2  31.5  24.2  82.1  59.0 1253  32.0   7.7   5.4 -9.00 1011.3 1011.5 1012.6 2308 1010.2  222  0.0 12.3 14.1 -9.0 28.81  3.55 1300   -9.0   -9.0 -9.00   -9.0   -9   -9.0   -9   -9.0   -9   -9.0   -9   -9.0   -9 -99.0 -99.0 -99.0 -99.0 -99.0
20260724 259  1.1   970  14  3.3 1403  14  6.1 1401  28.5  33.8 1331  23.7  452  24.6  29.5  22.9  81.4  61.0 1623  31.0   6.5   4.5 -9.00 1009.1 1010.9 1012.0  805 1009.3  217  0.9  8.3 14.1 -9.0 23.51  3.19 1000   -9.0   -9.0 -9.00   -9.0   -9   -9.0   -9   -9.0   -9   -9.0   -9   -9.0   -9 -99.0 -99.0 -99.0 -99.0 -99.0
20260724 260  1.4  1251  14  3.7 1914  25  5.4 1534  28.6  34.2 1408  23.4  532  24.3  35.4  22.9  79.4  54.0 1643  30.5  -9.0  -9.0 -9.00 1005.9 1010.9 1012.1  805 1009.5  214  0.4 10.1 14.1 -9.0 -9.00 -9.00   -9   -9.0   -9.0 -9.00   -9.0   -9   -9.0   -9   -9.0   -9   -9.0   -9   -9.0   -9 -99.0 -99.0 -99.0 -99.0 -99.0
20260724 261  1.8  1530  23  5.7 1159  25  7.7 1153  28.2  32.8 1516  23.2  435  24.7  34.6  22.3  82.9  62.0 1553  31.3  -9.0  -9.0 -9.00 1009.5 1011.4 1012.3  758 1009.8  200  1.5 10.4 14.1 -9.0 -9.00 -9.00   -9   -9.0   -9.0 -9.00   -9.0   -9   -9.0   -9   -9.0   -9   -9.0   -9   -9.0   -9 -99.0 -99.0 -99.0 -99.0 -99.0
20260724 262  1.4  1247  18  4.4 1142  32  7.3 1540  28.6  34.8 1436  24.0  241  24.2  35.2  25.2  78.9  51.0 1612  30.1   6.8   4.7 -9.00 1005.3 1011.1 1012.1  813 1009.8  215  0.5 10.5 14.1 -9.0 23.96  2.96 1300   -9.0   -9.0 -9.00   -9.0   -9   -9.0   -9   -9.0   -9   -9.0   -9   -9.0   -9 -99.0 -99.0 -99.0 -99.0 -99.0
20260724 263  1.7  1460  20  4.0 1627  23  6.7 1620  30.1  36.7 1458  23.6  600  24.6  37.9  20.9  75.3  48.0 1516  31.0   7.8   5.5 -9.00 1008.9 1010.5 1011.8  828 1009.0 1754  0.0 10.3 14.1 -9.0 26.95  3.42 1200   -9.0   -9.0 -9.00   -9.0   -9   -9.0   -9   -9.0   -9   -9.0   -9   -9.0   -9 -99.0 -99.0 -99.0 -99.0 -99.0
20260724 264  1.1   972  29  3.6 1351  27 10.3  729  28.5  35.8 1701  22.2  552  24.0  32.1  21.2  79.1  50.0 1651  29.9   7.3   5.1 -9.00  993.5 1010.5 1012.1  806 1008.5 1750  0.0 11.0 14.2 -9.0 27.15  3.56 1200   -9.0   -9.0 -9.00   -9.0   -9   -9.0   -9   -9.0   -9   -9.0   -9   -9.0   -9 -99.0 -99.0 -99.0 -99.0 -99.0
20260724 266  1.4  1181  23  3.6 1409  23  6.8 1321  29.3  35.1 1449  24.8  427  25.0  37.4  23.6  80.1  51.0 1430  31.8   6.8   4.7 -9.00 1001.5 1011.4 1012.6  817 1010.1  319  0.0  9.0 14.1 -9.0 24.20  3.49 1200   -9.0   -9.0 -9.00   -9.0   -9   -9.0   -9   -9.0   -9   -9.0   -9   -9.0   -9 -99.0 -99.0 -99.0 -99.0 -99.0
20260724 268  1.8  1580  23  4.3 1205  23  7.3 1247  27.8  31.8 1430  23.8  323  24.7  33.2  23.1  84.4  66.0 1520  31.1  -9.0  -9.0 -9.00 1008.7 1009.8 1010.9 2329 1008.2  310  1.6  8.2 14.1 -9.0 -9.00 -9.00   -9   -9.0   -9.0 -9.00   -9.0   -9   -9.0   -9   -9.0   -9   -9.0   -9   -9.0   -9 -99.0 -99.0 -99.0 -99.0 -99.0
20260724 271  1.0   834  20  2.7 1300  23  6.0 1202  26.4  31.9 1609  22.0  518  22.8  28.3  21.0  82.6  56.0 1630  27.8  -9.0  -9.0 -9.00  974.7 1011.0 1012.3 2247 1009.7 1807  1.1  9.6 14.3 -9.0 -9.00 -9.00   -9   -9.0   -9.0 -9.00   -9.0   -9   -9.0   -9   -9.0   -9   -9.0   -9   -9.0   -9 -99.0 -99.0 -99.0 -99.0 -99.0
20260724 272  1.2  1039  32  4.2 1400  32  8.2 1425  26.8  32.8 1532  22.0  524  23.7  31.7  21.6  85.4  53.0 1634  29.3  -9.0  -9.0 -9.00  986.8 1010.5 1011.7  816 1009.2 1804  1.5 10.1 14.3 -9.0 -9.00 -9.00   -9   -9.0   -9.0 -9.00   -9.0   -9   -9.0   -9   -9.0   -9   -9.0   -9   -9.0   -9 -99.0 -99.0 -99.0 -99.0 -99.0
20260724 273  1.1   984  32  2.9 1449  34  5.2 1113  27.8  33.8 1552  23.0  507  24.0  31.6  21.4  81.9  53.0 1605  29.9  -9.0  -9.0 -9.00  990.4 1009.8 1010.8  819 1008.4 1759  1.1 10.4 14.2 -9.0 -9.00 -9.00   -9   -9.0   -9.0 -9.00   -9.0   -9   -9.0   -9   -9.0   -9   -9.0   -9   -9.0   -9 -99.0 -99.0 -99.0 -99.0 -99.0
20260724 276  1.6  1346  27  4.2  947  27  7.1 1212  28.9  34.6 1645  23.5  536  24.2  33.9  21.9  78.5  53.0 1747  30.2   7.8   5.5 -9.00  986.6 1009.9 1011.0 2242 1008.6 1757  0.6 11.8 14.2 -9.0 27.63  3.58 1200   -9.0   -9.0 -9.00   -9.0   -9   -9.0   -9   -9.0   -9   -9.0   -9   -9.0   -9 -99.0 -99.0 -99.0 -99.0 -99.0
20260724 277  1.4  1195  34  2.7 1135  18  5.8 1644  26.5  33.5 1331  22.5  501  23.1  34.6  22.0  83.0  55.0 1709  28.3  -9.0  -9.0 -9.00 1005.9 1010.5 1011.5 2218 1008.8  217  1.3 12.7 14.2 -9.0 -9.00 -9.00   -9   -9.0   -9.0 -9.00   -9.0   -9   -9.0   -9   -9.0   -9   -9.0   -9   -9.0   -9 -99.0 -99.0 -99.0 -99.0 -99.0
20260724 278  0.9   791  32  2.8 1400  34  5.1 1237  29.2  35.2 1506  24.3  535  24.1  35.6  23.4  77.5  48.0 1538  30.1  -9.0  -9.0 -9.00 1000.3 1009.4 1010.5  808 1008.0 1851  0.3 11.8 14.2 -9.0 -9.00 -9.00   -9   -9.0   -9.0 -9.00   -9.0   -9   -9.0   -9   -9.0   -9   -9.0   -9   -9.0   -9 -99.0 -99.0 -99.0 -99.0 -99.0
20260724 279  1.0   841   9  2.0 1842   9  4.5 1110  29.9  36.5 1600  24.9  528  23.8  34.3  24.1  72.3  44.0 1601  29.5   6.4   4.5 -9.00 1004.4 1010.0 1011.2  818 1008.6 1801  1.0  9.5 14.2 -9.0 23.40  3.16 1100   -9.0   -9.0 -9.00   -9.0   -9   -9.0   -9   -9.0   -9   -9.0   -9   -9.0   -9 -99.0 -99.0 -99.0 -99.0 -99.0
20260724 281  1.4  1175   7  3.4 1745  27  6.7 1057  30.2  37.0 1445  24.2  542  22.1  37.0  23.0  65.0  33.0 1440  26.7  -9.0  -9.0 -9.00  999.8 1010.6 1011.6  835 1009.4 1723  0.8 11.6 14.2 -9.0 -9.00 -9.00   -9   -9.0   -9.0 -9.00   -9.0   -9   -9.0   -9   -9.0   -9   -9.0   -9   -9.0   -9 -99.0 -99.0 -99.0 -99.0 -99.0
20260724 283  1.9  1639   9  4.0 1653   9  7.6 1828  31.1  38.8 1339  24.6  511  22.6  36.9  22.3  64.9  34.0 1346  27.5   9.4   6.6 -9.00 1005.7 1010.2 1011.3  840 1009.1 1640  0.3 12.8 14.2 -9.0 28.85  3.51 1200   -9.0   -9.0 -9.00   -9.0   -9   -9.0   -9   -9.0   -9   -9.0   -9   -9.0   -9 -99.0 -99.0 -99.0 -99.0 -99.0
20260724 284  1.4  1209  27  3.3 1425  23  5.7 1236  28.8  35.9 1628  22.3  456  23.4  35.7  19.8  74.9  49.0 1724  28.8   7.4   5.2 -9.00  983.8 1009.2 1010.9  811 1007.1 1753  0.5 10.3 14.2 -9.0 25.99  3.40 1200   -9.0   -9.0 -9.00   -9.0   -9   -9.0   -9   -9.0   -9   -9.0   -9   -9.0   -9 -99.0 -99.0 -99.0 -99.0 -99.0
20260724 285  1.1   980  20  2.4 1956  23  5.6 1332  29.8  36.7 1536  23.6  446  23.9  36.9  23.0  73.5  45.0 1611  29.7  -9.0  -9.0 -9.00 1007.5 1010.5 1012.0  835 1008.9 1816  0.5 -9.0 14.2 -9.0 -9.00 -9.00   -9   -9.0   -9.0 -9.00   -9.0   -9   -9.0   -9   -9.0   -9   -9.0   -9   -9.0   -9 -99.0 -99.0 -99.0 -99.0 -99.0
20260724 288  1.6  1357  16  3.4 1654  11  7.7 1208  31.1  38.2 1418  24.7  459  23.6  36.3  24.6  67.5  38.0 1318  29.1   8.1   5.7 -9.00 1007.9 1008.8 1010.0  804 1007.2 1824  0.5 11.0 14.2 -9.0 26.40  3.49 1200   -9.0   -9.0 -9.00   -9.0   -9   -9.0   -9   -9.0   -9   -9.0   -9   -9.0   -9 -99.0 -99.0 -99.0 -99.0 -99.0
20260724 289  1.1   918  27  3.3 1440   9  6.6 1830  28.8  35.1 1343  23.3  454  24.7  33.3  21.0  80.6  53.0 1534  31.1  -9.0  -9.0 -9.00  995.8 1011.3 1013.0  822 1009.8 1747  0.5  8.9 14.1 -9.0 -9.00 -9.00   -9   -9.0   -9.0 -9.00   -9.0   -9   -9.0   -9   -9.0   -9   -9.0   -9   -9.0   -9 -99.0 -99.0 -99.0 -99.0 -99.0
20260724 294  2.1  1772  18  5.0 1755  16  9.4 2022  28.4  32.0 1228  25.6  540  24.2  35.5  23.2  78.9  65.0 1231  30.2  -9.0  -9.0 -9.00 1006.7 1011.8 1012.9  853 1010.4  411  0.0 11.4 14.1 -9.0 -9.00 -9.00   -9   -9.0   -9.0 -9.00   -9.0   -9   -9.0   -9   -9.0   -9   -9.0   -9   -9.0   -9 -99.0 -99.0 -99.0 -99.0 -99.0
20260724 295  1.2  1052  23  3.1 1814  23  5.3 1659  28.2  33.8 1355  24.0  342  24.0  32.8  21.0  79.1  55.0 1303  29.8  -9.0  -9.0 -9.00 1006.1 1011.2 1012.3  819 1009.9  319  0.0 10.1 14.1 -9.0 -9.00 -9.00   -9   -9.0   -9.0 -9.00   -9.0   -9   -9.0   -9   -9.0   -9   -9.0   -9   -9.0   -9 -99.0 -99.0 -99.0 -99.0 -99.0
20260724 296  2.3  2030  18  6.6 1511  18  9.4 1503  29.1  34.8 1254  24.4  534  24.9  33.9  21.5  79.3  52.0 1251  31.4   8.0   5.6 -9.00 1009.6 1009.9 1010.8  834 1008.9  312  0.0 11.9 14.1 -9.0 28.19  3.49 1200   -9.0   -9.0 -9.00   -9.0   -9   -9.0   -9   -9.0   -9   -9.0   -9   -9.0   -9 -99.0 -99.0 -99.0 -99.0 -99.0
20260725  90  1.3  1083  36  3.7 1301   2  6.5 1701  25.9  30.0 1053  23.8  112  23.8  27.5  24.3  88.8  64.0 1210  29.5   3.8   2.6 -9.00 1008.3 1010.3 1011.0  929 1009.3 1556  8.8  3.5 14.3 -9.0 15.08  3.48 1100    0.7   -9.0 -9.00    0.4  802    0.4  852   -9.0   -9   -9.0   -9   -9.0   -9 -99.0 -99.0 -99.0 -99.0 -99.0
20260725  93  0.8   690  23  3.0 1240  23  5.4 1214  27.6  32.0 1259  24.1  540  24.9  29.4  24.6  86.1  63.0 1301  31.4   4.2   2.9 -9.00 1000.2 1011.0 1012.2  918 1009.7 1814  7.5  5.4 14.3 -9.0 16.74  3.32 1100    0.0    2.0  0.67    0.0   -9    0.0   -9   -9.0   -9   -9.0   -9   -9.0   -9  27.5  25.8  23.7  20.7  17.5
20260725  95  1.0   890  23  3.5 1136  25  7.9 1128  26.8  30.7 1141  23.6  428  24.3  27.5  24.7  87.1  64.0 1114  30.4   3.5   2.5 -9.00  993.7 1011.3 1012.1  759 1010.0 1837  7.6  4.2 14.3 -9.0 14.11  2.60 1100   -9.0   13.4 -9.00   -9.0   -9   -9.0   -9   -9.0   -9   -9.0   -9   -9.0   -9 -99.0 -99.0 -99.0 -99.0 -99.0
20260725  98  1.1   928  25  3.9 1401  25  8.1 1434  27.3  31.1 1143  24.3  536  22.9  29.8  23.3  78.0  60.0 1054  27.9   4.3   3.0 -9.00  997.8 1010.8 1011.6  857 1009.5 1838  7.0  4.2 14.3 -9.0 15.55  2.12 1000   -9.0   -9.0 -9.00   -9.0   -9   -9.0   -9   -9.0   -9   -9.0   -9   -9.0   -9 -99.0 -99.0 -99.0 -99.0 -99.0
20260725  99  1.1   976  25  3.6 1235  29  8.1 1316  26.8  31.5 1139  23.7   31  24.4  29.6  24.3  87.6  68.0 1144  30.5   4.5   3.1 -9.00 1007.9 1011.4 1012.1  836 1010.3 1823  7.0  3.8 14.3 -9.0 17.98  2.65 1100    0.3   -9.0 -9.00    0.3 1252    0.3 1352   -9.0   -9   -9.0   -9   -9.0   -9 -99.0 -99.0 -99.0 -99.0 -99.0
20260725 100  2.5  2200  27  5.8 1312  27 10.2 1243  24.3  28.7 1237  20.3   58  21.6  25.8  20.1  85.9  68.0 1238  25.8   5.2   3.6 -9.00  926.1 1010.6 1011.9   32 1008.6 1555  6.5  8.4 14.3 -9.0 22.23  3.19 1000    0.0   -9.0 -9.00    0.0   -9    0.0   -9   -9.0   -9   -9.0   -9   -9.0   -9 -99.0 -99.0 -99.0 -99.0 -99.0
20260725 101  1.1   948  25  3.6 1220  20  5.5 1458  27.5  31.8 1254  23.5  517  23.7  30.0  23.2  81.3  61.0 1259  29.3   4.6   3.2 -9.00 1001.4 1010.0 1011.2  803 1008.5 1813  7.3  3.9 14.3 -9.0 17.43  3.05 1100    0.2    0.5 -9.00    0.2   -9    0.2   -9   -9.0   -9   -9.0   -9   -9.0   -9  27.1  24.7  22.8  18.2  15.4
20260725 102  4.1  3581  16  6.9  935  18 10.3 1032  25.3  27.8 1531  24.2    6  23.8  27.0  24.3  91.6  76.0 1532  29.4   3.6   2.5  0.88 1004.4 1008.5 1009.4 1044 1007.5  452  6.9  2.0 14.3 -9.0 13.09  2.39 1300    7.1   -9.0  3.50    4.0  738    2.3  828   -9.0   -9   -9.0   -9   -9.0   -9 -99.0 -99.0 -99.0 -99.0 -99.0
20260725 104  0.7   617  11  3.1 1420   9  4.3 1304  27.1  32.0 1252  23.5   38  25.0  29.8  23.2  89.1  71.0  933  31.6   4.8   3.3 -9.00 1000.8 1009.3 1010.1   41 1008.2 1613  7.1  5.9 14.3 -9.0 19.31  2.93 1200    0.0    0.0  1.92    0.0   -9    0.0   -9   -9.0   -9   -9.0   -9   -9.0   -9  26.3  23.6  21.7  17.0  14.5
20260725 105  1.6  1356  23  4.0  747  27  6.8 1047  28.3  33.7 1123  24.4  340  23.1  29.4  24.7  74.6  51.0 1116  28.2   5.3   3.7 -9.00 1007.2 1010.2 1011.0    1 1009.0 1614  7.4  5.6 14.3 -9.0 18.02  2.71 1300    0.0   -9.0 -9.00    0.0   -9    0.0   -9   -9.0   -9   -9.0   -9   -9.0   -9  27.8  24.8  23.3  18.5  15.9
20260725 106  1.3  1113  14  4.3 1438  16  7.1 1436  27.2  32.7 1332  23.9  434  23.6  30.0  22.8  81.6  62.0 1323  29.1   5.4   3.8 -9.00 1005.9 1010.5 1011.4    1 1009.5 1438  7.3  5.8 14.3 -9.0 19.90  2.80 1300   -9.0   -9.0 -9.00   -9.0   -9   -9.0   -9   -9.0   -9   -9.0   -9   -9.0   -9 -99.0 -99.0 -99.0 -99.0 -99.0
20260725 108  2.4  2063  20  5.4 1320  18 10.5 1337  28.7  31.5 1229  26.6  553  23.7  28.5  24.8  74.9  63.0 1239  29.3   5.7   4.0 -9.00 1001.3 1011.0 1011.9  831 1009.7 1846  7.3  4.2 14.3 -9.0 18.25  2.58 1100    0.0    0.0  0.17    0.0   -9    0.0   -9   -9.0   -9   -9.0   -9   -9.0   -9  27.0  25.0  24.5  20.6  15.5
20260725 112  2.9  2519  23  6.1 1314  23 10.6 1336  28.3  30.7 1157  26.7  439  25.8  30.9  24.5  86.9  77.0 1200  33.2   6.1   4.2 -9.00 1003.0 1010.8 1011.9 1123 1009.9 1826  6.5  7.9 14.3 -9.0 23.71  3.36 1300   -9.0    0.2 -9.00   -9.0   -9   -9.0   -9   -9.0   -9   -9.0   -9   -9.0   -9  25.7  24.1  19.0  22.0  15.4
20260725 114  1.3  1132  29  3.3 1122  25  5.9 1528  29.0  33.8 1553  25.8  539  23.8  31.6  24.7  74.5  51.0 1522  29.4   5.9   4.1 -9.00  993.9 1010.7 1011.7  736 1009.1 1618  7.1  5.6 14.3 -9.0 20.94  3.03 1400   -9.0   -9.0 -9.00   -9.0   -9   -9.0   -9   -9.0   -9   -9.0   -9   -9.0   -9 -99.0 -99.0 -99.0 -99.0 -99.0
20260725 115  2.4  2096  20  4.5 1014  20  6.5 1001  27.3  29.9 1442  25.2  546  24.4  31.4  22.6  85.0  73.0 2349  30.7   5.5   3.8  4.50  985.9 1010.8 1011.8    1 1009.7 1659  5.3  7.7 14.3 -9.0 21.41  2.84 1100   -9.0   -9.0 -9.00   -9.0   -9   -9.0   -9   -9.0   -9   -9.0   -9   -9.0   -9  24.9  21.0  19.5  14.4  13.3
20260725 119  2.1  1829  25  5.0 1359  25  9.0 1350  28.5  31.9 1613  26.0  456  23.8  30.2  24.5  76.8  61.0 1150  29.5   5.6   3.9 -9.00 1006.2 1010.7 1011.8  948 1009.4 1641  6.6  6.0 14.3 -9.0 20.23  2.77 1000    0.0    0.0  0.25    0.0   -9    0.0   -9   -9.0   -9   -9.0   -9   -9.0   -9  26.6  24.2  22.4  17.7  14.8
20260725 121  0.9   769  25  3.3 1450  23  5.4 1329  27.4  32.7 1507  23.3  156  23.7  31.8  20.6  81.8  53.0 1327  29.3   5.4   3.7 -9.00  984.5 1011.5 1012.9  513 1009.6 1608  7.3  4.9 14.3 -9.0 20.61  2.95 1200   -9.0   -9.0 -9.00   -9.0   -9   -9.0   -9   -9.0   -9   -9.0   -9   -9.0   -9 -99.0 -99.0 -99.0 -99.0 -99.0
20260725 127  1.1   972  23  3.7 1637  23  5.8 1628  28.3  33.2 1532  25.2  426  23.8  30.0  25.0  77.6  56.0 1533  29.4   5.5   3.8 -9.00  997.4 1010.3 1011.6 1026 1008.9 1622  7.1  5.1 14.2 -9.0 19.87  3.04 1200   -9.0   -9.0 -9.00   -9.0   -9   -9.0   -9   -9.0   -9   -9.0   -9   -9.0   -9 -99.0 -99.0 -99.0 -99.0 -99.0
20260725 129  2.8  2378  20  5.6 1104  18  9.1 1120  28.0  30.7 1305  26.3  508  25.5  29.0  24.5  87.3  72.0 1307  32.7   4.6   3.2 -9.00 1008.3 1011.2 1012.4 1214 1010.2 1818  4.9  5.0 14.2 -9.0 17.56  2.20 1000   -9.0   -9.0 -9.00   -9.0   -9   -9.0   -9   -9.0   -9   -9.0   -9   -9.0   -9  26.4  24.4  22.8  18.0  15.6
20260725 130  1.4  1184  16  3.3 1321  18  5.1 1319  26.9  30.1 1622  24.2  156  24.3  33.8  22.5  86.1  72.0 1548  30.4  -9.0  -9.0 -9.00 1005.0 1010.6 1011.7    1 1009.7 1711  4.9  7.2 14.2 -9.0 -9.00 -9.00   -9   -9.0   -9.0 -9.00   -9.0   -9   -9.0   -9   -9.0   -9   -9.0   -9   -9.0   -9 -99.0 -99.0 -99.0 -99.0 -99.0
20260725 131  1.6  1356  27  3.2 1529  27  7.2 1240  30.4  33.7 1437  27.5  417  23.1  32.2  26.8  66.3  51.0 1208  28.3   7.0   4.9 -9.00 1004.1 1010.6 1011.9 1011 1009.2 1721  7.8  8.2 14.2 -9.0 24.26  3.15 1400    0.0    0.1  0.15    0.0   -9    0.0   -9   -9.0   -9   -9.0   -9   -9.0   -9 -99.0 -99.0 -99.0 -99.0 -99.0
20260725 133  1.6  1360  20  4.2 1115  18  7.7 1109  29.6  33.7 1534  26.3  540  24.1  31.4  25.8  73.4  56.0 1536  29.9   6.5   4.5 -9.00 1003.7 1011.3 1012.5 1015 1009.7 1807  6.6  8.9 14.2 -9.0 23.29  2.78 1000   -9.0   -9.0 -9.00   -9.0   -9   -9.0   -9   -9.0   -9   -9.0   -9   -9.0   -9  29.0  26.7  24.9  20.7  17.3
20260725 135  1.5  1272  27  4.1   51  27  7.6 1200  27.7  32.0 1254  24.1  555  23.1  30.1  24.7  77.5  58.0 1216  28.2   6.9   4.9 -9.00  983.3 1010.6 1011.7  809 1009.0 1759  5.6 10.0 14.2 -9.0 26.09  3.62 1200   -9.0   -9.0 -9.00   -9.0   -9   -9.0   -9   -9.0   -9   -9.0   -9   -9.0   -9 -99.0 -99.0 -99.0 -99.0 -99.0
20260725 136  1.1   988  27  3.5 1335  25  6.7 1335  28.8  33.9 1345  24.6  246  23.9  35.0  24.1  76.3  53.0 1421  29.6   6.6   4.6 -9.00  995.7 1011.6 1012.7  814 1010.2 1635  6.5  8.1 14.2 -9.0 23.71  3.78 1100   -9.0   -9.0 -9.00   -9.0   -9   -9.0   -9   -9.0   -9   -9.0   -9   -9.0   -9 -99.0 -99.0 -99.0 -99.0 -99.0
20260725 137  0.9   766  23  2.2  255  29  5.9   50  29.6  34.3 1421  26.1  630  24.3  36.2  25.1  74.8  53.0 1427  30.4   6.6   4.6 -9.00  999.1 1010.0 1011.2  830 1008.6 1706  6.3  8.7 14.2 -9.0 24.25  3.43 1300   -9.0   -9.0 -9.00   -9.0   -9   -9.0   -9   -9.0   -9   -9.0   -9   -9.0   -9 -99.0 -99.0 -99.0 -99.0 -99.0
20260725 138  1.9  1605  11  4.0 1621  16  7.4 1140  29.7  35.8 1316  24.5  600  22.8  37.2  22.1  68.5  39.0 1241  27.8   7.2   5.1 -9.00 1009.3 1009.7 1011.1  535 1008.1 1530  3.6  8.8 14.2 -9.0 22.11  3.30 1100   -9.0   -9.0 -9.00   -9.0   -9   -9.0   -9   -9.0   -9   -9.0   -9   -9.0   -9  26.4  22.6  21.1  17.9  16.3
20260725 140  2.3  1986  29  4.7 1340  29  7.0 1305  28.8  32.4 1120  25.4  607  25.4  32.5  23.3  82.6  61.0 1424  32.5  -9.0  -9.0 -9.00 1009.0 1012.1 1013.2  936 1010.8 1717  3.3 10.7 14.2 -9.0 -9.00 -9.00   -9   -9.0   -9.0 -9.00   -9.0   -9   -9.0   -9   -9.0   -9   -9.0   -9   -9.0   -9 -99.0 -99.0 -99.0 -99.0 -99.0
20260725 143  1.3  1106  29  2.8 1704  27  5.1 1702  31.1  36.0 1642  27.0  548  22.5  34.8  25.7  62.0  42.0 1343  27.3   7.1   5.0 -9.00 1003.8 1009.8 1011.4  838 1008.0 1615  3.9  8.5 14.2 -9.0 22.39  3.46 1100   -9.0   -9.0 -9.00   -9.0   -9   -9.0   -9   -9.0   -9   -9.0   -9   -9.0   -9 -99.0 -99.0 -99.0 -99.0 -99.0
20260725 146  1.9  1676  23  4.1 1044  25  7.0 1413  30.3  35.0 1510  26.8  542  24.2  35.1  25.2  71.4  49.0 1401  30.2   7.5   5.2 -9.00 1004.3 1011.1 1012.6 1006 1009.5 1725  4.0  9.7 14.1 -9.0 24.22  3.15 1200   -9.0    0.0 -9.00   -9.0   -9   -9.0   -9   -9.0   -9   -9.0   -9   -9.0   -9 -99.0 -99.0 -99.0 -99.0 -99.0
20260725 152  1.6  1346  27  3.4  133  14  5.9 1603  30.3  35.6 1315  25.2  427  22.5  35.8  22.8  64.6  45.0 1305  27.3   7.0   4.9 -9.00 1000.5 1009.6 1011.1  641 1007.7 1742  2.4  9.3 14.1 -9.0 22.35  3.05 1300   -9.0   -9.0 -9.00   -9.0   -9   -9.0   -9   -9.0   -9   -9.0   -9   -9.0   -9 -99.0 -99.0 -99.0 -99.0 -99.0
20260725 155  1.8  1597  18  5.2 1544  20  7.9 1539  29.6  35.6 1400  25.4  353  25.2  35.7  23.1  78.9  53.0 1401  32.1   7.3   5.1 -9.00 1006.9 1010.9 1012.5  842 1009.1 1740  3.6 10.3 14.1 -9.0 24.60  3.36 1300   -9.0   -9.0 -9.00   -9.0   -9   -9.0   -9   -9.0   -9   -9.0   -9   -9.0   -9 -99.0 -99.0 -99.0 -99.0 -99.0
20260725 156  2.0  1770  18  4.0 1246  23  7.6 1909  29.7  34.9 1718  26.4  434  25.0  35.8  23.7  76.6  54.0 1356  31.6   6.9   4.8 -9.00 1003.4 1011.3 1012.7  943 1009.4 1712  4.3  9.0 14.1 -9.0 23.15  3.58 1200   -9.0   -9.0 -9.00   -9.0   -9   -9.0   -9   -9.0   -9   -9.0   -9   -9.0   -9 -99.0 -99.0 -99.0 -99.0 -99.0
20260725 159  3.9  3344  23  7.0 1527  29  9.2    1  29.4  33.8 1246  26.5  506  24.0  34.9  23.2  73.9  53.0 1234  29.9   8.0   5.6 -9.00 1002.5 1010.3 1011.6  745 1008.7 1728  2.8 10.4 14.1 -9.0 25.44  3.26 1200   -9.0   -9.0 -9.00   -9.0   -9   -9.0   -9   -9.0   -9   -9.0   -9   -9.0   -9  28.0  24.9  23.0  18.3  17.7
20260725 162  2.0  1735  25  4.1 1554  25  7.5 1440  28.2  32.5 1522  25.3  514  24.4  32.2  22.3  81.0  63.0 1315  30.6   6.6   4.7 -9.00 1007.0 1010.6 1011.8  835 1009.0 1753  3.1 10.8 14.1 -9.0 24.74  3.17 1200   -9.0   -9.0 -9.00   -9.0   -9   -9.0   -9   -9.0   -9   -9.0   -9   -9.0   -9 -99.0 -99.0 -99.0 -99.0 -99.0
20260725 165  2.9  2483  20  5.0 1040  25  8.1 1634  29.2  32.4 1506  26.3  458  25.6  35.6  24.1  82.1  65.0 1408  32.8   7.4   5.2 -9.00 1006.7 1011.7 1012.9 1040 1010.4 1706  3.8 11.0 14.1 -9.0 27.18  3.59 1200   -9.0   -9.0 -9.00   -9.0   -9   -9.0   -9   -9.0   -9   -9.0   -9   -9.0   -9  28.1  24.6  23.3  19.6  16.9
20260725 168  3.6  3117  23  6.3 1453  23  8.9 1453  28.9  31.8 1302  26.5  503  25.3  35.8  26.2  81.3  69.0 1254  32.2   7.9   5.5 -9.00 1004.2 1011.6 1013.0 1031 1010.2 1706  4.1 11.7 14.1 -9.0 27.88  3.52 1200   -9.0   -9.0 -9.00   -9.0   -9   -9.0   -9   -9.0   -9   -9.0   -9   -9.0   -9  29.8  25.8  23.1  19.0  17.2
20260725 169  5.9  5060  16  8.9   41  16 11.6   28  28.6  33.8 1327  25.6  517  26.2  34.7  25.8  87.4  70.0 1218  34.0   7.2   5.1 -9.00 1002.6 1011.1 1012.2  854 1010.0  303  4.9  9.0 14.1 -9.0 26.26  3.56 1200   -9.0   -9.0 -9.00   -9.0   -9   -9.0   -9   -9.0   -9   -9.0   -9   -9.0   -9 -99.0 -99.0 -99.0 -99.0 -99.0
20260725 170  1.8  1546  27  3.7 1800  29  6.5 1049  29.8  34.6 1354  25.9    6  25.3  37.2  25.7  78.0  57.0 1426  32.2   8.1   5.7 -9.00 1008.0 1012.0 1013.2  918 1010.7 1651  2.3 11.2 14.1 -9.0 28.15  3.84 1200   -9.0   -9.0 -9.00   -9.0   -9   -9.0   -9   -9.0   -9   -9.0   -9   -9.0   -9 -99.0 -99.0 -99.0 -99.0 -99.0
20260725 172  2.6  2260  20  5.2 1130  20  7.4 1152  29.4  34.0 1527  25.1  328  24.6  30.1  23.2  77.6  49.0 1655  31.0   7.8   5.5 -9.00 1005.1 1011.0 1012.3  938 1009.4 1641  2.9 11.1 14.1 -9.0 26.29  3.56 1100   -9.0   -9.0 -9.00   -9.0   -9   -9.0   -9   -9.0   -9   -9.0   -9   -9.0   -9 -99.0 -99.0 -99.0 -99.0 -99.0
20260725 174  0.9   798  29  2.8 1231  32  4.7 1204  27.7  34.0 1500  22.3  450  22.9  35.9  23.7  77.4  48.0 1536  27.9  -9.0  -9.0 -9.00  991.4 1009.9 1011.4  641 1007.8 1700  3.0  9.5 14.1 -9.0 -9.00 -9.00   -9   -9.0   -9.0 -9.00   -9.0   -9   -9.0   -9   -9.0   -9   -9.0   -9   -9.0   -9 -99.0 -99.0 -99.0 -99.0 -99.0
20260725 177  2.3  1956  18  5.3 1125  18  9.0 1154  28.8  31.8 1543  25.4  629  25.1  30.4  24.6  81.0  67.0 1548  31.8   5.9   4.1 -9.00 1006.7 1009.8 1010.8 1118 1008.8 1752  5.5  6.9 14.2 -9.0 21.50  2.57 1100   -9.0    0.0 -9.00   -9.0   -9   -9.0   -9   -9.0   -9   -9.0   -9   -9.0   -9 -99.0 -99.0 -99.0 -99.0 -99.0
20260725 181  1.7  1458  23  4.9 1520  23  6.9 1451  28.2  32.2 1449  24.5  515  23.5  30.3  24.6  77.6  57.0 1454  29.1   6.1   4.3 -9.00 1007.5 1011.3 1012.5 1004 1009.9 1720  6.9  8.3 14.2 -9.0 22.35  2.92 1100   -9.0   -9.0 -9.00   -9.0   -9   -9.0   -9   -9.0   -9   -9.0   -9   -9.0   -9 -99.0 -99.0 -99.0 -99.0 -99.0
20260725 184  2.6  2214   5  4.9 1328   2  7.0 1134  30.3  33.5 1347  27.0  556  23.6  38.7  24.4  68.0  58.0 1024  29.1   8.7   6.1 -9.00 1008.9 1011.2 1012.3  943 1010.0 1809  2.5 12.5 14.0 -9.0 29.68  3.76 1200   -9.0   -9.0 -9.00   -9.0   -9   -9.0   -9   -9.0   -9   -9.0   -9   -9.0   -9  30.9  28.8  26.9  23.1  18.4
20260725 185  4.7  4076  18  6.1  133  14  8.1 1037  28.6  30.9 1306  26.8    1  26.0  34.0  26.6  86.5  76.0  935  33.7   7.4   5.2 -9.00 1003.6 1011.7 1012.7  925 1010.5 1801  1.3 11.7 14.0 -9.0 28.24  3.54 1200   -9.0   -9.0 -9.00   -9.0   -9   -9.0   -9   -9.0   -9   -9.0   -9   -9.0   -9 -99.0 -99.0 -99.0 -99.0 -99.0
20260725 188  2.8  2436  18  6.0 1513  18  8.7 1421  29.2  32.7 1345  25.3  500  25.4  36.6  24.3  81.3  63.0  854  32.5  -9.0  -9.0 -9.00 1009.9 1012.2 1013.3 1020 1011.1 1801  0.6 11.6 14.0 -9.0 -9.00 -9.00   -9   -9.0   -9.0 -9.00   -9.0   -9   -9.0   -9   -9.0   -9   -9.0   -9   -9.0   -9 -99.0 -99.0 -99.0 -99.0 -99.0
20260725 189  2.2  1879  23  4.7 1420  23  7.6 1529  30.1  33.1 1249  27.7  527  25.9  37.9  25.7  78.8  69.0  849  33.4   7.7   5.4 -9.00 1006.5 1012.3 1013.3  923 1011.2 1750  2.0 12.0 14.0 -9.0 28.52  3.53 1200    0.0    0.0  0.25    0.0   -9    0.0   -9   -9.0   -9   -9.0   -9   -9.0   -9 -99.0 -99.0 -99.0 -99.0 -99.0
20260725 192  1.0   901  27  2.5 1154  14  6.2 1449  29.6  35.4 1409  24.2  404  24.7 -99.0  21.7  76.9  52.0 1302  31.2   6.9   4.9 -9.00 1007.6 1010.9 1012.7  812 1009.1 1612  3.5 10.4 14.1 -9.0 25.28  3.39 1200   -9.0   -9.0 -9.00   -9.0   -9   -9.0   -9   -9.0   -9   -9.0   -9   -9.0   -9 -99.0 -99.0 -99.0 -99.0 -99.0
20260725 201  2.0  1690  23  5.3 1211  25 10.4 1144  27.0  29.8 1313  24.5   38  25.2  28.0  24.5  90.9  75.0 1135  32.1  -9.0  -9.0 -9.00 1006.1 1011.6 1012.5 1056 1010.7 1818  6.8  2.1 14.3 -9.0 -9.00 -9.00   -9   -9.0   -9.0 -9.00   -9.0   -9   -9.0   -9   -9.0   -9   -9.0   -9   -9.0   -9 -99.0 -99.0 -99.0 -99.0 -99.0
20260725 202  0.9   780  18  3.0 1317  16  5.9 1345  27.9  32.2 1543  24.3  513  23.9  30.5  24.0  80.4  56.0 1356  29.7  -9.0  -9.0 -9.00 1006.0 1011.4 1012.4  835 1010.0 1808  7.5  2.9 14.3 -9.0 -9.00 -9.00   -9    0.0   -9.0 -9.00   -9.0   -9   -9.0   -9   -9.0   -9   -9.0   -9   -9.0   -9 -99.0 -99.0 -99.0 -99.0 -99.0
20260725 203  1.1   931  18  3.0 1022  27  6.9 1234  28.6  33.0 1324  25.2  548  24.9  31.5  24.9  81.9  60.0 1328  31.5  -9.0  -9.0 -9.00 1002.6 1011.6 1012.7  831 1010.2 1636  7.3  5.1 14.3 -9.0 -9.00 -9.00   -9   -9.0   -9.0 -9.00   -9.0   -9   -9.0   -9   -9.0   -9   -9.0   -9   -9.0   -9 -99.0 -99.0 -99.0 -99.0 -99.0
20260725 211  0.8   648  20  3.0 1419  18  6.7 1414  25.9  31.2 1308  22.6  107  23.0  28.3  22.4  85.6  60.0 1326  28.1  -9.0  -9.0 -9.00  988.0 1010.7 1011.7  754 1009.2 1551  8.3  1.1 14.3 -9.0 -9.00 -9.00   -9   -9.0   -9.0 -9.00   -9.0   -9   -9.0   -9   -9.0   -9   -9.0   -9   -9.0   -9 -99.0 -99.0 -99.0 -99.0 -99.0
20260725 212  0.8   696  27  2.8 1325  27  5.6 1118  27.4  32.2 1431  24.2  614  23.5  28.7  24.0  81.0  54.0 1244  28.9  -9.0  -9.0 -9.00  995.6 1011.4 1012.4  724 1009.8 1608  7.1  3.3 14.3 -9.0 -9.00 -9.00   -9    4.8   -9.0 -9.00    4.8 1716    4.5 1757   -9.0   -9   -9.0   -9   -9.0   -9 -99.0 -99.0 -99.0 -99.0 -99.0
20260725 216  1.1   962  20  3.1 1512  32  6.3 1040  25.0  31.1 1415  20.5  401  20.2  27.3  21.1  76.9  51.0 1416  23.6   5.7   4.0 -9.00  932.7 1010.9 1012.6  230 1008.8 1353  7.0  4.7 14.3 -9.0 19.54  3.24 1000   -9.0   -9.0 -9.00   -9.0   -9   -9.0   -9   -9.0   -9   -9.0   -9   -9.0   -9 -99.0 -99.0 -99.0 -99.0 -99.0
20260725 217  1.1   986  18  3.8  926  11  6.5 1549  27.5  34.0 1630  22.3  553  22.5  33.8  23.3  76.3  52.0 1638  27.2  -9.0  -9.0 -9.00  976.5 1011.3 1012.7  520 1008.7 1629  7.1  5.9 14.3 -9.0 -9.00 -9.00   -9   -9.0   -9.0 -9.00   -9.0   -9   -9.0   -9   -9.0   -9   -9.0   -9   -9.0   -9 -99.0 -99.0 -99.0 -99.0 -99.0
20260725 221  1.2  1004  20  3.8 1143  23  6.9 1500  26.4  31.1 1403  23.1  540  23.4  30.2  23.4  85.8  60.0 1516  28.9  -9.0  -9.0 -9.00  981.6 1011.3 1012.4  812 1009.6 1629  6.4  5.5 14.3 -9.0 -9.00 -9.00   -9   -9.0   -9.0 -9.00   -9.0   -9   -9.0   -9   -9.0   -9   -9.0   -9   -9.0   -9 -99.0 -99.0 -99.0 -99.0 -99.0
20260725 226  0.7   584  29  2.5 1044  29  6.1 1258  27.8  32.0 1435  24.1  533  24.3  30.8  23.5  83.3  59.0 1432  30.3  -9.0  -9.0 -9.00  992.2 1011.4 1012.6 1006 1009.9 1726  6.4  8.0 14.2 -9.0 -9.00 -9.00   -9   -9.0   -9.0 -9.00   -9.0   -9   -9.0   -9   -9.0   -9   -9.0   -9   -9.0   -9 -99.0 -99.0 -99.0 -99.0 -99.0
20260725 232  0.8   701  23  2.6 1204  23  5.7 1202  28.1  32.2 1451  24.5  504  24.9  31.8  24.0  84.5  62.0 1215  31.5  -9.0  -9.0 -9.00 1002.2 1011.8 1012.9  840 1010.5 1645  6.4  6.4 14.2 -9.0 -9.00 -9.00   -9   -9.0   -9.0 -9.00   -9.0   -9   -9.0   -9   -9.0   -9   -9.0   -9   -9.0   -9 -99.0 -99.0 -99.0 -99.0 -99.0
20260725 235  3.0  2596  20  6.5 1435  23  9.0 1056  28.7  31.8 1502  26.4   53  25.3  29.8  25.0  82.8  69.0 1455  32.3   6.4   4.4 -9.00 1009.6 1010.7 1012.0 1103 1009.8 1737  5.5  7.6 14.2 -9.0 22.59  3.30 1400   -9.0   -9.0 -9.00   -9.0   -9   -9.0   -9   -9.0   -9   -9.0   -9   -9.0   -9 -99.0 -99.0 -99.0 -99.0 -99.0
20260725 236  1.1   972  27  3.6 1324  14  6.5 1055  28.5  32.6 1456  25.2  514  24.6  31.9  24.9  80.9  59.0 1443  30.9  -9.0  -9.0 -9.00 1010.2 1011.7 1012.8  951 1010.4 1726  5.1  9.2 14.2 -9.0 -9.00 -9.00   -9   -9.0   -9.0 -9.00   -9.0   -9   -9.0   -9   -9.0   -9   -9.0   -9   -9.0   -9 -99.0 -99.0 -99.0 -99.0 -99.0
20260725 238  1.0   892  27  2.8 1524  23  5.4 1016  28.9  33.5 1415  25.0  551  24.2  31.4  24.4  77.8  52.0 1458  30.2  -9.0  -9.0 -9.00  991.7 1010.7 1012.0 1018 1009.2 1629  5.3  8.5 14.2 -9.0 -9.00 -9.00   -9   -9.0   -9.0 -9.00   -9.0   -9   -9.0   -9   -9.0   -9   -9.0   -9   -9.0   -9 -99.0 -99.0 -99.0 -99.0 -99.0
20260725 239  0.9   804  16  3.6 1053  18  6.3 1121  28.2  32.6 1543  25.1  417  24.3  31.1  24.9  80.6  60.0 1547  30.4   6.1   4.2 -9.00 1000.5 1010.6 1011.6  801 1009.0 1759  6.3  8.3 14.2 -9.0 22.88  3.11 1000   -9.0   -9.0 -9.00   -9.0   -9   -9.0   -9   -9.0   -9   -9.0   -9   -9.0   -9 -99.0 -99.0 -99.0 -99.0 -99.0
20260725 243  1.6  1361  20  3.3  937  27  5.7 1838  29.0  34.0 1429  25.1  545  24.0  32.7  22.8  76.3  51.0 1433  29.9  -9.0  -9.0 -9.00 1010.2 1011.6 1012.9  924 1010.3 1705  3.8 10.8 14.2 -9.0 -9.00 -9.00   -9   -9.0   -9.0 -9.00   -9.0   -9   -9.0   -9   -9.0   -9   -9.0   -9   -9.0   -9 -99.0 -99.0 -99.0 -99.0 -99.0
20260725 244  1.1   936  20  2.7  801  29  4.5  926  28.0  33.0 1625  24.0  546  23.3  30.4  23.5  77.6  55.0 1336  28.6  -9.0  -9.0 -9.00  983.6 1011.2 1012.5  857 1009.2 1739  3.9  9.6 14.1 -9.0 -9.00 -9.00   -9   -9.0   -9.0 -9.00   -9.0   -9   -9.0   -9   -9.0   -9   -9.0   -9   -9.0   -9 -99.0 -99.0 -99.0 -99.0 -99.0
20260725 245  2.0  1726  23  4.5  910  23  7.0  819  29.5  35.3 1532  24.9  518  24.3  33.7  23.7  75.5  50.0 1443  30.5   7.4   5.2 -9.00 1003.6 1011.3 1012.7  945 1009.7 1717  3.6 11.6 14.1 -9.0 24.56  3.09 1400   -9.0   -9.0 -9.00   -9.0   -9   -9.0   -9   -9.0   -9   -9.0   -9   -9.0   -9 -99.0 -99.0 -99.0 -99.0 -99.0
20260725 247  1.5  1326  29  3.7 1250  29  5.7 1149  29.3  34.5 1546  24.7  548  24.2  33.7  24.2  76.1  52.0 1441  30.2  -9.0  -9.0 -9.00  996.1 1011.1 1012.4  905 1009.1 1730  3.4 11.3 14.1 -9.0 -9.00 -9.00   -9   -9.0   -9.0 -9.00   -9.0   -9   -9.0   -9   -9.0   -9   -9.0   -9   -9.0   -9 -99.0 -99.0 -99.0 -99.0 -99.0
20260725 248  1.1   918  25  3.4 1241  27  5.4 1250  26.7  31.5 1437  22.4  525  22.8  29.7  21.7  81.4  58.0 1427  27.7  -9.0  -9.0 -9.00  966.4 1011.6 1012.8 1049 1009.7 1731  4.8  9.6 14.1 -9.0 -9.00 -9.00   -9   -9.0   -9.0 -9.00   -9.0   -9   -9.0   -9   -9.0   -9   -9.0   -9   -9.0   -9 -99.0 -99.0 -99.0 -99.0 -99.0
20260725 251  1.8  1557  25  4.1 1551  23  6.2 1323  29.0  34.5 1603  24.2  559  25.2  31.2  23.7  82.0  55.0 1342  32.2   7.2   5.1 -9.00 1005.5 1011.1 1012.4  952 1009.4 1632  2.9 11.1 14.1 -9.0 25.01  3.19 1300   -9.0   -9.0 -9.00   -9.0   -9   -9.0   -9   -9.0   -9   -9.0   -9   -9.0   -9 -99.0 -99.0 -99.0 -99.0 -99.0
20260725 252  1.8  1594  20  3.8  940  20  6.7  934  29.2  33.8 1648  25.1  454  24.6  33.0  23.2  77.9  53.0 1533  30.9   7.8   5.5 -9.00 1007.0 1011.2 1012.5  937 1009.8 1634  2.6 10.8 14.1 -9.0 27.04  3.41 1100   -9.0   -9.0 -9.00   -9.0   -9   -9.0   -9   -9.0   -9   -9.0   -9   -9.0   -9 -99.0 -99.0 -99.0 -99.0 -99.0
20260725 253  1.2  1058  27  3.9 1410  27  7.0 1550  30.2  37.4 1403  24.8  518  25.3  35.0  22.8  76.4  49.0 1338  32.2   6.7   4.7 -9.00 1005.3 1011.4 1012.9  736 1009.2 1658  3.1  8.9 14.1 -9.0 22.45  3.43 1300   -9.0   -9.0 -9.00   -9.0   -9   -9.0   -9   -9.0   -9   -9.0   -9   -9.0   -9 -99.0 -99.0 -99.0 -99.0 -99.0
20260725 254  1.6  1351  27  3.9 1440  27  6.6 1403  28.9  34.5 1538  24.2  459  23.3  33.8  23.4  73.6  49.0 1413  28.5   7.7   5.4 -9.00  997.2 1011.7 1013.0  951 1009.6 1716  4.1 10.6 14.1 -9.0 25.77  3.24 1300   -9.0   -9.0 -9.00   -9.0   -9   -9.0   -9   -9.0   -9   -9.0   -9   -9.0   -9 -99.0 -99.0 -99.0 -99.0 -99.0
20260725 255  1.0   902  20  2.5 1529  23  6.4 1408  30.5  36.4 1400  26.3  507  25.2  35.0  22.0  74.6  52.0 1436  32.0   6.5   4.6 -9.00 1004.7 1010.4 1011.9  737 1008.3 1633  2.8  9.9 14.1 -9.0 21.96  3.27 1300   -9.0   -9.0 -9.00   -9.0   -9   -9.0   -9   -9.0   -9   -9.0   -9   -9.0   -9 -99.0 -99.0 -99.0 -99.0 -99.0
20260725 257  1.9  1634  20  4.2 1507  27  7.8 1334  30.9  39.1 1330  25.8  428  25.7  38.6  23.0  75.6  44.0 1343  33.0   6.9   4.8 -9.00 1009.8 1010.5 1012.0  604 1008.3 1717  2.9  7.4 14.1 -9.0 21.72  3.32 1200   -9.0   -9.0 -9.00   -9.0   -9   -9.0   -9   -9.0   -9   -9.0   -9   -9.0   -9 -99.0 -99.0 -99.0 -99.0 -99.0
20260725 258  1.6  1376  20  4.3 1329  20  6.1 1324  29.1  34.2 1450  24.6  454  25.6  32.2  24.2  82.9  61.0 1434  32.9   8.1   5.6 -9.00 1011.6 1011.8 1013.2  940 1010.0 1705  3.3 11.6 14.1 -9.0 29.54  3.66 1100   -9.0   -9.0 -9.00   -9.0   -9   -9.0   -9   -9.0   -9   -9.0   -9   -9.0   -9 -99.0 -99.0 -99.0 -99.0 -99.0
20260725 259  1.2  1062  20  3.0 1511  20  5.6 1659  29.3  34.5 1424  24.9  326  25.3  32.9  24.3  80.5  56.0 1424  32.2   6.9   4.8 -9.00 1009.6 1011.4 1012.6  917 1009.8 1641  3.4  9.3 14.1 -9.0 24.79  3.25 1300   -9.0   -9.0 -9.00   -9.0   -9   -9.0   -9   -9.0   -9   -9.0   -9   -9.0   -9 -99.0 -99.0 -99.0 -99.0 -99.0
20260725 260  1.2  1048  27  3.3 1901  23  5.6 1726  29.3  34.9 1622  24.1  431  24.9  35.6  23.6  78.6  55.0 1555  31.6  -9.0  -9.0 -9.00 1006.4 1011.4 1012.6  748 1009.6 1733  4.5 10.0 14.1 -9.0 -9.00 -9.00   -9   -9.0   -9.0 -9.00   -9.0   -9   -9.0   -9   -9.0   -9   -9.0   -9   -9.0   -9 -99.0 -99.0 -99.0 -99.0 -99.0
20260725 261  2.0  1732  25  5.4 1645  23  7.2 1006  28.8  33.4 1424  24.6  344  25.7  36.5  23.4  84.5  66.0 1352  33.1  -9.0  -9.0 -9.00 1010.2 1012.0 1013.1 1052 1010.6 1708  3.9 11.3 14.0 -9.0 -9.00 -9.00   -9    0.0   -9.0 -9.00    0.0   -9    0.0   -9   -9.0   -9   -9.0   -9   -9.0   -9 -99.0 -99.0 -99.0 -99.0 -99.0
20260725 262  1.5  1300  23  3.9 1712  32  7.5 1422  29.2  34.7 1537  23.9  352  24.8  35.6  25.2  78.8  57.0 1538  31.4   7.0   4.9 -9.00 1005.6 1011.5 1012.9 1001 1010.0 1639  2.5 10.8 14.1 -9.0 23.92  2.89 1300   -9.0   -9.0 -9.00   -9.0   -9   -9.0   -9   -9.0   -9   -9.0   -9   -9.0   -9 -99.0 -99.0 -99.0 -99.0 -99.0
20260725 263  1.1   949  23  3.3 1621  23  5.5 1146  30.5  38.0 1527  25.0  540  24.9  36.9  22.4  74.6  45.0 1531  31.5   7.1   5.0 -9.00 1009.0 1010.6 1012.5  818 1008.5 1638  3.3  8.1 14.1 -9.0 23.88  3.19 1300   -9.0   -9.0 -9.00   -9.0   -9   -9.0   -9   -9.0   -9   -9.0   -9   -9.0   -9 -99.0 -99.0 -99.0 -99.0 -99.0
20260725 264  1.4  1241  36  4.4 1432  36  7.7 1430  29.3  35.2 1602  24.5  542  24.2  33.4  23.9  77.1  49.0 1603  30.3   7.8   5.5 -9.00  994.0 1011.0 1012.4  647 1009.1 1717  3.0 11.1 14.1 -9.0 27.15  3.45 1300   -9.0   -9.0 -9.00   -9.0   -9   -9.0   -9   -9.0   -9   -9.0   -9   -9.0   -9 -99.0 -99.0 -99.0 -99.0 -99.0
20260725 266  1.5  1317  23  3.6 1143  25  6.5 1519  29.9  35.3 1513  25.3  505  25.5  40.0  24.3  78.9  54.0 1435  32.6   7.4   5.2 -9.00 1001.7 1011.6 1013.1  742 1009.7 1704  3.0 10.5 14.1 -9.0 25.63  3.18 1200   -9.0   -9.0 -9.00   -9.0   -9   -9.0   -9   -9.0   -9   -9.0   -9   -9.0   -9 -99.0 -99.0 -99.0 -99.0 -99.0
20260725 268  1.7  1484  20  4.2 1031  23  6.4 1002  28.4  32.2 1321  24.7   44  25.5  34.5  23.8  85.0  69.0 1302  32.6  -9.0  -9.0 -9.00 1009.4 1010.5 1011.6  858 1009.3 1713  3.6  8.7 14.1 -9.0 -9.00 -9.00   -9   -9.0   -9.0 -9.00   -9.0   -9   -9.0   -9   -9.0   -9   -9.0   -9   -9.0   -9 -99.0 -99.0 -99.0 -99.0 -99.0
20260725 271  0.9   808  23  3.0 1337  20  5.7 1408  26.3  31.7 1355  22.2  506  22.7  29.8  21.3  82.1  58.0 1331  27.5  -9.0  -9.0 -9.00  975.0 1011.4 1012.7  524 1009.4 1642  6.9  6.3 14.2 -9.0 -9.00 -9.00   -9   -9.0   -9.0 -9.00   -9.0   -9   -9.0   -9   -9.0   -9   -9.0   -9   -9.0   -9 -99.0 -99.0 -99.0 -99.0 -99.0
20260725 272  1.7  1496  29  4.2 1322  32  7.0  434  27.3  32.7 1356  23.4 2332  23.5  32.2  22.5  81.5  56.0 1351  28.9  -9.0  -9.0 -9.00  987.2 1010.9 1012.1  832 1009.4 1642  7.4  6.3 14.2 -9.0 -9.00 -9.00   -9   -9.0   -9.0 -9.00   -9.0   -9   -9.0   -9   -9.0   -9   -9.0   -9   -9.0   -9 -99.0 -99.0 -99.0 -99.0 -99.0
20260725 273  1.1   963  29  3.2 1335  32  6.7 1420  28.3  33.4 1407  24.8  531  23.8  31.7  23.1  78.0  56.0 1311  29.5  -9.0  -9.0 -9.00  991.0 1010.4 1011.4  824 1009.1 1716  6.8  6.5 14.2 -9.0 -9.00 -9.00   -9   -9.0   -9.0 -9.00   -9.0   -9   -9.0   -9   -9.0   -9   -9.0   -9   -9.0   -9 -99.0 -99.0 -99.0 -99.0 -99.0
20260725 276  1.5  1276  29  4.2 1350  34  8.6 1341  28.1  34.9 1545  22.2  530  24.2  34.2  20.9  81.5  52.0 1424  30.2   7.4   5.2 -9.00  987.0 1010.3 1012.0  509 1008.4 1609  5.5  9.2 14.2 -9.0 26.43  3.47 1300   -9.0   -9.0 -9.00   -9.0   -9   -9.0   -9   -9.0   -9   -9.0   -9   -9.0   -9 -99.0 -99.0 -99.0 -99.0 -99.0
20260725 277  1.4  1228  29  4.8 1329  32  7.8 1521  28.4  37.1 1253  22.5  454  22.8  33.7  22.1  74.5  44.0 1539  27.7  -9.0  -9.0 -9.00 1005.7 1010.3 1011.4  347 1008.8 1701  5.3  7.0 14.2 -9.0 -9.00 -9.00   -9   -9.0   -9.0 -9.00   -9.0   -9   -9.0   -9   -9.0   -9   -9.0   -9   -9.0   -9 -99.0 -99.0 -99.0 -99.0 -99.0
20260725 278  1.0   896  29  3.0 1534  25  5.6 1526  28.8  35.1 1511  24.2  415  24.0  36.3  23.5  78.0  50.0 1459  29.8  -9.0  -9.0 -9.00 1000.8 1010.0 1011.1  550 1008.4 1656  5.9  7.2 14.2 -9.0 -9.00 -9.00   -9   -9.0   -9.0 -9.00   -9.0   -9   -9.0   -9   -9.0   -9   -9.0   -9   -9.0   -9 -99.0 -99.0 -99.0 -99.0 -99.0
20260725 279  1.0   900  27  2.4 1508  29  5.0 1532  30.3  36.4 1418  26.2  543  23.9  35.9  25.5  70.5  46.0 1419  29.6   6.8   4.7 -9.00 1005.0 1010.5 1011.7  816 1008.9 1728  5.0  6.9 14.2 -9.0 22.06  3.05 1400   -9.0   -9.0 -9.00   -9.0   -9   -9.0   -9   -9.0   -9   -9.0   -9   -9.0   -9 -99.0 -99.0 -99.0 -99.0 -99.0
20260725 281  1.4  1170  27  3.6 1516  27  7.0 1513  29.5  36.7 1352  23.6  543  22.3  35.7  22.1  67.4  43.0 1535  27.0  -9.0  -9.0 -9.00 1000.2 1011.0 1012.3  607 1009.1 1610  4.5  7.8 14.2 -9.0 -9.00 -9.00   -9   -9.0   -9.0 -9.00   -9.0   -9   -9.0   -9   -9.0   -9   -9.0   -9   -9.0   -9 -99.0 -99.0 -99.0 -99.0 -99.0
20260725 283  1.9  1638  36  5.4 1723  34  8.1 1720  30.8  38.5 1525  24.4  450  23.4  36.9  21.7  68.0  37.0 1435  28.9   8.4   5.9 -9.00 1005.9 1010.4 1012.0  619 1008.3 1649  3.3  9.2 14.2 -9.0 24.26  3.29 1300   -9.0   -9.0 -9.00   -9.0   -9   -9.0   -9   -9.0   -9   -9.0   -9   -9.0   -9 -99.0 -99.0 -99.0 -99.0 -99.0
20260725 284  1.4  1218  27  3.7 1432  25  6.4 1425  29.0  36.0 1708  23.9  500  23.5  34.6  21.7  74.5  47.0 1557  29.0   7.8   5.5 -9.00  984.2 1009.7 1011.2  659 1007.6 1705  3.5 10.8 14.1 -9.0 25.91  3.51 1100   -9.0   -9.0 -9.00   -9.0   -9   -9.0   -9   -9.0   -9   -9.0   -9   -9.0   -9 -99.0 -99.0 -99.0 -99.0 -99.0
20260725 285  1.0   833  25  2.6 1619  36  6.2 1431  30.0  36.9 1552  24.3  529  23.8  36.9  24.3  72.6  40.0 1545  29.5  -9.0  -9.0 -9.00 1007.8 1010.8 1012.5  809 1008.8 1751  4.6 -9.0 14.1 -9.0 -9.00 -9.00   -9   -9.0   -9.0 -9.00   -9.0   -9   -9.0   -9   -9.0   -9   -9.0   -9   -9.0   -9 -99.0 -99.0 -99.0 -99.0 -99.0
20260725 288  1.3  1093  36  3.1 1407  34  5.6 1405  31.1  38.5 1625  25.0  540  24.3  34.9  25.2  70.6  38.0 1558  30.5   7.1   5.0 -9.00 1008.1 1009.0 1010.7  847 1006.5 1740  3.0  8.1 14.1 -9.0 22.39  2.91 1200   -9.0   -9.0 -9.00   -9.0   -9   -9.0   -9   -9.0   -9   -9.0   -9   -9.0   -9 -99.0 -99.0 -99.0 -99.0 -99.0
20260725 289  1.1   961  29  4.7 1514  27  7.6 1645  29.2  35.5 1445  24.2  448  24.2  34.1  22.7  77.1  49.0 1701  30.2  -9.0  -9.0 -9.00  996.1 1011.6 1013.3  749 1009.8 1750  3.6 10.1 14.1 -9.0 -9.00 -9.00   -9   -9.0   -9.0 -9.00   -9.0   -9   -9.0   -9   -9.0   -9   -9.0   -9   -9.0   -9 -99.0 -99.0 -99.0 -99.0 -99.0
20260725 294  1.9  1679  20  4.7 1723  18  9.5 2003  28.4  32.2 1328  25.0  535  24.2  35.8  22.5  78.6  59.0 1146  30.1  -9.0  -9.0 -9.00 1006.8 1011.8 1013.2  836 1010.1 1722  2.6 10.3 14.1 -9.0 -9.00 -9.00   -9   -9.0   -9.0 -9.00   -9.0   -9   -9.0   -9   -9.0   -9   -9.0   -9   -9.0   -9 -99.0 -99.0 -99.0 -99.0 -99.0
20260725 295  1.3  1097  27  3.2 1200  20  6.1 1630  29.1  33.9 1409  24.5  515  24.4  34.7  21.7  77.1  56.0 1424  30.6  -9.0  -9.0 -9.00 1006.1 1011.3 1012.8  803 1009.6 1756  1.9 11.2 14.1 -9.0 -9.00 -9.00   -9   -9.0   -9.0 -9.00   -9.0   -9   -9.0   -9   -9.0   -9   -9.0   -9   -9.0   -9 -99.0 -99.0 -99.0 -99.0 -99.0
20260725 296  1.9  1634  16  5.1 1647  16  9.1 1641  29.4  35.2 1355  24.3  525  25.4  33.1  16.4  80.5  57.0 1348  32.6   6.6   4.6 -9.00 1009.6 1009.9 1011.3  933 1007.8 1712  2.9  8.8 14.1 -9.0 22.85  3.50 1100   -9.0   -9.0 -9.00   -9.0   -9   -9.0   -9   -9.0   -9   -9.0   -9   -9.0   -9 -99.0 -99.0 -99.0 -99.0 -99.0
20260726  90  1.6  1348  23  4.4 1620  36  9.1  748  25.5  29.2 1436  23.5 1641  23.2  29.1  24.1  87.9  65.0 1149  28.4   5.0   3.5 -9.00 1008.1 1010.1 1011.8  742 1009.0 1824  6.9  5.7 14.3 -9.0 19.31  3.54 1100   10.0   -9.0 -9.00    8.1 1616    6.4 1617   -9.0   -9   -9.0   -9   -9.0   -9 -99.0 -99.0 -99.0 -99.0 -99.0
20260726  93  0.8   668   9  3.2 1749   9  5.2 1741  27.0  32.5 1346  24.2 2341  24.9  29.8  24.7  89.3  64.0 1254  31.5   5.0   3.5 -9.00  999.6 1010.5 1011.7 2333 1008.3 1513  4.5  6.4 14.3 -9.0 18.51  2.92 1100    3.5    1.5  2.75    2.0  710    1.4  750   -9.0   -9   -9.0   -9   -9.0   -9  27.8  26.0  23.7  20.9  17.8
20260726  95  1.0   840  11  3.7 1525  25  5.8 1424  26.2  31.1 1405  23.8  711  24.8  28.1  24.4  92.5  70.0 1318  31.2   4.4   3.1 -9.00  993.0 1010.6 1011.8  951 1009.0 1405  6.0  5.5 14.3 -9.0 16.96  2.87 1300   15.9    2.5 -9.00    9.0  616    3.0  632   -9.0   -9   -9.0   -9   -9.0   -9 -99.0 -99.0 -99.0 -99.0 -99.0
20260726  98  1.0   880  25  3.4 1323  25  8.7 1500  27.9  32.1 1356  24.7  703  23.5  31.4  23.8  78.1  59.0 1531  28.9   5.4   3.8 -9.00  996.9 1009.9 1011.1 2352 1008.7 1420  4.5  6.4 14.3 -9.0 20.84  2.88 1200    1.1   -9.0 -9.00    0.5 1032    0.5  937   -9.0   -9   -9.0   -9   -9.0   -9 -99.0 -99.0 -99.0 -99.0 -99.0
20260726  99  1.1   914  29  3.0 1232  29  6.6 1145  27.5  32.0 1440  24.7    2  25.2  32.0  24.7  88.5  64.0 1430  32.0   5.6   3.9 -9.00 1007.1 1010.6 1011.6 2345 1009.6 1709  4.0  7.5 14.3 -9.0 22.00  3.17 1300    0.0   -9.0 -9.00    0.0   -9    0.0   -9   -9.0   -9   -9.0   -9   -9.0   -9 -99.0 -99.0 -99.0 -99.0 -99.0
20260726 100  2.5  2122  27  5.9 1201  36 12.0 1732  23.4  30.4 1545  20.0 2350  20.5  25.5  20.2  85.3  60.0 1438  24.2   6.1   4.2 -9.00  925.6 1010.3 1012.3 2342 1007.1 1545  5.6  7.8 14.3 -9.0 22.21  3.52 1100    0.0   -9.0 -9.00    0.0   -9    0.0   -9   -9.0   -9   -9.0   -9   -9.0   -9 -99.0 -99.0 -99.0 -99.0 -99.0
20260726 101  1.5  1266  32  4.2 1714  27  8.0 1614  27.2  33.7 1437  23.9  438  23.9  31.3  23.6  83.4  57.0 1337  29.6   6.5   4.5 -9.00 1000.8 1009.4 1010.7 2330 1007.1 1508  4.6  7.2 14.3 -9.0 23.26  3.54 1300    0.3    0.0 -9.00    0.2   -9    0.2   -9   -9.0   -9   -9.0   -9   -9.0   -9  27.6  24.8  22.9  18.3  15.4
20260726 102  2.8  2391  16  6.2 1209  16  9.8 1201  25.6  28.2 1306  23.9  551  24.2  28.4  24.6  92.0  82.0 1313  30.2   4.2   2.9  5.98 1004.4 1008.5 1009.6  944 1007.4 2016  5.6  3.5 14.3 -9.0 18.43  3.49 1300   -9.0   -9.0 -9.00   -9.0   -9   -9.0   -9   -9.0   -9   -9.0   -9   -9.0   -9 -99.0 -99.0 -99.0 -99.0 -99.0
20260726 104  1.0   885   5  3.7 1721  27  6.8 1729  25.2  30.2 1410  22.2 1803  24.0  29.4  22.5  93.3  78.0 1417  29.8   3.9   2.7 -9.00 1000.6 1009.2 1010.3 2213 1008.1 1625  7.3  5.6 14.3 -9.0 18.95  3.10 1100   19.9   19.9  2.08   18.2 1701   10.5 1733   -9.0   -9   -9.0   -9   -9.0   -9  26.7  23.9  21.8  17.1  14.5
20260726 105  1.7  1468  32  7.2 1741  32 15.4 1734  26.4  30.7 1553  23.1 1828  22.7  29.9  22.6  81.1  64.0  812  27.7   5.2   3.6 -9.00 1007.1 1010.1 1011.7 1735 1008.9 1626  7.4  6.1 14.3 -9.0 19.61  3.28 1200   13.3   -9.0 -9.00   13.3 1734   10.6 1740   -9.0   -9   -9.0   -9   -9.0   -9  28.0  24.9  23.4  18.5  15.9
20260726 106  1.7  1501  34  7.1 1812  36 14.3 1806  26.5  31.7  832  22.3 1817  24.1  32.0  22.1  87.4  61.0  819  30.1   5.2   3.7 -9.00 1005.8 1010.4 1011.6 2226 1008.7 1748  6.4  8.1 14.3 -9.0 21.82  3.12 1200    7.3   -9.0 -9.00    7.3 1805    3.9 1812   -9.0   -9   -9.0   -9   -9.0   -9 -99.0 -99.0 -99.0 -99.0 -99.0
20260726 108  2.5  2176  27  4.7 1602  27  8.4 1600  29.2  32.6 1454  26.8  705  24.2  29.6  25.1  75.3  60.0 1541  30.1   5.9   4.2 -9.00 1000.5 1010.1 1011.1  635 1008.8 1424  5.4  5.4 14.3 -9.0 19.61  2.78 1100    0.0   -9.0  0.47    0.0   -9    0.0   -9   -9.0   -9   -9.0   -9   -9.0   -9  27.4  25.1  24.5  20.4  15.5
20260726 112  2.8  2386  25  4.7 1429  23  8.1  530  28.4  30.8 1411  26.7  557  26.2  31.3  25.3  88.4  74.0 1336  33.9   6.4   4.5 -9.00 1002.4 1010.1 1011.0 2330 1009.1 1722  2.8  9.5 14.3 -9.0 24.77  3.39 1200    0.2   -9.0  0.83    0.2   -9    0.2   -9   -9.0   -9   -9.0   -9   -9.0   -9  26.0  24.3  19.0  22.0  15.3
20260726 114  1.5  1330  23  5.5 1833  25 10.6 1824  29.1  34.6 1613  25.4  606  23.4  32.4  23.9  73.1  48.0 1435  28.8   7.3   5.1 -9.00  993.1 1009.8 1011.5  643 1007.3 1658  5.5  8.0 14.3 -9.0 24.42  3.14 1300   -9.0   -9.0 -9.00   -9.0   -9   -9.0   -9   -9.0   -9   -9.0   -9   -9.0   -9 -99.0 -99.0 -99.0 -99.0 -99.0
20260726 115  1.7  1495  27  9.2 2055  27 16.8 2050  26.9  29.6  949  23.4 2103  23.6  31.9  21.4  82.4  70.0  153  29.4   5.1   3.6 -9.00  985.3 1010.1 1011.5 2126 1009.4 1751  6.6  7.9 14.3 -9.0 19.45  2.34 1400   14.9   14.9  3.00   11.5 2030    4.4 2044   -9.0   -9   -9.0   -9   -9.0   -9  25.1  21.2  19.6  14.4  13.7
20260726 119  2.1  1774  25  4.9 1518  29  7.2 1715  28.8  33.0 1436  26.1   12  24.5  31.5  24.5  78.6  60.0 1438  30.7   6.4   4.5 -9.00 1005.5 1010.0 1011.1 2338 1008.5 1422  3.1  8.5 14.2 -9.0 22.73  3.38 1300   -9.0   -9.0 -9.00   -9.0   -9   -9.0   -9   -9.0   -9   -9.0   -9   -9.0   -9  27.0  24.4  22.4  17.7  14.9
20260726 121  1.1   929  27  3.3 1950  27  7.2 1944  27.8  34.6 1406  23.3  231  23.4  33.5  22.4  79.1  53.0 1455  28.8   6.1   4.2 -9.00  983.6 1010.5 1012.6  654 1007.7 1746  3.8  6.5 14.2 -9.0 21.33  2.76 1000    0.0   -9.0 -9.00    0.0   -9    0.0   -9   -9.0   -9   -9.0   -9   -9.0   -9 -99.0 -99.0 -99.0 -99.0 -99.0
20260726 127  1.0   893  23  3.4 1810  25  6.7 1504  28.3  34.8 1535  24.7 2319  23.8  30.2  24.7  78.0  51.0 1532  29.5   5.9   4.2 -9.00  996.7 1009.6 1010.8  709 1007.1 1658  6.0  5.4 14.2 -9.0 21.45  3.24 1200    0.0   -9.0 -9.00    0.0   -9    0.0   -9   -9.0   -9   -9.0   -9   -9.0   -9 -99.0 -99.0 -99.0 -99.0 -99.0
20260726 129  2.5  2121  20  4.6 1540  23  7.8 1419  28.8  31.8 1325  26.4    1  25.7  30.5  24.7  84.9  65.0 1203  33.0   6.9   4.8 -9.00 1007.6 1010.4 1011.4 2313 1009.3 1716  3.6  8.7 14.2 -9.0 25.92  3.63 1200   -9.0   -9.0 -9.00   -9.0   -9   -9.0   -9   -9.0   -9   -9.0   -9   -9.0   -9  26.6  24.5  22.8  18.1  15.6
20260726 130  1.3  1117   7  3.0 1005  29  5.8 1920  26.8  30.5 1147  24.1  508  24.3  34.1  22.0  87.1  69.0 1139  30.5  -9.0  -9.0 -9.00 1004.9 1010.4 1011.9 2223 1009.2 1806  6.1 10.7 14.2 -9.0 -9.00 -9.00   -9    6.4   -9.0 -9.00    6.4 1910    4.2 1926   -9.0   -9   -9.0   -9   -9.0   -9 -99.0 -99.0 -99.0 -99.0 -99.0
20260726 131  1.5  1321  27  3.3 1656  27  6.5 1503  30.8  35.3 1516  27.2  551  23.4  32.3  27.5  66.4  46.0 1539  28.8   8.1   5.7 -9.00 1003.2 1009.8 1010.9  734 1007.7 1700  4.8  9.2 14.2 -9.0 25.95  3.38 1200    0.1   -9.0  0.25    0.1   -9    0.1   -9   -9.0   -9   -9.0   -9   -9.0   -9 -99.0 -99.0 -99.0 -99.0 -99.0
20260726 133  1.8  1576  20  3.4 1026  20  6.4 1449  30.2  34.7 1452  26.8  413  24.4  32.9  26.1  72.3  50.0 1252  30.5   7.7   5.4 -9.00 1002.8 1010.4 1011.7 2350 1008.4 1755  2.8 10.0 14.2 -9.0 26.28  3.50 1200   -9.0   -9.0 -9.00   -9.0   -9   -9.0   -9   -9.0   -9   -9.0   -9   -9.0   -9  29.3  27.0  25.0  20.8  17.4
20260726 135  1.3  1104  29  3.5 1420  29  6.1 1415  28.7  33.7 1513  23.5  434  23.4  32.4  24.1  75.0  52.0 1520  28.7   8.1   5.7 -9.00  982.6 1009.8 1011.4  613 1007.4 1720  2.3 11.9 14.2 -9.0 28.73  3.49 1100   -9.0   -9.0 -9.00   -9.0   -9   -9.0   -9   -9.0   -9   -9.0   -9   -9.0   -9 -99.0 -99.0 -99.0 -99.0 -99.0
20260726 136  1.2  1026  29  3.5 1330  27  6.3 1244  29.5  35.4 1457  24.3  336  23.7  38.6  23.8  72.8  52.0 1716  29.3   8.1   5.7 -9.00  995.0 1010.7 1012.4  652 1008.3 1808  3.3 11.6 14.2 -9.0 28.23  3.57 1200   -9.0   -9.0 -9.00   -9.0   -9   -9.0   -9   -9.0   -9   -9.0   -9   -9.0   -9 -99.0 -99.0 -99.0 -99.0 -99.0
20260726 137  0.8   722  23  2.2 1257  29  5.0 1323  30.2  35.2 1506  25.2  513  24.5  37.7  24.2  73.3  52.0 1550  30.7   7.5   5.2 -9.00  998.3 1009.1 1010.6  609 1006.9 1800  2.0 11.5 14.2 -9.0 26.98  3.25 1200   -9.0   -9.0 -9.00   -9.0   -9   -9.0   -9   -9.0   -9   -9.0   -9   -9.0   -9 -99.0 -99.0 -99.0 -99.0 -99.0
20260726 138  2.5  2122  14  5.6 1624  14  8.1 1534  30.1  34.7 1441  26.5 2356  22.7  37.7  23.3  66.0  46.0 1038  27.7   7.6   5.3 -9.00 1008.8 1009.2 1010.7 2351 1007.4 1758  5.3 10.2 14.1 -9.0 23.21  3.04 1000    3.8    3.8  0.50    3.8 1945    3.3 1957   -9.0   -9   -9.0   -9   -9.0   -9  26.6  22.7  21.1  17.9  16.4
20260726 140  2.2  1894  29  4.9 1649  29  7.2 1646  29.1  32.3 1439  26.3  552  26.0  33.5  24.4  84.0  67.0 1431  33.6  -9.0  -9.0 -9.00 1008.2 1011.4 1012.5 2320 1009.8 1823  3.8  9.0 14.1 -9.0 -9.00 -9.00   -9   -9.0   -9.0 -9.00   -9.0   -9   -9.0   -9   -9.0   -9   -9.0   -9   -9.0   -9 -99.0 -99.0 -99.0 -99.0 -99.0
20260726 143  1.3  1096  11  4.0 1944  14  6.3 1944  30.8  36.8 1430  26.3  510  21.7  36.0  24.2  60.5  39.0 1432  26.1   6.8   4.8 -9.00 1003.1 1009.1 1010.7  615 1006.3 1734  4.6  8.3 14.1 -9.0 21.45  2.80 1300   -9.0   -9.0 -9.00   -9.0   -9   -9.0   -9   -9.0   -9   -9.0   -9   -9.0   -9 -99.0 -99.0 -99.0 -99.0 -99.0
20260726 146  2.0  1753  27  4.8 1717  29  8.1 1630  30.6  35.6 1400  26.6  458  24.3  35.2  23.7  70.8  47.0 1441  30.4   8.1   5.6 -9.00 1003.6 1010.4 1011.7 2342 1008.5 1709  3.8 10.5 14.1 -9.0 26.10  3.53 1200   -9.0   -9.0 -9.00   -9.0   -9   -9.0   -9   -9.0   -9   -9.0   -9   -9.0   -9 -99.0 -99.0 -99.0 -99.0 -99.0
20260726 152  1.7  1448   9  3.4 1303  14  6.8 1456  30.1  34.9 1134  26.7 2354  22.5  37.9  24.8  65.4  47.0 1219  27.3   6.9   4.9 -9.00 1000.1 1009.2 1010.3 2321 1007.7 1801  5.6 10.8 14.1 -9.0 22.80  3.29 1400    0.0   -9.0  0.58    0.0   -9    0.0   -9   -9.0   -9   -9.0   -9   -9.0   -9 -99.0 -99.0 -99.0 -99.0 -99.0
20260726 155  1.8  1551  20  5.0 1647  25  7.7 1659  30.6  36.7 1324  26.1  419  25.2  39.0  24.5  75.0  49.0 1151  32.0   8.1   5.7 -9.00 1006.1 1010.0 1011.0  605 1008.3 1757  1.5 11.9 14.1 -9.0 26.71  3.44 1300   -9.0   -9.0 -9.00   -9.0   -9   -9.0   -9   -9.0   -9   -9.0   -9   -9.0   -9 -99.0 -99.0 -99.0 -99.0 -99.0
20260726 156  2.1  1831  18  4.3 1634  25  7.7 1748  30.7  35.7 1521  27.2  410  25.3  38.1  25.1  74.5  53.0 1515  32.3   7.2   5.0 -9.00 1002.6 1010.5 1011.7 2331 1008.5 1809  2.0 10.2 14.1 -9.0 24.95  3.26 1000   -9.0   -9.0 -9.00   -9.0   -9   -9.0   -9   -9.0   -9   -9.0   -9   -9.0   -9 -99.0 -99.0 -99.0 -99.0 -99.0
20260726 159  2.7  2323  23  5.0 1234  32  8.0  440  30.8  34.7 1034  28.2   46  24.4  36.5  24.2  69.6  56.0 1035  30.7   8.5   6.0 -9.00 1001.7 1009.5 1010.2 2338 1008.0 1833  1.9 12.2 14.1 -9.0 28.63  3.52 1200   -9.0   -9.0 -9.00   -9.0   -9   -9.0   -9   -9.0   -9   -9.0   -9   -9.0   -9  28.3  25.0  23.1  18.3  17.7
20260726 162  1.7  1490  20  4.0 1520  25  6.6 1540  28.9  34.2 1504  25.4  533  24.4  34.0  23.6  78.4  55.0 1507  30.6   7.8   5.5 -9.00 1006.0 1009.5 1010.5  637 1008.1 1814  0.5 12.2 14.1 -9.0 28.21  3.47 1200   -9.0   -9.0 -9.00   -9.0   -9   -9.0   -9   -9.0   -9   -9.0   -9   -9.0   -9 -99.0 -99.0 -99.0 -99.0 -99.0
20260726 165  2.9  2485  25  5.3 1845  23  8.7 1505  29.2  31.9 1449  26.9  533  25.4  33.7  24.6  81.0  66.0 1452  32.4   7.4   5.2 -9.00 1005.9 1011.0 1012.0 2240 1009.4 1807  1.8 11.8 14.0 -9.0 27.52  3.51 1200   -9.0   -9.0 -9.00   -9.0   -9   -9.0   -9   -9.0   -9   -9.0   -9   -9.0   -9  28.6  24.8  23.3  19.7  16.9
20260726 168  3.7  3193  23  7.4 1739  25  9.5 1742  29.6  32.9 1210  27.3  509  25.3  36.9  26.9  78.5  60.0 1218  32.2   8.4   5.9 -9.00 1003.3 1010.7 1011.6  655 1009.3 1826  0.6 12.9 14.1 -9.0 28.62  3.55 1200   -9.0   -9.0 -9.00   -9.0   -9   -9.0   -9   -9.0   -9   -9.0   -9   -9.0   -9  30.0  26.0  23.3  19.0  17.2
20260726 169  5.2  4509  16  7.2   21  16  9.0   21  28.8  34.3 1346  26.1  358  26.3  32.9  26.7  87.1  69.0 1327  34.2   7.0   4.9 -9.00 1002.0 1010.4 1011.4 2245 1009.1 1731  3.6  9.7 14.0 -9.0 25.62  3.35 1300   -9.0   -9.0 -9.00   -9.0   -9   -9.0   -9   -9.0   -9   -9.0   -9   -9.0   -9 -99.0 -99.0 -99.0 -99.0 -99.0
20260726 170  2.2  1871  25  4.0 1618  29  7.5 1613  30.1  34.3 1116  26.6 2400  25.2  39.0  26.6  76.3  55.0 1247  32.1   7.8   5.5 -9.00 1007.2 1011.2 1012.2 2317 1009.7 1828  2.0 12.9 14.0 -9.0 28.66  3.48 1200   -9.0   -9.0 -9.00   -9.0   -9   -9.0   -9   -9.0   -9   -9.0   -9   -9.0   -9 -99.0 -99.0 -99.0 -99.0 -99.0
20260726 172  2.5  2176  23  5.5 1550  23  7.9 1614  29.7  34.5 1406  26.3  537  24.3  31.7  23.5  75.4  49.0 1405  30.4   8.7   6.1 -9.00 1004.4 1010.3 1011.6 2333 1008.3 1814  1.5 12.3 14.1 -9.0 28.43  3.60 1200   -9.0   -9.0 -9.00   -9.0   -9   -9.0   -9   -9.0   -9   -9.0   -9   -9.0   -9 -99.0 -99.0 -99.0 -99.0 -99.0
20260726 174  1.1   946  18  3.7 1743  18  5.5 1740  28.1  34.7 1400  23.2  552  23.1  34.4  23.6  76.8  45.0 1404  28.2  -9.0  -9.0 -9.00  990.6 1009.1 1010.4  608 1007.0 1732  2.8 10.9 14.1 -9.0 -9.00 -9.00   -9   -9.0   -9.0 -9.00   -9.0   -9   -9.0   -9   -9.0   -9   -9.0   -9   -9.0   -9 -99.0 -99.0 -99.0 -99.0 -99.0
20260726 177  2.4  2043  18  5.2 1541  23  8.6 1615  29.2  33.2 1345  26.1  324  25.0  33.4  25.4  79.6  57.0 1344  31.7   7.5   5.2 -9.00 1005.9 1009.0 1010.3 2332 1007.6 1717  3.5  9.2 14.2 -9.0 25.31  3.51 1200    0.0   -9.0  0.42    0.0   -9    0.0   -9   -9.0   -9   -9.0   -9   -9.0   -9 -99.0 -99.0 -99.0 -99.0 -99.0
20260726 181  1.6  1385  25  4.1 1557  25  6.8 1604  28.8  33.8 1544  24.6  309  24.0  31.3  24.3  77.0  53.0 1454  29.8   7.6   5.3 -9.00 1006.6 1010.4 1011.5  725 1008.4 1701  2.1 10.3 14.2 -9.0 26.25  3.26 1200    0.0   -9.0 -9.00    0.0   -9    0.0   -9   -9.0   -9   -9.0   -9   -9.0   -9 -99.0 -99.0 -99.0 -99.0 -99.0
20260726 184  2.5  2117   2  5.1 1108   5  7.0 1421  30.2  32.8 1233  27.8  551  24.5  38.6  25.3  71.9  65.0  914  30.8   8.1   5.7 -9.00 1008.3 1010.6 1011.4 2242 1009.0 1836  3.3 11.4 14.0 -9.0 28.79  3.70 1200   -9.0   -9.0 -9.00   -9.0   -9   -9.0   -9   -9.0   -9   -9.0   -9   -9.0   -9  31.2  29.0  27.1  23.1  18.3
20260726 185  3.5  3050  16  5.0  110  23  7.1 1521  28.4  30.8 1319  26.7 2337  25.7  34.4  26.5  85.8  75.0 1537  33.1   7.1   5.0 -9.00 1003.0 1011.0 1011.9    1 1009.4 1813  0.8 12.3 13.9 -9.0 28.28  3.54 1200   -9.0   -9.0 -9.00   -9.0   -9   -9.0   -9   -9.0   -9   -9.0   -9   -9.0   -9 -99.0 -99.0 -99.0 -99.0 -99.0
20260726 188  2.3  2006  18  5.8 1614  18  7.8 1546  29.0  32.9 1425  25.9  518  25.4  37.6  25.4  81.9  67.0 1729  32.4  -9.0  -9.0 -9.00 1009.2 1011.5 1012.4 2244 1010.0 1842  1.8 10.9 13.9 -9.0 -9.00 -9.00   -9   -9.0   -9.0 -9.00   -9.0   -9   -9.0   -9   -9.0   -9   -9.0   -9   -9.0   -9 -99.0 -99.0 -99.0 -99.0 -99.0
20260726 189  2.4  2070  23  4.8 1212  23  8.4 1533  30.0  33.0 1646  27.7 2353  25.5  38.2  25.7  77.5  66.0 1022  32.7   7.8   5.5 -9.00 1005.7 1011.5 1012.5 2255 1010.0 1834  0.9 12.5 13.9 -9.0 28.82  3.54 1200   -9.0   -9.0 -9.00   -9.0   -9   -9.0   -9   -9.0   -9   -9.0   -9   -9.0   -9 -99.0 -99.0 -99.0 -99.0 -99.0
20260726 192  1.0   837  25  2.7 1711  27  6.5 1604  30.3  36.9 1420  24.7  546  24.9 -99.0  22.6  75.1  50.0 1327  31.5   8.1   5.6 -9.00 1006.8 1010.1 1011.4  557 1008.1 1809  0.4 12.0 14.1 -9.0 28.45  3.53 1200   -9.0   -9.0 -9.00   -9.0   -9   -9.0   -9   -9.0   -9   -9.0   -9   -9.0   -9 -99.0 -99.0 -99.0 -99.0 -99.0
20260726 201  2.2  1910  25  4.1 1603  25  8.1  535  27.3  30.1 1314  25.0 2301  25.6  29.3  25.0  91.1  74.0 1258  32.7  -9.0  -9.0 -9.00 1005.5 1010.9 1011.8 2356 1010.0 1825  3.8  5.3 14.3 -9.0 -9.00 -9.00   -9   -9.0   -9.0 -9.00   -9.0   -9   -9.0   -9   -9.0   -9   -9.0   -9   -9.0   -9 -99.0 -99.0 -99.0 -99.0 -99.0
20260726 202  1.0   876  25  3.6 1656  23  6.4 1656  28.0  33.3 1510  24.6  453  23.9  31.7  23.4  80.1  56.0 1512  29.7  -9.0  -9.0 -9.00 1005.2 1010.6 1011.7  621 1008.4 1703  3.1  5.3 14.3 -9.0 -9.00 -9.00   -9    0.0   -9.0 -9.00    0.0   -9    0.0   -9   -9.0   -9   -9.0   -9   -9.0   -9 -99.0 -99.0 -99.0 -99.0 -99.0
20260726 203  1.1   973  18  3.4 1229  23  6.3 1459  28.8  34.1 1631  25.1 2340  25.0  32.1  24.6  81.5  57.0 1657  31.6  -9.0  -9.0 -9.00 1001.8 1010.8 1012.0  627 1008.5 1653  3.0  7.7 14.2 -9.0 -9.00 -9.00   -9   -9.0   -9.0 -9.00   -9.0   -9   -9.0   -9   -9.0   -9   -9.0   -9   -9.0   -9 -99.0 -99.0 -99.0 -99.0 -99.0
20260726 211  0.9   795   5  4.5 1618   5 10.7 1606  25.2  32.3 1425  21.7 2327  22.4  28.2  20.3  86.3  58.0 1407  27.2  -9.0  -9.0 -9.00  987.5 1010.3 1011.9 2255 1007.7 1519  5.6  4.6 14.3 -9.0 -9.00 -9.00   -9    5.0   -9.0 -9.00    5.0  848    2.8  927   -9.0   -9   -9.0   -9   -9.0   -9 -99.0 -99.0 -99.0 -99.0 -99.0
20260726 212  0.9   797  27  4.4 1603  32 11.1 1600  26.6  33.4 1532  23.6 2217  23.7  28.1  22.3  85.5  56.0 1532  29.3  -9.0  -9.0 -9.00  995.0 1010.9 1012.2  629 1008.5 1518  5.0  4.1 14.3 -9.0 -9.00 -9.00   -9   23.3   -9.0 -9.00   19.3 1515   17.8 1601   -9.0   -9   -9.0   -9   -9.0   -9 -99.0 -99.0 -99.0 -99.0 -99.0
20260726 216  1.3  1152  32  3.2 1018  20  6.9 1106  25.7  32.5 1438  20.3  511  20.6  29.6  20.5  76.3  46.0 1440  24.3   6.5   4.6 -9.00  932.0 1009.9 1012.2  426 1006.9 1522  5.0  9.9 14.2 -9.0 24.59  2.79 1000   -9.0   -9.0 -9.00   -9.0   -9   -9.0   -9   -9.0   -9   -9.0   -9   -9.0   -9 -99.0 -99.0 -99.0 -99.0 -99.0
20260726 217  1.2  1023  16  3.7 1338  34  7.1 1634  26.9  34.3 1311  22.3  532  23.2  33.9  22.6  82.1  51.0 1536  28.5  -9.0  -9.0 -9.00  975.7 1010.5 1012.4  647 1007.7 1543  4.4  7.2 14.3 -9.0 -9.00 -9.00   -9    0.5   -9.0 -9.00    0.5 1909    0.5 1959   -9.0   -9   -9.0   -9   -9.0   -9 -99.0 -99.0 -99.0 -99.0 -99.0
20260726 221  1.2  1063  27  4.0 1852  25  8.2 1842  26.5  32.0 1634  22.8 2328  23.1  30.5  22.7  83.6  58.0 1508  28.3  -9.0  -9.0 -9.00  980.8 1010.4 1012.0  639 1007.8 1707  4.8  6.6 14.2 -9.0 -9.00 -9.00   -9    0.0   -9.0 -9.00    0.0   -9    0.0   -9   -9.0   -9   -9.0   -9   -9.0   -9 -99.0 -99.0 -99.0 -99.0 -99.0
20260726 226  0.7   587  23  2.4 1445  25  4.8 1442  28.3  33.2 1447  24.0  534  23.9  31.4  23.3  79.4  54.0 1435  29.7  -9.0  -9.0 -9.00  991.4 1010.6 1011.8  629 1008.3 1755  3.1  9.2 14.2 -9.0 -9.00 -9.00   -9   -9.0   -9.0 -9.00   -9.0   -9   -9.0   -9   -9.0   -9   -9.0   -9   -9.0   -9 -99.0 -99.0 -99.0 -99.0 -99.0
20260726 232  1.0   871  23  3.0 1728  23  5.8 1720  28.7  33.3 1438  24.8  104  24.7  32.4  24.2  80.9  56.0 1727  31.1  -9.0  -9.0 -9.00 1001.4 1010.9 1012.1 2343 1009.0 1654  2.3  9.4 14.2 -9.0 -9.00 -9.00   -9   -9.0   -9.0 -9.00   -9.0   -9   -9.0   -9   -9.0   -9   -9.0   -9   -9.0   -9 -99.0 -99.0 -99.0 -99.0 -99.0
20260726 235  3.2  2744  20  5.3 1401  20  7.2 1356  29.0  31.9 1617  27.4  617  25.7  30.9  26.7  83.1  67.0 1531  33.1   7.3   5.1 -9.00 1008.9 1010.0 1011.0 2309 1008.7 1752  3.4 10.7 14.2 -9.0 27.89  3.50 1200   -9.0   -9.0 -9.00   -9.0   -9   -9.0   -9   -9.0   -9   -9.0   -9   -9.0   -9 -99.0 -99.0 -99.0 -99.0 -99.0
20260726 236  1.2  1059  20  3.4 1511  23  6.0 1724  28.9  33.4 1437  25.2  145  25.2  32.8  24.6  81.6  59.0 1558  32.0  -9.0  -9.0 -9.00 1009.4 1010.9 1012.1 2334 1009.4 1710  3.3 10.5 14.2 -9.0 -9.00 -9.00   -9    0.2   -9.0 -9.00    0.2   -9    0.2   -9   -9.0   -9   -9.0   -9   -9.0   -9 -99.0 -99.0 -99.0 -99.0 -99.0
20260726 238  1.0   883  27  2.5 1807  29  4.9 1833  29.7  35.0 1524  25.0  456  24.1  32.7  23.7  74.4  49.0 1328  30.0  -9.0  -9.0 -9.00  991.0 1009.9 1011.3 2343 1007.7 1720  3.5 10.6 14.2 -9.0 -9.00 -9.00   -9   -9.0   -9.0 -9.00   -9.0   -9   -9.0   -9   -9.0   -9   -9.0   -9   -9.0   -9 -99.0 -99.0 -99.0 -99.0 -99.0
20260726 239  1.1   959  32  2.8 1728  29  5.2 1212  28.9  33.8 1607  25.4  553  24.2  32.8  25.3  77.5  55.0 1357  30.2   7.2   5.1 -9.00  999.7 1009.8 1011.2 2351 1007.7 1702  2.4  9.9 14.2 -9.0 26.62  3.46 1200    0.1   -9.0 -9.00    0.1   -9    0.1   -9   -9.0   -9   -9.0   -9   -9.0   -9 -99.0 -99.0 -99.0 -99.0 -99.0
20260726 243  1.6  1402  29  4.4 1642  29  6.8 1736  29.4  33.6 1328  26.1  603  24.8  35.8  23.6  77.9  59.0 1122  31.4  -9.0  -9.0 -9.00 1009.5 1010.9 1012.0 2248 1009.2 1733  3.0 10.8 14.1 -9.0 -9.00 -9.00   -9   -9.0   -9.0 -9.00   -9.0   -9   -9.0   -9   -9.0   -9   -9.0   -9   -9.0   -9 -99.0 -99.0 -99.0 -99.0 -99.0
20260726 244  0.9   816  27  2.4 1640  34  4.3 1809  28.5  33.2 1652  24.2  509  23.8  30.7  23.3  77.4  54.0 1653  29.5  -9.0  -9.0 -9.00  982.8 1010.4 1011.8  602 1008.0 1749  2.6  8.5 14.1 -9.0 -9.00 -9.00   -9   -9.0   -9.0 -9.00   -9.0   -9   -9.0   -9   -9.0   -9   -9.0   -9   -9.0   -9 -99.0 -99.0 -99.0 -99.0 -99.0
20260726 245  1.7  1432  27  3.9 1653  29  6.3 1650  29.9  35.4 1258  26.1  546  24.8  36.2  24.2  75.6  48.0 1303  31.3   8.2   5.7 -9.00 1002.9 1010.6 1011.9 2319 1008.8 1716  2.3 13.1 14.1 -9.0 28.37  3.53 1200   -9.0   -9.0 -9.00   -9.0   -9   -9.0   -9   -9.0   -9   -9.0   -9   -9.0   -9 -99.0 -99.0 -99.0 -99.0 -99.0
20260726 247  1.6  1376  29  3.8 1752  29  6.0 1804  30.4  35.9 1527  25.1  511  24.2  34.9  24.4  71.4  49.0 1317  30.2  -9.0  -9.0 -9.00  995.3 1010.2 1011.6  600 1007.8 1720  2.1 11.0 14.1 -9.0 -9.00 -9.00   -9   -9.0   -9.0 -9.00   -9.0   -9   -9.0   -9   -9.0   -9   -9.0   -9   -9.0   -9 -99.0 -99.0 -99.0 -99.0 -99.0
20260726 248  1.0   822  25  3.0 1629  25  5.6 1323  27.2  33.0 1441  22.4  438  22.5  30.7  21.7  78.4  52.0 1413  27.2  -9.0  -9.0 -9.00  965.7 1010.8 1012.4  559 1008.3 1723  3.3 10.4 14.1 -9.0 -9.00 -9.00   -9   -9.0   -9.0 -9.00   -9.0   -9   -9.0   -9   -9.0   -9   -9.0   -9   -9.0   -9 -99.0 -99.0 -99.0 -99.0 -99.0
20260726 251  1.7  1448  23  4.9 1710  25  7.7 1633  29.3  35.2 1403  24.9  458  25.0  31.8  24.2  79.9  55.0 1657  31.6   7.4   5.2 -9.00 1004.8 1010.4 1011.8 2323 1008.4 1726  2.0 11.7 14.1 -9.0 26.00  3.36 1300   -9.0   -9.0 -9.00   -9.0   -9   -9.0   -9   -9.0   -9   -9.0   -9   -9.0   -9 -99.0 -99.0 -99.0 -99.0 -99.0
20260726 252  1.8  1586  23  3.9 1529  23  7.2 1514  29.4  34.3 1356  26.3 2338  24.8  34.0  24.1  77.9  53.0 1338  31.3   7.9   5.5 -9.00 1006.4 1010.6 1011.6 2346 1008.8 1806  1.4 11.8 14.1 -9.0 28.52  3.48 1200   -9.0   -9.0 -9.00   -9.0   -9   -9.0   -9   -9.0   -9   -9.0   -9   -9.0   -9 -99.0 -99.0 -99.0 -99.0 -99.0
20260726 253  1.7  1501  16  4.7 1430  14  8.3 1425  31.1  37.8 1236  26.8  331  25.0  37.5  25.1  71.9  47.0 1152  31.8   7.8   5.5 -9.00 1004.5 1010.6 1011.6  708 1009.0 1822  4.0 11.5 14.1 -9.0 25.45  3.04 1100   -9.0   -9.0 -9.00   -9.0   -9   -9.0   -9   -9.0   -9   -9.0   -9   -9.0   -9 -99.0 -99.0 -99.0 -99.0 -99.0
20260726 254  1.5  1313  27  4.6 1716  29  7.3 1755  30.0  35.3 1443  25.9  358  23.8  35.8  24.7  71.8  45.0 1428  29.5   8.5   6.0 -9.00  996.3 1010.7 1012.1  601 1008.5 1723  0.4 11.4 14.1 -9.0 28.15  3.58 1300   -9.0   -9.0 -9.00   -9.0   -9   -9.0   -9   -9.0   -9   -9.0   -9   -9.0   -9 -99.0 -99.0 -99.0 -99.0 -99.0
20260726 255  1.1   921  29  3.2 1334  23  5.5 1821  31.7  38.5 1354  27.2  535  25.2  35.9  23.9  70.1  45.0 1228  32.0   7.5   5.2 -9.00 1003.8 1009.5 1010.8  611 1007.5 1803  3.3 12.1 14.1 -9.0 24.85  3.30 1200   -9.0   -9.0 -9.00   -9.0   -9   -9.0   -9   -9.0   -9   -9.0   -9   -9.0   -9 -99.0 -99.0 -99.0 -99.0 -99.0
20260726 257  1.7  1449  25  4.5 1449  25  8.0 1500  32.2  39.3 1304  27.2  451  25.5  40.4  24.8  70.4  44.0 1305  32.7   8.6   6.0 -9.00 1008.9 1009.6 1010.8  619 1007.9 1805  4.6 10.6 14.1 -9.0 26.80  3.46 1300   -9.0   -9.0 -9.00   -9.0   -9   -9.0   -9   -9.0   -9   -9.0   -9   -9.0   -9 -99.0 -99.0 -99.0 -99.0 -99.0
20260726 258  2.3  1969  20  4.8 1313  20  6.1 1311  29.5  34.8 1333  26.1  530  25.3  32.3  25.5  79.1  60.0 1350  32.2   8.2   5.8 -9.00 1010.7 1010.9 1012.0 2256 1009.2 1828  1.4 13.5 14.1 -9.0 29.44  3.68 1200    0.1   -9.0 -9.00    0.1   -9    0.1   -9   -9.0   -9   -9.0   -9   -9.0   -9 -99.0 -99.0 -99.0 -99.0 -99.0
20260726 259  1.2  1011  23  3.1 1635  23  6.3 1643  29.6  35.9 1438  25.6  548  25.0  33.6  24.6  78.4  49.0 1546  31.8   7.1   5.0 -9.00 1008.8 1010.6 1011.8 2316 1009.0 1820  1.3 10.5 14.0 -9.0 25.69  3.56 1300   -9.0   -9.0 -9.00   -9.0   -9   -9.0   -9   -9.0   -9   -9.0   -9   -9.0   -9 -99.0 -99.0 -99.0 -99.0 -99.0
20260726 260  1.2   999  29  3.8 1602  27  6.0 1901  29.5  35.1 1451  24.8  534  24.4  37.0  24.4  76.1  49.0 1715  30.6  -9.0  -9.0 -9.00 1005.6 1010.5 1011.9 2309 1008.9 1813  1.6 10.9 14.0 -9.0 -9.00 -9.00   -9   -9.0   -9.0 -9.00   -9.0   -9   -9.0   -9   -9.0   -9   -9.0   -9   -9.0   -9 -99.0 -99.0 -99.0 -99.0 -99.0
20260726 261  2.3  2020  23  5.4 1548  25  7.2 1508  29.4  33.5 1329  26.1 2350  25.8  37.8  24.5  82.0  62.0 1446  33.2  -9.0  -9.0 -9.00 1009.4 1011.2 1012.4 2316 1009.7 1807  1.4 12.3 14.0 -9.0 -9.00 -9.00   -9   -9.0   -9.0 -9.00   -9.0   -9   -9.0   -9   -9.0   -9   -9.0   -9   -9.0   -9 -99.0 -99.0 -99.0 -99.0 -99.0
20260726 262  1.8  1560  20  4.8 1711  20  7.9 1757  29.9  35.7 1402  25.7  547  24.7  36.2  26.4  75.6  53.0 1342  31.2   7.8   5.5 -9.00 1004.8 1010.6 1011.8 2256 1009.1 1828  1.3 12.2 14.0 -9.0 26.90  3.29 1200   -9.0   -9.0 -9.00   -9.0   -9   -9.0   -9   -9.0   -9   -9.0   -9   -9.0   -9 -99.0 -99.0 -99.0 -99.0 -99.0
20260726 263  1.5  1329  23  5.5 1805  23  9.0 1846  31.5  38.3 1453  25.2  326  25.3  39.1  23.3  72.6  45.0 1428  32.2   8.2   5.7 -9.00 1008.2 1009.7 1011.2  608 1007.5 1705  1.9  9.9 14.1 -9.0 26.40  3.60 1100   -9.0   -9.0 -9.00   -9.0   -9   -9.0   -9   -9.0   -9   -9.0   -9   -9.0   -9 -99.0 -99.0 -99.0 -99.0 -99.0
20260726 264  1.4  1214  36  4.0 1444  25  7.6 2238  30.0  36.2 1613  23.6  510  24.0  34.6  22.9  73.6  47.0 1328  29.8   8.7   6.1 -9.00  993.1 1010.1 1011.9  602 1007.6 1755  2.0 12.2 14.1 -9.0 29.38  3.61 1200   -9.0   -9.0 -9.00   -9.0   -9   -9.0   -9   -9.0   -9   -9.0   -9   -9.0   -9 -99.0 -99.0 -99.0 -99.0 -99.0
20260726 266  1.4  1203  23  3.5 1410  25  6.8 1520  30.8  36.4 1431  26.0  535  25.4  35.0   0.0  75.3  51.0 1438  32.5   7.6   5.3 -9.00 1000.8 1010.6 1011.8  645 1009.0 1748  1.9 11.0 14.1 -9.0 26.02  3.18 1200   -9.0   -9.0 -9.00   -9.0   -9   -9.0   -9   -9.0   -9   -9.0   -9   -9.0   -9 -99.0 -99.0 -99.0 -99.0 -99.0
20260726 268  1.8  1571  20  4.0 1227  23  7.2 1417  28.9  32.8 1405  25.7  612  25.3  36.6  24.4  82.5  63.0 1450  32.2  -9.0  -9.0 -9.00 1008.6 1009.7 1010.7 2251 1008.3 1821  1.6 11.4 14.0 -9.0 -9.00 -9.00   -9   -9.0   -9.0 -9.00   -9.0   -9   -9.0   -9   -9.0   -9   -9.0   -9   -9.0   -9 -99.0 -99.0 -99.0 -99.0 -99.0
20260726 271  0.9   811  20  3.4 1328  18  7.0 1319  27.0  33.1 1449  21.3  519  22.3  32.7  20.5  77.9  53.0 1449  27.0  -9.0  -9.0 -9.00  974.3 1010.5 1012.6  636 1007.7 1811  3.4  9.3 14.2 -9.0 -9.00 -9.00   -9   -9.0   -9.0 -9.00   -9.0   -9   -9.0   -9   -9.0   -9   -9.0   -9   -9.0   -9 -99.0 -99.0 -99.0 -99.0 -99.0
20260726 272  1.1   928  32  3.4 2140  34  5.2 2137  27.4  33.3 1550  22.3  412  23.2  32.7  22.0  79.5  53.0 1553  28.5  -9.0  -9.0 -9.00  986.4 1010.1 1011.9  639 1007.7 1715  3.1  8.5 14.2 -9.0 -9.00 -9.00   -9   -9.0   -9.0 -9.00   -9.0   -9   -9.0   -9   -9.0   -9   -9.0   -9   -9.0   -9 -99.0 -99.0 -99.0 -99.0 -99.0
20260726 273  0.9   813  16  2.2 1106  27  4.5 2115  28.9  34.5 1447  23.5  519  24.4  34.1  21.7  78.5  53.0 1612  30.6  -9.0  -9.0 -9.00  990.2 1009.5 1011.2  646 1007.5 1700  2.3  9.1 14.2 -9.0 -9.00 -9.00   -9   -9.0   -9.0 -9.00   -9.0   -9   -9.0   -9   -9.0   -9   -9.0   -9   -9.0   -9 -99.0 -99.0 -99.0 -99.0 -99.0
20260726 276  1.4  1208  27  4.1 1257  27  7.0 1251  28.9  35.7 1701  22.5  410  24.2  34.4  20.6  78.8  51.0 1515  30.3   6.8   4.8 -9.00  986.3 1009.6 1011.3  557 1007.0 1713  5.1  9.8 14.2 -9.0 23.31  3.61 1200   -9.0   -9.0 -9.00   -9.0   -9   -9.0   -9   -9.0   -9   -9.0   -9   -9.0   -9 -99.0 -99.0 -99.0 -99.0 -99.0
20260726 277  1.7  1443  32  4.2  929  16  7.5 1519  28.6  34.9 1145  24.1  210  22.3  36.5  22.7  70.5  48.0 1216  27.0  -9.0  -9.0 -9.00 1005.4 1010.0 1011.7 2334 1008.9 1432  4.5 11.5 14.2 -9.0 -9.00 -9.00   -9   -9.0   -9.0 -9.00   -9.0   -9   -9.0   -9   -9.0   -9   -9.0   -9   -9.0   -9 -99.0 -99.0 -99.0 -99.0 -99.0
20260726 278  1.0   876  25  3.2 1256  25  5.4 1249  29.5  36.3 1500  23.9  313  23.9  38.1  23.3  75.1  46.0 1425  29.6  -9.0  -9.0 -9.00 1000.0 1009.1 1010.8  648 1006.7 1819  3.8 12.5 14.2 -9.0 -9.00 -9.00   -9   -9.0   -9.0 -9.00   -9.0   -9   -9.0   -9   -9.0   -9   -9.0   -9   -9.0   -9 -99.0 -99.0 -99.0 -99.0 -99.0
20260726 279  1.0   906  32  3.1 1415  32  5.1 1412  31.1  37.3 1558  25.4  549  23.9  38.1  24.6  68.1  44.0 1432  29.6   7.9   5.5 -9.00 1004.2 1009.7 1011.3  623 1007.2 1735  3.1 11.4 14.1 -9.0 26.55  3.47 1200   -9.0   -9.0 -9.00   -9.0   -9   -9.0   -9   -9.0   -9   -9.0   -9   -9.0   -9 -99.0 -99.0 -99.0 -99.0 -99.0
20260726 281  1.2  1072  20  4.6 1848   7 14.5 1848  29.4  36.8 1555  23.6  546  23.0  35.2  22.1  72.4  39.0 1556  28.2  -9.0  -9.0 -9.00  999.5 1010.3 1011.8  641 1007.8 1718  5.9  8.5 14.1 -9.0 -9.00 -9.00   -9   18.8   -9.0 -9.00   18.4 1837   16.0 1844   -9.0   -9   -9.0   -9   -9.0   -9 -99.0 -99.0 -99.0 -99.0 -99.0
20260726 283  2.5  2128  14  5.4 1617  11  8.1 1613  29.9  39.0 1353  24.4  524  23.5  35.5  22.9  71.3  39.0 1308  29.0   7.8   5.4 -9.00 1005.5 1010.1 1011.3  618 1007.9 1549  5.4  8.8 14.1 -9.0 23.52  3.58 1200    0.7   -9.0 -9.00    0.7 1834    0.6 1837   -9.0   -9   -9.0   -9   -9.0   -9 -99.0 -99.0 -99.0 -99.0 -99.0
20260726 284  1.4  1232  27  3.9 1707  29  6.2 1518  29.6  37.2 1630  22.8  523  23.3  38.3  20.3  71.8  43.0 1545  28.6   8.5   5.9 -9.00  983.6 1008.9 1010.9  559 1006.1 1743  1.6 12.4 14.1 -9.0 27.62  3.21 1100   -9.0   -9.0 -9.00   -9.0   -9   -9.0   -9   -9.0   -9   -9.0   -9   -9.0   -9 -99.0 -99.0 -99.0 -99.0 -99.0
20260726 285  0.9   769  23  2.4 1511  23  5.0 1505  30.9  38.2 1458  24.2  548  23.9  38.8  24.0  70.1  36.0 1502  29.8  -9.0  -9.0 -9.00 1007.0 1010.0 1011.7  650 1007.4 1742  2.9 -9.0 14.1 -9.0 -9.00 -9.00   -9   -9.0   -9.0 -9.00   -9.0   -9   -9.0   -9   -9.0   -9   -9.0   -9   -9.0   -9 -99.0 -99.0 -99.0 -99.0 -99.0
20260726 288  1.9  1611   7  7.0 2047   7 14.3 2044  30.4  39.3 1600  24.0 2342  23.4  36.2  25.2  69.5  37.0 1601  28.8   7.8   5.4 -9.00 1007.6 1008.5 1010.5 2103 1005.8 1818  4.5  9.5 14.1 -9.0 23.92  3.02 1100    5.0   -9.0 -9.00    2.6 1901    2.6 1928   -9.0   -9   -9.0   -9   -9.0   -9 -99.0 -99.0 -99.0 -99.0 -99.0
20260726 289  0.8   716  34  2.3 1216  23  4.6 1138  29.7  36.6 1637  23.8  612  24.9  35.2  21.8  77.1  49.0 1646  31.4  -9.0  -9.0 -9.00  995.4 1010.8 1012.6  625 1008.4 1750  1.5 11.0 14.1 -9.0 -9.00 -9.00   -9   -9.0   -9.0 -9.00   -9.0   -9   -9.0   -9   -9.0   -9   -9.0   -9   -9.0   -9 -99.0 -99.0 -99.0 -99.0 -99.0
20260726 294  1.6  1395  18  5.6 1848  16 10.2 1844  29.5  34.7 1221  25.3  521  24.1  37.2  23.1  74.4  50.0 1134  30.0  -9.0  -9.0 -9.00 1005.8 1010.9 1011.8  808 1009.2 1843  0.4 11.8 14.1 -9.0 -9.00 -9.00   -9   -9.0   -9.0 -9.00   -9.0   -9   -9.0   -9   -9.0   -9   -9.0   -9   -9.0   -9 -99.0 -99.0 -99.0 -99.0 -99.0
20260726 295  1.1   978  27  3.4 1300  16  6.4 1254  29.7  34.9 1326  25.3  535  24.6  35.6  22.7  75.6  56.0 1425  31.0  -9.0  -9.0 -9.00 1005.3 1010.5 1011.4  542 1008.8 1843  0.3 12.3 14.1 -9.0 -9.00 -9.00   -9   -9.0   -9.0 -9.00   -9.0   -9   -9.0   -9   -9.0   -9   -9.0   -9   -9.0   -9 -99.0 -99.0 -99.0 -99.0 -99.0
20260726 296  1.7  1496  18  5.0 1436  18  9.1 1420  30.9  36.8 1230  26.1  547  25.2  35.2  23.3  73.9  47.0 1231  32.1   8.3   5.8 -9.00 1008.7 1009.0 1010.0  609 1007.3 1829  4.1 11.2 14.1 -9.0 26.37  3.32 1300   -9.0   -9.0 -9.00   -9.0   -9   -9.0   -9   -9.0   -9   -9.0   -9   -9.0   -9 -99.0 -99.0 -99.0 -99.0 -99.0
20260727  90  1.7  1464  23  4.5 2400  25  9.1 2353  26.4  30.2 2354  22.9  352  23.1  26.7  23.2  83.5  61.0 2354  28.3   4.2   2.9 -9.00 1008.8 1010.8 1012.4  819 1009.6 1645  6.3  3.0 14.3 -9.0 12.68  3.12 1100    4.0   -9.0 -9.00    3.5 1405    2.8 1404   -9.0   -9   -9.0   -9   -9.0   -9 -99.0 -99.0 -99.0 -99.0 -99.0
20260727  93  0.5   471  23  2.7 1204  20  8.1 1235  26.5  31.3 1136  24.0   19  24.8  29.0  24.6  91.4  70.0 1139  31.3   3.3   2.3 -9.00 1001.2 1012.1 1013.0 2248 1011.1 1812  7.6  4.5 14.3 -9.0 13.36  2.86 1000    1.2    1.2  3.85    0.7 1357    0.6 1443   -9.0   -9   -9.0   -9   -9.0   -9  28.2  26.2  23.8  21.1  18.1
20260727  95  1.2  1000  25  2.9  945  25  5.7 1709  26.6  30.6 1655  23.4  113  24.6  29.3  24.2  89.8  68.0 1700  30.9   3.7   2.6 -9.00  994.7 1012.3 1013.2 2303 1011.2 1640  8.0  4.8 14.3 -9.0 14.22  2.20 1000    0.4    0.7 -9.00    0.4 1204    0.4 1254   -9.0   -9   -9.0   -9   -9.0   -9 -99.0 -99.0 -99.0 -99.0 -99.0
20260727  98  1.2  1037  25  3.4 1643  25  7.5 1216  27.6  31.5 1346  25.0   10  23.1  30.0  24.2  77.8  61.0 1341  28.3   4.1   2.9 -9.00  998.7 1011.7 1012.9 2301 1010.9    1  6.0  3.0 14.3 -9.0 14.69  1.87 1000   -9.0   -9.0 -9.00   -9.0   -9   -9.0   -9   -9.0   -9   -9.0   -9   -9.0   -9 -99.0 -99.0 -99.0 -99.0 -99.0
20260727  99  1.1   990  27  3.5 1408  29  6.5 1400  27.2  31.3 1256  24.7  120  24.8  30.6  25.5  87.4  67.0 1302  31.2   4.3   3.0 -9.00 1009.0 1012.5 1013.7 2301 1011.4  209  6.5  2.9 14.3 -9.0 16.59  2.52 1200    0.2   -9.0 -9.00    0.2   -9    0.2   -9   -9.0   -9   -9.0   -9   -9.0   -9 -99.0 -99.0 -99.0 -99.0 -99.0
20260727 100  2.6  2277  27  5.9 1931  25 10.2 1428  24.0  30.0 1316  19.1  400  21.2  24.6  19.0  85.6  59.0 1241  25.2   5.2   3.6 -9.00  926.6 1011.2 1012.5  408 1009.3 1353  6.0  7.6 14.3 -9.0 19.73  3.61 1200    0.8   -9.0 -9.00    0.8 1524    0.3 1600   -9.0   -9   -9.0   -9   -9.0   -9 -99.0 -99.0 -99.0 -99.0 -99.0
20260727 101  1.0   882  32  3.5 1426  34  5.7 1535  26.4  31.4 1140  24.1  225  23.7  29.2  24.1  86.3  65.0 1144  29.4   3.5   2.4 -9.00 1002.5 1011.1 1012.1 2302 1009.9 1817  7.8  2.7 14.3 -9.0 12.96  2.70 1000    3.3    3.3 -9.00    3.1 1350    2.9 1440   -9.0   -9   -9.0   -9   -9.0   -9  27.9  24.9  23.0  18.4  15.5
20260727 102  2.5  2190  16  5.7 1153  16  8.0 1153  26.3  28.5 1448  21.8  426  24.6  30.1  23.0  90.6  81.0 1106  30.9   5.3   3.7  2.75 1006.5 1010.6 1012.0 2357 1008.9  323  6.5  5.8 14.3 -9.0 22.43  3.34 1100    0.5   -9.0  4.92    0.2  226    0.2  316   -9.0   -9   -9.0   -9   -9.0   -9 -99.0 -99.0 -99.0 -99.0 -99.0
20260727 104  1.0   872  29  4.6 1509  27  8.6 1454  25.3  31.2 1358  22.1  449  24.1  27.9  21.8  93.8  80.0 1355  30.0   3.2   2.3 -9.00 1001.6 1010.2 1011.3  758 1008.9 1412  6.1  6.0 14.3 -9.0 14.97  3.26 1100    1.1    1.1  2.83    0.7 1515    0.4 1528   -9.0   -9   -9.0   -9   -9.0   -9  26.6  24.0  21.8  17.1  14.3
20260727 105  1.5  1269  29  7.7 1507  18 12.5 1505  26.9  33.0 1412  23.3  307  23.3  28.6  23.0  81.3  66.0 1346  28.6   5.4   3.8 -9.00 1008.0 1011.0 1012.5  835 1009.7 1412  6.3  7.5 14.3 -9.0 18.78  3.17 1200    0.8   -9.0 -9.00    0.6 1548    0.6 1638   -9.0   -9   -9.0   -9   -9.0   -9  28.0  25.3  23.5  18.6  15.9
20260727 106  1.6  1388  36  5.6 1554   2 10.5 1553  26.0  30.4 1415  23.6  205  24.1  29.5  22.4  90.1  68.0 1411  30.0   5.4   3.8 -9.00 1006.8 1011.4 1012.8 1119 1010.1 1528  6.6  7.6 14.2 -9.0 20.96  3.37 1200    2.6   -9.0 -9.00    1.6 1514    1.3 1513   -9.0   -9   -9.0   -9   -9.0   -9 -99.0 -99.0 -99.0 -99.0 -99.0
20260727 108  2.7  2340  25  4.7 1632  27  9.6 1627  28.9  31.6 1329  27.2  631  23.9  29.2  25.8  75.3  62.0 1342  29.7   5.2   3.7 -9.00 1002.3 1012.0 1013.2 2327 1011.0  455  7.8  2.8 14.2 -9.0 15.77  2.30 1100    0.0    0.0  0.53    0.0   -9    0.0   -9   -9.0   -9   -9.0   -9   -9.0   -9  27.7  25.2  24.5  20.2  15.5
20260727 112  2.8  2448  25  5.2 1635  25  8.6 1627  28.0  30.3 1219  26.7  552  26.1  30.5  25.5  89.8  80.0 1225  33.7   4.4   3.1 -9.00 1004.2 1012.0 1013.2 2306 1010.6  622  7.1  2.7 14.2 -9.0 17.04  2.61 1100   -9.0   -9.0 -9.00   -9.0   -9   -9.0   -9   -9.0   -9   -9.0   -9   -9.0   -9  26.3  24.5  19.1  22.1  15.4
20260727 114  1.7  1441  27  3.9 1249  25  6.5 1247  28.7  33.1 1323  24.6  334  23.4  31.7  23.5  74.0  55.0 1526  28.8   5.9   4.1 -9.00  994.8 1011.6 1012.7 2305 1010.4 1822  7.4  6.2 14.2 -9.0 20.43  2.79 1300   -9.0   -9.0 -9.00   -9.0   -9   -9.0   -9   -9.0   -9   -9.0   -9   -9.0   -9 -99.0 -99.0 -99.0 -99.0 -99.0
20260727 115  3.0  2553  27 12.2 1804  27 21.8 1756  26.8  30.3 1400  22.8 1829  23.0  30.4  20.7  80.0  71.0 1429  28.2   6.5   4.6 -9.00  986.9 1011.7 1013.2 1744 1010.6  136  5.3 10.1 14.2 -9.0 24.44  3.20 1200    3.8    3.8  2.67    3.0 1742    1.7 1757   -9.0   -9   -9.0   -9   -9.0   -9  25.2  21.3  19.7  14.5  13.7
20260727 119  1.9  1668  23  3.6 1313  18  6.1 1201  28.5  31.5 1502  26.4   22  23.9  31.9  25.0  77.0  63.0 1252  29.7   4.8   3.3 -9.00 1007.4 1011.9 1013.2 2301 1010.9  217  6.9  3.4 14.2 -9.0 15.86  2.16 1100   -9.0   -9.0 -9.00   -9.0   -9   -9.0   -9   -9.0   -9   -9.0   -9   -9.0   -9  27.4  24.6  22.5  17.8  14.9
20260727 121  1.2  1059  25  4.2 1505  25  8.4 1501  27.5  33.4 1341  22.8  528  22.8  35.7  22.0  77.5  49.0 1345  27.8   6.1   4.2 -9.00  985.3 1012.2 1013.3 2313 1010.4 1551  6.1  7.0 14.2 -9.0 22.85  2.94 1400    0.0   -9.0 -9.00    0.0   -9    0.0   -9   -9.0   -9   -9.0   -9   -9.0   -9 -99.0 -99.0 -99.0 -99.0 -99.0
20260727 127  1.1   941  23  3.6 1422  23  7.2 1415  28.7  33.2 1408  24.7  204  23.7  29.8  24.7  75.8  58.0 1531  29.4   5.5   3.9 -9.00  998.4 1011.3 1012.3 2301 1010.1 1759  7.0  4.4 14.2 -9.0 19.17  3.11 1200   -9.0   -9.0 -9.00   -9.0   -9   -9.0   -9   -9.0   -9   -9.0   -9   -9.0   -9 -99.0 -99.0 -99.0 -99.0 -99.0
20260727 129  2.4  2065  20  4.7 1434  20  7.8 1431  28.4  31.4 1417  26.2  509  25.5  29.8  24.1  85.6  65.0 1431  32.7   4.8   3.4 -9.00 1009.6 1012.5 1013.6 2151 1011.2  145  6.0  4.4 14.2 -9.0 17.20  2.53 1300   -9.0    0.0 -9.00   -9.0   -9   -9.0   -9   -9.0   -9   -9.0   -9   -9.0   -9  27.2  24.6  22.8  18.2  15.7
20260727 130  1.5  1326  16  3.2 1205  27  6.9 1726  25.7  28.5 1435  23.3  517  24.5  29.4  22.3  93.6  82.0  742  30.8  -9.0  -9.0 -9.00 1006.0 1011.6 1013.0 1103 1010.4 1549  4.1  5.9 14.2 -9.0 -9.00 -9.00   -9   13.0   -9.0 -9.00   13.0 1640    4.9 1646   -9.0   -9   -9.0   -9   -9.0   -9 -99.0 -99.0 -99.0 -99.0 -99.0
20260727 131  1.7  1502  27  3.4 1608  27  6.3 1702  30.1  33.9 1556  27.3  605  22.9  31.8  27.2  66.6  48.0 1703  28.0   6.8   4.8 -9.00 1005.2 1011.8 1013.0 2337 1010.7  210  6.9  7.1 14.2 -9.0 22.53  2.94 1300   -9.0   -9.0 -9.00   -9.0   -9   -9.0   -9   -9.0   -9   -9.0   -9   -9.0   -9 -99.0 -99.0 -99.0 -99.0 -99.0
20260727 133  1.5  1312  20  3.7  753  18  6.2 1521  29.2  33.2 1531  25.7  513  23.6  31.6  24.8  73.4  53.0 1400  29.2   5.8   4.0 -9.00 1004.9 1012.5 1013.9 2324 1011.4  206  4.8  7.6 14.1 -9.0 20.64  2.62 1000   -9.0   -9.0 -9.00   -9.0   -9   -9.0   -9   -9.0   -9   -9.0   -9   -9.0   -9  29.7  27.2  25.1  20.8  17.4
20260727 135  1.8  1595  29  4.1 1736  32  7.9 1736  28.1  32.2 1448  23.6  604  22.9  32.0  23.7  74.5  57.0 1445  27.8   7.4   5.2 -9.00  984.4 1011.7 1012.9 2217 1010.4 1611  6.3 12.1 14.1 -9.0 26.54  3.13 1100   -9.0   -9.0 -9.00   -9.0   -9   -9.0   -9   -9.0   -9   -9.0   -9   -9.0   -9 -99.0 -99.0 -99.0 -99.0 -99.0
20260727 136  1.5  1253  27  3.8 1642  27  7.1 1637  29.3  34.2 1357  24.3  545  23.0  37.8  23.7  70.4  48.0 1639  28.1   8.0   5.6 -9.00  996.6 1012.4 1013.2 1037 1011.3 1523  4.5 12.0 14.2 -9.0 27.29  3.56 1200   -9.0   -9.0 -9.00   -9.0   -9   -9.0   -9   -9.0   -9   -9.0   -9   -9.0   -9 -99.0 -99.0 -99.0 -99.0 -99.0
20260727 137  1.1   936  23  2.1 2234  36  5.5 1640  29.9  33.6 1454  25.7  541  24.0  37.1  24.2  71.8  57.0 1321  29.9   6.5   4.5 -9.00 1000.2 1011.1 1012.2 2319 1009.9  210  5.3 10.4 14.1 -9.0 23.58  2.87 1100   -9.0   -9.0 -9.00   -9.0   -9   -9.0   -9   -9.0   -9   -9.0   -9   -9.0   -9 -99.0 -99.0 -99.0 -99.0 -99.0
20260727 138  1.8  1566   9  4.4 1425   9  7.1 1435  29.6  33.6 1629  25.3  525  23.5  34.2  23.3  71.3  55.0 1638  29.0   7.5   5.3 -9.00 1010.3 1010.7 1011.7 1037 1009.2 1620  5.8 10.8 14.1 -9.0 23.95  3.41 1100   -9.0   -9.0 -9.00   -9.0   -9   -9.0   -9   -9.0   -9   -9.0   -9   -9.0   -9  26.9  22.9  21.2  17.9  16.3
20260727 140  2.3  1958  29  5.2 1559  29  7.0 1531  28.6  31.9 1425  25.1  548  25.3  32.8  22.7  82.9  67.0 1420  32.2  -9.0  -9.0 -9.00 1010.3 1013.4 1015.0 2320 1012.1  123  4.6  8.1 14.1 -9.0 -9.00 -9.00   -9   -9.0   -9.0 -9.00   -9.0   -9   -9.0   -9   -9.0   -9   -9.0   -9   -9.0   -9 -99.0 -99.0 -99.0 -99.0 -99.0
20260727 143  1.3  1151  29  3.2 1722  27  5.6 1720  31.1  38.1 1430  24.8  444  21.8  37.4  23.2  59.8  34.0 1436  26.1   7.9   5.5 -9.00 1004.7 1010.7 1011.9 2316 1008.5 1629  3.5  9.4 14.1 -9.0 23.97  3.42 1300   -9.0   -9.0 -9.00   -9.0   -9   -9.0   -9   -9.0   -9   -9.0   -9   -9.0   -9 -99.0 -99.0 -99.0 -99.0 -99.0
20260727 146  2.0  1722  27  4.4 1423  27  6.3 1909  29.6  33.5 1243  26.3  535  24.0  33.7  24.0  72.9  53.0 1244  29.9   5.6   3.9 -9.00 1005.7 1012.5 1014.2 2300 1011.2  200  5.3  7.1 14.1 -9.0 19.92  2.85 1200   -9.0   -9.0 -9.00   -9.0   -9   -9.0   -9   -9.0   -9   -9.0   -9   -9.0   -9 -99.0 -99.0 -99.0 -99.0 -99.0
20260727 152  1.6  1356  27  3.7 2328  16  7.1 1629  30.0  35.3 1233  24.9  549  22.9  37.0  23.9  67.3  49.0 1059  27.9   7.8   5.4 -9.00 1001.6 1010.7 1011.4  915 1009.2 1732  4.4 12.0 14.1 -9.0 25.70  3.31 1200   -9.0   -9.0 -9.00   -9.0   -9   -9.0   -9   -9.0   -9   -9.0   -9   -9.0   -9 -99.0 -99.0 -99.0 -99.0 -99.0
20260727 155  1.9  1618  14  4.9 1300  16  7.5 1337  30.4  35.0 1103  26.2  545  25.3  38.3  23.8  75.9  53.0 1603  32.3   8.1   5.7 -9.00 1007.7 1011.7 1012.8 2228 1010.5 1715  2.9 12.4 14.0 -9.0 27.56  3.42 1200   -9.0   -9.0 -9.00   -9.0   -9   -9.0   -9   -9.0   -9   -9.0   -9   -9.0   -9 -99.0 -99.0 -99.0 -99.0 -99.0
20260727 156  1.7  1461  23  4.0 1654  23  7.4 1647  30.3  34.7 1501  26.5  525  25.0  36.4  23.5  74.9  57.0 1658  31.8   6.3   4.4 -9.00 1004.6 1012.5 1014.3 2354 1011.3 1650  2.8  8.6 14.1 -9.0 21.81  3.01 1200   -9.0   -9.0 -9.00   -9.0   -9   -9.0   -9   -9.0   -9   -9.0   -9   -9.0   -9 -99.0 -99.0 -99.0 -99.0 -99.0
20260727 159  2.6  2253  23  6.5 1515  25  9.3 1509  29.9  34.4 1336  27.1  548  24.2  36.2  22.5  72.4  57.0 1322  30.3   8.5   5.9 -9.00 1003.3 1011.2 1012.3 1122 1009.7  134  2.6 12.3 14.0 -9.0 28.42  3.57 1200   -9.0   -9.0 -9.00   -9.0   -9   -9.0   -9   -9.0   -9   -9.0   -9   -9.0   -9  28.8  25.2  23.2  18.4  17.8
20260727 162  1.8  1553  25  4.3 1609  18  7.2 1258  28.1  32.4 1639  25.2  515  24.7  33.4  22.5  82.6  62.0 1600  31.0   7.0   4.9 -9.00 1007.7 1011.3 1012.7 2327 1010.0  149  1.1 12.2 14.0 -9.0 27.36  3.50 1200   -9.0   -9.0 -9.00   -9.0   -9   -9.0   -9   -9.0   -9   -9.0   -9   -9.0   -9 -99.0 -99.0 -99.0 -99.0 -99.0
20260727 165  2.5  2199  27  5.3 1405  27  7.3 1359  28.8  31.9 1528  26.6  425  25.5  34.1  23.3  82.9  66.0 1318  32.5   7.0   4.9 -9.00 1008.0 1013.0 1014.6 2330 1011.5  135  3.8 10.8 14.0 -9.0 26.03  3.45 1300   -9.0   -9.0 -9.00   -9.0   -9   -9.0   -9   -9.0   -9   -9.0   -9   -9.0   -9  28.8  25.0  23.5  19.8  16.9
20260727 168  3.5  3061  23  6.5 1611  23  8.8 1610  29.4  32.5 1234  26.7  544  25.1  35.7  26.4  78.4  58.0 1208  31.8   8.1   5.7 -9.00 1005.0 1012.5 1013.8 2251 1011.1   52  1.1 13.0 14.0 -9.0 27.79  3.48 1300   -9.0   -9.0 -9.00   -9.0   -9   -9.0   -9   -9.0   -9   -9.0   -9   -9.0   -9  30.4  26.3  23.4  19.2  17.3
20260727 169  4.1  3534  16  5.5 1033  18  7.3 2337  28.3  33.5 1325  26.0  500  26.1  33.4  26.1  88.4  71.0 1327  33.8   6.2   4.3 -9.00 1004.2 1012.7 1014.4 2255 1010.9  106  6.1  9.8 14.0 -9.0 23.79  3.38 1200   -9.0   -9.0 -9.00   -9.0   -9   -9.0   -9   -9.0   -9   -9.0   -9   -9.0   -9 -99.0 -99.0 -99.0 -99.0 -99.0
20260727 170  1.6  1381  25  3.5 1427  27  6.4 1423  29.4  34.1 1323  26.0  242  25.0  36.9  25.4  78.6  54.0 1339  31.8   7.4   5.2 -9.00 1009.1 1013.1 1014.6 2156 1011.6  150  4.4 11.3 14.0 -9.0 25.83  3.62 1300   -9.0   -9.0 -9.00   -9.0   -9   -9.0   -9   -9.0   -9   -9.0   -9   -9.0   -9 -99.0 -99.0 -99.0 -99.0 -99.0
20260727 172  2.2  1942  27  5.3 1450  27  7.5 1537  28.8  33.6 1242  24.9  407  24.1  30.8  22.6  77.9  51.0 1314  30.0   6.8   4.7 -9.00 1006.4 1012.4 1014.1 2350 1011.0  159  4.1  8.3 14.1 -9.0 22.98  3.26 1200   -9.0   -9.0 -9.00   -9.0   -9   -9.0   -9   -9.0   -9   -9.0   -9   -9.0   -9 -99.0 -99.0 -99.0 -99.0 -99.0
20260727 174  1.3  1117  27  3.1 1634  29  6.0 1631  27.7  33.5 1420  22.8  547  22.8  34.9  23.2  77.0  52.0 1048  27.8  -9.0  -9.0 -9.00  992.4 1010.9 1012.7 2324 1009.4 1703  2.8 12.0 14.0 -9.0 -9.00 -9.00   -9   -9.0   -9.0 -9.00   -9.0   -9   -9.0   -9   -9.0   -9   -9.0   -9   -9.0   -9 -99.0 -99.0 -99.0 -99.0 -99.0
20260727 177  2.3  1954  20  4.7 1615  20  7.5 1233  29.0  33.5 1444  26.0  501  24.7  33.2  24.7  78.9  54.0 1453  31.1   6.2   4.4 -9.00 1007.9 1011.1 1012.2 2146 1009.8  151  7.0  6.8 14.2 -9.0 21.50  3.16 1400    0.0    0.0  0.33    0.0   -9    0.0   -9   -9.0   -9   -9.0   -9   -9.0   -9 -99.0 -99.0 -99.0 -99.0 -99.0
20260727 181  2.0  1719  20  4.2 1435  23  7.2 1641  28.3  32.6 1557  24.9  600  23.4  30.8  24.0  76.1  54.0 1732  28.8   6.1   4.3 -9.00 1008.7 1012.5 1013.6 2258 1011.3  211  5.8  7.0 14.2 -9.0 21.80  2.77 1200   -9.0   -9.0 -9.00   -9.0   -9   -9.0   -9   -9.0   -9   -9.0   -9   -9.0   -9 -99.0 -99.0 -99.0 -99.0 -99.0
20260727 184  2.5  2196   5  4.2 1458   5  6.2 1534  29.8  33.0 1529  27.0  552  23.7  38.2  24.6  70.3  62.0 1100  29.4   6.9   4.8 -9.00 1010.2 1012.5 1014.4 2231 1010.8  312  6.4  8.9 13.9 -9.0 22.36  3.68 1300    0.0    0.0  0.23    0.0   -9    0.0   -9   -9.0   -9   -9.0   -9   -9.0   -9  31.3  29.2  27.3  23.6  18.5
20260727 185  2.6  2265  25  5.2 1622  25  6.4 1623  28.2  30.8 1247  25.8  520  25.4  34.1  25.3  85.1  71.0 1641  32.4   6.6   4.6 -9.00 1004.8 1012.9 1014.7 2210 1011.3  225  4.9 11.8 13.9 -9.0 25.77  3.15 1400   -9.0   -9.0 -9.00   -9.0   -9   -9.0   -9   -9.0   -9   -9.0   -9   -9.0   -9 -99.0 -99.0 -99.0 -99.0 -99.0
20260727 188  1.5  1323  18  5.1 1616  20  7.8 1624  28.7  32.9 1448  24.4  230  24.7  36.0  23.7  79.9  67.0 1047  31.1  -9.0  -9.0 -9.00 1011.0 1013.3 1015.0 2237 1011.7  318  4.0  9.0 13.9 -9.0 -9.00 -9.00   -9   -9.0   -9.0 -9.00   -9.0   -9   -9.0   -9   -9.0   -9   -9.0   -9   -9.0   -9 -99.0 -99.0 -99.0 -99.0 -99.0
20260727 189  2.0  1761  23  4.4 1427  25  7.0 1608  29.8  33.4 1420  27.1  401  25.2  37.8  24.3  76.8  68.0 1403  32.2   7.3   5.1 -9.00 1007.4 1013.3 1015.0 2245 1011.7  304  5.1 11.8 13.9 -9.0 25.76  3.27 1300   -9.0   -9.0 -9.00   -9.0   -9   -9.0   -9   -9.0   -9   -9.0   -9   -9.0   -9 -99.0 -99.0 -99.0 -99.0 -99.0
20260727 192  1.1   960  16  2.8 1653  29  7.1 1457  30.2  36.8 1419  24.7  530  24.9 -99.0  21.7  75.5  48.0 1245  31.4   8.1   5.7 -9.00 1008.4 1011.7 1013.0 2303 1010.4 1700  1.4 11.9 14.1 -9.0 27.97  3.35 1100   -9.0   -9.0 -9.00   -9.0   -9   -9.0   -9   -9.0   -9   -9.0   -9   -9.0   -9 -99.0 -99.0 -99.0 -99.0 -99.0
20260727 201  2.2  1896  25  4.4 1053  29  8.3 1106  26.9  29.7 1212  25.6  203  25.5  28.3  25.4  93.1  77.0 1144  32.7  -9.0  -9.0 -9.00 1007.3 1012.8 1013.9 2241 1011.4  619  6.8  2.7 14.3 -9.0 -9.00 -9.00   -9    0.9   -9.0 -9.00    0.5  312    0.4   27   -9.0   -9   -9.0   -9   -9.0   -9 -99.0 -99.0 -99.0 -99.0 -99.0
20260727 202  1.2   997  23  3.1 1422  25  7.1 1414  28.1  32.0 1507  24.2  545  23.5  31.3  23.3  77.5  56.0 1318  29.0  -9.0  -9.0 -9.00 1007.0 1012.3 1013.5 2335 1011.2 1809  7.0  3.3 14.2 -9.0 -9.00 -9.00   -9    0.0   -9.0 -9.00    0.0   -9    0.0   -9   -9.0   -9   -9.0   -9   -9.0   -9 -99.0 -99.0 -99.0 -99.0 -99.0
20260727 203  1.1   964  18  3.3 1345  16  6.8 1341  28.2  33.3 1341  24.5  226  24.7  30.1  24.4  82.9  58.0 1342  31.1  -9.0  -9.0 -9.00 1003.5 1012.6 1013.7 2306 1011.5 1726  6.1  4.7 14.2 -9.0 -9.00 -9.00   -9   -9.0   -9.0 -9.00   -9.0   -9   -9.0   -9   -9.0   -9   -9.0   -9   -9.0   -9 -99.0 -99.0 -99.0 -99.0 -99.0
20260727 211  0.9   785  23  5.5 1339  27 15.1 1333  24.3  30.9 1157  21.3  107  22.0  27.1  20.2  88.3  62.0 1205  26.5  -9.0  -9.0 -9.00  989.0 1011.9 1013.2 1337 1010.6 1248  6.9  2.9 14.3 -9.0 -9.00 -9.00   -9   18.6   -9.0 -9.00   17.4 1329    8.1 1331   -9.0   -9   -9.0   -9   -9.0   -9 -99.0 -99.0 -99.0 -99.0 -99.0
20260727 212  0.8   733   7  3.3 1635  23  6.0 1549  26.4  33.1 1229  23.4  303  23.2  27.3  23.7  84.4  57.0 1230  28.5  -9.0  -9.0 -9.00  996.6 1012.4 1013.5 2304 1011.1 1516  7.6  2.9 14.2 -9.0 -9.00 -9.00   -9    4.7   -9.0 -9.00    4.7 1604    4.0 1646   -9.0   -9   -9.0   -9   -9.0   -9 -99.0 -99.0 -99.0 -99.0 -99.0
20260727 216  1.2  1022  20  3.2 1222  27  7.2 1402  26.3  32.2 1429  21.2  304  20.2  29.0  21.3  71.1  43.0 1402  23.7   5.8   4.0 -9.00  933.2 1011.1 1012.2  447 1009.0 1429  6.4  6.5 14.2 -9.0 20.62  3.59 1300   -9.0   -9.0 -9.00   -9.0   -9   -9.0   -9   -9.0   -9   -9.0   -9   -9.0   -9 -99.0 -99.0 -99.0 -99.0 -99.0
20260727 217  1.1   966  18  4.5 1410  18  7.3 1406  27.1  33.9 1342  23.1  437  23.1  32.5  24.7  81.0  53.0 1343  28.3  -9.0  -9.0 -9.00  977.1 1011.9 1013.1 2301 1010.1 1428  6.1  5.7 14.2 -9.0 -9.00 -9.00   -9    0.4   -9.0 -9.00    0.4 1510    0.4 1511   -9.0   -9   -9.0   -9   -9.0   -9 -99.0 -99.0 -99.0 -99.0 -99.0
20260727 221  1.4  1177  25  4.5 1459  23  7.4 1506  26.7  31.0 1222  22.4  256  22.8  30.8  22.7  80.9  60.0 1242  27.8  -9.0  -9.0 -9.00  982.3 1012.0 1012.9 2300 1010.9 1553  7.0  5.9 14.2 -9.0 -9.00 -9.00   -9   -9.0   -9.0 -9.00   -9.0   -9   -9.0   -9   -9.0   -9   -9.0   -9   -9.0   -9 -99.0 -99.0 -99.0 -99.0 -99.0
20260727 226  0.7   640  25  3.1 1625  27  5.4 1621  27.4  32.2 1616  23.9  545  23.6  30.7  22.5  82.1  57.0 1610  29.2  -9.0  -9.0 -9.00  993.3 1012.6 1013.9 2311 1011.5  207  4.6  8.0 14.2 -9.0 -9.00 -9.00   -9   -9.0   -9.0 -9.00   -9.0   -9   -9.0   -9   -9.0   -9   -9.0   -9   -9.0   -9 -99.0 -99.0 -99.0 -99.0 -99.0
20260727 232  0.9   757  23  2.8 1424  23  5.0 1422  28.0  32.1 1428  24.9  605  24.9  31.2  24.2  84.5  63.0 1301  31.4  -9.0  -9.0 -9.00 1003.4 1013.0 1014.1 2257 1011.9 1722  7.0  6.7 14.2 -9.0 -9.00 -9.00   -9   -9.0   -9.0 -9.00   -9.0   -9   -9.0   -9   -9.0   -9   -9.0   -9   -9.0   -9 -99.0 -99.0 -99.0 -99.0 -99.0
20260727 235  2.5  2135  20  4.9 1538  20  6.4 1507  28.7  31.9 1340  26.2  526  25.6  30.6  25.2  84.0  66.0 1422  32.8   6.0   4.2 -9.00 1011.0 1012.1 1013.3 2221 1010.7   37  5.8  7.8 14.1 -9.0 22.21  3.29 1300   -9.0   -9.0 -9.00   -9.0   -9   -9.0   -9   -9.0   -9   -9.0   -9   -9.0   -9 -99.0 -99.0 -99.0 -99.0 -99.0
20260727 236  0.9   815  20  3.3 1442  18  6.3 1457  28.2  32.8 1427  24.6  353  24.5  32.3  23.9  81.6  58.0 1440  30.7  -9.0  -9.0 -9.00 1011.4 1012.9 1014.2 2228 1011.7    5  5.6  5.7 14.1 -9.0 -9.00 -9.00   -9   -9.0   -9.0 -9.00   -9.0   -9   -9.0   -9   -9.0   -9   -9.0   -9   -9.0   -9 -99.0 -99.0 -99.0 -99.0 -99.0
20260727 238  1.0   898  25  2.5 1432  25  5.5 1029  28.2  33.4 1323  23.9  556  23.8  31.0  22.5  78.6  57.0 1324  29.4  -9.0  -9.0 -9.00  992.9 1012.0 1013.5 2259 1010.9 1659  6.1  8.1 14.1 -9.0 -9.00 -9.00   -9   -9.0   -9.0 -9.00   -9.0   -9   -9.0   -9   -9.0   -9   -9.0   -9   -9.0   -9 -99.0 -99.0 -99.0 -99.0 -99.0
20260727 239  1.0   831  20  2.4 1402  20  5.8 1627  28.1  32.1 1620  24.7  515  24.1  32.6  24.3  80.5  57.0 1640  30.0   5.3   3.7 -9.00 1001.8 1011.9 1013.3 2309 1010.7 1656  4.9  7.0 14.2 -9.0 20.65  2.95 1300   -9.0   -9.0 -9.00   -9.0   -9   -9.0   -9   -9.0   -9   -9.0   -9   -9.0   -9 -99.0 -99.0 -99.0 -99.0 -99.0
20260727 243  1.3  1142  29  4.4 1347  27  7.2 1348  28.6  32.5 1444  25.2  546  23.6  34.0  22.2  75.8  57.0 1139  29.1  -9.0  -9.0 -9.00 1011.6 1013.0 1014.6 2353 1011.4  211  4.9  8.1 14.1 -9.0 -9.00 -9.00   -9   -9.0   -9.0 -9.00   -9.0   -9   -9.0   -9   -9.0   -9   -9.0   -9   -9.0   -9 -99.0 -99.0 -99.0 -99.0 -99.0
20260727 244  0.9   820  27  2.6 1412  34  4.9 1319  27.5  32.9 1403  23.1  542  23.6  29.8  22.3  81.1  55.0 1343  29.1  -9.0  -9.0 -9.00  984.8 1012.4 1014.4 2320 1011.2 1609  5.4  8.7 14.1 -9.0 -9.00 -9.00   -9   -9.0   -9.0 -9.00   -9.0   -9   -9.0   -9   -9.0   -9   -9.0   -9   -9.0   -9 -99.0 -99.0 -99.0 -99.0 -99.0
20260727 245  1.7  1505  32  5.1 1641  34  7.2 1631  29.0  33.6 1400  24.8  539  24.1  34.5  22.9  76.5  55.0 1138  30.0   6.3   4.4 -9.00 1005.0 1012.7 1014.3 2309 1011.3  213  4.4 10.1 14.1 -9.0 22.00  2.65 1000   -9.0   -9.0 -9.00   -9.0   -9   -9.0   -9   -9.0   -9   -9.0   -9   -9.0   -9 -99.0 -99.0 -99.0 -99.0 -99.0
20260727 247  1.3  1148  27  3.9 1510  27  6.7 1509  29.6  34.9 1513  25.2  540  24.3  35.2  24.4  74.6  53.0 1514  30.3  -9.0  -9.0 -9.00  997.2 1012.1 1013.9 2254 1010.8 1729  4.3 12.6 14.1 -9.0 -9.00 -9.00   -9   -9.0   -9.0 -9.00   -9.0   -9   -9.0   -9   -9.0   -9   -9.0   -9   -9.0   -9 -99.0 -99.0 -99.0 -99.0 -99.0
20260727 248  1.0   829  27  3.3 1622  23  5.5 1254  26.5  32.0 1334  22.7  302  22.7  29.9  21.6  82.0  48.0 1210  27.6  -9.0  -9.0 -9.00  967.5 1012.8 1014.7 2307 1011.3 1549  3.9  8.4 14.1 -9.0 -9.00 -9.00   -9   -9.0   -9.0 -9.00   -9.0   -9   -9.0   -9   -9.0   -9   -9.0   -9   -9.0   -9 -99.0 -99.0 -99.0 -99.0 -99.0
20260727 251  1.5  1285  29  4.2 1607  32  6.5 1606  28.4  33.7 1358  24.2  440  24.9  31.0  23.4  82.6  60.0 1220  31.5   6.1   4.2 -9.00 1006.8 1012.5 1014.3 2316 1011.2  213  3.0  9.8 14.1 -9.0 21.98  2.97 1100   -9.0   -9.0 -9.00   -9.0   -9   -9.0   -9   -9.0   -9   -9.0   -9   -9.0   -9 -99.0 -99.0 -99.0 -99.0 -99.0
20260727 252  1.4  1207  25  3.2 1439  20  6.1 1218  28.8  33.7 1159  25.2  511  24.8  32.9  23.0  80.1  58.0 1204  31.2   6.2   4.3 -9.00 1008.4 1012.6 1014.2 2340 1011.0  156  4.0  9.3 14.1 -9.0 23.52  3.23 1100   -9.0   -9.0 -9.00   -9.0   -9   -9.0   -9   -9.0   -9   -9.0   -9   -9.0   -9 -99.0 -99.0 -99.0 -99.0 -99.0
20260727 253  1.7  1499  16  5.0 1520  16  8.3 1538  30.7  36.4 1113  26.0  504  24.7  37.6  23.7  71.8  55.0 1106  31.2   7.9   5.5 -9.00 1006.1 1012.2 1013.3 2311 1011.0 1719  2.3 12.1 14.1 -9.0 26.52  3.38 1200   -9.0   -9.0 -9.00   -9.0   -9   -9.0   -9   -9.0   -9   -9.0   -9   -9.0   -9 -99.0 -99.0 -99.0 -99.0 -99.0
20260727 254  1.5  1313  27  3.7 1321  27  6.1 1335  28.8  34.4 1604  24.4  553  23.5  34.4  23.0  75.0  49.0 1706  28.9   7.0   4.9 -9.00  998.3 1012.8 1014.6 2310 1011.4 1648  3.5 10.9 14.1 -9.0 25.46  3.18 1200   -9.0   -9.0 -9.00   -9.0   -9   -9.0   -9   -9.0   -9   -9.0   -9   -9.0   -9 -99.0 -99.0 -99.0 -99.0 -99.0
20260727 255  1.1   989  23  2.8 1405  20  5.8 1504  31.4  37.3 1321  26.4  542  24.0  36.6  22.4  66.5  42.0 1249  29.8   7.4   5.2 -9.00 1005.4 1011.1 1012.4 2318 1009.6 1707  0.8 12.8 14.0 -9.0 25.09  3.21 1200   -9.0   -9.0 -9.00   -9.0   -9   -9.0   -9   -9.0   -9   -9.0   -9   -9.0   -9 -99.0 -99.0 -99.0 -99.0 -99.0
20260727 257  2.1  1790  23  4.8 1516  20  8.3 1548  31.9  38.0 1158  26.7  532  25.1  38.4  24.3  69.9  42.0 1116  31.9   8.3   5.8 -9.00 1010.6 1011.3 1012.4 2309 1010.0 1641  3.9 10.8 14.1 -9.0 25.62  3.39 1200   -9.0   -9.0 -9.00   -9.0   -9   -9.0   -9   -9.0   -9   -9.0   -9   -9.0   -9 -99.0 -99.0 -99.0 -99.0 -99.0
20260727 258  2.0  1749  20  4.5 1231  20  5.3 1241  29.3  34.7 1354  24.3  549  25.2  31.4  24.2  79.6  57.0 1326  32.0   7.4   5.2 -9.00 1012.6 1012.8 1014.3 2249 1011.4 1725  4.4 12.9 14.0 -9.0 27.01  3.45 1300   -9.0   -9.0 -9.00   -9.0   -9   -9.0   -9   -9.0   -9   -9.0   -9   -9.0   -9 -99.0 -99.0 -99.0 -99.0 -99.0
20260727 259  1.2  1006  29  3.0 1736  20  5.5 1305  29.2  35.8 1516  24.9  452  25.3  31.8  24.0  81.0  53.0 1539  32.2   6.1   4.3 -9.00 1010.7 1012.5 1014.2 2314 1011.2  204  5.1  8.8 14.0 -9.0 22.55  3.59 1300   -9.0   -9.0 -9.00   -9.0   -9   -9.0   -9   -9.0   -9   -9.0   -9   -9.0   -9 -99.0 -99.0 -99.0 -99.0 -99.0
20260727 260  1.2   998  29  3.3 1719  29  5.6 1747  28.8  34.7 1538  23.7  548  24.7  34.6  23.0  79.9  53.0 1410  31.2  -9.0  -9.0 -9.00 1007.5 1012.5 1014.3 2318 1011.2 1707  5.6 10.6 14.0 -9.0 -9.00 -9.00   -9   -9.0   -9.0 -9.00   -9.0   -9   -9.0   -9   -9.0   -9   -9.0   -9   -9.0   -9 -99.0 -99.0 -99.0 -99.0 -99.0
20260727 261  1.7  1480  23  5.0 1423  25  7.0 1351  28.4  33.6 1351  24.9  514  25.5  36.5  23.8  85.1  60.0 1303  32.7  -9.0  -9.0 -9.00 1011.3 1013.1 1014.8 2209 1011.8  202  4.0  9.6 14.0 -9.0 -9.00 -9.00   -9   -9.0   -9.0 -9.00   -9.0   -9   -9.0   -9   -9.0   -9   -9.0   -9   -9.0   -9 -99.0 -99.0 -99.0 -99.0 -99.0
20260727 262  1.7  1428  29  4.1 1039  32  7.3 1403  29.3  34.8 1450  24.2  523  24.6  35.9  25.2  77.8  57.0 1320  31.0   7.0   4.9 -9.00 1006.7 1012.6 1014.0 2233 1011.4  144  3.9 12.1 14.0 -9.0 25.35  3.12 1200   -9.0   -9.0 -9.00   -9.0   -9   -9.0   -9   -9.0   -9   -9.0   -9   -9.0   -9 -99.0 -99.0 -99.0 -99.0 -99.0
20260727 263  1.5  1291  23  4.8 1723  20  7.7 1558  31.3  38.0 1347  25.0  551  24.9  38.7  22.1  72.1  37.0 1354  31.5   8.3   5.8 -9.00 1009.8 1011.4 1012.8 2304 1009.6 1649  2.1 11.2 14.1 -9.0 26.60  3.40 1100   -9.0   -9.0 -9.00   -9.0   -9   -9.0   -9   -9.0   -9   -9.0   -9   -9.0   -9 -99.0 -99.0 -99.0 -99.0 -99.0
20260727 264  1.5  1326  34  4.1 1451  36  8.7 1606  29.6  35.4 1620  24.2  600  24.2  34.3  23.2  75.5  48.0 1214  30.3   8.2   5.8 -9.00  995.0 1012.0 1013.7 2316 1010.4 1620  2.9 11.7 14.1 -9.0 26.89  3.34 1100   -9.0   -9.0 -9.00   -9.0   -9   -9.0   -9   -9.0   -9   -9.0   -9   -9.0   -9 -99.0 -99.0 -99.0 -99.0 -99.0
20260727 266  1.4  1242  23  3.9 1317  23  6.5 1420  30.6  36.3 1404  25.8  539  24.8  40.9  24.3  73.8  45.0 1253  31.4   7.8   5.5 -9.00 1002.5 1012.4 1013.9 2308 1011.0 1649  1.4 12.2 14.0 -9.0 27.62  3.41 1300   -9.0   -9.0 -9.00   -9.0   -9   -9.0   -9   -9.0   -9   -9.0   -9   -9.0   -9 -99.0 -99.0 -99.0 -99.0 -99.0
20260727 268  1.9  1605  23  4.2 1318  23  6.4 1337  28.4  32.6 1255  24.9  336  25.1  36.0  23.7  84.3  62.0 1310  32.0  -9.0  -9.0 -9.00 1010.6 1011.7 1013.4 2152 1010.2  145  4.5 10.4 14.0 -9.0 -9.00 -9.00   -9   -9.0   -9.0 -9.00   -9.0   -9   -9.0   -9   -9.0   -9   -9.0   -9   -9.0   -9 -99.0 -99.0 -99.0 -99.0 -99.0
20260727 271  1.3  1097  23  3.4 1549  25  6.2 1446  26.8  32.4 1416  21.6  542  22.3  32.9  21.1  78.5  52.0 1339  27.0  -9.0  -9.0 -9.00  975.8 1012.0 1013.1  744 1010.0 1545  5.5  7.7 14.2 -9.0 -9.00 -9.00   -9   -9.0   -9.0 -9.00   -9.0   -9   -9.0   -9   -9.0   -9   -9.0   -9   -9.0   -9 -99.0 -99.0 -99.0 -99.0 -99.0
20260727 272  1.5  1294  29  4.6 1629  29  7.8 1629  27.9  32.4 1455  23.2  423  23.7  34.2  22.5  79.6  61.0 1509  29.3  -9.0  -9.0 -9.00  987.9 1011.6 1012.5 2152 1010.3 1536  4.3  8.9 14.2 -9.0 -9.00 -9.00   -9   -9.0   -9.0 -9.00   -9.0   -9   -9.0   -9   -9.0   -9   -9.0   -9   -9.0   -9 -99.0 -99.0 -99.0 -99.0 -99.0
20260727 273  1.0   873  27  3.3 1620  27  6.7 1617  28.3  33.5 1408  24.5 2352  23.5  33.9  22.4  77.3  53.0 1633  29.0  -9.0  -9.0 -9.00  992.0 1011.4 1012.5 2341 1010.3    1  4.4  9.2 14.2 -9.0 -9.00 -9.00   -9   -9.0   -9.0 -9.00   -9.0   -9   -9.0   -9   -9.0   -9   -9.0   -9   -9.0   -9 -99.0 -99.0 -99.0 -99.0 -99.0
20260727 276  1.4  1249  29  4.2 1512  29  8.6 1509  28.9  35.4 1454  23.7  524  23.9  35.4  21.8  76.9  49.0 1526  29.6   7.4   5.2 -9.00  987.8 1011.1 1012.2 2203 1009.2 1553  5.3 10.6 14.1 -9.0 26.30  3.20 1000   -9.0   -9.0 -9.00   -9.0   -9   -9.0   -9   -9.0   -9   -9.0   -9   -9.0   -9 -99.0 -99.0 -99.0 -99.0 -99.0
20260727 277  1.3  1153  16  3.8 1600  16  6.6 1559  28.3  33.6 1237  23.1  334  23.1  36.2  22.6  74.5  55.0  935  28.3  -9.0  -9.0 -9.00 1006.8 1011.4 1012.4 1116 1010.3 1601  4.1 11.2 14.2 -9.0 -9.00 -9.00   -9   -9.0   -9.0 -9.00   -9.0   -9   -9.0   -9   -9.0   -9   -9.0   -9   -9.0   -9 -99.0 -99.0 -99.0 -99.0 -99.0
20260727 278  1.1   920  34  3.1 1630  27  5.9 1321  29.4  35.4 1528  24.2  545  23.7  38.7  23.4  74.5  47.0 1306  29.4  -9.0  -9.0 -9.00 1001.7 1010.9 1012.0 2326 1009.3 1601  3.3 11.8 14.1 -9.0 -9.00 -9.00   -9   -9.0   -9.0 -9.00   -9.0   -9   -9.0   -9   -9.0   -9   -9.0   -9   -9.0   -9 -99.0 -99.0 -99.0 -99.0 -99.0
20260727 279  1.2  1044  27  2.4  357  25  4.9 1645  30.8  35.9 1308  26.2  555  23.7  37.2  24.9  67.5  47.0 1230  29.2   7.1   5.0 -9.00 1005.9 1011.4 1012.7 2305 1010.0 1623  3.6 11.0 14.1 -9.0 25.00  3.23 1100   -9.0   -9.0 -9.00   -9.0   -9   -9.0   -9   -9.0   -9   -9.0   -9   -9.0   -9 -99.0 -99.0 -99.0 -99.0 -99.0
20260727 281  1.3  1130  32  3.3 1731  32  6.4 1756  29.7  36.7 1626  23.2  633  23.1  32.1  22.7  70.6  41.0 1518  28.2  -9.0  -9.0 -9.00 1001.1 1011.8 1012.8  724 1009.8 1632  4.1 10.9 14.1 -9.0 -9.00 -9.00   -9   -9.0   -9.0 -9.00   -9.0   -9   -9.0   -9   -9.0   -9   -9.0   -9   -9.0   -9 -99.0 -99.0 -99.0 -99.0 -99.0
20260727 283  1.8  1520  18  5.1 1558  14  8.1 1520  30.7  39.1 1459  24.1  507  23.7  35.7  22.5  70.3  35.0 1419  29.4   8.2   5.8 -9.00 1006.9 1011.4 1012.5  741 1009.2 1716  5.1 10.9 14.1 -9.0 26.21  3.51 1100   -9.0   -9.0 -9.00   -9.0   -9   -9.0   -9   -9.0   -9   -9.0   -9   -9.0   -9 -99.0 -99.0 -99.0 -99.0 -99.0
20260727 284  1.6  1353  29  3.8 1502  32  7.0 1453  29.5  36.7 1602  22.7  544  22.9  36.7  19.7  71.0  42.0 1441  28.1   8.0   5.6 -9.00  985.2 1010.6 1012.5 2315 1008.6 1614  3.8 12.1 14.1 -9.0 26.54  3.28 1100   -9.0   -9.0 -9.00   -9.0   -9   -9.0   -9   -9.0   -9   -9.0   -9   -9.0   -9 -99.0 -99.0 -99.0 -99.0 -99.0
20260727 285  0.9   796  18  2.4 1434  20  6.3 1415  30.9  37.7 1510  24.3  523  23.8  38.4  23.4  69.3  43.0 1420  29.4  -9.0  -9.0 -9.00 1008.6 1011.6 1013.0 2302 1009.8 1643  2.5 -9.0 14.1 -9.0 -9.00 -9.00   -9   -9.0   -9.0 -9.00   -9.0   -9   -9.0   -9   -9.0   -9   -9.0   -9   -9.0   -9 -99.0 -99.0 -99.0 -99.0 -99.0
20260727 288  1.5  1302  18  4.0 1538  11  7.4 1345  30.7  38.5 1449  23.6  336  23.7  34.5  23.9  69.8  38.0 1302  29.3   7.7   5.4 -9.00 1009.0 1009.9 1011.1 2311 1007.8 1727  2.6 11.0 14.1 -9.0 25.19  3.37 1100   -9.0   -9.0 -9.00   -9.0   -9   -9.0   -9   -9.0   -9   -9.0   -9   -9.0   -9 -99.0 -99.0 -99.0 -99.0 -99.0
20260727 289  1.1   957  29  4.4 1747  29  8.7 1725  29.9  36.5 1521  24.1  527  24.3  35.3  21.2  74.1  50.0 1247  30.3  -9.0  -9.0 -9.00  997.2 1012.6 1014.3 2309 1010.9 1638  3.3 11.0 14.1 -9.0 -9.00 -9.00   -9   -9.0   -9.0 -9.00   -9.0   -9   -9.0   -9   -9.0   -9   -9.0   -9   -9.0   -9 -99.0 -99.0 -99.0 -99.0 -99.0
20260727 294  1.6  1367  18  4.5 1702  18  8.1 1954  29.2  34.6 1305  25.1  533  24.1  37.0  21.8  75.4  46.0 1246  30.0  -9.0  -9.0 -9.00 1007.5 1012.5 1013.7 2223 1011.2  146  1.4 12.4 14.0 -9.0 -9.00 -9.00   -9   -9.0   -9.0 -9.00   -9.0   -9   -9.0   -9   -9.0   -9   -9.0   -9   -9.0   -9 -99.0 -99.0 -99.0 -99.0 -99.0
20260727 295  1.3  1164   9  3.3 1246  14  5.4 1240  29.8  35.0 1243  24.6  520  24.7  35.7  21.2  75.6  50.0 1438  31.1  -9.0  -9.0 -9.00 1007.0 1012.1 1013.5 2306 1010.9   21  2.5 12.1 14.0 -9.0 -9.00 -9.00   -9   -9.0   -9.0 -9.00   -9.0   -9   -9.0   -9   -9.0   -9   -9.0   -9   -9.0   -9 -99.0 -99.0 -99.0 -99.0 -99.0
20260727 296  1.7  1473  20  5.1 1529  20  8.1 1559  30.4  35.5 1243  25.4  542  25.4  35.4  22.8  75.8  53.0 1350  32.4   8.0   5.6 -9.00 1010.4 1010.7 1011.8 2318 1009.4 1714  2.0 11.8 14.0 -9.0 27.16  3.44 1200   -9.0   -9.0 -9.00   -9.0   -9   -9.0   -9   -9.0   -9   -9.0   -9   -9.0   -9 -99.0 -99.0 -99.0 -99.0 -99.0
20260728  90  1.7  1502  23  4.4    1  29 10.4  331  27.9  32.2  825  25.7 2319  23.9  31.3  25.1  79.0  57.0  752  29.6   6.0   4.2 -9.00 1008.9 1010.9 1012.6 1046 1009.4  143  6.0  9.0 14.3 -9.0 23.20  3.11 1200    0.6   -9.0 -9.00    0.6  508    0.6  516   -9.0   -9   -9.0   -9   -9.0   -9 -99.0 -99.0 -99.0 -99.0 -99.0
20260728  93  0.9   790  20  3.4 1251  32  6.2 1534  28.4  34.1 1526  24.6   41  24.8  31.0  25.0  82.9  52.0 1633  31.3   5.3   3.7 -9.00 1001.7 1012.5 1013.6  740 1011.4 1733  6.3  8.0 14.2 -9.0 19.98  3.12 1300    0.0   -9.0  0.25    0.0   -9    0.0   -9   -9.0   -9   -9.0   -9   -9.0   -9  28.0  26.3  24.0  21.2  18.2
20260728  95  1.7  1469  25  3.1 1404  25  6.5 1726  27.8  32.2 1409  25.7  433  25.2  29.5  25.5  86.4  61.0 1400  32.0   4.9   3.5 -9.00  995.7 1013.2 1014.0  952 1012.1 1723  6.8  6.6 14.2 -9.0 18.82  2.83 1300    0.3   -9.0 -9.00    0.2   -9    0.2   -9   -9.0   -9   -9.0   -9   -9.0   -9 -99.0 -99.0 -99.0 -99.0 -99.0
20260728  98  1.3  1154  29  2.9 1541  29  6.6 1541  28.4  32.7 1339  25.8  554  23.5  32.6  24.7  76.0  56.0 1435  28.9   5.8   4.1 -9.00  999.8 1012.9 1013.8  757 1012.0 1728  4.8  6.6 14.2 -9.0 21.00  3.18 1300   -9.0   -9.0 -9.00   -9.0   -9   -9.0   -9   -9.0   -9   -9.0   -9   -9.0   -9 -99.0 -99.0 -99.0 -99.0 -99.0
20260728  99  1.2  1067  27  2.6 1219  27  5.5 1228  27.7  32.5 1403  25.2  503  25.0  31.2  25.7  86.3  68.0 1252  31.8   5.5   3.9 -9.00 1010.3 1013.7 1014.6  807 1013.1 1740  4.1  7.1 14.2 -9.0 22.09  3.29 1200   -9.0   -9.0 -9.00   -9.0   -9   -9.0   -9   -9.0   -9   -9.0   -9   -9.0   -9 -99.0 -99.0 -99.0 -99.0 -99.0
20260728 100  3.4  2959  27  6.2  925  27 10.8  920  24.6  28.8 1342  21.7  535  21.6  25.6  21.1  84.0  66.0 1356  25.7   5.5   3.9 -9.00  927.1 1011.6 1012.5 1030 1010.3 1558  6.9  7.1 14.2 -9.0 19.82  3.27 1200    2.4   -9.0 -9.00    2.4  522    2.1  525   -9.0   -9   -9.0   -9   -9.0   -9 -99.0 -99.0 -99.0 -99.0 -99.0
20260728 101  1.3  1129  20  3.7 1434  20  6.5 1355  28.3  33.6 1503  24.3  539  23.8  31.9  24.3  78.4  51.0 1505  29.5   5.4   3.8 -9.00 1002.9 1011.5 1012.6  658 1010.3 1718  6.5  5.2 14.2 -9.0 18.64  2.74 1400    0.0   -9.0 -9.00    0.0   -9    0.0   -9   -9.0   -9   -9.0   -9   -9.0   -9  27.9  25.0  23.1  18.5  15.5
20260728 102  1.9  1652  23  4.4 1234  23  7.1 1227  26.4  29.4 1256  23.9  549  23.9  30.3  24.0  86.6  72.0 1329  29.7   5.5   3.8  1.33 1008.6 1012.7 1014.0 1033 1011.6  311  5.8  6.3 14.2 -9.0 21.62  2.74 1500   -9.0   -9.0 -9.00   -9.0   -9   -9.0   -9   -9.0   -9   -9.0   -9   -9.0   -9 -99.0 -99.0 -99.0 -99.0 -99.0
20260728 104  1.2  1011   2  3.6 1049  20  5.9 1050  27.7  31.9 1003  24.2   45  24.7  29.4  23.4  84.1  67.0 1018  31.1   5.2   3.6 -9.00 1001.5 1010.0 1011.4 1109 1008.7  321  7.0  6.2 14.2 -9.0 19.87  2.96 1300   -9.0   -9.0 -9.00   -9.0   -9   -9.0   -9   -9.0   -9   -9.0   -9   -9.0   -9  26.5  24.0  21.8  17.1  14.5
20260728 105  1.9  1603  23  4.2  119  25  7.4  117  29.2  32.7 1049  26.5 2242  22.8  29.6  25.3  69.0  56.0 1016  27.8   6.0   4.2 -9.00 1007.9 1011.0 1012.4 1117 1009.9  316  7.0  5.1 14.2 -9.0 18.06  2.71 1200    0.0   -9.0 -9.00    0.0   -9    0.0   -9   -9.0   -9   -9.0   -9   -9.0   -9  28.0  25.2  23.6  18.6  16.0
20260728 106  1.8  1591  36  4.6 1136  29  9.9  714  28.0  32.2 1002  24.4   43  23.9  29.5  23.6  79.4  58.0  918  29.6   5.2   3.6 -9.00 1006.7 1011.3 1012.8 1224 1010.0  334  7.0  4.9 14.2 -9.0 17.89  3.07 1300    1.2   -9.0 -9.00    1.2 1552    1.2 1558   -9.0   -9   -9.0   -9   -9.0   -9 -99.0 -99.0 -99.0 -99.0 -99.0
20260728 108  2.6  2258  27  4.1 1458  27  7.1 1413  29.0  32.7 1449  26.7  552  24.4  30.6  25.8  77.1  61.0 1331  30.5   6.5   4.5 -9.00 1003.6 1013.2 1014.1 1001 1012.4 1843  5.5  6.5 14.2 -9.0 22.15  3.09 1100   -9.0   -9.0 -9.00   -9.0   -9   -9.0   -9   -9.0   -9   -9.0   -9   -9.0   -9  27.8  25.3  24.5  20.1  15.5
20260728 112  2.7  2370  25  5.0 1516  23  7.5 1509  27.7  30.4 1311  26.3  522  25.8  30.7  25.4  90.3  77.0 1341  33.2   5.5   3.9 -9.00 1005.7 1013.5 1014.5 1045 1012.8  126  3.6  7.9 14.2 -9.0 23.08  3.45 1200   -9.0   -9.0 -9.00   -9.0   -9   -9.0   -9   -9.0   -9   -9.0   -9   -9.0   -9  26.3  24.6  19.1  22.2  15.4
20260728 114  1.9  1655  23  4.0 1726  25  6.6 1720  29.1  33.3 1431  26.7  545  24.1  32.2  25.3  75.1  55.0 1436  30.0   5.6   3.9 -9.00  995.8 1012.6 1013.6  932 1011.4 1734  6.8  4.4 14.2 -9.0 19.45  2.91 1200   -9.0   -9.0 -9.00   -9.0   -9   -9.0   -9   -9.0   -9   -9.0   -9   -9.0   -9 -99.0 -99.0 -99.0 -99.0 -99.0
20260728 115  3.8  3282   5  8.4 1120   7 16.2 1113  27.5  30.9 1459  24.3 2306  23.5  28.4  22.0  79.5  64.0 1532  28.9   5.3   3.7 -9.00  986.1 1010.9 1012.0 2143 1009.5  351  7.4  4.5 14.2 -9.0 14.62  3.10 1400    0.0    0.0  0.33   -9.0   -9   -9.0   -9   -9.0   -9   -9.0   -9   -9.0   -9  25.2  21.5  19.8  14.5  13.7
20260728 119  2.5  2170  27  4.4 1538  27  7.5 1513  28.2  31.8 1423  25.9  615  24.2  32.7  25.4  79.6  62.0 1430  30.2   6.1   4.3 -9.00 1008.8 1013.3 1014.0 1022 1012.5 1741  5.1  7.5 14.2 -9.0 22.41  2.93 1200   -9.0   -9.0 -9.00   -9.0   -9   -9.0   -9   -9.0   -9   -9.0   -9   -9.0   -9  27.4  24.7  22.6  17.8  15.0
20260728 121  1.5  1256  25  4.2 1524  25  8.5 1533  28.3  33.3 1518  23.8  544  23.6  34.7  22.5  77.5  53.0 1459  29.2   5.6   3.9 -9.00  985.8 1012.7 1013.9  615 1011.2 1624  7.4  5.3 14.2 -9.0 19.50  2.88 1400   -9.0   -9.0 -9.00   -9.0   -9   -9.0   -9   -9.0   -9   -9.0   -9   -9.0   -9 -99.0 -99.0 -99.0 -99.0 -99.0
20260728 127  1.9  1632  23  4.6 1554  23  7.3 1554  29.0  33.4 1357  26.1  603  23.9  29.7  26.1  74.8  58.0 1242  29.7   5.5   3.9 -9.00  999.4 1012.4 1013.4 1025 1011.2 1828  7.0  3.3 14.2 -9.0 18.13  2.63 1200   -9.0   -9.0 -9.00   -9.0   -9   -9.0   -9   -9.0   -9   -9.0   -9   -9.0   -9 -99.0 -99.0 -99.0 -99.0 -99.0
20260728 129  2.3  1977  23  4.0 1233  20  6.6 1240  28.2  31.2 1212  26.2  533  25.7  30.1  24.5  87.5  70.0 1057  33.0   5.1   3.6 -9.00 1011.2 1014.1 1014.9 1128 1013.2  136  5.6  5.3 14.2 -9.0 19.39  2.89 1300    0.0   -9.0 -9.00    0.0   -9    0.0   -9   -9.0   -9   -9.0   -9   -9.0   -9  27.2  24.8  22.8  18.2  15.7
20260728 130  1.2  1049   7  3.2 1220   5  6.0 1212  28.1  32.1 1143  25.4 2320  24.5  29.4  23.7  81.9  65.0 1140  30.8  -9.0  -9.0 -9.00 1005.9 1011.5 1012.7 1208 1010.1  338  7.3  3.4 14.2 -9.0 -9.00 -9.00   -9    0.7   -9.0 -9.00    0.7 1744    0.7 1752   -9.0   -9   -9.0   -9   -9.0   -9 -99.0 -99.0 -99.0 -99.0 -99.0
20260728 131  1.9  1608  27  3.2 1439  27  6.8 1524  29.4  33.7 1357  27.2  239  23.7  31.1  27.2  72.3  58.0 1358  29.4   5.6   3.9 -9.00 1006.5 1013.1 1013.9  844 1012.1 1615  8.0  3.6 14.1 -9.0 18.37  2.70 1300   -9.0   -9.0 -9.00   -9.0   -9   -9.0   -9   -9.0   -9   -9.0   -9   -9.0   -9 -99.0 -99.0 -99.0 -99.0 -99.0
20260728 133  1.9  1670  20  3.7  206  34  7.9 1738  28.9  32.7 1419  26.6 2350  24.6  31.4  25.7  78.1  64.0 1243  30.9   4.6   3.2 -9.00 1006.1 1013.8 1014.8 1004 1013.0 1655  7.0  2.6 14.1 -9.0 14.89  2.16 1400   -9.0   -9.0 -9.00   -9.0   -9   -9.0   -9   -9.0   -9   -9.0   -9   -9.0   -9  29.8  27.5  25.2  20.8  17.4
20260728 135  3.9  3408  27  5.7 1907  27 10.7 1644  27.7  31.7 1426  25.6  505  22.9  30.2  25.6  75.8  64.0 1431  28.0   5.6   3.9 -9.00  985.5 1012.9 1014.0  948 1011.6 1702  7.3  3.9 14.1 -9.0 17.54  2.39 1300   -9.0   -9.0 -9.00   -9.0   -9   -9.0   -9   -9.0   -9   -9.0   -9   -9.0   -9 -99.0 -99.0 -99.0 -99.0 -99.0
20260728 136  2.1  1830  27  4.3 1356  27  9.5 1534  29.4  34.4 1514  25.0  452  23.3  37.8  24.0  70.9  53.0 1518  28.6   6.7   4.7 -9.00  997.2 1013.0 1014.1  646 1011.9 1835  7.3  7.7 14.1 -9.0 22.17  2.75 1300   -9.0   -9.0 -9.00   -9.0   -9   -9.0   -9   -9.0   -9   -9.0   -9   -9.0   -9 -99.0 -99.0 -99.0 -99.0 -99.0
20260728 137  1.8  1543  27  3.4 1603  25  6.6 1559  29.5  33.8 1441  26.8  554  24.4  36.0  24.7  75.0  61.0 1347  30.7   6.2   4.3 -9.00 1001.2 1012.0 1012.9  846 1010.7 1614  6.9  6.2 14.1 -9.0 21.42  3.24 1300   -9.0   -9.0 -9.00   -9.0   -9   -9.0   -9   -9.0   -9   -9.0   -9   -9.0   -9 -99.0 -99.0 -99.0 -99.0 -99.0
20260728 138  2.3  1999  27  4.3 1020  27  8.3  953  30.3  33.9 1605  27.5 2158  21.8  32.5  24.8  61.0  49.0 1610  26.1   5.0   3.5 -9.00 1010.9 1011.3 1012.3 1146 1010.3 1808  7.6  3.4 14.1 -9.0 11.96  2.21  900   -9.0   -9.0 -9.00   -9.0   -9   -9.0   -9   -9.0   -9   -9.0   -9   -9.0   -9  27.0  23.0  21.3  18.0  16.4
20260728 140  2.4  2039  32  4.7 1414  29  7.0 1519  28.0  30.5 1211  25.7  548  25.4  31.9  23.3  86.3  72.0 1110  32.4  -9.0  -9.0 -9.00 1011.9 1015.1 1016.0 1317 1014.5  106  5.4  4.0 14.1 -9.0 -9.00 -9.00   -9   -9.0   -9.0 -9.00   -9.0   -9   -9.0   -9   -9.0   -9   -9.0   -9   -9.0   -9 -99.0 -99.0 -99.0 -99.0 -99.0
20260728 143  2.7  2291  29  4.5 1110  27  6.8 1723  31.2  35.1 1439  28.0  504  21.7  36.4  26.6  57.8  44.0 1438  25.9   7.6   5.3 -9.00 1005.7 1011.8 1012.8  716 1010.6 1704  7.1  5.3 14.1 -9.0 20.08  2.88 1000   -9.0   -9.0 -9.00   -9.0   -9   -9.0   -9   -9.0   -9   -9.0   -9   -9.0   -9 -99.0 -99.0 -99.0 -99.0 -99.0
20260728 146  2.1  1853  27  4.8 1504  27  7.7 1448  28.6  33.1 1520  25.7  522  24.2  32.4  23.4  77.9  61.0 1356  30.2   5.5   3.8 -9.00 1007.4 1014.3 1015.1  821 1013.6 1847  6.6  2.2 14.1 -9.0 16.81  2.60 1400   -9.0   -9.0 -9.00   -9.0   -9   -9.0   -9   -9.0   -9   -9.0   -9   -9.0   -9 -99.0 -99.0 -99.0 -99.0 -99.0
20260728 152  1.8  1522  27  4.3 1016  25  8.2  946  30.8  35.1 1147  26.9  536  21.5  33.7  25.4  58.6  43.0 1148  25.6   6.2   4.4 -9.00 1002.2 1011.3 1012.2  744 1010.4 1812  7.0  5.8 14.1 -9.0 18.18  3.41 1100   -9.0   -9.0 -9.00   -9.0   -9   -9.0   -9   -9.0   -9   -9.0   -9   -9.0   -9 -99.0 -99.0 -99.0 -99.0 -99.0
20260728 155  1.3  1099  18  3.9 1327  27  6.6 1354  30.9  36.7 1234  26.1  505  24.3  36.4  23.5  69.6  46.0 1138  30.3   6.7   4.7 -9.00 1008.4 1012.3 1013.6  748 1011.4 1702  6.5  7.9 14.0 -9.0 22.29  3.40 1200   -9.0   -9.0 -9.00   -9.0   -9   -9.0   -9   -9.0   -9   -9.0   -9   -9.0   -9 -99.0 -99.0 -99.0 -99.0 -99.0
20260728 156  1.3  1164  27  2.8 1255  25  7.4 1538  29.6  34.6 1407  26.0  500  24.8  34.7  23.3  76.4  55.0 1333  31.3   6.8   4.7 -9.00 1006.2 1014.1 1015.1  812 1013.2 1538  5.4  7.3 14.0 -9.0 24.23  3.30 1300   -9.0   -9.0 -9.00   -9.0   -9   -9.0   -9   -9.0   -9   -9.0   -9   -9.0   -9 -99.0 -99.0 -99.0 -99.0 -99.0
20260728 159  2.5  2173  23  6.3 1222  23  8.8 1216  30.7  35.3 1111  27.6  458  23.2  34.9  23.8  65.4  45.0 1105  28.5   7.6   5.3 -9.00 1003.9 1011.7 1012.7  811 1010.8 1923  6.9  7.2 14.0 -9.0 23.38  3.57 1200   -9.0   -9.0 -9.00   -9.0   -9   -9.0   -9   -9.0   -9   -9.0   -9   -9.0   -9  29.0  25.3  23.4  18.4  17.8
20260728 162  1.7  1489  25  4.7 1424  25  6.6 1345  28.4  33.2 1516  25.1  552  24.0  33.4  22.1  78.4  55.0 1251  29.8   7.1   5.0 -9.00 1008.5 1012.1 1013.2 1041 1011.1 1816  4.8  7.6 14.0 -9.0 25.44  3.49 1200   -9.0   -9.0 -9.00   -9.0   -9   -9.0   -9   -9.0   -9   -9.0   -9   -9.0   -9 -99.0 -99.0 -99.0 -99.0 -99.0
20260728 165  2.4  2096  32  5.5 1747  32  7.6 1745  28.6  32.2 1504  26.0  432  25.4  36.0  23.1  83.8  63.0 1548  32.5   7.3   5.1 -9.00 1009.6 1014.7 1015.7 1009 1014.0 1747  5.4 10.3 14.0 -9.0 27.46  3.54 1200   -9.0   -9.0 -9.00   -9.0   -9   -9.0   -9   -9.0   -9   -9.0   -9   -9.0   -9  29.0  25.3  23.6  19.8  16.9
20260728 168  4.5  3927  32  7.5 2021  34 11.2 2138  30.4  34.8 1516  26.9  545  23.6  36.2  25.6  68.0  52.0 1550  29.1  10.0   7.0 -9.00 1005.9 1013.3 1014.5 1019 1012.2 1653  5.8 10.5 14.0 -9.0 27.30  3.52 1200   -9.0   -9.0 -9.00   -9.0   -9   -9.0   -9   -9.0   -9   -9.0   -9   -9.0   -9  30.5  26.5  23.5  19.2  17.3
20260728 169  1.6  1377  18  5.0   17  20  7.0   13  28.3  33.0 1319  25.6  408  25.6  30.6  24.9  86.1  72.0 1324  32.9   5.7   4.0 -9.00 1006.2 1014.7 1015.6 1206 1013.8  222  4.0  7.9 14.0 -9.0 21.49  2.95 1000   -9.0   -9.0 -9.00   -9.0   -9   -9.0   -9   -9.0   -9   -9.0   -9   -9.0   -9 -99.0 -99.0 -99.0 -99.0 -99.0
20260728 170  2.6  2211  29  4.4 1716  32  8.0 1754  29.9  35.1 1500  25.8  535  24.7  38.2  25.2  75.3  57.0 1253  31.1   8.3   5.8 -9.00 1010.4 1014.4 1015.5 1013 1013.5 1814  4.1 11.2 14.0 -9.0 27.45  3.79 1200   -9.0   -9.0 -9.00   -9.0   -9   -9.0   -9   -9.0   -9   -9.0   -9   -9.0   -9 -99.0 -99.0 -99.0 -99.0 -99.0
20260728 172  2.1  1808  29  5.0 1519  29  7.2 1321  28.2  32.6 1607  24.1  616  24.0  31.3  22.0  79.9  56.0 1503  29.8   7.0   4.9 -9.00 1008.2 1014.1 1015.0 1014 1013.5  243  5.0  9.0 14.0 -9.0 26.24  3.31 1200   -9.0   -9.0 -9.00   -9.0   -9   -9.0   -9   -9.0   -9   -9.0   -9   -9.0   -9 -99.0 -99.0 -99.0 -99.0 -99.0
20260728 174  2.4  2036  29  4.5  905  34  9.0 1139  27.9  33.1 1516  22.9  116  22.6  35.0  23.4  74.1  54.0 1509  27.4  -9.0  -9.0 -9.00  993.7 1012.3 1013.1  753 1011.0 1706  6.4  7.4 14.0 -9.0 -9.00 -9.00   -9   -9.0   -9.0 -9.00   -9.0   -9   -9.0   -9   -9.0   -9   -9.0   -9   -9.0   -9 -99.0 -99.0 -99.0 -99.0 -99.0
20260728 177  2.7  2358  18  4.9 1327  18  7.2 1325  28.7  32.0 1315  26.8 2345  25.5  32.2  25.7  83.3  70.0 1245  32.6   5.7   4.0 -9.00 1009.5 1012.6 1013.4 1201 1011.8    1  7.1  5.4 14.1 -9.0 20.39  3.21 1300    0.0   -9.0  2.42    0.0   -9    0.0   -9   -9.0   -9   -9.0   -9   -9.0   -9 -99.0 -99.0 -99.0 -99.0 -99.0
20260728 181  2.1  1841  25  3.6 1333  25  5.7 1330  27.8  32.6 1434  24.4  235  24.1  30.2  23.8  81.1  64.0 1443  30.0   5.0   3.5 -9.00 1010.0 1013.8 1014.5  842 1012.9 1612  6.6  3.4 14.1 -9.0 17.25  2.32 1300   -9.0   -9.0 -9.00   -9.0   -9   -9.0   -9   -9.0   -9   -9.0   -9   -9.0   -9 -99.0 -99.0 -99.0 -99.0 -99.0
20260728 184  2.7  2306  34  4.7 1318  34  7.9 1313  30.9  35.1 1435  27.1  528  23.6  39.4  24.7  65.6  57.0 1530  29.2   7.9   5.5 -9.00 1011.8 1014.2 1015.1 1036 1013.2 1845  4.3 12.4 13.9 -9.0 25.03  3.35 1300   -9.0   -9.0 -9.00   -9.0   -9   -9.0   -9   -9.0   -9   -9.0   -9   -9.0   -9  31.4  29.3  27.5  24.2  18.7
20260728 185  2.5  2143  29  5.1 1614  29  6.0 1617  28.6  32.5 1628  26.1  435  25.3  34.5  25.3  82.9  71.0 1620  32.3   7.3   5.1 -9.00 1006.5 1014.6 1015.5 1018 1013.6 1859  3.6 11.6 13.9 -9.0 27.02  3.53 1200   -9.0   -9.0 -9.00   -9.0   -9   -9.0   -9   -9.0   -9   -9.0   -9   -9.0   -9 -99.0 -99.0 -99.0 -99.0 -99.0
20260728 188  1.6  1425  18  5.2 1103  18  6.4 1103  28.7  33.1 1304  24.9  454  24.7  35.7  24.6  79.8  64.0 1308  31.2  -9.0  -9.0 -9.00 1012.7 1015.0 1015.8  926 1014.0 1853  5.0  9.1 13.9 -9.0 -9.00 -9.00   -9   -9.0   -9.0 -9.00   -9.0   -9   -9.0   -9   -9.0   -9   -9.0   -9   -9.0   -9 -99.0 -99.0 -99.0 -99.0 -99.0
20260728 189  2.0  1746  23  4.6 1443  25  8.2 1546  29.5  33.1 1253  25.9  301  24.2  36.9  23.4  73.8  64.0 1258  30.4   7.3   5.1 -9.00 1008.9 1014.8 1015.8  800 1013.6 1938  4.4 11.2 13.9 -9.0 26.21  3.66 1200   -9.0   -9.0 -9.00   -9.0   -9   -9.0   -9   -9.0   -9   -9.0   -9   -9.0   -9 -99.0 -99.0 -99.0 -99.0 -99.0
20260728 192  0.9   780  25  2.3 1314  36  4.7 1542  30.6  37.1 1434  24.2  438  23.9 -99.0  21.3  69.6  48.0 1353  29.7   7.1   5.0 -9.00 1009.4 1012.7 1014.0  745 1011.6 1754  5.6  9.9 14.0 -9.0 25.80  3.47 1200   -9.0   -9.0 -9.00   -9.0   -9   -9.0   -9   -9.0   -9   -9.0   -9   -9.0   -9 -99.0 -99.0 -99.0 -99.0 -99.0
20260728 201  2.5  2119  25  4.9 1424  25  7.6 1441  26.6  29.6 1343  25.1  530  25.2  29.9  24.3  93.0  75.0 1141  32.1  -9.0  -9.0 -9.00 1008.8 1014.3 1015.2 1041 1013.5  238  4.9  4.8 14.2 -9.0 -9.00 -9.00   -9   -9.0   -9.0 -9.00   -9.0   -9   -9.0   -9   -9.0   -9   -9.0   -9   -9.0   -9 -99.0 -99.0 -99.0 -99.0 -99.0
20260728 202  1.3  1124  29  3.0 1448  32  6.1 1410  28.7  33.3 1414  25.5  550  23.8  32.1  25.2  76.1  55.0 1405  29.4  -9.0  -9.0 -9.00 1007.9 1013.3 1014.2  917 1012.2 1756  6.4  4.0 14.2 -9.0 -9.00 -9.00   -9   -9.0   -9.0 -9.00   -9.0   -9   -9.0   -9   -9.0   -9   -9.0   -9   -9.0   -9 -99.0 -99.0 -99.0 -99.0 -99.0
20260728 203  1.4  1243  23  2.8 1559  23  6.4 1759  28.8  33.5 1424  26.0  547  25.1  31.8  25.5  81.0  62.0 1425  31.8  -9.0  -9.0 -9.00 1004.6 1013.6 1014.6 1010 1012.7 1721  5.6  5.2 14.2 -9.0 -9.00 -9.00   -9   -9.0   -9.0 -9.00   -9.0   -9   -9.0   -9   -9.0   -9   -9.0   -9   -9.0   -9 -99.0 -99.0 -99.0 -99.0 -99.0
20260728 211  1.5  1264  20  3.7 1408  16  7.0 1446  27.0  32.3 1327  23.5    1  23.2  28.9  23.0  80.9  55.0 1600  28.4  -9.0  -9.0 -9.00  989.2 1011.9 1013.1 1040 1010.6 1704  7.3  3.9 14.3 -9.0 -9.00 -9.00   -9   -9.0   -9.0 -9.00   -9.0   -9   -9.0   -9   -9.0   -9   -9.0   -9   -9.0   -9 -99.0 -99.0 -99.0 -99.0 -99.0
20260728 212  1.0   842  27  3.5 1400  29  7.5 1420  28.1  33.3 1526  24.2  541  23.6  29.2  24.2  78.8  52.0 1422  29.2  -9.0  -9.0 -9.00  997.2 1013.0 1013.9  701 1011.7 1746  5.5  4.7 14.2 -9.0 -9.00 -9.00   -9   -9.0   -9.0 -9.00   -9.0   -9   -9.0   -9   -9.0   -9   -9.0   -9   -9.0   -9 -99.0 -99.0 -99.0 -99.0 -99.0
20260728 216  1.2  1020  29  2.5 1416  32  6.6  930  26.6  30.9 1505  24.4  444  20.1  29.5  22.0  68.1  53.0 1333  23.5   5.3   3.7 -9.00  933.5 1011.4 1012.4 1030 1010.0 1505  7.3  4.5 14.2 -9.0 17.34  3.18 1300   -9.0   -9.0 -9.00   -9.0   -9   -9.0   -9   -9.0   -9   -9.0   -9   -9.0   -9 -99.0 -99.0 -99.0 -99.0 -99.0
20260728 217  1.4  1178  18  3.4 1440  16  7.1 1358  28.6  34.1 1323  24.7 2357  23.0  34.8  24.3  73.1  51.0 1326  28.0  -9.0  -9.0 -9.00  977.4 1012.1 1013.3  650 1010.6 1711  7.3  4.1 14.2 -9.0 -9.00 -9.00   -9   -9.0   -9.0 -9.00   -9.0   -9   -9.0   -9   -9.0   -9   -9.0   -9   -9.0   -9 -99.0 -99.0 -99.0 -99.0 -99.0
20260728 221  2.3  1986  27  4.1 1313  27  7.9 1305  27.3  31.7 1447  24.0  521  23.2  31.5  23.7  79.3  59.0 1316  28.4  -9.0  -9.0 -9.00  983.1 1012.7 1013.7 1015 1011.6 1702  6.8  5.8 14.2 -9.0 -9.00 -9.00   -9   -9.0   -9.0 -9.00   -9.0   -9   -9.0   -9   -9.0   -9   -9.0   -9   -9.0   -9 -99.0 -99.0 -99.0 -99.0 -99.0
20260728 226  1.1   980  29  3.1 1552  27  6.7 1548  27.9  32.5 1540  23.9   46  24.2  30.7  22.6  81.9  62.0 1413  30.3  -9.0  -9.0 -9.00  994.4 1013.7 1014.6  931 1012.6 1616  7.4  4.4 14.1 -9.0 -9.00 -9.00   -9    0.0   -9.0 -9.00    0.0   -9    0.0   -9   -9.0   -9   -9.0   -9   -9.0   -9 -99.0 -99.0 -99.0 -99.0 -99.0
20260728 232  1.2  1078  25  2.9 1448  27  5.7 1255  28.0  32.0 1438  25.0   49  25.7  31.0  24.4  88.0  69.0 1113  33.0  -9.0  -9.0 -9.00 1004.6 1014.2 1015.0 1021 1013.5 1605  6.3  3.9 14.1 -9.0 -9.00 -9.00   -9    0.0   -9.0 -9.00    0.0   -9    0.0   -9   -9.0   -9   -9.0   -9   -9.0   -9 -99.0 -99.0 -99.0 -99.0 -99.0
20260728 235  1.6  1375  20  4.1 1419  23  6.3 1411  28.2  31.1 1249  26.2 2248  25.3  29.4  24.3  85.3  70.0 1251  32.3   4.2   2.9 -9.00 1012.6 1013.7 1014.7 1242 1012.9  213  6.4  1.9 14.1 -9.0 14.36  2.11 1300    0.0   -9.0 -9.00    0.0   -9    0.0   -9   -9.0   -9   -9.0   -9   -9.0   -9 -99.0 -99.0 -99.0 -99.0 -99.0
20260728 236  1.1   924  20  3.6 1429  18  6.7 1422  28.0  32.1 1359  25.2 2250  24.9  30.7  24.0  84.0  65.0 1621  31.4  -9.0  -9.0 -9.00 1012.9 1014.4 1015.4 1144 1013.7  205  5.8  2.1 14.1 -9.0 -9.00 -9.00   -9   -9.0   -9.0 -9.00   -9.0   -9   -9.0   -9   -9.0   -9   -9.0   -9   -9.0   -9 -99.0 -99.0 -99.0 -99.0 -99.0
20260728 238  1.1   935  23  3.3 1359  23  6.2 1351  28.3  32.7 1458  25.4  414  23.9  31.4  23.4  78.1  63.0 1458  29.7  -9.0  -9.0 -9.00  994.3 1013.5 1014.4  750 1012.6 1614  6.9  3.4 14.1 -9.0 -9.00 -9.00   -9   -9.0   -9.0 -9.00   -9.0   -9   -9.0   -9   -9.0   -9   -9.0   -9   -9.0   -9 -99.0 -99.0 -99.0 -99.0 -99.0
20260728 239  1.2  1073  32  3.0 1618  36  6.1 1454  27.9  32.4 1301  25.2 2358  24.7  32.6  24.8  83.9  65.0 1304  31.1   5.6   3.9 -9.00 1003.1 1013.2 1013.9  650 1012.3 1623  6.6  5.7 14.1 -9.0 21.21  3.16 1300   -9.0   -9.0 -9.00   -9.0   -9   -9.0   -9   -9.0   -9   -9.0   -9   -9.0   -9 -99.0 -99.0 -99.0 -99.0 -99.0
20260728 243  1.3  1101  29  3.7 1635  29  6.1 1349  28.1  32.2 1440  24.8  441  24.0  32.7  21.9  79.9  60.0 1411  29.8  -9.0  -9.0 -9.00 1013.3 1014.7 1015.6 1036 1014.2  112  5.0  7.9 14.1 -9.0 -9.00 -9.00   -9   -9.0   -9.0 -9.00   -9.0   -9   -9.0   -9   -9.0   -9   -9.0   -9   -9.0   -9 -99.0 -99.0 -99.0 -99.0 -99.0
20260728 244  0.9   818  34  3.4 1432  32  5.8 1647  26.5  31.8 1359  22.5  458  23.1  28.7  21.4  82.9  62.0 1429  28.3  -9.0  -9.0 -9.00  986.3 1014.1 1015.2  809 1013.1 1638  6.5  3.2 14.1 -9.0 -9.00 -9.00   -9   -9.0   -9.0 -9.00   -9.0   -9   -9.0   -9   -9.0   -9   -9.0   -9   -9.0   -9 -99.0 -99.0 -99.0 -99.0 -99.0
20260728 245  1.6  1404  34  4.8 1356  27  6.9 1632  28.4  33.4 1535  24.2  353  23.8  33.8  22.5  77.5  58.0 1542  29.5   5.9   4.1 -9.00 1006.6 1014.4 1015.2  830 1013.6 1709  5.4  6.5 14.0 -9.0 20.36  2.64 1100   -9.0   -9.0 -9.00   -9.0   -9   -9.0   -9   -9.0   -9   -9.0   -9   -9.0   -9 -99.0 -99.0 -99.0 -99.0 -99.0
20260728 247  1.1   985  29  3.0 1630  27  5.2 1627  28.3  33.5 1411  23.8  514  24.1  33.2  22.8  79.5  61.0 1530  30.1  -9.0  -9.0 -9.00  998.9 1013.9 1014.9 1046 1012.7 1634  6.1  6.3 14.0 -9.0 -9.00 -9.00   -9   -9.0   -9.0 -9.00   -9.0   -9   -9.0   -9   -9.0   -9   -9.0   -9   -9.0   -9 -99.0 -99.0 -99.0 -99.0 -99.0
20260728 248  1.1   916  36  3.1 1710   2  5.3 1545  25.5  31.2 1457  20.5  537  22.2  28.9  19.7  84.0  62.0 1458  26.9  -9.0  -9.0 -9.00  968.9 1014.4 1015.6  701 1013.0 1619  6.6  4.8 14.1 -9.0 -9.00 -9.00   -9   -9.0   -9.0 -9.00   -9.0   -9   -9.0   -9   -9.0   -9   -9.0   -9   -9.0   -9 -99.0 -99.0 -99.0 -99.0 -99.0
20260728 251  1.4  1234  29  4.1 1518  29  6.5 1431  28.1  32.9 1424  23.7  149  24.9  31.3  22.9  83.8  60.0 1517  31.4   6.1   4.3 -9.00 1008.6 1014.2 1014.9  737 1013.5 1654  5.5  8.3 14.0 -9.0 23.32  3.12 1300   -9.0   -9.0 -9.00   -9.0   -9   -9.0   -9   -9.0   -9   -9.0   -9   -9.0   -9 -99.0 -99.0 -99.0 -99.0 -99.0
20260728 252  1.2  1005  25  3.1 1122  27  6.0 1525  28.3  32.9 1513  24.3  415  24.2  33.5  22.3  79.9  59.0 1514  30.2   6.6   4.6 -9.00 1010.1 1014.3 1015.2 1020 1013.7  259  6.1  8.7 14.0 -9.0 24.77  3.18 1200   -9.0   -9.0 -9.00   -9.0   -9   -9.0   -9   -9.0   -9   -9.0   -9   -9.0   -9 -99.0 -99.0 -99.0 -99.0 -99.0
20260728 253  1.3  1090  29  3.8 1255  27  7.0 1228  31.1  37.5 1250  27.2  536  24.5  34.7  24.8  69.1  45.0 1251  30.9   6.0   4.2 -9.00 1006.8 1013.0 1014.2 1032 1011.9 1921  6.8  7.0 14.0 -9.0 20.52  3.28 1100   -9.0   -9.0 -9.00   -9.0   -9   -9.0   -9   -9.0   -9   -9.0   -9   -9.0   -9 -99.0 -99.0 -99.0 -99.0 -99.0
20260728 254  1.6  1373  32  4.1 1623  32  7.3 1557  28.0  34.2 1432  22.9  531  23.1  33.8  21.9  76.5  52.0 1433  28.3   6.3   4.4 -9.00  999.9 1014.5 1015.5  742 1013.4 1546  5.5  6.9 14.0 -9.0 22.51  3.22 1400   -9.0   -9.0 -9.00   -9.0   -9   -9.0   -9   -9.0   -9   -9.0   -9   -9.0   -9 -99.0 -99.0 -99.0 -99.0 -99.0
20260728 255  1.2  1051  32  3.6 1002  29  7.5 1314  32.0  38.2 1312  27.8  529  24.4  33.5  23.1  65.3  43.0 1304  30.6   6.4   4.5 -9.00 1006.2 1011.9 1013.2  750 1010.7 1619  5.9  7.4 14.0 -9.0 19.67  3.19 1200   -9.0   -9.0 -9.00   -9.0   -9   -9.0   -9   -9.0   -9   -9.0   -9   -9.0   -9 -99.0 -99.0 -99.0 -99.0 -99.0
20260728 257  1.7  1433  20  3.7 1614  20  5.9 1614  32.4  39.0 1235  27.6  220  25.1  35.5  25.0  67.3  42.0 1247  31.8   6.5   4.5 -9.00 1011.2 1011.9 1013.1  750 1011.1 1912  7.3  5.0 14.0 -9.0 19.06  3.19 1100   -9.0   -9.0 -9.00   -9.0   -9   -9.0   -9   -9.0   -9   -9.0   -9   -9.0   -9 -99.0 -99.0 -99.0 -99.0 -99.0
20260728 258  3.0  2583  32  4.5 1639  29  7.5 1312  29.8  35.1 1459  25.4  157  24.5  31.3  24.6  74.9  54.0 1512  30.7   8.9   6.2 -9.00 1013.8 1014.0 1015.0  915 1012.8 1743  4.8 10.8 14.0 -9.0 28.33  3.51 1300   -9.0   -9.0 -9.00   -9.0   -9   -9.0   -9   -9.0   -9   -9.0   -9   -9.0   -9 -99.0 -99.0 -99.0 -99.0 -99.0
20260728 259  1.4  1179  29  3.2 1437  29  5.9 1908  29.5  35.6 1446  24.6  451  24.9  33.6  23.9  78.1  56.0 1321  31.6   6.7   4.7 -9.00 1012.1 1013.9 1015.0 1016 1013.0 1748  5.5  7.2 14.0 -9.0 23.66  3.35 1100   -9.0   -9.0 -9.00   -9.0   -9   -9.0   -9   -9.0   -9   -9.0   -9   -9.0   -9 -99.0 -99.0 -99.0 -99.0 -99.0
20260728 260  1.7  1508  29  4.1 1633  27  6.1 1104  29.1  34.7 1600  24.1  417  24.5  35.2  23.2  77.9  56.0 1634  30.7  -9.0  -9.0 -9.00 1008.9 1013.9 1014.9  755 1012.7 1748  6.1  9.0 14.0 -9.0 -9.00 -9.00   -9   -9.0   -9.0 -9.00   -9.0   -9   -9.0   -9   -9.0   -9   -9.0   -9   -9.0   -9 -99.0 -99.0 -99.0 -99.0 -99.0
20260728 261  2.0  1730  29  4.5 1334  27  9.0 1327  28.8  34.1 1512  24.4  411  25.3  35.0  23.2  82.6  60.0 1437  32.3  -9.0  -9.0 -9.00 1012.8 1014.7 1015.6 1013 1013.7 1817  5.3  9.6 14.0 -9.0 -9.00 -9.00   -9   -9.0   -9.0 -9.00   -9.0   -9   -9.0   -9   -9.0   -9   -9.0   -9   -9.0   -9 -99.0 -99.0 -99.0 -99.0 -99.0
20260728 262  2.2  1940  29  5.6 1845  32  8.6 1217  29.8  35.6 1551  24.7  510  24.1  37.3  25.1  73.4  50.0 1526  30.1   7.7   5.4 -9.00 1007.8 1013.7 1014.8  913 1012.4 1746  4.8 11.6 14.0 -9.0 26.18  3.23 1200   -9.0   -9.0 -9.00   -9.0   -9   -9.0   -9   -9.0   -9   -9.0   -9   -9.0   -9 -99.0 -99.0 -99.0 -99.0 -99.0
20260728 263  1.7  1468  29  4.4 1557  29  7.9 1238  30.9  37.6 1327  24.3  548  24.5  36.8  21.8  70.8  48.0 1328  30.7   6.8   4.8 -9.00 1010.8 1012.4 1013.8  751 1011.4 1630  6.6  7.6 14.0 -9.0 23.14  3.45 1100   -9.0   -9.0 -9.00   -9.0   -9   -9.0   -9   -9.0   -9   -9.0   -9   -9.0   -9 -99.0 -99.0 -99.0 -99.0 -99.0
20260728 264  2.8  2443  29  4.4 1230  29  7.7 1224  29.9  34.3 1409  26.0  211  24.2  32.9  23.8  72.4  57.0 1403  30.2   7.5   5.2 -9.00  996.4 1013.4 1014.2  658 1012.1 1709  6.4  7.6 14.1 -9.0 24.45  3.64 1100   -9.0   -9.0 -9.00   -9.0   -9   -9.0   -9   -9.0   -9   -9.0   -9   -9.0   -9 -99.0 -99.0 -99.0 -99.0 -99.0
20260728 266  1.7  1506  29  4.2 2159  29  8.7 1429  30.5  36.3 1554  25.3  528  23.7  41.0  23.9  68.9  47.0 1527  29.3   7.9   5.6 -9.00 1003.5 1013.4 1014.5  812 1012.3 1704  6.1  8.8 14.0 -9.0 25.75  3.43 1200   -9.0   -9.0 -9.00   -9.0   -9   -9.0   -9   -9.0   -9   -9.0   -9   -9.0   -9 -99.0 -99.0 -99.0 -99.0 -99.0
20260728 268  1.3  1123  32  3.6 1441  29  6.1 1439  28.0  32.4 1333  24.1  517  24.8  36.4  23.0  84.0  65.0 1334  31.3  -9.0  -9.0 -9.00 1012.4 1013.5 1014.5 1018 1012.7 1859  3.6 11.3 14.0 -9.0 -9.00 -9.00   -9   -9.0   -9.0 -9.00   -9.0   -9   -9.0   -9   -9.0   -9   -9.0   -9   -9.0   -9 -99.0 -99.0 -99.0 -99.0 -99.0
20260728 271  0.8   712  27  2.8 1335  29  7.0 1018  26.5  32.1 1524  23.0  458  22.4  30.0  22.0  80.0  54.0 1527  27.0  -9.0  -9.0 -9.00  976.2 1012.5 1013.6  618 1011.2 1609  8.1  2.7 14.2 -9.0 -9.00 -9.00   -9   -9.0   -9.0 -9.00   -9.0   -9   -9.0   -9   -9.0   -9   -9.0   -9   -9.0   -9 -99.0 -99.0 -99.0 -99.0 -99.0
20260728 272  4.5  3883  32  6.4  440  29 11.0 1444  28.8  32.7 1439  26.3  343  22.7  35.2  25.5  70.3  54.0 1442  27.5  -9.0  -9.0 -9.00  988.6 1012.2 1013.3 1004 1011.2 1822  7.1  7.5 14.2 -9.0 -9.00 -9.00   -9   -9.0   -9.0 -9.00   -9.0   -9   -9.0   -9   -9.0   -9   -9.0   -9   -9.0   -9 -99.0 -99.0 -99.0 -99.0 -99.0
20260728 273  2.5  2158  29  4.4  459  32  9.1  553  29.6  33.4 1446  24.6    1  24.0  34.8  22.2  72.9  57.0 1351  29.9  -9.0  -9.0 -9.00  992.7 1012.0 1013.0  934 1011.1 1723  6.5  6.5 14.1 -9.0 -9.00 -9.00   -9   -9.0   -9.0 -9.00   -9.0   -9   -9.0   -9   -9.0   -9   -9.0   -9   -9.0   -9 -99.0 -99.0 -99.0 -99.0 -99.0
20260728 276  2.6  2259  27  5.6  940  27  9.0  916  29.2  33.7 1254  24.7    7  24.0  31.7  21.6  74.9  57.0 1739  29.9   5.8   4.0 -9.00  988.3 1011.6 1012.6  518 1010.2 1732  6.5  4.1 14.1 -9.0 17.95  3.13 1200   -9.0   -9.0 -9.00   -9.0   -9   -9.0   -9   -9.0   -9   -9.0   -9   -9.0   -9 -99.0 -99.0 -99.0 -99.0 -99.0
20260728 277  1.6  1342  29  6.1  734  29  9.5  733  27.8  33.7 1440  24.7 2255  22.3  32.5  24.3  73.0  54.0 1441  27.0  -9.0  -9.0 -9.00 1007.1 1011.7 1012.8 1143 1010.9 2359  8.6  2.3 14.1 -9.0 -9.00 -9.00   -9   -9.0   -9.0 -9.00   -9.0   -9   -9.0   -9   -9.0   -9   -9.0   -9   -9.0   -9 -99.0 -99.0 -99.0 -99.0 -99.0
20260728 278  1.5  1277  27  3.8 1003  25  7.2 1400  29.3  34.8 1342  24.0  510  24.3  34.9  23.0  75.8  54.0 1342  30.3  -9.0  -9.0 -9.00 1002.5 1011.7 1012.6  513 1010.3 1731  7.3  5.2 14.1 -9.0 -9.00 -9.00   -9   -9.0   -9.0 -9.00   -9.0   -9   -9.0   -9   -9.0   -9   -9.0   -9   -9.0   -9 -99.0 -99.0 -99.0 -99.0 -99.0
20260728 279  1.5  1301  29  3.3 1633  27  7.1 1124  30.1  34.7 1552  25.9  359  23.5  35.5  23.9  68.5  54.0 1352  28.9   5.6   3.9 -9.00 1007.1 1012.6 1013.5  704 1011.3 1808  5.8  4.6 14.1 -9.0 17.45  2.26 1000   -9.0   -9.0 -9.00   -9.0   -9   -9.0   -9   -9.0   -9   -9.0   -9   -9.0   -9 -99.0 -99.0 -99.0 -99.0 -99.0
20260728 281  2.7  2307  29  5.5 1024  29 10.6 1028  30.0  33.3 1036  26.7  520  22.7  29.6  24.9  65.6  53.0 1439  27.5  -9.0  -9.0 -9.00 1002.0 1012.7 1013.7 1007 1011.6 1811  7.5  3.6 14.1 -9.0 -9.00 -9.00   -9   -9.0   -9.0 -9.00   -9.0   -9   -9.0   -9   -9.0   -9   -9.0   -9   -9.0   -9 -99.0 -99.0 -99.0 -99.0 -99.0
20260728 283  1.9  1608  27  4.8 1652  34  8.6 1115  30.3  35.9 1634  25.8  400  22.9  33.0  23.6  66.0  45.0 1645  27.9   5.6   3.9 -9.00 1007.8 1012.3 1013.2 1052 1011.2 1739  8.1  4.2 14.1 -9.0 15.72  2.70  900   -9.0   -9.0 -9.00   -9.0   -9   -9.0   -9   -9.0   -9   -9.0   -9   -9.0   -9 -99.0 -99.0 -99.0 -99.0 -99.0
20260728 284  1.9  1619  25  4.3 2041  25  7.0 1235  28.8  35.3 1438  22.6  543  23.7  35.6  19.5  75.3  57.0 1434  29.5   5.9   4.1 -9.00  986.9 1012.4 1013.3 2219 1011.4 1310  6.0  5.7 14.1 -9.0 -9.00  2.90 1200   -9.0   -9.0 -9.00   -9.0   -9   -9.0   -9   -9.0   -9   -9.0   -9   -9.0   -9 -99.0 -99.0 -99.0 -99.0 -99.0
20260728 285  1.2  1023  29  2.7 1411  32  5.8 1028  30.8  37.4 1338  24.6  504  23.4  37.5  23.5  66.6  46.0 1341  28.8  -9.0  -9.0 -9.00 1009.8 1012.9 1014.2  738 1011.8 1827  6.0 -9.0 14.1 -9.0 -9.00 -9.00   -9   -9.0   -9.0 -9.00   -9.0   -9   -9.0   -9   -9.0   -9   -9.0   -9   -9.0   -9 -99.0 -99.0 -99.0 -99.0 -99.0
20260728 288  1.6  1388   7  3.6 1557   5  5.8 1315  31.2  37.0 1238  25.9  622  24.0  34.5  25.6  67.9  44.0 1239  29.9   6.9   4.8 -9.00 1009.9 1010.8 1012.1  749 1009.7 1607  6.5  7.0 14.1 -9.0 22.05  3.41 1100   -9.0   -9.0 -9.00   -9.0   -9   -9.0   -9   -9.0   -9   -9.0   -9   -9.0   -9 -99.0 -99.0 -99.0 -99.0 -99.0
20260728 289  2.7  2350  32  4.9 1111  29  8.9 1104  29.7  35.1 1320  23.9  225  23.1  33.4  20.6  68.8  54.0 1214  28.2  -9.0  -9.0 -9.00  998.3 1013.8 1014.9  807 1012.7 1640  5.5  7.7 14.0 -9.0 -9.00 -9.00   -9   -9.0   -9.0 -9.00   -9.0   -9   -9.0   -9   -9.0   -9   -9.0   -9   -9.0   -9 -99.0 -99.0 -99.0 -99.0 -99.0
20260728 294  1.7  1446  20  4.5 1555  18  8.5 1504  29.7  34.0 1135  26.2  406  23.5  37.6  22.3  70.3  52.0 1132  28.9  -9.0  -9.0 -9.00 1008.2 1013.3 1014.6 1030 1012.3 1718  5.0  8.9 14.0 -9.0 -9.00 -9.00   -9   -9.0   -9.0 -9.00   -9.0   -9   -9.0   -9   -9.0   -9   -9.0   -9   -9.0   -9 -99.0 -99.0 -99.0 -99.0 -99.0
20260728 295  1.7  1440  29  3.7 1350  32  6.0 1348  30.5  35.7 1610  26.7  625  23.4  36.1  23.3  66.8  49.0 1605  28.8  -9.0  -9.0 -9.00 1007.9 1013.0 1014.4 1042 1011.9 1826  5.3  9.5 14.0 -9.0 -9.00 -9.00   -9   -9.0   -9.0 -9.00   -9.0   -9   -9.0   -9   -9.0   -9   -9.0   -9   -9.0   -9 -99.0 -99.0 -99.0 -99.0 -99.0
20260728 296  1.6  1375  18  4.8 1334  14  8.3 1314  30.8  37.0 1233  26.4  323  24.9  33.9  23.2  72.8  46.0 1202  31.5   6.5   4.6 -9.00 1011.1 1011.4 1012.4  755 1010.4 1917  6.3  7.1 14.0 -9.0 21.77  3.45 1200   -9.0   -9.0 -9.00   -9.0   -9   -9.0   -9   -9.0   -9   -9.0   -9   -9.0   -9 -99.0 -99.0 -99.0 -99.0 -99.0
20260729  90  2.9  2543  25  6.4 1152  27 13.9 1146  31.7  36.6 1337  25.6  253  21.3  32.2  24.2  55.9  38.0 1913  25.4  11.3   7.9 -9.00 1004.0 1006.0 1009.5    1 1003.8 1811  3.0 12.5 14.2 -9.0 28.04  3.41 1300   -9.0   -9.0 -9.00   -9.0   -9   -9.0   -9   -9.0   -9   -9.0   -9   -9.0   -9 -99.0 -99.0 -99.0 -99.0 -99.0
20260729  93  1.3  1095  20  4.8 1558  23  7.4 1552  28.6  34.2 1629  24.1  454  24.4  31.3  24.2  79.9  55.0 1537  30.5   6.8   4.8 -9.00  999.6 1010.4 1012.6   12 1007.8 1656  0.8 10.0 14.2 -9.0 22.99  3.16 1300   -9.0   -9.0 -9.00   -9.0   -9   -9.0   -9   -9.0   -9   -9.0   -9   -9.0   -9  28.3  26.5  24.1  21.2  18.2
20260729  95  2.1  1842  25  3.3 1708  25  6.7 1707  28.1  32.1 1448  25.6  248  24.7  31.5  25.3  83.1  62.0 1333  31.1   7.1   5.0 -9.00  993.5 1011.0 1013.3    1 1008.5 1722  2.4  8.8 14.2 -9.0 26.11  3.43 1100   -9.0   -9.0 -9.00   -9.0   -9   -9.0   -9   -9.0   -9   -9.0   -9   -9.0   -9 -99.0 -99.0 -99.0 -99.0 -99.0
20260729  98  1.6  1343  25  3.2 1759  27  6.5 1802  27.7  32.4 1403  25.2  325  23.0  32.4  24.7  76.5  55.0 1358  28.1   6.7   4.7 -9.00  997.8 1010.9 1013.1    1 1008.6 1741  1.9  8.0 14.2 -9.0 23.40  3.41 1200   -9.0   -9.0 -9.00   -9.0   -9   -9.0   -9   -9.0   -9   -9.0   -9   -9.0   -9 -99.0 -99.0 -99.0 -99.0 -99.0
20260729  99  1.3  1087  27  2.9 1707  27  6.5 1602  27.2  32.0 1432  24.5 2356  24.5  31.3  24.5  85.9  65.0 1303  30.8   5.8   4.1 -9.00 1008.2 1011.7 1013.8    1 1009.7 1808  0.0  8.8 14.2 -9.0 22.70  3.37 1100   -9.0   -9.0 -9.00   -9.0   -9   -9.0   -9   -9.0   -9   -9.0   -9   -9.0   -9 -99.0 -99.0 -99.0 -99.0 -99.0
20260729 100  4.0  3419  27  6.3 1535  27 10.6  934  25.4  29.7 1516  22.5   50  21.2  26.7  20.5  78.4  61.0 1510  25.1   7.5   5.3 -9.00  924.8 1008.7 1011.5    1 1006.3 1732  3.3 12.8 14.2 -9.0 27.13  3.35 1200   -9.0   -9.0 -9.00   -9.0   -9   -9.0   -9   -9.0   -9   -9.0   -9   -9.0   -9 -99.0 -99.0 -99.0 -99.0 -99.0
20260729 101  1.7  1506  20  4.7 1642  20  7.4 1517  28.8  33.7 1501  23.5  543  22.9  33.3  22.8  72.6  49.0 1615  27.9   7.6   5.3 -9.00 1000.8 1009.3 1011.8   25 1006.7 1654  0.8 10.3 14.2 -9.0 25.32  3.45 1200   -9.0   -9.0 -9.00   -9.0   -9   -9.0   -9   -9.0   -9   -9.0   -9   -9.0   -9  28.1  25.1  23.2  18.7  15.6
20260729 102  2.1  1784  25  4.1 1655  16  7.5 1210  26.3  29.5 1246  23.7  603  23.4  32.5  23.5  85.0  67.0 1247  28.8   5.5   3.9 -9.00 1006.4 1010.5 1012.7    1 1008.5 1840  4.5  7.5 14.2 -9.0 23.54  3.08 1300   -9.0   -9.0 -9.00   -9.0   -9   -9.0   -9   -9.0   -9   -9.0   -9   -9.0   -9 -99.0 -99.0 -99.0 -99.0 -99.0
20260729 104  1.8  1570  27  4.7 2116  27  8.6 2041  31.2  37.8 1507  24.0  247  22.7  31.8  22.6  62.9  37.0 1502  27.7   9.0   6.3 -9.00  997.2 1005.6 1009.1    1 1003.4 1806  4.5 13.0 14.2 -9.0 25.93  3.29 1200   -9.0   -9.0 -9.00   -9.0   -9   -9.0   -9   -9.0   -9   -9.0   -9   -9.0   -9  26.8  24.1  22.0  17.2  14.4
20260729 105  3.4  2950  23  5.8 2235  23 12.0 2117  32.4  36.6 1444  27.4    1  21.3  32.2  25.5  52.5  41.0 1556  25.3  10.6   7.4 -9.00 1003.6 1006.6 1009.9    1 1004.4 1824  4.4 12.4 14.2 -9.0 24.40  3.30 1200   -9.0   -9.0 -9.00   -9.0   -9   -9.0   -9   -9.0   -9   -9.0   -9   -9.0   -9  28.2  25.3  23.6  18.6  16.0
20260729 106  2.7  2343  25  4.9 1936  27  9.7 1934  31.7  36.6 1431  25.0    9  21.6  32.5  22.8  56.9  43.0 1122  25.8  10.3   7.2 -9.00 1002.4 1006.9 1010.4    1 1004.8 1922  3.3 12.5 14.2 -9.0 26.43  3.37 1200   -9.0   -9.0 -9.00   -9.0   -9   -9.0   -9   -9.0   -9   -9.0   -9   -9.0   -9 -99.0 -99.0 -99.0 -99.0 -99.0
20260729 108  3.0  2576  29  5.0 1831  29  8.6 1352  28.5  32.6 1438  26.1  608  23.4  31.1  25.3  74.9  57.0 1425  28.8   7.7   5.4 -9.00 1001.6 1011.2 1013.5    2 1009.2 1809  3.3 10.3 14.2 -9.0 26.78  3.54 1300   -9.0   -9.0 -9.00   -9.0   -9   -9.0   -9   -9.0   -9   -9.0   -9   -9.0   -9  28.1  25.5  24.5  20.1  15.5
20260729 112  2.8  2455  23  4.8 1543  25  8.5 1512  27.5  29.9 1236  26.1  541  25.5  30.5  24.9  89.3  79.0 1243  32.6   6.2   4.3 -9.00 1003.6 1011.5 1013.4    1 1009.5 1840  2.8  8.7 14.2 -9.0 24.57  3.44 1200   -9.0   -9.0 -9.00   -9.0   -9   -9.0   -9   -9.0   -9   -9.0   -9   -9.0   -9  26.5  24.8  19.1  22.3  15.5
20260729 114  1.9  1680  23  3.7 1231  32  7.7 1535  28.9  34.0 1457  25.8  535  22.9  33.5  23.9  71.6  51.0 1620  28.0   7.0   4.9 -9.00  993.7 1010.6 1012.8    3 1007.8 1733  3.3  7.6 14.2 -9.0 23.26  3.42 1200   -9.0   -9.0 -9.00   -9.0   -9   -9.0   -9   -9.0   -9   -9.0   -9   -9.0   -9 -99.0 -99.0 -99.0 -99.0 -99.0
20260729 115  3.6  3141  25  6.0  409  25  9.2 2237  29.4  33.1 1333  24.6    5  23.4  31.2  22.9  70.8  58.0 1327  28.8   8.0   5.6 -9.00  982.6 1007.1 1010.8    1 1005.4 1707  5.9 10.4 14.2 -9.0 23.61  3.05 1100    0.0   -9.0  0.42    0.0   -9    0.0   -9   -9.0   -9   -9.0   -9   -9.0   -9  25.1  21.6  19.9  14.5  13.7
20260729 119  2.7  2293  27  4.6 1444  25  8.7 1546  27.9  31.9 1416  25.3  559  23.2  36.0  24.6  77.1  50.0 1434  28.4   7.2   5.1 -9.00 1006.7 1011.2 1013.4    8 1009.2 1826  2.4 10.3 14.2 -9.0 26.09  3.40 1300   -9.0   -9.0 -9.00   -9.0   -9   -9.0   -9   -9.0   -9   -9.0   -9   -9.0   -9  27.6  24.9  22.7  17.9  15.0
20260729 121  1.6  1380  27  3.8 1118  27  6.6 1111  28.2  33.7 1424  24.4  529  22.9  34.5  21.6  74.3  51.0 1425  28.0   6.4   4.5 -9.00  983.6 1010.5 1012.7   18 1007.8 1803  4.1  7.6 14.2 -9.0 22.73  3.19 1300   -9.0   -9.0 -9.00   -9.0   -9   -9.0   -9   -9.0   -9   -9.0   -9   -9.0   -9 -99.0 -99.0 -99.0 -99.0 -99.0
20260729 127  2.4  2032  23  4.5 1429  20  8.2 1526  28.5  33.1 1532  25.4 2400  22.9  29.9  23.7  72.6  55.0 1414  27.9   6.3   4.4 -9.00  997.3 1010.2 1012.4   57 1007.7 1740  4.4  5.7 14.1 -9.0 20.32  3.05 1400   -9.0   -9.0 -9.00   -9.0   -9   -9.0   -9   -9.0   -9   -9.0   -9   -9.0   -9 -99.0 -99.0 -99.0 -99.0 -99.0
20260729 129  1.7  1501  23  4.6 1624  23  6.9 1521  28.4  32.5 1314  25.4  607  24.4  30.5  22.2  81.3  52.0 1318  30.6   6.7   4.7 -9.00 1009.0 1011.9 1014.2    1 1010.0 1815  0.9  9.0 14.1 -9.0 24.31  3.27 1400   -9.0   -9.0 -9.00   -9.0   -9   -9.0   -9   -9.0   -9   -9.0   -9   -9.0   -9  27.3  24.9  22.9  18.3  15.8
20260729 130  2.0  1759  18  3.8 1432  25  8.1 1719  30.8  37.3 1307  25.0  100  23.6  31.6  23.5  66.8  48.0 1254  29.1  -9.0  -9.0 -9.00 1001.8 1007.3 1011.0    1 1005.4 1750  2.0 12.8 14.1 -9.0 -9.00 -9.00   -9   -9.0   -9.0 -9.00   -9.0   -9   -9.0   -9   -9.0   -9   -9.0   -9   -9.0   -9 -99.0 -99.0 -99.0 -99.0 -99.0
20260729 131  1.7  1475  27  3.1 1451  27  6.2 1337  29.4  34.2 1620  26.3  412  22.9  32.2  26.7  69.5  49.0 1549  27.9   7.4   5.2 -9.00 1004.4 1011.0 1013.4    1 1008.4 1821  4.4  8.1 14.1 -9.0 24.67  3.25 1300   -9.0   -9.0 -9.00   -9.0   -9   -9.0   -9   -9.0   -9   -9.0   -9   -9.0   -9 -99.0 -99.0 -99.0 -99.0 -99.0
20260729 133  1.5  1328  32  3.6  958  34  7.5 1016  29.1  33.9 1528  25.7 2351  23.5  33.9  23.7  73.6  51.0 1345  28.9   6.8   4.7 -9.00 1003.9 1011.6 1013.9    1 1009.1 1813  4.9 10.3 14.1 -9.0 25.54  3.52 1200   -9.0   -9.0 -9.00   -9.0   -9   -9.0   -9   -9.0   -9   -9.0   -9   -9.0   -9  29.5  27.5  25.4  21.0  17.6
20260729 135  3.9  3345  27  6.4  559  29 11.0  556  27.7  31.3 1537  25.2  311  22.4  30.5  25.7  73.6  60.0 1424  27.1   6.6   4.6 -9.00  983.1 1010.5 1013.0    1 1008.0 1822  5.8  6.7 14.1 -9.0 21.04  2.59 1400   -9.0   -9.0 -9.00   -9.0   -9   -9.0   -9   -9.0   -9   -9.0   -9   -9.0   -9 -99.0 -99.0 -99.0 -99.0 -99.0
20260729 136  2.5  2163  27  4.8 1522  27 10.1 1310  29.2  33.8 1555  25.2  534  22.4  38.4  23.7  67.9  52.0 1525  27.1   8.3   5.8 -9.00  994.6 1010.4 1012.6    1 1008.4 1731  4.0 11.5 14.1 -9.0 26.43  3.15 1300   -9.0   -9.0 -9.00   -9.0   -9   -9.0   -9   -9.0   -9   -9.0   -9   -9.0   -9 -99.0 -99.0 -99.0 -99.0 -99.0
20260729 137  1.8  1518  27  3.1  842  25  8.2 1500  29.2  33.2 1423  26.7  315  23.4  36.1  24.0  71.9  56.0 1730  28.8   6.6   4.6 -9.00  998.7 1009.6 1011.9    1 1007.3 1806  5.4  9.4 14.1 -9.0 23.06  3.12 1300   -9.0   -9.0 -9.00   -9.0   -9   -9.0   -9   -9.0   -9   -9.0   -9   -9.0   -9 -99.0 -99.0 -99.0 -99.0 -99.0
20260729 138  3.3  2851  25  5.2 1149  29  9.9 1747  31.8  36.2 1347  27.7    1  21.4  37.9  25.0  55.6  39.0 1630  25.5  10.7   7.5 -9.00 1007.4 1007.8 1010.8    1 1005.9 1634  4.6 10.9 14.1 -9.0 26.31  3.35 1200   -9.0   -9.0 -9.00   -9.0   -9   -9.0   -9   -9.0   -9   -9.0   -9   -9.0   -9  26.9  23.1  21.4  18.0  16.4
20260729 140  2.2  1877  29  4.8 1557  27  7.2 1341  28.0  31.3 1528  25.2  600  25.0  35.2  22.2  84.4  67.0 1330  31.7  -9.0  -9.0 -9.00 1009.6 1012.8 1014.8    1 1010.9 1817  3.3 11.9 14.1 -9.0 -9.00 -9.00   -9   -9.0   -9.0 -9.00   -9.0   -9   -9.0   -9   -9.0   -9   -9.0   -9   -9.0   -9 -99.0 -99.0 -99.0 -99.0 -99.0
20260729 143  3.1  2699  27  4.9  929  29  7.6 1026  31.0  35.3 1532  28.0  453  21.2  36.3  27.2  56.9  42.0 1435  25.2   9.6   6.7 -9.00 1003.1 1009.2 1011.7    1 1007.0 1823  5.8 10.9 14.1 -9.0 25.79  3.39 1300   -9.0   -9.0 -9.00   -9.0   -9   -9.0   -9   -9.0   -9   -9.0   -9   -9.0   -9 -99.0 -99.0 -99.0 -99.0 -99.0
20260729 146  2.3  1974  27  4.5 1659  32  7.8 1647  29.2  33.5 1517  26.4  420  23.9  34.3  24.9  74.1  51.0 1658  29.6   7.1   5.0 -9.00 1005.0 1011.8 1014.2    1 1009.5 1806  5.8  9.6 14.0 -9.0 23.67  2.68 1400   -9.0   -9.0 -9.00   -9.0   -9   -9.0   -9   -9.0   -9   -9.0   -9   -9.0   -9 -99.0 -99.0 -99.0 -99.0 -99.0
20260729 152  2.7  2348  29  4.4 1232  32  8.5 1202  31.4  36.1 1507  27.5  540  20.5  37.4  26.5  53.9  37.0 1546  24.2   9.7   6.8 -9.00  999.0 1008.0 1010.9    1 1005.8 1754  6.1  9.3 14.0 -9.0 24.66  3.28 1300   -9.0   -9.0 -9.00   -9.0   -9   -9.0   -9   -9.0   -9   -9.0   -9   -9.0   -9 -99.0 -99.0 -99.0 -99.0 -99.0
20260729 155  1.3  1146  29  3.3 1418  34  7.2 1418  32.5  38.8 1542  27.8  559  22.4  36.2  26.0  56.9  37.0 1543  27.1   8.3   5.8 -9.00 1005.5 1009.4 1012.0   17 1006.7 1738  6.1  9.1 14.0 -9.0 24.71  3.46 1200   -9.0   -9.0 -9.00   -9.0   -9   -9.0   -9   -9.0   -9   -9.0   -9   -9.0   -9 -99.0 -99.0 -99.0 -99.0 -99.0
20260729 156  1.3  1135   5  2.9 1139  32  6.5 1508  29.4  34.3 1408  25.9  541  24.5  37.3  22.7  75.9  56.0 1410  30.7   6.6   4.7 -9.00 1003.8 1011.7 1014.1    1 1009.4 1836  3.3  8.9 14.0 -9.0 23.66  3.22 1400   -9.0   -9.0 -9.00   -9.0   -9   -9.0   -9   -9.0   -9   -9.0   -9   -9.0   -9 -99.0 -99.0 -99.0 -99.0 -99.0
20260729 159  2.3  2013  23  5.9 1604  29 10.2 1438  31.9  38.8 1456  28.5  544  22.1  36.3  24.7  57.6  36.0 1457  26.7   9.5   6.6 -9.00 1000.6 1008.4 1011.2    3 1006.1 1804  6.3  9.3 14.0 -9.0 25.54  3.54 1300   -9.0   -9.0 -9.00   -9.0   -9   -9.0   -9   -9.0   -9   -9.0   -9   -9.0   -9  29.1  25.5  23.5  18.5  17.8
20260729 162  1.9  1623  25  4.9 1214  25  7.3 1306  29.7  34.6 1544  26.1 2345  23.1  33.4  22.7  69.4  48.0 1307  28.3   7.9   5.5 -9.00 1005.5 1009.0 1011.4    8 1006.7 1737  5.0 10.2 14.0 -9.0 25.47  3.38 1300   -9.0   -9.0 -9.00   -9.0   -9   -9.0   -9   -9.0   -9   -9.0   -9   -9.0   -9 -99.0 -99.0 -99.0 -99.0 -99.0
20260729 165  2.6  2251  32  6.0 1155  32  9.3 1150  28.1  31.5 1316  25.8  427  25.2  35.4  22.5  85.4  68.0 1441  32.0   6.8   4.7 -9.00 1007.4 1012.5 1014.5   34 1010.5 1721  4.1  9.5 14.0 -9.0 24.86  3.77 1200   -9.0   -9.0 -9.00   -9.0   -9   -9.0   -9   -9.0   -9   -9.0   -9   -9.0   -9  29.2  25.5  23.8  19.9  17.1
20260729 168  5.4  4677  34  8.4 2323  34 12.7 1152  31.0  35.8 1651  27.6  646  22.1  36.5  27.5  60.1  45.0 1600  26.5  10.7   7.5 -9.00 1003.1 1010.5 1012.8    8 1008.1 1816  3.5  9.6 14.0 -9.0 25.50  3.48 1200   -9.0   -9.0 -9.00   -9.0   -9   -9.0   -9   -9.0   -9   -9.0   -9   -9.0   -9  30.7  26.6  23.7  19.2  17.3
20260729 169  1.4  1233  36  3.1 1153  34  4.7 1640  28.5  32.3 1143  25.4  453  25.1  33.6  24.7  82.6  66.0 1633  31.9   6.2   4.4 -9.00 1004.0 1012.5 1014.6    1 1010.6 1819  3.0 11.9 14.0 -9.0 24.46  3.17 1100   -9.0   -9.0 -9.00   -9.0   -9   -9.0   -9   -9.0   -9   -9.0   -9   -9.0   -9 -99.0 -99.0 -99.0 -99.0 -99.0
20260729 170  3.0  2615  29  4.9 1333  34  9.5 1330  29.5  34.0 1518  26.6    5  24.6  36.8  26.1  75.8  57.0 1610  30.8   8.0   5.6 -9.00 1008.1 1012.1 1014.3    5 1010.0 1735  2.6 10.9 14.0 -9.0 25.91  3.50 1300   -9.0   -9.0 -9.00   -9.0   -9   -9.0   -9   -9.0   -9   -9.0   -9   -9.0   -9 -99.0 -99.0 -99.0 -99.0 -99.0
20260729 172  2.1  1846  29  5.4 1529  27  8.0 1314  28.1  32.7 1502  24.7 2355  24.1  31.1  21.6  81.0  58.0 1354  30.1   7.4   5.2 -9.00 1005.9 1011.8 1013.9    1 1009.8 1817  4.6 10.0 14.0 -9.0 25.61  3.35 1300   -9.0   -9.0 -9.00   -9.0   -9   -9.0   -9   -9.0   -9   -9.0   -9   -9.0   -9 -99.0 -99.0 -99.0 -99.0 -99.0
20260729 174  2.8  2390  32  4.6 1126  27  9.3 1400  28.2  33.3 1623  24.7  534  22.0  36.0  23.5  70.5  50.0 1530  26.5  -9.0  -9.0 -9.00  991.2 1009.6 1012.3    2 1007.0 1831  2.9  9.0 14.0 -9.0 -9.00 -9.00   -9   -9.0   -9.0 -9.00   -9.0   -9   -9.0   -9   -9.0   -9   -9.0   -9   -9.0   -9 -99.0 -99.0 -99.0 -99.0 -99.0
20260729 177  2.2  1870  23  4.8 1738  23  7.1 1704  28.8  33.4 1310  24.8  557  24.0  34.3  23.6  77.0  53.0 1311  29.9   6.8   4.7 -9.00 1007.3 1010.4 1012.7    1 1008.5 1917  2.4  9.3 14.1 -9.0 24.33  3.46 1300   -9.0   -9.0 -9.00   -9.0   -9   -9.0   -9   -9.0   -9   -9.0   -9   -9.0   -9 -99.0 -99.0 -99.0 -99.0 -99.0
20260729 181  2.1  1827  32  4.7 1450  34  7.1 1533  27.6  32.2 1348  24.5  243  23.2  30.1  23.2  78.6  55.0 1557  28.5   6.4   4.4 -9.00 1007.8 1011.6 1013.9    1 1009.3 1725  3.5  9.4 14.1 -9.0 23.54  3.26 1300   -9.0   -9.0 -9.00   -9.0   -9   -9.0   -9   -9.0   -9   -9.0   -9   -9.0   -9 -99.0 -99.0 -99.0 -99.0 -99.0
20260729 184  3.2  2787  34  5.4 1300  34  8.1 1253  30.6  34.1 1518  28.1  306  23.8  38.1  26.4  67.8  56.0 1248  29.5   7.8   5.5 -9.00 1009.7 1012.0 1014.2    1 1010.1 1905  4.8  9.0 13.9 -9.0 21.82  3.32 1100   -9.0   -9.0 -9.00   -9.0   -9   -9.0   -9   -9.0   -9   -9.0   -9   -9.0   -9  31.5  28.9  27.6  24.3  18.8
20260729 185  3.4  2977  29  6.6 1711  32  7.9 1823  28.8  32.1 1425  26.5 2334  24.7  34.5  25.6  79.0  67.0 1737  31.1   7.5   5.2 -9.00 1004.4 1012.4 1014.6    5 1010.4 1835  4.8 10.6 13.9 -9.0 24.61  3.03 1300   -9.0   -9.0 -9.00   -9.0   -9   -9.0   -9   -9.0   -9   -9.0   -9   -9.0   -9 -99.0 -99.0 -99.0 -99.0 -99.0
20260729 188  1.9  1638  29  4.4 2323  29  7.0 2322  28.8  32.4 1219  25.3  554  23.7  32.7  24.9  74.6  61.0 1749  29.3  -9.0  -9.0 -9.00 1010.2 1012.5 1014.6   10 1010.5 1838  4.8  3.8 13.9 -9.0 -9.00 -9.00   -9   -9.0   -9.0 -9.00   -9.0   -9   -9.0   -9   -9.0   -9   -9.0   -9   -9.0   -9 -99.0 -99.0 -99.0 -99.0 -99.0
20260729 189  1.8  1569  23  5.5 1455  27 11.4 1621  29.4  33.6 1735  26.2  534  23.6  36.8  23.8  72.1  53.0 1728  29.2   6.6   4.6 -9.00 1006.4 1012.3 1014.7    1 1009.9 1743  4.8  6.9 13.9 -9.0 21.59  3.25 1300   -9.0   -9.0 -9.00   -9.0   -9   -9.0   -9   -9.0   -9   -9.0   -9   -9.0   -9 -99.0 -99.0 -99.0 -99.0 -99.0
20260729 192  0.9   786  34  2.6 1737  32  4.8 1733  30.5  37.2 1456  25.5  549  22.8 -99.0  22.7  65.5  44.0 1427  27.7   7.8   5.4 -9.00 1006.7 1010.0 1012.5   17 1007.4 1823  4.8  9.6 14.0 -9.0 25.10  3.41 1200   -9.0   -9.0 -9.00   -9.0   -9   -9.0   -9   -9.0   -9   -9.0   -9   -9.0   -9 -99.0 -99.0 -99.0 -99.0 -99.0
20260729 201  2.6  2267  23  4.8 1322  23  7.1 1325  26.2  29.3 1234  24.5  543  25.0  28.3  23.0  94.4  77.0 1125  31.8  -9.0  -9.0 -9.00 1006.7 1012.1 1014.1    1 1010.1 1833  0.0  3.5 14.2 -9.0 -9.00 -9.00   -9   -9.0   -9.0 -9.00   -9.0   -9   -9.0   -9   -9.0   -9   -9.0   -9   -9.0   -9 -99.0 -99.0 -99.0 -99.0 -99.0
20260729 202  1.7  1466  29  3.4 1722  29  6.7 1716  28.9  33.8 1426  25.6  541  22.6  34.9  23.7  70.8  48.0 1525  27.5  -9.0  -9.0 -9.00 1005.9 1011.2 1013.3    1 1008.9 1736  3.0  9.0 14.2 -9.0 -9.00 -9.00   -9   -9.0   -9.0 -9.00   -9.0   -9   -9.0   -9   -9.0   -9   -9.0   -9   -9.0   -9 -99.0 -99.0 -99.0 -99.0 -99.0
20260729 203  1.4  1210  23  2.8 1709  25  6.3 1740  28.7  33.6 1444  25.5 2311  23.8  31.5  24.3  76.4  57.0 1555  29.6  -9.0  -9.0 -9.00 1002.6 1011.6 1013.7    1 1009.3 1739  3.3  8.0 14.2 -9.0 -9.00 -9.00   -9   -9.0   -9.0 -9.00   -9.0   -9   -9.0   -9   -9.0   -9   -9.0   -9   -9.0   -9 -99.0 -99.0 -99.0 -99.0 -99.0
20260729 211  2.2  1930  20  4.4 1308  23  8.1 1225  27.9  32.3 1551  24.2    4  22.5  30.0  23.2  73.9  55.0 1519  27.2  -9.0  -9.0 -9.00  986.9 1009.5 1012.1    4 1006.9 1716  3.1  5.9 14.2 -9.0 -9.00 -9.00   -9   -9.0   -9.0 -9.00   -9.0   -9   -9.0   -9   -9.0   -9   -9.0   -9   -9.0   -9 -99.0 -99.0 -99.0 -99.0 -99.0
20260729 212  1.3  1086  29  3.6 1425  25  7.5 1135  28.5  33.9 1522  24.1  545  22.5  31.3  23.1  71.8  48.0 1509  27.2  -9.0  -9.0 -9.00  995.1 1010.8 1013.0    1 1008.3 1707  1.9 10.4 14.2 -9.0 -9.00 -9.00   -9   -9.0   -9.0 -9.00   -9.0   -9   -9.0   -9   -9.0   -9   -9.0   -9   -9.0   -9 -99.0 -99.0 -99.0 -99.0 -99.0
20260729 216  1.7  1486  32  3.9  852  36  8.4 1034  27.0  31.7 1254  23.9  513  19.3  29.9  21.1  63.8  48.0 1603  22.4   7.4   5.2 -9.00  930.9 1008.4 1011.2    2 1006.2 1641  3.5 11.2 14.2 -9.0 26.04  3.43 1200   -9.0   -9.0 -9.00   -9.0   -9   -9.0   -9   -9.0   -9   -9.0   -9   -9.0   -9 -99.0 -99.0 -99.0 -99.0 -99.0
20260729 217  1.8  1579  18  4.0 1559  18  7.6 1015  28.9  34.4 1500  22.9  549  22.2  36.3  22.7  69.1  49.0 1525  26.7  -9.0  -9.0 -9.00  975.1 1009.6 1012.2    1 1007.1 1645  3.9 10.5 14.2 -9.0 -9.00 -9.00   -9   -9.0   -9.0 -9.00   -9.0   -9   -9.0   -9   -9.0   -9   -9.0   -9   -9.0   -9 -99.0 -99.0 -99.0 -99.0 -99.0
20260729 221  2.0  1768  27  4.3 1141  25  7.8 1136  27.0  31.7 1502  22.6 2311  22.3  32.3  21.0  76.9  56.0 1136  27.0  -9.0  -9.0 -9.00  981.0 1010.6 1012.7    9 1008.2 1743  4.1  6.7 14.2 -9.0 -9.00 -9.00   -9   -9.0   -9.0 -9.00   -9.0   -9   -9.0   -9   -9.0   -9   -9.0   -9   -9.0   -9 -99.0 -99.0 -99.0 -99.0 -99.0
20260729 226  1.5  1255  34  3.2 1222  36  8.1 1220  27.7  32.5 1459  23.8 2309  23.3  31.8  21.2  78.1  56.0 1504  28.5  -9.0  -9.0 -9.00  992.1 1011.4 1013.8    1 1008.9 1818  4.3  8.2 14.1 -9.0 -9.00 -9.00   -9   -9.0   -9.0 -9.00   -9.0   -9   -9.0   -9   -9.0   -9   -9.0   -9   -9.0   -9 -99.0 -99.0 -99.0 -99.0 -99.0
20260729 232  1.2  1064  25  3.1 1324  27  6.5 1316  27.8  32.2 1552  25.0 2347  24.5  31.5  23.2  84.0  58.0 1347  30.7  -9.0  -9.0 -9.00 1002.6 1012.1 1014.3    1 1009.9 1824  3.8  6.3 14.1 -9.0 -9.00 -9.00   -9   -9.0   -9.0 -9.00   -9.0   -9   -9.0   -9   -9.0   -9   -9.0   -9   -9.0   -9 -99.0 -99.0 -99.0 -99.0 -99.0
20260729 235  1.0   894  20  4.2 1408  23  6.0 1450  28.6  34.0 1312  25.4 2346  24.6  31.6  23.3  80.4  57.0 1252  30.9   5.9   4.1 -9.00 1010.5 1011.6 1013.4    1 1009.6 1831  1.3  9.4 14.1 -9.0 26.25  3.35 1200   -9.0   -9.0 -9.00   -9.0   -9   -9.0   -9   -9.0   -9   -9.0   -9   -9.0   -9 -99.0 -99.0 -99.0 -99.0 -99.0
20260729 236  0.8   679  27  3.3 1635  27  5.5 1633  28.1  33.7 1305  23.7  543  23.8  32.8  22.6  79.8  52.0 1127  29.5  -9.0  -9.0 -9.00 1010.6 1012.1 1014.3    1 1010.1 1808  3.0  8.8 14.1 -9.0 -9.00 -9.00   -9   -9.0   -9.0 -9.00   -9.0   -9   -9.0   -9   -9.0   -9   -9.0   -9   -9.0   -9 -99.0 -99.0 -99.0 -99.0 -99.0
20260729 238  1.1   930  34  2.8 1252  29  5.8  953  28.1  33.1 1526  24.1  552  23.6  31.9  22.5  78.3  57.0 1438  29.1  -9.0  -9.0 -9.00  992.0 1011.1 1013.6   15 1008.7 1752  6.1  8.4 14.1 -9.0 -9.00 -9.00   -9   -9.0   -9.0 -9.00   -9.0   -9   -9.0   -9   -9.0   -9   -9.0   -9   -9.0   -9 -99.0 -99.0 -99.0 -99.0 -99.0
20260729 239  1.3  1147  32  2.9 1235  32  5.2 1405  27.8  32.8 1615  24.6  332  23.8  33.7  23.8  80.4  56.0 1343  29.5   6.5   4.5 -9.00 1000.9 1011.0 1013.3    1 1008.6 1656  3.3  8.2 14.1 -9.0 24.08  3.48 1200   -9.0   -9.0 -9.00   -9.0   -9   -9.0   -9   -9.0   -9   -9.0   -9   -9.0   -9 -99.0 -99.0 -99.0 -99.0 -99.0
20260729 243  1.3  1152  27  3.4 1244  25  6.1 1602  28.2  32.2 1354  25.0  518  23.7  34.1  21.8  78.3  58.0 1602  29.3  -9.0  -9.0 -9.00 1011.0 1012.4 1014.4    1 1010.6 1821  3.8 11.4 14.0 -9.0 -9.00 -9.00   -9   -9.0   -9.0 -9.00   -9.0   -9   -9.0   -9   -9.0   -9   -9.0   -9   -9.0   -9 -99.0 -99.0 -99.0 -99.0 -99.0
20260729 244  1.2   996   7  3.7 1016   5  5.9 1008  27.2  32.4 1333  23.6  440  22.8  29.6  22.2  78.8  53.0 1335  27.8  -9.0  -9.0 -9.00  983.9 1011.6 1014.2   16 1009.3 1751  5.4  7.7 14.0 -9.0 -9.00 -9.00   -9   -9.0   -9.0 -9.00   -9.0   -9   -9.0   -9   -9.0   -9   -9.0   -9   -9.0   -9 -99.0 -99.0 -99.0 -99.0 -99.0
20260729 245  1.8  1563  34  4.4 1305  34  6.9 1256  28.4  33.5 1522  24.7  514  23.5  32.6  22.8  76.8  56.0 1251  29.0   6.2   4.4 -9.00 1004.3 1012.1 1014.2    1 1010.0 1746  4.5  9.2 14.0 -9.0 21.39  2.65 1100   -9.0   -9.0 -9.00   -9.0   -9   -9.0   -9   -9.0   -9   -9.0   -9   -9.0   -9 -99.0 -99.0 -99.0 -99.0 -99.0
20260729 247  1.1   954  29  3.8 1324   2  6.1 1043  28.2  33.8 1517  24.2  546  23.6  33.0  23.0  77.6  55.0 1518  29.1  -9.0  -9.0 -9.00  996.4 1011.4 1013.9    6 1008.9 1805  6.1  8.0 14.0 -9.0 -9.00 -9.00   -9   -9.0   -9.0 -9.00   -9.0   -9   -9.0   -9   -9.0   -9   -9.0   -9   -9.0   -9 -99.0 -99.0 -99.0 -99.0 -99.0
20260729 248  1.2  1066  36  3.4 1053  34  7.0 1236  25.3  31.2 1543  21.1 2356  22.0  28.7  19.8  84.0  60.0 1203  26.5  -9.0  -9.0 -9.00  966.6 1012.0 1014.7    6 1009.4 1543  6.9  6.3 14.0 -9.0 -9.00 -9.00   -9   -9.0   -9.0 -9.00   -9.0   -9   -9.0   -9   -9.0   -9   -9.0   -9   -9.0   -9 -99.0 -99.0 -99.0 -99.0 -99.0
20260729 251  1.5  1318  29  3.8 1549  34  5.9 1322  28.2  33.4 1320  24.3  154  24.7  31.3  23.4  83.3  59.0 1327  31.2   6.6   4.6 -9.00 1006.2 1011.9 1014.2    1 1009.8 1817  3.9  9.7 14.0 -9.0 23.57  3.26 1300   -9.0   -9.0 -9.00   -9.0   -9   -9.0   -9   -9.0   -9   -9.0   -9   -9.0   -9 -99.0 -99.0 -99.0 -99.0 -99.0
20260729 252  1.2  1060  34  3.3 1311  29  6.1 1449  27.9  32.1 1433  24.3  559  24.1  33.1  22.5  81.4  63.0 1435  30.0   6.2   4.4 -9.00 1007.8 1012.1 1014.1    1 1010.1 1902  4.4 10.0 14.0 -9.0 23.94  3.08 1400   -9.0   -9.0 -9.00   -9.0   -9   -9.0   -9   -9.0   -9   -9.0   -9   -9.0   -9 -99.0 -99.0 -99.0 -99.0 -99.0
20260729 253  1.7  1443  27  4.0 1338  34  7.1 1226  32.3  39.0 1520  27.7  519  23.1  37.9  25.7  59.8  40.0 1513  28.2   8.2   5.8 -9.00 1003.7 1009.8 1012.5    1 1007.2 1755  5.8  8.8 14.0 -9.0 22.64  3.06 1300   -9.0   -9.0 -9.00   -9.0   -9   -9.0   -9   -9.0   -9   -9.0   -9   -9.0   -9 -99.0 -99.0 -99.0 -99.0 -99.0
20260729 254  1.6  1409  34  4.3 1637  27  6.9 1305  28.0  33.6 1517  23.8  523  22.8  34.4  22.3  75.5  51.0 1327  27.8   7.2   5.1 -9.00  997.5 1012.1 1014.5   23 1009.6 1819  5.3  9.5 14.0 -9.0 24.30  3.05 1200   -9.0   -9.0 -9.00   -9.0   -9   -9.0   -9   -9.0   -9   -9.0   -9   -9.0   -9 -99.0 -99.0 -99.0 -99.0 -99.0
20260729 255  2.4  2115  32  4.8  922  34  8.3 1144  32.8  39.0 1536  28.6  527  22.7  37.4  24.0  56.6  39.0 1530  27.5   9.2   6.5 -9.00 1003.3 1008.9 1011.6    1 1005.9 1720  5.9  9.8 14.0 -9.0 23.58  3.15 1200   -9.0   -9.0 -9.00   -9.0   -9   -9.0   -9   -9.0   -9   -9.0   -9   -9.0   -9 -99.0 -99.0 -99.0 -99.0 -99.0
20260729 257  1.9  1680  29  4.2 1133  27  9.0 1433  33.8  40.3 1533  29.1  358  23.4  41.4  26.2  56.3  34.0 1606  28.7   9.0   6.3 -9.00 1008.1 1008.8 1011.6    1 1006.2 1731  5.1  9.1 14.0 -9.0 24.43  3.15 1300   -9.0   -9.0 -9.00   -9.0   -9   -9.0   -9   -9.0   -9   -9.0   -9   -9.0   -9 -99.0 -99.0 -99.0 -99.0 -99.0
20260729 258  3.4  2914  32  4.6  116  36  8.7 1045  29.7  34.4 1534  26.4  437  24.1  30.7  25.1  73.3  55.0 1432  30.0   8.4   5.8 -9.00 1011.3 1011.5 1013.8    3 1009.1 1658  4.6  9.6 14.0 -9.0 26.46  3.67 1200   -9.0   -9.0 -9.00   -9.0   -9   -9.0   -9   -9.0   -9   -9.0   -9   -9.0   -9 -99.0 -99.0 -99.0 -99.0 -99.0
20260729 259  1.6  1377  27  3.6 1352  29  6.9 1315  29.5  34.9 1321  25.4  602  24.7  33.6  24.4  77.0  53.0 1323  31.1   6.9   4.8 -9.00 1009.8 1011.6 1013.8    4 1009.4 1729  3.1  7.8 14.0 -9.0 23.10  3.60 1300   -9.0   -9.0 -9.00   -9.0   -9   -9.0   -9   -9.0   -9   -9.0   -9   -9.0   -9 -99.0 -99.0 -99.0 -99.0 -99.0
20260729 260  2.1  1788  32  4.7 1648  34  7.5 1542  28.9  34.2 1607  24.8  558  24.5  35.0  24.1  78.4  57.0 1525  30.8  -9.0  -9.0 -9.00 1006.5 1011.5 1013.9   20 1009.2 1720  3.9  9.0 14.0 -9.0 -9.00 -9.00   -9   -9.0   -9.0 -9.00   -9.0   -9   -9.0   -9   -9.0   -9   -9.0   -9   -9.0   -9 -99.0 -99.0 -99.0 -99.0 -99.0
20260729 261  2.6  2206  29  5.5 1620  29  9.4 1504  28.9  33.5 1455  25.3  414  25.3  36.9  22.4  82.3  63.0 1458  32.2  -9.0  -9.0 -9.00 1010.6 1012.4 1014.6    5 1010.2 1728  3.9  8.4 14.0 -9.0 -9.00 -9.00   -9   -9.0   -9.0 -9.00   -9.0   -9   -9.0   -9   -9.0   -9   -9.0   -9   -9.0   -9 -99.0 -99.0 -99.0 -99.0 -99.0
20260729 262  3.4  2955  29  6.6 1154  32  9.6 1145  29.9  34.7 1417  25.9  416  23.7  36.4  26.1  70.9  51.0 1526  29.4   8.3   5.8 -9.00 1005.3 1011.2 1013.5   38 1008.8 1714  3.9  9.4 14.0 -9.0 23.52  3.04 1300   -9.0   -9.0 -9.00   -9.0   -9   -9.0   -9   -9.0   -9   -9.0   -9   -9.0   -9 -99.0 -99.0 -99.0 -99.0 -99.0
20260729 263  1.6  1382  34  4.2 1455  34  8.2 1330  30.6  38.4 1545  25.0  555  23.7  38.5  22.7  69.1  42.0 1541  29.3   8.1   5.7 -9.00 1008.2 1009.8 1012.2    7 1007.1 1703  5.6  7.8 14.0 -9.0 24.12  3.42 1200   -9.0   -9.0 -9.00   -9.0   -9   -9.0   -9   -9.0   -9   -9.0   -9   -9.0   -9 -99.0 -99.0 -99.0 -99.0 -99.0
20260729 264  2.6  2245  29  4.5 1701  29  7.8 1143  29.8  34.7 1632  25.3  357  23.6  35.3  23.7  70.8  53.0 1447  29.2   8.4   5.9 -9.00  993.9 1010.9 1013.7   17 1008.4 1802  5.3 10.7 14.0 -9.0 27.18  3.47 1300    0.0   -9.0 -9.00    0.0   -9    0.0   -9   -9.0   -9   -9.0   -9   -9.0   -9 -99.0 -99.0 -99.0 -99.0 -99.0
20260729 266  2.0  1724  29  4.4 1814  29 10.1 1737  30.8  36.4 1517  26.6  639  22.4  40.8  25.3  62.5  45.0 1500  27.1   8.8   6.2 -9.00 1000.8 1010.6 1013.1    4 1008.2 1800  3.4  9.5 14.0 -9.0 26.34  3.39 1200   -9.0   -9.0 -9.00   -9.0   -9   -9.0   -9   -9.0   -9   -9.0   -9   -9.0   -9 -99.0 -99.0 -99.0 -99.0 -99.0
20260729 268  1.5  1316  27  3.6 1313  32  6.7 1230  27.8  31.7 1441  24.7 2352  24.9  36.1  23.2  85.6  68.0 1150  31.6  -9.0  -9.0 -9.00 1010.1 1011.2 1013.3    1 1009.3 1822  3.8 10.2 14.0 -9.0 -9.00 -9.00   -9   -9.0   -9.0 -9.00   -9.0   -9   -9.0   -9   -9.0   -9   -9.0   -9   -9.0   -9 -99.0 -99.0 -99.0 -99.0 -99.0
20260729 271  1.6  1386  29  4.4 1259  27  8.0  829  28.1  33.0 1336  23.2  244  21.5  33.7  21.4  69.0  49.0 1450  25.6  -9.0  -9.0 -9.00  973.5 1009.5 1012.4   23 1007.5 1715  4.1 11.9 14.1 -9.0 -9.00 -9.00   -9   -9.0   -9.0 -9.00   -9.0   -9   -9.0   -9   -9.0   -9   -9.0   -9   -9.0   -9 -99.0 -99.0 -99.0 -99.0 -99.0
20260729 272  4.6  3954  29  6.4  229  29 12.4 1257  28.6  32.1 1444  26.1 2335  22.0  35.6  24.6  68.4  56.0 1446  26.5  -9.0  -9.0 -9.00  986.0 1009.6 1011.9   27 1007.7 1815  4.4 12.1 14.1 -9.0 -9.00 -9.00   -9   -9.0   -9.0 -9.00   -9.0   -9   -9.0   -9   -9.0   -9   -9.0   -9   -9.0   -9 -99.0 -99.0 -99.0 -99.0 -99.0
20260729 273  2.2  1881  29  4.2 1031  32  8.8  827  28.9  32.8 1450  25.2 2303  22.9  33.5  21.3  70.6  56.0 1451  27.9  -9.0  -9.0 -9.00  990.4 1009.7 1011.7    1 1007.7 1744  4.3  8.0 14.1 -9.0 -9.00 -9.00   -9   -9.0   -9.0 -9.00   -9.0   -9   -9.0   -9   -9.0   -9   -9.0   -9   -9.0   -9 -99.0 -99.0 -99.0 -99.0 -99.0
20260729 276  3.0  2594  29  5.1 1204  29  9.9 1147  29.3  34.2 1438  25.4  552  23.6  33.6  22.3  73.1  54.0 1450  29.2   7.9   5.5 -9.00  985.7 1008.9 1011.3    1 1006.5 1729  4.3  9.7 14.1 -9.0 23.96  3.37 1300   -9.0   -9.0 -9.00   -9.0   -9   -9.0   -9   -9.0   -9   -9.0   -9   -9.0   -9 -99.0 -99.0 -99.0 -99.0 -99.0
20260729 277  4.2  3637  29  7.4  940  29 13.1  725  31.1  36.4 1347  24.8    4  21.9  36.3  24.3  59.3  44.0 1343  26.4  -9.0  -9.0 -9.00 1003.3 1007.9 1011.0    1 1006.2 1742  4.3 12.1 14.1 -9.0 -9.00 -9.00   -9   -9.0   -9.0 -9.00   -9.0   -9   -9.0   -9   -9.0   -9   -9.0   -9   -9.0   -9 -99.0 -99.0 -99.0 -99.0 -99.0
20260729 278  2.0  1743  29  4.2 1100  29  7.8 1507  29.1  34.1 1358  23.9 2400  23.0  37.2  21.8  71.6  50.0 1639  28.1  -9.0  -9.0 -9.00 1000.0 1009.1 1011.3    1 1007.0 1737  4.6 11.5 14.1 -9.0 -9.00 -9.00   -9   -9.0   -9.0 -9.00   -9.0   -9   -9.0   -9   -9.0   -9   -9.0   -9   -9.0   -9 -99.0 -99.0 -99.0 -99.0 -99.0
20260729 279  1.8  1583  27  3.4 1247  29  8.3 1155  30.6  35.0 1446  27.2  445  22.5  37.4  24.8  62.9  48.0 1427  27.2   7.6   5.3 -9.00 1004.5 1010.0 1012.5    1 1007.7 1813  5.3 10.3 14.1 -9.0 24.45  3.03 1100   -9.0   -9.0 -9.00   -9.0   -9   -9.0   -9   -9.0   -9   -9.0   -9   -9.0   -9 -99.0 -99.0 -99.0 -99.0 -99.0
20260729 281  3.3  2870  27  5.9 1140  27 11.6 1314  30.0  34.5 1348  26.5  534  22.2  32.1  24.8  64.0  48.0 1532  26.7  -9.0  -9.0 -9.00  999.3 1010.0 1012.5    1 1008.1 1744  5.8  9.8 14.1 -9.0 -9.00 -9.00   -9   -9.0   -9.0 -9.00   -9.0   -9   -9.0   -9   -9.0   -9   -9.0   -9   -9.0   -9 -99.0 -99.0 -99.0 -99.0 -99.0
20260729 283  3.4  2976  36  6.4 1536  34 12.0 1238  31.3  36.4 1429  26.9  448  22.0  35.9  25.0  58.9  42.0 1608  26.4  10.4   7.3 -9.00 1004.8 1009.2 1012.0    1 1007.0 1701  5.5  9.7 14.1 -9.0 25.45  3.53 1300   -9.0   -9.0 -9.00   -9.0   -9   -9.0   -9   -9.0   -9   -9.0   -9   -9.0   -9 -99.0 -99.0 -99.0 -99.0 -99.0
20260729 284  1.8  1516  32  4.2 1324  32  6.6 1318  29.1  35.8 1608  23.9  532  22.9  38.7  20.3  70.9  50.0 1238  27.9   8.1   5.7 -9.00  985.0 1010.4 1013.3    1 1007.8 1743  5.6 11.0 14.0 -9.0 26.69  3.56 1200   -9.0   -9.0 -9.00   -9.0   -9   -9.0   -9   -9.0   -9   -9.0   -9   -9.0   -9 -99.0 -99.0 -99.0 -99.0 -99.0
20260729 285  1.2  1054  36  2.8 1248  36  6.1 1354  31.2  37.4 1434  25.8  507  22.9  38.7  25.2  63.4  41.0 1441  27.8  -9.0  -9.0 -9.00 1007.1 1010.1 1012.8   15 1007.7 1817  4.6 -9.0 14.0 -9.0 -9.00 -9.00   -9   -9.0   -9.0 -9.00   -9.0   -9   -9.0   -9   -9.0   -9   -9.0   -9   -9.0   -9 -99.0 -99.0 -99.0 -99.0 -99.0
20260729 288  2.1  1785  32  5.0 1336   9  8.1 1304  32.0  38.0 1613  26.8  511  22.9  36.4  26.6  61.0  38.0 1443  27.9   9.4   6.6 -9.00 1007.0 1007.9 1010.5    1 1005.5 1710  4.4 10.1 14.0 -9.0 26.57  3.38 1200   -9.0   -9.0 -9.00   -9.0   -9   -9.0   -9   -9.0   -9   -9.0   -9   -9.0   -9 -99.0 -99.0 -99.0 -99.0 -99.0
20260729 289  2.7  2324  29  5.2 1346  27 10.2 1144  30.1  35.1 1526  25.6  320  22.6  34.9  23.2  65.3  49.0 1418  27.4  -9.0  -9.0 -9.00  995.8 1011.2 1014.0   13 1008.8 1811  5.8  9.4 14.0 -9.0 -9.00 -9.00   -9   -9.0   -9.0 -9.00   -9.0   -9   -9.0   -9   -9.0   -9   -9.0   -9   -9.0   -9 -99.0 -99.0 -99.0 -99.0 -99.0
20260729 294  1.6  1388  23  4.2 1907  23  9.0 1800  29.7  35.7 1311  26.5  516  22.6  37.0  22.6  66.8  48.0 1314  27.5  -9.0  -9.0 -9.00 1005.4 1010.4 1012.8    1 1007.9 1804  4.6  8.8 14.0 -9.0 -9.00 -9.00   -9   -9.0   -9.0 -9.00   -9.0   -9   -9.0   -9   -9.0   -9   -9.0   -9   -9.0   -9 -99.0 -99.0 -99.0 -99.0 -99.0
20260729 295  1.3  1140  25  3.0 1351  23  6.0 1347  29.8  35.4 1546  25.8  543  22.9  35.0  22.6  68.0  48.0 1543  27.9  -9.0  -9.0 -9.00 1005.2 1010.4 1012.7    1 1007.9 1813  4.1  8.8 14.0 -9.0 -9.00 -9.00   -9   -9.0   -9.0 -9.00   -9.0   -9   -9.0   -9   -9.0   -9   -9.0   -9   -9.0   -9 -99.0 -99.0 -99.0 -99.0 -99.0
20260729 296  1.7  1507  27  4.2 1006  32  7.1 1250  32.7  39.0 1641  28.3 2347  24.1  35.3  23.7  62.4  40.0 1418  30.0   8.6   6.0 -9.00 1008.0 1008.3 1011.0    1 1005.5 1756  5.8  9.0 14.0 -9.0 24.42  3.54 1200   -9.0   -9.0 -9.00   -9.0   -9   -9.0   -9   -9.0   -9   -9.0   -9   -9.0   -9 -99.0 -99.0 -99.0 -99.0 -99.0
20260730  90  2.0  1698  23  4.8  148  27  9.0 1827  30.9  34.6 1629  26.2  540  21.8  34.3  23.2  58.9  47.0  929  26.1   9.0   6.3 -9.00 1003.7 1005.7 1006.6  742 1004.6 1813  0.3 13.5 14.2 -9.0 28.53  3.44 1200   -9.0   -9.0 -9.00   -9.0   -9   -9.0   -9   -9.0   -9   -9.0   -9   -9.0   -9 -99.0 -99.0 -99.0 -99.0 -99.0
20260730  93  0.8   731  20  3.5 1236  18  5.5 1313  27.8  33.4 1609  23.0  602  23.9  31.1  23.2  81.0  58.0 1612  29.6   5.5   3.8 -9.00  998.2 1009.0 1010.5  703 1007.2 1806  2.6 10.2 14.2 -9.0 21.20  3.26 1300   -9.0   -9.0 -9.00   -9.0   -9   -9.0   -9   -9.0   -9   -9.0   -9   -9.0   -9  28.6  26.6  24.2  21.2  18.3
20260730  95  1.5  1307  25  2.8  103  25  5.4  954  27.3  30.4 1630  25.0  548  24.1  29.3  25.0  83.1  71.0 1452  30.0   3.7   2.6 -9.00  992.0 1009.4 1010.9    1 1007.8 1815  4.5  6.3 14.2 -9.0 15.01  1.82 1400   -9.0   -9.0 -9.00   -9.0   -9   -9.0   -9   -9.0   -9   -9.0   -9   -9.0   -9 -99.0 -99.0 -99.0 -99.0 -99.0
20260730  98  1.0   901  29  2.5 1235  27  5.4 1232  27.2  31.7 1549  24.6  535  22.7  31.3  23.2  77.1  58.0 1538  27.5   4.4   3.1 -9.00  996.1 1009.1 1010.6    9 1007.5 1808  1.6  4.6 14.2 -9.0 16.47  1.90 1400   -9.0   -9.0 -9.00   -9.0   -9   -9.0   -9   -9.0   -9   -9.0   -9   -9.0   -9 -99.0 -99.0 -99.0 -99.0 -99.0
20260730  99  1.0   825  27  2.7 1147  32  5.2 1111  26.9  31.3 1537  23.7  522  24.1  30.9  23.7  85.8  67.0 1524  30.0   4.9   3.4 -9.00 1006.4 1009.9 1011.3    1 1008.3 1822  0.8  7.6 14.2 -9.0 19.55  2.48 1400   -9.0   -9.0 -9.00   -9.0   -9   -9.0   -9   -9.0   -9   -9.0   -9   -9.0   -9 -99.0 -99.0 -99.0 -99.0 -99.0
20260730 100  3.6  3149  27  6.5 1358  25 11.0 1412  24.1  28.9 1403  20.2 2356  20.5  27.7  18.7  81.3  66.0 1505  24.2   7.4   5.1 -9.00  923.5 1007.8 1009.2  556 1005.5 1402  0.6 13.3 14.2 -9.0 29.26  3.53 1200   -9.0   -9.0 -9.00   -9.0   -9   -9.0   -9   -9.0   -9   -9.0   -9   -9.0   -9 -99.0 -99.0 -99.0 -99.0 -99.0
20260730 101  1.5  1253  23  3.5 1526  18  5.7 1549  28.0  32.3 1604  23.1  605  22.9  31.2  21.9  75.3  60.0 1612  28.0   5.0   3.5 -9.00  999.3 1007.9 1009.4  633 1006.1 1809  1.6  6.5 14.2 -9.0 18.60  2.70 1100   -9.0   -9.0 -9.00   -9.0   -9   -9.0   -9   -9.0   -9   -9.0   -9   -9.0   -9  28.4  25.3  23.3  18.7  15.7
20260730 102  2.2  1890  18  4.5 1750  18  6.5 2306  26.2  29.0 1220  23.6  300  23.4  33.4  24.1  85.4  69.0 1116  28.7   6.1   4.3 -9.00 1004.3 1008.4 1009.7  750 1007.1 1934  5.5  8.3 14.2 -9.0 24.73  3.54 1200   -9.0   -9.0 -9.00   -9.0   -9   -9.0   -9   -9.0   -9   -9.0   -9   -9.0   -9 -99.0 -99.0 -99.0 -99.0 -99.0
20260730 104  1.8  1530  23  5.0 1155  25 10.8 1153  30.3  35.6 1300  25.2 2155  23.6  33.2  21.9  68.3  49.0 1206  29.3   8.4   5.9 -9.00  996.5 1004.9 1005.8 2057 1003.7 1821  0.9 13.5 14.2 -9.0 28.50  3.42 1200   -9.0   -9.0 -9.00   -9.0   -9   -9.0   -9   -9.0   -9   -9.0   -9   -9.0   -9  27.2  24.3  22.1  17.3  14.9
20260730 105  3.2  2763  25  5.2  120  25 10.0   35  31.9  36.2 1428  28.7  541  21.0  34.5  26.0  53.3  43.0 1529  24.9   9.9   6.9 -9.00 1002.9 1005.9 1006.8  812 1004.8 1749  0.5 12.8 14.2 -9.0 26.87  3.26 1200   -9.0   -9.0 -9.00   -9.0   -9   -9.0   -9   -9.0   -9   -9.0   -9   -9.0   -9  28.3  25.3  23.7  18.6  16.0
20260730 106  2.2  1878  14  4.8 1700  27  8.8   24  31.3  35.7 1202  26.8 2332  21.1  34.2  22.6  55.6  41.0 1205  25.0   8.9   6.2 -9.00 1001.8 1006.3 1007.1 1026 1005.4 1814  0.3 12.6 14.1 -9.0 28.21  3.42 1200   -9.0   -9.0 -9.00   -9.0   -9   -9.0   -9   -9.0   -9   -9.0   -9   -9.0   -9 -99.0 -99.0 -99.0 -99.0 -99.0
20260730 108  2.3  2002  29  4.0    4  25  6.6 2051  28.3  32.7 1555  25.3  540  22.8  34.2  23.0  73.1  55.0 1756  27.7   6.7   4.7 -9.00  999.7 1009.4 1010.9    1 1007.9 1758  3.4  7.0 14.2 -9.0 21.79  2.87 1400   -9.0   -9.0 -9.00   -9.0   -9   -9.0   -9   -9.0   -9   -9.0   -9   -9.0   -9  28.3  25.6  24.6  20.0  15.6
20260730 112  2.4  2111  23  4.8 1525  20  7.2 1423  27.6  30.2 1351  25.6  545  25.3  32.2  23.6  87.6  74.0 1635  32.2   6.6   4.6 -9.00 1001.8 1009.5 1010.9    1 1008.3 1748  0.8 10.3 14.1 -9.0 26.46  3.54 1200   -9.0   -9.0 -9.00   -9.0   -9   -9.0   -9   -9.0   -9   -9.0   -9   -9.0   -9  26.6  24.9  19.1  22.4  15.7
20260730 114  1.4  1238  29  3.0 1343  32  5.9 1644  28.0  32.5 1539  24.3  605  23.0  31.5  22.7  75.4  59.0 1437  28.1   4.6   3.2 -9.00  992.0 1008.8 1010.6    1 1007.1 1800  3.6  4.4 14.1 -9.0 17.26  2.02 1400   -9.0   -9.0 -9.00   -9.0   -9   -9.0   -9   -9.0   -9   -9.0   -9   -9.0   -9 -99.0 -99.0 -99.0 -99.0 -99.0
20260730 115  2.0  1745  27  4.3    1  27  9.6  608  30.4  33.1 1226  27.2 2350  21.4  33.0  22.4  59.3  49.0  546  25.5   7.8   5.5 -9.00  981.5 1005.9 1007.3 2151 1005.2  135  3.5 12.4 14.1 -9.0 24.74  3.02 1200   -9.0   -9.0 -9.00   -9.0   -9   -9.0   -9   -9.0   -9   -9.0   -9   -9.0   -9  25.2  21.7  20.0  14.6  13.8
20260730 119  2.1  1774  25  4.1 1441  27  6.9 1250  27.8  31.7 1433  24.9  335  23.1  34.0  23.7  77.4  56.0 1631  28.3   6.9   4.8 -9.00 1004.8 1009.3 1010.9    1 1007.8 1813  2.1  8.7 14.1 -9.0 24.17  3.14 1100   -9.0   -9.0 -9.00   -9.0   -9   -9.0   -9   -9.0   -9   -9.0   -9   -9.0   -9  27.7  25.0  22.8  17.9  15.1
20260730 121  1.2  1060  29  3.5 1527  27  6.1 1418  26.6  32.5 1418  21.8  510  22.6  33.8  20.0  80.0  56.0 1419  27.4   5.5   3.9 -9.00  982.2 1009.1 1011.2  714 1007.3 1451  3.1  5.7 14.1 -9.0 21.11  3.21 1000   -9.0   -9.0 -9.00   -9.0   -9   -9.0   -9   -9.0   -9   -9.0   -9   -9.0   -9 -99.0 -99.0 -99.0 -99.0 -99.0
20260730 127  1.4  1246  25  3.8 1400  25  6.6 1543  27.2  31.7 1736  23.7  458  22.7  28.5  22.8  77.6  60.0 1738  27.6   4.2   2.9 -9.00  995.6 1008.5 1010.2   20 1006.7 1813  4.8  1.9 14.1 -9.0 14.30  1.83 1200   -9.0   -9.0 -9.00   -9.0   -9   -9.0   -9   -9.0   -9   -9.0   -9   -9.0   -9 -99.0 -99.0 -99.0 -99.0 -99.0
20260730 129  1.6  1353  23  4.2 1452  20  6.9 1449  27.9  32.2 1412  24.3  405  24.1  30.7  21.0  81.8  57.0 1527  30.0   6.7   4.7 -9.00 1007.0 1009.9 1011.4    1 1008.6 1658  0.6 10.0 14.1 -9.0 24.90  3.40 1300   -9.0   -9.0 -9.00   -9.0   -9   -9.0   -9   -9.0   -9   -9.0   -9   -9.0   -9  27.5  25.1  22.9  18.3  15.8
20260730 130  1.9  1620  27  3.4  151  27  7.5  355  29.4  36.1 1128  25.8 2338  22.6  33.9  23.0  67.9  38.0 1131  27.5  -9.0  -9.0 -9.00 1001.0 1006.4 1007.3 2119 1005.7  143  0.0 13.4 14.1 -9.0 -9.00 -9.00   -9   -9.0   -9.0 -9.00   -9.0   -9   -9.0   -9   -9.0   -9   -9.0   -9   -9.0   -9 -99.0 -99.0 -99.0 -99.0 -99.0
20260730 131  1.5  1301  27  2.7 1405  32  5.4 1448  29.0  33.6 1441  25.5  550  22.6  33.2  24.9  69.6  50.0 1501  27.5   6.0   4.2 -9.00 1002.5 1009.1 1010.8   12 1007.2 1807  3.0 -9.0 14.1 -9.0 20.48  3.08 1300   -9.0   -9.0 -9.00   -9.0   -9   -9.0   -9   -9.0   -9   -9.0   -9   -9.0   -9 -99.0 -99.0 -99.0 -99.0 -99.0
20260730 133  1.3  1094  32  3.4 1625  34  5.9 1618  28.3  33.2 1426  24.4  329  23.1  33.2  22.8  75.0  53.0 1434  28.2   6.3   4.4 -9.00 1002.0 1009.7 1011.4    5 1007.8 1805  2.8  6.6 14.1 -9.0 21.75  3.45 1200   -9.0   -9.0 -9.00   -9.0   -9   -9.0   -9   -9.0   -9   -9.0   -9   -9.0   -9  29.9  27.6  25.4  20.9  17.4
20260730 135  3.4  2914  27  6.2 1504  25 11.8 1319  26.9  31.1 1621  24.0  559  21.9  31.0  24.3  75.3  59.0 1446  26.3   6.3   4.4 -9.00  981.4 1008.8 1010.4  746 1007.0 1805  1.8  7.1 14.1 -9.0 21.84  3.12 1200   -9.0   -9.0 -9.00   -9.0   -9   -9.0   -9   -9.0   -9   -9.0   -9   -9.0   -9 -99.0 -99.0 -99.0 -99.0 -99.0
20260730 136  2.2  1902  27  5.2 1402  29  9.2 1307  28.3  33.2 1444  23.7  544  22.0  37.5  21.7  70.0  54.0 1446  26.5   7.6   5.3 -9.00  993.1 1009.0 1010.5  803 1007.4 1700  0.5 11.7 14.1 -9.0 26.73  3.17 1200   -9.0   -9.0 -9.00   -9.0   -9   -9.0   -9   -9.0   -9   -9.0   -9   -9.0   -9 -99.0 -99.0 -99.0 -99.0 -99.0
20260730 137  1.3  1162  25  2.9 1305  29  6.7 1529  28.2  32.7 1538  24.7  559  23.4  35.3  22.5  76.3  60.0 1437  28.8   5.8   4.1 -9.00  997.1 1008.0 1009.4  813 1006.2 1828  1.5  9.0 14.1 -9.0 22.28  2.72 1200   -9.0   -9.0 -9.00   -9.0   -9   -9.0   -9   -9.0   -9   -9.0   -9   -9.0   -9 -99.0 -99.0 -99.0 -99.0 -99.0
20260730 138  3.0  2579  27  4.6  902  29  9.3  835  31.4  36.4 1542  27.3  540  20.1  39.4  25.4  52.5  34.0 1213  23.6  10.4   7.3 -9.00 1005.8 1006.2 1007.4  712 1004.6 1530  0.0 13.1 14.0 -9.0 28.34  3.48 1200   -9.0   -9.0 -9.00   -9.0   -9   -9.0   -9   -9.0   -9   -9.0   -9   -9.0   -9  26.9  23.1  21.5  18.1  16.4
20260730 140  1.9  1608  29  4.6 1213  27  6.2 1210  27.5  31.2 1417  24.0  542  24.5  34.5  20.4  84.5  64.0 1429  30.8  -9.0  -9.0 -9.00 1007.5 1010.7 1012.1  812 1009.2 1949  0.3 11.6 14.0 -9.0 -9.00 -9.00   -9   -9.0   -9.0 -9.00   -9.0   -9   -9.0   -9   -9.0   -9   -9.0   -9   -9.0   -9 -99.0 -99.0 -99.0 -99.0 -99.0
20260730 143  3.1  2640  29  4.9  313  25  8.2  315  30.4  34.2 1553  26.9  534  20.8  36.2  25.3  57.4  44.0 1417  24.6   9.3   6.5 -9.00 1001.4 1007.5 1008.7  153 1006.0 1811  0.0 13.2 14.0 -9.0 28.27  3.47 1200   -9.0   -9.0 -9.00   -9.0   -9   -9.0   -9   -9.0   -9   -9.0   -9   -9.0   -9 -99.0 -99.0 -99.0 -99.0 -99.0
20260730 146  2.1  1782  27  4.7 1354  32  8.2 1422  28.7  33.4 1538  24.7  522  23.3  34.0  20.6  74.0  50.0 1558  28.6   7.2   5.0 -9.00 1003.0 1009.8 1011.3    8 1008.0 1821  0.5  9.5 14.0 -9.0 24.36  3.58 1300   -9.0   -9.0 -9.00   -9.0   -9   -9.0   -9   -9.0   -9   -9.0   -9   -9.0   -9 -99.0 -99.0 -99.0 -99.0 -99.0
20260730 152  2.1  1823  32  4.4  839  29  9.2  848  31.0  37.0 1458  26.2  559  19.5  37.9  23.5  52.1  33.0 1444  22.7   9.6   6.7 -9.00  997.3 1006.3 1007.5  745 1004.4 1633  0.6 13.0 14.0 -9.0 28.73  3.51 1200   -9.0   -9.0 -9.00   -9.0   -9   -9.0   -9   -9.0   -9   -9.0   -9   -9.0   -9 -99.0 -99.0 -99.0 -99.0 -99.0
20260730 155  1.6  1393   5  4.3 1021   7  7.1 1015  31.9  38.5 1420  26.8  550  22.0  37.0  23.8  56.9  34.0 1413  26.4   9.1   6.4 -9.00 1003.7 1007.6 1009.1  731 1005.4 1621  1.4 12.4 14.0 -9.0 28.38  3.47 1200   -9.0   -9.0 -9.00   -9.0   -9   -9.0   -9   -9.0   -9   -9.0   -9   -9.0   -9 -99.0 -99.0 -99.0 -99.0 -99.0
20260730 156  1.3  1152  34  2.8 1555  25  6.1 1241  29.1  34.2 1540  24.7  435  23.6  35.9  20.9  73.9  51.0 1532  29.2   7.0   4.9 -9.00 1001.7 1009.6 1011.3  730 1007.7 1807  1.0 11.0 14.0 -9.0 26.08  3.17 1200   -9.0   -9.0 -9.00   -9.0   -9   -9.0   -9   -9.0   -9   -9.0   -9   -9.0   -9 -99.0 -99.0 -99.0 -99.0 -99.0
20260730 159  3.2  2754  32  7.5 1001  32 12.9  956  31.2  38.3 1330  27.4  503  21.2  36.2  23.5  56.0  35.0 1318  25.1  10.4   7.3 -9.00  998.8 1006.6 1008.2  738 1004.8 1651  1.1 12.3 14.0 -9.0 28.99  3.64 1200   -9.0   -9.0 -9.00   -9.0   -9   -9.0   -9   -9.0   -9   -9.0   -9   -9.0   -9  29.2  25.7  23.6  18.5  17.8
20260730 162  2.0  1767  25  4.8 1336  25  7.6 1404  28.9  33.5 1631  24.9  638  22.2  33.6  20.1  68.5  51.0 1512  26.7   8.5   5.9 -9.00 1003.7 1007.2 1008.7  734 1005.4 1735  0.0 12.1 14.0 -9.0 29.04  3.56 1200   -9.0   -9.0 -9.00   -9.0   -9   -9.0   -9   -9.0   -9   -9.0   -9   -9.0   -9 -99.0 -99.0 -99.0 -99.0 -99.0
20260730 165  2.4  2072  32  5.2 1355  32  8.1 1404  28.1  31.6 1607  25.3  332  25.1  34.8  21.8  84.8  62.0 1610  31.8   7.2   5.1 -9.00 1005.3 1010.3 1011.8  759 1008.6 1820  1.9 12.7 14.0 -9.0 28.34  3.59 1200   -9.0   -9.0 -9.00   -9.0   -9   -9.0   -9   -9.0   -9   -9.0   -9   -9.0   -9  29.1  25.7  23.9  20.0  17.1
20260730 168  4.6  3963  34  7.1 1203  34 11.0 1315  30.5  35.3 1537  26.2  523  21.8  36.0  24.6  61.1  44.0 1515  26.2  10.8   7.6 -9.00 1001.2 1008.6 1010.4  757 1006.8 1637  2.0 12.9 13.9 -9.0 28.59  3.58 1200   -9.0   -9.0 -9.00   -9.0   -9   -9.0   -9   -9.0   -9   -9.0   -9   -9.0   -9  30.8  26.8  23.8  19.3  17.3
20260730 169  1.3  1154  14  3.1 1531  16  6.6 1527  28.4  32.9 1308  25.1  459  25.0  32.5  24.1  82.8  64.0 1407  31.6   6.9   4.8 -9.00 1001.8 1010.3 1011.5  716 1008.8 1740  2.6 11.7 13.9 -9.0 26.39  3.59 1300   -9.0   -9.0 -9.00   -9.0   -9   -9.0   -9   -9.0   -9   -9.0   -9   -9.0   -9 -99.0 -99.0 -99.0 -99.0 -99.0
20260730 170  3.1  2704  29  5.0 1048  32  8.8 1508  29.4  34.1 1430  25.7  530  24.3  38.1  25.0  75.5  56.0 1425  30.3   8.7   6.1 -9.00 1006.0 1010.0 1011.6  746 1008.3 1758  0.3 12.8 13.9 -9.0 29.01  3.53 1200   -9.0   -9.0 -9.00   -9.0   -9   -9.0   -9   -9.0   -9   -9.0   -9   -9.0   -9 -99.0 -99.0 -99.0 -99.0 -99.0
20260730 172  2.0  1696  27  5.0 1225  27  7.7 1350  27.9  33.0 1514  23.3  546  23.3  31.5  20.1  78.6  54.0 1441  28.7   7.6   5.3 -9.00 1003.7 1009.6 1011.1  718 1008.0 1741  0.0 11.2 14.0 -9.0 27.22  3.34 1400   -9.0   -9.0 -9.00   -9.0   -9   -9.0   -9   -9.0   -9   -9.0   -9   -9.0   -9 -99.0 -99.0 -99.0 -99.0 -99.0
20260730 174  2.2  1897  32  4.5 1014  34  9.7 1231  27.0  32.7 1342  22.3 2334  21.5  35.5  22.3  74.0  51.0 1347  25.7  -9.0  -9.0 -9.00  989.2 1007.7 1009.3   23 1005.6 1802  0.8 10.8 14.0 -9.0 -9.00 -9.00   -9   -9.0   -9.0 -9.00   -9.0   -9   -9.0   -9   -9.0   -9   -9.0   -9   -9.0   -9 -99.0 -99.0 -99.0 -99.0 -99.0
20260730 177  1.7  1440  23  4.0 1329  20  7.0 1250  28.0  32.9 1551  23.5  446  23.6  33.1  20.3  78.9  56.0 1539  29.1   7.1   5.0  2.42 1005.3 1008.4 1010.0    4 1007.0 1657  2.3  8.8 14.1 -9.0 23.82  3.28 1200   -9.0   -9.0 -9.00   -9.0   -9   -9.0   -9   -9.0   -9   -9.0   -9   -9.0   -9 -99.0 -99.0 -99.0 -99.0 -99.0
20260730 181  1.4  1224   2  4.0 1705  32  5.9 1705  27.2  32.7 1532  22.3  518  22.9  29.7  20.8  78.8  56.0 1413  27.9   6.1   4.2 -9.00 1005.9 1009.7 1011.4   18 1008.0 1718  1.5  6.7 14.1 -9.0 21.73  3.04 1200   -9.0   -9.0 -9.00   -9.0   -9   -9.0   -9   -9.0   -9   -9.0   -9   -9.0   -9 -99.0 -99.0 -99.0 -99.0 -99.0
20260730 184  3.7  3211  32  6.2 1259  32  9.7 1315  30.6  34.5 1422  27.7  522  23.5  38.3  25.1  66.6  53.0 1436  29.1   8.6   6.0 -9.00 1007.6 1009.9 1011.2  717 1008.3 1926  1.5 12.2 13.9 -9.0 24.10  3.11 1200   -9.0   -9.0 -9.00   -9.0   -9   -9.0   -9   -9.0   -9   -9.0   -9   -9.0   -9  31.4  29.5  27.7  24.9  19.4
20260730 185  3.6  3086  29  5.3 1441  29  6.4 1741  28.8  33.0 1513  26.2  220  24.7  34.6  25.0  79.4  68.0 1519  31.2   7.7   5.4 -9.00 1002.3 1010.3 1011.7  724 1008.7 1701  1.6 12.1 13.9 -9.0 26.99  3.42 1200   -9.0   -9.0 -9.00   -9.0   -9   -9.0   -9   -9.0   -9   -9.0   -9   -9.0   -9 -99.0 -99.0 -99.0 -99.0 -99.0
20260730 188  1.9  1669  11  4.4 1439  29  6.7  944  28.1  32.9 1239  23.4  417  23.3  33.8  21.4  76.0  58.0  943  28.7  -9.0  -9.0 -9.00 1008.2 1010.5 1011.9  750 1009.0 1753  0.6  8.1 13.9 -9.0 -9.00 -9.00   -9   -9.0   -9.0 -9.00   -9.0   -9   -9.0   -9   -9.0   -9   -9.0   -9   -9.0   -9 -99.0 -99.0 -99.0 -99.0 -99.0
20260730 189  2.4  2093  23  5.6 1314  27 11.4 1419  30.0  34.2 1502  25.2  426  22.9  37.4  22.0  66.8  54.0 1733  28.1   8.6   6.0 -9.00 1004.4 1010.2 1011.7  725 1008.1 1700  1.4 12.5 13.8 -9.0 28.49  3.52 1200   -9.0   -9.0 -9.00   -9.0   -9   -9.0   -9   -9.0   -9   -9.0   -9   -9.0   -9 -99.0 -99.0 -99.0 -99.0 -99.0
20260730 192  1.0   841  36  2.9 1735  29  5.6 1711  29.5  37.4 1459  22.1  550  21.9 -99.0  18.6  67.0  40.0 1549  26.3   8.5   5.9 -9.00 1004.9 1008.2 1009.9  759 1006.1 1610  0.9 12.0 14.0 -9.0 28.68  3.54 1200   -9.0   -9.0 -9.00   -9.0   -9   -9.0   -9   -9.0   -9   -9.0   -9   -9.0   -9 -99.0 -99.0 -99.0 -99.0 -99.0
20260730 201  2.2  1925  23  4.5 1422  23  6.6 1442  26.5  29.7 1427  24.1 2210  24.8  30.5  22.5  91.5  73.0 1306  31.2  -9.0  -9.0 -9.00 1004.8 1010.3 1011.7   21 1009.0 1823  0.5  7.9 14.2 -9.0 -9.00 -9.00   -9   -9.0   -9.0 -9.00   -9.0   -9   -9.0   -9   -9.0   -9   -9.0   -9   -9.0   -9 -99.0 -99.0 -99.0 -99.0 -99.0
20260730 202  1.3  1158  29  3.2 1531  29  6.3 1524  27.9  33.0 1457  24.1  439  22.6  34.5  22.7  74.8  55.0 1459  27.5  -9.0  -9.0 -9.00 1004.1 1009.5 1011.0    1 1007.9 1826  3.8  6.3 14.1 -9.0 -9.00 -9.00   -9   -9.0   -9.0 -9.00   -9.0   -9   -9.0   -9   -9.0   -9   -9.0   -9   -9.0   -9 -99.0 -99.0 -99.0 -99.0 -99.0
20260730 203  1.1   933  23  2.2 1032  25  5.6 1216  28.0  32.4 1431  23.5  343  24.1  30.4  23.1  80.6  62.0 1459  30.0  -9.0  -9.0 -9.00 1000.7 1009.8 1011.5    1 1008.3 1710  1.8  4.6 14.1 -9.0 -9.00 -9.00   -9   -9.0   -9.0 -9.00   -9.0   -9   -9.0   -9   -9.0   -9   -9.0   -9   -9.0   -9 -99.0 -99.0 -99.0 -99.0 -99.0
20260730 211  1.7  1482  20  3.4 1446  20  6.6  233  26.8  31.1 1500  23.4 2344  22.2  29.3  21.1  77.0  61.0 1623  26.7  -9.0  -9.0 -9.00  985.7 1008.3 1009.7  750 1006.6 1754  5.3  1.5 14.2 -9.0 -9.00 -9.00   -9   -9.0   -9.0 -9.00   -9.0   -9   -9.0   -9   -9.0   -9   -9.0   -9   -9.0   -9 -99.0 -99.0 -99.0 -99.0 -99.0
20260730 212  1.1   916  27  3.1 1311  32  7.1 1652  27.3  32.7 1528  22.5  551  22.3  29.7  21.2  76.3  53.0 1535  27.0  -9.0  -9.0 -9.00  993.5 1009.3 1010.9  655 1007.6 1808  2.9  6.6 14.2 -9.0 -9.00 -9.00   -9   -9.0   -9.0 -9.00   -9.0   -9   -9.0   -9   -9.0   -9   -9.0   -9   -9.0   -9 -99.0 -99.0 -99.0 -99.0 -99.0
20260730 216  1.7  1485  32  3.7 1511  32  8.9   50  26.3  32.2 1432  21.6  535  19.5  30.4  19.4  67.4  48.0 1306  22.7   7.7   5.4 -9.00  929.7 1007.3 1009.0  534 1004.7 1432  0.0 11.9 14.1 -9.0 28.12  3.48 1200   -9.0   -9.0 -9.00   -9.0   -9   -9.0   -9   -9.0   -9   -9.0   -9   -9.0   -9 -99.0 -99.0 -99.0 -99.0 -99.0
20260730 217  1.5  1289  18  4.1 1722  20  8.0 1605  27.1  34.0 1644  21.6  543  21.7  36.1  21.2  74.4  52.0 1628  26.0  -9.0  -9.0 -9.00  973.8 1008.5 1010.4  718 1006.4 1425  2.1  8.3 14.1 -9.0 -9.00 -9.00   -9   -9.0   -9.0 -9.00   -9.0   -9   -9.0   -9   -9.0   -9   -9.0   -9   -9.0   -9 -99.0 -99.0 -99.0 -99.0 -99.0
20260730 221  1.6  1350  25  4.4 1139  25  7.7 1131  25.6  31.0 1316  21.1  511  22.1  31.3  19.7  83.3  58.0 1334  26.7  -9.0  -9.0 -9.00  979.4 1009.1 1010.8  723 1007.5 1748  2.6  6.1 14.1 -9.0 -9.00 -9.00   -9   -9.0   -9.0 -9.00   -9.0   -9   -9.0   -9   -9.0   -9   -9.0   -9   -9.0   -9 -99.0 -99.0 -99.0 -99.0 -99.0
20260730 226  0.9   790  29  2.9 1325  29  5.3 1003  26.3  31.2 1530  21.7  558  23.1  30.1  19.1  84.3  60.0 1456  28.2  -9.0  -9.0 -9.00  990.4 1009.7 1011.3   26 1007.7 1812  2.4  4.0 14.1 -9.0 -9.00 -9.00   -9   -9.0   -9.0 -9.00   -9.0   -9   -9.0   -9   -9.0   -9   -9.0   -9   -9.0   -9 -99.0 -99.0 -99.0 -99.0 -99.0
20260730 232  1.0   850  25  2.6 1138  25  5.0 1004  27.3  32.3 1529  23.5  523  24.2  31.2  22.1  84.8  59.0 1530  30.1  -9.0  -9.0 -9.00 1000.6 1010.2 1012.0   12 1008.6 1713  2.0  6.3 14.1 -9.0 -9.00 -9.00   -9   -9.0   -9.0 -9.00   -9.0   -9   -9.0   -9   -9.0   -9   -9.0   -9   -9.0   -9 -99.0 -99.0 -99.0 -99.0 -99.0
20260730 235  1.1   987  20  3.6 1153  23  6.3 1150  27.5  32.6 1451  24.3  541  24.0  32.7  22.0  82.6  61.0 1321  29.9   6.6   4.6 -9.00 1008.3 1009.4 1010.7   30 1008.0 1928  0.0  8.8 14.1 -9.0 23.87  3.62 1300   -9.0   -9.0 -9.00   -9.0   -9   -9.0   -9   -9.0   -9   -9.0   -9   -9.0   -9 -99.0 -99.0 -99.0 -99.0 -99.0
20260730 236  0.6   552  23  2.5 1648  23  5.4 1609  27.4  33.4 1429  23.0  255  23.6  32.9  21.4  82.1  54.0 1602  29.1  -9.0  -9.0 -9.00 1008.6 1010.1 1011.8  831 1008.5 1810  1.8  8.9 14.1 -9.0 -9.00 -9.00   -9   -9.0   -9.0 -9.00   -9.0   -9   -9.0   -9   -9.0   -9   -9.0   -9   -9.0   -9 -99.0 -99.0 -99.0 -99.0 -99.0
20260730 238  0.9   818  27  2.5 1643  34  6.1 1300  27.2  33.2 1545  22.2  510  22.9  31.6  20.0  79.5  54.0 1520  27.8  -9.0  -9.0 -9.00  990.2 1009.3 1011.0   21 1007.3 1818  2.9  7.0 14.0 -9.0 -9.00 -9.00   -9   -9.0   -9.0 -9.00   -9.0   -9   -9.0   -9   -9.0   -9   -9.0   -9   -9.0   -9 -99.0 -99.0 -99.0 -99.0 -99.0
20260730 239  1.3  1120  32  2.7 1129  32  5.5 1349  27.5  33.1 1623  22.9  609  23.1  33.4  22.3  79.4  55.0 1635  28.3   6.2   4.3 -9.00  998.9 1009.0 1010.9   13 1007.1 1743  1.5  7.2 14.1 -9.0 22.46  2.95 1100   -9.0   -9.0 -9.00   -9.0   -9   -9.0   -9   -9.0   -9   -9.0   -9   -9.0   -9 -99.0 -99.0 -99.0 -99.0 -99.0
20260730 243  1.2  1058  29  3.5 1303  32  6.6 1302  28.1  32.6 1355  24.5  525  23.4  35.1  21.4  77.4  56.0 1219  28.8  -9.0  -9.0 -9.00 1008.9 1010.3 1011.6  815 1008.9 1938  0.0 11.5 14.0 -9.0 -9.00 -9.00   -9   -9.0   -9.0 -9.00   -9.0   -9   -9.0   -9   -9.0   -9   -9.0   -9   -9.0   -9 -99.0 -99.0 -99.0 -99.0 -99.0
20260730 244  1.0   825   7  2.8 1035  36  5.5 1425  26.5  32.4 1422  21.7  449  22.1  29.4  19.9  79.0  56.0 1356  26.6  -9.0  -9.0 -9.00  981.9 1009.6 1011.3   34 1007.8 1727  1.0  9.2 14.0 -9.0 -9.00 -9.00   -9   -9.0   -9.0 -9.00   -9.0   -9   -9.0   -9   -9.0   -9   -9.0   -9   -9.0   -9 -99.0 -99.0 -99.0 -99.0 -99.0
20260730 245  1.6  1420  34  4.2 1827  29  6.2 1259  28.3  33.8 1511  23.9  536  23.4  35.3  21.2  76.5  54.0 1454  28.7   6.8   4.8 -9.00 1002.2 1009.9 1011.4  134 1008.3 1757  1.0 10.1 14.0 -9.0 23.84  3.42 1300   -9.0   -9.0 -9.00   -9.0   -9   -9.0   -9   -9.0   -9   -9.0   -9   -9.0   -9 -99.0 -99.0 -99.0 -99.0 -99.0
20260730 247  1.4  1191  29  3.1 1548   2  6.0 1214  27.7  33.7 1532  22.3  536  23.0  32.8  21.3  77.6  56.0 1504  28.0  -9.0  -9.0 -9.00  994.4 1009.4 1011.1   55 1007.4 1807  1.8 10.0 14.0 -9.0 -9.00 -9.00   -9   -9.0   -9.0 -9.00   -9.0   -9   -9.0   -9   -9.0   -9   -9.0   -9   -9.0   -9 -99.0 -99.0 -99.0 -99.0 -99.0
20260730 248  1.1   929  34  3.6 1515  36  6.0 1320  24.8  30.9 1509  19.8  434  21.1  30.6  18.3  82.6  56.0 1453  25.1  -9.0  -9.0 -9.00  964.7 1010.1 1012.1   31 1007.9 1617  0.8  9.4 14.0 -9.0 -9.00 -9.00   -9   -9.0   -9.0 -9.00   -9.0   -9   -9.0   -9   -9.0   -9   -9.0   -9   -9.0   -9 -99.0 -99.0 -99.0 -99.0 -99.0
20260730 251  1.4  1213  29  4.1 1308  29  6.7 1319  27.6  33.0 1537  23.1  504  24.2  31.5  21.9  83.6  61.0 1214  30.1   6.6   4.6 -9.00 1004.1 1009.7 1011.3    1 1008.0 1821  0.0 11.5 14.0 -9.0 25.11  3.11 1300   -9.0   -9.0 -9.00   -9.0   -9   -9.0   -9   -9.0   -9   -9.0   -9   -9.0   -9 -99.0 -99.0 -99.0 -99.0 -99.0
20260730 252  1.0   876  29  2.9 1303  29  6.2 1300  27.6  32.5 1442  23.2  549  23.7  32.5  21.0  81.0  59.0 1412  29.3   6.0   4.2 -9.00 1005.7 1009.9 1011.2  706 1008.3 1959  0.0  9.4 14.0 -9.0 22.95  3.00 1400   -9.0   -9.0 -9.00   -9.0   -9   -9.0   -9   -9.0   -9   -9.0   -9   -9.0   -9 -99.0 -99.0 -99.0 -99.0 -99.0
20260730 253  1.9  1660  29  3.5 1214  34  7.7 1325  32.2  39.0 1517  26.7  620  22.1  38.4  24.5  57.4  35.0 1532  26.6   9.2   6.5 -9.00 1001.9 1008.0 1009.7  830 1005.9 1628  1.1 12.1 14.0 -9.0 27.72  3.52 1200   -9.0   -9.0 -9.00   -9.0   -9   -9.0   -9   -9.0   -9   -9.0   -9   -9.0   -9 -99.0 -99.0 -99.0 -99.0 -99.0
20260730 254  1.6  1409  27  3.9 1036  27  6.5 1028  27.4  33.3 1422  22.3  543  22.4  33.1  20.9  76.5  50.0 1255  27.1   7.4   5.2 -9.00  995.4 1010.0 1011.7    1 1008.0 1804  0.8 10.6 14.0 -9.0 26.31  3.41 1200   -9.0   -9.0 -9.00   -9.0   -9   -9.0   -9   -9.0   -9   -9.0   -9   -9.0   -9 -99.0 -99.0 -99.0 -99.0 -99.0
20260730 255  2.6  2224  32  5.0 1232  34  9.8 1145  32.4  39.3 1536  27.4  519  21.6  37.6  21.8  54.6  34.0 1539  25.9   9.3   6.5 -9.00 1001.4 1007.1 1008.7  730 1004.5 1619  0.0 12.9 14.0 -9.0 26.16  3.26 1200   -9.0   -9.0 -9.00   -9.0   -9   -9.0   -9   -9.0   -9   -9.0   -9   -9.0   -9 -99.0 -99.0 -99.0 -99.0 -99.0
20260730 257  1.7  1478  27  3.2 1433  18  7.2 1613  33.3  40.3 1449  27.7  622  22.1  39.5  24.2  54.5  30.0 1629  26.7   9.2   6.4 -9.00 1006.2 1006.9 1008.5  752 1004.8 1618  1.1 10.8 14.0 -9.0 26.08  3.47 1200   -9.0   -9.0 -9.00   -9.0   -9   -9.0   -9   -9.0   -9   -9.0   -9   -9.0   -9 -99.0 -99.0 -99.0 -99.0 -99.0
20260730 258  3.2  2746  34  4.9 1047  36  9.6 1046  29.0  34.3 1444  24.8  500  23.6  30.7  23.8  74.5  53.0 1336  29.2   8.8   6.1 -9.00 1009.3 1009.5 1011.3  730 1007.5 1816  0.3 12.7 14.0 -9.0 28.96  3.46 1300   -9.0   -9.0 -9.00   -9.0   -9   -9.0   -9   -9.0   -9   -9.0   -9   -9.0   -9 -99.0 -99.0 -99.0 -99.0 -99.0
20260730 259  1.6  1369  29  3.6 1339  32  7.4 1351  29.2  35.4 1442  23.7  415  24.3  33.6  22.5  77.5  53.0 1504  30.4   7.5   5.3 -9.00 1007.7 1009.5 1011.2  740 1007.7 1802  0.4 10.1 13.9 -9.0 25.76  3.34 1200   -9.0   -9.0 -9.00   -9.0   -9   -9.0   -9   -9.0   -9   -9.0   -9   -9.0   -9 -99.0 -99.0 -99.0 -99.0 -99.0
20260730 260  1.7  1477  34  4.4 1309  34  7.9 1405  28.5  34.3 1526  22.9  532  24.1  35.7  22.1  78.6  55.0 1523  30.0  -9.0  -9.0 -9.00 1004.5 1009.4 1011.3  743 1007.6 1736  1.0  9.7 13.9 -9.0 -9.00 -9.00   -9   -9.0   -9.0 -9.00   -9.0   -9   -9.0   -9   -9.0   -9   -9.0   -9   -9.0   -9 -99.0 -99.0 -99.0 -99.0 -99.0
20260730 261  2.5  2146  27  5.2 1555  27  8.6 1219  28.4  34.0 1445  24.6  512  24.8  35.5  23.5  82.5  60.0 1522  31.4  -9.0  -9.0 -9.00 1008.4 1010.3 1011.9  745 1008.4 1823  0.4 10.1 13.9 -9.0 -9.00 -9.00   -9   -9.0   -9.0 -9.00   -9.0   -9   -9.0   -9   -9.0   -9   -9.0   -9   -9.0   -9 -99.0 -99.0 -99.0 -99.0 -99.0
20260730 262  3.2  2757  29  6.6 1116  32 10.4 1310  29.5  34.7 1603  24.6  217  23.6  35.0  25.1  72.3  50.0 1438  29.1   8.7   6.1 -9.00 1003.4 1009.2 1011.0  741 1007.2 1825  0.0 11.9 13.9 -9.0 26.74  3.41 1200   -9.0   -9.0 -9.00   -9.0   -9   -9.0   -9   -9.0   -9   -9.0   -9   -9.0   -9 -99.0 -99.0 -99.0 -99.0 -99.0
20260730 263  1.5  1310  27  4.3 1626  29  8.9 1536  29.8  37.3 1442  22.2  558  22.8  38.7  18.7  69.5  42.0 1208  27.8   8.8   6.2 -9.00 1006.3 1007.9 1009.6  746 1005.5 1608  0.8 11.5 14.0 -9.0 28.29  3.57 1200   -9.0   -9.0 -9.00   -9.0   -9   -9.0   -9   -9.0   -9   -9.0   -9   -9.0   -9 -99.0 -99.0 -99.0 -99.0 -99.0
20260730 264  2.5  2191  29  5.3 1531  29  9.4 1531  28.6  34.5 1643  21.9  551  22.8  34.8  19.7  72.9  51.0 1634  27.8   8.8   6.2 -9.00  991.9 1009.0 1010.6   39 1007.0 1709  0.0 12.4 14.0 -9.0 29.56  3.61 1200   -9.0   -9.0 -9.00   -9.0   -9   -9.0   -9   -9.0   -9   -9.0   -9   -9.0   -9 -99.0 -99.0 -99.0 -99.0 -99.0
20260730 266  1.8  1518  32  4.3 1732  29  9.3 1734  30.1  36.1 1528  24.1  530  22.1  40.6  21.6  63.9  45.0 1452  26.6   8.8   6.2 -9.00  998.9 1008.8 1010.4  753 1006.9 1832  0.0 12.3 14.0 -9.0 28.14  3.48 1200   -9.0   -9.0 -9.00   -9.0   -9   -9.0   -9   -9.0   -9   -9.0   -9   -9.0   -9 -99.0 -99.0 -99.0 -99.0 -99.0
20260730 268  1.6  1388  32  3.7 1309  32  7.4 1307  27.5  31.8 1300  23.5  405  24.5  36.6  22.0  85.5  64.0 1458  30.8  -9.0  -9.0 -9.00 1008.0 1009.1 1010.5  733 1007.4 1812  0.9 11.7 13.9 -9.0 -9.00 -9.00   -9   -9.0   -9.0 -9.00   -9.0   -9   -9.0   -9   -9.0   -9   -9.0   -9   -9.0   -9 -99.0 -99.0 -99.0 -99.0 -99.0
20260730 271  2.1  1790  34  4.5 1535  25  8.2  241  27.0  32.4 1334  21.9 2358  20.7  33.1  19.5  70.6  52.0 1116  24.5  -9.0  -9.0 -9.00  972.1 1008.2 1009.4  538 1006.4 1449  0.0 11.8 14.1 -9.0 -9.00 -9.00   -9   -9.0   -9.0 -9.00   -9.0   -9   -9.0   -9   -9.0   -9   -9.0   -9   -9.0   -9 -99.0 -99.0 -99.0 -99.0 -99.0
20260730 272  4.1  3565  29  6.4 1518  29 11.7  154  27.6  31.6 1507  24.0 2354  21.6  35.1  22.0  70.8  58.0 1343  25.8  -9.0  -9.0 -9.00  984.5 1008.1 1009.5  758 1006.8 1656  0.0 12.8 14.1 -9.0 -9.00 -9.00   -9   -9.0   -9.0 -9.00   -9.0   -9   -9.0   -9   -9.0   -9   -9.0   -9   -9.0   -9 -99.0 -99.0 -99.0 -99.0 -99.0
20260730 273  1.6  1395  32  3.6 1630  32  7.9 1112  27.3  31.8 1546  23.8  313  22.1  31.7  20.7  74.4  58.0 1550  26.6  -9.0  -9.0 -9.00  988.8 1008.2 1009.5    3 1006.6 1810  0.8  7.0 14.1 -9.0 -9.00 -9.00   -9   -9.0   -9.0 -9.00   -9.0   -9   -9.0   -9   -9.0   -9   -9.0   -9   -9.0   -9 -99.0 -99.0 -99.0 -99.0 -99.0
20260730 276  2.7  2306  27  4.9 1459  27  8.8 1453  27.8  34.3 1448  22.0  555  22.9  34.4  18.7  77.3  54.0 1406  28.0   8.0   5.6 -9.00  984.3 1007.6 1009.1  612 1005.6 1512  0.0 11.4 14.1 -9.0 27.65  3.47 1200   -9.0   -9.0 -9.00   -9.0   -9   -9.0   -9   -9.0   -9   -9.0   -9   -9.0   -9 -99.0 -99.0 -99.0 -99.0 -99.0
20260730 277  3.8  3323  27  7.5  149  25 15.7  207  30.7  37.4 1336  25.3  505  21.1  37.4  22.9  57.9  39.0 1310  25.0  -9.0  -9.0 -9.00 1002.0 1006.6 1007.7  804 1005.5 1456  0.0 13.0 14.1 -9.0 -9.00 -9.00   -9   -9.0   -9.0 -9.00   -9.0   -9   -9.0   -9   -9.0   -9   -9.0   -9   -9.0   -9 -99.0 -99.0 -99.0 -99.0 -99.0
20260730 278  1.5  1331  29  4.1 1518  27  7.6 1453  27.6  34.0 1505  21.8  523  22.5  36.7  19.5  76.6  52.0 1433  27.2  -9.0  -9.0 -9.00  998.5 1007.6 1009.0  744 1006.0 1811  0.8 11.5 14.1 -9.0 -9.00 -9.00   -9   -9.0   -9.0 -9.00   -9.0   -9   -9.0   -9   -9.0   -9   -9.0   -9   -9.0   -9 -99.0 -99.0 -99.0 -99.0 -99.0
20260730 279  1.8  1573  29  3.7 1318  34  7.2 1540  29.3  34.6 1536  24.5  517  21.8  37.2  21.7  65.8  47.0 1618  26.2   7.8   5.5 -9.00 1003.0 1008.5 1009.9  748 1006.7 1813  0.0 11.3 14.0 -9.0 26.34  3.30 1100   -9.0   -9.0 -9.00   -9.0   -9   -9.0   -9   -9.0   -9   -9.0   -9   -9.0   -9 -99.0 -99.0 -99.0 -99.0 -99.0
20260730 281  3.1  2679  27  5.2 1118  27 10.1 1226  29.2  34.5 1431  25.2 2348  21.7  34.9  21.9  65.4  48.0 1333  26.0  -9.0  -9.0 -9.00  997.5 1008.3 1009.7  811 1007.1 1447  0.0 12.7 14.0 -9.0 -9.00 -9.00   -9   -9.0   -9.0 -9.00   -9.0   -9   -9.0   -9   -9.0   -9   -9.0   -9   -9.0   -9 -99.0 -99.0 -99.0 -99.0 -99.0
20260730 283  3.5  2987  29  6.7  953  34 11.7 1613  30.8  37.1 1527  25.4 2338  21.9  36.7  23.0  60.6  41.0 1345  26.2  10.2   7.1 -9.00 1003.1 1007.6 1008.9  753 1005.9 1449  0.0 12.8 14.0 -9.0 29.15  3.56 1200   -9.0   -9.0 -9.00   -9.0   -9   -9.0   -9   -9.0   -9   -9.0   -9   -9.0   -9 -99.0 -99.0 -99.0 -99.0 -99.0
20260730 284  1.7  1441  29  3.6 1651   2  6.6 1243  28.0  35.8 1552  20.3  535  21.8  37.5  16.0  72.0  47.0 1531  26.3   8.4   5.9 -9.00  983.1 1008.6 1010.4   26 1006.3 1610  0.0 13.0 14.0 -9.0 28.60  3.41 1200   -9.0   -9.0 -9.00   -9.0   -9   -9.0   -9   -9.0   -9   -9.0   -9   -9.0   -9 -99.0 -99.0 -99.0 -99.0 -99.0
20260730 285  1.0   845  27  2.9 1541  25  6.4 1513  29.4  37.9 1421  22.2  549  21.9  38.8  20.3  68.0  38.0 1430  26.2  -9.0  -9.0 -9.00 1005.4 1008.4 1010.0  724 1006.2 1605  0.0 -9.0 14.0 -9.0 -9.00 -9.00   -9   -9.0   -9.0 -9.00   -9.0   -9   -9.0   -9   -9.0   -9   -9.0   -9   -9.0   -9 -99.0 -99.0 -99.0 -99.0 -99.0
20260730 288  1.8  1588  32  4.7 1402  29  8.2 1413  31.0  38.2 1609  25.0  543  22.0  35.7  23.9  61.9  37.0 1309  26.5   9.5   6.7 -9.00 1005.2 1006.1 1007.5  807 1004.1 1618  0.6 12.0 14.0 -9.0 28.33  3.49 1200   -9.0   -9.0 -9.00   -9.0   -9   -9.0   -9   -9.0   -9   -9.0   -9   -9.0   -9 -99.0 -99.0 -99.0 -99.0 -99.0
20260730 289  2.5  2149  29  5.0 1454  29 10.0 1223  29.1  35.1 1434  23.3  611  21.9  35.0  19.8  67.1  48.0 1342  26.4  -9.0  -9.0 -9.00  993.9 1009.4 1010.8   19 1007.5 1605  0.0 11.8 14.0 -9.0 -9.00 -9.00   -9   -9.0   -9.0 -9.00   -9.0   -9   -9.0   -9   -9.0   -9   -9.0   -9   -9.0   -9 -99.0 -99.0 -99.0 -99.0 -99.0
20260730 294  1.7  1490  18  4.3 1533  18  8.5 1729  29.1  33.4 1134  24.3  545  22.1  37.4  20.0  67.4  46.0 1132  26.6  -9.0  -9.0 -9.00 1003.5 1008.5 1010.2  747 1006.7 1736  0.4 12.5 14.0 -9.0 -9.00 -9.00   -9   -9.0   -9.0 -9.00   -9.0   -9   -9.0   -9   -9.0   -9   -9.0   -9   -9.0   -9 -99.0 -99.0 -99.0 -99.0 -99.0
20260730 295  1.5  1310  27  3.4 1513   7  7.0 1221  29.3  35.4 1551  23.7  524  22.0  36.0  19.9  66.4  46.0 1552  26.4  -9.0  -9.0 -9.00 1003.4 1008.5 1010.1  742 1006.6 1616  0.4 12.2 14.0 -9.0 -9.00 -9.00   -9   -9.0   -9.0 -9.00   -9.0   -9   -9.0   -9   -9.0   -9   -9.0   -9   -9.0   -9 -99.0 -99.0 -99.0 -99.0 -99.0
20260730 296  2.0  1711  25  3.9 1303  25  8.0 1140  32.4  39.0 1635  27.1  420  23.3  36.2  21.9  60.8  38.0 1519  28.6   9.2   6.5 -9.00 1006.0 1006.3 1007.9  738 1004.2 1625  1.4 11.8 14.0 -9.0 28.14  3.52 1200   -9.0   -9.0 -9.00   -9.0   -9   -9.0   -9   -9.0   -9   -9.0   -9   -9.0   -9 -99.0 -99.0 -99.0 -99.0 -99.0
20260731  90  2.8  2415  27  7.7 1549  29 17.5 1544  31.7  35.2 1442  26.5  253  21.9  34.4  23.8  56.8  44.0 1436  26.3  10.7   7.5 -9.00 1002.2 1004.1 1006.3  923 1002.8 2204  1.8 12.8 14.2 -9.0 27.81  3.34 1100   -9.0   -9.0 -9.00   -9.0   -9   -9.0   -9   -9.0   -9   -9.0   -9   -9.0   -9 -99.0 -99.0 -99.0 -99.0 -99.0
20260731  93  1.1   984  20  3.8 1311  20  6.4 1335  28.3  33.5 1530  23.8  211  24.8  32.0  24.0  82.9  61.0 1531  31.4   5.7   4.0 -9.00  996.4 1007.1 1009.2  716 1005.0 1816  3.6  7.8 14.1 -9.0 20.01  3.13 1300   -9.0   -9.0 -9.00   -9.0   -9   -9.0   -9   -9.0   -9   -9.0   -9   -9.0   -9  28.7  26.7  24.3  21.2  18.5
20260731  95  1.6  1394  23  3.4 1633  25  7.5 1530  27.8  32.0 1602  24.9  404  24.9  30.3  24.8  85.0  68.0 1603  31.5   3.9   2.8 -9.00  990.1 1007.5 1009.4  636 1005.4 1902  4.8  4.7 14.2 -9.0 13.42  2.33 1500   -9.0   -9.0 -9.00   -9.0   -9   -9.0   -9   -9.0   -9   -9.0   -9   -9.0   -9 -99.0 -99.0 -99.0 -99.0 -99.0
20260731  98  1.1   956  25  2.9 1549  25  5.6 1639  27.9  32.0 1430  24.5  210  23.5  31.8  22.8  77.8  64.0 1431  29.0   3.9   2.7 -9.00  994.2 1007.2 1009.1  721 1005.2 1918  3.3  3.4 14.1 -9.0 15.10  2.27 1300   -9.0   -9.0 -9.00   -9.0   -9   -9.0   -9   -9.0   -9   -9.0   -9   -9.0   -9 -99.0 -99.0 -99.0 -99.0 -99.0
20260731  99  1.1   960  27  3.0 1643  29  6.4 1642  27.3  31.8 1235  23.7   14  24.9  30.5  23.7  87.8  71.0 1359  31.5   4.7   3.3 -9.00 1004.5 1007.9 1009.8  722 1005.9 1913  2.6  6.4 14.1 -9.0 19.67  2.90 1200   -9.0   -9.0 -9.00   -9.0   -9   -9.0   -9   -9.0   -9   -9.0   -9   -9.0   -9 -99.0 -99.0 -99.0 -99.0 -99.0
20260731 100  3.8  3260  27  7.4 1404  27 13.6 1540  24.8  29.1 1439  19.5  236  21.3  28.6  18.1  82.1  64.0 1222  25.3   8.0   5.6 -9.00  922.0 1005.9 1008.7    1 1003.5 1645  2.0 11.8 14.1 -9.0 28.37  3.59 1200   -9.0   -9.0 -9.00   -9.0   -9   -9.0   -9   -9.0   -9   -9.0   -9   -9.0   -9 -99.0 -99.0 -99.0 -99.0 -99.0
20260731 101  1.4  1236  20  3.5 1111  23  6.4 1844  28.4  33.4 1550  23.3  526  23.5  32.0  22.1  76.4  58.0 1532  29.0   5.7   4.0 -9.00  997.6 1006.1 1008.2  637 1003.9 1823  3.5  5.1 14.1 -9.0 19.12  2.90 1100   -9.0   -9.0 -9.00   -9.0   -9   -9.0   -9   -9.0   -9   -9.0   -9   -9.0   -9  28.4  25.4  23.4  18.9  15.7
20260731 102  3.4  2901  25  6.0 1353  25  8.6 1122  27.4  31.4 1604  24.4  411  24.8  33.5  25.1  86.1  68.0 1606  31.2   6.6   4.6  3.67 1001.6 1005.7 1007.7   30 1003.9 1808  3.1  8.3 14.2 -9.0 23.29  3.36 1200   -9.0   -9.0 -9.00   -9.0   -9   -9.0   -9   -9.0   -9   -9.0   -9   -9.0   -9 -99.0 -99.0 -99.0 -99.0 -99.0
20260731 104  1.9  1668  27  3.4  805  25  7.2 2400  31.4  36.5 1350  25.4  447  23.5  33.6  22.2  64.3  48.0 1304  29.0   8.7   6.1 -9.00  995.1 1003.4 1005.1  812 1002.1 1750  1.8 12.6 14.1 -9.0 27.28  3.40 1200   -9.0   -9.0 -9.00   -9.0   -9   -9.0   -9   -9.0   -9   -9.0   -9   -9.0   -9  27.6  24.5  22.1  17.3  14.4
20260731 105  3.3  2865  23  5.2 1311  23  9.9 1305  32.2  36.0 1430  28.6  329  21.8  35.2  25.7  54.8  44.0 1252  26.1  10.3   7.2 -9.00 1001.5 1004.5 1006.1  914 1003.2 1814  1.5 12.5 14.1 -9.0 25.91  3.24 1200   -9.0   -9.0 -9.00   -9.0   -9   -9.0   -9   -9.0   -9   -9.0   -9   -9.0   -9  28.6  25.4  23.8  18.7  16.1
20260731 106  2.3  1980  29  5.6 1532  34  9.7 1524  31.6  36.5 1327  25.5  325  22.0  36.0  21.4  57.9  45.0 1320  26.6   9.7   6.8 -9.00 1000.4 1004.9 1006.6    1 1003.7 1706  2.3 12.2 14.1 -9.0 27.34  3.40 1200   -9.0   -9.0 -9.00   -9.0   -9   -9.0   -9   -9.0   -9   -9.0   -9   -9.0   -9 -99.0 -99.0 -99.0 -99.0 -99.0
20260731 108  2.4  2105  23  4.4 2235  32  7.5 1704  29.1  32.2 1438  25.9  218  24.3  32.1  23.8  75.9  64.0 1327  30.4   4.8   3.4 -9.00  997.8 1007.4 1009.2  658 1005.6 1805  3.4  5.7 14.1 -9.0 16.78  1.90 1100   -9.0   -9.0 -9.00   -9.0   -9   -9.0   -9   -9.0   -9   -9.0   -9   -9.0   -9  28.3  25.7  24.6  20.0  15.6
20260731 112  2.5  2127  20  4.3 1527  20  7.7 1529  28.3  31.4 1257  25.6  553  26.1  31.9  23.8  88.8  76.0 1327  33.9   5.6   3.9 -9.00  999.7 1007.5 1009.1  724 1005.8 1815  1.9 10.5 14.1 -9.0 24.17  3.02 1300   -9.0   -9.0 -9.00   -9.0   -9   -9.0   -9   -9.0   -9   -9.0   -9   -9.0   -9  26.7  25.0  19.2  22.4  15.6
20260731 114  1.3  1129  29  3.1 1801  27  6.0 1746  28.7  34.1 1642  23.9  346  23.3  31.4  21.2  74.0  57.0 1610  28.7   5.4   3.7 -9.00  990.4 1007.2 1009.2  739 1005.0 1746  4.5  5.3 14.1 -9.0 18.04  2.60 1200   -9.0   -9.0 -9.00   -9.0   -9   -9.0   -9   -9.0   -9   -9.0   -9   -9.0   -9 -99.0 -99.0 -99.0 -99.0 -99.0
20260731 115  2.8  2433  25  5.5 2359  25 10.2 2353  30.5  34.6 1510  27.3    3  22.6  34.8  22.6  63.3  44.0 1530  27.6   9.0   6.3 -9.00  980.3 1004.7 1006.6    1 1003.4 1538  4.6 11.7 14.1 -9.0 25.44  3.00 1100   -9.0   -9.0 -9.00   -9.0   -9   -9.0   -9   -9.0   -9   -9.0   -9   -9.0   -9  25.4  21.8  20.1  14.6  13.8
20260731 119  2.0  1701  25  4.5 1459  23  6.8 1414  28.6  32.7 1448  24.6  205  24.2  35.4  23.3  78.4  58.0 1558  30.2   6.0   4.2 -9.00 1002.9 1007.3 1009.1  712 1005.6 1809  2.5  8.5 14.1 -9.0 22.46  2.65 1200   -9.0   -9.0 -9.00   -9.0   -9   -9.0   -9   -9.0   -9   -9.0   -9   -9.0   -9  27.8  25.1  22.9  18.0  15.1
20260731 121  1.3  1160  23  3.7 1239  25  6.4 1325  27.4  33.3 1550  22.2  439  23.3  34.4  20.1  80.5  57.0 1553  28.7   6.1   4.3 -9.00  980.7 1007.5 1009.9  638 1005.1 1746  5.1  7.5 14.1 -9.0 22.75  3.06 1100   -9.0   -9.0 -9.00   -9.0   -9   -9.0   -9   -9.0   -9   -9.0   -9   -9.0   -9 -99.0 -99.0 -99.0 -99.0 -99.0
20260731 127  1.0   855  20  3.3 1437  23  7.2 1356  27.8  33.3 1452  21.6  438  23.5  29.5  21.2  79.0  57.0 1513  29.0   4.8   3.4 -9.00  993.9 1006.8 1008.8  719 1004.8 1807  3.5  2.5 14.1 -9.0 16.77  2.77 1400   -9.0   -9.0 -9.00   -9.0   -9   -9.0   -9   -9.0   -9   -9.0   -9   -9.0   -9 -99.0 -99.0 -99.0 -99.0 -99.0
20260731 129  2.0  1762  23  4.1 1228  25  6.8 1220  28.6  32.6 1315  23.9  412  25.5  30.2  21.0  85.0  64.0 1303  32.8   6.0   4.2 -9.00 1005.1 1007.9 1009.5  718 1006.4 1824  1.6  8.0 14.1 -9.0 22.57  3.00 1100   -9.0   -9.0 -9.00   -9.0   -9   -9.0   -9   -9.0   -9   -9.0   -9   -9.0   -9  27.6  25.2  23.0  18.4  15.9
20260731 130  1.9  1667  18  3.7 1656  23  6.6 1726  30.0  34.6  944  24.9  550  23.0  34.2  22.2  66.9  47.0 1103  28.2  -9.0  -9.0 -9.00  999.7 1005.2 1006.9    4 1003.8 1802  2.9 12.4 14.1 -9.0 -9.00 -9.00   -9   -9.0   -9.0 -9.00   -9.0   -9   -9.0   -9   -9.0   -9   -9.0   -9   -9.0   -9 -99.0 -99.0 -99.0 -99.0 -99.0
20260731 131  1.5  1264  27  2.9 1645  27  5.6 1641  29.7  34.9 1651  24.8  538  23.3  34.4  24.2  69.9  50.0 1653  28.7   7.1   5.0 -9.00 1000.7 1007.3 1009.2  725 1005.5 1748  2.4  8.6 14.1 -9.0 24.63  3.35 1300   -9.0   -9.0 -9.00   -9.0   -9   -9.0   -9   -9.0   -9   -9.0   -9   -9.0   -9 -99.0 -99.0 -99.0 -99.0 -99.0
20260731 133  1.4  1225  32  3.8 1743  29  6.9 1647  29.3  34.4 1447  24.3  614  24.1  33.5  22.4  75.3  56.0 1208  30.1   6.3   4.4 -9.00 1000.3 1007.9 1009.6  729 1006.2 1815  1.0  8.9 14.0 -9.0 22.96  3.18 1100   -9.0   -9.0 -9.00   -9.0   -9   -9.0   -9   -9.0   -9   -9.0   -9   -9.0   -9  29.6  29.6  29.8  27.6  25.6
20260731 135  2.7  2319  27  4.9 1048  27  8.8  541  27.8  32.3 1520  24.2  435  23.0  31.6  24.4  76.0  59.0 1313  28.1   6.6   4.6 -9.00  979.9 1007.2 1008.7    1 1005.3 1821  1.8  8.7 14.0 -9.0 24.54  3.42 1100   -9.0   -9.0 -9.00   -9.0   -9   -9.0   -9   -9.0   -9   -9.0   -9   -9.0   -9 -99.0 -99.0 -99.0 -99.0 -99.0
20260731 136  1.6  1383  25  3.9 1309  25  7.1 1556  28.9  34.1 1540  23.2  440  22.8  37.4  21.2  71.0  52.0 1541  27.7   7.4   5.2 -9.00  991.8 1007.6 1009.4  718 1005.7 1802  1.5 10.4 14.1 -9.0 25.05  3.37 1100   -9.0   -9.0 -9.00   -9.0   -9   -9.0   -9   -9.0   -9   -9.0   -9   -9.0   -9 -99.0 -99.0 -99.0 -99.0 -99.0
20260731 137  1.4  1198  27  2.8 1008  25  5.7 1007  29.6  34.2 1449  24.8  531  23.9  35.3  22.3  72.6  56.0 1516  29.7   6.8   4.8 -9.00  995.5 1006.2 1007.9  731 1004.4 1819  1.9 11.4 14.0 -9.0 24.75  3.02 1000   -9.0   -9.0 -9.00   -9.0   -9   -9.0   -9   -9.0   -9   -9.0   -9   -9.0   -9 -99.0 -99.0 -99.0 -99.0 -99.0
20260731 138  2.9  2525  29  4.7 1025  29  8.3 1619  32.0  37.6 1530  26.7  528  20.9  39.9  24.9  53.5  34.0 1548  24.7  10.3   7.2 -9.00 1004.7 1005.1 1006.6    1 1003.4 1528  2.1 12.8 14.0 -9.0 27.16  3.27 1100   -9.0   -9.0 -9.00   -9.0   -9   -9.0   -9   -9.0   -9   -9.0   -9   -9.0   -9  27.2  23.2  21.6  18.1  16.4
20260731 140  1.9  1625  29  4.8 1608  32  6.1 1606  28.4  32.2 1335  24.2  453  25.7  35.6  21.2  86.0  60.0 1340  33.1  -9.0  -9.0 -9.00 1005.9 1009.0 1010.4  840 1007.7 1745  1.1  9.4 14.0 -9.0 -9.00 -9.00   -9   -9.0   -9.0 -9.00   -9.0   -9   -9.0   -9   -9.0   -9   -9.0   -9   -9.0   -9 -99.0 -99.0 -99.0 -99.0 -99.0
20260731 143  2.3  1986  27  4.7   28  27  6.3   15  31.3  36.3 1512  26.1  446  21.5  37.8  23.6  57.6  39.0 1517  25.6   9.1   6.4 -9.00 1000.0 1006.1 1007.5  601 1004.2 1621  2.0 13.0 14.0 -9.0 26.72  3.40 1200   -9.0   -9.0 -9.00   -9.0   -9   -9.0   -9   -9.0   -9   -9.0   -9   -9.0   -9 -99.0 -99.0 -99.0 -99.0 -99.0
20260731 146  1.9  1629  29  4.4 1707  25  7.5 1229  29.6  34.9 1428  25.0  537  23.8  35.4  20.7  72.3  52.0 1430  29.5   7.6   5.3 -9.00 1001.4 1008.2 1009.6  651 1006.6 1750  1.0  8.8 14.0 -9.0 25.59  3.31 1200   -9.0   -9.0 -9.00   -9.0   -9   -9.0   -9   -9.0   -9   -9.0   -9   -9.0   -9 -99.0 -99.0 -99.0 -99.0 -99.0
20260731 152  2.2  1928   7  5.2 1404   2  8.8 1308  31.6  38.0 1636  24.8  509  19.8  37.7  21.6  52.5  30.0 1446  23.1  10.2   7.1 -9.00  996.1 1005.1 1006.9    1 1003.3 1553  2.9 12.5 14.0 -9.0 26.78  3.26 1300   -9.0   -9.0 -9.00   -9.0   -9   -9.0   -9   -9.0   -9   -9.0   -9   -9.0   -9 -99.0 -99.0 -99.0 -99.0 -99.0
20260731 155  1.5  1314   5  4.0 1338   7  7.5 1332  31.8  39.0 1507  25.5  516  22.9  36.8  21.5  61.1  38.0 1407  28.0   8.4   5.9 -9.00 1002.6 1006.5 1007.9  133 1004.6 1618  2.8 12.0 13.9 -9.0 26.76  3.40 1200   -9.0   -9.0 -9.00   -9.0   -9   -9.0   -9   -9.0   -9   -9.0   -9   -9.0   -9 -99.0 -99.0 -99.0 -99.0 -99.0
20260731 156  1.3  1152  29  3.1 1745  32  6.8 1340  30.0  35.8 1451  24.8  431  24.5  37.0  21.3  73.5  51.0 1357  30.7   7.7   5.4 -9.00 1000.3 1008.1 1009.7  745 1006.4 1557  0.5 10.8 14.0 -9.0 27.92  3.53 1200   -9.0   -9.0 -9.00   -9.0   -9   -9.0   -9   -9.0   -9   -9.0   -9   -9.0   -9 -99.0 -99.0 -99.0 -99.0 -99.0
20260731 159  2.8  2452  23  7.0 1349  25  9.8 1345  31.3  36.8 1207  27.3  525  21.4  36.3  22.5  56.4  38.0 1142  25.4  10.0   7.0 -9.00  997.9 1005.6 1007.0   12 1004.2 1736  4.1 12.3 13.9 -9.0 28.61  3.51 1200   -9.0   -9.0 -9.00   -9.0   -9   -9.0   -9   -9.0   -9   -9.0   -9   -9.0   -9  29.3  25.8  23.7  18.6  17.8
20260731 162  1.3  1142  25  3.9 1341  25  6.0 1357  28.1  34.1 1344  24.6  537  22.9  33.8  20.0  74.4  43.0 1408  27.9   7.5   5.2 -9.00 1002.5 1006.1 1007.4  203 1004.6 1742  2.1 12.1 13.9 -9.0 27.53  3.47 1200   -9.0   -9.0 -9.00   -9.0   -9   -9.0   -9   -9.0   -9   -9.0   -9   -9.0   -9 -99.0 -99.0 -99.0 -99.0 -99.0
20260731 165  1.9  1620  29  4.1 1721  29  5.7 1322  28.7  32.1 1522  25.2  500  25.6  37.2  21.3  84.0  70.0 1711  32.8   7.0   4.9 -9.00 1003.8 1008.9 1010.1  847 1007.3 1810  0.9 10.4 13.9 -9.0 26.45  3.47 1200   -9.0   -9.0 -9.00   -9.0   -9   -9.0   -9   -9.0   -9   -9.0   -9   -9.0   -9  29.3  25.8  24.2  20.1  17.1
20260731 168  3.6  3118  34  7.7 2323  34 10.4 2210  31.0  36.1 1424  26.2  544  22.9  36.7  25.0  63.4  45.0 1348  28.0  10.2   7.2 -9.00  999.9 1007.2 1008.7  208 1005.6 1753  1.6 13.3 13.9 -9.0 28.57  3.54 1200   -9.0   -9.0 -9.00   -9.0   -9   -9.0   -9   -9.0   -9   -9.0   -9   -9.0   -9  30.9  26.9  24.0  19.3  17.4
20260731 169  1.5  1289  18  4.2 2400   2  6.6 1500  29.4  34.4 1351  25.4  149  25.3  33.6  24.6  80.3  58.0 1451  32.2   7.5   5.3 -9.00 1000.3 1008.7 1010.0   38 1007.1 1751  0.0 13.1 13.9 -9.0 28.09  3.45 1200   -9.0   -9.0 -9.00   -9.0   -9   -9.0   -9   -9.0   -9   -9.0   -9   -9.0   -9 -99.0 -99.0 -99.0 -99.0 -99.0
20260731 170  2.8  2447  27  4.7 1401  32  8.0 1420  30.1  35.5 1602  25.4  519  24.5  38.6  24.7  73.6  55.0 1340  30.8   8.7   6.1 -9.00 1004.6 1008.5 1009.8    1 1006.9 1817  0.1 12.9 13.9 -9.0 28.73  3.53 1200   -9.0   -9.0 -9.00   -9.0   -9   -9.0   -9   -9.0   -9   -9.0   -9   -9.0   -9 -99.0 -99.0 -99.0 -99.0 -99.0
20260731 172  1.8  1528  27  4.8 1440  27  7.3 1357  28.7  34.0 1417  23.7  148  24.2  32.0  20.6  78.8  50.0 1346  30.2   8.0   5.6 -9.00 1002.2 1008.1 1009.4  647 1006.5 1754  1.5 10.9 14.0 -9.0 27.25  3.55 1200   -9.0   -9.0 -9.00   -9.0   -9   -9.0   -9   -9.0   -9   -9.0   -9   -9.0   -9 -99.0 -99.0 -99.0 -99.0 -99.0
20260731 174  2.1  1776  32  4.2 1223  32  7.9  933  28.0  34.4 1619  21.0  412  22.1  34.0  21.6  73.0  48.0 1400  26.7  -9.0  -9.0 -9.00  987.8 1006.2 1008.1   44 1004.1 1643  1.4 12.5 13.9 -9.0 -9.00 -9.00   -9   -9.0   -9.0 -9.00   -9.0   -9   -9.0   -9   -9.0   -9   -9.0   -9   -9.0   -9 -99.0 -99.0 -99.0 -99.0 -99.0
20260731 177  2.5  2178  20  4.5 1030  18  7.2 1032  29.0  33.4 1446  23.8  145  25.0  35.2  19.5  80.5  61.0 1606  31.8   6.8   4.8 -9.00 1003.4 1006.5 1008.1  637 1005.1 1815  1.9  9.9 14.1 -9.0 24.60  3.04 1100   -9.0   -9.0 -9.00   -9.0   -9   -9.0   -9   -9.0   -9   -9.0   -9   -9.0   -9 -99.0 -99.0 -99.0 -99.0 -99.0
20260731 181  1.7  1440  25  4.0 1719  23  6.0 1641  28.1  33.7 1449  22.7  342  23.5  30.4  21.3  78.0  55.0 1433  29.0   6.8   4.7 -9.00 1004.1 1007.9 1009.8  740 1006.2 1747  2.0  9.3 14.1 -9.0 24.83  3.45 1100   -9.0   -9.0 -9.00   -9.0   -9   -9.0   -9   -9.0   -9   -9.0   -9   -9.0   -9 -99.0 -99.0 -99.0 -99.0 -99.0
20260731 184  3.3  2859  32  5.3 1357  32  7.7 1622  30.9  34.8 1437  27.6  556  23.6  39.0  24.6  65.9  57.0 1314  29.3   8.4   5.9 -9.00 1006.1 1008.5 1009.7    1 1006.9 1805  0.0 13.0 13.8 -9.0 25.07  3.25 1200   -9.0   -9.0 -9.00   -9.0   -9   -9.0   -9   -9.0   -9   -9.0   -9   -9.0   -9  31.4  29.5  27.8  25.0  19.4
20260731 185  4.2  3595  29  6.8 1550  29  7.5 1554  29.0  32.4 1448  26.1  418  25.3  35.2  24.8  81.4  70.0 1345  32.3   7.9   5.5 -9.00 1000.8 1008.8 1010.2    1 1007.1 1723  0.0 12.3 13.8 -9.0 28.13  3.51 1200   -9.0   -9.0 -9.00   -9.0   -9   -9.0   -9   -9.0   -9   -9.0   -9   -9.0   -9 -99.0 -99.0 -99.0 -99.0 -99.0
20260731 188  2.0  1714  29  3.7 2202  29  6.5 2210  29.1  34.7 1354  22.5  529  22.8  36.9  21.5  69.8  41.0 1330  27.9  -9.0  -9.0 -9.00 1006.7 1008.9 1010.1    3 1007.5 1749  0.0 13.0 13.8 -9.0 -9.00 -9.00   -9   -9.0   -9.0 -9.00   -9.0   -9   -9.0   -9   -9.0   -9   -9.0   -9   -9.0   -9 -99.0 -99.0 -99.0 -99.0 -99.0
20260731 189  1.9  1672  23  4.7 1450  29 10.5 1526  30.1  35.0 1757  24.6  621  22.5  38.0  21.4  64.5  53.0  907  27.5   8.1   5.7 -9.00 1002.9 1008.8 1010.3    3 1006.7 1804  0.3 12.6 13.8 -9.0 28.48  3.54 1200   -9.0   -9.0 -9.00   -9.0   -9   -9.0   -9   -9.0   -9   -9.0   -9   -9.0   -9 -99.0 -99.0 -99.0 -99.0 -99.0
20260731 192  1.0   837  32  2.9 1715  34  6.4 1920  30.3  39.0 1425  21.8  532  22.3 -99.0  18.3  66.1  37.0 1519  26.9   8.3   5.8 -9.00 1003.5 1006.8 1008.5    7 1004.7 1741  1.5 12.0 13.9 -9.0 27.68  3.48 1200   -9.0   -9.0 -9.00   -9.0   -9   -9.0   -9   -9.0   -9   -9.0   -9   -9.0   -9 -99.0 -99.0 -99.0 -99.0 -99.0
20260731 201  2.0  1759  25  3.7 1317  25  6.8 1441  27.0  29.6 1119  23.5  430  25.8  28.3  21.5  93.8  79.0 1121  33.2  -9.0  -9.0 -9.00 1002.7 1008.2 1009.8  640 1006.5 1811  2.4  2.4 14.1 -9.0 -9.00 -9.00   -9   -9.0   -9.0 -9.00   -9.0   -9   -9.0   -9   -9.0   -9   -9.0   -9   -9.0   -9 -99.0 -99.0 -99.0 -99.0 -99.0
20260731 202  1.1   990  25  3.8 1655  25  6.4 1652  28.1  33.1 1612  23.5  527  23.5  34.0  21.9  77.3  58.0 1458  28.9  -9.0  -9.0 -9.00 1002.4 1007.7 1009.7  725 1005.9 1823  3.1  6.2 14.1 -9.0 -9.00 -9.00   -9   -9.0   -9.0 -9.00   -9.0   -9   -9.0   -9   -9.0   -9   -9.0   -9   -9.0   -9 -99.0 -99.0 -99.0 -99.0 -99.0
20260731 203  1.1   976  20  2.2 1340  25  5.4 1610  28.5  33.8 1601  23.2  536  24.6  30.5  22.9  80.6  62.0 1342  30.9  -9.0  -9.0 -9.00  999.0 1008.0 1009.9  715 1006.2 1806  2.6  7.3 14.1 -9.0 -9.00 -9.00   -9   -9.0   -9.0 -9.00   -9.0   -9   -9.0   -9   -9.0   -9   -9.0   -9   -9.0   -9 -99.0 -99.0 -99.0 -99.0 -99.0
20260731 211  1.9  1604  20  4.0 1258  16  8.0 1328  27.7  31.4 1357  23.1  117  22.9  32.0  21.4  76.1  59.0 1424  27.9  -9.0  -9.0 -9.00  983.8 1006.3 1008.4    1 1004.2 1817  5.3  3.8 14.2 -9.0 -9.00 -9.00   -9   -9.0   -9.0 -9.00   -9.0   -9   -9.0   -9   -9.0   -9   -9.0   -9   -9.0   -9 -99.0 -99.0 -99.0 -99.0 -99.0
20260731 212  0.9   794  27  3.0 1520  23  5.9 1632  27.9  33.0 1546  23.2  437  23.2  30.9  22.6  77.4  57.0 1532  28.5  -9.0  -9.0 -9.00  991.8 1007.6 1009.6  728 1005.5 1813  2.8  4.8 14.1 -9.0 -9.00 -9.00   -9   -9.0   -9.0 -9.00   -9.0   -9   -9.0   -9   -9.0   -9   -9.0   -9   -9.0   -9 -99.0 -99.0 -99.0 -99.0 -99.0
20260731 216  1.4  1190  32  3.5 1310  36  7.1 1520  26.2  31.5 1227  19.2  435  19.6  30.3  18.3  68.9  47.0 1230  22.7   7.6   5.3 -9.00  928.6 1006.1 1008.9  202 1003.9 1446  2.9 11.2 14.1 -9.0 26.87  3.53 1200   -9.0   -9.0 -9.00   -9.0   -9   -9.0   -9   -9.0   -9   -9.0   -9   -9.0   -9 -99.0 -99.0 -99.0 -99.0 -99.0
20260731 217  1.3  1158  18  3.9 1149  18  7.1 1146  27.9  34.1 1326  21.4  332  22.3  34.7  21.4  73.5  50.0 1239  26.9  -9.0  -9.0 -9.00  972.3 1006.9 1009.5  636 1004.5 1746  5.0  8.0 14.1 -9.0 -9.00 -9.00   -9   -9.0   -9.0 -9.00   -9.0   -9   -9.0   -9   -9.0   -9   -9.0   -9   -9.0   -9 -99.0 -99.0 -99.0 -99.0 -99.0
20260731 221  1.5  1259  20  4.3 1147  23  6.5 1152  26.1  31.8 1532  20.8  404  22.9  32.5  19.2  84.0  58.0 1340  27.9  -9.0  -9.0 -9.00  977.9 1007.5 1009.5  621 1005.2 1742  4.1  8.0 14.1 -9.0 -9.00 -9.00   -9   -9.0   -9.0 -9.00   -9.0   -9   -9.0   -9   -9.0   -9   -9.0   -9   -9.0   -9 -99.0 -99.0 -99.0 -99.0 -99.0
20260731 226  0.9   776  29  2.8 1221  36  5.4 1127  27.2  32.6 1525  22.1  259  23.2  30.9  19.3  81.3  59.0 1405  28.5  -9.0  -9.0 -9.00  988.7 1008.0 1009.7  725 1006.0 1824  2.5  9.5 14.0 -9.0 -9.00 -9.00   -9   -9.0   -9.0 -9.00   -9.0   -9   -9.0   -9   -9.0   -9   -9.0   -9   -9.0   -9 -99.0 -99.0 -99.0 -99.0 -99.0
20260731 232  1.1   959  25  3.6 1649  25  6.1 1551  27.8  33.1 1535  22.5  528  24.3  32.8  21.1  83.5  59.0 1448  30.5  -9.0  -9.0 -9.00  998.8 1008.4 1010.3  737 1006.7 1752  1.1  9.7 14.1 -9.0 -9.00 -9.00   -9   -9.0   -9.0 -9.00   -9.0   -9   -9.0   -9   -9.0   -9   -9.0   -9   -9.0   -9 -99.0 -99.0 -99.0 -99.0 -99.0
20260731 235  1.9  1645  20  3.8 1538  20  5.8 1222  28.5  32.4 1356  23.9  546  25.4  33.1  22.2  84.0  68.0 1106  32.5   6.8   4.7 -9.00 1006.5 1007.6 1008.9  807 1006.2 1834  1.1  9.6 14.0 -9.0 26.10  3.52 1100   -9.0   -9.0 -9.00   -9.0   -9   -9.0   -9   -9.0   -9   -9.0   -9   -9.0   -9 -99.0 -99.0 -99.0 -99.0 -99.0
20260731 236  1.0   838  23  3.2 1457  23  5.8 1216  27.9  34.8 1413  22.2  517  24.5  33.2  20.7  84.0  58.0 1328  30.8  -9.0  -9.0 -9.00 1006.9 1008.4 1010.0  813 1007.0 1807  1.5  6.6 14.0 -9.0 -9.00 -9.00   -9   -9.0   -9.0 -9.00   -9.0   -9   -9.0   -9   -9.0   -9   -9.0   -9   -9.0   -9 -99.0 -99.0 -99.0 -99.0 -99.0
20260731 238  1.0   835  23  2.8 1600  20  6.3 1632  28.2  33.8 1550  22.5  429  23.6  33.4  20.7  78.5  57.0 1548  29.2  -9.0  -9.0 -9.00  988.5 1007.6 1009.4  720 1005.9 1548  2.3 10.3 14.0 -9.0 -9.00 -9.00   -9   -9.0   -9.0 -9.00   -9.0   -9   -9.0   -9   -9.0   -9   -9.0   -9   -9.0   -9 -99.0 -99.0 -99.0 -99.0 -99.0
20260731 239  1.0   869  32  3.3 1639  32  5.3 1613  28.0  32.9 1534  23.3  359  24.3  33.8  22.4  82.0  61.0 1511  30.4   5.8   4.1 -9.00  997.2 1007.3 1009.2  729 1005.6 1748  1.3  8.3 14.0 -9.0 22.32  3.09 1200   -9.0   -9.0 -9.00   -9.0   -9   -9.0   -9   -9.0   -9   -9.0   -9   -9.0   -9 -99.0 -99.0 -99.0 -99.0 -99.0
20260731 243  1.2  1017  27  3.8 1511  29  6.0 1431  28.8  33.7 1321  23.9  509  23.7  35.1  20.9  76.0  52.0 1206  29.4  -9.0  -9.0 -9.00 1007.3 1008.7 1010.0  854 1007.4 1811  0.5 10.5 14.0 -9.0 -9.00 -9.00   -9   -9.0   -9.0 -9.00   -9.0   -9   -9.0   -9   -9.0   -9   -9.0   -9   -9.0   -9 -99.0 -99.0 -99.0 -99.0 -99.0
20260731 244  1.0   845  36  2.8 1528   2  5.7 1311  27.3  33.4 1506  22.2  256  23.0  30.2  20.6  79.8  56.0 1351  28.1  -9.0  -9.0 -9.00  980.5 1008.1 1009.8    4 1006.3 1552  4.0  9.0 14.0 -9.0 -9.00 -9.00   -9   -9.0   -9.0 -9.00   -9.0   -9   -9.0   -9   -9.0   -9   -9.0   -9   -9.0   -9 -99.0 -99.0 -99.0 -99.0 -99.0
20260731 245  1.6  1357  27  4.2 1622  29  6.9 1641  29.1  35.2 1447  23.5  333  23.7  35.6  20.9  74.3  53.0 1332  29.3   7.6   5.3 -9.00 1000.6 1008.4 1009.8  744 1006.9 1738  0.1 10.2 14.0 -9.0 25.81  3.41 1300   -9.0   -9.0 -9.00   -9.0   -9   -9.0   -9   -9.0   -9   -9.0   -9   -9.0   -9 -99.0 -99.0 -99.0 -99.0 -99.0
20260731 247  1.4  1215  34  2.9 1304   5  5.5 1126  28.6  35.4 1448  22.2  359  23.3  34.2  21.2  75.3  52.0 1401  28.7  -9.0  -9.0 -9.00  993.0 1007.9 1009.7  705 1006.0 1556  3.4 12.0 14.0 -9.0 -9.00 -9.00   -9   -9.0   -9.0 -9.00   -9.0   -9   -9.0   -9   -9.0   -9   -9.0   -9   -9.0   -9 -99.0 -99.0 -99.0 -99.0 -99.0
20260731 248  1.1   988  36  4.3 1201  36  7.3 1101  25.6  32.3 1429  19.1  424  22.0  32.0  17.8  83.3  55.0 1146  26.5  -9.0  -9.0 -9.00  963.3 1008.6 1010.7   24 1006.4 1611  2.0  8.8 14.0 -9.0 -9.00 -9.00   -9   -9.0   -9.0 -9.00   -9.0   -9   -9.0   -9   -9.0   -9   -9.0   -9   -9.0   -9 -99.0 -99.0 -99.0 -99.0 -99.0
20260731 251  1.3  1142  27  4.3 1529  27  6.6 1640  28.3  34.3 1354  23.1  157  24.7  32.8  22.0  82.8  58.0 1324  31.1   7.0   4.9 -9.00 1002.6 1008.2 1009.6   10 1006.7 1724  1.4  9.4 14.0 -9.0 24.98  3.31 1200   -9.0   -9.0 -9.00   -9.0   -9   -9.0   -9   -9.0   -9   -9.0   -9   -9.0   -9 -99.0 -99.0 -99.0 -99.0 -99.0
20260731 252  1.3  1165  23  4.0 1351  25  6.5 1347  28.6  33.7 1436  23.3  559  24.7  33.8  21.3  80.9  59.0 1613  31.2   7.1   5.0 -9.00 1004.1 1008.3 1009.6  826 1006.8 1754  0.8 10.2 14.0 -9.0 26.71  3.54 1200   -9.0   -9.0 -9.00   -9.0   -9   -9.0   -9   -9.0   -9   -9.0   -9   -9.0   -9 -99.0 -99.0 -99.0 -99.0 -99.0
20260731 253  1.7  1452  29  3.9 1118  29  7.6 1110  32.3  39.8 1408  26.2  538  23.0  38.3  23.6  59.9  36.0 1426  28.0   8.6   6.0 -9.00 1000.9 1007.0 1008.5   14 1005.1 1741  1.1 12.0 14.0 -9.0 26.47  3.37 1100   -9.0   -9.0 -9.00   -9.0   -9   -9.0   -9   -9.0   -9   -9.0   -9   -9.0   -9 -99.0 -99.0 -99.0 -99.0 -99.0
20260731 254  1.7  1497  34  4.8 1630  27  7.4 1444  28.2  35.3 1505  22.1  520  23.0  35.6  20.3  75.8  46.0 1320  28.0   8.4   5.9 -9.00  994.0 1008.5 1010.5  734 1006.4 1612  1.8 10.8 14.0 -9.0 28.34  3.59 1200   -9.0   -9.0 -9.00   -9.0   -9   -9.0   -9   -9.0   -9   -9.0   -9   -9.0   -9 -99.0 -99.0 -99.0 -99.0 -99.0
20260731 255  1.4  1200  32  3.8 1548  34  7.6 1228  32.7  39.4 1554  26.4  548  22.6  37.4  20.7  57.6  36.0 1447  27.5   8.4   5.9 -9.00 1000.3 1006.0 1007.6   18 1003.6 1605  1.9 12.6 13.9 -9.0 25.08  3.14 1200   -9.0   -9.0 -9.00   -9.0   -9   -9.0   -9   -9.0   -9   -9.0   -9   -9.0   -9 -99.0 -99.0 -99.0 -99.0 -99.0
20260731 257  1.8  1544  23  3.9 1707  20  7.2 1658  33.4  41.4 1340  26.9  343  23.3  39.9  23.3  58.0  33.0 1604  28.6   9.3   6.5 -9.00 1005.2 1005.9 1007.6    1 1003.9 1548  1.8 10.8 14.0 -9.0 26.10  3.32 1200   -9.0   -9.0 -9.00   -9.0   -9   -9.0   -9   -9.0   -9   -9.0   -9   -9.0   -9 -99.0 -99.0 -99.0 -99.0 -99.0
20260731 258  3.4  2921  34  6.7  621  36  8.1  614  30.0  35.8 1452  24.7  328  24.1  31.3  23.7  72.4  52.0 1328  30.0   8.8   6.2 -9.00 1007.8 1008.0 1009.5  709 1006.0 1710  2.0 13.2 13.9 -9.0 29.05  3.57 1200   -9.0   -9.0 -9.00   -9.0   -9   -9.0   -9   -9.0   -9   -9.0   -9   -9.0   -9 -99.0 -99.0 -99.0 -99.0 -99.0
20260731 259  1.4  1226  27  3.5 1424  32  6.1 1636  29.7  36.4 1437  24.1  532  24.9  34.9  22.7  77.8  54.0 1255  31.5   7.9   5.6 -9.00 1006.3 1008.1 1009.5   55 1006.4 1608  0.6 11.8 13.9 -9.0 27.75  3.34 1200   -9.0   -9.0 -9.00   -9.0   -9   -9.0   -9   -9.0   -9   -9.0   -9   -9.0   -9 -99.0 -99.0 -99.0 -99.0 -99.0
20260731 260  1.5  1319  32  3.7 1323  32  6.6 1350  29.1  35.5 1501  22.8  555  24.3  35.9  21.8  77.4  57.0 1242  30.6  -9.0  -9.0 -9.00 1003.1 1008.0 1009.6  111 1006.1 1626  1.5 11.7 13.9 -9.0 -9.00 -9.00   -9   -9.0   -9.0 -9.00   -9.0   -9   -9.0   -9   -9.0   -9   -9.0   -9   -9.0   -9 -99.0 -99.0 -99.0 -99.0 -99.0
20260731 261  1.7  1505  25  5.8 1403  23  9.3 1356  29.2  34.8 1500  24.4  155  25.0  37.1  22.6  79.9  55.0 1709  31.7  -9.0  -9.0 -9.00 1007.0 1008.8 1010.2    1 1007.1 1754  2.9 10.3 13.9 -9.0 -9.00 -9.00   -9   -9.0   -9.0 -9.00   -9.0   -9   -9.0   -9   -9.0   -9   -9.0   -9   -9.0   -9 -99.0 -99.0 -99.0 -99.0 -99.0
20260731 262  2.5  2141  32  5.2  755   2  8.3  723  30.0  36.8 1444  23.4  358  23.6  35.6  24.0  71.4  47.0 1357  29.2   8.4   5.9 -9.00 1001.9 1007.7 1009.1  704 1005.8 1744  1.4 12.1 13.9 -9.0 27.36  3.38 1200   -9.0   -9.0 -9.00   -9.0   -9   -9.0   -9   -9.0   -9   -9.0   -9   -9.0   -9 -99.0 -99.0 -99.0 -99.0 -99.0
20260731 263  1.4  1215  32  4.6 1855  29  6.8 1641  30.9  39.7 1622  22.0  524  23.3  38.7  18.5  68.3  38.0 1534  28.7   8.3   5.8 -9.00 1004.9 1006.5 1008.3   31 1004.0 1612  3.5 10.9 14.0 -9.0 26.59  3.51 1200   -9.0   -9.0 -9.00   -9.0   -9   -9.0   -9   -9.0   -9   -9.0   -9   -9.0   -9 -99.0 -99.0 -99.0 -99.0 -99.0
20260731 264  1.8  1596  29  4.5  931  29  8.6 1448  29.2  36.2 1506  20.7  536  23.1  35.4  19.0  72.8  50.0 1414  28.4   9.0   6.3 -9.00  990.5 1007.5 1009.7   59 1005.3 1605  1.4 12.2 14.0 -9.0 28.89  3.57 1200   -9.0   -9.0 -9.00   -9.0   -9   -9.0   -9   -9.0   -9   -9.0   -9   -9.0   -9 -99.0 -99.0 -99.0 -99.0 -99.0
20260731 266  1.6  1422  29  3.8 2150  34  8.2 1600  31.1  38.4 1429  24.3  415  22.5  40.8  21.9  62.9  38.0 1346  27.2   9.0   6.3 -9.00  997.6 1007.4 1009.1  145 1005.5 1715  2.3 12.3 13.9 -9.0 27.62  3.46 1200   -9.0   -9.0 -9.00   -9.0   -9   -9.0   -9   -9.0   -9   -9.0   -9   -9.0   -9 -99.0 -99.0 -99.0 -99.0 -99.0
20260731 268  1.4  1170  32  3.5 1309  34  6.1 1528  28.2  32.7 1454  24.0  304  24.8  38.1  22.6  83.6  57.0 1248  31.4  -9.0  -9.0 -9.00 1006.5 1007.6 1008.8   11 1006.0 1801  0.1 11.4 13.9 -9.0 -9.00 -9.00   -9   -9.0   -9.0 -9.00   -9.0   -9   -9.0   -9   -9.0   -9   -9.0   -9   -9.0   -9 -99.0 -99.0 -99.0 -99.0 -99.0
20260731 271  1.4  1200  34  4.4 1311  32  7.6 1223  26.4  32.6 1422  20.1  530  21.3  32.4  18.5  76.3  50.0 1156  25.4  -9.0  -9.0 -9.00  970.9 1007.1 1009.2  645 1005.4 1445  2.1  9.9 14.1 -9.0 -9.00 -9.00   -9   -9.0   -9.0 -9.00   -9.0   -9   -9.0   -9   -9.0   -9   -9.0   -9   -9.0   -9 -99.0 -99.0 -99.0 -99.0 -99.0
20260731 272  2.9  2500  29  5.9 1339  29  9.9 1208  27.7  32.4 1533  21.1  432  22.5  35.5  18.9  75.1  55.0 1403  27.2  -9.0  -9.0 -9.00  983.2 1006.8 1008.5  631 1005.1 1830  2.5 11.5 14.1 -9.0 -9.00 -9.00   -9   -9.0   -9.0 -9.00   -9.0   -9   -9.0   -9   -9.0   -9   -9.0   -9   -9.0   -9 -99.0 -99.0 -99.0 -99.0 -99.0
20260731 273  1.4  1244  32  3.1 1236  32  6.6 1151  28.1  33.3 1503  22.2  521  23.2  34.3  18.9  76.1  58.0 1343  28.5  -9.0  -9.0 -9.00  987.3 1006.6 1008.2  742 1004.8 1802  2.5  9.8 14.1 -9.0 -9.00 -9.00   -9   -9.0   -9.0 -9.00   -9.0   -9   -9.0   -9   -9.0   -9   -9.0   -9   -9.0   -9 -99.0 -99.0 -99.0 -99.0 -99.0
20260731 276  2.0  1724  32  4.7 1527  34  9.6 1539  28.1  34.6 1418  20.2  542  23.2  34.5  16.8  77.3  53.0 1417  28.5   8.3   5.8 -9.00  982.9 1006.2 1008.3  634 1004.2 1824  1.9 11.9 14.0 -9.0 27.13  3.45 1100   -9.0   -9.0 -9.00   -9.0   -9   -9.0   -9   -9.0   -9   -9.0   -9   -9.0   -9 -99.0 -99.0 -99.0 -99.0 -99.0
20260731 277  2.9  2503  29  5.9  932  32 10.5  831  31.2  38.4 1329  25.6  534  21.8  37.5  23.6  59.3  37.0 1325  26.2  -9.0  -9.0 -9.00 1000.9 1005.4 1006.9   15 1004.2 1526  2.3 12.6 14.1 -9.0 -9.00 -9.00   -9   -9.0   -9.0 -9.00   -9.0   -9   -9.0   -9   -9.0   -9   -9.0   -9   -9.0   -9 -99.0 -99.0 -99.0 -99.0 -99.0
20260731 278  1.2  1066  29  3.4 1607  36  6.3 1058  28.3  35.5 1600  20.9  553  22.8  38.1  18.4  75.6  48.0 1418  27.9  -9.0  -9.0 -9.00  997.0 1006.1 1008.0  743 1004.2 1815  1.6 11.9 14.0 -9.0 -9.00 -9.00   -9   -9.0   -9.0 -9.00   -9.0   -9   -9.0   -9   -9.0   -9   -9.0   -9   -9.0   -9 -99.0 -99.0 -99.0 -99.0 -99.0
20260731 279  1.6  1397  32  3.0  805   9  5.9 1620  30.5  35.9 1355  24.0  540  23.0  38.6  22.2  66.3  46.0 1403  28.1   8.1   5.6 -9.00 1001.3 1006.8 1008.3  834 1005.0 1804  1.6 12.1 14.0 -9.0 26.78  3.31 1100   -9.0   -9.0 -9.00   -9.0   -9   -9.0   -9   -9.0   -9   -9.0   -9   -9.0   -9 -99.0 -99.0 -99.0 -99.0 -99.0
20260731 281  2.4  2074  27  4.9 1105  27  9.6  932  30.1  36.3 1455  24.2  104  21.9  36.5  20.7  63.9  40.0 1418  26.2  -9.0  -9.0 -9.00  996.3 1007.0 1008.5  750 1005.5 1616  1.8 12.2 14.0 -9.0 -9.00 -9.00   -9   -9.0   -9.0 -9.00   -9.0   -9   -9.0   -9   -9.0   -9   -9.0   -9   -9.0   -9 -99.0 -99.0 -99.0 -99.0 -99.0
20260731 283  2.9  2499  29  6.3 1231  29 10.7 1140  30.4  37.8 1428  22.9  534  21.8  36.0  19.9  63.5  36.0 1434  26.1  10.2   7.1 -9.00 1001.9 1006.3 1007.8    1 1004.6 1617  1.3 12.7 14.0 -9.0 27.23  3.45 1200   -9.0   -9.0 -9.00   -9.0   -9   -9.0   -9   -9.0   -9   -9.0   -9   -9.0   -9 -99.0 -99.0 -99.0 -99.0 -99.0
20260731 284  1.7  1462  32  4.3 1638  34  6.9 1420  28.8  38.1 1511  20.1  508  22.2  38.2  16.0  70.8  40.0 1431  26.8   8.7   6.1 -9.00  981.8 1007.2 1009.5  109 1004.7 1522  2.5 13.0 14.0 -9.0 27.96  3.44 1200   -9.0   -9.0 -9.00   -9.0   -9   -9.0   -9   -9.0   -9   -9.0   -9   -9.0   -9 -99.0 -99.0 -99.0 -99.0 -99.0
20260731 285  0.9   788  34  2.6 1805  25  5.5 1832  30.3  38.4 1436  21.7  530  22.5  38.5  19.9  66.1  41.0 1438  27.2  -9.0  -9.0 -9.00 1004.0 1007.0 1008.8    6 1004.8 1553  2.4 -9.0 14.0 -9.0 -9.00 -9.00   -9   -9.0   -9.0 -9.00   -9.0   -9   -9.0   -9   -9.0   -9   -9.0   -9   -9.0   -9 -99.0 -99.0 -99.0 -99.0 -99.0
20260731 288  1.7  1459   7  4.0 1643   2  7.0 1547  31.5  38.8 1558  23.6  536  22.9  36.4  23.3  63.9  39.0 1138  28.0   9.1   6.4 -9.00 1004.0 1004.9 1006.7  634 1002.8 1724  1.6 11.8 14.0 -9.0 27.64  3.44 1200   -9.0   -9.0 -9.00   -9.0   -9   -9.0   -9   -9.0   -9   -9.0   -9   -9.0   -9 -99.0 -99.0 -99.0 -99.0 -99.0
20260731 289  2.1  1804  27  4.9 1818  29  8.0 1451  29.8  36.8 1412  20.9  509  22.6  35.2  17.0  68.3  45.0 1029  27.5  -9.0  -9.0 -9.00  992.6 1008.0 1010.1   50 1005.9 1608  2.1 11.6 14.0 -9.0 -9.00 -9.00   -9   -9.0   -9.0 -9.00   -9.0   -9   -9.0   -9   -9.0   -9   -9.0   -9   -9.0   -9 -99.0 -99.0 -99.0 -99.0 -99.0
20260731 294  1.3  1127  20  4.5 1708  18  7.9 1453  29.8  35.5 1214  24.1  526  22.1  37.7  19.5  65.4  40.0 1220  26.7  -9.0  -9.0 -9.00 1002.3 1007.4 1008.7   50 1005.8 1727  2.8 12.4 13.9 -9.0 -9.00 -9.00   -9   -9.0   -9.0 -9.00   -9.0   -9   -9.0   -9   -9.0   -9   -9.0   -9   -9.0   -9 -99.0 -99.0 -99.0 -99.0 -99.0
20260731 295  1.1   951  27  2.7 1618  23  4.9 1613  29.5  36.8 1542  23.1  541  23.0  36.5  19.1  69.9  42.0 1552  28.1  -9.0  -9.0 -9.00 1002.0 1007.1 1008.7  145 1005.2 1802  2.3 12.1 13.9 -9.0 -9.00 -9.00   -9   -9.0   -9.0 -9.00   -9.0   -9   -9.0   -9   -9.0   -9   -9.0   -9   -9.0   -9 -99.0 -99.0 -99.0 -99.0 -99.0
20260731 296  1.7  1469  18  4.5 1551  18  7.9 1605  31.5  39.3 1345  24.6  550  23.9  36.3  20.0  66.3  40.0 1151  29.7   8.7   6.1 -9.00 1005.0 1005.3 1006.9    1 1003.5 1745  2.3 11.8 13.9 -9.0 27.29  3.39 1100   -9.0   -9.0 -9.00   -9.0   -9   -9.0   -9   -9.0   -9   -9.0   -9   -9.0   -9 -99.0 -99.0 -99.0 -99.0 -99.0
20260801  90  2.9  2490  29  5.9  636  29 12.3  847  33.3  37.1 1338  29.5  149  22.5  36.3  26.9  53.4  44.0 1331  27.2  10.3   7.2 -9.00 1001.8 1003.7 1005.0 1007 1002.6 1544  0.4 13.1 14.1 -9.0 27.82  3.39 1200   -9.0   -9.0 -9.00   -9.0   -9   -9.0   -9   -9.0   -9   -9.0   -9   -9.0   -9 -99.0 -99.0 -99.0 -99.0 -99.0
20260801  93  1.8  1543  20  4.4 1116  23  6.9 1628  29.3  34.5 1552  25.3  541  25.6  32.5  25.1  81.4  63.0 1557  32.7   5.7   4.0 -9.00  995.8 1006.5 1008.3 2351 1004.7 1646  2.0  9.2 14.1 -9.0 19.46  2.96 1300   -9.0   -9.0 -9.00   -9.0   -9   -9.0   -9   -9.0   -9   -9.0   -9   -9.0   -9  29.1  26.8  24.5  21.2  18.6
20260801  95  2.0  1685  25  3.3 1632  25  7.3 1629  29.5  33.4 1527  26.5  534  25.6  32.7  24.7  80.1  65.0 1521  32.7   6.3   4.4 -9.00  989.4 1006.7 1008.4 2320 1005.1 1635  1.5  8.1 14.1 -9.0 22.19  3.26 1300   -9.0   -9.0 -9.00   -9.0   -9   -9.0   -9   -9.0   -9   -9.0   -9   -9.0   -9 -99.0 -99.0 -99.0 -99.0 -99.0
20260801  98  1.3  1140  25  3.4 1700  25  7.2 1617  28.9  33.4 1509  26.2  517  24.3  33.9  24.3  76.8  61.0 1510  30.3   5.5   3.8 -9.00  993.6 1006.5 1008.3 2340 1005.1 1630  1.9  5.4 14.1 -9.0 17.55  2.95 1200   -9.0   -9.0 -9.00   -9.0   -9   -9.0   -9   -9.0   -9   -9.0   -9   -9.0   -9 -99.0 -99.0 -99.0 -99.0 -99.0
20260801  99  1.3  1144  29  2.9 1245  27  6.5 1805  28.5  33.0 1338  25.2  527  26.0  32.8  24.7  87.3  70.0 1428  33.6   5.7   4.0 -9.00 1003.8 1007.3 1008.8 2304 1006.0 1645  1.6  6.8 14.1 -9.0 20.10  3.27 1300   -9.0   -9.0 -9.00   -9.0   -9   -9.0   -9   -9.0   -9   -9.0   -9   -9.0   -9 -99.0 -99.0 -99.0 -99.0 -99.0
20260801 100  4.1  3503  27  6.0  841  25 12.3  835  26.0  30.0 1451  23.3  518  22.3  30.4  21.2  80.6  68.0 1453  26.9   6.3   4.4 -9.00  921.9 1005.4 1007.6 2310 1003.5 1532  0.9 10.3 14.1 -9.0 23.34  3.14 1100   -9.0   -9.0 -9.00   -9.0   -9   -9.0   -9   -9.0   -9   -9.0   -9   -9.0   -9 -99.0 -99.0 -99.0 -99.0 -99.0
20260801 101  1.8  1593  20  4.5 1601  18  7.5 1555  29.7  34.0 1436  25.6  600  24.4  34.1  23.8  74.3  58.0 1727  30.5   5.9   4.1 -9.00  996.9 1005.4 1007.2 2333 1003.6 1635  1.9  7.5 14.1 -9.0 20.18  2.89 1100   -9.0   -9.0 -9.00   -9.0   -9   -9.0   -9   -9.0   -9   -9.0   -9   -9.0   -9  28.5  25.4  23.5  18.9  15.7
20260801 102  3.9  3349  25  6.1  940  25  9.6  954  28.6  32.2 1409  26.4  451  25.2  36.6  25.6  82.8  65.0 1443  32.1   7.5   5.3 -9.00 1001.2 1005.2 1006.7 2320 1004.3  335  0.4 11.4 14.1 -9.0 27.37  3.37 1300   -9.0   -9.0 -9.00   -9.0   -9   -9.0   -9   -9.0   -9   -9.0   -9   -9.0   -9 -99.0 -99.0 -99.0 -99.0 -99.0
20260801 104  2.2  1903  27  4.6 1446  27  8.9 1421  32.6  37.1 1453  27.1  456  24.1  35.0  24.2  61.9  47.0 1300  30.0   8.8   6.2 -9.00  994.6 1002.9 1004.3 2312 1001.6 1733  0.9 13.3 14.1 -9.0 27.58  3.40 1200   -9.0   -9.0 -9.00   -9.0   -9   -9.0   -9   -9.0   -9   -9.0   -9   -9.0   -9  28.2  24.8  22.3  17.4  15.2
20260801 105  3.4  2906  23  5.0  341  23  9.3 2359  33.4  37.2 1448  30.2  610  22.4  36.3  28.0  53.1  44.0 1429  27.0  10.4   7.3 -9.00 1001.0 1004.0 1005.3 2312 1002.7 1736  0.9 12.7 14.1 -9.0 25.97  3.24 1200   -9.0   -9.0 -9.00   -9.0   -9   -9.0   -9   -9.0   -9   -9.0   -9   -9.0   -9  29.0  25.6  23.9  18.7  16.1
20260801 106  2.9  2495  25  6.1  312  29 11.0  219  33.1  36.9 1354  29.5  653  22.4  38.0  26.1  54.0  44.0 1551  27.1  10.0   7.0 -9.00  999.9 1004.3 1005.7 1113 1003.0 1732  1.0 12.3 14.1 -9.0 27.62  3.44 1200   -9.0   -9.0 -9.00   -9.0   -9   -9.0   -9   -9.0   -9   -9.0   -9   -9.0   -9 -99.0 -99.0 -99.0 -99.0 -99.0
20260801 108  2.6  2258  27  4.2 1444  27  8.1 1449  30.0  34.0 1537  27.4  529  25.3  35.5  26.1  76.9  60.0 1539  32.2   6.0   4.2 -9.00  997.3 1006.9 1008.4 2341 1005.6 1606  3.6  5.6 14.1 -9.0 18.85  3.43 1300   -9.0   -9.0 -9.00   -9.0   -9   -9.0   -9   -9.0   -9   -9.0   -9   -9.0   -9  28.3  25.8  24.7  20.0  15.6
20260801 112  2.8  2393  25  5.0 1631  25  7.7 1642  29.1  32.6 1417  26.8  313  27.0  32.4  25.8  89.4  73.0 1419  35.6   6.4   4.5  2.45  999.3 1007.1 1008.4 2342 1006.1 1551  3.6  8.8 14.1 -9.0 23.30  3.22 1300   -9.0   -9.0 -9.00   -9.0   -9   -9.0   -9   -9.0   -9   -9.0   -9   -9.0   -9  26.8  25.1  19.2  22.5  15.7
20260801 114  1.8  1527  29  3.9 1556  23  7.0 1417  30.2  34.8 1452  26.5  536  24.4  33.6  24.4  72.1  52.0 1534  30.5   6.0   4.2 -9.00  989.9 1006.6 1008.1 2332 1004.8 1653  0.8  7.2 14.1 -9.0 20.24  2.94 1200   -9.0   -9.0 -9.00   -9.0   -9   -9.0   -9   -9.0   -9   -9.0   -9   -9.0   -9 -99.0 -99.0 -99.0 -99.0 -99.0
20260801 115  4.5  3928  27  8.4  229  29 14.4  502  32.0  35.2 1221  28.9    1  22.7  36.3  26.0  58.4  46.0 1100  27.6   9.7   6.8 -9.00  979.8 1004.0 1005.9 2326 1003.2  105  1.3 12.5 14.1 -9.0 26.02  3.18 1200   -9.0   -9.0 -9.00   -9.0   -9   -9.0   -9   -9.0   -9   -9.0   -9   -9.0   -9  25.6  21.9  20.2  14.7  13.8
20260801 119  2.3  1950  29  4.8 1449  29  7.7 1319  29.4  33.4 1549  26.7  406  25.2  36.5  25.4  79.3  60.0 1618  32.1   6.2   4.3 -9.00 1002.4 1006.9 1008.4 2354 1005.7 1649  2.4  7.5 14.1 -9.0 21.31  2.93 1400   -9.0   -9.0 -9.00   -9.0   -9   -9.0   -9   -9.0   -9   -9.0   -9   -9.0   -9  28.0  25.2  23.0  18.0  15.1
20260801 121  1.2  1061  23  3.5 1622  27  7.4 1549  28.4  34.1 1305  23.9  438  24.1  33.6  21.8  79.4  57.0 1352  30.1   4.9   3.4 -9.00  980.2 1006.9 1008.9 2354 1004.8 1601  3.5  6.2 14.1 -9.0 16.92  2.34 1200   -9.0   -9.0 -9.00   -9.0   -9   -9.0   -9   -9.0   -9   -9.0   -9   -9.0   -9 -99.0 -99.0 -99.0 -99.0 -99.0
20260801 127  1.6  1418  25  4.3 1424  23  8.0 1422  29.5  35.3 1515  25.1  542  24.2  31.2  24.6  74.6  53.0 1516  30.3   6.3   4.4 -9.00  993.4 1006.2 1007.7 2341 1004.6 1654  0.6  6.8 14.1 -9.0 21.29  3.17 1400   -9.0   -9.0 -9.00   -9.0   -9   -9.0   -9   -9.0   -9   -9.0   -9   -9.0   -9 -99.0 -99.0 -99.0 -99.0 -99.0
20260801 129  2.5  2189  23  4.8 1536  20  7.6 1508  29.9  34.2 1249  27.1  344  26.8  32.0  25.1  84.9  61.0 1235  35.2   6.9   4.9 -9.00 1004.6 1007.4 1008.4 2337 1006.7 1501  0.0  9.8 14.0 -9.0 24.81  3.24 1200   -9.0   -9.0 -9.00   -9.0   -9   -9.0   -9   -9.0   -9   -9.0   -9   -9.0   -9  27.7  25.3  23.1  18.5  15.9
20260801 130  2.1  1840  27  3.3  652  27  7.0  149  32.6  37.3 1718  29.0    1  23.5  35.9  25.7  59.8  45.0 1156  29.0  -9.0  -9.0 -9.00  999.1 1004.6 1005.8 2331 1003.1 1728  0.6 12.3 14.1 -9.0 -9.00 -9.00   -9   -9.0   -9.0 -9.00   -9.0   -9   -9.0   -9   -9.0   -9   -9.0   -9   -9.0   -9 -99.0 -99.0 -99.0 -99.0 -99.0
20260801 131  1.6  1346  27  2.8 1643  27  5.2 1635  31.0  36.0 1512  27.2  543  24.4  34.0  25.5  69.1  50.0 1427  30.5   7.0   4.9 -9.00 1000.3 1006.8 1008.1 2355 1005.3 1519  2.4  8.1 14.0 -9.0 23.63  3.36 1300   -9.0   -9.0 -9.00   -9.0   -9   -9.0   -9   -9.0   -9   -9.0   -9   -9.0   -9 -99.0 -99.0 -99.0 -99.0 -99.0
20260801 133  1.7  1453  20  3.5  828  29  6.7 1744  30.4  35.3 1644  25.6  534  25.0  34.6  25.0  74.8  51.0 1527  31.7   6.1   4.3 -9.00 1000.0 1007.5 1008.6 2400 1006.0 1544  0.9  9.0 14.0 -9.0 21.34  3.34 1200   -9.0   -9.0 -9.00   -9.0   -9   -9.0   -9   -9.0   -9   -9.0   -9   -9.0   -9  30.0  27.7  25.7  21.1  17.6
20260801 135  2.9  2505  27  5.4 1249  29  9.7 1326  28.9  33.5 1511  23.7  427  23.4  32.6  23.7  73.6  56.0 1441  28.8   7.7   5.4 -9.00  979.6 1006.8 1008.2 2338 1005.0 1727  0.8  8.3 14.0 -9.0 24.29  3.33 1200   -9.0   -9.0 -9.00   -9.0   -9   -9.0   -9   -9.0   -9   -9.0   -9   -9.0   -9 -99.0 -99.0 -99.0 -99.0 -99.0
20260801 136  2.1  1774  29  3.9  934  32  7.3  858  30.1  35.0 1559  25.5  459  23.5  38.9  24.1  69.5  53.0 1604  29.0   7.2   5.0 -9.00  991.4 1007.1 1008.4 2340 1005.3 1657  2.9  9.8 14.0 -9.0 23.81  2.90 1300   -9.0   -9.0 -9.00   -9.0   -9   -9.0   -9   -9.0   -9   -9.0   -9   -9.0   -9 -99.0 -99.0 -99.0 -99.0 -99.0
20260801 137  1.7  1481  27  3.0 1414  27  6.6 1326  30.5  35.2 1512  26.8  532  24.8  37.3  24.3  72.4  56.0 1633  31.2   6.7   4.7 -9.00  995.2 1005.9 1007.2 2330 1004.2 1739  1.0 10.3 14.0 -9.0 23.28  3.30 1300   -9.0   -9.0 -9.00   -9.0   -9   -9.0   -9   -9.0   -9   -9.0   -9   -9.0   -9 -99.0 -99.0 -99.0 -99.0 -99.0
20260801 138  3.3  2875  29  6.5 1257  27 13.5 1222  33.2  37.3 1511  29.0  530  21.6  40.1  27.4  52.0  37.0 1512  25.8  10.9   7.6 -9.00 1004.4 1004.8 1005.8 2338 1003.2 1752  2.3 13.0 14.0 -9.0 27.04  3.49 1200   -9.0   -9.0 -9.00   -9.0   -9   -9.0   -9   -9.0   -9   -9.0   -9   -9.0   -9  27.5  23.3  21.6  18.1  16.5
20260801 140  2.2  1892  29  4.7 1057  29  6.5 1049  29.2  32.8 1420  25.6  553  26.3  35.9  23.4  85.1  71.0 1340  34.3  -9.0  -9.0 -9.00 1005.6 1008.7 1009.5 2358 1007.8 1740  0.3 11.1 14.0 -9.0 -9.00 -9.00   -9   -9.0   -9.0 -9.00   -9.0   -9   -9.0   -9   -9.0   -9   -9.0   -9   -9.0   -9 -99.0 -99.0 -99.0 -99.0 -99.0
20260801 143  2.3  1980  27  4.0 1014  25  6.6 1007  32.5  37.4 1515  27.7  452  21.7  38.6  25.0  54.8  37.0 1447  26.1   9.3   6.5 -9.00  999.6 1005.6 1006.8 2331 1003.7 1811  1.6 11.6 14.0 -9.0 25.61  3.14 1200   -9.0   -9.0 -9.00   -9.0   -9   -9.0   -9   -9.0   -9   -9.0   -9   -9.0   -9 -99.0 -99.0 -99.0 -99.0 -99.0
20260801 146  2.3  1980  27  4.8 1437  25  7.6 1623  30.3  35.0 1426  25.5  603  24.5  35.4  22.4  72.5  49.0 1430  30.8   7.1   5.0 -9.00 1001.0 1007.8 1008.7 2349 1006.5 1658  0.4  9.3 14.0 -9.0 23.13  2.99 1200   -9.0   -9.0 -9.00   -9.0   -9   -9.0   -9   -9.0   -9   -9.0   -9   -9.0   -9 -99.0 -99.0 -99.0 -99.0 -99.0
20260801 152  2.3  2011  27  4.6 1154  25 11.9 1347  32.5  37.2 1304  28.2  559  20.5  38.6  25.4  50.5  35.0 1622  24.1   9.4   6.6 -9.00  995.9 1004.9 1006.1 2353 1003.1 1800  2.1 12.1 13.9 -9.0 26.44  3.48 1200   -9.0   -9.0 -9.00   -9.0   -9   -9.0   -9   -9.0   -9   -9.0   -9   -9.0   -9 -99.0 -99.0 -99.0 -99.0 -99.0
20260801 155  1.3  1081  14  4.3 1541  36  6.7  948  33.4  40.4 1336  27.6  547  22.8  38.2  23.5  55.1  35.0 1253  27.7   8.6   6.0 -9.00 1002.1 1005.9 1007.2  739 1004.3 1524  1.9 12.0 13.9 -9.0 26.68  3.39 1200   -9.0   -9.0 -9.00   -9.0   -9   -9.0   -9   -9.0   -9   -9.0   -9   -9.0   -9 -99.0 -99.0 -99.0 -99.0 -99.0
20260801 156  1.3  1083  27  2.9 1315  29  6.3 1409  30.8  36.3 1431  26.5  534  24.7  37.6  23.1  71.6  47.0 1459  31.1   7.4   5.2 -9.00  999.9 1007.7 1008.5  701 1006.1 1733  1.6 12.1 13.9 -9.0 26.41  3.27 1200   -9.0   -9.0 -9.00   -9.0   -9   -9.0   -9   -9.0   -9   -9.0   -9   -9.0   -9 -99.0 -99.0 -99.0 -99.0 -99.0
20260801 159  2.7  2296  25  6.0 1649  32  9.8 1144  32.1  37.3 1133  28.4 2128  22.2  37.3  24.1  56.8  38.0 1138  26.8   9.7   6.8 -9.00  997.5 1005.2 1006.3  647 1003.9 1717  2.9 12.2 13.9 -9.0 28.75  3.55 1200   -9.0   -9.0 -9.00   -9.0   -9   -9.0   -9   -9.0   -9   -9.0   -9   -9.0   -9  29.5  26.0  23.8  18.6  17.9
20260801 162  1.6  1407  25  4.4 1612  27  7.1 1604  29.5  35.3 1524  26.0  541  23.4  34.7  22.1  71.5  50.0 1525  28.9   8.0   5.6 -9.00 1002.1 1005.6 1006.8  725 1004.0 1716  2.0 11.8 13.9 -9.0 27.70  3.47 1200   -9.0   -9.0 -9.00   -9.0   -9   -9.0   -9   -9.0   -9   -9.0   -9   -9.0   -9 -99.0 -99.0 -99.0 -99.0 -99.0
20260801 165  2.2  1881  27  4.9 1434  29  7.2 1511  29.2  32.6 1402  26.5  536  26.0  37.3  23.1  84.1  65.0 1649  33.7   7.1   5.0  0.82 1003.4 1008.5 1009.0 1120 1007.5 1656  1.3 12.3 13.9 -9.0 27.74  3.41 1200   -9.0   -9.0 -9.00   -9.0   -9   -9.0   -9   -9.0   -9   -9.0   -9   -9.0   -9  29.8  26.1  24.2  20.2  17.1
20260801 168  3.8  3272  34  6.9  246  34 10.6  300  32.5  37.2 1531  28.3  516  23.0  38.9  26.3  58.6  42.0 1538  28.2  10.1   7.1 -9.00  999.6 1006.9 1008.1  713 1005.4 1722  1.8 12.9 13.9 -9.0 27.65  3.46 1200   -9.0   -9.0 -9.00   -9.0   -9   -9.0   -9   -9.0   -9   -9.0   -9   -9.0   -9  31.2  27.1  24.1  19.4  17.4
20260801 169  1.6  1385  18  4.3    1  27  5.2  639  29.4  34.7 1353  26.2  211  25.1  34.1  25.3  79.0  57.0 1609  32.0   7.1   5.0 -9.00  999.8 1008.2 1008.8 1112 1007.2 1747  1.0 12.9 13.9 -9.0 26.79  3.43 1200   -9.0   -9.0 -9.00   -9.0   -9   -9.0   -9   -9.0   -9   -9.0   -9   -9.0   -9 -99.0 -99.0 -99.0 -99.0 -99.0
20260801 170  2.7  2302  29  4.9 1531  29  8.6 1645  30.6  35.1 1212  26.5  340  24.2  39.0  25.7  70.3  55.0 1059  30.3   8.5   6.0 -9.00 1004.2 1008.2 1008.9  731 1006.8 1742  1.9 12.7 13.9 -9.0 27.70  3.34 1100   -9.0   -9.0 -9.00   -9.0   -9   -9.0   -9   -9.0   -9   -9.0   -9   -9.0   -9 -99.0 -99.0 -99.0 -99.0 -99.0
20260801 172  2.1  1819  27  5.1 1609  27  7.8 1305  29.4  34.6 1446  24.7  531  24.9  32.5  21.9  78.9  51.0 1430  31.5   8.2   5.7 -9.00 1001.8 1007.7 1008.4 2351 1006.5 1739  0.3 12.5 13.9 -9.0 27.74  3.40 1200   -9.0   -9.0 -9.00   -9.0   -9   -9.0   -9   -9.0   -9   -9.0   -9   -9.0   -9 -99.0 -99.0 -99.0 -99.0 -99.0
20260801 174  1.8  1536  29  4.6 1301  23  9.0 1359  28.7  34.8 1550  22.6  529  22.7  34.1  22.8  72.9  46.0 1453  27.6  -9.0  -9.0 -9.00  987.5 1005.9 1007.0 2345 1004.1 1634  1.9 12.3 13.9 -9.0 -9.00 -9.00   -9   -9.0   -9.0 -9.00   -9.0   -9   -9.0   -9   -9.0   -9   -9.0   -9   -9.0   -9 -99.0 -99.0 -99.0 -99.0 -99.0
20260801 177  2.5  2193  18  5.0 1516  18  8.9 1502  30.2  34.4 1340  27.2  619  26.1  36.1  25.3  80.1  60.0 1256  33.9   7.2   5.0 -9.00 1003.0 1006.1 1007.1 2359 1005.1 1750  1.4 10.0 14.0 -9.0 24.78  3.21 1200   -9.0   -9.0 -9.00   -9.0   -9   -9.0   -9   -9.0   -9   -9.0   -9   -9.0   -9 -99.0 -99.0 -99.0 -99.0 -99.0
20260801 181  1.7  1472  25  3.2 1100  27  5.1 1430  28.8  34.4 1430  24.8  250  24.6  30.8  23.3  79.4  54.0 1400  30.9   5.9   4.1 -9.00 1003.7 1007.5 1008.7 2351 1006.1 1517  1.4  8.0 14.0 -9.0 20.89  2.61 1300   -9.0   -9.0 -9.00   -9.0   -9   -9.0   -9   -9.0   -9   -9.0   -9   -9.0   -9 -99.0 -99.0 -99.0 -99.0 -99.0
20260801 184  3.2  2727  32  5.4 1426  32  8.2 1254  31.2  35.0 1525  27.9  327  23.9  39.3  24.9  66.0  55.0 1548  29.8   8.3   5.8 -9.00 1005.7 1008.0 1008.6  746 1006.9 1843  1.6 13.1 13.8 -9.0 24.75  3.24 1200   -9.0   -9.0 -9.00   -9.0   -9   -9.0   -9   -9.0   -9   -9.0   -9   -9.0   -9  31.5  29.6  27.9  25.1  19.3
20260801 185  3.7  3170  27  5.7 1148  25  6.1 1142  29.0  32.7 1515  26.6  522  25.1  35.5  25.2  80.4  66.0 1415  31.9   7.9   5.5 -9.00 1000.5 1008.5 1009.1  730 1007.3 1742  0.1 12.1 13.8 -9.0 28.01  3.52 1200   -9.0   -9.0 -9.00   -9.0   -9   -9.0   -9   -9.0   -9   -9.0   -9   -9.0   -9 -99.0 -99.0 -99.0 -99.0 -99.0
20260801 188  1.9  1601  29  3.8  221  18  5.4 1711  30.0  34.6 1440  24.9  557  22.6  38.1  22.9  65.6  49.0 1716  27.6  -9.0  -9.0 -9.00 1006.3 1008.6 1009.4  739 1007.3 1718  1.3 12.9 13.8 -9.0 -9.00 -9.00   -9   -9.0   -9.0 -9.00   -9.0   -9   -9.0   -9   -9.0   -9   -9.0   -9   -9.0   -9 -99.0 -99.0 -99.0 -99.0 -99.0
20260801 189  1.9  1651  23  4.7 1639  27  8.8 1512  29.7  33.6 1445  25.6  514  23.3  38.1  22.1  68.9  54.0  828  28.7   7.9   5.5 -9.00 1002.8 1008.6 1009.3  741 1007.4 1829  3.0 12.5 13.8 -9.0 27.42  3.44 1200   -9.0   -9.0 -9.00   -9.0   -9   -9.0   -9   -9.0   -9   -9.0   -9   -9.0   -9 -99.0 -99.0 -99.0 -99.0 -99.0
20260801 192  0.9   820   2  2.9 1612  34  6.2 1720  31.1  38.8 1503  23.9  605  23.0  39.6  20.7  65.6  40.0 1351  28.2   8.5   5.9 -9.00 1003.3 1006.5 1007.8  735 1004.9 1538  1.5 11.9 13.9 -9.0 28.02  3.48 1200   -9.0   -9.0 -9.00   -9.0   -9   -9.0   -9   -9.0   -9   -9.0   -9   -9.0   -9 -99.0 -99.0 -99.0 -99.0 -99.0
20260801 201  2.4  2097  25  4.7 1525  25  7.1 1504  27.6  30.4 1437  26.1  339  26.5  30.1  25.2  94.6  81.0 1429  34.7  -9.0  -9.0 -9.00 1002.3 1007.7 1009.0 2335 1006.9 1719  1.9  2.3 14.1 -9.0 -9.00 -9.00   -9   -9.0   -9.0 -9.00   -9.0   -9   -9.0   -9   -9.0   -9   -9.0   -9   -9.0   -9 -99.0 -99.0 -99.0 -99.0 -99.0
20260801 202  1.3  1149  25  3.5 1627  27  7.0 1719  29.4  34.3 1551  25.9  423  24.5  34.1  24.4  76.3  55.0 1533  30.7  -9.0  -9.0 -9.00 1001.9 1007.2 1008.6 2344 1005.8 1627  2.4  6.3 14.1 -9.0 -9.00 -9.00   -9   -9.0   -9.0 -9.00   -9.0   -9   -9.0   -9   -9.0   -9   -9.0   -9   -9.0   -9 -99.0 -99.0 -99.0 -99.0 -99.0
20260801 203  1.4  1172  23  3.0 1418  23  6.6 1429  29.8  34.7 1402  25.6  523  25.8  31.6  24.7  80.3  60.0 1403  33.2  -9.0  -9.0 -9.00  998.6 1007.5 1008.9 2334 1006.1 1635  0.8  7.6 14.1 -9.0 -9.00 -9.00   -9   -9.0   -9.0 -9.00   -9.0   -9   -9.0   -9   -9.0   -9   -9.0   -9   -9.0   -9 -99.0 -99.0 -99.0 -99.0 -99.0
20260801 211  2.3  2029  20  3.6 1607  20  8.1 1603  29.1  32.4 1319  26.4  612  23.5  32.9  25.3  72.8  60.0 1321  29.0  -9.0  -9.0 -9.00  983.3 1005.7 1007.7 2330 1003.9 1655  4.3  4.3 14.1 -9.0 -9.00 -9.00   -9   -9.0   -9.0 -9.00   -9.0   -9   -9.0   -9   -9.0   -9   -9.0   -9   -9.0   -9 -99.0 -99.0 -99.0 -99.0 -99.0
20260801 212  1.0   868  29  3.1 1550  29  8.1 1546  29.2  34.5 1536  25.0  534  24.2  32.4  23.5  75.8  52.0 1633  30.1  -9.0  -9.0 -9.00  991.3 1006.9 1008.7 2310 1005.1 1654  2.3  6.6 14.1 -9.0 -9.00 -9.00   -9   -9.0   -9.0 -9.00   -9.0   -9   -9.0   -9   -9.0   -9   -9.0   -9   -9.0   -9 -99.0 -99.0 -99.0 -99.0 -99.0
20260801 216  1.7  1505  29  3.8 1124  11  9.9 1029  27.5  32.0 1604  24.6  601  20.5  31.6  21.9  66.4  51.0 1548  24.2   7.1   5.0 -9.00  928.4 1005.5 1007.3 2333 1003.5 1603  1.5 10.6 14.1 -9.0 25.53  3.22 1000   -9.0   -9.0 -9.00   -9.0   -9   -9.0   -9   -9.0   -9   -9.0   -9   -9.0   -9 -99.0 -99.0 -99.0 -99.0 -99.0
20260801 217  1.7  1483  18  4.1  440  14  8.4  546  29.1  34.8 1619  25.3 2356  23.3  33.6  24.5  71.9  54.0 1523  28.6  -9.0  -9.0 -9.00  971.8 1006.2 1008.3 2354 1004.0 1707  3.9  2.7 14.1 -9.0 -9.00 -9.00   -9   -9.0   -9.0 -9.00   -9.0   -9   -9.0   -9   -9.0   -9   -9.0   -9   -9.0   -9 -99.0 -99.0 -99.0 -99.0 -99.0
20260801 221  1.8  1597  23  4.3 1349  20  8.2 1642  27.7  33.4 1422  22.9  445  23.7  33.9  21.6  81.0  55.0 1622  29.3  -9.0  -9.0 -9.00  977.4 1006.9 1008.5 2334 1005.1 1546  0.8  8.4 14.1 -9.0 -9.00 -9.00   -9   -9.0   -9.0 -9.00   -9.0   -9   -9.0   -9   -9.0   -9   -9.0   -9   -9.0   -9 -99.0 -99.0 -99.0 -99.0 -99.0
20260801 226  1.0   885  27  3.3 1338  25  6.0 1530  28.2  33.8 1453  23.3  514  24.2  31.7  21.2  80.8  57.0 1527  30.2  -9.0  -9.0 -9.00  988.4 1007.6 1008.8 2323 1006.0 1539  0.8  8.0 14.0 -9.0 -9.00 -9.00   -9   -9.0   -9.0 -9.00   -9.0   -9   -9.0   -9   -9.0   -9   -9.0   -9   -9.0   -9 -99.0 -99.0 -99.0 -99.0 -99.0
20260801 232  0.7   638  25  2.8 1423  25  5.5 1336  28.2  33.5 1410  23.4  541  25.6  31.7  22.3  87.0  62.0 1350  32.9  -9.0  -9.0 -9.00  998.5 1008.0 1009.2 2400 1006.7 1502  0.8  5.5 14.0 -9.0 -9.00 -9.00   -9   -9.0   -9.0 -9.00   -9.0   -9   -9.0   -9   -9.0   -9   -9.0   -9   -9.0   -9 -99.0 -99.0 -99.0 -99.0 -99.0
20260801 235  2.1  1802  18  4.1 1348  25  6.2 1442  29.9  33.4 1220  27.1 2352  26.9  35.1  24.9  85.1  69.0 1238  35.5   6.4   4.5 -9.00 1006.1 1007.2 1008.0 2347 1006.4 1758  0.3  9.4 14.0 -9.0 24.83  3.45 1200   -9.0   -9.0 -9.00   -9.0   -9   -9.0   -9   -9.0   -9   -9.0   -9   -9.0   -9 -99.0 -99.0 -99.0 -99.0 -99.0
20260801 236  0.8   819  27  2.9 1553  27  5.7 1602  29.4  34.8 1505  25.5   46  25.5  33.8  23.8  81.9  56.0 1343  32.7  -9.0  -9.0 -9.00 1006.5 1008.0 1009.0 2356 1007.0 1533  1.1  7.2 14.0 -9.0 -9.00 -9.00   -9   -9.0   -9.0 -9.00   -9.0   -9   -9.0   -9   -9.0   -9   -9.0   -9   -9.0   -9 -99.0 -99.0 -99.0 -99.0 -99.0
20260801 238  1.0   823  20  3.0 1523  29  5.0 1714  29.0  34.5 1430  23.7  512  24.7  33.6  21.3  79.4  52.0 1556  31.1  -9.0  -9.0 -9.00  988.3 1007.2 1008.4 2324 1005.7 1551  0.5  9.4 14.0 -9.0 -9.00 -9.00   -9   -9.0   -9.0 -9.00   -9.0   -9   -9.0   -9   -9.0   -9   -9.0   -9   -9.0   -9 -99.0 -99.0 -99.0 -99.0 -99.0
20260801 239  1.3  1124  32  2.9 1653  32  5.1 1059  29.4  34.5 1613  25.4  444  25.1  35.7  24.7  79.6  53.0 1623  31.8   6.7   4.7 -9.00  996.8 1006.8 1008.1 2357 1005.2 1531  0.5  9.5 14.0 -9.0 24.69  3.23 1200   -9.0   -9.0 -9.00   -9.0   -9   -9.0   -9   -9.0   -9   -9.0   -9   -9.0   -9 -99.0 -99.0 -99.0 -99.0 -99.0
20260801 243  1.4  1220  27  3.6 1646  27  6.4 1308  29.6  34.4 1335  25.8  552  24.3  35.5  22.6  74.9  56.0 1229  30.4  -9.0  -9.0 -9.00 1006.9 1008.3 1009.1 2346 1007.5 1756  0.8 12.5 14.0 -9.0 -9.00 -9.00   -9   -9.0   -9.0 -9.00   -9.0   -9   -9.0   -9   -9.0   -9   -9.0   -9   -9.0   -9 -99.0 -99.0 -99.0 -99.0 -99.0
20260801 244  0.9   741  32  2.6 1025  34  5.4 1242  27.9  33.8 1349  22.2  542  23.5  30.6  21.4  79.5  53.0 1338  29.1  -9.0  -9.0 -9.00  980.3 1007.8 1008.8 2319 1006.1 1640  0.5 11.1 13.9 -9.0 -9.00 -9.00   -9   -9.0   -9.0 -9.00   -9.0   -9   -9.0   -9   -9.0   -9   -9.0   -9   -9.0   -9 -99.0 -99.0 -99.0 -99.0 -99.0
20260801 245  1.7  1443  32  4.2 1633  32  6.9 1621  29.7  35.3 1530  24.6  517  24.4  33.9  22.4  74.9  54.0 1531  30.6   6.2   4.4 -9.00 1000.3 1008.0 1008.9 2350 1006.9 1528  1.8 10.6 13.9 -9.0 21.08  2.71 1000   -9.0   -9.0 -9.00   -9.0   -9   -9.0   -9   -9.0   -9   -9.0   -9   -9.0   -9 -99.0 -99.0 -99.0 -99.0 -99.0
20260801 247  1.6  1344  29  3.6 1700  29  7.2 1429  29.5  35.9 1512  23.5  551  24.1  34.7  22.7  75.4  49.0 1436  30.0  -9.0  -9.0 -9.00  992.6 1007.5 1008.6  754 1005.8 1642  0.6 12.2 13.9 -9.0 -9.00 -9.00   -9   -9.0   -9.0 -9.00   -9.0   -9   -9.0   -9   -9.0   -9   -9.0   -9   -9.0   -9 -99.0 -99.0 -99.0 -99.0 -99.0
20260801 248  1.2  1030  32  3.5 1312  29  7.4 1305  26.7  32.8 1502  21.4  446  23.1  33.4  19.9  83.0  57.0 1449  28.3  -9.0  -9.0 -9.00  963.1 1008.2 1009.8 2339 1006.4 1518  1.0  8.1 13.9 -9.0 -9.00 -9.00   -9   -9.0   -9.0 -9.00   -9.0   -9   -9.0   -9   -9.0   -9   -9.0   -9   -9.0   -9 -99.0 -99.0 -99.0 -99.0 -99.0
20260801 251  1.5  1254  29  4.4 1330  27  7.0 1558  28.9  35.0 1453  24.2  502  25.4  32.7  23.1  82.8  57.0 1336  32.4   6.6   4.6 -9.00 1002.1 1007.8 1008.7 2332 1006.5 1737  2.1 12.0 13.9 -9.0 24.22  2.96 1200   -9.0   -9.0 -9.00   -9.0   -9   -9.0   -9   -9.0   -9   -9.0   -9   -9.0   -9 -99.0 -99.0 -99.0 -99.0 -99.0
20260801 252  1.6  1381  25  4.1 1435  23  6.9 1437  29.2  34.9 1342  25.2  412  25.6  34.5  22.8  82.4  62.0 1151  32.9   7.3   5.1 -9.00 1003.7 1007.9 1008.5 1006 1006.9 1729  0.9 11.6 13.9 -9.0 27.81  3.58 1200   -9.0   -9.0 -9.00   -9.0   -9   -9.0   -9   -9.0   -9   -9.0   -9   -9.0   -9 -99.0 -99.0 -99.0 -99.0 -99.0
20260801 253  1.4  1181  32  3.8 1309  29  7.5 1302  33.3  40.6 1426  27.6  523  23.4  39.7  24.1  57.9  35.0 1427  28.8   8.8   6.2 -9.00 1000.5 1006.5 1007.8  745 1004.9 1740  1.6 11.5 13.9 -9.0 26.81  3.44 1200   -9.0   -9.0 -9.00   -9.0   -9   -9.0   -9   -9.0   -9   -9.0   -9   -9.0   -9 -99.0 -99.0 -99.0 -99.0 -99.0
20260801 254  1.7  1434  32  3.9 1820  29  8.7 1226  28.9  35.6 1329  23.0  606  23.7  35.6  22.2  75.5  49.0 1252  29.3   7.7   5.4 -9.00  993.6 1008.1 1009.1  621 1006.4 1642  1.9 12.0 13.9 -9.0 26.57  3.70 1200   -9.0   -9.0 -9.00   -9.0   -9   -9.0   -9   -9.0   -9   -9.0   -9   -9.0   -9 -99.0 -99.0 -99.0 -99.0 -99.0
20260801 255  1.5  1299  32  4.3 1510  34  7.4 1502  33.9  40.2 1448  27.7  544  23.0  38.7  22.5  54.8  38.0 1334  28.2   9.0   6.3 -9.00  999.8 1005.4 1006.9  638 1003.2 1747  2.0 12.5 13.9 -9.0 25.00  3.18 1200   -9.0   -9.0 -9.00   -9.0   -9   -9.0   -9   -9.0   -9   -9.0   -9   -9.0   -9 -99.0 -99.0 -99.0 -99.0 -99.0
20260801 257  1.8  1551  23  4.2 1648   5  7.6 1604  34.0  41.6 1409  28.3  619  23.7  40.3  25.0  57.3  35.0 1355  29.4   9.0   6.3 -9.00 1004.9 1005.6 1007.0  702 1003.8 1540  2.0  9.8 13.9 -9.0 25.76  3.30 1200   -9.0   -9.0 -9.00   -9.0   -9   -9.0   -9   -9.0   -9   -9.0   -9   -9.0   -9 -99.0 -99.0 -99.0 -99.0 -99.0
20260801 258  3.1  2672  32  5.0 1249  29  9.1 1235  30.5  36.2 1459  25.5  215  24.9  31.9  24.5  73.3  53.0 1457  31.4   8.7   6.1 -9.00 1007.5 1007.7 1008.7  744 1006.0 1713  1.0 12.7 13.9 -9.0 27.97  3.53 1200   -9.0   -9.0 -9.00   -9.0   -9   -9.0   -9   -9.0   -9   -9.0   -9   -9.0   -9 -99.0 -99.0 -99.0 -99.0 -99.0
20260801 259  1.3  1103  32  3.3 1249  27  6.6 1718  30.1  37.0 1346  24.7  520  25.2  33.5  23.6  77.1  53.0 1348  32.1   7.2   5.0 -9.00 1005.9 1007.7 1008.5 2400 1006.3 1710  1.9 10.3 13.9 -9.0 24.82  3.32 1100   -9.0   -9.0 -9.00   -9.0   -9   -9.0   -9   -9.0   -9   -9.0   -9   -9.0   -9 -99.0 -99.0 -99.0 -99.0 -99.0
20260801 260  1.5  1280  29  4.1 1616  34  6.9 1527  29.6  36.4 1548  23.6  521  24.5  36.2  23.1  75.6  53.0 1235  30.8  -9.0  -9.0 -9.00 1002.7 1007.7 1008.5  729 1006.0 1711  1.9 11.6 13.9 -9.0 -9.00 -9.00   -9   -9.0   -9.0 -9.00   -9.0   -9   -9.0   -9   -9.0   -9   -9.0   -9   -9.0   -9 -99.0 -99.0 -99.0 -99.0 -99.0
20260801 261  1.8  1548  23  6.7 1455  25  9.3 1508  29.1  34.1 1230  24.7  311  25.6  37.1  23.4  82.9  63.0 1301  33.0  -9.0  -9.0 -9.00 1006.6 1008.4 1009.1 2358 1007.0 1724  1.8 11.3 13.9 -9.0 -9.00 -9.00   -9   -9.0   -9.0 -9.00   -9.0   -9   -9.0   -9   -9.0   -9   -9.0   -9   -9.0   -9 -99.0 -99.0 -99.0 -99.0 -99.0
20260801 262  1.7  1512  29  4.2 1829  34  8.3 1330  30.2  37.1 1546  24.3  309  24.2  36.6  25.2  72.4  48.0 1508  30.2   7.9   5.6 -9.00 1001.7 1007.5 1008.4  848 1005.8 1717  1.4 12.1 13.9 -9.0 26.20  3.35 1200   -9.0   -9.0 -9.00   -9.0   -9   -9.0   -9   -9.0   -9   -9.0   -9   -9.0   -9 -99.0 -99.0 -99.0 -99.0 -99.0
20260801 263  1.9  1606  32  4.8 1259  29  7.7 1413  32.0  39.3 1425  24.3  536  23.5  40.0  21.2  64.5  38.0 1355  29.0   9.2   6.4 -9.00 1004.5 1006.1 1007.4  628 1004.2 1541  0.6 11.1 13.9 -9.0 27.26  3.43 1200   -9.0   -9.0 -9.00   -9.0   -9   -9.0   -9   -9.0   -9   -9.0   -9   -9.0   -9 -99.0 -99.0 -99.0 -99.0 -99.0
20260801 264  1.9  1658  29  4.5 1636  32  7.7  854  30.1  36.5 1537  23.8  450  24.1  36.1  22.1  73.0  48.0 1538  30.1   8.4   5.9 -9.00  990.3 1007.1 1008.7 2337 1005.4 1535  1.6 11.3 14.0 -9.0 27.56  3.40 1100   -9.0   -9.0 -9.00   -9.0   -9   -9.0   -9   -9.0   -9   -9.0   -9   -9.0   -9 -99.0 -99.0 -99.0 -99.0 -99.0
20260801 266  1.9  1663  27  4.1 1232  29  9.1 1633  32.0  38.4 1527  26.0  557  23.6  41.6  23.9  63.6  42.0 1221  29.1   9.0   6.3 -9.00  997.4 1007.1 1008.3  743 1005.7 1534  1.5 12.2 13.9 -9.0 27.26  3.45 1200   -9.0   -9.0 -9.00   -9.0   -9   -9.0   -9   -9.0   -9   -9.0   -9   -9.0   -9 -99.0 -99.0 -99.0 -99.0 -99.0
20260801 268  1.3  1100  29  3.6 1313  25  6.3 1315  28.3  32.7 1140  24.4  523  25.0  38.4  22.6  83.8  58.0 1556  31.6  -9.0  -9.0 -9.00 1006.1 1007.2 1007.6  756 1006.1 1719  2.4 12.3 13.9 -9.0 -9.00 -9.00   -9   -9.0   -9.0 -9.00   -9.0   -9   -9.0   -9   -9.0   -9   -9.0   -9   -9.0   -9 -99.0 -99.0 -99.0 -99.0 -99.0
20260801 271  0.9   814  29  3.0 1051  34  6.6 1252  27.4  33.6 1553  22.6  437  22.4  31.7  20.7  76.8  54.0 1500  27.1  -9.0  -9.0 -9.00  970.6 1006.6 1008.3 2314 1004.6 1656  2.4  5.4 14.1 -9.0 -9.00 -9.00   -9   -9.0   -9.0 -9.00   -9.0   -9   -9.0   -9   -9.0   -9   -9.0   -9   -9.0   -9 -99.0 -99.0 -99.0 -99.0 -99.0
20260801 272  4.0  3493  32  6.4  110  32 11.0  815  29.9  34.0 1534  26.9  554  22.9  37.5  25.7  66.9  52.0 1514  27.9  -9.0  -9.0 -9.00  982.9 1006.3 1007.7 2335 1004.6 1742  1.5 10.9 14.0 -9.0 -9.00 -9.00   -9   -9.0   -9.0 -9.00   -9.0   -9   -9.0   -9   -9.0   -9   -9.0   -9   -9.0   -9 -99.0 -99.0 -99.0 -99.0 -99.0
20260801 273  1.7  1476  29  3.4  655  32  7.7  651  29.2  34.0 1518  25.5  233  24.5  32.4  22.2  76.9  59.0 1639  30.8  -9.0  -9.0 -9.00  987.0 1006.2 1007.5 2331 1004.6 1651  0.9  5.5 14.0 -9.0 -9.00 -9.00   -9   -9.0   -9.0 -9.00   -9.0   -9   -9.0   -9   -9.0   -9   -9.0   -9   -9.0   -9 -99.0 -99.0 -99.0 -99.0 -99.0
20260801 276  3.3  2861  32  5.4 1003  34 12.9 1122  30.2  35.6 1602  26.1  529  24.4  35.2  23.3  72.8  52.0 1658  30.6   8.1   5.7 -9.00  982.5 1005.5 1007.1 2349 1003.6 1701  2.6 11.0 14.0 -9.0 25.38  3.10 1000   -9.0   -9.0 -9.00   -9.0   -9   -9.0   -9   -9.0   -9   -9.0   -9   -9.0   -9 -99.0 -99.0 -99.0 -99.0 -99.0
20260801 277  3.8  3263  29  7.1 1055  27 12.7 1027  32.3  37.9 1323  27.5  547  22.1  38.5  25.8  56.3  40.0 1326  26.7  -9.0  -9.0 -9.00 1000.5 1005.0 1006.0  837 1003.5 1714  1.5 13.2 14.0 -9.0 -9.00 -9.00   -9   -9.0   -9.0 -9.00   -9.0   -9   -9.0   -9   -9.0   -9   -9.0   -9   -9.0   -9 -99.0 -99.0 -99.0 -99.0 -99.0
20260801 278  1.5  1310  29  3.8 1035  27  7.1 1112  29.9  36.1 1513  24.0  525  24.4  38.5  21.7  75.4  49.0 1515  30.5  -9.0  -9.0 -9.00  996.6 1005.7 1006.9 2341 1003.8 1704  2.5  8.6 14.0 -9.0 -9.00 -9.00   -9   -9.0   -9.0 -9.00   -9.0   -9   -9.0   -9   -9.0   -9   -9.0   -9   -9.0   -9 -99.0 -99.0 -99.0 -99.0 -99.0
20260801 279  1.6  1375  27  3.2 1128  29  7.3  947  31.4  37.6 1530  26.1  326  23.3  38.9  23.7  64.1  44.0 1525  28.6   7.4   5.2 -9.00 1001.0 1006.5 1007.7 2350 1004.6 1747  1.6 11.0 14.0 -9.0 24.43  2.73 1400   -9.0   -9.0 -9.00   -9.0   -9   -9.0   -9   -9.0   -9   -9.0   -9   -9.0   -9 -99.0 -99.0 -99.0 -99.0 -99.0
20260801 281  3.2  2767  27  6.7 1137  29 11.5  905  31.8  37.3 1550  27.2  535  22.9  38.4  25.4  60.6  41.0 1551  27.8  -9.0  -9.0 -9.00  996.0 1006.6 1007.7 2346 1004.9 1737  1.5 11.4 14.0 -9.0 -9.00 -9.00   -9   -9.0   -9.0 -9.00   -9.0   -9   -9.0   -9   -9.0   -9   -9.0   -9   -9.0   -9 -99.0 -99.0 -99.0 -99.0 -99.0
20260801 283  3.1  2676  34  6.2 1249  34 10.9  957  31.9  38.4 1547  25.2  351  22.8  37.6  22.3  60.9  38.0 1548  27.7  10.7   7.5 -9.00 1001.6 1006.0 1007.1 2355 1004.2 1758  2.1 12.3 14.0 -9.0 28.34  3.52 1200   -9.0   -9.0 -9.00   -9.0   -9   -9.0   -9   -9.0   -9   -9.0   -9   -9.0   -9 -99.0 -99.0 -99.0 -99.0 -99.0
20260801 284  1.8  1555  32  5.1 1209  32  7.8 1238  30.2  37.6 1447  22.4  526  23.0  39.3  18.7  68.5  43.0 1414  28.0   9.1   6.4 -9.00  981.5 1006.8 1008.5 2351 1004.8 1525  0.3 12.9 14.0 -9.0 28.30  3.55 1200   -9.0   -9.0 -9.00   -9.0   -9   -9.0   -9   -9.0   -9   -9.0   -9   -9.0   -9 -99.0 -99.0 -99.0 -99.0 -99.0
20260801 285  1.3  1100  34  2.8 1018  34  5.9 1545  31.6  39.2 1328  23.9  538  22.6  40.2  22.8  62.9  36.0 1546  27.5  -9.0  -9.0 -9.00 1003.6 1006.6 1007.9 2359 1004.8 1800  1.8 -9.0 14.0 -9.0 -9.00 -9.00   -9   -9.0   -9.0 -9.00   -9.0   -9   -9.0   -9   -9.0   -9   -9.0   -9   -9.0   -9 -99.0 -99.0 -99.0 -99.0 -99.0
20260801 288  1.9  1635  20  4.3 1720  34  8.1 1228  32.4  39.4 1633  25.5  554  23.2  36.6  25.3  61.1  36.0 1546  28.4   9.2   6.5 -9.00 1003.6 1004.5 1005.8  634 1002.7 1701  1.3 11.4 13.9 -9.0 27.04  3.41 1200   -9.0   -9.0 -9.00   -9.0   -9   -9.0   -9   -9.0   -9   -9.0   -9   -9.0   -9 -99.0 -99.0 -99.0 -99.0 -99.0
20260801 289  2.7  2296  29  5.7 1215  32 10.4 1110  31.0  37.0 1433  25.0  332  23.3  36.6  21.7  66.0  45.0 1553  28.6  -9.0  -9.0 -9.00  992.2 1007.6 1009.1 2339 1006.0 1646  2.0 11.5 13.9 -9.0 -9.00 -9.00   -9   -9.0   -9.0 -9.00   -9.0   -9   -9.0   -9   -9.0   -9   -9.0   -9   -9.0   -9 -99.0 -99.0 -99.0 -99.0 -99.0
20260801 294  1.5  1300  20  4.6 1553  18  9.3 1612  30.7  36.8 1307  25.4  501  22.8  38.6  21.0  64.6  40.0 1308  27.8  -9.0  -9.0 -9.00 1001.9 1007.0 1008.1  745 1005.3 1738  2.1 12.4 13.9 -9.0 -9.00 -9.00   -9   -9.0   -9.0 -9.00   -9.0   -9   -9.0   -9   -9.0   -9   -9.0   -9   -9.0   -9 -99.0 -99.0 -99.0 -99.0 -99.0
20260801 295  1.6  1415  27  3.6 1452  27  5.9 1448  31.4  37.2 1342  26.0  256  23.1  37.4  21.9  63.4  41.0 1336  28.2  -9.0  -9.0 -9.00 1001.6 1006.7 1007.9  729 1005.2 1710  2.4 12.1 13.9 -9.0 -9.00 -9.00   -9   -9.0   -9.0 -9.00   -9.0   -9   -9.0   -9   -9.0   -9   -9.0   -9   -9.0   -9 -99.0 -99.0 -99.0 -99.0 -99.0
20260801 296  1.5  1324  20  5.6 1552  18  8.6 1544  32.2  40.3 1518  26.1  515  24.2  37.7  21.9  65.1  38.0 1253  30.3   8.8   6.2 -9.00 1004.6 1004.9 1006.2  627 1003.3 1738  2.3 10.9 13.9 -9.0 27.12  3.46 1200   -9.0   -9.0 -9.00   -9.0   -9   -9.0   -9   -9.0   -9   -9.0   -9   -9.0   -9 -99.0 -99.0 -99.0 -99.0 -99.0
20260802  90  2.2  1891  36  4.3 1346  25  8.6  250  30.0  34.1 1013  27.5 2225  23.7  36.5  25.9  70.6  48.0 1009  29.5   7.0   4.9 -9.00 1005.7 1007.7 1010.4 2349 1004.4  248  0.3 12.9 14.1 -9.0 27.78  3.41 1200   -9.0   -9.0 -9.00   -9.0   -9   -9.0   -9   -9.0   -9   -9.0   -9   -9.0   -9 -99.0 -99.0 -99.0 -99.0 -99.0
20260802  93  0.8   652  23  2.7 1644  20  4.9 1636  29.2  35.2 1614  23.8  536  24.9  34.6  24.0  80.0  54.0 1558  31.5   6.8   4.8 -9.00  998.2 1008.9 1010.5  736 1007.0 1621  0.4 11.7 14.1 -9.0 25.44  3.18 1200   -9.0   -9.0 -9.00   -9.0   -9   -9.0   -9   -9.0   -9   -9.0   -9   -9.0   -9  29.2  27.1  24.7  21.2  18.6
20260802  95  1.1   927  25  2.4 1238  25  6.1 1234  29.1  34.0 1453  24.5  601  24.8  32.6  23.8  79.9  55.0 1402  31.4   6.7   4.7 -9.00  991.8 1009.2 1010.9 2359 1007.5 1613  1.0 11.1 14.1 -9.0 24.70  3.65 1200   -9.0   -9.0 -9.00   -9.0   -9   -9.0   -9   -9.0   -9   -9.0   -9   -9.0   -9 -99.0 -99.0 -99.0 -99.0 -99.0
20260802  98  0.8   698  25  3.0 1632  25  5.6 1326  29.1  34.4 1442  25.7  506  23.2  36.9  24.0  71.8  51.0 1336  28.5   6.9   4.8 -9.00  995.9 1008.9 1010.2 2254 1007.4 1532  1.0  8.4 14.1 -9.0 23.73  3.10 1300   -9.0   -9.0 -9.00   -9.0   -9   -9.0   -9   -9.0   -9   -9.0   -9   -9.0   -9 -99.0 -99.0 -99.0 -99.0 -99.0
20260802  99  0.9   748  29  2.4 1446  34  5.6 1337  28.3  33.3 1451  24.4 2345  24.7  32.8  24.6  82.4  57.0 1419  31.1   6.9   4.8 -9.00 1006.2 1009.6 1010.8 2238 1008.4 1616  0.0 11.0 14.1 -9.0 25.89  3.33 1100   -9.0   -9.0 -9.00   -9.0   -9   -9.0   -9   -9.0   -9   -9.0   -9   -9.0   -9 -99.0 -99.0 -99.0 -99.0 -99.0
20260802 100  2.1  1841  27  4.4  341  29  7.5  920  25.6  32.4 1406  20.8 2348  21.4  29.7  19.8  79.0  51.0 1341  25.5   7.1   5.0 -9.00  924.5 1008.4 1011.3 2357 1005.4 1637  0.4 13.1 14.1 -9.0 27.32  3.51 1200   -9.0   -9.0 -9.00   -9.0   -9   -9.0   -9   -9.0   -9   -9.0   -9   -9.0   -9 -99.0 -99.0 -99.0 -99.0 -99.0
20260802 101  1.2  1051  25  2.9 1615  20  4.8 1730  29.4  36.1 1540  23.8  459  23.8  35.9  22.3  74.6  47.0 1538  29.6   7.7   5.4 -9.00  999.3 1007.8 1009.4  729 1005.7 1623  1.1 10.4 14.1 -9.0 26.23  3.43 1200   -9.0   -9.0 -9.00   -9.0   -9   -9.0   -9   -9.0   -9   -9.0   -9   -9.0   -9  28.7  25.5  23.5  19.0  15.8
20260802 102  3.1  2680  20  5.2 1047  18  8.0 1209  27.3  31.0 1353  23.3  500  24.2  35.9  23.7  84.3  68.0 1408  30.2   6.9   4.8  2.50 1003.7 1007.7 1009.3 2246 1006.5  216  1.5 12.6 14.1 -9.0 27.12  3.28 1200   -9.0   -9.0 -9.00   -9.0   -9   -9.0   -9   -9.0   -9   -9.0   -9   -9.0   -9 -99.0 -99.0 -99.0 -99.0 -99.0
20260802 104  1.5  1331  25  3.2   17  25  6.3   10  29.9  35.5 1041  26.4 2305  24.9  35.1  23.7  76.0  52.0 1026  31.5   7.3   5.1 -9.00  998.3 1006.7 1009.2 2347 1003.9   12  0.4 13.0 14.1 -9.0 27.72  3.42 1200   -9.0   -9.0 -9.00   -9.0   -9   -9.0   -9   -9.0   -9   -9.0   -9   -9.0   -9  28.7  24.9  22.4  17.5  14.4
20260802 105  2.3  1952  25  4.4    2  23  8.6  335  31.6  36.4 1202  28.3 2253  22.9  37.2  27.2  61.3  42.0 1150  28.0   7.8   5.4 -9.00 1004.6 1007.6 1010.0 2349 1004.9   15  0.1 12.1 14.1 -9.0 25.95  3.21 1200   -9.0   -9.0 -9.00   -9.0   -9   -9.0   -9   -9.0   -9   -9.0   -9   -9.0   -9  29.5  25.7  24.0  18.7  16.1
20260802 106  1.9  1679   5  3.5 1135  25  6.5  208  30.7  35.3  954  27.2 2344  24.0  38.1  24.1  69.1  44.0  925  30.0   7.5   5.3 -9.00 1003.5 1008.0 1010.4 2143 1005.4    1  0.3 12.4 14.1 -9.0 27.49  3.37 1200   -9.0   -9.0 -9.00   -9.0   -9   -9.0   -9   -9.0   -9   -9.0   -9   -9.0   -9 -99.0 -99.0 -99.0 -99.0 -99.0
20260802 108  2.2  1889  27  4.2 1427  25  7.4 1503  30.4  34.9 1453  27.5  446  23.4  36.0  23.9  67.3  53.0 1258  28.8   8.3   5.8 -9.00  999.4 1009.0 1010.0  830 1007.6 1517  2.6 10.0 14.1 -9.0 25.45  3.51 1200   -9.0   -9.0 -9.00   -9.0   -9   -9.0   -9   -9.0   -9   -9.0   -9   -9.0   -9  28.4  25.9  24.8  20.0  15.7
20260802 112  1.9  1663  23  4.2 1508  23  5.9 1547  29.7  33.4 1529  27.1  525  25.4  33.6  24.4  79.4  53.0 1630  32.6   7.6   5.3 -9.00 1001.4 1009.2 1010.1 2137 1008.1 1620  1.4 11.9 14.1 -9.0 27.07  3.42 1200   -9.0   -9.0 -9.00   -9.0   -9   -9.0   -9   -9.0   -9   -9.0   -9   -9.0   -9  27.0  25.2  19.2  22.6  15.5
20260802 114  1.2  1016  32  2.9 1752  32  4.8 1508  30.2  35.6 1523  26.3  557  24.1  33.4  24.4  71.5  48.0 1546  30.1   5.8   4.1 -9.00  991.8 1008.5 1010.0  805 1006.6 1629  0.5  6.5 14.0 -9.0 19.01  2.59 1500   -9.0   -9.0 -9.00   -9.0   -9   -9.0   -9   -9.0   -9   -9.0   -9   -9.0   -9 -99.0 -99.0 -99.0 -99.0 -99.0
20260802 115  2.3  1956   5  5.7 1909   5  9.0 1901  31.1  34.4 1345  27.6 2234  23.7  36.2  23.0  65.6  55.0 1548  29.3   7.4   5.2 -9.00  983.0 1007.4 1009.4 2125 1005.3  134  0.0 11.9 14.1 -9.0 25.13  3.10 1200   -9.0   -9.0 -9.00   -9.0   -9   -9.0   -9   -9.0   -9   -9.0   -9   -9.0   -9  25.7  22.0  20.3  14.7  13.8
20260802 119  1.6  1404  25  4.7 1513  29  7.3 1401  29.6  34.7 1417  26.0 2354  23.3  38.9  23.8  70.6  47.0 1558  28.7   7.7   5.4 -9.00 1004.3 1008.8 1009.8  822 1007.4 1643  0.0 10.3 14.0 -9.0 25.49  3.20 1300   -9.0   -9.0 -9.00   -9.0   -9   -9.0   -9   -9.0   -9   -9.0   -9   -9.0   -9  28.2  25.4  23.1  18.1  15.2
20260802 121  0.9   790  25  2.9 1830  25  5.2 1525  28.7  35.8 1339  22.9  510  23.5  36.1  18.6  76.9  45.0 1407  29.0   7.2   5.1 -9.00  982.3 1009.1 1011.0  752 1006.4 1645  0.0 10.1 14.0 -9.0 25.45  3.57 1200   -9.0   -9.0 -9.00   -9.0   -9   -9.0   -9   -9.0   -9   -9.0   -9   -9.0   -9 -99.0 -99.0 -99.0 -99.0 -99.0
20260802 127  0.9   807  34  3.0 1405  36  5.5 1402  29.4  34.7 1543  25.4  225  24.5  31.3  24.7  76.4  53.0 1545  30.7   6.3   4.4 -9.00  995.3 1008.1 1009.4  814 1006.3 1627  1.0  7.4 14.0 -9.0 21.81  3.28 1200   -9.0   -9.0 -9.00   -9.0   -9   -9.0   -9   -9.0   -9   -9.0   -9   -9.0   -9 -99.0 -99.0 -99.0 -99.0 -99.0
20260802 129  1.6  1384  32  3.4 1632  34  5.5 1604  29.4  33.7 1303  25.3 2342  24.9  31.1  21.6  78.6  57.0 1550  31.5   5.7   4.0 -9.00 1006.5 1009.3 1010.3 2204 1008.3 1704  1.0  9.3 14.0 -9.0 20.45  2.80 1000   -9.0   -9.0 -9.00   -9.0   -9   -9.0   -9   -9.0   -9   -9.0   -9   -9.0   -9  28.0  25.4  23.2  18.5  15.9
20260802 130  1.6  1349  27  2.9  411  27  6.9  305  31.1  36.2  927  27.1 2357  24.5  37.9  24.8  69.8  45.0 1024  30.9  -9.0  -9.0 -9.00 1002.5 1008.0 1010.5 2249 1005.7    1  0.0 13.3 14.0 -9.0 -9.00 -9.00   -9   -9.0   -9.0 -9.00   -9.0   -9   -9.0   -9   -9.0   -9   -9.0   -9   -9.0   -9 -99.0 -99.0 -99.0 -99.0 -99.0
20260802 131  1.3  1164   7  2.9 1608  27  6.0 1320  30.9  36.1 1505  26.9  648  23.2  35.6  25.1  64.9  48.0 1447  28.4   7.9   5.5 -9.00 1002.0 1008.5 1009.8  752 1007.1 1559  1.5  9.6 14.0 -9.0 26.13  3.43 1300   -9.0   -9.0 -9.00   -9.0   -9   -9.0   -9   -9.0   -9   -9.0   -9   -9.0   -9 -99.0 -99.0 -99.0 -99.0 -99.0
20260802 133  1.2   995  29  3.0 2026  34  5.9 2017  29.9  34.8 1406  25.7  545  24.1  35.3  24.5  72.8  50.0 1326  30.0   7.1   5.0 -9.00 1001.6 1009.2 1010.2  747 1007.6 1806  0.0 10.9 14.0 -9.0 25.20  3.40 1300   -9.0   -9.0 -9.00   -9.0   -9   -9.0   -9   -9.0   -9   -9.0   -9   -9.0   -9  30.1  27.8  25.8  21.2  17.7
20260802 135  2.2  1898  27  4.6 1035  27  7.5 1057  28.5  33.5 1515  24.1  431  22.9  33.1  22.7  73.0  57.0 1416  27.9   7.9   5.6 -9.00  981.2 1008.5 1009.8 2313 1006.7 1606  0.0 12.6 14.0 -9.0 28.04  3.50 1200   -9.0   -9.0 -9.00   -9.0   -9   -9.0   -9   -9.0   -9   -9.0   -9   -9.0   -9 -99.0 -99.0 -99.0 -99.0 -99.0
20260802 136  1.6  1410  27  3.8 1500  25  7.5 1454  30.9  36.6 1538  25.5  606  23.4  40.3  23.3  66.4  44.0 1400  28.9   8.1   5.7 -9.00  993.2 1008.8 1010.1  721 1006.9 1651  0.0 12.2 14.0 -9.0 26.84  3.43 1200   -9.0   -9.0 -9.00   -9.0   -9   -9.0   -9   -9.0   -9   -9.0   -9   -9.0   -9 -99.0 -99.0 -99.0 -99.0 -99.0
20260802 137  0.9   812  25  2.4 1710  25  4.9 1634  30.5  35.6 1446  26.6  543  24.9  37.7  24.2  73.4  54.0 1342  31.5   6.2   4.3 -9.00  996.8 1007.6 1008.9  732 1005.9 1707  0.0  9.8 14.0 -9.0 22.84  3.29 1200   -9.0   -9.0 -9.00   -9.0   -9   -9.0   -9   -9.0   -9   -9.0   -9   -9.0   -9 -99.0 -99.0 -99.0 -99.0 -99.0
20260802 138  2.4  2101  27  4.3  708  29  8.3  637  31.4  36.0 1133  28.3 2333  22.2  41.3  25.5  59.6  37.0 1007  26.9   8.4   5.9 -9.00 1006.8 1007.2 1009.4 2313 1005.7    1  0.6 12.8 14.0 -9.0 27.38  3.39 1200   -9.0   -9.0 -9.00   -9.0   -9   -9.0   -9   -9.0   -9   -9.0   -9   -9.0   -9  27.8  23.4  21.7  18.2  16.5
20260802 140  1.9  1652  27  5.0 1656  27  6.4 1648  29.0  33.6 1353  25.1  559  25.8  36.2  23.0  83.9  64.0 1231  33.2  -9.0  -9.0 -9.00 1006.8 1010.0 1011.0  731 1008.8 1738  0.0 12.9 13.9 -9.0 -9.00 -9.00   -9   -9.0   -9.0 -9.00   -9.0   -9   -9.0   -9   -9.0   -9   -9.0   -9   -9.0   -9 -99.0 -99.0 -99.0 -99.0 -99.0
20260802 143  2.1  1804  27  4.4  242  27  6.5  241  32.9  38.7 1452  28.8  544  21.9  39.8  27.4  54.1  34.0 1453  26.3   8.8   6.2 -9.00 1001.1 1007.1 1008.6 2306 1004.9 1645  0.3 13.1 14.0 -9.0 27.15  3.40 1200   -9.0   -9.0 -9.00   -9.0   -9   -9.0   -9   -9.0   -9   -9.0   -9   -9.0   -9 -99.0 -99.0 -99.0 -99.0 -99.0
20260802 146  1.7  1507  27  4.0 1808  32  6.3 1438  30.7  36.0 1601  26.0  549  24.2  36.2  20.9  70.6  43.0 1551  30.3   8.0   5.6 -9.00 1002.2 1009.0 1010.2  724 1007.2 1711  0.0 12.2 13.9 -9.0 26.43  3.29 1100   -9.0   -9.0 -9.00   -9.0   -9   -9.0   -9   -9.0   -9   -9.0   -9   -9.0   -9 -99.0 -99.0 -99.0 -99.0 -99.0
20260802 152  2.3  2021   9  5.6 1347  11  9.3 1419  31.5  37.1 1240  27.9  406  21.0  38.9  25.1  55.0  35.0 1218  24.9   9.5   6.6 -9.00  997.9 1006.9 1008.9 2225 1005.7 1557  1.1 12.9 13.9 -9.0 27.46  3.40 1200   -9.0   -9.0 -9.00   -9.0   -9   -9.0   -9   -9.0   -9   -9.0   -9   -9.0   -9 -99.0 -99.0 -99.0 -99.0 -99.0
20260802 155  1.8  1551  14  7.0 1525  14 10.5 1519  32.4  39.5 1502  27.9  546  22.0  38.2  24.4  56.0  33.0 1438  26.4   9.0   6.3 -9.00 1003.8 1007.7 1009.2 2323 1005.8 1500  0.0 12.4 13.9 -9.0 27.17  3.37 1200   -9.0   -9.0 -9.00   -9.0   -9   -9.0   -9   -9.0   -9   -9.0   -9   -9.0   -9 -99.0 -99.0 -99.0 -99.0 -99.0
20260802 156  1.4  1216  34  3.5 1641  29  6.3 1710  30.9  37.9 1542  25.9  541  24.0  36.6  22.3  69.3  39.0 1545  30.0   8.2   5.7 -9.00 1000.8 1008.7 1010.2  719 1006.7 1711  0.0 12.8 13.9 -9.0 27.24  3.47 1200   -9.0   -9.0 -9.00   -9.0   -9   -9.0   -9   -9.0   -9   -9.0   -9   -9.0   -9 -99.0 -99.0 -99.0 -99.0 -99.0
20260802 159  2.2  1895   5  4.9   16   2  8.3   41  32.0  38.0 1124  28.7  548  22.3  37.4  24.1  57.3  40.0 1117  27.0   8.9   6.2 -9.00  999.4 1007.1 1008.7 2245 1005.9    6  0.6 12.1 13.9 -9.0 27.92  3.48 1200   -9.0   -9.0 -9.00   -9.0   -9   -9.0   -9   -9.0   -9   -9.0   -9   -9.0   -9  29.7  26.1  23.9  18.7  17.9
20260802 162  1.5  1327  25  5.3 1457  25  7.5 1457  29.8  35.2 1531  25.9  612  22.2  34.6  21.3  65.3  42.0 1533  26.7   8.1   5.7 -9.00 1003.5 1007.0 1008.3 2314 1005.5 1532  0.6 12.1 13.9 -9.0 27.58  3.45 1200   -9.0   -9.0 -9.00   -9.0   -9   -9.0   -9   -9.0   -9   -9.0   -9   -9.0   -9 -99.0 -99.0 -99.0 -99.0 -99.0
20260802 165  2.5  2170  32  6.1 1743  32  8.4 1733  28.9  33.1 1422  25.8  507  25.9  37.2  22.3  84.5  59.0 1353  33.3   7.6   5.3  0.85 1004.4 1009.4 1010.6  738 1008.3 1731  0.9 11.6 13.9 -9.0 27.78  3.45 1200   -9.0   -9.0 -9.00   -9.0   -9   -9.0   -9   -9.0   -9   -9.0   -9   -9.0   -9  29.8  26.2  24.4  20.3  17.2
20260802 168  2.8  2441  34  7.2   13  32 10.1   13  30.5  34.9 1343  27.3  535  23.7  36.9  25.7  68.1  48.0 1459  29.3   8.7   6.1 -9.00 1000.9 1008.3 1009.6  741 1006.8 1759  0.6 12.7 13.9 -9.0 27.66  3.44 1200   -9.0   -9.0 -9.00   -9.0   -9   -9.0   -9   -9.0   -9   -9.0   -9   -9.0   -9  31.5  27.3  24.2  19.5  17.4
20260802 169  2.0  1708  16  3.9 1051  18  5.2 1035  28.5  32.5 1542  25.6  542  25.3  32.7  24.7  83.8  68.0 1543  32.3   7.1   5.0 -9.00 1001.1 1009.6 1010.1  721 1008.6 1803  0.9 13.2 13.9 -9.0 27.71  3.55 1200   -9.0   -9.0 -9.00   -9.0   -9   -9.0   -9   -9.0   -9   -9.0   -9   -9.0   -9 -99.0 -99.0 -99.0 -99.0 -99.0
20260802 170  2.1  1809  27  4.4 1529  32  7.3 1812  30.5  36.3 1434  25.8  319  24.6  39.1  24.4  72.0  53.0 1436  30.9   8.3   5.8 -9.00 1005.1 1009.0 1010.5  730 1007.5 1755  0.9 12.8 13.8 -9.0 28.15  3.52 1200   -9.0   -9.0 -9.00   -9.0   -9   -9.0   -9   -9.0   -9   -9.0   -9   -9.0   -9 -99.0 -99.0 -99.0 -99.0 -99.0
20260802 172  1.8  1539  29  6.2 1553  29  8.8 1531  29.1  35.5 1357  23.8  523  24.3  32.5  20.9  77.8  47.0 1108  30.4   8.4   5.9 -9.00 1002.9 1008.8 1010.0  701 1007.4 1709  1.3 12.9 13.9 -9.0 28.88  3.79 1200   -9.0   -9.0 -9.00   -9.0   -9   -9.0   -9   -9.0   -9   -9.0   -9   -9.0   -9 -99.0 -99.0 -99.0 -99.0 -99.0
20260802 174  2.0  1757  27  4.0 1253  27  7.5 1246  30.1  36.2 1552  24.6  119  22.1  36.2  23.9  65.9  36.0 1334  26.7  -9.0  -9.0 -9.00  988.4 1006.8 1008.2  738 1004.7 1717  0.0 12.5 13.9 -9.0 -9.00 -9.00   -9   -9.0   -9.0 -9.00   -9.0   -9   -9.0   -9   -9.0   -9   -9.0   -9   -9.0   -9 -99.0 -99.0 -99.0 -99.0 -99.0
20260802 177  1.7  1487  23  3.9 1542  29  8.7 1648  29.7  35.2 1549  25.5 2350  24.9  34.8  23.4  76.9  55.0 1411  31.5   6.1   4.3 -9.00 1004.7 1007.8 1008.9 2354 1006.7 1535  1.5  9.0 14.0 -9.0 21.45  2.74 1200   -9.0   -9.0 -9.00   -9.0   -9   -9.0   -9   -9.0   -9   -9.0   -9   -9.0   -9 -99.0 -99.0 -99.0 -99.0 -99.0
20260802 181  1.3  1116  32  3.2 1547  34  5.2 1544  28.8  34.1 1411  24.2  400  23.5  31.9  22.9  75.1  52.0 1644  28.9   6.8   4.7 -9.00 1005.5 1009.3 1010.3  733 1007.8 1618  0.0 11.2 14.0 -9.0 26.76  3.18 1200   -9.0   -9.0 -9.00   -9.0   -9   -9.0   -9   -9.0   -9   -9.0   -9   -9.0   -9 -99.0 -99.0 -99.0 -99.0 -99.0
20260802 184  2.8  2378  34  4.2 1358  32  6.1 1322  30.4  34.0 1557  27.3  541  23.5  39.0  24.6  66.9  55.0 1454  29.0   8.0   5.6 -9.00 1006.6 1008.9 1010.0  718 1007.8 1601  1.9 12.4 13.8 -9.0 24.30  3.20 1200   -9.0   -9.0 -9.00   -9.0   -9   -9.0   -9   -9.0   -9   -9.0   -9   -9.0   -9  31.7  29.7  28.0  24.7  18.9
20260802 185  3.5  2984  32  6.0 1055  32  6.8 1642  28.8  33.0 1414  25.9  604  24.6  35.3  23.6  78.5  66.0 1058  30.9   8.1   5.7 -9.00 1001.1 1009.2 1010.1  716 1007.9 1536  1.6 12.6 13.8 -9.0 28.02  3.51 1200   -9.0   -9.0 -9.00   -9.0   -9   -9.0   -9   -9.0   -9   -9.0   -9   -9.0   -9 -99.0 -99.0 -99.0 -99.0 -99.0
20260802 188  1.7  1446  11  4.8 1143  11  6.9 1135  29.3  35.2 1118  24.3  600  23.3  37.6  22.6  71.9  46.0 1044  28.7  -9.0  -9.0 -9.00 1007.1 1009.4 1010.5  714 1008.2 1826  0.8 13.0 13.8 -9.0 -9.00 -9.00   -9   -9.0   -9.0 -9.00   -9.0   -9   -9.0   -9   -9.0   -9   -9.0   -9   -9.0   -9 -99.0 -99.0 -99.0 -99.0 -99.0
20260802 189  1.4  1190  20  3.7 1413  23  5.8 1438  30.2  34.7 1353  25.1  431  21.4  38.7  21.4  59.9  44.0 1259  25.7   8.7   6.1 -9.00 1003.5 1009.3 1010.3  729 1008.1 1858  2.4 12.6 13.8 -9.0 28.24  3.54 1200   -9.0   -9.0 -9.00   -9.0   -9   -9.0   -9   -9.0   -9   -9.0   -9   -9.0   -9 -99.0 -99.0 -99.0 -99.0 -99.0
20260802 192  0.9   774  25  2.6 1553  25  5.0 1545  31.3  39.9 1453  23.5  528  23.0  39.8  19.7  65.3  36.0 1425  28.1   8.5   5.9 -9.00 1004.5 1007.7 1009.4  730 1005.6 1805  0.1 11.9 13.9 -9.0 27.54  3.37 1200   -9.0   -9.0 -9.00   -9.0   -9   -9.0   -9   -9.0   -9   -9.0   -9   -9.0   -9 -99.0 -99.0 -99.0 -99.0 -99.0
20260802 201  1.8  1524  23  4.1 1438  25  6.6 1508  28.0  32.0 1419  24.6 2355  25.0  32.2  23.0  85.6  61.0 1536  31.7  -9.0  -9.0 -9.00 1004.6 1010.0 1011.1 2241 1008.8    1  0.0 11.2 14.1 -9.0 -9.00 -9.00   -9   -9.0   -9.0 -9.00   -9.0   -9   -9.0   -9   -9.0   -9   -9.0   -9   -9.0   -9 -99.0 -99.0 -99.0 -99.0 -99.0
20260802 202  1.3  1138  29  3.0 1350  32  5.4 1846  29.6  34.9 1423  25.0  518  23.8  37.2  23.1  72.8  50.0 1424  29.4  -9.0  -9.0 -9.00 1003.9 1009.3 1010.6  805 1007.6 1631  1.0  9.6 14.1 -9.0 -9.00 -9.00   -9   -9.0   -9.0 -9.00   -9.0   -9   -9.0   -9   -9.0   -9   -9.0   -9   -9.0   -9 -99.0 -99.0 -99.0 -99.0 -99.0
20260802 203  0.7   640  25  2.3 1813  23  5.0 1809  29.9  35.2 1428  25.8  603  25.1  31.3  24.8  76.8  55.0 1410  31.8  -9.0  -9.0 -9.00 1000.5 1009.5 1010.7  821 1007.8 1631  1.6  6.7 14.0 -9.0 -9.00 -9.00   -9   -9.0   -9.0 -9.00   -9.0   -9   -9.0   -9   -9.0   -9   -9.0   -9   -9.0   -9 -99.0 -99.0 -99.0 -99.0 -99.0
20260802 211  1.0   841  18  2.5 1130  23  4.4 1509  28.1  33.9 1542  23.9  532  23.4  34.9  21.7  78.0  52.0 1422  28.9  -9.0  -9.0 -9.00  985.9 1008.5 1010.1 2338 1006.5 1559  0.0  7.8 14.1 -9.0 -9.00 -9.00   -9   -9.0   -9.0 -9.00   -9.0   -9   -9.0   -9   -9.0   -9   -9.0   -9   -9.0   -9 -99.0 -99.0 -99.0 -99.0 -99.0
20260802 212  0.8   692  25  2.5 1728  29  4.6 1422  29.0  34.9 1639  24.3  535  23.5  33.7  22.7  75.0  48.0 1641  28.9  -9.0  -9.0 -9.00  993.6 1009.3 1010.9  801 1007.2 1639  0.0  9.2 14.1 -9.0 -9.00 -9.00   -9   -9.0   -9.0 -9.00   -9.0   -9   -9.0   -9   -9.0   -9   -9.0   -9   -9.0   -9 -99.0 -99.0 -99.0 -99.0 -99.0
20260802 216  1.5  1301   5  3.3 1619  32  6.1  556  27.9  34.6 1348  22.8 2345  19.9  31.5  21.0  64.3  38.0 1147  23.4   7.5   5.3 -9.00  930.6 1007.8 1011.0 2350 1005.2 1418  0.9 10.8 14.0 -9.0 25.94  3.46 1200   -9.0   -9.0 -9.00   -9.0   -9   -9.0   -9   -9.0   -9   -9.0   -9   -9.0   -9 -99.0 -99.0 -99.0 -99.0 -99.0
20260802 217  1.0   833  20  3.4 1538  18  5.7 1057  28.9  37.3 1622  22.6  543  22.9  37.8  21.6  73.4  45.0 1429  27.9  -9.0  -9.0 -9.00  974.2 1008.7 1010.8 2335 1005.8 1605  0.0 10.6 14.1 -9.0 -9.00 -9.00   -9   -9.0   -9.0 -9.00   -9.0   -9   -9.0   -9   -9.0   -9   -9.0   -9   -9.0   -9 -99.0 -99.0 -99.0 -99.0 -99.0
20260802 221  1.2  1000  25  3.4 1107  25  5.8 1105  27.5  33.5 1516  21.8  549  23.4  33.4  20.3  80.8  53.0 1232  28.7  -9.0  -9.0 -9.00  979.4 1008.9 1010.4  705 1006.9 1624  0.5  9.2 14.0 -9.0 -9.00 -9.00   -9   -9.0   -9.0 -9.00   -9.0   -9   -9.0   -9   -9.0   -9   -9.0   -9   -9.0   -9 -99.0 -99.0 -99.0 -99.0 -99.0
20260802 226  0.8   663   2  2.9 1130  34  4.9 1425  28.0  33.4 1435  23.7  315  24.0  32.7  21.1  81.8  56.0 1325  29.9  -9.0  -9.0 -9.00  990.1 1009.3 1010.4  653 1007.6 1624  0.0 10.4 14.0 -9.0 -9.00 -9.00   -9   -9.0   -9.0 -9.00   -9.0   -9   -9.0   -9   -9.0   -9   -9.0   -9   -9.0   -9 -99.0 -99.0 -99.0 -99.0 -99.0
20260802 232  0.7   630  36  2.3 1451  34  5.2 1850  28.6  34.3 1503  23.9  519  24.0  35.1  22.5  78.6  53.0 1419  29.8  -9.0  -9.0 -9.00 1000.3 1009.8 1010.8  703 1008.4 1616  0.0 10.2 14.0 -9.0 -9.00 -9.00   -9   -9.0   -9.0 -9.00   -9.0   -9   -9.0   -9   -9.0   -9   -9.0   -9   -9.0   -9 -99.0 -99.0 -99.0 -99.0 -99.0
20260802 235  1.1   938  20  3.7 1307  23  5.8 1503  29.2  34.8 1342  24.9  537  25.3  34.9  22.9  80.9  56.0 1256  32.3   7.5   5.3 -9.00 1007.6 1008.7 1009.6 2202 1007.8 1725  0.0 10.9 14.0 -9.0 26.99  3.43 1200   -9.0   -9.0 -9.00   -9.0   -9   -9.0   -9   -9.0   -9   -9.0   -9   -9.0   -9 -99.0 -99.0 -99.0 -99.0 -99.0
20260802 236  0.6   529  20  3.1 1801  23  5.2 1756  29.4  36.0 1626  25.2  219  25.0  35.6  23.5  79.4  50.0 1445  31.7  -9.0  -9.0 -9.00 1008.0 1009.5 1010.6  814 1007.9 1758  0.0  8.4 14.0 -9.0 -9.00 -9.00   -9   -9.0   -9.0 -9.00   -9.0   -9   -9.0   -9   -9.0   -9   -9.0   -9   -9.0   -9 -99.0 -99.0 -99.0 -99.0 -99.0
20260802 238  0.8   723  34  2.1 1359  29  5.1 1704  28.9  35.0 1415  23.6  615  24.0  35.6  21.9  77.5  51.0 1354  29.8  -9.0  -9.0 -9.00  989.7 1008.7 1010.0  714 1006.9 1640  0.4 11.2 14.0 -9.0 -9.00 -9.00   -9   -9.0   -9.0 -9.00   -9.0   -9   -9.0   -9   -9.0   -9   -9.0   -9   -9.0   -9 -99.0 -99.0 -99.0 -99.0 -99.0
20260802 239  1.2  1053  32  3.4 1901  34  5.3 1858  28.9  34.3 1438  24.3  542  24.1  35.7  23.8  77.3  53.0 1456  30.0   6.2   4.3 -9.00  998.5 1008.6 1009.7  724 1006.8 1802  1.0  8.5 14.0 -9.0 21.91  3.15 1300   -9.0   -9.0 -9.00   -9.0   -9   -9.0   -9   -9.0   -9   -9.0   -9   -9.0   -9 -99.0 -99.0 -99.0 -99.0 -99.0
20260802 243  1.2  1074  29  3.4 1543  29  6.7 1555  29.2  34.7 1314  24.6  551  24.0  34.7  21.2  75.4  53.0 1537  29.8  -9.0  -9.0 -9.00 1008.2 1009.6 1010.5  728 1008.4 1800  0.0 12.1 13.9 -9.0 -9.00 -9.00   -9   -9.0   -9.0 -9.00   -9.0   -9   -9.0   -9   -9.0   -9   -9.0   -9   -9.0   -9 -99.0 -99.0 -99.0 -99.0 -99.0
20260802 244  1.1   942   9  2.7 1117  34  5.3 1528  28.6  35.0 1459  23.6  651  23.1  32.0  22.6  75.0  49.0 1445  28.3  -9.0  -9.0 -9.00  981.3 1008.8 1010.5  723 1006.9 1543  0.0 10.9 13.9 -9.0 -9.00 -9.00   -9   -9.0   -9.0 -9.00   -9.0   -9   -9.0   -9   -9.0   -9   -9.0   -9   -9.0   -9 -99.0 -99.0 -99.0 -99.0 -99.0
20260802 245  1.8  1551  34  4.8 1705  34  7.1 1406  29.7  36.4 1504  23.5  532  23.4  36.1  21.0  71.6  44.0 1402  28.8   8.3   5.8 -9.00 1001.5 1009.2 1010.3  722 1007.7 1624  0.3 13.1 13.9 -9.0 26.87  3.45 1200   -9.0   -9.0 -9.00   -9.0   -9   -9.0   -9   -9.0   -9   -9.0   -9   -9.0   -9 -99.0 -99.0 -99.0 -99.0 -99.0
20260802 247  1.5  1277  29  3.5 1302  29  7.0 1543  29.9  36.8 1453  24.0  521  24.1  35.3  23.1  73.4  48.0 1500  29.9  -9.0  -9.0 -9.00  993.6 1008.5 1010.3  723 1006.4 1622  0.0 11.3 13.9 -9.0 -9.00 -9.00   -9   -9.0   -9.0 -9.00   -9.0   -9   -9.0   -9   -9.0   -9   -9.0   -9   -9.0   -9 -99.0 -99.0 -99.0 -99.0 -99.0
20260802 248  1.1   968  36  3.6 1116  36  6.4 1041  26.8  34.2 1456  20.9  509  22.6  34.1  19.5  80.9  50.0 1422  27.4  -9.0  -9.0 -9.00  964.3 1009.4 1011.3  708 1006.9 1626  0.0 10.7 13.9 -9.0 -9.00 -9.00   -9   -9.0   -9.0 -9.00   -9.0   -9   -9.0   -9   -9.0   -9   -9.0   -9   -9.0   -9 -99.0 -99.0 -99.0 -99.0 -99.0
20260802 251  1.4  1187   5  4.0 1429   5  6.2 1421  28.9  36.0 1457  23.5  539  24.3  34.2  22.5  79.4  44.0 1340  30.4   7.6   5.3 -9.00 1003.3 1008.9 1010.2  757 1007.3 1710  0.0 11.2 13.9 -9.0 26.04  3.32 1200   -9.0   -9.0 -9.00   -9.0   -9   -9.0   -9   -9.0   -9   -9.0   -9   -9.0   -9 -99.0 -99.0 -99.0 -99.0 -99.0
20260802 252  1.2  1005  34  3.8 1520  18  7.7 1312  28.8  34.9 1411  23.7  610  24.6  34.6  21.7  79.9  53.0 1200  30.9   7.6   5.3 -9.00 1004.9 1009.1 1010.1  653 1007.8 1715  0.0 11.1 13.9 -9.0 27.53  3.39 1300   -9.0   -9.0 -9.00   -9.0   -9   -9.0   -9   -9.0   -9   -9.0   -9   -9.0   -9 -99.0 -99.0 -99.0 -99.0 -99.0
20260802 253  1.9  1643  16  4.6 1445  32  7.8 1027  32.5  40.7 1353  27.7  523  23.2  39.5  24.7  59.4  38.0 1334  28.4   8.8   6.2 -9.00 1002.3 1008.3 1009.9 2249 1006.8 1337  0.5 11.9 13.9 -9.0 26.24  3.38 1200   -9.0   -9.0 -9.00   -9.0   -9   -9.0   -9   -9.0   -9   -9.0   -9   -9.0   -9 -99.0 -99.0 -99.0 -99.0 -99.0
20260802 254  1.6  1396  34  4.5 1616  34  6.6 1614  29.7  37.2 1511  23.4  608  23.1  36.5  22.3  70.8  41.0 1329  28.2   8.6   6.0 -9.00  994.6 1009.1 1010.7  717 1007.1 1531  0.5 12.9 13.9 -9.0 28.53  3.54 1200   -9.0   -9.0 -9.00   -9.0   -9   -9.0   -9   -9.0   -9   -9.0   -9   -9.0   -9 -99.0 -99.0 -99.0 -99.0 -99.0
20260802 255  1.9  1626  32  3.9 1153   9  7.6 1242  33.7  41.0 1503  28.8  504  22.4  39.0  22.9  53.6  28.0 1504  27.2   8.5   6.0 -9.00 1001.4 1007.1 1008.8 2333 1004.7 1541  0.3 12.8 13.9 -9.0 25.23  3.17 1200   -9.0   -9.0 -9.00   -9.0   -9   -9.0   -9   -9.0   -9   -9.0   -9   -9.0   -9 -99.0 -99.0 -99.0 -99.0 -99.0
20260802 257  1.6  1407  14  4.1 1542  14  8.1 1451  34.5  42.5 1326  28.3  525  23.4  40.0  24.5  54.9  29.0 1253  28.7   9.1   6.4 -9.00 1006.5 1007.2 1009.1 2243 1005.4 1448  0.3 10.7 13.9 -9.0 25.65  3.37 1200   -9.0   -9.0 -9.00   -9.0   -9   -9.0   -9   -9.0   -9   -9.0   -9   -9.0   -9 -99.0 -99.0 -99.0 -99.0 -99.0
20260802 258  2.7  2367  32  4.6  754  32  6.6 2231  30.5  36.2 1457  25.1  443  25.2  32.2  24.2  74.5  53.0 1407  32.1   8.3   5.8 -9.00 1008.3 1008.5 1010.1  737 1006.9 1546  0.3 13.0 13.9 -9.0 28.06  3.44 1200   -9.0   -9.0 -9.00   -9.0   -9   -9.0   -9   -9.0   -9   -9.0   -9   -9.0   -9 -99.0 -99.0 -99.0 -99.0 -99.0
20260802 259  1.2  1054  27  3.2 1626  27  6.2 1715  30.2  37.9 1535  23.7  453  24.6  35.7  22.8  74.6  45.0 1323  31.0   8.0   5.6 -9.00 1006.7 1008.5 1010.1  741 1006.8 1538  0.9 11.9 13.9 -9.0 27.61  3.42 1200   -9.0   -9.0 -9.00   -9.0   -9   -9.0   -9   -9.0   -9   -9.0   -9   -9.0   -9 -99.0 -99.0 -99.0 -99.0 -99.0
20260802 260  1.4  1167  32  3.8 1718  34  5.9 1703  30.2  37.8 1509  23.1  534  24.3  37.5  22.4  73.8  42.0 1322  30.6  -9.0  -9.0 -9.00 1003.5 1008.4 1010.0  708 1006.6 1600  0.6 12.7 13.9 -9.0 -9.00 -9.00   -9   -9.0   -9.0 -9.00   -9.0   -9   -9.0   -9   -9.0   -9   -9.0   -9   -9.0   -9 -99.0 -99.0 -99.0 -99.0 -99.0
20260802 261  2.0  1736  25  5.8 1510  23  8.0 1528  29.5  35.8 1344  24.4  239  25.2  38.2  20.9  79.8  52.0 1203  32.2  -9.0  -9.0 -9.00 1007.4 1009.3 1010.8  722 1007.9 1529  0.9 11.9 13.9 -9.0 -9.00 -9.00   -9   -9.0   -9.0 -9.00   -9.0   -9   -9.0   -9   -9.0   -9   -9.0   -9   -9.0   -9 -99.0 -99.0 -99.0 -99.0 -99.0
20260802 262  1.6  1426  27  4.8 1923  29  7.2 1311  30.6  38.2 1516  23.7  526  23.8  37.1  24.7  70.6  38.0 1513  29.6   8.3   5.8 -9.00 1002.5 1008.3 1009.8  732 1006.8 1750  0.3 12.1 13.8 -9.0 26.81  3.34 1100   -9.0   -9.0 -9.00   -9.0   -9   -9.0   -9   -9.0   -9   -9.0   -9   -9.0   -9 -99.0 -99.0 -99.0 -99.0 -99.0
20260802 263  1.3  1148   2  3.9 1156   7  7.1 1320  32.1  40.6 1609  23.7  556  23.5  40.2  20.2  65.5  28.0 1524  29.0   8.8   6.2 -9.00 1006.0 1007.6 1009.1  709 1005.1 1710  0.0 10.8 13.9 -9.0 27.12  3.43 1200   -9.0   -9.0 -9.00   -9.0   -9   -9.0   -9   -9.0   -9   -9.0   -9   -9.0   -9 -99.0 -99.0 -99.0 -99.0 -99.0
20260802 264  1.1   982  32  3.7 1700  29  5.7 1653  30.7  39.0 1546  22.5  535  23.4  37.0  20.7  69.8  36.0 1458  28.9   8.7   6.1 -9.00  991.3 1008.2 1010.1  741 1005.6 1601  0.0 12.2 13.9 -9.0 28.30  3.53 1200   -9.0   -9.0 -9.00   -9.0   -9   -9.0   -9   -9.0   -9   -9.0   -9   -9.0   -9 -99.0 -99.0 -99.0 -99.0 -99.0
20260802 266  1.3  1083  23  3.1 1700  25  7.3 1637  32.1  38.9 1432  25.2  544  22.7  41.5  22.9  60.6  32.0 1434  27.7   8.5   5.9 -9.00  998.6 1008.4 1009.8  750 1006.6 1728  0.0 12.3 13.9 -9.0 26.61  3.41 1200   -9.0   -9.0 -9.00   -9.0   -9   -9.0   -9   -9.0   -9   -9.0   -9   -9.0   -9 -99.0 -99.0 -99.0 -99.0 -99.0
20260802 268  1.4  1181  29  3.9 1449  29  6.2 1349  28.1  33.3 1219  24.4  155  24.7  38.3  22.7  83.4  52.0 1242  31.2  -9.0  -9.0 -9.00 1007.0 1008.1 1009.2  743 1007.2 1515  0.8 11.1 13.8 -9.0 -9.00 -9.00   -9   -9.0   -9.0 -9.00   -9.0   -9   -9.0   -9   -9.0   -9   -9.0   -9   -9.0   -9 -99.0 -99.0 -99.0 -99.0 -99.0
20260802 271  1.1   987  29  3.7  915  29  7.0  914  28.5  34.8 1532  22.0  540  22.3  35.4  19.7  72.6  48.0 1343  27.0  -9.0  -9.0 -9.00  972.6 1008.5 1010.5 2307 1006.1 1628  0.0 12.0 14.0 -9.0 -9.00 -9.00   -9   -9.0   -9.0 -9.00   -9.0   -9   -9.0   -9   -9.0   -9   -9.0   -9   -9.0   -9 -99.0 -99.0 -99.0 -99.0 -99.0
20260802 272  2.6  2245  29  5.0 1640  29  8.2  839  29.5  35.4 1438  24.3  551  22.9  37.1  22.6  69.4  48.0 1339  27.9  -9.0  -9.0 -9.00  984.8 1008.3 1009.8 2353 1006.4 1612  0.0 12.6 14.0 -9.0 -9.00 -9.00   -9   -9.0   -9.0 -9.00   -9.0   -9   -9.0   -9   -9.0   -9   -9.0   -9   -9.0   -9 -99.0 -99.0 -99.0 -99.0 -99.0
20260802 273  1.5  1302  29  3.9 2306  34  7.8  919  29.7  34.5 1306  24.2  554  24.2  34.4  21.4  74.4  54.0 1607  30.3  -9.0  -9.0 -9.00  988.7 1008.0 1009.1  835 1006.4 1630  0.0 11.1 14.0 -9.0 -9.00 -9.00   -9   -9.0   -9.0 -9.00   -9.0   -9   -9.0   -9   -9.0   -9   -9.0   -9   -9.0   -9 -99.0 -99.0 -99.0 -99.0 -99.0
20260802 276  1.9  1624  29  4.4 1043  34  7.8  952  30.4  37.9 1628  23.7  550  23.5  37.7  20.3  69.8  43.0 1624  29.0   8.7   6.1 -9.00  984.4 1007.6 1009.6 2256 1004.9 1634  0.0 12.7 14.0 -9.0 28.66  3.52 1200   -9.0   -9.0 -9.00   -9.0   -9   -9.0   -9   -9.0   -9   -9.0   -9   -9.0   -9 -99.0 -99.0 -99.0 -99.0 -99.0
20260802 277  3.0  2593  29  6.6  145  29 12.1  143  31.1  37.2 1045  24.8 2353  20.7  38.8  23.9  56.0  36.0 1126  24.4  -9.0  -9.0 -9.00 1003.3 1007.9 1010.4 2320 1005.8    9  0.3 13.0 14.0 -9.0 -9.00 -9.00   -9   -9.0   -9.0 -9.00   -9.0   -9   -9.0   -9   -9.0   -9   -9.0   -9   -9.0   -9 -99.0 -99.0 -99.0 -99.0 -99.0
20260802 278  1.3  1134  27  3.8 1612  36  6.7  956  30.0  36.8 1507  23.6  559  24.2  39.6  21.2  74.3  46.0 1335  30.2  -9.0  -9.0 -9.00  998.2 1007.3 1008.6  727 1005.3 1727  0.0 12.7 14.0 -9.0 -9.00 -9.00   -9   -9.0   -9.0 -9.00   -9.0   -9   -9.0   -9   -9.0   -9   -9.0   -9   -9.0   -9 -99.0 -99.0 -99.0 -99.0 -99.0
20260802 279  1.3  1080  29  2.5  958  27  5.5  957  31.2  37.5 1522  25.5  542  23.7  39.7  23.4  66.3  43.0 1539  29.3   7.9   5.5 -9.00 1002.6 1008.1 1009.3  702 1006.2 1737  0.0 12.0 14.0 -9.0 26.26  3.30 1200   -9.0   -9.0 -9.00   -9.0   -9   -9.0   -9   -9.0   -9   -9.0   -9   -9.0   -9 -99.0 -99.0 -99.0 -99.0 -99.0
20260802 281  2.2  1874  32  4.9  949  29  9.1 1002  31.6  38.8 1446  26.7 2356  22.6  39.1  24.4  61.0  37.0 1350  27.5  -9.0  -9.0 -9.00  997.6 1008.3 1010.2 2317 1006.1 1600  0.0 11.9 14.0 -9.0 -9.00 -9.00   -9   -9.0   -9.0 -9.00   -9.0   -9   -9.0   -9   -9.0   -9   -9.0   -9   -9.0   -9 -99.0 -99.0 -99.0 -99.0 -99.0
20260802 283  2.9  2525  25  5.9 1232  25  9.5 1211  32.7  40.3 1414  27.2 2332  22.8  39.0  24.7  58.5  32.0 1404  27.8   9.6   6.8 -9.00 1003.3 1007.8 1009.9 2317 1005.8 1425  0.3 12.7 13.9 -9.0 27.58  3.44 1200   -9.0   -9.0 -9.00   -9.0   -9   -9.0   -9   -9.0   -9   -9.0   -9   -9.0   -9 -99.0 -99.0 -99.0 -99.0 -99.0
20260802 284  1.7  1485   5  4.6 1717   5  7.0 1211  30.4  39.4 1615  21.9  524  22.9  39.2  18.2  68.4  36.0 1406  28.1   9.0   6.3 -9.00  982.8 1008.1 1010.0  606 1005.2 1626  0.0 12.9 13.9 -9.0 27.65  3.43 1200   -9.0   -9.0 -9.00   -9.0   -9   -9.0   -9   -9.0   -9   -9.0   -9   -9.0   -9 -99.0 -99.0 -99.0 -99.0 -99.0
20260802 285  1.0   826  14  2.4 1400   9  5.3 1243  31.4  39.2 1637  23.5  534  23.2  40.4  22.1  65.4  37.0 1641  28.4  -9.0  -9.0 -9.00 1005.1 1008.1 1009.6  809 1005.7 1731  0.0 -9.0 13.9 -9.0 -9.00 -9.00   -9   -9.0   -9.0 -9.00   -9.0   -9   -9.0   -9   -9.0   -9   -9.0   -9   -9.0   -9 -99.0 -99.0 -99.0 -99.0 -99.0
20260802 288  1.6  1405   7  3.8 1150  34  6.6 1144  33.1  41.0 1624  26.9  535  23.3  38.0  25.5  59.0  33.0 1655  28.7   9.2   6.4 -9.00 1005.1 1006.0 1007.6 2313 1003.6 1700  0.0 11.6 13.9 -9.0 27.28  3.38 1200   -9.0   -9.0 -9.00   -9.0   -9   -9.0   -9   -9.0   -9   -9.0   -9   -9.0   -9 -99.0 -99.0 -99.0 -99.0 -99.0
20260802 289  1.5  1326  29  3.5 1848  27  6.6 1841  31.3  39.5 1634  23.0  541  23.3  37.0  19.4  66.0  33.0 1520  28.6  -9.0  -9.0 -9.00  993.4 1008.8 1010.6  719 1006.3 1558  0.0 11.7 13.9 -9.0 -9.00 -9.00   -9   -9.0   -9.0 -9.00   -9.0   -9   -9.0   -9   -9.0   -9   -9.0   -9   -9.0   -9 -99.0 -99.0 -99.0 -99.0 -99.0
20260802 294  1.2  1000  20  3.9 1559  18  7.7 1557  30.4  37.8 1444  25.6  442  22.0  38.7  20.9  62.9  39.0 1445  26.5  -9.0  -9.0 -9.00 1003.6 1008.6 1009.9 2318 1006.9 1538  0.3 12.4 13.9 -9.0 -9.00 -9.00   -9   -9.0   -9.0 -9.00   -9.0   -9   -9.0   -9   -9.0   -9   -9.0   -9   -9.0   -9 -99.0 -99.0 -99.0 -99.0 -99.0
20260802 295  1.1   910  29  3.2 1646  29  5.7 1646  30.6  37.6 1419  25.5  521  22.7  37.6  21.6  64.9  35.0 1307  27.6  -9.0  -9.0 -9.00 1003.1 1008.2 1009.5  742 1006.2 1809  0.6 12.2 13.9 -9.0 -9.00 -9.00   -9   -9.0   -9.0 -9.00   -9.0   -9   -9.0   -9   -9.0   -9   -9.0   -9   -9.0   -9 -99.0 -99.0 -99.0 -99.0 -99.0
20260802 296  1.9  1668  18  4.8 1456  32  8.7  850  32.5  40.2 1249  26.9  538  24.3  37.4  22.2  64.4  36.0 1311  30.5   9.1   6.3 -9.00 1006.4 1006.7 1008.4 2328 1005.2 1442  0.3 11.7 13.9 -9.0 27.12  3.40 1200   -9.0   -9.0 -9.00   -9.0   -9   -9.0   -9   -9.0   -9   -9.0   -9   -9.0   -9 -99.0 -99.0 -99.0 -99.0 -99.0
20260803  90  1.7  1478  36  3.2 2353   2  5.0 2354  27.3  28.8  824  26.3 2354  25.2  31.9  27.0  88.5  82.0  825  32.0   2.8   1.9 -9.00 1010.2 1012.2 1013.6 2205 1010.3   35  3.4  0.3 14.1 -9.0 10.17  1.46 1000   -9.0   -9.0 -9.00   -9.0   -9   -9.0   -9   -9.0   -9   -9.0   -9   -9.0   -9 -99.0 -99.0 -99.0 -99.0 -99.0
20260803  93  0.9   755   9  2.8 2354   5  4.5 2223  30.8  37.3 1523  24.5  532  25.1  36.4  24.8  74.4  46.0 1432  31.9   8.1   5.6 -9.00 1000.0 1010.7 1012.2  722 1008.9 1636  0.0 10.7 14.0 -9.0 26.52  3.39 1200   -9.0   -9.0 -9.00   -9.0   -9   -9.0   -9   -9.0   -9   -9.0   -9   -9.0   -9  29.8  27.2  24.7  21.2  18.7
20260803  95  1.0   903  11  2.8 2400  25  4.5 1544  29.4  35.1 1526  23.4  544  25.4  34.3  23.3  81.3  51.0 1519  32.5   7.7   5.4 -9.00  993.7 1011.1 1012.4  715 1009.6 1617  0.0 12.8 14.1 -9.0 27.21  3.40 1200   -9.0   -9.0 -9.00   -9.0   -9   -9.0   -9   -9.0   -9   -9.0   -9   -9.0   -9 -99.0 -99.0 -99.0 -99.0 -99.0
20260803  98  0.5   466   7  1.6 1159   7  3.6 1529  29.6  35.7 1421  24.1  509  23.4  36.3  22.5  70.9  49.0 1424  28.9   6.6   4.6 -9.00  997.6 1010.5 1011.8  740 1009.2 1620  0.0 10.6 14.1 -9.0 23.95  3.09 1200   -9.0   -9.0 -9.00   -9.0   -9   -9.0   -9   -9.0   -9   -9.0   -9   -9.0   -9 -99.0 -99.0 -99.0 -99.0 -99.0
20260803  99  0.8   659   5  2.1 1031   5  3.9 1231  29.4  35.6 1455  23.8  145  25.9  37.3  24.3  83.3  55.0 1508  33.4   7.1   5.0 -9.00 1007.8 1011.3 1012.5  738 1010.0 1701  0.0 11.0 14.1 -9.0 25.36  3.31 1200   -9.0   -9.0 -9.00   -9.0   -9   -9.0   -9   -9.0   -9   -9.0   -9   -9.0   -9 -99.0 -99.0 -99.0 -99.0 -99.0
20260803 100  1.5  1327   9  4.4 1421   7  7.3 1430  24.3  30.8 1116  18.6  458  22.3  34.0  17.7  89.6  63.0 1007  27.1   6.4   4.4 -9.00  927.2 1011.8 1013.1 2204 1009.9 1211  2.3  8.4 14.0 -9.0 25.51  3.51 1200   -9.0   -9.0 -9.00   -9.0   -9   -9.0   -9   -9.0   -9   -9.0   -9   -9.0   -9 -99.0 -99.0 -99.0 -99.0 -99.0
20260803 101  1.4  1201   7  3.2 2352   2  5.1 2328  30.9  37.5 1538  24.6  435  24.3  37.0  23.5  70.9  41.0 1506  30.4   8.0   5.6 -9.00 1001.2 1009.6 1011.2  737 1007.6 1641  0.4 10.1 14.0 -9.0 25.31  3.30 1200   -9.0   -9.0 -9.00   -9.0   -9   -9.0   -9   -9.0   -9   -9.0   -9   -9.0   -9  29.1  25.6  23.6  19.0  15.8
20260803 102  1.6  1380  18  3.8 1335  18  5.0 1301  27.2  31.4 1615  24.6  422  23.8  36.2  24.3  83.3  55.0 1400  29.6   7.0   4.9  5.02 1006.4 1010.4 1011.6 1136 1009.2    8  2.3  9.0 14.1 -9.0 25.28  3.38 1200   -9.0   -9.0 -9.00   -9.0   -9   -9.0   -9   -9.0   -9   -9.0   -9   -9.0   -9 -99.0 -99.0 -99.0 -99.0 -99.0
20260803 104  1.2  1022   7  2.6 1013   5  4.7 1005  27.8  31.4  927  25.5  509  25.9  32.9  25.3  89.8  77.0  913  33.4   3.3   2.3 -9.00 1002.4 1010.9 1012.3 2123 1009.2    1  3.4  2.8 14.1 -9.0 14.17  2.71 1000    0.2    0.2  1.17    0.2   -9    0.1   -9   -9.0   -9   -9.0   -9   -9.0   -9  29.2  25.3  22.5  17.5  14.6
20260803 105  1.4  1246   9  2.5 1307   9  4.8 1001  28.8  31.9  950  26.6  624  24.6  33.7  25.8  78.4  68.0  940  31.0   3.8   2.7 -9.00 1008.7 1011.8 1013.2 2120 1010.0    1  5.8  4.1 14.1 -9.0 14.53  2.60 1100   -9.0   -9.0 -9.00   -9.0   -9   -9.0   -9   -9.0   -9   -9.0   -9   -9.0   -9  30.0  25.9  24.0  18.8  16.1
20260803 106  2.1  1847   2  4.3 1202   5  6.2 1150  28.4  31.3 1138  26.6  524  25.9  34.0  24.6  86.4  75.0  834  33.4   4.4   3.1 -9.00 1007.4 1012.0 1013.4 2145 1010.2    1  2.5  4.0 14.0 -9.0 17.12  3.21 1100   -9.0   -9.0 -9.00   -9.0   -9   -9.0   -9   -9.0   -9   -9.0   -9   -9.0   -9 -99.0 -99.0 -99.0 -99.0 -99.0
20260803 108  1.8  1552  32  4.3 1819  34  7.0 1815  31.5  36.7 1512  26.5  457  24.4  36.1  22.0  67.3  48.0 1359  30.7   7.2   5.0 -9.00 1000.9 1010.5 1011.6  722 1009.0 1628  2.0 10.0 14.0 -9.0 21.35  3.44 1300   -9.0   -9.0 -9.00   -9.0   -9   -9.0   -9   -9.0   -9   -9.0   -9   -9.0   -9  28.6  26.0  24.8  20.1  15.7
20260803 112  1.9  1619  27  3.8 1437  29  5.9 1504  30.5  35.1 1546  27.0  506  26.6  34.0  23.7  80.9  66.0 1651  34.9   6.9   4.8 -9.00 1002.9 1010.6 1011.6  745 1009.5 1640  0.5 12.0 14.0 -9.0 25.40  3.01 1200   -9.0   -9.0 -9.00   -9.0   -9   -9.0   -9   -9.0   -9   -9.0   -9   -9.0   -9  27.3  25.4  19.2  22.7  15.8
20260803 114  1.3  1139  27  3.0 1624  25  5.5 1633  31.0  37.2 1508  25.2  538  24.3  36.0  23.3  69.6  45.0 1455  30.3   8.1   5.7 -9.00  993.4 1010.1 1011.5  636 1008.4 1625  0.3 12.3 14.0 -9.0 26.06  3.21 1200   -9.0   -9.0 -9.00   -9.0   -9   -9.0   -9   -9.0   -9   -9.0   -9   -9.0   -9 -99.0 -99.0 -99.0 -99.0 -99.0
20260803 115  2.6  2250   5  5.5 1854   7 10.0 2137  28.3  31.1 1216  26.3 2357  25.1  33.7  23.1  83.5  69.0  112  32.0   4.3   3.0  1.08  986.2 1010.9 1012.4 2134 1008.9  111  2.9  4.8 14.0 -9.0 15.42  2.47 1100   -9.0   -9.0 -9.00   -9.0   -9   -9.0   -9   -9.0   -9   -9.0   -9   -9.0   -9  26.0  22.1  20.4  14.7  13.6
20260803 119  1.4  1237  25  4.2 1546  14  7.8 1308  29.7  35.9 1442  24.5  347  23.8  36.6  22.6  72.8  47.0 1443  29.6   7.0   4.9 -9.00 1005.8 1010.3 1011.4  838 1009.0 1623  0.5 11.3 14.0 -9.0 23.95  3.16 1300   -9.0   -9.0 -9.00   -9.0   -9   -9.0   -9   -9.0   -9   -9.0   -9   -9.0   -9  28.5  25.6  23.2  18.2  15.3
20260803 121  1.0   848  27  2.6 1342   5  5.2 2039  30.2  37.8 1601  23.3  428  23.4  36.7  21.1  70.8  41.0 1438  28.8   8.3   5.8 -9.00  984.1 1010.8 1012.9  709 1008.1 1700  2.0 10.3 14.0 -9.0 26.73  3.44 1200   -9.0   -9.0 -9.00   -9.0   -9   -9.0   -9   -9.0   -9   -9.0   -9   -9.0   -9 -99.0 -99.0 -99.0 -99.0 -99.0
20260803 127  0.9   740  23  2.3 1556  23  4.4 1554  30.2  36.7 1602  23.7  511  23.9  32.8  23.1  71.8  45.0 1414  29.7   7.7   5.4 -9.00  996.8 1009.6 1011.0  638 1007.8 1720  0.1 11.5 14.0 -9.0 26.77  3.37 1100   -9.0   -9.0 -9.00   -9.0   -9   -9.0   -9   -9.0   -9   -9.0   -9   -9.0   -9 -99.0 -99.0 -99.0 -99.0 -99.0
20260803 129  1.4  1186  32  3.8 1601  32  5.9 1629  29.5  35.2 1430  23.9  357  23.6  31.9  20.3  73.0  51.0 1304  29.2   7.8   5.5 -9.00 1008.0 1010.9 1011.7  823 1010.0 1819  0.0 12.6 14.0 -9.0 26.47  3.43 1300   -9.0   -9.0 -9.00   -9.0   -9   -9.0   -9   -9.0   -9   -9.0   -9   -9.0   -9  27.9  25.6  23.3  18.6  16.0
20260803 130  1.7  1486   7  4.1 1226   5  6.8 1334  28.5  31.7 1023  25.3  448  25.7  34.5  23.3  85.1  74.0  843  33.0  -9.0  -9.0 -9.00 1006.3 1011.8 1013.0 2114 1010.1    1  3.5  8.1 14.0 -9.0 -9.00 -9.00   -9   -9.0   -9.0 -9.00   -9.0   -9   -9.0   -9   -9.0   -9   -9.0   -9   -9.0   -9 -99.0 -99.0 -99.0 -99.0 -99.0
20260803 131  1.2  1078   9  2.9 1305   5  5.6 1158  31.8  37.6 1537  26.3  438  23.5  36.1  23.6  63.5  40.0 1520  29.1   8.5   6.0 -9.00 1003.4 1009.9 1011.1  708 1008.5 1544  0.8 12.0 14.0 -9.0 27.01  3.47 1100   -9.0   -9.0 -9.00   -9.0   -9   -9.0   -9   -9.0   -9   -9.0   -9   -9.0   -9 -99.0 -99.0 -99.0 -99.0 -99.0
20260803 133  1.1   974  34  2.8 1631  34  6.1 1804  31.0  37.0 1516  24.7  530  24.0  37.0  23.1  68.8  44.0 1322  29.8   8.5   5.9 -9.00 1002.9 1010.5 1011.6  655 1009.1 1533  0.0 13.2 14.0 -9.0 28.23  3.50 1300   -9.0   -9.0 -9.00   -9.0   -9   -9.0   -9   -9.0   -9   -9.0   -9   -9.0   -9  30.3  27.9  25.9  21.3  17.8
20260803 135  0.9   749   7  3.1 1519   5  5.1 1537  28.3  35.0 1609  22.4  610  23.3  32.7  21.6  76.0  45.0 1605  28.7   6.8   4.8 -9.00  982.8 1010.2 1011.4  605 1008.3 1618  0.3 11.9 13.9 -9.0 25.85  3.45 1200   -9.0   -9.0 -9.00   -9.0   -9   -9.0   -9   -9.0   -9   -9.0   -9   -9.0   -9 -99.0 -99.0 -99.0 -99.0 -99.0
20260803 136  1.4  1217  11  4.3 1932   9  7.3 2030  31.1  38.0 1541  24.5  558  22.7  40.6  23.0  63.1  36.0 1524  27.7   7.8   5.4 -9.00  995.4 1011.1 1012.5  731 1009.1 1543  1.9 11.5 14.0 -9.0 26.00  3.42 1100   -9.0   -9.0 -9.00   -9.0   -9   -9.0   -9   -9.0   -9   -9.0   -9   -9.0   -9 -99.0 -99.0 -99.0 -99.0 -99.0
20260803 137  0.4   387  16  1.7 1402  36  3.1 1217  30.5  37.0 1550  24.7  533  24.6  39.3  22.8  73.0  40.0 1534  30.9   7.0   4.9 -9.00  998.7 1009.5 1010.7  705 1007.8 1742  0.3 12.9 14.0 -9.0 27.33  3.46 1200   -9.0   -9.0 -9.00   -9.0   -9   -9.0   -9   -9.0   -9   -9.0   -9   -9.0   -9 -99.0 -99.0 -99.0 -99.0 -99.0
20260803 138  2.0  1692   5  3.6 1417   5  5.8 1601  28.8  31.8 1059  26.6  444  24.0  39.3  22.8  75.8  66.0  516  30.0   6.6   4.6 -9.00 1010.3 1010.7 1011.9 2109 1009.1   20  1.8 11.5 13.9 -9.0 26.23  3.37 1200   -9.0    0.0 -9.00   -9.0   -9   -9.0   -9   -9.0   -9   -9.0   -9   -9.0   -9  28.1  23.5  21.8  18.3  16.5
20260803 140  1.4  1246  27  4.2 1610  27  5.5 1604  30.1  35.1 1341  25.4  546  25.7  37.2  22.5  78.8  55.0 1355  33.0  -9.0  -9.0 -9.00 1008.0 1011.1 1012.1  758 1010.1 1854  0.0 13.1 13.9 -9.0 -9.00 -9.00   -9   -9.0   -9.0 -9.00   -9.0   -9   -9.0   -9   -9.0   -9   -9.0   -9   -9.0   -9 -99.0 -99.0 -99.0 -99.0 -99.0
20260803 143  1.6  1392  11  4.4 2205   9  8.3 2157  31.9  39.6 1536  26.6  537  21.9  40.0  24.2  58.1  29.0 1419  26.3   7.7   5.4 -9.00 1003.4 1009.5 1011.1 2200 1006.9 1540  2.5 10.1 13.9 -9.0 24.41  3.36 1300   -9.0   -9.0 -9.00   -9.0   -9   -9.0   -9   -9.0   -9   -9.0   -9   -9.0   -9 -99.0 -99.0 -99.0 -99.0 -99.0
20260803 146  1.6  1375  32  3.8 1638  32  6.8 1611  31.8  37.9 1547  26.0  551  24.0  37.2  21.6  66.8  40.0 1418  30.0   8.8   6.2 -9.00 1003.2 1010.0 1011.1  615 1008.5 1541  0.0 12.9 13.9 -9.0 27.51  3.40 1200   -9.0   -9.0 -9.00   -9.0   -9   -9.0   -9   -9.0   -9   -9.0   -9   -9.0   -9 -99.0 -99.0 -99.0 -99.0 -99.0
20260803 152  2.2  1877  11  4.9 1353  11  8.3 1324  29.3  33.8 1242  25.5  538  22.8  38.3  24.0  69.1  51.0 1128  27.8   7.8   5.5 -9.00 1001.0 1010.1 1011.4 2142 1008.8    1  1.3 12.6 13.9 -9.0 27.10  3.40 1200   -9.0   -9.0 -9.00   -9.0   -9   -9.0   -9   -9.0   -9   -9.0   -9   -9.0   -9 -99.0 -99.0 -99.0 -99.0 -99.0
20260803 155  1.9  1655  18  5.2 1256  18  8.1 1436  30.5  36.8 1102  27.1  401  23.3  37.3  23.3  66.9  47.0 1103  28.6   7.8   5.5 -9.00 1006.3 1010.3 1011.3 2222 1009.1    1  2.1 12.3 13.9 -9.0 26.38  3.33 1200   -9.0   -9.0 -9.00   -9.0   -9   -9.0   -9   -9.0   -9   -9.0   -9   -9.0   -9 -99.0 -99.0 -99.0 -99.0 -99.0
20260803 156  1.4  1223  27  3.2 1754  29  7.3 1748  32.0  38.8 1547  26.2  559  24.9  38.5  22.8  68.3  36.0 1557  31.4   7.9   5.6 -9.00 1001.9 1009.7 1010.8  635 1008.0 1641  1.0 12.3 13.9 -9.0 26.24  3.47 1200   -9.0   -9.0 -9.00   -9.0   -9   -9.0   -9   -9.0   -9   -9.0   -9   -9.0   -9 -99.0 -99.0 -99.0 -99.0 -99.0
20260803 159  2.0  1734  14  4.3 1324  14  8.0 1324  31.4  35.4 1116  28.5  507  23.5  37.4  23.4  64.0  50.0 1108  29.1   8.9   6.2 -9.00 1002.0 1009.8 1010.7 2134 1008.5    1  1.0 11.9 13.9 -9.0 27.79  3.52 1200   -9.0   -9.0 -9.00   -9.0   -9   -9.0   -9   -9.0   -9   -9.0   -9   -9.0   -9  29.9  26.2  24.0  18.7  17.9
20260803 162  1.9  1616  20  4.4 1424  18  6.7 1424  30.1  35.9 1407  25.6  459  22.9  35.3  22.0  66.9  48.0 1217  28.0   8.3   5.8 -9.00 1005.8 1009.3 1010.2 2126 1008.1 1618  1.5 11.6 13.8 -9.0 26.70  3.40 1200   -9.0   -9.0 -9.00   -9.0   -9   -9.0   -9   -9.0   -9   -9.0   -9   -9.0   -9 -99.0 -99.0 -99.0 -99.0 -99.0
20260803 165  2.3  1994  29  4.8 1650  29  6.9 1642  29.9  34.9 1556  25.5  603  25.5  38.4  22.1  78.8  57.0 1434  32.6   7.8   5.5 -9.00 1005.4 1010.4 1011.4 2311 1009.5 1610  0.5 12.7 13.9 -9.0 27.45  3.41 1200   -9.0   -9.0 -9.00   -9.0   -9   -9.0   -9   -9.0   -9   -9.0   -9   -9.0   -9  30.0  26.4  24.5  20.3  17.2
20260803 168  2.0  1739  18  4.2 1609   9  6.2  638  30.8  34.9 1338  27.7  543  23.0  36.7  26.4  63.9  51.0 1253  28.1   8.2   5.8 -9.00 1003.0 1010.3 1011.3 2355 1009.1    1  1.3 12.4 13.8 -9.0 27.18  3.44 1200   -9.0   -9.0 -9.00   -9.0   -9   -9.0   -9   -9.0   -9   -9.0   -9   -9.0   -9  31.8  27.4  24.3  19.5  17.4
20260803 169  2.9  2499  32  4.7  613  36  5.9  952  29.3  33.2 1130  25.8  355  26.0  34.4  23.9  83.1  66.0 1602  33.6   7.6   5.3 -9.00 1002.3 1010.7 1011.5 2309 1009.8  150  0.3 12.6 13.8 -9.0 27.79  3.41 1200   -9.0   -9.0 -9.00   -9.0   -9   -9.0   -9   -9.0   -9   -9.0   -9   -9.0   -9 -99.0 -99.0 -99.0 -99.0 -99.0
20260803 170  1.5  1333   9  3.2 1130  16  5.0 1734  30.7  37.6 1519  25.3  526  24.2  39.3  24.9  70.5  47.0 1334  30.2   8.2   5.7 -9.00 1006.5 1010.5 1011.4 2215 1009.4  236  0.8 12.7 13.8 -9.0 27.34  3.45 1200   -9.0   -9.0 -9.00   -9.0   -9   -9.0   -9   -9.0   -9   -9.0   -9   -9.0   -9 -99.0 -99.0 -99.0 -99.0 -99.0
20260803 172  1.8  1530  29  5.0 1504  29  7.2 1437  30.0  37.1 1354  23.5  536  24.5  33.7  20.8  75.6  43.0 1339  30.8   8.9   6.2 -9.00 1003.9 1009.8 1010.8  710 1008.5 1540  1.5 13.0 13.9 -9.0 28.56  3.62 1300   -9.0   -9.0 -9.00   -9.0   -9   -9.0   -9   -9.0   -9   -9.0   -9   -9.0   -9 -99.0 -99.0 -99.0 -99.0 -99.0
20260803 174  1.1   928  18  3.5 1521  16  5.7 1512  29.1  36.5 1455  23.2  544  23.2  37.5  23.4  73.3  41.0 1424  28.4  -9.0  -9.0 -9.00  990.2 1008.6 1010.0 2328 1006.7 1522  1.6 11.0 13.9 -9.0 -9.00 -9.00   -9   -9.0   -9.0 -9.00   -9.0   -9   -9.0   -9   -9.0   -9   -9.0   -9   -9.0   -9 -99.0 -99.0 -99.0 -99.0 -99.0
20260803 177  1.5  1264   2  3.6 1145  27  5.3 1314  29.7  36.5 1656  23.4  535  24.6  37.0  21.8  75.9  50.0 1619  31.0   7.8   5.4 -9.00 1006.2 1009.3 1010.3  737 1008.1 1613  0.3 13.0 14.0 -9.0 27.17  3.39 1200   -9.0   -9.0 -9.00   -9.0   -9   -9.0   -9   -9.0   -9   -9.0   -9   -9.0   -9 -99.0 -99.0 -99.0 -99.0 -99.0
20260803 181  1.0   886   2  3.0 1331  29  5.1 1719  29.1  35.5 1525  22.5  513  23.3  32.1  21.3  73.4  46.0 1446  28.7   4.2   2.9 -9.00 1006.9 1010.6 1011.8  818 1009.3 1657  0.0 -9.0 14.0 -9.0 -9.00  3.00 1400   -9.0   -9.0 -9.00   -9.0   -9   -9.0   -9   -9.0   -9   -9.0   -9   -9.0   -9 -99.0 -99.0 -99.0 -99.0 -99.0
20260803 184  2.7  2305   5  5.2 1544   5  8.1 1525  30.3  33.2 1455  26.7  438  22.7  38.7  23.4  64.9  49.0  338  28.2   6.9   4.8 -9.00 1007.3 1009.6 1010.5 2249 1008.5 1627  1.9 13.1 13.8 -9.0 23.44  3.08 1200   -9.0   -9.0 -9.00   -9.0   -9   -9.0   -9   -9.0   -9   -9.0   -9   -9.0   -9  31.7  29.8  28.2  24.7  18.9
20260803 185  3.6  3117  29  6.9  916  34  9.6  825  28.1  31.2 1807  25.1  413  24.3  34.8  24.2  80.6  65.0 1801  30.4   6.7   4.7 -9.00 1001.7 1009.8 1010.7 2312 1008.7 1601  1.9 12.1 13.7 -9.0 26.62  3.44 1200   -9.0   -9.0 -9.00   -9.0   -9   -9.0   -9   -9.0   -9   -9.0   -9   -9.0   -9 -99.0 -99.0 -99.0 -99.0 -99.0
20260803 188  2.0  1712   5  4.2 1714  29  6.9  909  30.0  35.4 1133  23.1  358  23.6  37.1  22.1  70.0  46.0 1056  29.2  -9.0  -9.0 -9.00 1007.9 1010.2 1011.3 2322 1009.4  246  1.3 12.9 13.8 -9.0 -9.00 -9.00   -9   -9.0   -9.0 -9.00   -9.0   -9   -9.0   -9   -9.0   -9   -9.0   -9   -9.0   -9 -99.0 -99.0 -99.0 -99.0 -99.0
20260803 189  1.5  1313  23  2.9 1042   9  5.1 1851  31.2  35.7 1657  26.6  432  21.8  39.0  22.7  57.9  49.0 1842  26.4   8.4   5.9 -9.00 1004.3 1010.1 1011.0 2359 1009.1 1635  2.6 12.6 13.7 -9.0 27.28  3.40 1200   -9.0   -9.0 -9.00   -9.0   -9   -9.0   -9   -9.0   -9   -9.0   -9   -9.0   -9 -99.0 -99.0 -99.0 -99.0 -99.0
20260803 192  0.8   695  20  3.2 1613  20  6.9 1613  30.9  38.8 1342  24.5  543  24.0  38.7  22.2  69.4  41.0 1331  29.8   7.2   5.1 -9.00 1006.7 1010.0 1011.2 2230 1008.3 1455  1.5 10.9 13.9 -9.0 24.72  3.31 1100   -9.0   -9.0 -9.00   -9.0   -9   -9.0   -9   -9.0   -9   -9.0   -9   -9.0   -9 -99.0 -99.0 -99.0 -99.0 -99.0
20260803 201  1.2  1060  32  3.4 1700  29  6.2 1655  28.6  33.9 1426  23.6  537  25.7  32.2  21.7  85.8  60.0 1432  33.1  -9.0  -9.0 -9.00 1006.2 1011.6 1012.7  753 1010.6 1749  0.0  8.5 14.0 -9.0 -9.00 -9.00   -9   -9.0   -9.0 -9.00   -9.0   -9   -9.0   -9   -9.0   -9   -9.0   -9   -9.0   -9 -99.0 -99.0 -99.0 -99.0 -99.0
20260803 202  1.1   917  29  2.2 1727  27  4.1 1455  29.9  36.0 1545  24.4  529  24.1  37.8  22.4  73.3  49.0 1601  30.1  -9.0  -9.0 -9.00 1005.5 1010.8 1012.1  738 1009.3 1820  0.0 12.3 14.0 -9.0 -9.00 -9.00   -9   -9.0   -9.0 -9.00   -9.0   -9   -9.0   -9   -9.0   -9   -9.0   -9   -9.0   -9 -99.0 -99.0 -99.0 -99.0 -99.0
20260803 203  0.6   513  25  1.5 2113  23  2.7 1655  30.1  36.5 1606  23.6  552  25.0  32.3  22.8  76.9  47.0 1551  31.8  -9.0  -9.0 -9.00 1002.1 1011.0 1012.4  738 1009.5 1811  0.0 10.5 14.0 -9.0 -9.00 -9.00   -9   -9.0   -9.0 -9.00   -9.0   -9   -9.0   -9   -9.0   -9   -9.0   -9   -9.0   -9 -99.0 -99.0 -99.0 -99.0 -99.0
20260803 211  1.3  1152   2  4.0 1703   5  8.5 1552  28.7  35.9 1515  24.0  253  23.5  35.8  22.4  75.6  46.0 1238  28.9  -9.0  -9.0 -9.00  988.3 1010.8 1012.2 2149 1008.5 1535  1.0  8.2 14.1 -9.0 -9.00 -9.00   -9   -9.0   -9.0 -9.00   -9.0   -9   -9.0   -9   -9.0   -9   -9.0   -9   -9.0   -9 -99.0 -99.0 -99.0 -99.0 -99.0
20260803 212  1.0   870  29  2.5 1553  32  4.8 1632  30.3  36.9 1534  24.6  609  23.7  35.6  23.8  70.9  44.0 1535  29.3  -9.0  -9.0 -9.00  995.3 1011.0 1012.5  659 1009.1 1629  0.6 10.1 14.0 -9.0 -9.00 -9.00   -9   -9.0   -9.0 -9.00   -9.0   -9   -9.0   -9   -9.0   -9   -9.0   -9   -9.0   -9 -99.0 -99.0 -99.0 -99.0 -99.0
20260803 216  1.7  1426   2  4.6 1519   5  7.8 1414  26.3  33.2 1243  20.3  545  21.9  32.6  19.8  78.6  48.0 1204  26.3   6.4   4.5 -9.00  933.4 1011.3 1013.0 2135 1008.9 1310  2.0 10.5 14.0 -9.0 25.11  3.50 1200   -9.0   -9.0 -9.00   -9.0   -9   -9.0   -9   -9.0   -9   -9.0   -9   -9.0   -9 -99.0 -99.0 -99.0 -99.0 -99.0
20260803 217  1.0   905   5  3.7 1659   5  6.1 1700  28.9  38.5 1426  23.0  230  23.5  36.8  22.6  74.9  44.0 1427  29.0  -9.0  -9.0 -9.00  976.6 1011.2 1013.1  712 1008.3 1426  2.3  9.4 14.0 -9.0 -9.00 -9.00   -9   -9.0   -9.0 -9.00   -9.0   -9   -9.0   -9   -9.0   -9   -9.0   -9   -9.0   -9 -99.0 -99.0 -99.0 -99.0 -99.0
20260803 221  0.9   795   5  2.6 2335   7  4.4 2333  28.7  35.6 1519  21.9  520  23.2  37.0  20.4  76.0  40.0 1512  28.6  -9.0  -9.0 -9.00  981.2 1010.7 1012.3  706 1008.6 1538  0.1 12.3 14.0 -9.0 -9.00 -9.00   -9   -9.0   -9.0 -9.00   -9.0   -9   -9.0   -9   -9.0   -9   -9.0   -9   -9.0   -9 -99.0 -99.0 -99.0 -99.0 -99.0
20260803 226  0.4   387  25  1.7 1113  27  3.3 1439  28.2  34.3 1435  22.6  459  24.2  31.9  19.7  81.6  55.0 1438  30.3  -9.0  -9.0 -9.00  991.6 1010.8 1012.2  727 1009.1 1746  0.0  8.5 13.9 -9.0 -9.00 -9.00   -9   -9.0   -9.0 -9.00   -9.0   -9   -9.0   -9   -9.0   -9   -9.0   -9   -9.0   -9 -99.0 -99.0 -99.0 -99.0 -99.0
20260803 232  0.7   638   9  2.4 1323  36  4.4 1829  29.1  35.6 1613  22.3  554  24.1  35.6  20.8  77.6  46.0 1442  30.2  -9.0  -9.0 -9.00 1001.7 1011.3 1012.3  623 1009.9 1626  0.0 12.8 14.0 -9.0 -9.00 -9.00   -9   -9.0   -9.0 -9.00   -9.0   -9   -9.0   -9   -9.0   -9   -9.0   -9   -9.0   -9 -99.0 -99.0 -99.0 -99.0 -99.0
20260803 235  1.2  1078  36  2.9 1124   2  5.8 1257  30.7  37.3 1508  24.6  605  24.9  36.3  22.7  73.4  51.0 1250  31.5   7.7   5.4 -9.00 1008.8 1009.9 1010.8  846 1009.0 1817  0.0 11.7 13.9 -9.0 27.13  3.36 1200   -9.0   -9.0 -9.00   -9.0   -9   -9.0   -9   -9.0   -9   -9.0   -9   -9.0   -9 -99.0 -99.0 -99.0 -99.0 -99.0
20260803 236  0.6   576   7  2.6 1503   5  5.3 1456  29.9  36.5 1557  23.4  537  23.9  35.9  21.4  73.9  43.0 1509  29.8  -9.0  -9.0 -9.00 1009.3 1010.8 1011.9  807 1009.6 1815  0.0 13.1 13.9 -9.0 -9.00 -9.00   -9   -9.0   -9.0 -9.00   -9.0   -9   -9.0   -9   -9.0   -9   -9.0   -9   -9.0   -9 -99.0 -99.0 -99.0 -99.0 -99.0
20260803 238  0.9   737  29  2.3 1418   7  6.5 1230  29.5  37.0 1450  22.9  545  23.5  36.0  20.7  74.1  43.0 1241  29.0  -9.0  -9.0 -9.00  991.0 1010.0 1011.5  717 1008.2 1555  1.3 10.9 13.9 -9.0 -9.00 -9.00   -9   -9.0   -9.0 -9.00   -9.0   -9   -9.0   -9   -9.0   -9   -9.0   -9   -9.0   -9 -99.0 -99.0 -99.0 -99.0 -99.0
20260803 239  1.0   874  32  3.1 1701  32  6.0 1636  29.7  36.1 1553  23.7  543  23.7  37.2  22.7  72.6  38.0 1552  29.3   7.6   5.3 -9.00  999.9 1009.9 1011.0  559 1008.3 1551  0.5 11.6 13.9 -9.0 26.90  3.39 1200   -9.0   -9.0 -9.00   -9.0   -9   -9.0   -9   -9.0   -9   -9.0   -9   -9.0   -9 -99.0 -99.0 -99.0 -99.0 -99.0
20260803 243  1.2  1075  29  3.5 1448  32  6.7 1554  30.0  36.6 1332  24.9  527  24.5  35.2  21.8  74.6  42.0 1316  30.8  -9.0  -9.0 -9.00 1009.3 1010.7 1011.6  957 1009.7 1546  0.0 12.6 13.9 -9.0 -9.00 -9.00   -9   -9.0   -9.0 -9.00   -9.0   -9   -9.0   -9   -9.0   -9   -9.0   -9   -9.0   -9 -99.0 -99.0 -99.0 -99.0 -99.0
20260803 244  0.8   724  32  2.3 1223  34  4.6 1709  29.4  36.6 1445  22.7  505  22.8  32.3  21.0  72.0  35.0 1440  27.9  -9.0  -9.0 -9.00  982.5 1009.9 1011.4  627 1008.1 1545  1.3 12.5 13.9 -9.0 -9.00 -9.00   -9   -9.0   -9.0 -9.00   -9.0   -9   -9.0   -9   -9.0   -9   -9.0   -9   -9.0   -9 -99.0 -99.0 -99.0 -99.0 -99.0
20260803 245  1.9  1652  34  4.6 1428  36  7.4 1425  30.8  37.8 1552  24.5  516  24.4  36.7  21.6  71.6  41.0 1553  30.6   8.5   6.0 -9.00 1002.5 1010.2 1011.2  739 1008.9 1538  0.0 13.0 13.9 -9.0 27.00  3.44 1200   -9.0   -9.0 -9.00   -9.0   -9   -9.0   -9   -9.0   -9   -9.0   -9   -9.0   -9 -99.0 -99.0 -99.0 -99.0 -99.0
20260803 247  1.3  1154  29  3.4 1630  29  5.4 1348  31.1  38.5 1519  24.4  510  23.9  36.5  23.1  68.6  36.0 1505  29.8  -9.0  -9.0 -9.00  994.8 1009.7 1011.0  627 1007.9 1618  0.5 13.1 13.9 -9.0 -9.00 -9.00   -9   -9.0   -9.0 -9.00   -9.0   -9   -9.0   -9   -9.0   -9   -9.0   -9   -9.0   -9 -99.0 -99.0 -99.0 -99.0 -99.0
20260803 248  0.7   623  27  2.8 1515  34  4.1 1558  27.8  34.9 1528  21.3  333  23.0  35.1  19.7  78.4  46.0 1630  28.1  -9.0  -9.0 -9.00  965.6 1010.6 1012.5  637 1008.5 1537  0.3  9.6 13.9 -9.0 -9.00 -9.00   -9   -9.0   -9.0 -9.00   -9.0   -9   -9.0   -9   -9.0   -9   -9.0   -9   -9.0   -9 -99.0 -99.0 -99.0 -99.0 -99.0
20260803 251  1.5  1284  32  3.8 1726  34  6.8 1025  30.0  37.6 1535  23.5  412  25.1  34.7  22.0  78.0  47.0 1531  31.9   7.5   5.3 -9.00 1004.3 1009.9 1010.9  617 1008.4 1542  1.0 12.8 13.9 -9.0 25.73  3.27 1200   -9.0   -9.0 -9.00   -9.0   -9   -9.0   -9   -9.0   -9   -9.0   -9   -9.0   -9 -99.0 -99.0 -99.0 -99.0 -99.0
20260803 252  1.2  1047  34  3.4 1637  27  6.4 1423  29.6  36.6 1317  23.9  640  24.8  34.7  21.7  77.6  48.0 1328  31.2   7.7   5.4 -9.00 1005.9 1010.1 1010.9  643 1009.1 1522  0.5 11.9 13.9 -9.0 27.43  3.51 1200   -9.0   -9.0 -9.00   -9.0   -9   -9.0   -9   -9.0   -9   -9.0   -9   -9.0   -9 -99.0 -99.0 -99.0 -99.0 -99.0
20260803 253  1.5  1283  14  4.0 1531  16  7.1 1421  32.3  38.9 1221  27.1  607  24.0  39.8  24.2  63.1  44.0 1314  29.9   8.4   5.9 -9.00 1004.7 1010.8 1011.8 2139 1009.5 1528  2.0 11.8 13.9 -9.0 26.03  3.39 1200   -9.0   -9.0 -9.00   -9.0   -9   -9.0   -9   -9.0   -9   -9.0   -9   -9.0   -9 -99.0 -99.0 -99.0 -99.0 -99.0
20260803 254  1.5  1308  32  4.9 1816  32  6.9 1810  30.7  38.7 1538  24.1  549  23.1  38.2  22.4  68.0  32.0 1551  28.3   8.9   6.2 -9.00  995.8 1010.2 1011.5  619 1008.2 1650  0.5 12.8 13.9 -9.0 28.55  3.56 1200   -9.0   -9.0 -9.00   -9.0   -9   -9.0   -9   -9.0   -9   -9.0   -9   -9.0   -9 -99.0 -99.0 -99.0 -99.0 -99.0
20260803 255  1.1   945  32  2.3  839  20  5.0 1504  32.2  38.6 1525  27.7  519  23.8  37.2  22.6  62.5  44.0 1112  29.5   5.8   4.0 -9.00 1003.8 1009.5 1010.7 2232 1008.0 1516  2.0  9.6 13.9 -9.0 19.13  2.60 1000   -9.0   -9.0 -9.00   -9.0   -9   -9.0   -9   -9.0   -9   -9.0   -9   -9.0   -9 -99.0 -99.0 -99.0 -99.0 -99.0
20260803 257  2.1  1822  14  4.5 1538  11  8.9 1240  32.7  39.4 1430  28.0  556  24.6  38.4  25.7  64.3  44.0 1341  31.0   8.1   5.7 -9.00 1009.3 1010.0 1011.3 2303 1008.5 1427  2.1  9.7 13.9 -9.0 23.77  3.14 1300   -9.0   -9.0 -9.00   -9.0   -9   -9.0   -9   -9.0   -9   -9.0   -9   -9.0   -9 -99.0 -99.0 -99.0 -99.0 -99.0
20260803 258  1.5  1297  23  3.9 1458  23  4.9 1455  30.3  36.3 1354  25.5  534  25.2  32.9  25.0  75.9  51.0 1248  32.1   7.6   5.3 -9.00 1010.2 1010.4 1011.5 2218 1009.1 1520  0.8 11.9 13.8 -9.0 26.86  3.40 1200   -9.0   -9.0 -9.00   -9.0   -9   -9.0   -9   -9.0   -9   -9.0   -9   -9.0   -9 -99.0 -99.0 -99.0 -99.0 -99.0
20260803 259  1.0   891  20  2.9 1533  20  5.0 1513  30.7  36.8 1251  24.8  533  25.1  36.2  23.9  74.4  51.0 1220  31.9   7.5   5.2 -9.00 1008.1 1009.9 1010.9 2221 1008.7 1545  0.5 10.5 13.8 -9.0 25.96  3.32 1300   -9.0   -9.0 -9.00   -9.0   -9   -9.0   -9   -9.0   -9   -9.0   -9   -9.0   -9 -99.0 -99.0 -99.0 -99.0 -99.0
20260803 260  1.4  1200  14  4.3 1627  16  6.8 1512  30.0  36.4 1336  24.6  545  25.1  37.9  23.7  76.4  50.0 1258  31.8  -9.0  -9.0 -9.00 1005.0 1009.9 1011.0 2318 1008.6 1542  0.6 11.6 13.8 -9.0 -9.00 -9.00   -9   -9.0   -9.0 -9.00   -9.0   -9   -9.0   -9   -9.0   -9   -9.0   -9   -9.0   -9 -99.0 -99.0 -99.0 -99.0 -99.0
20260803 261  1.2  1059  27  4.9 1638  27  6.3 1630  29.9  36.7 1517  24.1  530  25.9  39.0  23.1  80.6  54.0 1206  33.5  -9.0  -9.0 -9.00 1008.6 1010.4 1011.4 2214 1009.3 1506  0.4 11.0 13.8 -9.0 -9.00 -9.00   -9   -9.0   -9.0 -9.00   -9.0   -9   -9.0   -9   -9.0   -9   -9.0   -9   -9.0   -9 -99.0 -99.0 -99.0 -99.0 -99.0
20260803 262  1.1   950  27  4.0 1506  32  6.3 1408  30.8  37.7 1220  25.2  538  24.2  37.9  25.9  70.4  45.0 1420  30.3   7.7   5.4 -9.00 1004.3 1010.1 1011.2 2141 1009.0 1523  0.6 12.1 13.8 -9.0 26.03  3.38 1200   -9.0   -9.0 -9.00   -9.0   -9   -9.0   -9   -9.0   -9   -9.0   -9   -9.0   -9 -99.0 -99.0 -99.0 -99.0 -99.0
20260803 263  1.2  1034  20  5.0 1607  20  7.7 1604  31.7  40.8 1532  24.6  541  24.1  40.8  22.0  67.8  34.0 1444  30.0   8.3   5.8 -9.00 1008.2 1009.8 1011.1 2233 1007.5 1548  1.1 10.8 13.9 -9.0 26.91  3.51 1200   -9.0   -9.0 -9.00   -9.0   -9   -9.0   -9   -9.0   -9   -9.0   -9   -9.0   -9 -99.0 -99.0 -99.0 -99.0 -99.0
20260803 264  1.1   920  16  3.5 1941  34  6.2 1632  31.0  40.3 1620  23.4  550  23.8  38.0  21.9  69.9  26.0 1551  29.6   8.6   6.0 -9.00  993.1 1010.0 1011.7  549 1007.4 1604  0.5 12.1 13.9 -9.0 28.55  3.62 1200   -9.0   -9.0 -9.00   -9.0   -9   -9.0   -9   -9.0   -9   -9.0   -9   -9.0   -9 -99.0 -99.0 -99.0 -99.0 -99.0
20260803 266  1.3  1125  18  3.0 1320  20  6.6 1620  32.3  38.7 1352  27.4  536  23.8  41.6  25.2  62.8  40.0 1354  29.5   8.1   5.7 -9.00 1000.5 1010.3 1011.5 2215 1009.0 1541  1.0 12.0 13.9 -9.0 26.01  3.40 1200   -9.0   -9.0 -9.00   -9.0   -9   -9.0   -9   -9.0   -9   -9.0   -9   -9.0   -9 -99.0 -99.0 -99.0 -99.0 -99.0
20260803 268  1.3  1081  32  3.6 1600  20  6.0 1207  29.1  35.2 1240  24.0  256  25.0  38.8  21.9  80.1  54.0 1235  31.6  -9.0  -9.0 -9.00 1008.0 1009.1 1010.0 2207 1008.3  147  0.5 11.2 13.8 -9.0 -9.00 -9.00   -9   -9.0   -9.0 -9.00   -9.0   -9   -9.0   -9   -9.0   -9   -9.0   -9   -9.0   -9 -99.0 -99.0 -99.0 -99.0 -99.0
20260803 271  0.9   761  11  2.6 2210  27  4.7 1333  28.3  36.2 1443  21.7  532  22.6  35.5  19.6  74.5  42.0 1445  27.5  -9.0  -9.0 -9.00  975.0 1011.1 1012.5  652 1008.8 1443  2.1  8.7 14.0 -9.0 -9.00 -9.00   -9   -9.0   -9.0 -9.00   -9.0   -9   -9.0   -9   -9.0   -9   -9.0   -9   -9.0   -9 -99.0 -99.0 -99.0 -99.0 -99.0
20260803 272  1.1   981  32  2.4   53  16  4.8 1206  29.3  36.0 1512  22.8  507  23.0  39.0  21.0  72.9  42.0 1442  28.2  -9.0  -9.0 -9.00  987.1 1010.7 1011.8  716 1008.7 1614  0.8 12.9 14.0 -9.0 -9.00 -9.00   -9   -9.0   -9.0 -9.00   -9.0   -9   -9.0   -9   -9.0   -9   -9.0   -9   -9.0   -9 -99.0 -99.0 -99.0 -99.0 -99.0
20260803 273  1.1   918   9  2.3 1353   9  5.4 1346  29.6  36.0 1629  23.5  604  24.9  37.5  21.0  78.1  52.0 1405  31.5  -9.0  -9.0 -9.00  990.7 1010.0 1011.1 2348 1008.3 1743  0.1 12.1 14.0 -9.0 -9.00 -9.00   -9   -9.0   -9.0 -9.00   -9.0   -9   -9.0   -9   -9.0   -9   -9.0   -9   -9.0   -9 -99.0 -99.0 -99.0 -99.0 -99.0
20260803 276  1.4  1194  14  4.0 1437  11  7.9 1428  29.5  37.9 1332  21.6  536  24.1  36.3  18.9  76.0  42.0 1214  30.1   7.1   5.0 -9.00  987.0 1010.2 1011.5  625 1007.9 1458  2.4 10.8 14.0 -9.0 24.48  3.81 1200   -9.0   -9.0 -9.00   -9.0   -9   -9.0   -9   -9.0   -9   -9.0   -9   -9.0   -9 -99.0 -99.0 -99.0 -99.0 -99.0
20260803 277  2.5  2173   5  5.6 1833  11  8.9 1708  28.2  33.4 1312  23.2  538  23.9  37.7  22.0  78.3  62.0  959  29.7  -9.0  -9.0 -9.00 1006.8 1011.4 1012.5 2046 1009.9  108  1.3 11.7 14.0 -9.0 -9.00 -9.00   -9   -9.0   -9.0 -9.00   -9.0   -9   -9.0   -9   -9.0   -9   -9.0   -9   -9.0   -9 -99.0 -99.0 -99.0 -99.0 -99.0
20260803 278  1.0   879  32  2.9 1443  25  4.9 1404  30.7  38.4 1539  23.6  545  23.9  40.5  21.5  71.0  35.0 1609  29.6  -9.0  -9.0 -9.00 1000.4 1009.4 1010.8  711 1007.4 1613  0.3 12.5 13.9 -9.0 -9.00 -9.00   -9   -9.0   -9.0 -9.00   -9.0   -9   -9.0   -9   -9.0   -9   -9.0   -9   -9.0   -9 -99.0 -99.0 -99.0 -99.0 -99.0
20260803 279  1.2  1057  11  3.3 2159  16  5.2 2243  31.9  38.7 1511  25.1  534  23.1  40.3  23.6  62.8  35.0 1608  28.3   8.1   5.7 -9.00 1004.4 1009.9 1011.1  647 1008.0 1751  0.5 12.3 13.9 -9.0 26.98  3.34 1100   -9.0   -9.0 -9.00   -9.0   -9   -9.0   -9   -9.0   -9   -9.0   -9   -9.0   -9 -99.0 -99.0 -99.0 -99.0 -99.0
20260803 281  1.7  1485  11  4.7 1710  11  7.6 1710  29.6  36.7 1307  23.4  550  22.9  39.0  21.5  69.4  41.0 1258  27.9  -9.0  -9.0 -9.00 1000.3 1011.1 1012.5 2202 1009.2 1451  1.9 12.1 13.9 -9.0 -9.00 -9.00   -9   -9.0   -9.0 -9.00   -9.0   -9   -9.0   -9   -9.0   -9   -9.0   -9   -9.0   -9 -99.0 -99.0 -99.0 -99.0 -99.0
20260803 283  2.5  2187  36  6.3 1714  36 10.2 1707  30.2  37.5 1511  24.2  526  23.5  38.1  22.6  69.6  46.0 1212  28.9   8.5   5.9 -9.00 1006.4 1010.9 1012.4 2132 1009.0 1528  1.3 12.5 13.9 -9.0 27.14  3.56 1200   -9.0   -9.0 -9.00   -9.0   -9   -9.0   -9   -9.0   -9   -9.0   -9   -9.0   -9 -99.0 -99.0 -99.0 -99.0 -99.0
20260803 284  1.6  1342  14  4.3 2026   2  7.0 1750  31.0  40.2 1607  22.8  535  22.9  40.1  19.4  66.5  30.0 1422  28.1   8.9   6.3 -9.00  984.5 1009.8 1011.8  621 1007.1 1620  0.0 12.9 13.9 -9.0 27.74  3.39 1300   -9.0   -9.0 -9.00   -9.0   -9   -9.0   -9   -9.0   -9   -9.0   -9   -9.0   -9 -99.0 -99.0 -99.0 -99.0 -99.0
20260803 285  0.8   695  18  2.6 1825  20  5.8 1753  31.9  40.2 1511  24.4  525  23.6  41.1  24.0  65.5  30.0 1652  29.2  -9.0  -9.0 -9.00 1007.1 1010.0 1011.5  802 1007.8 1730  0.3 -9.0 13.9 -9.0 -9.00 -9.00   -9   -9.0   -9.0 -9.00   -9.0   -9   -9.0   -9   -9.0   -9   -9.0   -9   -9.0   -9 -99.0 -99.0 -99.0 -99.0 -99.0
20260803 288  1.7  1460  16  4.7 1551  18  8.8 1629  32.7  41.0 1517  25.7  541  23.7  38.5  26.1  62.4  36.0 1500  29.4   8.6   6.0 -9.00 1007.4 1008.3 1009.7 2346 1006.1 1537  2.0 11.4 13.9 -9.0 26.80  3.56 1200   -9.0   -9.0 -9.00   -9.0   -9   -9.0   -9   -9.0   -9   -9.0   -9   -9.0   -9 -99.0 -99.0 -99.0 -99.0 -99.0
20260803 289  1.4  1249   5  4.3 1934   5  8.4 2052  31.1  39.4 1557  24.3  533  23.8  37.8  21.3  68.3  33.0 1424  29.5  -9.0  -9.0 -9.00  995.3 1010.7 1012.2  607 1008.3 1647  1.3 11.3 13.9 -9.0 -9.00 -9.00   -9   -9.0   -9.0 -9.00   -9.0   -9   -9.0   -9   -9.0   -9   -9.0   -9   -9.0   -9 -99.0 -99.0 -99.0 -99.0 -99.0
20260803 294  1.5  1323   7  3.8 1218   5  6.9 1150  29.7  35.0 1410  25.3  546  23.0  38.4  21.9  68.9  51.0 1225  28.1  -9.0  -9.0 -9.00 1006.0 1011.1 1011.9 2123 1009.9    1  1.9 12.2 13.9 -9.0 -9.00 -9.00   -9   -9.0   -9.0 -9.00   -9.0   -9   -9.0   -9   -9.0   -9   -9.0   -9   -9.0   -9 -99.0 -99.0 -99.0 -99.0 -99.0
20260803 295  1.1   957   9  2.5 1501   2  4.1 1053  30.4  37.0 1420  26.0  545  22.9  37.6  22.2  65.4  46.0 1421  27.9  -9.0  -9.0 -9.00 1005.2 1010.3 1011.3 2137 1009.1 1527  1.9 12.0 13.8 -9.0 -9.00 -9.00   -9   -9.0   -9.0 -9.00   -9.0   -9   -9.0   -9   -9.0   -9   -9.0   -9   -9.0   -9 -99.0 -99.0 -99.0 -99.0 -99.0
20260803 296  2.2  1861  11  4.9 1413  11  7.6 1317  31.9  37.9 1355  26.7  527  24.1  37.2  23.1  66.0  41.0 1357  30.1   8.6   6.1 -9.00 1008.9 1009.2 1010.4 2158 1008.0 1524  1.9 10.5 13.9 -9.0 25.54  3.38 1200   -9.0   -9.0 -9.00   -9.0   -9   -9.0   -9   -9.0   -9   -9.0   -9   -9.0   -9 -99.0 -99.0 -99.0 -99.0 -99.0
20260804  90  1.7  1472  36  3.1    1   2  4.3  505  27.3  29.9 1230  25.8  320  24.4  35.2  25.6  84.8  74.0 1354  30.5   6.0   4.2 -9.00 1010.4 1012.4 1013.9  701 1010.8 1942  3.5  9.0 14.1 -9.0 23.14  3.15 1300   -9.0   -9.0 -9.00   -9.0   -9   -9.0   -9   -9.0   -9   -9.0   -9   -9.0   -9 -99.0 -99.0 -99.0 -99.0 -99.0
20260804  93  1.0   885   7  3.0   18   7  5.0   12  31.2  37.6 1614  25.4  546  25.0  37.1  25.7  71.6  47.0 1615  31.6   7.5   5.3 -9.00  999.9 1010.6 1013.0  748 1008.0 1728  4.0 12.6 14.0 -9.0 26.57  3.33 1200   -9.0   -9.0 -9.00   -9.0   -9   -9.0   -9   -9.0   -9   -9.0   -9   -9.0   -9  30.8  27.7  25.0  21.3  18.7
20260804  95  1.4  1248  23  3.3 1652  11  6.2    9  30.2  35.4 1530  25.0  536  25.8  35.2  24.7  79.0  58.0 1525  33.3   7.3   5.1 -9.00  993.4 1010.8 1013.1  633 1008.4 1756  3.4 12.5 14.0 -9.0 26.80  3.44 1300   -9.0   -9.0 -9.00   -9.0   -9   -9.0   -9   -9.0   -9   -9.0   -9   -9.0   -9 -99.0 -99.0 -99.0 -99.0 -99.0
20260804  98  0.5   441   7  1.6 1132  27  4.1 1359  30.8  36.0 1340  26.2  437  24.1  39.5  25.0  69.3  49.0 1308  30.0   6.6   4.6 -9.00  997.1 1010.0 1012.1  739 1008.0 1729  2.9 10.7 14.0 -9.0 24.20  3.09 1100   -9.0   -9.0 -9.00   -9.0   -9   -9.0   -9   -9.0   -9   -9.0   -9   -9.0   -9 -99.0 -99.0 -99.0 -99.0 -99.0
20260804  99  1.1   992   9  3.1  808   7  4.7  416  30.2  35.9 1542  25.5  507  26.3  38.8  25.2  81.1  57.0 1537  34.3   6.6   4.6 -9.00 1007.3 1010.7 1012.9  845 1008.7 1748  2.3 11.9 14.0 -9.0 24.85  3.18 1300   -9.0   -9.0 -9.00   -9.0   -9   -9.0   -9   -9.0   -9   -9.0   -9   -9.0   -9 -99.0 -99.0 -99.0 -99.0 -99.0
20260804 100  1.6  1384   9  3.6 1602   9  6.2 1723  23.9  28.1 1412  21.1 2332  22.4  27.8  20.3  92.1  76.0 1404  27.1   3.9   2.7 -9.00  927.3 1012.0 1013.5  645 1010.3 1646  5.0  5.5 14.0 -9.0 16.66  2.17 1500    0.9   -9.0 -9.00    0.4  202    0.3  201   -9.0   -9   -9.0   -9   -9.0   -9 -99.0 -99.0 -99.0 -99.0 -99.0
20260804 101  1.9  1684  32  3.3 1711   5  5.0   30  31.2  37.6 1640  25.8  547  24.3  38.4  25.0  68.9  44.0 1545  30.4   8.1   5.7 -9.00 1001.0 1009.5 1011.9  607 1006.7 1727  4.0 12.5 14.0 -9.0 26.51  3.24 1200   -9.0   -9.0 -9.00   -9.0   -9   -9.0   -9   -9.0   -9   -9.0   -9   -9.0   -9  29.5  25.7  23.7  19.1  15.9
20260804 102  2.4  2045  32  5.4 1556  34  7.5 1551  27.5  32.1 1224  24.2  501  22.0  37.4  23.5  72.9  57.0 1105  26.5   7.9   5.5 -9.00 1006.2 1010.3 1011.7 1000 1008.8 1754  0.0 13.2 14.0 -9.0 28.15  3.43 1200   -9.0   -9.0 -9.00   -9.0   -9   -9.0   -9   -9.0   -9   -9.0   -9   -9.0   -9 -99.0 -99.0 -99.0 -99.0 -99.0
20260804 104  1.1   990  29  2.5  734   7  4.3 1426  27.1  30.3 1431  25.1 2323  25.6  32.3  24.7  91.8  80.0 1502  32.8   4.7   3.3 -9.00 1002.8 1011.3 1012.9  902 1009.8 2330  3.8  5.7 14.0 -9.0 18.53  2.85 1300    0.0   -9.0  0.20    0.0   -9    0.0   -9   -9.0   -9   -9.0   -9   -9.0   -9  29.0  25.6  22.8  17.7  14.5
20260804 105  1.6  1405  34  2.9  625   9  5.0 1406  27.8  30.5 1451  26.1  618  24.4  32.7  25.6  82.1  70.0 1449  30.5   4.0   2.8 -9.00 1009.2 1012.3 1013.9 1010 1010.7 2328  4.6  2.3 14.0 -9.0 13.11  2.09 1400    0.3   -9.0 -9.00    0.3  314    0.1   -9   -9.0   -9   -9.0   -9   -9.0   -9  29.7  26.2  24.2  18.9  16.2
20260804 106  2.0  1707  36  4.2 1004   2  7.0 1000  27.1  29.8 1444  25.4 2350  25.4  31.7  24.1  90.5  78.0 1648  32.4   3.6   2.5 -9.00 1007.9 1012.5 1013.9 1006 1011.0 2301  5.3  3.6 14.0 -9.0 13.84  2.41 1400    1.4   -9.0 -9.00    1.3 1116    0.5 1141   -9.0   -9   -9.0   -9   -9.0   -9 -99.0 -99.0 -99.0 -99.0 -99.0
20260804 108  2.3  1954  32  4.1 1648  32  7.2 1705  32.6  36.9 1616  28.9  551  25.2  37.2  25.9  65.8  53.0 1511  32.1   6.5   4.6 -9.00 1000.4 1010.0 1012.0  745 1007.8 1822  4.6  8.2 14.0 -9.0 19.36  2.58 1100   -9.0   -9.0 -9.00   -9.0   -9   -9.0   -9   -9.0   -9   -9.0   -9   -9.0   -9  28.7  26.1  24.9  20.1  15.7
20260804 112  1.9  1646  25  3.6 1313  25  6.1 1402  31.2  35.3 1517  28.2  554  27.5  33.3  25.4  81.8  68.0 1538  36.8   6.1   4.3 -9.00 1002.4 1010.1 1012.0  846 1008.0 1822  4.4  9.7 14.0 -9.0 20.60  2.31 1200   -9.0   -9.0 -9.00   -9.0   -9   -9.0   -9   -9.0   -9   -9.0   -9   -9.0   -9  27.6  25.6  19.2  22.8  15.7
20260804 114  1.4  1211  16  4.4 1620  16  8.8 1618  30.2  36.6 1435  26.9  553  24.6  35.2  25.5  73.5  47.0 1451  31.0   5.4   3.8 -9.00  993.4 1010.2 1012.1  701 1008.0 1527  4.4  6.3 14.0 -9.0 17.62  2.83 1200    0.0   -9.0 -9.00    0.0   -9    0.0   -9   -9.0   -9   -9.0   -9   -9.0   -9 -99.0 -99.0 -99.0 -99.0 -99.0
20260804 115  3.8  3291   5  6.5  825   7 10.3  819  27.1  29.9 1429  24.8 2340  24.5  36.5  22.4  86.1  78.0 1207  30.7   6.0   4.2  0.50  987.1 1011.9 1012.9  640 1011.0 2205  3.8  8.0 14.0 -9.0 22.65  3.01 1100   -9.0   -9.0 -9.00   -9.0   -9   -9.0   -9   -9.0   -9   -9.0   -9   -9.0   -9  26.0  22.3  20.5  14.7  13.6
20260804 119  1.6  1380  29  3.6 1614  32  6.3 1615  30.9  36.5 1534  26.5  513  25.5  37.5  25.3  74.4  53.0 1418  32.7   6.0   4.2 -9.00 1005.4 1009.8 1011.7  824 1007.4 1748  5.0  8.8 14.0 -9.0 19.75  2.59 1000    0.0    0.0  1.20    0.0   -9    0.0   -9   -9.0   -9   -9.0   -9   -9.0   -9  28.7  25.7  23.3  18.3  15.3
20260804 121  1.4  1214   9  4.6 1645   9  6.7 1719  30.0  38.5 1452  24.2  524  23.6  38.1  25.2  71.3  41.0 1453  29.1   7.6   5.3 -9.00  984.1 1010.8 1013.1  537 1008.0 1721  3.5 10.3 14.0 -9.0 24.55  3.37 1300   -9.0   -9.0 -9.00   -9.0   -9   -9.0   -9   -9.0   -9   -9.0   -9   -9.0   -9 -99.0 -99.0 -99.0 -99.0 -99.0
20260804 127  1.2  1045  34  3.2 1542   5  7.6 1747  30.1  36.0 1445  26.4  428  24.6  34.2  25.2  74.1  52.0 1449  31.0   6.7   4.7 -9.00  996.7 1009.5 1011.5  728 1007.1 1700  3.8  8.1 14.0 -9.0 22.70  3.22 1200    0.0   -9.0 -9.00    0.0   -9    0.0   -9   -9.0   -9   -9.0   -9   -9.0   -9 -99.0 -99.0 -99.0 -99.0 -99.0
20260804 129  1.3  1110  32  4.1 1649  34  6.5 1747  30.6  36.6 1305  24.8  547  25.4  32.6  22.1  75.8  46.0 1310  32.5   6.6   4.6 -9.00 1007.4 1010.2 1011.8  653 1008.5 2047  3.0 10.8 13.9 -9.0 22.90  3.49 1200   -9.0    0.7 -9.00   -9.0   -9   -9.0   -9   -9.0   -9   -9.0   -9   -9.0   -9  28.0  25.7  23.4  18.6  16.0
20260804 130  1.2  1048   5  2.8 1458   7  5.6 1352  27.5  30.3 1409  26.3 1006  25.9  29.4  25.2  91.4  80.0 1443  33.4  -9.0  -9.0 -9.00 1006.7 1012.3 1013.7 1009 1011.1 2232  5.4  3.4 14.0 -9.0 -9.00 -9.00   -9    8.6   -9.0 -9.00    4.1  932    2.1 1010   -9.0   -9   -9.0   -9   -9.0   -9 -99.0 -99.0 -99.0 -99.0 -99.0
20260804 131  1.2  1006   9  3.7 1944   5  6.9 1428  31.9  37.2 1359  28.1  554  24.7  36.0  25.8  67.0  48.0 1337  31.2   6.9   4.8 -9.00 1003.1 1009.6 1011.6  748 1007.6 1659  4.0  7.8 13.9 -9.0 21.62  3.10 1300    0.7    0.7  1.25    0.7 1910    0.6 1951   -9.0   -9   -9.0   -9   -9.0   -9 -99.0 -99.0 -99.0 -99.0 -99.0
20260804 133  1.3  1137   5  6.0 1527   5 11.6 1524  31.2  37.5 1509  26.8  546  25.9  37.0  25.7  75.6  50.0 1405  33.5   6.7   4.7 -9.00 1002.6 1010.2 1012.1  844 1008.2 1749  3.5  9.2 13.9 -9.0 22.58  3.32 1200   13.9   13.9  0.55   13.9 1517   11.9 1527   -9.0   -9   -9.0   -9   -9.0   -9  30.8  28.1  26.0  21.4  17.8
20260804 135  1.6  1415   9  4.8 1622   9  7.1 1642  28.0  34.0 1452  23.2  541  23.7  34.1  22.7  78.8  59.0 1516  29.3   6.5   4.6 -9.00  983.0 1010.4 1012.2  547 1008.4 1824  4.3  9.1 13.9 -9.0 22.35  3.22 1400   -9.0   -9.0 -9.00   -9.0   -9   -9.0   -9   -9.0   -9   -9.0   -9   -9.0   -9 -99.0 -99.0 -99.0 -99.0 -99.0
20260804 136  1.9  1651  11  5.0 1300  11  7.9 1555  29.4  33.3 1239  26.1  436  23.7  34.7  25.7  72.0  58.0 1623  29.2   6.4   4.5 -9.00  995.9 1011.7 1013.2  712 1010.1 1752  4.5  5.6 13.9 -9.0 19.83  2.54 1200   -9.0   -9.0 -9.00   -9.0   -9   -9.0   -9   -9.0   -9   -9.0   -9   -9.0   -9 -99.0 -99.0 -99.0 -99.0 -99.0
20260804 137  0.5   435   9  2.0 1537  14  5.5 1521  29.4  35.7 1436  25.2  524  25.4  37.4  23.2  80.5  57.0 1325  32.5   5.8   4.1 -9.00  999.0 1009.9 1011.7  717 1008.2 1519  4.6  6.9 13.9 -9.0 21.39  3.25 1200    7.7   -9.0 -9.00    6.9   -9    6.4 1532   -9.0   -9   -9.0   -9   -9.0   -9 -99.0 -99.0 -99.0 -99.0 -99.0
20260804 138  2.9  2514   5  4.2 1203   5  7.2 1421  28.6  31.1 1415  27.5 2209  25.0  35.4  26.6  81.4  71.0 1416  31.6   5.2   3.6 -9.00 1010.6 1011.0 1012.2 1029 1009.8 1827  6.0  3.6 13.9 -9.0 15.73  3.07 1300    0.2    0.2  1.92    0.2   -9    0.1   -9   -9.0   -9   -9.0   -9   -9.0   -9  28.5  23.7  21.9  18.5  16.5
20260804 140  1.7  1426  29  4.5 1652  27  6.2 1510  30.6  35.7 1344  26.4  454  26.6  38.3  23.7  80.4  57.0 1323  34.9  -9.0  -9.0 -9.00 1007.7 1010.8 1012.5  728 1008.8 1922  3.0 12.3 13.9 -9.0 -9.00 -9.00   -9   -9.0   -9.0 -9.00   -9.0   -9   -9.0   -9   -9.0   -9   -9.0   -9   -9.0   -9 -99.0 -99.0 -99.0 -99.0 -99.0
20260804 143  2.5  2147  11  4.6 2136  14  7.6 1321  30.0  34.2 1157  27.4  411  23.0  36.7  26.0  67.0  53.0 1528  28.1   7.1   4.9 -9.00 1004.1 1010.1 1011.6  724 1008.3 1836  4.9  7.0 13.9 -9.0 21.08  3.20 1300   -9.0   -9.0 -9.00   -9.0   -9   -9.0   -9   -9.0   -9   -9.0   -9   -9.0   -9 -99.0 -99.0 -99.0 -99.0 -99.0
20260804 146  1.7  1446  32  4.8 1623  29  7.3 1748  31.7  37.4 1449  27.2  552  24.7  36.9  23.9  68.3  43.0 1452  31.2   7.3   5.1 -9.00 1002.9 1009.7 1011.5  719 1007.3 1708  4.3  9.6 13.9 -9.0 22.76  3.10 1200   -9.0    0.2 -9.00   -9.0   -9   -9.0   -9   -9.0   -9   -9.0   -9   -9.0   -9 -99.0 -99.0 -99.0 -99.0 -99.0
20260804 152  2.1  1775   2  3.8 1055  11  7.6 1427  28.6  32.3 1525  26.5  349  23.6  34.9  25.7  74.8  61.0 1524  29.1   4.5   3.2 -9.00 1001.2 1010.4 1011.5  612 1009.0 1743  5.5  3.7 13.9 -9.0 13.81  2.14 1400    0.0   -9.0  0.33    0.0   -9    0.0   -9   -9.0   -9   -9.0   -9   -9.0   -9 -99.0 -99.0 -99.0 -99.0 -99.0
20260804 155  1.4  1213  18  5.0 1322  18  7.5 1318  30.3  35.0 1139  26.9  358  24.8  35.6  24.7  73.1  54.0 1110  31.2   6.1   4.3 -9.00 1006.4 1010.3 1011.9  723 1008.2 1821  4.8  6.0 13.8 -9.0 19.17  2.85 1000   -9.0   -9.0 -9.00   -9.0   -9   -9.0   -9   -9.0   -9   -9.0   -9   -9.0   -9 -99.0 -99.0 -99.0 -99.0 -99.0
20260804 156  1.4  1230  16  3.9 1813  25  7.7 1724  30.8  38.6 1423  26.8 1935  25.1  38.9  24.9  75.0  38.0 1500  32.1   6.4   4.5 -9.00 1002.1 1010.0 1011.4  638 1007.3 1603  5.0  9.5 13.8 -9.0 22.58  3.18 1200   23.9   -9.0  2.33   23.6 1852   13.0 1927   -9.0   -9   -9.0   -9   -9.0   -9 -99.0 -99.0 -99.0 -99.0 -99.0
20260804 159  2.5  2125   7  4.3  833  11  9.0 1236  30.5  35.3 1029  28.0 2346  24.2  34.6  24.5  69.9  53.0  954  30.2   6.4   4.5 -9.00 1002.0 1009.8 1011.2  558 1007.9 1802  3.3  7.7 13.8 -9.0 19.52  2.42  900   -9.0   -9.0 -9.00   -9.0   -9   -9.0   -9   -9.0   -9   -9.0   -9   -9.0   -9  30.1  26.4  24.1  18.8  17.9
20260804 162  2.2  1885   5  4.4 1141  20  7.5 1403  30.1  35.2 1233  26.5  517  24.1  35.6  23.7  71.5  51.0 1238  30.0   7.3   5.1 -9.00 1005.8 1009.3 1011.1  607 1007.3 1814  3.4 10.1 13.8 -9.0 24.61  3.21 1100   -9.0   -9.0 -9.00   -9.0   -9   -9.0   -9   -9.0   -9   -9.0   -9   -9.0   -9 -99.0 -99.0 -99.0 -99.0 -99.0
20260804 165  2.0  1762  25  5.5 1446  32  7.5 1622  29.8  34.0 1417  27.0  413  26.2  38.3  23.7  82.3  61.0 1437  34.0   7.0   4.9 -9.00 1005.6 1010.6 1011.7  723 1009.0 1826  3.0 11.5 13.8 -9.0 27.07  3.40 1200   -9.0    1.0 -9.00   -9.0   -9   -9.0   -9   -9.0   -9   -9.0   -9   -9.0   -9  30.3  26.6  24.7  20.4  17.3
20260804 168  2.1  1788  20  5.3 1450  11  8.2 1049  29.8  34.9 1345  26.8  626  24.3  36.2  27.2  73.3  54.0 1316  30.4   7.5   5.3 -9.00 1003.2 1010.6 1011.9  616 1008.9 1822  4.5 11.2 13.8 -9.0 26.09  3.35 1200    0.9    1.6  1.95    0.8 2328    0.7 2346   -9.0   -9   -9.0   -9   -9.0   -9  32.0  27.6  24.5  19.6  17.4
20260804 169  2.2  1872  34  4.2 1357  34  5.7 1701  29.4  33.7 1448  25.5  625  25.4  34.5  25.4  80.1  59.0 1215  32.4   7.1   5.0 -9.00 1002.4 1010.8 1011.9  727 1009.2 1859  0.8 12.8 13.8 -9.0 27.14  3.38 1200   -9.0   -9.0 -9.00   -9.0   -9   -9.0   -9   -9.0   -9   -9.0   -9   -9.0   -9 -99.0 -99.0 -99.0 -99.0 -99.0
20260804 170  1.6  1382  16  5.4 1520  16  8.4 1519  30.4  36.8 1411  25.3  546  24.5  39.0  25.4  72.4  52.0 1452  30.8   7.4   5.2 -9.00 1006.8 1010.7 1011.8  718 1008.9 1809  3.9 11.3 13.8 -9.0 25.68  3.32 1200   -9.0   -9.0 -9.00   -9.0   -9   -9.0   -9   -9.0   -9   -9.0   -9   -9.0   -9 -99.0 -99.0 -99.0 -99.0 -99.0
20260804 172  1.9  1662  29  5.6 1432  27  7.9 1408  30.1  36.3 1209  25.4  515  25.4  34.2  23.3  78.1  50.0 1201  32.5   5.9   4.2 -9.00 1003.8 1009.7 1011.3  645 1007.9 1828  4.9  8.1 13.9 -9.0 22.32  3.27 1100    0.5   -9.0 -9.00    0.5 2232    0.4 2240   -9.0   -9   -9.0   -9   -9.0   -9 -99.0 -99.0 -99.0 -99.0 -99.0
20260804 174  1.2  1039  20  3.7 1452  20  6.3 1443  28.1  35.1 1253  22.7  542  23.6  34.3  23.5  78.8  51.0 1359  29.2  -9.0  -9.0 -9.00  990.3 1008.8 1010.6  604 1006.4 1645  4.4  8.8 13.8 -9.0 -9.00 -9.00   -9    0.0   -9.0 -9.00    0.0   -9    0.0   -9   -9.0   -9   -9.0   -9   -9.0   -9 -99.0 -99.0 -99.0 -99.0 -99.0
20260804 177  1.4  1189  14  3.7 1954  14  6.6 1948  30.7  37.1 1547  25.1  540  25.6  37.5  23.7  76.0  52.0 1520  33.0   7.3   5.1 -9.00 1005.6 1008.7 1010.5  652 1006.5 1804  3.6 11.2 13.9 -9.0 25.04  3.30 1200    0.0    0.0  0.67    0.0   -9    0.0   -9   -9.0   -9   -9.0   -9   -9.0   -9 -99.0 -99.0 -99.0 -99.0 -99.0
20260804 181  1.1   955  16  3.6 1640  18  5.2 1636  29.5  35.9 1415  24.8  526  25.2  32.7  23.8  79.5  53.0 1319  32.1   6.6   4.6 -9.00 1006.6 1010.3 1012.3  744 1008.2 1701  4.0  9.0 13.9 -9.0 23.17  3.37 1300    0.0   -9.0 -9.00    0.0   -9    0.0   -9   -9.0   -9   -9.0   -9   -9.0   -9 -99.0 -99.0 -99.0 -99.0 -99.0
20260804 184  3.6  3125   5  7.0 1307   5 11.6 1155  30.2  32.9 1429  28.2  211  25.1  37.4  26.9  75.1  62.0 1749  31.9   6.6   4.6 -9.00 1007.2 1009.5 1010.6  702 1007.8 1735  3.3  9.1 13.7 -9.0 19.99  2.85 1100   -9.0   -9.0 -9.00   -9.0   -9   -9.0   -9   -9.0   -9   -9.0   -9   -9.0   -9  31.9  30.0  28.3  24.8  19.2
20260804 185  3.6  3094  29  8.1 1622  32  9.0 1610  29.1  32.2 1656  25.9  418  24.8  35.0  24.8  78.4  62.0  917  31.4   7.1   5.0 -9.00 1001.4 1009.5 1010.7   36 1007.9 1734  4.1 10.1 13.7 -9.0 24.62  3.30 1100   -9.0   -9.0 -9.00   -9.0   -9   -9.0   -9   -9.0   -9   -9.0   -9   -9.0   -9 -99.0 -99.0 -99.0 -99.0 -99.0
20260804 188  3.0  2604   5  5.6  956   7  8.5 1144  29.9  33.3 1206  27.3  210  26.1  36.9  27.4  81.3  66.0 1242  33.9  -9.0  -9.0 -9.00 1008.0 1010.3 1011.6 1118 1008.7 1930  3.4 10.0 13.7 -9.0 -9.00 -9.00   -9   -9.0   -9.0 -9.00   -9.0   -9   -9.0   -9   -9.0   -9   -9.0   -9   -9.0   -9 -99.0 -99.0 -99.0 -99.0 -99.0
20260804 189  2.4  2059   7  5.6 1016   9 10.3  912  31.7  34.8 1521  29.4    1  24.1  39.3  26.8  64.5  58.0  737  30.2   7.8   5.5 -9.00 1004.0 1009.8 1011.0    1 1008.3 1757  3.3  9.4 13.7 -9.0 24.90  3.26 1300   -9.0   -9.0 -9.00   -9.0   -9   -9.0   -9   -9.0   -9   -9.0   -9   -9.0   -9 -99.0 -99.0 -99.0 -99.0 -99.0
20260804 192  0.9   753  20  4.1 1541  20  6.8 1536  29.3  36.9 1453  24.5  527  24.7  36.2  22.5  78.6  49.0 1451  31.1   5.5   3.9 -9.00 1007.0 1010.3 1012.1  622 1008.2 1534  5.4  7.5 13.8 -9.0 19.34  2.76 1100   14.0   14.0 -9.00   14.0 1736    5.4 1740   -9.0   -9   -9.0   -9   -9.0   -9 -99.0 -99.0 -99.0 -99.0 -99.0
20260804 201  1.3  1087  32  2.8 2132  27  5.4 2130  29.9  34.2 1601  25.7  232  26.7  32.0  24.0  84.1  65.0 1532  35.0  -9.0  -9.0 -9.00 1005.7 1011.1 1013.0  848 1009.2 1831  2.5  9.9 14.0 -9.0 -9.00 -9.00   -9   -9.0   -9.0 -9.00   -9.0   -9   -9.0   -9   -9.0   -9   -9.0   -9   -9.0   -9 -99.0 -99.0 -99.0 -99.0 -99.0
20260804 202  1.3  1095  25  3.7 2036  18  6.9 1839  30.4  36.9 1550  26.5 2309  24.5  38.6  25.1  73.1  44.0 1625  30.8  -9.0  -9.0 -9.00 1005.3 1010.7 1012.6  738 1008.1 1724  4.0 11.6 14.0 -9.0 -9.00 -9.00   -9   14.2   -9.0 -9.00   14.2 1957   10.7 2021   -9.0   -9   -9.0   -9   -9.0   -9 -99.0 -99.0 -99.0 -99.0 -99.0
20260804 203  0.7   644   7  3.7 1827   9  7.5 1816  30.6  36.6 1506  26.3  506  26.0  33.3  25.6  79.3  52.0 1501  33.7  -9.0  -9.0 -9.00 1001.9 1010.9 1012.9  838 1008.3 1719  4.0  9.1 14.0 -9.0 -9.00 -9.00   -9    0.0   -9.0 -9.00    0.0   -9    0.0   -9   -9.0   -9   -9.0   -9   -9.0   -9 -99.0 -99.0 -99.0 -99.0 -99.0
20260804 211  1.6  1345   2  4.3 1639   5  7.7 1638  28.7  35.4 1355  23.7  525  23.4  36.2  21.9  74.9  47.0 1402  28.7  -9.0  -9.0 -9.00  988.3 1010.9 1013.2  619 1008.4 1606  2.8 10.5 14.0 -9.0 -9.00 -9.00   -9   -9.0   -9.0 -9.00   -9.0   -9   -9.0   -9   -9.0   -9   -9.0   -9   -9.0   -9 -99.0 -99.0 -99.0 -99.0 -99.0
20260804 212  1.1   908  32  2.6 1435  27  6.0 1458  30.5  36.9 1714  25.3  535  23.8  36.8  24.0  69.6  46.0 1550  29.5  -9.0  -9.0 -9.00  995.3 1010.9 1013.3  651 1008.0 1738  4.1 11.9 14.0 -9.0 -9.00 -9.00   -9   -9.0   -9.0 -9.00   -9.0   -9   -9.0   -9   -9.0   -9   -9.0   -9   -9.0   -9 -99.0 -99.0 -99.0 -99.0 -99.0
20260804 216  1.4  1252   5  3.0 1316   7  5.6 1309  24.5  28.3 1610  22.2 2236  22.1  28.3  22.1  87.1  71.0 1611  26.5   2.8   1.9 -9.00  933.6 1012.1 1013.6 1015 1010.4 1610  5.6  0.9 14.0 -9.0 10.08  1.56 1100    0.1   -9.0 -9.00    0.1   -9    0.1   -9   -9.0   -9   -9.0   -9   -9.0   -9 -99.0 -99.0 -99.0 -99.0 -99.0
20260804 217  1.4  1202   5  3.8 1255   5  6.7 1529  28.4  34.7 1331  24.6 2334  23.5  35.8  23.9  76.6  54.0 1307  29.0  -9.0  -9.0 -9.00  976.8 1011.5 1013.3  557 1008.9 1727  3.1  6.4 14.0 -9.0 -9.00 -9.00   -9   -9.0   -9.0 -9.00   -9.0   -9   -9.0   -9   -9.0   -9   -9.0   -9   -9.0   -9 -99.0 -99.0 -99.0 -99.0 -99.0
20260804 221  1.2  1006  32  3.8 1606  32  6.6 1559  28.6  34.9 1505  24.2  556  23.9  37.7  23.2  78.0  49.0 1520  29.7  -9.0  -9.0 -9.00  981.2 1010.6 1012.6  728 1008.1 1706  4.1 10.6 14.0 -9.0 -9.00 -9.00   -9   -9.0   -9.0 -9.00   -9.0   -9   -9.0   -9   -9.0   -9   -9.0   -9   -9.0   -9 -99.0 -99.0 -99.0 -99.0 -99.0
20260804 226  0.9   768   9  3.6 1731   9  6.9 1724  28.2  33.6 1415  23.7  451  24.8  33.5  21.2  83.4  62.0 1407  31.3  -9.0  -9.0 -9.00  991.6 1010.8 1012.6  744 1008.8 1712  4.8  8.6 13.9 -9.0 -9.00 -9.00   -9    0.0   -9.0 -9.00    0.0   -9    0.0   -9   -9.0   -9   -9.0   -9   -9.0   -9 -99.0 -99.0 -99.0 -99.0 -99.0
20260804 232  1.0   875  14  4.1 1950  11  6.6 1942  30.1  35.8 1518  25.2  521  25.8  36.9  24.1  80.4  53.0 1510  33.3  -9.0  -9.0 -9.00 1001.4 1010.9 1012.8  741 1008.6 1700  4.4 10.2 13.9 -9.0 -9.00 -9.00   -9   -9.0   -9.0 -9.00   -9.0   -9   -9.0   -9   -9.0   -9   -9.0   -9   -9.0   -9 -99.0 -99.0 -99.0 -99.0 -99.0
20260804 235  1.3  1131  18  3.7 1201   7  6.7 2042  30.9  37.0 1304  25.8  514  25.8  36.3  24.2  75.1  52.0 1306  33.2   7.3   5.1 -9.00 1008.4 1009.5 1011.1  745 1007.8 2020  3.5 11.5 13.9 -9.0 25.66  3.20 1200    0.0   -9.0 -9.00    0.0   -9    0.0   -9   -9.0   -9   -9.0   -9   -9.0   -9 -99.0 -99.0 -99.0 -99.0 -99.0
20260804 236  0.8   725   7  5.9 1757   5 11.4 1754  29.1  36.7 1554  25.4  448  25.3  35.3  24.0  82.3  50.0 1555  32.2  -9.0  -9.0 -9.00 1009.0 1010.5 1012.2  733 1008.1 1733  3.3 10.8 13.9 -9.0 -9.00 -9.00   -9   21.2   -9.0 -9.00   21.2 1748   15.9 1755   -9.0   -9   -9.0   -9   -9.0   -9 -99.0 -99.0 -99.0 -99.0 -99.0
20260804 238  0.9   804   2  2.6 1647   9  5.0 1459  29.8  37.0 1422  24.3  517  24.7  35.3  22.0  76.0  48.0 1423  31.0  -9.0  -9.0 -9.00  990.8 1009.7 1011.8  708 1007.5 1807  4.4  8.9 13.9 -9.0 -9.00 -9.00   -9   -9.0   -9.0 -9.00   -9.0   -9   -9.0   -9   -9.0   -9   -9.0   -9   -9.0   -9 -99.0 -99.0 -99.0 -99.0 -99.0
20260804 239  1.0   883  11  2.3 1020  14  4.9 1102  29.8  36.0 1533  25.8  533  25.7  36.6  24.7  80.5  52.0 1523  33.0   6.0   4.2 -9.00  999.5 1009.6 1011.5  723 1007.6 1600  3.8  8.1 13.9 -9.0 20.93  3.31 1200    0.0   -9.0 -9.00    0.0   -9    0.0   -9   -9.0   -9   -9.0   -9   -9.0   -9 -99.0 -99.0 -99.0 -99.0 -99.0
20260804 243  1.3  1133  29  3.6 1420  32  7.0 1458  30.5  36.4 1318  26.2  549  25.4  36.1  23.6  75.8  51.0 1318  32.3  -9.0  -9.0 -9.00 1009.0 1010.4 1012.0  734 1008.7 1759  3.3 11.6 13.9 -9.0 -9.00 -9.00   -9   -9.0   -9.0 -9.00   -9.0   -9   -9.0   -9   -9.0   -9   -9.0   -9   -9.0   -9 -99.0 -99.0 -99.0 -99.0 -99.0
20260804 244  0.9   783  32  3.6 1944   5  5.9 1434  28.6  36.8 1427  24.2  551  24.0  32.1  23.3  79.3  37.0 1352  29.9  -9.0  -9.0 -9.00  982.5 1010.0 1011.8  603 1007.4 1607  4.1  8.9 13.9 -9.0 -9.00 -9.00   -9    3.8   -9.0 -9.00    3.8 1918    2.8 1930   -9.0   -9   -9.0   -9   -9.0   -9 -99.0 -99.0 -99.0 -99.0 -99.0
20260804 245  1.9  1649  36  5.1 1952   2  8.6 1957  30.9  37.6 1429  26.1  557  25.1  37.4  23.9  73.6  45.0 1503  31.9   8.3   5.8 -9.00 1002.4 1010.1 1011.7  725 1008.0 1613  4.4 11.0 13.9 -9.0 25.36  3.40 1200    4.5   -9.0 -9.00    4.1 2108    3.4 2136   -9.0   -9   -9.0   -9   -9.0   -9 -99.0 -99.0 -99.0 -99.0 -99.0
20260804 247  1.7  1470   7  5.4 1708   9  9.0 1708  30.1  37.4 1617  25.5  535  24.7  36.0  24.5  74.5  48.0 1644  31.1  -9.0  -9.0 -9.00  994.9 1009.8 1011.6  729 1007.1 1625  5.0  9.5 13.9 -9.0 -9.00 -9.00   -9   -9.0   -9.0 -9.00   -9.0   -9   -9.0   -9   -9.0   -9   -9.0   -9   -9.0   -9 -99.0 -99.0 -99.0 -99.0 -99.0
20260804 248  0.8   690  36  5.3 1534  36  9.4 1526  27.4  34.5 1429  22.1  527  23.9  33.5  20.9  83.8  52.0 1355  29.7  -9.0  -9.0 -9.00  965.5 1010.6 1012.8  606 1008.3 1512  4.1  8.8 13.9 -9.0 -9.00 -9.00   -9    0.8   -9.0 -9.00    0.4   -9    0.4 1533   -9.0   -9   -9.0   -9   -9.0   -9 -99.0 -99.0 -99.0 -99.0 -99.0
20260804 251  1.5  1303  20  5.2 1658  20  7.9 1652  30.2  37.2 1507  25.2  503  26.0  35.8  24.2  80.3  47.0 1443  33.6   6.2   4.4 -9.00 1004.3 1009.9 1011.5  715 1007.9 1540  4.4  8.8 13.9 -9.0 21.84  3.10 1100    0.0   -9.0 -9.00    0.0   -9    0.0   -9   -9.0   -9   -9.0   -9   -9.0   -9 -99.0 -99.0 -99.0 -99.0 -99.0
20260804 252  1.1   910  25  2.9 1224  25  6.2 1515  29.8  36.0 1401  25.5  520  26.0  35.2  23.6  81.3  60.0 1402  33.6   5.9   4.1 -9.00 1005.8 1010.0 1011.5  736 1008.2 1829  4.5  8.1 13.8 -9.0 21.65  3.20 1300    0.3   -9.0 -9.00    0.3 2249    0.2 2339   -9.0   -9   -9.0   -9   -9.0   -9 -99.0 -99.0 -99.0 -99.0 -99.0
20260804 253  0.8   729  14  2.4 1538  11  6.0 1425  31.1  36.7 1115  27.4  538  24.8  35.2  26.0  70.0  52.0 1118  31.3   5.1   3.6 -9.00 1004.9 1011.1 1012.5  605 1009.1 1814  3.8  5.2 13.8 -9.0 16.65  2.48 1000    0.0   -9.0 -9.00    0.0   -9    0.0   -9   -9.0   -9   -9.0   -9   -9.0   -9 -99.0 -99.0 -99.0 -99.0 -99.0
20260804 254  1.5  1253  16  4.7 1824  16  9.2 1821  30.3  38.6 1549  25.2  523  24.1  38.3  24.1  73.4  38.0 1550  30.2   7.5   5.2 -9.00  995.8 1010.3 1012.2  627 1007.4 1702  4.5 10.6 13.9 -9.0 25.53  3.41 1300    0.3   -9.0 -9.00    0.3 1834    0.3 1838   -9.0   -9   -9.0   -9   -9.0   -9 -99.0 -99.0 -99.0 -99.0 -99.0
20260804 255  1.8  1561   9  4.4 2023   9  8.7 1639  31.8  36.6 1526  28.1  441  24.3  33.5  24.2  65.6  50.0 1605  30.4   5.8   4.0 -9.00 1004.1 1009.8 1011.5  555 1007.7 1810  4.1  3.6 13.8 -9.0 14.51  2.68 1100    0.0   -9.0 -9.00    0.0   -9    0.0   -9   -9.0   -9   -9.0   -9   -9.0   -9 -99.0 -99.0 -99.0 -99.0 -99.0
20260804 257  2.3  1970   7  4.0 1015  11  9.0 1944  31.5  36.2 1147  28.6  425  25.3  35.4  26.3  70.8  54.0 1443  32.3   5.7   4.0 -9.00 1009.6 1010.3 1011.8  703 1008.5 1816  4.5  5.0 13.8 -9.0 16.14  2.42 1000    0.0   -9.0 -9.00    0.0   -9    0.0   -9   -9.0   -9   -9.0   -9   -9.0   -9 -99.0 -99.0 -99.0 -99.0 -99.0
20260804 258  1.6  1364  23  3.8 1447  25  5.4 1722  29.5  35.2 1357  25.0  525  25.3  32.6  24.9  80.0  57.0 1347  32.3   7.0   4.9 -9.00 1010.4 1010.6 1012.1  725 1008.8 1643  4.0 10.5 13.8 -9.0 25.05  3.36 1200    2.4   -9.0 -9.00    2.4   -9    2.3 2044   -9.0   -9   -9.0   -9   -9.0   -9 -99.0 -99.0 -99.0 -99.0 -99.0
20260804 259  1.1   928  32  4.2 1725  29  9.0 1717  29.3  35.6 1152  25.6  528  25.4  35.9  25.0  81.5  59.0 1032  32.5   6.2   4.3 -9.00 1008.4 1010.2 1011.4  644 1008.5 1618  4.8  8.4 13.8 -9.0 22.44  3.27 1300    0.0   -9.0 -9.00    0.0   -9    0.0   -9   -9.0   -9   -9.0   -9   -9.0   -9 -99.0 -99.0 -99.0 -99.0 -99.0
20260804 260  1.3  1162  16  4.9 1450  16  7.2 1430  29.1  35.1 1122  25.0  540  25.3  37.3  24.7  81.0  60.0 1116  32.4  -9.0  -9.0 -9.00 1005.2 1010.1 1011.5  706 1008.5 1613  4.1  9.6 13.8 -9.0 -9.00 -9.00   -9   -9.0   -9.0 -9.00   -9.0   -9   -9.0   -9   -9.0   -9   -9.0   -9   -9.0   -9 -99.0 -99.0 -99.0 -99.0 -99.0
20260804 261  1.5  1270  23  5.5 1543  29  6.8 1517  30.2  35.9 1203  25.5  426  25.6  38.6  24.6  78.0  56.0 1205  32.9  -9.0  -9.0 -9.00 1008.7 1010.5 1011.7  638 1009.0 1826  4.5  8.3 13.8 -9.0 -9.00 -9.00   -9    0.0   -9.0 -9.00    0.0   -9    0.0   -9   -9.0   -9   -9.0   -9   -9.0   -9 -99.0 -99.0 -99.0 -99.0 -99.0
20260804 262  1.2  1044  18  3.8 1514  20  6.5 1602  30.4  36.5 1206  25.3  532  24.8  34.8  26.3  73.5  50.0 1143  31.2   6.0   4.2 -9.00 1004.4 1010.3 1011.5  550 1008.7 1835  4.6  9.4 13.8 -9.0 20.71  3.02 1100   -9.0   -9.0 -9.00   -9.0   -9   -9.0   -9   -9.0   -9   -9.0   -9   -9.0   -9 -99.0 -99.0 -99.0 -99.0 -99.0
20260804 263  1.5  1272   7  4.1 1548   5  7.5 1201  31.1  37.2 1244  24.8  519  24.8  39.4  22.8  71.1  50.0 1355  31.3   6.8   4.8 -9.00 1008.6 1010.2 1012.1  606 1008.1 1540  5.3  6.4 13.8 -9.0 20.82  2.95 1000    0.0   -9.0 -9.00    0.0   -9    0.0   -9   -9.0   -9   -9.0   -9   -9.0   -9 -99.0 -99.0 -99.0 -99.0 -99.0
20260804 264  1.0   830  11  5.0 1710   9 11.2 1706  29.5  37.3 1407  24.3  549  25.4  36.4  23.1  81.5  48.0 1408  32.5   7.1   5.0 -9.00  993.4 1010.4 1012.3  616 1007.4 1631  5.5  8.9 13.9 -9.0 24.70  3.40 1300    5.5   -9.0 -9.00    5.5 1713    5.5 1726   -9.0   -9   -9.0   -9   -9.0   -9 -99.0 -99.0 -99.0 -99.0 -99.0
20260804 266  1.3  1155   9  3.7 1010  14  6.7 1416  30.9  37.2 1442  26.9  531  25.1  38.8  25.2  73.5  48.0 1318  32.0   6.7   4.7 -9.00 1000.7 1010.5 1012.1  626 1008.9 1806  5.0 10.3 13.8 -9.0 23.21  3.25 1100    2.6   -9.0 -9.00    2.6 1956    1.8 2031   -9.0   -9   -9.0   -9   -9.0   -9 -99.0 -99.0 -99.0 -99.0 -99.0
20260804 268  1.1   965  23  4.2 1632  23  6.4 1558  29.3  34.4 1422  24.8  559  24.9  37.3  23.7  79.0  58.0 1419  31.5  -9.0  -9.0 -9.00 1008.2 1009.3 1010.2  609 1007.8 1826  3.0 11.9 13.8 -9.0 -9.00 -9.00   -9   -9.0   -9.0 -9.00   -9.0   -9   -9.0   -9   -9.0   -9   -9.0   -9   -9.0   -9 -99.0 -99.0 -99.0 -99.0 -99.0
20260804 271  1.3  1152  14  3.7 1240  11  5.6 1239  26.4  31.6 1557  23.0  527  23.0  30.6  21.7  82.5  60.0 1603  28.0  -9.0  -9.0 -9.00  975.5 1011.8 1013.2  417 1010.0 1603  4.5  5.7 14.0 -9.0 -9.00 -9.00   -9    0.2   -9.0 -9.00    0.2   -9    0.2   -9   -9.0   -9   -9.0   -9   -9.0   -9 -99.0 -99.0 -99.0 -99.0 -99.0
20260804 272  0.9   805   9  3.3 1527   9  5.7 1517  28.6  33.4 1348  26.0 2251  24.4  35.0  25.3  79.1  58.0 1414  30.6  -9.0  -9.0 -9.00  987.5 1011.1 1012.5  654 1009.6 1824  5.3  6.0 14.0 -9.0 -9.00 -9.00   -9   -9.0   -9.0 -9.00   -9.0   -9   -9.0   -9   -9.0   -9   -9.0   -9   -9.0   -9 -99.0 -99.0 -99.0 -99.0 -99.0
20260804 273  1.1   967  11  5.1 1701   9  8.7 1511  28.5  34.8 1509  25.3  537  25.2  35.5  22.5  83.4  61.0 1412  32.0  -9.0  -9.0 -9.00  991.1 1010.5 1012.0  743 1008.8 1506  4.0  5.8 13.9 -9.0 -9.00 -9.00   -9   -9.0   -9.0 -9.00   -9.0   -9   -9.0   -9   -9.0   -9   -9.0   -9   -9.0   -9 -99.0 -99.0 -99.0 -99.0 -99.0
20260804 276  1.3  1153  11  3.9 1705   9  6.1 1723  28.0  32.5 1642  24.8 2302  24.6  32.8  23.3  83.5  61.0 1643  31.0   3.8   2.7 -9.00  987.6 1010.9 1012.1 1038 1009.3 1814  5.4  3.2 13.9 -9.0 12.72  1.58 1600   -9.0   -9.0 -9.00   -9.0   -9   -9.0   -9   -9.0   -9   -9.0   -9   -9.0   -9 -99.0 -99.0 -99.0 -99.0 -99.0
20260804 277  2.7  2355   5  5.4 1300   2  8.5 1351  27.4  31.1 1347  25.8  436  24.4  33.2  25.6  84.4  69.0 1354  30.6  -9.0  -9.0 -9.00 1007.2 1011.8 1013.2 1014 1010.6 1817  5.5  2.8 13.9 -9.0 -9.00 -9.00   -9    0.4   -9.0 -9.00    0.4  935    0.3 1006   -9.0   -9   -9.0   -9   -9.0   -9 -99.0 -99.0 -99.0 -99.0 -99.0
20260804 278  1.2  1040   7  3.7 1333   7  7.0 1314  29.4  35.0 1235  25.0  501  24.1  37.6  23.7  75.4  55.0 1128  30.1  -9.0  -9.0 -9.00 1000.9 1010.0 1011.7  832 1008.1 1816  5.1  5.6 13.9 -9.0 -9.00 -9.00   -9   -9.0   -9.0 -9.00   -9.0   -9   -9.0   -9   -9.0   -9   -9.0   -9   -9.0   -9 -99.0 -99.0 -99.0 -99.0 -99.0
20260804 279  1.4  1214   9  3.8 1431   9  9.2 1424  30.5  37.2 1356  25.9  526  23.7  37.1  24.6  68.3  47.0 1353  29.3   6.1   4.3 -9.00 1004.9 1010.4 1012.3  731 1008.3 1819  4.4  6.6 13.9 -9.0 20.04  3.17 1200    0.0   -9.0 -9.00    0.0   -9    0.0   -9   -9.0   -9   -9.0   -9   -9.0   -9 -99.0 -99.0 -99.0 -99.0 -99.0
20260804 281  1.8  1556  11  4.4 1709  14  7.8 1708  28.2  32.3 1057  25.5  528  23.6  32.7  24.6  77.3  58.0 1629  29.1  -9.0  -9.0 -9.00 1000.8 1011.6 1013.0  828 1010.0 1812  5.5  4.7 13.9 -9.0 -9.00 -9.00   -9   -9.0   -9.0 -9.00   -9.0   -9   -9.0   -9   -9.0   -9   -9.0   -9   -9.0   -9 -99.0 -99.0 -99.0 -99.0 -99.0
20260804 283  3.2  2782  36  5.6 1656  34  9.1  939  28.9  32.8 1502  27.0  533  24.5  33.9  26.4  77.6  63.0 1504  30.7   4.8   3.4 -9.00 1007.0 1011.5 1012.7  844 1010.1 1757  5.5  2.8 13.9 -9.0 12.75  2.20 1500   -9.0   -9.0 -9.00   -9.0   -9   -9.0   -9   -9.0   -9   -9.0   -9   -9.0   -9 -99.0 -99.0 -99.0 -99.0 -99.0
20260804 284  1.7  1489   7  5.4 1642  36  8.8 1649  29.2  37.1 1624  23.9  541  24.7  36.8  21.4  78.6  50.0 1615  31.2   6.3   4.4 -9.00  984.9 1010.3 1012.3  601 1007.5 1538  5.1  8.7 13.9 -9.0 21.84  3.40 1100    2.0   -9.0 -9.00    2.0 1606    1.7 1651   -9.0   -9   -9.0   -9   -9.0   -9 -99.0 -99.0 -99.0 -99.0 -99.0
20260804 285  0.8   683  36  3.8 1554  36  7.0 1549  29.7  37.1 1349  24.5  601  25.1  36.8  24.6  78.0  49.0 1418  31.9  -9.0  -9.0 -9.00 1007.6 1010.6 1012.4  634 1008.5 1529  5.5 -9.0 13.9 -9.0 -9.00 -9.00   -9    1.3   -9.0 -9.00    1.3 1547    0.7 1626   -9.0   -9   -9.0   -9   -9.0   -9 -99.0 -99.0 -99.0 -99.0 -99.0
20260804 288  1.9  1681  32  4.0 1148  34  8.4 1146  31.3  36.4 1632  27.6  346  24.1  33.3  27.4  66.9  49.0 1314  30.1   6.8   4.7 -9.00 1007.9 1008.8 1010.4  652 1006.8 1759  4.8  4.9 13.9 -9.0 18.62  2.95 1000   -9.0   -9.0 -9.00   -9.0   -9   -9.0   -9   -9.0   -9   -9.0   -9   -9.0   -9 -99.0 -99.0 -99.0 -99.0 -99.0
20260804 289  0.9   803   5  5.6 1706   5  8.3 1700  29.4  36.7 1602  24.8  559  24.9  35.5  22.0  79.3  50.0 1616  31.6  -9.0  -9.0 -9.00  995.6 1011.1 1013.0  723 1008.6 1550  5.0  7.2 13.9 -9.0 -9.00 -9.00   -9    0.0   -9.0 -9.00    0.0   -9    0.0   -9   -9.0   -9   -9.0   -9   -9.0   -9 -99.0 -99.0 -99.0 -99.0 -99.0
20260804 294  1.6  1377   7  3.2 1234   5  8.2 1715  29.3  33.8 1212  26.0  527  24.1  37.3  23.6  74.3  57.0 1056  29.9  -9.0  -9.0 -9.00 1006.0 1011.1 1012.4  553 1009.1 1813  2.8  9.6 13.8 -9.0 -9.00 -9.00   -9   -9.0   -9.0 -9.00   -9.0   -9   -9.0   -9   -9.0   -9   -9.0   -9   -9.0   -9 -99.0 -99.0 -99.0 -99.0 -99.0
20260804 295  1.1   945  20  3.2 1449  20  5.6 1448  29.7  36.3 1400  25.8  519  24.4  37.7  23.5  74.5  50.0 1403  30.5  -9.0  -9.0 -9.00 1005.4 1010.5 1012.0  637 1008.6 1824  4.6 10.1 13.8 -9.0 -9.00 -9.00   -9    5.6   -9.0 -9.00    5.6 2250    3.3 2332   -9.0   -9   -9.0   -9   -9.0   -9 -99.0 -99.0 -99.0 -99.0 -99.0
20260804 296  3.1  2708   5  6.1 1603   2  9.0 1855  31.3  35.8 1405  27.9  550  25.2  36.0  25.0  71.4  55.0 1406  32.1   7.3   5.1 -9.00 1009.2 1009.5 1010.9  605 1007.5 1822  3.6  7.6 13.8 -9.0 20.93  2.99 1000    0.0   -9.0  0.23    0.0   -9    0.0   -9   -9.0   -9   -9.0   -9   -9.0   -9 -99.0 -99.0 -99.0 -99.0 -99.0
20260805  90  2.2  1939  14  4.6 1913  14  7.3 1707  28.0  31.3 1255  25.1  519  24.9  35.5  24.9  83.5  71.0 1400  31.5   6.8   4.7 -9.00 1007.9 1009.9 1011.2   39 1008.5 1637  1.6 12.1 14.0 -9.0 26.30  3.38 1200   -9.0   -9.0 -9.00   -9.0   -9   -9.0   -9   -9.0   -9   -9.0   -9   -9.0   -9 -99.0 -99.0 -99.0 -99.0 -99.0
20260805  93  0.8   713  27  2.3 1708  27  3.8 1701  30.9  37.9 1623  25.2  533  24.7  37.9  25.2  71.9  47.0 1620  31.2   7.6   5.3 -9.00  997.8 1008.5 1011.0  638 1005.6 1724  1.3 12.7 14.0 -9.0 27.41  3.33 1200   -9.0   -9.0 -9.00   -9.0   -9   -9.0   -9   -9.0   -9   -9.0   -9   -9.0   -9  31.5  28.1  25.1  21.3  18.7
20260805  95  1.0   836  18  2.6 1347  11  4.4 1346  30.4  35.9 1557  24.8  517  25.4  36.2  24.4  76.8  45.0 1417  32.4   7.5   5.3 -9.00  991.2 1008.5 1011.1  644 1006.0 1808  0.9 12.9 14.0 -9.0 27.26  3.38 1200   -9.0   -9.0 -9.00   -9.0   -9   -9.0   -9   -9.0   -9   -9.0   -9   -9.0   -9 -99.0 -99.0 -99.0 -99.0 -99.0
20260805  98  0.6   489   7  1.4 1250   5  4.1 1536  31.3  36.5 1424  26.3  540  24.3  41.4  25.2  68.4  46.0 1445  30.4   7.0   4.9 -9.00  995.0 1007.8 1010.1  655 1005.6 1706  2.5 11.2 14.0 -9.0 25.23  3.18 1200   -9.0   -9.0 -9.00   -9.0   -9   -9.0   -9   -9.0   -9   -9.0   -9   -9.0   -9 -99.0 -99.0 -99.0 -99.0 -99.0
20260805  99  0.9   819   9  2.7  701   9  4.4  415  30.8  36.3 1520  26.1  552  26.6  39.8  26.1  80.4  57.0 1453  35.0   6.8   4.7 -9.00 1005.2 1008.6 1010.8  707 1006.4 1801  3.6 11.8 14.0 -9.0 24.85  3.05 1200   -9.0   -9.0 -9.00   -9.0   -9   -9.0   -9   -9.0   -9   -9.0   -9   -9.0   -9 -99.0 -99.0 -99.0 -99.0 -99.0
20260805 100  1.3  1160   9  3.4 1719  14  5.4 1025  24.1  29.7 1303  20.4 2400  21.8  34.3  19.6  87.6  70.0 1128  26.1   6.1   4.3 -9.00  925.2 1009.6 1011.6  151 1007.2 1537  2.3 10.0 14.0 -9.0 25.20  3.29 1100   -9.0   -9.0 -9.00   -9.0   -9   -9.0   -9   -9.0   -9   -9.0   -9   -9.0   -9 -99.0 -99.0 -99.0 -99.0 -99.0
20260805 101  1.4  1219   2  2.5  215  20  3.9 1431  31.1  38.1 1632  25.7  550  23.9  38.6  24.2  68.1  41.0 1624  29.6   7.8   5.5 -9.00  998.9 1007.3 1010.0  707 1004.3 1737  1.1 12.6 14.0 -9.0 26.24  3.28 1200   -9.0   -9.0 -9.00   -9.0   -9   -9.0   -9   -9.0   -9   -9.0   -9   -9.0   -9  29.9  25.9  23.8  19.1  15.9
20260805 102  2.6  2242  34  4.8 1610  34  6.6 1553  27.0  32.0 1121  23.8  602  21.8  36.4 -10.5  74.0  35.0 1011  26.2   7.9   5.5 -9.00 1004.0 1008.0 1010.0 1010 1006.4 1812  0.0 12.9 14.0 -9.0 27.84  3.41 1200   -9.0   -9.0 -9.00   -9.0   -9   -9.0   -9   -9.0   -9   -9.0   -9   -9.0   -9 -99.0 -99.0 -99.0 -99.0 -99.0
20260805 104  1.2  1013  11  3.2 1310  14  5.8 1225  27.7  31.3 1300  24.4  431  25.4  33.9  23.7  88.5  76.0 1533  32.5   6.4   4.5 -9.00 1000.2 1008.7 1010.3   24 1007.1 1748  2.5 10.4 14.0 -9.0 25.98  3.45 1200   -9.0   -9.0 -9.00   -9.0   -9   -9.0   -9   -9.0   -9   -9.0   -9   -9.0   -9  28.7  25.6  22.8  17.7  14.1
20260805 105  1.7  1449  11  3.5 1414   9  5.7 1302  28.5  32.3 1445  25.6  518  24.0  35.6  24.7  77.8  65.0 1406  29.9   6.3   4.4 -9.00 1006.6 1009.7 1011.4  722 1008.0 1748  3.1 10.7 14.0 -9.0 24.47  3.21 1300   -9.0   -9.0 -9.00   -9.0   -9   -9.0   -9   -9.0   -9   -9.0   -9   -9.0   -9  29.4  26.3  24.3  18.9  16.2
20260805 106  1.6  1383   2  3.5 1055  16  5.5 1334  27.9  31.5 1150  25.0  132  24.9  34.5  23.4  84.6  71.0 1606  31.6   6.3   4.4 -9.00 1005.5 1010.1 1011.4  713 1008.8 1731  4.5  9.3 14.0 -9.0 24.01  3.25 1200   -9.0   -9.0 -9.00   -9.0   -9   -9.0   -9   -9.0   -9   -9.0   -9   -9.0   -9 -99.0 -99.0 -99.0 -99.0 -99.0
20260805 108  1.8  1554  25  4.1 1818  25  6.1 1811  32.8  36.9 1651  29.0  619  25.7  36.6  26.3  67.4  50.0 1502  33.0   6.8   4.8 -9.00  998.4 1007.8 1010.1  726 1005.5 1714  4.4  8.9 14.0 -9.0 20.54  3.51 1100   -9.0   -9.0 -9.00   -9.0   -9   -9.0   -9   -9.0   -9   -9.0   -9   -9.0   -9  28.9  26.2  25.0  20.1  15.8
20260805 112  2.0  1725  20  4.5  118  18  7.3  110  31.5  35.2 1505  28.4  434  26.6  35.5  25.7  76.4  62.0 1412  34.8   7.2   5.1 -9.00 1000.3 1008.0 1010.0  743 1006.1 1817  3.8 11.4 14.0 -9.0 24.89  3.21 1200    0.0    0.0  0.50    0.0   -9    0.0   -9   -9.0   -9   -9.0   -9   -9.0   -9  27.9  25.8  23.2  19.3  15.6
20260805 114  1.4  1185  29  2.6 1435  32  5.0 1222  30.8  36.3 1556  25.8  615  24.4  35.1  25.3  70.6  49.0 1420  30.5   6.4   4.4 -9.00  991.2 1007.9 1010.6  716 1005.1 1714  3.3  8.4 13.9 -9.0 21.87  2.90 1100   -9.0   -9.0 -9.00   -9.0   -9   -9.0   -9   -9.0   -9   -9.0   -9   -9.0   -9 -99.0 -99.0 -99.0 -99.0 -99.0
20260805 115  3.2  2783   5  6.8 1422   5 10.2 1417  26.3  30.1 1101  24.0  520  23.2  35.1  21.9  83.8  74.0 1009  28.5   6.2   4.3 -9.00  985.2 1010.0 1011.3    5 1008.6 1618  0.5 12.5 14.0 -9.0 25.43  3.20 1200   -9.0   -9.0 -9.00   -9.0   -9   -9.0   -9   -9.0   -9   -9.0   -9   -9.0   -9 -99.0  22.4  20.6  14.7  13.7
20260805 119  1.6  1389  25  3.4 1749  27  5.4 1752  31.0  36.7 1654  27.4  454  24.7  40.3  25.6  71.1  46.0 1534  31.2   6.9   4.8 -9.00 1003.2 1007.7 1009.9  730 1005.4 1706  2.8 10.7 13.9 -9.0 22.99  3.09 1300   -9.0   -9.0 -9.00   -9.0   -9   -9.0   -9   -9.0   -9   -9.0   -9   -9.0   -9  29.0  25.9  23.5  18.3  15.4
20260805 121  1.1   940  16  2.5 1524  14  4.5 1439  29.7  37.3 1407  23.4  541  23.4  36.9  24.5  71.5  44.0 1408  28.9   7.3   5.1 -9.00  982.0 1008.6 1011.6  715 1005.2 1752  2.6 10.9 13.9 -9.0 25.28  3.45 1100   -9.0   -9.0 -9.00   -9.0   -9   -9.0   -9   -9.0   -9   -9.0   -9   -9.0   -9 -99.0 -99.0 -99.0 -99.0 -99.0
20260805 127  1.1   913  18  2.1 1459  25  4.0 1150  30.1  35.4 1445  25.3  528  24.1  33.6  24.7  71.6  52.0 1446  30.0   6.2   4.3 -9.00  994.6 1007.4 1009.8  656 1004.9 1736  3.0  9.2 13.9 -9.0 22.38  2.98 1000   -9.0   -9.0 -9.00   -9.0   -9   -9.0   -9   -9.0   -9   -9.0   -9   -9.0   -9 -99.0 -99.0 -99.0 -99.0 -99.0
20260805 129  1.4  1247  32  3.3 1833   5  5.6   31  30.6  35.8 1657  26.6  406  25.3  32.6  24.6  76.0  48.0 1607  32.3   6.8   4.7 -9.00 1005.3 1008.1 1009.9  809 1006.2 1735  3.5 11.0 13.9 -9.0 23.80  3.27 1100    0.7   -9.0 -9.00    0.7   33    0.4   47   -9.0   -9   -9.0   -9   -9.0   -9  28.3  25.7  23.4  18.7  16.1
20260805 130  1.2  1002  11  3.5 1131   9  4.6 1354  27.2  29.8 1312  25.1 2359  25.2  29.9  24.0  89.4  74.0 1621  32.0  -9.0  -9.0 -9.00 1004.7 1010.2 1011.5  801 1008.9 1812  4.3  5.3 13.9 -9.0 -9.00 -9.00   -9    0.4   -9.0 -9.00    0.2   -9    0.2   -9   -9.0   -9   -9.0   -9   -9.0   -9 -99.0 -99.0 -99.0 -99.0 -99.0
20260805 131  1.3  1141   7  2.8 1324   5  5.9 1318  32.4  36.1 1704  28.8  519  23.0  34.8  26.6  58.1  47.0 1521  28.1   5.8   4.1 -9.00 1001.1 1007.6 1009.8  712 1005.2 1705  2.5  6.6 13.9 -9.0 18.85  2.90 1000   -9.0   -9.0 -9.00   -9.0   -9   -9.0   -9   -9.0   -9   -9.0   -9   -9.0   -9 -99.0 -99.0 -99.0 -99.0 -99.0
20260805 133  1.9  1653  16  3.6  948  11  6.1  942  31.3  35.4 1424  27.0  541  24.1  33.2  26.2  66.9  49.0 1604  30.1   7.6   5.3 -9.00 1000.6 1008.2 1010.2  612 1005.9 1658  2.9 12.2 13.9 -9.0 26.10  3.24 1200   -9.0   -9.0 -9.00   -9.0   -9   -9.0   -9   -9.0   -9   -9.0   -9   -9.0   -9  30.7  28.2  26.1  21.4  17.8
20260805 135  1.8  1579   7  4.4 2352   9  6.3 2350  28.2  33.0 1706  24.5  605  23.2  34.4  24.2  75.3  58.0 1524  28.4   6.8   4.7 -9.00  980.9 1008.2 1010.3  554 1005.6 1712  3.5  9.5 13.9 -9.0 23.61  3.42 1300   -9.0   -9.0 -9.00   -9.0   -9   -9.0   -9   -9.0   -9   -9.0   -9   -9.0   -9 -99.0 -99.0 -99.0 -99.0 -99.0
20260805 136  2.0  1719  11  4.7 1804  14  8.4 1854  29.4  35.7 1559  24.7  531  22.8  38.4  23.7  69.3  48.0 1535  27.8   7.3   5.1 -9.00  993.8 1009.6 1011.6  733 1006.8 1627  3.0  9.2 13.9 -9.0 23.11  3.43 1300   -9.0   -9.0 -9.00   -9.0   -9   -9.0   -9   -9.0   -9   -9.0   -9   -9.0   -9 -99.0 -99.0 -99.0 -99.0 -99.0
20260805 137  0.6   492   5  1.5 1401  34  3.6 1821  29.9  34.8 1349  25.7  327  24.3  35.5  24.2  73.3  53.0 1718  30.5   6.7   4.7 -9.00  997.0 1007.7 1009.9  713 1005.0 1824  3.9 10.9 13.9 -9.0 25.26  3.60 1300   -9.0   -9.0 -9.00   -9.0   -9   -9.0   -9   -9.0   -9   -9.0   -9   -9.0   -9 -99.0 -99.0 -99.0 -99.0 -99.0
20260805 138  2.4  2070   5  3.8 1643   7  5.8 1538  28.8  32.0 1310  26.8  510  23.5  38.8  25.5  74.0  61.0 1311  29.0   7.6   5.3 -9.00 1008.6 1009.0 1010.2    1 1007.6 1737  4.0 10.8 13.9 -9.0 26.29  3.37 1200    0.0   -9.0  0.33    0.0   -9    0.0   -9   -9.0   -9   -9.0   -9   -9.0   -9  28.4  23.8  21.9  18.4  16.5
20260805 140  1.3  1134  25  3.0 1758   7  5.5 1313  30.9  35.9 1609  26.9  535  26.6  38.5  25.2  79.6  55.0 1502  34.9  -9.0  -9.0 -9.00 1005.5 1008.6 1010.5  834 1006.6 1638  2.9 11.9 13.9 -9.0 -9.00 -9.00   -9    0.0   -9.0 -9.00    0.0   -9    0.0   -9   -9.0   -9   -9.0   -9   -9.0   -9 -99.0 -99.0 -99.0 -99.0 -99.0
20260805 143  2.6  2227   9  5.0 2056  11  8.3 2048  29.8  35.4 1617  26.2  538  22.1  36.9  25.0  65.1  43.0 1527  26.6   8.3   5.8 -9.00 1001.9 1007.9 1010.0  716 1005.2 1632  2.9  8.7 13.9 -9.0 22.88  3.43 1300   -9.0   -9.0 -9.00   -9.0   -9   -9.0   -9   -9.0   -9   -9.0   -9   -9.0   -9 -99.0 -99.0 -99.0 -99.0 -99.0
20260805 146  1.4  1226   2  3.5 1652   2  6.2 1645  31.6  36.8 1404  27.8  527  25.3  35.8  25.6  70.6  48.0 1406  32.2   5.3   3.7 -9.00 1000.8 1007.5 1009.6  706 1005.3 1641  4.6  5.2 13.9 -9.0 16.63  2.83 1300    0.2   -9.0  0.25    0.2   -9    0.2   -9   -9.0   -9   -9.0   -9   -9.0   -9 -99.0 -99.0 -99.0 -99.0 -99.0
20260805 152  2.5  2171   9  5.9 1134  11 10.0 1432  28.0  31.6 1254  25.8 2358  22.9  36.4  25.4  74.6  59.0 1010  27.9   7.6   5.3 -9.00  999.3 1008.5 1010.0    1 1006.8 1539  3.3  9.2 13.8 -9.0 24.76  3.40 1200   -9.0   -9.0 -9.00   -9.0   -9   -9.0   -9   -9.0   -9   -9.0   -9   -9.0   -9 -99.0 -99.0 -99.0 -99.0 -99.0
20260805 155  1.9  1604  18  4.7 1221  16  8.0 1448  29.3  34.6 1155  26.5 2357  24.3  36.9  24.1  75.1  57.0 1048  30.4   7.1   5.0 -9.00 1004.4 1008.3 1009.9    3 1006.4 1640  2.3 11.0 13.8 -9.0 24.53  3.42 1200   -9.0   -9.0 -9.00   -9.0   -9   -9.0   -9   -9.0   -9   -9.0   -9   -9.0   -9 -99.0 -99.0 -99.0 -99.0 -99.0
20260805 156  1.3  1165  16  4.2 1923  16  6.9 1921  30.3  36.3 1524  27.1  510  26.5  34.5  27.2  81.4  52.0 1445  34.6   5.7   4.0 -9.00  999.9 1007.8 1009.7  703 1005.1 1806  5.4  3.7 13.8 -9.0 18.74  2.97 1300    0.0   -9.0  0.67    0.0   -9    0.0   -9   -9.0   -9   -9.0   -9   -9.0   -9 -99.0 -99.0 -99.0 -99.0 -99.0
20260805 159  2.8  2444  14  4.3 1452   9 10.6 1754  29.6  33.6 1307  27.1 2339  23.3  36.1  24.3  69.5  58.0 1308  28.6   8.5   6.0 -9.00 1000.1 1007.9 1009.4    1 1006.1 1635  3.1 11.4 13.8 -9.0 27.04  3.51 1200   -9.0   -9.0 -9.00   -9.0   -9   -9.0   -9   -9.0   -9   -9.0   -9   -9.0   -9  29.9  26.5  24.3  18.8  18.0
20260805 162  1.9  1655  18  4.5 1433  18  6.7 1426  29.4  34.2 1414  26.3  457  23.1  35.7  23.5  70.3  53.0 1542  28.4   7.7   5.4 -9.00 1003.8 1007.3 1008.9    1 1005.4 1620  2.3 11.3 13.8 -9.0 25.61  3.25 1300   -9.0   -9.0 -9.00   -9.0   -9   -9.0   -9   -9.0   -9   -9.0   -9   -9.0   -9 -99.0 -99.0 -99.0 -99.0 -99.0
20260805 165  2.0  1723  23  4.9 1547  23  7.8 1543  29.1  33.4 1517  27.1  552  26.0  35.3  25.7  84.8  62.0 1456  33.5   6.2   4.3 -9.00 1003.3 1008.3 1010.1  816 1006.5 1629  6.1  5.5 13.8 -9.0 21.03  3.28 1300    6.8    5.8  1.42    5.8 1952    4.2 2030   -9.0   -9   -9.0   -9   -9.0   -9  30.6  26.7  24.8  20.5  17.4
20260805 168  1.9  1638  20  4.6 1740  20  6.5 1735  29.2  32.7 1406  26.9  416  24.5  36.2  27.2  76.4  60.0 1626  30.7   7.7   5.4 -9.00 1001.0 1008.4 1010.1  738 1006.6 1635  3.0 11.8 13.8 -9.0 26.66  3.39 1200    0.7   -9.0  1.43    0.7   25    0.3   48   -9.0   -9   -9.0   -9   -9.0   -9  32.2  27.8  24.6  19.7  17.4
20260805 169  2.2  1896  18  4.5 1336  18  6.0 1335  29.0  32.6 1433  26.1 2349  25.6  33.1  26.1  82.8  68.0 1501  32.8   6.5   4.6 -9.00 1000.0 1008.5 1010.2    1 1006.6 1807  5.1  8.7 13.8 -9.0 23.05  3.05 1300   -9.0   -9.0 -9.00   -9.0   -9   -9.0   -9   -9.0   -9   -9.0   -9   -9.0   -9 -99.0 -99.0 -99.0 -99.0 -99.0
20260805 170  2.1  1802  16  4.1 1622  18  6.5  417  29.8  35.1 1547  26.5 2352  24.8  36.8  26.9  75.6  55.0 1456  31.4   7.7   5.4 -9.00 1004.6 1008.5 1010.2  644 1006.5 1640  4.6  9.8 13.8 -9.0 24.93  3.42 1200    2.6   -9.0 -9.00    2.1  624    1.1  714   -9.0   -9   -9.0   -9   -9.0   -9 -99.0 -99.0 -99.0 -99.0 -99.0
20260805 172 -9.0    -9  29  5.2 1608  27  7.7 1600 -99.0  35.5 1508  26.7 2343 -99.0 -99.0  25.5  -9.0  59.0 1510  -9.0  -9.0  -9.0 -9.00   -9.0   -9.0 1009.4  848 1005.5 1646  6.1 -9.0 13.8 -9.0 -9.00  0.13 1100   16.6   -9.0 -9.00   16.6 2218   10.7 2248   -9.0   -9   -9.0   -9   -9.0   -9 -99.0 -99.0 -99.0 -99.0 -99.0
20260805 174  1.1   952  20  3.0 1525  14  5.4 1731  28.2  34.3 1410  24.9  117  23.6  33.8  25.6  77.9  53.0 1418  29.2  -9.0  -9.0 -9.00  988.2 1006.6 1008.4  622 1004.1 1634  4.4  7.7 13.8 -9.0 -9.00 -9.00   -9    0.3   -9.0 -9.00    0.3  242    0.3  332   -9.0   -9   -9.0   -9   -9.0   -9 -99.0 -99.0 -99.0 -99.0 -99.0
20260805 177  1.4  1208   7  3.5 1341   5  5.2 1400  31.1  36.2 1443  26.6  550  25.8  39.1  25.5  74.8  52.0 1417  33.1   7.4   5.2 -9.00 1003.6 1006.6 1008.5  716 1004.4 1817  2.8 12.4 13.9 -9.0 25.75  3.31 1300   -9.0   -9.0 -9.00   -9.0   -9   -9.0   -9   -9.0   -9   -9.0   -9   -9.0   -9 -99.0 -99.0 -99.0 -99.0 -99.0
20260805 181  1.1   942   5  3.1 1441  16  5.4 1454  29.9  35.5 1554  25.5  417  24.2  33.3  25.1  73.8  47.0 1519  30.3   7.2   5.1 -9.00 1004.5 1008.3 1010.4  708 1006.0 1704  2.9 10.4 13.9 -9.0 25.85  3.13 1100   -9.0   -9.0 -9.00   -9.0   -9   -9.0   -9   -9.0   -9   -9.0   -9   -9.0   -9 -99.0 -99.0 -99.0 -99.0 -99.0
20260805 184  3.6  3148   5  7.0 1220   5 10.7 1217  29.7  32.1 1755  27.7  727  24.9  38.4  27.9  76.5  56.0 1852  31.6   6.4   4.5 -9.00 1005.0 1007.3 1009.1  733 1005.5 1748  5.4  9.2 13.7 -9.0 20.44  3.05 1200    0.0    0.0  0.08    0.0   -9    0.0   -9   -9.0   -9   -9.0   -9   -9.0   -9  32.0  30.2  28.4  24.2  19.0
20260805 185  3.6  3144  18  7.3 1425  18  9.4 1408  27.7  32.2  950  26.0 2356  25.3  32.2  26.4  87.4  65.0  952  32.3   4.1   2.8 -9.00  999.1 1007.2 1008.9    1 1005.6 1747  4.9  3.7 13.7 -9.0 12.49  2.78 1200    2.1   -9.0 -9.00    2.1 1351    1.1 1441   -9.0   -9   -9.0   -9   -9.0   -9 -99.0 -99.0 -99.0 -99.0 -99.0
20260805 188  3.5  3040   5  6.3 1326   7  9.7 1007  29.7  32.4 1306  27.7  541  26.0  36.0  27.9  81.4  71.0 1248  33.7  -9.0  -9.0 -9.00 1005.7 1008.0 1009.5  744 1006.5 1734  4.4  7.2 13.7 -9.0 -9.00 -9.00   -9   -9.0   -9.0 -9.00   -9.0   -9   -9.0   -9   -9.0   -9   -9.0   -9   -9.0   -9 -99.0 -99.0 -99.0 -99.0 -99.0
20260805 189  2.8  2379   7  5.2 1130   9  9.1 1058  31.1  34.3 1453  29.0  500  24.7  38.1  27.7  69.4  59.0 1746  31.2   7.2   5.0 -9.00 1001.6 1007.4 1009.0  748 1005.6 1607  3.4  7.3 13.7 -9.0 20.29  2.95 1200   -9.0   -9.0 -9.00   -9.0   -9   -9.0   -9   -9.0   -9   -9.0   -9   -9.0   -9 -99.0 -99.0 -99.0 -99.0 -99.0
20260805 192  0.8   724  20  2.7 1603  20  4.9 1555  29.6  35.7 1445  26.0 2325  24.6  32.1  24.7  76.6  52.0 1450  30.9   5.8   4.0 -9.00 1004.8 1008.1 1010.0  719 1005.6 1656  4.1  8.2 13.8 -9.0 20.80  2.31 1500    0.0   -9.0 -9.00    0.0   -9    0.0   -9   -9.0   -9   -9.0   -9   -9.0   -9 -99.0 -99.0 -99.0 -99.0 -99.0
20260805 201  1.4  1196  25  3.3 1334  29  5.7 1406  29.9  33.5 1602  26.6  605  26.6  33.5  25.1  84.1  68.0 1419  34.9  -9.0  -9.0 -9.00 1003.6 1008.9 1011.0  732 1007.1 1657  2.6 10.2 14.0 -9.0 -9.00 -9.00   -9   -9.0   -9.0 -9.00   -9.0   -9   -9.0   -9   -9.0   -9   -9.0   -9   -9.0   -9 -99.0 -99.0 -99.0 -99.0 -99.0
20260805 202  1.1   967  25  2.4 1352  18  4.0 1945  30.2  35.3 1554  26.1  545  24.9  34.0  25.2  75.3  54.0 1508  31.5  -9.0  -9.0 -9.00 1003.2 1008.5 1010.9  714 1006.1 1725  2.4 10.9 14.0 -9.0 -9.00 -9.00   -9   -9.0   -9.0 -9.00   -9.0   -9   -9.0   -9   -9.0   -9   -9.0   -9   -9.0   -9 -99.0 -99.0 -99.0 -99.0 -99.0
20260805 203  0.6   558   9  1.6 1036   9  4.7 1323  30.5  36.0 1508  26.0  501  25.8  33.8  25.8  78.3  54.0 1502  33.2  -9.0  -9.0 -9.00  999.8 1008.7 1011.2  705 1006.4 1726  2.1 10.3 13.9 -9.0 -9.00 -9.00   -9   -9.0   -9.0 -9.00   -9.0   -9   -9.0   -9   -9.0   -9   -9.0   -9   -9.0   -9 -99.0 -99.0 -99.0 -99.0 -99.0
20260805 211  1.2  1044   2  2.9 1651   2  4.9 1651  28.5  36.8 1552  23.5  549  22.6  36.8  22.1  72.6  43.0 1536  27.4  -9.0  -9.0 -9.00  986.1 1008.7 1011.3  639 1005.6 1606  0.8 10.9 14.0 -9.0 -9.00 -9.00   -9   -9.0   -9.0 -9.00   -9.0   -9   -9.0   -9   -9.0   -9   -9.0   -9   -9.0   -9 -99.0 -99.0 -99.0 -99.0 -99.0
20260805 212  1.0   869  29  2.1 1226  34  4.0 1527  30.2  36.7 1525  25.2  551  23.3  37.2  24.1  68.8  46.0 1412  28.6  -9.0  -9.0 -9.00  993.1 1008.7 1011.4  714 1005.9 1734  1.3 12.6 14.0 -9.0 -9.00 -9.00   -9   -9.0   -9.0 -9.00   -9.0   -9   -9.0   -9   -9.0   -9   -9.0   -9   -9.0   -9 -99.0 -99.0 -99.0 -99.0 -99.0
20260805 216  1.5  1282  36  4.1 1354   5  7.9 1550  25.2  31.1 1307  22.0  607  21.8  31.5  21.8  82.6  59.0 1307  26.1   5.7   4.0 -9.00  931.5 1009.5 1011.5   11 1006.8 1515  5.0  6.4 13.9 -9.0 21.18  3.21 1300   -9.0   -9.0 -9.00   -9.0   -9   -9.0   -9   -9.0   -9   -9.0   -9   -9.0   -9 -99.0 -99.0 -99.0 -99.0 -99.0
20260805 217  1.3  1115   2  3.5 1632   5  6.6 1646  28.6  36.8 1521  22.9  544  22.7  36.3  22.9  73.3  47.0 1505  27.7  -9.0  -9.0 -9.00  974.6 1009.2 1011.8  716 1005.9 1534  3.3  8.5 14.0 -9.0 -9.00 -9.00   -9   -9.0   -9.0 -9.00   -9.0   -9   -9.0   -9   -9.0   -9   -9.0   -9   -9.0   -9 -99.0 -99.0 -99.0 -99.0 -99.0
20260805 221  1.0   832  18  2.9 1647  18  4.3 1638  28.2  34.8 1607  23.0  601  23.5  36.1  22.0  77.6  48.0 1623  29.0  -9.0  -9.0 -9.00  979.1 1008.5 1011.0  706 1005.7 1635  2.3 11.3 13.9 -9.0 -9.00 -9.00   -9   -9.0   -9.0 -9.00   -9.0   -9   -9.0   -9   -9.0   -9   -9.0   -9   -9.0   -9 -99.0 -99.0 -99.0 -99.0 -99.0
20260805 226  1.1   927  18  3.6 1308  20  6.9 1324  28.7  33.4 1612  23.8  543  23.8  34.4  21.9  76.6  56.0 1448  29.4  -9.0  -9.0 -9.00  989.5 1008.6 1010.8  631 1006.2 1711  2.9 12.4 13.9 -9.0 -9.00 -9.00   -9   -9.0   -9.0 -9.00   -9.0   -9   -9.0   -9   -9.0   -9   -9.0   -9   -9.0   -9 -99.0 -99.0 -99.0 -99.0 -99.0
20260805 232  1.1   952   9  2.7 1027  11  4.6 1019  30.1  35.0 1531  25.5  519  25.0  37.1  24.6  76.5  51.0 1645  31.6  -9.0  -9.0 -9.00  999.4 1008.9 1011.0  713 1006.5 1703  3.5 11.5 13.9 -9.0 -9.00 -9.00   -9   -9.0   -9.0 -9.00   -9.0   -9   -9.0   -9   -9.0   -9   -9.0   -9   -9.0   -9 -99.0 -99.0 -99.0 -99.0 -99.0
20260805 235  1.1   936  20  3.3 1433  20  5.8 1428  31.1  36.7 1336  27.3  555  26.1  37.5  26.2  76.1  56.0 1257  33.9   6.9   4.9 -9.00 1006.2 1007.3 1009.1  931 1005.6 1814  3.3 10.7 13.9 -9.0 24.19  3.32 1300   -9.0   -9.0 -9.00   -9.0   -9   -9.0   -9   -9.0   -9   -9.0   -9   -9.0   -9 -99.0 -99.0 -99.0 -99.0 -99.0
20260805 236  0.7   611   2  2.7 2233  36  5.4 1503  30.4  35.4 1521  26.0  507  25.7  33.7  25.9  78.0  53.0 1544  33.0  -9.0  -9.0 -9.00 1006.8 1008.3 1010.3  739 1006.2 1737  2.5 12.3 13.9 -9.0 -9.00 -9.00   -9   -9.0   -9.0 -9.00   -9.0   -9   -9.0   -9   -9.0   -9   -9.0   -9   -9.0   -9 -99.0 -99.0 -99.0 -99.0 -99.0
20260805 238  1.2  1015   7  2.7 1040  36  5.3 1524  30.1  35.7 1347  26.5  221  23.9  35.8  24.1  71.3  50.0 1342  29.6  -9.0  -9.0 -9.00  988.7 1007.6 1009.8  613 1005.2 1644  3.3  8.9 13.9 -9.0 -9.00 -9.00   -9   -9.0   -9.0 -9.00   -9.0   -9   -9.0   -9   -9.0   -9   -9.0   -9   -9.0   -9 -99.0 -99.0 -99.0 -99.0 -99.0
20260805 239  1.2  1066   9  2.5 1258   9  6.1 1249  30.5  35.6 1604  26.6  558  24.7  37.9  25.5  72.6  50.0 1603  31.2   7.2   5.0 -9.00  997.5 1007.5 1009.6  703 1004.9 1735  2.6 10.3 13.9 -9.0 25.14  3.28 1100   -9.0   -9.0 -9.00   -9.0   -9   -9.0   -9   -9.0   -9   -9.0   -9   -9.0   -9 -99.0 -99.0 -99.0 -99.0 -99.0
20260805 243  1.3  1155  32  3.4 1419  29  5.6 1412  30.4  35.1 1358  27.1  434  25.9  34.5  25.4  78.0  58.0 1404  33.4  -9.0  -9.0 -9.00 1006.8 1008.2 1010.0  729 1006.2 1635  4.0  7.3 13.8 -9.0 -9.00 -9.00   -9   -9.0   -9.0 -9.00   -9.0   -9   -9.0   -9   -9.0   -9   -9.0   -9   -9.0   -9 -99.0 -99.0 -99.0 -99.0 -99.0
20260805 244  0.8   662   7  2.3 1326  34  4.5 1158  29.0  34.6 1355  24.9  558  24.6  32.2  25.2  79.1  50.0 1404  31.0  -9.0  -9.0 -9.00  980.3 1007.7 1009.9  709 1005.0 1649  4.4  6.8 13.8 -9.0 -9.00 -9.00   -9   -9.0   -9.0 -9.00   -9.0   -9   -9.0   -9   -9.0   -9   -9.0   -9   -9.0   -9 -99.0 -99.0 -99.0 -99.0 -99.0
20260805 245  1.4  1180  34  4.3 1549  36  6.4 1545  30.6  35.9 1611  26.5  516  25.8  32.9  26.0  77.3  53.0 1446  33.3   5.0   3.5 -9.00 1000.2 1007.8 1009.7  710 1005.7 1630  5.3  4.9 13.8 -9.0 16.05  2.02 1100   -9.0   -9.0 -9.00   -9.0   -9   -9.0   -9   -9.0   -9   -9.0   -9   -9.0   -9 -99.0 -99.0 -99.0 -99.0 -99.0
20260805 247  1.2  1064  18  2.7 1618  29  5.5 1720  30.7  36.3 1541  25.9  559  24.9  35.6  25.5  73.0  52.0 1543  31.5  -9.0  -9.0 -9.00  992.6 1007.4 1009.7  659 1004.7 1653  5.0  8.6 13.8 -9.0 -9.00 -9.00   -9   -9.0   -9.0 -9.00   -9.0   -9   -9.0   -9   -9.0   -9   -9.0   -9   -9.0   -9 -99.0 -99.0 -99.0 -99.0 -99.0
20260805 248  0.8   726  36  3.2 1505  36  5.6 1555  27.5  33.6 1533  23.3  616  23.7  33.6  22.2  81.8  52.0 1422  29.3  -9.0  -9.0 -9.00  963.3 1008.2 1010.5  648 1005.5 1650  3.5  8.2 13.8 -9.0 -9.00 -9.00   -9   -9.0   -9.0 -9.00   -9.0   -9   -9.0   -9   -9.0   -9   -9.0   -9   -9.0   -9 -99.0 -99.0 -99.0 -99.0 -99.0
20260805 251  1.3  1143  29  4.0 1517  29  5.4 1503  29.9  35.0 1409  26.5  548  27.0  34.5  26.0  85.5  62.0 1259  35.7   4.5   3.2 -9.00 1002.1 1007.7 1009.5  654 1005.3 1809  5.8  4.9 13.8 -9.0 15.70  2.91 1200    0.0   -9.0 -9.00    0.0   -9    0.0   -9   -9.0   -9   -9.0   -9   -9.0   -9 -99.0 -99.0 -99.0 -99.0 -99.0
20260805 252  1.4  1191  18  3.6 2215  20  6.2 2214  29.5  33.9 1323  25.7 2243  26.3  33.1  25.2  84.1  67.0 1227  34.1   4.5   3.2 -9.00 1003.6 1007.8 1009.5  803 1005.5 1828  6.4  5.5 13.8 -9.0 17.61  2.54 1500   59.9   -9.0 -9.00   48.0 2152   13.7 2207   -9.0   -9   -9.0   -9   -9.0   -9 -99.0 -99.0 -99.0 -99.0 -99.0
20260805 253  1.4  1202  14  4.2 1549  14  7.6 1442  30.8  37.8 1316  27.0  445  23.8  36.5  25.0  67.4  46.0 1317  29.5   6.6   4.6 -9.00 1002.8 1008.9 1010.7    1 1006.6 1628  2.8  7.8 13.8 -9.0 20.66  3.08 1000   -9.0   -9.0 -9.00   -9.0   -9   -9.0   -9   -9.0   -9   -9.0   -9   -9.0   -9 -99.0 -99.0 -99.0 -99.0 -99.0
20260805 254  1.2  1052  36  3.4 1821  18  6.2 1812  29.8  36.1 1648  26.5  130  25.2  36.1  26.1  78.4  50.0 1511  32.0   5.9   4.1 -9.00  993.6 1008.1 1010.2  706 1005.3 1729  4.8  6.2 13.8 -9.0 20.57  2.74 1300    1.2   -9.0 -9.00    1.2   -9    1.2 1821   -9.0   -9   -9.0   -9   -9.0   -9 -99.0 -99.0 -99.0 -99.0 -99.0
20260805 255  1.4  1240   9  3.5 2347   9  7.0 2339  31.1  35.4 1233  27.9  510  23.8  33.5  24.1  66.0  51.0 1235  29.5   5.0   3.5 -9.00 1002.0 1007.7 1009.5    1 1005.3 1653  3.9  7.8 13.8 -9.0 15.47  2.27  900   -9.0   -9.0 -9.00   -9.0   -9   -9.0   -9   -9.0   -9   -9.0   -9   -9.0   -9 -99.0 -99.0 -99.0 -99.0 -99.0
20260805 257  2.6  2283  11  4.3 1738  11  9.0 1648  31.4  37.9 1413  27.9  513  24.5  37.5  25.8  68.1  46.0 1249  30.7   8.4   5.9 -9.00 1007.5 1008.2 1009.9    1 1006.1 1541  2.5  9.6 13.8 -9.0 24.65  3.38 1200   -9.0   -9.0 -9.00   -9.0   -9   -9.0   -9   -9.0   -9   -9.0   -9   -9.0   -9 -99.0 -99.0 -99.0 -99.0 -99.0
20260805 258  1.6  1398  20  3.5 1713  16  5.2  951  29.5  33.7 1343  26.4  503  25.7  32.5  26.1  81.4  62.0 1306  33.0   7.2   5.0 -9.00 1008.3 1008.5 1010.2  730 1006.3 1634  4.6  9.8 13.8 -9.0 25.62  3.48 1200    0.4   -9.0 -9.00    0.4   -9    0.4  344   -9.0   -9   -9.0   -9   -9.0   -9 -99.0 -99.0 -99.0 -99.0 -99.0
20260805 259  1.3  1155  20  2.7 1415  20  5.3 1414  29.6  34.2 1451  26.4  631  25.9  36.0  26.5  81.6  63.0 1602  33.4   6.0   4.2 -9.00 1006.1 1007.9 1009.7  626 1005.9 1637  5.0  6.5 13.8 -9.0 21.62  2.98 1400    1.4   -9.0 -9.00    1.3  542    1.2  629   -9.0   -9   -9.0   -9   -9.0   -9 -99.0 -99.0 -99.0 -99.0 -99.0
20260805 260  1.5  1256  16  4.2 1543  16  6.1 1456  29.2  34.0 1441  26.5 2358  25.8  34.7  26.1  82.9  66.0 1435  33.3  -9.0  -9.0 -9.00 1003.0 1008.0 1009.7  649 1005.8 1643  5.1  5.4 13.8 -9.0 -9.00 -9.00   -9    1.5   -9.0 -9.00    1.5  434    1.3  524   -9.0   -9   -9.0   -9   -9.0   -9 -99.0 -99.0 -99.0 -99.0 -99.0
20260805 261  1.4  1215  11  4.1 1209  27  5.1 1558  29.7  34.4 1447  26.8  533  26.2  36.0  22.5  82.3  64.0 1311  34.0  -9.0  -9.0 -9.00 1006.6 1008.4 1010.3  747 1006.3 1709  5.8  4.5 13.8 -9.0 -9.00 -9.00   -9    1.2   -9.0 -9.00    1.1  455    0.8  545   -9.0   -9   -9.0   -9   -9.0   -9 -99.0 -99.0 -99.0 -99.0 -99.0
20260805 262  1.3  1106  29  3.6 1252  29  5.6 1246  29.3  33.7 1423  25.8 2354  25.2  32.1  27.3  80.1  62.0 1444  32.1   5.7   4.0 -9.00 1002.4 1008.2 1009.9  756 1006.2 1626  3.9  8.0 13.8 -9.0 19.84  3.25 1100   14.0   -9.0 -9.00    8.3   34    4.9  124   -9.0   -9   -9.0   -9   -9.0   -9 -99.0 -99.0 -99.0 -99.0 -99.0
20260805 263  1.2  1051  14  3.8 1702   5  6.1 1120  31.0  37.8 1515  25.9  547  24.9  39.1  23.5  72.1  45.0 1452  31.4   6.5   4.5 -9.00 1006.4 1008.0 1010.0  704 1005.2 1638  3.5  6.7 13.8 -9.0 21.47  3.11 1100   -9.0   -9.0 -9.00   -9.0   -9   -9.0   -9   -9.0   -9   -9.0   -9   -9.0   -9 -99.0 -99.0 -99.0 -99.0 -99.0
20260805 264  1.0   863  11  2.5 1410   9  4.7 1431  30.9  36.7 1621  26.0  552  25.4  36.5  25.9  74.9  47.0 1625  32.4   7.2   5.0 -9.00  991.0 1007.9 1010.2  638 1005.0 1639  3.9  9.5 13.8 -9.0 25.52  3.34 1400   -9.0   -9.0 -9.00   -9.0   -9   -9.0   -9   -9.0   -9   -9.0   -9   -9.0   -9 -99.0 -99.0 -99.0 -99.0 -99.0
20260805 266  1.4  1172   9  3.1  945   7  6.0 1306  30.3  35.5 1449  26.9  533  25.4  38.5  26.7  77.1  52.0 1313  32.5   7.3   5.1 -9.00  998.7 1008.5 1010.2  648 1006.3 1641  4.3  9.8 13.8 -9.0 24.78  3.29 1100    0.0   -9.0 -9.00    0.0   -9    0.0   -9   -9.0   -9   -9.0   -9   -9.0   -9 -99.0 -99.0 -99.0 -99.0 -99.0
20260805 268  1.1   979  18  3.7 1411  18  5.3 1404  28.5  32.3 1346  26.2 2358  25.0  31.3  25.4  83.0  62.0 1551  31.8  -9.0  -9.0 -9.00 1006.0 1007.1 1008.8  800 1005.1 1648  5.0  5.1 13.8 -9.0 -9.00 -9.00   -9    5.1   -9.0 -9.00    4.5  501    3.7  521   -9.0   -9   -9.0   -9   -9.0   -9 -99.0 -99.0 -99.0 -99.0 -99.0
20260805 271  1.2  1062  14  3.2 1846  14  5.7 1840  27.1  33.5 1350  22.8   38  22.5  33.5  21.3  78.0  52.0 1355  27.3  -9.0  -9.0 -9.00  973.3 1009.4 1011.7   20 1006.9 1529  4.1  8.1 13.9 -9.0 -9.00 -9.00   -9   -9.0   -9.0 -9.00   -9.0   -9   -9.0   -9   -9.0   -9   -9.0   -9   -9.0   -9 -99.0 -99.0 -99.0 -99.0 -99.0
20260805 272  1.1   927  14  2.2  943  16  4.5 1510  28.6  34.4 1553  23.2  534  23.4  38.3  22.2  75.6  51.0 1424  28.7  -9.0  -9.0 -9.00  985.4 1009.0 1011.0  122 1006.1 1703  4.4 11.7 13.9 -9.0 -9.00 -9.00   -9   -9.0   -9.0 -9.00   -9.0   -9   -9.0   -9   -9.0   -9   -9.0   -9   -9.0   -9 -99.0 -99.0 -99.0 -99.0 -99.0
20260805 273  1.0   907  11  3.0 1152   9  4.8 1145  29.1  34.5 1609  24.2  553  24.2  39.6  21.7  76.1  54.0 1511  30.1  -9.0  -9.0 -9.00  989.1 1008.3 1010.4  715 1005.6 1728  3.9 11.3 13.9 -9.0 -9.00 -9.00   -9   -9.0   -9.0 -9.00   -9.0   -9   -9.0   -9   -9.0   -9   -9.0   -9   -9.0   -9 -99.0 -99.0 -99.0 -99.0 -99.0
20260805 276  1.2  1072  11  3.5 1554  29 10.5 1037  27.8  35.5 1445  23.0  438  23.8  32.8  21.1  81.0  52.0 1416  29.4   5.5   3.8 -9.00  985.4 1008.7 1010.5  536 1006.1 1537  4.6  6.0 13.9 -9.0 17.81  3.00 1300   -9.0   -9.0 -9.00   -9.0   -9   -9.0   -9   -9.0   -9   -9.0   -9   -9.0   -9 -99.0 -99.0 -99.0 -99.0 -99.0
20260805 277  1.5  1334  11  4.7 1540  11  7.3 1437  27.5  32.3 1227  24.8  550  23.5  36.4  24.1  79.9  62.0 1141  28.9  -9.0  -9.0 -9.00 1005.2 1009.8 1011.1  839 1008.6 1729  3.5  6.3 13.9 -9.0 -9.00 -9.00   -9   -9.0   -9.0 -9.00   -9.0   -9   -9.0   -9   -9.0   -9   -9.0   -9   -9.0   -9 -99.0 -99.0 -99.0 -99.0 -99.0
20260805 278  1.1   909   9  2.8 1716   9  5.1 1709  29.3  36.3 1545  23.6  526  23.2  40.4  22.2  72.5  44.0 1547  28.4  -9.0  -9.0 -9.00  998.7 1007.8 1009.9  713 1004.9 1740  3.1  8.6 13.9 -9.0 -9.00 -9.00   -9   -9.0   -9.0 -9.00   -9.0   -9   -9.0   -9   -9.0   -9   -9.0   -9   -9.0   -9 -99.0 -99.0 -99.0 -99.0 -99.0
20260805 279  1.1   992   9  2.8 2224   9  5.2 2216  31.1  37.3 1702  26.4  455  22.8  40.2  25.0  63.0  43.0 1523  27.7   7.1   5.0 -9.00 1002.7 1008.2 1010.5  722 1005.3 1808  3.5  8.3 13.9 -9.0 22.43  2.84 1200   -9.0   -9.0 -9.00   -9.0   -9   -9.0   -9   -9.0   -9   -9.0   -9   -9.0   -9 -99.0 -99.0 -99.0 -99.0 -99.0
20260805 281  1.8  1596  11  4.9 1654  14  7.6 1726  28.3  34.4 1402  24.2  520  22.7  37.0  22.4  73.6  50.0 1333  27.6  -9.0  -9.0 -9.00  998.6 1009.4 1011.2  725 1007.4 1522  4.0  8.2 13.9 -9.0 -9.00 -9.00   -9   -9.0   -9.0 -9.00   -9.0   -9   -9.0   -9   -9.0   -9   -9.0   -9   -9.0   -9 -99.0 -99.0 -99.0 -99.0 -99.0
20260805 283  2.7  2317   2  5.8 1644   2  9.3 1635  28.7  34.3 1228  25.0 2337  23.6  36.3  22.4  75.5  51.0 1456  29.2   6.8   4.7 -9.00 1004.9 1009.4 1011.0  721 1007.6 1540  4.5  7.9 13.8 -9.0 21.51  2.90 1400    0.0   -9.0 -9.00    0.0   -9    0.0   -9   -9.0   -9   -9.0   -9   -9.0   -9 -99.0 -99.0 -99.0 -99.0 -99.0
20260805 284  1.4  1230   9  3.1 1727  14  6.9 1107  29.7  36.9 1629  24.8  551  24.3  33.7  23.4  74.3  50.0 1633  30.3   6.1   4.3 -9.00  982.6 1007.9 1010.3  606 1004.9 1635  3.4  8.0 13.8 -9.0 20.43  3.34 1200   -9.0   -9.0 -9.00   -9.0   -9   -9.0   -9   -9.0   -9   -9.0   -9   -9.0   -9 -99.0 -99.0 -99.0 -99.0 -99.0
20260805 285  1.0   889   7  2.5 1059  36  5.4 1131  30.9  37.0 1629  25.4  555  24.1  37.7  25.6  69.5  44.0 1649  30.0  -9.0  -9.0 -9.00 1005.3 1008.2 1010.5  715 1005.5 1652  4.8 -9.0 13.8 -9.0 -9.00 -9.00   -9   -9.0   -9.0 -9.00   -9.0   -9   -9.0   -9   -9.0   -9   -9.0   -9   -9.0   -9 -99.0 -99.0 -99.0 -99.0 -99.0
20260805 288  1.7  1501   7  3.6 2144   7  5.9 2000  31.5  37.6 1636  26.4  545  23.1  36.1  26.6  62.9  42.0 1635  28.3   7.1   4.9 -9.00 1005.7 1006.6 1008.6  653 1004.0 1723  3.3  7.7 13.8 -9.0 21.35  3.06 1000   -9.0   -9.0 -9.00   -9.0   -9   -9.0   -9   -9.0   -9   -9.0   -9   -9.0   -9 -99.0 -99.0 -99.0 -99.0 -99.0
20260805 289  1.0   897   7  3.5 2049   5  6.9 1952  30.4  36.6 1448  26.0  600  24.7  36.3  24.1  73.4  48.0 1512  31.0  -9.0  -9.0 -9.00  993.3 1008.7 1010.9  705 1006.0 1623  4.6  7.0 13.8 -9.0 -9.00 -9.00   -9   -9.0   -9.0 -9.00   -9.0   -9   -9.0   -9   -9.0   -9   -9.0   -9   -9.0   -9 -99.0 -99.0 -99.0 -99.0 -99.0
20260805 294  2.0  1716  11  4.3 1727  14  9.9 2140  28.8  33.4 1433  26.0  529  23.2  37.1  23.3  72.9  57.0 1434  28.5  -9.0  -9.0 -9.00 1004.0 1009.1 1010.7  835 1007.6 1620  2.3 10.2 13.8 -9.0 -9.00 -9.00   -9   -9.0   -9.0 -9.00   -9.0   -9   -9.0   -9   -9.0   -9   -9.0   -9   -9.0   -9 -99.0 -99.0 -99.0 -99.0 -99.0
20260805 295  1.2  1006  11  2.6 1455   9  4.6 1718  28.9  34.3 1433  25.7 2353  24.3  34.8  24.0  78.0  56.0 1437  30.4  -9.0  -9.0 -9.00 1003.2 1008.4 1010.2  824 1006.4 1640  3.1 11.0 13.8 -9.0 -9.00 -9.00   -9    0.3   -9.0 -9.00    0.3    1    0.3    7   -9.0   -9   -9.0   -9   -9.0   -9 -99.0 -99.0 -99.0 -99.0 -99.0
20260805 296  2.9  2510   7  5.4 1752   7  9.2 1831  30.5  36.2 1316  27.1  524  24.3  36.2  24.1  70.8  50.0 1319  30.5   7.7   5.4 -9.00 1007.1 1007.4 1009.1    1 1005.3 1556  2.5  9.4 13.8 -9.0 23.03  3.00 1000   -9.0   -9.0 -9.00   -9.0   -9   -9.0   -9   -9.0   -9   -9.0   -9   -9.0   -9 -99.0 -99.0 -99.0 -99.0 -99.0
20260806  90  2.1  1820  14  4.9 1913  14  6.7 1337  28.0  31.0 1223  25.2 2400  24.4  35.8  24.6  81.6  70.0 1351  30.6   7.0   4.9 -9.00 1006.0 1008.0 1009.5    1 1006.5 1729  0.6 11.3 14.0 -9.0 26.41  3.39 1200   -9.0   -9.0 -9.00   -9.0   -9   -9.0   -9   -9.0   -9   -9.0   -9   -9.0   -9 -99.0 -99.0 -99.0 -99.0 -99.0
20260806  93  0.8   717   9  3.0 1254   9  9.1 1338  30.5  37.4 1601  24.0  537  23.3  37.7  23.8  69.1  37.0 1322  28.7   8.0   5.6 -9.00  995.7 1006.3 1009.1  630 1003.7 1801  0.0 12.7 14.0 -9.0 27.53  3.41 1200   -9.0   -9.0 -9.00   -9.0   -9   -9.0   -9   -9.0   -9   -9.0   -9   -9.0   -9  32.0  28.5  25.2  21.3  18.7
20260806  95  1.1   955  25  2.4 1432  25  4.7 1505  30.0  36.2 1616  23.6  554  24.5  35.9  23.1  75.0  48.0 1519  30.8   7.6   5.3 -9.00  989.1 1006.4 1009.1  618 1003.8 1647  0.1 12.1 14.0 -9.0 27.43  3.41 1200   -9.0   -9.0 -9.00   -9.0   -9   -9.0   -9   -9.0   -9   -9.0   -9   -9.0   -9 -99.0 -99.0 -99.0 -99.0 -99.0
20260806  98  0.6   485   9  1.6 1404   9  3.3 1402  30.9  36.8 1413  25.8  558  22.9  38.5  24.2  64.9  38.0 1348  28.1   7.1   5.0 -9.00  992.8 1005.6 1008.0  631 1003.4 1751  0.3 10.7 14.0 -9.0 25.66  3.34 1200   -9.0   -9.0 -9.00   -9.0   -9   -9.0   -9   -9.0   -9   -9.0   -9   -9.0   -9 -99.0 -99.0 -99.0 -99.0 -99.0
20260806  99  1.2  1036   9  3.0  254   9  4.8  704  30.6  36.0 1418  25.7  539  25.8  38.6  25.3  77.6  49.0 1413  33.2   7.1   5.0 -9.00 1002.9 1006.4 1008.5  633 1004.3 1752  0.0 12.2 14.0 -9.0 26.27  3.34 1200   -9.0   -9.0 -9.00   -9.0   -9   -9.0   -9   -9.0   -9   -9.0   -9   -9.0   -9 -99.0 -99.0 -99.0 -99.0 -99.0
20260806 100  1.5  1299   9  4.3 1729   9  6.5 1714  23.3  29.2 1332  18.7  549  21.2  31.3  19.5  89.1  66.0 1328  25.3   5.7   4.0 -9.00  923.3 1007.9 1010.8  538 1005.1 1454  2.3  8.4 13.9 -9.0 23.12  3.40 1300   -9.0   -9.0 -9.00   -9.0   -9   -9.0   -9   -9.0   -9   -9.0   -9   -9.0   -9 -99.0 -99.0 -99.0 -99.0 -99.0
20260806 101  1.7  1496   5  3.2 1251   7  5.4 1319  30.8  37.5 1626  24.7  558  22.5  38.1  23.3  64.9  35.0 1558  27.3   8.3   5.8 -9.00  996.8 1005.2 1008.0  548 1002.4 1750  0.1 12.7 14.0 -9.0 26.73  3.34 1200   -9.0   -9.0 -9.00   -9.0   -9   -9.0   -9   -9.0   -9   -9.0   -9   -9.0   -9  30.3  26.1  23.8  19.2  15.9
20260806 102  2.5  2191  32  4.6 1523  32  5.9 1515  28.4  32.8 1150  24.9  440  23.7  37.1  23.7  77.5  57.0  816  29.5   7.1   5.0 -9.00 1001.6 1005.6 1007.2    1 1004.2 1826  0.9 12.9 14.0 -9.0 27.03  3.35 1200   -9.0   -9.0 -9.00   -9.0   -9   -9.0   -9   -9.0   -9   -9.0   -9   -9.0   -9 -99.0 -99.0 -99.0 -99.0 -99.0
20260806 104  1.2  1052  11  3.6 1752  11  6.4 1147  27.1  31.2 1443  24.1  314  24.9  33.8  23.4  88.3  73.0 1430  31.5   6.7   4.7 -9.00  998.4 1006.9 1008.6  522 1005.3 1628  1.6 10.3 13.9 -9.0 26.78  3.38 1200   -9.0   -9.0 -9.00   -9.0   -9   -9.0   -9   -9.0   -9   -9.0   -9   -9.0   -9  29.2  25.8  23.0  17.8  14.8
20260806 105  1.7  1449   9  3.4 1738  11  6.1 1734  28.0  31.9 1307  25.6  504  23.5  34.8  24.8  77.1  62.0 1325  28.9   6.4   4.5 -9.00 1004.8 1007.9 1009.6  530 1006.2 1626  1.5  7.5 13.9 -9.0 22.22  3.21 1200   -9.0   -9.0 -9.00   -9.0   -9   -9.0   -9   -9.0   -9   -9.0   -9   -9.0   -9  29.9  26.4  24.4  19.0  16.3
20260806 106  1.5  1309   7  2.6 1319  16  5.1 1817  27.4  31.7 1258  24.1  545  23.6  35.2  22.4  81.0  66.0 1232  29.2   6.7   4.7 -9.00 1003.7 1008.3 1009.8  630 1006.9 1524  1.4  9.3 13.9 -9.0 25.42  3.34 1200   -9.0   -9.0 -9.00   -9.0   -9   -9.0   -9   -9.0   -9   -9.0   -9   -9.0   -9 -99.0 -99.0 -99.0 -99.0 -99.0
20260806 108  2.0  1718   5  3.1  725   7  6.5 1351  32.9  37.9 1605  28.9  615  24.3  38.1  24.7  62.0  36.0 1624  30.4   7.6   5.3 -9.00  996.2 1005.6 1007.9  646 1003.6 1756  1.5 11.0 13.9 -9.0 23.04  3.11 1400   -9.0   -9.0 -9.00   -9.0   -9   -9.0   -9   -9.0   -9   -9.0   -9   -9.0   -9  29.2  26.4  25.1  20.2  15.8
20260806 112  1.9  1650  25  3.9 1211  14  5.8  636  31.9  35.4 1631  29.3  608  26.3  35.6  26.2  73.3  58.0 1422  34.2   6.6   4.6 -9.00  998.0 1005.7 1007.4  643 1004.1 1753  1.8 10.6 13.9 -9.0 22.23  2.95 1400   -9.0   -9.0 -9.00   -9.0   -9   -9.0   -9   -9.0   -9   -9.0   -9   -9.0   -9  28.2  26.0  23.4  19.3  15.6
20260806 114  1.4  1183  32  2.6 1317  29  5.0 1547  30.9  36.2 1604  25.1  601  23.3  34.8  23.8  66.1  46.0 1325  28.6   7.0   4.9 -9.00  989.1 1005.7 1008.4  520 1003.2 1721  0.8 10.8 13.9 -9.0 23.31  3.21 1100   -9.0   -9.0 -9.00   -9.0   -9   -9.0   -9   -9.0   -9   -9.0   -9   -9.0   -9 -99.0 -99.0 -99.0 -99.0 -99.0
20260806 115  2.8  2461   5  5.4 2248   5  7.7 2240  26.4  30.0 1255  23.9  325  23.3  34.2  20.9  84.0  74.0 1259  28.7   6.5   4.6 -9.00  983.5 1008.3 1010.0  653 1006.9 1630  0.0  9.2 13.9 -9.0 24.79  3.33 1200   -9.0   -9.0 -9.00   -9.0   -9   -9.0   -9   -9.0   -9   -9.0   -9   -9.0   -9 -99.0  22.5  20.7  14.8  13.9
20260806 119  1.5  1339  16  3.4 1155  18  5.8 1234  31.4  36.1 1620  27.9  134  24.6  38.2  26.5  69.4  42.0 1511  31.1   5.8   4.1 -9.00 1001.0 1005.5 1007.6  640 1003.5 1641  1.0  8.6 13.9 -9.0 19.73  2.97 1200   -9.0   -9.0 -9.00   -9.0   -9   -9.0   -9   -9.0   -9   -9.0   -9   -9.0   -9  29.2  26.0  23.6  18.4  15.5
20260806 121  1.1   923  18  2.6 1348  14  5.1 1345  30.0  38.1 1329  22.7  553  22.8  39.5  23.5  68.9  41.0 1330  27.8   7.8   5.4 -9.00  980.0 1006.5 1009.9  621 1003.2 1638  1.5 11.3 13.9 -9.0 26.73  3.47 1200   -9.0   -9.0 -9.00   -9.0   -9   -9.0   -9   -9.0   -9   -9.0   -9   -9.0   -9 -99.0 -99.0 -99.0 -99.0 -99.0
20260806 127  1.3  1155   5  3.0 1445   2  5.5 1441  30.3  36.3 1628  25.5  552  23.5  35.1  24.3  68.5  44.0 1634  28.9   7.6   5.3 -9.00  992.5 1005.3 1007.7  611 1002.8 1636  0.9 11.1 13.9 -9.0 26.37  3.35 1100   -9.0   -9.0 -9.00   -9.0   -9   -9.0   -9   -9.0   -9   -9.0   -9   -9.0   -9 -99.0 -99.0 -99.0 -99.0 -99.0
20260806 129  1.3  1138  29  3.9 1633  29  7.3 1623  30.6  36.1 1453  26.7  603  25.6  32.8  23.7  76.9  44.0 1523  32.9   6.1   4.3 -9.00 1003.1 1005.9 1007.5    1 1004.1 1623  1.9  9.6 13.9 -9.0 21.12  3.25 1300   -9.0   -9.0 -9.00   -9.0   -9   -9.0   -9   -9.0   -9   -9.0   -9   -9.0   -9  28.5  25.9  23.5  18.7  16.1
20260806 130  1.5  1325  11  3.4 1236   7  5.2 1212  26.8  30.1 1153  23.6  441  24.0  32.6  22.2  85.8  66.0 1137  29.8  -9.0  -9.0 -9.00 1002.7 1008.3 1010.0  638 1007.1 1511  1.0 10.6 13.9 -9.0 -9.00 -9.00   -9   -9.0   -9.0 -9.00   -9.0   -9   -9.0   -9   -9.0   -9   -9.0   -9   -9.0   -9 -99.0 -99.0 -99.0 -99.0 -99.0
20260806 131  1.4  1187   7  3.1 1651   9  5.4 1156  32.6  37.0 1617  28.2  654  22.0  36.7  26.3  54.8  40.0 1718  26.4   7.7   5.4 -9.00  998.9 1005.4 1007.6  521 1003.1 1639  1.3  9.5 13.9 -9.0 24.62  3.67 1200   -9.0   -9.0 -9.00   -9.0   -9   -9.0   -9   -9.0   -9   -9.0   -9   -9.0   -9 -99.0 -99.0 -99.0 -99.0 -99.0
20260806 133  2.5  2172  14  4.5  151  11  7.1 1243  31.2  35.8 1525  26.8  556  23.3  33.8  25.9  64.4  45.0 1429  28.6   8.6   6.0 -9.00  998.5 1006.0 1008.2  615 1003.8 1757  1.6 11.2 13.9 -9.0 26.40  3.43 1200   -9.0   -9.0 -9.00   -9.0   -9   -9.0   -9   -9.0   -9   -9.0   -9   -9.0   -9  31.0  28.5  26.1  21.4  17.7
20260806 135  1.9  1638   5  4.1 1208   7  6.9 1207  27.8  33.4 1658  22.2  549  22.1  34.9  21.8  72.8  52.0 1455  26.6   7.8   5.4 -9.00  978.9 1006.2 1008.8  624 1003.6 1704  1.0 12.5 13.8 -9.0 28.09  3.55 1200   -9.0   -9.0 -9.00   -9.0   -9   -9.0   -9   -9.0   -9   -9.0   -9   -9.0   -9 -99.0 -99.0 -99.0 -99.0 -99.0
20260806 136  1.9  1629  11  4.9 1811   5  7.3 1254  29.3  36.4 1523  23.8  607  22.1  38.3  22.7  67.4  40.0 1659  26.6   8.5   6.0 -9.00  991.8 1007.6 1010.1  639 1004.6 1627  0.8 12.6 13.9 -9.0 27.74  3.56 1200   -9.0   -9.0 -9.00   -9.0   -9   -9.0   -9   -9.0   -9   -9.0   -9   -9.0   -9 -99.0 -99.0 -99.0 -99.0 -99.0
20260806 137  0.7   643   5  1.8  900   2  4.3 2249  29.6  35.2 1536  24.2  503  23.7  37.1  22.7  72.3  51.0 1640  29.4   7.3   5.1 -9.00  995.0 1005.8 1008.3  632 1003.1 1815  1.5 13.1 13.9 -9.0 27.43  3.41 1200   -9.0   -9.0 -9.00   -9.0   -9   -9.0   -9   -9.0   -9   -9.0   -9   -9.0   -9 -99.0 -99.0 -99.0 -99.0 -99.0
20260806 138  2.4  2063   9  4.0 1143   5  6.2 1016  28.4  31.5 1339  25.8  539  22.9  38.2  24.0  72.9  61.0 1332  27.9   7.6   5.3 -9.00 1006.7 1007.1 1008.9  644 1005.6 1907  1.0 12.6 13.8 -9.0 28.28  3.43 1200   -9.0   -9.0 -9.00   -9.0   -9   -9.0   -9   -9.0   -9   -9.0   -9   -9.0   -9  28.5  23.9  22.1  18.4  16.6
20260806 140  1.8  1598  27  4.0 1553  29  6.1 1543  30.9  36.0 1518  27.6  353  26.6  38.4  26.1  79.6  50.0 1403  34.9  -9.0  -9.0 -9.00 1003.3 1006.4 1008.2  501 1004.3 1807  2.4  9.8 13.8 -9.0 -9.00 -9.00   -9   -9.0   -9.0 -9.00   -9.0   -9   -9.0   -9   -9.0   -9   -9.0   -9   -9.0   -9 -99.0 -99.0 -99.0 -99.0 -99.0
20260806 143  2.7  2311  11  4.6 2205  11  7.2 2132  29.7  35.8 1413  25.0  537  20.4  37.8  23.6  59.6  37.0 1435  24.0   9.6   6.7 -9.00  999.9 1006.0 1008.5  643 1003.3 1540  1.4 12.4 13.8 -9.0 27.62  3.43 1200   -9.0   -9.0 -9.00   -9.0   -9   -9.0   -9   -9.0   -9   -9.0   -9   -9.0   -9 -99.0 -99.0 -99.0 -99.0 -99.0
20260806 146  1.7  1438  29  4.6 1729  18  6.9 1733  32.4  37.8 1454  27.8  603  24.8  38.5  25.1  66.9  40.0 1458  31.4   7.3   5.1 -9.00  998.6 1005.3 1007.6  625 1002.9 1558  2.4  8.8 13.8 -9.0 22.13  3.43 1200   -9.0   -9.0 -9.00   -9.0   -9   -9.0   -9   -9.0   -9   -9.0   -9   -9.0   -9 -99.0 -99.0 -99.0 -99.0 -99.0
20260806 152  2.4  2033   9  6.1 1245  11  9.5 1238  27.5  31.7 1341  23.8  459  20.9  35.7  22.8  69.0  49.0 1708  24.8   7.8   5.5 -9.00  997.4 1006.5 1008.4  621 1004.4 1825  1.4 12.0 13.8 -9.0 26.67  3.41 1200   -9.0   -9.0 -9.00   -9.0   -9   -9.0   -9   -9.0   -9   -9.0   -9   -9.0   -9 -99.0 -99.0 -99.0 -99.0 -99.0
20260806 155  1.8  1564  18  5.1 1216  16  8.6 1415  29.5  34.8 1150  25.9  133  22.8  36.7  23.4  68.4  45.0 1040  27.8   8.1   5.7 -9.00 1002.3 1006.2 1008.4  648 1004.2 1813  0.4 12.3 13.8 -9.0 26.68  3.34 1200   -9.0   -9.0 -9.00   -9.0   -9   -9.0   -9   -9.0   -9   -9.0   -9   -9.0   -9 -99.0 -99.0 -99.0 -99.0 -99.0
20260806 156  1.8  1558  16  4.1 1718  25  8.4 1802  31.0  36.5 1445  27.3  538  25.6  33.8  26.1  75.1  50.0 1441  32.9   6.3   4.4 -9.00  997.6 1005.5 1007.9    1 1002.9 1609  2.5  7.3 13.8 -9.0 21.15  3.28 1100   -9.0   -9.0 -9.00   -9.0   -9   -9.0   -9   -9.0   -9   -9.0   -9   -9.0   -9 -99.0 -99.0 -99.0 -99.0 -99.0
20260806 159  2.6  2245  14  4.9 1423  11  9.5 1417  29.7  33.7 1328  26.2  503  21.0  36.1  22.0  60.3  47.0 1636  24.9   9.2   6.4 -9.00  998.0 1005.8 1008.0  631 1003.9 1815  0.4 12.1 13.8 -9.0 28.27  3.51 1200   -9.0   -9.0 -9.00   -9.0   -9   -9.0   -9   -9.0   -9   -9.0   -9   -9.0   -9  29.9  26.6  24.4  18.9  18.0
20260806 162  2.2  1942  20  4.6 1422   2  6.7  926  29.3  34.6 1350  25.5  608  21.8  35.3  22.3  65.4  50.0 1140  26.2   8.6   6.0 -9.00 1001.7 1005.2 1007.4  632 1003.3 1721  1.6 12.1 13.8 -9.0 27.08  3.37 1200   -9.0   -9.0 -9.00   -9.0   -9   -9.0   -9   -9.0   -9   -9.0   -9   -9.0   -9 -99.0 -99.0 -99.0 -99.0 -99.0
20260806 165  2.1  1787  23  6.4 1631  25  9.2 1625  28.8  33.7 1437  26.4  547  26.1  35.4  24.3  86.3  67.0 1329  33.8   5.5   3.9 -9.00 1000.9 1006.0 1008.2    1 1003.8 1608  2.4  7.4 13.8 -9.0 20.80  2.74 1400    5.5    5.5  0.93    5.5 1616    2.9 1638   -9.0   -9   -9.0   -9   -9.0   -9  30.3  27.0  25.0  20.6  17.4
20260806 168  2.6  2222   9  6.3  743   9  8.4  736  29.2  32.6 1459  26.6  559  22.9  36.1  26.1  69.8  55.0 1242  27.9   8.6   6.0 -9.00  998.8 1006.1 1008.1    1 1004.3 1803  1.3 12.6 13.8 -9.0 27.53  3.45 1200   -9.0   -9.0 -9.00   -9.0   -9   -9.0   -9   -9.0   -9   -9.0   -9   -9.0   -9  32.0  28.0  24.7  19.7  17.5
20260806 169  2.4  2114  18  4.5 1737  18  6.4 1732  29.2  33.5 1317  25.3  607  25.1  34.3  26.3  79.8  65.0 1210  32.0   7.2   5.0 -9.00  997.7 1006.1 1008.1    1 1004.6 1857  2.9 12.1 13.7 -9.0 26.35  3.35 1200   -9.0   -9.0 -9.00   -9.0   -9   -9.0   -9   -9.0   -9   -9.0   -9   -9.0   -9 -99.0 -99.0 -99.0 -99.0 -99.0
20260806 170  1.8  1585  16  5.4 1249  16  8.0 1258  29.4  34.9 1528  24.8  528  24.1  37.9  25.0  74.8  53.0 1626  30.0   8.2   5.7 -9.00 1002.1 1006.1 1008.2    1 1004.3 1751  1.4 12.7 13.7 -9.0 27.13  3.42 1200   -9.0   -9.0 -9.00   -9.0   -9   -9.0   -9   -9.0   -9   -9.0   -9   -9.0   -9 -99.0 -99.0 -99.0 -99.0 -99.0
20260806 172  1.3  1095   7  2.3 1246   7  4.1 1241 -99.0  34.3 1258  27.0  750 -99.0  31.5  30.2  -9.0  61.0 1300  -9.0  -9.0  -9.0 -9.00   -9.0   -9.0 1009.4  848 1004.8 1255  3.8  1.2 13.8 -9.0  4.25  3.27 1200   -9.0   -9.0 -9.00   -9.0   -9   -9.0   -9   -9.0   -9   -9.0   -9   -9.0   -9 -99.0 -99.0 -99.0 -99.0 -99.0
20260806 174  1.2  1055  20  4.0 1437  23  6.2 1353  28.1  35.0 1413  22.8  600  23.0  35.0  23.4  76.3  48.0 1414  28.0  -9.0  -9.0 -9.00  985.9 1004.3 1006.7    1 1002.2 1410  1.8 11.4 13.8 -9.0 -9.00 -9.00   -9   -9.0   -9.0 -9.00   -9.0   -9   -9.0   -9   -9.0   -9   -9.0   -9   -9.0   -9 -99.0 -99.0 -99.0 -99.0 -99.0
20260806 177  1.3  1132   5  3.6 1103  27  5.1 1600  31.4  37.2 1651  26.6  532  25.3  39.7  25.3  72.5  47.0 1613  32.2   8.0   5.6 -9.00 1001.4 1004.4 1006.2  617 1002.4 1756  1.3 12.2 13.9 -9.0 26.91  3.39 1300   -9.0   -9.0 -9.00   -9.0   -9   -9.0   -9   -9.0   -9   -9.0   -9   -9.0   -9 -99.0 -99.0 -99.0 -99.0 -99.0
20260806 181  1.6  1425  18  3.8 1039  20  5.9 1122  29.7  35.0 1540  25.5  445  23.2  33.2  24.2  70.1  46.0 1722  28.5   7.8   5.5 -9.00 1002.4 1006.1 1008.2  522 1003.9 1636  1.3 11.0 13.9 -9.0 26.69  3.45 1200   -9.0   -9.0 -9.00   -9.0   -9   -9.0   -9   -9.0   -9   -9.0   -9   -9.0   -9 -99.0 -99.0 -99.0 -99.0 -99.0
20260806 184  3.8  3308   7  6.8 1336   7 11.9 1322  28.8  31.5 1604  26.8  516  24.5  37.2  26.0  78.1  66.0 1441  30.7   6.3   4.4 -9.00 1002.7 1005.0 1006.8    1 1003.4 1819  6.1  8.1 13.7 -9.0 18.95  3.16 1300    0.0   -9.0  2.00    0.0   -9    0.0   -9   -9.0   -9   -9.0   -9   -9.0   -9  32.1  30.3  28.5  24.0  18.9
20260806 185  3.7  3192  32  7.6 1315  16 11.5 1723  28.6  32.2 1217  25.8  458  24.4  32.7  25.9  79.0  63.0 1936  30.7   7.4   5.1 -9.00  996.4 1004.4 1006.9   11 1002.3 1717  1.0 11.6 13.7 -9.0 25.45  3.32 1200   -9.0   -9.0 -9.00   -9.0   -9   -9.0   -9   -9.0   -9   -9.0   -9   -9.0   -9 -99.0 -99.0 -99.0 -99.0 -99.0
20260806 188  3.9  3359   5  6.4 1117   5 11.2 1226  29.4  31.6 1323  28.4  538  25.6  34.3  27.9  80.1  70.0 1320  32.7  -9.0  -9.0 -9.00 1003.2 1005.5 1007.2   15 1003.9 1828  3.3  5.9 13.7 -9.0 -9.00 -9.00   -9   -9.0   -9.0 -9.00   -9.0   -9   -9.0   -9   -9.0   -9   -9.0   -9   -9.0   -9 -99.0 -99.0 -99.0 -99.0 -99.0
20260806 189  3.5  3035   7  5.9 1557   9 13.2 1436  31.1  34.4 1325  28.4  558  23.8  38.9  26.8  66.1  53.0 1327  29.4   9.5   6.7 -9.00  998.9 1004.7 1006.8   20 1002.9 1822  1.6 11.8 13.7 -9.0 26.48  3.36 1300   -9.0   -9.0 -9.00   -9.0   -9   -9.0   -9   -9.0   -9   -9.0   -9   -9.0   -9 -99.0 -99.0 -99.0 -99.0 -99.0
20260806 192  0.9   802  27  3.1 1550  25  5.7 1551  29.4  36.6 1419  24.0  540  23.4  32.7  22.7  72.5  42.0 1421  28.7   7.3   5.1 -9.00 1002.7 1006.0 1008.3  636 1003.6 1529  1.4 11.2 13.8 -9.0 25.54  3.45 1200   -9.0   -9.0 -9.00   -9.0   -9   -9.0   -9   -9.0   -9   -9.0   -9   -9.0   -9 -99.0 -99.0 -99.0 -99.0 -99.0
20260806 201  1.6  1375  29  3.6 1243  29  6.0 1421  30.1  33.6 1154  26.5 2345  25.9  33.4  24.8  79.4  60.0 1148  33.5  -9.0  -9.0 -9.00 1001.3 1006.6 1008.4  627 1005.0 1846  0.8 11.3 13.9 -9.0 -9.00 -9.00   -9   -9.0   -9.0 -9.00   -9.0   -9   -9.0   -9   -9.0   -9   -9.0   -9   -9.0   -9 -99.0 -99.0 -99.0 -99.0 -99.0
20260806 202  1.1   990  23  2.3 1211  27  4.4 1203  30.3  34.9 1549  25.8  603  23.6  36.8  24.2  69.5  48.0 1542  29.1  -9.0  -9.0 -9.00 1001.1 1006.4 1008.7  644 1004.3 1739  0.0 12.2 13.9 -9.0 -9.00 -9.00   -9   -9.0   -9.0 -9.00   -9.0   -9   -9.0   -9   -9.0   -9   -9.0   -9   -9.0   -9 -99.0 -99.0 -99.0 -99.0 -99.0
20260806 203  0.6   538   7  1.9 1141  16  4.0 1239  30.6  36.2 1603  25.4  512  24.8  37.2  25.0  74.0  49.0 1304  31.4  -9.0  -9.0 -9.00  997.7 1006.6 1008.9  636 1004.4 1731  0.1 10.5 13.9 -9.0 -9.00 -9.00   -9   -9.0   -9.0 -9.00   -9.0   -9   -9.0   -9   -9.0   -9   -9.0   -9   -9.0   -9 -99.0 -99.0 -99.0 -99.0 -99.0
20260806 211  1.5  1338   2  3.1 1622   2  6.1 1601  28.3  35.8 1534  22.6  556  21.9  36.3  21.1  70.8  40.0 1525  26.3  -9.0  -9.0 -9.00  984.2 1006.7 1009.6  537 1003.9 1614  0.0 10.8 14.0 -9.0 -9.00 -9.00   -9   -9.0   -9.0 -9.00   -9.0   -9   -9.0   -9   -9.0   -9   -9.0   -9   -9.0   -9 -99.0 -99.0 -99.0 -99.0 -99.0
20260806 212  1.0   861  32  2.0 1508   5  3.7 1528  30.1  37.0 1533  23.7  537  22.0  36.8  22.3  65.3  40.0 1501  26.5  -9.0  -9.0 -9.00  991.1 1006.7 1009.5  529 1003.9 1749  0.3 12.3 13.9 -9.0 -9.00 -9.00   -9   -9.0   -9.0 -9.00   -9.0   -9   -9.0   -9   -9.0   -9   -9.0   -9   -9.0   -9 -99.0 -99.0 -99.0 -99.0 -99.0
20260806 216  1.4  1216   2  4.1 1710   5  6.4 1706  24.9  31.9 1409  19.0  537  21.1  31.4  19.0  81.1  54.0 1327  25.0   6.3   4.4 -9.00  929.7 1007.7 1011.1  618 1004.2 1604  2.3  7.4 13.9 -9.0 23.02  3.64 1200   -9.0   -9.0 -9.00   -9.0   -9   -9.0   -9   -9.0   -9   -9.0   -9   -9.0   -9 -99.0 -99.0 -99.0 -99.0 -99.0
20260806 217  1.5  1291   5  3.3 1840  34  5.5 1053  28.6  37.4 1609  23.0  404  22.7  38.3  22.7  73.0  45.0 1541  27.6  -9.0  -9.0 -9.00  972.6 1007.1 1010.3  606 1003.4 1630  0.8  9.2 13.9 -9.0 -9.00 -9.00   -9   -9.0   -9.0 -9.00   -9.0   -9   -9.0   -9   -9.0   -9   -9.0   -9   -9.0   -9 -99.0 -99.0 -99.0 -99.0 -99.0
20260806 221  1.1   950   7  2.8  838   7  4.7  833  28.0  34.7 1559  22.6  446  22.9  36.8  21.0  76.5  46.0 1624  27.9  -9.0  -9.0 -9.00  977.1 1006.5 1009.2  619 1003.6 1626  1.1 10.8 13.9 -9.0 -9.00 -9.00   -9   -9.0   -9.0 -9.00   -9.0   -9   -9.0   -9   -9.0   -9   -9.0   -9   -9.0   -9 -99.0 -99.0 -99.0 -99.0 -99.0
20260806 226  1.4  1244  18  3.9 1353  20  6.7 1335  28.3  33.9 1505  23.7  554  22.9  34.7  21.2  74.8  50.0 1507  27.9  -9.0  -9.0 -9.00  987.4 1006.6 1009.0  622 1004.2 1615  1.3 12.6 13.9 -9.0 -9.00 -9.00   -9   -9.0   -9.0 -9.00   -9.0   -9   -9.0   -9   -9.0   -9   -9.0   -9   -9.0   -9 -99.0 -99.0 -99.0 -99.0 -99.0
20260806 232  1.2  1029   9  3.5 1515   7  5.7 1506  29.5  35.4 1611  25.3 2357  24.3  38.1  23.6  76.6  47.0 1432  30.4  -9.0  -9.0 -9.00  997.3 1006.7 1008.7  537 1004.5 1808  0.6 12.1 13.9 -9.0 -9.00 -9.00   -9   -9.0   -9.0 -9.00   -9.0   -9   -9.0   -9   -9.0   -9   -9.0   -9   -9.0   -9 -99.0 -99.0 -99.0 -99.0 -99.0
20260806 235  1.4  1190  20  3.7 1409  23  5.3 1343  31.1  35.5 1449  27.3  530  26.6  36.3  26.1  77.8  62.0 1451  34.7   5.9   4.2 -9.00 1004.1 1005.2 1006.7  406 1003.6 1805  1.5  9.4 13.9 -9.0 21.01  2.83 1400   -9.0   -9.0 -9.00   -9.0   -9   -9.0   -9   -9.0   -9   -9.0   -9   -9.0   -9 -99.0 -99.0 -99.0 -99.0 -99.0
20260806 236  0.8   653  11  2.3 1113   2  5.0 1315  30.9  35.8 1615  27.0  204  24.8  33.9  26.3  72.8  48.0 1656  31.4  -9.0  -9.0 -9.00 1004.6 1006.1 1008.0  732 1004.1 1806  1.9 11.5 13.8 -9.0 -9.00 -9.00   -9   -9.0   -9.0 -9.00   -9.0   -9   -9.0   -9   -9.0   -9   -9.0   -9   -9.0   -9 -99.0 -99.0 -99.0 -99.0 -99.0
20260806 238  1.2  1028   9  2.7 1520   7  5.6 1217  30.1  36.4 1505  25.7  335  23.0  36.8  23.1  68.3  45.0 1454  28.1  -9.0  -9.0 -9.00  986.7 1005.5 1007.9  647 1003.0 1552  1.1 10.9 13.8 -9.0 -9.00 -9.00   -9   -9.0   -9.0 -9.00   -9.0   -9   -9.0   -9   -9.0   -9   -9.0   -9   -9.0   -9 -99.0 -99.0 -99.0 -99.0 -99.0
20260806 239  1.4  1192   9  2.8 1009  11  5.3 1617  30.7  35.7 1608  26.6  606  23.3  38.7  25.6  66.6  45.0 1503  28.6   7.9   5.5 -9.00  995.3 1005.3 1007.6  703 1002.9 1627  1.3 11.2 13.9 -9.0 26.50  3.38 1200   -9.0   -9.0 -9.00   -9.0   -9   -9.0   -9   -9.0   -9   -9.0   -9   -9.0   -9 -99.0 -99.0 -99.0 -99.0 -99.0
20260806 243  1.4  1229  29  3.6 1650  29  6.6 1741  30.3  36.4 1357  26.8  520  26.0  34.7  24.5  79.4  48.0 1421  33.7  -9.0  -9.0 -9.00 1004.6 1006.0 1007.9  805 1004.1 1635  2.4  7.4 13.8 -9.0 -9.00 -9.00   -9   -9.0   -9.0 -9.00   -9.0   -9   -9.0   -9   -9.0   -9   -9.0   -9   -9.0   -9 -99.0 -99.0 -99.0 -99.0 -99.0
20260806 244  0.7   645  16  2.4 1359  14  3.9 1356  29.1  35.6 1524  25.2  544  24.0  32.2  24.5  76.6  44.0 1536  29.9  -9.0  -9.0 -9.00  978.2 1005.5 1007.8  632 1002.7 1618  2.8  8.6 13.8 -9.0 -9.00 -9.00   -9   -9.0   -9.0 -9.00   -9.0   -9   -9.0   -9   -9.0   -9   -9.0   -9   -9.0   -9 -99.0 -99.0 -99.0 -99.0 -99.0
20260806 245  2.1  1791  34  4.6 1511   2  7.2 1421  31.2  36.9 1448  26.6  601  25.8  36.7  25.4  75.0  48.0 1449  33.2   6.8   4.7 -9.00  998.0 1005.6 1007.6  631 1003.3 1621  2.9  9.7 13.8 -9.0 21.11  3.11 1400   -9.0   -9.0 -9.00   -9.0   -9   -9.0   -9   -9.0   -9   -9.0   -9   -9.0   -9 -99.0 -99.0 -99.0 -99.0 -99.0
20260806 247  1.7  1475  23  3.2 1753  20  6.1 1510  30.6  37.9 1510  25.4  530  23.8  36.2  24.2  69.5  42.0 1512  29.5  -9.0  -9.0 -9.00  990.5 1005.3 1007.7  637 1002.6 1620  2.4  9.3 13.8 -9.0 -9.00 -9.00   -9   -9.0   -9.0 -9.00   -9.0   -9   -9.0   -9   -9.0   -9   -9.0   -9   -9.0   -9 -99.0 -99.0 -99.0 -99.0 -99.0
20260806 248  0.9   736   9  3.1 1640   9  5.4 1451  27.8  35.2 1355  22.4  513  22.2  36.4  20.9  75.6  40.0 1453  26.7  -9.0  -9.0 -9.00  961.3 1006.1 1008.8  628 1003.1 1623  2.3 10.8 13.8 -9.0 -9.00 -9.00   -9   -9.0   -9.0 -9.00   -9.0   -9   -9.0   -9   -9.0   -9   -9.0   -9   -9.0   -9 -99.0 -99.0 -99.0 -99.0 -99.0
20260806 251  1.4  1227  29  4.1 1433  29  6.9 1430  29.7  35.9 1346  25.6  550  26.9  34.6  24.9  86.1  56.0 1408  35.4   5.3   3.7 -9.00  999.8 1005.4 1007.6    1 1003.2 1636  3.6  8.0 13.8 -9.0 18.93  2.29 1300    0.6   -9.0 -9.00    0.6   -9    0.6 2005   -9.0   -9   -9.0   -9   -9.0   -9 -99.0 -99.0 -99.0 -99.0 -99.0
20260806 252  1.0   835  16  3.5 1912  18  6.9 1903  28.7  34.6 1314  25.7    2  26.5  30.3  25.2  88.5  62.0 1254  34.5   5.7   4.0 -9.00 1001.5 1005.6 1007.6    8 1003.4 1823  4.1  7.1 13.8 -9.0 21.28  3.17 1200   26.1   -9.0 -9.00   26.1 1858   16.0 1917   -9.0   -9   -9.0   -9   -9.0   -9 -99.0 -99.0 -99.0 -99.0 -99.0
20260806 253  1.4  1203  11  4.5 1539  14  8.1 1441  31.1  38.0 1350  25.2  515  22.1  37.4  22.8  60.4  44.0 1339  26.8   8.3   5.8 -9.00 1000.7 1006.8 1009.1  638 1004.9 1837  1.6 11.4 13.8 -9.0 26.42  3.52 1200   -9.0   -9.0 -9.00   -9.0   -9   -9.0   -9   -9.0   -9   -9.0   -9   -9.0   -9 -99.0 -99.0 -99.0 -99.0 -99.0
20260806 254  1.4  1201  27  3.8 1926  27  6.7 1921  30.5  37.2 1729  26.0  515  24.2  36.2  25.0  72.3  41.0 1724  30.3   7.5   5.2 -9.00  991.5 1005.8 1008.2  630 1003.1 1627  2.8  8.9 13.8 -9.0 24.85  3.53 1200   -9.0   -9.0 -9.00   -9.0   -9   -9.0   -9   -9.0   -9   -9.0   -9   -9.0   -9 -99.0 -99.0 -99.0 -99.0 -99.0
20260806 255  1.5  1308   9  3.5 1415   7  8.5 1235  31.6  38.1 1426  26.2  508  22.0  34.0  21.6  58.3  41.0 1305  26.5   7.1   5.0 -9.00  999.9 1005.6 1008.0  558 1003.4 1526  1.5 10.9 13.8 -9.0 21.56  3.12 1200   -9.0   -9.0 -9.00   -9.0   -9   -9.0   -9   -9.0   -9   -9.0   -9   -9.0   -9 -99.0 -99.0 -99.0 -99.0 -99.0
20260806 257  2.3  1997   5  3.5  741  11  8.4 1432  31.2  37.9 1413  26.4  418  22.6  37.1  23.9  61.6  44.0 1315  27.5   9.2   6.4 -9.00 1005.4 1006.1 1008.5  638 1004.2 1816  1.8 10.8 13.8 -9.0 26.28  3.34 1200   -9.0   -9.0 -9.00   -9.0   -9   -9.0   -9   -9.0   -9   -9.0   -9   -9.0   -9 -99.0 -99.0 -99.0 -99.0 -99.0
20260806 258  1.7  1446  20  4.3 1403  20  5.9 1403  29.2  34.4 1326  24.9  545  24.9  32.3  24.7  79.5  55.0 1404  31.6   7.6   5.3 -9.00 1005.9 1006.1 1008.5    1 1004.1 1745  1.6 12.0 13.8 -9.0 27.26  3.51 1200   -9.0   -9.0 -9.00   -9.0   -9   -9.0   -9   -9.0   -9   -9.0   -9   -9.0   -9 -99.0 -99.0 -99.0 -99.0 -99.0
20260806 259  1.0   857  20  2.8 1344  20  5.2 1342  29.6  35.8 1327  24.7  522  25.2  36.3  23.8  79.0  55.0 1328  32.0   7.2   5.1 -9.00 1003.7 1005.5 1007.7    1 1003.5 1746  2.0 11.3 13.8 -9.0 26.47  3.52 1200   -9.0   -9.0 -9.00   -9.0   -9   -9.0   -9   -9.0   -9   -9.0   -9   -9.0   -9 -99.0 -99.0 -99.0 -99.0 -99.0
20260806 260  1.4  1221  16  4.8 1530  14  7.8 1521  29.1  34.4 1308  24.5  523  25.0  36.1  24.1  79.9  59.0 1313  31.8  -9.0  -9.0 -9.00 1000.6 1005.6 1008.0    1 1003.6 1747  1.6 10.6 13.7 -9.0 -9.00 -9.00   -9   -9.0   -9.0 -9.00   -9.0   -9   -9.0   -9   -9.0   -9   -9.0   -9   -9.0   -9 -99.0 -99.0 -99.0 -99.0 -99.0
20260806 261  1.5  1304  25  4.7 1533  25  7.0 1448  29.0  35.4 1303  24.3  523  25.1  35.2  19.1  80.8  56.0 1235  31.9  -9.0  -9.0 -9.00 1004.2 1006.0 1008.2    1 1004.3 1423  2.4 11.1 13.7 -9.0 -9.00 -9.00   -9   -9.0   -9.0 -9.00   -9.0   -9   -9.0   -9   -9.0   -9   -9.0   -9   -9.0   -9 -99.0 -99.0 -99.0 -99.0 -99.0
20260806 262  1.3  1115  18  3.4 1500  25  6.4 1337  28.6  34.1 1218  23.8  518  23.7  33.3  26.0  77.0  54.0 1452  29.4   6.5   4.6 -9.00 1000.0 1005.9 1008.1    1 1004.1 1716  1.6 10.5 13.8 -9.0 22.97  3.22 1300   -9.0   -9.0 -9.00   -9.0   -9   -9.0   -9   -9.0   -9   -9.0   -9   -9.0   -9 -99.0 -99.0 -99.0 -99.0 -99.0
20260806 263  1.5  1304  14  4.3 1648  14  7.1 1656  30.5  38.5 1510  23.8  603  23.7  40.2  21.6  70.8  38.0 1521  29.3   8.5   5.9 -9.00 1004.3 1005.9 1008.4  611 1003.2 1623  1.5 10.8 13.8 -9.0 27.17  3.44 1200   -9.0   -9.0 -9.00   -9.0   -9   -9.0   -9   -9.0   -9   -9.0   -9   -9.0   -9 -99.0 -99.0 -99.0 -99.0 -99.0
20260806 264  1.0   906  11  3.2 1528  16  5.7 1623  30.4  37.4 1719  24.8  549  23.6  36.2  23.9  70.6  40.0 1704  29.1   7.6   5.3 -9.00  988.9 1005.8 1008.7  637 1002.9 1621  1.8 11.2 13.8 -9.0 26.55  3.47 1100   -9.0   -9.0 -9.00   -9.0   -9   -9.0   -9   -9.0   -9   -9.0   -9   -9.0   -9 -99.0 -99.0 -99.0 -99.0 -99.0
20260806 266  1.5  1323   9  3.6  725   9  8.9  935  30.4  35.8 1412  26.1  514  23.8  40.3  25.0  69.5  48.0 1243  29.4   8.3   5.8 -9.00  996.4 1006.2 1008.5   18 1004.3 1634  1.6 12.0 13.8 -9.0 26.74  3.47 1200   -9.0   -9.0 -9.00   -9.0   -9   -9.0   -9   -9.0   -9   -9.0   -9   -9.0   -9 -99.0 -99.0 -99.0 -99.0 -99.0
20260806 268  1.5  1268  32  4.2 1259  18  6.5 1327  28.3  34.2 1223  23.8  548  24.2  33.7  23.4  80.3  56.0 1122  30.2  -9.0  -9.0 -9.00 1003.5 1004.6 1006.8    1 1003.2 1706  2.3  9.6 13.7 -9.0 -9.00 -9.00   -9   -9.0   -9.0 -9.00   -9.0   -9   -9.0   -9   -9.0   -9   -9.0   -9   -9.0   -9 -99.0 -99.0 -99.0 -99.0 -99.0
20260806 271  1.3  1105  16  3.8 1315  16  6.3 1310  27.0  34.4 1438  20.8  519  21.3  36.0  18.9  74.3  44.0 1408  25.4  -9.0  -9.0 -9.00  971.4 1007.5 1010.2  609 1004.4 1640  0.4 11.8 13.9 -9.0 -9.00 -9.00   -9   -9.0   -9.0 -9.00   -9.0   -9   -9.0   -9   -9.0   -9   -9.0   -9   -9.0   -9 -99.0 -99.0 -99.0 -99.0 -99.0
20260806 272  1.1   945  29  2.7 1838   2  5.5 1418  28.3  34.8 1523  22.8  537  23.1  39.8  21.9  76.0  46.0 1653  28.2  -9.0  -9.0 -9.00  983.4 1007.0 1009.3  608 1004.1 1646  1.4 12.1 13.9 -9.0 -9.00 -9.00   -9   -9.0   -9.0 -9.00   -9.0   -9   -9.0   -9   -9.0   -9   -9.0   -9   -9.0   -9 -99.0 -99.0 -99.0 -99.0 -99.0
20260806 273  1.2  1048  11  2.8 1132  11  5.0 1212  28.3  34.7 1607  23.6  539  23.4  38.4  20.6  76.6  49.0 1609  28.8  -9.0  -9.0 -9.00  987.0 1006.4 1008.6  604 1003.7 1809  1.6 11.9 13.9 -9.0 -9.00 -9.00   -9   -9.0   -9.0 -9.00   -9.0   -9   -9.0   -9   -9.0   -9   -9.0   -9   -9.0   -9 -99.0 -99.0 -99.0 -99.0 -99.0
20260806 276  1.6  1382  14  4.4 1707  14  6.7 1705  27.8  36.6 1432  21.1  540  22.7  35.7  18.6  77.4  46.0 1435  27.6   8.0   5.6 -9.00  983.4 1006.7 1009.5  636 1003.8 1605  1.4 11.7 13.9 -9.0 27.54  3.74 1300   -9.0   -9.0 -9.00   -9.0   -9   -9.0   -9   -9.0   -9   -9.0   -9   -9.0   -9 -99.0 -99.0 -99.0 -99.0 -99.0
20260806 277  1.5  1296  11  4.1 1525   9  7.3 1158  26.4  32.5 1245  22.5  558  22.5  35.7  21.6  80.3  59.0 1121  27.2  -9.0  -9.0 -9.00 1003.5 1008.1 1009.8  631 1006.8 1427  1.9  8.8 13.9 -9.0 -9.00 -9.00   -9   -9.0   -9.0 -9.00   -9.0   -9   -9.0   -9   -9.0   -9   -9.0   -9   -9.0   -9 -99.0 -99.0 -99.0 -99.0 -99.0
20260806 278  1.0   879   9  2.9 1714  14  6.5 1841  29.0  37.4 1610  22.5  543  22.4  40.4  20.4  71.4  40.0 1607  27.1  -9.0  -9.0 -9.00  996.6 1005.7 1008.6  637 1002.8 1556  1.9  9.8 13.9 -9.0 -9.00 -9.00   -9   -9.0   -9.0 -9.00   -9.0   -9   -9.0   -9   -9.0   -9   -9.0   -9   -9.0   -9 -99.0 -99.0 -99.0 -99.0 -99.0
20260806 279  1.3  1123  11  3.2 1055   9  5.5 1056  30.7  38.4 1652  24.4  545  21.6  41.3  23.0  61.5  35.0 1557  25.8   7.9   5.5 -9.00 1000.7 1006.2 1008.8  620 1003.2 1643  1.4 10.8 13.8 -9.0 25.97  3.41 1200   -9.0   -9.0 -9.00   -9.0   -9   -9.0   -9   -9.0   -9   -9.0   -9   -9.0   -9 -99.0 -99.0 -99.0 -99.0 -99.0
20260806 281  2.0  1743  11  5.0 1555  11  8.9 1623  28.0  34.3 1334  23.0  537  21.6  35.6  21.3  70.9  43.0 1301  25.8  -9.0  -9.0 -9.00  996.8 1007.6 1009.7  623 1005.6 1523  0.8 12.3 13.8 -9.0 -9.00 -9.00   -9   -9.0   -9.0 -9.00   -9.0   -9   -9.0   -9   -9.0   -9   -9.0   -9   -9.0   -9 -99.0 -99.0 -99.0 -99.0 -99.0
20260806 283  2.6  2252  36  6.1 1623  34  9.5 1608  28.0  34.2 1512  22.8  513  21.9  36.1  20.0  72.4  41.0 1621  26.3   8.6   6.0 -9.00 1003.0 1007.5 1009.5  617 1005.6 1624  1.3 11.0 13.8 -9.0 26.67  3.54 1200   -9.0   -9.0 -9.00   -9.0   -9   -9.0   -9   -9.0   -9   -9.0   -9   -9.0   -9 -99.0 -99.0 -99.0 -99.0 -99.0
20260806 284  1.5  1334  14  3.9 1525  14  7.4 1518  30.0  37.6 1704  23.7  548  23.0  36.4  21.4  68.9  41.0 1601  28.0   7.7   5.4 -9.00  980.5 1005.8 1008.8  641 1002.8 1635  2.1 11.2 13.8 -9.0 25.51  3.34 1400   -9.0   -9.0 -9.00   -9.0   -9   -9.0   -9   -9.0   -9   -9.0   -9   -9.0   -9 -99.0 -99.0 -99.0 -99.0 -99.0
20260806 285  1.0   858  11  2.4 1751   9  5.3 1401  30.9  38.2 1517  24.7  550  22.9  40.7  23.6  65.8  39.0 1431  28.0  -9.0  -9.0 -9.00 1003.2 1006.2 1009.0  634 1003.5 1618  2.6 -9.0 13.8 -9.0 -9.00 -9.00   -9   -9.0   -9.0 -9.00   -9.0   -9   -9.0   -9   -9.0   -9   -9.0   -9   -9.0   -9 -99.0 -99.0 -99.0 -99.0 -99.0
20260806 288  1.6  1418  27  3.4 1313  18  8.2 1309  31.3  38.6 1331  25.4  412  21.6  35.2  24.9  58.8  37.0 1332  25.8   7.8   5.4 -9.00 1003.6 1004.5 1007.0  618 1002.1 1536  1.9  9.1 13.8 -9.0 23.25  3.46 1200   -9.0   -9.0 -9.00   -9.0   -9   -9.0   -9   -9.0   -9   -9.0   -9   -9.0   -9 -99.0 -99.0 -99.0 -99.0 -99.0
20260806 289  1.0   830   9  3.1 1523  32  5.5 1402  30.7  38.2 1558  25.1  505  23.8  36.6  22.4  69.3  41.0 1634  29.5  -9.0  -9.0 -9.00  991.3 1006.6 1009.2  630 1003.9 1625  2.4 10.6 13.8 -9.0 -9.00 -9.00   -9   -9.0   -9.0 -9.00   -9.0   -9   -9.0   -9   -9.0   -9   -9.0   -9   -9.0   -9 -99.0 -99.0 -99.0 -99.0 -99.0
20260806 294  2.0  1706   9  3.7 1253   5  8.7 1621  28.5  32.6 1229  24.9  544  21.9  38.5  21.5  68.6  56.0 1017  26.4  -9.0  -9.0 -9.00 1001.9 1007.0 1008.9  635 1005.3 1801  1.6 12.3 13.8 -9.0 -9.00 -9.00   -9   -9.0   -9.0 -9.00   -9.0   -9   -9.0   -9   -9.0   -9   -9.0   -9   -9.0   -9 -99.0 -99.0 -99.0 -99.0 -99.0
20260806 295  1.3  1085   7  3.7 1520   9  5.6 1457  28.6  35.1 1428  24.8  341  22.6  34.8  22.9  72.0  46.0 1439  27.5  -9.0  -9.0 -9.00 1001.1 1006.2 1008.5  631 1004.4 1715  1.5 12.1 13.8 -9.0 -9.00 -9.00   -9   -9.0   -9.0 -9.00   -9.0   -9   -9.0   -9   -9.0   -9   -9.0   -9   -9.0   -9 -99.0 -99.0 -99.0 -99.0 -99.0
20260806 296  2.6  2282   9  4.5 1438  14  8.4 1419  30.7  36.4 1416  25.6  400  22.4  36.5  21.8  62.8  48.0 1700  27.2   9.2   6.5 -9.00 1005.0 1005.3 1007.7  638 1003.4 1809  1.6 11.7 13.8 -9.0 27.03  3.35 1200   -9.0   -9.0 -9.00   -9.0   -9   -9.0   -9   -9.0   -9   -9.0   -9   -9.0   -9 -99.0 -99.0 -99.0 -99.0 -99.0
20260807  90  2.2  1859  14  5.4 1654  14  7.9 1648  27.2  30.6 1354  23.6  418  24.0  34.8  23.3  82.9  73.0 1219  29.8   6.5   4.6 -9.00 1004.2 1006.2 1008.2 2318 1004.2 1724  0.3 13.2 14.0 -9.0 26.73  3.38 1200   -9.0   -9.0 -9.00   -9.0   -9   -9.0   -9   -9.0   -9   -9.0   -9   -9.0   -9 -99.0 -99.0 -99.0 -99.0 -99.0
20260807  93  0.8   649  32  2.2 1419   7  7.2 1419  30.4  37.9 1534  23.8  554  23.5  38.1  23.7  70.3  38.0 1525  29.1   7.9   5.5 -9.00  994.3 1005.0 1006.6  552 1002.3 1723  0.1 12.7 13.9 -9.0 27.42  3.37 1200   -9.0   -9.0 -9.00   -9.0   -9   -9.0   -9   -9.0   -9   -9.0   -9   -9.0   -9  32.4  28.9  25.6  21.5  18.8
20260807  95  1.2  1009  23  3.3 1625  11  5.7 2335  29.9  35.4 1527  23.9  509  24.8  35.9  23.2  76.0  54.0 1352  31.2   7.9   5.5 -9.00  987.9 1005.1 1006.4  611 1002.9 1619  0.5 12.8 13.9 -9.0 27.35  3.44 1300   -9.0   -9.0 -9.00   -9.0   -9   -9.0   -9   -9.0   -9   -9.0   -9   -9.0   -9 -99.0 -99.0 -99.0 -99.0 -99.0
20260807  98  0.5   468  20  1.4 1049  34  3.7 1342  30.5  36.7 1413  26.0  608  23.2  36.9  24.0  66.6  44.0 1430  28.4   6.5   4.6 -9.00  991.5 1004.3 1005.3  609 1002.4 1616  0.8  9.8 13.9 -9.0 22.04  2.74 1000   -9.0   -9.0 -9.00   -9.0   -9   -9.0   -9   -9.0   -9   -9.0   -9   -9.0   -9 -99.0 -99.0 -99.0 -99.0 -99.0
20260807  99  0.9   811   9  2.2  509   7  4.2  427  30.5  36.8 1502  25.2  552  25.9  38.1  25.1  78.5  50.0 1610  33.4   7.2   5.0 -9.00 1001.5 1005.0 1006.0  744 1003.1 1619  0.1 12.0 13.9 -9.0 25.56  3.31 1200   -9.0   -9.0 -9.00   -9.0   -9   -9.0   -9   -9.0   -9   -9.0   -9   -9.0   -9 -99.0 -99.0 -99.0 -99.0 -99.0
20260807 100  1.7  1469   9  4.1 1421  11  6.7 1452  25.2  31.5 1257  19.2  431  21.9  32.6  20.0  83.8  58.0  959  26.4   6.7   4.7 -9.00  921.9 1005.7 1008.1    7 1002.8 1656  0.4 11.0 13.9 -9.0 27.10  3.53 1200   -9.0   -9.0 -9.00   -9.0   -9   -9.0   -9   -9.0   -9   -9.0   -9   -9.0   -9 -99.0 -99.0 -99.0 -99.0 -99.0
20260807 101  1.7  1485  32  2.9  212  32  4.6  151  30.7  38.1 1620  24.2  553  22.6  38.4  23.2  65.5  35.0 1624  27.4   8.1   5.7 -9.00  995.4 1003.8 1005.6  600 1001.0 1720  0.1 12.7 13.9 -9.0 26.56  3.32 1200   -9.0   -9.0 -9.00   -9.0   -9   -9.0   -9   -9.0   -9   -9.0   -9   -9.0   -9  30.4  26.3  24.0  19.2  15.9
20260807 102  2.2  1898  32  4.7 1538  29  6.8 1538  28.4  32.5 1045  25.2  351  25.2  37.3  24.2  83.6  63.0 1516  32.0   6.9   4.8 -9.00 1000.1 1004.1 1005.1 1042 1003.0 1814  0.6 12.2 13.9 -9.0 25.69  3.20 1200   -9.0   -9.0 -9.00   -9.0   -9   -9.0   -9   -9.0   -9   -9.0   -9   -9.0   -9 -99.0 -99.0 -99.0 -99.0 -99.0
20260807 104  1.2  1049  11  3.7 1249  11  5.8 1315  27.4  31.0 1333  23.3  455  25.0  34.1  22.5  87.5  74.0 1434  31.8   6.0   4.2 -9.00  996.6 1005.1 1006.8 2342 1003.0 1804  0.9 12.9 13.9 -9.0 27.14  3.35 1200   -9.0   24.6 -9.00   -9.0   -9   -9.0   -9   -9.0   -9   -9.0   -9   -9.0   -9  29.4  25.9  23.1  17.8  14.1
20260807 105  1.6  1425   9  3.2 1239   7  6.1 1416  28.4  31.7 1317  24.2  522  23.6  36.1  23.3  76.3  63.0 1517  29.2   6.3   4.4 -9.00 1003.0 1006.0 1007.8 2353 1003.9 1755  0.9 12.7 13.9 -9.0 25.46  3.17 1200   -9.0   -9.0 -9.00   -9.0   -9   -9.0   -9   -9.0   -9   -9.0   -9   -9.0   -9  30.0  26.5  24.5  19.0  16.2
20260807 106  1.7  1443  14  3.3 1341  16  6.7 1333  28.0  31.3 1427  23.7  503  24.7  36.1  21.8  83.6  66.0 1525  31.2   6.5   4.5 -9.00 1001.8 1006.4 1007.6    1 1004.6 1831  0.8 12.3 13.9 -9.0 27.11  3.36 1200   -9.0   -9.0 -9.00   -9.0   -9   -9.0   -9   -9.0   -9   -9.0   -9   -9.0   -9 -99.0 -99.0 -99.0 -99.0 -99.0
20260807 108  2.0  1753  32  3.7 1818  34  7.6 1809  33.1  38.0 1532  28.6  606  23.7  37.9  24.3  58.9  44.0 1432  29.3   8.1   5.7 -9.00  994.7 1004.2 1005.3  638 1002.2 1619  1.5 10.7 13.9 -9.0 22.02  3.00 1400   -9.0   -9.0 -9.00   -9.0   -9   -9.0   -9   -9.0   -9   -9.0   -9   -9.0   -9  29.3  26.5  25.2  20.2  15.8
20260807 112  2.0  1732  25  4.2 1209  25  6.1 1224  32.3  36.4 1520  29.0  639  26.1  35.8  25.6  71.1  52.0 1654  33.8   7.7   5.4 -9.00  996.6 1004.2 1005.1    1 1002.6 1730  0.8 11.5 13.9 -9.0 24.27  3.14 1100   -9.0   -9.0 -9.00   -9.0   -9   -9.0   -9   -9.0   -9   -9.0   -9   -9.0   -9  28.3  26.2  23.5  19.3  15.5
20260807 114  1.5  1261  36  2.7 1611   2  4.7 1105  31.8  37.7 1649  26.1  538  23.8  37.7  24.6  65.3  40.0 1724  29.5   7.7   5.4 -9.00  987.5 1004.0 1005.8  536 1001.6 1755  1.0 11.6 13.9 -9.0 24.97  3.37 1100   -9.0   -9.0 -9.00   -9.0   -9   -9.0   -9   -9.0   -9   -9.0   -9   -9.0   -9 -99.0 -99.0 -99.0 -99.0 -99.0
20260807 115  1.9  1626   5  3.8 2246   7  5.5  840  28.9  32.4 1316  25.3   21  25.0  35.7  20.3  80.0  63.0 1541  31.8   6.5   4.5 -9.00  981.8 1006.4 1007.9    1 1005.0 1533  1.6 12.2 13.9 -9.0 25.31  3.25 1200   -9.0   -9.0 -9.00   -9.0   -9   -9.0   -9   -9.0   -9   -9.0   -9   -9.0   -9 -99.0  22.7  20.8  14.7  13.7
20260807 119  1.5  1298  27  3.7 1654  29  5.8 1622  31.7  37.8 1551  27.0  555  23.8  38.0  24.8  65.3  37.0 1547  29.6   7.6   5.3 -9.00  999.4 1003.8 1005.0  647 1001.8 1736  0.5 11.3 13.9 -9.0 23.69  3.22 1100   -9.0   -9.0 -9.00   -9.0   -9   -9.0   -9   -9.0   -9   -9.0   -9   -9.0   -9  29.3  26.2  23.7  18.5  15.5
20260807 121  0.9   788  14  2.8 1439  18  5.1 1430  30.6  39.8 1336  23.3  530  22.1  38.3  24.0  65.4  34.0 1235  26.6   8.3   5.8 -9.00  978.3 1004.8 1007.1  512 1001.5 1623  0.0 12.5 13.9 -9.0 27.08  3.41 1200   -9.0   -9.0 -9.00   -9.0   -9   -9.0   -9   -9.0   -9   -9.0   -9   -9.0   -9 -99.0 -99.0 -99.0 -99.0 -99.0
20260807 127  1.1   916   7  2.3  831  11  5.1 2150  30.7  37.0 1521  23.9  510  22.0  35.8  22.7  63.0  39.0 1534  26.5   8.3   5.8 -9.00  990.9 1003.6 1005.2  706 1001.2 1739  0.0 12.5 13.9 -9.0 27.85  3.49 1200   -9.0   -9.0 -9.00   -9.0   -9   -9.0   -9   -9.0   -9   -9.0   -9   -9.0   -9 -99.0 -99.0 -99.0 -99.0 -99.0
20260807 129  1.8  1554   7  4.1 1724   7  7.5 1446  31.4  37.2 1554  26.6  534  23.4  33.9  23.5  65.9  36.0 1541  28.9   8.7   6.1 -9.00 1001.3 1004.2 1005.3   11 1002.6 1731  0.3 12.8 13.9 -9.0 27.03  3.39 1200   -9.0   -9.0 -9.00   -9.0   -9   -9.0   -9   -9.0   -9   -9.0   -9   -9.0   -9  28.6  26.0  23.6  18.8  16.1
20260807 130  1.6  1371  11  3.4 1055  11  5.0 1451  27.2  30.2 1433  22.8  518  24.7  34.5  21.2  87.3  73.0  824  31.2  -9.0  -9.0 -9.00 1000.9 1006.4 1008.0   16 1004.8 1621  1.1 12.3 13.9 -9.0 -9.00 -9.00   -9   -9.0   -9.0 -9.00   -9.0   -9   -9.0   -9   -9.0   -9   -9.0   -9   -9.0   -9 -99.0 -99.0 -99.0 -99.0 -99.0
20260807 131  1.4  1181   5  3.7 1623   5  6.4 1605  33.2  38.2 1554  27.3  540  21.3  37.6  24.2  51.5  34.0 1556  25.3   9.6   6.7 -9.00  997.2 1003.6 1005.1  647 1001.5 1752  0.3 12.6 13.8 -9.0 28.65  3.58 1200   -9.0   -9.0 -9.00   -9.0   -9   -9.0   -9   -9.0   -9   -9.0   -9   -9.0   -9 -99.0 -99.0 -99.0 -99.0 -99.0
20260807 133  2.1  1791  11  4.5 1245  14  8.1 1214  32.0  37.4 1456  26.3  557  22.8  35.2  25.0  59.5  38.0 1539  27.5   9.0   6.3 -9.00  996.7 1004.2 1005.7  718 1002.0 1741  1.4 13.1 13.8 -9.0 27.82  3.43 1200   -9.0   -9.0 -9.00   -9.0   -9   -9.0   -9   -9.0   -9   -9.0   -9   -9.0   -9  31.1  28.6  26.4  21.6  17.9
20260807 135  1.6  1393   7  5.1 1218   9  7.2 1237  28.2  34.5 1654  20.9  553  21.9  34.9  20.0  70.8  49.0 1644  26.4   7.7   5.4 -9.00  977.3 1004.4 1006.5  541 1001.7 1628  1.8 12.6 13.8 -9.0 27.62  3.46 1200   -9.0   -9.0 -9.00   -9.0   -9   -9.0   -9   -9.0   -9   -9.0   -9   -9.0   -9 -99.0 -99.0 -99.0 -99.0 -99.0
20260807 136  1.9  1652  11  4.8 1819  11  8.1 1742  30.3  37.9 1455  22.8  603  21.5  39.4  21.5  62.3  40.0 1334  25.7   9.3   6.5 -9.00  990.0 1005.6 1007.9   29 1002.7 1603  1.4 12.8 13.8 -9.0 27.79  3.45 1200   -9.0   -9.0 -9.00   -9.0   -9   -9.0   -9   -9.0   -9   -9.0   -9   -9.0   -9 -99.0 -99.0 -99.0 -99.0 -99.0
20260807 137  0.7   635   5  1.9 2323   5  4.3 2314  30.0  36.4 1625  23.5  528  23.7  38.1  21.5  70.9  50.0 1429  29.4   7.4   5.2 -9.00  993.2 1003.9 1005.7    2 1001.1 1754  1.4 13.3 13.8 -9.0 27.39  3.41 1200   -9.0   -9.0 -9.00   -9.0   -9   -9.0   -9   -9.0   -9   -9.0   -9   -9.0   -9 -99.0 -99.0 -99.0 -99.0 -99.0
20260807 138  2.2  1930   7  4.2 1554   5  6.3 1532  28.5  31.7 1419  25.3  533  24.5  38.3  23.5  79.6  68.0 1017  30.9   6.8   4.7 -9.00 1004.8 1005.2 1006.7    1 1003.7 1600  4.5 10.6 13.8 -9.0 26.43  3.45 1200   -9.0    0.4 -9.00   -9.0   -9   -9.0   -9   -9.0   -9   -9.0   -9   -9.0   -9  28.6  24.0  22.2  18.6  16.6
20260807 140  1.9  1682  34  4.4 1739  29  6.3 1533  31.8  36.8 1456  27.4  358  25.0  39.2  25.0  69.0  48.0 1437  31.6  -9.0  -9.0 -9.00 1001.4 1004.4 1005.9   35 1002.4 1727  1.3 12.9 13.8 -9.0 -9.00 -9.00   -9   -9.0   -9.0 -9.00   -9.0   -9   -9.0   -9   -9.0   -9   -9.0   -9   -9.0   -9 -99.0 -99.0 -99.0 -99.0 -99.0
20260807 143  2.3  1988  11  3.9   24  11  6.1   16  30.6  37.4 1451  24.9  523  21.6  39.2  23.7  61.0  36.0 1430  25.8   8.3   5.8 -9.00  997.9 1004.0 1006.2    9 1001.0 1557  3.3 12.7 13.8 -9.0 26.43  3.35 1200   -9.0   -9.0 -9.00   -9.0   -9   -9.0   -9   -9.0   -9   -9.0   -9   -9.0   -9 -99.0 -99.0 -99.0 -99.0 -99.0
20260807 146  2.0  1750  32  5.0 1722  34  8.2 1716  33.0  38.4 1511  27.0  556  22.9  38.4  23.2  57.9  38.0 1317  27.9   9.4   6.6 -9.00  996.7 1003.3 1005.3    8 1000.9 1746  1.8 12.4 13.8 -9.0 25.79  3.16 1100   -9.0   -9.0 -9.00   -9.0   -9   -9.0   -9   -9.0   -9   -9.0   -9   -9.0   -9 -99.0 -99.0 -99.0 -99.0 -99.0
20260807 152  2.4  2038  11  5.0 1417   9  9.1 1418  28.7  33.6 1309  23.6  530  22.2  37.6  21.9  69.1  52.0 1317  26.7   7.5   5.3 -9.00  995.4 1004.5 1006.3    1 1002.8 1606  3.8 10.7 13.8 -9.0 25.75  3.39 1200   -9.0   -9.0 -9.00   -9.0   -9   -9.0   -9   -9.0   -9   -9.0   -9   -9.0   -9 -99.0 -99.0 -99.0 -99.0 -99.0
20260807 155  2.1  1815  18  5.1 1419  18  8.8 1608  31.4  36.9 1234  26.2   54  21.7  37.5  23.3  57.8  40.0 1429  26.1   8.3   5.8 -9.00 1000.4 1004.3 1005.6    1 1002.4 1538  3.1 10.4 13.8 -9.0 25.50  3.19 1200   -9.0   -9.0 -9.00   -9.0   -9   -9.0   -9   -9.0   -9   -9.0   -9   -9.0   -9 -99.0 -99.0 -99.0 -99.0 -99.0
20260807 156  2.1  1851  36  4.4 1208   5  7.6 1609  32.4  38.4 1527  26.0  552  23.6  35.1  23.6  62.5  38.0 1512  29.2   9.3   6.5 -9.00  995.4 1003.1 1005.2    1 1000.7 1647  3.8 11.7 13.7 -9.0 25.73  3.11 1100   -9.0   -9.0 -9.00   -9.0   -9   -9.0   -9   -9.0   -9   -9.0   -9   -9.0   -9 -99.0 -99.0 -99.0 -99.0 -99.0
20260807 159  2.6  2248  14  4.1 1302   7  8.7  251  30.9  36.0 1233  27.1  425  22.2  36.9  23.2  60.3  50.0 1152  26.9   8.7   6.1 -9.00  996.1 1003.8 1005.0    1 1002.1 1539  3.3  9.0 13.8 -9.0 26.71  3.49 1200   -9.0   -9.0 -9.00   -9.0   -9   -9.0   -9   -9.0   -9   -9.0   -9   -9.0   -9  29.9  26.7  24.5  18.9  18.0
20260807 162  2.4  2038   5  5.0 1013   2  7.7 1746  30.5  36.3 1437  25.8  527  21.2  36.0  22.2  59.3  39.0 1311  25.2   8.8   6.1 -9.00  999.6 1003.1 1004.4    1 1001.4 1500  4.6 11.5 13.7 -9.0 27.37  3.30 1300   -9.0   -9.0 -9.00   -9.0   -9   -9.0   -9   -9.0   -9   -9.0   -9   -9.0   -9 -99.0 -99.0 -99.0 -99.0 -99.0
20260807 165  2.3  1987  32  6.3 1703  34  9.1 1654  30.9  36.3 1507  26.2  522  25.0  33.9  23.4  73.1  46.0 1505  31.9   8.3   5.8 -9.00  998.5 1003.5 1005.2    9 1001.5 1614  4.5 11.6 13.7 -9.0 25.19  3.25 1200   -9.0   -9.0 -9.00   -9.0   -9   -9.0   -9   -9.0   -9   -9.0   -9   -9.0   -9  30.0  27.0  25.1  20.7  17.4
20260807 168  4.5  3857   9  6.8  751   9 10.5 1049  30.8  34.3 1536  27.6  559  21.4  37.0  27.1  58.3  45.0 1303  25.5  10.6   7.4 -9.00  996.5 1003.8 1005.2    1 1002.2 1533  4.9 12.4 13.7 -9.0 26.71  3.20 1300   -9.0   -9.0 -9.00   -9.0   -9   -9.0   -9   -9.0   -9   -9.0   -9   -9.0   -9  32.0  28.1  24.9  19.8  17.5
20260807 169  3.8  3274  34  6.9 1634  36  8.9 1636  30.0  35.4 1422  26.5  455  26.3  35.3  25.6  82.1  60.0 1423  34.3   8.3   5.8 -9.00  995.3 1003.7 1005.1    1 1001.9 1619  4.0 13.0 13.7 -9.0 26.37  3.40 1200   -9.0   -9.0 -9.00   -9.0   -9   -9.0   -9   -9.0   -9   -9.0   -9   -9.0   -9 -99.0 -99.0 -99.0 -99.0 -99.0
20260807 170  3.6  3081   7  6.9  923  14 10.9 2244  31.1  36.6 1525  25.4  219  22.9  39.2  25.0  63.4  45.0 1350  28.0  10.1   7.1 -9.00  999.5 1003.4 1005.2   34 1001.9 1505  5.4 12.0 13.7 -9.0 26.71  3.38 1300   -9.0   -9.0 -9.00   -9.0   -9   -9.0   -9   -9.0   -9   -9.0   -9   -9.0   -9 -99.0 -99.0 -99.0 -99.0 -99.0
20260807 174  1.7  1437  14  5.6 1757  14  9.4 1753  28.6  36.1 1529  21.3  550  21.1  34.6  21.8  67.8  38.0 1613  25.0  -9.0  -9.0 -9.00  983.9 1002.2 1004.3    1  999.5 1611  4.8 12.5 13.7 -9.0 -9.00 -9.00   -9   -9.0   -9.0 -9.00   -9.0   -9   -9.0   -9   -9.0   -9   -9.0   -9   -9.0   -9 -99.0 -99.0 -99.0 -99.0 -99.0
20260807 177  1.6  1348  23  3.6 1424  36  5.7 1420  31.5  37.3 1628  26.2  516  24.5  39.4  25.0  69.0  42.0 1332  30.8   8.3   5.8 -9.00  999.6 1002.7 1003.9   33 1000.7 1749  0.3 12.9 13.8 -9.0 26.93  3.36 1200   -9.0   -9.0 -9.00   -9.0   -9   -9.0   -9   -9.0   -9   -9.0   -9   -9.0   -9 -99.0 -99.0 -99.0 -99.0 -99.0
20260807 181  1.3  1149   5  3.9 1527   2  5.6 1520  29.8  36.0 1511  23.6  501  22.4  33.7  22.3  68.0  40.0 1611  27.2   8.4   5.9 -9.00 1000.7 1004.4 1005.8  648 1002.2 1804  0.6 13.3 13.8 -9.0 27.43  3.44 1200   -9.0   -9.0 -9.00   -9.0   -9   -9.0   -9   -9.0   -9   -9.0   -9   -9.0   -9 -99.0 -99.0 -99.0 -99.0 -99.0
20260807 184  4.3  3672   7  7.1 1607   7 12.0 1025  29.5  33.2 1539  27.1  328  24.6  36.5  27.6  75.6  57.0 1538  31.0   5.2   3.7 -9.00  999.8 1002.1 1003.8    1 1000.7 1541  8.4  4.4 13.7 -9.0 12.80  2.27 1300   -9.0   -9.0 -9.00   -9.0   -9   -9.0   -9   -9.0   -9   -9.0   -9   -9.0   -9  32.1  29.8  28.6  23.9  19.0
20260807 185  4.7  4071  25  7.6 1436  27 12.8 1300  29.8  34.6 1157  26.3  112  23.9  33.1  25.9  72.3  51.0 1153  29.7   7.6   5.3 -9.00  993.1 1001.0 1003.3    1  999.4 1406  6.5  6.7 13.6 -9.0 21.92  3.61 1200   -9.0   -9.0 -9.00   -9.0   -9   -9.0   -9   -9.0   -9   -9.0   -9   -9.0   -9 -99.0 -99.0 -99.0 -99.0 -99.0
20260807 188  4.4  3818   5  6.9 1516   5 11.1 1033  29.7  32.1 1518  28.3  616  25.9  32.4  27.7  80.5  70.0 1513  33.5  -9.0  -9.0 -9.00 1000.4 1002.7 1004.0    1 1001.5 1835  7.4  1.3 13.6 -9.0 -9.00 -9.00   -9   -9.0   -9.0 -9.00   -9.0   -9   -9.0   -9   -9.0   -9   -9.0   -9   -9.0   -9 -99.0 -99.0 -99.0 -99.0 -99.0
20260807 189  4.2  3664   7  7.0 1208   9 13.9 1209  30.7  33.1 1222  29.3  604  24.3  35.8  27.6  69.1  60.0 1320  30.3   6.2   4.3 -9.00  996.2 1001.9 1003.4    1 1000.7 1628  7.9  3.5 13.6 -9.0 16.34  2.74 1200   -9.0   -9.0 -9.00   -9.0   -9   -9.0   -9   -9.0   -9   -9.0   -9   -9.0   -9 -99.0 -99.0 -99.0 -99.0 -99.0
20260807 192  1.2  1042   9  3.8 1807   9  7.8 1803  30.3  38.0 1415  23.2  510  22.2  35.5  21.7  64.9  40.0 1513  26.8   8.0   5.6 -9.00 1000.8 1004.1 1005.6    1 1001.6 1539  3.5 11.8 13.8 -9.0 26.90  3.47 1200   -9.0   -9.0 -9.00   -9.0   -9   -9.0   -9   -9.0   -9   -9.0   -9   -9.0   -9 -99.0 -99.0 -99.0 -99.0 -99.0
20260807 201  1.2  1024  25  3.2 1343  25  5.4 1352  29.9  34.9 1406  25.7  348  25.7  33.7  23.6  80.0  56.0 1355  33.0  -9.0  -9.0 -9.00  999.9 1005.2 1006.2  943 1003.6 1827  0.3 11.6 13.9 -9.0 -9.00 -9.00   -9   -9.0   -9.0 -9.00   -9.0   -9   -9.0   -9   -9.0   -9   -9.0   -9   -9.0   -9 -99.0 -99.0 -99.0 -99.0 -99.0
20260807 202  1.1   993  18  2.3 1050  18  3.7 1403  30.5  36.3 1439  25.7  541  23.6  38.4  24.1  69.1  40.0 1409  29.1  -9.0  -9.0 -9.00  999.5 1004.8 1006.2  933 1002.7 1839  0.0 12.3 13.9 -9.0 -9.00 -9.00   -9   -9.0   -9.0 -9.00   -9.0   -9   -9.0   -9   -9.0   -9   -9.0   -9   -9.0   -9 -99.0 -99.0 -99.0 -99.0 -99.0
20260807 203  0.6   517   9  1.5  920  36  3.2 1312  30.8  37.1 1516  25.1  551  25.3  39.8  23.3  75.0  44.0 1541  32.2  -9.0  -9.0 -9.00  996.1 1005.0 1006.4  639 1002.8 1803  0.3 10.5 13.9 -9.0 -9.00 -9.00   -9   -9.0   -9.0 -9.00   -9.0   -9   -9.0   -9   -9.0   -9   -9.0   -9   -9.0   -9 -99.0 -99.0 -99.0 -99.0 -99.0
20260807 211  1.4  1244   5  2.6 2347   7  6.0 2313  28.3  36.2 1539  21.8  543  21.9  36.5  20.1  70.8  42.0 1629  26.4  -9.0  -9.0 -9.00  982.6 1005.1 1007.3  547 1002.0 1621  0.0 10.9 13.9 -9.0 -9.00 -9.00   -9   -9.0   -9.0 -9.00   -9.0   -9   -9.0   -9   -9.0   -9   -9.0   -9   -9.0   -9 -99.0 -99.0 -99.0 -99.0 -99.0
20260807 212  1.0   903  34  2.2 1247  32  4.5 1423  30.0  37.0 1329  24.3  542  22.2  36.5  22.5  66.5  39.0 1330  26.8  -9.0  -9.0 -9.00  989.6 1005.2 1006.9  601 1002.5 1743  0.1 12.5 13.9 -9.0 -9.00 -9.00   -9   -9.0   -9.0 -9.00   -9.0   -9   -9.0   -9   -9.0   -9   -9.0   -9   -9.0   -9 -99.0 -99.0 -99.0 -99.0 -99.0
20260807 216  1.4  1225   2  4.3 1607   5  7.0 1604  26.6  34.6 1430  19.6  558  20.3  33.4  19.7  72.9  34.0 1423  24.0   7.4   5.2 -9.00  928.1 1005.5 1008.2  522 1001.5 1525  0.5 10.6 13.9 -9.0 26.42  3.49 1200   -9.0   -9.0 -9.00   -9.0   -9   -9.0   -9   -9.0   -9   -9.0   -9   -9.0   -9 -99.0 -99.0 -99.0 -99.0 -99.0
20260807 217  1.5  1262  18  3.7  642  29  5.0 1340  30.3  39.5 1549  24.2  210  23.5  38.7  23.7  70.4  38.0 1609  29.1  -9.0  -9.0 -9.00  970.8 1005.0 1007.6    1 1001.2 1618  2.5  9.4 13.9 -9.0 -9.00 -9.00   -9   -9.0   -9.0 -9.00   -9.0   -9   -9.0   -9   -9.0   -9   -9.0   -9   -9.0   -9 -99.0 -99.0 -99.0 -99.0 -99.0
20260807 221  0.9   820   7  2.2  752  11  4.3 1348  28.6  36.0 1634  23.0  452  22.8  37.9  21.3  74.6  38.0 1700  27.8  -9.0  -9.0 -9.00  975.5 1004.8 1006.7  109 1002.0 1610  0.4 12.5 13.9 -9.0 -9.00 -9.00   -9   -9.0   -9.0 -9.00   -9.0   -9   -9.0   -9   -9.0   -9   -9.0   -9   -9.0   -9 -99.0 -99.0 -99.0 -99.0 -99.0
20260807 226  1.0   849  18  3.8 1418  20  6.1 1406  28.6  35.1 1511  22.1  537  22.7  34.6  18.7  74.3  44.0 1539  27.7  -9.0  -9.0 -9.00  985.7 1004.7 1006.6    1 1002.3 1755  0.8 12.4 13.8 -9.0 -9.00 -9.00   -9   -9.0   -9.0 -9.00   -9.0   -9   -9.0   -9   -9.0   -9   -9.0   -9   -9.0   -9 -99.0 -99.0 -99.0 -99.0 -99.0
20260807 232  1.1   921  11  2.9 1244   9  5.5 1301  29.5  36.2 1546  23.3  524  23.2  38.2  22.0  72.8  42.0 1321  28.5  -9.0  -9.0 -9.00  995.6 1005.1 1006.4  117 1002.9 1730  0.4 12.7 13.9 -9.0 -9.00 -9.00   -9   -9.0   -9.0 -9.00   -9.0   -9   -9.0   -9   -9.0   -9   -9.0   -9   -9.0   -9 -99.0 -99.0 -99.0 -99.0 -99.0
20260807 235  2.1  1801   2  4.3 2330   2  7.3 2328  32.5  38.4 1429  26.8  330  24.2  37.7  25.2  64.1  37.0 1340  30.3   9.3   6.5 -9.00 1002.1 1003.2 1004.4   41 1001.5 1753  1.8 11.6 13.8 -9.0 26.60  3.36 1200   -9.0   -9.0 -9.00   -9.0   -9   -9.0   -9   -9.0   -9   -9.0   -9   -9.0   -9 -99.0 -99.0 -99.0 -99.0 -99.0
20260807 236  1.0   855   5  2.5 1329  36  4.7 1218  30.9  36.6 1447  25.9  600  24.1  34.7  25.2  69.8  44.0 1708  30.1  -9.0  -9.0 -9.00 1002.7 1004.2 1005.7    1 1002.4 1732  1.3 13.1 13.8 -9.0 -9.00 -9.00   -9   -9.0   -9.0 -9.00   -9.0   -9   -9.0   -9   -9.0   -9   -9.0   -9   -9.0   -9 -99.0 -99.0 -99.0 -99.0 -99.0
20260807 238  1.1   990   7  2.9 1527  11  6.4  909  30.2  37.6 1413  23.4  551  22.5  36.9  20.8  67.1  41.0 1515  27.3  -9.0  -9.0 -9.00  984.9 1003.7 1005.5  528 1001.2 1612  1.5 11.7 13.8 -9.0 -9.00 -9.00   -9   -9.0   -9.0 -9.00   -9.0   -9   -9.0   -9   -9.0   -9   -9.0   -9   -9.0   -9 -99.0 -99.0 -99.0 -99.0 -99.0
20260807 239  1.1   913  34  3.4 1821  11  5.7 1139  31.1  37.0 1623  25.5  529  22.9  39.1  24.2  64.4  39.0 1431  27.9   8.2   5.8 -9.00  993.5 1003.4 1005.1   59 1001.1 1728  1.3 11.6 13.8 -9.0 26.93  3.39 1200   -9.0   -9.0 -9.00   -9.0   -9   -9.0   -9   -9.0   -9   -9.0   -9   -9.0   -9 -99.0 -99.0 -99.0 -99.0 -99.0
20260807 243  1.3  1118   5  3.5 1515  36  6.5 1517  31.7  38.0 1534  26.4  513  24.8  36.5  23.4  69.9  37.0 1538  31.3  -9.0  -9.0 -9.00 1002.6 1004.0 1005.6    1 1002.1 1652  1.5 12.4 13.8 -9.0 -9.00 -9.00   -9   -9.0   -9.0 -9.00   -9.0   -9   -9.0   -9   -9.0   -9   -9.0   -9   -9.0   -9 -99.0 -99.0 -99.0 -99.0 -99.0
20260807 244  0.9   791  20  2.8 1201  20  5.4 1200  30.1  36.8 1457  23.2  601  22.3  33.7  21.8  67.3  38.0 1453  27.0  -9.0  -9.0 -9.00  976.3 1003.5 1005.6    1 1000.8 1725  1.4 12.4 13.8 -9.0 -9.00 -9.00   -9   -9.0   -9.0 -9.00   -9.0   -9   -9.0   -9   -9.0   -9   -9.0   -9   -9.0   -9 -99.0 -99.0 -99.0 -99.0 -99.0
20260807 245  2.3  2027  34  6.5 1359  36  8.8 1427  32.1  37.7 1456  25.4  540  23.6  36.8  23.6  63.6  42.0 1448  29.3   9.4   6.6 -9.00  995.9 1003.5 1005.4    1 1001.4 1717  1.5 12.7 13.8 -9.0 25.61  3.27 1100   -9.0   -9.0 -9.00   -9.0   -9   -9.0   -9   -9.0   -9   -9.0   -9   -9.0   -9 -99.0 -99.0 -99.0 -99.0 -99.0
20260807 247  2.2  1918   9  5.9 1227   7  9.0 1237  31.7  38.6 1440  24.0  500  22.4  36.8  22.4  60.6  37.0 1441  27.1  -9.0  -9.0 -9.00  988.4 1003.1 1005.3    5 1000.6 1707  3.5 11.3 13.8 -9.0 -9.00 -9.00   -9   -9.0   -9.0 -9.00   -9.0   -9   -9.0   -9   -9.0   -9   -9.0   -9   -9.0   -9 -99.0 -99.0 -99.0 -99.0 -99.0
20260807 248  1.1   941   9  4.0 1112   9  7.9 1105  28.2  35.9 1418  20.5  533  21.1  36.8  18.6  70.1  36.0 1331  25.1  -9.0  -9.0 -9.00  959.7 1004.4 1006.7   15 1001.3 1616  1.8 11.9 13.8 -9.0 -9.00 -9.00   -9   -9.0   -9.0 -9.00   -9.0   -9   -9.0   -9   -9.0   -9   -9.0   -9   -9.0   -9 -99.0 -99.0 -99.0 -99.0 -99.0
20260807 251  1.8  1546   7  4.4 1819   5  7.6 1611  31.4  37.5 1521  24.1  552  24.3  34.3  23.3  69.0  45.0 1522  30.4   8.2   5.7 -9.00  997.6 1003.1 1005.2    1 1000.8 1629  2.4 11.3 13.8 -9.0 23.40  3.07 1100   -9.0   -9.0 -9.00   -9.0   -9   -9.0   -9   -9.0   -9   -9.0   -9   -9.0   -9 -99.0 -99.0 -99.0 -99.0 -99.0
20260807 252  1.2  1022  34  3.6 1446  32  6.7 1807  30.2  36.0 1331  25.2  517  25.7  31.4  24.2  79.3  47.0 1327  33.1   7.8   5.5 -9.00  999.2 1003.3 1005.1    1 1001.3 1708  3.3 11.3 13.8 -9.0 26.92  3.28 1100   -9.0   -9.0 -9.00   -9.0   -9   -9.0   -9   -9.0   -9   -9.0   -9   -9.0   -9 -99.0 -99.0 -99.0 -99.0 -99.0
20260807 253  1.6  1385  11  4.3 1558  14  7.5 1320  32.0  39.4 1318  26.0  441  22.0  38.4  23.2  56.4  39.0 1308  26.5   8.7   6.1 -9.00  998.9 1005.0 1006.3   20 1003.2 1523  4.1 10.4 13.7 -9.0 25.60  3.34 1200   -9.0   -9.0 -9.00   -9.0   -9   -9.0   -9   -9.0   -9   -9.0   -9   -9.0   -9 -99.0 -99.0 -99.0 -99.0 -99.0
20260807 254  1.4  1218  16  4.5 1923  16  7.7 1923  31.0  38.2 1656  24.6  601  22.9  38.1  23.4  66.0  37.0 1724  27.9   8.2   5.7 -9.00  989.4 1003.7 1005.7    1 1001.0 1713  2.9 10.7 13.8 -9.0 26.03  3.50 1300   -9.0   -9.0 -9.00   -9.0   -9   -9.0   -9   -9.0   -9   -9.0   -9   -9.0   -9 -99.0 -99.0 -99.0 -99.0 -99.0
20260807 255  1.6  1424   9  4.9 1642   9  8.7 1640  32.3  39.4 1354  26.4  557  21.6  38.4  21.7  54.6  36.0 1419  25.9   8.3   5.8 -9.00  998.1 1003.7 1005.2    1 1001.5 1529  4.5 10.4 13.8 -9.0 23.28  3.06 1300   -9.0   -9.0 -9.00   -9.0   -9   -9.0   -9   -9.0   -9   -9.0   -9   -9.0   -9 -99.0 -99.0 -99.0 -99.0 -99.0
20260807 257  2.7  2315   5  4.1   55   5  8.6  728  32.1  38.8 1331  27.2  330  23.5  37.7  25.0  61.5  38.0 1338  29.0   8.6   6.0 -9.00 1003.6 1004.3 1005.6    1 1002.4 1528  4.0  9.7 13.8 -9.0 25.29  3.26 1200   -9.0   -9.0 -9.00   -9.0   -9   -9.0   -9   -9.0   -9   -9.0   -9   -9.0   -9 -99.0 -99.0 -99.0 -99.0 -99.0
20260807 258  2.4  2111  14  5.8 1242  14  8.9 1218  30.2  36.6 1444  24.5  448  23.5  31.5  24.0  69.9  44.0 1432  28.9   8.6   6.0 -9.00 1003.6 1003.8 1005.5    1 1001.8 1600  5.4 11.7 13.7 -9.0 26.04  3.32 1100   -9.0   -9.0 -9.00   -9.0   -9   -9.0   -9   -9.0   -9   -9.0   -9   -9.0   -9 -99.0 -99.0 -99.0 -99.0 -99.0
20260807 259  1.7  1431   9  4.5 1230   9  8.4 1334  31.5  37.5 1419  24.7  601  23.5  37.2  22.9  65.6  43.0 1459  29.0   8.8   6.1 -9.00 1001.3 1003.1 1004.9    1 1001.0 1628  5.1 11.7 13.7 -9.0 26.25  3.42 1300   -9.0   -9.0 -9.00   -9.0   -9   -9.0   -9   -9.0   -9   -9.0   -9   -9.0   -9 -99.0 -99.0 -99.0 -99.0 -99.0
20260807 260  2.4  2049  14  6.0 1346  14 10.7 1342  30.6  35.9 1529  24.2  518  23.1  37.0  23.8  66.6  44.0 1450  28.3  -9.0  -9.0 -9.00  998.3 1003.2 1005.0    1 1001.1 1613  5.5 12.3 13.7 -9.0 -9.00 -9.00   -9   -9.0   -9.0 -9.00   -9.0   -9   -9.0   -9   -9.0   -9   -9.0   -9   -9.0   -9 -99.0 -99.0 -99.0 -99.0 -99.0
20260807 261  3.1  2672   7  8.1 1239   7 14.1 1231  30.7  36.4 1448  24.1  549  24.0  36.4  21.6  69.3  47.0 1530  29.8  -9.0  -9.0 -9.00 1001.5 1003.4 1005.4   26 1001.5 1547  5.5 11.4 13.7 -9.0 -9.00 -9.00   -9   -9.0   -9.0 -9.00   -9.0   -9   -9.0   -9   -9.0   -9   -9.0   -9   -9.0   -9 -99.0 -99.0 -99.0 -99.0 -99.0
20260807 262  2.2  1936   9  5.4 1237  11 10.9 1317  31.2  36.6 1550  24.4   28  22.2  35.2  26.1  61.1  40.0 1310  26.7   9.1   6.4 -9.00  997.6 1003.3 1005.0    1 1001.7 1502  5.4 11.5 13.7 -9.0 26.13  3.78 1300   -9.0   -9.0 -9.00   -9.0   -9   -9.0   -9   -9.0   -9   -9.0   -9   -9.0   -9 -99.0 -99.0 -99.0 -99.0 -99.0
20260807 263  1.7  1451  14  4.1 1727  14  7.0 1724  30.9  38.9 1531  23.4  604  23.2  38.7  20.7  67.0  39.0 1503  28.4   8.0   5.6 -9.00 1002.5 1004.1 1005.7    1 1001.5 1534  3.9 10.5 13.8 -9.0 25.61  3.45 1200   -9.0   -9.0 -9.00   -9.0   -9   -9.0   -9   -9.0   -9   -9.0   -9   -9.0   -9 -99.0 -99.0 -99.0 -99.0 -99.0
20260807 264  1.2  1041  18  3.6 1831   9  7.3 1423  30.7  38.5 1640  22.8  549  22.6  37.4  21.6  66.1  38.0 1417  27.5   8.2   5.7 -9.00  987.2 1004.0 1006.1   28 1001.0 1627  2.9 11.5 13.8 -9.0 26.91  3.50 1200   -9.0   -9.0 -9.00   -9.0   -9   -9.0   -9   -9.0   -9   -9.0   -9   -9.0   -9 -99.0 -99.0 -99.0 -99.0 -99.0
20260807 266  2.5  2125  11  5.7 1725  11  9.0 1526  31.9  37.5 1320  27.6    1  21.6  41.2  25.4  55.5  40.0 1304  25.7   9.2   6.5 -9.00  994.3 1004.1 1005.7    1 1002.0 1534  5.3 11.7 13.7 -9.0 26.60  3.38 1200   -9.0   -9.0 -9.00   -9.0   -9   -9.0   -9   -9.0   -9   -9.0   -9   -9.0   -9 -99.0 -99.0 -99.0 -99.0 -99.0
20260807 268  2.0  1736   7  5.7 1033   5 11.1 1329  30.8  37.5 1512  25.0  235  23.7  35.9  23.8  69.1  40.0 1515  29.3  -9.0  -9.0 -9.00 1000.9 1002.0 1003.8    4 1000.2 1531  4.8 12.5 13.7 -9.0 -9.00 -9.00   -9   -9.0   -9.0 -9.00   -9.0   -9   -9.0   -9   -9.0   -9   -9.0   -9   -9.0   -9 -99.0 -99.0 -99.0 -99.0 -99.0
20260807 271  1.1   947  16  3.2 1540  11  5.5 1639  27.8  36.3 1451  19.7  539  21.2  36.8  16.7  71.5  39.0 1353  25.3  -9.0  -9.0 -9.00  969.7 1005.7 1008.1   15 1002.3 1547  0.4 11.6 13.9 -9.0 -9.00 -9.00   -9   -9.0   -9.0 -9.00   -9.0   -9   -9.0   -9   -9.0   -9   -9.0   -9   -9.0   -9 -99.0 -99.0 -99.0 -99.0 -99.0
20260807 272  1.2  1036   7  2.5 1426   9  4.5 1426  28.4  36.3 1558  21.1  550  22.1  39.2  19.9  72.6  42.0 1406  26.6  -9.0  -9.0 -9.00  981.7 1005.2 1007.3   25 1002.2 1624  0.6 13.0 13.9 -9.0 -9.00 -9.00   -9   -9.0   -9.0 -9.00   -9.0   -9   -9.0   -9   -9.0   -9   -9.0   -9   -9.0   -9 -99.0 -99.0 -99.0 -99.0 -99.0
20260807 273  1.2   998  14  2.8 1336  11  5.4 1307  28.8  36.2 1532  22.3  504  23.0  38.4  18.5  73.4  46.0 1507  28.0  -9.0  -9.0 -9.00  985.2 1004.5 1006.5   27 1001.7 1733  0.9 12.3 13.8 -9.0 -9.00 -9.00   -9   -9.0   -9.0 -9.00   -9.0   -9   -9.0   -9   -9.0   -9   -9.0   -9   -9.0   -9 -99.0 -99.0 -99.0 -99.0 -99.0
20260807 276  1.8  1596  14  4.4 1617  14  7.9 1107  28.6  37.7 1427  20.2  528  21.6  36.3  17.8  70.6  39.0 1429  25.9   9.3   6.5 -9.00  981.6 1004.8 1007.2   17 1001.8 1605  1.6 12.4 13.8 -9.0 28.53  3.47 1200   -9.0   -9.0 -9.00   -9.0   -9   -9.0   -9   -9.0   -9   -9.0   -9   -9.0   -9 -99.0 -99.0 -99.0 -99.0 -99.0
20260807 277  1.4  1239   7  4.2 1355  11  6.4 1556  27.4  34.3 1343  21.8  353  23.1  37.9  20.7  79.6  53.0 1009  28.3  -9.0  -9.0 -9.00 1001.5 1006.1 1007.8    6 1004.5 1635  2.3 12.9 13.8 -9.0 -9.00 -9.00   -9   -9.0   -9.0 -9.00   -9.0   -9   -9.0   -9   -9.0   -9   -9.0   -9   -9.0   -9 -99.0 -99.0 -99.0 -99.0 -99.0
20260807 278  1.0   891  20  2.9 1411  16  5.5 1802  30.1  39.0 1508  21.6  513  21.6  40.9  19.3  65.4  35.0 1426  25.8  -9.0  -9.0 -9.00  994.7 1003.8 1006.1   35 1000.7 1554  1.5 11.1 13.8 -9.0 -9.00 -9.00   -9   -9.0   -9.0 -9.00   -9.0   -9   -9.0   -9   -9.0   -9   -9.0   -9   -9.0   -9 -99.0 -99.0 -99.0 -99.0 -99.0
20260807 279  1.1   950   9  2.6 1907  20  4.5 1405  31.7  39.8 1522  23.2  548  21.5  42.3  21.4  57.4  32.0 1521  25.7   8.1   5.7 -9.00  998.8 1004.2 1006.2    1 1001.2 1623  2.3 12.0 13.8 -9.0 26.78  3.35 1200   -9.0   -9.0 -9.00   -9.0   -9   -9.0   -9   -9.0   -9   -9.0   -9   -9.0   -9 -99.0 -99.0 -99.0 -99.0 -99.0
20260807 281  2.0  1742   7  4.5 1525  11  7.7 1605  28.7  35.8 1415  22.2  532  22.4  36.6  19.9  70.8  46.0 1416  27.1  -9.0  -9.0 -9.00  994.9 1005.6 1007.5    1 1003.3 1615  2.8 12.3 13.8 -9.0 -9.00 -9.00   -9   -9.0   -9.0 -9.00   -9.0   -9   -9.0   -9   -9.0   -9   -9.0   -9   -9.0   -9 -99.0 -99.0 -99.0 -99.0 -99.0
20260807 283  2.4  2113  36  6.2 1358  34  9.4 1322  29.1  36.6 1538  23.0  340  23.1  36.1  20.9  72.3  45.0 1531  28.3   7.7   5.4 -9.00 1001.0 1005.5 1007.4    1 1003.2 1559  3.1 10.2 13.8 -9.0 25.49  3.43 1300   -9.0   -9.0 -9.00   -9.0   -9   -9.0   -9   -9.0   -9   -9.0   -9   -9.0   -9 -99.0 -99.0 -99.0 -99.0 -99.0
20260807 284  1.6  1350  14  4.1 1411  14  7.5 1404  30.3  38.3 1442  22.2  555  22.2  36.9  19.1  65.4  38.0 1444  26.8   8.5   6.0 -9.00  978.8 1004.0 1006.1    1 1000.8 1630  3.1 11.4 13.8 -9.0 26.84  3.38 1200   -9.0   -9.0 -9.00   -9.0   -9   -9.0   -9   -9.0   -9   -9.0   -9   -9.0   -9 -99.0 -99.0 -99.0 -99.0 -99.0
20260807 285  0.9   803  18  3.1 1828  14  7.1 1819  31.2  38.6 1415  23.3  527  22.0  40.4  22.1  61.6  38.0 1334  26.5  -9.0  -9.0 -9.00 1001.4 1004.4 1006.0    1 1001.7 1627  3.0 -9.0 13.8 -9.0 -9.00 -9.00   -9   -9.0   -9.0 -9.00   -9.0   -9   -9.0   -9   -9.0   -9   -9.0   -9   -9.0   -9 -99.0 -99.0 -99.0 -99.0 -99.0
20260807 288  1.6  1396  16  4.4 1741  16  8.4 1739  32.0  40.0 1526  24.1  537  22.0  37.4  24.3  57.6  36.0 1433  26.4   8.1   5.7 -9.00 1001.8 1002.7 1004.4    1 1000.0 1602  3.4  9.5 13.8 -9.0 25.02  3.37 1200   -9.0   -9.0 -9.00   -9.0   -9   -9.0   -9   -9.0   -9   -9.0   -9   -9.0   -9 -99.0 -99.0 -99.0 -99.0 -99.0
20260807 289  1.2  1023   9  3.1 1620   7  6.4 1159  30.7  38.3 1457  23.2  539  22.4  37.1  20.1  64.6  39.0 1330  27.1  -9.0  -9.0 -9.00  989.6 1004.9 1006.6   28 1002.0 1608  3.0 10.5 13.8 -9.0 -9.00 -9.00   -9   -9.0   -9.0 -9.00   -9.0   -9   -9.0   -9   -9.0   -9   -9.0   -9   -9.0   -9 -99.0 -99.0 -99.0 -99.0 -99.0
20260807 294  1.7  1431   7  3.6 1338   7  8.0 1338  29.5  35.5 1239  24.3  520  22.4  38.7  21.0  66.8  45.0 1244  27.2  -9.0  -9.0 -9.00  999.9 1004.9 1006.1    1 1003.6 1613  4.6 10.9 13.7 -9.0 -9.00 -9.00   -9   -9.0   -9.0 -9.00   -9.0   -9   -9.0   -9   -9.0   -9   -9.0   -9   -9.0   -9 -99.0 -99.0 -99.0 -99.0 -99.0
20260807 295  1.9  1640   9  4.7 1558   9  6.6 1557  30.0  36.1 1548  25.2  151  22.3  35.6  22.7  64.9  41.0 1544  26.9  -9.0  -9.0 -9.00  999.0 1004.1 1005.5    1 1002.4 1543  4.8 11.7 13.7 -9.0 -9.00 -9.00   -9   -9.0   -9.0 -9.00   -9.0   -9   -9.0   -9   -9.0   -9   -9.0   -9   -9.0   -9 -99.0 -99.0 -99.0 -99.0 -99.0
20260807 296  2.8  2428   5  4.6 1516   5  8.0 1520  31.7  37.8 1319  26.7  507  23.4  37.2  23.6  62.6  38.0 1412  28.9   9.0   6.3 -9.00 1003.2 1003.5 1004.8   14 1001.7 1608  4.1  9.8 13.8 -9.0 25.87  3.32 1300   -9.0   -9.0 -9.00   -9.0   -9   -9.0   -9   -9.0   -9   -9.0   -9   -9.0   -9 -99.0 -99.0 -99.0 -99.0 -99.0
20260808  90  3.2  2740   5  8.3  912   7 13.9  848  24.4  27.6  447  22.3 1412  20.8  26.2  22.1  81.0  68.0 2355  24.9   2.0   1.4 -9.00 1009.4 1011.4 1013.6 2106 1007.7   52  7.8  0.0 13.9 -9.0  3.16  0.47 1300    3.3   -9.0 -9.00    3.2 1113    2.3 1125   -9.0   -9   -9.0   -9   -9.0   -9 -99.0 -99.0 -99.0 -99.0 -99.0
20260808  93  2.6  2222   7  6.0 1424   9 12.5 1441  27.9  34.1 1033  23.5 2343  21.1  37.5  23.6  67.4  53.0 1353  25.1   8.9   6.2 -9.00  998.1 1008.9 1011.7 2309 1005.8  155  3.8 11.9 13.9 -9.0 27.32  3.43 1400   -9.0   -9.0 -9.00   -9.0   -9   -9.0   -9   -9.0   -9   -9.0   -9   -9.0   -9  32.7  29.2  25.8  21.5  18.8
20260808  95  4.7  4028  11  6.9 1134  11 12.0 1312  26.7  31.7 1011  21.1 2356  20.7  34.3  20.5  70.4  57.0 1434  24.6   9.5   6.6 -9.00  991.2 1008.6 1011.6 2344 1006.2   59  2.4 13.0 13.9 -9.0 27.39  3.46 1200   -9.0   -9.0 -9.00   -9.0   -9   -9.0   -9   -9.0   -9   -9.0   -9   -9.0   -9 -99.0 -99.0 -99.0 -99.0 -99.0
20260808  98  1.3  1089   7  3.7 1649   7  7.3 1923  28.7  35.0 1326  22.2 2343  20.1  38.4  20.2  60.9  45.0 1327  23.7   7.8   5.5 -9.00  994.1 1007.1 1009.9 2317 1004.5  207  2.9 10.5 13.9 -9.0 25.14  3.11 1300   -9.0   -9.0 -9.00   -9.0   -9   -9.0   -9   -9.0   -9   -9.0   -9   -9.0   -9 -99.0 -99.0 -99.0 -99.0 -99.0
20260808  99  2.7  2290   7  4.4 1321   7  9.9 1508  27.7  33.9 1149  21.9 2400  21.6  34.8  21.2  70.9  57.0 1129  26.0   8.1   5.7 -9.00 1004.2 1007.7 1010.2 2254 1005.1  141  2.0 11.6 13.9 -9.0 25.39  3.26 1300   -9.0   -9.0 -9.00   -9.0   -9   -9.0   -9   -9.0   -9   -9.0   -9   -9.0   -9 -99.0 -99.0 -99.0 -99.0 -99.0
20260808 100  1.9  1661  11  4.6 1131   9 10.6 1321  20.3  25.4  921  16.5 2400  19.4  24.4  17.1  95.1  77.0  958  22.7   1.5   1.1 -9.00  924.8 1010.4 1013.2 2308 1007.0  110  7.4  0.5 13.9 -9.0  6.76  1.34  900   32.5   -9.0 -9.00   23.8 1119    9.8 1126   -9.0   -9   -9.0   -9   -9.0   -9 -99.0 -99.0 -99.0 -99.0 -99.0
20260808 101  3.2  2800   5  6.4 1219   2  9.7 1215  27.3  32.5 1027  23.2 2350  20.4  34.6  22.1  67.1  51.0 1329  24.2   8.3   5.8 -9.00  999.2 1007.8 1010.6 2312 1004.7    1  3.3  9.9 13.9 -9.0 24.54  3.52 1200   -9.0   -9.0 -9.00   -9.0   -9   -9.0   -9   -9.0   -9   -9.0   -9   -9.0   -9  30.6  26.4  24.1  19.3  16.0
20260808 102  3.0  2593  14  5.7 1231  14  9.1 1237  28.4  33.1 1326  24.3  411  23.2  37.6  24.2  74.6  57.0 1521  28.5   8.2   5.7 -9.00 1001.4 1005.5 1007.0 2254 1003.5  245  1.1 12.2 13.9 -9.0 26.94  3.34 1200   -9.0   -9.0 -9.00   -9.0   -9   -9.0   -9   -9.0   -9   -9.0   -9   -9.0   -9 -99.0 -99.0 -99.0 -99.0 -99.0
20260808 104  2.3  1963  29  4.7  854  32  8.9 1251  23.9  26.9  537  21.7 1420  22.3  25.9  21.5  91.3  82.0 2332  27.2   1.2   0.8 -9.00 1001.1 1009.7 1012.1 2128 1006.2  112  7.3  0.0 13.9 -9.0  2.44  0.44 1000   66.9   42.6 -9.00   59.7  844   19.9  856   -9.0   -9   -9.0   -9   -9.0   -9  29.8  26.3  23.4  18.0  14.7
20260808 105  2.1  1790  32  5.3 1325  34 10.1 1319  24.3  27.9  759  22.1 1418  21.7  26.3  22.4  85.8  74.0 2342  26.3   1.2   0.8 -9.00 1007.6 1010.7 1013.3 2329 1007.2   59  7.4 -9.0 13.9 -9.0 -9.00  0.41  700   -9.0   -9.0 -9.00   81.4  827   30.0  853   -9.0   -9   -9.0   -9   -9.0   -9  30.2  26.6  24.6  19.1  16.3
20260808 106  3.1  2643   2  8.3 1330   5 13.1 1318  24.8  28.8  744  22.1 1710  22.8  26.5  21.0  89.3  81.0  744  28.1   1.5   1.1 -9.00 1005.5 1010.2 1012.5 2243 1007.2  124  7.5  1.0 13.9 -9.0  3.41  0.88  700   48.1   -9.0 -9.00   44.1  944   16.7 1006   -9.0   -9   -9.0   -9   -9.0   -9 -99.0 -99.0 -99.0 -99.0 -99.0
20260808 108  3.7  3217   5  5.9 1822   7 12.2 1712  31.2  36.8 1409  25.7 2357  21.4  37.8  23.9  56.8  44.0 1532  25.6  11.1   7.8 -9.00  997.0 1006.5 1008.9 2233 1004.0  133  2.6 12.2 13.9 -9.0 27.61  3.22 1300   -9.0   -9.0 -9.00   -9.0   -9   -9.0   -9   -9.0   -9   -9.0   -9   -9.0   -9  29.4  26.6  25.3  20.2  15.9
20260808 112  3.1  2670  18  6.1 1806  16 10.1 1744  31.3  36.4 1353  27.3 2357  23.0  33.7  23.9  62.4  45.0 1357  28.2   8.4   5.9 -9.00  998.4 1006.1 1008.1 2258 1003.8  133  4.3  8.0 13.9 -9.0 20.68  3.25 1100   -9.0   -9.0 -9.00   -9.0   -9   -9.0   -9   -9.0   -9   -9.0   -9   -9.0   -9  28.4  26.4  23.6  19.4  15.5
20260808 114  2.7  2341   5  6.7 1440  11 12.4 1402  29.6  35.9 1155  24.6 2356  21.1  35.9  23.4  61.9  43.0 1257  25.1   8.4   5.9 -9.00  989.9 1006.6 1009.1 2335 1004.3   57  4.5  9.8 13.9 -9.0 23.86  3.40 1300   -9.0   -9.0 -9.00   -9.0   -9   -9.0   -9   -9.0   -9   -9.0   -9   -9.0   -9 -99.0 -99.0 -99.0 -99.0 -99.0
20260808 115  5.8  4976   5  8.2 1203   7 13.3 1158  27.3  29.1 1040  25.9 2216  24.5  33.0  23.1  85.0  75.0  342  30.8   4.8   3.4 -9.00  983.6 1008.4 1009.7 2239 1006.7  201  6.3  4.6 13.9 -9.0 18.00  2.92 1200   -9.0    1.5 -9.00   -9.0   -9   -9.0   -9   -9.0   -9   -9.0   -9   -9.0   -9  25.8  22.7  20.9  14.9  13.9
20260808 119  3.0  2563  11  9.4 1639   9 15.4 1637  30.5  35.9 1329  26.3 2400  21.8  36.1  25.2  60.5  44.0 1313  26.1   7.9   5.6 -9.00 1001.5 1005.9 1008.1 2243 1003.6  122  4.5  7.6 13.9 -9.0 21.64  3.23 1100    0.0    0.0  0.33    0.0   -9    0.0   -9   -9.0   -9   -9.0   -9   -9.0   -9  29.5  26.3  23.8  18.5  15.5
20260808 121  2.6  2215   9  6.5 1401   2 12.2 1451  27.5  36.9 1208  23.5 2348  21.1  31.2  24.7  70.0  42.0 1218  25.1   7.3   5.1 -9.00  981.1 1007.9 1010.7 2311 1005.5  102  5.3  8.1 13.9 -9.0 21.61  3.43 1300   -9.0   -9.0 -9.00   -9.0   -9   -9.0   -9   -9.0   -9   -9.0   -9   -9.0   -9 -99.0 -99.0 -99.0 -99.0 -99.0
20260808 127  2.1  1805   7  8.4 1434   9 14.3 1424  28.0  36.6 1416  24.3 1514  21.4  31.6  23.7  68.6  45.0 1417  25.5   7.0   4.9 -9.00  993.3 1006.1 1008.2 2234 1003.6 1403  5.4  8.1 13.8 -9.0 22.12  3.58 1200    4.1   -9.0 -9.00    4.1 1449    2.4 1452   -9.0   -9   -9.0   -9   -9.0   -9 -99.0 -99.0 -99.0 -99.0 -99.0
20260808 129  2.8  2437   9  8.4 1657   9 19.6 1653  30.2  37.1 1622  26.7 2400  22.5  34.0  24.2  66.3  38.0 1559  27.5   9.2   6.5 -9.00 1002.9 1005.7 1007.2 2126 1003.9   55  4.1 11.4 13.8 -9.0 26.03  3.36 1200   -9.0   -9.0 -9.00   -9.0   -9   -9.0   -9   -9.0   -9   -9.0   -9   -9.0   -9  28.8  26.1  23.7  18.9  16.2
20260808 130  2.0  1758  16  3.9  915   2  9.4 1547  25.5  29.9  828  23.1 1959  24.0  26.8  21.9  91.9  81.0  832  30.0  -9.0  -9.0 -9.00 1003.5 1009.1 1010.8 2233 1007.0   15  8.1  1.0 13.8 -9.0 -9.00 -9.00   -9   26.3   -9.0 -9.00   23.0  905    9.0  909   -9.0   -9   -9.0   -9   -9.0   -9 -99.0 -99.0 -99.0 -99.0 -99.0
20260808 131  2.0  1768  11  6.1 1525   9 16.5 1520  30.5  37.6 1321  24.3 1555  21.8  35.5  23.7  61.9  37.0 1415  26.2   6.4   4.4 -9.00  999.1 1005.6 1007.7 2333 1003.2 1444  5.6  6.9 13.8 -9.0 19.25  3.08 1000   26.4   26.4  2.50   26.4 1524   12.9 1536   -9.0   -9   -9.0   -9   -9.0   -9 -99.0 -99.0 -99.0 -99.0 -99.0
20260808 133  3.0  2607  11 11.3 1515  11 19.6 1507  30.2  36.5 1416  26.3 1839  23.2  34.7  25.9  67.3  46.0 1410  28.5   7.0   4.9 -9.00  998.5 1006.1 1007.8 2336 1004.1 1443  6.5  7.9 13.8 -9.0 21.24  3.48 1200    0.0    0.0  0.75    0.0   -9    0.0   -9   -9.0   -9   -9.0   -9   -9.0   -9  31.3  28.7  26.5  21.7  18.0
20260808 135  2.4  2085   9  9.9 1411   9 14.2 1409  25.6  32.5 1328  23.1 1525  22.1  28.3  22.6  82.1  60.0 1321  26.7   4.5   3.2 -9.00  979.3 1006.8 1008.2 2315 1004.3 1357  8.0  5.6 13.8 -9.0 15.22  3.04 1000   11.2   -9.0 -9.00    8.9 1413    3.0 1429   -9.0   -9   -9.0   -9   -9.0   -9 -99.0 -99.0 -99.0 -99.0 -99.0
20260808 136  2.2  1899  14  6.1 1404  11 10.7 1215  28.4  35.4 1153  25.3  556  21.8  33.3  24.0  68.5  49.0 1154  26.1   5.0   3.5 -9.00  992.1 1007.9 1009.8 2240 1006.2    1  7.3  5.7 13.8 -9.0 14.83  3.39 1100    0.0    0.0  0.42    0.0   -9    0.0   -9   -9.0   -9   -9.0   -9   -9.0   -9 -99.0 -99.0 -99.0 -99.0 -99.0
20260808 137  0.7   633   9  4.2 1348  11  8.4 1344  26.9  35.6 1304  24.0 1433  23.3  30.8  23.2  82.1  53.0 1309  28.7   4.3   3.0 -9.00  995.5 1006.3 1008.1 2303 1004.1 1316  6.9  7.3 13.8 -9.0 17.49  3.21 1100    6.8   -9.0 -9.00    5.5 1323    3.7 1358   -9.0   -9   -9.0   -9   -9.0   -9 -99.0 -99.0 -99.0 -99.0 -99.0
20260808 138  3.9  3347   5  7.4 1927   5 12.3 1945  27.3  29.0 1048  25.8 2213  24.8  27.6  25.4  86.5  78.0 1900  31.4   2.5   1.7 -9.00 1006.4 1006.8 1008.4 2244 1005.2  426  9.3  0.0 13.8 -9.0  4.05  0.67 1100    2.6    2.2  5.75    2.1 1418    2.1 1508   -9.0   -9   -9.0   -9   -9.0   -9  28.7  24.2  22.3  18.6  16.7
20260808 140  2.2  1934   5  5.3 1713   7  9.9 1701  30.3  35.9 1322  27.3  434  24.3  36.3  23.9  71.8  54.0 1329  30.5  -9.0  -9.0 -9.00 1002.7 1005.8 1007.0 2241 1004.2 1429  5.8  8.2 13.8 -9.0 -9.00 -9.00   -9   -9.0   -9.0 -9.00   -9.0   -9   -9.0   -9   -9.0   -9   -9.0   -9   -9.0   -9 -99.0 -99.0 -99.0 -99.0 -99.0
20260808 143  2.7  2349  11  5.3 1235  11  9.6 1450  28.6  33.7 1129  26.6 2344  22.6  33.3  26.5  70.6  53.0 1130  27.5   5.5   3.8 -9.00 1000.0 1006.0 1007.7 2314 1004.6    1  8.1  3.5 13.8 -9.0 16.21  2.49 1100    0.0   -9.0  0.50    0.0   -9    0.0   -9   -9.0   -9   -9.0   -9   -9.0   -9 -99.0 -99.0 -99.0 -99.0 -99.0
20260808 146  2.1  1851   9  5.7 1154  11 10.7 1618  30.7  37.2 1411  27.0  554  22.2  36.1  22.6  62.4  39.0 1422  26.8   7.0   4.9 -9.00  998.0 1004.7 1006.0 2307 1002.8 1430  7.1  8.1 13.8 -9.0 20.26  3.09 1200    0.2    0.2  1.08    0.2   -9    0.2   -9   -9.0   -9   -9.0   -9   -9.0   -9 -99.0 -99.0 -99.0 -99.0 -99.0
20260808 152  3.0  2582   9  5.2 1413   5 10.4 2059  28.5  33.0 1122  26.3 2356  23.4  34.2  25.8  74.6  57.0 1325  28.8   5.6   3.9 -9.00  996.9 1005.9 1007.6 2302 1004.9  145  8.9  3.5 13.7 -9.0 16.79  2.54 1400   -9.0   -9.0 -9.00   -9.0   -9   -9.0   -9   -9.0   -9   -9.0   -9   -9.0   -9 -99.0 -99.0 -99.0 -99.0 -99.0
20260808 155  2.3  2019   5  5.0 1700   9 10.0 1536  31.0  34.8 1249  28.3  620  23.2  34.0  26.3  63.9  53.0 1555  28.4   4.9   3.4 -9.00 1001.5 1005.4 1006.9 2308 1004.3 1424  8.4  3.0 13.7 -9.0 12.09  1.85 1200    0.0   -9.0  0.02    0.0   -9    0.0   -9   -9.0   -9   -9.0   -9   -9.0   -9 -99.0 -99.0 -99.0 -99.0 -99.0
20260808 156  2.5  2172   5  6.4 1805   2 10.7 1801  31.0  34.7 1517  28.0 2313  23.4  33.1  24.9  64.5  53.0    2  28.8   7.0   4.9 -9.00  996.2 1004.0 1005.2 2310 1002.5 1629  8.3  6.9 13.7 -9.0 26.21  2.66 1000    0.0   -9.0  0.17    0.0   -9    0.0   -9   -9.0   -9   -9.0   -9   -9.0   -9 -99.0 -99.0 -99.0 -99.0 -99.0
20260808 159  2.9  2545   9  5.1 1527   7 13.7 2334  30.9  34.7 1210  28.3 2339  23.5  35.5  25.0  65.3  52.0 1428  29.1   7.1   5.0 -9.00  997.1 1004.9 1006.3 2330 1003.9 1412  8.4  8.1 13.7 -9.0 20.91  2.75 1200   -9.0    0.0 -9.00   -9.0   -9   -9.0   -9   -9.0   -9   -9.0   -9   -9.0   -9  30.2  26.8  24.6  19.0  18.0
20260808 162  2.3  1981   5  3.8  316   7  9.0 2206  30.2  33.9 1318  27.8  519  22.2  34.3  25.0  63.3  49.0 1216  26.8   6.2   4.3 -9.00 1000.6 1004.1 1005.6 2306 1003.0  256  8.6  6.3 13.7 -9.0 19.11  2.70 1300   -9.0   -9.0 -9.00   -9.0   -9   -9.0   -9   -9.0   -9   -9.0   -9   -9.0   -9 -99.0 -99.0 -99.0 -99.0 -99.0
20260808 165  2.9  2478   9  4.9 1139   9  8.6 1138  30.9  33.7 1633  28.7  615  23.0  32.3  25.9  63.3  54.0 1657  28.1   5.6   3.9 -9.00  999.0 1004.0 1005.3 1002 1003.0 1622  8.6  3.9 13.7 -9.0 16.10  2.01 1300   -9.0   -9.0 -9.00   -9.0   -9   -9.0   -9   -9.0   -9   -9.0   -9   -9.0   -9  30.0  27.0  25.3  20.8  17.5
20260808 168  5.7  4908   9  9.0 2124   9 14.5 2118  30.1  32.7 1327  28.9  550  22.5  34.4  28.5  64.3  54.0 1328  27.3   7.8   5.4 -9.00  997.4 1004.8 1006.0 2304 1003.8  252  8.6  5.1 13.7 -9.0 17.33  2.37 1200   -9.0   -9.0 -9.00   -9.0   -9   -9.0   -9   -9.0   -9   -9.0   -9   -9.0   -9  32.0  28.2  25.0  19.8  17.5
20260808 169  3.6  3100   2  6.7  930   7 10.5  923  29.7  32.1 1036  27.6   25  23.7  32.9  26.3  71.0  60.0 1421  29.4   5.8   4.1 -9.00  995.6 1004.0 1005.1 1016 1003.1 1616  8.4  6.4 13.7 -9.0 18.13  2.30 1400   -9.0   -9.0 -9.00   -9.0   -9   -9.0   -9   -9.0   -9   -9.0   -9   -9.0   -9 -99.0 -99.0 -99.0 -99.0 -99.0
20260808 170  4.8  4123  11  8.8 2353  14 14.4 2335  30.2  33.7 1347  28.5  545  23.1  35.0  26.9  66.4  55.0 1421  28.3   7.6   5.4 -9.00 1000.0 1004.0 1004.9 1020 1003.0 1819  9.1  5.7 13.7 -9.0 17.99  2.82 1300   -9.0   -9.0 -9.00   -9.0   -9   -9.0   -9   -9.0   -9   -9.0   -9   -9.0   -9 -99.0 -99.0 -99.0 -99.0 -99.0
20260808 172  3.0  2601  34  7.5 1827  34 14.0 1820 -99.0 -99.0   -9 -99.0   -9 -99.0  26.5  25.1  -9.0  52.0 1432  -9.0  -9.0  -9.0 -9.00   -9.0   -9.0   -9.0   -9   -9.0   -9  7.5 -9.0 13.7 -9.0 -9.00 -9.00 1400   -9.0   -9.0 -9.00   -9.0   -9   -9.0   -9   -9.0   -9   -9.0   -9   -9.0   -9 -99.0 -99.0 -99.0 -99.0 -99.0
20260808 174  2.0  1714  14  4.9 1031  14  8.4 1437  28.3  32.7 1422  23.4  523  22.1  33.2  23.6  70.5  56.0 1415  26.6  -9.0  -9.0 -9.00  984.7 1003.0 1004.3 2315 1001.5 1624  8.6  1.5 13.7 -9.0 -9.00 -9.00   -9   -9.0   -9.0 -9.00   -9.0   -9   -9.0   -9   -9.0   -9   -9.0   -9   -9.0   -9 -99.0 -99.0 -99.0 -99.0 -99.0
20260808 177  2.2  1929   7  8.6 1637   9 14.2 1633  29.8  36.5 1424  26.1 2316  24.1  37.9  25.3  73.8  48.0 1408  30.1   7.2   5.0 -9.00 1001.3 1004.4 1006.2 2322 1002.4 1505  4.9  8.6 13.8 -9.0 22.76  3.24 1100    0.0    0.0  0.43    0.0   -9    0.0   -9   -9.0   -9   -9.0   -9   -9.0   -9 -99.0 -99.0 -99.0 -99.0 -99.0
20260808 181  2.2  1914  14 10.8 1533  14 17.6 1532  27.8  36.1 1332  22.4 1541  23.0  32.3  22.8  76.9  46.0 1343  28.1   5.0   3.5 -9.00 1002.6 1006.3 1008.6 1553 1004.0 1447  5.4  6.7 13.8 -9.0 17.09  2.81 1000   45.8   -9.0 -9.00   45.4 1523   15.2 1538   -9.0   -9   -9.0   -9   -9.0   -9 -99.0 -99.0 -99.0 -99.0 -99.0
20260808 184  4.2  3625   7  7.3 1438   9 13.1 1518  29.9  31.4 1039  28.7  437  23.9  32.0  27.6  70.9  64.0 1725  29.7   3.7   2.6 -9.00  999.7 1002.0 1003.0 1030 1001.1 1736  9.8  0.0 13.6 -9.0  5.63  0.94 1000   -9.0    5.0 -9.00   -9.0   -9   -9.0   -9   -9.0   -9   -9.0   -9   -9.0   -9  31.9  30.3  28.6  24.4  19.2
20260808 185  4.1  3501  11  8.3 2357  11 14.2 2350  29.6  32.1 1310  27.9  338  22.7  31.6  27.0  67.0  54.0 1015  27.6   5.5   3.9 -9.00  993.4 1001.3 1002.3 1011 1000.0 1705  9.6  0.0 13.6 -9.0  9.01  1.56 1200   -9.0   -9.0 -9.00   -9.0   -9   -9.0   -9   -9.0   -9   -9.0   -9   -9.0   -9 -99.0 -99.0 -99.0 -99.0 -99.0
20260808 188  5.2  4461   9  8.1 2035   7 13.7 1705  30.0  32.5 1016  29.1  523  24.8  32.0  27.7  74.4  67.0 1018  31.4  -9.0  -9.0 -9.00 1000.7 1003.0 1003.9 1044 1002.0 1619  9.8  2.2 13.6 -9.0 -9.00 -9.00   -9   -9.0   -9.0 -9.00   -9.0   -9   -9.0   -9   -9.0   -9   -9.0   -9   -9.0   -9 -99.0 -99.0 -99.0 -99.0 -99.0
20260808 189  4.8  4177   7  7.3 1816   9 14.8 1517  30.0  32.2 1146  29.0  527  24.3  32.9  27.8  71.8  61.0 1326  30.3   5.3   3.7 -9.00  996.5 1002.2 1003.1 1048 1000.9 1608  9.3  1.1 13.6 -9.0 10.40  1.90 1100   -9.0    3.6 -9.00   -9.0   -9   -9.0   -9   -9.0   -9   -9.0   -9   -9.0   -9 -99.0 -99.0 -99.0 -99.0 -99.0
20260808 192  0.8   655   2  3.1 1539   5  9.8 1532  28.4  34.3 1425  24.7  431  24.0  30.3  23.3  78.4  56.0 1350  30.0   3.5   2.5 -9.00 1002.0 1005.3 1006.9 2328 1003.8 1419  8.5  1.1 13.7 -9.0 11.79  1.96 1000    2.1    2.1 -9.00    2.1 1459    1.4 1501   -9.0   -9   -9.0   -9   -9.0   -9 -99.0 -99.0 -99.0 -99.0 -99.0
20260808 201  3.2  2763   5  4.6 2348   7 10.1 1634  28.5  34.1 1248  23.2 2358  22.0  32.9  21.7  68.3  57.0 1249  26.6  -9.0  -9.0 -9.00 1002.0 1007.4 1009.5 2300 1005.1  131  2.9 11.0 13.9 -9.0 -9.00 -9.00   -9   -9.0   -9.0 -9.00   -9.0   -9   -9.0   -9   -9.0   -9   -9.0   -9   -9.0   -9 -99.0 -99.0 -99.0 -99.0 -99.0
20260808 202  2.5  2185   5  5.2 1355   5 10.7 1524  29.7  35.0 1238  25.5 2323  21.1  38.1  23.0  61.3  47.0 1243  25.2  -9.0  -9.0 -9.00 1002.0 1007.3 1009.7 2343 1004.6  147  4.0 11.3 13.9 -9.0 -9.00 -9.00   -9   -9.0   -9.0 -9.00   -9.0   -9   -9.0   -9   -9.0   -9   -9.0   -9   -9.0   -9 -99.0 -99.0 -99.0 -99.0 -99.0
20260808 203  1.3  1116  11  4.4 1557  11  9.7 1550  28.9  36.2 1214  23.5 2354  23.2  38.9  22.3  73.1  52.0 1125  28.6  -9.0  -9.0 -9.00  998.4 1007.4 1010.0 2338 1004.8  119  5.1  7.1 13.9 -9.0 -9.00 -9.00   -9    0.0   -9.0 -9.00    0.0   -9    0.0   -9   -9.0   -9   -9.0   -9   -9.0   -9 -99.0 -99.0 -99.0 -99.0 -99.0
20260808 211  4.1  3562   2  7.2 1323   2 13.2 1419  24.4  28.7  937  21.3 2206  19.0  30.0  20.8  72.5  61.0 1306  22.2  -9.0  -9.0 -9.00  987.0 1009.9 1012.5 2316 1006.5  116  5.8  2.1 13.9 -9.0 -9.00 -9.00   -9   -9.0   -9.0 -9.00   -9.0   -9   -9.0   -9   -9.0   -9   -9.0   -9   -9.0   -9 -99.0 -99.0 -99.0 -99.0 -99.0
20260808 212  2.3  1977   5  5.2 1314   5 10.0 1439  27.5  33.9 1103  22.4 2357  20.4  34.8  21.1  66.6  49.0 1309  24.1  -9.0  -9.0 -9.00  992.8 1008.5 1011.3 2240 1005.8   55  3.3 12.0 13.9 -9.0 -9.00 -9.00   -9   -9.0   -9.0 -9.00   -9.0   -9   -9.0   -9   -9.0   -9   -9.0   -9   -9.0   -9 -99.0 -99.0 -99.0 -99.0 -99.0
20260808 216  2.0  1708  34  5.3 1219   2  9.6 1234  22.2  28.6 1144  18.3 2310  20.2  25.7  20.1  89.1  64.0 1143  23.7   2.3   1.6 -9.00  930.8 1009.7 1012.5 2251 1006.9   56  6.5  1.6 13.9 -9.0  9.60  2.45 1100    9.4   -9.0 -9.00    4.4 1552    1.3 1639   -9.0   -9   -9.0   -9   -9.0   -9 -99.0 -99.0 -99.0 -99.0 -99.0
20260808 217  1.6  1384   2  5.8 1153   5 11.5 1134  24.8  33.0 1119  20.8 2022  21.0  29.2  22.7  80.6  55.0 1120  25.0  -9.0  -9.0 -9.00  974.4 1009.5 1012.2 2249 1006.3    1  6.1  2.4 13.9 -9.0 -9.00 -9.00   -9   29.0   -9.0 -9.00   24.5 1417   10.7 1444   -9.0   -9   -9.0   -9   -9.0   -9 -99.0 -99.0 -99.0 -99.0 -99.0
20260808 221  2.9  2536   5  5.8 1406   5 11.1 1405  26.2  34.2 1321  22.9 2357  20.8  32.0  22.4  73.3  49.0 1302  24.7  -9.0  -9.0 -9.00  977.9 1007.5 1010.0 2228 1005.0 1321  5.5  8.1 13.8 -9.0 -9.00 -9.00   -9   -9.0   -9.0 -9.00   -9.0   -9   -9.0   -9   -9.0   -9   -9.0   -9   -9.0   -9 -99.0 -99.0 -99.0 -99.0 -99.0
20260808 226  1.1   935  16  6.1 1430  11 18.0 1424  26.0  34.3 1337  23.5  539  23.1  29.7  20.9  86.1  52.0 1341  28.2  -9.0  -9.0 -9.00  987.7 1007.0 1008.5 2336 1004.7 1344  6.6  7.0 13.8 -9.0 -9.00 -9.00   -9    8.0   -9.0 -9.00    7.0 1442    4.4 1445   -9.0   -9   -9.0   -9   -9.0   -9 -99.0 -99.0 -99.0 -99.0 -99.0
20260808 232  2.1  1781  11 11.4 1542   9 19.6 1534  28.5  36.2 1521  24.2 1604  23.3  37.4  23.3  77.3  45.0 1413  28.7  -9.0  -9.0 -9.00  997.3 1006.8 1009.3 1557 1004.6 1451  5.3  8.9 13.8 -9.0 -9.00 -9.00   -9   12.4   -9.0 -9.00   12.4 1548    7.6 1553   -9.0   -9   -9.0   -9   -9.0   -9 -99.0 -99.0 -99.0 -99.0 -99.0
20260808 235  2.6  2264   5  6.0 1711  11 12.1 1654  31.4  38.1 1356  27.7  405  23.1  37.2  25.4  63.1  43.0 1416  28.3   8.8   6.2 -9.00 1003.5 1004.6 1005.9 2313 1002.8 1635  5.4  9.8 13.8 -9.0 24.06  3.46 1300    0.0   -9.0 -9.00    0.0   -9    0.0   -9   -9.0   -9   -9.0   -9   -9.0   -9 -99.0 -99.0 -99.0 -99.0 -99.0
20260808 236  1.7  1457   7  6.8 1623   5 12.6 1615  29.2  36.1 1427  25.6  455  23.7  33.6  24.7  74.5  49.0 1419  29.4  -9.0  -9.0 -9.00 1004.4 1005.9 1007.4 2315 1004.1 1438  5.6  8.9 13.8 -9.0 -9.00 -9.00   -9    0.0   -9.0 -9.00    0.0   -9    0.0   -9   -9.0   -9   -9.0   -9   -9.0   -9 -99.0 -99.0 -99.0 -99.0 -99.0
20260808 238  1.6  1352   9  6.6 1515   9 13.4 1519  28.6  36.0 1346  24.1 1604  23.0  34.2  22.2  74.1  48.0 1346  28.2  -9.0  -9.0 -9.00  986.6 1005.5 1007.0 2354 1003.4 1417  7.6  7.2 13.8 -9.0 -9.00 -9.00   -9    8.5   -9.0 -9.00    8.5 1538    4.7 1551   -9.0   -9   -9.0   -9   -9.0   -9 -99.0 -99.0 -99.0 -99.0 -99.0
20260808 239  1.5  1328   9  5.9 1524   9 10.5 1524  29.0  36.8 1417  24.4 1706  23.2  38.3  24.4  73.8  43.0 1519  28.4   6.5   4.6 -9.00  995.4 1005.5 1007.4 2302 1002.8 1449  5.6  8.2 13.8 -9.0 21.60  3.47 1200    2.1   -9.0 -9.00    2.1 1536    1.2 1553   -9.0   -9   -9.0   -9   -9.0   -9 -99.0 -99.0 -99.0 -99.0 -99.0
20260808 243  1.8  1596   9  8.5 1720  11 15.9 1719  29.6  37.3 1345  24.8 1747  22.9  34.7  22.9  70.4  40.0 1342  28.0  -9.0  -9.0 -9.00 1003.7 1005.1 1006.3 2253 1003.3 1629  6.5  8.3 13.8 -9.0 -9.00 -9.00   -9    0.8   -9.0 -9.00    0.8 1731    0.5 1736   -9.0   -9   -9.0   -9   -9.0   -9 -99.0 -99.0 -99.0 -99.0 -99.0
20260808 244  1.1   952  23  5.3 1619  20 10.1 1614  27.5  34.5 1407  24.0  340  22.9  31.8  22.8  78.0  49.0 1418  27.9  -9.0  -9.0 -9.00  977.4 1004.8 1006.2 2307 1002.9 1409  8.3  7.6 13.8 -9.0 -9.00 -9.00   -9    0.6   -9.0 -9.00    0.6   -9    0.6 1614   -9.0   -9   -9.0   -9   -9.0   -9 -99.0 -99.0 -99.0 -99.0 -99.0
20260808 245  2.2  1901   7  7.8 1714   9 13.2 1709  29.7  36.6 1446  25.5 1850  22.3  34.2  23.7  67.1  43.0 1311  27.0   7.0   4.9 -9.00  997.0 1004.7 1006.1 2346 1002.6 1628  7.4  8.2 13.7 -9.0 20.68  3.23 1200    0.0   -9.0 -9.00    0.0   -9    0.0   -9   -9.0   -9   -9.0   -9   -9.0   -9 -99.0 -99.0 -99.0 -99.0 -99.0
20260808 247  3.9  3354   9  7.1 1555   9 12.4 2209  30.2  35.1 1339  26.1  328  22.9  33.9  24.5  66.0  52.0 1512  28.0  -9.0  -9.0 -9.00  989.5 1004.3 1005.8 2352 1002.8 1508  8.3  7.3 13.7 -9.0 -9.00 -9.00   -9    0.1   -9.0 -9.00    0.1   -9    0.1   -9   -9.0   -9   -9.0   -9   -9.0   -9 -99.0 -99.0 -99.0 -99.0 -99.0
20260808 248  2.0  1743   5  5.0 1628   7 10.7 2147  27.3  33.3 1400  21.7  554  21.6  33.8  20.3  72.5  53.0 1402  25.8  -9.0  -9.0 -9.00  960.7 1005.6 1006.9 2355 1003.4 1436  8.1  5.6 13.8 -9.0 -9.00 -9.00   -9   -9.0   -9.0 -9.00   -9.0   -9   -9.0   -9   -9.0   -9   -9.0   -9   -9.0   -9 -99.0 -99.0 -99.0 -99.0 -99.0
20260808 251  2.4  2054   9 11.3 1747   7 17.1 1746  29.2  36.4 1530  24.8 1834  23.6  35.5  23.7  74.9  47.0 1249  29.1   6.4   4.5 -9.00  998.7 1004.3 1005.7 2349 1002.2 1640  7.6  9.3 13.7 -9.0 21.29  2.86 1100   10.7   -9.0 -9.00    9.4 1748    7.1 1757   -9.0   -9   -9.0   -9   -9.0   -9 -99.0 -99.0 -99.0 -99.0 -99.0
20260808 252  1.3  1091   5  3.6 1822  36  7.8 1816  29.4  34.8 1500  24.2 1850  23.6  30.4  23.2  73.1  50.0 1134  29.2   6.0   4.2 -9.00  999.8 1004.0 1005.2 2336 1002.6 1641  7.5  8.8 13.7 -9.0 22.35  2.94 1100    1.6   -9.0 -9.00    1.6 1755    1.2 1836   -9.0   -9   -9.0   -9   -9.0   -9 -99.0 -99.0 -99.0 -99.0 -99.0
20260808 253  1.3  1092  14  3.3 1341   9  6.9 1407  31.3  35.9 1450  28.4  434  23.8  36.6  26.2  65.1  51.0 1327  29.6   5.0   3.5 -9.00 1000.1 1006.2 1007.8 2307 1005.0 1408  8.5  4.4 13.7 -9.0 16.20  2.00 1300   -9.0   -9.0 -9.00   -9.0   -9   -9.0   -9   -9.0   -9   -9.0   -9   -9.0   -9 -99.0 -99.0 -99.0 -99.0 -99.0
20260808 254  1.4  1207  11  5.5 1728   9 13.7 1721  28.2  36.1 1608  24.3 1734  22.8  34.0  22.8  75.4  47.0 1320  27.9   6.1   4.2 -9.00  990.4 1004.9 1006.2 2336 1002.8 1622  8.4  9.0 13.7 -9.0 19.45  2.88 1100    3.1   -9.0 -9.00    3.1 1714    2.9 1729   -9.0   -9   -9.0   -9   -9.0   -9 -99.0 -99.0 -99.0 -99.0 -99.0
20260808 255  2.2  1934   9  4.6 1631   9 11.7 1622  31.7  35.7 1239  28.7  515  23.2  34.5  24.9  61.4  50.0 1517  28.5   5.0   3.5 -9.00  999.3 1004.9 1006.8 2315 1003.7 1403  8.6  2.8 13.7 -9.0 12.56  1.80 1200    0.0   -9.0 -9.00    0.0   -9    0.0   -9   -9.0   -9   -9.0   -9   -9.0   -9 -99.0 -99.0 -99.0 -99.0 -99.0
20260808 257  2.8  2460   7  5.0 1522   5 11.8 1522  31.3  36.1 1304  28.8  543  24.8  35.5  27.1  69.0  51.0 1358  31.3   5.4   3.8 -9.00 1004.8 1005.5 1007.2 2322 1004.4 1423  8.6  3.7 13.7 -9.0 14.30  2.16 1300    0.0   -9.0 -9.00    0.0   -9    0.0   -9   -9.0   -9   -9.0   -9   -9.0   -9 -99.0 -99.0 -99.0 -99.0 -99.0
20260808 258  3.2  2766  11  5.7 1252  11  8.1 1012  29.8  34.3 1427  26.3  350  23.6  29.3  25.0  70.1  56.0 1415  29.1   6.6   4.6 -9.00 1004.4 1004.6 1005.8 2247 1003.5 1627  8.8  4.0 13.7 -9.0 18.09  2.51 1400   -9.0   -9.0 -9.00   -9.0   -9   -9.0   -9   -9.0   -9   -9.0   -9   -9.0   -9 -99.0 -99.0 -99.0 -99.0 -99.0
20260808 259  2.4  2105   9  5.3 1444   9  9.8 1149  31.1  35.0 1423  28.8  450  23.6  34.7  25.1  65.1  56.0 1424  29.2   6.0   4.2 -9.00 1001.9 1003.7 1004.9 1035 1002.7 1605  9.0  4.1 13.7 -9.0 17.56  2.46 1100   -9.0   -9.0 -9.00   -9.0   -9   -9.0   -9   -9.0   -9   -9.0   -9   -9.0   -9 -99.0 -99.0 -99.0 -99.0 -99.0
20260808 260  3.3  2838  11  6.9 2327  11 12.1 2334  30.1  33.4 1430  28.1  610  23.3  34.4  26.1  67.4  59.0 1458  28.6  -9.0  -9.0 -9.00  998.9 1003.8 1004.9 1021 1002.7 1615  8.8  4.1 13.7 -9.0 -9.00 -9.00   -9   -9.0   -9.0 -9.00   -9.0   -9   -9.0   -9   -9.0   -9   -9.0   -9   -9.0   -9 -99.0 -99.0 -99.0 -99.0 -99.0
20260808 261  5.3  4543   9  8.9 2153   9 14.6 2057  30.8  33.5 1350  28.8  651  24.3  34.0  27.2  68.9  60.0 1714  30.4  -9.0  -9.0 -9.00 1002.1 1003.9 1005.1 1015 1002.9 1600  8.6  3.8 13.7 -9.0 -9.00 -9.00   -9   -9.0   -9.0 -9.00   -9.0   -9   -9.0   -9   -9.0   -9   -9.0   -9   -9.0   -9 -99.0 -99.0 -99.0 -99.0 -99.0
20260808 262  2.6  2262   9  5.0 1619  11 10.9 1617  30.6  34.4 1409  28.0  542  22.3  35.0  27.0  62.1  48.0 1515  26.9   6.5   4.5 -9.00  998.3 1004.1 1005.3 2255 1003.0 1635  9.0  5.8 13.7 -9.0 17.42  2.59 1300   -9.0   -9.0 -9.00   -9.0   -9   -9.0   -9   -9.0   -9   -9.0   -9   -9.0   -9 -99.0 -99.0 -99.0 -99.0 -99.0
20260808 263  2.1  1848   7  5.0 1524   7  8.8 1443  30.0  34.9 1327  25.5  524  24.3  35.7  23.3  72.5  55.0 1354  30.4   5.8   4.1 -9.00 1003.8 1005.4 1007.1 2324 1004.1 1629  8.5  2.2 13.7 -9.0 15.27  2.59 1000   -9.0   -9.0 -9.00   -9.0   -9   -9.0   -9   -9.0   -9   -9.0   -9   -9.0   -9 -99.0 -99.0 -99.0 -99.0 -99.0
20260808 264  1.9  1614  11  5.8 1504  11 10.0 1457  29.3  35.0 1356  24.1  558  24.0  34.0  23.0  74.1  54.0 1443  29.9   5.4   3.8 -9.00  988.6 1005.5 1007.2 2352 1003.4 1421  8.3  4.9 13.8 -9.0 17.24  2.67 1100    2.8   -9.0 -9.00    2.8   -9    2.8 1511   -9.0   -9   -9.0   -9   -9.0   -9 -99.0 -99.0 -99.0 -99.0 -99.0
20260808 266  2.5  2161   9  4.8 1611   7  9.0  825  30.5  34.3 1459  28.6  514  22.9  37.2  26.8  64.6  51.0 1501  27.9   5.9   4.1 -9.00  995.3 1005.1 1006.6 2316 1003.9 1628  8.9  3.1 13.7 -9.0 15.46  2.52 1400   -9.0   -9.0 -9.00   -9.0   -9   -9.0   -9   -9.0   -9   -9.0   -9   -9.0   -9 -99.0 -99.0 -99.0 -99.0 -99.0
20260808 268  2.0  1696   9  4.6 1037   2  9.9 1139  30.1  33.8 1417  25.9  511  22.5  32.7  24.1  64.8  52.0 1707  27.2  -9.0  -9.0 -9.00 1001.3 1002.4 1003.4 1003 1001.5 1537  8.5  5.8 13.7 -9.0 -9.00 -9.00   -9   -9.0   -9.0 -9.00   -9.0   -9   -9.0   -9   -9.0   -9   -9.0   -9   -9.0   -9 -99.0 -99.0 -99.0 -99.0 -99.0
20260808 271  1.8  1576   2  4.7 1331   5  9.9 1327  26.0  32.7 1142  21.7  521  20.6  32.2  19.4  73.6  47.0 1217  24.2  -9.0  -9.0 -9.00  972.0 1008.2 1010.0 2317 1006.5   36  6.3  6.8 13.8 -9.0 -9.00 -9.00   -9    0.1   -9.0 -9.00    0.1   -9    0.1   -9   -9.0   -9   -9.0   -9   -9.0   -9 -99.0 -99.0 -99.0 -99.0 -99.0
20260808 272  1.5  1337   7  5.9 1329   7 11.3 1322  26.7  34.8 1249  22.6 2332  22.3  33.9  22.2  78.4  47.0 1241  26.9  -9.0  -9.0 -9.00  983.8 1007.5 1009.6 2309 1005.6 1302  6.4  7.3 13.8 -9.0 -9.00 -9.00   -9    0.0   -9.0 -9.00    0.0   -9    0.0   -9   -9.0   -9   -9.0   -9   -9.0   -9 -99.0 -99.0 -99.0 -99.0 -99.0
20260808 273  1.2  1070  11  7.1 1343  14 12.1 1335  26.2  35.9 1324  22.4 2327  23.4  30.8  21.4  86.9  51.0 1259  28.8  -9.0  -9.0 -9.00  987.4 1006.8 1008.7 2324 1004.4 1321  6.0  6.8 13.8 -9.0 -9.00 -9.00   -9    3.6   -9.0 -9.00    3.2 1352    1.7 1354   -9.0   -9   -9.0   -9   -9.0   -9 -99.0 -99.0 -99.0 -99.0 -99.0
20260808 276  1.8  1594  11  5.1 1101  11  9.4 1101  26.2  34.2 1023  22.2  546  23.2  29.4  20.4  85.5  57.0 1019  28.5   3.9   2.7 -9.00  983.8 1007.2 1008.9 2259 1005.7   12  8.4  5.3 13.8 -9.0 13.81  3.00 1000    4.2   -9.0 -9.00    3.8 1448    1.0 1502   -9.0   -9   -9.0   -9   -9.0   -9 -99.0 -99.0 -99.0 -99.0 -99.0
20260808 277  3.7  3170   5  7.9 1830   2 12.9 1831  25.0  30.9  931  23.0 1324  24.0  29.4  23.0  94.5  72.0  933  29.9  -9.0  -9.0 -9.00 1003.4 1008.1 1009.8 2322 1006.4   34  8.1  1.2 13.8 -9.0 -9.00 -9.00   -9   -9.0   -9.0 -9.00   28.3 1227   14.4 1254   -9.0   -9   -9.0   -9   -9.0   -9 -99.0 -99.0 -99.0 -99.0 -99.0
20260808 278  1.5  1310   7  5.5 1242  36 11.7 1238  27.7  36.0 1229  23.7  456  22.7  31.2  21.6  75.8  49.0 1223  27.6  -9.0  -9.0 -9.00  997.0 1006.2 1007.9 2237 1004.4    2  8.0  5.0 13.8 -9.0 -9.00 -9.00   -9    1.1   -9.0 -9.00    1.1 1427    0.7 1503   -9.0   -9   -9.0   -9   -9.0   -9 -99.0 -99.0 -99.0 -99.0 -99.0
20260808 279  1.1   947   9  4.0 1344   7  9.9 1333  28.4  37.0 1148  25.5 1650  22.9  32.9  24.8  73.3  46.0 1153  27.8   4.0   2.8 -9.00 1001.1 1006.6 1008.5 2234 1004.6    1  8.4  5.3 13.8 -9.0 14.35  2.68 1000    1.5   -9.0 -9.00    1.2 1526    0.6 1603   -9.0   -9   -9.0   -9   -9.0   -9 -99.0 -99.0 -99.0 -99.0 -99.0
20260808 281  1.5  1321   7  3.9 1838   7  7.5 1833  26.3  32.3  949  24.2 1326  23.4  28.6  22.5  84.8  61.0  951  28.8  -9.0  -9.0 -9.00  996.6 1007.5 1009.0 2310 1005.9  223  9.0  2.3 13.8 -9.0 -9.00 -9.00   -9   18.5   -9.0 -9.00    9.2 1145    4.2 1145   -9.0   -9   -9.0   -9   -9.0   -9 -99.0 -99.0 -99.0 -99.0 -99.0
20260808 283  3.2  2796  36  6.3 1339  34  9.2 1050  27.3  30.2  911  25.1  406  24.7  32.4  23.7  86.3  76.0  914  31.2   3.1   2.2 -9.00 1002.9 1007.4 1009.3 2313 1006.1    1  8.8  0.6 13.8 -9.0  9.25  1.57 1400    0.4   -9.0 -9.00    0.4 1707    0.3 1738   -9.0   -9   -9.0   -9   -9.0   -9 -99.0 -99.0 -99.0 -99.0 -99.0
20260808 284  2.3  2024  11  5.3 1551  11 10.5 1550  28.6  35.1 1320  23.7  528  23.6  34.0  21.4  75.0  55.0 1322  29.2   5.2   3.6 -9.00  980.4 1005.8 1007.5 2303 1003.8 1351  8.8  4.7 13.8 -9.0 15.86  2.44 1100    0.0   -9.0 -9.00    0.0   -9    0.0   -9   -9.0   -9   -9.0   -9   -9.0   -9 -99.0 -99.0 -99.0 -99.0 -99.0
20260808 285  1.2  1054  14  5.3 1357  14 12.2 1352  28.5  36.0 1343  24.7  555  23.7  32.2  24.5  76.5  51.0 1259  29.3  -9.0  -9.0 -9.00 1003.1 1006.1 1007.7 2311 1004.7 1333  8.6 -9.0 13.7 -9.0 -9.00 -9.00   -9   11.5   -9.0 -9.00   11.5 1317    9.1 1355   -9.0   -9   -9.0   -9   -9.0   -9 -99.0 -99.0 -99.0 -99.0 -99.0
20260808 288  2.0  1690   5  4.2 1429  11  7.7 1349  30.2  35.0 1331  26.2  607  23.8  33.2  26.8  69.4  49.0 1329  29.4   5.4   3.7 -9.00 1003.3 1004.2 1006.0 2302 1003.2 1437  9.0  2.1 13.7 -9.0 14.06  2.16 1300    0.2   -9.0 -9.00    0.2   -9    0.2   -9   -9.0   -9   -9.0   -9   -9.0   -9 -99.0 -99.0 -99.0 -99.0 -99.0
20260808 289  1.3  1114   5  6.0 1458   5  9.6 1458  29.3  34.8 1346  24.7  552  23.4  34.0  22.0  71.5  55.0 1234  28.8  -9.0  -9.0 -9.00  990.9 1006.3 1008.0 2357 1004.4 1428  8.0  3.4 13.7 -9.0 -9.00 -9.00   -9   -9.0   -9.0 -9.00   -9.0   -9   -9.0   -9   -9.0   -9   -9.0   -9   -9.0   -9 -99.0 -99.0 -99.0 -99.0 -99.0
20260808 294  2.2  1932   9  3.9 1112   5 11.5 1525  30.0  33.9 1318  28.0  212  23.4  36.7  25.6  68.8  53.0 1323  28.8  -9.0  -9.0 -9.00 1000.9 1005.9 1007.2 2310 1004.7  300  8.6  5.5 13.7 -9.0 -9.00 -9.00   -9   -9.0   -9.0 -9.00   -9.0   -9   -9.0   -9   -9.0   -9   -9.0   -9   -9.0   -9 -99.0 -99.0 -99.0 -99.0 -99.0
20260808 295  2.3  2001   9  4.9 1110   7  7.1 1109  30.0  33.9 1346  26.3  436  23.2  34.4  24.4  68.1  50.0 1403  28.5  -9.0  -9.0 -9.00 1000.0 1005.1 1006.4 2317 1003.9 1626  9.1  6.4 13.7 -9.0 -9.00 -9.00   -9   -9.0   -9.0 -9.00   -9.0   -9   -9.0   -9   -9.0   -9   -9.0   -9   -9.0   -9 -99.0 -99.0 -99.0 -99.0 -99.0
20260808 296  3.9  3392   5  7.3 1515   5 11.7 1510  31.2  35.6 1250  28.6  458  25.1  34.9  25.9  70.9  56.0 1320  31.9   6.6   4.6 -9.00 1004.3 1004.6 1006.2 2308 1003.6 1421  8.4  5.7 13.7 -9.0 17.42  2.34 1200   -9.0   -9.0 -9.00   -9.0   -9   -9.0   -9   -9.0   -9   -9.0   -9   -9.0   -9 -99.0 -99.0 -99.0 -99.0 -99.0
20260809  90 -9.0    -9  29  3.6  833  34  7.7  847 -99.0  22.5   18  19.9  740 -99.0 -99.0  20.2  -9.0  63.0  153  -9.0  -9.0  -9.0 -9.00   -9.0   -9.0 1014.3  829 1012.3  243 -9.0 -9.0 13.9 -9.0 -9.00 -9.00   -9    1.4   -9.0 -9.00    1.1  723    0.3  748   -9.0   -9   -9.0   -9   -9.0   -9 -99.0 -99.0 -99.0 -99.0 -99.0
20260809  93 -9.0    -9   5  4.3  918   7  8.4  914 -99.0  28.8  939  21.9  254 -99.0 -99.0  22.2  -9.0  57.0  224  -9.0  -9.0  -9.0 -9.00   -9.0   -9.0 1011.7  804 1010.5  339 -9.0 -9.0 13.9 -9.0 -9.00 -9.00   -9   -9.0   -9.0 -9.00   -9.0   -9   -9.0   -9   -9.0   -9   -9.0   -9   -9.0   -9 -99.0 -99.0 -99.0 -99.0 -99.0
20260809  95 -9.0    -9  11  5.6  122  11  9.5  811 -99.0  25.7  939  20.8   19 -99.0 -99.0  20.1  -9.0  62.0  720  -9.0  -9.0  -9.0 -9.00   -9.0   -9.0 1012.0  727 1010.7  211 -9.0 -9.0 13.9 -9.0 -9.00 -9.00   -9   -9.0   -9.0 -9.00   -9.0   -9   -9.0   -9   -9.0   -9   -9.0   -9   -9.0   -9 -99.0 -99.0 -99.0 -99.0 -99.0
20260809  98 -9.0    -9   2  1.6  845   2  5.9  821 -99.0  28.3  931  21.7  506 -99.0 -99.0  19.7  -9.0  48.0  932  -9.0  -9.0  -9.0 -9.00   -9.0   -9.0 1010.3  654 1009.0  336 -9.0 -9.0 13.9 -9.0 -9.00 -9.00   -9   -9.0   -9.0 -9.00   -9.0   -9   -9.0   -9   -9.0   -9   -9.0   -9   -9.0   -9 -99.0 -99.0 -99.0 -99.0 -99.0
20260809  99 -9.0    -9   9  3.4  859   7  7.5  859 -99.0  27.2  939  21.2  108 -99.0 -99.0  20.5  -9.0  57.0  922  -9.0  -9.0  -9.0 -9.00   -9.0   -9.0 1011.0  735 1009.6  308 -9.0 -9.0 13.9 -9.0 -9.00 -9.00   -9   -9.0   -9.0 -9.00   -9.0   -9   -9.0   -9   -9.0   -9   -9.0   -9   -9.0   -9 -99.0 -99.0 -99.0 -99.0 -99.0
20260809 100 -9.0    -9   5  3.9  815   2  6.9  824 -99.0  19.7  913  16.3   20 -99.0 -99.0  16.8  -9.0  94.0  725  -9.0  -9.0  -9.0 -9.00   -9.0   -9.0 1013.1    1 1011.1  407 -9.0 -9.0 13.9 -9.0 -9.00 -9.00   -9    2.2   -9.0 -9.00    0.6  628    0.3  858   -9.0   -9   -9.0   -9   -9.0   -9 -99.0 -99.0 -99.0 -99.0 -99.0
20260809 101 -9.0    -9   7  3.9  928   5  7.0  939 -99.0  28.1  936  21.7  304 -99.0 -99.0  19.7  -9.0  56.0  934  -9.0  -9.0  -9.0 -9.00   -9.0   -9.0 1010.5  744 1009.4  336 -9.0 -9.0 13.9 -9.0 -9.00 -9.00   -9   -9.0   -9.0 -9.00   -9.0   -9   -9.0   -9   -9.0   -9   -9.0   -9   -9.0   -9 -99.0 -99.0 -99.0 -99.0 -99.0
20260809 102 -9.0    -9  11  4.7   27  14  8.3   20 -99.0  27.1  933  24.0  510 -99.0 -99.0  22.7  -9.0  68.0  925  -9.0  -9.0  -9.0 -9.00   -9.0   -9.0 1008.5  933 1006.7   20 -9.0 -9.0 13.9 -9.0 -9.00 -9.00   -9   -9.0   -9.0 -9.00   -9.0   -9   -9.0   -9   -9.0   -9   -9.0   -9   -9.0   -9 -99.0 -99.0 -99.0 -99.0 -99.0
20260809 104 -9.0    -9  29  4.3  551  20  7.3  545 -99.0  22.3   11  18.9  603 -99.0 -99.0  18.3  -9.0  73.0  322  -9.0  -9.0  -9.0 -9.00   -9.0   -9.0 1012.6  847 1010.9  133 -9.0 -9.0 13.9 -9.0 -9.00 -9.00   -9    0.3   -9.0 -9.00    0.2  404    0.2  454   -9.0   -9   -9.0   -9   -9.0   -9 -99.0 -99.0 -99.0 -99.0 -99.0
20260809 105 -9.0    -9  32  3.4  543  34  6.4  536 -99.0  22.5    9  19.0  653 -99.0 -99.0  19.8  -9.0  67.0  255  -9.0  -9.0  -9.0 -9.00   -9.0   -9.0 1013.8  852 1011.9  215 -9.0 -9.0 13.9 -9.0 -9.00 -9.00   -9    4.4   -9.0 -9.00    2.8  335    2.7  424   -9.0   -9   -9.0   -9   -9.0   -9 -99.0 -99.0 -99.0 -99.0 -99.0
20260809 106 -9.0    -9  32  4.2  937  36  9.4  915 -99.0  22.9  801  21.9  414 -99.0 -99.0  21.0  -9.0  75.0  318  -9.0  -9.0  -9.0 -9.00   -9.0   -9.0 1012.9  927 1010.9  227 -9.0 -9.0 13.8 -9.0 -9.00 -9.00   -9    0.7   -9.0 -9.00    1.4  822    0.9  914   -9.0   -9   -9.0   -9   -9.0   -9 -99.0 -99.0 -99.0 -99.0 -99.0
20260809 108 -9.0    -9   5  5.5  111   7 10.1  931 -99.0  29.2  936  24.5  546 -99.0 -99.0  21.7  -9.0  55.0  806  -9.0  -9.0  -9.0 -9.00   -9.0   -9.0 1009.6  619 1008.4  109 -9.0 -9.0 13.8 -9.0 -9.00 -9.00   -9   -9.0   -9.0 -9.00   -9.0   -9   -9.0   -9   -9.0   -9   -9.0   -9   -9.0   -9 -99.0 -99.0 -99.0 -99.0 -99.0
20260809 112 -9.0    -9   7  4.9   47   5  9.2   40 -99.0  29.8  937  25.0  552 -99.0 -99.0  21.5  -9.0  54.0  938  -9.0  -9.0  -9.0 -9.00   -9.0   -9.0 1009.4  653 1007.8  156 -9.0 -9.0 13.8 -9.0 -9.00 -9.00   -9   -9.0   -9.0 -9.00   -9.0   -9   -9.0   -9   -9.0   -9   -9.0   -9   -9.0   -9  28.4  26.5  23.8  19.4  15.5
20260809 114 -9.0    -9   5  3.6    1   2  5.7   11 -99.0  28.0  934  22.8  354 -99.0 -99.0  21.1  -9.0  64.0  904  -9.0  -9.0  -9.0 -9.00   -9.0   -9.0 1009.6  614 1008.4  327 -9.0 -9.0 13.8 -9.0 -9.00 -9.00   -9   -9.0   -9.0 -9.00   -9.0   -9   -9.0   -9   -9.0   -9   -9.0   -9   -9.0   -9 -99.0 -99.0 -99.0 -99.0 -99.0
20260809 115 -9.0    -9   5  8.8  352   5 15.9  358 -99.0  26.1    1  25.1  910 -99.0 -99.0  24.5  -9.0  91.0    1  -9.0  -9.0  -9.0 -9.00   -9.0   -9.0 1010.9  910 1008.4  156 -9.0 -9.0 13.8 -9.0 -9.00 -9.00   -9    1.5   -9.0 -9.00    1.3  711    0.5  739   -9.0   -9   -9.0   -9   -9.0   -9 -99.0 -99.0 -99.0 -99.0 -99.0
20260809 119 -9.0    -9   9  4.2  123   9  7.6  116 -99.0  27.6  924  24.4  441 -99.0 -99.0  23.1  -9.0  57.0  852  -9.0  -9.0  -9.0 -9.00   -9.0   -9.0 1009.1  628 1007.7  240 -9.0 -9.0 13.8 -9.0 -9.00 -9.00   -9   -9.0   -9.0 -9.00   -9.0   -9   -9.0   -9   -9.0   -9   -9.0   -9   -9.0   -9 -99.0 -99.0 -99.0 -99.0 -99.0
20260809 121 -9.0    -9   7  4.6  438   2 12.3  433 -99.0  27.7  900  23.4   42 -99.0 -99.0  24.0  -9.0  65.0  901  -9.0  -9.0  -9.0 -9.00   -9.0   -9.0 1011.0  926 1009.3  312 -9.0 -9.0 13.8 -9.0 -9.00 -9.00   -9   -9.0   -9.0 -9.00   -9.0   -9   -9.0   -9   -9.0   -9   -9.0   -9   -9.0   -9 -99.0 -99.0 -99.0 -99.0 -99.0
20260809 127 -9.0    -9   5  3.0    7   5  5.9    7 -99.0  27.6  934  23.7  421 -99.0 -99.0  22.6  -9.0  66.0  926  -9.0  -9.0  -9.0 -9.00   -9.0   -9.0 1008.8  900 1007.4  241 -9.0 -9.0 13.8 -9.0 -9.00 -9.00   -9   -9.0   -9.0 -9.00   -9.0   -9   -9.0   -9   -9.0   -9   -9.0   -9   -9.0   -9 -99.0 -99.0 -99.0 -99.0 -99.0
20260809 129 -9.0    -9   7  4.9  926   7  8.5  926 -99.0  26.8    1  24.3  424 -99.0 -99.0  22.1  -9.0  67.0  921  -9.0  -9.0  -9.0 -9.00   -9.0   -9.0 1008.7  934 1007.1  206 -9.0 -9.0 13.8 -9.0 -9.00 -9.00   -9   -9.0   -9.0 -9.00   -9.0   -9   -9.0   -9   -9.0   -9   -9.0   -9   -9.0   -9 -99.0 -99.0 -99.0 -99.0 -99.0
20260809 130 -9.0    -9  34  3.7  323  34 10.5  846 -99.0  25.1  938  23.0  334 -99.0 -99.0  21.6  -9.0  86.0    6  -9.0  -9.0  -9.0 -9.00   -9.0   -9.0 1011.6  856 1009.5  237 -9.0 -9.0 13.8 -9.0 -9.00 -9.00   -9   -9.0   -9.0 -9.00   -9.0   -9   -9.0   -9   -9.0   -9   -9.0   -9   -9.0   -9 -99.0 -99.0 -99.0 -99.0 -99.0
20260809 131 -9.0    -9   5  4.8    1   5  6.7   21 -99.0  27.1  939  24.3  549 -99.0 -99.0  23.7  -9.0  67.0  929  -9.0  -9.0  -9.0 -9.00   -9.0   -9.0 1008.8  928 1007.2  213 -9.0 -9.0 13.8 -9.0 -9.00 -9.00   -9   -9.0   -9.0 -9.00   -9.0   -9   -9.0   -9   -9.0   -9   -9.0   -9   -9.0   -9 -99.0 -99.0 -99.0 -99.0 -99.0
20260809 133 -9.0    -9  11  4.6  159   9  8.8  154 -99.0  28.2  933  25.2  651 -99.0 -99.0  25.4  -9.0  68.0  936  -9.0  -9.0  -9.0 -9.00   -9.0   -9.0 1008.8  939 1007.1  305 -9.0 -9.0 13.8 -9.0 -9.00 -9.00   -9   -9.0   -9.0 -9.00   -9.0   -9   -9.0   -9   -9.0   -9   -9.0   -9   -9.0   -9  31.2  29.0  26.5  21.6  17.8
20260809 135 -9.0    -9   9  5.1   33   9  8.3   45 -99.0  26.1  938  23.6  631 -99.0 -99.0  24.3  -9.0  77.0  927  -9.0  -9.0  -9.0 -9.00   -9.0   -9.0 1009.1  919 1007.3  249 -9.0 -9.0 13.8 -9.0 -9.00 -9.00   -9   -9.0   -9.0 -9.00   -9.0   -9   -9.0   -9   -9.0   -9   -9.0   -9   -9.0   -9 -99.0 -99.0 -99.0 -99.0 -99.0
20260809 136 -9.0    -9  11  2.3  915  11  3.9  922 -99.0  28.1  930  23.6  515 -99.0 -99.0  23.2  -9.0  68.0  932  -9.0  -9.0  -9.0 -9.00   -9.0   -9.0 1010.6  928 1008.7  220 -9.0 -9.0 13.8 -9.0 -9.00 -9.00   -9   -9.0   -9.0 -9.00   -9.0   -9   -9.0   -9   -9.0   -9   -9.0   -9   -9.0   -9 -99.0 -99.0 -99.0 -99.0 -99.0
20260809 137 -9.0    -9   5  1.2  908   5  2.9  830 -99.0  26.6  939  23.3  343 -99.0 -99.0  22.7  -9.0  80.0  855  -9.0  -9.0  -9.0 -9.00   -9.0   -9.0 1008.9  915 1007.1  222 -9.0 -9.0 13.8 -9.0 -9.00 -9.00   -9   -9.0   -9.0 -9.00   -9.0   -9   -9.0   -9   -9.0   -9   -9.0   -9   -9.0   -9 -99.0 -99.0 -99.0 -99.0 -99.0
20260809 138 -9.0    -9   7  6.9  142   5 12.1  242 -99.0  26.6  917  25.5  237 -99.0 -99.0  25.0  -9.0  79.0  301  -9.0  -9.0  -9.0 -9.00   -9.0   -9.0 1009.2  933 1007.2  256 -9.0 -9.0 13.7 -9.0 -9.00 -9.00   -9   -9.0   -9.0 -9.00   -9.0   -9   -9.0   -9   -9.0   -9   -9.0   -9   -9.0   -9 -99.0 -99.0 -99.0 -99.0 -99.0
20260809 140 -9.0    -9   5  3.6  219   7  8.0  214 -99.0  28.4  935  25.9  617 -99.0 -99.0  24.5  -9.0  75.0  924  -9.0  -9.0  -9.0 -9.00   -9.0   -9.0 1008.2  833 1006.4  236 -9.0 -9.0 13.7 -9.0 -9.00 -9.00   -9   -9.0   -9.0 -9.00   -9.0   -9   -9.0   -9   -9.0   -9   -9.0   -9   -9.0   -9 -99.0 -99.0 -99.0 -99.0 -99.0
20260809 143 -9.0    -9  11  3.0  934  14  5.1    5 -99.0  28.4  925  25.6  549 -99.0 -99.0  25.6  -9.0  68.0  922  -9.0  -9.0  -9.0 -9.00   -9.0   -9.0 1008.3  724 1006.7  238 -9.0 -9.0 13.7 -9.0 -9.00 -9.00   -9   -9.0   -9.0 -9.00   -9.0   -9   -9.0   -9   -9.0   -9   -9.0   -9   -9.0   -9 -99.0 -99.0 -99.0 -99.0 -99.0
20260809 146 -9.0    -9   5  3.6  240   2  6.7  232 -99.0  31.5  937  26.4  519 -99.0 -99.0  23.7  -9.0  57.0 2400  -9.0  -9.0  -9.0 -9.00   -9.0   -9.0 1007.0  922 1005.3  233 -9.0 -9.0 13.7 -9.0 -9.00 -9.00   -9   -9.0   -9.0 -9.00   -9.0   -9   -9.0   -9   -9.0   -9   -9.0   -9   -9.0   -9 -99.0 -99.0 -99.0 -99.0 -99.0
20260809 152 -9.0    -9   5  4.5   14   5  9.3  705 -99.0  26.5  935  25.4  304 -99.0 -99.0  25.6  -9.0  77.0  838  -9.0  -9.0  -9.0 -9.00   -9.0   -9.0 1008.6  917 1006.4  230 -9.0 -9.0 13.7 -9.0 -9.00 -9.00   -9   -9.0   -9.0 -9.00   -9.0   -9   -9.0   -9   -9.0   -9   -9.0   -9   -9.0   -9 -99.0 -99.0 -99.0 -99.0 -99.0
20260809 155 -9.0    -9   7  3.9  713  11  7.9  707 -99.0  29.5    1  27.7  511 -99.0 -99.0  26.5  -9.0  67.0    1  -9.0  -9.0  -9.0 -9.00   -9.0   -9.0 1007.7  837 1005.7  240 -9.0 -9.0 13.7 -9.0 -9.00 -9.00   -9   -9.0   -9.0 -9.00   -9.0   -9   -9.0   -9   -9.0   -9   -9.0   -9   -9.0   -9 -99.0 -99.0 -99.0 -99.0 -99.0
20260809 156 -9.0    -9   5  4.4  848   2  7.1  517 -99.0  29.5  935  27.3  639 -99.0 -99.0  25.0  -9.0  70.0    1  -9.0  -9.0  -9.0 -9.00   -9.0   -9.0 1006.3  814 1004.4  327 -9.0 -9.0 13.7 -9.0 -9.00 -9.00   -9   -9.0   -9.0 -9.00   -9.0   -9   -9.0   -9   -9.0   -9   -9.0   -9   -9.0   -9 -99.0 -99.0 -99.0 -99.0 -99.0
20260809 159 -9.0    -9   9  4.7   57  11 11.8  907 -99.0  28.7  830  27.5  521 -99.0 -99.0  25.2  -9.0  69.0   55  -9.0  -9.0  -9.0 -9.00   -9.0   -9.0 1007.4  913 1004.9  300 -9.0 -9.0 13.7 -9.0 -9.00 -9.00   -9    0.0   -9.0 -9.00   -9.0   -9   -9.0   -9   -9.0   -9   -9.0   -9   -9.0   -9  30.0  26.9  24.7  19.0  18.1
20260809 162 -9.0    -9   5  3.9  540   5  8.0  201 -99.0  29.0  912  27.3  546 -99.0 -99.0  25.9  -9.0  69.0   38  -9.0  -9.0  -9.0 -9.00   -9.0   -9.0 1006.3  808 1004.3  227 -9.0 -9.0 13.7 -9.0 -9.00 -9.00   -9   -9.0   -9.0 -9.00   -9.0   -9   -9.0   -9   -9.0   -9   -9.0   -9   -9.0   -9 -99.0 -99.0 -99.0 -99.0 -99.0
20260809 165 -9.0    -9   9  3.5    1   9  7.9  930 -99.0  29.3  938  27.7  635 -99.0 -99.0  26.1  -9.0  69.0  129  -9.0  -9.0  -9.0 -9.00   -9.0   -9.0 1006.2  915 1004.2  327 -9.0 -9.0 13.7 -9.0 -9.00 -9.00   -9   -9.0   -9.0 -9.00   -9.0   -9   -9.0   -9   -9.0   -9   -9.0   -9   -9.0   -9  29.3  26.8  25.3  20.9  17.6
20260809 168 -9.0    -9   9  8.8  309   9 14.0  916 -99.0  29.4   16  27.4  553 -99.0 -99.0  27.5  -9.0  68.0    1  -9.0  -9.0  -9.0 -9.00   -9.0   -9.0 1007.1  813 1004.7  259 -9.0 -9.0 13.7 -9.0 -9.00 -9.00   -9   -9.0   -9.0 -9.00   -9.0   -9   -9.0   -9   -9.0   -9   -9.0   -9   -9.0   -9 -99.0 -99.0 -99.0 -99.0 -99.0
20260809 169 -9.0    -9   5  7.2  229   7 11.6  759 -99.0  28.5    1  26.8  528 -99.0 -99.0  26.4  -9.0  72.0    6  -9.0  -9.0  -9.0 -9.00   -9.0   -9.0 1006.1  930 1004.0  222 -9.0 -9.0 13.7 -9.0 -9.00 -9.00   -9   -9.0   -9.0 -9.00   -9.0   -9   -9.0   -9   -9.0   -9   -9.0   -9   -9.0   -9 -99.0 -99.0 -99.0 -99.0 -99.0
20260809 170 -9.0    -9  11  8.5    1  14 11.3    8 -99.0  28.9    1  27.9  621 -99.0 -99.0  26.7  -9.0  68.0    1  -9.0  -9.0  -9.0 -9.00   -9.0   -9.0 1006.1  911 1004.0  233 -9.0 -9.0 13.7 -9.0 -9.00 -9.00   -9   -9.0   -9.0 -9.00   -9.0   -9   -9.0   -9   -9.0   -9   -9.0   -9   -9.0   -9 -99.0 -99.0 -99.0 -99.0 -99.0
20260809 172 -9.0    -9  34  4.2   45  34  5.4   43 -99.0 -99.0   -9 -99.0   -9 -99.0 -99.0  25.4  -9.0  -9.0   -9  -9.0  -9.0  -9.0 -9.00   -9.0   -9.0   -9.0   -9   -9.0   -9 -9.0 -9.0 13.7 -9.0 -9.00 -9.00   -9    0.0   -9.0 -9.00   -9.0   -9   -9.0   -9   -9.0   -9   -9.0   -9   -9.0   -9 -99.0 -99.0 -99.0 -99.0 -99.0
20260809 174 -9.0    -9  14  3.9  907  11  6.3   14 -99.0  29.0  918  24.5  637 -99.0 -99.0  24.5  -9.0  64.0  920  -9.0  -9.0  -9.0 -9.00   -9.0   -9.0 1005.1  810 1003.2  301 -9.0 -9.0 13.7 -9.0 -9.00 -9.00   -9   -9.0   -9.0 -9.00   -9.0   -9   -9.0   -9   -9.0   -9   -9.0   -9   -9.0   -9 -99.0 -99.0 -99.0 -99.0 -99.0
20260809 177 -9.0    -9   5  4.6   40   2  6.2   32 -99.0  26.3  901  23.6  527 -99.0 -99.0  22.7  -9.0  75.0  841  -9.0  -9.0  -9.0 -9.00   -9.0   -9.0 1007.6  930 1005.9  140 -9.0 -9.0 13.8 -9.0 -9.00 -9.00   -9   -9.0   -9.0 -9.00   -9.0   -9   -9.0   -9   -9.0   -9   -9.0   -9   -9.0   -9 -99.0 -99.0 -99.0 -99.0 -99.0
20260809 181 -9.0    -9   5  3.5  856   7  5.5  853 -99.0  25.1  939  22.5  446 -99.0 -99.0  22.2  -9.0  77.0  924  -9.0  -9.0  -9.0 -9.00   -9.0   -9.0 1009.4  931 1007.8  214 -9.0 -9.0 13.8 -9.0 -9.00 -9.00   -9   -9.0   -9.0 -9.00   -9.0   -9   -9.0   -9   -9.0   -9   -9.0   -9   -9.0   -9 -99.0 -99.0 -99.0 -99.0 -99.0
20260809 184 -9.0    -9  11  5.2  201  14 11.9  157 -99.0  29.3    2  25.6  732 -99.0 -99.0  25.2  -9.0  72.0  130  -9.0  -9.0  -9.0 -9.00   -9.0   -9.0 1005.0  707 1002.1  322 -9.0 -9.0 13.6 -9.0 -9.00 -9.00   -9    5.0   -9.0 -9.00    1.5  640    1.0  302   -9.0   -9   -9.0   -9   -9.0   -9 -99.0 -99.0 -99.0 -99.0 -99.0
20260809 185 -9.0    -9  11  9.2   42   9 15.0   18 -99.0  29.9    2  23.5  829 -99.0 -99.0  24.1  -9.0  53.0   51  -9.0  -9.0  -9.0 -9.00   -9.0   -9.0 1004.1  714 1001.3   28 -9.0 -9.0 13.6 -9.0 -9.00 -9.00   -9    5.2   -9.0 -9.00    1.9  612    0.5  647   -9.0   -9   -9.0   -9   -9.0   -9 -99.0 -99.0 -99.0 -99.0 -99.0
20260809 188 -9.0    -9   9  9.3  152   9 13.5  253 -99.0  29.5    9  26.0  709 -99.0 -99.0  23.5  -9.0  68.0  257  -9.0  -9.0  -9.0 -9.00   -9.0   -9.0 1005.5  713 1003.2  136 -9.0 -9.0 13.6 -9.0 -9.00 -9.00   -9    1.7   -9.0 -9.00    0.7  755    0.4  129   -9.0   -9   -9.0   -9   -9.0   -9 -99.0 -99.0 -99.0 -99.0 -99.0
20260809 189 -9.0    -9   7  6.7    6   7 11.5  924 -99.0  29.6   32  24.9  714 -99.0 -99.0  23.8  -9.0  70.0   32  -9.0  -9.0  -9.0 -9.00   -9.0   -9.0 1004.9  714 1002.7  128 -9.0 -9.0 13.6 -9.0 -9.00 -9.00   -9    3.6   -9.0 -9.00    1.4  215    0.4  246   -9.0   -9   -9.0   -9   -9.0   -9 -99.0 -99.0 -99.0 -99.0 -99.0
20260809 192 -9.0    -9  36  1.9  816   9  3.9  702 -99.0  28.6 2400  25.0  407 -99.0 -99.0  24.2  -9.0  72.0  937  -9.0  -9.0  -9.0 -9.00   -9.0   -9.0 1007.8  746 1006.0  254 -9.0 -9.0 13.7 -9.0 -9.00 -9.00   -9   -9.0   -9.0 -9.00   -9.0   -9   -9.0   -9   -9.0   -9   -9.0   -9   -9.0   -9 -99.0 -99.0 -99.0 -99.0 -99.0
20260809 201 -9.0    -9   5  5.0  110   7 10.4   33 -99.0  26.0  939  22.3  446 -99.0 -99.0  20.7  -9.0  57.0  854  -9.0  -9.0  -9.0 -9.00   -9.0   -9.0 1010.6  732 1009.2    1 -9.0 -9.0 13.9 -9.0 -9.00 -9.00   -9   -9.0   -9.0 -9.00   -9.0   -9   -9.0   -9   -9.0   -9   -9.0   -9   -9.0   -9 -99.0 -99.0 -99.0 -99.0 -99.0
20260809 202 -9.0    -9   7  2.6    1   9  4.8    8 -99.0  27.8  935  22.6  526 -99.0 -99.0  20.1  -9.0  57.0  939  -9.0  -9.0  -9.0 -9.00   -9.0   -9.0 1010.4  848 1008.9  228 -9.0 -9.0 13.8 -9.0 -9.00 -9.00   -9   -9.0   -9.0 -9.00   -9.0   -9   -9.0   -9   -9.0   -9   -9.0   -9   -9.0   -9 -99.0 -99.0 -99.0 -99.0 -99.0
20260809 203 -9.0    -9   2  1.9  413   2  5.7  434 -99.0  26.1  939  22.1  340 -99.0 -99.0  20.6  -9.0  65.0  813  -9.0  -9.0  -9.0 -9.00   -9.0   -9.0 1010.7  932 1009.3  313 -9.0 -9.0 13.8 -9.0 -9.00 -9.00   -9   -9.0   -9.0 -9.00   -9.0   -9   -9.0   -9   -9.0   -9   -9.0   -9   -9.0   -9 -99.0 -99.0 -99.0 -99.0 -99.0
20260809 211 -9.0    -9   2  5.9  933  36 10.9  857 -99.0  24.5  914  20.6  640 -99.0 -99.0  19.1  -9.0  59.0  236  -9.0  -9.0  -9.0 -9.00   -9.0   -9.0 1012.4  805 1011.2  333 -9.0 -9.0 13.9 -9.0 -9.00 -9.00   -9   -9.0   -9.0 -9.00   -9.0   -9   -9.0   -9   -9.0   -9   -9.0   -9   -9.0   -9 -99.0 -99.0 -99.0 -99.0 -99.0
20260809 212 -9.0    -9   7  2.6  834   7  5.1  833 -99.0  27.6  933  21.0  607 -99.0 -99.0  19.4  -9.0  58.0  819  -9.0  -9.0  -9.0 -9.00   -9.0   -9.0 1011.4  706 1010.2  327 -9.0 -9.0 13.8 -9.0 -9.00 -9.00   -9   -9.0   -9.0 -9.00   -9.0   -9   -9.0   -9   -9.0   -9   -9.0   -9   -9.0   -9 -99.0 -99.0 -99.0 -99.0 -99.0
20260809 216 -9.0    -9   7  2.7  758   7  6.6  406 -99.0  19.8  926  18.3   18 -99.0 -99.0  20.4  -9.0  96.0  408  -9.0  -9.0  -9.0 -9.00   -9.0   -9.0 1012.7  929 1010.7  319 -9.0 -9.0 13.8 -9.0 -9.00 -9.00   -9    5.1   -9.0 -9.00    1.4  310    0.5  924   -9.0   -9   -9.0   -9   -9.0   -9 -99.0 -99.0 -99.0 -99.0 -99.0
20260809 217 -9.0    -9  14  2.8  353  20  4.8  655 -99.0  24.9  856  21.0  230 -99.0 -99.0  21.7  -9.0  74.0  825  -9.0  -9.0  -9.0 -9.00   -9.0   -9.0 1012.1  935 1010.9  306 -9.0 -9.0 13.8 -9.0 -9.00 -9.00   -9   -9.0   -9.0 -9.00   -9.0   -9   -9.0   -9   -9.0   -9   -9.0   -9   -9.0   -9 -99.0 -99.0 -99.0 -99.0 -99.0
20260809 221 -9.0    -9   7  4.2   17   7  7.3    9 -99.0  25.6  933  21.7  214 -99.0 -99.0  20.3  -9.0  70.0  934  -9.0  -9.0  -9.0 -9.00   -9.0   -9.0 1010.4  919 1008.8  323 -9.0 -9.0 13.8 -9.0 -9.00 -9.00   -9   -9.0   -9.0 -9.00   -9.0   -9   -9.0   -9   -9.0   -9   -9.0   -9   -9.0   -9 -99.0 -99.0 -99.0 -99.0 -99.0
20260809 226 -9.0    -9  16  1.4   42  18  3.3   40 -99.0  26.2  938  21.9  444 -99.0 -99.0  20.7  -9.0  76.0  932  -9.0  -9.0  -9.0 -9.00   -9.0   -9.0 1009.3  923 1007.9  158 -9.0 -9.0 13.8 -9.0 -9.00 -9.00   -9   -9.0   -9.0 -9.00   -9.0   -9   -9.0   -9   -9.0   -9   -9.0   -9   -9.0   -9 -99.0 -99.0 -99.0 -99.0 -99.0
20260809 232 -9.0    -9   9  3.9  923   7  6.6    6 -99.0  26.4  911  23.2  538 -99.0 -99.0  21.9  -9.0  71.0  915  -9.0  -9.0  -9.0 -9.00   -9.0   -9.0 1010.0  940 1008.4  209 -9.0 -9.0 13.8 -9.0 -9.00 -9.00   -9   -9.0   -9.0 -9.00   -9.0   -9   -9.0   -9   -9.0   -9   -9.0   -9   -9.0   -9 -99.0 -99.0 -99.0 -99.0 -99.0
20260809 235 -9.0    -9   2  5.5  629   5  9.5  645 -99.0  29.4  933  26.7  358 -99.0 -99.0  24.7  -9.0  63.0  930  -9.0  -9.0  -9.0 -9.00   -9.0   -9.0 1007.2  937 1005.3  134 -9.0 -9.0 13.8 -9.0 -9.00 -9.00   -9   -9.0   -9.0 -9.00   -9.0   -9   -9.0   -9   -9.0   -9   -9.0   -9   -9.0   -9 -99.0 -99.0 -99.0 -99.0 -99.0
20260809 236 -9.0    -9  36  3.3  414  36  7.7  405 -99.0  27.0  927  24.4  457 -99.0 -99.0  23.5  -9.0  72.0  935  -9.0  -9.0  -9.0 -9.00   -9.0   -9.0 1008.6  919 1006.8  239 -9.0 -9.0 13.8 -9.0 -9.00 -9.00   -9   -9.0   -9.0 -9.00   -9.0   -9   -9.0   -9   -9.0   -9   -9.0   -9   -9.0   -9 -99.0 -99.0 -99.0 -99.0 -99.0
20260809 238 -9.0    -9  11  2.4  825  14  5.3  934 -99.0  28.5  938  25.8  355 -99.0 -99.0  23.8  -9.0  69.0  939  -9.0  -9.0  -9.0 -9.00   -9.0   -9.0 1007.9  915 1006.2  250 -9.0 -9.0 13.8 -9.0 -9.00 -9.00   -9   -9.0   -9.0 -9.00   -9.0   -9   -9.0   -9   -9.0   -9   -9.0   -9   -9.0   -9 -99.0 -99.0 -99.0 -99.0 -99.0
20260809 239 -9.0    -9   9  2.8  431   7  6.1  326 -99.0  26.3  939  23.7  619 -99.0 -99.0  23.1  -9.0  74.0  934  -9.0  -9.0  -9.0 -9.00   -9.0   -9.0 1008.4  822 1006.9  218 -9.0 -9.0 13.8 -9.0 -9.00 -9.00   -9   -9.0   -9.0 -9.00   -9.0   -9   -9.0   -9   -9.0   -9   -9.0   -9   -9.0   -9 -99.0 -99.0 -99.0 -99.0 -99.0
20260809 243 -9.0    -9   5  3.9  539   5  7.6  550 -99.0  29.3  930  25.6  219 -99.0 -99.0  23.2  -9.0  69.0  931  -9.0  -9.0  -9.0 -9.00   -9.0   -9.0 1007.5  939 1005.5  320 -9.0 -9.0 13.7 -9.0 -9.00 -9.00   -9   -9.0   -9.0 -9.00   -9.0   -9   -9.0   -9   -9.0   -9   -9.0   -9   -9.0   -9 -99.0 -99.0 -99.0 -99.0 -99.0
20260809 244 -9.0    -9  18  3.6   56  16  7.6   42 -99.0  28.9  919  24.3  605 -99.0 -99.0  23.4  -9.0  65.0  901  -9.0  -9.0  -9.0 -9.00   -9.0   -9.0 1006.8  736 1005.0  212 -9.0 -9.0 13.7 -9.0 -9.00 -9.00   -9   -9.0   -9.0 -9.00   -9.0   -9   -9.0   -9   -9.0   -9   -9.0   -9   -9.0   -9 -99.0 -99.0 -99.0 -99.0 -99.0
20260809 245 -9.0    -9  34  3.1  226   2  4.5  940 -99.0  29.2  936  25.1  341 -99.0 -99.0  23.7  -9.0  73.0  916  -9.0  -9.0  -9.0 -9.00   -9.0   -9.0 1006.9  805 1005.2  212 -9.0 -9.0 13.7 -9.0 -9.00 -9.00   -9   -9.0   -9.0 -9.00   -9.0   -9   -9.0   -9   -9.0   -9   -9.0   -9   -9.0   -9 -99.0 -99.0 -99.0 -99.0 -99.0
20260809 247 -9.0    -9   7  7.2  940   7 12.4  337 -99.0  29.4  931  27.4  621 -99.0 -99.0  26.8  -9.0  68.0  905  -9.0  -9.0  -9.0 -9.00   -9.0   -9.0 1006.5  809 1004.6  244 -9.0 -9.0 13.7 -9.0 -9.00 -9.00   -9   -9.0   -9.0 -9.00   -9.0   -9   -9.0   -9   -9.0   -9   -9.0   -9   -9.0   -9 -99.0 -99.0 -99.0 -99.0 -99.0
20260809 248 -9.0    -9   5  3.6  917   5  9.5  848 -99.0  27.8  908  25.2  615 -99.0 -99.0  23.7  -9.0  66.0  901  -9.0  -9.0  -9.0 -9.00   -9.0   -9.0 1007.7  916 1006.0  257 -9.0 -9.0 13.7 -9.0 -9.00 -9.00   -9   -9.0   -9.0 -9.00   -9.0   -9   -9.0   -9   -9.0   -9   -9.0   -9   -9.0   -9 -99.0 -99.0 -99.0 -99.0 -99.0
20260809 251 -9.0    -9   2  3.0  853   5  5.0  458 -99.0  28.7  935  24.9  554 -99.0 -99.0  24.3  -9.0  81.0  932  -9.0  -9.0  -9.0 -9.00   -9.0   -9.0 1006.5  739 1004.8  217 -9.0 -9.0 13.7 -9.0 -9.00 -9.00   -9   -9.0   -9.0 -9.00   -9.0   -9   -9.0   -9   -9.0   -9   -9.0   -9   -9.0   -9 -99.0 -99.0 -99.0 -99.0 -99.0
20260809 252 -9.0    -9  34  1.6  925  34  2.8  115 -99.0  28.1  932  24.7   26 -99.0 -99.0  23.7  -9.0  80.0  925  -9.0  -9.0  -9.0 -9.00   -9.0   -9.0 1006.4  919 1004.3  333 -9.0 -9.0 13.7 -9.0 -9.00 -9.00   -9   -9.0   -9.0 -9.00   -9.0   -9   -9.0   -9   -9.0   -9   -9.0   -9   -9.0   -9 -99.0 -99.0 -99.0 -99.0 -99.0
20260809 253 -9.0    -9  32  1.9  629  32  4.6  303 -99.0  29.2  837  27.0  437 -99.0 -99.0  26.1  -9.0  70.0    3  -9.0  -9.0  -9.0 -9.00   -9.0   -9.0 1008.6  921 1006.4  232 -9.0 -9.0 13.7 -9.0 -9.00 -9.00   -9   -9.0   -9.0 -9.00   -9.0   -9   -9.0   -9   -9.0   -9   -9.0   -9   -9.0   -9 -99.0 -99.0 -99.0 -99.0 -99.0
20260809 254 -9.0    -9  11  2.9  921  11  6.8  912 -99.0  30.2  906  25.5    9 -99.0 -99.0  24.4  -9.0  61.0  901  -9.0  -9.0  -9.0 -9.00   -9.0   -9.0 1007.0  833 1005.2  238 -9.0 -9.0 13.7 -9.0 -9.00 -9.00   -9   -9.0   -9.0 -9.00   -9.0   -9   -9.0   -9   -9.0   -9   -9.0   -9   -9.0   -9 -99.0 -99.0 -99.0 -99.0 -99.0
20260809 255 -9.0    -9  32  3.5  239  32  7.1  224 -99.0  30.1  906  27.7  532 -99.0 -99.0  25.3  -9.0  65.0    1  -9.0  -9.0  -9.0 -9.00   -9.0   -9.0 1007.3  733 1005.4  230 -9.0 -9.0 13.7 -9.0 -9.00 -9.00   -9   -9.0   -9.0 -9.00   -9.0   -9   -9.0   -9   -9.0   -9   -9.0   -9   -9.0   -9 -99.0 -99.0 -99.0 -99.0 -99.0
20260809 257 -9.0    -9   7  4.3  650   5 10.1  421 -99.0  28.9    1  27.2  435 -99.0 -99.0  25.9  -9.0  75.0    1  -9.0  -9.0  -9.0 -9.00   -9.0   -9.0 1008.1  928 1006.0  228 -9.0 -9.0 13.7 -9.0 -9.00 -9.00   -9   -9.0   -9.0 -9.00   -9.0   -9   -9.0   -9   -9.0   -9   -9.0   -9   -9.0   -9 -99.0 -99.0 -99.0 -99.0 -99.0
20260809 258 -9.0    -9  11  4.5  120  11  7.6  400 -99.0  29.4  940  27.2  343 -99.0 -99.0  25.2  -9.0  69.0  907  -9.0  -9.0  -9.0 -9.00   -9.0   -9.0 1007.0  810 1004.8  319 -9.0 -9.0 13.7 -9.0 -9.00 -9.00   -9   -9.0   -9.0 -9.00   -9.0   -9   -9.0   -9   -9.0   -9   -9.0   -9   -9.0   -9 -99.0 -99.0 -99.0 -99.0 -99.0
20260809 259 -9.0    -9   7  3.6   43   9  7.4  105 -99.0  29.5    1  27.9  607 -99.0 -99.0  25.6  -9.0  69.0    1  -9.0  -9.0  -9.0 -9.00   -9.0   -9.0 1005.9  757 1003.7  322 -9.0 -9.0 13.7 -9.0 -9.00 -9.00   -9   -9.0   -9.0 -9.00   -9.0   -9   -9.0   -9   -9.0   -9   -9.0   -9   -9.0   -9 -99.0 -99.0 -99.0 -99.0 -99.0
20260809 260 -9.0    -9  11  6.2    6  14 10.5  858 -99.0  29.4    1  27.7  501 -99.0 -99.0  26.1  -9.0  68.0    1  -9.0  -9.0  -9.0 -9.00   -9.0   -9.0 1005.9  818 1003.8  326 -9.0 -9.0 13.7 -9.0 -9.00 -9.00   -9   -9.0   -9.0 -9.00   -9.0   -9   -9.0   -9   -9.0   -9   -9.0   -9   -9.0   -9 -99.0 -99.0 -99.0 -99.0 -99.0
20260809 261 -9.0    -9   9  8.0  939   7 12.7  118 -99.0  29.4    3  27.8  611 -99.0 -99.0  27.2  -9.0  71.0    1  -9.0  -9.0  -9.0 -9.00   -9.0   -9.0 1005.8  733 1004.0  201 -9.0 -9.0 13.6 -9.0 -9.00 -9.00   -9   -9.0   -9.0 -9.00   -9.0   -9   -9.0   -9   -9.0   -9   -9.0   -9   -9.0   -9 -99.0 -99.0 -99.0 -99.0 -99.0
20260809 262 -9.0    -9   7  4.8  146  11 10.6  122 -99.0  29.3    1  27.8  538 -99.0 -99.0  26.9  -9.0  65.0    1  -9.0  -9.0  -9.0 -9.00   -9.0   -9.0 1006.3  742 1004.1  259 -9.0 -9.0 13.7 -9.0 -9.00 -9.00   -9   -9.0   -9.0 -9.00   -9.0   -9   -9.0   -9   -9.0   -9   -9.0   -9   -9.0   -9 -99.0 -99.0 -99.0 -99.0 -99.0
20260809 263 -9.0    -9   2  4.1  848   5  7.4  847 -99.0  30.1  937  27.1  324 -99.0 -99.0  26.0  -9.0  69.0  938  -9.0  -9.0  -9.0 -9.00   -9.0   -9.0 1007.9  751 1006.2  224 -9.0 -9.0 13.7 -9.0 -9.00 -9.00   -9   -9.0   -9.0 -9.00   -9.0   -9   -9.0   -9   -9.0   -9   -9.0   -9   -9.0   -9 -99.0 -99.0 -99.0 -99.0 -99.0
20260809 264 -9.0    -9  11  2.7  817   9  5.3  937 -99.0  29.7  939  25.4  558 -99.0 -99.0  24.3  -9.0  70.0  938  -9.0  -9.0  -9.0 -9.00   -9.0   -9.0 1008.1  746 1006.5  245 -9.0 -9.0 13.7 -9.0 -9.00 -9.00   -9   -9.0   -9.0 -9.00   -9.0   -9   -9.0   -9   -9.0   -9   -9.0   -9   -9.0   -9 -99.0 -99.0 -99.0 -99.0 -99.0
20260809 266 -9.0    -9   7  4.7  307   5 11.2  123 -99.0  29.7  935  27.4  607 -99.0 -99.0  26.7  -9.0  66.0  935  -9.0  -9.0  -9.0 -9.00   -9.0   -9.0 1007.5  823 1005.3  255 -9.0 -9.0 13.7 -9.0 -9.00 -9.00   -9   -9.0   -9.0 -9.00   -9.0   -9   -9.0   -9   -9.0   -9   -9.0   -9   -9.0   -9 -99.0 -99.0 -99.0 -99.0 -99.0
20260809 268 -9.0    -9   7  3.6   48   5  7.6  115 -99.0  29.6   10  28.1  728 -99.0 -99.0  25.5  -9.0  63.0   10  -9.0  -9.0  -9.0 -9.00   -9.0   -9.0 1004.3  928 1002.4  322 -9.0 -9.0 13.7 -9.0 -9.00 -9.00   -9   -9.0   -9.0 -9.00   -9.0   -9   -9.0   -9   -9.0   -9   -9.0   -9   -9.0   -9 -99.0 -99.0 -99.0 -99.0 -99.0
20260809 271 -9.0    -9  11  3.5  652   7  7.4  856 -99.0  26.1  931  24.0  533 -99.0 -99.0  22.1  -9.0  68.0  856  -9.0  -9.0  -9.0 -9.00   -9.0   -9.0 1010.5  837 1008.5  328 -9.0 -9.0 13.8 -9.0 -9.00 -9.00   -9   -9.0   -9.0 -9.00   -9.0   -9   -9.0   -9   -9.0   -9   -9.0   -9   -9.0   -9 -99.0 -99.0 -99.0 -99.0 -99.0
20260809 272 -9.0    -9  32  2.1  159  29  3.0  222 -99.0  26.4  934  21.3  506 -99.0 -99.0  20.4  -9.0  70.0  919  -9.0  -9.0  -9.0 -9.00   -9.0   -9.0 1010.0  920 1008.4  226 -9.0 -9.0 13.8 -9.0 -9.00 -9.00   -9   -9.0   -9.0 -9.00   -9.0   -9   -9.0   -9   -9.0   -9   -9.0   -9   -9.0   -9 -99.0 -99.0 -99.0 -99.0 -99.0
20260809 273 -9.0    -9  32  1.2   19  29  1.8   54 -99.0  26.2  936  21.5  447 -99.0 -99.0  20.4  -9.0  78.0  902  -9.0  -9.0  -9.0 -9.00   -9.0   -9.0 1009.4  933 1007.7  216 -9.0 -9.0 13.8 -9.0 -9.00 -9.00   -9   -9.0   -9.0 -9.00   -9.0   -9   -9.0   -9   -9.0   -9   -9.0   -9   -9.0   -9 -99.0 -99.0 -99.0 -99.0 -99.0
20260809 276 -9.0    -9   9  3.3  914   2  6.9  802 -99.0  27.3  851  24.1  157 -99.0 -99.0  22.8  -9.0  77.0  843  -9.0  -9.0  -9.0 -9.00   -9.0   -9.0 1009.6  925 1007.5  252 -9.0 -9.0 13.8 -9.0 -9.00 -9.00   -9   -9.0   -9.0 -9.00   -9.0   -9   -9.0   -9   -9.0   -9   -9.0   -9   -9.0   -9 -99.0 -99.0 -99.0 -99.0 -99.0
20260809 277 -9.0    -9   2  7.2  343   5 13.2  902 -99.0  25.6  809  23.6    2 -99.0 -99.0  23.0  -9.0  81.0  823  -9.0  -9.0  -9.0 -9.00   -9.0   -9.0 1010.7  919 1008.5  142 -9.0 -9.0 13.8 -9.0 -9.00 -9.00   -9   -9.0   -9.0 -9.00   -9.0   -9   -9.0   -9   -9.0   -9   -9.0   -9   -9.0   -9 -99.0 -99.0 -99.0 -99.0 -99.0
20260809 278 -9.0    -9   5  2.7  940   5  6.7  938 -99.0  28.9  922  24.1  547 -99.0 -99.0  22.9  -9.0  68.0  923  -9.0  -9.0  -9.0 -9.00   -9.0   -9.0 1008.8  930 1006.8  220 -9.0 -9.0 13.8 -9.0 -9.00 -9.00   -9   -9.0   -9.0 -9.00   -9.0   -9   -9.0   -9   -9.0   -9   -9.0   -9   -9.0   -9 -99.0 -99.0 -99.0 -99.0 -99.0
20260809 279 -9.0    -9   9  1.9  913   7  2.9  936 -99.0  28.1  832  24.7  602 -99.0 -99.0  24.4  -9.0  69.0  828  -9.0  -9.0  -9.0 -9.00   -9.0   -9.0 1009.3  922 1007.4  255 -9.0 -9.0 13.7 -9.0 -9.00 -9.00   -9   -9.0   -9.0 -9.00   -9.0   -9   -9.0   -9   -9.0   -9   -9.0   -9   -9.0   -9 -99.0 -99.0 -99.0 -99.0 -99.0
20260809 281 -9.0    -9  29  1.3  446  29  2.0  319 -99.0  26.8  928  24.1  418 -99.0 -99.0  23.6  -9.0  77.0  128  -9.0  -9.0  -9.0 -9.00   -9.0   -9.0 1009.7  931 1007.9  206 -9.0 -9.0 13.7 -9.0 -9.00 -9.00   -9   -9.0   -9.0 -9.00   -9.0   -9   -9.0   -9   -9.0   -9   -9.0   -9   -9.0   -9 -99.0 -99.0 -99.0 -99.0 -99.0
20260809 283 -9.0    -9   5  5.0  656   5  8.9  654 -99.0  26.7  940  24.6  106 -99.0 -99.0  23.7  -9.0  82.0  654  -9.0  -9.0  -9.0 -9.00   -9.0   -9.0 1009.9  925 1008.1  249 -9.0 -9.0 13.7 -9.0 -9.00 -9.00   -9    0.0   -9.0 -9.00   -9.0   -9   -9.0   -9   -9.0   -9   -9.0   -9   -9.0   -9 -99.0 -99.0 -99.0 -99.0 -99.0
20260809 284 -9.0    -9   7  3.8  938   7  7.0  426 -99.0  29.4  931  25.2  613 -99.0 -99.0  23.5  -9.0  71.0  908  -9.0  -9.0  -9.0 -9.00   -9.0   -9.0 1008.5  820 1006.6  235 -9.0 -9.0 13.7 -9.0 -9.00 -9.00   -9   -9.0   -9.0 -9.00   -9.0   -9   -9.0   -9   -9.0   -9   -9.0   -9   -9.0   -9 -99.0 -99.0 -99.0 -99.0 -99.0
20260809 285 -9.0    -9   7  3.3  937   7  5.7  905 -99.0  29.4  935  26.5  501 -99.0 -99.0  26.1  -9.0  69.0  922  -9.0  -9.0  -9.0 -9.00   -9.0   -9.0 1008.5  833 1006.6  257 -9.0 -9.0 13.7 -9.0 -9.00 -9.00   -9   -9.0   -9.0 -9.00   -9.0   -9   -9.0   -9   -9.0   -9   -9.0   -9   -9.0   -9 -99.0 -99.0 -99.0 -99.0 -99.0
20260809 288 -9.0    -9   5  3.9   24  23  7.4  525 -99.0  29.8  930  27.4  508 -99.0 -99.0  27.2  -9.0  68.0  849  -9.0  -9.0  -9.0 -9.00   -9.0   -9.0 1006.6  925 1005.0  228 -9.0 -9.0 13.7 -9.0 -9.00 -9.00   -9   -9.0   -9.0 -9.00   -9.0   -9   -9.0   -9   -9.0   -9   -9.0   -9   -9.0   -9 -99.0 -99.0 -99.0 -99.0 -99.0
20260809 289 -9.0    -9  20  1.9  927  20  3.7  924 -99.0  28.4  934  25.6  601 -99.0 -99.0  23.2  -9.0  71.0  931  -9.0  -9.0  -9.0 -9.00   -9.0   -9.0 1009.0  841 1007.1  241 -9.0 -9.0 13.7 -9.0 -9.00 -9.00   -9   -9.0   -9.0 -9.00   -9.0   -9   -9.0   -9   -9.0   -9   -9.0   -9   -9.0   -9 -99.0 -99.0 -99.0 -99.0 -99.0
20260809 294 -9.0    -9   9  2.7  630   7  6.8  628 -99.0  28.7    1  27.3  407 -99.0 -99.0  26.4  -9.0  71.0    4  -9.0  -9.0  -9.0 -9.00   -9.0   -9.0 1008.2  935 1006.0  226 -9.0 -9.0 13.7 -9.0 -9.00 -9.00   -9   -9.0   -9.0 -9.00   -9.0   -9   -9.0   -9   -9.0   -9   -9.0   -9   -9.0   -9 -99.0 -99.0 -99.0 -99.0 -99.0
20260809 295 -9.0    -9   9  3.4    4   2  6.3  240 -99.0  29.0    1  26.7  532 -99.0 -99.0  26.4  -9.0  74.0   40  -9.0  -9.0  -9.0 -9.00   -9.0   -9.0 1007.6  813 1005.4  219 -9.0 -9.0 13.7 -9.0 -9.00 -9.00   -9   -9.0   -9.0 -9.00   -9.0   -9   -9.0   -9   -9.0   -9   -9.0   -9   -9.0   -9 -99.0 -99.0 -99.0 -99.0 -99.0
20260809 296 -9.0    -9   2  5.7  404   5  9.4  902 -99.0  28.8    1  27.1  513 -99.0 -99.0  25.8  -9.0  75.0    1  -9.0  -9.0  -9.0 -9.00   -9.0   -9.0 1007.1  919 1005.0  226 -9.0 -9.0 13.7 -9.0 -9.00 -9.00   -9   -9.0   -9.0 -9.00   -9.0   -9   -9.0   -9   -9.0   -9   -9.0   -9   -9.0   -9 -99.0 -99.0 -99.0 -99.0 -99.0
#7777END
